#!ascii label  , from subject sub-v1s11x0050165_ses-1 vox2ras=TkReg
5961
113065  -10.946  -29.697  57.536 0.1000000015
36030  -12.146  -30.425  55.051 0.1000000015
36847  -10.182  -29.307  57.234 0.1000000015
37731  -9.320  -28.837  56.830 0.1000000015
36848  -10.801  -29.369  56.395 0.1000000015
37732  -10.667  -29.049  55.425 0.1000000015
36858  -11.204  -29.306  54.768 0.1000000015
37776  -11.243  -29.165  53.436 0.1000000015
122105  -10.858  -28.754  52.999 0.1000000015
37788  -11.305  -29.147  52.648 0.1000000015
37787  -10.725  -28.508  52.263 0.1000000015
37799  -11.344  -29.065  51.778 0.1000000015
109983  -11.356  -28.937  50.898 0.1000000015
113189  -16.693  -29.689  46.660 0.2000000030
36117  -15.796  -29.918  45.172 0.2000000030
105436  -14.928  -29.937  44.502 0.2000000030
41149  -4.944  -24.483  60.706 0.2000000030
41151  -5.746  -24.215  60.716 0.3000000119
114774  -5.872  -26.884  57.242 0.1000000015
40292  -5.549  -26.344  58.221 0.1000000015
40293  -5.983  -25.544  58.777 0.2000000030
41159  -6.646  -24.023  60.457 0.3000000119
39463  -6.538  -26.771  56.438 0.1000000015
39448  -6.441  -25.948  57.341 0.1000000015
41158  -6.336  -24.791  59.656 0.3000000119
38592  -6.817  -27.520  56.059 0.1000000015
37730  -8.643  -28.443  55.980 0.1000000015
37747  -7.079  -28.034  55.999 0.1000000015
38593  -7.516  -27.612  55.454 0.1000000015
38594  -8.231  -28.104  55.399 0.2000000030
37749  -9.927  -28.588  55.230 0.1000000015
36873  -11.095  -29.081  54.089 0.1000000015
37762  -9.644  -28.273  54.473 0.1000000015
37774  -10.026  -28.286  53.780 0.1000000015
38630  -9.711  -27.562  52.497 0.3000000119
38620  -10.266  -28.250  52.970 0.1000000015
123782  -10.216  -28.039  52.352 0.1000000015
112839  -10.213  -27.823  51.728 0.1000000015
37798  -10.838  -28.442  51.378 0.1000000015
38659  -9.945  -27.283  50.975 0.1000000015
122281  -10.861  -28.326  50.613 0.1000000015
37819  -10.830  -28.151  49.842 0.1000000015
36105  -17.499  -29.712  47.043 0.2000000030
125697  -16.296  -29.165  45.355 0.2000000030
36968  -17.062  -29.362  46.447 0.2000000030
36118  -16.593  -29.435  45.939 0.2000000030
36994  -15.677  -29.297  44.820 0.2000000030
43019  -8.168  -22.059  61.494 0.3000000119
40294  -6.774  -25.035  58.139 0.3000000119
42161  -7.544  -23.860  59.927 0.3000000119
42147  -7.727  -22.550  61.185 0.3000000119
40302  -7.218  -25.185  56.919 0.2000000030
106559  -7.181  -24.441  59.043 0.3000000119
42153  -7.968  -23.182  60.685 0.3000000119
39464  -7.028  -25.992  56.188 0.2000000030
41166  -7.561  -24.535  57.673 0.3000000119
42162  -8.354  -23.563  59.299 0.3000000119
39481  -7.118  -26.814  55.660 0.2000000030
41167  -7.904  -23.978  58.417 0.3000000119
42170  -8.605  -23.596  57.889 0.3000000119
38607  -8.316  -27.562  54.786 0.2000000030
111656  -7.491  -26.120  55.347 0.2000000030
122330  -8.147  -24.570  55.865 0.2000000030
41175  -8.165  -23.988  57.210 0.3000000119
38618  -8.718  -27.315  54.056 0.2000000030
104050  -8.208  -26.201  54.101 0.2000000030
41182  -8.520  -24.176  55.412 0.3000000119
42198  -8.988  -23.731  54.858 0.3000000119
38619  -9.357  -27.794  53.874 0.2000000030
39526  -8.514  -26.662  53.685 0.3000000119
40330  -8.486  -25.743  53.585 0.3000000119
41189  -8.588  -24.414  54.559 0.3000000119
105884  -9.669  -27.834  53.264 0.3000000119
39547  -8.759  -26.314  52.987 0.3000000119
123979  -8.934  -25.920  52.363 0.3000000119
39548  -9.156  -26.715  52.374 0.3000000119
40356  -9.068  -25.240  52.105 0.3000000119
119288  -9.540  -26.567  51.014 0.2000000030
116292  -10.390  -27.613  50.361 0.1000000015
38674  -10.370  -27.268  49.536 0.3000000119
37828  -10.823  -27.933  48.983 0.2000000030
38686  -10.452  -26.975  48.663 0.3000000119
38696  -10.980  -27.121  47.192 0.2000000030
37855  -11.657  -27.750  45.943 0.1000000015
37856  -12.087  -28.149  45.235 0.1000000015
36992  -13.311  -28.856  44.236 0.1000000015
37873  -15.170  -28.886  44.300 0.2000000030
36993  -14.137  -29.411  44.241 0.1000000015
43030  -9.591  -22.632  61.332 0.3000000119
43037  -8.891  -23.088  60.274 0.3000000119
42163  -9.169  -23.249  58.762 0.3000000119
43038  -9.834  -23.050  59.994 0.3000000119
124497  -25.876  -28.989  57.088 0.6000000238
37739  -26.543  -28.690  57.262 0.5000000000
37724  -26.957  -27.843  57.566 0.4000000060
37740  -27.447  -28.610  57.003 0.4000000060
108222  -8.384  -24.056  56.261 0.3000000119
42178  -8.741  -23.575  56.777 0.3000000119
36850  -26.350  -29.468  56.358 0.8000000119
37741  -28.412  -28.565  56.759 0.4000000060
42187  -8.875  -23.670  55.829 0.3000000119
36860  -25.345  -29.628  55.115 0.8999999762
37755  -25.586  -29.404  56.252 0.8000000119
36862  -26.902  -29.887  55.571 0.8000000119
36851  -27.113  -29.322  56.397 0.6000000238
36852  -27.805  -29.183  56.371 0.4000000060
41198  -8.721  -24.748  53.608 0.3000000119
42213  -9.010  -23.980  53.976 0.4000000060
37767  -24.495  -29.117  54.692 0.8999999762
36861  -26.140  -29.947  55.412 0.8000000119
36863  -27.636  -29.621  55.700 0.6999999881
41219  -9.079  -24.619  52.726 0.4000000060
123005  -9.144  -24.153  53.280 0.4000000060
42214  -9.517  -23.601  53.457 0.4000000060
36875  -25.258  -29.764  54.020 0.8999999762
36876  -25.913  -30.172  54.415 0.8999999762
36877  -26.670  -30.176  54.719 0.8000000119
36878  -27.418  -29.972  54.889 0.8000000119
40378  -9.299  -25.183  51.294 0.3000000119
41220  -9.370  -24.404  51.856 0.4000000060
36889  -25.263  -29.913  52.950 0.8999999762
36891  -26.506  -30.224  53.686 0.8999999762
124267  -27.029  -30.149  54.329 0.8999999762
39575  -9.471  -25.840  50.735 0.3000000119
40400  -9.536  -25.046  50.499 0.4000000060
122744  -25.889  -30.274  52.983 0.8999999762
36904  -26.380  -30.148  52.591 0.8999999762
39591  -10.123  -26.305  49.281 0.3000000119
124674  -10.178  -24.925  49.132 0.3000000119
36903  -25.682  -30.164  52.233 0.8999999762
36917  -26.910  -29.631  52.108 0.8999999762
39617  -10.732  -26.139  47.452 0.3000000119
36915  -25.450  -30.052  51.371 0.8999999762
36916  -26.189  -30.040  51.707 0.8999999762
37802  -26.669  -29.409  51.265 1.0000000000
38702  -11.341  -27.029  46.261 0.1000000015
36926  -25.913  -29.885  50.890 1.0000000000
37812  -27.171  -28.594  50.810 1.0000000000
39626  -11.516  -26.201  45.862 0.2000000030
38712  -11.705  -27.069  45.429 0.1000000015
36942  -25.644  -29.800  50.058 1.0000000000
37823  -26.198  -29.000  49.611 1.0000000000
37824  -26.950  -28.351  49.978 1.0000000000
36991  -12.632  -28.976  44.846 0.1000000015
37870  -12.697  -28.096  44.362 0.1000000015
36106  -18.126  -29.918  46.656 0.2000000030
38676  -26.702  -28.063  49.174 1.0000000000
37872  -14.225  -28.531  43.913 0.1000000015
36995  -16.317  -28.699  44.888 0.2000000030
36119  -17.541  -29.461  46.204 0.2000000030
37832  -25.950  -28.777  48.758 1.0000000000
38691  -27.300  -27.415  48.699 1.0000000000
36982  -16.852  -28.992  45.617 0.2000000030
38690  -26.486  -27.833  48.345 1.0000000000
38700  -27.191  -27.179  47.952 1.0000000000
43020  -9.778  -21.872  62.078 0.4000000060
43031  -10.678  -22.765  61.375 0.4000000060
43025  -10.325  -22.122  62.045 0.4000000060
37720  -23.220  -28.277  58.770 0.4000000060
37735  -22.632  -28.538  57.837 0.5000000000
43047  -10.057  -22.908  58.253 0.4000000060
115850  -24.120  -28.771  56.943 0.5000000000
37738  -25.738  -28.344  57.776 0.5000000000
37723  -26.245  -27.956  57.847 0.3000000119
37737  -25.112  -28.749  57.401 0.6999999881
38575  -26.350  -27.295  57.654 0.3000000119
37725  -27.839  -27.731  57.238 0.3000000119
38588  -30.479  -27.367  56.629 0.4000000060
116425  -31.297  -27.821  56.497 0.5000000000
42188  -9.399  -23.311  55.445 0.3000000119
42179  -9.351  -23.256  56.357 0.4000000060
37754  -24.717  -29.204  56.011 0.6999999881
38586  -28.701  -27.546  57.082 0.4000000060
43063  -9.902  -22.944  55.925 0.4000000060
43077  -9.890  -22.972  55.049 0.4000000060
122405  -24.034  -28.700  54.009 0.8000000119
117371  -28.425  -29.332  55.970 0.5000000000
118157  -29.361  -28.878  56.302 0.5000000000
43092  -9.882  -23.136  54.161 0.4000000060
111846  -28.201  -29.616  55.218 0.8000000119
36864  -29.088  -29.353  55.439 0.6000000238
41242  -9.528  -24.564  51.061 0.4000000060
107349  -9.777  -23.513  52.727 0.4000000060
42228  -10.341  -23.278  52.351 0.4000000060
37790  -24.453  -29.198  52.529 0.8999999762
36892  -27.476  -29.853  53.983 0.8999999762
36893  -28.339  -29.453  54.059 0.8999999762
36879  -28.756  -29.472  54.743 0.8999999762
41264  -9.809  -24.331  50.469 0.4000000060
42242  -10.248  -23.500  51.514 0.4000000060
37801  -24.460  -29.361  51.508 0.8999999762
36905  -27.144  -29.770  53.008 0.8999999762
36906  -27.958  -29.367  53.292 1.0000000000
37780  -28.770  -28.999  53.480 0.8999999762
39606  -10.395  -25.979  48.358 0.3000000119
37791  -27.663  -29.135  52.469 1.0000000000
37792  -28.476  -28.733  52.743 1.0000000000
40460  -10.970  -25.564  47.077 0.4000000060
36924  -24.756  -30.066  50.022 0.8999999762
37813  -27.981  -28.082  51.116 1.0000000000
40470  -11.417  -25.389  46.435 0.3000000119
36940  -24.488  -30.060  49.178 0.8999999762
38662  -27.745  -27.813  50.276 1.0000000000
39635  -11.975  -26.192  45.003 0.2000000030
36950  -24.740  -30.109  48.793 1.0000000000
38727  -13.614  -27.144  43.631 0.1000000015
104343  -24.765  -29.271  47.152 1.0000000000
37839  -24.850  -29.633  47.720 1.0000000000
38677  -27.514  -27.605  49.462 1.0000000000
113872  -15.898  -28.263  44.301 0.2000000030
36983  -17.165  -29.026  45.615 0.2000000030
112052  -18.134  -29.909  45.799 0.2000000030
37861  -24.828  -28.189  45.790 1.0000000000
37847  -24.658  -28.894  46.436 1.0000000000
37840  -25.607  -28.684  47.819 1.0000000000
37857  -16.940  -28.619  45.055 0.2000000030
38732  -24.252  -28.334  44.629 1.0000000000
38704  -25.364  -27.842  46.348 1.0000000000
38699  -26.336  -27.541  47.505 1.0000000000
38706  -27.159  -26.864  47.181 1.0000000000
36996  -17.244  -28.671  44.758 0.2000000030
36126  -17.673  -29.321  45.230 0.2000000030
39652  -24.815  -27.050  44.323 1.0000000000
39638  -25.927  -26.713  45.322 1.0000000000
38705  -26.233  -27.165  46.600 1.0000000000
39653  -25.746  -26.536  44.674 1.0000000000
117833  -24.941  -26.464  43.675 0.8999999762
108325  -25.545  -26.347  44.056 1.0000000000
39700  -23.935  -26.411  42.307 0.8999999762
118583  -25.066  -26.002  43.153 1.0000000000
39670  -25.729  -25.930  43.487 1.0000000000
40549  -24.489  -25.560  41.852 0.8999999762
40564  -24.242  -25.244  41.230 0.8999999762
41445  -25.067  -25.017  41.304 0.8000000119
35477  -20.164  -31.546  35.614 0.3000000119
41460  -24.575  -24.708  40.534 0.8000000119
43032  -11.728  -23.117  61.479 0.5000000000
43040  -11.519  -23.604  59.843 0.5000000000
113982  -21.688  -28.536  57.857 0.5000000000
118120  -10.981  -23.146  58.305 0.5000000000
105238  -22.149  -28.490  56.655 0.5000000000
37736  -23.454  -28.548  57.642 0.6000000238
37722  -24.949  -28.134  58.318 0.6000000238
43048  -10.582  -22.887  57.322 0.5000000000
43039  -10.741  -23.231  59.855 0.5000000000
37752  -22.634  -28.487  56.020 0.6000000238
38574  -25.612  -27.763  58.086 0.3000000119
43056  -11.275  -23.043  56.008 0.6999999881
106937  -23.023  -28.452  55.367 0.6999999881
37766  -23.591  -28.565  54.651 0.8000000119
39460  -25.587  -27.340  57.842 0.3000000119
39476  -26.854  -26.814  57.039 0.3000000119
121724  -27.691  -26.724  56.850 0.3000000119
38585  -28.141  -26.982  57.084 0.3000000119
38587  -29.536  -27.390  56.957 0.2000000030
38601  -31.479  -27.108  56.261 0.4000000060
43078  -10.518  -22.840  54.662 0.4000000060
43065  -11.233  -22.920  55.116 0.4000000060
124410  -26.448  -26.615  56.474 0.3000000119
39492  -27.176  -26.507  56.079 0.3000000119
39493  -28.103  -26.530  56.191 0.2000000030
36853  -30.209  -28.759  56.192 0.4000000060
37743  -30.751  -28.315  56.415 0.5000000000
37744  -32.064  -27.902  56.379 0.6000000238
43103  -10.925  -22.976  53.063 0.4000000060
43094  -11.407  -23.029  53.820 0.5000000000
122660  -23.770  -28.434  52.610 0.8000000119
39513  -27.722  -26.401  55.215 0.2000000030
36880  -29.755  -29.253  54.891 0.8000000119
36881  -30.733  -29.057  55.190 0.8000000119
36867  -31.637  -28.853  55.643 0.8000000119
37771  -32.456  -28.710  55.313 0.8000000119
123710  -10.689  -23.241  51.804 0.4000000060
42229  -11.347  -23.160  52.207 0.4000000060
36894  -29.211  -29.183  54.178 0.8999999762
37769  -30.812  -28.819  54.444 0.8000000119
37770  -31.620  -28.864  54.882 0.8000000119
41284  -10.403  -24.394  49.190 0.4000000060
42277  -10.684  -23.771  49.676 0.4000000060
37800  -23.906  -28.644  51.075 0.8999999762
37781  -29.620  -28.702  53.535 0.8000000119
37782  -30.624  -28.462  53.483 0.8000000119
41332  -10.771  -24.748  47.937 0.4000000060
41307  -10.753  -24.330  48.480 0.4000000060
37809  -23.854  -28.767  50.229 0.8999999762
37804  -28.244  -28.397  51.946 1.0000000000
37805  -29.213  -28.066  52.210 1.0000000000
37793  -29.956  -28.227  52.772 1.0000000000
41333  -11.119  -24.881  47.262 0.5000000000
37822  -24.222  -29.629  49.698 0.8999999762
38647  -28.898  -27.744  51.316 1.0000000000
40477  -12.242  -25.482  45.109 0.4000000060
36948  -23.884  -29.980  48.240 0.8999999762
36949  -24.165  -30.079  48.449 0.8999999762
38678  -28.392  -27.266  49.624 1.0000000000
39650  -12.573  -26.376  44.269 0.1000000015
36957  -24.000  -30.078  47.790 0.8999999762
36958  -24.430  -30.038  48.064 0.8999999762
38740  -14.248  -26.950  43.493 0.1000000015
37845  -23.653  -29.506  46.131 1.0000000000
37838  -24.176  -29.965  47.392 0.8999999762
37831  -25.206  -29.632  48.348 0.8999999762
38692  -28.086  -27.086  48.892 1.0000000000
38741  -15.080  -27.059  43.469 0.1000000015
124805  -18.967  -32.105  46.376 0.2000000030
37860  -23.936  -29.423  45.717 1.0000000000
39609  -27.913  -26.741  47.685 1.0000000000
37874  -16.597  -28.260  44.427 0.2000000030
35356  -18.423  -30.966  45.277 0.2000000030
116473  -18.681  -31.541  45.848 0.2000000030
33883  -19.149  -33.551  45.553 0.2000000030
37878  -23.653  -29.327  44.878 1.0000000000
124840  -24.327  -28.658  45.211 1.0000000000
37885  -16.767  -27.766  43.784 0.2000000030
36127  -18.118  -30.306  44.773 0.2000000030
38746  -24.119  -28.016  44.050 1.0000000000
39639  -26.528  -26.662  45.798 1.0000000000
39629  -27.239  -26.586  46.334 1.0000000000
113236  -17.842  -29.856  44.295 0.2000000030
38745  -23.677  -28.266  43.405 0.8999999762
39669  -24.370  -27.224  43.722 0.8999999762
39654  -26.781  -26.271  44.992 1.0000000000
119118  -27.316  -26.361  45.616 1.0000000000
39655  -27.801  -26.032  45.094 1.0000000000
39698  -22.666  -28.301  41.339 0.8999999762
39699  -23.275  -27.318  41.846 0.8999999762
39687  -24.299  -26.752  43.089 0.8999999762
39672  -27.563  -25.797  44.354 1.0000000000
39708  -21.870  -27.974  40.128 0.8000000119
39710  -23.001  -26.693  41.112 0.8000000119
40512  -25.752  -25.609  42.684 1.0000000000
33215  -19.624  -34.008  37.725 0.3000000119
38795  -20.667  -27.798  38.803 0.6000000238
39718  -21.613  -27.057  39.518 0.8000000119
40562  -22.692  -26.007  40.342 0.8000000119
40563  -23.535  -25.381  40.702 0.8000000119
108615  -25.404  -25.369  41.955 0.8999999762
34751  -19.667  -32.674  36.457 0.3000000119
37955  -19.506  -28.679  36.664 0.5000000000
116220  -19.700  -27.932  37.097 0.6000000238
39728  -20.380  -26.956  38.040 0.6999999881
40579  -22.421  -25.548  39.536 0.8000000119
41459  -23.806  -24.659  40.029 0.8000000119
40550  -26.079  -25.114  41.292 0.8999999762
107687  -19.434  -30.121  35.831 0.3000000119
37971  -19.626  -28.761  36.008 0.6000000238
39734  -20.327  -26.411  37.058 0.6000000238
41497  -21.926  -24.939  38.116 0.6000000238
41478  -22.761  -24.731  39.095 0.6999999881
41479  -23.558  -24.412  39.283 0.8000000119
41461  -25.655  -24.776  40.626 0.8999999762
37972  -20.058  -28.604  35.552 0.4000000060
40602  -20.620  -25.966  36.254 0.5000000000
40596  -20.868  -25.556  36.929 0.5000000000
115047  -22.423  -24.428  37.934 0.5000000000
104079  -24.169  -24.088  38.710 0.6000000238
39757  -21.036  -26.504  35.002 0.4000000060
40608  -21.529  -25.167  35.425 0.4000000060
41536  -22.243  -24.270  36.488 0.4000000060
42424  -23.640  -23.732  37.233 0.5000000000
40635  -21.921  -26.114  33.897 0.4000000060
41578  -22.554  -24.659  34.568 0.5000000000
42450  -22.841  -23.893  35.862 0.5000000000
118053  -21.505  -28.324  59.181 0.3000000119
37719  -22.377  -28.319  59.027 0.3000000119
37708  -22.858  -28.011  59.317 0.3000000119
118093  -12.108  -23.965  59.830 0.6000000238
42172  -11.675  -23.559  58.382 0.6999999881
104295  -21.237  -28.395  56.494 0.5000000000
42180  -11.926  -23.601  57.457 0.6999999881
38599  -20.323  -27.793  55.085 0.6000000238
38613  -21.236  -27.850  54.922 0.5000000000
37710  -24.128  -27.948  58.780 0.2000000030
42189  -11.812  -23.317  55.563 0.6000000238
37764  -21.964  -28.259  55.436 0.6999999881
38573  -24.852  -27.630  58.354 0.2000000030
39497  -32.193  -26.829  55.998 0.4000000060
39498  -33.047  -27.274  56.001 0.5000000000
42200  -11.803  -23.240  54.626 0.5000000000
42190  -12.352  -23.683  55.264 0.6999999881
105169  -20.960  -27.563  54.235 0.8000000119
38625  -22.534  -27.775  53.650 0.8000000119
39491  -25.709  -26.605  56.155 0.3000000119
39514  -28.554  -26.437  55.384 0.2000000030
39494  -28.943  -26.614  56.306 0.2000000030
39478  -29.656  -26.906  56.559 0.2000000030
38602  -32.378  -27.347  56.215 0.4000000060
38604  -33.587  -27.870  55.865 0.6999999881
37758  -33.969  -28.138  55.522 0.6000000238
119617  -12.062  -23.368  53.882 0.4000000060
38624  -21.516  -27.408  53.414 0.8000000119
106955  -26.250  -26.430  55.329 0.3000000119
107033  -33.279  -28.340  55.677 0.8000000119
37759  -34.464  -28.122  55.192 0.8000000119
42216  -11.819  -23.290  53.130 0.4000000060
42230  -12.397  -23.599  52.497 0.5000000000
38633  -22.433  -27.449  52.645 0.8000000119
116452  -23.322  -27.844  52.249 0.8000000119
42243  -11.066  -23.189  51.187 0.4000000060
38645  -22.644  -27.181  51.024 0.8999999762
38646  -23.381  -27.827  51.449 0.8000000119
37783  -31.528  -28.573  53.935 0.8000000119
111439  -32.379  -28.628  54.384 0.8999999762
104819  -33.220  -28.572  54.789 0.8000000119
42292  -10.857  -23.871  49.004 0.4000000060
42278  -11.458  -23.606  49.330 0.4000000060
39580  -22.134  -26.673  50.231 0.8999999762
38661  -23.402  -27.880  50.627 0.8999999762
37794  -31.470  -28.209  53.131 0.8999999762
42293  -11.324  -23.857  48.531 0.4000000060
38648  -29.832  -27.576  51.399 1.0000000000
41374  -11.858  -24.959  46.048 0.4000000060
120590  -11.571  -24.372  47.368 0.5000000000
37821  -23.740  -28.894  49.408 0.8999999762
38663  -28.661  -27.500  50.446 1.0000000000
41388  -12.798  -25.108  44.856 0.4000000060
41356  -12.411  -24.580  46.217 0.5000000000
38697  -23.260  -28.712  47.252 0.8999999762
37830  -23.652  -29.149  48.562 0.8999999762
38679  -29.329  -26.990  49.722 1.0000000000
40490  -13.020  -25.631  44.140 0.1000000015
112755  -23.668  -29.605  47.641 0.8999999762
125233  -29.587  -26.685  48.944 1.0000000000
39665  -13.856  -26.464  43.541 0.1000000015
36969  -23.937  -29.889  47.037 0.8999999762
39610  -28.483  -26.738  48.255 1.0000000000
39595  -28.886  -26.811  48.949 1.0000000000
32322  -19.476  -34.948  45.989 0.2000000030
37876  -22.946  -29.590  44.728 0.8999999762
39621  -28.716  -26.514  47.476 1.0000000000
122299  -27.813  -26.967  48.307 1.0000000000
38728  -15.999  -27.696  43.833 0.2000000030
117806  -18.600  -32.078  44.930 0.2000000030
37877  -23.147  -29.609  44.526 1.0000000000
104420  -28.887  -26.246  46.627 1.0000000000
105051  -28.021  -26.512  46.867 1.0000000000
37886  -17.186  -28.163  43.945 0.2000000030
35363  -18.250  -31.319  44.315 0.2000000030
33889  -18.617  -32.951  44.326 0.2000000030
125586  -23.105  -29.375  43.437 1.0000000000
105623  -28.165  -26.207  45.909 1.0000000000
107073  -17.647  -29.183  44.352 0.2000000030
38752  -23.057  -29.122  42.787 0.8999999762
40493  -28.486  -25.612  43.769 1.0000000000
38777  -22.114  -29.047  40.832 0.8999999762
38764  -22.894  -28.825  42.047 0.8999999762
40514  -27.504  -25.603  43.464 1.0000000000
33194  -18.709  -34.188  38.819 0.3000000119
38786  -21.258  -28.251  39.602 0.8000000119
125846  -26.634  -25.461  42.425 0.8999999762
34736  -18.712  -32.568  37.166 0.3000000119
38806  -20.005  -28.241  38.292 0.6000000238
125263  -26.647  -25.302  41.460 1.0000000000
106920  -27.191  -25.408  41.711 1.0000000000
35458  -18.846  -31.787  36.561 0.3000000119
36184  -18.984  -30.133  36.593 0.4000000060
37940  -19.512  -28.838  37.620 0.6000000238
40565  -26.453  -25.038  40.555 0.8999999762
36199  -19.040  -30.912  36.112 0.3000000119
35476  -19.444  -31.582  35.937 0.3000000119
108039  -25.396  -24.561  39.911 0.8999999762
42411  -24.499  -24.014  37.772 0.6000000238
41500  -25.147  -24.395  38.436 0.8999999762
42425  -24.489  -23.962  36.940 0.5000000000
42451  -23.590  -23.792  35.768 0.5000000000
40279  -14.638  -24.865  61.314 0.6000000238
37717  -19.992  -28.512  58.409 0.4000000060
37706  -20.664  -28.227  59.385 0.2000000030
37733  -19.408  -28.441  57.224 0.5000000000
37718  -20.871  -28.521  58.294 0.3000000119
124343  -21.334  -28.075  59.525 0.2000000030
37707  -21.968  -27.997  59.519 0.3000000119
41168  -12.797  -24.532  58.453 0.6999999881
37734  -20.387  -28.451  57.064 0.4000000060
41176  -12.717  -24.139  56.028 0.6999999881
42181  -12.415  -23.991  57.106 0.6999999881
37750  -19.780  -28.200  56.098 0.6000000238
37751  -20.536  -28.243  55.996 0.6000000238
38566  -23.411  -27.754  59.148 0.2000000030
38622  -19.345  -27.321  53.916 0.6999999881
39458  -23.651  -27.248  58.534 0.2000000030
39459  -24.394  -27.202  58.094 0.2000000030
41183  -12.948  -24.171  55.058 0.6999999881
117269  -20.664  -27.311  53.618 0.6999999881
39474  -24.538  -26.866  56.961 0.2000000030
104834  -25.284  -26.810  56.818 0.2000000030
123400  -33.344  -27.088  55.614 0.4000000060
39499  -33.748  -27.395  55.626 0.5000000000
114016  -34.339  -27.338  55.314 0.5000000000
41200  -12.654  -23.797  53.431 0.6000000238
39532  -19.230  -26.835  53.155 0.8000000119
38631  -20.731  -27.008  53.007 0.8000000119
39533  -24.550  -26.047  53.825 0.2000000030
39490  -24.749  -26.566  55.794 0.2000000030
39511  -25.338  -26.406  55.177 0.2000000030
39515  -29.864  -26.482  55.326 0.2000000030
118614  -31.368  -26.696  55.890 0.4000000060
38605  -34.305  -27.817  55.411 0.6000000238
121271  -20.049  -26.784  52.832 0.8000000119
39534  -25.430  -26.223  54.197 0.2000000030
39535  -26.463  -26.277  54.209 0.2000000030
39536  -27.315  -26.313  54.229 0.2000000030
39537  -28.183  -26.338  54.348 0.2000000030
39538  -29.161  -26.362  54.557 0.2000000030
116457  -29.983  -26.361  54.438 0.2000000030
38615  -35.003  -27.822  55.083 0.8000000119
42244  -12.136  -23.466  51.562 0.4000000060
41243  -13.141  -24.078  51.924 0.4000000060
39553  -20.626  -26.621  52.186 0.8000000119
124344  -21.421  -26.664  51.790 0.8000000119
40341  -26.824  -26.167  53.336 0.2000000030
40342  -27.723  -26.204  53.381 0.2000000030
40343  -28.676  -26.187  53.423 0.2000000030
37784  -33.843  -28.338  54.153 0.8000000119
37785  -34.712  -28.172  54.553 0.8000000119
119625  -11.864  -23.443  50.765 0.4000000060
39565  -20.941  -26.377  51.295 0.8000000119
40364  -27.229  -25.968  52.554 0.1000000015
37795  -32.252  -28.291  53.402 0.8999999762
37796  -33.074  -28.376  53.787 0.8999999762
38626  -34.357  -28.058  53.528 0.8999999762
38639  -35.248  -27.739  53.643 0.8999999762
42260  -12.142  -23.559  50.056 0.5000000000
42279  -12.403  -23.683  49.376 0.5000000000
39592  -20.772  -25.837  49.842 0.8000000119
38635  -30.135  -27.804  52.066 1.0000000000
38636  -30.940  -27.910  52.434 1.0000000000
38637  -32.001  -27.871  52.527 0.8999999762
109641  -33.050  -27.965  52.794 0.8999999762
38638  -33.892  -27.906  52.836 0.8999999762
38652  -34.585  -27.674  52.675 0.8999999762
42294  -12.105  -23.704  48.672 0.6000000238
39607  -21.732  -26.225  48.619 0.8999999762
38660  -22.889  -27.371  50.014 0.8999999762
111438  -31.653  -27.542  51.645 1.0000000000
38650  -32.651  -27.531  51.818 1.0000000000
122182  -22.837  -27.453  48.475 0.8999999762
108776  -23.257  -27.902  49.102 0.8999999762
38665  -30.407  -27.229  50.716 1.0000000000
121509  -12.811  -24.737  45.516 0.4000000060
38688  -22.823  -27.644  47.726 0.8999999762
39596  -30.118  -26.718  49.386 1.0000000000
38680  -30.061  -26.985  50.086 1.0000000000
38703  -22.725  -28.392  46.078 0.8999999762
123465  -22.812  -27.985  46.897 0.8999999762
40507  -13.854  -25.635  43.681 0.2000000030
38714  -22.622  -28.739  45.234 0.8999999762
111284  -22.459  -27.297  46.563 0.8999999762
39611  -29.358  -26.565  48.165 1.0000000000
39666  -14.480  -26.228  43.371 0.1000000015
37858  -23.049  -29.452  45.539 0.8999999762
39622  -29.487  -26.302  47.284 1.0000000000
104914  -29.985  -26.378  47.786 1.0000000000
39630  -29.706  -25.937  46.477 1.0000000000
38742  -16.129  -26.731  43.214 0.1000000015
36999  -17.503  -28.763  43.761 0.2000000030
105983  -22.910  -29.563  43.932 1.0000000000
37887  -22.525  -29.372  43.483 1.0000000000
39641  -30.057  -25.691  45.577 1.0000000000
39640  -29.154  -25.874  45.762 1.0000000000
35370  -17.986  -31.508  43.384 0.2000000030
107059  -22.016  -29.470  41.914 1.0000000000
40479  -29.557  -25.649  44.774 1.0000000000
40494  -28.634  -25.812  45.101 1.0000000000
37909  -19.827  -29.228  40.060 0.8000000119
121293  -22.282  -29.335  41.611 0.8999999762
119090  -28.274  -25.748  44.563 1.0000000000
106025  -18.000  -32.878  39.724 0.3000000119
121139  -17.823  -32.320  40.375 0.3000000119
37902  -21.931  -29.468  41.321 0.8999999762
104462  -28.358  -25.533  42.755 1.0000000000
33940  -18.328  -33.663  39.251 0.3000000119
37930  -20.172  -29.179  39.226 0.6999999881
37921  -21.128  -29.239  40.168 0.8999999762
40536  -28.200  -25.517  41.823 0.8999999762
112012  -18.832  -34.008  38.343 0.3000000119
33963  -18.715  -33.206  37.651 0.3000000119
37929  -19.681  -29.296  38.654 0.6000000238
40567  -27.839  -25.431  39.955 0.8999999762
40551  -27.073  -25.327  40.844 0.8999999762
36183  -18.665  -30.922  36.965 0.4000000060
37040  -18.811  -30.186  37.515 0.5000000000
41482  -26.895  -25.131  38.581 0.8999999762
40566  -27.070  -25.270  40.061 0.8999999762
37041  -19.185  -29.430  37.103 0.4000000060
41520  -25.683  -24.595  37.435 0.5000000000
37704  -18.921  -28.126  59.439 0.4000000060
37705  -19.629  -28.194  59.435 0.3000000119
40286  -14.007  -25.361  60.301 0.6000000238
38571  -18.302  -28.287  58.753 0.4000000060
37716  -19.087  -28.452  58.505 0.4000000060
38563  -20.030  -27.706  59.722 0.2000000030
40295  -13.762  -25.362  58.167 0.6999999881
113311  -17.976  -28.076  56.378 0.5000000000
41177  -13.130  -24.694  57.241 0.6999999881
40304  -14.347  -25.790  57.264 0.6000000238
38597  -18.368  -27.765  55.442 0.6000000238
38584  -18.858  -28.142  56.262 0.6000000238
38564  -21.086  -27.719  59.731 0.2000000030
40311  -13.999  -25.215  55.391 0.8000000119
38611  -18.794  -27.517  54.603 0.6999999881
104835  -22.414  -26.856  58.373 0.2000000030
107929  -22.198  -27.161  59.218 0.2000000030
41191  -13.576  -24.715  54.780 0.6999999881
40320  -14.207  -25.274  54.420 0.8000000119
38621  -18.388  -27.179  53.830 0.6999999881
39472  -23.010  -26.849  57.813 0.2000000030
39518  -32.851  -26.820  55.345 0.3000000119
39519  -33.828  -26.998  55.206 0.3000000119
41190  -13.158  -24.258  54.152 0.6999999881
115603  -13.801  -24.832  53.902 0.6999999881
39550  -17.963  -26.567  52.683 0.8000000119
39489  -23.840  -26.586  56.074 0.2000000030
39473  -23.751  -26.851  57.329 0.2000000030
39539  -30.544  -26.285  53.912 0.1000000015
39517  -31.801  -26.607  55.205 0.3000000119
39500  -34.969  -27.419  55.061 0.5000000000
41201  -13.410  -24.418  53.317 0.6999999881
41202  -14.085  -24.937  53.160 0.6999999881
39563  -19.004  -26.250  51.700 0.8000000119
39551  -18.751  -26.543  52.497 0.8000000119
105264  -23.982  -26.365  55.094 0.2000000030
40344  -29.769  -26.170  53.395 0.1000000015
39516  -30.752  -26.487  55.033 0.2000000030
39521  -35.738  -26.717  54.746 0.5000000000
41221  -13.076  -24.076  52.748 0.5000000000
115315  -13.884  -24.652  51.946 0.6999999881
40383  -18.752  -25.830  51.096 0.8000000119
40339  -24.980  -25.922  53.188 0.2000000030
40366  -29.152  -25.912  52.437 0.1000000015
38616  -35.553  -27.313  54.817 0.6999999881
41244  -13.746  -24.486  51.261 0.6999999881
40406  -18.915  -25.530  50.303 0.8000000119
39577  -19.515  -25.877  50.924 0.8000000119
40361  -24.569  -25.572  52.410 0.2000000030
40362  -25.441  -25.777  52.469 0.2000000030
40363  -26.316  -25.908  52.518 0.2000000030
40365  -28.158  -25.968  52.539 0.1000000015
38627  -35.900  -27.429  54.295 0.8999999762
41266  -12.880  -23.852  50.846 0.5000000000
41267  -13.730  -24.419  50.443 0.5000000000
39578  -20.420  -26.012  50.697 0.8000000119
40385  -25.880  -25.670  51.813 0.1000000015
111793  -27.638  -25.730  51.777 0.1000000015
38640  -36.109  -27.299  53.418 0.8999999762
41309  -13.133  -24.000  48.986 0.5000000000
40407  -19.900  -25.647  50.070 0.6999999881
39593  -21.565  -26.239  49.551 0.8999999762
112367  -26.725  -25.732  51.815 0.1000000015
38651  -33.753  -27.532  51.988 0.8999999762
38653  -35.440  -27.324  52.539 0.8999999762
109185  -12.282  -24.174  47.211 0.6000000238
107046  -13.539  -24.215  48.270 0.6000000238
40428  -20.240  -25.511  49.233 0.6999999881
40429  -21.019  -25.761  48.973 0.8999999762
38666  -31.304  -27.172  50.803 1.0000000000
38667  -32.246  -27.147  50.970 1.0000000000
38668  -33.198  -27.089  51.131 1.0000000000
39567  -34.134  -26.980  51.199 1.0000000000
104030  -13.059  -24.228  46.782 0.4000000060
41336  -14.559  -24.361  47.416 0.5000000000
40447  -21.169  -25.702  48.097 0.8999999762
39619  -21.808  -26.236  47.690 0.8999999762
39581  -30.852  -26.799  49.942 1.0000000000
39582  -31.910  -26.745  50.092 1.0000000000
39583  -32.765  -26.739  50.378 1.0000000000
112971  -33.636  -26.616  50.462 1.0000000000
39584  -34.506  -26.466  50.602 1.0000000000
41376  -13.423  -24.621  45.113 0.3000000119
41357  -13.235  -24.421  45.944 0.4000000060
105117  -14.041  -24.300  45.678 0.3000000119
40463  -21.240  -25.664  47.200 0.8999999762
39608  -22.389  -26.802  48.179 0.8999999762
106934  -30.730  -26.533  49.137 1.0000000000
39598  -32.281  -26.348  49.391 1.0000000000
105834  -33.105  -26.332  49.696 1.0000000000
40491  -13.566  -24.962  44.274 0.3000000119
104828  -14.270  -24.435  44.681 0.3000000119
39627  -21.913  -26.400  46.646 0.8999999762
39612  -30.204  -26.502  48.518 1.0000000000
116635  -31.024  -26.287  48.539 1.0000000000
41406  -14.371  -24.842  43.843 0.1000000015
39628  -22.315  -27.318  45.831 0.8999999762
104226  -30.610  -26.192  47.835 1.0000000000
125437  -31.274  -25.997  47.904 1.0000000000
40508  -14.771  -25.376  43.447 0.1000000015
40547  -20.143  -25.919  41.635 0.8000000119
120435  -21.696  -26.571  44.466 0.8999999762
39637  -22.182  -27.519  44.917 0.8999999762
39623  -30.217  -26.047  47.154 1.0000000000
39624  -31.087  -25.839  47.082 1.0000000000
116388  -16.019  -25.692  42.961 0.1000000015
116271  -20.646  -26.161  42.139 0.6999999881
38729  -21.992  -27.777  44.150 0.8999999762
39681  -16.697  -25.974  42.733 0.1000000015
107522  -17.153  -27.664  43.366 0.1000000015
39697  -19.978  -26.665  41.193 0.6999999881
38744  -21.990  -28.810  43.536 0.8999999762
38730  -22.494  -29.021  44.244 1.0000000000
106762  -30.415  -25.607  44.763 1.0000000000
37891  -17.493  -28.129  42.943 0.2000000030
36137  -17.612  -30.188  42.349 0.3000000119
35383  -17.764  -31.618  42.531 0.2000000030
38773  -18.933  -28.302  40.423 0.4000000060
38762  -19.688  -27.563  40.790 0.8000000119
39684  -20.527  -26.922  41.651 0.8000000119
37892  -22.170  -29.391  42.802 1.0000000000
40495  -30.285  -25.569  43.986 1.0000000000
37005  -17.652  -29.660  41.722 0.3000000119
35382  -17.608  -31.006  42.055 0.2000000030
38774  -19.468  -28.367  40.454 0.6999999881
38775  -20.276  -28.946  40.538 0.8000000119
40516  -30.108  -25.495  43.139 1.0000000000
35392  -17.643  -31.247  41.291 0.3000000119
36150  -17.808  -30.632  40.679 0.3000000119
37900  -21.007  -29.346  40.812 0.8000000119
37911  -21.504  -29.283  40.830 0.8999999762
40552  -28.845  -25.488  41.135 0.8999999762
40537  -29.087  -25.550  42.001 1.0000000000
34715  -18.092  -32.245  38.984 0.3000000119
115211  -17.896  -31.914  39.777 0.4000000060
35413  -18.187  -31.413  39.207 0.4000000060
111707  -19.011  -29.492  39.664 0.5000000000
37919  -19.762  -29.367  39.491 0.6000000238
37910  -20.874  -29.251  40.393 0.8999999762
35426  -18.308  -31.644  38.383 0.3000000119
36171  -18.424  -30.965  38.713 0.5000000000
37030  -18.758  -30.321  38.611 0.5000000000
37020  -19.188  -29.821  39.059 0.5000000000
109850  -28.021  -25.519  40.905 0.8999999762
112195  -18.531  -30.939  37.923 0.4000000060
40581  -27.400  -25.248  39.270 0.8999999762
41154  -15.186  -24.775  61.324 0.6000000238
39430  -15.357  -25.740  61.008 0.5000000000
38562  -19.225  -27.652  59.859 0.3000000119
39449  -14.934  -26.408  57.913 0.6000000238
39451  -16.419  -27.374  59.110 0.6000000238
38570  -17.645  -27.937  59.200 0.5000000000
38561  -18.446  -27.767  59.735 0.4000000060
39465  -14.841  -26.224  56.618 0.6000000238
39466  -15.517  -26.804  56.721 0.6000000238
107048  -16.816  -27.749  56.839 0.6000000238
38582  -17.575  -28.158  57.573 0.5000000000
39482  -15.101  -26.314  55.629 0.6999999881
39483  -15.742  -26.821  55.356 0.6999999881
39484  -16.221  -27.319  56.084 0.6999999881
109544  -17.317  -27.872  56.353 0.5000000000
38609  -17.046  -27.390  54.809 0.6999999881
39444  -21.300  -27.141  59.423 0.2000000030
119390  -21.879  -27.573  59.514 0.2000000030
108898  -14.781  -25.781  54.003 0.8000000119
39549  -17.201  -26.621  52.953 0.8000000119
38610  -17.435  -27.173  54.063 0.8000000119
39541  -32.345  -26.463  54.110 0.3000000119
39542  -33.392  -26.582  54.263 0.3000000119
40331  -14.723  -25.586  53.083 0.8000000119
121990  -14.331  -25.303  53.692 0.8000000119
39561  -17.426  -26.343  52.121 0.8000000119
39530  -17.734  -26.833  53.389 0.8000000119
39488  -22.247  -26.329  55.741 0.2000000030
39540  -31.353  -26.345  54.009 0.2000000030
39543  -34.463  -26.680  54.567 0.3000000119
39520  -34.814  -26.974  55.076 0.4000000060
39509  -23.085  -26.233  55.148 0.2000000030
120162  -30.935  -26.083  52.924 0.1000000015
41245  -14.479  -25.030  51.558 0.6999999881
41223  -14.315  -25.060  52.415 0.6999999881
40405  -18.095  -25.649  50.861 0.8000000119
40326  -23.727  -26.021  54.127 0.2000000030
39522  -36.501  -26.468  54.599 0.6999999881
112927  -14.293  -24.767  50.849 0.6000000238
40401  -14.866  -25.141  50.795 0.8000000119
110851  -24.083  -25.745  53.159 0.2000000030
38628  -36.214  -27.123  54.583 0.8000000119
41286  -13.852  -24.438  49.637 0.5000000000
41287  -14.659  -24.742  49.357 0.8000000119
41269  -15.131  -25.157  50.051 0.6000000238
40426  -18.531  -25.206  49.561 0.6999999881
109282  -25.091  -25.501  51.744 0.1000000015
40386  -28.601  -25.691  51.677 0.1000000015
41310  -13.952  -24.430  48.943 0.5000000000
107221  -15.146  -24.718  48.782 0.6000000238
41288  -15.501  -24.942  49.359 0.6999999881
41291  -18.085  -24.836  48.978 0.6999999881
40427  -19.405  -25.337  49.429 0.6999999881
40408  -24.866  -25.233  50.916 0.1000000015
109157  -26.239  -25.571  51.160 0.1000000015
108498  -27.100  -25.591  51.084 0.1000000015
119548  -34.731  -27.264  51.818 0.8999999762
39554  -36.317  -26.712  52.397 0.8000000119
41311  -14.433  -24.504  48.385 0.5000000000
41312  -15.950  -24.657  48.553 0.6999999881
40444  -18.980  -24.956  48.814 0.6999999881
40461  -20.030  -25.096  48.082 0.6999999881
40446  -20.463  -25.428  48.450 0.6999999881
110231  -25.549  -25.477  51.241 0.1000000015
40409  -25.721  -25.362  50.596 0.1000000015
123650  -34.833  -26.769  51.238 1.0000000000
40393  -36.048  -26.198  51.340 0.8999999762
109584  -13.884  -24.268  46.599 0.4000000060
110984  -15.706  -24.128  46.726 0.5000000000
114668  -15.896  -24.387  47.620 0.6000000238
41341  -19.895  -24.858  47.440 0.6999999881
39600  -34.102  -26.063  49.770 1.0000000000
39585  -35.294  -26.348  50.896 1.0000000000
115614  -36.492  -25.504  50.961 0.8999999762
105539  -14.720  -24.142  45.441 0.4000000060
41359  -15.445  -23.964  45.714 0.4000000060
41360  -16.404  -23.899  46.109 0.6000000238
41364  -20.506  -25.123  46.698 0.6999999881
39599  -33.550  -25.882  49.154 1.0000000000
40435  -34.772  -25.496  49.350 1.0000000000
40436  -35.464  -25.332  49.756 1.0000000000
119009  -36.378  -24.419  49.808 1.0000000000
41377  -15.122  -24.076  44.773 0.4000000060
41378  -16.038  -23.800  44.923 0.4000000060
40478  -20.896  -25.351  45.748 0.8000000119
39636  -21.681  -26.258  45.550 0.8000000119
39613  -31.912  -26.042  48.507 1.0000000000
40451  -33.609  -25.504  48.371 1.0000000000
40434  -34.110  -25.616  49.016 1.0000000000
40453  -35.223  -24.986  49.005 1.0000000000
41326  -35.522  -24.564  48.898 1.0000000000
41407  -15.180  -24.702  43.603 0.1000000015
41389  -15.557  -24.151  44.048 0.2000000030
41430  -19.908  -24.655  43.089 0.6999999881
40492  -20.661  -25.078  44.328 0.6999999881
119549  -21.183  -25.609  44.846 0.8000000119
40464  -31.913  -25.745  47.522 1.0000000000
40450  -32.706  -25.598  47.976 1.0000000000
40467  -34.052  -25.132  47.741 1.0000000000
41352  -35.093  -24.547  48.301 1.0000000000
121348  -35.902  -24.341  49.182 1.0000000000
40509  -15.630  -25.178  43.191 0.1000000015
40529  -16.548  -25.042  42.812 0.3000000119
40510  -20.578  -25.130  43.386 0.8000000119
40533  -21.023  -25.996  42.881 0.8000000119
39631  -30.549  -25.762  46.309 1.0000000000
105208  -31.900  -25.571  46.600 1.0000000000
104843  -33.286  -25.119  46.605 1.0000000000
41350  -33.952  -24.903  47.057 1.0000000000
121129  -34.801  -24.240  47.662 1.0000000000
39682  -17.356  -26.351  42.414 0.1000000015
119978  -19.627  -25.981  41.384 0.6000000238
40532  -20.225  -25.277  42.405 0.6999999881
39668  -21.604  -27.150  43.446 0.8000000119
40480  -31.028  -25.629  45.313 1.0000000000
40481  -31.860  -25.461  45.689 1.0000000000
40472  -32.588  -25.305  46.150 1.0000000000
38749  -17.396  -27.261  42.613 0.2000000030
39694  -17.899  -26.780  41.815 0.3000000119
125618  -18.221  -27.159  41.435 0.3000000119
39696  -19.358  -26.568  41.102 0.5000000000
40531  -19.484  -25.364  41.807 0.6000000238
39685  -21.165  -27.350  42.417 0.8000000119
40497  -31.772  -25.311  44.698 1.0000000000
40482  -32.491  -25.135  45.363 1.0000000000
37002  -17.601  -29.226  42.663 0.4000000060
38761  -18.531  -27.542  40.985 0.3000000119
37899  -18.143  -28.479  41.004 0.3000000119
39707  -19.104  -27.397  40.735 0.4000000060
38750  -20.979  -28.339  41.755 0.8000000119
107764  -21.666  -28.582  42.914 0.8000000119
40517  -30.830  -25.400  43.426 1.0000000000
37010  -17.735  -29.974  41.066 0.3000000119
37006  -17.872  -29.329  41.045 0.3000000119
37901  -21.502  -29.336  41.382 0.8999999762
37011  -18.085  -29.905  40.492 0.4000000060
37908  -18.504  -29.284  40.289 0.4000000060
40554  -30.152  -25.121  41.962 0.8999999762
40538  -29.838  -25.397  42.307 1.0000000000
34705  -17.775  -31.557  40.531 0.3000000119
36151  -18.196  -30.415  40.058 0.4000000060
40553  -29.485  -25.307  41.521 0.8999999762
40583  -28.345  -25.223  39.667 0.8000000119
41163  -15.752  -24.765  60.922 0.2000000030
40280  -15.216  -25.173  61.350 0.4000000060
40281  -15.750  -25.436  61.200 0.4000000060
39431  -15.929  -26.154  60.790 0.4000000060
38560  -17.840  -27.340  60.006 0.4000000060
39433  -18.669  -27.345  59.926 0.3000000119
124018  -15.859  -26.782  54.663 0.8000000119
123426  -16.317  -27.111  54.922 0.6999999881
38555  -19.627  -27.390  59.905 0.2000000030
111385  -15.362  -26.376  54.546 0.8000000119
40332  -15.347  -26.180  53.545 0.8000000119
39506  -16.677  -27.012  54.133 0.8000000119
39443  -20.246  -27.202  59.677 0.2000000030
39528  -15.903  -26.395  53.079 0.8000000119
39529  -16.525  -26.678  53.397 0.8000000119
123814  -17.082  -26.870  53.595 0.8000000119
39455  -20.600  -26.709  58.763 0.2000000030
40346  -32.892  -26.124  53.025 0.2000000030
40357  -14.903  -25.527  52.206 0.8000000119
40358  -15.935  -26.129  52.281 0.8000000119
39560  -16.570  -26.412  52.595 0.8000000119
123345  -21.498  -26.512  56.989 0.2000000030
40345  -31.871  -26.186  53.181 0.2000000030
40348  -35.107  -26.152  53.862 0.3000000119
39544  -35.447  -26.580  54.763 0.3000000119
40379  -15.174  -25.479  51.463 0.8000000119
121632  -15.456  -25.794  52.036 0.8000000119
40380  -16.615  -26.112  51.818 0.8000000119
125716  -35.939  -26.317  54.733 0.5000000000
40403  -16.324  -25.529  50.617 0.8000000119
40381  -17.353  -25.911  51.355 0.8000000119
40338  -23.174  -25.510  53.251 0.2000000030
40367  -30.158  -25.815  52.240 0.1000000015
40327  -36.464  -26.036  54.673 0.6999999881
40423  -15.886  -25.276  49.980 0.8000000119
40424  -16.757  -25.235  49.884 0.8000000119
40404  -17.268  -25.525  50.537 0.8000000119
114267  -23.591  -25.282  52.339 0.2000000030
40387  -29.582  -25.604  51.529 0.1000000015
39556  -37.362  -26.324  54.058 0.6999999881
40402  -15.536  -25.412  50.728 0.8000000119
40425  -17.647  -25.172  49.721 0.6999999881
40384  -24.270  -25.252  51.659 0.1000000015
105784  -28.046  -25.526  50.980 0.1000000015
40372  -37.229  -26.258  52.911 0.8000000119
41289  -16.331  -24.931  49.294 0.6999999881
41290  -17.186  -24.866  49.180 0.6999999881
125180  -23.560  -25.013  51.575 0.2000000030
40394  -36.867  -25.944  51.836 0.8000000119
121942  -37.531  -25.643  52.343 0.8000000119
123234  -16.758  -24.675  48.676 0.6999999881
41338  -16.791  -24.426  47.833 0.6999999881
41340  -19.138  -24.580  47.344 0.6999999881
41274  -25.172  -25.118  50.017 0.1000000015
40410  -26.555  -25.432  50.443 0.1000000015
41258  -37.327  -25.133  51.463 0.8999999762
41361  -17.980  -24.177  46.645 0.6000000238
41362  -18.798  -24.341  46.538 0.6999999881
41252  -23.940  -24.958  50.973 0.1000000015
41279  -36.764  -24.821  50.589 1.0000000000
105467  -17.348  -23.872  45.812 0.5000000000
41380  -18.296  -24.046  45.751 0.6000000238
41381  -19.227  -24.336  45.571 0.6999999881
124795  -19.722  -24.503  45.149 0.6999999881
41382  -20.131  -24.707  45.681 0.6999999881
42270  -36.973  -24.244  50.350 1.0000000000
104791  -16.284  -23.944  44.060 0.4000000060
124042  -16.696  -23.776  45.402 0.4000000060
41379  -16.975  -23.782  44.656 0.5000000000
106943  -18.526  -24.006  44.776 0.5000000000
41393  -20.104  -24.658  44.797 0.6999999881
108804  -20.595  -25.043  45.104 0.6999999881
107677  -36.697  -23.130  49.554 1.0000000000
105131  -16.926  -24.061  43.643 0.4000000060
113070  -16.904  -24.488  43.061 0.4000000060
106224  -17.666  -24.279  43.166 0.4000000060
41391  -18.587  -24.091  43.871 0.6000000238
41392  -19.365  -24.324  44.509 0.6000000238
41411  -20.029  -24.598  43.921 0.6999999881
42299  -35.655  -24.120  48.653 1.0000000000
42300  -36.245  -23.745  49.201 1.0000000000
43162  -36.339  -22.800  49.005 1.0000000000
41427  -17.425  -24.757  42.687 0.3000000119
41428  -18.209  -24.643  42.595 0.4000000060
117264  -18.624  -25.128  42.008 0.5000000000
40473  -33.128  -24.939  45.878 1.0000000000
41371  -33.694  -24.622  46.365 1.0000000000
41372  -34.333  -24.261  46.950 1.0000000000
42312  -35.270  -23.878  48.041 1.0000000000
43161  -35.829  -22.376  48.431 1.0000000000
39683  -18.098  -25.801  41.869 0.3000000119
41429  -19.180  -24.654  42.542 0.6000000238
41387  -33.409  -24.439  45.799 1.0000000000
42324  -33.833  -23.933  46.132 1.0000000000
42311  -34.802  -23.647  47.428 1.0000000000
43177  -35.267  -22.991  47.929 1.0000000000
38760  -17.841  -27.716  41.759 0.3000000119
39695  -18.659  -26.645  41.263 0.4000000060
40546  -18.979  -25.813  41.439 0.4000000060
40518  -31.430  -25.265  43.806 1.0000000000
41386  -32.936  -24.601  45.321 1.0000000000
42325  -34.330  -23.379  46.776 1.0000000000
43176  -34.754  -22.707  47.315 1.0000000000
41394  -31.959  -25.016  44.121 1.0000000000
41395  -32.394  -24.815  44.714 1.0000000000
42336  -32.713  -24.128  44.890 1.0000000000
42337  -33.284  -24.005  45.464 1.0000000000
120368  -31.159  -25.126  43.104 1.0000000000
41412  -31.607  -24.832  43.607 1.0000000000
41413  -32.093  -24.313  44.225 1.0000000000
124428  -32.405  -23.556  44.600 1.0000000000
41431  -30.739  -24.787  42.526 1.0000000000
41446  -29.655  -24.975  41.286 0.8999999762
41464  -29.153  -24.727  40.531 0.8000000119
38553  -17.870  -26.967  60.013 0.4000000060
40347  -34.020  -26.194  53.436 0.2000000030
118092  -31.949  -25.743  52.240 0.1000000015
40371  -35.564  -25.414  53.216 0.3000000119
41210  -36.334  -25.161  54.003 0.3000000119
40368  -31.011  -25.718  51.984 0.1000000015
40369  -33.089  -25.536  52.042 0.1000000015
40350  -36.747  -25.628  54.808 0.6000000238
40389  -31.480  -25.393  51.372 0.1000000015
40351  -37.568  -25.722  54.501 0.6999999881
40412  -29.025  -25.462  50.823 0.1000000015
40373  -37.896  -25.651  53.402 0.6999999881
107852  -28.426  -25.326  50.151 0.1000000015
40395  -38.024  -25.050  52.402 0.8000000119
40430  -26.011  -25.221  49.839 0.1000000015
41280  -37.335  -24.462  50.888 0.8999999762
41259  -37.949  -24.269  51.595 0.8999999762
42287  -37.512  -23.680  50.677 1.0000000000
42286  -36.837  -23.723  49.931 1.0000000000
43147  -36.896  -22.320  49.549 1.0000000000
44043  -34.685  -21.854  47.177 1.0000000000
43190  -33.819  -22.965  46.239 1.0000000000
114736  -33.458  -23.389  45.738 1.0000000000
43199  -33.345  -22.529  45.701 1.0000000000
44065  -33.780  -21.953  46.242 1.0000000000
41432  -31.245  -24.648  43.106 1.0000000000
42358  -31.868  -23.306  44.131 1.0000000000
114521  -32.875  -23.205  45.193 1.0000000000
44080  -32.769  -21.945  45.086 1.0000000000
44082  -33.987  -20.942  46.076 0.8999999762
41447  -30.163  -24.578  41.858 1.0000000000
42357  -31.537  -24.033  43.558 1.0000000000
43218  -31.325  -22.944  43.464 0.8999999762
116093  -32.317  -21.859  44.415 0.8999999762
42383  -29.632  -24.138  41.283 0.8000000119
42368  -30.504  -23.992  42.330 0.8000000119
42369  -30.977  -23.823  42.922 0.8999999762
125709  -30.927  -23.018  42.981 0.8000000119
44097  -31.489  -21.826  43.395 0.8999999762
44098  -32.114  -21.397  43.835 0.8999999762
43227  -30.543  -23.008  42.498 0.8000000119
122215  -34.614  -25.643  52.753 0.2000000030
125252  -33.727  -25.771  52.559 0.1000000015
40370  -34.077  -25.275  51.992 0.1000000015
41232  -34.958  -24.956  52.250 0.1000000015
41256  -35.142  -24.329  51.898 0.1000000015
41211  -37.042  -25.054  54.967 0.3000000119
41195  -37.519  -25.117  54.755 0.5000000000
42221  -36.953  -24.187  55.171 0.4000000060
42205  -38.143  -24.317  54.465 0.6999999881
42204  -37.484  -23.829  54.973 0.4000000060
41213  -38.538  -24.360  53.491 0.6999999881
42236  -38.674  -23.581  52.804 0.6999999881
42253  -38.167  -23.278  51.423 1.0000000000
43134  -37.856  -22.654  50.769 1.0000000000
43121  -38.363  -22.386  51.493 1.0000000000
44008  -37.534  -21.973  50.166 1.0000000000
121926  -38.113  -21.726  50.911 0.8999999762
44007  -37.151  -21.366  49.555 1.0000000000
109747  -37.734  -20.941  50.295 0.8999999762
122339  -35.929  -21.470  48.363 1.0000000000
44026  -36.475  -21.739  48.929 1.0000000000
44902  -35.886  -20.510  47.917 1.0000000000
43191  -34.264  -22.404  46.752 1.0000000000
44066  -34.364  -21.422  46.676 1.0000000000
44067  -34.979  -20.968  47.229 1.0000000000
44914  -34.673  -20.444  46.523 0.8999999762
44081  -33.414  -21.477  45.616 0.8999999762
44929  -34.398  -20.023  45.782 0.8999999762
44089  -33.161  -21.024  45.046 0.8999999762
44928  -33.716  -20.529  45.372 0.8999999762
43244  -30.099  -22.496  41.835 0.8000000119
43228  -30.979  -22.332  42.927 0.8999999762
44088  -32.712  -21.018  44.400 0.8999999762
44945  -33.434  -20.296  44.629 0.8999999762
44107  -31.191  -21.405  42.715 0.8999999762
44953  -31.862  -20.793  43.100 0.8999999762
45780  -32.687  -19.901  43.052 0.8999999762
44961  -30.870  -21.013  42.069 0.8000000119
44962  -31.435  -20.667  42.407 0.8000000119
41233  -35.717  -24.533  52.731 0.2000000030
41234  -36.349  -24.472  53.873 0.2000000030
42220  -36.238  -23.760  53.883 0.1000000015
43085  -36.816  -23.339  55.237 0.3000000119
42206  -38.310  -23.221  54.380 0.4000000060
106051  -38.648  -23.444  53.627 0.8000000119
43099  -38.692  -22.508  53.679 0.6000000238
43109  -38.751  -22.580  52.885 0.6999999881
44839  -38.641  -21.182  53.195 0.6000000238
43983  -38.470  -21.633  51.700 0.8999999762
43969  -38.663  -21.602  52.508 0.8000000119
121935  -38.207  -21.023  51.226 0.8000000119
115295  -38.142  -20.303  52.258 0.8000000119
44876  -37.870  -20.365  50.873 0.8999999762
44885  -37.232  -20.442  49.469 0.8999999762
44025  -36.343  -20.936  48.602 1.0000000000
44894  -36.703  -20.116  48.685 1.0000000000
44915  -35.408  -19.944  47.043 0.8999999762
124293  -36.402  -19.605  48.037 0.8999999762
44903  -36.054  -19.509  47.483 0.8999999762
45734  -35.141  -19.487  46.204 0.8999999762
44946  -34.209  -19.604  44.945 0.8999999762
45745  -34.860  -19.271  45.475 0.8999999762
44955  -33.095  -20.117  43.878 0.8999999762
45763  -34.890  -18.758  44.842 0.8999999762
45781  -33.562  -19.388  43.343 0.8999999762
45762  -33.826  -19.533  44.127 0.8999999762
44969  -30.598  -20.631  41.425 0.6999999881
44970  -31.333  -20.173  41.766 0.6999999881
45790  -31.985  -20.020  42.369 0.8000000119
45791  -33.335  -19.196  42.664 0.8999999762
113043  -32.031  -19.396  41.612 0.8000000119
110849  -32.714  -19.332  42.218 0.8999999762
42203  -36.309  -23.337  55.111 0.1000000015
43070  -36.953  -22.542  55.422 0.3000000119
43069  -36.096  -22.560  55.366 0.2000000030
43087  -38.456  -22.358  54.245 0.5000000000
115285  -36.609  -20.852  55.693 0.2000000030
117162  -37.970  -20.925  54.892 0.5000000000
44825  -37.949  -20.205  54.588 0.5000000000
44852  -38.210  -20.364  53.150 0.6999999881
45673  -37.717  -19.813  52.538 0.8999999762
45694  -37.531  -19.815  50.597 0.8999999762
45703  -37.046  -19.676  49.267 1.0000000000
45693  -37.149  -19.463  49.947 1.0000000000
45723  -36.342  -19.010  47.631 0.8999999762
46567  -36.504  -18.878  48.253 0.8999999762
46558  -36.767  -18.987  49.092 1.0000000000
45722  -35.842  -18.982  46.727 0.8999999762
106498  -35.936  -18.499  46.989 0.8999999762
45735  -35.339  -18.623  45.703 0.8999999762
122745  -34.485  -19.041  44.287 0.8999999762
45782  -34.289  -18.896  43.626 0.8999999762
114285  -34.783  -18.479  44.102 0.8999999762
46621  -34.900  -18.058  43.957 0.8999999762
46638  -34.051  -18.675  42.791 0.8999999762
45822  -31.563  -19.199  40.889 0.6999999881
45804  -33.480  -18.642  42.019 0.8999999762
119699  -33.759  -18.191  41.639 0.8999999762
45823  -32.488  -18.722  41.004 0.8000000119
46672  -33.326  -18.295  41.196 0.8000000119
45641  -37.029  -19.240  55.393 0.4000000060
46489  -37.064  -18.791  55.116 0.5000000000
45661  -37.652  -19.665  53.444 0.6000000238
46518  -37.231  -19.394  52.919 0.8999999762
46506  -37.051  -19.074  53.711 0.8000000119
46532  -36.465  -18.824  51.152 0.8999999762
45683  -37.114  -19.352  50.871 0.8999999762
46545  -36.629  -18.912  50.137 1.0000000000
46566  -36.186  -18.455  48.592 0.8999999762
46579  -36.133  -18.487  47.765 0.8999999762
47544  -35.666  -17.938  48.147 0.8999999762
46590  -35.638  -18.416  46.318 0.8999999762
47575  -35.665  -17.986  46.457 0.8999999762
46604  -35.463  -18.076  45.693 0.8999999762
124964  -35.122  -18.156  44.770 0.8999999762
46639  -34.573  -18.275  43.317 0.8999999762
116094  -34.093  -18.146  42.149 0.8999999762
125674  -34.350  -18.223  42.724 0.8999999762
47637  -34.444  -17.928  42.734 0.8999999762
46684  -32.101  -18.493  40.329 0.8000000119
46685  -32.935  -18.168  40.458 0.8000000119
47651  -33.746  -17.841  41.394 0.8999999762
47636  -34.055  -17.616  42.128 0.8999999762
46696  -31.696  -18.246  39.690 0.6999999881
47669  -32.585  -17.787  39.769 0.6999999881
47660  -33.301  -17.843  40.656 0.8000000119
47668  -31.936  -17.750  39.239 0.6000000238
47678  -31.450  -17.501  38.630 0.5000000000
116600  -36.236  -18.678  52.126 0.8999999762
120749  -36.497  -18.636  53.491 0.8999999762
46531  -35.661  -18.256  51.456 0.8999999762
46557  -36.091  -18.449  49.514 0.8999999762
47528  -35.552  -17.946  49.011 0.8999999762
47543  -35.055  -17.513  48.588 0.8999999762
47558  -35.720  -17.945  47.271 0.8999999762
48628  -34.611  -16.933  46.306 0.8999999762
47574  -35.244  -17.586  45.959 0.8999999762
47591  -35.083  -17.680  45.138 0.8999999762
47607  -34.859  -17.693  44.267 0.8999999762
48685  -34.296  -17.084  43.789 0.8999999762
48699  -34.224  -17.337  42.919 0.8999999762
47659  -33.082  -17.447  40.163 0.8000000119
48723  -33.375  -17.343  40.823 0.8000000119
48713  -33.610  -17.138  41.530 0.6999999881
47679  -32.266  -17.253  38.950 0.6999999881
47477  -35.843  -18.078  53.605 0.8000000119
46505  -36.570  -18.429  54.270 0.6999999881
47497  -34.939  -17.552  51.711 0.8999999762
47486  -35.493  -18.036  52.482 0.8999999762
112551  -35.151  -17.738  50.828 0.8999999762
47527  -34.808  -17.339  49.375 0.8999999762
47557  -34.950  -17.335  47.775 0.8999999762
48609  -34.467  -16.739  47.143 0.8999999762
48648  -34.014  -16.401  45.744 0.8999999762
107374  -34.319  -16.883  44.810 0.8999999762
48668  -33.556  -16.073  44.179 0.8999999762
48684  -33.593  -16.399  43.260 0.8999999762
48698  -33.642  -16.773  42.359 0.8999999762
49751  -33.116  -15.759  42.664 0.8000000119
49770  -33.035  -16.142  41.813 0.6999999881
49750  -32.730  -15.217  42.026 0.8000000119
117724  -32.744  -16.740  39.496 0.6999999881
48722  -32.949  -16.571  40.423 0.6999999881
49769  -32.725  -15.618  41.110 0.6999999881
48743  -31.893  -16.847  38.225 0.4000000060
49783  -32.632  -15.592  40.165 0.6999999881
50803  -32.609  -15.022  40.703 0.6999999881
48754  -32.084  -16.065  37.869 0.5000000000
113467  -32.618  -14.934  39.960 0.5000000000
49822  -32.405  -15.294  37.611 0.5000000000
49835  -32.032  -15.391  36.211 0.3000000119
48508  -35.284  -17.236  53.987 0.8000000119
125616  -34.414  -16.895  51.864 0.8000000119
47485  -34.748  -17.224  52.479 0.8999999762
47496  -34.461  -17.011  51.149 0.8999999762
48520  -34.188  -16.501  52.415 0.8999999762
112088  -34.008  -16.379  50.617 0.8999999762
48530  -33.881  -16.234  51.568 0.8999999762
48564  -34.434  -16.756  48.674 0.8999999762
48544  -34.203  -16.534  49.702 0.8999999762
48588  -34.316  -16.547  47.875 0.8999999762
48563  -33.766  -15.853  49.169 0.8999999762
52516  -33.699  -12.787  50.853 0.8999999762
105722  -35.110  -12.234  50.969 0.8999999762
48587  -33.846  -15.925  48.318 0.8999999762
52532  -33.731  -12.885  50.031 0.8000000119
52517  -34.291  -12.469  50.488 0.8000000119
48627  -33.880  -16.130  46.589 0.8999999762
52550  -33.707  -13.040  49.217 0.8000000119
52533  -34.456  -12.602  49.555 0.8000000119
52518  -35.094  -12.412  50.242 0.8000000119
109078  -33.547  -15.470  45.965 0.8999999762
52551  -34.227  -12.750  48.592 0.8000000119
52552  -35.236  -12.590  48.788 0.8000000119
52534  -35.617  -12.521  49.666 0.8000000119
107769  -33.592  -15.752  45.094 0.8000000119
52568  -34.122  -12.933  47.760 0.8000000119
52569  -34.938  -12.694  47.985 0.8000000119
52570  -35.923  -12.735  48.013 0.8000000119
49732  -33.198  -15.386  43.549 0.8000000119
49715  -33.271  -15.042  44.457 0.8000000119
51666  -34.843  -12.866  47.219 0.8000000119
51648  -36.901  -12.962  48.309 0.6999999881
50795  -32.707  -14.826  41.389 0.6999999881
107587  -32.995  -14.860  42.849 0.8000000119
51667  -35.773  -12.901  47.206 0.8000000119
51685  -36.190  -13.197  46.546 0.6999999881
51668  -36.671  -13.112  47.336 0.6999999881
51703  -36.521  -13.416  45.736 0.6999999881
51686  -37.122  -13.400  46.508 0.6999999881
124062  -37.234  -13.331  47.141 0.6999999881
50804  -32.918  -14.430  40.665 0.5000000000
51704  -37.431  -13.599  45.566 0.6999999881
111553  -38.018  -13.671  46.228 0.6999999881
50813  -32.639  -14.855  39.080 0.5000000000
116379  -32.442  -15.077  36.847 0.4000000060
50852  -32.721  -14.801  36.042 0.3000000119
49859  -32.290  -15.116  34.449 0.3000000119
49890  -34.154  -15.315  32.224 0.3000000119
111053  -34.956  -15.338  32.168 0.3000000119
48837  -35.186  -16.111  31.884 0.3000000119
48815  -36.576  -16.517  32.258 0.3000000119
48507  -34.596  -16.765  53.271 0.6999999881
54382  -35.199  -10.177  54.977 0.3000000119
48519  -33.689  -15.767  52.354 0.8999999762
53404  -35.035  -10.908  53.759 0.5000000000
48543  -33.511  -15.594  50.897 0.8999999762
48529  -33.399  -15.350  51.640 0.8999999762
119593  -33.984  -11.988  52.746 0.6999999881
117611  -34.509  -11.461  53.142 0.6999999881
106669  -35.036  -11.307  52.909 0.6999999881
109905  -33.597  -15.716  50.055 0.8999999762
49648  -33.280  -14.893  50.383 0.8999999762
118700  -33.289  -14.895  51.080 0.8999999762
53420  -33.890  -12.271  52.178 0.8000000119
53421  -34.605  -11.772  52.276 0.8999999762
53405  -35.736  -11.107  53.519 0.4000000060
49676  -33.450  -15.090  48.709 0.8999999762
49664  -33.346  -14.995  49.540 0.8999999762
50679  -33.230  -14.102  50.867 0.8999999762
51611  -33.431  -13.366  50.411 0.8999999762
52500  -34.237  -12.235  51.409 0.8999999762
119050  -35.869  -12.173  51.605 0.8999999762
53422  -35.570  -11.676  52.434 0.8000000119
48608  -33.769  -15.818  47.467 0.8999999762
113742  -33.501  -15.165  48.025 0.8999999762
50698  -33.342  -14.377  49.067 0.8999999762
118190  -33.485  -13.368  49.717 0.8999999762
104994  -36.028  -12.477  50.657 0.8000000119
49692  -33.504  -15.160  46.784 0.8999999762
49684  -33.451  -14.863  47.484 0.8999999762
50708  -33.348  -14.190  48.145 0.8999999762
51628  -33.427  -13.674  49.068 0.8000000119
49701  -33.406  -14.768  45.331 0.8000000119
108100  -33.445  -14.497  46.146 0.8000000119
50723  -33.454  -14.156  47.009 0.8000000119
51665  -33.661  -13.484  47.493 0.8000000119
52553  -36.260  -12.660  48.966 0.8000000119
52535  -36.592  -12.692  49.869 0.8000000119
50741  -33.536  -14.026  45.562 0.8000000119
51682  -33.604  -13.822  46.260 0.8000000119
122250  -33.716  -13.563  46.802 0.8000000119
118184  -34.030  -13.173  46.988 0.8000000119
51629  -37.127  -12.943  49.218 0.6999999881
50774  -33.397  -14.409  43.758 0.8000000119
50758  -33.524  -14.222  44.763 0.8000000119
51700  -33.790  -13.658  45.777 0.8000000119
51683  -33.933  -13.430  46.315 0.8000000119
50787  -32.970  -14.519  42.120 0.8000000119
51740  -33.476  -14.190  42.829 0.8000000119
121264  -35.062  -13.374  45.140 0.6999999881
51684  -34.572  -13.173  46.441 0.6999999881
109931  -37.768  -13.508  47.041 0.6999999881
51669  -37.420  -13.299  47.702 0.6999999881
105505  -35.932  -13.428  45.044 0.6999999881
50814  -32.998  -14.373  39.692 0.5000000000
51756  -33.648  -13.790  41.070 0.5000000000
107648  -36.864  -13.550  44.851 0.6999999881
50826  -33.171  -14.304  38.805 0.4000000060
105668  -37.201  -13.663  43.858 0.6999999881
115804  -37.754  -13.774  44.701 0.6999999881
50838  -32.834  -14.673  37.406 0.4000000060
50825  -32.727  -14.773  38.220 0.4000000060
117533  -32.940  -14.620  36.743 0.3000000119
50871  -33.456  -14.375  35.660 0.3000000119
50870  -32.844  -14.683  35.058 0.3000000119
49872  -33.277  -14.750  33.149 0.3000000119
116691  -33.679  -14.407  33.841 0.3000000119
47725  -41.963  -17.297  34.250 0.3000000119
50904  -34.161  -14.479  33.247 0.3000000119
50920  -34.622  -14.767  32.638 0.3000000119
117327  -36.377  -14.849  32.588 0.3000000119
49893  -37.672  -15.512  32.511 0.3000000119
49895  -39.074  -15.875  32.640 0.3000000119
54383  -35.713  -10.334  54.621 0.3000000119
54384  -36.379  -10.552  54.378 0.3000000119
50668  -33.222  -13.844  51.566 0.8999999762
51593  -33.400  -13.315  51.222 0.8999999762
52499  -33.619  -12.745  51.726 0.8999999762
121606  -36.343  -11.549  53.062 0.6000000238
53406  -36.800  -11.128  53.837 0.6000000238
53393  -37.239  -10.490  54.529 0.4000000060
52485  -36.535  -12.022  52.442 0.8000000119
52502  -36.847  -12.520  51.686 0.8000000119
52519  -36.999  -12.805  50.711 0.8000000119
51630  -37.710  -13.255  49.492 0.8000000119
51728  -33.821  -13.786  44.315 0.8000000119
51716  -33.816  -13.723  45.129 0.8000000119
51701  -34.355  -13.397  45.621 0.8000000119
51649  -37.763  -13.331  48.635 0.6999999881
117810  -33.869  -13.784  43.483 0.6999999881
51717  -34.398  -13.512  44.761 0.6999999881
51650  -38.641  -13.689  48.556 0.6999999881
51748  -33.663  -13.839  42.025 0.6999999881
51741  -34.673  -13.550  43.148 0.6999999881
51730  -35.460  -13.489  43.626 0.6999999881
51718  -35.250  -13.446  44.451 0.6999999881
50724  -38.653  -13.851  46.955 0.6999999881
51670  -38.188  -13.554  47.767 0.6999999881
51750  -35.550  -13.502  41.863 0.6000000238
51731  -36.356  -13.547  43.278 0.6999999881
104764  -36.212  -13.514  44.187 0.6999999881
51705  -38.250  -13.879  45.393 0.6999999881
50742  -38.772  -14.076  45.988 0.6999999881
51764  -33.604  -13.832  40.183 0.5000000000
51757  -34.492  -13.528  40.563 0.5000000000
51765  -34.461  -13.573  39.769 0.5000000000
51758  -35.508  -13.486  40.828 0.5000000000
51751  -36.372  -13.592  41.431 0.6999999881
51743  -36.378  -13.576  42.361 0.6999999881
51732  -37.122  -13.705  42.864 0.6999999881
50759  -38.123  -14.014  43.907 0.6999999881
122696  -38.873  -14.223  45.269 0.6999999881
113143  -33.400  -14.243  37.925 0.4000000060
51784  -34.159  -13.779  38.505 0.4000000060
124451  -34.550  -13.618  39.146 0.5000000000
108151  -35.197  -13.543  39.457 0.5000000000
51759  -36.413  -13.638  40.503 0.6999999881
51752  -37.093  -13.795  41.064 0.6999999881
50788  -37.744  -14.101  41.608 0.6999999881
50776  -38.471  -14.320  43.073 0.6999999881
119153  -39.210  -14.629  43.282 0.6999999881
115185  -33.565  -14.258  37.036 0.4000000060
50839  -34.281  -13.877  37.614 0.4000000060
51775  -35.127  -13.588  38.787 0.5000000000
50806  -38.371  -14.440  40.404 0.6000000238
50799  -39.108  -14.712  41.629 0.6999999881
49752  -39.788  -15.147  42.030 0.6999999881
50854  -33.957  -14.119  36.301 0.4000000060
122344  -34.351  -13.928  36.931 0.4000000060
107914  -35.048  -13.651  38.075 0.4000000060
118052  -38.978  -14.660  40.083 0.6000000238
49784  -39.686  -15.003  40.137 0.6999999881
49771  -39.757  -15.102  41.099 0.6999999881
50892  -33.606  -14.322  34.717 0.3000000119
51806  -35.222  -13.750  35.685 0.4000000060
51822  -35.701  -13.754  34.992 0.4000000060
49795  -39.878  -15.010  39.346 0.6000000238
49796  -40.433  -15.350  39.640 0.6000000238
50872  -34.329  -13.982  35.421 0.3000000119
51821  -35.003  -13.817  34.887 0.3000000119
51823  -36.375  -13.806  35.132 0.3000000119
50873  -37.032  -14.050  34.705 0.4000000060
50897  -38.552  -14.437  34.789 0.3000000119
50898  -39.212  -14.687  34.438 0.3000000119
47726  -42.542  -17.826  34.836 0.3000000119
46754  -43.083  -18.615  34.665 0.3000000119
50893  -34.441  -14.081  34.197 0.3000000119
50905  -35.030  -14.295  33.266 0.3000000119
50894  -35.401  -13.937  34.133 0.3000000119
111369  -36.939  -14.297  33.743 0.3000000119
50896  -37.845  -14.393  34.124 0.3000000119
124038  -38.638  -14.593  34.036 0.3000000119
105916  -39.755  -15.139  34.076 0.3000000119
49861  -40.519  -15.542  34.632 0.3000000119
47712  -42.628  -17.559  35.592 0.3000000119
46742  -43.518  -18.516  35.484 0.3000000119
50921  -35.491  -14.753  32.599 0.3000000119
50922  -37.202  -14.931  32.666 0.3000000119
50908  -38.350  -14.787  33.326 0.3000000119
49874  -39.502  -15.443  33.286 0.3000000119
46743  -44.157  -18.653  35.754 0.3000000119
46756  -44.840  -18.492  35.072 0.3000000119
54372  -36.577  -9.581  55.000 0.4000000060
53423  -37.169  -11.771  53.306 0.6999999881
104492  -37.736  -12.717  52.443 0.6999999881
52487  -38.515  -12.919  53.178 0.6999999881
52470  -38.867  -12.524  54.003 0.5000000000
51557  -39.281  -13.203  53.731 0.6000000238
52503  -37.570  -12.995  51.418 0.8000000119
52504  -38.231  -13.250  52.052 0.6999999881
51576  -39.716  -13.831  53.261 0.4000000060
51631  -38.341  -13.525  49.440 0.6999999881
51612  -37.962  -13.346  50.179 0.6999999881
120431  -38.733  -13.688  50.461 0.6999999881
50710  -39.436  -14.242  47.420 0.6999999881
50709  -38.867  -13.867  47.798 0.6999999881
50726  -40.140  -14.689  46.079 0.6999999881
51766  -35.794  -13.557  39.928 0.6000000238
50761  -40.118  -14.990  44.376 0.6999999881
50744  -40.107  -14.825  45.197 0.6999999881
51776  -35.835  -13.599  39.183 0.5000000000
51760  -37.087  -13.887  40.207 0.6999999881
50797  -37.722  -14.151  40.745 0.6999999881
120850  -40.165  -15.161  43.710 0.6999999881
51767  -36.462  -13.710  39.668 0.5000000000
51777  -36.464  -13.749  38.892 0.6000000238
50815  -37.810  -14.292  39.079 0.5000000000
50816  -38.458  -14.490  39.615 0.5000000000
49753  -40.506  -15.477  42.399 0.6999999881
116509  -34.760  -13.815  36.384 0.4000000060
51794  -35.132  -13.710  37.254 0.4000000060
51785  -35.708  -13.671  37.848 0.4000000060
51778  -37.144  -14.004  38.583 0.4000000060
50817  -39.237  -14.725  39.443 0.6000000238
49772  -40.475  -15.457  41.463 0.6999999881
51795  -35.589  -13.696  36.521 0.4000000060
123591  -36.658  -13.814  37.565 0.4000000060
50856  -37.819  -14.128  36.262 0.4000000060
50841  -37.968  -14.265  37.304 0.4000000060
50842  -38.821  -14.470  37.261 0.4000000060
49809  -40.030  -14.918  38.152 0.4000000060
49810  -40.365  -15.235  38.745 0.5000000000
49811  -41.101  -15.629  39.100 0.6000000238
51807  -36.005  -13.708  35.798 0.4000000060
50855  -36.900  -13.864  35.827 0.4000000060
50858  -39.144  -14.514  36.030 0.3000000119
49823  -40.132  -14.949  37.445 0.3000000119
110240  -40.890  -15.492  37.311 0.3000000119
49824  -41.056  -15.580  38.244 0.4000000060
50876  -39.200  -14.567  35.294 0.3000000119
49848  -40.423  -15.299  35.656 0.3000000119
49838  -41.008  -15.622  36.310 0.3000000119
48766  -42.208  -16.596  37.141 0.3000000119
47700  -42.666  -17.256  36.463 0.3000000119
47689  -42.880  -17.303  37.437 0.3000000119
46732  -43.728  -18.482  36.342 0.3000000119
47714  -45.638  -17.969  35.336 0.3000000119
46733  -44.341  -18.600  36.670 0.3000000119
46734  -45.061  -18.480  36.963 0.3000000119
47702  -45.627  -17.959  36.340 0.3000000119
47691  -45.740  -18.101  37.251 0.3000000119
47703  -46.295  -17.482  36.733 0.3000000119
48757  -46.999  -17.054  37.159 0.3000000119
51595  -38.732  -13.651  51.584 0.6000000238
51596  -39.384  -14.012  52.164 0.6000000238
50669  -40.128  -14.389  52.574 0.6999999881
122476  -40.595  -14.165  53.456 0.6000000238
52472  -40.134  -12.904  53.964 0.4000000060
51613  -39.228  -13.980  51.217 0.6000000238
50670  -40.590  -14.755  51.866 0.6999999881
51632  -39.227  -13.949  49.426 0.6000000238
50690  -39.539  -14.173  50.497 0.6000000238
50658  -41.854  -14.857  53.238 0.6000000238
50699  -39.378  -14.125  48.353 0.6999999881
110018  -39.986  -14.406  48.985 0.6000000238
120857  -39.925  -14.379  49.816 0.6999999881
50711  -40.164  -14.608  46.975 0.6999999881
50700  -40.242  -14.575  48.002 0.6000000238
49716  -40.687  -15.437  44.026 0.6999999881
106596  -40.763  -15.216  45.661 0.6999999881
49754  -41.185  -15.812  42.732 0.6999999881
49734  -40.599  -15.473  43.256 0.6999999881
49773  -41.158  -15.786  41.826 0.6999999881
48724  -41.726  -16.245  40.364 0.6999999881
49786  -41.154  -15.731  40.892 0.6999999881
48733  -41.707  -16.184  39.453 0.6000000238
48756  -42.333  -16.608  38.003 0.3000000119
48745  -41.683  -16.104  38.564 0.4000000060
47680  -43.019  -17.310  38.359 0.5000000000
47690  -43.533  -18.032  37.770 0.3000000119
46719  -43.910  -18.520  37.216 0.3000000119
46720  -44.540  -18.616  37.526 0.3000000119
46721  -45.316  -18.539  37.848 0.3000000119
108130  -45.862  -18.223  37.798 0.3000000119
47692  -46.419  -17.747  37.757 0.3000000119
50680  -39.851  -14.358  51.480 0.6999999881
50681  -40.412  -14.639  50.686 0.6999999881
49649  -41.165  -15.150  51.377 0.8000000119
118218  -41.756  -15.533  52.056 0.6999999881
50691  -40.586  -14.700  49.634 0.6999999881
49665  -41.213  -15.121  50.320 0.8000000119
49650  -41.854  -15.634  51.030 0.6999999881
106380  -42.520  -16.042  51.718 0.6999999881
49634  -43.283  -16.202  52.084 0.6000000238
117663  -40.664  -14.750  48.815 0.6000000238
49678  -41.929  -15.680  48.855 0.8999999762
49667  -42.614  -16.243  49.537 0.8999999762
48545  -44.094  -17.164  50.687 0.8000000119
49635  -43.975  -16.184  52.094 0.6000000238
49693  -40.802  -15.081  46.536 0.6999999881
116863  -40.869  -15.000  47.372 0.6000000238
48610  -41.898  -15.770  47.744 0.8000000119
49679  -42.596  -16.357  48.456 0.8999999762
48589  -43.322  -16.924  49.123 0.8999999762
48566  -44.092  -17.374  49.730 0.8999999762
49694  -41.417  -15.637  46.160 0.6999999881
48629  -42.041  -16.063  46.762 0.6999999881
109334  -42.618  -16.537  47.447 0.8999999762
47576  -43.240  -17.226  47.216 0.8999999762
49717  -41.323  -15.827  44.405 0.6999999881
48650  -42.020  -16.274  45.840 0.6999999881
48630  -42.701  -16.823  46.462 0.8000000119
118011  -43.344  -17.459  46.589 0.8999999762
48686  -41.753  -16.311  43.079 0.6999999881
48670  -42.416  -16.758  44.199 0.6999999881
48651  -42.040  -16.428  44.858 0.6999999881
48700  -41.731  -16.300  42.203 0.6999999881
48669  -41.823  -16.329  43.923 0.6999999881
48714  -41.736  -16.272  41.287 0.6999999881
48715  -42.402  -16.715  41.677 0.6999999881
48725  -42.409  -16.699  40.752 0.5000000000
48746  -42.389  -16.648  38.896 0.5000000000
47670  -43.049  -17.300  39.290 0.5000000000
122584  -43.735  -18.069  38.762 0.4000000060
46709  -44.747  -18.707  38.333 0.3000000119
46722  -46.013  -18.329  38.367 0.4000000060
47681  -46.897  -17.804  38.788 0.4000000060
48532  -44.083  -16.727  51.496 0.8999999762
49636  -44.540  -15.783  51.887 0.6999999881
48533  -44.850  -16.568  51.392 0.6999999881
47559  -43.257  -17.090  48.105 0.8999999762
48590  -44.223  -17.714  48.718 1.0000000000
111130  -44.814  -17.589  50.044 0.8999999762
108437  -45.780  -17.075  50.512 0.8999999762
48547  -45.921  -16.161  50.824 0.8999999762
121184  -42.563  -16.817  45.576 0.6999999881
47592  -43.176  -17.403  45.881 0.8000000119
115065  -43.917  -17.800  47.740 0.8999999762
47560  -44.948  -18.426  48.066 1.0000000000
47545  -45.571  -18.269  48.785 1.0000000000
48568  -46.523  -17.363  49.726 0.8999999762
48548  -46.747  -16.589  50.141 0.8999999762
47608  -42.925  -17.207  44.881 0.6999999881
47577  -43.764  -17.787  47.037 0.8999999762
47561  -44.574  -18.358  47.283 1.0000000000
48701  -42.394  -16.722  42.586 0.6999999881
48687  -42.393  -16.732  43.450 0.6999999881
47621  -42.963  -17.248  43.898 0.6999999881
109229  -43.724  -17.919  44.372 0.6999999881
110254  -42.986  -17.236  43.019 0.6999999881
47622  -43.479  -17.687  43.471 0.6999999881
47661  -43.023  -17.281  40.219 0.6000000238
47652  -43.035  -17.250  41.152 0.6999999881
47653  -43.681  -17.847  41.585 0.6999999881
47638  -43.696  -17.888  42.637 0.6999999881
47662  -43.670  -17.858  40.627 0.6000000238
46686  -44.238  -18.468  40.107 0.4000000060
117052  -44.448  -18.656  38.833 0.4000000060
46698  -44.760  -18.904  39.601 0.4000000060
46699  -45.390  -18.954  39.528 0.4000000060
46710  -45.377  -18.741  38.739 0.4000000060
46711  -46.365  -18.501  39.407 0.4000000060
47672  -47.644  -17.759  39.899 0.4000000060
49653  -46.779  -15.464  50.324 0.8000000119
121887  -45.626  -18.792  47.554 1.0000000000
110420  -46.855  -18.219  48.311 0.8999999762
48592  -47.229  -16.451  49.098 0.6999999881
47593  -43.791  -17.974  45.413 0.8999999762
46605  -44.850  -18.740  45.897 0.8999999762
46591  -45.629  -18.976  46.876 1.0000000000
47562  -46.970  -18.816  47.737 1.0000000000
49686  -46.860  -17.067  48.548 0.8999999762
124522  -46.997  -15.968  48.613 0.8000000119
46622  -44.424  -18.499  45.070 0.8999999762
46606  -46.313  -19.294  46.230 0.8999999762
46592  -46.883  -19.234  46.907 1.0000000000
48632  -47.098  -18.383  47.032 1.0000000000
48631  -45.736  -16.916  46.540 0.8999999762
46640  -44.111  -18.293  43.536 0.6999999881
46624  -45.847  -19.364  44.533 0.8000000119
110762  -46.653  -19.399  45.535 1.0000000000
47595  -47.515  -18.876  45.661 1.0000000000
118706  -44.415  -18.565  42.844 0.6999999881
110672  -45.885  -19.400  43.527 0.8000000119
46625  -47.700  -19.039  44.890 1.0000000000
125902  -47.432  -18.435  45.154 1.0000000000
48652  -45.379  -16.773  45.615 0.8000000119
46673  -44.363  -18.551  41.040 0.6000000238
46675  -45.585  -19.260  41.816 0.6999999881
109865  -47.711  -18.837  43.676 0.8000000119
47624  -47.843  -18.067  44.058 1.0000000000
48689  -46.001  -17.294  44.139 1.0000000000
123403  -44.765  -18.951  40.366 0.5000000000
46687  -45.107  -19.166  40.991 0.6000000238
46658  -47.220  -19.065  43.018 0.8000000119
47641  -48.178  -17.839  43.348 0.8999999762
47623  -47.061  -17.477  43.703 1.0000000000
109814  -45.293  -19.113  40.280 0.4000000060
46689  -47.192  -18.607  41.297 0.5000000000
47654  -48.322  -17.536  42.789 0.6999999881
48704  -48.280  -17.440  42.781 0.8000000119
48718  -48.084  -17.044  42.696 0.8000000119
46690  -48.367  -17.730  41.772 0.6000000238
106980  -48.579  -17.298  42.347 0.6000000238
106246  -48.077  -16.718  42.273 0.6000000238
46700  -47.396  -18.258  40.570 0.4000000060
114418  -48.576  -17.386  41.173 0.6000000238
48729  -49.279  -16.295  41.558 0.6000000238
49696  -45.843  -15.902  47.681 0.6999999881
50712  -46.712  -14.885  48.196 0.6999999881
49705  -44.632  -15.939  45.840 0.6999999881
48671  -45.146  -16.680  44.579 0.8000000119
48688  -44.858  -16.533  43.557 0.8999999762
47639  -46.979  -17.075  42.890 0.8000000119
48703  -45.673  -16.856  43.080 0.8999999762
112235  -48.706  -16.986  42.291 0.6000000238
48717  -46.854  -16.755  42.180 0.6000000238
47664  -49.300  -16.473  41.448 0.5000000000
48728  -48.496  -16.377  41.821 0.6000000238
49788  -48.794  -15.670  41.405 0.5000000000
48737  -47.140  -15.987  40.808 0.5000000000
50728  -45.693  -14.525  47.231 0.6000000238
51673  -47.010  -13.669  47.732 0.6000000238
50727  -44.975  -15.229  46.762 0.6999999881
104016  -44.477  -15.198  45.997 0.6999999881
49719  -44.351  -15.842  44.940 0.8000000119
49737  -44.149  -15.807  43.979 0.6999999881
125238  -44.778  -16.458  42.908 0.8999999762
49756  -44.086  -15.899  42.961 0.8000000119
48716  -45.555  -16.531  41.546 0.8000000119
48702  -44.821  -16.416  42.230 0.8000000119
48727  -46.634  -16.424  41.315 0.6999999881
48726  -45.224  -16.303  40.658 0.8000000119
48736  -45.820  -16.166  40.149 0.6000000238
49801  -47.554  -15.386  40.283 0.5000000000
49800  -46.286  -15.783  39.614 0.5000000000
49814  -45.730  -15.570  38.656 0.5000000000
49827  -45.293  -15.379  37.807 0.5000000000
49840  -44.947  -15.207  36.984 0.4000000060
51688  -44.922  -14.318  46.257 0.6000000238
51689  -46.195  -13.272  46.539 0.6000000238
51706  -45.299  -13.280  45.562 0.6000000238
49704  -44.033  -15.176  45.161 0.6999999881
51719  -43.934  -13.717  44.349 0.6999999881
49718  -43.710  -15.136  44.343 0.6999999881
50778  -43.421  -14.339  43.798 0.6999999881
49736  -43.485  -15.148  43.454 0.6999999881
50792  -43.073  -14.492  42.930 0.8000000119
51745  -43.273  -13.599  43.091 0.6999999881
49755  -43.348  -15.211  42.541 0.8999999762
50801  -42.849  -14.542  42.022 0.6999999881
49775  -44.326  -16.096  41.279 0.8000000119
117610  -43.380  -15.356  41.644 0.6999999881
114820  -42.823  -14.869  41.104 0.6999999881
50800  -42.573  -14.231  41.354 0.6999999881
49774  -43.556  -15.496  40.749 0.6999999881
50809  -42.990  -15.035  40.083 0.6000000238
48735  -44.813  -16.001  39.866 0.6000000238
121107  -43.547  -15.307  39.322 0.6000000238
50819  -42.965  -14.881  39.125 0.6000000238
49799  -45.270  -15.860  39.244 0.6000000238
49812  -43.701  -15.249  38.393 0.6000000238
49825  -43.130  -14.778  37.762 0.5000000000
49813  -44.757  -15.574  38.436 0.5000000000
49826  -44.395  -15.336  37.627 0.5000000000
122251  -43.724  -15.096  37.501 0.5000000000
49839  -44.076  -15.075  36.801 0.4000000060
50878  -43.471  -14.583  35.587 0.4000000060
109713  -44.019  -14.797  36.085 0.4000000060
120135  -42.662  -14.275  35.455 0.4000000060
51707  -46.480  -12.372  45.634 0.6000000238
52598  -46.125  -12.173  44.882 0.6000000238
116042  -44.874  -13.041  44.681 0.6999999881
51734  -44.643  -12.721  43.822 0.6999999881
52615  -44.173  -12.556  42.953 0.6999999881
51753  -43.166  -13.095  42.400 0.6999999881
120995  -42.827  -13.878  42.522 0.6999999881
50791  -42.669  -13.690  41.873 0.6999999881
52630  -42.536  -12.728  40.750 0.6999999881
51761  -42.439  -13.568  41.094 0.6999999881
125773  -42.830  -11.910  40.168 0.6000000238
50808  -42.479  -14.293  40.609 0.6000000238
51770  -41.913  -13.107  39.375 0.6000000238
52639  -42.155  -12.292  39.391 0.6000000238
121345  -42.114  -11.914  38.815 0.6000000238
119612  -42.061  -13.763  39.371 0.6000000238
51769  -41.775  -12.655  38.590 0.6999999881
52649  -41.931  -11.910  38.179 0.6999999881
53645  -42.480  -11.304  38.557 0.6999999881
51789  -41.962  -13.742  37.600 0.6000000238
51788  -41.618  -13.065  37.850 0.6000000238
52658  -41.531  -12.616  37.237 0.6000000238
53669  -41.876  -11.202  36.998 0.6000000238
54554  -42.268  -10.474  36.556 0.6000000238
55395  -42.922  -9.235  35.776 0.6000000238
114391  -43.325  -14.766  36.994 0.4000000060
51798  -42.056  -13.840  36.730 0.4000000060
112943  -41.555  -13.315  36.292 0.6000000238
53668  -41.400  -12.060  36.573 0.6000000238
53680  -41.098  -11.889  35.542 0.6000000238
54553  -41.605  -11.160  36.145 0.6000000238
50860  -43.546  -14.729  36.349 0.4000000060
51808  -41.435  -13.319  35.498 0.5000000000
52667  -41.198  -12.711  35.962 0.6999999881
53696  -41.011  -11.393  34.852 0.6000000238
51825  -42.048  -13.809  34.859 0.4000000060
52608  -47.126  -10.806  44.333 0.6999999881
52616  -45.924  -11.310  43.145 0.6000000238
52622  -45.253  -11.394  42.336 0.6000000238
53597  -44.734  -11.404  41.671 0.6999999881
104299  -44.500  -11.253  41.144 0.6999999881
54521  -44.587  -10.619  40.296 0.6999999881
119823  -45.147  -9.365  38.948 0.6000000238
53616  -43.941  -11.300  40.561 0.6999999881
54530  -44.221  -10.422  39.515 0.6999999881
54541  -44.760  -9.773  39.245 0.6999999881
55371  -44.355  -9.539  38.233 0.6000000238
53633  -43.519  -11.095  39.806 0.6999999881
54540  -43.791  -10.179  38.660 0.6000000238
108191  -42.675  -11.528  39.302 0.6999999881
53646  -43.207  -10.808  39.023 0.6000000238
118631  -43.377  -9.968  37.805 0.6000000238
56297  -44.555  -8.945  37.530 0.6000000238
54539  -42.924  -10.627  38.212 0.6000000238
53657  -42.201  -11.209  37.808 0.6000000238
54546  -42.596  -10.523  37.393 0.6000000238
53559  -47.116  -9.587  43.322 0.4000000060
53577  -46.572  -9.761  42.551 0.5000000000
122288  -45.788  -10.583  41.979 0.6999999881
56287  -45.126  -9.038  38.337 0.6000000238
55379  -43.775  -9.390  37.274 0.6000000238
55386  -43.321  -9.271  36.437 0.6000000238
56305  -44.040  -8.767  36.694 0.6000000238
37709  -23.544  -28.017  59.013 0.3000000119
52679  -40.793  -12.043  34.640 0.5000000000
114387  -41.263  -13.253  34.801 0.4000000060
54570  -41.196  -10.670  34.664 0.6000000238
55394  -42.269  -9.642  35.321 0.6000000238
106456  -41.378  -10.958  35.370 0.6000000238
119199  -42.233  -9.188  34.684 0.6000000238
55378  -42.964  -9.848  36.958 0.6000000238
56315  -42.773  -8.890  35.158 0.6000000238
56327  -43.244  -8.201  34.883 0.6000000238
57224  -43.942  -7.819  35.314 0.6000000238
56298  -45.322  -8.551  37.758 0.5000000000
36849  -11.487  -29.891  56.642 0.1000000015
36859  -11.766  -29.894  54.936 0.1000000015
106566  -11.346  -29.585  55.637 0.1000000015
36021  -11.906  -30.295  55.810 0.1000000015
36841  -9.573  -29.414  58.157 0.1000000015
122877  -10.094  -28.867  56.126 0.1000000015
110530  -8.249  -28.705  56.983 0.1000000015
125472  -9.429  -28.570  55.819 0.1000000015
37763  -10.508  -28.726  54.492 0.1000000015
36901  -11.734  -29.701  53.119 0.1000000015
37775  -10.689  -28.701  53.638 0.1000000015
36912  -11.836  -29.714  51.229 0.1000000015
37748  -7.762  -28.282  55.980 0.2000000030
37761  -9.019  -28.244  55.114 0.1000000015
39527  -9.085  -27.196  53.225 0.3000000119
38643  -9.525  -27.052  51.666 0.3000000119
37808  -10.466  -27.901  51.009 0.1000000015
39576  -9.853  -26.640  50.212 0.2000000030
116930  -16.981  -29.804  47.396 0.2000000030
43029  -8.644  -22.577  61.361 0.3000000119
41174  -7.866  -24.572  56.614 0.2000000030
39503  -7.676  -26.872  54.975 0.2000000030
106616  -7.687  -25.245  55.868 0.2000000030
38608  -9.009  -27.858  54.448 0.2000000030
39504  -8.161  -26.836  54.342 0.2000000030
40318  -7.878  -26.184  54.654 0.2000000030
40309  -7.885  -25.528  55.079 0.2000000030
40310  -8.184  -24.848  55.194 0.2000000030
40319  -8.260  -25.351  54.389 0.3000000119
39559  -9.203  -26.066  51.620 0.3000000119
39590  -9.744  -25.652  49.897 0.3000000119
108233  -10.116  -25.434  49.146 0.3000000119
37843  -11.473  -27.929  46.689 0.1000000015
38713  -12.234  -27.190  44.630 0.1000000015
38726  -12.877  -27.220  43.941 0.1000000015
37871  -13.443  -27.970  43.842 0.1000000015
37883  -14.264  -27.663  43.662 0.1000000015
37884  -15.095  -28.044  43.850 0.2000000030
43024  -9.290  -22.077  61.976 0.3000000119
42171  -9.307  -23.204  57.415 0.4000000060
42199  -9.369  -23.548  54.224 0.4000000060
123060  -9.493  -23.323  54.733 0.4000000060
41199  -9.420  -23.947  52.665 0.4000000060
37779  -24.620  -29.269  53.560 0.8000000119
36890  -25.744  -30.188  53.583 0.8999999762
42227  -9.732  -23.702  52.026 0.4000000060
107218  -27.996  -29.674  54.604 0.8999999762
40422  -9.899  -24.812  49.712 0.3000000119
42241  -9.753  -23.960  51.223 0.4000000060
36902  -25.030  -29.891  51.923 0.8999999762
41265  -10.196  -24.127  49.893 0.3000000119
40443  -10.415  -25.005  48.529 0.3000000119
40459  -10.686  -25.351  47.726 0.3000000119
36914  -24.906  -29.955  50.967 0.8999999762
36925  -25.207  -30.102  50.490 0.8999999762
37803  -27.404  -28.868  51.648 1.0000000000
37811  -26.432  -29.213  50.434 1.0000000000
39618  -11.088  -26.212  46.666 0.4000000060
36941  -24.995  -30.196  49.604 1.0000000000
117803  -25.445  -29.728  49.195 1.0000000000
120239  -18.445  -30.594  46.109 0.2000000030
105336  -18.138  -30.118  47.452 0.2000000030
38698  -25.490  -28.166  46.987 1.0000000000
43054  -9.927  -22.884  56.902 0.4000000060
37721  -24.171  -28.305  58.366 0.5000000000
38576  -27.287  -27.108  57.309 0.3000000119
39496  -30.473  -26.771  56.091 0.2000000030
37756  -31.536  -28.506  56.156 0.6999999881
37753  -23.863  -28.769  55.621 0.6999999881
106792  -29.243  -28.145  56.927 0.4000000060
39477  -28.904  -26.922  56.866 0.2000000030
43064  -10.556  -22.833  55.514 0.4000000060
43055  -10.595  -22.857  56.426 0.4000000060
37778  -23.933  -28.614  53.280 0.8000000119
37777  -23.360  -28.261  53.867 0.8000000119
42215  -10.123  -23.179  53.249 0.4000000060
36865  -30.025  -29.142  55.645 0.8000000119
37789  -23.889  -28.554  51.912 0.8999999762
42258  -10.354  -23.686  50.576 0.4000000060
37810  -24.392  -29.485  50.585 0.8999999762
120080  -29.192  -28.527  52.953 1.0000000000
40476  -11.852  -25.497  45.636 0.4000000060
36939  -23.958  -29.866  48.886 0.8999999762
40489  -12.470  -25.725  44.625 0.2000000030
37846  -24.051  -29.755  46.642 1.0000000000
37875  -16.986  -28.310  44.487 0.2000000030
38731  -23.489  -29.185  44.109 1.0000000000
38733  -25.061  -27.422  45.143 1.0000000000
38715  -25.649  -27.240  45.852 1.0000000000
39671  -26.500  -25.931  44.055 1.0000000000
40548  -23.666  -25.964  41.565 0.8999999762
40534  -24.780  -25.831  42.551 0.8999999762
40580  -23.092  -25.034  39.861 0.8000000119
40535  -26.266  -25.341  41.948 0.8999999762
125276  -21.027  -28.498  57.365 0.5000000000
43049  -11.313  -23.152  57.115 0.6999999881
125144  -23.299  -28.609  56.325 0.6999999881
117916  -11.858  -23.437  56.489 0.6999999881
37765  -22.713  -28.157  54.546 0.8000000119
39475  -25.982  -26.893  57.248 0.3000000119
108777  -25.166  -27.149  57.656 0.2000000030
118826  -28.378  -26.733  56.746 0.2000000030
37742  -29.976  -28.156  56.750 0.3000000119
43093  -10.624  -22.914  53.867 0.4000000060
43079  -11.143  -22.869  54.403 0.5000000000
36866  -30.858  -28.937  55.902 0.8000000119
38603  -32.888  -27.927  56.202 0.6999999881
37757  -32.388  -28.475  56.029 0.6999999881
38634  -23.272  -27.960  53.066 0.8000000119
39512  -26.998  -26.366  55.011 0.2000000030
123924  -30.338  -29.062  54.729 0.8000000119
37768  -30.052  -28.908  54.244 0.8999999762
42259  -11.198  -23.432  50.234 0.4000000060
38675  -23.447  -28.087  49.891 0.8999999762
41308  -11.176  -24.300  47.895 0.6000000238
41375  -12.288  -25.019  45.538 0.4000000060
39651  -13.241  -26.389  43.770 0.1000000015
37837  -23.600  -29.578  46.821 0.8999999762
37859  -23.268  -29.553  45.164 1.0000000000
39667  -15.298  -25.998  43.151 0.1000000015
34658  -19.133  -32.896  45.987 0.2000000030
117366  -18.858  -32.352  45.673 0.2000000030
39686  -23.491  -27.784  42.607 0.8999999762
39709  -22.417  -27.475  40.597 0.8999999762
40513  -26.589  -25.628  43.129 1.0000000000
38776  -21.608  -29.002  40.342 0.8000000119
39719  -22.124  -26.629  39.889 0.8000000119
39729  -21.101  -26.737  38.769 0.6000000238
40578  -21.785  -26.072  39.175 0.8000000119
38807  -19.993  -27.249  37.415 0.6000000238
38822  -19.964  -27.145  36.621 0.6000000238
39735  -20.813  -25.990  37.816 0.6000000238
40588  -21.478  -25.646  38.397 0.6000000238
40589  -22.115  -25.222  38.820 0.6999999881
39739  -20.299  -26.588  36.276 0.6000000238
41480  -24.611  -24.389  39.457 0.8000000119
38839  -20.230  -27.130  35.844 0.4000000060
37067  -20.312  -29.212  35.291 0.3000000119
39756  -20.659  -27.030  35.281 0.4000000060
39744  -20.602  -26.486  35.675 0.4000000060
41535  -21.470  -24.891  36.749 0.5000000000
41519  -22.720  -23.987  37.331 0.5000000000
41552  -21.646  -24.762  36.054 0.4000000060
41462  -26.388  -24.864  39.743 0.8999999762
39745  -21.009  -25.830  35.499 0.4000000060
37087  -21.451  -28.838  34.715 0.4000000060
41553  -22.222  -24.499  35.461 0.4000000060
40624  -22.161  -25.358  34.175 0.4000000060
38565  -22.603  -27.655  59.439 0.2000000030
42164  -12.501  -23.637  61.338 0.5000000000
42173  -12.337  -24.122  58.812 0.6999999881
38600  -21.052  -28.096  55.552 0.6000000238
117917  -12.246  -23.679  56.041 0.6999999881
38572  -24.082  -27.632  58.701 0.2000000030
38614  -21.827  -27.799  54.355 0.8000000119
42201  -12.509  -23.727  54.400 0.6000000238
107314  -29.240  -26.500  55.603 0.2000000030
39495  -29.645  -26.652  56.088 0.2000000030
38632  -21.496  -26.972  52.493 0.8000000119
37772  -33.999  -28.427  55.061 0.8000000119
38644  -22.126  -26.949  51.841 0.8000000119
110524  -22.772  -27.420  51.836 0.8000000119
39566  -21.783  -26.629  51.112 0.8000000119
39594  -22.459  -26.845  49.173 0.8999999762
42306  -11.809  -23.939  47.932 0.5000000000
38664  -29.556  -27.325  50.602 1.0000000000
41355  -11.702  -24.666  46.700 0.6000000238
38689  -23.265  -28.363  48.127 0.8999999762
122085  -13.068  -24.070  47.564 0.5000000000
37836  -23.225  -29.154  46.376 0.8999999762
38743  -16.896  -27.013  43.046 0.1000000015
34676  -18.309  -32.219  43.881 0.2000000030
108859  -22.701  -29.479  43.141 1.0000000000
36131  -17.916  -30.638  43.818 0.2000000030
37893  -22.477  -29.411  42.390 0.8999999762
111601  -27.427  -25.496  42.560 1.0000000000
38785  -20.638  -28.878  39.422 0.6999999881
35440  -18.492  -31.740  37.462 0.4000000060
41501  -26.295  -24.900  38.001 0.8000000119
40287  -14.736  -25.617  60.774 0.6000000238
41184  -13.338  -24.681  55.798 0.6999999881
38598  -19.276  -27.792  55.324 0.6000000238
39457  -22.931  -27.221  59.004 0.2000000030
38612  -19.572  -27.564  54.578 0.6999999881
104172  -20.142  -27.444  54.114 0.6999999881
38623  -20.021  -27.115  53.436 0.8000000119
39552  -19.615  -26.535  52.312 0.8000000119
39510  -24.612  -26.269  54.652 0.2000000030
39564  -20.020  -26.269  51.523 0.8000000119
116287  -35.341  -27.738  54.561 0.8999999762
124265  -33.653  -28.168  53.375 0.8999999762
39579  -21.276  -26.272  50.453 0.8000000119
41285  -13.071  -23.955  49.892 0.5000000000
38649  -30.730  -27.535  51.488 1.0000000000
41334  -12.657  -23.898  48.086 0.5000000000
121349  -28.886  -25.670  44.410 1.0000000000
36130  -17.677  -29.837  43.412 0.2000000030
35369  -17.735  -30.819  42.890 0.2000000030
105692  -29.455  -25.598  43.821 1.0000000000
35401  -18.029  -31.081  39.948 0.3000000119
40515  -29.268  -25.540  42.934 1.0000000000
37920  -20.504  -29.291  39.931 0.6999999881
40568  -28.550  -25.373  40.358 0.8999999762
40296  -14.399  -25.904  59.000 0.6000000238
38583  -18.490  -28.372  57.399 0.5000000000
40303  -13.803  -25.238  56.558 0.8000000119
40312  -14.434  -25.764  56.007 0.6999999881
38596  -17.527  -27.694  55.534 0.6000000238
114334  -17.894  -27.477  54.687 0.6999999881
109261  -14.671  -25.780  54.955 0.8000000119
39531  -18.411  -26.755  53.123 0.8000000119
105753  -23.010  -26.578  56.460 0.2000000030
39471  -22.175  -26.606  57.033 0.2000000030
40382  -18.145  -26.067  51.545 0.8000000119
41222  -13.659  -24.554  52.580 0.6999999881
40340  -25.894  -26.079  53.282 0.2000000030
38641  -36.465  -27.130  54.163 0.8000000119
41335  -13.781  -24.263  47.522 0.6000000238
41315  -19.415  -24.839  48.091 0.6999999881
40462  -20.535  -25.312  47.669 0.6999999881
40471  -21.284  -25.688  46.377 0.8999999762
39620  -22.410  -26.931  47.310 0.8999999762
39597  -31.446  -26.451  49.274 1.0000000000
39614  -32.847  -25.931  48.861 1.0000000000
40511  -21.229  -25.801  43.858 0.8999999762
125961  -31.285  -25.650  46.188 1.0000000000
38751  -21.629  -29.126  42.203 1.0000000000
37898  -17.715  -28.764  41.835 0.4000000060
34687  -18.040  -32.305  42.972 0.2000000030
38763  -20.475  -28.184  41.105 0.8000000119
122788  -17.663  -31.684  41.837 0.3000000119
34686  -17.831  -32.331  42.123 0.2000000030
37019  -18.634  -29.986  39.710 0.5000000000
39437  -15.237  -26.365  59.851 0.6000000238
39450  -15.683  -26.966  58.504 0.5000000000
39438  -16.103  -26.861  59.997 0.5000000000
39467  -16.220  -27.408  57.529 0.6000000238
38581  -16.901  -27.802  58.331 0.5000000000
38595  -16.830  -27.561  55.700 0.6000000238
39456  -21.590  -26.715  58.207 0.2000000030
40325  -22.713  -25.791  54.074 0.2000000030
41268  -14.457  -24.817  50.183 0.6999999881
124717  -18.092  -25.394  50.191 0.8000000119
39523  -37.032  -26.180  54.729 0.6999999881
39545  -36.855  -26.691  54.297 0.6999999881
39555  -36.795  -26.801  53.576 0.6999999881
121892  -15.204  -24.541  48.051 0.6000000238
41314  -18.505  -24.622  48.071 0.6999999881
39568  -35.453  -26.796  51.665 0.8000000119
41337  -15.237  -24.333  47.282 0.6000000238
111815  -18.447  -24.420  47.237 0.6999999881
40416  -35.742  -25.726  50.542 0.8999999762
41358  -14.789  -24.174  46.398 0.5000000000
122156  -16.407  -24.169  47.067 0.6999999881
41363  -19.629  -24.610  46.567 0.6999999881
40415  -34.998  -25.889  50.157 1.0000000000
40417  -36.106  -25.111  50.164 1.0000000000
40452  -34.516  -25.165  48.454 1.0000000000
41302  -35.764  -24.794  49.450 1.0000000000
107909  -14.862  -24.398  44.078 0.3000000119
41408  -16.112  -24.495  43.405 0.4000000060
40465  -32.653  -25.447  47.029 1.0000000000
40466  -33.417  -25.288  47.431 1.0000000000
41351  -34.478  -24.702  47.662 1.0000000000
40530  -17.364  -25.413  42.449 0.3000000119
106916  -17.941  -25.065  42.283 0.3000000119
40496  -31.010  -25.535  44.270 1.0000000000
40539  -30.536  -25.249  42.692 1.0000000000
40569  -29.136  -25.224  40.747 0.8999999762
39505  -15.959  -26.716  54.011 0.8000000119
109254  -15.372  -25.957  52.709 0.8000000119
106140  -15.931  -25.767  51.459 0.8000000119
40349  -36.029  -25.879  54.506 0.3000000119
124782  -16.678  -25.776  51.162 0.8000000119
40328  -37.029  -25.620  54.870 0.6999999881
41313  -17.530  -24.603  48.392 0.6999999881
41339  -17.752  -24.384  47.520 0.6999999881
41236  -38.435  -24.360  52.591 0.6999999881
110983  -17.136  -24.113  46.865 0.6000000238
122727  -17.802  -23.814  44.988 0.5000000000
42340  -18.117  -24.119  43.518 0.5000000000
41390  -17.799  -23.891  44.031 0.5000000000
43148  -37.226  -22.927  50.093 1.0000000000
41409  -18.481  -24.298  43.132 0.6000000238
41410  -19.266  -24.351  43.471 0.6000000238
113346  -35.767  -23.368  48.535 1.0000000000
44044  -35.311  -21.842  47.778 1.0000000000
40360  -22.654  -25.080  52.552 0.2000000030
41235  -38.370  -24.962  53.222 0.6999999881
41212  -38.178  -25.108  54.082 0.6999999881
41260  -38.438  -23.701  52.074 0.8000000119
43207  -32.334  -22.697  44.592 0.8999999762
43219  -31.850  -22.327  44.025 0.8999999762
111069  -37.319  -24.589  54.964 0.4000000060
43086  -37.762  -22.719  54.961 0.4000000060
43122  -38.588  -22.948  52.117 0.8000000119
112707  -36.777  -20.897  49.068 1.0000000000
43956  -38.640  -21.706  53.788 0.6000000238
43940  -38.253  -21.696  54.531 0.5000000000
105308  -38.636  -22.199  52.141 0.6999999881
119603  -38.423  -20.793  54.041 0.6000000238
44866  -38.500  -21.104  51.915 0.8000000119
44853  -38.481  -20.850  52.449 0.8000000119
44865  -38.210  -20.579  51.699 0.8999999762
45712  -36.647  -19.307  48.494 1.0000000000
45803  -32.825  -18.869  41.597 0.8000000119
43921  -36.686  -21.804  55.559 0.2000000030
43939  -37.582  -21.819  55.243 0.3000000119
117994  -37.366  -21.105  55.419 0.2000000030
44838  -38.009  -19.918  54.045 0.6000000238
45651  -37.516  -19.460  54.737 0.5000000000
45684  -37.748  -19.894  51.516 0.8999999762
45672  -37.015  -19.311  51.991 0.8999999762
46497  -37.109  -18.865  54.560 0.6000000238
46517  -36.701  -18.967  52.861 0.8999999762
46544  -35.874  -18.386  50.494 0.8999999762
108321  -35.173  -17.449  46.796 0.8999999762
47620  -34.644  -17.772  43.473 0.8999999762
46496  -36.604  -18.178  55.145 0.6000000238
46516  -36.150  -18.522  52.903 0.8999999762
47513  -35.366  -17.858  49.913 0.8999999762
48649  -34.707  -17.129  45.582 0.8999999762
48712  -33.173  -16.617  41.088 0.6999999881
47476  -35.147  -17.478  53.156 0.8999999762
124974  -36.212  -17.611  55.465 0.5000000000
47512  -34.619  -17.173  50.273 0.8999999762
48744  -32.323  -16.426  38.674 0.5000000000
49794  -32.526  -15.607  39.255 0.6000000238
49808  -32.437  -15.475  38.408 0.5000000000
120898  -33.651  -13.297  48.377 0.8000000119
118153  -35.394  -13.054  46.645 0.8000000119
49911  -34.377  -15.873  31.822 0.3000000119
49891  -35.802  -15.424  32.248 0.3000000119
49892  -36.731  -15.605  32.324 0.3000000119
48816  -37.454  -16.286  32.350 0.3000000119
52501  -35.085  -11.953  51.667 0.8999999762
50689  -33.241  -14.075  49.859 0.8999999762
51702  -35.460  -13.273  45.879 0.6999999881
51774  -33.734  -13.850  39.344 0.5000000000
50775  -37.760  -13.920  43.237 0.6999999881
50853  -33.326  -14.433  36.354 0.4000000060
48795  -42.143  -17.017  35.031 0.3000000119
48817  -38.280  -16.109  32.432 0.3000000119
50923  -37.861  -14.934  32.831 0.3000000119
49894  -38.379  -15.364  32.728 0.3000000119
49873  -38.907  -15.195  33.068 0.3000000119
53407  -37.726  -11.381  54.154 0.6999999881
121980  -37.273  -12.279  52.695 0.6999999881
51729  -34.510  -13.548  43.964 0.6999999881
106932  -34.672  -13.536  42.336 0.6999999881
51742  -35.558  -13.500  42.766 0.6999999881
51749  -34.580  -13.518  41.454 0.6000000238
108017  -38.549  -14.142  44.649 0.6999999881
50725  -39.420  -14.329  46.503 0.6999999881
51744  -37.106  -13.754  41.969 0.6999999881
107047  -37.779  -14.030  42.481 0.6999999881
115426  -38.899  -14.395  43.913 0.6999999881
50760  -39.377  -14.529  44.694 0.6999999881
50743  -39.441  -14.448  45.620 0.6999999881
50798  -38.385  -14.421  41.224 0.6999999881
50789  -38.419  -14.407  42.104 0.6999999881
50790  -39.155  -14.689  42.529 0.6999999881
50777  -39.612  -14.775  43.838 0.6999999881
49733  -39.853  -15.075  43.015 0.6999999881
50807  -39.063  -14.685  40.770 0.6999999881
49785  -40.439  -15.409  40.532 0.6999999881
50829  -39.621  -14.807  38.715 0.6000000238
49797  -41.131  -15.696  39.988 0.6000000238
50895  -36.267  -13.968  34.300 0.3000000119
50874  -37.792  -14.180  35.227 0.4000000060
50875  -38.535  -14.354  35.686 0.3000000119
50909  -39.092  -14.884  33.661 0.3000000119
47727  -42.972  -18.237  35.342 0.3000000119
50906  -36.057  -14.317  33.309 0.3000000119
50907  -37.525  -14.608  33.222 0.3000000119
49860  -39.835  -14.939  34.990 0.3000000119
49849  -41.104  -15.787  35.434 0.3000000119
49862  -41.183  -16.028  34.761 0.3000000119
48779  -42.179  -16.769  35.791 0.3000000119
47713  -43.142  -18.126  36.020 0.3000000119
47728  -45.705  -18.223  34.463 0.3000000119
46744  -44.881  -18.398  36.019 0.3000000119
110682  -44.942  -18.690  34.205 0.3000000119
52486  -38.004  -12.238  53.592 0.8000000119
51575  -38.940  -13.504  52.695 0.5000000000
51558  -40.010  -13.398  53.852 0.6000000238
51594  -38.119  -13.362  51.043 0.6999999881
49702  -40.724  -15.343  44.813 0.6999999881
107428  -35.786  -13.643  38.475 0.5000000000
50805  -37.736  -14.219  39.915 0.6999999881
51768  -37.100  -13.954  39.391 0.5000000000
51786  -36.428  -13.779  38.080 0.5000000000
50827  -37.873  -14.303  38.238 0.4000000060
108383  -36.113  -13.703  37.280 0.4000000060
50840  -36.998  -13.878  36.969 0.4000000060
51787  -37.176  -14.013  37.811 0.4000000060
50828  -38.701  -14.539  38.699 0.5000000000
116968  -38.556  -14.463  37.864 0.4000000060
50843  -39.367  -14.645  37.835 0.6000000238
51796  -36.310  -13.726  36.523 0.4000000060
117128  -40.490  -15.254  37.982 0.3000000119
49836  -39.751  -14.781  35.891 0.3000000119
50857  -38.640  -14.387  36.545 0.3000000119
106340  -39.481  -14.637  36.786 0.3000000119
49837  -40.299  -15.112  36.589 0.3000000119
122279  -41.557  -16.043  36.842 0.3000000119
48755  -41.616  -16.035  37.688 0.3000000119
126044  -42.055  -16.550  36.450 0.3000000119
47701  -43.327  -18.023  36.855 0.3000000119
46708  -44.141  -18.543  38.057 0.3000000119
47715  -46.330  -17.401  35.692 0.3000000119
115087  -40.888  -14.790  52.801 0.6999999881
49735  -41.239  -15.825  43.576 0.6999999881
49677  -41.260  -15.141  49.289 0.8000000119
49666  -41.933  -15.627  49.943 0.8000000119
49651  -42.592  -16.186  50.650 0.8000000119
48531  -43.337  -16.578  51.243 0.6000000238
49685  -41.185  -15.145  48.225 0.8000000119
48565  -43.357  -16.767  50.209 0.8999999762
112886  -41.408  -15.476  47.002 0.6999999881
49703  -41.389  -15.771  45.272 0.6999999881
48734  -42.396  -16.686  39.808 0.5000000000
106813  -43.018  -17.266  42.098 0.6999999881
48546  -44.876  -17.225  50.766 0.8999999762
47529  -44.835  -17.830  49.400 0.8999999762
119467  -45.435  -17.905  49.470 0.8999999762
49652  -46.021  -14.995  50.914 0.6999999881
47546  -46.536  -18.472  48.288 1.0000000000
47530  -46.341  -17.946  49.080 0.8999999762
48591  -46.891  -17.436  49.045 0.8999999762
48569  -47.076  -16.818  49.499 0.8000000119
47578  -44.062  -18.146  46.422 0.8999999762
47671  -43.672  -17.885  39.723 0.5000000000
46697  -44.171  -18.456  39.388 0.4000000060
114454  -44.910  -18.918  38.987 0.4000000060
46580  -46.702  -19.072  47.446 1.0000000000
49687  -47.487  -15.274  48.964 0.6999999881
46623  -45.444  -19.110  45.305 0.8999999762
112422  -47.081  -18.707  47.664 0.8999999762
47579  -47.129  -19.010  47.137 1.0000000000
122459  -46.505  -17.334  47.561 0.8999999762
106093  -44.685  -18.712  44.389 0.8999999762
46593  -47.214  -19.123  46.312 1.0000000000
48653  -46.575  -17.732  46.261 0.8999999762
47594  -47.342  -18.775  46.393 1.0000000000
49695  -45.078  -16.047  46.740 0.8000000119
46641  -44.987  -18.951  43.542 0.6999999881
118682  -46.906  -19.436  45.010 0.8999999762
45746  -47.450  -19.121  45.362 1.0000000000
47609  -46.764  -17.892  45.377 1.0000000000
46655  -44.333  -18.482  42.039 0.6999999881
46656  -45.163  -19.102  42.553 0.6999999881
45764  -46.775  -19.424  44.346 1.0000000000
45792  -46.908  -19.328  43.600 0.8999999762
47610  -47.641  -18.641  44.937 1.0000000000
46642  -47.667  -19.048  44.362 1.0000000000
107785  -47.286  -17.969  44.620 1.0000000000
46674  -44.880  -19.011  41.656 0.6999999881
46657  -46.168  -19.382  42.738 0.6999999881
46643  -47.933  -18.395  43.928 1.0000000000
46659  -47.991  -18.344  43.133 0.8000000119
46688  -45.929  -19.200  41.077 0.5000000000
46676  -46.940  -18.939  42.136 0.6000000238
47640  -47.951  -17.539  43.204 0.8000000119
107058  -46.166  -18.917  40.304 0.4000000060
46677  -48.152  -18.090  42.324 0.6000000238
47663  -49.018  -16.977  41.972 0.6000000238
107243  -48.806  -16.984  40.515 0.4000000060
112078  -45.871  -16.761  42.306 0.8000000119
50763  -44.269  -14.221  45.263 0.6000000238
112549  -43.898  -15.822  42.115 0.8000000119
49828  -46.279  -15.146  38.126 0.5000000000
50762  -43.747  -14.570  44.582 0.6999999881
51733  -43.783  -13.379  43.631 0.6000000238
120977  -44.335  -15.952  40.452 0.8000000119
117390  -42.434  -14.337  39.714 0.6000000238
49787  -43.874  -15.618  39.920 0.6000000238
49798  -44.322  -15.635  39.162 0.6000000238
50818  -42.399  -14.307  38.878 0.6000000238
50831  -42.923  -14.749  38.430 0.5000000000
50830  -42.437  -14.303  38.073 0.4000000060
50844  -42.597  -14.345  37.238 0.5000000000
50859  -42.790  -14.406  36.306 0.4000000060
52607  -45.854  -11.888  44.080 0.6999999881
52621  -43.847  -12.248  42.037 0.6999999881
109674  -43.514  -11.956  41.161 0.6999999881
52626  -42.877  -12.829  41.625 0.6999999881
108423  -42.171  -13.533  40.161 0.6000000238
108584  -42.207  -12.714  40.001 0.6000000238
51779  -41.897  -13.578  38.561 0.6000000238
122500  -41.681  -12.473  37.855 0.6999999881
53656  -41.704  -11.919  37.438 0.6000000238
51797  -41.592  -13.227  37.076 0.5000000000
122673  -41.381  -12.799  36.633 0.6999999881
55385  -42.621  -9.797  36.134 0.6000000238
54561  -41.967  -10.375  35.782 0.6000000238
51809  -42.056  -13.875  35.858 0.4000000060
54560  -41.672  -10.268  35.151 0.6999999881
121521  -46.823  -10.671  43.696 0.6000000238
56316  -43.513  -8.608  35.778 0.6000000238
55402  -41.613  -9.794  34.526 0.6999999881
31517  -18.107  -36.207  48.956 0.1000000015
30655  -18.097  -37.058  49.061 0.1000000015
32278  -18.283  -35.649  49.688 0.1000000015
27843  -15.665  -40.800  55.586 0.1000000015
29717  -17.713  -38.579  51.922 0.1000000015
25295  -15.670  -43.198  56.112 0.1000000015
29726  -17.808  -38.531  50.876 0.1000000015
24539  -15.760  -44.060  55.734 0.1000000015
30642  -18.267  -37.358  49.857 0.1000000015
25297  -14.118  -43.604  55.304 0.1000000015
32288  -17.972  -35.298  48.939 0.1000000015
27850  -15.942  -40.241  54.855 0.1000000015
27859  -16.126  -40.112  53.606 0.1000000015
26086  -15.959  -41.872  56.635 0.1000000015
26967  -15.585  -41.508  56.118 0.1000000015
28781  -16.675  -39.506  53.192 0.1000000015
26088  -15.439  -42.438  56.075 0.1000000015
125331  -17.561  -38.734  50.003 0.1000000015
28806  -17.303  -39.175  51.494 0.1000000015
25294  -14.967  -43.151  55.660 0.1000000015
26091  -14.638  -42.748  55.174 0.1000000015
105119  -14.894  -43.800  55.567 0.1000000015
33077  -17.760  -34.487  48.963 0.1000000015
33065  -18.060  -34.574  49.806 0.1000000015
27849  -15.586  -40.875  54.588 0.1000000015
26971  -15.370  -41.456  54.989 0.1000000015
28794  -16.758  -39.662  52.081 0.1000000015
26979  -15.274  -41.389  53.945 0.1000000015
26978  -14.888  -42.048  54.454 0.1000000015
26092  -15.196  -42.072  55.396 0.1000000015
29737  -17.966  -38.124  49.963 0.1000000015
26097  -14.296  -42.568  54.078 0.1000000015
33064  -17.639  -33.627  49.480 0.1000000015
33851  -17.284  -32.681  49.057 0.1000000015
27870  -15.819  -40.564  52.978 0.1000000015
27871  -16.247  -40.145  52.597 0.1000000015
26992  -15.322  -41.195  52.886 0.1000000015
28805  -16.758  -39.726  51.101 0.1000000015
26991  -14.667  -41.910  53.335 0.1000000015
26096  -14.029  -42.436  53.283 0.1000000015
26108  -14.143  -42.113  52.541 0.1000000015
27884  -16.256  -40.245  51.629 0.1000000015
27883  -15.738  -40.698  52.174 0.1000000015
27006  -15.144  -41.235  51.890 0.1000000015
28815  -17.256  -39.218  50.520 0.1000000015
123931  -14.730  -41.630  52.442 0.1000000015
26107  -13.533  -42.666  52.805 0.1000000015
34615  -17.480  -31.693  49.850 0.1000000015
27911  -15.372  -40.527  49.620 0.1000000015
27912  -16.079  -40.181  49.787 0.1000000015
112001  -15.692  -40.545  50.336 0.1000000015
27898  -16.211  -40.240  50.689 0.1000000015
27897  -15.611  -40.767  51.172 0.1000000015
28814  -16.672  -39.727  50.149 0.1000000015
108752  -17.124  -39.194  49.583 0.1000000015
27019  -14.945  -41.249  51.131 0.1000000015
29735  -16.864  -39.076  48.634 0.1000000015
27005  -14.367  -41.685  51.650 0.1000000015
27018  -14.336  -41.402  50.566 0.1000000015
27004  -13.784  -41.863  51.070 0.1000000015
117229  -13.523  -42.333  51.824 0.1000000015
110468  -17.654  -34.915  48.168 0.1000000015
26106  -12.905  -42.967  52.346 0.1000000015
33076  -17.487  -33.905  48.468 0.1000000015
25309  -13.070  -43.204  53.113 0.1000000015
34621  -17.080  -31.559  48.971 0.1000000015
35329  -17.375  -31.155  49.206 0.1000000015
120454  -17.715  -30.872  49.216 0.1000000015
109824  -19.365  -31.987  48.618 0.1000000015
35338  -18.683  -30.914  47.748 0.1000000015
33873  -19.396  -33.547  46.333 0.1000000015
31537  -19.661  -36.028  46.645 0.1000000015
33890  -18.868  -33.642  44.750 0.1000000015
27896  -15.118  -40.943  50.402 0.1000000015
28825  -16.474  -39.657  49.202 0.1000000015
28824  -15.767  -40.073  48.909 0.1000000015
28837  -16.147  -39.519  48.291 0.1000000015
27036  -13.919  -41.322  49.715 0.1000000015
29736  -17.502  -38.456  49.119 0.1000000015
110033  -17.451  -37.203  47.688 0.1000000015
26134  -13.133  -42.207  50.879 0.1000000015
32287  -17.764  -35.867  48.148 0.1000000015
34632  -16.967  -32.214  48.354 0.1000000015
34631  -16.814  -31.417  48.187 0.1000000015
36088  -17.430  -30.676  48.754 0.1000000015
125765  -17.672  -30.374  48.350 0.1000000015
123475  -19.075  -31.877  47.222 0.1000000015
30664  -19.877  -37.323  47.181 0.1000000015
104477  -19.280  -35.692  45.331 0.1000000015
30675  -19.643  -36.928  46.529 0.1000000015
125297  -19.792  -37.704  46.489 0.1000000015
111026  -19.276  -36.449  44.777 0.1000000015
121781  -19.432  -37.088  45.053 0.1000000015
29786  -20.667  -38.740  45.942 0.1000000015
28865  -21.133  -39.187  46.612 0.1000000015
30691  -19.792  -37.636  44.738 0.1000000015
27925  -14.922  -40.401  48.700 0.1000000015
28836  -15.374  -39.846  48.063 0.1000000015
123624  -14.385  -40.703  48.832 0.1000000015
27943  -14.228  -39.864  47.662 0.1000000015
28835  -14.719  -40.054  47.946 0.1000000015
27910  -14.581  -40.925  49.552 0.1000000015
27924  -14.147  -40.436  48.212 0.1000000015
27909  -13.860  -41.009  48.890 0.1000000015
28851  -15.679  -39.197  47.499 0.1000000015
27017  -13.541  -41.709  50.284 0.1000000015
29761  -16.663  -38.332  47.376 0.1000000015
28852  -16.447  -38.900  47.753 0.1000000015
27035  -13.238  -41.470  49.289 0.1000000015
29745  -17.123  -38.432  48.077 0.1000000015
31516  -17.779  -36.744  48.269 0.1000000015
26120  -12.657  -42.697  51.475 0.1000000015
27016  -12.800  -42.016  49.961 0.1000000015
33862  -17.192  -33.210  47.907 0.1000000015
35328  -17.034  -30.889  48.598 0.1000000015
36094  -17.545  -30.074  47.785 0.1000000015
28867  -22.604  -39.579  46.425 0.1000000015
33113  -18.855  -34.533  44.314 0.1000000015
112784  -20.484  -38.425  45.301 0.1000000015
28866  -21.835  -39.462  46.524 0.1000000015
111782  -18.600  -33.749  43.849 0.1000000015
32333  -19.042  -35.600  44.355 0.1000000015
114493  -18.369  -33.015  43.411 0.1000000015
32332  -18.801  -35.190  43.638 0.1000000015
30703  -19.788  -37.305  43.717 0.1000000015
29799  -20.230  -38.141  44.844 0.1000000015
33899  -18.413  -33.783  42.944 0.1000000015
32339  -18.953  -35.923  43.369 0.1000000015
31561  -19.375  -36.659  43.011 0.1000000015
32360  -18.693  -35.359  41.951 0.1000000015
28849  -13.875  -39.229  47.369 0.1000000015
27942  -13.535  -39.986  47.677 0.1000000015
29756  -12.597  -38.504  47.681 0.1000000015
28850  -14.795  -39.406  47.437 0.1000000015
28834  -12.220  -39.184  47.760 0.1000000015
123322  -13.296  -41.122  48.697 0.1000000015
111852  -13.260  -40.663  48.206 0.1000000015
29759  -15.212  -38.669  46.976 0.1000000015
29771  -14.767  -37.998  46.742 0.1000000015
27051  -12.757  -41.182  48.561 0.1000000015
27923  -12.386  -40.580  48.097 0.1000000015
29760  -16.024  -38.549  47.032 0.1000000015
30674  -17.118  -37.210  47.039 0.1000000015
30673  -16.478  -37.783  46.819 0.1000000015
32297  -17.400  -35.493  47.292 0.1000000015
126028  -17.071  -36.732  46.836 0.1000000015
33085  -17.289  -34.341  47.343 0.1000000015
33872  -16.993  -33.490  47.049 0.1000000015
35337  -16.836  -30.582  47.862 0.1000000015
36087  -17.192  -30.355  48.160 0.1000000015
28877  -22.077  -39.271  45.816 0.1000000015
113459  -23.334  -39.536  46.304 0.1000000015
28869  -25.062  -39.271  46.574 0.1000000015
117799  -20.759  -38.366  44.693 0.1000000015
28878  -22.915  -39.209  45.642 0.1000000015
28870  -25.805  -38.806  46.706 0.1000000015
29764  -27.019  -38.284  47.393 0.1000000015
30692  -20.331  -37.928  44.195 0.1000000015
29800  -21.574  -38.560  44.691 0.1000000015
29790  -24.211  -38.560  45.416 0.1000000015
30685  -24.537  -37.946  45.109 0.1000000015
33135  -18.495  -34.557  42.468 0.1000000015
32349  -18.711  -35.290  42.869 0.1000000015
30704  -20.535  -37.649  43.390 0.1000000015
29811  -21.955  -38.231  43.895 0.1000000015
30693  -23.606  -37.863  44.207 0.1000000015
107443  -19.099  -36.037  41.811 0.1000000015
30717  -20.039  -37.171  42.648 0.1000000015
30706  -22.460  -37.715  43.346 0.1000000015
31582  -19.641  -36.317  41.317 0.1000000015
30719  -21.495  -37.295  42.360 0.1000000015
31506  -12.427  -36.413  49.709 0.1000000015
104273  -12.462  -36.822  48.911 0.1000000015
124383  -12.007  -36.870  50.019 0.1000000015
30640  -12.072  -37.148  49.284 0.1000000015
29757  -13.390  -38.578  47.390 0.1000000015
30652  -12.314  -37.619  48.346 0.1000000015
123208  -13.898  -38.622  47.226 0.1000000015
29744  -11.829  -38.558  48.151 0.1000000015
124255  -13.749  -37.280  47.198 0.1000000015
29758  -14.406  -38.667  47.098 0.1000000015
27940  -12.219  -39.864  47.818 0.1000000015
27941  -12.823  -40.099  47.754 0.1000000015
26151  -11.966  -42.283  49.629 0.1000000015
27034  -12.387  -41.732  49.062 0.1000000015
104401  -15.913  -37.203  46.391 0.1000000015
30672  -15.148  -37.261  46.462 0.1000000015
31535  -16.169  -36.409  46.181 0.1000000015
115763  -16.633  -36.947  46.583 0.1000000015
30663  -17.146  -37.815  47.501 0.1000000015
26133  -12.327  -42.504  50.547 0.1000000015
31523  -17.404  -36.500  47.364 0.1000000015
33861  -16.808  -32.446  47.358 0.1000000015
126158  -16.617  -31.364  47.364 0.1000000015
115171  -25.325  -37.916  45.931 0.1000000015
30686  -25.056  -37.559  45.486 0.1000000015
30677  -25.630  -37.162  46.069 0.1000000015
30666  -27.298  -37.312  47.813 0.1000000015
33910  -18.270  -33.800  42.072 0.1000000015
124903  -24.749  -37.286  44.990 0.1000000015
34698  -17.980  -33.050  41.644 0.1000000015
32361  -18.971  -35.685  41.203 0.1000000015
30720  -22.914  -37.185  42.868 0.1000000015
31555  -24.663  -36.679  44.516 0.1000000015
33159  -18.441  -34.547  40.846 0.1000000015
31583  -20.549  -36.660  41.337 0.1000000015
30733  -21.476  -36.784  41.625 0.1000000015
31584  -22.255  -36.265  41.343 0.1000000015
32270  -12.553  -35.759  50.250 0.1000000015
31497  -12.198  -36.369  50.666 0.1000000015
32277  -12.677  -35.802  49.609 0.1000000015
30651  -11.628  -37.922  48.918 0.1000000015
31514  -12.730  -36.210  48.975 0.1000000015
30661  -13.140  -37.675  47.590 0.1000000015
28832  -10.847  -39.868  48.505 0.1000000015
28833  -11.567  -39.457  48.091 0.1000000015
31515  -13.150  -36.030  48.191 0.1000000015
30662  -13.389  -36.770  47.604 0.1000000015
27922  -11.528  -40.455  48.251 0.1000000015
30671  -13.830  -36.719  47.051 0.1000000015
29770  -14.364  -37.175  46.745 0.1000000015
27033  -11.530  -41.855  48.920 0.1000000015
27050  -11.930  -41.224  48.462 0.1000000015
31532  -14.148  -36.319  46.634 0.1000000015
29772  -15.588  -37.957  46.659 0.1000000015
32310  -16.901  -35.097  46.487 0.1000000015
31536  -16.907  -36.132  46.598 0.1000000015
33093  -16.763  -34.139  46.402 0.1000000015
35347  -16.483  -30.555  46.847 0.1000000015
31526  -26.791  -36.857  47.280 0.1000000015
30658  -28.420  -37.024  49.237 0.1000000015
31547  -25.841  -36.297  45.767 0.1000000015
31571  -23.292  -36.458  42.529 0.2000000030
32323  -25.438  -35.961  44.832 0.2000000030
32312  -26.555  -35.883  46.207 0.2000000030
32373  -18.768  -35.197  40.609 0.1000000015
31597  -20.284  -36.238  40.580 0.1000000015
31598  -21.385  -36.259  40.747 0.1000000015
31585  -23.002  -36.078  41.819 0.2000000030
31572  -23.993  -36.052  42.991 0.2000000030
32352  -24.444  -35.455  42.594 0.2000000030
32388  -20.462  -35.517  39.492 0.1000000015
104316  -21.800  -35.562  40.067 0.1000000015
112177  -23.144  -35.285  40.794 0.2000000030
30614  -11.224  -36.956  53.110 0.1000000015
30622  -11.249  -37.154  52.047 0.1000000015
117545  -11.715  -36.529  52.236 0.1000000015
31484  -12.126  -35.925  52.345 0.1000000015
30629  -10.703  -37.864  51.047 0.1000000015
30630  -11.199  -37.397  51.187 0.1000000015
31490  -11.699  -36.757  51.372 0.1000000015
32263  -12.464  -35.523  51.054 0.1000000015
29725  -11.022  -37.796  50.331 0.1000000015
31496  -11.637  -37.102  50.567 0.1000000015
29733  -10.621  -38.532  49.691 0.1000000015
29734  -11.158  -38.077  49.477 0.1000000015
30639  -11.586  -37.462  49.772 0.1000000015
29743  -11.068  -38.792  48.768 0.1000000015
32285  -12.828  -35.395  49.008 0.1000000015
114215  -13.585  -36.067  47.288 0.1000000015
121822  -13.325  -35.666  47.784 0.1000000015
31533  -14.791  -36.523  46.300 0.1000000015
31545  -15.633  -35.847  45.828 0.1000000015
32309  -16.341  -35.567  46.017 0.1000000015
33871  -16.598  -33.176  46.382 0.1000000015
34645  -16.463  -32.072  46.438 0.1000000015
32290  -27.958  -36.085  48.534 0.2000000030
105658  -27.636  -35.527  47.217 0.2000000030
33080  -28.886  -34.746  48.519 0.2000000030
34706  -17.928  -33.039  40.717 0.2000000030
33930  -18.219  -33.886  40.209 0.1000000015
32341  -25.488  -35.433  43.812 0.2000000030
33094  -27.820  -34.716  45.989 0.2000000030
33087  -28.743  -34.399  47.521 0.2000000030
33176  -19.105  -34.779  39.163 0.2000000030
32353  -25.171  -35.207  42.908 0.2000000030
32342  -26.240  -35.010  43.695 0.2000000030
32325  -27.034  -35.288  45.447 0.2000000030
32407  -20.628  -35.076  38.866 0.2000000030
32390  -22.708  -35.096  40.044 0.2000000030
32377  -23.950  -34.846  40.977 0.2000000030
33136  -24.965  -34.857  42.115 0.2000000030
31483  -11.684  -36.324  53.068 0.1000000015
32253  -12.072  -35.664  53.129 0.1000000015
32257  -12.406  -35.236  52.374 0.1000000015
31491  -12.174  -36.132  51.585 0.1000000015
33037  -12.538  -34.439  52.311 0.1000000015
33046  -12.575  -34.715  50.924 0.1000000015
107912  -12.376  -35.555  51.799 0.1000000015
111799  -12.540  -34.930  51.658 0.1000000015
120868  -12.592  -35.176  50.467 0.1000000015
113302  -12.674  -35.236  49.856 0.1000000015
33074  -12.901  -34.570  48.589 0.1000000015
33075  -13.184  -34.431  47.632 0.1000000015
32308  -15.059  -36.019  45.889 0.1000000015
32320  -15.004  -35.240  45.653 0.1000000015
33092  -16.334  -34.691  45.854 0.1000000015
33103  -15.556  -34.294  45.454 0.1000000015
33881  -16.270  -33.767  45.737 0.1000000015
33879  -14.824  -33.496  45.169 0.1000000015
34656  -15.786  -32.476  45.216 0.1000000015
109866  -16.080  -31.677  45.612 0.1000000015
35354  -15.679  -31.087  45.071 0.1000000015
35355  -16.222  -30.304  45.882 0.1000000015
33095  -28.658  -33.999  46.567 0.2000000030
33088  -29.554  -33.736  48.307 0.2000000030
33195  -19.241  -34.368  38.408 0.2000000030
33177  -21.496  -34.899  38.918 0.2000000030
33137  -25.581  -34.508  42.045 0.2000000030
33105  -27.624  -34.505  45.140 0.2000000030
115265  -22.065  -35.036  39.406 0.2000000030
33198  -23.108  -34.231  38.840 0.2000000030
33178  -23.327  -34.517  39.635 0.2000000030
33146  -24.627  -34.704  41.431 0.2000000030
106023  -22.690  -34.665  39.333 0.2000000030
32254  -12.106  -35.405  53.982 0.1000000015
33028  -12.469  -34.452  53.853 0.1000000015
33809  -12.615  -33.378  53.771 0.1000000015
115490  -12.604  -33.211  52.928 0.1000000015
114265  -12.561  -33.586  52.302 0.1000000015
107601  -12.561  -34.021  51.510 0.1000000015
33824  -12.544  -33.203  51.722 0.1000000015
113442  -12.575  -33.967  50.632 0.1000000015
33053  -12.621  -34.615  50.207 0.1000000015
116014  -12.552  -33.245  51.029 0.1000000015
112399  -12.551  -33.217  50.230 0.1000000015
33839  -12.612  -33.900  49.822 0.1000000015
33063  -12.715  -34.612  49.442 0.1000000015
108518  -12.705  -33.867  48.975 0.1000000015
33850  -12.866  -33.903  48.253 0.1000000015
33084  -13.588  -34.734  46.666 0.1000000015
119083  -12.779  -32.631  47.776 0.1000000015
113409  -13.380  -33.860  46.787 0.1000000015
33870  -13.510  -33.325  46.113 0.1000000015
33102  -14.476  -34.314  45.553 0.1000000015
34654  -13.624  -32.716  45.616 0.1000000015
34655  -14.212  -32.802  45.074 0.1000000015
33880  -15.685  -33.251  45.290 0.1000000015
35362  -14.989  -31.588  44.658 0.1000000015
119212  -15.612  -31.932  44.958 0.1000000015
36125  -15.198  -30.730  44.695 0.1000000015
50644  -41.975  -14.291  53.365 0.3000000119
33116  -27.535  -34.224  44.381 0.2000000030
33106  -28.259  -33.980  45.567 0.2000000030
33864  -29.350  -33.571  47.459 0.2000000030
33964  -19.292  -33.279  37.109 0.2000000030
33117  -28.001  -33.894  44.857 0.2000000030
124624  -29.427  -32.710  46.218 0.2000000030
33966  -20.785  -33.642  37.173 0.2000000030
33941  -23.872  -33.971  39.153 0.2000000030
33148  -25.941  -34.171  41.768 0.2000000030
33911  -26.548  -33.723  41.909 0.2000000030
33982  -22.021  -32.962  36.745 0.2000000030
33954  -24.376  -33.280  38.721 0.2000000030
33943  -25.256  -33.261  39.709 0.2000000030
33933  -26.362  -32.978  40.674 0.2000000030
108839  -29.307  -31.951  43.940 0.2000000030
34738  -23.804  -32.268  37.316 0.2000000030
34728  -24.867  -32.490  38.421 0.2000000030
118969  -27.669  -31.586  39.597 0.2000000030
114885  -28.588  -31.630  40.345 0.2000000030
35429  -28.032  -31.577  38.783 0.2000000030
37149  -27.528  -29.692  32.344 0.2000000030
44250  -26.346  -21.473  31.759 0.2000000030
45055  -26.525  -20.342  32.604 0.3000000119
46753  -26.971  -18.244  34.622 0.3000000119
108542  -28.719  -32.800  44.677 0.2000000030
33901  -28.156  -32.921  43.393 0.2000000030
33912  -27.309  -33.170  42.197 0.2000000030
107132  -28.612  -32.311  43.229 0.2000000030
34737  -22.897  -32.716  37.021 0.2000000030
34755  -23.234  -32.018  36.702 0.2000000030
117007  -25.567  -32.132  38.803 0.2000000030
34708  -26.829  -32.284  40.526 0.2000000030
34709  -27.485  -32.104  41.096 0.2000000030
35403  -28.265  -31.724  41.070 0.2000000030
34739  -24.624  -32.018  37.786 0.2000000030
35442  -25.164  -31.170  37.488 0.2000000030
35414  -27.019  -31.511  39.174 0.2000000030
35402  -27.798  -31.672  40.360 0.2000000030
47676  -29.943  -17.660  38.120 0.4000000060
35462  -25.995  -30.904  37.082 0.2000000030
35463  -27.005  -31.260  36.807 0.2000000030
106834  -26.988  -30.776  34.718 0.2000000030
46731  -28.065  -17.796  36.733 0.4000000060
36302  -26.133  -30.192  32.905 0.2000000030
36303  -27.060  -30.145  32.871 0.2000000030
38039  -26.712  -28.856  30.887 0.2000000030
46740  -26.575  -18.766  35.320 0.4000000060
37148  -26.617  -29.772  32.220 0.2000000030
38060  -25.965  -28.251  30.373 0.2000000030
108105  -26.321  -27.576  29.910 0.2000000030
41667  -26.297  -24.559  29.540 0.2000000030
45863  -26.159  -19.433  34.313 0.3000000119
38909  -25.434  -27.526  30.051 0.2000000030
38928  -25.895  -26.889  29.637 0.2000000030
39830  -25.619  -26.120  29.588 0.2000000030
123486  -36.570  -19.110  55.787 0.2000000030
44813  -37.433  -20.167  55.281 0.4000000060
35478  -21.082  -31.623  35.623 0.2000000030
110880  -20.735  -30.818  35.336 0.2000000030
35479  -22.422  -30.819  35.604 0.2000000030
35459  -22.035  -31.614  35.845 0.2000000030
35480  -23.322  -30.416  35.730 0.2000000030
35461  -24.601  -30.927  36.883 0.2000000030
46718  -29.149  -17.901  37.840 0.4000000060
46706  -30.516  -17.995  38.807 0.4000000060
36201  -24.781  -30.562  36.308 0.2000000030
36202  -25.616  -30.672  36.253 0.2000000030
36249  -25.527  -30.432  34.480 0.2000000030
46716  -27.729  -18.443  37.173 0.4000000060
36281  -25.421  -30.243  33.481 0.2000000030
46729  -26.806  -18.744  36.122 0.4000000060
37169  -25.292  -29.320  31.531 0.2000000030
38038  -25.615  -28.895  30.926 0.2000000030
42547  -25.840  -24.128  29.929 0.2000000030
42539  -26.217  -23.386  30.220 0.2000000030
45039  -26.146  -20.219  33.170 0.2000000030
41666  -25.599  -24.874  29.731 0.2000000030
104725  -26.041  -22.186  31.553 0.2000000030
46479  -35.444  -18.220  56.602 0.2000000030
45632  -36.034  -18.984  56.276 0.3000000119
47445  -35.679  -17.527  56.539 0.2000000030
124521  -34.859  -16.599  54.146 0.5000000000
37066  -19.764  -29.340  35.674 0.4000000060
117975  -20.230  -30.009  35.335 0.2000000030
116295  -21.030  -30.050  35.123 0.2000000030
37086  -20.736  -28.671  35.047 0.3000000119
37068  -21.775  -29.556  34.913 0.2000000030
36222  -22.606  -29.992  35.277 0.2000000030
36223  -23.392  -29.858  35.124 0.2000000030
36200  -23.981  -30.692  36.335 0.2000000030
46705  -29.559  -18.279  38.551 0.5000000000
112627  -24.744  -30.240  34.886 0.2000000030
36280  -24.738  -30.130  34.043 0.2000000030
46704  -28.748  -18.535  38.246 0.4000000060
37120  -24.684  -29.867  33.107 0.2000000030
125996  -24.735  -29.214  31.584 0.2000000030
38908  -24.622  -27.320  30.339 0.2000000030
39829  -24.994  -25.896  29.867 0.2000000030
112415  -25.619  -23.790  30.614 0.2000000030
44249  -25.790  -21.925  32.228 0.2000000030
40679  -25.130  -25.255  29.925 0.2000000030
46465  -34.998  -17.508  56.960 0.2000000030
48447  -34.138  -16.248  57.490 0.1000000015
50606  -34.405  -14.813  57.229 0.1000000015
49553  -35.364  -16.351  56.554 0.1000000015
50615  -34.563  -14.623  57.051 0.2000000030
110641  -34.758  -15.378  55.752 0.4000000060
50624  -34.233  -13.656  56.124 0.3000000119
107892  -33.655  -12.734  54.535 0.3000000119
53391  -34.136  -11.541  54.777 0.3000000119
53392  -34.578  -11.105  54.235 0.3000000119
49586  -33.647  -14.542  53.973 0.5000000000
49616  -33.322  -14.935  52.317 0.8000000119
52484  -33.590  -12.637  52.781 0.6000000238
117863  -38.505  -11.682  54.158 0.5000000000
50656  -33.182  -14.077  52.181 0.8000000119
49618  -42.386  -15.520  52.608 0.4000000060
51574  -33.323  -13.330  52.012 0.8000000119
42384  -30.072  -23.554  41.868 0.6999999881
40590  -27.558  -25.068  38.573 0.6000000238
42392  -28.749  -23.968  40.140 0.6999999881
43250  -28.870  -23.122  40.376 0.5000000000
44120  -29.696  -22.020  41.228 0.6000000238
41503  -27.476  -24.868  38.195 0.6000000238
42402  -28.291  -24.159  39.408 0.5000000000
117169  -26.009  -24.677  36.629 0.4000000060
37989  -21.240  -28.089  34.669 0.3000000119
38002  -21.734  -27.528  34.060 0.3000000119
45837  -29.156  -18.993  38.978 0.5000000000
45831  -30.347  -19.129  39.926 0.6000000238
108433  -22.101  -29.038  34.507 0.2000000030
37088  -22.650  -28.957  33.935 0.2000000030
38004  -22.989  -28.634  32.915 0.2000000030
45836  -28.408  -19.285  38.576 0.5000000000
46694  -29.959  -18.693  39.293 0.6000000238
120223  -23.349  -29.267  33.478 0.2000000030
37119  -23.864  -29.323  32.664 0.2000000030
45847  -26.677  -19.427  36.656 0.4000000060
117433  -27.493  -19.008  37.524 0.4000000060
37090  -24.001  -29.697  33.701 0.2000000030
37168  -24.141  -28.982  31.651 0.2000000030
38037  -24.264  -28.454  31.072 0.2000000030
39813  -24.412  -26.354  30.418 0.2000000030
42528  -25.459  -23.546  31.451 0.2000000030
44223  -25.563  -21.799  33.034 0.2000000030
45038  -25.682  -20.882  33.512 0.2000000030
38059  -24.909  -28.238  30.564 0.2000000030
41649  -25.191  -24.653  30.319 0.2000000030
43366  -25.650  -22.755  31.863 0.2000000030
50605  -33.968  -14.636  57.525 0.1000000015
51526  -34.032  -13.029  57.310 0.2000000030
51535  -34.314  -12.801  56.936 0.3000000119
112010  -34.435  -11.167  56.277 0.3000000119
52457  -33.894  -12.027  55.231 0.3000000119
53383  -34.782  -10.464  55.850 0.1000000015
43251  -29.232  -22.603  40.758 0.6000000238
41522  -26.757  -24.671  37.161 0.4000000060
42412  -27.352  -24.283  37.958 0.5000000000
43259  -28.468  -23.155  39.870 0.5000000000
44137  -29.921  -21.079  41.048 0.6000000238
41537  -25.255  -24.341  36.199 0.4000000060
41523  -27.010  -24.263  37.257 0.4000000060
110828  -27.466  -23.382  38.473 0.5000000000
44141  -27.951  -21.796  39.254 0.5000000000
44143  -29.043  -20.926  40.058 0.6000000238
42452  -24.601  -24.067  35.651 0.4000000060
41538  -26.121  -24.468  35.946 0.4000000060
109649  -26.428  -24.549  36.544 0.4000000060
43267  -27.399  -22.376  38.576 0.5000000000
124631  -28.293  -21.219  39.430 0.5000000000
44984  -29.597  -20.638  40.443 0.5000000000
124933  -31.460  -19.646  41.365 0.6999999881
112238  -25.495  -24.244  34.562 0.4000000060
41556  -26.005  -24.174  34.796 0.4000000060
44996  -27.529  -20.467  38.424 0.5000000000
116618  -28.596  -20.672  39.506 0.5000000000
45821  -30.711  -19.519  40.544 0.6000000238
40623  -21.522  -25.778  34.691 0.3000000119
40637  -23.039  -25.314  32.944 0.3000000119
41580  -24.728  -24.327  33.897 0.3000000119
41602  -24.447  -24.493  32.993 0.4000000060
120422  -26.521  -22.350  37.264 0.5000000000
44159  -26.526  -21.257  37.291 0.4000000060
44990  -28.839  -19.781  39.278 0.5000000000
120989  -21.900  -26.825  33.735 0.3000000119
39770  -22.314  -26.504  33.242 0.3000000119
39782  -22.747  -26.084  32.623 0.3000000119
41619  -23.749  -24.942  32.566 0.3000000119
44171  -26.253  -20.774  36.682 0.4000000060
45005  -27.138  -20.115  37.850 0.5000000000
38866  -22.251  -27.322  33.311 0.2000000030
38018  -23.008  -28.011  32.194 0.3000000119
38880  -23.205  -27.417  31.822 0.3000000119
45842  -27.097  -19.518  37.400 0.5000000000
45835  -27.647  -19.583  38.119 0.5000000000
37145  -23.488  -28.654  32.123 0.2000000030
38893  -23.618  -27.237  31.254 0.2000000030
38058  -24.106  -27.788  30.822 0.2000000030
43326  -25.540  -22.985  33.540 0.2000000030
109251  -25.484  -21.822  33.994 0.3000000119
45013  -26.253  -20.047  36.360 0.4000000060
38036  -23.613  -28.143  31.477 0.2000000030
40663  -24.112  -25.664  30.989 0.2000000030
43346  -25.551  -22.692  32.669 0.2000000030
45020  -25.781  -20.269  35.194 0.3000000119
40678  -24.694  -25.438  30.384 0.2000000030
45028  -25.617  -20.790  34.494 0.2000000030
122178  -33.027  -13.461  57.616 0.1000000015
52422  -33.110  -12.030  57.592 0.1000000015
53382  -34.168  -10.918  57.279 0.3000000119
54361  -34.522  -9.667  56.731 0.2000000030
42438  -26.594  -24.211  36.548 0.4000000060
105468  -26.663  -23.398  37.116 0.4000000060
121705  -26.128  -24.315  35.351 0.4000000060
43266  -26.956  -23.114  37.865 0.4000000060
44149  -27.428  -21.338  38.554 0.5000000000
43289  -26.326  -23.008  36.581 0.4000000060
44148  -26.886  -21.831  37.966 0.5000000000
42473  -25.856  -23.887  34.271 0.3000000119
43288  -25.999  -22.581  36.042 0.4000000060
44995  -26.957  -20.844  37.931 0.4000000060
40662  -23.620  -25.853  31.520 0.2000000030
117050  -25.591  -23.838  33.593 0.2000000030
44170  -26.109  -21.741  36.536 0.3000000119
45004  -26.656  -20.252  37.195 0.4000000060
40649  -24.021  -25.148  31.738 0.2000000030
122542  -25.425  -23.910  33.021 0.2000000030
44190  -25.568  -21.819  34.919 0.3000000119
45012  -25.873  -20.745  35.954 0.3000000119
39783  -23.246  -26.516  31.834 0.2000000030
111992  -24.690  -24.518  31.751 0.2000000030
42493  -25.497  -23.410  33.034 0.2000000030
113997  -25.642  -21.029  35.276 0.3000000119
52433  -32.453  -12.115  57.231 0.1000000015
54352  -33.452  -10.595  57.326 0.1000000015
55237  -34.525  -8.938  56.372 0.2000000030
54371  -35.800  -9.207  55.568 0.2000000030
55244  -35.208  -8.421  55.816 0.2000000030
50623  -31.623  -14.450  55.740 0.1000000015
116144  -31.382  -12.691  55.544 0.1000000015
53369  -32.844  -11.385  57.335 0.1000000015
54354  -34.098  -9.528  56.881 0.1000000015
53394  -38.031  -10.776  54.410 0.3000000119
52471  -39.539  -12.733  54.031 0.5000000000
50657  -41.257  -14.675  53.225 0.4000000060
53380  -31.964  -11.835  56.351 0.1000000015
54360  -33.635  -9.593  56.708 0.1000000015
55243  -33.731  -8.668  55.123 0.1000000015
56132  -35.662  -7.948  55.147 0.1000000015
55236  -33.994  -8.875  56.347 0.1000000015
55246  -36.892  -8.959  54.830 0.2000000030
55247  -37.628  -9.297  54.385 0.2000000030
54373  -37.409  -9.848  54.624 0.2000000030
53395  -38.715  -11.037  54.241 0.3000000119
53408  -39.670  -12.215  54.036 0.5000000000
54374  -38.141  -10.103  54.371 0.2000000030
51559  -40.695  -13.542  53.730 0.3000000119
56143  -35.965  -7.917  54.409 0.2000000030
55248  -38.182  -9.536  54.121 0.2000000030
117684  -39.127  -12.008  54.149 0.4000000060
54386  -39.215  -10.742  53.780 0.3000000119
51560  -41.377  -13.628  53.540 0.3000000119
56142  -35.068  -7.773  54.208 0.1000000015
55257  -37.156  -8.647  54.355 0.2000000030
55258  -37.871  -8.985  54.004 0.1000000015
54385  -38.634  -10.121  54.015 0.1000000015
56144  -36.631  -8.199  54.079 0.1000000015
55259  -38.429  -9.507  53.611 0.1000000015
50659  -42.578  -14.875  53.053 0.5000000000
54522  -45.570  -10.059  40.851 0.6000000238
54531  -45.486  -9.760  40.309 0.5000000000
49619  -43.254  -15.554  52.560 0.5000000000
53598  -45.461  -10.615  41.506 0.6000000238
54512  -46.064  -9.840  41.451 0.5000000000
54523  -46.367  -9.179  41.374 0.5000000000
53617  -44.973  -10.676  40.945 0.6000000238
51577  -42.094  -13.555  53.177 0.3000000119
53599  -46.445  -9.625  42.016 0.5000000000
54513  -46.601  -8.933  42.100 0.5000000000
54507  -46.713  -8.853  42.516 0.4000000060
109283  -47.522  -9.593  43.993 0.6000000238
55340  -46.623  -8.914  42.882 0.3000000119
55351  -46.437  -8.648  42.184 0.3000000119
55372  -45.744  -8.871  39.323 0.5000000000
55344  -45.482  -9.040  42.260 0.3000000119
55349  -44.437  -9.396  41.658 0.3000000119
55350  -46.182  -8.173  41.912 0.3000000119
55358  -46.420  -8.395  41.883 0.5000000000
55365  -46.412  -8.621  41.210 0.5000000000
53403  -33.997  -11.877  53.538 0.5000000000
50636  -34.160  -14.525  55.222 0.5000000000
124940  -33.375  -13.854  53.556 0.5000000000
48491  -34.790  -16.089  54.810 0.4000000060
104093  -35.754  -17.051  56.385 0.2000000030
47457  -36.192  -17.659  55.934 0.3000000119
48475  -35.853  -17.013  55.763 0.3000000119
120866  -35.087  -15.725  56.446 0.3000000119
49587  -34.215  -15.343  54.444 0.4000000060
48506  -34.069  -16.099  52.994 0.5000000000
34766  -20.576  -32.075  35.843 0.2000000030
34765  -19.888  -32.138  35.971 0.2000000030
33104  -19.356  -34.198  45.826 0.1000000015
33216  -20.481  -34.122  37.662 0.2000000030
33981  -21.106  -33.117  36.652 0.2000000030
42436  -24.044  -23.732  36.401 0.4000000060
117211  -18.570  -34.661  40.211 0.1000000015
32386  -18.940  -35.109  39.881 0.1000000015
40582  -27.915  -25.229  39.212 0.6999999881
34697  -17.746  -32.189  41.209 0.1000000015
41463  -28.588  -24.868  39.764 0.6999999881
41483  -28.055  -24.965  38.984 0.6999999881
42393  -29.221  -23.616  40.744 0.6999999881
43243  -29.624  -23.054  41.314 0.6999999881
44106  -30.599  -21.924  42.330 0.6999999881
45802  -30.963  -19.875  41.160 0.6999999881
44985  -30.305  -20.276  40.794 0.6000000238
46683  -31.184  -18.805  40.193 0.6999999881
114966  -36.536  -18.545  55.686 0.3000000119
46695  -30.824  -18.474  39.541 0.6000000238
47467  -36.056  -17.615  54.812 0.6999999881
48492  -35.398  -16.806  54.942 0.6000000238
49601  -34.371  -16.039  53.786 0.5000000000
54370  -35.143  -9.268  56.255 0.2000000030
49600  -33.735  -15.338  53.243 0.6999999881
49633  -33.221  -14.532  51.601 0.8000000119
55245  -36.086  -8.586  55.286 0.2000000030
50672  -44.767  -14.723  51.770 0.5000000000
40636  -22.447  -25.697  33.412 0.3000000119
55364  -45.785  -9.194  39.933 0.5000000000
35330  -18.684  -31.041  48.642 0.1000000015
36095  -18.114  -30.382  48.189 0.1000000015
31546  -19.420  -36.520  45.716 0.1000000015
29773  -20.060  -38.250  46.131 0.1000000015
112438  -19.278  -36.536  43.911 0.1000000015
31568  -19.513  -36.547  42.168 0.1000000015
33145  -18.437  -34.538  41.628 0.1000000015
28848  -12.932  -39.367  47.565 0.1000000015
28879  -23.792  -39.164  45.821 0.1000000015
29775  -24.591  -38.945  46.004 0.1000000015
124158  -22.872  -38.741  45.024 0.1000000015
29763  -26.358  -38.224  46.925 0.1000000015
29801  -22.463  -38.502  44.537 0.1000000015
29802  -23.228  -38.393  44.590 0.1000000015
29803  -23.933  -38.229  44.793 0.1000000015
115271  -20.793  -37.448  42.701 0.1000000015
30707  -23.275  -37.502  43.569 0.1000000015
112516  -22.182  -37.405  42.732 0.1000000015
30653  -12.850  -36.863  48.257 0.1000000015
116273  -13.952  -38.024  47.071 0.1000000015
31534  -15.437  -36.550  46.164 0.1000000015
30695  -25.229  -36.793  45.278 0.1000000015
30721  -23.633  -36.785  43.268 0.1000000015
31562  -24.299  -36.367  43.721 0.2000000030
32296  -13.439  -35.286  47.326 0.1000000015
32306  -13.853  -35.549  46.613 0.1000000015
31527  -27.426  -36.465  47.873 0.1000000015
31519  -27.866  -36.697  48.517 0.1000000015
31539  -27.040  -36.075  47.130 0.2000000030
32324  -26.189  -35.739  45.392 0.2000000030
32340  -24.668  -35.701  43.403 0.2000000030
32313  -27.351  -35.433  46.478 0.2000000030
32300  -27.699  -35.865  47.833 0.2000000030
32374  -20.130  -35.828  39.977 0.1000000015
120285  -22.848  -35.737  41.239 0.2000000030
32351  -23.702  -35.731  42.249 0.2000000030
124246  -11.394  -36.656  53.666 0.1000000015
30621  -10.722  -37.704  51.752 0.1000000015
32286  -13.152  -35.235  48.129 0.1000000015
32307  -14.496  -35.793  46.117 0.1000000015
32321  -15.816  -35.143  45.671 0.1000000015
31509  -29.095  -36.329  50.205 0.2000000030
32291  -28.611  -35.528  49.085 0.2000000030
32314  -28.077  -34.932  46.874 0.2000000030
32292  -29.568  -34.638  49.798 0.2000000030
33081  -29.794  -33.940  49.162 0.2000000030
32335  -27.114  -34.841  44.675 0.2000000030
121762  -25.539  -34.770  42.509 0.2000000030
115176  -22.207  -34.479  38.648 0.2000000030
107462  -12.429  -34.858  53.084 0.1000000015
107445  -12.581  -33.984  53.027 0.1000000015
33091  -14.136  -34.995  46.005 0.1000000015
33878  -13.966  -33.516  45.495 0.1000000015
34667  -15.125  -32.571  44.848 0.1000000015
33115  -26.897  -34.668  43.986 0.2000000030
33147  -25.334  -34.343  41.422 0.2000000030
33217  -21.934  -34.003  37.835 0.2000000030
109711  -21.608  -33.534  37.229 0.2000000030
33952  -22.778  -33.826  38.117 0.2000000030
33160  -24.140  -34.306  40.065 0.2000000030
118683  -12.594  -33.029  49.319 0.1000000015
106871  -12.541  -32.116  49.345 0.1000000015
33859  -12.725  -33.207  48.422 0.1000000015
33860  -12.997  -33.487  47.638 0.1000000015
33101  -13.756  -34.163  46.002 0.1000000015
34666  -14.417  -32.147  44.789 0.1000000015
35361  -14.067  -31.529  44.720 0.1000000015
33891  -28.517  -33.323  45.097 0.2000000030
33874  -29.619  -32.893  46.944 0.2000000030
33865  -30.428  -32.714  48.239 0.2000000030
33900  -26.981  -33.871  42.682 0.2000000030
33902  -28.111  -33.391  44.162 0.2000000030
33931  -24.982  -33.829  40.173 0.2000000030
33968  -23.313  -33.171  37.658 0.2000000030
33922  -26.034  -33.657  41.149 0.2000000030
33932  -25.726  -33.275  40.308 0.2000000030
118211  -27.632  -33.311  42.968 0.2000000030
34754  -22.457  -32.189  36.412 0.2000000030
34727  -24.122  -32.855  38.006 0.2000000030
34716  -25.101  -32.910  39.094 0.2000000030
33923  -26.882  -32.926  41.327 0.2000000030
34688  -28.564  -32.045  42.466 0.2000000030
34689  -29.143  -31.848  43.004 0.2000000030
115742  -23.058  -31.302  36.202 0.2000000030
34740  -25.361  -31.720  38.159 0.2000000030
35444  -26.652  -31.279  37.667 0.2000000030
35428  -27.260  -31.457  38.255 0.2000000030
124180  -28.012  -31.624  37.953 0.2000000030
37170  -26.168  -29.384  31.495 0.2000000030
45083  -26.738  -20.736  32.029 0.2000000030
112104  -27.987  -32.589  42.563 0.2000000030
34699  -27.570  -32.540  41.811 0.2000000030
34729  -26.205  -31.763  39.076 0.2000000030
124256  -27.278  -31.918  40.533 0.2000000030
34719  -27.146  -31.743  40.033 0.2000000030
117650  -25.220  -30.755  36.858 0.2000000030
35443  -25.921  -31.242  37.916 0.2000000030
35427  -26.482  -31.437  38.439 0.2000000030
35481  -26.530  -30.979  36.137 0.2000000030
110678  -26.989  -31.012  35.417 0.2000000030
36250  -26.336  -30.598  34.437 0.2000000030
36283  -26.882  -30.553  33.985 0.2000000030
47696  -27.757  -17.610  35.882 0.3000000119
46741  -27.126  -18.155  35.559 0.4000000060
122440  -26.722  -30.372  33.388 0.2000000030
36282  -26.152  -30.467  33.751 0.2000000030
40695  -26.131  -25.405  29.435 0.2000000030
44224  -26.009  -20.978  32.568 0.2000000030
45869  -25.871  -20.079  33.943 0.2000000030
36248  -24.069  -29.904  34.689 0.2000000030
37121  -25.344  -29.958  32.741 0.2000000030
46488  -36.053  -18.149  56.286 0.3000000119
47431  -34.616  -16.908  57.313 0.2000000030
48460  -34.829  -16.223  57.139 0.1000000015
37069  -22.635  -29.478  34.687 0.2000000030
46703  -28.023  -18.791  37.894 0.3000000119
45855  -26.110  -19.475  35.095 0.2000000030
49536  -34.401  -15.437  57.312 0.1000000015
49552  -34.782  -15.480  56.978 0.2000000030
51518  -34.224  -14.070  57.281 0.1000000015
48474  -35.329  -16.197  55.782 0.2000000030
49570  -34.785  -15.156  56.640 0.3000000119
50625  -34.568  -14.521  56.434 0.3000000119
50614  -34.431  -13.767  57.025 0.3000000119
104187  -33.676  -13.587  54.624 0.4000000060
51544  -33.923  -12.687  55.641 0.3000000119
115857  -33.425  -13.101  53.653 0.4000000060
108038  -33.343  -14.404  52.977 0.6999999881
52469  -33.732  -12.350  54.004 0.5000000000
107732  -33.304  -13.551  52.805 0.6000000238
41521  -26.545  -24.774  37.133 0.6000000238
44121  -30.292  -21.507  41.651 0.6000000238
42401  -27.772  -24.235  38.676 0.5000000000
43258  -27.894  -23.045  39.189 0.5000000000
37990  -21.908  -28.423  34.224 0.2000000030
45830  -29.571  -19.451  39.615 0.5000000000
38003  -22.287  -28.134  33.509 0.3000000119
38017  -22.578  -27.862  32.826 0.3000000119
41636  -25.120  -24.258  31.128 0.2000000030
51517  -33.767  -13.667  57.538 0.1000000015
50604  -33.074  -14.229  57.612 0.1000000015
113911  -33.430  -12.836  57.587 0.1000000015
52423  -33.712  -12.175  57.510 0.2000000030
52434  -34.001  -11.956  57.295 0.2000000030
53370  -33.674  -11.285  57.481 0.2000000030
121967  -34.461  -10.370  56.905 0.2000000030
52445  -34.267  -11.849  56.706 0.3000000119
44135  -28.762  -22.367  40.227 0.5000000000
116636  -28.325  -22.358  39.708 0.5000000000
44142  -28.600  -21.546  39.840 0.5000000000
44136  -29.248  -21.575  40.539 0.6000000238
42472  -24.362  -24.102  34.867 0.4000000060
41579  -23.456  -24.395  34.212 0.4000000060
44991  -29.262  -20.227  39.854 0.5000000000
45820  -29.922  -19.843  40.247 0.6000000238
41601  -23.629  -24.666  33.346 0.4000000060
41581  -25.633  -24.136  34.114 0.3000000119
44997  -28.161  -20.113  38.871 0.5000000000
38879  -22.719  -27.098  32.515 0.3000000119
41603  -25.255  -24.178  33.379 0.3000000119
44179  -25.749  -21.744  35.717 0.3000000119
40648  -23.350  -25.632  32.182 0.3000000119
41620  -24.370  -24.649  32.309 0.2000000030
113755  -31.866  -12.735  56.607 0.1000000015
51525  -32.555  -12.880  57.387 0.1000000015
122497  -33.937  -10.495  57.421 0.1000000015
53371  -34.159  -10.103  57.259 0.2000000030
42437  -26.317  -23.694  35.825 0.4000000060
43311  -25.681  -22.965  34.513 0.3000000119
54353  -33.836  -10.003  57.306 0.1000000015
54359  -33.294  -10.103  56.991 0.1000000015
56123  -34.498  -8.301  55.798 0.2000000030
51534  -31.526  -13.567  55.904 0.1000000015
53381  -32.539  -10.831  56.408 0.1000000015
56131  -34.331  -8.041  54.673 0.1000000015
124175  -34.973  -7.871  55.306 0.1000000015
55345  -46.385  -8.825  42.450 0.3000000119
119305  -45.658  -8.615  42.014 0.3000000119
40282  -16.352  -25.834  60.918 0.3000000119
39432  -16.596  -26.504  60.511 0.3000000119
122232  -14.228  -24.312  61.367 0.5000000000
42157  -14.652  -24.190  61.305 0.4000000060
41153  -13.613  -24.086  61.460 0.6000000238
41161  -13.853  -24.805  61.117 0.5000000000
40283  -17.055  -26.320  60.394 0.3000000119
41160  -13.132  -24.667  60.363 0.6000000238
41169  -13.356  -24.992  59.314 0.5000000000
39439  -16.713  -27.059  60.085 0.4000000060
38569  -17.119  -27.459  59.707 0.4000000060
42155  -13.331  -23.417  61.912 0.4000000060
47732  -48.989  -17.364  34.248 0.2000000030
47731  -48.365  -16.899  34.489 0.2000000030
104061  -49.017  -16.704  34.498 0.2000000030
48796  -49.406  -16.234  34.712 0.2000000030
48798  -51.037  -16.454  34.683 0.2000000030
49866  -51.626  -15.713  34.952 0.2000000030
48780  -47.886  -16.564  34.963 0.3000000119
49851  -48.891  -15.704  35.520 0.2000000030
49852  -49.598  -15.304  35.600 0.2000000030
49865  -50.650  -15.624  34.917 0.2000000030
49841  -47.966  -16.142  36.109 0.3000000119
49854  -51.301  -14.842  35.436 0.2000000030
49853  -50.401  -14.984  35.523 0.2000000030
48758  -47.760  -16.574  37.569 0.3000000119
49830  -49.007  -15.334  37.298 0.2000000030
115590  -49.895  -14.503  37.547 0.2000000030
50847  -50.720  -13.472  38.386 0.2000000030
51814  -51.780  -12.742  37.330 0.2000000030
50660  -43.366  -14.621  52.632 0.4000000060
49620  -44.022  -15.226  52.269 0.4000000060
51597  -44.142  -13.222  51.615 0.4000000060
113397  -45.080  -13.411  51.403 0.5000000000
50682  -45.948  -13.921  50.959 0.5000000000
50683  -46.614  -13.646  50.427 0.5000000000
116699  -47.291  -15.723  49.496 0.5000000000
48749  -50.148  -15.346  40.685 0.3000000119
49818  -50.315  -14.828  40.016 0.3000000119
52685  -51.721  -11.883  36.702 0.2000000030
47693  -47.345  -17.205  38.184 0.3000000119
48759  -48.605  -15.947  38.069 0.3000000119
49817  -49.562  -15.184  38.636 0.2000000030
50822  -50.414  -13.881  40.086 0.2000000030
50848  -50.876  -12.812  38.739 0.2000000030
51616  -44.844  -12.590  50.984 0.4000000060
123203  -45.306  -12.661  50.989 0.4000000060
52522  -45.594  -12.356  50.563 0.3000000119
52541  -47.071  -12.341  49.595 0.4000000060
51634  -46.467  -12.701  50.278 0.4000000060
51635  -47.331  -13.443  49.716 0.4000000060
50692  -47.267  -14.555  49.939 0.4000000060
51690  -47.583  -12.517  47.201 0.4000000060
50713  -47.595  -13.997  48.607 0.5000000000
50701  -47.603  -14.359  49.150 0.4000000060
48730  -49.824  -15.872  41.386 0.4000000060
52670  -51.316  -12.326  37.393 0.2000000030
49789  -49.719  -15.446  41.308 0.4000000060
50821  -50.136  -14.148  40.529 0.2000000030
51780  -50.483  -13.291  39.543 0.2000000030
52659  -50.993  -12.591  38.211 0.2000000030
52669  -50.601  -12.283  37.133 0.2000000030
49816  -48.018  -14.712  39.756 0.3000000119
50832  -48.496  -14.025  39.246 0.2000000030
50833  -49.869  -13.450  39.797 0.2000000030
51801  -49.322  -12.798  37.569 0.2000000030
119059  -43.852  -12.870  51.072 0.4000000060
51615  -44.095  -12.706  50.307 0.2000000030
52539  -45.309  -12.087  50.099 0.2000000030
52559  -46.331  -11.465  49.372 0.2000000030
52540  -46.139  -11.986  50.120 0.3000000119
110148  -43.937  -12.396  47.748 0.2000000030
52574  -48.000  -12.078  47.567 0.4000000060
52561  -48.025  -11.948  48.194 0.4000000060
53475  -47.128  -10.933  48.381 0.3000000119
52587  -48.140  -11.332  46.817 0.4000000060
50863  -46.452  -14.466  36.773 0.2000000030
50846  -46.813  -14.593  37.684 0.2000000030
50864  -47.441  -14.021  37.314 0.2000000030
51813  -48.554  -12.651  36.054 0.2000000030
51614  -43.094  -13.028  50.453 0.2000000030
51633  -43.230  -13.190  49.366 0.2000000030
52557  -44.288  -12.578  49.355 0.2000000030
104071  -44.382  -12.305  48.563 0.2000000030
52558  -45.243  -11.630  49.124 0.2000000030
53505  -44.164  -11.439  46.346 0.2000000030
52585  -44.477  -11.531  47.159 0.2000000030
53474  -45.969  -10.994  48.458 0.3000000119
53490  -45.634  -10.766  47.486 0.3000000119
54452  -47.699  -9.916  46.737 0.4000000060
52599  -47.569  -10.898  45.222 0.4000000060
52600  -48.093  -10.676  46.013 0.4000000060
49815  -46.798  -15.270  39.097 0.4000000060
50845  -45.870  -14.987  37.267 0.2000000030
50881  -46.084  -14.252  35.848 0.2000000030
52681  -48.015  -12.132  34.762 0.2000000030
52697  -47.667  -11.585  33.672 0.2000000030
50861  -44.669  -14.867  36.225 0.2000000030
50880  -45.217  -14.520  35.610 0.2000000030
51810  -45.731  -13.899  34.989 0.2000000030
51829  -46.236  -12.787  34.151 0.2000000030
106828  -46.247  -11.752  33.119 0.2000000030
50900  -44.916  -14.246  34.810 0.2000000030
51852  -43.794  -12.886  32.479 0.2000000030
52720  -43.206  -12.603  31.884 0.2000000030
50899  -44.007  -14.414  34.709 0.2000000030
51828  -45.421  -13.550  34.305 0.2000000030
112690  -44.224  -13.282  33.164 0.2000000030
120355  -46.171  -11.589  32.491 0.2000000030
52703  -40.620  -12.087  33.821 0.3000000119
51850  -42.005  -12.847  32.234 0.3000000119
124178  -42.360  -11.919  30.937 0.2000000030
50877  -43.023  -14.337  34.751 0.3000000119
105599  -42.678  -13.949  34.105 0.3000000119
51834  -41.649  -13.213  33.125 0.3000000119
56267  -46.241  -7.902  41.600 0.4000000060
58123  -48.597  -6.398  36.151 0.4000000060
58122  -47.126  -6.432  35.090 0.4000000060
58121  -45.936  -6.478  34.497 0.4000000060
115004  -44.362  -6.927  34.072 0.4000000060
57238  -45.182  -6.897  34.893 0.4000000060
115970  -41.792  -8.634  33.292 0.5000000000
57244  -42.710  -7.667  33.252 0.5000000000
58120  -45.132  -6.586  34.088 0.4000000060
108613  -41.330  -9.193  33.189 0.6000000238
55420  -40.939  -9.311  32.403 0.5000000000
57254  -42.439  -7.518  32.394 0.5000000000
58131  -44.036  -6.727  33.113 0.5000000000
54590  -40.488  -10.812  32.560 0.4000000060
54595  -40.563  -10.546  31.662 0.4000000060
56364  -41.145  -8.802  30.358 0.3000000119
56278  -46.379  -8.198  40.753 0.4000000060
56306  -44.844  -8.355  36.937 0.5000000000
56317  -44.361  -8.126  36.113 0.5000000000
57225  -44.769  -7.499  35.552 0.5000000000
58109  -46.390  -6.708  35.376 0.4000000060
58132  -44.815  -6.494  33.370 0.4000000060
57264  -42.161  -7.435  31.480 0.5000000000
54579  -40.996  -10.368  33.910 0.5000000000
56268  -46.326  -7.418  41.265 0.4000000060
108110  -46.217  -8.362  39.618 0.4000000060
57191  -46.083  -8.120  38.103 0.4000000060
56307  -45.715  -7.926  37.259 0.4000000060
57209  -45.241  -7.736  36.378 0.4000000060
57226  -45.754  -7.166  35.829 0.4000000060
58145  -46.173  -5.959  33.076 0.4000000060
58133  -45.623  -6.299  33.628 0.4000000060
58134  -46.581  -6.173  34.065 0.4000000060
58144  -45.345  -6.163  32.786 0.5000000000
58142  -43.809  -6.601  32.237 0.5000000000
58143  -44.579  -6.370  32.528 0.4000000060
58155  -43.620  -6.544  31.366 0.5000000000
57154  -46.844  -6.695  40.867 0.4000000060
57173  -47.103  -7.158  39.708 0.4000000060
58110  -47.794  -6.607  36.003 0.4000000060
114138  -47.621  -7.243  38.763 0.4000000060
105044  -46.333  -7.402  36.717 0.4000000060
57227  -47.018  -6.904  36.234 0.4000000060
58963  -47.758  -6.199  34.873 0.4000000060
58986  -46.643  -5.727  32.402 0.4000000060
58985  -45.878  -5.861  32.206 0.5000000000
121782  -46.326  -5.687  31.702 0.4000000060
58987  -47.421  -5.623  32.467 0.4000000060
58975  -48.212  -5.956  34.515 0.4000000060
58974  -47.186  -5.855  33.482 0.4000000060
119104  -47.859  -5.687  33.311 0.4000000060
58988  -48.180  -5.563  32.617 0.4000000060
105830  -54.253  -13.503  36.993 0.2000000030
50884  -53.160  -13.525  36.488 0.2000000030
50882  -51.239  -14.003  36.355 0.2000000030
50883  -52.089  -13.712  36.216 0.2000000030
50866  -51.288  -13.118  37.812 0.2000000030
122659  -53.569  -11.984  37.585 0.2000000030
42165  -12.906  -24.186  60.971 0.5000000000
38552  -17.193  -26.896  60.267 0.4000000060
49637  -45.287  -15.531  51.451 0.6000000238
47682  -47.949  -17.233  39.273 0.3000000119
120090  -47.817  -12.876  48.018 0.4000000060
49802  -48.991  -14.953  40.866 0.3000000119
52586  -47.474  -11.782  46.217 0.4000000060
123965  -42.088  -13.719  34.199 0.3000000119
56288  -45.756  -8.579  38.616 0.5000000000
119616  -40.723  -11.284  34.074 0.4000000060
56325  -41.851  -9.016  33.969 0.5000000000
56326  -42.548  -8.563  34.425 0.5000000000
57236  -42.950  -7.873  34.082 0.5000000000
57237  -43.711  -7.540  34.483 0.5000000000
110253  -44.369  -7.323  34.858 0.5000000000
55410  -41.297  -9.661  33.740 0.6000000238
124125  -47.769  -9.781  44.573 0.4000000060
50671  -44.160  -14.081  52.069 0.4000000060
48781  -48.682  -16.224  34.904 0.2000000030
49863  -49.235  -15.790  35.094 0.2000000030
49864  -49.823  -15.630  34.990 0.2000000030
48797  -50.166  -16.311  34.662 0.2000000030
49850  -48.253  -16.135  35.487 0.2000000030
116245  -47.597  -16.496  35.667 0.3000000119
49843  -49.311  -15.165  36.328 0.2000000030
49842  -48.525  -15.703  36.175 0.2000000030
49829  -48.157  -16.024  36.913 0.2000000030
48768  -47.526  -16.508  36.560 0.3000000119
50865  -50.344  -14.369  36.639 0.2000000030
121648  -49.643  -14.815  38.063 0.2000000030
49831  -50.352  -14.165  39.066 0.2000000030
50834  -50.594  -13.191  39.381 0.2000000030
51803  -51.274  -12.633  37.875 0.2000000030
51579  -43.384  -13.713  52.393 0.4000000060
51617  -45.848  -12.981  50.845 0.4000000060
48738  -48.883  -16.647  39.795 0.3000000119
48739  -49.774  -16.130  40.864 0.4000000060
48748  -49.453  -15.857  39.562 0.3000000119
49804  -50.229  -14.642  40.753 0.3000000119
51815  -51.809  -12.474  37.256 0.2000000030
104504  -52.804  -11.953  37.241 0.2000000030
48747  -48.276  -16.636  38.703 0.3000000119
51771  -50.321  -13.672  39.984 0.2000000030
121699  -50.737  -12.797  38.833 0.2000000030
50835  -50.677  -12.936  39.197 0.2000000030
52560  -47.610  -11.785  48.785 0.4000000060
51654  -47.803  -12.868  48.748 0.4000000060
48731  -50.131  -15.230  41.183 0.3000000119
49803  -49.915  -14.694  41.027 0.2000000030
50820  -49.347  -14.237  40.336 0.3000000119
122174  -50.256  -12.809  39.012 0.2000000030
51802  -50.406  -12.524  38.091 0.2000000030
52668  -49.613  -12.382  36.612 0.2000000030
111653  -47.315  -14.671  38.634 0.3000000119
51790  -48.755  -13.435  38.354 0.2000000030
124281  -47.724  -14.163  38.213 0.2000000030
52573  -44.916  -11.553  48.128 0.2000000030
52588  -48.263  -10.750  46.960 0.4000000060
53493  -48.173  -10.797  47.337 0.4000000060
53491  -46.815  -10.390  47.600 0.4000000060
50862  -45.522  -14.762  36.444 0.2000000030
51799  -47.013  -13.836  36.248 0.2000000030
51800  -48.068  -13.340  36.841 0.2000000030
51812  -47.535  -13.056  35.590 0.2000000030
53507  -46.660  -10.011  46.724 0.3000000119
54469  -48.032  -9.879  46.281 0.4000000060
53522  -47.817  -9.762  45.495 0.4000000060
51811  -46.608  -13.453  35.216 0.2000000030
51830  -47.138  -12.412  34.458 0.2000000030
52696  -46.924  -11.702  33.405 0.2000000030
51827  -44.699  -13.679  33.932 0.2000000030
51838  -45.577  -12.711  33.557 0.2000000030
52705  -45.701  -11.830  32.736 0.2000000030
52729  -41.416  -12.303  31.858 0.2000000030
51851  -42.653  -13.296  32.727 0.2000000030
52721  -44.956  -12.041  32.400 0.2000000030
105448  -44.416  -11.966  31.729 0.2000000030
52730  -42.480  -12.271  31.376 0.2000000030
51826  -43.623  -14.008  33.964 0.2000000030
53710  -40.527  -11.465  33.237 0.4000000060
52704  -40.937  -12.771  33.528 0.4000000060
51835  -42.261  -13.604  33.594 0.3000000119
52719  -41.122  -12.589  32.688 0.3000000119
52728  -40.742  -11.965  32.282 0.2000000030
53726  -41.310  -11.378  30.855 0.2000000030
121466  -41.619  -11.110  30.265 0.2000000030
51836  -43.206  -13.622  33.312 0.2000000030
57245  -43.518  -7.298  33.618 0.5000000000
56335  -42.306  -8.300  33.669 0.5000000000
56346  -42.019  -8.090  32.899 0.5000000000
56345  -41.458  -8.646  32.614 0.5000000000
57255  -43.267  -7.097  32.751 0.5000000000
55430  -40.592  -9.971  32.100 0.5000000000
55419  -40.782  -10.009  33.035 0.6000000238
56356  -41.128  -8.744  31.813 0.5000000000
57253  -41.674  -8.037  32.049 0.6000000238
55431  -40.780  -9.386  31.726 0.5000000000
114514  -42.987  -6.918  31.884 0.5000000000
116207  -40.557  -11.286  31.967 0.4000000060
54603  -40.726  -10.324  30.894 0.3000000119
116302  -40.998  -11.675  31.555 0.2000000030
56363  -40.899  -9.071  31.120 0.4000000060
122567  -41.398  -8.167  31.039 0.5000000000
56371  -41.416  -8.673  29.566 0.4000000060
54604  -41.027  -10.125  30.175 0.3000000119
58154  -42.757  -6.841  30.976 0.5000000000
56279  -46.524  -7.637  40.362 0.4000000060
56289  -46.381  -8.034  39.095 0.4000000060
111557  -46.725  -7.680  38.606 0.4000000060
58157  -45.129  -6.017  31.959 0.5000000000
58156  -44.395  -6.277  31.681 0.5000000000
57192  -46.949  -7.494  37.788 0.4000000060
104393  -53.900  -12.326  37.411 0.2000000030
40289  -16.665  -25.615  60.493 0.2000000030
38554  -19.288  -27.331  59.900 0.3000000119
40306  -17.348  -25.706  56.744 0.2000000030
40335  -19.839  -25.277  53.720 0.1000000015
41227  -19.701  -24.440  52.364 0.1000000015
41208  -20.201  -24.843  52.982 0.1000000015
42154  -12.749  -23.018  62.064 0.4000000060
41155  -16.115  -25.224  61.074 0.2000000030
40288  -16.337  -25.007  60.098 0.1000000015
39440  -17.900  -26.457  59.758 0.2000000030
39441  -18.885  -26.913  59.759 0.2000000030
41171  -16.296  -25.049  58.153 0.1000000015
40297  -16.763  -25.430  59.330 0.2000000030
40298  -17.291  -25.895  59.667 0.2000000030
39453  -18.461  -26.323  58.619 0.2000000030
39442  -19.564  -27.213  59.830 0.2000000030
43067  -13.449  -22.361  55.458 0.1000000015
42191  -14.010  -22.869  55.989 0.1000000015
42192  -14.566  -23.407  55.577 0.1000000015
41179  -15.485  -24.317  56.100 0.1000000015
41180  -16.149  -24.891  56.608 0.1000000015
104170  -17.016  -25.580  58.097 0.2000000030
39452  -17.760  -25.959  58.359 0.2000000030
123942  -18.707  -26.308  57.690 0.2000000030
39454  -19.732  -26.795  59.290 0.2000000030
41185  -15.637  -24.342  55.170 0.1000000015
39468  -18.267  -26.072  57.096 0.2000000030
43931  -12.790  -21.739  54.163 0.1000000015
42202  -14.667  -23.217  54.062 0.1000000015
41192  -15.411  -23.947  54.462 0.1000000015
40321  -16.826  -25.133  54.960 0.1000000015
43095  -13.533  -22.212  53.690 0.1000000015
41203  -16.059  -24.322  53.884 0.1000000015
40316  -20.849  -26.083  55.442 0.1000000015
39487  -21.513  -26.356  56.151 0.1000000015
43105  -14.120  -22.376  52.499 0.1000000015
42218  -15.426  -23.672  53.482 0.1000000015
42231  -15.565  -23.345  52.487 0.1000000015
40324  -21.356  -25.840  54.631 0.1000000015
112782  -14.184  -22.251  51.827 0.1000000015
43106  -14.796  -22.673  52.124 0.1000000015
110031  -20.715  -25.238  53.545 0.1000000015
119511  -21.190  -25.516  53.990 0.1000000015
42247  -17.676  -23.732  51.609 0.1000000015
41246  -19.274  -24.009  51.714 0.1000000015
41228  -20.584  -24.466  52.279 0.1000000015
40359  -21.854  -24.909  52.691 0.1000000015
43130  -16.308  -22.750  50.651 0.1000000015
42246  -16.781  -23.353  51.431 0.1000000015
42261  -17.009  -22.972  50.645 0.1000000015
114269  -18.162  -23.578  51.203 0.1000000015
104378  -18.874  -23.588  51.105 0.1000000015
41247  -20.165  -24.078  51.675 0.1000000015
41248  -20.897  -24.197  51.675 0.1000000015
41229  -21.370  -24.524  52.125 0.1000000015
41250  -22.414  -24.455  51.264 0.1000000015
41231  -22.899  -24.879  51.792 0.1000000015
42166  -14.325  -23.488  60.794 0.2000000030
43026  -11.684  -22.479  61.940 0.3000000119
43033  -13.067  -22.593  61.876 0.1000000015
43042  -13.738  -22.922  60.374 0.1000000015
41162  -15.210  -24.271  60.577 0.1000000015
43873  -12.281  -21.730  57.450 0.1000000015
43051  -13.427  -22.595  58.482 0.1000000015
42174  -13.995  -23.103  58.742 0.1000000015
42167  -14.650  -23.691  59.695 0.1000000015
107672  -15.695  -24.544  59.280 0.1000000015
109299  -13.005  -22.203  57.471 0.1000000015
42182  -13.979  -22.951  57.129 0.1000000015
42175  -14.505  -23.501  57.863 0.1000000015
41170  -15.084  -24.028  58.580 0.1000000015
43908  -11.523  -21.344  55.827 0.1000000015
43890  -12.060  -21.523  56.395 0.1000000015
43058  -13.351  -22.376  56.510 0.1000000015
41178  -15.012  -23.883  57.031 0.1000000015
107911  -15.579  -24.462  57.517 0.1000000015
121982  -19.106  -26.505  58.419 0.2000000030
43929  -11.353  -21.326  54.372 0.1000000015
43909  -12.255  -21.564  55.611 0.1000000015
43066  -12.910  -21.950  55.808 0.1000000015
116690  -17.930  -25.831  55.859 0.1000000015
39469  -19.031  -26.299  57.082 0.2000000030
43948  -11.024  -21.322  53.558 0.1000000015
43949  -11.936  -21.386  53.682 0.1000000015
43080  -12.835  -21.839  55.045 0.1000000015
39486  -19.671  -26.212  56.214 0.1000000015
39470  -20.727  -26.424  56.868 0.1000000015
43963  -10.245  -21.343  52.527 0.1000000015
104800  -10.754  -21.332  52.894 0.1000000015
107144  -11.408  -21.347  52.882 0.1000000015
111062  -12.138  -21.432  52.883 0.1000000015
42219  -16.187  -24.042  53.084 0.1000000015
41204  -16.737  -24.609  53.572 0.1000000015
41194  -17.243  -25.052  54.140 0.1000000015
104480  -19.163  -25.857  55.249 0.1000000015
123245  -20.300  -26.193  55.868 0.1000000015
43966  -12.792  -21.631  52.468 0.1000000015
114467  -14.015  -22.441  53.142 0.1000000015
41224  -16.957  -24.340  52.853 0.1000000015
40322  -18.636  -25.586  54.571 0.1000000015
40323  -19.495  -25.627  54.471 0.1000000015
108766  -20.473  -25.666  54.408 0.1000000015
43964  -10.975  -21.305  52.242 0.1000000015
43978  -12.106  -21.399  51.170 0.1000000015
43104  -13.537  -21.933  52.067 0.1000000015
42245  -16.048  -23.244  51.822 0.1000000015
41206  -18.361  -24.855  53.237 0.1000000015
41207  -19.284  -24.842  53.102 0.1000000015
104679  -10.899  -21.309  51.014 0.1000000015
43965  -11.900  -21.369  52.095 0.1000000015
125001  -12.270  -21.421  50.587 0.1000000015
43114  -13.753  -21.920  51.207 0.1000000015
43115  -14.667  -22.385  51.323 0.1000000015
43116  -15.429  -22.819  51.622 0.1000000015
42232  -16.460  -23.735  52.316 0.1000000015
42234  -17.953  -24.127  52.124 0.1000000015
41226  -18.672  -24.411  52.408 0.1000000015
43992  -12.920  -21.538  50.699 0.1000000015
43993  -13.666  -21.771  50.463 0.1000000015
44002  -13.316  -21.611  50.063 0.1000000015
43838  -10.223  -21.600  61.974 0.3000000119
110177  -11.099  -21.678  61.828 0.2000000030
122093  -10.774  -21.939  62.046 0.3000000119
121687  -11.826  -21.797  61.495 0.2000000030
43859  -12.102  -21.758  60.459 0.1000000015
43050  -12.924  -22.261  58.820 0.1000000015
43871  -10.682  -21.321  58.022 0.1000000015
43872  -11.506  -21.472  57.794 0.1000000015
43905  -8.520  -21.490  55.919 0.1000000015
43887  -9.288  -21.321  56.379 0.1000000015
106721  -10.811  -21.223  56.106 0.1000000015
104790  -9.940  -21.360  54.137 0.1000000015
43907  -10.857  -21.253  55.107 0.1000000015
43947  -10.201  -21.354  53.404 0.1000000015
117245  -9.592  -21.389  52.113 0.1000000015
43961  -8.744  -21.555  52.525 0.1000000015
43975  -9.656  -21.430  51.324 0.1000000015
43976  -10.431  -21.340  51.662 0.1000000015
112172  -10.231  -21.412  50.099 0.1000000015
43990  -10.906  -21.344  50.342 0.1000000015
43991  -11.605  -21.358  50.612 0.1000000015
44000  -10.792  -21.391  49.532 0.1000000015
106209  -11.559  -21.379  49.729 0.1000000015
43843  -9.650  -21.291  61.076 0.1000000015
43842  -8.263  -21.495  60.811 0.1000000015
113629  -8.850  -21.393  61.303 0.1000000015
112382  -10.321  -21.288  60.198 0.2000000030
43844  -10.539  -21.396  61.280 0.2000000030
43022  -7.135  -22.452  61.118 0.2000000030
120893  -8.953  -21.896  61.941 0.2000000030
43857  -10.534  -21.329  59.129 0.2000000030
43845  -11.189  -21.446  60.546 0.2000000030
105521  -9.867  -21.275  57.320 0.1000000015
43858  -11.414  -21.485  59.058 0.2000000030
43888  -10.148  -21.228  56.462 0.1000000015
42235  -35.833  -23.821  52.743 0.1000000015
43120  -35.348  -23.328  52.030 0.1000000015
121728  -8.916  -21.301  60.397 0.2000000030
43027  -6.379  -22.537  60.682 0.2000000030
43835  -7.732  -21.903  61.171 0.2000000030
43856  -9.569  -21.302  59.389 0.1000000015
43854  -7.689  -21.898  58.753 0.1000000015
43869  -8.424  -21.649  57.856 0.1000000015
111030  -9.960  -21.293  58.310 0.1000000015
105285  -9.036  -21.418  57.247 0.1000000015
47685  -28.823  -17.574  37.092 0.3000000119
47677  -30.708  -17.490  38.219 0.3000000119
47698  -29.300  -17.156  36.742 0.3000000119
47686  -29.590  -17.409  37.402 0.3000000119
46752  -26.580  -18.814  34.002 0.2000000030
47710  -27.564  -17.576  35.026 0.2000000030
47724  -28.094  -17.171  34.666 0.2000000030
47688  -31.205  -17.075  37.873 0.3000000119
48762  -29.516  -16.678  36.070 0.3000000119
47699  -30.007  -16.931  36.919 0.3000000119
48775  -29.410  -16.507  35.057 0.2000000030
46786  -38.240  -18.422  32.612 0.2000000030
46784  -36.321  -18.264  32.606 0.2000000030
115818  -36.954  -17.763  32.598 0.2000000030
48753  -31.554  -16.479  37.469 0.3000000119
48763  -30.500  -16.534  36.384 0.3000000119
49846  -31.541  -15.706  35.596 0.2000000030
48776  -30.284  -16.335  35.464 0.3000000119
45898  -40.271  -19.419  32.338 0.2000000030
46788  -41.397  -18.401  32.789 0.2000000030
48790  -29.174  -16.603  34.204 0.2000000030
48803  -31.052  -15.977  34.178 0.2000000030
49870  -31.719  -15.567  33.814 0.2000000030
47759  -40.224  -17.608  32.564 0.2000000030
114969  -40.460  -18.486  32.467 0.2000000030
47750  -29.023  -17.552  32.954 0.2000000030
48802  -30.338  -16.439  33.378 0.2000000030
110507  -31.115  -16.081  33.292 0.2000000030
49887  -31.894  -15.618  32.951 0.2000000030
105506  -38.094  -16.920  32.411 0.2000000030
47757  -38.755  -17.688  32.421 0.2000000030
108764  -32.763  -17.114  31.581 0.2000000030
48835  -33.578  -16.709  31.605 0.2000000030
48836  -34.375  -16.540  31.682 0.2000000030
47754  -35.628  -17.700  32.143 0.2000000030
121387  -37.222  -17.086  32.418 0.2000000030
45903  -47.426  -19.397  33.299 0.2000000030
45877  -45.396  -19.473  33.039 0.2000000030
45876  -44.641  -19.495  33.170 0.2000000030
46789  -42.064  -19.004  32.966 0.2000000030
49858  -31.604  -15.582  34.750 0.2000000030
47740  -40.819  -17.146  32.955 0.2000000030
47741  -41.599  -17.668  33.375 0.2000000030
48819  -40.089  -16.819  32.702 0.2000000030
47760  -40.915  -17.835  32.700 0.2000000030
49871  -32.454  -15.136  33.485 0.2000000030
49889  -33.404  -15.278  32.437 0.2000000030
114652  -39.480  -16.546  32.598 0.2000000030
47758  -39.499  -17.260  32.466 0.2000000030
49909  -32.943  -15.737  32.157 0.2000000030
49910  -33.605  -15.894  31.838 0.2000000030
46757  -45.752  -18.582  33.753 0.2000000030
118981  -46.383  -18.713  33.468 0.2000000030
47744  -47.307  -17.841  33.905 0.2000000030
46769  -43.517  -18.985  34.070 0.2000000030
47742  -42.395  -18.093  34.053 0.2000000030
49875  -40.227  -15.730  33.648 0.2000000030
48793  -40.929  -16.125  34.050 0.2000000030
48805  -41.283  -16.817  33.701 0.2000000030
47729  -46.556  -17.582  34.658 0.2000000030
47730  -47.538  -17.182  34.527 0.2000000030
48767  -46.920  -16.888  36.116 0.2000000030
48765  -41.596  -16.175  36.020 0.2000000030
57269  -41.500  -7.991  30.032 0.3000000119
57270  -42.045  -7.405  30.538 0.4000000060
57278  -42.120  -7.417  29.658 0.5000000000
58175  -43.300  -6.590  29.710 0.5000000000
59914  -51.421  -4.517  28.420 0.1000000015
59915  -52.437  -4.325  28.306 0.1000000015
59905  -52.971  -4.375  29.283 0.1000000015
59920  -51.609  -4.401  27.475 0.1000000015
58964  -49.091  -6.265  36.195 0.3000000119
58163  -42.686  -6.857  30.088 0.5000000000
58164  -43.463  -6.531  30.500 0.5000000000
59011  -44.834  -5.946  30.235 0.5000000000
59916  -53.400  -4.178  28.720 0.1000000015
59924  -51.021  -4.603  26.769 0.1000000015
59921  -52.474  -4.222  27.225 0.1000000015
121246  -52.017  -4.747  25.948 0.1000000015
106863  -51.961  -5.290  25.684 0.1000000015
59925  -52.541  -4.392  26.315 0.1000000015
54397  -39.671  -10.523  53.096 0.1000000015
53424  -40.725  -11.504  52.351 0.2000000030
53409  -40.598  -11.697  53.151 0.2000000030
57193  -49.006  -6.864  38.399 0.3000000119
58065  -50.522  -6.349  39.672 0.3000000119
57210  -47.770  -7.023  37.161 0.3000000119
57211  -49.260  -6.735  37.511 0.3000000119
58097  -48.454  -6.649  36.825 0.3000000119
58111  -48.942  -6.478  37.044 0.3000000119
58953  -49.690  -6.147  36.688 0.2000000030
58965  -49.202  -6.124  35.656 0.2000000030
58989  -49.046  -5.499  32.880 0.1000000015
58166  -44.968  -5.933  31.127 0.4000000060
59004  -50.260  -5.278  32.096 0.2000000030
59870  -51.939  -5.032  32.157 0.2000000030
59012  -45.617  -5.725  30.573 0.4000000060
118921  -46.990  -5.587  31.641 0.3000000119
106902  -48.579  -5.514  31.949 0.3000000119
59871  -53.886  -4.997  31.892 0.1000000015
106625  -52.612  -4.877  31.535 0.3000000119
59888  -54.389  -4.765  31.118 0.2000000030
59887  -53.142  -4.711  30.840 0.2000000030
104051  -53.631  -4.526  30.158 0.2000000030
60770  -55.288  -4.108  29.652 0.2000000030
59906  -54.057  -4.257  29.470 0.1000000015
60779  -53.330  -4.068  27.888 0.1000000015
114254  -54.396  -3.890  28.607 0.2000000030
59926  -53.230  -4.317  25.981 0.1000000015
59929  -52.681  -4.833  25.714 0.1000000015
52488  -41.541  -12.797  53.200 0.2000000030
51578  -42.686  -14.134  53.032 0.3000000119
57174  -48.732  -6.636  39.591 0.3000000119
58045  -50.834  -5.527  40.310 0.3000000119
58066  -50.999  -5.665  39.537 0.3000000119
58082  -50.499  -6.286  38.320 0.2000000030
58099  -50.075  -6.442  38.293 0.2000000030
58098  -49.542  -6.599  37.703 0.3000000119
58952  -49.396  -6.173  36.905 0.2000000030
59809  -49.385  -5.745  36.811 0.1000000015
58954  -50.259  -6.028  36.620 0.1000000015
58966  -50.090  -6.061  36.201 0.1000000015
58955  -50.996  -5.546  36.318 0.1000000015
58978  -50.429  -5.589  34.867 0.1000000015
59837  -51.355  -5.329  34.223 0.1000000015
59852  -51.149  -5.127  32.722 0.1000000015
58956  -51.653  -5.573  36.273 0.1000000015
59838  -52.721  -5.379  35.497 0.1000000015
126016  -53.486  -5.238  34.482 0.1000000015
106933  -53.303  -5.074  32.938 0.1000000015
59872  -54.992  -4.883  32.114 0.1000000015
59907  -54.894  -4.495  30.418 0.2000000030
114444  -54.142  -3.782  27.532 0.1000000015
60784  -53.343  -4.006  26.850 0.1000000015
59052  -52.785  -5.700  25.449 0.1000000015
52505  -41.767  -12.364  52.288 0.2000000030
52489  -42.156  -12.893  52.666 0.2000000030
109500  -42.711  -13.312  52.574 0.3000000119
57155  -47.852  -6.290  40.362 0.3000000119
58044  -49.565  -5.597  40.485 0.3000000119
58906  -50.703  -5.152  40.307 0.2000000030
58083  -50.935  -5.849  38.812 0.2000000030
59797  -44.348  -4.442  37.093 0.2000000030
120709  -45.054  -4.381  37.497 0.2000000030
58943  -49.356  -6.038  37.513 0.2000000030
106495  -45.006  -4.778  36.386 0.1000000015
59807  -46.152  -4.981  35.727 0.1000000015
106892  -44.896  -4.858  35.253 0.1000000015
58951  -47.570  -5.303  36.683 0.1000000015
106445  -49.246  -5.807  37.291 0.1000000015
59822  -45.661  -4.615  34.634 0.1000000015
59823  -46.968  -4.698  35.259 0.1000000015
120334  -47.249  -5.093  35.979 0.1000000015
60704  -47.291  -3.913  34.401 0.1000000015
59824  -48.243  -4.614  35.538 0.1000000015
60705  -48.292  -3.545  34.624 0.1000000015
60695  -49.751  -4.308  35.757 0.1000000015
60718  -48.654  -2.748  33.999 0.1000000015
60707  -50.036  -3.097  35.202 0.1000000015
59812  -52.183  -5.335  36.507 0.1000000015
59827  -53.579  -5.254  36.878 0.1000000015
59854  -54.505  -5.041  34.476 0.1000000015
104833  -54.682  -5.012  33.071 0.1000000015
60708  -51.076  -3.203  35.614 0.1000000015
60710  -53.513  -4.549  36.814 0.1000000015
59839  -54.204  -5.185  36.024 0.1000000015
120801  -55.402  -4.554  31.343 0.2000000030
121736  -55.821  -4.172  30.596 0.2000000030
60775  -55.753  -3.723  28.906 0.1000000015
123935  -54.042  -3.788  26.889 0.1000000015
121123  -54.110  -8.194  25.265 0.1000000015
58203  -53.720  -6.122  25.182 0.1000000015
60792  -54.027  -3.922  26.287 0.1000000015
60780  -55.204  -3.617  27.946 0.1000000015
112862  -53.236  -7.000  25.375 0.1000000015
53435  -40.666  -11.543  51.603 0.2000000030
54406  -40.315  -11.145  52.062 0.2000000030
109105  -41.708  -12.357  51.370 0.2000000030
52506  -42.351  -12.672  51.873 0.3000000119
117771  -43.130  -12.989  51.613 0.3000000119
58027  -46.522  -6.763  40.901 0.3000000119
58043  -47.592  -5.678  40.687 0.3000000119
58904  -48.819  -4.681  40.745 0.3000000119
58917  -45.519  -4.661  38.898 0.2000000030
58930  -45.795  -4.379  38.599 0.2000000030
58905  -50.099  -4.777  40.593 0.3000000119
58929  -44.907  -4.430  38.120 0.2000000030
59787  -44.944  -4.342  37.846 0.2000000030
59788  -45.833  -4.302  38.270 0.2000000030
59782  -48.890  -4.251  39.821 0.2000000030
58928  -44.164  -4.560  37.393 0.2000000030
59798  -46.207  -4.907  37.116 0.2000000030
58942  -47.879  -5.203  37.575 0.2000000030
59836  -46.286  -4.146  34.011 0.1000000015
61563  -50.489  -2.401  34.813 0.1000000015
61565  -53.017  -2.945  36.036 0.1000000015
59828  -54.314  -4.941  36.672 0.1000000015
59855  -55.121  -4.693  34.103 0.1000000015
59873  -55.536  -4.348  32.261 0.1000000015
60771  -56.254  -3.662  29.758 0.2000000030
60781  -56.331  -3.389  28.304 0.1000000015
104870  -54.397  -5.360  25.089 0.1000000015
59930  -53.967  -4.480  25.630 0.1000000015
60785  -54.909  -3.620  26.914 0.1000000015
53447  -40.486  -11.702  50.828 0.1000000015
52520  -41.083  -12.018  51.122 0.1000000015
123501  -41.504  -12.418  50.677 0.1000000015
52521  -42.241  -12.745  50.739 0.3000000119
54476  -47.452  -9.238  45.033 0.3000000119
53539  -47.673  -9.136  44.402 0.2000000030
53560  -47.338  -8.902  43.811 0.2000000030
54498  -46.943  -8.827  43.178 0.2000000030
57135  -45.995  -7.544  41.457 0.3000000119
56276  -43.920  -8.337  39.964 0.2000000030
57136  -46.261  -7.349  41.284 0.3000000119
57153  -46.278  -6.712  40.996 0.3000000119
57171  -43.764  -7.338  38.713 0.2000000030
58041  -45.791  -6.250  40.306 0.2000000030
58064  -46.262  -5.162  40.079 0.2000000030
58042  -46.686  -5.854  40.808 0.3000000119
58062  -44.127  -6.333  38.376 0.2000000030
58063  -45.126  -5.729  39.115 0.2000000030
58903  -47.442  -4.843  40.629 0.3000000119
58081  -44.347  -4.957  38.118 0.2000000030
58918  -46.754  -4.445  39.683 0.2000000030
59781  -47.027  -4.187  39.319 0.2000000030
58919  -48.108  -4.289  40.322 0.2000000030
59835  -45.392  -4.293  33.655 0.1000000015
60716  -46.873  -3.379  33.403 0.1000000015
60717  -47.771  -3.065  33.701 0.1000000015
60728  -48.234  -2.568  33.216 0.1000000015
61570  -49.958  -2.175  33.909 0.1000000015
61564  -51.659  -2.530  35.391 0.1000000015
59841  -55.189  -4.035  34.645 0.1000000015
107884  -55.257  -4.737  33.001 0.1000000015
59889  -55.905  -3.987  31.425 0.1000000015
59931  -54.907  -4.605  25.309 0.1000000015
54497  -46.174  -9.160  43.358 0.2000000030
54506  -45.310  -9.443  42.726 0.2000000030
119035  -44.588  -8.407  40.773 0.2000000030
56277  -44.997  -7.837  40.767 0.3000000119
57152  -45.512  -7.199  40.648 0.3000000119
59821  -44.665  -4.646  34.331 0.1000000015
60727  -47.402  -2.807  32.905 0.1000000015
61569  -49.096  -2.380  33.529 0.1000000015
61572  -52.173  -2.089  34.839 0.1000000015
61574  -54.338  -2.629  34.992 0.1000000015
59856  -55.402  -3.750  33.441 0.1000000015
60729  -55.228  -2.032  33.336 0.1000000015
122075  -55.989  -3.444  27.502 0.1000000015
121034  -55.225  -5.986  24.595 0.1000000015
60786  -56.280  -3.456  26.702 0.1000000015
59058  -56.229  -6.137  24.045 0.1000000015
59938  -55.493  -5.201  24.788 0.1000000015
57322  -54.942  -8.108  23.386 0.1000000015
56405  -55.839  -7.896  23.970 0.1000000015
56442  -53.968  -8.178  23.246 0.1000000015
59851  -45.225  -3.971  32.810 0.1000000015
107683  -51.501  -2.030  33.781 0.1000000015
61585  -54.089  -1.551  34.195 0.1000000015
60721  -54.904  -2.571  34.232 0.1000000015
109815  -54.502  -1.111  33.394 0.1000000015
60739  -55.712  -2.776  32.409 0.1000000015
60740  -56.014  -2.882  31.466 0.1000000015
60776  -56.487  -3.428  28.996 0.1000000015
59932  -55.958  -4.427  25.160 0.1000000015
60793  -55.161  -3.921  25.863 0.1000000015
58209  -55.996  -7.253  23.795 0.1000000015
59939  -56.533  -4.974  24.352 0.1000000015
57335  -55.667  -7.702  23.430 0.1000000015
121627  -54.228  -7.635  22.541 0.1000000015
59075  -56.511  -6.387  23.280 0.1000000015
59059  -56.896  -5.434  23.446 0.1000000015
60715  -46.033  -3.654  33.094 0.1000000015
60726  -46.612  -3.103  32.582 0.1000000015
104515  -51.578  -2.019  32.767 0.1000000015
61583  -52.469  -1.778  33.879 0.1000000015
61594  -52.883  -1.530  33.099 0.1000000015
104385  -53.945  -0.893  33.400 0.1000000015
60754  -56.168  -3.527  30.662 0.1000000015
110752  -53.542  -1.098  32.538 0.1000000015
61595  -54.373  -0.523  32.731 0.1000000015
61596  -54.981  -0.664  32.657 0.1000000015
61616  -56.231  -2.106  30.985 0.1000000015
107759  -56.725  -3.199  27.611 0.1000000015
59933  -56.956  -4.121  24.818 0.1000000015
60794  -56.639  -3.664  25.721 0.1000000015
59940  -57.161  -4.527  23.829 0.1000000015
106413  -52.295  -2.044  31.953 0.1000000015
62504  -54.704  -0.261  32.284 0.1000000015
62515  -55.884  -0.301  31.184 0.1000000015
60772  -56.651  -3.158  29.207 0.1000000015
62514  -55.151  -0.028  31.539 0.1000000015
62505  -55.765  -1.245  31.892 0.1000000015
123574  -56.837  -2.861  28.919 0.1000000015
60787  -56.861  -3.162  26.678 0.1000000015
107882  -57.103  -3.069  24.768 0.1000000015
60800  -57.208  -3.798  24.358 0.1000000015
61615  -54.087  -0.574  32.124 0.1000000015
61617  -56.371  -1.175  30.427 0.1000000015
61642  -56.616  -1.899  29.461 0.1000000015
60782  -56.773  -3.106  28.518 0.1000000015
62530  -56.405  -0.126  29.994 0.1000000015
61658  -56.734  -2.026  28.619 0.1000000015
61669  -56.888  -2.641  27.641 0.1000000015
108234  -56.975  -2.823  26.665 0.1000000015
60795  -56.919  -3.393  25.549 0.1000000015
61688  -56.739  -2.353  25.869 0.1000000015
62539  -56.578  0.120  29.223 0.1000000015
62547  -56.759  -0.643  28.218 0.1000000015
120719  -56.754  -1.185  27.121 0.1000000015
106215  -56.670  1.090  28.199 0.1000000015
40313  -16.725  -25.313  55.993 0.1000000015
41193  -16.594  -24.777  54.232 0.1000000015
40333  -18.055  -25.247  53.977 0.1000000015
40314  -17.299  -25.544  55.621 0.1000000015
41205  -17.509  -24.795  53.404 0.1000000015
40334  -18.932  -25.279  53.830 0.1000000015
124388  -49.727  -5.395  32.616 0.2000000030
58976  -48.580  -5.690  33.836 0.3000000119
59016  -50.097  -5.227  31.131 0.2000000030
59885  -50.763  -5.005  30.669 0.2000000030
106505  -52.014  -4.507  29.146 0.1000000015
59003  -49.361  -5.420  31.741 0.2000000030
58990  -50.392  -5.312  33.267 0.1000000015
117584  -51.578  -4.883  31.120 0.2000000030
58080  -43.548  -5.840  37.578 0.2000000030
107410  -43.847  -4.629  35.133 0.1000000015
55363  -43.683  -8.957  40.343 0.2000000030
114510  -43.629  -4.884  37.367 0.2000000030
41152  -6.137  -23.401  61.027 0.2000000030
42152  -7.061  -23.316  60.950 0.2000000030
43837  -9.284  -21.623  61.876 0.2000000030
42148  -12.810  -22.682  61.905 0.2000000030
39508  -22.146  -25.993  54.781 0.1000000015
49821  -31.885  -15.767  37.006 0.3000000119
47775  -34.996  -17.078  31.790 0.2000000030
48814  -35.766  -16.788  32.082 0.2000000030
47755  -36.383  -17.380  32.371 0.2000000030
50891  -32.981  -14.637  34.101 0.2000000030
49888  -32.665  -15.346  32.726 0.2000000030
48778  -41.633  -16.389  35.254 0.2000000030
48794  -41.537  -16.587  34.502 0.2000000030
105447  -38.875  -16.729  32.431 0.2000000030
48818  -39.855  -16.084  32.929 0.2000000030
46755  -43.996  -18.844  34.762 0.2000000030
117392  -40.324  -12.294  53.744 0.2000000030
54387  -39.869  -11.406  53.584 0.1000000015
42146  -6.759  -22.877  61.139 0.2000000030
39507  -21.616  -26.134  55.293 0.1000000015
41230  -22.130  -24.662  51.957 0.1000000015
47716  -47.115  -16.947  35.206 0.2000000030
46765  -27.211  -18.302  33.764 0.2000000030
55357  -44.844  -8.725  41.354 0.2000000030
56266  -45.778  -7.986  41.512 0.3000000119
47697  -28.609  -17.191  36.209 0.2000000030
42156  -13.885  -23.656  61.546 0.2000000030
48764  -31.249  -16.319  36.699 0.3000000119
58165  -44.241  -6.247  30.822 0.4000000060
59000  -45.723  -5.768  31.413 0.4000000060
57277  -41.743  -7.978  29.241 0.4000000060
40305  -16.686  -25.354  56.989 0.1000000015
42149  -13.141  -22.948  62.064 0.3000000119
42150  -13.323  -22.962  61.870 0.1000000015
42183  -14.482  -23.398  56.546 0.1000000015
43068  -14.146  -22.897  54.935 0.1000000015
42184  -14.938  -23.767  56.063 0.1000000015
42193  -15.146  -23.878  55.329 0.1000000015
105752  -19.809  -26.492  57.747 0.2000000030
43081  -13.464  -22.276  54.574 0.1000000015
43082  -14.037  -22.631  54.178 0.1000000015
113400  -14.777  -23.504  54.841 0.1000000015
41186  -16.153  -24.791  55.526 0.1000000015
39485  -18.741  -26.020  56.042 0.1000000015
43930  -12.148  -21.449  54.667 0.1000000015
43950  -12.791  -21.672  53.294 0.1000000015
43096  -14.216  -22.670  53.626 0.1000000015
117511  -16.114  -24.592  54.675 0.1000000015
109550  -13.471  -22.025  52.857 0.1000000015
42217  -14.687  -22.943  53.045 0.1000000015
106533  -21.876  -25.606  54.019 0.1000000015
40336  -21.513  -25.228  53.387 0.1000000015
40337  -22.305  -25.328  53.316 0.1000000015
42233  -17.261  -23.958  52.191 0.1000000015
41225  -17.760  -24.467  52.683 0.1000000015
42262  -17.580  -23.310  50.967 0.1000000015
42250  -20.670  -23.819  50.958 0.1000000015
41209  -21.059  -24.833  52.839 0.1000000015
42264  -19.267  -23.224  50.311 0.1000000015
43839  -11.841  -22.139  61.852 0.2000000030
43041  -12.953  -22.328  60.737 0.1000000015
43840  -12.561  -22.211  61.627 0.1000000015
110767  -12.243  -21.776  58.980 0.1000000015
114445  -13.533  -22.625  57.574 0.1000000015
43057  -12.635  -21.852  56.497 0.1000000015
43889  -11.507  -21.385  56.724 0.1000000015
108389  -11.634  -21.334  55.110 0.1000000015
115787  -18.443  -25.775  55.262 0.1000000015
119712  -17.756  -25.512  54.863 0.1000000015
40315  -19.982  -25.937  55.226 0.1000000015
43977  -11.274  -21.324  51.470 0.1000000015
43979  -12.824  -21.585  51.601 0.1000000015
43117  -15.997  -22.918  51.249 0.1000000015
107650  -10.774  -21.250  57.028 0.1000000015
43886  -8.467  -21.571  56.790 0.1000000015
120796  -9.115  -21.321  55.521 0.1000000015
43927  -9.377  -21.322  54.694 0.1000000015
104639  -10.146  -21.305  54.729 0.1000000015
43906  -9.963  -21.248  55.568 0.1000000015
43962  -9.483  -21.390  52.940 0.1000000015
43974  -8.944  -21.537  51.693 0.1000000015
107647  -10.320  -21.376  50.864 0.1000000015
43989  -9.648  -21.485  50.572 0.1000000015
44015  -11.391  -21.406  48.908 0.1000000015
118162  -7.616  -21.768  60.190 0.1000000015
43028  -7.100  -22.128  60.725 0.2000000030
43870  -9.212  -21.431  58.157 0.1000000015
43855  -8.495  -21.536  59.296 0.2000000030
48761  -28.846  -16.775  35.506 0.2000000030
48774  -28.658  -16.784  34.797 0.2000000030
48752  -30.837  -16.773  37.164 0.3000000119
47739  -29.031  -16.954  33.515 0.2000000030
48789  -28.437  -16.988  34.115 0.2000000030
47756  -37.776  -17.694  32.532 0.2000000030
48777  -31.042  -16.194  35.904 0.2000000030
48792  -30.948  -16.017  35.037 0.2000000030
48791  -30.192  -16.308  34.325 0.2000000030
105579  -41.179  -19.186  32.487 0.2000000030
46767  -42.092  -18.407  33.395 0.2000000030
120228  -29.670  -16.612  33.614 0.2000000030
126127  -30.681  -16.191  33.788 0.2000000030
110599  -39.611  -18.110  32.420 0.2000000030
47751  -29.781  -16.978  32.904 0.2000000030
48811  -30.716  -16.665  32.663 0.2000000030
48813  -32.303  -15.969  32.308 0.2000000030
48834  -32.865  -16.334  31.786 0.2000000030
45878  -46.623  -19.244  33.184 0.2000000030
46771  -45.162  -19.028  33.499 0.2000000030
113643  -45.917  -19.110  33.226 0.2000000030
46770  -44.289  -19.074  33.814 0.2000000030
45874  -42.686  -19.522  33.047 0.2000000030
46768  -42.761  -18.931  33.728 0.2000000030
48804  -40.552  -16.421  33.284 0.2000000030
46773  -48.057  -18.518  33.599 0.2000000030
46772  -47.065  -18.601  33.473 0.2000000030
47743  -46.447  -18.166  33.889 0.2000000030
58174  -42.760  -6.945  29.168 0.5000000000
105694  -44.054  -6.294  29.920 0.5000000000
107553  -51.799  -4.482  26.583 0.1000000015
105815  -52.538  -4.567  29.947 0.2000000030
59048  -51.358  -4.926  26.058 0.1000000015
58977  -49.439  -5.680  34.441 0.1000000015
119904  -49.745  -5.468  33.534 0.1000000015
59869  -50.938  -5.069  31.592 0.2000000030
59853  -52.264  -5.174  33.552 0.1000000015
116458  -46.451  -5.604  30.919 0.3000000119
59001  -47.850  -5.539  31.613 0.3000000119
58931  -48.671  -5.184  38.343 0.2000000030
59810  -49.873  -5.667  36.716 0.1000000015
60694  -49.048  -4.455  35.650 0.1000000015
59811  -50.278  -5.525  36.544 0.1000000015
58967  -50.738  -5.684  36.315 0.2000000030
60696  -50.568  -4.287  35.958 0.1000000015
59825  -51.559  -5.614  35.921 0.1000000015
60697  -51.590  -4.448  36.280 0.1000000015
59826  -52.530  -5.389  36.555 0.1000000015
123878  -53.258  -4.661  25.699 0.1000000015
59053  -53.395  -5.118  25.443 0.1000000015
59808  -48.698  -5.553  36.627 0.1000000015
60706  -49.159  -3.291  34.853 0.1000000015
60698  -52.613  -4.676  36.720 0.1000000015
60719  -49.546  -2.524  34.339 0.1000000015
60709  -52.297  -3.636  36.163 0.1000000015
59840  -54.918  -4.686  35.588 0.1000000015
57302  -53.365  -8.387  25.625 0.1000000015
59789  -47.193  -4.372  38.548 0.2000000030
60711  -54.329  -3.695  36.155 0.1000000015
54486  -47.248  -9.009  44.217 0.3000000119
57151  -44.322  -7.652  39.713 0.2000000030
57172  -44.722  -6.808  39.418 0.2000000030
61571  -50.981  -2.146  34.351 0.1000000015
61573  -53.508  -2.106  35.041 0.1000000015
60720  -54.932  -3.612  35.271 0.1000000015
54485  -46.149  -9.359  44.146 0.1000000015
59834  -44.496  -4.452  33.460 0.1000000015
57308  -55.726  -7.822  24.158 0.1000000015
61581  -49.516  -2.214  33.074 0.1000000015
61582  -50.499  -2.116  33.269 0.1000000015
61584  -53.458  -1.394  33.972 0.1000000015
57334  -54.933  -7.343  22.394 0.1000000015
58226  -56.121  -7.156  23.331 0.1000000015
59089  -56.443  -6.215  22.375 0.1000000015
60755  -56.484  -2.861  30.046 0.1000000015
62529  -56.039  0.484  30.511 0.1000000015
54617  -42.318  -10.082  28.409 0.2000000030
55458  -41.952  -9.335  28.544 0.2000000030
58183  -43.664  -6.517  28.941 0.4000000060
59025  -47.673  -5.445  30.006 0.3000000119
107036  -46.251  -5.588  29.998 0.3000000119
59013  -46.915  -5.496  30.254 0.3000000119
104524  -46.891  -5.471  29.432 0.3000000119
105111  -47.985  -5.505  30.793 0.2000000030
54467  -46.469  -9.785  45.800 0.2000000030
122851  -46.305  -9.551  44.913 0.2000000030
121667  -43.138  -10.244  41.428 0.1000000015
54529  -42.647  -9.624  39.936 0.1000000015
54505  -44.172  -9.828  42.164 0.1000000015
55356  -43.506  -9.576  40.860 0.1000000015
54468  -47.618  -9.637  45.990 0.2000000030
56378  -41.747  -8.634  28.845 0.2000000030
108154  -47.310  -5.529  30.867 0.2000000030
56286  -43.395  -8.146  39.043 0.1000000015
54496  -44.440  -10.224  43.236 0.1000000015
59002  -48.587  -5.487  31.170 0.2000000030
58096  -42.986  -5.253  36.998 0.1000000015
57285  -42.093  -7.987  28.574 0.3000000119
122011  -43.119  -6.948  28.449 0.3000000119
54614  -41.962  -10.402  29.177 0.2000000030
55460  -42.459  -9.383  27.936 0.2000000030
109138  -42.577  -8.003  27.950 0.2000000030
58187  -43.698  -6.823  27.988 0.4000000060
59014  -48.526  -5.430  30.336 0.2000000030
59033  -46.109  -5.615  29.058 0.4000000060
37713  -6.346  -28.678  57.499 0.1000000015
36838  -6.928  -29.472  58.831 0.1000000015
36839  -8.341  -29.318  58.289 0.1000000015
41148  -4.742  -24.210  60.654 0.1000000015
37728  -6.545  -28.061  56.528 0.1000000015
37714  -7.459  -29.019  57.715 0.1000000015
41156  -3.835  -24.392  59.918 0.1000000015
40291  -3.539  -24.911  58.322 0.1000000015
43034  -5.777  -22.817  60.221 0.1000000015
43036  -6.945  -22.070  59.781 0.1000000015
42169  -6.003  -23.102  57.738 0.1000000015
42160  -5.812  -22.968  59.019 0.1000000015
42159  -5.142  -23.312  60.141 0.1000000015
41173  -5.209  -24.165  56.835 0.1000000015
42144  -5.405  -23.822  60.851 0.1000000015
43035  -6.379  -22.538  59.361 0.1000000015
43920  -35.641  -21.485  55.615 0.1000000015
44812  -34.978  -20.773  55.994 0.1000000015
44801  -36.482  -19.816  55.792 0.1000000015
45630  -34.032  -19.296  56.517 0.1000000015
44799  -34.516  -20.062  56.270 0.1000000015
45631  -35.013  -19.134  56.515 0.1000000015
44798  -33.720  -20.077  56.137 0.1000000015
46463  -33.719  -17.895  57.106 0.1000000015
47429  -32.760  -17.152  57.202 0.1000000015
47443  -32.490  -17.472  56.837 0.1000000015
40278  -5.411  -25.037  60.178 0.1000000015
41157  -4.497  -23.868  59.413 0.1000000015
41164  -3.979  -24.393  58.754 0.1000000015
41172  -4.391  -24.649  57.393 0.1000000015
41165  -4.830  -24.011  57.975 0.1000000015
42151  -5.233  -23.610  60.724 0.1000000015
42168  -5.313  -23.480  58.540 0.1000000015
117720  -35.785  -20.626  55.862 0.1000000015
44800  -35.470  -19.940  56.207 0.1000000015
46478  -34.402  -18.272  56.816 0.1000000015
46464  -34.285  -17.525  57.208 0.1000000015
47430  -33.636  -17.168  57.386 0.1000000015
43021  -5.705  -23.054  60.843 0.1000000015
41150  -4.132  -24.577  60.394 0.1000000015
46477  -33.498  -18.575  56.748 0.1000000015
52584  -43.405  -12.391  46.714 0.1000000015
57287  -43.108  -7.402  27.861 0.2000000030
58188  -44.516  -6.728  27.460 0.2000000030
58192  -45.157  -7.018  26.785 0.2000000030
122416  -44.672  -10.720  45.494 0.1000000015
58184  -44.311  -6.395  28.340 0.3000000119
58189  -45.371  -6.329  27.335 0.2000000030
58190  -46.092  -6.100  27.073 0.2000000030
59038  -45.871  -5.748  27.992 0.2000000030
53537  -44.007  -10.898  44.604 0.1000000015
59024  -45.487  -5.746  29.665 0.2000000030
58176  -44.681  -6.058  29.180 0.3000000119
118845  -45.421  -5.801  28.820 0.3000000119
59039  -46.684  -5.715  27.422 0.2000000030
51672  -42.967  -13.158  47.585 0.1000000015
52555  -41.620  -12.963  48.914 0.1000000015
51652  -42.902  -13.307  48.470 0.1000000015
121524  -43.449  -11.492  45.108 0.1000000015
53506  -45.264  -10.656  46.521 0.1000000015
53538  -45.107  -10.177  44.651 0.1000000015
51687  -42.391  -12.974  46.646 0.1000000015
52538  -42.371  -13.096  49.684 0.1000000015
51653  -43.612  -12.960  48.503 0.1000000015
53521  -43.417  -11.829  45.804 0.1000000015
107629  -46.752  -5.511  28.395 0.3000000119
52597  -42.666  -12.539  45.995 0.1000000015
57290  -43.828  -7.484  27.252 0.2000000030
119954  -44.553  -7.382  26.867 0.2000000030
106177  -48.032  -5.336  28.019 0.2000000030
59040  -47.422  -5.475  27.758 0.2000000030
59035  -48.493  -5.297  28.548 0.2000000030
59041  -48.540  -5.269  27.691 0.2000000030
59036  -49.226  -5.090  28.130 0.2000000030
59034  -47.664  -5.397  28.813 0.2000000030
59026  -48.438  -5.363  29.456 0.2000000030
59913  -50.645  -4.729  28.741 0.2000000030
106506  -51.266  -4.626  29.175 0.2000000030
59027  -49.854  -5.052  29.148 0.2000000030
59904  -51.633  -4.676  29.815 0.2000000030
123257  -49.063  -5.228  29.055 0.2000000030
59903  -50.763  -4.866  29.736 0.2000000030
59886  -52.101  -4.729  30.581 0.2000000030
119080  -50.008  -5.182  30.195 0.1000000015
119268  -51.332  -4.808  30.374 0.2000000030
59015  -49.214  -5.299  29.832 0.1000000015
104307  -49.303  -5.364  30.722 0.1000000015
59912  -50.029  -4.875  28.212 0.2000000030
27061  -30.875  -41.015  47.713 0.1000000015
27950  -30.889  -40.238  47.742 0.1000000015
123922  -30.580  -39.958  47.152 0.1000000015
27934  -31.528  -40.696  48.752 0.1000000015
28843  -31.459  -39.915  48.653 0.1000000015
28871  -30.358  -39.687  46.626 0.1000000015
28861  -30.744  -39.520  47.572 0.1000000015
112591  -31.259  -39.235  48.447 0.1000000015
29765  -30.714  -38.719  47.772 0.1000000015
29751  -31.398  -38.563  48.868 0.1000000015
28829  -32.359  -40.060  51.366 0.1000000015
112786  -32.404  -39.299  51.199 0.1000000015
29752  -32.077  -38.544  50.328 0.1000000015
118941  -32.302  -38.478  52.248 0.1000000015
30659  -31.474  -37.478  49.461 0.1000000015
30634  -30.801  -37.067  52.092 0.1000000015
109234  -30.700  -37.851  48.078 0.1000000015
30646  -29.901  -36.521  51.272 0.1000000015
105693  -30.756  -36.976  48.345 0.1000000015
32302  -30.155  -36.200  47.017 0.1000000015
30648  -32.182  -37.648  51.196 0.1000000015
30626  -31.981  -37.362  52.342 0.1000000015
110305  -32.018  -36.902  51.936 0.1000000015
30647  -31.863  -36.478  50.779 0.1000000015
31521  -31.323  -36.147  49.301 0.1000000015
31510  -29.881  -35.658  51.128 0.1000000015
31501  -30.879  -35.940  52.085 0.1000000015
31511  -31.730  -35.694  51.458 0.1000000015
31528  -30.605  -36.208  47.968 0.1000000015
32303  -30.839  -35.260  47.622 0.1000000015
45006  -51.474  -20.831  38.147 0.1000000015
32280  -29.153  -35.585  50.061 0.1000000015
32274  -30.729  -34.995  51.400 0.1000000015
33057  -31.652  -34.151  50.862 0.1000000015
31540  -29.755  -36.289  46.182 0.1000000015
32315  -30.246  -35.580  46.640 0.1000000015
44164  -51.554  -21.561  39.617 0.1000000015
44165  -52.428  -21.129  39.756 0.1000000015
104782  -30.639  -34.305  50.773 0.1000000015
33069  -31.983  -33.556  50.198 0.1000000015
32326  -30.084  -35.351  45.879 0.1000000015
43283  -51.033  -22.224  40.102 0.1000000015
33866  -30.630  -33.128  49.185 0.1000000015
108840  -29.740  -35.390  45.067 0.1000000015
42418  -48.892  -23.347  38.912 0.1000000015
43282  -49.937  -22.420  38.907 0.1000000015
44153  -51.998  -22.271  41.002 0.1000000015
44155  -53.178  -21.542  40.240 0.1000000015
33118  -29.787  -35.003  44.474 0.1000000015
41513  -48.877  -23.793  39.856 0.1000000015
42419  -50.105  -22.870  40.109 0.1000000015
44154  -52.732  -21.843  40.693 0.1000000015
42406  -50.581  -23.309  41.283 0.1000000015
112394  -50.716  -21.343  37.918 0.1000000015
44175  -50.582  -21.006  36.981 0.1000000015
32293  -31.800  -34.863  49.805 0.1000000015
119574  -31.209  -35.410  48.620 0.1000000015
43294  -49.530  -22.138  37.386 0.1000000015
44163  -50.372  -21.842  38.396 0.1000000015
33082  -31.875  -34.291  48.999 0.1000000015
42431  -49.155  -22.570  37.655 0.1000000015
45849  -52.647  -19.793  37.972 0.1000000015
44998  -53.229  -21.143  40.063 0.1000000015
44166  -53.642  -21.371  39.732 0.1000000015
33844  -31.742  -32.947  49.882 0.1000000015
33854  -32.228  -32.931  49.558 0.1000000015
32327  -30.682  -34.545  46.154 0.1000000015
41531  -47.057  -24.224  37.569 0.1000000015
42446  -48.449  -23.007  37.169 0.1000000015
45007  -52.701  -20.426  38.972 0.1000000015
44176  -53.474  -21.527  38.578 0.1000000015
42430  -47.780  -23.688  37.526 0.1000000015
33119  -30.533  -34.171  44.707 0.1000000015
33130  -30.546  -34.011  43.689 0.1000000015
39786  -38.348  -26.911  32.916 0.1000000015
38007  -38.519  -28.414  33.311 0.1000000015
45015  -51.814  -20.134  37.357 0.1000000015
43305  -49.165  -21.985  36.268 0.1000000015
32316  -30.775  -34.781  46.838 0.1000000015
43304  -48.446  -22.506  35.945 0.1000000015
108117  -52.156  -19.483  36.832 0.1000000015
125309  -54.140  -20.334  39.389 0.1000000015
123613  -31.477  -32.546  49.116 0.1000000015
33090  -32.453  -33.154  49.187 0.1000000015
33089  -31.742  -34.071  48.028 0.1000000015
41548  -46.340  -24.269  36.868 0.1000000015
120149  -47.101  -23.936  36.918 0.1000000015
45856  -51.584  -19.183  35.714 0.1000000015
45857  -52.532  -18.742  36.409 0.1000000015
45850  -53.333  -19.179  37.813 0.1000000015
45843  -53.563  -19.848  38.896 0.1000000015
45838  -54.351  -19.941  39.208 0.1000000015
33853  -32.113  -32.533  49.242 0.1000000015
33107  -30.249  -34.760  45.307 0.1000000015
105754  -45.659  -24.490  37.190 0.1000000015
47717  -51.996  -17.605  35.043 0.1000000015
46745  -51.796  -18.409  35.306 0.1000000015
43285  -53.315  -22.010  39.882 0.1000000015
34647  -30.815  -32.127  47.723 0.1000000015
34634  -31.690  -32.100  48.587 0.1000000015
43284  -52.654  -22.569  40.467 0.1000000015
34659  -30.255  -32.124  46.618 0.1000000015
33892  -31.307  -33.491  44.515 0.1000000015
41527  -42.649  -24.427  37.612 0.1000000015
34668  -29.227  -32.597  45.522 0.1000000015
111293  -32.065  -33.039  44.454 0.1000000015
42416  -41.182  -23.670  38.696 0.1000000015
34678  -33.335  -32.180  45.325 0.1000000015
41504  -37.394  -23.581  39.490 0.1000000015
43269  -39.069  -22.042  39.374 0.1000000015
42414  -36.889  -23.637  38.823 0.1000000015
125414  -37.624  -22.726  39.809 0.1000000015
41542  -38.641  -24.593  36.470 0.1000000015
105673  -37.867  -24.380  37.489 0.1000000015
41561  -38.354  -24.576  35.635 0.1000000015
117633  -37.974  -24.612  34.735 0.1000000015
41609  -37.933  -24.963  33.758 0.1000000015
40625  -38.676  -25.027  34.198 0.1000000015
38005  -36.839  -28.708  32.954 0.1000000015
38026  -38.031  -27.745  32.898 0.1000000015
36236  -36.151  -30.229  35.825 0.1000000015
119069  -36.788  -30.067  35.332 0.1000000015
37098  -37.767  -29.665  34.088 0.1000000015
36191  -37.041  -30.752  37.783 0.1000000015
36210  -36.925  -30.631  36.931 0.1000000015
36237  -37.382  -30.546  35.509 0.1000000015
124052  -37.002  -30.679  39.161 0.1000000015
45014  -50.891  -20.404  36.425 0.1000000015
44185  -50.155  -20.911  35.998 0.1000000015
44183  -48.805  -21.833  35.373 0.1000000015
43303  -47.689  -22.820  35.284 0.1000000015
44167  -54.136  -20.898  39.210 0.1000000015
33096  -31.789  -33.690  47.271 0.1000000015
42460  -46.431  -23.760  35.515 0.1000000015
116661  -53.875  -19.445  38.587 0.1000000015
45009  -54.909  -19.837  38.634 0.1000000015
123889  -53.794  -20.851  37.666 0.1000000015
112777  -52.869  -21.484  36.876 0.1000000015
33867  -32.461  -32.706  48.969 0.1000000015
33097  -32.568  -32.992  48.588 0.1000000015
33108  -31.062  -33.980  45.915 0.1000000015
41547  -45.466  -24.391  36.389 0.1000000015
46746  -52.865  -17.971  35.989 0.1000000015
46723  -54.667  -18.926  38.447 0.1000000015
43296  -52.640  -22.109  37.736 0.1000000015
34635  -32.478  -32.192  48.413 0.1000000015
33876  -32.918  -32.196  47.984 0.1000000015
33875  -32.302  -33.086  46.917 0.1000000015
33885  -31.689  -33.325  45.686 0.1000000015
105509  -44.074  -24.591  37.253 0.1000000015
41565  -44.090  -24.431  35.530 0.1000000015
47718  -53.115  -17.161  35.713 0.1000000015
42433  -51.844  -23.217  38.750 0.1000000015
109382  -52.482  -22.603  38.727 0.1000000015
34648  -31.982  -31.555  47.787 0.1000000015
33893  -32.449  -32.718  45.499 0.1000000015
123601  -43.288  -24.535  37.169 0.1000000015
118792  -42.790  -24.442  35.922 0.1000000015
42432  -51.457  -23.737  39.745 0.1000000015
104457  -29.240  -32.264  44.724 0.1000000015
42415  -40.474  -23.289  38.368 0.1000000015
42443  -41.282  -23.828  36.896 0.1000000015
34672  -34.329  -31.066  46.410 0.1000000015
34673  -34.396  -30.812  45.777 0.1000000015
44152  -38.868  -21.891  38.519 0.1000000015
43280  -39.279  -22.161  37.839 0.1000000015
42427  -39.834  -22.831  37.181 0.1000000015
125315  -34.883  -30.523  45.191 0.1000000015
35387  -33.114  -30.711  44.211 0.1000000015
123093  -36.708  -24.111  38.290 0.1000000015
43279  -36.759  -22.711  38.185 0.1000000015
121593  -38.495  -21.740  38.121 0.1000000015
41524  -35.826  -24.139  37.848 0.1000000015
42426  -36.050  -23.955  38.218 0.1000000015
111526  -37.277  -24.450  35.766 0.1000000015
40639  -37.561  -25.510  33.095 0.1000000015
37096  -35.906  -29.651  34.115 0.1000000015
125262  -36.434  -27.650  32.220 0.1000000015
38883  -37.555  -27.022  32.558 0.1000000015
36176  -36.582  -30.554  38.500 0.1000000015
45023  -50.794  -19.697  35.358 0.1000000015
45022  -49.762  -20.645  35.097 0.1000000015
122674  -50.324  -20.330  35.463 0.1000000015
121596  -51.403  -19.802  36.246 0.1000000015
44196  -47.885  -21.847  34.120 0.1000000015
44197  -48.598  -21.454  34.567 0.1000000015
44213  -47.412  -21.472  33.517 0.1000000015
43316  -47.558  -22.479  34.525 0.1000000015
44212  -46.669  -21.848  33.195 0.1000000015
42483  -46.813  -23.144  34.633 0.1000000015
42459  -45.923  -23.716  34.887 0.1000000015
45844  -54.743  -19.548  38.814 0.1000000015
45016  -54.678  -20.100  37.882 0.1000000015
41591  -44.534  -24.091  34.733 0.1000000015
47734  -51.205  -17.273  34.660 0.1000000015
46735  -53.895  -18.361  37.391 0.1000000015
46736  -55.160  -18.175  37.910 0.1000000015
45852  -55.168  -19.343  38.262 0.1000000015
45851  -54.668  -19.708  37.088 0.1000000015
44186  -52.101  -21.965  36.146 0.1000000015
43295  -51.705  -22.637  36.928 0.1000000015
34649  -33.117  -31.436  47.624 0.1000000015
33886  -33.106  -32.287  46.901 0.1000000015
41564  -43.383  -24.448  35.537 0.1000000015
47719  -54.428  -16.891  36.723 0.1000000015
47704  -55.181  -17.408  37.465 0.1000000015
43306  -51.017  -23.305  36.787 0.1000000015
34660  -31.332  -31.444  46.599 0.1000000015
34671  -33.794  -31.601  46.631 0.1000000015
41544  -42.027  -24.271  36.360 0.1000000015
41563  -42.132  -24.172  35.406 0.1000000015
105575  -52.309  -14.747  35.527 0.1000000015
42447  -50.918  -23.720  37.787 0.1000000015
118790  -29.806  -31.799  44.809 0.1000000015
34669  -29.977  -31.899  45.600 0.1000000015
42442  -40.534  -23.409  36.560 0.1000000015
43292  -39.181  -22.198  36.952 0.1000000015
42441  -39.801  -22.914  36.237 0.1000000015
35388  -33.504  -30.618  43.330 0.1000000015
44160  -37.515  -21.940  37.468 0.1000000015
44173  -38.065  -21.370  36.730 0.1000000015
35397  -32.896  -31.002  41.902 0.1000000015
41540  -35.419  -24.166  37.148 0.1000000015
43291  -36.354  -22.627  37.398 0.1000000015
35398  -33.541  -30.665  41.286 0.1000000015
41586  -37.128  -24.591  34.333 0.1000000015
41559  -36.000  -24.381  36.026 0.1000000015
42439  -35.005  -23.865  37.124 0.1000000015
39785  -37.010  -26.135  32.509 0.1000000015
41608  -36.991  -24.855  33.583 0.1000000015
36259  -35.191  -30.032  34.667 0.1000000015
37158  -35.997  -28.923  32.766 0.1000000015
38025  -37.123  -27.882  32.575 0.1000000015
36175  -35.631  -30.408  38.040 0.1000000015
36235  -35.531  -30.202  35.465 0.1000000015
45032  -49.319  -20.200  34.294 0.1000000015
45033  -50.061  -19.911  34.745 0.1000000015
44214  -48.161  -20.978  33.760 0.1000000015
45031  -48.794  -20.770  34.191 0.1000000015
45073  -45.557  -20.694  32.622 0.1000000015
44237  -46.950  -21.010  33.042 0.1000000015
44234  -44.037  -21.418  32.470 0.1000000015
43357  -45.885  -22.111  32.863 0.1000000015
42502  -45.949  -23.342  34.188 0.1000000015
43354  -43.491  -22.252  32.541 0.1000000015
42519  -44.136  -22.753  32.825 0.1000000015
42501  -45.366  -23.216  33.627 0.1000000015
123943  -53.104  -20.968  36.241 0.1000000015
42518  -43.476  -22.882  32.849 0.1000000015
113560  -43.137  -23.206  33.111 0.1000000015
45858  -55.211  -19.078  36.990 0.1000000015
45025  -53.782  -20.349  36.387 0.1000000015
44187  -52.434  -21.314  35.611 0.1000000015
35349  -32.884  -31.115  47.330 0.1000000015
34661  -33.615  -31.323  47.287 0.1000000015
41588  -41.959  -23.881  34.666 0.1000000015
118604  -52.555  -15.705  35.317 0.1000000015
49855  -53.798  -14.858  36.135 0.1000000015
47705  -55.506  -17.601  37.427 0.1000000015
46737  -55.393  -18.352  37.739 0.1000000015
119143  -50.969  -22.846  35.870 0.1000000015
34670  -30.775  -31.486  45.482 0.1000000015
35357  -32.316  -31.025  46.404 0.1000000015
34650  -33.665  -31.115  47.293 0.1000000015
42458  -41.306  -23.844  36.009 0.1000000015
105837  -41.353  -23.744  35.103 0.1000000015
35364  -30.292  -31.575  44.446 0.1000000015
35366  -33.213  -30.686  46.121 0.1000000015
34663  -34.274  -30.929  46.544 0.1000000015
42456  -39.868  -22.925  35.090 0.1000000015
43315  -40.277  -22.962  34.051 0.1000000015
35371  -29.918  -31.627  43.469 0.1000000015
35385  -29.732  -31.661  42.580 0.1000000015
35386  -30.603  -31.541  42.950 0.1000000015
108123  -31.714  -31.308  43.422 0.1000000015
35373  -32.434  -30.936  44.789 0.1000000015
44181  -38.127  -21.250  35.764 0.1000000015
44182  -38.641  -21.680  35.561 0.1000000015
35394  -29.570  -31.674  41.726 0.1000000015
119166  -30.419  -31.620  41.970 0.1000000015
35405  -30.223  -31.650  41.067 0.1000000015
35406  -31.237  -31.553  41.425 0.1000000015
44172  -37.334  -21.793  36.742 0.1000000015
35415  -28.405  -31.591  39.618 0.1000000015
35430  -29.034  -31.634  38.921 0.1000000015
111576  -30.840  -31.631  40.433 0.1000000015
35407  -32.582  -31.133  40.807 0.1000000015
36152  -33.152  -30.804  40.141 0.1000000015
43301  -36.357  -22.248  36.208 0.1000000015
44192  -37.009  -21.154  35.189 0.1000000015
119930  -33.361  -30.503  38.027 0.1000000015
125590  -36.328  -24.458  35.001 0.1000000015
42455  -34.653  -23.762  36.648 0.1000000015
36161  -33.727  -30.548  39.544 0.1000000015
36188  -33.623  -30.438  37.368 0.1000000015
36257  -33.395  -30.130  34.712 0.1000000015
120738  -36.192  -25.679  32.447 0.1000000015
41585  -36.220  -24.539  34.267 0.1000000015
41583  -34.018  -24.146  35.320 0.1000000015
36173  -34.048  -30.453  38.189 0.1000000015
36208  -34.389  -30.385  36.309 0.1000000015
37095  -35.106  -29.683  33.762 0.1000000015
38881  -36.084  -27.139  31.970 0.1000000015
41626  -35.874  -25.092  32.871 0.1000000015
41605  -34.354  -24.371  33.846 0.1000000015
111022  -35.023  -30.373  39.261 0.1000000015
111021  -34.662  -30.420  37.587 0.1000000015
105512  -34.811  -30.393  36.868 0.1000000015
124363  -50.370  -19.263  34.611 0.1000000015
45880  -48.997  -19.585  33.813 0.1000000015
45864  -49.651  -19.263  34.154 0.1000000015
45046  -47.905  -20.161  33.409 0.1000000015
45865  -51.015  -18.883  34.852 0.1000000015
45901  -45.078  -19.976  32.753 0.1000000015
45074  -46.455  -20.436  32.827 0.1000000015
46759  -51.125  -18.075  34.663 0.1000000015
45900  -44.161  -19.995  32.816 0.1000000015
124415  -50.498  -16.949  34.537 0.1000000015
108345  -42.533  -20.148  32.645 0.1000000015
126046  -42.990  -20.585  32.566 0.1000000015
45035  -52.722  -20.344  34.448 0.1000000015
45899  -41.921  -19.715  32.622 0.1000000015
45069  -41.835  -20.409  32.452 0.1000000015
121023  -42.608  -22.097  32.469 0.1000000015
42517  -42.713  -22.704  32.740 0.1000000015
46749  -55.860  -17.634  37.043 0.1000000015
45867  -54.504  -19.185  35.442 0.1000000015
125536  -53.353  -20.198  35.287 0.1000000015
44200  -52.180  -21.007  34.692 0.1000000015
45068  -40.619  -20.917  32.357 0.1000000015
43353  -41.811  -22.261  32.576 0.1000000015
42479  -42.201  -23.676  33.966 0.1000000015
48783  -54.721  -15.995  36.639 0.1000000015
48769  -55.421  -16.839  37.181 0.1000000015
44199  -51.734  -21.645  35.047 0.1000000015
35367  -34.198  -30.848  46.531 0.1000000015
34662  -34.130  -30.997  46.875 0.1000000015
44230  -40.446  -21.442  32.535 0.1000000015
42497  -41.605  -23.207  33.408 0.1000000015
43314  -39.634  -22.529  34.355 0.1000000015
35396  -32.212  -31.243  42.504 0.1000000015
45030  -37.997  -20.405  34.409 0.1000000015
124993  -38.420  -21.350  35.214 0.1000000015
113415  -30.028  -31.700  40.211 0.1000000015
45029  -37.431  -20.425  34.512 0.1000000015
44193  -37.811  -20.840  35.102 0.1000000015
35445  -28.397  -31.568  37.322 0.1000000015
104678  -28.760  -31.643  38.065 0.1000000015
111031  -29.869  -31.643  39.145 0.1000000015
35417  -30.556  -31.612  39.598 0.1000000015
35433  -32.154  -30.950  38.773 0.1000000015
44191  -35.113  -22.141  34.570 0.1000000015
44209  -36.610  -20.767  34.295 0.1000000015
36227  -27.865  -30.942  35.085 0.1000000015
35483  -28.394  -31.221  35.873 0.1000000015
105540  -29.769  -31.557  38.186 0.1000000015
36206  -32.748  -30.428  36.724 0.1000000015
37126  -32.493  -29.720  33.437 0.1000000015
43312  -33.436  -23.015  35.667 0.1000000015
36251  -27.685  -30.576  34.226 0.1000000015
116464  -32.833  -30.269  35.341 0.1000000015
37127  -33.538  -29.644  33.153 0.1000000015
38047  -34.232  -28.176  31.549 0.1000000015
42475  -32.973  -23.283  35.269 0.1000000015
38022  -34.703  -28.662  32.043 0.1000000015
39800  -34.939  -26.465  31.628 0.1000000015
41625  -35.067  -24.887  32.800 0.1000000015
41604  -33.368  -24.062  33.814 0.1000000015
41582  -33.337  -23.850  34.975 0.1000000015
116587  -50.408  -17.629  34.454 0.1000000015
46758  -50.248  -18.512  34.392 0.1000000015
45866  -53.503  -19.749  34.806 0.1000000015
45049  -52.475  -20.224  33.627 0.1000000015
46760  -53.778  -19.311  34.264 0.1000000015
45034  -52.012  -20.693  33.861 0.1000000015
118015  -41.007  -20.151  32.329 0.1000000015
106279  -39.998  -20.233  32.350 0.1000000015
113995  -54.966  -15.056  36.884 0.1000000015
48784  -55.398  -15.817  36.930 0.1000000015
46748  -55.546  -18.397  36.299 0.1000000015
119686  -39.754  -18.851  32.368 0.1000000015
49856  -54.740  -14.110  36.977 0.1000000015
49857  -55.195  -14.768  36.853 0.1000000015
45066  -39.117  -20.165  32.665 0.1000000015
45045  -39.185  -20.995  32.939 0.1000000015
104441  -52.851  -12.169  37.385 0.1000000015
118787  -32.105  -31.346  41.394 0.1000000015
45873  -38.200  -19.561  33.113 0.1000000015
35418  -31.325  -31.506  39.896 0.1000000015
35419  -32.187  -31.206  39.780 0.1000000015
105619  -30.700  -31.271  37.878 0.1000000015
112129  -31.365  -31.366  39.176 0.1000000015
36186  -32.061  -30.541  37.166 0.1000000015
44208  -35.590  -21.360  33.803 0.1000000015
35484  -29.347  -31.006  35.919 0.1000000015
35466  -30.609  -30.853  36.669 0.1000000015
37125  -31.374  -29.588  33.302 0.1000000015
37154  -32.093  -29.322  32.568 0.1000000015
38045  -32.528  -28.416  31.313 0.1000000015
43330  -33.586  -22.544  34.916 0.1000000015
36252  -28.574  -30.526  34.422 0.1000000015
36285  -29.148  -30.139  33.851 0.1000000015
38020  -32.882  -29.009  31.924 0.1000000015
39818  -33.379  -26.782  30.902 0.1000000015
41639  -33.047  -24.992  31.541 0.1000000015
42515  -32.792  -23.720  33.730 0.1000000015
42474  -32.699  -23.018  34.890 0.1000000015
119022  -34.250  -25.935  31.516 0.1000000015
41623  -33.197  -24.317  32.610 0.1000000015
46774  -48.904  -18.117  33.920 0.1000000015
120142  -49.485  -18.516  34.040 0.1000000015
47745  -48.223  -17.625  34.035 0.1000000015
106448  -49.628  -17.848  34.229 0.1000000015
47733  -49.724  -16.999  34.440 0.1000000015
45882  -53.379  -19.423  33.356 0.1000000015
45048  -52.026  -20.378  32.973 0.1000000015
46775  -54.025  -18.998  33.718 0.1000000015
106481  -50.662  -21.509  32.724 0.1000000015
48785  -55.776  -15.349  36.466 0.1000000015
106595  -56.244  -16.247  35.983 0.1000000015
46762  -56.020  -17.703  35.745 0.1000000015
46787  -39.072  -18.662  32.435 0.1000000015
51816  -54.097  -12.174  37.328 0.1000000015
50887  -55.447  -14.365  36.507 0.1000000015
45894  -36.779  -18.881  33.094 0.1000000015
35432  -31.389  -31.154  38.335 0.1000000015
108267  -36.010  -19.104  32.722 0.1000000015
45065  -36.481  -19.583  33.278 0.1000000015
36230  -30.773  -30.412  35.472 0.1000000015
36185  -31.348  -30.658  36.840 0.1000000015
45062  -33.165  -20.676  32.099 0.1000000015
45040  -34.736  -21.351  33.197 0.1000000015
45041  -36.172  -20.386  33.509 0.1000000015
36286  -30.014  -29.943  34.016 0.1000000015
37091  -30.878  -29.865  34.106 0.1000000015
38019  -31.744  -28.832  31.759 0.1000000015
116178  -31.812  -28.327  31.105 0.1000000015
42513  -31.728  -23.125  32.524 0.1000000015
44227  -31.874  -21.576  33.141 0.1000000015
43329  -32.838  -22.520  34.463 0.1000000015
37171  -27.097  -29.378  31.621 0.1000000015
37150  -28.406  -29.573  32.482 0.1000000015
37151  -29.284  -29.449  32.592 0.1000000015
38043  -30.103  -28.553  31.254 0.1000000015
38044  -31.042  -28.446  31.174 0.1000000015
38915  -31.747  -27.272  30.495 0.1000000015
41638  -32.327  -24.707  31.233 0.1000000015
42514  -32.404  -23.608  32.919 0.1000000015
43328  -32.422  -22.671  34.071 0.1000000015
46791  -54.715  -18.527  32.634 0.1000000015
45916  -53.299  -19.413  31.430 0.1000000015
105868  -52.559  -19.803  31.733 0.1000000015
46776  -54.692  -18.557  33.598 0.1000000015
45905  -53.140  -19.487  32.421 0.1000000015
45076  -51.944  -20.259  32.052 0.1000000015
48806  -56.757  -16.643  34.003 0.1000000015
109369  -56.205  -17.502  34.378 0.1000000015
45091  -50.717  -21.140  31.791 0.1000000015
50901  -55.834  -14.328  35.449 0.1000000015
49867  -56.236  -15.257  35.054 0.1000000015
47735  -56.431  -16.950  35.290 0.1000000015
43359  -49.894  -22.319  32.584 0.1000000015
52686  -53.581  -11.793  37.073 0.1000000015
51817  -54.795  -12.850  36.683 0.1000000015
46803  -34.846  -18.003  31.778 0.1000000015
124299  -34.659  -18.964  31.797 0.1000000015
45914  -33.745  -19.063  31.572 0.1000000015
45090  -34.168  -19.623  31.775 0.1000000015
38929  -26.751  -26.994  29.576 0.1000000015
38930  -27.647  -27.123  29.661 0.1000000015
113321  -29.167  -26.734  29.649 0.1000000015
40698  -29.655  -25.282  29.580 0.1000000015
116433  -30.421  -24.921  29.837 0.1000000015
42542  -30.993  -23.811  30.697 0.1000000015
43370  -31.194  -22.667  32.046 0.1000000015
45060  -31.407  -21.082  32.731 0.1000000015
38910  -26.941  -28.123  30.283 0.1000000015
38061  -27.681  -28.516  30.714 0.1000000015
38912  -28.951  -27.746  30.222 0.1000000015
38913  -29.751  -27.601  30.220 0.1000000015
38914  -30.418  -27.309  30.176 0.1000000015
39836  -31.471  -25.847  30.235 0.1000000015
42530  -31.433  -23.472  31.504 0.1000000015
46821  -54.944  -18.541  30.872 0.1000000015
46792  -55.610  -18.091  32.325 0.1000000015
46820  -54.093  -18.975  31.090 0.1000000015
45915  -52.683  -19.735  30.845 0.1000000015
107603  -56.336  -17.618  32.788 0.1000000015
45093  -52.013  -20.184  31.170 0.1000000015
45100  -50.740  -20.995  30.977 0.1000000015
51846  -55.219  -12.933  34.578 0.1000000015
43371  -49.623  -22.592  30.460 0.1000000015
44256  -50.320  -21.475  31.245 0.1000000015
53684  -52.787  -11.565  35.821 0.1000000015
53685  -53.477  -11.620  35.419 0.1000000015
52688  -54.622  -12.167  36.013 0.1000000015
44238  -49.663  -22.350  31.764 0.1000000015
46766  -28.361  -18.140  32.984 0.1000000015
45871  -26.944  -19.024  33.339 0.1000000015
46780  -27.648  -18.609  33.101 0.1000000015
47753  -31.293  -17.045  32.035 0.1000000015
42548  -26.568  -23.799  29.694 0.1000000015
42549  -27.365  -23.575  29.581 0.1000000015
45058  -29.642  -20.155  32.352 0.1000000015
45912  -30.958  -19.044  31.817 0.1000000015
114509  -31.838  -19.374  31.663 0.1000000015
46802  -33.192  -18.405  31.492 0.1000000015
40696  -27.014  -25.619  29.327 0.1000000015
41669  -27.981  -24.224  29.440 0.1000000015
41670  -28.968  -24.116  29.555 0.1000000015
42552  -29.693  -23.751  29.932 0.1000000015
43382  -30.143  -22.650  30.832 0.1000000015
43347  -30.953  -21.903  32.534 0.1000000015
125418  -30.985  -20.629  32.537 0.1000000015
45088  -32.544  -20.094  31.748 0.1000000015
110116  -57.409  -16.814  31.862 0.1000000015
46808  -55.694  -18.107  31.505 0.1000000015
45923  -53.443  -19.363  30.504 0.1000000015
45922  -52.791  -19.681  29.992 0.1000000015
48827  -57.332  -15.719  32.059 0.1000000015
47766  -57.131  -16.854  32.731 0.1000000015
45110  -51.358  -20.632  29.692 0.1000000015
45119  -50.728  -21.280  29.151 0.1000000015
49881  -55.233  -14.124  33.022 0.1000000015
109265  -56.253  -14.447  32.814 0.1000000015
48807  -57.039  -16.019  33.048 0.1000000015
45109  -50.727  -21.045  30.127 0.1000000015
115425  -53.623  -13.106  33.555 0.1000000015
50914  -54.376  -13.650  33.413 0.1000000015
49882  -55.984  -14.226  33.946 0.1000000015
44267  -49.850  -21.992  30.279 0.1000000015
53713  -51.110  -11.235  33.973 0.1000000015
53714  -52.010  -11.385  33.954 0.1000000015
52699  -53.386  -11.670  34.305 0.1000000015
52712  -53.813  -12.103  33.929 0.1000000015
124003  -49.655  -23.047  30.002 0.1000000015
52683  -49.936  -11.921  35.776 0.1000000015
53682  -50.242  -11.468  34.953 0.1000000015
53683  -51.199  -11.465  35.154 0.1000000015
43367  -26.636  -22.047  30.971 0.1000000015
44251  -27.108  -21.237  31.375 0.1000000015
45887  -27.438  -19.397  32.736 0.1000000015
46781  -29.106  -18.345  32.587 0.1000000015
112796  -29.650  -17.711  32.548 0.1000000015
48812  -31.540  -16.302  32.493 0.1000000015
110643  -27.176  -22.427  30.312 0.1000000015
118209  -27.523  -20.588  31.800 0.1000000015
45084  -28.310  -20.514  31.771 0.1000000015
45889  -29.327  -19.253  32.368 0.1000000015
46782  -29.993  -18.477  32.243 0.1000000015
42550  -28.226  -23.419  29.602 0.1000000015
43390  -28.420  -22.733  29.899 0.1000000015
44266  -29.120  -21.673  30.881 0.1000000015
46847  -54.202  -18.972  29.107 0.1000000015
46861  -54.215  -18.945  28.071 0.1000000015
47799  -57.543  -17.018  30.386 0.1000000015
46836  -55.697  -18.176  29.436 0.1000000015
47785  -57.905  -16.433  30.719 0.1000000015
47783  -56.604  -17.580  31.335 0.1000000015
45932  -53.500  -19.359  29.577 0.1000000015
49915  -55.976  -14.934  31.654 0.1000000015
49904  -56.891  -14.816  31.789 0.1000000015
123126  -52.421  -19.955  29.673 0.1000000015
45120  -51.417  -20.716  28.764 0.1000000015
49880  -53.842  -14.574  33.040 0.1000000015
49903  -55.597  -14.632  32.309 0.1000000015
49883  -56.836  -15.034  32.510 0.1000000015
51843  -52.090  -12.664  33.565 0.1000000015
50913  -53.205  -14.094  33.346 0.1000000015
43392  -50.399  -22.529  28.940 0.1000000015
108004  -50.250  -21.953  29.140 0.1000000015
53711  -49.209  -11.309  33.790 0.1000000015
53712  -50.065  -11.234  33.888 0.1000000015
52710  -51.602  -11.698  33.768 0.1000000015
41691  -50.984  -23.675  29.151 0.1000000015
125288  -49.914  -22.431  29.659 0.1000000015
52682  -48.964  -11.825  35.057 0.1000000015
53698  -49.693  -11.207  34.127 0.1000000015
41672  -50.490  -23.946  29.782 0.1000000015
46862  -55.070  -18.446  27.846 0.1000000015
117901  -54.511  -18.705  27.290 0.1000000015
46849  -55.772  -18.059  28.490 0.1000000015
46848  -54.937  -18.557  28.746 0.1000000015
45944  -53.493  -19.396  28.615 0.1000000015
49925  -57.574  -15.313  30.486 0.1000000015
48856  -58.058  -15.602  30.064 0.1000000015
48844  -54.950  -15.937  31.271 0.1000000015
48845  -55.981  -15.419  30.949 0.1000000015
118776  -57.850  -15.606  30.687 0.1000000015
45931  -52.720  -19.778  29.116 0.1000000015
45129  -51.575  -20.780  27.871 0.1000000015
49900  -52.137  -15.692  32.874 0.1000000015
48825  -53.564  -16.045  32.234 0.1000000015
48826  -54.701  -15.505  31.938 0.1000000015
44285  -51.060  -21.323  28.222 0.1000000015
51839  -47.775  -11.605  33.012 0.1000000015
51840  -49.053  -12.809  33.357 0.1000000015
50911  -50.552  -13.886  33.455 0.1000000015
49878  -51.767  -15.006  33.296 0.1000000015
49879  -52.709  -14.965  33.174 0.1000000015
44284  -50.609  -21.906  28.530 0.1000000015
52707  -48.563  -11.679  33.424 0.1000000015
52708  -49.572  -11.727  33.597 0.1000000015
51841  -50.101  -12.767  33.517 0.1000000015
42569  -51.430  -23.317  28.521 0.1000000015
43413  -51.013  -21.872  27.930 0.1000000015
52698  -48.359  -11.382  34.016 0.1000000015
41673  -51.315  -24.278  29.644 0.1000000015
41674  -52.139  -24.548  29.791 0.1000000015
104810  -50.820  -24.451  30.135 0.1000000015
41675  -52.858  -24.409  29.528 0.1000000015
40681  -50.759  -24.962  30.712 0.1000000015
47838  -55.901  -17.855  27.566 0.1000000015
47839  -57.035  -17.265  27.345 0.1000000015
48889  -58.467  -15.888  27.625 0.1000000015
47825  -58.237  -16.302  28.236 0.1000000015
45958  -53.411  -19.458  27.629 0.1000000015
46819  -52.023  -18.098  29.995 0.1000000015
47809  -53.559  -17.440  29.499 0.1000000015
48874  -55.902  -16.276  28.266 0.1000000015
48865  -57.592  -15.448  29.390 0.1000000015
48876  -58.434  -15.883  28.459 0.1000000015
45943  -52.734  -19.804  28.060 0.1000000015
47762  -49.410  -17.030  32.177 0.1000000015
47779  -50.466  -17.610  31.638 0.1000000015
47781  -52.266  -17.334  31.290 0.1000000015
48852  -54.090  -16.701  30.802 0.1000000015
48864  -56.282  -15.959  29.293 0.1000000015
45121  -52.100  -20.262  28.451 0.1000000015
120864  -51.853  -20.908  27.176 0.1000000015
105757  -48.178  -14.476  32.874 0.1000000015
49898  -49.326  -15.468  32.920 0.1000000015
116803  -50.792  -16.272  32.616 0.1000000015
48841  -51.915  -16.961  31.993 0.1000000015
48843  -53.855  -16.391  31.564 0.1000000015
44292  -51.531  -21.457  27.513 0.1000000015
51854  -47.617  -12.427  32.728 0.1000000015
49876  -49.007  -14.322  33.201 0.1000000015
117777  -51.211  -15.692  32.959 0.1000000015
52706  -47.391  -11.495  33.021 0.1000000015
42570  -52.390  -23.539  28.337 0.1000000015
41692  -52.021  -24.051  29.066 0.1000000015
47840  -58.117  -16.370  27.265 0.1000000015
47851  -56.265  -17.594  26.659 0.1000000015
121917  -55.632  -17.900  26.081 0.1000000015
108593  -48.935  -17.440  31.783 0.1000000015
46817  -50.160  -18.482  30.447 0.1000000015
111444  -53.034  -17.774  28.895 0.1000000015
48887  -55.476  -16.456  27.322 0.1000000015
107100  -57.803  -15.313  26.767 0.1000000015
47853  -58.435  -16.004  26.202 0.1000000015
47860  -56.753  -17.217  25.608 0.1000000015
46875  -53.909  -19.163  27.096 0.1000000015
48820  -47.532  -16.202  32.060 0.1000000015
47778  -49.626  -17.597  31.710 0.1000000015
47836  -53.603  -17.539  27.167 0.1000000015
48898  -54.878  -16.713  26.542 0.1000000015
49965  -57.229  -15.388  25.856 0.1000000015
48908  -58.475  -15.395  25.418 0.1000000015
45957  -52.722  -19.938  27.015 0.1000000015
45130  -52.174  -20.382  27.479 0.1000000015
51861  -46.107  -12.216  31.716 0.1000000015
50924  -46.815  -14.482  32.179 0.1000000015
47858  -53.533  -17.405  25.432 0.1000000015
48906  -55.061  -16.511  25.646 0.1000000015
49971  -57.561  -15.014  24.720 0.1000000015
46888  -55.503  -17.932  25.248 0.1000000015
52722  -45.755  -11.547  32.183 0.1000000015
47890  -53.326  -17.182  23.877 0.1000000015
113266  -55.228  -16.140  24.107 0.1000000015
49987  -57.807  -14.612  22.736 0.1000000015
45136  -52.132  -21.324  26.852 0.1000000015
43428  -51.886  -21.840  27.134 0.1000000015
42589  -52.765  -23.131  27.623 0.1000000015
41693  -53.080  -24.044  28.858 0.1000000015
106361  -54.445  -23.451  28.063 0.1000000015
46863  -55.212  -18.325  26.843 0.1000000015
47776  -47.481  -17.474  30.886 0.1000000015
45930  -50.020  -19.168  29.110 0.1000000015
46845  -51.696  -18.545  28.543 0.1000000015
49912  -45.689  -14.452  31.011 0.1000000015
49914  -46.809  -16.058  31.539 0.1000000015
45941  -49.601  -19.413  28.440 0.1000000015
46859  -51.795  -18.558  27.721 0.1000000015
46877  -54.851  -18.452  25.876 0.1000000015
45137  -52.484  -20.688  26.556 0.1000000015
52731  -43.746  -11.867  31.174 0.1000000015
51860  -45.462  -12.924  31.115 0.1000000015
49913  -46.322  -15.131  31.501 0.1000000015
120203  -51.178  -18.469  25.315 0.1000000015
46884  -51.893  -18.275  25.534 0.1000000015
46887  -54.618  -18.639  24.907 0.1000000015
52733  -45.708  -11.711  31.755 0.1000000015
46897  -52.317  -17.905  24.923 0.1000000015
43429  -52.528  -21.866  26.678 0.1000000015
43415  -53.336  -22.591  26.853 0.1000000015
42604  -54.519  -22.796  26.912 0.1000000015
42590  -53.842  -23.193  27.511 0.1000000015
49932  -45.911  -15.377  29.641 0.1000000015
49933  -46.364  -16.219  29.483 0.1000000015
51880  -44.552  -12.985  28.880 0.1000000015
48851  -46.487  -16.632  30.137 0.1000000015
46828  -47.654  -18.291  29.874 0.1000000015
112564  -53.613  -19.401  26.111 0.1000000015
45969  -53.278  -19.593  26.748 0.1000000015
122100  -44.118  -12.302  29.015 0.1000000015
49922  -45.573  -14.990  30.274 0.1000000015
45954  -48.433  -19.482  27.583 0.1000000015
53736  -43.129  -11.515  30.003 0.1000000015
51867  -44.760  -13.020  30.304 0.1000000015
46871  -49.673  -19.148  25.980 0.1000000015
45968  -53.006  -20.050  25.922 0.1000000015
116401  -53.677  -19.798  25.086 0.1000000015
44301  -53.046  -21.209  26.002 0.1000000015
45140  -53.797  -20.291  24.942 0.1000000015
45139  -53.181  -20.583  25.727 0.1000000015
107212  -53.483  -21.892  26.103 0.1000000015
43442  -54.503  -21.374  25.023 0.1000000015
43443  -56.306  -21.551  24.403 0.1000000015
43430  -54.808  -22.260  25.915 0.1000000015
43432  -58.154  -22.312  24.969 0.1000000015
52761  -45.921  -13.362  28.298 0.1000000015
50948  -45.907  -14.797  29.117 0.1000000015
54629  -44.050  -10.006  26.819 0.1000000015
52760  -44.898  -12.884  28.335 0.1000000015
110841  -46.464  -14.374  28.645 0.1000000015
53753  -43.656  -11.078  27.736 0.1000000015
106223  -46.510  -17.247  28.637 0.1000000015
48862  -46.624  -16.906  29.203 0.1000000015
54613  -41.412  -9.971  29.489 0.1000000015
53747  -43.189  -11.358  29.229 0.1000000015
45965  -47.377  -19.282  26.747 0.1000000015
45953  -47.598  -19.307  27.500 0.1000000015
59045  -48.128  -5.407  27.285 0.1000000015
110248  -45.750  -6.676  26.731 0.1000000015
58193  -46.395  -6.648  26.522 0.1000000015
108063  -47.184  -6.467  26.347 0.1000000015
56385  -44.887  -8.562  26.438 0.1000000015
54632  -46.401  -10.607  26.756 0.1000000015
57295  -46.849  -7.255  26.143 0.1000000015
57289  -43.157  -8.070  27.379 0.1000000015
48872  -46.486  -16.690  28.564 0.1000000015
114321  -47.109  -13.797  28.367 0.1000000015
48886  -46.253  -16.956  28.259 0.1000000015
49943  -47.222  -15.604  28.205 0.1000000015
46880  -46.289  -18.785  26.094 0.1000000015
124419  -48.504  -5.314  27.283 0.1000000015
116171  -46.747  -9.134  26.279 0.1000000015
55466  -47.159  -10.208  26.630 0.1000000015
110434  -47.444  -7.923  25.887 0.1000000015
51882  -47.952  -14.542  28.237 0.1000000015
104779  -46.714  -16.110  28.147 0.1000000015
50950  -47.986  -15.154  28.061 0.1000000015
46869  -45.436  -18.199  27.027 0.1000000015
46879  -45.534  -18.372  25.826 0.1000000015
47865  -45.191  -17.737  24.578 0.1000000015
47846  -43.813  -17.015  26.275 0.1000000015
47881  -44.678  -17.331  24.010 0.1000000015
48935  -44.637  -16.575  22.793 0.1000000015
50018  -44.747  -15.628  21.256 0.1000000015
118659  -44.404  -15.354  20.620 0.1000000015
59042  -48.859  -5.236  26.962 0.1000000015
58198  -48.417  -6.532  25.872 0.1000000015
111889  -47.670  -9.442  26.375 0.1000000015
53756  -48.547  -12.169  27.557 0.1000000015
56394  -48.370  -7.962  25.755 0.1000000015
49955  -46.212  -16.547  27.897 0.1000000015
52766  -49.187  -13.295  27.621 0.1000000015
54625  -48.903  -11.325  27.326 0.1000000015
49964  -46.544  -15.826  27.650 0.1000000015
47832  -44.998  -17.320  27.206 0.1000000015
50966  -48.282  -14.566  27.538 0.1000000015
47847  -44.527  -17.441  26.626 0.1000000015
48897  -44.333  -16.769  26.868 0.1000000015
51896  -47.590  -14.311  26.758 0.1000000015
111504  -44.316  -15.871  26.878 0.1000000015
50964  -45.461  -14.652  26.657 0.1000000015
48905  -43.248  -16.575  25.777 0.1000000015
51894  -44.804  -14.048  26.264 0.1000000015
51904  -45.404  -13.445  25.924 0.1000000015
48923  -42.672  -16.460  23.959 0.1000000015
49970  -42.567  -15.525  25.585 0.1000000015
51903  -44.381  -13.414  25.784 0.1000000015
50044  -43.775  -15.357  20.376 0.1000000015
120397  -43.049  -15.898  21.753 0.1000000015
48910  -41.777  -15.432  24.563 0.1000000015
51902  -43.400  -13.506  25.613 0.1000000015
59918  -49.792  -4.867  27.346 0.1000000015
58196  -49.343  -5.718  26.123 0.1000000015
57298  -48.780  -7.194  25.662 0.1000000015
54633  -49.244  -10.540  26.984 0.1000000015
53757  -49.584  -12.376  27.500 0.1000000015
51905  -47.450  -13.542  26.259 0.1000000015
51895  -46.495  -13.619  26.174 0.1000000015
106603  -46.734  -12.796  25.653 0.1000000015
52776  -45.043  -12.830  25.476 0.1000000015
33067  -30.688  -33.614  50.049 0.1000000015
35404  -29.246  -31.651  40.842 0.1000000015
36284  -28.279  -30.271  33.689 0.1000000015
36304  -27.933  -30.002  33.013 0.1000000015
43379  -26.556  -22.746  30.448 0.1000000015
45886  -26.710  -19.727  32.923 0.1000000015
35384  -29.102  -31.767  42.322 0.1000000015
35482  -27.447  -31.249  35.965 0.1000000015
35464  -27.935  -31.465  36.634 0.1000000015
116331  -26.794  -24.964  29.351 0.1000000015
111325  -27.143  -20.121  32.384 0.1000000015
38040  -27.557  -28.986  31.238 0.1000000015
39832  -27.332  -26.396  29.447 0.1000000015
124229  -52.110  -16.633  34.952 0.1000000015
121604  -48.585  -11.399  33.749 0.1000000015
111279  -48.029  -11.493  33.399 0.1000000015
52739  -43.038  -11.808  30.712 0.1000000015
50885  -54.434  -13.096  37.095 0.1000000015
52684  -50.859  -11.870  36.223 0.1000000015
115780  -45.257  -11.668  31.752 0.1000000015
53746  -42.307  -11.079  29.681 0.1000000015
47723  -27.707  -17.573  34.147 0.1000000015
46785  -37.292  -18.305  32.793 0.1000000015
48833  -32.102  -16.698  31.858 0.1000000015
47772  -31.972  -17.587  31.630 0.1000000015
122498  -32.735  -17.830  31.507 0.1000000015
47773  -33.405  -17.611  31.514 0.1000000015
112149  -34.021  -18.248  31.565 0.1000000015
45902  -46.744  -19.806  33.009 0.1000000015
120445  -47.536  -20.765  33.351 0.1000000015
45075  -47.175  -20.234  33.117 0.1000000015
118182  -45.996  -19.793  32.841 0.1000000015
45875  -43.607  -19.479  33.376 0.1000000015
45879  -48.337  -19.440  33.545 0.1000000015
47752  -30.458  -17.511  32.253 0.1000000015
47771  -31.174  -17.748  31.808 0.1000000015
122377  -43.291  -20.012  32.819 0.1000000015
54618  -43.017  -10.605  28.054 0.1000000015
55461  -43.022  -9.428  27.362 0.1000000015
57293  -45.045  -7.718  26.520 0.1000000015
57294  -45.878  -7.351  26.392 0.1000000015
126095  -46.729  -6.080  26.782 0.1000000015
57292  -44.311  -8.002  26.695 0.1000000015
55462  -43.667  -9.431  26.882 0.1000000015
27957  -30.458  -40.467  46.845 0.1000000015
30635  -31.499  -36.879  52.265 0.1000000015
32282  -31.857  -35.364  50.657 0.1000000015
32275  -31.432  -35.120  51.428 0.1000000015
119510  -49.234  -22.836  38.463 0.1000000015
43271  -50.837  -22.617  40.729 0.1000000015
44174  -49.952  -21.521  36.850 0.1000000015
43293  -48.904  -22.436  36.822 0.1000000015
125369  -38.116  -25.503  33.382 0.1000000015
119544  -37.771  -26.319  32.773 0.1000000015
41530  -46.247  -24.521  37.804 0.1000000015
42444  -46.789  -23.864  36.256 0.1000000015
42462  -47.876  -23.075  36.096 0.1000000015
42461  -47.214  -23.410  35.689 0.1000000015
41568  -46.142  -24.144  36.104 0.1000000015
118797  -42.721  -24.458  36.762 0.1000000015
41526  -41.974  -24.265  37.238 0.1000000015
42405  -40.938  -23.477  39.813 0.1000000015
43268  -37.108  -22.870  39.071 0.1000000015
44145  -38.654  -22.048  39.400 0.1000000015
43281  -39.841  -22.727  38.083 0.1000000015
42413  -36.463  -23.536  38.448 0.1000000015
44150  -37.776  -22.048  38.368 0.1000000015
44151  -38.444  -21.925  38.708 0.1000000015
41541  -37.617  -24.437  36.553 0.1000000015
113170  -36.866  -24.327  37.405 0.1000000015
41560  -36.988  -24.475  35.115 0.1000000015
37131  -37.321  -29.168  33.587 0.1000000015
38024  -36.299  -28.267  32.405 0.1000000015
37130  -36.439  -29.265  33.503 0.1000000015
118874  -37.443  -30.064  34.806 0.1000000015
37097  -36.845  -29.639  34.393 0.1000000015
38006  -37.695  -28.512  33.128 0.1000000015
36190  -36.367  -30.483  37.524 0.1000000015
36260  -36.107  -29.950  35.007 0.1000000015
104327  -36.822  -30.419  36.112 0.1000000015
36177  -37.191  -30.865  38.574 0.1000000015
44184  -49.437  -21.357  35.592 0.1000000015
121743  -49.019  -21.434  35.056 0.1000000015
43317  -48.194  -22.193  34.919 0.1000000015
41546  -44.528  -24.515  36.359 0.1000000015
41592  -45.279  -24.035  35.044 0.1000000015
105508  -44.956  -24.560  37.121 0.1000000015
46724  -55.018  -19.141  38.476 0.1000000015
104641  -44.083  -24.620  38.173 0.1000000015
41545  -43.571  -24.536  36.348 0.1000000015
121783  -43.941  -23.819  34.084 0.1000000015
125195  -42.899  -24.364  35.220 0.1000000015
42428  -40.519  -23.360  37.453 0.1000000015
104936  -33.922  -30.579  45.638 0.1000000015
44162  -38.715  -21.786  37.637 0.1000000015
35374  -34.701  -30.388  44.989 0.1000000015
44161  -38.269  -21.576  37.495 0.1000000015
125314  -35.641  -24.014  37.998 0.1000000015
105507  -36.445  -24.365  36.789 0.1000000015
40638  -36.666  -25.265  32.945 0.1000000015
37129  -35.597  -29.371  33.274 0.1000000015
39784  -36.247  -26.405  32.151 0.1000000015
36209  -35.348  -30.342  36.259 0.1000000015
44198  -49.185  -21.006  34.764 0.1000000015
43335  -47.151  -22.312  33.839 0.1000000015
43334  -46.206  -22.713  33.563 0.1000000015
42482  -45.286  -23.681  34.383 0.1000000015
42481  -44.632  -23.556  33.833 0.1000000015
46747  -54.233  -17.595  37.031 0.1000000015
108066  -54.159  -19.741  35.913 0.1000000015
43307  -51.351  -22.323  35.479 0.1000000015
41590  -43.517  -24.229  34.762 0.1000000015
48782  -53.392  -16.231  35.732 0.1000000015
42457  -40.574  -23.420  35.604 0.1000000015
43302  -39.157  -22.277  35.954 0.1000000015
109797  -38.487  -21.637  36.666 0.1000000015
114814  -39.232  -22.294  35.051 0.1000000015
35389  -33.702  -30.553  42.481 0.1000000015
43300  -34.950  -23.243  36.683 0.1000000015
43290  -35.424  -23.255  37.241 0.1000000015
41584  -35.116  -24.329  35.525 0.1000000015
41558  -34.907  -24.114  36.652 0.1000000015
123357  -35.388  -24.704  33.368 0.1000000015
41607  -36.125  -24.781  33.477 0.1000000015
37128  -34.931  -29.454  33.081 0.1000000015
121005  -35.826  -27.836  31.948 0.1000000015
38048  -35.072  -28.011  31.710 0.1000000015
44236  -46.218  -21.288  32.756 0.1000000015
45072  -44.584  -20.653  32.571 0.1000000015
110858  -45.562  -21.546  32.629 0.1000000015
44235  -44.910  -21.436  32.521 0.1000000015
43355  -44.433  -22.150  32.563 0.1000000015
45071  -43.694  -20.640  32.571 0.1000000015
43333  -45.353  -22.672  33.062 0.1000000015
44233  -43.022  -21.397  32.429 0.1000000015
42500  -44.702  -23.050  33.188 0.1000000015
45024  -52.847  -20.680  35.362 0.1000000015
42480  -43.116  -23.701  33.831 0.1000000015
42478  -41.461  -23.567  34.251 0.1000000015
35358  -33.675  -30.866  46.984 0.1000000015
124129  -40.950  -23.255  33.878 0.1000000015
35365  -31.612  -31.236  45.171 0.1000000015
35372  -31.021  -31.428  44.001 0.1000000015
35395  -31.214  -31.507  42.379 0.1000000015
44195  -38.951  -21.757  34.423 0.1000000015
35416  -29.311  -31.652  39.811 0.1000000015
44180  -37.674  -21.325  35.944 0.1000000015
36160  -32.926  -30.728  39.211 0.1000000015
36187  -32.793  -30.512  37.588 0.1000000015
110807  -34.290  -30.449  39.009 0.1000000015
41557  -34.221  -23.846  36.155 0.1000000015
42454  -34.079  -23.279  36.147 0.1000000015
43313  -35.276  -22.484  35.618 0.1000000015
107862  -33.026  -30.374  36.049 0.1000000015
36174  -34.887  -30.410  38.506 0.1000000015
36207  -33.602  -30.400  36.524 0.1000000015
36233  -33.726  -30.314  35.629 0.1000000015
118050  -33.185  -29.935  33.920 0.1000000015
37094  -33.893  -29.894  34.008 0.1000000015
124994  -35.536  -25.410  32.406 0.1000000015
42476  -33.440  -23.429  35.651 0.1000000015
36162  -34.580  -30.398  39.916 0.1000000015
36234  -34.746  -30.290  35.510 0.1000000015
37156  -34.318  -29.285  32.594 0.1000000015
118049  -34.400  -29.654  33.425 0.1000000015
40651  -35.619  -25.960  31.992 0.1000000015
112920  -48.937  -18.884  33.737 0.1000000015
45070  -42.315  -20.887  32.410 0.1000000015
44232  -42.055  -21.581  32.407 0.1000000015
113491  -41.473  -20.967  32.342 0.1000000015
42516  -42.007  -22.838  32.855 0.1000000015
111901  -51.544  -21.343  34.168 0.1000000015
44231  -41.175  -21.584  32.440 0.1000000015
43351  -40.749  -22.137  32.729 0.1000000015
47706  -55.772  -17.200  37.133 0.1000000015
43331  -39.907  -22.298  33.447 0.1000000015
43350  -39.884  -21.603  32.805 0.1000000015
44211  -39.312  -21.581  33.381 0.1000000015
45043  -37.659  -19.892  33.916 0.1000000015
45044  -38.422  -20.283  33.443 0.1000000015
44210  -38.616  -21.022  33.845 0.1000000015
35446  -29.279  -31.487  37.336 0.1000000015
35431  -30.594  -31.472  38.718 0.1000000015
107678  -34.139  -22.681  35.478 0.1000000015
107351  -36.025  -21.667  34.725 0.1000000015
123906  -36.236  -21.908  35.362 0.1000000015
36228  -28.930  -30.789  35.183 0.1000000015
35447  -30.162  -31.276  37.304 0.1000000015
36256  -32.046  -30.226  35.093 0.1000000015
37093  -32.603  -30.064  34.467 0.1000000015
37155  -33.511  -29.257  32.405 0.1000000015
39799  -34.056  -26.680  31.284 0.1000000015
38895  -34.570  -27.388  31.465 0.1000000015
108115  -32.961  -22.969  35.369 0.1000000015
40650  -34.824  -25.433  32.008 0.1000000015
41624  -34.126  -24.642  32.754 0.1000000015
42494  -32.451  -23.197  34.119 0.1000000015
45881  -53.023  -19.805  33.898 0.1000000015
44216  -51.395  -21.034  33.315 0.1000000015
44215  -50.920  -21.703  33.690 0.1000000015
48770  -55.818  -16.505  36.884 0.1000000015
47720  -56.106  -17.051  36.553 0.1000000015
46761  -54.731  -18.690  34.681 0.1000000015
45897  -39.463  -19.468  32.440 0.1000000015
50886  -54.983  -13.806  36.902 0.1000000015
45896  -38.650  -19.231  32.655 0.1000000015
45895  -37.743  -18.909  32.949 0.1000000015
45042  -36.956  -19.950  33.949 0.1000000015
45872  -37.222  -19.345  33.509 0.1000000015
125691  -30.871  -30.957  37.221 0.1000000015
119956  -32.816  -30.616  38.359 0.1000000015
36231  -31.567  -30.359  35.663 0.1000000015
36205  -31.867  -30.453  36.409 0.1000000015
36172  -32.122  -30.728  37.941 0.1000000015
121299  -35.424  -20.768  33.084 0.1000000015
36203  -30.272  -30.714  36.017 0.1000000015
36229  -29.899  -30.564  35.319 0.1000000015
37153  -31.147  -29.250  32.526 0.1000000015
37092  -31.763  -29.916  34.208 0.1000000015
38894  -32.955  -27.947  30.993 0.1000000015
44207  -33.811  -21.929  33.706 0.1000000015
112791  -34.638  -21.981  34.003 0.1000000015
37122  -28.794  -29.828  33.180 0.1000000015
36253  -29.499  -30.373  34.577 0.1000000015
38046  -33.377  -28.366  31.431 0.1000000015
40664  -32.606  -25.534  30.868 0.1000000015
39817  -32.769  -26.379  30.709 0.1000000015
38916  -32.746  -27.261  30.720 0.1000000015
41622  -32.652  -24.289  31.982 0.1000000015
42531  -32.057  -23.911  31.833 0.1000000015
41640  -33.852  -25.170  31.826 0.1000000015
40665  -33.455  -25.930  31.155 0.1000000015
43349  -32.017  -22.782  33.500 0.1000000015
44206  -32.336  -22.066  33.682 0.1000000015
46790  -53.920  -18.986  32.928 0.1000000015
45904  -52.694  -19.845  33.109 0.1000000015
44240  -51.322  -20.774  32.409 0.1000000015
44239  -50.130  -21.763  31.861 0.1000000015
109531  -55.487  -18.155  34.492 0.1000000015
51818  -55.409  -13.466  35.797 0.1000000015
35448  -31.436  -30.851  37.540 0.1000000015
45893  -35.340  -19.293  32.298 0.1000000015
45064  -35.626  -19.979  32.728 0.1000000015
45089  -33.440  -19.878  31.679 0.1000000015
45063  -34.067  -20.351  32.048 0.1000000015
44228  -32.729  -21.404  32.858 0.1000000015
44229  -33.824  -21.234  32.695 0.1000000015
114782  -34.788  -20.614  32.569 0.1000000015
37124  -30.489  -29.632  33.398 0.1000000015
36255  -31.246  -30.167  34.896 0.1000000015
123099  -30.807  -29.463  32.964 0.1000000015
38065  -31.402  -27.939  30.724 0.1000000015
43348  -31.519  -22.324  32.987 0.1000000015
44226  -31.414  -21.717  32.976 0.1000000015
45061  -32.186  -20.865  32.437 0.1000000015
37173  -28.833  -29.192  31.888 0.1000000015
38042  -29.189  -28.672  31.307 0.1000000015
37174  -29.724  -29.036  31.953 0.1000000015
38063  -29.527  -28.185  30.665 0.1000000015
37175  -30.662  -28.900  31.908 0.1000000015
38064  -30.473  -27.980  30.604 0.1000000015
39835  -30.854  -26.188  29.934 0.1000000015
116714  -32.194  -26.690  30.504 0.1000000015
46806  -53.948  -18.986  32.015 0.1000000015
46777  -55.670  -18.020  33.360 0.1000000015
124557  -52.448  -19.935  32.455 0.1000000015
45092  -51.340  -20.622  31.515 0.1000000015
47746  -56.591  -17.294  33.432 0.1000000015
48799  -56.537  -16.117  34.789 0.1000000015
51831  -55.053  -12.660  35.510 0.1000000015
117875  -52.088  -11.588  35.979 0.1000000015
45892  -34.806  -19.812  32.142 0.1000000015
124957  -27.098  -27.540  29.873 0.1000000015
38062  -28.611  -28.319  30.682 0.1000000015
113945  -28.288  -26.549  29.543 0.1000000015
116152  -29.272  -27.287  29.893 0.1000000015
40697  -27.984  -25.746  29.423 0.1000000015
39833  -28.974  -25.936  29.486 0.1000000015
110985  -28.654  -25.005  29.444 0.1000000015
39834  -29.927  -26.232  29.663 0.1000000015
41671  -29.755  -24.501  29.709 0.1000000015
40699  -30.399  -25.607  29.754 0.1000000015
40700  -31.021  -25.392  30.060 0.1000000015
42540  -29.613  -23.031  30.271 0.1000000015
42541  -30.295  -23.411  30.479 0.1000000015
41651  -31.069  -24.622  30.330 0.1000000015
43369  -30.553  -22.275  31.655 0.1000000015
42529  -30.806  -23.037  31.153 0.1000000015
44225  -30.770  -21.187  32.604 0.1000000015
45087  -31.640  -20.330  32.151 0.1000000015
39815  -31.000  -26.919  30.190 0.1000000015
40680  -31.774  -25.192  30.543 0.1000000015
47765  -56.500  -17.578  32.098 0.1000000015
45102  -52.110  -20.150  30.199 0.1000000015
45101  -51.369  -20.575  30.617 0.1000000015
107273  -56.578  -15.311  33.666 0.1000000015
50916  -55.609  -13.613  34.614 0.1000000015
50915  -55.313  -13.418  33.785 0.1000000015
52713  -54.683  -12.292  34.665 0.1000000015
51845  -54.632  -12.773  33.844 0.1000000015
53700  -51.992  -11.364  34.649 0.1000000015
53701  -52.736  -11.482  34.422 0.1000000015
52700  -54.118  -11.810  34.965 0.1000000015
45888  -28.359  -19.076  32.596 0.1000000015
45056  -27.921  -19.928  32.250 0.1000000015
46800  -31.503  -18.415  31.651 0.1000000015
41668  -27.072  -24.323  29.411 0.1000000015
43388  -26.886  -23.076  29.908 0.1000000015
45086  -29.970  -20.855  32.333 0.1000000015
45890  -30.206  -19.497  32.258 0.1000000015
45059  -30.384  -20.449  32.426 0.1000000015
46799  -30.756  -18.324  31.880 0.1000000015
46801  -32.357  -18.467  31.518 0.1000000015
43381  -28.714  -22.191  30.350 0.1000000015
44253  -29.526  -21.243  31.681 0.1000000015
122359  -54.828  -18.623  29.502 0.1000000015
46834  -54.286  -18.896  30.104 0.1000000015
46822  -55.813  -18.074  30.769 0.1000000015
48846  -57.828  -16.013  31.239 0.1000000015
47784  -57.501  -16.975  31.109 0.1000000015
120411  -52.978  -12.594  33.607 0.1000000015
52709  -50.586  -11.694  33.702 0.1000000015
53699  -50.411  -11.217  34.195 0.1000000015
52711  -52.696  -11.775  33.836 0.1000000015
53681  -49.523  -11.495  34.724 0.1000000015
43380  -27.948  -22.225  30.235 0.1000000015
45057  -28.780  -19.897  32.279 0.1000000015
44265  -28.310  -21.609  30.708 0.1000000015
44252  -28.709  -21.071  31.301 0.1000000015
45085  -29.160  -20.587  31.977 0.1000000015
47800  -58.213  -16.183  30.049 0.1000000015
47798  -56.652  -17.589  30.616 0.1000000015
47812  -57.598  -16.974  29.589 0.1000000015
47811  -56.646  -17.604  29.890 0.1000000015
49917  -57.356  -15.245  31.177 0.1000000015
120434  -56.402  -14.594  32.151 0.1000000015
49902  -54.366  -15.077  32.550 0.1000000015
49916  -56.701  -14.974  31.302 0.1000000015
49901  -53.177  -15.517  32.731 0.1000000015
51842  -51.083  -12.738  33.547 0.1000000015
51844  -52.601  -13.527  33.476 0.1000000015
50912  -51.583  -13.950  33.462 0.1000000015
117696  -52.323  -14.398  33.375 0.1000000015
53697  -49.000  -11.273  34.137 0.1000000015
118054  -56.671  -17.525  28.180 0.1000000015
49935  -58.087  -15.527  29.220 0.1000000015
49924  -56.925  -15.103  30.741 0.1000000015
48855  -57.163  -15.329  30.073 0.1000000015
47813  -58.263  -16.259  29.109 0.1000000015
48853  -55.061  -16.278  30.514 0.1000000015
48823  -51.561  -16.359  32.503 0.1000000015
48824  -52.523  -16.305  32.386 0.1000000015
51855  -48.253  -12.199  33.029 0.1000000015
52724  -47.055  -11.654  32.696 0.1000000015
50910  -49.750  -13.781  33.405 0.1000000015
117697  -50.874  -14.891  33.334 0.1000000015
108377  -52.219  -22.446  27.247 0.1000000015
49957  -58.197  -15.580  27.315 0.1000000015
49945  -58.146  -15.579  28.263 0.1000000015
48901  -58.420  -16.092  26.919 0.1000000015
47794  -51.697  -17.824  30.756 0.1000000015
47795  -52.548  -17.579  30.527 0.1000000015
47808  -52.796  -17.739  29.733 0.1000000015
46833  -52.294  -18.189  29.140 0.1000000015
47793  -50.802  -18.020  30.982 0.1000000015
46818  -51.133  -18.321  30.235 0.1000000015
47810  -54.332  -17.144  29.190 0.1000000015
47796  -53.395  -17.311  30.299 0.1000000015
122694  -53.698  -17.489  28.787 0.1000000015
48873  -54.983  -16.762  28.002 0.1000000015
48888  -56.667  -15.742  27.587 0.1000000015
48863  -55.133  -16.487  29.688 0.1000000015
48875  -57.085  -15.576  28.531 0.1000000015
48822  -50.068  -16.513  32.484 0.1000000015
48821  -49.243  -16.321  32.529 0.1000000015
107319  -48.437  -15.913  32.535 0.1000000015
47761  -48.472  -16.841  32.097 0.1000000015
47764  -50.901  -17.003  32.195 0.1000000015
47797  -54.254  -16.976  30.019 0.1000000015
48842  -52.869  -16.755  31.782 0.1000000015
47782  -53.170  -17.088  31.074 0.1000000015
50925  -47.497  -13.897  32.636 0.1000000015
106403  -47.646  -15.163  32.502 0.1000000015
123484  -49.739  -15.980  32.748 0.1000000015
49899  -50.275  -15.677  32.959 0.1000000015
52723  -46.278  -11.626  32.247 0.1000000015
50926  -48.264  -13.397  33.034 0.1000000015
51853  -46.768  -12.794  32.251 0.1000000015
49877  -49.971  -14.740  33.307 0.1000000015
42571  -53.409  -23.564  28.207 0.1000000015
47852  -57.506  -16.748  26.441 0.1000000015
46876  -54.308  -18.804  26.473 0.1000000015
48840  -47.601  -16.941  31.541 0.1000000015
46805  -49.864  -18.099  31.155 0.1000000015
47777  -48.241  -17.538  31.406 0.1000000015
46816  -49.157  -18.489  30.591 0.1000000015
46832  -51.457  -18.482  29.418 0.1000000015
46831  -50.551  -18.729  29.670 0.1000000015
46830  -49.558  -18.896  29.837 0.1000000015
123473  -53.934  -17.428  27.704 0.1000000015
46846  -52.548  -18.170  28.155 0.1000000015
47821  -53.411  -17.645  28.057 0.1000000015
126118  -55.538  -16.370  26.693 0.1000000015
47837  -54.465  -17.128  27.370 0.1000000015
110705  -56.321  -15.890  26.753 0.1000000015
47822  -54.280  -17.262  28.273 0.1000000015
48900  -57.522  -15.441  26.823 0.1000000015
49966  -58.197  -15.084  26.007 0.1000000015
48902  -58.432  -15.576  26.240 0.1000000015
47861  -58.194  -16.148  25.479 0.1000000015
49896  -46.957  -15.471  32.027 0.1000000015
47835  -52.963  -17.865  27.462 0.1000000015
47850  -54.147  -17.276  26.647 0.1000000015
47859  -54.237  -17.105  25.922 0.1000000015
47848  -52.893  -17.868  26.716 0.1000000015
47849  -53.511  -17.521  26.274 0.1000000015
48907  -56.172  -15.705  25.303 0.1000000015
49972  -58.372  -14.957  25.115 0.1000000015
52742  -45.110  -11.868  31.217 0.1000000015
112658  -46.153  -13.725  31.645 0.1000000015
47871  -54.353  -16.795  24.980 0.1000000015
47870  -53.493  -17.288  24.617 0.1000000015
104337  -52.957  -17.628  25.022 0.1000000015
46885  -52.753  -17.854  25.759 0.1000000015
48914  -56.413  -15.449  24.329 0.1000000015
110636  -55.353  -16.230  24.885 0.1000000015
49976  -57.716  -14.732  23.653 0.1000000015
49977  -58.398  -14.872  24.144 0.1000000015
47872  -56.459  -17.287  24.548 0.1000000015
48928  -53.753  -16.599  23.007 0.1000000015
48913  -54.132  -16.731  23.979 0.1000000015
47869  -52.760  -17.546  24.343 0.1000000015
48838  -46.327  -15.998  30.875 0.1000000015
119880  -47.184  -16.518  31.548 0.1000000015
47791  -46.959  -17.290  30.288 0.1000000015
46815  -48.153  -18.154  30.651 0.1000000015
47792  -47.428  -17.820  30.294 0.1000000015
45929  -49.074  -19.297  29.155 0.1000000015
45942  -50.379  -19.199  28.428 0.1000000015
46858  -51.061  -18.957  27.964 0.1000000015
124720  -45.926  -15.327  30.798 0.1000000015
45955  -49.322  -19.512  27.649 0.1000000015
45956  -50.225  -19.333  27.734 0.1000000015
46843  -48.238  -19.123  28.981 0.1000000015
45940  -48.717  -19.444  28.390 0.1000000015
124284  -51.345  -18.765  27.431 0.1000000015
46874  -52.168  -18.301  26.391 0.1000000015
46886  -54.080  -19.025  25.489 0.1000000015
52732  -44.659  -11.800  31.194 0.1000000015
52741  -44.530  -11.937  30.690 0.1000000015
46873  -51.267  -18.667  26.155 0.1000000015
119680  -50.466  -19.040  26.308 0.1000000015
46883  -50.505  -18.742  25.562 0.1000000015
104849  -51.985  -17.739  24.166 0.1000000015
42591  -55.261  -23.128  27.453 0.1000000015
47806  -46.790  -17.239  29.703 0.1000000015
51881  -45.233  -13.810  28.834 0.1000000015
47820  -47.250  -18.236  29.230 0.1000000015
49941  -46.562  -15.708  28.870 0.1000000015
52762  -44.562  -12.137  27.879 0.1000000015
52759  -44.296  -12.320  28.522 0.1000000015
51873  -44.845  -13.652  29.408 0.1000000015
53754  -44.236  -11.492  27.620 0.1000000015
50942  -45.345  -14.436  29.673 0.1000000015
49923  -46.011  -15.814  30.192 0.1000000015
46829  -48.493  -18.769  29.806 0.1000000015
50933  -44.944  -13.898  29.879 0.1000000015
52758  -43.783  -11.810  28.786 0.1000000015
52751  -44.264  -12.354  29.727 0.1000000015
45939  -47.902  -19.257  28.255 0.1000000015
45967  -49.053  -19.449  26.804 0.1000000015
52750  -43.782  -11.760  29.528 0.1000000015
46895  -50.636  -18.363  24.663 0.1000000015
44312  -54.123  -20.735  24.833 0.1000000015
43431  -56.872  -22.137  25.377 0.1000000015
52763  -45.494  -12.462  27.766 0.1000000015
54622  -44.278  -10.770  27.146 0.1000000015
54621  -43.446  -10.216  27.325 0.1000000015
54630  -44.728  -10.123  26.678 0.1000000015
54623  -45.075  -11.534  27.318 0.1000000015
52764  -46.866  -12.837  27.894 0.1000000015
47834  -46.271  -17.775  28.091 0.1000000015
46841  -46.860  -18.296  28.542 0.1000000015
47819  -46.801  -17.632  29.022 0.1000000015
49942  -46.579  -16.213  28.649 0.1000000015
50949  -47.170  -15.194  28.454 0.1000000015
46842  -47.513  -18.759  28.753 0.1000000015
46856  -46.450  -18.491  27.820 0.1000000015
45966  -48.175  -19.416  26.789 0.1000000015
45972  -47.922  -19.245  26.167 0.1000000015
46870  -46.051  -18.702  27.086 0.1000000015
46881  -47.230  -19.097  26.025 0.1000000015
46857  -47.137  -18.901  28.082 0.1000000015
59044  -47.427  -5.748  26.864 0.1000000015
58194  -47.920  -6.188  26.252 0.1000000015
124972  -48.174  -5.643  26.694 0.1000000015
56387  -46.475  -8.111  26.118 0.1000000015
55464  -45.223  -9.458  26.464 0.1000000015
112176  -45.812  -8.792  26.296 0.1000000015
53755  -46.195  -11.826  27.389 0.1000000015
53762  -45.829  -11.064  26.969 0.1000000015
55465  -46.122  -9.724  26.467 0.1000000015
53763  -46.590  -11.262  27.115 0.1000000015
54631  -45.542  -10.286  26.644 0.1000000015
124231  -47.263  -8.644  26.105 0.1000000015
51888  -47.925  -13.703  28.230 0.1000000015
48885  -45.754  -17.278  27.745 0.1000000015
46855  -45.887  -18.213  27.483 0.1000000015
47833  -45.511  -17.798  27.377 0.1000000015
108235  -45.596  -18.431  26.558 0.1000000015
107017  -47.139  -18.683  25.268 0.1000000015
57297  -47.818  -7.042  25.842 0.1000000015
53764  -47.336  -11.867  27.427 0.1000000015
54624  -47.864  -11.131  27.138 0.1000000015
56388  -48.036  -8.737  26.051 0.1000000015
52765  -48.220  -13.031  27.925 0.1000000015
119145  -47.553  -15.469  27.968 0.1000000015
51889  -48.644  -13.978  28.031 0.1000000015
46868  -44.972  -18.011  26.412 0.1000000015
46891  -46.262  -18.419  25.157 0.1000000015
47857  -44.917  -17.940  25.496 0.1000000015
46890  -45.582  -18.143  25.063 0.1000000015
47864  -44.266  -17.507  24.934 0.1000000015
47882  -45.577  -17.391  23.713 0.1000000015
47855  -43.628  -17.131  25.558 0.1000000015
47856  -44.256  -17.566  25.943 0.1000000015
48896  -43.500  -16.214  26.373 0.1000000015
48926  -45.038  -16.911  23.244 0.1000000015
47863  -43.524  -17.066  24.780 0.1000000015
47880  -43.989  -17.169  24.233 0.1000000015
48925  -44.144  -16.845  23.472 0.1000000015
48957  -44.692  -16.179  22.093 0.1000000015
124893  -43.936  -16.017  21.859 0.1000000015
104192  -44.503  -15.007  19.863 0.1000000015
107439  -48.223  -10.362  26.795 0.1000000015
55467  -48.603  -9.608  26.471 0.1000000015
56389  -48.970  -8.862  26.098 0.1000000015
121128  -48.419  -14.506  27.910 0.1000000015
51890  -48.902  -13.874  27.593 0.1000000015
49963  -45.319  -16.482  27.435 0.1000000015
50965  -47.462  -15.040  27.447 0.1000000015
51891  -49.454  -13.415  27.295 0.1000000015
126080  -46.292  -15.120  27.095 0.1000000015
51898  -49.248  -13.668  27.193 0.1000000015
113380  -45.294  -15.489  27.084 0.1000000015
109761  -46.584  -14.486  26.683 0.1000000015
51897  -48.454  -13.960  26.792 0.1000000015
50963  -44.301  -14.905  26.568 0.1000000015
49962  -43.628  -15.472  26.455 0.1000000015
118036  -45.717  -14.011  26.332 0.1000000015
49961  -43.013  -15.546  26.043 0.1000000015
107267  -42.764  -16.309  25.274 0.1000000015
50962  -43.320  -14.871  26.185 0.1000000015
116393  -45.896  -12.997  25.667 0.1000000015
48934  -42.596  -16.290  23.220 0.1000000015
48911  -42.346  -16.099  24.628 0.1000000015
110733  -43.975  -16.440  22.656 0.1000000015
49975  -42.380  -15.776  25.191 0.1000000015
48924  -43.394  -16.834  24.069 0.1000000015
50970  -42.613  -14.965  25.733 0.1000000015
104805  -43.007  -15.594  20.986 0.1000000015
104969  -42.951  -15.437  20.145 0.1000000015
49999  -43.153  -16.261  22.531 0.1000000015
48956  -43.855  -15.626  21.139 0.1000000015
50969  -42.098  -14.350  25.290 0.1000000015
48922  -41.916  -15.922  23.734 0.1000000015
115989  -41.628  -14.785  24.823 0.1000000015
54626  -49.928  -11.533  27.376 0.1000000015
53758  -50.386  -12.418  27.275 0.1000000015
115441  -49.628  -13.301  26.848 0.1000000015
52777  -47.909  -13.040  25.996 0.1000000015
120700  -45.088  -10.785  26.888 0.1000000015
27858  -15.670  -40.702  53.767 0.1000000015
28844  -31.983  -39.457  49.802 0.1000000015
28868  -24.136  -39.616  46.564 0.1000000015
28876  -21.372  -39.112  45.911 0.1000000015
29720  -32.133  -38.295  52.418 0.1000000015
29742  -32.413  -38.669  51.801 0.1000000015
29776  -25.251  -38.542  46.211 0.1000000015
29777  -25.767  -38.005  46.428 0.1000000015
29785  -20.019  -38.121  45.384 0.1000000015
29787  -21.051  -38.722  45.308 0.1000000015
29788  -22.250  -38.865  45.178 0.1000000015
29789  -23.501  -38.717  45.214 0.1000000015
29791  -24.842  -38.259  45.667 0.1000000015
29810  -21.082  -38.163  43.962 0.1000000015
29812  -22.841  -38.126  43.964 0.1000000015
30636  -32.257  -37.941  52.183 0.1000000015
30665  -26.722  -37.592  47.226 0.1000000015
30676  -20.026  -38.136  46.984 0.1000000015
30678  -26.247  -37.379  46.759 0.1000000015
30694  -24.254  -37.557  44.569 0.1000000015
30705  -21.475  -37.728  43.187 0.1000000015
30708  -23.973  -37.137  43.961 0.1000000015
30718  -20.679  -37.122  42.045 0.1000000015
31502  -31.683  -36.306  52.085 0.1000000015
31520  -28.425  -36.221  49.276 0.2000000030
31538  -26.322  -36.580  46.576 0.1000000015
31569  -20.014  -36.828  41.886 0.1000000015
31570  -22.396  -36.827  42.132 0.1000000015
31596  -19.440  -35.719  40.431 0.1000000015
32281  -29.914  -34.996  50.762 0.1000000015
32283  -31.871  -34.434  50.830 0.1000000015
32294  -32.149  -33.844  50.120 0.1000000015
32301  -28.210  -35.223  47.681 0.2000000030
32334  -26.347  -35.312  44.537 0.2000000030
32350  -18.986  -36.020  42.511 0.1000000015
32362  -23.472  -35.465  41.489 0.2000000030
32363  -24.200  -35.184  41.807 0.2000000030
32375  -20.902  -35.877  40.011 0.1000000015
32376  -22.362  -35.708  40.703 0.2000000030
32387  -19.656  -35.359  39.545 0.1000000015
32389  -21.266  -35.366  39.440 0.2000000030
32391  -23.444  -34.796  40.326 0.2000000030
32406  -19.766  -34.975  38.860 0.1000000015
33056  -31.274  -34.361  51.124 0.1000000015
33068  -31.462  -33.739  50.574 0.1000000015
33083  -32.293  -33.356  49.739 0.1000000015
33114  -19.198  -34.827  45.170 0.1000000015
33125  -18.621  -34.523  43.342 0.1000000015
33126  -25.857  -34.897  43.080 0.2000000030
33127  -26.584  -34.501  43.203 0.2000000030
33128  -27.399  -33.937  43.532 0.2000000030
33138  -26.158  -34.389  42.429 0.2000000030
33161  -24.743  -34.354  40.795 0.2000000030
33162  -25.377  -33.940  40.754 0.2000000030
33175  -18.600  -34.418  39.578 0.3000000119
33196  -20.120  -34.556  38.256 0.3000000119
33197  -21.172  -34.484  38.228 0.2000000030
33882  -18.890  -32.928  45.214 0.2000000030
33884  -28.896  -33.235  45.958 0.2000000030
33921  -18.191  -33.814  41.190 0.1000000015
33942  -24.618  -33.618  39.469 0.2000000030
33950  -18.542  -33.523  38.376 0.3000000119
33951  -18.976  -33.783  37.885 0.3000000119
33953  -23.599  -33.579  38.394 0.2000000030
33965  -20.043  -33.700  37.248 0.2000000030
33967  -22.446  -33.399  37.417 0.2000000030
33980  -20.199  -33.231  36.744 0.2000000030
34657  -16.187  -32.799  45.696 0.1000000015
34677  -28.659  -32.585  44.008 0.2000000030
34700  -28.050  -32.059  41.836 0.2000000030
34707  -26.243  -32.596  40.170 0.2000000030
34717  -25.797  -32.534  39.571 0.2000000030
34718  -26.512  -32.001  39.784 0.2000000030
34726  -18.356  -32.587  38.075 0.3000000119
34750  -19.094  -32.537  36.631 0.3000000119
34752  -20.457  -32.621  36.264 0.2000000030
34753  -21.411  -32.341  36.143 0.2000000030
35348  -18.653  -30.955  46.791 0.1000000015
35393  -28.770  -31.758  41.712 0.1000000015
35441  -24.430  -31.522  37.279 0.2000000030
35460  -23.883  -31.429  36.792 0.2000000030
35465  -29.751  -31.171  36.621 0.1000000015
35485  -37.412  -30.955  36.260 0.1000000015
36144  -17.632  -30.448  41.513 0.3000000119
36189  -35.506  -30.385  37.168 0.1000000015
36204  -31.095  -30.537  36.168 0.1000000015
36220  -19.746  -30.872  35.569 0.3000000119
36221  -21.711  -30.377  35.271 0.2000000030
36224  -24.213  -30.247  35.588 0.2000000030
36225  -25.166  -30.449  35.509 0.2000000030
36226  -26.159  -30.679  35.298 0.2000000030
36232  -32.334  -30.351  35.898 0.1000000015
36254  -30.407  -30.224  34.746 0.1000000015
36258  -34.256  -30.127  34.768 0.1000000015
37031  -19.162  -29.632  38.066 0.5000000000
37053  -19.370  -29.390  36.281 0.5000000000
37089  -23.337  -29.530  34.285 0.2000000030
37123  -29.663  -29.695  33.306 0.1000000015
37146  -24.798  -29.535  32.160 0.2000000030
37147  -25.717  -29.729  32.145 0.2000000030
37152  -30.251  -29.355  32.667 0.1000000015
37157  -35.185  -29.090  32.601 0.1000000015
37172  -27.973  -29.305  31.788 0.1000000015
38021  -33.852  -28.835  31.935 0.1000000015
38023  -35.513  -28.472  32.204 0.1000000015
38041  -28.316  -28.821  31.273 0.1000000015
38066  -32.239  -27.893  30.833 0.1000000015
38821  -19.816  -27.950  36.108 0.6000000238
38854  -20.506  -27.812  35.280 0.4000000060
38855  -21.115  -27.286  34.755 0.3000000119
38882  -36.769  -27.037  32.278 0.1000000015
38896  -35.384  -27.261  31.708 0.1000000015
38907  -24.041  -27.043  30.731 0.2000000030
38911  -27.928  -27.816  30.147 0.1000000015
38931  -28.557  -27.244  29.785 0.1000000015
38932  -29.847  -27.014  29.837 0.1000000015
39562  -18.255  -26.382  52.082 0.8000000119
39769  -21.501  -26.676  34.320 0.3000000119
39771  -38.240  -26.039  33.118 0.1000000015
39798  -23.784  -26.435  31.093 0.2000000030
39801  -35.680  -26.626  31.851 0.1000000015
39814  -25.104  -26.707  29.873 0.2000000030
39816  -31.556  -26.490  30.298 0.1000000015
39831  -26.419  -26.249  29.435 0.2000000030
40274  -4.403  -24.703  60.538 0.1000000015
40355  -8.805  -25.395  52.880 0.3000000119
40445  -19.769  -25.189  48.683 0.6999999881
40603  -21.133  -25.309  36.148 0.4000000060
40609  -21.933  -25.047  34.828 0.4000000060
40694  -25.461  -25.506  29.677 0.2000000030
41481  -25.798  -24.627  39.034 0.8999999762
41498  -22.445  -24.656  38.491 0.6999999881
41499  -23.200  -24.072  38.306 0.6000000238
41502  -27.120  -24.993  37.743 0.6000000238
41505  -37.399  -24.010  39.007 0.1000000015
41507  -41.927  -24.202  38.125 0.1000000015
41508  -42.627  -24.410  38.474 0.1000000015
41511  -45.783  -24.673  38.553 0.1000000015
41518  -21.980  -24.582  37.368 0.5000000000
41539  -26.309  -24.305  35.827 0.4000000060
41554  -23.107  -24.067  35.127 0.4000000060
41555  -25.658  -24.334  35.285 0.4000000060
41566  -44.942  -24.335  35.595 0.1000000015
41567  -45.698  -24.124  35.584 0.1000000015
41589  -42.641  -24.067  34.622 0.1000000015
41600  -22.782  -24.941  33.731 0.3000000119
41606  -35.242  -24.465  34.222 0.1000000015
41621  -25.033  -24.235  32.544 0.2000000030
41635  -24.575  -24.922  31.004 0.2000000030
41637  -31.647  -24.281  30.972 0.1000000015
41650  -30.387  -24.175  30.134 0.1000000015
41654  -51.519  -24.729  30.203 0.1000000015
42145  -6.237  -22.920  61.108 0.2000000030
42158  -4.486  -23.965  60.423 0.1000000015
42248  -18.430  -23.917  51.698 0.1000000015
42429  -41.254  -23.772  37.781 0.1000000015
42435  -23.162  -23.740  36.511 0.5000000000
42440  -35.352  -23.927  37.705 0.1000000015
42445  -47.540  -23.508  36.568 0.1000000015
42453  -26.195  -24.008  35.036 0.4000000060
42477  -40.726  -23.369  34.637 0.1000000015
42495  -32.842  -23.509  34.649 0.1000000015
42496  -40.809  -22.796  33.328 0.1000000015
42498  -42.460  -23.267  33.243 0.1000000015
42499  -43.888  -23.321  33.320 0.1000000015
42512  -25.423  -23.553  32.358 0.2000000030
42551  -29.009  -23.261  29.803 0.1000000015
42554  -50.197  -23.192  29.455 0.1000000015
42568  -50.695  -23.062  28.794 0.1000000015
42588  -51.811  -22.924  27.851 0.1000000015
43023  -8.610  -22.130  61.709 0.3000000119
43260  -37.378  -23.222  39.688 0.1000000015
43273  -52.180  -22.653  41.233 0.1000000015
43278  -35.840  -23.642  38.034 0.1000000015
43299  -25.848  -22.824  35.363 0.3000000119
43327  -31.872  -22.129  33.538 0.1000000015
43332  -44.769  -22.587  32.821 0.1000000015
43352  -41.404  -22.661  32.894 0.1000000015
43356  -45.173  -22.148  32.659 0.1000000015
43368  -29.866  -21.938  31.251 0.1000000015
43378  -25.967  -22.878  30.977 0.2000000030
43389  -27.641  -22.853  29.819 0.1000000015
43391  -29.438  -22.351  30.574 0.1000000015
43400  -50.998  -22.541  28.251 0.1000000015
43414  -51.480  -22.163  27.591 0.1000000015
43836  -8.515  -21.709  61.597 0.1000000015
43928  -10.583  -21.336  54.200 0.1000000015
43946  -9.380  -21.378  53.771 0.1000000015
44144  -37.928  -22.242  39.300 0.1000000015
44156  -53.773  -20.842  39.669 0.1000000015
44194  -38.212  -20.990  34.879 0.1000000015
44254  -30.302  -21.512  32.083 0.1000000015
44255  -49.818  -22.031  31.050 0.1000000015
44264  -27.502  -21.727  30.739 0.1000000015
44268  -50.267  -21.519  30.574 0.1000000015
44276  -50.226  -21.667  29.797 0.1000000015
44886  -37.526  -20.071  50.022 0.8999999762
44954  -32.483  -20.640  43.658 0.8999999762
44989  -27.983  -20.916  39.053 0.5000000000
44999  -53.762  -20.469  39.507 0.1000000015
45000  -54.423  -20.201  39.234 0.1000000015
45001  -54.730  -19.759  38.948 0.1000000015
45008  -54.503  -20.361  38.689 0.1000000015
45021  -26.013  -19.931  35.695 0.3000000119
45047  -48.620  -20.198  33.764 0.1000000015
45067  -39.830  -20.943  32.531 0.1000000015
45111  -52.033  -20.249  29.330 0.1000000015
45765  -47.478  -19.206  44.902 1.0000000000
45845  -54.939  -19.578  38.737 0.1000000015
45848  -27.156  -18.860  36.894 0.5000000000
45862  -25.848  -19.968  34.610 0.2000000030
45870  -26.367  -19.518  33.594 0.3000000119
45891  -30.967  -19.909  32.175 0.1000000015
45913  -32.861  -19.229  31.527 0.1000000015
45952  -46.820  -19.043  27.363 0.1000000015
45964  -46.698  -19.067  26.681 0.1000000015
46568  -46.200  -18.768  47.996 1.0000000000
46626  -47.773  -18.627  44.527 1.0000000000
46707  -31.301  -17.991  39.201 0.4000000060
46717  -28.397  -18.144  37.510 0.4000000060
46730  -27.409  -18.235  36.400 0.4000000060
46783  -35.472  -18.563  32.217 0.1000000015
46804  -48.954  -17.998  31.285 0.1000000015
46807  -54.787  -18.542  31.717 0.1000000015
46835  -55.225  -18.450  30.138 0.1000000015
46844  -50.888  -18.855  28.858 0.1000000015
46860  -52.371  -18.261  27.237 0.1000000015
46872  -49.958  -19.345  26.900 0.1000000015
46896  -51.546  -18.171  24.754 0.1000000015
47444  -32.966  -17.953  57.047 0.1000000015
47687  -30.399  -17.234  37.616 0.3000000119
47711  -28.231  -17.143  35.347 0.2000000030
47738  -28.365  -17.477  33.523 0.2000000030
47763  -50.102  -17.202  32.102 0.1000000015
47774  -34.205  -17.370  31.601 0.2000000030
47780  -51.359  -17.507  31.507 0.1000000015
47807  -47.112  -17.743  29.731 0.1000000015
47823  -56.622  -17.604  29.062 0.1000000015
47824  -57.559  -16.983  28.713 0.1000000015
48461  -35.287  -16.900  56.902 0.2000000030
48567  -45.658  -17.590  49.971 0.8999999762
48839  -46.875  -16.764  31.001 0.1000000015
48847  -58.085  -15.895  30.597 0.1000000015
48854  -56.086  -15.789  30.225 0.1000000015
48866  -58.305  -15.786  29.259 0.1000000015
48867  -58.304  -15.737  28.613 0.1000000015
48877  -58.342  -15.773  27.864 0.1000000015
48890  -58.380  -15.739  27.012 0.1000000015
48899  -55.790  -16.158  26.145 0.1000000015
48904  -42.832  -16.037  25.748 0.1000000015
48912  -42.912  -16.611  24.711 0.1000000015
49617  -41.552  -15.136  52.787 0.6999999881
49834  -31.537  -15.869  36.299 0.2000000030
49847  -32.161  -15.190  35.372 0.2000000030
49897  -48.516  -15.134  32.834 0.1000000015
49934  -57.827  -15.380  29.929 0.1000000015
49944  -57.875  -15.440  28.685 0.1000000015
49956  -57.823  -15.465  27.742 0.1000000015
49967  -58.285  -15.485  26.436 0.1000000015
49969  -42.113  -15.170  25.234 0.1000000015
49973  -58.395  -15.279  25.533 0.1000000015
50643  -41.315  -14.220  53.487 0.3000000119
50673  -45.454  -14.474  51.356 0.6000000238
50796  -33.121  -14.258  41.474 0.6000000238
50810  -50.113  -14.670  40.959 0.3000000119
50879  -44.378  -14.619  35.495 0.2000000030
50919  -33.915  -14.849  32.695 0.3000000119
50934  -45.218  -14.035  30.362 0.1000000015
50967  -48.728  -14.137  27.542 0.1000000015
50971  -42.920  -14.237  25.785 0.1000000015
51655  -48.014  -12.231  47.994 0.4000000060
51824  -41.513  -13.370  34.069 0.3000000119
51837  -45.040  -12.713  33.157 0.2000000030
51893  -43.802  -14.126  26.111 0.1000000015
52473  -40.814  -12.966  53.747 0.3000000119
52536  -37.341  -13.010  50.029 0.8000000119
52556  -42.467  -13.265  48.897 0.1000000015
52575  -48.096  -11.497  47.550 0.4000000060
52680  -40.966  -12.713  35.157 0.5000000000
52687  -54.091  -11.811  36.286 0.1000000015
52695  -40.870  -12.765  34.362 0.4000000060
52718  -40.581  -12.111  33.035 0.4000000060
52740  -43.948  -11.714  30.446 0.1000000015
53425  -41.191  -12.013  52.729 0.2000000030
53436  -41.244  -11.874  51.898 0.2000000030
53476  -47.931  -11.245  47.976 0.4000000060
53492  -47.746  -10.521  47.451 0.4000000060
53508  -48.155  -10.273  46.412 0.4000000060
53725  -40.740  -11.029  31.213 0.2000000030
53727  -42.195  -11.578  30.488 0.2000000030
53734  -41.089  -10.759  30.544 0.2000000030
53735  -41.509  -10.581  29.868 0.1000000015
53749  -42.693  -10.818  28.834 0.2000000030
53750  -43.375  -11.259  28.452 0.1000000015
53751  -43.939  -11.733  28.123 0.1000000015
54398  -40.215  -11.060  52.763 0.1000000015
54453  -48.129  -10.247  46.775 0.4000000060
54578  -40.617  -10.803  33.359 0.6000000238
54616  -41.778  -9.841  28.925 0.2000000030
54620  -42.789  -9.978  27.755 0.2000000030
55438  -40.661  -9.816  31.329 0.4000000060
55439  -40.870  -9.600  30.605 0.3000000119
55449  -41.175  -9.435  29.864 0.4000000060
55457  -41.530  -9.331  29.173 0.2000000030
55463  -44.397  -9.383  26.600 0.1000000015
56133  -36.412  -8.315  54.779 0.2000000030
56379  -42.220  -8.661  28.213 0.2000000030
56381  -42.737  -8.705  27.591 0.2000000030
56382  -43.342  -8.759  27.067 0.1000000015
56384  -44.017  -8.719  26.691 0.1000000015
56386  -45.598  -8.074  26.302 0.1000000015
57286  -42.611  -7.434  28.474 0.3000000119
58185  -44.994  -6.069  28.172 0.3000000119
58195  -48.606  -5.888  26.228 0.1000000015
58208  -55.553  -6.972  24.314 0.1000000015
58920  -50.592  -5.067  39.773 0.2000000030
58932  -49.848  -5.266  38.958 0.2000000030
59772  -49.256  -4.411  40.536 0.3000000119
59773  -50.005  -4.682  40.471 0.2000000030
104045  -47.804  -18.679  29.348 0.1000000015
104471  -36.006  -16.033  32.083 0.3000000119
104640  -44.661  -24.610  37.777 0.1000000015
104776  -50.876  -19.019  27.060 0.1000000015
105713  -32.081  -26.013  30.478 0.1000000015
105855  -36.215  -30.383  36.654 0.1000000015
106904  -55.953  -17.984  30.173 0.1000000015
106931  -35.133  -13.501  40.084 0.5000000000
107309  -42.219  -7.512  28.996 0.5000000000
107421  -18.176  -32.998  38.848 0.3000000119
107570  -43.305  -16.557  23.311 0.1000000015
107931  -33.039  -21.835  33.506 0.1000000015
108098  -33.522  -30.528  38.703 0.1000000015
108163  -27.539  -31.474  37.425 0.2000000030
108749  -26.348  -19.351  35.877 0.2000000030
108785  -46.712  -11.597  32.747 0.1000000015
109090  -38.741  -21.885  53.211 0.6999999881
109451  -51.643  -18.591  26.997 0.1000000015
109906  -28.238  -35.563  48.328 0.2000000030
110589  -37.505  -19.391  54.136 0.6000000238
110738  -19.636  -34.299  46.698 0.1000000015
110903  -27.580  -24.973  29.362 0.1000000015
111164  -19.656  -37.522  45.705 0.1000000015
111443  -55.086  -16.645  28.785 0.1000000015
111469  -45.037  -17.786  26.945 0.1000000015
111550  -39.289  -22.161  38.609 0.1000000015
111676  -28.844  -31.381  36.600 0.1000000015
112045  -21.611  -31.088  35.487 0.2000000030
113213  -43.701  -8.207  26.948 0.2000000030
113405  -31.688  -37.791  52.391 0.1000000015
113644  -43.174  -16.741  25.256 0.1000000015
114271  -31.001  -27.501  30.427 0.1000000015
115269  -18.150  -33.052  42.528 0.2000000030
115326  -47.081  -11.011  27.001 0.1000000015
115328  -24.792  -28.899  31.164 0.2000000030
115525  -18.608  -35.103  41.238 0.1000000015
116197  -27.903  -21.073  31.198 0.1000000015
116214  -31.703  -31.449  40.590 0.1000000015
116544  -49.457  -22.780  31.259 0.1000000015
116737  -28.806  -25.132  40.143 0.8000000119
116869  -19.340  -32.164  36.251 0.3000000119
116999  -21.376  -25.223  37.555 0.6000000238
117190  -27.435  -30.349  33.515 0.1000000015
117730  -33.649  -27.552  31.140 0.1000000015
117738  -47.023  -8.864  43.646 0.2000000030
117843  -36.838  -14.554  33.023 0.3000000119
117849  -20.914  -29.406  35.030 0.3000000119
118010  -18.389  -30.667  39.382 0.5000000000
118123  -34.573  -29.884  34.117 0.1000000015
118135  -40.533  -11.541  32.621 0.4000000060
119055  -29.945  -31.678  39.680 0.1000000015
119366  -19.495  -35.655  46.100 0.1000000015
119443  -41.734  -11.926  31.157 0.2000000030
119748  -41.187  -15.137  52.250 0.6999999881
119795  -56.969  -16.760  33.307 0.1000000015
119893  -37.578  -13.127  50.678 0.8000000119
120184  -34.203  -30.401  36.945 0.1000000015
120605  -30.488  -18.829  32.008 0.1000000015
120715  -15.601  -25.041  61.313 0.4000000060
120755  -27.816  -17.965  33.487 0.1000000015
120946  -27.144  -24.794  37.616 0.4000000060
121500  -5.747  -23.289  60.934 0.1000000015
121694  -39.275  -11.535  54.054 0.3000000119
121703  -29.049  -22.693  30.112 0.1000000015
121712  -26.445  -18.907  34.644 0.3000000119
122150  -35.398  -12.763  47.596 0.8000000119
122321  -41.341  -15.348  47.561 0.6999999881
122355  -57.553  -16.921  27.960 0.1000000015
122462  -20.102  -35.300  39.146 0.1000000015
122515  -40.918  -12.335  53.386 0.2000000030
122594  -30.220  -40.184  46.144 0.1000000015
122651  -46.578  -14.500  50.511 0.5000000000
122820  -32.913  -29.419  32.648 0.1000000015
122922  -25.225  -24.366  36.973 0.5000000000
123228  -20.287  -38.388  45.690 0.1000000015
123328  -32.517  -26.559  49.883 1.0000000000
123399  -48.108  -15.044  27.920 0.1000000015
123536  -24.847  -35.954  44.121 0.2000000030
123716  -55.503  -18.260  35.320 0.1000000015
123753  -27.829  -33.380  43.507 0.2000000030
123941  -21.642  -38.911  45.386 0.1000000015
124116  -34.000  -13.703  42.767 0.6999999881
124217  -45.277  -14.183  29.235 0.1000000015
124329  -53.058  -5.169  36.799 0.1000000015
124368  -21.219  -34.001  37.596 0.2000000030
124453  -35.608  -23.407  37.632 0.1000000015
124634  -19.096  -34.137  45.135 0.1000000015
125148  -25.183  -24.068  31.868 0.2000000030
125211  -25.921  -31.564  38.500 0.2000000030
125658  -29.277  -24.732  29.551 0.1000000015
125666  -33.975  -16.228  31.671 0.3000000119
125922  -22.825  -28.548  56.810 0.6000000238
125924  -30.420  -26.736  29.920 0.1000000015
125942  -19.466  -37.047  44.417 0.1000000015
125989  -34.438  -22.321  34.662 0.1000000015
126172  -33.040  -17.843  40.225 0.8000000119
