#!ascii label  , from subject sub-v1s11x0050165_ses-1 vox2ras=TkReg
5008
87250  31.239  32.910  17.508 0.2000000030
126477  30.983  31.561  17.914 0.3000000119
125993  31.390  32.250  17.548 0.2000000030
87249  31.980  32.366  17.284 0.2000000030
86046  32.790  30.240  17.880 0.2000000030
108269  32.944  30.949  17.455 0.3000000119
86687  32.396  31.568  17.377 0.2000000030
125610  33.101  31.574  17.139 0.3000000119
85440  33.554  29.693  18.119 0.3000000119
85439  34.407  30.075  17.701 0.3000000119
86686  33.793  31.242  17.103 0.4000000060
86703  34.651  31.298  16.772 0.2000000030
84815  35.041  28.805  18.703 0.4000000060
85422  35.517  29.354  18.238 0.4000000060
85438  35.216  29.909  17.767 0.3000000119
86063  34.449  30.706  17.258 0.4000000060
86062  35.751  30.376  17.261 0.3000000119
84800  36.235  27.945  19.275 0.5000000000
84814  36.009  28.688  18.645 0.5000000000
85421  36.212  29.315  18.182 0.5000000000
85437  36.007  29.785  17.764 0.4000000060
83442  37.545  26.536  20.952 0.4000000060
115887  37.344  27.123  20.047 0.5000000000
84799  37.116  27.747  19.377 0.5000000000
84813  36.906  28.398  18.823 0.5000000000
85420  36.782  29.038  18.350 0.5000000000
115886  36.733  29.589  17.862 0.5000000000
86061  36.621  30.142  17.336 0.4000000060
82737  39.188  25.911  22.134 0.4000000060
83441  38.491  26.445  21.266 0.4000000060
84158  37.976  27.581  19.521 0.5000000000
112088  37.734  28.223  18.953 0.5000000000
85436  37.505  29.842  17.480 0.4000000060
107511  40.323  24.758  20.964 0.4000000060
83429  39.379  26.239  21.817 0.4000000060
84145  39.109  26.822  20.654 0.5000000000
84157  38.863  27.440  19.766 0.5000000000
84798  38.583  28.122  19.126 0.5000000000
112087  37.509  28.830  18.461 0.5000000000
124222  37.303  29.344  18.060 0.5000000000
82124  41.481  24.338  19.506 0.5000000000
82747  40.376  25.811  21.765 0.4000000060
84144  39.861  26.695  21.110 0.5000000000
84156  39.834  27.317  20.225 0.5000000000
84812  38.309  28.723  18.555 0.5000000000
85419  37.995  29.297  18.027 0.5000000000
82149  41.569  25.261  12.521 0.8000000119
82792  41.759  25.272  14.164 0.8999999762
82137  41.210  24.991  15.531 0.8000000119
82134  41.097  24.605  17.319 0.6000000238
82770  42.232  24.714  18.889 0.6000000238
82096  41.144  25.073  20.818 0.5000000000
106671  40.317  26.287  21.664 0.5000000000
84143  40.550  26.922  21.093 0.5000000000
84797  39.502  28.016  19.356 0.5000000000
82799  41.994  25.513  11.780 0.8000000119
82796  41.504  25.184  13.365 0.8999999762
82788  41.763  25.242  15.094 0.8000000119
82783  42.306  25.177  16.990 0.8000000119
82760  42.043  24.956  20.218 0.5000000000
83440  41.143  26.675  21.419 0.5000000000
84155  40.636  27.450  20.402 0.5000000000
84796  40.396  27.912  19.680 0.5000000000
84811  39.197  28.666  18.701 0.5000000000
112552  38.851  29.263  18.099 0.5000000000
82840  41.831  25.146  9.185 0.6999999881
82803  41.758  25.389  11.020 0.8000000119
120783  42.340  25.447  14.709 0.8000000119
82779  42.700  25.131  17.959 0.6999999881
124276  42.717  25.127  19.815 0.6000000238
82745  41.730  26.600  21.512 0.5000000000
84142  41.250  27.258  21.039 0.5000000000
84810  40.244  28.656  18.966 0.5000000000
82802  42.329  25.666  11.226 0.8000000119
82798  42.316  25.611  12.474 0.8999999762
82791  42.530  25.545  14.144 0.8999999762
120932  42.799  25.441  16.297 0.8000000119
82778  43.622  25.485  18.147 0.6999999881
82759  42.526  25.880  20.879 0.5000000000
107167  41.970  27.103  21.489 0.5000000000
84154  41.185  27.833  20.197 0.5000000000
109889  40.981  28.374  19.551 0.5000000000
82828  42.370  25.585  9.614 0.6999999881
82797  43.025  25.873  12.868 0.8999999762
82794  43.196  25.811  13.791 0.8999999762
82790  43.228  25.692  14.768 0.8000000119
123432  43.698  25.690  16.523 0.8999999762
82769  43.131  25.192  19.036 0.5000000000
84788  42.018  27.694  20.966 0.5000000000
82839  42.463  25.458  8.775 0.6999999881
82812  42.241  25.600  10.462 0.8000000119
82801  42.809  25.879  11.895 0.8999999762
82786  43.454  25.675  15.714 0.8000000119
82758  43.458  25.621  20.095 0.6000000238
116826  43.673  27.380  21.629 0.5000000000
84795  41.910  28.433  20.068 0.5000000000
80178  45.272  21.429  4.337 0.6000000238
80912  44.319  22.720  4.455 0.6999999881
82183  43.098  24.708  6.291 0.6999999881
82850  42.608  25.242  7.917 0.6999999881
82827  43.004  25.955  9.256 0.6999999881
108602  42.885  25.972  10.981 0.8999999762
83485  44.292  26.048  14.341 0.8999999762
83476  44.274  25.866  16.048 0.8999999762
83452  44.731  26.288  20.373 0.5000000000
84141  43.129  27.643  21.492 0.5000000000
80911  44.915  22.270  4.001 0.6999999881
81581  43.325  23.627  5.459 0.6999999881
82838  43.144  25.822  8.384 0.6999999881
82811  42.912  25.999  10.121 0.8000000119
83494  43.696  26.195  12.426 0.8000000119
83475  44.769  25.954  16.704 0.8999999762
82767  44.752  25.841  18.310 0.6000000238
83438  44.703  27.217  21.509 0.5000000000
80187  45.448  21.853  3.719 0.6999999881
81588  44.169  23.618  4.305 0.6999999881
82189  43.389  24.428  5.557 0.6999999881
82849  43.280  25.637  7.498 0.6999999881
83534  43.686  26.361  8.859 0.6999999881
83513  43.588  26.363  10.646 0.8999999762
83490  44.094  26.173  13.322 0.8999999762
83480  44.525  25.974  15.328 0.8999999762
83460  45.312  26.080  19.276 0.5000000000
80923  44.708  23.175  3.751 0.6999999881
82196  43.664  24.064  4.860 0.6999999881
82860  43.430  25.434  6.642 0.6999999881
83526  43.614  26.388  9.755 0.8000000119
83512  44.372  26.763  10.296 0.8999999762
121638  44.322  26.352  12.755 0.8000000119
121703  46.233  26.277  16.831 0.8000000119
83459  46.293  26.352  18.549 0.6000000238
80922  45.414  22.640  3.264 0.6999999881
82188  43.834  24.897  5.032 0.6999999881
82859  44.060  25.875  6.239 0.6999999881
83544  43.789  26.261  7.965 0.6999999881
83525  44.399  26.779  9.371 0.8000000119
83501  44.414  26.698  11.213 0.8000000119
83493  44.604  26.556  12.199 0.8000000119
110452  45.115  26.502  13.103 0.8999999762
83484  45.695  26.278  14.884 0.8999999762
82205  44.634  24.128  3.693 0.6999999881
82195  44.215  24.527  4.353 0.6999999881
82870  44.225  25.640  5.398 0.6999999881
83543  44.488  26.604  7.558 0.6999999881
83533  44.441  26.721  8.448 0.6000000238
82889  44.775  25.022  3.823 0.6999999881
82881  44.462  25.352  4.592 0.6999999881
83552  44.580  26.463  6.699 0.6000000238
84219  45.155  27.179  9.953 0.8000000119
84210  45.195  27.117  10.893 0.8000000119
83500  45.338  26.978  11.770 0.8000000119
82204  45.247  24.640  3.186 0.6999999881
82880  45.146  25.793  4.161 0.6000000238
83562  44.687  26.303  5.828 0.6000000238
83551  45.267  26.802  6.329 0.6000000238
84236  45.077  27.094  8.018 0.6000000238
84226  45.193  27.239  8.956 0.8000000119
83561  45.401  26.653  5.454 0.6000000238
83542  45.149  26.953  7.176 0.6999999881
84225  45.649  27.424  8.371 0.8000000119
83570  45.599  26.472  4.580 0.6000000238
84251  46.019  27.151  5.982 0.6000000238
83560  46.179  27.047  5.088 0.6000000238
87780  30.049  33.938  18.286 0.2000000030
87790  30.796  33.802  17.711 0.2000000030
118101  31.961  33.126  17.163 0.2000000030
86705  32.818  32.190  16.986 0.2000000030
86079  35.166  30.805  16.958 0.2000000030
126275  35.784  30.862  16.710 0.3000000119
82152  41.313  25.113  11.568 0.8000000119
85435  38.478  29.778  17.466 0.4000000060
82164  41.313  24.812  9.811 0.6999999881
82177  42.249  24.501  7.544 0.6999999881
80903  43.955  22.291  5.178 0.6000000238
82184  42.555  24.208  6.746 0.6999999881
79397  46.481  20.501  4.042 0.5000000000
80913  43.746  23.178  4.932 0.6999999881
80177  45.855  21.155  3.871 0.6000000238
84787  42.753  28.168  20.988 0.5000000000
79413  46.367  21.048  3.341 0.6999999881
84140  44.733  28.177  21.940 0.6000000238
119854  43.881  28.459  21.409 0.6000000238
83451  46.126  26.616  20.006 0.5000000000
83437  46.020  27.232  21.149 0.5000000000
79424  46.872  20.814  2.839 0.6999999881
80921  45.906  21.788  3.215 0.6999999881
81595  45.204  23.677  3.128 0.6999999881
83479  45.908  26.268  15.584 0.8999999762
83489  45.418  26.370  13.994 0.8999999762
126561  46.021  27.153  12.132 0.8000000119
83492  45.944  26.918  12.699 0.8000000119
82213  45.733  24.252  2.559 0.6999999881
82897  45.874  25.177  2.675 0.6000000238
82888  45.489  25.506  3.390 0.6999999881
84235  45.750  27.380  7.675 0.6999999881
84217  46.684  27.931  9.297 0.8000000119
83581  45.873  26.259  3.713 0.6000000238
83569  46.406  26.884  4.187 0.6000000238
84234  46.555  27.705  7.397 0.6999999881
84224  46.427  27.776  8.339 0.8000000119
84243  46.695  27.617  6.525 0.6999999881
84242  47.614  28.072  6.192 0.6999999881
84250  46.861  27.536  5.639 0.6999999881
84249  47.842  27.973  5.291 0.6999999881
88295  29.911  34.676  18.578 0.2000000030
88831  29.774  35.223  18.918 0.2000000030
87261  32.565  32.931  16.886 0.2000000030
116893  34.207  31.768  16.679 0.2000000030
87260  33.378  32.785  16.651 0.2000000030
86078  36.454  30.681  16.718 0.3000000119
86077  37.293  30.466  16.781 0.3000000119
85418  39.763  29.258  18.216 0.5000000000
85417  40.731  29.351  18.382 0.5000000000
111085  48.199  19.810  3.933 0.6000000238
79396  47.251  20.094  4.084 0.5000000000
84809  41.296  28.935  19.134 0.5000000000
78596  49.242  19.805  4.091 0.6000000238
79411  48.134  19.883  2.896 0.6000000238
79412  47.430  20.218  3.284 0.6000000238
119388  47.531  26.769  16.932 0.6999999881
83469  47.133  26.610  17.654 0.6999999881
80196  46.483  21.630  2.650 0.6999999881
80933  46.103  22.458  2.617 0.6999999881
83483  46.888  26.695  14.677 0.8999999762
80195  47.100  21.344  2.092 0.6000000238
83487  47.387  27.364  13.544 0.8999999762
83488  46.491  26.770  13.746 0.8999999762
80205  46.792  22.373  1.900 0.6000000238
80934  45.795  23.304  2.579 0.6999999881
84200  46.229  27.371  11.602 0.8000000119
126488  46.351  23.056  2.150 0.6000000238
84208  47.093  28.028  10.383 0.8000000119
84209  46.031  27.513  10.602 0.8000000119
82221  46.939  24.340  1.537 0.5000000000
82212  46.397  24.752  2.095 0.6000000238
84233  47.477  28.142  7.084 0.6999999881
84900  47.367  28.248  7.964 0.6999999881
80940  47.501  22.955  1.069 0.5000000000
82896  46.680  25.614  2.289 0.5000000000
82887  46.201  25.997  2.922 0.5000000000
83580  46.773  26.705  3.299 0.6000000238
82220  47.716  24.893  1.023 0.5000000000
82906  47.175  25.237  1.643 0.5000000000
83589  47.080  26.369  2.535 0.5000000000
84257  47.084  27.435  4.713 0.6000000238
84256  48.291  27.957  4.267 0.6000000238
82905  47.975  25.735  1.142 0.5000000000
82895  47.548  26.061  1.829 0.5000000000
83579  47.610  27.015  2.771 0.5000000000
84265  48.200  27.638  3.185 0.6000000238
84923  48.882  28.472  5.040 0.6999999881
83588  47.991  26.810  2.051 0.5000000000
84271  48.418  27.597  2.271 0.5000000000
88822  29.497  35.389  19.561 0.2000000030
88816  29.275  35.638  20.276 0.2000000030
88305  30.563  34.623  17.995 0.2000000030
87789  31.662  33.749  17.318 0.2000000030
88847  31.201  35.273  17.860 0.2000000030
88304  31.405  34.533  17.551 0.2000000030
87788  32.412  33.668  16.962 0.2000000030
108717  32.250  34.400  17.203 0.2000000030
87259  34.138  32.390  16.504 0.2000000030
87801  33.009  33.452  16.730 0.2000000030
125227  34.046  33.030  16.428 0.2000000030
87258  34.916  32.011  16.290 0.2000000030
86702  35.422  31.374  16.461 0.2000000030
109452  34.717  32.860  16.203 0.2000000030
122096  36.207  31.306  16.244 0.3000000119
87277  35.490  32.663  15.890 0.2000000030
86720  35.810  31.923  15.912 0.3000000119
86719  36.686  31.846  15.740 0.3000000119
126997  37.874  30.772  16.322 0.3000000119
86060  38.132  30.309  16.853 0.3000000119
86076  38.615  30.777  16.293 0.3000000119
85434  39.372  29.748  17.515 0.4000000060
86058  39.855  30.266  16.957 0.3000000119
85433  40.280  29.768  17.614 0.4000000060
85416  41.768  29.562  18.626 0.4000000060
79410  50.137  20.025  4.149 0.5000000000
85397  45.343  29.581  21.232 0.6000000238
84793  44.259  29.292  20.921 0.6000000238
85407  42.344  29.218  19.485 0.6000000238
79409  51.181  20.133  3.629 0.5000000000
78607  49.932  19.706  3.417 0.6000000238
84785  46.258  29.385  21.731 0.6000000238
84786  45.257  29.023  21.825 0.6000000238
79408  52.643  20.444  3.526 0.5000000000
108538  50.785  19.637  2.595 0.6000000238
123857  47.284  28.650  20.897 0.6000000238
84153  47.554  28.221  20.835 0.6000000238
110710  47.087  26.858  19.422 0.5000000000
78606  52.241  19.936  2.652 0.6000000238
78608  48.961  19.660  3.243 0.6000000238
83458  47.619  27.570  19.615 0.6000000238
109298  47.601  27.077  18.555 0.5000000000
78617  48.847  19.669  2.364 0.6000000238
79422  48.202  20.105  1.943 0.6000000238
83468  47.802  27.192  17.585 0.5000000000
83473  47.856  27.258  16.342 0.8999999762
117037  49.653  19.583  2.571 0.5000000000
83477  47.835  27.330  15.427 0.8999999762
83482  47.742  27.360  14.560 0.8000000119
78616  50.411  19.540  1.746 0.5000000000
78628  50.044  19.655  1.116 0.6000000238
79433  48.592  20.462  1.104 0.6000000238
84191  46.885  27.382  12.561 0.8000000119
80204  47.582  21.891  1.299 0.6000000238
110004  47.009  27.801  11.249 0.8999999762
78637  51.088  19.889  0.142 0.5000000000
79432  49.805  20.174  0.427 0.6000000238
81610  46.848  23.402  1.589 0.6000000238
84882  47.768  28.429  9.748 0.8000000119
124811  49.103  20.826  0.356 0.6000000238
80213  49.333  21.674  -0.116 0.6000000238
84899  48.486  28.826  7.664 0.6999999881
80224  50.767  21.907  -1.173 0.6000000238
81620  48.338  23.687  0.397 0.5000000000
81609  47.548  23.969  0.977 0.5000000000
84908  48.571  28.703  6.757 0.6999999881
80225  49.793  22.766  -0.590 0.6000000238
84914  49.841  29.424  5.312 0.8000000119
81629  50.294  23.984  -1.247 0.5000000000
84255  49.242  28.570  3.439 0.6000000238
84921  49.916  29.662  3.763 0.8000000119
80953  51.213  22.965  -1.635 0.5000000000
81627  51.345  23.665  -1.950 0.5000000000
82239  49.836  24.992  -1.301 0.5000000000
82912  48.410  25.485  0.434 0.5000000000
83598  48.179  26.597  1.217 0.5000000000
84281  48.346  27.692  1.349 0.5000000000
84270  48.642  28.630  1.775 0.5000000000
84936  48.976  29.291  2.163 0.6000000238
82249  50.585  24.497  -2.139 0.5000000000
82911  48.603  26.045  -0.352 0.5000000000
119185  48.056  27.284  0.727 0.5000000000
82918  48.670  25.990  -1.289 0.5000000000
83614  47.881  26.597  -0.810 0.5000000000
78644  49.639  19.934  -1.564 0.4000000060
79459  49.981  20.808  -2.041 0.4000000060
89825  29.213  37.234  21.377 0.2000000030
88821  29.957  35.880  19.023 0.2000000030
90343  29.234  38.316  22.556 0.1000000015
89320  29.576  36.187  19.759 0.2000000030
88830  30.429  35.401  18.427 0.2000000030
128705  30.032  38.125  20.545 0.1000000015
89845  30.638  37.478  19.596 0.1000000015
88829  31.142  35.838  18.207 0.2000000030
89318  31.125  36.975  18.917 0.2000000030
88846  32.114  35.245  17.505 0.2000000030
124499  31.656  36.422  18.339 0.2000000030
89350  31.716  35.808  17.894 0.2000000030
88320  33.143  34.245  16.829 0.2000000030
87799  34.391  33.593  16.374 0.2000000030
89349  32.496  36.109  17.837 0.2000000030
88302  33.353  34.965  17.074 0.2000000030
88865  34.522  35.088  16.813 0.2000000030
88318  34.710  34.400  16.477 0.2000000030
88317  35.706  34.441  16.228 0.2000000030
87815  35.987  33.184  15.730 0.2000000030
87812  38.359  33.440  15.504 0.2000000030
87274  37.942  32.594  15.478 0.3000000119
87814  36.671  33.252  15.621 0.3000000119
87276  36.284  32.553  15.671 0.3000000119
124661  38.656  32.631  15.451 0.3000000119
87275  37.105  32.563  15.553 0.3000000119
86715  40.406  31.799  15.648 0.3000000119
87273  39.197  32.187  15.489 0.3000000119
86717  38.432  31.943  15.538 0.3000000119
86700  38.127  31.288  15.866 0.3000000119
86697  40.748  31.294  16.051 0.3000000119
86698  39.958  31.270  15.924 0.3000000119
86716  39.723  31.786  15.613 0.3000000119
86699  39.074  31.396  15.795 0.3000000119
86696  41.515  31.502  16.276 0.4000000060
86073  41.214  30.868  16.613 0.3000000119
86074  40.330  30.759  16.433 0.3000000119
86075  39.470  30.763  16.334 0.3000000119
86056  41.730  30.542  17.387 0.4000000060
85431  42.295  30.228  18.207 0.4000000060
85432  41.242  29.907  17.826 0.4000000060
85415  42.886  29.925  19.024 0.6000000238
85406  43.504  29.598  19.893 0.6000000238
85413  45.644  29.924  20.000 0.6000000238
84792  46.553  29.388  21.065 0.6000000238
85405  44.745  29.950  20.369 0.6000000238
84808  46.337  28.845  19.475 0.6000000238
84172  47.448  27.584  18.205 0.6000000238
79421  53.285  20.156  2.813 0.6000000238
84830  47.201  27.890  16.909 0.6999999881
84182  47.824  27.600  16.224 0.8000000119
84837  45.763  28.223  16.195 0.6999999881
84181  47.901  27.664  15.748 0.8999999762
84184  48.033  27.846  15.106 0.8999999762
108368  46.776  28.205  15.453 0.8000000119
84835  48.012  27.972  15.306 0.8999999762
84187  48.254  27.986  14.134 0.8999999762
84190  48.170  27.979  13.264 0.8999999762
78627  51.422  19.583  0.628 0.5000000000
85458  47.903  28.931  13.658 0.6999999881
84186  48.430  28.692  13.534 0.8999999762
84189  48.575  28.674  12.882 0.8999999762
84874  48.297  28.561  11.638 0.8999999762
85457  48.681  29.071  13.201 0.8999999762
84864  48.848  29.392  12.280 0.8999999762
84873  49.201  29.489  11.155 0.8999999762
120949  48.384  28.687  10.649 0.8000000119
78636  52.298  19.828  -0.764 0.5000000000
79442  50.292  20.946  -0.487 0.6000000238
84863  49.422  29.943  11.143 0.8999999762
84881  49.055  29.241  10.177 0.8999999762
84889  48.479  28.873  8.563 0.8999999762
79441  51.700  20.448  -0.857 0.6000000238
79450  51.821  21.222  -1.632 0.6000000238
84872  49.823  29.974  10.398 0.8999999762
84880  49.577  29.763  9.424 0.8999999762
84888  49.454  29.767  8.296 0.8999999762
79449  51.870  20.495  -1.641 0.6000000238
80223  51.911  22.179  -2.013 0.6000000238
85534  50.113  30.070  5.945 0.8999999762
78642  52.345  19.966  -1.019 0.5000000000
78650  51.896  20.323  -1.618 0.6000000238
85556  49.939  30.229  3.867 0.8000000119
79457  51.975  20.790  -2.037 0.6000000238
80232  51.888  22.277  -2.080 0.5000000000
81643  51.348  23.535  -2.274 0.5000000000
84280  48.160  29.249  0.917 0.5000000000
123402  48.503  30.348  1.993 0.8000000119
84955  46.946  29.579  -0.264 0.6000000238
79458  51.701  21.358  -2.268 0.6000000238
80968  51.166  23.045  -2.483 0.5000000000
81645  50.119  23.457  -2.432 0.5000000000
82260  50.404  24.328  -2.333 0.5000000000
82925  49.065  25.644  -1.776 0.5000000000
84299  47.302  27.497  -0.063 0.5000000000
84291  47.704  28.263  0.422 0.5000000000
80234  50.434  21.782  -2.357 0.5000000000
80962  49.465  22.476  -2.235 0.4000000060
109267  48.837  23.323  -2.059 0.5000000000
82251  48.633  25.089  -2.054 0.5000000000
122602  48.149  25.651  -1.721 0.5000000000
83615  46.368  27.195  -1.249 0.5000000000
84301  45.799  28.039  -1.232 0.5000000000
90346  29.518  38.674  21.713 0.1000000015
109935  31.995  37.175  18.730 0.1000000015
88844  33.940  35.456  17.218 0.2000000030
87813  37.468  33.331  15.540 0.2000000030
88333  36.982  33.936  15.729 0.2000000030
88842  35.785  35.665  17.082 0.2000000030
116201  38.979  33.957  15.597 0.3000000119
88331  38.430  34.259  15.739 0.2000000030
120503  36.571  34.507  16.094 0.2000000030
88329  40.633  34.164  15.717 0.3000000119
88330  39.724  34.085  15.637 0.3000000119
87811  39.314  33.131  15.431 0.3000000119
87809  41.167  33.367  15.607 0.3000000119
87271  40.902  32.478  15.548 0.3000000119
87270  41.615  32.771  15.721 0.3000000119
87257  41.645  32.121  15.908 0.3000000119
86695  42.385  31.855  16.551 0.4000000060
86072  42.167  31.188  16.982 0.4000000060
86055  42.879  30.910  17.865 0.4000000060
86045  43.561  30.630  18.708 0.4000000060
86054  44.306  31.276  18.509 0.4000000060
85414  44.164  30.322  19.493 0.6000000238
86043  45.187  30.689  19.092 0.6000000238
84823  45.990  28.399  18.032 0.6000000238
84847  45.125  28.816  13.816 0.6999999881
84846  46.871  28.631  14.137 0.6999999881
85459  46.193  29.112  13.362 0.6999999881
111456  47.153  29.719  12.430 0.8999999762
85469  48.416  29.232  13.086 0.8999999762
85478  49.416  30.175  11.032 0.8999999762
86116  47.204  30.164  11.692 0.8000000119
86115  48.526  30.217  11.517 0.8999999762
86127  49.507  30.385  10.361 0.8999999762
117482  49.667  30.317  8.692 0.8999999762
85511  49.717  30.267  7.735 0.8999999762
85510  49.812  30.296  6.833 0.8999999762
86169  49.757  30.474  6.488 0.8999999762
86178  49.929  30.508  5.220 0.8999999762
85558  48.239  30.495  2.396 0.8000000119
109747  47.912  30.345  1.386 0.8000000119
85579  46.095  29.741  0.702 0.6999999881
88315  38.003  34.872  16.199 0.3000000119
88863  36.182  35.115  16.540 0.2000000030
88843  34.876  35.619  17.155 0.2000000030
88327  42.441  34.141  16.007 0.2000000030
88328  41.512  34.210  15.841 0.3000000119
120833  40.107  34.951  16.112 0.3000000119
89345  36.294  36.141  17.681 0.2000000030
114995  43.475  33.952  16.332 0.3000000119
87808  42.012  33.371  15.819 0.3000000119
88314  39.086  34.772  16.065 0.3000000119
88861  38.730  35.411  16.831 0.3000000119
88841  37.193  36.060  17.837 0.2000000030
89329  36.823  36.467  18.463 0.1000000015
87794  44.583  33.837  16.766 0.3000000119
87796  42.960  33.197  16.309 0.3000000119
87255  43.290  32.360  16.826 0.3000000119
87795  44.279  32.954  17.122 0.3000000119
86684  45.007  31.767  18.411 0.5000000000
86053  45.360  31.149  18.660 0.5000000000
86676  45.232  31.240  18.722 0.5000000000
86044  44.865  30.929  19.159 0.5000000000
86070  45.505  31.169  18.017 0.6000000238
86088  43.758  30.423  15.957 0.5000000000
86071  44.444  30.126  16.916 0.6000000238
85445  44.851  29.512  17.606 0.6000000238
85430  45.420  30.276  18.958 0.6000000238
126499  43.153  29.727  15.133 0.6000000238
85446  44.141  29.283  16.447 0.6000000238
107004  45.016  28.628  17.101 0.6000000238
84824  45.310  29.034  18.176 0.6000000238
85454  43.311  29.335  14.447 0.6000000238
122586  44.477  28.670  16.086 0.6999999881
85462  42.839  29.719  13.554 0.5000000000
85461  43.861  29.172  13.639 0.6000000238
84842  44.294  28.721  14.490 0.6999999881
114921  44.907  28.443  15.365 0.6999999881
113900  43.521  29.556  12.969 0.5000000000
84841  45.782  28.464  14.661 0.6999999881
114576  44.115  30.104  11.529 0.6000000238
85481  44.787  29.871  12.012 0.6000000238
85460  44.620  29.404  12.899 0.6000000238
86119  43.322  30.238  11.384 0.6000000238
86118  44.907  30.168  11.264 0.6999999881
86117  45.925  29.975  11.794 0.6999999881
86142  44.717  30.157  9.690 0.6999999881
86130  45.926  30.278  10.991 0.6999999881
86128  48.519  30.469  10.616 0.8000000119
86138  49.724  30.394  9.701 0.8999999762
107329  43.949  30.240  10.011 0.6999999881
85492  45.057  30.014  9.059 0.6999999881
86149  47.486  30.444  8.899 0.8000000119
86148  48.991  30.565  8.848 0.8999999762
85503  44.498  29.777  8.415 0.8000000119
85501  46.423  30.125  8.115 0.8000000119
85512  47.862  30.399  7.101 0.8000000119
86170  48.871  30.602  6.929 0.8999999762
85535  48.306  30.408  5.311 0.8999999762
85571  44.320  29.472  2.476 0.8999999762
85514  45.549  29.761  7.394 0.8000000119
85513  46.634  30.032  7.244 0.8000000119
85525  48.018  30.359  6.200 0.8000000119
119028  47.509  30.184  4.583 0.8999999762
109379  46.057  29.835  3.489 0.8999999762
85526  46.840  29.990  6.345 0.8000000119
85536  47.141  30.027  5.467 0.8000000119
85527  45.759  29.711  6.486 0.8000000119
88312  41.921  35.064  16.256 0.2000000030
88313  41.022  35.017  16.204 0.2000000030
88299  47.120  33.931  17.501 0.2000000030
88311  42.861  34.945  16.294 0.2000000030
88860  39.686  35.394  16.803 0.2000000030
88828  38.123  36.003  18.202 0.2000000030
87792  46.783  33.276  17.408 0.2000000030
127417  46.590  33.136  17.573 0.2000000030
88301  45.590  33.822  17.219 0.2000000030
88859  40.663  35.471  16.889 0.2000000030
88839  39.384  35.634  17.723 0.2000000030
88827  39.177  35.858  18.816 0.2000000030
87246  46.486  33.003  17.632 0.2000000030
87786  46.267  33.084  17.672 0.2000000030
87787  45.555  33.023  17.635 0.3000000119
87248  44.391  32.217  17.706 0.3000000119
87267  46.027  32.512  16.795 0.4000000060
87253  46.215  32.611  17.743 0.4000000060
123520  45.545  32.260  18.044 0.3000000119
86694  45.807  31.723  17.818 0.4000000060
86683  45.440  31.647  18.200 0.4000000060
86712  44.477  31.662  15.909 0.4000000060
86087  44.751  31.018  16.714 0.6000000238
86728  42.967  31.667  14.718 0.5000000000
86713  43.500  31.072  15.456 0.5000000000
86733  42.256  31.693  14.169 0.4000000060
86089  43.106  30.335  15.253 0.6000000238
88946  42.022  35.638  4.695 0.6000000238
88947  41.398  35.404  4.649 0.6000000238
120505  41.995  31.170  13.939 0.4000000060
86095  42.561  30.927  14.595 0.6000000238
85455  42.702  30.075  14.549 0.6000000238
88933  42.944  35.278  6.527 0.6999999881
88406  42.279  35.344  4.782 0.6000000238
88407  41.598  34.989  4.411 0.6000000238
88408  40.930  35.018  4.437 0.6000000238
86734  41.771  31.733  13.532 0.4000000060
109479  42.225  30.520  13.841 0.5000000000
88394  42.230  34.298  6.362 0.6000000238
88400  42.570  34.945  5.779 0.6000000238
88401  42.135  34.587  4.942 0.6000000238
117041  41.625  34.392  4.167 0.6000000238
88413  41.199  34.358  3.931 0.6000000238
86740  41.528  31.744  12.827 0.4000000060
86097  41.798  31.078  13.271 0.5000000000
88393  42.449  34.748  7.132 0.6999999881
87869  42.042  33.711  5.863 0.6000000238
87875  41.842  33.821  4.540 0.6000000238
86748  41.432  31.788  12.071 0.4000000060
86107  41.707  31.122  12.480 0.5000000000
86106  42.256  30.397  12.848 0.5000000000
120394  41.908  33.637  6.973 0.6000000238
87332  41.944  32.995  5.625 0.6000000238
86121  41.691  31.164  11.667 0.6000000238
86120  42.378  30.607  11.281 0.6000000238
86132  43.021  30.382  10.478 0.6000000238
87863  41.604  33.251  7.990 0.6000000238
108467  41.769  32.162  6.733 0.6000000238
86780  42.124  32.244  5.539 0.6000000238
86133  42.221  30.729  10.518 0.6999999881
86772  41.696  31.463  7.579 0.6000000238
86771  42.089  31.303  6.578 0.6000000238
86779  42.406  31.600  5.383 0.6999999881
85494  43.098  30.262  9.496 0.6999999881
121102  42.410  30.436  8.009 0.6999999881
86162  42.470  30.501  7.086 0.6999999881
85529  43.369  29.958  5.973 0.8000000119
86181  43.243  30.762  4.539 0.8000000119
85504  43.704  29.725  8.074 0.6999999881
85516  43.479  29.712  7.115 0.6999999881
109871  44.027  29.637  5.754 0.8000000119
85538  44.308  29.746  4.815 0.8000000119
107238  44.690  29.791  4.011 0.8000000119
107339  44.258  30.004  3.020 0.8999999762
85515  44.451  29.628  7.530 0.8000000119
107143  43.933  29.576  6.617 0.8000000119
108289  44.927  29.609  5.698 0.8000000119
85548  45.705  29.723  4.311 0.8000000119
85528  44.760  29.598  6.612 0.8000000119
88323  47.839  34.066  17.170 0.2000000030
88298  47.448  33.961  17.351 0.2000000030
88867  48.548  34.631  16.979 0.2000000030
87784  47.237  33.618  17.268 0.2000000030
108226  47.704  34.376  16.452 0.2000000030
87793  46.549  32.891  17.245 0.3000000119
86711  45.390  31.663  16.877 0.4000000060
87807  45.122  32.941  15.580 0.3000000119
87268  45.243  32.175  16.294 0.3000000119
87269  44.225  32.453  15.281 0.3000000119
87821  43.993  33.717  14.471 0.4000000060
87285  42.756  32.371  14.329 0.5000000000
88945  42.556  35.864  4.722 0.6999999881
89460  42.544  36.453  4.743 0.6999999881
87830  43.165  33.805  13.894 0.4000000060
88939  42.890  35.511  5.195 0.6000000238
88938  43.228  36.138  4.691 0.5000000000
127921  42.534  33.582  13.566 0.4000000060
88927  42.725  35.222  7.871 0.5000000000
87831  41.979  33.252  13.303 0.4000000060
88389  41.950  34.105  7.601 0.6999999881
87832  41.558  33.064  12.694 0.4000000060
87309  41.326  32.434  11.750 0.4000000060
86134  41.748  31.109  10.857 0.6000000238
86765  41.552  31.512  8.411 0.6999999881
119601  41.266  32.756  11.106 0.5000000000
86753  41.369  31.846  11.178 0.5000000000
110727  41.837  31.013  10.168 0.6000000238
86153  41.865  30.939  8.319 0.6999999881
86143  42.326  30.665  9.823 0.6999999881
86152  42.346  30.542  8.940 0.6999999881
88871  47.809  35.207  15.617 0.2000000030
88324  47.188  33.881  16.502 0.2000000030
87805  46.788  33.343  16.744 0.2000000030
88325  46.295  33.849  15.731 0.2000000030
87806  46.055  33.155  16.177 0.2000000030
88326  45.359  33.737  15.237 0.3000000119
113497  44.294  33.145  14.911 0.3000000119
88339  44.629  34.293  14.480 0.3000000119
88880  44.586  35.540  13.456 0.3000000119
88345  44.138  34.922  13.818 0.3000000119
88881  43.722  35.328  13.148 0.3000000119
88346  43.336  34.612  13.487 0.3000000119
88926  43.422  35.648  7.233 0.5000000000
126311  43.733  36.251  4.949 0.5000000000
88357  42.897  34.939  12.804 0.3000000119
88347  42.461  34.115  13.193 0.3000000119
88921  43.211  35.668  8.517 0.5000000000
88358  42.197  34.475  12.405 0.4000000060
88383  41.869  34.654  9.963 0.5000000000
88922  42.428  35.157  9.116 0.5000000000
127723  41.876  34.525  9.133 0.5000000000
120739  41.664  34.000  8.640 0.5000000000
88892  42.627  35.189  12.049 0.4000000060
88359  41.699  34.087  12.022 0.4000000060
88370  41.553  34.083  11.382 0.5000000000
88384  41.502  33.981  9.640 0.5000000000
87858  41.420  33.261  9.158 0.5000000000
126359  41.409  32.619  8.708 0.6000000238
87850  41.342  33.496  11.064 0.5000000000
87855  41.277  33.197  10.235 0.5000000000
87318  41.308  32.488  9.552 0.5000000000
112520  41.368  31.930  8.954 0.6999999881
87315  41.273  32.251  10.370 0.6000000238
113332  41.521  31.523  10.287 0.6000000238
114199  41.706  31.197  9.337 0.6999999881
89365  48.453  36.156  15.065 0.2000000030
89366  47.309  36.016  14.387 0.2000000030
89371  48.153  36.674  13.803 0.2000000030
88868  46.718  34.667  15.404 0.2000000030
89386  47.535  36.729  12.982 0.2000000030
88872  46.724  35.460  14.688 0.2000000030
122834  46.163  35.927  13.821 0.2000000030
88873  45.873  35.273  14.434 0.2000000030
88338  45.610  34.512  14.855 0.3000000119
89387  46.669  36.638  12.672 0.2000000030
89373  46.073  36.368  13.110 0.2000000030
127411  45.339  35.625  13.781 0.3000000119
89374  45.240  36.107  13.094 0.2000000030
88874  44.976  35.100  14.160 0.3000000119
88890  44.271  35.911  12.713 0.3000000119
89452  44.337  36.506  5.151 0.5000000000
88891  43.427  35.594  12.389 0.3000000119
89390  43.975  36.205  11.924 0.3000000119
89434  43.936  36.070  7.877 0.5000000000
89443  44.197  36.139  6.492 0.5000000000
89451  45.270  36.984  4.979 0.3000000119
110611  43.215  35.774  11.574 0.3000000119
88904  42.485  35.284  11.218 0.4000000060
88914  43.098  35.742  9.623 0.5000000000
88369  42.023  34.658  11.678 0.4000000060
88376  41.903  34.702  10.876 0.5000000000
88915  42.428  35.268  10.274 0.5000000000
89888  48.599  37.121  12.676 0.2000000030
89897  47.591  36.908  12.198 0.2000000030
89907  47.925  37.017  11.228 0.2000000030
89388  45.763  36.537  12.428 0.2000000030
89398  45.562  36.607  11.559 0.2000000030
106665  46.308  36.695  10.861 0.2000000030
89399  44.667  36.465  11.335 0.3000000119
114115  44.703  36.289  7.204 0.5000000000
117308  45.391  36.588  5.876 0.5000000000
89954  44.731  37.211  4.779 0.3000000119
89400  43.833  36.266  11.040 0.4000000060
89414  43.790  36.207  10.070 0.4000000060
89424  44.585  36.373  9.389 0.5000000000
89433  44.622  36.321  8.300 0.5000000000
111002  45.606  36.473  7.236 0.3000000119
89896  49.209  37.506  11.647 0.2000000030
106297  49.989  37.920  9.868 0.2000000030
106263  49.601  38.292  9.117 0.2000000030
90429  47.808  38.952  10.884 0.2000000030
108787  48.501  37.173  11.754 0.2000000030
106124  49.046  37.255  10.882 0.2000000030
106127  49.747  37.809  9.158 0.2000000030
90447  47.194  38.648  10.272 0.2000000030
110322  46.800  38.537  9.363 0.2000000030
90448  45.882  38.580  10.499 0.2000000030
106283  48.681  37.054  10.129 0.2000000030
106128  49.265  37.508  8.530 0.2000000030
90462  49.225  38.290  8.675 0.2000000030
122161  47.755  38.453  8.256 0.2000000030
90464  44.540  38.455  9.573 0.2000000030
111134  43.986  38.507  10.398 0.2000000030
89411  47.418  36.809  10.495 0.2000000030
89410  48.457  36.916  9.123 0.2000000030
111822  46.576  38.510  8.359 0.2000000030
90463  45.569  38.485  9.538 0.2000000030
90465  43.656  38.440  9.606 0.2000000030
120667  47.816  36.752  8.523 0.2000000030
109065  46.776  36.650  9.733 0.2000000030
89431  46.795  36.617  7.367 0.2000000030
89441  47.699  37.031  6.515 0.2000000030
89449  47.128  37.078  5.856 0.3000000119
90488  46.776  38.133  6.085 0.3000000119
119022  44.326  38.422  6.545 0.3000000119
123300  43.864  38.550  7.745 0.2000000030
89412  45.515  36.582  10.627 0.2000000030
89423  45.553  36.520  9.604 0.2000000030
89432  45.559  36.469  8.498 0.2000000030
89442  46.707  36.788  6.178 0.3000000119
89450  46.356  37.052  5.458 0.3000000119
89953  45.904  37.340  5.090 0.3000000119
125768  44.112  37.929  5.487 0.3000000119
89413  44.603  36.437  10.395 0.2000000030
90430  46.303  38.963  11.275 0.2000000030
90431  45.134  38.831  11.235 0.2000000030
119455  44.202  38.739  11.138 0.2000000030
90449  44.838  38.546  10.482 0.2000000030
89932  49.458  38.042  8.633 0.2000000030
89933  48.761  37.677  7.674 0.2000000030
110846  48.875  38.135  7.820 0.2000000030
123584  43.472  38.492  10.290 0.2000000030
90476  47.865  38.253  7.293 0.2000000030
113142  45.307  38.519  8.497 0.2000000030
89430  48.655  37.122  7.934 0.2000000030
90486  48.315  37.936  7.082 0.2000000030
90466  42.157  38.486  9.778 0.2000000030
125444  47.911  36.834  7.534 0.2000000030
89943  47.438  37.431  6.103 0.2000000030
90489  45.715  38.348  6.219 0.2000000030
113140  42.980  38.481  8.712 0.2000000030
89942  48.057  37.550  6.761 0.2000000030
120525  46.183  39.536  11.736 0.2000000030
91006  45.386  39.393  11.698 0.2000000030
116446  44.460  39.253  11.649 0.2000000030
116279  45.730  40.011  12.029 0.2000000030
107169  44.746  39.967  12.082 0.2000000030
111133  42.985  38.475  10.071 0.2000000030
90451  42.413  38.625  10.765 0.2000000030
90477  46.470  38.455  7.095 0.2000000030
113141  44.155  38.502  8.611 0.2000000030
90487  47.705  37.978  6.388 0.2000000030
90478  44.918  38.551  7.452 0.2000000030
86689  30.832  32.132  17.827 0.3000000119
86065  32.026  30.795  17.788 0.2000000030
86064  33.646  30.461  17.570 0.2000000030
85423  34.563  29.421  18.264 0.3000000119
84816  34.323  28.857  18.730 0.3000000119
84146  38.222  26.977  20.289 0.5000000000
82736  39.792  26.022  22.095 0.5000000000
82111  40.773  24.072  20.018 0.6000000238
82746  41.043  26.207  21.559 0.4000000060
120834  41.607  24.924  16.865 0.8000000119
82784  41.863  25.170  16.063 0.8000000119
82780  41.873  24.817  17.690 0.6999999881
82131  41.329  24.425  18.314 0.6000000238
107817  41.695  25.745  21.085 0.6000000238
82795  42.253  25.519  13.328 0.8999999762
122340  43.169  25.446  17.182 0.6999999881
82171  42.021  24.824  8.359 0.6999999881
82829  41.841  25.329  9.880 0.8000000119
83439  42.660  26.983  21.595 0.5000000000
83453  43.561  26.528  21.112 0.5000000000
82782  44.151  25.762  17.362 0.8999999762
82768  44.136  25.626  19.235 0.5000000000
80179  44.599  21.840  4.727 0.6000000238
82861  42.769  25.002  7.049 0.6999999881
83502  43.617  26.290  11.551 0.8000000119
82871  43.617  25.193  5.815 0.6999999881
83470  45.488  26.080  17.535 0.8000000119
116802  45.369  26.111  16.091 0.8999999762
124159  45.814  28.012  22.023 0.5000000000
83553  43.899  26.110  7.094 0.6999999881
83474  46.828  26.488  16.202 0.8000000119
83571  44.846  26.100  4.967 0.6000000238
84244  45.865  27.286  6.837 0.6999999881
120953  45.933  27.614  8.918 0.8000000119
84218  45.951  27.601  9.671 0.8000000119
125978  46.846  20.493  3.509 0.6000000238
84794  43.054  28.829  20.424 0.6000000238
83478  47.111  26.662  15.515 0.8000000119
81601  46.284  23.838  2.037 0.6000000238
84890  47.418  28.291  8.841 0.8000000119
84139  46.235  28.823  22.151 0.6000000238
79434  47.771  20.887  1.559 0.6000000238
84199  47.609  27.887  12.218 0.8000000119
80214  48.470  22.539  0.402 0.6000000238
84915  48.707  28.615  5.842 0.6999999881
81619  49.251  24.495  -0.396 0.5000000000
119343  47.408  27.141  3.265 0.6000000238
84922  49.600  28.897  4.374 0.6999999881
84264  48.935  28.463  2.555 0.6000000238
88303  32.780  34.871  17.200 0.2000000030
86701  37.166  31.152  16.107 0.3000000119
86718  37.581  31.851  15.624 0.3000000119
86059  38.988  30.280  16.898 0.3000000119
86057  40.757  30.333  17.105 0.3000000119
85404  45.735  29.751  20.762 0.6000000238
84784  47.100  28.974  21.698 0.6000000238
84166  47.621  27.844  19.759 0.6000000238
84165  47.616  27.346  18.704 0.6000000238
117251  49.489  19.601  1.893 0.5000000000
84179  47.786  27.360  16.967 0.6999999881
80203  48.352  21.342  0.758 0.6000000238
120917  48.458  28.823  9.318 0.8000000119
80945  49.176  23.539  -0.271 0.5000000000
84898  49.462  29.666  7.284 0.8999999762
84907  49.557  29.504  6.338 0.8000000119
85533  50.246  30.220  5.130 0.8999999762
120135  51.533  23.347  -2.156 0.5000000000
82230  49.085  25.338  -0.380 0.5000000000
84930  49.374  29.438  2.826 0.6999999881
85557  49.498  30.168  3.177 0.6999999881
119645  48.353  26.079  0.624 0.5000000000
83605  48.081  26.669  0.312 0.5000000000
85567  48.948  30.128  2.218 0.8000000119
82238  49.965  25.159  -1.873 0.5000000000
82917  49.289  25.646  -1.284 0.5000000000
83624  47.981  26.180  -1.465 0.5000000000
89846  29.792  37.020  19.942 0.2000000030
89832  29.589  37.431  20.625 0.1000000015
89333  30.732  36.223  18.646 0.2000000030
89319  30.258  36.654  19.265 0.2000000030
88845  33.031  35.473  17.412 0.2000000030
108037  33.945  34.125  16.581 0.2000000030
87798  35.308  33.569  16.048 0.2000000030
87797  36.197  33.829  15.822 0.2000000030
87272  39.974  32.420  15.465 0.3000000119
86714  41.067  31.783  15.766 0.4000000060
86039  45.215  30.303  19.796 0.6000000238
84836  47.669  27.933  15.972 0.8000000119
84840  47.550  28.277  14.840 0.6999999881
84845  48.193  28.287  14.200 0.8999999762
84844  48.557  28.876  13.381 0.8999999762
84853  48.695  29.009  13.133 0.8999999762
85479  49.021  29.704  11.874 0.8999999762
85486  49.816  30.182  10.354 0.8999999762
85500  49.688  30.291  8.896 0.8999999762
85491  49.849  30.265  9.717 0.8999999762
85524  50.124  30.109  6.732 0.8999999762
85523  49.944  30.398  6.060 0.8999999762
86190  49.568  30.571  4.317 0.8000000119
86209  48.987  30.436  2.752 0.8000000119
84954  47.454  29.398  0.102 0.5000000000
85576  48.285  30.159  1.426 0.6000000238
85577  47.518  29.991  0.566 0.6000000238
86200  48.975  30.610  3.383 0.8000000119
84956  45.999  29.331  -0.248 0.6000000238
85588  46.840  29.881  0.184 0.6999999881
84964  46.329  28.821  -0.748 0.5000000000
81636  49.455  24.411  -2.292 0.5000000000
124307  47.082  27.203  -0.861 0.5000000000
84300  46.552  27.944  -0.858 0.5000000000
84292  47.078  28.803  -0.418 0.5000000000
123553  47.290  26.754  -1.252 0.5000000000
106787  46.817  26.409  -1.449 0.5000000000
125940  45.430  27.353  -1.477 0.5000000000
88316  37.273  34.519  15.999 0.2000000030
108865  36.696  35.641  17.063 0.2000000030
118248  37.069  35.083  16.445 0.3000000119
87810  40.290  33.270  15.478 0.3000000119
87256  42.309  32.584  16.144 0.3000000119
86685  43.483  31.664  17.565 0.5000000000
85470  47.102  29.341  13.043 0.6999999881
85480  45.855  29.570  12.548 0.6000000238
111440  48.421  29.722  12.315 0.8999999762
86129  47.167  30.432  10.800 0.8000000119
86158  49.681  30.325  7.383 0.8999999762
86159  49.075  30.510  7.855 0.8000000119
86180  49.063  30.652  5.831 0.8999999762
120272  49.469  30.641  5.188 0.8999999762
85546  47.897  30.400  3.559 0.8999999762
85568  47.115  30.238  1.873 0.6999999881
85559  46.987  30.121  2.969 0.8000000119
85569  46.120  29.892  1.594 0.8000000119
88862  37.738  35.588  17.098 0.2000000030
88310  43.828  34.805  16.398 0.2000000030
88840  38.597  35.703  17.682 0.2000000030
113989  45.276  30.516  18.223 0.6000000238
85451  43.576  29.836  15.819 0.6000000238
84838  43.750  29.041  15.419 0.6999999881
85471  43.675  29.880  12.207 0.6000000238
86105  42.743  30.216  12.056 0.5000000000
110544  44.020  30.260  10.848 0.6999999881
109944  42.088  30.673  12.070 0.6000000238
86131  44.866  30.251  10.455 0.6999999881
86141  45.814  30.332  9.961 0.6999999881
86150  46.158  30.255  8.990 0.8000000119
86140  47.230  30.489  9.825 0.8000000119
86139  48.684  30.558  9.739 0.8000000119
85493  44.001  29.941  9.058 0.6999999881
85502  45.339  29.877  8.259 0.8000000119
86160  47.705  30.420  8.003 0.8000000119
108528  45.215  29.737  3.361 0.8999999762
85547  46.744  29.969  3.969 0.8999999762
127138  46.570  29.868  4.783 0.8999999762
85560  45.892  29.864  2.630 0.8000000119
85537  45.961  29.734  5.457 0.8000000119
87785  46.869  33.441  17.425 0.2000000030
87247  46.142  32.617  17.811 0.2000000030
87254  45.998  32.077  17.519 0.4000000060
86682  45.984  32.204  18.026 0.3000000119
86727  43.667  31.838  15.212 0.5000000000
87284  43.429  32.272  14.769 0.5000000000
88940  40.737  35.621  5.415 0.6000000238
88409  40.460  34.284  4.517 0.6000000238
87823  42.634  33.092  13.905 0.4000000060
126180  41.646  33.580  3.904 0.6000000238
117018  41.754  32.948  6.884 0.6000000238
87336  41.907  33.040  4.319 0.6000000238
118679  41.474  32.235  7.889 0.6000000238
86787  42.372  32.301  4.353 0.6999999881
86163  42.030  30.871  7.529 0.6000000238
86171  42.661  30.694  5.857 0.6999999881
86151  43.062  30.062  8.549 0.6999999881
86161  42.946  29.983  7.608 0.6999999881
85517  42.914  30.072  6.761 0.6999999881
85539  43.738  30.104  4.733 0.8000000119
85549  43.991  30.218  3.646 0.8000000119
85562  43.659  29.975  2.876 0.8000000119
122444  45.040  29.638  4.886 0.8000000119
87822  43.496  32.997  14.503 0.5000000000
124766  43.816  34.324  14.060 0.3000000119
88932  43.567  35.821  5.663 0.5000000000
88388  42.149  34.649  8.279 0.5000000000
87841  41.793  33.748  12.614 0.4000000060
87842  41.407  33.297  11.908 0.4000000060
89425  43.806  36.127  9.019 0.5000000000
88377  41.475  34.055  10.561 0.5000000000
86759  41.373  31.836  9.724 0.6000000238
89372  46.908  36.415  13.465 0.2000000030
89397  46.661  36.772  11.674 0.2000000030
89389  44.850  36.373  12.215 0.3000000119
88903  43.106  35.814  10.662 0.4000000060
108646  49.702  37.723  10.655 0.2000000030
107190  49.553  37.486  9.939 0.2000000030
106126  49.664  38.471  9.772 0.2000000030
106229  48.797  38.619  9.667 0.2000000030
113006  48.229  38.518  8.903 0.2000000030
89952  46.779  37.375  5.591 0.3000000119
90497  45.286  37.912  5.350 0.3000000119
90452  41.534  38.604  10.532 0.2000000030
79271  49.308  20.770  13.523 0.3000000119
79272  48.540  20.512  13.264 0.3000000119
79263  48.006  20.094  13.854 0.3000000119
111713  46.920  19.644  13.229 0.3000000119
77685  55.020  18.587  18.777 0.2000000030
123105  54.742  18.708  19.481 0.2000000030
79281  49.100  20.941  12.773 0.3000000119
79273  47.692  20.175  12.991 0.3000000119
78510  47.054  19.826  12.354 0.3000000119
78511  46.238  19.311  12.611 0.3000000119
78456  55.375  19.273  17.893 0.2000000030
80083  49.668  21.402  12.462 0.3000000119
79282  48.409  20.636  12.417 0.3000000119
79283  47.721  20.308  12.041 0.3000000119
78522  46.487  19.576  11.609 0.3000000119
115754  45.810  19.174  11.867 0.3000000119
78465  55.501  19.320  16.970 0.2000000030
79249  55.553  20.450  15.652 0.3000000119
80066  55.333  21.499  14.748 0.3000000119
80819  55.147  22.960  13.639 0.3000000119
80084  49.069  21.160  11.904 0.3000000119
79296  47.667  20.351  11.249 0.3000000119
78523  45.712  19.256  11.141 0.3000000119
80095  49.530  21.589  11.168 0.3000000119
79307  48.213  20.736  10.697 0.3000000119
78534  46.302  19.577  10.669 0.3000000119
78535  45.514  19.359  10.302 0.3000000119
115400  53.839  23.365  9.948 0.3000000119
79309  46.881  19.875  10.213 0.3000000119
79321  46.829  19.881  9.469 0.3000000119
78548  46.150  19.589  9.812 0.3000000119
80122  53.574  22.633  8.877 0.3000000119
111482  53.479  22.459  8.314 0.3000000119
79362  53.411  20.870  6.274 0.3000000119
79347  53.513  21.472  6.519 0.3000000119
78578  52.452  20.103  6.395 0.3000000119
79261  49.630  20.601  14.351 0.3000000119
79262  48.780  20.357  14.059 0.3000000119
78500  47.379  19.786  13.733 0.3000000119
128470  46.897  19.507  13.941 0.3000000119
77736  45.827  18.782  14.084 0.3000000119
77673  54.553  18.867  20.195 0.2000000030
127710  54.055  18.587  20.455 0.2000000030
80076  50.114  21.175  13.669 0.3000000119
78502  46.336  19.227  13.608 0.3000000119
120660  45.121  18.301  13.689 0.3000000119
115185  54.862  19.668  19.206 0.2000000030
128090  54.997  18.921  19.217 0.2000000030
80816  52.163  22.550  14.062 0.3000000119
80075  50.865  21.830  13.407 0.3000000119
128094  49.655  21.203  13.073 0.3000000119
77747  45.434  18.807  12.369 0.3000000119
77748  44.688  18.475  12.109 0.3000000119
80815  53.130  23.320  14.360 0.3000000119
80820  52.880  23.433  13.426 0.3000000119
80821  51.802  22.628  13.180 0.3000000119
80822  50.942  22.237  12.660 0.3000000119
80082  50.296  21.890  12.209 0.3000000119
120402  43.959  18.221  11.982 0.2000000030
79241  55.522  20.105  16.477 0.3000000119
128209  55.347  21.928  15.816 0.3000000119
80813  55.252  22.668  14.485 0.3000000119
81510  54.391  24.074  14.122 0.3000000119
81517  53.653  24.131  12.769 0.3000000119
80829  51.783  22.921  12.234 0.3000000119
80830  50.977  22.475  11.894 0.3000000119
78524  44.956  19.045  10.836 0.3000000119
77775  43.544  18.780  10.766 0.2000000030
80812  55.346  22.287  15.224 0.3000000119
80805  55.118  23.364  15.194 0.3000000119
81537  52.279  23.600  10.261 0.3000000119
80838  50.844  22.609  10.644 0.3000000119
79308  47.508  20.284  10.509 0.3000000119
78536  44.707  19.261  10.078 0.4000000060
78537  43.906  19.225  10.061 0.3000000119
81549  52.593  23.585  9.497 0.3000000119
80849  51.540  23.165  10.037 0.3000000119
80850  50.692  22.554  9.842 0.3000000119
120096  49.238  21.476  10.238 0.3000000119
120791  47.334  20.178  9.888 0.3000000119
78549  45.243  19.458  9.333 0.4000000060
78550  44.266  19.443  9.342 0.4000000060
80872  53.463  23.013  8.728 0.3000000119
81560  52.374  23.309  8.777 0.3000000119
80864  51.529  23.019  9.232 0.3000000119
122174  49.505  21.658  9.283 0.3000000119
120365  48.436  20.805  8.555 0.3000000119
79336  46.912  19.920  8.721 0.3000000119
78560  46.112  19.627  8.941 0.4000000060
78562  44.539  19.573  8.564 0.4000000060
80883  53.044  22.788  7.474 0.3000000119
79335  47.712  20.359  8.498 0.3000000119
79337  46.199  19.666  8.084 0.3000000119
78561  45.358  19.572  8.349 0.4000000060
80147  53.388  21.949  6.264 0.4000000060
78585  53.619  20.604  4.661 0.4000000060
79375  53.692  20.845  5.438 0.4000000060
79374  53.714  21.134  5.272 0.4000000060
78595  52.740  19.503  4.783 0.3000000119
78586  53.156  20.398  5.714 0.3000000119
77835  53.422  18.903  2.651 0.5000000000
77824  53.277  19.160  3.348 0.4000000060
77834  53.589  19.316  2.345 0.5000000000
77004  52.989  18.251  2.303 0.5000000000
77849  53.600  19.122  1.799 0.5000000000
78482  47.437  19.439  15.667 0.3000000119
78493  46.696  19.183  15.260 0.3000000119
77725  45.984  18.782  14.918 0.3000000119
78441  54.645  19.277  20.619 0.2000000030
77663  54.401  18.894  21.119 0.2000000030
79260  50.171  20.700  14.841 0.3000000119
79251  49.691  20.361  15.228 0.3000000119
79252  48.932  20.157  14.860 0.3000000119
78492  47.415  19.624  14.598 0.3000000119
78501  46.514  19.215  14.423 0.3000000119
78448  54.834  19.177  19.675 0.2000000030
80808  52.323  22.448  14.803 0.3000000119
80068  51.501  21.779  14.686 0.3000000119
80070  50.301  20.965  14.360 0.3000000119
77738  44.296  17.894  13.261 0.3000000119
80807  52.970  22.864  15.399 0.3000000119
111152  50.812  21.447  14.144 0.3000000119
77739  43.682  17.856  12.571 0.2000000030
79232  55.266  20.536  17.378 0.3000000119
118928  55.399  19.790  17.492 0.3000000119
80814  53.887  23.794  14.867 0.3000000119
77749  43.212  18.032  11.916 0.2000000030
80051  55.428  21.086  16.073 0.3000000119
81504  54.637  23.833  15.217 0.3000000119
77765  42.912  18.445  11.300 0.2000000030
80043  55.282  21.101  16.802 0.3000000119
114775  42.266  19.414  10.154 0.2000000030
78552  42.616  19.686  9.499 0.4000000060
78551  43.429  19.523  9.408 0.4000000060
79323  42.209  20.238  9.039 0.4000000060
80874  52.706  23.192  8.154 0.3000000119
106443  51.688  22.929  8.415 0.3000000119
80875  51.110  22.556  7.963 0.3000000119
80125  49.624  21.608  8.421 0.3000000119
80126  48.940  21.059  8.138 0.3000000119
78563  43.711  19.710  8.663 0.4000000060
79340  42.509  20.547  8.394 0.4000000060
80885  51.292  22.333  7.168 0.4000000060
80135  50.383  22.012  7.834 0.3000000119
80136  49.604  21.346  7.502 0.3000000119
79334  48.268  20.580  7.937 0.3000000119
79351  47.523  20.127  7.611 0.4000000060
79338  43.965  19.887  7.956 0.4000000060
79355  42.775  20.863  7.756 0.4000000060
80894  52.447  22.516  6.937 0.4000000060
106335  51.976  22.173  6.477 0.4000000060
117033  50.007  21.234  6.584 0.4000000060
80150  49.216  20.856  6.916 0.4000000060
79365  47.448  19.977  6.670 0.4000000060
79367  45.561  19.854  6.446 0.4000000060
79368  44.652  20.183  6.672 0.4000000060
80152  43.468  21.183  6.774 0.4000000060
80138  43.009  21.221  7.253 0.5000000000
116263  53.643  20.164  3.518 0.4000000060
78594  53.523  19.782  4.033 0.3000000119
80162  52.175  21.704  5.659 0.4000000060
80163  50.736  21.305  5.820 0.4000000060
80164  49.929  20.829  5.941 0.4000000060
79364  48.431  20.381  6.650 0.4000000060
79366  46.496  19.801  6.160 0.4000000060
80151  44.088  20.931  6.265 0.4000000060
80175  53.258  21.411  4.958 0.4000000060
80176  52.550  21.318  4.805 0.4000000060
78625  53.473  19.130  1.471 0.5000000000
79177  54.313  20.445  23.104 0.2000000030
78413  54.280  19.905  23.695 0.1000000015
78475  48.192  19.592  16.264 0.3000000119
78483  46.786  19.076  16.114 0.3000000119
77705  46.171  18.694  16.564 0.3000000119
118080  54.519  20.707  21.246 0.2000000030
79190  54.557  20.013  21.748 0.2000000030
78418  54.547  19.505  22.292 0.2000000030
77630  54.492  19.141  22.925 0.1000000015
79243  50.783  20.766  16.206 0.3000000119
79244  49.907  20.273  16.146 0.3000000119
77713  46.098  18.759  15.747 0.3000000119
77714  45.402  18.361  15.371 0.3000000119
77715  44.719  17.890  14.960 0.3000000119
126712  54.543  20.617  20.602 0.3000000119
79202  54.590  19.895  20.986 0.2000000030
77647  54.524  19.022  22.093 0.2000000030
77648  53.874  18.680  21.831 0.1000000015
80061  51.171  21.248  15.511 0.3000000119
79250  50.426  20.696  15.460 0.3000000119
79245  49.008  19.942  15.729 0.3000000119
78481  48.203  19.773  15.285 0.3000000119
77726  45.287  18.330  14.540 0.3000000119
77727  44.582  17.875  14.150 0.3000000119
114167  54.702  20.685  19.069 0.3000000119
118319  54.552  21.210  19.927 0.3000000119
122973  52.411  22.183  16.088 0.3000000119
80060  51.988  21.931  15.478 0.3000000119
80069  50.722  21.119  14.841 0.3000000119
124897  43.926  17.565  13.877 0.2000000030
79221  55.156  19.838  18.369 0.3000000119
76941  42.864  17.648  12.561 0.2000000030
76930  42.615  17.319  13.351 0.2000000030
128783  55.266  20.129  17.852 0.3000000119
77750  42.266  18.112  11.841 0.2000000030
76942  41.969  17.646  12.680 0.2000000030
80804  55.187  22.972  15.913 0.3000000119
78525  41.875  19.088  10.747 0.3000000119
77766  41.439  18.775  11.408 0.3000000119
79310  41.202  20.275  9.960 0.4000000060
79324  41.539  20.554  9.321 0.4000000060
80118  41.204  21.241  9.093 0.6000000238
80127  42.131  21.217  8.074 0.5000000000
80139  42.454  21.574  7.489 0.5000000000
80153  42.835  21.912  6.814 0.6000000238
80886  42.221  22.390  7.317 0.6000000238
79391  53.138  20.985  4.253 0.5000000000
79377  50.304  20.687  5.338 0.4000000060
79379  48.378  20.118  5.725 0.4000000060
79380  47.300  19.889  5.681 0.4000000060
79381  46.431  19.970  5.383 0.4000000060
80165  45.051  20.941  5.094 0.4000000060
80167  43.528  21.862  6.024 0.5000000000
80895  42.957  22.657  6.262 0.6000000238
81568  42.074  23.475  7.315 0.6000000238
79407  53.546  20.295  3.466 0.4000000060
79392  51.979  20.780  4.322 0.4000000060
79393  50.749  20.493  4.589 0.4000000060
79394  49.736  20.215  4.785 0.4000000060
79395  48.756  19.944  4.844 0.4000000060
108998  46.830  20.024  4.785 0.4000000060
79398  45.897  20.507  4.697 0.4000000060
80904  43.393  22.807  5.602 0.6000000238
78605  53.613  19.536  3.049 0.4000000060
79420  53.622  19.932  2.690 0.4000000060
78613  53.523  19.518  2.332 0.5000000000
78614  53.263  19.605  2.022 0.5000000000
79993  54.216  22.654  22.598 0.2000000030
79984  54.337  21.220  22.552 0.2000000030
79985  53.994  21.554  23.259 0.2000000030
79178  54.083  20.595  23.624 0.2000000030
79234  51.157  20.785  17.834 0.3000000119
79235  50.449  20.406  17.479 0.3000000119
79236  49.795  20.127  17.051 0.3000000119
78466  49.120  19.737  17.411 0.3000000119
110761  47.749  19.320  17.143 0.3000000119
78476  47.403  19.305  16.435 0.3000000119
78468  46.904  18.999  16.994 0.3000000119
77706  45.487  18.364  16.199 0.3000000119
80000  54.502  21.842  20.663 0.3000000119
112110  54.491  20.887  21.914 0.2000000030
79182  54.478  20.216  22.449 0.2000000030
80054  51.738  21.417  17.330 0.3000000119
79242  51.037  20.828  16.997 0.3000000119
120677  50.398  20.469  16.783 0.3000000119
78474  49.088  19.844  16.593 0.3000000119
123385  45.590  18.359  16.898 0.3000000119
77707  44.785  17.929  15.804 0.3000000119
80053  52.434  22.112  16.849 0.3000000119
80055  51.636  21.442  16.352 0.3000000119
76919  44.023  17.521  14.561 0.3000000119
76907  43.430  17.153  15.608 0.3000000119
80794  53.355  22.889  17.238 0.3000000119
80800  53.214  22.850  16.345 0.3000000119
76920  43.262  17.204  14.138 0.2000000030
107269  42.794  16.859  14.959 0.3000000119
79233  54.962  20.759  18.123 0.3000000119
80799  54.135  23.486  16.673 0.3000000119
76931  41.736  17.322  13.486 0.2000000030
106997  42.352  16.961  14.120 0.2000000030
80044  54.960  21.841  17.523 0.3000000119
80798  54.817  23.361  16.639 0.3000000119
122060  54.524  23.552  16.733 0.3000000119
81499  54.522  23.637  16.107 0.3000000119
77751  41.336  18.248  12.197 0.2000000030
77740  41.113  17.797  12.929 0.2000000030
76921  41.521  16.994  14.267 0.2000000030
81498  54.798  23.570  15.991 0.3000000119
78540  40.842  19.937  10.623 0.5000000000
78526  40.625  19.454  11.372 0.3000000119
80119  40.594  21.533  9.639 0.6000000238
80865  40.884  22.029  8.983 0.6000000238
80128  41.501  21.627  8.469 0.6000000238
81550  40.988  23.487  8.896 0.6000000238
80876  41.290  22.595  8.419 0.6000000238
81561  41.501  23.501  8.177 0.6000000238
81575  42.635  23.437  6.495 0.6000000238
80736  53.843  23.152  23.301 0.2000000030
79992  54.456  22.167  21.953 0.2000000030
79976  53.658  22.318  23.930 0.2000000030
121765  54.485  21.606  21.415 0.2000000030
80046  51.840  21.420  18.214 0.3000000119
79224  49.810  19.973  17.877 0.3000000119
78467  48.415  19.436  17.751 0.3000000119
107947  47.651  19.095  18.104 0.3000000119
77697  46.124  18.545  17.447 0.3000000119
77698  45.337  18.124  17.516 0.3000000119
80045  52.513  22.156  17.733 0.3000000119
77699  44.853  17.920  16.764 0.3000000119
76897  44.091  17.506  16.169 0.3000000119
76898  43.349  17.127  16.469 0.3000000119
80033  54.721  21.986  18.501 0.3000000119
80020  54.595  21.976  19.267 0.3000000119
75976  42.109  16.642  15.448 0.2000000030
75964  41.396  16.504  16.458 0.2000000030
123030  54.419  23.390  17.403 0.3000000119
80793  54.213  23.475  17.658 0.3000000119
75989  42.043  16.726  14.769 0.2000000030
75990  41.331  16.698  15.130 0.2000000030
75977  40.935  16.554  15.870 0.2000000030
127266  54.818  23.033  17.247 0.3000000119
78512  40.158  19.221  12.118 0.3000000119
77752  40.555  18.496  12.519 0.2000000030
76932  40.898  17.461  13.710 0.2000000030
76922  40.678  17.127  14.506 0.2000000030
75979  39.604  16.751  15.781 0.2000000030
113781  40.285  16.563  16.017 0.2000000030
80052  55.154  22.238  16.581 0.3000000119
80109  39.987  21.796  10.368 0.5000000000
79299  39.589  20.678  11.623 0.4000000060
78503  39.392  19.844  12.445 0.3000000119
81538  40.241  23.535  10.502 0.5000000000
82165  40.874  24.109  9.460 0.6000000238
82172  41.408  24.327  8.806 0.6000000238
82178  41.745  24.167  7.987 0.6000000238
81426  52.155  25.233  25.866 0.2000000030
80726  53.570  23.871  24.078 0.2000000030
80727  53.201  24.679  24.835 0.2000000030
112737  54.043  23.942  22.692 0.2000000030
80748  54.482  22.933  21.208 0.3000000119
80744  54.291  23.856  21.894 0.2000000030
79222  51.227  20.776  18.711 0.3000000119
79215  49.805  19.835  18.752 0.3000000119
78458  49.111  19.596  18.279 0.3000000119
78459  48.399  19.274  18.643 0.3000000119
77688  46.316  18.456  18.362 0.3000000119
77689  45.716  18.244  18.076 0.3000000119
80034  52.563  22.249  18.605 0.3000000119
80035  51.913  21.474  19.082 0.3000000119
76888  44.609  17.702  17.679 0.3000000119
107150  43.992  17.463  17.073 0.3000000119
80009  54.533  22.663  19.813 0.3000000119
80787  53.441  23.038  18.163 0.3000000119
80773  53.402  23.214  18.980 0.3000000119
76889  43.244  17.076  17.368 0.3000000119
80785  54.460  23.252  19.001 0.3000000119
76890  42.644  16.792  16.760 0.2000000030
75949  41.944  16.550  17.051 0.2000000030
75936  41.767  16.383  18.013 0.2000000030
80792  54.602  23.107  18.017 0.3000000119
75950  40.318  16.189  17.430 0.2000000030
75951  39.353  16.141  17.229 0.2000000030
75032  38.692  15.673  17.801 0.2000000030
110501  39.238  19.191  13.166 0.3000000119
76933  40.056  17.652  13.977 0.2000000030
76909  39.873  17.297  14.761 0.2000000030
123530  39.058  16.497  16.459 0.2000000030
75033  37.884  15.848  17.358 0.2000000030
117477  40.279  23.927  10.991 0.6000000238
80839  39.410  22.368  11.731 0.5000000000
120653  39.135  20.759  12.252 0.4000000060
77743  38.770  18.984  13.679 0.3000000119
76924  38.507  17.964  14.768 0.2000000030
75980  38.765  16.924  15.822 0.2000000030
75967  38.270  16.609  16.372 0.2000000030
82156  40.642  24.260  10.322 0.6000000238
77729  38.206  18.765  14.302 0.3000000119
127342  37.804  18.337  14.891 0.2000000030
76899  38.029  17.128  15.839 0.2000000030
76900  36.716  17.368  16.036 0.2000000030
81432  53.355  24.874  24.098 0.2000000030
108302  52.775  25.232  25.123 0.2000000030
81439  53.598  24.486  23.368 0.2000000030
114117  53.771  24.463  22.480 0.2000000030
80757  54.406  23.483  20.358 0.3000000119
118737  54.172  24.177  20.953 0.2000000030
80022  51.976  21.542  19.924 0.3000000119
79213  51.329  20.801  19.583 0.3000000119
79204  50.772  20.287  20.096 0.3000000119
78449  50.244  19.897  19.928 0.3000000119
108853  49.282  19.442  20.019 0.3000000119
81452  53.996  24.334  20.895 0.2000000030
80759  53.421  23.700  20.511 0.3000000119
80010  52.592  22.538  20.224 0.3000000119
79214  50.514  20.216  19.274 0.3000000119
106700  49.050  19.450  19.229 0.3000000119
116273  48.383  19.117  19.347 0.3000000119
78452  47.816  18.894  19.047 0.3000000119
77687  47.072  18.681  18.722 0.3000000119
77679  45.732  18.061  18.818 0.3000000119
76879  45.152  17.873  18.270 0.3000000119
80772  54.292  23.696  19.698 0.3000000119
81459  54.074  24.069  20.145 0.3000000119
109896  53.398  23.399  19.719 0.3000000119
80021  52.591  22.364  19.428 0.3000000119
76880  44.447  17.513  18.508 0.3000000119
122345  53.967  23.875  19.338 0.3000000119
76870  43.745  17.133  18.763 0.3000000119
106409  43.106  16.704  19.022 0.2000000030
75922  43.702  16.830  19.500 0.3000000119
81489  54.202  23.550  18.427 0.3000000119
80786  54.076  23.689  18.727 0.3000000119
75935  42.499  16.533  18.550 0.2000000030
75924  41.924  16.181  18.897 0.2000000030
75016  41.249  15.976  18.606 0.2000000030
75005  40.726  15.566  19.072 0.2000000030
74127  40.163  15.055  19.641 0.2000000030
75017  40.475  15.831  18.308 0.2000000030
75018  39.144  15.402  18.481 0.2000000030
74138  38.423  15.216  18.601 0.2000000030
74139  37.601  15.019  18.734 0.2000000030
111077  37.833  15.442  18.045 0.2000000030
75019  37.067  15.314  18.190 0.2000000030
74140  36.777  14.872  18.840 0.2000000030
114584  40.821  24.721  12.141 0.6999999881
81525  39.605  23.231  12.125 0.5000000000
78504  38.694  19.763  13.248 0.4000000060
75968  37.409  16.777  16.341 0.2000000030
75969  36.490  16.685  16.589 0.2000000030
75035  35.794  15.694  17.734 0.2000000030
120709  40.937  24.847  13.005 0.6999999881
122327  39.835  23.781  12.557 0.6000000238
80823  38.833  22.783  13.260 0.5000000000
80077  38.471  21.156  13.077 0.4000000060
78505  38.132  19.976  13.642 0.3000000119
126172  37.878  19.233  14.239 0.3000000119
76912  37.009  18.178  15.387 0.3000000119
109159  39.352  23.330  13.001 0.6000000238
80824  38.349  22.692  13.841 0.5000000000
80078  38.053  21.289  13.554 0.4000000060
79275  37.778  20.554  13.828 0.3000000119
79264  37.202  20.573  14.407 0.3000000119
81434  51.641  24.819  25.310 0.2000000030
81427  51.245  25.117  26.131 0.2000000030
82080  53.468  24.779  23.266 0.2000000030
82076  53.319  24.994  23.772 0.2000000030
78398  42.409  19.530  25.967 0.1000000015
77608  41.646  19.208  25.918 0.1000000015
77606  45.304  18.738  25.519 0.1000000015
116775  44.241  19.029  25.718 0.1000000015
106657  44.012  18.071  25.487 0.1000000015
124846  42.328  17.947  25.446 0.1000000015
76802  41.618  18.546  25.618 0.1000000015
76803  40.904  18.290  25.615 0.1000000015
76793  39.332  17.712  25.766 0.1000000015
76794  38.361  17.455  25.468 0.1000000015
76795  37.724  17.417  25.310 0.1000000015
74915  36.245  16.043  25.843 0.1000000015
106726  35.723  15.084  26.199 0.2000000030
115544  46.149  18.715  25.352 0.1000000015
76800  44.859  17.925  25.343 0.1000000015
76818  44.268  17.131  25.095 0.1000000015
76801  43.218  17.750  25.408 0.1000000015
75829  42.692  17.069  25.229 0.1000000015
75830  41.243  17.328  25.342 0.1000000015
75832  39.542  17.546  25.451 0.1000000015
75853  39.242  16.893  24.914 0.1000000015
123139  37.964  17.450  24.921 0.1000000015
75834  36.548  17.264  25.010 0.1000000015
74925  35.996  17.018  25.066 0.1000000015
74926  34.743  16.180  25.209 0.2000000030
81451  54.006  24.457  21.574 0.2000000030
80011  51.944  21.678  20.744 0.3000000119
79191  51.343  20.982  21.238 0.3000000119
79203  51.388  20.878  20.418 0.3000000119
78442  50.241  19.875  20.511 0.3000000119
76799  45.737  17.957  25.109 0.1000000015
76817  45.259  17.229  24.769 0.1000000015
75849  43.914  16.334  24.552 0.1000000015
108615  43.053  16.279  24.766 0.1000000015
74939  41.644  15.689  24.688 0.1000000015
119355  40.787  15.743  24.799 0.1000000015
74940  39.969  15.807  24.741 0.1000000015
108975  37.579  16.984  24.655 0.1000000015
114577  36.678  16.695  24.508 0.1000000015
75856  36.002  16.978  24.846 0.1000000015
75836  34.550  16.579  24.513 0.2000000030
80002  51.820  21.864  21.566 0.3000000119
79192  50.789  20.347  20.869 0.3000000119
78429  50.192  19.862  21.247 0.3000000119
122193  48.918  19.221  20.489 0.3000000119
78451  48.649  19.152  19.923 0.3000000119
77676  48.018  18.782  19.807 0.3000000119
77678  46.463  18.245  19.369 0.3000000119
75868  44.247  15.978  23.839 0.1000000015
74937  43.432  15.741  24.116 0.1000000015
74959  42.822  15.308  23.593 0.1000000015
74960  42.014  15.100  23.939 0.1000000015
74062  39.869  14.925  24.270 0.1000000015
74064  38.066  14.900  24.051 0.1000000015
74943  37.454  15.732  24.241 0.1000000015
74944  35.820  16.402  24.187 0.1000000015
75869  34.141  16.827  23.965 0.1000000015
76860  46.293  17.791  20.281 0.3000000119
76868  45.703  17.756  19.623 0.3000000119
106576  45.053  17.659  19.067 0.3000000119
74958  43.658  15.581  23.261 0.1000000015
74075  42.222  14.801  23.051 0.1000000015
119027  40.832  14.280  23.001 0.1000000015
110707  39.071  13.928  23.059 0.1000000015
74079  38.167  14.228  23.439 0.1000000015
110445  35.670  14.362  22.775 0.1000000015
74081  35.109  15.148  23.253 0.1000000015
75870  33.550  16.506  23.722 0.1000000015
76869  44.362  17.274  19.302 0.3000000119
75921  44.341  16.922  20.068 0.3000000119
75912  43.610  16.461  20.215 0.2000000030
74993  43.526  15.946  21.076 0.2000000030
106357  42.999  15.381  21.717 0.1000000015
74093  40.891  14.255  22.232 0.1000000015
128112  39.131  13.762  22.204 0.1000000015
73208  37.520  13.663  22.139 0.1000000015
73210  36.129  13.856  22.189 0.1000000015
74098  33.941  14.604  22.134 0.1000000015
74983  33.466  15.643  23.004 0.2000000030
75923  42.504  16.272  19.371 0.2000000030
74995  41.604  15.391  20.128 0.2000000030
74115  40.968  14.860  20.459 0.2000000030
106448  39.110  14.151  20.651 0.2000000030
73222  37.488  13.813  20.729 0.2000000030
73223  36.787  13.776  20.815 0.1000000015
74119  35.550  13.946  20.744 0.1000000015
74108  33.271  14.611  21.357 0.2000000030
74099  32.964  15.061  22.212 0.2000000030
107118  37.798  14.271  20.003 0.2000000030
74130  36.473  14.435  19.557 0.2000000030
74131  35.503  14.336  19.791 0.1000000015
119624  34.144  14.391  20.306 0.1000000015
75009  32.643  15.044  19.833 0.2000000030
74142  35.011  14.813  19.011 0.1000000015
75023  33.736  15.511  18.560 0.2000000030
124814  32.550  15.447  19.279 0.2000000030
75010  31.863  15.490  19.757 0.2000000030
75970  35.675  16.662  16.813 0.2000000030
75971  35.057  16.679  17.050 0.3000000119
75036  34.983  15.761  17.829 0.3000000119
75938  34.183  15.930  17.948 0.3000000119
78484  36.281  19.874  15.315 0.3000000119
77717  36.255  18.622  15.544 0.4000000060
76901  35.911  17.278  16.367 0.3000000119
76891  34.487  17.091  17.152 0.4000000060
75957  33.908  16.647  17.620 0.4000000060
82147  39.835  23.989  13.218 0.6000000238
110616  39.205  23.768  14.249 0.5000000000
81513  38.463  23.350  14.518 0.4000000060
80825  37.847  22.030  13.906 0.3000000119
80072  36.932  21.399  14.729 0.3000000119
79265  36.571  20.632  15.008 0.3000000119
74825  34.425  15.863  34.831 0.1000000015
74826  33.667  15.557  34.538 0.1000000015
74842  33.204  15.093  33.920 0.1000000015
114251  35.019  15.541  34.338 0.1000000015
125049  34.359  15.415  34.261 0.1000000015
74841  33.971  15.063  33.823 0.1000000015
73957  32.723  14.625  33.379 0.1000000015
73974  32.264  14.205  32.732 0.1000000015
73972  35.563  14.434  32.493 0.1000000015
123110  34.718  14.254  32.501 0.1000000015
121409  33.954  14.241  32.659 0.1000000015
73087  32.760  13.783  32.071 0.1000000015
73975  31.342  14.220  32.704 0.1000000015
73089  30.959  13.738  32.057 0.1000000015
73970  37.989  14.869  32.045 0.1000000015
107268  37.203  14.553  31.870 0.1000000015
73994  35.276  14.025  31.908 0.1000000015
125975  34.535  13.846  31.871 0.1000000015
73086  33.721  13.836  32.027 0.1000000015
73104  32.346  13.410  31.454 0.1000000015
73105  31.473  13.378  31.446 0.1000000015
73992  37.830  14.411  31.263 0.1000000015
73117  36.602  13.763  30.792 0.1000000015
107115  35.070  13.628  31.296 0.1000000015
73102  34.171  13.458  31.223 0.1000000015
107066  32.794  13.136  30.813 0.1000000015
73121  31.973  13.073  30.805 0.1000000015
81394  46.895  24.215  28.715 0.2000000030
74013  39.272  14.550  29.837 0.1000000015
74006  37.508  13.987  30.588 0.1000000015
73136  35.393  13.271  29.945 0.2000000030
73137  33.801  12.973  30.041 0.2000000030
126882  33.164  12.941  30.258 0.1000000015
72281  32.489  12.809  30.164 0.1000000015
79961  44.986  21.913  26.706 0.2000000030
79950  44.297  21.590  26.886 0.2000000030
74018  39.192  14.596  28.921 0.1000000015
74014  38.536  14.220  29.448 0.1000000015
122994  37.388  13.707  29.369 0.2000000030
73135  35.922  13.299  29.217 0.2000000030
119600  35.022  13.103  29.191 0.2000000030
81433  53.087  25.233  24.379 0.2000000030
110712  52.542  25.199  24.926 0.2000000030
81417  50.523  25.105  26.662 0.2000000030
79152  45.519  21.231  26.301 0.2000000030
110408  44.510  21.169  26.440 0.2000000030
78386  43.268  20.386  26.394 0.2000000030
74899  39.702  15.301  28.406 0.1000000015
74900  38.924  14.920  28.074 0.1000000015
74020  37.709  14.116  28.285 0.2000000030
109916  36.446  13.520  28.522 0.2000000030
73149  34.555  12.988  28.434 0.2000000030
72307  33.607  12.733  28.436 0.2000000030
72308  32.640  12.546  28.613 0.2000000030
79151  46.577  21.258  26.216 0.2000000030
79165  46.302  20.268  25.890 0.2000000030
79166  45.155  20.397  26.013 0.2000000030
78388  42.024  19.563  26.442 0.1000000015
77600  41.177  19.064  26.207 0.1000000015
77601  40.694  18.715  26.325 0.1000000015
76787  39.644  17.770  26.398 0.1000000015
75813  39.385  16.814  27.036 0.1000000015
74907  38.448  15.512  27.351 0.1000000015
74037  37.118  14.904  26.973 0.2000000030
74030  36.696  14.312  27.289 0.2000000030
106939  34.054  13.077  27.202 0.2000000030
79164  47.286  20.549  25.796 0.2000000030
78394  45.750  19.502  25.691 0.2000000030
78397  43.229  19.811  26.005 0.1000000015
77609  40.622  18.711  25.957 0.1000000015
76792  40.126  18.355  26.047 0.1000000015
75818  38.848  17.471  26.183 0.1000000015
74914  37.082  15.904  26.382 0.2000000030
74038  36.501  15.007  26.579 0.2000000030
73169  34.613  13.573  26.806 0.2000000030
73170  33.790  13.449  26.562 0.2000000030
78393  47.167  19.688  25.475 0.2000000030
77605  46.945  18.885  25.159 0.2000000030
108397  34.239  15.333  25.452 0.2000000030
73182  33.380  13.929  26.004 0.2000000030
107400  53.761  24.450  21.897 0.2000000030
80745  52.973  24.207  22.258 0.2000000030
80750  52.380  22.985  21.890 0.2000000030
79994  51.628  22.109  22.384 0.2000000030
79183  51.205  21.140  22.050 0.2000000030
78419  50.130  19.895  22.061 0.2000000030
77618  46.552  18.169  24.798 0.2000000030
76816  46.111  17.452  24.428 0.1000000015
75848  44.757  16.558  24.327 0.1000000015
74927  33.662  15.765  24.987 0.2000000030
74928  32.992  15.222  25.059 0.2000000030
80749  53.316  23.980  21.392 0.3000000119
112176  50.716  20.429  21.667 0.3000000119
78444  48.907  19.128  21.135 0.3000000119
77666  48.300  18.795  20.600 0.3000000119
77667  47.538  18.445  20.306 0.3000000119
77668  46.915  18.224  20.057 0.3000000119
76826  45.772  16.729  22.988 0.1000000015
74945  33.140  16.287  24.300 0.2000000030
74065  32.444  15.559  24.617 0.2000000030
77652  47.678  18.339  21.072 0.3000000119
77653  47.036  18.002  20.703 0.3000000119
117815  45.578  17.459  20.259 0.3000000119
125312  45.051  16.382  22.729 0.1000000015
74957  44.430  15.976  22.971 0.1000000015
74967  31.447  16.195  23.390 0.2000000030
74946  32.199  16.199  23.938 0.2000000030
76850  46.488  17.569  21.097 0.3000000119
106332  45.802  17.328  20.840 0.3000000119
75903  44.839  16.576  21.399 0.2000000030
74981  43.825  15.699  22.202 0.1000000015
74984  32.168  15.590  22.353 0.2000000030
74109  32.360  15.061  21.355 0.2000000030
113376  31.526  15.538  21.660 0.2000000030
74990  30.793  15.912  21.786 0.2000000030
75913  30.975  15.893  20.223 0.2000000030
75914  30.456  16.084  20.994 0.2000000030
75024  32.923  15.755  18.728 0.3000000119
75926  31.322  16.232  19.338 0.2000000030
75958  33.124  16.963  17.849 0.3000000119
75941  31.736  16.746  18.678 0.3000000119
76871  30.944  17.013  19.011 0.3000000119
77709  35.582  18.760  15.979 0.4000000060
77700  34.122  18.278  17.112 0.3000000119
76892  33.737  17.500  17.427 0.4000000060
76881  32.315  17.434  18.172 0.3000000119
77690  31.850  18.298  18.262 0.3000000119
82145  41.027  24.890  13.821 0.6999999881
82142  40.188  24.507  14.750 0.6000000238
81512  39.031  23.940  14.970 0.5000000000
81507  37.900  23.249  15.085 0.4000000060
80062  36.995  22.225  15.156 0.4000000060
80063  36.389  21.450  15.483 0.3000000119
79254  35.597  20.650  16.114 0.4000000060
79246  35.228  20.293  16.597 0.4000000060
82141  40.992  24.915  14.717 0.6999999881
75719  33.224  16.404  35.763 0.1000000015
75720  32.406  16.198  35.579 0.1000000015
115103  33.903  16.565  35.843 0.1000000015
74818  33.032  15.897  35.091 0.1000000015
120781  32.198  15.693  34.774 0.1000000015
75735  36.226  16.236  34.869 0.1000000015
74827  32.905  15.486  34.478 0.1000000015
74843  32.421  15.185  34.023 0.1000000015
125342  31.746  15.324  34.182 0.1000000015
117911  47.243  23.683  32.675 0.1000000015
117139  37.899  16.256  34.383 0.1000000015
75734  37.458  15.873  34.041 0.1000000015
113514  36.254  15.358  33.669 0.1000000015
74840  35.480  15.201  33.722 0.1000000015
73958  31.757  14.748  33.491 0.1000000015
79901  46.682  23.237  31.183 0.1000000015
80657  47.290  23.935  31.138 0.1000000015
73953  37.012  15.465  33.536 0.1000000015
74857  37.306  15.086  32.732 0.1000000015
73954  35.910  14.879  33.092 0.1000000015
80713  45.518  22.591  26.967 0.2000000030
106931  40.023  15.227  30.988 0.1000000015
73991  38.633  14.755  31.377 0.1000000015
73106  30.603  13.397  31.377 0.1000000015
79949  44.966  22.180  27.274 0.2000000030
79935  44.450  21.605  27.395 0.2000000030
111697  44.415  21.026  28.062 0.2000000030
127213  44.251  19.999  28.555 0.2000000030
75784  41.884  16.211  30.221 0.1000000015
74890  41.256  15.725  29.902 0.1000000015
74884  39.995  14.949  30.156 0.1000000015
72283  30.730  12.686  30.039 0.1000000015
72296  30.329  12.606  29.263 0.1000000015
81419  47.691  24.294  27.126 0.2000000030
79960  45.865  22.082  26.576 0.2000000030
79141  43.869  21.169  27.237 0.2000000030
126557  43.663  20.494  27.675 0.2000000030
77587  42.956  18.749  28.157 0.2000000030
76774  42.979  17.972  28.664 0.2000000030
76767  42.753  17.282  29.168 0.2000000030
74897  41.065  15.823  29.038 0.1000000015
74891  40.550  15.353  29.611 0.1000000015
72295  31.267  12.495  29.201 0.1000000015
79153  43.655  20.953  26.675 0.2000000030
79142  43.343  20.747  27.082 0.2000000030
78366  42.764  19.444  27.615 0.2000000030
123809  42.516  18.322  28.092 0.1000000015
75801  41.397  16.633  28.459 0.1000000015
74898  40.380  15.482  28.817 0.1000000015
74906  39.202  15.801  27.581 0.1000000015
113962  31.906  12.463  28.697 0.2000000030
72310  30.700  12.534  28.485 0.1000000015
80709  49.453  24.053  26.433 0.2000000030
79970  48.421  21.491  25.712 0.2000000030
79155  42.556  20.044  26.752 0.2000000030
78377  42.248  19.719  27.025 0.2000000030
77596  41.558  19.181  26.876 0.1000000015
76785  41.072  18.433  27.102 0.1000000015
75803  39.890  16.110  27.818 0.1000000015
128376  32.497  12.704  27.291 0.2000000030
72309  31.398  12.483  28.389 0.1000000015
81440  53.199  24.976  23.617 0.2000000030
114580  52.614  24.880  24.015 0.2000000030
110516  47.969  20.798  25.674 0.2000000030
72332  31.824  12.742  27.103 0.2000000030
81447  53.417  24.602  22.834 0.2000000030
79162  49.009  21.033  25.172 0.2000000030
79172  48.719  20.323  24.886 0.2000000030
78407  47.709  19.232  24.894 0.2000000030
113466  33.087  13.371  26.436 0.2000000030
81441  52.716  24.473  23.135 0.2000000030
80746  52.144  23.324  22.719 0.2000000030
79995  50.970  21.389  22.852 0.2000000030
79184  50.558  20.566  22.475 0.2000000030
78406  48.432  19.620  24.570 0.2000000030
77616  48.094  18.896  24.154 0.2000000030
77617  47.340  18.497  24.494 0.2000000030
73184  31.629  13.799  25.762 0.2000000030
78420  49.965  20.005  22.872 0.2000000030
78430  49.532  19.471  21.595 0.3000000119
77651  48.317  18.680  21.495 0.3000000119
78431  48.922  19.048  21.959 0.3000000119
77625  48.282  18.715  23.291 0.2000000030
76825  46.372  17.225  23.598 0.2000000030
75847  45.616  16.797  23.984 0.1000000015
74055  31.253  14.443  25.233 0.2000000030
77635  47.722  18.251  21.903 0.3000000119
76834  47.158  17.752  22.315 0.2000000030
76824  47.082  17.703  23.225 0.1000000015
75871  30.910  16.339  23.046 0.2000000030
74947  31.203  15.813  24.015 0.2000000030
76851  45.970  17.163  21.542 0.3000000119
75887  45.418  16.671  22.037 0.1000000015
75890  30.560  16.279  22.532 0.2000000030
75904  30.052  16.387  21.825 0.3000000119
124413  30.319  16.393  20.327 0.2000000030
76872  30.227  17.292  19.359 0.3000000119
76873  29.568  17.585  19.711 0.3000000119
77691  31.067  18.430  18.540 0.3000000119
76883  30.595  17.801  18.827 0.3000000119
79247  34.663  19.948  17.126 0.4000000060
78470  33.751  19.059  17.510 0.3000000119
77701  33.356  18.326  17.574 0.3000000119
82138  40.534  24.693  15.479 0.6000000238
125256  39.008  24.050  15.662 0.5000000000
81502  37.786  23.357  15.853 0.4000000060
80809  37.036  22.750  15.970 0.3000000119
80056  36.111  21.678  16.207 0.2000000030
80057  35.575  21.112  16.651 0.4000000060
79238  34.429  20.362  17.971 0.3000000119
74819  31.566  16.038  35.348 0.1000000015
74828  31.301  15.666  34.664 0.1000000015
74844  31.054  15.246  33.983 0.1000000015
81352  47.236  23.572  33.040 0.1000000015
80645  47.368  23.824  31.928 0.1000000015
75732  39.512  16.884  34.803 0.1000000015
75733  38.674  16.451  34.385 0.1000000015
73959  30.781  14.697  33.316 0.1000000015
125589  46.567  23.268  30.093 0.1000000015
75749  39.516  16.427  33.957 0.2000000030
74838  38.853  16.046  33.582 0.2000000030
112484  38.359  15.714  33.314 0.1000000015
73976  30.436  14.227  32.609 0.1000000015
109983  46.722  23.809  29.386 0.1000000015
113457  40.145  16.390  33.586 0.2000000030
126162  40.046  15.796  32.495 0.2000000030
74871  38.734  15.236  32.172 0.1000000015
73090  30.077  13.770  31.965 0.1000000015
74869  40.722  15.648  31.311 0.1000000015
74870  39.364  15.178  31.559 0.1000000015
80701  45.586  22.791  27.525 0.2000000030
80685  46.106  23.386  28.210 0.2000000030
80686  45.509  22.579  28.095 0.2000000030
79132  45.141  21.238  28.726 0.2000000030
79116  44.932  20.468  29.008 0.2000000030
76756  43.042  17.020  30.032 0.2000000030
75783  42.504  16.596  30.546 0.2000000030
72284  29.904  12.830  29.976 0.1000000015
78352  44.173  19.069  29.094 0.2000000030
76766  43.388  17.693  29.500 0.2000000030
72285  29.263  13.111  29.874 0.1000000015
80710  48.299  23.501  26.534 0.2000000030
72311  29.883  12.697  28.538 0.1000000015
80720  50.592  23.889  25.508 0.2000000030
73161  31.092  12.991  26.805 0.2000000030
73162  30.227  12.980  27.140 0.2000000030
73163  29.549  12.978  27.805 0.2000000030
80728  51.771  24.297  24.406 0.2000000030
79978  49.661  21.494  24.788 0.2000000030
78405  49.022  19.985  24.320 0.2000000030
73172  30.517  13.391  26.374 0.2000000030
73173  29.842  13.458  26.523 0.2000000030
80737  51.921  23.741  23.553 0.2000000030
79986  51.390  22.433  23.188 0.2000000030
79987  50.682  21.714  23.632 0.2000000030
78415  48.841  19.407  23.744 0.2000000030
73186  30.022  13.803  25.902 0.2000000030
74057  29.519  14.371  25.485 0.2000000030
79179  50.304  20.779  23.287 0.2000000030
78421  48.892  19.108  22.820 0.2000000030
77626  47.706  18.211  22.789 0.2000000030
74056  30.383  14.354  25.306 0.2000000030
127335  49.376  19.598  23.134 0.2000000030
120670  49.480  19.497  22.416 0.2000000030
77634  48.324  18.638  22.371 0.2000000030
74968  30.699  16.090  23.542 0.2000000030
74948  30.315  15.569  24.155 0.2000000030
74969  29.876  15.998  23.663 0.2000000030
74970  29.012  16.013  23.841 0.2000000030
75905  29.445  16.769  21.646 0.3000000119
120887  29.973  16.449  22.606 0.2000000030
76863  28.648  17.751  20.807 0.3000000119
76852  29.081  17.184  21.226 0.3000000119
77669  28.938  17.960  20.047 0.3000000119
76861  29.899  16.897  20.003 0.3000000119
77692  30.283  18.618  18.789 0.3000000119
77680  29.887  18.028  19.160 0.3000000119
78460  32.656  19.851  18.340 0.3000000119
78461  32.223  19.044  18.168 0.3000000119
119935  31.533  18.963  18.384 0.3000000119
120782  40.964  24.779  16.324 0.6999999881
124225  40.174  24.529  16.113 0.6000000238
81505  38.581  23.800  16.181 0.5000000000
81501  38.070  23.477  16.769 0.4000000060
80801  36.986  22.743  16.885 0.3000000119
80796  36.499  22.260  17.336 0.4000000060
80048  35.510  21.291  17.590 0.3000000119
80038  34.528  21.020  18.656 0.4000000060
79225  33.919  20.580  18.416 0.3000000119
74820  30.761  15.993  35.163 0.1000000015
79882  46.715  23.302  32.975 0.1000000015
107522  40.366  16.814  34.334 0.1000000015
120931  44.199  18.668  34.047 0.1000000015
76718  43.093  17.798  34.088 0.1000000015
76729  41.892  17.212  34.083 0.1000000015
76728  42.460  17.309  33.595 0.1000000015
75762  41.334  16.442  32.723 0.1000000015
75763  40.433  16.182  32.949 0.2000000030
73995  29.223  13.911  31.789 0.1000000015
80699  46.727  23.765  27.202 0.2000000030
120299  46.129  22.977  28.919 0.2000000030
75761  42.049  16.592  32.211 0.2000000030
80700  46.045  23.245  27.353 0.2000000030
79920  45.737  22.058  29.049 0.2000000030
79115  45.439  21.083  29.524 0.2000000030
78340  44.965  19.462  30.294 0.2000000030
78331  44.977  19.355  31.198 0.2000000030
76747  43.013  17.104  31.689 0.2000000030
75772  42.428  16.642  31.470 0.2000000030
115890  45.538  20.912  30.284 0.1000000015
78350  45.231  20.224  29.876 0.2000000030
77563  44.571  18.732  30.626 0.2000000030
76755  43.578  17.533  30.445 0.2000000030
108912  43.079  16.994  30.922 0.2000000030
72297  29.530  12.864  29.274 0.1000000015
73150  29.111  13.093  28.556 0.1000000015
73164  28.644  13.463  27.749 0.1000000015
80729  50.870  23.409  24.755 0.2000000030
80721  49.723  23.089  25.773 0.2000000030
80722  48.830  22.643  26.005 0.2000000030
79969  49.270  21.950  25.435 0.2000000030
123806  28.619  13.754  26.934 0.1000000015
73174  29.322  13.375  27.047 0.1000000015
80730  50.062  22.532  25.123 0.2000000030
79171  49.338  20.646  24.509 0.2000000030
74042  28.253  14.254  26.465 0.2000000030
80738  51.122  22.877  23.971 0.2000000030
79977  50.386  22.086  24.398 0.2000000030
79988  50.013  21.091  24.079 0.2000000030
74058  28.636  14.535  25.718 0.2000000030
78414  49.560  20.184  23.720 0.2000000030
74949  29.445  15.485  24.320 0.2000000030
74929  29.029  14.943  24.976 0.2000000030
74951  27.770  15.787  24.795 0.2000000030
75874  28.572  16.515  23.420 0.2000000030
75875  27.850  16.751  23.692 0.2000000030
76827  28.165  17.358  22.425 0.2000000030
77654  28.066  18.132  21.258 0.3000000119
76853  28.443  17.557  21.597 0.3000000119
77670  28.328  18.519  20.484 0.3000000119
78453  28.971  19.332  19.516 0.3000000119
82132  40.523  24.221  17.886 0.5000000000
81494  39.132  23.587  18.109 0.4000000060
81491  38.593  23.057  18.760 0.4000000060
80788  37.146  22.252  18.915 0.4000000060
79227  32.036  20.300  18.573 0.3000000119
79228  31.193  20.387  18.720 0.3000000119
79229  30.217  20.099  18.902 0.3000000119
82135  40.310  24.425  16.918 0.6000000238
81500  38.867  23.778  17.099 0.4000000060
81495  38.325  23.346  17.727 0.4000000060
80795  37.090  22.579  17.810 0.4000000060
112884  36.599  22.152  18.163 0.4000000060
80037  35.549  21.425  18.524 0.4000000060
80039  33.725  21.092  18.819 0.4000000060
80040  32.910  21.101  18.855 0.3000000119
117901  46.825  23.428  33.660 0.1000000015
120092  46.368  22.508  33.374 0.1000000015
79077  45.717  21.245  33.193 0.1000000015
79889  46.570  23.038  32.049 0.1000000015
79883  46.163  22.092  32.539 0.1000000015
79890  45.916  21.715  31.721 0.1000000015
79085  45.606  20.953  32.190 0.1000000015
78323  45.282  20.119  32.630 0.1000000015
77543  44.317  18.662  33.354 0.1000000015
77544  43.721  18.194  33.689 0.1000000015
120876  46.197  22.238  31.242 0.1000000015
78318  44.832  19.337  33.034 0.1000000015
76727  43.212  17.650  33.251 0.1000000015
75746  42.182  16.867  32.889 0.1000000015
79902  46.007  21.982  30.314 0.1000000015
79098  45.710  21.285  30.966 0.1000000015
120605  45.551  20.807  31.474 0.1000000015
78330  45.312  20.068  31.731 0.1000000015
77550  44.422  18.624  32.481 0.1000000015
76738  43.299  17.491  32.336 0.1000000015
78339  45.362  20.241  30.822 0.1000000015
77557  44.512  18.633  31.565 0.1000000015
76746  43.532  17.497  31.390 0.2000000030
77564  44.115  18.030  30.974 0.2000000030
75862  27.503  16.483  24.423 0.1000000015
74931  27.394  15.504  25.579 0.1000000015
76819  27.255  17.175  24.054 0.1000000015
77627  27.119  18.071  23.081 0.2000000030
76828  27.564  17.439  23.217 0.2000000030
77636  27.003  18.698  22.639 0.2000000030
76836  27.495  17.956  22.485 0.2000000030
77671  27.792  18.719  21.084 0.3000000119
77655  27.517  18.525  21.808 0.3000000119
120001  27.708  20.657  20.706 0.2000000030
79205  28.031  20.003  20.305 0.2000000030
79219  28.741  20.111  19.677 0.3000000119
82126  39.966  23.758  18.488 0.4000000060
81490  39.381  23.335  19.145 0.4000000060
81475  37.998  22.593  19.373 0.4000000060
80041  32.020  21.006  18.868 0.3000000119
79216  31.220  21.193  19.064 0.3000000119
80029  29.875  21.587  19.459 0.3000000119
80790  35.831  21.738  19.261 0.4000000060
80776  34.581  22.279  19.707 0.4000000060
80025  33.348  21.723  19.218 0.4000000060
80026  32.480  21.716  19.200 0.4000000060
79972  28.172  22.113  25.643 0.2000000030
79974  26.740  21.106  25.246 0.2000000030
78408  26.358  19.843  24.312 0.2000000030
77628  26.738  18.537  23.417 0.2000000030
76829  26.935  17.833  23.704 0.2000000030
125416  29.637  23.407  25.114 0.2000000030
80731  28.389  22.766  24.722 0.2000000030
79979  26.985  22.020  24.052 0.2000000030
78423  26.724  19.562  22.589 0.2000000030
81437  28.257  23.227  24.060 0.2000000030
80739  27.411  22.587  23.332 0.3000000119
79996  27.041  21.699  22.188 0.2000000030
78433  26.985  19.965  21.795 0.2000000030
80747  27.361  22.442  22.503 0.2000000030
80003  27.429  21.356  21.283 0.2000000030
128405  27.277  20.556  21.327 0.2000000030
109968  28.350  21.843  20.369 0.2000000030
82112  40.130  23.647  19.504 0.4000000060
81460  39.452  23.443  20.208 0.3000000119
119869  37.515  23.036  20.536 0.4000000060
80761  36.625  22.390  20.143 0.4000000060
80779  31.362  22.500  19.454 0.3000000119
111738  29.427  22.199  19.762 0.2000000030
81462  36.655  23.035  20.554 0.4000000060
81476  35.177  22.528  20.034 0.4000000060
81478  33.420  23.259  19.766 0.4000000060
80778  32.796  22.554  19.452 0.4000000060
111815  31.946  22.992  19.517 0.4000000060
81436  28.845  23.534  24.350 0.3000000119
81443  27.998  23.220  23.444 0.3000000119
122153  28.151  23.503  22.206 0.3000000119
81455  27.807  22.942  21.980 0.2000000030
80751  28.103  22.703  21.220 0.2000000030
81467  28.648  23.149  20.776 0.2000000030
112406  38.485  23.352  20.559 0.3000000119
111268  30.570  22.795  19.603 0.3000000119
122116  29.762  23.035  19.873 0.3000000119
122651  36.881  23.870  20.968 0.3000000119
119986  31.782  23.711  19.659 0.4000000060
81480  31.194  23.347  19.618 0.3000000119
81454  28.338  23.408  21.519 0.3000000119
81466  29.233  23.483  20.407 0.2000000030
82105  30.327  24.517  20.225 0.3000000119
81465  29.766  23.900  20.224 0.3000000119
81382  47.452  24.297  30.534 0.1000000015
80712  46.289  22.892  26.815 0.2000000030
79959  46.877  22.182  26.432 0.2000000030
81409  46.511  23.886  27.832 0.2000000030
81418  48.803  24.733  27.099 0.2000000030
82155  41.195  24.954  10.725 0.6000000238
82153  40.698  24.549  11.252 0.6000000238
80166  44.330  21.402  5.521 0.4000000060
114689  43.017  23.317  5.943 0.6000000238
110230  47.764  19.897  4.854 0.4000000060
82125  40.749  23.980  18.914 0.5000000000
77737  45.660  18.791  13.218 0.3000000119
117673  49.760  21.618  11.843 0.3000000119
79284  47.209  19.991  11.649 0.3000000119
80059  55.482  21.197  15.361 0.3000000119
81509  55.030  23.651  14.320 0.3000000119
79295  48.321  20.720  11.560 0.3000000119
79297  47.024  19.936  10.986 0.3000000119
77762  45.169  18.865  11.597 0.3000000119
120459  48.818  21.155  11.025 0.3000000119
126081  48.691  21.095  10.510 0.3000000119
80863  53.752  23.038  9.389 0.3000000119
81548  53.444  23.506  9.559 0.3000000119
81535  53.648  23.740  10.425 0.3000000119
79320  47.506  20.293  9.301 0.3000000119
80882  53.336  22.588  7.880 0.3000000119
80134  53.505  21.963  7.411 0.3000000119
79361  53.684  21.270  5.907 0.4000000060
80146  53.495  21.683  6.394 0.3000000119
79348  53.269  21.243  7.120 0.3000000119
80893  53.353  22.208  6.996 0.3000000119
78491  48.271  19.998  14.525 0.3000000119
77664  53.511  18.520  20.982 0.2000000030
120731  44.933  18.356  12.853 0.3000000119
122283  51.417  21.999  13.900 0.3000000119
106593  50.234  21.619  12.915 0.3000000119
124538  44.301  18.147  12.553 0.2000000030
81511  53.771  24.045  13.680 0.3000000119
80828  52.714  23.593  12.517 0.3000000119
77764  43.582  18.405  11.460 0.2000000030
77763  44.319  18.629  11.323 0.3000000119
81523  53.536  24.152  11.863 0.3000000119
81524  52.610  23.711  11.649 0.3000000119
80837  51.709  23.115  11.462 0.3000000119
80094  50.332  22.111  11.381 0.3000000119
125072  51.060  22.660  11.249 0.3000000119
80108  50.068  22.064  10.513 0.3000000119
77774  44.295  18.973  10.611 0.2000000030
78538  42.649  18.894  10.678 0.2000000030
106620  43.086  19.249  10.096 0.2000000030
81530  52.459  23.683  10.880 0.3000000119
117622  51.600  23.172  10.765 0.3000000119
110507  48.528  20.991  10.039 0.3000000119
110967  47.894  20.565  9.954 0.3000000119
81559  53.102  23.398  8.761 0.3000000119
122587  49.961  22.039  9.750 0.3000000119
80124  50.509  22.325  8.844 0.3000000119
80117  48.879  21.242  9.539 0.3000000119
79319  48.276  20.787  9.258 0.3000000119
112532  48.918  21.231  8.873 0.3000000119
109344  46.995  19.909  8.027 0.3000000119
78571  44.702  19.689  7.894 0.4000000060
128095  53.140  22.392  6.760 0.4000000060
80148  52.890  22.205  6.240 0.4000000060
80161  53.325  21.703  5.665 0.4000000060
112460  53.391  20.209  5.025 0.3000000119
79390  53.562  20.866  4.558 0.4000000060
80174  53.599  21.329  5.244 0.4000000060
78428  54.594  19.356  21.497 0.2000000030
79212  54.643  19.972  20.041 0.2000000030
76929  43.447  17.525  13.272 0.2000000030
80806  53.964  23.581  15.794 0.3000000119
121233  42.218  18.625  11.171 0.2000000030
78553  41.871  19.923  9.672 0.3000000119
78539  41.534  19.649  10.330 0.3000000119
79322  42.930  19.940  8.815 0.4000000060
79341  41.811  20.860  8.674 0.4000000060
80884  52.051  22.816  7.649 0.3000000119
79339  43.230  20.256  8.154 0.4000000060
106768  50.433  21.762  7.110 0.4000000060
79350  48.099  20.358  7.272 0.4000000060
80137  48.778  20.755  7.427 0.4000000060
108718  46.512  19.729  7.185 0.4000000060
79352  45.318  19.680  7.387 0.4000000060
79354  43.516  20.570  7.431 0.4000000060
79353  44.340  20.044  7.350 0.4000000060
80149  51.047  21.838  6.441 0.4000000060
79363  49.237  20.598  6.261 0.4000000060
125894  47.869  20.065  6.177 0.4000000060
79369  43.978  20.564  6.886 0.4000000060
79378  49.387  20.377  5.516 0.4000000060
79382  45.680  20.177  5.587 0.4000000060
79383  44.855  20.515  5.898 0.4000000060
79376  51.387  21.055  5.100 0.4000000060
78412  54.460  19.688  23.031 0.1000000015
76906  44.100  17.520  15.331 0.3000000119
122677  41.241  19.367  10.887 0.3000000119
77767  40.779  18.815  11.895 0.3000000119
79325  40.960  20.860  9.615 0.5000000000
79311  40.482  20.804  10.289 0.5000000000
80140  41.815  21.988  7.843 0.6000000238
80887  41.737  22.780  7.771 0.6000000238
80896  42.503  22.753  6.814 0.6000000238
116716  53.815  21.175  23.878 0.2000000030
79170  53.926  20.386  24.261 0.2000000030
79223  50.489  20.318  18.318 0.3000000119
114397  48.502  19.587  17.018 0.3000000119
113898  43.520  17.230  14.911 0.3000000119
76908  42.740  16.806  15.888 0.3000000119
77741  40.297  18.096  13.236 0.2000000030
79298  40.206  20.283  11.074 0.4000000060
78527  39.943  19.872  11.694 0.3000000119
79312  39.903  21.024  10.883 0.5000000000
80866  40.398  22.411  9.653 0.5000000000
110735  40.757  22.801  9.085 0.6000000238
81551  40.482  23.389  9.706 0.6000000238
77696  46.880  18.821  17.832 0.3000000119
75963  42.076  16.607  16.217 0.2000000030
125345  41.574  16.569  15.815 0.2000000030
75978  40.356  16.822  15.326 0.2000000030
75965  40.663  16.448  16.600 0.2000000030
77753  39.818  18.870  12.825 0.3000000119
127391  39.748  17.047  15.254 0.2000000030
75966  39.875  16.419  16.586 0.2000000030
80096  39.575  21.617  11.210 0.5000000000
80852  39.677  22.371  10.915 0.5000000000
80851  40.022  22.809  10.345 0.5000000000
79285  38.771  20.547  12.787 0.4000000060
81532  39.833  23.208  11.160 0.5000000000
106621  43.843  17.346  17.952 0.3000000119
75948  42.542  16.702  17.669 0.3000000119
75934  43.157  16.920  18.234 0.2000000030
125827  41.185  16.385  17.254 0.2000000030
75937  41.008  16.168  17.934 0.2000000030
75031  39.644  15.755  18.005 0.2000000030
77742  39.470  18.438  13.609 0.2000000030
76923  39.308  17.841  14.384 0.2000000030
77728  38.860  18.417  14.133 0.2000000030
76910  39.178  17.339  15.170 0.2000000030
75952  38.518  16.180  17.007 0.2000000030
81531  40.169  23.992  11.830 0.6000000238
80085  39.229  21.467  11.946 0.4000000060
112029  39.008  21.963  12.376 0.5000000000
80831  39.139  22.608  12.608 0.5000000000
78494  38.231  19.405  13.854 0.3000000119
76911  38.468  17.422  15.388 0.2000000030
112065  37.839  16.278  16.805 0.2000000030
75034  36.611  15.678  17.647 0.2000000030
75953  37.099  16.114  17.043 0.2000000030
77716  37.859  17.724  15.328 0.2000000030
124094  37.398  17.408  15.769 0.4000000060
78450  49.789  19.709  19.560 0.3000000119
80758  54.006  24.052  19.955 0.3000000119
80001  52.514  22.780  21.037 0.3000000119
77677  47.301  18.540  19.568 0.3000000119
81473  54.078  23.839  19.360 0.3000000119
109774  43.131  16.464  19.660 0.2000000030
109202  41.540  15.741  19.366 0.2000000030
107692  39.869  15.439  18.788 0.2000000030
74996  41.017  15.332  19.717 0.2000000030
127365  39.392  14.625  19.912 0.2000000030
106941  38.608  14.467  19.905 0.2000000030
74128  38.146  14.738  19.294 0.2000000030
75006  39.101  14.987  19.199 0.2000000030
75020  36.264  15.274  18.286 0.3000000119
74141  35.908  14.804  18.952 0.1000000015
75021  35.421  15.278  18.367 0.3000000119
80086  38.821  21.339  12.574 0.4000000060
79274  38.334  20.518  13.341 0.3000000119
75954  36.167  16.140  17.156 0.3000000119
75955  35.382  16.200  17.322 0.4000000060
75022  34.572  15.356  18.443 0.2000000030
82150  40.327  24.321  12.700 0.6999999881
82146  40.411  24.485  13.489 0.6999999881
121371  39.419  23.706  13.630 0.6000000238
81518  38.906  23.275  13.728 0.5000000000
80832  38.529  22.010  13.147 0.4000000060
78495  37.638  19.770  14.167 0.3000000119
77730  37.422  19.012  14.667 0.3000000119
78496  36.913  19.797  14.731 0.3000000119
77708  36.086  17.966  15.839 0.4000000060
77731  36.630  19.099  15.166 0.3000000119
109360  35.363  17.888  16.337 0.4000000060
80817  37.719  22.649  14.585 0.4000000060
80071  37.506  21.323  14.135 0.3000000119
81428  50.284  24.231  26.097 0.2000000030
110209  42.333  18.737  25.655 0.1000000015
77607  43.217  18.849  25.700 0.1000000015
108810  41.097  18.894  25.855 0.1000000015
119456  41.806  17.608  25.380 0.1000000015
75831  40.425  17.602  25.431 0.1000000015
76804  40.123  18.176  25.799 0.1000000015
76806  37.963  17.519  25.070 0.1000000015
75819  38.094  17.232  26.040 0.1000000015
75855  37.532  17.466  24.973 0.1000000015
75821  36.716  16.894  25.485 0.1000000015
75820  37.417  16.969  25.816 0.1000000015
74052  35.465  16.130  25.485 0.1000000015
74053  34.953  15.134  25.811 0.2000000030
74039  35.165  14.258  26.487 0.2000000030
124083  43.470  16.825  25.056 0.1000000015
75850  42.052  16.488  25.097 0.1000000015
75851  41.076  16.530  25.164 0.1000000015
75852  40.130  16.762  25.127 0.1000000015
75854  38.420  16.914  24.716 0.1000000015
108455  36.887  17.315  24.936 0.1000000015
75835  35.284  16.728  24.766 0.1000000015
74938  42.543  15.676  24.430 0.1000000015
113553  40.514  15.141  24.372 0.1000000015
74941  39.124  15.768  24.574 0.1000000015
75857  34.883  16.653  24.233 0.1000000015
75858  34.236  16.768  23.981 0.1000000015
78443  49.546  19.506  20.738 0.3000000119
75867  44.988  16.379  23.495 0.1000000015
74077  40.670  14.637  23.801 0.1000000015
74961  41.209  15.067  24.219 0.1000000015
74076  41.444  14.636  23.408 0.1000000015
74063  38.918  14.690  24.041 0.1000000015
74078  39.918  14.266  23.484 0.1000000015
74942  38.274  15.783  24.392 0.1000000015
119778  37.429  14.719  23.760 0.1000000015
74962  36.660  15.564  23.994 0.1000000015
74963  35.234  16.094  23.765 0.1000000015
75859  33.702  16.740  23.993 0.1000000015
111911  34.597  16.168  23.617 0.1000000015
111769  45.023  17.356  19.845 0.3000000119
74982  42.996  15.226  22.671 0.1000000015
74091  42.368  14.889  22.153 0.1000000015
74092  41.578  14.520  22.447 0.1000000015
74094  40.022  13.926  22.453 0.1000000015
74096  37.369  13.976  22.973 0.1000000015
74095  38.221  13.725  22.443 0.1000000015
112616  36.793  14.604  23.486 0.1000000015
110943  34.883  14.468  22.488 0.1000000015
74097  36.480  14.158  22.911 0.1000000015
124818  35.457  14.029  22.101 0.1000000015
74080  35.959  15.123  23.535 0.1000000015
74082  34.312  15.246  23.031 0.1000000015
75860  33.068  16.453  23.855 0.2000000030
74966  32.272  16.147  23.351 0.2000000030
74994  42.830  16.019  20.215 0.2000000030
106638  44.272  16.501  20.816 0.2000000030
110528  42.236  15.488  20.529 0.2000000030
119662  42.786  15.596  20.936 0.2000000030
111473  41.861  14.750  21.651 0.1000000015
74114  41.727  14.980  20.904 0.2000000030
108183  40.406  14.216  21.543 0.1000000015
73215  37.876  13.648  21.484 0.2000000030
74106  38.707  13.738  21.489 0.2000000030
74105  39.587  13.946  21.503 0.2000000030
73216  37.195  13.654  21.471 0.1000000015
74107  34.894  14.094  21.532 0.1000000015
73224  36.179  13.776  20.941 0.1000000015
113180  32.753  15.829  22.875 0.2000000030
75004  42.136  15.798  19.809 0.2000000030
125742  40.652  14.481  21.013 0.2000000030
74116  40.046  14.423  20.642 0.2000000030
73221  38.236  13.930  20.659 0.2000000030
74117  37.028  14.130  20.125 0.2000000030
74120  34.061  14.281  21.095 0.1000000015
108699  34.771  14.190  20.519 0.1000000015
74122  32.858  14.760  20.562 0.2000000030
74129  37.314  14.560  19.416 0.2000000030
74132  34.561  14.515  19.709 0.2000000030
74133  33.805  14.653  19.765 0.2000000030
74997  32.238  15.068  20.418 0.2000000030
75007  34.149  14.929  19.072 0.2000000030
75008  33.274  15.105  19.270 0.3000000119
75925  32.112  15.969  18.965 0.3000000119
76902  35.179  17.195  16.713 0.3000000119
75956  34.658  16.371  17.471 0.4000000060
75939  33.399  16.204  18.154 0.3000000119
125170  36.043  19.233  15.542 0.4000000060
117580  34.672  17.738  16.767 0.3000000119
128607  34.248  17.638  17.111 0.3000000119
76893  33.008  17.692  17.745 0.4000000060
82143  39.854  24.201  14.020 0.5000000000
81506  38.440  23.655  15.364 0.4000000060
128447  37.350  21.963  14.475 0.3000000119
79253  35.999  20.638  15.604 0.3000000119
74817  33.781  16.132  35.269 0.1000000015
75736  35.258  16.159  35.013 0.1000000015
73956  33.557  14.602  33.294 0.1000000015
74824  35.831  15.684  34.330 0.1000000015
119784  34.718  15.070  33.751 0.1000000015
120354  34.344  14.611  33.209 0.1000000015
73973  33.160  14.204  32.686 0.1000000015
73955  35.130  14.680  33.153 0.1000000015
73971  36.434  14.616  32.406 0.1000000015
107191  35.923  14.229  31.939 0.1000000015
128737  34.232  14.033  32.259 0.1000000015
73088  31.856  13.729  32.107 0.1000000015
121081  37.143  14.154  31.222 0.1000000015
73993  36.523  14.197  31.590 0.1000000015
73101  35.853  13.854  31.375 0.1000000015
73103  33.226  13.450  31.395 0.1000000015
74005  38.440  14.323  30.450 0.1000000015
73118  35.681  13.523  30.680 0.1000000015
73119  34.847  13.350  30.607 0.1000000015
73120  33.559  13.185  30.716 0.1000000015
73122  31.106  13.001  30.774 0.1000000015
74892  39.897  14.936  29.300 0.1000000015
73990  39.319  14.773  30.722 0.1000000015
73116  37.093  13.641  29.993 0.2000000030
107367  37.844  13.887  29.816 0.1000000015
117187  36.265  13.441  30.002 0.2000000030
72282  31.620  12.695  30.096 0.1000000015
74019  38.426  14.361  28.585 0.1000000015
73147  37.230  13.731  28.724 0.2000000030
114314  36.744  13.524  29.307 0.2000000030
72292  34.124  12.915  29.259 0.2000000030
72293  33.156  12.732  29.466 0.2000000030
72294  32.181  12.556  29.377 0.1000000015
78396  44.060  20.298  26.114 0.2000000030
79154  43.029  20.455  26.758 0.2000000030
78387  42.703  20.033  26.410 0.1000000015
126095  40.168  15.739  28.331 0.1000000015
74028  38.155  14.674  27.807 0.1000000015
73159  36.985  13.858  27.980 0.2000000030
117020  36.101  13.669  27.669 0.2000000030
73148  35.502  13.275  28.324 0.2000000030
107341  34.830  13.247  27.615 0.2000000030
72320  34.151  12.909  27.834 0.2000000030
72322  32.931  12.632  27.805 0.2000000030
72323  32.036  12.519  27.922 0.2000000030
79971  47.523  21.388  26.054 0.2000000030
78395  44.914  19.614  25.793 0.2000000030
125929  41.065  18.937  26.586 0.1000000015
76786  40.366  18.068  26.737 0.1000000015
75812  40.125  17.047  27.313 0.1000000015
75814  38.655  16.526  26.808 0.1000000015
74908  37.712  15.226  27.127 0.1000000015
74031  35.955  14.253  26.879 0.2000000030
73168  35.372  13.689  27.175 0.2000000030
73160  33.218  12.888  27.034 0.2000000030
120316  46.491  19.385  25.521 0.2000000030
74913  37.912  16.216  26.604 0.1000000015
74040  34.270  14.263  26.069 0.2000000030
78392  48.015  20.076  25.302 0.2000000030
74054  33.592  14.745  25.525 0.2000000030
110891  32.946  14.385  25.569 0.2000000030
73183  32.518  13.696  25.971 0.2000000030
112340  32.209  14.593  25.265 0.2000000030
76835  46.526  17.279  22.714 0.1000000015
74066  31.682  15.284  24.606 0.2000000030
75911  45.056  16.999  20.639 0.3000000119
75888  44.629  16.237  22.146 0.1000000015
74985  31.332  16.075  22.640 0.2000000030
76849  47.141  17.853  21.471 0.3000000119
75902  45.430  16.928  21.272 0.1000000015
74999  31.032  15.664  21.064 0.2000000030
75915  29.754  16.658  20.882 0.2000000030
75940  32.591  16.495  18.409 0.3000000119
76882  31.403  17.601  18.558 0.3000000119
78477  35.617  19.846  15.890 0.4000000060
78478  35.041  19.412  16.494 0.4000000060
78469  34.393  19.149  17.008 0.3000000119
77710  34.833  18.523  16.562 0.4000000060
77702  32.592  18.317  17.889 0.3000000119
123849  40.501  24.600  14.162 0.6999999881
82139  39.689  24.348  15.434 0.6000000238
109964  37.453  22.880  15.309 0.4000000060
80810  36.560  22.119  15.831 0.3000000119
80064  35.852  21.160  15.964 0.4000000060
79237  35.080  20.641  17.369 0.4000000060
114249  37.192  16.333  34.760 0.1000000015
74823  36.677  15.788  34.227 0.1000000015
126609  36.585  15.092  33.087 0.1000000015
107232  38.163  15.364  32.768 0.1000000015
74883  40.653  15.432  30.451 0.1000000015
73123  30.253  13.080  30.678 0.1000000015
79934  44.978  21.834  28.025 0.2000000030
78365  43.465  19.487  28.169 0.2000000030
75793  42.398  16.658  29.672 0.2000000030
75794  41.730  16.282  29.350 0.1000000015
74868  41.370  15.852  30.761 0.1000000015
76775  42.359  17.683  28.374 0.2000000030
77586  43.563  18.477  28.883 0.2000000030
75800  42.130  16.920  28.784 0.2000000030
78376  42.923  20.175  27.241 0.2000000030
77595  42.306  18.985  27.561 0.1000000015
76776  41.668  17.507  27.969 0.1000000015
76784  41.910  18.351  27.663 0.1000000015
75802  40.603  16.265  28.201 0.1000000015
79958  47.873  22.332  26.250 0.2000000030
75811  40.891  17.310  27.617 0.1000000015
72324  31.073  12.617  27.662 0.2000000030
73171  31.787  13.234  26.419 0.2000000030
76815  46.914  17.784  24.084 0.2000000030
119722  31.162  13.425  26.208 0.2000000030
73185  30.821  13.817  25.764 0.2000000030
110572  47.600  18.271  23.695 0.2000000030
74067  30.783  15.011  24.657 0.2000000030
114683  46.576  17.425  21.875 0.2000000030
75872  30.287  16.367  23.109 0.2000000030
75891  29.440  16.655  22.329 0.3000000119
75927  30.578  16.573  19.671 0.2000000030
76862  29.295  17.323  20.421 0.3000000119
78471  33.000  19.092  17.863 0.3000000119
79239  33.603  19.865  18.062 0.3000000119
112951  34.141  19.671  17.553 0.3000000119
120757  37.456  23.143  16.535 0.4000000060
80802  36.503  22.253  16.495 0.4000000060
80047  35.973  21.789  16.979 0.3000000119
80049  35.036  20.952  18.176 0.3000000119
74837  39.610  15.980  33.131 0.2000000030
74856  38.856  15.644  32.903 0.1000000015
75748  40.861  16.588  33.561 0.1000000015
75774  40.686  15.925  32.174 0.2000000030
74855  39.437  15.551  32.352 0.1000000015
74854  40.045  15.535  31.806 0.1000000015
75773  41.516  16.188  31.665 0.2000000030
78351  44.723  19.643  29.433 0.2000000030
115983  41.954  16.281  30.947 0.2000000030
77575  44.097  18.253  29.879 0.2000000030
77574  44.559  18.963  29.850 0.2000000030
80711  47.233  23.184  26.662 0.2000000030
74041  29.165  13.902  26.278 0.2000000030
74068  29.908  14.888  24.777 0.2000000030
75873  29.441  16.442  23.113 0.2000000030
74950  28.586  15.563  24.531 0.2000000030
75861  28.199  16.165  24.102 0.2000000030
75906  28.896  17.039  22.000 0.2000000030
75892  28.778  16.796  22.729 0.2000000030
77682  28.876  18.671  19.744 0.3000000119
126186  29.339  18.203  19.539 0.3000000119
77681  29.513  18.840  19.191 0.3000000119
78464  30.031  19.344  18.863 0.3000000119
78463  30.835  19.366  18.596 0.3000000119
118835  32.589  20.558  18.615 0.3000000119
79226  33.254  20.513  18.510 0.3000000119
78462  31.737  19.658  18.449 0.3000000119
82136  39.450  24.201  16.406 0.6000000238
81496  37.587  23.084  17.329 0.4000000060
80036  36.051  21.782  17.892 0.4000000060
126910  35.061  21.179  18.653 0.4000000060
75747  41.682  16.870  33.530 0.1000000015
75731  41.250  17.015  34.180 0.1000000015
76739  42.642  16.973  32.261 0.2000000030
74930  28.175  15.157  25.245 0.2000000030
126692  28.187  16.960  23.090 0.2000000030
76854  27.887  17.869  21.889 0.2000000030
78445  28.412  19.311  20.002 0.3000000119
78446  27.855  19.277  20.660 0.3000000119
79230  29.472  19.746  19.203 0.3000000119
82133  39.704  24.025  17.476 0.5000000000
81492  37.797  22.806  18.333 0.4000000060
81474  38.739  22.930  19.737 0.4000000060
80760  37.364  22.347  19.905 0.4000000060
79217  30.453  20.972  19.134 0.3000000119
79218  29.517  20.703  19.368 0.3000000119
80789  36.311  21.849  18.790 0.4000000060
112013  35.203  21.921  19.539 0.4000000060
80023  35.112  21.423  19.043 0.4000000060
80024  34.347  21.646  19.258 0.4000000060
77551  43.835  18.080  32.845 0.1000000015
78324  44.895  19.316  32.109 0.1000000015
77558  44.009  17.992  31.944 0.1000000015
118637  26.565  18.381  24.152 0.2000000030
78422  27.115  19.202  22.035 0.2000000030
77637  26.603  19.178  23.163 0.2000000030
78432  27.428  19.265  21.372 0.2000000030
79206  27.490  19.947  20.983 0.2000000030
120465  28.295  20.740  20.122 0.3000000119
80013  28.017  21.344  20.526 0.2000000030
80012  28.553  21.398  20.017 0.3000000119
81461  38.106  22.657  20.059 0.3000000119
80774  36.579  22.071  19.528 0.4000000060
125849  37.070  22.616  20.326 0.4000000060
80027  31.663  21.746  19.248 0.3000000119
80028  30.742  21.862  19.371 0.3000000119
80030  29.146  21.475  19.685 0.2000000030
80775  35.928  22.143  19.869 0.4000000060
80777  33.796  22.383  19.581 0.4000000060
81477  34.351  22.936  19.991 0.4000000060
122326  32.060  22.289  19.381 0.4000000060
80724  28.952  22.656  25.337 0.2000000030
79173  26.482  20.514  24.827 0.2000000030
79980  26.668  21.217  24.428 0.2000000030
79973  27.309  21.602  25.492 0.2000000030
109595  27.003  21.636  24.812 0.2000000030
117641  26.456  19.159  23.843 0.2000000030
78416  26.444  19.916  23.381 0.2000000030
79180  26.456  20.586  23.967 0.2000000030
108036  27.532  22.176  24.823 0.2000000030
80732  27.684  22.712  24.091 0.2000000030
79989  26.906  21.930  23.084 0.2000000030
79990  26.647  21.293  23.603 0.2000000030
117831  26.527  20.670  23.264 0.2000000030
79186  26.642  20.362  22.609 0.2000000030
79997  26.697  21.158  22.771 0.2000000030
79185  26.913  20.862  21.960 0.2000000030
80752  27.538  22.226  21.656 0.2000000030
80764  27.928  22.007  20.886 0.2000000030
80781  28.796  22.031  20.006 0.2000000030
80763  28.468  22.419  20.541 0.2000000030
108905  39.041  23.926  20.947 0.3000000119
125429  37.770  23.957  21.121 0.3000000119
123191  35.887  23.811  20.699 0.4000000060
81463  35.900  22.797  20.347 0.4000000060
80780  30.054  22.299  19.587 0.2000000030
80762  29.035  22.737  20.164 0.2000000030
119970  35.067  23.338  20.335 0.4000000060
81479  32.516  23.515  19.651 0.4000000060
107949  28.393  23.888  22.813 0.3000000119
81448  27.817  23.106  22.726 0.2000000030
81481  30.438  23.682  19.835 0.3000000119
110291  29.364  23.990  20.587 0.3000000119
76074  49.820  16.407  2.335 0.2000000030
75137  48.195  15.893  1.838 0.3000000119
75131  46.833  15.152  1.922 0.2000000030
77017  52.517  17.656  1.315 0.4000000060
77024  53.137  18.482  0.815 0.4000000060
76081  50.663  16.774  1.772 0.4000000060
77006  51.391  17.335  2.838 0.4000000060
76083  48.785  16.434  1.427 0.3000000119
126931  46.692  16.100  1.217 0.2000000030
75139  46.323  15.743  1.380 0.2000000030
75140  45.209  15.935  1.217 0.2000000030
74260  44.743  14.981  1.510 0.1000000015
74261  43.740  14.732  1.559 0.1000000015
75132  43.045  15.298  1.874 0.1000000015
76077  43.537  15.990  2.236 0.1000000015
87238  29.407  32.410  20.132 0.2000000030
86678  30.468  31.493  18.299 0.2000000030
86672  29.529  31.663  19.435 0.2000000030
108906  40.123  23.921  20.302 0.3000000119
78634  53.276  18.999  0.693 0.4000000060
77025  52.386  18.002  0.460 0.4000000060
77850  53.509  18.853  1.289 0.4000000060
77026  51.236  17.635  0.320 0.4000000060
76082  49.691  16.574  1.600 0.3000000119
75138  47.255  15.836  1.547 0.2000000030
122021  43.832  16.035  1.640 0.1000000015
75141  44.123  15.584  1.455 0.1000000015
76069  43.665  15.986  3.305 0.1000000015
77021  44.683  17.200  1.592 0.1000000015
76076  44.172  16.762  2.142 0.1000000015
77843  44.907  18.679  2.894 0.2000000030
79414  44.182  20.280  3.284 0.2000000030
107507  44.191  21.633  2.192 0.2000000030
78615  51.967  19.524  1.464 0.4000000060
78626  53.133  19.212  0.830 0.4000000060
77856  52.904  18.861  0.105 0.4000000060
77857  51.975  18.511  -0.287 0.4000000060
124235  50.820  18.080  -0.300 0.4000000060
77033  49.592  17.959  -0.265 0.3000000119
76090  48.526  16.880  0.789 0.3000000119
77028  48.342  17.550  0.153 0.3000000119
76091  47.613  16.950  0.656 0.3000000119
76092  46.687  17.051  0.608 0.3000000119
77030  46.420  17.704  0.378 0.3000000119
76085  46.110  16.470  0.931 0.2000000030
76086  45.363  16.740  0.979 0.2000000030
106393  44.707  16.513  1.330 0.1000000015
77852  44.969  18.237  1.942 0.1000000015
79401  41.119  20.768  5.182 0.1000000015
77842  45.114  18.991  2.273 0.2000000030
78619  44.921  19.438  2.688 0.2000000030
124012  41.411  21.149  4.645 0.1000000015
79425  44.726  20.186  2.626 0.2000000030
80190  41.845  21.794  3.692 0.1000000015
80197  43.531  21.719  2.592 0.2000000030
80188  43.231  21.286  3.220 0.2000000030
110259  52.620  19.374  0.080 0.4000000060
110703  52.378  19.515  -0.447 0.4000000060
77864  52.471  19.372  -0.406 0.4000000060
126318  51.350  18.609  -0.626 0.4000000060
114620  50.772  18.758  -0.892 0.4000000060
77865  49.484  18.712  -0.847 0.4000000060
77034  48.682  18.218  -0.386 0.3000000119
77035  47.797  18.187  -0.216 0.3000000119
77029  47.258  17.601  0.238 0.3000000119
126055  45.852  17.793  0.605 0.2000000030
127555  45.504  18.562  1.222 0.2000000030
80168  40.416  21.195  5.472 0.1000000015
77851  45.365  18.882  1.644 0.2000000030
80180  42.039  21.192  4.212 0.2000000030
80189  42.482  21.550  3.512 0.2000000030
78643  50.576  19.512  -1.463 0.5000000000
117083  49.200  19.265  -1.154 0.4000000060
77866  48.428  18.790  -0.673 0.4000000060
77867  47.499  18.862  -0.383 0.3000000119
78645  48.273  19.535  -0.941 0.4000000060
118990  46.114  18.966  0.544 0.2000000030
80198  42.806  21.982  2.871 0.2000000030
80924  42.068  22.229  3.157 0.2000000030
122400  43.727  22.157  2.110 0.2000000030
80925  41.389  22.343  3.496 0.2000000030
80926  40.795  22.958  3.297 0.2000000030
80226  47.773  21.623  -1.184 0.3000000119
80215  46.433  21.274  -0.053 0.3000000119
79435  45.204  20.335  1.814 0.2000000030
80206  45.248  21.061  1.401 0.2000000030
80963  48.277  22.389  -1.567 0.3000000119
80954  47.312  22.368  -0.978 0.3000000119
80216  45.742  21.150  0.695 0.3000000119
80946  45.782  22.029  0.297 0.3000000119
79436  44.720  20.981  2.090 0.2000000030
80947  45.145  22.627  0.557 0.2000000030
80207  44.713  21.673  1.588 0.2000000030
80208  44.171  22.245  1.685 0.2000000030
80948  44.657  22.404  1.153 0.2000000030
80937  41.474  22.849  2.830 0.2000000030
80935  43.097  22.413  2.245 0.2000000030
80942  42.702  23.055  1.738 0.2000000030
80936  42.253  22.748  2.390 0.2000000030
81637  47.775  23.172  -1.446 0.3000000119
128537  48.394  24.029  -1.854 0.4000000060
81630  46.882  23.138  -0.909 0.4000000060
125724  46.308  23.097  -0.535 0.4000000060
80956  45.720  23.000  -0.142 0.2000000030
128321  44.053  22.792  1.203 0.2000000030
80927  40.091  23.074  3.923 0.1000000015
128258  39.447  23.734  3.546 0.2000000030
80941  43.466  22.770  1.593 0.2000000030
81598  38.500  24.295  3.427 0.2000000030
82252  47.329  24.966  -1.659 0.4000000060
81596  40.079  23.662  3.116 0.1000000015
83547  37.758  25.857  7.686 0.3000000119
81638  47.492  24.045  -1.503 0.4000000060
115075  46.330  23.926  -0.889 0.4000000060
81621  44.997  23.316  0.157 0.2000000030
81604  40.771  23.525  2.546 0.2000000030
81602  42.065  23.361  1.729 0.2000000030
81603  41.498  23.434  2.093 0.2000000030
81622  44.352  23.195  0.594 0.2000000030
80949  43.526  23.364  0.874 0.3000000119
82207  37.589  24.962  2.882 0.3000000119
82208  37.121  25.177  3.359 0.2000000030
82891  37.212  25.430  3.406 0.3000000119
82926  47.152  25.733  -1.604 0.4000000060
83546  38.579  26.179  7.456 0.4000000060
82851  37.783  25.697  6.685 0.3000000119
82240  45.482  24.592  -1.015 0.3000000119
81597  39.169  24.286  2.818 0.2000000030
107970  45.257  23.842  -0.421 0.3000000119
81631  44.401  23.882  -0.149 0.4000000060
81611  42.965  23.397  1.193 0.2000000030
82215  37.548  25.382  2.948 0.3000000119
82882  37.562  25.723  3.704 0.3000000119
83535  38.387  26.524  8.299 0.3000000119
82927  46.106  25.842  -1.605 0.4000000060
121193  45.551  25.268  -1.449 0.4000000060
83556  38.690  25.954  6.550 0.3000000119
83565  38.679  25.872  5.572 0.3000000119
83574  38.562  25.923  4.550 0.3000000119
83625  45.727  26.606  -1.547 0.4000000060
82928  45.162  25.896  -1.624 0.4000000060
123817  44.370  25.801  -1.609 0.4000000060
125083  42.825  25.331  -1.283 0.4000000060
81613  41.486  23.961  1.186 0.3000000119
84239  39.091  26.864  7.976 0.4000000060
82254  44.813  25.160  -1.379 0.4000000060
82255  43.920  25.194  -1.346 0.4000000060
82241  43.628  24.545  -0.719 0.4000000060
81623  42.673  23.926  0.412 0.3000000119
81624  41.918  24.135  0.562 0.3000000119
83545  39.351  26.547  7.207 0.4000000060
84238  39.668  27.330  7.599 0.4000000060
84891  39.668  28.405  7.738 0.4000000060
84892  38.878  28.453  8.493 0.4000000060
117287  44.580  24.517  -0.821 0.4000000060
81632  43.536  23.927  0.087 0.3000000119
121554  38.256  24.794  2.559 0.3000000119
83564  39.572  26.259  5.411 0.3000000119
83555  39.520  26.365  6.353 0.4000000060
84246  40.073  26.979  6.913 0.4000000060
82899  38.086  25.695  2.463 0.3000000119
82890  37.685  25.780  3.008 0.3000000119
83626  44.524  26.783  -1.672 0.4000000060
84309  44.920  27.816  -1.427 0.4000000060
83627  43.490  26.721  -1.598 0.4000000060
81614  40.692  24.075  1.664 0.2000000030
81605  39.824  24.289  2.140 0.3000000119
85519  39.178  29.469  8.032 0.4000000060
86165  38.938  30.412  7.831 0.4000000060
82206  38.739  24.912  1.899 0.3000000119
83554  40.322  26.819  6.078 0.4000000060
84237  40.140  27.746  7.192 0.4000000060
84901  40.327  28.624  6.964 0.5000000000
83585  38.383  26.054  3.517 0.3000000119
82898  38.613  25.993  1.877 0.3000000119
83592  38.358  26.076  2.604 0.3000000119
83584  39.344  26.294  3.303 0.3000000119
83573  39.515  26.249  4.391 0.3000000119
86754  36.398  32.241  10.449 0.4000000060
122828  36.876  31.841  9.893 0.4000000060
84965  45.436  28.525  -0.956 0.4000000060
86760  37.348  31.447  9.433 0.6000000238
86767  37.824  31.126  8.932 0.6000000238
83628  42.804  26.204  -1.493 0.4000000060
86154  38.445  30.857  8.292 0.6000000238
85505  38.554  29.965  8.474 0.4000000060
82233  41.194  24.560  0.233 0.3000000119
126648  38.826  30.960  7.693 0.4000000060
82222  40.570  24.571  0.737 0.3000000119
82223  39.829  24.700  1.191 0.3000000119
126968  39.292  24.824  1.502 0.3000000119
85518  39.830  29.472  7.241 0.4000000060
84245  40.621  27.737  6.475 0.5000000000
82224  39.221  25.293  1.229 0.3000000119
82225  38.590  25.545  1.851 0.3000000119
83563  40.435  26.687  5.170 0.5000000000
83602  39.301  26.171  1.491 0.3000000119
83591  39.180  26.276  2.293 0.3000000119
83572  40.596  26.599  4.171 0.3000000119
87860  36.880  33.644  9.872 0.3000000119
109101  36.380  33.138  10.456 0.2000000030
87320  36.896  32.735  9.886 0.4000000060
87859  37.537  33.238  9.251 0.5000000000
87319  37.394  32.262  9.378 0.6000000238
84303  43.905  27.444  -1.325 0.4000000060
113961  37.726  31.807  8.992 0.5000000000
87325  37.997  32.505  8.721 0.6000000238
83616  42.976  26.870  -1.326 0.4000000060
83617  42.534  26.728  -0.885 0.4000000060
87330  38.887  32.548  7.179 0.6000000238
86766  38.217  31.694  8.480 0.6000000238
83619  41.066  25.960  -0.312 0.4000000060
86164  39.243  31.025  7.046 0.6000000238
82234  39.954  25.253  0.546 0.3000000119
82914  39.544  25.675  0.859 0.3000000119
112226  39.406  30.164  7.398 0.6000000238
83609  39.621  26.009  0.856 0.3000000119
83601  40.315  26.375  1.386 0.4000000060
111182  40.786  28.704  6.295 0.5000000000
84252  40.957  27.417  5.630 0.5000000000
84917  41.186  28.274  5.737 0.5000000000
85530  40.444  29.647  6.326 0.5000000000
83590  39.971  26.395  2.127 0.3000000119
83583  40.248  26.475  3.028 0.4000000060
84260  41.134  27.123  4.946 0.5000000000
88385  37.398  34.242  9.324 0.3000000119
84302  44.611  28.131  -1.053 0.5000000000
88391  37.988  34.004  8.744 0.5000000000
84957  44.883  28.575  -0.276 0.5000000000
84294  43.186  27.256  -0.707 0.4000000060
87324  38.495  32.261  8.061 0.6000000238
83607  41.445  26.404  0.081 0.4000000060
82913  39.977  25.732  0.529 0.4000000060
83599  42.079  26.821  0.836 0.4000000060
83608  40.467  26.080  0.378 0.4000000060
83600  41.287  26.552  1.042 0.4000000060
111411  41.383  26.681  1.997 0.4000000060
116867  40.912  26.583  2.549 0.5000000000
84274  41.936  27.075  2.910 0.5000000000
83582  41.278  26.797  3.540 0.5000000000
84259  41.536  27.251  4.357 0.5000000000
111344  41.628  27.872  4.965 0.5000000000
85541  41.080  29.250  5.584 0.6999999881
84925  42.121  28.524  4.329 0.5000000000
84258  42.159  27.885  4.169 0.5000000000
84945  45.067  29.038  0.747 0.6000000238
108292  43.378  27.555  0.306 0.5000000000
83606  42.453  26.899  -0.032 0.4000000060
84283  42.824  27.335  1.070 0.5000000000
86172  40.159  30.733  5.756 0.6999999881
84284  42.258  27.075  1.860 0.5000000000
86184  40.760  30.289  5.169 0.6999999881
84273  42.683  27.576  2.645 0.6000000238
85540  41.444  29.919  4.479 0.6999999881
126075  41.957  27.362  3.769 0.6000000238
84916  41.621  28.848  4.861 0.6000000238
84267  42.611  27.881  3.368 0.6000000238
84924  42.654  28.767  3.588 0.6000000238
85580  45.364  29.499  1.396 0.6000000238
84946  44.165  28.264  0.644 0.5000000000
84282  43.537  27.812  1.194 0.6000000238
85570  45.140  29.639  2.093 0.6999999881
84272  43.262  27.747  1.982 0.6000000238
84938  43.858  28.630  2.202 0.6000000238
85561  44.923  29.730  2.737 0.6999999881
84939  43.219  28.241  2.686 0.6000000238
84931  43.581  29.251  2.725 0.6000000238
84932  43.114  28.836  3.053 0.6999999881
85550  42.996  30.021  2.904 0.6999999881
86679  29.803  31.893  18.710 0.2000000030
117172  30.205  32.219  18.280 0.2000000030
77859  46.222  18.322  0.347 0.3000000119
77868  46.678  18.913  -0.006 0.3000000119
78639  45.949  19.676  0.816 0.2000000030
78630  45.549  19.661  1.456 0.2000000030
79444  45.647  20.388  1.111 0.2000000030
78651  51.282  20.466  -2.031 0.5000000000
80235  48.970  21.608  -1.803 0.3000000119
79451  48.719  20.251  -1.378 0.3000000119
119966  51.922  19.218  -0.830 0.4000000060
119684  51.711  19.577  -1.305 0.4000000060
84937  44.555  29.038  1.686 0.6000000238
77005  52.270  17.837  2.787 0.4000000060
77016  53.148  18.225  1.558 0.4000000060
77010  52.443  17.592  2.083 0.4000000060
76075  49.018  16.109  2.104 0.3000000119
75129  48.418  15.617  2.565 0.2000000030
77011  51.637  17.084  1.944 0.4000000060
77018  51.518  17.287  1.127 0.4000000060
77019  50.424  17.072  1.022 0.4000000060
76089  49.437  16.917  0.928 0.3000000119
76084  47.903  16.383  1.226 0.3000000119
77027  50.087  17.456  0.340 0.4000000060
77020  45.296  17.414  1.009 0.1000000015
77012  44.677  17.668  2.436 0.2000000030
77858  46.918  18.242  0.001 0.3000000119
77860  45.681  18.307  0.843 0.2000000030
78618  45.201  19.611  2.111 0.2000000030
119442  45.721  19.000  1.101 0.2000000030
79452  47.701  20.245  -0.847 0.3000000119
78638  46.466  19.645  0.190 0.3000000119
117229  47.302  21.011  -0.668 0.3000000119
79460  48.325  20.881  -1.368 0.3000000119
80955  46.454  22.354  -0.403 0.3000000119
80227  47.019  21.712  -0.620 0.3000000119
79443  46.185  20.415  0.452 0.3000000119
80217  45.240  21.815  0.974 0.2000000030
82253  46.307  25.031  -1.441 0.4000000060
84227  39.266  27.669  8.152 0.4000000060
82929  43.593  26.017  -1.619 0.4000000060
108159  42.663  24.545  -0.546 0.3000000119
82232  41.859  24.558  -0.191 0.3000000119
82242  41.842  25.135  -0.922 0.4000000060
82919  42.024  25.800  -1.289 0.4000000060
86774  38.740  31.584  7.647 0.6000000238
82244  40.590  24.982  0.067 0.3000000119
82243  41.124  25.040  -0.427 0.3000000119
86173  39.787  30.372  6.691 0.6000000238
84293  44.019  27.889  -0.460 0.5000000000
83618  41.782  26.273  -0.785 0.4000000060
125683  39.694  31.096  6.178 0.6000000238
87864  38.111  33.297  8.607 0.5000000000
112414  43.952  28.326  1.536 0.6000000238
79453  46.817  20.350  -0.238 0.3000000119
82115  31.201  24.306  19.848 0.2000000030
85399  29.971  29.484  21.023 0.2000000030
84791  30.641  28.814  21.222 0.2000000030
84779  30.596  28.415  21.971 0.2000000030
84778  31.291  28.181  21.514 0.2000000030
118292  31.066  26.904  21.778 0.2000000030
84134  32.038  27.894  21.204 0.2000000030
127253  31.669  26.847  21.473 0.2000000030
82741  30.985  26.074  21.096 0.2000000030
82754  30.223  25.291  20.791 0.2000000030
82106  29.572  24.555  20.775 0.2000000030
83433  32.381  27.221  21.300 0.2000000030
120190  31.620  25.686  20.626 0.2000000030
82104  31.812  25.063  20.139 0.3000000119
85394  30.007  29.111  21.845 0.2000000030
85398  30.538  29.230  20.359 0.2000000030
84131  30.416  27.908  22.555 0.2000000030
83424  30.414  26.948  22.300 0.2000000030
84151  32.706  27.631  21.026 0.2000000030
84776  30.023  28.685  22.548 0.2000000030
83435  29.894  26.123  21.900 0.2000000030
81453  28.912  23.951  21.025 0.2000000030
83434  32.015  26.414  21.054 0.2000000030
82753  32.398  25.750  20.606 0.2000000030
82743  29.615  25.336  21.473 0.2000000030
82093  29.094  24.656  21.572 0.2000000030
82103  32.698  24.996  20.177 0.3000000119
115649  29.441  31.970  20.853 0.1000000015
86667  29.412  31.300  21.125 0.1000000015
86034  29.459  30.581  21.440 0.2000000030
86669  29.436  31.452  20.297 0.1000000015
86037  29.498  30.654  20.593 0.1000000015
109304  29.598  29.862  21.696 0.2000000030
86031  29.521  30.434  22.308 0.2000000030
85392  29.649  29.556  22.635 0.2000000030
118822  29.863  29.955  20.178 0.1000000015
119760  29.757  28.930  23.158 0.2000000030
84132  29.959  27.313  22.915 0.2000000030
84790  31.428  28.549  20.586 0.2000000030
84789  32.394  28.126  20.501 0.2000000030
83425  29.762  26.474  22.613 0.2000000030
125972  29.213  25.113  21.923 0.2000000030
83447  32.926  26.589  21.018 0.2000000030
82094  28.559  24.084  21.919 0.2000000030
82752  33.278  25.760  20.640 0.3000000119
82113  33.066  24.174  19.916 0.3000000119
79936  35.920  21.031  30.132 0.1000000015
79117  34.180  19.968  29.932 0.1000000015
117989  29.420  33.252  19.683 0.1000000015
116189  29.590  31.943  21.540 0.1000000015
87240  29.502  32.514  19.168 0.1000000015
111287  29.512  31.204  21.949 0.1000000015
78399  26.395  19.739  25.219 0.1000000015
119765  26.393  19.045  24.680 0.1000000015
86040  30.184  30.286  19.318 0.1000000015
85409  31.136  29.159  19.690 0.2000000030
123795  31.613  29.257  19.165 0.2000000030
84774  29.668  28.669  23.769 0.2000000030
82731  29.394  25.624  22.307 0.2000000030
106712  33.350  27.205  21.051 0.3000000119
82086  28.904  24.786  22.416 0.2000000030
83446  33.799  26.573  20.916 0.3000000119
80658  37.658  22.267  31.418 0.1000000015
80659  37.064  21.785  31.430 0.1000000015
80647  36.939  22.115  31.686 0.1000000015
123128  37.099  21.657  30.988 0.1000000015
80675  36.601  21.732  30.219 0.1000000015
80688  35.855  22.111  29.299 0.1000000015
79937  35.262  21.410  29.402 0.1000000015
128215  35.352  20.554  30.034 0.1000000015
79939  33.974  20.846  29.181 0.1000000015
79134  32.688  19.997  29.355 0.1000000015
79940  33.070  21.033  28.628 0.1000000015
79941  32.167  20.683  28.522 0.1000000015
79144  29.614  20.370  28.067 0.1000000015
88296  29.521  34.692  19.250 0.1000000015
79157  27.485  20.744  26.808 0.1000000015
87236  29.552  32.744  21.114 0.1000000015
79168  26.568  20.427  25.697 0.1000000015
116264  29.626  34.134  18.852 0.1000000015
87781  29.619  33.349  18.820 0.1000000015
87243  30.272  32.988  18.059 0.1000000015
86049  29.889  31.061  18.899 0.1000000015
86663  29.720  31.066  22.791 0.1000000015
86677  31.155  31.044  18.048 0.1000000015
86048  30.633  30.637  18.620 0.1000000015
85389  29.685  29.447  23.547 0.2000000030
108579  31.817  29.668  18.652 0.2000000030
84805  31.922  28.693  19.660 0.2000000030
84129  29.734  27.546  23.451 0.2000000030
106581  29.435  26.050  23.003 0.2000000030
82728  29.151  25.384  23.095 0.2000000030
85424  32.603  29.636  18.414 0.2000000030
84804  32.908  28.453  19.533 0.2000000030
84163  33.215  27.790  20.454 0.2000000030
84818  33.139  29.092  18.750 0.2000000030
84162  33.820  28.040  19.710 0.2000000030
82751  34.156  25.713  20.733 0.3000000119
83445  34.672  26.481  20.888 0.3000000119
81464  34.123  23.925  20.235 0.3000000119
82101  34.561  24.857  20.573 0.4000000060
82022  35.115  24.096  30.116 0.1000000015
108539  36.803  22.847  31.575 0.1000000015
82680  35.074  25.006  29.620 0.1000000015
80646  37.760  22.444  31.842 0.1000000015
107561  36.110  24.539  30.320 0.1000000015
82679  35.738  25.368  29.711 0.1000000015
81384  38.263  22.758  30.941 0.1000000015
81369  38.434  22.786  31.898 0.1000000015
81358  38.531  22.914  32.039 0.1000000015
82015  37.018  23.639  31.304 0.1000000015
83370  36.988  26.317  29.848 0.1000000015
82014  37.980  23.833  31.840 0.1000000015
82673  37.288  24.578  30.840 0.1000000015
82678  36.587  25.404  30.074 0.1000000015
80689  35.120  22.385  28.642 0.1000000015
117211  34.549  21.659  28.860 0.1000000015
80690  34.412  22.616  28.230 0.1000000015
80691  33.769  21.955  28.399 0.1000000015
79951  32.361  21.622  28.087 0.1000000015
79942  31.340  20.547  28.367 0.1000000015
79143  30.484  20.476  28.203 0.1000000015
80704  32.075  22.267  27.482 0.1000000015
79952  31.672  21.468  27.882 0.1000000015
79953  30.862  21.320  27.664 0.1000000015
116840  30.001  21.174  27.479 0.1000000015
79954  29.075  21.060  27.347 0.1000000015
79156  28.226  20.899  27.183 0.1000000015
79963  29.549  21.774  26.743 0.1000000015
79964  28.500  21.582  26.573 0.1000000015
125945  27.909  21.218  26.720 0.1000000015
79167  26.969  21.009  26.061 0.1000000015
88291  29.297  34.739  20.200 0.1000000015
87775  29.436  33.329  20.486 0.1000000015
114954  29.364  34.069  20.706 0.1000000015
87773  29.524  33.620  21.162 0.1000000015
88864  35.274  35.098  16.650 0.1000000015
87234  29.890  32.607  21.834 0.1000000015
86030  29.639  30.238  23.195 0.2000000030
84769  29.753  29.136  24.320 0.2000000030
84817  33.850  29.136  18.564 0.2000000030
83422  29.577  26.781  23.413 0.2000000030
82727  29.339  25.991  23.698 0.2000000030
84802  34.479  28.366  19.197 0.2000000030
84149  34.851  27.094  20.571 0.3000000119
84161  34.654  27.715  19.801 0.3000000119
84148  35.798  26.856  20.634 0.3000000119
83444  35.481  26.316  21.022 0.3000000119
84159  36.460  27.286  19.921 0.3000000119
83443  36.377  26.301  21.204 0.3000000119
82100  35.441  24.820  20.834 0.4000000060
84147  36.732  26.741  20.671 0.3000000119
82749  35.883  25.620  21.200 0.3000000119
83432  37.183  26.154  21.467 0.3000000119
82739  37.598  25.631  21.723 0.2000000030
82090  38.929  24.922  21.669 0.2000000030
82681  33.305  25.357  29.277 0.1000000015
107696  34.227  24.717  29.540 0.1000000015
80674  37.355  22.360  30.412 0.1000000015
81368  39.251  23.081  31.559 0.1000000015
82013  39.111  23.521  32.054 0.1000000015
82671  39.098  24.326  31.956 0.1000000015
84084  37.036  27.271  29.603 0.1000000015
81395  37.581  23.413  29.549 0.1000000015
80687  36.599  22.857  29.209 0.1000000015
81396  36.821  23.732  28.697 0.1000000015
117212  35.703  23.007  28.523 0.1000000015
81397  34.973  23.247  28.069 0.1000000015
80703  33.757  22.879  27.814 0.1000000015
115510  32.941  22.338  27.844 0.1000000015
80702  34.334  23.244  27.829 0.1000000015
81413  33.158  23.257  27.444 0.1000000015
81414  32.460  22.982  27.209 0.1000000015
80705  31.284  22.122  27.190 0.1000000015
79962  30.463  21.944  26.936 0.1000000015
120776  31.716  22.850  26.836 0.1000000015
80714  30.936  22.673  26.475 0.1000000015
80715  30.088  22.479  26.213 0.1000000015
80716  29.141  22.308  26.031 0.1000000015
88288  29.222  34.698  21.108 0.1000000015
117530  29.814  33.295  21.544 0.1000000015
86665  29.869  31.851  22.291 0.1000000015
81442  28.562  23.814  23.676 0.2000000030
117190  29.676  28.015  23.773 0.2000000030
84127  29.543  27.438  24.052 0.2000000030
82082  28.827  24.594  23.339 0.2000000030
82738  38.421  25.738  21.988 0.2000000030
82748  39.720  25.474  21.845 0.2000000030
85488  35.911  29.413  10.924 0.2000000030
84865  35.272  29.063  11.392 0.3000000119
84875  36.442  28.893  10.493 0.2000000030
85495  37.539  29.800  9.495 0.3000000119
85496  37.040  29.310  10.015 0.2000000030
84884  37.006  28.360  10.032 0.2000000030
85506  38.138  29.497  9.023 0.3000000119
84883  37.687  28.812  9.466 0.3000000119
84220  37.540  27.740  9.532 0.3000000119
84228  38.700  27.425  8.566 0.3000000119
122743  36.151  23.645  28.379 0.1000000015
82046  35.783  24.198  27.948 0.1000000015
81411  34.581  23.701  27.700 0.1000000015
81412  33.904  23.685  27.539 0.1000000015
81420  32.672  23.616  27.181 0.1000000015
81421  32.074  23.592  26.881 0.1000000015
89308  29.243  36.476  20.663 0.1000000015
88814  29.070  35.535  20.976 0.1000000015
88811  29.209  35.353  21.907 0.1000000015
87771  29.687  34.185  21.721 0.1000000015
126641  29.429  34.137  21.180 0.1000000015
87233  30.531  32.554  22.402 0.1000000015
82078  29.053  24.349  24.128 0.2000000030
86022  29.839  29.972  24.034 0.2000000030
83420  29.439  26.663  24.267 0.2000000030
83431  37.988  26.142  21.716 0.3000000119
85482  35.406  29.979  11.332 0.3000000119
86136  36.000  30.248  10.851 0.3000000119
85487  36.481  29.774  10.447 0.3000000119
117050  38.615  29.245  8.611 0.3000000119
84893  38.312  28.817  8.948 0.3000000119
125515  38.221  28.052  9.061 0.3000000119
84229  38.075  27.052  9.041 0.3000000119
81383  38.611  23.657  30.326 0.1000000015
82044  37.282  24.325  28.644 0.1000000015
82045  36.476  24.329  28.234 0.1000000015
107419  35.325  24.694  27.651 0.1000000015
82057  34.495  24.385  27.532 0.1000000015
82059  33.194  23.984  27.297 0.1000000015
82068  32.481  24.310  27.092 0.1000000015
82069  31.759  24.338  26.725 0.1000000015
81422  31.264  23.587  26.385 0.1000000015
82070  31.089  24.592  26.354 0.1000000015
81429  30.586  24.069  25.867 0.1000000015
81423  30.514  23.194  25.862 0.1000000015
82073  30.525  24.879  25.979 0.1000000015
81430  30.021  23.672  25.371 0.1000000015
80723  29.732  22.930  25.460 0.1000000015
82074  29.981  24.693  25.420 0.2000000030
88283  29.888  34.840  22.563 0.1000000015
82077  29.442  24.958  24.713 0.2000000030
81435  29.507  23.945  24.800 0.1000000015
123078  29.224  23.163  24.910 0.1000000015
87770  30.253  33.300  22.027 0.1000000015
86029  30.052  30.797  23.639 0.2000000030
83417  29.554  26.551  25.052 0.2000000030
82081  29.162  25.197  23.926 0.2000000030
88402  40.129  34.738  5.568 0.5000000000
115974  39.490  34.747  6.708 0.5000000000
86122  35.601  30.815  11.205 0.3000000119
127856  39.638  34.311  6.132 0.5000000000
88395  39.312  33.968  6.602 0.5000000000
86135  36.490  30.585  10.399 0.3000000119
86755  36.086  30.932  10.772 0.3000000119
87882  41.477  33.888  3.813 0.5000000000
108139  39.706  33.879  5.577 0.5000000000
86144  37.421  30.646  9.456 0.4000000060
86145  36.978  30.187  9.959 0.4000000060
86761  36.908  31.009  9.910 0.4000000060
87883  40.745  33.878  3.812 0.5000000000
86155  37.982  30.317  8.964 0.5000000000
87888  41.257  33.624  3.580 0.6000000238
87342  41.598  33.201  3.501 0.6000000238
86183  41.121  30.966  3.915 0.6000000238
109175  40.487  31.277  4.614 0.6000000238
86203  42.452  30.802  2.937 0.6000000238
113557  41.817  30.791  3.233 0.6000000238
86201  43.458  30.492  2.994 0.6000000238
85551  42.237  29.693  3.734 0.6000000238
123442  38.063  24.246  29.278 0.1000000015
82043  39.071  24.556  29.819 0.1000000015
82693  36.863  25.036  28.154 0.1000000015
82056  36.082  24.890  27.831 0.1000000015
124346  35.601  25.507  27.607 0.1000000015
82704  34.774  25.314  27.493 0.1000000015
82705  33.917  25.103  27.416 0.1000000015
107305  32.460  25.162  27.162 0.1000000015
82716  31.652  25.232  26.789 0.1000000015
89301  29.065  36.340  21.620 0.1000000015
82717  30.851  25.478  26.365 0.2000000030
82722  30.241  25.599  25.837 0.2000000030
88286  30.493  34.017  22.324 0.1000000015
82723  29.706  25.700  25.262 0.2000000030
84121  29.766  27.994  25.277 0.2000000030
115772  29.839  27.223  25.482 0.2000000030
82725  29.388  25.853  24.508 0.2000000030
87769  31.070  33.259  22.433 0.1000000015
87231  30.471  31.769  23.107 0.1000000015
85377  29.848  28.803  25.075 0.2000000030
84122  29.544  27.364  24.812 0.2000000030
89347  34.441  36.138  17.639 0.1000000015
121754  32.420  36.726  18.348 0.1000000015
86021  30.416  30.423  24.479 0.2000000030
114463  29.620  28.223  24.489 0.2000000030
89346  35.376  36.172  17.636 0.1000000015
89461  41.562  36.082  5.043 0.5000000000
128303  40.005  35.329  6.297 0.5000000000
88934  40.211  36.020  6.596 0.5000000000
88936  39.006  35.125  7.663 0.4000000060
88396  38.934  34.272  7.436 0.4000000060
87871  38.866  33.454  7.272 0.5000000000
111956  38.511  33.766  8.102 0.4000000060
122920  36.446  31.373  10.411 0.4000000060
87870  39.296  33.239  6.393 0.5000000000
87876  39.614  33.133  5.505 0.6000000238
87337  40.647  33.126  3.708 0.6000000238
86789  39.842  32.564  4.951 0.6000000238
87341  42.071  32.720  3.490 0.6000000238
87343  41.434  32.926  3.226 0.6000000238
86788  40.389  32.200  4.097 0.6000000238
86182  42.771  31.577  4.370 0.6000000238
86793  42.485  32.181  3.351 0.6000000238
86799  42.391  31.879  2.854 0.6000000238
86193  42.976  31.526  3.346 0.6000000238
126199  42.204  31.548  2.754 0.6000000238
86192  43.430  30.790  3.447 0.6000000238
86202  42.880  31.160  2.794 0.6000000238
82692  37.911  25.118  28.661 0.1000000015
82691  38.919  25.612  29.104 0.1000000015
82702  37.143  25.879  28.143 0.1000000015
83394  36.586  26.477  27.785 0.1000000015
83395  35.886  26.298  27.589 0.1000000015
83396  35.080  26.268  27.470 0.1000000015
82714  34.156  26.001  27.416 0.1000000015
83406  33.620  26.606  27.349 0.2000000030
83407  32.206  26.028  27.148 0.2000000030
106860  32.845  26.754  27.226 0.2000000030
83408  31.319  26.185  26.711 0.2000000030
89299  29.195  36.284  22.482 0.1000000015
88808  29.544  35.625  22.770 0.1000000015
108427  30.337  27.140  26.070 0.2000000030
83409  30.572  26.331  26.250 0.2000000030
127033  30.139  27.754  25.804 0.2000000030
83416  30.002  26.443  25.690 0.2000000030
88282  30.725  34.551  22.952 0.1000000015
88285  31.229  33.907  22.624 0.1000000015
87767  31.872  33.481  22.684 0.1000000015
86011  30.763  30.052  25.249 0.2000000030
84762  30.242  28.446  25.720 0.2000000030
87230  31.665  32.686  22.910 0.1000000015
86662  31.336  31.892  23.609 0.1000000015
86652  31.600  31.470  24.376 0.2000000030
85383  30.109  29.617  24.798 0.2000000030
89453  40.930  36.454  6.002 0.5000000000
88935  39.577  35.579  7.140 0.4000000060
88390  38.497  34.607  8.235 0.4000000060
114212  37.903  34.901  8.825 0.2000000030
115367  38.493  32.971  8.030 0.4000000060
87333  39.402  32.514  6.167 0.6000000238
86773  39.170  31.877  6.832 0.6000000238
87348  41.957  32.487  2.993 0.6000000238
86781  39.954  31.610  5.274 0.6000000238
86782  39.542  31.767  6.078 0.6000000238
86800  42.008  32.075  2.679 0.6000000238
108221  40.981  32.549  3.292 0.6000000238
86795  40.928  31.872  3.426 0.6000000238
86194  41.615  31.674  2.939 0.6000000238
83385  38.810  26.434  28.692 0.1000000015
83386  38.012  26.170  28.425 0.1000000015
84095  39.206  27.053  28.690 0.1000000015
83393  37.300  26.732  28.082 0.1000000015
107225  36.793  27.143  27.764 0.1000000015
84103  36.036  27.197  27.526 0.1000000015
128556  35.554  26.724  27.498 0.1000000015
84109  35.384  27.977  27.366 0.2000000030
83405  34.351  26.898  27.385 0.2000000030
84111  33.571  27.492  27.183 0.2000000030
106874  32.586  27.573  26.908 0.2000000030
88806  31.066  34.959  23.710 0.1000000015
107855  31.672  27.707  26.635 0.2000000030
107651  31.914  26.900  26.901 0.2000000030
88807  30.193  35.441  23.417 0.1000000015
88272  31.853  34.667  23.851 0.1000000015
88280  32.521  33.879  23.040 0.1000000015
84113  30.770  27.943  26.296 0.2000000030
84112  31.041  27.046  26.516 0.2000000030
88281  31.613  34.273  23.040 0.1000000015
113515  32.550  33.141  22.841 0.1000000015
86661  32.167  32.196  23.715 0.1000000015
85375  31.186  29.608  25.877 0.2000000030
84756  30.898  28.854  26.124 0.2000000030
86010  31.617  30.373  25.599 0.2000000030
86020  31.150  30.783  24.868 0.2000000030
89459  43.351  36.721  4.607 0.4000000060
89957  41.700  36.850  5.464 0.5000000000
89444  40.437  36.833  6.992 0.3000000119
88928  39.092  35.975  7.853 0.3000000119
84101  38.154  27.133  28.319 0.1000000015
84102  37.345  27.535  27.923 0.1000000015
84108  36.087  28.102  27.444 0.2000000030
84752  33.952  28.410  26.899 0.2000000030
84753  33.062  28.285  26.765 0.2000000030
84754  32.262  28.221  26.642 0.2000000030
85367  33.352  29.085  26.586 0.2000000030
84755  31.571  28.499  26.443 0.2000000030
87229  32.861  32.874  23.105 0.1000000015
87219  33.062  32.357  23.935 0.2000000030
86651  32.428  31.644  24.585 0.2000000030
85999  31.965  29.788  26.196 0.2000000030
85369  31.579  29.178  26.273 0.2000000030
118327  33.285  31.760  24.684 0.2000000030
86639  31.900  31.047  25.139 0.2000000030
86009  32.412  30.424  25.952 0.2000000030
106765  37.978  28.056  28.098 0.1000000015
84743  37.291  28.326  27.691 0.1000000015
84744  36.584  28.626  27.437 0.2000000030
85358  37.280  29.249  27.414 0.1000000015
84750  35.737  28.890  27.185 0.2000000030
84751  34.817  28.634  27.024 0.2000000030
85365  35.071  29.475  26.695 0.2000000030
85366  34.227  29.231  26.644 0.2000000030
86008  33.372  30.546  26.084 0.2000000030
85997  33.615  29.784  26.435 0.2000000030
85998  32.824  29.812  26.359 0.2000000030
86638  32.710  31.092  25.425 0.2000000030
127591  33.781  32.360  24.043 0.2000000030
125991  32.138  30.736  25.557 0.2000000030
107775  37.897  28.744  27.770 0.1000000015
84742  38.778  28.641  28.109 0.1000000015
85359  36.461  29.349  27.166 0.2000000030
85364  35.952  29.867  26.697 0.2000000030
86006  35.123  30.904  25.902 0.2000000030
85995  35.255  30.195  26.433 0.2000000030
85996  34.383  30.169  26.365 0.2000000030
86007  34.227  30.894  25.889 0.2000000030
86637  33.698  31.301  25.390 0.2000000030
85357  38.255  29.450  27.565 0.1000000015
113976  35.782  30.590  26.256 0.2000000030
126581  32.118  30.109  18.189 0.2000000030
84801  35.332  28.167  19.238 0.3000000119
82097  39.625  24.352  20.981 0.2000000030
89348  33.501  36.114  17.697 0.1000000015
125901  36.936  26.418  21.136 0.3000000119
82098  38.467  24.153  21.217 0.2000000030
82092  37.206  24.780  21.442 0.2000000030
82114  32.155  24.320  19.824 0.3000000119
107281  30.984  25.178  20.363 0.2000000030
82099  36.318  24.764  21.175 0.2000000030
84135  30.970  27.683  22.020 0.2000000030
119287  31.601  27.489  21.567 0.2000000030
124502  30.462  26.375  21.682 0.2000000030
85410  30.489  29.656  19.674 0.2000000030
86041  29.648  30.795  19.726 0.1000000015
117734  29.917  28.167  23.173 0.2000000030
87777  29.437  34.005  19.481 0.1000000015
85425  30.982  29.794  19.005 0.2000000030
85408  32.299  29.082  18.975 0.2000000030
84150  33.996  27.427  20.479 0.3000000119
113944  34.143  27.012  20.916 0.3000000119
82102  33.620  24.892  20.367 0.2000000030
81359  37.645  22.790  31.885 0.1000000015
79158  26.823  20.261  26.552 0.1000000015
86047  31.445  30.330  18.377 0.1000000015
84803  33.733  28.632  19.043 0.2000000030
82750  35.028  25.672  20.895 0.3000000119
128675  35.008  24.151  20.514 0.4000000060
82016  36.068  23.445  30.866 0.1000000015
79965  27.657  21.428  26.250 0.1000000015
84160  35.546  27.471  19.866 0.3000000119
125794  35.202  26.717  20.793 0.3000000119
82740  36.751  25.615  21.462 0.3000000119
82091  38.048  24.871  21.652 0.2000000030
86653  30.794  31.221  24.072 0.2000000030
84876  35.790  28.513  10.933 0.2000000030
84211  36.319  27.952  10.462 0.2000000030
84221  36.832  27.360  9.952 0.2000000030
83527  37.296  26.705  9.376 0.3000000119
82058  33.739  24.368  27.410 0.1000000015
82706  33.159  24.782  27.326 0.1000000015
126658  32.086  24.760  26.964 0.1000000015
87884  40.103  33.500  4.558 0.6000000238
82715  33.191  25.791  27.341 0.2000000030
85376  30.443  29.253  25.514 0.2000000030
89331  35.027  36.640  18.234 0.1000000015
86794  41.572  32.325  2.930 0.6000000238
88929  38.476  35.590  8.376 0.2000000030
106764  36.697  27.811  27.620 0.1000000015
84110  34.536  27.780  27.276 0.2000000030
85368  32.372  29.000  26.483 0.2000000030
71590  55.636  13.573  7.569 0.1000000015
72431  53.749  12.479  10.074 0.1000000015
72442  54.736  13.372  8.887 0.1000000015
73290  54.317  14.447  10.370 0.1000000015
73300  54.698  14.591  8.927 0.1000000015
72430  54.497  13.844  10.007 0.1000000015
72452  55.186  14.413  7.988 0.1000000015
72421  53.640  13.671  11.620 0.1000000015
72411  53.378  13.691  12.419 0.1000000015
73278  54.039  14.445  11.074 0.1000000015
73289  54.468  14.724  9.674 0.1000000015
73310  54.879  14.620  8.364 0.1000000015
74200  54.314  14.965  9.634 0.1000000015
74210  54.546  14.811  9.047 0.1000000015
73255  53.752  14.490  12.684 0.1000000015
72399  52.839  13.576  13.251 0.1000000015
74176  53.971  15.078  12.209 0.1000000015
73265  53.900  14.526  11.900 0.1000000015
74187  53.783  14.777  11.349 0.1000000015
73312  53.820  14.245  8.310 0.1000000015
73302  53.577  14.643  9.117 0.1000000015
72453  53.260  13.161  8.098 0.1000000015
71591  52.730  12.002  7.860 0.1000000015
74164  53.960  15.101  13.703 0.1000000015
74168  53.986  15.206  13.078 0.1000000015
75062  53.937  15.221  12.532 0.1000000015
75075  53.838  15.155  12.012 0.1000000015
74188  53.466  14.991  11.313 0.1000000015
74177  52.892  15.169  11.941 0.1000000015
74202  52.795  14.806  10.694 0.1000000015
74189  52.260  14.858  11.487 0.1000000015
72443  52.810  13.648  8.839 0.1000000015
72454  52.261  12.470  8.659 0.1000000015
71576  51.354  11.864  9.220 0.1000000015
69188  44.876  8.555  4.225 0.1000000015
70016  44.515  8.701  4.883 0.1000000015
69171  44.558  7.912  7.057 0.1000000015
70017  44.426  9.254  4.440 0.1000000015
128622  54.186  15.963  13.562 0.1000000015
112870  53.848  15.529  13.106 0.1000000015
74178  51.627  15.009  12.273 0.1000000015
73292  52.120  14.218  10.298 0.1000000015
73279  51.638  14.308  10.989 0.1000000015
72432  51.502  13.399  10.121 0.1000000015
72444  51.834  12.953  9.436 0.1000000015
123889  50.062  12.477  10.662 0.1000000015
71577  50.364  11.381  9.607 0.1000000015
69170  47.660  8.619  6.994 0.1000000015
68296  47.353  8.028  7.051 0.1000000015
68292  46.471  7.060  8.481 0.1000000015
67471  45.560  6.383  8.692 0.1000000015
108686  46.487  7.643  6.531 0.1000000015
68297  45.537  7.095  7.076 0.1000000015
67478  44.875  6.772  7.559 0.1000000015
109926  45.546  7.304  6.366 0.1000000015
68298  44.965  7.035  6.772 0.1000000015
68305  44.833  7.353  6.501 0.1000000015
68299  44.745  7.044  7.406 0.1000000015
69193  45.019  9.011  3.758 0.1000000015
69176  44.646  7.986  6.119 0.1000000015
75985  54.003  16.666  14.097 0.1000000015
75053  52.849  15.773  13.185 0.1000000015
75994  53.426  16.194  13.580 0.1000000015
75063  53.512  15.406  12.555 0.1000000015
74179  50.432  14.760  12.492 0.1000000015
73280  50.549  13.692  11.287 0.1000000015
73293  50.656  13.097  10.656 0.1000000015
71566  48.766  11.560  10.579 0.1000000015
71579  48.332  10.885  10.064 0.1000000015
70762  48.040  10.359  9.297 0.1000000015
116509  47.917  9.922  8.519 0.1000000015
70780  47.350  9.888  8.079 0.1000000015
70002  47.600  9.177  7.152 0.1000000015
128648  47.613  13.643  11.872 0.1000000015
72436  47.423  12.342  11.063 0.1000000015
71568  47.108  11.889  10.519 0.1000000015
71581  46.765  11.774  9.913 0.1000000015
70763  47.243  10.490  9.015 0.1000000015
70781  46.623  10.686  8.442 0.1000000015
69174  47.117  8.676  6.568 0.1000000015
128500  47.178  8.229  6.574 0.1000000015
73295  46.874  12.905  11.029 0.1000000015
72437  46.690  12.512  10.270 0.1000000015
72445  46.502  12.223  9.305 0.1000000015
71594  46.300  11.582  8.413 0.1000000015
114355  46.220  10.857  7.837 0.1000000015
70795  46.085  10.466  7.016 0.1000000015
69175  46.682  8.191  6.022 0.1000000015
68303  45.896  7.687  5.662 0.1000000015
74213  46.455  13.942  9.696 0.1000000015
73304  46.470  13.087  9.630 0.1000000015
127735  46.416  12.925  8.945 0.1000000015
122113  46.104  12.162  7.940 0.1000000015
71606  45.922  11.464  7.404 0.1000000015
70808  45.719  10.955  6.305 0.1000000015
70014  46.072  9.109  5.138 0.1000000015
108786  46.128  8.346  5.307 0.1000000015
68304  45.150  7.347  6.011 0.1000000015
68308  44.929  7.579  5.773 0.1000000015
109974  46.480  13.622  8.930 0.1000000015
73318  46.495  13.398  7.567 0.1000000015
127375  46.305  12.792  7.912 0.1000000015
72464  46.118  12.550  7.242 0.1000000015
113981  45.794  11.808  6.688 0.1000000015
71622  45.617  10.918  5.346 0.1000000015
70015  45.625  9.410  4.407 0.1000000015
69186  45.558  8.623  4.548 0.1000000015
68307  45.251  7.724  5.281 0.1000000015
74222  47.130  14.871  7.640 0.1000000015
74223  46.850  14.140  7.171 0.1000000015
73324  46.516  13.398  6.701 0.1000000015
73329  46.604  13.387  5.643 0.1000000015
72476  46.128  12.399  5.283 0.1000000015
69187  45.084  8.663  4.014 0.1000000015
69180  45.188  8.204  4.600 0.1000000015
72482  46.110  12.344  4.217 0.1000000015
71628  45.530  11.683  3.563 0.1000000015
71629  45.232  10.569  3.646 0.1000000015
72488  46.004  12.545  3.440 0.1000000015
75986  52.531  16.811  14.236 0.1000000015
75995  52.084  16.301  13.844 0.1000000015
75987  51.566  16.806  14.221 0.1000000015
75054  51.549  15.770  13.393 0.1000000015
124453  50.571  15.739  13.404 0.1000000015
75996  50.810  16.475  13.838 0.1000000015
74180  49.339  14.730  12.609 0.1000000015
73266  48.848  14.121  12.258 0.1000000015
73267  47.881  14.208  12.233 0.1000000015
74182  47.527  14.942  12.281 0.1000000015
72424  47.818  12.916  11.546 0.1000000015
118657  47.172  13.374  11.529 0.1000000015
126133  46.678  15.036  10.516 0.1000000015
75090  47.123  15.695  9.059 0.1000000015
75095  47.348  15.631  8.092 0.1000000015
74217  46.862  14.954  8.558 0.1000000015
74228  47.373  14.820  6.758 0.1000000015
75114  47.858  14.882  5.147 0.1000000015
74233  47.292  14.225  5.347 0.1000000015
73335  46.931  13.687  4.666 0.1000000015
73336  46.542  13.135  3.998 0.1000000015
73340  46.415  13.346  3.254 0.1000000015
73341  45.727  12.889  2.862 0.1000000015
76917  52.919  17.559  14.446 0.1000000015
76918  51.757  17.431  14.396 0.1000000015
76927  50.317  17.532  13.780 0.1000000015
110623  49.837  16.943  13.592 0.1000000015
75997  49.087  16.833  13.089 0.1000000015
76003  48.480  16.182  12.724 0.1000000015
75068  48.019  15.546  12.481 0.1000000015
76957  48.351  17.479  11.086 0.1000000015
76010  47.347  15.898  11.587 0.1000000015
76016  47.342  16.259  10.669 0.1000000015
76032  47.876  17.087  8.935 0.1000000015
76033  47.571  16.393  8.539 0.1000000015
110795  48.310  16.797  7.178 0.1000000015
76042  47.766  16.284  7.625 0.1000000015
75106  48.043  16.120  6.787 0.1000000015
75107  47.808  15.458  6.358 0.1000000015
122023  48.012  15.334  5.664 0.1000000015
126429  48.136  15.020  4.513 0.1000000015
74241  47.587  14.417  4.391 0.1000000015
73339  47.046  13.818  3.759 0.1000000015
74247  47.505  14.476  3.410 0.1000000015
74248  46.859  14.050  2.958 0.1000000015
73345  46.093  13.704  2.592 0.1000000015
73346  45.185  13.432  2.320 0.1000000015
74259  45.855  15.069  1.664 0.1000000015
76904  55.494  17.985  15.250 0.1000000015
77721  54.381  18.667  14.529 0.1000000015
77720  55.204  18.293  14.728 0.1000000015
77722  53.170  18.587  14.509 0.1000000015
77723  52.004  18.368  14.422 0.1000000015
126149  52.430  18.891  14.406 0.1000000015
77724  50.981  18.037  14.153 0.1000000015
126281  50.479  18.123  13.710 0.1000000015
78499  51.505  19.494  13.400 0.1000000015
76928  49.623  17.594  13.181 0.1000000015
76940  49.142  17.641  12.455 0.1000000015
76949  48.406  17.040  12.149 0.1000000015
76956  48.957  18.238  10.745 0.1000000015
122758  48.475  17.764  10.268 0.1000000015
76962  48.324  17.622  9.469 0.2000000030
76968  48.952  18.150  8.181 0.2000000030
112581  49.394  17.866  6.718 0.2000000030
76984  50.065  18.050  5.943 0.2000000030
76049  48.844  17.185  6.605 0.1000000015
108390  49.422  17.412  6.055 0.1000000015
76062  49.377  16.622  4.812 0.1000000015
76056  48.840  16.163  5.201 0.1000000015
75118  48.431  15.518  5.020 0.1000000015
76061  50.060  17.081  4.238 0.2000000030
75117  48.991  15.996  4.482 0.1000000015
119613  48.580  15.450  4.157 0.1000000015
74240  48.099  14.940  3.812 0.1000000015
75123  48.555  15.478  3.356 0.1000000015
75124  47.930  15.079  2.994 0.1000000015
75130  47.663  15.352  2.236 0.1000000015
74255  45.509  14.259  1.977 0.1000000015
75943  54.533  17.121  16.762 0.1000000015
75929  53.227  16.752  17.586 0.1000000015
75944  53.766  16.770  17.015 0.1000000015
77712  55.570  18.660  15.673 0.1000000015
76895  55.477  18.154  16.027 0.1000000015
76896  55.184  17.589  16.423 0.1000000015
78480  55.606  19.157  15.352 0.1000000015
78473  55.606  19.286  16.070 0.1000000015
78486  55.455  19.123  14.930 0.1000000015
78487  54.973  19.300  14.569 0.2000000030
78488  53.775  19.457  14.436 0.2000000030
79259  53.325  20.147  14.161 0.2000000030
78490  52.002  19.189  14.212 0.1000000015
77733  51.335  18.795  14.039 0.1000000015
77734  50.723  18.672  13.480 0.1000000015
78509  50.850  19.291  12.767 0.1000000015
77760  49.875  18.720  11.789 0.2000000030
109724  49.649  18.765  10.914 0.1000000015
77773  49.472  18.749  10.140 0.1000000015
78547  50.775  19.694  9.239 0.2000000030
77782  48.876  18.271  9.804 0.1000000015
77781  49.436  18.737  9.304 0.2000000030
77789  49.473  18.646  8.445 0.2000000030
77805  49.968  18.420  6.687 0.2000000030
77804  50.662  18.718  6.260 0.2000000030
77813  51.846  18.957  5.111 0.2000000030
109213  50.490  18.018  5.148 0.2000000030
76991  49.792  17.408  5.181 0.2000000030
77826  51.293  18.322  4.682 0.2000000030
76999  50.638  17.702  4.437 0.2000000030
76067  49.769  16.407  3.126 0.1000000015
75122  49.116  15.924  3.676 0.1000000015
75128  49.132  15.964  2.864 0.1000000015
76866  53.032  17.818  19.493 0.1000000015
76878  52.251  17.428  19.217 0.1000000015
76877  52.863  17.349  18.812 0.1000000015
75931  52.009  17.001  18.646 0.1000000015
76876  53.510  17.318  18.266 0.1000000015
118384  55.603  19.804  15.581 0.1000000015
119466  55.565  19.668  15.112 0.1000000015
79256  55.509  20.440  15.061 0.2000000030
79258  54.522  20.334  14.360 0.2000000030
79257  55.170  20.897  14.487 0.2000000030
79267  54.744  21.308  13.886 0.2000000030
79268  53.961  20.928  13.747 0.2000000030
79269  53.042  20.666  13.437 0.2000000030
79278  53.734  21.370  12.928 0.2000000030
81528  53.973  23.933  11.324 0.2000000030
79270  52.213  20.358  12.966 0.2000000030
80848  54.040  23.446  10.578 0.2000000030
79280  52.314  20.660  12.071 0.2000000030
78508  51.465  19.999  12.225 0.2000000030
79294  52.131  20.625  11.201 0.2000000030
80092  54.150  22.794  10.698 0.2000000030
78521  50.611  19.357  11.951 0.2000000030
116724  52.465  20.876  10.381 0.2000000030
107994  53.103  21.426  9.894 0.2000000030
78533  50.747  19.723  10.218 0.2000000030
79306  52.354  20.749  9.724 0.2000000030
79317  53.003  21.303  8.993 0.2000000030
79333  52.431  20.666  8.421 0.2000000030
79332  53.147  21.393  8.009 0.2000000030
78559  50.871  19.622  8.351 0.2000000030
78569  51.806  20.159  7.848 0.2000000030
78568  52.581  20.484  7.090 0.2000000030
77788  50.179  19.081  7.936 0.2000000030
78570  51.036  19.507  7.473 0.2000000030
77796  50.428  18.920  7.064 0.2000000030
77803  51.401  19.049  5.812 0.2000000030
78587  52.360  19.628  5.641 0.2000000030
77825  52.468  18.875  4.121 0.2000000030
76998  51.643  17.959  3.676 0.2000000030
108058  50.782  17.394  3.703 0.1000000015
76066  50.345  16.913  3.378 0.2000000030
76073  50.617  16.793  2.541 0.1000000015
77675  53.188  18.273  20.213 0.1000000015
77686  54.506  18.255  19.108 0.1000000015
77674  54.041  18.337  19.726 0.1000000015
76865  53.784  17.797  18.989 0.1000000015
77684  55.313  18.852  18.197 0.1000000015
77695  55.235  18.319  17.919 0.1000000015
80067  55.157  21.897  14.045 0.2000000030
81515  54.837  23.824  13.366 0.2000000030
127639  54.426  21.568  13.259 0.2000000030
80827  54.938  23.114  12.698 0.2000000030
81522  54.158  24.168  12.215 0.2000000030
80080  54.543  22.720  11.932 0.2000000030
81527  54.366  23.902  11.885 0.2000000030
79279  52.936  21.064  12.506 0.2000000030
80081  53.825  21.757  11.963 0.2000000030
80836  54.349  23.404  11.351 0.2000000030
79293  52.934  21.249  11.583 0.2000000030
114792  54.245  22.503  11.351 0.2000000030
79305  53.003  21.392  10.723 0.2000000030
80106  53.987  22.934  9.977 0.2000000030
77836  52.719  18.463  3.148 0.2000000030
78457  55.131  19.161  18.791 0.1000000015
79967  53.554  21.496  24.457 0.1000000015
79968  53.115  21.812  25.250 0.1000000015
80707  52.597  23.873  26.133 0.1000000015
81405  51.487  24.849  27.266 0.1000000015
82055  50.102  25.388  27.787 0.1000000015
82040  48.828  25.403  29.066 0.1000000015
82029  48.379  25.255  29.471 0.1000000015
81393  47.689  24.895  29.163 0.1000000015
80719  52.938  23.520  25.443 0.1000000015
128577  51.237  25.377  27.014 0.1000000015
114246  49.450  25.387  28.451 0.1000000015
81408  47.317  24.593  28.039 0.1000000015
80170  38.904  22.201  6.026 0.1000000015
80917  38.692  23.320  4.766 0.1000000015
80718  53.369  22.994  24.685 0.1000000015
82065  51.661  25.288  26.591 0.1000000015
81425  52.693  24.894  25.651 0.1000000015
81407  48.463  25.182  28.005 0.1000000015
80906  38.327  23.042  5.491 0.1000000015
80907  37.378  23.402  5.674 0.1000000015
80898  37.372  22.841  6.534 0.1000000015
80888  37.177  22.456  7.254 0.1000000015
81589  39.166  23.524  4.151 0.1000000015
81576  36.551  23.566  5.963 0.1000000015
81577  35.882  23.604  6.352 0.1000000015
81590  38.273  24.003  4.164 0.1000000015
82066  51.236  25.351  26.659 0.1000000015
120626  49.367  25.363  27.727 0.1000000015
82067  49.874  25.236  27.208 0.1000000015
106651  50.715  25.395  27.152 0.1000000015
81569  35.353  23.546  6.768 0.1000000015
81582  37.319  24.165  4.551 0.1000000015
82185  34.724  24.985  5.857 0.1000000015
82179  33.653  24.945  6.870 0.1000000015
82844  33.865  25.347  8.071 0.1000000015
82845  33.033  25.219  8.166 0.1000000015
121667  37.397  24.682  3.575 0.1000000015
81583  36.291  24.369  5.009 0.1000000015
82865  34.873  25.195  5.984 0.1000000015
82866  34.254  25.057  6.399 0.1000000015
81584  35.572  24.452  5.480 0.1000000015
81578  34.891  24.427  6.013 0.1000000015
82854  34.781  25.348  6.897 0.1000000015
82843  34.856  25.428  8.054 0.1000000015
82832  33.907  25.508  9.179 0.1000000015
82833  32.954  25.440  9.186 0.1000000015
82197  36.674  25.017  3.812 0.1000000015
82190  36.260  24.920  4.344 0.1000000015
82192  35.092  24.948  5.418 0.1000000015
82842  35.891  25.494  8.022 0.1000000015
82198  36.371  25.106  4.260 0.1000000015
82874  35.874  25.150  4.975 0.1000000015
82864  35.694  25.321  5.774 0.1000000015
82841  36.864  25.622  7.894 0.1000000015
82883  36.920  25.432  3.927 0.2000000030
82873  36.669  25.441  4.654 0.2000000030
82863  36.671  25.486  5.666 0.1000000015
82852  36.800  25.533  6.771 0.1000000015
82853  35.778  25.425  6.834 0.1000000015
82830  35.848  25.675  9.046 0.1000000015
82872  37.605  25.678  4.615 0.2000000030
82862  37.708  25.644  5.639 0.2000000030
83528  36.468  26.377  9.645 0.1000000015
83537  36.758  25.858  8.861 0.1000000015
83536  37.603  26.194  8.593 0.2000000030
83514  36.080  26.969  10.309 0.1000000015
84212  35.586  27.589  10.829 0.1000000015
86123  34.843  30.692  11.711 0.2000000030
85472  34.098  30.202  12.189 0.2000000030
85483  34.693  29.659  11.765 0.2000000030
86108  34.100  31.126  12.201 0.1000000015
111089  35.869  31.648  10.975 0.2000000030
87310  35.295  32.165  11.437 0.1000000015
122848  35.280  31.397  11.449 0.1000000015
87316  35.871  32.630  10.967 0.2000000030
121871  41.892  37.508  5.963 0.3000000119
89457  44.411  36.923  4.684 0.3000000119
89964  43.118  37.057  4.643 0.3000000119
89965  42.394  37.112  5.119 0.3000000119
89955  43.652  37.420  4.909 0.2000000030
89963  43.886  36.981  4.520 0.2000000030
90490  42.625  38.360  6.902 0.2000000030
120330  43.201  38.498  7.376 0.2000000030
120691  43.430  38.320  6.460 0.2000000030
76885  55.392  18.244  16.984 0.1000000015
76875  54.562  17.848  18.357 0.1000000015
77694  55.440  18.829  17.428 0.1000000015
90498  43.106  38.018  5.904 0.2000000030
77704  55.532  18.777  16.515 0.1000000015
119169  54.943  22.153  13.288 0.2000000030
80116  53.611  22.305  9.374 0.2000000030
80123  53.510  22.075  8.478 0.2000000030
81516  54.296  24.164  13.090 0.2000000030
81529  53.371  24.038  10.995 0.2000000030
79349  52.678  20.749  7.717 0.2000000030
74254  46.449  14.460  2.272 0.1000000015
74211  54.217  15.095  9.054 0.1000000015
73311  54.667  14.452  7.929 0.1000000015
73277  54.164  14.755  10.332 0.1000000015
74201  53.835  14.959  10.340 0.1000000015
111728  54.133  13.860  7.683 0.1000000015
73291  53.149  14.754  9.906 0.1000000015
74212  53.945  15.042  9.607 0.1000000015
71603  54.127  12.109  6.484 0.1000000015
71592  51.816  11.404  8.391 0.1000000015
71605  52.227  10.978  7.712 0.1000000015
75064  52.269  15.418  12.769 0.1000000015
73303  52.458  13.991  9.595 0.1000000015
72433  50.796  12.400  10.044 0.1000000015
69181  44.812  8.056  5.122 0.1000000015
126370  44.977  8.756  3.878 0.1000000015
70004  44.344  8.882  6.780 0.1000000015
75052  54.152  15.632  13.529 0.1000000015
75050  54.578  16.203  13.988 0.1000000015
75065  50.995  15.280  12.977 0.1000000015
111041  51.285  13.726  10.668 0.1000000015
74190  51.045  14.425  11.740 0.1000000015
71565  49.759  11.786  10.355 0.1000000015
73294  49.798  12.937  11.173 0.1000000015
71578  49.323  10.982  9.913 0.1000000015
68291  47.404  7.791  8.048 0.1000000015
69166  47.995  8.567  7.536 0.1000000015
106684  46.485  7.359  7.517 0.1000000015
67477  45.452  6.749  7.892 0.1000000015
67472  44.753  6.656  8.060 0.1000000015
70019  45.285  9.083  3.906 0.1000000015
75066  49.837  15.361  13.097 0.1000000015
74191  49.943  14.140  12.041 0.1000000015
73281  49.398  13.501  11.737 0.1000000015
72434  49.248  12.259  10.958 0.1000000015
73282  48.359  13.517  11.911 0.1000000015
72435  48.283  12.186  11.136 0.1000000015
71567  47.850  11.586  10.639 0.1000000015
70779  48.729  9.749  8.384 0.1000000015
71580  47.351  11.064  9.964 0.1000000015
69169  48.337  8.945  7.488 0.1000000015
70794  46.667  10.069  7.575 0.1000000015
70003  46.671  9.470  6.675 0.1000000015
74192  47.071  14.245  11.910 0.1000000015
126418  47.299  12.861  11.322 0.1000000015
73296  46.553  13.402  10.441 0.1000000015
70764  46.685  11.284  9.250 0.1000000015
70009  46.549  8.847  5.901 0.1000000015
73283  46.692  13.795  11.206 0.1000000015
74203  46.530  14.291  10.496 0.1000000015
72455  46.317  12.481  8.496 0.1000000015
70807  46.106  9.858  6.046 0.1000000015
69179  45.621  8.041  4.987 0.1000000015
75091  46.656  14.883  9.617 0.1000000015
74218  46.655  14.115  8.137 0.1000000015
73313  46.438  13.251  8.312 0.1000000015
116533  45.794  10.137  5.259 0.1000000015
71615  45.752  11.650  5.851 0.1000000015
72471  46.111  12.563  6.274 0.1000000015
71621  45.687  11.391  4.612 0.1000000015
109811  45.549  10.302  4.369 0.1000000015
75101  47.576  15.546  7.201 0.1000000015
74229  47.066  14.132  6.262 0.1000000015
114380  46.479  13.014  4.789 0.1000000015
70818  45.336  9.704  3.896 0.1000000015
76916  54.356  17.665  14.459 0.1000000015
75988  51.011  17.220  14.227 0.1000000015
75067  48.788  15.439  12.856 0.1000000015
75056  49.119  15.973  13.196 0.1000000015
74181  48.331  14.839  12.546 0.1000000015
75076  47.029  15.159  11.837 0.1000000015
121783  47.840  16.170  12.155 0.1000000015
113483  46.919  15.489  11.038 0.1000000015
75082  46.960  15.685  10.080 0.1000000015
113516  47.579  14.815  5.916 0.1000000015
75055  49.818  16.169  13.493 0.1000000015
77735  50.108  18.180  13.291 0.1000000015
77746  49.680  18.196  12.607 0.1000000015
76009  47.790  16.689  11.364 0.1000000015
76015  47.880  17.099  10.293 0.1000000015
126131  47.850  17.099  9.565 0.1000000015
76969  48.454  17.636  8.516 0.1000000015
76041  48.072  16.989  8.044 0.1000000015
126578  48.509  16.566  6.452 0.1000000015
75113  48.389  15.977  5.898 0.1000000015
74253  47.249  14.721  2.604 0.1000000015
78489  52.778  19.396  14.350 0.2000000030
77745  50.263  18.765  12.668 0.1000000015
76948  48.884  17.882  11.635 0.1000000015
77790  48.858  18.234  8.947 0.2000000030
76977  49.540  18.410  7.500 0.2000000030
76978  48.732  17.604  7.520 0.2000000030
77814  50.920  18.509  5.503 0.2000000030
76055  49.025  16.738  5.755 0.1000000015
76886  54.961  17.721  17.393 0.1000000015
76887  54.077  17.287  17.576 0.1000000015
117927  55.310  19.952  14.756 0.2000000030
78498  52.422  19.914  13.844 0.2000000030
78520  51.111  19.926  11.174 0.2000000030
114216  50.318  19.283  11.068 0.2000000030
121393  50.016  19.175  10.400 0.1000000015
120095  50.040  19.251  9.683 0.1000000015
78558  51.567  20.167  8.759 0.2000000030
77780  50.073  19.209  8.822 0.2000000030
114794  49.594  16.452  3.962 0.1000000015
80074  54.533  22.016  12.571 0.2000000030
80107  53.725  22.158  10.241 0.2000000030
80093  53.712  21.950  11.059 0.2000000030
78532  51.703  20.366  10.373 0.2000000030
79318  52.189  20.579  9.106 0.2000000030
78546  51.531  20.229  9.570 0.2000000030
110748  51.819  19.907  7.081 0.2000000030
78579  51.415  19.398  6.535 0.2000000030
81521  54.586  23.947  12.517 0.2000000030
82855  33.908  25.219  7.066 0.1000000015
82856  33.261  25.082  7.363 0.1000000015
82846  32.426  25.073  8.477 0.1000000015
82191  35.685  24.996  4.934 0.1000000015
82875  35.179  24.984  5.368 0.1000000015
82209  36.873  25.235  3.739 0.1000000015
86749  34.689  31.670  11.810 0.1000000015
89956  42.715  37.579  5.438 0.2000000030
85363  36.875  30.025  26.865 0.1000000015
85989  37.775  30.173  27.044 0.1000000015
85993  37.426  30.852  26.337 0.1000000015
85994  36.525  30.704  26.276 0.1000000015
86005  36.086  31.231  25.637 0.1000000015
86635  35.555  31.650  24.952 0.1000000015
86634  36.445  31.870  24.710 0.1000000015
86649  35.042  32.199  24.303 0.1000000015
86636  34.620  31.467  25.198 0.1000000015
86004  37.105  31.501  25.389 0.1000000015
86650  34.159  31.942  24.549 0.1000000015
84866  34.540  28.727  11.763 0.1000000015
88300  46.502  33.712  17.455 0.1000000015
88834  47.598  34.678  17.410 0.1000000015
88852  48.436  34.708  17.086 0.1000000015
87294  30.294  32.300  13.272 0.1000000015
87833  29.991  33.503  13.180 0.1000000015
87303  31.474  32.882  12.806 0.1000000015
87304  30.636  33.080  13.052 0.1000000015
114548  29.256  33.229  13.334 0.1000000015
126680  28.579  33.155  13.362 0.1000000015
87843  33.805  33.057  12.203 0.1000000015
88309  44.770  34.740  16.625 0.1000000015
88835  46.732  34.900  17.283 0.1000000015
111401  47.245  35.938  17.336 0.1000000015
88853  46.308  36.556  17.358 0.1000000015
108933  48.161  36.335  17.590 0.1000000015
88833  49.280  36.126  17.470 0.1000000015
128749  47.992  37.790  18.801 0.1000000015
88851  49.256  35.407  17.121 0.1000000015
89339  48.837  37.473  18.301 0.1000000015
89338  49.482  37.067  17.782 0.1000000015
89362  49.004  35.472  16.367 0.1000000015
89353  49.617  36.184  17.300 0.1000000015
89958  41.144  37.252  6.464 0.1000000015
88348  30.487  33.987  12.913 0.1000000015
118107  29.571  34.252  13.194 0.1000000015
87834  28.474  33.819  13.359 0.1000000015
114738  27.959  33.076  13.304 0.1000000015
87835  27.433  33.783  13.217 0.1000000015
90499  42.221  38.017  6.434 0.1000000015
87300  33.990  32.051  12.233 0.1000000015
108219  32.862  33.202  12.441 0.1000000015
88361  31.752  34.315  12.561 0.1000000015
127662  30.224  34.509  12.943 0.1000000015
88349  27.814  34.613  13.393 0.1000000015
87311  34.613  32.595  11.822 0.1000000015
87844  33.302  33.905  12.236 0.1000000015
88308  45.691  34.780  16.894 0.1000000015
115775  44.954  35.520  16.692 0.1000000015
88854  45.629  35.881  16.860 0.1000000015
89340  45.753  37.697  18.529 0.1000000015
119749  46.999  37.317  18.108 0.1000000015
120811  47.359  38.128  19.192 0.1000000015
89861  48.122  38.024  19.002 0.1000000015
89337  49.665  36.803  17.538 0.1000000015
89859  49.530  37.437  17.957 0.1000000015
89872  49.699  37.292  17.460 0.1000000015
89361  49.660  35.881  16.793 0.1000000015
89883  49.500  37.070  15.096 0.1000000015
89370  49.131  36.842  14.460 0.1000000015
89887  49.029  37.119  13.468 0.1000000015
89392  31.429  36.125  12.450 0.1000000015
89393  30.802  36.709  12.652 0.1000000015
126266  30.283  36.345  12.827 0.1000000015
112933  29.940  36.961  12.988 0.1000000015
89376  29.090  36.649  13.308 0.1000000015
89375  29.759  35.978  13.044 0.1000000015
118023  28.990  35.906  13.318 0.1000000015
89391  32.110  36.387  12.184 0.1000000015
88894  32.314  35.055  12.342 0.1000000015
88895  31.483  35.283  12.506 0.1000000015
88882  30.044  35.069  12.969 0.1000000015
88883  29.251  35.213  13.231 0.1000000015
88884  28.317  35.450  13.435 0.1000000015
89944  41.383  37.944  6.886 0.1000000015
114825  33.700  34.933  11.796 0.1000000015
88893  33.184  34.837  12.077 0.1000000015
88360  32.637  34.383  12.348 0.1000000015
123519  35.244  34.641  11.089 0.1000000015
88905  34.830  35.398  11.080 0.1000000015
88372  34.683  34.483  11.459 0.1000000015
127258  33.920  33.712  12.040 0.1000000015
88378  36.219  34.870  10.334 0.1000000015
88379  35.745  34.326  10.788 0.1000000015
87856  35.822  33.506  10.908 0.1000000015
87851  35.278  33.068  11.420 0.1000000015
112914  40.042  35.723  18.768 0.1000000015
88826  41.188  35.710  19.439 0.1000000015
88820  40.363  35.846  20.102 0.1000000015
89326  39.420  36.093  19.951 0.1000000015
88855  44.218  35.632  16.633 0.1000000015
88856  43.357  35.701  16.688 0.1000000015
88857  42.487  35.706  16.836 0.1000000015
88837  41.526  35.756  18.067 0.1000000015
89313  41.067  36.276  21.152 0.1000000015
89314  40.066  36.347  20.870 0.1000000015
89315  39.108  36.502  20.470 0.1000000015
89357  43.192  36.377  17.604 0.1000000015
89344  42.499  36.124  18.887 0.1000000015
89325  42.855  36.440  20.013 0.1000000015
88819  41.493  35.925  20.724 0.1000000015
89306  40.603  36.762  21.357 0.1000000015
89307  39.809  36.896  21.303 0.1000000015
89828  39.466  37.458  21.370 0.1000000015
89355  44.775  36.430  17.100 0.1000000015
89356  43.965  36.439  17.247 0.1000000015
89342  43.774  37.351  18.427 0.1000000015
89311  42.847  36.857  20.704 0.1000000015
89312  42.003  36.615  21.059 0.1000000015
89305  41.287  36.867  21.313 0.1000000015
89827  40.306  37.119  21.369 0.1000000015
90348  39.650  37.692  21.328 0.1000000015
89354  45.428  36.853  17.564 0.1000000015
89864  44.456  37.417  18.346 0.1000000015
89323  43.474  37.284  19.293 0.1000000015
89324  43.198  37.122  20.042 0.1000000015
89835  42.466  37.021  20.935 0.1000000015
89304  41.945  36.906  21.168 0.1000000015
89837  40.542  37.420  21.078 0.1000000015
90367  39.689  38.164  20.765 0.1000000015
89863  45.542  37.941  18.683 0.1000000015
89866  43.552  37.259  19.392 0.1000000015
89848  43.116  37.120  20.266 0.1000000015
89836  41.685  37.117  21.001 0.1000000015
128716  40.053  37.903  19.934 0.1000000015
90374  47.199  38.110  19.114 0.1000000015
89860  49.147  37.926  18.524 0.1000000015
120952  49.537  38.045  17.246 0.1000000015
89878  49.690  37.309  16.306 0.1000000015
89882  49.228  37.769  14.249 0.1000000015
89886  49.155  37.935  12.919 0.1000000015
114125  49.234  37.359  13.794 0.1000000015
118591  49.178  37.561  12.670 0.1000000015
127216  40.799  38.583  10.250 0.1000000015
90453  40.037  38.654  10.327 0.1000000015
90454  39.150  38.751  10.340 0.1000000015
113426  41.824  38.501  8.738 0.1000000015
90467  41.263  38.523  9.591 0.1000000015
90468  40.395  38.544  9.436 0.1000000015
90455  38.316  38.786  10.301 0.1000000015
90437  38.776  39.069  11.032 0.1000000015
90423  31.972  38.488  12.382 0.1000000015
121734  31.188  37.357  12.530 0.1000000015
89889  29.947  37.841  13.110 0.1000000015
89377  28.384  36.298  13.456 0.1000000015
89890  28.202  37.125  13.500 0.1000000015
124415  27.274  36.826  13.490 0.1000000015
90480  40.938  38.517  8.645 0.1000000015
90469  39.426  38.539  9.368 0.1000000015
110926  38.691  38.588  9.727 0.1000000015
90456  37.474  38.651  10.140 0.1000000015
90439  36.822  38.896  10.775 0.1000000015
91015  36.399  39.403  11.569 0.1000000015
119120  35.048  38.694  11.148 0.1000000015
110920  34.165  38.528  11.434 0.1000000015
90441  33.366  38.093  11.553 0.1000000015
90442  32.585  37.770  11.894 0.1000000015
89899  31.791  37.606  12.301 0.1000000015
117247  31.580  36.881  12.353 0.1000000015
89378  27.684  36.114  13.505 0.1000000015
128484  41.478  38.482  8.019 0.1000000015
90481  40.094  38.391  8.546 0.1000000015
90457  36.148  38.359  10.253 0.1000000015
90458  35.397  38.230  10.520 0.1000000015
89917  34.658  38.057  10.764 0.1000000015
89908  33.949  37.685  11.073 0.1000000015
89401  33.919  36.832  11.057 0.1000000015
89909  33.215  37.242  11.479 0.1000000015
89898  32.227  37.098  12.038 0.1000000015
88885  27.289  35.425  13.412 0.1000000015
90491  41.767  38.321  7.318 0.1000000015
90492  40.840  38.317  7.760 0.1000000015
89934  39.976  38.078  7.989 0.1000000015
90483  38.731  37.974  8.674 0.1000000015
89924  37.968  37.848  9.034 0.1000000015
90471  37.246  38.158  9.533 0.1000000015
89926  36.506  37.904  9.736 0.1000000015
89915  35.729  37.618  10.054 0.1000000015
89416  35.143  36.967  10.326 0.1000000015
89417  34.532  37.293  10.664 0.1000000015
88918  34.618  36.425  10.783 0.1000000015
89402  33.348  36.340  11.536 0.1000000015
88908  32.731  35.789  11.991 0.1000000015
89379  26.436  36.578  13.246 0.1000000015
89435  39.220  36.813  8.062 0.2000000030
89936  38.571  37.186  8.556 0.1000000015
89937  37.803  36.803  8.926 0.1000000015
89925  37.039  37.293  9.335 0.1000000015
89427  36.472  36.463  9.655 0.1000000015
88917  35.328  36.066  10.495 0.1000000015
88906  34.077  35.938  11.310 0.1000000015
89437  37.814  35.830  8.890 0.1000000015
88923  37.294  35.181  9.329 0.1000000015
89426  37.174  36.173  9.285 0.1000000015
88924  36.651  35.484  9.759 0.1000000015
114049  35.574  35.160  10.669 0.1000000015
88386  36.790  34.552  9.851 0.1000000015
88858  41.611  35.596  16.917 0.1000000015
88838  40.359  35.633  17.848 0.1000000015
89327  38.575  36.231  19.318 0.1000000015
89838  38.812  37.025  20.975 0.1000000015
90359  39.248  38.520  21.333 0.1000000015
123922  44.961  37.754  18.429 0.1000000015
90375  46.011  38.065  18.862 0.1000000015
90376  45.188  38.029  18.408 0.1000000015
126807  44.338  37.441  18.251 0.1000000015
89867  42.596  37.414  19.004 0.1000000015
89868  41.431  37.511  18.238 0.1000000015
89849  41.895  37.382  19.780 0.1000000015
90368  38.959  38.793  19.813 0.1000000015
119056  47.694  38.516  18.186 0.1000000015
90388  44.777  38.290  17.180 0.1000000015
90377  44.593  37.796  17.991 0.1000000015
121868  43.919  37.673  17.756 0.1000000015
127903  42.846  37.559  18.428 0.1000000015
90378  39.816  37.818  18.508 0.1000000015
90373  48.415  38.221  18.742 0.1000000015
90384  49.165  38.221  18.120 0.1000000015
90390  43.042  38.145  16.504 0.1000000015
89874  41.895  37.613  17.541 0.1000000015
89869  40.598  37.595  18.325 0.1000000015
119909  39.296  38.329  19.082 0.1000000015
90398  49.048  38.669  16.709 0.1000000015
90397  49.348  38.270  16.020 0.1000000015
90414  49.047  38.667  13.706 0.1000000015
90435  40.762  38.794  11.082 0.1000000015
90436  39.716  38.926  11.100 0.1000000015
91012  39.279  39.441  11.660 0.1000000015
91013  38.316  39.522  11.641 0.1000000015
90988  36.829  40.026  12.129 0.1000000015
90989  35.951  39.956  12.116 0.1000000015
120714  35.120  39.863  12.174 0.1000000015
108777  31.195  38.044  12.572 0.1000000015
89900  30.586  37.564  12.776 0.1000000015
90415  29.555  38.524  13.250 0.1000000015
91014  37.334  39.500  11.587 0.1000000015
90990  34.368  39.841  12.274 0.1000000015
91017  33.941  39.246  12.023 0.1000000015
90991  33.232  39.283  12.238 0.1000000015
90422  32.857  38.594  12.061 0.1000000015
118321  27.364  37.841  13.487 0.1000000015
91495  34.032  40.519  12.443 0.1000000015
124883  33.661  39.880  12.384 0.1000000015
90992  32.478  39.304  12.412 0.1000000015
89891  26.534  37.385  13.289 0.1000000015
89839  37.612  37.188  20.142 0.1000000015
89829  38.515  37.666  21.340 0.1000000015
90349  38.944  38.215  21.662 0.1000000015
90931  38.906  39.364  20.301 0.1000000015
90387  45.627  38.395  17.550 0.1000000015
90386  46.654  38.477  17.902 0.1000000015
90389  43.995  38.187  16.834 0.1000000015
90402  44.374  38.603  15.959 0.1000000015
90940  47.379  38.923  16.756 0.1000000015
90385  48.487  38.657  17.640 0.1000000015
90403  43.511  38.580  15.704 0.1000000015
90392  41.056  37.948  16.363 0.1000000015
89875  40.692  37.675  17.219 0.1000000015
90393  39.768  37.820  17.294 0.1000000015
90369  38.357  38.900  18.283 0.1000000015
90399  48.378  39.072  16.409 0.1000000015
90404  42.134  38.414  15.643 0.1000000015
120318  41.419  38.304  15.755 0.1000000015
90946  48.994  39.072  15.362 0.1000000015
127950  48.983  38.633  12.840 0.1000000015
90409  49.134  38.534  14.856 0.1000000015
90421  49.217  38.519  12.039 0.1000000015
106125  49.831  37.895  10.488 0.1000000015
90434  41.785  38.876  11.294 0.1000000015
91011  40.227  39.333  11.702 0.1000000015
90985  39.744  39.909  12.174 0.1000000015
90986  38.820  40.000  12.138 0.1000000015
91492  37.111  40.725  12.368 0.1000000015
121607  35.395  40.560  12.365 0.1000000015
91491  38.456  40.707  12.370 0.1000000015
90987  37.809  40.130  12.185 0.1000000015
91493  36.272  40.656  12.362 0.1000000015
92017  35.681  41.344  12.386 0.1000000015
91494  34.705  40.390  12.377 0.1000000015
107978  32.217  40.087  12.573 0.1000000015
92015  37.357  41.476  12.397 0.1000000015
92591  36.880  42.147  12.253 0.1000000015
92592  36.043  42.081  12.211 0.1000000015
92593  35.136  42.033  12.184 0.1000000015
125226  34.642  41.195  12.412 0.1000000015
91496  32.779  40.669  12.502 0.1000000015
89328  37.669  36.362  18.777 0.1000000015
89317  37.345  36.689  19.245 0.1000000015
89851  36.640  36.894  19.125 0.1000000015
89852  35.725  37.112  18.901 0.1000000015
107786  36.495  37.464  19.774 0.1000000015
89830  37.339  37.807  20.820 0.1000000015
90350  38.126  38.274  21.733 0.1000000015
126056  38.495  38.806  22.081 0.1000000015
119068  39.028  38.819  21.714 0.1000000015
90924  39.049  39.502  21.386 0.1000000015
91441  38.513  40.044  19.246 0.1000000015
90932  38.436  39.512  18.970 0.1000000015
91439  38.246  40.870  18.822 0.1000000015
91442  37.753  40.161  18.500 0.1000000015
91969  37.136  40.910  18.451 0.1000000015
90400  46.143  38.816  16.523 0.1000000015
90401  45.222  38.686  16.260 0.1000000015
90950  44.842  39.096  15.301 0.1000000015
127003  42.773  38.608  15.467 0.1000000015
106518  40.064  38.035  16.304 0.1000000015
90379  38.909  38.287  17.563 0.1000000015
127016  37.807  39.541  18.220 0.1000000015
91443  36.954  40.368  18.179 0.1000000015
90952  43.064  39.042  14.907 0.1000000015
90953  42.237  38.943  14.922 0.1000000015
115793  39.168  38.277  16.468 0.1000000015
90395  37.919  38.942  16.301 0.1000000015
90933  37.568  39.359  17.565 0.1000000015
90934  37.168  39.836  17.921 0.1000000015
91446  36.539  40.226  17.613 0.1000000015
90948  47.740  39.528  15.485 0.1000000015
90960  49.082  39.750  14.250 0.1000000015
114195  49.024  39.609  12.820 0.1000000015
91002  49.566  38.483  10.970 0.1000000015
123943  49.131  39.134  11.709 0.1000000015
91010  41.179  39.322  11.734 0.1000000015
90984  40.638  39.878  12.197 0.1000000015
91490  39.308  40.626  12.356 0.1000000015
126979  37.773  40.869  12.408 0.1000000015
120831  38.493  42.217  12.308 0.1000000015
92590  37.683  42.198  12.278 0.1000000015
92610  36.408  42.763  11.877 0.1000000015
92611  35.558  42.713  11.812 0.1000000015
92612  34.686  42.726  11.759 0.1000000015
92609  37.230  42.832  11.952 0.1000000015
93157  36.791  43.430  11.542 0.1000000015
93158  35.960  43.378  11.473 0.1000000015
93167  35.537  43.923  11.018 0.1000000015
90361  35.098  38.326  20.078 0.1000000015
90360  36.226  38.039  20.373 0.1000000015
90351  37.015  38.398  21.253 0.1000000015
90353  35.074  38.934  20.665 0.1000000015
90352  35.984  38.672  20.848 0.1000000015
90345  37.644  38.777  21.972 0.1000000015
90949  46.482  39.338  15.577 0.1000000015
90965  44.453  39.604  14.622 0.1000000015
90951  43.944  39.065  15.067 0.1000000015
91970  36.422  41.463  18.601 0.1000000015
90964  45.523  39.607  14.843 0.1000000015
90967  42.530  39.652  14.388 0.1000000015
90968  41.613  39.414  14.557 0.1000000015
90405  40.574  38.535  15.466 0.1000000015
90406  39.533  38.598  15.604 0.1000000015
90394  38.468  38.570  16.627 0.1000000015
90936  37.405  39.324  16.730 0.1000000015
90937  36.889  39.734  17.134 0.1000000015
91444  36.345  40.750  18.143 0.1000000015
90961  48.933  39.940  14.695 0.1000000015
90955  39.044  39.182  15.136 0.1000000015
90408  37.960  39.179  15.713 0.1000000015
90941  37.401  39.409  15.983 0.1000000015
91450  36.237  40.219  16.800 0.1000000015
91971  35.515  41.214  18.099 0.1000000015
90979  49.036  40.059  11.943 0.1000000015
121002  48.863  38.881  10.485 0.1000000015
90432  43.569  39.086  11.541 0.1000000015
91009  42.085  39.396  11.813 0.1000000015
91489  40.175  40.602  12.374 0.1000000015
92012  40.602  41.416  12.392 0.1000000015
92013  39.759  41.419  12.414 0.1000000015
92589  39.335  42.213  12.322 0.1000000015
93154  40.138  43.568  11.607 0.1000000015
120710  38.882  42.925  12.049 0.1000000015
92608  38.044  42.884  12.003 0.1000000015
93713  40.097  44.783  10.794 0.1000000015
93156  37.602  43.475  11.594 0.1000000015
93165  37.194  44.048  11.190 0.1000000015
93166  36.377  44.013  11.103 0.1000000015
125899  34.364  39.160  20.532 0.1000000015
90926  34.780  39.575  20.896 0.1000000015
90925  35.704  39.339  21.200 0.1000000015
90919  36.677  39.008  21.576 0.1000000015
126069  37.989  39.176  22.353 0.1000000015
91438  38.929  40.292  19.979 0.1000000015
108027  38.505  39.505  22.292 0.1000000015
109082  38.191  41.695  19.040 0.1000000015
91966  37.346  41.641  18.831 0.1000000015
92537  36.645  42.216  19.084 0.1000000015
91987  49.075  41.834  14.128 0.1000000015
91460  48.679  40.908  14.415 0.1000000015
118395  47.677  40.317  14.722 0.1000000015
92542  35.687  41.995  18.775 0.1000000015
91461  46.728  40.530  14.518 0.1000000015
91463  44.937  40.172  14.280 0.1000000015
115121  41.001  39.860  14.333 0.1000000015
90954  39.918  39.102  14.930 0.1000000015
90970  39.425  39.691  14.643 0.1000000015
91459  49.124  40.923  14.159 0.1000000015
90971  38.484  39.792  14.800 0.1000000015
90957  37.667  39.696  15.330 0.1000000015
90958  36.950  39.897  15.728 0.1000000015
90942  36.795  39.796  16.324 0.1000000015
91447  35.824  40.635  17.435 0.1000000015
91481  49.163  40.895  12.596 0.1000000015
91472  49.208  40.832  13.549 0.1000000015
91504  48.948  40.158  11.829 0.1000000015
91005  47.176  39.448  11.565 0.1000000015
91007  43.802  39.679  11.974 0.1000000015
91008  42.942  39.509  11.883 0.1000000015
90983  41.504  39.899  12.212 0.1000000015
91487  41.790  40.651  12.331 0.1000000015
92011  41.399  41.414  12.338 0.1000000015
92588  40.189  42.203  12.301 0.1000000015
92607  39.747  42.925  12.019 0.1000000015
93707  40.547  44.220  11.244 0.1000000015
91425  33.752  41.081  21.061 0.1000000015
91432  34.265  40.283  20.957 0.1000000015
90920  35.287  40.161  21.324 0.1000000015
113410  36.368  39.732  21.690 0.1000000015
90918  37.291  39.394  22.120 0.1000000015
91423  36.967  40.100  22.162 0.1000000015
91422  37.870  39.863  22.457 0.1000000015
91431  39.059  40.136  21.334 0.1000000015
91965  38.890  41.305  19.309 0.1000000015
120057  47.438  41.103  14.373 0.1000000015
91473  46.299  41.023  14.219 0.1000000015
107549  34.833  41.772  18.328 0.1000000015
91474  45.346  40.888  14.074 0.1000000015
91464  44.028  40.179  14.178 0.1000000015
122117  40.506  40.254  14.281 0.1000000015
90969  40.241  39.699  14.503 0.1000000015
116900  34.791  41.402  17.722 0.1000000015
125989  49.221  41.470  13.161 0.1000000015
91476  43.654  40.848  13.942 0.1000000015
91465  43.170  40.234  14.093 0.1000000015
91467  41.137  40.704  14.151 0.1000000015
91455  36.962  40.403  15.178 0.1000000015
91451  35.514  40.747  16.657 0.1000000015
91448  35.119  41.050  17.275 0.1000000015
91976  34.462  41.429  17.141 0.1000000015
91972  34.199  41.723  17.755 0.1000000015
91482  49.035  41.063  12.153 0.1000000015
91990  39.517  40.998  14.300 0.1000000015
112878  38.308  40.601  14.546 0.1000000015
91981  36.335  40.952  15.269 0.1000000015
91979  35.183  41.212  16.198 0.1000000015
91452  34.902  41.208  16.719 0.1000000015
91505  47.928  40.175  11.779 0.1000000015
122879  36.784  41.106  14.859 0.1000000015
91486  42.516  40.793  12.283 0.1000000015
92587  41.028  42.190  12.251 0.1000000015
92606  40.597  42.917  11.975 0.1000000015
94296  40.456  45.454  10.485 0.1000000015
94929  40.375  46.691  9.598 0.1000000015
94925  40.773  46.243  10.212 0.1000000015
94293  40.932  44.863  10.866 0.1000000015
121287  35.109  41.871  21.448 0.1000000015
91952  33.381  41.899  21.398 0.1000000015
91950  35.235  41.074  21.410 0.1000000015
118594  36.723  40.811  21.924 0.1000000015
91424  36.117  40.529  21.667 0.1000000015
119053  37.457  40.652  22.300 0.1000000015
91421  38.669  40.180  22.414 0.1000000015
91959  39.262  40.907  20.292 0.1000000015
91417  38.317  40.606  22.492 0.1000000015
124285  39.278  40.723  21.613 0.1000000015
92536  37.636  42.300  19.207 0.1000000015
126469  39.051  40.840  22.549 0.1000000015
91958  39.683  41.463  20.659 0.1000000015
93092  35.890  42.914  19.333 0.1000000015
112119  48.978  42.667  14.062 0.1000000015
119422  48.399  42.098  14.242 0.1000000015
91988  46.951  41.854  14.175 0.1000000015
91998  45.823  41.680  13.992 0.1000000015
92538  34.945  42.531  18.881 0.1000000015
91997  49.135  42.294  13.950 0.1000000015
92563  48.491  43.190  14.100 0.1000000015
91475  44.467  40.836  13.986 0.1000000015
91996  49.165  42.145  13.302 0.1000000015
92583  48.904  42.602  12.745 0.1000000015
92577  46.418  42.608  14.074 0.1000000015
91999  44.876  41.573  13.872 0.1000000015
124233  43.353  41.462  13.855 0.1000000015
91989  42.014  40.998  13.991 0.1000000015
127553  33.626  42.619  18.431 0.1000000015
92004  49.117  41.728  12.541 0.1000000015
92005  48.833  41.854  12.247 0.1000000015
92579  44.401  42.305  13.817 0.1000000015
92581  42.669  41.839  13.898 0.1000000015
113320  40.903  41.645  14.126 0.1000000015
115903  40.313  40.910  14.220 0.1000000015
123410  38.848  41.026  14.380 0.1000000015
121459  37.506  41.011  14.610 0.1000000015
91980  34.329  41.680  16.525 0.1000000015
91977  33.779  41.839  17.152 0.1000000015
91483  48.511  41.088  11.942 0.1000000015
92006  47.981  41.882  11.999 0.1000000015
113100  39.962  41.724  14.219 0.1000000015
92570  38.357  42.391  14.397 0.1000000015
91992  37.723  41.852  14.495 0.1000000015
91993  36.330  41.678  14.997 0.1000000015
91982  35.603  41.463  15.551 0.1000000015
91983  34.677  41.806  15.881 0.1000000015
92552  34.011  42.119  16.104 0.1000000015
91506  46.702  40.075  11.925 0.1000000015
91507  45.349  40.766  12.090 0.1000000015
90980  43.948  40.433  12.179 0.1000000015
92009  43.294  41.034  12.208 0.1000000015
92586  41.910  42.129  12.149 0.1000000015
92605  41.435  42.912  11.908 0.1000000015
93153  40.989  43.579  11.577 0.1000000015
95443  41.636  47.727  9.810 0.1000000015
95450  40.970  47.297  9.521 0.1000000015
95980  41.604  48.099  8.612 0.1000000015
92494  33.210  42.849  22.533 0.1000000015
112025  33.866  42.430  21.579 0.1000000015
91949  36.010  41.506  21.608 0.1000000015
92511  35.469  42.511  21.591 0.1000000015
92510  36.385  42.384  21.701 0.1000000015
91948  36.967  41.492  21.935 0.1000000015
91939  37.856  41.382  22.354 0.1000000015
92535  38.738  42.233  19.257 0.1000000015
91964  39.483  41.694  19.600 0.1000000015
92534  39.644  42.436  19.533 0.1000000015
93091  36.963  42.935  19.490 0.1000000015
93145  48.374  44.071  13.371 0.1000000015
93127  48.403  43.946  13.968 0.1000000015
93139  47.115  43.696  14.303 0.1000000015
93095  33.260  44.074  19.209 0.1000000015
92584  48.414  43.304  12.723 0.1000000015
93144  48.686  43.379  13.241 0.1000000015
92544  32.960  42.743  18.048 0.1000000015
122313  47.331  42.809  12.171 0.1000000015
92565  43.012  42.784  13.885 0.1000000015
109221  41.750  41.840  14.019 0.1000000015
92553  33.445  42.251  16.610 0.1000000015
92548  33.127  42.360  17.295 0.1000000015
92008  45.925  41.572  12.010 0.1000000015
92566  42.174  42.697  13.975 0.1000000015
92568  40.400  42.525  14.177 0.1000000015
128083  38.988  42.465  14.324 0.1000000015
92572  36.627  42.607  14.738 0.1000000015
92573  35.837  42.439  15.105 0.1000000015
92028  44.091  41.308  12.121 0.1000000015
92029  43.439  41.993  12.039 0.1000000015
92030  42.652  42.315  11.996 0.1000000015
93706  41.385  44.279  11.262 0.1000000015
128611  42.421  48.228  10.208 0.1000000015
94928  41.196  47.066  10.073 0.1000000015
94924  41.600  46.645  10.628 0.1000000015
94295  41.271  45.700  10.668 0.1000000015
93069  33.975  43.170  22.089 0.1000000015
92512  34.576  42.548  21.584 0.1000000015
91938  38.788  41.262  22.567 0.1000000015
91947  39.691  41.370  21.889 0.1000000015
120433  40.046  42.024  19.925 0.1000000015
93089  39.056  42.945  19.512 0.1000000015
93673  48.254  44.808  14.130 0.1000000015
93090  37.992  42.962  19.520 0.1000000015
93637  36.414  43.523  19.709 0.1000000015
93093  34.928  43.353  19.341 0.1000000015
93639  34.795  44.222  19.677 0.1000000015
119492  34.045  44.433  19.549 0.1000000015
125232  48.354  44.399  13.931 0.1000000015
93128  48.081  43.962  14.251 0.1000000015
114033  47.733  44.814  14.493 0.1000000015
93094  34.092  43.691  19.297 0.1000000015
93641  32.805  44.799  19.206 0.1000000015
93140  46.015  43.429  14.113 0.1000000015
93141  44.950  43.236  13.924 0.1000000015
93106  33.426  43.219  18.794 0.1000000015
123994  32.523  44.136  18.856 0.1000000015
113448  47.840  44.240  12.877 0.1000000015
93130  45.760  44.344  14.316 0.1000000015
92549  32.579  42.774  17.412 0.1000000015
93113  32.259  43.214  17.842 0.1000000015
93107  32.683  43.492  18.549 0.1000000015
92585  45.936  42.544  11.927 0.1000000015
92601  44.896  42.653  11.825 0.1000000015
93131  43.685  44.132  14.076 0.1000000015
125943  43.275  43.377  13.923 0.1000000015
114872  40.782  43.410  14.180 0.1000000015
113139  39.888  43.322  14.243 0.1000000015
92571  37.460  42.615  14.535 0.1000000015
93134  36.114  43.408  14.874 0.1000000015
124782  35.435  43.118  15.134 0.1000000015
92557  34.292  42.538  15.666 0.1000000015
92558  33.525  42.617  15.938 0.1000000015
92554  32.665  42.666  16.859 0.1000000015
111037  32.180  43.163  16.385 0.1000000015
93114  31.609  43.669  17.582 0.1000000015
93108  32.002  43.864  18.336 0.1000000015
92027  44.990  41.650  11.998 0.1000000015
117316  44.277  42.064  11.972 0.1000000015
93678  41.151  44.371  14.260 0.1000000015
113755  39.372  44.161  14.352 0.1000000015
113137  38.007  43.355  14.450 0.1000000015
113136  37.067  43.626  14.612 0.1000000015
92574  34.759  43.245  15.265 0.1000000015
93121  33.906  43.276  15.431 0.1000000015
93122  32.921  43.252  15.694 0.1000000015
92559  32.901  42.726  16.300 0.1000000015
92603  43.145  42.865  11.779 0.1000000015
92604  42.277  42.931  11.813 0.1000000015
93152  41.845  43.634  11.551 0.1000000015
93705  42.213  44.415  11.338 0.1000000015
95954  43.153  48.792  10.302 0.1000000015
95442  42.206  47.613  10.610 0.1000000015
123862  34.007  43.359  23.009 0.1000000015
92509  37.274  42.355  21.981 0.1000000015
91937  39.522  41.509  22.529 0.1000000015
91946  40.378  42.129  20.900 0.1000000015
93088  39.921  42.898  19.599 0.1000000015
93078  38.332  43.590  19.898 0.1000000015
93079  37.230  43.703  19.907 0.1000000015
93696  48.219  44.828  13.621 0.1000000015
117670  34.476  45.173  19.930 0.1000000015
94224  33.117  45.629  19.424 0.1000000015
93129  46.850  44.596  14.524 0.1000000015
94231  32.423  45.411  19.060 0.1000000015
93146  46.580  43.728  12.219 0.1000000015
93148  45.558  43.355  11.881 0.1000000015
120574  45.592  45.318  14.646 0.1000000015
123539  44.572  44.971  14.408 0.1000000015
93132  42.696  43.664  14.002 0.1000000015
93133  41.696  43.548  14.085 0.1000000015
93117  32.052  43.088  17.136 0.1000000015
93653  31.384  44.496  18.121 0.1000000015
93652  32.109  44.626  18.745 0.1000000015
93149  44.739  43.636  11.783 0.1000000015
120448  44.018  45.441  14.501 0.1000000015
93676  43.104  44.687  14.227 0.1000000015
116951  39.765  45.114  14.513 0.1000000015
113689  38.507  44.127  14.429 0.1000000015
121878  37.770  44.158  14.521 0.1000000015
116720  35.382  43.971  14.910 0.1000000015
93137  32.568  43.941  15.214 0.1000000015
93661  30.948  44.180  17.272 0.1000000015
93150  43.727  43.560  11.642 0.1000000015
93680  38.913  45.008  14.558 0.1000000015
115555  37.272  44.681  14.598 0.1000000015
93682  36.319  44.443  14.698 0.1000000015
93684  33.962  44.577  14.624 0.1000000015
93136  33.488  43.930  15.097 0.1000000015
122272  32.132  43.542  15.715 0.1000000015
93118  31.447  43.588  16.813 0.1000000015
94288  43.290  45.765  11.875 0.1000000015
93704  43.534  44.271  11.585 0.1000000015
94268  36.001  45.241  14.497 0.1000000015
119033  35.580  44.723  14.654 0.1000000015
93683  34.852  44.639  14.650 0.1000000015
94291  42.838  46.226  11.690 0.1000000015
119924  42.541  45.334  11.367 0.1000000015
94916  43.050  47.275  11.850 0.1000000015
94917  42.153  46.154  11.167 0.1000000015
95953  43.411  48.668  11.100 0.1000000015
94292  41.756  45.064  11.039 0.1000000015
93047  33.009  42.695  23.308 0.1000000015
93067  35.902  43.247  21.822 0.1000000015
93066  36.684  43.085  21.862 0.1000000015
92493  38.255  42.200  22.348 0.1000000015
92508  40.327  41.997  22.182 0.1000000015
92526  40.352  42.598  19.912 0.1000000015
93076  40.572  43.040  19.959 0.1000000015
93630  38.700  44.171  20.388 0.1000000015
92507  41.273  42.602  21.653 0.1000000015
92525  41.131  42.875  20.548 0.1000000015
93077  39.421  43.402  19.871 0.1000000015
93633  35.513  44.821  20.151 0.1000000015
94223  33.844  45.862  19.800 0.1000000015
93693  47.757  46.029  14.413 0.1000000015
94832  33.333  46.538  19.514 0.1000000015
94833  32.728  46.078  19.226 0.1000000015
93697  47.923  45.345  13.678 0.1000000015
94259  47.821  45.652  14.470 0.1000000015
93674  47.482  45.607  14.762 0.1000000015
93675  46.885  45.681  14.988 0.1000000015
94242  31.255  45.562  18.182 0.1000000015
111124  47.009  44.905  12.900 0.1000000015
93147  45.810  44.269  12.229 0.1000000015
115997  45.266  46.241  15.003 0.1000000015
94232  31.798  45.221  18.645 0.1000000015
93698  46.126  45.342  12.955 0.1000000015
113963  43.210  45.845  14.579 0.1000000015
93677  42.178  44.734  14.259 0.1000000015
93679  40.642  45.208  14.477 0.1000000015
94267  38.511  45.648  14.600 0.1000000015
116851  30.767  44.849  17.635 0.1000000015
110869  45.377  45.548  12.792 0.1000000015
93703  44.251  44.366  11.822 0.1000000015
119029  36.821  45.276  14.523 0.1000000015
93685  33.015  44.500  14.666 0.1000000015
93669  30.982  44.214  15.674 0.1000000015
93662  30.307  44.790  16.896 0.1000000015
121094  43.929  45.213  12.041 0.1000000015
94277  37.249  45.928  14.342 0.1000000015
94278  36.425  45.828  14.202 0.1000000015
94269  35.213  45.246  14.352 0.1000000015
94270  34.367  45.206  14.245 0.1000000015
94271  33.444  45.115  14.184 0.1000000015
93686  32.061  44.432  14.789 0.1000000015
93687  31.320  44.424  15.058 0.1000000015
93670  30.295  44.643  16.008 0.1000000015
94289  43.473  46.982  12.394 0.1000000015
94906  36.414  46.876  13.043 0.1000000015
94895  36.011  46.347  13.588 0.1000000015
94279  35.606  45.800  14.000 0.1000000015
94281  33.864  45.696  13.690 0.1000000015
94282  32.878  45.564  13.630 0.1000000015
94272  32.425  44.976  14.209 0.1000000015
94273  31.273  44.884  14.431 0.1000000015
93688  30.605  44.713  15.186 0.1000000015
94907  35.584  46.863  12.900 0.1000000015
94896  35.167  46.336  13.394 0.1000000015
94897  34.282  46.311  13.236 0.1000000015
94898  33.340  46.198  13.131 0.1000000015
94283  31.783  45.416  13.684 0.1000000015
94274  30.330  45.189  14.633 0.1000000015
95421  36.849  47.426  12.464 0.1000000015
95422  36.006  47.392  12.376 0.1000000015
95423  35.193  47.386  12.277 0.1000000015
94908  34.740  46.854  12.744 0.1000000015
94909  33.809  46.806  12.517 0.1000000015
94899  32.278  46.023  13.028 0.1000000015
95433  35.650  47.842  11.738 0.1000000015
116266  34.894  47.805  11.624 0.1000000015
95424  34.427  47.352  12.115 0.1000000015
95425  33.124  47.051  11.970 0.1000000015
94918  32.207  46.728  12.018 0.1000000015
120320  33.793  47.317  11.909 0.1000000015
95435  33.390  47.535  11.382 0.1000000015
93055  35.541  43.933  22.591 0.1000000015
118825  37.464  43.394  22.218 0.1000000015
93053  38.700  43.107  22.412 0.1000000015
120376  40.144  42.059  22.681 0.1000000015
93629  39.772  43.861  20.403 0.1000000015
95358  33.046  47.314  19.195 0.1000000015
94286  47.371  46.058  13.876 0.1000000015
94260  47.451  46.506  14.957 0.1000000015
95359  32.698  46.635  19.118 0.1000000015
94845  32.110  46.082  18.788 0.1000000015
112133  47.339  46.999  14.816 0.1000000015
116952  46.649  46.748  15.273 0.1000000015
94858  31.058  46.404  17.819 0.1000000015
94264  43.434  47.208  14.909 0.1000000015
114818  42.237  46.081  14.576 0.1000000015
120695  41.211  46.119  14.588 0.1000000015
94243  30.523  45.551  17.470 0.1000000015
121138  41.439  45.292  14.440 0.1000000015
94265  40.209  45.969  14.667 0.1000000015
94266  39.339  45.818  14.660 0.1000000015
94252  29.629  45.805  16.068 0.1000000015
94890  40.451  46.822  14.256 0.1000000015
94891  39.426  46.627  14.182 0.1000000015
94882  38.951  46.161  14.538 0.1000000015
94883  38.096  46.060  14.463 0.1000000015
94255  29.886  45.294  15.425 0.1000000015
95419  39.510  47.601  12.682 0.1000000015
95411  38.966  47.074  13.385 0.1000000015
95412  38.054  47.009  13.274 0.1000000015
94893  37.649  46.468  13.912 0.1000000015
95935  39.197  48.152  11.911 0.1000000015
95420  38.460  47.609  12.439 0.1000000015
111540  37.601  47.395  12.611 0.1000000015
94905  37.222  46.922  13.177 0.1000000015
94284  30.601  45.487  13.803 0.1000000015
95431  37.466  48.030  11.799 0.1000000015
120868  32.219  46.386  12.524 0.1000000015
94900  31.307  45.784  13.190 0.1000000015
95436  32.583  47.266  11.422 0.1000000015
94911  31.466  46.253  12.545 0.1000000015
112875  31.845  47.037  11.427 0.1000000015
93052  39.961  42.558  22.745 0.1000000015
92491  41.059  42.545  22.613 0.1000000015
93628  40.689  43.578  20.531 0.1000000015
94831  34.144  46.711  19.960 0.1000000015
96413  34.462  49.192  19.267 0.1000000015
95883  33.868  48.783  19.059 0.1000000015
95357  33.794  47.435  19.631 0.1000000015
95875  33.479  48.113  19.190 0.1000000015
95368  32.806  47.954  18.712 0.1000000015
94846  31.655  46.483  18.343 0.1000000015
94263  44.615  47.190  15.171 0.1000000015
94878  43.704  47.776  14.861 0.1000000015
94880  40.929  46.531  14.469 0.1000000015
95900  31.592  48.036  17.581 0.1000000015
95382  30.988  47.209  17.479 0.1000000015
94859  30.380  46.407  17.224 0.1000000015
94879  42.381  47.038  14.657 0.1000000015
94869  29.849  46.485  16.571 0.1000000015
94889  41.848  47.262  14.284 0.1000000015
110242  40.953  47.391  13.678 0.1000000015
94256  29.496  46.093  15.286 0.1000000015
95933  41.028  48.233  12.368 0.1000000015
95418  40.448  47.687  12.870 0.1000000015
111984  29.914  45.944  13.516 0.1000000015
122805  30.536  45.979  13.030 0.1000000015
94919  31.243  46.672  11.803 0.1000000015
108855  32.021  47.389  10.868 0.1000000015
95437  31.086  47.161  11.045 0.1000000015
93075  41.439  43.138  20.716 0.1000000015
96412  35.136  49.662  19.486 0.1000000015
94877  44.579  48.057  15.115 0.1000000015
121090  45.519  48.020  15.284 0.1000000015
95383  30.389  47.240  16.894 0.1000000015
95401  44.340  48.363  14.707 0.1000000015
114210  42.850  48.043  14.114 0.1000000015
95402  43.258  47.852  14.546 0.1000000015
94870  29.540  46.614  15.872 0.1000000015
95408  43.874  48.622  14.161 0.1000000015
95409  42.022  47.867  13.580 0.1000000015
94873  29.404  46.772  15.264 0.1000000015
95932  42.205  48.449  12.717 0.1000000015
95417  41.294  47.865  13.004 0.1000000015
94884  29.355  46.611  14.650 0.1000000015
95941  41.635  48.779  11.921 0.1000000015
94901  29.482  46.433  13.552 0.1000000015
94275  29.660  45.858  14.361 0.1000000015
94913  29.711  46.738  12.210 0.1000000015
107407  29.792  46.341  12.903 0.1000000015
94920  30.354  46.811  11.634 0.1000000015
95446  31.469  47.522  10.392 0.1000000015
95351  34.533  47.541  20.092 0.1000000015
95874  34.286  48.320  19.646 0.1000000015
95884  33.250  48.750  18.521 0.1000000015
95925  43.159  48.527  13.490 0.1000000015
93620  41.321  43.856  21.062 0.1000000015
92490  42.188  42.906  22.468 0.1000000015
106123  49.496  37.932  11.519 0.1000000015
106289  49.868  38.243  10.071 0.1000000015
90450  43.325  38.634  10.905 0.1000000015
90479  42.267  38.481  7.825 0.1000000015
91485  46.258  40.799  12.021 0.1000000015
115207  44.614  40.788  12.133 0.1000000015
91004  48.659  39.361  11.300 0.1000000015
106654  49.537  38.785  10.593 0.1000000015
112771  36.332  34.000  10.418 0.1000000015
89445  39.727  36.398  7.433 0.2000000030
89436  38.708  36.381  8.296 0.2000000030
87846  31.212  33.643  12.753 0.1000000015
87845  32.011  33.423  12.612 0.1000000015
128248  31.041  34.167  12.711 0.1000000015
116838  28.696  34.661  13.352 0.1000000015
87852  34.525  33.588  11.749 0.1000000015
88373  33.939  34.349  11.852 0.1000000015
118463  32.528  33.841  12.442 0.1000000015
89862  46.370  38.015  18.934 0.1000000015
89879  49.685  36.527  16.190 0.1000000015
89364  49.362  36.349  15.702 0.1000000015
88896  30.645  35.746  12.711 0.1000000015
118022  29.115  37.670  13.359 0.1000000015
88362  30.794  34.724  12.726 0.1000000015
89945  40.628  37.707  7.325 0.1000000015
108572  34.144  35.093  11.556 0.1000000015
88907  33.525  35.487  11.705 0.1000000015
89946  39.884  37.302  7.707 0.1000000015
88371  35.257  33.924  11.286 0.1000000015
88825  42.149  35.887  19.496 0.1000000015
88836  42.427  36.037  17.793 0.1000000015
88818  42.267  36.102  20.519 0.1000000015
89316  38.155  36.649  19.822 0.1000000015
89343  43.236  36.646  19.099 0.1000000015
108124  44.432  37.005  18.056 0.1000000015
89341  44.874  37.548  18.265 0.1000000015
89865  44.040  37.274  18.753 0.1000000015
89850  40.752  37.582  19.832 0.1000000015
116577  49.395  37.729  15.294 0.1000000015
90438  37.833  39.101  10.914 0.1000000015
90470  38.646  38.346  9.079 0.1000000015
109190  38.021  38.445  9.584 0.1000000015
90440  35.891  38.810  10.984 0.1000000015
120792  35.527  39.322  11.642 0.1000000015
91016  34.699  39.245  11.793 0.1000000015
127149  33.510  38.728  11.857 0.1000000015
127913  32.677  37.214  11.766 0.1000000015
90482  39.324  38.256  8.604 0.1000000015
116184  36.792  38.416  9.997 0.1000000015
89916  35.081  37.650  10.426 0.1000000015
89403  32.696  36.686  11.795 0.1000000015
126350  26.962  36.123  13.440 0.1000000015
89935  39.281  37.689  8.270 0.1000000015
115343  36.292  37.257  9.710 0.1000000015
89415  35.806  36.703  10.014 0.1000000015
117607  25.935  37.068  12.937 0.1000000015
120425  38.267  36.360  8.608 0.1000000015
88916  36.014  35.780  10.162 0.1000000015
89873  43.115  37.591  17.851 0.1000000015
90391  42.060  37.946  16.519 0.1000000015
126510  31.193  38.785  12.651 0.1000000015
126982  33.382  40.474  12.474 0.1000000015
110655  32.964  39.955  12.473 0.1000000015
90993  31.652  39.407  12.599 0.1000000015
90425  26.516  38.205  13.198 0.1000000015
90380  38.025  38.835  17.167 0.1000000015
90410  41.438  38.779  15.111 0.1000000015
90947  48.747  39.301  15.564 0.1000000015
90433  42.689  38.961  11.429 0.1000000015
92016  36.564  41.416  12.389 0.1000000015
92014  38.913  41.447  12.412 0.1000000015
92594  34.181  42.080  12.141 0.1000000015
89840  35.448  37.670  19.509 0.1000000015
123838  45.622  39.099  15.606 0.1000000015
90411  40.783  39.208  14.746 0.1000000015
90407  38.584  38.770  15.808 0.1000000015
90962  48.528  39.941  14.916 0.1000000015
91003  49.123  39.203  11.390 0.1000000015
91488  41.014  40.615  12.363 0.1000000015
124528  38.115  41.491  12.406 0.1000000015
93159  35.115  43.343  11.403 0.1000000015
93168  34.721  43.864  10.917 0.1000000015
90966  43.513  39.619  14.484 0.1000000015
90963  46.628  39.927  14.864 0.1000000015
91462  45.868  40.301  14.407 0.1000000015
90956  38.347  39.309  15.332 0.1000000015
90982  42.340  39.972  12.231 0.1000000015
120721  39.266  43.552  11.617 0.1000000015
93155  38.416  43.516  11.617 0.1000000015
93709  37.968  44.067  11.217 0.1000000015
115078  37.590  44.460  10.795 0.1000000015
93716  36.875  44.594  10.539 0.1000000015
93717  35.944  44.479  10.525 0.1000000015
114232  42.464  40.372  14.061 0.1000000015
91466  41.780  40.126  14.160 0.1000000015
91469  39.062  40.357  14.463 0.1000000015
91986  49.224  41.641  13.851 0.1000000015
91456  36.139  40.495  15.907 0.1000000015
90981  43.145  40.153  12.211 0.1000000015
116879  42.033  41.350  12.281 0.1000000015
118305  34.573  40.848  21.195 0.1000000015
92543  34.178  42.231  18.404 0.1000000015
91468  39.842  40.278  14.359 0.1000000015
92001  42.884  40.948  13.922 0.1000000015
91470  37.749  40.228  14.815 0.1000000015
91973  33.586  42.188  17.825 0.1000000015
113099  39.076  41.793  14.317 0.1000000015
91991  38.298  41.440  14.428 0.1000000015
91484  47.328  40.929  11.970 0.1000000015
117297  37.051  41.798  14.664 0.1000000015
92010  42.617  41.624  12.186 0.1000000015
91951  34.333  41.698  21.327 0.1000000015
92564  47.586  42.880  14.193 0.1000000015
92576  48.978  42.960  13.671 0.1000000015
92000  44.034  41.518  13.842 0.1000000015
93105  34.171  42.908  18.932 0.1000000015
92578  45.361  42.423  13.892 0.1000000015
92580  43.538  42.158  13.824 0.1000000015
115470  48.458  42.519  12.329 0.1000000015
93142  43.883  43.117  13.866 0.1000000015
92007  46.827  41.672  12.005 0.1000000015
92567  41.285  42.599  14.090 0.1000000015
92569  39.550  42.498  14.264 0.1000000015
92556  35.062  42.380  15.444 0.1000000015
120382  41.245  47.750  9.127 0.1000000015
127853  46.464  42.132  11.992 0.1000000015
113138  38.953  43.181  14.331 0.1000000015
93692  48.187  45.308  14.117 0.1000000015
93638  35.650  43.840  19.729 0.1000000015
93640  33.583  45.000  19.555 0.1000000015
119878  44.664  44.116  14.124 0.1000000015
92602  44.021  42.766  11.801 0.1000000015
113756  40.261  44.245  14.303 0.1000000015
93135  34.426  43.969  14.996 0.1000000015
93151  42.805  43.727  11.527 0.1000000015
94923  42.330  47.124  11.167 0.1000000015
93681  38.097  44.884  14.572 0.1000000015
109878  37.680  45.463  14.531 0.1000000015
93668  31.735  44.001  15.383 0.1000000015
93666  30.832  44.137  16.468 0.1000000015
121057  43.045  44.732  11.504 0.1000000015
121646  45.102  44.662  12.221 0.1000000015
93699  44.659  45.114  12.288 0.1000000015
118683  44.102  46.599  12.719 0.1000000015
94894  36.824  46.386  13.765 0.1000000015
94280  34.760  45.758  13.810 0.1000000015
94910  32.850  46.537  12.528 0.1000000015
95432  36.457  47.896  11.815 0.1000000015
124651  36.747  48.370  11.340 0.1000000015
122813  34.156  47.710  11.452 0.1000000015
95948  35.343  48.282  11.132 0.1000000015
95369  32.298  47.097  18.667 0.1000000015
94881  39.845  46.274  14.526 0.1000000015
95410  39.927  47.180  13.581 0.1000000015
94892  38.514  46.546  14.057 0.1000000015
95391  29.858  47.323  16.289 0.1000000015
76970  41.271  17.574  7.946 0.1000000015
77808  41.526  18.524  6.856 0.1000000015
108098  41.919  17.863  7.286 0.1000000015
77807  42.199  18.390  6.571 0.1000000015
77806  42.884  18.196  6.308 0.1000000015
76068  44.450  17.276  3.794 0.1000000015
77818  41.686  19.125  6.219 0.1000000015
78589  42.245  19.500  5.454 0.1000000015
77816  43.422  18.317  5.672 0.1000000015
110073  43.035  19.177  5.253 0.1000000015
77815  44.153  18.057  5.026 0.1000000015
114977  43.453  19.553  4.569 0.1000000015
77837  44.574  18.673  3.861 0.1000000015
78588  42.714  19.842  4.831 0.1000000015
79399  42.437  20.474  4.510 0.1000000015
78610  43.866  19.945  3.904 0.1000000015
78609  44.522  19.528  3.400 0.1000000015
79426  44.054  20.969  2.821 0.1000000015
79416  42.821  20.880  3.865 0.1000000015
115716  44.472  17.260  2.997 0.1000000015
79415  43.534  20.600  3.536 0.1000000015
77817  42.563  18.811  5.919 0.1000000015
79384  42.129  20.067  5.033 0.1000000015
77828  43.772  18.818  4.894 0.1000000015
78598  43.150  20.248  4.226 0.1000000015
78597  44.169  19.203  4.243 0.1000000015
72321  33.587  12.800  27.636 0.2000000030
72325  30.273  12.668  27.911 0.2000000030
72331  32.490  13.035  26.685 0.2000000030
72423  48.795  12.828  11.493 0.1000000015
73209  36.892  13.743  22.219 0.1000000015
73211  35.779  13.828  21.495 0.1000000015
73217  36.505  13.707  21.508 0.1000000015
73301  54.436  14.737  8.655 0.1000000015
74015  37.904  13.905  29.023 0.2000000030
74029  37.419  14.455  27.587 0.2000000030
74103  42.341  15.170  21.314 0.2000000030
74104  41.213  14.538  21.469 0.1000000015
74118  36.258  14.028  20.309 0.1000000015
74121  33.549  14.520  20.500 0.1000000015
74134  33.206  14.747  19.951 0.2000000030
74839  37.749  15.576  33.389 0.1000000015
74964  34.005  16.159  23.476 0.1000000015
74965  33.015  16.247  23.454 0.2000000030
74998  31.627  15.375  20.728 0.2000000030
75077  46.705  14.680  11.255 0.1000000015
75750  38.163  15.993  33.842 0.1000000015
75833  37.115  17.364  25.128 0.1000000015
75837  33.917  16.510  24.427 0.1000000015
75889  44.219  16.182  21.527 0.2000000030
76023  47.480  16.496  9.583 0.1000000015
76093  45.887  17.205  0.684 0.2000000030
76805  38.559  17.424  25.195 0.1000000015
77007  44.684  17.948  3.450 0.1000000015
77761  49.357  18.191  11.974 0.1000000015
77827  44.276  18.535  4.477 0.1000000015
77841  53.535  18.783  1.906 0.5000000000
78604  53.686  19.749  2.745 0.4000000060
78629  49.054  19.843  1.511 0.6000000238
78635  52.797  19.230  0.069 0.4000000060
78646  47.191  19.574  -0.391 0.3000000119
79163  48.436  20.712  25.363 0.2000000030
79406  53.716  19.981  2.855 0.4000000060
79423  47.507  20.516  2.414 0.6000000238
79938  34.749  20.629  29.644 0.1000000015
80160  53.574  21.463  5.754 0.4000000060
80233  51.501  22.323  -2.371 0.5000000000
80835  54.619  23.503  12.042 0.2000000030
80873  53.211  23.074  8.181 0.3000000119
80952  51.743  22.896  -2.152 0.5000000000
80960  51.715  22.946  -2.217 0.5000000000
80961  50.573  22.580  -2.459 0.5000000000
81357  38.992  23.163  32.084 0.1000000015
81410  35.134  23.963  27.756 0.1000000015
81416  52.154  24.742  26.505 0.1000000015
81536  53.119  23.956  10.195 0.3000000119
81574  42.917  23.984  6.025 0.6999999881
81612  42.317  23.643  1.155 0.2000000030
81628  50.699  24.481  -1.883 0.5000000000
81635  51.165  23.896  -2.159 0.5000000000
81644  50.846  23.759  -2.413 0.5000000000
82041  48.096  25.153  28.739 0.1000000015
82072  51.646  25.306  26.373 0.1000000015
82214  38.041  25.231  2.407 0.3000000119
82231  48.403  24.670  0.375 0.5000000000
82248  50.974  24.035  -2.281 0.5000000000
82250  49.810  25.060  -2.184 0.5000000000
82703  36.363  25.667  27.815 0.1000000015
82742  30.179  25.856  21.342 0.2000000030
82787  42.545  25.449  15.428 0.8000000119
82813  41.644  25.262  10.379 0.8000000119
82907  39.114  25.828  1.313 0.3000000119
82920  41.368  25.604  -0.708 0.3000000119
82921  40.633  25.515  -0.006 0.3000000119
83404  35.160  27.147  27.419 0.1000000015
83430  38.713  26.114  21.969 0.4000000060
83450  47.213  27.486  20.537 0.5000000000
84138  46.965  28.301  21.697 0.6000000238
84266  47.284  27.292  3.807 0.6000000238
84913  50.154  29.732  4.566 0.8000000119
84944  48.650  29.646  1.651 0.5000000000
85545  50.168  30.121  4.347 0.8000000119
85578  47.065  30.169  0.875 0.6999999881
86179  49.800  30.559  5.855 0.8999999762
86189  50.007  30.368  4.398 0.8000000119
86191  48.716  30.586  4.342 0.8000000119
86199  49.531  30.421  3.634 0.8000000119
86688  31.524  31.647  17.645 0.3000000119
86704  33.553  31.970  16.788 0.2000000030
87244  29.816  32.591  18.581 0.2000000030
87291  42.081  32.440  13.757 0.4000000060
87292  41.612  32.450  13.111 0.4000000060
87299  41.428  32.463  12.406 0.4000000060
87800  33.642  33.552  16.575 0.2000000030
88319  33.919  34.730  16.802 0.2000000030
88332  37.746  34.095  15.693 0.2000000030
89360  49.828  36.480  17.019 0.1000000015
89440  48.314  37.200  7.178 0.2000000030
89458  43.798  36.647  4.692 0.5000000000
89831  30.096  37.637  20.126 0.1000000015
90357  29.525  38.046  21.172 0.1000000015
90372  49.473  37.849  18.131 0.1000000015
90495  47.093  37.752  5.906 0.3000000119
90496  46.367  37.827  5.556 0.3000000119
92492  39.301  41.917  22.614 0.1000000015
92513  33.316  42.592  21.810 0.1000000015
92524  42.015  43.071  21.467 0.1000000015
92562  48.642  43.313  13.874 0.1000000015
93068  34.958  43.369  21.923 0.1000000015
93123  31.472  43.681  16.051 0.1000000015
93126  48.462  43.835  13.761 0.1000000015
93691  48.359  44.619  13.927 0.1000000015
94251  29.964  45.637  16.798 0.1000000015
94912  30.489  46.411  12.336 0.1000000015
95370  31.619  47.211  18.058 0.1000000015
106129  49.847  38.121  9.357 0.2000000030
107621  49.314  37.322  9.255 0.2000000030
109149  29.951  32.916  13.277 0.1000000015
109900  46.606  14.328  8.965 0.1000000015
110270  46.726  36.589  8.576 0.2000000030
110902  35.008  30.380  17.401 0.4000000060
111583  47.043  16.432  1.003 0.3000000119
113373  34.207  16.179  24.956 0.2000000030
113911  44.112  16.627  3.057 0.1000000015
114070  51.963  21.320  -1.991 0.6000000238
114417  29.361  33.891  20.096 0.1000000015
114883  49.820  19.657  20.160 0.3000000119
115456  49.333  18.376  11.397 0.1000000015
115984  44.670  33.568  14.886 0.3000000119
117026  45.221  18.094  1.331 0.2000000030
118542  48.732  29.212  12.759 0.8999999762
118677  29.918  45.170  16.266 0.1000000015
119618  46.187  26.414  19.263 0.5000000000
120538  28.826  20.895  19.723 0.3000000119
120570  39.574  24.185  14.680 0.6000000238
121346  42.764  17.258  32.876 0.1000000015
121501  42.935  29.849  12.695 0.5000000000
121597  34.565  13.116  29.935 0.2000000030
125163  53.848  23.957  14.265 0.3000000119
125254  42.390  26.365  -1.209 0.4000000060
126184  27.890  36.590  13.523 0.1000000015
126270  44.427  28.639  1.198 0.5000000000
126478  35.538  23.636  28.102 0.1000000015
126700  47.283  19.076  17.500 0.3000000119
126779  47.502  15.539  12.121 0.1000000015
126832  34.189  13.212  30.509 0.1000000015
126877  40.807  42.545  22.780 0.1000000015
126959  37.300  15.658  17.634 0.2000000030
127126  41.451  41.284  14.061 0.1000000015
127225  29.587  30.062  20.950 0.1000000015
127279  46.076  17.019  22.221 0.1000000015
127849  49.177  17.321  0.391 0.3000000119
127857  35.461  13.455  27.687 0.2000000030
128114  42.031  15.996  19.360 0.2000000030
128188  32.015  35.731  12.324 0.1000000015
128349  46.966  12.381  10.774 0.1000000015
