#!ascii label  , from subject sub-v1s11x0050165_ses-1 vox2ras=TkReg
2849
32062  8.286  -29.632  54.807 0.2222220004
32930  8.399  -29.173  55.887 0.2222220004
32931  7.890  -28.562  55.094 0.2222220004
121212  8.577  -29.176  56.917 0.1111110002
32921  8.191  -28.344  56.980 0.2222220004
32922  7.878  -28.218  56.020 0.2222220004
32074  8.072  -29.893  53.909 0.2222220004
33842  7.732  -27.447  56.790 0.2222220004
34759  7.435  -25.858  56.739 0.1111110002
118324  7.448  -26.625  56.164 0.1111110002
128193  7.339  -25.953  55.581 0.1111110002
117086  7.305  -25.733  54.970 0.2222220004
34769  7.332  -26.425  55.051 0.2222220004
33849  7.528  -27.431  55.403 0.2222220004
109793  7.376  -26.929  54.561 0.2222220004
33858  7.561  -27.809  54.396 0.2222220004
32938  7.851  -28.981  54.175 0.2222220004
34747  8.122  -25.481  59.190 0.1111110002
128184  7.891  -25.919  58.813 0.1111110002
33836  7.686  -26.463  57.870 0.1111110002
122139  7.320  -25.306  55.829 0.1111110002
118776  7.265  -25.002  55.177 0.3333329856
34779  7.341  -26.275  54.300 0.4444440007
34791  7.348  -26.595  53.500 0.4444440007
33866  7.405  -27.135  53.887 0.4444440007
33867  7.295  -27.418  53.068 0.4444440007
32949  7.511  -28.244  53.497 0.3333329856
118824  7.750  -29.494  53.348 0.2222220004
125663  7.342  -28.155  52.904 0.2222220004
121452  7.383  -28.940  52.745 0.2222220004
35741  7.790  -24.873  58.774 0.1111110002
36777  7.519  -24.101  57.828 0.1111110002
117497  7.462  -25.026  57.224 0.1111110002
36787  7.280  -24.329  56.253 0.1111110002
36799  7.300  -24.307  55.374 0.3333329856
37792  7.447  -24.008  54.389 0.4444440007
35771  7.340  -25.509  54.457 0.3333329856
35782  7.394  -25.327  53.882 0.4444440007
117166  7.336  -25.956  53.756 0.4444440007
34792  7.245  -26.818  52.862 0.4444440007
32101  7.136  -29.289  52.007 0.2222220004
36768  7.950  -24.042  59.038 0.1111110002
41576  16.124  -19.901  59.146 0.4444440007
40581  15.563  -20.445  59.652 0.3333329856
37763  7.290  -23.245  57.072 0.1111110002
40571  13.508  -20.689  60.156 0.2222220004
40566  13.774  -21.256  60.474 0.2222220004
38668  7.366  -22.475  56.562 0.2222220004
37775  7.284  -23.513  55.936 0.2222220004
37784  7.369  -23.824  55.072 0.3333329856
36821  8.495  -24.197  53.258 0.6666669846
120910  7.579  -24.524  53.692 0.5555559993
36831  7.527  -25.261  53.251 0.6666669846
34804  7.328  -26.348  52.967 0.5555559993
33875  7.147  -27.258  52.437 0.4444440007
33885  6.850  -27.459  51.774 0.4444440007
32990  6.573  -28.903  50.887 0.2222220004
31253  6.958  -30.474  50.170 0.2222220004
40584  12.184  -19.943  59.302 0.3333329856
40572  12.361  -20.346  60.202 0.2222220004
41568  11.488  -19.904  59.946 0.2222220004
38660  7.355  -22.394  57.638 0.1111110002
38638  7.635  -22.270  58.570 0.1111110002
37749  7.588  -23.163  58.326 0.1111110002
40582  14.358  -20.438  59.554 0.3333329856
39577  12.269  -20.901  60.603 0.2222220004
123307  7.409  -21.885  57.304 0.1111110002
41577  15.111  -20.114  58.759 0.4444440007
39584  12.544  -21.500  60.605 0.2222220004
39585  11.479  -21.072  60.349 0.1111110002
38659  7.545  -21.712  56.876 0.2222220004
41584  15.666  -19.890  57.765 0.4444440007
40595  14.004  -20.289  58.289 0.3333329856
38622  12.405  -22.092  60.279 0.2222220004
38676  7.973  -22.629  55.026 0.2222220004
37782  8.442  -23.074  54.277 0.5555559993
37783  7.610  -23.328  54.657 0.5555559993
37790  8.975  -23.540  53.637 0.6666669846
37791  7.929  -23.716  53.935 0.5555559993
36830  7.974  -24.920  52.881 0.5555559993
35804  8.345  -26.125  51.360 0.5555559993
35794  7.361  -26.361  52.073 0.5555559993
35819  6.945  -26.372  51.155 0.4444440007
33899  6.412  -27.210  51.087 0.4444440007
126599  6.509  -27.958  51.211 0.3333329856
38651  8.160  -22.355  59.103 0.1111110002
38637  8.010  -21.927  59.105 0.1111110002
39606  7.430  -21.685  58.007 0.1111110002
40573  11.202  -20.250  60.343 0.2222220004
41570  10.015  -19.774  59.901 0.2222220004
39599  7.664  -21.541  58.665 0.1111110002
40583  13.204  -20.292  59.423 0.3333329856
112263  12.547  -20.346  57.270 0.4444440007
111331  8.433  -20.688  59.386 0.1111110002
39615  7.794  -21.002  57.474 0.3333329856
39626  8.056  -21.485  56.472 0.4444440007
41595  14.977  -20.097  56.767 0.5555559993
40608  14.198  -20.333  56.978 0.4444440007
121571  12.908  -20.478  56.495 0.4444440007
38666  8.527  -21.988  55.468 0.3333329856
109969  15.941  -19.658  55.968 0.5555559993
117475  15.179  -19.939  55.924 0.4444440007
121306  14.669  -19.963  55.233 0.4444440007
40620  13.837  -20.243  55.311 0.4444440007
38675  9.047  -22.475  54.653 0.5555559993
38686  9.447  -22.836  53.894 0.5555559993
41604  16.814  -19.211  56.209 0.5555559993
41605  16.221  -19.407  55.129 0.6666669846
41632  15.854  -19.311  53.601 0.4444440007
111960  15.126  -19.580  53.788 0.5555559993
41644  14.560  -19.574  52.309 0.5555559993
37789  9.741  -23.212  53.158 0.6666669846
41619  16.427  -19.181  54.258 0.6666669846
122043  15.982  -19.095  52.778 0.6666669846
41643  15.221  -19.416  52.977 0.5555559993
42631  14.961  -19.369  51.591 0.5555559993
42644  14.959  -19.293  50.899 0.6666669846
36820  9.276  -23.892  53.006 0.5555559993
42653  15.559  -18.913  50.406 0.6666669846
35791  8.481  -25.488  52.113 0.5555559993
34840  8.327  -26.307  50.587 0.5555559993
35805  7.380  -26.233  51.485 0.6666669846
34842  6.518  -26.548  50.875 0.5555559993
34861  6.033  -26.979  50.503 0.5555559993
40597  11.953  -19.973  58.172 0.2222220004
40585  11.241  -19.756  59.136 0.3333329856
40598  10.959  -19.876  58.007 0.2222220004
40587  9.354  -19.842  59.464 0.2222220004
40600  8.693  -19.818  58.798 0.2222220004
39614  8.526  -20.732  57.114 0.4444440007
39625  9.151  -21.355  55.987 0.5555559993
40610  12.220  -20.477  56.501 0.3333329856
40611  11.390  -20.392  56.796 0.4444440007
39613  9.755  -20.723  56.561 0.4444440007
39638  9.630  -21.860  55.053 0.5555559993
40621  12.786  -20.516  55.517 0.4444440007
42599  16.954  -18.977  55.010 0.5555559993
41634  13.940  -20.009  53.746 0.5555559993
106761  17.166  -18.778  54.090 0.6666669846
42618  16.582  -18.916  53.420 0.5555559993
42630  15.386  -19.244  52.138 0.6666669846
41654  14.366  -19.572  51.418 0.5555559993
37800  9.822  -23.753  52.462 0.5555559993
42629  16.722  -18.631  52.503 0.5555559993
42652  16.320  -18.519  50.707 0.5555559993
36829  9.940  -24.418  51.588 0.5555559993
35803  9.260  -25.621  51.421 0.5555559993
34822  8.957  -26.273  50.620 0.5555559993
121524  8.112  -26.331  50.990 0.5555559993
40599  9.701  -19.766  58.485 0.2222220004
40612  10.329  -20.224  57.249 0.4444440007
40635  13.400  -20.289  54.473 0.4444440007
127508  11.882  -20.623  55.954 0.4444440007
40623  10.994  -20.788  56.001 0.4444440007
42598  17.553  -18.745  55.835 0.5555559993
42610  17.676  -18.563  54.834 0.5555559993
41645  13.913  -19.952  52.878 0.4444440007
40648  13.191  -20.331  53.475 0.4444440007
40622  11.890  -20.822  55.133 0.4444440007
111083  17.305  -18.498  53.239 0.6666669846
41655  13.882  -19.882  52.038 0.4444440007
40660  12.710  -20.616  52.721 0.4444440007
38685  10.227  -22.500  53.430 0.5555559993
42641  17.198  -18.180  51.886 0.5555559993
42643  15.692  -19.045  51.293 0.6666669846
38698  10.443  -22.843  52.545 0.5555559993
43595  17.046  -18.092  51.058 0.6666669846
40659  13.421  -20.223  52.607 0.5555559993
42661  16.178  -18.412  49.792 0.6666669846
116640  15.305  -18.850  49.706 0.6666669846
41678  14.517  -19.203  49.680 0.6666669846
41679  13.792  -19.652  50.098 0.6666669846
41666  14.357  -19.448  50.581 0.6666669846
43560  18.815  -17.667  55.584 0.4444440007
39624  10.244  -21.274  55.495 0.5555559993
39651  10.684  -21.887  53.820 0.5555559993
42597  18.195  -18.237  55.696 0.5555559993
43566  18.785  -17.620  54.399 0.5555559993
39637  10.491  -21.664  54.615 0.4444440007
38674  9.947  -22.196  54.212 0.4444440007
42609  18.267  -18.101  54.821 0.5555559993
40636  12.586  -20.609  54.375 0.4444440007
39623  11.121  -21.186  54.921 0.4444440007
43576  17.912  -17.995  52.949 0.7777780294
40649  12.456  -20.710  53.578 0.4444440007
126817  11.095  -21.439  54.194 0.4444440007
38684  10.906  -22.074  53.034 0.4444440007
43594  17.612  -17.736  51.461 0.5555559993
42628  17.401  -18.230  52.556 0.7777780294
39636  11.790  -21.025  54.126 0.4444440007
43603  17.688  -17.467  50.643 0.5555559993
41667  13.700  -19.902  51.110 0.5555559993
39649  11.993  -21.066  53.167 0.4444440007
124251  16.906  -17.818  49.499 0.6666669846
39665  12.098  -21.063  52.322 0.5555559993
39650  11.538  -21.580  52.700 0.4444440007
120874  9.154  -24.715  52.469 0.5555559993
43612  16.425  -18.042  48.967 0.6666669846
42662  15.730  -18.529  49.067 0.6666669846
42654  14.916  -19.144  50.238 0.6666669846
120722  9.244  -26.157  50.044 0.5555559993
34860  8.742  -26.291  49.974 0.5555559993
43623  16.005  -18.249  48.345 0.6666669846
44573  20.023  -16.715  55.843 0.4444440007
43565  19.339  -17.227  55.362 0.4444440007
43574  19.116  -17.228  53.679 0.5555559993
43585  18.426  -17.444  52.492 0.6666669846
43593  18.299  -17.255  51.543 0.6666669846
126232  17.401  -17.521  49.879 0.6666669846
114324  13.230  -20.302  51.938 0.5555559993
116619  16.993  -17.588  48.874 0.6666669846
42663  15.041  -18.871  49.025 0.6666669846
43622  16.741  -17.654  48.167 0.6666669846
42669  14.797  -18.827  48.210 0.6666669846
43637  16.152  -18.047  47.494 0.6666669846
42668  15.403  -18.593  48.502 0.6666669846
124680  15.620  -18.325  47.017 0.6666669846
112303  19.522  -17.002  54.503 0.5555559993
44608  19.505  -16.670  52.520 0.6666669846
43584  19.036  -17.092  52.910 0.6666669846
44609  18.965  -16.921  52.083 0.6666669846
44631  18.597  -16.764  50.606 0.5555559993
44643  18.734  -16.451  49.607 0.5555559993
44644  18.011  -17.030  49.797 0.6666669846
43611  17.483  -17.299  49.232 0.6666669846
44660  18.144  -16.689  48.871 0.6666669846
40671  12.614  -20.715  51.935 0.5555559993
44676  17.967  -16.659  48.003 0.6666669846
43621  17.457  -17.163  48.473 0.6666669846
40683  12.825  -20.512  51.166 0.5555559993
41688  13.805  -19.486  49.086 0.6666669846
43636  16.790  -17.496  47.212 0.6666669846
43635  17.375  -17.096  47.689 0.6666669846
42680  15.476  -18.462  47.790 0.6666669846
43650  17.328  -17.032  46.973 0.6666669846
43651  16.880  -17.281  46.354 0.6666669846
114992  19.261  -16.434  50.963 0.5555559993
44659  18.932  -16.170  48.779 0.6666669846
113885  18.532  -16.334  48.219 0.6666669846
44692  17.861  -16.615  47.215 0.6666669846
42691  15.307  -18.337  46.265 0.6666669846
44691  18.363  -16.180  46.686 0.6666669846
44693  17.613  -16.680  46.272 0.6666669846
43652  16.143  -17.896  46.458 0.5555559993
124062  20.521  -15.847  50.773 0.7777780294
45712  20.132  -15.862  50.026 0.5555559993
44642  19.462  -15.999  49.406 0.5555559993
44675  18.477  -16.251  47.523 0.6666669846
43665  16.377  -17.469  45.594 0.5555559993
44708  18.235  -16.126  45.750 0.5555559993
45694  21.220  -15.667  51.219 0.7777780294
45711  20.969  -15.658  50.237 0.6666669846
45728  20.060  -15.701  49.207 0.5555559993
44658  19.636  -15.794  48.656 0.6666669846
45743  19.842  -15.673  48.041 0.6666669846
45763  19.670  -15.678  47.370 0.5555559993
45783  18.968  -15.784  46.166 0.5555559993
106346  17.425  -16.546  45.147 0.4444440007
45802  18.101  -16.005  44.820 0.4444440007
45726  21.417  -15.516  49.585 0.6666669846
45741  21.368  -15.476  48.420 0.6666669846
121223  21.147  -15.505  48.986 0.6666669846
128375  20.982  -15.488  47.924 0.7777780294
45762  20.378  -15.551  47.653 0.6666669846
45782  19.508  -15.669  46.694 0.5555559993
45801  18.752  -15.731  45.256 0.5555559993
126543  19.312  -15.591  45.494 0.4444440007
45725  22.618  -15.321  49.958 0.6666669846
123455  22.066  -15.415  49.580 0.6666669846
115474  21.802  -15.439  48.990 0.6666669846
124894  21.655  -15.448  47.744 0.7777780294
110824  21.897  -15.398  46.966 0.7777780294
45761  21.066  -15.468  47.250 0.6666669846
45780  21.236  -15.439  46.426 0.6666669846
45781  20.300  -15.531  46.762 0.6666669846
45799  20.601  -15.459  45.853 0.5555559993
45821  18.544  -15.564  44.372 0.3333329856
113404  19.984  -15.436  45.136 0.5555559993
48872  29.838  -11.918  51.473 0.5555559993
49872  29.772  -11.350  49.282 0.7777780294
112971  28.733  -12.338  50.373 0.8888890147
48882  28.974  -11.744  49.123 0.8888890147
48883  28.390  -12.357  49.655 0.8888890147
48893  28.694  -11.690  48.374 0.8888890147
48894  27.774  -12.648  49.023 0.7777780294
47884  27.309  -13.429  50.661 0.7777780294
107689  27.906  -12.288  48.163 0.7777780294
47899  27.611  -13.012  49.771 0.7777780294
120649  26.582  -13.841  50.461 0.7777780294
47915  26.753  -13.462  48.817 0.7777780294
46838  26.079  -14.068  49.956 0.7777780294
46824  24.713  -14.656  49.894 0.7777780294
110817  22.968  -15.197  51.233 0.7777780294
128174  26.252  -13.745  48.426 0.7777780294
124375  26.176  -13.902  49.120 0.7777780294
46839  25.412  -14.380  49.337 0.7777780294
45723  24.106  -14.892  49.561 0.7777780294
46840  24.599  -14.752  49.087 0.7777780294
45724  23.388  -15.128  49.685 0.6666669846
120074  22.686  -15.315  49.071 0.6666669846
45740  22.172  -15.409  48.329 0.7777780294
45779  22.175  -15.342  46.029 0.7777780294
45798  21.389  -15.379  45.674 0.7777780294
49870  31.586  -10.957  49.824 0.5555559993
109244  30.715  -11.298  50.308 0.6666669846
49888  31.209  -10.784  48.826 0.5555559993
49889  30.288  -10.928  48.664 0.6666669846
50889  30.828  -10.608  48.012 0.7777780294
49890  29.449  -11.266  48.534 0.8888890147
49903  29.903  -10.817  47.773 0.8888890147
114515  29.105  -11.212  47.887 0.8888890147
49905  28.485  -11.629  47.570 0.7777780294
49904  29.171  -11.012  47.066 0.8888890147
49916  28.346  -11.491  46.728 0.7777780294
47914  27.262  -12.983  48.465 0.7777780294
124500  28.878  -11.036  46.286 0.7777780294
48903  27.754  -12.165  47.155 0.6666669846
47926  27.171  -12.825  47.597 0.7777780294
50944  29.398  -10.219  45.390 0.7777780294
46854  25.706  -14.120  48.493 0.7777780294
46868  23.894  -15.091  47.944 0.6666669846
50959  29.584  -9.918  44.791 0.7777780294
49926  28.251  -11.282  45.913 0.7777780294
48911  27.658  -11.947  46.273 0.6666669846
47927  26.493  -13.289  47.199 0.6666669846
113440  25.337  -14.272  47.900 0.8888890147
46856  24.389  -14.854  48.391 0.7777780294
50960  28.774  -10.073  44.765 0.8888890147
109258  27.564  -11.610  45.472 0.7777780294
48912  26.971  -12.676  46.620 0.7777780294
46866  25.957  -13.835  47.705 0.7777780294
46867  24.645  -14.679  47.676 0.8888890147
45739  23.060  -15.280  48.185 0.6666669846
50977  29.620  -9.447  43.500 0.7777780294
114231  29.152  -9.514  44.150 0.7777780294
50961  28.116  -10.839  45.130 0.7777780294
48926  27.027  -11.973  45.094 0.7777780294
47956  26.459  -12.919  45.867 0.7777780294
47941  26.337  -13.224  46.493 0.7777780294
46880  23.669  -15.091  46.647 0.7777780294
45759  23.342  -15.241  47.386 0.7777780294
50978  28.395  -9.546  43.973 0.6666669846
106370  27.874  -10.280  44.383 0.7777780294
48945  26.680  -12.033  44.469 0.6666669846
46881  23.150  -15.173  45.995 0.7777780294
45778  22.797  -15.315  46.762 0.7777780294
50998  29.723  -9.539  42.588 0.5555559993
51933  28.149  -8.992  43.272 0.5555559993
50979  27.586  -9.826  43.679 0.5555559993
49954  27.272  -10.624  43.980 0.6666669846
51932  29.008  -8.946  43.006 0.5555559993
107393  32.644  -10.938  49.858 0.4444440007
120384  33.055  -10.916  49.211 0.4444440007
121370  32.267  -10.770  48.883 0.5555559993
49902  32.542  -10.669  47.921 0.4444440007
121824  31.681  -10.572  48.071 0.5555559993
50906  31.260  -10.435  47.463 0.7777780294
50907  30.595  -10.462  47.222 0.7777780294
50908  29.938  -10.589  46.936 0.8888890147
50943  30.119  -10.088  45.587 0.8888890147
50926  30.378  -10.313  46.447 0.8888890147
50958  30.315  -9.928  44.732 0.8888890147
50976  30.421  -9.883  43.909 0.8888890147
50997  30.490  -10.055  42.920 0.7777780294
49938  26.816  -11.363  43.874 0.6666669846
110896  30.801  -10.548  42.073 0.8888890147
113713  30.240  -10.068  42.168 0.8888890147
51951  29.100  -9.123  42.203 0.5555559993
107233  27.279  -9.502  42.946 0.5555559993
51015  30.343  -10.356  41.537 0.5555559993
106338  29.815  -10.144  41.001 0.5555559993
51968  29.040  -9.321  41.321 0.5555559993
51952  28.394  -8.773  41.960 0.5555559993
51943  27.744  -8.832  42.519 0.5555559993
51969  28.485  -9.111  40.631 0.4444440007
49846  33.203  -11.086  50.940 0.2222220004
108322  33.716  -11.081  49.028 0.4444440007
120008  33.149  -10.876  48.495 0.4444440007
48902  34.770  -11.945  47.439 0.5555559993
49900  34.100  -11.351  47.536 0.5555559993
108341  33.888  -11.152  48.282 0.4444440007
49901  33.369  -10.925  47.689 0.4444440007
49914  33.597  -11.100  46.873 0.5555559993
49915  32.790  -10.685  47.085 0.6666669846
50924  31.944  -10.452  47.297 0.6666669846
49913  34.282  -11.725  46.764 0.5555559993
106524  33.002  -10.861  46.249 0.7777780294
50925  31.227  -10.275  46.716 0.7777780294
50941  32.155  -10.453  46.497 0.7777780294
123924  32.355  -10.642  45.670 0.7777780294
111399  31.515  -10.282  45.918 0.8888890147
121702  30.802  -10.182  46.025 0.8888890147
111852  33.111  -11.184  45.410 0.8888890147
49925  31.733  -10.430  45.087 0.8888890147
49924  32.499  -10.965  44.829 0.7777780294
50942  30.927  -10.102  45.329 0.8888890147
49936  31.903  -10.740  44.267 0.7777780294
50957  31.149  -10.213  44.419 0.7777780294
49953  31.897  -10.980  43.408 0.7777780294
115191  31.528  -10.566  43.908 0.8888890147
49975  32.111  -11.326  42.457 0.7777780294
50996  31.330  -10.746  42.685 0.8888890147
50975  31.150  -10.372  43.541 0.7777780294
124061  32.316  -11.528  41.688 0.8888890147
49997  31.526  -11.120  41.741 0.7777780294
115349  32.082  -11.465  40.989 0.6666669846
125496  30.899  -10.781  41.403 0.7777780294
50021  31.853  -11.427  40.164 0.4444440007
115397  31.302  -11.124  40.831 0.6666669846
49998  30.543  -10.698  40.810 0.5555559993
50020  32.558  -11.620  40.413 0.3333329856
50022  30.916  -11.125  39.883 0.4444440007
51035  30.004  -10.543  40.135 0.4444440007
51036  29.259  -9.868  40.384 0.4444440007
49845  34.383  -11.189  50.791 0.2222220004
49869  33.554  -11.027  49.874 0.3333329856
49867  35.202  -11.481  50.274 0.3333329856
49868  34.378  -11.248  49.605 0.4444440007
49886  35.080  -11.666  49.102 0.3333329856
48891  35.263  -12.145  48.164 0.6666669846
48892  34.570  -11.568  48.213 0.4444440007
107444  34.464  -12.176  46.086 0.6666669846
49923  33.807  -11.502  45.980 0.7777780294
48925  33.659  -11.783  45.159 0.7777780294
48944  33.952  -12.258  44.475 0.7777780294
49934  33.209  -11.597  44.581 0.8888890147
121718  34.061  -12.400  43.760 0.7777780294
48961  33.933  -12.326  43.225 0.8888890147
49952  33.410  -12.001  43.682 0.7777780294
49996  33.687  -12.052  41.869 0.8888890147
49974  32.878  -11.796  42.154 0.7777780294
124215  34.116  -12.063  41.502 0.8888890147
117325  33.826  -11.943  41.013 0.8888890147
114648  32.957  -11.803  41.167 0.8888890147
118455  34.287  -11.783  40.293 0.8888890147
50019  33.343  -11.765  40.159 0.7777780294
124600  33.229  -11.639  39.245 0.4444440007
48881  35.918  -12.000  49.969 0.2222220004
109534  35.832  -12.394  48.916 0.5555559993
47936  35.710  -13.076  46.470 0.7777780294
48901  35.471  -12.630  47.317 0.6666669846
47951  36.622  -13.352  45.676 0.6666669846
47965  36.742  -13.108  45.012 0.8888890147
47952  35.930  -13.240  45.706 0.7777780294
48923  35.082  -12.783  45.674 0.7777780294
48924  34.265  -12.259  45.350 0.8888890147
48940  36.889  -12.651  44.421 0.8888890147
47966  36.153  -13.234  45.173 0.8888890147
48942  35.533  -13.020  44.862 0.7777780294
48958  36.316  -12.557  43.785 0.8888890147
118128  35.680  -12.904  44.119 0.8888890147
108096  35.059  -12.781  44.092 0.8888890147
48959  35.426  -12.597  43.367 0.8888890147
48943  34.480  -12.579  44.077 0.7777780294
48960  34.573  -12.516  43.384 0.8888890147
48974  34.847  -12.369  42.625 0.8888890147
48995  34.397  -12.155  41.951 0.8888890147
48994  35.090  -12.050  41.918 0.8888890147
49994  35.512  -11.723  41.278 0.8888890147
49995  34.614  -11.932  41.191 0.8888890147
50018  35.178  -11.627  40.454 0.8888890147
48880  36.605  -12.932  49.694 0.2222220004
47907  37.402  -13.886  48.207 0.3333329856
47893  37.375  -13.668  49.766 0.4444440007
123148  36.356  -13.033  48.684 0.5555559993
47908  36.618  -13.453  48.023 0.4444440007
47922  36.202  -13.292  47.239 0.6666669846
107153  37.332  -13.697  46.843 0.6666669846
47935  36.569  -13.474  46.477 0.6666669846
48957  37.107  -12.041  43.912 0.8888890147
49951  36.723  -11.894  43.267 0.8888890147
48972  36.084  -12.231  43.075 0.8888890147
49970  37.175  -11.338  42.857 0.8888890147
48973  35.582  -12.166  42.556 0.8888890147
111307  36.280  -11.447  41.588 0.8888890147
49972  35.755  -11.811  41.958 0.8888890147
51014  36.907  -10.957  41.177 0.8888890147
51034  36.810  -10.746  40.345 0.7777780294
50017  36.110  -11.311  40.628 0.7777780294
47892  37.804  -14.089  49.238 0.3333329856
46848  38.158  -14.123  48.586 0.3333329856
47933  38.033  -13.464  46.827 0.5555559993
47934  37.330  -13.454  46.161 0.7777780294
47950  37.299  -13.062  45.457 0.8888890147
121998  37.518  -12.102  44.545 0.8888890147
50974  37.818  -11.004  43.367 0.8888890147
49950  37.711  -11.506  44.025 0.8888890147
126121  37.328  -11.545  43.483 0.8888890147
109454  38.206  -10.462  42.993 0.8888890147
50995  37.691  -10.743  42.543 0.8888890147
49993  37.020  -11.138  42.046 0.8888890147
50994  38.297  -10.082  42.274 0.8888890147
114002  37.591  -10.522  41.703 0.8888890147
51012  38.073  -9.864  41.348 0.8888890147
51013  37.461  -10.337  40.846 0.8888890147
109096  38.468  -13.761  47.892 0.3333329856
110382  38.624  -11.651  46.328 0.7777780294
48921  38.249  -11.949  45.751 0.8888890147
108155  38.539  -10.643  44.324 1.0000000000
112783  38.172  -11.386  44.833 1.0000000000
48922  37.747  -12.360  45.224 0.8888890147
49949  38.143  -11.005  44.035 0.8888890147
50972  38.821  -10.191  43.907 1.0000000000
50973  38.395  -10.540  43.630 0.8888890147
51941  38.843  -9.507  42.481 1.0000000000
51950  38.636  -9.368  41.783 0.8888890147
51966  38.423  -9.165  40.994 0.8888890147
51967  37.894  -9.671  40.523 0.8888890147
48890  39.117  -13.327  48.346 0.3333329856
49899  38.848  -11.899  47.016 0.5555559993
48900  38.737  -12.967  47.354 0.3333329856
50923  38.677  -11.001  45.759 0.7777780294
48909  38.408  -12.519  46.495 0.7777780294
50955  39.013  -10.175  44.541 0.7777780294
50956  38.703  -10.676  44.967 0.7777780294
51930  39.315  -9.620  43.904 1.0000000000
51931  38.759  -9.954  43.163 1.0000000000
110326  39.160  -8.897  42.206 1.0000000000
52889  38.922  -8.676  41.435 1.0000000000
52901  38.704  -8.464  40.673 1.0000000000
51983  38.270  -8.993  40.193 0.8888890147
52900  39.180  -7.991  41.103 1.0000000000
48899  39.195  -12.088  48.011 0.3333329856
50922  39.189  -10.361  46.260 0.6666669846
49898  38.926  -11.039  46.702 0.7777780294
51923  39.527  -9.671  44.820 0.8888890147
52864  39.836  -9.167  44.343 1.0000000000
51940  39.286  -9.211  43.009 1.0000000000
52881  39.708  -8.354  42.742 1.0000000000
52888  39.418  -8.199  41.858 1.0000000000
53969  39.614  -7.499  41.526 1.0000000000
53984  39.386  -7.310  40.782 1.0000000000
53997  39.177  -7.192  40.149 1.0000000000
48889  39.604  -12.790  49.035 0.3333329856
49885  39.611  -11.757  48.914 0.3333329856
50905  39.391  -10.470  47.291 0.5555559993
126461  39.084  -11.197  47.481 0.4444440007
51916  39.631  -9.716  45.719 0.6666669846
52872  39.783  -8.846  43.628 1.0000000000
53958  39.820  -7.713  42.188 1.0000000000
55015  39.798  -6.778  41.191 1.0000000000
55030  39.518  -6.565  40.360 1.0000000000
50874  39.823  -11.027  49.460 0.3333329856
50904  39.796  -10.109  48.148 0.4444440007
50888  39.458  -10.911  48.325 0.3333329856
51908  39.745  -9.845  46.619 0.5555559993
51915  40.251  -9.243  46.128 0.6666669846
108342  40.835  -8.271  44.971 0.8888890147
51922  40.194  -9.055  45.134 0.7777780294
52871  40.260  -8.112  43.518 0.8888890147
52880  40.276  -7.501  42.799 1.0000000000
53957  40.133  -7.013  42.019 1.0000000000
117698  40.312  -6.124  41.565 1.0000000000
55029  39.926  -6.133  40.855 1.0000000000
55981  39.414  -6.015  39.591 1.0000000000
55966  39.796  -5.676  40.241 1.0000000000
56865  39.597  -5.031  39.451 1.0000000000
50887  39.928  -10.424  48.966 0.4444440007
51893  40.475  -9.753  48.995 0.4444440007
51900  40.386  -9.514  47.857 0.3333329856
51901  39.891  -9.878  47.375 0.4444440007
52838  40.898  -9.059  47.360 0.4444440007
51907  40.352  -9.431  46.964 0.5555559993
52856  40.837  -8.601  45.792 0.6666669846
52862  41.373  -7.555  44.864 0.8888890147
53936  40.802  -7.848  44.194 0.8888890147
53948  40.690  -7.471  43.529 0.8888890147
125795  40.461  -6.946  42.569 0.8888890147
55965  40.236  -5.436  40.905 1.0000000000
56864  40.053  -4.760  40.275 1.0000000000
56881  39.409  -4.149  38.962 0.8888890147
53910  41.819  -7.660  46.155 0.5555559993
52847  40.887  -8.860  46.611 0.6666669846
52855  41.380  -7.932  45.611 0.7777780294
52846  41.435  -8.217  46.373 0.6666669846
53935  41.311  -7.052  44.054 0.8888890147
54997  40.853  -6.800  43.114 0.8888890147
55005  41.167  -5.934  42.857 0.8888890147
55006  40.607  -6.416  42.380 0.8888890147
57777  39.379  -3.499  39.341 1.0000000000
56872  39.784  -4.070  39.684 0.8888890147
57778  38.819  -3.294  38.759 0.8888890147
53923  41.852  -7.285  45.566 0.6666669846
54974  41.801  -6.830  44.888 0.8888890147
54996  41.497  -6.219  43.640 0.8888890147
55939  40.817  -5.620  42.156 0.8888890147
55950  40.603  -5.290  41.526 0.8888890147
56856  40.536  -4.477  41.080 1.0000000000
57765  40.159  -3.815  40.396 1.0000000000
57767  38.975  -2.723  39.534 1.0000000000
58691  37.907  -2.683  38.457 1.0000000000
53922  42.286  -6.528  45.648 0.7777780294
55912  41.961  -5.746  44.202 0.8888890147
55938  41.268  -5.190  42.621 0.8888890147
55949  40.988  -4.672  42.000 0.8888890147
57754  40.438  -3.517  41.023 0.8888890147
57766  39.643  -3.217  39.943 1.0000000000
58673  38.429  -1.796  39.832 1.0000000000
125825  38.216  -2.292  39.136 1.0000000000
114000  37.207  -2.169  38.259 1.0000000000
58702  36.666  -2.064  37.778 1.0000000000
59631  35.883  -1.524  36.969 0.7777780294
55911  42.289  -5.468  44.834 0.7777780294
56849  41.425  -4.431  42.798 0.8888890147
57743  40.807  -3.727  41.659 0.8888890147
57755  39.948  -2.898  40.661 1.0000000000
58672  39.160  -2.319  40.301 1.0000000000
110372  38.756  -1.378  40.650 1.0000000000
112734  37.717  -0.982  37.594 1.0000000000
59592  38.404  -1.230  39.724 1.0000000000
60583  37.693  -1.170  38.191 1.0000000000
59608  37.917  -1.426  38.789 1.0000000000
60607  37.283  -0.957  37.006 1.0000000000
60594  37.101  -1.258  37.537 1.0000000000
58692  37.619  -1.888  38.733 1.0000000000
60617  37.795  -0.909  36.214 1.0000000000
59619  37.180  -1.599  38.105 1.0000000000
60618  36.765  -1.001  36.532 1.0000000000
60595  36.500  -1.214  36.980 1.0000000000
59643  36.891  -1.059  35.765 0.8888890147
59620  36.534  -1.523  37.444 1.0000000000
58703  36.148  -1.910  37.321 1.0000000000
116661  37.976  -1.175  35.179 0.7777780294
59655  37.175  -1.320  34.796 0.7777780294
59644  35.969  -1.267  36.329 0.8888890147
56838  41.740  -4.144  43.686 0.8888890147
57742  41.146  -3.889  42.309 0.8888890147
57730  40.818  -3.136  42.290 0.8888890147
58664  40.232  -2.725  41.547 0.8888890147
108498  39.335  -2.046  41.132 0.8888890147
59607  38.233  -0.926  38.998 1.0000000000
60606  38.305  -0.689  37.080 1.0000000000
107997  38.797  -0.751  36.318 1.0000000000
59642  38.848  -1.042  35.526 1.0000000000
107356  38.159  -1.525  34.288 0.7777780294
58649  40.748  -2.683  43.036 0.7777780294
58657  40.133  -2.297  42.452 0.7777780294
57729  41.269  -3.548  42.946 0.7777780294
58665  39.505  -1.764  41.919 0.7777780294
124311  39.080  -1.308  41.441 0.8888890147
59585  38.951  -0.889  41.243 1.0000000000
59591  38.708  -0.912  40.516 1.0000000000
61549  39.734  -0.088  37.967 1.0000000000
61537  39.503  -0.004  38.737 1.0000000000
124654  40.289  0.069  38.378 1.0000000000
60582  38.727  -0.403  39.001 1.0000000000
61548  40.611  -0.038  37.706 1.0000000000
61538  39.040  -0.271  38.287 1.0000000000
60593  38.337  -0.661  38.133 1.0000000000
61560  39.966  -0.230  37.220 1.0000000000
60605  39.331  -0.476  36.762 1.0000000000
60592  39.087  -0.357  37.570 1.0000000000
60604  40.270  -0.437  36.471 1.0000000000
60616  39.758  -0.765  35.880 1.0000000000
59654  38.909  -1.330  34.613 1.0000000000
60625  39.776  -1.173  34.888 1.0000000000
106661  38.924  -1.582  33.905 0.7777780294
59653  39.663  -1.425  33.968 1.0000000000
127100  40.641  -2.284  43.645 0.7777780294
58650  40.088  -1.790  43.213 0.7777780294
58658  39.675  -1.542  42.546 0.7777780294
59580  39.243  -1.007  42.098 0.8888890147
110313  41.721  0.091  39.952 0.8888890147
126912  40.314  0.148  39.211 1.0000000000
61525  39.759  0.147  40.191 1.0000000000
60581  39.195  -0.045  39.629 1.0000000000
60562  38.958  -0.484  40.818 1.0000000000
60563  38.708  -0.619  39.928 1.0000000000
110268  41.262  0.082  38.353 1.0000000000
61547  41.492  -0.012  37.443 1.0000000000
60603  41.142  -0.370  36.195 1.0000000000
120526  40.635  -0.601  35.843 1.0000000000
60615  40.640  -0.870  35.142 1.0000000000
60624  40.710  -1.140  34.039 1.0000000000
59573  40.410  -1.702  43.846 0.5555559993
59564  40.668  -1.285  44.395 0.4444440007
59574  40.224  -1.141  43.559 0.5555559993
123973  40.153  -0.535  43.182 0.5555559993
59579  39.744  -1.046  42.861 0.7777780294
60552  39.314  -0.420  41.686 1.0000000000
107848  42.122  0.146  41.320 0.8888890147
108337  40.860  0.191  41.532 0.7777780294
61490  39.847  0.099  41.657 1.0000000000
61505  41.410  0.114  40.651 0.8888890147
60573  39.041  -0.128  40.383 1.0000000000
61536  41.501  0.113  39.273 0.8888890147
61523  42.348  0.273  39.549 0.8888890147
61535  42.341  0.305  38.636 0.8888890147
61522  43.030  0.729  39.169 0.8888890147
126294  42.088  0.145  37.874 1.0000000000
61558  41.738  -0.107  36.647 1.0000000000
60614  41.341  -0.528  35.449 1.0000000000
58783  37.793  -2.453  30.342 0.5555559993
58822  36.421  -1.991  28.477 0.3333329856
59555  41.204  -1.206  45.289 0.5555559993
59565  40.557  -0.736  43.891 0.5555559993
60540  39.681  -0.540  42.448 0.6666669846
61476  41.390  0.128  42.248 0.6666669846
127119  39.973  -0.138  42.671 0.5555559993
61506  40.287  0.201  40.846 0.8888890147
60551  39.716  -0.114  42.215 0.8888890147
61489  42.951  0.640  40.801 0.7777780294
61504  42.297  0.225  40.360 0.8888890147
61503  43.011  0.671  39.973 0.7777780294
62440  43.580  1.331  40.433 0.7777780294
62450  43.622  1.323  39.632 0.7777780294
123906  43.108  0.801  38.481 0.8888890147
61534  42.842  0.623  37.757 0.8888890147
62461  43.581  1.219  38.056 0.8888890147
61546  42.296  0.209  37.143 1.0000000000
61557  42.483  0.181  36.308 1.0000000000
61570  41.946  -0.228  35.856 1.0000000000
60613  42.096  -0.331  35.039 1.0000000000
60623  41.496  -0.703  34.593 1.0000000000
60632  41.865  -0.811  33.545 1.0000000000
59664  41.137  -1.309  32.924 1.0000000000
59676  40.618  -1.567  32.402 1.0000000000
59687  39.861  -1.917  31.311 0.7777780294
59697  41.097  -1.268  31.248 0.7777780294
59698  40.481  -1.519  30.926 0.7777780294
58770  39.189  -2.171  30.808 0.5555559993
58800  38.333  -2.148  29.757 0.5555559993
59699  39.790  -1.732  30.542 0.5555559993
58782  39.097  -1.973  30.097 0.5555559993
59720  38.797  -1.583  29.356 0.5555559993
59762  37.078  -1.509  28.213 0.3333329856
59764  35.400  -1.177  27.598 0.1111110002
59744  33.787  -1.316  27.756 0.1111110002
60692  32.947  -0.751  27.859 0.1111110002
60693  32.243  -0.326  28.366 0.1111110002
125050  32.617  -0.162  27.901 0.1111110002
61634  32.065  0.515  28.745 0.1111110002
61441  41.775  -0.132  45.438 0.5555559993
61464  40.683  -0.101  43.030 0.5555559993
61463  42.163  0.341  44.027 0.5555559993
121845  41.258  -0.037  43.760 0.5555559993
61475  42.035  0.148  43.029 0.5555559993
115876  42.325  0.286  42.128 0.7777780294
62429  43.511  1.339  41.192 0.5555559993
124340  43.979  1.815  40.864 0.4444440007
62439  44.223  1.930  40.206 0.5555559993
64330  45.447  3.445  41.903 0.4444440007
115440  45.087  2.796  41.116 0.5555559993
64329  46.274  4.157  41.934 0.3333329856
63400  45.279  2.864  40.296 0.4444440007
62449  44.238  1.858  39.275 0.6666669846
116832  44.199  1.772  38.402 0.6666669846
61545  42.988  0.633  36.819 0.8888890147
62473  44.112  1.649  37.584 0.6666669846
61569  42.678  0.091  35.438 1.0000000000
123162  42.226  -0.467  34.292 1.0000000000
60631  42.576  -0.484  32.786 1.0000000000
60641  41.854  -0.957  32.451 1.0000000000
60647  42.000  -0.288  31.103 1.0000000000
60648  41.708  -0.926  31.562 1.0000000000
59685  41.215  -1.348  32.029 0.8888890147
61607  41.580  0.031  30.379 1.0000000000
60654  41.385  -0.770  30.757 1.0000000000
120892  40.935  -1.085  30.611 0.8888890147
61621  41.140  0.555  29.680 1.0000000000
60655  40.885  -0.529  30.077 0.7777780294
59718  40.343  -1.238  30.240 0.6666669846
59719  39.594  -1.446  29.854 0.5555559993
61622  40.267  0.378  29.045 0.6666669846
60670  39.507  -0.362  28.895 0.5555559993
60671  38.886  -0.885  28.773 0.5555559993
123624  37.675  -1.609  28.586 0.4444440007
59721  38.002  -1.913  29.092 0.3333329856
61632  39.497  0.343  28.489 0.5555559993
60690  38.334  -0.628  28.230 0.3333329856
60691  37.720  -1.084  28.140 0.3333329856
59763  36.285  -1.365  27.844 0.3333329856
61638  38.329  0.192  27.753 0.3333329856
60704  37.811  -0.458  27.797 0.3333329856
60705  37.063  -0.752  27.620 0.3333329856
60707  35.213  -0.434  27.136 0.2222220004
62360  43.194  1.344  46.893 0.2222220004
61429  42.538  0.676  46.015 0.4444440007
61451  42.270  0.453  44.949 0.5555559993
61452  41.447  -0.111  44.483 0.5555559993
108320  43.713  2.182  46.933 0.3333329856
114658  43.192  1.595  46.060 0.5555559993
62403  42.905  0.900  43.493 0.5555559993
62417  42.943  0.755  42.516 0.4444440007
62402  43.541  1.615  42.950 0.5555559993
63370  44.068  1.995  41.546 0.4444440007
65332  47.043  4.877  42.440 0.1111110002
65331  48.447  5.223  41.827 0.1111110002
112618  46.956  4.665  41.476 0.1111110002
64344  46.439  4.019  40.816 0.1111110002
64362  45.892  3.441  40.096 0.2222220004
63416  45.434  2.942  39.362 0.4444440007
127595  46.021  3.532  39.373 0.2222220004
63417  44.875  2.380  38.792 0.4444440007
125310  45.370  2.832  38.728 0.4444440007
63434  44.761  2.166  37.877 0.5555559993
62486  44.023  1.494  36.915 0.5555559993
62487  43.652  1.052  36.478 0.8888890147
110982  44.285  1.495  36.245 0.7777780294
62513  44.244  1.005  34.867 0.8888890147
61568  43.519  0.483  34.909 1.0000000000
61575  44.159  0.821  34.049 1.0000000000
61576  43.431  0.196  33.928 1.0000000000
60622  42.740  -0.314  33.692 1.0000000000
61581  43.775  0.575  33.356 1.0000000000
61582  43.259  0.068  33.057 1.0000000000
61594  43.079  0.973  31.700 1.0000000000
60640  42.356  -0.468  31.895 1.0000000000
62568  42.422  1.849  30.578 1.0000000000
61606  42.118  0.527  30.745 1.0000000000
61595  42.579  0.286  31.415 1.0000000000
62569  41.959  1.722  30.029 1.0000000000
118354  41.705  0.927  30.160 1.0000000000
62581  41.419  1.489  29.519 0.8888890147
62582  40.850  1.242  29.106 0.6666669846
62589  39.714  1.122  28.246 0.5555559993
60689  38.942  -0.113  28.334 0.4444440007
63554  39.937  2.009  27.815 0.4444440007
61639  37.545  0.072  27.419 0.3333329856
62372  42.821  1.104  45.290 0.5555559993
62371  43.744  2.512  46.102 0.3333329856
120614  43.344  1.792  45.155 0.5555559993
62387  43.563  1.928  44.106 0.5555559993
63357  44.061  2.276  42.410 0.4444440007
63356  44.538  3.104  42.942 0.4444440007
109605  45.735  4.120  42.659 0.3333329856
64314  46.267  4.671  43.065 0.3333329856
65317  46.754  4.820  43.353 0.1111110002
125860  48.534  5.568  41.023 0.1111110002
65345  47.115  4.694  40.581 0.1111110002
65329  50.061  4.809  40.879 0.1111110002
65357  47.171  4.740  39.618 0.2222220004
64361  46.537  4.056  39.024 0.2222220004
64380  45.847  3.344  38.613 0.3333329856
63454  44.666  1.954  36.938 0.5555559993
63453  45.316  2.604  37.312 0.5555559993
122972  44.903  1.860  36.099 0.6666669846
62499  45.280  1.911  34.804 0.7777780294
62512  44.719  1.422  34.469 0.7777780294
63515  44.504  2.497  32.789 0.7777780294
63502  44.893  2.226  33.443 0.7777780294
63486  45.129  1.996  34.098 0.7777780294
64468  44.490  3.449  32.425 0.8888890147
62523  44.639  1.524  33.731 0.8888890147
64474  44.050  3.869  31.677 0.8888890147
64469  43.873  2.815  32.018 0.8888890147
62538  44.098  1.777  32.584 1.0000000000
61588  43.638  0.865  32.541 1.0000000000
63527  43.272  2.657  31.276 1.0000000000
62554  43.494  1.806  31.896 1.0000000000
62555  42.914  1.844  31.203 1.0000000000
115211  42.555  1.109  31.027 1.0000000000
63537  41.780  2.319  29.369 0.8888890147
62588  40.398  1.594  28.497 0.6666669846
63331  43.864  2.744  45.165 0.4444440007
118114  44.195  3.088  44.427 0.3333329856
109656  45.580  4.352  43.618 0.3333329856
109959  47.787  5.214  41.376 0.1111110002
66226  49.047  5.654  40.944 0.1111110002
65344  47.851  5.394  40.277 0.1111110002
66270  50.392  6.041  38.042 0.1111110002
66246  50.450  5.967  39.125 0.1111110002
65342  50.198  5.620  39.941 0.1111110002
64397  45.870  3.306  37.667 0.5555559993
64414  45.935  3.130  36.737 0.6666669846
64459  45.609  3.618  33.516 0.6666669846
64449  45.889  3.292  34.195 0.7777780294
63469  46.112  3.098  34.837 0.7777780294
63485  45.592  2.525  34.452 0.7777780294
116652  45.719  2.440  35.039 0.6666669846
63470  45.380  2.111  35.546 0.6666669846
63501  45.398  2.723  33.786 0.7777780294
64467  45.091  4.024  32.794 0.7777780294
64460  44.992  3.071  33.139 0.7777780294
65455  43.849  4.285  30.961 0.8888890147
64475  43.558  3.512  31.186 1.0000000000
64483  43.439  3.926  30.466 1.0000000000
63528  42.772  2.608  30.604 1.0000000000
126314  43.136  3.654  30.161 1.0000000000
64484  42.749  3.300  29.904 1.0000000000
63536  42.306  2.500  29.957 1.0000000000
63544  42.193  3.037  29.228 1.0000000000
63546  41.103  2.194  28.782 0.7777780294
63545  41.661  2.825  28.768 1.0000000000
63552  41.214  2.965  28.206 0.7777780294
63553  40.562  2.490  28.046 0.6666669846
123404  44.390  3.512  45.273 0.3333329856
63330  44.724  3.897  44.861 0.3333329856
114911  44.968  3.785  43.502 0.4444440007
64298  45.114  4.177  44.355 0.3333329856
64297  45.635  4.489  44.651 0.2222220004
66272  49.321  7.060  37.334 0.1111110002
110398  48.886  6.991  37.975 0.1111110002
66286  49.551  6.678  36.799 0.1111110002
66271  50.012  6.743  37.692 0.1111110002
66259  49.551  6.845  38.390 0.1111110002
66260  48.715  6.462  38.887 0.1111110002
66249  48.544  5.989  39.873 0.1111110002
65383  50.658  5.109  37.942 0.1111110002
65386  47.054  4.808  37.274 0.3333329856
112508  47.283  5.046  37.905 0.3333329856
65370  47.202  4.880  38.678 0.1111110002
64413  46.537  3.870  36.200 0.5555559993
64396  46.464  3.948  37.088 0.5555559993
120388  46.571  4.143  38.039 0.4444440007
68060  47.342  7.435  33.648 0.3333329856
67233  46.460  6.952  32.882 0.3333329856
66333  46.317  6.194  33.180 0.5555559993
65441  46.613  5.233  34.010 0.5555559993
64458  46.263  4.217  34.025 0.5555559993
64448  46.415  3.861  34.595 0.6666669846
64431  46.689  4.082  35.309 0.5555559993
64432  46.028  2.931  35.700 0.5555559993
68066  47.652  8.128  33.340 0.2222220004
68067  46.762  7.680  32.534 0.3333329856
67234  45.749  6.379  32.339 0.5555559993
66334  45.681  5.597  32.750 0.5555559993
65442  45.792  4.711  33.261 0.5555559993
68078  47.210  8.381  32.145 0.4444440007
68079  46.436  7.774  31.513 0.4444440007
67244  45.974  7.139  31.922 0.5555559993
66342  45.181  5.778  31.970 0.5555559993
66335  45.089  4.989  32.419 0.6666669846
68080  45.745  7.125  31.056 0.5555559993
67245  45.309  6.419  31.410 0.6666669846
67255  45.236  6.498  30.613 0.6666669846
67246  44.706  5.781  30.767 0.7777780294
66343  44.644  5.245  31.537 0.8888890147
128140  44.249  4.576  31.397 0.8888890147
65463  44.253  4.985  30.827 0.8888890147
65464  43.807  4.638  30.200 1.0000000000
65465  43.191  4.041  29.724 1.0000000000
64490  42.584  3.730  29.101 1.0000000000
64496  41.992  3.384  28.450 1.0000000000
64505  41.532  3.273  27.841 0.6666669846
64506  40.757  2.749  27.543 0.4444440007
63560  40.171  2.497  27.484 0.3333329856
64517  40.241  2.595  26.858 0.3333329856
64507  39.834  2.509  27.069 0.3333329856
66287  49.067  7.143  36.466 0.2222220004
66273  48.635  6.876  37.197 0.2222220004
66299  48.738  7.043  35.981 0.2222220004
66288  48.291  6.708  36.463 0.2222220004
123711  47.497  5.600  36.717 0.2222220004
65385  47.711  5.832  37.294 0.3333329856
65369  47.987  5.976  38.186 0.1111110002
67218  47.925  7.009  34.956 0.2222220004
66316  47.449  6.183  34.851 0.4444440007
65434  46.928  5.098  34.814 0.4444440007
65417  47.423  5.589  35.543 0.4444440007
120786  47.039  4.832  35.899 0.3333329856
65402  47.016  4.781  36.535 0.4444440007
67228  47.111  6.818  33.924 0.3333329856
66324  46.882  6.128  34.055 0.3333329856
68905  49.263  8.883  33.809 0.2222220004
69754  49.594  9.371  33.160 0.2222220004
68915  48.725  9.204  32.536 0.4444440007
69759  50.456  9.547  33.125 0.3333329856
68927  47.802  8.859  31.781 0.4444440007
106536  47.004  8.329  31.137 0.4444440007
68088  47.786  8.529  30.808 0.4444440007
68089  46.303  7.565  30.596 0.6666669846
68090  45.685  6.941  30.447 0.7777780294
66352  44.488  5.566  30.127 0.8888890147
126952  44.280  5.256  30.307 0.8888890147
66362  44.483  5.520  29.663 0.8888890147
66353  44.114  5.130  29.818 1.0000000000
121639  43.913  4.890  28.745 1.0000000000
66363  44.015  5.013  29.267 1.0000000000
65473  43.608  4.612  29.456 1.0000000000
65488  44.908  5.043  27.417 1.0000000000
66381  44.273  4.988  28.221 1.0000000000
65481  43.461  4.612  28.862 1.0000000000
65474  43.010  4.250  29.008 1.0000000000
128070  45.226  4.871  26.622 0.8888890147
106391  44.104  4.577  27.419 1.0000000000
65489  43.466  4.530  28.146 1.0000000000
65490  42.645  4.038  27.893 1.0000000000
64495  42.532  3.935  28.480 1.0000000000
106420  45.084  4.523  26.002 0.8888890147
64514  44.386  4.014  25.975 0.8888890147
114050  44.044  4.208  26.749 0.8888890147
65497  43.305  4.101  27.206 1.0000000000
64504  42.024  3.494  27.580 0.7777780294
121684  42.122  3.665  28.026 0.8888890147
121317  43.711  3.815  26.413 0.7777780294
64515  42.988  3.381  26.452 0.5555559993
64545  44.272  3.742  25.021 0.7777780294
69751  52.423  9.423  33.229 0.3333329856
68913  50.610  9.562  32.170 0.4444440007
69758  51.521  9.634  33.143 0.3333329856
68926  48.610  9.080  31.425 0.4444440007
122055  47.891  7.986  30.056 0.5555559993
116023  47.121  7.908  30.316 0.6666669846
68102  45.951  6.976  29.918 0.6666669846
67267  45.326  6.501  29.988 0.8888890147
67256  44.845  6.000  30.126 0.8888890147
67280  46.426  6.285  28.406 1.0000000000
66371  45.633  5.888  28.319 1.0000000000
106395  44.938  5.476  28.279 1.0000000000
119405  46.282  5.762  27.450 1.0000000000
66380  45.487  5.507  27.674 1.0000000000
66390  46.388  5.414  26.405 1.0000000000
66391  45.743  4.982  26.032 0.8888890147
118161  46.356  5.212  25.644 1.0000000000
66401  45.974  4.897  25.206 0.8888890147
65508  45.460  4.606  25.424 0.7777780294
65509  44.926  4.205  25.242 0.7777780294
66409  46.628  5.298  24.084 0.8888890147
121879  46.126  4.939  24.540 0.8888890147
65518  45.467  4.528  24.628 0.8888890147
66422  46.152  5.272  23.305 0.6666669846
65529  45.070  4.488  23.787 0.6666669846
65530  44.218  4.155  23.638 0.6666669846
64558  44.109  3.757  24.287 0.6666669846
122740  45.414  4.962  23.218 0.5555559993
65546  44.633  4.766  23.064 0.5555559993
68924  50.869  9.215  31.148 0.4444440007
68925  49.640  9.152  31.207 0.4444440007
68935  51.153  8.510  30.157 0.5555559993
68087  48.762  8.446  30.357 0.4444440007
68101  47.452  7.317  29.462 0.5555559993
68100  48.490  7.596  29.497 0.7777780294
111647  46.619  7.376  29.900 0.7777780294
67281  44.949  5.956  29.513 0.8888890147
67266  46.538  6.848  29.239 0.7777780294
67288  48.800  6.384  27.241 1.0000000000
107558  48.095  6.463  27.879 1.0000000000
67279  47.328  6.646  28.564 1.0000000000
106556  45.648  6.359  29.207 1.0000000000
106458  47.969  6.170  27.035 1.0000000000
66379  47.196  6.183  27.677 1.0000000000
127087  45.086  5.844  28.890 1.0000000000
67297  47.946  6.056  26.023 1.0000000000
66389  47.125  5.838  26.718 1.0000000000
66400  47.061  5.580  25.636 1.0000000000
66408  47.216  5.635  24.690 1.0000000000
112795  46.599  5.218  24.953 0.8888890147
65519  44.704  4.088  24.406 0.6666669846
66421  46.912  5.780  23.242 0.5555559993
66435  46.229  5.705  22.640 0.4444440007
110693  45.049  5.284  22.549 0.4444440007
66449  45.573  5.737  22.187 0.3333329856
68934  52.520  8.575  30.239 0.3333329856
68110  52.218  7.587  28.594 0.7777780294
68099  51.366  7.671  29.096 0.6666669846
68936  49.937  8.527  30.270 0.4444440007
125814  49.317  7.871  29.652 0.5555559993
106724  51.296  7.213  28.096 0.7777780294
106994  50.246  7.314  28.729 0.7777780294
68112  49.321  7.259  28.839 0.6666669846
68113  48.270  6.960  28.697 0.7777780294
68123  51.078  7.071  27.241 1.0000000000
67287  49.652  6.588  27.382 1.0000000000
68135  50.774  7.088  26.377 1.0000000000
67294  50.230  6.710  26.870 1.0000000000
68145  49.733  7.037  25.251 0.8888890147
67303  49.996  6.815  26.059 1.0000000000
67295  49.363  6.488  26.552 1.0000000000
67312  49.064  6.680  25.126 1.0000000000
67305  48.801  6.391  25.883 1.0000000000
67296  48.598  6.296  26.573 1.0000000000
67313  48.600  6.697  24.427 0.7777780294
119283  48.346  6.319  25.136 1.0000000000
67314  47.862  6.193  24.393 0.8888890147
106634  48.204  6.635  23.839 0.7777780294
66420  47.281  5.798  23.988 0.7777780294
67324  47.647  6.278  23.549 0.5555559993
121448  46.753  6.127  22.488 0.5555559993
108084  46.210  6.173  21.992 0.5555559993
68942  55.897  8.190  28.268 0.3333329856
68950  55.388  8.203  28.704 0.3333329856
68120  54.397  8.307  28.528 0.3333329856
68109  53.485  8.000  28.808 0.4444440007
68132  53.741  8.115  27.538 0.7777780294
68122  52.233  7.415  27.758 0.6666669846
68133  52.708  7.585  27.103 0.7777780294
68142  52.239  7.653  26.186 1.0000000000
68134  51.712  7.304  26.740 1.0000000000
68143  51.331  7.445  25.829 0.7777780294
68156  50.178  7.582  24.664 0.7777780294
68157  49.354  7.263  24.344 0.8888890147
68170  49.274  7.698  23.404 0.7777780294
68158  48.723  7.131  23.698 0.5555559993
110374  47.384  6.468  22.730 0.5555559993
67342  46.954  6.712  21.882 0.5555559993
108820  46.242  6.636  21.443 0.4444440007
68195  45.899  6.923  20.901 0.2222220004
68949  55.730  8.727  28.049 0.4444440007
109939  54.939  8.691  28.070 0.5555559993
68948  56.148  8.701  27.851 0.3333329856
68964  53.178  8.031  26.585 0.7777780294
68977  51.824  7.970  25.310 1.0000000000
68155  50.975  7.788  24.977 0.7777780294
68992  50.653  8.241  24.154 0.7777780294
68169  49.936  7.965  23.793 0.7777780294
69008  49.765  8.296  22.906 0.6666669846
68171  48.740  7.505  23.042 0.5555559993
67323  48.145  6.973  23.063 0.5555559993
68193  47.434  7.462  21.421 0.4444440007
68184  47.778  7.188  22.167 0.5555559993
127958  47.959  8.283  19.976 0.4444440007
69030  47.690  8.105  20.372 0.4444440007
69031  46.862  7.937  20.128 0.3333329856
68202  47.149  7.706  20.763 0.3333329856
68194  46.677  7.176  21.142 0.4444440007
69043  48.326  8.397  19.512 0.4444440007
127892  47.401  8.200  19.551 0.2222220004
68203  46.387  7.483  20.527 0.3333329856
108432  47.763  8.332  18.610 0.2222220004
124525  46.597  8.087  19.516 0.2222220004
107937  46.719  8.305  18.734 0.2222220004
68962  55.376  9.172  27.543 0.4444440007
68961  56.344  8.850  27.258 0.3333329856
116834  56.209  9.038  27.544 0.2222220004
68963  54.238  8.602  27.064 0.6666669846
68976  52.707  8.230  25.678 0.8888890147
68990  52.309  8.601  24.800 0.6666669846
68991  51.446  8.412  24.484 0.7777780294
69007  50.436  8.640  23.256 0.7777780294
68182  49.117  7.983  22.612 0.6666669846
68183  48.474  7.632  22.391 0.6666669846
69016  48.881  8.197  21.857 0.6666669846
68192  48.170  7.827  21.647 0.6666669846
69029  48.461  8.416  20.361 0.5555559993
127028  48.153  8.200  20.723 0.5555559993
69023  47.860  7.968  21.007 0.4444440007
69056  47.145  8.458  17.973 0.3333329856
107172  47.802  8.443  17.657 0.3333329856
107758  46.447  8.668  17.900 0.2222220004
69777  56.023  9.173  27.601 0.2222220004
69798  56.602  10.058  25.781 0.2222220004
69800  55.077  10.031  25.910 0.5555559993
69801  54.062  9.252  25.708 0.5555559993
69812  53.931  9.734  24.853 0.6666669846
69802  53.217  8.898  25.202 0.6666669846
69813  52.779  9.442  24.253 0.6666669846
69814  51.869  9.095  24.017 0.6666669846
112921  52.155  9.758  23.443 0.6666669846
69827  51.559  9.485  23.290 0.6666669846
69828  50.958  9.439  22.708 0.6666669846
69014  50.221  8.973  22.390 0.6666669846
69015  49.562  8.570  22.109 0.6666669846
69021  49.388  8.729  21.369 0.6666669846
69028  49.265  8.764  20.715 0.6666669846
69022  48.586  8.349  21.106 0.6666669846
106600  49.159  8.698  20.010 0.5555559993
106836  49.074  8.521  19.070 0.4444440007
128169  48.430  8.394  18.836 0.4444440007
69880  46.267  9.192  17.294 0.1111110002
69791  55.802  9.733  26.836 0.2222220004
69790  56.230  9.432  26.932 0.3333329856
69789  56.438  9.932  26.289 0.2222220004
70599  56.220  10.150  26.316 0.3333329856
69792  54.683  9.283  26.590 0.5555559993
70614  56.438  10.770  25.055 0.2222220004
70606  56.366  10.430  25.766 0.2222220004
70607  56.120  10.731  25.701 0.2222220004
70608  55.713  10.778  25.497 0.4444440007
69811  54.841  10.467  25.025 0.5555559993
70617  54.268  10.603  24.195 0.5555559993
69825  53.412  10.130  23.993 0.6666669846
70631  52.536  10.788  22.748 0.6666669846
126813  52.281  10.231  23.054 0.6666669846
110127  51.059  10.048  22.127 0.6666669846
70641  51.017  10.260  21.408 0.5555559993
69835  50.605  9.674  21.869 0.6666669846
69843  50.516  9.782  21.215 0.6666669846
69844  50.048  9.180  21.608 0.7777780294
69855  49.952  9.267  20.995 0.6666669846
69042  49.872  8.849  19.723 0.4444440007
69055  48.557  8.355  18.185 0.4444440007
69067  48.430  8.452  17.363 0.4444440007
69879  47.092  8.793  17.211 0.1111110002
71453  56.174  11.072  25.048 0.2222220004
70615  55.883  11.225  25.008 0.2222220004
71460  56.306  11.450  24.441 0.2222220004
71462  55.778  11.989  24.120 0.3333329856
70628  56.541  11.250  24.050 0.2222220004
70616  55.338  11.196  24.594 0.3333329856
70629  54.753  11.595  23.682 0.4444440007
71480  56.771  12.113  22.894 0.2222220004
71476  54.145  11.977  22.828 0.6666669846
70638  53.060  11.524  22.377 0.6666669846
70640  51.578  10.669  21.701 0.6666669846
70651  51.492  10.526  21.180 0.6666669846
69853  51.201  10.123  20.799 0.5555559993
69854  50.527  9.718  20.812 0.5555559993
69865  50.562  9.407  20.319 0.5555559993
106737  49.894  8.569  18.794 0.4444440007
69041  50.763  8.812  19.390 0.4444440007
124254  49.297  8.420  18.312 0.4444440007
69054  49.854  8.394  17.882 0.4444440007
106896  49.102  8.386  17.553 0.4444440007
69076  48.781  8.562  16.672 0.4444440007
69077  47.931  8.685  16.871 0.4444440007
71474  56.076  12.382  23.613 0.3333329856
70636  56.632  11.684  23.528 0.2222220004
71473  56.430  12.098  23.653 0.3333329856
71475  55.367  12.322  23.308 0.3333329856
70637  56.756  11.256  22.826 0.2222220004
72350  56.454  12.390  23.002 0.2222220004
70646  57.057  11.775  21.878 0.2222220004
71483  52.781  11.470  21.904 0.6666669846
70639  52.206  11.170  22.048 0.6666669846
70650  52.219  10.995  21.504 0.6666669846
70658  51.976  10.627  21.049 0.6666669846
69864  51.336  9.496  20.190 0.4444440007
69040  51.801  8.803  19.419 0.5555559993
69053  50.629  8.468  18.286 0.5555559993
69065  50.487  8.390  17.340 0.4444440007
69066  49.669  8.403  16.991 0.4444440007
69887  48.140  8.973  16.127 0.4444440007
71518  46.346  11.544  16.047 0.1111110002
72351  56.237  12.478  23.233 0.3333329856
72357  55.898  12.588  23.084 0.3333329856
72355  56.604  12.234  22.289 0.2222220004
71481  54.920  12.277  22.627 0.4444440007
108039  54.109  11.926  21.975 0.4444440007
70655  57.293  11.410  20.755 0.2222220004
71482  53.628  11.806  22.190 0.6666669846
69848  57.455  10.820  19.942 0.3333329856
71488  53.058  11.461  21.752 0.6666669846
70649  53.572  11.352  21.526 0.6666669846
70662  57.395  11.430  19.339 0.3333329856
106488  52.629  10.913  21.286 0.6666669846
125435  52.181  10.588  21.003 0.5555559993
69851  52.767  10.242  20.673 0.6666669846
69863  52.287  9.434  20.081 0.5555559993
125602  52.198  8.544  18.751 0.5555559993
69052  51.474  8.519  18.603 0.5555559993
109040  52.124  8.415  17.977 0.5555559993
69064  51.318  8.400  17.652 0.5555559993
72377  46.208  12.738  17.214 0.1111110002
69074  50.286  8.453  16.442 0.4444440007
126513  46.811  11.484  15.595 0.1111110002
69091  48.747  8.836  15.875 0.4444440007
70697  46.804  10.856  15.693 0.1111110002
69075  49.455  8.602  16.094 0.4444440007
69901  48.342  9.349  15.416 0.4444440007
69902  47.703  9.630  15.714 0.1111110002
70696  47.389  10.420  15.394 0.1111110002
71517  47.282  11.358  15.196 0.1111110002
70695  47.949  10.067  15.045 0.1111110002
72356  56.250  12.524  22.837 0.3333329856
72361  56.187  12.414  22.337 0.3333329856
72362  55.812  12.529  22.683 0.3333329856
70645  57.005  12.065  20.968 0.2222220004
108778  55.408  12.252  22.103 0.3333329856
71492  57.273  11.872  20.035 0.3333329856
70648  54.831  11.623  21.377 0.3333329856
125705  54.076  11.149  21.200 0.5555559993
70656  54.646  10.984  20.676 0.4444440007
125939  55.565  11.328  20.051 0.5555559993
70657  53.524  10.808  21.025 0.5555559993
70663  54.948  10.598  19.832 0.5555559993
70664  53.931  10.212  20.328 0.5555559993
69862  53.306  9.453  19.847 0.5555559993
69038  53.752  8.883  18.870 0.5555559993
69039  52.710  8.783  19.277 0.5555559993
69051  52.876  8.532  18.392 0.5555559993
69063  52.824  8.455  17.490 0.5555559993
106895  52.038  8.390  16.937 0.5555559993
106748  53.461  8.539  17.150 0.5555559993
73231  46.442  13.654  18.551 0.1111110002
112397  46.640  13.492  17.657 0.1111110002
106894  51.104  8.392  16.742 0.4444440007
73235  46.680  13.161  16.918 0.1111110002
69089  51.575  8.446  16.029 0.4444440007
106891  50.105  8.603  15.442 0.4444440007
69090  49.097  8.957  15.155 0.4444440007
69102  49.710  8.913  14.652 0.3333329856
71487  56.402  12.137  21.210 0.3333329856
71493  57.010  12.151  20.040 0.3333329856
71495  55.689  11.688  20.634 0.4444440007
128194  57.207  11.746  19.005 0.3333329856
71500  56.956  12.049  19.345 0.4444440007
114535  57.463  10.967  17.658 0.3333329856
71504  57.044  11.847  18.725 0.3333329856
113185  55.836  11.334  19.253 0.5555559993
115557  57.522  9.945  17.531 0.2222220004
70670  55.203  10.427  18.922 0.4444440007
113914  57.390  8.913  16.941 0.2222220004
69871  54.661  9.517  18.570 0.4444440007
69050  54.290  8.881  18.097 0.4444440007
109717  53.607  8.603  17.893 0.5555559993
69062  54.313  8.781  17.261 0.5555559993
69071  54.644  8.843  16.349 0.5555559993
69072  53.728  8.573  16.481 0.5555559993
69073  52.903  8.471  16.645 0.5555559993
121562  54.025  8.571  15.585 0.5555559993
106893  53.088  8.497  15.869 0.5555559993
106892  52.373  8.468  16.027 0.4444440007
121353  51.028  8.513  15.266 0.4444440007
106889  52.016  8.486  15.221 0.4444440007
69101  50.404  8.729  14.553 0.4444440007
106890  53.007  8.472  15.020 0.4444440007
126588  52.615  8.484  15.525 0.4444440007
106888  51.276  8.587  14.420 0.4444440007
69100  52.221  8.523  14.280 0.4444440007
107235  53.169  8.511  14.048 0.4444440007
71509  57.138  11.454  17.854 0.3333329856
71501  56.610  11.753  18.882 0.4444440007
69876  57.435  10.724  16.984 0.3333329856
70669  55.942  11.160  18.235 0.4444440007
69884  57.456  10.143  16.531 0.3333329856
69870  55.290  10.232  18.163 0.4444440007
69086  57.385  9.265  15.875 0.1111110002
69878  54.916  9.495  17.741 0.4444440007
69886  55.171  9.551  16.868 0.5555559993
69070  55.436  9.535  16.008 0.5555559993
110546  54.971  8.876  15.665 0.5555559993
69088  54.838  8.722  15.029 0.5555559993
125700  55.331  8.896  14.742 0.5555559993
69098  55.064  8.689  14.275 0.5555559993
69099  54.009  8.543  14.619 0.4444440007
69111  54.144  8.543  13.737 0.5555559993
71505  56.705  11.562  18.036 0.3333329856
70674  57.211  11.133  17.053 0.3333329856
70675  56.864  11.387  17.234 0.4444440007
70676  56.315  11.232  17.489 0.4444440007
70682  56.994  11.126  16.519 0.4444440007
69877  55.675  10.544  17.353 0.4444440007
70681  57.199  10.797  16.395 0.4444440007
127619  56.389  11.027  16.833 0.4444440007
70694  57.004  10.730  15.796 0.4444440007
69885  55.910  10.415  16.442 0.4444440007
113567  56.376  10.332  15.631 0.4444440007
69087  55.641  9.368  15.185 0.5555559993
124466  55.896  9.362  14.480 0.5555559993
69097  55.894  9.129  13.889 0.4444440007
69110  56.400  9.484  13.339 0.4444440007
109516  55.226  8.668  13.318 0.5555559993
120524  57.242  10.367  15.751 0.4444440007
69899  57.340  9.967  15.049 0.3333329856
69096  57.440  9.361  14.326 0.3333329856
69900  56.914  10.423  15.170 0.4444440007
69912  56.561  10.118  14.816 0.4444440007
69923  56.708  10.010  14.025 0.4444440007
70693  57.048  10.351  15.119 0.4444440007
69911  57.014  10.291  14.517 0.4444440007
69910  57.199  10.072  14.326 0.3333329856
69108  57.781  9.501  13.267 0.3333329856
69121  58.144  9.881  12.388 0.2222220004
69120  58.636  8.595  12.134 0.2222220004
69922  57.069  10.134  13.373 0.4444440007
69109  56.957  9.944  12.707 0.4444440007
111521  57.213  10.129  13.714 0.4444440007
106975  57.556  10.093  12.806 0.4444440007
69936  57.716  10.148  12.056 0.4444440007
32155  6.389  -30.003  49.082 0.2222220004
34805  7.172  -26.784  52.241 0.4444440007
32125  6.743  -29.930  50.581 0.2222220004
35792  7.608  -25.735  52.382 0.6666669846
33835  8.281  -27.273  58.448 0.1111110002
34752  7.648  -25.649  58.205 0.1111110002
36811  7.332  -24.680  54.596 0.3333329856
32961  7.137  -28.132  52.348 0.3333329856
107510  6.801  -28.553  51.617 0.3333329856
38614  13.012  -21.957  60.744 0.2222220004
40567  12.968  -20.935  60.508 0.2222220004
38677  7.444  -22.953  55.496 0.3333329856
35793  7.426  -25.829  53.122 0.6666669846
107117  6.253  -28.053  50.387 0.4444440007
32138  6.689  -30.133  49.841 0.2222220004
40596  12.884  -20.181  58.302 0.4444440007
39605  7.712  -20.919  58.287 0.1111110002
41585  14.797  -20.166  57.662 0.4444440007
38667  7.659  -22.169  55.938 0.3333329856
41594  15.614  -19.857  56.632 0.5555559993
34823  6.822  -26.889  51.519 0.5555559993
40586  10.267  -19.655  59.256 0.2222220004
38636  8.252  -21.502  59.200 0.1111110002
39598  7.937  -20.887  59.067 0.2222220004
123089  7.880  -20.352  58.816 0.2222220004
109546  11.821  -20.226  57.293 0.3333329856
40588  8.289  -20.092  59.197 0.2222220004
40601  8.041  -20.194  58.350 0.3333329856
41593  16.322  -19.582  57.126 0.5555559993
41607  14.412  -20.209  56.038 0.4444440007
40609  13.373  -20.416  57.210 0.4444440007
108939  13.587  -20.407  56.224 0.4444440007
41621  14.950  -19.760  54.513 0.4444440007
41606  15.446  -19.717  55.171 0.4444440007
120769  14.545  -19.807  53.967 0.4444440007
41633  14.529  -19.713  53.263 0.5555559993
110669  16.051  -18.938  52.022 0.5555559993
40613  9.097  -20.123  57.782 0.3333329856
42642  16.491  -18.563  51.555 0.6666669846
35818  7.377  -26.180  50.720 0.5555559993
35831  7.250  -25.736  50.203 0.4444440007
42617  17.959  -18.236  53.920 0.5555559993
43575  18.531  -17.624  53.365 0.5555559993
39681  12.195  -21.059  51.520 0.5555559993
120358  14.457  -19.120  48.882 0.6666669846
44597  19.727  -16.701  53.464 0.6666669846
44621  18.932  -16.722  51.383 0.6666669846
44630  19.342  -16.252  50.247 0.5555559993
45744  19.145  -15.947  47.951 0.6666669846
44709  16.989  -17.030  45.648 0.5555559993
45764  18.993  -15.862  47.075 0.6666669846
45727  20.695  -15.606  49.421 0.6666669846
45742  20.495  -15.563  48.541 0.5555559993
44723  17.457  -16.183  44.420 0.4444440007
119145  16.813  -16.530  44.338 0.4444440007
45710  21.849  -15.472  50.366 0.6666669846
45800  19.759  -15.577  46.032 0.5555559993
123801  19.697  -15.311  44.337 0.4444440007
108527  29.193  -12.326  51.558 0.6666669846
48873  29.272  -12.097  50.802 0.7777780294
49850  29.955  -11.648  50.587 0.6666669846
125423  30.055  -11.395  49.918 0.6666669846
111936  29.299  -11.825  49.954 0.8888890147
47883  28.104  -12.812  50.462 0.7777780294
128317  28.324  -12.121  48.881 0.8888890147
114826  27.255  -13.150  49.156 0.7777780294
47900  26.843  -13.577  49.699 0.7777780294
108196  26.658  -13.388  48.022 0.7777780294
45708  23.224  -15.141  50.499 0.7777780294
46855  25.041  -14.534  48.480 0.7777780294
46841  23.744  -15.087  48.838 0.6666669846
45760  22.486  -15.373  47.563 0.7777780294
49871  30.595  -11.074  49.475 0.6666669846
50927  29.572  -10.540  46.180 0.8888890147
50945  28.860  -10.646  45.599 0.7777780294
106575  27.028  -12.296  45.747 0.7777780294
108788  25.270  -14.202  47.160 0.7777780294
123220  24.042  -15.019  47.255 0.7777780294
124482  28.843  -9.173  43.593 0.5555559993
49937  27.335  -11.267  44.636 0.6666669846
51016  29.731  -9.771  41.788 0.5555559993
51942  28.486  -8.802  42.608 0.5555559993
107252  29.788  -9.712  44.212 0.7777780294
114510  28.226  -8.775  41.336 0.4444440007
51953  27.591  -8.726  41.751 0.5555559993
49887  34.330  -11.326  48.820 0.4444440007
117289  34.969  -12.404  46.620 0.6666669846
49935  32.612  -11.329  43.964 0.7777780294
109822  32.721  -11.627  43.062 0.7777780294
47909  35.935  -12.823  48.041 0.5555559993
49973  33.471  -12.067  42.751 0.7777780294
48975  34.155  -12.287  42.624 0.8888890147
48941  36.197  -13.059  44.540 0.8888890147
110952  34.720  -12.694  44.743 0.7777780294
47964  37.265  -12.692  44.915 0.8888890147
47878  37.388  -13.289  50.905 0.2222220004
115796  36.992  -13.570  48.881 0.3333329856
47921  36.953  -13.724  47.351 0.5555559993
47920  37.734  -13.910  47.562 0.4444440007
49971  36.373  -11.723  42.468 0.8888890147
47906  38.935  -14.039  49.010 0.4444440007
48910  37.869  -12.888  45.946 0.7777780294
50940  39.099  -10.245  45.350 0.6666669846
52863  40.296  -8.567  44.287 0.8888890147
49866  40.026  -12.227  50.022 0.3333329856
52837  41.468  -8.494  47.216 0.3333329856
53909  42.237  -7.143  46.310 0.4444440007
54986  41.758  -6.401  44.332 0.7777780294
55926  41.700  -5.250  43.384 0.8888890147
58681  38.053  -1.650  39.259 1.0000000000
55925  42.151  -4.975  44.201 0.8888890147
61559  40.877  -0.227  36.944 1.0000000000
61477  40.285  0.088  42.285 0.7777780294
58801  37.527  -2.292  29.517 0.3333329856
128286  38.586  -2.262  30.375 0.5555559993
58821  37.242  -2.040  28.827 0.3333329856
117385  35.576  -1.880  28.118 0.1111110002
60530  40.777  -0.343  43.834 0.5555559993
62430  42.923  0.667  41.634 0.6666669846
62416  43.535  1.431  42.006 0.6666669846
112106  43.624  1.309  38.830 0.7777780294
59686  40.548  -1.613  31.689 0.7777780294
59742  38.259  -1.346  28.684 0.4444440007
59765  34.522  -0.907  27.431 0.1111110002
62388  42.862  1.057  44.465 0.5555559993
62428  44.453  2.297  41.014 0.5555559993
64315  45.138  3.607  42.747 0.4444440007
64345  45.755  3.403  41.026 0.4444440007
63369  44.676  2.768  41.943 0.5555559993
63385  44.739  2.451  40.470 0.5555559993
63401  44.780  2.409  39.737 0.5555559993
62474  43.543  1.108  37.281 0.8888890147
61556  43.199  0.573  35.932 1.0000000000
118629  42.802  -0.075  34.553 1.0000000000
127446  41.094  -0.831  30.489 0.7777780294
60669  40.027  -0.760  29.567 0.5555559993
111731  39.368  -1.037  29.274 0.5555559993
60706  36.098  -0.617  27.339 0.2222220004
61640  36.744  0.032  27.109 0.3333329856
114989  47.693  5.052  42.342 0.1111110002
65315  48.126  4.841  42.877 0.1111110002
110480  46.506  4.046  39.891 0.2222220004
63433  45.330  2.757  38.167 0.4444440007
62501  43.929  1.013  35.629 0.8888890147
62500  44.720  1.492  35.365 0.7777780294
61589  42.978  0.150  32.207 1.0000000000
126694  42.145  1.225  30.511 1.0000000000
61633  39.044  0.713  27.973 0.3333329856
63343  44.036  2.608  43.390 0.4444440007
63342  44.580  3.495  43.893 0.4444440007
66237  48.389  5.658  40.622 0.1111110002
65330  49.374  4.957  41.589 0.1111110002
111166  45.387  2.395  36.403 0.6666669846
62524  44.196  1.177  33.214 0.8888890147
65449  44.550  4.390  32.065 0.7777780294
65303  46.245  4.743  44.056 0.2222220004
66236  48.904  5.972  40.386 0.1111110002
65343  49.645  5.526  40.697 0.1111110002
66258  50.237  6.357  38.479 0.1111110002
66257  50.701  5.473  38.609 0.1111110002
66247  49.927  6.319  39.248 0.1111110002
66235  49.514  6.038  40.140 0.1111110002
64343  50.713  4.414  40.113 0.1111110002
65356  47.882  5.592  39.273 0.1111110002
64476  43.142  3.297  30.603 1.0000000000
66248  49.239  6.392  39.507 0.1111110002
66325  46.255  5.515  33.406 0.5555559993
68916  48.117  8.775  32.967 0.3333329856
127443  44.921  5.841  31.378 0.7777780294
65401  47.714  6.077  36.043 0.3333329856
67227  48.240  7.350  34.852 0.2222220004
69745  50.270  9.189  33.892 0.2222220004
68914  49.526  9.426  32.231 0.3333329856
69753  51.258  9.355  33.609 0.3333329856
66372  44.477  5.419  28.977 1.0000000000
65496  44.637  4.548  26.699 0.8888890147
108049  45.685  5.260  26.937 0.8888890147
65482  42.978  4.289  28.499 1.0000000000
65498  42.572  3.702  27.245 0.6666669846
115200  42.123  3.173  26.841 0.4444440007
64516  41.300  2.893  27.150 0.4444440007
64546  43.525  3.400  24.638 0.6666669846
64533  39.848  2.518  25.812 0.3333329856
68911  53.198  9.201  32.468 0.3333329856
68912  51.901  9.590  32.326 0.3333329856
66410  45.840  4.833  23.908 0.7777780294
126956  45.692  5.365  22.755 0.3333329856
68923  52.264  9.184  31.250 0.5555559993
67278  49.009  6.676  28.019 0.8888890147
67306  47.694  5.962  25.147 1.0000000000
68098  52.942  8.143  29.467 0.4444440007
113023  50.198  7.772  29.434 0.5555559993
68111  50.611  7.161  28.311 0.7777780294
67276  50.444  6.890  27.637 0.7777780294
67277  49.863  6.918  28.128 0.7777780294
68144  50.485  7.262  25.514 0.8888890147
67304  49.407  6.631  25.775 1.0000000000
67343  45.442  6.319  21.481 0.4444440007
68121  53.289  7.767  27.901 0.6666669846
68205  44.723  7.389  20.246 0.2222220004
68204  45.585  7.350  20.344 0.2222220004
68211  46.114  7.778  19.926 0.3333329856
68975  53.652  8.611  26.096 0.7777780294
69006  51.147  8.878  23.654 0.6666669846
70600  55.920  10.404  26.185 0.4444440007
69826  52.751  10.195  23.459 0.6666669846
69866  49.916  9.116  20.477 0.6666669846
70630  53.513  10.998  23.276 0.6666669846
69834  51.746  10.257  22.591 0.6666669846
71461  56.140  11.820  24.301 0.2222220004
69852  51.868  10.174  20.743 0.5555559993
69849  57.261  10.175  20.457 0.2222220004
71499  57.125  12.002  19.395 0.3333329856
69861  54.340  9.742  19.456 0.5555559993
123885  50.827  8.453  15.988 0.4444440007
71494  56.504  11.926  19.848 0.3333329856
70683  56.597  10.782  16.233 0.4444440007
118730  5.945  -26.206  50.375 0.3333329856
109299  5.972  -25.516  50.203 0.1111110002
36858  5.812  -24.800  50.206 0.1111110002
111739  6.557  -26.044  50.665 0.2222220004
124748  6.679  -25.219  50.103 0.2222220004
123911  6.926  -24.797  50.111 0.2222220004
37845  7.878  -24.748  49.319 0.2222220004
36871  7.808  -25.334  49.445 0.2222220004
37828  7.396  -24.285  49.995 0.1111110002
37844  8.404  -24.043  48.598 0.1111110002
34841  8.095  -26.217  50.136 0.3333329856
35841  8.721  -25.446  48.777 0.2222220004
36870  8.509  -24.837  48.550 0.2222220004
36883  8.818  -24.279  47.714 0.1111110002
37862  8.750  -23.399  47.572 0.1111110002
35829  9.142  -25.919  49.250 0.3333329856
124552  9.269  -25.352  48.538 0.3333329856
36869  9.069  -24.964  48.066 0.2222220004
35830  8.371  -25.927  49.564 0.2222220004
35828  9.887  -25.300  48.881 0.3333329856
36868  9.735  -24.912  48.094 0.2222220004
37860  10.138  -23.861  47.040 0.1111110002
37861  9.290  -23.770  47.102 0.1111110002
38796  10.211  -22.490  46.364 0.1111110002
38797  9.515  -22.509  46.589 0.1111110002
39752  10.512  -21.751  46.074 0.1111110002
112732  9.087  -22.147  46.837 0.1111110002
40727  10.116  -21.002  45.935 0.1111110002
35816  9.850  -25.502  49.942 0.4444440007
36857  10.444  -24.621  49.594 0.5555559993
115661  10.465  -24.525  48.614 0.4444440007
37843  10.369  -24.256  47.748 0.1111110002
37842  11.058  -23.572  48.507 0.4444440007
37859  10.913  -23.439  47.498 0.3333329856
38795  11.088  -22.333  46.537 0.2222220004
40728  10.024  -20.187  45.874 0.1111110002
40742  10.493  -20.493  45.677 0.1111110002
41737  10.063  -19.234  45.772 0.1111110002
36849  9.826  -25.213  50.854 0.4444440007
36848  10.296  -24.518  50.591 0.5555559993
37827  10.914  -23.836  49.391 0.5555559993
37816  11.112  -23.211  50.004 0.5555559993
38739  11.469  -22.598  49.075 0.4444440007
38758  11.461  -22.717  48.105 0.4444440007
38776  11.348  -22.623  47.227 0.3333329856
39729  11.792  -21.931  47.762 0.4444440007
39739  11.673  -21.871  46.915 0.3333329856
39751  11.327  -21.608  46.237 0.2222220004
39750  11.889  -21.169  46.535 0.4444440007
40726  11.504  -21.020  45.948 0.1111110002
40741  11.229  -20.375  45.552 0.1111110002
40725  11.998  -20.530  46.033 0.2222220004
119184  10.690  -19.132  45.322 0.1111110002
37810  10.544  -23.615  51.155 0.5555559993
37817  10.754  -23.751  50.277 0.5555559993
38723  11.062  -22.877  50.780 0.4444440007
38722  11.405  -22.488  50.020 0.5555559993
120808  11.762  -21.839  49.587 0.4444440007
39714  12.139  -21.203  49.265 0.4444440007
39738  12.121  -21.194  47.369 0.4444440007
115325  12.405  -20.528  46.835 0.4444440007
41704  12.613  -19.838  46.169 0.3333329856
128768  11.916  -19.446  45.238 0.1111110002
41751  11.968  -18.949  44.927 0.1111110002
43683  12.856  -17.572  44.359 0.1111110002
38710  10.809  -22.848  51.676 0.4444440007
110718  10.311  -23.467  51.890 0.5555559993
38709  11.332  -22.219  51.417 0.4444440007
39699  12.253  -21.036  50.661 0.4444440007
39682  11.788  -21.630  51.111 0.5555559993
40694  12.562  -20.666  49.916 0.5555559993
40704  12.632  -20.538  48.958 0.4444440007
40703  13.129  -19.883  48.640 0.5555559993
40713  12.640  -20.379  47.912 0.4444440007
41703  13.175  -19.708  47.867 0.4444440007
42693  13.837  -18.867  45.961 0.3333329856
41721  13.372  -19.360  46.668 0.4444440007
42692  14.560  -18.634  46.152 0.3333329856
42702  13.564  -18.632  45.176 0.3333329856
42703  12.786  -18.796  44.984 0.3333329856
42700  14.789  -18.069  44.913 0.4444440007
42714  13.234  -18.185  44.625 0.1111110002
43680  15.336  -17.562  44.567 0.3333329856
43681  14.531  -17.605  44.351 0.3333329856
44725  15.065  -17.061  43.979 0.3333329856
44726  14.253  -17.030  43.930 0.2222220004
44727  13.367  -16.829  44.035 0.1111110002
38697  11.138  -22.196  52.217 0.4444440007
39666  11.689  -21.614  51.891 0.4444440007
126305  12.684  -20.581  50.545 0.5555559993
40682  13.121  -20.187  50.410 0.5555559993
40693  13.159  -20.022  49.537 0.5555559993
41687  14.081  -19.183  48.299 0.5555559993
41702  13.697  -19.301  47.591 0.5555559993
125470  14.285  -18.968  47.636 0.5555559993
41720  14.078  -18.923  46.872 0.3333329856
126843  14.904  -18.319  45.570 0.4444440007
43666  15.581  -17.934  45.407 0.3333329856
43679  15.992  -17.451  44.881 0.3333329856
108833  15.970  -16.980  44.201 0.3333329856
44741  15.483  -16.367  43.696 0.3333329856
45823  14.289  -15.484  43.727 0.2222220004
44740  16.279  -16.208  43.727 0.3333329856
114610  15.044  -15.723  43.531 0.2222220004
45843  15.707  -15.573  43.405 0.2222220004
44724  16.603  -17.041  44.933 0.4444440007
125424  17.049  -15.944  43.836 0.3333329856
45841  17.305  -15.343  43.434 0.2222220004
45842  16.500  -15.448  43.379 0.2222220004
46938  15.909  -14.770  43.173 0.1111110002
51000  26.679  -10.115  42.463 0.4444440007
49999  26.208  -10.811  41.921 0.3333329856
46936  17.569  -14.806  42.982 0.2222220004
46937  16.737  -14.770  43.054 0.2222220004
47990  16.230  -14.070  42.924 0.1111110002
50999  27.039  -9.237  42.163 0.4444440007
51017  26.852  -8.959  41.306 0.3333329856
51019  25.853  -10.533  41.001 0.3333329856
51970  27.566  -8.695  40.844 0.3333329856
51038  26.118  -9.524  40.679 0.3333329856
51039  25.390  -10.332  39.984 0.2222220004
51971  26.615  -8.690  40.262 0.3333329856
115854  25.932  -8.467  39.521 0.3333329856
51988  25.553  -9.319  39.794 0.2222220004
48927  26.526  -12.538  45.131 0.5555559993
48928  25.953  -13.150  45.233 0.5555559993
48946  26.015  -12.751  44.364 0.5555559993
48963  25.729  -12.639  43.481 0.4444440007
48962  26.283  -12.104  43.738 0.4444440007
50980  26.881  -10.537  43.271 0.4444440007
48976  26.394  -11.506  43.170 0.4444440007
125121  25.980  -12.117  43.099 0.4444440007
48006  25.153  -13.107  43.091 0.4444440007
49976  25.948  -11.717  42.393 0.3333329856
125017  26.443  -10.966  42.634 0.3333329856
48977  25.517  -12.483  42.698 0.3333329856
45840  18.133  -15.280  43.564 0.2222220004
48996  25.308  -12.276  41.823 0.3333329856
48997  24.604  -12.724  41.339 0.2222220004
50000  25.635  -11.498  41.393 0.3333329856
49019  25.017  -12.052  40.830 0.3333329856
50023  25.253  -11.224  40.366 0.2222220004
50024  24.615  -11.750  39.888 0.2222220004
121145  27.288  -8.587  40.009 0.3333329856
51037  28.704  -9.582  39.713 0.3333329856
106658  27.948  -8.932  39.980 0.3333329856
51985  28.194  -9.231  38.976 0.3333329856
51987  26.820  -8.318  39.437 0.2222220004
52912  26.350  -7.985  38.979 0.2222220004
47942  25.866  -13.691  46.794 0.6666669846
46879  25.177  -14.065  46.235 0.5555559993
114301  25.870  -13.470  46.002 0.6666669846
47973  24.796  -13.996  44.776 0.4444440007
47958  24.656  -14.277  45.533 0.4444440007
47972  25.422  -13.424  44.641 0.4444440007
46911  23.973  -14.552  44.851 0.4444440007
47987  25.372  -13.231  43.875 0.4444440007
46929  24.337  -14.100  44.083 0.4444440007
47989  24.001  -14.037  43.285 0.2222220004
46949  23.341  -14.327  43.125 0.3333329856
48978  24.893  -12.940  42.257 0.2222220004
48028  24.140  -13.355  41.842 0.2222220004
45839  19.024  -15.201  43.790 0.2222220004
48008  23.575  -13.956  42.410 0.2222220004
46935  18.415  -14.832  42.955 0.2222220004
49020  24.302  -12.483  40.347 0.2222220004
48998  23.853  -13.124  40.876 0.2222220004
49021  23.547  -12.849  39.925 0.2222220004
124744  24.496  -14.630  46.693 0.6666669846
125765  24.582  -14.435  46.081 0.5555559993
46894  24.006  -14.770  45.868 0.5555559993
46895  23.377  -14.954  45.325 0.3333329856
46930  23.556  -14.470  43.892 0.3333329856
46912  22.931  -14.911  44.567 0.3333329856
106905  22.109  -14.966  44.120 0.3333329856
46931  22.666  -14.648  43.457 0.2222220004
46950  22.857  -14.368  42.616 0.2222220004
127798  22.471  -14.353  42.216 0.2222220004
46934  19.287  -14.803  42.889 0.2222220004
48010  18.135  -13.531  41.851 0.2222220004
48009  22.812  -14.151  41.887 0.2222220004
46969  22.019  -14.301  41.722 0.1111110002
46972  19.071  -13.819  41.537 0.2222220004
48051  23.051  -13.421  40.461 0.2222220004
48030  22.517  -13.872  41.052 0.2222220004
48031  21.675  -13.915  40.812 0.1111110002
48071  22.756  -13.070  39.682 0.2222220004
48052  22.230  -13.522  40.205 0.2222220004
46896  22.733  -15.172  45.378 0.4444440007
46913  21.954  -15.212  45.008 0.4444440007
46914  21.312  -15.129  44.224 0.3333329856
45818  20.951  -15.322  45.047 0.3333329856
45838  19.882  -15.088  43.589 0.2222220004
46933  20.719  -14.997  43.493 0.3333329856
119387  22.177  -14.522  42.610 0.2222220004
46932  21.617  -14.805  43.292 0.1111110002
46952  20.511  -14.486  42.082 0.1111110002
107161  20.141  -14.794  42.792 0.1111110002
46970  21.066  -14.223  41.430 0.1111110002
46971  20.065  -14.014  41.248 0.2222220004
48032  20.826  -13.734  40.701 0.1111110002
48053  21.428  -13.407  40.144 0.2222220004
48054  20.660  -13.122  40.217 0.2222220004
50037  36.280  -11.022  39.867 0.4444440007
51984  37.744  -9.514  39.720 0.5555559993
52910  38.083  -8.823  39.395 0.5555559993
51033  37.355  -10.183  40.023 0.7777780294
116791  36.736  -10.572  39.553 0.4444440007
51049  37.237  -10.021  39.250 0.5555559993
51998  37.562  -9.377  38.927 0.4444440007
125626  37.106  -9.838  38.606 0.3333329856
52010  37.281  -9.321  38.035 0.3333329856
51999  36.682  -9.997  38.063 0.3333329856
52909  38.529  -8.263  39.893 0.6666669846
52923  38.347  -8.081  39.079 0.5555559993
52924  37.827  -8.647  38.573 0.4444440007
54011  38.117  -7.874  38.241 0.4444440007
54028  37.894  -7.629  37.369 0.3333329856
52952  37.411  -8.229  36.753 0.3333329856
52939  37.115  -9.053  37.070 0.2222220004
53985  38.959  -7.779  40.370 0.7777780294
54010  38.534  -7.349  38.760 0.5555559993
54042  37.651  -7.373  36.475 0.3333329856
120514  37.238  -7.149  35.528 0.2222220004
55041  39.150  -6.767  39.642 0.6666669846
53998  38.776  -7.472  39.593 0.5555559993
55042  38.839  -6.918  39.121 0.5555559993
54027  38.374  -7.088  37.936 0.5555559993
55067  38.157  -6.792  37.075 0.4444440007
55076  37.831  -6.437  36.226 0.2222220004
55055  39.054  -6.333  39.023 0.6666669846
55056  38.696  -6.641  38.514 0.5555559993
110344  38.896  -5.992  38.428 0.4444440007
55066  38.559  -6.148  37.724 0.5555559993
55075  38.262  -5.973  36.834 0.1111110002
55996  39.210  -5.588  38.859 0.6666669846
55997  38.918  -5.224  38.067 0.6666669846
56008  38.496  -5.240  37.226 0.3333329856
126526  39.255  -4.865  38.694 0.6666669846
56882  38.986  -4.238  38.268 0.6666669846
56893  38.563  -4.368  37.562 0.5555559993
57801  38.045  -3.749  37.295 0.3333329856
57802  37.435  -3.581  36.667 0.4444440007
57812  37.110  -3.996  35.714 0.3333329856
57813  36.113  -3.627  35.291 0.1111110002
57790  38.345  -3.542  37.972 0.6666669846
57791  37.408  -2.935  37.703 0.5555559993
58711  36.571  -2.612  37.161 0.5555559993
57803  36.305  -3.068  36.379 0.2222220004
59677  39.837  -1.910  32.277 0.7777780294
59666  39.350  -1.786  33.226 0.7777780294
59678  38.827  -2.110  32.563 0.7777780294
58772  37.540  -2.518  31.290 0.7777780294
58773  36.622  -2.557  31.553 0.4444440007
58785  36.023  -2.729  30.939 0.3333329856
57875  35.429  -2.869  30.310 0.2222220004
58724  35.309  -2.557  36.164 0.3333329856
58712  35.753  -2.186  36.856 0.6666669846
107218  36.116  -1.273  35.377 0.7777780294
58737  34.985  -1.851  34.343 0.5555559993
58751  33.954  -2.597  33.790 0.2222220004
59665  40.251  -1.578  33.146 0.8888890147
111760  36.464  -1.474  34.552 0.5555559993
58749  35.723  -2.188  33.336 0.5555559993
58750  34.673  -2.288  33.622 0.2222220004
59667  38.434  -1.846  33.450 0.6666669846
59668  37.329  -1.753  33.841 0.6666669846
58763  36.257  -2.416  32.411 0.5555559993
58774  35.713  -2.672  31.768 0.2222220004
58725  34.630  -2.086  35.740 0.6666669846
59645  35.213  -1.571  35.732 0.7777780294
122827  42.394  2.847  26.051 0.4444440007
64547  42.667  3.040  24.524 0.4444440007
63579  42.146  2.704  25.293 0.4444440007
110399  40.089  3.041  24.323 0.2222220004
64561  41.501  3.414  23.623 0.3333329856
64563  39.745  3.797  23.725 0.2222220004
65520  38.878  4.151  23.923 0.2222220004
65532  42.052  4.009  23.136 0.3333329856
64562  40.636  3.558  23.607 0.2222220004
65536  38.710  5.051  23.594 0.2222220004
67316  37.290  6.559  24.443 0.1111110002
69774  38.363  9.772  28.528 0.1111110002
64559  43.680  3.732  23.918 0.5555559993
68969  37.508  8.843  26.408 0.1111110002
65531  43.375  4.097  23.397 0.4444440007
66424  39.292  5.549  23.105 0.2222220004
121505  37.753  7.294  24.486 0.1111110002
110797  40.178  10.886  29.232 0.1111110002
69781  39.464  9.751  27.412 0.1111110002
69773  39.142  10.052  28.184 0.1111110002
69782  38.625  9.643  27.622 0.1111110002
68967  39.276  9.001  26.223 0.1111110002
68982  37.812  8.457  25.666 0.1111110002
68146  38.149  8.081  24.979 0.1111110002
65548  42.795  4.565  22.806 0.3333329856
65550  40.900  4.928  22.602 0.2222220004
67326  38.603  6.720  23.628 0.1111110002
68159  38.596  7.739  24.367 0.1111110002
66437  43.378  5.254  22.295 0.2222220004
66439  41.542  5.649  22.130 0.2222220004
66441  39.845  6.018  22.630 0.2222220004
67325  39.246  6.544  23.138 0.1111110002
68187  39.728  7.308  23.050 0.1111110002
68173  39.075  7.413  23.680 0.1111110002
66451  43.899  5.827  21.833 0.2222220004
67335  40.387  6.511  22.281 0.2222220004
67345  43.539  6.425  21.310 0.2222220004
66453  42.292  5.986  21.789 0.2222220004
67334  40.987  6.291  21.975 0.2222220004
68186  40.310  7.332  22.391 0.1111110002
35817  9.457  -25.831  50.583 0.4444440007
42681  14.893  -18.698  47.129 0.5555559993
109936  13.577  -19.510  48.316 0.4444440007
45820  19.208  -15.462  44.756 0.2222220004
45822  17.803  -15.744  44.038 0.2222220004
45819  20.431  -15.243  44.317 0.3333329856
58713  35.276  -1.764  36.417 0.6666669846
64530  43.689  3.490  25.662 0.6666669846
64531  42.962  2.982  25.448 0.4444440007
66436  44.247  5.255  22.398 0.2222220004
66450  44.770  5.767  21.922 0.2222220004
38779  8.735  -22.531  47.506 0.1111110002
36882  9.535  -24.386  47.540 0.3333329856
37874  9.806  -23.205  46.655 0.1111110002
38777  10.694  -23.104  46.792 0.1111110002
38778  9.078  -22.959  46.939 0.1111110002
39753  9.685  -21.724  46.356 0.1111110002
123550  9.204  -21.405  46.799 0.1111110002
40715  9.082  -20.801  47.272 0.1111110002
37826  11.221  -23.139  49.413 0.5555559993
39765  10.828  -21.086  45.771 0.1111110002
39715  11.803  -21.897  48.707 0.4444440007
39728  12.179  -21.171  48.349 0.4444440007
40740  11.947  -19.880  45.559 0.2222220004
41735  11.328  -19.484  45.235 0.1111110002
120082  11.468  -22.176  50.753 0.5555559993
124674  12.057  -21.259  49.968 0.5555559993
41734  12.400  -19.375  45.388 0.1111110002
42716  11.722  -18.265  44.718 0.1111110002
43684  11.990  -17.610  44.512 0.1111110002
42715  12.414  -18.240  44.625 0.1111110002
121114  12.908  -19.875  47.161 0.4444440007
126253  13.291  -19.559  47.348 0.4444440007
42701  14.281  -18.457  45.365 0.3333329856
41733  13.116  -19.171  45.690 0.3333329856
42713  14.028  -18.128  44.722 0.2222220004
43682  13.720  -17.591  44.282 0.1111110002
44742  14.703  -16.372  43.693 0.2222220004
44743  14.023  -16.358  43.790 0.2222220004
46939  15.044  -14.838  43.490 0.1111110002
51018  26.452  -9.810  41.633 0.3333329856
46956  17.007  -14.146  42.674 0.2222220004
47957  25.331  -13.726  45.405 0.4444440007
123719  24.930  -13.688  44.187 0.4444440007
47988  24.699  -13.616  43.555 0.4444440007
48007  24.421  -13.515  42.740 0.2222220004
48029  23.334  -13.664  41.423 0.2222220004
46954  18.706  -14.338  42.241 0.1111110002
46953  19.619  -14.415  42.096 0.2222220004
48072  21.998  -13.052  39.590 0.2222220004
124131  20.877  -14.749  42.784 0.1111110002
46951  21.379  -14.539  42.313 0.1111110002
122984  20.168  -13.441  40.653 0.2222220004
49022  21.267  -12.729  39.742 0.1111110002
52938  37.604  -8.458  37.680 0.4444440007
57814  34.860  -2.959  35.472 0.2222220004
58760  39.100  -2.234  31.631 0.6666669846
58747  37.836  -2.127  32.843 0.6666669846
58748  36.798  -2.152  33.090 0.4444440007
58762  37.231  -2.383  32.180 0.5555559993
59669  36.124  -1.755  33.995 0.5555559993
59656  35.448  -1.488  34.916 0.6666669846
59657  34.600  -1.792  35.168 0.5555559993
58738  34.260  -2.269  34.516 0.4444440007
58764  35.258  -2.495  32.654 0.2222220004
58765  34.305  -2.627  32.954 0.2222220004
57850  34.796  -2.899  32.007 0.1111110002
64548  41.828  2.844  24.399 0.3333329856
108560  40.970  2.836  24.320 0.3333329856
63587  41.303  2.585  25.206 0.3333329856
64560  43.059  3.564  23.880 0.5555559993
120804  42.313  3.423  23.747 0.4444440007
65533  41.199  4.142  23.052 0.2222220004
65535  39.490  4.660  23.327 0.2222220004
128468  42.712  3.947  23.368 0.4444440007
65534  40.331  4.358  23.126 0.2222220004
66425  38.585  5.958  23.484 0.2222220004
66411  38.005  5.446  23.949 0.2222220004
67315  37.942  6.437  23.993 0.1111110002
69767  38.940  10.152  29.050 0.1111110002
68951  38.051  9.340  26.999 0.1111110002
68968  38.442  8.921  26.226 0.1111110002
65547  43.776  4.657  22.902 0.4444440007
65549  41.818  4.747  22.608 0.2222220004
66423  40.044  5.180  22.785 0.2222220004
68174  38.348  7.147  23.985 0.1111110002
70583  40.028  10.818  30.068 0.1111110002
70590  39.675  10.467  28.707 0.1111110002
69797  38.928  9.373  26.857 0.1111110002
68147  37.344  7.817  25.186 0.1111110002
68981  38.616  8.541  25.532 0.1111110002
66440  40.600  5.740  22.365 0.2222220004
66438  42.485  5.341  22.210 0.2222220004
66452  43.047  5.879  21.774 0.2222220004
67336  39.861  6.736  22.648 0.2222220004
67346  42.652  6.525  21.361 0.2222220004
67347  41.687  6.589  21.568 0.2222220004
47837  25.962  -13.760  54.668 0.4444440007
47823  26.302  -13.678  55.922 0.4444440007
48850  29.019  -12.642  53.100 0.3333329856
47836  27.415  -13.397  53.954 0.4444440007
47807  26.528  -13.951  56.603 0.3333329856
126295  25.715  -13.846  56.593 0.2222220004
48874  28.642  -12.573  51.080 0.6666669846
108239  27.997  -13.173  52.096 0.6666669846
49848  31.467  -11.290  50.887 0.4444440007
46773  25.463  -13.845  55.721 0.4444440007
46783  26.481  -13.725  53.640 0.4444440007
47853  26.926  -13.642  52.697 0.4444440007
47808  25.871  -13.921  56.532 0.4444440007
46762  25.116  -13.910  56.354 0.3333329856
45632  25.444  -14.586  56.627 0.2222220004
46774  24.563  -14.243  55.581 0.3333329856
106730  25.143  -14.134  54.410 0.5555559993
46795  26.168  -13.999  52.537 0.5555559993
46785  24.856  -14.416  53.247 0.5555559993
47868  26.608  -13.842  51.930 0.5555559993
46796  25.320  -14.353  52.264 0.5555559993
46822  26.026  -14.163  50.795 0.5555559993
44584  21.440  -15.780  55.601 0.3333329856
44572  20.900  -16.172  56.268 0.3333329856
44562  20.603  -16.440  57.592 0.3333329856
43556  20.126  -16.975  58.474 0.3333329856
42586  18.923  -17.927  59.142 0.3333329856
40578  17.825  -19.384  59.334 0.3333329856
41582  17.542  -19.016  59.098 0.3333329856
45659  23.107  -14.938  55.030 0.4444440007
45671  22.529  -15.305  54.186 0.4444440007
120822  21.928  -15.543  54.827 0.3333329856
46775  23.809  -14.623  54.622 0.4444440007
45670  23.214  -14.991  53.703 0.4444440007
45682  21.835  -15.575  53.515 0.4444440007
46797  24.538  -14.566  52.455 0.5555559993
46786  23.998  -14.666  53.211 0.5555559993
46808  25.347  -14.406  51.226 0.6666669846
46798  23.926  -14.769  52.118 0.5555559993
43559  19.580  -17.019  56.894 0.3333329856
42591  18.756  -17.748  58.161 0.3333329856
42592  18.067  -18.391  58.487 0.3333329856
41575  16.965  -19.721  59.411 0.3333329856
44585  20.862  -16.131  54.810 0.4444440007
120012  18.781  -17.674  56.822 0.3333329856
108486  18.123  -18.306  56.888 0.3333329856
41592  17.140  -19.011  57.978 0.3333329856
44586  20.249  -16.505  54.692 0.4444440007
48871  36.027  -11.773  51.143 0.2222220004
45680  23.299  -15.025  52.594 0.6666669846
44595  21.253  -15.853  54.180 0.5555559993
44596  20.558  -16.241  53.719 0.5555559993
46809  24.601  -14.597  51.649 0.6666669846
45693  22.699  -15.295  52.007 0.6666669846
107910  21.781  -15.577  52.276 0.5555559993
44606  21.089  -15.896  53.008 0.6666669846
45681  22.569  -15.328  52.992 0.6666669846
45691  23.819  -14.888  51.183 0.6666669846
45692  23.344  -15.035  51.804 0.6666669846
44618  20.933  -15.852  52.094 0.6666669846
44607  20.255  -16.266  52.544 0.5555559993
108976  24.654  -14.636  50.757 0.6666669846
45707  23.991  -14.875  50.268 0.6666669846
108466  22.173  -15.429  51.288 0.6666669846
45709  22.558  -15.328  50.669 0.6666669846
44619  20.403  -16.022  51.520 0.6666669846
44620  19.598  -16.440  51.692 0.5555559993
44629  19.886  -16.144  50.865 0.5555559993
47876  40.555  -14.282  50.974 0.1111110002
46831  38.706  -14.301  50.061 0.2222220004
112438  38.062  -14.087  50.540 0.3333329856
47875  41.215  -13.888  51.030 0.1111110002
48868  40.765  -13.209  50.965 0.1111110002
47891  39.617  -14.173  50.278 0.1111110002
48867  41.413  -13.023  51.223 0.1111110002
48879  40.032  -13.409  50.169 0.2222220004
47905  39.454  -13.577  49.308 0.2222220004
49865  40.220  -11.174  50.463 0.2222220004
57706  42.075  -3.771  45.040 0.6666669846
116358  41.342  -2.760  44.507 0.5555559993
57707  41.717  -3.520  44.442 0.7777780294
57719  41.235  -3.025  43.762 0.6666669846
56905  38.160  -4.414  36.843 0.1111110002
58771  38.431  -2.403  31.025 0.5555559993
58802  36.569  -2.438  29.276 0.2222220004
62595  39.225  1.596  27.623 0.1111110002
62596  38.545  1.113  27.426 0.2222220004
122717  37.954  0.695  27.304 0.2222220004
63563  37.916  2.080  26.548 0.1111110002
62604  37.232  1.543  26.552 0.1111110002
64532  41.659  2.667  26.100 0.3333329856
41583  16.674  -19.508  58.646 0.3333329856
47885  26.647  -13.857  51.195 0.5555559993
46823  25.387  -14.401  50.326 0.6666669846
118568  37.048  -2.545  29.958 0.4444440007
58823  35.719  -2.376  28.775 0.1111110002
61646  37.344  0.733  26.967 0.2222220004
63561  39.480  2.294  27.260 0.2222220004
48861  28.664  -12.729  52.038 0.5555559993
47866  28.005  -13.082  51.326 0.6666669846
58784  36.891  -2.609  30.706 0.4444440007
113998  36.275  -2.700  30.113 0.3333329856
111677  26.823  -13.501  54.996 0.4444440007
47822  27.192  -13.626  56.137 0.3333329856
47851  28.366  -13.018  52.860 0.3333329856
47852  27.676  -13.347  52.756 0.5555559993
127409  28.100  -13.149  53.637 0.4444440007
45631  25.969  -14.293  56.694 0.2222220004
47867  27.306  -13.506  51.770 0.5555559993
46784  25.655  -14.102  53.390 0.5555559993
45633  24.723  -14.620  56.594 0.3333329856
118736  24.455  -14.422  54.158 0.5555559993
46807  26.029  -14.148  51.634 0.5555559993
43557  19.362  -17.279  58.023 0.3333329856
41567  16.432  -20.134  59.533 0.3333329856
109264  17.546  -18.786  56.987 0.3333329856
46830  39.599  -14.765  51.228 0.1111110002
119139  38.654  2.025  27.018 0.1111110002
62597  37.963  1.379  26.962 0.2222220004
62605  36.284  1.783  26.222 0.1111110002
33000  6.479  -29.313  49.979 0.2222220004
50038  35.651  -11.331  39.775 0.4444440007
51062  36.665  -10.367  38.778 0.2222220004
51050  36.058  -10.969  39.064 0.2222220004
50056  35.320  -11.302  39.080 0.2222220004
50040  33.980  -11.669  39.392 0.2222220004
51076  36.079  -10.576  38.156 0.2222220004
51063  35.377  -11.031  38.364 0.2222220004
50057  34.578  -11.383  38.628 0.2222220004
113307  36.177  -10.124  37.352 0.2222220004
51077  35.327  -10.619  37.391 0.2222220004
54985  42.142  -6.153  44.866 0.6666669846
121213  42.331  -4.876  44.865 0.6666669846
57815  34.387  -2.565  35.221 0.1111110002
69129  55.817  8.876  11.707 0.3333329856
126930  54.171  8.539  12.982 0.3333329856
69123  54.739  8.585  12.272 0.3333329856
69112  53.315  8.557  13.171 0.2222220004
69113  52.396  8.619  13.383 0.2222220004
69130  54.714  8.663  11.335 0.3333329856
69131  53.763  8.716  11.491 0.2222220004
106792  53.532  8.626  12.358 0.3333329856
69124  52.588  8.761  12.520 0.2222220004
122898  52.822  8.927  11.705 0.2222220004
39597  9.309  -20.320  59.719 0.1111110002
50041  32.555  -11.595  39.629 0.3333329856
50039  34.835  -11.541  39.601 0.3333329856
55901  42.618  -5.828  46.094 0.5555559993
120244  42.099  -4.305  44.567 0.6666669846
58726  34.304  -2.187  35.137 0.2222220004
58739  33.912  -2.711  34.176 0.2222220004
33915  5.968  -27.542  49.699 0.2222220004
118364  42.511  -5.138  45.578 0.6666669846
57828  34.124  -2.731  34.619 0.1111110002
46815  39.808  -15.036  51.323 0.1111110002
46816  38.591  -14.518  51.371 0.1111110002
50042  31.741  -11.464  39.221 0.2222220004
56824  42.555  -4.352  46.168 0.3333329856
56831  42.339  -4.368  45.306 0.5555559993
57692  42.267  -3.614  45.750 0.5555559993
57693  41.751  -2.924  45.233 0.4444440007
58627  41.631  -1.945  45.716 0.4444440007
113719  40.834  -2.173  44.219 0.4444440007
49849  30.625  -11.561  51.235 0.4444440007
58639  41.149  -2.021  44.933 0.4444440007
120942  44.837  3.847  45.652 0.1111110002
45700  39.693  -15.601  51.087 0.1111110002
115234  38.838  -14.772  51.351 0.1111110002
125118  39.077  -15.377  51.299 0.1111110002
31165  9.938  -30.685  57.073 0.1111110002
31166  9.454  -30.514  56.056 0.1111110002
32050  9.362  -30.275  56.967 0.1111110002
31177  9.477  -30.553  55.411 0.1111110002
107120  9.836  -30.691  56.145 0.1111110002
31176  10.228  -30.713  55.570 0.1111110002
117984  9.105  -30.326  55.904 0.1111110002
32051  8.856  -29.897  56.375 0.1111110002
31178  8.981  -30.419  55.118 0.1111110002
31192  8.625  -30.331  54.205 0.1111110002
31191  9.209  -30.530  54.659 0.1111110002
31207  8.693  -30.466  53.641 0.1111110002
108973  9.364  -30.480  53.158 0.1111110002
32061  8.726  -30.104  55.380 0.1111110002
32086  8.379  -30.279  53.868 0.1111110002
31208  8.319  -30.319  53.442 0.1111110002
32087  8.081  -30.241  53.291 0.1111110002
31209  8.040  -30.377  52.805 0.1111110002
108225  6.195  -28.714  48.897 0.1111110002
125184  7.470  -30.307  51.593 0.1111110002
31236  8.684  -30.523  51.860 0.1111110002
32176  6.476  -30.033  47.470 0.1111110002
33010  6.166  -29.901  47.992 0.1111110002
109537  5.967  -29.321  47.539 0.1111110002
31237  8.067  -30.623  51.516 0.1111110002
33925  5.978  -28.227  47.655 0.1111110002
34862  5.749  -26.660  49.643 0.2222220004
33916  5.886  -27.392  48.707 0.1111110002
34878  5.580  -26.367  48.644 0.1111110002
31239  7.089  -30.364  51.001 0.1111110002
31292  6.604  -30.280  48.487 0.1111110002
34894  5.888  -27.032  47.573 0.1111110002
31250  8.638  -30.527  50.959 0.1111110002
31290  7.478  -30.476  48.614 0.1111110002
31280  6.933  -30.567  49.009 0.1111110002
32153  9.253  -29.779  48.549 0.1111110002
32154  8.240  -30.110  48.182 0.1111110002
122981  7.405  -30.235  47.855 0.1111110002
35832  5.518  -25.653  49.461 0.1111110002
35842  5.316  -25.498  48.417 0.1111110002
31251  7.712  -30.666  50.662 0.1111110002
31266  8.547  -30.450  50.012 0.1111110002
34895  5.585  -26.096  47.856 0.1111110002
32123  10.298  -29.897  50.764 0.1111110002
107401  9.590  -29.930  49.444 0.1111110002
107395  10.580  -29.579  49.382 0.1111110002
32152  10.246  -29.489  48.780 0.1111110002
36872  5.180  -24.723  48.950 0.1111110002
46915  14.231  -14.416  43.959 0.1111110002
51052  29.417  -10.256  39.441 0.2222220004
50061  30.921  -11.262  38.744 0.1111110002
51051  30.150  -10.847  39.162 0.1111110002
50059  32.593  -11.562  38.544 0.1111110002
51066  29.540  -10.473  38.473 0.1111110002
51067  28.855  -9.898  38.681 0.2222220004
47820  28.969  -13.235  55.773 0.2222220004
47821  28.113  -13.456  55.913 0.2222220004
48849  29.753  -12.464  54.261 0.2222220004
48837  28.790  -12.809  54.020 0.2222220004
113375  29.623  -12.264  52.585 0.2222220004
111777  32.239  -11.410  37.693 0.1111110002
52001  28.391  -9.359  37.828 0.1111110002
48055  19.943  -12.767  40.466 0.1111110002
48999  19.248  -12.421  40.855 0.1111110002
49023  20.526  -12.279  40.061 0.1111110002
49024  19.844  -11.837  40.533 0.1111110002
50002  19.220  -11.459  41.190 0.1111110002
47835  28.344  -13.109  54.978 0.2222220004
50058  33.596  -11.514  38.458 0.1111110002
50070  33.005  -11.329  37.319 0.1111110002
51078  34.532  -10.870  37.203 0.1111110002
52015  27.930  -8.550  37.688 0.1111110002
52002  27.816  -8.825  38.349 0.1111110002
49040  23.184  -12.407  39.249 0.1111110002
49041  22.497  -12.574  39.329 0.1111110002
51089  34.578  -10.313  36.407 0.1111110002
52911  27.203  -8.242  38.482 0.1111110002
51053  24.727  -10.953  39.536 0.1111110002
50043  24.198  -11.428  39.261 0.1111110002
52927  26.706  -7.596  38.370 0.1111110002
108811  25.495  -8.071  39.309 0.1111110002
50044  23.512  -11.482  38.988 0.1111110002
50045  22.648  -11.887  39.028 0.1111110002
52928  25.976  -7.464  38.840 0.1111110002
55985  28.756  -5.808  38.666 0.1111110002
125591  36.742  -9.620  37.442 0.1111110002
55059  28.474  -6.312  37.938 0.1111110002
108436  26.806  -6.434  38.229 0.1111110002
51989  24.895  -9.073  39.410 0.1111110002
108473  24.027  -9.027  39.379 0.1111110002
51054  24.160  -10.810  39.127 0.1111110002
52011  36.402  -9.521  36.711 0.1111110002
51055  23.535  -10.627  39.057 0.1111110002
55987  27.136  -5.233  39.277 0.1111110002
56002  27.343  -5.783  38.452 0.1111110002
55060  26.129  -6.321  38.631 0.1111110002
55047  25.514  -6.185  39.199 0.1111110002
128586  24.524  -7.553  39.490 0.1111110002
52024  35.847  -9.304  35.945 0.1111110002
52953  36.717  -8.723  36.125 0.1111110002
52039  35.962  -8.602  35.440 0.1111110002
52970  35.351  -8.359  35.247 0.1111110002
117558  37.213  -7.940  35.986 0.1111110002
53895  42.059  -7.723  46.997 0.3333329856
117604  42.534  -7.266  48.252 0.3333329856
54947  42.689  -6.395  47.594 0.1111110002
107187  42.487  -7.038  47.096 0.3333329856
55875  42.848  -5.560  48.040 0.1111110002
55889  42.737  -5.751  47.015 0.1111110002
123462  42.813  -5.082  47.438 0.2222220004
113966  42.691  -5.091  46.564 0.1111110002
56803  43.087  -4.726  48.359 0.2222220004
56814  42.828  -4.289  47.283 0.2222220004
57679  42.583  -3.494  46.665 0.2222220004
119426  42.652  -1.763  47.019 0.2222220004
58614  42.159  -1.867  46.448 0.3333329856
58626  42.158  -2.733  46.157 0.3333329856
60494  42.568  -0.614  46.946 0.1111110002
59546  41.716  -1.218  46.055 0.3333329856
110962  43.797  1.788  47.484 0.1111110002
61428  43.510  1.052  47.609 0.1111110002
61419  42.956  0.148  47.301 0.3333329856
60508  42.229  -0.136  46.409 0.2222220004
60509  41.609  -0.696  45.717 0.3333329856
60518  41.071  -0.635  44.721 0.3333329856
121604  42.820  0.614  46.880 0.3333329856
65416  48.175  6.722  35.732 0.1111110002
65433  47.865  6.280  35.437 0.1111110002
66315  48.443  6.935  35.634 0.1111110002
68059  48.347  7.734  34.522 0.1111110002
68906  48.642  8.288  34.101 0.1111110002
68903  52.415  9.266  33.387 0.2222220004
68910  54.039  8.574  31.810 0.2222220004
110075  54.964  7.527  30.681 0.2222220004
68933  53.678  8.610  30.472 0.2222220004
67274  55.363  7.385  29.397 0.1111110002
68096  54.929  7.951  30.375 0.2222220004
68097  54.304  8.358  30.040 0.2222220004
68107  55.284  7.799  29.508 0.2222220004
32073  8.557  -30.240  54.512 0.1111110002
32100  7.623  -30.024  52.404 0.1111110002
31268  7.012  -30.595  49.749 0.1111110002
31269  6.769  -30.448  49.376 0.1111110002
54960  42.546  -6.468  46.590 0.4444440007
68074  53.625  8.633  32.587 0.2222220004
128057  53.205  8.856  33.095 0.2222220004
67273  55.544  7.769  28.755 0.2222220004
68108  54.926  8.196  29.457 0.2222220004
68897  50.050  8.549  34.423 0.1111110002
68922  53.576  8.927  31.344 0.2222220004
107531  24.764  -10.145  39.442 0.1111110002
51986  27.530  -8.682  39.215 0.2222220004
46955  17.824  -14.237  42.447 0.1111110002
49039  23.947  -12.130  39.453 0.1111110002
48033  19.465  -13.305  40.903 0.1111110002
52969  36.613  -7.979  35.417 0.1111110002
128111  27.618  -13.368  55.356 0.2222220004
46760  27.431  -13.899  56.323 0.2222220004
114743  6.884  -29.609  51.318 0.1111110002
51064  34.790  -11.076  37.853 0.1111110002
50069  34.072  -11.236  37.686 0.1111110002
50060  31.677  -11.414  38.230 0.1111110002
32039  9.405  -29.722  58.107 0.1111110002
122054  9.693  -30.619  54.887 0.1111110002
31224  8.183  -30.425  52.844 0.1111110002
108483  9.681  -30.551  54.007 0.1111110002
31225  7.863  -30.425  52.074 0.1111110002
32114  7.170  -29.898  51.628 0.1111110002
116268  8.129  -30.523  52.247 0.1111110002
31291  6.887  -30.338  48.073 0.1111110002
31238  7.480  -30.489  51.196 0.1111110002
31252  7.205  -30.552  50.415 0.1111110002
31249  9.601  -30.235  51.267 0.1111110002
32124  9.539  -30.150  50.400 0.1111110002
31279  8.430  -30.363  49.034 0.1111110002
31267  7.454  -30.632  49.658 0.1111110002
107040  7.873  -29.867  47.421 0.1111110002
110691  8.923  -29.507  47.797 0.1111110002
32137  10.432  -29.738  50.066 0.1111110002
51065  30.235  -10.910  38.153 0.1111110002
48824  29.287  -12.891  55.279 0.2222220004
51079  33.812  -10.856  36.755 0.1111110002
54018  27.401  -7.737  37.834 0.1111110002
126272  26.889  -7.320  38.069 0.1111110002
54019  26.397  -7.019  38.304 0.1111110002
54004  25.190  -7.514  39.227 0.1111110002
110327  24.156  -9.998  39.261 0.1111110002
50046  21.974  -11.405  39.280 0.1111110002
51056  22.795  -11.055  38.973 0.1111110002
54020  25.633  -6.888  38.836 0.1111110002
56001  28.046  -5.847  38.296 0.1111110002
52012  35.579  -9.975  36.559 0.1111110002
55070  28.190  -6.924  37.522 0.1111110002
111897  27.599  -6.514  37.861 0.1111110002
54035  27.769  -7.386  37.548 0.1111110002
108449  27.062  -7.096  37.882 0.1111110002
52913  24.633  -8.231  39.400 0.1111110002
51990  23.423  -9.764  39.345 0.1111110002
52914  23.871  -8.028  39.656 0.1111110002
55988  26.176  -5.626  39.168 0.1111110002
118466  28.071  -5.004  39.842 0.1111110002
55048  24.883  -6.813  39.420 0.1111110002
52040  35.220  -8.944  35.490 0.1111110002
52971  34.725  -8.466  35.452 0.1111110002
54927  42.882  -6.151  48.767 0.1111110002
55864  43.130  -5.370  48.951 0.1111110002
59545  42.282  -1.218  46.670 0.2222220004
60495  42.005  -0.763  46.348 0.2222220004
68921  54.389  8.485  31.018 0.2222220004
68086  54.688  8.107  31.262 0.2222220004
68073  54.233  8.175  31.805 0.2222220004
67251  54.522  7.622  31.322 0.2222220004
57863  35.152  -2.954  31.133 0.1111110002
64518  39.136  2.474  26.292 0.2222220004
64549  40.447  2.578  25.108 0.2222220004
64534  39.091  2.700  25.414 0.2222220004
69114  51.473  8.734  13.550 0.2222220004
69128  56.933  9.705  11.859 0.3333329856
68232  57.360  8.027  15.540 0.1111110002
122001  57.388  9.062  15.061 0.2222220004
69859  57.514  10.283  19.108 0.2222220004
69869  57.542  10.421  18.266 0.2222220004
70668  57.394  11.289  18.543 0.2222220004
69044  45.967  8.145  19.275 0.2222220004
112499  57.504  8.046  14.685 0.2222220004
127680  56.437  9.312  12.234 0.3333329856
63568  40.761  2.537  26.059 0.2222220004
57876  34.569  -3.111  30.460 0.1111110002
64519  38.413  2.568  26.078 0.1111110002
47817  31.981  -12.607  54.932 0.1111110002
48835  31.651  -12.278  54.856 0.1111110002
47818  31.186  -13.181  55.112 0.1111110002
121279  30.505  -13.357  55.483 0.1111110002
46780  30.593  -13.820  55.004 0.1111110002
46794  29.125  -15.030  52.966 0.1111110002
47804  30.823  -12.955  55.256 0.1111110002
121486  29.881  -13.277  55.647 0.1111110002
46770  30.045  -13.616  55.588 0.1111110002
45666  28.290  -15.397  53.279 0.1111110002
44601  27.239  -16.032  51.862 0.1111110002
112286  27.247  -16.190  50.846 0.1111110002
107998  26.972  -16.368  50.073 0.1111110002
47805  29.311  -13.375  55.763 0.1111110002
45679  27.390  -15.812  52.884 0.1111110002
44602  26.524  -16.211  52.519 0.1111110002
44614  26.570  -16.356  51.443 0.1111110002
108259  25.958  -16.462  51.913 0.1111110002
48858  37.005  -12.634  53.059 0.1111110002
115883  35.647  -11.577  52.844 0.1111110002
49825  34.880  -11.360  52.834 0.1111110002
128483  34.035  -11.720  54.293 0.1111110002
48870  36.697  -12.424  51.033 0.1111110002
111154  36.709  -12.144  52.250 0.1111110002
118973  36.111  -11.720  52.188 0.1111110002
49809  34.281  -11.451  53.492 0.1111110002
49844  35.378  -11.443  51.459 0.1111110002
124034  34.877  -11.308  51.913 0.1111110002
49826  33.239  -11.273  52.366 0.1111110002
108850  34.139  -11.217  51.989 0.1111110002
44582  23.766  -16.326  56.353 0.1111110002
49827  32.290  -11.253  51.540 0.1111110002
44583  23.277  -16.969  55.485 0.1111110002
44594  24.713  -16.458  54.438 0.1111110002
48848  30.484  -11.946  53.666 0.1111110002
45643  26.379  -14.621  56.514 0.1111110002
45656  26.887  -15.143  55.771 0.1111110002
44593  25.561  -16.195  54.252 0.1111110002
107502  24.082  -16.781  53.395 0.1111110002
45667  27.651  -15.494  54.057 0.1111110002
44592  26.084  -16.194  53.445 0.1111110002
44604  24.693  -16.653  52.508 0.1111110002
43590  23.246  -17.114  51.837 0.1111110002
47877  37.836  -13.866  51.804 0.1111110002
44568  23.998  -15.580  56.934 0.2222220004
38621  13.362  -22.372  60.336 0.1111110002
38632  13.856  -22.863  59.498 0.1111110002
44569  23.405  -15.847  57.198 0.2222220004
44559  22.793  -15.726  57.447 0.2222220004
44570  23.133  -16.373  57.023 0.2222220004
38613  13.541  -22.000  60.719 0.1111110002
38620  14.239  -22.294  60.301 0.1111110002
44558  23.275  -15.460  57.201 0.2222220004
119440  23.282  -15.170  57.093 0.2222220004
44557  23.827  -15.160  56.954 0.2222220004
39574  15.142  -21.509  60.216 0.1111110002
46753  23.212  -14.938  56.959 0.2222220004
39583  15.598  -21.497  60.064 0.1111110002
45634  22.974  -15.262  57.283 0.2222220004
45648  22.534  -15.536  57.337 0.2222220004
39603  17.502  -21.148  57.753 0.1111110002
46763  24.391  -14.481  56.510 0.2222220004
44560  21.999  -15.954  57.949 0.1111110002
42588  21.586  -17.399  57.605 0.1111110002
42596  20.499  -18.583  57.135 0.1111110002
41602  19.384  -19.619  56.478 0.1111110002
120924  17.957  -20.695  55.789 0.1111110002
51885  40.713  -9.735  50.072 0.1111110002
50873  40.137  -10.293  50.023 0.1111110002
51892  41.256  -9.203  49.698 0.1111110002
51899  41.342  -8.878  48.359 0.2222220004
40570  14.563  -20.912  60.094 0.1111110002
40568  16.925  -20.434  59.623 0.1111110002
108246  16.283  -20.609  59.696 0.1111110002
40580  17.078  -20.778  59.579 0.1111110002
39582  16.434  -21.060  59.786 0.1111110002
46752  23.783  -14.857  56.859 0.2222220004
40594  18.035  -20.412  58.853 0.1111110002
39604  16.851  -21.630  58.132 0.1111110002
46764  23.680  -14.630  56.163 0.2222220004
45646  23.019  -14.903  56.195 0.2222220004
106560  21.509  -16.349  58.066 0.1111110002
42584  20.421  -17.279  58.531 0.2222220004
41590  19.791  -18.612  58.950 0.2222220004
41591  19.381  -19.484  58.037 0.1111110002
45647  22.745  -15.086  56.829 0.2222220004
44571  21.782  -15.706  57.249 0.2222220004
44561  21.379  -16.078  57.960 0.2222220004
45660  22.544  -15.212  55.537 0.2222220004
126547  42.000  -8.147  47.868 0.2222220004
41566  16.786  -20.108  59.584 0.1111110002
40579  17.517  -20.171  59.474 0.1111110002
41574  18.851  -18.750  59.308 0.1111110002
40593  18.356  -19.550  59.301 0.1111110002
41581  19.158  -19.071  59.206 0.1111110002
43552  19.495  -17.510  58.906 0.2222220004
52828  42.238  -8.158  48.859 0.1111110002
42583  19.138  -18.162  59.328 0.2222220004
42587  18.484  -18.527  59.217 0.1111110002
42582  19.529  -17.847  59.275 0.1111110002
60709  33.696  -0.485  27.406 0.1111110002
61641  35.866  0.119  26.824 0.1111110002
124712  34.289  0.484  26.854 0.1111110002
111343  33.327  0.764  27.293 0.1111110002
61647  36.517  0.821  26.640 0.1111110002
61649  34.583  1.146  26.607 0.1111110002
62598  33.813  0.950  26.917 0.1111110002
62599  33.267  1.542  27.217 0.1111110002
61648  35.581  0.960  26.497 0.1111110002
124403  33.890  1.586  26.772 0.1111110002
67344  44.447  6.333  21.337 0.1111110002
67348  40.848  6.980  21.782 0.1111110002
67356  45.028  6.819  20.793 0.1111110002
67357  44.092  6.931  20.770 0.1111110002
68196  42.235  7.255  20.995 0.1111110002
68197  41.415  7.597  21.342 0.1111110002
67358  43.140  7.078  20.807 0.1111110002
68206  43.751  7.659  20.191 0.1111110002
68207  42.751  7.810  20.445 0.1111110002
68213  44.566  7.946  19.705 0.1111110002
68208  41.977  8.048  20.746 0.1111110002
68212  45.352  7.791  19.784 0.1111110002
69032  43.190  8.361  19.899 0.1111110002
69045  45.200  8.272  19.167 0.1111110002
69046  44.407  8.533  19.183 0.1111110002
68214  43.904  8.253  19.646 0.1111110002
69057  45.825  8.511  18.536 0.1111110002
69059  44.114  9.198  18.803 0.1111110002
69068  45.676  8.986  17.877 0.1111110002
69873  44.467  9.673  18.288 0.1111110002
69914  49.240  9.449  14.303 0.1111110002
69915  48.559  9.745  14.656 0.1111110002
69935  58.147  10.202  11.926 0.2222220004
69115  50.614  8.924  13.733 0.1111110002
70707  48.960  10.301  13.983 0.1111110002
70708  48.277  10.584  14.527 0.1111110002
69122  55.961  8.973  12.610 0.2222220004
69125  51.694  8.955  12.710 0.1111110002
69925  50.148  9.638  13.298 0.1111110002
69913  49.878  9.198  13.975 0.1111110002
69947  58.318  10.335  11.187 0.2222220004
69948  57.695  10.202  11.195 0.2222220004
69957  59.056  10.220  10.335 0.2222220004
69958  58.493  10.562  10.179 0.2222220004
69137  56.503  9.370  10.951 0.2222220004
69924  50.877  9.235  12.960 0.1111110002
71526  48.696  11.253  14.194 0.1111110002
69938  51.189  9.614  12.229 0.1111110002
71540  49.329  11.150  13.711 0.1111110002
69959  57.292  10.054  10.228 0.2222220004
69960  55.918  9.397  10.054 0.2222220004
70730  50.777  10.388  12.366 0.1111110002
71539  50.021  11.327  13.311 0.1111110002
69971  56.500  10.177  9.322 0.1111110002
69139  54.089  8.995  10.524 0.1111110002
69949  53.102  9.173  10.900 0.1111110002
69951  51.661  9.771  11.649 0.1111110002
70729  51.296  10.409  11.830 0.1111110002
70755  58.750  11.107  8.747 0.2222220004
70757  55.812  10.660  8.596 0.1111110002
69972  55.228  9.815  9.363 0.1111110002
69962  53.347  9.697  10.209 0.1111110002
69963  52.738  9.771  10.602 0.1111110002
69950  52.297  9.573  11.214 0.1111110002
70738  51.836  10.457  11.299 0.1111110002
71549  51.167  11.178  12.202 0.1111110002
70775  55.648  11.673  8.065 0.1111110002
70759  54.120  10.707  9.263 0.1111110002
70747  52.929  10.480  10.245 0.1111110002
71574  54.740  11.726  8.644 0.1111110002
71575  53.915  11.562  9.383 0.1111110002
71564  52.849  11.439  10.550 0.1111110002
70737  52.375  10.490  10.766 0.1111110002
71590  55.636  13.573  7.569 0.1111110002
71591  52.730  12.002  7.860 0.1111110002
71557  51.664  11.244  11.687 0.1111110002
108441  51.315  11.963  12.665 0.1111110002
71556  52.286  11.392  11.192 0.1111110002
124724  51.646  11.788  12.150 0.1111110002
71602  56.279  13.843  6.441 0.1111110002
72422  53.099  12.497  11.188 0.1111110002
71548  52.232  12.054  11.794 0.1111110002
72461  56.560  13.568  5.818 0.1111110002
72452  55.186  14.413  7.988 0.1111110002
72442  54.736  13.372  8.887 0.1111110002
72430  54.497  13.844  10.007 0.1111110002
72431  53.749  12.479  10.074 0.1111110002
72412  52.844  12.902  12.062 0.1111110002
107440  55.309  14.269  7.599 0.1111110002
110912  54.018  13.685  10.771 0.1111110002
73311  54.667  14.452  7.929 0.1111110002
73312  53.820  14.245  8.310 0.1111110002
72454  52.261  12.470  8.659 0.1111110002
72400  51.789  12.735  13.211 0.1111110002
72413  52.045  12.438  12.454 0.1111110002
73289  54.468  14.724  9.674 0.1111110002
73290  54.317  14.447  10.370 0.1111110002
72421  53.640  13.671  11.620 0.1111110002
122538  52.568  13.072  12.706 0.1111110002
74210  54.546  14.811  9.047 0.1111110002
73278  54.039  14.445  11.074 0.1111110002
73302  53.577  14.643  9.117 0.1111110002
74201  53.835  14.959  10.340 0.1111110002
73277  54.164  14.755  10.332 0.1111110002
72443  52.810  13.648  8.839 0.1111110002
73292  52.120  14.218  10.298 0.1111110002
111041  51.285  13.726  10.668 0.1111110002
72444  51.834  12.953  9.436 0.1111110002
72411  53.378  13.691  12.419 0.1111110002
74187  53.783  14.777  11.349 0.1111110002
73265  53.900  14.526  11.900 0.1111110002
74188  53.466  14.991  11.313 0.1111110002
74189  52.260  14.858  11.487 0.1111110002
73280  50.549  13.692  11.287 0.1111110002
73279  51.638  14.308  10.989 0.1111110002
72432  51.502  13.399  10.121 0.1111110002
73293  50.656  13.097  10.656 0.1111110002
74176  53.971  15.078  12.209 0.1111110002
75062  53.937  15.221  12.532 0.1111110002
48836  30.725  -12.377  54.774 0.1111110002
49797  32.035  -11.818  54.591 0.1111110002
116803  32.382  -11.569  53.990 0.1111110002
112155  33.671  -11.996  54.754 0.1111110002
48822  32.502  -12.192  54.901 0.1111110002
47819  29.493  -13.136  55.711 0.1111110002
109837  33.260  -11.538  53.847 0.1111110002
45642  27.240  -14.287  56.457 0.1111110002
49810  32.341  -11.413  52.807 0.1111110002
49828  31.384  -11.484  52.125 0.1111110002
48823  29.996  -12.836  55.431 0.1111110002
46761  26.527  -14.091  56.657 0.1111110002
46772  28.266  -14.042  56.261 0.1111110002
45645  24.734  -15.113  56.821 0.1111110002
45658  25.083  -15.532  56.342 0.1111110002
44580  25.174  -16.045  55.294 0.1111110002
40569  15.451  -21.083  60.038 0.1111110002
38612  14.028  -21.763  60.660 0.1111110002
49847  32.233  -11.093  50.567 0.1111110002
60708  34.393  -0.159  27.058 0.1111110002
69934  58.585  9.576  11.775 0.2222220004
64550  39.125  3.265  24.582 0.1111110002
45644  25.619  -15.200  56.502 0.1111110002
45661  22.121  -15.402  56.343 0.2222220004
69138  55.307  8.892  10.732 0.1111110002
69937  51.985  9.201  11.954 0.1111110002
48860  30.467  -11.774  52.318 0.1111110002
47806  28.655  -13.643  55.902 0.1111110002
106597  39.684  2.679  25.006 0.1111110002
128393  29.932  -14.204  55.058 0.1111110002
46782  29.164  -14.766  54.460 0.1111110002
46781  29.922  -14.556  53.959 0.1111110002
121130  29.573  -13.588  55.789 0.1111110002
126041  29.518  -14.056  55.629 0.1111110002
45654  28.364  -15.079  54.592 0.1111110002
45690  27.867  -15.770  51.459 0.1111110002
45678  27.842  -15.707  52.288 0.1111110002
46759  29.072  -13.761  55.947 0.1111110002
45668  26.860  -15.871  53.622 0.1111110002
44603  25.585  -16.465  52.687 0.1111110002
107933  25.252  -16.579  51.800 0.1111110002
44615  25.831  -16.524  51.118 0.1111110002
127045  24.574  -15.530  56.678 0.1111110002
44581  24.492  -16.108  55.867 0.1111110002
109346  23.953  -16.726  54.853 0.1111110002
49812  31.022  -11.675  53.157 0.1111110002
49798  31.260  -11.826  54.289 0.1111110002
45657  25.913  -15.556  55.682 0.1111110002
107025  25.025  -16.520  53.394 0.1111110002
45655  27.829  -14.852  55.590 0.1111110002
128365  27.154  -15.517  54.720 0.1111110002
45669  26.424  -15.821  54.547 0.1111110002
117167  25.562  -16.374  53.393 0.1111110002
44605  23.889  -16.862  52.250 0.1111110002
43582  23.261  -17.130  52.774 0.1111110002
38619  15.180  -22.231  59.943 0.1111110002
40607  18.113  -20.664  57.314 0.1111110002
43554  21.811  -16.525  58.038 0.1111110002
42589  20.968  -17.625  58.043 0.1111110002
109478  21.319  -16.758  58.238 0.1111110002
42590  20.363  -18.124  58.562 0.1111110002
118772  19.965  -19.010  57.557 0.1111110002
40619  18.737  -20.144  56.854 0.1111110002
39594  16.738  -21.402  59.255 0.1111110002
39593  17.416  -20.945  59.078 0.1111110002
40606  18.700  -19.930  58.515 0.1111110002
43555  21.057  -16.514  58.294 0.2222220004
42585  19.889  -17.890  59.203 0.2222220004
61643  33.731  0.264  27.133 0.1111110002
61642  34.988  0.310  26.754 0.1111110002
69058  44.961  8.871  18.496 0.1111110002
69946  58.784  9.869  11.137 0.2222220004
69939  50.592  9.808  12.698 0.1111110002
69926  49.535  9.765  13.738 0.1111110002
108280  59.371  9.285  10.402 0.2222220004
69970  57.931  10.752  9.532 0.2222220004
70745  59.242  10.541  9.325 0.2222220004
69961  54.874  9.227  10.012 0.1111110002
70756  57.286  11.096  8.532 0.1111110002
69973  54.149  9.805  9.595 0.1111110002
70773  58.259  11.831  7.504 0.1111110002
70774  56.721  11.760  7.640 0.1111110002
70758  54.793  10.553  8.914 0.1111110002
70746  53.538  10.510  9.742 0.1111110002
71563  53.287  11.258  9.977 0.1111110002
112131  55.732  14.091  7.147 0.1111110002
72462  55.843  13.909  6.570 0.1111110002
71601  57.084  13.424  5.981 0.1111110002
73300  54.698  14.591  8.927 0.1111110002
72470  55.764  13.415  5.827 0.1111110002
73317  54.862  13.973  7.140 0.1111110002
73310  54.879  14.620  8.364 0.1111110002
74211  54.217  15.095  9.054 0.1111110002
73303  52.458  13.991  9.595 0.1111110002
72453  53.260  13.161  8.098 0.1111110002
73255  53.752  14.490  12.684 0.1111110002
74200  54.314  14.965  9.634 0.1111110002
73291  53.149  14.754  9.906 0.1111110002
74212  53.945  15.042  9.607 0.1111110002
74202  52.795  14.806  10.694 0.1111110002
49811  31.691  -11.573  53.497 0.1111110002
46771  28.761  -14.397  55.632 0.1111110002
58766  33.715  -2.884  33.202 0.1111110002
54906  43.743  -6.321  49.851 0.1111110002
54905  44.445  -6.489  49.524 0.1111110002
55854  43.368  -5.903  49.565 0.1111110002
53882  44.993  -6.853  48.719 0.1111110002
67239  53.838  7.786  32.029 0.1111110002
67252  54.103  7.111  31.244 0.1111110002
55853  43.794  -5.368  49.468 0.1111110002
56791  44.248  -4.847  49.239 0.1111110002
55863  43.502  -5.008  49.161 0.1111110002
56802  43.629  -4.219  48.784 0.1111110002
68904  51.854  9.209  33.593 0.1111110002
107195  54.582  6.964  30.702 0.1111110002
57645  44.189  -4.082  48.898 0.1111110002
56792  43.836  -4.695  49.170 0.1111110002
57667  43.031  -3.377  47.600 0.1111110002
56813  43.252  -3.966  48.141 0.1111110002
58613  42.718  -2.556  47.067 0.1111110002
67264  55.049  6.940  29.966 0.1111110002
128334  43.908  -3.763  48.690 0.1111110002
57666  43.643  -3.376  48.352 0.1111110002
119353  43.201  -1.982  47.618 0.1111110002
58602  43.319  -2.708  47.826 0.1111110002
67263  55.210  7.550  30.043 0.1111110002
68119  55.822  7.517  28.002 0.1111110002
68199  55.327  7.429  20.539 0.1111110002
66459  55.960  5.888  20.906 0.1111110002
127520  55.992  5.130  21.295 0.1111110002
66460  54.827  6.030  20.725 0.1111110002
68130  56.114  8.099  27.811 0.1111110002
68988  55.362  8.528  24.868 0.1111110002
68167  53.395  7.707  23.771 0.1111110002
68180  53.202  7.824  22.748 0.1111110002
69005  53.931  8.332  23.212 0.1111110002
69013  53.875  8.303  22.249 0.1111110002
69019  55.730  9.076  21.180 0.1111110002
66458  57.040  5.873  20.859 0.1111110002
69799  56.557  9.558  26.026 0.1111110002
68987  56.322  9.122  25.615 0.1111110002
69003  55.983  9.338  24.595 0.1111110002
68989  54.281  8.108  24.248 0.1111110002
69824  55.800  9.650  23.576 0.1111110002
69004  54.926  8.829  23.702 0.1111110002
69012  54.552  8.840  22.756 0.1111110002
69020  54.805  8.784  21.814 0.1111110002
69839  57.108  10.715  21.242 0.1111110002
67352  56.599  6.572  20.475 0.1111110002
67362  57.149  7.052  20.025 0.1111110002
68210  57.019  7.953  20.047 0.1111110002
69810  56.645  9.838  25.373 0.1111110002
127468  55.033  9.196  23.125 0.1111110002
68209  57.274  7.543  19.531 0.1111110002
69061  57.332  8.559  17.925 0.1111110002
68241  57.795  8.045  13.797 0.1111110002
119839  59.199  7.560  11.473 0.1111110002
68260  59.232  7.402  10.987 0.1111110002
107559  59.317  8.251  10.463 0.1111110002
68276  57.041  7.530  9.714 0.1111110002
122224  55.793  7.454  9.602 0.1111110002
107574  59.202  8.640  11.178 0.1111110002
69136  59.461  8.835  9.887 0.1111110002
68274  59.382  8.961  9.284 0.1111110002
69143  59.367  9.700  8.554 0.1111110002
69977  59.347  10.418  8.157 0.1111110002
70772  58.924  11.492  7.494 0.1111110002
69144  58.627  8.837  8.786 0.1111110002
69157  58.678  9.515  8.184 0.1111110002
69994  58.747  10.950  6.955 0.1111110002
69158  57.425  8.956  8.408 0.1111110002
69981  55.238  9.453  7.757 0.1111110002
114993  55.038  8.681  8.535 0.1111110002
113614  59.472  9.693  9.524 0.1111110002
70754  59.269  10.823  8.280 0.1111110002
69979  58.201  9.962  7.538 0.1111110002
71587  58.430  12.121  6.627 0.1111110002
69995  57.648  10.693  6.749 0.1111110002
67253  52.979  6.815  31.209 0.1111110002
67240  52.721  7.525  32.306 0.1111110002
122321  53.207  8.425  32.884 0.1111110002
126077  57.413  7.186  18.957 0.1111110002
68216  57.286  8.191  18.875 0.1111110002
114202  56.548  10.067  24.548 0.1111110002
69823  56.569  10.776  23.879 0.1111110002
118100  57.358  9.140  19.213 0.1111110002
69809  56.594  10.497  24.920 0.1111110002
116871  57.442  9.393  18.510 0.1111110002
69036  57.215  8.529  19.638 0.1111110002
69860  57.371  9.602  19.784 0.1111110002
68198  56.342  7.342  20.315 0.1111110002
69833  55.359  9.453  22.617 0.1111110002
67353  55.557  6.686  20.546 0.1111110002
70647  56.834  10.897  21.975 0.1111110002
68973  56.464  8.978  26.481 0.1111110002
68960  56.434  9.489  26.461 0.1111110002
69832  56.192  10.202  22.330 0.1111110002
68062  52.632  8.941  33.413 0.1111110002
125356  5.472  -24.924  49.699 0.1111110002
68075  52.212  8.170  33.164 0.1111110002
57852  33.242  -3.338  32.833 0.1111110002
53869  44.362  -7.345  49.711 0.1111110002
69027  55.021  8.203  20.916 0.1111110002
67354  54.623  6.748  20.621 0.1111110002
66445  55.137  5.250  21.092 0.1111110002
69037  57.044  8.989  20.171 0.1111110002
69850  56.740  9.551  20.802 0.1111110002
69841  55.601  9.506  21.874 0.1111110002
69840  56.414  10.013  21.565 0.1111110002
107852  59.147  6.983  11.960 0.1111110002
117347  57.530  8.309  9.153 0.1111110002
69145  56.441  8.220  9.148 0.1111110002
69159  55.966  8.794  8.453 0.1111110002
69969  59.463  10.153  8.771 0.1111110002
69978  59.124  10.287  7.788 0.1111110002
70787  58.730  11.660  6.763 0.1111110002
69980  56.721  9.624  7.662 0.1111110002
69147  54.367  8.233  8.965 0.1111110002
69026  56.172  8.352  20.468 0.1111110002
117012  56.169  10.239  23.035 0.1111110002
34746  8.397  -26.043  59.327 0.1111110002
39575  14.828  -21.800  60.383 0.1111110002
39576  13.153  -21.516  60.718 0.2222220004
39616  7.552  -21.413  57.577 0.1111110002
39700  11.769  -21.717  50.363 0.5555559993
40565  14.631  -21.464  60.330 0.1111110002
40574  10.303  -19.949  60.149 0.2222220004
41569  10.666  -19.808  59.923 0.3333329856
41573  19.454  -18.312  59.318 0.1111110002
41620  15.683  -19.508  54.400 0.4444440007
41622  14.211  -19.993  54.535 0.4444440007
43551  19.867  -17.494  59.114 0.2222220004
43586  17.802  -17.778  52.158 0.7777780294
43604  16.940  -18.002  50.245 0.6666669846
46751  25.667  -14.157  56.593 0.2222220004
47800  26.066  -14.101  56.669 0.2222220004
49796  32.805  -11.859  54.730 0.1111110002
54925  45.030  -6.310  48.931 0.1111110002
56003  26.655  -5.807  38.650 0.1111110002
58761  38.202  -2.390  31.910 0.7777780294
61507  39.347  0.013  40.991 1.0000000000
61524  40.828  0.184  40.002 0.8888890147
62537  44.507  1.804  33.139 0.8888890147
64267  44.345  3.318  46.043 0.3333329856
68118  55.855  7.788  28.282 0.2222220004
68902  53.000  9.089  33.195 0.2222220004
69752  51.988  9.422  33.472 0.1111110002
69842  50.927  10.228  20.992 0.5555559993
70771  59.151  10.991  7.514 0.1111110002
71604  53.139  11.493  7.191 0.1111110002
71613  55.987  13.002  5.471 0.1111110002
73301  54.436  14.737  8.655 0.1111110002
113401  17.160  -19.952  59.549 0.1111110002
114923  11.337  -21.497  53.509 0.4444440007
122799  42.423  -5.846  45.386 0.6666669846
127201  15.997  -21.077  59.936 0.1111110002
128143  59.501  9.627  8.992 0.1111110002
