global_signal	global_signal_derivative1	global_signal_power2	global_signal_derivative1_power2	csf	csf_derivative1	csf_derivative1_power2	csf_power2	white_matter	white_matter_derivative1	white_matter_derivative1_power2	white_matter_power2	csf_wm	tcompcor	std_dvars	dvars	framewise_displacement	rmsd	t_comp_cor_00	t_comp_cor_01	t_comp_cor_02	t_comp_cor_03	c_comp_cor_00	c_comp_cor_01	c_comp_cor_02	c_comp_cor_03	c_comp_cor_04	c_comp_cor_05	w_comp_cor_00	w_comp_cor_01	w_comp_cor_02	w_comp_cor_03	w_comp_cor_04	w_comp_cor_05	w_comp_cor_06	w_comp_cor_07	w_comp_cor_08	w_comp_cor_09	w_comp_cor_10	w_comp_cor_11	a_comp_cor_00	a_comp_cor_01	a_comp_cor_02	a_comp_cor_03	a_comp_cor_04	a_comp_cor_05	a_comp_cor_06	a_comp_cor_07	a_comp_cor_08	a_comp_cor_09	a_comp_cor_10	a_comp_cor_11	edge_comp_00	edge_comp_01	edge_comp_02	edge_comp_03	edge_comp_04	edge_comp_05	edge_comp_06	edge_comp_07	edge_comp_08	edge_comp_09	edge_comp_10	edge_comp_11	edge_comp_12	edge_comp_13	edge_comp_14	edge_comp_15	edge_comp_16	edge_comp_17	edge_comp_18	edge_comp_19	edge_comp_20	edge_comp_21	edge_comp_22	edge_comp_23	cosine00	cosine01	trans_x	trans_x_derivative1	trans_x_power2	trans_x_derivative1_power2	trans_y	trans_y_derivative1	trans_y_power2	trans_y_derivative1_power2	trans_z	trans_z_derivative1	trans_z_derivative1_power2	trans_z_power2	rot_x	rot_x_derivative1	rot_x_power2	rot_x_derivative1_power2	rot_y	rot_y_derivative1	rot_y_derivative1_power2	rot_y_power2	rot_z	rot_z_derivative1	rot_z_derivative1_power2	rot_z_power2	motion_outlier00	motion_outlier01	motion_outlier02	motion_outlier03	motion_outlier04	motion_outlier05	motion_outlier06	motion_outlier07	motion_outlier08	motion_outlier09	motion_outlier10	motion_outlier11	motion_outlier12	motion_outlier13	motion_outlier14
871.9882004062013	n/a	760363.4216476454	n/a	892.3682007982552	n/a	n/a	796321.0057959151	816.4255943566351	n/a	n/a	666550.7511205849	815.5672678247654	712.8679674151582	n/a	n/a	n/a	n/a	-0.090361102	-0.052439525	0.1190639272	-0.0645332971	-0.0261216966	0.2364366391	-0.1131380608	0.0668646351	-0.0733029507	0.0431493389	-0.002399909	-0.1245962415	0.0863778194	-0.0525392885	0.0007772099	-0.1094711704	0.0634207449	-0.0044936526	0.0704699849	-0.1559634991	0.3351883892	-0.054205746	-0.0079185173	0.1056565746	-0.0880636127	0.1171994764	-0.0681718718	0.0784203985	-0.0385867497	0.1576731773	-0.2084328411	0.1043372699	-0.0695480502	0.150598072	-0.0781009397	0.0882547254	-0.0575653466	0.0129404969	-0.0360202387	0.0145579232	-0.1672829089	0.0202093581	-0.1015543131	-0.0006973196	0.1103981292	-0.2195147056	0.0786089808	-0.4015867532	0.2657735363	-0.3035725726	0.1696697193	-0.1446197603	0.0970905587	-0.1009201775	0.0101111683	-0.0160969224	0.1785856515	-0.0526171806	0.1561451084	0.1560591586	-0.0014441217844165	n/a	2.0854877282262964e-06	n/a	-0.0987692069652013	n/a	0.0097553562445347	n/a	-0.6927031296169872	n/a	n/a	0.4798376257811685	0.0054840503154959	n/a	3.0074807862890683e-05	n/a	0.0014459314004737	n/a	n/a	2.090717614875835e-06	-2.796483764917453e-05	n/a	n/a	7.820321447446891e-10	0.0	0.0	0.0	0.0	0.0	0.0	0.0	0.0	0.0	0.0	0.0	0.0	0.0	0.0	0.0
869.2272906666789	-2.76090973952239	755556.0828397351	7.62262258978959	874.503078350442	-17.865122447813178	319.16260007535834	764755.6340443994	815.3961274551284	-1.0294669015066802	1.0598021012977648	664870.84466882	813.4191056860185	712.584765650391	1.325959	23.305315	0.1348331822337306	0.0641628561564564	-0.0838917202	-0.0703023728	0.0399862917	0.0352812663	-0.0334883063	0.0276130145	-0.0317987763	0.1353326971	-0.0221636116	-0.0240621455	-0.0181105899	-0.0775385058	0.0659732046	-0.0084596805	-0.0682802983	-0.0969779083	0.1296802878	0.1600577017	0.1222056527	0.1297331166	0.1941657746	0.2737624407	-0.0168872836	0.070945407	-0.0589287165	0.0642247742	-0.1112383378	-0.0290168263	0.0303115354	0.1980227216	-0.260062978	0.2620712212	0.2292054868	0.0624771175	-0.0728775848	0.0983370015	-0.0408110199	0.0185541528	0.0757897645	-0.2044801793	-0.1217629575	-0.0564222763	-0.159568916	-0.1255533139	0.0987815461	-0.3231627879	0.1965209043	0.0097637206	0.0904057039	-0.1320704428	-0.0219770865	-0.1932195127	0.0975741346	0.0695105469	0.0054595489	-0.1643461187	-0.1007960412	-0.0499948296	0.155915944	0.1551433414	-0.024318268634218	-0.0228741468498015	0.0005913781893659	0.0005232265941062	-0.0639166306843748	0.0348525762808265	0.0040853356780427	0.0012147020734108	-0.6597149006909859	0.0329882289260012	0.0010882232476742	0.4352237501937174	0.0050778438199021	-0.0004062064955938	2.5784497859317942e-05	1.6500371706259628e-07	0.0013958551263197	-5.007627415399988e-05	2.5076332331465562e-09	1.948411533672985e-06	-0.0004540466714434	-0.0004260818337942	1.8154572908945e-07	2.0615837984883086e-07	0.0	0.0	0.0	0.0	0.0	0.0	0.0	0.0	0.0	0.0	0.0	0.0	0.0	0.0	0.0
871.2165990527863	1.989308386107382	759018.3624651033	3.9573478550371566	880.4295776014383	5.926499250996244	35.12339337205904	775156.241115447	816.4600478447014	1.0639203895730134	1.1319265953491926	666607.0097265721	815.2462563107852	708.2224747156001	1.286392	22.609865	0.1493960752372383	0.0686890867783846	-0.0920165915	-0.0482137019	0.0800393568	-0.0506213285	-0.0574821934	0.0685956758	-0.0407308863	-0.0450898534	0.0516924348	0.0074070989	-0.0304301486	-0.1443825057	0.1473899773	0.0665474878	-0.0494816915	-0.0024869042	-0.0114765001	0.0306943094	0.0311522963	0.0050990191	0.1409563035	-0.0700545136	-0.0314622843	0.1061943527	-0.1550171348	-0.050080215	-0.0294462536	0.010388813	-0.0477075514	-0.0287855115	-0.0490076774	-0.018513027	0.0466493827	0.324968671	-0.0828854638	0.0984104648	-0.069633704	-0.1076893004	0.0509907606	-0.0180241167	0.0246479381	0.1030356833	-0.1489712388	0.0659270752	-0.0088061861	-0.0705762904	-0.1621383369	-0.0481769637	-0.0212515764	-0.0543864031	-0.0190483296	-0.172296428	-0.0917146036	0.0299070083	0.1089919393	0.1007616812	0.0362293666	0.1918038211	0.1554579513	0.1533170814	-0.0384473144935952	-0.0141290458593772	0.0014781959917694	0.0001996299368963	-0.01596295320725	0.0479536774771248	0.0002548158750968	0.0022995551835801	-0.6814184080187573	-0.0217035073277713	0.0004710422303266	0.4643310467868176	0.0055930439400526	0.0005152001201505	3.128214051535911e-05	2.654311638030899e-07	0.0010898668163388	-0.0003059883099809	9.362884584496733e-08	1.1878096773564716e-06	-0.0009450551327713	-0.0004910084613279	2.410893090955919e-07	8.931292039773795e-07	0.0	0.0	0.0	0.0	0.0	0.0	0.0	0.0	0.0	0.0	0.0	0.0	0.0	0.0	0.0
870.5178522345028	-0.6987468182834391	757801.3310589717	0.4882471160612294	879.7187266267103	-0.7108509747279186	0.5053091082716319	773905.0379777207	814.179517259084	-2.2805305856173845	5.200819751936371	662888.2863242351	811.3816116775669	709.115592735883	1.111149	19.529768	0.2593862277500118	0.1699165849668503	-0.081368673	0.0707687449	-0.0445475663	0.0014317542	-0.1073346773	0.1133502988	-0.0348204084	-0.0663531515	0.0549466496	-0.1518929391	-0.0647345746	-0.0932675858	0.0081040591	0.0866400138	0.0188516325	0.0176197703	0.079575958	0.065594572	0.0286143974	0.0954011593	-0.071044753	-0.1867552614	-0.0685091993	0.0567845119	-0.0380521189	-0.1051715378	0.01087541	0.0132777226	0.0867472702	0.0220914895	0.0886668831	-0.1645146935	0.0956813054	0.1066814266	-0.0953186899	0.0788540069	-0.1064149408	-0.0684589705	-0.0031703581	-0.0107061336	0.0298928554	-0.0689000492	-0.1029542534	0.0248835173	-0.1143358819	0.0548051196	0.0191433375	-0.0649376536	-0.093541782	-0.0567077783	-0.1078202378	0.0964248282	-0.0474703296	0.1419650833	0.053523723	-0.0501854765	0.0442339905	-0.0167597	0.1547718027	0.1505910958	-0.0259783142649894	0.0124690002286058	0.0006748728120505	0.0001554759667009	-0.1760014350535641	-0.1600384818463141	0.0309765051409139	0.025612315671673	-0.6877933217452892	-0.0063749137265318	4.063952502072448e-05	0.4730596534374189	0.0064122373126806	0.0008191933726279	4.111678735413332e-05	6.71077781757637e-07	0.000626025410261	-0.0004638414060778	2.1514884999223067e-07	3.919078142924534e-07	-0.0006180132725059	0.0003270418602654	1.0695637836585346e-07	3.819404049934517e-07	0.0	0.0	0.0	0.0	0.0	0.0	0.0	0.0	0.0	0.0	0.0	0.0	0.0	0.0	0.0
869.0675117387922	-1.450340495710634	755278.3399598557	2.103487553498168	876.3819728696966	-3.336753757013753	11.133925634945395	768045.3623709816	812.4601138827393	-1.7194033763447578	2.9563479705857527	660091.4366503537	810.1194569584453	708.3365532864482	0.89229	15.683056	0.1582879636675423	0.112747872422601	-0.077784921	0.0324632246	-0.0451147694	-0.0769720094	-0.0937636502	0.021510831	0.0432710915	-0.0209375321	0.139137435	-0.0795523367	-0.1023363907	-0.058681521	-0.0001994926	0.149196647	0.0774801173	0.124685636	0.1232657449	-0.0435634245	0.0585676863	0.0804872926	-0.0821428933	-0.0544359501	-0.0897336316	0.0298609176	-0.0665638129	-0.188837268	0.098915057	-0.0316980208	0.1475964228	-0.0386301289	-0.0782924384	-0.143545288	0.0397154305	0.0572538523	-0.0903640375	0.0887705588	-0.0704658822	-0.0936496656	0.0401538188	0.0144820915	0.0115417964	-0.003904645	-0.0781410386	-0.0288221434	-0.0993110391	0.0290581896	-0.0238667955	-0.0367639853	-0.0505149625	0.1720792499	-0.0039971592	-0.0115403041	-0.0538588899	0.1688209458	-0.0331767769	0.006356509	0.0830512383	0.023051898	0.1538585052	0.1469813818	-0.0249183678057107	0.0010599464592787	0.0006209250541006	1.123486496537455e-06	-0.0701585864009786	0.1058428486525855	0.0049222272457835	0.0112027086108941	-0.6742843001743211	0.0135090215709681	0.0001824936638048	0.4546593174615739	0.0058636603654884	-0.0005485769471921	3.4382512881799555e-05	3.0093666699071374e-07	0.0006278014576912	1.776047430200058e-06	3.1543444743202306e-12	3.941346702791956e-07	-0.0004108433274341	0.0002071699450717	4.291938614105261e-08	1.687922396971231e-07	0.0	0.0	0.0	0.0	0.0	0.0	0.0	0.0	0.0	0.0	0.0	0.0	0.0	0.0	0.0
866.6671560789118	-2.400355659880347	751111.9594259089	5.761707293919616	872.9434066066852	-3.438566263011353	11.82373794511986	762030.1911380846	813.000185749849	0.5400718671097593	0.2916776216434215	660969.3020292891	810.554649313969	710.1698518864894	0.995592	17.49872	0.0461722640713285	0.0233295624740879	-0.0626437806	0.1225838017	-0.1455881559	-0.0745518435	-0.1121938217	-0.0074754952	0.1242952452	0.060164197	0.0084600659	-0.1247409281	-0.0922950645	-0.0647021411	-0.1533533832	0.0790465843	0.0547381263	0.0776385122	0.1074648572	0.0756484931	-0.091531998	-0.0535868394	-0.0061958114	-0.1804779538	-0.0948290366	0.0648713092	0.1053033525	-0.1528225684	0.0418801195	-0.0497242828	0.073254903	0.084691293	0.1333347726	-0.1415966168	-0.0230693574	0.0281757111	-0.0926034255	0.0667947005	-0.0526040639	-0.1133709696	0.0594013099	-0.0321851111	0.0069135894	-0.0429402589	-0.0082647107	0.0336659157	-0.0601528234	0.1438099536	0.0616744212	-0.0721140132	-0.0649694804	-0.0229434175	0.0287202885	0.0379101291	0.0275963242	0.1298462217	0.0703414751	-0.028610756	0.0665360845	-0.0629146164	0.152719399	0.1425091225	-0.0321710523460723	-0.0072526845403616	0.0010349766090537	5.2601433042000174e-05	-0.0631196989842237	0.0070388874167549	0.003984096399859	4.95459360657505e-05	-0.685809774603598	-0.0115254744292769	0.0001328365608199	0.470335046941838	0.0061357130971989	0.0002720527317105	3.764697521113812e-05	7.401268883114553e-08	0.0006268344731719	-9.669845192999916e-07	9.35059060565836e-13	3.929214567566935e-07	-0.000544927964903	-0.0001340846374689	1.7978690005166344e-08	2.969464869333252e-07	0.0	0.0	0.0	0.0	0.0	0.0	0.0	0.0	0.0	0.0	0.0	0.0	0.0	0.0	0.0
863.8335581500958	-2.833597928816061	746208.4161862549	8.029277222190673	870.0125140592542	-2.9308925474310854	8.590131124587078	756921.7746197039	813.3228258048064	0.3226400549573327	0.1040966050628706	661494.0189751154	811.3605552647301	714.1934407924888	0.897865	15.781042	0.0441451017669132	0.0243003342212222	-0.0990805078	0.0924286375	-0.1681642624	-0.0876365075	-0.1653252333	-0.0279975618	0.197012398	0.0366372441	-0.0521320726	-0.0806967114	-0.0773605204	-0.0808463258	-0.1824948287	0.0833692146	0.0713535622	0.0486981676	0.077244119	0.0411083399	-0.0432946221	0.0067226329	0.0648222551	-0.228467435	-0.0872947058	0.1096259862	0.1327823521	-0.1380169864	0.0143790134	0.0062161713	0.0510300718	0.0463785191	0.0689237326	-0.0965385401	-0.007892922	0.0501645151	-0.1044582639	0.0798086917	-0.0536006097	-0.1176591605	0.0785663729	0.0081569765	0.0429910576	0.0253021255	-0.0181061304	-0.0919870325	-0.0866608928	0.1699694941	0.039875456	-0.0516112662	-0.0281331465	0.0603962332	0.0900939805	-0.0651973099	0.0239333348	0.0452065992	-0.0006520207	-0.0004880223	0.0492293675	-0.0144718608	0.1513561561	0.1372005631	-0.0406068822053953	-0.008435829859323	0.0016489188824428	7.116322541544552e-05	-0.0627182427691934	0.0004014562150303	0.0039335779760554	1.6116709258646049e-07	-0.6711673072455682	0.0146424673580298	0.0002144018503309	0.4504655543152669	0.0065277227381249	0.000392009640926	4.261116414583285e-05	1.5367155857893165e-07	0.0006266591047172	-1.753684547000636e-07	3.0754094903888263e-14	3.927016335249626e-07	-0.0005660499222129	-2.11219573099e-05	4.461370806012381e-10	3.204125144372302e-07	0.0	0.0	0.0	0.0	0.0	0.0	0.0	0.0	0.0	0.0	0.0	0.0	0.0	0.0	0.0
863.7511560944752	-0.0824020556206051	746066.0596545424	0.0067900987705012	867.1793130422603	-2.8332010169938258	8.027028002694848	751999.9609684466	813.7543314234714	0.4315056186650281	0.1861970989394886	662196.111910461	812.0554443593725	682.7148285395748	1.135918	19.965107	0.0629898799753668	0.034221095237503	0.0082396353	0.1105400052	-0.0819882369	-0.209891321	-0.0959014481	-0.125034444	0.0947349921	0.1566716272	-0.1022297675	0.0199447829	-0.0681573304	-0.05123065	-0.1146264886	0.0770135014	0.0081097492	0.0648306025	0.0017274063	0.1259890648	-0.0933423301	-0.0849113672	0.1110429339	-0.0751748246	-0.072077973	0.0814087286	0.0935736402	-0.0948060231	0.0133643846	-0.0626629232	-0.0333205425	0.1395471364	0.0733094233	0.0347310061	-0.0299497378	-0.0225265123	-0.0745867811	0.0355817851	-0.0244096208	-0.136866503	0.0197684311	-0.0426550359	-0.0575324544	0.0397096772	0.13762939	-0.0986768299	-0.0049978085	0.2252253279	0.060221105	0.0848839677	0.0805738952	-0.0179742525	0.047112491	0.1028224919	0.135770408	-0.2421938474	-0.0837153582	0.0561780845	0.0975653865	-0.1199013064	0.1497707771	0.1310868562	-0.0389933400587807	0.0016135421466146	0.0015204805689397	2.603518258901667e-06	-0.0716654813196981	-0.0089472385505047	0.0051359412127839	8.005307767963758e-05	-0.6454588552777807	0.0257084519677874	0.00066092450258	0.416617133856503	0.0064041194125274	-0.0001236033255975	4.101274544991029e-05	1.5277782098761662e-08	0.0002959471203651	-0.000330711984352	1.0937041659410361e-07	8.7584698052395e-08	-0.0004859522859533	8.009763625960002e-05	6.415631334375192e-09	2.3614962422323786e-07	0.0	0.0	0.0	0.0	0.0	0.0	0.0	0.0	0.0	0.0	0.0	0.0	0.0	0.0	0.0
866.9814129607257	3.2302568662505564	751656.7704193764	10.434559421958864	865.7881788132507	-1.3911342290095945	1.9352544431221188	749589.1705727654	813.0756625816471	-0.678668841824333	0.4605913968631814	661092.0330825844	809.9399682523448	700.013643920705	1.387977	24.395342	0.2071449750131001	0.1152384892812248	-0.0864056416	0.0250882928	0.0584759343	-0.111378355	-0.1136366157	-0.0587171212	0.0573843795	0.1023644757	0.0288834619	0.2141950055	-0.0984179138	-0.1008924018	-0.0497632269	0.1643902445	0.025845339	-0.0697185755	0.0140488931	-0.0200809584	-0.0127233279	0.2464883232	-0.0471185462	0.0866523151	-0.0986688139	0.1062155811	-0.0297090714	-0.200532556	-0.049318699	0.0765987504	0.0120963064	0.0001496666	0.0223951057	0.1883220924	0.1772042031	-0.0889907259	-0.1163025027	-0.0357262118	-0.0595080916	-0.096960469	0.0468316503	0.0185681484	-0.0292074003	0.1592715435	0.0586067311	-0.084453507	-0.0415969617	0.0397370188	0.012642621	0.3489357744	0.0518622238	0.3586145895	0.2960994804	-0.0216370295	-0.060218832	-0.1363563865	-0.2807425755	-0.1030185863	-0.0084930734	-0.0161105459	0.1479655889	0.1242038795	-0.0412377643701233	-0.0022444243113426	0.0017005532102458	5.037440489345733e-06	-0.0432987069298889	0.0283667743898092	0.0018747780218004	0.0008046738892823	-0.694600567067269	-0.0491417117894883	0.0024149078376011	0.4824699477701717	0.0080589929388271	0.0016548735262997	6.494736718806507e-05	2.7386063880476047e-06	-0.0004980672016825	-0.0007940143220476	6.304587436167097e-07	2.480709373918361e-07	-0.0003869988438514	9.89534421019e-05	9.791783703814077e-09	1.4976810514232028e-07	0.0	0.0	0.0	0.0	0.0	0.0	0.0	0.0	0.0	0.0	0.0	0.0	0.0	0.0	0.0
869.9659592711092	2.9845463103835077	756840.7702905013	8.907516678823807	876.3665424413075	10.578363628056763	111.90177704739423	768018.3167105321	814.3497851190857	1.2741225374386431	1.6233882404090865	663165.5725235011	812.759444318127	687.8329777921625	1.190865	20.930872	0.1958416477657935	0.1038578594984469	-0.044287534	0.03173008	0.1485700098	-0.0295903208	-0.0574137454	0.0185750899	-0.1025716785	0.1598432629	0.077098809	0.1182593741	-0.0762350671	-0.1037787645	0.0642315778	0.1074736338	-0.046761718	0.0803800792	0.0517070499	0.0155195163	0.0694038341	-0.0130592994	-0.1913617245	-0.0166248422	-0.0743225453	0.07546376	-0.1216932639	-0.0928409591	-0.0278967399	-0.0660178241	0.0242589979	0.0219831655	-0.0371068958	-0.0168299259	-0.0013528054	-0.1114622067	-0.1097812793	0.0013283177	-0.0288730195	-0.088366813	0.0386157445	-0.0814344273	-0.0776001443	0.014883553	-0.0311641505	0.0457309415	-0.1001664048	-0.0157073871	-0.0538218115	0.2255343496	-0.0495811425	0.1452156862	0.0713468189	0.1164428738	0.0244024638	-0.1588771562	0.1327071895	-0.0613135777	-0.1048281935	0.0799261829	0.1459432408	0.1165920251	-0.028667295442915	0.0125704689272083	0.0008218138280113	0.0001580166890499	-0.0718140574260246	-0.0285153504961357	0.0051572588439883	0.0008131252139174	-0.6713515446469245	0.0232490224203445	0.0005405170435016	0.4507128964998114	0.0064211356636099	-0.0016378572752172	4.123098321048296e-05	2.682576453981911e-06	0.000316188934597	0.0008142561362795	6.630130554688197e-07	9.997544236158597e-08	-0.0005650215507968	-0.0001780227069453	3.1692084188167764e-08	3.192493528648208e-07	0.0	0.0	0.0	0.0	0.0	0.0	0.0	0.0	0.0	0.0	0.0	0.0	0.0	0.0	0.0
872.3917981670103	2.425838895901052	761067.4495090696	5.884694348866434	880.3805030866854	4.013960645377892	16.111880062642506	775069.8302151653	814.5700897288267	0.2203046097409924	0.0485341210731309	663524.4310808288	812.7982547356407	721.4042260839519	1.191932	20.949633	0.0905489343996415	0.0450671497735541	-0.1537672514	-0.0057633815	0.0427082234	0.0275428306	-0.0809519773	0.0638640023	-0.1248578476	0.0218524945	0.077712368	0.099286827	-0.0823529668	-0.0970742036	0.1196191763	0.0129790889	0.1033065142	0.1718681402	-0.0241540399	0.031122537	-0.0129684979	-0.0448494352	-0.2019348401	0.0674889111	-0.0786760096	0.0668481506	-0.1410927522	-0.0229373288	0.184532392	-0.0417160178	-0.0265157682	0.0247666504	-0.0080241759	-0.0306588548	-0.0465788013	0.0921320524	-0.1392230565	0.0800300311	-0.0101004213	-0.0455360825	0.0191451072	0.0186404798	0.0039777054	0.0834009136	-0.1436388172	0.0298938554	-0.1939120766	0.0754207023	-0.0531205809	0.0821476801	0.0091206137	-0.131634933	-0.0766063612	0.1541717624	-0.0698084386	0.1349532593	0.1966318408	0.0585840448	-0.0893223431	0.1144245861	0.1437067008	0.1082959623	-0.020257366791327	0.008409928651588	0.0004103609093183	7.072689992480075e-05	-0.1032344547598	-0.0314203973337754	0.0106573526495531	0.0009872413686123	-0.6675983001696864	0.0037532444772381	1.40868441059185e-05	0.4456874903894546	0.0061652196177034	-0.0002559160459065	3.800993293451486e-05	6.549302255241787e-08	0.0008572058238973	0.0005410168893002	2.9269927450817295e-07	7.348018245234489e-07	-0.0004226472072628	0.0001423743435339	2.0270453696737444e-08	1.786306618070442e-07	0.0	0.0	0.0	0.0	0.0	0.0	0.0	0.0	0.0	0.0	0.0	0.0	0.0	0.0	0.0
869.6408529005001	-2.7509452665101435	756275.2130335093	7.567699859334565	882.1621052736492	1.7816021869638234	3.1741063525942783	778209.979980837	818.2056022125887	3.635512483762	13.216951019589343	669460.407492065	815.635860215275	668.309779141482	2.2308	39.208961	0.4375974485810871	0.2827941337321948	0.0918434938	0.3381940923	0.0142491356	0.2993148637	-0.0644000732	0.1205875351	-0.0552924844	-0.0014268149	-0.0097846046	-0.1170370707	0.0537326689	-0.0859869013	-0.1708367475	-0.1249356422	-0.1313266241	-0.2067195285	-0.1205875267	-0.0940905709	-0.3848095923	0.1616952877	0.0058336975	0.1241808077	0.0323494235	0.1204212461	0.1498934011	0.0624264862	-0.1304051263	0.0272036213	0.0262713356	-0.2109454217	0.4025514486	0.1074840706	0.0069653309	-0.0882519605	-0.0557783549	-0.1109916009	0.1072204017	-0.1329338393	0.1764950047	0.006533599	0.0386853784	-0.3663927626	0.2598771109	0.3917867577	0.3872991818	0.0420874273	0.0550705401	-0.1460530146	-0.2704665481	0.1653525455	-0.0933764955	-0.1658350839	0.1258799247	-0.0037747233	-0.1094642527	-0.1529636727	-0.0985409157	0.1234105593	0.1412592515	0.0993643757	-0.0335202019967368	-0.0132628352054097	0.001123603941902	0.0001759027976858	0.1701875404888539	0.2734219952486539	0.0289637989376452	0.0747595874857549	-0.6134917932099029	0.0541065069597834	0.002927514095389	0.3763721803359022	0.0073862092446022	0.0012209896268987	5.455608700504701e-05	1.4908156689944703e-06	0.0004109528468285	-0.0004462529770688	1.9914171954276694e-07	1.6888224231644857e-07	-0.00069152682664	-0.0002688796193772	7.229624971642796e-08	4.782093519627885e-07	1.0	0.0	0.0	0.0	0.0	0.0	0.0	0.0	0.0	0.0	0.0	0.0	0.0	0.0	0.0
869.7978973018023	0.157044401302187	756548.3821506366	0.0246629439803623	876.7604087432685	-5.401696530380718	29.17832540632709	768708.8143396633	818.4586876326479	0.2530854200591648	0.0640522298465239	669874.6233613562	816.1850056697077	664.4529186436189	1.782969	31.337801	0.3815532842895878	0.2464303385388729	0.0633850509	0.1074574598	0.0928709023	0.0158731432	-0.0157275067	-0.0125412894	-0.0438121929	0.05017373	-0.0646623085	0.2455967282	0.0425421778	-0.0833292545	0.0263106053	-0.0410838241	0.0193561762	0.0749118848	-0.3197001985	0.0018974334	-0.3401116642	-0.0134866245	0.0995878768	0.0533937861	0.0367661466	0.0971945333	-0.033356216	-0.0079224375	0.1707865995	-0.0317570368	-0.1867017447	-0.1391043241	0.2492732116	0.1780402282	0.0004481075	0.0384429008	-0.0523564941	-0.0232932858	0.0871687423	-0.1801816586	-0.0409521141	0.1852700396	0.1992648966	-0.018061136	0.1330092147	0.2220315314	0.1279643378	-0.0906449547	-0.0364769864	0.1985104679	0.0644673607	-0.2010652452	-0.2456571082	0.2394420866	-0.0647191972	-0.3177921021	0.225584659	0.0009184192	0.0240836887	-0.2156948799	0.1386044847	0.0898496795	-0.0407614553551667	-0.0072412533584299	0.0016614962426712	5.24357502009723e-05	-0.0574277980439461	-0.2276153385328	0.0032979519881762	0.0518087423354011	-0.5779308345984049	0.0355609586114979	0.0012645817773686	0.3340040495796088	0.0056970727094737	-0.0016891365351284	3.245663745703001e-05	2.853182234305913e-06	0.0002661403445483	-0.0001448125022801	2.097066081665293e-08	7.083068299628783e-08	-0.0003027611883115	0.0003887656383285	1.5113872154496605e-07	9.166433714779156e-08	0.0	1.0	0.0	0.0	0.0	0.0	0.0	0.0	0.0	0.0	0.0	0.0	0.0	0.0	0.0
871.0349309762371	1.2370336744347696	758701.8509807781	1.5302523116855875	878.4822832228821	1.7218744796135752	2.96485172354452	771731.121936488	815.6452893295109	-2.813398303136978	7.915210012094027	665277.2380054215	814.0194678453048	714.7599119376833	2.114808	37.170261	0.563395124402104	0.3410244528664374	-0.1631206489	0.1086664392	0.2075600695	-0.0910286629	-0.2021650057	0.0330925776	-0.138107406	-0.0700709747	0.1534814867	3.5686e-06	-0.1251521508	-0.1475245964	0.1378597452	-0.1396772926	-0.0306734466	-0.2369054676	-0.2004422777	0.0575601651	-0.0364086465	0.0299518729	-0.1084368861	-0.1209436892	-0.1469522509	0.1052256441	-0.1403827824	0.1994570121	-0.122584242	0.1725557799	-0.1345341995	-0.054487166	0.180627769	-0.0794490705	0.0351930343	-0.1685888204	-0.2572021883	-0.2138087064	-0.0995617013	0.1465982783	-0.2605696022	-0.0383962214	-0.0073664641	-0.0121073266	-0.0804347076	-0.0247342439	0.1379998585	0.0482626446	0.0381178669	-0.1325315667	0.0817521881	0.108918081	-0.1382359191	0.1063714103	-0.2247741345	0.0102199476	-0.2686819582	0.4850498255	-0.3316293875	-0.0914823794	0.1357462967	0.0798077096	-0.0475588717006161	-0.0067974163454494	0.0022618462774356	4.620486897338275e-05	-0.2009193104099438	-0.1434915123659977	0.0403685692956073	0.0205898141210812	-0.8696096450625248	-0.2916788104641199	0.085076528473764	0.7562209347857703	0.0064269895234388	0.000729916813965	4.13061943343921e-05	5.327785553089623e-07	-0.0012218049093259	-0.0014879452538742	2.213981078526757e-06	1.4928072364528703e-06	-9.207555162006218e-05	0.0002106856366914	4.438843750807653e-08	8.477907206138736e-09	0.0	0.0	1.0	0.0	0.0	0.0	0.0	0.0	0.0	0.0	0.0	0.0	0.0	0.0	0.0
872.4703099597875	1.4353789835504358	761204.4417613277	2.0603128264182824	880.2144445077532	1.7321612848711538	3.0003827168064867	774777.4683200925	817.1291749047451	1.4838855752342397	2.2019164003882503	667700.0884805096	814.7508037423925	720.7769227579543	2.270903	39.913834	1.133062201788947	0.6035711035712316	-0.1426899509	-0.1209582582	-0.0514715528	0.2828564985	0.0546051819	-0.0496850386	-0.1995538947	0.1054758443	-0.1520365657	-0.0635147444	0.0177797782	-0.007307646	0.1162588709	-0.2811728408	-0.153766478	0.238150982	0.1114889086	-0.2500750098	-0.0349545983	-0.1047381981	0.022310416	0.1461366193	0.0174782228	-0.0073350514	-0.0630438932	0.2701054185	0.1269720505	-0.2983840429	0.137341641	-0.098340415	-0.0733775479	0.0667034446	-0.1850184548	-0.1709606366	0.0164469301	0.0715288554	0.2877300879	0.3045028327	0.2425752087	0.0579961431	0.0211821171	0.171911427	0.0106604495	-0.0335149607	0.1931684634	0.0453284484	-0.2275323798	0.0325630582	-0.1540828386	-0.018034545	-0.0724680483	-0.0168986224	0.0370397254	0.0085990581	0.1674094556	0.2110146523	0.1530143916	0.2812190367	0.1326888823	0.0692973963	0.0619864759421204	0.1095453476427365	0.003842323199723	0.0120001831901679	0.0833326131670588	0.2842519235770026	0.0069443244172506	0.0807991560572261	-0.4401998933102504	0.4294097517522744	0.1843927348999499	0.1937759460703558	0.0022731133162052	-0.0041538762072336	5.167044148309401e-06	1.7254687545021406e-05	-0.000228911061421	0.0009928938479048	9.858381932073985e-07	5.240027404088884e-08	0.0009582579695801	0.0010503335212001	1.1032005057567313e-06	9.18258336263776e-07	0.0	0.0	0.0	1.0	0.0	0.0	0.0	0.0	0.0	0.0	0.0	0.0	0.0	0.0	0.0
869.8910636064708	-2.579246353316762	756710.462542397	6.652511751097815	877.2545594231931	-2.959885084560142	8.760919713801599	769575.5620287806	816.9631920843549	-0.1659828203902407	0.0275502966646989	667428.8572206586	815.0918809415538	713.8646035534455	1.495611	26.287146	0.2506232028141468	0.1518898453039225	-0.1383505927	-0.0611912258	-0.1621223338	0.1438529888	0.0212509305	0.0412852891	0.0215207247	-0.1113604039	-0.169885036	0.1394210705	0.0591995359	0.0154341225	-0.0093395109	-0.2924676779	0.1406945966	0.1583586039	0.1275427516	-0.2619889277	-0.0127765868	-0.0824569628	-0.2184144996	0.1499050605	0.056688858	0.0431065375	0.1002090863	0.239186664	0.2547088032	-0.0603911205	0.1689770159	-0.0998420484	-0.0135666005	0.0347703871	-0.2165837028	-0.1590235852	0.0235842754	0.0579363415	0.2412576206	0.3452916766	0.0465781511	0.203205344	-0.0729329831	-0.0274759787	0.1927341002	-0.0338506616	-0.0716852608	0.0052008626	0.1756455361	-0.1781811852	0.0972497762	0.0250023847	0.0108439327	0.339396185	0.045739344	0.0417481395	-0.2660442972	-0.0044257971	0.2102369417	0.1365618427	0.1294367287	0.0583804184	0.0416840251023842	-0.0203024508397362	0.0017375579487361	0.0004121895100999	-0.0526512997728332	-0.1359839129398919	0.0027721593677687	0.0184916245784441	-0.3862448542007115	0.0539550391095389	0.0029111462453118	0.1491850873965288	0.0017110168319198	-0.0005620964842853	2.9275785991128694e-06	3.1595245764600666e-07	-3.1139439487404275e-05	0.0001977716219335	3.911361444224513e-08	9.696646915897127e-10	0.0010060258618607	4.7767892280599984e-05	2.2817715329310037e-09	1.0120880347325643e-06	0.0	0.0	0.0	0.0	0.0	0.0	0.0	0.0	0.0	0.0	0.0	0.0	0.0	0.0	0.0
867.4944300571252	-2.396633549345552	752546.5861801365	5.743852369848657	871.6028336100495	-5.651725813143571	31.94200466695336	759691.4995570676	816.5411053195212	-0.4220867648336934	0.1781572370477736	666739.3766764255	814.4897878861672	726.2211873195062	1.519156	26.700981	0.1831646253913011	0.0956242199508018	-0.1680633636	-0.0088153154	-0.1954244821	0.1210278562	-0.112739768	0.0117613001	0.1011289725	0.0691675229	-0.0515210449	-0.0206452455	-0.0026159653	-0.0708576556	-0.1085628726	-0.2179584525	0.0079020058	-0.1682598535	0.1606891957	-0.1865624208	0.2072588469	-0.0970497189	-0.1038766398	0.1644697692	-0.0151212518	0.1078275112	0.1319584872	0.210587635	-0.1154604547	0.069324354	0.1940107385	-0.0400376456	-0.2161298271	0.0760675302	-0.1652937808	-0.0739712812	-0.0598744106	0.084193854	0.227425791	0.3341373841	0.0577742738	0.0884500194	0.0062502419	-0.023192523	0.054187157	-0.3548925768	-0.1106990835	-0.0106823644	-0.1191448809	0.0156399519	-0.0304085101	0.0551172908	-0.372958897	-0.1686011542	0.0428311403	-0.0931560845	-0.0881681456	-0.2753980081	-0.1558234971	-0.2981607816	0.1259946088	0.0471208409	0.0634823657442922	0.021798340641908	0.004030010760492	0.0004751676547406	-0.1324007734764762	-0.0797494737036429	0.0175299648171691	0.006359978556008	-0.4234382658349318	-0.0371934116342203	0.0013833498689925	0.1792999649732944	0.0019252146312874	0.0002141977993675	3.706451376523079e-06	4.588069725392256e-08	-0.0003016435948872	-0.0002705041553997	7.317249808855684e-08	9.098885833647323e-08	0.0014097918953239	0.0004037660334631	1.630270097786059e-07	1.987513188120954e-06	0.0	0.0	0.0	0.0	1.0	0.0	0.0	0.0	0.0	0.0	0.0	0.0	0.0	0.0	0.0
864.3953519378871	-3.099078119238129	747179.3244518237	9.60428518914054	870.0406508693806	-1.562182740668959	2.44041491524398	756970.7341652154	814.9260003047469	-1.615105014774258	2.608564208748956	664104.3859726924	813.0147641543235	616.4341115422559	2.684491	47.183132	0.8724025773496213	0.4957054788299993	0.2717760046	0.2077195213	0.0733904731	0.1260859601	0.0851404794	-0.0982730282	0.0762046344	0.0911133423	-0.0448211215	0.0488481497	0.0290656558	0.1486535429	-0.2304667079	0.1178039357	-0.3044462947	0.039313111	-0.1121192489	-0.2170042521	-0.0428060151	-0.089744673	0.0750632672	0.3481774922	0.0395822194	-0.1015688998	0.201344809	-0.136501671	-0.1965392237	-0.193245183	-0.1015683008	-0.256437425	-0.1038786052	0.167494381	-0.1470054684	0.002619092	0.132519253	-0.2567058821	0.2020542598	-0.0742075744	0.1384901722	-0.0667224959	-0.0185875303	-0.1411213555	0.3034453741	0.0058106673	-0.1139749456	-0.1132570194	-0.4566618998	-0.001968082	0.3067727128	-0.1274190029	0.3034745178	-0.0470518904	-0.164189171	0.3456179099	-0.0547074623	-0.0506658259	-0.1782279074	-0.0894289053	0.1223675745	0.0355847396	0.0133512367539054	-0.0501311289903868	0.0001782555228588	0.0025131300938507	0.3036872088174931	0.4360879822939693	0.0922259207993596	0.1901727283012252	-0.2040050017859016	0.2194332640490302	0.0481509573712114	0.0416180407536657	0.0042442020219254	0.002318987390638	1.8013250802915652e-05	5.37770251793804e-06	-0.0005740879245204	-0.0002724443296332	7.422591274928377e-08	3.2957694508014054e-07	0.0006662195752704	-0.0007435723200534	5.528997951497446e-07	4.438485224734722e-07	0.0	0.0	0.0	0.0	0.0	1.0	0.0	0.0	0.0	0.0	0.0	0.0	0.0	0.0	0.0
866.0642608920571	1.6689089541699786	750067.3039945051	2.785257097308732	870.0170987079598	-0.0235521614207527	0.0005547043075891	756929.7520442159	816.5547623288156	1.628762024068692	2.652865731048342	666761.6798818685	814.195823565278	545.26963539849	2.499812	43.937168	0.7916320120134415	0.5112084832176061	0.6038630678	0.1821709511	0.1173636078	0.2212457774	0.3304668924	-0.1525739173	0.0435183018	0.00930438	-0.1024894398	0.1398448702	0.1286157852	0.4099103023	-0.1254545137	0.1592521059	-0.3985133969	-0.0190217662	-0.1918415032	-0.1289205792	-0.0653405217	0.1871946885	-0.1048285448	-0.1874227982	0.1561202929	-0.3953573133	0.1394160596	-0.1307933578	-0.2315160862	-0.182031884	-0.1789594385	-0.2606910879	0.0950236421	0.2148219492	0.1146843245	-0.0362353389	0.3960066316	-0.5308692457	0.0469100059	-0.1860282747	0.211546938	0.0044579832	-0.1995334632	0.0111059333	-0.2164793426	-0.0842753576	-0.0778475321	-0.1092397213	0.1972385485	-0.1114517482	-0.0912272253	0.011195785	-0.1423401954	0.0885708392	-0.0565488826	-0.2169403538	0.0341776615	0.0281972751	-0.0451970827	0.1058188964	0.1185609488	0.023839813	0.0313646563126468	0.0180134195587414	0.0009837416656104	0.0003244832841992	0.4884967484070728	0.1848095395895796	0.2386290732042829	0.0341545659233124	0.2387464241579238	0.4427514259438254	0.1960288251752907	0.0569998550481952	0.0020869480209476	-0.0021572540009778	4.355352042137104e-06	4.653744824734725e-06	-0.0013378091429949	-0.0007637212184744	5.832700995481748e-07	1.7897333030807485e-06	0.000666396894244	1.7731897359999672e-07	3.1442018398556333e-14	4.44084820658049e-07	0.0	0.0	0.0	0.0	0.0	0.0	1.0	0.0	0.0	0.0	0.0	0.0	0.0	0.0	0.0
865.8206608482487	-0.2436000438083283	749645.4167516981	0.0593409813434194	866.8693774008337	-3.147721307126062	9.908149427335404	751462.5174753091	816.3780195964304	-0.1767427323852644	0.0312379934510091	666473.0708801897	813.2202937806426	590.0761953798225	1.81847	31.961771	0.4479134978125084	0.2893881175806476	0.3946721513	0.057195275	-0.0265919328	0.0042639613	0.1868444543	-0.1098734346	0.1442172357	-0.2749154138	0.1325158834	0.0369426266	0.1023288629	0.2779560865	-0.027901526	0.1973765115	-0.1015380307	-0.0101282763	-0.146116537	-0.1744202215	0.2129861785	-0.0368155052	-0.0976365873	-0.0980956333	0.1180614855	-0.286636496	0.0434495488	-0.161417706	-0.0880482432	0.0284757242	-0.1277409181	-0.2302160148	-0.1362288179	-0.1261501064	-0.0829078081	0.0622428788	0.3135657382	-0.2585699131	0.0409113103	-0.1056163821	-0.0572795837	0.1049699889	0.0218114451	-0.0289669443	-0.1595626382	-0.1554438332	-0.1945001392	0.1335656422	-0.0643457335	-0.0399322582	-0.0207253184	0.0315004025	-0.0922758131	-0.0561891646	0.0653095133	0.0668123671	0.0296252517	0.0832476209	0.1834977929	-0.1276423949	0.1145803187	0.0119549848	0.0014119108780761	-0.0299527454345707	1.993492327629624e-06	0.0008971669590681	0.2233926185233343	-0.2651041298837385	0.0499042620107119	0.0702801996814141	0.1321438201574096	-0.1066026040005141	0.0113641151796904	0.0174619892057938	0.0020412590907566	-4.568893019100007e-05	4.16673867559646e-06	2.087478341998078e-09	-0.0006201550796645	0.0007176540633303	5.150273546146336e-07	3.845923228336823e-07	0.0008281342705963	0.0001617373763523	2.6158978909325546e-08	6.858063701360659e-07	0.0	0.0	0.0	0.0	0.0	0.0	0.0	1.0	0.0	0.0	0.0	0.0	0.0	0.0	0.0
866.7165151641672	0.8958543159184273	751197.517658318	0.8025549553496735	860.6735088811445	-6.19586851968927	38.38878671327651	740758.8888897814	817.6721196409131	1.294100044482775	1.6746949251303205	668587.6952380638	813.9643247558802	627.0955566611797	1.775159	31.200533	0.4681181660917012	0.2495850810708546	0.1852286395	-0.1702561546	-0.0077893098	-0.0831494361	0.229764986	-0.2097717352	0.0219122266	0.0167209423	0.0216405429	-0.0293831414	0.1284932305	0.1565950665	0.0937506463	0.0945968961	0.0825092501	0.1140042649	-0.00524755	0.140747331	0.1586109207	0.0043281246	-0.0570873821	0.0707335321	0.1427632489	-0.1684189971	-0.0659502534	-0.0599713888	0.0936320951	-0.0363100757	-0.0884543372	0.1152024832	-0.0649437624	-0.1606640067	0.1151485454	-0.3428502795	0.2196075196	-0.0034009288	0.0303814595	0.0077574958	-0.2525194808	-0.0445921385	0.1156562894	-0.0713539402	-0.0108735424	-0.0033427324	0.1615159336	0.1643928185	0.0916910738	0.2216934194	0.1672663128	-0.0686707331	-0.1191333823	-0.0009287457	0.1551476717	0.1471189183	-0.011941034	-0.1514791408	0.0502828227	0.0475230853	0.1104315261	-0.0	0.0012112793143188	-0.0002006315637573	1.4671975772966222e-06	4.025302437569958e-08	0.0247420845882544	-0.1986505339350799	0.0006121707497723	0.0394620346326923	-0.0017488282374671	-0.1338926483948767	0.017927241294194	3.058400204162284e-06	0.0004310071872191	-0.0016102519035374	1.8576719543452032e-07	2.5929111928461416e-06	-0.0003019891603197	0.0003181659193447	1.0122955223252177e-07	9.119745295059749e-08	4.906504951885277e-05	-0.0007790692210774	6.069488512302203e-07	2.407379084287474e-09	0.0	0.0	0.0	0.0	0.0	0.0	0.0	0.0	1.0	0.0	0.0	0.0	0.0	0.0	0.0
871.4927940519862	4.7762788878189895	759499.6900845376	22.812840014225404	876.8607179057392	16.187209024594722	262.0257360059208	768884.7186061683	818.6167030066462	0.944583365733024	0.8922377348195278	670133.3064414716	815.6499302704586	655.6932453572656	1.185957	20.84461	0.1238659233988675	0.0595417056718875	0.1065210857	-0.2213379278	-0.0009076649	-0.0353345366	0.1980294624	0.0513140027	-0.0386943178	-0.1728621744	0.0231719767	-0.0062804676	0.1450082837	0.127151464	0.1944188706	0.009001942	0.1377813368	0.1106362463	-0.1159566036	0.0248580981	0.0488487678	-0.0106073349	-0.1355625342	-0.042205032	0.156153595	-0.1539029408	-0.1320609494	0.0404812451	0.1821964441	0.0459332297	-0.1377834127	0.0336783205	0.0288449005	-0.1043131007	0.0676134229	-0.1355799936	0.1937247164	0.0308410316	0.0462621197	0.0086565647	-0.2213135493	0.0203316138	0.1712985161	0.0828013703	-0.1757339669	0.0709693953	0.0717060536	0.1071037628	0.0791777056	0.1074425602	0.1320489464	0.02128033	-0.0635549147	-0.0859681762	-0.0150429849	0.1589798251	-0.1377498933	-0.06906205	-0.0304904951	0.083441477	0.10612066	-0.0119549848	-0.0186937059413878	-0.0199049852557066	0.000349454641823	0.0003962084380298	0.0680692167474461	0.0433271321591917	0.0046334182686107	0.00187724038114	-0.0149795201557765	-0.0132306919183094	0.0001750512086372	0.0002243860240973	-3.0004525560009933e-05	-0.0004610117127791	9.002715540812893e-10	2.1253179931952854e-07	0.0001849991278235	0.0004869882881432	2.371575927886444e-07	3.422467729545569e-08	4.900276912796667e-05	-6.228039088610111e-08	3.878847088925546e-15	2.4012713822088033e-09	0.0	0.0	0.0	0.0	0.0	0.0	0.0	0.0	0.0	0.0	0.0	0.0	0.0	0.0	0.0
871.9206439685289	0.4278499165427547	760245.6093784941	0.1830555510856422	879.8488488169763	2.9881309112371355	8.928926342690874	774133.9967645585	818.8851321218165	0.2684291151703064	0.0720541898711136	670572.8596101648	816.2478313901726	662.1397358248993	1.135511	19.95796	0.1458774621854431	0.0586491851128555	0.0750268568	-0.1940438222	0.0256811712	-0.0753726921	0.1765436489	0.0866763383	-0.0668131977	-0.1570334872	-0.0199183731	-0.1000234496	0.153355556	0.0920345182	0.0793727372	-0.1032633236	0.0804515095	-0.0197904836	-0.1317635785	0.0164349289	0.0752564304	-0.1029540093	0.0084205218	-0.1962935809	0.1499386171	-0.1041551001	-0.0366233526	0.1476819087	0.0506447099	0.103341454	-0.1229244089	0.0212099449	0.0471281053	-0.1843476541	-0.0417968436	-0.053815234	0.1699472667	0.0370248632	0.1026149032	0.0759774664	-0.2273960619	0.0363306749	0.0042311412	0.0758936099	-0.1068445265	0.1213932823	0.2372970958	0.1572759871	0.0822198181	-0.0134489472	0.0445685009	0.1074266182	0.0781392222	-0.1022902235	-0.0364979139	0.1372086603	0.1921197871	-0.0419986413	-0.1138005902	-0.1194508215	0.1016540472	-0.023839813	0.0055825953898533	0.024276301331241	3.116537128681132e-05	0.0005893388063252	0.0426776386178744	-0.0253915781295717	0.0018213808379978	0.0006447322399101	-0.047798675248714	-0.0328191550929375	0.0010770969410142	0.002284713355532	-0.0004659022952055	-0.0004358977696454	2.170649486777529e-07	1.9000686558191275e-07	0.0006820663382727	0.0004970672104492	2.4707581170374934e-07	4.652144898047293e-07	-0.0002858408034112	-0.0003348435725391	1.121202180707922e-07	8.17049648947603e-08	0.0	0.0	0.0	0.0	0.0	0.0	0.0	0.0	0.0	0.0	0.0	0.0	0.0	0.0	0.0
871.7838945353375	-0.1367494331914258	760007.1587712005	0.0187004074781762	870.1909990035041	-9.65784981347224	93.27406301958575	757232.3747467165	818.7525819872246	-0.1325501345918383	0.0175695381803144	670355.790510747	816.6962530376968	680.07876548223	1.122984	19.737789	0.0658986192176642	0.0357895388113199	0.024964712	-0.276218238	0.0306647869	0.0099391517	0.1802582476	-0.0317736408	-0.0207811646	-0.083680917	0.0824219187	-0.0890290535	0.1170471618	0.0955794569	0.111690428	-0.0715368701	0.0266326774	-0.0530413656	-0.0699563396	0.0320335602	0.1915604245	0.0095230197	0.1208588403	-0.1118182373	0.1185852095	-0.1095936255	-0.0820759356	0.1182121433	-0.0578387463	0.0637901881	-0.0560849887	-0.0735747669	-0.1229612543	-0.2157542138	0.0157384207	0.1551630355	0.1658109565	0.0631121449	0.0218253157	0.0923341664	-0.1764919803	0.0406100978	0.1978375655	0.1198134188	-0.1673515523	0.1033062933	0.0332923697	0.0329916179	-0.0640808646	-0.0181966845	-0.0975056969	-0.0182160894	0.1972911444	-0.139576286	0.0829718618	-0.0275611789	-0.0243245493	0.0215366853	-0.0007271392	-0.0013870291	0.0970382431	-0.0355847396	0.0181637482799885	0.0125811528901352	0.0003299217515787	0.0001582854080449	0.0436673055621241	0.0009896669442496	0.0019068335750559	9.794406605405377e-07	-0.0166414622042339	0.0311572130444801	0.0009707719246991	0.0002769382642949	-0.0002514738750799	0.0002144284201256	6.323910984770115e-08	4.5979547357560834e-08	0.0006820094681296	-5.6870143100057516e-08	3.2342131762210186e-15	4.651369146184199e-07	-7.691436690391535e-05	0.0002089264365072	4.365025587163245e-08	5.915819836230108e-09	0.0	0.0	0.0	0.0	0.0	0.0	0.0	0.0	0.0	0.0	0.0	0.0	0.0	0.0	0.0
871.8862226839715	0.102328148634001	760185.585306124	0.0104710500028622	870.0526760299771	-0.1383229735270106	0.019133245005354	756991.6590669242	819.2700286079067	0.517446620682108	0.2677510052553333	671203.3797752003	817.2133850644473	662.6896398668243	1.119191	19.671124	0.1854986647854319	0.088759267662079	0.04427199	-0.1873037215	0.1305606757	-0.0224993659	0.1490604077	-0.0185232084	-0.0669384193	-0.0069040255	-0.0135393199	-0.0690661429	0.1259720638	0.0491816276	0.153551649	-0.0571839724	-0.0103698283	-0.0301673995	-0.1110003218	0.1481486815	0.1701652858	-0.1398903327	0.2557511664	0.0093262841	0.1246148701	-0.0625345591	-0.1196183146	0.1510539385	-0.0534639388	-0.0041963748	-0.1032990508	0.0444887391	-0.105790057	-0.2105005292	-0.0413269175	0.0443894029	0.1114172326	0.0534907479	0.0523700398	0.0757830422	-0.2668535863	-0.1062147331	-0.0382419296	-0.0093411847	0.0463574817	0.1466414117	-0.0954293351	-0.1541892957	-0.0443416543	-0.074094091	-0.0695277778	0.0486083552	0.1692392659	-0.0090493074	0.283874298	-0.1920130615	-0.0922771798	0.1026199596	0.0929099279	-0.1436224148	0.092280022	-0.0471208409	0.0059909443993433	-0.0121728038806452	3.589141479602286e-05	0.0001481771543166	-0.0267746543002118	-0.0704419598623359	0.0007168821128958	0.0049620697092469	-0.058036924773674	-0.0413954625694401	0.0017135843213379	0.003368284637185	-0.0006882333006991	-0.0004367594256192	4.7366507619117773e-07	1.907587958672135e-07	0.0008493119321979	0.0001673024640683	2.7990114483324813e-08	7.213307581737302e-07	0.0005487925128688	0.0006257068797727	3.915090993949073e-07	3.0117322218085205e-07	0.0	0.0	0.0	0.0	0.0	0.0	0.0	0.0	0.0	0.0	0.0	0.0	0.0	0.0	0.0
872.5943680498459	0.7081453658744294	761420.93115231	0.5014698592094295	876.1945614676944	6.141885437717292	37.72275673004373	767716.9095455653	818.4884847243441	-0.7815438835626765	0.6108108419342304	669923.3996263528	816.8909534024704	683.3164348587181	1.050535	18.464405	0.21185086713477	0.1167142409660765	-0.0344072351	-0.0885273677	0.0551528538	-0.0506859859	0.0569406759	0.0970756592	-0.0850898815	-0.076712379	-0.062588396	-0.0285048494	0.0703002216	-0.0205784175	0.034611753	-0.0462197176	0.013361612	0.0130067621	-0.2119541689	0.1924766219	0.167188977	-0.0619583753	0.0766864688	0.1003362325	0.0678500737	0.0312101086	-0.0143977713	0.1055758732	0.004559546	0.0445693571	-0.2320425152	0.0071282237	-0.1224583108	-0.1518817484	0.0335443886	0.1020767877	0.0354932764	0.0444603554	0.0969625538	0.0371707089	-0.2466359489	-0.1041534767	0.0094151621	-0.0356532693	0.128316481	0.0269548136	-0.1655835652	-0.2032614691	-0.0570241227	-0.0166356279	-0.210586778	-0.0841757066	0.1266711453	0.091024026	-0.0798696997	-0.0796567859	0.0697612052	0.1605294407	0.0860951897	0.0792009078	0.0873863672	-0.0583804184	-0.0095521320441491	-0.0155430764434924	9.124322658886008e-05	0.0002415872253282	-0.0581772461478493	-0.0314025918476374	0.0033845919693474	0.0009861227747493	-0.1553764297532609	-0.0973395049795869	0.009474979229671	0.02414183492287	-0.0001429690585355	0.0005452642421636	2.0440151698527225e-08	2.9731309378224504e-07	0.0006820060241001	-0.0001673059080977	2.7991266884429483e-08	4.6513221690882636e-07	-8.995121415086534e-05	-0.0006387437270196	4.079935488069728e-07	8.091220927214838e-09	0.0	0.0	0.0	0.0	0.0	0.0	0.0	0.0	0.0	0.0	0.0	0.0	0.0	0.0	0.0
867.5336855156563	-5.060682534189596	752614.6955043777	25.61050771185163	874.3075644432465	-1.886997024447851	3.560757770275043	764413.7172426817	816.8418627700985	-1.646621954245575	2.7113638602035155	667230.6287737244	813.9531991847953	667.1834195434764	1.263692	22.21089	0.0701293566468215	0.0346605036830633	0.0070461525	0.0144788279	-0.093382713	-0.162954774	0.0058739652	0.0853349674	0.0125326379	-0.1245139272	-0.2893834295	-0.0670309682	0.0369358849	0.0289270317	-0.2238544218	-0.1972301721	0.1074784924	-0.0777680584	-0.1417652026	0.1981094253	0.1384338494	0.1037222947	-0.1167120606	0.0970752869	0.0196814765	0.039003941	0.2747857307	0.1784931519	-0.0026280863	0.1124865601	-0.1436878633	0.064445358	-0.0890631003	-0.0156633288	0.2108006383	-0.0409405339	0.0304332754	0.0384116848	0.1413258165	-0.0161703969	-0.1899427821	-0.1137824563	0.0315128091	0.027296172	0.1559049614	-0.1804602715	0.0430507648	-0.139705635	0.1821568976	0.0481300723	-0.1929291488	-0.0019118741	0.0535079099	0.0860002898	-0.1314901818	0.0002241563	0.0458161745	-0.0445637971	-0.1267194444	0.0572091079	0.0823644609	-0.0692973963	-0.0192681536114491	-0.0097160215672999	0.0003712617435943	9.440107509623872e-05	-0.0309965073850548	0.0271807387627944	0.0009607834700717	0.0007387925596912	-0.1458990659083099	0.009477363844951	8.982042544958468e-05	0.0212865374329173	0.0001820240056892	0.0003249930642247	3.3132738647141925e-08	1.0562049179415997e-07	0.0005319916762882	-0.0001500143478119	2.2504304549429713e-08	2.83015143639929e-07	-9.004845154978555e-05	-9.723739892020647e-08	9.455111748767368e-15	8.108723626514075e-09	0.0	0.0	0.0	0.0	0.0	0.0	0.0	0.0	0.0	0.0	0.0	0.0	0.0	0.0	0.0
863.5990319330268	-3.934653582629494	745803.2879556611	15.481498815299112	870.4792741984991	-3.82829024474745	14.65580619802849	757734.1668091457	816.3875099199996	-0.4543528500988714	0.2064365123929674	666488.5663533774	813.9384964106433	677.9235631516543	1.23585	21.721542	0.1905742423507498	0.0999326877761824	-0.0144993233	-0.0184971458	-0.1874989074	-0.0423267722	-0.0531333607	0.0515247732	0.1838938745	-0.0449791365	-0.1565872456	-0.1475389665	0.0179499243	0.0338291522	-0.2202554475	-0.2343366102	0.106683714	-0.0056219872	-0.0891074666	-0.0083133928	0.2490860712	0.0895232719	-0.0960871536	-0.0252364771	0.0062013709	0.0299622645	0.2690756585	0.1811361015	0.0245599498	0.0841486598	0.0043575468	-0.080945126	-0.1626579471	-0.1426809146	0.1409058409	-0.0694947805	0.040392639	0.0191501343	0.0603860373	0.0310315744	-0.1192376745	-0.0591318636	0.2557946851	-0.1329338863	0.1108701953	-0.2098430512	-0.0730779409	-0.0888773785	0.0303514101	0.0626198658	-0.1087680013	-0.0329113948	0.141377601	-0.0441027302	-0.0508799729	-0.0939206242	0.1650888488	0.0780192576	-0.0714557347	0.1254125996	0.0772216734	-0.0798077096	0.0121422965332556	0.0314104501447047	0.0001474353651015	0.0009866163782929	-0.0418667654485744	-0.0108702580635196	0.0017528260491259	0.0001181625103675	-0.0563409961816887	0.0895580697266212	0.0080206478531583	0.003174307850745	0.0009359633687363	0.0007539393630471	8.76027427616203e-07	5.684245631518669e-07	0.0003895880183932	-0.000142403657895	2.02788017818762e-08	1.5177882407554038e-07	0.0001883178158262	0.0002783662673759	7.748777881283869e-08	3.546359975755058e-08	0.0	0.0	0.0	0.0	0.0	0.0	0.0	0.0	0.0	0.0	0.0	0.0	0.0	0.0	0.0
862.5548846696447	-1.044147263382115	744000.9290674641	1.0902435076283596	867.6560197951477	-2.8232544033513705	7.970765426042902	752826.9686867577	816.7224083214788	0.3348984014792222	0.1121569393133383	667035.4922544364	814.4528482000983	653.2467944633376	1.644081	28.896688	0.4010587448910871	0.2098563048978761	0.0615103799	-0.1055596076	-0.2115933261	-0.0228361202	0.0707107856	-0.0920597449	0.1877799405	-0.005983466	-0.041967233	-0.1149352444	0.0616683096	0.1322538693	-0.1739332126	-0.0513112796	0.06518614	-0.0980858529	0.2017811719	0.1295037876	-0.1868341148	-0.0914037242	-0.0661065608	-0.0603213791	0.0591896746	-0.0919668745	0.2083719729	0.0129941478	-0.0616563391	0.0547166019	0.1454031916	0.1915384588	0.1911966887	0.0075757791	-0.0671146839	-0.1116850269	0.1138631972	0.038761124	-0.304964013	0.1069304841	0.0437774531	0.0232926321	0.0624223605	-0.0559246333	0.1030789305	-0.1160571155	0.1103328448	0.0672978198	0.0058677493	0.0230821107	-0.1153011407	-0.2630968657	-0.0210242875	0.0788225443	-0.0237372809	-0.0623053505	-0.0479187175	0.0318509088	-0.1600471221	0.0928021239	0.0719655524	-0.0898496795	0.0998665822351654	0.0877242857019098	0.009973334247333	0.0076955503019102	-0.0762989988668607	-0.0344322334182863	0.0058215372280852	0.0011855786981713	0.1177397019663573	0.174080698148046	0.0303040894677111	0.0138626374191266	0.0007653103851107	-0.0001706529836256	5.85699985558288e-07	2.9122440820319304e-08	0.0017788670475495	0.0013892790291563	1.9300962208534715e-06	3.164367972857476e-06	-0.0003481807238488	-0.0005364985396749	2.878306830734075e-07	1.212298164598743e-07	0.0	0.0	0.0	0.0	0.0	0.0	0.0	0.0	0.0	1.0	0.0	0.0	0.0	0.0	0.0
862.2693402713221	-0.2855443983225996	743508.415171941	0.0815356034134154	853.8522520561439	-13.803767739003774	190.54400379236137	729063.6683413488	815.1199129627237	-1.6024953587551636	2.5679913748318404	664420.4725083582	811.8341398662268	648.8741540289152	1.263005	22.19882	0.3448028910045817	0.1640397052596772	0.0660597563	-0.1873268651	-0.0542467662	-0.0234102371	0.1150263083	-0.2303617683	0.1592209515	-0.0486707589	0.1611469322	0.0222918239	0.0098534372	0.229588139	0.0413900453	0.1739205822	0.1225320914	-0.1682637592	0.2573540617	0.024195948	-0.2237221344	0.0298950586	0.2896307983	0.0372350851	0.0369373533	-0.2429467235	-0.0198036665	-0.1511169408	-0.039230078	0.1696925386	0.2619884462	0.1900764365	0.0617380087	0.1724482758	-0.015831527	0.0185758872	0.1222646775	-0.0002213727	-0.4779612542	0.1078662107	0.1167752058	0.1386299929	-0.0942036478	0.0334187421	0.0432564557	-0.1592640846	0.2578621836	-0.0464745168	-0.2418957331	0.0719244352	-0.2071772082	-0.0843137534	0.0360564598	0.0600936491	0.2062847151	0.1314809324	-0.0403638442	0.1041789748	-0.1453632011	-0.0654513209	0.066603812	-0.0993643757	0.1608112980136127	0.0609447157784473	0.0258602735688229	0.0037142583813157	-0.0346226374688001	0.0416763613980606	0.0011987270252959	0.0017369190993817	0.2424323091390761	0.1246926071727188	0.0155482462835299	0.0587734245145045	0.0005351019469451	-0.0002302084381656	2.863340936244366e-07	5.299592500264489e-08	0.0032662463053048	0.0014873792577553	2.212297056400707e-06	1.0668364926917256e-05	-0.000980377161035	-0.0006321964371862	3.99672335190925e-07	9.61139377879046e-07	0.0	0.0	0.0	0.0	0.0	0.0	0.0	0.0	0.0	0.0	0.0	0.0	0.0	0.0	0.0
863.4775538813295	1.2082136100074194	745593.4860568843	1.459780127407161	861.5603163173433	7.708064261199411	59.41425465477962	742286.1786528407	814.8343109917026	-0.2856019710210375	0.0815684858511015	663954.9543693227	811.5748823380715	653.5994710907128	1.2913	22.696131	0.3850355051023602	0.2044053077511338	0.0469848863	-0.1040893093	-0.0968391628	0.039653649	0.0965446131	-0.1525684629	0.0673640174	-0.1168536416	-0.014443264	0.0262629649	0.0089769093	0.1686498182	0.0941472634	0.0613447645	0.1778390928	0.1353799452	0.0830999969	0.0115443569	-0.1589007993	0.0813115729	-0.0342284603	-0.0311268625	0.0200713756	-0.17396971	-0.0233401379	-0.0525210764	0.2278085786	0.0137712085	0.1146326592	0.1145628809	0.0802189467	0.0090356467	-0.0183491031	-0.057373408	0.1035759815	0.0103020097	-0.2448238284	0.0708927087	0.1069631399	0.0563498678	0.0551264307	0.0008950031	0.0752053639	0.0911097757	-0.0069324582	0.0602614285	0.0909327831	0.003667881	0.1281962407	-0.0970131552	0.0747670596	0.0889072408	-0.1405650319	0.0064591601	-0.2577239861	-0.0583098986	0.1438836557	0.1526839122	0.0611443214	-0.1082959623	0.1095580066228905	-0.0512532913907222	0.0120029568151813	0.0026268998783822	0.0328217311475071	0.0674443686163072	0.0010772660355192	0.0045487428580523	0.0893286864160103	-0.1531036227230658	0.0234407192909268	0.0079796142168099	0.0004740208721203	-6.10810748248e-05	2.2469578720568979e-07	3.730897701752816e-09	0.0010637677386979	-0.0022024785666069	4.850911836362786e-06	1.1316018018944437e-06	-0.0009792523550214	1.124806013599964e-06	1.2651885682306422e-12	9.58935174814958e-07	0.0	0.0	0.0	0.0	0.0	0.0	0.0	0.0	0.0	0.0	0.0	0.0	0.0	0.0	0.0
866.6279179292857	3.150364047956145	751043.9481344487	9.92479363465463	871.4413524914339	9.881036174090582	97.63487587368664	759410.0308320996	817.3170336113601	2.4827226196574657	6.163911606158829	668007.1334312732	814.5168845661672	663.4182716103628	1.186099	20.847103	0.192008773010572	0.0991078028118179	0.0097985647	-0.0871082266	0.0433289905	-0.0760885869	0.0731916895	0.0052014351	-0.0330119575	-0.0413067429	0.0939473981	0.0775428376	0.0398223327	0.0626022574	0.0940412702	-0.0106518129	0.04598583	-0.1469970191	0.1007046755	-0.0278735663	-0.0150455499	-0.0465425465	-0.0211865351	-0.0873075104	0.0446227536	-0.0726418369	-0.0679455596	0.0394623353	-0.0495381871	0.1415208791	0.1241222314	0.0704905365	0.0333748204	0.0278111971	-0.0996920831	0.0697997387	0.054407662	0.0356748858	-0.171261156	0.0512538747	0.0081957898	0.027254072	-0.1635481756	0.0192449484	0.1096699385	0.0107318027	0.018583965	-0.0356433373	-0.0995545131	-0.0015752986	0.0086983209	0.1295720371	-0.0191363093	-0.0029432817	-0.1823416995	-0.1276569262	0.0649173516	-0.070145093	0.1659722153	-0.1835161278	0.055595093	-0.1165920251	0.082018063539806	-0.0275399430830845	0.0067269627468196	0.0007584484650195	-0.0503231319276267	-0.0831448630751338	0.0025324176070053	0.0069130682557827	0.0494075703825416	-0.0399211160334687	0.0015936955053576	0.0024411080111058	0.0001892134645475	-0.0002848074075728	3.5801735166068046e-08	8.1115259408339e-08	0.0015489119413616	0.0004851442026637	2.3536489737819734e-07	2.399128202092561e-06	-0.0009211469488802	5.810540614120002e-05	3.3762382228338052e-09	8.485117014313018e-07	0.0	0.0	0.0	0.0	0.0	0.0	0.0	0.0	0.0	0.0	0.0	0.0	0.0	0.0	0.0
866.2894494509699	-0.3384684783158036	750457.4102300645	0.1145609108134156	864.8217374327555	-6.619615058678392	43.81930352508172	747916.6375362099	815.7865274683933	-1.5305061429668283	2.342449053659198	665507.6583989395	812.3985281283539	663.4953674098768	1.189105	20.899929	0.1034141108293015	0.0570606016216053	-0.0010516773	-0.0834555717	-0.0004140938	0.0996913024	0.0573080219	-0.0630359802	-0.057027143	-0.0275607689	0.091814055	-0.0126932951	0.0107563722	0.1053336379	0.0707217629	0.0327282948	0.0743095242	0.0502608417	0.1074530846	0.1643471407	-0.142047143	0.0087485589	-0.1029121931	0.2190476425	0.0154244892	-0.0993162172	-0.0234047026	-0.0222151176	0.1071587412	-0.001826884	0.0143220032	0.2183607801	0.0489617705	0.1345759498	0.0391785781	0.0476132022	0.0384359767	0.0286076675	-0.1411420914	0.0736150794	0.0901925243	-0.065200702	0.0667584495	-0.0794125806	0.0808994546	0.092204797	-0.1329726023	-0.1071542143	0.1318975001	0.1452107951	0.0543597595	-0.115820732	0.0113334154	0.0491806431	-0.0203300229	-0.0272241815	-0.0272225943	-0.0701607932	0.0365373688	0.1523733749	0.0499642712	-0.1242038795	0.0984348233447747	0.0164167598049687	0.009689414446917	0.000269510002494	-0.0066676831125249	0.0436554488151018	4.445799808904973e-05	0.0019057982112479	0.0188860063111206	-0.030521564071421	0.0009315658733658	0.0003566812343836	0.0002231591465319	3.394568198440001e-05	4.9800004680846027e-08	1.1523093253860195e-09	0.0016494105225592	0.0001004985811975	1.009996482273058e-08	2.720555071929013e-06	-0.000799184449306	0.0001219624995741	1.4874851302386717e-08	6.386957840125346e-07	0.0	0.0	0.0	0.0	0.0	0.0	0.0	0.0	0.0	0.0	0.0	0.0	0.0	0.0	0.0
867.7778037922881	1.4883543413181997	753038.3167545669	2.215198645320732	872.552584741846	7.73084730909045	59.76600011647105	761348.0131396763	817.507986528812	1.721459060418738	2.963421296697764	668319.3080383923	814.8658042100509	673.4519484772358	1.128721	19.838614	0.0681245559228148	0.0425788165548325	-0.0199807861	-0.0722304127	0.0292239044	0.0108074724	0.0442020966	0.0578264607	0.0011729425	-0.0088971255	0.2040200715	0.0428070899	0.0270403326	0.0419356605	0.0998541697	-0.0777278417	0.0315917711	-0.2308779619	0.125047687	-0.0311257602	0.054849523	0.0101908938	-0.1181055915	-0.0285136443	0.0251948354	-0.0539309491	-0.0706014339	0.0926697258	-0.1286036433	0.151057525	0.1709769202	-0.0012343252	0.0515888451	0.0043235795	-0.0187185296	0.0171259311	0.0236674911	0.030230579	-0.1104823537	0.0922502099	0.0085505769	-0.0382111786	-0.0684616412	-0.0264793585	0.0264393938	0.0474760964	0.0163591923	-0.112794004	0.0469111201	-0.0050468754	0.0497282109	0.2443506606	-0.0201707144	-0.1545327072	-0.1943929598	-0.0569423635	0.1453119296	0.0370114544	0.0635014139	-0.0946783649	0.0442601199	-0.1310868562	0.1032743439540837	0.004839520609309	0.0106655901191463	2.3420959727926613e-05	-0.0066610833081881	6.599804336799783e-06	4.437003083862212e-05	4.3557417284041225e-11	0.0187869698224716	-9.9036488649e-05	9.808226083923503e-09	0.0003529502351104	-0.0005041274111901	-0.000727286557722	2.541444467132322e-07	5.289457370431161e-07	0.0013666377613572	-0.000282772761202	7.996043447780334e-08	1.867698770767419e-06	-0.0005456557878196	0.0002535286614864	6.427678219508565e-08	2.977402387810283e-07	0.0	0.0	0.0	0.0	0.0	0.0	0.0	0.0	0.0	0.0	0.0	0.0	0.0	0.0	0.0
869.3395943963592	1.5617906040711205	755751.3303852263	2.4391898909648355	865.4989277393142	-7.053657002531736	49.75407710936499	749088.3939179027	816.1581888310524	-1.3497976977596409	1.821953824877227	666114.1891959837	812.663767023705	663.6982122291287	1.159325	20.376524	0.0353970126263611	0.0229648367601416	-0.0061696354	-0.0837598849	0.148700203	-0.0727974393	0.0622412927	-0.0271341102	-0.1842477434	0.1153986692	0.1221630416	-0.0821174653	-0.0139547112	0.0094975524	0.122887151	0.1121039251	-0.1225942063	-0.0028996449	0.0283595006	0.0250232162	0.036293865	-0.1445256337	0.044895936	0.0390100024	-0.0068514077	-0.0409799959	-0.1563675552	-0.096839017	-0.0887250892	-0.0760897281	-0.0413144289	0.091209097	-0.0190532298	-0.0006026834	-0.1442145977	0.0481548456	0.0178950361	0.0129422017	-0.069216524	0.0353762315	-0.0103446473	-0.0878353314	-0.1828194777	0.0490316857	0.0835225451	0.0908640086	-0.0900962041	-0.0034278056	-0.0647691055	0.0640419796	-0.0608080438	-0.0124294506	-0.0889491946	-0.0749857275	0.0635288202	-0.0132696715	0.0255285877	0.0463063309	0.0895499186	-0.0296343251	0.0384910108	-0.1372005631	0.1031677062075004	-0.0001066377465833	0.0106435756041171	1.13716089963645e-08	-0.0270259218617923	-0.0203648385536042	0.0007304004524797	0.0004147266493143	0.0186796965246429	-0.0001072732978286	1.1507560427044374e-08	0.0003489310622527	-0.0004962543917421	7.873019447999998e-06	2.462684213233217e-07	6.198443522858619e-11	0.0012216034778771	-0.00014503428348	2.103494338458598e-08	1.4923150571614265e-06	-0.0004021978301808	0.0001434579576387	2.0580185609895723e-08	1.6176309460214367e-07	0.0	0.0	0.0	0.0	0.0	0.0	0.0	0.0	0.0	0.0	0.0	0.0	0.0	0.0	0.0
868.9878654493755	-0.3517289469837124	755139.9102982619	0.1237132521462711	871.8134091768651	6.314481437550853	39.87267582517429	760058.620420588	815.4663734882721	-0.6918153427802736	0.4786084685061874	664985.406290114	812.7107772176176	668.7620195246725	1.101149	19.354002	0.051668891429781	0.0272407429926561	-0.0356100988	-0.0164924089	0.0313767482	-0.0786934535	0.0004154775	0.0625545828	-0.1267383818	-0.1320307716	-0.0441324012	-0.0346000265	-0.0270175072	0.0645218223	-0.0088752055	-0.0127393353	0.0782672993	-0.1525915109	0.06979149	-0.0279642918	-0.0111137527	-0.0423994179	-0.0013649651	0.0440072556	-0.0276617643	-0.0542969562	0.0119079029	0.0414284723	-0.0098556703	0.1340728985	0.0555903332	0.0575495194	-0.0189525114	0.107022877	-0.0202822613	-0.0184960007	-0.002072995	0.0238170404	-0.0464147363	0.0355447661	-0.0175217674	-0.0203655056	-0.1191905033	0.0858875846	0.0362602484	-0.0037391272	0.0237698608	-0.0518753687	0.0739590906	-0.0365972821	-0.0283833993	0.1223791405	-0.0396133275	-0.0411833389	-0.1544297828	0.0721318847	0.0781098476	-0.0526224737	0.020713094	0.0265232323	0.0326654109	-0.1425091225	0.0871515148823647	-0.0160161913251357	0.007595386546291	0.0002565183845633	-0.0294749542559884	-0.002449032394196	0.0008687729283926	5.99775966782188e-06	-0.0019456410931013	-0.0206253376177442	0.0004254045518459	3.7855192631644215e-06	-0.0005088296382517	-1.2575246509599972e-05	2.589076007633559e-07	1.5813682477720627e-10	0.0010645808285185	-0.0001570226493586	2.465611241159385e-08	1.1333323404491358e-06	-0.0003202291241949	8.196870598589997e-05	6.718868761002914e-09	1.0254669198263273e-07	0.0	0.0	0.0	0.0	0.0	0.0	0.0	0.0	0.0	0.0	0.0	0.0	0.0	0.0	0.0
867.1860168961344	-1.801848553241029	752011.5879001828	3.2466582088167915	859.617448751637	-12.195960425228122	148.7414506937305	738942.1581982732	815.6904528436951	0.2240793554229867	0.0502115575267812	665350.9148603524	812.7794884951855	672.3862371036632	1.052667	18.501879	0.0263753789079197	0.017701330209677	-0.0279016279	-0.0757211119	0.0884526082	0.0099565683	0.0378713196	-0.0754513499	0.0083946449	0.0594185089	0.0777561942	-0.0195027467	-0.0317254842	0.0483450918	-0.0185935789	-0.0155418241	-0.0294796193	-0.151652297	0.0883686648	0.011263782	0.0249922189	-0.1227764283	0.0495071562	0.0216889668	-0.0256940105	-0.0484467502	-0.0058543291	-0.0064044325	-0.1381546836	0.0255495583	0.0691096518	0.0551502526	-0.0575832535	0.0657912247	-0.1223949967	0.1569929936	-0.0035902499	0.0114362098	-0.0628409091	0.0530407406	0.0237607939	-0.0692047292	-0.0604936899	-0.0049196351	0.0485742917	0.0539230966	-0.0690590423	-0.0052388415	-0.0213339946	0.0362647098	-0.0757485067	-0.0198948158	0.0138857707	-0.1515059059	-0.0216210033	-0.1137568958	0.008854851	-0.0373669374	-0.0152126198	-0.0657851271	0.0267918699	-0.1469813818	0.0834647692314973	-0.0036867456508673	0.006966367702867	1.3592093494189636e-05	-0.0330238336625683	-0.0035488794065799	0.0010905735897729	1.2594545042446924e-05	-0.0019676560113737	-2.2014918272400064e-05	4.846566265404541e-10	3.871670179095058e-06	-0.0001818594768416	0.0003269701614101	3.3072869317100445e-08	1.0690948645254687e-07	0.0010640221240598	-5.587044587000364e-07	3.121506721713007e-13	1.1321430804887284e-06	-0.0002654032114197	5.482591277520003e-05	3.0058807116338422e-09	7.043886463188999e-08	0.0	0.0	0.0	0.0	0.0	0.0	0.0	0.0	0.0	0.0	0.0	0.0	0.0	0.0	0.0
867.5620031067784	0.3759862106439868	752663.8292346458	0.1413656305944244	865.3318397654274	5.714391013790419	32.654264658488685	748799.1929118193	815.6910631952576	0.0006103515625	3.725290298461914e-07	665351.9105766097	812.8579238136474	669.7941826821885	1.005959	17.680923	0.075880213866939	0.0424722052184838	-0.0224105063	-0.0292347698	0.0083064548	-0.036337633	0.003256777	-0.0353252694	-0.0052535788	-0.0732107183	0.0243972507	0.0630311221	-0.0110021914	0.0511871886	-0.0365899916	-0.028873814	0.1286277949	-0.0816620004	0.0995191807	0.0120230801	-0.0712246165	0.0280466821	0.0714295378	-0.0011681755	-0.0051472182	-0.0506677325	0.0387795898	0.0161441635	0.0222608722	0.1175248315	0.0892266224	0.0820416426	-0.0304942729	0.1479359828	0.065462753	0.115201422	0.0017768199	0.0052036995	-0.06966043	0.0193437883	0.0398648135	0.0429207937	0.0389876694	0.1307304919	-0.0198435113	0.0125837104	-0.0245958453	-0.0326834293	0.0021865575	-0.0805511858	0.0173860208	0.0590327177	-0.0557910475	0.0080373935	-0.1348036318	0.0250296887	-0.0070145071	-0.2542009426	0.0205047168	0.1109595458	0.0208790082	-0.1505910958	0.0871658741216379	0.0037011048901405	0.0075978896113892	1.369817740782264e-05	-0.0072350128942559	0.0257888207683124	5.234541158004914e-05	0.0006650632766201	0.0274632224082864	0.0294308784196601	0.0008661766045528	0.000754228585047	-0.0003519492603112	-0.0001700897834696	1.2386828183360085e-07	2.8930534440735422e-08	0.0010640143508073	-7.773252500009598e-09	6.042345442890545e-17	1.13212653872388e-06	-9.631257236528126e-05	0.0001690906390544	2.8591644215831715e-08	9.276111595617542e-09	0.0	0.0	0.0	0.0	0.0	0.0	0.0	0.0	0.0	0.0	0.0	0.0	0.0	0.0	0.0
865.4478434755156	-2.114159631262851	748999.9697764205	4.4696709464614734	866.2019609660772	0.8701212006498054	0.7571109038202588	750305.8371814776	814.8507555351882	-0.8403076600693566	0.7061169635712374	663981.7537962671	811.6612405744429	674.2455764141778	1.099361	19.322586	0.034481928237485	0.0173579896759358	-0.0319207466	0.0626279512	-0.1296936391	0.0724638057	-0.0460206257	0.0225988019	0.1009723298	-0.0291689103	0.117252346	-0.1141741897	-0.0503214836	0.0412494572	-0.0653242773	0.0153379717	0.0443118737	-0.0199506022	0.0957170026	0.006585662	-0.041690936	-0.0830344925	-0.065885592	-0.0380045641	-0.0518840136	-0.0357210835	0.0628615831	-0.0532427295	-0.023029366	0.0216999297	0.0984235708	0.009992009	0.0418649678	-0.0791350902	-0.0909223256	0.1221025953	-0.0097931794	0.0032666014	-0.0546382659	0.0201860476	0.0783271674	-0.010980349	0.1145653254	-0.0271644959	-0.0102223875	0.0617817468	-0.1660130281	0.0855635628	0.0563628749	-0.0395614037	-0.0147255778	-0.0013258457	-0.0137888715	-0.1217808071	0.0247146388	-0.010561765	-0.0450845405	-0.1252533393	-0.0366197624	0.0364835405	0.0149355036	-0.1533170814	0.0807422894786498	-0.0064235846429881	0.006519317310254	4.12624396656326e-05	-0.0200326093829943	-0.0127975964887383	0.0004013054386916	0.0001637784758885	0.0248214128676949	-0.0026418095405915	6.979157648760275e-06	0.0006161025367485	-0.000179991813814	0.0001719574464972	3.239705304005364e-08	2.9569363405837402e-08	0.0010640014147369	-1.2936070399984304e-08	1.6734191739335002e-16	1.1320990105621249e-06	-1.5904203629540668e-05	8.04083687357406e-05	6.465505762742826e-09	2.5294369308989456e-10	0.0	0.0	0.0	0.0	0.0	0.0	0.0	0.0	0.0	0.0	0.0	0.0	0.0	0.0	0.0
863.8826423246051	-1.565201150910525	746293.2197097415	2.449854642811632	864.7841058190847	-1.4178551469924514	2.010313217852986	747851.549677314	814.0092116630608	-0.8415438721274313	0.7081960887152304	662610.9966723177	811.2912064965675	664.8108903186635	0.960265	16.877808	0.0558928582693384	0.0379585962780159	-0.0101110803	0.0612842031	-0.0995302215	-0.0666501437	-0.0641011833	-0.0277359453	0.099762631	-0.0669444748	0.0068184078	-0.0732179462	-0.0580779328	0.015721707	-0.0905320208	0.0879517589	0.0201250141	0.0559097981	0.0783819752	-0.0376291327	0.0208845302	-0.0517563005	0.0244732176	-0.2039259924	-0.0580752431	-0.0212474208	0.0796819718	-0.1121709404	0.0161462695	-0.0203198065	0.022597632	0.0636524341	-0.0107101017	-0.0911521782	-0.0725351554	-0.0022744412	-0.0100911251	-0.0007187636	-0.0518798895	-0.0008507703	0.0421395646	0.0543325931	0.0720264597	0.150347611	0.0245772077	0.0403823961	-0.0235868965	0.2372158449	-0.0554149871	-0.1577765131	0.1068915785	0.0116782979	0.0369647447	-0.0601332137	-0.0416508288	-0.0854627879	0.1488741374	-0.0571380148	-0.0370440043	0.0337729348	0.0089700792	-0.1551433414	0.0888980513454953	0.0081557618668455	0.0079028635330263	6.651645162869135e-05	-0.0113390339506054	0.0086935754323889	0.0001285736909329	7.557825379863584e-05	0.0212719747732847	-0.0035494380944102	1.2598510786050314e-05	0.0004524969107552	-0.0008889922787197	-0.0007090004649057	7.903072716232448e-07	5.026816592364987e-07	0.0010640053127559	3.8980190000294235e-09	1.5194552124590386e-17	1.1321073055727805e-06	-1.5026909040363236e-05	8.77294589177432e-07	7.696457961999994e-13	2.2580799530735036e-10	0.0	0.0	0.0	0.0	0.0	0.0	0.0	0.0	0.0	0.0	0.0	0.0	0.0	0.0	0.0
866.6277258105192	2.745083485914165	751043.6151435125	7.535483344638664	857.7332675470782	-7.050838272006558	49.714320337992426	735706.3582569876	814.9969835125032	0.9877718494424244	0.9756932265509074	664220.0831344795	811.0962019650195	650.4989941773815	1.26964	22.31543	0.1516309387941073	0.0746751019314285	0.0251504913	-0.0547491554	0.1548839038	0.0267792715	0.0203950636	-0.1521075461	-0.0622149854	0.0922154245	-0.0016672201	0.0980090695	-0.0602453848	-0.0011387975	0.1926577408	0.1548157273	-0.016201537	0.0703711281	-0.0488620059	-0.1171733079	-0.0424318421	0.028928953	0.087703404	-0.0093467487	-0.0548609478	-0.0547804223	-0.217814544	-0.1219135763	0.0424445314	-0.0650809346	-0.0206079314	-0.1083746245	-0.0306104084	-0.0062925254	-0.0413083157	-0.0622777088	-0.0275697637	-0.0187173402	0.0152652018	-0.011828369	0.0164148506	0.0168488622	-0.0040303956	0.0421100458	-0.0409215281	0.2265138087	-0.026751374	-0.0481023782	-0.0593903037	0.076879907	0.1836549429	0.1511455186	0.0074242139	0.0471718576	0.2787362579	0.0082035285	0.0512650804	0.0718848562	-0.0025422412	-0.0789952697	0.0029914899	-0.1560591586	0.0713002064389485	-0.0175978449065468	0.0050837194382366	0.0003096841453548	0.029993315427987	0.0413323493785924	0.0008995989703627	0.001708363105154	-0.0160863318029527	-0.0373583065762374	0.0013956430702441	0.0002587700708746	-0.0001719881677858	0.0007170041109339	2.9579929858316493e-08	5.140948950961124e-07	0.0014530018067246	0.0003889964939687	1.5131827231994093e-07	2.111214250344952e-06	-1.587506279237768e-05	-8.481537520144459e-07	7.193647870561823e-13	2.520176186619342e-10	0.0	0.0	0.0	0.0	0.0	0.0	0.0	0.0	0.0	0.0	0.0	0.0	0.0	0.0	0.0
872.2488118100044	5.621085999485217	760817.9897039646	31.596607813608724	870.8318191263717	13.098551579293485	171.57205347541185	758348.0572029457	814.6393450841971	-0.3576384283061316	0.12790524540128	663637.2625592096	811.9610145360537	683.8340164432435	1.32457	23.280891	0.2283542010147461	0.1151448160828535	-0.087793093	-0.0150675579	0.1599800762	0.0768708641	-0.03519422	0.0518316262	-0.1852290002	-0.0040342565	0.1156995295	0.0876273878	-0.0840529357	-0.031539763	0.1820750355	0.0944814065	0.0544872122	0.0818772915	-0.0380602333	-0.0015143419	-0.1364277427	-0.0064358315	-0.1898331634	0.1207562057	-0.0719667062	-0.0005169369	-0.1848618347	-0.0905952092	0.1447849982	-0.0356332863	-0.0502605395	-0.0259825238	0.0973541816	0.1002772227	0.0006965843	0.1004528696	-0.084980192	0.0148439892	0.0567590347	0.0591117703	0.0328955835	-0.0105038854	-0.1831150207	0.0272052592	-0.1191026641	0.2030310509	-0.1529425604	-0.1356257878	0.0707012345	0.0925509471	0.0487696912	0.0048659672	-0.1159033037	0.2418942421	0.2748148379	0.2227274932	0.0124128465	-0.0489025032	-0.3091144273	-0.0174572306	-0.0029914899	-0.1560591586	0.0808379056115313	0.0095376991725828	0.0065347669836588	9.096770550668672e-05	-0.0681113097986667	-0.0981046252266537	0.0046391505224899	0.0096245174908621	-0.0601535768456784	-0.0440672450427257	0.0019419220856556	0.0036184528073289	-0.0008074099133862	-0.0006354217456004	6.519107682343111e-07	4.037607947818595e-07	0.0019043284778863	0.0004513266711616	2.0369576410190126e-07	3.626466951688752e-06	0.0004302691519012	0.0004461442146935	1.9904466030454916e-07	1.8513154307777798e-07	0.0	0.0	0.0	0.0	0.0	0.0	0.0	0.0	0.0	0.0	0.0	0.0	0.0	0.0	0.0
867.9127312724153	-4.336080537589169	753272.5091047437	18.801594428459573	866.1497895345523	-4.682029591819401	21.921401098672543	750215.4579107492	815.8105867908487	1.1712417066515854	1.3718071354001184	665546.9135200288	813.0893796328392	682.58244027502	1.433134	25.189045	0.1496152402871657	0.094598779951956	-0.0569355514	0.1509305112	-0.0486651124	-0.0981444343	-0.091071357	0.125732067	0.0252838909	-0.1136851832	-0.0212069842	-0.1858814322	-0.0103864058	-0.083835669	-0.1326095693	-0.0002587504	-0.0980649527	0.0118856777	0.0542422711	0.0729152488	-0.0171368997	-0.1181773431	0.0253808779	0.0531194949	-0.0223515774	0.1096024587	0.126128016	-0.0124859436	-0.071346679	-0.0539183113	-0.0679092573	0.0927577309	0.0656079258	-0.0360704504	-0.0853071955	0.0807472381	-0.061532621	-0.0101680778	0.0707281571	5.87665e-05	0.0400439978	-0.093012138	-0.142000268	0.0579482567	0.0734205798	0.0453093103	-0.1167877323	0.0872254352	0.1262807699	-0.1433241554	-0.1214325678	0.0717263794	0.0309891715	-0.0645764964	0.1188523064	0.1157368835	0.1241158958	0.0995926351	-0.0687372174	-0.1427363037	-0.0089700792	-0.1551433414	0.0741355590276526	-0.0067023465838786	0.0054960811123425	4.492144973043039e-05	0.0186508503209807	0.0867621601196474	0.0003478542176956	0.0075276724286273	-0.0312729288756088	0.0288806479700696	0.000834091827171	0.0009779960804588	-0.0011399516422071	-0.0003325417288208	1.299489746570664e-06	1.1058400140719293e-07	0.0017712096744404	-0.0001331188034459	1.772061583086818e-08	3.137183710831268e-06	0.0005100103319058	7.974118000460002e-05	6.358655788526022e-09	2.601105386506643e-07	0.0	0.0	0.0	0.0	0.0	0.0	0.0	0.0	0.0	0.0	0.0	0.0	0.0	0.0	0.0
866.6949659895981	-1.2177652828171404	751160.1640717107	1.4829522840347098	862.9761736213817	-3.173615913170579	10.071837964329529	744727.8762382012	816.1793483760932	0.368761585244556	0.1359851067520779	666148.7287156242	813.5533507806042	669.2688707874619	1.369164	24.064682	0.1290242819226226	0.0631675563738469	-0.0332666643	-0.0058449173	0.0588084206	-0.0051705787	-0.0337040468	-0.0720039524	0.0168758507	0.0897753193	-0.0494122972	0.1887616033	-0.0203119566	-0.0385272932	0.0175352987	-0.0216851878	0.0044957939	-0.0176153567	0.0017975564	-0.0049011999	-0.0966202195	0.044781109	0.0818743252	0.1142142552	-0.0175330161	0.0472015044	-0.0071893606	0.0116722643	0.0217815308	-0.0059906494	-0.0161030792	0.0347378346	0.0425245002	0.2470667464	0.056991586	-0.0497068733	-0.0515956251	-0.0043819506	-0.0060904452	-0.0075463466	0.0627430654	-0.0015171754	-0.0498722245	0.1114168505	0.005079598	0.0169307149	-0.015212345	-0.0717879783	0.1118108344	0.0636921055	0.0748849051	0.0778413114	-0.0397314464	-0.0295098114	0.0537064044	-0.0016452617	-0.0357943633	-0.0488831845	0.0479447654	0.1308134086	-0.0149355036	-0.1533170814	0.1044143231213468	0.0302787640936941	0.010902350872889	0.0009168035550415	0.0186412132112394	-9.63710974129922e-06	0.0003474948299868	9.287388416584434e-11	-0.0243486340339416	0.0069242948416671	4.794585905433898e-05	0.0005928559793188	-0.0008883048289852	0.0002516468132219	7.890854691984253e-07	6.332611860473782e-08	0.0010646625183208	-0.0007065471561196	4.992088838206944e-07	1.133506277917188e-06	-0.0003680274163031	-0.0008780377482089	7.709502872797557e-07	1.354441791507353e-07	0.0	0.0	0.0	0.0	0.0	0.0	0.0	0.0	0.0	0.0	0.0	0.0	0.0	0.0	0.0
867.1413549295256	0.4463889399274876	751934.1294290135	0.1992630856895861	869.5160703714183	6.5398967500366325	42.77024950113971	756058.1966341533	814.9104258338517	-1.268922542241512	1.610164418208662	664079.0021327095	811.5502549910301	663.2482524938326	1.173605	20.627512	0.1445241748568335	0.0955175702940843	-0.0285958654	0.0671439339	0.0616005655	-0.0110960769	-0.0706235918	0.0799960476	-0.0132151363	-0.011933893	0.1740307014	0.0064440488	-0.0587731043	-0.036782908	0.0415590854	0.0685699732	0.0264798075	0.011359032	0.0168407925	-0.0506796911	0.0205764283	0.2205060469	-0.0330120128	0.0139346825	-0.052603488	0.0129624765	-0.0695773464	-0.0724905057	0.0062863677	0.0451977999	0.0838138116	-0.1047778891	0.04003951	-0.0708170713	0.1268685566	0.0040986167	-0.0660455742	0.0132666076	-0.0204538481	-0.0449345368	0.0069347677	0.0767366926	0.0144718754	0.0219806089	-0.072478278	0.0297180978	0.0236009378	-0.0116119742	-0.2252781402	-0.1361379141	-0.0582604829	0.1010205049	-0.1067160084	0.1740762618	-0.0366004042	0.1400373851	0.0407089135	-0.0355741065	0.1134799776	-0.0624772608	-0.0208790082	-0.1505910958	0.0907836816123506	-0.0136306415089961	0.0082416768470926	0.0001857943879467	-0.0732323413570696	-0.091873554568309	0.0053629758206383	0.008440750029016	-0.0421384552653449	-0.0177898212314032	0.0003164777394452	0.0017756494121494	-0.0008883655171833	-6.068819810003869e-08	7.891932921203521e-07	3.68305738862954e-15	0.0013240897835009	0.0002594272651801	6.7302505918826e-08	1.7532137547714604e-06	-0.0002029122187188	0.0001651151975843	2.7263028473302436e-08	4.117336850538613e-08	0.0	0.0	0.0	0.0	0.0	0.0	0.0	0.0	0.0	0.0	0.0	0.0	0.0	0.0	0.0
868.159822685724	1.0184677561983335	753701.4777257077	1.037276570415668	869.0713370879951	-0.4447332834232611	0.1977876933844347	755284.9889479155	815.0616303562281	0.1512045223763607	0.0228628075870633	664325.4612789525	811.825270278462	671.949748261417	1.031363	18.127439	0.0779625069287907	0.0488467957417348	-0.0448521278	0.0818331874	0.0268032483	-0.0828511374	-0.0548410351	0.0250282658	-0.0913968772	-0.0586699595	-0.1209891438	0.0490585357	-0.0457419003	-0.085334072	-0.0137885099	0.0350941559	-0.0056704157	0.1612185664	-0.0528062101	-0.0339889103	-0.0237172669	-0.0590194599	-0.1257389595	-0.0797938933	-0.048532412	0.0730957075	-0.0169276249	-0.0671456331	0.110619518	-0.1117299447	-0.0521769472	-0.015795747	0.0520866428	-0.0514329766	-0.0830755514	-0.118318625	-0.0720177772	0.0061604861	0.0396527766	-0.0440692309	0.0198256358	0.0297547168	-0.1089411548	0.1059050312	0.034075925	0.0549268552	0.0170106162	0.1147481607	0.0121064124	-0.0772503395	0.0456373591	-0.0451131189	-0.026285542	0.1001395114	0.0177826226	0.0241430698	0.0954152429	0.0097156033	-0.0011464018	-0.0804641288	-0.0267918699	-0.1469813818	0.0909302378101415	0.0001465561977909	0.0082683081482088	2.1478719110925638e-08	-0.0295399596829071	0.0436923816741625	0.0008726092180677	0.0019090242163606	-0.0592316064803526	-0.0170931512150077	0.0002921758184591	0.0035083832062433	-0.0008889954968828	-6.29979699500057e-07	7.903129934778965e-07	3.9687442178218213e-13	0.0014680033748817	0.0001439135913807	2.0711121784119838e-08	2.155033908664061e-06	-6.84743296250741e-06	0.0001960647857562	3.8441400213660906e-08	4.6887338176033005e-11	0.0	0.0	0.0	0.0	0.0	0.0	0.0	0.0	0.0	0.0	0.0	0.0	0.0	0.0	0.0
865.0949699878892	-3.0648526978347945	748389.3070983469	9.393322059425218	866.1674057183238	-2.903931369671227	8.432817399760609	750245.9747288114	814.375296242064	-0.6863341141640831	0.4710545162653966	663207.1231293494	811.9365977655092	680.7968658531902	1.046164	18.387573	0.1082119325946536	0.055510059260085	-0.0452472226	0.1443339854	-0.1088029126	-0.073014708	-0.097452306	0.0542257064	0.0270435558	-0.0308121097	-0.1936023081	-0.0199103024	-0.0658442999	-0.0649610099	-0.1252563498	-0.0173927129	0.0302342529	0.1886574572	-0.0536071561	0.0307229745	-0.0005592613	-0.0945277196	0.0388871208	-0.0608025309	-0.0691844362	0.0900407405	0.1363347709	-0.0035973074	0.1062213538	-0.0645376974	-0.1415558685	0.105464703	-0.0702691853	-0.0072229554	-0.0354346407	0.0040887645	-0.0752416454	0.0101342065	0.0291737776	-0.0716928546	0.0546885706	0.030161357	0.0562225629	0.0467556797	0.08100241	-0.000733323	0.035678385	0.1478106814	0.0817598378	-0.1716674199	0.0663675548	-0.138276708	0.0943180281	0.0391014439	-0.0908974723	-0.0729884523	0.0657805754	-0.0163933976	-0.0044453984	-0.1625569997	-0.0326654109	-0.1425091225	0.0744450085338286	-0.0164852292763129	0.0055420592956018	0.0002717627842926	-0.009526344184124	0.0200136154987831	9.075123351439316e-05	0.0004005448053331	-0.0689537841766565	-0.0097221776963039	9.452073915850904e-05	0.0047546243522809	-3.530295230681703e-05	0.0008536925445759	1.2462984415773979e-09	7.287909606646167e-07	0.0013640066112958	-0.0001039967635858	1.0815326836341553e-08	1.860514035658652e-06	-0.0002889763272657	-0.0002821288943031	7.9596713000742e-08	8.350731771997294e-08	0.0	0.0	0.0	0.0	0.0	0.0	0.0	0.0	0.0	0.0	0.0	0.0	0.0	0.0	0.0
860.5986312893207	-4.496338698568479	740630.0041770522	20.217061692244485	866.9047963577888	0.7373906394649339	0.5437449551705041	751523.9259481392	814.6145097433265	0.2392135012624976	0.0572230991862629	663596.7994843601	812.299206841114	671.0117572476105	1.235231	21.710663	0.1226099828906926	0.0736538194145538	-0.0352667848	0.1473542394	-0.2195067102	0.0907043967	-0.13994106	0.0585382424	0.2070577642	0.0894278066	-0.0403374717	-0.0564847159	-0.0565358301	-0.0657677716	-0.1472404083	-0.0506178142	-0.0012632299	0.1013586618	0.0361511532	-0.0113800815	-0.0480684542	0.0690919238	0.0588458948	-0.0603802645	-0.0613345723	0.1119537964	0.1561186992	-0.003717681	0.0396630577	-0.0590619605	0.027551285	-0.0375317742	0.0721872565	-0.1113212699	-0.0005744784	0.0459644257	-0.0814612914	0.0104315893	-0.0053349553	-0.0451023022	0.1016869084	0.0449659347	0.1778614427	-0.2248566792	-0.0248292083	-0.0897621715	-0.0655661581	0.0855856094	0.1257407654	-0.0333029668	0.0430570708	-0.0608571491	0.0115871431	-0.0215325235	0.0981350398	0.0410722198	0.003442239	0.0929745656	0.051535982	-0.0686616537	-0.0384910108	-0.1372005631	0.0772459642326452	0.0028009556988165	0.0059669389902311	7.845352826733164e-06	-0.0760389824330189	-0.0665126382488949	0.0057819268494489	0.0044239310468283	-0.0418500598822362	0.0271037242944202	0.0007346118706279	0.0017514275121467	0.0001126134060111	0.0001479163583179	1.2681779213420853e-08	2.1879249058034423e-08	0.0010639861505445	-0.0003000204607513	9.001227686942234e-08	1.1320665285505035e-06	-0.0002130598533637	7.591647390199998e-05	5.763311009713044e-09	4.5394501115361355e-08	0.0	0.0	0.0	0.0	0.0	0.0	0.0	0.0	0.0	0.0	0.0	0.0	0.0	0.0	0.0
859.8854314430484	-0.7131998462722322	739402.9552079976	0.5086540207227357	860.2148998238448	-6.6898965339439656	44.75471563487548	739969.6738789474	814.0087817368518	-0.6057280064746919	0.3669064178278044	662610.2967447137	811.2037700288532	653.6292493551167	1.055681	18.55485	0.0676295147998542	0.0353314145961008	0.004575356	0.0974980139	-0.0788211928	0.0428295895	-0.1275591699	-0.0963352715	0.1304091264	0.107808539	0.0355506362	0.0649983046	-0.087999902	-0.0759852	-0.0361807047	0.044809445	0.0447580343	-0.0427868461	0.0119988452	-0.0984013889	0.128343241	0.2018772255	0.0979919539	0.1140193604	-0.0882839794	0.0732153331	0.0092285372	-0.0604230541	0.0013412497	0.0536507321	0.1483897568	-0.1503998362	-0.1212996236	-0.0132632831	0.2076095027	-0.1363838202	-0.077720036	0.0020438142	-0.0248079942	-0.0632699937	0.0747882585	0.0314211392	0.1795302673	-0.1839449104	-0.0579995177	-0.1481339624	0.0342067371	-0.0977393177	0.0038797667	0.0520014785	0.1589391167	0.0584687683	-0.0453905049	-0.0163788789	0.0437047397	-0.0072159046	0.0619215633	0.0410308956	0.0310980672	-0.0651721022	-0.0442601199	-0.1310868562	0.0790702171454995	0.0018242529128543	0.0062520992394364	3.3278986900574145e-06	-0.0665413012559099	0.009497681177109	0.0044277447728297	9.020594774201064e-05	-0.0535240648754751	-0.0116740049932388	0.0001362823925821	0.002864825520794	7.006570257841509e-06	-0.0001056068357532	4.9092026778069234e-11	1.1152803757815715e-08	0.0016459964332382	0.0005820102826936	3.387359691612004e-07	2.709304258232876e-06	-8.005457477616679e-06	0.000205054395886	4.2047305272206585e-08	6.40873494259288e-11	0.0	0.0	0.0	0.0	0.0	0.0	0.0	0.0	0.0	0.0	0.0	0.0	0.0	0.0	0.0
862.0160545338465	2.130623090798053	743071.6782740994	4.53955475504185	858.6008794266364	-1.6140203972083782	2.605061842604691	737195.4701521934	814.8934009203587	0.8846191835068566	0.7825510998283377	664051.2548635484	811.6172198468101	664.2602428430234	1.009552	17.744083	0.0507927157106298	0.0243762661632617	-0.0436461035	0.0044615234	-0.0036406646	0.2025030642	-0.0861820576	-0.07098824	0.0468297684	0.1182820756	0.0484089052	0.0340292	-0.0691187142	-0.0927342806	0.1305735357	0.0476846575	0.0135692219	0.0737120287	0.0832519515	-0.1985650389	0.0723806642	0.2155735213	0.0425441519	0.041921783	-0.0685819713	0.0491230011	-0.1549116222	-0.0280927445	0.0771533351	-0.0523500809	0.1865696771	-0.1676021502	-0.1315223975	-0.0219715129	0.1090000549	-0.1148375161	-0.0836083193	0.0125755917	0.0126355045	-0.0022000088	0.1073514713	0.0252685356	0.1180790979	-0.2118611864	-0.1510695772	-0.1160857068	0.0390638384	-0.1006533204	0.0189317934	0.1170612419	0.164102065	0.094915253	-0.0041547144	-0.0314036641	0.0718389403	-0.0381260476	-0.0122276849	0.1388295522	0.0668429434	0.0722153032	-0.0499642712	-0.1242038795	0.0742075448674768	-0.0048626722780227	0.0055067597152585	2.364558168345048e-05	-0.0595268140242097	0.0070144872317002	0.0035434415878728	4.920303112368514e-05	-0.0658344420847214	-0.0123103772092463	0.0001515453870339	0.0043341737646065	-0.0001639949030804	-0.0001710014733382	2.6894328236349788e-08	2.9241503883849322e-08	0.0012850048703916	-0.0003609915628466	1.303149084464308e-07	1.6512375169301325e-06	-7.89491382924611e-06	1.1054364837056929e-07	1.2219898195076064e-14	6.232966437122146e-11	0.0	0.0	0.0	0.0	0.0	0.0	0.0	0.0	0.0	0.0	0.0	0.0	0.0	0.0	0.0
867.4452166812891	5.429162147442639	752461.2039432487	29.47580162322397	863.391403418745	4.790523992108547	22.94912011896761	745444.71549739	816.7247535294615	1.8313526091028507	3.3538523788678187	667039.3230277597	813.2872907488826	668.8110176364518	1.23276	21.667217	0.1032520666293404	0.0641864790992043	-0.0418130882	0.0480448138	0.0703505839	0.1921790609	-0.0417859484	-0.0314197688	-0.1101099476	0.1787242679	0.1066797594	0.0103949112	-0.0208096145	-0.1111903964	0.1200299903	-0.0325977377	-0.201837271	0.0028263346	0.0709008661	-0.0787119575	-0.016479716	-0.1028579789	-0.0575393872	-0.1343646497	-0.0198023151	0.0739687857	-0.1704001275	0.0340015687	-0.0871272627	-0.1615724758	0.0744366619	-0.0609785661	0.0097597759	0.0062356353	-0.104167263	0.0119568108	-0.082554947	-0.0107791987	0.0992616644	-0.0010890574	0.0698520622	0.0607710786	-0.0888712024	-0.0674846084	-0.1485296645	-0.0009725773	0.0994834394	0.1266496929	-0.1370889611	0.056159666	0.1403210348	-0.0398234111	-0.0990048885	-0.1371171784	0.0174764581	-0.1612575037	-0.2105436735	0.1799309326	0.1108521407	0.0150408312	-0.055595093	-0.1165920251	0.0744050027879268	0.00019745792045	0.0055361044398713	3.8989630348440894e-08	-0.0213584084100944	0.0381684056141153	0.0004561816098123	0.0014568271871236	-0.0701704147643766	-0.0043359726796552	1.8800659078716306e-05	0.0049238871082046	-0.0011529929334848	-0.0009889980304044	1.3293927046658845e-06	9.781171041437824e-07	0.0010640061189224	-0.0002209987514691	4.884044815094515e-08	1.1321090211043089e-06	-6.887087400446815e-06	1.0078264287992949e-06	1.0157141105863397e-12	4.743197286139326e-11	0.0	0.0	0.0	0.0	0.0	0.0	0.0	0.0	0.0	0.0	0.0	0.0	0.0	0.0	0.0
871.062210300967	3.616993619677828	758749.374214406	13.082642844790117	872.8205004124283	9.429096993683288	88.90787011628721	761815.6259402017	819.9181580018662	3.1934044724047226	10.197832124374484	672265.7858211732	816.4715507299013	665.2059650118869	1.266447	22.259308	0.1986699947932926	0.1140543316567506	-0.0312061946	0.008056821	0.2143003172	0.0552397839	-0.043513045	0.0266231402	-0.2161782646	0.0854995153	-0.0138602823	0.1197815605	0.0928126997	-0.1422838967	0.1272330039	-0.190449935	-0.0679604247	-0.058689468	-0.1695017858	0.103299223	-0.1689573886	0.094716868	-0.0035683132	-0.122521181	0.0699086282	0.1248254872	-0.1198394923	0.2115503076	0.0085843639	0.0225874874	-0.1337534573	-0.0022190154	0.1870513089	0.1251120677	0.1324656391	0.0621531429	-0.1091414044	-0.0108643102	0.0937435976	-0.0750746341	-0.0357171506	0.0315683897	0.0581236342	-0.0143451816	-0.1156512582	0.0879370947	0.0704403911	-0.2090503998	-0.0460767611	0.1153630292	0.068067604	-0.1751203657	-0.0732775443	-0.0492641249	-0.1893973007	-0.0319150811	-0.095879505	-0.0486426328	0.0510979864	-0.0803477587	-0.0611443214	-0.1082959623	0.0566551951124694	-0.0177498076754574	0.0032098111332319	0.0003150556725157	-0.0646078588231944	-0.0432494504131	0.0041741754217178	0.0018705149610351	-0.1396795456582253	-0.0695091308938486	0.0048315192776181	0.0195103754752882	0.0001540335340102	0.001307026467495	2.3726329599671443e-08	1.708318186732458e-06	0.0010639953647091	-1.0754213300044266e-08	1.1565310370284894e-16	1.1320861361224507e-06	-6.308198190987658e-05	-5.619489450942977e-05	3.1578661689259404e-09	3.9793364416779966e-09	0.0	0.0	0.0	0.0	0.0	0.0	0.0	0.0	0.0	0.0	0.0	0.0	0.0	0.0	0.0
871.3333568124217	0.2711465114547309	759221.818694003	0.0735204306740705	869.8882600640975	-2.9322403483307653	8.598033460378927	756705.5849973429	817.889928598873	-2.0282294029932477	4.113714511166345	668943.9353034695	815.0538061877567	689.4397281640684	1.04617	18.38769	0.0862187193887397	0.0492893977803085	-0.0910715702	-0.0192933134	0.1199599919	0.1457406537	-0.0304195501	0.1331319354	-0.1830931779	0.0179413589	0.1206630118	-0.0535604164	0.0181846979	-0.0964953646	0.1223430658	-0.0636654198	-0.156284941	-0.0848414705	0.0110944676	0.024761977	-0.0511614994	0.0522524197	0.0104190569	-0.0346815611	0.0070382783	0.0775457716	-0.1375945209	0.0946004243	-0.1425166846	-0.0423319911	0.034726083	-0.0603333778	0.0582646199	0.001982775	0.0261124612	0.1678413098	-0.085862679	0.0144847018	0.0550222599	0.0004723866	0.0298897928	-0.1027913259	0.0288216395	-0.1057706369	-0.1531387404	0.0894744508	-0.0593744904	-0.0813713514	-0.0142349544	0.0565130912	-0.1366733923	-0.0631743925	-0.0666224638	-0.1538835962	-0.1284371719	0.0186064022	-0.1479625201	0.0863791907	0.0740036571	0.0416254812	-0.066603812	-0.0993643757	0.0564652183410174	-0.000189976771452	0.0031883208822987	3.609117369132579e-08	-0.0412301652406341	0.0233776935825603	0.0016999265257699	0.00054651655724	-0.1084418604058754	0.0312376852523498	0.0009757929799248	0.0117596370882873	-0.0003309960647944	-0.0004850295988046	1.0955839490937866e-07	2.352537117165512e-07	0.0009760012039756	-8.799416073350006e-05	7.742972323193044e-09	9.525783501618208e-07	-7.838465800424872e-06	5.524351610945171e-05	3.05184607213525e-09	6.144154610443032e-11	0.0	0.0	0.0	0.0	0.0	0.0	0.0	0.0	0.0	0.0	0.0	0.0	0.0	0.0	0.0
868.0568279539194	-3.2765288585022745	753522.6565574205	10.735641360598215	871.3440680972413	1.4558080331438532	2.1193770293661744	759240.48500825	815.6516850848947	-2.2382435139783183	5.009734027866011	665287.6713818281	812.5165799892803	683.4439788552359	1.105807	19.435875	0.0425381489698752	0.0241895293043915	-0.0630312267	0.1286132686	-0.0419729847	0.039361354	-0.0963434385	0.1517511704	-0.0355355523	-0.1194014426	0.0568022711	-0.1340020826	-0.0262276616	-0.0730027713	-0.0781065914	-0.0157651421	-0.0652648043	0.0175330362	-0.0675244648	0.0680711409	-0.0700230166	0.039871527	-0.0176774748	0.0010527295	-0.0329584174	0.0863135264	0.0573320287	-0.0300792702	-0.0205970257	-0.0238739403	-0.0347065118	-0.0904934018	0.1337139152	-0.1134898337	0.0465836248	0.1921841737	-0.0881750555	-0.0024536757	0.1041648184	-0.0813720668	0.0068658103	0.0030758514	0.1532621646	-0.0408073769	-0.0370398478	0.0626078404	-0.1421404145	0.0371929996	-0.04364696	-0.0173937089	-0.1443522689	-0.0901531068	-0.0146447363	-0.0512374682	-0.0846101202	0.0746478286	-0.1473433503	0.0007596173	0.039078193	0.0003214668	-0.0719655524	-0.0898496795	0.0563266128666271	-0.0001386054743902	0.0031726873170268	1.9211477530959515e-08	-0.045904047935636	-0.0046738826950019	0.0021071816168771	2.1845179446638228e-05	-0.1181593084630634	-0.0097174480571879	9.442879674414672e-05	0.0139616221764693	7.003022714988905e-06	0.0003379990875093	4.9042327146650565e-11	1.1424338315717955e-07	0.0007540001941768	-0.0002220010097988	4.928444835168689e-08	5.685162928186521e-07	-8.002623358137836e-06	-1.641575577129639e-07	2.6947703754285064e-14	6.404198061221329e-11	0.0	0.0	0.0	0.0	0.0	0.0	0.0	0.0	0.0	0.0	0.0	0.0	0.0	0.0	0.0
866.1483448574313	-1.908483096488112	750212.9552992678	3.642307729580853	865.343663166024	-6.000404931217304	36.004859338576935	748819.6553815933	815.3993899057285	-0.2522951791661398	0.0636528574304746	664876.1650586342	812.6736456379549	673.9204499536385	0.906579	15.934197	0.0614659521038465	0.0335230904781635	-0.0427500276	0.0896417394	-0.0256128081	-0.0338730589	-0.0675171883	0.0160178817	0.0036951541	0.1334892049	0.0294958766	-0.0506992313	-0.0453799091	-0.1144497792	-0.0018483343	0.0385473905	-0.1255902694	0.0796804302	0.0020117645	0.0012330674	0.0421208545	-0.0118173575	0.0092968047	-0.1020884091	-0.0490440387	0.0950237917	-0.0462957117	-0.0638467507	-0.0434005968	-0.1537406826	0.0123003266	-0.1024491045	0.0396374114	-0.1338483079	0.0146501603	0.0054051079	-0.0750482014	-0.0067392742	0.1130904286	-0.0716500994	-0.001084233	-0.0751915584	0.0050375427	0.0137935129	-0.0265159958	-0.0327045411	-0.0453557259	0.0708927391	-0.0234829696	-0.0106959284	-0.1041735725	0.0199263571	-0.0278145325	-0.0535500853	-0.0309243863	-0.0290789319	-0.0952249836	0.0362180561	0.0711943988	0.0380208345	-0.0772216734	-0.0798077096	0.0563417152722252	1.5102405598099722e-05	0.0031743888798164	2.280826548495138e-10	-0.0260466162333585	0.0198574317022775	0.0006784262172078	0.0003943175938106	-0.1146065573227588	0.0035527511403045	1.2622040664935592e-05	0.0131346629813748	-0.0003651178713158	-0.0003721208940307	1.333110599541811e-07	1.3847395977427362e-07	0.00070693910724	-4.706108693679992e-05	2.21474590367304e-09	4.997629013452883e-07	0.0003336287327876	0.0003416313561457	1.16711983501976e-07	1.113081313414598e-07	0.0	0.0	0.0	0.0	0.0	0.0	0.0	0.0	0.0	0.0	0.0	0.0	0.0	0.0	0.0
868.2053495112235	2.0570046537922053	753780.5289199058	4.23126814572279	866.153563968019	0.8099008019948997	0.6559393090719817	750221.996374501	815.7508406270583	0.3514507213297975	0.1235176095232349	665449.4339837523	812.4137033586209	664.3517301343322	1.027408	18.057915	0.069582320552974	0.0345133964065145	-0.0216757467	0.0479007161	0.069818355	-0.1185993423	-0.0357333625	0.0287847374	-0.1469687682	0.0566788586	-0.1073325332	0.0344598419	-0.0240772355	-0.1185693715	0.0323239171	0.0572388336	-0.0522045316	0.1312870997	-0.1136867789	-0.0079627821	0.0482950283	-0.05740054	0.0056909861	0.0210654462	-0.0265992407	0.1057078054	-0.0690050051	-0.0725396148	0.0530425749	-0.1155395642	-0.1420447261	0.014789061	-0.0538527509	0.0032112892	-0.0502741982	-0.0897116786	-0.0645036839	-0.0101329638	0.102871874	-0.0919547391	-0.0463105594	-0.0154005097	-0.1095730209	0.1411670477	0.0558899341	-0.0058233107	0.0355910089	0.0490971272	0.0335505656	-0.0156970167	0.0241103189	-0.1214514702	-0.000226133	0.0220470825	-0.0184606359	-0.0230692551	-0.0391724532	0.0057214948	-0.0775773827	0.0942139295	-0.0823644609	-0.0692973963	0.0540149398930083	-0.0023267753792169	0.0029176137316452	5.413883665329968e-06	-0.0315295217811524	-0.0054829055477938	0.0009941107437481	3.006225324602909e-05	-0.1026746286082556	0.0119319287145032	0.0001423709228479	0.0105420793598432	-0.0008177770453836	-0.0004526591740678	6.687592959563306e-07	2.0490032786774289e-07	0.0010637879056469	0.0003568487984068	1.2734106492444834e-07	1.1316447082006175e-06	0.0005209349785421	0.0001873062457545	3.508362969864515e-08	2.713732518686582e-07	0.0	0.0	0.0	0.0	0.0	0.0	0.0	0.0	0.0	0.0	0.0	0.0	0.0	0.0	0.0
864.4987140573315	-3.706635453891977	747358.0266067799	13.73914638804898	870.1393429971155	3.985779029096534	15.88643446878571	757142.4762314517	813.9337241108021	-1.817116516256192	3.30191243365104	662488.1072448794	810.6599299655433	679.7629452053983	1.192257	20.955336	0.0512180426363862	0.0241686041746027	-0.0364820199	0.122441843	-0.1058149432	-0.108022968	-0.1295690672	0.1794512892	0.1043349145	-0.0250045268	-0.1628061753	-0.1334713725	-0.0618987687	-0.0747204226	-0.1785090022	0.0254804034	-0.0420417897	0.1013376173	-0.0674968009	0.088903992	0.0777300414	-0.0889301078	-0.0551301026	0.1075859498	-0.0715673721	0.1092531984	0.1673697012	-0.0467952972	0.0070038373	-0.0629361046	-0.1523231194	0.1004360438	-0.1199465185	0.009169052	-0.0055092264	-0.0098072739	-0.0614532072	0.0045055037	0.0587154245	-0.0625963111	-0.0097488755	-0.0823305075	-0.0713115753	-0.0082507083	0.0721452326	-0.1409210391	0.0551954993	0.0775413328	0.1460521957	-0.0376632166	-0.0752681005	-0.0370776441	0.0246504858	0.0179778682	-0.0803605385	0.0389552987	0.0603395785	-0.0108971375	-0.0836390149	0.0061922743	-0.0873863672	-0.0583804184	0.0565896957002252	0.0025747558072169	0.003202393659444	6.629367466797163e-06	-0.045632877973432	-0.0141033561922796	0.0020823595521381	0.0001989046558863	-0.0891763251203059	0.0134983034879496	0.0001822041970527	0.0079524169619625	-0.0005501958207484	0.0002675812246352	3.027154411690055e-07	7.159971177727338e-08	0.0010638969731606	1.090675137000157e-07	1.1895722544703112e-14	1.1318767695002865e-06	0.0003677927277122	-0.0001531422508299	2.3452548989248012e-08	1.352714905579805e-07	0.0	0.0	0.0	0.0	0.0	0.0	0.0	0.0	0.0	0.0	0.0	0.0	0.0	0.0	0.0
862.6673287768419	-1.8313852804895987	744194.9201389719	3.353972045593966	863.7262830789379	-6.413059918177623	41.12733751413639	746023.0920813575	814.8038090654503	0.8700849546481777	0.7570478283051214	663905.2472675669	812.3881499059371	664.6268501342194	1.00831	17.722246	0.0751321379083707	0.0493446159870068	0.0090857228	0.1203854041	-0.0699183361	-0.106165555	-0.0790599535	0.0172111365	0.1723918405	0.1035501674	-0.0960868332	-0.0119814788	-0.0370972977	-0.0808189584	-0.1103516079	0.0276089578	-0.0696759102	0.0490661535	-0.0746023629	0.06624061	0.0375262954	-0.1520165134	-0.0136292067	-0.064323617	-0.041165498	0.0962737728	0.0933803466	-0.0663676949	-0.0287111439	-0.0550690483	-0.1398661384	0.0449305099	-0.0181235668	-0.0295201194	-0.0700724748	0.0690949917	-0.0433504134	-0.0046734113	0.0684654989	-0.1130685975	-0.0149979726	-0.0214677992	-0.0565093542	0.0261866316	0.0865813524	-0.1062884579	0.0494484678	0.1167747667	0.0069581227	-0.0401491451	0.0554881048	-0.0443807748	0.0071533586	-0.0541216323	0.030652241	-0.0025678387	0.0277608649	0.0553939601	-0.0522645797	0.0448702288	-0.092280022	-0.0471208409	0.0566089739789674	1.9278278742200505e-05	0.0032045759349514	3.716520312619799e-10	-0.0024370891371461	0.0431957888362859	5.939403462395522e-06	0.001865876173189	-0.0670554761490933	0.0221208489712126	0.0004893319592071	0.0044964368815816	-0.0006261719577682	-7.597613701979997e-05	3.920913206952604e-07	5.772373396451419e-09	0.0011219041833145	5.800721015390004e-05	3.364836429838723e-09	1.2586689965385754e-06	0.0003058516384433	-6.194108926889998e-05	3.8366985398178365e-09	9.354522473845113e-08	0.0	0.0	0.0	0.0	0.0	0.0	0.0	0.0	0.0	0.0	0.0	0.0	0.0	0.0	0.0
864.4301231024141	1.7627943255721448	747239.4377268548	3.1074438342693527	862.1985705160681	-1.5277125628697377	2.333905674750022	743386.3749999513	814.6333894751948	-0.1704195902555056	0.0290428367428544	663627.5592478444	811.1250654747869	656.1085443390908	1.072008	18.841814	0.0507224193448414	0.0306284421619345	0.0085881051	0.0596770684	-0.0172001081	-0.1134203955	-0.0281309566	-0.0178611081	-0.0040567017	0.1419787405	-0.1177103304	0.0281766209	-0.0407394158	-0.0609312741	-0.1384473977	0.0161757964	-0.0612086683	0.0083100945	0.0092690928	-0.0023291338	0.0422837231	-0.1053355878	0.0717761261	0.0840556504	-0.0440138841	0.0893588539	0.0955191639	-0.0306615415	-0.0557081614	-0.0694703241	-0.0751517573	0.0893254893	-0.0903705052	0.178084717	-0.0282353196	-0.1372297873	-0.0448480355	-0.0081983568	0.0688205987	-0.0825409026	-0.0199445686	-0.0879596141	-0.1114074275	0.057110394	0.0757712438	-0.1395880899	0.111729431	0.0330458002	0.0602698673	0.0642581641	0.0887568206	-0.0857210637	-0.0064779161	-0.0074555318	-0.0230640707	-0.0018989959	0.0286762613	-0.0232735562	-0.1522747711	0.138681632	-0.0970382431	-0.0355847396	0.0565441433662243	-6.483061274310115e-05	0.0031972401490201	4.203008348645949e-09	-0.000165376581279	0.0022717125558671	2.7349413635529692e-08	5.160677936484233e-06	-0.0909473851525746	-0.0238919090034813	0.0005708233158306	0.0082714268660907	-0.0004042374434845	0.0002219345142836	1.6340791071488434e-07	4.9254928630341826e-08	0.0013429291862154	0.0002210250029008	4.8852051907342824e-08	1.8034587991891563e-06	0.0003527714647137	4.69198262704e-05	2.201470097244518e-09	1.244477063162493e-07	0.0	0.0	0.0	0.0	0.0	0.0	0.0	0.0	0.0	0.0	0.0	0.0	0.0	0.0	0.0
865.8370998230045	1.4069767205903645	749673.8834299113	1.9795834922832165	869.1986277144769	7.00005719840874	49.00080078099402	755506.2544207297	815.5986105854115	0.965221110216703	0.9316517916079649	665201.0935888537	813.1279912043757	656.6204383324141	0.935866	16.448959	0.0657088714397811	0.0389979302708602	0.01410671	0.0338777838	0.0408399675	-0.1034543373	-0.0188721045	0.0381372561	0.026825557	0.0110442288	-0.2253927093	0.1858077542	-0.0121280215	-0.0529258348	-0.0549454898	-0.0049726465	0.0213288253	0.0256816319	-0.0898087855	-0.0110193873	0.0389850803	0.0320070732	0.0228174378	0.0425141875	-0.0090194743	0.0783437385	0.0462357115	0.0110714082	0.0420691103	0.0157954302	-0.153251469	0.0045063436	-0.0745035739	0.1629932434	0.0630599597	-0.0519745164	-0.0272735205	0.0014723208	0.0815153794	-0.1172256039	-0.0124258329	0.0456921539	-0.0071200641	0.1494039779	-0.0017927283	-0.09219517	0.1524237766	-0.0306953311	-0.0232207805	-0.0363606591	0.053886059	0.0109191286	0.0438027204	0.0110158758	-0.000867412	-0.0267520374	-0.0033575505	-0.0350246561	-0.0618535945	0.1805671231	-0.1016540472	-0.023839813	0.056553318005271	9.174639046698184e-06	0.0031982777774053	8.417400163719899e-11	0.0323938824182903	0.0325592589995692	0.00104936361813	0.001060105346601	-0.0828843680741044	0.0080630170784701	6.501224440770202e-05	0.0068698184710436	-0.0006266880850664	-0.0002224506415819	3.927379559641914e-07	4.948428794019895e-08	0.0010638933877387	-0.0002790357984766	7.786097683152947e-08	1.131869140474128e-06	0.000352833439109	6.197439529999956e-08	3.840825672800608e-15	1.2449143575348442e-07	0.0	0.0	0.0	0.0	0.0	0.0	0.0	0.0	0.0	0.0	0.0	0.0	0.0	0.0	0.0
864.7828916678355	-1.054208155168908	747849.4497213834	1.1113548344246325	867.1735974791422	-2.0250302353346115	4.100747454019352	751990.0481649174	815.8822665426715	0.2836559572599526	0.08046070208906	665663.8728588067	813.2926023567903	659.8869985105874	0.944725	16.604662	0.085754970204819	0.07084079140538	0.0158126667	0.0054461469	0.0245297327	-0.0601666926	-0.0183856263	0.0038754904	0.0416147148	0.0426686056	-0.0525710175	0.0569951729	0.0141400551	-0.072679287	-0.0984695833	-0.0091132344	0.0613754177	-0.0999616601	-0.0790384417	-0.0861016539	0.1688825012	0.1604136461	0.0779413727	-0.1770229673	0.0076781004	0.0691043808	0.054079514	0.0463763186	-0.074156894	0.1466395728	0.0340024768	-0.1138003045	-0.1162826437	-0.0504629888	0.141356515	-0.0869733377	-0.0122193063	0.010345651	0.0250726189	-0.0763046985	-0.0583709767	0.0645496463	0.0514830908	0.0484784623	-0.0552811414	-0.1260879141	0.2116160579	-0.0696393322	-0.0802684616	-0.1465824499	0.0090377316	0.1807536561	0.1140630848	0.0918824108	-0.0665463062	-0.0560376955	0.0808760287	-0.137394206	0.0316473527	-0.0083892435	-0.10612066	-0.0119549848	0.0521469154376603	-0.0044064025676106	0.0027193007896624	1.9416383587846157e-05	-0.0378423979689586	-0.0702362803872489	0.001432047084041	0.0049331350826362	-0.0910945032174339	-0.0082101351433294	6.740631907173402e-05	0.008298208516431	-0.0006846886475512	-5.800056248479995e-05	4.6879854408549133e-07	3.364065248553183e-09	0.0010638817046793	-1.1683059400122152e-08	1.364938769467826e-16	1.1318442815513332e-06	0.0003528642356974	3.0796588399990665e-08	9.484298570784392e-16	1.245131688343103e-07	0.0	0.0	0.0	0.0	0.0	0.0	0.0	0.0	0.0	0.0	0.0	0.0	0.0	0.0	0.0
865.049100698721	0.2662090308854203	748309.9466196658	0.0708672481249547	865.9345551860126	-1.2390422931296143	1.535225804163893	749842.6538651976	815.8508561288445	-0.0314104138269613	0.0009866140967809	665612.6194461685	813.0711489732762	653.3109455894555	0.999147	17.561199	0.0313600168346102	0.0210579142867745	0.0256684837	-0.0268027617	0.0896451088	-0.0225747453	0.0233330778	-0.043706968	0.0243329794	0.029777371	-0.0465199172	0.0943541842	0.0112113857	-0.0522083721	0.0182861936	0.0368400973	0.0445331601	0.0585954202	-0.0733724949	-0.0447997437	-0.0322507924	0.0808328641	0.0743709607	0.0959540486	0.0154756661	0.0315221322	-0.0497791824	-0.0282721317	0.0689433672	-0.0269566328	-0.0440393552	-0.0760151216	-0.0176470373	-0.0139245583	-0.0014678186	-0.0859232734	-0.011852842	0.0183006774	0.0266407717	-0.0992253915	-0.0339909773	0.0510758211	-0.0286968679	-0.0261867721	0.0039554492	-0.0344819437	0.0691507985	-0.0242030735	-0.1337926883	0.0076587121	-0.0308068038	0.0686351305	0.0623248409	0.1225591953	0.1145883923	-0.0088926303	0.0413080732	0.0616954368	0.0494147515	0.0234696219	-0.1104315261	-0.0	0.0564740986295504	0.00432718319189	0.0031893238160201	1.872451437617619e-05	-0.0378298393629705	1.2558605988102768e-05	0.0014310967462281	1.5771858436441068e-10	-0.0910339022723718	6.0600945062092015e-05	3.672474542418695e-09	0.0082871713629357	-0.0003257194977401	0.0003589691498111	1.06093191208063e-07	1.2885885051610394e-07	0.0012439448407526	0.0001800631360733	3.242273297255176e-08	1.5473987668350114e-06	0.0003527030397484	-1.6119594900001425e-07	2.59841339740152e-14	1.2439943424776144e-07	0.0	0.0	0.0	0.0	0.0	0.0	0.0	0.0	0.0	0.0	0.0	0.0	0.0	0.0	0.0
867.9235980392535	2.874497340532571	753291.3720334037	8.262734960728823	872.3975777598474	6.463022573834792	41.770660789898095	761077.533681249	816.2860046315249	0.435148502680363	0.1893542193849618	666322.8413572978	813.6698257394212	674.4206866643697	1.139878	20.034719	0.052953649784075	0.030376145511706	-9.9231e-06	0.0894414406	-0.1007161734	-0.0835977495	-0.0012145258	0.150814	-0.0188730414	-0.0399765128	-0.0788153143	-0.0487127891	0.0698332486	-0.0593983925	-0.1090816918	0.0232966432	-0.0111695391	0.0671522423	-0.0574227911	0.1528823088	-0.0645476131	-0.1170792289	-0.0967879575	0.0690357503	0.0595047907	0.0794789899	0.0845160869	-0.0291509548	-0.0053381696	-0.0286343337	-0.133430525	0.0948209916	0.0955318205	-0.0880512154	-0.0613123605	0.0177579211	-0.0094590354	0.0204110184	0.0432658312	-0.0806316947	-0.0423411606	-0.0734461486	-0.0580799645	-0.0394755673	0.0734470093	-0.0437200459	-0.0384701907	0.1184521519	0.0727465229	-0.0295595803	-0.0856136054	-0.0345555598	0.0253431616	0.0563850278	0.0131130976	0.1038873967	-0.0770686007	-0.0107923001	0.0672771235	-0.011154163	-0.1145803187	0.0119549848	0.0513333568145242	-0.0051407418150261	0.0026351135218472	2.6427226408758837e-05	-0.0108115894961713	0.0270182498667991	0.0001168904674337	0.0007299858258647	-0.0908946695787022	0.0001392326936696	1.9385742986495704e-08	0.0082618409578214	-0.0003972733777971	-7.155388005700001e-05	1.5782613670631737e-07	5.1199577512115444e-09	0.0010638982080848	-0.0001800466326678	3.2416789935013704e-08	1.1318793971660483e-06	0.0005142110351952	0.0001615079954468	2.6084832593243583e-08	2.644129887165193e-07	0.0	0.0	0.0	0.0	0.0	0.0	0.0	0.0	0.0	0.0	0.0	0.0	0.0	0.0	0.0
861.5786670167246	-6.344931022528954	742317.799458316	40.25814968065031	865.2772286034733	-7.120349156374118	50.699372108677615	748704.6823397074	814.2221275168783	-2.063877114646516	4.259588744361628	662957.6729381117	811.7489409593185	670.3119729853659	1.172354	20.605526	0.0429763176600804	0.0227527648653776	0.0189963263	0.1151302291	-0.1906256137	-0.0563948358	-0.0621158805	0.0483598504	0.2181982701	-0.0585853387	-0.1013363173	-0.0151401378	-0.0109883281	-0.0083563933	-0.2242873069	-0.0440089728	0.0763128054	-6.90764e-05	-0.0352134297	-0.0156980833	0.057342155	0.0780526887	0.0845218297	-0.1083577478	-0.0194935607	0.0470278981	0.2178828883	-0.0213034492	0.0221761466	0.047863315	0.028762745	-0.07550634	-0.0298101033	-0.112290234	0.1041274133	0.0639145347	-0.0028310364	0.0205248152	0.0086375071	-0.1189494761	0.0012259697	0.0358131558	0.0805991612	-0.0842427278	-0.0120951729	-0.1916122537	0.0764706583	-0.065442049	0.0348692869	-0.1324939529	-0.0672243123	0.1064687938	0.0804353516	0.0573602656	0.1545658624	0.0607036389	0.0421561015	-0.0016425793	0.0160831645	-0.1006593979	-0.1185609488	0.023839813	0.0566554963392178	0.0053221395246935	0.0032098452654431	2.8325169120305797e-05	-0.0065189492456312	0.0042926402505401	4.249669926711559e-05	1.842676032055697e-05	-0.0709619708135704	0.0199326987651317	0.0003973124800614	0.005035601301746	-0.0003972069200171	6.645778000000579e-08	1.577733373094709e-07	4.416636522529171e-15	0.0011709301262581	0.0001070319181733	1.1455831507855992e-08	1.37107736057881e-06	0.0003527326287542	-0.000161478406441	2.607527574672481e-08	1.2442030738784826e-07	0.0	0.0	0.0	0.0	0.0	0.0	0.0	0.0	0.0	0.0	0.0	0.0	0.0	0.0	0.0
860.8905068217186	-0.6881601950059348	741132.4647357556	0.4735644539906062	857.6668795547045	-7.610349048768853	57.91741264409699	735592.4762851039	815.1306135548361	0.9084860379578004	0.8253468811642619	664437.9171542836	812.1479688325433	649.9837851365659	1.205065	21.180454	0.0580639983425352	0.0353412707449022	0.0575140721	-0.0027198656	-0.0619355685	-0.0525397174	-0.0068235148	-0.1109190505	0.1627213645	0.2399593456	0.0226961009	-0.0012313959	0.0100017598	-0.0595311679	-0.0356689865	0.0812316662	-0.047972855	-0.0261084243	0.085219632	-0.0147595581	0.1270035726	0.0478184133	0.0692598522	0.1574465423	0.0145621124	0.0584724409	0.0003568116	-0.0820288474	-0.0789120963	-0.0677601692	0.1043992674	-0.0317825035	-0.1381193477	-0.0197206516	0.0740795625	-0.1524925518	0.0170389924	0.0194693874	-0.003854883	-0.0722006133	-0.0162011171	-0.1109515607	-0.0176589671	-0.1270593558	0.0027971689	-0.1916653971	0.0288273213	-0.0084463826	-0.0225165728	0.0736315902	0.023475195	0.0227983671	0.0542820167	0.0155726636	0.2494311826	0.0326042544	0.0158690897	0.1022790754	0.0768981962	0.103710789	-0.1223675745	0.0355847396	0.0565504119866062	-0.0001050843526115	0.0031979490958548	1.1042721163798661e-08	-0.0236907829689414	-0.0171718337233102	0.0005612531976814	0.000294871873421	-0.058587209817432	0.0123747609961384	0.0001531347097115	0.0034324611541918	-0.0009117170579125	-0.0005145101378954	8.31227993688625e-07	2.6472068199714364e-07	0.0012238404571569	5.291033089879988e-05	2.799503115820497e-09	1.4977854645740095e-06	0.0003535585453695	8.259166153000257e-07	6.821382554286506e-13	1.250036450037968e-07	0.0	0.0	0.0	0.0	0.0	0.0	0.0	0.0	0.0	0.0	0.0	0.0	0.0	0.0	0.0
868.4349932479319	7.544486426213211	754179.3374975354	56.91927543531539	863.1264693420057	5.459589787301297	29.807120645604623	744987.3020787964	817.7885802936777	2.6579667388415373	7.064787184787917	668778.1620587489	814.4911477150771	651.5213580456475	1.254009	22.040697	0.099018042782616	0.061172940103534	0.0432060188	-0.0646167124	0.1345704771	-0.0685126147	0.0640954911	-0.0467815011	-0.0798163629	0.125516124	-0.0816848673	0.1436211062	0.0747995199	-0.073418269	0.1580335706	0.1017862123	-0.0675366242	-0.0349242031	-0.0756844485	0.0039654975	0.0185800658	0.0576910098	0.0315445304	0.0787517119	0.0803043018	0.0419695874	-0.1782379593	-0.0294177878	-0.0229668635	0.0115259505	-0.0849377606	-0.0146755948	-0.0372957846	0.1639051784	0.1004988313	-0.0980393787	0.014709707	0.0189273163	0.0439475059	-0.101188787	-0.0499817616	0.0044467832	-0.1060565138	0.1065372524	-0.0424667934	0.0102446595	0.0761292667	-0.0669866519	-0.0960144027	0.0270211266	0.0875816957	0.0278705036	-0.0362726616	0.0232091972	0.0774604961	-0.0402364626	-0.0587485748	0.0128530198	0.0069289029	0.1615582125	-0.1259946088	0.0471208409	0.0515221873676381	-0.0050282246189681	0.002654535791146	2.528304281879693e-05	0.0303165277514381	0.0540073107203794	0.0009190918549037	0.0029167896112476	-0.0862440167674805	-0.0276568069500485	0.0007648989706722	0.0074380304281894	-0.000998189499639	-8.647244172649987e-05	9.96382277189557e-07	7.477483178142915e-09	0.001063826392911	-0.0001600140642458	2.5604500756490958e-08	1.1317265942540296e-06	0.0003535310414775	-2.7503892000002843e-08	7.564640751478204e-16	1.2498419728816585e-07	0.0	0.0	0.0	0.0	0.0	0.0	0.0	0.0	0.0	0.0	0.0	0.0	0.0	0.0	0.0
869.7970214904432	1.3620282425113146	756546.8585936464	1.8551209333984604	877.2075119018555	14.08104255984972	198.2757595722992	769493.0189370438	817.8788516471202	0.0902713534425174	0.0081489172523439	668925.815971612	814.8243432419292	672.4876286042662	1.131327	19.884415	0.143163812502922	0.1056660382818077	0.0141304037	-0.0487017135	0.0308692452	-0.0099202978	0.0617089189	0.1451388796	-0.0516239336	-0.0073690591	0.0891432423	0.0086808128	0.0936290524	-0.0331402962	0.0760102549	0.0073339463	0.042590052	-0.0515480516	-0.0735864961	0.0935685827	-0.0794362699	0.2164792869	-0.1474234293	0.0352269046	0.0951231269	0.0151761404	-0.0763280086	0.0257232756	0.0063257923	0.095986162	0.0413479321	-0.0677340885	0.1208075186	0.0119059158	0.2611822571	-0.0504188452	0.0239598961	0.0555828387	-0.0267163379	-0.0555606647	-0.073265409	0.0105800236	0.0800689484	-0.0133568621	-0.1539687882	-0.0744777874	0.0805906819	-0.1357062321	-0.1060755151	-0.0829605297	-0.1387928831	0.0724915258	-0.0729779032	0.2081528466	-0.1003558614	0.0820874003	-0.1133091374	-0.2159290258	0.1108469071	0.0510481194	-0.1294367287	0.0583804184	0.0564430160713413	0.0049208287037032	0.0031858140632296	2.421455513118933e-05	-0.0718114903114752	-0.1021280180629133	0.005156890140755	0.0104301320734587	-0.0862686198213111	-2.4603053830590804e-05	6.053102577909487e-10	0.0074422747658739	-0.00081597588252	0.0001822136171189	6.658166408542929e-07	3.3201802263589485e-08	0.0010636366709855	-1.897219255001144e-07	3.599440901547095e-14	1.1313229678651167e-06	0.0008929349560825	0.000539403914605	2.909565830911981e-07	7.973328357940562e-07	0.0	0.0	0.0	0.0	0.0	0.0	0.0	0.0	0.0	0.0	0.0	0.0	0.0	0.0	0.0
868.4548098488531	-1.342211641590097	754213.7567496075	1.801532090819984	865.3324104044478	-11.875101497407629	141.01803557373287	748800.1804963717	816.0074986763805	-1.871352970739736	3.5019619410964338	665868.237896083	812.8168458515466	675.8319805526129	1.215495	21.363766	0.1321548304687236	0.0702847447450964	0.0001460642	-0.0184027391	-0.0088687361	0.0197305407	0.0597552864	0.0171773391	0.0252017566	0.0195800143	0.0763724733	0.0429317058	0.0620488289	-0.0044883161	-0.0662817577	0.0868847839	-0.0203675882	-0.1739336541	-0.0031892361	0.0097922882	0.0702993632	0.0517972608	0.0144899359	0.0136534713	0.0615716652	0.0025271894	0.0067007199	-0.0829804235	-0.161549938	0.071361737	0.0423982328	-0.076824802	-0.080083581	0.0142131842	0.0125542828	0.1842944424	0.0305253984	0.0445336552	-0.0031758282	-0.0573587711	-0.0666054395	0.0164490378	0.0247380823	0.0743775815	-0.1431133797	0.0623932848	-0.145850828	0.100102062	-0.2348288737	-0.1646715312	-0.1399711481	-0.1142327222	0.0497304047	-0.0725349601	0.0840411507	-0.2854260775	-0.2358854293	-0.1968094776	-0.3056597481	0.0030472694	-0.1326888823	0.0692973963	0.0566612124025169	0.0002181963311755	0.0032104929909231	4.760963893849112e-08	-0.0248277617018288	0.0469837286096464	0.0006164177511227	0.0022074707540649	-0.0610144040879845	0.0252542157333265	0.0006377754123054	0.0037227575062118	-0.0014706925798227	-0.0006547166973027	2.162936664345549e-06	4.286539537269554e-07	0.0010637414355334	1.0476454789993575e-07	1.0975610496677931e-14	1.1315458416706585e-06	0.0003537826220416	-0.0005391523340409	2.906852393017502e-07	1.251621436586296e-07	0.0	0.0	0.0	0.0	0.0	0.0	0.0	0.0	0.0	0.0	0.0	0.0	0.0	0.0	0.0
871.0282650277701	2.5734551789170155	758690.2384772873	6.622671557894808	873.8559424780697	8.523532073621823	72.65059901005993	763624.2082042354	816.3598137169867	0.3523150406061859	0.1241258878373384	666443.3454520331	814.0827467075387	710.4149976267868	1.402833	24.656462	0.1630599691948381	0.0859986146985656	-0.1007655237	-0.1031782677	-0.0125549857	0.2960025599	0.0663607673	0.0449219512	-0.0760672919	0.0173955013	-0.0338223432	0.0610732652	0.0613420507	-0.0580166738	0.0330325456	-0.0412737115	-0.0314807537	0.0030767734	0.0490127593	-0.1873091709	0.0190198	0.0917614797	0.1351193213	-0.0840674149	0.05967129	0.0401037718	-0.0385925325	0.0817431152	-0.0250862142	-0.0468007067	0.1214546694	-0.1569562663	-0.0653383455	0.0224592662	-0.0220595182	0.0610152248	0.0229256036	0.0462397969	0.0630190147	0.169687358	0.0728524901	0.0744552961	-0.0341788915	-0.1093131841	-0.2333709163	0.0693668878	-0.0535025585	0.020032817	-0.0158472622	-0.0017808535	-0.0612348536	-0.0342201886	0.2232470815	0.2617963725	0.0250972219	-0.1028225813	0.014141727	-0.1650536561	-0.1146177514	-0.0281986184	-0.1357462967	0.0798077096	0.0879440619918341	0.0312828495893172	0.0077341580396235	0.0009786166784278	-0.0814428588931974	-0.0566150971913686	0.0066329392646972	0.0032052692299881	-0.1061885294304119	-0.0451741253424274	0.0020407016004533	0.0112760037825934	-0.0014740082465856	-3.315666762899929e-06	2.172700311002355e-06	1.0993646082599296e-11	0.0010628010908726	-9.403446607999556e-07	8.842480810949836e-13	1.1295461587599883e-06	0.0009492845520524	0.0005955019300107	3.546225486465877e-07	9.011411607653256e-07	0.0	0.0	0.0	0.0	0.0	0.0	0.0	0.0	0.0	0.0	0.0	0.0	0.0	0.0	0.0
869.1669899591059	-1.861275068664213	755451.2564345725	3.464344881230971	874.6529615545548	0.797019076485185	0.6352394082812972	765017.8031561536	817.7131533477569	1.3533396307702787	1.8315281562134345	668654.8011579323	815.2551619624115	714.0082200801505	1.177962	20.704077	0.1096504918249555	0.0670681186371257	-0.1304255075	-0.0840764961	-0.0653828371	0.3736011471	0.0505912641	0.1029180396	0.0453153997	0.0126202723	0.0694425436	0.1266223448	0.0963610397	-0.027946627	0.0364101063	-0.1711711301	-0.0549633271	-0.0031458153	0.1624384993	-0.3336155778	-0.0805267606	-0.1188504531	0.0198778323	-0.2295844375	0.0926826025	0.0431344383	-0.0031084201	0.1442704621	0.0375211145	-0.0514276055	0.2028746028	-0.1448465244	0.0405926923	0.0797427551	-0.2886916272	0.053380405	0.0325260757	0.0149539457	0.1046990283	0.2653348286	0.1583582547	0.2115300663	-0.1746760719	-0.1944385361	-0.2079071547	0.0681330461	0.0408025737	0.1436453192	0.1582432326	0.1590332636	-0.0060367817	0.0131087256	0.3023534671	-0.1136112215	-0.1923257502	-0.0493531479	0.1981977222	0.0511061018	-0.0953008792	-0.0210540426	-0.1386044847	0.0898496795	0.1138962432303856	0.0259521812385514	0.0129723542219951	0.0006735157110386	-0.0281933445208153	0.053249514372382	0.0007948646752693	0.0028355107808945	-0.1061280819170349	6.044751337699883e-05	3.6539018734624525e-09	0.0112631697713888	-0.0015652799437322	-9.127169714659996e-05	2.450101302250279e-06	8.330522700020665e-09	0.001061855657944	-9.454329285998962e-07	8.938434224809765e-13	1.1275374383076852e-06	0.0014648343959901	0.0005155498439377	2.6579164158418684e-07	2.1457398076756813e-06	0.0	0.0	0.0	0.0	0.0	0.0	0.0	0.0	0.0	0.0	0.0	0.0	0.0	0.0	0.0
870.6574907217943	1.4905007626883844	758044.4661499712	2.2215925235746554	866.8346116611723	-7.81834989338256	61.1265950553551	751402.2439737754	818.5315517452339	0.8183983974769262	0.6697759369928009	669993.9012024604	815.9042064679768	690.057717203905	1.448086	25.45183	0.1262955564091851	0.0646500773435925	-0.0165751096	-0.1063548626	0.0399558819	0.1780259915	0.1135007189	0.0088723602	-0.0893024856	0.120090045	0.1124241173	-0.0945816956	0.1297813406	-0.0644365607	0.0880102171	0.0048744149	-0.1213695819	-0.0382932782	0.0821210774	-0.045856307	0.0015250237	0.0236690311	-0.0759119311	-0.0581032389	0.1258350808	0.0412446973	-0.1114774599	0.0233203955	-0.140662144	-0.0622821516	0.0190045563	-0.0132085139	0.0226943328	-0.0436387096	-0.0680205309	0.0068703456	0.0567501855	0.0392385849	-0.0012827344	0.081833801	0.0104404573	-0.0828940715	-0.1048086588	-0.2288653005	-0.1167252649	0.0856780282	0.0079576845	0.0625714834	-0.076560292	0.1524168499	-0.0842826311	-0.1135006259	0.0619199471	0.0621399101	-0.0668344094	-0.0177747234	-0.0150373216	0.0649775451	0.0462993739	-0.0921783387	-0.1412592515	0.0993643757	0.0938206784166482	-0.0200755648137373	0.0088023196985601	0.0004030283025905	-0.0346175522877416	-0.0064242077669262	0.0011983749263945	4.127044543263617e-05	-0.0888572324652585	0.0172708494517764	0.0002982822407859	0.0078956077613849	-0.0008268062423722	0.0007384737013599	6.836085624256372e-07	5.453434076003383e-07	0.0010057489699752	-5.610668796879998e-05	3.1479604348282843e-09	1.011530990606176e-06	0.000608916097784	-0.0008559182982061	7.325961332040263e-07	3.707788141404938e-07	0.0	0.0	0.0	0.0	0.0	0.0	0.0	0.0	0.0	0.0	0.0	0.0	0.0	0.0	0.0
867.716077039152	-2.941413682642292	752931.1903522155	8.651914452435289	874.2065216240856	7.371909962913264	54.34505650129984	764237.0424500827	817.267213700806	-1.2643380444278591	1.5985506905876632	667925.6985902789	814.5643612858379	650.5960485576261	1.397124	24.55612	0.118936881536766	0.0615302467327063	0.0744392245	-0.0254386829	0.0516463506	-0.1198150781	0.0724546008	0.1285704508	0.0159727441	-0.1493976402	-0.0426271434	0.1212510783	0.099590303	0.0001471976	0.0422444274	-0.0250900206	0.0960816958	0.0077289544	-0.049913577	0.0055499212	-0.0999300829	-0.0493301538	-0.0615629645	-0.0341497478	0.1008576687	0.0089570926	-0.0047631935	0.0055323641	0.1063218513	0.0815127125	-0.0451132105	-0.0196074138	0.1591927592	-0.0107537091	-0.0659684444	-0.0064927401	0.0606336224	0.0249525341	-0.0167723115	-0.0822388396	-0.1014454416	0.1271014838	-0.1269002899	-0.0168316239	0.0511883375	0.0506417755	0.0207672184	-0.0434169064	0.0839510803	0.1054901515	-0.0177900928	-0.0219427007	-0.040482812	0.0078873528	-0.1248414001	0.1778791014	-0.0645143751	0.0114835951	0.0769187175	-0.1203673873	-0.1437067008	0.1082959623	0.0758904524961678	-0.0179302259204804	0.0057593607800731	0.0003214930015594	0.003640548041929	0.0382581003296706	1.3253590045593075e-05	0.0014636822408351	-0.0890502184324901	-0.0001929859672315	3.724358354831353e-08	0.0079299414028741	-2.2030088448431445e-05	0.0008047761539237	4.853247970457126e-10	6.476646579243332e-07	0.0010639894362807	5.824046630549984e-05	3.3919519154820623e-09	1.1320735205169216e-06	0.0009970108639424	0.0003880947661584	1.506175475195432e-07	9.940306628191708e-07	0.0	0.0	0.0	0.0	0.0	0.0	0.0	0.0	0.0	0.0	0.0	0.0	0.0	0.0	0.0
871.0023600160047	3.2862829768527035	758645.1111534499	10.799655803951866	877.503026620501	3.2965049964154787	10.866945191392215	770011.5617281398	818.9496175868729	1.682403886066936	2.8304828358531284	670678.4761456854	816.4428373213108	669.5065257046756	1.349199	23.713778	0.0737092809206314	0.043635013115761	0.0565487088	-0.0972548484	0.0458685565	-0.0498811233	0.1402028416	0.1411244369	-0.0811147626	0.1048745464	0.041764021	-0.1185649845	0.174798583	-0.0733512676	0.0431578357	0.0309625908	-0.108158475	-0.0621624455	0.1450168334	0.1920976989	-0.0487070129	-0.0388905982	-0.1535278947	-0.0545612774	0.1654345691	0.0636101119	-0.0651075154	0.0269341248	-0.1714337253	-0.0266943873	-0.0276207931	0.2449853565	0.1251223214	-0.0791564896	-0.0059518745	-0.1143659203	0.0894946194	0.0529378033	-0.0630060878	0.0301088113	-0.0873582767	-0.2198973283	-0.1928367789	-0.1254172419	-0.0078828849	0.0164334811	0.124033227	0.0995920655	-0.0388905831	0.0456285826	-0.0128841674	-0.0210878449	-0.0344529558	0.1366568767	-0.1506037892	0.0370469708	-0.001049889	-0.0790705574	0.1704162153	-0.176746066	-0.1459432408	0.1165920251	0.0760994495550591	0.0002089970588912	0.0057911262225829	4.3679770625212294e-08	-0.0180636735897792	-0.0217042216317082	0.000326296303558	0.0004710732366383	-0.0888342307013516	0.0002159877311384	4.665070000235601e-08	0.0078915205443009	-0.000599288904497	-0.0005772588160485	3.591471910532144e-07	3.332277407057951e-07	0.0010638392877895	-1.5014849119999833e-07	2.2544569409635976e-14	1.1317540302444705e-06	0.0005428183385043	-0.0004541925254381	2.062908501638391e-07	2.946517486165689e-07	0.0	0.0	0.0	0.0	0.0	0.0	0.0	0.0	0.0	0.0	0.0	0.0	0.0	0.0	0.0
863.3865020644819	-7.615857951522798	745436.2519471416	58.00129233777304	864.7507345828018	-12.752292037699249	162.62095221476767	747793.8329614953	812.2415418781218	-6.708075708751153	44.99827971433728	659736.3223525487	809.1448120664004	663.279530363491	2.308029	40.56636	0.1760409168488482	0.1154528626550161	0.0116178089	0.0167404348	-0.0072719553	-0.1733777557	-0.007349024	0.0024506708	-0.0155804829	-0.2885518783	-0.2303954221	0.2592066014	-0.0677231144	0.1569218362	0.0065227561	-0.0288088697	0.2527969541	0.1260157405	-0.2255515131	-0.1029310683	-0.1089783053	-0.2826668191	0.2432101657	0.012146565	-0.0500361533	-0.1288919371	0.0736566074	-0.0084007923	0.3534830136	0.1424919514	-0.2412545435	-0.0215378923	-0.1560962274	0.1851859349	-0.228493948	0.1931589021	0.0096525799	0.0166199553	0.024276226	-0.1337227764	-0.0143579762	0.4923031722	-0.1024883813	0.2133572372	0.1698708161	-0.0168796401	-0.0634829636	-0.1196785961	0.1469958296	0.2099179452	-0.209524939	-0.1877527713	-0.0079672141	-0.2513248179	0.0605862251	0.1432672278	-0.0780052407	0.0942676036	0.0504567412	-0.1221695859	-0.1479655889	0.1242038795	0.0824118611385245	0.0063124115834654	0.0067917148563154	3.984653999906822e-05	-0.0332527909252462	-0.015189117335467	0.0011057481043181	0.0002307092854305	-0.1924434417928324	-0.1036092110914808	0.010734868622999	0.0370344782890712	-3.5030200097600404e-05	0.0005642587043993	1.2271149188779232e-09	3.18387885490489e-07	0.0010639834968695	1.4420908000015685e-07	2.0796258754491642e-14	1.1320608816106496e-06	0.0009970189617936	0.0004542006232892	2.0629820619638852e-07	9.94046810175988e-07	0.0	0.0	0.0	0.0	0.0	0.0	0.0	0.0	0.0	0.0	1.0	0.0	0.0	0.0	0.0
852.6273603645903	-10.75914169989153	726973.415642289	115.7591301183448	852.5643559714962	-12.1863786113056	148.50782365808658	726865.9810730921	799.3372175230076	-12.904324355114229	166.5215870619942	638939.9873174239	797.8304215258705	698.8512244730857	3.472493	61.033207	1.734943096513368	1.0376573990697378	-0.1958813282	0.3315948654	0.4052126163	0.0021239998	-0.4768416368	-0.3824151518	-0.1571099026	-0.3106317564	0.2255212927	0.1018284237	-0.7166699038	0.2313606607	0.1106230924	-0.0090489596	0.0194427558	-0.2922544192	-0.1685766809	-0.0519217863	0.0237932508	-0.1548548648	-0.1453780972	0.0089884315	-0.7151896352	-0.2970234076	-0.0707167222	0.1149675853	-0.1511694788	0.2473240384	-0.1399328506	-0.0637287564	0.0483054669	-0.0594367316	-0.163197545	-0.1740595386	-0.4063953377	-0.625571551	-0.1680747277	0.3020816204	-0.2288977419	0.0256957477	0.1053301545	0.0538259475	0.0411372561	0.0227997172	-0.022969047	0.0121321072	-0.0050211071	0.0373568621	-0.0454039422	-0.0707642904	0.0623999199	-0.0792238512	0.1362584481	0.0427344893	0.1578883403	-0.215723773	0.1942081228	0.0807212791	-0.1497707771	0.1310868562	0.0761906148948412	-0.0062212462436832	0.0058050097980539	3.870390482454352e-05	-0.2150311197957393	-0.1817783288704931	0.0462383824806095	0.0330433608469491	-1.039551109019854	-0.8471076672270215	0.7175913998748061	1.0806665082644082	0.0070910771109254	0.007126107311023	5.028337459309012e-05	5.0781405408215455e-05	-0.0050262881824674	-0.0060902716793369	3.709140912813311e-05	2.526357289321144e-05	0.0017773570548771	0.0007803380930835	6.089275395171933e-07	3.158998100521399e-06	0.0	0.0	0.0	0.0	0.0	0.0	0.0	0.0	0.0	0.0	0.0	1.0	0.0	0.0	0.0
863.537755561833	10.910395197242678	745697.4552807681	119.03672336001613	854.9763655910602	2.41200961956406	5.817790404869561	730984.5857192983	809.6860195043773	10.348801981369776	107.09770244960298	655591.4501808429	806.281912754827	680.147461215592	3.617327	63.578838	2.0786791966224274	1.182588153686151	0.022907998	-0.0989484226	-0.0534307001	0.0393742923	-0.0232181541	-0.4736947848	-0.3341458523	-0.0988464733	-0.3147304448	-0.4216153537	-0.2444532607	0.360223377	0.0990587564	-0.4115484249	-0.2759240132	0.3123688402	0.1743095577	0.3081704552	0.0153918271	0.2568153712	0.1514498169	-0.0405094708	-0.2236505512	-0.3563602507	0.0583887245	0.3351185521	0.0671253599	-0.5010191783	0.095930136	0.1638257021	0.0853867922	-0.0143657763	0.3423693475	0.2134584134	0.091409157	-0.0815949553	0.0632734311	0.1209225647	0.3634331834	-0.4330903558	0.3158829945	0.43031294	-0.011941773	0.0808412955	0.1437168368	-0.0745571496	0.106332304	0.0637765824	-0.0620519767	-0.043262361	0.0310355402	0.0679254035	0.014949772	0.068623014	-0.0909553971	0.0972774728	0.0674403327	-0.2917536117	-0.1513561561	0.1372005631	0.1220989509086791	0.0459083360138379	0.014908153813	0.0021075753155594	0.3271057619490563	0.5421368817447956	0.1069981795002726	0.2939123985479704	-0.1586586272492951	0.8808924817705588	0.7759715644398942	0.0251725600006307	-0.0006409975534776	-0.007732074664403	4.1087786356426885e-07	5.9784978615902766e-05	-0.0005670685115877	0.0044592196708797	1.9884640073160464e-05	3.215666968342895e-07	0.0017738214482951	-3.5356065820001635e-06	1.250051390268288e-11	3.146442530431726e-06	0.0	0.0	0.0	0.0	0.0	0.0	0.0	0.0	0.0	0.0	0.0	0.0	1.0	0.0	0.0
861.9240747160319	-1.6136808458011274	742913.1105750877	2.6039658721054417	862.2841113316531	7.30774574059285	53.40314780915294	743533.8886550188	814.704676036254	5.0186565318766725	25.18691338494839	663743.7091553375	811.0904192094509	679.6148801582929	2.467203	43.364037	0.5548247706165041	0.3459810520831483	0.0330279599	0.002639252	-0.2474029395	0.0796014608	0.0056191687	0.0047272887	0.2282109783	-0.3206351505	0.1551187134	0.0409985762	0.0578049319	0.1142170508	-0.1006295085	-0.0291026044	0.3608189444	0.081499937	-0.0330207804	-0.1273365675	-0.0392088165	0.2500227894	0.0677371316	-0.0099068079	0.060406997	-0.0725395047	0.1593296506	-0.0854434605	0.3266868364	0.1888425546	0.193894353	-0.1647375555	0.0370958299	-0.0258483289	0.1210225135	0.1484082447	0.0947671414	0.0509438641	-0.1203817095	0.011017857	0.0974814486	0.2248163876	0.3275349315	-0.0152113802	0.0684105744	0.0886400519	-0.1379546355	-0.1481556321	0.1657479467	-0.1791590833	0.0522615503	0.1531514579	0.0526514374	0.0311803289	-0.0248844268	0.0085896493	0.0260872458	0.141612887	-0.1768738797	-0.0788912462	-0.152719399	0.1425091225	0.1289345348264277	0.0068355839177485	0.0166241142709072	4.672520749658319e-05	0.0116636504928493	-0.315442111456207	0.0001360407428193	0.0995037256799501	-0.0836161846271466	0.0750424426221485	0.0056313681946984	0.006991666331601	-0.0009100063632213	-0.0002690088097437	8.281115811032566e-07	7.236573971972218e-08	0.0017129721109583	0.002280040622546	5.198585240459952e-06	2.9342734529209343e-06	0.0011727782281768	-0.0006010432201183	3.6125295245017524e-07	1.3754087724855145e-06	0.0	0.0	0.0	0.0	0.0	0.0	0.0	0.0	0.0	0.0	0.0	0.0	0.0	1.0	0.0
861.779307454481	-0.1447672615508963	742663.5747567249	0.0209575600169456	859.9891933595515	-2.2949179721016435	5.26664849867512	739581.4126952119	814.5594310179806	-0.1452450182733855	0.0210961153332361	663507.0666603363	811.3044260174748	664.5049706291284	1.632794	28.698299	0.0929374101278407	0.0491449319954665	0.0699071453	-0.0249527978	-0.1699417933	-0.0157272561	0.0630971958	-0.1036350598	0.152043888	0.1720887762	0.0723870558	-0.1920287568	0.0527939912	0.0167371982	-0.1340449981	0.1430268258	-0.0289536025	0.0466390817	0.1427048629	0.0999431016	0.053902098	-0.1064602919	0.0004204459	0.0020832915	0.0511896169	-0.0114486621	0.1007239222	-0.1509459412	-0.0644395012	-0.1164423818	0.0770866614	0.2088518161	-0.0738697359	-0.0930143864	-0.0891254765	-0.1541065221	0.0916894846	0.0478607623	-0.0856617417	0.0658980509	0.0168727679	-0.1167120473	0.067155943	-0.034061779	0.1155161173	-0.040845484	-0.0618608376	0.1976053605	-0.0397268128	-0.0031099662	0.1833255195	-0.0849514247	-0.1222663942	-0.0136639973	0.0139410122	-0.1114764556	0.1422063506	-0.0463096568	-0.0850490814	0.0467195031	-0.1538585052	0.1469813818	0.128370212990788	-0.0005643218356397	0.0164789115833002	3.184591341797638e-07	-0.0048271683591849	-0.0164908188520342	2.3301554367915843e-05	0.0002719471064106	-0.1059410240177385	-0.0223248393905919	0.0004983984538157	0.011223500569927	-0.0004806288352102	0.0004293775280111	2.310040772355136e-07	1.8436506156092299e-07	0.0010722194145995	-0.0006407526963587	4.105640178910724e-07	1.1496544730440943e-06	0.0011717598515552	-1.0183766215999916e-06	1.0370909434214125e-12	1.3730211497166642e-06	0.0	0.0	0.0	0.0	0.0	0.0	0.0	0.0	0.0	0.0	0.0	0.0	0.0	0.0	1.0
865.3158231976713	3.536515743190307	748771.4738762636	12.50694360183289	868.5958542355223	8.606660875970874	74.07461143396773	754458.7579951368	815.261560801879	0.7021297838983855	0.4929862334371935	664651.4125211159	812.2391633759587	654.8370503487564	1.366965	24.02603	0.0382707675631265	0.0265861503591296	0.0621861545	-0.0906567295	0.0439716594	-0.0289561427	0.0739594457	-0.00418005	0.0575031636	-0.0247385979	0.0812754956	0.1166495969	0.0488082186	0.034710802	0.0973833122	0.0961651324	0.1137593161	0.0100476147	-0.0286893999	-0.0974860592	0.1406295635	0.0264930732	-0.0271872329	0.1157318252	0.0600108078	-0.0477801848	-0.0837745817	-0.0762503241	0.0727575017	0.124813445	0.0405529076	-0.0481052354	-0.1758893566	0.0299689767	0.0650310941	-0.0664914352	0.075169194	0.055019023	-0.0631054266	0.0311382024	-0.0217848181	0.0683516609	0.019427564	0.0068495503	0.1002253088	-0.0135795765	-0.0563159102	-0.1946799691	-0.087160746	-0.0296321231	0.1395663713	0.1953671591	-0.1306950929	-0.0155850139	0.0211061775	-0.0345128861	0.1281747936	0.035330756	-0.0330842589	0.0662205433	-0.1547718027	0.1505910958	0.1285670011262993	0.0001967881355112	0.0165294737786098	3.8725570278013744e-08	-0.0043384087205566	0.0004887596386283	1.8821790226601557e-05	2.388859843520669e-07	-0.1187236356138754	-0.0127826115961369	0.0001633951592176	0.0140953016533762	-0.0009761287668589	-0.0004954999316487	9.528273694894768e-07	2.455201822638664e-07	0.0010719280134499	-2.914011496000027e-07	8.491462998820316e-14	1.149029666018649e-06	0.0011720206826139	2.608310587001294e-07	6.803284118263035e-14	1.3736324804747522e-06	0.0	0.0	0.0	0.0	0.0	0.0	0.0	0.0	0.0	0.0	0.0	0.0	0.0	0.0	0.0
866.050328582687	0.7345053850157228	750043.1716381802	0.5394981606170952	865.9569274373138	-2.6389267982085585	6.963934646303274	749881.4001766731	815.7270950924875	0.4655342906085025	0.2167221757323616	665410.6936680281	812.541734780061	659.4023167025268	1.077774	18.943161	0.136372818117077	0.0751081739562175	0.0799002599	-0.0823738488	-0.0425151905	-0.0552211741	0.1127951573	0.0327964006	0.0215974716	0.0964095579	0.1436609655	-0.1919805082	0.0787527947	0.0455585108	0.0195949072	0.1532081807	-0.0718353556	0.060811805	0.1488666028	0.0890903482	0.0448318454	-0.0840251262	-0.1091833536	0.0774310266	0.0853987478	-0.050287869	-0.0467054916	-0.1372434673	-0.0715728229	-0.0910149609	0.0360443842	0.130293502	-0.0128301197	-0.1211211823	-0.0553896828	-0.0511311949	0.1018057263	0.0510729903	-0.0682849125	0.047941621	-0.0173138368	-0.1715622906	-0.0281295256	-0.0416404886	0.1111051878	0.040869341	-0.1342127205	0.0837091068	-0.0014515003	-0.0230778465	0.0306548246	0.0583923398	-0.1630425313	-0.0969295811	0.0578469391	0.017467594	0.0471910502	0.0846066336	0.0238500947	0.1372582221	-0.1554579513	0.1533170814	0.1060866967501539	-0.0224803043761453	0.0112543872273591	0.0005053640848441	0.051005686271381	0.0553440949919376	0.0026015800320145	0.0030629688504766	-0.0933124124590563	0.0254112231548191	0.000645730262224	0.008707206318929	-0.0016371281882666	-0.0006609994214077	2.6801887048170805e-06	4.369202351013143e-07	0.0010710407589804	-8.872544695001389e-07	7.87220493647973e-13	1.147128307397311e-06	0.0011728779186202	8.572360062999475e-07	7.348535704970836e-13	1.3756426119868526e-06	0.0	0.0	0.0	0.0	0.0	0.0	0.0	0.0	0.0	0.0	0.0	0.0	0.0	0.0	0.0
867.6767599879844	1.6264314052973532	752862.9598232462	2.645279116137523	870.0293580865584	4.072430649244666	16.58469139290733	756951.083932509	816.9386708887176	1.211575796230136	1.4679159100106878	667388.7919934245	813.7367840789691	656.2047224981849	1.070889	18.822142	0.0490777781324565	0.0351946777393504	0.0672887884	-0.1021959837	0.0356147858	-0.0749789133	0.1255449013	0.0245652062	-0.0170475117	0.0073758863	-0.0288598538	0.0755683638	0.1235689762	0.0598893112	0.0402590842	0.0462530381	0.1192661767	-0.1024873625	-0.0436688572	-0.0282512797	-0.0765930526	-0.100638686	0.0212385852	0.1094897484	0.1230664367	-0.0359589832	-0.0299075394	-0.0165288851	0.0449879933	0.1595412285	-0.0525947427	0.072024413	0.0635342224	0.1215568914	-0.0660363643	-0.0606786563	0.0870393715	0.0608849263	-0.0371980692	0.0232012395	-0.0616804205	0.0594464325	-0.0432848206	0.1008917232	0.1278984032	0.1161831598	-0.066957945	-0.0408874937	0.0341774606	-0.0526948939	0.1520066489	0.0409905922	-0.085821896	-0.0751042373	-0.029274533	-0.0447843407	-0.0248982248	0.0419786594	-0.0934969435	0.1479538832	-0.155915944	0.1551433414	0.1060378118422562	-4.88849078977005e-05	0.0112440175402937	2.389734220166661e-09	0.0185724311204324	-0.0324332551509486	0.0003449351977232	0.0010519160396865	-0.1067037245177715	-0.0133913120587152	0.0001793272386538	0.0113856848259644	-0.0016370942473303	3.3940936299990336e-08	2.6800775746419618e-06	1.1519871569200012e-15	0.001007041371499	-6.399938748139996e-05	4.095921597994374e-09	1.0141323239105869e-06	0.00117282472674	-5.319188019995563e-08	2.829376119206432e-15	1.3755178396527558e-06	0.0	0.0	0.0	0.0	0.0	0.0	0.0	0.0	0.0	0.0	0.0	0.0	0.0	0.0	0.0
867.6307314267118	-0.0460285612725783	752783.086116051	0.0021186284528235	870.2033375205332	0.1739794339747504	0.0302688434461745	757253.848631875	818.179578937468	1.2409080487503843	1.539852785453486	669417.8233902925	815.4544888519183	667.6541451757948	1.027562	18.060619	0.0352765488893805	0.0185017197369964	0.059188779	-0.0981087259	0.0185551905	-0.0111393695	0.1164010958	0.0924088572	0.0382051354	-0.0015337781	0.1217396727	-0.1220786222	0.1431929049	0.0756372577	-0.0008152623	-0.0789628361	-0.0041883854	-0.2178710738	0.0553908001	0.1131040493	-0.0628627028	-0.1256910714	-0.1737122423	0.0203395165	0.1355443283	-0.0627422947	0.0201860864	0.1004777074	-0.1726613333	0.1157866628	0.0216732289	0.1014458967	0.1070231729	-0.0729081054	-0.0923453725	0.064743943	0.0890692648	0.0532803045	-0.0724885109	0.0632993377	-0.0658411619	-0.1152159996	-0.0371101715	-0.0937144956	0.1009316405	0.0774397149	-0.1016142431	0.0035673421	-0.0534806994	-0.0643104157	0.0070682455	0.084430858	-0.148153447	-0.0996750051	-0.0681332403	-0.0226864248	-0.0209302492	0.0458690212	0.0259877941	0.0302626998	-0.1561451084	0.1560591586	0.0997798634037678	-0.0062579484384884	0.0099560211408745	3.916191865877955e-05	0.0035600688596133	-0.0150123622608191	1.2674090285188342e-05	0.00022537102065	-0.1067152872723795	-1.156275460799383e-05	1.3369729412468255e-10	0.0113881525376264	-0.0015510245984289	8.60696489014001e-05	2.4056773049315304e-06	7.407984462010282e-09	0.0008560587470918	-0.0001509826244071	2.27957528728856e-08	7.328365784723825e-07	0.0012156659621407	4.284123540069986e-05	1.835371450658179e-09	1.4778437315074735e-06	0.0	0.0	0.0	0.0	0.0	0.0	0.0	0.0	0.0	0.0	0.0	0.0	0.0	0.0	0.0
