
Thu Mar 12 12:12:42 CET 2026
cd /out/sourcedata/freesurfer/sub-v1s11x0050145_ses-1
setenv SUBJECTS_DIR /out/sourcedata/freesurfer
/opt/freesurfer/bin/recon-all -autorecon-hemi rh -noparcstats -noparcstats2 -noparcstats3 -nohyporelabel -nobalabels -rh-only -openmp 16 -subjid sub-v1s11x0050145_ses-1 -sd /out/sourcedata/freesurfer

subjid sub-v1s11x0050145_ses-1
setenv SUBJECTS_DIR /out/sourcedata/freesurfer
FREESURFER_HOME /opt/freesurfer
Actual FREESURFER_HOME /opt/freesurfer
build-stamp.txt: freesurfer-linux-ubuntu22_x86_64-7.3.2-20220804-6354275
Linux dna050 5.14.0-427.37.1.el9_4.x86_64 #1 SMP PREEMPT_DYNAMIC Fri Sep 13 12:41:50 EDT 2024 x86_64 x86_64 x86_64 GNU/Linux
cputime      unlimited
filesize     unlimited
datasize     unlimited
stacksize    8192 kbytes
coredumpsize 0 kbytes
memoryuse    67108864 kbytes
vmemoryuse   unlimited
descriptors  1024 
memorylocked unlimited
maxproc      2061970 
maxlocks     unlimited
maxsignal    2061970 
maxmessage   819200 
maxnice      0 
maxrtprio    0 
maxrttime    unlimited

               total        used        free      shared  buff/cache   available
Mem:           503Gi        55Gi       394Gi        12Gi        54Gi       432Gi
Swap:             0B          0B          0B

########################################
program versions used
7.3.2 (freesurfer-linux-ubuntu22_x86_64-7.3.2-20220804-6354275)
7.3.2

ProgramName: lta_convert  ProgramArguments: lta_convert -all-info  ProgramVersion: 7.3.2  TimeStamp: 2026/03/12-11:12:42-GMT  BuildTime: Aug  4 2022 06:17:15  BuildStamp: freesurfer-linux-ubuntu22_x86_64-7.3.2-20220804-6354275  User: oesteban  Machine: dna050  Platform: Linux  PlatformVersion: 5.14.0-427.37.1.el9_4.x86_64  CompilerName: GCC  CompilerVersion: 8.4.0
ProgramName: mri_and  ProgramArguments: mri_and -all-info  ProgramVersion: 7.3.2  TimeStamp: 2026/03/12-11:12:42-GMT  BuildTime: Aug  4 2022 06:17:15  BuildStamp: freesurfer-linux-ubuntu22_x86_64-7.3.2-20220804-6354275  User: oesteban  Machine: dna050  Platform: Linux  PlatformVersion: 5.14.0-427.37.1.el9_4.x86_64  CompilerName: GCC  CompilerVersion: 8.4.0
ProgramName: mri_annotation2label  ProgramArguments: mri_annotation2label -all-info  ProgramVersion: 7.3.2  TimeStamp: 2026/03/12-11:12:42-GMT  BuildTime: Aug  4 2022 06:17:15  BuildStamp: freesurfer-linux-ubuntu22_x86_64-7.3.2-20220804-6354275  User: oesteban  Machine: dna050  Platform: Linux  PlatformVersion: 5.14.0-427.37.1.el9_4.x86_64  CompilerName: GCC  CompilerVersion: 8.4.0
ProgramName: mri_aparc2aseg  ProgramArguments: mri_aparc2aseg -all-info  ProgramVersion: 7.3.2  TimeStamp: 2026/03/12-11:12:42-GMT  BuildTime: Aug  4 2022 06:17:15  BuildStamp: freesurfer-linux-ubuntu22_x86_64-7.3.2-20220804-6354275  User: oesteban  Machine: dna050  Platform: Linux  PlatformVersion: 5.14.0-427.37.1.el9_4.x86_64  CompilerName: GCC  CompilerVersion: 8.4.0
ProgramName: mri_surf2volseg  ProgramArguments: mri_surf2volseg -all-info  ProgramVersion: 7.3.2  TimeStamp: 2026/03/12-11:12:42-GMT  BuildTime: Aug  4 2022 06:17:15  BuildStamp: freesurfer-linux-ubuntu22_x86_64-7.3.2-20220804-6354275  User: oesteban  Machine: dna050  Platform: Linux  PlatformVersion: 5.14.0-427.37.1.el9_4.x86_64  CompilerName: GCC  CompilerVersion: 8.4.0
ProgramName: mri_binarize  ProgramArguments: mri_binarize -all-info  ProgramVersion: 7.3.2  TimeStamp: 2026/03/12-11:12:42-GMT  BuildTime: Aug  4 2022 06:17:15  BuildStamp: freesurfer-linux-ubuntu22_x86_64-7.3.2-20220804-6354275  User: oesteban  Machine: dna050  Platform: Linux  PlatformVersion: 5.14.0-427.37.1.el9_4.x86_64  CompilerName: GCC  CompilerVersion: 8.4.0
ProgramName: mri_ca_label  ProgramArguments: mri_ca_label -all-info  ProgramVersion: 7.3.2  TimeStamp: 2026/03/12-11:12:42-GMT  BuildTime: Aug  4 2022 06:17:15  BuildStamp: freesurfer-linux-ubuntu22_x86_64-7.3.2-20220804-6354275  User: oesteban  Machine: dna050  Platform: Linux  PlatformVersion: 5.14.0-427.37.1.el9_4.x86_64  CompilerName: GCC  CompilerVersion: 8.4.0
ProgramName: mri_ca_normalize  ProgramArguments: mri_ca_normalize -all-info  ProgramVersion: 7.3.2  TimeStamp: 2026/03/12-11:12:42-GMT  BuildTime: Aug  4 2022 06:17:15  BuildStamp: freesurfer-linux-ubuntu22_x86_64-7.3.2-20220804-6354275  User: oesteban  Machine: dna050  Platform: Linux  PlatformVersion: 5.14.0-427.37.1.el9_4.x86_64  CompilerName: GCC  CompilerVersion: 8.4.0
ProgramName: mri_ca_register  ProgramArguments: mri_ca_register -all-info  ProgramVersion: 7.3.2  TimeStamp: 2026/03/12-11:12:42-GMT  BuildTime: Aug  4 2022 06:17:15  BuildStamp: freesurfer-linux-ubuntu22_x86_64-7.3.2-20220804-6354275  User: oesteban  Machine: dna050  Platform: Linux  PlatformVersion: 5.14.0-427.37.1.el9_4.x86_64  CompilerName: GCC  CompilerVersion: 8.4.0
ProgramName: mri_cc  ProgramArguments: mri_cc -all-info  ProgramVersion: 7.3.2  TimeStamp: 2026/03/12-11:12:42-GMT  BuildTime: Aug  4 2022 06:17:15  BuildStamp: freesurfer-linux-ubuntu22_x86_64-7.3.2-20220804-6354275  User: oesteban  Machine: dna050  Platform: Linux  PlatformVersion: 5.14.0-427.37.1.el9_4.x86_64  CompilerName: GCC  CompilerVersion: 8.4.0
ProgramName: mri_compute_overlap  ProgramArguments: mri_compute_overlap -all-info  ProgramVersion: 7.3.2  TimeStamp: 2026/03/12-11:12:42-GMT  BuildTime: Aug  4 2022 06:17:15  BuildStamp: freesurfer-linux-ubuntu22_x86_64-7.3.2-20220804-6354275  User: oesteban  Machine: dna050  Platform: Linux  PlatformVersion: 5.14.0-427.37.1.el9_4.x86_64  CompilerName: GCC  CompilerVersion: 8.4.0
ProgramName: mri_compute_seg_overlap  ProgramArguments: mri_compute_seg_overlap -all-info  ProgramVersion: 7.3.2  TimeStamp: 2026/03/12-11:12:42-GMT  BuildTime: Aug  4 2022 06:17:15  BuildStamp: freesurfer-linux-ubuntu22_x86_64-7.3.2-20220804-6354275  User: oesteban  Machine: dna050  Platform: Linux  PlatformVersion: 5.14.0-427.37.1.el9_4.x86_64  CompilerName: GCC  CompilerVersion: 8.4.0
ProgramName: mri_concat  ProgramArguments: mri_concat -all-info  ProgramVersion: 7.3.2  TimeStamp: 2026/03/12-11:12:42-GMT  BuildTime: Aug  4 2022 06:17:15  BuildStamp: freesurfer-linux-ubuntu22_x86_64-7.3.2-20220804-6354275  User: oesteban  Machine: dna050  Platform: Linux  PlatformVersion: 5.14.0-427.37.1.el9_4.x86_64  CompilerName: GCC  CompilerVersion: 8.4.0
ProgramName: mri_concatenate_lta  ProgramArguments: mri_concatenate_lta -all-info  ProgramVersion: 7.3.2  TimeStamp: 2026/03/12-11:12:42-GMT  BuildTime: Aug  4 2022 06:17:15  BuildStamp: freesurfer-linux-ubuntu22_x86_64-7.3.2-20220804-6354275  User: oesteban  Machine: dna050  Platform: Linux  PlatformVersion: 5.14.0-427.37.1.el9_4.x86_64  CompilerName: GCC  CompilerVersion: 8.4.0
mri_convert -all-info 
ProgramName: mri_convert  ProgramArguments: mri_convert -all-info  ProgramVersion: 7.3.2  TimeStamp: 2026/03/12-11:12:42-GMT  BuildTime: Aug  4 2022 06:17:15  BuildStamp: freesurfer-linux-ubuntu22_x86_64-7.3.2-20220804-6354275  User: oesteban  Machine: dna050  Platform: Linux  PlatformVersion: 5.14.0-427.37.1.el9_4.x86_64  CompilerName: GCC  CompilerVersion: 8.4.0
ProgramName: mri_diff  ProgramArguments: mri_diff -all-info  ProgramVersion: 7.3.2  TimeStamp: 2026/03/12-11:12:42-GMT  BuildTime: Aug  4 2022 06:17:15  BuildStamp: freesurfer-linux-ubuntu22_x86_64-7.3.2-20220804-6354275  User: oesteban  Machine: dna050  Platform: Linux  PlatformVersion: 5.14.0-427.37.1.el9_4.x86_64  CompilerName: GCC  CompilerVersion: 8.4.0
ProgramName: mri_edit_wm_with_aseg  ProgramArguments: mri_edit_wm_with_aseg -all-info  ProgramVersion: 7.3.2  TimeStamp: 2026/03/12-11:12:42-GMT  BuildTime: Aug  4 2022 06:17:15  BuildStamp: freesurfer-linux-ubuntu22_x86_64-7.3.2-20220804-6354275  User: oesteban  Machine: dna050  Platform: Linux  PlatformVersion: 5.14.0-427.37.1.el9_4.x86_64  CompilerName: GCC  CompilerVersion: 8.4.0
ProgramName: mri_em_register  ProgramArguments: mri_em_register -all-info  ProgramVersion: 7.3.2  TimeStamp: 2026/03/12-11:12:42-GMT  BuildTime: Aug  4 2022 06:17:15  BuildStamp: freesurfer-linux-ubuntu22_x86_64-7.3.2-20220804-6354275  User: oesteban  Machine: dna050  Platform: Linux  PlatformVersion: 5.14.0-427.37.1.el9_4.x86_64  CompilerName: GCC  CompilerVersion: 8.4.0
ProgramName: mri_fill  ProgramArguments: mri_fill -all-info  ProgramVersion: 7.3.2  TimeStamp: 2026/03/12-11:12:42-GMT  BuildTime: Aug  4 2022 06:17:15  BuildStamp: freesurfer-linux-ubuntu22_x86_64-7.3.2-20220804-6354275  User: oesteban  Machine: dna050  Platform: Linux  PlatformVersion: 5.14.0-427.37.1.el9_4.x86_64  CompilerName: GCC  CompilerVersion: 8.4.0
ProgramName: mri_fuse_segmentations  ProgramArguments: mri_fuse_segmentations -all-info  ProgramVersion: 7.3.2  TimeStamp: 2026/03/12-11:12:42-GMT  BuildTime: Aug  4 2022 06:17:15  BuildStamp: freesurfer-linux-ubuntu22_x86_64-7.3.2-20220804-6354275  User: oesteban  Machine: dna050  Platform: Linux  PlatformVersion: 5.14.0-427.37.1.el9_4.x86_64  CompilerName: GCC  CompilerVersion: 8.4.0
ProgramName: mri_fwhm  ProgramArguments: mri_fwhm -all-info  ProgramVersion: 7.3.2  TimeStamp: 2026/03/12-11:12:42-GMT  BuildTime: Aug  4 2022 06:17:15  BuildStamp: freesurfer-linux-ubuntu22_x86_64-7.3.2-20220804-6354275  User: oesteban  Machine: dna050  Platform: Linux  PlatformVersion: 5.14.0-427.37.1.el9_4.x86_64  CompilerName: GCC  CompilerVersion: 8.4.0
ProgramName: mri_gcut  ProgramArguments: mri_gcut -all-info  ProgramVersion: 7.3.2  TimeStamp: 2026/03/12-11:12:42-GMT  BuildTime: Aug  4 2022 06:17:15  BuildStamp: freesurfer-linux-ubuntu22_x86_64-7.3.2-20220804-6354275  User: oesteban  Machine: dna050  Platform: Linux  PlatformVersion: 5.14.0-427.37.1.el9_4.x86_64  CompilerName: GCC  CompilerVersion: 8.4.0
ProgramName: mri_info  ProgramArguments: mri_info -all-info  ProgramVersion: 7.3.2  TimeStamp: 2026/03/12-11:12:42-GMT  BuildTime: Aug  4 2022 06:17:15  BuildStamp: freesurfer-linux-ubuntu22_x86_64-7.3.2-20220804-6354275  User: oesteban  Machine: dna050  Platform: Linux  PlatformVersion: 5.14.0-427.37.1.el9_4.x86_64  CompilerName: GCC  CompilerVersion: 8.4.0
ProgramName: mri_label2label  ProgramArguments: mri_label2label -all-info  ProgramVersion: 7.3.2  TimeStamp: 2026/03/12-11:12:42-GMT  BuildTime: Aug  4 2022 06:17:15  BuildStamp: freesurfer-linux-ubuntu22_x86_64-7.3.2-20220804-6354275  User: oesteban  Machine: dna050  Platform: Linux  PlatformVersion: 5.14.0-427.37.1.el9_4.x86_64  CompilerName: GCC  CompilerVersion: 8.4.0
ProgramName: mri_label2vol  ProgramArguments: mri_label2vol -all-info  ProgramVersion: 7.3.2  TimeStamp: 2026/03/12-11:12:42-GMT  BuildTime: Aug  4 2022 06:17:15  BuildStamp: freesurfer-linux-ubuntu22_x86_64-7.3.2-20220804-6354275  User: oesteban  Machine: dna050  Platform: Linux  PlatformVersion: 5.14.0-427.37.1.el9_4.x86_64  CompilerName: GCC  CompilerVersion: 8.4.0
ProgramName: mri_log_likelihood  ProgramArguments: mri_log_likelihood -all-info  ProgramVersion: 7.3.2  TimeStamp: 2026/03/12-11:12:42-GMT  BuildTime: Aug  4 2022 06:17:15  BuildStamp: freesurfer-linux-ubuntu22_x86_64-7.3.2-20220804-6354275  User: oesteban  Machine: dna050  Platform: Linux  PlatformVersion: 5.14.0-427.37.1.el9_4.x86_64  CompilerName: GCC  CompilerVersion: 8.4.0
ProgramName: mri_mask  ProgramArguments: mri_mask -all-info  ProgramVersion: 7.3.2  TimeStamp: 2026/03/12-11:12:42-GMT  BuildTime: Aug  4 2022 06:17:15  BuildStamp: freesurfer-linux-ubuntu22_x86_64-7.3.2-20220804-6354275  User: oesteban  Machine: dna050  Platform: Linux  PlatformVersion: 5.14.0-427.37.1.el9_4.x86_64  CompilerName: GCC  CompilerVersion: 8.4.0
ProgramName: mri_matrix_multiply  ProgramArguments: mri_matrix_multiply -all-info  ProgramVersion: 7.3.2  TimeStamp: 2026/03/12-11:12:42-GMT  BuildTime: Aug  4 2022 06:17:15  BuildStamp: freesurfer-linux-ubuntu22_x86_64-7.3.2-20220804-6354275  User: oesteban  Machine: dna050  Platform: Linux  PlatformVersion: 5.14.0-427.37.1.el9_4.x86_64  CompilerName: GCC  CompilerVersion: 8.4.0
ProgramName: mri_normalize  ProgramArguments: mri_normalize -all-info  ProgramVersion: 7.3.2  TimeStamp: 2026/03/12-11:12:42-GMT  BuildTime: Aug  4 2022 06:17:15  BuildStamp: freesurfer-linux-ubuntu22_x86_64-7.3.2-20220804-6354275  User: oesteban  Machine: dna050  Platform: Linux  PlatformVersion: 5.14.0-427.37.1.el9_4.x86_64  CompilerName: GCC  CompilerVersion: 8.4.0
ProgramName: mri_normalize_tp2  ProgramArguments: mri_normalize_tp2 -all-info  ProgramVersion: 7.3.2  TimeStamp: 2026/03/12-11:12:42-GMT  BuildTime: Aug  4 2022 06:17:15  BuildStamp: freesurfer-linux-ubuntu22_x86_64-7.3.2-20220804-6354275  User: oesteban  Machine: dna050  Platform: Linux  PlatformVersion: 5.14.0-427.37.1.el9_4.x86_64  CompilerName: GCC  CompilerVersion: 8.4.0
ProgramName: mri_or  ProgramArguments: mri_or -all-info  ProgramVersion: 7.3.2  TimeStamp: 2026/03/12-11:12:42-GMT  BuildTime: Aug  4 2022 06:17:15  BuildStamp: freesurfer-linux-ubuntu22_x86_64-7.3.2-20220804-6354275  User: oesteban  Machine: dna050  Platform: Linux  PlatformVersion: 5.14.0-427.37.1.el9_4.x86_64  CompilerName: GCC  CompilerVersion: 8.4.0
ProgramName: mri_relabel_hypointensities  ProgramArguments: mri_relabel_hypointensities -all-info  ProgramVersion: 7.3.2  TimeStamp: 2026/03/12-11:12:42-GMT  BuildTime: Aug  4 2022 06:17:15  BuildStamp: freesurfer-linux-ubuntu22_x86_64-7.3.2-20220804-6354275  User: oesteban  Machine: dna050  Platform: Linux  PlatformVersion: 5.14.0-427.37.1.el9_4.x86_64  CompilerName: GCC  CompilerVersion: 8.4.0
ProgramName: mri_relabel_nonwm_hypos  ProgramArguments: mri_relabel_nonwm_hypos -all-info  ProgramVersion: 7.3.2  TimeStamp: 2026/03/12-11:12:42-GMT  BuildTime: Aug  4 2022 06:17:15  BuildStamp: freesurfer-linux-ubuntu22_x86_64-7.3.2-20220804-6354275  User: oesteban  Machine: dna050  Platform: Linux  PlatformVersion: 5.14.0-427.37.1.el9_4.x86_64  CompilerName: GCC  CompilerVersion: 8.4.0
ProgramName: mri_remove_neck  ProgramArguments: mri_remove_neck -all-info  ProgramVersion: 7.3.2  TimeStamp: 2026/03/12-11:12:42-GMT  BuildTime: Aug  4 2022 06:17:15  BuildStamp: freesurfer-linux-ubuntu22_x86_64-7.3.2-20220804-6354275  User: oesteban  Machine: dna050  Platform: Linux  PlatformVersion: 5.14.0-427.37.1.el9_4.x86_64  CompilerName: GCC  CompilerVersion: 8.4.0
7.3.2

ProgramName: mri_robust_register  ProgramArguments: mri_robust_register -all-info  ProgramVersion: 7.3.2  TimeStamp: 2026/03/12-11:12:42-GMT  BuildTime: Aug  4 2022 06:17:15  BuildStamp: freesurfer-linux-ubuntu22_x86_64-7.3.2-20220804-6354275  User: oesteban  Machine: dna050  Platform: Linux  PlatformVersion: 5.14.0-427.37.1.el9_4.x86_64  CompilerName: GCC  CompilerVersion: 8.4.0
7.3.2

ProgramName: mri_robust_template  ProgramArguments: mri_robust_template -all-info  ProgramVersion: 7.3.2  TimeStamp: 2026/03/12-11:12:42-GMT  BuildTime: Aug  4 2022 06:17:15  BuildStamp: freesurfer-linux-ubuntu22_x86_64-7.3.2-20220804-6354275  User: oesteban  Machine: dna050  Platform: Linux  PlatformVersion: 5.14.0-427.37.1.el9_4.x86_64  CompilerName: GCC  CompilerVersion: 8.4.0
ProgramName: mris_anatomical_stats  ProgramArguments: mris_anatomical_stats -all-info  ProgramVersion: 7.3.2  TimeStamp: 2026/03/12-11:12:42-GMT  BuildTime: Aug  4 2022 06:17:15  BuildStamp: freesurfer-linux-ubuntu22_x86_64-7.3.2-20220804-6354275  User: oesteban  Machine: dna050  Platform: Linux  PlatformVersion: 5.14.0-427.37.1.el9_4.x86_64  CompilerName: GCC  CompilerVersion: 8.4.0
ProgramName: mris_ca_label  ProgramArguments: mris_ca_label -all-info  ProgramVersion: 7.3.2  TimeStamp: 2026/03/12-11:12:42-GMT  BuildTime: Aug  4 2022 06:17:15  BuildStamp: freesurfer-linux-ubuntu22_x86_64-7.3.2-20220804-6354275  User: oesteban  Machine: dna050  Platform: Linux  PlatformVersion: 5.14.0-427.37.1.el9_4.x86_64  CompilerName: GCC  CompilerVersion: 8.4.0
ProgramName: mris_calc  ProgramArguments: mris_calc -all-info  ProgramVersion: 7.3.2  TimeStamp: 2026/03/12-11:12:42-GMT  BuildTime: Aug  4 2022 06:17:15  BuildStamp: freesurfer-linux-ubuntu22_x86_64-7.3.2-20220804-6354275  User: oesteban  Machine: dna050  Platform: Linux  PlatformVersion: 5.14.0-427.37.1.el9_4.x86_64  CompilerName: GCC  CompilerVersion: 8.4.0
ProgramName: mris_convert  ProgramArguments: mris_convert -all-info  ProgramVersion: 7.3.2  TimeStamp: 2026/03/12-11:12:42-GMT  BuildTime: Aug  4 2022 06:17:15  BuildStamp: freesurfer-linux-ubuntu22_x86_64-7.3.2-20220804-6354275  User: oesteban  Machine: dna050  Platform: Linux  PlatformVersion: 5.14.0-427.37.1.el9_4.x86_64  CompilerName: GCC  CompilerVersion: 8.4.0
ProgramName: mris_curvature  ProgramArguments: mris_curvature -all-info  ProgramVersion: 7.3.2  TimeStamp: 2026/03/12-11:12:42-GMT  BuildTime: Aug  4 2022 06:17:15  BuildStamp: freesurfer-linux-ubuntu22_x86_64-7.3.2-20220804-6354275  User: oesteban  Machine: dna050  Platform: Linux  PlatformVersion: 5.14.0-427.37.1.el9_4.x86_64  CompilerName: GCC  CompilerVersion: 8.4.0
ProgramName: mris_curvature_stats  ProgramArguments: mris_curvature_stats -all-info  ProgramVersion: 7.3.2  TimeStamp: 2026/03/12-11:12:42-GMT  BuildTime: Aug  4 2022 06:17:15  BuildStamp: freesurfer-linux-ubuntu22_x86_64-7.3.2-20220804-6354275  User: oesteban  Machine: dna050  Platform: Linux  PlatformVersion: 5.14.0-427.37.1.el9_4.x86_64  CompilerName: GCC  CompilerVersion: 8.4.0
ProgramName: mris_diff  ProgramArguments: mris_diff -all-info  ProgramVersion: 7.3.2  TimeStamp: 2026/03/12-11:12:42-GMT  BuildTime: Aug  4 2022 06:17:15  BuildStamp: freesurfer-linux-ubuntu22_x86_64-7.3.2-20220804-6354275  User: oesteban  Machine: dna050  Platform: Linux  PlatformVersion: 5.14.0-427.37.1.el9_4.x86_64  CompilerName: GCC  CompilerVersion: 8.4.0
ProgramName: mris_divide_parcellation  ProgramArguments: mris_divide_parcellation -all-info  ProgramVersion: 7.3.2  TimeStamp: 2026/03/12-11:12:42-GMT  BuildTime: Aug  4 2022 06:17:15  BuildStamp: freesurfer-linux-ubuntu22_x86_64-7.3.2-20220804-6354275  User: oesteban  Machine: dna050  Platform: Linux  PlatformVersion: 5.14.0-427.37.1.el9_4.x86_64  CompilerName: GCC  CompilerVersion: 8.4.0
ProgramName: mri_segment  ProgramArguments: mri_segment -all-info  ProgramVersion: 7.3.2  TimeStamp: 2026/03/12-11:12:42-GMT  BuildTime: Aug  4 2022 06:17:15  BuildStamp: freesurfer-linux-ubuntu22_x86_64-7.3.2-20220804-6354275  User: oesteban  Machine: dna050  Platform: Linux  PlatformVersion: 5.14.0-427.37.1.el9_4.x86_64  CompilerName: GCC  CompilerVersion: 8.4.0
ProgramName: mri_segstats  ProgramArguments: mri_segstats -all-info  ProgramVersion: 7.3.2  TimeStamp: 2026/03/12-11:12:42-GMT  BuildTime: Aug  4 2022 06:17:15  BuildStamp: freesurfer-linux-ubuntu22_x86_64-7.3.2-20220804-6354275  User: oesteban  Machine: dna050  Platform: Linux  PlatformVersion: 5.14.0-427.37.1.el9_4.x86_64  CompilerName: GCC  CompilerVersion: 8.4.0
ProgramName: mris_euler_number  ProgramArguments: mris_euler_number -all-info  ProgramVersion: 7.3.2  TimeStamp: 2026/03/12-11:12:42-GMT  BuildTime: Aug  4 2022 06:17:15  BuildStamp: freesurfer-linux-ubuntu22_x86_64-7.3.2-20220804-6354275  User: oesteban  Machine: dna050  Platform: Linux  PlatformVersion: 5.14.0-427.37.1.el9_4.x86_64  CompilerName: GCC  CompilerVersion: 8.4.0
ProgramName: mris_fix_topology  ProgramArguments: mris_fix_topology -all-info  ProgramVersion: 7.3.2  TimeStamp: 2026/03/12-11:12:42-GMT  BuildTime: Aug  4 2022 06:17:15  BuildStamp: freesurfer-linux-ubuntu22_x86_64-7.3.2-20220804-6354275  User: oesteban  Machine: dna050  Platform: Linux  PlatformVersion: 5.14.0-427.37.1.el9_4.x86_64  CompilerName: GCC  CompilerVersion: 8.4.0
ProgramName: mris_topo_fixer  ProgramArguments: mris_topo_fixer -all-info  ProgramVersion: 7.3.2  TimeStamp: 2026/03/12-11:12:42-GMT  BuildTime: Aug  4 2022 06:17:15  BuildStamp: freesurfer-linux-ubuntu22_x86_64-7.3.2-20220804-6354275  User: oesteban  Machine: dna050  Platform: Linux  PlatformVersion: 5.14.0-427.37.1.el9_4.x86_64  CompilerName: GCC  CompilerVersion: 8.4.0
ProgramName: mris_jacobian  ProgramArguments: mris_jacobian -all-info  ProgramVersion: 7.3.2  TimeStamp: 2026/03/12-11:12:42-GMT  BuildTime: Aug  4 2022 06:17:15  BuildStamp: freesurfer-linux-ubuntu22_x86_64-7.3.2-20220804-6354275  User: oesteban  Machine: dna050  Platform: Linux  PlatformVersion: 5.14.0-427.37.1.el9_4.x86_64  CompilerName: GCC  CompilerVersion: 8.4.0
ProgramName: mris_label2annot  ProgramArguments: mris_label2annot -all-info  ProgramVersion: 7.3.2  TimeStamp: 2026/03/12-11:12:42-GMT  BuildTime: Aug  4 2022 06:17:15  BuildStamp: freesurfer-linux-ubuntu22_x86_64-7.3.2-20220804-6354275  User: oesteban  Machine: dna050  Platform: Linux  PlatformVersion: 5.14.0-427.37.1.el9_4.x86_64  CompilerName: GCC  CompilerVersion: 8.4.0
ProgramName: mris_left_right_register  ProgramArguments: mris_left_right_register -all-info  ProgramVersion: 7.3.2  TimeStamp: 2026/03/12-11:12:42-GMT  BuildTime: Aug  4 2022 06:17:15  BuildStamp: freesurfer-linux-ubuntu22_x86_64-7.3.2-20220804-6354275  User: oesteban  Machine: dna050  Platform: Linux  PlatformVersion: 5.14.0-427.37.1.el9_4.x86_64  CompilerName: GCC  CompilerVersion: 8.4.0
ProgramName: mris_place_surface  ProgramArguments: mris_place_surface -all-info  ProgramVersion: 7.3.2  TimeStamp: 2026/03/12-11:12:42-GMT  BuildTime: Aug  4 2022 06:17:15  BuildStamp: freesurfer-linux-ubuntu22_x86_64-7.3.2-20220804-6354275  User: oesteban  Machine: dna050  Platform: Linux  PlatformVersion: 5.14.0-427.37.1.el9_4.x86_64  CompilerName: GCC  CompilerVersion: 8.4.0
ProgramName: mrisp_paint  ProgramArguments: mrisp_paint -all-info  ProgramVersion: 7.3.2  TimeStamp: 2026/03/12-11:12:42-GMT  BuildTime: Aug  4 2022 06:17:15  BuildStamp: freesurfer-linux-ubuntu22_x86_64-7.3.2-20220804-6354275  User: oesteban  Machine: dna050  Platform: Linux  PlatformVersion: 5.14.0-427.37.1.el9_4.x86_64  CompilerName: GCC  CompilerVersion: 8.4.0
ProgramName: mris_register  ProgramArguments: mris_register -all-info  ProgramVersion: 7.3.2  TimeStamp: 2026/03/12-11:12:42-GMT  BuildTime: Aug  4 2022 06:17:15  BuildStamp: freesurfer-linux-ubuntu22_x86_64-7.3.2-20220804-6354275  User: oesteban  Machine: dna050  Platform: Linux  PlatformVersion: 5.14.0-427.37.1.el9_4.x86_64  CompilerName: GCC  CompilerVersion: 8.4.0
ProgramName: mris_smooth  ProgramArguments: mris_smooth -all-info  ProgramVersion: 7.3.2  TimeStamp: 2026/03/12-11:12:42-GMT  BuildTime: Aug  4 2022 06:17:15  BuildStamp: freesurfer-linux-ubuntu22_x86_64-7.3.2-20220804-6354275  User: oesteban  Machine: dna050  Platform: Linux  PlatformVersion: 5.14.0-427.37.1.el9_4.x86_64  CompilerName: GCC  CompilerVersion: 8.4.0
ProgramName: mris_sphere  ProgramArguments: mris_sphere -all-info  ProgramVersion: 7.3.2  TimeStamp: 2026/03/12-11:12:42-GMT  BuildTime: Aug  4 2022 06:17:15  BuildStamp: freesurfer-linux-ubuntu22_x86_64-7.3.2-20220804-6354275  User: oesteban  Machine: dna050  Platform: Linux  PlatformVersion: 5.14.0-427.37.1.el9_4.x86_64  CompilerName: GCC  CompilerVersion: 8.4.0
ProgramName: mris_surface_stats  ProgramArguments: mris_surface_stats -all-info  ProgramVersion: 7.3.2  TimeStamp: 2026/03/12-11:12:43-GMT  BuildTime: Aug  4 2022 06:17:15  BuildStamp: freesurfer-linux-ubuntu22_x86_64-7.3.2-20220804-6354275  User: oesteban  Machine: dna050  Platform: Linux  PlatformVersion: 5.14.0-427.37.1.el9_4.x86_64  CompilerName: GCC  CompilerVersion: 8.4.0
ProgramName: mri_stats2seg  ProgramArguments: mri_stats2seg -all-info  ProgramVersion: 7.3.2  TimeStamp: 2026/03/12-11:12:43-GMT  BuildTime: Aug  4 2022 06:17:15  BuildStamp: freesurfer-linux-ubuntu22_x86_64-7.3.2-20220804-6354275  User: oesteban  Machine: dna050  Platform: Linux  PlatformVersion: 5.14.0-427.37.1.el9_4.x86_64  CompilerName: GCC  CompilerVersion: 8.4.0
ProgramName: mris_thickness  ProgramArguments: mris_thickness -all-info  ProgramVersion: 7.3.2  TimeStamp: 2026/03/12-11:12:43-GMT  BuildTime: Aug  4 2022 06:17:15  BuildStamp: freesurfer-linux-ubuntu22_x86_64-7.3.2-20220804-6354275  User: oesteban  Machine: dna050  Platform: Linux  PlatformVersion: 5.14.0-427.37.1.el9_4.x86_64  CompilerName: GCC  CompilerVersion: 8.4.0
ProgramName: mris_thickness_diff  ProgramArguments: mris_thickness_diff -all-info  ProgramVersion: 7.3.2  TimeStamp: 2026/03/12-11:12:43-GMT  BuildTime: Aug  4 2022 06:17:15  BuildStamp: freesurfer-linux-ubuntu22_x86_64-7.3.2-20220804-6354275  User: oesteban  Machine: dna050  Platform: Linux  PlatformVersion: 5.14.0-427.37.1.el9_4.x86_64  CompilerName: GCC  CompilerVersion: 8.4.0
ProgramName: mris_topo_fixer  ProgramArguments: mris_topo_fixer -all-info  ProgramVersion: 7.3.2  TimeStamp: 2026/03/12-11:12:43-GMT  BuildTime: Aug  4 2022 06:17:15  BuildStamp: freesurfer-linux-ubuntu22_x86_64-7.3.2-20220804-6354275  User: oesteban  Machine: dna050  Platform: Linux  PlatformVersion: 5.14.0-427.37.1.el9_4.x86_64  CompilerName: GCC  CompilerVersion: 8.4.0
ProgramName: mri_surf2surf  ProgramArguments: mri_surf2surf -all-info  ProgramVersion: 7.3.2  TimeStamp: 2026/03/12-11:12:43-GMT  BuildTime: Aug  4 2022 06:17:15  BuildStamp: freesurfer-linux-ubuntu22_x86_64-7.3.2-20220804-6354275  User: oesteban  Machine: dna050  Platform: Linux  PlatformVersion: 5.14.0-427.37.1.el9_4.x86_64  CompilerName: GCC  CompilerVersion: 8.4.0
ProgramName: mri_surf2vol  ProgramArguments: mri_surf2vol -all-info  ProgramVersion: 7.3.2  TimeStamp: 2026/03/12-11:12:43-GMT  BuildTime: Aug  4 2022 06:17:15  BuildStamp: freesurfer-linux-ubuntu22_x86_64-7.3.2-20220804-6354275  User: oesteban  Machine: dna050  Platform: Linux  PlatformVersion: 5.14.0-427.37.1.el9_4.x86_64  CompilerName: GCC  CompilerVersion: 8.4.0
ProgramName: mri_surfcluster  ProgramArguments: mri_surfcluster -all-info  ProgramVersion: 7.3.2  TimeStamp: 2026/03/12-11:12:43-GMT  BuildTime: Aug  4 2022 06:17:15  BuildStamp: freesurfer-linux-ubuntu22_x86_64-7.3.2-20220804-6354275  User: oesteban  Machine: dna050  Platform: Linux  PlatformVersion: 5.14.0-427.37.1.el9_4.x86_64  CompilerName: GCC  CompilerVersion: 8.4.0
ProgramName: mris_volmask  ProgramArguments: mris_volmask -all-info  ProgramVersion: 7.3.2  TimeStamp: 2026/03/12-11:12:43-GMT  BuildTime: Aug  4 2022 06:17:15  BuildStamp: freesurfer-linux-ubuntu22_x86_64-7.3.2-20220804-6354275  User: oesteban  Machine: dna050  Platform: Linux  PlatformVersion: 5.14.0-427.37.1.el9_4.x86_64  CompilerName: GCC  CompilerVersion: 8.4.0
ProgramName: mri_tessellate  ProgramArguments: mri_tessellate -all-info  ProgramVersion: 7.3.2  TimeStamp: 2026/03/12-11:12:43-GMT  BuildTime: Aug  4 2022 06:17:15  BuildStamp: freesurfer-linux-ubuntu22_x86_64-7.3.2-20220804-6354275  User: oesteban  Machine: dna050  Platform: Linux  PlatformVersion: 5.14.0-427.37.1.el9_4.x86_64  CompilerName: GCC  CompilerVersion: 8.4.0
ProgramName: mri_vol2surf  ProgramArguments: mri_vol2surf -all-info  ProgramVersion: 7.3.2  TimeStamp: 2026/03/12-11:12:43-GMT  BuildTime: Aug  4 2022 06:17:15  BuildStamp: freesurfer-linux-ubuntu22_x86_64-7.3.2-20220804-6354275  User: oesteban  Machine: dna050  Platform: Linux  PlatformVersion: 5.14.0-427.37.1.el9_4.x86_64  CompilerName: GCC  CompilerVersion: 8.4.0
ProgramName: mri_vol2vol  ProgramArguments: mri_vol2vol -all-info  ProgramVersion: 7.3.2  TimeStamp: 2026/03/12-11:12:43-GMT  BuildTime: Aug  4 2022 06:17:15  BuildStamp: freesurfer-linux-ubuntu22_x86_64-7.3.2-20220804-6354275  User: oesteban  Machine: dna050  Platform: Linux  PlatformVersion: 5.14.0-427.37.1.el9_4.x86_64  CompilerName: GCC  CompilerVersion: 8.4.0
ProgramName: mri_voldiff  ProgramArguments: mri_voldiff -all-info  ProgramVersion: 7.3.2  TimeStamp: 2026/03/12-11:12:43-GMT  BuildTime: Aug  4 2022 06:17:15  BuildStamp: freesurfer-linux-ubuntu22_x86_64-7.3.2-20220804-6354275  User: oesteban  Machine: dna050  Platform: Linux  PlatformVersion: 5.14.0-427.37.1.el9_4.x86_64  CompilerName: GCC  CompilerVersion: 8.4.0
ProgramName: mri_watershed  ProgramArguments: mri_watershed -all-info  ProgramVersion: 7.3.2  TimeStamp: 2026/03/12-11:12:43-GMT  BuildTime: Aug  4 2022 06:17:15  BuildStamp: freesurfer-linux-ubuntu22_x86_64-7.3.2-20220804-6354275  User: oesteban  Machine: dna050  Platform: Linux  PlatformVersion: 5.14.0-427.37.1.el9_4.x86_64  CompilerName: GCC  CompilerVersion: 8.4.0
ProgramName: tkregister2  ProgramArguments: tkregister2_cmdl -all-info  ProgramVersion: 7.3.2  TimeStamp: 2026/03/12-11:12:43-GMT  BuildTime: Aug  4 2022 06:17:15  BuildStamp: freesurfer-linux-ubuntu22_x86_64-7.3.2-20220804-6354275  User: oesteban  Machine: dna050  Platform: Linux  PlatformVersion: 5.14.0-427.37.1.el9_4.x86_64  CompilerName: GCC  CompilerVersion: 8.4.0
mri_motion_correct.fsl 7.3.2
mri_convert -all-info 
ProgramName: mri_convert  ProgramArguments: mri_convert -all-info  ProgramVersion: 7.3.2  TimeStamp: 2026/03/12-11:12:43-GMT  BuildTime: Aug  4 2022 06:17:15  BuildStamp: freesurfer-linux-ubuntu22_x86_64-7.3.2-20220804-6354275  User: oesteban  Machine: dna050  Platform: Linux  PlatformVersion: 5.14.0-427.37.1.el9_4.x86_64  CompilerName: GCC  CompilerVersion: 8.4.0
Program nu_correct, built from:
Package MNI N3, version 1.12.0, compiled by nicks@terrier (x86_64-unknown-linux-gnu) on 2015-06-19 at 01:25:34
#######################################
GCADIR /opt/freesurfer/average
GCA RB_all_2020-01-02.gca
GCASkull RB_all_withskull_2020_01_02.gca
AvgCurvTif folding.atlas.acfb40.noaparc.i12.2016-08-02.tif
GCSDIR /opt/freesurfer/average
GCS DKaparc.atlas.acfb40.noaparc.i12.2016-08-02.gcs
#######################################
#--------------------------------------------
#@# Tessellate rh Thu Mar 12 12:12:43 CET 2026
/out/sourcedata/freesurfer/sub-v1s11x0050145_ses-1/scripts

 mri_pretess ../mri/filled.mgz 127 ../mri/norm.mgz ../mri/filled-pretess127.mgz 


Iteration Number : 1
pass   1 (xy+):   1 found -   1 modified     |    TOTAL:   1
pass   2 (xy+):   0 found -   1 modified     |    TOTAL:   1
pass   1 (xy-):   0 found -   0 modified     |    TOTAL:   1
pass   1 (yz+):   3 found -   3 modified     |    TOTAL:   4
pass   2 (yz+):   0 found -   3 modified     |    TOTAL:   4
pass   1 (yz-):   5 found -   5 modified     |    TOTAL:   9
pass   2 (yz-):   0 found -   5 modified     |    TOTAL:   9
pass   1 (xz+):   1 found -   1 modified     |    TOTAL:  10
pass   2 (xz+):   0 found -   1 modified     |    TOTAL:  10
pass   1 (xz-):   1 found -   1 modified     |    TOTAL:  11
pass   2 (xz-):   0 found -   1 modified     |    TOTAL:  11
Iteration Number : 1
pass   1 (+++):   0 found -   0 modified     |    TOTAL:   0
pass   1 (+++):   0 found -   0 modified     |    TOTAL:   0
pass   1 (+++):   0 found -   0 modified     |    TOTAL:   0
pass   1 (+++):   0 found -   0 modified     |    TOTAL:   0
Iteration Number : 1
pass   1 (++):   0 found -   0 modified     |    TOTAL:   0
pass   1 (+-):   0 found -   0 modified     |    TOTAL:   0
pass   1 (--):   1 found -   1 modified     |    TOTAL:   1
pass   2 (--):   0 found -   1 modified     |    TOTAL:   1
pass   1 (-+):   1 found -   1 modified     |    TOTAL:   2
pass   2 (-+):   0 found -   1 modified     |    TOTAL:   2
Iteration Number : 2
pass   1 (xy+):   0 found -   0 modified     |    TOTAL:   0
pass   1 (xy-):   0 found -   0 modified     |    TOTAL:   0
pass   1 (yz+):   0 found -   0 modified     |    TOTAL:   0
pass   1 (yz-):   0 found -   0 modified     |    TOTAL:   0
pass   1 (xz+):   0 found -   0 modified     |    TOTAL:   0
pass   1 (xz-):   0 found -   0 modified     |    TOTAL:   0
Iteration Number : 2
pass   1 (+++):   0 found -   0 modified     |    TOTAL:   0
pass   1 (+++):   0 found -   0 modified     |    TOTAL:   0
pass   1 (+++):   0 found -   0 modified     |    TOTAL:   0
pass   1 (+++):   0 found -   0 modified     |    TOTAL:   0
Iteration Number : 2
pass   1 (++):   0 found -   0 modified     |    TOTAL:   0
pass   1 (+-):   0 found -   0 modified     |    TOTAL:   0
pass   1 (--):   0 found -   0 modified     |    TOTAL:   0
pass   1 (-+):   0 found -   0 modified     |    TOTAL:   0

Total Number of Modified Voxels = 13 (out of 251473: 0.005170)
Ambiguous edge configurations... 

mri_pretess done


 mri_tessellate ../mri/filled-pretess127.mgz 127 ../surf/rh.orig.nofix 

7.3.2
  7.3.2
slice 40: 297 vertices, 352 faces
slice 50: 4631 vertices, 4873 faces
slice 60: 13797 vertices, 14159 faces
slice 70: 25624 vertices, 26005 faces
slice 80: 37840 vertices, 38192 faces
slice 90: 49570 vertices, 49970 faces
slice 100: 63109 vertices, 63565 faces
slice 110: 75229 vertices, 75642 faces
slice 120: 87530 vertices, 87942 faces
slice 130: 99443 vertices, 99859 faces
slice 140: 109948 vertices, 110331 faces
slice 150: 120010 vertices, 120371 faces
slice 160: 128464 vertices, 128765 faces
slice 170: 135371 vertices, 135606 faces
slice 180: 140953 vertices, 141162 faces
slice 190: 145070 vertices, 145197 faces
slice 200: 146500 vertices, 146536 faces
slice 210: 146500 vertices, 146536 faces
slice 220: 146500 vertices, 146536 faces
slice 230: 146500 vertices, 146536 faces
slice 240: 146500 vertices, 146536 faces
slice 250: 146500 vertices, 146536 faces
using the conformed surface RAS to save vertex points...
writing ../surf/rh.orig.nofix
using vox2ras matrix:
-1.00000   0.00000   0.00000   128.00000;
 0.00000   0.00000   1.00000  -128.00000;
 0.00000  -1.00000   0.00000   128.00000;
 0.00000   0.00000   0.00000   1.00000;

 rm -f ../mri/filled-pretess127.mgz 


 mris_extract_main_component ../surf/rh.orig.nofix ../surf/rh.orig.nofix 


counting number of connected components...
   146500 voxel in cpt #1: X=-36 [v=146500,e=439608,f=293072] located at (25.441105, -18.426533, -1.419761)
For the whole surface: X=-36 [v=146500,e=439608,f=293072]
One single component has been found
nothing to do
done

#--------------------------------------------
#@# Smooth1 rh Thu Mar 12 12:12:47 CET 2026
/out/sourcedata/freesurfer/sub-v1s11x0050145_ses-1/scripts

 mris_smooth -nw -seed 1234 ../surf/rh.orig.nofix ../surf/rh.smoothwm.nofix 

setting seed for random number generator to 1234
smoothing surface tessellation for 10 iterations...
smoothing complete - recomputing first and second fundamental forms...
#--------------------------------------------
#@# Inflation1 rh Thu Mar 12 12:12:50 CET 2026
/out/sourcedata/freesurfer/sub-v1s11x0050145_ses-1/scripts

 mris_inflate -no-save-sulc ../surf/rh.smoothwm.nofix ../surf/rh.inflated.nofix 

Not saving sulc
Reading ../surf/rh.smoothwm.nofix
avg radius = 46.3 mm, total surface area = 78306 mm^2
step 000: RMS=0.153 (target=0.015)   step 005: RMS=0.117 (target=0.015)   step 010: RMS=0.085 (target=0.015)   step 015: RMS=0.070 (target=0.015)   step 020: RMS=0.060 (target=0.015)   step 025: RMS=0.052 (target=0.015)   step 030: RMS=0.048 (target=0.015)   step 035: RMS=0.043 (target=0.015)   step 040: RMS=0.040 (target=0.015)   step 045: RMS=0.038 (target=0.015)   step 050: RMS=0.037 (target=0.015)   step 055: RMS=0.036 (target=0.015)   step 060: RMS=0.035 (target=0.015)   writing inflated surface to ../surf/rh.inflated.nofix
inflation took 0.3 minutes

inflation complete.
Not saving sulc
mris_inflate utimesec    69.474961
mris_inflate stimesec    2.750067
mris_inflate ru_maxrss   232024
mris_inflate ru_ixrss    0
mris_inflate ru_idrss    0
mris_inflate ru_isrss    0
mris_inflate ru_minflt   689143
mris_inflate ru_majflt   5
mris_inflate ru_nswap    0
mris_inflate ru_inblock  0
mris_inflate ru_oublock  10312
mris_inflate ru_msgsnd   0
mris_inflate ru_msgrcv   0
mris_inflate ru_nsignals 0
mris_inflate ru_nvcsw    19349
mris_inflate ru_nivcsw   399
#--------------------------------------------
#@# QSphere rh Thu Mar 12 12:13:06 CET 2026
/out/sourcedata/freesurfer/sub-v1s11x0050145_ses-1/scripts

 mris_sphere -q -p 6 -a 128 -seed 1234 ../surf/rh.inflated.nofix ../surf/rh.qsphere.nofix 

doing quick spherical unfolding.
limitting unfolding to 6 passes
using n_averages = 128
setting seed for random number genererator to 1234
version: 7.3.2
available threads: 16
scaling brain by 0.308...
inflating...
projecting onto sphere...
surface projected - minimizing metric distortion...
vertex spacing 0.97 +- 0.57 (0.00-->7.73) (max @ vno 65506 --> 66711)
face area 0.03 +- 0.03 (-0.26-->0.84)
Entering MRISinflateToSphere()
inflating to sphere (rms error < 2.00)
000: dt: 0.0000, rms radial error=176.615, avgs=0
005/300: dt: 0.9000, rms radial error=176.355, avgs=0
010/300: dt: 0.9000, rms radial error=175.797, avgs=0
015/300: dt: 0.9000, rms radial error=175.064, avgs=0
020/300: dt: 0.9000, rms radial error=174.230, avgs=0
025/300: dt: 0.9000, rms radial error=173.337, avgs=0
030/300: dt: 0.9000, rms radial error=172.412, avgs=0
035/300: dt: 0.9000, rms radial error=171.470, avgs=0
040/300: dt: 0.9000, rms radial error=170.520, avgs=0
045/300: dt: 0.9000, rms radial error=169.568, avgs=0
050/300: dt: 0.9000, rms radial error=168.617, avgs=0
055/300: dt: 0.9000, rms radial error=167.674, avgs=0
060/300: dt: 0.9000, rms radial error=166.734, avgs=0
065/300: dt: 0.9000, rms radial error=165.799, avgs=0
070/300: dt: 0.9000, rms radial error=164.867, avgs=0
075/300: dt: 0.9000, rms radial error=163.941, avgs=0
080/300: dt: 0.9000, rms radial error=163.019, avgs=0
085/300: dt: 0.9000, rms radial error=162.102, avgs=0
090/300: dt: 0.9000, rms radial error=161.190, avgs=0
095/300: dt: 0.9000, rms radial error=160.283, avgs=0
100/300: dt: 0.9000, rms radial error=159.382, avgs=0
105/300: dt: 0.9000, rms radial error=158.486, avgs=0
110/300: dt: 0.9000, rms radial error=157.595, avgs=0
115/300: dt: 0.9000, rms radial error=156.708, avgs=0
120/300: dt: 0.9000, rms radial error=155.827, avgs=0
125/300: dt: 0.9000, rms radial error=154.950, avgs=0
130/300: dt: 0.9000, rms radial error=154.078, avgs=0
135/300: dt: 0.9000, rms radial error=153.211, avgs=0
140/300: dt: 0.9000, rms radial error=152.348, avgs=0
145/300: dt: 0.9000, rms radial error=151.491, avgs=0
150/300: dt: 0.9000, rms radial error=150.637, avgs=0
155/300: dt: 0.9000, rms radial error=149.789, avgs=0
160/300: dt: 0.9000, rms radial error=148.946, avgs=0
165/300: dt: 0.9000, rms radial error=148.108, avgs=0
170/300: dt: 0.9000, rms radial error=147.274, avgs=0
175/300: dt: 0.9000, rms radial error=146.445, avgs=0
180/300: dt: 0.9000, rms radial error=145.621, avgs=0
185/300: dt: 0.9000, rms radial error=144.801, avgs=0
190/300: dt: 0.9000, rms radial error=143.985, avgs=0
195/300: dt: 0.9000, rms radial error=143.174, avgs=0
200/300: dt: 0.9000, rms radial error=142.367, avgs=0
205/300: dt: 0.9000, rms radial error=141.565, avgs=0
210/300: dt: 0.9000, rms radial error=140.767, avgs=0
215/300: dt: 0.9000, rms radial error=139.974, avgs=0
220/300: dt: 0.9000, rms radial error=139.185, avgs=0
225/300: dt: 0.9000, rms radial error=138.400, avgs=0
230/300: dt: 0.9000, rms radial error=137.620, avgs=0
235/300: dt: 0.9000, rms radial error=136.845, avgs=0
240/300: dt: 0.9000, rms radial error=136.074, avgs=0
245/300: dt: 0.9000, rms radial error=135.307, avgs=0
250/300: dt: 0.9000, rms radial error=134.545, avgs=0
255/300: dt: 0.9000, rms radial error=133.787, avgs=0
260/300: dt: 0.9000, rms radial error=133.033, avgs=0
265/300: dt: 0.9000, rms radial error=132.284, avgs=0
270/300: dt: 0.9000, rms radial error=131.538, avgs=0
275/300: dt: 0.9000, rms radial error=130.797, avgs=0
280/300: dt: 0.9000, rms radial error=130.060, avgs=0
285/300: dt: 0.9000, rms radial error=129.327, avgs=0
290/300: dt: 0.9000, rms radial error=128.598, avgs=0
295/300: dt: 0.9000, rms radial error=127.874, avgs=0
300/300: dt: 0.9000, rms radial error=127.153, avgs=0

spherical inflation complete.
epoch 1 (K=10.0), pass 1, starting sse = 17165.54
taking momentum steps...
taking momentum steps...
taking momentum steps...
taking momentum steps...
pass 1 complete, delta sse/iter = 0.00/13 = 0.00028
epoch 2 (K=40.0), pass 1, starting sse = 2835.77
taking momentum steps...
taking momentum steps...
taking momentum steps...
taking momentum steps...
pass 1 complete, delta sse/iter = 0.00/13 = 0.00015
epoch 3 (K=160.0), pass 1, starting sse = 278.79
taking momentum steps...
taking momentum steps...
taking momentum steps...
taking momentum steps...
pass 1 complete, delta sse/iter = 0.09/14 = 0.00642
epoch 4 (K=640.0), pass 1, starting sse = 16.51
taking momentum steps...
taking momentum steps...
taking momentum steps...
taking momentum steps...
pass 1 complete, delta sse/iter = 0.13/18 = 0.00706
final distance error %100000.00
writing spherical brain to ../surf/rh.qsphere.nofix
spherical transformation took 0.0251 hours
FSRUNTIME@ mris_sphere  0.0251 hours 16 threads
#VMPC# mris_sphere VmPeak  1613260
mris_sphere done
#@# Fix Topology rh Thu Mar 12 12:14:36 CET 2026

 mris_fix_topology -mgz -sphere qsphere.nofix -inflated inflated.nofix -orig orig.nofix -out orig.premesh -ga -seed 1234 sub-v1s11x0050145_ses-1 rh 

reading spherical homeomorphism from 'qsphere.nofix'
reading inflated coordinates from 'inflated.nofix'
reading original coordinates from 'orig.nofix'
using genetic algorithm with optimized parameters
setting seed for random number genererator to 1234

*************************************************************
Topology Correction Parameters
retessellation mode:           genetic search
number of patches/generation : 10
number of generations :        10
surface mri loglikelihood coefficient :         1.0
volume mri loglikelihood coefficient :          10.0
normal dot loglikelihood coefficient :          1.0
quadratic curvature loglikelihood coefficient : 1.0
volume resolution :                             2
eliminate vertices during search :              1
initial patch selection :                       1
select all defect vertices :                    0
ordering dependant retessellation:              0
use precomputed edge table :                    0
smooth retessellated patch :                    2
match retessellated patch :                     1
verbose mode :                                  0

*************************************************************
INFO: assuming .mgz format
writing corrected surface to 'orig.premesh'
7.3.2
  7.3.2
before topology correction, eno=-36 (nv=146500, nf=293072, ne=439608, g=19)
using quasi-homeomorphic spherical map to tessellate cortical surface...

Correction of the Topology
Finding true center and radius of Spherical Surface...done
Surface centered at (0,0,0) with radius 100.0 in 11 iterations
marking ambiguous vertices...
4772 ambiguous faces found in tessellation
segmenting defects...
24 defects found, arbitrating ambiguous regions...
analyzing neighboring defects...
24 defects to be corrected 
0 vertices coincident
reading input surface /out/sourcedata/freesurfer/sub-v1s11x0050145_ses-1/surf/rh.qsphere.nofix...
reading brain volume from brain...
reading wm segmentation from wm...
Reading original properties of orig.nofix
Reading vertex positions of inflated.nofix
Computing Initial Surface Statistics
      -face       loglikelihood: -9.2120  (-4.6060)
      -vertex     loglikelihood: -6.0791  (-3.0395)
      -normal dot loglikelihood: -3.5896  (-3.5896)
      -quad curv  loglikelihood: -6.1581  (-3.0791)
      Total Loglikelihood : -25.0388
CORRECTING DEFECT 0 (vertices=35, convex hull=57, v0=2908)
After retessellation of defect 0 (v0=2908), euler #=-21 (143679,430090,286390) : difference with theory (-21) = 0 
CORRECTING DEFECT 1 (vertices=18, convex hull=48, v0=19652)
After retessellation of defect 1 (v0=19652), euler #=-20 (143688,430134,286426) : difference with theory (-20) = 0 
CORRECTING DEFECT 2 (vertices=29, convex hull=71, v0=28940)
After retessellation of defect 2 (v0=28940), euler #=-19 (143706,430217,286492) : difference with theory (-19) = 0 
CORRECTING DEFECT 3 (vertices=67, convex hull=51, v0=36416)
After retessellation of defect 3 (v0=36416), euler #=-18 (143719,430277,286540) : difference with theory (-18) = 0 
CORRECTING DEFECT 4 (vertices=88, convex hull=95, v0=39849)
After retessellation of defect 4 (v0=39849), euler #=-17 (143738,430373,286618) : difference with theory (-17) = 0 
CORRECTING DEFECT 5 (vertices=340, convex hull=200, v0=54494)
After retessellation of defect 5 (v0=54494), euler #=-16 (143810,430685,286859) : difference with theory (-16) = 0 
CORRECTING DEFECT 6 (vertices=35, convex hull=71, v0=55812)
After retessellation of defect 6 (v0=55812), euler #=-15 (143823,430750,286912) : difference with theory (-15) = 0 
CORRECTING DEFECT 7 (vertices=38, convex hull=71, v0=64046)
After retessellation of defect 7 (v0=64046), euler #=-14 (143848,430853,286991) : difference with theory (-14) = 0 
CORRECTING DEFECT 8 (vertices=18, convex hull=39, v0=73646)
After retessellation of defect 8 (v0=73646), euler #=-13 (143857,430893,287023) : difference with theory (-13) = 0 
CORRECTING DEFECT 9 (vertices=140, convex hull=47, v0=76081)
After retessellation of defect 9 (v0=76081), euler #=-12 (143874,430962,287076) : difference with theory (-12) = 0 
CORRECTING DEFECT 10 (vertices=159, convex hull=164, v0=82707)
After retessellation of defect 10 (v0=82707), euler #=-11 (143923,431186,287252) : difference with theory (-11) = 0 
CORRECTING DEFECT 11 (vertices=16, convex hull=25, v0=84987)
After retessellation of defect 11 (v0=84987), euler #=-10 (143927,431203,287266) : difference with theory (-10) = 0 
CORRECTING DEFECT 12 (vertices=637, convex hull=513, v0=85210)
A large defect has been detected...
This often happens because cerebellum or dura has not been removed from wm.mgz.
This may cause recon-all to run very slowly or crash.
if so, see https://surfer.nmr.mgh.harvard.edu/fswiki/FsTutorial/TopologicalDefect_freeview
After retessellation of defect 12 (v0=85210), euler #=-9 (144136,432095,287950) : difference with theory (-9) = 0 
CORRECTING DEFECT 13 (vertices=5, convex hull=26, v0=87351)
After retessellation of defect 13 (v0=87351), euler #=-8 (144137,432105,287960) : difference with theory (-8) = 0 
CORRECTING DEFECT 14 (vertices=6, convex hull=25, v0=88497)
After retessellation of defect 14 (v0=88497), euler #=-7 (144139,432118,287972) : difference with theory (-7) = 0 
CORRECTING DEFECT 15 (vertices=15, convex hull=30, v0=89526)
After retessellation of defect 15 (v0=89526), euler #=-6 (144144,432140,287990) : difference with theory (-6) = 0 
CORRECTING DEFECT 16 (vertices=11, convex hull=19, v0=99443)
After retessellation of defect 16 (v0=99443), euler #=-5 (144145,432150,288000) : difference with theory (-5) = 0 
CORRECTING DEFECT 17 (vertices=7, convex hull=25, v0=101379)
After retessellation of defect 17 (v0=101379), euler #=-4 (144147,432161,288010) : difference with theory (-4) = 0 
CORRECTING DEFECT 18 (vertices=45, convex hull=34, v0=104201)
After retessellation of defect 18 (v0=104201), euler #=-3 (144155,432197,288039) : difference with theory (-3) = 0 
CORRECTING DEFECT 19 (vertices=24, convex hull=59, v0=105587)
After retessellation of defect 19 (v0=105587), euler #=-2 (144171,432271,288098) : difference with theory (-2) = 0 
CORRECTING DEFECT 20 (vertices=597, convex hull=194, v0=105650)
After retessellation of defect 20 (v0=105650), euler #=-1 (144244,432589,288344) : difference with theory (-1) = 0 
CORRECTING DEFECT 21 (vertices=458, convex hull=205, v0=106350)
After retessellation of defect 21 (v0=106350), euler #=0 (144273,432780,288507) : difference with theory (0) = 0 
CORRECTING DEFECT 22 (vertices=19, convex hull=33, v0=135351)
After retessellation of defect 22 (v0=135351), euler #=1 (144275,432795,288521) : difference with theory (1) = 0 
CORRECTING DEFECT 23 (vertices=25, convex hull=65, v0=140008)
After retessellation of defect 23 (v0=140008), euler #=2 (144284,432846,288564) : difference with theory (2) = 0 
computing original vertex metric properties...
storing new metric properties...
computing tessellation statistics...
vertex spacing 0.89 +- 0.23 (0.08-->10.93) (max @ vno 99780 --> 100884)
face area -nan +- -nan (1000.00-->-1.00)
performing soap bubble on retessellated vertices for 0 iterations...
vertex spacing 0.89 +- 0.23 (0.08-->10.93) (max @ vno 99780 --> 100884)
face area -nan +- -nan (1000.00-->-1.00)
tessellation finished, orienting corrected surface...
95 mutations (37.5%), 158 crossovers (62.5%), 262 vertices were eliminated
building final representation...
2216 vertices and 0 faces have been removed from triangulation
after topology correction, eno=2 (nv=144284, nf=288564, ne=432846, g=0)
writing corrected surface to /out/sourcedata/freesurfer/sub-v1s11x0050145_ses-1/surf/rh.orig.premesh...

0.000 % of the vertices (0 vertices) exhibit an orientation change
removing intersecting faces
000: 310 intersecting
001: 25 intersecting
terminating search with 0 intersecting
topology fixing took 2.2 minutes
FSRUNTIME@ mris_fix_topology rh  0.0371 hours 16 threads
#VMPC# mris_fix_topology VmPeak  1862380

 mris_euler_number ../surf/rh.orig.premesh 

euler # = v-e+f = 2g-2: 144284 - 432846 + 288564 = 2 --> 0 holes
      F =2V-4:          288564 = 288568-4 (0)
      2E=3F:            865692 = 865692 (0)

total defect index = 0
Thu Mar 12 12:16:50 CET 2026

setenv SUBJECTS_DIR /out/sourcedata/freesurfer
cd /out/sourcedata/freesurfer/sub-v1s11x0050145_ses-1/scripts
/opt/freesurfer/bin/defect2seg --s sub-v1s11x0050145_ses-1 --rh-only --cortex

freesurfer-linux-ubuntu22_x86_64-7.3.2-20220804-6354275
defect2seg 7.3.2
Linux dna050 5.14.0-427.37.1.el9_4.x86_64 #1 SMP PREEMPT_DYNAMIC Fri Sep 13 12:41:50 EDT 2024 x86_64 x86_64 x86_64 GNU/Linux
pid 525644
mri_label2label --label-cortex /out/sourcedata/freesurfer/sub-v1s11x0050145_ses-1/surf/rh.orig.nofix /out/sourcedata/freesurfer/sub-v1s11x0050145_ses-1/mri/aseg.presurf.mgz 0 /out/sourcedata/freesurfer/sub-v1s11x0050145_ses-1/label/rh.nofix.cortex.label

 Generating cortex label... RemoveHipAmgy=0
 NucAccIsMedialWall=0
 mris->useRealRAS=0
10 non-cortical segments detected
only using segment with 7135 vertices
erasing segment 1 (vno[0] = 65393)
erasing segment 2 (vno[0] = 67741)
erasing segment 3 (vno[0] = 86761)
erasing segment 4 (vno[0] = 104201)
erasing segment 5 (vno[0] = 106320)
erasing segment 6 (vno[0] = 106324)
erasing segment 7 (vno[0] = 106372)
erasing segment 8 (vno[0] = 107520)
erasing segment 9 (vno[0] = 108563)
mri_label2vol --defects /out/sourcedata/freesurfer/sub-v1s11x0050145_ses-1/surf/rh.orig.nofix /out/sourcedata/freesurfer/sub-v1s11x0050145_ses-1/surf/rh.defect_labels /out/sourcedata/freesurfer/sub-v1s11x0050145_ses-1/mri/orig.mgz 2000 0 /out/sourcedata/freesurfer/sub-v1s11x0050145_ses-1/mri/rh.surface.defects.mgz /out/sourcedata/freesurfer/sub-v1s11x0050145_ses-1/label/rh.nofix.cortex.label
mri_label2vol supposed to be reproducible but seed not set
Contraining to label /out/sourcedata/freesurfer/sub-v1s11x0050145_ses-1/label/rh.nofix.cortex.label
Changing input type 0 to MRI_INT
Converting defects to volume: offset=2000, merge=0
Writing to /out/sourcedata/freesurfer/sub-v1s11x0050145_ses-1/mri/rh.surface.defects.mgz
mris_defects_pointset -s /out/sourcedata/freesurfer/sub-v1s11x0050145_ses-1/surf/rh.orig.nofix -d /out/sourcedata/freesurfer/sub-v1s11x0050145_ses-1/surf/rh.defect_labels -o /out/sourcedata/freesurfer/sub-v1s11x0050145_ses-1/surf/rh.defects.pointset --label /out/sourcedata/freesurfer/sub-v1s11x0050145_ses-1/label/rh.nofix.cortex.label
Reading in surface /out/sourcedata/freesurfer/sub-v1s11x0050145_ses-1/surf/rh.orig.nofix
Reading in defect segmentation /out/sourcedata/freesurfer/sub-v1s11x0050145_ses-1/surf/rh.defect_labels
Reading in label /out/sourcedata/freesurfer/sub-v1s11x0050145_ses-1/label/rh.nofix.cortex.label
#VMPC# mris_defects_pointset 1374348
mris_defects_pointset done
 
Started at Thu Mar 12 12:16:50 CET 2026 
Ended   at Thu Mar 12 12:17:07 CET 2026
Defect2seg-Run-Time-Sec 17
Defect2seg-Run-Time-Min 0.34
Defect2seg-Run-Time-Hours 0.00
 
tkmeditfv sub-v1s11x0050145_ses-1 brain.finalsurfs.mgz -defect
defect2seg Done

 mris_remesh --remesh --iters 3 --input /out/sourcedata/freesurfer/sub-v1s11x0050145_ses-1/surf/rh.orig.premesh --output /out/sourcedata/freesurfer/sub-v1s11x0050145_ses-1/surf/rh.orig 

iters = 3
standard remeshing without target
   adjusted l: 0.710279
remeshing to edge length 0.710279 with 3 iterations

avg qual before   : 0.891641  after: 0.971224

Removing intersections
removing intersecting faces
000: 5 intersecting
terminating search with 0 intersecting
Remeshed surface quality stats nv0 = 144284  nv = 150506  1.04312
Area    301008  0.30198  0.03364 0.042997   0.4676
Corner  903024 60.00000  8.79664 15.251603 144.8107
Edge    451512  0.84304  0.08226 0.162993   1.3044
Hinge   451512  9.68934 10.59865 0.000000 133.0919
mris_remesh done
/out/sourcedata/freesurfer/sub-v1s11x0050145_ses-1/scripts

 mris_remove_intersection ../surf/rh.orig ../surf/rh.orig 

intersection removal took 0.00 hours
writing corrected surface to ../surf/rh.orig

 rm -f ../surf/rh.inflated 

#--------------------------------------------
#@# AutoDetGWStats rh Thu Mar 12 12:17:59 CET 2026
cd /out/sourcedata/freesurfer/sub-v1s11x0050145_ses-1/mri
mris_autodet_gwstats --o ../surf/autodet.gw.stats.rh.dat --i brain.finalsurfs.mgz --wm wm.mgz --surf ../surf/rh.orig.premesh
7.3.2

cd /out/sourcedata/freesurfer/sub-v1s11x0050145_ses-1/mri
setenv SUBJECTS_DIR /out/sourcedata/freesurfer
mris_autodet_gwstats --o ../surf/autodet.gw.stats.rh.dat --i brain.finalsurfs.mgz --wm wm.mgz --surf ../surf/rh.orig.premesh 

border white:    260486 voxels (1.55%)
border gray      297692 voxels (1.77%)
Reading in intensity volume brain.finalsurfs.mgz
Reading in wm volume wm.mgz
Reading in surf ../surf/rh.orig.premesh
Auto detecting stats
MRIclipBrightWM(): nthresh=19817, wmmin=5, clip=110 
Binarizing thresholding at 5
computing class statistics... low=30, hi=110.000000
CCS WM (99.0): 99.0 +- 8.0 [70.0 --> 110.0]
CCS GM (75.0) : 74.6 +- 8.7 [30.0 --> 110.0]
white_mean = 99.0365 +/- 8.02458, gray_mean = 74.6285 +/- 8.69544
using class modes intead of means, discounting robust sigmas....
MRIScomputeClassModes(): min=0 max=129 nbins=130
intensity peaks found at WM=103+-6.1,    GM=72+-6.1
white_mode = 103, gray_mode = 72
std_scale = 1
Applying sanity checks, max_scale_down = 0.2
setting MIN_GRAY_AT_WHITE_BORDER to 63.3 (was 70.000000)
setting MAX_BORDER_WHITE to 111.0 (was 105.000000)
setting MIN_BORDER_WHITE to 72.0 (was 85.000000)
setting MAX_CSF to 54.6 (was 40.000000)
setting MAX_GRAY to 95.0 (was 95.000000)
setting MAX_GRAY_AT_CSF_BORDER to 63.3 (was 75.000000)
setting MIN_GRAY_AT_CSF_BORDER to 45.9 (was 40.000000)
When placing the white surface
  white_border_hi   = 111.025;
  white_border_low  = 72;
  white_outside_low = 63.3046;
  white_inside_hi   = 120;
  white_outside_hi  = 111.025;
When placing the pial surface
  pial_border_hi   = 63.3046;
  pial_border_low  = 45.9137;
  pial_outside_low = 10;
  pial_inside_hi   = 94.9754;
  pial_outside_hi  = 58.9568;
#VMPC# mris_autodet_gwstats VmPeak  1471708
mris_autodet_gwstats done
#--------------------------------------------
#@# WhitePreAparc rh Thu Mar 12 12:18:02 CET 2026
cd /out/sourcedata/freesurfer/sub-v1s11x0050145_ses-1/mri
mris_place_surface --adgws-in ../surf/autodet.gw.stats.rh.dat --wm wm.mgz --threads 16 --invol brain.finalsurfs.mgz --rh --i ../surf/rh.orig --o ../surf/rh.white.preaparc --white --seg aseg.presurf.mgz --nsmooth 5
7.3.2
7.3.2

cd /out/sourcedata/freesurfer/sub-v1s11x0050145_ses-1/mri
setenv SUBJECTS_DIR /out/sourcedata/freesurfer
mris_place_surface --adgws-in ../surf/autodet.gw.stats.rh.dat --wm wm.mgz --threads 16 --invol brain.finalsurfs.mgz --rh --i ../surf/rh.orig --o ../surf/rh.white.preaparc --white --seg aseg.presurf.mgz --nsmooth 5 

Reading in input surface ../surf/rh.orig
Smoothing surface before ripping with 5 iterations
Area    301008  0.26509  0.06398 0.001849   0.5731
Corner  903024 60.00000  9.78686 8.045396 145.8915
Edge    451512  0.78640  0.11632 0.073050   1.4066
Hinge   451512  6.55511  6.75899 0.000002 127.7966
Not reading in aparc
Reading in input volume brain.finalsurfs.mgz
Reading in wm volume wm.mgz
MRIclipBrightWM(): nthresh=19817, wmmin=5, clip=110 
MRIfindBrightNonWM(): 2 bright non-wm voxels segmented.
Masking bright non-wm for white surface
MRImask(): AllowDiffGeom = 1
MRImask(): AllowDiffGeom = 1
Reading in seg volume aseg.presurf.mgz
Ripping frozen voxels
INFO: rip surface needed but not specified, so using input surface
Freezing midline and others
Entering: MRISripMidline(): inhibiting deformation at non-cortical midline structures...
  which=1, fix_mtl=0, using annot = 0
#FML0# MRISripMidline(): nripped=0
removing 4 vertices from ripped group in thread:0
removing 4 vertices from ripped group in thread:0
#FML# MRISripMidline(): nmarked=5962, nmarked2=16, nripped=5962
Ripping segs (eg, WMSA, BG, frozen)
Starting MRISripSegs() d = (-2 2 0.5) segnos: 247 
MRISripSegs(): -2 2 0.5 ripped 0
vertex 75253: xyz = (20.6449,-7.92931,-31.1361) oxyz = (20.6449,-7.92931,-31.1361) wxzy = (20.6449,-7.92931,-31.1361) pxyz = (0,0,0) 
CBVO Creating mask 150506
n_averages 4
Iteration 0 =========================================
n_averages=4, current_sigma=2
Freezing midline and others
Ripping frozen voxels
INFO: rip surface needed but not specified, so using input surface
Freezing midline and others
Entering: MRISripMidline(): inhibiting deformation at non-cortical midline structures...
  which=1, fix_mtl=0, using annot = 0
#FML0# MRISripMidline(): nripped=5962
removing 4 vertices from ripped group in thread:0
removing 4 vertices from ripped group in thread:0
#FML# MRISripMidline(): nmarked=5962, nmarked2=16, nripped=5962
Ripping segs (eg, WMSA, BG, frozen)
Starting MRISripSegs() d = (-2 2 0.5) segnos: 247 247 
MRISripSegs(): -2 2 0.5 ripped 0
Computing target border values 
Entering MRIScomputeBorderValues_new(): 
  inside_hi   = 120.0000000;
  border_hi   = 111.0245820;
  border_low  =  72.0000000;
  outside_low =  63.3045620;
  outside_hi  = 111.0245820;
  sigma = 2;
  max_thickness = 10;
  step_size=0.5;
  STEP_SIZE=0.1;
  which = 1
  thresh = 0
  flags = 0
  CBVfindFirstPeakD1=0
  CBVfindFirstPeakD2=0
  nvertices=150506
  Gdiag_no=-1
  vno start=0, stop=150506
Replacing 255s with 0s
#SI# sigma=2 had to be increased for 250 vertices, nripped=5962
mean border=83.2, 107 (107) missing vertices, mean dist 0.2 [0.5 (%43.4)->0.7 (%56.6))]
%76 local maxima, %20 large gradients and % 0 min vals, 0 gradients ignored
nFirstPeakD1 0
MRIScomputeBorderValues_new() finished in 0.0155 min


Finding expansion regions
mean absolute distance = 0.65 +- 0.84
4394 vertices more than 2 sigmas from mean.
Averaging target values for 5 iterations...
Positioning Surface: tspring = 0.3, nspring = 0.3, spring = 0, niters = 100 l_repulse = 5, l_surf_repulse = 0, checktol = 0
Positioning pial surface
Entering MRISpositionSurface()
  max_mm = 0.3
  MAX_REDUCTIONS = 2, REDUCTION_PCT = 0.5
  parms->check_tol = 0, niterations = 100
tol=1.0e-04, sigma=2.0, host=dna05, nav=4, nbrs=2, l_repulse=5.000, l_tspring=0.300, l_nspring=0.300, l_intensity=0.200, l_curv=1.000
mom=0.00, dt=0.50
complete_dist_mat 0
rms 0
smooth_averages 0
remove_neg 0
ico_order 0
which_surface 0
target_radius 0.000000
nfields 0
scale 0.000000
desired_rms_height 0.000000
momentum 0.000000
nbhd_size 0
max_nbrs 0
niterations 100
nsurfaces 0
SURFACES 3
flags 0 (0)
use curv 0
no sulc 0
no rigid align 0
mris->nsize 2
mris->hemisphere 1
randomSeed 0

000: dt: 0.0000, sse=2517010.8, rms=9.021
001: dt: 0.5000, sse=1322939.2, rms=6.339 (29.735%)
002: dt: 0.5000, sse=855842.6, rms=4.903 (22.655%)
003: dt: 0.5000, sse=648136.2, rms=4.096 (16.454%)
004: dt: 0.5000, sse=536195.6, rms=3.579 (12.610%)
005: dt: 0.5000, sse=486738.4, rms=3.287 (8.174%)
006: dt: 0.5000, sse=462317.7, rms=3.101 (5.651%)
007: dt: 0.5000, sse=448642.2, rms=3.022 (2.541%)
008: dt: 0.5000, sse=438270.1, rms=2.952 (2.339%)
rms = 2.9345/2.9516, sse=437057.5/438270.1, time step reduction 1 of 3 to 0.250  0 0 1
009: dt: 0.5000, sse=437057.5, rms=2.934 (0.580%)
010: dt: 0.2500, sse=279600.5, rms=1.718 (41.446%)
011: dt: 0.2500, sse=261870.0, rms=1.495 (13.004%)
012: dt: 0.2500, sse=258345.1, rms=1.427 (4.508%)
rms = 1.3866/1.4274, sse=254600.2/258345.1, time step reduction 2 of 3 to 0.125  0 0 1
013: dt: 0.2500, sse=254600.2, rms=1.387 (2.860%)
rms = 1.3462/1.3866, sse=246719.2/254600.2, time step reduction 3 of 3 to 0.062  0 0 1
014: dt: 0.1250, sse=246719.2, rms=1.346 (2.912%)
  maximum number of reductions reached, breaking from loop
positioning took 1.5 minutes
Iteration 1 =========================================
n_averages=2, current_sigma=1
Freezing midline and others
Ripping frozen voxels
INFO: rip surface needed but not specified, so using input surface
Freezing midline and others
Entering: MRISripMidline(): inhibiting deformation at non-cortical midline structures...
  which=1, fix_mtl=0, using annot = 0
#FML0# MRISripMidline(): nripped=5962
removing 3 vertices from ripped group in thread:0
removing 4 vertices from ripped group in thread:0
removing 4 vertices from ripped group in thread:0
removing 3 vertices from ripped group in thread:0
#FML# MRISripMidline(): nmarked=6257, nmarked2=34, nripped=6257
Ripping segs (eg, WMSA, BG, frozen)
Starting MRISripSegs() d = (-2 2 0.5) segnos: 247 247 247 
MRISripSegs(): -2 2 0.5 ripped 0
Computing target border values 
Entering MRIScomputeBorderValues_new(): 
  inside_hi   = 120.0000000;
  border_hi   = 111.0245820;
  border_low  =  72.0000000;
  outside_low =  63.3045620;
  outside_hi  = 111.0245820;
  sigma = 1;
  max_thickness = 10;
  step_size=0.5;
  STEP_SIZE=0.1;
  which = 1
  thresh = 0
  flags = 0
  CBVfindFirstPeakD1=0
  CBVfindFirstPeakD2=0
  nvertices=150506
  Gdiag_no=-1
  vno start=0, stop=150506
Replacing 255s with 0s
#SI# sigma=1 had to be increased for 148 vertices, nripped=6257
mean border=85.6, 169 (45) missing vertices, mean dist -0.2 [0.3 (%74.3)->0.3 (%25.7))]
%84 local maxima, %12 large gradients and % 0 min vals, 0 gradients ignored
nFirstPeakD1 0
MRIScomputeBorderValues_new() finished in 0.0106 min


Finding expansion regions
mean absolute distance = 0.30 +- 0.54
2303 vertices more than 2 sigmas from mean.
Averaging target values for 5 iterations...
Positioning Surface: tspring = 0.3, nspring = 0.3, spring = 0, niters = 100 l_repulse = 5, l_surf_repulse = 0, checktol = 0
Positioning pial surface
Entering MRISpositionSurface()
  max_mm = 0.3
  MAX_REDUCTIONS = 2, REDUCTION_PCT = 0.5
  parms->check_tol = 0, niterations = 100
tol=1.0e-04, sigma=1.0, host=dna05, nav=2, nbrs=2, l_repulse=5.000, l_tspring=0.300, l_nspring=0.300, l_intensity=0.200, l_curv=1.000
mom=0.00, dt=0.50
000: dt: 0.0000, sse=671857.9, rms=3.837
015: dt: 0.5000, sse=403996.8, rms=2.406 (37.299%)
rms = 2.4542/2.4056, sse=418638.2/403996.8, time step reduction 1 of 3 to 0.250  0 1 1
   RMS increased, rejecting step
016: dt: 0.2500, sse=327676.0, rms=1.795 (25.402%)
017: dt: 0.2500, sse=298006.3, rms=1.393 (22.358%)
018: dt: 0.2500, sse=292037.5, rms=1.246 (10.552%)
019: dt: 0.2500, sse=282213.4, rms=1.192 (4.350%)
rms = 1.1595/1.1921, sse=272841.4/282213.4, time step reduction 2 of 3 to 0.125  0 0 1
020: dt: 0.2500, sse=272841.4, rms=1.159 (2.734%)
rms = 1.1328/1.1595, sse=279253.9/272841.4, time step reduction 3 of 3 to 0.062  0 1 1
021: dt: 0.1250, sse=279253.8, rms=1.133 (2.303%)
  maximum number of reductions reached, breaking from loop
positioning took 0.8 minutes
Iteration 2 =========================================
n_averages=1, current_sigma=0.5
Freezing midline and others
Ripping frozen voxels
INFO: rip surface needed but not specified, so using input surface
Freezing midline and others
Entering: MRISripMidline(): inhibiting deformation at non-cortical midline structures...
  which=1, fix_mtl=0, using annot = 0
#FML0# MRISripMidline(): nripped=6257
removing 3 vertices from ripped group in thread:0
removing 2 vertices from ripped group in thread:0
removing 4 vertices from ripped group in thread:0
removing 4 vertices from ripped group in thread:0
removing 3 vertices from ripped group in thread:0
removing 2 vertices from ripped group in thread:0
removing 3 vertices from ripped group in thread:0
removing 4 vertices from ripped group in thread:0
removing 3 vertices from ripped group in thread:0
removing 3 vertices from ripped group in thread:0
#FML# MRISripMidline(): nmarked=6390, nmarked2=36, nripped=6390
Ripping segs (eg, WMSA, BG, frozen)
Starting MRISripSegs() d = (-2 2 0.5) segnos: 247 247 247 247 
MRISripSegs(): -2 2 0.5 ripped 0
Computing target border values 
Entering MRIScomputeBorderValues_new(): 
  inside_hi   = 120.0000000;
  border_hi   = 111.0245820;
  border_low  =  72.0000000;
  outside_low =  63.3045620;
  outside_hi  = 111.0245820;
  sigma = 0.5;
  max_thickness = 10;
  step_size=0.5;
  STEP_SIZE=0.1;
  which = 1
  thresh = 0
  flags = 0
  CBVfindFirstPeakD1=0
  CBVfindFirstPeakD2=0
  nvertices=150506
  Gdiag_no=-1
  vno start=0, stop=150506
Replacing 255s with 0s
#SI# sigma=0.5 had to be increased for 140 vertices, nripped=6390
mean border=87.2, 185 (29) missing vertices, mean dist -0.1 [0.2 (%70.8)->0.2 (%29.2))]
%88 local maxima, % 7 large gradients and % 0 min vals, 0 gradients ignored
nFirstPeakD1 0
MRIScomputeBorderValues_new() finished in 0.0082 min


Finding expansion regions
mean absolute distance = 0.22 +- 0.40
3045 vertices more than 2 sigmas from mean.
Averaging target values for 5 iterations...
Positioning Surface: tspring = 0.3, nspring = 0.3, spring = 0, niters = 100 l_repulse = 5, l_surf_repulse = 0, checktol = 0
Positioning pial surface
Entering MRISpositionSurface()
  max_mm = 0.3
  MAX_REDUCTIONS = 2, REDUCTION_PCT = 0.5
  parms->check_tol = 0, niterations = 100
tol=1.0e-04, sigma=0.5, host=dna05, nav=1, nbrs=2, l_repulse=5.000, l_tspring=0.300, l_nspring=0.300, l_intensity=0.200, l_curv=1.000
mom=0.00, dt=0.50
000: dt: 0.0000, sse=417460.4, rms=2.474
022: dt: 0.5000, sse=368831.1, rms=2.125 (14.090%)
rms = 2.3131/2.1254, sse=389180.9/368831.1, time step reduction 1 of 3 to 0.250  0 1 1
   RMS increased, rejecting step
023: dt: 0.2500, sse=298523.8, rms=1.459 (31.344%)
024: dt: 0.2500, sse=274837.8, rms=1.142 (21.723%)
025: dt: 0.2500, sse=267277.6, rms=1.063 (6.949%)
rms = 1.0471/1.0629, sse=270289.8/267277.6, time step reduction 2 of 3 to 0.125  0 1 1
026: dt: 0.2500, sse=270289.8, rms=1.047 (1.481%)
rms = 1.0182/1.0471, sse=258993.0/270289.8, time step reduction 3 of 3 to 0.062  0 0 1
027: dt: 0.1250, sse=258993.0, rms=1.018 (2.761%)
  maximum number of reductions reached, breaking from loop
positioning took 0.7 minutes
Iteration 3 =========================================
n_averages=0, current_sigma=0.25
Freezing midline and others
Ripping frozen voxels
INFO: rip surface needed but not specified, so using input surface
Freezing midline and others
Entering: MRISripMidline(): inhibiting deformation at non-cortical midline structures...
  which=1, fix_mtl=0, using annot = 0
#FML0# MRISripMidline(): nripped=6390
removing 2 vertices from ripped group in thread:0
removing 3 vertices from ripped group in thread:0
removing 4 vertices from ripped group in thread:0
removing 3 vertices from ripped group in thread:0
removing 3 vertices from ripped group in thread:0
removing 3 vertices from ripped group in thread:0
removing 3 vertices from ripped group in thread:0
removing 2 vertices from ripped group in thread:0
#FML# MRISripMidline(): nmarked=6456, nmarked2=36, nripped=6456
Ripping segs (eg, WMSA, BG, frozen)
Starting MRISripSegs() d = (-2 2 0.5) segnos: 247 247 247 247 247 
MRISripSegs(): -2 2 0.5 ripped 0
Computing target border values 
Entering MRIScomputeBorderValues_new(): 
  inside_hi   = 120.0000000;
  border_hi   = 111.0245820;
  border_low  =  72.0000000;
  outside_low =  63.3045620;
  outside_hi  = 111.0245820;
  sigma = 0.25;
  max_thickness = 10;
  step_size=0.5;
  STEP_SIZE=0.1;
  which = 1
  thresh = 0
  flags = 0
  CBVfindFirstPeakD1=0
  CBVfindFirstPeakD2=0
  nvertices=150506
  Gdiag_no=-1
  vno start=0, stop=150506
Replacing 255s with 0s
#SI# sigma=0.25 had to be increased for 140 vertices, nripped=6456
mean border=87.8, 203 (20) missing vertices, mean dist -0.0 [0.2 (%56.7)->0.2 (%43.3))]
%90 local maxima, % 6 large gradients and % 0 min vals, 0 gradients ignored
nFirstPeakD1 0
MRIScomputeBorderValues_new() finished in 0.0055 min


Finding expansion regions
mean absolute distance = 0.19 +- 0.33
2839 vertices more than 2 sigmas from mean.
Averaging target values for 5 iterations...
Positioning Surface: tspring = 0.3, nspring = 0.3, spring = 0, niters = 100 l_repulse = 5, l_surf_repulse = 0, checktol = 0
Positioning pial surface
Entering MRISpositionSurface()
  max_mm = 0.3
  MAX_REDUCTIONS = 2, REDUCTION_PCT = 0.5
  parms->check_tol = 0, niterations = 100
tol=1.0e-04, sigma=0.2, host=dna05, nav=0, nbrs=2, l_repulse=5.000, l_tspring=0.300, l_nspring=0.300, l_intensity=0.200, l_curv=1.000
mom=0.00, dt=0.50
000: dt: 0.0000, sse=275867.6, rms=1.301
rms = 1.2895/1.3006, sse=284742.2/275867.6, time step reduction 1 of 3 to 0.250  0 1 1
028: dt: 0.5000, sse=284742.2, rms=1.290 (0.852%)
029: dt: 0.2500, sse=260213.0, rms=0.977 (24.256%)
030: dt: 0.2500, sse=250478.0, rms=0.894 (8.513%)
rms = 0.9116/0.8936, sse=250152.3/250478.0, time step reduction 2 of 3 to 0.125  0 0 1
   RMS increased, rejecting step
rms = 0.8678/0.8936, sse=248554.7/250478.0, time step reduction 3 of 3 to 0.062  0 0 1
031: dt: 0.1250, sse=248554.7, rms=0.868 (2.883%)
  maximum number of reductions reached, breaking from loop
positioning took 0.5 minutes


Writing output to ../surf/rh.white.preaparc
#ET# mris_place_surface  3.48 minutes
#VMPC# mris_place_surfaces VmPeak  3187296
mris_place_surface done
#--------------------------------------------
#@# CortexLabel rh Thu Mar 12 12:21:37 CET 2026
cd /out/sourcedata/freesurfer/sub-v1s11x0050145_ses-1/mri
mri_label2label --label-cortex ../surf/rh.white.preaparc aseg.presurf.mgz 0 ../label/rh.cortex.label

 Generating cortex label... RemoveHipAmgy=0
 NucAccIsMedialWall=0
 mris->useRealRAS=0
7 non-cortical segments detected
only using segment with 7548 vertices
erasing segment 0 (vno[0] = 32804)
erasing segment 2 (vno[0] = 75186)
erasing segment 3 (vno[0] = 80216)
erasing segment 4 (vno[0] = 83961)
erasing segment 5 (vno[0] = 88948)
erasing segment 6 (vno[0] = 131780)
#--------------------------------------------
#@# CortexLabel+HipAmyg rh Thu Mar 12 12:21:55 CET 2026
cd /out/sourcedata/freesurfer/sub-v1s11x0050145_ses-1/mri
mri_label2label --label-cortex ../surf/rh.white.preaparc aseg.presurf.mgz 1 ../label/rh.cortex+hipamyg.label

 Generating cortex label... RemoveHipAmgy=1
 NucAccIsMedialWall=0
 mris->useRealRAS=0
12 non-cortical segments detected
only using segment with 4946 vertices
erasing segment 0 (vno[0] = 32804)
erasing segment 2 (vno[0] = 53282)
erasing segment 3 (vno[0] = 76139)
erasing segment 4 (vno[0] = 80138)
erasing segment 5 (vno[0] = 83961)
erasing segment 6 (vno[0] = 85630)
erasing segment 7 (vno[0] = 88142)
erasing segment 8 (vno[0] = 88948)
erasing segment 9 (vno[0] = 123760)
erasing segment 10 (vno[0] = 131780)
erasing segment 11 (vno[0] = 147936)
#--------------------------------------------
#@# Smooth2 rh Thu Mar 12 12:22:12 CET 2026
/out/sourcedata/freesurfer/sub-v1s11x0050145_ses-1/scripts

 mris_smooth -n 3 -nw -seed 1234 ../surf/rh.white.preaparc ../surf/rh.smoothwm 

smoothing for 3 iterations
setting seed for random number generator to 1234
smoothing surface tessellation for 3 iterations...
smoothing complete - recomputing first and second fundamental forms...
#--------------------------------------------
#@# Inflation2 rh Thu Mar 12 12:22:15 CET 2026
/out/sourcedata/freesurfer/sub-v1s11x0050145_ses-1/scripts

 mris_inflate ../surf/rh.smoothwm ../surf/rh.inflated 

Reading ../surf/rh.smoothwm
avg radius = 46.3 mm, total surface area = 93615 mm^2
step 000: RMS=0.174 (target=0.015)   step 005: RMS=0.117 (target=0.015)   step 010: RMS=0.087 (target=0.015)   step 015: RMS=0.072 (target=0.015)   step 020: RMS=0.060 (target=0.015)   step 025: RMS=0.049 (target=0.015)   step 030: RMS=0.041 (target=0.015)   step 035: RMS=0.034 (target=0.015)   step 040: RMS=0.029 (target=0.015)   step 045: RMS=0.026 (target=0.015)   step 050: RMS=0.022 (target=0.015)   step 055: RMS=0.021 (target=0.015)   step 060: RMS=0.019 (target=0.015)   writing inflated surface to ../surf/rh.inflated
writing sulcal depths to ../surf/rh.sulc

inflation complete.
inflation took 0.3 minutes
mris_inflate utimesec    71.884390
mris_inflate stimesec    0.708458
mris_inflate ru_maxrss   230444
mris_inflate ru_ixrss    0
mris_inflate ru_idrss    0
mris_inflate ru_isrss    0
mris_inflate ru_minflt   111977
mris_inflate ru_majflt   0
mris_inflate ru_nswap    0
mris_inflate ru_inblock  0
mris_inflate ru_oublock  11768
mris_inflate ru_msgsnd   0
mris_inflate ru_msgrcv   0
mris_inflate ru_nsignals 0
mris_inflate ru_nvcsw    5850
mris_inflate ru_nivcsw   281
#--------------------------------------------
#@# Curv .H and .K rh Thu Mar 12 12:22:31 CET 2026
/out/sourcedata/freesurfer/sub-v1s11x0050145_ses-1/surf

 mris_curvature -w -seed 1234 rh.white.preaparc 

setting seed for random number generator to 1234
total integrated curvature = 26.137*4pi (328.450) --> -25 handles
ICI = 160.1, FI = 1794.2, variation=27442.980
writing Gaussian curvature to ./rh.white.preaparc.K...done.
writing mean curvature to ./rh.white.preaparc.H...done.
rm -f rh.white.H
ln -s rh.white.preaparc.H rh.white.H
rm -f rh.white.K
ln -s rh.white.preaparc.K rh.white.K

 mris_curvature -seed 1234 -thresh .999 -n -a 5 -w -distances 10 10 rh.inflated 

setting seed for random number generator to 1234
normalizing curvature values.
averaging curvature patterns 5 times.
sampling 10 neighbors out to a distance of 10 mm
242 vertices thresholded to be in k1 ~ [-0.20 0.41], k2 ~ [-0.09 0.06]
total integrated curvature = 0.502*4pi (6.302) --> 0 handles
ICI = 1.7, FI = 11.2, variation=190.679
134 vertices thresholded to be in [-0.01 0.02]
writing Gaussian curvature to ./rh.inflated.K...thresholding curvature at 99.90% level
curvature mean = 0.000, std = 0.001
167 vertices thresholded to be in [-0.12 0.20]
done.
writing mean curvature to ./rh.inflated.H...curvature mean = -0.016, std = 0.023
done.
#--------------------------------------------
#@# Sphere rh Thu Mar 12 12:23:22 CET 2026
/out/sourcedata/freesurfer/sub-v1s11x0050145_ses-1/scripts

 mris_sphere -seed 1234 ../surf/rh.inflated ../surf/rh.sphere 

setting seed for random number genererator to 1234
version: 7.3.2
available threads: 16
reading original vertex positions...
projecting onto sphere...
surface projected - minimizing metric distortion...
scaling brain by 0.279...
MRISunfold() max_passes = 1 -------
tol=5.0e-01, sigma=0.0, host=dna05, nav=1024, nbrs=2, l_area=1.000, l_dist=1.000
using quadratic fit line minimization
complete_dist_mat 0
rms 0
smooth_averages 0
remove_neg 0
ico_order 0
which_surface 0
target_radius 0.000000
nfields 0
scale 1.000000
desired_rms_height -1.000000
momentum 0.900000
nbhd_size 7
max_nbrs 8
niterations 25
nsurfaces 0
SURFACES 3
flags 0 (0)
use curv 0
no sulc 0
no rigid align 0
mris->nsize 2
mris->hemisphere 1
randomSeed 1234

singular matrix in quadratic form
singular matrix in quadratic form
singular matrix in quadratic form
singular matrix in quadratic form
--------------------
  mrisRemoveNegativeArea()
pass 1: epoch 1 of 3 starting distance error %20.33
pass 1: epoch 2 of 3 starting distance error %20.33
unfolding complete - removing small folds...
starting distance error %20.31
removing remaining folds...
final distance error %20.31
MRISunfold() return, current seed 1234
-01: dt=0.0000, 210 negative triangles  VmPeak 1620644
097: dt=0.9900, 210 negative triangles
098: dt=0.9900,  86 negative triangles
099: dt=0.9900,  62 negative triangles
100: dt=0.9900,  61 negative triangles
101: dt=0.9900,  51 negative triangles
102: dt=0.9900,  44 negative triangles
103: dt=0.9900,  47 negative triangles
104: dt=0.9900,  46 negative triangles
105: dt=0.9900,  46 negative triangles
106: dt=0.9900,  45 negative triangles
107: dt=0.9900,  38 negative triangles
108: dt=0.9900,  42 negative triangles
109: dt=0.9900,  39 negative triangles
110: dt=0.9900,  40 negative triangles
111: dt=0.9900,  37 negative triangles
112: dt=0.9900,  33 negative triangles
113: dt=0.9900,  39 negative triangles
114: dt=0.9900,  34 negative triangles
115: dt=0.9900,  28 negative triangles
116: dt=0.9900,  28 negative triangles
117: dt=0.9900,  32 negative triangles
118: dt=0.9900,  28 negative triangles
119: dt=0.9900,  24 negative triangles
120: dt=0.9900,  30 negative triangles
121: dt=0.9900,  25 negative triangles
122: dt=0.9900,  28 negative triangles
123: dt=0.9900,  23 negative triangles
124: dt=0.9900,  23 negative triangles
125: dt=0.9900,  27 negative triangles
126: dt=0.9900,  22 negative triangles
127: dt=0.9900,  16 negative triangles
128: dt=0.9900,  17 negative triangles
129: dt=0.9900,  12 negative triangles
130: dt=0.9900,  13 negative triangles
131: dt=0.9900,  12 negative triangles
132: dt=0.9900,  13 negative triangles
133: dt=0.9900,  13 negative triangles
134: dt=0.9900,  12 negative triangles
135: dt=0.9900,  13 negative triangles
136: dt=0.9900,   9 negative triangles
137: dt=0.9900,  10 negative triangles
138: dt=0.9900,   9 negative triangles
139: dt=0.9900,   3 negative triangles
140: dt=0.9900,   6 negative triangles
141: dt=0.9900,   4 negative triangles
142: dt=0.9900,   8 negative triangles
143: dt=0.9900,   4 negative triangles
144: dt=0.9900,   5 negative triangles
145: dt=0.9900,   4 negative triangles
146: dt=0.9900,   2 negative triangles
147: dt=0.9900,   4 negative triangles
148: dt=0.9900,   2 negative triangles
149: dt=0.9900,   1 negative triangles
150: dt=0.9900,   3 negative triangles
151: dt=0.9900,   2 negative triangles
152: dt=0.9900,   1 negative triangles
writing spherical brain to ../surf/rh.sphere
spherical transformation took 0.0465 hours
FSRUNTIME@ mris_sphere  0.0465 hours 16 threads
#VMPC# mris_sphere VmPeak  1620644
mris_sphere done
#--------------------------------------------
#@# Surf Reg rh Thu Mar 12 12:26:10 CET 2026
/out/sourcedata/freesurfer/sub-v1s11x0050145_ses-1/scripts

 mris_register -curv ../surf/rh.sphere /opt/freesurfer/average/rh.folding.atlas.acfb40.noaparc.i12.2016-08-02.tif ../surf/rh.sphere.reg 

using smoothwm curvature for final alignment

cwd /out/sourcedata/freesurfer/sub-v1s11x0050145_ses-1/scripts
cmdline mris_register -curv ../surf/rh.sphere /opt/freesurfer/average/rh.folding.atlas.acfb40.noaparc.i12.2016-08-02.tif ../surf/rh.sphere.reg 

0 inflated.H
1 sulc
2 smoothwm (computed)
7.3.2
  7.3.2
reading surface from ../surf/rh.sphere...
reading template parameterization from /opt/freesurfer/average/rh.folding.atlas.acfb40.noaparc.i12.2016-08-02.tif...
MRISregister() -------
max_passes = 4 
min_degrees = 0.500000 
max_degrees = 64.000000 
nangles = 8 
tol=5.0e-01, sigma=0.0, host=dna05, nav=1024, nbrs=1, l_extern=10000.000, l_parea=0.200, l_nlarea=1.000, l_corr=1.000, l_dist=5.000
using quadratic fit line minimization
complete_dist_mat 0
rms 0
smooth_averages 0
remove_neg 0
ico_order 0
which_surface 0
target_radius 0.000000
nfields 0
scale 0.000000
desired_rms_height -1.000000
momentum 0.950000
nbhd_size -10
max_nbrs 10
niterations 25
nsurfaces 0
SURFACES 3
flags 16 (10)
use curv 16
no sulc 0
no rigid align 0
mris->nsize 1
mris->hemisphere 1
randomSeed 0

tol=5.0e-01, sigma=0.0, host=dna05, nav=1024, nbrs=1, l_extern=10000.000, l_parea=0.200, l_nlarea=1.000, l_corr=1.000, l_dist=5.000
using quadratic fit line minimization
--------------------
1 Reading rh.sulc
tol=1.0e+00, sigma=0.5, host=dna05, nav=1024, nbrs=1, l_extern=10000.000, l_parea=0.200, l_nlarea=1.000, l_corr=0.050, l_spring=0.500, l_dist=5.000
using quadratic fit line minimization
curvature mean = 0.000, std = 5.707
curvature mean = 0.024, std = 0.818
curvature mean = 0.015, std = 0.856
Starting MRISrigidBodyAlignGlobal()
Starting new MRISrigidBodyAlignGlobal_findMinSSE()
  new MRISrigidBodyAlignGlobal_findMinSSE min @ (5.00, -5.00, -1.50) sse = 312137.0, elapsed since starting=0.1235 min
MRISrigidBodyAlignGlobal() done   0.12 min
curvature mean = 0.006, std = 0.833
curvature mean = 0.007, std = 0.943
curvature mean = 0.003, std = 0.839
curvature mean = 0.003, std = 0.977
curvature mean = 0.002, std = 0.840
curvature mean = 0.001, std = 0.991
2 Reading smoothwm
curvature mean = -0.020, std = 0.290
curvature mean = 0.036, std = 0.242
curvature mean = 0.065, std = 0.327
curvature mean = 0.033, std = 0.297
curvature mean = 0.036, std = 0.520
curvature mean = 0.032, std = 0.324
curvature mean = 0.019, std = 0.660
curvature mean = 0.032, std = 0.335
curvature mean = 0.005, std = 0.773
MRISregister() return, current seed 0
-01: dt=0.0000,   3 negative triangles  VmPeak 1812716
114: dt=0.9900,   3 negative triangles
writing registered surface to ../surf/rh.sphere.reg...
registration took 0.08 hours
#VMPC# mris_register VmPeak  1812716
FSRUNTIME@ mris_register  0.0827 hours 16 threads

 ln -sf rh.sphere.reg rh.fsaverage.sphere.reg 

#--------------------------------------------
#@# Jacobian white rh Thu Mar 12 12:31:07 CET 2026
/out/sourcedata/freesurfer/sub-v1s11x0050145_ses-1/scripts

 mris_jacobian ../surf/rh.white.preaparc ../surf/rh.sphere.reg ../surf/rh.jacobian_white 

reading surface from ../surf/rh.white.preaparc...
writing curvature file ../surf/rh.jacobian_white
#--------------------------------------------
#@# AvgCurv rh Thu Mar 12 12:31:08 CET 2026
/out/sourcedata/freesurfer/sub-v1s11x0050145_ses-1/scripts

 mrisp_paint -a 5 /opt/freesurfer/average/rh.folding.atlas.acfb40.noaparc.i12.2016-08-02.tif#6 ../surf/rh.sphere.reg ../surf/rh.avg_curv 

averaging curvature patterns 5 times...
reading surface from ../surf/rh.sphere.reg...
reading template parameterization from /opt/freesurfer/average/rh.folding.atlas.acfb40.noaparc.i12.2016-08-02.tif...
writing curvature file to ../surf/rh.avg_curv...
#-----------------------------------------
#@# Cortical Parc rh Thu Mar 12 12:31:09 CET 2026
/out/sourcedata/freesurfer/sub-v1s11x0050145_ses-1/scripts

 mris_ca_label -l ../label/rh.cortex.label -aseg ../mri/aseg.presurf.mgz -seed 1234 sub-v1s11x0050145_ses-1 rh ../surf/rh.sphere.reg /opt/freesurfer/average/rh.DKaparc.atlas.acfb40.noaparc.i12.2016-08-02.gcs ../label/rh.aparc.annot 

setting seed for random number generator to 1234
using ../mri/aseg.presurf.mgz aseg volume to correct midline
7.3.2
  7.3.2
reading atlas from /opt/freesurfer/average/rh.DKaparc.atlas.acfb40.noaparc.i12.2016-08-02.gcs...
reading color table from GCSA file....
average std = 0.7   using min determinant for regularization = 0.004
0 singular and 309 ill-conditioned covariance matrices regularized
input 0: MEAN CURVATURE, flags 0, avgs 5, name mean_curvature
labeling surface...
1407 labels changed using aseg
relabeling using gibbs priors...
000:   3070 changed, 150506 examined...
001:    697 changed, 13254 examined...
002:    179 changed, 3987 examined...
003:     58 changed, 1125 examined...
004:     23 changed, 389 examined...
005:      9 changed, 134 examined...
006:      4 changed, 61 examined...
007:      0 changed, 28 examined...
217 labels changed using aseg
000: 108 total segments, 71 labels (350 vertices) changed
001: 41 total segments, 4 labels (6 vertices) changed
002: 37 total segments, 0 labels (0 vertices) changed
10 filter iterations complete (10 requested, 3 changed)
rationalizing unknown annotations with cortex label
relabeling unknown label...
relabeling corpuscallosum label...
1983 vertices marked for relabeling...
1983 labels changed in reclassification.
writing output to ../label/rh.aparc.annot...
classification took 0 minutes and 11 seconds.
#--------------------------------------------
#@# WhiteSurfs rh Thu Mar 12 12:31:21 CET 2026
cd /out/sourcedata/freesurfer/sub-v1s11x0050145_ses-1/mri
mris_place_surface --adgws-in ../surf/autodet.gw.stats.rh.dat --seg aseg.presurf.mgz --threads 16 --wm wm.mgz --invol brain.finalsurfs.mgz --rh --i ../surf/rh.white.preaparc --o ../surf/rh.white --white --nsmooth 0 --rip-label ../label/rh.cortex.label --rip-bg --rip-surf ../surf/rh.white.preaparc --aparc ../label/rh.aparc.annot
7.3.2
7.3.2

cd /out/sourcedata/freesurfer/sub-v1s11x0050145_ses-1/mri
setenv SUBJECTS_DIR /out/sourcedata/freesurfer
mris_place_surface --adgws-in ../surf/autodet.gw.stats.rh.dat --seg aseg.presurf.mgz --threads 16 --wm wm.mgz --invol brain.finalsurfs.mgz --rh --i ../surf/rh.white.preaparc --o ../surf/rh.white --white --nsmooth 0 --rip-label ../label/rh.cortex.label --rip-bg --rip-surf ../surf/rh.white.preaparc --aparc ../label/rh.aparc.annot 

Reading in input surface ../surf/rh.white.preaparc
Not smoothing input surface
Area    301008  0.34186  0.12146 0.000377   2.3894
Corner  903024 60.00000 13.81840 0.215655 178.3743
Edge    451512  0.89890  0.19875 0.018602   4.0191
Hinge   451512  9.66525 11.08613 0.000018 179.5917
Reading in aparc ../label/rh.aparc.annot
Reading in input volume brain.finalsurfs.mgz
Reading in wm volume wm.mgz
MRIclipBrightWM(): nthresh=19817, wmmin=5, clip=110 
MRIfindBrightNonWM(): 2 bright non-wm voxels segmented.
Masking bright non-wm for white surface
MRImask(): AllowDiffGeom = 1
MRImask(): AllowDiffGeom = 1
Reading in seg volume aseg.presurf.mgz
Ripping frozen voxels
Ripping vertices not in label ../label/rh.cortex.label
MRISripNotLabel() ripped 7779/150506 vertices (142727 unripped)
Reading in ripping surface ../surf/rh.white.preaparc
Reading in aparc ../label/rh.aparc.annot for ripsurf
Ripping BG
MRISripBasalGanglia(): 1 -2 2 0.5 ripped 584
Ripping segs (eg, WMSA, BG, frozen)
Starting MRISripSegs() d = (-2 2 0.5) segnos: 247 
MRISripSegs(): -2 2 0.5 ripped 0
vertex 75253: xyz = (20.67,-8.11898,-31.6237) oxyz = (20.67,-8.11898,-31.6237) wxzy = (20.67,-8.11898,-31.6237) pxyz = (0,0,0) 
CBVO Creating mask 150506
n_averages 4
Iteration 0 =========================================
n_averages=4, current_sigma=2
Computing target border values 
Entering MRIScomputeBorderValues_new(): 
  inside_hi   = 120.0000000;
  border_hi   = 111.0245820;
  border_low  =  72.0000000;
  outside_low =  63.3045620;
  outside_hi  = 111.0245820;
  sigma = 2;
  max_thickness = 10;
  step_size=0.5;
  STEP_SIZE=0.1;
  which = 1
  thresh = 0
  flags = 0
  CBVfindFirstPeakD1=0
  CBVfindFirstPeakD2=0
  nvertices=150506
  Gdiag_no=-1
  vno start=0, stop=150506
Replacing 255s with 0s
#SI# sigma=2 had to be increased for 180 vertices, nripped=8363
mean border=82.7, 111 (111) missing vertices, mean dist 0.3 [0.9 (%13.5)->0.5 (%86.5))]
%70 local maxima, %24 large gradients and % 0 min vals, 0 gradients ignored
nFirstPeakD1 0
MRIScomputeBorderValues_new() finished in 0.0140 min


Finding expansion regions
mean absolute distance = 0.52 +- 0.83
2530 vertices more than 2 sigmas from mean.
Averaging target values for 5 iterations...
Positioning Surface: tspring = 0.3, nspring = 0.3, spring = 0, niters = 100 l_repulse = 5, l_surf_repulse = 0, checktol = 0
Positioning pial surface
Entering MRISpositionSurface()
  max_mm = 0.3
  MAX_REDUCTIONS = 2, REDUCTION_PCT = 0.5
  parms->check_tol = 0, niterations = 100
tol=1.0e-04, sigma=2.0, host=dna05, nav=4, nbrs=2, l_repulse=5.000, l_tspring=0.300, l_nspring=0.300, l_intensity=0.200, l_curv=1.000
mom=0.00, dt=0.50
complete_dist_mat 0
rms 0
smooth_averages 0
remove_neg 0
ico_order 0
which_surface 0
target_radius 0.000000
nfields 0
scale 0.000000
desired_rms_height 0.000000
momentum 0.000000
nbhd_size 0
max_nbrs 0
niterations 100
nsurfaces 0
SURFACES 3
flags 0 (0)
use curv 0
no sulc 0
no rigid align 0
mris->nsize 2
mris->hemisphere 1
randomSeed 0

000: dt: 0.0000, sse=1452503.4, rms=6.590
001: dt: 0.5000, sse=593910.3, rms=3.647 (44.656%)
002: dt: 0.5000, sse=424942.0, rms=2.708 (25.767%)
003: dt: 0.5000, sse=402559.1, rms=2.546 (5.973%)
004: dt: 0.5000, sse=384999.9, rms=2.417 (5.073%)
rms = 2.5012/2.4167, sse=398714.1/384999.9, time step reduction 1 of 3 to 0.250  0 1 1
   RMS increased, rejecting step
005: dt: 0.2500, sse=298451.5, rms=1.657 (31.448%)
006: dt: 0.2500, sse=269385.3, rms=1.297 (21.690%)
007: dt: 0.2500, sse=262221.9, rms=1.189 (8.326%)
rms = 1.1591/1.1893, sse=261306.7/262221.9, time step reduction 2 of 3 to 0.125  0 0 1
008: dt: 0.2500, sse=261306.8, rms=1.159 (2.542%)
rms = 1.1211/1.1591, sse=259382.5/261306.7, time step reduction 3 of 3 to 0.062  0 0 1
009: dt: 0.1250, sse=259382.5, rms=1.121 (3.282%)
  maximum number of reductions reached, breaking from loop
positioning took 1.0 minutes
Iteration 1 =========================================
n_averages=2, current_sigma=1
Computing target border values 
Entering MRIScomputeBorderValues_new(): 
  inside_hi   = 120.0000000;
  border_hi   = 111.0245820;
  border_low  =  72.0000000;
  outside_low =  63.3045620;
  outside_hi  = 111.0245820;
  sigma = 1;
  max_thickness = 10;
  step_size=0.5;
  STEP_SIZE=0.1;
  which = 1
  thresh = 0
  flags = 0
  CBVfindFirstPeakD1=0
  CBVfindFirstPeakD2=0
  nvertices=150506
  Gdiag_no=-1
  vno start=0, stop=150506
Replacing 255s with 0s
#SI# sigma=1 had to be increased for 182 vertices, nripped=8363
mean border=85.3, 87 (26) missing vertices, mean dist -0.2 [0.3 (%76.0)->0.3 (%24.0))]
%82 local maxima, %13 large gradients and % 0 min vals, 0 gradients ignored
nFirstPeakD1 0
MRIScomputeBorderValues_new() finished in 0.0143 min


Finding expansion regions
mean absolute distance = 0.30 +- 0.56
2158 vertices more than 2 sigmas from mean.
Averaging target values for 5 iterations...
Positioning Surface: tspring = 0.3, nspring = 0.3, spring = 0, niters = 100 l_repulse = 5, l_surf_repulse = 0, checktol = 0
Positioning pial surface
Entering MRISpositionSurface()
  max_mm = 0.3
  MAX_REDUCTIONS = 2, REDUCTION_PCT = 0.5
  parms->check_tol = 0, niterations = 100
tol=1.0e-04, sigma=1.0, host=dna05, nav=2, nbrs=2, l_repulse=5.000, l_tspring=0.300, l_nspring=0.300, l_intensity=0.200, l_curv=1.000
mom=0.00, dt=0.50
000: dt: 0.0000, sse=640552.1, rms=3.777
010: dt: 0.5000, sse=380967.5, rms=2.268 (39.941%)
rms = 2.2896/2.2684, sse=382111.3/380967.5, time step reduction 1 of 3 to 0.250  0 1 1
   RMS increased, rejecting step
011: dt: 0.2500, sse=311224.9, rms=1.645 (27.480%)
012: dt: 0.2500, sse=276150.2, rms=1.214 (26.175%)
013: dt: 0.2500, sse=266438.4, rms=1.063 (12.466%)
rms = 1.0184/1.0631, sse=263928.4/266438.4, time step reduction 2 of 3 to 0.125  0 0 1
014: dt: 0.2500, sse=263928.3, rms=1.018 (4.200%)
rms = 0.9870/1.0184, sse=262068.6/263928.4, time step reduction 3 of 3 to 0.062  0 0 1
015: dt: 0.1250, sse=262068.6, rms=0.987 (3.084%)
  maximum number of reductions reached, breaking from loop
positioning took 0.7 minutes
Iteration 2 =========================================
n_averages=1, current_sigma=0.5
Computing target border values 
Entering MRIScomputeBorderValues_new(): 
  inside_hi   = 120.0000000;
  border_hi   = 111.0245820;
  border_low  =  72.0000000;
  outside_low =  63.3045620;
  outside_hi  = 111.0245820;
  sigma = 0.5;
  max_thickness = 10;
  step_size=0.5;
  STEP_SIZE=0.1;
  which = 1
  thresh = 0
  flags = 0
  CBVfindFirstPeakD1=0
  CBVfindFirstPeakD2=0
  nvertices=150506
  Gdiag_no=-1
  vno start=0, stop=150506
Replacing 255s with 0s
#SI# sigma=0.5 had to be increased for 151 vertices, nripped=8363
mean border=87.0, 121 (14) missing vertices, mean dist -0.1 [0.2 (%71.3)->0.2 (%28.7))]
%87 local maxima, % 7 large gradients and % 0 min vals, 0 gradients ignored
nFirstPeakD1 0
MRIScomputeBorderValues_new() finished in 0.0062 min


Finding expansion regions
mean absolute distance = 0.23 +- 0.41
3006 vertices more than 2 sigmas from mean.
Averaging target values for 5 iterations...
Positioning Surface: tspring = 0.3, nspring = 0.3, spring = 0, niters = 100 l_repulse = 5, l_surf_repulse = 0, checktol = 0
Positioning pial surface
Entering MRISpositionSurface()
  max_mm = 0.3
  MAX_REDUCTIONS = 2, REDUCTION_PCT = 0.5
  parms->check_tol = 0, niterations = 100
tol=1.0e-04, sigma=0.5, host=dna05, nav=1, nbrs=2, l_repulse=5.000, l_tspring=0.300, l_nspring=0.300, l_intensity=0.200, l_curv=1.000
mom=0.00, dt=0.50
000: dt: 0.0000, sse=403983.3, rms=2.473
016: dt: 0.5000, sse=358734.8, rms=2.079 (15.961%)
rms = 2.2567/2.0787, sse=375821.9/358734.7, time step reduction 1 of 3 to 0.250  0 1 1
   RMS increased, rejecting step
017: dt: 0.2500, sse=288416.7, rms=1.389 (33.168%)
018: dt: 0.2500, sse=262844.3, rms=1.042 (24.962%)
019: dt: 0.2500, sse=257732.1, rms=0.957 (8.212%)
rms = 0.9439/0.9568, sse=256802.0/257732.1, time step reduction 2 of 3 to 0.125  0 0 1
020: dt: 0.2500, sse=256802.0, rms=0.944 (1.358%)
rms = 0.9161/0.9439, sse=255419.9/256802.0, time step reduction 3 of 3 to 0.062  0 0 1
021: dt: 0.1250, sse=255419.9, rms=0.916 (2.936%)
  maximum number of reductions reached, breaking from loop
positioning took 0.7 minutes
Iteration 3 =========================================
n_averages=0, current_sigma=0.25
Computing target border values 
Entering MRIScomputeBorderValues_new(): 
  inside_hi   = 120.0000000;
  border_hi   = 111.0245820;
  border_low  =  72.0000000;
  outside_low =  63.3045620;
  outside_hi  = 111.0245820;
  sigma = 0.25;
  max_thickness = 10;
  step_size=0.5;
  STEP_SIZE=0.1;
  which = 1
  thresh = 0
  flags = 0
  CBVfindFirstPeakD1=0
  CBVfindFirstPeakD2=0
  nvertices=150506
  Gdiag_no=-1
  vno start=0, stop=150506
Replacing 255s with 0s
#SI# sigma=0.25 had to be increased for 151 vertices, nripped=8363
mean border=87.6, 142 (9) missing vertices, mean dist -0.0 [0.2 (%57.0)->0.2 (%43.0))]
%89 local maxima, % 6 large gradients and % 0 min vals, 0 gradients ignored
nFirstPeakD1 0
MRIScomputeBorderValues_new() finished in 0.0047 min


Finding expansion regions
mean absolute distance = 0.20 +- 0.33
2759 vertices more than 2 sigmas from mean.
Averaging target values for 5 iterations...
Positioning Surface: tspring = 0.3, nspring = 0.3, spring = 0, niters = 100 l_repulse = 5, l_surf_repulse = 0, checktol = 0
Positioning pial surface
Entering MRISpositionSurface()
  max_mm = 0.3
  MAX_REDUCTIONS = 2, REDUCTION_PCT = 0.5
  parms->check_tol = 0, niterations = 100
tol=1.0e-04, sigma=0.2, host=dna05, nav=0, nbrs=2, l_repulse=5.000, l_tspring=0.300, l_nspring=0.300, l_intensity=0.200, l_curv=1.000
mom=0.00, dt=0.50
000: dt: 0.0000, sse=271118.7, rms=1.223
rms = 1.2204/1.2226, sse=279128.7/271118.7, time step reduction 1 of 3 to 0.250  0 1 1
022: dt: 0.5000, sse=279128.7, rms=1.220 (0.182%)
023: dt: 0.2500, sse=253364.1, rms=0.884 (27.558%)
024: dt: 0.2500, sse=248647.2, rms=0.795 (10.102%)
rms = 0.8170/0.7947, sse=249079.2/248647.2, time step reduction 2 of 3 to 0.125  0 1 1
   RMS increased, rejecting step
rms = 0.7680/0.7947, sse=247328.6/248647.2, time step reduction 3 of 3 to 0.062  0 0 1
025: dt: 0.1250, sse=247328.6, rms=0.768 (3.369%)
  maximum number of reductions reached, breaking from loop
positioning took 0.5 minutes


Writing output to ../surf/rh.white
#ET# mris_place_surface  2.98 minutes
#VMPC# mris_place_surfaces VmPeak  3086364
mris_place_surface done
#--------------------------------------------
#@# T1PialSurf rh Thu Mar 12 12:34:26 CET 2026
cd /out/sourcedata/freesurfer/sub-v1s11x0050145_ses-1/mri
mris_place_surface --adgws-in ../surf/autodet.gw.stats.rh.dat --seg aseg.presurf.mgz --threads 16 --wm wm.mgz --invol brain.finalsurfs.mgz --rh --i ../surf/rh.white --o ../surf/rh.pial.T1 --pial --nsmooth 0 --rip-label ../label/rh.cortex+hipamyg.label --pin-medial-wall ../label/rh.cortex.label --aparc ../label/rh.aparc.annot --repulse-surf ../surf/rh.white --white-surf ../surf/rh.white
7.3.2
7.3.2

cd /out/sourcedata/freesurfer/sub-v1s11x0050145_ses-1/mri
setenv SUBJECTS_DIR /out/sourcedata/freesurfer
mris_place_surface --adgws-in ../surf/autodet.gw.stats.rh.dat --seg aseg.presurf.mgz --threads 16 --wm wm.mgz --invol brain.finalsurfs.mgz --rh --i ../surf/rh.white --o ../surf/rh.pial.T1 --pial --nsmooth 0 --rip-label ../label/rh.cortex+hipamyg.label --pin-medial-wall ../label/rh.cortex.label --aparc ../label/rh.aparc.annot --repulse-surf ../surf/rh.white --white-surf ../surf/rh.white 

Reading in input surface ../surf/rh.white
Not smoothing input surface
Area    301008  0.34542  0.13529 0.000972   2.0795
Corner  903024 60.00000 15.32416 0.683226 176.6729
Edge    451512  0.90504  0.21768 0.019615   4.1544
Hinge   451512  9.77389 11.33841 0.000003 179.5933
Reading white surface coordinates from ../surf/rh.white
Reading repulsion surface coordinates from ../surf/rh.white
Reading in aparc ../label/rh.aparc.annot
Reading in input volume brain.finalsurfs.mgz
Reading in wm volume wm.mgz
MRIclipBrightWM(): nthresh=19817, wmmin=5, clip=110 
MRIfindBrightNonWM(): 2 bright non-wm voxels segmented.
Masking bright non-wm for pial surface mid_gray = 70.4445
MRImask(): AllowDiffGeom = 1
MRImask(): AllowDiffGeom = 1
MRImask(): AllowDiffGeom = 1
Reading in seg volume aseg.presurf.mgz
Ripping frozen voxels
Ripping vertices not in label ../label/rh.cortex+hipamyg.label
MRISripNotLabel() ripped 5305/150506 vertices (145201 unripped)
INFO: rip surface needed but not specified, so using input surface
Ripping segs (eg, WMSA, BG, frozen)
Starting MRISripSegs() d = (-2 2 0.5) segnos: 247 
MRISripSegs(): -2 2 0.5 ripped 0
vertex 75253: xyz = (20.67,-8.11898,-31.6237) oxyz = (20.67,-8.11898,-31.6237) wxzy = (20.67,-8.11898,-31.6237) pxyz = (20.67,-8.11898,-31.6237) 
CBVO Creating mask 150506
n_averages 16
Iteration 0 =========================================
n_averages=16, current_sigma=2
Computing target border values 
Entering MRIScomputeBorderValues_new(): 
  inside_hi   =  94.9754180;
  border_hi   =  63.3045620;
  border_low  =  45.9136890;
  outside_low =  10.0000000;
  outside_hi  =  58.9568410;
  sigma = 2;
  max_thickness = 10;
  step_size=0.5;
  STEP_SIZE=0.1;
  which = 2
  thresh = 0
  flags = 0
  CBVfindFirstPeakD1=0
  CBVfindFirstPeakD2=0
  nvertices=150506
  Gdiag_no=-1
  vno start=0, stop=150506
Replacing 255s with 0s
#SI# sigma=2 had to be increased for 231 vertices, nripped=5305
mean border=62.4, 205 (205) missing vertices, mean dist 1.5 [0.9 (%0.0)->3.0 (%100.0))]
%12 local maxima, %35 large gradients and %50 min vals, 0 gradients ignored
nFirstPeakD1 0
MRIScomputeBorderValues_new() finished in 0.0141 min


Averaging target values for 5 iterations...
Positioning Surface: tspring = 0.3, nspring = 0.3, spring = 0, niters = 100 l_repulse = 0, l_surf_repulse = 5, checktol = 0
Positioning pial surface
Entering MRISpositionSurface()
  max_mm = 0.3
  MAX_REDUCTIONS = 2, REDUCTION_PCT = 0.5
  parms->check_tol = 0, niterations = 100
tol=1.0e-04, sigma=2.0, host=dna05, nav=16, nbrs=2, l_surf_repulse=5.000, l_tspring=0.300, l_nspring=0.300, l_intensity=0.200, l_curv=1.000
mom=0.00, dt=0.50
complete_dist_mat 0
rms 0
smooth_averages 0
remove_neg 0
ico_order 0
which_surface 0
target_radius 0.000000
nfields 0
scale 0.000000
desired_rms_height 0.000000
momentum 0.000000
nbhd_size 0
max_nbrs 0
niterations 100
nsurfaces 0
SURFACES 3
flags 0 (0)
use curv 0
no sulc 0
no rigid align 0
mris->nsize 2
mris->hemisphere 1
randomSeed 0

000: dt: 0.0000, sse=19677182.0, rms=25.900
001: dt: 0.5000, sse=13101372.0, rms=21.072 (18.640%)
002: dt: 0.5000, sse=8650810.0, rms=17.045 (19.114%)
003: dt: 0.5000, sse=5921187.5, rms=14.011 (17.799%)
004: dt: 0.5000, sse=4288298.0, rms=11.828 (15.583%)
005: dt: 0.5000, sse=3249181.8, rms=10.195 (13.802%)
006: dt: 0.5000, sse=2525703.2, rms=8.880 (12.897%)
007: dt: 0.5000, sse=1992759.8, rms=7.768 (12.529%)
008: dt: 0.5000, sse=1602316.1, rms=6.836 (11.993%)
009: dt: 0.5000, sse=1313354.1, rms=6.053 (11.459%)
010: dt: 0.5000, sse=1098975.2, rms=5.396 (10.851%)
011: dt: 0.5000, sse=936752.6, rms=4.838 (10.341%)
012: dt: 0.5000, sse=821048.7, rms=4.395 (9.160%)
013: dt: 0.5000, sse=732542.5, rms=4.022 (8.483%)
014: dt: 0.5000, sse=673005.6, rms=3.749 (6.798%)
015: dt: 0.5000, sse=630916.9, rms=3.541 (5.544%)
016: dt: 0.5000, sse=604448.3, rms=3.402 (3.928%)
017: dt: 0.5000, sse=583796.4, rms=3.288 (3.330%)
018: dt: 0.5000, sse=571242.4, rms=3.216 (2.198%)
019: dt: 0.5000, sse=560257.0, rms=3.151 (2.018%)
rms = 3.1137/3.1512, sse=554321.6/560257.0, time step reduction 1 of 3 to 0.250  0 0 1
020: dt: 0.5000, sse=554321.6, rms=3.114 (1.192%)
021: dt: 0.2500, sse=499898.1, rms=2.775 (10.878%)
022: dt: 0.2500, sse=486739.1, rms=2.688 (3.135%)
rms = 2.6735/2.6880, sse=484866.1/486739.1, time step reduction 2 of 3 to 0.125  0 0 1
023: dt: 0.2500, sse=484866.1, rms=2.673 (0.540%)
024: dt: 0.1250, sse=477401.8, rms=2.621 (1.969%)
rms = 2.6072/2.6208, sse=475547.1/477401.8, time step reduction 3 of 3 to 0.062  0 0 1
025: dt: 0.1250, sse=475547.2, rms=2.607 (0.521%)
  maximum number of reductions reached, breaking from loop
positioning took 2.2 minutes
Iteration 1 =========================================
n_averages=8, current_sigma=1
Computing target border values 
Entering MRIScomputeBorderValues_new(): 
  inside_hi   =  94.9754180;
  border_hi   =  63.3045620;
  border_low  =  45.9136890;
  outside_low =  10.0000000;
  outside_hi  =  58.9568410;
  sigma = 1;
  max_thickness = 10;
  step_size=0.5;
  STEP_SIZE=0.1;
  which = 2
  thresh = 0
  flags = 0
  CBVfindFirstPeakD1=0
  CBVfindFirstPeakD2=0
  nvertices=150506
  Gdiag_no=-1
  vno start=0, stop=150506
Replacing 255s with 0s
#SI# sigma=1 had to be increased for 18061 vertices, nripped=5305
mean border=61.4, 2572 (53) missing vertices, mean dist 0.2 [0.2 (%42.7)->0.7 (%57.3))]
%22 local maxima, %28 large gradients and %45 min vals, 0 gradients ignored
nFirstPeakD1 0
MRIScomputeBorderValues_new() finished in 0.0067 min


Averaging target values for 5 iterations...
Positioning Surface: tspring = 0.3, nspring = 0.3, spring = 0, niters = 100 l_repulse = 0, l_surf_repulse = 5, checktol = 0
Positioning pial surface
Entering MRISpositionSurface()
  max_mm = 0.3
  MAX_REDUCTIONS = 2, REDUCTION_PCT = 0.5
  parms->check_tol = 0, niterations = 100
tol=1.0e-04, sigma=1.0, host=dna05, nav=8, nbrs=2, l_surf_repulse=5.000, l_tspring=0.300, l_nspring=0.300, l_intensity=0.200, l_curv=1.000
mom=0.00, dt=0.50
000: dt: 0.0000, sse=635141.4, rms=3.212
026: dt: 0.5000, sse=597009.9, rms=2.996 (6.702%)
027: dt: 0.5000, sse=584548.8, rms=2.935 (2.059%)
rms = 2.9548/2.9346, sse=588500.5/584548.7, time step reduction 1 of 3 to 0.250  0 1 1
   RMS increased, rejecting step
028: dt: 0.2500, sse=539978.7, rms=2.648 (9.751%)
029: dt: 0.2500, sse=523379.0, rms=2.531 (4.452%)
rms = 2.5077/2.5306, sse=520336.6/523379.0, time step reduction 2 of 3 to 0.125  0 0 1
030: dt: 0.2500, sse=520336.6, rms=2.508 (0.905%)
031: dt: 0.1250, sse=510412.0, rms=2.434 (2.923%)
rms = 2.4150/2.4344, sse=507837.7/510412.0, time step reduction 3 of 3 to 0.062  0 0 1
032: dt: 0.1250, sse=507837.7, rms=2.415 (0.795%)
  maximum number of reductions reached, breaking from loop
positioning took 0.6 minutes
Iteration 2 =========================================
n_averages=4, current_sigma=0.5
Computing target border values 
Entering MRIScomputeBorderValues_new(): 
  inside_hi   =  94.9754180;
  border_hi   =  63.3045620;
  border_low  =  45.9136890;
  outside_low =  10.0000000;
  outside_hi  =  58.9568410;
  sigma = 0.5;
  max_thickness = 10;
  step_size=0.5;
  STEP_SIZE=0.1;
  which = 2
  thresh = 0
  flags = 0
  CBVfindFirstPeakD1=0
  CBVfindFirstPeakD2=0
  nvertices=150506
  Gdiag_no=-1
  vno start=0, stop=150506
Replacing 255s with 0s
#SI# sigma=0.5 had to be increased for 20056 vertices, nripped=5305
mean border=60.8, 3016 (35) missing vertices, mean dist 0.1 [0.2 (%37.5)->0.5 (%62.5))]
%31 local maxima, %18 large gradients and %45 min vals, 0 gradients ignored
nFirstPeakD1 0
MRIScomputeBorderValues_new() finished in 0.0041 min


Averaging target values for 5 iterations...
Positioning Surface: tspring = 0.3, nspring = 0.3, spring = 0, niters = 100 l_repulse = 0, l_surf_repulse = 5, checktol = 0
Positioning pial surface
Entering MRISpositionSurface()
  max_mm = 0.3
  MAX_REDUCTIONS = 2, REDUCTION_PCT = 0.5
  parms->check_tol = 0, niterations = 100
tol=1.0e-04, sigma=0.5, host=dna05, nav=4, nbrs=2, l_surf_repulse=5.000, l_tspring=0.300, l_nspring=0.300, l_intensity=0.200, l_curv=1.000
mom=0.00, dt=0.50
000: dt: 0.0000, sse=553423.2, rms=2.679
rms = 2.7252/2.6790, sse=560569.6/553423.2, time step reduction 1 of 3 to 0.250  0 1 1
   RMS increased, rejecting step
033: dt: 0.2500, sse=533533.8, rms=2.545 (5.009%)
034: dt: 0.2500, sse=520556.3, rms=2.454 (3.566%)
rms = 2.4395/2.4540, sse=518405.2/520556.3, time step reduction 2 of 3 to 0.125  0 0 1
035: dt: 0.2500, sse=518405.2, rms=2.440 (0.593%)
036: dt: 0.1250, sse=509638.9, rms=2.374 (2.687%)
rms = 2.3535/2.3739, sse=506825.1/509638.9, time step reduction 3 of 3 to 0.062  0 0 1
037: dt: 0.1250, sse=506825.2, rms=2.354 (0.861%)
  maximum number of reductions reached, breaking from loop
positioning took 0.5 minutes
Iteration 3 =========================================
n_averages=2, current_sigma=0.25
Computing target border values 
Entering MRIScomputeBorderValues_new(): 
  inside_hi   =  94.9754180;
  border_hi   =  63.3045620;
  border_low  =  45.9136890;
  outside_low =  10.0000000;
  outside_hi  =  58.9568410;
  sigma = 0.25;
  max_thickness = 10;
  step_size=0.5;
  STEP_SIZE=0.1;
  which = 2
  thresh = 0
  flags = 0
  CBVfindFirstPeakD1=0
  CBVfindFirstPeakD2=0
  nvertices=150506
  Gdiag_no=-1
  vno start=0, stop=150506
Replacing 255s with 0s
#SI# sigma=0.25 had to be increased for 17247 vertices, nripped=5305
mean border=60.3, 7081 (33) missing vertices, mean dist 0.1 [0.2 (%38.8)->0.4 (%61.2))]
%35 local maxima, %14 large gradients and %43 min vals, 0 gradients ignored
nFirstPeakD1 0
MRIScomputeBorderValues_new() finished in 0.0027 min


Averaging target values for 5 iterations...
Positioning Surface: tspring = 0.3, nspring = 0.3, spring = 0, niters = 100 l_repulse = 0, l_surf_repulse = 5, checktol = 0
Positioning pial surface
Entering MRISpositionSurface()
  max_mm = 0.3
  MAX_REDUCTIONS = 2, REDUCTION_PCT = 0.5
  parms->check_tol = 0, niterations = 100
tol=1.0e-04, sigma=0.2, host=dna05, nav=2, nbrs=2, l_surf_repulse=5.000, l_tspring=0.300, l_nspring=0.300, l_intensity=0.200, l_curv=1.000
mom=0.00, dt=0.50
000: dt: 0.0000, sse=521706.7, rms=2.455
rms = 2.5556/2.4550, sse=534826.6/521706.7, time step reduction 1 of 3 to 0.250  0 1 1
   RMS increased, rejecting step
038: dt: 0.2500, sse=512066.6, rms=2.385 (2.839%)
rms = 2.3429/2.3853, sse=505663.8/512066.6, time step reduction 2 of 3 to 0.125  0 0 1
039: dt: 0.2500, sse=505663.8, rms=2.343 (1.777%)
rms = 2.2987/2.3429, sse=499899.6/505663.8, time step reduction 3 of 3 to 0.062  0 0 1
040: dt: 0.1250, sse=499899.6, rms=2.299 (1.886%)
  maximum number of reductions reached, breaking from loop
positioning took 0.3 minutes
Pinning medial wall to white surface
removing intersecting faces
000: 39 intersecting
001: 9 intersecting
002: 6 intersecting
terminating search with 0 intersecting


Writing output to ../surf/rh.pial.T1
#ET# mris_place_surface  3.94 minutes
#VMPC# mris_place_surfaces VmPeak  2461388
mris_place_surface done
#@# white curv rh Thu Mar 12 12:38:28 CET 2026
cd /out/sourcedata/freesurfer/sub-v1s11x0050145_ses-1/mri
mris_place_surface --curv-map ../surf/rh.white 2 10 ../surf/rh.curv
insurf  ../surf/rh.white, nbrs 2, curvature_avgs 10
writing curvature file ../surf/rh.curv
#@# white area rh Thu Mar 12 12:38:30 CET 2026
cd /out/sourcedata/freesurfer/sub-v1s11x0050145_ses-1/mri
mris_place_surface --area-map ../surf/rh.white ../surf/rh.area
writing curvature file ../surf/rh.area
#@# pial curv rh Thu Mar 12 12:38:31 CET 2026
cd /out/sourcedata/freesurfer/sub-v1s11x0050145_ses-1/mri
mris_place_surface --curv-map ../surf/rh.pial 2 10 ../surf/rh.curv.pial
insurf  ../surf/rh.pial, nbrs 2, curvature_avgs 10
writing curvature file ../surf/rh.curv.pial
#@# pial area rh Thu Mar 12 12:38:33 CET 2026
cd /out/sourcedata/freesurfer/sub-v1s11x0050145_ses-1/mri
mris_place_surface --area-map ../surf/rh.pial ../surf/rh.area.pial
writing curvature file ../surf/rh.area.pial
#@# thickness rh Thu Mar 12 12:38:34 CET 2026
cd /out/sourcedata/freesurfer/sub-v1s11x0050145_ses-1/mri
mris_place_surface --thickness ../surf/rh.white ../surf/rh.pial 20 5 ../surf/rh.thickness
0 of 150506 vertices processed
25000 of 150506 vertices processed
50000 of 150506 vertices processed
75000 of 150506 vertices processed
100000 of 150506 vertices processed
125000 of 150506 vertices processed
150000 of 150506 vertices processed
0 of 150506 vertices processed
25000 of 150506 vertices processed
50000 of 150506 vertices processed
75000 of 150506 vertices processed
100000 of 150506 vertices processed
125000 of 150506 vertices processed
150000 of 150506 vertices processed
thickness calculation complete, 527:1578 truncations.
58810 vertices at 0 distance
120250 vertices at 1 distance
76036 vertices at 2 distance
28549 vertices at 3 distance
10458 vertices at 4 distance
3951 vertices at 5 distance
1446 vertices at 6 distance
593 vertices at 7 distance
266 vertices at 8 distance
157 vertices at 9 distance
90 vertices at 10 distance
82 vertices at 11 distance
45 vertices at 12 distance
44 vertices at 13 distance
41 vertices at 14 distance
40 vertices at 15 distance
38 vertices at 16 distance
37 vertices at 17 distance
25 vertices at 18 distance
19 vertices at 19 distance
35 vertices at 20 distance
writing curvature file ../surf/rh.thickness
#@# area and vertex vol rh Thu Mar 12 12:39:08 CET 2026
cd /out/sourcedata/freesurfer/sub-v1s11x0050145_ses-1/mri
mris_place_surface --thickness ../surf/rh.white ../surf/rh.pial 20 5 ../surf/rh.thickness
/out/sourcedata/freesurfer/sub-v1s11x0050145_ses-1/surf
mris_calc -o rh.area.mid rh.area add rh.area.pial
Saving result to 'rh.area.mid' (type = MRI_CURV_FILE)                       [ ok ]
mris_calc -o rh.area.mid rh.area.mid div 2
Saving result to 'rh.area.mid' (type = MRI_CURV_FILE)                       [ ok ]
mris_convert --volume sub-v1s11x0050145_ses-1 rh /out/sourcedata/freesurfer/sub-v1s11x0050145_ses-1/surf/rh.volume
masking with /out/sourcedata/freesurfer/sub-v1s11x0050145_ses-1/label/rh.cortex.label
Total face volume 299398
Total vertex volume 299185 (mask=0)
#@# sub-v1s11x0050145_ses-1 rh 299185
 
vertexvol Done

#-----------------------------------------
#@# Curvature Stats rh Thu Mar 12 12:39:10 CET 2026
/out/sourcedata/freesurfer/sub-v1s11x0050145_ses-1/surf

 mris_curvature_stats -m --writeCurvatureFiles -G -o ../stats/rh.curv.stats -F smoothwm sub-v1s11x0050145_ses-1 rh curv sulc 

             Toggling save flag on curvature files                       [ ok ]
                 Outputting results using filestem   [ ../stats/rh.curv.stats ]
             Toggling save flag on curvature files                       [ ok ]
                                   Setting surface [ sub-v1s11x0050145_ses-1/rh.smoothwm ]
                                Reading surface...                       [ ok ]
                                   Setting texture                     [ curv ]
                                Reading texture...                       [ ok ]
                                   Setting texture                     [ sulc ]
                                Reading texture...Gb_filter = 0
                       [ ok ]
      Calculating Discrete Principal Curvatures...
      Determining geometric order for vno faces... [####################] [ ok ]
                      Determining KH curvatures... [####################] [ ok ]
                    Determining k1k2 curvatures... [####################] [ ok ]
                                   deltaViolations                      [ 298 ]
Gb_filter = 0

WARN:    S lookup   min:                          -0.211384
WARN:    S explicit min:                          0.000000	vertex = 347
#-----------------------------------------
#@# Cortical Parc 2 rh Thu Mar 12 12:39:12 CET 2026
/out/sourcedata/freesurfer/sub-v1s11x0050145_ses-1/scripts

 mris_ca_label -l ../label/rh.cortex.label -aseg ../mri/aseg.presurf.mgz -seed 1234 sub-v1s11x0050145_ses-1 rh ../surf/rh.sphere.reg /opt/freesurfer/average/rh.CDaparc.atlas.acfb40.noaparc.i12.2016-08-02.gcs ../label/rh.aparc.a2009s.annot 

setting seed for random number generator to 1234
using ../mri/aseg.presurf.mgz aseg volume to correct midline
7.3.2
  7.3.2
reading atlas from /opt/freesurfer/average/rh.CDaparc.atlas.acfb40.noaparc.i12.2016-08-02.gcs...
reading color table from GCSA file....
average std = 1.4   using min determinant for regularization = 0.021
0 singular and 0 ill-conditioned covariance matrices regularized
input 0: MEAN CURVATURE, flags 0, avgs 5, name mean_curvature
labeling surface...
75 labels changed using aseg
relabeling using gibbs priors...
000:  10350 changed, 150506 examined...
001:   2381 changed, 40043 examined...
002:    678 changed, 12621 examined...
003:    311 changed, 3911 examined...
004:    154 changed, 1780 examined...
005:     83 changed, 885 examined...
006:     52 changed, 491 examined...
007:     37 changed, 307 examined...
008:     24 changed, 195 examined...
009:     12 changed, 134 examined...
010:      9 changed, 75 examined...
011:      5 changed, 51 examined...
012:      7 changed, 30 examined...
013:      3 changed, 35 examined...
014:      2 changed, 21 examined...
015:      3 changed, 16 examined...
016:      1 changed, 17 examined...
017:      1 changed, 8 examined...
018:      2 changed, 7 examined...
019:      4 changed, 13 examined...
020:      1 changed, 13 examined...
021:      2 changed, 8 examined...
022:      2 changed, 11 examined...
023:      2 changed, 11 examined...
024:      0 changed, 9 examined...
26 labels changed using aseg
000: 280 total segments, 191 labels (2362 vertices) changed
001: 98 total segments, 10 labels (35 vertices) changed
002: 88 total segments, 0 labels (0 vertices) changed
10 filter iterations complete (10 requested, 52 changed)
rationalizing unknown annotations with cortex label
relabeling Medial_wall label...
1365 vertices marked for relabeling...
1365 labels changed in reclassification.
writing output to ../label/rh.aparc.a2009s.annot...
classification took 0 minutes and 15 seconds.
#-----------------------------------------
#@# Cortical Parc 3 rh Thu Mar 12 12:39:27 CET 2026
/out/sourcedata/freesurfer/sub-v1s11x0050145_ses-1/scripts

 mris_ca_label -l ../label/rh.cortex.label -aseg ../mri/aseg.presurf.mgz -seed 1234 sub-v1s11x0050145_ses-1 rh ../surf/rh.sphere.reg /opt/freesurfer/average/rh.DKTaparc.atlas.acfb40.noaparc.i12.2016-08-02.gcs ../label/rh.aparc.DKTatlas.annot 

setting seed for random number generator to 1234
using ../mri/aseg.presurf.mgz aseg volume to correct midline
7.3.2
  7.3.2
reading atlas from /opt/freesurfer/average/rh.DKTaparc.atlas.acfb40.noaparc.i12.2016-08-02.gcs...
reading color table from GCSA file....
average std = 0.9   using min determinant for regularization = 0.009
0 singular and 325 ill-conditioned covariance matrices regularized
input 0: MEAN CURVATURE, flags 0, avgs 5, name mean_curvature
labeling surface...
1599 labels changed using aseg
relabeling using gibbs priors...
000:   2207 changed, 150506 examined...
001:    532 changed, 10218 examined...
002:    109 changed, 3052 examined...
003:     48 changed, 675 examined...
004:     19 changed, 293 examined...
005:     11 changed, 116 examined...
006:      8 changed, 60 examined...
007:      7 changed, 40 examined...
008:      7 changed, 33 examined...
009:      4 changed, 30 examined...
010:      4 changed, 24 examined...
011:      4 changed, 23 examined...
012:      6 changed, 20 examined...
013:      6 changed, 22 examined...
014:      4 changed, 26 examined...
015:      4 changed, 24 examined...
016:      2 changed, 19 examined...
017:      3 changed, 11 examined...
018:      2 changed, 15 examined...
019:      2 changed, 14 examined...
020:      2 changed, 15 examined...
021:      1 changed, 14 examined...
022:      1 changed, 6 examined...
023:      0 changed, 7 examined...
228 labels changed using aseg
000: 55 total segments, 22 labels (156 vertices) changed
001: 34 total segments, 1 labels (1 vertices) changed
002: 33 total segments, 0 labels (0 vertices) changed
10 filter iterations complete (10 requested, 4 changed)
rationalizing unknown annotations with cortex label
relabeling unknown label...
relabeling corpuscallosum label...
1195 vertices marked for relabeling...
1195 labels changed in reclassification.
writing output to ../label/rh.aparc.DKTatlas.annot...
classification took 0 minutes and 12 seconds.
#-----------------------------------------
#@# WM/GM Contrast rh Thu Mar 12 12:39:40 CET 2026
/out/sourcedata/freesurfer/sub-v1s11x0050145_ses-1/scripts

 pctsurfcon --s sub-v1s11x0050145_ses-1 --rh-only 

Log file is /out/sourcedata/freesurfer/sub-v1s11x0050145_ses-1/scripts/pctsurfcon.log
Thu Mar 12 12:39:40 CET 2026
setenv SUBJECTS_DIR /out/sourcedata/freesurfer
cd /out/sourcedata/freesurfer/sub-v1s11x0050145_ses-1/scripts
/opt/freesurfer/bin/pctsurfcon
pctsurfcon 7.3.2
Linux dna050 5.14.0-427.37.1.el9_4.x86_64 #1 SMP PREEMPT_DYNAMIC Fri Sep 13 12:41:50 EDT 2024 x86_64 x86_64 x86_64 GNU/Linux
FREESURFER_HOME /opt/freesurfer
mri_vol2surf --mov /out/sourcedata/freesurfer/sub-v1s11x0050145_ses-1/mri/rawavg.mgz --hemi rh --noreshape --interp trilinear --projdist -1 --o /out/sourcedata/freesurfer/sub-v1s11x0050145_ses-1/surf/tmp.pctsurfcon.536744/rh.wm.mgh --regheader sub-v1s11x0050145_ses-1 --cortex
srcvol = /out/sourcedata/freesurfer/sub-v1s11x0050145_ses-1/mri/rawavg.mgz
srcreg unspecified
srcregold = 0
srcwarp unspecified
surf = white
hemi = rh
ProjDist = -1
reshape = 0
interp = trilinear
float2int = round
GetProjMax = 0
INFO: float2int code = 0
Done loading volume
Computing registration from header.
  Using /out/sourcedata/freesurfer/sub-v1s11x0050145_ses-1/mri/orig.mgz as target reference.
-------- original matrix -----------
-0.99756   0.06976   0.00000   0.00002;
 0.00000   0.00000   1.00000  -0.00001;
-0.06976  -0.99756   0.00000  -0.00001;
 0.00000   0.00000   0.00000   1.00000;
-------- original matrix -----------
Loading label /out/sourcedata/freesurfer/sub-v1s11x0050145_ses-1/label/rh.cortex.label
Reading surface /out/sourcedata/freesurfer/sub-v1s11x0050145_ses-1/surf/rh.white
Done reading source surface
Mapping Source Volume onto Source Subject Surface
Projecting -1 -1 1
 1 -1 -1 -1
using old
Done mapping volume to surface
Number of source voxels hit = 83784
Masking with /out/sourcedata/freesurfer/sub-v1s11x0050145_ses-1/label/rh.cortex.label
Writing to /out/sourcedata/freesurfer/sub-v1s11x0050145_ses-1/surf/tmp.pctsurfcon.536744/rh.wm.mgh
Dim: 150506 1 1
mri_vol2surf --mov /out/sourcedata/freesurfer/sub-v1s11x0050145_ses-1/mri/rawavg.mgz --hemi rh --noreshape --interp trilinear --o /out/sourcedata/freesurfer/sub-v1s11x0050145_ses-1/surf/tmp.pctsurfcon.536744/rh.gm.mgh --projfrac 0.3 --regheader sub-v1s11x0050145_ses-1 --cortex
srcvol = /out/sourcedata/freesurfer/sub-v1s11x0050145_ses-1/mri/rawavg.mgz
srcreg unspecified
srcregold = 0
srcwarp unspecified
surf = white
hemi = rh
ProjFrac = 0.3
thickness = thickness
reshape = 0
interp = trilinear
float2int = round
GetProjMax = 0
INFO: float2int code = 0
Done loading volume
Computing registration from header.
  Using /out/sourcedata/freesurfer/sub-v1s11x0050145_ses-1/mri/orig.mgz as target reference.
-------- original matrix -----------
-0.99756   0.06976   0.00000   0.00002;
 0.00000   0.00000   1.00000  -0.00001;
-0.06976  -0.99756   0.00000  -0.00001;
 0.00000   0.00000   0.00000   1.00000;
-------- original matrix -----------
Loading label /out/sourcedata/freesurfer/sub-v1s11x0050145_ses-1/label/rh.cortex.label
Reading surface /out/sourcedata/freesurfer/sub-v1s11x0050145_ses-1/surf/rh.white
Done reading source surface
Reading thickness /out/sourcedata/freesurfer/sub-v1s11x0050145_ses-1/surf/rh.thickness
Done
Mapping Source Volume onto Source Subject Surface
Projecting 0.3 0.3 1
 1 0.3 0.3 0.3
using old
Done mapping volume to surface
Number of source voxels hit = 98787
Masking with /out/sourcedata/freesurfer/sub-v1s11x0050145_ses-1/label/rh.cortex.label
Writing to /out/sourcedata/freesurfer/sub-v1s11x0050145_ses-1/surf/tmp.pctsurfcon.536744/rh.gm.mgh
Dim: 150506 1 1
mri_concat /out/sourcedata/freesurfer/sub-v1s11x0050145_ses-1/surf/tmp.pctsurfcon.536744/rh.wm.mgh /out/sourcedata/freesurfer/sub-v1s11x0050145_ses-1/surf/tmp.pctsurfcon.536744/rh.gm.mgh --paired-diff-norm --mul 100 --o /out/sourcedata/freesurfer/sub-v1s11x0050145_ses-1/surf/rh.w-g.pct.mgh
ninputs = 2
Checking inputs
nframestot = 2
Allocing output
Done allocing
Combining pairs
nframes = 1
Multiplying by 100.000000
Writing to /out/sourcedata/freesurfer/sub-v1s11x0050145_ses-1/surf/rh.w-g.pct.mgh
mri_segstats --in /out/sourcedata/freesurfer/sub-v1s11x0050145_ses-1/surf/rh.w-g.pct.mgh --annot sub-v1s11x0050145_ses-1 rh aparc --sum /out/sourcedata/freesurfer/sub-v1s11x0050145_ses-1/stats/rh.w-g.pct.stats --snr

7.3.2
cwd 
cmdline mri_segstats --in /out/sourcedata/freesurfer/sub-v1s11x0050145_ses-1/surf/rh.w-g.pct.mgh --annot sub-v1s11x0050145_ses-1 rh aparc --sum /out/sourcedata/freesurfer/sub-v1s11x0050145_ses-1/stats/rh.w-g.pct.stats --snr 
sysname  Linux
hostname dna050
machine  x86_64
user     oesteban
whitesurfname  white
UseRobust  0
Constructing seg from annotation

Reading annotation /out/sourcedata/freesurfer/sub-v1s11x0050145_ses-1/label/rh.aparc.annot
Seg base 2000
Loading /out/sourcedata/freesurfer/sub-v1s11x0050145_ses-1/surf/rh.w-g.pct.mgh
Vertex Area is 0.690828 mm^3
Generating list of segmentation ids
Found  36 segmentations
Computing statistics for each segmentation

Reporting on  35 segmentations
Using PrintSegStat
mri_segstats done
Cleaning up

Started at Thu Mar 12 12:12:42 CET 2026 
Ended   at Thu Mar 12 12:39:43 CET 2026
#@#%# recon-all-run-time-hours 0.450
recon-all -s sub-v1s11x0050145_ses-1 finished without error at Thu Mar 12 12:39:43 CET 2026



#New# invocation of recon-all 




Thu Mar 12 12:50:05 CET 2026
cd /out/sourcedata/freesurfer/sub-v1s11x0050145_ses-1
setenv SUBJECTS_DIR /out/sourcedata/freesurfer
/opt/freesurfer/bin/recon-all -autorecon-hemi rh -nohyporelabel -rh-only -openmp 16 -subjid sub-v1s11x0050145_ses-1 -sd /out/sourcedata/freesurfer -notessellate -nosmooth1 -noinflate1 -noqsphere -nofix -nowhite -nosmooth2 -noinflate2 -nocurvHK -nocurvstats -nosphere -nosurfreg -nojacobian_white -noavgcurv -nocortparc -nopial -nocortparc2 -nocortparc3 -nopctsurfcon

subjid sub-v1s11x0050145_ses-1
setenv SUBJECTS_DIR /out/sourcedata/freesurfer
FREESURFER_HOME /opt/freesurfer
Actual FREESURFER_HOME /opt/freesurfer
build-stamp.txt: freesurfer-linux-ubuntu22_x86_64-7.3.2-20220804-6354275
Linux dna050 5.14.0-427.37.1.el9_4.x86_64 #1 SMP PREEMPT_DYNAMIC Fri Sep 13 12:41:50 EDT 2024 x86_64 x86_64 x86_64 GNU/Linux
cputime      unlimited
filesize     unlimited
datasize     unlimited
stacksize    8192 kbytes
coredumpsize 0 kbytes
memoryuse    67108864 kbytes
vmemoryuse   unlimited
descriptors  1024 
memorylocked unlimited
maxproc      2061970 
maxlocks     unlimited
maxsignal    2061970 
maxmessage   819200 
maxnice      0 
maxrtprio    0 
maxrttime    unlimited

               total        used        free      shared  buff/cache   available
Mem:           503Gi        53Gi       401Gi        12Gi        48Gi       434Gi
Swap:             0B          0B          0B

########################################
program versions used
7.3.2 (freesurfer-linux-ubuntu22_x86_64-7.3.2-20220804-6354275)
7.3.2

ProgramName: lta_convert  ProgramArguments: lta_convert -all-info  ProgramVersion: 7.3.2  TimeStamp: 2026/03/12-11:50:05-GMT  BuildTime: Aug  4 2022 06:17:15  BuildStamp: freesurfer-linux-ubuntu22_x86_64-7.3.2-20220804-6354275  User: oesteban  Machine: dna050  Platform: Linux  PlatformVersion: 5.14.0-427.37.1.el9_4.x86_64  CompilerName: GCC  CompilerVersion: 8.4.0
ProgramName: mri_and  ProgramArguments: mri_and -all-info  ProgramVersion: 7.3.2  TimeStamp: 2026/03/12-11:50:05-GMT  BuildTime: Aug  4 2022 06:17:15  BuildStamp: freesurfer-linux-ubuntu22_x86_64-7.3.2-20220804-6354275  User: oesteban  Machine: dna050  Platform: Linux  PlatformVersion: 5.14.0-427.37.1.el9_4.x86_64  CompilerName: GCC  CompilerVersion: 8.4.0
ProgramName: mri_annotation2label  ProgramArguments: mri_annotation2label -all-info  ProgramVersion: 7.3.2  TimeStamp: 2026/03/12-11:50:05-GMT  BuildTime: Aug  4 2022 06:17:15  BuildStamp: freesurfer-linux-ubuntu22_x86_64-7.3.2-20220804-6354275  User: oesteban  Machine: dna050  Platform: Linux  PlatformVersion: 5.14.0-427.37.1.el9_4.x86_64  CompilerName: GCC  CompilerVersion: 8.4.0
ProgramName: mri_aparc2aseg  ProgramArguments: mri_aparc2aseg -all-info  ProgramVersion: 7.3.2  TimeStamp: 2026/03/12-11:50:05-GMT  BuildTime: Aug  4 2022 06:17:15  BuildStamp: freesurfer-linux-ubuntu22_x86_64-7.3.2-20220804-6354275  User: oesteban  Machine: dna050  Platform: Linux  PlatformVersion: 5.14.0-427.37.1.el9_4.x86_64  CompilerName: GCC  CompilerVersion: 8.4.0
ProgramName: mri_surf2volseg  ProgramArguments: mri_surf2volseg -all-info  ProgramVersion: 7.3.2  TimeStamp: 2026/03/12-11:50:05-GMT  BuildTime: Aug  4 2022 06:17:15  BuildStamp: freesurfer-linux-ubuntu22_x86_64-7.3.2-20220804-6354275  User: oesteban  Machine: dna050  Platform: Linux  PlatformVersion: 5.14.0-427.37.1.el9_4.x86_64  CompilerName: GCC  CompilerVersion: 8.4.0
ProgramName: mri_binarize  ProgramArguments: mri_binarize -all-info  ProgramVersion: 7.3.2  TimeStamp: 2026/03/12-11:50:05-GMT  BuildTime: Aug  4 2022 06:17:15  BuildStamp: freesurfer-linux-ubuntu22_x86_64-7.3.2-20220804-6354275  User: oesteban  Machine: dna050  Platform: Linux  PlatformVersion: 5.14.0-427.37.1.el9_4.x86_64  CompilerName: GCC  CompilerVersion: 8.4.0
ProgramName: mri_ca_label  ProgramArguments: mri_ca_label -all-info  ProgramVersion: 7.3.2  TimeStamp: 2026/03/12-11:50:05-GMT  BuildTime: Aug  4 2022 06:17:15  BuildStamp: freesurfer-linux-ubuntu22_x86_64-7.3.2-20220804-6354275  User: oesteban  Machine: dna050  Platform: Linux  PlatformVersion: 5.14.0-427.37.1.el9_4.x86_64  CompilerName: GCC  CompilerVersion: 8.4.0
ProgramName: mri_ca_normalize  ProgramArguments: mri_ca_normalize -all-info  ProgramVersion: 7.3.2  TimeStamp: 2026/03/12-11:50:05-GMT  BuildTime: Aug  4 2022 06:17:15  BuildStamp: freesurfer-linux-ubuntu22_x86_64-7.3.2-20220804-6354275  User: oesteban  Machine: dna050  Platform: Linux  PlatformVersion: 5.14.0-427.37.1.el9_4.x86_64  CompilerName: GCC  CompilerVersion: 8.4.0
ProgramName: mri_ca_register  ProgramArguments: mri_ca_register -all-info  ProgramVersion: 7.3.2  TimeStamp: 2026/03/12-11:50:05-GMT  BuildTime: Aug  4 2022 06:17:15  BuildStamp: freesurfer-linux-ubuntu22_x86_64-7.3.2-20220804-6354275  User: oesteban  Machine: dna050  Platform: Linux  PlatformVersion: 5.14.0-427.37.1.el9_4.x86_64  CompilerName: GCC  CompilerVersion: 8.4.0
ProgramName: mri_cc  ProgramArguments: mri_cc -all-info  ProgramVersion: 7.3.2  TimeStamp: 2026/03/12-11:50:05-GMT  BuildTime: Aug  4 2022 06:17:15  BuildStamp: freesurfer-linux-ubuntu22_x86_64-7.3.2-20220804-6354275  User: oesteban  Machine: dna050  Platform: Linux  PlatformVersion: 5.14.0-427.37.1.el9_4.x86_64  CompilerName: GCC  CompilerVersion: 8.4.0
ProgramName: mri_compute_overlap  ProgramArguments: mri_compute_overlap -all-info  ProgramVersion: 7.3.2  TimeStamp: 2026/03/12-11:50:05-GMT  BuildTime: Aug  4 2022 06:17:15  BuildStamp: freesurfer-linux-ubuntu22_x86_64-7.3.2-20220804-6354275  User: oesteban  Machine: dna050  Platform: Linux  PlatformVersion: 5.14.0-427.37.1.el9_4.x86_64  CompilerName: GCC  CompilerVersion: 8.4.0
ProgramName: mri_compute_seg_overlap  ProgramArguments: mri_compute_seg_overlap -all-info  ProgramVersion: 7.3.2  TimeStamp: 2026/03/12-11:50:05-GMT  BuildTime: Aug  4 2022 06:17:15  BuildStamp: freesurfer-linux-ubuntu22_x86_64-7.3.2-20220804-6354275  User: oesteban  Machine: dna050  Platform: Linux  PlatformVersion: 5.14.0-427.37.1.el9_4.x86_64  CompilerName: GCC  CompilerVersion: 8.4.0
ProgramName: mri_concat  ProgramArguments: mri_concat -all-info  ProgramVersion: 7.3.2  TimeStamp: 2026/03/12-11:50:05-GMT  BuildTime: Aug  4 2022 06:17:15  BuildStamp: freesurfer-linux-ubuntu22_x86_64-7.3.2-20220804-6354275  User: oesteban  Machine: dna050  Platform: Linux  PlatformVersion: 5.14.0-427.37.1.el9_4.x86_64  CompilerName: GCC  CompilerVersion: 8.4.0
ProgramName: mri_concatenate_lta  ProgramArguments: mri_concatenate_lta -all-info  ProgramVersion: 7.3.2  TimeStamp: 2026/03/12-11:50:05-GMT  BuildTime: Aug  4 2022 06:17:15  BuildStamp: freesurfer-linux-ubuntu22_x86_64-7.3.2-20220804-6354275  User: oesteban  Machine: dna050  Platform: Linux  PlatformVersion: 5.14.0-427.37.1.el9_4.x86_64  CompilerName: GCC  CompilerVersion: 8.4.0
mri_convert -all-info 
ProgramName: mri_convert  ProgramArguments: mri_convert -all-info  ProgramVersion: 7.3.2  TimeStamp: 2026/03/12-11:50:05-GMT  BuildTime: Aug  4 2022 06:17:15  BuildStamp: freesurfer-linux-ubuntu22_x86_64-7.3.2-20220804-6354275  User: oesteban  Machine: dna050  Platform: Linux  PlatformVersion: 5.14.0-427.37.1.el9_4.x86_64  CompilerName: GCC  CompilerVersion: 8.4.0
ProgramName: mri_diff  ProgramArguments: mri_diff -all-info  ProgramVersion: 7.3.2  TimeStamp: 2026/03/12-11:50:05-GMT  BuildTime: Aug  4 2022 06:17:15  BuildStamp: freesurfer-linux-ubuntu22_x86_64-7.3.2-20220804-6354275  User: oesteban  Machine: dna050  Platform: Linux  PlatformVersion: 5.14.0-427.37.1.el9_4.x86_64  CompilerName: GCC  CompilerVersion: 8.4.0
ProgramName: mri_edit_wm_with_aseg  ProgramArguments: mri_edit_wm_with_aseg -all-info  ProgramVersion: 7.3.2  TimeStamp: 2026/03/12-11:50:05-GMT  BuildTime: Aug  4 2022 06:17:15  BuildStamp: freesurfer-linux-ubuntu22_x86_64-7.3.2-20220804-6354275  User: oesteban  Machine: dna050  Platform: Linux  PlatformVersion: 5.14.0-427.37.1.el9_4.x86_64  CompilerName: GCC  CompilerVersion: 8.4.0
ProgramName: mri_em_register  ProgramArguments: mri_em_register -all-info  ProgramVersion: 7.3.2  TimeStamp: 2026/03/12-11:50:05-GMT  BuildTime: Aug  4 2022 06:17:15  BuildStamp: freesurfer-linux-ubuntu22_x86_64-7.3.2-20220804-6354275  User: oesteban  Machine: dna050  Platform: Linux  PlatformVersion: 5.14.0-427.37.1.el9_4.x86_64  CompilerName: GCC  CompilerVersion: 8.4.0
ProgramName: mri_fill  ProgramArguments: mri_fill -all-info  ProgramVersion: 7.3.2  TimeStamp: 2026/03/12-11:50:05-GMT  BuildTime: Aug  4 2022 06:17:15  BuildStamp: freesurfer-linux-ubuntu22_x86_64-7.3.2-20220804-6354275  User: oesteban  Machine: dna050  Platform: Linux  PlatformVersion: 5.14.0-427.37.1.el9_4.x86_64  CompilerName: GCC  CompilerVersion: 8.4.0
ProgramName: mri_fuse_segmentations  ProgramArguments: mri_fuse_segmentations -all-info  ProgramVersion: 7.3.2  TimeStamp: 2026/03/12-11:50:05-GMT  BuildTime: Aug  4 2022 06:17:15  BuildStamp: freesurfer-linux-ubuntu22_x86_64-7.3.2-20220804-6354275  User: oesteban  Machine: dna050  Platform: Linux  PlatformVersion: 5.14.0-427.37.1.el9_4.x86_64  CompilerName: GCC  CompilerVersion: 8.4.0
ProgramName: mri_fwhm  ProgramArguments: mri_fwhm -all-info  ProgramVersion: 7.3.2  TimeStamp: 2026/03/12-11:50:05-GMT  BuildTime: Aug  4 2022 06:17:15  BuildStamp: freesurfer-linux-ubuntu22_x86_64-7.3.2-20220804-6354275  User: oesteban  Machine: dna050  Platform: Linux  PlatformVersion: 5.14.0-427.37.1.el9_4.x86_64  CompilerName: GCC  CompilerVersion: 8.4.0
ProgramName: mri_gcut  ProgramArguments: mri_gcut -all-info  ProgramVersion: 7.3.2  TimeStamp: 2026/03/12-11:50:05-GMT  BuildTime: Aug  4 2022 06:17:15  BuildStamp: freesurfer-linux-ubuntu22_x86_64-7.3.2-20220804-6354275  User: oesteban  Machine: dna050  Platform: Linux  PlatformVersion: 5.14.0-427.37.1.el9_4.x86_64  CompilerName: GCC  CompilerVersion: 8.4.0
ProgramName: mri_info  ProgramArguments: mri_info -all-info  ProgramVersion: 7.3.2  TimeStamp: 2026/03/12-11:50:05-GMT  BuildTime: Aug  4 2022 06:17:15  BuildStamp: freesurfer-linux-ubuntu22_x86_64-7.3.2-20220804-6354275  User: oesteban  Machine: dna050  Platform: Linux  PlatformVersion: 5.14.0-427.37.1.el9_4.x86_64  CompilerName: GCC  CompilerVersion: 8.4.0
ProgramName: mri_label2label  ProgramArguments: mri_label2label -all-info  ProgramVersion: 7.3.2  TimeStamp: 2026/03/12-11:50:05-GMT  BuildTime: Aug  4 2022 06:17:15  BuildStamp: freesurfer-linux-ubuntu22_x86_64-7.3.2-20220804-6354275  User: oesteban  Machine: dna050  Platform: Linux  PlatformVersion: 5.14.0-427.37.1.el9_4.x86_64  CompilerName: GCC  CompilerVersion: 8.4.0
ProgramName: mri_label2vol  ProgramArguments: mri_label2vol -all-info  ProgramVersion: 7.3.2  TimeStamp: 2026/03/12-11:50:05-GMT  BuildTime: Aug  4 2022 06:17:15  BuildStamp: freesurfer-linux-ubuntu22_x86_64-7.3.2-20220804-6354275  User: oesteban  Machine: dna050  Platform: Linux  PlatformVersion: 5.14.0-427.37.1.el9_4.x86_64  CompilerName: GCC  CompilerVersion: 8.4.0
ProgramName: mri_log_likelihood  ProgramArguments: mri_log_likelihood -all-info  ProgramVersion: 7.3.2  TimeStamp: 2026/03/12-11:50:05-GMT  BuildTime: Aug  4 2022 06:17:15  BuildStamp: freesurfer-linux-ubuntu22_x86_64-7.3.2-20220804-6354275  User: oesteban  Machine: dna050  Platform: Linux  PlatformVersion: 5.14.0-427.37.1.el9_4.x86_64  CompilerName: GCC  CompilerVersion: 8.4.0
ProgramName: mri_mask  ProgramArguments: mri_mask -all-info  ProgramVersion: 7.3.2  TimeStamp: 2026/03/12-11:50:05-GMT  BuildTime: Aug  4 2022 06:17:15  BuildStamp: freesurfer-linux-ubuntu22_x86_64-7.3.2-20220804-6354275  User: oesteban  Machine: dna050  Platform: Linux  PlatformVersion: 5.14.0-427.37.1.el9_4.x86_64  CompilerName: GCC  CompilerVersion: 8.4.0
ProgramName: mri_matrix_multiply  ProgramArguments: mri_matrix_multiply -all-info  ProgramVersion: 7.3.2  TimeStamp: 2026/03/12-11:50:05-GMT  BuildTime: Aug  4 2022 06:17:15  BuildStamp: freesurfer-linux-ubuntu22_x86_64-7.3.2-20220804-6354275  User: oesteban  Machine: dna050  Platform: Linux  PlatformVersion: 5.14.0-427.37.1.el9_4.x86_64  CompilerName: GCC  CompilerVersion: 8.4.0
ProgramName: mri_normalize  ProgramArguments: mri_normalize -all-info  ProgramVersion: 7.3.2  TimeStamp: 2026/03/12-11:50:05-GMT  BuildTime: Aug  4 2022 06:17:15  BuildStamp: freesurfer-linux-ubuntu22_x86_64-7.3.2-20220804-6354275  User: oesteban  Machine: dna050  Platform: Linux  PlatformVersion: 5.14.0-427.37.1.el9_4.x86_64  CompilerName: GCC  CompilerVersion: 8.4.0
ProgramName: mri_normalize_tp2  ProgramArguments: mri_normalize_tp2 -all-info  ProgramVersion: 7.3.2  TimeStamp: 2026/03/12-11:50:05-GMT  BuildTime: Aug  4 2022 06:17:15  BuildStamp: freesurfer-linux-ubuntu22_x86_64-7.3.2-20220804-6354275  User: oesteban  Machine: dna050  Platform: Linux  PlatformVersion: 5.14.0-427.37.1.el9_4.x86_64  CompilerName: GCC  CompilerVersion: 8.4.0
ProgramName: mri_or  ProgramArguments: mri_or -all-info  ProgramVersion: 7.3.2  TimeStamp: 2026/03/12-11:50:05-GMT  BuildTime: Aug  4 2022 06:17:15  BuildStamp: freesurfer-linux-ubuntu22_x86_64-7.3.2-20220804-6354275  User: oesteban  Machine: dna050  Platform: Linux  PlatformVersion: 5.14.0-427.37.1.el9_4.x86_64  CompilerName: GCC  CompilerVersion: 8.4.0
ProgramName: mri_relabel_hypointensities  ProgramArguments: mri_relabel_hypointensities -all-info  ProgramVersion: 7.3.2  TimeStamp: 2026/03/12-11:50:05-GMT  BuildTime: Aug  4 2022 06:17:15  BuildStamp: freesurfer-linux-ubuntu22_x86_64-7.3.2-20220804-6354275  User: oesteban  Machine: dna050  Platform: Linux  PlatformVersion: 5.14.0-427.37.1.el9_4.x86_64  CompilerName: GCC  CompilerVersion: 8.4.0
ProgramName: mri_relabel_nonwm_hypos  ProgramArguments: mri_relabel_nonwm_hypos -all-info  ProgramVersion: 7.3.2  TimeStamp: 2026/03/12-11:50:05-GMT  BuildTime: Aug  4 2022 06:17:15  BuildStamp: freesurfer-linux-ubuntu22_x86_64-7.3.2-20220804-6354275  User: oesteban  Machine: dna050  Platform: Linux  PlatformVersion: 5.14.0-427.37.1.el9_4.x86_64  CompilerName: GCC  CompilerVersion: 8.4.0
ProgramName: mri_remove_neck  ProgramArguments: mri_remove_neck -all-info  ProgramVersion: 7.3.2  TimeStamp: 2026/03/12-11:50:05-GMT  BuildTime: Aug  4 2022 06:17:15  BuildStamp: freesurfer-linux-ubuntu22_x86_64-7.3.2-20220804-6354275  User: oesteban  Machine: dna050  Platform: Linux  PlatformVersion: 5.14.0-427.37.1.el9_4.x86_64  CompilerName: GCC  CompilerVersion: 8.4.0
7.3.2

ProgramName: mri_robust_register  ProgramArguments: mri_robust_register -all-info  ProgramVersion: 7.3.2  TimeStamp: 2026/03/12-11:50:05-GMT  BuildTime: Aug  4 2022 06:17:15  BuildStamp: freesurfer-linux-ubuntu22_x86_64-7.3.2-20220804-6354275  User: oesteban  Machine: dna050  Platform: Linux  PlatformVersion: 5.14.0-427.37.1.el9_4.x86_64  CompilerName: GCC  CompilerVersion: 8.4.0
7.3.2

ProgramName: mri_robust_template  ProgramArguments: mri_robust_template -all-info  ProgramVersion: 7.3.2  TimeStamp: 2026/03/12-11:50:05-GMT  BuildTime: Aug  4 2022 06:17:15  BuildStamp: freesurfer-linux-ubuntu22_x86_64-7.3.2-20220804-6354275  User: oesteban  Machine: dna050  Platform: Linux  PlatformVersion: 5.14.0-427.37.1.el9_4.x86_64  CompilerName: GCC  CompilerVersion: 8.4.0
ProgramName: mris_anatomical_stats  ProgramArguments: mris_anatomical_stats -all-info  ProgramVersion: 7.3.2  TimeStamp: 2026/03/12-11:50:05-GMT  BuildTime: Aug  4 2022 06:17:15  BuildStamp: freesurfer-linux-ubuntu22_x86_64-7.3.2-20220804-6354275  User: oesteban  Machine: dna050  Platform: Linux  PlatformVersion: 5.14.0-427.37.1.el9_4.x86_64  CompilerName: GCC  CompilerVersion: 8.4.0
ProgramName: mris_ca_label  ProgramArguments: mris_ca_label -all-info  ProgramVersion: 7.3.2  TimeStamp: 2026/03/12-11:50:05-GMT  BuildTime: Aug  4 2022 06:17:15  BuildStamp: freesurfer-linux-ubuntu22_x86_64-7.3.2-20220804-6354275  User: oesteban  Machine: dna050  Platform: Linux  PlatformVersion: 5.14.0-427.37.1.el9_4.x86_64  CompilerName: GCC  CompilerVersion: 8.4.0
ProgramName: mris_calc  ProgramArguments: mris_calc -all-info  ProgramVersion: 7.3.2  TimeStamp: 2026/03/12-11:50:05-GMT  BuildTime: Aug  4 2022 06:17:15  BuildStamp: freesurfer-linux-ubuntu22_x86_64-7.3.2-20220804-6354275  User: oesteban  Machine: dna050  Platform: Linux  PlatformVersion: 5.14.0-427.37.1.el9_4.x86_64  CompilerName: GCC  CompilerVersion: 8.4.0
ProgramName: mris_convert  ProgramArguments: mris_convert -all-info  ProgramVersion: 7.3.2  TimeStamp: 2026/03/12-11:50:05-GMT  BuildTime: Aug  4 2022 06:17:15  BuildStamp: freesurfer-linux-ubuntu22_x86_64-7.3.2-20220804-6354275  User: oesteban  Machine: dna050  Platform: Linux  PlatformVersion: 5.14.0-427.37.1.el9_4.x86_64  CompilerName: GCC  CompilerVersion: 8.4.0
ProgramName: mris_curvature  ProgramArguments: mris_curvature -all-info  ProgramVersion: 7.3.2  TimeStamp: 2026/03/12-11:50:05-GMT  BuildTime: Aug  4 2022 06:17:15  BuildStamp: freesurfer-linux-ubuntu22_x86_64-7.3.2-20220804-6354275  User: oesteban  Machine: dna050  Platform: Linux  PlatformVersion: 5.14.0-427.37.1.el9_4.x86_64  CompilerName: GCC  CompilerVersion: 8.4.0
ProgramName: mris_curvature_stats  ProgramArguments: mris_curvature_stats -all-info  ProgramVersion: 7.3.2  TimeStamp: 2026/03/12-11:50:05-GMT  BuildTime: Aug  4 2022 06:17:15  BuildStamp: freesurfer-linux-ubuntu22_x86_64-7.3.2-20220804-6354275  User: oesteban  Machine: dna050  Platform: Linux  PlatformVersion: 5.14.0-427.37.1.el9_4.x86_64  CompilerName: GCC  CompilerVersion: 8.4.0
ProgramName: mris_diff  ProgramArguments: mris_diff -all-info  ProgramVersion: 7.3.2  TimeStamp: 2026/03/12-11:50:05-GMT  BuildTime: Aug  4 2022 06:17:15  BuildStamp: freesurfer-linux-ubuntu22_x86_64-7.3.2-20220804-6354275  User: oesteban  Machine: dna050  Platform: Linux  PlatformVersion: 5.14.0-427.37.1.el9_4.x86_64  CompilerName: GCC  CompilerVersion: 8.4.0
ProgramName: mris_divide_parcellation  ProgramArguments: mris_divide_parcellation -all-info  ProgramVersion: 7.3.2  TimeStamp: 2026/03/12-11:50:05-GMT  BuildTime: Aug  4 2022 06:17:15  BuildStamp: freesurfer-linux-ubuntu22_x86_64-7.3.2-20220804-6354275  User: oesteban  Machine: dna050  Platform: Linux  PlatformVersion: 5.14.0-427.37.1.el9_4.x86_64  CompilerName: GCC  CompilerVersion: 8.4.0
ProgramName: mri_segment  ProgramArguments: mri_segment -all-info  ProgramVersion: 7.3.2  TimeStamp: 2026/03/12-11:50:05-GMT  BuildTime: Aug  4 2022 06:17:15  BuildStamp: freesurfer-linux-ubuntu22_x86_64-7.3.2-20220804-6354275  User: oesteban  Machine: dna050  Platform: Linux  PlatformVersion: 5.14.0-427.37.1.el9_4.x86_64  CompilerName: GCC  CompilerVersion: 8.4.0
ProgramName: mri_segstats  ProgramArguments: mri_segstats -all-info  ProgramVersion: 7.3.2  TimeStamp: 2026/03/12-11:50:05-GMT  BuildTime: Aug  4 2022 06:17:15  BuildStamp: freesurfer-linux-ubuntu22_x86_64-7.3.2-20220804-6354275  User: oesteban  Machine: dna050  Platform: Linux  PlatformVersion: 5.14.0-427.37.1.el9_4.x86_64  CompilerName: GCC  CompilerVersion: 8.4.0
ProgramName: mris_euler_number  ProgramArguments: mris_euler_number -all-info  ProgramVersion: 7.3.2  TimeStamp: 2026/03/12-11:50:05-GMT  BuildTime: Aug  4 2022 06:17:15  BuildStamp: freesurfer-linux-ubuntu22_x86_64-7.3.2-20220804-6354275  User: oesteban  Machine: dna050  Platform: Linux  PlatformVersion: 5.14.0-427.37.1.el9_4.x86_64  CompilerName: GCC  CompilerVersion: 8.4.0
ProgramName: mris_fix_topology  ProgramArguments: mris_fix_topology -all-info  ProgramVersion: 7.3.2  TimeStamp: 2026/03/12-11:50:05-GMT  BuildTime: Aug  4 2022 06:17:15  BuildStamp: freesurfer-linux-ubuntu22_x86_64-7.3.2-20220804-6354275  User: oesteban  Machine: dna050  Platform: Linux  PlatformVersion: 5.14.0-427.37.1.el9_4.x86_64  CompilerName: GCC  CompilerVersion: 8.4.0
ProgramName: mris_topo_fixer  ProgramArguments: mris_topo_fixer -all-info  ProgramVersion: 7.3.2  TimeStamp: 2026/03/12-11:50:05-GMT  BuildTime: Aug  4 2022 06:17:15  BuildStamp: freesurfer-linux-ubuntu22_x86_64-7.3.2-20220804-6354275  User: oesteban  Machine: dna050  Platform: Linux  PlatformVersion: 5.14.0-427.37.1.el9_4.x86_64  CompilerName: GCC  CompilerVersion: 8.4.0
ProgramName: mris_jacobian  ProgramArguments: mris_jacobian -all-info  ProgramVersion: 7.3.2  TimeStamp: 2026/03/12-11:50:05-GMT  BuildTime: Aug  4 2022 06:17:15  BuildStamp: freesurfer-linux-ubuntu22_x86_64-7.3.2-20220804-6354275  User: oesteban  Machine: dna050  Platform: Linux  PlatformVersion: 5.14.0-427.37.1.el9_4.x86_64  CompilerName: GCC  CompilerVersion: 8.4.0
ProgramName: mris_label2annot  ProgramArguments: mris_label2annot -all-info  ProgramVersion: 7.3.2  TimeStamp: 2026/03/12-11:50:05-GMT  BuildTime: Aug  4 2022 06:17:15  BuildStamp: freesurfer-linux-ubuntu22_x86_64-7.3.2-20220804-6354275  User: oesteban  Machine: dna050  Platform: Linux  PlatformVersion: 5.14.0-427.37.1.el9_4.x86_64  CompilerName: GCC  CompilerVersion: 8.4.0
ProgramName: mris_left_right_register  ProgramArguments: mris_left_right_register -all-info  ProgramVersion: 7.3.2  TimeStamp: 2026/03/12-11:50:05-GMT  BuildTime: Aug  4 2022 06:17:15  BuildStamp: freesurfer-linux-ubuntu22_x86_64-7.3.2-20220804-6354275  User: oesteban  Machine: dna050  Platform: Linux  PlatformVersion: 5.14.0-427.37.1.el9_4.x86_64  CompilerName: GCC  CompilerVersion: 8.4.0
ProgramName: mris_place_surface  ProgramArguments: mris_place_surface -all-info  ProgramVersion: 7.3.2  TimeStamp: 2026/03/12-11:50:05-GMT  BuildTime: Aug  4 2022 06:17:15  BuildStamp: freesurfer-linux-ubuntu22_x86_64-7.3.2-20220804-6354275  User: oesteban  Machine: dna050  Platform: Linux  PlatformVersion: 5.14.0-427.37.1.el9_4.x86_64  CompilerName: GCC  CompilerVersion: 8.4.0
ProgramName: mrisp_paint  ProgramArguments: mrisp_paint -all-info  ProgramVersion: 7.3.2  TimeStamp: 2026/03/12-11:50:05-GMT  BuildTime: Aug  4 2022 06:17:15  BuildStamp: freesurfer-linux-ubuntu22_x86_64-7.3.2-20220804-6354275  User: oesteban  Machine: dna050  Platform: Linux  PlatformVersion: 5.14.0-427.37.1.el9_4.x86_64  CompilerName: GCC  CompilerVersion: 8.4.0
ProgramName: mris_register  ProgramArguments: mris_register -all-info  ProgramVersion: 7.3.2  TimeStamp: 2026/03/12-11:50:05-GMT  BuildTime: Aug  4 2022 06:17:15  BuildStamp: freesurfer-linux-ubuntu22_x86_64-7.3.2-20220804-6354275  User: oesteban  Machine: dna050  Platform: Linux  PlatformVersion: 5.14.0-427.37.1.el9_4.x86_64  CompilerName: GCC  CompilerVersion: 8.4.0
ProgramName: mris_smooth  ProgramArguments: mris_smooth -all-info  ProgramVersion: 7.3.2  TimeStamp: 2026/03/12-11:50:05-GMT  BuildTime: Aug  4 2022 06:17:15  BuildStamp: freesurfer-linux-ubuntu22_x86_64-7.3.2-20220804-6354275  User: oesteban  Machine: dna050  Platform: Linux  PlatformVersion: 5.14.0-427.37.1.el9_4.x86_64  CompilerName: GCC  CompilerVersion: 8.4.0
ProgramName: mris_sphere  ProgramArguments: mris_sphere -all-info  ProgramVersion: 7.3.2  TimeStamp: 2026/03/12-11:50:05-GMT  BuildTime: Aug  4 2022 06:17:15  BuildStamp: freesurfer-linux-ubuntu22_x86_64-7.3.2-20220804-6354275  User: oesteban  Machine: dna050  Platform: Linux  PlatformVersion: 5.14.0-427.37.1.el9_4.x86_64  CompilerName: GCC  CompilerVersion: 8.4.0
ProgramName: mris_surface_stats  ProgramArguments: mris_surface_stats -all-info  ProgramVersion: 7.3.2  TimeStamp: 2026/03/12-11:50:05-GMT  BuildTime: Aug  4 2022 06:17:15  BuildStamp: freesurfer-linux-ubuntu22_x86_64-7.3.2-20220804-6354275  User: oesteban  Machine: dna050  Platform: Linux  PlatformVersion: 5.14.0-427.37.1.el9_4.x86_64  CompilerName: GCC  CompilerVersion: 8.4.0
ProgramName: mri_stats2seg  ProgramArguments: mri_stats2seg -all-info  ProgramVersion: 7.3.2  TimeStamp: 2026/03/12-11:50:05-GMT  BuildTime: Aug  4 2022 06:17:15  BuildStamp: freesurfer-linux-ubuntu22_x86_64-7.3.2-20220804-6354275  User: oesteban  Machine: dna050  Platform: Linux  PlatformVersion: 5.14.0-427.37.1.el9_4.x86_64  CompilerName: GCC  CompilerVersion: 8.4.0
ProgramName: mris_thickness  ProgramArguments: mris_thickness -all-info  ProgramVersion: 7.3.2  TimeStamp: 2026/03/12-11:50:05-GMT  BuildTime: Aug  4 2022 06:17:15  BuildStamp: freesurfer-linux-ubuntu22_x86_64-7.3.2-20220804-6354275  User: oesteban  Machine: dna050  Platform: Linux  PlatformVersion: 5.14.0-427.37.1.el9_4.x86_64  CompilerName: GCC  CompilerVersion: 8.4.0
ProgramName: mris_thickness_diff  ProgramArguments: mris_thickness_diff -all-info  ProgramVersion: 7.3.2  TimeStamp: 2026/03/12-11:50:05-GMT  BuildTime: Aug  4 2022 06:17:15  BuildStamp: freesurfer-linux-ubuntu22_x86_64-7.3.2-20220804-6354275  User: oesteban  Machine: dna050  Platform: Linux  PlatformVersion: 5.14.0-427.37.1.el9_4.x86_64  CompilerName: GCC  CompilerVersion: 8.4.0
ProgramName: mris_topo_fixer  ProgramArguments: mris_topo_fixer -all-info  ProgramVersion: 7.3.2  TimeStamp: 2026/03/12-11:50:05-GMT  BuildTime: Aug  4 2022 06:17:15  BuildStamp: freesurfer-linux-ubuntu22_x86_64-7.3.2-20220804-6354275  User: oesteban  Machine: dna050  Platform: Linux  PlatformVersion: 5.14.0-427.37.1.el9_4.x86_64  CompilerName: GCC  CompilerVersion: 8.4.0
ProgramName: mri_surf2surf  ProgramArguments: mri_surf2surf -all-info  ProgramVersion: 7.3.2  TimeStamp: 2026/03/12-11:50:05-GMT  BuildTime: Aug  4 2022 06:17:15  BuildStamp: freesurfer-linux-ubuntu22_x86_64-7.3.2-20220804-6354275  User: oesteban  Machine: dna050  Platform: Linux  PlatformVersion: 5.14.0-427.37.1.el9_4.x86_64  CompilerName: GCC  CompilerVersion: 8.4.0
ProgramName: mri_surf2vol  ProgramArguments: mri_surf2vol -all-info  ProgramVersion: 7.3.2  TimeStamp: 2026/03/12-11:50:05-GMT  BuildTime: Aug  4 2022 06:17:15  BuildStamp: freesurfer-linux-ubuntu22_x86_64-7.3.2-20220804-6354275  User: oesteban  Machine: dna050  Platform: Linux  PlatformVersion: 5.14.0-427.37.1.el9_4.x86_64  CompilerName: GCC  CompilerVersion: 8.4.0
ProgramName: mri_surfcluster  ProgramArguments: mri_surfcluster -all-info  ProgramVersion: 7.3.2  TimeStamp: 2026/03/12-11:50:05-GMT  BuildTime: Aug  4 2022 06:17:15  BuildStamp: freesurfer-linux-ubuntu22_x86_64-7.3.2-20220804-6354275  User: oesteban  Machine: dna050  Platform: Linux  PlatformVersion: 5.14.0-427.37.1.el9_4.x86_64  CompilerName: GCC  CompilerVersion: 8.4.0
ProgramName: mris_volmask  ProgramArguments: mris_volmask -all-info  ProgramVersion: 7.3.2  TimeStamp: 2026/03/12-11:50:05-GMT  BuildTime: Aug  4 2022 06:17:15  BuildStamp: freesurfer-linux-ubuntu22_x86_64-7.3.2-20220804-6354275  User: oesteban  Machine: dna050  Platform: Linux  PlatformVersion: 5.14.0-427.37.1.el9_4.x86_64  CompilerName: GCC  CompilerVersion: 8.4.0
ProgramName: mri_tessellate  ProgramArguments: mri_tessellate -all-info  ProgramVersion: 7.3.2  TimeStamp: 2026/03/12-11:50:05-GMT  BuildTime: Aug  4 2022 06:17:15  BuildStamp: freesurfer-linux-ubuntu22_x86_64-7.3.2-20220804-6354275  User: oesteban  Machine: dna050  Platform: Linux  PlatformVersion: 5.14.0-427.37.1.el9_4.x86_64  CompilerName: GCC  CompilerVersion: 8.4.0
ProgramName: mri_vol2surf  ProgramArguments: mri_vol2surf -all-info  ProgramVersion: 7.3.2  TimeStamp: 2026/03/12-11:50:05-GMT  BuildTime: Aug  4 2022 06:17:15  BuildStamp: freesurfer-linux-ubuntu22_x86_64-7.3.2-20220804-6354275  User: oesteban  Machine: dna050  Platform: Linux  PlatformVersion: 5.14.0-427.37.1.el9_4.x86_64  CompilerName: GCC  CompilerVersion: 8.4.0
ProgramName: mri_vol2vol  ProgramArguments: mri_vol2vol -all-info  ProgramVersion: 7.3.2  TimeStamp: 2026/03/12-11:50:05-GMT  BuildTime: Aug  4 2022 06:17:15  BuildStamp: freesurfer-linux-ubuntu22_x86_64-7.3.2-20220804-6354275  User: oesteban  Machine: dna050  Platform: Linux  PlatformVersion: 5.14.0-427.37.1.el9_4.x86_64  CompilerName: GCC  CompilerVersion: 8.4.0
ProgramName: mri_voldiff  ProgramArguments: mri_voldiff -all-info  ProgramVersion: 7.3.2  TimeStamp: 2026/03/12-11:50:05-GMT  BuildTime: Aug  4 2022 06:17:15  BuildStamp: freesurfer-linux-ubuntu22_x86_64-7.3.2-20220804-6354275  User: oesteban  Machine: dna050  Platform: Linux  PlatformVersion: 5.14.0-427.37.1.el9_4.x86_64  CompilerName: GCC  CompilerVersion: 8.4.0
ProgramName: mri_watershed  ProgramArguments: mri_watershed -all-info  ProgramVersion: 7.3.2  TimeStamp: 2026/03/12-11:50:05-GMT  BuildTime: Aug  4 2022 06:17:15  BuildStamp: freesurfer-linux-ubuntu22_x86_64-7.3.2-20220804-6354275  User: oesteban  Machine: dna050  Platform: Linux  PlatformVersion: 5.14.0-427.37.1.el9_4.x86_64  CompilerName: GCC  CompilerVersion: 8.4.0
ProgramName: tkregister2  ProgramArguments: tkregister2_cmdl -all-info  ProgramVersion: 7.3.2  TimeStamp: 2026/03/12-11:50:05-GMT  BuildTime: Aug  4 2022 06:17:15  BuildStamp: freesurfer-linux-ubuntu22_x86_64-7.3.2-20220804-6354275  User: oesteban  Machine: dna050  Platform: Linux  PlatformVersion: 5.14.0-427.37.1.el9_4.x86_64  CompilerName: GCC  CompilerVersion: 8.4.0
mri_motion_correct.fsl 7.3.2
mri_convert -all-info 
ProgramName: mri_convert  ProgramArguments: mri_convert -all-info  ProgramVersion: 7.3.2  TimeStamp: 2026/03/12-11:50:05-GMT  BuildTime: Aug  4 2022 06:17:15  BuildStamp: freesurfer-linux-ubuntu22_x86_64-7.3.2-20220804-6354275  User: oesteban  Machine: dna050  Platform: Linux  PlatformVersion: 5.14.0-427.37.1.el9_4.x86_64  CompilerName: GCC  CompilerVersion: 8.4.0
Program nu_correct, built from:
Package MNI N3, version 1.12.0, compiled by nicks@terrier (x86_64-unknown-linux-gnu) on 2015-06-19 at 01:25:34
#######################################
GCADIR /opt/freesurfer/average
GCA RB_all_2020-01-02.gca
GCASkull RB_all_withskull_2020_01_02.gca
AvgCurvTif folding.atlas.acfb40.noaparc.i12.2016-08-02.tif
GCSDIR /opt/freesurfer/average
GCS DKaparc.atlas.acfb40.noaparc.i12.2016-08-02.gcs
#######################################
#--------------------------------------------
#@# AutoDetGWStats rh Thu Mar 12 12:50:05 CET 2026
cd /out/sourcedata/freesurfer/sub-v1s11x0050145_ses-1/mri
mris_autodet_gwstats --o ../surf/autodet.gw.stats.rh.dat --i brain.finalsurfs.mgz --wm wm.mgz --surf ../surf/rh.orig.premesh
  Update not needed
#--------------------------------------------
#@# WhitePreAparc rh Thu Mar 12 12:50:05 CET 2026
cd /out/sourcedata/freesurfer/sub-v1s11x0050145_ses-1/mri
mris_place_surface --adgws-in ../surf/autodet.gw.stats.rh.dat --wm wm.mgz --threads 16 --invol brain.finalsurfs.mgz --rh --i ../surf/rh.orig --o ../surf/rh.white.preaparc --white --seg aseg.presurf.mgz --nsmooth 5
   Update not needed
#--------------------------------------------
#@# CortexLabel rh Thu Mar 12 12:50:05 CET 2026
cd /out/sourcedata/freesurfer/sub-v1s11x0050145_ses-1/mri
mri_label2label --label-cortex ../surf/rh.white.preaparc aseg.presurf.mgz 0 ../label/rh.cortex.label
   Update not needed
#--------------------------------------------
#@# CortexLabel+HipAmyg rh Thu Mar 12 12:50:05 CET 2026
cd /out/sourcedata/freesurfer/sub-v1s11x0050145_ses-1/mri
mri_label2label --label-cortex ../surf/rh.white.preaparc aseg.presurf.mgz 1 ../label/rh.cortex+hipamyg.label
   Update not needed
#@# white curv rh Thu Mar 12 12:50:05 CET 2026
cd /out/sourcedata/freesurfer/sub-v1s11x0050145_ses-1/mri
mris_place_surface --curv-map ../surf/rh.white 2 10 ../surf/rh.curv
   Update not needed
#@# white area rh Thu Mar 12 12:50:05 CET 2026
cd /out/sourcedata/freesurfer/sub-v1s11x0050145_ses-1/mri
mris_place_surface --area-map ../surf/rh.white ../surf/rh.area
   Update not needed
#@# pial curv rh Thu Mar 12 12:50:05 CET 2026
cd /out/sourcedata/freesurfer/sub-v1s11x0050145_ses-1/mri
mris_place_surface --curv-map ../surf/rh.pial 2 10 ../surf/rh.curv.pial
   Update not needed
#@# pial area rh Thu Mar 12 12:50:05 CET 2026
cd /out/sourcedata/freesurfer/sub-v1s11x0050145_ses-1/mri
mris_place_surface --area-map ../surf/rh.pial ../surf/rh.area.pial
   Update not needed
#@# thickness rh Thu Mar 12 12:50:05 CET 2026
cd /out/sourcedata/freesurfer/sub-v1s11x0050145_ses-1/mri
mris_place_surface --thickness ../surf/rh.white ../surf/rh.pial 20 5 ../surf/rh.thickness
   Update not needed
#@# area and vertex vol rh Thu Mar 12 12:50:05 CET 2026
cd /out/sourcedata/freesurfer/sub-v1s11x0050145_ses-1/mri
mris_place_surface --thickness ../surf/rh.white ../surf/rh.pial 20 5 ../surf/rh.thickness
   Update not needed
#-----------------------------------------
#@# Parcellation Stats rh Thu Mar 12 12:50:05 CET 2026
/out/sourcedata/freesurfer/sub-v1s11x0050145_ses-1/scripts

 mris_anatomical_stats -th3 -mgz -noglobal -cortex ../label/rh.cortex.label -f ../stats/rh.aparc.stats -b -a ../label/rh.aparc.annot -c ../label/aparc.annot.ctab sub-v1s11x0050145_ses-1 rh white 

computing statistics for each annotation in ../label/rh.aparc.annot.
reading volume /out/sourcedata/freesurfer/sub-v1s11x0050145_ses-1/mri/wm.mgz...
reading input surface /out/sourcedata/freesurfer/sub-v1s11x0050145_ses-1/surf/rh.white...
reading input pial surface /out/sourcedata/freesurfer/sub-v1s11x0050145_ses-1/surf/rh.pial...
reading input white surface /out/sourcedata/freesurfer/sub-v1s11x0050145_ses-1/surf/rh.white...
INFO: using TH3 volume calc
INFO: assuming MGZ format for volumes.
INFO: not computing global stats
INFO: using ../label/rh.cortex.label as mask to calc cortex NumVert, SurfArea and MeanThickness.
Using TH3 vertex volume calc
Total face volume 299398
Total vertex volume 299185 (mask=0)
Saving annotation colortable ../label/aparc.annot.ctab

table columns are:
    number of vertices
    total surface area (mm^2)
    total gray matter volume (mm^3)
    average cortical thickness +- standard deviation (mm)
    integrated rectified mean curvature
    integrated rectified Gaussian curvature
    folding index
    intrinsic curvature index
    structure name

 1685   1128   3347  2.962 0.399     0.094     0.014       11     0.9  bankssts
 1369    958   2842  2.519 0.862     0.114     0.020       16     1.2  caudalanteriorcingulate
 2912   1986   6147  2.713 0.504     0.095     0.016       20     2.0  caudalmiddlefrontal
 2718   1908   4405  2.053 0.556     0.145     0.033       37     3.9  cuneus
  577    363   2194  3.650 0.873     0.116     0.033        6     0.9  entorhinal
 4940   3382  10324  2.873 0.643     0.120     0.029       60     5.8  fusiform
10291   7441  22916  2.717 0.537     0.119     0.022      130     9.7  inferiorparietal
 5083   3577  13517  3.153 0.717     0.130     0.031       77     6.4  inferiortemporal
 1352    916   2588  2.421 0.907     0.112     0.026       17     1.3  isthmuscingulate
 9342   6538  18042  2.460 0.671     0.131     0.027      115    10.7  lateraloccipital
 3636   2505   8139  3.098 0.688     0.118     0.026       45     4.1  lateralorbitofrontal
 5322   3756   8389  2.218 0.746     0.140     0.031       70     7.7  lingual
 3653   2429   7692  2.691 0.676     0.106     0.023       43     3.5  medialorbitofrontal
 5507   3912  15441  3.097 0.625     0.114     0.021       70     4.9  middletemporal
 1218    817   2293  2.608 0.589     0.098     0.020       11     1.0  parahippocampal
 2595   1626   4481  2.633 0.471     0.104     0.018       21     2.0  paracentral
 3482   2410   7843  2.777 0.500     0.109     0.020       38     2.8  parsopercularis
 1217    903   3922  3.304 0.754     0.139     0.029       18     1.7  parsorbitalis
 3307   2394   7455  2.614 0.582     0.117     0.024       46     2.9  parstriangularis
 3043   2051   3077  1.664 0.513     0.126     0.027       32     3.3  pericalcarine
 6435   4226   9994  2.166 0.667     0.105     0.017       58     4.8  postcentral
 2317   1603   4975  2.743 0.901     0.122     0.024       29     2.3  posteriorcingulate
 7715   5171  14342  2.578 0.503     0.109     0.020       65     6.1  precentral
 6379   4434  13249  2.793 0.574     0.114     0.021       69     5.7  precuneus
  988    718   2463  2.878 0.825     0.124     0.021       13     1.1  rostralanteriorcingulate
 7922   5654  15526  2.296 0.671     0.128     0.032      152    10.1  rostralmiddlefrontal
10264   7367  24163  2.907 0.583     0.124     0.026      126    11.2  superiorfrontal
 8918   6279  17009  2.419 0.521     0.121     0.022      102     8.5  superiorparietal
 6408   4320  14843  3.066 0.617     0.102     0.017       58     4.7  superiortemporal
 6064   4355  12828  2.689 0.585     0.122     0.023       75     6.0  supramarginal
  481    383   1730  2.901 0.746     0.169     0.043       19     0.9  frontalpole
  775    518   2690  3.615 0.832     0.103     0.022        7     0.7  temporalpole
  804    509   1619  2.655 0.366     0.103     0.012        9     0.4  transversetemporal
 4008   2637   8698  3.340 0.848     0.096     0.023       25     3.6  insula

 mris_anatomical_stats -th3 -mgz -noglobal -cortex ../label/rh.cortex.label -f ../stats/rh.aparc.pial.stats -b -a ../label/rh.aparc.annot -c ../label/aparc.annot.ctab sub-v1s11x0050145_ses-1 rh pial 

computing statistics for each annotation in ../label/rh.aparc.annot.
reading volume /out/sourcedata/freesurfer/sub-v1s11x0050145_ses-1/mri/wm.mgz...
reading input surface /out/sourcedata/freesurfer/sub-v1s11x0050145_ses-1/surf/rh.pial...
reading input pial surface /out/sourcedata/freesurfer/sub-v1s11x0050145_ses-1/surf/rh.pial...
reading input white surface /out/sourcedata/freesurfer/sub-v1s11x0050145_ses-1/surf/rh.white...
INFO: using TH3 volume calc
INFO: assuming MGZ format for volumes.
INFO: not computing global stats
INFO: using ../label/rh.cortex.label as mask to calc cortex NumVert, SurfArea and MeanThickness.
Using TH3 vertex volume calc
Total face volume 299398
Total vertex volume 299185 (mask=0)
Saving annotation colortable ../label/aparc.annot.ctab

table columns are:
    number of vertices
    total surface area (mm^2)
    total gray matter volume (mm^3)
    average cortical thickness +- standard deviation (mm)
    integrated rectified mean curvature
    integrated rectified Gaussian curvature
    folding index
    intrinsic curvature index
    structure name

 1685   1100   3347  2.962 0.399     0.103     0.024       26     1.6  bankssts
 1369   1240   2842  2.519 0.862     0.167     0.039       60     2.3  caudalanteriorcingulate
 2912   2462   6147  2.713 0.504     0.130     0.024      216     3.1  caudalmiddlefrontal
 2718   2438   4405  2.053 0.556     0.156     0.039       91     4.3  cuneus
  577    897   2194  3.650 0.873     0.346     0.087       20     2.6  entorhinal
 4940   3972  10324  2.873 0.643     0.137     0.035      132     6.7  fusiform
10291   9332  22916  2.717 0.537     0.146     0.031      179    14.5  inferiorparietal
 5083   5004  13517  3.153 0.717     0.163     0.040     2235     8.4  inferiortemporal
 1352   1268   2588  2.421 0.907     0.184     0.053       39     3.3  isthmuscingulate
 9342   8167  18042  2.460 0.671     0.132     0.031      212    12.1  lateraloccipital
 3636   2864   8139  3.098 0.688     0.150     0.049       92     6.1  lateralorbitofrontal
 5322   4204   8389  2.218 0.746     0.140     0.043      315     8.2  lingual
 3653   3290   7692  2.691 0.676     0.143     0.037       55     5.1  medialorbitofrontal
 5507   5801  15441  3.097 0.625     0.154     0.063      131     7.9  middletemporal
 1218   1007   2293  2.608 0.589     0.150     0.036       22     2.2  parahippocampal
 2595   1802   4481  2.633 0.471     0.120     0.033       59     3.2  paracentral
 3482   3145   7843  2.777 0.500     0.140     0.029       42     4.4  parsopercularis
 1217   1450   3922  3.304 0.754     0.188     0.038       23     1.9  parsorbitalis
 3307   3230   7455  2.614 0.582     0.172     0.037       78     4.9  parstriangularis
 3043   1810   3077  1.664 0.513     0.107     0.028      115     3.3  pericalcarine
 6435   5053   9994  2.166 0.667     0.122     0.024      178     6.5  postcentral
 2317   2047   4975  2.743 0.901     0.154     0.036       41     3.8  posteriorcingulate
 7715   5795  14342  2.578 0.503     0.123     0.080     3439     7.8  precentral
 6379   5138  13249  2.793 0.574     0.137     0.034      131     8.8  precuneus
  988    989   2463  2.878 0.825     0.160     0.041       22     1.7  rostralanteriorcingulate
 7922   7678  15526  2.296 0.671     0.168     0.034      123    12.8  rostralmiddlefrontal
10264   9030  24163  2.907 0.583     0.150     0.033      196    14.0  superiorfrontal
 8918   7658  17009  2.419 0.521     0.144     0.031      153    11.6  superiorparietal
 6408   5311  14843  3.066 0.617     0.136     0.030      144     8.5  superiortemporal
 6064   5043  12828  2.689 0.585     0.142     0.036      152     8.1  supramarginal
  481    799   1730  2.901 0.746     0.236     0.042        7     0.9  frontalpole
  775    925   2690  3.615 0.832     0.162     0.034       49     1.0  temporalpole
  804    750   1619  2.655 0.366     0.131     0.031        7     1.1  transversetemporal
 4008   2513   8698  3.340 0.848     0.133     0.035       92     6.3  insula
#-----------------------------------------
#@# Parcellation Stats 2 rh Thu Mar 12 12:50:27 CET 2026
/out/sourcedata/freesurfer/sub-v1s11x0050145_ses-1/scripts

 mris_anatomical_stats -th3 -mgz -noglobal -cortex ../label/rh.cortex.label -f ../stats/rh.aparc.a2009s.stats -b -a ../label/rh.aparc.a2009s.annot -c ../label/aparc.annot.a2009s.ctab sub-v1s11x0050145_ses-1 rh white 

computing statistics for each annotation in ../label/rh.aparc.a2009s.annot.
reading volume /out/sourcedata/freesurfer/sub-v1s11x0050145_ses-1/mri/wm.mgz...
reading input surface /out/sourcedata/freesurfer/sub-v1s11x0050145_ses-1/surf/rh.white...
reading input pial surface /out/sourcedata/freesurfer/sub-v1s11x0050145_ses-1/surf/rh.pial...
reading input white surface /out/sourcedata/freesurfer/sub-v1s11x0050145_ses-1/surf/rh.white...
INFO: using TH3 volume calc
INFO: assuming MGZ format for volumes.
INFO: not computing global stats
INFO: using ../label/rh.cortex.label as mask to calc cortex NumVert, SurfArea and MeanThickness.
Using TH3 vertex volume calc
Total face volume 299398
Total vertex volume 299185 (mask=0)
Saving annotation colortable ../label/aparc.annot.a2009s.ctab

table columns are:
    number of vertices
    total surface area (mm^2)
    total gray matter volume (mm^3)
    average cortical thickness +- standard deviation (mm)
    integrated rectified mean curvature
    integrated rectified Gaussian curvature
    folding index
    intrinsic curvature index
    structure name

  899    644   1829  2.257 0.772     0.141     0.035       18     1.3  G_and_S_frontomargin
 1588   1144   4399  2.908 0.710     0.139     0.031       25     2.0  G_and_S_occipital_inf
 1597   1007   2679  2.357 0.463     0.114     0.022       17     1.4  G_and_S_paracentral
 1746   1173   3703  2.815 0.456     0.117     0.022       18     1.7  G_and_S_subcentral
 1161    852   2878  2.630 0.644     0.145     0.039       30     1.8  G_and_S_transv_frontopol
 3352   2360   7369  2.858 0.525     0.111     0.020       35     3.0  G_and_S_cingul-Ant
 1686   1169   3698  3.022 0.504     0.104     0.019       14     1.4  G_and_S_cingul-Mid-Ant
 1746   1203   3666  2.879 0.649     0.117     0.025       18     1.6  G_and_S_cingul-Mid-Post
  582    397   1861  3.336 0.716     0.143     0.033       10     0.9  G_cingul-Post-dorsal
  283    201    674  2.482 0.498     0.129     0.034        5     0.3  G_cingul-Post-ventral
 2678   1820   4269  2.001 0.610     0.142     0.033       36     3.8  G_cuneus
 2464   1768   6660  2.951 0.480     0.130     0.027       39     2.6  G_front_inf-Opercular
  491    357   1499  2.928 0.574     0.126     0.029        8     0.5  G_front_inf-Orbital
 1531   1163   4106  2.779 0.501     0.136     0.029       31     1.7  G_front_inf-Triangul
 3530   2665   9930  2.657 0.646     0.135     0.036       79     5.0  G_front_middle
 6888   4987  19234  3.075 0.568     0.135     0.030      106     8.9  G_front_sup
  638    427   1740  3.794 0.795     0.096     0.029        5     0.7  G_Ins_lg_and_S_cent_ins
 1079    707   3257  3.635 0.940     0.107     0.029        9     1.3  G_insular_short
 2732   2040   7193  2.783 0.579     0.145     0.031       52     3.3  G_occipital_middle
 1921   1293   3497  2.249 0.519     0.114     0.020       21     1.6  G_occipital_sup
 2179   1405   5162  2.929 0.685     0.119     0.030       32     2.5  G_oc-temp_lat-fusifor
 3171   2159   5414  2.150 0.805     0.145     0.033       51     4.5  G_oc-temp_med-Lingual
 1151    719   3454  3.230 0.886     0.107     0.028       12     1.2  G_oc-temp_med-Parahip
 2500   1769   7838  3.274 0.734     0.133     0.033       60     3.5  G_orbital
 3718   2819  10751  2.836 0.661     0.136     0.027       66     4.5  G_pariet_inf-Angular
 3339   2556   8939  2.863 0.532     0.141     0.028       58     4.0  G_pariet_inf-Supramar
 2732   2074   7010  2.572 0.539     0.143     0.030       46     3.4  G_parietal_sup
 2204   1470   3964  2.159 0.587     0.125     0.022       27     2.0  G_postcentral
 2722   1777   6294  2.682 0.501     0.106     0.021       25     2.2  G_precentral
 2764   1957   7646  2.935 0.607     0.132     0.027       47     3.2  G_precuneus
 1076    697   2745  2.695 0.787     0.120     0.031       17     1.4  G_rectus
  636    431    985  2.311 1.009     0.113     0.041        6     1.0  G_subcallosal
  689    425   1549  2.754 0.395     0.103     0.013        8     0.4  G_temp_sup-G_T_transv
 2037   1438   6381  3.162 0.574     0.121     0.026       30     2.2  G_temp_sup-Lateral
 1220    800   3265  3.611 0.663     0.082     0.013        7     0.6  G_temp_sup-Plan_polar
  953    639   1826  2.734 0.525     0.082     0.011        6     0.5  G_temp_sup-Plan_tempo
 2757   1956   9148  3.273 0.815     0.137     0.036       53     3.9  G_temporal_inf
 3209   2361  11039  3.257 0.613     0.133     0.029       61     3.5  G_temporal_middle
  558    360    745  2.278 0.533     0.073     0.009        2     0.2  Lat_Fis-ant-Horizont
  354    247    580  2.699 0.359     0.095     0.016        2     0.2  Lat_Fis-ant-Vertical
 1633   1063   2444  2.729 0.625     0.093     0.015        7     1.0  Lat_Fis-post
 4425   2931   6063  1.907 0.578     0.127     0.027       53     5.0  Pole_occipital
 1756   1321   5949  3.287 0.840     0.148     0.038       31     3.0  Pole_temporal
 3056   2314   4126  2.119 0.772     0.140     0.031       33     4.6  S_calcarine
 2802   1834   2917  1.877 0.490     0.094     0.016       15     1.8  S_central
 1341    901   2075  2.765 0.365     0.094     0.016        7     0.9  S_cingul-Marginalis
  611    403   1034  3.161 0.449     0.093     0.017        3     0.5  S_circular_insula_ant
 1146    764   1861  3.131 0.501     0.080     0.011        4     0.5  S_circular_insula_inf
 1676   1071   2487  3.103 0.519     0.086     0.013        5     1.0  S_circular_insula_sup
 1081    753   2224  3.058 0.663     0.128     0.025       11     1.2  S_collat_transv_ant
  596    389    725  2.308 0.324     0.096     0.016        3     0.4  S_collat_transv_post
 2900   1985   4780  2.273 0.638     0.104     0.019       30     2.4  S_front_inf
 1703   1169   2384  2.090 0.550     0.113     0.023       17     1.5  S_front_middle
 2107   1437   3294  2.409 0.482     0.096     0.015       11     1.4  S_front_sup
  595    405    901  2.443 0.586     0.100     0.018        3     0.4  S_interm_prim-Jensen
 4138   2834   6152  2.403 0.434     0.107     0.018       31     3.2  S_intrapariet_and_P_trans
 1111    769   1552  2.436 0.335     0.106     0.018        6     0.9  S_oc_middle_and_Lunatus
 1464    979   2163  2.420 0.495     0.102     0.017       10     1.0  S_oc_sup_and_transversal
 1154    809   1940  2.677 0.462     0.107     0.019        7     0.9  S_occipital_ant
 1215    838   2053  2.978 0.421     0.108     0.019        8     0.9  S_oc-temp_lat
 2751   1906   4075  2.577 0.472     0.103     0.020       19     2.6  S_oc-temp_med_and_Lingual
  696    481   1224  2.395 0.642     0.117     0.025        7     0.7  S_orbital_lateral
  763    500   1119  2.798 0.668     0.084     0.012        3     0.4  S_orbital_med-olfact
 1159    830   2425  3.114 0.771     0.125     0.028       11     1.5  S_orbital-H_Shaped
 2276   1542   3488  2.565 0.571     0.100     0.018       14     1.7  S_parieto_occipital
 1752   1135   1561  1.645 0.567     0.107     0.016       21     1.3  S_pericallosal
 2601   1726   3446  2.206 0.463     0.100     0.014       19     1.7  S_postcentral
 1951   1318   3166  2.575 0.420     0.096     0.013       13     1.1  S_precentral-inf-part
 1801   1216   2623  2.485 0.342     0.104     0.018       12     1.3  S_precentral-sup-part
  559    386    736  2.302 0.478     0.107     0.012        4     0.3  S_suborbital
 1486   1082   2682  2.620 0.528     0.119     0.021       14     1.4  S_subparietal
 1396    971   2282  2.939 0.487     0.113     0.020        8     1.4  S_temporal_inf
 7937   5317  13731  2.795 0.453     0.096     0.015       56     5.1  S_temporal_sup
  528    360    627  2.345 0.294     0.109     0.009        3     0.2  S_temporal_transverse
#-----------------------------------------
#@# Parcellation Stats 3 rh Thu Mar 12 12:50:37 CET 2026
/out/sourcedata/freesurfer/sub-v1s11x0050145_ses-1/scripts

 mris_anatomical_stats -th3 -mgz -noglobal -cortex ../label/rh.cortex.label -f ../stats/rh.aparc.DKTatlas.stats -b -a ../label/rh.aparc.DKTatlas.annot -c ../label/aparc.annot.DKTatlas.ctab sub-v1s11x0050145_ses-1 rh white 

computing statistics for each annotation in ../label/rh.aparc.DKTatlas.annot.
reading volume /out/sourcedata/freesurfer/sub-v1s11x0050145_ses-1/mri/wm.mgz...
reading input surface /out/sourcedata/freesurfer/sub-v1s11x0050145_ses-1/surf/rh.white...
reading input pial surface /out/sourcedata/freesurfer/sub-v1s11x0050145_ses-1/surf/rh.pial...
reading input white surface /out/sourcedata/freesurfer/sub-v1s11x0050145_ses-1/surf/rh.white...
INFO: using TH3 volume calc
INFO: assuming MGZ format for volumes.
INFO: not computing global stats
INFO: using ../label/rh.cortex.label as mask to calc cortex NumVert, SurfArea and MeanThickness.
Using TH3 vertex volume calc
Total face volume 299398
Total vertex volume 299185 (mask=0)
Saving annotation colortable ../label/aparc.annot.DKTatlas.ctab

table columns are:
    number of vertices
    total surface area (mm^2)
    total gray matter volume (mm^3)
    average cortical thickness +- standard deviation (mm)
    integrated rectified mean curvature
    integrated rectified Gaussian curvature
    folding index
    intrinsic curvature index
    structure name

 1473   1028   3003  2.518 0.879     0.116     0.020       18     1.4  caudalanteriorcingulate
 3067   2087   6359  2.689 0.506     0.098     0.017       22     2.2  caudalmiddlefrontal
 3274   2299   5245  2.069 0.541     0.142     0.032       42     4.3  cuneus
  467    287   1923  3.806 0.844     0.112     0.031        4     0.6  entorhinal
 4684   3141   9642  2.897 0.639     0.116     0.027       54     5.0  fusiform
10099   7299  22430  2.710 0.539     0.119     0.022      127     9.6  inferiorparietal
 5468   3907  14318  3.086 0.728     0.133     0.032       84     7.3  inferiortemporal
 1312    890   2541  2.461 0.900     0.112     0.026       17     1.3  isthmuscingulate
 9238   6470  17810  2.441 0.673     0.130     0.027      114    10.6  lateraloccipital
 4140   2915   9577  2.996 0.769     0.128     0.031       62     5.4  lateralorbitofrontal
 5228   3679   8256  2.219 0.737     0.140     0.031       70     7.6  lingual
 2606   1759   5421  2.583 0.772     0.110     0.028       31     3.0  medialorbitofrontal
 6769   4757  17731  3.059 0.599     0.111     0.020       79     5.7  middletemporal
 1283    858   2430  2.629 0.596     0.095     0.020       11     1.0  parahippocampal
 2723   1701   4900  2.666 0.496     0.104     0.018       21     2.1  paracentral
 3961   2767   8891  2.760 0.493     0.112     0.021       45     3.4  parsopercularis
 1087    783   3231  3.191 0.712     0.127     0.024       13     1.3  parsorbitalis
 3205   2348   7514  2.603 0.627     0.122     0.027       48     3.4  parstriangularis
 2964   1990   3011  1.671 0.542     0.125     0.027       31     3.3  pericalcarine
 7099   4707  11067  2.173 0.652     0.107     0.018       65     5.7  postcentral
 2390   1652   5111  2.749 0.888     0.120     0.024       30     2.4  posteriorcingulate
 7433   4968  13972  2.602 0.511     0.108     0.020       63     5.8  precentral
 6492   4540  13734  2.788 0.579     0.115     0.021       72     6.0  precuneus
 1412    987   3040  2.773 0.777     0.110     0.019       15     1.2  rostralanteriorcingulate
 5516   3892  10539  2.276 0.703     0.125     0.031      109     6.4  rostralmiddlefrontal
13359   9587  30992  2.826 0.618     0.124     0.026      181    14.8  superiorfrontal
 7571   5347  14743  2.450 0.525     0.122     0.023       89     7.3  superiorparietal
 8459   5693  20393  3.119 0.645     0.103     0.018       78     6.2  superiortemporal
 5873   4208  12357  2.693 0.589     0.121     0.023       70     5.8  supramarginal
  789    496   1626  2.672 0.369     0.101     0.012        9     0.4  transversetemporal
 3286   2133   7380  3.518 0.685     0.087     0.019       17     2.4  insula
/out/sourcedata/freesurfer/sub-v1s11x0050145_ses-1/label
#--------------------------------------------
#@# BA_exvivo Labels rh Thu Mar 12 12:50:48 CET 2026

 mri_label2label --srcsubject fsaverage --srclabel /out/sourcedata/freesurfer/fsaverage/label/rh.BA1_exvivo.label --trgsubject sub-v1s11x0050145_ses-1 --trglabel ./rh.BA1_exvivo.label --hemi rh --regmethod surface 


srclabel = /out/sourcedata/freesurfer/fsaverage/label/rh.BA1_exvivo.label
srcsubject = fsaverage
trgsubject = sub-v1s11x0050145_ses-1
trglabel = ./rh.BA1_exvivo.label
regmethod = surface

srchemi = rh
trghemi = rh
trgsurface = white
srcsurfreg = sphere.reg
trgsurfreg = sphere.reg
usehash = 1
Use ProjAbs  = 0, 0
Use ProjFrac = 0, 0
DoPaint 0

SUBJECTS_DIR    /out/sourcedata/freesurfer
FREESURFER_HOME /opt/freesurfer
Loading source label.
Found 3962 points in source label.
Starting surface-based mapping
Reading source registration 
 /out/sourcedata/freesurfer/fsaverage/surf/rh.sphere.reg
Rescaling ...  original radius = 100
Reading target surface 
 /out/sourcedata/freesurfer/sub-v1s11x0050145_ses-1/surf/rh.white
Reading target registration 
 /out/sourcedata/freesurfer/sub-v1s11x0050145_ses-1/surf/rh.sphere.reg
Rescaling ...  original radius = 100
Building target registration hash (res=16).
Building source registration hash (res=16).
INFO: found  3962 nlabel points
Performing mapping from target back to the source label 150506
Number of reverse mapping hits = 196
Checking for and removing duplicates
Writing label file ./rh.BA1_exvivo.label 4158
mri_label2label: Done


 mri_label2label --srcsubject fsaverage --srclabel /out/sourcedata/freesurfer/fsaverage/label/rh.BA2_exvivo.label --trgsubject sub-v1s11x0050145_ses-1 --trglabel ./rh.BA2_exvivo.label --hemi rh --regmethod surface 


srclabel = /out/sourcedata/freesurfer/fsaverage/label/rh.BA2_exvivo.label
srcsubject = fsaverage
trgsubject = sub-v1s11x0050145_ses-1
trglabel = ./rh.BA2_exvivo.label
regmethod = surface

srchemi = rh
trghemi = rh
trgsurface = white
srcsurfreg = sphere.reg
trgsurfreg = sphere.reg
usehash = 1
Use ProjAbs  = 0, 0
Use ProjFrac = 0, 0
DoPaint 0

SUBJECTS_DIR    /out/sourcedata/freesurfer
FREESURFER_HOME /opt/freesurfer
Loading source label.
Found 6687 points in source label.
Starting surface-based mapping
Reading source registration 
 /out/sourcedata/freesurfer/fsaverage/surf/rh.sphere.reg
Rescaling ...  original radius = 100
Reading target surface 
 /out/sourcedata/freesurfer/sub-v1s11x0050145_ses-1/surf/rh.white
Reading target registration 
 /out/sourcedata/freesurfer/sub-v1s11x0050145_ses-1/surf/rh.sphere.reg
Rescaling ...  original radius = 100
Building target registration hash (res=16).
Building source registration hash (res=16).
INFO: found  6687 nlabel points
Performing mapping from target back to the source label 150506
Number of reverse mapping hits = 237
Checking for and removing duplicates
Writing label file ./rh.BA2_exvivo.label 6924
mri_label2label: Done


 mri_label2label --srcsubject fsaverage --srclabel /out/sourcedata/freesurfer/fsaverage/label/rh.BA3a_exvivo.label --trgsubject sub-v1s11x0050145_ses-1 --trglabel ./rh.BA3a_exvivo.label --hemi rh --regmethod surface 


srclabel = /out/sourcedata/freesurfer/fsaverage/label/rh.BA3a_exvivo.label
srcsubject = fsaverage
trgsubject = sub-v1s11x0050145_ses-1
trglabel = ./rh.BA3a_exvivo.label
regmethod = surface

srchemi = rh
trghemi = rh
trgsurface = white
srcsurfreg = sphere.reg
trgsurfreg = sphere.reg
usehash = 1
Use ProjAbs  = 0, 0
Use ProjFrac = 0, 0
DoPaint 0

SUBJECTS_DIR    /out/sourcedata/freesurfer
FREESURFER_HOME /opt/freesurfer
Loading source label.
Found 3980 points in source label.
Starting surface-based mapping
Reading source registration 
 /out/sourcedata/freesurfer/fsaverage/surf/rh.sphere.reg
Rescaling ...  original radius = 100
Reading target surface 
 /out/sourcedata/freesurfer/sub-v1s11x0050145_ses-1/surf/rh.white
Reading target registration 
 /out/sourcedata/freesurfer/sub-v1s11x0050145_ses-1/surf/rh.sphere.reg
Rescaling ...  original radius = 100
Building target registration hash (res=16).
Building source registration hash (res=16).
INFO: found  3980 nlabel points
Performing mapping from target back to the source label 150506
Number of reverse mapping hits = 17
Checking for and removing duplicates
Writing label file ./rh.BA3a_exvivo.label 3997
mri_label2label: Done


 mri_label2label --srcsubject fsaverage --srclabel /out/sourcedata/freesurfer/fsaverage/label/rh.BA3b_exvivo.label --trgsubject sub-v1s11x0050145_ses-1 --trglabel ./rh.BA3b_exvivo.label --hemi rh --regmethod surface 


srclabel = /out/sourcedata/freesurfer/fsaverage/label/rh.BA3b_exvivo.label
srcsubject = fsaverage
trgsubject = sub-v1s11x0050145_ses-1
trglabel = ./rh.BA3b_exvivo.label
regmethod = surface

srchemi = rh
trghemi = rh
trgsurface = white
srcsurfreg = sphere.reg
trgsurfreg = sphere.reg
usehash = 1
Use ProjAbs  = 0, 0
Use ProjFrac = 0, 0
DoPaint 0

SUBJECTS_DIR    /out/sourcedata/freesurfer
FREESURFER_HOME /opt/freesurfer
Loading source label.
Found 4522 points in source label.
Starting surface-based mapping
Reading source registration 
 /out/sourcedata/freesurfer/fsaverage/surf/rh.sphere.reg
Rescaling ...  original radius = 100
Reading target surface 
 /out/sourcedata/freesurfer/sub-v1s11x0050145_ses-1/surf/rh.white
Reading target registration 
 /out/sourcedata/freesurfer/sub-v1s11x0050145_ses-1/surf/rh.sphere.reg
Rescaling ...  original radius = 100
Building target registration hash (res=16).
Building source registration hash (res=16).
INFO: found  4522 nlabel points
Performing mapping from target back to the source label 150506
Number of reverse mapping hits = 146
Checking for and removing duplicates
Writing label file ./rh.BA3b_exvivo.label 4668
mri_label2label: Done


 mri_label2label --srcsubject fsaverage --srclabel /out/sourcedata/freesurfer/fsaverage/label/rh.BA4a_exvivo.label --trgsubject sub-v1s11x0050145_ses-1 --trglabel ./rh.BA4a_exvivo.label --hemi rh --regmethod surface 


srclabel = /out/sourcedata/freesurfer/fsaverage/label/rh.BA4a_exvivo.label
srcsubject = fsaverage
trgsubject = sub-v1s11x0050145_ses-1
trglabel = ./rh.BA4a_exvivo.label
regmethod = surface

srchemi = rh
trghemi = rh
trgsurface = white
srcsurfreg = sphere.reg
trgsurfreg = sphere.reg
usehash = 1
Use ProjAbs  = 0, 0
Use ProjFrac = 0, 0
DoPaint 0

SUBJECTS_DIR    /out/sourcedata/freesurfer
FREESURFER_HOME /opt/freesurfer
Loading source label.
Found 5747 points in source label.
Starting surface-based mapping
Reading source registration 
 /out/sourcedata/freesurfer/fsaverage/surf/rh.sphere.reg
Rescaling ...  original radius = 100
Reading target surface 
 /out/sourcedata/freesurfer/sub-v1s11x0050145_ses-1/surf/rh.white
Reading target registration 
 /out/sourcedata/freesurfer/sub-v1s11x0050145_ses-1/surf/rh.sphere.reg
Rescaling ...  original radius = 100
Building target registration hash (res=16).
Building source registration hash (res=16).
INFO: found  5747 nlabel points
Performing mapping from target back to the source label 150506
Number of reverse mapping hits = 292
Checking for and removing duplicates
Writing label file ./rh.BA4a_exvivo.label 6039
mri_label2label: Done


 mri_label2label --srcsubject fsaverage --srclabel /out/sourcedata/freesurfer/fsaverage/label/rh.BA4p_exvivo.label --trgsubject sub-v1s11x0050145_ses-1 --trglabel ./rh.BA4p_exvivo.label --hemi rh --regmethod surface 


srclabel = /out/sourcedata/freesurfer/fsaverage/label/rh.BA4p_exvivo.label
srcsubject = fsaverage
trgsubject = sub-v1s11x0050145_ses-1
trglabel = ./rh.BA4p_exvivo.label
regmethod = surface

srchemi = rh
trghemi = rh
trgsurface = white
srcsurfreg = sphere.reg
trgsurfreg = sphere.reg
usehash = 1
Use ProjAbs  = 0, 0
Use ProjFrac = 0, 0
DoPaint 0

SUBJECTS_DIR    /out/sourcedata/freesurfer
FREESURFER_HOME /opt/freesurfer
Loading source label.
Found 4473 points in source label.
Starting surface-based mapping
Reading source registration 
 /out/sourcedata/freesurfer/fsaverage/surf/rh.sphere.reg
Rescaling ...  original radius = 100
Reading target surface 
 /out/sourcedata/freesurfer/sub-v1s11x0050145_ses-1/surf/rh.white
Reading target registration 
 /out/sourcedata/freesurfer/sub-v1s11x0050145_ses-1/surf/rh.sphere.reg
Rescaling ...  original radius = 100
Building target registration hash (res=16).
Building source registration hash (res=16).
INFO: found  4473 nlabel points
Performing mapping from target back to the source label 150506
Number of reverse mapping hits = 96
Checking for and removing duplicates
Writing label file ./rh.BA4p_exvivo.label 4569
mri_label2label: Done


 mri_label2label --srcsubject fsaverage --srclabel /out/sourcedata/freesurfer/fsaverage/label/rh.BA6_exvivo.label --trgsubject sub-v1s11x0050145_ses-1 --trglabel ./rh.BA6_exvivo.label --hemi rh --regmethod surface 


srclabel = /out/sourcedata/freesurfer/fsaverage/label/rh.BA6_exvivo.label
srcsubject = fsaverage
trgsubject = sub-v1s11x0050145_ses-1
trglabel = ./rh.BA6_exvivo.label
regmethod = surface

srchemi = rh
trghemi = rh
trgsurface = white
srcsurfreg = sphere.reg
trgsurfreg = sphere.reg
usehash = 1
Use ProjAbs  = 0, 0
Use ProjFrac = 0, 0
DoPaint 0

SUBJECTS_DIR    /out/sourcedata/freesurfer
FREESURFER_HOME /opt/freesurfer
Loading source label.
Found 12256 points in source label.
Starting surface-based mapping
Reading source registration 
 /out/sourcedata/freesurfer/fsaverage/surf/rh.sphere.reg
Rescaling ...  original radius = 100
Reading target surface 
 /out/sourcedata/freesurfer/sub-v1s11x0050145_ses-1/surf/rh.white
Reading target registration 
 /out/sourcedata/freesurfer/sub-v1s11x0050145_ses-1/surf/rh.sphere.reg
Rescaling ...  original radius = 100
Building target registration hash (res=16).
Building source registration hash (res=16).
INFO: found  12256 nlabel points
Performing mapping from target back to the source label 150506
Number of reverse mapping hits = 652
Checking for and removing duplicates
Writing label file ./rh.BA6_exvivo.label 12908
mri_label2label: Done


 mri_label2label --srcsubject fsaverage --srclabel /out/sourcedata/freesurfer/fsaverage/label/rh.BA44_exvivo.label --trgsubject sub-v1s11x0050145_ses-1 --trglabel ./rh.BA44_exvivo.label --hemi rh --regmethod surface 


srclabel = /out/sourcedata/freesurfer/fsaverage/label/rh.BA44_exvivo.label
srcsubject = fsaverage
trgsubject = sub-v1s11x0050145_ses-1
trglabel = ./rh.BA44_exvivo.label
regmethod = surface

srchemi = rh
trghemi = rh
trgsurface = white
srcsurfreg = sphere.reg
trgsurfreg = sphere.reg
usehash = 1
Use ProjAbs  = 0, 0
Use ProjFrac = 0, 0
DoPaint 0

SUBJECTS_DIR    /out/sourcedata/freesurfer
FREESURFER_HOME /opt/freesurfer
Loading source label.
Found 6912 points in source label.
Starting surface-based mapping
Reading source registration 
 /out/sourcedata/freesurfer/fsaverage/surf/rh.sphere.reg
Rescaling ...  original radius = 100
Reading target surface 
 /out/sourcedata/freesurfer/sub-v1s11x0050145_ses-1/surf/rh.white
Reading target registration 
 /out/sourcedata/freesurfer/sub-v1s11x0050145_ses-1/surf/rh.sphere.reg
Rescaling ...  original radius = 100
Building target registration hash (res=16).
Building source registration hash (res=16).
INFO: found  6912 nlabel points
Performing mapping from target back to the source label 150506
Number of reverse mapping hits = 2045
Checking for and removing duplicates
Writing label file ./rh.BA44_exvivo.label 8957
mri_label2label: Done


 mri_label2label --srcsubject fsaverage --srclabel /out/sourcedata/freesurfer/fsaverage/label/rh.BA45_exvivo.label --trgsubject sub-v1s11x0050145_ses-1 --trglabel ./rh.BA45_exvivo.label --hemi rh --regmethod surface 


srclabel = /out/sourcedata/freesurfer/fsaverage/label/rh.BA45_exvivo.label
srcsubject = fsaverage
trgsubject = sub-v1s11x0050145_ses-1
trglabel = ./rh.BA45_exvivo.label
regmethod = surface

srchemi = rh
trghemi = rh
trgsurface = white
srcsurfreg = sphere.reg
trgsurfreg = sphere.reg
usehash = 1
Use ProjAbs  = 0, 0
Use ProjFrac = 0, 0
DoPaint 0

SUBJECTS_DIR    /out/sourcedata/freesurfer
FREESURFER_HOME /opt/freesurfer
Loading source label.
Found 5355 points in source label.
Starting surface-based mapping
Reading source registration 
 /out/sourcedata/freesurfer/fsaverage/surf/rh.sphere.reg
Rescaling ...  original radius = 100
Reading target surface 
 /out/sourcedata/freesurfer/sub-v1s11x0050145_ses-1/surf/rh.white
Reading target registration 
 /out/sourcedata/freesurfer/sub-v1s11x0050145_ses-1/surf/rh.sphere.reg
Rescaling ...  original radius = 100
Building target registration hash (res=16).
Building source registration hash (res=16).
INFO: found  5355 nlabel points
Performing mapping from target back to the source label 150506
Number of reverse mapping hits = 2164
Checking for and removing duplicates
Writing label file ./rh.BA45_exvivo.label 7519
mri_label2label: Done


 mri_label2label --srcsubject fsaverage --srclabel /out/sourcedata/freesurfer/fsaverage/label/rh.V1_exvivo.label --trgsubject sub-v1s11x0050145_ses-1 --trglabel ./rh.V1_exvivo.label --hemi rh --regmethod surface 


srclabel = /out/sourcedata/freesurfer/fsaverage/label/rh.V1_exvivo.label
srcsubject = fsaverage
trgsubject = sub-v1s11x0050145_ses-1
trglabel = ./rh.V1_exvivo.label
regmethod = surface

srchemi = rh
trghemi = rh
trgsurface = white
srcsurfreg = sphere.reg
trgsurfreg = sphere.reg
usehash = 1
Use ProjAbs  = 0, 0
Use ProjFrac = 0, 0
DoPaint 0

SUBJECTS_DIR    /out/sourcedata/freesurfer
FREESURFER_HOME /opt/freesurfer
Loading source label.
Found 4727 points in source label.
Starting surface-based mapping
Reading source registration 
 /out/sourcedata/freesurfer/fsaverage/surf/rh.sphere.reg
Rescaling ...  original radius = 100
Reading target surface 
 /out/sourcedata/freesurfer/sub-v1s11x0050145_ses-1/surf/rh.white
Reading target registration 
 /out/sourcedata/freesurfer/sub-v1s11x0050145_ses-1/surf/rh.sphere.reg
Rescaling ...  original radius = 100
Building target registration hash (res=16).
Building source registration hash (res=16).
INFO: found  4727 nlabel points
Performing mapping from target back to the source label 150506
Number of reverse mapping hits = 2681
Checking for and removing duplicates
Writing label file ./rh.V1_exvivo.label 7408
mri_label2label: Done


 mri_label2label --srcsubject fsaverage --srclabel /out/sourcedata/freesurfer/fsaverage/label/rh.V2_exvivo.label --trgsubject sub-v1s11x0050145_ses-1 --trglabel ./rh.V2_exvivo.label --hemi rh --regmethod surface 


srclabel = /out/sourcedata/freesurfer/fsaverage/label/rh.V2_exvivo.label
srcsubject = fsaverage
trgsubject = sub-v1s11x0050145_ses-1
trglabel = ./rh.V2_exvivo.label
regmethod = surface

srchemi = rh
trghemi = rh
trgsurface = white
srcsurfreg = sphere.reg
trgsurfreg = sphere.reg
usehash = 1
Use ProjAbs  = 0, 0
Use ProjFrac = 0, 0
DoPaint 0

SUBJECTS_DIR    /out/sourcedata/freesurfer
FREESURFER_HOME /opt/freesurfer
Loading source label.
Found 8016 points in source label.
Starting surface-based mapping
Reading source registration 
 /out/sourcedata/freesurfer/fsaverage/surf/rh.sphere.reg
Rescaling ...  original radius = 100
Reading target surface 
 /out/sourcedata/freesurfer/sub-v1s11x0050145_ses-1/surf/rh.white
Reading target registration 
 /out/sourcedata/freesurfer/sub-v1s11x0050145_ses-1/surf/rh.sphere.reg
Rescaling ...  original radius = 100
Building target registration hash (res=16).
Building source registration hash (res=16).
INFO: found  8016 nlabel points
Performing mapping from target back to the source label 150506
Number of reverse mapping hits = 3568
Checking for and removing duplicates
Writing label file ./rh.V2_exvivo.label 11584
mri_label2label: Done


 mri_label2label --srcsubject fsaverage --srclabel /out/sourcedata/freesurfer/fsaverage/label/rh.MT_exvivo.label --trgsubject sub-v1s11x0050145_ses-1 --trglabel ./rh.MT_exvivo.label --hemi rh --regmethod surface 


srclabel = /out/sourcedata/freesurfer/fsaverage/label/rh.MT_exvivo.label
srcsubject = fsaverage
trgsubject = sub-v1s11x0050145_ses-1
trglabel = ./rh.MT_exvivo.label
regmethod = surface

srchemi = rh
trghemi = rh
trgsurface = white
srcsurfreg = sphere.reg
trgsurfreg = sphere.reg
usehash = 1
Use ProjAbs  = 0, 0
Use ProjFrac = 0, 0
DoPaint 0

SUBJECTS_DIR    /out/sourcedata/freesurfer
FREESURFER_HOME /opt/freesurfer
Loading source label.
Found 1932 points in source label.
Starting surface-based mapping
Reading source registration 
 /out/sourcedata/freesurfer/fsaverage/surf/rh.sphere.reg
Rescaling ...  original radius = 100
Reading target surface 
 /out/sourcedata/freesurfer/sub-v1s11x0050145_ses-1/surf/rh.white
Reading target registration 
 /out/sourcedata/freesurfer/sub-v1s11x0050145_ses-1/surf/rh.sphere.reg
Rescaling ...  original radius = 100
Building target registration hash (res=16).
Building source registration hash (res=16).
INFO: found  1932 nlabel points
Performing mapping from target back to the source label 150506
Number of reverse mapping hits = 1048
Checking for and removing duplicates
Writing label file ./rh.MT_exvivo.label 2980
mri_label2label: Done


 mri_label2label --srcsubject fsaverage --srclabel /out/sourcedata/freesurfer/fsaverage/label/rh.entorhinal_exvivo.label --trgsubject sub-v1s11x0050145_ses-1 --trglabel ./rh.entorhinal_exvivo.label --hemi rh --regmethod surface 


srclabel = /out/sourcedata/freesurfer/fsaverage/label/rh.entorhinal_exvivo.label
srcsubject = fsaverage
trgsubject = sub-v1s11x0050145_ses-1
trglabel = ./rh.entorhinal_exvivo.label
regmethod = surface

srchemi = rh
trghemi = rh
trgsurface = white
srcsurfreg = sphere.reg
trgsurfreg = sphere.reg
usehash = 1
Use ProjAbs  = 0, 0
Use ProjFrac = 0, 0
DoPaint 0

SUBJECTS_DIR    /out/sourcedata/freesurfer
FREESURFER_HOME /opt/freesurfer
Loading source label.
Found 1038 points in source label.
Starting surface-based mapping
Reading source registration 
 /out/sourcedata/freesurfer/fsaverage/surf/rh.sphere.reg
Rescaling ...  original radius = 100
Reading target surface 
 /out/sourcedata/freesurfer/sub-v1s11x0050145_ses-1/surf/rh.white
Reading target registration 
 /out/sourcedata/freesurfer/sub-v1s11x0050145_ses-1/surf/rh.sphere.reg
Rescaling ...  original radius = 100
Building target registration hash (res=16).
Building source registration hash (res=16).
INFO: found  1038 nlabel points
Performing mapping from target back to the source label 150506
Number of reverse mapping hits = 90
Checking for and removing duplicates
Writing label file ./rh.entorhinal_exvivo.label 1128
mri_label2label: Done


 mri_label2label --srcsubject fsaverage --srclabel /out/sourcedata/freesurfer/fsaverage/label/rh.perirhinal_exvivo.label --trgsubject sub-v1s11x0050145_ses-1 --trglabel ./rh.perirhinal_exvivo.label --hemi rh --regmethod surface 


srclabel = /out/sourcedata/freesurfer/fsaverage/label/rh.perirhinal_exvivo.label
srcsubject = fsaverage
trgsubject = sub-v1s11x0050145_ses-1
trglabel = ./rh.perirhinal_exvivo.label
regmethod = surface

srchemi = rh
trghemi = rh
trgsurface = white
srcsurfreg = sphere.reg
trgsurfreg = sphere.reg
usehash = 1
Use ProjAbs  = 0, 0
Use ProjFrac = 0, 0
DoPaint 0

SUBJECTS_DIR    /out/sourcedata/freesurfer
FREESURFER_HOME /opt/freesurfer
Loading source label.
Found 752 points in source label.
Starting surface-based mapping
Reading source registration 
 /out/sourcedata/freesurfer/fsaverage/surf/rh.sphere.reg
Rescaling ...  original radius = 100
Reading target surface 
 /out/sourcedata/freesurfer/sub-v1s11x0050145_ses-1/surf/rh.white
Reading target registration 
 /out/sourcedata/freesurfer/sub-v1s11x0050145_ses-1/surf/rh.sphere.reg
Rescaling ...  original radius = 100
Building target registration hash (res=16).
Building source registration hash (res=16).
INFO: found  752 nlabel points
Performing mapping from target back to the source label 150506
Number of reverse mapping hits = 88
Checking for and removing duplicates
Writing label file ./rh.perirhinal_exvivo.label 840
mri_label2label: Done


 mri_label2label --srcsubject fsaverage --srclabel /out/sourcedata/freesurfer/fsaverage/label/rh.FG1.mpm.vpnl.label --trgsubject sub-v1s11x0050145_ses-1 --trglabel ./rh.FG1.mpm.vpnl.label --hemi rh --regmethod surface 


srclabel = /out/sourcedata/freesurfer/fsaverage/label/rh.FG1.mpm.vpnl.label
srcsubject = fsaverage
trgsubject = sub-v1s11x0050145_ses-1
trglabel = ./rh.FG1.mpm.vpnl.label
regmethod = surface

srchemi = rh
trghemi = rh
trgsurface = white
srcsurfreg = sphere.reg
trgsurfreg = sphere.reg
usehash = 1
Use ProjAbs  = 0, 0
Use ProjFrac = 0, 0
DoPaint 0

SUBJECTS_DIR    /out/sourcedata/freesurfer
FREESURFER_HOME /opt/freesurfer
Loading source label.
Found 541 points in source label.
Starting surface-based mapping
Reading source registration 
 /out/sourcedata/freesurfer/fsaverage/surf/rh.sphere.reg
Rescaling ...  original radius = 100
Reading target surface 
 /out/sourcedata/freesurfer/sub-v1s11x0050145_ses-1/surf/rh.white
Reading target registration 
 /out/sourcedata/freesurfer/sub-v1s11x0050145_ses-1/surf/rh.sphere.reg
Rescaling ...  original radius = 100
Building target registration hash (res=16).
Building source registration hash (res=16).
INFO: found  541 nlabel points
Performing mapping from target back to the source label 150506
Number of reverse mapping hits = 290
Checking for and removing duplicates
Writing label file ./rh.FG1.mpm.vpnl.label 831
mri_label2label: Done


 mri_label2label --srcsubject fsaverage --srclabel /out/sourcedata/freesurfer/fsaverage/label/rh.FG2.mpm.vpnl.label --trgsubject sub-v1s11x0050145_ses-1 --trglabel ./rh.FG2.mpm.vpnl.label --hemi rh --regmethod surface 


srclabel = /out/sourcedata/freesurfer/fsaverage/label/rh.FG2.mpm.vpnl.label
srcsubject = fsaverage
trgsubject = sub-v1s11x0050145_ses-1
trglabel = ./rh.FG2.mpm.vpnl.label
regmethod = surface

srchemi = rh
trghemi = rh
trgsurface = white
srcsurfreg = sphere.reg
trgsurfreg = sphere.reg
usehash = 1
Use ProjAbs  = 0, 0
Use ProjFrac = 0, 0
DoPaint 0

SUBJECTS_DIR    /out/sourcedata/freesurfer
FREESURFER_HOME /opt/freesurfer
Loading source label.
Found 721 points in source label.
Starting surface-based mapping
Reading source registration 
 /out/sourcedata/freesurfer/fsaverage/surf/rh.sphere.reg
Rescaling ...  original radius = 100
Reading target surface 
 /out/sourcedata/freesurfer/sub-v1s11x0050145_ses-1/surf/rh.white
Reading target registration 
 /out/sourcedata/freesurfer/sub-v1s11x0050145_ses-1/surf/rh.sphere.reg
Rescaling ...  original radius = 100
Building target registration hash (res=16).
Building source registration hash (res=16).
INFO: found  721 nlabel points
Performing mapping from target back to the source label 150506
Number of reverse mapping hits = 338
Checking for and removing duplicates
Writing label file ./rh.FG2.mpm.vpnl.label 1059
mri_label2label: Done


 mri_label2label --srcsubject fsaverage --srclabel /out/sourcedata/freesurfer/fsaverage/label/rh.FG3.mpm.vpnl.label --trgsubject sub-v1s11x0050145_ses-1 --trglabel ./rh.FG3.mpm.vpnl.label --hemi rh --regmethod surface 


srclabel = /out/sourcedata/freesurfer/fsaverage/label/rh.FG3.mpm.vpnl.label
srcsubject = fsaverage
trgsubject = sub-v1s11x0050145_ses-1
trglabel = ./rh.FG3.mpm.vpnl.label
regmethod = surface

srchemi = rh
trghemi = rh
trgsurface = white
srcsurfreg = sphere.reg
trgsurfreg = sphere.reg
usehash = 1
Use ProjAbs  = 0, 0
Use ProjFrac = 0, 0
DoPaint 0

SUBJECTS_DIR    /out/sourcedata/freesurfer
FREESURFER_HOME /opt/freesurfer
Loading source label.
Found 1523 points in source label.
Starting surface-based mapping
Reading source registration 
 /out/sourcedata/freesurfer/fsaverage/surf/rh.sphere.reg
Rescaling ...  original radius = 100
Reading target surface 
 /out/sourcedata/freesurfer/sub-v1s11x0050145_ses-1/surf/rh.white
Reading target registration 
 /out/sourcedata/freesurfer/sub-v1s11x0050145_ses-1/surf/rh.sphere.reg
Rescaling ...  original radius = 100
Building target registration hash (res=16).
Building source registration hash (res=16).
INFO: found  1523 nlabel points
Performing mapping from target back to the source label 150506
Number of reverse mapping hits = 474
Checking for and removing duplicates
Writing label file ./rh.FG3.mpm.vpnl.label 1997
mri_label2label: Done


 mri_label2label --srcsubject fsaverage --srclabel /out/sourcedata/freesurfer/fsaverage/label/rh.FG4.mpm.vpnl.label --trgsubject sub-v1s11x0050145_ses-1 --trglabel ./rh.FG4.mpm.vpnl.label --hemi rh --regmethod surface 


srclabel = /out/sourcedata/freesurfer/fsaverage/label/rh.FG4.mpm.vpnl.label
srcsubject = fsaverage
trgsubject = sub-v1s11x0050145_ses-1
trglabel = ./rh.FG4.mpm.vpnl.label
regmethod = surface

srchemi = rh
trghemi = rh
trgsurface = white
srcsurfreg = sphere.reg
trgsurfreg = sphere.reg
usehash = 1
Use ProjAbs  = 0, 0
Use ProjFrac = 0, 0
DoPaint 0

SUBJECTS_DIR    /out/sourcedata/freesurfer
FREESURFER_HOME /opt/freesurfer
Loading source label.
Found 1586 points in source label.
Starting surface-based mapping
Reading source registration 
 /out/sourcedata/freesurfer/fsaverage/surf/rh.sphere.reg
Rescaling ...  original radius = 100
Reading target surface 
 /out/sourcedata/freesurfer/sub-v1s11x0050145_ses-1/surf/rh.white
Reading target registration 
 /out/sourcedata/freesurfer/sub-v1s11x0050145_ses-1/surf/rh.sphere.reg
Rescaling ...  original radius = 100
Building target registration hash (res=16).
Building source registration hash (res=16).
INFO: found  1586 nlabel points
Performing mapping from target back to the source label 150506
Number of reverse mapping hits = 386
Checking for and removing duplicates
Writing label file ./rh.FG4.mpm.vpnl.label 1972
mri_label2label: Done


 mri_label2label --srcsubject fsaverage --srclabel /out/sourcedata/freesurfer/fsaverage/label/rh.hOc1.mpm.vpnl.label --trgsubject sub-v1s11x0050145_ses-1 --trglabel ./rh.hOc1.mpm.vpnl.label --hemi rh --regmethod surface 


srclabel = /out/sourcedata/freesurfer/fsaverage/label/rh.hOc1.mpm.vpnl.label
srcsubject = fsaverage
trgsubject = sub-v1s11x0050145_ses-1
trglabel = ./rh.hOc1.mpm.vpnl.label
regmethod = surface

srchemi = rh
trghemi = rh
trgsurface = white
srcsurfreg = sphere.reg
trgsurfreg = sphere.reg
usehash = 1
Use ProjAbs  = 0, 0
Use ProjFrac = 0, 0
DoPaint 0

SUBJECTS_DIR    /out/sourcedata/freesurfer
FREESURFER_HOME /opt/freesurfer
Loading source label.
Found 3667 points in source label.
Starting surface-based mapping
Reading source registration 
 /out/sourcedata/freesurfer/fsaverage/surf/rh.sphere.reg
Rescaling ...  original radius = 100
Reading target surface 
 /out/sourcedata/freesurfer/sub-v1s11x0050145_ses-1/surf/rh.white
Reading target registration 
 /out/sourcedata/freesurfer/sub-v1s11x0050145_ses-1/surf/rh.sphere.reg
Rescaling ...  original radius = 100
Building target registration hash (res=16).
Building source registration hash (res=16).
INFO: found  3667 nlabel points
Performing mapping from target back to the source label 150506
Number of reverse mapping hits = 2084
Checking for and removing duplicates
Writing label file ./rh.hOc1.mpm.vpnl.label 5751
mri_label2label: Done


 mri_label2label --srcsubject fsaverage --srclabel /out/sourcedata/freesurfer/fsaverage/label/rh.hOc2.mpm.vpnl.label --trgsubject sub-v1s11x0050145_ses-1 --trglabel ./rh.hOc2.mpm.vpnl.label --hemi rh --regmethod surface 


srclabel = /out/sourcedata/freesurfer/fsaverage/label/rh.hOc2.mpm.vpnl.label
srcsubject = fsaverage
trgsubject = sub-v1s11x0050145_ses-1
trglabel = ./rh.hOc2.mpm.vpnl.label
regmethod = surface

srchemi = rh
trghemi = rh
trgsurface = white
srcsurfreg = sphere.reg
trgsurfreg = sphere.reg
usehash = 1
Use ProjAbs  = 0, 0
Use ProjFrac = 0, 0
DoPaint 0

SUBJECTS_DIR    /out/sourcedata/freesurfer
FREESURFER_HOME /opt/freesurfer
Loading source label.
Found 2719 points in source label.
Starting surface-based mapping
Reading source registration 
 /out/sourcedata/freesurfer/fsaverage/surf/rh.sphere.reg
Rescaling ...  original radius = 100
Reading target surface 
 /out/sourcedata/freesurfer/sub-v1s11x0050145_ses-1/surf/rh.white
Reading target registration 
 /out/sourcedata/freesurfer/sub-v1s11x0050145_ses-1/surf/rh.sphere.reg
Rescaling ...  original radius = 100
Building target registration hash (res=16).
Building source registration hash (res=16).
INFO: found  2719 nlabel points
Performing mapping from target back to the source label 150506
Number of reverse mapping hits = 1349
Checking for and removing duplicates
Writing label file ./rh.hOc2.mpm.vpnl.label 4068
mri_label2label: Done


 mri_label2label --srcsubject fsaverage --srclabel /out/sourcedata/freesurfer/fsaverage/label/rh.hOc3v.mpm.vpnl.label --trgsubject sub-v1s11x0050145_ses-1 --trglabel ./rh.hOc3v.mpm.vpnl.label --hemi rh --regmethod surface 


srclabel = /out/sourcedata/freesurfer/fsaverage/label/rh.hOc3v.mpm.vpnl.label
srcsubject = fsaverage
trgsubject = sub-v1s11x0050145_ses-1
trglabel = ./rh.hOc3v.mpm.vpnl.label
regmethod = surface

srchemi = rh
trghemi = rh
trgsurface = white
srcsurfreg = sphere.reg
trgsurfreg = sphere.reg
usehash = 1
Use ProjAbs  = 0, 0
Use ProjFrac = 0, 0
DoPaint 0

SUBJECTS_DIR    /out/sourcedata/freesurfer
FREESURFER_HOME /opt/freesurfer
Loading source label.
Found 1228 points in source label.
Starting surface-based mapping
Reading source registration 
 /out/sourcedata/freesurfer/fsaverage/surf/rh.sphere.reg
Rescaling ...  original radius = 100
Reading target surface 
 /out/sourcedata/freesurfer/sub-v1s11x0050145_ses-1/surf/rh.white
Reading target registration 
 /out/sourcedata/freesurfer/sub-v1s11x0050145_ses-1/surf/rh.sphere.reg
Rescaling ...  original radius = 100
Building target registration hash (res=16).
Building source registration hash (res=16).
INFO: found  1228 nlabel points
Performing mapping from target back to the source label 150506
Number of reverse mapping hits = 612
Checking for and removing duplicates
Writing label file ./rh.hOc3v.mpm.vpnl.label 1840
mri_label2label: Done


 mri_label2label --srcsubject fsaverage --srclabel /out/sourcedata/freesurfer/fsaverage/label/rh.hOc4v.mpm.vpnl.label --trgsubject sub-v1s11x0050145_ses-1 --trglabel ./rh.hOc4v.mpm.vpnl.label --hemi rh --regmethod surface 


srclabel = /out/sourcedata/freesurfer/fsaverage/label/rh.hOc4v.mpm.vpnl.label
srcsubject = fsaverage
trgsubject = sub-v1s11x0050145_ses-1
trglabel = ./rh.hOc4v.mpm.vpnl.label
regmethod = surface

srchemi = rh
trghemi = rh
trgsurface = white
srcsurfreg = sphere.reg
trgsurfreg = sphere.reg
usehash = 1
Use ProjAbs  = 0, 0
Use ProjFrac = 0, 0
DoPaint 0

SUBJECTS_DIR    /out/sourcedata/freesurfer
FREESURFER_HOME /opt/freesurfer
Loading source label.
Found 1025 points in source label.
Starting surface-based mapping
Reading source registration 
 /out/sourcedata/freesurfer/fsaverage/surf/rh.sphere.reg
Rescaling ...  original radius = 100
Reading target surface 
 /out/sourcedata/freesurfer/sub-v1s11x0050145_ses-1/surf/rh.white
Reading target registration 
 /out/sourcedata/freesurfer/sub-v1s11x0050145_ses-1/surf/rh.sphere.reg
Rescaling ...  original radius = 100
Building target registration hash (res=16).
Building source registration hash (res=16).
INFO: found  1025 nlabel points
Performing mapping from target back to the source label 150506
Number of reverse mapping hits = 578
Checking for and removing duplicates
Writing label file ./rh.hOc4v.mpm.vpnl.label 1603
mri_label2label: Done


 mris_label2annot --s sub-v1s11x0050145_ses-1 --ctab /opt/freesurfer/average/colortable_vpnl.txt --hemi rh --a mpm.vpnl --maxstatwinner --noverbose --l rh.FG1.mpm.vpnl.label --l rh.FG2.mpm.vpnl.label --l rh.FG3.mpm.vpnl.label --l rh.FG4.mpm.vpnl.label --l rh.hOc1.mpm.vpnl.label --l rh.hOc2.mpm.vpnl.label --l rh.hOc3v.mpm.vpnl.label --l rh.hOc4v.mpm.vpnl.label 

Reading ctab /opt/freesurfer/average/colortable_vpnl.txt
Number of ctab entries 9

7.3.2
cwd /out/sourcedata/freesurfer/sub-v1s11x0050145_ses-1/label
cmdline mris_label2annot --s sub-v1s11x0050145_ses-1 --ctab /opt/freesurfer/average/colortable_vpnl.txt --hemi rh --a mpm.vpnl --maxstatwinner --noverbose --l rh.FG1.mpm.vpnl.label --l rh.FG2.mpm.vpnl.label --l rh.FG3.mpm.vpnl.label --l rh.FG4.mpm.vpnl.label --l rh.hOc1.mpm.vpnl.label --l rh.hOc2.mpm.vpnl.label --l rh.hOc3v.mpm.vpnl.label --l rh.hOc4v.mpm.vpnl.label 
sysname  Linux
hostname dna050
machine  x86_64
user     oesteban

subject sub-v1s11x0050145_ses-1
hemi    rh
SUBJECTS_DIR /out/sourcedata/freesurfer
ColorTable /opt/freesurfer/average/colortable_vpnl.txt
AnnotName  mpm.vpnl
nlables 8
LabelThresh 0 0.000000
Loading /out/sourcedata/freesurfer/sub-v1s11x0050145_ses-1/surf/rh.orig
 1 1376057 FG1
 2 16711935 FG2
 3 16711680 FG3
 4 1705837 FG4
 5 25600 hOc1
 6 255 hOc2
 7 16776960 hOc3v
 8 65535 hOc4v
Mapping unhit to unknown
Found 131884 unhit vertices
Writing annot to /out/sourcedata/freesurfer/sub-v1s11x0050145_ses-1/label/rh.mpm.vpnl.annot

 mri_label2label --srcsubject fsaverage --srclabel /out/sourcedata/freesurfer/fsaverage/label/rh.BA1_exvivo.thresh.label --trgsubject sub-v1s11x0050145_ses-1 --trglabel ./rh.BA1_exvivo.thresh.label --hemi rh --regmethod surface 


srclabel = /out/sourcedata/freesurfer/fsaverage/label/rh.BA1_exvivo.thresh.label
srcsubject = fsaverage
trgsubject = sub-v1s11x0050145_ses-1
trglabel = ./rh.BA1_exvivo.thresh.label
regmethod = surface

srchemi = rh
trghemi = rh
trgsurface = white
srcsurfreg = sphere.reg
trgsurfreg = sphere.reg
usehash = 1
Use ProjAbs  = 0, 0
Use ProjFrac = 0, 0
DoPaint 0

SUBJECTS_DIR    /out/sourcedata/freesurfer
FREESURFER_HOME /opt/freesurfer
Loading source label.
Found 876 points in source label.
Starting surface-based mapping
Reading source registration 
 /out/sourcedata/freesurfer/fsaverage/surf/rh.sphere.reg
Rescaling ...  original radius = 100
Reading target surface 
 /out/sourcedata/freesurfer/sub-v1s11x0050145_ses-1/surf/rh.white
Reading target registration 
 /out/sourcedata/freesurfer/sub-v1s11x0050145_ses-1/surf/rh.sphere.reg
Rescaling ...  original radius = 100
Building target registration hash (res=16).
Building source registration hash (res=16).
INFO: found  876 nlabel points
Performing mapping from target back to the source label 150506
Number of reverse mapping hits = 83
Checking for and removing duplicates
Writing label file ./rh.BA1_exvivo.thresh.label 959
mri_label2label: Done


 mri_label2label --srcsubject fsaverage --srclabel /out/sourcedata/freesurfer/fsaverage/label/rh.BA2_exvivo.thresh.label --trgsubject sub-v1s11x0050145_ses-1 --trglabel ./rh.BA2_exvivo.thresh.label --hemi rh --regmethod surface 


srclabel = /out/sourcedata/freesurfer/fsaverage/label/rh.BA2_exvivo.thresh.label
srcsubject = fsaverage
trgsubject = sub-v1s11x0050145_ses-1
trglabel = ./rh.BA2_exvivo.thresh.label
regmethod = surface

srchemi = rh
trghemi = rh
trgsurface = white
srcsurfreg = sphere.reg
trgsurfreg = sphere.reg
usehash = 1
Use ProjAbs  = 0, 0
Use ProjFrac = 0, 0
DoPaint 0

SUBJECTS_DIR    /out/sourcedata/freesurfer
FREESURFER_HOME /opt/freesurfer
Loading source label.
Found 2688 points in source label.
Starting surface-based mapping
Reading source registration 
 /out/sourcedata/freesurfer/fsaverage/surf/rh.sphere.reg
Rescaling ...  original radius = 100
Reading target surface 
 /out/sourcedata/freesurfer/sub-v1s11x0050145_ses-1/surf/rh.white
Reading target registration 
 /out/sourcedata/freesurfer/sub-v1s11x0050145_ses-1/surf/rh.sphere.reg
Rescaling ...  original radius = 100
Building target registration hash (res=16).
Building source registration hash (res=16).
INFO: found  2688 nlabel points
Performing mapping from target back to the source label 150506
Number of reverse mapping hits = 50
Checking for and removing duplicates
Writing label file ./rh.BA2_exvivo.thresh.label 2738
mri_label2label: Done


 mri_label2label --srcsubject fsaverage --srclabel /out/sourcedata/freesurfer/fsaverage/label/rh.BA3a_exvivo.thresh.label --trgsubject sub-v1s11x0050145_ses-1 --trglabel ./rh.BA3a_exvivo.thresh.label --hemi rh --regmethod surface 


srclabel = /out/sourcedata/freesurfer/fsaverage/label/rh.BA3a_exvivo.thresh.label
srcsubject = fsaverage
trgsubject = sub-v1s11x0050145_ses-1
trglabel = ./rh.BA3a_exvivo.thresh.label
regmethod = surface

srchemi = rh
trghemi = rh
trgsurface = white
srcsurfreg = sphere.reg
trgsurfreg = sphere.reg
usehash = 1
Use ProjAbs  = 0, 0
Use ProjFrac = 0, 0
DoPaint 0

SUBJECTS_DIR    /out/sourcedata/freesurfer
FREESURFER_HOME /opt/freesurfer
Loading source label.
Found 1698 points in source label.
Starting surface-based mapping
Reading source registration 
 /out/sourcedata/freesurfer/fsaverage/surf/rh.sphere.reg
Rescaling ...  original radius = 100
Reading target surface 
 /out/sourcedata/freesurfer/sub-v1s11x0050145_ses-1/surf/rh.white
Reading target registration 
 /out/sourcedata/freesurfer/sub-v1s11x0050145_ses-1/surf/rh.sphere.reg
Rescaling ...  original radius = 100
Building target registration hash (res=16).
Building source registration hash (res=16).
INFO: found  1698 nlabel points
Performing mapping from target back to the source label 150506
Number of reverse mapping hits = 6
Checking for and removing duplicates
Writing label file ./rh.BA3a_exvivo.thresh.label 1704
mri_label2label: Done


 mri_label2label --srcsubject fsaverage --srclabel /out/sourcedata/freesurfer/fsaverage/label/rh.BA3b_exvivo.thresh.label --trgsubject sub-v1s11x0050145_ses-1 --trglabel ./rh.BA3b_exvivo.thresh.label --hemi rh --regmethod surface 


srclabel = /out/sourcedata/freesurfer/fsaverage/label/rh.BA3b_exvivo.thresh.label
srcsubject = fsaverage
trgsubject = sub-v1s11x0050145_ses-1
trglabel = ./rh.BA3b_exvivo.thresh.label
regmethod = surface

srchemi = rh
trghemi = rh
trgsurface = white
srcsurfreg = sphere.reg
trgsurfreg = sphere.reg
usehash = 1
Use ProjAbs  = 0, 0
Use ProjFrac = 0, 0
DoPaint 0

SUBJECTS_DIR    /out/sourcedata/freesurfer
FREESURFER_HOME /opt/freesurfer
Loading source label.
Found 2183 points in source label.
Starting surface-based mapping
Reading source registration 
 /out/sourcedata/freesurfer/fsaverage/surf/rh.sphere.reg
Rescaling ...  original radius = 100
Reading target surface 
 /out/sourcedata/freesurfer/sub-v1s11x0050145_ses-1/surf/rh.white
Reading target registration 
 /out/sourcedata/freesurfer/sub-v1s11x0050145_ses-1/surf/rh.sphere.reg
Rescaling ...  original radius = 100
Building target registration hash (res=16).
Building source registration hash (res=16).
INFO: found  2183 nlabel points
Performing mapping from target back to the source label 150506
Number of reverse mapping hits = 56
Checking for and removing duplicates
Writing label file ./rh.BA3b_exvivo.thresh.label 2239
mri_label2label: Done


 mri_label2label --srcsubject fsaverage --srclabel /out/sourcedata/freesurfer/fsaverage/label/rh.BA4a_exvivo.thresh.label --trgsubject sub-v1s11x0050145_ses-1 --trglabel ./rh.BA4a_exvivo.thresh.label --hemi rh --regmethod surface 


srclabel = /out/sourcedata/freesurfer/fsaverage/label/rh.BA4a_exvivo.thresh.label
srcsubject = fsaverage
trgsubject = sub-v1s11x0050145_ses-1
trglabel = ./rh.BA4a_exvivo.thresh.label
regmethod = surface

srchemi = rh
trghemi = rh
trgsurface = white
srcsurfreg = sphere.reg
trgsurfreg = sphere.reg
usehash = 1
Use ProjAbs  = 0, 0
Use ProjFrac = 0, 0
DoPaint 0

SUBJECTS_DIR    /out/sourcedata/freesurfer
FREESURFER_HOME /opt/freesurfer
Loading source label.
Found 1388 points in source label.
Starting surface-based mapping
Reading source registration 
 /out/sourcedata/freesurfer/fsaverage/surf/rh.sphere.reg
Rescaling ...  original radius = 100
Reading target surface 
 /out/sourcedata/freesurfer/sub-v1s11x0050145_ses-1/surf/rh.white
Reading target registration 
 /out/sourcedata/freesurfer/sub-v1s11x0050145_ses-1/surf/rh.sphere.reg
Rescaling ...  original radius = 100
Building target registration hash (res=16).
Building source registration hash (res=16).
INFO: found  1388 nlabel points
Performing mapping from target back to the source label 150506
Number of reverse mapping hits = 99
Checking for and removing duplicates
Writing label file ./rh.BA4a_exvivo.thresh.label 1487
mri_label2label: Done


 mri_label2label --srcsubject fsaverage --srclabel /out/sourcedata/freesurfer/fsaverage/label/rh.BA4p_exvivo.thresh.label --trgsubject sub-v1s11x0050145_ses-1 --trglabel ./rh.BA4p_exvivo.thresh.label --hemi rh --regmethod surface 


srclabel = /out/sourcedata/freesurfer/fsaverage/label/rh.BA4p_exvivo.thresh.label
srcsubject = fsaverage
trgsubject = sub-v1s11x0050145_ses-1
trglabel = ./rh.BA4p_exvivo.thresh.label
regmethod = surface

srchemi = rh
trghemi = rh
trgsurface = white
srcsurfreg = sphere.reg
trgsurfreg = sphere.reg
usehash = 1
Use ProjAbs  = 0, 0
Use ProjFrac = 0, 0
DoPaint 0

SUBJECTS_DIR    /out/sourcedata/freesurfer
FREESURFER_HOME /opt/freesurfer
Loading source label.
Found 1489 points in source label.
Starting surface-based mapping
Reading source registration 
 /out/sourcedata/freesurfer/fsaverage/surf/rh.sphere.reg
Rescaling ...  original radius = 100
Reading target surface 
 /out/sourcedata/freesurfer/sub-v1s11x0050145_ses-1/surf/rh.white
Reading target registration 
 /out/sourcedata/freesurfer/sub-v1s11x0050145_ses-1/surf/rh.sphere.reg
Rescaling ...  original radius = 100
Building target registration hash (res=16).
Building source registration hash (res=16).
INFO: found  1489 nlabel points
Performing mapping from target back to the source label 150506
Number of reverse mapping hits = 15
Checking for and removing duplicates
Writing label file ./rh.BA4p_exvivo.thresh.label 1504
mri_label2label: Done


 mri_label2label --srcsubject fsaverage --srclabel /out/sourcedata/freesurfer/fsaverage/label/rh.BA6_exvivo.thresh.label --trgsubject sub-v1s11x0050145_ses-1 --trglabel ./rh.BA6_exvivo.thresh.label --hemi rh --regmethod surface 


srclabel = /out/sourcedata/freesurfer/fsaverage/label/rh.BA6_exvivo.thresh.label
srcsubject = fsaverage
trgsubject = sub-v1s11x0050145_ses-1
trglabel = ./rh.BA6_exvivo.thresh.label
regmethod = surface

srchemi = rh
trghemi = rh
trgsurface = white
srcsurfreg = sphere.reg
trgsurfreg = sphere.reg
usehash = 1
Use ProjAbs  = 0, 0
Use ProjFrac = 0, 0
DoPaint 0

SUBJECTS_DIR    /out/sourcedata/freesurfer
FREESURFER_HOME /opt/freesurfer
Loading source label.
Found 6959 points in source label.
Starting surface-based mapping
Reading source registration 
 /out/sourcedata/freesurfer/fsaverage/surf/rh.sphere.reg
Rescaling ...  original radius = 100
Reading target surface 
 /out/sourcedata/freesurfer/sub-v1s11x0050145_ses-1/surf/rh.white
Reading target registration 
 /out/sourcedata/freesurfer/sub-v1s11x0050145_ses-1/surf/rh.sphere.reg
Rescaling ...  original radius = 100
Building target registration hash (res=16).
Building source registration hash (res=16).
INFO: found  6959 nlabel points
Performing mapping from target back to the source label 150506
Number of reverse mapping hits = 402
Checking for and removing duplicates
Writing label file ./rh.BA6_exvivo.thresh.label 7361
mri_label2label: Done


 mri_label2label --srcsubject fsaverage --srclabel /out/sourcedata/freesurfer/fsaverage/label/rh.BA44_exvivo.thresh.label --trgsubject sub-v1s11x0050145_ses-1 --trglabel ./rh.BA44_exvivo.thresh.label --hemi rh --regmethod surface 


srclabel = /out/sourcedata/freesurfer/fsaverage/label/rh.BA44_exvivo.thresh.label
srcsubject = fsaverage
trgsubject = sub-v1s11x0050145_ses-1
trglabel = ./rh.BA44_exvivo.thresh.label
regmethod = surface

srchemi = rh
trghemi = rh
trgsurface = white
srcsurfreg = sphere.reg
trgsurfreg = sphere.reg
usehash = 1
Use ProjAbs  = 0, 0
Use ProjFrac = 0, 0
DoPaint 0

SUBJECTS_DIR    /out/sourcedata/freesurfer
FREESURFER_HOME /opt/freesurfer
Loading source label.
Found 1012 points in source label.
Starting surface-based mapping
Reading source registration 
 /out/sourcedata/freesurfer/fsaverage/surf/rh.sphere.reg
Rescaling ...  original radius = 100
Reading target surface 
 /out/sourcedata/freesurfer/sub-v1s11x0050145_ses-1/surf/rh.white
Reading target registration 
 /out/sourcedata/freesurfer/sub-v1s11x0050145_ses-1/surf/rh.sphere.reg
Rescaling ...  original radius = 100
Building target registration hash (res=16).
Building source registration hash (res=16).
INFO: found  1012 nlabel points
Performing mapping from target back to the source label 150506
Number of reverse mapping hits = 604
Checking for and removing duplicates
Writing label file ./rh.BA44_exvivo.thresh.label 1616
mri_label2label: Done


 mri_label2label --srcsubject fsaverage --srclabel /out/sourcedata/freesurfer/fsaverage/label/rh.BA45_exvivo.thresh.label --trgsubject sub-v1s11x0050145_ses-1 --trglabel ./rh.BA45_exvivo.thresh.label --hemi rh --regmethod surface 


srclabel = /out/sourcedata/freesurfer/fsaverage/label/rh.BA45_exvivo.thresh.label
srcsubject = fsaverage
trgsubject = sub-v1s11x0050145_ses-1
trglabel = ./rh.BA45_exvivo.thresh.label
regmethod = surface

srchemi = rh
trghemi = rh
trgsurface = white
srcsurfreg = sphere.reg
trgsurfreg = sphere.reg
usehash = 1
Use ProjAbs  = 0, 0
Use ProjFrac = 0, 0
DoPaint 0

SUBJECTS_DIR    /out/sourcedata/freesurfer
FREESURFER_HOME /opt/freesurfer
Loading source label.
Found 1178 points in source label.
Starting surface-based mapping
Reading source registration 
 /out/sourcedata/freesurfer/fsaverage/surf/rh.sphere.reg
Rescaling ...  original radius = 100
Reading target surface 
 /out/sourcedata/freesurfer/sub-v1s11x0050145_ses-1/surf/rh.white
Reading target registration 
 /out/sourcedata/freesurfer/sub-v1s11x0050145_ses-1/surf/rh.sphere.reg
Rescaling ...  original radius = 100
Building target registration hash (res=16).
Building source registration hash (res=16).
INFO: found  1178 nlabel points
Performing mapping from target back to the source label 150506
Number of reverse mapping hits = 575
Checking for and removing duplicates
Writing label file ./rh.BA45_exvivo.thresh.label 1753
mri_label2label: Done


 mri_label2label --srcsubject fsaverage --srclabel /out/sourcedata/freesurfer/fsaverage/label/rh.V1_exvivo.thresh.label --trgsubject sub-v1s11x0050145_ses-1 --trglabel ./rh.V1_exvivo.thresh.label --hemi rh --regmethod surface 


srclabel = /out/sourcedata/freesurfer/fsaverage/label/rh.V1_exvivo.thresh.label
srcsubject = fsaverage
trgsubject = sub-v1s11x0050145_ses-1
trglabel = ./rh.V1_exvivo.thresh.label
regmethod = surface

srchemi = rh
trghemi = rh
trgsurface = white
srcsurfreg = sphere.reg
trgsurfreg = sphere.reg
usehash = 1
Use ProjAbs  = 0, 0
Use ProjFrac = 0, 0
DoPaint 0

SUBJECTS_DIR    /out/sourcedata/freesurfer
FREESURFER_HOME /opt/freesurfer
Loading source label.
Found 3232 points in source label.
Starting surface-based mapping
Reading source registration 
 /out/sourcedata/freesurfer/fsaverage/surf/rh.sphere.reg
Rescaling ...  original radius = 100
Reading target surface 
 /out/sourcedata/freesurfer/sub-v1s11x0050145_ses-1/surf/rh.white
Reading target registration 
 /out/sourcedata/freesurfer/sub-v1s11x0050145_ses-1/surf/rh.sphere.reg
Rescaling ...  original radius = 100
Building target registration hash (res=16).
Building source registration hash (res=16).
INFO: found  3232 nlabel points
Performing mapping from target back to the source label 150506
Number of reverse mapping hits = 1887
Checking for and removing duplicates
Writing label file ./rh.V1_exvivo.thresh.label 5119
mri_label2label: Done


 mri_label2label --srcsubject fsaverage --srclabel /out/sourcedata/freesurfer/fsaverage/label/rh.V2_exvivo.thresh.label --trgsubject sub-v1s11x0050145_ses-1 --trglabel ./rh.V2_exvivo.thresh.label --hemi rh --regmethod surface 


srclabel = /out/sourcedata/freesurfer/fsaverage/label/rh.V2_exvivo.thresh.label
srcsubject = fsaverage
trgsubject = sub-v1s11x0050145_ses-1
trglabel = ./rh.V2_exvivo.thresh.label
regmethod = surface

srchemi = rh
trghemi = rh
trgsurface = white
srcsurfreg = sphere.reg
trgsurfreg = sphere.reg
usehash = 1
Use ProjAbs  = 0, 0
Use ProjFrac = 0, 0
DoPaint 0

SUBJECTS_DIR    /out/sourcedata/freesurfer
FREESURFER_HOME /opt/freesurfer
Loading source label.
Found 3437 points in source label.
Starting surface-based mapping
Reading source registration 
 /out/sourcedata/freesurfer/fsaverage/surf/rh.sphere.reg
Rescaling ...  original radius = 100
Reading target surface 
 /out/sourcedata/freesurfer/sub-v1s11x0050145_ses-1/surf/rh.white
Reading target registration 
 /out/sourcedata/freesurfer/sub-v1s11x0050145_ses-1/surf/rh.sphere.reg
Rescaling ...  original radius = 100
Building target registration hash (res=16).
Building source registration hash (res=16).
INFO: found  3437 nlabel points
Performing mapping from target back to the source label 150506
Number of reverse mapping hits = 1673
Checking for and removing duplicates
Writing label file ./rh.V2_exvivo.thresh.label 5110
mri_label2label: Done


 mri_label2label --srcsubject fsaverage --srclabel /out/sourcedata/freesurfer/fsaverage/label/rh.MT_exvivo.thresh.label --trgsubject sub-v1s11x0050145_ses-1 --trglabel ./rh.MT_exvivo.thresh.label --hemi rh --regmethod surface 


srclabel = /out/sourcedata/freesurfer/fsaverage/label/rh.MT_exvivo.thresh.label
srcsubject = fsaverage
trgsubject = sub-v1s11x0050145_ses-1
trglabel = ./rh.MT_exvivo.thresh.label
regmethod = surface

srchemi = rh
trghemi = rh
trgsurface = white
srcsurfreg = sphere.reg
trgsurfreg = sphere.reg
usehash = 1
Use ProjAbs  = 0, 0
Use ProjFrac = 0, 0
DoPaint 0

SUBJECTS_DIR    /out/sourcedata/freesurfer
FREESURFER_HOME /opt/freesurfer
Loading source label.
Found 268 points in source label.
Starting surface-based mapping
Reading source registration 
 /out/sourcedata/freesurfer/fsaverage/surf/rh.sphere.reg
Rescaling ...  original radius = 100
Reading target surface 
 /out/sourcedata/freesurfer/sub-v1s11x0050145_ses-1/surf/rh.white
Reading target registration 
 /out/sourcedata/freesurfer/sub-v1s11x0050145_ses-1/surf/rh.sphere.reg
Rescaling ...  original radius = 100
Building target registration hash (res=16).
Building source registration hash (res=16).
INFO: found  268 nlabel points
Performing mapping from target back to the source label 150506
Number of reverse mapping hits = 157
Checking for and removing duplicates
Writing label file ./rh.MT_exvivo.thresh.label 425
mri_label2label: Done


 mri_label2label --srcsubject fsaverage --srclabel /out/sourcedata/freesurfer/fsaverage/label/rh.entorhinal_exvivo.thresh.label --trgsubject sub-v1s11x0050145_ses-1 --trglabel ./rh.entorhinal_exvivo.thresh.label --hemi rh --regmethod surface 


srclabel = /out/sourcedata/freesurfer/fsaverage/label/rh.entorhinal_exvivo.thresh.label
srcsubject = fsaverage
trgsubject = sub-v1s11x0050145_ses-1
trglabel = ./rh.entorhinal_exvivo.thresh.label
regmethod = surface

srchemi = rh
trghemi = rh
trgsurface = white
srcsurfreg = sphere.reg
trgsurfreg = sphere.reg
usehash = 1
Use ProjAbs  = 0, 0
Use ProjFrac = 0, 0
DoPaint 0

SUBJECTS_DIR    /out/sourcedata/freesurfer
FREESURFER_HOME /opt/freesurfer
Loading source label.
Found 694 points in source label.
Starting surface-based mapping
Reading source registration 
 /out/sourcedata/freesurfer/fsaverage/surf/rh.sphere.reg
Rescaling ...  original radius = 100
Reading target surface 
 /out/sourcedata/freesurfer/sub-v1s11x0050145_ses-1/surf/rh.white
Reading target registration 
 /out/sourcedata/freesurfer/sub-v1s11x0050145_ses-1/surf/rh.sphere.reg
Rescaling ...  original radius = 100
Building target registration hash (res=16).
Building source registration hash (res=16).
INFO: found  694 nlabel points
Performing mapping from target back to the source label 150506
Number of reverse mapping hits = 53
Checking for and removing duplicates
Writing label file ./rh.entorhinal_exvivo.thresh.label 747
mri_label2label: Done


 mri_label2label --srcsubject fsaverage --srclabel /out/sourcedata/freesurfer/fsaverage/label/rh.perirhinal_exvivo.thresh.label --trgsubject sub-v1s11x0050145_ses-1 --trglabel ./rh.perirhinal_exvivo.thresh.label --hemi rh --regmethod surface 


srclabel = /out/sourcedata/freesurfer/fsaverage/label/rh.perirhinal_exvivo.thresh.label
srcsubject = fsaverage
trgsubject = sub-v1s11x0050145_ses-1
trglabel = ./rh.perirhinal_exvivo.thresh.label
regmethod = surface

srchemi = rh
trghemi = rh
trgsurface = white
srcsurfreg = sphere.reg
trgsurfreg = sphere.reg
usehash = 1
Use ProjAbs  = 0, 0
Use ProjFrac = 0, 0
DoPaint 0

SUBJECTS_DIR    /out/sourcedata/freesurfer
FREESURFER_HOME /opt/freesurfer
Loading source label.
Found 291 points in source label.
Starting surface-based mapping
Reading source registration 
 /out/sourcedata/freesurfer/fsaverage/surf/rh.sphere.reg
Rescaling ...  original radius = 100
Reading target surface 
 /out/sourcedata/freesurfer/sub-v1s11x0050145_ses-1/surf/rh.white
Reading target registration 
 /out/sourcedata/freesurfer/sub-v1s11x0050145_ses-1/surf/rh.sphere.reg
Rescaling ...  original radius = 100
Building target registration hash (res=16).
Building source registration hash (res=16).
INFO: found  291 nlabel points
Performing mapping from target back to the source label 150506
Number of reverse mapping hits = 37
Checking for and removing duplicates
Writing label file ./rh.perirhinal_exvivo.thresh.label 328
mri_label2label: Done


 mris_label2annot --s sub-v1s11x0050145_ses-1 --hemi rh --ctab /opt/freesurfer/average/colortable_BA.txt --l rh.BA1_exvivo.label --l rh.BA2_exvivo.label --l rh.BA3a_exvivo.label --l rh.BA3b_exvivo.label --l rh.BA4a_exvivo.label --l rh.BA4p_exvivo.label --l rh.BA6_exvivo.label --l rh.BA44_exvivo.label --l rh.BA45_exvivo.label --l rh.V1_exvivo.label --l rh.V2_exvivo.label --l rh.MT_exvivo.label --l rh.perirhinal_exvivo.label --l rh.entorhinal_exvivo.label --a BA_exvivo --maxstatwinner --noverbose 

Reading ctab /opt/freesurfer/average/colortable_BA.txt
Number of ctab entries 15

7.3.2
cwd /out/sourcedata/freesurfer/sub-v1s11x0050145_ses-1/label
cmdline mris_label2annot --s sub-v1s11x0050145_ses-1 --hemi rh --ctab /opt/freesurfer/average/colortable_BA.txt --l rh.BA1_exvivo.label --l rh.BA2_exvivo.label --l rh.BA3a_exvivo.label --l rh.BA3b_exvivo.label --l rh.BA4a_exvivo.label --l rh.BA4p_exvivo.label --l rh.BA6_exvivo.label --l rh.BA44_exvivo.label --l rh.BA45_exvivo.label --l rh.V1_exvivo.label --l rh.V2_exvivo.label --l rh.MT_exvivo.label --l rh.perirhinal_exvivo.label --l rh.entorhinal_exvivo.label --a BA_exvivo --maxstatwinner --noverbose 
sysname  Linux
hostname dna050
machine  x86_64
user     oesteban

subject sub-v1s11x0050145_ses-1
hemi    rh
SUBJECTS_DIR /out/sourcedata/freesurfer
ColorTable /opt/freesurfer/average/colortable_BA.txt
AnnotName  BA_exvivo
nlables 14
LabelThresh 0 0.000000
Loading /out/sourcedata/freesurfer/sub-v1s11x0050145_ses-1/surf/rh.orig
 1 1530880 BA1_exvivo
 2 16749699 BA2_exvivo
 3 16711680 BA3a_exvivo
 4 3368703 BA3b_exvivo
 5 1376196 BA4a_exvivo
 6 13382655 BA4p_exvivo
 7 10036737 BA6_exvivo
 8 2490521 BA44_exvivo
 9 39283 BA45_exvivo
10 3993 V1_exvivo
11 8508928 V2_exvivo
12 10027163 MT_exvivo
13 16422433 perirhinal_exvivo
14 16392598 entorhinal_exvivo
Mapping unhit to unknown
Found 103063 unhit vertices
Writing annot to /out/sourcedata/freesurfer/sub-v1s11x0050145_ses-1/label/rh.BA_exvivo.annot

 mris_label2annot --s sub-v1s11x0050145_ses-1 --hemi rh --ctab /opt/freesurfer/average/colortable_BA.txt --l rh.BA1_exvivo.thresh.label --l rh.BA2_exvivo.thresh.label --l rh.BA3a_exvivo.thresh.label --l rh.BA3b_exvivo.thresh.label --l rh.BA4a_exvivo.thresh.label --l rh.BA4p_exvivo.thresh.label --l rh.BA6_exvivo.thresh.label --l rh.BA44_exvivo.thresh.label --l rh.BA45_exvivo.thresh.label --l rh.V1_exvivo.thresh.label --l rh.V2_exvivo.thresh.label --l rh.MT_exvivo.thresh.label --l rh.perirhinal_exvivo.thresh.label --l rh.entorhinal_exvivo.thresh.label --a BA_exvivo.thresh --maxstatwinner --noverbose 

Reading ctab /opt/freesurfer/average/colortable_BA.txt
Number of ctab entries 15

7.3.2
cwd /out/sourcedata/freesurfer/sub-v1s11x0050145_ses-1/label
cmdline mris_label2annot --s sub-v1s11x0050145_ses-1 --hemi rh --ctab /opt/freesurfer/average/colortable_BA.txt --l rh.BA1_exvivo.thresh.label --l rh.BA2_exvivo.thresh.label --l rh.BA3a_exvivo.thresh.label --l rh.BA3b_exvivo.thresh.label --l rh.BA4a_exvivo.thresh.label --l rh.BA4p_exvivo.thresh.label --l rh.BA6_exvivo.thresh.label --l rh.BA44_exvivo.thresh.label --l rh.BA45_exvivo.thresh.label --l rh.V1_exvivo.thresh.label --l rh.V2_exvivo.thresh.label --l rh.MT_exvivo.thresh.label --l rh.perirhinal_exvivo.thresh.label --l rh.entorhinal_exvivo.thresh.label --a BA_exvivo.thresh --maxstatwinner --noverbose 
sysname  Linux
hostname dna050
machine  x86_64
user     oesteban

subject sub-v1s11x0050145_ses-1
hemi    rh
SUBJECTS_DIR /out/sourcedata/freesurfer
ColorTable /opt/freesurfer/average/colortable_BA.txt
AnnotName  BA_exvivo.thresh
nlables 14
LabelThresh 0 0.000000
Loading /out/sourcedata/freesurfer/sub-v1s11x0050145_ses-1/surf/rh.orig
 1 1530880 BA1_exvivo
 2 16749699 BA2_exvivo
 3 16711680 BA3a_exvivo
 4 3368703 BA3b_exvivo
 5 1376196 BA4a_exvivo
 6 13382655 BA4p_exvivo
 7 10036737 BA6_exvivo
 8 2490521 BA44_exvivo
 9 39283 BA45_exvivo
10 3993 V1_exvivo
11 8508928 V2_exvivo
12 10027163 MT_exvivo
13 16422433 perirhinal_exvivo
14 16392598 entorhinal_exvivo
Mapping unhit to unknown
Found 123838 unhit vertices
Writing annot to /out/sourcedata/freesurfer/sub-v1s11x0050145_ses-1/label/rh.BA_exvivo.thresh.annot

 mris_anatomical_stats -th3 -mgz -noglobal -f ../stats/rh.BA_exvivo.stats -b -a ./rh.BA_exvivo.annot -c ./BA_exvivo.ctab sub-v1s11x0050145_ses-1 rh white 

computing statistics for each annotation in ./rh.BA_exvivo.annot.
reading volume /out/sourcedata/freesurfer/sub-v1s11x0050145_ses-1/mri/wm.mgz...
reading input surface /out/sourcedata/freesurfer/sub-v1s11x0050145_ses-1/surf/rh.white...
reading input pial surface /out/sourcedata/freesurfer/sub-v1s11x0050145_ses-1/surf/rh.pial...
reading input white surface /out/sourcedata/freesurfer/sub-v1s11x0050145_ses-1/surf/rh.white...
INFO: using TH3 volume calc
INFO: assuming MGZ format for volumes.
INFO: not computing global stats
Using TH3 vertex volume calc
Total face volume 299398
Total vertex volume 299185 (mask=0)
Saving annotation colortable ./BA_exvivo.ctab

table columns are:
    number of vertices
    total surface area (mm^2)
    total gray matter volume (mm^3)
    average cortical thickness +- standard deviation (mm)
    integrated rectified mean curvature
    integrated rectified Gaussian curvature
    folding index
    intrinsic curvature index
    structure name

 1001    643   1905  2.288 0.454     0.132     0.026       13     1.0  BA1_exvivo
 3242   2189   5045  2.226 0.526     0.108     0.017       33     2.4  BA2_exvivo
  963    633    909  1.932 0.420     0.126     0.025        8     0.9  BA3a_exvivo
 1999   1269   2516  1.762 0.579     0.093     0.016       14     1.4  BA3b_exvivo
 1719   1048   3138  2.599 0.395     0.096     0.017       11     1.3  BA4a_exvivo
 1135    751   1522  2.191 0.385     0.092     0.018        6     0.7  BA4p_exvivo
 8207   5711  18536  2.806 0.541     0.113     0.022       81     7.2  BA6_exvivo
 5083   3480  10384  2.743 0.477     0.108     0.020       51     4.1  BA44_exvivo
 5662   4169  13665  2.635 0.681     0.127     0.027       90     6.3  BA45_exvivo
 5257   3500   6003  1.717 0.582     0.129     0.028       57     6.3  V1_exvivo
 9256   6559  15021  2.183 0.626     0.142     0.032      127    13.1  V2_exvivo
 2933   2120   6651  2.799 0.548     0.128     0.025       39     2.9  MT_exvivo
  383    279    945  2.874 0.685     0.111     0.033        3     0.6  perirhinal_exvivo
  603    400   1980  3.193 1.279     0.129     0.042        8     1.1  entorhinal_exvivo

 mris_anatomical_stats -th3 -mgz -f ../stats/rh.BA_exvivo.thresh.stats -noglobal -b -a ./rh.BA_exvivo.thresh.annot -c ./BA_exvivo.thresh.ctab sub-v1s11x0050145_ses-1 rh white 

computing statistics for each annotation in ./rh.BA_exvivo.thresh.annot.
reading volume /out/sourcedata/freesurfer/sub-v1s11x0050145_ses-1/mri/wm.mgz...
reading input surface /out/sourcedata/freesurfer/sub-v1s11x0050145_ses-1/surf/rh.white...
reading input pial surface /out/sourcedata/freesurfer/sub-v1s11x0050145_ses-1/surf/rh.pial...
reading input white surface /out/sourcedata/freesurfer/sub-v1s11x0050145_ses-1/surf/rh.white...
INFO: using TH3 volume calc
INFO: assuming MGZ format for volumes.
INFO: not computing global stats
Using TH3 vertex volume calc
Total face volume 299398
Total vertex volume 299185 (mask=0)
Saving annotation colortable ./BA_exvivo.thresh.ctab

table columns are:
    number of vertices
    total surface area (mm^2)
    total gray matter volume (mm^3)
    average cortical thickness +- standard deviation (mm)
    integrated rectified mean curvature
    integrated rectified Gaussian curvature
    folding index
    intrinsic curvature index
    structure name

  733    453   1309  2.199 0.450     0.133     0.023       10     0.7  BA1_exvivo
 1755   1190   2871  2.182 0.546     0.097     0.013       14     1.0  BA2_exvivo
  832    556    727  1.912 0.392     0.140     0.028        8     0.9  BA3a_exvivo
 1507    980   1547  1.551 0.370     0.081     0.012        8     0.8  BA3b_exvivo
 1055    622   2002  2.728 0.365     0.107     0.022        8     1.0  BA4a_exvivo
  934    624   1227  2.151 0.361     0.092     0.018        4     0.7  BA4p_exvivo
 5469   3786  11799  2.701 0.528     0.115     0.022       57     5.0  BA6_exvivo
 1593   1125   3663  2.794 0.504     0.117     0.024       17     1.5  BA44_exvivo
 1719   1319   4685  2.815 0.462     0.138     0.028       33     1.9  BA45_exvivo
 5058   3376   5697  1.714 0.594     0.129     0.029       55     6.3  V1_exvivo
 4984   3589   7439  1.983 0.579     0.154     0.035       79     8.0  V2_exvivo
  420    289    835  2.833 0.386     0.116     0.023        4     0.4  MT_exvivo
   35     22     70  3.228 0.584     0.148     0.096        1     0.2  perirhinal_exvivo
  574    369   1942  3.407 0.950     0.102     0.024        5     0.7  entorhinal_exvivo

Started at Thu Mar 12 12:50:05 CET 2026 
Ended   at Thu Mar 12 12:53:50 CET 2026
#@#%# recon-all-run-time-hours 0.062
recon-all -s sub-v1s11x0050145_ses-1 finished without error at Thu Mar 12 12:53:50 CET 2026
