
Sun Mar  8 14:20:13 CET 2026
cd /out/sourcedata/freesurfer/sub-v1s11x0050169_ses-1
setenv SUBJECTS_DIR /out/sourcedata/freesurfer
/opt/freesurfer/bin/recon-all -autorecon-hemi rh -noparcstats -noparcstats2 -noparcstats3 -nohyporelabel -nobalabels -rh-only -openmp 16 -subjid sub-v1s11x0050169_ses-1 -sd /out/sourcedata/freesurfer

subjid sub-v1s11x0050169_ses-1
setenv SUBJECTS_DIR /out/sourcedata/freesurfer
FREESURFER_HOME /opt/freesurfer
Actual FREESURFER_HOME /opt/freesurfer
build-stamp.txt: freesurfer-linux-ubuntu22_x86_64-7.3.2-20220804-6354275
Linux dna071 5.14.0-427.37.1.el9_4.x86_64 #1 SMP PREEMPT_DYNAMIC Fri Sep 13 12:41:50 EDT 2024 x86_64 x86_64 x86_64 GNU/Linux
cputime      unlimited
filesize     unlimited
datasize     unlimited
stacksize    8192 kbytes
coredumpsize 0 kbytes
memoryuse    67108864 kbytes
vmemoryuse   unlimited
descriptors  1024 
memorylocked unlimited
maxproc      2061970 
maxlocks     unlimited
maxsignal    2062029 
maxmessage   819200 
maxnice      0 
maxrtprio    0 
maxrttime    unlimited

               total        used        free      shared  buff/cache   available
Mem:           503Gi        49Gi       425Gi       9.3Gi        28Gi       441Gi
Swap:             0B          0B          0B

########################################
program versions used
7.3.2 (freesurfer-linux-ubuntu22_x86_64-7.3.2-20220804-6354275)
7.3.2

ProgramName: lta_convert  ProgramArguments: lta_convert -all-info  ProgramVersion: 7.3.2  TimeStamp: 2026/03/08-13:20:13-GMT  BuildTime: Aug  4 2022 06:17:15  BuildStamp: freesurfer-linux-ubuntu22_x86_64-7.3.2-20220804-6354275  User: oesteban  Machine: dna071  Platform: Linux  PlatformVersion: 5.14.0-427.37.1.el9_4.x86_64  CompilerName: GCC  CompilerVersion: 8.4.0
ProgramName: mri_and  ProgramArguments: mri_and -all-info  ProgramVersion: 7.3.2  TimeStamp: 2026/03/08-13:20:13-GMT  BuildTime: Aug  4 2022 06:17:15  BuildStamp: freesurfer-linux-ubuntu22_x86_64-7.3.2-20220804-6354275  User: oesteban  Machine: dna071  Platform: Linux  PlatformVersion: 5.14.0-427.37.1.el9_4.x86_64  CompilerName: GCC  CompilerVersion: 8.4.0
ProgramName: mri_annotation2label  ProgramArguments: mri_annotation2label -all-info  ProgramVersion: 7.3.2  TimeStamp: 2026/03/08-13:20:13-GMT  BuildTime: Aug  4 2022 06:17:15  BuildStamp: freesurfer-linux-ubuntu22_x86_64-7.3.2-20220804-6354275  User: oesteban  Machine: dna071  Platform: Linux  PlatformVersion: 5.14.0-427.37.1.el9_4.x86_64  CompilerName: GCC  CompilerVersion: 8.4.0
ProgramName: mri_aparc2aseg  ProgramArguments: mri_aparc2aseg -all-info  ProgramVersion: 7.3.2  TimeStamp: 2026/03/08-13:20:13-GMT  BuildTime: Aug  4 2022 06:17:15  BuildStamp: freesurfer-linux-ubuntu22_x86_64-7.3.2-20220804-6354275  User: oesteban  Machine: dna071  Platform: Linux  PlatformVersion: 5.14.0-427.37.1.el9_4.x86_64  CompilerName: GCC  CompilerVersion: 8.4.0
ProgramName: mri_surf2volseg  ProgramArguments: mri_surf2volseg -all-info  ProgramVersion: 7.3.2  TimeStamp: 2026/03/08-13:20:13-GMT  BuildTime: Aug  4 2022 06:17:15  BuildStamp: freesurfer-linux-ubuntu22_x86_64-7.3.2-20220804-6354275  User: oesteban  Machine: dna071  Platform: Linux  PlatformVersion: 5.14.0-427.37.1.el9_4.x86_64  CompilerName: GCC  CompilerVersion: 8.4.0
ProgramName: mri_binarize  ProgramArguments: mri_binarize -all-info  ProgramVersion: 7.3.2  TimeStamp: 2026/03/08-13:20:13-GMT  BuildTime: Aug  4 2022 06:17:15  BuildStamp: freesurfer-linux-ubuntu22_x86_64-7.3.2-20220804-6354275  User: oesteban  Machine: dna071  Platform: Linux  PlatformVersion: 5.14.0-427.37.1.el9_4.x86_64  CompilerName: GCC  CompilerVersion: 8.4.0
ProgramName: mri_ca_label  ProgramArguments: mri_ca_label -all-info  ProgramVersion: 7.3.2  TimeStamp: 2026/03/08-13:20:13-GMT  BuildTime: Aug  4 2022 06:17:15  BuildStamp: freesurfer-linux-ubuntu22_x86_64-7.3.2-20220804-6354275  User: oesteban  Machine: dna071  Platform: Linux  PlatformVersion: 5.14.0-427.37.1.el9_4.x86_64  CompilerName: GCC  CompilerVersion: 8.4.0
ProgramName: mri_ca_normalize  ProgramArguments: mri_ca_normalize -all-info  ProgramVersion: 7.3.2  TimeStamp: 2026/03/08-13:20:13-GMT  BuildTime: Aug  4 2022 06:17:15  BuildStamp: freesurfer-linux-ubuntu22_x86_64-7.3.2-20220804-6354275  User: oesteban  Machine: dna071  Platform: Linux  PlatformVersion: 5.14.0-427.37.1.el9_4.x86_64  CompilerName: GCC  CompilerVersion: 8.4.0
ProgramName: mri_ca_register  ProgramArguments: mri_ca_register -all-info  ProgramVersion: 7.3.2  TimeStamp: 2026/03/08-13:20:13-GMT  BuildTime: Aug  4 2022 06:17:15  BuildStamp: freesurfer-linux-ubuntu22_x86_64-7.3.2-20220804-6354275  User: oesteban  Machine: dna071  Platform: Linux  PlatformVersion: 5.14.0-427.37.1.el9_4.x86_64  CompilerName: GCC  CompilerVersion: 8.4.0
ProgramName: mri_cc  ProgramArguments: mri_cc -all-info  ProgramVersion: 7.3.2  TimeStamp: 2026/03/08-13:20:13-GMT  BuildTime: Aug  4 2022 06:17:15  BuildStamp: freesurfer-linux-ubuntu22_x86_64-7.3.2-20220804-6354275  User: oesteban  Machine: dna071  Platform: Linux  PlatformVersion: 5.14.0-427.37.1.el9_4.x86_64  CompilerName: GCC  CompilerVersion: 8.4.0
ProgramName: mri_compute_overlap  ProgramArguments: mri_compute_overlap -all-info  ProgramVersion: 7.3.2  TimeStamp: 2026/03/08-13:20:13-GMT  BuildTime: Aug  4 2022 06:17:15  BuildStamp: freesurfer-linux-ubuntu22_x86_64-7.3.2-20220804-6354275  User: oesteban  Machine: dna071  Platform: Linux  PlatformVersion: 5.14.0-427.37.1.el9_4.x86_64  CompilerName: GCC  CompilerVersion: 8.4.0
ProgramName: mri_compute_seg_overlap  ProgramArguments: mri_compute_seg_overlap -all-info  ProgramVersion: 7.3.2  TimeStamp: 2026/03/08-13:20:13-GMT  BuildTime: Aug  4 2022 06:17:15  BuildStamp: freesurfer-linux-ubuntu22_x86_64-7.3.2-20220804-6354275  User: oesteban  Machine: dna071  Platform: Linux  PlatformVersion: 5.14.0-427.37.1.el9_4.x86_64  CompilerName: GCC  CompilerVersion: 8.4.0
ProgramName: mri_concat  ProgramArguments: mri_concat -all-info  ProgramVersion: 7.3.2  TimeStamp: 2026/03/08-13:20:13-GMT  BuildTime: Aug  4 2022 06:17:15  BuildStamp: freesurfer-linux-ubuntu22_x86_64-7.3.2-20220804-6354275  User: oesteban  Machine: dna071  Platform: Linux  PlatformVersion: 5.14.0-427.37.1.el9_4.x86_64  CompilerName: GCC  CompilerVersion: 8.4.0
ProgramName: mri_concatenate_lta  ProgramArguments: mri_concatenate_lta -all-info  ProgramVersion: 7.3.2  TimeStamp: 2026/03/08-13:20:13-GMT  BuildTime: Aug  4 2022 06:17:15  BuildStamp: freesurfer-linux-ubuntu22_x86_64-7.3.2-20220804-6354275  User: oesteban  Machine: dna071  Platform: Linux  PlatformVersion: 5.14.0-427.37.1.el9_4.x86_64  CompilerName: GCC  CompilerVersion: 8.4.0
mri_convert -all-info 
ProgramName: mri_convert  ProgramArguments: mri_convert -all-info  ProgramVersion: 7.3.2  TimeStamp: 2026/03/08-13:20:13-GMT  BuildTime: Aug  4 2022 06:17:15  BuildStamp: freesurfer-linux-ubuntu22_x86_64-7.3.2-20220804-6354275  User: oesteban  Machine: dna071  Platform: Linux  PlatformVersion: 5.14.0-427.37.1.el9_4.x86_64  CompilerName: GCC  CompilerVersion: 8.4.0
ProgramName: mri_diff  ProgramArguments: mri_diff -all-info  ProgramVersion: 7.3.2  TimeStamp: 2026/03/08-13:20:13-GMT  BuildTime: Aug  4 2022 06:17:15  BuildStamp: freesurfer-linux-ubuntu22_x86_64-7.3.2-20220804-6354275  User: oesteban  Machine: dna071  Platform: Linux  PlatformVersion: 5.14.0-427.37.1.el9_4.x86_64  CompilerName: GCC  CompilerVersion: 8.4.0
ProgramName: mri_edit_wm_with_aseg  ProgramArguments: mri_edit_wm_with_aseg -all-info  ProgramVersion: 7.3.2  TimeStamp: 2026/03/08-13:20:13-GMT  BuildTime: Aug  4 2022 06:17:15  BuildStamp: freesurfer-linux-ubuntu22_x86_64-7.3.2-20220804-6354275  User: oesteban  Machine: dna071  Platform: Linux  PlatformVersion: 5.14.0-427.37.1.el9_4.x86_64  CompilerName: GCC  CompilerVersion: 8.4.0
ProgramName: mri_em_register  ProgramArguments: mri_em_register -all-info  ProgramVersion: 7.3.2  TimeStamp: 2026/03/08-13:20:13-GMT  BuildTime: Aug  4 2022 06:17:15  BuildStamp: freesurfer-linux-ubuntu22_x86_64-7.3.2-20220804-6354275  User: oesteban  Machine: dna071  Platform: Linux  PlatformVersion: 5.14.0-427.37.1.el9_4.x86_64  CompilerName: GCC  CompilerVersion: 8.4.0
ProgramName: mri_fill  ProgramArguments: mri_fill -all-info  ProgramVersion: 7.3.2  TimeStamp: 2026/03/08-13:20:13-GMT  BuildTime: Aug  4 2022 06:17:15  BuildStamp: freesurfer-linux-ubuntu22_x86_64-7.3.2-20220804-6354275  User: oesteban  Machine: dna071  Platform: Linux  PlatformVersion: 5.14.0-427.37.1.el9_4.x86_64  CompilerName: GCC  CompilerVersion: 8.4.0
ProgramName: mri_fuse_segmentations  ProgramArguments: mri_fuse_segmentations -all-info  ProgramVersion: 7.3.2  TimeStamp: 2026/03/08-13:20:13-GMT  BuildTime: Aug  4 2022 06:17:15  BuildStamp: freesurfer-linux-ubuntu22_x86_64-7.3.2-20220804-6354275  User: oesteban  Machine: dna071  Platform: Linux  PlatformVersion: 5.14.0-427.37.1.el9_4.x86_64  CompilerName: GCC  CompilerVersion: 8.4.0
ProgramName: mri_fwhm  ProgramArguments: mri_fwhm -all-info  ProgramVersion: 7.3.2  TimeStamp: 2026/03/08-13:20:13-GMT  BuildTime: Aug  4 2022 06:17:15  BuildStamp: freesurfer-linux-ubuntu22_x86_64-7.3.2-20220804-6354275  User: oesteban  Machine: dna071  Platform: Linux  PlatformVersion: 5.14.0-427.37.1.el9_4.x86_64  CompilerName: GCC  CompilerVersion: 8.4.0
ProgramName: mri_gcut  ProgramArguments: mri_gcut -all-info  ProgramVersion: 7.3.2  TimeStamp: 2026/03/08-13:20:13-GMT  BuildTime: Aug  4 2022 06:17:15  BuildStamp: freesurfer-linux-ubuntu22_x86_64-7.3.2-20220804-6354275  User: oesteban  Machine: dna071  Platform: Linux  PlatformVersion: 5.14.0-427.37.1.el9_4.x86_64  CompilerName: GCC  CompilerVersion: 8.4.0
ProgramName: mri_info  ProgramArguments: mri_info -all-info  ProgramVersion: 7.3.2  TimeStamp: 2026/03/08-13:20:13-GMT  BuildTime: Aug  4 2022 06:17:15  BuildStamp: freesurfer-linux-ubuntu22_x86_64-7.3.2-20220804-6354275  User: oesteban  Machine: dna071  Platform: Linux  PlatformVersion: 5.14.0-427.37.1.el9_4.x86_64  CompilerName: GCC  CompilerVersion: 8.4.0
ProgramName: mri_label2label  ProgramArguments: mri_label2label -all-info  ProgramVersion: 7.3.2  TimeStamp: 2026/03/08-13:20:13-GMT  BuildTime: Aug  4 2022 06:17:15  BuildStamp: freesurfer-linux-ubuntu22_x86_64-7.3.2-20220804-6354275  User: oesteban  Machine: dna071  Platform: Linux  PlatformVersion: 5.14.0-427.37.1.el9_4.x86_64  CompilerName: GCC  CompilerVersion: 8.4.0
ProgramName: mri_label2vol  ProgramArguments: mri_label2vol -all-info  ProgramVersion: 7.3.2  TimeStamp: 2026/03/08-13:20:13-GMT  BuildTime: Aug  4 2022 06:17:15  BuildStamp: freesurfer-linux-ubuntu22_x86_64-7.3.2-20220804-6354275  User: oesteban  Machine: dna071  Platform: Linux  PlatformVersion: 5.14.0-427.37.1.el9_4.x86_64  CompilerName: GCC  CompilerVersion: 8.4.0
ProgramName: mri_log_likelihood  ProgramArguments: mri_log_likelihood -all-info  ProgramVersion: 7.3.2  TimeStamp: 2026/03/08-13:20:13-GMT  BuildTime: Aug  4 2022 06:17:15  BuildStamp: freesurfer-linux-ubuntu22_x86_64-7.3.2-20220804-6354275  User: oesteban  Machine: dna071  Platform: Linux  PlatformVersion: 5.14.0-427.37.1.el9_4.x86_64  CompilerName: GCC  CompilerVersion: 8.4.0
ProgramName: mri_mask  ProgramArguments: mri_mask -all-info  ProgramVersion: 7.3.2  TimeStamp: 2026/03/08-13:20:13-GMT  BuildTime: Aug  4 2022 06:17:15  BuildStamp: freesurfer-linux-ubuntu22_x86_64-7.3.2-20220804-6354275  User: oesteban  Machine: dna071  Platform: Linux  PlatformVersion: 5.14.0-427.37.1.el9_4.x86_64  CompilerName: GCC  CompilerVersion: 8.4.0
ProgramName: mri_matrix_multiply  ProgramArguments: mri_matrix_multiply -all-info  ProgramVersion: 7.3.2  TimeStamp: 2026/03/08-13:20:13-GMT  BuildTime: Aug  4 2022 06:17:15  BuildStamp: freesurfer-linux-ubuntu22_x86_64-7.3.2-20220804-6354275  User: oesteban  Machine: dna071  Platform: Linux  PlatformVersion: 5.14.0-427.37.1.el9_4.x86_64  CompilerName: GCC  CompilerVersion: 8.4.0
ProgramName: mri_normalize  ProgramArguments: mri_normalize -all-info  ProgramVersion: 7.3.2  TimeStamp: 2026/03/08-13:20:13-GMT  BuildTime: Aug  4 2022 06:17:15  BuildStamp: freesurfer-linux-ubuntu22_x86_64-7.3.2-20220804-6354275  User: oesteban  Machine: dna071  Platform: Linux  PlatformVersion: 5.14.0-427.37.1.el9_4.x86_64  CompilerName: GCC  CompilerVersion: 8.4.0
ProgramName: mri_normalize_tp2  ProgramArguments: mri_normalize_tp2 -all-info  ProgramVersion: 7.3.2  TimeStamp: 2026/03/08-13:20:13-GMT  BuildTime: Aug  4 2022 06:17:15  BuildStamp: freesurfer-linux-ubuntu22_x86_64-7.3.2-20220804-6354275  User: oesteban  Machine: dna071  Platform: Linux  PlatformVersion: 5.14.0-427.37.1.el9_4.x86_64  CompilerName: GCC  CompilerVersion: 8.4.0
ProgramName: mri_or  ProgramArguments: mri_or -all-info  ProgramVersion: 7.3.2  TimeStamp: 2026/03/08-13:20:13-GMT  BuildTime: Aug  4 2022 06:17:15  BuildStamp: freesurfer-linux-ubuntu22_x86_64-7.3.2-20220804-6354275  User: oesteban  Machine: dna071  Platform: Linux  PlatformVersion: 5.14.0-427.37.1.el9_4.x86_64  CompilerName: GCC  CompilerVersion: 8.4.0
ProgramName: mri_relabel_hypointensities  ProgramArguments: mri_relabel_hypointensities -all-info  ProgramVersion: 7.3.2  TimeStamp: 2026/03/08-13:20:13-GMT  BuildTime: Aug  4 2022 06:17:15  BuildStamp: freesurfer-linux-ubuntu22_x86_64-7.3.2-20220804-6354275  User: oesteban  Machine: dna071  Platform: Linux  PlatformVersion: 5.14.0-427.37.1.el9_4.x86_64  CompilerName: GCC  CompilerVersion: 8.4.0
ProgramName: mri_relabel_nonwm_hypos  ProgramArguments: mri_relabel_nonwm_hypos -all-info  ProgramVersion: 7.3.2  TimeStamp: 2026/03/08-13:20:13-GMT  BuildTime: Aug  4 2022 06:17:15  BuildStamp: freesurfer-linux-ubuntu22_x86_64-7.3.2-20220804-6354275  User: oesteban  Machine: dna071  Platform: Linux  PlatformVersion: 5.14.0-427.37.1.el9_4.x86_64  CompilerName: GCC  CompilerVersion: 8.4.0
ProgramName: mri_remove_neck  ProgramArguments: mri_remove_neck -all-info  ProgramVersion: 7.3.2  TimeStamp: 2026/03/08-13:20:13-GMT  BuildTime: Aug  4 2022 06:17:15  BuildStamp: freesurfer-linux-ubuntu22_x86_64-7.3.2-20220804-6354275  User: oesteban  Machine: dna071  Platform: Linux  PlatformVersion: 5.14.0-427.37.1.el9_4.x86_64  CompilerName: GCC  CompilerVersion: 8.4.0
7.3.2

ProgramName: mri_robust_register  ProgramArguments: mri_robust_register -all-info  ProgramVersion: 7.3.2  TimeStamp: 2026/03/08-13:20:13-GMT  BuildTime: Aug  4 2022 06:17:15  BuildStamp: freesurfer-linux-ubuntu22_x86_64-7.3.2-20220804-6354275  User: oesteban  Machine: dna071  Platform: Linux  PlatformVersion: 5.14.0-427.37.1.el9_4.x86_64  CompilerName: GCC  CompilerVersion: 8.4.0
7.3.2

ProgramName: mri_robust_template  ProgramArguments: mri_robust_template -all-info  ProgramVersion: 7.3.2  TimeStamp: 2026/03/08-13:20:13-GMT  BuildTime: Aug  4 2022 06:17:15  BuildStamp: freesurfer-linux-ubuntu22_x86_64-7.3.2-20220804-6354275  User: oesteban  Machine: dna071  Platform: Linux  PlatformVersion: 5.14.0-427.37.1.el9_4.x86_64  CompilerName: GCC  CompilerVersion: 8.4.0
ProgramName: mris_anatomical_stats  ProgramArguments: mris_anatomical_stats -all-info  ProgramVersion: 7.3.2  TimeStamp: 2026/03/08-13:20:13-GMT  BuildTime: Aug  4 2022 06:17:15  BuildStamp: freesurfer-linux-ubuntu22_x86_64-7.3.2-20220804-6354275  User: oesteban  Machine: dna071  Platform: Linux  PlatformVersion: 5.14.0-427.37.1.el9_4.x86_64  CompilerName: GCC  CompilerVersion: 8.4.0
ProgramName: mris_ca_label  ProgramArguments: mris_ca_label -all-info  ProgramVersion: 7.3.2  TimeStamp: 2026/03/08-13:20:13-GMT  BuildTime: Aug  4 2022 06:17:15  BuildStamp: freesurfer-linux-ubuntu22_x86_64-7.3.2-20220804-6354275  User: oesteban  Machine: dna071  Platform: Linux  PlatformVersion: 5.14.0-427.37.1.el9_4.x86_64  CompilerName: GCC  CompilerVersion: 8.4.0
ProgramName: mris_calc  ProgramArguments: mris_calc -all-info  ProgramVersion: 7.3.2  TimeStamp: 2026/03/08-13:20:13-GMT  BuildTime: Aug  4 2022 06:17:15  BuildStamp: freesurfer-linux-ubuntu22_x86_64-7.3.2-20220804-6354275  User: oesteban  Machine: dna071  Platform: Linux  PlatformVersion: 5.14.0-427.37.1.el9_4.x86_64  CompilerName: GCC  CompilerVersion: 8.4.0
ProgramName: mris_convert  ProgramArguments: mris_convert -all-info  ProgramVersion: 7.3.2  TimeStamp: 2026/03/08-13:20:13-GMT  BuildTime: Aug  4 2022 06:17:15  BuildStamp: freesurfer-linux-ubuntu22_x86_64-7.3.2-20220804-6354275  User: oesteban  Machine: dna071  Platform: Linux  PlatformVersion: 5.14.0-427.37.1.el9_4.x86_64  CompilerName: GCC  CompilerVersion: 8.4.0
ProgramName: mris_curvature  ProgramArguments: mris_curvature -all-info  ProgramVersion: 7.3.2  TimeStamp: 2026/03/08-13:20:13-GMT  BuildTime: Aug  4 2022 06:17:15  BuildStamp: freesurfer-linux-ubuntu22_x86_64-7.3.2-20220804-6354275  User: oesteban  Machine: dna071  Platform: Linux  PlatformVersion: 5.14.0-427.37.1.el9_4.x86_64  CompilerName: GCC  CompilerVersion: 8.4.0
ProgramName: mris_curvature_stats  ProgramArguments: mris_curvature_stats -all-info  ProgramVersion: 7.3.2  TimeStamp: 2026/03/08-13:20:13-GMT  BuildTime: Aug  4 2022 06:17:15  BuildStamp: freesurfer-linux-ubuntu22_x86_64-7.3.2-20220804-6354275  User: oesteban  Machine: dna071  Platform: Linux  PlatformVersion: 5.14.0-427.37.1.el9_4.x86_64  CompilerName: GCC  CompilerVersion: 8.4.0
ProgramName: mris_diff  ProgramArguments: mris_diff -all-info  ProgramVersion: 7.3.2  TimeStamp: 2026/03/08-13:20:13-GMT  BuildTime: Aug  4 2022 06:17:15  BuildStamp: freesurfer-linux-ubuntu22_x86_64-7.3.2-20220804-6354275  User: oesteban  Machine: dna071  Platform: Linux  PlatformVersion: 5.14.0-427.37.1.el9_4.x86_64  CompilerName: GCC  CompilerVersion: 8.4.0
ProgramName: mris_divide_parcellation  ProgramArguments: mris_divide_parcellation -all-info  ProgramVersion: 7.3.2  TimeStamp: 2026/03/08-13:20:13-GMT  BuildTime: Aug  4 2022 06:17:15  BuildStamp: freesurfer-linux-ubuntu22_x86_64-7.3.2-20220804-6354275  User: oesteban  Machine: dna071  Platform: Linux  PlatformVersion: 5.14.0-427.37.1.el9_4.x86_64  CompilerName: GCC  CompilerVersion: 8.4.0
ProgramName: mri_segment  ProgramArguments: mri_segment -all-info  ProgramVersion: 7.3.2  TimeStamp: 2026/03/08-13:20:13-GMT  BuildTime: Aug  4 2022 06:17:15  BuildStamp: freesurfer-linux-ubuntu22_x86_64-7.3.2-20220804-6354275  User: oesteban  Machine: dna071  Platform: Linux  PlatformVersion: 5.14.0-427.37.1.el9_4.x86_64  CompilerName: GCC  CompilerVersion: 8.4.0
ProgramName: mri_segstats  ProgramArguments: mri_segstats -all-info  ProgramVersion: 7.3.2  TimeStamp: 2026/03/08-13:20:13-GMT  BuildTime: Aug  4 2022 06:17:15  BuildStamp: freesurfer-linux-ubuntu22_x86_64-7.3.2-20220804-6354275  User: oesteban  Machine: dna071  Platform: Linux  PlatformVersion: 5.14.0-427.37.1.el9_4.x86_64  CompilerName: GCC  CompilerVersion: 8.4.0
ProgramName: mris_euler_number  ProgramArguments: mris_euler_number -all-info  ProgramVersion: 7.3.2  TimeStamp: 2026/03/08-13:20:13-GMT  BuildTime: Aug  4 2022 06:17:15  BuildStamp: freesurfer-linux-ubuntu22_x86_64-7.3.2-20220804-6354275  User: oesteban  Machine: dna071  Platform: Linux  PlatformVersion: 5.14.0-427.37.1.el9_4.x86_64  CompilerName: GCC  CompilerVersion: 8.4.0
ProgramName: mris_fix_topology  ProgramArguments: mris_fix_topology -all-info  ProgramVersion: 7.3.2  TimeStamp: 2026/03/08-13:20:13-GMT  BuildTime: Aug  4 2022 06:17:15  BuildStamp: freesurfer-linux-ubuntu22_x86_64-7.3.2-20220804-6354275  User: oesteban  Machine: dna071  Platform: Linux  PlatformVersion: 5.14.0-427.37.1.el9_4.x86_64  CompilerName: GCC  CompilerVersion: 8.4.0
ProgramName: mris_topo_fixer  ProgramArguments: mris_topo_fixer -all-info  ProgramVersion: 7.3.2  TimeStamp: 2026/03/08-13:20:13-GMT  BuildTime: Aug  4 2022 06:17:15  BuildStamp: freesurfer-linux-ubuntu22_x86_64-7.3.2-20220804-6354275  User: oesteban  Machine: dna071  Platform: Linux  PlatformVersion: 5.14.0-427.37.1.el9_4.x86_64  CompilerName: GCC  CompilerVersion: 8.4.0
ProgramName: mris_jacobian  ProgramArguments: mris_jacobian -all-info  ProgramVersion: 7.3.2  TimeStamp: 2026/03/08-13:20:13-GMT  BuildTime: Aug  4 2022 06:17:15  BuildStamp: freesurfer-linux-ubuntu22_x86_64-7.3.2-20220804-6354275  User: oesteban  Machine: dna071  Platform: Linux  PlatformVersion: 5.14.0-427.37.1.el9_4.x86_64  CompilerName: GCC  CompilerVersion: 8.4.0
ProgramName: mris_label2annot  ProgramArguments: mris_label2annot -all-info  ProgramVersion: 7.3.2  TimeStamp: 2026/03/08-13:20:13-GMT  BuildTime: Aug  4 2022 06:17:15  BuildStamp: freesurfer-linux-ubuntu22_x86_64-7.3.2-20220804-6354275  User: oesteban  Machine: dna071  Platform: Linux  PlatformVersion: 5.14.0-427.37.1.el9_4.x86_64  CompilerName: GCC  CompilerVersion: 8.4.0
ProgramName: mris_left_right_register  ProgramArguments: mris_left_right_register -all-info  ProgramVersion: 7.3.2  TimeStamp: 2026/03/08-13:20:13-GMT  BuildTime: Aug  4 2022 06:17:15  BuildStamp: freesurfer-linux-ubuntu22_x86_64-7.3.2-20220804-6354275  User: oesteban  Machine: dna071  Platform: Linux  PlatformVersion: 5.14.0-427.37.1.el9_4.x86_64  CompilerName: GCC  CompilerVersion: 8.4.0
ProgramName: mris_place_surface  ProgramArguments: mris_place_surface -all-info  ProgramVersion: 7.3.2  TimeStamp: 2026/03/08-13:20:13-GMT  BuildTime: Aug  4 2022 06:17:15  BuildStamp: freesurfer-linux-ubuntu22_x86_64-7.3.2-20220804-6354275  User: oesteban  Machine: dna071  Platform: Linux  PlatformVersion: 5.14.0-427.37.1.el9_4.x86_64  CompilerName: GCC  CompilerVersion: 8.4.0
ProgramName: mrisp_paint  ProgramArguments: mrisp_paint -all-info  ProgramVersion: 7.3.2  TimeStamp: 2026/03/08-13:20:13-GMT  BuildTime: Aug  4 2022 06:17:15  BuildStamp: freesurfer-linux-ubuntu22_x86_64-7.3.2-20220804-6354275  User: oesteban  Machine: dna071  Platform: Linux  PlatformVersion: 5.14.0-427.37.1.el9_4.x86_64  CompilerName: GCC  CompilerVersion: 8.4.0
ProgramName: mris_register  ProgramArguments: mris_register -all-info  ProgramVersion: 7.3.2  TimeStamp: 2026/03/08-13:20:13-GMT  BuildTime: Aug  4 2022 06:17:15  BuildStamp: freesurfer-linux-ubuntu22_x86_64-7.3.2-20220804-6354275  User: oesteban  Machine: dna071  Platform: Linux  PlatformVersion: 5.14.0-427.37.1.el9_4.x86_64  CompilerName: GCC  CompilerVersion: 8.4.0
ProgramName: mris_smooth  ProgramArguments: mris_smooth -all-info  ProgramVersion: 7.3.2  TimeStamp: 2026/03/08-13:20:13-GMT  BuildTime: Aug  4 2022 06:17:15  BuildStamp: freesurfer-linux-ubuntu22_x86_64-7.3.2-20220804-6354275  User: oesteban  Machine: dna071  Platform: Linux  PlatformVersion: 5.14.0-427.37.1.el9_4.x86_64  CompilerName: GCC  CompilerVersion: 8.4.0
ProgramName: mris_sphere  ProgramArguments: mris_sphere -all-info  ProgramVersion: 7.3.2  TimeStamp: 2026/03/08-13:20:13-GMT  BuildTime: Aug  4 2022 06:17:15  BuildStamp: freesurfer-linux-ubuntu22_x86_64-7.3.2-20220804-6354275  User: oesteban  Machine: dna071  Platform: Linux  PlatformVersion: 5.14.0-427.37.1.el9_4.x86_64  CompilerName: GCC  CompilerVersion: 8.4.0
ProgramName: mris_surface_stats  ProgramArguments: mris_surface_stats -all-info  ProgramVersion: 7.3.2  TimeStamp: 2026/03/08-13:20:13-GMT  BuildTime: Aug  4 2022 06:17:15  BuildStamp: freesurfer-linux-ubuntu22_x86_64-7.3.2-20220804-6354275  User: oesteban  Machine: dna071  Platform: Linux  PlatformVersion: 5.14.0-427.37.1.el9_4.x86_64  CompilerName: GCC  CompilerVersion: 8.4.0
ProgramName: mri_stats2seg  ProgramArguments: mri_stats2seg -all-info  ProgramVersion: 7.3.2  TimeStamp: 2026/03/08-13:20:13-GMT  BuildTime: Aug  4 2022 06:17:15  BuildStamp: freesurfer-linux-ubuntu22_x86_64-7.3.2-20220804-6354275  User: oesteban  Machine: dna071  Platform: Linux  PlatformVersion: 5.14.0-427.37.1.el9_4.x86_64  CompilerName: GCC  CompilerVersion: 8.4.0
ProgramName: mris_thickness  ProgramArguments: mris_thickness -all-info  ProgramVersion: 7.3.2  TimeStamp: 2026/03/08-13:20:13-GMT  BuildTime: Aug  4 2022 06:17:15  BuildStamp: freesurfer-linux-ubuntu22_x86_64-7.3.2-20220804-6354275  User: oesteban  Machine: dna071  Platform: Linux  PlatformVersion: 5.14.0-427.37.1.el9_4.x86_64  CompilerName: GCC  CompilerVersion: 8.4.0
ProgramName: mris_thickness_diff  ProgramArguments: mris_thickness_diff -all-info  ProgramVersion: 7.3.2  TimeStamp: 2026/03/08-13:20:13-GMT  BuildTime: Aug  4 2022 06:17:15  BuildStamp: freesurfer-linux-ubuntu22_x86_64-7.3.2-20220804-6354275  User: oesteban  Machine: dna071  Platform: Linux  PlatformVersion: 5.14.0-427.37.1.el9_4.x86_64  CompilerName: GCC  CompilerVersion: 8.4.0
ProgramName: mris_topo_fixer  ProgramArguments: mris_topo_fixer -all-info  ProgramVersion: 7.3.2  TimeStamp: 2026/03/08-13:20:13-GMT  BuildTime: Aug  4 2022 06:17:15  BuildStamp: freesurfer-linux-ubuntu22_x86_64-7.3.2-20220804-6354275  User: oesteban  Machine: dna071  Platform: Linux  PlatformVersion: 5.14.0-427.37.1.el9_4.x86_64  CompilerName: GCC  CompilerVersion: 8.4.0
ProgramName: mri_surf2surf  ProgramArguments: mri_surf2surf -all-info  ProgramVersion: 7.3.2  TimeStamp: 2026/03/08-13:20:13-GMT  BuildTime: Aug  4 2022 06:17:15  BuildStamp: freesurfer-linux-ubuntu22_x86_64-7.3.2-20220804-6354275  User: oesteban  Machine: dna071  Platform: Linux  PlatformVersion: 5.14.0-427.37.1.el9_4.x86_64  CompilerName: GCC  CompilerVersion: 8.4.0
ProgramName: mri_surf2vol  ProgramArguments: mri_surf2vol -all-info  ProgramVersion: 7.3.2  TimeStamp: 2026/03/08-13:20:13-GMT  BuildTime: Aug  4 2022 06:17:15  BuildStamp: freesurfer-linux-ubuntu22_x86_64-7.3.2-20220804-6354275  User: oesteban  Machine: dna071  Platform: Linux  PlatformVersion: 5.14.0-427.37.1.el9_4.x86_64  CompilerName: GCC  CompilerVersion: 8.4.0
ProgramName: mri_surfcluster  ProgramArguments: mri_surfcluster -all-info  ProgramVersion: 7.3.2  TimeStamp: 2026/03/08-13:20:13-GMT  BuildTime: Aug  4 2022 06:17:15  BuildStamp: freesurfer-linux-ubuntu22_x86_64-7.3.2-20220804-6354275  User: oesteban  Machine: dna071  Platform: Linux  PlatformVersion: 5.14.0-427.37.1.el9_4.x86_64  CompilerName: GCC  CompilerVersion: 8.4.0
ProgramName: mris_volmask  ProgramArguments: mris_volmask -all-info  ProgramVersion: 7.3.2  TimeStamp: 2026/03/08-13:20:13-GMT  BuildTime: Aug  4 2022 06:17:15  BuildStamp: freesurfer-linux-ubuntu22_x86_64-7.3.2-20220804-6354275  User: oesteban  Machine: dna071  Platform: Linux  PlatformVersion: 5.14.0-427.37.1.el9_4.x86_64  CompilerName: GCC  CompilerVersion: 8.4.0
ProgramName: mri_tessellate  ProgramArguments: mri_tessellate -all-info  ProgramVersion: 7.3.2  TimeStamp: 2026/03/08-13:20:13-GMT  BuildTime: Aug  4 2022 06:17:15  BuildStamp: freesurfer-linux-ubuntu22_x86_64-7.3.2-20220804-6354275  User: oesteban  Machine: dna071  Platform: Linux  PlatformVersion: 5.14.0-427.37.1.el9_4.x86_64  CompilerName: GCC  CompilerVersion: 8.4.0
ProgramName: mri_vol2surf  ProgramArguments: mri_vol2surf -all-info  ProgramVersion: 7.3.2  TimeStamp: 2026/03/08-13:20:13-GMT  BuildTime: Aug  4 2022 06:17:15  BuildStamp: freesurfer-linux-ubuntu22_x86_64-7.3.2-20220804-6354275  User: oesteban  Machine: dna071  Platform: Linux  PlatformVersion: 5.14.0-427.37.1.el9_4.x86_64  CompilerName: GCC  CompilerVersion: 8.4.0
ProgramName: mri_vol2vol  ProgramArguments: mri_vol2vol -all-info  ProgramVersion: 7.3.2  TimeStamp: 2026/03/08-13:20:13-GMT  BuildTime: Aug  4 2022 06:17:15  BuildStamp: freesurfer-linux-ubuntu22_x86_64-7.3.2-20220804-6354275  User: oesteban  Machine: dna071  Platform: Linux  PlatformVersion: 5.14.0-427.37.1.el9_4.x86_64  CompilerName: GCC  CompilerVersion: 8.4.0
ProgramName: mri_voldiff  ProgramArguments: mri_voldiff -all-info  ProgramVersion: 7.3.2  TimeStamp: 2026/03/08-13:20:13-GMT  BuildTime: Aug  4 2022 06:17:15  BuildStamp: freesurfer-linux-ubuntu22_x86_64-7.3.2-20220804-6354275  User: oesteban  Machine: dna071  Platform: Linux  PlatformVersion: 5.14.0-427.37.1.el9_4.x86_64  CompilerName: GCC  CompilerVersion: 8.4.0
ProgramName: mri_watershed  ProgramArguments: mri_watershed -all-info  ProgramVersion: 7.3.2  TimeStamp: 2026/03/08-13:20:13-GMT  BuildTime: Aug  4 2022 06:17:15  BuildStamp: freesurfer-linux-ubuntu22_x86_64-7.3.2-20220804-6354275  User: oesteban  Machine: dna071  Platform: Linux  PlatformVersion: 5.14.0-427.37.1.el9_4.x86_64  CompilerName: GCC  CompilerVersion: 8.4.0
ProgramName: tkregister2  ProgramArguments: tkregister2_cmdl -all-info  ProgramVersion: 7.3.2  TimeStamp: 2026/03/08-13:20:13-GMT  BuildTime: Aug  4 2022 06:17:15  BuildStamp: freesurfer-linux-ubuntu22_x86_64-7.3.2-20220804-6354275  User: oesteban  Machine: dna071  Platform: Linux  PlatformVersion: 5.14.0-427.37.1.el9_4.x86_64  CompilerName: GCC  CompilerVersion: 8.4.0
mri_motion_correct.fsl 7.3.2
mri_convert -all-info 
ProgramName: mri_convert  ProgramArguments: mri_convert -all-info  ProgramVersion: 7.3.2  TimeStamp: 2026/03/08-13:20:13-GMT  BuildTime: Aug  4 2022 06:17:15  BuildStamp: freesurfer-linux-ubuntu22_x86_64-7.3.2-20220804-6354275  User: oesteban  Machine: dna071  Platform: Linux  PlatformVersion: 5.14.0-427.37.1.el9_4.x86_64  CompilerName: GCC  CompilerVersion: 8.4.0
Program nu_correct, built from:
Package MNI N3, version 1.12.0, compiled by nicks@terrier (x86_64-unknown-linux-gnu) on 2015-06-19 at 01:25:34
#######################################
GCADIR /opt/freesurfer/average
GCA RB_all_2020-01-02.gca
GCASkull RB_all_withskull_2020_01_02.gca
AvgCurvTif folding.atlas.acfb40.noaparc.i12.2016-08-02.tif
GCSDIR /opt/freesurfer/average
GCS DKaparc.atlas.acfb40.noaparc.i12.2016-08-02.gcs
#######################################
#--------------------------------------------
#@# Tessellate rh Sun Mar  8 14:20:13 CET 2026
/out/sourcedata/freesurfer/sub-v1s11x0050169_ses-1/scripts

 mri_pretess ../mri/filled.mgz 127 ../mri/norm.mgz ../mri/filled-pretess127.mgz 


Iteration Number : 1
pass   1 (xy+):   0 found -   0 modified     |    TOTAL:   0
pass   1 (xy-):   0 found -   0 modified     |    TOTAL:   0
pass   1 (yz+):   3 found -   3 modified     |    TOTAL:   3
pass   2 (yz+):   0 found -   3 modified     |    TOTAL:   3
pass   1 (yz-):   2 found -   2 modified     |    TOTAL:   5
pass   2 (yz-):   0 found -   2 modified     |    TOTAL:   5
pass   1 (xz+):   2 found -   2 modified     |    TOTAL:   7
pass   2 (xz+):   0 found -   2 modified     |    TOTAL:   7
pass   1 (xz-):   0 found -   0 modified     |    TOTAL:   7
Iteration Number : 1
pass   1 (+++):   0 found -   0 modified     |    TOTAL:   0
pass   1 (+++):   0 found -   0 modified     |    TOTAL:   0
pass   1 (+++):   0 found -   0 modified     |    TOTAL:   0
pass   1 (+++):   0 found -   0 modified     |    TOTAL:   0
Iteration Number : 1
pass   1 (++):   0 found -   0 modified     |    TOTAL:   0
pass   1 (+-):   0 found -   0 modified     |    TOTAL:   0
pass   1 (--):   1 found -   1 modified     |    TOTAL:   1
pass   2 (--):   0 found -   1 modified     |    TOTAL:   1
pass   1 (-+):   0 found -   0 modified     |    TOTAL:   1
Iteration Number : 2
pass   1 (xy+):   0 found -   0 modified     |    TOTAL:   0
pass   1 (xy-):   0 found -   0 modified     |    TOTAL:   0
pass   1 (yz+):   0 found -   0 modified     |    TOTAL:   0
pass   1 (yz-):   0 found -   0 modified     |    TOTAL:   0
pass   1 (xz+):   0 found -   0 modified     |    TOTAL:   0
pass   1 (xz-):   0 found -   0 modified     |    TOTAL:   0
Iteration Number : 2
pass   1 (+++):   0 found -   0 modified     |    TOTAL:   0
pass   1 (+++):   0 found -   0 modified     |    TOTAL:   0
pass   1 (+++):   0 found -   0 modified     |    TOTAL:   0
pass   1 (+++):   0 found -   0 modified     |    TOTAL:   0
Iteration Number : 2
pass   1 (++):   0 found -   0 modified     |    TOTAL:   0
pass   1 (+-):   0 found -   0 modified     |    TOTAL:   0
pass   1 (--):   0 found -   0 modified     |    TOTAL:   0
pass   1 (-+):   0 found -   0 modified     |    TOTAL:   0

Total Number of Modified Voxels = 8 (out of 272624: 0.002934)
Ambiguous edge configurations... 

mri_pretess done


 mri_tessellate ../mri/filled-pretess127.mgz 127 ../surf/rh.orig.nofix 

7.3.2
  7.3.2
slice 50: 527 vertices, 594 faces
slice 60: 5010 vertices, 5225 faces
slice 70: 12556 vertices, 12874 faces
slice 80: 22125 vertices, 22479 faces
slice 90: 32391 vertices, 32729 faces
slice 100: 43489 vertices, 43861 faces
slice 110: 54369 vertices, 54754 faces
slice 120: 66698 vertices, 67116 faces
slice 130: 78949 vertices, 79380 faces
slice 140: 90327 vertices, 90724 faces
slice 150: 101745 vertices, 102130 faces
slice 160: 112075 vertices, 112404 faces
slice 170: 120862 vertices, 121124 faces
slice 180: 127571 vertices, 127772 faces
slice 190: 133593 vertices, 133808 faces
slice 200: 137565 vertices, 137686 faces
slice 210: 138538 vertices, 138560 faces
slice 220: 138538 vertices, 138560 faces
slice 230: 138538 vertices, 138560 faces
slice 240: 138538 vertices, 138560 faces
slice 250: 138538 vertices, 138560 faces
using the conformed surface RAS to save vertex points...
writing ../surf/rh.orig.nofix
using vox2ras matrix:
-1.00000   0.00000   0.00000   128.00000;
 0.00000   0.00000   1.00000  -128.00000;
 0.00000  -1.00000   0.00000   128.00000;
 0.00000   0.00000   0.00000   1.00000;

 rm -f ../mri/filled-pretess127.mgz 


 mris_extract_main_component ../surf/rh.orig.nofix ../surf/rh.orig.nofix 


counting number of connected components...
   138538 voxel in cpt #1: X=-22 [v=138538,e=415680,f=277120] located at (30.773817, -6.279209, 8.961679)
For the whole surface: X=-22 [v=138538,e=415680,f=277120]
One single component has been found
nothing to do
done

#--------------------------------------------
#@# Smooth1 rh Sun Mar  8 14:20:16 CET 2026
/out/sourcedata/freesurfer/sub-v1s11x0050169_ses-1/scripts

 mris_smooth -nw -seed 1234 ../surf/rh.orig.nofix ../surf/rh.smoothwm.nofix 

setting seed for random number generator to 1234
smoothing surface tessellation for 10 iterations...
smoothing complete - recomputing first and second fundamental forms...
#--------------------------------------------
#@# Inflation1 rh Sun Mar  8 14:20:18 CET 2026
/out/sourcedata/freesurfer/sub-v1s11x0050169_ses-1/scripts

 mris_inflate -no-save-sulc ../surf/rh.smoothwm.nofix ../surf/rh.inflated.nofix 

Not saving sulc
Reading ../surf/rh.smoothwm.nofix
avg radius = 46.5 mm, total surface area = 74686 mm^2
step 000: RMS=0.149 (target=0.015)   step 005: RMS=0.114 (target=0.015)   step 010: RMS=0.084 (target=0.015)   step 015: RMS=0.070 (target=0.015)   step 020: RMS=0.060 (target=0.015)   step 025: RMS=0.051 (target=0.015)   step 030: RMS=0.045 (target=0.015)   step 035: RMS=0.041 (target=0.015)   step 040: RMS=0.038 (target=0.015)   step 045: RMS=0.035 (target=0.015)   step 050: RMS=0.034 (target=0.015)   step 055: RMS=0.033 (target=0.015)   step 060: RMS=0.032 (target=0.015)   writing inflated surface to ../surf/rh.inflated.nofix
inflation took 0.2 minutes

inflation complete.
Not saving sulc
mris_inflate utimesec    49.685874
mris_inflate stimesec    1.686793
mris_inflate ru_maxrss   220564
mris_inflate ru_ixrss    0
mris_inflate ru_idrss    0
mris_inflate ru_isrss    0
mris_inflate ru_minflt   531213
mris_inflate ru_majflt   15
mris_inflate ru_nswap    0
mris_inflate ru_inblock  0
mris_inflate ru_oublock  9752
mris_inflate ru_msgsnd   0
mris_inflate ru_msgrcv   0
mris_inflate ru_nsignals 0
mris_inflate ru_nvcsw    5445
mris_inflate ru_nivcsw   394
#--------------------------------------------
#@# QSphere rh Sun Mar  8 14:20:30 CET 2026
/out/sourcedata/freesurfer/sub-v1s11x0050169_ses-1/scripts

 mris_sphere -q -p 6 -a 128 -seed 1234 ../surf/rh.inflated.nofix ../surf/rh.qsphere.nofix 

doing quick spherical unfolding.
limitting unfolding to 6 passes
using n_averages = 128
setting seed for random number genererator to 1234
version: 7.3.2
available threads: 16
scaling brain by 0.319...
inflating...
projecting onto sphere...
surface projected - minimizing metric distortion...
vertex spacing 1.00 +- 0.55 (0.00-->8.00) (max @ vno 47388 --> 48380)
face area 0.03 +- 0.03 (-0.22-->1.00)
Entering MRISinflateToSphere()
inflating to sphere (rms error < 2.00)
000: dt: 0.0000, rms radial error=176.165, avgs=0
005/300: dt: 0.9000, rms radial error=175.907, avgs=0
010/300: dt: 0.9000, rms radial error=175.353, avgs=0
015/300: dt: 0.9000, rms radial error=174.626, avgs=0
020/300: dt: 0.9000, rms radial error=173.798, avgs=0
025/300: dt: 0.9000, rms radial error=172.912, avgs=0
030/300: dt: 0.9000, rms radial error=171.996, avgs=0
035/300: dt: 0.9000, rms radial error=171.066, avgs=0
040/300: dt: 0.9000, rms radial error=170.129, avgs=0
045/300: dt: 0.9000, rms radial error=169.189, avgs=0
050/300: dt: 0.9000, rms radial error=168.250, avgs=0
055/300: dt: 0.9000, rms radial error=167.313, avgs=0
060/300: dt: 0.9000, rms radial error=166.380, avgs=0
065/300: dt: 0.9000, rms radial error=165.451, avgs=0
070/300: dt: 0.9000, rms radial error=164.527, avgs=0
075/300: dt: 0.9000, rms radial error=163.607, avgs=0
080/300: dt: 0.9000, rms radial error=162.692, avgs=0
085/300: dt: 0.9000, rms radial error=161.781, avgs=0
090/300: dt: 0.9000, rms radial error=160.873, avgs=0
095/300: dt: 0.9000, rms radial error=159.971, avgs=0
100/300: dt: 0.9000, rms radial error=159.073, avgs=0
105/300: dt: 0.9000, rms radial error=158.180, avgs=0
110/300: dt: 0.9000, rms radial error=157.292, avgs=0
115/300: dt: 0.9000, rms radial error=156.408, avgs=0
120/300: dt: 0.9000, rms radial error=155.529, avgs=0
125/300: dt: 0.9000, rms radial error=154.655, avgs=0
130/300: dt: 0.9000, rms radial error=153.786, avgs=0
135/300: dt: 0.9000, rms radial error=152.921, avgs=0
140/300: dt: 0.9000, rms radial error=152.061, avgs=0
145/300: dt: 0.9000, rms radial error=151.206, avgs=0
150/300: dt: 0.9000, rms radial error=150.355, avgs=0
155/300: dt: 0.9000, rms radial error=149.509, avgs=0
160/300: dt: 0.9000, rms radial error=148.668, avgs=0
165/300: dt: 0.9000, rms radial error=147.831, avgs=0
170/300: dt: 0.9000, rms radial error=146.998, avgs=0
175/300: dt: 0.9000, rms radial error=146.171, avgs=0
180/300: dt: 0.9000, rms radial error=145.347, avgs=0
185/300: dt: 0.9000, rms radial error=144.529, avgs=0
190/300: dt: 0.9000, rms radial error=143.714, avgs=0
195/300: dt: 0.9000, rms radial error=142.904, avgs=0
200/300: dt: 0.9000, rms radial error=142.099, avgs=0
205/300: dt: 0.9000, rms radial error=141.298, avgs=0
210/300: dt: 0.9000, rms radial error=140.502, avgs=0
215/300: dt: 0.9000, rms radial error=139.710, avgs=0
220/300: dt: 0.9000, rms radial error=138.922, avgs=0
225/300: dt: 0.9000, rms radial error=138.139, avgs=0
230/300: dt: 0.9000, rms radial error=137.360, avgs=0
235/300: dt: 0.9000, rms radial error=136.586, avgs=0
240/300: dt: 0.9000, rms radial error=135.816, avgs=0
245/300: dt: 0.9000, rms radial error=135.050, avgs=0
250/300: dt: 0.9000, rms radial error=134.288, avgs=0
255/300: dt: 0.9000, rms radial error=133.531, avgs=0
260/300: dt: 0.9000, rms radial error=132.778, avgs=0
265/300: dt: 0.9000, rms radial error=132.029, avgs=0
270/300: dt: 0.9000, rms radial error=131.284, avgs=0
275/300: dt: 0.9000, rms radial error=130.543, avgs=0
280/300: dt: 0.9000, rms radial error=129.807, avgs=0
285/300: dt: 0.9000, rms radial error=129.075, avgs=0
290/300: dt: 0.9000, rms radial error=128.347, avgs=0
295/300: dt: 0.9000, rms radial error=127.623, avgs=0
300/300: dt: 0.9000, rms radial error=126.903, avgs=0

spherical inflation complete.
epoch 1 (K=10.0), pass 1, starting sse = 15964.82
taking momentum steps...
taking momentum steps...
taking momentum steps...
taking momentum steps...
pass 1 complete, delta sse/iter = 0.00/13 = 0.00019
epoch 2 (K=40.0), pass 1, starting sse = 2511.81
taking momentum steps...
taking momentum steps...
taking momentum steps...
taking momentum steps...
pass 1 complete, delta sse/iter = 0.01/13 = 0.00052
epoch 3 (K=160.0), pass 1, starting sse = 203.90
taking momentum steps...
taking momentum steps...
taking momentum steps...
taking momentum steps...
pass 1 complete, delta sse/iter = 0.12/16 = 0.00755
epoch 4 (K=640.0), pass 1, starting sse = 9.23
taking momentum steps...
taking momentum steps...
taking momentum steps...
taking momentum steps...
pass 1 complete, delta sse/iter = 0.22/35 = 0.00622
final distance error %100000.00
writing spherical brain to ../surf/rh.qsphere.nofix
spherical transformation took 0.0279 hours
FSRUNTIME@ mris_sphere  0.0279 hours 16 threads
#VMPC# mris_sphere VmPeak  1785268
mris_sphere done
#@# Fix Topology rh Sun Mar  8 14:22:11 CET 2026

 mris_fix_topology -mgz -sphere qsphere.nofix -inflated inflated.nofix -orig orig.nofix -out orig.premesh -ga -seed 1234 sub-v1s11x0050169_ses-1 rh 

reading spherical homeomorphism from 'qsphere.nofix'
reading inflated coordinates from 'inflated.nofix'
reading original coordinates from 'orig.nofix'
using genetic algorithm with optimized parameters
setting seed for random number genererator to 1234

*************************************************************
Topology Correction Parameters
retessellation mode:           genetic search
number of patches/generation : 10
number of generations :        10
surface mri loglikelihood coefficient :         1.0
volume mri loglikelihood coefficient :          10.0
normal dot loglikelihood coefficient :          1.0
quadratic curvature loglikelihood coefficient : 1.0
volume resolution :                             2
eliminate vertices during search :              1
initial patch selection :                       1
select all defect vertices :                    0
ordering dependant retessellation:              0
use precomputed edge table :                    0
smooth retessellated patch :                    2
match retessellated patch :                     1
verbose mode :                                  0

*************************************************************
INFO: assuming .mgz format
writing corrected surface to 'orig.premesh'
7.3.2
  7.3.2
before topology correction, eno=-22 (nv=138538, nf=277120, ne=415680, g=12)
using quasi-homeomorphic spherical map to tessellate cortical surface...

Correction of the Topology
Finding true center and radius of Spherical Surface...done
Surface centered at (0,0,0) with radius 100.0 in 12 iterations
marking ambiguous vertices...
1968 ambiguous faces found in tessellation
segmenting defects...
17 defects found, arbitrating ambiguous regions...
analyzing neighboring defects...
17 defects to be corrected 
0 vertices coincident
reading input surface /out/sourcedata/freesurfer/sub-v1s11x0050169_ses-1/surf/rh.qsphere.nofix...
reading brain volume from brain...
reading wm segmentation from wm...
Reading original properties of orig.nofix
Reading vertex positions of inflated.nofix
Computing Initial Surface Statistics
      -face       loglikelihood: -9.0942  (-4.5471)
      -vertex     loglikelihood: -5.9670  (-2.9835)
      -normal dot loglikelihood: -3.6595  (-3.6595)
      -quad curv  loglikelihood: -6.2957  (-3.1478)
      Total Loglikelihood : -25.0164
CORRECTING DEFECT 0 (vertices=23, convex hull=32, v0=23616)
After retessellation of defect 0 (v0=23616), euler #=-14 (137373,411712,274325) : difference with theory (-14) = 0 
CORRECTING DEFECT 1 (vertices=20, convex hull=58, v0=27990)
After retessellation of defect 1 (v0=27990), euler #=-13 (137385,411773,274375) : difference with theory (-13) = 0 
CORRECTING DEFECT 2 (vertices=20, convex hull=27, v0=44272)
After retessellation of defect 2 (v0=44272), euler #=-12 (137390,411796,274394) : difference with theory (-12) = 0 
CORRECTING DEFECT 3 (vertices=358, convex hull=230, v0=48360)
After retessellation of defect 3 (v0=48360), euler #=-11 (137427,412016,274578) : difference with theory (-11) = 0 
CORRECTING DEFECT 4 (vertices=29, convex hull=63, v0=62958)
After retessellation of defect 4 (v0=62958), euler #=-10 (137445,412090,274635) : difference with theory (-10) = 0 
CORRECTING DEFECT 5 (vertices=18, convex hull=23, v0=85837)
After retessellation of defect 5 (v0=85837), euler #=-9 (137447,412103,274647) : difference with theory (-9) = 0 
CORRECTING DEFECT 6 (vertices=30, convex hull=59, v0=86923)
After retessellation of defect 6 (v0=86923), euler #=-8 (137461,412166,274697) : difference with theory (-8) = 0 
CORRECTING DEFECT 7 (vertices=42, convex hull=26, v0=88112)
After retessellation of defect 7 (v0=88112), euler #=-7 (137466,412189,274716) : difference with theory (-7) = 0 
CORRECTING DEFECT 8 (vertices=99, convex hull=98, v0=94193)
After retessellation of defect 8 (v0=94193), euler #=-6 (137494,412315,274815) : difference with theory (-6) = 0 
CORRECTING DEFECT 9 (vertices=58, convex hull=42, v0=99642)
After retessellation of defect 9 (v0=99642), euler #=-5 (137503,412360,274852) : difference with theory (-5) = 0 
CORRECTING DEFECT 10 (vertices=29, convex hull=32, v0=102632)
After retessellation of defect 10 (v0=102632), euler #=-4 (137507,412381,274870) : difference with theory (-4) = 0 
CORRECTING DEFECT 11 (vertices=36, convex hull=30, v0=102794)
After retessellation of defect 11 (v0=102794), euler #=-3 (137508,412394,274883) : difference with theory (-3) = 0 
CORRECTING DEFECT 12 (vertices=26, convex hull=73, v0=106563)
After retessellation of defect 12 (v0=106563), euler #=-2 (137517,412450,274931) : difference with theory (-2) = 0 
CORRECTING DEFECT 13 (vertices=45, convex hull=33, v0=110056)
After retessellation of defect 13 (v0=110056), euler #=-1 (137527,412492,274964) : difference with theory (-1) = 0 
CORRECTING DEFECT 14 (vertices=21, convex hull=37, v0=117836)
After retessellation of defect 14 (v0=117836), euler #=0 (137539,412542,275003) : difference with theory (0) = 0 
CORRECTING DEFECT 15 (vertices=285, convex hull=104, v0=128115)
After retessellation of defect 15 (v0=128115), euler #=1 (137560,412649,275090) : difference with theory (1) = 0 
CORRECTING DEFECT 16 (vertices=33, convex hull=64, v0=134404)
After retessellation of defect 16 (v0=134404), euler #=2 (137569,412701,275134) : difference with theory (2) = 0 
computing original vertex metric properties...
storing new metric properties...
computing tessellation statistics...
vertex spacing 0.89 +- 0.22 (0.09-->14.33) (max @ vno 49414 --> 56055)
face area -nan +- -nan (1000.00-->-1.00)
performing soap bubble on retessellated vertices for 0 iterations...
vertex spacing 0.89 +- 0.22 (0.09-->14.33) (max @ vno 49414 --> 56055)
face area -nan +- -nan (1000.00-->-1.00)
tessellation finished, orienting corrected surface...
64 mutations (34.4%), 122 crossovers (65.6%), 109 vertices were eliminated
building final representation...
969 vertices and 0 faces have been removed from triangulation
after topology correction, eno=2 (nv=137569, nf=275134, ne=412701, g=0)
writing corrected surface to /out/sourcedata/freesurfer/sub-v1s11x0050169_ses-1/surf/rh.orig.premesh...

0.000 % of the vertices (0 vertices) exhibit an orientation change
removing intersecting faces
000: 94 intersecting
001: 8 intersecting
step 1 with no progress (num=9, old_num=8)
002: 9 intersecting
terminating search with 0 intersecting
topology fixing took 1.3 minutes
FSRUNTIME@ mris_fix_topology rh  0.0221 hours 16 threads
#VMPC# mris_fix_topology VmPeak  1854188

 mris_euler_number ../surf/rh.orig.premesh 

euler # = v-e+f = 2g-2: 137569 - 412701 + 275134 = 2 --> 0 holes
      F =2V-4:          275134 = 275138-4 (0)
      2E=3F:            825402 = 825402 (0)

total defect index = 0
Sun Mar  8 14:23:31 CET 2026

setenv SUBJECTS_DIR /out/sourcedata/freesurfer
cd /out/sourcedata/freesurfer/sub-v1s11x0050169_ses-1/scripts
/opt/freesurfer/bin/defect2seg --s sub-v1s11x0050169_ses-1 --rh-only --cortex

freesurfer-linux-ubuntu22_x86_64-7.3.2-20220804-6354275
defect2seg 7.3.2
Linux dna071 5.14.0-427.37.1.el9_4.x86_64 #1 SMP PREEMPT_DYNAMIC Fri Sep 13 12:41:50 EDT 2024 x86_64 x86_64 x86_64 GNU/Linux
pid 14980
mri_label2label --label-cortex /out/sourcedata/freesurfer/sub-v1s11x0050169_ses-1/surf/rh.orig.nofix /out/sourcedata/freesurfer/sub-v1s11x0050169_ses-1/mri/aseg.presurf.mgz 0 /out/sourcedata/freesurfer/sub-v1s11x0050169_ses-1/label/rh.nofix.cortex.label

 Generating cortex label... RemoveHipAmgy=0
 NucAccIsMedialWall=0
 mris->useRealRAS=0
8 non-cortical segments detected
only using segment with 7096 vertices
erasing segment 1 (vno[0] = 73940)
erasing segment 2 (vno[0] = 77530)
erasing segment 3 (vno[0] = 89073)
erasing segment 4 (vno[0] = 95943)
erasing segment 5 (vno[0] = 98181)
erasing segment 6 (vno[0] = 98346)
erasing segment 7 (vno[0] = 106519)
mri_label2vol --defects /out/sourcedata/freesurfer/sub-v1s11x0050169_ses-1/surf/rh.orig.nofix /out/sourcedata/freesurfer/sub-v1s11x0050169_ses-1/surf/rh.defect_labels /out/sourcedata/freesurfer/sub-v1s11x0050169_ses-1/mri/orig.mgz 2000 0 /out/sourcedata/freesurfer/sub-v1s11x0050169_ses-1/mri/rh.surface.defects.mgz /out/sourcedata/freesurfer/sub-v1s11x0050169_ses-1/label/rh.nofix.cortex.label
mri_label2vol supposed to be reproducible but seed not set
Contraining to label /out/sourcedata/freesurfer/sub-v1s11x0050169_ses-1/label/rh.nofix.cortex.label
Changing input type 0 to MRI_INT
Converting defects to volume: offset=2000, merge=0
Writing to /out/sourcedata/freesurfer/sub-v1s11x0050169_ses-1/mri/rh.surface.defects.mgz
mris_defects_pointset -s /out/sourcedata/freesurfer/sub-v1s11x0050169_ses-1/surf/rh.orig.nofix -d /out/sourcedata/freesurfer/sub-v1s11x0050169_ses-1/surf/rh.defect_labels -o /out/sourcedata/freesurfer/sub-v1s11x0050169_ses-1/surf/rh.defects.pointset --label /out/sourcedata/freesurfer/sub-v1s11x0050169_ses-1/label/rh.nofix.cortex.label
Reading in surface /out/sourcedata/freesurfer/sub-v1s11x0050169_ses-1/surf/rh.orig.nofix
Reading in defect segmentation /out/sourcedata/freesurfer/sub-v1s11x0050169_ses-1/surf/rh.defect_labels
Reading in label /out/sourcedata/freesurfer/sub-v1s11x0050169_ses-1/label/rh.nofix.cortex.label
#VMPC# mris_defects_pointset 1269508
mris_defects_pointset done
 
Started at Sun Mar 8 14:23:31 CET 2026 
Ended   at Sun Mar  8 14:23:41 CET 2026
Defect2seg-Run-Time-Sec 10
Defect2seg-Run-Time-Min 0.20
Defect2seg-Run-Time-Hours 0.00
 
tkmeditfv sub-v1s11x0050169_ses-1 brain.finalsurfs.mgz -defect
defect2seg Done

 mris_remesh --remesh --iters 3 --input /out/sourcedata/freesurfer/sub-v1s11x0050169_ses-1/surf/rh.orig.premesh --output /out/sourcedata/freesurfer/sub-v1s11x0050169_ses-1/surf/rh.orig 

iters = 3
standard remeshing without target
   adjusted l: 0.708547
remeshing to edge length 0.708547 with 3 iterations

avg qual before   : 0.893472  after: 0.971578

Removing intersections
Remeshed surface quality stats nv0 = 137569  nv = 143928  1.04622
Area    287852  0.30074  0.03334 0.086509   0.4551
Corner  863556 60.00000  8.74169 17.877518 143.2544
Edge    431778  0.84120  0.08152 0.486046   1.2835
Hinge   431778  9.50077 10.19766 0.000031 122.8130
mris_remesh done
/out/sourcedata/freesurfer/sub-v1s11x0050169_ses-1/scripts

 mris_remove_intersection ../surf/rh.orig ../surf/rh.orig 

intersection removal took 0.00 hours
writing corrected surface to ../surf/rh.orig

 rm -f ../surf/rh.inflated 

#--------------------------------------------
#@# AutoDetGWStats rh Sun Mar  8 14:24:06 CET 2026
cd /out/sourcedata/freesurfer/sub-v1s11x0050169_ses-1/mri
mris_autodet_gwstats --o ../surf/autodet.gw.stats.rh.dat --i brain.finalsurfs.mgz --wm wm.mgz --surf ../surf/rh.orig.premesh
7.3.2

cd /out/sourcedata/freesurfer/sub-v1s11x0050169_ses-1/mri
setenv SUBJECTS_DIR /out/sourcedata/freesurfer
mris_autodet_gwstats --o ../surf/autodet.gw.stats.rh.dat --i brain.finalsurfs.mgz --wm wm.mgz --surf ../surf/rh.orig.premesh 

border white:    253137 voxels (1.51%)
border gray      287150 voxels (1.71%)
Reading in intensity volume brain.finalsurfs.mgz
Reading in wm volume wm.mgz
Reading in surf ../surf/rh.orig.premesh
Auto detecting stats
MRIclipBrightWM(): nthresh=15731, wmmin=5, clip=110 
Binarizing thresholding at 5
computing class statistics... low=30, hi=110.000000
CCS WM (98.0): 98.8 +- 7.6 [70.0 --> 110.0]
CCS GM (76.0) : 75.5 +- 8.9 [30.0 --> 110.0]
white_mean = 98.7642 +/- 7.62746, gray_mean = 75.4789 +/- 8.8575
using class modes intead of means, discounting robust sigmas....
MRIScomputeClassModes(): min=0 max=154 nbins=155
intensity peaks found at WM=102+-6.1,    GM=72+-7.0
white_mode = 102, gray_mode = 72
std_scale = 1
Applying sanity checks, max_scale_down = 0.2
setting MIN_GRAY_AT_WHITE_BORDER to 63.1 (was 70.000000)
setting MAX_BORDER_WHITE to 109.6 (was 105.000000)
setting MIN_BORDER_WHITE to 72.0 (was 85.000000)
setting MAX_CSF to 54.3 (was 40.000000)
setting MAX_GRAY to 94.4 (was 95.000000)
setting MAX_GRAY_AT_CSF_BORDER to 63.1 (was 75.000000)
setting MIN_GRAY_AT_CSF_BORDER to 45.4 (was 40.000000)
When placing the white surface
  white_border_hi   = 109.627;
  white_border_low  = 72;
  white_outside_low = 63.1425;
  white_inside_hi   = 120;
  white_outside_hi  = 109.627;
When placing the pial surface
  pial_border_hi   = 63.1425;
  pial_border_low  = 45.4275;
  pial_outside_low = 10;
  pial_inside_hi   = 94.3725;
  pial_outside_hi  = 58.7137;
#VMPC# mris_autodet_gwstats VmPeak  1466312
mris_autodet_gwstats done
#--------------------------------------------
#@# WhitePreAparc rh Sun Mar  8 14:24:09 CET 2026
cd /out/sourcedata/freesurfer/sub-v1s11x0050169_ses-1/mri
mris_place_surface --adgws-in ../surf/autodet.gw.stats.rh.dat --wm wm.mgz --threads 16 --invol brain.finalsurfs.mgz --rh --i ../surf/rh.orig --o ../surf/rh.white.preaparc --white --seg aseg.presurf.mgz --nsmooth 5
7.3.2
7.3.2

cd /out/sourcedata/freesurfer/sub-v1s11x0050169_ses-1/mri
setenv SUBJECTS_DIR /out/sourcedata/freesurfer
mris_place_surface --adgws-in ../surf/autodet.gw.stats.rh.dat --wm wm.mgz --threads 16 --invol brain.finalsurfs.mgz --rh --i ../surf/rh.orig --o ../surf/rh.white.preaparc --white --seg aseg.presurf.mgz --nsmooth 5 

Reading in input surface ../surf/rh.orig
Smoothing surface before ripping with 5 iterations
Area    287852  0.26580  0.06338 0.004358   0.5929
Corner  863556 60.00000  9.52731 12.816574 142.4059
Edge    431778  0.78704  0.11524 0.087273   1.3179
Hinge   431778  6.42641  6.59192 0.000020 130.5142
Not reading in aparc
Reading in input volume brain.finalsurfs.mgz
Reading in wm volume wm.mgz
MRIclipBrightWM(): nthresh=15731, wmmin=5, clip=110 
MRIfindBrightNonWM(): 46 bright non-wm voxels segmented.
Masking bright non-wm for white surface
MRImask(): AllowDiffGeom = 1
MRImask(): AllowDiffGeom = 1
Reading in seg volume aseg.presurf.mgz
Ripping frozen voxels
INFO: rip surface needed but not specified, so using input surface
Freezing midline and others
Entering: MRISripMidline(): inhibiting deformation at non-cortical midline structures...
  which=1, fix_mtl=0, using annot = 0
#FML0# MRISripMidline(): nripped=0
#FML# MRISripMidline(): nmarked=6071, nmarked2=0, nripped=6071
Ripping segs (eg, WMSA, BG, frozen)
Starting MRISripSegs() d = (-2 2 0.5) segnos: 247 
MRISripSegs(): -2 2 0.5 ripped 0
vertex 71964: xyz = (38.5947,5.43564,27.9004) oxyz = (38.5947,5.43564,27.9004) wxzy = (38.5947,5.43564,27.9004) pxyz = (0,0,0) 
CBVO Creating mask 143928
n_averages 4
Iteration 0 =========================================
n_averages=4, current_sigma=2
Freezing midline and others
Ripping frozen voxels
INFO: rip surface needed but not specified, so using input surface
Freezing midline and others
Entering: MRISripMidline(): inhibiting deformation at non-cortical midline structures...
  which=1, fix_mtl=0, using annot = 0
#FML0# MRISripMidline(): nripped=6071
#FML# MRISripMidline(): nmarked=6071, nmarked2=0, nripped=6071
Ripping segs (eg, WMSA, BG, frozen)
Starting MRISripSegs() d = (-2 2 0.5) segnos: 247 247 
MRISripSegs(): -2 2 0.5 ripped 0
Computing target border values 
Entering MRIScomputeBorderValues_new(): 
  inside_hi   = 120.0000000;
  border_hi   = 109.6274640;
  border_low  =  72.0000000;
  outside_low =  63.1424980;
  outside_hi  = 109.6274640;
  sigma = 2;
  max_thickness = 10;
  step_size=0.5;
  STEP_SIZE=0.1;
  which = 1
  thresh = 0
  flags = 0
  CBVfindFirstPeakD1=0
  CBVfindFirstPeakD2=0
  nvertices=143928
  Gdiag_no=-1
  vno start=0, stop=143928
Replacing 255s with 0s
#SI# sigma=2 had to be increased for 75 vertices, nripped=6071
mean border=83.4, 81 (81) missing vertices, mean dist 0.2 [0.5 (%40.5)->0.8 (%59.5))]
%76 local maxima, %19 large gradients and % 0 min vals, 0 gradients ignored
nFirstPeakD1 0
MRIScomputeBorderValues_new() finished in 0.0104 min


Finding expansion regions
mean absolute distance = 0.66 +- 0.82
4918 vertices more than 2 sigmas from mean.
Averaging target values for 5 iterations...
Positioning Surface: tspring = 0.3, nspring = 0.3, spring = 0, niters = 100 l_repulse = 5, l_surf_repulse = 0, checktol = 0
Positioning pial surface
Entering MRISpositionSurface()
  max_mm = 0.3
  MAX_REDUCTIONS = 2, REDUCTION_PCT = 0.5
  parms->check_tol = 0, niterations = 100
tol=1.0e-04, sigma=2.0, host=dna07, nav=4, nbrs=2, l_repulse=5.000, l_tspring=0.300, l_nspring=0.300, l_intensity=0.200, l_curv=1.000
mom=0.00, dt=0.50
complete_dist_mat 0
rms 0
smooth_averages 0
remove_neg 0
ico_order 0
which_surface 0
target_radius 0.000000
nfields 0
scale 0.000000
desired_rms_height 0.000000
momentum 0.000000
nbhd_size 0
max_nbrs 0
niterations 100
nsurfaces 0
SURFACES 3
flags 0 (0)
use curv 0
no sulc 0
no rigid align 0
mris->nsize 2
mris->hemisphere 1
randomSeed 0

000: dt: 0.0000, sse=2235404.5, rms=8.681
001: dt: 0.5000, sse=1185129.2, rms=6.117 (29.539%)
002: dt: 0.5000, sse=757758.6, rms=4.682 (23.453%)
003: dt: 0.5000, sse=563038.1, rms=3.854 (17.677%)
004: dt: 0.5000, sse=460139.3, rms=3.327 (13.695%)
005: dt: 0.5000, sse=409423.1, rms=3.013 (9.430%)
006: dt: 0.5000, sse=381778.4, rms=2.815 (6.564%)
007: dt: 0.5000, sse=366007.2, rms=2.728 (3.088%)
008: dt: 0.5000, sse=354755.0, rms=2.654 (2.736%)
rms = 2.6331/2.6535, sse=353261.0/354755.0, time step reduction 1 of 3 to 0.250  0 0 1
009: dt: 0.5000, sse=353261.0, rms=2.633 (0.769%)
010: dt: 0.2500, sse=223907.8, rms=1.470 (44.164%)
011: dt: 0.2500, sse=210200.3, rms=1.281 (12.894%)
012: dt: 0.2500, sse=206057.6, rms=1.223 (4.469%)
rms = 1.1925/1.2234, sse=204465.8/206057.6, time step reduction 2 of 3 to 0.125  0 0 1
013: dt: 0.2500, sse=204465.8, rms=1.192 (2.528%)
rms = 1.1650/1.1925, sse=203032.9/204465.8, time step reduction 3 of 3 to 0.062  0 0 1
014: dt: 0.1250, sse=203032.9, rms=1.165 (2.306%)
  maximum number of reductions reached, breaking from loop
positioning took 1.2 minutes
Iteration 1 =========================================
n_averages=2, current_sigma=1
Freezing midline and others
Ripping frozen voxels
INFO: rip surface needed but not specified, so using input surface
Freezing midline and others
Entering: MRISripMidline(): inhibiting deformation at non-cortical midline structures...
  which=1, fix_mtl=0, using annot = 0
#FML0# MRISripMidline(): nripped=6071
removing 2 vertices from ripped group in thread:0
removing 4 vertices from ripped group in thread:0
#FML# MRISripMidline(): nmarked=6188, nmarked2=0, nripped=6188
Ripping segs (eg, WMSA, BG, frozen)
Starting MRISripSegs() d = (-2 2 0.5) segnos: 247 247 247 
MRISripSegs(): -2 2 0.5 ripped 0
Computing target border values 
Entering MRIScomputeBorderValues_new(): 
  inside_hi   = 120.0000000;
  border_hi   = 109.6274640;
  border_low  =  72.0000000;
  outside_low =  63.1424980;
  outside_hi  = 109.6274640;
  sigma = 1;
  max_thickness = 10;
  step_size=0.5;
  STEP_SIZE=0.1;
  which = 1
  thresh = 0
  flags = 0
  CBVfindFirstPeakD1=0
  CBVfindFirstPeakD2=0
  nvertices=143928
  Gdiag_no=-1
  vno start=0, stop=143928
Replacing 255s with 0s
#SI# sigma=1 had to be increased for 98 vertices, nripped=6188
mean border=85.6, 69 (19) missing vertices, mean dist -0.2 [0.3 (%74.4)->0.3 (%25.6))]
%83 local maxima, %12 large gradients and % 0 min vals, 0 gradients ignored
nFirstPeakD1 0
MRIScomputeBorderValues_new() finished in 0.0106 min


Finding expansion regions
mean absolute distance = 0.31 +- 0.56
3036 vertices more than 2 sigmas from mean.
Averaging target values for 5 iterations...
Positioning Surface: tspring = 0.3, nspring = 0.3, spring = 0, niters = 100 l_repulse = 5, l_surf_repulse = 0, checktol = 0
Positioning pial surface
Entering MRISpositionSurface()
  max_mm = 0.3
  MAX_REDUCTIONS = 2, REDUCTION_PCT = 0.5
  parms->check_tol = 0, niterations = 100
tol=1.0e-04, sigma=1.0, host=dna07, nav=2, nbrs=2, l_repulse=5.000, l_tspring=0.300, l_nspring=0.300, l_intensity=0.200, l_curv=1.000
mom=0.00, dt=0.50
000: dt: 0.0000, sse=564188.4, rms=3.555
015: dt: 0.5000, sse=355808.9, rms=2.194 (38.271%)
016: dt: 0.5000, sse=336206.7, rms=2.088 (4.839%)
rms = 2.0741/2.0883, sse=336277.1/336206.7, time step reduction 1 of 3 to 0.250  0 1 1
017: dt: 0.5000, sse=336277.1, rms=2.074 (0.680%)
018: dt: 0.2500, sse=260355.8, rms=1.192 (42.520%)
019: dt: 0.2500, sse=252882.8, rms=1.059 (11.181%)
rms = 1.0272/1.0589, sse=250012.5/252882.8, time step reduction 2 of 3 to 0.125  0 0 1
020: dt: 0.2500, sse=250012.5, rms=1.027 (2.988%)
rms = 1.0038/1.0272, sse=256490.8/250012.5, time step reduction 3 of 3 to 0.062  0 1 1
021: dt: 0.1250, sse=256490.8, rms=1.004 (2.283%)
  maximum number of reductions reached, breaking from loop
positioning took 0.5 minutes
Iteration 2 =========================================
n_averages=1, current_sigma=0.5
Freezing midline and others
Ripping frozen voxels
INFO: rip surface needed but not specified, so using input surface
Freezing midline and others
Entering: MRISripMidline(): inhibiting deformation at non-cortical midline structures...
  which=1, fix_mtl=0, using annot = 0
#FML0# MRISripMidline(): nripped=6188
removing 2 vertices from ripped group in thread:0
removing 2 vertices from ripped group in thread:0
removing 2 vertices from ripped group in thread:0
removing 3 vertices from ripped group in thread:0
#FML# MRISripMidline(): nmarked=6241, nmarked2=0, nripped=6241
Ripping segs (eg, WMSA, BG, frozen)
Starting MRISripSegs() d = (-2 2 0.5) segnos: 247 247 247 247 
MRISripSegs(): -2 2 0.5 ripped 0
Computing target border values 
Entering MRIScomputeBorderValues_new(): 
  inside_hi   = 120.0000000;
  border_hi   = 109.6274640;
  border_low  =  72.0000000;
  outside_low =  63.1424980;
  outside_hi  = 109.6274640;
  sigma = 0.5;
  max_thickness = 10;
  step_size=0.5;
  STEP_SIZE=0.1;
  which = 1
  thresh = 0
  flags = 0
  CBVfindFirstPeakD1=0
  CBVfindFirstPeakD2=0
  nvertices=143928
  Gdiag_no=-1
  vno start=0, stop=143928
Replacing 255s with 0s
#SI# sigma=0.5 had to be increased for 111 vertices, nripped=6241
mean border=87.0, 77 (9) missing vertices, mean dist -0.1 [0.2 (%68.8)->0.2 (%31.2))]
%88 local maxima, % 8 large gradients and % 0 min vals, 0 gradients ignored
nFirstPeakD1 0
MRIScomputeBorderValues_new() finished in 0.0063 min


Finding expansion regions
mean absolute distance = 0.23 +- 0.42
2907 vertices more than 2 sigmas from mean.
Averaging target values for 5 iterations...
Positioning Surface: tspring = 0.3, nspring = 0.3, spring = 0, niters = 100 l_repulse = 5, l_surf_repulse = 0, checktol = 0
Positioning pial surface
Entering MRISpositionSurface()
  max_mm = 0.3
  MAX_REDUCTIONS = 2, REDUCTION_PCT = 0.5
  parms->check_tol = 0, niterations = 100
tol=1.0e-04, sigma=0.5, host=dna07, nav=1, nbrs=2, l_repulse=5.000, l_tspring=0.300, l_nspring=0.300, l_intensity=0.200, l_curv=1.000
mom=0.00, dt=0.50
000: dt: 0.0000, sse=364976.4, rms=2.223
022: dt: 0.5000, sse=305338.8, rms=1.740 (21.748%)
rms = 1.8547/1.7396, sse=314914.3/305338.8, time step reduction 1 of 3 to 0.250  0 1 1
   RMS increased, rejecting step
023: dt: 0.2500, sse=263287.7, rms=1.220 (29.867%)
024: dt: 0.2500, sse=246415.7, rms=0.972 (20.338%)
rms = 0.9232/0.9719, sse=243287.7/246415.7, time step reduction 2 of 3 to 0.125  0 0 1
025: dt: 0.2500, sse=243287.7, rms=0.923 (5.013%)
rms = 0.9046/0.9232, sse=246114.7/243287.7, time step reduction 3 of 3 to 0.062  0 1 1
026: dt: 0.1250, sse=246114.7, rms=0.905 (2.010%)
  maximum number of reductions reached, breaking from loop
positioning took 0.4 minutes
Iteration 3 =========================================
n_averages=0, current_sigma=0.25
Freezing midline and others
Ripping frozen voxels
INFO: rip surface needed but not specified, so using input surface
Freezing midline and others
Entering: MRISripMidline(): inhibiting deformation at non-cortical midline structures...
  which=1, fix_mtl=0, using annot = 0
#FML0# MRISripMidline(): nripped=6241
removing 4 vertices from ripped group in thread:0
removing 2 vertices from ripped group in thread:0
removing 3 vertices from ripped group in thread:0
removing 4 vertices from ripped group in thread:0
removing 2 vertices from ripped group in thread:0
removing 4 vertices from ripped group in thread:0
removing 3 vertices from ripped group in thread:0
#FML# MRISripMidline(): nmarked=6280, nmarked2=0, nripped=6280
Ripping segs (eg, WMSA, BG, frozen)
Starting MRISripSegs() d = (-2 2 0.5) segnos: 247 247 247 247 247 
MRISripSegs(): -2 2 0.5 ripped 0
Computing target border values 
Entering MRIScomputeBorderValues_new(): 
  inside_hi   = 120.0000000;
  border_hi   = 109.6274640;
  border_low  =  72.0000000;
  outside_low =  63.1424980;
  outside_hi  = 109.6274640;
  sigma = 0.25;
  max_thickness = 10;
  step_size=0.5;
  STEP_SIZE=0.1;
  which = 1
  thresh = 0
  flags = 0
  CBVfindFirstPeakD1=0
  CBVfindFirstPeakD2=0
  nvertices=143928
  Gdiag_no=-1
  vno start=0, stop=143928
Replacing 255s with 0s
#SI# sigma=0.25 had to be increased for 119 vertices, nripped=6280
mean border=87.6, 119 (8) missing vertices, mean dist -0.0 [0.2 (%55.5)->0.2 (%44.5))]
%89 local maxima, % 6 large gradients and % 0 min vals, 0 gradients ignored
nFirstPeakD1 0
MRIScomputeBorderValues_new() finished in 0.0043 min


Finding expansion regions
mean absolute distance = 0.21 +- 0.36
3469 vertices more than 2 sigmas from mean.
Averaging target values for 5 iterations...
Positioning Surface: tspring = 0.3, nspring = 0.3, spring = 0, niters = 100 l_repulse = 5, l_surf_repulse = 0, checktol = 0
Positioning pial surface
Entering MRISpositionSurface()
  max_mm = 0.3
  MAX_REDUCTIONS = 2, REDUCTION_PCT = 0.5
  parms->check_tol = 0, niterations = 100
tol=1.0e-04, sigma=0.2, host=dna07, nav=0, nbrs=2, l_repulse=5.000, l_tspring=0.300, l_nspring=0.300, l_intensity=0.200, l_curv=1.000
mom=0.00, dt=0.50
000: dt: 0.0000, sse=260287.3, rms=1.175
027: dt: 0.5000, sse=250376.2, rms=1.060 (9.755%)
rms = 1.3243/1.0605, sse=265448.4/250376.2, time step reduction 1 of 3 to 0.250  0 1 1
   RMS increased, rejecting step
028: dt: 0.2500, sse=235764.1, rms=0.806 (23.993%)
029: dt: 0.2500, sse=233563.5, rms=0.752 (6.739%)
rms = 0.7329/0.7517, sse=230978.5/233563.5, time step reduction 2 of 3 to 0.125  0 0 1
030: dt: 0.2500, sse=230978.5, rms=0.733 (2.497%)
rms = 0.7226/0.7329, sse=231639.4/230978.5, time step reduction 3 of 3 to 0.062  0 1 1
031: dt: 0.1250, sse=231639.4, rms=0.723 (1.416%)
  maximum number of reductions reached, breaking from loop
positioning took 0.4 minutes


Writing output to ../surf/rh.white.preaparc
#ET# mris_place_surface  2.68 minutes
#VMPC# mris_place_surfaces VmPeak  3197784
mris_place_surface done
#--------------------------------------------
#@# CortexLabel rh Sun Mar  8 14:26:54 CET 2026
cd /out/sourcedata/freesurfer/sub-v1s11x0050169_ses-1/mri
mri_label2label --label-cortex ../surf/rh.white.preaparc aseg.presurf.mgz 0 ../label/rh.cortex.label

 Generating cortex label... RemoveHipAmgy=0
 NucAccIsMedialWall=0
 mris->useRealRAS=0
3 non-cortical segments detected
only using segment with 7892 vertices
erasing segment 1 (vno[0] = 75499)
erasing segment 2 (vno[0] = 82325)
#--------------------------------------------
#@# CortexLabel+HipAmyg rh Sun Mar  8 14:27:02 CET 2026
cd /out/sourcedata/freesurfer/sub-v1s11x0050169_ses-1/mri
mri_label2label --label-cortex ../surf/rh.white.preaparc aseg.presurf.mgz 1 ../label/rh.cortex+hipamyg.label

 Generating cortex label... RemoveHipAmgy=1
 NucAccIsMedialWall=0
 mris->useRealRAS=0
6 non-cortical segments detected
only using segment with 5622 vertices
erasing segment 1 (vno[0] = 44426)
erasing segment 2 (vno[0] = 46317)
erasing segment 3 (vno[0] = 51538)
erasing segment 4 (vno[0] = 53587)
erasing segment 5 (vno[0] = 82325)
#--------------------------------------------
#@# Smooth2 rh Sun Mar  8 14:27:11 CET 2026
/out/sourcedata/freesurfer/sub-v1s11x0050169_ses-1/scripts

 mris_smooth -n 3 -nw -seed 1234 ../surf/rh.white.preaparc ../surf/rh.smoothwm 

smoothing for 3 iterations
setting seed for random number generator to 1234
smoothing surface tessellation for 3 iterations...
smoothing complete - recomputing first and second fundamental forms...
#--------------------------------------------
#@# Inflation2 rh Sun Mar  8 14:27:13 CET 2026
/out/sourcedata/freesurfer/sub-v1s11x0050169_ses-1/scripts

 mris_inflate ../surf/rh.smoothwm ../surf/rh.inflated 

Reading ../surf/rh.smoothwm
avg radius = 46.3 mm, total surface area = 90232 mm^2
step 000: RMS=0.172 (target=0.015)   step 005: RMS=0.116 (target=0.015)   step 010: RMS=0.088 (target=0.015)   step 015: RMS=0.073 (target=0.015)   step 020: RMS=0.061 (target=0.015)   step 025: RMS=0.049 (target=0.015)   step 030: RMS=0.041 (target=0.015)   step 035: RMS=0.035 (target=0.015)   step 040: RMS=0.030 (target=0.015)   step 045: RMS=0.026 (target=0.015)   step 050: RMS=0.024 (target=0.015)   step 055: RMS=0.022 (target=0.015)   step 060: RMS=0.021 (target=0.015)   writing inflated surface to ../surf/rh.inflated
writing sulcal depths to ../surf/rh.sulc

inflation complete.
inflation took 0.2 minutes
mris_inflate utimesec    47.764714
mris_inflate stimesec    1.973716
mris_inflate ru_maxrss   221964
mris_inflate ru_ixrss    0
mris_inflate ru_idrss    0
mris_inflate ru_isrss    0
mris_inflate ru_minflt   607281
mris_inflate ru_majflt   9
mris_inflate ru_nswap    0
mris_inflate ru_inblock  0
mris_inflate ru_oublock  11256
mris_inflate ru_msgsnd   0
mris_inflate ru_msgrcv   0
mris_inflate ru_nsignals 0
mris_inflate ru_nvcsw    9351
mris_inflate ru_nivcsw   310
#--------------------------------------------
#@# Curv .H and .K rh Sun Mar  8 14:27:25 CET 2026
/out/sourcedata/freesurfer/sub-v1s11x0050169_ses-1/surf

 mris_curvature -w -seed 1234 rh.white.preaparc 

setting seed for random number generator to 1234
total integrated curvature = 36.552*4pi (459.326) --> -36 handles
ICI = 167.8, FI = 1633.4, variation=25549.797
writing Gaussian curvature to ./rh.white.preaparc.K...done.
writing mean curvature to ./rh.white.preaparc.H...done.
rm -f rh.white.H
ln -s rh.white.preaparc.H rh.white.H
rm -f rh.white.K
ln -s rh.white.preaparc.K rh.white.K

 mris_curvature -seed 1234 -thresh .999 -n -a 5 -w -distances 10 10 rh.inflated 

setting seed for random number generator to 1234
normalizing curvature values.
averaging curvature patterns 5 times.
sampling 10 neighbors out to a distance of 10 mm
176 vertices thresholded to be in k1 ~ [-0.44 0.30], k2 ~ [-0.10 0.26]
total integrated curvature = 0.483*4pi (6.074) --> 1 handles
ICI = 1.5, FI = 11.1, variation=184.235
138 vertices thresholded to be in [-0.03 0.02]
writing Gaussian curvature to ./rh.inflated.K...thresholding curvature at 99.90% level
curvature mean = 0.000, std = 0.001
136 vertices thresholded to be in [-0.18 0.15]
done.
writing mean curvature to ./rh.inflated.H...curvature mean = -0.015, std = 0.024
done.
#--------------------------------------------
#@# Sphere rh Sun Mar  8 14:28:03 CET 2026
/out/sourcedata/freesurfer/sub-v1s11x0050169_ses-1/scripts

 mris_sphere -seed 1234 ../surf/rh.inflated ../surf/rh.sphere 

setting seed for random number genererator to 1234
version: 7.3.2
available threads: 16
reading original vertex positions...
projecting onto sphere...
surface projected - minimizing metric distortion...
scaling brain by 0.289...
MRISunfold() max_passes = 1 -------
tol=5.0e-01, sigma=0.0, host=dna07, nav=1024, nbrs=2, l_area=1.000, l_dist=1.000
using quadratic fit line minimization
complete_dist_mat 0
rms 0
smooth_averages 0
remove_neg 0
ico_order 0
which_surface 0
target_radius 0.000000
nfields 0
scale 1.000000
desired_rms_height -1.000000
momentum 0.900000
nbhd_size 7
max_nbrs 8
niterations 25
nsurfaces 0
SURFACES 3
flags 0 (0)
use curv 0
no sulc 0
no rigid align 0
mris->nsize 2
mris->hemisphere 1
randomSeed 1234

singular matrix in quadratic form
singular matrix in quadratic form
singular matrix in quadratic form
singular matrix in quadratic form
singular matrix in quadratic form
--------------------
  mrisRemoveNegativeArea()
pass 1: epoch 1 of 3 starting distance error %19.99
pass 1: epoch 2 of 3 starting distance error %19.96
unfolding complete - removing small folds...
starting distance error %19.87
removing remaining folds...
final distance error %19.90
MRISunfold() return, current seed 1234
-01: dt=0.0000,  28 negative triangles  VmPeak 1609420
172: dt=0.9900,  28 negative triangles
173: dt=0.9900,  14 negative triangles
writing spherical brain to ../surf/rh.sphere
spherical transformation took 0.0559 hours
FSRUNTIME@ mris_sphere  0.0559 hours 16 threads
#VMPC# mris_sphere VmPeak  1609420
mris_sphere done
#--------------------------------------------
#@# Surf Reg rh Sun Mar  8 14:31:24 CET 2026
/out/sourcedata/freesurfer/sub-v1s11x0050169_ses-1/scripts

 mris_register -curv ../surf/rh.sphere /opt/freesurfer/average/rh.folding.atlas.acfb40.noaparc.i12.2016-08-02.tif ../surf/rh.sphere.reg 

using smoothwm curvature for final alignment

cwd /out/sourcedata/freesurfer/sub-v1s11x0050169_ses-1/scripts
cmdline mris_register -curv ../surf/rh.sphere /opt/freesurfer/average/rh.folding.atlas.acfb40.noaparc.i12.2016-08-02.tif ../surf/rh.sphere.reg 

0 inflated.H
1 sulc
2 smoothwm (computed)
7.3.2
  7.3.2
reading surface from ../surf/rh.sphere...
reading template parameterization from /opt/freesurfer/average/rh.folding.atlas.acfb40.noaparc.i12.2016-08-02.tif...
MRISregister() -------
max_passes = 4 
min_degrees = 0.500000 
max_degrees = 64.000000 
nangles = 8 
tol=5.0e-01, sigma=0.0, host=dna07, nav=1024, nbrs=1, l_extern=10000.000, l_parea=0.200, l_nlarea=1.000, l_corr=1.000, l_dist=5.000
using quadratic fit line minimization
complete_dist_mat 0
rms 0
smooth_averages 0
remove_neg 0
ico_order 0
which_surface 0
target_radius 0.000000
nfields 0
scale 0.000000
desired_rms_height -1.000000
momentum 0.950000
nbhd_size -10
max_nbrs 10
niterations 25
nsurfaces 0
SURFACES 3
flags 16 (10)
use curv 16
no sulc 0
no rigid align 0
mris->nsize 1
mris->hemisphere 1
randomSeed 0

tol=5.0e-01, sigma=0.0, host=dna07, nav=1024, nbrs=1, l_extern=10000.000, l_parea=0.200, l_nlarea=1.000, l_corr=1.000, l_dist=5.000
using quadratic fit line minimization
--------------------
1 Reading rh.sulc
tol=1.0e+00, sigma=0.5, host=dna07, nav=1024, nbrs=1, l_extern=10000.000, l_parea=0.200, l_nlarea=1.000, l_corr=0.050, l_spring=0.500, l_dist=5.000
using quadratic fit line minimization
curvature mean = 0.000, std = 5.716
curvature mean = 0.022, std = 0.802
curvature mean = 0.007, std = 0.864
Starting MRISrigidBodyAlignGlobal()
Starting new MRISrigidBodyAlignGlobal_findMinSSE()
  new MRISrigidBodyAlignGlobal_findMinSSE min @ (20.50, -11.00, 0.00) sse = 329858.4, elapsed since starting=0.0537 min
MRISrigidBodyAlignGlobal() done   0.05 min
curvature mean = 0.008, std = 0.810
curvature mean = 0.001, std = 0.940
curvature mean = 0.006, std = 0.820
curvature mean = 0.000, std = 0.974
curvature mean = 0.005, std = 0.820
curvature mean = -0.000, std = 0.988
2 Reading smoothwm
curvature mean = -0.021, std = 0.275
curvature mean = 0.038, std = 0.236
curvature mean = 0.053, std = 0.352
curvature mean = 0.034, std = 0.296
curvature mean = 0.037, std = 0.537
curvature mean = 0.034, std = 0.323
curvature mean = 0.020, std = 0.680
curvature mean = 0.033, std = 0.335
curvature mean = 0.006, std = 0.791
MRISregister() return, current seed 0
-01: dt=0.0000,  19 negative triangles  VmPeak 1857284
124: dt=0.9900,  19 negative triangles
125: dt=0.9900,  13 negative triangles
126: dt=0.9900,  15 negative triangles
127: dt=0.9900,  14 negative triangles
128: dt=0.9900,  11 negative triangles
129: dt=0.9900,   9 negative triangles
130: dt=0.9900,  18 negative triangles
131: dt=0.9900,  10 negative triangles
132: dt=0.9900,  13 negative triangles
133: dt=0.9900,  19 negative triangles
134: dt=0.9900,  13 negative triangles
135: dt=0.9900,  15 negative triangles
136: dt=0.9900,  12 negative triangles
137: dt=0.9900,  18 negative triangles
138: dt=0.9900,  13 negative triangles
139: dt=0.9405,  16 negative triangles
140: dt=0.9405,  14 negative triangles
141: dt=0.9405,  11 negative triangles
142: dt=0.9405,  12 negative triangles
143: dt=0.9405,  14 negative triangles
144: dt=0.9405,   7 negative triangles
145: dt=0.9405,   9 negative triangles
146: dt=0.9405,  10 negative triangles
147: dt=0.9405,   8 negative triangles
148: dt=0.9405,   5 negative triangles
149: dt=0.9405,   4 negative triangles
150: dt=0.9405,  11 negative triangles
151: dt=0.9405,   9 negative triangles
152: dt=0.9405,   7 negative triangles
153: dt=0.9405,   5 negative triangles
154: dt=0.9405,   3 negative triangles
writing registered surface to ../surf/rh.sphere.reg...
registration took 0.07 hours
#VMPC# mris_register VmPeak  1857284
FSRUNTIME@ mris_register  0.0708 hours 16 threads

 ln -sf rh.sphere.reg rh.fsaverage.sphere.reg 

#--------------------------------------------
#@# Jacobian white rh Sun Mar  8 14:35:39 CET 2026
/out/sourcedata/freesurfer/sub-v1s11x0050169_ses-1/scripts

 mris_jacobian ../surf/rh.white.preaparc ../surf/rh.sphere.reg ../surf/rh.jacobian_white 

reading surface from ../surf/rh.white.preaparc...
writing curvature file ../surf/rh.jacobian_white
#--------------------------------------------
#@# AvgCurv rh Sun Mar  8 14:35:39 CET 2026
/out/sourcedata/freesurfer/sub-v1s11x0050169_ses-1/scripts

 mrisp_paint -a 5 /opt/freesurfer/average/rh.folding.atlas.acfb40.noaparc.i12.2016-08-02.tif#6 ../surf/rh.sphere.reg ../surf/rh.avg_curv 

averaging curvature patterns 5 times...
reading surface from ../surf/rh.sphere.reg...
reading template parameterization from /opt/freesurfer/average/rh.folding.atlas.acfb40.noaparc.i12.2016-08-02.tif...
writing curvature file to ../surf/rh.avg_curv...
#-----------------------------------------
#@# Cortical Parc rh Sun Mar  8 14:35:40 CET 2026
/out/sourcedata/freesurfer/sub-v1s11x0050169_ses-1/scripts

 mris_ca_label -l ../label/rh.cortex.label -aseg ../mri/aseg.presurf.mgz -seed 1234 sub-v1s11x0050169_ses-1 rh ../surf/rh.sphere.reg /opt/freesurfer/average/rh.DKaparc.atlas.acfb40.noaparc.i12.2016-08-02.gcs ../label/rh.aparc.annot 

setting seed for random number generator to 1234
using ../mri/aseg.presurf.mgz aseg volume to correct midline
7.3.2
  7.3.2
reading atlas from /opt/freesurfer/average/rh.DKaparc.atlas.acfb40.noaparc.i12.2016-08-02.gcs...
reading color table from GCSA file....
average std = 0.7   using min determinant for regularization = 0.004
0 singular and 309 ill-conditioned covariance matrices regularized
input 0: MEAN CURVATURE, flags 0, avgs 5, name mean_curvature
labeling surface...
1081 labels changed using aseg
relabeling using gibbs priors...
000:   3078 changed, 143928 examined...
001:    720 changed, 13062 examined...
002:    155 changed, 4079 examined...
003:     41 changed, 991 examined...
004:      8 changed, 258 examined...
005:      3 changed, 49 examined...
006:      5 changed, 21 examined...
007:      2 changed, 24 examined...
008:      1 changed, 12 examined...
009:      2 changed, 7 examined...
010:      2 changed, 10 examined...
011:      0 changed, 10 examined...
152 labels changed using aseg
000: 89 total segments, 52 labels (209 vertices) changed
001: 39 total segments, 2 labels (8 vertices) changed
002: 37 total segments, 0 labels (0 vertices) changed
10 filter iterations complete (10 requested, 4 changed)
rationalizing unknown annotations with cortex label
relabeling unknown label...
relabeling corpuscallosum label...
1959 vertices marked for relabeling...
1959 labels changed in reclassification.
writing output to ../label/rh.aparc.annot...
classification took 0 minutes and 7 seconds.
#--------------------------------------------
#@# WhiteSurfs rh Sun Mar  8 14:35:47 CET 2026
cd /out/sourcedata/freesurfer/sub-v1s11x0050169_ses-1/mri
mris_place_surface --adgws-in ../surf/autodet.gw.stats.rh.dat --seg aseg.presurf.mgz --threads 16 --wm wm.mgz --invol brain.finalsurfs.mgz --rh --i ../surf/rh.white.preaparc --o ../surf/rh.white --white --nsmooth 0 --rip-label ../label/rh.cortex.label --rip-bg --rip-surf ../surf/rh.white.preaparc --aparc ../label/rh.aparc.annot
7.3.2
7.3.2

cd /out/sourcedata/freesurfer/sub-v1s11x0050169_ses-1/mri
setenv SUBJECTS_DIR /out/sourcedata/freesurfer
mris_place_surface --adgws-in ../surf/autodet.gw.stats.rh.dat --seg aseg.presurf.mgz --threads 16 --wm wm.mgz --invol brain.finalsurfs.mgz --rh --i ../surf/rh.white.preaparc --o ../surf/rh.white --white --nsmooth 0 --rip-label ../label/rh.cortex.label --rip-bg --rip-surf ../surf/rh.white.preaparc --aparc ../label/rh.aparc.annot 

Reading in input surface ../surf/rh.white.preaparc
Not smoothing input surface
Area    287852  0.34473  0.11840 0.002328   1.7829
Corner  863556 60.00000 13.31499 0.556066 177.4763
Edge    431778  0.90268  0.19539 0.013039   3.6650
Hinge   431778  9.50637 10.84658 0.000005 179.7451
Reading in aparc ../label/rh.aparc.annot
Reading in input volume brain.finalsurfs.mgz
Reading in wm volume wm.mgz
MRIclipBrightWM(): nthresh=15731, wmmin=5, clip=110 
MRIfindBrightNonWM(): 46 bright non-wm voxels segmented.
Masking bright non-wm for white surface
MRImask(): AllowDiffGeom = 1
MRImask(): AllowDiffGeom = 1
Reading in seg volume aseg.presurf.mgz
Ripping frozen voxels
Ripping vertices not in label ../label/rh.cortex.label
MRISripNotLabel() ripped 8190/143928 vertices (135738 unripped)
Reading in ripping surface ../surf/rh.white.preaparc
Reading in aparc ../label/rh.aparc.annot for ripsurf
Ripping BG
MRISripBasalGanglia(): 1 -2 2 0.5 ripped 332
Ripping segs (eg, WMSA, BG, frozen)
Starting MRISripSegs() d = (-2 2 0.5) segnos: 247 
MRISripSegs(): -2 2 0.5 ripped 0
vertex 71964: xyz = (38.3688,5.67614,28.1893) oxyz = (38.3688,5.67614,28.1893) wxzy = (38.3688,5.67614,28.1893) pxyz = (0,0,0) 
CBVO Creating mask 143928
n_averages 4
Iteration 0 =========================================
n_averages=4, current_sigma=2
Computing target border values 
Entering MRIScomputeBorderValues_new(): 
  inside_hi   = 120.0000000;
  border_hi   = 109.6274640;
  border_low  =  72.0000000;
  outside_low =  63.1424980;
  outside_hi  = 109.6274640;
  sigma = 2;
  max_thickness = 10;
  step_size=0.5;
  STEP_SIZE=0.1;
  which = 1
  thresh = 0
  flags = 0
  CBVfindFirstPeakD1=0
  CBVfindFirstPeakD2=0
  nvertices=143928
  Gdiag_no=-1
  vno start=0, stop=143928
Replacing 255s with 0s
#SI# sigma=2 had to be increased for 102 vertices, nripped=8522
mean border=82.8, 75 (75) missing vertices, mean dist 0.3 [0.8 (%13.5)->0.5 (%86.5))]
%70 local maxima, %24 large gradients and % 0 min vals, 0 gradients ignored
nFirstPeakD1 0
MRIScomputeBorderValues_new() finished in 0.0099 min


Finding expansion regions
mean absolute distance = 0.52 +- 0.81
3303 vertices more than 2 sigmas from mean.
Averaging target values for 5 iterations...
Positioning Surface: tspring = 0.3, nspring = 0.3, spring = 0, niters = 100 l_repulse = 5, l_surf_repulse = 0, checktol = 0
Positioning pial surface
Entering MRISpositionSurface()
  max_mm = 0.3
  MAX_REDUCTIONS = 2, REDUCTION_PCT = 0.5
  parms->check_tol = 0, niterations = 100
tol=1.0e-04, sigma=2.0, host=dna07, nav=4, nbrs=2, l_repulse=5.000, l_tspring=0.300, l_nspring=0.300, l_intensity=0.200, l_curv=1.000
mom=0.00, dt=0.50
complete_dist_mat 0
rms 0
smooth_averages 0
remove_neg 0
ico_order 0
which_surface 0
target_radius 0.000000
nfields 0
scale 0.000000
desired_rms_height 0.000000
momentum 0.000000
nbhd_size 0
max_nbrs 0
niterations 100
nsurfaces 0
SURFACES 3
flags 0 (0)
use curv 0
no sulc 0
no rigid align 0
mris->nsize 2
mris->hemisphere 1
randomSeed 0

000: dt: 0.0000, sse=1212041.9, rms=6.076
001: dt: 0.5000, sse=535003.3, rms=3.468 (42.925%)
002: dt: 0.5000, sse=381531.0, rms=2.519 (27.365%)
003: dt: 0.5000, sse=355093.8, rms=2.306 (8.430%)
004: dt: 0.5000, sse=337296.9, rms=2.148 (6.873%)
rms = 2.2171/2.1479, sse=348374.0/337296.9, time step reduction 1 of 3 to 0.250  0 1 1
   RMS increased, rejecting step
005: dt: 0.2500, sse=276522.7, rms=1.535 (28.511%)
006: dt: 0.2500, sse=258081.3, rms=1.238 (19.390%)
007: dt: 0.2500, sse=252366.4, rms=1.162 (6.152%)
rms = 1.1338/1.1616, sse=251671.6/252366.4, time step reduction 2 of 3 to 0.125  0 0 1
008: dt: 0.2500, sse=251671.6, rms=1.134 (2.392%)
rms = 1.1103/1.1338, sse=253891.5/251671.6, time step reduction 3 of 3 to 0.062  0 1 1
009: dt: 0.1250, sse=253891.5, rms=1.110 (2.079%)
  maximum number of reductions reached, breaking from loop
positioning took 0.8 minutes
Iteration 1 =========================================
n_averages=2, current_sigma=1
Computing target border values 
Entering MRIScomputeBorderValues_new(): 
  inside_hi   = 120.0000000;
  border_hi   = 109.6274640;
  border_low  =  72.0000000;
  outside_low =  63.1424980;
  outside_hi  = 109.6274640;
  sigma = 1;
  max_thickness = 10;
  step_size=0.5;
  STEP_SIZE=0.1;
  which = 1
  thresh = 0
  flags = 0
  CBVfindFirstPeakD1=0
  CBVfindFirstPeakD2=0
  nvertices=143928
  Gdiag_no=-1
  vno start=0, stop=143928
Replacing 255s with 0s
#SI# sigma=1 had to be increased for 95 vertices, nripped=8522
mean border=85.2, 64 (19) missing vertices, mean dist -0.2 [0.3 (%76.1)->0.3 (%23.9))]
%81 local maxima, %13 large gradients and % 0 min vals, 0 gradients ignored
nFirstPeakD1 0
MRIScomputeBorderValues_new() finished in 0.0075 min


Finding expansion regions
mean absolute distance = 0.32 +- 0.59
2614 vertices more than 2 sigmas from mean.
Averaging target values for 5 iterations...
Positioning Surface: tspring = 0.3, nspring = 0.3, spring = 0, niters = 100 l_repulse = 5, l_surf_repulse = 0, checktol = 0
Positioning pial surface
Entering MRISpositionSurface()
  max_mm = 0.3
  MAX_REDUCTIONS = 2, REDUCTION_PCT = 0.5
  parms->check_tol = 0, niterations = 100
tol=1.0e-04, sigma=1.0, host=dna07, nav=2, nbrs=2, l_repulse=5.000, l_tspring=0.300, l_nspring=0.300, l_intensity=0.200, l_curv=1.000
mom=0.00, dt=0.50
000: dt: 0.0000, sse=559010.6, rms=3.480
010: dt: 0.5000, sse=343594.2, rms=2.067 (40.604%)
011: dt: 0.5000, sse=333059.3, rms=1.941 (6.078%)
rms = 1.9455/1.9413, sse=329977.3/333059.3, time step reduction 1 of 3 to 0.250  0 0 1
   RMS increased, rejecting step
012: dt: 0.2500, sse=277660.9, rms=1.375 (29.158%)
013: dt: 0.2500, sse=263055.5, rms=1.042 (24.246%)
014: dt: 0.2500, sse=261248.6, rms=0.966 (7.264%)
rms = 0.9487/0.9661, sse=249965.4/261248.6, time step reduction 2 of 3 to 0.125  0 0 1
015: dt: 0.2500, sse=249965.4, rms=0.949 (1.803%)
rms = 0.9408/0.9487, sse=250494.3/249965.4, time step reduction 3 of 3 to 0.062  0 1 1
016: dt: 0.1250, sse=250494.3, rms=0.941 (0.835%)
  maximum number of reductions reached, breaking from loop
positioning took 0.6 minutes
Iteration 2 =========================================
n_averages=1, current_sigma=0.5
Computing target border values 
Entering MRIScomputeBorderValues_new(): 
  inside_hi   = 120.0000000;
  border_hi   = 109.6274640;
  border_low  =  72.0000000;
  outside_low =  63.1424980;
  outside_hi  = 109.6274640;
  sigma = 0.5;
  max_thickness = 10;
  step_size=0.5;
  STEP_SIZE=0.1;
  which = 1
  thresh = 0
  flags = 0
  CBVfindFirstPeakD1=0
  CBVfindFirstPeakD2=0
  nvertices=143928
  Gdiag_no=-1
  vno start=0, stop=143928
Replacing 255s with 0s
#SI# sigma=0.5 had to be increased for 117 vertices, nripped=8522
mean border=86.8, 87 (13) missing vertices, mean dist -0.1 [0.2 (%69.4)->0.2 (%30.6))]
%86 local maxima, % 8 large gradients and % 0 min vals, 0 gradients ignored
nFirstPeakD1 0
MRIScomputeBorderValues_new() finished in 0.0060 min


Finding expansion regions
mean absolute distance = 0.24 +- 0.44
3049 vertices more than 2 sigmas from mean.
Averaging target values for 5 iterations...
Positioning Surface: tspring = 0.3, nspring = 0.3, spring = 0, niters = 100 l_repulse = 5, l_surf_repulse = 0, checktol = 0
Positioning pial surface
Entering MRISpositionSurface()
  max_mm = 0.3
  MAX_REDUCTIONS = 2, REDUCTION_PCT = 0.5
  parms->check_tol = 0, niterations = 100
tol=1.0e-04, sigma=0.5, host=dna07, nav=1, nbrs=2, l_repulse=5.000, l_tspring=0.300, l_nspring=0.300, l_intensity=0.200, l_curv=1.000
mom=0.00, dt=0.50
000: dt: 0.0000, sse=358657.8, rms=2.240
017: dt: 0.5000, sse=307869.9, rms=1.710 (23.640%)
rms = 1.8166/1.7104, sse=317327.6/307869.9, time step reduction 1 of 3 to 0.250  0 1 1
   RMS increased, rejecting step
018: dt: 0.2500, sse=263659.8, rms=1.180 (30.994%)
019: dt: 0.2500, sse=250908.2, rms=0.917 (22.334%)
rms = 0.8705/0.9167, sse=245154.1/250908.2, time step reduction 2 of 3 to 0.125  0 0 1
020: dt: 0.2500, sse=245154.1, rms=0.871 (5.036%)
rms = 0.8513/0.8705, sse=245115.7/245154.1, time step reduction 3 of 3 to 0.062  0 0 1
021: dt: 0.1250, sse=245115.7, rms=0.851 (2.204%)
  maximum number of reductions reached, breaking from loop
positioning took 0.4 minutes
Iteration 3 =========================================
n_averages=0, current_sigma=0.25
Computing target border values 
Entering MRIScomputeBorderValues_new(): 
  inside_hi   = 120.0000000;
  border_hi   = 109.6274640;
  border_low  =  72.0000000;
  outside_low =  63.1424980;
  outside_hi  = 109.6274640;
  sigma = 0.25;
  max_thickness = 10;
  step_size=0.5;
  STEP_SIZE=0.1;
  which = 1
  thresh = 0
  flags = 0
  CBVfindFirstPeakD1=0
  CBVfindFirstPeakD2=0
  nvertices=143928
  Gdiag_no=-1
  vno start=0, stop=143928
Replacing 255s with 0s
#SI# sigma=0.25 had to be increased for 120 vertices, nripped=8522
mean border=87.3, 144 (10) missing vertices, mean dist -0.0 [0.2 (%55.6)->0.2 (%44.4))]
%88 local maxima, % 6 large gradients and % 0 min vals, 0 gradients ignored
nFirstPeakD1 0
MRIScomputeBorderValues_new() finished in 0.0042 min


Finding expansion regions
mean absolute distance = 0.22 +- 0.37
2837 vertices more than 2 sigmas from mean.
Averaging target values for 5 iterations...
Positioning Surface: tspring = 0.3, nspring = 0.3, spring = 0, niters = 100 l_repulse = 5, l_surf_repulse = 0, checktol = 0
Positioning pial surface
Entering MRISpositionSurface()
  max_mm = 0.3
  MAX_REDUCTIONS = 2, REDUCTION_PCT = 0.5
  parms->check_tol = 0, niterations = 100
tol=1.0e-04, sigma=0.2, host=dna07, nav=0, nbrs=2, l_repulse=5.000, l_tspring=0.300, l_nspring=0.300, l_intensity=0.200, l_curv=1.000
mom=0.00, dt=0.50
000: dt: 0.0000, sse=258428.5, rms=1.139
022: dt: 0.5000, sse=257344.6, rms=1.040 (8.698%)
rms = 1.2840/1.0402, sse=268804.2/257344.6, time step reduction 1 of 3 to 0.250  0 1 1
   RMS increased, rejecting step
023: dt: 0.2500, sse=242770.8, rms=0.776 (25.391%)
024: dt: 0.2500, sse=239622.5, rms=0.713 (8.096%)
rms = 0.6880/0.7133, sse=236845.6/239622.5, time step reduction 2 of 3 to 0.125  0 0 1
025: dt: 0.2500, sse=236845.6, rms=0.688 (3.545%)
rms = 0.6808/0.6880, sse=235104.6/236845.6, time step reduction 3 of 3 to 0.062  0 0 1
026: dt: 0.1250, sse=235104.6, rms=0.681 (1.039%)
  maximum number of reductions reached, breaking from loop
positioning took 0.4 minutes


Writing output to ../surf/rh.white
#ET# mris_place_surface  2.34 minutes
#VMPC# mris_place_surfaces VmPeak  3125904
mris_place_surface done
#--------------------------------------------
#@# T1PialSurf rh Sun Mar  8 14:38:13 CET 2026
cd /out/sourcedata/freesurfer/sub-v1s11x0050169_ses-1/mri
mris_place_surface --adgws-in ../surf/autodet.gw.stats.rh.dat --seg aseg.presurf.mgz --threads 16 --wm wm.mgz --invol brain.finalsurfs.mgz --rh --i ../surf/rh.white --o ../surf/rh.pial.T1 --pial --nsmooth 0 --rip-label ../label/rh.cortex+hipamyg.label --pin-medial-wall ../label/rh.cortex.label --aparc ../label/rh.aparc.annot --repulse-surf ../surf/rh.white --white-surf ../surf/rh.white
7.3.2
7.3.2

cd /out/sourcedata/freesurfer/sub-v1s11x0050169_ses-1/mri
setenv SUBJECTS_DIR /out/sourcedata/freesurfer
mris_place_surface --adgws-in ../surf/autodet.gw.stats.rh.dat --seg aseg.presurf.mgz --threads 16 --wm wm.mgz --invol brain.finalsurfs.mgz --rh --i ../surf/rh.white --o ../surf/rh.pial.T1 --pial --nsmooth 0 --rip-label ../label/rh.cortex+hipamyg.label --pin-medial-wall ../label/rh.cortex.label --aparc ../label/rh.aparc.annot --repulse-surf ../surf/rh.white --white-surf ../surf/rh.white 

Reading in input surface ../surf/rh.white
Not smoothing input surface
Area    287852  0.34925  0.13447 0.000124   2.1234
Corner  863556 60.00000 14.85619 0.624053 178.0914
Edge    431778  0.91033  0.21781 0.005810   3.8099
Hinge   431778  9.62239 11.13025 0.000035 179.9897
Reading white surface coordinates from ../surf/rh.white
Reading repulsion surface coordinates from ../surf/rh.white
Reading in aparc ../label/rh.aparc.annot
Reading in input volume brain.finalsurfs.mgz
Reading in wm volume wm.mgz
MRIclipBrightWM(): nthresh=15731, wmmin=5, clip=110 
MRIfindBrightNonWM(): 46 bright non-wm voxels segmented.
Masking bright non-wm for pial surface mid_gray = 69.9
MRImask(): AllowDiffGeom = 1
MRImask(): AllowDiffGeom = 1
MRImask(): AllowDiffGeom = 1
Reading in seg volume aseg.presurf.mgz
Ripping frozen voxels
Ripping vertices not in label ../label/rh.cortex+hipamyg.label
MRISripNotLabel() ripped 6214/143928 vertices (137714 unripped)
INFO: rip surface needed but not specified, so using input surface
Ripping segs (eg, WMSA, BG, frozen)
Starting MRISripSegs() d = (-2 2 0.5) segnos: 247 
MRISripSegs(): -2 2 0.5 ripped 0
vertex 71964: xyz = (38.3399,5.6583,28.1778) oxyz = (38.3399,5.6583,28.1778) wxzy = (38.3399,5.6583,28.1778) pxyz = (38.3399,5.6583,28.1778) 
CBVO Creating mask 143928
n_averages 16
Iteration 0 =========================================
n_averages=16, current_sigma=2
Computing target border values 
Entering MRIScomputeBorderValues_new(): 
  inside_hi   =  94.3725360;
  border_hi   =  63.1424980;
  border_low  =  45.4274980;
  outside_low =  10.0000000;
  outside_hi  =  58.7137450;
  sigma = 2;
  max_thickness = 10;
  step_size=0.5;
  STEP_SIZE=0.1;
  which = 2
  thresh = 0
  flags = 0
  CBVfindFirstPeakD1=0
  CBVfindFirstPeakD2=0
  nvertices=143928
  Gdiag_no=-1
  vno start=0, stop=143928
Replacing 255s with 0s
#SI# sigma=2 had to be increased for 173 vertices, nripped=6214
mean border=62.1, 160 (160) missing vertices, mean dist 1.6 [0.5 (%0.0)->3.1 (%100.0))]
%13 local maxima, %36 large gradients and %47 min vals, 0 gradients ignored
nFirstPeakD1 0
MRIScomputeBorderValues_new() finished in 0.0122 min


Averaging target values for 5 iterations...
Positioning Surface: tspring = 0.3, nspring = 0.3, spring = 0, niters = 100 l_repulse = 0, l_surf_repulse = 5, checktol = 0
Positioning pial surface
Entering MRISpositionSurface()
  max_mm = 0.3
  MAX_REDUCTIONS = 2, REDUCTION_PCT = 0.5
  parms->check_tol = 0, niterations = 100
tol=1.0e-04, sigma=2.0, host=dna07, nav=16, nbrs=2, l_surf_repulse=5.000, l_tspring=0.300, l_nspring=0.300, l_intensity=0.200, l_curv=1.000
mom=0.00, dt=0.50
complete_dist_mat 0
rms 0
smooth_averages 0
remove_neg 0
ico_order 0
which_surface 0
target_radius 0.000000
nfields 0
scale 0.000000
desired_rms_height 0.000000
momentum 0.000000
nbhd_size 0
max_nbrs 0
niterations 100
nsurfaces 0
SURFACES 3
flags 0 (0)
use curv 0
no sulc 0
no rigid align 0
mris->nsize 2
mris->hemisphere 1
randomSeed 0

000: dt: 0.0000, sse=18678592.0, rms=25.906
001: dt: 0.5000, sse=12866497.0, rms=21.444 (17.224%)
002: dt: 0.5000, sse=8786105.0, rms=17.649 (17.700%)
003: dt: 0.5000, sse=6171356.5, rms=14.708 (16.660%)
004: dt: 0.5000, sse=4556224.0, rms=12.551 (14.671%)
005: dt: 0.5000, sse=3523770.5, rms=10.948 (12.767%)
006: dt: 0.5000, sse=2816203.0, rms=9.696 (11.440%)
007: dt: 0.5000, sse=2303230.5, rms=8.673 (10.551%)
008: dt: 0.5000, sse=1913333.5, rms=7.804 (10.022%)
009: dt: 0.5000, sse=1611669.9, rms=7.056 (9.583%)
010: dt: 0.5000, sse=1364359.0, rms=6.376 (9.637%)
011: dt: 0.5000, sse=1171002.5, rms=5.787 (9.236%)
012: dt: 0.5000, sse=1011118.8, rms=5.250 (9.285%)
013: dt: 0.5000, sse=891279.2, rms=4.806 (8.459%)
014: dt: 0.5000, sse=797318.4, rms=4.426 (7.909%)
015: dt: 0.5000, sse=730262.4, rms=4.131 (6.648%)
016: dt: 0.5000, sse=680581.6, rms=3.898 (5.652%)
017: dt: 0.5000, sse=642122.5, rms=3.706 (4.924%)
018: dt: 0.5000, sse=615753.9, rms=3.567 (3.748%)
019: dt: 0.5000, sse=596890.8, rms=3.463 (2.913%)
020: dt: 0.5000, sse=583814.8, rms=3.388 (2.168%)
021: dt: 0.5000, sse=573269.8, rms=3.326 (1.834%)
rms = 3.2815/3.3259, sse=566072.9/573269.8, time step reduction 1 of 3 to 0.250  0 0 1
022: dt: 0.5000, sse=566072.9, rms=3.282 (1.335%)
023: dt: 0.2500, sse=519963.0, rms=2.997 (8.669%)
024: dt: 0.2500, sse=510424.5, rms=2.935 (2.064%)
rms = 2.9340/2.9352, sse=510617.2/510424.5, time step reduction 2 of 3 to 0.125  0 1 1
025: dt: 0.2500, sse=510617.2, rms=2.934 (0.039%)
026: dt: 0.1250, sse=498670.1, rms=2.855 (2.682%)
rms = 2.8289/2.8553, sse=494733.6/498670.1, time step reduction 3 of 3 to 0.062  0 0 1
027: dt: 0.1250, sse=494733.6, rms=2.829 (0.926%)
  maximum number of reductions reached, breaking from loop
positioning took 1.8 minutes
Iteration 1 =========================================
n_averages=8, current_sigma=1
Computing target border values 
Entering MRIScomputeBorderValues_new(): 
  inside_hi   =  94.3725360;
  border_hi   =  63.1424980;
  border_low  =  45.4274980;
  outside_low =  10.0000000;
  outside_hi  =  58.7137450;
  sigma = 1;
  max_thickness = 10;
  step_size=0.5;
  STEP_SIZE=0.1;
  which = 2
  thresh = 0
  flags = 0
  CBVfindFirstPeakD1=0
  CBVfindFirstPeakD2=0
  nvertices=143928
  Gdiag_no=-1
  vno start=0, stop=143928
Replacing 255s with 0s
#SI# sigma=1 had to be increased for 14755 vertices, nripped=6214
mean border=60.9, 2062 (30) missing vertices, mean dist 0.2 [0.2 (%41.6)->0.8 (%58.4))]
%22 local maxima, %30 large gradients and %42 min vals, 0 gradients ignored
nFirstPeakD1 0
MRIScomputeBorderValues_new() finished in 0.0050 min


Averaging target values for 5 iterations...
Positioning Surface: tspring = 0.3, nspring = 0.3, spring = 0, niters = 100 l_repulse = 0, l_surf_repulse = 5, checktol = 0
Positioning pial surface
Entering MRISpositionSurface()
  max_mm = 0.3
  MAX_REDUCTIONS = 2, REDUCTION_PCT = 0.5
  parms->check_tol = 0, niterations = 100
tol=1.0e-04, sigma=1.0, host=dna07, nav=8, nbrs=2, l_surf_repulse=5.000, l_tspring=0.300, l_nspring=0.300, l_intensity=0.200, l_curv=1.000
mom=0.00, dt=0.50
000: dt: 0.0000, sse=719635.6, rms=3.707
028: dt: 0.5000, sse=664751.4, rms=3.425 (7.602%)
029: dt: 0.5000, sse=624431.9, rms=3.213 (6.173%)
rms = 3.2715/3.2135, sse=635088.4/624431.9, time step reduction 1 of 3 to 0.250  0 1 1
   RMS increased, rejecting step
030: dt: 0.2500, sse=585082.8, rms=2.972 (7.500%)
031: dt: 0.2500, sse=574752.0, rms=2.902 (2.381%)
rms = 2.9191/2.9017, sse=577779.8/574752.0, time step reduction 2 of 3 to 0.125  0 1 1
   RMS increased, rejecting step
rms = 2.8632/2.9017, sse=568812.2/574752.0, time step reduction 3 of 3 to 0.062  0 0 1
032: dt: 0.1250, sse=568812.2, rms=2.863 (1.328%)
  maximum number of reductions reached, breaking from loop
positioning took 0.4 minutes
Iteration 2 =========================================
n_averages=4, current_sigma=0.5
Computing target border values 
Entering MRIScomputeBorderValues_new(): 
  inside_hi   =  94.3725360;
  border_hi   =  63.1424980;
  border_low  =  45.4274980;
  outside_low =  10.0000000;
  outside_hi  =  58.7137450;
  sigma = 0.5;
  max_thickness = 10;
  step_size=0.5;
  STEP_SIZE=0.1;
  which = 2
  thresh = 0
  flags = 0
  CBVfindFirstPeakD1=0
  CBVfindFirstPeakD2=0
  nvertices=143928
  Gdiag_no=-1
  vno start=0, stop=143928
Replacing 255s with 0s
#SI# sigma=0.5 had to be increased for 16306 vertices, nripped=6214
mean border=60.3, 2487 (23) missing vertices, mean dist 0.2 [0.2 (%38.2)->0.6 (%61.8))]
%32 local maxima, %20 large gradients and %42 min vals, 0 gradients ignored
nFirstPeakD1 0
MRIScomputeBorderValues_new() finished in 0.0030 min


Averaging target values for 5 iterations...
Positioning Surface: tspring = 0.3, nspring = 0.3, spring = 0, niters = 100 l_repulse = 0, l_surf_repulse = 5, checktol = 0
Positioning pial surface
Entering MRISpositionSurface()
  max_mm = 0.3
  MAX_REDUCTIONS = 2, REDUCTION_PCT = 0.5
  parms->check_tol = 0, niterations = 100
tol=1.0e-04, sigma=0.5, host=dna07, nav=4, nbrs=2, l_surf_repulse=5.000, l_tspring=0.300, l_nspring=0.300, l_intensity=0.200, l_curv=1.000
mom=0.00, dt=0.50
000: dt: 0.0000, sse=632374.6, rms=3.205
rms = 3.2033/3.2047, sse=631580.8/632374.6, time step reduction 1 of 3 to 0.250  0 0 1
033: dt: 0.5000, sse=631580.8, rms=3.203 (0.043%)
034: dt: 0.2500, sse=574697.8, rms=2.858 (10.780%)
035: dt: 0.2500, sse=566633.7, rms=2.808 (1.760%)
rms = 2.8085/2.8077, sse=566608.2/566633.7, time step reduction 2 of 3 to 0.125  0 0 1
   RMS increased, rejecting step
rms = 2.7638/2.8077, sse=560031.1/566633.7, time step reduction 3 of 3 to 0.062  0 0 1
036: dt: 0.1250, sse=560031.1, rms=2.764 (1.564%)
  maximum number of reductions reached, breaking from loop
positioning took 0.3 minutes
Iteration 3 =========================================
n_averages=2, current_sigma=0.25
Computing target border values 
Entering MRIScomputeBorderValues_new(): 
  inside_hi   =  94.3725360;
  border_hi   =  63.1424980;
  border_low  =  45.4274980;
  outside_low =  10.0000000;
  outside_hi  =  58.7137450;
  sigma = 0.25;
  max_thickness = 10;
  step_size=0.5;
  STEP_SIZE=0.1;
  which = 2
  thresh = 0
  flags = 0
  CBVfindFirstPeakD1=0
  CBVfindFirstPeakD2=0
  nvertices=143928
  Gdiag_no=-1
  vno start=0, stop=143928
Replacing 255s with 0s
#SI# sigma=0.25 had to be increased for 14116 vertices, nripped=6214
mean border=59.8, 6025 (21) missing vertices, mean dist 0.1 [0.3 (%39.3)->0.4 (%60.7))]
%36 local maxima, %15 large gradients and %40 min vals, 0 gradients ignored
nFirstPeakD1 0
MRIScomputeBorderValues_new() finished in 0.0021 min


Averaging target values for 5 iterations...
Positioning Surface: tspring = 0.3, nspring = 0.3, spring = 0, niters = 100 l_repulse = 0, l_surf_repulse = 5, checktol = 0
Positioning pial surface
Entering MRISpositionSurface()
  max_mm = 0.3
  MAX_REDUCTIONS = 2, REDUCTION_PCT = 0.5
  parms->check_tol = 0, niterations = 100
tol=1.0e-04, sigma=0.2, host=dna07, nav=2, nbrs=2, l_surf_repulse=5.000, l_tspring=0.300, l_nspring=0.300, l_intensity=0.200, l_curv=1.000
mom=0.00, dt=0.50
000: dt: 0.0000, sse=576602.1, rms=2.860
rms = 3.0024/2.8597, sse=597756.9/576602.1, time step reduction 1 of 3 to 0.250  0 1 1
   RMS increased, rejecting step
037: dt: 0.2500, sse=555423.1, rms=2.720 (4.884%)
rms = 2.6878/2.7200, sse=550038.8/555423.1, time step reduction 2 of 3 to 0.125  0 0 1
038: dt: 0.2500, sse=550038.8, rms=2.688 (1.186%)
039: dt: 0.1250, sse=539932.1, rms=2.617 (2.649%)
rms = 2.5667/2.6166, sse=532545.4/539932.2, time step reduction 3 of 3 to 0.062  0 0 1
040: dt: 0.1250, sse=532545.4, rms=2.567 (1.905%)
  maximum number of reductions reached, breaking from loop
positioning took 0.3 minutes
Pinning medial wall to white surface
removing intersecting faces
000: 11 intersecting
terminating search with 0 intersecting


Writing output to ../surf/rh.pial.T1
#ET# mris_place_surface  3.07 minutes
#VMPC# mris_place_surfaces VmPeak  2466704
mris_place_surface done
#@# white curv rh Sun Mar  8 14:41:22 CET 2026
cd /out/sourcedata/freesurfer/sub-v1s11x0050169_ses-1/mri
mris_place_surface --curv-map ../surf/rh.white 2 10 ../surf/rh.curv
insurf  ../surf/rh.white, nbrs 2, curvature_avgs 10
writing curvature file ../surf/rh.curv
#@# white area rh Sun Mar  8 14:41:24 CET 2026
cd /out/sourcedata/freesurfer/sub-v1s11x0050169_ses-1/mri
mris_place_surface --area-map ../surf/rh.white ../surf/rh.area
writing curvature file ../surf/rh.area
#@# pial curv rh Sun Mar  8 14:41:24 CET 2026
cd /out/sourcedata/freesurfer/sub-v1s11x0050169_ses-1/mri
mris_place_surface --curv-map ../surf/rh.pial 2 10 ../surf/rh.curv.pial
insurf  ../surf/rh.pial, nbrs 2, curvature_avgs 10
writing curvature file ../surf/rh.curv.pial
#@# pial area rh Sun Mar  8 14:41:25 CET 2026
cd /out/sourcedata/freesurfer/sub-v1s11x0050169_ses-1/mri
mris_place_surface --area-map ../surf/rh.pial ../surf/rh.area.pial
writing curvature file ../surf/rh.area.pial
#@# thickness rh Sun Mar  8 14:41:26 CET 2026
cd /out/sourcedata/freesurfer/sub-v1s11x0050169_ses-1/mri
mris_place_surface --thickness ../surf/rh.white ../surf/rh.pial 20 5 ../surf/rh.thickness
0 of 143928 vertices processed
25000 of 143928 vertices processed
50000 of 143928 vertices processed
75000 of 143928 vertices processed
100000 of 143928 vertices processed
125000 of 143928 vertices processed
0 of 143928 vertices processed
25000 of 143928 vertices processed
50000 of 143928 vertices processed
75000 of 143928 vertices processed
100000 of 143928 vertices processed
125000 of 143928 vertices processed
thickness calculation complete, 1096:3517 truncations.
53593 vertices at 0 distance
106912 vertices at 1 distance
74826 vertices at 2 distance
30846 vertices at 3 distance
11979 vertices at 4 distance
5064 vertices at 5 distance
2262 vertices at 6 distance
1038 vertices at 7 distance
458 vertices at 8 distance
254 vertices at 9 distance
173 vertices at 10 distance
111 vertices at 11 distance
77 vertices at 12 distance
66 vertices at 13 distance
56 vertices at 14 distance
34 vertices at 15 distance
24 vertices at 16 distance
29 vertices at 17 distance
22 vertices at 18 distance
15 vertices at 19 distance
17 vertices at 20 distance
writing curvature file ../surf/rh.thickness
#@# area and vertex vol rh Sun Mar  8 14:41:47 CET 2026
cd /out/sourcedata/freesurfer/sub-v1s11x0050169_ses-1/mri
mris_place_surface --thickness ../surf/rh.white ../surf/rh.pial 20 5 ../surf/rh.thickness
/out/sourcedata/freesurfer/sub-v1s11x0050169_ses-1/surf
mris_calc -o rh.area.mid rh.area add rh.area.pial
Saving result to 'rh.area.mid' (type = MRI_CURV_FILE)                       [ ok ]
mris_calc -o rh.area.mid rh.area.mid div 2
Saving result to 'rh.area.mid' (type = MRI_CURV_FILE)                       [ ok ]
mris_convert --volume sub-v1s11x0050169_ses-1 rh /out/sourcedata/freesurfer/sub-v1s11x0050169_ses-1/surf/rh.volume
masking with /out/sourcedata/freesurfer/sub-v1s11x0050169_ses-1/label/rh.cortex.label
Total face volume 304340
Total vertex volume 304104 (mask=0)
#@# sub-v1s11x0050169_ses-1 rh 304104
 
vertexvol Done

#-----------------------------------------
#@# Curvature Stats rh Sun Mar  8 14:41:49 CET 2026
/out/sourcedata/freesurfer/sub-v1s11x0050169_ses-1/surf

 mris_curvature_stats -m --writeCurvatureFiles -G -o ../stats/rh.curv.stats -F smoothwm sub-v1s11x0050169_ses-1 rh curv sulc 

             Toggling save flag on curvature files                       [ ok ]
                 Outputting results using filestem   [ ../stats/rh.curv.stats ]
             Toggling save flag on curvature files                       [ ok ]
                                   Setting surface [ sub-v1s11x0050169_ses-1/rh.smoothwm ]
                                Reading surface...                       [ ok ]
                                   Setting texture                     [ curv ]
                                Reading texture...                       [ ok ]
                                   Setting texture                     [ sulc ]
                                Reading texture...Gb_filter = 0
                       [ ok ]
      Calculating Discrete Principal Curvatures...
      Determining geometric order for vno faces... [####################] [ ok ]
                      Determining KH curvatures... [####################] [ ok ]
                    Determining k1k2 curvatures... [####################] [ ok ]
                                   deltaViolations                      [ 253 ]
Gb_filter = 0
#-----------------------------------------
#@# Cortical Parc 2 rh Sun Mar  8 14:41:50 CET 2026
/out/sourcedata/freesurfer/sub-v1s11x0050169_ses-1/scripts

 mris_ca_label -l ../label/rh.cortex.label -aseg ../mri/aseg.presurf.mgz -seed 1234 sub-v1s11x0050169_ses-1 rh ../surf/rh.sphere.reg /opt/freesurfer/average/rh.CDaparc.atlas.acfb40.noaparc.i12.2016-08-02.gcs ../label/rh.aparc.a2009s.annot 

setting seed for random number generator to 1234
using ../mri/aseg.presurf.mgz aseg volume to correct midline
7.3.2
  7.3.2
reading atlas from /opt/freesurfer/average/rh.CDaparc.atlas.acfb40.noaparc.i12.2016-08-02.gcs...
reading color table from GCSA file....
average std = 1.4   using min determinant for regularization = 0.021
0 singular and 0 ill-conditioned covariance matrices regularized
input 0: MEAN CURVATURE, flags 0, avgs 5, name mean_curvature
labeling surface...
0 labels changed using aseg
relabeling using gibbs priors...
000:   9440 changed, 143928 examined...
001:   2082 changed, 36908 examined...
002:    657 changed, 11275 examined...
003:    316 changed, 3750 examined...
004:    157 changed, 1837 examined...
005:     83 changed, 902 examined...
006:     49 changed, 483 examined...
007:     32 changed, 274 examined...
008:     19 changed, 180 examined...
009:      6 changed, 111 examined...
010:      1 changed, 35 examined...
011:      0 changed, 7 examined...
1 labels changed using aseg
000: 228 total segments, 146 labels (2200 vertices) changed
001: 95 total segments, 13 labels (52 vertices) changed
002: 82 total segments, 0 labels (0 vertices) changed
10 filter iterations complete (10 requested, 30 changed)
rationalizing unknown annotations with cortex label
relabeling Medial_wall label...
1298 vertices marked for relabeling...
1298 labels changed in reclassification.
writing output to ../label/rh.aparc.a2009s.annot...
classification took 0 minutes and 10 seconds.
#-----------------------------------------
#@# Cortical Parc 3 rh Sun Mar  8 14:42:01 CET 2026
/out/sourcedata/freesurfer/sub-v1s11x0050169_ses-1/scripts

 mris_ca_label -l ../label/rh.cortex.label -aseg ../mri/aseg.presurf.mgz -seed 1234 sub-v1s11x0050169_ses-1 rh ../surf/rh.sphere.reg /opt/freesurfer/average/rh.DKTaparc.atlas.acfb40.noaparc.i12.2016-08-02.gcs ../label/rh.aparc.DKTatlas.annot 

setting seed for random number generator to 1234
using ../mri/aseg.presurf.mgz aseg volume to correct midline
7.3.2
  7.3.2
reading atlas from /opt/freesurfer/average/rh.DKTaparc.atlas.acfb40.noaparc.i12.2016-08-02.gcs...
reading color table from GCSA file....
average std = 0.9   using min determinant for regularization = 0.009
0 singular and 325 ill-conditioned covariance matrices regularized
input 0: MEAN CURVATURE, flags 0, avgs 5, name mean_curvature
labeling surface...
1487 labels changed using aseg
relabeling using gibbs priors...
000:   2179 changed, 143928 examined...
001:    469 changed, 10050 examined...
002:    143 changed, 2742 examined...
003:     55 changed, 831 examined...
004:     27 changed, 312 examined...
005:     15 changed, 148 examined...
006:     11 changed, 86 examined...
007:     16 changed, 55 examined...
008:     13 changed, 65 examined...
009:      5 changed, 67 examined...
010:      1 changed, 31 examined...
011:      1 changed, 8 examined...
012:      0 changed, 6 examined...
214 labels changed using aseg
000: 51 total segments, 18 labels (180 vertices) changed
001: 35 total segments, 2 labels (2 vertices) changed
002: 33 total segments, 0 labels (0 vertices) changed
10 filter iterations complete (10 requested, 5 changed)
rationalizing unknown annotations with cortex label
relabeling unknown label...
relabeling corpuscallosum label...
969 vertices marked for relabeling...
969 labels changed in reclassification.
writing output to ../label/rh.aparc.DKTatlas.annot...
classification took 0 minutes and 8 seconds.
#-----------------------------------------
#@# WM/GM Contrast rh Sun Mar  8 14:42:08 CET 2026
/out/sourcedata/freesurfer/sub-v1s11x0050169_ses-1/scripts

 pctsurfcon --s sub-v1s11x0050169_ses-1 --rh-only 

Log file is /out/sourcedata/freesurfer/sub-v1s11x0050169_ses-1/scripts/pctsurfcon.log
Sun Mar  8 14:42:08 CET 2026
setenv SUBJECTS_DIR /out/sourcedata/freesurfer
cd /out/sourcedata/freesurfer/sub-v1s11x0050169_ses-1/scripts
/opt/freesurfer/bin/pctsurfcon
pctsurfcon 7.3.2
Linux dna071 5.14.0-427.37.1.el9_4.x86_64 #1 SMP PREEMPT_DYNAMIC Fri Sep 13 12:41:50 EDT 2024 x86_64 x86_64 x86_64 GNU/Linux
FREESURFER_HOME /opt/freesurfer
mri_vol2surf --mov /out/sourcedata/freesurfer/sub-v1s11x0050169_ses-1/mri/rawavg.mgz --hemi rh --noreshape --interp trilinear --projdist -1 --o /out/sourcedata/freesurfer/sub-v1s11x0050169_ses-1/surf/tmp.pctsurfcon.19475/rh.wm.mgh --regheader sub-v1s11x0050169_ses-1 --cortex
srcvol = /out/sourcedata/freesurfer/sub-v1s11x0050169_ses-1/mri/rawavg.mgz
srcreg unspecified
srcregold = 0
srcwarp unspecified
surf = white
hemi = rh
ProjDist = -1
reshape = 0
interp = trilinear
float2int = round
GetProjMax = 0
INFO: float2int code = 0
Done loading volume
Computing registration from header.
  Using /out/sourcedata/freesurfer/sub-v1s11x0050169_ses-1/mri/orig.mgz as target reference.
-------- original matrix -----------
-0.99361  -0.08868  -0.06976   0.00003;
-0.06948  -0.00620   0.99756   0.00000;
 0.08889  -0.99604  -0.00000  -0.00003;
 0.00000   0.00000   0.00000   1.00000;
-------- original matrix -----------
Loading label /out/sourcedata/freesurfer/sub-v1s11x0050169_ses-1/label/rh.cortex.label
Reading surface /out/sourcedata/freesurfer/sub-v1s11x0050169_ses-1/surf/rh.white
Done reading source surface
Mapping Source Volume onto Source Subject Surface
Projecting -1 -1 1
 1 -1 -1 -1
using old
Done mapping volume to surface
Number of source voxels hit = 81824
Masking with /out/sourcedata/freesurfer/sub-v1s11x0050169_ses-1/label/rh.cortex.label
Writing to /out/sourcedata/freesurfer/sub-v1s11x0050169_ses-1/surf/tmp.pctsurfcon.19475/rh.wm.mgh
Dim: 143928 1 1
mri_vol2surf --mov /out/sourcedata/freesurfer/sub-v1s11x0050169_ses-1/mri/rawavg.mgz --hemi rh --noreshape --interp trilinear --o /out/sourcedata/freesurfer/sub-v1s11x0050169_ses-1/surf/tmp.pctsurfcon.19475/rh.gm.mgh --projfrac 0.3 --regheader sub-v1s11x0050169_ses-1 --cortex
srcvol = /out/sourcedata/freesurfer/sub-v1s11x0050169_ses-1/mri/rawavg.mgz
srcreg unspecified
srcregold = 0
srcwarp unspecified
surf = white
hemi = rh
ProjFrac = 0.3
thickness = thickness
reshape = 0
interp = trilinear
float2int = round
GetProjMax = 0
INFO: float2int code = 0
Done loading volume
Computing registration from header.
  Using /out/sourcedata/freesurfer/sub-v1s11x0050169_ses-1/mri/orig.mgz as target reference.
-------- original matrix -----------
-0.99361  -0.08868  -0.06976   0.00003;
-0.06948  -0.00620   0.99756   0.00000;
 0.08889  -0.99604  -0.00000  -0.00003;
 0.00000   0.00000   0.00000   1.00000;
-------- original matrix -----------
Loading label /out/sourcedata/freesurfer/sub-v1s11x0050169_ses-1/label/rh.cortex.label
Reading surface /out/sourcedata/freesurfer/sub-v1s11x0050169_ses-1/surf/rh.white
Done reading source surface
Reading thickness /out/sourcedata/freesurfer/sub-v1s11x0050169_ses-1/surf/rh.thickness
Done
Mapping Source Volume onto Source Subject Surface
Projecting 0.3 0.3 1
 1 0.3 0.3 0.3
using old
Done mapping volume to surface
Number of source voxels hit = 94778
Masking with /out/sourcedata/freesurfer/sub-v1s11x0050169_ses-1/label/rh.cortex.label
Writing to /out/sourcedata/freesurfer/sub-v1s11x0050169_ses-1/surf/tmp.pctsurfcon.19475/rh.gm.mgh
Dim: 143928 1 1
mri_concat /out/sourcedata/freesurfer/sub-v1s11x0050169_ses-1/surf/tmp.pctsurfcon.19475/rh.wm.mgh /out/sourcedata/freesurfer/sub-v1s11x0050169_ses-1/surf/tmp.pctsurfcon.19475/rh.gm.mgh --paired-diff-norm --mul 100 --o /out/sourcedata/freesurfer/sub-v1s11x0050169_ses-1/surf/rh.w-g.pct.mgh
ninputs = 2
Checking inputs
nframestot = 2
Allocing output
Done allocing
Combining pairs
nframes = 1
Multiplying by 100.000000
Writing to /out/sourcedata/freesurfer/sub-v1s11x0050169_ses-1/surf/rh.w-g.pct.mgh
mri_segstats --in /out/sourcedata/freesurfer/sub-v1s11x0050169_ses-1/surf/rh.w-g.pct.mgh --annot sub-v1s11x0050169_ses-1 rh aparc --sum /out/sourcedata/freesurfer/sub-v1s11x0050169_ses-1/stats/rh.w-g.pct.stats --snr

7.3.2
cwd 
cmdline mri_segstats --in /out/sourcedata/freesurfer/sub-v1s11x0050169_ses-1/surf/rh.w-g.pct.mgh --annot sub-v1s11x0050169_ses-1 rh aparc --sum /out/sourcedata/freesurfer/sub-v1s11x0050169_ses-1/stats/rh.w-g.pct.stats --snr 
sysname  Linux
hostname dna071
machine  x86_64
user     oesteban
whitesurfname  white
UseRobust  0
Constructing seg from annotation

Reading annotation /out/sourcedata/freesurfer/sub-v1s11x0050169_ses-1/label/rh.aparc.annot
Seg base 2000
Loading /out/sourcedata/freesurfer/sub-v1s11x0050169_ses-1/surf/rh.w-g.pct.mgh
Vertex Area is 0.698493 mm^3
Generating list of segmentation ids
Found  36 segmentations
Computing statistics for each segmentation

Reporting on  35 segmentations
Using PrintSegStat
mri_segstats done
Cleaning up

Started at Sun Mar 8 14:20:13 CET 2026 
Ended   at Sun Mar 8 14:42:10 CET 2026
#@#%# recon-all-run-time-hours 0.366
recon-all -s sub-v1s11x0050169_ses-1 finished without error at Sun Mar  8 14:42:10 CET 2026



#New# invocation of recon-all 




Sun Mar  8 14:47:51 CET 2026
cd /out/sourcedata/freesurfer/sub-v1s11x0050169_ses-1
setenv SUBJECTS_DIR /out/sourcedata/freesurfer
/opt/freesurfer/bin/recon-all -autorecon-hemi rh -nohyporelabel -rh-only -openmp 16 -subjid sub-v1s11x0050169_ses-1 -sd /out/sourcedata/freesurfer -notessellate -nosmooth1 -noinflate1 -noqsphere -nofix -nowhite -nosmooth2 -noinflate2 -nocurvHK -nocurvstats -nosphere -nosurfreg -nojacobian_white -noavgcurv -nocortparc -nopial -nocortparc2 -nocortparc3 -nopctsurfcon

subjid sub-v1s11x0050169_ses-1
setenv SUBJECTS_DIR /out/sourcedata/freesurfer
FREESURFER_HOME /opt/freesurfer
Actual FREESURFER_HOME /opt/freesurfer
build-stamp.txt: freesurfer-linux-ubuntu22_x86_64-7.3.2-20220804-6354275
Linux dna071 5.14.0-427.37.1.el9_4.x86_64 #1 SMP PREEMPT_DYNAMIC Fri Sep 13 12:41:50 EDT 2024 x86_64 x86_64 x86_64 GNU/Linux
cputime      unlimited
filesize     unlimited
datasize     unlimited
stacksize    8192 kbytes
coredumpsize 0 kbytes
memoryuse    67108864 kbytes
vmemoryuse   unlimited
descriptors  1024 
memorylocked unlimited
maxproc      2061970 
maxlocks     unlimited
maxsignal    2062029 
maxmessage   819200 
maxnice      0 
maxrtprio    0 
maxrttime    unlimited

               total        used        free      shared  buff/cache   available
Mem:           503Gi        49Gi       425Gi       9.3Gi        28Gi       441Gi
Swap:             0B          0B          0B

########################################
program versions used
7.3.2 (freesurfer-linux-ubuntu22_x86_64-7.3.2-20220804-6354275)
7.3.2

ProgramName: lta_convert  ProgramArguments: lta_convert -all-info  ProgramVersion: 7.3.2  TimeStamp: 2026/03/08-13:47:51-GMT  BuildTime: Aug  4 2022 06:17:15  BuildStamp: freesurfer-linux-ubuntu22_x86_64-7.3.2-20220804-6354275  User: oesteban  Machine: dna071  Platform: Linux  PlatformVersion: 5.14.0-427.37.1.el9_4.x86_64  CompilerName: GCC  CompilerVersion: 8.4.0
ProgramName: mri_and  ProgramArguments: mri_and -all-info  ProgramVersion: 7.3.2  TimeStamp: 2026/03/08-13:47:51-GMT  BuildTime: Aug  4 2022 06:17:15  BuildStamp: freesurfer-linux-ubuntu22_x86_64-7.3.2-20220804-6354275  User: oesteban  Machine: dna071  Platform: Linux  PlatformVersion: 5.14.0-427.37.1.el9_4.x86_64  CompilerName: GCC  CompilerVersion: 8.4.0
ProgramName: mri_annotation2label  ProgramArguments: mri_annotation2label -all-info  ProgramVersion: 7.3.2  TimeStamp: 2026/03/08-13:47:51-GMT  BuildTime: Aug  4 2022 06:17:15  BuildStamp: freesurfer-linux-ubuntu22_x86_64-7.3.2-20220804-6354275  User: oesteban  Machine: dna071  Platform: Linux  PlatformVersion: 5.14.0-427.37.1.el9_4.x86_64  CompilerName: GCC  CompilerVersion: 8.4.0
ProgramName: mri_aparc2aseg  ProgramArguments: mri_aparc2aseg -all-info  ProgramVersion: 7.3.2  TimeStamp: 2026/03/08-13:47:51-GMT  BuildTime: Aug  4 2022 06:17:15  BuildStamp: freesurfer-linux-ubuntu22_x86_64-7.3.2-20220804-6354275  User: oesteban  Machine: dna071  Platform: Linux  PlatformVersion: 5.14.0-427.37.1.el9_4.x86_64  CompilerName: GCC  CompilerVersion: 8.4.0
ProgramName: mri_surf2volseg  ProgramArguments: mri_surf2volseg -all-info  ProgramVersion: 7.3.2  TimeStamp: 2026/03/08-13:47:51-GMT  BuildTime: Aug  4 2022 06:17:15  BuildStamp: freesurfer-linux-ubuntu22_x86_64-7.3.2-20220804-6354275  User: oesteban  Machine: dna071  Platform: Linux  PlatformVersion: 5.14.0-427.37.1.el9_4.x86_64  CompilerName: GCC  CompilerVersion: 8.4.0
ProgramName: mri_binarize  ProgramArguments: mri_binarize -all-info  ProgramVersion: 7.3.2  TimeStamp: 2026/03/08-13:47:51-GMT  BuildTime: Aug  4 2022 06:17:15  BuildStamp: freesurfer-linux-ubuntu22_x86_64-7.3.2-20220804-6354275  User: oesteban  Machine: dna071  Platform: Linux  PlatformVersion: 5.14.0-427.37.1.el9_4.x86_64  CompilerName: GCC  CompilerVersion: 8.4.0
ProgramName: mri_ca_label  ProgramArguments: mri_ca_label -all-info  ProgramVersion: 7.3.2  TimeStamp: 2026/03/08-13:47:51-GMT  BuildTime: Aug  4 2022 06:17:15  BuildStamp: freesurfer-linux-ubuntu22_x86_64-7.3.2-20220804-6354275  User: oesteban  Machine: dna071  Platform: Linux  PlatformVersion: 5.14.0-427.37.1.el9_4.x86_64  CompilerName: GCC  CompilerVersion: 8.4.0
ProgramName: mri_ca_normalize  ProgramArguments: mri_ca_normalize -all-info  ProgramVersion: 7.3.2  TimeStamp: 2026/03/08-13:47:51-GMT  BuildTime: Aug  4 2022 06:17:15  BuildStamp: freesurfer-linux-ubuntu22_x86_64-7.3.2-20220804-6354275  User: oesteban  Machine: dna071  Platform: Linux  PlatformVersion: 5.14.0-427.37.1.el9_4.x86_64  CompilerName: GCC  CompilerVersion: 8.4.0
ProgramName: mri_ca_register  ProgramArguments: mri_ca_register -all-info  ProgramVersion: 7.3.2  TimeStamp: 2026/03/08-13:47:51-GMT  BuildTime: Aug  4 2022 06:17:15  BuildStamp: freesurfer-linux-ubuntu22_x86_64-7.3.2-20220804-6354275  User: oesteban  Machine: dna071  Platform: Linux  PlatformVersion: 5.14.0-427.37.1.el9_4.x86_64  CompilerName: GCC  CompilerVersion: 8.4.0
ProgramName: mri_cc  ProgramArguments: mri_cc -all-info  ProgramVersion: 7.3.2  TimeStamp: 2026/03/08-13:47:51-GMT  BuildTime: Aug  4 2022 06:17:15  BuildStamp: freesurfer-linux-ubuntu22_x86_64-7.3.2-20220804-6354275  User: oesteban  Machine: dna071  Platform: Linux  PlatformVersion: 5.14.0-427.37.1.el9_4.x86_64  CompilerName: GCC  CompilerVersion: 8.4.0
ProgramName: mri_compute_overlap  ProgramArguments: mri_compute_overlap -all-info  ProgramVersion: 7.3.2  TimeStamp: 2026/03/08-13:47:51-GMT  BuildTime: Aug  4 2022 06:17:15  BuildStamp: freesurfer-linux-ubuntu22_x86_64-7.3.2-20220804-6354275  User: oesteban  Machine: dna071  Platform: Linux  PlatformVersion: 5.14.0-427.37.1.el9_4.x86_64  CompilerName: GCC  CompilerVersion: 8.4.0
ProgramName: mri_compute_seg_overlap  ProgramArguments: mri_compute_seg_overlap -all-info  ProgramVersion: 7.3.2  TimeStamp: 2026/03/08-13:47:51-GMT  BuildTime: Aug  4 2022 06:17:15  BuildStamp: freesurfer-linux-ubuntu22_x86_64-7.3.2-20220804-6354275  User: oesteban  Machine: dna071  Platform: Linux  PlatformVersion: 5.14.0-427.37.1.el9_4.x86_64  CompilerName: GCC  CompilerVersion: 8.4.0
ProgramName: mri_concat  ProgramArguments: mri_concat -all-info  ProgramVersion: 7.3.2  TimeStamp: 2026/03/08-13:47:51-GMT  BuildTime: Aug  4 2022 06:17:15  BuildStamp: freesurfer-linux-ubuntu22_x86_64-7.3.2-20220804-6354275  User: oesteban  Machine: dna071  Platform: Linux  PlatformVersion: 5.14.0-427.37.1.el9_4.x86_64  CompilerName: GCC  CompilerVersion: 8.4.0
ProgramName: mri_concatenate_lta  ProgramArguments: mri_concatenate_lta -all-info  ProgramVersion: 7.3.2  TimeStamp: 2026/03/08-13:47:51-GMT  BuildTime: Aug  4 2022 06:17:15  BuildStamp: freesurfer-linux-ubuntu22_x86_64-7.3.2-20220804-6354275  User: oesteban  Machine: dna071  Platform: Linux  PlatformVersion: 5.14.0-427.37.1.el9_4.x86_64  CompilerName: GCC  CompilerVersion: 8.4.0
mri_convert -all-info 
ProgramName: mri_convert  ProgramArguments: mri_convert -all-info  ProgramVersion: 7.3.2  TimeStamp: 2026/03/08-13:47:51-GMT  BuildTime: Aug  4 2022 06:17:15  BuildStamp: freesurfer-linux-ubuntu22_x86_64-7.3.2-20220804-6354275  User: oesteban  Machine: dna071  Platform: Linux  PlatformVersion: 5.14.0-427.37.1.el9_4.x86_64  CompilerName: GCC  CompilerVersion: 8.4.0
ProgramName: mri_diff  ProgramArguments: mri_diff -all-info  ProgramVersion: 7.3.2  TimeStamp: 2026/03/08-13:47:51-GMT  BuildTime: Aug  4 2022 06:17:15  BuildStamp: freesurfer-linux-ubuntu22_x86_64-7.3.2-20220804-6354275  User: oesteban  Machine: dna071  Platform: Linux  PlatformVersion: 5.14.0-427.37.1.el9_4.x86_64  CompilerName: GCC  CompilerVersion: 8.4.0
ProgramName: mri_edit_wm_with_aseg  ProgramArguments: mri_edit_wm_with_aseg -all-info  ProgramVersion: 7.3.2  TimeStamp: 2026/03/08-13:47:51-GMT  BuildTime: Aug  4 2022 06:17:15  BuildStamp: freesurfer-linux-ubuntu22_x86_64-7.3.2-20220804-6354275  User: oesteban  Machine: dna071  Platform: Linux  PlatformVersion: 5.14.0-427.37.1.el9_4.x86_64  CompilerName: GCC  CompilerVersion: 8.4.0
ProgramName: mri_em_register  ProgramArguments: mri_em_register -all-info  ProgramVersion: 7.3.2  TimeStamp: 2026/03/08-13:47:51-GMT  BuildTime: Aug  4 2022 06:17:15  BuildStamp: freesurfer-linux-ubuntu22_x86_64-7.3.2-20220804-6354275  User: oesteban  Machine: dna071  Platform: Linux  PlatformVersion: 5.14.0-427.37.1.el9_4.x86_64  CompilerName: GCC  CompilerVersion: 8.4.0
ProgramName: mri_fill  ProgramArguments: mri_fill -all-info  ProgramVersion: 7.3.2  TimeStamp: 2026/03/08-13:47:51-GMT  BuildTime: Aug  4 2022 06:17:15  BuildStamp: freesurfer-linux-ubuntu22_x86_64-7.3.2-20220804-6354275  User: oesteban  Machine: dna071  Platform: Linux  PlatformVersion: 5.14.0-427.37.1.el9_4.x86_64  CompilerName: GCC  CompilerVersion: 8.4.0
ProgramName: mri_fuse_segmentations  ProgramArguments: mri_fuse_segmentations -all-info  ProgramVersion: 7.3.2  TimeStamp: 2026/03/08-13:47:51-GMT  BuildTime: Aug  4 2022 06:17:15  BuildStamp: freesurfer-linux-ubuntu22_x86_64-7.3.2-20220804-6354275  User: oesteban  Machine: dna071  Platform: Linux  PlatformVersion: 5.14.0-427.37.1.el9_4.x86_64  CompilerName: GCC  CompilerVersion: 8.4.0
ProgramName: mri_fwhm  ProgramArguments: mri_fwhm -all-info  ProgramVersion: 7.3.2  TimeStamp: 2026/03/08-13:47:51-GMT  BuildTime: Aug  4 2022 06:17:15  BuildStamp: freesurfer-linux-ubuntu22_x86_64-7.3.2-20220804-6354275  User: oesteban  Machine: dna071  Platform: Linux  PlatformVersion: 5.14.0-427.37.1.el9_4.x86_64  CompilerName: GCC  CompilerVersion: 8.4.0
ProgramName: mri_gcut  ProgramArguments: mri_gcut -all-info  ProgramVersion: 7.3.2  TimeStamp: 2026/03/08-13:47:51-GMT  BuildTime: Aug  4 2022 06:17:15  BuildStamp: freesurfer-linux-ubuntu22_x86_64-7.3.2-20220804-6354275  User: oesteban  Machine: dna071  Platform: Linux  PlatformVersion: 5.14.0-427.37.1.el9_4.x86_64  CompilerName: GCC  CompilerVersion: 8.4.0
ProgramName: mri_info  ProgramArguments: mri_info -all-info  ProgramVersion: 7.3.2  TimeStamp: 2026/03/08-13:47:51-GMT  BuildTime: Aug  4 2022 06:17:15  BuildStamp: freesurfer-linux-ubuntu22_x86_64-7.3.2-20220804-6354275  User: oesteban  Machine: dna071  Platform: Linux  PlatformVersion: 5.14.0-427.37.1.el9_4.x86_64  CompilerName: GCC  CompilerVersion: 8.4.0
ProgramName: mri_label2label  ProgramArguments: mri_label2label -all-info  ProgramVersion: 7.3.2  TimeStamp: 2026/03/08-13:47:51-GMT  BuildTime: Aug  4 2022 06:17:15  BuildStamp: freesurfer-linux-ubuntu22_x86_64-7.3.2-20220804-6354275  User: oesteban  Machine: dna071  Platform: Linux  PlatformVersion: 5.14.0-427.37.1.el9_4.x86_64  CompilerName: GCC  CompilerVersion: 8.4.0
ProgramName: mri_label2vol  ProgramArguments: mri_label2vol -all-info  ProgramVersion: 7.3.2  TimeStamp: 2026/03/08-13:47:51-GMT  BuildTime: Aug  4 2022 06:17:15  BuildStamp: freesurfer-linux-ubuntu22_x86_64-7.3.2-20220804-6354275  User: oesteban  Machine: dna071  Platform: Linux  PlatformVersion: 5.14.0-427.37.1.el9_4.x86_64  CompilerName: GCC  CompilerVersion: 8.4.0
ProgramName: mri_log_likelihood  ProgramArguments: mri_log_likelihood -all-info  ProgramVersion: 7.3.2  TimeStamp: 2026/03/08-13:47:51-GMT  BuildTime: Aug  4 2022 06:17:15  BuildStamp: freesurfer-linux-ubuntu22_x86_64-7.3.2-20220804-6354275  User: oesteban  Machine: dna071  Platform: Linux  PlatformVersion: 5.14.0-427.37.1.el9_4.x86_64  CompilerName: GCC  CompilerVersion: 8.4.0
ProgramName: mri_mask  ProgramArguments: mri_mask -all-info  ProgramVersion: 7.3.2  TimeStamp: 2026/03/08-13:47:51-GMT  BuildTime: Aug  4 2022 06:17:15  BuildStamp: freesurfer-linux-ubuntu22_x86_64-7.3.2-20220804-6354275  User: oesteban  Machine: dna071  Platform: Linux  PlatformVersion: 5.14.0-427.37.1.el9_4.x86_64  CompilerName: GCC  CompilerVersion: 8.4.0
ProgramName: mri_matrix_multiply  ProgramArguments: mri_matrix_multiply -all-info  ProgramVersion: 7.3.2  TimeStamp: 2026/03/08-13:47:51-GMT  BuildTime: Aug  4 2022 06:17:15  BuildStamp: freesurfer-linux-ubuntu22_x86_64-7.3.2-20220804-6354275  User: oesteban  Machine: dna071  Platform: Linux  PlatformVersion: 5.14.0-427.37.1.el9_4.x86_64  CompilerName: GCC  CompilerVersion: 8.4.0
ProgramName: mri_normalize  ProgramArguments: mri_normalize -all-info  ProgramVersion: 7.3.2  TimeStamp: 2026/03/08-13:47:51-GMT  BuildTime: Aug  4 2022 06:17:15  BuildStamp: freesurfer-linux-ubuntu22_x86_64-7.3.2-20220804-6354275  User: oesteban  Machine: dna071  Platform: Linux  PlatformVersion: 5.14.0-427.37.1.el9_4.x86_64  CompilerName: GCC  CompilerVersion: 8.4.0
ProgramName: mri_normalize_tp2  ProgramArguments: mri_normalize_tp2 -all-info  ProgramVersion: 7.3.2  TimeStamp: 2026/03/08-13:47:51-GMT  BuildTime: Aug  4 2022 06:17:15  BuildStamp: freesurfer-linux-ubuntu22_x86_64-7.3.2-20220804-6354275  User: oesteban  Machine: dna071  Platform: Linux  PlatformVersion: 5.14.0-427.37.1.el9_4.x86_64  CompilerName: GCC  CompilerVersion: 8.4.0
ProgramName: mri_or  ProgramArguments: mri_or -all-info  ProgramVersion: 7.3.2  TimeStamp: 2026/03/08-13:47:51-GMT  BuildTime: Aug  4 2022 06:17:15  BuildStamp: freesurfer-linux-ubuntu22_x86_64-7.3.2-20220804-6354275  User: oesteban  Machine: dna071  Platform: Linux  PlatformVersion: 5.14.0-427.37.1.el9_4.x86_64  CompilerName: GCC  CompilerVersion: 8.4.0
ProgramName: mri_relabel_hypointensities  ProgramArguments: mri_relabel_hypointensities -all-info  ProgramVersion: 7.3.2  TimeStamp: 2026/03/08-13:47:51-GMT  BuildTime: Aug  4 2022 06:17:15  BuildStamp: freesurfer-linux-ubuntu22_x86_64-7.3.2-20220804-6354275  User: oesteban  Machine: dna071  Platform: Linux  PlatformVersion: 5.14.0-427.37.1.el9_4.x86_64  CompilerName: GCC  CompilerVersion: 8.4.0
ProgramName: mri_relabel_nonwm_hypos  ProgramArguments: mri_relabel_nonwm_hypos -all-info  ProgramVersion: 7.3.2  TimeStamp: 2026/03/08-13:47:51-GMT  BuildTime: Aug  4 2022 06:17:15  BuildStamp: freesurfer-linux-ubuntu22_x86_64-7.3.2-20220804-6354275  User: oesteban  Machine: dna071  Platform: Linux  PlatformVersion: 5.14.0-427.37.1.el9_4.x86_64  CompilerName: GCC  CompilerVersion: 8.4.0
ProgramName: mri_remove_neck  ProgramArguments: mri_remove_neck -all-info  ProgramVersion: 7.3.2  TimeStamp: 2026/03/08-13:47:51-GMT  BuildTime: Aug  4 2022 06:17:15  BuildStamp: freesurfer-linux-ubuntu22_x86_64-7.3.2-20220804-6354275  User: oesteban  Machine: dna071  Platform: Linux  PlatformVersion: 5.14.0-427.37.1.el9_4.x86_64  CompilerName: GCC  CompilerVersion: 8.4.0
7.3.2

ProgramName: mri_robust_register  ProgramArguments: mri_robust_register -all-info  ProgramVersion: 7.3.2  TimeStamp: 2026/03/08-13:47:51-GMT  BuildTime: Aug  4 2022 06:17:15  BuildStamp: freesurfer-linux-ubuntu22_x86_64-7.3.2-20220804-6354275  User: oesteban  Machine: dna071  Platform: Linux  PlatformVersion: 5.14.0-427.37.1.el9_4.x86_64  CompilerName: GCC  CompilerVersion: 8.4.0
7.3.2

ProgramName: mri_robust_template  ProgramArguments: mri_robust_template -all-info  ProgramVersion: 7.3.2  TimeStamp: 2026/03/08-13:47:51-GMT  BuildTime: Aug  4 2022 06:17:15  BuildStamp: freesurfer-linux-ubuntu22_x86_64-7.3.2-20220804-6354275  User: oesteban  Machine: dna071  Platform: Linux  PlatformVersion: 5.14.0-427.37.1.el9_4.x86_64  CompilerName: GCC  CompilerVersion: 8.4.0
ProgramName: mris_anatomical_stats  ProgramArguments: mris_anatomical_stats -all-info  ProgramVersion: 7.3.2  TimeStamp: 2026/03/08-13:47:51-GMT  BuildTime: Aug  4 2022 06:17:15  BuildStamp: freesurfer-linux-ubuntu22_x86_64-7.3.2-20220804-6354275  User: oesteban  Machine: dna071  Platform: Linux  PlatformVersion: 5.14.0-427.37.1.el9_4.x86_64  CompilerName: GCC  CompilerVersion: 8.4.0
ProgramName: mris_ca_label  ProgramArguments: mris_ca_label -all-info  ProgramVersion: 7.3.2  TimeStamp: 2026/03/08-13:47:51-GMT  BuildTime: Aug  4 2022 06:17:15  BuildStamp: freesurfer-linux-ubuntu22_x86_64-7.3.2-20220804-6354275  User: oesteban  Machine: dna071  Platform: Linux  PlatformVersion: 5.14.0-427.37.1.el9_4.x86_64  CompilerName: GCC  CompilerVersion: 8.4.0
ProgramName: mris_calc  ProgramArguments: mris_calc -all-info  ProgramVersion: 7.3.2  TimeStamp: 2026/03/08-13:47:51-GMT  BuildTime: Aug  4 2022 06:17:15  BuildStamp: freesurfer-linux-ubuntu22_x86_64-7.3.2-20220804-6354275  User: oesteban  Machine: dna071  Platform: Linux  PlatformVersion: 5.14.0-427.37.1.el9_4.x86_64  CompilerName: GCC  CompilerVersion: 8.4.0
ProgramName: mris_convert  ProgramArguments: mris_convert -all-info  ProgramVersion: 7.3.2  TimeStamp: 2026/03/08-13:47:51-GMT  BuildTime: Aug  4 2022 06:17:15  BuildStamp: freesurfer-linux-ubuntu22_x86_64-7.3.2-20220804-6354275  User: oesteban  Machine: dna071  Platform: Linux  PlatformVersion: 5.14.0-427.37.1.el9_4.x86_64  CompilerName: GCC  CompilerVersion: 8.4.0
ProgramName: mris_curvature  ProgramArguments: mris_curvature -all-info  ProgramVersion: 7.3.2  TimeStamp: 2026/03/08-13:47:51-GMT  BuildTime: Aug  4 2022 06:17:15  BuildStamp: freesurfer-linux-ubuntu22_x86_64-7.3.2-20220804-6354275  User: oesteban  Machine: dna071  Platform: Linux  PlatformVersion: 5.14.0-427.37.1.el9_4.x86_64  CompilerName: GCC  CompilerVersion: 8.4.0
ProgramName: mris_curvature_stats  ProgramArguments: mris_curvature_stats -all-info  ProgramVersion: 7.3.2  TimeStamp: 2026/03/08-13:47:51-GMT  BuildTime: Aug  4 2022 06:17:15  BuildStamp: freesurfer-linux-ubuntu22_x86_64-7.3.2-20220804-6354275  User: oesteban  Machine: dna071  Platform: Linux  PlatformVersion: 5.14.0-427.37.1.el9_4.x86_64  CompilerName: GCC  CompilerVersion: 8.4.0
ProgramName: mris_diff  ProgramArguments: mris_diff -all-info  ProgramVersion: 7.3.2  TimeStamp: 2026/03/08-13:47:51-GMT  BuildTime: Aug  4 2022 06:17:15  BuildStamp: freesurfer-linux-ubuntu22_x86_64-7.3.2-20220804-6354275  User: oesteban  Machine: dna071  Platform: Linux  PlatformVersion: 5.14.0-427.37.1.el9_4.x86_64  CompilerName: GCC  CompilerVersion: 8.4.0
ProgramName: mris_divide_parcellation  ProgramArguments: mris_divide_parcellation -all-info  ProgramVersion: 7.3.2  TimeStamp: 2026/03/08-13:47:51-GMT  BuildTime: Aug  4 2022 06:17:15  BuildStamp: freesurfer-linux-ubuntu22_x86_64-7.3.2-20220804-6354275  User: oesteban  Machine: dna071  Platform: Linux  PlatformVersion: 5.14.0-427.37.1.el9_4.x86_64  CompilerName: GCC  CompilerVersion: 8.4.0
ProgramName: mri_segment  ProgramArguments: mri_segment -all-info  ProgramVersion: 7.3.2  TimeStamp: 2026/03/08-13:47:51-GMT  BuildTime: Aug  4 2022 06:17:15  BuildStamp: freesurfer-linux-ubuntu22_x86_64-7.3.2-20220804-6354275  User: oesteban  Machine: dna071  Platform: Linux  PlatformVersion: 5.14.0-427.37.1.el9_4.x86_64  CompilerName: GCC  CompilerVersion: 8.4.0
ProgramName: mri_segstats  ProgramArguments: mri_segstats -all-info  ProgramVersion: 7.3.2  TimeStamp: 2026/03/08-13:47:51-GMT  BuildTime: Aug  4 2022 06:17:15  BuildStamp: freesurfer-linux-ubuntu22_x86_64-7.3.2-20220804-6354275  User: oesteban  Machine: dna071  Platform: Linux  PlatformVersion: 5.14.0-427.37.1.el9_4.x86_64  CompilerName: GCC  CompilerVersion: 8.4.0
ProgramName: mris_euler_number  ProgramArguments: mris_euler_number -all-info  ProgramVersion: 7.3.2  TimeStamp: 2026/03/08-13:47:51-GMT  BuildTime: Aug  4 2022 06:17:15  BuildStamp: freesurfer-linux-ubuntu22_x86_64-7.3.2-20220804-6354275  User: oesteban  Machine: dna071  Platform: Linux  PlatformVersion: 5.14.0-427.37.1.el9_4.x86_64  CompilerName: GCC  CompilerVersion: 8.4.0
ProgramName: mris_fix_topology  ProgramArguments: mris_fix_topology -all-info  ProgramVersion: 7.3.2  TimeStamp: 2026/03/08-13:47:51-GMT  BuildTime: Aug  4 2022 06:17:15  BuildStamp: freesurfer-linux-ubuntu22_x86_64-7.3.2-20220804-6354275  User: oesteban  Machine: dna071  Platform: Linux  PlatformVersion: 5.14.0-427.37.1.el9_4.x86_64  CompilerName: GCC  CompilerVersion: 8.4.0
ProgramName: mris_topo_fixer  ProgramArguments: mris_topo_fixer -all-info  ProgramVersion: 7.3.2  TimeStamp: 2026/03/08-13:47:51-GMT  BuildTime: Aug  4 2022 06:17:15  BuildStamp: freesurfer-linux-ubuntu22_x86_64-7.3.2-20220804-6354275  User: oesteban  Machine: dna071  Platform: Linux  PlatformVersion: 5.14.0-427.37.1.el9_4.x86_64  CompilerName: GCC  CompilerVersion: 8.4.0
ProgramName: mris_jacobian  ProgramArguments: mris_jacobian -all-info  ProgramVersion: 7.3.2  TimeStamp: 2026/03/08-13:47:51-GMT  BuildTime: Aug  4 2022 06:17:15  BuildStamp: freesurfer-linux-ubuntu22_x86_64-7.3.2-20220804-6354275  User: oesteban  Machine: dna071  Platform: Linux  PlatformVersion: 5.14.0-427.37.1.el9_4.x86_64  CompilerName: GCC  CompilerVersion: 8.4.0
ProgramName: mris_label2annot  ProgramArguments: mris_label2annot -all-info  ProgramVersion: 7.3.2  TimeStamp: 2026/03/08-13:47:51-GMT  BuildTime: Aug  4 2022 06:17:15  BuildStamp: freesurfer-linux-ubuntu22_x86_64-7.3.2-20220804-6354275  User: oesteban  Machine: dna071  Platform: Linux  PlatformVersion: 5.14.0-427.37.1.el9_4.x86_64  CompilerName: GCC  CompilerVersion: 8.4.0
ProgramName: mris_left_right_register  ProgramArguments: mris_left_right_register -all-info  ProgramVersion: 7.3.2  TimeStamp: 2026/03/08-13:47:51-GMT  BuildTime: Aug  4 2022 06:17:15  BuildStamp: freesurfer-linux-ubuntu22_x86_64-7.3.2-20220804-6354275  User: oesteban  Machine: dna071  Platform: Linux  PlatformVersion: 5.14.0-427.37.1.el9_4.x86_64  CompilerName: GCC  CompilerVersion: 8.4.0
ProgramName: mris_place_surface  ProgramArguments: mris_place_surface -all-info  ProgramVersion: 7.3.2  TimeStamp: 2026/03/08-13:47:51-GMT  BuildTime: Aug  4 2022 06:17:15  BuildStamp: freesurfer-linux-ubuntu22_x86_64-7.3.2-20220804-6354275  User: oesteban  Machine: dna071  Platform: Linux  PlatformVersion: 5.14.0-427.37.1.el9_4.x86_64  CompilerName: GCC  CompilerVersion: 8.4.0
ProgramName: mrisp_paint  ProgramArguments: mrisp_paint -all-info  ProgramVersion: 7.3.2  TimeStamp: 2026/03/08-13:47:51-GMT  BuildTime: Aug  4 2022 06:17:15  BuildStamp: freesurfer-linux-ubuntu22_x86_64-7.3.2-20220804-6354275  User: oesteban  Machine: dna071  Platform: Linux  PlatformVersion: 5.14.0-427.37.1.el9_4.x86_64  CompilerName: GCC  CompilerVersion: 8.4.0
ProgramName: mris_register  ProgramArguments: mris_register -all-info  ProgramVersion: 7.3.2  TimeStamp: 2026/03/08-13:47:51-GMT  BuildTime: Aug  4 2022 06:17:15  BuildStamp: freesurfer-linux-ubuntu22_x86_64-7.3.2-20220804-6354275  User: oesteban  Machine: dna071  Platform: Linux  PlatformVersion: 5.14.0-427.37.1.el9_4.x86_64  CompilerName: GCC  CompilerVersion: 8.4.0
ProgramName: mris_smooth  ProgramArguments: mris_smooth -all-info  ProgramVersion: 7.3.2  TimeStamp: 2026/03/08-13:47:51-GMT  BuildTime: Aug  4 2022 06:17:15  BuildStamp: freesurfer-linux-ubuntu22_x86_64-7.3.2-20220804-6354275  User: oesteban  Machine: dna071  Platform: Linux  PlatformVersion: 5.14.0-427.37.1.el9_4.x86_64  CompilerName: GCC  CompilerVersion: 8.4.0
ProgramName: mris_sphere  ProgramArguments: mris_sphere -all-info  ProgramVersion: 7.3.2  TimeStamp: 2026/03/08-13:47:51-GMT  BuildTime: Aug  4 2022 06:17:15  BuildStamp: freesurfer-linux-ubuntu22_x86_64-7.3.2-20220804-6354275  User: oesteban  Machine: dna071  Platform: Linux  PlatformVersion: 5.14.0-427.37.1.el9_4.x86_64  CompilerName: GCC  CompilerVersion: 8.4.0
ProgramName: mris_surface_stats  ProgramArguments: mris_surface_stats -all-info  ProgramVersion: 7.3.2  TimeStamp: 2026/03/08-13:47:51-GMT  BuildTime: Aug  4 2022 06:17:15  BuildStamp: freesurfer-linux-ubuntu22_x86_64-7.3.2-20220804-6354275  User: oesteban  Machine: dna071  Platform: Linux  PlatformVersion: 5.14.0-427.37.1.el9_4.x86_64  CompilerName: GCC  CompilerVersion: 8.4.0
ProgramName: mri_stats2seg  ProgramArguments: mri_stats2seg -all-info  ProgramVersion: 7.3.2  TimeStamp: 2026/03/08-13:47:51-GMT  BuildTime: Aug  4 2022 06:17:15  BuildStamp: freesurfer-linux-ubuntu22_x86_64-7.3.2-20220804-6354275  User: oesteban  Machine: dna071  Platform: Linux  PlatformVersion: 5.14.0-427.37.1.el9_4.x86_64  CompilerName: GCC  CompilerVersion: 8.4.0
ProgramName: mris_thickness  ProgramArguments: mris_thickness -all-info  ProgramVersion: 7.3.2  TimeStamp: 2026/03/08-13:47:51-GMT  BuildTime: Aug  4 2022 06:17:15  BuildStamp: freesurfer-linux-ubuntu22_x86_64-7.3.2-20220804-6354275  User: oesteban  Machine: dna071  Platform: Linux  PlatformVersion: 5.14.0-427.37.1.el9_4.x86_64  CompilerName: GCC  CompilerVersion: 8.4.0
ProgramName: mris_thickness_diff  ProgramArguments: mris_thickness_diff -all-info  ProgramVersion: 7.3.2  TimeStamp: 2026/03/08-13:47:51-GMT  BuildTime: Aug  4 2022 06:17:15  BuildStamp: freesurfer-linux-ubuntu22_x86_64-7.3.2-20220804-6354275  User: oesteban  Machine: dna071  Platform: Linux  PlatformVersion: 5.14.0-427.37.1.el9_4.x86_64  CompilerName: GCC  CompilerVersion: 8.4.0
ProgramName: mris_topo_fixer  ProgramArguments: mris_topo_fixer -all-info  ProgramVersion: 7.3.2  TimeStamp: 2026/03/08-13:47:51-GMT  BuildTime: Aug  4 2022 06:17:15  BuildStamp: freesurfer-linux-ubuntu22_x86_64-7.3.2-20220804-6354275  User: oesteban  Machine: dna071  Platform: Linux  PlatformVersion: 5.14.0-427.37.1.el9_4.x86_64  CompilerName: GCC  CompilerVersion: 8.4.0
ProgramName: mri_surf2surf  ProgramArguments: mri_surf2surf -all-info  ProgramVersion: 7.3.2  TimeStamp: 2026/03/08-13:47:51-GMT  BuildTime: Aug  4 2022 06:17:15  BuildStamp: freesurfer-linux-ubuntu22_x86_64-7.3.2-20220804-6354275  User: oesteban  Machine: dna071  Platform: Linux  PlatformVersion: 5.14.0-427.37.1.el9_4.x86_64  CompilerName: GCC  CompilerVersion: 8.4.0
ProgramName: mri_surf2vol  ProgramArguments: mri_surf2vol -all-info  ProgramVersion: 7.3.2  TimeStamp: 2026/03/08-13:47:51-GMT  BuildTime: Aug  4 2022 06:17:15  BuildStamp: freesurfer-linux-ubuntu22_x86_64-7.3.2-20220804-6354275  User: oesteban  Machine: dna071  Platform: Linux  PlatformVersion: 5.14.0-427.37.1.el9_4.x86_64  CompilerName: GCC  CompilerVersion: 8.4.0
ProgramName: mri_surfcluster  ProgramArguments: mri_surfcluster -all-info  ProgramVersion: 7.3.2  TimeStamp: 2026/03/08-13:47:51-GMT  BuildTime: Aug  4 2022 06:17:15  BuildStamp: freesurfer-linux-ubuntu22_x86_64-7.3.2-20220804-6354275  User: oesteban  Machine: dna071  Platform: Linux  PlatformVersion: 5.14.0-427.37.1.el9_4.x86_64  CompilerName: GCC  CompilerVersion: 8.4.0
ProgramName: mris_volmask  ProgramArguments: mris_volmask -all-info  ProgramVersion: 7.3.2  TimeStamp: 2026/03/08-13:47:51-GMT  BuildTime: Aug  4 2022 06:17:15  BuildStamp: freesurfer-linux-ubuntu22_x86_64-7.3.2-20220804-6354275  User: oesteban  Machine: dna071  Platform: Linux  PlatformVersion: 5.14.0-427.37.1.el9_4.x86_64  CompilerName: GCC  CompilerVersion: 8.4.0
ProgramName: mri_tessellate  ProgramArguments: mri_tessellate -all-info  ProgramVersion: 7.3.2  TimeStamp: 2026/03/08-13:47:51-GMT  BuildTime: Aug  4 2022 06:17:15  BuildStamp: freesurfer-linux-ubuntu22_x86_64-7.3.2-20220804-6354275  User: oesteban  Machine: dna071  Platform: Linux  PlatformVersion: 5.14.0-427.37.1.el9_4.x86_64  CompilerName: GCC  CompilerVersion: 8.4.0
ProgramName: mri_vol2surf  ProgramArguments: mri_vol2surf -all-info  ProgramVersion: 7.3.2  TimeStamp: 2026/03/08-13:47:51-GMT  BuildTime: Aug  4 2022 06:17:15  BuildStamp: freesurfer-linux-ubuntu22_x86_64-7.3.2-20220804-6354275  User: oesteban  Machine: dna071  Platform: Linux  PlatformVersion: 5.14.0-427.37.1.el9_4.x86_64  CompilerName: GCC  CompilerVersion: 8.4.0
ProgramName: mri_vol2vol  ProgramArguments: mri_vol2vol -all-info  ProgramVersion: 7.3.2  TimeStamp: 2026/03/08-13:47:51-GMT  BuildTime: Aug  4 2022 06:17:15  BuildStamp: freesurfer-linux-ubuntu22_x86_64-7.3.2-20220804-6354275  User: oesteban  Machine: dna071  Platform: Linux  PlatformVersion: 5.14.0-427.37.1.el9_4.x86_64  CompilerName: GCC  CompilerVersion: 8.4.0
ProgramName: mri_voldiff  ProgramArguments: mri_voldiff -all-info  ProgramVersion: 7.3.2  TimeStamp: 2026/03/08-13:47:51-GMT  BuildTime: Aug  4 2022 06:17:15  BuildStamp: freesurfer-linux-ubuntu22_x86_64-7.3.2-20220804-6354275  User: oesteban  Machine: dna071  Platform: Linux  PlatformVersion: 5.14.0-427.37.1.el9_4.x86_64  CompilerName: GCC  CompilerVersion: 8.4.0
ProgramName: mri_watershed  ProgramArguments: mri_watershed -all-info  ProgramVersion: 7.3.2  TimeStamp: 2026/03/08-13:47:51-GMT  BuildTime: Aug  4 2022 06:17:15  BuildStamp: freesurfer-linux-ubuntu22_x86_64-7.3.2-20220804-6354275  User: oesteban  Machine: dna071  Platform: Linux  PlatformVersion: 5.14.0-427.37.1.el9_4.x86_64  CompilerName: GCC  CompilerVersion: 8.4.0
ProgramName: tkregister2  ProgramArguments: tkregister2_cmdl -all-info  ProgramVersion: 7.3.2  TimeStamp: 2026/03/08-13:47:51-GMT  BuildTime: Aug  4 2022 06:17:15  BuildStamp: freesurfer-linux-ubuntu22_x86_64-7.3.2-20220804-6354275  User: oesteban  Machine: dna071  Platform: Linux  PlatformVersion: 5.14.0-427.37.1.el9_4.x86_64  CompilerName: GCC  CompilerVersion: 8.4.0
mri_motion_correct.fsl 7.3.2
mri_convert -all-info 
ProgramName: mri_convert  ProgramArguments: mri_convert -all-info  ProgramVersion: 7.3.2  TimeStamp: 2026/03/08-13:47:51-GMT  BuildTime: Aug  4 2022 06:17:15  BuildStamp: freesurfer-linux-ubuntu22_x86_64-7.3.2-20220804-6354275  User: oesteban  Machine: dna071  Platform: Linux  PlatformVersion: 5.14.0-427.37.1.el9_4.x86_64  CompilerName: GCC  CompilerVersion: 8.4.0
Program nu_correct, built from:
Package MNI N3, version 1.12.0, compiled by nicks@terrier (x86_64-unknown-linux-gnu) on 2015-06-19 at 01:25:34
#######################################
GCADIR /opt/freesurfer/average
GCA RB_all_2020-01-02.gca
GCASkull RB_all_withskull_2020_01_02.gca
AvgCurvTif folding.atlas.acfb40.noaparc.i12.2016-08-02.tif
GCSDIR /opt/freesurfer/average
GCS DKaparc.atlas.acfb40.noaparc.i12.2016-08-02.gcs
#######################################
#--------------------------------------------
#@# AutoDetGWStats rh Sun Mar  8 14:47:51 CET 2026
cd /out/sourcedata/freesurfer/sub-v1s11x0050169_ses-1/mri
mris_autodet_gwstats --o ../surf/autodet.gw.stats.rh.dat --i brain.finalsurfs.mgz --wm wm.mgz --surf ../surf/rh.orig.premesh
  Update not needed
#--------------------------------------------
#@# WhitePreAparc rh Sun Mar  8 14:47:51 CET 2026
cd /out/sourcedata/freesurfer/sub-v1s11x0050169_ses-1/mri
mris_place_surface --adgws-in ../surf/autodet.gw.stats.rh.dat --wm wm.mgz --threads 16 --invol brain.finalsurfs.mgz --rh --i ../surf/rh.orig --o ../surf/rh.white.preaparc --white --seg aseg.presurf.mgz --nsmooth 5
   Update not needed
#--------------------------------------------
#@# CortexLabel rh Sun Mar  8 14:47:51 CET 2026
cd /out/sourcedata/freesurfer/sub-v1s11x0050169_ses-1/mri
mri_label2label --label-cortex ../surf/rh.white.preaparc aseg.presurf.mgz 0 ../label/rh.cortex.label
   Update not needed
#--------------------------------------------
#@# CortexLabel+HipAmyg rh Sun Mar  8 14:47:51 CET 2026
cd /out/sourcedata/freesurfer/sub-v1s11x0050169_ses-1/mri
mri_label2label --label-cortex ../surf/rh.white.preaparc aseg.presurf.mgz 1 ../label/rh.cortex+hipamyg.label
   Update not needed
#@# white curv rh Sun Mar  8 14:47:51 CET 2026
cd /out/sourcedata/freesurfer/sub-v1s11x0050169_ses-1/mri
mris_place_surface --curv-map ../surf/rh.white 2 10 ../surf/rh.curv
   Update not needed
#@# white area rh Sun Mar  8 14:47:51 CET 2026
cd /out/sourcedata/freesurfer/sub-v1s11x0050169_ses-1/mri
mris_place_surface --area-map ../surf/rh.white ../surf/rh.area
   Update not needed
#@# pial curv rh Sun Mar  8 14:47:51 CET 2026
cd /out/sourcedata/freesurfer/sub-v1s11x0050169_ses-1/mri
mris_place_surface --curv-map ../surf/rh.pial 2 10 ../surf/rh.curv.pial
   Update not needed
#@# pial area rh Sun Mar  8 14:47:51 CET 2026
cd /out/sourcedata/freesurfer/sub-v1s11x0050169_ses-1/mri
mris_place_surface --area-map ../surf/rh.pial ../surf/rh.area.pial
   Update not needed
#@# thickness rh Sun Mar  8 14:47:51 CET 2026
cd /out/sourcedata/freesurfer/sub-v1s11x0050169_ses-1/mri
mris_place_surface --thickness ../surf/rh.white ../surf/rh.pial 20 5 ../surf/rh.thickness
   Update not needed
#@# area and vertex vol rh Sun Mar  8 14:47:52 CET 2026
cd /out/sourcedata/freesurfer/sub-v1s11x0050169_ses-1/mri
mris_place_surface --thickness ../surf/rh.white ../surf/rh.pial 20 5 ../surf/rh.thickness
   Update not needed
#-----------------------------------------
#@# Parcellation Stats rh Sun Mar  8 14:47:52 CET 2026
/out/sourcedata/freesurfer/sub-v1s11x0050169_ses-1/scripts

 mris_anatomical_stats -th3 -mgz -noglobal -cortex ../label/rh.cortex.label -f ../stats/rh.aparc.stats -b -a ../label/rh.aparc.annot -c ../label/aparc.annot.ctab sub-v1s11x0050169_ses-1 rh white 

computing statistics for each annotation in ../label/rh.aparc.annot.
reading volume /out/sourcedata/freesurfer/sub-v1s11x0050169_ses-1/mri/wm.mgz...
reading input surface /out/sourcedata/freesurfer/sub-v1s11x0050169_ses-1/surf/rh.white...
reading input pial surface /out/sourcedata/freesurfer/sub-v1s11x0050169_ses-1/surf/rh.pial...
reading input white surface /out/sourcedata/freesurfer/sub-v1s11x0050169_ses-1/surf/rh.white...
INFO: using TH3 volume calc
INFO: assuming MGZ format for volumes.
INFO: not computing global stats
INFO: using ../label/rh.cortex.label as mask to calc cortex NumVert, SurfArea and MeanThickness.
Using TH3 vertex volume calc
Total face volume 304340
Total vertex volume 304104 (mask=0)
Saving annotation colortable ../label/aparc.annot.ctab

table columns are:
    number of vertices
    total surface area (mm^2)
    total gray matter volume (mm^3)
    average cortical thickness +- standard deviation (mm)
    integrated rectified mean curvature
    integrated rectified Gaussian curvature
    folding index
    intrinsic curvature index
    structure name

 1582   1069   3239  3.037 0.633     0.098     0.014       10     1.1  bankssts
 1372   1002   3056  2.618 0.722     0.123     0.020       17     1.4  caudalanteriorcingulate
 3619   2476   7769  2.720 0.575     0.098     0.018       30     2.7  caudalmiddlefrontal
 2533   1784   4053  2.113 0.639     0.133     0.028       27     3.2  cuneus
  852    544   2305  3.201 1.076     0.142     0.058       11     2.1  entorhinal
 5097   3381  12080  3.096 0.603     0.117     0.025       54     5.4  fusiform
 7728   5661  19234  2.763 0.632     0.126     0.026      110     8.6  inferiorparietal
 5507   3735  13506  3.030 0.713     0.106     0.023       50     5.0  inferiortemporal
 1122    765   2272  2.755 0.889     0.107     0.025       11     1.0  isthmuscingulate
 9118   6384  19049  2.571 0.664     0.128     0.026      105    10.0  lateraloccipital
 4380   3025   9941  3.045 0.806     0.127     0.032       56     6.3  lateralorbitofrontal
 4776   3369   8726  2.442 0.720     0.136     0.029       55     6.2  lingual
 3656   2555   8682  2.872 0.784     0.125     0.033       52     5.2  medialorbitofrontal
 6081   4352  18124  3.308 0.725     0.122     0.025       78     6.3  middletemporal
  920    570   1752  2.747 0.683     0.081     0.012        5     0.4  parahippocampal
 2462   1706   5387  2.710 0.650     0.123     0.028       28     2.8  paracentral
 3377   2407   8496  3.007 0.559     0.106     0.020       33     2.9  parsopercularis
 1337    991   3498  2.819 0.760     0.117     0.028       17     1.5  parsorbitalis
 2790   2025   6358  2.557 0.703     0.117     0.022       34     3.0  parstriangularis
 2184   1557   2232  1.683 0.505     0.144     0.036       25     3.3  pericalcarine
 5431   3903  11561  2.562 0.613     0.111     0.020       58     4.5  postcentral
 1860   1332   4036  2.528 0.877     0.135     0.027       26     2.2  posteriorcingulate
 7290   5097  12663  2.314 0.671     0.115     0.022       70     7.1  precentral
 5051   3476   9861  2.743 0.613     0.113     0.023       51     4.7  precuneus
 1009    691   2613  3.030 0.878     0.113     0.022       11     0.9  rostralanteriorcingulate
 8921   6622  19973  2.519 0.731     0.133     0.032      137    12.5  rostralmiddlefrontal
12628   8929  30633  2.911 0.687     0.122     0.026      139    14.5  superiorfrontal
 6314   4480  11793  2.352 0.543     0.120     0.021       67     5.9  superiorparietal
 6406   4472  16419  3.211 0.677     0.107     0.020       60     5.4  superiortemporal
 4691   3303  10499  2.787 0.677     0.118     0.023       49     5.0  supramarginal
  520    430   1880  3.093 0.600     0.195     0.066       17     1.7  frontalpole
  981    639   2490  3.232 1.360     0.159     0.061       31     2.4  temporalpole
  616    407   1189  2.541 0.545     0.121     0.021        7     0.5  transversetemporal
 3527   2433   8735  3.670 0.682     0.106     0.023       26     3.1  insula

 mris_anatomical_stats -th3 -mgz -noglobal -cortex ../label/rh.cortex.label -f ../stats/rh.aparc.pial.stats -b -a ../label/rh.aparc.annot -c ../label/aparc.annot.ctab sub-v1s11x0050169_ses-1 rh pial 

computing statistics for each annotation in ../label/rh.aparc.annot.
reading volume /out/sourcedata/freesurfer/sub-v1s11x0050169_ses-1/mri/wm.mgz...
reading input surface /out/sourcedata/freesurfer/sub-v1s11x0050169_ses-1/surf/rh.pial...
reading input pial surface /out/sourcedata/freesurfer/sub-v1s11x0050169_ses-1/surf/rh.pial...
reading input white surface /out/sourcedata/freesurfer/sub-v1s11x0050169_ses-1/surf/rh.white...
INFO: using TH3 volume calc
INFO: assuming MGZ format for volumes.
INFO: not computing global stats
INFO: using ../label/rh.cortex.label as mask to calc cortex NumVert, SurfArea and MeanThickness.
Using TH3 vertex volume calc
Total face volume 304340
Total vertex volume 304104 (mask=0)
Saving annotation colortable ../label/aparc.annot.ctab

table columns are:
    number of vertices
    total surface area (mm^2)
    total gray matter volume (mm^3)
    average cortical thickness +- standard deviation (mm)
    integrated rectified mean curvature
    integrated rectified Gaussian curvature
    folding index
    intrinsic curvature index
    structure name

 1582   1071   3239  3.037 0.633     0.129     0.031       30     2.1  bankssts
 1372   1314   3056  2.618 0.722     0.170     0.049       78     2.4  caudalanteriorcingulate
 3619   3056   7769  2.720 0.575     0.124     0.024      252     3.7  caudalmiddlefrontal
 2533   2211   4053  2.113 0.639     0.148     0.036       56     3.9  cuneus
  852    929   2305  3.201 1.076     0.238     0.064       24     2.3  entorhinal
 5097   4414  12080  3.096 0.603     0.136     0.034       90     6.8  fusiform
 7728   8090  19234  2.763 0.632     0.173     0.041      161    13.0  inferiorparietal
 5507   5043  13506  3.030 0.713     0.153     0.039      177     9.1  inferiortemporal
 1122    931   2272  2.755 0.889     0.181     0.049      125     2.1  isthmuscingulate
 9118   8413  19049  2.571 0.664     0.139     0.034      185    12.3  lateraloccipital
 4380   3619   9941  3.045 0.806     0.173     0.046    15444     8.0  lateralorbitofrontal
 4776   4113   8726  2.442 0.720     0.146     0.039       96     7.9  lingual
 3656   3493   8682  2.872 0.784     0.173     0.048       91     6.7  medialorbitofrontal
 6081   6376  18124  3.308 0.725     0.165     0.040      203     9.6  middletemporal
  920    715   1752  2.747 0.683     0.149     0.044       21     1.7  parahippocampal
 2462   2234   5387  2.710 0.650     0.154     0.036       36     3.7  paracentral
 3377   3219   8496  3.007 0.559     0.141     0.026       28     3.9  parsopercularis
 1337   1416   3498  2.819 0.760     0.171     0.044       26     2.1  parsorbitalis
 2790   2865   6358  2.557 0.703     0.169     0.033       54     4.1  parstriangularis
 2184   1263   2232  1.683 0.505     0.118     0.035       68     3.0  pericalcarine
 5431   4940  11561  2.562 0.613     0.144     0.028       87     6.5  postcentral
 1860   1848   4036  2.528 0.877     0.181     0.045       72     3.4  posteriorcingulate
 7290   5942  12663  2.314 0.671     0.133     0.029      278     8.2  precentral
 5051   3794   9861  2.743 0.613     0.142     0.036      206     8.2  precuneus
 1009    974   2613  3.030 0.878     0.171     0.047       34     2.0  rostralanteriorcingulate
 8921   8941  19973  2.519 0.731     0.174     0.039      170    15.6  rostralmiddlefrontal
12628  11603  30633  2.911 0.687     0.153     0.035      240    18.6  superiorfrontal
 6314   5598  11793  2.352 0.543     0.147     0.029      106     8.2  superiorparietal
 6406   5731  16419  3.211 0.677     0.275     0.424  3111735     8.9  superiortemporal
 4691   4043  10499  2.787 0.677     0.152     0.319     1192     6.7  supramarginal
  520    839   1880  3.093 0.600     0.295     0.061       10     1.6  frontalpole
  981    862   2490  3.232 1.360     0.143     0.037       11     1.8  temporalpole
  616    541   1189  2.541 0.545     0.147     0.036        7     1.0  transversetemporal
 3527   2237   8735  3.670 0.682     0.141     0.045      116     6.6  insula
#-----------------------------------------
#@# Parcellation Stats 2 rh Sun Mar  8 14:48:07 CET 2026
/out/sourcedata/freesurfer/sub-v1s11x0050169_ses-1/scripts

 mris_anatomical_stats -th3 -mgz -noglobal -cortex ../label/rh.cortex.label -f ../stats/rh.aparc.a2009s.stats -b -a ../label/rh.aparc.a2009s.annot -c ../label/aparc.annot.a2009s.ctab sub-v1s11x0050169_ses-1 rh white 

computing statistics for each annotation in ../label/rh.aparc.a2009s.annot.
reading volume /out/sourcedata/freesurfer/sub-v1s11x0050169_ses-1/mri/wm.mgz...
reading input surface /out/sourcedata/freesurfer/sub-v1s11x0050169_ses-1/surf/rh.white...
reading input pial surface /out/sourcedata/freesurfer/sub-v1s11x0050169_ses-1/surf/rh.pial...
reading input white surface /out/sourcedata/freesurfer/sub-v1s11x0050169_ses-1/surf/rh.white...
INFO: using TH3 volume calc
INFO: assuming MGZ format for volumes.
INFO: not computing global stats
INFO: using ../label/rh.cortex.label as mask to calc cortex NumVert, SurfArea and MeanThickness.
Using TH3 vertex volume calc
Total face volume 304340
Total vertex volume 304104 (mask=0)
Saving annotation colortable ../label/aparc.annot.a2009s.ctab

table columns are:
    number of vertices
    total surface area (mm^2)
    total gray matter volume (mm^3)
    average cortical thickness +- standard deviation (mm)
    integrated rectified mean curvature
    integrated rectified Gaussian curvature
    folding index
    intrinsic curvature index
    structure name

  858    614   1758  2.401 0.824     0.139     0.042       16     1.5  G_and_S_frontomargin
 1796   1237   4089  2.820 0.620     0.125     0.026       18     2.1  G_and_S_occipital_inf
 1392   1032   3553  2.758 0.676     0.131     0.029       18     1.7  G_and_S_paracentral
 1532   1126   3884  2.854 0.475     0.122     0.021       20     1.4  G_and_S_subcentral
 1267   1001   3917  2.764 0.736     0.168     0.048       33     2.6  G_and_S_transv_frontopol
 3466   2407   8200  2.995 0.702     0.113     0.023       37     3.7  G_and_S_cingul-Ant
 1791   1275   3768  2.904 0.520     0.112     0.021       15     1.6  G_and_S_cingul-Mid-Ant
 1976   1355   3869  2.616 0.703     0.119     0.024       19     2.1  G_and_S_cingul-Mid-Post
  455    330   1473  3.197 0.597     0.166     0.042       10     0.8  G_cingul-Post-dorsal
  326    229   1025  3.415 0.913     0.124     0.030        4     0.4  G_cingul-Post-ventral
 2368   1723   3650  1.898 0.580     0.147     0.033       29     3.5  G_cuneus
 2341   1742   6608  3.075 0.581     0.133     0.027       31     2.8  G_front_inf-Opercular
  475    357   1579  3.126 0.634     0.137     0.040       11     0.9  G_front_inf-Orbital
 1214    935   3588  2.771 0.669     0.138     0.031       20     1.6  G_front_inf-Triangul
 4096   3234  12203  2.754 0.702     0.146     0.036       81     6.8  G_front_middle
 8339   6081  23790  3.008 0.744     0.137     0.032      118    11.6  G_front_sup
  647    497   1874  3.473 0.722     0.134     0.033        9     0.8  G_Ins_lg_and_S_cent_ins
  995    684   3296  3.640 1.039     0.110     0.031        9     1.1  G_insular_short
 2840   2121   8122  2.768 0.646     0.144     0.031       51     3.7  G_occipital_middle
 1413   1013   3205  2.471 0.683     0.134     0.026       18     1.7  G_occipital_sup
 2331   1542   7130  3.396 0.595     0.133     0.029       37     2.9  G_oc-temp_lat-fusifor
 2861   2061   5722  2.315 0.785     0.148     0.033       42     4.2  G_oc-temp_med-Lingual
 1276    799   3511  3.192 1.020     0.122     0.044       15     2.2  G_oc-temp_med-Parahip
 2935   2189   8565  2.900 0.843     0.148     0.046       57     6.2  G_orbital
 2720   2143   9334  3.026 0.640     0.148     0.037       61     4.3  G_pariet_inf-Angular
 2168   1590   6239  2.957 0.748     0.123     0.024       28     2.6  G_pariet_inf-Supramar
 1858   1377   4075  2.381 0.525     0.133     0.026       29     2.3  G_parietal_sup
 1700   1301   4673  2.674 0.611     0.126     0.029       26     2.0  G_postcentral
 2457   1802   4761  2.137 0.624     0.127     0.025       32     3.1  G_precentral
 1857   1366   4962  2.729 0.618     0.137     0.034       31     2.5  G_precuneus
  979    713   2857  2.857 0.776     0.155     0.054       20     2.3  G_rectus
  623    429   1239  2.704 0.855     0.141     0.044       10     1.0  G_subcallosal
  445    287   1001  2.665 0.561     0.120     0.022        5     0.4  G_temp_sup-G_T_transv
 2053   1542   7381  3.377 0.686     0.141     0.032       33     2.6  G_temp_sup-Lateral
 1000    654   2923  4.049 0.714     0.088     0.018        4     0.7  G_temp_sup-Plan_polar
 1008    713   2332  2.891 0.533     0.112     0.021       11     0.9  G_temp_sup-Plan_tempo
 2796   1921   9199  3.269 0.763     0.123     0.032       38     3.5  G_temporal_inf
 3367   2533  12801  3.527 0.713     0.142     0.032       60     4.5  G_temporal_middle
  354    248    591  2.290 0.623     0.093     0.009        2     0.1  Lat_Fis-ant-Horizont
  330    227    448  2.078 0.485     0.066     0.006        1     0.1  Lat_Fis-ant-Vertical
 1528    999   2268  2.970 0.760     0.100     0.016        8     1.1  Lat_Fis-post
 3791   2696   7061  2.300 0.721     0.148     0.033       51     5.5  Pole_occipital
 2067   1360   5175  3.042 1.049     0.142     0.048       44     4.2  Pole_temporal
 2351   1593   2936  2.213 0.840     0.115     0.026       17     2.6  S_calcarine
 3049   2016   4145  2.360 0.501     0.102     0.016       19     2.2  S_central
 1076    750   1760  2.558 0.564     0.116     0.022        9     0.9  S_cingul-Marginalis
  712    469   1289  3.240 0.495     0.076     0.010        2     0.3  S_circular_insula_ant
 1458    978   2363  3.137 0.564     0.074     0.010        4     0.7  S_circular_insula_inf
 1760   1155   3004  3.356 0.426     0.089     0.015        7     1.1  S_circular_insula_sup
  986    662   1666  2.762 0.457     0.076     0.008        3     0.3  S_collat_transv_ant
  508    334    642  2.510 0.334     0.105     0.017        3     0.3  S_collat_transv_post
 3024   2003   4709  2.442 0.576     0.089     0.014       16     1.8  S_front_inf
 2211   1564   3807  2.385 0.713     0.116     0.025       20     2.2  S_front_middle
 3099   2048   5727  2.735 0.560     0.092     0.014       21     1.9  S_front_sup
  519    344    567  2.328 0.460     0.123     0.028        4     0.6  S_interm_prim-Jensen
 2930   2069   5010  2.389 0.537     0.109     0.018       25     2.3  S_intrapariet_and_P_trans
 1378    935   1906  2.427 0.546     0.108     0.017        9     1.0  S_oc_middle_and_Lunatus
 1258    837   1791  2.375 0.477     0.092     0.013        7     0.6  S_oc_sup_and_transversal
 1054    693   1830  2.557 0.515     0.105     0.019        8     0.7  S_occipital_ant
 1478    978   2304  2.827 0.461     0.094     0.016        7     1.0  S_oc-temp_lat
 2448   1664   4093  2.783 0.479     0.098     0.017       13     1.7  S_oc-temp_med_and_Lingual
  479    316    553  1.986 0.399     0.105     0.013        3     0.3  S_orbital_lateral
  891    589   1402  2.694 0.750     0.092     0.015        5     0.5  S_orbital_med-olfact
 1409    960   2986  3.242 0.719     0.111     0.020       10     1.3  S_orbital-H_Shaped
 2722   1798   4303  2.729 0.574     0.100     0.017       19     1.9  S_parieto_occipital
 1546   1000   1592  1.886 0.563     0.109     0.016       18     1.1  S_pericallosal
 1846   1267   2788  2.254 0.543     0.104     0.014       13     1.2  S_postcentral
 1897   1284   3367  2.470 0.655     0.087     0.013       11     1.0  S_precentral-inf-part
 1301    861   1454  2.013 0.474     0.102     0.019        7     1.1  S_precentral-sup-part
  486    341   1084  3.005 0.891     0.126     0.020        5     0.4  S_suborbital
  810    579   1330  2.618 0.420     0.119     0.021        7     0.7  S_subparietal
 1714   1137   2543  2.835 0.497     0.097     0.015        8     1.1  S_temporal_inf
 6949   4627  12843  2.920 0.585     0.094     0.014       41     4.2  S_temporal_sup
  298    237    611  3.050 0.732     0.145     0.015        3     0.2  S_temporal_transverse
#-----------------------------------------
#@# Parcellation Stats 3 rh Sun Mar  8 14:48:14 CET 2026
/out/sourcedata/freesurfer/sub-v1s11x0050169_ses-1/scripts

 mris_anatomical_stats -th3 -mgz -noglobal -cortex ../label/rh.cortex.label -f ../stats/rh.aparc.DKTatlas.stats -b -a ../label/rh.aparc.DKTatlas.annot -c ../label/aparc.annot.DKTatlas.ctab sub-v1s11x0050169_ses-1 rh white 

computing statistics for each annotation in ../label/rh.aparc.DKTatlas.annot.
reading volume /out/sourcedata/freesurfer/sub-v1s11x0050169_ses-1/mri/wm.mgz...
reading input surface /out/sourcedata/freesurfer/sub-v1s11x0050169_ses-1/surf/rh.white...
reading input pial surface /out/sourcedata/freesurfer/sub-v1s11x0050169_ses-1/surf/rh.pial...
reading input white surface /out/sourcedata/freesurfer/sub-v1s11x0050169_ses-1/surf/rh.white...
INFO: using TH3 volume calc
INFO: assuming MGZ format for volumes.
INFO: not computing global stats
INFO: using ../label/rh.cortex.label as mask to calc cortex NumVert, SurfArea and MeanThickness.
Using TH3 vertex volume calc
Total face volume 304340
Total vertex volume 304104 (mask=0)
Saving annotation colortable ../label/aparc.annot.DKTatlas.ctab

table columns are:
    number of vertices
    total surface area (mm^2)
    total gray matter volume (mm^3)
    average cortical thickness +- standard deviation (mm)
    integrated rectified mean curvature
    integrated rectified Gaussian curvature
    folding index
    intrinsic curvature index
    structure name

 1478   1075   3262  2.624 0.748     0.124     0.021       18     1.5  caudalanteriorcingulate
 3723   2541   7884  2.706 0.582     0.099     0.018       30     2.9  caudalmiddlefrontal
 3113   2203   5104  2.178 0.631     0.130     0.026       32     3.7  cuneus
  765    505   2195  3.257 1.054     0.147     0.062       11     1.9  entorhinal
 4643   3124  11230  3.133 0.577     0.117     0.023       49     4.5  fusiform
 7821   5723  19592  2.778 0.633     0.126     0.026      111     8.7  inferiorparietal
 5980   4006  14548  3.014 0.738     0.108     0.026       57     6.1  inferiortemporal
 1110    755   2247  2.744 0.874     0.107     0.024       11     1.0  isthmuscingulate
 9048   6332  18825  2.553 0.662     0.129     0.026      107    10.0  lateraloccipital
 4638   3269  10965  2.960 0.840     0.134     0.036       68     7.7  lateralorbitofrontal
 4655   3286   8448  2.437 0.709     0.135     0.029       53     6.0  lingual
 2758   1973   7000  2.877 0.778     0.135     0.038       47     4.5  medialorbitofrontal
 7339   5200  20317  3.244 0.709     0.118     0.022       85     7.0  middletemporal
 1025    636   1991  2.797 0.678     0.083     0.012        6     0.5  parahippocampal
 2595   1793   5662  2.712 0.649     0.121     0.027       28     2.9  paracentral
 3685   2624   9004  2.940 0.601     0.104     0.019       35     2.9  parsopercularis
 1194    869   3133  2.950 0.653     0.106     0.024       15     1.1  parsorbitalis
 2717   1969   6042  2.525 0.715     0.120     0.024       34     3.0  parstriangularis
 2223   1580   2303  1.685 0.506     0.144     0.037       26     3.5  pericalcarine
 5881   4224  12500  2.551 0.621     0.111     0.020       61     4.9  postcentral
 1958   1402   4170  2.531 0.842     0.132     0.027       27     2.2  posteriorcingulate
 7133   4994  12652  2.347 0.684     0.113     0.021       69     6.8  precentral
 5014   3468  10030  2.747 0.632     0.115     0.024       52     4.9  precuneus
 1454    978   3392  2.925 0.852     0.110     0.021       15     1.3  rostralanteriorcingulate
 6602   4936  15048  2.584 0.692     0.135     0.032       98     9.6  rostralmiddlefrontal
15391  10959  37070  2.848 0.735     0.125     0.027      183    18.4  superiorfrontal
 5167   3651   9505  2.332 0.526     0.117     0.021       55     4.8  superiorparietal
 8508   5856  21515  3.218 0.810     0.113     0.025       99     8.8  superiortemporal
 4356   3050   9422  2.777 0.685     0.115     0.022       43     4.5  supramarginal
  597    391   1146  2.544 0.521     0.116     0.020        6     0.5  transversetemporal
 3167   2199   7900  3.665 0.641     0.105     0.021       23     2.6  insula
/out/sourcedata/freesurfer/sub-v1s11x0050169_ses-1/label
#--------------------------------------------
#@# BA_exvivo Labels rh Sun Mar  8 14:48:22 CET 2026

 mri_label2label --srcsubject fsaverage --srclabel /out/sourcedata/freesurfer/fsaverage/label/rh.BA1_exvivo.label --trgsubject sub-v1s11x0050169_ses-1 --trglabel ./rh.BA1_exvivo.label --hemi rh --regmethod surface 


srclabel = /out/sourcedata/freesurfer/fsaverage/label/rh.BA1_exvivo.label
srcsubject = fsaverage
trgsubject = sub-v1s11x0050169_ses-1
trglabel = ./rh.BA1_exvivo.label
regmethod = surface

srchemi = rh
trghemi = rh
trgsurface = white
srcsurfreg = sphere.reg
trgsurfreg = sphere.reg
usehash = 1
Use ProjAbs  = 0, 0
Use ProjFrac = 0, 0
DoPaint 0

SUBJECTS_DIR    /out/sourcedata/freesurfer
FREESURFER_HOME /opt/freesurfer
Loading source label.
Found 3962 points in source label.
Starting surface-based mapping
Reading source registration 
 /out/sourcedata/freesurfer/fsaverage/surf/rh.sphere.reg
Rescaling ...  original radius = 100
Reading target surface 
 /out/sourcedata/freesurfer/sub-v1s11x0050169_ses-1/surf/rh.white
Reading target registration 
 /out/sourcedata/freesurfer/sub-v1s11x0050169_ses-1/surf/rh.sphere.reg
Rescaling ...  original radius = 100
Building target registration hash (res=16).
Building source registration hash (res=16).
INFO: found  3962 nlabel points
Performing mapping from target back to the source label 143928
Number of reverse mapping hits = 53
Checking for and removing duplicates
Writing label file ./rh.BA1_exvivo.label 4015
mri_label2label: Done


 mri_label2label --srcsubject fsaverage --srclabel /out/sourcedata/freesurfer/fsaverage/label/rh.BA2_exvivo.label --trgsubject sub-v1s11x0050169_ses-1 --trglabel ./rh.BA2_exvivo.label --hemi rh --regmethod surface 


srclabel = /out/sourcedata/freesurfer/fsaverage/label/rh.BA2_exvivo.label
srcsubject = fsaverage
trgsubject = sub-v1s11x0050169_ses-1
trglabel = ./rh.BA2_exvivo.label
regmethod = surface

srchemi = rh
trghemi = rh
trgsurface = white
srcsurfreg = sphere.reg
trgsurfreg = sphere.reg
usehash = 1
Use ProjAbs  = 0, 0
Use ProjFrac = 0, 0
DoPaint 0

SUBJECTS_DIR    /out/sourcedata/freesurfer
FREESURFER_HOME /opt/freesurfer
Loading source label.
Found 6687 points in source label.
Starting surface-based mapping
Reading source registration 
 /out/sourcedata/freesurfer/fsaverage/surf/rh.sphere.reg
Rescaling ...  original radius = 100
Reading target surface 
 /out/sourcedata/freesurfer/sub-v1s11x0050169_ses-1/surf/rh.white
Reading target registration 
 /out/sourcedata/freesurfer/sub-v1s11x0050169_ses-1/surf/rh.sphere.reg
Rescaling ...  original radius = 100
Building target registration hash (res=16).
Building source registration hash (res=16).
INFO: found  6687 nlabel points
Performing mapping from target back to the source label 143928
Number of reverse mapping hits = 56
Checking for and removing duplicates
Writing label file ./rh.BA2_exvivo.label 6743
mri_label2label: Done


 mri_label2label --srcsubject fsaverage --srclabel /out/sourcedata/freesurfer/fsaverage/label/rh.BA3a_exvivo.label --trgsubject sub-v1s11x0050169_ses-1 --trglabel ./rh.BA3a_exvivo.label --hemi rh --regmethod surface 


srclabel = /out/sourcedata/freesurfer/fsaverage/label/rh.BA3a_exvivo.label
srcsubject = fsaverage
trgsubject = sub-v1s11x0050169_ses-1
trglabel = ./rh.BA3a_exvivo.label
regmethod = surface

srchemi = rh
trghemi = rh
trgsurface = white
srcsurfreg = sphere.reg
trgsurfreg = sphere.reg
usehash = 1
Use ProjAbs  = 0, 0
Use ProjFrac = 0, 0
DoPaint 0

SUBJECTS_DIR    /out/sourcedata/freesurfer
FREESURFER_HOME /opt/freesurfer
Loading source label.
Found 3980 points in source label.
Starting surface-based mapping
Reading source registration 
 /out/sourcedata/freesurfer/fsaverage/surf/rh.sphere.reg
Rescaling ...  original radius = 100
Reading target surface 
 /out/sourcedata/freesurfer/sub-v1s11x0050169_ses-1/surf/rh.white
Reading target registration 
 /out/sourcedata/freesurfer/sub-v1s11x0050169_ses-1/surf/rh.sphere.reg
Rescaling ...  original radius = 100
Building target registration hash (res=16).
Building source registration hash (res=16).
INFO: found  3980 nlabel points
Performing mapping from target back to the source label 143928
Number of reverse mapping hits = 90
Checking for and removing duplicates
Writing label file ./rh.BA3a_exvivo.label 4070
mri_label2label: Done


 mri_label2label --srcsubject fsaverage --srclabel /out/sourcedata/freesurfer/fsaverage/label/rh.BA3b_exvivo.label --trgsubject sub-v1s11x0050169_ses-1 --trglabel ./rh.BA3b_exvivo.label --hemi rh --regmethod surface 


srclabel = /out/sourcedata/freesurfer/fsaverage/label/rh.BA3b_exvivo.label
srcsubject = fsaverage
trgsubject = sub-v1s11x0050169_ses-1
trglabel = ./rh.BA3b_exvivo.label
regmethod = surface

srchemi = rh
trghemi = rh
trgsurface = white
srcsurfreg = sphere.reg
trgsurfreg = sphere.reg
usehash = 1
Use ProjAbs  = 0, 0
Use ProjFrac = 0, 0
DoPaint 0

SUBJECTS_DIR    /out/sourcedata/freesurfer
FREESURFER_HOME /opt/freesurfer
Loading source label.
Found 4522 points in source label.
Starting surface-based mapping
Reading source registration 
 /out/sourcedata/freesurfer/fsaverage/surf/rh.sphere.reg
Rescaling ...  original radius = 100
Reading target surface 
 /out/sourcedata/freesurfer/sub-v1s11x0050169_ses-1/surf/rh.white
Reading target registration 
 /out/sourcedata/freesurfer/sub-v1s11x0050169_ses-1/surf/rh.sphere.reg
Rescaling ...  original radius = 100
Building target registration hash (res=16).
Building source registration hash (res=16).
INFO: found  4522 nlabel points
Performing mapping from target back to the source label 143928
Number of reverse mapping hits = 88
Checking for and removing duplicates
Writing label file ./rh.BA3b_exvivo.label 4610
mri_label2label: Done


 mri_label2label --srcsubject fsaverage --srclabel /out/sourcedata/freesurfer/fsaverage/label/rh.BA4a_exvivo.label --trgsubject sub-v1s11x0050169_ses-1 --trglabel ./rh.BA4a_exvivo.label --hemi rh --regmethod surface 


srclabel = /out/sourcedata/freesurfer/fsaverage/label/rh.BA4a_exvivo.label
srcsubject = fsaverage
trgsubject = sub-v1s11x0050169_ses-1
trglabel = ./rh.BA4a_exvivo.label
regmethod = surface

srchemi = rh
trghemi = rh
trgsurface = white
srcsurfreg = sphere.reg
trgsurfreg = sphere.reg
usehash = 1
Use ProjAbs  = 0, 0
Use ProjFrac = 0, 0
DoPaint 0

SUBJECTS_DIR    /out/sourcedata/freesurfer
FREESURFER_HOME /opt/freesurfer
Loading source label.
Found 5747 points in source label.
Starting surface-based mapping
Reading source registration 
 /out/sourcedata/freesurfer/fsaverage/surf/rh.sphere.reg
Rescaling ...  original radius = 100
Reading target surface 
 /out/sourcedata/freesurfer/sub-v1s11x0050169_ses-1/surf/rh.white
Reading target registration 
 /out/sourcedata/freesurfer/sub-v1s11x0050169_ses-1/surf/rh.sphere.reg
Rescaling ...  original radius = 100
Building target registration hash (res=16).
Building source registration hash (res=16).
INFO: found  5747 nlabel points
Performing mapping from target back to the source label 143928
Number of reverse mapping hits = 264
Checking for and removing duplicates
Writing label file ./rh.BA4a_exvivo.label 6011
mri_label2label: Done


 mri_label2label --srcsubject fsaverage --srclabel /out/sourcedata/freesurfer/fsaverage/label/rh.BA4p_exvivo.label --trgsubject sub-v1s11x0050169_ses-1 --trglabel ./rh.BA4p_exvivo.label --hemi rh --regmethod surface 


srclabel = /out/sourcedata/freesurfer/fsaverage/label/rh.BA4p_exvivo.label
srcsubject = fsaverage
trgsubject = sub-v1s11x0050169_ses-1
trglabel = ./rh.BA4p_exvivo.label
regmethod = surface

srchemi = rh
trghemi = rh
trgsurface = white
srcsurfreg = sphere.reg
trgsurfreg = sphere.reg
usehash = 1
Use ProjAbs  = 0, 0
Use ProjFrac = 0, 0
DoPaint 0

SUBJECTS_DIR    /out/sourcedata/freesurfer
FREESURFER_HOME /opt/freesurfer
Loading source label.
Found 4473 points in source label.
Starting surface-based mapping
Reading source registration 
 /out/sourcedata/freesurfer/fsaverage/surf/rh.sphere.reg
Rescaling ...  original radius = 100
Reading target surface 
 /out/sourcedata/freesurfer/sub-v1s11x0050169_ses-1/surf/rh.white
Reading target registration 
 /out/sourcedata/freesurfer/sub-v1s11x0050169_ses-1/surf/rh.sphere.reg
Rescaling ...  original radius = 100
Building target registration hash (res=16).
Building source registration hash (res=16).
INFO: found  4473 nlabel points
Performing mapping from target back to the source label 143928
Number of reverse mapping hits = 91
Checking for and removing duplicates
Writing label file ./rh.BA4p_exvivo.label 4564
mri_label2label: Done


 mri_label2label --srcsubject fsaverage --srclabel /out/sourcedata/freesurfer/fsaverage/label/rh.BA6_exvivo.label --trgsubject sub-v1s11x0050169_ses-1 --trglabel ./rh.BA6_exvivo.label --hemi rh --regmethod surface 


srclabel = /out/sourcedata/freesurfer/fsaverage/label/rh.BA6_exvivo.label
srcsubject = fsaverage
trgsubject = sub-v1s11x0050169_ses-1
trglabel = ./rh.BA6_exvivo.label
regmethod = surface

srchemi = rh
trghemi = rh
trgsurface = white
srcsurfreg = sphere.reg
trgsurfreg = sphere.reg
usehash = 1
Use ProjAbs  = 0, 0
Use ProjFrac = 0, 0
DoPaint 0

SUBJECTS_DIR    /out/sourcedata/freesurfer
FREESURFER_HOME /opt/freesurfer
Loading source label.
Found 12256 points in source label.
Starting surface-based mapping
Reading source registration 
 /out/sourcedata/freesurfer/fsaverage/surf/rh.sphere.reg
Rescaling ...  original radius = 100
Reading target surface 
 /out/sourcedata/freesurfer/sub-v1s11x0050169_ses-1/surf/rh.white
Reading target registration 
 /out/sourcedata/freesurfer/sub-v1s11x0050169_ses-1/surf/rh.sphere.reg
Rescaling ...  original radius = 100
Building target registration hash (res=16).
Building source registration hash (res=16).
INFO: found  12256 nlabel points
Performing mapping from target back to the source label 143928
Number of reverse mapping hits = 930
Checking for and removing duplicates
Writing label file ./rh.BA6_exvivo.label 13186
mri_label2label: Done


 mri_label2label --srcsubject fsaverage --srclabel /out/sourcedata/freesurfer/fsaverage/label/rh.BA44_exvivo.label --trgsubject sub-v1s11x0050169_ses-1 --trglabel ./rh.BA44_exvivo.label --hemi rh --regmethod surface 


srclabel = /out/sourcedata/freesurfer/fsaverage/label/rh.BA44_exvivo.label
srcsubject = fsaverage
trgsubject = sub-v1s11x0050169_ses-1
trglabel = ./rh.BA44_exvivo.label
regmethod = surface

srchemi = rh
trghemi = rh
trgsurface = white
srcsurfreg = sphere.reg
trgsurfreg = sphere.reg
usehash = 1
Use ProjAbs  = 0, 0
Use ProjFrac = 0, 0
DoPaint 0

SUBJECTS_DIR    /out/sourcedata/freesurfer
FREESURFER_HOME /opt/freesurfer
Loading source label.
Found 6912 points in source label.
Starting surface-based mapping
Reading source registration 
 /out/sourcedata/freesurfer/fsaverage/surf/rh.sphere.reg
Rescaling ...  original radius = 100
Reading target surface 
 /out/sourcedata/freesurfer/sub-v1s11x0050169_ses-1/surf/rh.white
Reading target registration 
 /out/sourcedata/freesurfer/sub-v1s11x0050169_ses-1/surf/rh.sphere.reg
Rescaling ...  original radius = 100
Building target registration hash (res=16).
Building source registration hash (res=16).
INFO: found  6912 nlabel points
Performing mapping from target back to the source label 143928
Number of reverse mapping hits = 1606
Checking for and removing duplicates
Writing label file ./rh.BA44_exvivo.label 8518
mri_label2label: Done


 mri_label2label --srcsubject fsaverage --srclabel /out/sourcedata/freesurfer/fsaverage/label/rh.BA45_exvivo.label --trgsubject sub-v1s11x0050169_ses-1 --trglabel ./rh.BA45_exvivo.label --hemi rh --regmethod surface 


srclabel = /out/sourcedata/freesurfer/fsaverage/label/rh.BA45_exvivo.label
srcsubject = fsaverage
trgsubject = sub-v1s11x0050169_ses-1
trglabel = ./rh.BA45_exvivo.label
regmethod = surface

srchemi = rh
trghemi = rh
trgsurface = white
srcsurfreg = sphere.reg
trgsurfreg = sphere.reg
usehash = 1
Use ProjAbs  = 0, 0
Use ProjFrac = 0, 0
DoPaint 0

SUBJECTS_DIR    /out/sourcedata/freesurfer
FREESURFER_HOME /opt/freesurfer
Loading source label.
Found 5355 points in source label.
Starting surface-based mapping
Reading source registration 
 /out/sourcedata/freesurfer/fsaverage/surf/rh.sphere.reg
Rescaling ...  original radius = 100
Reading target surface 
 /out/sourcedata/freesurfer/sub-v1s11x0050169_ses-1/surf/rh.white
Reading target registration 
 /out/sourcedata/freesurfer/sub-v1s11x0050169_ses-1/surf/rh.sphere.reg
Rescaling ...  original radius = 100
Building target registration hash (res=16).
Building source registration hash (res=16).
INFO: found  5355 nlabel points
Performing mapping from target back to the source label 143928
Number of reverse mapping hits = 1606
Checking for and removing duplicates
Writing label file ./rh.BA45_exvivo.label 6961
mri_label2label: Done


 mri_label2label --srcsubject fsaverage --srclabel /out/sourcedata/freesurfer/fsaverage/label/rh.V1_exvivo.label --trgsubject sub-v1s11x0050169_ses-1 --trglabel ./rh.V1_exvivo.label --hemi rh --regmethod surface 


srclabel = /out/sourcedata/freesurfer/fsaverage/label/rh.V1_exvivo.label
srcsubject = fsaverage
trgsubject = sub-v1s11x0050169_ses-1
trglabel = ./rh.V1_exvivo.label
regmethod = surface

srchemi = rh
trghemi = rh
trgsurface = white
srcsurfreg = sphere.reg
trgsurfreg = sphere.reg
usehash = 1
Use ProjAbs  = 0, 0
Use ProjFrac = 0, 0
DoPaint 0

SUBJECTS_DIR    /out/sourcedata/freesurfer
FREESURFER_HOME /opt/freesurfer
Loading source label.
Found 4727 points in source label.
Starting surface-based mapping
Reading source registration 
 /out/sourcedata/freesurfer/fsaverage/surf/rh.sphere.reg
Rescaling ...  original radius = 100
Reading target surface 
 /out/sourcedata/freesurfer/sub-v1s11x0050169_ses-1/surf/rh.white
Reading target registration 
 /out/sourcedata/freesurfer/sub-v1s11x0050169_ses-1/surf/rh.sphere.reg
Rescaling ...  original radius = 100
Building target registration hash (res=16).
Building source registration hash (res=16).
INFO: found  4727 nlabel points
Performing mapping from target back to the source label 143928
Number of reverse mapping hits = 1359
Checking for and removing duplicates
Writing label file ./rh.V1_exvivo.label 6086
mri_label2label: Done


 mri_label2label --srcsubject fsaverage --srclabel /out/sourcedata/freesurfer/fsaverage/label/rh.V2_exvivo.label --trgsubject sub-v1s11x0050169_ses-1 --trglabel ./rh.V2_exvivo.label --hemi rh --regmethod surface 


srclabel = /out/sourcedata/freesurfer/fsaverage/label/rh.V2_exvivo.label
srcsubject = fsaverage
trgsubject = sub-v1s11x0050169_ses-1
trglabel = ./rh.V2_exvivo.label
regmethod = surface

srchemi = rh
trghemi = rh
trgsurface = white
srcsurfreg = sphere.reg
trgsurfreg = sphere.reg
usehash = 1
Use ProjAbs  = 0, 0
Use ProjFrac = 0, 0
DoPaint 0

SUBJECTS_DIR    /out/sourcedata/freesurfer
FREESURFER_HOME /opt/freesurfer
Loading source label.
Found 8016 points in source label.
Starting surface-based mapping
Reading source registration 
 /out/sourcedata/freesurfer/fsaverage/surf/rh.sphere.reg
Rescaling ...  original radius = 100
Reading target surface 
 /out/sourcedata/freesurfer/sub-v1s11x0050169_ses-1/surf/rh.white
Reading target registration 
 /out/sourcedata/freesurfer/sub-v1s11x0050169_ses-1/surf/rh.sphere.reg
Rescaling ...  original radius = 100
Building target registration hash (res=16).
Building source registration hash (res=16).
INFO: found  8016 nlabel points
Performing mapping from target back to the source label 143928
Number of reverse mapping hits = 2650
Checking for and removing duplicates
Writing label file ./rh.V2_exvivo.label 10666
mri_label2label: Done


 mri_label2label --srcsubject fsaverage --srclabel /out/sourcedata/freesurfer/fsaverage/label/rh.MT_exvivo.label --trgsubject sub-v1s11x0050169_ses-1 --trglabel ./rh.MT_exvivo.label --hemi rh --regmethod surface 


srclabel = /out/sourcedata/freesurfer/fsaverage/label/rh.MT_exvivo.label
srcsubject = fsaverage
trgsubject = sub-v1s11x0050169_ses-1
trglabel = ./rh.MT_exvivo.label
regmethod = surface

srchemi = rh
trghemi = rh
trgsurface = white
srcsurfreg = sphere.reg
trgsurfreg = sphere.reg
usehash = 1
Use ProjAbs  = 0, 0
Use ProjFrac = 0, 0
DoPaint 0

SUBJECTS_DIR    /out/sourcedata/freesurfer
FREESURFER_HOME /opt/freesurfer
Loading source label.
Found 1932 points in source label.
Starting surface-based mapping
Reading source registration 
 /out/sourcedata/freesurfer/fsaverage/surf/rh.sphere.reg
Rescaling ...  original radius = 100
Reading target surface 
 /out/sourcedata/freesurfer/sub-v1s11x0050169_ses-1/surf/rh.white
Reading target registration 
 /out/sourcedata/freesurfer/sub-v1s11x0050169_ses-1/surf/rh.sphere.reg
Rescaling ...  original radius = 100
Building target registration hash (res=16).
Building source registration hash (res=16).
INFO: found  1932 nlabel points
Performing mapping from target back to the source label 143928
Number of reverse mapping hits = 1072
Checking for and removing duplicates
Writing label file ./rh.MT_exvivo.label 3004
mri_label2label: Done


 mri_label2label --srcsubject fsaverage --srclabel /out/sourcedata/freesurfer/fsaverage/label/rh.entorhinal_exvivo.label --trgsubject sub-v1s11x0050169_ses-1 --trglabel ./rh.entorhinal_exvivo.label --hemi rh --regmethod surface 


srclabel = /out/sourcedata/freesurfer/fsaverage/label/rh.entorhinal_exvivo.label
srcsubject = fsaverage
trgsubject = sub-v1s11x0050169_ses-1
trglabel = ./rh.entorhinal_exvivo.label
regmethod = surface

srchemi = rh
trghemi = rh
trgsurface = white
srcsurfreg = sphere.reg
trgsurfreg = sphere.reg
usehash = 1
Use ProjAbs  = 0, 0
Use ProjFrac = 0, 0
DoPaint 0

SUBJECTS_DIR    /out/sourcedata/freesurfer
FREESURFER_HOME /opt/freesurfer
Loading source label.
Found 1038 points in source label.
Starting surface-based mapping
Reading source registration 
 /out/sourcedata/freesurfer/fsaverage/surf/rh.sphere.reg
Rescaling ...  original radius = 100
Reading target surface 
 /out/sourcedata/freesurfer/sub-v1s11x0050169_ses-1/surf/rh.white
Reading target registration 
 /out/sourcedata/freesurfer/sub-v1s11x0050169_ses-1/surf/rh.sphere.reg
Rescaling ...  original radius = 100
Building target registration hash (res=16).
Building source registration hash (res=16).
INFO: found  1038 nlabel points
Performing mapping from target back to the source label 143928
Number of reverse mapping hits = 203
Checking for and removing duplicates
Writing label file ./rh.entorhinal_exvivo.label 1241
mri_label2label: Done


 mri_label2label --srcsubject fsaverage --srclabel /out/sourcedata/freesurfer/fsaverage/label/rh.perirhinal_exvivo.label --trgsubject sub-v1s11x0050169_ses-1 --trglabel ./rh.perirhinal_exvivo.label --hemi rh --regmethod surface 


srclabel = /out/sourcedata/freesurfer/fsaverage/label/rh.perirhinal_exvivo.label
srcsubject = fsaverage
trgsubject = sub-v1s11x0050169_ses-1
trglabel = ./rh.perirhinal_exvivo.label
regmethod = surface

srchemi = rh
trghemi = rh
trgsurface = white
srcsurfreg = sphere.reg
trgsurfreg = sphere.reg
usehash = 1
Use ProjAbs  = 0, 0
Use ProjFrac = 0, 0
DoPaint 0

SUBJECTS_DIR    /out/sourcedata/freesurfer
FREESURFER_HOME /opt/freesurfer
Loading source label.
Found 752 points in source label.
Starting surface-based mapping
Reading source registration 
 /out/sourcedata/freesurfer/fsaverage/surf/rh.sphere.reg
Rescaling ...  original radius = 100
Reading target surface 
 /out/sourcedata/freesurfer/sub-v1s11x0050169_ses-1/surf/rh.white
Reading target registration 
 /out/sourcedata/freesurfer/sub-v1s11x0050169_ses-1/surf/rh.sphere.reg
Rescaling ...  original radius = 100
Building target registration hash (res=16).
Building source registration hash (res=16).
INFO: found  752 nlabel points
Performing mapping from target back to the source label 143928
Number of reverse mapping hits = 190
Checking for and removing duplicates
Writing label file ./rh.perirhinal_exvivo.label 942
mri_label2label: Done


 mri_label2label --srcsubject fsaverage --srclabel /out/sourcedata/freesurfer/fsaverage/label/rh.FG1.mpm.vpnl.label --trgsubject sub-v1s11x0050169_ses-1 --trglabel ./rh.FG1.mpm.vpnl.label --hemi rh --regmethod surface 


srclabel = /out/sourcedata/freesurfer/fsaverage/label/rh.FG1.mpm.vpnl.label
srcsubject = fsaverage
trgsubject = sub-v1s11x0050169_ses-1
trglabel = ./rh.FG1.mpm.vpnl.label
regmethod = surface

srchemi = rh
trghemi = rh
trgsurface = white
srcsurfreg = sphere.reg
trgsurfreg = sphere.reg
usehash = 1
Use ProjAbs  = 0, 0
Use ProjFrac = 0, 0
DoPaint 0

SUBJECTS_DIR    /out/sourcedata/freesurfer
FREESURFER_HOME /opt/freesurfer
Loading source label.
Found 541 points in source label.
Starting surface-based mapping
Reading source registration 
 /out/sourcedata/freesurfer/fsaverage/surf/rh.sphere.reg
Rescaling ...  original radius = 100
Reading target surface 
 /out/sourcedata/freesurfer/sub-v1s11x0050169_ses-1/surf/rh.white
Reading target registration 
 /out/sourcedata/freesurfer/sub-v1s11x0050169_ses-1/surf/rh.sphere.reg
Rescaling ...  original radius = 100
Building target registration hash (res=16).
Building source registration hash (res=16).
INFO: found  541 nlabel points
Performing mapping from target back to the source label 143928
Number of reverse mapping hits = 234
Checking for and removing duplicates
Writing label file ./rh.FG1.mpm.vpnl.label 775
mri_label2label: Done


 mri_label2label --srcsubject fsaverage --srclabel /out/sourcedata/freesurfer/fsaverage/label/rh.FG2.mpm.vpnl.label --trgsubject sub-v1s11x0050169_ses-1 --trglabel ./rh.FG2.mpm.vpnl.label --hemi rh --regmethod surface 


srclabel = /out/sourcedata/freesurfer/fsaverage/label/rh.FG2.mpm.vpnl.label
srcsubject = fsaverage
trgsubject = sub-v1s11x0050169_ses-1
trglabel = ./rh.FG2.mpm.vpnl.label
regmethod = surface

srchemi = rh
trghemi = rh
trgsurface = white
srcsurfreg = sphere.reg
trgsurfreg = sphere.reg
usehash = 1
Use ProjAbs  = 0, 0
Use ProjFrac = 0, 0
DoPaint 0

SUBJECTS_DIR    /out/sourcedata/freesurfer
FREESURFER_HOME /opt/freesurfer
Loading source label.
Found 721 points in source label.
Starting surface-based mapping
Reading source registration 
 /out/sourcedata/freesurfer/fsaverage/surf/rh.sphere.reg
Rescaling ...  original radius = 100
Reading target surface 
 /out/sourcedata/freesurfer/sub-v1s11x0050169_ses-1/surf/rh.white
Reading target registration 
 /out/sourcedata/freesurfer/sub-v1s11x0050169_ses-1/surf/rh.sphere.reg
Rescaling ...  original radius = 100
Building target registration hash (res=16).
Building source registration hash (res=16).
INFO: found  721 nlabel points
Performing mapping from target back to the source label 143928
Number of reverse mapping hits = 427
Checking for and removing duplicates
Writing label file ./rh.FG2.mpm.vpnl.label 1148
mri_label2label: Done


 mri_label2label --srcsubject fsaverage --srclabel /out/sourcedata/freesurfer/fsaverage/label/rh.FG3.mpm.vpnl.label --trgsubject sub-v1s11x0050169_ses-1 --trglabel ./rh.FG3.mpm.vpnl.label --hemi rh --regmethod surface 


srclabel = /out/sourcedata/freesurfer/fsaverage/label/rh.FG3.mpm.vpnl.label
srcsubject = fsaverage
trgsubject = sub-v1s11x0050169_ses-1
trglabel = ./rh.FG3.mpm.vpnl.label
regmethod = surface

srchemi = rh
trghemi = rh
trgsurface = white
srcsurfreg = sphere.reg
trgsurfreg = sphere.reg
usehash = 1
Use ProjAbs  = 0, 0
Use ProjFrac = 0, 0
DoPaint 0

SUBJECTS_DIR    /out/sourcedata/freesurfer
FREESURFER_HOME /opt/freesurfer
Loading source label.
Found 1523 points in source label.
Starting surface-based mapping
Reading source registration 
 /out/sourcedata/freesurfer/fsaverage/surf/rh.sphere.reg
Rescaling ...  original radius = 100
Reading target surface 
 /out/sourcedata/freesurfer/sub-v1s11x0050169_ses-1/surf/rh.white
Reading target registration 
 /out/sourcedata/freesurfer/sub-v1s11x0050169_ses-1/surf/rh.sphere.reg
Rescaling ...  original radius = 100
Building target registration hash (res=16).
Building source registration hash (res=16).
INFO: found  1523 nlabel points
Performing mapping from target back to the source label 143928
Number of reverse mapping hits = 327
Checking for and removing duplicates
Writing label file ./rh.FG3.mpm.vpnl.label 1850
mri_label2label: Done


 mri_label2label --srcsubject fsaverage --srclabel /out/sourcedata/freesurfer/fsaverage/label/rh.FG4.mpm.vpnl.label --trgsubject sub-v1s11x0050169_ses-1 --trglabel ./rh.FG4.mpm.vpnl.label --hemi rh --regmethod surface 


srclabel = /out/sourcedata/freesurfer/fsaverage/label/rh.FG4.mpm.vpnl.label
srcsubject = fsaverage
trgsubject = sub-v1s11x0050169_ses-1
trglabel = ./rh.FG4.mpm.vpnl.label
regmethod = surface

srchemi = rh
trghemi = rh
trgsurface = white
srcsurfreg = sphere.reg
trgsurfreg = sphere.reg
usehash = 1
Use ProjAbs  = 0, 0
Use ProjFrac = 0, 0
DoPaint 0

SUBJECTS_DIR    /out/sourcedata/freesurfer
FREESURFER_HOME /opt/freesurfer
Loading source label.
Found 1586 points in source label.
Starting surface-based mapping
Reading source registration 
 /out/sourcedata/freesurfer/fsaverage/surf/rh.sphere.reg
Rescaling ...  original radius = 100
Reading target surface 
 /out/sourcedata/freesurfer/sub-v1s11x0050169_ses-1/surf/rh.white
Reading target registration 
 /out/sourcedata/freesurfer/sub-v1s11x0050169_ses-1/surf/rh.sphere.reg
Rescaling ...  original radius = 100
Building target registration hash (res=16).
Building source registration hash (res=16).
INFO: found  1586 nlabel points
Performing mapping from target back to the source label 143928
Number of reverse mapping hits = 572
Checking for and removing duplicates
Writing label file ./rh.FG4.mpm.vpnl.label 2158
mri_label2label: Done


 mri_label2label --srcsubject fsaverage --srclabel /out/sourcedata/freesurfer/fsaverage/label/rh.hOc1.mpm.vpnl.label --trgsubject sub-v1s11x0050169_ses-1 --trglabel ./rh.hOc1.mpm.vpnl.label --hemi rh --regmethod surface 


srclabel = /out/sourcedata/freesurfer/fsaverage/label/rh.hOc1.mpm.vpnl.label
srcsubject = fsaverage
trgsubject = sub-v1s11x0050169_ses-1
trglabel = ./rh.hOc1.mpm.vpnl.label
regmethod = surface

srchemi = rh
trghemi = rh
trgsurface = white
srcsurfreg = sphere.reg
trgsurfreg = sphere.reg
usehash = 1
Use ProjAbs  = 0, 0
Use ProjFrac = 0, 0
DoPaint 0

SUBJECTS_DIR    /out/sourcedata/freesurfer
FREESURFER_HOME /opt/freesurfer
Loading source label.
Found 3667 points in source label.
Starting surface-based mapping
Reading source registration 
 /out/sourcedata/freesurfer/fsaverage/surf/rh.sphere.reg
Rescaling ...  original radius = 100
Reading target surface 
 /out/sourcedata/freesurfer/sub-v1s11x0050169_ses-1/surf/rh.white
Reading target registration 
 /out/sourcedata/freesurfer/sub-v1s11x0050169_ses-1/surf/rh.sphere.reg
Rescaling ...  original radius = 100
Building target registration hash (res=16).
Building source registration hash (res=16).
INFO: found  3667 nlabel points
Performing mapping from target back to the source label 143928
Number of reverse mapping hits = 984
Checking for and removing duplicates
Writing label file ./rh.hOc1.mpm.vpnl.label 4651
mri_label2label: Done


 mri_label2label --srcsubject fsaverage --srclabel /out/sourcedata/freesurfer/fsaverage/label/rh.hOc2.mpm.vpnl.label --trgsubject sub-v1s11x0050169_ses-1 --trglabel ./rh.hOc2.mpm.vpnl.label --hemi rh --regmethod surface 


srclabel = /out/sourcedata/freesurfer/fsaverage/label/rh.hOc2.mpm.vpnl.label
srcsubject = fsaverage
trgsubject = sub-v1s11x0050169_ses-1
trglabel = ./rh.hOc2.mpm.vpnl.label
regmethod = surface

srchemi = rh
trghemi = rh
trgsurface = white
srcsurfreg = sphere.reg
trgsurfreg = sphere.reg
usehash = 1
Use ProjAbs  = 0, 0
Use ProjFrac = 0, 0
DoPaint 0

SUBJECTS_DIR    /out/sourcedata/freesurfer
FREESURFER_HOME /opt/freesurfer
Loading source label.
Found 2719 points in source label.
Starting surface-based mapping
Reading source registration 
 /out/sourcedata/freesurfer/fsaverage/surf/rh.sphere.reg
Rescaling ...  original radius = 100
Reading target surface 
 /out/sourcedata/freesurfer/sub-v1s11x0050169_ses-1/surf/rh.white
Reading target registration 
 /out/sourcedata/freesurfer/sub-v1s11x0050169_ses-1/surf/rh.sphere.reg
Rescaling ...  original radius = 100
Building target registration hash (res=16).
Building source registration hash (res=16).
INFO: found  2719 nlabel points
Performing mapping from target back to the source label 143928
Number of reverse mapping hits = 972
Checking for and removing duplicates
Writing label file ./rh.hOc2.mpm.vpnl.label 3691
mri_label2label: Done


 mri_label2label --srcsubject fsaverage --srclabel /out/sourcedata/freesurfer/fsaverage/label/rh.hOc3v.mpm.vpnl.label --trgsubject sub-v1s11x0050169_ses-1 --trglabel ./rh.hOc3v.mpm.vpnl.label --hemi rh --regmethod surface 


srclabel = /out/sourcedata/freesurfer/fsaverage/label/rh.hOc3v.mpm.vpnl.label
srcsubject = fsaverage
trgsubject = sub-v1s11x0050169_ses-1
trglabel = ./rh.hOc3v.mpm.vpnl.label
regmethod = surface

srchemi = rh
trghemi = rh
trgsurface = white
srcsurfreg = sphere.reg
trgsurfreg = sphere.reg
usehash = 1
Use ProjAbs  = 0, 0
Use ProjFrac = 0, 0
DoPaint 0

SUBJECTS_DIR    /out/sourcedata/freesurfer
FREESURFER_HOME /opt/freesurfer
Loading source label.
Found 1228 points in source label.
Starting surface-based mapping
Reading source registration 
 /out/sourcedata/freesurfer/fsaverage/surf/rh.sphere.reg
Rescaling ...  original radius = 100
Reading target surface 
 /out/sourcedata/freesurfer/sub-v1s11x0050169_ses-1/surf/rh.white
Reading target registration 
 /out/sourcedata/freesurfer/sub-v1s11x0050169_ses-1/surf/rh.sphere.reg
Rescaling ...  original radius = 100
Building target registration hash (res=16).
Building source registration hash (res=16).
INFO: found  1228 nlabel points
Performing mapping from target back to the source label 143928
Number of reverse mapping hits = 519
Checking for and removing duplicates
Writing label file ./rh.hOc3v.mpm.vpnl.label 1747
mri_label2label: Done


 mri_label2label --srcsubject fsaverage --srclabel /out/sourcedata/freesurfer/fsaverage/label/rh.hOc4v.mpm.vpnl.label --trgsubject sub-v1s11x0050169_ses-1 --trglabel ./rh.hOc4v.mpm.vpnl.label --hemi rh --regmethod surface 


srclabel = /out/sourcedata/freesurfer/fsaverage/label/rh.hOc4v.mpm.vpnl.label
srcsubject = fsaverage
trgsubject = sub-v1s11x0050169_ses-1
trglabel = ./rh.hOc4v.mpm.vpnl.label
regmethod = surface

srchemi = rh
trghemi = rh
trgsurface = white
srcsurfreg = sphere.reg
trgsurfreg = sphere.reg
usehash = 1
Use ProjAbs  = 0, 0
Use ProjFrac = 0, 0
DoPaint 0

SUBJECTS_DIR    /out/sourcedata/freesurfer
FREESURFER_HOME /opt/freesurfer
Loading source label.
Found 1025 points in source label.
Starting surface-based mapping
Reading source registration 
 /out/sourcedata/freesurfer/fsaverage/surf/rh.sphere.reg
Rescaling ...  original radius = 100
Reading target surface 
 /out/sourcedata/freesurfer/sub-v1s11x0050169_ses-1/surf/rh.white
Reading target registration 
 /out/sourcedata/freesurfer/sub-v1s11x0050169_ses-1/surf/rh.sphere.reg
Rescaling ...  original radius = 100
Building target registration hash (res=16).
Building source registration hash (res=16).
INFO: found  1025 nlabel points
Performing mapping from target back to the source label 143928
Number of reverse mapping hits = 481
Checking for and removing duplicates
Writing label file ./rh.hOc4v.mpm.vpnl.label 1506
mri_label2label: Done


 mris_label2annot --s sub-v1s11x0050169_ses-1 --ctab /opt/freesurfer/average/colortable_vpnl.txt --hemi rh --a mpm.vpnl --maxstatwinner --noverbose --l rh.FG1.mpm.vpnl.label --l rh.FG2.mpm.vpnl.label --l rh.FG3.mpm.vpnl.label --l rh.FG4.mpm.vpnl.label --l rh.hOc1.mpm.vpnl.label --l rh.hOc2.mpm.vpnl.label --l rh.hOc3v.mpm.vpnl.label --l rh.hOc4v.mpm.vpnl.label 

Reading ctab /opt/freesurfer/average/colortable_vpnl.txt
Number of ctab entries 9

7.3.2
cwd /out/sourcedata/freesurfer/sub-v1s11x0050169_ses-1/label
cmdline mris_label2annot --s sub-v1s11x0050169_ses-1 --ctab /opt/freesurfer/average/colortable_vpnl.txt --hemi rh --a mpm.vpnl --maxstatwinner --noverbose --l rh.FG1.mpm.vpnl.label --l rh.FG2.mpm.vpnl.label --l rh.FG3.mpm.vpnl.label --l rh.FG4.mpm.vpnl.label --l rh.hOc1.mpm.vpnl.label --l rh.hOc2.mpm.vpnl.label --l rh.hOc3v.mpm.vpnl.label --l rh.hOc4v.mpm.vpnl.label 
sysname  Linux
hostname dna071
machine  x86_64
user     oesteban

subject sub-v1s11x0050169_ses-1
hemi    rh
SUBJECTS_DIR /out/sourcedata/freesurfer
ColorTable /opt/freesurfer/average/colortable_vpnl.txt
AnnotName  mpm.vpnl
nlables 8
LabelThresh 0 0.000000
Loading /out/sourcedata/freesurfer/sub-v1s11x0050169_ses-1/surf/rh.orig
 1 1376057 FG1
 2 16711935 FG2
 3 16711680 FG3
 4 1705837 FG4
 5 25600 hOc1
 6 255 hOc2
 7 16776960 hOc3v
 8 65535 hOc4v
Mapping unhit to unknown
Found 127246 unhit vertices
Writing annot to /out/sourcedata/freesurfer/sub-v1s11x0050169_ses-1/label/rh.mpm.vpnl.annot

 mri_label2label --srcsubject fsaverage --srclabel /out/sourcedata/freesurfer/fsaverage/label/rh.BA1_exvivo.thresh.label --trgsubject sub-v1s11x0050169_ses-1 --trglabel ./rh.BA1_exvivo.thresh.label --hemi rh --regmethod surface 


srclabel = /out/sourcedata/freesurfer/fsaverage/label/rh.BA1_exvivo.thresh.label
srcsubject = fsaverage
trgsubject = sub-v1s11x0050169_ses-1
trglabel = ./rh.BA1_exvivo.thresh.label
regmethod = surface

srchemi = rh
trghemi = rh
trgsurface = white
srcsurfreg = sphere.reg
trgsurfreg = sphere.reg
usehash = 1
Use ProjAbs  = 0, 0
Use ProjFrac = 0, 0
DoPaint 0

SUBJECTS_DIR    /out/sourcedata/freesurfer
FREESURFER_HOME /opt/freesurfer
Loading source label.
Found 876 points in source label.
Starting surface-based mapping
Reading source registration 
 /out/sourcedata/freesurfer/fsaverage/surf/rh.sphere.reg
Rescaling ...  original radius = 100
Reading target surface 
 /out/sourcedata/freesurfer/sub-v1s11x0050169_ses-1/surf/rh.white
Reading target registration 
 /out/sourcedata/freesurfer/sub-v1s11x0050169_ses-1/surf/rh.sphere.reg
Rescaling ...  original radius = 100
Building target registration hash (res=16).
Building source registration hash (res=16).
INFO: found  876 nlabel points
Performing mapping from target back to the source label 143928
Number of reverse mapping hits = 13
Checking for and removing duplicates
Writing label file ./rh.BA1_exvivo.thresh.label 889
mri_label2label: Done


 mri_label2label --srcsubject fsaverage --srclabel /out/sourcedata/freesurfer/fsaverage/label/rh.BA2_exvivo.thresh.label --trgsubject sub-v1s11x0050169_ses-1 --trglabel ./rh.BA2_exvivo.thresh.label --hemi rh --regmethod surface 


srclabel = /out/sourcedata/freesurfer/fsaverage/label/rh.BA2_exvivo.thresh.label
srcsubject = fsaverage
trgsubject = sub-v1s11x0050169_ses-1
trglabel = ./rh.BA2_exvivo.thresh.label
regmethod = surface

srchemi = rh
trghemi = rh
trgsurface = white
srcsurfreg = sphere.reg
trgsurfreg = sphere.reg
usehash = 1
Use ProjAbs  = 0, 0
Use ProjFrac = 0, 0
DoPaint 0

SUBJECTS_DIR    /out/sourcedata/freesurfer
FREESURFER_HOME /opt/freesurfer
Loading source label.
Found 2688 points in source label.
Starting surface-based mapping
Reading source registration 
 /out/sourcedata/freesurfer/fsaverage/surf/rh.sphere.reg
Rescaling ...  original radius = 100
Reading target surface 
 /out/sourcedata/freesurfer/sub-v1s11x0050169_ses-1/surf/rh.white
Reading target registration 
 /out/sourcedata/freesurfer/sub-v1s11x0050169_ses-1/surf/rh.sphere.reg
Rescaling ...  original radius = 100
Building target registration hash (res=16).
Building source registration hash (res=16).
INFO: found  2688 nlabel points
Performing mapping from target back to the source label 143928
Number of reverse mapping hits = 16
Checking for and removing duplicates
Writing label file ./rh.BA2_exvivo.thresh.label 2704
mri_label2label: Done


 mri_label2label --srcsubject fsaverage --srclabel /out/sourcedata/freesurfer/fsaverage/label/rh.BA3a_exvivo.thresh.label --trgsubject sub-v1s11x0050169_ses-1 --trglabel ./rh.BA3a_exvivo.thresh.label --hemi rh --regmethod surface 


srclabel = /out/sourcedata/freesurfer/fsaverage/label/rh.BA3a_exvivo.thresh.label
srcsubject = fsaverage
trgsubject = sub-v1s11x0050169_ses-1
trglabel = ./rh.BA3a_exvivo.thresh.label
regmethod = surface

srchemi = rh
trghemi = rh
trgsurface = white
srcsurfreg = sphere.reg
trgsurfreg = sphere.reg
usehash = 1
Use ProjAbs  = 0, 0
Use ProjFrac = 0, 0
DoPaint 0

SUBJECTS_DIR    /out/sourcedata/freesurfer
FREESURFER_HOME /opt/freesurfer
Loading source label.
Found 1698 points in source label.
Starting surface-based mapping
Reading source registration 
 /out/sourcedata/freesurfer/fsaverage/surf/rh.sphere.reg
Rescaling ...  original radius = 100
Reading target surface 
 /out/sourcedata/freesurfer/sub-v1s11x0050169_ses-1/surf/rh.white
Reading target registration 
 /out/sourcedata/freesurfer/sub-v1s11x0050169_ses-1/surf/rh.sphere.reg
Rescaling ...  original radius = 100
Building target registration hash (res=16).
Building source registration hash (res=16).
INFO: found  1698 nlabel points
Performing mapping from target back to the source label 143928
Number of reverse mapping hits = 26
Checking for and removing duplicates
Writing label file ./rh.BA3a_exvivo.thresh.label 1724
mri_label2label: Done


 mri_label2label --srcsubject fsaverage --srclabel /out/sourcedata/freesurfer/fsaverage/label/rh.BA3b_exvivo.thresh.label --trgsubject sub-v1s11x0050169_ses-1 --trglabel ./rh.BA3b_exvivo.thresh.label --hemi rh --regmethod surface 


srclabel = /out/sourcedata/freesurfer/fsaverage/label/rh.BA3b_exvivo.thresh.label
srcsubject = fsaverage
trgsubject = sub-v1s11x0050169_ses-1
trglabel = ./rh.BA3b_exvivo.thresh.label
regmethod = surface

srchemi = rh
trghemi = rh
trgsurface = white
srcsurfreg = sphere.reg
trgsurfreg = sphere.reg
usehash = 1
Use ProjAbs  = 0, 0
Use ProjFrac = 0, 0
DoPaint 0

SUBJECTS_DIR    /out/sourcedata/freesurfer
FREESURFER_HOME /opt/freesurfer
Loading source label.
Found 2183 points in source label.
Starting surface-based mapping
Reading source registration 
 /out/sourcedata/freesurfer/fsaverage/surf/rh.sphere.reg
Rescaling ...  original radius = 100
Reading target surface 
 /out/sourcedata/freesurfer/sub-v1s11x0050169_ses-1/surf/rh.white
Reading target registration 
 /out/sourcedata/freesurfer/sub-v1s11x0050169_ses-1/surf/rh.sphere.reg
Rescaling ...  original radius = 100
Building target registration hash (res=16).
Building source registration hash (res=16).
INFO: found  2183 nlabel points
Performing mapping from target back to the source label 143928
Number of reverse mapping hits = 59
Checking for and removing duplicates
Writing label file ./rh.BA3b_exvivo.thresh.label 2242
mri_label2label: Done


 mri_label2label --srcsubject fsaverage --srclabel /out/sourcedata/freesurfer/fsaverage/label/rh.BA4a_exvivo.thresh.label --trgsubject sub-v1s11x0050169_ses-1 --trglabel ./rh.BA4a_exvivo.thresh.label --hemi rh --regmethod surface 


srclabel = /out/sourcedata/freesurfer/fsaverage/label/rh.BA4a_exvivo.thresh.label
srcsubject = fsaverage
trgsubject = sub-v1s11x0050169_ses-1
trglabel = ./rh.BA4a_exvivo.thresh.label
regmethod = surface

srchemi = rh
trghemi = rh
trgsurface = white
srcsurfreg = sphere.reg
trgsurfreg = sphere.reg
usehash = 1
Use ProjAbs  = 0, 0
Use ProjFrac = 0, 0
DoPaint 0

SUBJECTS_DIR    /out/sourcedata/freesurfer
FREESURFER_HOME /opt/freesurfer
Loading source label.
Found 1388 points in source label.
Starting surface-based mapping
Reading source registration 
 /out/sourcedata/freesurfer/fsaverage/surf/rh.sphere.reg
Rescaling ...  original radius = 100
Reading target surface 
 /out/sourcedata/freesurfer/sub-v1s11x0050169_ses-1/surf/rh.white
Reading target registration 
 /out/sourcedata/freesurfer/sub-v1s11x0050169_ses-1/surf/rh.sphere.reg
Rescaling ...  original radius = 100
Building target registration hash (res=16).
Building source registration hash (res=16).
INFO: found  1388 nlabel points
Performing mapping from target back to the source label 143928
Number of reverse mapping hits = 102
Checking for and removing duplicates
Writing label file ./rh.BA4a_exvivo.thresh.label 1490
mri_label2label: Done


 mri_label2label --srcsubject fsaverage --srclabel /out/sourcedata/freesurfer/fsaverage/label/rh.BA4p_exvivo.thresh.label --trgsubject sub-v1s11x0050169_ses-1 --trglabel ./rh.BA4p_exvivo.thresh.label --hemi rh --regmethod surface 


srclabel = /out/sourcedata/freesurfer/fsaverage/label/rh.BA4p_exvivo.thresh.label
srcsubject = fsaverage
trgsubject = sub-v1s11x0050169_ses-1
trglabel = ./rh.BA4p_exvivo.thresh.label
regmethod = surface

srchemi = rh
trghemi = rh
trgsurface = white
srcsurfreg = sphere.reg
trgsurfreg = sphere.reg
usehash = 1
Use ProjAbs  = 0, 0
Use ProjFrac = 0, 0
DoPaint 0

SUBJECTS_DIR    /out/sourcedata/freesurfer
FREESURFER_HOME /opt/freesurfer
Loading source label.
Found 1489 points in source label.
Starting surface-based mapping
Reading source registration 
 /out/sourcedata/freesurfer/fsaverage/surf/rh.sphere.reg
Rescaling ...  original radius = 100
Reading target surface 
 /out/sourcedata/freesurfer/sub-v1s11x0050169_ses-1/surf/rh.white
Reading target registration 
 /out/sourcedata/freesurfer/sub-v1s11x0050169_ses-1/surf/rh.sphere.reg
Rescaling ...  original radius = 100
Building target registration hash (res=16).
Building source registration hash (res=16).
INFO: found  1489 nlabel points
Performing mapping from target back to the source label 143928
Number of reverse mapping hits = 39
Checking for and removing duplicates
Writing label file ./rh.BA4p_exvivo.thresh.label 1528
mri_label2label: Done


 mri_label2label --srcsubject fsaverage --srclabel /out/sourcedata/freesurfer/fsaverage/label/rh.BA6_exvivo.thresh.label --trgsubject sub-v1s11x0050169_ses-1 --trglabel ./rh.BA6_exvivo.thresh.label --hemi rh --regmethod surface 


srclabel = /out/sourcedata/freesurfer/fsaverage/label/rh.BA6_exvivo.thresh.label
srcsubject = fsaverage
trgsubject = sub-v1s11x0050169_ses-1
trglabel = ./rh.BA6_exvivo.thresh.label
regmethod = surface

srchemi = rh
trghemi = rh
trgsurface = white
srcsurfreg = sphere.reg
trgsurfreg = sphere.reg
usehash = 1
Use ProjAbs  = 0, 0
Use ProjFrac = 0, 0
DoPaint 0

SUBJECTS_DIR    /out/sourcedata/freesurfer
FREESURFER_HOME /opt/freesurfer
Loading source label.
Found 6959 points in source label.
Starting surface-based mapping
Reading source registration 
 /out/sourcedata/freesurfer/fsaverage/surf/rh.sphere.reg
Rescaling ...  original radius = 100
Reading target surface 
 /out/sourcedata/freesurfer/sub-v1s11x0050169_ses-1/surf/rh.white
Reading target registration 
 /out/sourcedata/freesurfer/sub-v1s11x0050169_ses-1/surf/rh.sphere.reg
Rescaling ...  original radius = 100
Building target registration hash (res=16).
Building source registration hash (res=16).
INFO: found  6959 nlabel points
Performing mapping from target back to the source label 143928
Number of reverse mapping hits = 450
Checking for and removing duplicates
Writing label file ./rh.BA6_exvivo.thresh.label 7409
mri_label2label: Done


 mri_label2label --srcsubject fsaverage --srclabel /out/sourcedata/freesurfer/fsaverage/label/rh.BA44_exvivo.thresh.label --trgsubject sub-v1s11x0050169_ses-1 --trglabel ./rh.BA44_exvivo.thresh.label --hemi rh --regmethod surface 


srclabel = /out/sourcedata/freesurfer/fsaverage/label/rh.BA44_exvivo.thresh.label
srcsubject = fsaverage
trgsubject = sub-v1s11x0050169_ses-1
trglabel = ./rh.BA44_exvivo.thresh.label
regmethod = surface

srchemi = rh
trghemi = rh
trgsurface = white
srcsurfreg = sphere.reg
trgsurfreg = sphere.reg
usehash = 1
Use ProjAbs  = 0, 0
Use ProjFrac = 0, 0
DoPaint 0

SUBJECTS_DIR    /out/sourcedata/freesurfer
FREESURFER_HOME /opt/freesurfer
Loading source label.
Found 1012 points in source label.
Starting surface-based mapping
Reading source registration 
 /out/sourcedata/freesurfer/fsaverage/surf/rh.sphere.reg
Rescaling ...  original radius = 100
Reading target surface 
 /out/sourcedata/freesurfer/sub-v1s11x0050169_ses-1/surf/rh.white
Reading target registration 
 /out/sourcedata/freesurfer/sub-v1s11x0050169_ses-1/surf/rh.sphere.reg
Rescaling ...  original radius = 100
Building target registration hash (res=16).
Building source registration hash (res=16).
INFO: found  1012 nlabel points
Performing mapping from target back to the source label 143928
Number of reverse mapping hits = 473
Checking for and removing duplicates
Writing label file ./rh.BA44_exvivo.thresh.label 1485
mri_label2label: Done


 mri_label2label --srcsubject fsaverage --srclabel /out/sourcedata/freesurfer/fsaverage/label/rh.BA45_exvivo.thresh.label --trgsubject sub-v1s11x0050169_ses-1 --trglabel ./rh.BA45_exvivo.thresh.label --hemi rh --regmethod surface 


srclabel = /out/sourcedata/freesurfer/fsaverage/label/rh.BA45_exvivo.thresh.label
srcsubject = fsaverage
trgsubject = sub-v1s11x0050169_ses-1
trglabel = ./rh.BA45_exvivo.thresh.label
regmethod = surface

srchemi = rh
trghemi = rh
trgsurface = white
srcsurfreg = sphere.reg
trgsurfreg = sphere.reg
usehash = 1
Use ProjAbs  = 0, 0
Use ProjFrac = 0, 0
DoPaint 0

SUBJECTS_DIR    /out/sourcedata/freesurfer
FREESURFER_HOME /opt/freesurfer
Loading source label.
Found 1178 points in source label.
Starting surface-based mapping
Reading source registration 
 /out/sourcedata/freesurfer/fsaverage/surf/rh.sphere.reg
Rescaling ...  original radius = 100
Reading target surface 
 /out/sourcedata/freesurfer/sub-v1s11x0050169_ses-1/surf/rh.white
Reading target registration 
 /out/sourcedata/freesurfer/sub-v1s11x0050169_ses-1/surf/rh.sphere.reg
Rescaling ...  original radius = 100
Building target registration hash (res=16).
Building source registration hash (res=16).
INFO: found  1178 nlabel points
Performing mapping from target back to the source label 143928
Number of reverse mapping hits = 298
Checking for and removing duplicates
Writing label file ./rh.BA45_exvivo.thresh.label 1476
mri_label2label: Done


 mri_label2label --srcsubject fsaverage --srclabel /out/sourcedata/freesurfer/fsaverage/label/rh.V1_exvivo.thresh.label --trgsubject sub-v1s11x0050169_ses-1 --trglabel ./rh.V1_exvivo.thresh.label --hemi rh --regmethod surface 


srclabel = /out/sourcedata/freesurfer/fsaverage/label/rh.V1_exvivo.thresh.label
srcsubject = fsaverage
trgsubject = sub-v1s11x0050169_ses-1
trglabel = ./rh.V1_exvivo.thresh.label
regmethod = surface

srchemi = rh
trghemi = rh
trgsurface = white
srcsurfreg = sphere.reg
trgsurfreg = sphere.reg
usehash = 1
Use ProjAbs  = 0, 0
Use ProjFrac = 0, 0
DoPaint 0

SUBJECTS_DIR    /out/sourcedata/freesurfer
FREESURFER_HOME /opt/freesurfer
Loading source label.
Found 3232 points in source label.
Starting surface-based mapping
Reading source registration 
 /out/sourcedata/freesurfer/fsaverage/surf/rh.sphere.reg
Rescaling ...  original radius = 100
Reading target surface 
 /out/sourcedata/freesurfer/sub-v1s11x0050169_ses-1/surf/rh.white
Reading target registration 
 /out/sourcedata/freesurfer/sub-v1s11x0050169_ses-1/surf/rh.sphere.reg
Rescaling ...  original radius = 100
Building target registration hash (res=16).
Building source registration hash (res=16).
INFO: found  3232 nlabel points
Performing mapping from target back to the source label 143928
Number of reverse mapping hits = 878
Checking for and removing duplicates
Writing label file ./rh.V1_exvivo.thresh.label 4110
mri_label2label: Done


 mri_label2label --srcsubject fsaverage --srclabel /out/sourcedata/freesurfer/fsaverage/label/rh.V2_exvivo.thresh.label --trgsubject sub-v1s11x0050169_ses-1 --trglabel ./rh.V2_exvivo.thresh.label --hemi rh --regmethod surface 


srclabel = /out/sourcedata/freesurfer/fsaverage/label/rh.V2_exvivo.thresh.label
srcsubject = fsaverage
trgsubject = sub-v1s11x0050169_ses-1
trglabel = ./rh.V2_exvivo.thresh.label
regmethod = surface

srchemi = rh
trghemi = rh
trgsurface = white
srcsurfreg = sphere.reg
trgsurfreg = sphere.reg
usehash = 1
Use ProjAbs  = 0, 0
Use ProjFrac = 0, 0
DoPaint 0

SUBJECTS_DIR    /out/sourcedata/freesurfer
FREESURFER_HOME /opt/freesurfer
Loading source label.
Found 3437 points in source label.
Starting surface-based mapping
Reading source registration 
 /out/sourcedata/freesurfer/fsaverage/surf/rh.sphere.reg
Rescaling ...  original radius = 100
Reading target surface 
 /out/sourcedata/freesurfer/sub-v1s11x0050169_ses-1/surf/rh.white
Reading target registration 
 /out/sourcedata/freesurfer/sub-v1s11x0050169_ses-1/surf/rh.sphere.reg
Rescaling ...  original radius = 100
Building target registration hash (res=16).
Building source registration hash (res=16).
INFO: found  3437 nlabel points
Performing mapping from target back to the source label 143928
Number of reverse mapping hits = 1194
Checking for and removing duplicates
Writing label file ./rh.V2_exvivo.thresh.label 4631
mri_label2label: Done


 mri_label2label --srcsubject fsaverage --srclabel /out/sourcedata/freesurfer/fsaverage/label/rh.MT_exvivo.thresh.label --trgsubject sub-v1s11x0050169_ses-1 --trglabel ./rh.MT_exvivo.thresh.label --hemi rh --regmethod surface 


srclabel = /out/sourcedata/freesurfer/fsaverage/label/rh.MT_exvivo.thresh.label
srcsubject = fsaverage
trgsubject = sub-v1s11x0050169_ses-1
trglabel = ./rh.MT_exvivo.thresh.label
regmethod = surface

srchemi = rh
trghemi = rh
trgsurface = white
srcsurfreg = sphere.reg
trgsurfreg = sphere.reg
usehash = 1
Use ProjAbs  = 0, 0
Use ProjFrac = 0, 0
DoPaint 0

SUBJECTS_DIR    /out/sourcedata/freesurfer
FREESURFER_HOME /opt/freesurfer
Loading source label.
Found 268 points in source label.
Starting surface-based mapping
Reading source registration 
 /out/sourcedata/freesurfer/fsaverage/surf/rh.sphere.reg
Rescaling ...  original radius = 100
Reading target surface 
 /out/sourcedata/freesurfer/sub-v1s11x0050169_ses-1/surf/rh.white
Reading target registration 
 /out/sourcedata/freesurfer/sub-v1s11x0050169_ses-1/surf/rh.sphere.reg
Rescaling ...  original radius = 100
Building target registration hash (res=16).
Building source registration hash (res=16).
INFO: found  268 nlabel points
Performing mapping from target back to the source label 143928
Number of reverse mapping hits = 155
Checking for and removing duplicates
Writing label file ./rh.MT_exvivo.thresh.label 423
mri_label2label: Done


 mri_label2label --srcsubject fsaverage --srclabel /out/sourcedata/freesurfer/fsaverage/label/rh.entorhinal_exvivo.thresh.label --trgsubject sub-v1s11x0050169_ses-1 --trglabel ./rh.entorhinal_exvivo.thresh.label --hemi rh --regmethod surface 


srclabel = /out/sourcedata/freesurfer/fsaverage/label/rh.entorhinal_exvivo.thresh.label
srcsubject = fsaverage
trgsubject = sub-v1s11x0050169_ses-1
trglabel = ./rh.entorhinal_exvivo.thresh.label
regmethod = surface

srchemi = rh
trghemi = rh
trgsurface = white
srcsurfreg = sphere.reg
trgsurfreg = sphere.reg
usehash = 1
Use ProjAbs  = 0, 0
Use ProjFrac = 0, 0
DoPaint 0

SUBJECTS_DIR    /out/sourcedata/freesurfer
FREESURFER_HOME /opt/freesurfer
Loading source label.
Found 694 points in source label.
Starting surface-based mapping
Reading source registration 
 /out/sourcedata/freesurfer/fsaverage/surf/rh.sphere.reg
Rescaling ...  original radius = 100
Reading target surface 
 /out/sourcedata/freesurfer/sub-v1s11x0050169_ses-1/surf/rh.white
Reading target registration 
 /out/sourcedata/freesurfer/sub-v1s11x0050169_ses-1/surf/rh.sphere.reg
Rescaling ...  original radius = 100
Building target registration hash (res=16).
Building source registration hash (res=16).
INFO: found  694 nlabel points
Performing mapping from target back to the source label 143928
Number of reverse mapping hits = 106
Checking for and removing duplicates
Writing label file ./rh.entorhinal_exvivo.thresh.label 800
mri_label2label: Done


 mri_label2label --srcsubject fsaverage --srclabel /out/sourcedata/freesurfer/fsaverage/label/rh.perirhinal_exvivo.thresh.label --trgsubject sub-v1s11x0050169_ses-1 --trglabel ./rh.perirhinal_exvivo.thresh.label --hemi rh --regmethod surface 


srclabel = /out/sourcedata/freesurfer/fsaverage/label/rh.perirhinal_exvivo.thresh.label
srcsubject = fsaverage
trgsubject = sub-v1s11x0050169_ses-1
trglabel = ./rh.perirhinal_exvivo.thresh.label
regmethod = surface

srchemi = rh
trghemi = rh
trgsurface = white
srcsurfreg = sphere.reg
trgsurfreg = sphere.reg
usehash = 1
Use ProjAbs  = 0, 0
Use ProjFrac = 0, 0
DoPaint 0

SUBJECTS_DIR    /out/sourcedata/freesurfer
FREESURFER_HOME /opt/freesurfer
Loading source label.
Found 291 points in source label.
Starting surface-based mapping
Reading source registration 
 /out/sourcedata/freesurfer/fsaverage/surf/rh.sphere.reg
Rescaling ...  original radius = 100
Reading target surface 
 /out/sourcedata/freesurfer/sub-v1s11x0050169_ses-1/surf/rh.white
Reading target registration 
 /out/sourcedata/freesurfer/sub-v1s11x0050169_ses-1/surf/rh.sphere.reg
Rescaling ...  original radius = 100
Building target registration hash (res=16).
Building source registration hash (res=16).
INFO: found  291 nlabel points
Performing mapping from target back to the source label 143928
Number of reverse mapping hits = 47
Checking for and removing duplicates
Writing label file ./rh.perirhinal_exvivo.thresh.label 338
mri_label2label: Done


 mris_label2annot --s sub-v1s11x0050169_ses-1 --hemi rh --ctab /opt/freesurfer/average/colortable_BA.txt --l rh.BA1_exvivo.label --l rh.BA2_exvivo.label --l rh.BA3a_exvivo.label --l rh.BA3b_exvivo.label --l rh.BA4a_exvivo.label --l rh.BA4p_exvivo.label --l rh.BA6_exvivo.label --l rh.BA44_exvivo.label --l rh.BA45_exvivo.label --l rh.V1_exvivo.label --l rh.V2_exvivo.label --l rh.MT_exvivo.label --l rh.perirhinal_exvivo.label --l rh.entorhinal_exvivo.label --a BA_exvivo --maxstatwinner --noverbose 

Reading ctab /opt/freesurfer/average/colortable_BA.txt
Number of ctab entries 15

7.3.2
cwd /out/sourcedata/freesurfer/sub-v1s11x0050169_ses-1/label
cmdline mris_label2annot --s sub-v1s11x0050169_ses-1 --hemi rh --ctab /opt/freesurfer/average/colortable_BA.txt --l rh.BA1_exvivo.label --l rh.BA2_exvivo.label --l rh.BA3a_exvivo.label --l rh.BA3b_exvivo.label --l rh.BA4a_exvivo.label --l rh.BA4p_exvivo.label --l rh.BA6_exvivo.label --l rh.BA44_exvivo.label --l rh.BA45_exvivo.label --l rh.V1_exvivo.label --l rh.V2_exvivo.label --l rh.MT_exvivo.label --l rh.perirhinal_exvivo.label --l rh.entorhinal_exvivo.label --a BA_exvivo --maxstatwinner --noverbose 
sysname  Linux
hostname dna071
machine  x86_64
user     oesteban

subject sub-v1s11x0050169_ses-1
hemi    rh
SUBJECTS_DIR /out/sourcedata/freesurfer
ColorTable /opt/freesurfer/average/colortable_BA.txt
AnnotName  BA_exvivo
nlables 14
LabelThresh 0 0.000000
Loading /out/sourcedata/freesurfer/sub-v1s11x0050169_ses-1/surf/rh.orig
 1 1530880 BA1_exvivo
 2 16749699 BA2_exvivo
 3 16711680 BA3a_exvivo
 4 3368703 BA3b_exvivo
 5 1376196 BA4a_exvivo
 6 13382655 BA4p_exvivo
 7 10036737 BA6_exvivo
 8 2490521 BA44_exvivo
 9 39283 BA45_exvivo
10 3993 V1_exvivo
11 8508928 V2_exvivo
12 10027163 MT_exvivo
13 16422433 perirhinal_exvivo
14 16392598 entorhinal_exvivo
Mapping unhit to unknown
Found 99608 unhit vertices
Writing annot to /out/sourcedata/freesurfer/sub-v1s11x0050169_ses-1/label/rh.BA_exvivo.annot

 mris_label2annot --s sub-v1s11x0050169_ses-1 --hemi rh --ctab /opt/freesurfer/average/colortable_BA.txt --l rh.BA1_exvivo.thresh.label --l rh.BA2_exvivo.thresh.label --l rh.BA3a_exvivo.thresh.label --l rh.BA3b_exvivo.thresh.label --l rh.BA4a_exvivo.thresh.label --l rh.BA4p_exvivo.thresh.label --l rh.BA6_exvivo.thresh.label --l rh.BA44_exvivo.thresh.label --l rh.BA45_exvivo.thresh.label --l rh.V1_exvivo.thresh.label --l rh.V2_exvivo.thresh.label --l rh.MT_exvivo.thresh.label --l rh.perirhinal_exvivo.thresh.label --l rh.entorhinal_exvivo.thresh.label --a BA_exvivo.thresh --maxstatwinner --noverbose 

Reading ctab /opt/freesurfer/average/colortable_BA.txt
Number of ctab entries 15

7.3.2
cwd /out/sourcedata/freesurfer/sub-v1s11x0050169_ses-1/label
cmdline mris_label2annot --s sub-v1s11x0050169_ses-1 --hemi rh --ctab /opt/freesurfer/average/colortable_BA.txt --l rh.BA1_exvivo.thresh.label --l rh.BA2_exvivo.thresh.label --l rh.BA3a_exvivo.thresh.label --l rh.BA3b_exvivo.thresh.label --l rh.BA4a_exvivo.thresh.label --l rh.BA4p_exvivo.thresh.label --l rh.BA6_exvivo.thresh.label --l rh.BA44_exvivo.thresh.label --l rh.BA45_exvivo.thresh.label --l rh.V1_exvivo.thresh.label --l rh.V2_exvivo.thresh.label --l rh.MT_exvivo.thresh.label --l rh.perirhinal_exvivo.thresh.label --l rh.entorhinal_exvivo.thresh.label --a BA_exvivo.thresh --maxstatwinner --noverbose 
sysname  Linux
hostname dna071
machine  x86_64
user     oesteban

subject sub-v1s11x0050169_ses-1
hemi    rh
SUBJECTS_DIR /out/sourcedata/freesurfer
ColorTable /opt/freesurfer/average/colortable_BA.txt
AnnotName  BA_exvivo.thresh
nlables 14
LabelThresh 0 0.000000
Loading /out/sourcedata/freesurfer/sub-v1s11x0050169_ses-1/surf/rh.orig
 1 1530880 BA1_exvivo
 2 16749699 BA2_exvivo
 3 16711680 BA3a_exvivo
 4 3368703 BA3b_exvivo
 5 1376196 BA4a_exvivo
 6 13382655 BA4p_exvivo
 7 10036737 BA6_exvivo
 8 2490521 BA44_exvivo
 9 39283 BA45_exvivo
10 3993 V1_exvivo
11 8508928 V2_exvivo
12 10027163 MT_exvivo
13 16422433 perirhinal_exvivo
14 16392598 entorhinal_exvivo
Mapping unhit to unknown
Found 119967 unhit vertices
Writing annot to /out/sourcedata/freesurfer/sub-v1s11x0050169_ses-1/label/rh.BA_exvivo.thresh.annot

 mris_anatomical_stats -th3 -mgz -noglobal -f ../stats/rh.BA_exvivo.stats -b -a ./rh.BA_exvivo.annot -c ./BA_exvivo.ctab sub-v1s11x0050169_ses-1 rh white 

computing statistics for each annotation in ./rh.BA_exvivo.annot.
reading volume /out/sourcedata/freesurfer/sub-v1s11x0050169_ses-1/mri/wm.mgz...
reading input surface /out/sourcedata/freesurfer/sub-v1s11x0050169_ses-1/surf/rh.white...
reading input pial surface /out/sourcedata/freesurfer/sub-v1s11x0050169_ses-1/surf/rh.pial...
reading input white surface /out/sourcedata/freesurfer/sub-v1s11x0050169_ses-1/surf/rh.white...
INFO: using TH3 volume calc
INFO: assuming MGZ format for volumes.
INFO: not computing global stats
Using TH3 vertex volume calc
Total face volume 304340
Total vertex volume 304104 (mask=0)
Saving annotation colortable ./BA_exvivo.ctab

table columns are:
    number of vertices
    total surface area (mm^2)
    total gray matter volume (mm^3)
    average cortical thickness +- standard deviation (mm)
    integrated rectified mean curvature
    integrated rectified Gaussian curvature
    folding index
    intrinsic curvature index
    structure name

  712    545   2001  2.758 0.597     0.144     0.032       13     1.0  BA1_exvivo
 2473   1815   5365  2.371 0.664     0.111     0.019       26     2.1  BA2_exvivo
 1072    711   1446  2.443 0.540     0.105     0.023        7     1.0  BA3a_exvivo
 1846   1286   3610  2.551 0.655     0.111     0.018       17     1.4  BA3b_exvivo
 1592   1105   3129  2.425 0.653     0.107     0.020       12     1.5  BA4a_exvivo
 1260    847   2126  2.466 0.504     0.102     0.017       11     0.8  BA4p_exvivo
 8652   5987  17885  2.565 0.735     0.120     0.025       90     9.5  BA6_exvivo
 4970   3504  10754  2.736 0.650     0.106     0.019       44     4.1  BA44_exvivo
 5108   3715  12042  2.605 0.705     0.115     0.023       63     5.4  BA45_exvivo
 4025   2898   6121  1.973 0.754     0.146     0.036       48     6.3  V1_exvivo
 8497   5958  14998  2.321 0.676     0.136     0.029      102    10.6  V2_exvivo
 2958   2044   6185  2.749 0.534     0.122     0.024       30     3.0  MT_exvivo
  457    269    845  2.937 0.759     0.095     0.030        3     0.5  perirhinal_exvivo
  698    441   1873  3.180 1.055     0.142     0.057        9     1.7  entorhinal_exvivo

 mris_anatomical_stats -th3 -mgz -f ../stats/rh.BA_exvivo.thresh.stats -noglobal -b -a ./rh.BA_exvivo.thresh.annot -c ./BA_exvivo.thresh.ctab sub-v1s11x0050169_ses-1 rh white 

computing statistics for each annotation in ./rh.BA_exvivo.thresh.annot.
reading volume /out/sourcedata/freesurfer/sub-v1s11x0050169_ses-1/mri/wm.mgz...
reading input surface /out/sourcedata/freesurfer/sub-v1s11x0050169_ses-1/surf/rh.white...
reading input pial surface /out/sourcedata/freesurfer/sub-v1s11x0050169_ses-1/surf/rh.pial...
reading input white surface /out/sourcedata/freesurfer/sub-v1s11x0050169_ses-1/surf/rh.white...
INFO: using TH3 volume calc
INFO: assuming MGZ format for volumes.
INFO: not computing global stats
Using TH3 vertex volume calc
Total face volume 304340
Total vertex volume 304104 (mask=0)
Saving annotation colortable ./BA_exvivo.thresh.ctab

table columns are:
    number of vertices
    total surface area (mm^2)
    total gray matter volume (mm^3)
    average cortical thickness +- standard deviation (mm)
    integrated rectified mean curvature
    integrated rectified Gaussian curvature
    folding index
    intrinsic curvature index
    structure name

  452    327   1226  2.833 0.516     0.147     0.033       11     0.6  BA1_exvivo
 1436   1081   3376  2.401 0.620     0.100     0.021       14     1.2  BA2_exvivo
  971    636   1131  2.400 0.588     0.110     0.024        6     1.0  BA3a_exvivo
 1495   1019   2354  2.366 0.500     0.104     0.015       11     1.0  BA3b_exvivo
 1159    800   2123  2.322 0.556     0.115     0.022       10     1.2  BA4a_exvivo
 1002    657   1409  2.313 0.465     0.092     0.011        6     0.5  BA4p_exvivo
 5297   3651  10235  2.448 0.723     0.118     0.025       56     5.9  BA6_exvivo
 1444   1085   4085  3.056 0.599     0.125     0.024       18     1.4  BA44_exvivo
 1371   1024   3441  2.593 0.670     0.120     0.025       18     1.7  BA45_exvivo
 3834   2749   5575  1.954 0.753     0.145     0.036       45     6.1  V1_exvivo
 4394   3153   7601  2.202 0.672     0.146     0.031       56     6.3  V2_exvivo
  418    316   1187  2.659 0.467     0.166     0.035        8     0.7  MT_exvivo
   36     21     55  3.024 0.710     0.089     0.020        0     0.0  perirhinal_exvivo
  652    419   1754  3.326 0.966     0.135     0.053        7     1.5  entorhinal_exvivo

Started at Sun Mar 8 14:47:51 CET 2026 
Ended   at Sun Mar 8 14:50:24 CET 2026
#@#%# recon-all-run-time-hours 0.043
recon-all -s sub-v1s11x0050169_ses-1 finished without error at Sun Mar  8 14:50:24 CET 2026
