
Thu Mar 12 12:50:08 CET 2026
cd /out/sourcedata/freesurfer/sub-v1s11x0050165_ses-1
setenv SUBJECTS_DIR /out/sourcedata/freesurfer
/opt/freesurfer/bin/recon-all -autorecon-hemi lh -noparcstats -noparcstats2 -noparcstats3 -nohyporelabel -nobalabels -lh-only -openmp 16 -subjid sub-v1s11x0050165_ses-1 -sd /out/sourcedata/freesurfer

subjid sub-v1s11x0050165_ses-1
setenv SUBJECTS_DIR /out/sourcedata/freesurfer
FREESURFER_HOME /opt/freesurfer
Actual FREESURFER_HOME /opt/freesurfer
build-stamp.txt: freesurfer-linux-ubuntu22_x86_64-7.3.2-20220804-6354275
Linux dna055 5.14.0-427.37.1.el9_4.x86_64 #1 SMP PREEMPT_DYNAMIC Fri Sep 13 12:41:50 EDT 2024 x86_64 x86_64 x86_64 GNU/Linux
cputime      unlimited
filesize     unlimited
datasize     unlimited
stacksize    8192 kbytes
coredumpsize 0 kbytes
memoryuse    67108864 kbytes
vmemoryuse   unlimited
descriptors  1024 
memorylocked unlimited
maxproc      2061970 
maxlocks     unlimited
maxsignal    2061970 
maxmessage   819200 
maxnice      0 
maxrtprio    0 
maxrttime    unlimited

               total        used        free      shared  buff/cache   available
Mem:           503Gi        53Gi       405Gi       7.0Gi        44Gi       439Gi
Swap:             0B          0B          0B

########################################
program versions used
7.3.2 (freesurfer-linux-ubuntu22_x86_64-7.3.2-20220804-6354275)
7.3.2

ProgramName: lta_convert  ProgramArguments: lta_convert -all-info  ProgramVersion: 7.3.2  TimeStamp: 2026/03/12-11:50:08-GMT  BuildTime: Aug  4 2022 06:17:15  BuildStamp: freesurfer-linux-ubuntu22_x86_64-7.3.2-20220804-6354275  User: oesteban  Machine: dna055  Platform: Linux  PlatformVersion: 5.14.0-427.37.1.el9_4.x86_64  CompilerName: GCC  CompilerVersion: 8.4.0
ProgramName: mri_and  ProgramArguments: mri_and -all-info  ProgramVersion: 7.3.2  TimeStamp: 2026/03/12-11:50:08-GMT  BuildTime: Aug  4 2022 06:17:15  BuildStamp: freesurfer-linux-ubuntu22_x86_64-7.3.2-20220804-6354275  User: oesteban  Machine: dna055  Platform: Linux  PlatformVersion: 5.14.0-427.37.1.el9_4.x86_64  CompilerName: GCC  CompilerVersion: 8.4.0
ProgramName: mri_annotation2label  ProgramArguments: mri_annotation2label -all-info  ProgramVersion: 7.3.2  TimeStamp: 2026/03/12-11:50:08-GMT  BuildTime: Aug  4 2022 06:17:15  BuildStamp: freesurfer-linux-ubuntu22_x86_64-7.3.2-20220804-6354275  User: oesteban  Machine: dna055  Platform: Linux  PlatformVersion: 5.14.0-427.37.1.el9_4.x86_64  CompilerName: GCC  CompilerVersion: 8.4.0
ProgramName: mri_aparc2aseg  ProgramArguments: mri_aparc2aseg -all-info  ProgramVersion: 7.3.2  TimeStamp: 2026/03/12-11:50:08-GMT  BuildTime: Aug  4 2022 06:17:15  BuildStamp: freesurfer-linux-ubuntu22_x86_64-7.3.2-20220804-6354275  User: oesteban  Machine: dna055  Platform: Linux  PlatformVersion: 5.14.0-427.37.1.el9_4.x86_64  CompilerName: GCC  CompilerVersion: 8.4.0
ProgramName: mri_surf2volseg  ProgramArguments: mri_surf2volseg -all-info  ProgramVersion: 7.3.2  TimeStamp: 2026/03/12-11:50:08-GMT  BuildTime: Aug  4 2022 06:17:15  BuildStamp: freesurfer-linux-ubuntu22_x86_64-7.3.2-20220804-6354275  User: oesteban  Machine: dna055  Platform: Linux  PlatformVersion: 5.14.0-427.37.1.el9_4.x86_64  CompilerName: GCC  CompilerVersion: 8.4.0
ProgramName: mri_binarize  ProgramArguments: mri_binarize -all-info  ProgramVersion: 7.3.2  TimeStamp: 2026/03/12-11:50:08-GMT  BuildTime: Aug  4 2022 06:17:15  BuildStamp: freesurfer-linux-ubuntu22_x86_64-7.3.2-20220804-6354275  User: oesteban  Machine: dna055  Platform: Linux  PlatformVersion: 5.14.0-427.37.1.el9_4.x86_64  CompilerName: GCC  CompilerVersion: 8.4.0
ProgramName: mri_ca_label  ProgramArguments: mri_ca_label -all-info  ProgramVersion: 7.3.2  TimeStamp: 2026/03/12-11:50:08-GMT  BuildTime: Aug  4 2022 06:17:15  BuildStamp: freesurfer-linux-ubuntu22_x86_64-7.3.2-20220804-6354275  User: oesteban  Machine: dna055  Platform: Linux  PlatformVersion: 5.14.0-427.37.1.el9_4.x86_64  CompilerName: GCC  CompilerVersion: 8.4.0
ProgramName: mri_ca_normalize  ProgramArguments: mri_ca_normalize -all-info  ProgramVersion: 7.3.2  TimeStamp: 2026/03/12-11:50:08-GMT  BuildTime: Aug  4 2022 06:17:15  BuildStamp: freesurfer-linux-ubuntu22_x86_64-7.3.2-20220804-6354275  User: oesteban  Machine: dna055  Platform: Linux  PlatformVersion: 5.14.0-427.37.1.el9_4.x86_64  CompilerName: GCC  CompilerVersion: 8.4.0
ProgramName: mri_ca_register  ProgramArguments: mri_ca_register -all-info  ProgramVersion: 7.3.2  TimeStamp: 2026/03/12-11:50:08-GMT  BuildTime: Aug  4 2022 06:17:15  BuildStamp: freesurfer-linux-ubuntu22_x86_64-7.3.2-20220804-6354275  User: oesteban  Machine: dna055  Platform: Linux  PlatformVersion: 5.14.0-427.37.1.el9_4.x86_64  CompilerName: GCC  CompilerVersion: 8.4.0
ProgramName: mri_cc  ProgramArguments: mri_cc -all-info  ProgramVersion: 7.3.2  TimeStamp: 2026/03/12-11:50:08-GMT  BuildTime: Aug  4 2022 06:17:15  BuildStamp: freesurfer-linux-ubuntu22_x86_64-7.3.2-20220804-6354275  User: oesteban  Machine: dna055  Platform: Linux  PlatformVersion: 5.14.0-427.37.1.el9_4.x86_64  CompilerName: GCC  CompilerVersion: 8.4.0
ProgramName: mri_compute_overlap  ProgramArguments: mri_compute_overlap -all-info  ProgramVersion: 7.3.2  TimeStamp: 2026/03/12-11:50:08-GMT  BuildTime: Aug  4 2022 06:17:15  BuildStamp: freesurfer-linux-ubuntu22_x86_64-7.3.2-20220804-6354275  User: oesteban  Machine: dna055  Platform: Linux  PlatformVersion: 5.14.0-427.37.1.el9_4.x86_64  CompilerName: GCC  CompilerVersion: 8.4.0
ProgramName: mri_compute_seg_overlap  ProgramArguments: mri_compute_seg_overlap -all-info  ProgramVersion: 7.3.2  TimeStamp: 2026/03/12-11:50:08-GMT  BuildTime: Aug  4 2022 06:17:15  BuildStamp: freesurfer-linux-ubuntu22_x86_64-7.3.2-20220804-6354275  User: oesteban  Machine: dna055  Platform: Linux  PlatformVersion: 5.14.0-427.37.1.el9_4.x86_64  CompilerName: GCC  CompilerVersion: 8.4.0
ProgramName: mri_concat  ProgramArguments: mri_concat -all-info  ProgramVersion: 7.3.2  TimeStamp: 2026/03/12-11:50:08-GMT  BuildTime: Aug  4 2022 06:17:15  BuildStamp: freesurfer-linux-ubuntu22_x86_64-7.3.2-20220804-6354275  User: oesteban  Machine: dna055  Platform: Linux  PlatformVersion: 5.14.0-427.37.1.el9_4.x86_64  CompilerName: GCC  CompilerVersion: 8.4.0
ProgramName: mri_concatenate_lta  ProgramArguments: mri_concatenate_lta -all-info  ProgramVersion: 7.3.2  TimeStamp: 2026/03/12-11:50:08-GMT  BuildTime: Aug  4 2022 06:17:15  BuildStamp: freesurfer-linux-ubuntu22_x86_64-7.3.2-20220804-6354275  User: oesteban  Machine: dna055  Platform: Linux  PlatformVersion: 5.14.0-427.37.1.el9_4.x86_64  CompilerName: GCC  CompilerVersion: 8.4.0
mri_convert -all-info 
ProgramName: mri_convert  ProgramArguments: mri_convert -all-info  ProgramVersion: 7.3.2  TimeStamp: 2026/03/12-11:50:08-GMT  BuildTime: Aug  4 2022 06:17:15  BuildStamp: freesurfer-linux-ubuntu22_x86_64-7.3.2-20220804-6354275  User: oesteban  Machine: dna055  Platform: Linux  PlatformVersion: 5.14.0-427.37.1.el9_4.x86_64  CompilerName: GCC  CompilerVersion: 8.4.0
ProgramName: mri_diff  ProgramArguments: mri_diff -all-info  ProgramVersion: 7.3.2  TimeStamp: 2026/03/12-11:50:08-GMT  BuildTime: Aug  4 2022 06:17:15  BuildStamp: freesurfer-linux-ubuntu22_x86_64-7.3.2-20220804-6354275  User: oesteban  Machine: dna055  Platform: Linux  PlatformVersion: 5.14.0-427.37.1.el9_4.x86_64  CompilerName: GCC  CompilerVersion: 8.4.0
ProgramName: mri_edit_wm_with_aseg  ProgramArguments: mri_edit_wm_with_aseg -all-info  ProgramVersion: 7.3.2  TimeStamp: 2026/03/12-11:50:08-GMT  BuildTime: Aug  4 2022 06:17:15  BuildStamp: freesurfer-linux-ubuntu22_x86_64-7.3.2-20220804-6354275  User: oesteban  Machine: dna055  Platform: Linux  PlatformVersion: 5.14.0-427.37.1.el9_4.x86_64  CompilerName: GCC  CompilerVersion: 8.4.0
ProgramName: mri_em_register  ProgramArguments: mri_em_register -all-info  ProgramVersion: 7.3.2  TimeStamp: 2026/03/12-11:50:08-GMT  BuildTime: Aug  4 2022 06:17:15  BuildStamp: freesurfer-linux-ubuntu22_x86_64-7.3.2-20220804-6354275  User: oesteban  Machine: dna055  Platform: Linux  PlatformVersion: 5.14.0-427.37.1.el9_4.x86_64  CompilerName: GCC  CompilerVersion: 8.4.0
ProgramName: mri_fill  ProgramArguments: mri_fill -all-info  ProgramVersion: 7.3.2  TimeStamp: 2026/03/12-11:50:08-GMT  BuildTime: Aug  4 2022 06:17:15  BuildStamp: freesurfer-linux-ubuntu22_x86_64-7.3.2-20220804-6354275  User: oesteban  Machine: dna055  Platform: Linux  PlatformVersion: 5.14.0-427.37.1.el9_4.x86_64  CompilerName: GCC  CompilerVersion: 8.4.0
ProgramName: mri_fuse_segmentations  ProgramArguments: mri_fuse_segmentations -all-info  ProgramVersion: 7.3.2  TimeStamp: 2026/03/12-11:50:08-GMT  BuildTime: Aug  4 2022 06:17:15  BuildStamp: freesurfer-linux-ubuntu22_x86_64-7.3.2-20220804-6354275  User: oesteban  Machine: dna055  Platform: Linux  PlatformVersion: 5.14.0-427.37.1.el9_4.x86_64  CompilerName: GCC  CompilerVersion: 8.4.0
ProgramName: mri_fwhm  ProgramArguments: mri_fwhm -all-info  ProgramVersion: 7.3.2  TimeStamp: 2026/03/12-11:50:08-GMT  BuildTime: Aug  4 2022 06:17:15  BuildStamp: freesurfer-linux-ubuntu22_x86_64-7.3.2-20220804-6354275  User: oesteban  Machine: dna055  Platform: Linux  PlatformVersion: 5.14.0-427.37.1.el9_4.x86_64  CompilerName: GCC  CompilerVersion: 8.4.0
ProgramName: mri_gcut  ProgramArguments: mri_gcut -all-info  ProgramVersion: 7.3.2  TimeStamp: 2026/03/12-11:50:08-GMT  BuildTime: Aug  4 2022 06:17:15  BuildStamp: freesurfer-linux-ubuntu22_x86_64-7.3.2-20220804-6354275  User: oesteban  Machine: dna055  Platform: Linux  PlatformVersion: 5.14.0-427.37.1.el9_4.x86_64  CompilerName: GCC  CompilerVersion: 8.4.0
ProgramName: mri_info  ProgramArguments: mri_info -all-info  ProgramVersion: 7.3.2  TimeStamp: 2026/03/12-11:50:08-GMT  BuildTime: Aug  4 2022 06:17:15  BuildStamp: freesurfer-linux-ubuntu22_x86_64-7.3.2-20220804-6354275  User: oesteban  Machine: dna055  Platform: Linux  PlatformVersion: 5.14.0-427.37.1.el9_4.x86_64  CompilerName: GCC  CompilerVersion: 8.4.0
ProgramName: mri_label2label  ProgramArguments: mri_label2label -all-info  ProgramVersion: 7.3.2  TimeStamp: 2026/03/12-11:50:08-GMT  BuildTime: Aug  4 2022 06:17:15  BuildStamp: freesurfer-linux-ubuntu22_x86_64-7.3.2-20220804-6354275  User: oesteban  Machine: dna055  Platform: Linux  PlatformVersion: 5.14.0-427.37.1.el9_4.x86_64  CompilerName: GCC  CompilerVersion: 8.4.0
ProgramName: mri_label2vol  ProgramArguments: mri_label2vol -all-info  ProgramVersion: 7.3.2  TimeStamp: 2026/03/12-11:50:08-GMT  BuildTime: Aug  4 2022 06:17:15  BuildStamp: freesurfer-linux-ubuntu22_x86_64-7.3.2-20220804-6354275  User: oesteban  Machine: dna055  Platform: Linux  PlatformVersion: 5.14.0-427.37.1.el9_4.x86_64  CompilerName: GCC  CompilerVersion: 8.4.0
ProgramName: mri_log_likelihood  ProgramArguments: mri_log_likelihood -all-info  ProgramVersion: 7.3.2  TimeStamp: 2026/03/12-11:50:08-GMT  BuildTime: Aug  4 2022 06:17:15  BuildStamp: freesurfer-linux-ubuntu22_x86_64-7.3.2-20220804-6354275  User: oesteban  Machine: dna055  Platform: Linux  PlatformVersion: 5.14.0-427.37.1.el9_4.x86_64  CompilerName: GCC  CompilerVersion: 8.4.0
ProgramName: mri_mask  ProgramArguments: mri_mask -all-info  ProgramVersion: 7.3.2  TimeStamp: 2026/03/12-11:50:08-GMT  BuildTime: Aug  4 2022 06:17:15  BuildStamp: freesurfer-linux-ubuntu22_x86_64-7.3.2-20220804-6354275  User: oesteban  Machine: dna055  Platform: Linux  PlatformVersion: 5.14.0-427.37.1.el9_4.x86_64  CompilerName: GCC  CompilerVersion: 8.4.0
ProgramName: mri_matrix_multiply  ProgramArguments: mri_matrix_multiply -all-info  ProgramVersion: 7.3.2  TimeStamp: 2026/03/12-11:50:08-GMT  BuildTime: Aug  4 2022 06:17:15  BuildStamp: freesurfer-linux-ubuntu22_x86_64-7.3.2-20220804-6354275  User: oesteban  Machine: dna055  Platform: Linux  PlatformVersion: 5.14.0-427.37.1.el9_4.x86_64  CompilerName: GCC  CompilerVersion: 8.4.0
ProgramName: mri_normalize  ProgramArguments: mri_normalize -all-info  ProgramVersion: 7.3.2  TimeStamp: 2026/03/12-11:50:08-GMT  BuildTime: Aug  4 2022 06:17:15  BuildStamp: freesurfer-linux-ubuntu22_x86_64-7.3.2-20220804-6354275  User: oesteban  Machine: dna055  Platform: Linux  PlatformVersion: 5.14.0-427.37.1.el9_4.x86_64  CompilerName: GCC  CompilerVersion: 8.4.0
ProgramName: mri_normalize_tp2  ProgramArguments: mri_normalize_tp2 -all-info  ProgramVersion: 7.3.2  TimeStamp: 2026/03/12-11:50:08-GMT  BuildTime: Aug  4 2022 06:17:15  BuildStamp: freesurfer-linux-ubuntu22_x86_64-7.3.2-20220804-6354275  User: oesteban  Machine: dna055  Platform: Linux  PlatformVersion: 5.14.0-427.37.1.el9_4.x86_64  CompilerName: GCC  CompilerVersion: 8.4.0
ProgramName: mri_or  ProgramArguments: mri_or -all-info  ProgramVersion: 7.3.2  TimeStamp: 2026/03/12-11:50:08-GMT  BuildTime: Aug  4 2022 06:17:15  BuildStamp: freesurfer-linux-ubuntu22_x86_64-7.3.2-20220804-6354275  User: oesteban  Machine: dna055  Platform: Linux  PlatformVersion: 5.14.0-427.37.1.el9_4.x86_64  CompilerName: GCC  CompilerVersion: 8.4.0
ProgramName: mri_relabel_hypointensities  ProgramArguments: mri_relabel_hypointensities -all-info  ProgramVersion: 7.3.2  TimeStamp: 2026/03/12-11:50:08-GMT  BuildTime: Aug  4 2022 06:17:15  BuildStamp: freesurfer-linux-ubuntu22_x86_64-7.3.2-20220804-6354275  User: oesteban  Machine: dna055  Platform: Linux  PlatformVersion: 5.14.0-427.37.1.el9_4.x86_64  CompilerName: GCC  CompilerVersion: 8.4.0
ProgramName: mri_relabel_nonwm_hypos  ProgramArguments: mri_relabel_nonwm_hypos -all-info  ProgramVersion: 7.3.2  TimeStamp: 2026/03/12-11:50:08-GMT  BuildTime: Aug  4 2022 06:17:15  BuildStamp: freesurfer-linux-ubuntu22_x86_64-7.3.2-20220804-6354275  User: oesteban  Machine: dna055  Platform: Linux  PlatformVersion: 5.14.0-427.37.1.el9_4.x86_64  CompilerName: GCC  CompilerVersion: 8.4.0
ProgramName: mri_remove_neck  ProgramArguments: mri_remove_neck -all-info  ProgramVersion: 7.3.2  TimeStamp: 2026/03/12-11:50:08-GMT  BuildTime: Aug  4 2022 06:17:15  BuildStamp: freesurfer-linux-ubuntu22_x86_64-7.3.2-20220804-6354275  User: oesteban  Machine: dna055  Platform: Linux  PlatformVersion: 5.14.0-427.37.1.el9_4.x86_64  CompilerName: GCC  CompilerVersion: 8.4.0
7.3.2

ProgramName: mri_robust_register  ProgramArguments: mri_robust_register -all-info  ProgramVersion: 7.3.2  TimeStamp: 2026/03/12-11:50:08-GMT  BuildTime: Aug  4 2022 06:17:15  BuildStamp: freesurfer-linux-ubuntu22_x86_64-7.3.2-20220804-6354275  User: oesteban  Machine: dna055  Platform: Linux  PlatformVersion: 5.14.0-427.37.1.el9_4.x86_64  CompilerName: GCC  CompilerVersion: 8.4.0
7.3.2

ProgramName: mri_robust_template  ProgramArguments: mri_robust_template -all-info  ProgramVersion: 7.3.2  TimeStamp: 2026/03/12-11:50:08-GMT  BuildTime: Aug  4 2022 06:17:15  BuildStamp: freesurfer-linux-ubuntu22_x86_64-7.3.2-20220804-6354275  User: oesteban  Machine: dna055  Platform: Linux  PlatformVersion: 5.14.0-427.37.1.el9_4.x86_64  CompilerName: GCC  CompilerVersion: 8.4.0
ProgramName: mris_anatomical_stats  ProgramArguments: mris_anatomical_stats -all-info  ProgramVersion: 7.3.2  TimeStamp: 2026/03/12-11:50:08-GMT  BuildTime: Aug  4 2022 06:17:15  BuildStamp: freesurfer-linux-ubuntu22_x86_64-7.3.2-20220804-6354275  User: oesteban  Machine: dna055  Platform: Linux  PlatformVersion: 5.14.0-427.37.1.el9_4.x86_64  CompilerName: GCC  CompilerVersion: 8.4.0
ProgramName: mris_ca_label  ProgramArguments: mris_ca_label -all-info  ProgramVersion: 7.3.2  TimeStamp: 2026/03/12-11:50:08-GMT  BuildTime: Aug  4 2022 06:17:15  BuildStamp: freesurfer-linux-ubuntu22_x86_64-7.3.2-20220804-6354275  User: oesteban  Machine: dna055  Platform: Linux  PlatformVersion: 5.14.0-427.37.1.el9_4.x86_64  CompilerName: GCC  CompilerVersion: 8.4.0
ProgramName: mris_calc  ProgramArguments: mris_calc -all-info  ProgramVersion: 7.3.2  TimeStamp: 2026/03/12-11:50:08-GMT  BuildTime: Aug  4 2022 06:17:15  BuildStamp: freesurfer-linux-ubuntu22_x86_64-7.3.2-20220804-6354275  User: oesteban  Machine: dna055  Platform: Linux  PlatformVersion: 5.14.0-427.37.1.el9_4.x86_64  CompilerName: GCC  CompilerVersion: 8.4.0
ProgramName: mris_convert  ProgramArguments: mris_convert -all-info  ProgramVersion: 7.3.2  TimeStamp: 2026/03/12-11:50:08-GMT  BuildTime: Aug  4 2022 06:17:15  BuildStamp: freesurfer-linux-ubuntu22_x86_64-7.3.2-20220804-6354275  User: oesteban  Machine: dna055  Platform: Linux  PlatformVersion: 5.14.0-427.37.1.el9_4.x86_64  CompilerName: GCC  CompilerVersion: 8.4.0
ProgramName: mris_curvature  ProgramArguments: mris_curvature -all-info  ProgramVersion: 7.3.2  TimeStamp: 2026/03/12-11:50:08-GMT  BuildTime: Aug  4 2022 06:17:15  BuildStamp: freesurfer-linux-ubuntu22_x86_64-7.3.2-20220804-6354275  User: oesteban  Machine: dna055  Platform: Linux  PlatformVersion: 5.14.0-427.37.1.el9_4.x86_64  CompilerName: GCC  CompilerVersion: 8.4.0
ProgramName: mris_curvature_stats  ProgramArguments: mris_curvature_stats -all-info  ProgramVersion: 7.3.2  TimeStamp: 2026/03/12-11:50:08-GMT  BuildTime: Aug  4 2022 06:17:15  BuildStamp: freesurfer-linux-ubuntu22_x86_64-7.3.2-20220804-6354275  User: oesteban  Machine: dna055  Platform: Linux  PlatformVersion: 5.14.0-427.37.1.el9_4.x86_64  CompilerName: GCC  CompilerVersion: 8.4.0
ProgramName: mris_diff  ProgramArguments: mris_diff -all-info  ProgramVersion: 7.3.2  TimeStamp: 2026/03/12-11:50:08-GMT  BuildTime: Aug  4 2022 06:17:15  BuildStamp: freesurfer-linux-ubuntu22_x86_64-7.3.2-20220804-6354275  User: oesteban  Machine: dna055  Platform: Linux  PlatformVersion: 5.14.0-427.37.1.el9_4.x86_64  CompilerName: GCC  CompilerVersion: 8.4.0
ProgramName: mris_divide_parcellation  ProgramArguments: mris_divide_parcellation -all-info  ProgramVersion: 7.3.2  TimeStamp: 2026/03/12-11:50:08-GMT  BuildTime: Aug  4 2022 06:17:15  BuildStamp: freesurfer-linux-ubuntu22_x86_64-7.3.2-20220804-6354275  User: oesteban  Machine: dna055  Platform: Linux  PlatformVersion: 5.14.0-427.37.1.el9_4.x86_64  CompilerName: GCC  CompilerVersion: 8.4.0
ProgramName: mri_segment  ProgramArguments: mri_segment -all-info  ProgramVersion: 7.3.2  TimeStamp: 2026/03/12-11:50:08-GMT  BuildTime: Aug  4 2022 06:17:15  BuildStamp: freesurfer-linux-ubuntu22_x86_64-7.3.2-20220804-6354275  User: oesteban  Machine: dna055  Platform: Linux  PlatformVersion: 5.14.0-427.37.1.el9_4.x86_64  CompilerName: GCC  CompilerVersion: 8.4.0
ProgramName: mri_segstats  ProgramArguments: mri_segstats -all-info  ProgramVersion: 7.3.2  TimeStamp: 2026/03/12-11:50:08-GMT  BuildTime: Aug  4 2022 06:17:15  BuildStamp: freesurfer-linux-ubuntu22_x86_64-7.3.2-20220804-6354275  User: oesteban  Machine: dna055  Platform: Linux  PlatformVersion: 5.14.0-427.37.1.el9_4.x86_64  CompilerName: GCC  CompilerVersion: 8.4.0
ProgramName: mris_euler_number  ProgramArguments: mris_euler_number -all-info  ProgramVersion: 7.3.2  TimeStamp: 2026/03/12-11:50:08-GMT  BuildTime: Aug  4 2022 06:17:15  BuildStamp: freesurfer-linux-ubuntu22_x86_64-7.3.2-20220804-6354275  User: oesteban  Machine: dna055  Platform: Linux  PlatformVersion: 5.14.0-427.37.1.el9_4.x86_64  CompilerName: GCC  CompilerVersion: 8.4.0
ProgramName: mris_fix_topology  ProgramArguments: mris_fix_topology -all-info  ProgramVersion: 7.3.2  TimeStamp: 2026/03/12-11:50:08-GMT  BuildTime: Aug  4 2022 06:17:15  BuildStamp: freesurfer-linux-ubuntu22_x86_64-7.3.2-20220804-6354275  User: oesteban  Machine: dna055  Platform: Linux  PlatformVersion: 5.14.0-427.37.1.el9_4.x86_64  CompilerName: GCC  CompilerVersion: 8.4.0
ProgramName: mris_topo_fixer  ProgramArguments: mris_topo_fixer -all-info  ProgramVersion: 7.3.2  TimeStamp: 2026/03/12-11:50:08-GMT  BuildTime: Aug  4 2022 06:17:15  BuildStamp: freesurfer-linux-ubuntu22_x86_64-7.3.2-20220804-6354275  User: oesteban  Machine: dna055  Platform: Linux  PlatformVersion: 5.14.0-427.37.1.el9_4.x86_64  CompilerName: GCC  CompilerVersion: 8.4.0
ProgramName: mris_jacobian  ProgramArguments: mris_jacobian -all-info  ProgramVersion: 7.3.2  TimeStamp: 2026/03/12-11:50:08-GMT  BuildTime: Aug  4 2022 06:17:15  BuildStamp: freesurfer-linux-ubuntu22_x86_64-7.3.2-20220804-6354275  User: oesteban  Machine: dna055  Platform: Linux  PlatformVersion: 5.14.0-427.37.1.el9_4.x86_64  CompilerName: GCC  CompilerVersion: 8.4.0
ProgramName: mris_label2annot  ProgramArguments: mris_label2annot -all-info  ProgramVersion: 7.3.2  TimeStamp: 2026/03/12-11:50:08-GMT  BuildTime: Aug  4 2022 06:17:15  BuildStamp: freesurfer-linux-ubuntu22_x86_64-7.3.2-20220804-6354275  User: oesteban  Machine: dna055  Platform: Linux  PlatformVersion: 5.14.0-427.37.1.el9_4.x86_64  CompilerName: GCC  CompilerVersion: 8.4.0
ProgramName: mris_left_right_register  ProgramArguments: mris_left_right_register -all-info  ProgramVersion: 7.3.2  TimeStamp: 2026/03/12-11:50:08-GMT  BuildTime: Aug  4 2022 06:17:15  BuildStamp: freesurfer-linux-ubuntu22_x86_64-7.3.2-20220804-6354275  User: oesteban  Machine: dna055  Platform: Linux  PlatformVersion: 5.14.0-427.37.1.el9_4.x86_64  CompilerName: GCC  CompilerVersion: 8.4.0
ProgramName: mris_place_surface  ProgramArguments: mris_place_surface -all-info  ProgramVersion: 7.3.2  TimeStamp: 2026/03/12-11:50:08-GMT  BuildTime: Aug  4 2022 06:17:15  BuildStamp: freesurfer-linux-ubuntu22_x86_64-7.3.2-20220804-6354275  User: oesteban  Machine: dna055  Platform: Linux  PlatformVersion: 5.14.0-427.37.1.el9_4.x86_64  CompilerName: GCC  CompilerVersion: 8.4.0
ProgramName: mrisp_paint  ProgramArguments: mrisp_paint -all-info  ProgramVersion: 7.3.2  TimeStamp: 2026/03/12-11:50:08-GMT  BuildTime: Aug  4 2022 06:17:15  BuildStamp: freesurfer-linux-ubuntu22_x86_64-7.3.2-20220804-6354275  User: oesteban  Machine: dna055  Platform: Linux  PlatformVersion: 5.14.0-427.37.1.el9_4.x86_64  CompilerName: GCC  CompilerVersion: 8.4.0
ProgramName: mris_register  ProgramArguments: mris_register -all-info  ProgramVersion: 7.3.2  TimeStamp: 2026/03/12-11:50:08-GMT  BuildTime: Aug  4 2022 06:17:15  BuildStamp: freesurfer-linux-ubuntu22_x86_64-7.3.2-20220804-6354275  User: oesteban  Machine: dna055  Platform: Linux  PlatformVersion: 5.14.0-427.37.1.el9_4.x86_64  CompilerName: GCC  CompilerVersion: 8.4.0
ProgramName: mris_smooth  ProgramArguments: mris_smooth -all-info  ProgramVersion: 7.3.2  TimeStamp: 2026/03/12-11:50:08-GMT  BuildTime: Aug  4 2022 06:17:15  BuildStamp: freesurfer-linux-ubuntu22_x86_64-7.3.2-20220804-6354275  User: oesteban  Machine: dna055  Platform: Linux  PlatformVersion: 5.14.0-427.37.1.el9_4.x86_64  CompilerName: GCC  CompilerVersion: 8.4.0
ProgramName: mris_sphere  ProgramArguments: mris_sphere -all-info  ProgramVersion: 7.3.2  TimeStamp: 2026/03/12-11:50:08-GMT  BuildTime: Aug  4 2022 06:17:15  BuildStamp: freesurfer-linux-ubuntu22_x86_64-7.3.2-20220804-6354275  User: oesteban  Machine: dna055  Platform: Linux  PlatformVersion: 5.14.0-427.37.1.el9_4.x86_64  CompilerName: GCC  CompilerVersion: 8.4.0
ProgramName: mris_surface_stats  ProgramArguments: mris_surface_stats -all-info  ProgramVersion: 7.3.2  TimeStamp: 2026/03/12-11:50:08-GMT  BuildTime: Aug  4 2022 06:17:15  BuildStamp: freesurfer-linux-ubuntu22_x86_64-7.3.2-20220804-6354275  User: oesteban  Machine: dna055  Platform: Linux  PlatformVersion: 5.14.0-427.37.1.el9_4.x86_64  CompilerName: GCC  CompilerVersion: 8.4.0
ProgramName: mri_stats2seg  ProgramArguments: mri_stats2seg -all-info  ProgramVersion: 7.3.2  TimeStamp: 2026/03/12-11:50:08-GMT  BuildTime: Aug  4 2022 06:17:15  BuildStamp: freesurfer-linux-ubuntu22_x86_64-7.3.2-20220804-6354275  User: oesteban  Machine: dna055  Platform: Linux  PlatformVersion: 5.14.0-427.37.1.el9_4.x86_64  CompilerName: GCC  CompilerVersion: 8.4.0
ProgramName: mris_thickness  ProgramArguments: mris_thickness -all-info  ProgramVersion: 7.3.2  TimeStamp: 2026/03/12-11:50:08-GMT  BuildTime: Aug  4 2022 06:17:15  BuildStamp: freesurfer-linux-ubuntu22_x86_64-7.3.2-20220804-6354275  User: oesteban  Machine: dna055  Platform: Linux  PlatformVersion: 5.14.0-427.37.1.el9_4.x86_64  CompilerName: GCC  CompilerVersion: 8.4.0
ProgramName: mris_thickness_diff  ProgramArguments: mris_thickness_diff -all-info  ProgramVersion: 7.3.2  TimeStamp: 2026/03/12-11:50:08-GMT  BuildTime: Aug  4 2022 06:17:15  BuildStamp: freesurfer-linux-ubuntu22_x86_64-7.3.2-20220804-6354275  User: oesteban  Machine: dna055  Platform: Linux  PlatformVersion: 5.14.0-427.37.1.el9_4.x86_64  CompilerName: GCC  CompilerVersion: 8.4.0
ProgramName: mris_topo_fixer  ProgramArguments: mris_topo_fixer -all-info  ProgramVersion: 7.3.2  TimeStamp: 2026/03/12-11:50:08-GMT  BuildTime: Aug  4 2022 06:17:15  BuildStamp: freesurfer-linux-ubuntu22_x86_64-7.3.2-20220804-6354275  User: oesteban  Machine: dna055  Platform: Linux  PlatformVersion: 5.14.0-427.37.1.el9_4.x86_64  CompilerName: GCC  CompilerVersion: 8.4.0
ProgramName: mri_surf2surf  ProgramArguments: mri_surf2surf -all-info  ProgramVersion: 7.3.2  TimeStamp: 2026/03/12-11:50:08-GMT  BuildTime: Aug  4 2022 06:17:15  BuildStamp: freesurfer-linux-ubuntu22_x86_64-7.3.2-20220804-6354275  User: oesteban  Machine: dna055  Platform: Linux  PlatformVersion: 5.14.0-427.37.1.el9_4.x86_64  CompilerName: GCC  CompilerVersion: 8.4.0
ProgramName: mri_surf2vol  ProgramArguments: mri_surf2vol -all-info  ProgramVersion: 7.3.2  TimeStamp: 2026/03/12-11:50:08-GMT  BuildTime: Aug  4 2022 06:17:15  BuildStamp: freesurfer-linux-ubuntu22_x86_64-7.3.2-20220804-6354275  User: oesteban  Machine: dna055  Platform: Linux  PlatformVersion: 5.14.0-427.37.1.el9_4.x86_64  CompilerName: GCC  CompilerVersion: 8.4.0
ProgramName: mri_surfcluster  ProgramArguments: mri_surfcluster -all-info  ProgramVersion: 7.3.2  TimeStamp: 2026/03/12-11:50:08-GMT  BuildTime: Aug  4 2022 06:17:15  BuildStamp: freesurfer-linux-ubuntu22_x86_64-7.3.2-20220804-6354275  User: oesteban  Machine: dna055  Platform: Linux  PlatformVersion: 5.14.0-427.37.1.el9_4.x86_64  CompilerName: GCC  CompilerVersion: 8.4.0
ProgramName: mris_volmask  ProgramArguments: mris_volmask -all-info  ProgramVersion: 7.3.2  TimeStamp: 2026/03/12-11:50:08-GMT  BuildTime: Aug  4 2022 06:17:15  BuildStamp: freesurfer-linux-ubuntu22_x86_64-7.3.2-20220804-6354275  User: oesteban  Machine: dna055  Platform: Linux  PlatformVersion: 5.14.0-427.37.1.el9_4.x86_64  CompilerName: GCC  CompilerVersion: 8.4.0
ProgramName: mri_tessellate  ProgramArguments: mri_tessellate -all-info  ProgramVersion: 7.3.2  TimeStamp: 2026/03/12-11:50:08-GMT  BuildTime: Aug  4 2022 06:17:15  BuildStamp: freesurfer-linux-ubuntu22_x86_64-7.3.2-20220804-6354275  User: oesteban  Machine: dna055  Platform: Linux  PlatformVersion: 5.14.0-427.37.1.el9_4.x86_64  CompilerName: GCC  CompilerVersion: 8.4.0
ProgramName: mri_vol2surf  ProgramArguments: mri_vol2surf -all-info  ProgramVersion: 7.3.2  TimeStamp: 2026/03/12-11:50:08-GMT  BuildTime: Aug  4 2022 06:17:15  BuildStamp: freesurfer-linux-ubuntu22_x86_64-7.3.2-20220804-6354275  User: oesteban  Machine: dna055  Platform: Linux  PlatformVersion: 5.14.0-427.37.1.el9_4.x86_64  CompilerName: GCC  CompilerVersion: 8.4.0
ProgramName: mri_vol2vol  ProgramArguments: mri_vol2vol -all-info  ProgramVersion: 7.3.2  TimeStamp: 2026/03/12-11:50:08-GMT  BuildTime: Aug  4 2022 06:17:15  BuildStamp: freesurfer-linux-ubuntu22_x86_64-7.3.2-20220804-6354275  User: oesteban  Machine: dna055  Platform: Linux  PlatformVersion: 5.14.0-427.37.1.el9_4.x86_64  CompilerName: GCC  CompilerVersion: 8.4.0
ProgramName: mri_voldiff  ProgramArguments: mri_voldiff -all-info  ProgramVersion: 7.3.2  TimeStamp: 2026/03/12-11:50:08-GMT  BuildTime: Aug  4 2022 06:17:15  BuildStamp: freesurfer-linux-ubuntu22_x86_64-7.3.2-20220804-6354275  User: oesteban  Machine: dna055  Platform: Linux  PlatformVersion: 5.14.0-427.37.1.el9_4.x86_64  CompilerName: GCC  CompilerVersion: 8.4.0
ProgramName: mri_watershed  ProgramArguments: mri_watershed -all-info  ProgramVersion: 7.3.2  TimeStamp: 2026/03/12-11:50:08-GMT  BuildTime: Aug  4 2022 06:17:15  BuildStamp: freesurfer-linux-ubuntu22_x86_64-7.3.2-20220804-6354275  User: oesteban  Machine: dna055  Platform: Linux  PlatformVersion: 5.14.0-427.37.1.el9_4.x86_64  CompilerName: GCC  CompilerVersion: 8.4.0
ProgramName: tkregister2  ProgramArguments: tkregister2_cmdl -all-info  ProgramVersion: 7.3.2  TimeStamp: 2026/03/12-11:50:08-GMT  BuildTime: Aug  4 2022 06:17:15  BuildStamp: freesurfer-linux-ubuntu22_x86_64-7.3.2-20220804-6354275  User: oesteban  Machine: dna055  Platform: Linux  PlatformVersion: 5.14.0-427.37.1.el9_4.x86_64  CompilerName: GCC  CompilerVersion: 8.4.0
mri_motion_correct.fsl 7.3.2
mri_convert -all-info 
ProgramName: mri_convert  ProgramArguments: mri_convert -all-info  ProgramVersion: 7.3.2  TimeStamp: 2026/03/12-11:50:08-GMT  BuildTime: Aug  4 2022 06:17:15  BuildStamp: freesurfer-linux-ubuntu22_x86_64-7.3.2-20220804-6354275  User: oesteban  Machine: dna055  Platform: Linux  PlatformVersion: 5.14.0-427.37.1.el9_4.x86_64  CompilerName: GCC  CompilerVersion: 8.4.0
Program nu_correct, built from:
Package MNI N3, version 1.12.0, compiled by nicks@terrier (x86_64-unknown-linux-gnu) on 2015-06-19 at 01:25:34
#######################################
GCADIR /opt/freesurfer/average
GCA RB_all_2020-01-02.gca
GCASkull RB_all_withskull_2020_01_02.gca
AvgCurvTif folding.atlas.acfb40.noaparc.i12.2016-08-02.tif
GCSDIR /opt/freesurfer/average
GCS DKaparc.atlas.acfb40.noaparc.i12.2016-08-02.gcs
#######################################
#--------------------------------------------
#@# Tessellate lh Thu Mar 12 12:50:08 CET 2026
/out/sourcedata/freesurfer/sub-v1s11x0050165_ses-1/scripts

 mri_pretess ../mri/filled.mgz 255 ../mri/norm.mgz ../mri/filled-pretess255.mgz 


Iteration Number : 1
pass   1 (xy+):   0 found -   0 modified     |    TOTAL:   0
pass   1 (xy-):   1 found -   1 modified     |    TOTAL:   1
pass   2 (xy-):   0 found -   1 modified     |    TOTAL:   1
pass   1 (yz+):   4 found -   4 modified     |    TOTAL:   5
pass   2 (yz+):   0 found -   4 modified     |    TOTAL:   5
pass   1 (yz-):   7 found -   7 modified     |    TOTAL:  12
pass   2 (yz-):   0 found -   7 modified     |    TOTAL:  12
pass   1 (xz+):   1 found -   1 modified     |    TOTAL:  13
pass   2 (xz+):   0 found -   1 modified     |    TOTAL:  13
pass   1 (xz-):   0 found -   0 modified     |    TOTAL:  13
Iteration Number : 1
pass   1 (+++):   0 found -   0 modified     |    TOTAL:   0
pass   1 (+++):   0 found -   0 modified     |    TOTAL:   0
pass   1 (+++):   0 found -   0 modified     |    TOTAL:   0
pass   1 (+++):   0 found -   0 modified     |    TOTAL:   0
Iteration Number : 1
pass   1 (++):   0 found -   0 modified     |    TOTAL:   0
pass   1 (+-):   1 found -   1 modified     |    TOTAL:   1
pass   2 (+-):   0 found -   1 modified     |    TOTAL:   1
pass   1 (--):   0 found -   0 modified     |    TOTAL:   1
pass   1 (-+):   0 found -   0 modified     |    TOTAL:   1
Iteration Number : 2
pass   1 (xy+):   0 found -   0 modified     |    TOTAL:   0
pass   1 (xy-):   0 found -   0 modified     |    TOTAL:   0
pass   1 (yz+):   0 found -   0 modified     |    TOTAL:   0
pass   1 (yz-):   0 found -   0 modified     |    TOTAL:   0
pass   1 (xz+):   0 found -   0 modified     |    TOTAL:   0
pass   1 (xz-):   0 found -   0 modified     |    TOTAL:   0
Iteration Number : 2
pass   1 (+++):   0 found -   0 modified     |    TOTAL:   0
pass   1 (+++):   0 found -   0 modified     |    TOTAL:   0
pass   1 (+++):   0 found -   0 modified     |    TOTAL:   0
pass   1 (+++):   0 found -   0 modified     |    TOTAL:   0
Iteration Number : 2
pass   1 (++):   0 found -   0 modified     |    TOTAL:   0
pass   1 (+-):   0 found -   0 modified     |    TOTAL:   0
pass   1 (--):   0 found -   0 modified     |    TOTAL:   0
pass   1 (-+):   0 found -   0 modified     |    TOTAL:   0

Total Number of Modified Voxels = 14 (out of 223993: 0.006250)
Ambiguous edge configurations... 

mri_pretess done


 mri_tessellate ../mri/filled-pretess255.mgz 255 ../surf/lh.orig.nofix 

7.3.2
  7.3.2
slice 50: 2541 vertices, 2706 faces
slice 60: 9249 vertices, 9496 faces
slice 70: 17387 vertices, 17692 faces
slice 80: 25715 vertices, 26050 faces
slice 90: 35458 vertices, 35825 faces
slice 100: 44889 vertices, 45217 faces
slice 110: 55706 vertices, 56077 faces
slice 120: 66887 vertices, 67232 faces
slice 130: 76639 vertices, 76957 faces
slice 140: 86328 vertices, 86674 faces
slice 150: 94429 vertices, 94714 faces
slice 160: 101827 vertices, 102097 faces
slice 170: 108697 vertices, 108933 faces
slice 180: 114118 vertices, 114322 faces
slice 190: 119152 vertices, 119319 faces
slice 200: 122109 vertices, 122186 faces
slice 210: 122302 vertices, 122326 faces
slice 220: 122302 vertices, 122326 faces
slice 230: 122302 vertices, 122326 faces
slice 240: 122302 vertices, 122326 faces
slice 250: 122302 vertices, 122326 faces
using the conformed surface RAS to save vertex points...
writing ../surf/lh.orig.nofix
using vox2ras matrix:
-1.00000   0.00000   0.00000   128.00000;
 0.00000   0.00000   1.00000  -128.00000;
 0.00000  -1.00000   0.00000   128.00000;
 0.00000   0.00000   0.00000   1.00000;

 rm -f ../mri/filled-pretess255.mgz 


 mris_extract_main_component ../surf/lh.orig.nofix ../surf/lh.orig.nofix 


counting number of connected components...
   122302 voxel in cpt #1: X=-24 [v=122302,e=366978,f=244652] located at (-24.753864, -12.448259, 13.565583)
For the whole surface: X=-24 [v=122302,e=366978,f=244652]
One single component has been found
nothing to do
done

#--------------------------------------------
#@# Smooth1 lh Thu Mar 12 12:50:11 CET 2026
/out/sourcedata/freesurfer/sub-v1s11x0050165_ses-1/scripts

 mris_smooth -nw -seed 1234 ../surf/lh.orig.nofix ../surf/lh.smoothwm.nofix 

setting seed for random number generator to 1234
smoothing surface tessellation for 10 iterations...
smoothing complete - recomputing first and second fundamental forms...
#--------------------------------------------
#@# Inflation1 lh Thu Mar 12 12:50:14 CET 2026
/out/sourcedata/freesurfer/sub-v1s11x0050165_ses-1/scripts

 mris_inflate -no-save-sulc ../surf/lh.smoothwm.nofix ../surf/lh.inflated.nofix 

Not saving sulc
Reading ../surf/lh.smoothwm.nofix
avg radius = 45.7 mm, total surface area = 66331 mm^2
step 000: RMS=0.149 (target=0.015)   step 005: RMS=0.114 (target=0.015)   step 010: RMS=0.083 (target=0.015)   step 015: RMS=0.068 (target=0.015)   step 020: RMS=0.058 (target=0.015)   step 025: RMS=0.050 (target=0.015)   step 030: RMS=0.043 (target=0.015)   step 035: RMS=0.038 (target=0.015)   step 040: RMS=0.035 (target=0.015)   step 045: RMS=0.033 (target=0.015)   step 050: RMS=0.031 (target=0.015)   step 055: RMS=0.030 (target=0.015)   step 060: RMS=0.030 (target=0.015)   writing inflated surface to ../surf/lh.inflated.nofix
inflation took 0.2 minutes

inflation complete.
Not saving sulc
mris_inflate utimesec    57.147540
mris_inflate stimesec    1.865087
mris_inflate ru_maxrss   195696
mris_inflate ru_ixrss    0
mris_inflate ru_idrss    0
mris_inflate ru_isrss    0
mris_inflate ru_minflt   479414
mris_inflate ru_majflt   31
mris_inflate ru_nswap    0
mris_inflate ru_inblock  1672
mris_inflate ru_oublock  8608
mris_inflate ru_msgsnd   0
mris_inflate ru_msgrcv   0
mris_inflate ru_nsignals 0
mris_inflate ru_nvcsw    11758
mris_inflate ru_nivcsw   657
#--------------------------------------------
#@# QSphere lh Thu Mar 12 12:50:26 CET 2026
/out/sourcedata/freesurfer/sub-v1s11x0050165_ses-1/scripts

 mris_sphere -q -p 6 -a 128 -seed 1234 ../surf/lh.inflated.nofix ../surf/lh.qsphere.nofix 

doing quick spherical unfolding.
limitting unfolding to 6 passes
using n_averages = 128
setting seed for random number genererator to 1234
version: 7.3.2
available threads: 16
scaling brain by 0.314...
inflating...
projecting onto sphere...
surface projected - minimizing metric distortion...
vertex spacing 1.04 +- 0.60 (0.00-->6.52) (max @ vno 86937 --> 86956)
face area 0.03 +- 0.03 (-0.22-->0.57)
Entering MRISinflateToSphere()
inflating to sphere (rms error < 2.00)
000: dt: 0.0000, rms radial error=177.081, avgs=0
005/300: dt: 0.9000, rms radial error=176.824, avgs=0
010/300: dt: 0.9000, rms radial error=176.267, avgs=0
015/300: dt: 0.9000, rms radial error=175.535, avgs=0
020/300: dt: 0.9000, rms radial error=174.705, avgs=0
025/300: dt: 0.9000, rms radial error=173.817, avgs=0
030/300: dt: 0.9000, rms radial error=172.898, avgs=0
035/300: dt: 0.9000, rms radial error=171.961, avgs=0
040/300: dt: 0.9000, rms radial error=171.017, avgs=0
045/300: dt: 0.9000, rms radial error=170.070, avgs=0
050/300: dt: 0.9000, rms radial error=169.124, avgs=0
055/300: dt: 0.9000, rms radial error=168.180, avgs=0
060/300: dt: 0.9000, rms radial error=167.240, avgs=0
065/300: dt: 0.9000, rms radial error=166.303, avgs=0
070/300: dt: 0.9000, rms radial error=165.371, avgs=0
075/300: dt: 0.9000, rms radial error=164.443, avgs=0
080/300: dt: 0.9000, rms radial error=163.520, avgs=0
085/300: dt: 0.9000, rms radial error=162.602, avgs=0
090/300: dt: 0.9000, rms radial error=161.689, avgs=0
095/300: dt: 0.9000, rms radial error=160.782, avgs=0
100/300: dt: 0.9000, rms radial error=159.879, avgs=0
105/300: dt: 0.9000, rms radial error=158.981, avgs=0
110/300: dt: 0.9000, rms radial error=158.088, avgs=0
115/300: dt: 0.9000, rms radial error=157.200, avgs=0
120/300: dt: 0.9000, rms radial error=156.317, avgs=0
125/300: dt: 0.9000, rms radial error=155.438, avgs=0
130/300: dt: 0.9000, rms radial error=154.564, avgs=0
135/300: dt: 0.9000, rms radial error=153.695, avgs=0
140/300: dt: 0.9000, rms radial error=152.831, avgs=0
145/300: dt: 0.9000, rms radial error=151.971, avgs=0
150/300: dt: 0.9000, rms radial error=151.116, avgs=0
155/300: dt: 0.9000, rms radial error=150.266, avgs=0
160/300: dt: 0.9000, rms radial error=149.423, avgs=0
165/300: dt: 0.9000, rms radial error=148.585, avgs=0
170/300: dt: 0.9000, rms radial error=147.750, avgs=0
175/300: dt: 0.9000, rms radial error=146.921, avgs=0
180/300: dt: 0.9000, rms radial error=146.096, avgs=0
185/300: dt: 0.9000, rms radial error=145.275, avgs=0
190/300: dt: 0.9000, rms radial error=144.459, avgs=0
195/300: dt: 0.9000, rms radial error=143.647, avgs=0
200/300: dt: 0.9000, rms radial error=142.839, avgs=0
205/300: dt: 0.9000, rms radial error=142.036, avgs=0
210/300: dt: 0.9000, rms radial error=141.238, avgs=0
215/300: dt: 0.9000, rms radial error=140.444, avgs=0
220/300: dt: 0.9000, rms radial error=139.654, avgs=0
225/300: dt: 0.9000, rms radial error=138.868, avgs=0
230/300: dt: 0.9000, rms radial error=138.087, avgs=0
235/300: dt: 0.9000, rms radial error=137.310, avgs=0
240/300: dt: 0.9000, rms radial error=136.538, avgs=0
245/300: dt: 0.9000, rms radial error=135.769, avgs=0
250/300: dt: 0.9000, rms radial error=135.005, avgs=0
255/300: dt: 0.9000, rms radial error=134.245, avgs=0
260/300: dt: 0.9000, rms radial error=133.490, avgs=0
265/300: dt: 0.9000, rms radial error=132.738, avgs=0
270/300: dt: 0.9000, rms radial error=131.991, avgs=0
275/300: dt: 0.9000, rms radial error=131.248, avgs=0
280/300: dt: 0.9000, rms radial error=130.509, avgs=0
285/300: dt: 0.9000, rms radial error=129.774, avgs=0
290/300: dt: 0.9000, rms radial error=129.044, avgs=0
295/300: dt: 0.9000, rms radial error=128.317, avgs=0
300/300: dt: 0.9000, rms radial error=127.595, avgs=0

spherical inflation complete.
epoch 1 (K=10.0), pass 1, starting sse = 14200.27
taking momentum steps...
taking momentum steps...
taking momentum steps...
taking momentum steps...
pass 1 complete, delta sse/iter = 0.01/13 = 0.00040
epoch 2 (K=40.0), pass 1, starting sse = 2283.04
taking momentum steps...
taking momentum steps...
taking momentum steps...
taking momentum steps...
pass 1 complete, delta sse/iter = 0.00/13 = 0.00034
epoch 3 (K=160.0), pass 1, starting sse = 220.50
taking momentum steps...
taking momentum steps...
taking momentum steps...
taking momentum steps...
pass 1 complete, delta sse/iter = 0.13/18 = 0.00712
epoch 4 (K=640.0), pass 1, starting sse = 13.34
taking momentum steps...
taking momentum steps...
taking momentum steps...
taking momentum steps...
pass 1 complete, delta sse/iter = 0.17/26 = 0.00661
final distance error %100000.00
writing spherical brain to ../surf/lh.qsphere.nofix
spherical transformation took 0.0216 hours
FSRUNTIME@ mris_sphere  0.0216 hours 16 threads
#VMPC# mris_sphere VmPeak  1653104
mris_sphere done
#@# Fix Topology lh Thu Mar 12 12:51:44 CET 2026

 mris_fix_topology -mgz -sphere qsphere.nofix -inflated inflated.nofix -orig orig.nofix -out orig.premesh -ga -seed 1234 sub-v1s11x0050165_ses-1 lh 

reading spherical homeomorphism from 'qsphere.nofix'
reading inflated coordinates from 'inflated.nofix'
reading original coordinates from 'orig.nofix'
using genetic algorithm with optimized parameters
setting seed for random number genererator to 1234

*************************************************************
Topology Correction Parameters
retessellation mode:           genetic search
number of patches/generation : 10
number of generations :        10
surface mri loglikelihood coefficient :         1.0
volume mri loglikelihood coefficient :          10.0
normal dot loglikelihood coefficient :          1.0
quadratic curvature loglikelihood coefficient : 1.0
volume resolution :                             2
eliminate vertices during search :              1
initial patch selection :                       1
select all defect vertices :                    0
ordering dependant retessellation:              0
use precomputed edge table :                    0
smooth retessellated patch :                    2
match retessellated patch :                     1
verbose mode :                                  0

*************************************************************
INFO: assuming .mgz format
writing corrected surface to 'orig.premesh'
7.3.2
  7.3.2
before topology correction, eno=-24 (nv=122302, nf=244652, ne=366978, g=13)
using quasi-homeomorphic spherical map to tessellate cortical surface...

Correction of the Topology
Finding true center and radius of Spherical Surface...done
Surface centered at (0,0,0) with radius 100.0 in 12 iterations
marking ambiguous vertices...
3012 ambiguous faces found in tessellation
segmenting defects...
16 defects found, arbitrating ambiguous regions...
analyzing neighboring defects...
16 defects to be corrected 
0 vertices coincident
reading input surface /out/sourcedata/freesurfer/sub-v1s11x0050165_ses-1/surf/lh.qsphere.nofix...
reading brain volume from brain...
reading wm segmentation from wm...
Reading original properties of orig.nofix
Reading vertex positions of inflated.nofix
Computing Initial Surface Statistics
      -face       loglikelihood: -9.1670  (-4.5835)
      -vertex     loglikelihood: -6.2312  (-3.1156)
      -normal dot loglikelihood: -3.6115  (-3.6115)
      -quad curv  loglikelihood: -6.2802  (-3.1401)
      Total Loglikelihood : -25.2898
CORRECTING DEFECT 0 (vertices=530, convex hull=214, v0=630)
After retessellation of defect 0 (v0=630), euler #=-13 (120644,361532,240875) : difference with theory (-13) = 0 
CORRECTING DEFECT 1 (vertices=24, convex hull=36, v0=4104)
After retessellation of defect 1 (v0=4104), euler #=-12 (120646,361552,240894) : difference with theory (-12) = 0 
CORRECTING DEFECT 2 (vertices=23, convex hull=66, v0=21257)
After retessellation of defect 2 (v0=21257), euler #=-11 (120660,361616,240945) : difference with theory (-11) = 0 
CORRECTING DEFECT 3 (vertices=744, convex hull=244, v0=41748)
After retessellation of defect 3 (v0=41748), euler #=-10 (120815,362201,241376) : difference with theory (-10) = 0 
CORRECTING DEFECT 4 (vertices=58, convex hull=73, v0=46098)
After retessellation of defect 4 (v0=46098), euler #=-9 (120839,362306,241458) : difference with theory (-9) = 0 
CORRECTING DEFECT 5 (vertices=21, convex hull=44, v0=46979)
After retessellation of defect 5 (v0=46979), euler #=-8 (120850,362356,241498) : difference with theory (-8) = 0 
CORRECTING DEFECT 6 (vertices=10, convex hull=20, v0=53704)
After retessellation of defect 6 (v0=53704), euler #=-7 (120851,362365,241507) : difference with theory (-7) = 0 
CORRECTING DEFECT 7 (vertices=29, convex hull=38, v0=78341)
After retessellation of defect 7 (v0=78341), euler #=-6 (120856,362389,241527) : difference with theory (-6) = 0 
CORRECTING DEFECT 8 (vertices=22, convex hull=49, v0=82562)
After retessellation of defect 8 (v0=82562), euler #=-5 (120871,362453,241577) : difference with theory (-5) = 0 
CORRECTING DEFECT 9 (vertices=47, convex hull=31, v0=85415)
After retessellation of defect 9 (v0=85415), euler #=-4 (120877,362482,241601) : difference with theory (-4) = 0 
CORRECTING DEFECT 10 (vertices=84, convex hull=52, v0=86094)
After retessellation of defect 10 (v0=86094), euler #=-3 (120896,362561,241662) : difference with theory (-3) = 0 
CORRECTING DEFECT 11 (vertices=17, convex hull=54, v0=89631)
After retessellation of defect 11 (v0=89631), euler #=-2 (120905,362606,241699) : difference with theory (-2) = 0 
CORRECTING DEFECT 12 (vertices=33, convex hull=49, v0=91368)
After retessellation of defect 12 (v0=91368), euler #=-1 (120923,362676,241752) : difference with theory (-1) = 0 
CORRECTING DEFECT 13 (vertices=43, convex hull=79, v0=112208)
After retessellation of defect 13 (v0=112208), euler #=0 (120933,362742,241809) : difference with theory (0) = 0 
CORRECTING DEFECT 14 (vertices=29, convex hull=57, v0=113275)
After retessellation of defect 14 (v0=113275), euler #=1 (120945,362804,241860) : difference with theory (1) = 0 
CORRECTING DEFECT 15 (vertices=25, convex hull=68, v0=117517)
After retessellation of defect 15 (v0=117517), euler #=2 (120957,362865,241910) : difference with theory (2) = 0 
computing original vertex metric properties...
storing new metric properties...
computing tessellation statistics...
vertex spacing 0.89 +- 0.23 (0.15-->15.48) (max @ vno 44946 --> 49226)
face area -nan +- -nan (1000.00-->-1.00)
performing soap bubble on retessellated vertices for 0 iterations...
vertex spacing 0.89 +- 0.23 (0.15-->15.48) (max @ vno 44946 --> 49226)
face area -nan +- -nan (1000.00-->-1.00)
tessellation finished, orienting corrected surface...
41 mutations (28.7%), 102 crossovers (71.3%), 60 vertices were eliminated
building final representation...
1345 vertices and 0 faces have been removed from triangulation
after topology correction, eno=2 (nv=120957, nf=241910, ne=362865, g=0)
writing corrected surface to /out/sourcedata/freesurfer/sub-v1s11x0050165_ses-1/surf/lh.orig.premesh...

0.000 % of the vertices (0 vertices) exhibit an orientation change
removing intersecting faces
000: 186 intersecting
001: 35 intersecting
002: 18 intersecting
003: 3 intersecting
terminating search with 0 intersecting
topology fixing took 1.2 minutes
FSRUNTIME@ mris_fix_topology lh  0.0195 hours 16 threads
#VMPC# mris_fix_topology VmPeak  1837736

 mris_euler_number ../surf/lh.orig.premesh 

euler # = v-e+f = 2g-2: 120957 - 362865 + 241910 = 2 --> 0 holes
      F =2V-4:          241910 = 241914-4 (0)
      2E=3F:            725730 = 725730 (0)

total defect index = 0
Thu Mar 12 12:52:55 CET 2026

setenv SUBJECTS_DIR /out/sourcedata/freesurfer
cd /out/sourcedata/freesurfer/sub-v1s11x0050165_ses-1/scripts
/opt/freesurfer/bin/defect2seg --s sub-v1s11x0050165_ses-1 --lh-only --cortex

freesurfer-linux-ubuntu22_x86_64-7.3.2-20220804-6354275
defect2seg 7.3.2
Linux dna055 5.14.0-427.37.1.el9_4.x86_64 #1 SMP PREEMPT_DYNAMIC Fri Sep 13 12:41:50 EDT 2024 x86_64 x86_64 x86_64 GNU/Linux
pid 1018702
mri_label2label --label-cortex /out/sourcedata/freesurfer/sub-v1s11x0050165_ses-1/surf/lh.orig.nofix /out/sourcedata/freesurfer/sub-v1s11x0050165_ses-1/mri/aseg.presurf.mgz 0 /out/sourcedata/freesurfer/sub-v1s11x0050165_ses-1/label/lh.nofix.cortex.label

 Generating cortex label... RemoveHipAmgy=0
 NucAccIsMedialWall=0
 mris->useRealRAS=0
8 non-cortical segments detected
only using segment with 6833 vertices
erasing segment 0 (vno[0] = 32094)
erasing segment 2 (vno[0] = 85118)
erasing segment 3 (vno[0] = 85133)
erasing segment 4 (vno[0] = 86007)
erasing segment 5 (vno[0] = 86943)
erasing segment 6 (vno[0] = 94926)
erasing segment 7 (vno[0] = 105907)
mri_label2vol --defects /out/sourcedata/freesurfer/sub-v1s11x0050165_ses-1/surf/lh.orig.nofix /out/sourcedata/freesurfer/sub-v1s11x0050165_ses-1/surf/lh.defect_labels /out/sourcedata/freesurfer/sub-v1s11x0050165_ses-1/mri/orig.mgz 1000 0 /out/sourcedata/freesurfer/sub-v1s11x0050165_ses-1/mri/lh.surface.defects.mgz /out/sourcedata/freesurfer/sub-v1s11x0050165_ses-1/label/lh.nofix.cortex.label
mri_label2vol supposed to be reproducible but seed not set
Contraining to label /out/sourcedata/freesurfer/sub-v1s11x0050165_ses-1/label/lh.nofix.cortex.label
Changing input type 0 to MRI_INT
Converting defects to volume: offset=1000, merge=0
Writing to /out/sourcedata/freesurfer/sub-v1s11x0050165_ses-1/mri/lh.surface.defects.mgz
mris_defects_pointset -s /out/sourcedata/freesurfer/sub-v1s11x0050165_ses-1/surf/lh.orig.nofix -d /out/sourcedata/freesurfer/sub-v1s11x0050165_ses-1/surf/lh.defect_labels -o /out/sourcedata/freesurfer/sub-v1s11x0050165_ses-1/surf/lh.defects.pointset --label /out/sourcedata/freesurfer/sub-v1s11x0050165_ses-1/label/lh.nofix.cortex.label
Reading in surface /out/sourcedata/freesurfer/sub-v1s11x0050165_ses-1/surf/lh.orig.nofix
Reading in defect segmentation /out/sourcedata/freesurfer/sub-v1s11x0050165_ses-1/surf/lh.defect_labels
Reading in label /out/sourcedata/freesurfer/sub-v1s11x0050165_ses-1/label/lh.nofix.cortex.label
#VMPC# mris_defects_pointset 1452716
mris_defects_pointset done
 
Started at Thu Mar 12 12:52:55 CET 2026 
Ended   at Thu Mar 12 12:53:10 CET 2026
Defect2seg-Run-Time-Sec 15
Defect2seg-Run-Time-Min 0.30
Defect2seg-Run-Time-Hours 0.00
 
tkmeditfv sub-v1s11x0050165_ses-1 brain.finalsurfs.mgz -defect
defect2seg Done

 mris_remesh --remesh --iters 3 --input /out/sourcedata/freesurfer/sub-v1s11x0050165_ses-1/surf/lh.orig.premesh --output /out/sourcedata/freesurfer/sub-v1s11x0050165_ses-1/surf/lh.orig 

iters = 3
standard remeshing without target
   adjusted l: 0.712862
remeshing to edge length 0.712862 with 3 iterations

avg qual before   : 0.891655  after: 0.971404

Removing intersections
removing intersecting faces
000: 8 intersecting
terminating search with 0 intersecting
Remeshed surface quality stats nv0 = 120957  nv = 126185  1.04322
Area    252366  0.30432  0.03374 0.068730   0.5264
Corner  757098 60.00000  8.76419 14.353998 148.3595
Edge    378549  0.84625  0.08229 0.463147   1.2329
Hinge   378549  9.52203 10.49795 0.000011 132.1021
mris_remesh done
/out/sourcedata/freesurfer/sub-v1s11x0050165_ses-1/scripts

 mris_remove_intersection ../surf/lh.orig ../surf/lh.orig 

intersection removal took 0.00 hours
writing corrected surface to ../surf/lh.orig

 rm -f ../surf/lh.inflated 

#--------------------------------------------
#@# AutoDetGWStats lh Thu Mar 12 12:53:51 CET 2026
cd /out/sourcedata/freesurfer/sub-v1s11x0050165_ses-1/mri
mris_autodet_gwstats --o ../surf/autodet.gw.stats.lh.dat --i brain.finalsurfs.mgz --wm wm.mgz --surf ../surf/lh.orig.premesh
7.3.2

cd /out/sourcedata/freesurfer/sub-v1s11x0050165_ses-1/mri
setenv SUBJECTS_DIR /out/sourcedata/freesurfer
mris_autodet_gwstats --o ../surf/autodet.gw.stats.lh.dat --i brain.finalsurfs.mgz --wm wm.mgz --surf ../surf/lh.orig.premesh 

border white:    217917 voxels (1.30%)
border gray      251913 voxels (1.50%)
Reading in intensity volume brain.finalsurfs.mgz
Reading in wm volume wm.mgz
Reading in surf ../surf/lh.orig.premesh
Auto detecting stats
MRIclipBrightWM(): nthresh=13197, wmmin=5, clip=110 
Binarizing thresholding at 5
computing class statistics... low=30, hi=110.000000
CCS WM (99.0): 98.9 +- 7.9 [70.0 --> 110.0]
CCS GM (74.0) : 73.8 +- 9.1 [30.0 --> 110.0]
white_mean = 98.905 +/- 7.91241, gray_mean = 73.8334 +/- 9.14162
using class modes intead of means, discounting robust sigmas....
MRIScomputeClassModes(): min=0 max=124 nbins=125
intensity peaks found at WM=103+-6.1,    GM=68+-7.0
white_mode = 103, gray_mode = 68
std_scale = 1
Applying sanity checks, max_scale_down = 0.2
setting MIN_GRAY_AT_WHITE_BORDER to 58.9 (was 70.000000)
setting MAX_BORDER_WHITE to 110.9 (was 105.000000)
setting MIN_BORDER_WHITE to 68.0 (was 85.000000)
setting MAX_CSF to 49.7 (was 40.000000)
setting MAX_GRAY to 95.1 (was 95.000000)
setting MAX_GRAY_AT_CSF_BORDER to 58.9 (was 75.000000)
setting MIN_GRAY_AT_CSF_BORDER to 40.6 (was 40.000000)
When placing the white surface
  white_border_hi   = 110.912;
  white_border_low  = 68;
  white_outside_low = 58.8584;
  white_inside_hi   = 120;
  white_outside_hi  = 110.912;
When placing the pial surface
  pial_border_hi   = 58.8584;
  pial_border_low  = 40.5751;
  pial_outside_low = 10;
  pial_inside_hi   = 95.0876;
  pial_outside_hi  = 54.2876;
#VMPC# mris_autodet_gwstats VmPeak  2067440
mris_autodet_gwstats done
#--------------------------------------------
#@# WhitePreAparc lh Thu Mar 12 12:53:54 CET 2026
cd /out/sourcedata/freesurfer/sub-v1s11x0050165_ses-1/mri
mris_place_surface --adgws-in ../surf/autodet.gw.stats.lh.dat --wm wm.mgz --threads 16 --invol brain.finalsurfs.mgz --lh --i ../surf/lh.orig --o ../surf/lh.white.preaparc --white --seg aseg.presurf.mgz --nsmooth 5
7.3.2
7.3.2

cd /out/sourcedata/freesurfer/sub-v1s11x0050165_ses-1/mri
setenv SUBJECTS_DIR /out/sourcedata/freesurfer
mris_place_surface --adgws-in ../surf/autodet.gw.stats.lh.dat --wm wm.mgz --threads 16 --invol brain.finalsurfs.mgz --lh --i ../surf/lh.orig --o ../surf/lh.white.preaparc --white --seg aseg.presurf.mgz --nsmooth 5 

Reading in input surface ../surf/lh.orig
Smoothing surface before ripping with 5 iterations
Area    252366  0.26851  0.06449 0.003409   0.6031
Corner  757098 60.00000  9.71944 11.135342 140.4678
Edge    378549  0.79131  0.11650 0.064102   1.2691
Hinge   378549  6.42159  6.72414 0.000001 139.5908
Not reading in aparc
Reading in input volume brain.finalsurfs.mgz
Reading in wm volume wm.mgz
MRIclipBrightWM(): nthresh=13197, wmmin=5, clip=110 
MRIfindBrightNonWM(): 0 bright non-wm voxels segmented.
Masking bright non-wm for white surface
MRImask(): AllowDiffGeom = 1
MRImask(): AllowDiffGeom = 1
Reading in seg volume aseg.presurf.mgz
Ripping frozen voxels
INFO: rip surface needed but not specified, so using input surface
Freezing midline and others
Entering: MRISripMidline(): inhibiting deformation at non-cortical midline structures...
  which=1, fix_mtl=0, using annot = 0
#FML0# MRISripMidline(): nripped=0
removing 2 vertices from ripped group in thread:0
#FML# MRISripMidline(): nmarked=6059, nmarked2=97, nripped=6059
Ripping segs (eg, WMSA, BG, frozen)
Starting MRISripSegs() d = (-2 2 0.5) segnos: 247 
MRISripSegs(): -2 2 0.5 ripped 0
vertex 63093: xyz = (-32.6605,-1.29989,52.3591) oxyz = (-32.6605,-1.29989,52.3591) wxzy = (-32.6605,-1.29989,52.3591) pxyz = (0,0,0) 
CBVO Creating mask 126185
n_averages 4
Iteration 0 =========================================
n_averages=4, current_sigma=2
Freezing midline and others
Ripping frozen voxels
INFO: rip surface needed but not specified, so using input surface
Freezing midline and others
Entering: MRISripMidline(): inhibiting deformation at non-cortical midline structures...
  which=1, fix_mtl=0, using annot = 0
#FML0# MRISripMidline(): nripped=6059
removing 2 vertices from ripped group in thread:0
#FML# MRISripMidline(): nmarked=6059, nmarked2=97, nripped=6059
Ripping segs (eg, WMSA, BG, frozen)
Starting MRISripSegs() d = (-2 2 0.5) segnos: 247 247 
MRISripSegs(): -2 2 0.5 ripped 0
Computing target border values 
Entering MRIScomputeBorderValues_new(): 
  inside_hi   = 120.0000000;
  border_hi   = 110.9124150;
  border_low  =  68.0000000;
  outside_low =  58.8583790;
  outside_hi  = 110.9124150;
  sigma = 2;
  max_thickness = 10;
  step_size=0.5;
  STEP_SIZE=0.1;
  which = 1
  thresh = 0
  flags = 0
  CBVfindFirstPeakD1=0
  CBVfindFirstPeakD2=0
  nvertices=126185
  Gdiag_no=-1
  vno start=0, stop=126185
Replacing 255s with 0s
#SI# sigma=2 had to be increased for 98 vertices, nripped=6059
mean border=80.7, 68 (68) missing vertices, mean dist 0.3 [0.5 (%36.9)->0.7 (%63.1))]
%79 local maxima, %16 large gradients and % 0 min vals, 0 gradients ignored
nFirstPeakD1 0
MRIScomputeBorderValues_new() finished in 0.0137 min


Finding expansion regions
mean absolute distance = 0.64 +- 0.79
4299 vertices more than 2 sigmas from mean.
Averaging target values for 5 iterations...
Positioning Surface: tspring = 0.3, nspring = 0.3, spring = 0, niters = 100 l_repulse = 5, l_surf_repulse = 0, checktol = 0
Positioning pial surface
Entering MRISpositionSurface()
  max_mm = 0.3
  MAX_REDUCTIONS = 2, REDUCTION_PCT = 0.5
  parms->check_tol = 0, niterations = 100
tol=1.0e-04, sigma=2.0, host=dna05, nav=4, nbrs=2, l_repulse=5.000, l_tspring=0.300, l_nspring=0.300, l_intensity=0.200, l_curv=1.000
mom=0.00, dt=0.50
complete_dist_mat 0
rms 0
smooth_averages 0
remove_neg 0
ico_order 0
which_surface 0
target_radius 0.000000
nfields 0
scale 0.000000
desired_rms_height 0.000000
momentum 0.000000
nbhd_size 0
max_nbrs 0
niterations 100
nsurfaces 0
SURFACES 3
flags 0 (0)
use curv 0
no sulc 0
no rigid align 0
mris->nsize 2
mris->hemisphere 0
randomSeed 0

000: dt: 0.0000, sse=2529817.8, rms=9.977
001: dt: 0.5000, sse=1359748.4, rms=7.140 (28.434%)
002: dt: 0.5000, sse=885714.3, rms=5.593 (21.663%)
003: dt: 0.5000, sse=665137.2, rms=4.686 (16.224%)
004: dt: 0.5000, sse=536792.8, rms=4.081 (12.912%)
005: dt: 0.5000, sse=472756.0, rms=3.722 (8.780%)
006: dt: 0.5000, sse=429900.1, rms=3.476 (6.628%)
007: dt: 0.5000, sse=415155.7, rms=3.368 (3.112%)
008: dt: 0.5000, sse=402138.0, rms=3.262 (3.147%)
rms = 3.2368/3.2615, sse=394085.9/402138.0, time step reduction 1 of 3 to 0.250  0 0 1
009: dt: 0.5000, sse=394085.9, rms=3.237 (0.759%)
010: dt: 0.2500, sse=231479.4, rms=1.889 (41.646%)
011: dt: 0.2500, sse=210629.1, rms=1.628 (13.787%)
012: dt: 0.2500, sse=204600.6, rms=1.548 (4.950%)
013: dt: 0.2500, sse=201438.5, rms=1.496 (3.324%)
rms = 1.4612/1.4963, sse=199057.6/201438.5, time step reduction 2 of 3 to 0.125  0 0 1
014: dt: 0.2500, sse=199057.6, rms=1.461 (2.346%)
rms = 1.4248/1.4612, sse=196180.4/199057.6, time step reduction 3 of 3 to 0.062  0 0 1
015: dt: 0.1250, sse=196180.4, rms=1.425 (2.493%)
  maximum number of reductions reached, breaking from loop
positioning took 1.3 minutes
Iteration 1 =========================================
n_averages=2, current_sigma=1
Freezing midline and others
Ripping frozen voxels
INFO: rip surface needed but not specified, so using input surface
Freezing midline and others
Entering: MRISripMidline(): inhibiting deformation at non-cortical midline structures...
  which=1, fix_mtl=0, using annot = 0
#FML0# MRISripMidline(): nripped=6059
removing 2 vertices from ripped group in thread:0
removing 2 vertices from ripped group in thread:0
removing 2 vertices from ripped group in thread:0
removing 4 vertices from ripped group in thread:0
removing 3 vertices from ripped group in thread:0
removing 4 vertices from ripped group in thread:0
removing 4 vertices from ripped group in thread:0
removing 3 vertices from ripped group in thread:0
#FML# MRISripMidline(): nmarked=6247, nmarked2=98, nripped=6247
Ripping segs (eg, WMSA, BG, frozen)
Starting MRISripSegs() d = (-2 2 0.5) segnos: 247 247 247 
MRISripSegs(): -2 2 0.5 ripped 0
Computing target border values 
Entering MRIScomputeBorderValues_new(): 
  inside_hi   = 120.0000000;
  border_hi   = 110.9124150;
  border_low  =  68.0000000;
  outside_low =  58.8583790;
  outside_hi  = 110.9124150;
  sigma = 1;
  max_thickness = 10;
  step_size=0.5;
  STEP_SIZE=0.1;
  which = 1
  thresh = 0
  flags = 0
  CBVfindFirstPeakD1=0
  CBVfindFirstPeakD2=0
  nvertices=126185
  Gdiag_no=-1
  vno start=0, stop=126185
Replacing 255s with 0s
#SI# sigma=1 had to be increased for 103 vertices, nripped=6247
mean border=83.3, 47 (13) missing vertices, mean dist -0.1 [0.3 (%76.8)->0.3 (%23.2))]
%87 local maxima, % 8 large gradients and % 0 min vals, 0 gradients ignored
nFirstPeakD1 0
MRIScomputeBorderValues_new() finished in 0.0092 min


Finding expansion regions
mean absolute distance = 0.29 +- 0.50
2243 vertices more than 2 sigmas from mean.
Averaging target values for 5 iterations...
Positioning Surface: tspring = 0.3, nspring = 0.3, spring = 0, niters = 100 l_repulse = 5, l_surf_repulse = 0, checktol = 0
Positioning pial surface
Entering MRISpositionSurface()
  max_mm = 0.3
  MAX_REDUCTIONS = 2, REDUCTION_PCT = 0.5
  parms->check_tol = 0, niterations = 100
tol=1.0e-04, sigma=1.0, host=dna05, nav=2, nbrs=2, l_repulse=5.000, l_tspring=0.300, l_nspring=0.300, l_intensity=0.200, l_curv=1.000
mom=0.00, dt=0.50
000: dt: 0.0000, sse=612978.6, rms=4.181
016: dt: 0.5000, sse=363080.4, rms=2.649 (36.639%)
rms = 2.7861/2.6490, sse=384400.0/363080.4, time step reduction 1 of 3 to 0.250  0 1 1
   RMS increased, rejecting step
017: dt: 0.2500, sse=283160.3, rms=1.925 (27.345%)
018: dt: 0.2500, sse=248663.9, rms=1.497 (22.202%)
019: dt: 0.2500, sse=236949.9, rms=1.337 (10.699%)
020: dt: 0.2500, sse=233792.4, rms=1.276 (4.576%)
rms = 1.2366/1.2759, sse=235593.5/233792.4, time step reduction 2 of 3 to 0.125  0 1 1
021: dt: 0.2500, sse=235593.5, rms=1.237 (3.085%)
rms = 1.2029/1.2366, sse=236743.9/235593.5, time step reduction 3 of 3 to 0.062  0 1 1
022: dt: 0.1250, sse=236743.9, rms=1.203 (2.719%)
  maximum number of reductions reached, breaking from loop
positioning took 0.6 minutes
Iteration 2 =========================================
n_averages=1, current_sigma=0.5
Freezing midline and others
Ripping frozen voxels
INFO: rip surface needed but not specified, so using input surface
Freezing midline and others
Entering: MRISripMidline(): inhibiting deformation at non-cortical midline structures...
  which=1, fix_mtl=0, using annot = 0
#FML0# MRISripMidline(): nripped=6247
removing 2 vertices from ripped group in thread:0
removing 4 vertices from ripped group in thread:0
removing 2 vertices from ripped group in thread:0
removing 2 vertices from ripped group in thread:0
removing 3 vertices from ripped group in thread:0
removing 3 vertices from ripped group in thread:0
#FML# MRISripMidline(): nmarked=6323, nmarked2=98, nripped=6323
Ripping segs (eg, WMSA, BG, frozen)
Starting MRISripSegs() d = (-2 2 0.5) segnos: 247 247 247 247 
MRISripSegs(): -2 2 0.5 ripped 0
Computing target border values 
Entering MRIScomputeBorderValues_new(): 
  inside_hi   = 120.0000000;
  border_hi   = 110.9124150;
  border_low  =  68.0000000;
  outside_low =  58.8583790;
  outside_hi  = 110.9124150;
  sigma = 0.5;
  max_thickness = 10;
  step_size=0.5;
  STEP_SIZE=0.1;
  which = 1
  thresh = 0
  flags = 0
  CBVfindFirstPeakD1=0
  CBVfindFirstPeakD2=0
  nvertices=126185
  Gdiag_no=-1
  vno start=0, stop=126185
Replacing 255s with 0s
#SI# sigma=0.5 had to be increased for 83 vertices, nripped=6323
mean border=84.9, 60 (9) missing vertices, mean dist -0.1 [0.2 (%70.5)->0.2 (%29.5))]
%90 local maxima, % 5 large gradients and % 0 min vals, 0 gradients ignored
nFirstPeakD1 0
MRIScomputeBorderValues_new() finished in 0.0053 min


Finding expansion regions
mean absolute distance = 0.21 +- 0.36
2776 vertices more than 2 sigmas from mean.
Averaging target values for 5 iterations...
Positioning Surface: tspring = 0.3, nspring = 0.3, spring = 0, niters = 100 l_repulse = 5, l_surf_repulse = 0, checktol = 0
Positioning pial surface
Entering MRISpositionSurface()
  max_mm = 0.3
  MAX_REDUCTIONS = 2, REDUCTION_PCT = 0.5
  parms->check_tol = 0, niterations = 100
tol=1.0e-04, sigma=0.5, host=dna05, nav=1, nbrs=2, l_repulse=5.000, l_tspring=0.300, l_nspring=0.300, l_intensity=0.200, l_curv=1.000
mom=0.00, dt=0.50
000: dt: 0.0000, sse=344576.9, rms=2.433
023: dt: 0.5000, sse=335080.6, rms=2.338 (3.938%)
rms = 2.6134/2.3376, sse=367806.7/335080.6, time step reduction 1 of 3 to 0.250  0 1 1
   RMS increased, rejecting step
024: dt: 0.2500, sse=259087.2, rms=1.522 (34.905%)
025: dt: 0.2500, sse=229055.2, rms=1.172 (22.982%)
rms = 1.0887/1.1719, sse=232134.8/229055.2, time step reduction 2 of 3 to 0.125  0 1 0
026: dt: 0.2500, sse=232134.8, rms=1.089 (7.107%)
rms = 1.0416/1.0887, sse=221883.9/232134.8, time step reduction 3 of 3 to 0.062  0 0 1
027: dt: 0.1250, sse=221883.9, rms=1.042 (4.323%)
  maximum number of reductions reached, breaking from loop
positioning took 0.4 minutes
Iteration 3 =========================================
n_averages=0, current_sigma=0.25
Freezing midline and others
Ripping frozen voxels
INFO: rip surface needed but not specified, so using input surface
Freezing midline and others
Entering: MRISripMidline(): inhibiting deformation at non-cortical midline structures...
  which=1, fix_mtl=0, using annot = 0
#FML0# MRISripMidline(): nripped=6323
removing 3 vertices from ripped group in thread:0
removing 4 vertices from ripped group in thread:0
removing 3 vertices from ripped group in thread:0
removing 2 vertices from ripped group in thread:0
removing 2 vertices from ripped group in thread:0
removing 2 vertices from ripped group in thread:0
removing 2 vertices from ripped group in thread:0
removing 3 vertices from ripped group in thread:0
#FML# MRISripMidline(): nmarked=6352, nmarked2=98, nripped=6352
Ripping segs (eg, WMSA, BG, frozen)
Starting MRISripSegs() d = (-2 2 0.5) segnos: 247 247 247 247 247 
MRISripSegs(): -2 2 0.5 ripped 0
Computing target border values 
Entering MRIScomputeBorderValues_new(): 
  inside_hi   = 120.0000000;
  border_hi   = 110.9124150;
  border_low  =  68.0000000;
  outside_low =  58.8583790;
  outside_hi  = 110.9124150;
  sigma = 0.25;
  max_thickness = 10;
  step_size=0.5;
  STEP_SIZE=0.1;
  which = 1
  thresh = 0
  flags = 0
  CBVfindFirstPeakD1=0
  CBVfindFirstPeakD2=0
  nvertices=126185
  Gdiag_no=-1
  vno start=0, stop=126185
Replacing 255s with 0s
#SI# sigma=0.25 had to be increased for 97 vertices, nripped=6352
mean border=85.4, 83 (7) missing vertices, mean dist -0.0 [0.2 (%55.8)->0.2 (%44.2))]
%91 local maxima, % 4 large gradients and % 0 min vals, 0 gradients ignored
nFirstPeakD1 0
MRIScomputeBorderValues_new() finished in 0.0034 min


Finding expansion regions
mean absolute distance = 0.19 +- 0.32
2681 vertices more than 2 sigmas from mean.
Averaging target values for 5 iterations...
Positioning Surface: tspring = 0.3, nspring = 0.3, spring = 0, niters = 100 l_repulse = 5, l_surf_repulse = 0, checktol = 0
Positioning pial surface
Entering MRISpositionSurface()
  max_mm = 0.3
  MAX_REDUCTIONS = 2, REDUCTION_PCT = 0.5
  parms->check_tol = 0, niterations = 100
tol=1.0e-04, sigma=0.2, host=dna05, nav=0, nbrs=2, l_repulse=5.000, l_tspring=0.300, l_nspring=0.300, l_intensity=0.200, l_curv=1.000
mom=0.00, dt=0.50
000: dt: 0.0000, sse=233375.1, rms=1.264
rms = 1.4251/1.2637, sse=244782.2/233375.1, time step reduction 1 of 3 to 0.250  0 1 1
   RMS increased, rejecting step
028: dt: 0.2500, sse=216686.6, rms=0.946 (25.105%)
029: dt: 0.2500, sse=210668.7, rms=0.813 (14.125%)
rms = 0.8321/0.8128, sse=210960.4/210668.7, time step reduction 2 of 3 to 0.125  0 1 1
   RMS increased, rejecting step
rms = 0.7999/0.8128, sse=210027.6/210668.7, time step reduction 3 of 3 to 0.062  0 0 1
030: dt: 0.1250, sse=210027.6, rms=0.800 (1.580%)
  maximum number of reductions reached, breaking from loop
positioning took 0.3 minutes


Writing output to ../surf/lh.white.preaparc
#ET# mris_place_surface  2.77 minutes
#VMPC# mris_place_surfaces VmPeak  3014528
mris_place_surface done
#--------------------------------------------
#@# CortexLabel lh Thu Mar 12 12:56:46 CET 2026
cd /out/sourcedata/freesurfer/sub-v1s11x0050165_ses-1/mri
mri_label2label --label-cortex ../surf/lh.white.preaparc aseg.presurf.mgz 0 ../label/lh.cortex.label

 Generating cortex label... RemoveHipAmgy=0
 NucAccIsMedialWall=0
 mris->useRealRAS=0
4 non-cortical segments detected
only using segment with 7248 vertices
erasing segment 1 (vno[0] = 71014)
erasing segment 2 (vno[0] = 72591)
erasing segment 3 (vno[0] = 73546)
#--------------------------------------------
#@# CortexLabel+HipAmyg lh Thu Mar 12 12:57:00 CET 2026
cd /out/sourcedata/freesurfer/sub-v1s11x0050165_ses-1/mri
mri_label2label --label-cortex ../surf/lh.white.preaparc aseg.presurf.mgz 1 ../label/lh.cortex+hipamyg.label

 Generating cortex label... RemoveHipAmgy=1
 NucAccIsMedialWall=0
 mris->useRealRAS=0
6 non-cortical segments detected
only using segment with 5107 vertices
erasing segment 1 (vno[0] = 47205)
erasing segment 2 (vno[0] = 49297)
erasing segment 3 (vno[0] = 72591)
erasing segment 4 (vno[0] = 103431)
erasing segment 5 (vno[0] = 103759)
#--------------------------------------------
#@# Smooth2 lh Thu Mar 12 12:57:14 CET 2026
/out/sourcedata/freesurfer/sub-v1s11x0050165_ses-1/scripts

 mris_smooth -n 3 -nw -seed 1234 ../surf/lh.white.preaparc ../surf/lh.smoothwm 

smoothing for 3 iterations
setting seed for random number generator to 1234
smoothing surface tessellation for 3 iterations...
smoothing complete - recomputing first and second fundamental forms...
#--------------------------------------------
#@# Inflation2 lh Thu Mar 12 12:57:17 CET 2026
/out/sourcedata/freesurfer/sub-v1s11x0050165_ses-1/scripts

 mris_inflate ../surf/lh.smoothwm ../surf/lh.inflated 

Reading ../surf/lh.smoothwm
avg radius = 45.7 mm, total surface area = 81019 mm^2
step 000: RMS=0.175 (target=0.015)   step 005: RMS=0.117 (target=0.015)   step 010: RMS=0.088 (target=0.015)   step 015: RMS=0.073 (target=0.015)   step 020: RMS=0.062 (target=0.015)   step 025: RMS=0.051 (target=0.015)   step 030: RMS=0.042 (target=0.015)   step 035: RMS=0.034 (target=0.015)   step 040: RMS=0.029 (target=0.015)   step 045: RMS=0.025 (target=0.015)   step 050: RMS=0.022 (target=0.015)   step 055: RMS=0.020 (target=0.015)   step 060: RMS=0.019 (target=0.015)   writing inflated surface to ../surf/lh.inflated
writing sulcal depths to ../surf/lh.sulc

inflation complete.
inflation took 0.2 minutes
mris_inflate utimesec    66.300680
mris_inflate stimesec    2.235906
mris_inflate ru_maxrss   194448
mris_inflate ru_ixrss    0
mris_inflate ru_idrss    0
mris_inflate ru_isrss    0
mris_inflate ru_minflt   575106
mris_inflate ru_majflt   8
mris_inflate ru_nswap    0
mris_inflate ru_inblock  130
mris_inflate ru_oublock  9872
mris_inflate ru_msgsnd   0
mris_inflate ru_msgrcv   0
mris_inflate ru_nsignals 0
mris_inflate ru_nvcsw    20429
mris_inflate ru_nivcsw   561
#--------------------------------------------
#@# Curv .H and .K lh Thu Mar 12 12:57:31 CET 2026
/out/sourcedata/freesurfer/sub-v1s11x0050165_ses-1/surf

 mris_curvature -w -seed 1234 lh.white.preaparc 

setting seed for random number generator to 1234
total integrated curvature = 27.887*4pi (350.434) --> -27 handles
ICI = 131.9, FI = 1462.8, variation=22300.042
writing Gaussian curvature to ./lh.white.preaparc.K...done.
writing mean curvature to ./lh.white.preaparc.H...done.
rm -f lh.white.H
ln -s lh.white.preaparc.H lh.white.H
rm -f lh.white.K
ln -s lh.white.preaparc.K lh.white.K

 mris_curvature -seed 1234 -thresh .999 -n -a 5 -w -distances 10 10 lh.inflated 

setting seed for random number generator to 1234
normalizing curvature values.
averaging curvature patterns 5 times.
sampling 10 neighbors out to a distance of 10 mm
210 vertices thresholded to be in k1 ~ [-0.29 0.26], k2 ~ [-0.13 0.04]
total integrated curvature = 0.560*4pi (7.037) --> 0 handles
ICI = 1.4, FI = 8.9, variation=151.354
123 vertices thresholded to be in [-0.01 0.03]
writing Gaussian curvature to ./lh.inflated.K...thresholding curvature at 99.90% level
curvature mean = 0.000, std = 0.001
138 vertices thresholded to be in [-0.17 0.13]
done.
writing mean curvature to ./lh.inflated.H...curvature mean = -0.017, std = 0.021
done.
#--------------------------------------------
#@# Sphere lh Thu Mar 12 12:58:13 CET 2026
/out/sourcedata/freesurfer/sub-v1s11x0050165_ses-1/scripts

 mris_sphere -seed 1234 ../surf/lh.inflated ../surf/lh.sphere 

setting seed for random number genererator to 1234
version: 7.3.2
available threads: 16
reading original vertex positions...
projecting onto sphere...
surface projected - minimizing metric distortion...
scaling brain by 0.283...
MRISunfold() max_passes = 1 -------
tol=5.0e-01, sigma=0.0, host=dna05, nav=1024, nbrs=2, l_area=1.000, l_dist=1.000
using quadratic fit line minimization
complete_dist_mat 0
rms 0
smooth_averages 0
remove_neg 0
ico_order 0
which_surface 0
target_radius 0.000000
nfields 0
scale 1.000000
desired_rms_height -1.000000
momentum 0.900000
nbhd_size 7
max_nbrs 8
niterations 25
nsurfaces 0
SURFACES 3
flags 0 (0)
use curv 0
no sulc 0
no rigid align 0
mris->nsize 2
mris->hemisphere 0
randomSeed 1234

singular matrix in quadratic form
singular matrix in quadratic form
singular matrix in quadratic form
singular matrix in quadratic form
singular matrix in quadratic form
singular matrix in quadratic form
singular matrix in quadratic form
singular matrix in quadratic form
singular matrix in quadratic form
singular matrix in quadratic form
singular matrix in quadratic form
singular matrix in quadratic form
singular matrix in quadratic form
--------------------
  mrisRemoveNegativeArea()
pass 1: epoch 1 of 3 starting distance error %20.50
pass 1: epoch 2 of 3 starting distance error %20.46
unfolding complete - removing small folds...
starting distance error %20.40
removing remaining folds...
final distance error %20.40
MRISunfold() return, current seed 1234
-01: dt=0.0000, 222 negative triangles  VmPeak 1589668
104: dt=0.9900, 222 negative triangles
105: dt=0.9900, 126 negative triangles
106: dt=0.9900,  89 negative triangles
107: dt=0.9900,  75 negative triangles
108: dt=0.9900,  70 negative triangles
109: dt=0.9900,  68 negative triangles
110: dt=0.9900,  59 negative triangles
111: dt=0.9900,  52 negative triangles
112: dt=0.9900,  35 negative triangles
113: dt=0.9900,  31 negative triangles
114: dt=0.9900,  38 negative triangles
115: dt=0.9900,  23 negative triangles
116: dt=0.9900,  30 negative triangles
117: dt=0.9900,  22 negative triangles
118: dt=0.9900,  31 negative triangles
119: dt=0.9900,  23 negative triangles
120: dt=0.9900,  21 negative triangles
121: dt=0.9900,  12 negative triangles
122: dt=0.9900,  14 negative triangles
123: dt=0.9900,  13 negative triangles
124: dt=0.9900,  12 negative triangles
125: dt=0.9900,  10 negative triangles
126: dt=0.9900,   3 negative triangles
127: dt=0.9900,   3 negative triangles
128: dt=0.9900,   1 negative triangles
writing spherical brain to ../surf/lh.sphere
spherical transformation took 0.0420 hours
FSRUNTIME@ mris_sphere  0.0420 hours 16 threads
#VMPC# mris_sphere VmPeak  1589668
mris_sphere done
#--------------------------------------------
#@# Surf Reg lh Thu Mar 12 13:00:45 CET 2026
/out/sourcedata/freesurfer/sub-v1s11x0050165_ses-1/scripts

 mris_register -curv ../surf/lh.sphere /opt/freesurfer/average/lh.folding.atlas.acfb40.noaparc.i12.2016-08-02.tif ../surf/lh.sphere.reg 

using smoothwm curvature for final alignment

cwd /out/sourcedata/freesurfer/sub-v1s11x0050165_ses-1/scripts
cmdline mris_register -curv ../surf/lh.sphere /opt/freesurfer/average/lh.folding.atlas.acfb40.noaparc.i12.2016-08-02.tif ../surf/lh.sphere.reg 

0 inflated.H
1 sulc
2 smoothwm (computed)
7.3.2
  7.3.2
reading surface from ../surf/lh.sphere...
reading template parameterization from /opt/freesurfer/average/lh.folding.atlas.acfb40.noaparc.i12.2016-08-02.tif...
MRISregister() -------
max_passes = 4 
min_degrees = 0.500000 
max_degrees = 64.000000 
nangles = 8 
tol=5.0e-01, sigma=0.0, host=dna05, nav=1024, nbrs=1, l_extern=10000.000, l_parea=0.200, l_nlarea=1.000, l_corr=1.000, l_dist=5.000
using quadratic fit line minimization
complete_dist_mat 0
rms 0
smooth_averages 0
remove_neg 0
ico_order 0
which_surface 0
target_radius 0.000000
nfields 0
scale 0.000000
desired_rms_height -1.000000
momentum 0.950000
nbhd_size -10
max_nbrs 10
niterations 25
nsurfaces 0
SURFACES 3
flags 16 (10)
use curv 16
no sulc 0
no rigid align 0
mris->nsize 1
mris->hemisphere 0
randomSeed 0

tol=5.0e-01, sigma=0.0, host=dna05, nav=1024, nbrs=1, l_extern=10000.000, l_parea=0.200, l_nlarea=1.000, l_corr=1.000, l_dist=5.000
using quadratic fit line minimization
--------------------
1 Reading lh.sulc
tol=1.0e+00, sigma=0.5, host=dna05, nav=1024, nbrs=1, l_extern=10000.000, l_parea=0.200, l_nlarea=1.000, l_corr=0.050, l_spring=0.500, l_dist=5.000
using quadratic fit line minimization
curvature mean = 0.000, std = 5.739
curvature mean = 0.037, std = 0.812
curvature mean = 0.009, std = 0.871
Starting MRISrigidBodyAlignGlobal()
Starting new MRISrigidBodyAlignGlobal_findMinSSE()
  new MRISrigidBodyAlignGlobal_findMinSSE min @ (9.00, -3.00, 8.50) sse = 183569.0, elapsed since starting=0.1138 min
MRISrigidBodyAlignGlobal() done   0.11 min
curvature mean = 0.028, std = 0.840
curvature mean = 0.005, std = 0.952
curvature mean = 0.026, std = 0.851
curvature mean = 0.002, std = 0.981
curvature mean = 0.026, std = 0.854
curvature mean = 0.000, std = 0.993
2 Reading smoothwm
curvature mean = -0.018, std = 0.274
curvature mean = 0.045, std = 0.248
curvature mean = 0.057, std = 0.357
curvature mean = 0.043, std = 0.306
curvature mean = 0.031, std = 0.554
curvature mean = 0.042, std = 0.333
curvature mean = 0.017, std = 0.693
curvature mean = 0.042, std = 0.345
curvature mean = 0.004, std = 0.802
MRISregister() return, current seed 0
writing registered surface to ../surf/lh.sphere.reg...
-01: dt=0.0000,   0 negative triangles  VmPeak 2030036
registration took 0.06 hours
#VMPC# mris_register VmPeak  2030036
FSRUNTIME@ mris_register  0.0563 hours 16 threads

 ln -sf lh.sphere.reg lh.fsaverage.sphere.reg 

#--------------------------------------------
#@# Jacobian white lh Thu Mar 12 13:04:07 CET 2026
/out/sourcedata/freesurfer/sub-v1s11x0050165_ses-1/scripts

 mris_jacobian ../surf/lh.white.preaparc ../surf/lh.sphere.reg ../surf/lh.jacobian_white 

reading surface from ../surf/lh.white.preaparc...
writing curvature file ../surf/lh.jacobian_white
#--------------------------------------------
#@# AvgCurv lh Thu Mar 12 13:04:08 CET 2026
/out/sourcedata/freesurfer/sub-v1s11x0050165_ses-1/scripts

 mrisp_paint -a 5 /opt/freesurfer/average/lh.folding.atlas.acfb40.noaparc.i12.2016-08-02.tif#6 ../surf/lh.sphere.reg ../surf/lh.avg_curv 

averaging curvature patterns 5 times...
reading surface from ../surf/lh.sphere.reg...
reading template parameterization from /opt/freesurfer/average/lh.folding.atlas.acfb40.noaparc.i12.2016-08-02.tif...
writing curvature file to ../surf/lh.avg_curv...
#-----------------------------------------
#@# Cortical Parc lh Thu Mar 12 13:04:09 CET 2026
/out/sourcedata/freesurfer/sub-v1s11x0050165_ses-1/scripts

 mris_ca_label -l ../label/lh.cortex.label -aseg ../mri/aseg.presurf.mgz -seed 1234 sub-v1s11x0050165_ses-1 lh ../surf/lh.sphere.reg /opt/freesurfer/average/lh.DKaparc.atlas.acfb40.noaparc.i12.2016-08-02.gcs ../label/lh.aparc.annot 

setting seed for random number generator to 1234
using ../mri/aseg.presurf.mgz aseg volume to correct midline
7.3.2
  7.3.2
reading atlas from /opt/freesurfer/average/lh.DKaparc.atlas.acfb40.noaparc.i12.2016-08-02.gcs...
reading color table from GCSA file....
average std = 0.8   using min determinant for regularization = 0.006
0 singular and 342 ill-conditioned covariance matrices regularized
input 0: MEAN CURVATURE, flags 0, avgs 5, name mean_curvature
labeling surface...
1135 labels changed using aseg
relabeling using gibbs priors...
000:   2782 changed, 126185 examined...
001:    617 changed, 11918 examined...
002:    170 changed, 3601 examined...
003:     63 changed, 991 examined...
004:     23 changed, 377 examined...
005:      8 changed, 141 examined...
006:      5 changed, 45 examined...
007:      0 changed, 28 examined...
198 labels changed using aseg
000: 90 total segments, 31 labels (49 vertices) changed
001: 59 total segments, 0 labels (0 vertices) changed
10 filter iterations complete (10 requested, 4 changed)
rationalizing unknown annotations with cortex label
relabeling unknown label...
relabeling corpuscallosum label...
1774 vertices marked for relabeling...
1774 labels changed in reclassification.
writing output to ../label/lh.aparc.annot...
classification took 0 minutes and 9 seconds.
#--------------------------------------------
#@# WhiteSurfs lh Thu Mar 12 13:04:18 CET 2026
cd /out/sourcedata/freesurfer/sub-v1s11x0050165_ses-1/mri
mris_place_surface --adgws-in ../surf/autodet.gw.stats.lh.dat --seg aseg.presurf.mgz --threads 16 --wm wm.mgz --invol brain.finalsurfs.mgz --lh --i ../surf/lh.white.preaparc --o ../surf/lh.white --white --nsmooth 0 --rip-label ../label/lh.cortex.label --rip-bg --rip-surf ../surf/lh.white.preaparc --aparc ../label/lh.aparc.annot
7.3.2
7.3.2

cd /out/sourcedata/freesurfer/sub-v1s11x0050165_ses-1/mri
setenv SUBJECTS_DIR /out/sourcedata/freesurfer
mris_place_surface --adgws-in ../surf/autodet.gw.stats.lh.dat --seg aseg.presurf.mgz --threads 16 --wm wm.mgz --invol brain.finalsurfs.mgz --lh --i ../surf/lh.white.preaparc --o ../surf/lh.white --white --nsmooth 0 --rip-label ../label/lh.cortex.label --rip-bg --rip-surf ../surf/lh.white.preaparc --aparc ../label/lh.aparc.annot 

Reading in input surface ../surf/lh.white.preaparc
Not smoothing input surface
Area    252366  0.35408  0.13560 0.000864   1.8871
Corner  757098 60.00000 14.48786 0.752016 177.8836
Edge    378549  0.91701  0.22359 0.025939   3.9625
Hinge   378549  9.50130 11.28957 0.000066 179.6005
Reading in aparc ../label/lh.aparc.annot
Reading in input volume brain.finalsurfs.mgz
Reading in wm volume wm.mgz
MRIclipBrightWM(): nthresh=13197, wmmin=5, clip=110 
MRIfindBrightNonWM(): 0 bright non-wm voxels segmented.
Masking bright non-wm for white surface
MRImask(): AllowDiffGeom = 1
MRImask(): AllowDiffGeom = 1
Reading in seg volume aseg.presurf.mgz
Ripping frozen voxels
Ripping vertices not in label ../label/lh.cortex.label
MRISripNotLabel() ripped 7523/126185 vertices (118662 unripped)
Reading in ripping surface ../surf/lh.white.preaparc
Reading in aparc ../label/lh.aparc.annot for ripsurf
Ripping BG
MRISripBasalGanglia(): 1 -2 2 0.5 ripped 590
Ripping segs (eg, WMSA, BG, frozen)
Starting MRISripSegs() d = (-2 2 0.5) segnos: 247 
MRISripSegs(): -2 2 0.5 ripped 0
vertex 63093: xyz = (-34.0758,-0.697657,53.7802) oxyz = (-34.0758,-0.697657,53.7802) wxzy = (-34.0758,-0.697657,53.7802) pxyz = (0,0,0) 
CBVO Creating mask 126185
n_averages 4
Iteration 0 =========================================
n_averages=4, current_sigma=2
Computing target border values 
Entering MRIScomputeBorderValues_new(): 
  inside_hi   = 120.0000000;
  border_hi   = 110.9124150;
  border_low  =  68.0000000;
  outside_low =  58.8583790;
  outside_hi  = 110.9124150;
  sigma = 2;
  max_thickness = 10;
  step_size=0.5;
  STEP_SIZE=0.1;
  which = 1
  thresh = 0
  flags = 0
  CBVfindFirstPeakD1=0
  CBVfindFirstPeakD2=0
  nvertices=126185
  Gdiag_no=-1
  vno start=0, stop=126185
Replacing 255s with 0s
#SI# sigma=2 had to be increased for 77 vertices, nripped=8113
mean border=79.8, 50 (50) missing vertices, mean dist 0.3 [0.7 (%12.4)->0.4 (%87.6))]
%73 local maxima, %20 large gradients and % 0 min vals, 0 gradients ignored
nFirstPeakD1 0
MRIScomputeBorderValues_new() finished in 0.0125 min


Finding expansion regions
mean absolute distance = 0.49 +- 0.74
2078 vertices more than 2 sigmas from mean.
Averaging target values for 5 iterations...
Positioning Surface: tspring = 0.3, nspring = 0.3, spring = 0, niters = 100 l_repulse = 5, l_surf_repulse = 0, checktol = 0
Positioning pial surface
Entering MRISpositionSurface()
  max_mm = 0.3
  MAX_REDUCTIONS = 2, REDUCTION_PCT = 0.5
  parms->check_tol = 0, niterations = 100
tol=1.0e-04, sigma=2.0, host=dna05, nav=4, nbrs=2, l_repulse=5.000, l_tspring=0.300, l_nspring=0.300, l_intensity=0.200, l_curv=1.000
mom=0.00, dt=0.50
complete_dist_mat 0
rms 0
smooth_averages 0
remove_neg 0
ico_order 0
which_surface 0
target_radius 0.000000
nfields 0
scale 0.000000
desired_rms_height 0.000000
momentum 0.000000
nbhd_size 0
max_nbrs 0
niterations 100
nsurfaces 0
SURFACES 3
flags 0 (0)
use curv 0
no sulc 0
no rigid align 0
mris->nsize 2
mris->hemisphere 0
randomSeed 0

000: dt: 0.0000, sse=1324940.6, rms=6.931
001: dt: 0.5000, sse=523993.1, rms=3.763 (45.704%)
002: dt: 0.5000, sse=389621.4, rms=2.898 (22.998%)
003: dt: 0.5000, sse=388305.8, rms=2.836 (2.147%)
004: dt: 0.5000, sse=374969.9, rms=2.708 (4.496%)
rms = 2.8217/2.7081, sse=389411.3/374969.9, time step reduction 1 of 3 to 0.250  0 1 1
   RMS increased, rejecting step
005: dt: 0.2500, sse=279911.8, rms=1.827 (32.520%)
006: dt: 0.2500, sse=258359.4, rms=1.415 (22.546%)
007: dt: 0.2500, sse=235841.5, rms=1.298 (8.304%)
rms = 1.2718/1.2979, sse=234118.8/235841.5, time step reduction 2 of 3 to 0.125  0 0 1
008: dt: 0.2500, sse=234118.8, rms=1.272 (2.008%)
rms = 1.2386/1.2718, sse=231689.3/234118.8, time step reduction 3 of 3 to 0.062  0 0 1
009: dt: 0.1250, sse=231689.3, rms=1.239 (2.612%)
  maximum number of reductions reached, breaking from loop
positioning took 0.8 minutes
Iteration 1 =========================================
n_averages=2, current_sigma=1
Computing target border values 
Entering MRIScomputeBorderValues_new(): 
  inside_hi   = 120.0000000;
  border_hi   = 110.9124150;
  border_low  =  68.0000000;
  outside_low =  58.8583790;
  outside_hi  = 110.9124150;
  sigma = 1;
  max_thickness = 10;
  step_size=0.5;
  STEP_SIZE=0.1;
  which = 1
  thresh = 0
  flags = 0
  CBVfindFirstPeakD1=0
  CBVfindFirstPeakD2=0
  nvertices=126185
  Gdiag_no=-1
  vno start=0, stop=126185
Replacing 255s with 0s
#SI# sigma=1 had to be increased for 86 vertices, nripped=8113
mean border=82.9, 30 (3) missing vertices, mean dist -0.2 [0.3 (%80.2)->0.3 (%19.8))]
%85 local maxima, % 9 large gradients and % 0 min vals, 0 gradients ignored
nFirstPeakD1 0
MRIScomputeBorderValues_new() finished in 0.0092 min


Finding expansion regions
mean absolute distance = 0.30 +- 0.53
1710 vertices more than 2 sigmas from mean.
Averaging target values for 5 iterations...
Positioning Surface: tspring = 0.3, nspring = 0.3, spring = 0, niters = 100 l_repulse = 5, l_surf_repulse = 0, checktol = 0
Positioning pial surface
Entering MRISpositionSurface()
  max_mm = 0.3
  MAX_REDUCTIONS = 2, REDUCTION_PCT = 0.5
  parms->check_tol = 0, niterations = 100
tol=1.0e-04, sigma=1.0, host=dna05, nav=2, nbrs=2, l_repulse=5.000, l_tspring=0.300, l_nspring=0.300, l_intensity=0.200, l_curv=1.000
mom=0.00, dt=0.50
000: dt: 0.0000, sse=615060.4, rms=4.171
010: dt: 0.5000, sse=351891.7, rms=2.497 (40.139%)
rms = 2.6263/2.4966, sse=367123.2/351891.7, time step reduction 1 of 3 to 0.250  0 1 1
   RMS increased, rejecting step
011: dt: 0.2500, sse=278007.6, rms=1.767 (29.232%)
012: dt: 0.2500, sse=244612.0, rms=1.307 (25.997%)
013: dt: 0.2500, sse=234303.2, rms=1.138 (12.949%)
014: dt: 0.2500, sse=232203.3, rms=1.083 (4.861%)
rms = 1.0557/1.0829, sse=230950.4/232203.3, time step reduction 2 of 3 to 0.125  0 0 1
015: dt: 0.2500, sse=230950.4, rms=1.056 (2.510%)
rms = 1.0301/1.0557, sse=230358.1/230950.4, time step reduction 3 of 3 to 0.062  0 0 1
016: dt: 0.1250, sse=230358.1, rms=1.030 (2.428%)
  maximum number of reductions reached, breaking from loop
positioning took 0.6 minutes
Iteration 2 =========================================
n_averages=1, current_sigma=0.5
Computing target border values 
Entering MRIScomputeBorderValues_new(): 
  inside_hi   = 120.0000000;
  border_hi   = 110.9124150;
  border_low  =  68.0000000;
  outside_low =  58.8583790;
  outside_hi  = 110.9124150;
  sigma = 0.5;
  max_thickness = 10;
  step_size=0.5;
  STEP_SIZE=0.1;
  which = 1
  thresh = 0
  flags = 0
  CBVfindFirstPeakD1=0
  CBVfindFirstPeakD2=0
  nvertices=126185
  Gdiag_no=-1
  vno start=0, stop=126185
Replacing 255s with 0s
#SI# sigma=0.5 had to be increased for 68 vertices, nripped=8113
mean border=84.6, 35 (0) missing vertices, mean dist -0.1 [0.2 (%71.2)->0.2 (%28.8))]
%89 local maxima, % 5 large gradients and % 0 min vals, 0 gradients ignored
nFirstPeakD1 0
MRIScomputeBorderValues_new() finished in 0.0055 min


Finding expansion regions
mean absolute distance = 0.21 +- 0.37
2163 vertices more than 2 sigmas from mean.
Averaging target values for 5 iterations...
Positioning Surface: tspring = 0.3, nspring = 0.3, spring = 0, niters = 100 l_repulse = 5, l_surf_repulse = 0, checktol = 0
Positioning pial surface
Entering MRISpositionSurface()
  max_mm = 0.3
  MAX_REDUCTIONS = 2, REDUCTION_PCT = 0.5
  parms->check_tol = 0, niterations = 100
tol=1.0e-04, sigma=0.5, host=dna05, nav=1, nbrs=2, l_repulse=5.000, l_tspring=0.300, l_nspring=0.300, l_intensity=0.200, l_curv=1.000
mom=0.00, dt=0.50
000: dt: 0.0000, sse=340020.6, rms=2.418
017: dt: 0.5000, sse=328879.9, rms=2.279 (5.772%)
rms = 2.5481/2.2789, sse=360246.9/328879.9, time step reduction 1 of 3 to 0.250  0 1 1
   RMS increased, rejecting step
018: dt: 0.2500, sse=254830.5, rms=1.430 (37.248%)
019: dt: 0.2500, sse=231747.4, rms=1.051 (26.498%)
020: dt: 0.2500, sse=228274.0, rms=0.958 (8.898%)
rms = 0.9452/0.9576, sse=233249.4/228273.9, time step reduction 2 of 3 to 0.125  0 1 1
021: dt: 0.2500, sse=233249.4, rms=0.945 (1.292%)
rms = 0.9121/0.9452, sse=233864.0/233249.4, time step reduction 3 of 3 to 0.062  0 1 1
022: dt: 0.1250, sse=233864.0, rms=0.912 (3.506%)
  maximum number of reductions reached, breaking from loop
positioning took 0.6 minutes
Iteration 3 =========================================
n_averages=0, current_sigma=0.25
Computing target border values 
Entering MRIScomputeBorderValues_new(): 
  inside_hi   = 120.0000000;
  border_hi   = 110.9124150;
  border_low  =  68.0000000;
  outside_low =  58.8583790;
  outside_hi  = 110.9124150;
  sigma = 0.25;
  max_thickness = 10;
  step_size=0.5;
  STEP_SIZE=0.1;
  which = 1
  thresh = 0
  flags = 0
  CBVfindFirstPeakD1=0
  CBVfindFirstPeakD2=0
  nvertices=126185
  Gdiag_no=-1
  vno start=0, stop=126185
Replacing 255s with 0s
#SI# sigma=0.25 had to be increased for 79 vertices, nripped=8113
mean border=85.2, 69 (0) missing vertices, mean dist -0.0 [0.2 (%56.3)->0.2 (%43.7))]
%90 local maxima, % 3 large gradients and % 0 min vals, 0 gradients ignored
nFirstPeakD1 0
MRIScomputeBorderValues_new() finished in 0.0036 min


Finding expansion regions
mean absolute distance = 0.19 +- 0.32
2565 vertices more than 2 sigmas from mean.
Averaging target values for 5 iterations...
Positioning Surface: tspring = 0.3, nspring = 0.3, spring = 0, niters = 100 l_repulse = 5, l_surf_repulse = 0, checktol = 0
Positioning pial surface
Entering MRISpositionSurface()
  max_mm = 0.3
  MAX_REDUCTIONS = 2, REDUCTION_PCT = 0.5
  parms->check_tol = 0, niterations = 100
tol=1.0e-04, sigma=0.2, host=dna05, nav=0, nbrs=2, l_repulse=5.000, l_tspring=0.300, l_nspring=0.300, l_intensity=0.200, l_curv=1.000
mom=0.00, dt=0.50
000: dt: 0.0000, sse=246884.2, rms=1.207
rms = 1.3956/1.2067, sse=262814.7/246884.2, time step reduction 1 of 3 to 0.250  0 1 1
   RMS increased, rejecting step
023: dt: 0.2500, sse=230265.3, rms=0.856 (29.050%)
024: dt: 0.2500, sse=226250.2, rms=0.725 (15.304%)
rms = 0.7557/0.7251, sse=227692.1/226250.2, time step reduction 2 of 3 to 0.125  0 1 1
   RMS increased, rejecting step
rms = 0.7094/0.7251, sse=229279.7/226250.2, time step reduction 3 of 3 to 0.062  0 1 1
025: dt: 0.1250, sse=229279.7, rms=0.709 (2.162%)
  maximum number of reductions reached, breaking from loop
positioning took 0.4 minutes


Writing output to ../surf/lh.white
#ET# mris_place_surface  2.48 minutes
#VMPC# mris_place_surfaces VmPeak  2945564
mris_place_surface done
#--------------------------------------------
#@# T1PialSurf lh Thu Mar 12 13:06:54 CET 2026
cd /out/sourcedata/freesurfer/sub-v1s11x0050165_ses-1/mri
mris_place_surface --adgws-in ../surf/autodet.gw.stats.lh.dat --seg aseg.presurf.mgz --threads 16 --wm wm.mgz --invol brain.finalsurfs.mgz --lh --i ../surf/lh.white --o ../surf/lh.pial.T1 --pial --nsmooth 0 --rip-label ../label/lh.cortex+hipamyg.label --pin-medial-wall ../label/lh.cortex.label --aparc ../label/lh.aparc.annot --repulse-surf ../surf/lh.white --white-surf ../surf/lh.white
7.3.2
7.3.2

cd /out/sourcedata/freesurfer/sub-v1s11x0050165_ses-1/mri
setenv SUBJECTS_DIR /out/sourcedata/freesurfer
mris_place_surface --adgws-in ../surf/autodet.gw.stats.lh.dat --seg aseg.presurf.mgz --threads 16 --wm wm.mgz --invol brain.finalsurfs.mgz --lh --i ../surf/lh.white --o ../surf/lh.pial.T1 --pial --nsmooth 0 --rip-label ../label/lh.cortex+hipamyg.label --pin-medial-wall ../label/lh.cortex.label --aparc ../label/lh.aparc.annot --repulse-surf ../surf/lh.white --white-surf ../surf/lh.white 

Reading in input surface ../surf/lh.white
Not smoothing input surface
Area    252366  0.35906  0.15282 0.000425   3.1564
Corner  757098 60.00000 16.16502 0.151481 178.9005
Edge    378549  0.92528  0.24637 0.011261   3.9625
Hinge   378549  9.65403 11.70115 0.000022 179.7465
Reading white surface coordinates from ../surf/lh.white
Reading repulsion surface coordinates from ../surf/lh.white
Reading in aparc ../label/lh.aparc.annot
Reading in input volume brain.finalsurfs.mgz
Reading in wm volume wm.mgz
MRIclipBrightWM(): nthresh=13197, wmmin=5, clip=110 
MRIfindBrightNonWM(): 0 bright non-wm voxels segmented.
Masking bright non-wm for pial surface mid_gray = 67.8314
MRImask(): AllowDiffGeom = 1
MRImask(): AllowDiffGeom = 1
MRImask(): AllowDiffGeom = 1
Reading in seg volume aseg.presurf.mgz
Ripping frozen voxels
Ripping vertices not in label ../label/lh.cortex+hipamyg.label
MRISripNotLabel() ripped 5687/126185 vertices (120498 unripped)
INFO: rip surface needed but not specified, so using input surface
Ripping segs (eg, WMSA, BG, frozen)
Starting MRISripSegs() d = (-2 2 0.5) segnos: 247 
MRISripSegs(): -2 2 0.5 ripped 0
vertex 63093: xyz = (-34.1732,-0.742041,53.8803) oxyz = (-34.1732,-0.742041,53.8803) wxzy = (-34.1732,-0.742041,53.8803) pxyz = (-34.1732,-0.742041,53.8803) 
CBVO Creating mask 126185
n_averages 16
Iteration 0 =========================================
n_averages=16, current_sigma=2
Computing target border values 
Entering MRIScomputeBorderValues_new(): 
  inside_hi   =  95.0875850;
  border_hi   =  58.8583790;
  border_low  =  40.5751420;
  outside_low =  10.0000000;
  outside_hi  =  54.2875670;
  sigma = 2;
  max_thickness = 10;
  step_size=0.5;
  STEP_SIZE=0.1;
  which = 2
  thresh = 0
  flags = 0
  CBVfindFirstPeakD1=0
  CBVfindFirstPeakD2=0
  nvertices=126185
  Gdiag_no=-1
  vno start=0, stop=126185
Replacing 255s with 0s
#SI# sigma=2 had to be increased for 120 vertices, nripped=5687
mean border=57.9, 98 (98) missing vertices, mean dist 1.5 [0.2 (%0.0)->3.2 (%100.0))]
%11 local maxima, %34 large gradients and %51 min vals, 0 gradients ignored
nFirstPeakD1 0
MRIScomputeBorderValues_new() finished in 0.0156 min


Averaging target values for 5 iterations...
Positioning Surface: tspring = 0.3, nspring = 0.3, spring = 0, niters = 100 l_repulse = 0, l_surf_repulse = 5, checktol = 0
Positioning pial surface
Entering MRISpositionSurface()
  max_mm = 0.3
  MAX_REDUCTIONS = 2, REDUCTION_PCT = 0.5
  parms->check_tol = 0, niterations = 100
tol=1.0e-04, sigma=2.0, host=dna05, nav=16, nbrs=2, l_surf_repulse=5.000, l_tspring=0.300, l_nspring=0.300, l_intensity=0.200, l_curv=1.000
mom=0.00, dt=0.50
complete_dist_mat 0
rms 0
smooth_averages 0
remove_neg 0
ico_order 0
which_surface 0
target_radius 0.000000
nfields 0
scale 0.000000
desired_rms_height 0.000000
momentum 0.000000
nbhd_size 0
max_nbrs 0
niterations 100
nsurfaces 0
SURFACES 3
flags 0 (0)
use curv 0
no sulc 0
no rigid align 0
mris->nsize 2
mris->hemisphere 0
randomSeed 0

000: dt: 0.0000, sse=18934468.0, rms=27.895
001: dt: 0.5000, sse=12595192.0, rms=22.690 (18.659%)
002: dt: 0.5000, sse=8290478.0, rms=18.330 (19.215%)
003: dt: 0.5000, sse=5674000.5, rms=15.074 (17.763%)
004: dt: 0.5000, sse=4110890.5, rms=12.736 (15.512%)
005: dt: 0.5000, sse=3151142.0, rms=11.055 (13.197%)
006: dt: 0.5000, sse=2484494.8, rms=9.715 (12.120%)
007: dt: 0.5000, sse=2010444.0, rms=8.634 (11.130%)
008: dt: 0.5000, sse=1648759.5, rms=7.705 (10.757%)
009: dt: 0.5000, sse=1377149.1, rms=6.924 (10.144%)
010: dt: 0.5000, sse=1163093.1, rms=6.237 (9.915%)
011: dt: 0.5000, sse=1002664.6, rms=5.666 (9.164%)
012: dt: 0.5000, sse=876536.9, rms=5.171 (8.733%)
013: dt: 0.5000, sse=785463.0, rms=4.780 (7.553%)
014: dt: 0.5000, sse=714840.6, rms=4.453 (6.835%)
015: dt: 0.5000, sse=665310.3, rms=4.208 (5.521%)
016: dt: 0.5000, sse=626952.5, rms=4.007 (4.779%)
017: dt: 0.5000, sse=600519.4, rms=3.861 (3.633%)
018: dt: 0.5000, sse=579489.1, rms=3.741 (3.117%)
019: dt: 0.5000, sse=565801.0, rms=3.659 (2.190%)
020: dt: 0.5000, sse=554781.9, rms=3.591 (1.850%)
rms = 3.5590/3.5910, sse=549901.2/554781.9, time step reduction 1 of 3 to 0.250  0 0 1
021: dt: 0.5000, sse=549901.2, rms=3.559 (0.890%)
022: dt: 0.2500, sse=489106.6, rms=3.166 (11.036%)
023: dt: 0.2500, sse=480030.7, rms=3.102 (2.017%)
rms = 3.1049/3.1024, sse=480719.7/480030.7, time step reduction 2 of 3 to 0.125  0 1 1
   RMS increased, rejecting step
024: dt: 0.1250, sse=469548.5, rms=3.030 (2.331%)
025: dt: 0.1250, sse=456347.3, rms=2.935 (3.145%)
rms = 2.9052/2.9348, sse=452403.4/456347.4, time step reduction 3 of 3 to 0.062  0 0 1
026: dt: 0.1250, sse=452403.4, rms=2.905 (1.008%)
  maximum number of reductions reached, breaking from loop
positioning took 2.0 minutes
Iteration 1 =========================================
n_averages=8, current_sigma=1
Computing target border values 
Entering MRIScomputeBorderValues_new(): 
  inside_hi   =  95.0875850;
  border_hi   =  58.8583790;
  border_low  =  40.5751420;
  outside_low =  10.0000000;
  outside_hi  =  54.2875670;
  sigma = 1;
  max_thickness = 10;
  step_size=0.5;
  STEP_SIZE=0.1;
  which = 2
  thresh = 0
  flags = 0
  CBVfindFirstPeakD1=0
  CBVfindFirstPeakD2=0
  nvertices=126185
  Gdiag_no=-1
  vno start=0, stop=126185
Replacing 255s with 0s
#SI# sigma=1 had to be increased for 14323 vertices, nripped=5687
mean border=56.7, 2105 (28) missing vertices, mean dist 0.2 [0.2 (%41.7)->0.7 (%58.3))]
%20 local maxima, %28 large gradients and %46 min vals, 0 gradients ignored
nFirstPeakD1 0
MRIScomputeBorderValues_new() finished in 0.0048 min


Averaging target values for 5 iterations...
Positioning Surface: tspring = 0.3, nspring = 0.3, spring = 0, niters = 100 l_repulse = 0, l_surf_repulse = 5, checktol = 0
Positioning pial surface
Entering MRISpositionSurface()
  max_mm = 0.3
  MAX_REDUCTIONS = 2, REDUCTION_PCT = 0.5
  parms->check_tol = 0, niterations = 100
tol=1.0e-04, sigma=1.0, host=dna05, nav=8, nbrs=2, l_surf_repulse=5.000, l_tspring=0.300, l_nspring=0.300, l_intensity=0.200, l_curv=1.000
mom=0.00, dt=0.50
000: dt: 0.0000, sse=644800.8, rms=3.750
027: dt: 0.5000, sse=634376.1, rms=3.689 (1.617%)
028: dt: 0.5000, sse=586899.2, rms=3.422 (7.236%)
rms = 3.6126/3.4223, sse=619469.1/586899.2, time step reduction 1 of 3 to 0.250  0 1 1
   RMS increased, rejecting step
029: dt: 0.2500, sse=534176.6, rms=3.075 (10.158%)
030: dt: 0.2500, sse=527605.4, rms=3.023 (1.677%)
rms = 3.1112/3.0231, sse=540897.5/527605.4, time step reduction 2 of 3 to 0.125  0 1 1
   RMS increased, rejecting step
031: dt: 0.1250, sse=517982.1, rms=2.955 (2.258%)
032: dt: 0.1250, sse=508178.2, rms=2.881 (2.483%)
rms = 2.8431/2.8815, sse=503055.9/508178.2, time step reduction 3 of 3 to 0.062  0 0 1
033: dt: 0.1250, sse=503055.9, rms=2.843 (1.331%)
  maximum number of reductions reached, breaking from loop
positioning took 0.6 minutes
Iteration 2 =========================================
n_averages=4, current_sigma=0.5
Computing target border values 
Entering MRIScomputeBorderValues_new(): 
  inside_hi   =  95.0875850;
  border_hi   =  58.8583790;
  border_low  =  40.5751420;
  outside_low =  10.0000000;
  outside_hi  =  54.2875670;
  sigma = 0.5;
  max_thickness = 10;
  step_size=0.5;
  STEP_SIZE=0.1;
  which = 2
  thresh = 0
  flags = 0
  CBVfindFirstPeakD1=0
  CBVfindFirstPeakD2=0
  nvertices=126185
  Gdiag_no=-1
  vno start=0, stop=126185
Replacing 255s with 0s
#SI# sigma=0.5 had to be increased for 16426 vertices, nripped=5687
mean border=56.2, 2296 (20) missing vertices, mean dist 0.1 [0.2 (%36.7)->0.5 (%63.3))]
%30 local maxima, %17 large gradients and %46 min vals, 0 gradients ignored
nFirstPeakD1 0
MRIScomputeBorderValues_new() finished in 0.0028 min


Averaging target values for 5 iterations...
Positioning Surface: tspring = 0.3, nspring = 0.3, spring = 0, niters = 100 l_repulse = 0, l_surf_repulse = 5, checktol = 0
Positioning pial surface
Entering MRISpositionSurface()
  max_mm = 0.3
  MAX_REDUCTIONS = 2, REDUCTION_PCT = 0.5
  parms->check_tol = 0, niterations = 100
tol=1.0e-04, sigma=0.5, host=dna05, nav=4, nbrs=2, l_surf_repulse=5.000, l_tspring=0.300, l_nspring=0.300, l_intensity=0.200, l_curv=1.000
mom=0.00, dt=0.50
000: dt: 0.0000, sse=550503.4, rms=3.127
rms = 3.4211/3.1271, sse=596431.9/550503.4, time step reduction 1 of 3 to 0.250  0 1 1
   RMS increased, rejecting step
034: dt: 0.2500, sse=526197.1, rms=2.959 (5.386%)
rms = 2.9520/2.9587, sse=525233.5/526197.1, time step reduction 2 of 3 to 0.125  0 0 1
035: dt: 0.2500, sse=525233.5, rms=2.952 (0.224%)
036: dt: 0.1250, sse=509968.0, rms=2.840 (3.808%)
037: dt: 0.1250, sse=501066.4, rms=2.774 (2.307%)
rms = 2.7602/2.7741, sse=499133.1/501066.4, time step reduction 3 of 3 to 0.062  0 0 1
038: dt: 0.1250, sse=499133.1, rms=2.760 (0.501%)
  maximum number of reductions reached, breaking from loop
positioning took 0.4 minutes
Iteration 3 =========================================
n_averages=2, current_sigma=0.25
Computing target border values 
Entering MRIScomputeBorderValues_new(): 
  inside_hi   =  95.0875850;
  border_hi   =  58.8583790;
  border_low  =  40.5751420;
  outside_low =  10.0000000;
  outside_hi  =  54.2875670;
  sigma = 0.25;
  max_thickness = 10;
  step_size=0.5;
  STEP_SIZE=0.1;
  which = 2
  thresh = 0
  flags = 0
  CBVfindFirstPeakD1=0
  CBVfindFirstPeakD2=0
  nvertices=126185
  Gdiag_no=-1
  vno start=0, stop=126185
Replacing 255s with 0s
#SI# sigma=0.25 had to be increased for 14096 vertices, nripped=5687
mean border=55.6, 5820 (20) missing vertices, mean dist 0.1 [0.2 (%38.3)->0.4 (%61.7))]
%33 local maxima, %14 large gradients and %44 min vals, 0 gradients ignored
nFirstPeakD1 0
MRIScomputeBorderValues_new() finished in 0.0019 min


Averaging target values for 5 iterations...
Positioning Surface: tspring = 0.3, nspring = 0.3, spring = 0, niters = 100 l_repulse = 0, l_surf_repulse = 5, checktol = 0
Positioning pial surface
Entering MRISpositionSurface()
  max_mm = 0.3
  MAX_REDUCTIONS = 2, REDUCTION_PCT = 0.5
  parms->check_tol = 0, niterations = 100
tol=1.0e-04, sigma=0.2, host=dna05, nav=2, nbrs=2, l_surf_repulse=5.000, l_tspring=0.300, l_nspring=0.300, l_intensity=0.200, l_curv=1.000
mom=0.00, dt=0.50
000: dt: 0.0000, sse=517008.6, rms=2.885
rms = 3.2302/2.8853, sse=565734.4/517008.6, time step reduction 1 of 3 to 0.250  0 1 1
   RMS increased, rejecting step
039: dt: 0.2500, sse=502134.7, rms=2.776 (3.791%)
rms = 2.8165/2.7759, sse=506775.6/502134.7, time step reduction 2 of 3 to 0.125  0 1 1
   RMS increased, rejecting step
rms = 2.7525/2.7759, sse=499029.5/502134.7, time step reduction 3 of 3 to 0.062  0 0 1
040: dt: 0.1250, sse=499029.5, rms=2.752 (0.843%)
  maximum number of reductions reached, breaking from loop
positioning took 0.2 minutes
Pinning medial wall to white surface
removing intersecting faces
000: 14 intersecting
terminating search with 0 intersecting


Writing output to ../surf/lh.pial.T1
#ET# mris_place_surface  3.36 minutes
#VMPC# mris_place_surfaces VmPeak  2364012
mris_place_surface done
#@# white curv lh Thu Mar 12 13:10:21 CET 2026
cd /out/sourcedata/freesurfer/sub-v1s11x0050165_ses-1/mri
mris_place_surface --curv-map ../surf/lh.white 2 10 ../surf/lh.curv
insurf  ../surf/lh.white, nbrs 2, curvature_avgs 10
writing curvature file ../surf/lh.curv
#@# white area lh Thu Mar 12 13:10:23 CET 2026
cd /out/sourcedata/freesurfer/sub-v1s11x0050165_ses-1/mri
mris_place_surface --area-map ../surf/lh.white ../surf/lh.area
writing curvature file ../surf/lh.area
#@# pial curv lh Thu Mar 12 13:10:24 CET 2026
cd /out/sourcedata/freesurfer/sub-v1s11x0050165_ses-1/mri
mris_place_surface --curv-map ../surf/lh.pial 2 10 ../surf/lh.curv.pial
insurf  ../surf/lh.pial, nbrs 2, curvature_avgs 10
writing curvature file ../surf/lh.curv.pial
#@# pial area lh Thu Mar 12 13:10:25 CET 2026
cd /out/sourcedata/freesurfer/sub-v1s11x0050165_ses-1/mri
mris_place_surface --area-map ../surf/lh.pial ../surf/lh.area.pial
writing curvature file ../surf/lh.area.pial
#@# thickness lh Thu Mar 12 13:10:26 CET 2026
cd /out/sourcedata/freesurfer/sub-v1s11x0050165_ses-1/mri
mris_place_surface --thickness ../surf/lh.white ../surf/lh.pial 20 5 ../surf/lh.thickness
0 of 126185 vertices processed
25000 of 126185 vertices processed
50000 of 126185 vertices processed
75000 of 126185 vertices processed
100000 of 126185 vertices processed
125000 of 126185 vertices processed
0 of 126185 vertices processed
25000 of 126185 vertices processed
50000 of 126185 vertices processed
75000 of 126185 vertices processed
100000 of 126185 vertices processed
125000 of 126185 vertices processed
thickness calculation complete, 899:2142 truncations.
49336 vertices at 0 distance
94141 vertices at 1 distance
65847 vertices at 2 distance
25928 vertices at 3 distance
9692 vertices at 4 distance
4141 vertices at 5 distance
1748 vertices at 6 distance
733 vertices at 7 distance
266 vertices at 8 distance
134 vertices at 9 distance
100 vertices at 10 distance
52 vertices at 11 distance
44 vertices at 12 distance
52 vertices at 13 distance
40 vertices at 14 distance
31 vertices at 15 distance
26 vertices at 16 distance
23 vertices at 17 distance
10 vertices at 18 distance
12 vertices at 19 distance
14 vertices at 20 distance
writing curvature file ../surf/lh.thickness
#@# area and vertex vol lh Thu Mar 12 13:10:55 CET 2026
cd /out/sourcedata/freesurfer/sub-v1s11x0050165_ses-1/mri
mris_place_surface --thickness ../surf/lh.white ../surf/lh.pial 20 5 ../surf/lh.thickness
/out/sourcedata/freesurfer/sub-v1s11x0050165_ses-1/surf
mris_calc -o lh.area.mid lh.area add lh.area.pial
Saving result to 'lh.area.mid' (type = MRI_CURV_FILE)                       [ ok ]
mris_calc -o lh.area.mid lh.area.mid div 2
Saving result to 'lh.area.mid' (type = MRI_CURV_FILE)                       [ ok ]
mris_convert --volume sub-v1s11x0050165_ses-1 lh /out/sourcedata/freesurfer/sub-v1s11x0050165_ses-1/surf/lh.volume
masking with /out/sourcedata/freesurfer/sub-v1s11x0050165_ses-1/label/lh.cortex.label
Total face volume 276403
Total vertex volume 276179 (mask=0)
#@# sub-v1s11x0050165_ses-1 lh 276179
 
vertexvol Done

#-----------------------------------------
#@# Curvature Stats lh Thu Mar 12 13:10:57 CET 2026
/out/sourcedata/freesurfer/sub-v1s11x0050165_ses-1/surf

 mris_curvature_stats -m --writeCurvatureFiles -G -o ../stats/lh.curv.stats -F smoothwm sub-v1s11x0050165_ses-1 lh curv sulc 

             Toggling save flag on curvature files                       [ ok ]
                 Outputting results using filestem   [ ../stats/lh.curv.stats ]
             Toggling save flag on curvature files                       [ ok ]
                                   Setting surface [ sub-v1s11x0050165_ses-1/lh.smoothwm ]
                                Reading surface...                       [ ok ]
                                   Setting texture                     [ curv ]
                                Reading texture...                       [ ok ]
                                   Setting texture                     [ sulc ]
                                Reading texture...Gb_filter = 0
                       [ ok ]
      Calculating Discrete Principal Curvatures...
      Determining geometric order for vno faces... [####################] [ ok ]
                      Determining KH curvatures... [####################] [ ok ]
                    Determining k1k2 curvatures... [####################] [ ok ]
                                   deltaViolations                      [ 250 ]
Gb_filter = 0

WARN:    S lookup   min:                          -0.036943
WARN:    S explicit min:                          0.000000	vertex = 17
#-----------------------------------------
#@# Cortical Parc 2 lh Thu Mar 12 13:10:59 CET 2026
/out/sourcedata/freesurfer/sub-v1s11x0050165_ses-1/scripts

 mris_ca_label -l ../label/lh.cortex.label -aseg ../mri/aseg.presurf.mgz -seed 1234 sub-v1s11x0050165_ses-1 lh ../surf/lh.sphere.reg /opt/freesurfer/average/lh.CDaparc.atlas.acfb40.noaparc.i12.2016-08-02.gcs ../label/lh.aparc.a2009s.annot 

setting seed for random number generator to 1234
using ../mri/aseg.presurf.mgz aseg volume to correct midline
7.3.2
  7.3.2
reading atlas from /opt/freesurfer/average/lh.CDaparc.atlas.acfb40.noaparc.i12.2016-08-02.gcs...
reading color table from GCSA file....
average std = 3.0   using min determinant for regularization = 0.088
0 singular and 0 ill-conditioned covariance matrices regularized
input 0: MEAN CURVATURE, flags 0, avgs 5, name mean_curvature
labeling surface...
52 labels changed using aseg
relabeling using gibbs priors...
000:   8750 changed, 126185 examined...
001:   1889 changed, 33929 examined...
002:    549 changed, 10232 examined...
003:    220 changed, 3168 examined...
004:    117 changed, 1319 examined...
005:     51 changed, 708 examined...
006:     21 changed, 283 examined...
007:     12 changed, 109 examined...
008:      5 changed, 74 examined...
009:      5 changed, 30 examined...
010:      2 changed, 31 examined...
011:      2 changed, 12 examined...
012:      1 changed, 11 examined...
013:      1 changed, 8 examined...
014:      1 changed, 7 examined...
015:      2 changed, 7 examined...
016:      2 changed, 11 examined...
017:      1 changed, 9 examined...
018:      2 changed, 8 examined...
019:      4 changed, 11 examined...
020:      0 changed, 14 examined...
30 labels changed using aseg
000: 228 total segments, 140 labels (1908 vertices) changed
001: 102 total segments, 15 labels (32 vertices) changed
002: 87 total segments, 0 labels (0 vertices) changed
10 filter iterations complete (10 requested, 48 changed)
rationalizing unknown annotations with cortex label
relabeling Medial_wall label...
1043 vertices marked for relabeling...
1043 labels changed in reclassification.
writing output to ../label/lh.aparc.a2009s.annot...
classification took 0 minutes and 13 seconds.
#-----------------------------------------
#@# Cortical Parc 3 lh Thu Mar 12 13:11:12 CET 2026
/out/sourcedata/freesurfer/sub-v1s11x0050165_ses-1/scripts

 mris_ca_label -l ../label/lh.cortex.label -aseg ../mri/aseg.presurf.mgz -seed 1234 sub-v1s11x0050165_ses-1 lh ../surf/lh.sphere.reg /opt/freesurfer/average/lh.DKTaparc.atlas.acfb40.noaparc.i12.2016-08-02.gcs ../label/lh.aparc.DKTatlas.annot 

setting seed for random number generator to 1234
using ../mri/aseg.presurf.mgz aseg volume to correct midline
7.3.2
  7.3.2
reading atlas from /opt/freesurfer/average/lh.DKTaparc.atlas.acfb40.noaparc.i12.2016-08-02.gcs...
reading color table from GCSA file....
average std = 1.4   using min determinant for regularization = 0.020
0 singular and 383 ill-conditioned covariance matrices regularized
input 0: MEAN CURVATURE, flags 0, avgs 5, name mean_curvature
labeling surface...
1602 labels changed using aseg
relabeling using gibbs priors...
000:   1883 changed, 126185 examined...
001:    422 changed, 8872 examined...
002:     99 changed, 2408 examined...
003:     40 changed, 609 examined...
004:     19 changed, 228 examined...
005:     10 changed, 107 examined...
006:      5 changed, 50 examined...
007:      2 changed, 32 examined...
008:      0 changed, 15 examined...
190 labels changed using aseg
000: 50 total segments, 17 labels (136 vertices) changed
001: 33 total segments, 0 labels (0 vertices) changed
9 filter iterations complete (10 requested, 0 changed)
rationalizing unknown annotations with cortex label
relabeling unknown label...
relabeling corpuscallosum label...
685 vertices marked for relabeling...
685 labels changed in reclassification.
writing output to ../label/lh.aparc.DKTatlas.annot...
classification took 0 minutes and 10 seconds.
#-----------------------------------------
#@# WM/GM Contrast lh Thu Mar 12 13:11:22 CET 2026
/out/sourcedata/freesurfer/sub-v1s11x0050165_ses-1/scripts

 pctsurfcon --s sub-v1s11x0050165_ses-1 --lh-only 

Log file is /out/sourcedata/freesurfer/sub-v1s11x0050165_ses-1/scripts/pctsurfcon.log
Thu Mar 12 13:11:22 CET 2026
setenv SUBJECTS_DIR /out/sourcedata/freesurfer
cd /out/sourcedata/freesurfer/sub-v1s11x0050165_ses-1/scripts
/opt/freesurfer/bin/pctsurfcon
pctsurfcon 7.3.2
Linux dna055 5.14.0-427.37.1.el9_4.x86_64 #1 SMP PREEMPT_DYNAMIC Fri Sep 13 12:41:50 EDT 2024 x86_64 x86_64 x86_64 GNU/Linux
FREESURFER_HOME /opt/freesurfer
mri_vol2surf --mov /out/sourcedata/freesurfer/sub-v1s11x0050165_ses-1/mri/rawavg.mgz --hemi lh --noreshape --interp trilinear --projdist -1 --o /out/sourcedata/freesurfer/sub-v1s11x0050165_ses-1/surf/tmp.pctsurfcon.1023548/lh.wm.mgh --regheader sub-v1s11x0050165_ses-1 --cortex
srcvol = /out/sourcedata/freesurfer/sub-v1s11x0050165_ses-1/mri/rawavg.mgz
srcreg unspecified
srcregold = 0
srcwarp unspecified
surf = white
hemi = lh
ProjDist = -1
reshape = 0
interp = trilinear
float2int = round
GetProjMax = 0
INFO: float2int code = 0
Done loading volume
Computing registration from header.
  Using /out/sourcedata/freesurfer/sub-v1s11x0050165_ses-1/mri/orig.mgz as target reference.
-------- original matrix -----------
-0.99648  -0.06096   0.05755   0.00002;
 0.05745   0.00351   0.99834  -0.00005;
 0.06106  -0.99813  -0.00000   0.00002;
 0.00000   0.00000   0.00000   1.00000;
-------- original matrix -----------
Loading label /out/sourcedata/freesurfer/sub-v1s11x0050165_ses-1/label/lh.cortex.label
Reading surface /out/sourcedata/freesurfer/sub-v1s11x0050165_ses-1/surf/lh.white
Done reading source surface
Mapping Source Volume onto Source Subject Surface
Projecting -1 -1 1
 1 -1 -1 -1
using old
Done mapping volume to surface
Number of source voxels hit = 72619
Masking with /out/sourcedata/freesurfer/sub-v1s11x0050165_ses-1/label/lh.cortex.label
Writing to /out/sourcedata/freesurfer/sub-v1s11x0050165_ses-1/surf/tmp.pctsurfcon.1023548/lh.wm.mgh
Dim: 126185 1 1
mri_vol2surf --mov /out/sourcedata/freesurfer/sub-v1s11x0050165_ses-1/mri/rawavg.mgz --hemi lh --noreshape --interp trilinear --o /out/sourcedata/freesurfer/sub-v1s11x0050165_ses-1/surf/tmp.pctsurfcon.1023548/lh.gm.mgh --projfrac 0.3 --regheader sub-v1s11x0050165_ses-1 --cortex
srcvol = /out/sourcedata/freesurfer/sub-v1s11x0050165_ses-1/mri/rawavg.mgz
srcreg unspecified
srcregold = 0
srcwarp unspecified
surf = white
hemi = lh
ProjFrac = 0.3
thickness = thickness
reshape = 0
interp = trilinear
float2int = round
GetProjMax = 0
INFO: float2int code = 0
Done loading volume
Computing registration from header.
  Using /out/sourcedata/freesurfer/sub-v1s11x0050165_ses-1/mri/orig.mgz as target reference.
-------- original matrix -----------
-0.99648  -0.06096   0.05755   0.00002;
 0.05745   0.00351   0.99834  -0.00005;
 0.06106  -0.99813  -0.00000   0.00002;
 0.00000   0.00000   0.00000   1.00000;
-------- original matrix -----------
Loading label /out/sourcedata/freesurfer/sub-v1s11x0050165_ses-1/label/lh.cortex.label
Reading surface /out/sourcedata/freesurfer/sub-v1s11x0050165_ses-1/surf/lh.white
Done reading source surface
Reading thickness /out/sourcedata/freesurfer/sub-v1s11x0050165_ses-1/surf/lh.thickness
Done
Mapping Source Volume onto Source Subject Surface
Projecting 0.3 0.3 1
 1 0.3 0.3 0.3
using old
Done mapping volume to surface
Number of source voxels hit = 82926
Masking with /out/sourcedata/freesurfer/sub-v1s11x0050165_ses-1/label/lh.cortex.label
Writing to /out/sourcedata/freesurfer/sub-v1s11x0050165_ses-1/surf/tmp.pctsurfcon.1023548/lh.gm.mgh
Dim: 126185 1 1
mri_concat /out/sourcedata/freesurfer/sub-v1s11x0050165_ses-1/surf/tmp.pctsurfcon.1023548/lh.wm.mgh /out/sourcedata/freesurfer/sub-v1s11x0050165_ses-1/surf/tmp.pctsurfcon.1023548/lh.gm.mgh --paired-diff-norm --mul 100 --o /out/sourcedata/freesurfer/sub-v1s11x0050165_ses-1/surf/lh.w-g.pct.mgh
ninputs = 2
Checking inputs
nframestot = 2
Allocing output
Done allocing
Combining pairs
nframes = 1
Multiplying by 100.000000
Writing to /out/sourcedata/freesurfer/sub-v1s11x0050165_ses-1/surf/lh.w-g.pct.mgh
mri_segstats --in /out/sourcedata/freesurfer/sub-v1s11x0050165_ses-1/surf/lh.w-g.pct.mgh --annot sub-v1s11x0050165_ses-1 lh aparc --sum /out/sourcedata/freesurfer/sub-v1s11x0050165_ses-1/stats/lh.w-g.pct.stats --snr

7.3.2
cwd 
cmdline mri_segstats --in /out/sourcedata/freesurfer/sub-v1s11x0050165_ses-1/surf/lh.w-g.pct.mgh --annot sub-v1s11x0050165_ses-1 lh aparc --sum /out/sourcedata/freesurfer/sub-v1s11x0050165_ses-1/stats/lh.w-g.pct.stats --snr 
sysname  Linux
hostname dna055
machine  x86_64
user     oesteban
whitesurfname  white
UseRobust  0
Constructing seg from annotation

Reading annotation /out/sourcedata/freesurfer/sub-v1s11x0050165_ses-1/label/lh.aparc.annot
Seg base 1000
Loading /out/sourcedata/freesurfer/sub-v1s11x0050165_ses-1/surf/lh.w-g.pct.mgh
Vertex Area is 0.718107 mm^3
Generating list of segmentation ids
Found  36 segmentations
Computing statistics for each segmentation

Reporting on  35 segmentations
Using PrintSegStat
mri_segstats done
Cleaning up

Started at Thu Mar 12 12:50:08 CET 2026 
Ended   at Thu Mar 12 13:11:24 CET 2026
#@#%# recon-all-run-time-hours 0.354
recon-all -s sub-v1s11x0050165_ses-1 finished without error at Thu Mar 12 13:11:24 CET 2026



#New# invocation of recon-all 




Thu Mar 12 13:38:23 CET 2026
cd /out/sourcedata/freesurfer/sub-v1s11x0050165_ses-1
setenv SUBJECTS_DIR /out/sourcedata/freesurfer
/opt/freesurfer/bin/recon-all -autorecon-hemi lh -nohyporelabel -lh-only -openmp 16 -subjid sub-v1s11x0050165_ses-1 -sd /out/sourcedata/freesurfer -notessellate -nosmooth1 -noinflate1 -noqsphere -nofix -nowhite -nosmooth2 -noinflate2 -nocurvHK -nocurvstats -nosphere -nosurfreg -nojacobian_white -noavgcurv -nocortparc -nopial -nocortparc2 -nocortparc3 -nopctsurfcon

subjid sub-v1s11x0050165_ses-1
setenv SUBJECTS_DIR /out/sourcedata/freesurfer
FREESURFER_HOME /opt/freesurfer
Actual FREESURFER_HOME /opt/freesurfer
build-stamp.txt: freesurfer-linux-ubuntu22_x86_64-7.3.2-20220804-6354275
Linux dna055 5.14.0-427.37.1.el9_4.x86_64 #1 SMP PREEMPT_DYNAMIC Fri Sep 13 12:41:50 EDT 2024 x86_64 x86_64 x86_64 GNU/Linux
cputime      unlimited
filesize     unlimited
datasize     unlimited
stacksize    8192 kbytes
coredumpsize 0 kbytes
memoryuse    67108864 kbytes
vmemoryuse   unlimited
descriptors  1024 
memorylocked unlimited
maxproc      2061970 
maxlocks     unlimited
maxsignal    2061970 
maxmessage   819200 
maxnice      0 
maxrtprio    0 
maxrttime    unlimited

               total        used        free      shared  buff/cache   available
Mem:           503Gi        55Gi       402Gi       7.0Gi        45Gi       438Gi
Swap:             0B          0B          0B

########################################
program versions used
7.3.2 (freesurfer-linux-ubuntu22_x86_64-7.3.2-20220804-6354275)
7.3.2

ProgramName: lta_convert  ProgramArguments: lta_convert -all-info  ProgramVersion: 7.3.2  TimeStamp: 2026/03/12-12:38:23-GMT  BuildTime: Aug  4 2022 06:17:15  BuildStamp: freesurfer-linux-ubuntu22_x86_64-7.3.2-20220804-6354275  User: oesteban  Machine: dna055  Platform: Linux  PlatformVersion: 5.14.0-427.37.1.el9_4.x86_64  CompilerName: GCC  CompilerVersion: 8.4.0
ProgramName: mri_and  ProgramArguments: mri_and -all-info  ProgramVersion: 7.3.2  TimeStamp: 2026/03/12-12:38:23-GMT  BuildTime: Aug  4 2022 06:17:15  BuildStamp: freesurfer-linux-ubuntu22_x86_64-7.3.2-20220804-6354275  User: oesteban  Machine: dna055  Platform: Linux  PlatformVersion: 5.14.0-427.37.1.el9_4.x86_64  CompilerName: GCC  CompilerVersion: 8.4.0
ProgramName: mri_annotation2label  ProgramArguments: mri_annotation2label -all-info  ProgramVersion: 7.3.2  TimeStamp: 2026/03/12-12:38:23-GMT  BuildTime: Aug  4 2022 06:17:15  BuildStamp: freesurfer-linux-ubuntu22_x86_64-7.3.2-20220804-6354275  User: oesteban  Machine: dna055  Platform: Linux  PlatformVersion: 5.14.0-427.37.1.el9_4.x86_64  CompilerName: GCC  CompilerVersion: 8.4.0
ProgramName: mri_aparc2aseg  ProgramArguments: mri_aparc2aseg -all-info  ProgramVersion: 7.3.2  TimeStamp: 2026/03/12-12:38:23-GMT  BuildTime: Aug  4 2022 06:17:15  BuildStamp: freesurfer-linux-ubuntu22_x86_64-7.3.2-20220804-6354275  User: oesteban  Machine: dna055  Platform: Linux  PlatformVersion: 5.14.0-427.37.1.el9_4.x86_64  CompilerName: GCC  CompilerVersion: 8.4.0
ProgramName: mri_surf2volseg  ProgramArguments: mri_surf2volseg -all-info  ProgramVersion: 7.3.2  TimeStamp: 2026/03/12-12:38:23-GMT  BuildTime: Aug  4 2022 06:17:15  BuildStamp: freesurfer-linux-ubuntu22_x86_64-7.3.2-20220804-6354275  User: oesteban  Machine: dna055  Platform: Linux  PlatformVersion: 5.14.0-427.37.1.el9_4.x86_64  CompilerName: GCC  CompilerVersion: 8.4.0
ProgramName: mri_binarize  ProgramArguments: mri_binarize -all-info  ProgramVersion: 7.3.2  TimeStamp: 2026/03/12-12:38:23-GMT  BuildTime: Aug  4 2022 06:17:15  BuildStamp: freesurfer-linux-ubuntu22_x86_64-7.3.2-20220804-6354275  User: oesteban  Machine: dna055  Platform: Linux  PlatformVersion: 5.14.0-427.37.1.el9_4.x86_64  CompilerName: GCC  CompilerVersion: 8.4.0
ProgramName: mri_ca_label  ProgramArguments: mri_ca_label -all-info  ProgramVersion: 7.3.2  TimeStamp: 2026/03/12-12:38:23-GMT  BuildTime: Aug  4 2022 06:17:15  BuildStamp: freesurfer-linux-ubuntu22_x86_64-7.3.2-20220804-6354275  User: oesteban  Machine: dna055  Platform: Linux  PlatformVersion: 5.14.0-427.37.1.el9_4.x86_64  CompilerName: GCC  CompilerVersion: 8.4.0
ProgramName: mri_ca_normalize  ProgramArguments: mri_ca_normalize -all-info  ProgramVersion: 7.3.2  TimeStamp: 2026/03/12-12:38:23-GMT  BuildTime: Aug  4 2022 06:17:15  BuildStamp: freesurfer-linux-ubuntu22_x86_64-7.3.2-20220804-6354275  User: oesteban  Machine: dna055  Platform: Linux  PlatformVersion: 5.14.0-427.37.1.el9_4.x86_64  CompilerName: GCC  CompilerVersion: 8.4.0
ProgramName: mri_ca_register  ProgramArguments: mri_ca_register -all-info  ProgramVersion: 7.3.2  TimeStamp: 2026/03/12-12:38:23-GMT  BuildTime: Aug  4 2022 06:17:15  BuildStamp: freesurfer-linux-ubuntu22_x86_64-7.3.2-20220804-6354275  User: oesteban  Machine: dna055  Platform: Linux  PlatformVersion: 5.14.0-427.37.1.el9_4.x86_64  CompilerName: GCC  CompilerVersion: 8.4.0
ProgramName: mri_cc  ProgramArguments: mri_cc -all-info  ProgramVersion: 7.3.2  TimeStamp: 2026/03/12-12:38:23-GMT  BuildTime: Aug  4 2022 06:17:15  BuildStamp: freesurfer-linux-ubuntu22_x86_64-7.3.2-20220804-6354275  User: oesteban  Machine: dna055  Platform: Linux  PlatformVersion: 5.14.0-427.37.1.el9_4.x86_64  CompilerName: GCC  CompilerVersion: 8.4.0
ProgramName: mri_compute_overlap  ProgramArguments: mri_compute_overlap -all-info  ProgramVersion: 7.3.2  TimeStamp: 2026/03/12-12:38:23-GMT  BuildTime: Aug  4 2022 06:17:15  BuildStamp: freesurfer-linux-ubuntu22_x86_64-7.3.2-20220804-6354275  User: oesteban  Machine: dna055  Platform: Linux  PlatformVersion: 5.14.0-427.37.1.el9_4.x86_64  CompilerName: GCC  CompilerVersion: 8.4.0
ProgramName: mri_compute_seg_overlap  ProgramArguments: mri_compute_seg_overlap -all-info  ProgramVersion: 7.3.2  TimeStamp: 2026/03/12-12:38:23-GMT  BuildTime: Aug  4 2022 06:17:15  BuildStamp: freesurfer-linux-ubuntu22_x86_64-7.3.2-20220804-6354275  User: oesteban  Machine: dna055  Platform: Linux  PlatformVersion: 5.14.0-427.37.1.el9_4.x86_64  CompilerName: GCC  CompilerVersion: 8.4.0
ProgramName: mri_concat  ProgramArguments: mri_concat -all-info  ProgramVersion: 7.3.2  TimeStamp: 2026/03/12-12:38:23-GMT  BuildTime: Aug  4 2022 06:17:15  BuildStamp: freesurfer-linux-ubuntu22_x86_64-7.3.2-20220804-6354275  User: oesteban  Machine: dna055  Platform: Linux  PlatformVersion: 5.14.0-427.37.1.el9_4.x86_64  CompilerName: GCC  CompilerVersion: 8.4.0
ProgramName: mri_concatenate_lta  ProgramArguments: mri_concatenate_lta -all-info  ProgramVersion: 7.3.2  TimeStamp: 2026/03/12-12:38:23-GMT  BuildTime: Aug  4 2022 06:17:15  BuildStamp: freesurfer-linux-ubuntu22_x86_64-7.3.2-20220804-6354275  User: oesteban  Machine: dna055  Platform: Linux  PlatformVersion: 5.14.0-427.37.1.el9_4.x86_64  CompilerName: GCC  CompilerVersion: 8.4.0
mri_convert -all-info 
ProgramName: mri_convert  ProgramArguments: mri_convert -all-info  ProgramVersion: 7.3.2  TimeStamp: 2026/03/12-12:38:23-GMT  BuildTime: Aug  4 2022 06:17:15  BuildStamp: freesurfer-linux-ubuntu22_x86_64-7.3.2-20220804-6354275  User: oesteban  Machine: dna055  Platform: Linux  PlatformVersion: 5.14.0-427.37.1.el9_4.x86_64  CompilerName: GCC  CompilerVersion: 8.4.0
ProgramName: mri_diff  ProgramArguments: mri_diff -all-info  ProgramVersion: 7.3.2  TimeStamp: 2026/03/12-12:38:23-GMT  BuildTime: Aug  4 2022 06:17:15  BuildStamp: freesurfer-linux-ubuntu22_x86_64-7.3.2-20220804-6354275  User: oesteban  Machine: dna055  Platform: Linux  PlatformVersion: 5.14.0-427.37.1.el9_4.x86_64  CompilerName: GCC  CompilerVersion: 8.4.0
ProgramName: mri_edit_wm_with_aseg  ProgramArguments: mri_edit_wm_with_aseg -all-info  ProgramVersion: 7.3.2  TimeStamp: 2026/03/12-12:38:23-GMT  BuildTime: Aug  4 2022 06:17:15  BuildStamp: freesurfer-linux-ubuntu22_x86_64-7.3.2-20220804-6354275  User: oesteban  Machine: dna055  Platform: Linux  PlatformVersion: 5.14.0-427.37.1.el9_4.x86_64  CompilerName: GCC  CompilerVersion: 8.4.0
ProgramName: mri_em_register  ProgramArguments: mri_em_register -all-info  ProgramVersion: 7.3.2  TimeStamp: 2026/03/12-12:38:23-GMT  BuildTime: Aug  4 2022 06:17:15  BuildStamp: freesurfer-linux-ubuntu22_x86_64-7.3.2-20220804-6354275  User: oesteban  Machine: dna055  Platform: Linux  PlatformVersion: 5.14.0-427.37.1.el9_4.x86_64  CompilerName: GCC  CompilerVersion: 8.4.0
ProgramName: mri_fill  ProgramArguments: mri_fill -all-info  ProgramVersion: 7.3.2  TimeStamp: 2026/03/12-12:38:23-GMT  BuildTime: Aug  4 2022 06:17:15  BuildStamp: freesurfer-linux-ubuntu22_x86_64-7.3.2-20220804-6354275  User: oesteban  Machine: dna055  Platform: Linux  PlatformVersion: 5.14.0-427.37.1.el9_4.x86_64  CompilerName: GCC  CompilerVersion: 8.4.0
ProgramName: mri_fuse_segmentations  ProgramArguments: mri_fuse_segmentations -all-info  ProgramVersion: 7.3.2  TimeStamp: 2026/03/12-12:38:23-GMT  BuildTime: Aug  4 2022 06:17:15  BuildStamp: freesurfer-linux-ubuntu22_x86_64-7.3.2-20220804-6354275  User: oesteban  Machine: dna055  Platform: Linux  PlatformVersion: 5.14.0-427.37.1.el9_4.x86_64  CompilerName: GCC  CompilerVersion: 8.4.0
ProgramName: mri_fwhm  ProgramArguments: mri_fwhm -all-info  ProgramVersion: 7.3.2  TimeStamp: 2026/03/12-12:38:23-GMT  BuildTime: Aug  4 2022 06:17:15  BuildStamp: freesurfer-linux-ubuntu22_x86_64-7.3.2-20220804-6354275  User: oesteban  Machine: dna055  Platform: Linux  PlatformVersion: 5.14.0-427.37.1.el9_4.x86_64  CompilerName: GCC  CompilerVersion: 8.4.0
ProgramName: mri_gcut  ProgramArguments: mri_gcut -all-info  ProgramVersion: 7.3.2  TimeStamp: 2026/03/12-12:38:23-GMT  BuildTime: Aug  4 2022 06:17:15  BuildStamp: freesurfer-linux-ubuntu22_x86_64-7.3.2-20220804-6354275  User: oesteban  Machine: dna055  Platform: Linux  PlatformVersion: 5.14.0-427.37.1.el9_4.x86_64  CompilerName: GCC  CompilerVersion: 8.4.0
ProgramName: mri_info  ProgramArguments: mri_info -all-info  ProgramVersion: 7.3.2  TimeStamp: 2026/03/12-12:38:23-GMT  BuildTime: Aug  4 2022 06:17:15  BuildStamp: freesurfer-linux-ubuntu22_x86_64-7.3.2-20220804-6354275  User: oesteban  Machine: dna055  Platform: Linux  PlatformVersion: 5.14.0-427.37.1.el9_4.x86_64  CompilerName: GCC  CompilerVersion: 8.4.0
ProgramName: mri_label2label  ProgramArguments: mri_label2label -all-info  ProgramVersion: 7.3.2  TimeStamp: 2026/03/12-12:38:23-GMT  BuildTime: Aug  4 2022 06:17:15  BuildStamp: freesurfer-linux-ubuntu22_x86_64-7.3.2-20220804-6354275  User: oesteban  Machine: dna055  Platform: Linux  PlatformVersion: 5.14.0-427.37.1.el9_4.x86_64  CompilerName: GCC  CompilerVersion: 8.4.0
ProgramName: mri_label2vol  ProgramArguments: mri_label2vol -all-info  ProgramVersion: 7.3.2  TimeStamp: 2026/03/12-12:38:23-GMT  BuildTime: Aug  4 2022 06:17:15  BuildStamp: freesurfer-linux-ubuntu22_x86_64-7.3.2-20220804-6354275  User: oesteban  Machine: dna055  Platform: Linux  PlatformVersion: 5.14.0-427.37.1.el9_4.x86_64  CompilerName: GCC  CompilerVersion: 8.4.0
ProgramName: mri_log_likelihood  ProgramArguments: mri_log_likelihood -all-info  ProgramVersion: 7.3.2  TimeStamp: 2026/03/12-12:38:23-GMT  BuildTime: Aug  4 2022 06:17:15  BuildStamp: freesurfer-linux-ubuntu22_x86_64-7.3.2-20220804-6354275  User: oesteban  Machine: dna055  Platform: Linux  PlatformVersion: 5.14.0-427.37.1.el9_4.x86_64  CompilerName: GCC  CompilerVersion: 8.4.0
ProgramName: mri_mask  ProgramArguments: mri_mask -all-info  ProgramVersion: 7.3.2  TimeStamp: 2026/03/12-12:38:23-GMT  BuildTime: Aug  4 2022 06:17:15  BuildStamp: freesurfer-linux-ubuntu22_x86_64-7.3.2-20220804-6354275  User: oesteban  Machine: dna055  Platform: Linux  PlatformVersion: 5.14.0-427.37.1.el9_4.x86_64  CompilerName: GCC  CompilerVersion: 8.4.0
ProgramName: mri_matrix_multiply  ProgramArguments: mri_matrix_multiply -all-info  ProgramVersion: 7.3.2  TimeStamp: 2026/03/12-12:38:23-GMT  BuildTime: Aug  4 2022 06:17:15  BuildStamp: freesurfer-linux-ubuntu22_x86_64-7.3.2-20220804-6354275  User: oesteban  Machine: dna055  Platform: Linux  PlatformVersion: 5.14.0-427.37.1.el9_4.x86_64  CompilerName: GCC  CompilerVersion: 8.4.0
ProgramName: mri_normalize  ProgramArguments: mri_normalize -all-info  ProgramVersion: 7.3.2  TimeStamp: 2026/03/12-12:38:23-GMT  BuildTime: Aug  4 2022 06:17:15  BuildStamp: freesurfer-linux-ubuntu22_x86_64-7.3.2-20220804-6354275  User: oesteban  Machine: dna055  Platform: Linux  PlatformVersion: 5.14.0-427.37.1.el9_4.x86_64  CompilerName: GCC  CompilerVersion: 8.4.0
ProgramName: mri_normalize_tp2  ProgramArguments: mri_normalize_tp2 -all-info  ProgramVersion: 7.3.2  TimeStamp: 2026/03/12-12:38:23-GMT  BuildTime: Aug  4 2022 06:17:15  BuildStamp: freesurfer-linux-ubuntu22_x86_64-7.3.2-20220804-6354275  User: oesteban  Machine: dna055  Platform: Linux  PlatformVersion: 5.14.0-427.37.1.el9_4.x86_64  CompilerName: GCC  CompilerVersion: 8.4.0
ProgramName: mri_or  ProgramArguments: mri_or -all-info  ProgramVersion: 7.3.2  TimeStamp: 2026/03/12-12:38:23-GMT  BuildTime: Aug  4 2022 06:17:15  BuildStamp: freesurfer-linux-ubuntu22_x86_64-7.3.2-20220804-6354275  User: oesteban  Machine: dna055  Platform: Linux  PlatformVersion: 5.14.0-427.37.1.el9_4.x86_64  CompilerName: GCC  CompilerVersion: 8.4.0
ProgramName: mri_relabel_hypointensities  ProgramArguments: mri_relabel_hypointensities -all-info  ProgramVersion: 7.3.2  TimeStamp: 2026/03/12-12:38:23-GMT  BuildTime: Aug  4 2022 06:17:15  BuildStamp: freesurfer-linux-ubuntu22_x86_64-7.3.2-20220804-6354275  User: oesteban  Machine: dna055  Platform: Linux  PlatformVersion: 5.14.0-427.37.1.el9_4.x86_64  CompilerName: GCC  CompilerVersion: 8.4.0
ProgramName: mri_relabel_nonwm_hypos  ProgramArguments: mri_relabel_nonwm_hypos -all-info  ProgramVersion: 7.3.2  TimeStamp: 2026/03/12-12:38:23-GMT  BuildTime: Aug  4 2022 06:17:15  BuildStamp: freesurfer-linux-ubuntu22_x86_64-7.3.2-20220804-6354275  User: oesteban  Machine: dna055  Platform: Linux  PlatformVersion: 5.14.0-427.37.1.el9_4.x86_64  CompilerName: GCC  CompilerVersion: 8.4.0
ProgramName: mri_remove_neck  ProgramArguments: mri_remove_neck -all-info  ProgramVersion: 7.3.2  TimeStamp: 2026/03/12-12:38:23-GMT  BuildTime: Aug  4 2022 06:17:15  BuildStamp: freesurfer-linux-ubuntu22_x86_64-7.3.2-20220804-6354275  User: oesteban  Machine: dna055  Platform: Linux  PlatformVersion: 5.14.0-427.37.1.el9_4.x86_64  CompilerName: GCC  CompilerVersion: 8.4.0
7.3.2

ProgramName: mri_robust_register  ProgramArguments: mri_robust_register -all-info  ProgramVersion: 7.3.2  TimeStamp: 2026/03/12-12:38:23-GMT  BuildTime: Aug  4 2022 06:17:15  BuildStamp: freesurfer-linux-ubuntu22_x86_64-7.3.2-20220804-6354275  User: oesteban  Machine: dna055  Platform: Linux  PlatformVersion: 5.14.0-427.37.1.el9_4.x86_64  CompilerName: GCC  CompilerVersion: 8.4.0
7.3.2

ProgramName: mri_robust_template  ProgramArguments: mri_robust_template -all-info  ProgramVersion: 7.3.2  TimeStamp: 2026/03/12-12:38:23-GMT  BuildTime: Aug  4 2022 06:17:15  BuildStamp: freesurfer-linux-ubuntu22_x86_64-7.3.2-20220804-6354275  User: oesteban  Machine: dna055  Platform: Linux  PlatformVersion: 5.14.0-427.37.1.el9_4.x86_64  CompilerName: GCC  CompilerVersion: 8.4.0
ProgramName: mris_anatomical_stats  ProgramArguments: mris_anatomical_stats -all-info  ProgramVersion: 7.3.2  TimeStamp: 2026/03/12-12:38:23-GMT  BuildTime: Aug  4 2022 06:17:15  BuildStamp: freesurfer-linux-ubuntu22_x86_64-7.3.2-20220804-6354275  User: oesteban  Machine: dna055  Platform: Linux  PlatformVersion: 5.14.0-427.37.1.el9_4.x86_64  CompilerName: GCC  CompilerVersion: 8.4.0
ProgramName: mris_ca_label  ProgramArguments: mris_ca_label -all-info  ProgramVersion: 7.3.2  TimeStamp: 2026/03/12-12:38:23-GMT  BuildTime: Aug  4 2022 06:17:15  BuildStamp: freesurfer-linux-ubuntu22_x86_64-7.3.2-20220804-6354275  User: oesteban  Machine: dna055  Platform: Linux  PlatformVersion: 5.14.0-427.37.1.el9_4.x86_64  CompilerName: GCC  CompilerVersion: 8.4.0
ProgramName: mris_calc  ProgramArguments: mris_calc -all-info  ProgramVersion: 7.3.2  TimeStamp: 2026/03/12-12:38:23-GMT  BuildTime: Aug  4 2022 06:17:15  BuildStamp: freesurfer-linux-ubuntu22_x86_64-7.3.2-20220804-6354275  User: oesteban  Machine: dna055  Platform: Linux  PlatformVersion: 5.14.0-427.37.1.el9_4.x86_64  CompilerName: GCC  CompilerVersion: 8.4.0
ProgramName: mris_convert  ProgramArguments: mris_convert -all-info  ProgramVersion: 7.3.2  TimeStamp: 2026/03/12-12:38:23-GMT  BuildTime: Aug  4 2022 06:17:15  BuildStamp: freesurfer-linux-ubuntu22_x86_64-7.3.2-20220804-6354275  User: oesteban  Machine: dna055  Platform: Linux  PlatformVersion: 5.14.0-427.37.1.el9_4.x86_64  CompilerName: GCC  CompilerVersion: 8.4.0
ProgramName: mris_curvature  ProgramArguments: mris_curvature -all-info  ProgramVersion: 7.3.2  TimeStamp: 2026/03/12-12:38:23-GMT  BuildTime: Aug  4 2022 06:17:15  BuildStamp: freesurfer-linux-ubuntu22_x86_64-7.3.2-20220804-6354275  User: oesteban  Machine: dna055  Platform: Linux  PlatformVersion: 5.14.0-427.37.1.el9_4.x86_64  CompilerName: GCC  CompilerVersion: 8.4.0
ProgramName: mris_curvature_stats  ProgramArguments: mris_curvature_stats -all-info  ProgramVersion: 7.3.2  TimeStamp: 2026/03/12-12:38:23-GMT  BuildTime: Aug  4 2022 06:17:15  BuildStamp: freesurfer-linux-ubuntu22_x86_64-7.3.2-20220804-6354275  User: oesteban  Machine: dna055  Platform: Linux  PlatformVersion: 5.14.0-427.37.1.el9_4.x86_64  CompilerName: GCC  CompilerVersion: 8.4.0
ProgramName: mris_diff  ProgramArguments: mris_diff -all-info  ProgramVersion: 7.3.2  TimeStamp: 2026/03/12-12:38:23-GMT  BuildTime: Aug  4 2022 06:17:15  BuildStamp: freesurfer-linux-ubuntu22_x86_64-7.3.2-20220804-6354275  User: oesteban  Machine: dna055  Platform: Linux  PlatformVersion: 5.14.0-427.37.1.el9_4.x86_64  CompilerName: GCC  CompilerVersion: 8.4.0
ProgramName: mris_divide_parcellation  ProgramArguments: mris_divide_parcellation -all-info  ProgramVersion: 7.3.2  TimeStamp: 2026/03/12-12:38:23-GMT  BuildTime: Aug  4 2022 06:17:15  BuildStamp: freesurfer-linux-ubuntu22_x86_64-7.3.2-20220804-6354275  User: oesteban  Machine: dna055  Platform: Linux  PlatformVersion: 5.14.0-427.37.1.el9_4.x86_64  CompilerName: GCC  CompilerVersion: 8.4.0
ProgramName: mri_segment  ProgramArguments: mri_segment -all-info  ProgramVersion: 7.3.2  TimeStamp: 2026/03/12-12:38:23-GMT  BuildTime: Aug  4 2022 06:17:15  BuildStamp: freesurfer-linux-ubuntu22_x86_64-7.3.2-20220804-6354275  User: oesteban  Machine: dna055  Platform: Linux  PlatformVersion: 5.14.0-427.37.1.el9_4.x86_64  CompilerName: GCC  CompilerVersion: 8.4.0
ProgramName: mri_segstats  ProgramArguments: mri_segstats -all-info  ProgramVersion: 7.3.2  TimeStamp: 2026/03/12-12:38:23-GMT  BuildTime: Aug  4 2022 06:17:15  BuildStamp: freesurfer-linux-ubuntu22_x86_64-7.3.2-20220804-6354275  User: oesteban  Machine: dna055  Platform: Linux  PlatformVersion: 5.14.0-427.37.1.el9_4.x86_64  CompilerName: GCC  CompilerVersion: 8.4.0
ProgramName: mris_euler_number  ProgramArguments: mris_euler_number -all-info  ProgramVersion: 7.3.2  TimeStamp: 2026/03/12-12:38:23-GMT  BuildTime: Aug  4 2022 06:17:15  BuildStamp: freesurfer-linux-ubuntu22_x86_64-7.3.2-20220804-6354275  User: oesteban  Machine: dna055  Platform: Linux  PlatformVersion: 5.14.0-427.37.1.el9_4.x86_64  CompilerName: GCC  CompilerVersion: 8.4.0
ProgramName: mris_fix_topology  ProgramArguments: mris_fix_topology -all-info  ProgramVersion: 7.3.2  TimeStamp: 2026/03/12-12:38:23-GMT  BuildTime: Aug  4 2022 06:17:15  BuildStamp: freesurfer-linux-ubuntu22_x86_64-7.3.2-20220804-6354275  User: oesteban  Machine: dna055  Platform: Linux  PlatformVersion: 5.14.0-427.37.1.el9_4.x86_64  CompilerName: GCC  CompilerVersion: 8.4.0
ProgramName: mris_topo_fixer  ProgramArguments: mris_topo_fixer -all-info  ProgramVersion: 7.3.2  TimeStamp: 2026/03/12-12:38:23-GMT  BuildTime: Aug  4 2022 06:17:15  BuildStamp: freesurfer-linux-ubuntu22_x86_64-7.3.2-20220804-6354275  User: oesteban  Machine: dna055  Platform: Linux  PlatformVersion: 5.14.0-427.37.1.el9_4.x86_64  CompilerName: GCC  CompilerVersion: 8.4.0
ProgramName: mris_jacobian  ProgramArguments: mris_jacobian -all-info  ProgramVersion: 7.3.2  TimeStamp: 2026/03/12-12:38:23-GMT  BuildTime: Aug  4 2022 06:17:15  BuildStamp: freesurfer-linux-ubuntu22_x86_64-7.3.2-20220804-6354275  User: oesteban  Machine: dna055  Platform: Linux  PlatformVersion: 5.14.0-427.37.1.el9_4.x86_64  CompilerName: GCC  CompilerVersion: 8.4.0
ProgramName: mris_label2annot  ProgramArguments: mris_label2annot -all-info  ProgramVersion: 7.3.2  TimeStamp: 2026/03/12-12:38:23-GMT  BuildTime: Aug  4 2022 06:17:15  BuildStamp: freesurfer-linux-ubuntu22_x86_64-7.3.2-20220804-6354275  User: oesteban  Machine: dna055  Platform: Linux  PlatformVersion: 5.14.0-427.37.1.el9_4.x86_64  CompilerName: GCC  CompilerVersion: 8.4.0
ProgramName: mris_left_right_register  ProgramArguments: mris_left_right_register -all-info  ProgramVersion: 7.3.2  TimeStamp: 2026/03/12-12:38:23-GMT  BuildTime: Aug  4 2022 06:17:15  BuildStamp: freesurfer-linux-ubuntu22_x86_64-7.3.2-20220804-6354275  User: oesteban  Machine: dna055  Platform: Linux  PlatformVersion: 5.14.0-427.37.1.el9_4.x86_64  CompilerName: GCC  CompilerVersion: 8.4.0
ProgramName: mris_place_surface  ProgramArguments: mris_place_surface -all-info  ProgramVersion: 7.3.2  TimeStamp: 2026/03/12-12:38:23-GMT  BuildTime: Aug  4 2022 06:17:15  BuildStamp: freesurfer-linux-ubuntu22_x86_64-7.3.2-20220804-6354275  User: oesteban  Machine: dna055  Platform: Linux  PlatformVersion: 5.14.0-427.37.1.el9_4.x86_64  CompilerName: GCC  CompilerVersion: 8.4.0
ProgramName: mrisp_paint  ProgramArguments: mrisp_paint -all-info  ProgramVersion: 7.3.2  TimeStamp: 2026/03/12-12:38:23-GMT  BuildTime: Aug  4 2022 06:17:15  BuildStamp: freesurfer-linux-ubuntu22_x86_64-7.3.2-20220804-6354275  User: oesteban  Machine: dna055  Platform: Linux  PlatformVersion: 5.14.0-427.37.1.el9_4.x86_64  CompilerName: GCC  CompilerVersion: 8.4.0
ProgramName: mris_register  ProgramArguments: mris_register -all-info  ProgramVersion: 7.3.2  TimeStamp: 2026/03/12-12:38:23-GMT  BuildTime: Aug  4 2022 06:17:15  BuildStamp: freesurfer-linux-ubuntu22_x86_64-7.3.2-20220804-6354275  User: oesteban  Machine: dna055  Platform: Linux  PlatformVersion: 5.14.0-427.37.1.el9_4.x86_64  CompilerName: GCC  CompilerVersion: 8.4.0
ProgramName: mris_smooth  ProgramArguments: mris_smooth -all-info  ProgramVersion: 7.3.2  TimeStamp: 2026/03/12-12:38:23-GMT  BuildTime: Aug  4 2022 06:17:15  BuildStamp: freesurfer-linux-ubuntu22_x86_64-7.3.2-20220804-6354275  User: oesteban  Machine: dna055  Platform: Linux  PlatformVersion: 5.14.0-427.37.1.el9_4.x86_64  CompilerName: GCC  CompilerVersion: 8.4.0
ProgramName: mris_sphere  ProgramArguments: mris_sphere -all-info  ProgramVersion: 7.3.2  TimeStamp: 2026/03/12-12:38:23-GMT  BuildTime: Aug  4 2022 06:17:15  BuildStamp: freesurfer-linux-ubuntu22_x86_64-7.3.2-20220804-6354275  User: oesteban  Machine: dna055  Platform: Linux  PlatformVersion: 5.14.0-427.37.1.el9_4.x86_64  CompilerName: GCC  CompilerVersion: 8.4.0
ProgramName: mris_surface_stats  ProgramArguments: mris_surface_stats -all-info  ProgramVersion: 7.3.2  TimeStamp: 2026/03/12-12:38:23-GMT  BuildTime: Aug  4 2022 06:17:15  BuildStamp: freesurfer-linux-ubuntu22_x86_64-7.3.2-20220804-6354275  User: oesteban  Machine: dna055  Platform: Linux  PlatformVersion: 5.14.0-427.37.1.el9_4.x86_64  CompilerName: GCC  CompilerVersion: 8.4.0
ProgramName: mri_stats2seg  ProgramArguments: mri_stats2seg -all-info  ProgramVersion: 7.3.2  TimeStamp: 2026/03/12-12:38:23-GMT  BuildTime: Aug  4 2022 06:17:15  BuildStamp: freesurfer-linux-ubuntu22_x86_64-7.3.2-20220804-6354275  User: oesteban  Machine: dna055  Platform: Linux  PlatformVersion: 5.14.0-427.37.1.el9_4.x86_64  CompilerName: GCC  CompilerVersion: 8.4.0
ProgramName: mris_thickness  ProgramArguments: mris_thickness -all-info  ProgramVersion: 7.3.2  TimeStamp: 2026/03/12-12:38:23-GMT  BuildTime: Aug  4 2022 06:17:15  BuildStamp: freesurfer-linux-ubuntu22_x86_64-7.3.2-20220804-6354275  User: oesteban  Machine: dna055  Platform: Linux  PlatformVersion: 5.14.0-427.37.1.el9_4.x86_64  CompilerName: GCC  CompilerVersion: 8.4.0
ProgramName: mris_thickness_diff  ProgramArguments: mris_thickness_diff -all-info  ProgramVersion: 7.3.2  TimeStamp: 2026/03/12-12:38:23-GMT  BuildTime: Aug  4 2022 06:17:15  BuildStamp: freesurfer-linux-ubuntu22_x86_64-7.3.2-20220804-6354275  User: oesteban  Machine: dna055  Platform: Linux  PlatformVersion: 5.14.0-427.37.1.el9_4.x86_64  CompilerName: GCC  CompilerVersion: 8.4.0
ProgramName: mris_topo_fixer  ProgramArguments: mris_topo_fixer -all-info  ProgramVersion: 7.3.2  TimeStamp: 2026/03/12-12:38:23-GMT  BuildTime: Aug  4 2022 06:17:15  BuildStamp: freesurfer-linux-ubuntu22_x86_64-7.3.2-20220804-6354275  User: oesteban  Machine: dna055  Platform: Linux  PlatformVersion: 5.14.0-427.37.1.el9_4.x86_64  CompilerName: GCC  CompilerVersion: 8.4.0
ProgramName: mri_surf2surf  ProgramArguments: mri_surf2surf -all-info  ProgramVersion: 7.3.2  TimeStamp: 2026/03/12-12:38:23-GMT  BuildTime: Aug  4 2022 06:17:15  BuildStamp: freesurfer-linux-ubuntu22_x86_64-7.3.2-20220804-6354275  User: oesteban  Machine: dna055  Platform: Linux  PlatformVersion: 5.14.0-427.37.1.el9_4.x86_64  CompilerName: GCC  CompilerVersion: 8.4.0
ProgramName: mri_surf2vol  ProgramArguments: mri_surf2vol -all-info  ProgramVersion: 7.3.2  TimeStamp: 2026/03/12-12:38:23-GMT  BuildTime: Aug  4 2022 06:17:15  BuildStamp: freesurfer-linux-ubuntu22_x86_64-7.3.2-20220804-6354275  User: oesteban  Machine: dna055  Platform: Linux  PlatformVersion: 5.14.0-427.37.1.el9_4.x86_64  CompilerName: GCC  CompilerVersion: 8.4.0
ProgramName: mri_surfcluster  ProgramArguments: mri_surfcluster -all-info  ProgramVersion: 7.3.2  TimeStamp: 2026/03/12-12:38:23-GMT  BuildTime: Aug  4 2022 06:17:15  BuildStamp: freesurfer-linux-ubuntu22_x86_64-7.3.2-20220804-6354275  User: oesteban  Machine: dna055  Platform: Linux  PlatformVersion: 5.14.0-427.37.1.el9_4.x86_64  CompilerName: GCC  CompilerVersion: 8.4.0
ProgramName: mris_volmask  ProgramArguments: mris_volmask -all-info  ProgramVersion: 7.3.2  TimeStamp: 2026/03/12-12:38:23-GMT  BuildTime: Aug  4 2022 06:17:15  BuildStamp: freesurfer-linux-ubuntu22_x86_64-7.3.2-20220804-6354275  User: oesteban  Machine: dna055  Platform: Linux  PlatformVersion: 5.14.0-427.37.1.el9_4.x86_64  CompilerName: GCC  CompilerVersion: 8.4.0
ProgramName: mri_tessellate  ProgramArguments: mri_tessellate -all-info  ProgramVersion: 7.3.2  TimeStamp: 2026/03/12-12:38:23-GMT  BuildTime: Aug  4 2022 06:17:15  BuildStamp: freesurfer-linux-ubuntu22_x86_64-7.3.2-20220804-6354275  User: oesteban  Machine: dna055  Platform: Linux  PlatformVersion: 5.14.0-427.37.1.el9_4.x86_64  CompilerName: GCC  CompilerVersion: 8.4.0
ProgramName: mri_vol2surf  ProgramArguments: mri_vol2surf -all-info  ProgramVersion: 7.3.2  TimeStamp: 2026/03/12-12:38:23-GMT  BuildTime: Aug  4 2022 06:17:15  BuildStamp: freesurfer-linux-ubuntu22_x86_64-7.3.2-20220804-6354275  User: oesteban  Machine: dna055  Platform: Linux  PlatformVersion: 5.14.0-427.37.1.el9_4.x86_64  CompilerName: GCC  CompilerVersion: 8.4.0
ProgramName: mri_vol2vol  ProgramArguments: mri_vol2vol -all-info  ProgramVersion: 7.3.2  TimeStamp: 2026/03/12-12:38:23-GMT  BuildTime: Aug  4 2022 06:17:15  BuildStamp: freesurfer-linux-ubuntu22_x86_64-7.3.2-20220804-6354275  User: oesteban  Machine: dna055  Platform: Linux  PlatformVersion: 5.14.0-427.37.1.el9_4.x86_64  CompilerName: GCC  CompilerVersion: 8.4.0
ProgramName: mri_voldiff  ProgramArguments: mri_voldiff -all-info  ProgramVersion: 7.3.2  TimeStamp: 2026/03/12-12:38:23-GMT  BuildTime: Aug  4 2022 06:17:15  BuildStamp: freesurfer-linux-ubuntu22_x86_64-7.3.2-20220804-6354275  User: oesteban  Machine: dna055  Platform: Linux  PlatformVersion: 5.14.0-427.37.1.el9_4.x86_64  CompilerName: GCC  CompilerVersion: 8.4.0
ProgramName: mri_watershed  ProgramArguments: mri_watershed -all-info  ProgramVersion: 7.3.2  TimeStamp: 2026/03/12-12:38:23-GMT  BuildTime: Aug  4 2022 06:17:15  BuildStamp: freesurfer-linux-ubuntu22_x86_64-7.3.2-20220804-6354275  User: oesteban  Machine: dna055  Platform: Linux  PlatformVersion: 5.14.0-427.37.1.el9_4.x86_64  CompilerName: GCC  CompilerVersion: 8.4.0
ProgramName: tkregister2  ProgramArguments: tkregister2_cmdl -all-info  ProgramVersion: 7.3.2  TimeStamp: 2026/03/12-12:38:23-GMT  BuildTime: Aug  4 2022 06:17:15  BuildStamp: freesurfer-linux-ubuntu22_x86_64-7.3.2-20220804-6354275  User: oesteban  Machine: dna055  Platform: Linux  PlatformVersion: 5.14.0-427.37.1.el9_4.x86_64  CompilerName: GCC  CompilerVersion: 8.4.0
mri_motion_correct.fsl 7.3.2
mri_convert -all-info 
ProgramName: mri_convert  ProgramArguments: mri_convert -all-info  ProgramVersion: 7.3.2  TimeStamp: 2026/03/12-12:38:23-GMT  BuildTime: Aug  4 2022 06:17:15  BuildStamp: freesurfer-linux-ubuntu22_x86_64-7.3.2-20220804-6354275  User: oesteban  Machine: dna055  Platform: Linux  PlatformVersion: 5.14.0-427.37.1.el9_4.x86_64  CompilerName: GCC  CompilerVersion: 8.4.0
Program nu_correct, built from:
Package MNI N3, version 1.12.0, compiled by nicks@terrier (x86_64-unknown-linux-gnu) on 2015-06-19 at 01:25:34
#######################################
GCADIR /opt/freesurfer/average
GCA RB_all_2020-01-02.gca
GCASkull RB_all_withskull_2020_01_02.gca
AvgCurvTif folding.atlas.acfb40.noaparc.i12.2016-08-02.tif
GCSDIR /opt/freesurfer/average
GCS DKaparc.atlas.acfb40.noaparc.i12.2016-08-02.gcs
#######################################
#--------------------------------------------
#@# AutoDetGWStats lh Thu Mar 12 13:38:23 CET 2026
cd /out/sourcedata/freesurfer/sub-v1s11x0050165_ses-1/mri
mris_autodet_gwstats --o ../surf/autodet.gw.stats.lh.dat --i brain.finalsurfs.mgz --wm wm.mgz --surf ../surf/lh.orig.premesh
  Update not needed
#--------------------------------------------
#@# WhitePreAparc lh Thu Mar 12 13:38:23 CET 2026
cd /out/sourcedata/freesurfer/sub-v1s11x0050165_ses-1/mri
mris_place_surface --adgws-in ../surf/autodet.gw.stats.lh.dat --wm wm.mgz --threads 16 --invol brain.finalsurfs.mgz --lh --i ../surf/lh.orig --o ../surf/lh.white.preaparc --white --seg aseg.presurf.mgz --nsmooth 5
   Update not needed
#--------------------------------------------
#@# CortexLabel lh Thu Mar 12 13:38:23 CET 2026
cd /out/sourcedata/freesurfer/sub-v1s11x0050165_ses-1/mri
mri_label2label --label-cortex ../surf/lh.white.preaparc aseg.presurf.mgz 0 ../label/lh.cortex.label
   Update not needed
#--------------------------------------------
#@# CortexLabel+HipAmyg lh Thu Mar 12 13:38:23 CET 2026
cd /out/sourcedata/freesurfer/sub-v1s11x0050165_ses-1/mri
mri_label2label --label-cortex ../surf/lh.white.preaparc aseg.presurf.mgz 1 ../label/lh.cortex+hipamyg.label
   Update not needed
#@# white curv lh Thu Mar 12 13:38:23 CET 2026
cd /out/sourcedata/freesurfer/sub-v1s11x0050165_ses-1/mri
mris_place_surface --curv-map ../surf/lh.white 2 10 ../surf/lh.curv
   Update not needed
#@# white area lh Thu Mar 12 13:38:23 CET 2026
cd /out/sourcedata/freesurfer/sub-v1s11x0050165_ses-1/mri
mris_place_surface --area-map ../surf/lh.white ../surf/lh.area
   Update not needed
#@# pial curv lh Thu Mar 12 13:38:23 CET 2026
cd /out/sourcedata/freesurfer/sub-v1s11x0050165_ses-1/mri
mris_place_surface --curv-map ../surf/lh.pial 2 10 ../surf/lh.curv.pial
   Update not needed
#@# pial area lh Thu Mar 12 13:38:23 CET 2026
cd /out/sourcedata/freesurfer/sub-v1s11x0050165_ses-1/mri
mris_place_surface --area-map ../surf/lh.pial ../surf/lh.area.pial
   Update not needed
#@# thickness lh Thu Mar 12 13:38:23 CET 2026
cd /out/sourcedata/freesurfer/sub-v1s11x0050165_ses-1/mri
mris_place_surface --thickness ../surf/lh.white ../surf/lh.pial 20 5 ../surf/lh.thickness
   Update not needed
#@# area and vertex vol lh Thu Mar 12 13:38:23 CET 2026
cd /out/sourcedata/freesurfer/sub-v1s11x0050165_ses-1/mri
mris_place_surface --thickness ../surf/lh.white ../surf/lh.pial 20 5 ../surf/lh.thickness
   Update not needed
#-----------------------------------------
#@# Parcellation Stats lh Thu Mar 12 13:38:23 CET 2026
/out/sourcedata/freesurfer/sub-v1s11x0050165_ses-1/scripts

 mris_anatomical_stats -th3 -mgz -noglobal -cortex ../label/lh.cortex.label -f ../stats/lh.aparc.stats -b -a ../label/lh.aparc.annot -c ../label/aparc.annot.ctab sub-v1s11x0050165_ses-1 lh white 

computing statistics for each annotation in ../label/lh.aparc.annot.
reading volume /out/sourcedata/freesurfer/sub-v1s11x0050165_ses-1/mri/wm.mgz...
reading input surface /out/sourcedata/freesurfer/sub-v1s11x0050165_ses-1/surf/lh.white...
reading input pial surface /out/sourcedata/freesurfer/sub-v1s11x0050165_ses-1/surf/lh.pial...
reading input white surface /out/sourcedata/freesurfer/sub-v1s11x0050165_ses-1/surf/lh.white...
INFO: using TH3 volume calc
INFO: assuming MGZ format for volumes.
INFO: not computing global stats
INFO: using ../label/lh.cortex.label as mask to calc cortex NumVert, SurfArea and MeanThickness.
Using TH3 vertex volume calc
Total face volume 276403
Total vertex volume 276179 (mask=0)
Saving annotation colortable ../label/aparc.annot.ctab

table columns are:
    number of vertices
    total surface area (mm^2)
    total gray matter volume (mm^3)
    average cortical thickness +- standard deviation (mm)
    integrated rectified mean curvature
    integrated rectified Gaussian curvature
    folding index
    intrinsic curvature index
    structure name

 1537   1075   3161  2.938 0.449     0.103     0.019       12     1.2  bankssts
  757    503   1767  2.925 0.615     0.120     0.014        9     0.5  caudalanteriorcingulate
 3244   2317   6956  2.587 0.619     0.108     0.017       30     2.2  caudalmiddlefrontal
 2083   1576   3470  2.148 0.586     0.162     0.035       32     3.1  cuneus
  711    452   2516  3.777 0.946     0.093     0.019        4     0.5  entorhinal
 4673   3325  13150  3.230 0.640     0.116     0.021       54     4.1  fusiform
 6230   4543  14534  2.850 0.524     0.118     0.021       80     5.5  inferiorparietal
 4068   3025  10975  3.080 0.697     0.116     0.023       54     3.9  inferiortemporal
 1414    996   3056  2.635 0.892     0.111     0.020       17     1.2  isthmuscingulate
 7495   5263  15013  2.507 0.726     0.139     0.033      107    10.6  lateraloccipital
 3925   2760   8982  3.016 0.797     0.108     0.020       34     3.3  lateralorbitofrontal
 3717   2694   6832  2.417 0.782     0.137     0.028       49     4.5  lingual
 2955   2160   6969  2.761 0.801     0.124     0.028       44     3.7  medialorbitofrontal
 3632   2726  10956  3.162 0.637     0.117     0.024       51     3.8  middletemporal
  887    567   2245  3.335 0.869     0.096     0.019        9     0.5  parahippocampal
 2158   1469   4459  2.802 0.553     0.097     0.015       15     1.5  paracentral
 2083   1529   5029  2.878 0.545     0.105     0.018       23     1.5  parsopercularis
  880    736   3095  3.111 0.669     0.162     0.033       15     1.3  parsorbitalis
 1500   1105   3873  2.816 0.691     0.107     0.018       12     1.3  parstriangularis
 1859   1448   1826  1.606 0.621     0.170     0.040       29     3.4  pericalcarine
 5934   4256  10687  2.215 0.708     0.107     0.018       56     4.8  postcentral
 1642   1142   3390  2.728 0.830     0.110     0.016       17     1.3  posteriorcingulate
 7044   4862  14554  2.690 0.586     0.105     0.017       54     4.9  precentral
 5381   3852  12914  2.948 0.624     0.120     0.022       57     4.8  precuneus
 1118    777   3068  3.368 0.799     0.118     0.027       11     1.5  rostralanteriorcingulate
 7686   5858  16844  2.482 0.606     0.127     0.027      104     9.3  rostralmiddlefrontal
 9758   7193  25937  3.089 0.629     0.122     0.023       98     9.5  superiorfrontal
 7518   5422  15275  2.546 0.508     0.122     0.022       89     7.1  superiorparietal
 5412   3841  14780  3.243 0.661     0.102     0.017       54     4.1  superiortemporal
 6518   4933  16014  2.789 0.610     0.126     0.023       87     6.5  supramarginal
  329    299   1498  3.305 0.803     0.183     0.056        8     1.0  frontalpole
  683    525   3445  4.215 0.693     0.129     0.023        9     0.7  temporalpole
  579    417   1183  2.922 0.708     0.145     0.023        9     0.5  transversetemporal
 3252   2236   7725  3.424 0.794     0.097     0.020       24     2.3  insula

 mris_anatomical_stats -th3 -mgz -noglobal -cortex ../label/lh.cortex.label -f ../stats/lh.aparc.pial.stats -b -a ../label/lh.aparc.annot -c ../label/aparc.annot.ctab sub-v1s11x0050165_ses-1 lh pial 

computing statistics for each annotation in ../label/lh.aparc.annot.
reading volume /out/sourcedata/freesurfer/sub-v1s11x0050165_ses-1/mri/wm.mgz...
reading input surface /out/sourcedata/freesurfer/sub-v1s11x0050165_ses-1/surf/lh.pial...
reading input pial surface /out/sourcedata/freesurfer/sub-v1s11x0050165_ses-1/surf/lh.pial...
reading input white surface /out/sourcedata/freesurfer/sub-v1s11x0050165_ses-1/surf/lh.white...
INFO: using TH3 volume calc
INFO: assuming MGZ format for volumes.
INFO: not computing global stats
INFO: using ../label/lh.cortex.label as mask to calc cortex NumVert, SurfArea and MeanThickness.
Using TH3 vertex volume calc
Total face volume 276403
Total vertex volume 276179 (mask=0)
Saving annotation colortable ../label/aparc.annot.ctab

table columns are:
    number of vertices
    total surface area (mm^2)
    total gray matter volume (mm^3)
    average cortical thickness +- standard deviation (mm)
    integrated rectified mean curvature
    integrated rectified Gaussian curvature
    folding index
    intrinsic curvature index
    structure name

 1537   1070   3161  2.938 0.449     0.130     0.038       25     2.0  bankssts
  757    663   1767  2.925 0.615     0.157     0.047       18     1.3  caudalanteriorcingulate
 3244   2882   6956  2.587 0.619     0.141     0.025       52     3.8  caudalmiddlefrontal
 2083   1841   3470  2.148 0.586     0.162     0.042       57     3.3  cuneus
  711    926   2516  3.777 0.946     0.329     0.081       36     2.9  entorhinal
 4673   4748  13150  3.230 0.640     0.161     0.036      192     7.3  fusiform
 6230   5627  14534  2.850 0.524     0.149     0.033     1351     8.0  inferiorparietal
 4068   3877  10975  3.080 0.697     0.150     0.032      140     6.0  inferiortemporal
 1414   1296   3056  2.635 0.892     0.170     0.053       47     3.0  isthmuscingulate
 7495   6689  15013  2.507 0.726     0.139     0.034     5246    10.0  lateraloccipital
 3925   3215   8982  3.016 0.797     0.134     0.033       76     5.8  lateralorbitofrontal
 3717   3254   6832  2.417 0.782     0.154     0.042       92     6.7  lingual
 2955   2912   6969  2.761 0.801     0.155     0.039       43     4.4  medialorbitofrontal
 3632   4015  10956  3.162 0.637     0.167     0.034      159     5.4  middletemporal
  887    806   2245  3.335 0.869     0.183     0.045       29     1.9  parahippocampal
 2158   1799   4459  2.802 0.553     0.133     0.035       46     2.8  paracentral
 2083   1953   5029  2.878 0.545     0.150     0.030       30     2.5  parsopercularis
  880   1250   3095  3.111 0.669     0.227     0.045       18     2.0  parsorbitalis
 1500   1547   3873  2.816 0.691     0.164     0.034       33     2.4  parstriangularis
 1859   1052   1826  1.606 0.621     0.139     0.051      104     3.0  pericalcarine
 5934   5393  10687  2.215 0.708     0.141     0.026       65     7.6  postcentral
 1642   1382   3390  2.728 0.830     0.161     0.042      424     2.4  posteriorcingulate
 7044   5705  14554  2.690 0.586     0.119     0.024      117     6.9  precentral
 5381   4670  12914  2.948 0.624     0.149     0.036      152     8.0  precuneus
 1118   1025   3068  3.368 0.799     0.155     0.037       36     1.7  rostralanteriorcingulate
 7686   7725  16844  2.482 0.606     0.167     0.034    56100    11.5  rostralmiddlefrontal
 9758   9311  25937  3.089 0.629     0.154     0.038      273    14.2  superiorfrontal
 7518   6579  15275  2.546 0.508     0.145     0.031      130    10.2  superiorparietal
 5412   5132  14780  3.243 0.661     0.145     0.032      170     7.2  superiortemporal
 6518   6299  16014  2.789 0.610     0.160     0.036      134     9.8  supramarginal
  329    583   1498  3.305 0.803     0.256     0.050        5     0.7  frontalpole
  683   1025   3445  4.215 0.693     0.197     0.037        7     1.2  temporalpole
  579    433   1183  2.922 0.708     0.124     0.032       11     0.8  transversetemporal
 3252   2203   7725  3.424 0.794     0.154     0.054      114     6.4  insula
#-----------------------------------------
#@# Parcellation Stats 2 lh Thu Mar 12 13:38:41 CET 2026
/out/sourcedata/freesurfer/sub-v1s11x0050165_ses-1/scripts

 mris_anatomical_stats -th3 -mgz -noglobal -cortex ../label/lh.cortex.label -f ../stats/lh.aparc.a2009s.stats -b -a ../label/lh.aparc.a2009s.annot -c ../label/aparc.annot.a2009s.ctab sub-v1s11x0050165_ses-1 lh white 

computing statistics for each annotation in ../label/lh.aparc.a2009s.annot.
reading volume /out/sourcedata/freesurfer/sub-v1s11x0050165_ses-1/mri/wm.mgz...
reading input surface /out/sourcedata/freesurfer/sub-v1s11x0050165_ses-1/surf/lh.white...
reading input pial surface /out/sourcedata/freesurfer/sub-v1s11x0050165_ses-1/surf/lh.pial...
reading input white surface /out/sourcedata/freesurfer/sub-v1s11x0050165_ses-1/surf/lh.white...
INFO: using TH3 volume calc
INFO: assuming MGZ format for volumes.
INFO: not computing global stats
INFO: using ../label/lh.cortex.label as mask to calc cortex NumVert, SurfArea and MeanThickness.
Using TH3 vertex volume calc
Total face volume 276403
Total vertex volume 276179 (mask=0)
Saving annotation colortable ../label/aparc.annot.a2009s.ctab

table columns are:
    number of vertices
    total surface area (mm^2)
    total gray matter volume (mm^3)
    average cortical thickness +- standard deviation (mm)
    integrated rectified mean curvature
    integrated rectified Gaussian curvature
    folding index
    intrinsic curvature index
    structure name

 1161    946   2574  2.348 0.654     0.138     0.031       16     1.6  G_and_S_frontomargin
 1384    989   3463  2.882 0.648     0.116     0.020       15     1.2  G_and_S_occipital_inf
 1614   1167   3554  2.508 0.551     0.114     0.025       17     1.7  G_and_S_paracentral
 1526   1138   4095  3.005 0.659     0.113     0.018       17     1.1  G_and_S_subcentral
  643    572   2418  2.930 0.835     0.189     0.051       16     1.6  G_and_S_transv_frontopol
 2314   1649   5543  3.085 0.651     0.108     0.021       21     2.3  G_and_S_cingul-Ant
 1203    812   2447  2.980 0.400     0.100     0.012        7     0.7  G_and_S_cingul-Mid-Ant
 1258    856   2707  3.251 0.556     0.102     0.018        8     1.0  G_and_S_cingul-Mid-Post
  604    465   2004  3.214 0.744     0.130     0.022        9     0.6  G_cingul-Post-dorsal
  257    190    695  2.929 0.704     0.121     0.023        4     0.2  G_cingul-Post-ventral
 1830   1470   3227  2.026 0.654     0.177     0.039       32     3.1  G_cuneus
 1111    879   3795  3.130 0.629     0.124     0.023       18     1.0  G_front_inf-Opercular
  347    290   1360  3.254 0.606     0.153     0.028        6     0.5  G_front_inf-Orbital
  835    674   3004  2.980 0.690     0.123     0.025       11     0.9  G_front_inf-Triangul
 4159   3306  11630  2.626 0.662     0.138     0.030       76     5.6  G_front_middle
 6750   5125  20931  3.225 0.588     0.135     0.027       87     7.7  G_front_sup
  609    441   1775  3.765 0.793     0.108     0.027        7     0.6  G_Ins_lg_and_S_cent_ins
  693    492   2579  3.985 0.661     0.104     0.025        8     0.6  G_insular_short
 2397   1862   7423  3.039 0.579     0.160     0.034       56     3.6  G_occipital_middle
 1338    927   2745  2.498 0.460     0.134     0.033       17     1.7  G_occipital_sup
 2077   1454   6398  3.359 0.594     0.122     0.023       30     2.1  G_oc-temp_lat-fusifor
 2502   1886   5114  2.345 0.884     0.163     0.036       44     3.9  G_oc-temp_med-Lingual
 1438    930   4793  3.589 0.891     0.107     0.024       17     1.2  G_oc-temp_med-Parahip
 2313   1788   7202  3.018 0.831     0.137     0.031       37     2.9  G_orbital
 2228   1779   7259  2.990 0.546     0.137     0.028       46     2.3  G_pariet_inf-Angular
 3314   2627   9759  2.939 0.603     0.141     0.027       59     4.0  G_pariet_inf-Supramar
 2554   1996   6802  2.624 0.605     0.136     0.025       41     2.7  G_parietal_sup
 2191   1649   4128  2.016 0.520     0.126     0.023       29     2.5  G_postcentral
 2522   1840   6863  2.847 0.494     0.120     0.021       29     2.2  G_precentral
 2617   1979   8792  3.277 0.635     0.134     0.027       36     3.0  G_precuneus
 1011    719   3093  2.864 0.909     0.125     0.030       14     1.2  G_rectus
  734    506   1487  2.936 1.052     0.139     0.048       12     1.6  G_subcallosal
  403    283    895  2.855 0.714     0.143     0.026        7     0.4  G_temp_sup-G_T_transv
 1820   1399   6884  3.484 0.633     0.140     0.028       32     2.1  G_temp_sup-Lateral
  720    492   2297  3.755 0.652     0.063     0.010        2     0.3  G_temp_sup-Plan_polar
  958    652   2154  2.953 0.596     0.079     0.011        5     0.4  G_temp_sup-Plan_tempo
 1733   1374   6227  3.219 0.805     0.136     0.031       37     2.1  G_temporal_inf
 1808   1506   7565  3.334 0.693     0.142     0.034       40     2.7  G_temporal_middle
  284    188    448  2.712 0.611     0.102     0.013        2     0.1  Lat_Fis-ant-Horizont
  294    195    422  2.557 0.341     0.074     0.009        1     0.1  Lat_Fis-ant-Vertical
 1004    670   1405  2.779 0.505     0.102     0.016        5     0.7  Lat_Fis-post
 2044   1347   2899  1.972 0.767     0.167     0.054       41     4.8  Pole_occipital
 1397   1147   6629  3.903 0.832     0.150     0.031       23     1.9  Pole_temporal
 2567   1858   3061  2.028 0.777     0.138     0.031       30     3.6  S_calcarine
 2816   1846   3158  1.972 0.468     0.087     0.014       12     1.7  S_central
 1213    790   1849  2.620 0.483     0.076     0.007        4     0.4  S_cingul-Marginalis
  517    337    806  3.023 0.467     0.073     0.007        1     0.2  S_circular_insula_ant
 1227    806   1908  3.070 0.767     0.076     0.008        4     0.4  S_circular_insula_inf
 1632   1078   2712  3.255 0.514     0.094     0.015        6     1.1  S_circular_insula_sup
 1400    917   2423  3.065 0.427     0.080     0.009        5     0.6  S_collat_transv_ant
  452    314    737  2.541 0.422     0.112     0.016        3     0.4  S_collat_transv_post
 2196   1454   3525  2.494 0.522     0.081     0.011        8     0.9  S_front_inf
 1375    980   2151  2.369 0.528     0.115     0.021       11     1.4  S_front_middle
 2528   1769   4252  2.496 0.510     0.099     0.015       15     1.5  S_front_sup
   86     70    192  2.480 0.929     0.107     0.017        1     0.0  S_interm_prim-Jensen
 3283   2230   5152  2.572 0.446     0.109     0.016       26     2.4  S_intrapariet_and_P_trans
 1174    834   1784  2.544 0.381     0.127     0.024        9     1.2  S_oc_middle_and_Lunatus
 1228    825   1844  2.539 0.467     0.094     0.015        7     0.8  S_oc_sup_and_transversal
  897    626   1420  2.417 0.496     0.099     0.012        5     0.5  S_occipital_ant
  645    493   1583  3.107 0.555     0.125     0.025        7     0.6  S_oc-temp_lat
 1583   1076   3002  2.904 0.563     0.098     0.016        9     0.9  S_oc-temp_med_and_Lingual
  309    224    494  2.461 0.586     0.127     0.023        2     0.4  S_orbital_lateral
  705    474    924  2.403 0.609     0.098     0.012        4     0.3  S_orbital_med-olfact
 1482   1058   3269  3.164 0.745     0.112     0.020       12     1.4  S_orbital-H_Shaped
 1785   1231   2924  2.579 0.515     0.119     0.020       16     1.5  S_parieto_occipital
 1121    702   1172  1.963 0.785     0.101     0.013       15     0.7  S_pericallosal
 3544   2459   5663  2.422 0.527     0.107     0.017       25     2.6  S_postcentral
 1588   1059   2667  2.626 0.610     0.090     0.012        8     0.9  S_precentral-inf-part
 1555   1038   2463  2.643 0.425     0.091     0.012        9     0.8  S_precentral-sup-part
  652    492   1231  2.667 0.692     0.127     0.017        6     0.6  S_suborbital
 1092    760   1868  2.810 0.434     0.114     0.021        9     0.9  S_subparietal
 1720   1150   2656  2.722 0.434     0.089     0.010        7     0.8  S_temporal_inf
 5987   4057  11151  2.856 0.504     0.093     0.015       41     4.1  S_temporal_sup
  304    221    650  3.375 0.608     0.117     0.012        2     0.2  S_temporal_transverse
#-----------------------------------------
#@# Parcellation Stats 3 lh Thu Mar 12 13:38:50 CET 2026
/out/sourcedata/freesurfer/sub-v1s11x0050165_ses-1/scripts

 mris_anatomical_stats -th3 -mgz -noglobal -cortex ../label/lh.cortex.label -f ../stats/lh.aparc.DKTatlas.stats -b -a ../label/lh.aparc.DKTatlas.annot -c ../label/aparc.annot.DKTatlas.ctab sub-v1s11x0050165_ses-1 lh white 

computing statistics for each annotation in ../label/lh.aparc.DKTatlas.annot.
reading volume /out/sourcedata/freesurfer/sub-v1s11x0050165_ses-1/mri/wm.mgz...
reading input surface /out/sourcedata/freesurfer/sub-v1s11x0050165_ses-1/surf/lh.white...
reading input pial surface /out/sourcedata/freesurfer/sub-v1s11x0050165_ses-1/surf/lh.pial...
reading input white surface /out/sourcedata/freesurfer/sub-v1s11x0050165_ses-1/surf/lh.white...
INFO: using TH3 volume calc
INFO: assuming MGZ format for volumes.
INFO: not computing global stats
INFO: using ../label/lh.cortex.label as mask to calc cortex NumVert, SurfArea and MeanThickness.
Using TH3 vertex volume calc
Total face volume 276403
Total vertex volume 276179 (mask=0)
Saving annotation colortable ../label/aparc.annot.DKTatlas.ctab

table columns are:
    number of vertices
    total surface area (mm^2)
    total gray matter volume (mm^3)
    average cortical thickness +- standard deviation (mm)
    integrated rectified mean curvature
    integrated rectified Gaussian curvature
    folding index
    intrinsic curvature index
    structure name

 1517   1001   3454  3.045 0.550     0.110     0.017       14     1.0  caudalanteriorcingulate
 3412   2453   7370  2.590 0.607     0.109     0.018       32     2.4  caudalmiddlefrontal
 2773   2046   4792  2.244 0.590     0.149     0.031       39     3.7  cuneus
  671    427   2332  3.719 0.921     0.096     0.020        4     0.5  entorhinal
 4321   3022  11734  3.201 0.601     0.112     0.020       48     3.5  fusiform
 6175   4533  14552  2.852 0.532     0.119     0.021       82     5.5  inferiorparietal
 4177   3153  12123  3.146 0.772     0.120     0.024       57     4.2  inferiortemporal
 1398    982   3033  2.658 0.878     0.111     0.019       16     1.2  isthmuscingulate
 7416   5214  14746  2.501 0.718     0.141     0.034      107    10.7  lateraloccipital
 4335   3154  10166  2.946 0.848     0.118     0.025       46     4.5  lateralorbitofrontal
 3780   2733   7001  2.417 0.791     0.137     0.028       49     4.5  lingual
 2543   1850   6213  2.746 0.827     0.125     0.027       35     3.0  medialorbitofrontal
 5073   3707  13681  3.084 0.603     0.114     0.023       64     5.0  middletemporal
  933    597   2278  3.294 0.878     0.095     0.019       10     0.5  parahippocampal
 2480   1714   5413  2.882 0.589     0.103     0.017       18     2.0  paracentral
 1883   1384   4495  2.899 0.569     0.107     0.019       22     1.4  parsopercularis
  886    670   2529  3.098 0.564     0.127     0.021       10     0.8  parsorbitalis
 1910   1399   4742  2.750 0.655     0.104     0.017       15     1.6  parstriangularis
 1854   1445   1803  1.600 0.619     0.171     0.040       29     3.5  pericalcarine
 6791   4893  12223  2.253 0.695     0.110     0.019       67     6.0  postcentral
 1812   1255   3652  2.770 0.839     0.111     0.017       19     1.5  posteriorcingulate
 7038   4845  14468  2.701 0.587     0.104     0.016       53     4.9  precentral
 5245   3797  13151  2.981 0.633     0.123     0.023       59     4.9  precuneus
 1629   1157   4312  3.281 0.762     0.117     0.027       20     2.2  rostralanteriorcingulate
 5655   4295  13090  2.562 0.638     0.128     0.027       76     6.9  rostralmiddlefrontal
10365   7800  27313  2.958 0.685     0.126     0.025      119    11.1  superiorfrontal
 6087   4372  12157  2.537 0.480     0.117     0.021       67     5.0  superiorparietal
 7176   5128  20503  3.290 0.712     0.104     0.018       69     5.6  superiortemporal
 6134   4640  15117  2.797 0.621     0.127     0.023       83     6.3  supramarginal
  583    417   1176  2.912 0.707     0.145     0.023        9     0.5  transversetemporal
 2610   1796   6562  3.495 0.771     0.091     0.017       19     1.5  insula
/out/sourcedata/freesurfer/sub-v1s11x0050165_ses-1/label
#--------------------------------------------
#@# BA_exvivo Labels lh Thu Mar 12 13:38:58 CET 2026

 mri_label2label --srcsubject fsaverage --srclabel /out/sourcedata/freesurfer/fsaverage/label/lh.BA1_exvivo.label --trgsubject sub-v1s11x0050165_ses-1 --trglabel ./lh.BA1_exvivo.label --hemi lh --regmethod surface 


srclabel = /out/sourcedata/freesurfer/fsaverage/label/lh.BA1_exvivo.label
srcsubject = fsaverage
trgsubject = sub-v1s11x0050165_ses-1
trglabel = ./lh.BA1_exvivo.label
regmethod = surface

srchemi = lh
trghemi = lh
trgsurface = white
srcsurfreg = sphere.reg
trgsurfreg = sphere.reg
usehash = 1
Use ProjAbs  = 0, 0
Use ProjFrac = 0, 0
DoPaint 0

SUBJECTS_DIR    /out/sourcedata/freesurfer
FREESURFER_HOME /opt/freesurfer
Loading source label.
Found 4129 points in source label.
Starting surface-based mapping
Reading source registration 
 /out/sourcedata/freesurfer/fsaverage/surf/lh.sphere.reg
Rescaling ...  original radius = 100
Reading target surface 
 /out/sourcedata/freesurfer/sub-v1s11x0050165_ses-1/surf/lh.white
Reading target registration 
 /out/sourcedata/freesurfer/sub-v1s11x0050165_ses-1/surf/lh.sphere.reg
Rescaling ...  original radius = 100
Building target registration hash (res=16).
Building source registration hash (res=16).
INFO: found  4129 nlabel points
Performing mapping from target back to the source label 126185
Number of reverse mapping hits = 80
Checking for and removing duplicates
Writing label file ./lh.BA1_exvivo.label 4209
mri_label2label: Done


 mri_label2label --srcsubject fsaverage --srclabel /out/sourcedata/freesurfer/fsaverage/label/lh.BA2_exvivo.label --trgsubject sub-v1s11x0050165_ses-1 --trglabel ./lh.BA2_exvivo.label --hemi lh --regmethod surface 


srclabel = /out/sourcedata/freesurfer/fsaverage/label/lh.BA2_exvivo.label
srcsubject = fsaverage
trgsubject = sub-v1s11x0050165_ses-1
trglabel = ./lh.BA2_exvivo.label
regmethod = surface

srchemi = lh
trghemi = lh
trgsurface = white
srcsurfreg = sphere.reg
trgsurfreg = sphere.reg
usehash = 1
Use ProjAbs  = 0, 0
Use ProjFrac = 0, 0
DoPaint 0

SUBJECTS_DIR    /out/sourcedata/freesurfer
FREESURFER_HOME /opt/freesurfer
Loading source label.
Found 7909 points in source label.
Starting surface-based mapping
Reading source registration 
 /out/sourcedata/freesurfer/fsaverage/surf/lh.sphere.reg
Rescaling ...  original radius = 100
Reading target surface 
 /out/sourcedata/freesurfer/sub-v1s11x0050165_ses-1/surf/lh.white
Reading target registration 
 /out/sourcedata/freesurfer/sub-v1s11x0050165_ses-1/surf/lh.sphere.reg
Rescaling ...  original radius = 100
Building target registration hash (res=16).
Building source registration hash (res=16).
INFO: found  7909 nlabel points
Performing mapping from target back to the source label 126185
Number of reverse mapping hits = 415
Checking for and removing duplicates
Writing label file ./lh.BA2_exvivo.label 8324
mri_label2label: Done


 mri_label2label --srcsubject fsaverage --srclabel /out/sourcedata/freesurfer/fsaverage/label/lh.BA3a_exvivo.label --trgsubject sub-v1s11x0050165_ses-1 --trglabel ./lh.BA3a_exvivo.label --hemi lh --regmethod surface 


srclabel = /out/sourcedata/freesurfer/fsaverage/label/lh.BA3a_exvivo.label
srcsubject = fsaverage
trgsubject = sub-v1s11x0050165_ses-1
trglabel = ./lh.BA3a_exvivo.label
regmethod = surface

srchemi = lh
trghemi = lh
trgsurface = white
srcsurfreg = sphere.reg
trgsurfreg = sphere.reg
usehash = 1
Use ProjAbs  = 0, 0
Use ProjFrac = 0, 0
DoPaint 0

SUBJECTS_DIR    /out/sourcedata/freesurfer
FREESURFER_HOME /opt/freesurfer
Loading source label.
Found 4077 points in source label.
Starting surface-based mapping
Reading source registration 
 /out/sourcedata/freesurfer/fsaverage/surf/lh.sphere.reg
Rescaling ...  original radius = 100
Reading target surface 
 /out/sourcedata/freesurfer/sub-v1s11x0050165_ses-1/surf/lh.white
Reading target registration 
 /out/sourcedata/freesurfer/sub-v1s11x0050165_ses-1/surf/lh.sphere.reg
Rescaling ...  original radius = 100
Building target registration hash (res=16).
Building source registration hash (res=16).
INFO: found  4077 nlabel points
Performing mapping from target back to the source label 126185
Number of reverse mapping hits = 28
Checking for and removing duplicates
Writing label file ./lh.BA3a_exvivo.label 4105
mri_label2label: Done


 mri_label2label --srcsubject fsaverage --srclabel /out/sourcedata/freesurfer/fsaverage/label/lh.BA3b_exvivo.label --trgsubject sub-v1s11x0050165_ses-1 --trglabel ./lh.BA3b_exvivo.label --hemi lh --regmethod surface 


srclabel = /out/sourcedata/freesurfer/fsaverage/label/lh.BA3b_exvivo.label
srcsubject = fsaverage
trgsubject = sub-v1s11x0050165_ses-1
trglabel = ./lh.BA3b_exvivo.label
regmethod = surface

srchemi = lh
trghemi = lh
trgsurface = white
srcsurfreg = sphere.reg
trgsurfreg = sphere.reg
usehash = 1
Use ProjAbs  = 0, 0
Use ProjFrac = 0, 0
DoPaint 0

SUBJECTS_DIR    /out/sourcedata/freesurfer
FREESURFER_HOME /opt/freesurfer
Loading source label.
Found 5983 points in source label.
Starting surface-based mapping
Reading source registration 
 /out/sourcedata/freesurfer/fsaverage/surf/lh.sphere.reg
Rescaling ...  original radius = 100
Reading target surface 
 /out/sourcedata/freesurfer/sub-v1s11x0050165_ses-1/surf/lh.white
Reading target registration 
 /out/sourcedata/freesurfer/sub-v1s11x0050165_ses-1/surf/lh.sphere.reg
Rescaling ...  original radius = 100
Building target registration hash (res=16).
Building source registration hash (res=16).
INFO: found  5983 nlabel points
Performing mapping from target back to the source label 126185
Number of reverse mapping hits = 122
Checking for and removing duplicates
Writing label file ./lh.BA3b_exvivo.label 6105
mri_label2label: Done


 mri_label2label --srcsubject fsaverage --srclabel /out/sourcedata/freesurfer/fsaverage/label/lh.BA4a_exvivo.label --trgsubject sub-v1s11x0050165_ses-1 --trglabel ./lh.BA4a_exvivo.label --hemi lh --regmethod surface 


srclabel = /out/sourcedata/freesurfer/fsaverage/label/lh.BA4a_exvivo.label
srcsubject = fsaverage
trgsubject = sub-v1s11x0050165_ses-1
trglabel = ./lh.BA4a_exvivo.label
regmethod = surface

srchemi = lh
trghemi = lh
trgsurface = white
srcsurfreg = sphere.reg
trgsurfreg = sphere.reg
usehash = 1
Use ProjAbs  = 0, 0
Use ProjFrac = 0, 0
DoPaint 0

SUBJECTS_DIR    /out/sourcedata/freesurfer
FREESURFER_HOME /opt/freesurfer
Loading source label.
Found 5784 points in source label.
Starting surface-based mapping
Reading source registration 
 /out/sourcedata/freesurfer/fsaverage/surf/lh.sphere.reg
Rescaling ...  original radius = 100
Reading target surface 
 /out/sourcedata/freesurfer/sub-v1s11x0050165_ses-1/surf/lh.white
Reading target registration 
 /out/sourcedata/freesurfer/sub-v1s11x0050165_ses-1/surf/lh.sphere.reg
Rescaling ...  original radius = 100
Building target registration hash (res=16).
Building source registration hash (res=16).
INFO: found  5784 nlabel points
Performing mapping from target back to the source label 126185
Number of reverse mapping hits = 103
Checking for and removing duplicates
Writing label file ./lh.BA4a_exvivo.label 5887
mri_label2label: Done


 mri_label2label --srcsubject fsaverage --srclabel /out/sourcedata/freesurfer/fsaverage/label/lh.BA4p_exvivo.label --trgsubject sub-v1s11x0050165_ses-1 --trglabel ./lh.BA4p_exvivo.label --hemi lh --regmethod surface 


srclabel = /out/sourcedata/freesurfer/fsaverage/label/lh.BA4p_exvivo.label
srcsubject = fsaverage
trgsubject = sub-v1s11x0050165_ses-1
trglabel = ./lh.BA4p_exvivo.label
regmethod = surface

srchemi = lh
trghemi = lh
trgsurface = white
srcsurfreg = sphere.reg
trgsurfreg = sphere.reg
usehash = 1
Use ProjAbs  = 0, 0
Use ProjFrac = 0, 0
DoPaint 0

SUBJECTS_DIR    /out/sourcedata/freesurfer
FREESURFER_HOME /opt/freesurfer
Loading source label.
Found 4070 points in source label.
Starting surface-based mapping
Reading source registration 
 /out/sourcedata/freesurfer/fsaverage/surf/lh.sphere.reg
Rescaling ...  original radius = 100
Reading target surface 
 /out/sourcedata/freesurfer/sub-v1s11x0050165_ses-1/surf/lh.white
Reading target registration 
 /out/sourcedata/freesurfer/sub-v1s11x0050165_ses-1/surf/lh.sphere.reg
Rescaling ...  original radius = 100
Building target registration hash (res=16).
Building source registration hash (res=16).
INFO: found  4070 nlabel points
Performing mapping from target back to the source label 126185
Number of reverse mapping hits = 50
Checking for and removing duplicates
Writing label file ./lh.BA4p_exvivo.label 4120
mri_label2label: Done


 mri_label2label --srcsubject fsaverage --srclabel /out/sourcedata/freesurfer/fsaverage/label/lh.BA6_exvivo.label --trgsubject sub-v1s11x0050165_ses-1 --trglabel ./lh.BA6_exvivo.label --hemi lh --regmethod surface 


srclabel = /out/sourcedata/freesurfer/fsaverage/label/lh.BA6_exvivo.label
srcsubject = fsaverage
trgsubject = sub-v1s11x0050165_ses-1
trglabel = ./lh.BA6_exvivo.label
regmethod = surface

srchemi = lh
trghemi = lh
trgsurface = white
srcsurfreg = sphere.reg
trgsurfreg = sphere.reg
usehash = 1
Use ProjAbs  = 0, 0
Use ProjFrac = 0, 0
DoPaint 0

SUBJECTS_DIR    /out/sourcedata/freesurfer
FREESURFER_HOME /opt/freesurfer
Loading source label.
Found 13589 points in source label.
Starting surface-based mapping
Reading source registration 
 /out/sourcedata/freesurfer/fsaverage/surf/lh.sphere.reg
Rescaling ...  original radius = 100
Reading target surface 
 /out/sourcedata/freesurfer/sub-v1s11x0050165_ses-1/surf/lh.white
Reading target registration 
 /out/sourcedata/freesurfer/sub-v1s11x0050165_ses-1/surf/lh.sphere.reg
Rescaling ...  original radius = 100
Building target registration hash (res=16).
Building source registration hash (res=16).
INFO: found  13589 nlabel points
Performing mapping from target back to the source label 126185
Number of reverse mapping hits = 465
Checking for and removing duplicates
Writing label file ./lh.BA6_exvivo.label 14054
mri_label2label: Done


 mri_label2label --srcsubject fsaverage --srclabel /out/sourcedata/freesurfer/fsaverage/label/lh.BA44_exvivo.label --trgsubject sub-v1s11x0050165_ses-1 --trglabel ./lh.BA44_exvivo.label --hemi lh --regmethod surface 


srclabel = /out/sourcedata/freesurfer/fsaverage/label/lh.BA44_exvivo.label
srcsubject = fsaverage
trgsubject = sub-v1s11x0050165_ses-1
trglabel = ./lh.BA44_exvivo.label
regmethod = surface

srchemi = lh
trghemi = lh
trgsurface = white
srcsurfreg = sphere.reg
trgsurfreg = sphere.reg
usehash = 1
Use ProjAbs  = 0, 0
Use ProjFrac = 0, 0
DoPaint 0

SUBJECTS_DIR    /out/sourcedata/freesurfer
FREESURFER_HOME /opt/freesurfer
Loading source label.
Found 4181 points in source label.
Starting surface-based mapping
Reading source registration 
 /out/sourcedata/freesurfer/fsaverage/surf/lh.sphere.reg
Rescaling ...  original radius = 100
Reading target surface 
 /out/sourcedata/freesurfer/sub-v1s11x0050165_ses-1/surf/lh.white
Reading target registration 
 /out/sourcedata/freesurfer/sub-v1s11x0050165_ses-1/surf/lh.sphere.reg
Rescaling ...  original radius = 100
Building target registration hash (res=16).
Building source registration hash (res=16).
INFO: found  4181 nlabel points
Performing mapping from target back to the source label 126185
Number of reverse mapping hits = 74
Checking for and removing duplicates
Writing label file ./lh.BA44_exvivo.label 4255
mri_label2label: Done


 mri_label2label --srcsubject fsaverage --srclabel /out/sourcedata/freesurfer/fsaverage/label/lh.BA45_exvivo.label --trgsubject sub-v1s11x0050165_ses-1 --trglabel ./lh.BA45_exvivo.label --hemi lh --regmethod surface 


srclabel = /out/sourcedata/freesurfer/fsaverage/label/lh.BA45_exvivo.label
srcsubject = fsaverage
trgsubject = sub-v1s11x0050165_ses-1
trglabel = ./lh.BA45_exvivo.label
regmethod = surface

srchemi = lh
trghemi = lh
trgsurface = white
srcsurfreg = sphere.reg
trgsurfreg = sphere.reg
usehash = 1
Use ProjAbs  = 0, 0
Use ProjFrac = 0, 0
DoPaint 0

SUBJECTS_DIR    /out/sourcedata/freesurfer
FREESURFER_HOME /opt/freesurfer
Loading source label.
Found 3422 points in source label.
Starting surface-based mapping
Reading source registration 
 /out/sourcedata/freesurfer/fsaverage/surf/lh.sphere.reg
Rescaling ...  original radius = 100
Reading target surface 
 /out/sourcedata/freesurfer/sub-v1s11x0050165_ses-1/surf/lh.white
Reading target registration 
 /out/sourcedata/freesurfer/sub-v1s11x0050165_ses-1/surf/lh.sphere.reg
Rescaling ...  original radius = 100
Building target registration hash (res=16).
Building source registration hash (res=16).
INFO: found  3422 nlabel points
Performing mapping from target back to the source label 126185
Number of reverse mapping hits = 171
Checking for and removing duplicates
Writing label file ./lh.BA45_exvivo.label 3593
mri_label2label: Done


 mri_label2label --srcsubject fsaverage --srclabel /out/sourcedata/freesurfer/fsaverage/label/lh.V1_exvivo.label --trgsubject sub-v1s11x0050165_ses-1 --trglabel ./lh.V1_exvivo.label --hemi lh --regmethod surface 


srclabel = /out/sourcedata/freesurfer/fsaverage/label/lh.V1_exvivo.label
srcsubject = fsaverage
trgsubject = sub-v1s11x0050165_ses-1
trglabel = ./lh.V1_exvivo.label
regmethod = surface

srchemi = lh
trghemi = lh
trgsurface = white
srcsurfreg = sphere.reg
trgsurfreg = sphere.reg
usehash = 1
Use ProjAbs  = 0, 0
Use ProjFrac = 0, 0
DoPaint 0

SUBJECTS_DIR    /out/sourcedata/freesurfer
FREESURFER_HOME /opt/freesurfer
Loading source label.
Found 4641 points in source label.
Starting surface-based mapping
Reading source registration 
 /out/sourcedata/freesurfer/fsaverage/surf/lh.sphere.reg
Rescaling ...  original radius = 100
Reading target surface 
 /out/sourcedata/freesurfer/sub-v1s11x0050165_ses-1/surf/lh.white
Reading target registration 
 /out/sourcedata/freesurfer/sub-v1s11x0050165_ses-1/surf/lh.sphere.reg
Rescaling ...  original radius = 100
Building target registration hash (res=16).
Building source registration hash (res=16).
INFO: found  4641 nlabel points
Performing mapping from target back to the source label 126185
Number of reverse mapping hits = 913
Checking for and removing duplicates
Writing label file ./lh.V1_exvivo.label 5554
mri_label2label: Done


 mri_label2label --srcsubject fsaverage --srclabel /out/sourcedata/freesurfer/fsaverage/label/lh.V2_exvivo.label --trgsubject sub-v1s11x0050165_ses-1 --trglabel ./lh.V2_exvivo.label --hemi lh --regmethod surface 


srclabel = /out/sourcedata/freesurfer/fsaverage/label/lh.V2_exvivo.label
srcsubject = fsaverage
trgsubject = sub-v1s11x0050165_ses-1
trglabel = ./lh.V2_exvivo.label
regmethod = surface

srchemi = lh
trghemi = lh
trgsurface = white
srcsurfreg = sphere.reg
trgsurfreg = sphere.reg
usehash = 1
Use ProjAbs  = 0, 0
Use ProjFrac = 0, 0
DoPaint 0

SUBJECTS_DIR    /out/sourcedata/freesurfer
FREESURFER_HOME /opt/freesurfer
Loading source label.
Found 8114 points in source label.
Starting surface-based mapping
Reading source registration 
 /out/sourcedata/freesurfer/fsaverage/surf/lh.sphere.reg
Rescaling ...  original radius = 100
Reading target surface 
 /out/sourcedata/freesurfer/sub-v1s11x0050165_ses-1/surf/lh.white
Reading target registration 
 /out/sourcedata/freesurfer/sub-v1s11x0050165_ses-1/surf/lh.sphere.reg
Rescaling ...  original radius = 100
Building target registration hash (res=16).
Building source registration hash (res=16).
INFO: found  8114 nlabel points
Performing mapping from target back to the source label 126185
Number of reverse mapping hits = 1649
Checking for and removing duplicates
Writing label file ./lh.V2_exvivo.label 9763
mri_label2label: Done


 mri_label2label --srcsubject fsaverage --srclabel /out/sourcedata/freesurfer/fsaverage/label/lh.MT_exvivo.label --trgsubject sub-v1s11x0050165_ses-1 --trglabel ./lh.MT_exvivo.label --hemi lh --regmethod surface 


srclabel = /out/sourcedata/freesurfer/fsaverage/label/lh.MT_exvivo.label
srcsubject = fsaverage
trgsubject = sub-v1s11x0050165_ses-1
trglabel = ./lh.MT_exvivo.label
regmethod = surface

srchemi = lh
trghemi = lh
trgsurface = white
srcsurfreg = sphere.reg
trgsurfreg = sphere.reg
usehash = 1
Use ProjAbs  = 0, 0
Use ProjFrac = 0, 0
DoPaint 0

SUBJECTS_DIR    /out/sourcedata/freesurfer
FREESURFER_HOME /opt/freesurfer
Loading source label.
Found 2018 points in source label.
Starting surface-based mapping
Reading source registration 
 /out/sourcedata/freesurfer/fsaverage/surf/lh.sphere.reg
Rescaling ...  original radius = 100
Reading target surface 
 /out/sourcedata/freesurfer/sub-v1s11x0050165_ses-1/surf/lh.white
Reading target registration 
 /out/sourcedata/freesurfer/sub-v1s11x0050165_ses-1/surf/lh.sphere.reg
Rescaling ...  original radius = 100
Building target registration hash (res=16).
Building source registration hash (res=16).
INFO: found  2018 nlabel points
Performing mapping from target back to the source label 126185
Number of reverse mapping hits = 357
Checking for and removing duplicates
Writing label file ./lh.MT_exvivo.label 2375
mri_label2label: Done


 mri_label2label --srcsubject fsaverage --srclabel /out/sourcedata/freesurfer/fsaverage/label/lh.entorhinal_exvivo.label --trgsubject sub-v1s11x0050165_ses-1 --trglabel ./lh.entorhinal_exvivo.label --hemi lh --regmethod surface 


srclabel = /out/sourcedata/freesurfer/fsaverage/label/lh.entorhinal_exvivo.label
srcsubject = fsaverage
trgsubject = sub-v1s11x0050165_ses-1
trglabel = ./lh.entorhinal_exvivo.label
regmethod = surface

srchemi = lh
trghemi = lh
trgsurface = white
srcsurfreg = sphere.reg
trgsurfreg = sphere.reg
usehash = 1
Use ProjAbs  = 0, 0
Use ProjFrac = 0, 0
DoPaint 0

SUBJECTS_DIR    /out/sourcedata/freesurfer
FREESURFER_HOME /opt/freesurfer
Loading source label.
Found 1290 points in source label.
Starting surface-based mapping
Reading source registration 
 /out/sourcedata/freesurfer/fsaverage/surf/lh.sphere.reg
Rescaling ...  original radius = 100
Reading target surface 
 /out/sourcedata/freesurfer/sub-v1s11x0050165_ses-1/surf/lh.white
Reading target registration 
 /out/sourcedata/freesurfer/sub-v1s11x0050165_ses-1/surf/lh.sphere.reg
Rescaling ...  original radius = 100
Building target registration hash (res=16).
Building source registration hash (res=16).
INFO: found  1290 nlabel points
Performing mapping from target back to the source label 126185
Number of reverse mapping hits = 136
Checking for and removing duplicates
Writing label file ./lh.entorhinal_exvivo.label 1426
mri_label2label: Done


 mri_label2label --srcsubject fsaverage --srclabel /out/sourcedata/freesurfer/fsaverage/label/lh.perirhinal_exvivo.label --trgsubject sub-v1s11x0050165_ses-1 --trglabel ./lh.perirhinal_exvivo.label --hemi lh --regmethod surface 


srclabel = /out/sourcedata/freesurfer/fsaverage/label/lh.perirhinal_exvivo.label
srcsubject = fsaverage
trgsubject = sub-v1s11x0050165_ses-1
trglabel = ./lh.perirhinal_exvivo.label
regmethod = surface

srchemi = lh
trghemi = lh
trgsurface = white
srcsurfreg = sphere.reg
trgsurfreg = sphere.reg
usehash = 1
Use ProjAbs  = 0, 0
Use ProjFrac = 0, 0
DoPaint 0

SUBJECTS_DIR    /out/sourcedata/freesurfer
FREESURFER_HOME /opt/freesurfer
Loading source label.
Found 1199 points in source label.
Starting surface-based mapping
Reading source registration 
 /out/sourcedata/freesurfer/fsaverage/surf/lh.sphere.reg
Rescaling ...  original radius = 100
Reading target surface 
 /out/sourcedata/freesurfer/sub-v1s11x0050165_ses-1/surf/lh.white
Reading target registration 
 /out/sourcedata/freesurfer/sub-v1s11x0050165_ses-1/surf/lh.sphere.reg
Rescaling ...  original radius = 100
Building target registration hash (res=16).
Building source registration hash (res=16).
INFO: found  1199 nlabel points
Performing mapping from target back to the source label 126185
Number of reverse mapping hits = 112
Checking for and removing duplicates
Writing label file ./lh.perirhinal_exvivo.label 1311
mri_label2label: Done


 mri_label2label --srcsubject fsaverage --srclabel /out/sourcedata/freesurfer/fsaverage/label/lh.FG1.mpm.vpnl.label --trgsubject sub-v1s11x0050165_ses-1 --trglabel ./lh.FG1.mpm.vpnl.label --hemi lh --regmethod surface 


srclabel = /out/sourcedata/freesurfer/fsaverage/label/lh.FG1.mpm.vpnl.label
srcsubject = fsaverage
trgsubject = sub-v1s11x0050165_ses-1
trglabel = ./lh.FG1.mpm.vpnl.label
regmethod = surface

srchemi = lh
trghemi = lh
trgsurface = white
srcsurfreg = sphere.reg
trgsurfreg = sphere.reg
usehash = 1
Use ProjAbs  = 0, 0
Use ProjFrac = 0, 0
DoPaint 0

SUBJECTS_DIR    /out/sourcedata/freesurfer
FREESURFER_HOME /opt/freesurfer
Loading source label.
Found 414 points in source label.
Starting surface-based mapping
Reading source registration 
 /out/sourcedata/freesurfer/fsaverage/surf/lh.sphere.reg
Rescaling ...  original radius = 100
Reading target surface 
 /out/sourcedata/freesurfer/sub-v1s11x0050165_ses-1/surf/lh.white
Reading target registration 
 /out/sourcedata/freesurfer/sub-v1s11x0050165_ses-1/surf/lh.sphere.reg
Rescaling ...  original radius = 100
Building target registration hash (res=16).
Building source registration hash (res=16).
INFO: found  414 nlabel points
Performing mapping from target back to the source label 126185
Number of reverse mapping hits = 104
Checking for and removing duplicates
Writing label file ./lh.FG1.mpm.vpnl.label 518
mri_label2label: Done


 mri_label2label --srcsubject fsaverage --srclabel /out/sourcedata/freesurfer/fsaverage/label/lh.FG2.mpm.vpnl.label --trgsubject sub-v1s11x0050165_ses-1 --trglabel ./lh.FG2.mpm.vpnl.label --hemi lh --regmethod surface 


srclabel = /out/sourcedata/freesurfer/fsaverage/label/lh.FG2.mpm.vpnl.label
srcsubject = fsaverage
trgsubject = sub-v1s11x0050165_ses-1
trglabel = ./lh.FG2.mpm.vpnl.label
regmethod = surface

srchemi = lh
trghemi = lh
trgsurface = white
srcsurfreg = sphere.reg
trgsurfreg = sphere.reg
usehash = 1
Use ProjAbs  = 0, 0
Use ProjFrac = 0, 0
DoPaint 0

SUBJECTS_DIR    /out/sourcedata/freesurfer
FREESURFER_HOME /opt/freesurfer
Loading source label.
Found 703 points in source label.
Starting surface-based mapping
Reading source registration 
 /out/sourcedata/freesurfer/fsaverage/surf/lh.sphere.reg
Rescaling ...  original radius = 100
Reading target surface 
 /out/sourcedata/freesurfer/sub-v1s11x0050165_ses-1/surf/lh.white
Reading target registration 
 /out/sourcedata/freesurfer/sub-v1s11x0050165_ses-1/surf/lh.sphere.reg
Rescaling ...  original radius = 100
Building target registration hash (res=16).
Building source registration hash (res=16).
INFO: found  703 nlabel points
Performing mapping from target back to the source label 126185
Number of reverse mapping hits = 165
Checking for and removing duplicates
Writing label file ./lh.FG2.mpm.vpnl.label 868
mri_label2label: Done


 mri_label2label --srcsubject fsaverage --srclabel /out/sourcedata/freesurfer/fsaverage/label/lh.FG3.mpm.vpnl.label --trgsubject sub-v1s11x0050165_ses-1 --trglabel ./lh.FG3.mpm.vpnl.label --hemi lh --regmethod surface 


srclabel = /out/sourcedata/freesurfer/fsaverage/label/lh.FG3.mpm.vpnl.label
srcsubject = fsaverage
trgsubject = sub-v1s11x0050165_ses-1
trglabel = ./lh.FG3.mpm.vpnl.label
regmethod = surface

srchemi = lh
trghemi = lh
trgsurface = white
srcsurfreg = sphere.reg
trgsurfreg = sphere.reg
usehash = 1
Use ProjAbs  = 0, 0
Use ProjFrac = 0, 0
DoPaint 0

SUBJECTS_DIR    /out/sourcedata/freesurfer
FREESURFER_HOME /opt/freesurfer
Loading source label.
Found 1873 points in source label.
Starting surface-based mapping
Reading source registration 
 /out/sourcedata/freesurfer/fsaverage/surf/lh.sphere.reg
Rescaling ...  original radius = 100
Reading target surface 
 /out/sourcedata/freesurfer/sub-v1s11x0050165_ses-1/surf/lh.white
Reading target registration 
 /out/sourcedata/freesurfer/sub-v1s11x0050165_ses-1/surf/lh.sphere.reg
Rescaling ...  original radius = 100
Building target registration hash (res=16).
Building source registration hash (res=16).
INFO: found  1873 nlabel points
Performing mapping from target back to the source label 126185
Number of reverse mapping hits = 87
Checking for and removing duplicates
Writing label file ./lh.FG3.mpm.vpnl.label 1960
mri_label2label: Done


 mri_label2label --srcsubject fsaverage --srclabel /out/sourcedata/freesurfer/fsaverage/label/lh.FG4.mpm.vpnl.label --trgsubject sub-v1s11x0050165_ses-1 --trglabel ./lh.FG4.mpm.vpnl.label --hemi lh --regmethod surface 


srclabel = /out/sourcedata/freesurfer/fsaverage/label/lh.FG4.mpm.vpnl.label
srcsubject = fsaverage
trgsubject = sub-v1s11x0050165_ses-1
trglabel = ./lh.FG4.mpm.vpnl.label
regmethod = surface

srchemi = lh
trghemi = lh
trgsurface = white
srcsurfreg = sphere.reg
trgsurfreg = sphere.reg
usehash = 1
Use ProjAbs  = 0, 0
Use ProjFrac = 0, 0
DoPaint 0

SUBJECTS_DIR    /out/sourcedata/freesurfer
FREESURFER_HOME /opt/freesurfer
Loading source label.
Found 2101 points in source label.
Starting surface-based mapping
Reading source registration 
 /out/sourcedata/freesurfer/fsaverage/surf/lh.sphere.reg
Rescaling ...  original radius = 100
Reading target surface 
 /out/sourcedata/freesurfer/sub-v1s11x0050165_ses-1/surf/lh.white
Reading target registration 
 /out/sourcedata/freesurfer/sub-v1s11x0050165_ses-1/surf/lh.sphere.reg
Rescaling ...  original radius = 100
Building target registration hash (res=16).
Building source registration hash (res=16).
INFO: found  2101 nlabel points
Performing mapping from target back to the source label 126185
Number of reverse mapping hits = 221
Checking for and removing duplicates
Writing label file ./lh.FG4.mpm.vpnl.label 2322
mri_label2label: Done


 mri_label2label --srcsubject fsaverage --srclabel /out/sourcedata/freesurfer/fsaverage/label/lh.hOc1.mpm.vpnl.label --trgsubject sub-v1s11x0050165_ses-1 --trglabel ./lh.hOc1.mpm.vpnl.label --hemi lh --regmethod surface 


srclabel = /out/sourcedata/freesurfer/fsaverage/label/lh.hOc1.mpm.vpnl.label
srcsubject = fsaverage
trgsubject = sub-v1s11x0050165_ses-1
trglabel = ./lh.hOc1.mpm.vpnl.label
regmethod = surface

srchemi = lh
trghemi = lh
trgsurface = white
srcsurfreg = sphere.reg
trgsurfreg = sphere.reg
usehash = 1
Use ProjAbs  = 0, 0
Use ProjFrac = 0, 0
DoPaint 0

SUBJECTS_DIR    /out/sourcedata/freesurfer
FREESURFER_HOME /opt/freesurfer
Loading source label.
Found 3877 points in source label.
Starting surface-based mapping
Reading source registration 
 /out/sourcedata/freesurfer/fsaverage/surf/lh.sphere.reg
Rescaling ...  original radius = 100
Reading target surface 
 /out/sourcedata/freesurfer/sub-v1s11x0050165_ses-1/surf/lh.white
Reading target registration 
 /out/sourcedata/freesurfer/sub-v1s11x0050165_ses-1/surf/lh.sphere.reg
Rescaling ...  original radius = 100
Building target registration hash (res=16).
Building source registration hash (res=16).
INFO: found  3877 nlabel points
Performing mapping from target back to the source label 126185
Number of reverse mapping hits = 691
Checking for and removing duplicates
Writing label file ./lh.hOc1.mpm.vpnl.label 4568
mri_label2label: Done


 mri_label2label --srcsubject fsaverage --srclabel /out/sourcedata/freesurfer/fsaverage/label/lh.hOc2.mpm.vpnl.label --trgsubject sub-v1s11x0050165_ses-1 --trglabel ./lh.hOc2.mpm.vpnl.label --hemi lh --regmethod surface 


srclabel = /out/sourcedata/freesurfer/fsaverage/label/lh.hOc2.mpm.vpnl.label
srcsubject = fsaverage
trgsubject = sub-v1s11x0050165_ses-1
trglabel = ./lh.hOc2.mpm.vpnl.label
regmethod = surface

srchemi = lh
trghemi = lh
trgsurface = white
srcsurfreg = sphere.reg
trgsurfreg = sphere.reg
usehash = 1
Use ProjAbs  = 0, 0
Use ProjFrac = 0, 0
DoPaint 0

SUBJECTS_DIR    /out/sourcedata/freesurfer
FREESURFER_HOME /opt/freesurfer
Loading source label.
Found 2919 points in source label.
Starting surface-based mapping
Reading source registration 
 /out/sourcedata/freesurfer/fsaverage/surf/lh.sphere.reg
Rescaling ...  original radius = 100
Reading target surface 
 /out/sourcedata/freesurfer/sub-v1s11x0050165_ses-1/surf/lh.white
Reading target registration 
 /out/sourcedata/freesurfer/sub-v1s11x0050165_ses-1/surf/lh.sphere.reg
Rescaling ...  original radius = 100
Building target registration hash (res=16).
Building source registration hash (res=16).
INFO: found  2919 nlabel points
Performing mapping from target back to the source label 126185
Number of reverse mapping hits = 764
Checking for and removing duplicates
Writing label file ./lh.hOc2.mpm.vpnl.label 3683
mri_label2label: Done


 mri_label2label --srcsubject fsaverage --srclabel /out/sourcedata/freesurfer/fsaverage/label/lh.hOc3v.mpm.vpnl.label --trgsubject sub-v1s11x0050165_ses-1 --trglabel ./lh.hOc3v.mpm.vpnl.label --hemi lh --regmethod surface 


srclabel = /out/sourcedata/freesurfer/fsaverage/label/lh.hOc3v.mpm.vpnl.label
srcsubject = fsaverage
trgsubject = sub-v1s11x0050165_ses-1
trglabel = ./lh.hOc3v.mpm.vpnl.label
regmethod = surface

srchemi = lh
trghemi = lh
trgsurface = white
srcsurfreg = sphere.reg
trgsurfreg = sphere.reg
usehash = 1
Use ProjAbs  = 0, 0
Use ProjFrac = 0, 0
DoPaint 0

SUBJECTS_DIR    /out/sourcedata/freesurfer
FREESURFER_HOME /opt/freesurfer
Loading source label.
Found 1286 points in source label.
Starting surface-based mapping
Reading source registration 
 /out/sourcedata/freesurfer/fsaverage/surf/lh.sphere.reg
Rescaling ...  original radius = 100
Reading target surface 
 /out/sourcedata/freesurfer/sub-v1s11x0050165_ses-1/surf/lh.white
Reading target registration 
 /out/sourcedata/freesurfer/sub-v1s11x0050165_ses-1/surf/lh.sphere.reg
Rescaling ...  original radius = 100
Building target registration hash (res=16).
Building source registration hash (res=16).
INFO: found  1286 nlabel points
Performing mapping from target back to the source label 126185
Number of reverse mapping hits = 216
Checking for and removing duplicates
Writing label file ./lh.hOc3v.mpm.vpnl.label 1502
mri_label2label: Done


 mri_label2label --srcsubject fsaverage --srclabel /out/sourcedata/freesurfer/fsaverage/label/lh.hOc4v.mpm.vpnl.label --trgsubject sub-v1s11x0050165_ses-1 --trglabel ./lh.hOc4v.mpm.vpnl.label --hemi lh --regmethod surface 


srclabel = /out/sourcedata/freesurfer/fsaverage/label/lh.hOc4v.mpm.vpnl.label
srcsubject = fsaverage
trgsubject = sub-v1s11x0050165_ses-1
trglabel = ./lh.hOc4v.mpm.vpnl.label
regmethod = surface

srchemi = lh
trghemi = lh
trgsurface = white
srcsurfreg = sphere.reg
trgsurfreg = sphere.reg
usehash = 1
Use ProjAbs  = 0, 0
Use ProjFrac = 0, 0
DoPaint 0

SUBJECTS_DIR    /out/sourcedata/freesurfer
FREESURFER_HOME /opt/freesurfer
Loading source label.
Found 1006 points in source label.
Starting surface-based mapping
Reading source registration 
 /out/sourcedata/freesurfer/fsaverage/surf/lh.sphere.reg
Rescaling ...  original radius = 100
Reading target surface 
 /out/sourcedata/freesurfer/sub-v1s11x0050165_ses-1/surf/lh.white
Reading target registration 
 /out/sourcedata/freesurfer/sub-v1s11x0050165_ses-1/surf/lh.sphere.reg
Rescaling ...  original radius = 100
Building target registration hash (res=16).
Building source registration hash (res=16).
INFO: found  1006 nlabel points
Performing mapping from target back to the source label 126185
Number of reverse mapping hits = 156
Checking for and removing duplicates
Writing label file ./lh.hOc4v.mpm.vpnl.label 1162
mri_label2label: Done


 mris_label2annot --s sub-v1s11x0050165_ses-1 --ctab /opt/freesurfer/average/colortable_vpnl.txt --hemi lh --a mpm.vpnl --maxstatwinner --noverbose --l lh.FG1.mpm.vpnl.label --l lh.FG2.mpm.vpnl.label --l lh.FG3.mpm.vpnl.label --l lh.FG4.mpm.vpnl.label --l lh.hOc1.mpm.vpnl.label --l lh.hOc2.mpm.vpnl.label --l lh.hOc3v.mpm.vpnl.label --l lh.hOc4v.mpm.vpnl.label 

Reading ctab /opt/freesurfer/average/colortable_vpnl.txt
Number of ctab entries 9

7.3.2
cwd /out/sourcedata/freesurfer/sub-v1s11x0050165_ses-1/label
cmdline mris_label2annot --s sub-v1s11x0050165_ses-1 --ctab /opt/freesurfer/average/colortable_vpnl.txt --hemi lh --a mpm.vpnl --maxstatwinner --noverbose --l lh.FG1.mpm.vpnl.label --l lh.FG2.mpm.vpnl.label --l lh.FG3.mpm.vpnl.label --l lh.FG4.mpm.vpnl.label --l lh.hOc1.mpm.vpnl.label --l lh.hOc2.mpm.vpnl.label --l lh.hOc3v.mpm.vpnl.label --l lh.hOc4v.mpm.vpnl.label 
sysname  Linux
hostname dna055
machine  x86_64
user     oesteban

subject sub-v1s11x0050165_ses-1
hemi    lh
SUBJECTS_DIR /out/sourcedata/freesurfer
ColorTable /opt/freesurfer/average/colortable_vpnl.txt
AnnotName  mpm.vpnl
nlables 8
LabelThresh 0 0.000000
Loading /out/sourcedata/freesurfer/sub-v1s11x0050165_ses-1/surf/lh.orig
 1 1376057 FG1
 2 16711935 FG2
 3 16711680 FG3
 4 1705837 FG4
 5 25600 hOc1
 6 255 hOc2
 7 16776960 hOc3v
 8 65535 hOc4v
Mapping unhit to unknown
Found 111791 unhit vertices
Writing annot to /out/sourcedata/freesurfer/sub-v1s11x0050165_ses-1/label/lh.mpm.vpnl.annot

 mri_label2label --srcsubject fsaverage --srclabel /out/sourcedata/freesurfer/fsaverage/label/lh.BA1_exvivo.thresh.label --trgsubject sub-v1s11x0050165_ses-1 --trglabel ./lh.BA1_exvivo.thresh.label --hemi lh --regmethod surface 


srclabel = /out/sourcedata/freesurfer/fsaverage/label/lh.BA1_exvivo.thresh.label
srcsubject = fsaverage
trgsubject = sub-v1s11x0050165_ses-1
trglabel = ./lh.BA1_exvivo.thresh.label
regmethod = surface

srchemi = lh
trghemi = lh
trgsurface = white
srcsurfreg = sphere.reg
trgsurfreg = sphere.reg
usehash = 1
Use ProjAbs  = 0, 0
Use ProjFrac = 0, 0
DoPaint 0

SUBJECTS_DIR    /out/sourcedata/freesurfer
FREESURFER_HOME /opt/freesurfer
Loading source label.
Found 1014 points in source label.
Starting surface-based mapping
Reading source registration 
 /out/sourcedata/freesurfer/fsaverage/surf/lh.sphere.reg
Rescaling ...  original radius = 100
Reading target surface 
 /out/sourcedata/freesurfer/sub-v1s11x0050165_ses-1/surf/lh.white
Reading target registration 
 /out/sourcedata/freesurfer/sub-v1s11x0050165_ses-1/surf/lh.sphere.reg
Rescaling ...  original radius = 100
Building target registration hash (res=16).
Building source registration hash (res=16).
INFO: found  1014 nlabel points
Performing mapping from target back to the source label 126185
Number of reverse mapping hits = 31
Checking for and removing duplicates
Writing label file ./lh.BA1_exvivo.thresh.label 1045
mri_label2label: Done


 mri_label2label --srcsubject fsaverage --srclabel /out/sourcedata/freesurfer/fsaverage/label/lh.BA2_exvivo.thresh.label --trgsubject sub-v1s11x0050165_ses-1 --trglabel ./lh.BA2_exvivo.thresh.label --hemi lh --regmethod surface 


srclabel = /out/sourcedata/freesurfer/fsaverage/label/lh.BA2_exvivo.thresh.label
srcsubject = fsaverage
trgsubject = sub-v1s11x0050165_ses-1
trglabel = ./lh.BA2_exvivo.thresh.label
regmethod = surface

srchemi = lh
trghemi = lh
trgsurface = white
srcsurfreg = sphere.reg
trgsurfreg = sphere.reg
usehash = 1
Use ProjAbs  = 0, 0
Use ProjFrac = 0, 0
DoPaint 0

SUBJECTS_DIR    /out/sourcedata/freesurfer
FREESURFER_HOME /opt/freesurfer
Loading source label.
Found 2092 points in source label.
Starting surface-based mapping
Reading source registration 
 /out/sourcedata/freesurfer/fsaverage/surf/lh.sphere.reg
Rescaling ...  original radius = 100
Reading target surface 
 /out/sourcedata/freesurfer/sub-v1s11x0050165_ses-1/surf/lh.white
Reading target registration 
 /out/sourcedata/freesurfer/sub-v1s11x0050165_ses-1/surf/lh.sphere.reg
Rescaling ...  original radius = 100
Building target registration hash (res=16).
Building source registration hash (res=16).
INFO: found  2092 nlabel points
Performing mapping from target back to the source label 126185
Number of reverse mapping hits = 29
Checking for and removing duplicates
Writing label file ./lh.BA2_exvivo.thresh.label 2121
mri_label2label: Done


 mri_label2label --srcsubject fsaverage --srclabel /out/sourcedata/freesurfer/fsaverage/label/lh.BA3a_exvivo.thresh.label --trgsubject sub-v1s11x0050165_ses-1 --trglabel ./lh.BA3a_exvivo.thresh.label --hemi lh --regmethod surface 


srclabel = /out/sourcedata/freesurfer/fsaverage/label/lh.BA3a_exvivo.thresh.label
srcsubject = fsaverage
trgsubject = sub-v1s11x0050165_ses-1
trglabel = ./lh.BA3a_exvivo.thresh.label
regmethod = surface

srchemi = lh
trghemi = lh
trgsurface = white
srcsurfreg = sphere.reg
trgsurfreg = sphere.reg
usehash = 1
Use ProjAbs  = 0, 0
Use ProjFrac = 0, 0
DoPaint 0

SUBJECTS_DIR    /out/sourcedata/freesurfer
FREESURFER_HOME /opt/freesurfer
Loading source label.
Found 1504 points in source label.
Starting surface-based mapping
Reading source registration 
 /out/sourcedata/freesurfer/fsaverage/surf/lh.sphere.reg
Rescaling ...  original radius = 100
Reading target surface 
 /out/sourcedata/freesurfer/sub-v1s11x0050165_ses-1/surf/lh.white
Reading target registration 
 /out/sourcedata/freesurfer/sub-v1s11x0050165_ses-1/surf/lh.sphere.reg
Rescaling ...  original radius = 100
Building target registration hash (res=16).
Building source registration hash (res=16).
INFO: found  1504 nlabel points
Performing mapping from target back to the source label 126185
Number of reverse mapping hits = 3
Checking for and removing duplicates
Writing label file ./lh.BA3a_exvivo.thresh.label 1507
mri_label2label: Done


 mri_label2label --srcsubject fsaverage --srclabel /out/sourcedata/freesurfer/fsaverage/label/lh.BA3b_exvivo.thresh.label --trgsubject sub-v1s11x0050165_ses-1 --trglabel ./lh.BA3b_exvivo.thresh.label --hemi lh --regmethod surface 


srclabel = /out/sourcedata/freesurfer/fsaverage/label/lh.BA3b_exvivo.thresh.label
srcsubject = fsaverage
trgsubject = sub-v1s11x0050165_ses-1
trglabel = ./lh.BA3b_exvivo.thresh.label
regmethod = surface

srchemi = lh
trghemi = lh
trgsurface = white
srcsurfreg = sphere.reg
trgsurfreg = sphere.reg
usehash = 1
Use ProjAbs  = 0, 0
Use ProjFrac = 0, 0
DoPaint 0

SUBJECTS_DIR    /out/sourcedata/freesurfer
FREESURFER_HOME /opt/freesurfer
Loading source label.
Found 1996 points in source label.
Starting surface-based mapping
Reading source registration 
 /out/sourcedata/freesurfer/fsaverage/surf/lh.sphere.reg
Rescaling ...  original radius = 100
Reading target surface 
 /out/sourcedata/freesurfer/sub-v1s11x0050165_ses-1/surf/lh.white
Reading target registration 
 /out/sourcedata/freesurfer/sub-v1s11x0050165_ses-1/surf/lh.sphere.reg
Rescaling ...  original radius = 100
Building target registration hash (res=16).
Building source registration hash (res=16).
INFO: found  1996 nlabel points
Performing mapping from target back to the source label 126185
Number of reverse mapping hits = 15
Checking for and removing duplicates
Writing label file ./lh.BA3b_exvivo.thresh.label 2011
mri_label2label: Done


 mri_label2label --srcsubject fsaverage --srclabel /out/sourcedata/freesurfer/fsaverage/label/lh.BA4a_exvivo.thresh.label --trgsubject sub-v1s11x0050165_ses-1 --trglabel ./lh.BA4a_exvivo.thresh.label --hemi lh --regmethod surface 


srclabel = /out/sourcedata/freesurfer/fsaverage/label/lh.BA4a_exvivo.thresh.label
srcsubject = fsaverage
trgsubject = sub-v1s11x0050165_ses-1
trglabel = ./lh.BA4a_exvivo.thresh.label
regmethod = surface

srchemi = lh
trghemi = lh
trgsurface = white
srcsurfreg = sphere.reg
trgsurfreg = sphere.reg
usehash = 1
Use ProjAbs  = 0, 0
Use ProjFrac = 0, 0
DoPaint 0

SUBJECTS_DIR    /out/sourcedata/freesurfer
FREESURFER_HOME /opt/freesurfer
Loading source label.
Found 2319 points in source label.
Starting surface-based mapping
Reading source registration 
 /out/sourcedata/freesurfer/fsaverage/surf/lh.sphere.reg
Rescaling ...  original radius = 100
Reading target surface 
 /out/sourcedata/freesurfer/sub-v1s11x0050165_ses-1/surf/lh.white
Reading target registration 
 /out/sourcedata/freesurfer/sub-v1s11x0050165_ses-1/surf/lh.sphere.reg
Rescaling ...  original radius = 100
Building target registration hash (res=16).
Building source registration hash (res=16).
INFO: found  2319 nlabel points
Performing mapping from target back to the source label 126185
Number of reverse mapping hits = 25
Checking for and removing duplicates
Writing label file ./lh.BA4a_exvivo.thresh.label 2344
mri_label2label: Done


 mri_label2label --srcsubject fsaverage --srclabel /out/sourcedata/freesurfer/fsaverage/label/lh.BA4p_exvivo.thresh.label --trgsubject sub-v1s11x0050165_ses-1 --trglabel ./lh.BA4p_exvivo.thresh.label --hemi lh --regmethod surface 


srclabel = /out/sourcedata/freesurfer/fsaverage/label/lh.BA4p_exvivo.thresh.label
srcsubject = fsaverage
trgsubject = sub-v1s11x0050165_ses-1
trglabel = ./lh.BA4p_exvivo.thresh.label
regmethod = surface

srchemi = lh
trghemi = lh
trgsurface = white
srcsurfreg = sphere.reg
trgsurfreg = sphere.reg
usehash = 1
Use ProjAbs  = 0, 0
Use ProjFrac = 0, 0
DoPaint 0

SUBJECTS_DIR    /out/sourcedata/freesurfer
FREESURFER_HOME /opt/freesurfer
Loading source label.
Found 1549 points in source label.
Starting surface-based mapping
Reading source registration 
 /out/sourcedata/freesurfer/fsaverage/surf/lh.sphere.reg
Rescaling ...  original radius = 100
Reading target surface 
 /out/sourcedata/freesurfer/sub-v1s11x0050165_ses-1/surf/lh.white
Reading target registration 
 /out/sourcedata/freesurfer/sub-v1s11x0050165_ses-1/surf/lh.sphere.reg
Rescaling ...  original radius = 100
Building target registration hash (res=16).
Building source registration hash (res=16).
INFO: found  1549 nlabel points
Performing mapping from target back to the source label 126185
Number of reverse mapping hits = 5
Checking for and removing duplicates
Writing label file ./lh.BA4p_exvivo.thresh.label 1554
mri_label2label: Done


 mri_label2label --srcsubject fsaverage --srclabel /out/sourcedata/freesurfer/fsaverage/label/lh.BA6_exvivo.thresh.label --trgsubject sub-v1s11x0050165_ses-1 --trglabel ./lh.BA6_exvivo.thresh.label --hemi lh --regmethod surface 


srclabel = /out/sourcedata/freesurfer/fsaverage/label/lh.BA6_exvivo.thresh.label
srcsubject = fsaverage
trgsubject = sub-v1s11x0050165_ses-1
trglabel = ./lh.BA6_exvivo.thresh.label
regmethod = surface

srchemi = lh
trghemi = lh
trgsurface = white
srcsurfreg = sphere.reg
trgsurfreg = sphere.reg
usehash = 1
Use ProjAbs  = 0, 0
Use ProjFrac = 0, 0
DoPaint 0

SUBJECTS_DIR    /out/sourcedata/freesurfer
FREESURFER_HOME /opt/freesurfer
Loading source label.
Found 7035 points in source label.
Starting surface-based mapping
Reading source registration 
 /out/sourcedata/freesurfer/fsaverage/surf/lh.sphere.reg
Rescaling ...  original radius = 100
Reading target surface 
 /out/sourcedata/freesurfer/sub-v1s11x0050165_ses-1/surf/lh.white
Reading target registration 
 /out/sourcedata/freesurfer/sub-v1s11x0050165_ses-1/surf/lh.sphere.reg
Rescaling ...  original radius = 100
Building target registration hash (res=16).
Building source registration hash (res=16).
INFO: found  7035 nlabel points
Performing mapping from target back to the source label 126185
Number of reverse mapping hits = 195
Checking for and removing duplicates
Writing label file ./lh.BA6_exvivo.thresh.label 7230
mri_label2label: Done


 mri_label2label --srcsubject fsaverage --srclabel /out/sourcedata/freesurfer/fsaverage/label/lh.BA44_exvivo.thresh.label --trgsubject sub-v1s11x0050165_ses-1 --trglabel ./lh.BA44_exvivo.thresh.label --hemi lh --regmethod surface 


srclabel = /out/sourcedata/freesurfer/fsaverage/label/lh.BA44_exvivo.thresh.label
srcsubject = fsaverage
trgsubject = sub-v1s11x0050165_ses-1
trglabel = ./lh.BA44_exvivo.thresh.label
regmethod = surface

srchemi = lh
trghemi = lh
trgsurface = white
srcsurfreg = sphere.reg
trgsurfreg = sphere.reg
usehash = 1
Use ProjAbs  = 0, 0
Use ProjFrac = 0, 0
DoPaint 0

SUBJECTS_DIR    /out/sourcedata/freesurfer
FREESURFER_HOME /opt/freesurfer
Loading source label.
Found 1912 points in source label.
Starting surface-based mapping
Reading source registration 
 /out/sourcedata/freesurfer/fsaverage/surf/lh.sphere.reg
Rescaling ...  original radius = 100
Reading target surface 
 /out/sourcedata/freesurfer/sub-v1s11x0050165_ses-1/surf/lh.white
Reading target registration 
 /out/sourcedata/freesurfer/sub-v1s11x0050165_ses-1/surf/lh.sphere.reg
Rescaling ...  original radius = 100
Building target registration hash (res=16).
Building source registration hash (res=16).
INFO: found  1912 nlabel points
Performing mapping from target back to the source label 126185
Number of reverse mapping hits = 31
Checking for and removing duplicates
Writing label file ./lh.BA44_exvivo.thresh.label 1943
mri_label2label: Done


 mri_label2label --srcsubject fsaverage --srclabel /out/sourcedata/freesurfer/fsaverage/label/lh.BA45_exvivo.thresh.label --trgsubject sub-v1s11x0050165_ses-1 --trglabel ./lh.BA45_exvivo.thresh.label --hemi lh --regmethod surface 


srclabel = /out/sourcedata/freesurfer/fsaverage/label/lh.BA45_exvivo.thresh.label
srcsubject = fsaverage
trgsubject = sub-v1s11x0050165_ses-1
trglabel = ./lh.BA45_exvivo.thresh.label
regmethod = surface

srchemi = lh
trghemi = lh
trgsurface = white
srcsurfreg = sphere.reg
trgsurfreg = sphere.reg
usehash = 1
Use ProjAbs  = 0, 0
Use ProjFrac = 0, 0
DoPaint 0

SUBJECTS_DIR    /out/sourcedata/freesurfer
FREESURFER_HOME /opt/freesurfer
Loading source label.
Found 1151 points in source label.
Starting surface-based mapping
Reading source registration 
 /out/sourcedata/freesurfer/fsaverage/surf/lh.sphere.reg
Rescaling ...  original radius = 100
Reading target surface 
 /out/sourcedata/freesurfer/sub-v1s11x0050165_ses-1/surf/lh.white
Reading target registration 
 /out/sourcedata/freesurfer/sub-v1s11x0050165_ses-1/surf/lh.sphere.reg
Rescaling ...  original radius = 100
Building target registration hash (res=16).
Building source registration hash (res=16).
INFO: found  1151 nlabel points
Performing mapping from target back to the source label 126185
Number of reverse mapping hits = 32
Checking for and removing duplicates
Writing label file ./lh.BA45_exvivo.thresh.label 1183
mri_label2label: Done


 mri_label2label --srcsubject fsaverage --srclabel /out/sourcedata/freesurfer/fsaverage/label/lh.V1_exvivo.thresh.label --trgsubject sub-v1s11x0050165_ses-1 --trglabel ./lh.V1_exvivo.thresh.label --hemi lh --regmethod surface 


srclabel = /out/sourcedata/freesurfer/fsaverage/label/lh.V1_exvivo.thresh.label
srcsubject = fsaverage
trgsubject = sub-v1s11x0050165_ses-1
trglabel = ./lh.V1_exvivo.thresh.label
regmethod = surface

srchemi = lh
trghemi = lh
trgsurface = white
srcsurfreg = sphere.reg
trgsurfreg = sphere.reg
usehash = 1
Use ProjAbs  = 0, 0
Use ProjFrac = 0, 0
DoPaint 0

SUBJECTS_DIR    /out/sourcedata/freesurfer
FREESURFER_HOME /opt/freesurfer
Loading source label.
Found 3405 points in source label.
Starting surface-based mapping
Reading source registration 
 /out/sourcedata/freesurfer/fsaverage/surf/lh.sphere.reg
Rescaling ...  original radius = 100
Reading target surface 
 /out/sourcedata/freesurfer/sub-v1s11x0050165_ses-1/surf/lh.white
Reading target registration 
 /out/sourcedata/freesurfer/sub-v1s11x0050165_ses-1/surf/lh.sphere.reg
Rescaling ...  original radius = 100
Building target registration hash (res=16).
Building source registration hash (res=16).
INFO: found  3405 nlabel points
Performing mapping from target back to the source label 126185
Number of reverse mapping hits = 572
Checking for and removing duplicates
Writing label file ./lh.V1_exvivo.thresh.label 3977
mri_label2label: Done


 mri_label2label --srcsubject fsaverage --srclabel /out/sourcedata/freesurfer/fsaverage/label/lh.V2_exvivo.thresh.label --trgsubject sub-v1s11x0050165_ses-1 --trglabel ./lh.V2_exvivo.thresh.label --hemi lh --regmethod surface 


srclabel = /out/sourcedata/freesurfer/fsaverage/label/lh.V2_exvivo.thresh.label
srcsubject = fsaverage
trgsubject = sub-v1s11x0050165_ses-1
trglabel = ./lh.V2_exvivo.thresh.label
regmethod = surface

srchemi = lh
trghemi = lh
trgsurface = white
srcsurfreg = sphere.reg
trgsurfreg = sphere.reg
usehash = 1
Use ProjAbs  = 0, 0
Use ProjFrac = 0, 0
DoPaint 0

SUBJECTS_DIR    /out/sourcedata/freesurfer
FREESURFER_HOME /opt/freesurfer
Loading source label.
Found 3334 points in source label.
Starting surface-based mapping
Reading source registration 
 /out/sourcedata/freesurfer/fsaverage/surf/lh.sphere.reg
Rescaling ...  original radius = 100
Reading target surface 
 /out/sourcedata/freesurfer/sub-v1s11x0050165_ses-1/surf/lh.white
Reading target registration 
 /out/sourcedata/freesurfer/sub-v1s11x0050165_ses-1/surf/lh.sphere.reg
Rescaling ...  original radius = 100
Building target registration hash (res=16).
Building source registration hash (res=16).
INFO: found  3334 nlabel points
Performing mapping from target back to the source label 126185
Number of reverse mapping hits = 833
Checking for and removing duplicates
Writing label file ./lh.V2_exvivo.thresh.label 4167
mri_label2label: Done


 mri_label2label --srcsubject fsaverage --srclabel /out/sourcedata/freesurfer/fsaverage/label/lh.MT_exvivo.thresh.label --trgsubject sub-v1s11x0050165_ses-1 --trglabel ./lh.MT_exvivo.thresh.label --hemi lh --regmethod surface 


srclabel = /out/sourcedata/freesurfer/fsaverage/label/lh.MT_exvivo.thresh.label
srcsubject = fsaverage
trgsubject = sub-v1s11x0050165_ses-1
trglabel = ./lh.MT_exvivo.thresh.label
regmethod = surface

srchemi = lh
trghemi = lh
trgsurface = white
srcsurfreg = sphere.reg
trgsurfreg = sphere.reg
usehash = 1
Use ProjAbs  = 0, 0
Use ProjFrac = 0, 0
DoPaint 0

SUBJECTS_DIR    /out/sourcedata/freesurfer
FREESURFER_HOME /opt/freesurfer
Loading source label.
Found 513 points in source label.
Starting surface-based mapping
Reading source registration 
 /out/sourcedata/freesurfer/fsaverage/surf/lh.sphere.reg
Rescaling ...  original radius = 100
Reading target surface 
 /out/sourcedata/freesurfer/sub-v1s11x0050165_ses-1/surf/lh.white
Reading target registration 
 /out/sourcedata/freesurfer/sub-v1s11x0050165_ses-1/surf/lh.sphere.reg
Rescaling ...  original radius = 100
Building target registration hash (res=16).
Building source registration hash (res=16).
INFO: found  513 nlabel points
Performing mapping from target back to the source label 126185
Number of reverse mapping hits = 96
Checking for and removing duplicates
Writing label file ./lh.MT_exvivo.thresh.label 609
mri_label2label: Done


 mri_label2label --srcsubject fsaverage --srclabel /out/sourcedata/freesurfer/fsaverage/label/lh.entorhinal_exvivo.thresh.label --trgsubject sub-v1s11x0050165_ses-1 --trglabel ./lh.entorhinal_exvivo.thresh.label --hemi lh --regmethod surface 


srclabel = /out/sourcedata/freesurfer/fsaverage/label/lh.entorhinal_exvivo.thresh.label
srcsubject = fsaverage
trgsubject = sub-v1s11x0050165_ses-1
trglabel = ./lh.entorhinal_exvivo.thresh.label
regmethod = surface

srchemi = lh
trghemi = lh
trgsurface = white
srcsurfreg = sphere.reg
trgsurfreg = sphere.reg
usehash = 1
Use ProjAbs  = 0, 0
Use ProjFrac = 0, 0
DoPaint 0

SUBJECTS_DIR    /out/sourcedata/freesurfer
FREESURFER_HOME /opt/freesurfer
Loading source label.
Found 470 points in source label.
Starting surface-based mapping
Reading source registration 
 /out/sourcedata/freesurfer/fsaverage/surf/lh.sphere.reg
Rescaling ...  original radius = 100
Reading target surface 
 /out/sourcedata/freesurfer/sub-v1s11x0050165_ses-1/surf/lh.white
Reading target registration 
 /out/sourcedata/freesurfer/sub-v1s11x0050165_ses-1/surf/lh.sphere.reg
Rescaling ...  original radius = 100
Building target registration hash (res=16).
Building source registration hash (res=16).
INFO: found  470 nlabel points
Performing mapping from target back to the source label 126185
Number of reverse mapping hits = 74
Checking for and removing duplicates
Writing label file ./lh.entorhinal_exvivo.thresh.label 544
mri_label2label: Done


 mri_label2label --srcsubject fsaverage --srclabel /out/sourcedata/freesurfer/fsaverage/label/lh.perirhinal_exvivo.thresh.label --trgsubject sub-v1s11x0050165_ses-1 --trglabel ./lh.perirhinal_exvivo.thresh.label --hemi lh --regmethod surface 


srclabel = /out/sourcedata/freesurfer/fsaverage/label/lh.perirhinal_exvivo.thresh.label
srcsubject = fsaverage
trgsubject = sub-v1s11x0050165_ses-1
trglabel = ./lh.perirhinal_exvivo.thresh.label
regmethod = surface

srchemi = lh
trghemi = lh
trgsurface = white
srcsurfreg = sphere.reg
trgsurfreg = sphere.reg
usehash = 1
Use ProjAbs  = 0, 0
Use ProjFrac = 0, 0
DoPaint 0

SUBJECTS_DIR    /out/sourcedata/freesurfer
FREESURFER_HOME /opt/freesurfer
Loading source label.
Found 450 points in source label.
Starting surface-based mapping
Reading source registration 
 /out/sourcedata/freesurfer/fsaverage/surf/lh.sphere.reg
Rescaling ...  original radius = 100
Reading target surface 
 /out/sourcedata/freesurfer/sub-v1s11x0050165_ses-1/surf/lh.white
Reading target registration 
 /out/sourcedata/freesurfer/sub-v1s11x0050165_ses-1/surf/lh.sphere.reg
Rescaling ...  original radius = 100
Building target registration hash (res=16).
Building source registration hash (res=16).
INFO: found  450 nlabel points
Performing mapping from target back to the source label 126185
Number of reverse mapping hits = 60
Checking for and removing duplicates
Writing label file ./lh.perirhinal_exvivo.thresh.label 510
mri_label2label: Done


 mris_label2annot --s sub-v1s11x0050165_ses-1 --hemi lh --ctab /opt/freesurfer/average/colortable_BA.txt --l lh.BA1_exvivo.label --l lh.BA2_exvivo.label --l lh.BA3a_exvivo.label --l lh.BA3b_exvivo.label --l lh.BA4a_exvivo.label --l lh.BA4p_exvivo.label --l lh.BA6_exvivo.label --l lh.BA44_exvivo.label --l lh.BA45_exvivo.label --l lh.V1_exvivo.label --l lh.V2_exvivo.label --l lh.MT_exvivo.label --l lh.perirhinal_exvivo.label --l lh.entorhinal_exvivo.label --a BA_exvivo --maxstatwinner --noverbose 

Reading ctab /opt/freesurfer/average/colortable_BA.txt
Number of ctab entries 15

7.3.2
cwd /out/sourcedata/freesurfer/sub-v1s11x0050165_ses-1/label
cmdline mris_label2annot --s sub-v1s11x0050165_ses-1 --hemi lh --ctab /opt/freesurfer/average/colortable_BA.txt --l lh.BA1_exvivo.label --l lh.BA2_exvivo.label --l lh.BA3a_exvivo.label --l lh.BA3b_exvivo.label --l lh.BA4a_exvivo.label --l lh.BA4p_exvivo.label --l lh.BA6_exvivo.label --l lh.BA44_exvivo.label --l lh.BA45_exvivo.label --l lh.V1_exvivo.label --l lh.V2_exvivo.label --l lh.MT_exvivo.label --l lh.perirhinal_exvivo.label --l lh.entorhinal_exvivo.label --a BA_exvivo --maxstatwinner --noverbose 
sysname  Linux
hostname dna055
machine  x86_64
user     oesteban

subject sub-v1s11x0050165_ses-1
hemi    lh
SUBJECTS_DIR /out/sourcedata/freesurfer
ColorTable /opt/freesurfer/average/colortable_BA.txt
AnnotName  BA_exvivo
nlables 14
LabelThresh 0 0.000000
Loading /out/sourcedata/freesurfer/sub-v1s11x0050165_ses-1/surf/lh.orig
 1 1530880 BA1_exvivo
 2 16749699 BA2_exvivo
 3 16711680 BA3a_exvivo
 4 3368703 BA3b_exvivo
 5 1376196 BA4a_exvivo
 6 13382655 BA4p_exvivo
 7 10036737 BA6_exvivo
 8 2490521 BA44_exvivo
 9 39283 BA45_exvivo
10 3993 V1_exvivo
11 8508928 V2_exvivo
12 10027163 MT_exvivo
13 16422433 perirhinal_exvivo
14 16392598 entorhinal_exvivo
Mapping unhit to unknown
Found 87555 unhit vertices
Writing annot to /out/sourcedata/freesurfer/sub-v1s11x0050165_ses-1/label/lh.BA_exvivo.annot

 mris_label2annot --s sub-v1s11x0050165_ses-1 --hemi lh --ctab /opt/freesurfer/average/colortable_BA.txt --l lh.BA1_exvivo.thresh.label --l lh.BA2_exvivo.thresh.label --l lh.BA3a_exvivo.thresh.label --l lh.BA3b_exvivo.thresh.label --l lh.BA4a_exvivo.thresh.label --l lh.BA4p_exvivo.thresh.label --l lh.BA6_exvivo.thresh.label --l lh.BA44_exvivo.thresh.label --l lh.BA45_exvivo.thresh.label --l lh.V1_exvivo.thresh.label --l lh.V2_exvivo.thresh.label --l lh.MT_exvivo.thresh.label --l lh.perirhinal_exvivo.thresh.label --l lh.entorhinal_exvivo.thresh.label --a BA_exvivo.thresh --maxstatwinner --noverbose 

Reading ctab /opt/freesurfer/average/colortable_BA.txt
Number of ctab entries 15

7.3.2
cwd /out/sourcedata/freesurfer/sub-v1s11x0050165_ses-1/label
cmdline mris_label2annot --s sub-v1s11x0050165_ses-1 --hemi lh --ctab /opt/freesurfer/average/colortable_BA.txt --l lh.BA1_exvivo.thresh.label --l lh.BA2_exvivo.thresh.label --l lh.BA3a_exvivo.thresh.label --l lh.BA3b_exvivo.thresh.label --l lh.BA4a_exvivo.thresh.label --l lh.BA4p_exvivo.thresh.label --l lh.BA6_exvivo.thresh.label --l lh.BA44_exvivo.thresh.label --l lh.BA45_exvivo.thresh.label --l lh.V1_exvivo.thresh.label --l lh.V2_exvivo.thresh.label --l lh.MT_exvivo.thresh.label --l lh.perirhinal_exvivo.thresh.label --l lh.entorhinal_exvivo.thresh.label --a BA_exvivo.thresh --maxstatwinner --noverbose 
sysname  Linux
hostname dna055
machine  x86_64
user     oesteban

subject sub-v1s11x0050165_ses-1
hemi    lh
SUBJECTS_DIR /out/sourcedata/freesurfer
ColorTable /opt/freesurfer/average/colortable_BA.txt
AnnotName  BA_exvivo.thresh
nlables 14
LabelThresh 0 0.000000
Loading /out/sourcedata/freesurfer/sub-v1s11x0050165_ses-1/surf/lh.orig
 1 1530880 BA1_exvivo
 2 16749699 BA2_exvivo
 3 16711680 BA3a_exvivo
 4 3368703 BA3b_exvivo
 5 1376196 BA4a_exvivo
 6 13382655 BA4p_exvivo
 7 10036737 BA6_exvivo
 8 2490521 BA44_exvivo
 9 39283 BA45_exvivo
10 3993 V1_exvivo
11 8508928 V2_exvivo
12 10027163 MT_exvivo
13 16422433 perirhinal_exvivo
14 16392598 entorhinal_exvivo
Mapping unhit to unknown
Found 104052 unhit vertices
Writing annot to /out/sourcedata/freesurfer/sub-v1s11x0050165_ses-1/label/lh.BA_exvivo.thresh.annot

 mris_anatomical_stats -th3 -mgz -noglobal -f ../stats/lh.BA_exvivo.stats -b -a ./lh.BA_exvivo.annot -c ./BA_exvivo.ctab sub-v1s11x0050165_ses-1 lh white 

computing statistics for each annotation in ./lh.BA_exvivo.annot.
reading volume /out/sourcedata/freesurfer/sub-v1s11x0050165_ses-1/mri/wm.mgz...
reading input surface /out/sourcedata/freesurfer/sub-v1s11x0050165_ses-1/surf/lh.white...
reading input pial surface /out/sourcedata/freesurfer/sub-v1s11x0050165_ses-1/surf/lh.pial...
reading input white surface /out/sourcedata/freesurfer/sub-v1s11x0050165_ses-1/surf/lh.white...
INFO: using TH3 volume calc
INFO: assuming MGZ format for volumes.
INFO: not computing global stats
Using TH3 vertex volume calc
Total face volume 276403
Total vertex volume 276179 (mask=0)
Saving annotation colortable ./BA_exvivo.ctab

table columns are:
    number of vertices
    total surface area (mm^2)
    total gray matter volume (mm^3)
    average cortical thickness +- standard deviation (mm)
    integrated rectified mean curvature
    integrated rectified Gaussian curvature
    folding index
    intrinsic curvature index
    structure name

 1104    841   2253  2.047 0.532     0.156     0.033       21     1.6  BA1_exvivo
 4328   3017   7320  2.418 0.520     0.103     0.017       34     3.1  BA2_exvivo
  923    599    881  1.977 0.385     0.129     0.025        8     0.9  BA3a_exvivo
 2211   1593   3895  2.067 0.757     0.094     0.017       18     1.5  BA3b_exvivo
 1556   1042   3171  2.664 0.466     0.090     0.015        8     1.0  BA4a_exvivo
 1117    751   1626  2.312 0.379     0.091     0.016        5     0.8  BA4p_exvivo
 8777   6444  22809  2.966 0.626     0.119     0.020       86     7.7  BA6_exvivo
 2070   1526   5370  2.938 0.612     0.108     0.018       21     1.5  BA44_exvivo
 2343   1795   6078  2.626 0.665     0.112     0.022       26     2.2  BA45_exvivo
 3248   2507   3289  1.517 0.581     0.172     0.043       52     6.6  V1_exvivo
 7310   5184  13796  2.442 0.653     0.151     0.037      113    11.0  V2_exvivo
 2137   1548   4833  2.772 0.551     0.118     0.020       26     1.9  MT_exvivo
  790    586   3324  3.931 0.708     0.117     0.025        7     0.7  perirhinal_exvivo
  716    443   2246  3.429 1.199     0.098     0.020        5     0.6  entorhinal_exvivo

 mris_anatomical_stats -th3 -mgz -f ../stats/lh.BA_exvivo.thresh.stats -noglobal -b -a ./lh.BA_exvivo.thresh.annot -c ./BA_exvivo.thresh.ctab sub-v1s11x0050165_ses-1 lh white 

computing statistics for each annotation in ./lh.BA_exvivo.thresh.annot.
reading volume /out/sourcedata/freesurfer/sub-v1s11x0050165_ses-1/mri/wm.mgz...
reading input surface /out/sourcedata/freesurfer/sub-v1s11x0050165_ses-1/surf/lh.white...
reading input pial surface /out/sourcedata/freesurfer/sub-v1s11x0050165_ses-1/surf/lh.pial...
reading input white surface /out/sourcedata/freesurfer/sub-v1s11x0050165_ses-1/surf/lh.white...
INFO: using TH3 volume calc
INFO: assuming MGZ format for volumes.
INFO: not computing global stats
Using TH3 vertex volume calc
Total face volume 276403
Total vertex volume 276179 (mask=0)
Saving annotation colortable ./BA_exvivo.thresh.ctab

table columns are:
    number of vertices
    total surface area (mm^2)
    total gray matter volume (mm^3)
    average cortical thickness +- standard deviation (mm)
    integrated rectified mean curvature
    integrated rectified Gaussian curvature
    folding index
    intrinsic curvature index
    structure name

  718    528   1333  1.959 0.438     0.172     0.038       15     1.3  BA1_exvivo
 1459   1041   2629  2.303 0.491     0.096     0.013       11     0.8  BA2_exvivo
  764    491    678  1.945 0.337     0.128     0.024        6     0.7  BA3a_exvivo
 1240    868   1464  1.582 0.335     0.063     0.008        4     0.4  BA3b_exvivo
 1467    965   2845  2.605 0.432     0.078     0.010        6     0.6  BA4a_exvivo
  900    612   1279  2.234 0.347     0.095     0.018        4     0.8  BA4p_exvivo
 4819   3505  12410  2.992 0.568     0.119     0.020       47     4.1  BA6_exvivo
 1271    970   3461  2.905 0.607     0.113     0.020       16     1.0  BA44_exvivo
  867    688   2658  2.746 0.663     0.114     0.022       10     0.8  BA45_exvivo
 3485   2657   3680  1.540 0.600     0.168     0.043       55     7.1  V1_exvivo
 3753   2669   6511  2.296 0.643     0.157     0.042       60     6.5  V2_exvivo
  563    425   1169  2.512 0.443     0.121     0.021        9     0.5  MT_exvivo
  358    268   1314  3.887 0.672     0.123     0.025        3     0.4  perirhinal_exvivo
  469    302   1456  3.672 0.863     0.093     0.013        2     0.3  entorhinal_exvivo

Started at Thu Mar 12 13:38:23 CET 2026 
Ended   at Thu Mar 12 13:41:34 CET 2026
#@#%# recon-all-run-time-hours 0.053
recon-all -s sub-v1s11x0050165_ses-1 finished without error at Thu Mar 12 13:41:34 CET 2026
