global_signal	global_signal_derivative1	global_signal_derivative1_power2	global_signal_power2	csf	csf_derivative1	csf_derivative1_power2	csf_power2	white_matter	white_matter_derivative1	white_matter_power2	white_matter_derivative1_power2	csf_wm	tcompcor	std_dvars	dvars	framewise_displacement	rmsd	t_comp_cor_00	t_comp_cor_01	t_comp_cor_02	t_comp_cor_03	c_comp_cor_00	c_comp_cor_01	c_comp_cor_02	c_comp_cor_03	c_comp_cor_04	w_comp_cor_00	w_comp_cor_01	w_comp_cor_02	w_comp_cor_03	w_comp_cor_04	w_comp_cor_05	w_comp_cor_06	w_comp_cor_07	w_comp_cor_08	w_comp_cor_09	w_comp_cor_10	w_comp_cor_11	w_comp_cor_12	w_comp_cor_13	w_comp_cor_14	w_comp_cor_15	a_comp_cor_00	a_comp_cor_01	a_comp_cor_02	a_comp_cor_03	a_comp_cor_04	a_comp_cor_05	a_comp_cor_06	a_comp_cor_07	a_comp_cor_08	a_comp_cor_09	a_comp_cor_10	a_comp_cor_11	a_comp_cor_12	a_comp_cor_13	a_comp_cor_14	edge_comp_00	edge_comp_01	edge_comp_02	edge_comp_03	edge_comp_04	edge_comp_05	edge_comp_06	edge_comp_07	edge_comp_08	edge_comp_09	edge_comp_10	edge_comp_11	edge_comp_12	edge_comp_13	edge_comp_14	edge_comp_15	edge_comp_16	edge_comp_17	edge_comp_18	edge_comp_19	edge_comp_20	edge_comp_21	edge_comp_22	edge_comp_23	cosine00	cosine01	trans_x	trans_x_derivative1	trans_x_derivative1_power2	trans_x_power2	trans_y	trans_y_derivative1	trans_y_derivative1_power2	trans_y_power2	trans_z	trans_z_derivative1	trans_z_power2	trans_z_derivative1_power2	rot_x	rot_x_derivative1	rot_x_power2	rot_x_derivative1_power2	rot_y	rot_y_derivative1	rot_y_power2	rot_y_derivative1_power2	rot_z	rot_z_derivative1	rot_z_derivative1_power2	rot_z_power2	motion_outlier00	motion_outlier01	motion_outlier02	motion_outlier03	motion_outlier04	motion_outlier05
872.1345332432331	n/a	n/a	760618.6440753922	701.0552974047962	n/a	n/a	491478.5300193272	828.1175134415017	n/a	685778.6160685358	n/a	818.0718696974707	559.4841587400844	n/a	n/a	n/a	n/a	-0.1229919075	0.3619550863	-0.0559469436	0.1043950867	0.0931731182	0.2256876802	-0.1701367504	0.2704520227	-0.1206003325	-0.0258956059	-0.0328092118	0.2657011134	-0.0235045008	0.0185430171	-0.0001888611	0.0092853286	-0.0474008749	0.1570955039	-0.0857958643	0.0011163042	-0.0076391293	0.1211310134	-0.0300478269	0.0463639332	-0.0736802158	-0.0084851616	0.0058094498	-0.1015342501	0.2161133045	-0.1883479247	0.0262983348	-0.0006342012	0.0447330596	-0.1173468145	-0.1771818017	0.1054642703	-0.0630345711	0.0727548217	-0.2087522187	0.0973341236	-0.0945451069	0.0382900473	-0.0201397106	0.077903532	-0.1776251822	0.1416976609	-0.1393092566	0.1891671775	-0.0689017174	0.1861002185	0.1275946101	-0.1068148434	0.0352220509	-0.1645684154	0.0634998552	-0.1266226858	0.0424970112	-0.1209230483	0.304071757	-0.2221569169	0.0285855713	-0.0778860404	-0.0021438448	0.1054225881	0.1561451084	0.1560591586	-0.026987544760388	n/a	n/a	0.0007283275721939	-0.0109411648948025	n/a	n/a	0.0001197090892552	-0.0857052172614771	n/a	0.0073453842658369	n/a	0.0024480020022701	n/a	5.992713803118417e-06	n/a	-2.999994107466541e-05	n/a	8.999964644833968e-10	n/a	3.684796400708727e-08	n/a	n/a	1.3577724514675993e-15	0.0	0.0	0.0	0.0	0.0	0.0
875.655956128496	3.5214228852628366	12.40041913685284	766773.3535033105	714.781155044968	13.725857640171853	188.39916795826403	510912.0996074186	830.1555246912448	2.038011249743022	689158.1951753959	4.153489854079114	819.3986413910633	594.6173355966552	1.365747	21.729355	0.0689934886005107	0.0563018756836547	-0.0677104758	0.0571771456	-0.1711773671	-0.0550444234	0.032767231	0.1408015994	0.0844601513	0.0829712718	-0.0819004591	0.1238991046	-0.0008723202	0.0825470008	0.0572925722	-0.1156938571	-0.0526045664	-0.012611028	-0.2944754434	0.0023619104	-0.0120932717	-0.0392180826	-0.0161286268	0.0012559453	0.1425387973	-0.1948474129	0.072479119	-0.0473451282	-0.1181594805	-0.0917538663	0.0654102677	0.0404146356	-0.0027044789	0.272961801	0.1293344837	-0.0565804158	0.0318665079	-0.010146914	0.0167887233	-0.2403816935	-0.037381518	0.3206625343	-0.047270973	-0.0402863661	0.001085117	0.1105028439	-0.2929697889	0.0380500317	-0.0980427119	-0.0064589988	0.1096041971	-0.1425633279	-0.0376074761	-0.1634068806	-0.0962054987	0.0315770302	0.2560713705	0.08603057	0.0205162886	-0.3139120562	0.2880229573	-0.1309755349	0.0368960761	-0.0527084613	0.1470246744	-0.1048078167	0.155915944	0.1551433414	-0.0269636951952492	2.384956513879974e-05	5.688017573098517e-10	0.0007270408585823	-0.0660568383197528	-0.0551156734249503	0.0030377374570857	0.0043635058888019	-0.0941076969947971	-0.0084024797333199	0.0088562586336645	7.060166566885321e-05	0.0025330003373468	8.499833507670009e-05	6.416090708999002e-06	7.224716965810984e-09	-5.39999203859054e-05	-2.3999979311239983e-05	2.915991401684121e-09	5.759990069399474e-10	6.825111809960829e-08	3.140315409252102e-08	9.861580869586197e-16	4.658215121846679e-15	0.0	0.0	0.0	0.0	0.0	0.0
873.6204709267643	-2.035485201731717	4.143200006468809	763212.7272223013	711.6469398103319	-3.1342152346361445	9.823305137025304	506441.3669414102	829.0084032331195	-1.147121458125298	687254.9326311264	1.3158876396915098	819.390426115101	592.8911183349088	1.192758	18.977062	0.1513314364203944	0.1206503101762096	0.0282575935	0.1392859845	-0.0588211535	-0.0417051971	0.0702531928	0.1515954988	-0.0379496195	0.0479741865	0.1249269682	0.0332596284	-0.0119797244	-0.0033138575	0.0652423264	-0.3010278306	0.1230387537	0.0965711062	0.0440365586	-0.0923603057	0.0622786788	0.0033934511	0.1571378284	-0.0441694512	-0.0001047185	0.141262087	-0.1463770506	-0.0525665514	-0.0432306977	-0.0417160678	0.021551867	0.1233269831	0.2965939868	0.0352621982	0.1076954216	0.1027860028	0.0132794774	0.0026556541	-0.2055776982	0.0363277486	-0.1060301176	0.1153048123	-0.0131880406	-0.0952836537	0.0593138696	0.0776064991	-0.1126958579	0.1431858069	-0.0551613837	0.0030433596	-0.0452226943	0.1876627704	-0.0829636073	0.0217327315	-0.0614969314	-0.2850762145	-0.0923798865	-0.014545161	-0.1291047897	0.2056905913	0.0913406083	-0.1634516542	-0.0528964595	0.1342740254	0.025605894	0.2309342439	0.1554579513	0.1533170814	-0.026826713297396	0.0001369818978532	1.876404033946529e-08	0.0007196725463406	0.0514228069853288	0.1174796453050815	0.0138014670610077	0.0026443050782503	-0.0928363691493103	0.0012713278454867	0.008618591436827	1.6162744907100945e-06	0.0022219977029619	-0.0003110026343849	4.937273791967959e-06	9.672263859434777e-08	-0.0003909998544691	-0.0003369999340831	1.528808861948574e-07	1.1356895557207753e-07	9.353100894620056e-07	8.670589713623973e-07	7.517912598200185e-13	8.748049634494249e-13	0.0	0.0	0.0	0.0	0.0	0.0
877.8355798670157	4.215108940251412	17.767143378187377	770595.3052804597	715.0696081556715	3.4226683453396163	11.714658602189829	511324.5445079056	830.0284294185782	1.0200261854587325	688947.1936430716	1.0404534190214925	819.6937266272197	601.1436413251437	1.134304	18.047039	0.0732132227933959	0.04852107560654	0.090464599	0.0600818901	-0.0253938154	-0.1277152991	0.0503446529	0.1092109444	0.0285861851	-0.0721359739	-0.194094185	0.0133414755	-0.0677093368	-0.0100611119	-0.1014082252	-0.207672645	-0.1120546744	0.2145648022	-0.0805549443	0.035226859	-0.0396451783	-0.2389426402	0.1896996737	0.21827969	0.1056288715	-0.0702462529	-0.1183205493	-0.0838632593	0.0082007388	-0.2334694861	-0.1408955399	0.0462757348	0.0140471833	0.0196514581	0.210587475	0.0272405458	-0.1277745288	0.1633852793	-0.2175744939	-0.1358871576	-0.0948641002	0.1374833548	0.0360552496	-0.0500413427	0.092269205	0.1022524238	-0.0793699162	0.1051999632	-0.0975563726	-0.0453134348	0.1160135993	0.1960454913	-0.0441677188	0.0235703407	-0.17293218	-0.012337926	0.1351262493	0.1762335169	-0.0844825448	0.0190362901	-0.1568043579	-0.1266946829	-0.2106544612	0.057801437	0.0409418071	-0.1632295553	0.1547718027	0.1505910958	-0.0214148177034587	0.0054118955939372	2.9288613919677947e-05	0.0004585944172723	0.0055607760984344	-0.0458620308868943	0.0021033258770704	3.092223081691931e-05	-0.1072696863478341	-0.0144333171985237	0.0115067856091627	0.0002083206453532	0.0021750006480927	-4.699705486919991e-05	4.730627819203665e-06	2.2087231663785872e-09	-0.0002879992486659	0.0001030006058032	8.29435672321229e-08	1.0609124795826206e-08	8.133884810536483e-07	-1.2192160840835734e-07	1.4864878596880826e-14	6.616008211107611e-13	0.0	0.0	0.0	0.0	0.0	0.0
876.0736895138167	-1.7618903531989645	3.104257616695572	767505.1094583513	721.424559103476	6.354950947804468	40.38540154900091	520453.3944776447	827.2252481790414	-2.803181239536798	684301.6112248766	7.857825061691058	817.5177537011975	627.5075048381447	1.054935	16.784267	0.0859042561607134	0.0551226025510465	0.1550158889	-0.0656632854	0.0798417328	-0.074717668	0.0278734154	-0.0093151863	-0.0520672219	-0.071239335	-0.0315323764	-0.1465733304	-0.0402198162	-0.1354100054	0.0114459312	-0.0869565325	-0.0093772236	-0.0197769951	-0.0769969043	0.195261289	0.0553225046	0.0485079138	-0.0025448123	0.15189402	0.0361627004	0.0323297782	0.0134894413	-0.0021195806	0.1472902417	-0.004162767	-0.0935816249	0.1214746841	0.0877077925	0.0182088894	0.0335018458	-0.1720683707	-0.0577801127	-0.0516296197	0.0745325605	-0.1270087959	-0.1445637192	-0.0890214455	0.0370859686	0.0325358737	0.1346845204	0.1887190934	-0.0084608485	0.0675915376	-0.0724013667	-0.0574870191	0.167633347	-0.2283051707	-0.1283829567	-0.1112713403	-0.0880983074	0.0175255812	0.033280004	-0.0423986428	0.0531774472	-0.0423967518	-0.0855461514	0.0717832173	-0.0883153749	-0.0203464663	-0.101067856	-0.12964447	0.1538585052	0.1469813818	-0.0137254747978801	0.0076893429055786	5.912599431957194e-05	0.0001883886584272	-0.0466093270374443	-0.0521701031358787	0.0027217196612082	0.0021724293668834	-0.0990076565188786	0.0082620298289554	0.0098025160493602	6.82611368945503e-05	0.0023740011001925	0.0001990004520997	5.6358812237152e-06	3.9601179935924726e-08	-0.0001320001943738	0.000155999054292	1.7424051314720982e-08	2.4335704940029563e-08	1.5728906694006776e-07	-6.560994141135805e-07	4.304664412001836e-13	2.4739850578877122e-14	0.0	0.0	0.0	0.0	0.0	0.0
873.0161435744521	-3.0575459393645588	9.348587171324702	762157.1869416084	725.5449904708175	4.120431367341553	16.977954652972176	526415.5331972988	824.8343660741821	-2.3908821048593154	680351.7314569978	5.716317239336511	815.6925190202207	611.8476815182938	1.123796	17.879854	0.1108527598604884	0.0638828134707103	-0.0775152497	-0.0013042247	0.2075287507	-0.0622168858	-0.1797255176	0.080387505	-0.146473588	-0.1440200988	0.0409017347	-0.2903640588	0.0772183314	0.0276161708	0.0029391992	0.0187162164	-0.0249839453	-0.0508669269	-0.0561716465	-0.0586840874	-0.0696367332	0.0133838489	-0.1317389439	-0.1665970711	0.1371316589	0.0564941408	0.0409802947	0.1780246714	0.229128344	-0.0108565992	0.0416386281	0.0292691011	0.0185128215	0.0284981121	-0.0001049544	0.0224189647	0.0455825985	0.1375196562	0.1286961337	0.0274029558	0.0043695437	0.0163022787	-0.045647726	0.0468348652	-0.0832364936	0.1088540681	0.0909745018	0.1361327183	-0.1850898006	-0.0466051858	0.0222731036	-0.0643083016	-0.0585852909	-0.0219329529	-0.0924826287	0.094221525	-0.2011300434	-0.0347483143	-0.1450765335	0.2187772958	-0.181249796	-0.0687102074	-0.1840250253	-0.0087952089	-0.2143033971	0.0251611548	0.152719399	0.1425091225	-0.0159666105919029	-0.0022411357940228	5.022689647250209e-06	0.0002549326537934	0.007104884004093	0.0537142110415373	0.0028852164678148	5.047937671161658e-05	-0.0710689033789293	0.0279387531399493	0.0050507890274835	0.000780573927015	0.0021590063318924	-0.0002149947683	4.661308341151476e-06	4.622275039641359e-08	0.0001059070509055	0.0002379072452793	1.1216303431500171e-08	5.659985735638502e-08	-8.611389505324058e-05	-8.627118412018065e-05	7.4427172094981105e-09	7.415602921240533e-09	0.0	0.0	0.0	0.0	0.0	0.0
869.4861831744934	-3.5299603999587816	12.460620425277162	756006.2227313486	722.9766326423164	-2.568357828501121	6.596461935222993	522695.21134682297	825.3774586154105	0.5430925412284751	681247.9491904337	0.2949495083380029	816.0100962320963	596.7584930566641	1.135379	18.06414	0.1261399686659763	0.0825335636710921	-0.2107571548	0.0916637395	0.0306523411	-0.0351204283	-0.1650341899	0.1476143233	-0.1155427359	0.1189340903	0.0865820968	-0.1688551158	0.1824355878	0.2699649667	0.0930151076	-0.0179345598	0.0467020208	0.0076016409	-0.0366149443	0.0392468043	0.1257147248	0.031473773	-0.1561538656	0.0727935388	-0.1083297922	-0.1962090371	-0.0494451602	0.2313984652	0.0624048413	-0.0546184431	0.2326289396	-0.0463248842	0.1107137872	0.0277520792	0.0436726266	-0.0047100347	-0.0486109229	-0.0876062493	0.137577039	0.0904710367	0.0846903069	-0.0540349686	-0.1303457257	0.045114833	-0.1464022524	0.129111739	-0.1719772844	0.0773020313	-0.0363069842	0.0454026271	-0.0649439571	-0.2082354939	-0.0624073319	-0.1423701548	0.1513118813	0.1247383935	0.0009196349	0.0592567183	-0.0181750747	-0.0726189734	-0.1145643007	0.2478544419	-0.1213720233	-0.0229869134	-0.1884298225	0.016129067	0.1513561561	0.1372005631	-0.0244465526174622	-0.0084799420255592	7.190941675684674e-05	0.0005976339348783	-0.069810311705865	-0.076915195709958	0.0059159473311011	0.00487347962047	-0.0437769893577808	0.0272919140211484	0.0019164247972312	0.0007448485709377	0.0021120009053516	-4.700542654080021e-05	4.460547824205977e-06	2.209510124282565e-09	-2.9999923093493308e-05	-0.0001359069739989	8.999953856155131e-10	1.8470705581563043e-08	3.204259317666873e-08	8.614593764641725e-05	7.421122572980409e-09	1.0267277774854974e-15	0.0	0.0	0.0	0.0	0.0	0.0
872.2167402692871	2.7305570947937667	7.455942047928576	760762.0420059811	712.5371589832478	-10.439473659068652	108.98261027838826	507709.2029319181	827.6224766781455	2.245018062734971	684958.9639028675	5.040106102006282	817.7577597951013	576.8953606043107	1.316349	20.943428	0.1444210486364743	0.1087581688575606	-0.0818285816	0.236174787	0.0143231577	-0.1661723933	-0.0366825724	0.21992332	0.0030761604	-0.0114945645	-0.1546013864	-0.1258799917	-0.1509022112	0.2477685333	-0.0622562124	0.0513623772	-0.0699582011	0.1093481174	0.0681314889	0.0455463869	-0.1986457641	0.091100367	-0.0158103057	-0.0560347551	-0.015886383	-0.129179498	0.0512354014	-0.0757708393	0.1329617427	-0.2690140018	0.1378923119	-0.1670991847	-0.0829103675	-0.1080765483	0.0188891258	-0.0021600978	0.1639606403	0.0798166963	0.0076705446	-0.0504888166	0.1199337889	-0.0725455097	-0.0843409029	-0.0132578557	-0.0074770738	0.0217205735	0.024199973	0.3052995979	0.042922978	0.0660036112	0.0244008322	0.1594821007	0.0296221115	0.0700126672	0.0551999052	0.1399947564	0.0019276466	0.1933478121	0.0758670287	0.1937438988	-0.1881507187	0.101753865	0.1462200416	-0.233545143	0.0477567412	0.0365328307	0.1497707771	0.1310868562	-0.0184787516690363	0.0059678009484258	3.561464816003306e-05	0.0003414642632459	0.0303353459964768	0.1001456577023418	0.0100291527566346	0.0009202332167259	-0.0441340677551664	-0.0003570783973856	0.0019478159366176	1.2750498187946876e-07	0.0013830000971084	-0.0007290008082431	1.912689268601844e-06	5.314421784192387e-07	-5.999995324357244e-05	-3.0000030150079133e-05	3.599994389230879e-09	9.00001809005657e-10	4.1435966317295535e-08	9.393373140626804e-09	8.82354589590491e-17	1.71693930464805e-15	0.0	0.0	0.0	0.0	0.0	0.0
876.3948941890308	4.178153919743636	17.45697017706911	768068.0105606024	718.9215639475229	6.384404964275177	40.76062674786152	516848.2151087523	828.719439628429	1.096962950283455	686775.9096180573	1.2033277142945815	818.1657182588352	593.4559369209485	1.315937	20.936867	0.1364655806060407	0.0842129063578261	-0.0825732925	0.0486110113	0.0288034909	0.1454313963	0.0130190012	-0.0489593233	-0.1200346112	0.0003162236	0.0863705332	-0.0627010336	-0.1001419477	0.011269269	0.1170705275	0.1960377908	0.0624858241	-0.0470543288	-0.1322720037	-0.0658991147	0.0560974345	0.1579770735	-0.0459849254	-0.1498833978	0.1244627136	-0.0580229389	0.031462299	-0.0480261978	0.1023504653	0.080316128	0.1367752106	-0.0081783407	-0.1513023072	0.0544276965	0.0592160413	-0.0498209873	0.1749357675	-0.1456999296	0.2904715607	0.0244291919	-0.0302785208	0.1064943038	-0.0532138745	-0.0498654632	-0.1013152425	0.1436571565	-0.0009795543	-0.0526334463	-0.1712399142	0.0115727804	-0.0589545278	-0.0383371105	-0.0094965061	0.0333220861	0.2583480629	0.1480944683	0.0596489817	-0.2293831496	-0.0831609157	0.1039100404	-0.1492765556	0.0588123436	0.1487457227	-0.0079109812	0.0884195278	-0.100545589	0.1479655889	0.1242038795	-0.0017899153369143	0.016688836332122	0.0002785172581203	3.203796913321032e-06	-0.0464530414109418	-0.0767883874074186	0.0058964564406318	0.0021578850563266	-0.0437208509502085	0.0004132168049578	0.0019115128078103	1.707481278996151e-07	0.0018209770049985	0.0004379769078901	3.315957252733307e-06	1.9182377184497315e-07	-0.0002457073301984	-0.0001857073769548	6.037209211322556e-08	3.4487229855442416e-08	-0.0002277770804196	-0.0002278185163859	5.1901276408280466e-08	5.188239836447692e-08	0.0	0.0	0.0	0.0	0.0	0.0
877.9584392067061	1.5635450176753238	2.4446730222973287	770811.0209742754	720.2048275234463	1.2832635759233426	1.6467654052915646	518694.993588077	830.7347163150185	2.015276686589573	690120.1688909944	4.061340123511448	820.2501063309317	595.0365540349585	1.359889	21.63615	0.1717580772787701	0.1103415861573799	0.0937543403	0.0850613958	-0.034220756	0.049433374	0.0754496718	-0.1404256137	-0.0593544485	0.0549369677	-0.2064915033	0.0805100286	-0.1489762861	-0.01015786	-0.2820030942	-0.0484553308	0.0052041229	0.0578968929	0.0359379332	-0.0406810949	0.058195877	0.035075009	-0.0164103771	0.1235394732	-0.09915332	0.1033155005	-0.1343290377	-0.1719152427	-0.0076493045	-0.0779977837	-0.2218391642	-0.173608769	0.057755633	0.0110647454	0.0319937416	0.0788432076	-0.0879331233	-0.0941871989	-0.0211660033	0.196000881	-0.1045304199	-0.1161668464	-0.0450443896	0.1038428045	0.2678628936	-0.0796428792	-0.001029775	0.0254086692	-0.139613901	0.0384208533	-0.1259523728	0.1006271567	-0.1357603229	0.1897446159	-0.0359347875	-0.042973069	-0.0645641329	-0.2199161339	0.0943591635	-0.0068609907	0.1732824711	0.3482203024	0.203471053	0.2142040216	-0.0670222273	-0.036951153	0.1459432408	0.1165920251	-0.0051786247151568	-0.0033887093782425	1.148335125018867e-05	2.681815394043285e-05	0.0552267496715472	0.101679791082489	0.0103387799145786	0.0030499938792837	-0.0824087924278984	-0.0386879414776899	0.0067912090694244	0.0014967568157811	0.0016949889022253	-0.0001259881027731	2.8729873786669275e-06	1.5873002040390392e-08	-0.0005060461708168	-0.0002603388406183	2.560827269983459e-07	6.777631193453267e-08	-5.407131700422467e-05	0.0001737057634153	3.017369224371834e-08	2.923707322571356e-09	0.0	0.0	0.0	0.0	0.0	0.0
880.688474660002	2.7300354532959545	7.453093576252848	775612.189398961	720.2376151901108	0.0327876666644897	0.0010750310853016	518742.22233473806	831.4316056330401	0.69688931802159	691278.5148455352	0.4856547215725968	820.4847973600773	614.0644563589341	1.393475	22.170517	0.0636099420044693	0.0294415763377523	0.0901998406	-0.0804720125	0.0273381708	0.0928215221	0.0845847214	-0.110263269	0.0473807385	-0.1400429354	0.0765195853	0.1167654158	-0.1323864651	-0.1826430073	0.1465411132	0.11851227	-0.0870906585	-0.158672336	-0.2770178631	0.0200459502	0.0008752899	0.0530760166	-0.0161692361	0.0110779578	-0.0991838314	0.1693652965	0.063214842	-0.1623351197	-0.0380085539	0.1330134804	-0.0333735303	0.1162452425	-0.2550604627	0.2385653524	-0.0233602915	-0.2220167167	-0.0502456013	-0.0732511763	0.0774918244	0.1010423016	-0.1273673457	-0.1178012259	0.0623016194	-0.192919102	-0.0075130452	-0.1045960336	0.1177452569	-0.0571558463	-0.1503683771	-0.1006024372	0.1043088455	0.0156393732	0.080102759	-0.0195070856	0.1535023027	-0.0080820051	-0.1168291292	-0.0090762074	0.331338916	-0.0098054254	0.0569079304	-0.0215192166	0.1646933657	-0.1416128373	-0.0641975157	0.0094528942	0.1437067008	0.1082959623	0.0020146346218012	0.007193259336958	5.174297988873345e-05	4.058752659360064e-06	0.0568480509604114	0.0016213012888642	2.628617869272722e-06	0.0032317008979975	-0.06844684397565	0.0139619484522484	0.0046849704502269	0.0001949360045832	0.001461977785944	-0.0002330111162813	2.13737904659372e-06	5.4294180310657566e-08	-0.0001512068076536	0.0003548393631631	2.2863498680792793e-08	1.259109736500653e-07	-0.0002828894960877	-0.0002288181790834	5.2357759079077385e-08	8.002646699675282e-08	0.0	0.0	0.0	0.0	0.0	0.0
881.0665447177959	0.3780700577938205	0.1429369686002227	776278.2562209558	722.3935861329775	2.155970942866702	4.648210706485536	521852.4932860636	831.5537803477811	0.122174714740936	691481.6896106857	0.014926660922029	821.6487027065648	615.1370031161186	1.213063	19.300114	0.1166396171463735	0.0811866320028744	0.2222876891	-0.0177066944	-0.0231427248	0.1417575462	0.1742361434	-0.2136433605	-0.010524263	0.1019830193	0.0205560646	0.1368849224	-0.1499847229	-0.0773748808	-0.1152709275	-0.0649092139	0.2052471906	-0.1262621093	-0.0650610445	-0.0215534363	0.0589625295	-0.1454031303	-0.0073991044	0.0529416387	-0.118349394	0.0607493673	0.2244358413	-0.2082537574	-0.0504744314	0.2354338139	-0.0846148841	-0.124056194	0.1622311376	0.1549450725	-0.032143741	-0.0273026222	-0.110549923	0.0428641796	-0.1368948544	-0.0108235915	0.1545420366	-0.1933967306	0.0436299529	0.0593753162	0.2505978163	0.0754936545	0.0037280728	-0.1507957241	0.0758564897	-0.0621244518	-0.0096738716	0.0185150183	0.1030973981	0.0375841434	0.1561694598	0.0594061846	-0.024345112	0.149711659	0.1052823284	0.0032099016	-0.0420234174	0.2426306501	0.0734615553	0.0930247976	0.1172231901	0.2440081915	0.1412592515	0.0993643757	0.0031607216141793	0.0011460869923781	1.313515394098279e-06	9.9901611223402e-06	-0.0220831457468477	-0.0789311967072591	0.00623013381364	0.0004876653260765	-0.0888142303471113	-0.0203673863714613	0.0078879675121497	0.0004148304276043	0.0012539835662047	-0.0002079942197392	1.5724747843114574e-06	4.3261595444960165e-08	-0.0001691158887284	-1.7909081074799984e-05	2.8600183820396567e-08	3.20735184943759e-10	-0.0001848938553963	9.799564069139996e-05	9.603145594517966e-09	3.41857377633079e-08	0.0	0.0	0.0	0.0	0.0	0.0
882.4543800724636	1.3878353546676865	1.9260869716655824	778725.7329090759	736.3912482734199	13.997662140442458	195.9345453979761	542272.0705336856	831.3268722878363	-0.2269080599447761	691104.3685878764	0.0514872676679021	822.3025131826325	629.6588136314327	1.413661	22.491671	0.144091373194139	0.1093373833087533	0.0713685215	-0.1916854636	-0.1073081537	-0.0427616736	0.0346395587	-0.1676016862	0.2403068284	-0.1146429381	-0.1334839744	0.1051288477	-0.100417753	-0.0898881026	-0.0601337711	-0.1000005282	-0.1640479878	-0.2379572068	-0.0101456716	-0.0831595642	0.0043051282	0.1260672198	0.0794075186	-0.0136169675	0.0007855706	0.0698286541	0.1524574112	-0.1419293431	-0.0404327483	-0.0133016488	-0.1172846142	0.0668427781	-0.0335705816	0.1628965631	-0.2904830194	0.0824468219	-0.0226871539	-0.0865334556	-0.0027555864	-0.1734369884	-0.0433483621	-0.1821467458	0.0114087921	-0.0779991513	0.0969292229	-0.2490085362	0.0108693819	-0.0650149606	-0.0349269187	-0.1927049596	0.1108671741	-0.096905023	0.116951614	0.0695304237	-0.1152214727	0.1057923622	0.0592228662	-0.0580184889	0.0568897087	-0.0530990816	-0.0613394562	-0.032727026	-0.0041346043	-0.1473083669	0.0543808459	0.1233156225	0.1386044847	0.0898496795	0.0055306147581717	0.0023698931439923	5.616393513942181e-06	3.0587699603306605e-05	0.0849637462870021	0.1070468920338497	0.0114590370941066	0.007218838183122	-0.0742639623559995	0.0145502679911118	0.0055151361048133	0.0002117102986131	0.0010629873795629	-0.0001909961866418	1.129942169110001e-06	3.647954331170931e-08	-0.0002970545163212	-0.0001279386275928	8.824138566682206e-08	1.636829243032916e-08	-0.0001013422691272	8.355158626910001e-05	6.980867568082862e-09	1.0270255511849834e-08	0.0	0.0	0.0	0.0	0.0	0.0
879.8038940026039	-2.650486069859653	7.0250764065200695	774054.8919021451	724.5549479304133	-11.836300343006656	140.09800580985947	524979.8725704439	831.9014583960511	0.5745861082148167	692060.0364814767	0.330149195753449	822.1387594628521	633.2058152663402	1.246925	19.838869	0.120965766578007	0.0989781689616604	0.1771498616	-0.1632342955	-0.2097096889	0.0198271288	0.1917984635	-0.1027782009	0.196876226	0.0413665876	0.121696901	0.1607524382	-0.0734241199	-0.0825330037	0.1141179669	-0.1914844689	0.1483747626	-0.0194920457	0.0662566986	-0.1121537483	0.069044888	0.0448973629	-0.1099089883	-0.1023035224	0.2516107251	0.0221842668	-0.2250101116	-0.1506992572	-0.131761219	0.0682824966	-0.0145053625	0.1546830555	0.2290720281	-0.0205782698	-0.0375753245	0.0833333017	0.0348836317	-0.0220251941	0.1692226885	-0.0507600791	0.0510558607	0.0658285225	0.0511471846	-0.0790513843	0.1746330428	0.0353238507	-0.120568582	-0.227632776	0.1665884416	-0.0608689826	-0.0535860144	-0.1365649356	0.048784057	0.1205958076	0.0137027204	0.0299392745	-0.0826530187	0.0035589596	-0.0729169902	0.0896297537	-0.1698084431	-0.0525917	-0.0855498184	0.0596741856	0.1555639334	0.2304990891	0.1357462967	0.0798077096	-0.0012270931311775	-0.0067577078893491	4.566661591777241e-05	1.505757552583001e-06	-0.0136041942710818	-0.0985679405580838	0.0097156389058619	0.0001850741017653	-0.0738991704487546	0.0003647919072448	0.005461087393014	1.33073135591367e-07	0.0011390009054729	7.601352591e-05	1.297323062668086e-06	5.7780561212702424e-09	-0.000169000002768	0.0001280545135531	2.856100093558401e-08	1.6397958441346675e-08	9.621587618139932e-08	0.0001014384850033	1.0289766239781233e-08	9.257494829354366e-15	0.0	0.0	0.0	0.0	0.0	0.0
878.6981370373503	-1.1057569652535904	1.22269846620683	772110.4160329101	732.8115006180496	8.256552687636372	68.1706622837154	537012.6954380778	830.8453810842414	-1.0560773118097586	690304.0472690183	1.115299288519326	822.9815304172946	620.886309591114	1.3076	20.804222	0.1317671691185831	0.0989133762200317	-0.0009083889	-0.1622387574	0.017444721	-0.0562446351	-0.0787591973	-0.0836767537	0.1635584877	-0.0454322577	-0.0585796444	0.0784122123	0.0178771138	-0.1072086919	0.0175316339	0.046551266	-0.0611151784	-0.2294207049	0.0205051475	0.0797298549	0.0255171586	0.0800587031	-0.2065139982	0.0115739756	-0.0366755544	-0.0707255145	0.0723592095	-0.0022553788	-0.0850271604	0.0576822974	-0.0895947101	0.0225037887	-0.0466554421	-0.0799947761	-0.2058723635	-0.071122323	-0.0116875367	0.0990552955	0.2542759443	-0.2314857612	0.1544307564	-0.1505493297	-0.0264115151	0.0546682642	0.0933733151	-0.2120370611	0.0587294455	-0.0469672843	-0.025952066	-0.1241959923	0.0591067277	-0.0856305603	0.1350522496	-0.0101513792	0.0809771633	-0.0010160695	-0.1782313007	-0.0008356371	0.0059962458	-0.065976024	-0.0683820999	-0.1993559071	0.1493895818	0.0303257652	-0.0604264911	-0.1019005053	0.1326888823	0.0692973963	0.0081400230202177	0.0093671161513952	8.774286499372883e-05	6.62599747696741e-05	0.0823166901935081	0.0959208844645898	0.0092008160764692	0.0067760374844139	-0.0572208749809703	0.0166782954677843	0.0032742285335878	0.0002781655397107	0.0009999998077359	-0.000139001097737	9.999996154718369e-07	1.932130517209104e-08	-0.0002259996062001	-5.6999603432099984e-05	5.107582200260028e-08	3.248954791416664e-09	1.1297540335663757e-07	1.6759527175238243e-08	2.8088175113754923e-16	1.2763441763594955e-14	0.0	0.0	0.0	0.0	0.0	0.0
878.3467206061243	-0.3514164312259709	0.1234935081355975	771492.9615995331	728.80378073615	-4.007719881899675	16.061818651773944	531154.9508153062	832.0437848083955	1.1984037241541046	692296.8598382794	1.4361714860664272	822.3160456059173	610.9917437398535	1.217293	19.367418	0.0920453888841739	0.0538411014355753	-0.0591224028	-0.1615338925	-0.155198178	0.0478212993	0.0051070039	0.0297289905	0.2444517043	0.0667536084	0.2681941988	0.2038112694	0.0878235859	0.0734013471	0.171497533	0.0805925185	0.0163295396	0.0677075424	0.0679508419	-0.1204187034	-0.0623574006	-0.0595694904	-0.1289747452	-0.0750539324	0.0303550757	-0.0379370315	0.0886376058	0.0357529666	-0.2591479125	0.0762078986	0.1444456301	0.0653756215	-0.0591688183	-0.0384725286	0.0217395179	0.0783112188	0.0533198435	0.1552253191	0.0911018838	-0.005092927	0.2012052583	-0.0017817028	-0.0258737398	-0.1625153083	-0.0667593855	-0.0333217225	-0.08773432	-0.2293080748	0.1042103984	-0.1072857179	-0.0357062805	0.0262217383	0.0253912612	0.0051284886	-0.0469240136	-0.0568077439	-0.151370979	0.1632393284	0.036473607	0.1275561937	0.1329548734	0.0009095343	-0.0632409152	0.0905541404	0.1254646549	-0.1034281176	0.1294367287	0.0583804184	-0.0011990276487665	-0.0093390506689842	8.721786739785426e-05	1.4376673025065212e-06	0.0339546004324802	-0.0483620897610279	0.0023388917260537	0.0011529148905293	-0.0449601937310575	0.0122606812499128	0.0020214190203342	0.0001503243047119	0.0011859983022232	0.0001859984944873	1.4065919728763129e-06	3.4595439951542166e-08	-0.0004809999685557	-0.0002550003623556	2.313609697505844e-07	6.502518480148733e-08	7.85462645437043e-07	6.724872420804055e-07	4.522390907609098e-13	6.169515673769579e-13	0.0	0.0	0.0	0.0	0.0	0.0
878.6554199364077	0.3086993302833889	0.0952952765174128	772035.346983625	728.3102261311299	-0.4935546050201083	0.243596148136555	530435.7854871775	829.3357617371064	-2.7080230712890625	687797.8056960665	7.333388954633847	819.814585808381	607.6686973734799	1.357778	21.602566	0.0686241065588017	0.0345031134461275	0.0264543359	-0.1165026906	0.0442442229	0.1848552027	-0.0254267824	-0.1827030999	-0.0603842839	-0.0194171421	0.0248147366	-0.0307836369	0.0727331955	-0.0953709997	-0.0739854176	0.1695352126	0.1259903492	-0.1972367696	0.2359882592	-0.052111312	-0.1688110736	0.003063768	0.0172855415	0.0565164054	0.1150115657	-0.0880174188	-0.0984582349	0.0830628831	0.0367529503	0.245398279	-0.0476441416	-0.1092628744	0.017646779	-0.1273983942	-0.2438952224	0.0346890142	0.1809106053	0.0908007897	0.0051018189	-0.03667718	-0.0662059549	0.1091110133	-0.0006783302	0.1060703903	0.071100447	-0.0877693385	0.1640937673	-0.1588371759	-0.0387041129	-0.0562001861	0.0007677565	-0.0862427258	0.1732221971	-0.0069603786	-0.0412305151	-0.0138770653	-0.0013555306	-0.0108493288	-0.2337586949	-0.1681420329	-0.1208866751	-0.0454430238	-0.0133889872	0.1656058074	0.0067993805	-0.091616718	0.1259946088	0.0471208409	0.0011296241036404	0.0023286517524069	5.422618983987726e-06	1.2760506155253771e-06	0.0376978202983053	0.003743219865825	1.4011694963907663e-05	0.0014211256552433	-0.0613474164141791	-0.0163872226831216	0.0037635055006946	0.0002685410672662	0.0006370100123534	-0.0005489882898698	4.057817558384789e-07	3.013881424141675e-07	-0.0002059678284918	0.0002750321400639	4.2422746373627544e-08	7.564267806812872e-08	0.0001000652778607	9.927981521526297e-05	9.856481709176755e-09	1.0013059833339097e-08	0.0	0.0	0.0	0.0	0.0	0.0
877.1188268318332	-1.5365931045745356	2.3611183690260096	769337.4363828513	729.5266571732254	1.2164310420955644	1.4797044801737007	532209.1435263408	830.0004989509296	0.6647372138231731	688900.828258792	0.4418755634413949	820.0617853199716	613.3248858492599	1.186104	18.871195	0.1041659097908733	0.0560835418967473	-0.1012259711	-0.1450878564	0.0184439543	0.0203076394	-0.1043027194	0.0026190518	0.0962662196	-0.0720029982	0.1699612288	0.052842106	0.2115794769	-0.0211803094	0.0708252764	0.1645258555	-0.0714734913	-0.0498402523	0.2125720331	-0.1963087449	0.1044992886	-0.0108389989	0.0589244217	0.0284991358	-0.0604322726	0.1142422265	0.002772988	0.1666807237	-0.1083575197	0.0922786745	0.048133419	0.0611664518	-0.1433296363	-0.059795801	-0.1440723101	0.1763245535	-0.0489700037	-0.0093260608	-0.0555061894	0.2139747086	-0.010936594	0.044535447	-0.0466877789	-0.1360989252	-0.1392770991	-0.1472928367	0.1151636658	-0.1691540426	0.021721235	-0.0141578478	-0.0799167765	0.0072792259	0.0509283757	-0.0148766181	-0.0941215568	-0.1665864818	-0.0964160104	0.1100211707	0.0334223172	0.0303655671	0.028644201	0.0540048951	-0.0522461398	0.0985840669	-0.0357414803	0.0056943608	0.1223675745	0.0355847396	0.0061177403766095	0.004988116272969	2.4881303952659135e-05	3.742674731559814e-05	0.0753621473772767	0.0376643270789714	0.0014186015343117	0.0056794532573143	-0.0281354628594669	0.0332119535547122	0.0007916042703164	0.0011030338589203	0.0002849997651913	-0.0003520102471621	8.122486615909615e-08	1.2391121410712273e-07	-9.199998136399934e-05	0.0001139678471278	8.463996570976225e-09	1.2988670178945741e-08	1.3114466188387424e-08	-0.0001000521633945	1.0010435399922048e-08	1.7198922340635696e-16	0.0	0.0	0.0	0.0	0.0	0.0
878.1574733768045	1.0386465449713569	1.078786645380937	771160.5480475331	719.845415682406	-9.681241490819389	93.72643680356282	518177.422478976	830.3187975202288	0.3182985692992588	689429.3055154388	0.101313979217955	820.5171392245555	597.0674651382316	1.184511	18.845844	0.0849299475405648	0.0505996632183951	0.0504773	-0.0305537363	-0.0271445436	0.2971839231	0.0925541808	-0.1358515926	-0.0910584258	0.1035497513	0.0534172989	0.035575199	0.0623916524	-0.0963265849	-0.0219910769	0.1244731306	0.2292622167	-0.0958916805	0.1253786118	-0.0080548209	-0.0494349216	-0.0760969332	0.0335110282	0.0805665127	0.0287561573	-0.0897225628	-0.1627586252	0.0404012906	-0.0220953724	0.27523752	-0.0378292586	-0.101958771	0.0754424548	-0.1092398876	-0.0680177496	-0.0478280399	0.0702046733	0.0613369588	-0.104582856	0.1291082608	-0.1118828145	0.1075278802	-0.0230727188	0.071175922	0.061365262	-0.0601620546	0.1715548865	-0.2130650952	0.0511663292	0.043138369	-0.0697588777	0.0151227589	0.2445813478	-0.000890993	-0.0153638552	-0.0934700057	-0.0041874803	-0.0162712394	-0.1672400963	-0.1277307103	0.0881781439	0.0328752094	-0.0484549973	-0.0441959909	-0.0826373056	-0.1468517751	0.1185609488	0.023839813	0.0057063448089849	-0.0004113955676245	1.6924631306116634e-07	3.256237107902892e-05	0.0289819897332819	-0.0463801576439948	0.0021511190230818	0.0008399557289	-0.0395226909790835	-0.0113872281196166	0.0015620431022281	0.0001296689642481	-7.899998120086425e-05	-0.0003639997463921	6.240997029736904e-09	1.3249581537355994e-07	-0.0002630000765415	-0.0001710000951775	6.916904026083486e-08	2.9241032550714293e-08	-1.0368150724527226e-08	-2.3482616912914653e-08	5.514332970787053e-16	1.0749854944651443e-16	0.0	0.0	0.0	0.0	0.0	0.0
878.6063726985122	0.4488993217076995	0.2015106010296327	771949.158146437	742.013631305179	22.168215622773005	491.4297838977571	550584.2290426982	830.1533899522366	-0.1654075679922471	689154.6508491902	0.0273596635491098	820.9619078548561	624.1309076455923	1.47831	23.520266	0.0716099693131068	0.0394642602144649	-0.1785278954	-0.1990804934	0.109549009	-0.1031666654	-0.2645535807	-0.1210090204	0.0163354271	-0.1439825599	0.0416119853	0.0302015045	0.2347746417	-0.0906089342	-0.0054224153	0.130397995	-0.2081493376	0.0346488276	0.1917569126	-0.2155537114	0.0161130879	-0.0497028383	-0.0561196001	0.0342530225	-0.1442359459	0.0393199622	0.0491706173	0.2079735487	-0.0729942646	0.0507890125	-0.06950426	0.0654745785	-0.1896450385	-0.0904338054	-0.1478002222	0.3115114241	-0.0287893243	-0.0045860029	-0.0408630168	0.0378301907	-0.0011174345	-0.0798616215	-0.0903289103	-0.0613997509	-0.2414673915	-0.1443897332	0.209202462	-0.0449126882	0.1038578072	0.0442907286	0.0619672328	-0.0540686402	-0.1834402716	-0.0466268566	-0.0328492361	-0.1089880073	0.1563431413	0.0660961716	-0.1662540954	-0.001729404	0.0127522979	0.0956861244	-0.0198783518	-0.2020308554	-0.0914584923	-0.0192026148	0.1145803187	0.0119549848	0.0098249362943789	0.004118591485394	1.696279582355996e-05	9.65293731886038e-05	0.0396918906947263	0.0107099009614443	0.0001147019786039	0.0015754461869221	-0.0076419136353109	0.0318807773437726	5.839884400955066e-05	0.0010163839640432	-0.0002900000007144	-0.0002110000195135	8.4100000414352e-08	4.452100823471248e-08	2.4000007897928555e-05	0.0002870000844394	5.76000379100633e-10	8.236904846823914e-08	3.5183462280478483e-09	1.3886496952575074e-08	1.928347976138768e-16	1.2378760180418521e-17	0.0	0.0	0.0	0.0	0.0	0.0
873.1613721608769	-5.445000537635337	29.648030854849114	762410.7818338653	731.3109683474979	-10.702662957681127	114.54699438571974	534815.7324253551	829.8278041065188	-0.3255858457177965	688614.1844682469	0.1060061429317727	820.3893909204038	607.2645196425609	1.2739	20.268055	0.1142251318321794	0.0624520565500141	-0.1545475541	-0.0381308224	-0.0260704454	-0.0166414909	-0.1554327598	0.0594652873	0.1031697635	0.1439730996	0.190726273	0.081854932	0.2828133444	0.0681570182	0.0191548305	-0.0288623193	0.113793776	0.1292604475	0.1564534884	0.0392374205	-0.1749043961	-0.0989765902	-0.0700925759	0.0575599947	-0.0854297216	0.1314980652	-0.0316424208	0.2380161793	-0.1906893953	0.008832154	0.0576271905	-0.0249648869	0.086534339	-0.2053317208	0.0765791136	0.0310031642	-0.0100243858	0.0952038262	-0.0466057075	0.0033255564	-0.055599098	-0.2193095714	-0.1413339103	0.0916015595	-0.1307366225	0.0305390982	-0.028187391	-0.0885129363	0.3000796129	0.1341521312	-0.148183887	-0.0443232205	-0.0614282828	-0.0538456385	-0.0069869428	-0.1158579435	-0.1232339139	0.0730507526	-0.0001500262	0.1167353898	0.1017150775	0.1248015256	-0.0347574805	-0.1332328475	-0.0672469648	-0.0097827833	0.1104315261	-0.0	-0.0019521818714167	-0.0117771181657956	0.0001387005122911	3.8110140590880087e-06	-0.0150434117871043	-0.0547353024818305	0.0029959533377774	0.0002263042381963	-0.0007526364222769	0.006889277213034	5.664615841377721e-07	4.7462140518029525e-05	9.09872252013764e-05	0.0003809872259157	8.278675149845985e-09	1.4515126631099885e-07	0.0003940028536268	0.0003700028457288	1.5523824866606158e-07	1.3690210584746308e-07	6.548212613196489e-05	6.547860778573684e-05	4.287448077558358e-09	4.287908842762559e-09	0.0	0.0	0.0	0.0	0.0	0.0
875.1289273194827	1.967555158605819	3.87127330215637	765850.6394313485	717.3194736446346	-13.991494702863292	195.7619240202516	514547.2272698157	830.7228969487929	0.8950928422741526	690100.5315149948	0.8011911962904211	820.3718763937162	588.1986914862935	1.315895	20.93619	0.1832746306485246	0.1335158571739525	-0.1026848463	0.1267927841	-0.0051178774	-0.1834410192	-0.0486353083	0.1154461437	0.0203195015	-0.0510501699	-0.172242156	0.0167793413	-0.0148839877	0.0729550199	-0.1226623849	0.1536837939	-0.2221006281	0.1275197311	0.0907008535	0.0580635404	-0.1898475709	0.0349731948	0.1273872888	-0.0554330729	-0.0237985922	0.0521686976	0.0707995356	0.0124239479	-0.017460009	-0.2131367529	-0.0429471617	-0.0990031175	-0.2225621063	-0.162952853	-0.033384158	-0.02610248	0.1507637151	0.0200620331	-0.1469703068	-0.024427987	-0.0110043692	-0.0204289231	-0.0403756627	-0.0335398466	-0.0549212104	-0.2245068514	0.1033546686	0.1548578737	0.14056744	0.0793864841	-0.0913171828	0.1559855013	0.0034832854	0.0614025986	0.1359310603	-0.104417943	0.1055989837	0.163975922	0.0828911631	-0.130239565	-0.1336178125	-0.1173352431	0.1162181969	0.0032196349	-0.0025366728	-0.1054224415	0.10612066	-0.0119549848	0.0031654811272119	0.0051176629986286	2.619047456753228e-05	1.002027076673472e-05	0.111799400783795	0.1268428125708993	0.0160890991008962	0.0124991060156156	-0.001540078561149	-0.0007874421388721	2.371841974510774e-06	6.200651220714676e-07	-0.0005510004556504	-0.0006419876808517	3.036015021269484e-07	4.121481823654422e-07	2.698149824809093e-05	-0.0003670213553787	7.280012477117338e-10	1.3470467530402466e-07	6.700734870397127e-05	1.525222572006381e-06	2.3263038941577604e-12	4.489984780335601e-09	0.0	0.0	0.0	0.0	0.0	0.0
878.3320631393537	3.2031358198710222	10.260079080540804	771467.2131386338	721.7227638863228	4.403290241688183	19.38896495254637	520883.74791171285	830.4134656863105	-0.3094312624824624	689586.5239931492	0.0957477062014905	820.1592341946179	600.6935952667498	1.306321	20.783878	0.1951298290953222	0.1273349538734677	-0.0305756504	-0.0082446963	0.077979555	0.1591025372	0.0012190397	-0.1093836773	-0.1312933871	-0.0227454667	0.056382795	-0.0218103109	-0.027554545	-0.1107350271	0.0011433533	0.209937308	0.0675722305	0.0944329644	0.0059134254	-0.1357922471	0.0517490222	0.0062176166	-0.0591161232	-0.1403000835	0.0387190965	-0.1933003926	0.0791272765	0.0095762896	0.0546243323	0.0934366807	-0.0386144888	-0.0051882113	-0.1768083205	-0.1185314997	0.0856513814	0.0541637904	0.1800351865	-0.0789242614	0.082956667	0.0830694196	0.0723267342	0.2485472452	0.0208119569	0.0117506427	-0.1445673579	0.0661338964	0.1543271509	-0.1552132394	0.0342095989	0.105581256	-0.1030150318	0.0284019737	0.060062683	0.0241229025	0.1322935459	-0.0219167572	0.1414614582	-0.137634482	0.0098244212	-0.0027735258	0.0143139102	-0.1637348053	0.0693802567	0.0210500414	0.0909157956	-0.0670931891	0.1016540472	-0.023839813	0.0101275550404977	0.0069620739132858	4.8470473174054655e-05	0.0001025673710983	-0.0057468936892206	-0.1175462944730156	0.0138171313443368	3.302678707520356e-05	-0.0220094275398992	-0.0204693489787502	0.000484414900634	0.0004189942476138	0.000102999896642	0.0006540003522924	1.060897870826268e-08	4.2771646079858324e-07	0.000309000083196	0.0002820185849479	9.54810514151349e-08	7.953448225602099e-08	-1.5948661133791763e-08	-6.702329736510507e-05	4.4921223896913004e-09	2.5435979196052e-16	0.0	0.0	0.0	0.0	0.0	0.0
879.0532021884032	0.7211390490494978	0.5200415280640139	772734.5322776857	725.4838197725313	3.76105588620851	14.14554137918368	526326.7727517427	831.0988326682184	0.6853669819079187	690725.2696624753	0.4697278998895693	821.0052666451362	610.4783585866293	1.300019	20.683601	0.1126738110932204	0.0652074206633916	0.0712498972	-0.0222120386	-0.0459715323	-0.0622237825	0.0294618282	-0.1219892206	0.0391522182	0.1128310618	-0.2010759634	0.0955945335	-0.0023578831	-0.0207563052	-0.2752593834	-0.0362813038	0.0336289111	0.042478396	0.0596821749	0.0731023311	0.126640221	0.1291056743	0.0145902784	-0.103358065	-0.2203439558	-0.0121818614	-0.2110802894	-0.0435560062	-0.0809875494	-0.099891781	-0.2241386685	-0.1369181737	0.0659569056	-0.0893733311	0.0330027476	-0.020283422	-0.0417528798	-0.1400678497	-5.12035e-05	0.3075586257	0.026942076	0.0713064078	0.0327983044	0.1288371898	0.1012161772	-0.1256288335	0.0180702455	-0.0042316322	0.2069936998	0.0925577615	0.0221697104	0.0586751143	-0.0848847036	0.0759017693	0.0935600148	-0.0243673533	0.2353573438	0.0023139756	-0.0696834947	0.0154225415	0.0757821667	0.0690727894	0.0017282155	0.1720113202	-0.1874590828	0.0664243903	0.0970382431	-0.0355847396	0.004651918674611	-0.0054756363658867	2.9982593611420908e-05	2.1640347355194568e-05	0.0484453874067725	0.0541922810959931	0.0029368033303871	0.0023469555609922	-0.0542622060590929	-0.0322527785191937	0.0029443870063994	0.0010402417222081	-0.0002599996320385	-0.0003629995286805	6.759980866015539e-08	1.3176865782226514e-07	0.0003610000158549	5.199993265890004e-05	1.3032101144723806e-07	2.7039929965301382e-09	4.6892242404437e-08	6.284090353822876e-08	3.948979157500972e-15	2.1988823977164795e-15	0.0	0.0	0.0	0.0	0.0	0.0
878.9606680562912	-0.092534132112064	0.0085625656057329	772571.8559899617	723.4656496477556	-2.018170124775679	4.07301065253708	523402.5462202491	829.4456105626615	-1.6532221055568923	687980.0208816663	2.733143330301965	819.3281417406138	632.1088898161538	1.3419	21.349943	0.0220553407732974	0.0118058600592343	0.1749719547	-0.1203450944	0.1655265421	-0.0409317704	0.0362070673	-0.0963664934	0.015545917	-0.2667899583	0.0461391862	-0.1034548535	-0.0117248917	-0.2667888966	0.1134613325	0.0265740789	-0.1177645372	0.0921890751	-0.0533699482	0.0263275012	-0.0234957001	-0.0767937962	0.0746919409	-0.1079885883	-0.0900981878	0.0223567434	-0.1048105579	0.0084170114	0.122778697	0.0535494425	-0.1324812219	0.2488711411	-0.1533627935	0.0052175917	0.0781054826	-0.0474720988	0.0130795501	0.0432777498	0.0027356776	0.1448772318	0.062523445	-0.0056679026	0.17926877	-0.1068257526	-0.032462613	0.0252828245	0.2427191985	-0.0482800721	0.0481729705	0.0311750028	0.0977130117	-0.0279652804	-0.1283595666	-0.0239134538	-0.1277004081	0.0049524713	0.0516070468	-0.0083199125	0.1803923145	-0.027081718	0.1335386417	0.0155997971	-0.1031450009	0.0182503113	-0.0599235231	-0.0764993445	0.092280022	-0.0471208409	0.0073934664231671	0.002741547748556	7.516084057613018e-06	5.466334575049931e-05	0.0394915776072224	-0.0089538097995501	8.01707099265194e-05	0.0015595847019072	-0.0479029361407157	0.0063592699183771	0.0022946912909014	4.0440313894777086e-05	-0.0001799999045983	7.999972744020001e-05	3.23999656553971e-08	6.399956390506291e-09	0.0003609998782445	-1.3761040001730382e-10	1.3032091209254382e-07	1.893662219292237e-20	3.249115672340828e-08	-1.440108568102872e-08	2.073912687923304e-16	1.0556752652250793e-15	0.0	0.0	0.0	0.0	0.0	0.0
872.7939314109318	-6.166736645359379	38.02864085321824	761769.2467077504	729.9887661289524	6.52311648119678	42.55104862726106	532883.5986744704	825.4103736590622	-4.035236903599298	681302.2849439927	16.28313686816965	816.741774591561	623.7497454097129	1.536704	24.449322	0.1050964892276809	0.0639047800901582	-0.1298055213	-0.0597927948	0.2413056833	-0.0758720446	-0.248935883	-0.0176392227	-0.1552738601	-0.0156705872	0.1136897888	-0.2423771149	0.2408414479	-0.0566100319	-0.0348935125	-0.070962585	0.0772975525	-0.0032571214	0.0122025904	0.0046430513	-0.0450035968	-0.0831966657	-0.0714930001	-0.0631404047	-0.1415462616	0.0968314479	0.0424248725	0.3113354872	0.1383931288	0.027049282	-0.0744429652	0.0025473314	0.1439458077	-0.0006688523	0.0308487208	0.0290783383	-0.0655750831	0.0712359003	-0.0155196755	0.0832895047	0.0681509377	-0.1228282948	-0.0589083214	0.2113415554	-0.1850012574	0.052547308	0.1545358337	0.060519331	0.0819497623	0.1476957411	0.0226652962	-0.0903262574	-0.1530195844	-0.0495446526	-0.0033542039	-0.0445928584	-0.0245035809	-0.0977453678	-0.2079029294	0.1684260904	0.0351008967	-0.023010518	0.2003619521	-0.039436004	0.0983885371	-0.0018607024	0.0873863672	-0.0583804184	0.0027825850136338	-0.0046108814095333	2.1260227372779797e-05	7.742779358099415e-06	-0.0117722947642988	-0.0512638723715212	0.0026279846105236	0.0001385869240175	-0.0105824934499025	0.0373204426908132	0.0001119891676172	0.0013928154426382	-5.100002897112736e-05	0.0001289998756271	2.60100295505583e-09	1.6640967911826007e-08	0.0002519999609924	-0.000108999917252	6.350398034017112e-08	1.1880981960964644e-08	6.428919731606955e-09	-2.6062236991801328e-08	6.792401970168175e-16	4.1331008915445235e-17	1.0	0.0	0.0	0.0	0.0	0.0
873.3576837898646	0.5637523789328043	0.3178167447523961	762753.6438347971	709.0680952329893	-20.9206708959631	437.6744707371975	502777.5636773397	828.8857518246299	3.4753781655676903	687051.589577882	12.078253393704644	818.0074102446789	593.3406295042771	1.354375	21.548422	0.1092906181142187	0.0954355268338147	-0.0440175118	0.1178778675	-0.008822959	0.0109604861	0.0444282152	0.209981044	-0.0245412879	-0.1129358959	-0.0181228891	-0.1033288702	0.0259745144	0.0556776595	0.1812421129	-0.0700532787	-0.1856600142	-0.0990551796	0.0576315566	0.0702416273	0.1041648733	0.0558637115	0.1553748876	-0.0856519376	-0.0548145738	-0.0505894868	0.1138373457	0.0376228678	0.084678669	-0.0956585271	0.1646123166	0.1699600679	-0.056325438	0.0677228591	-0.1652286606	-0.0538529698	-0.0123566944	-0.1544019728	-0.2121643757	-0.0374876572	0.1551228132	0.0757108381	0.0371837804	-0.0802051704	-0.1451159	-0.0848861874	0.0747100976	0.1290554446	0.0929285783	0.0877715837	-0.0033726537	-0.0071080227	0.1632168264	-0.086348723	-0.1268618553	0.2426594138	0.1476255814	-0.0239401897	0.0664480198	0.0072404656	0.0978103444	0.1547718295	-0.027819552	-0.0352834553	0.3277259392	-0.0173431508	0.0823644609	-0.0692973963	0.0025829294430081	-0.0001996555706256	3.9862346881873835e-08	6.671524507558134e-06	0.0828374556517843	0.0946097504160831	0.0089510048737935	0.0068620440588613	-0.0024519052165317	0.0081305882333708	6.0118391908553625e-06	6.610646502062772e-05	-0.0001619999539414	-0.0001109999249702	2.6243985077015725e-08	1.2320983343406162e-08	0.0002360000804155	-1.599988057690002e-05	5.5696037956122466e-08	2.559961784750625e-10	1.910125534177224e-08	1.2672335610165286e-08	1.6058808981666321e-16	3.6485795563158255e-16	0.0	0.0	0.0	0.0	0.0	0.0
877.4165923429322	4.058908553067568	16.474738642165054	769859.8765186833	717.2566826966432	8.188587463653903	67.05296464990985	514457.14887299313	829.7175034831341	0.8317516585042313	688431.1355862847	0.6918108214245393	820.284201674574	608.9003557965286	1.193955	18.996098	0.1487424577827132	0.0931542148940423	0.1166164089	0.0258710337	0.0947387034	0.0914874027	0.1021879967	-0.0977472292	-0.1260515859	0.0924441421	0.0286562906	-0.0807725857	-0.1129772342	0.040256776	0.0264714757	0.094408653	0.165614153	-0.0522452363	0.0589298581	0.0901906762	-0.0173895806	-0.1562154144	0.2030952795	-0.0559447205	-0.111788375	0.0842321837	0.1752978135	-0.0579673865	0.1151404505	0.1699816675	0.1169430142	-0.1248889674	0.0464843473	-0.0195920299	-0.015812771	-0.0700249793	0.0479032402	0.0053119269	-0.2542107281	-0.0484082083	0.1773603433	-0.1701822765	0.1245359422	0.0793586764	0.0109507042	0.1274495649	0.1141593178	-0.0281195412	0.1541898552	0.1127323094	0.0403394569	0.1093443757	-0.1184270515	-0.0094207272	0.0107300323	0.0744368477	0.0950992284	-0.0940313216	0.1336285604	0.0473634803	0.1176392335	0.0939270687	-0.0417302399	0.067601242	-0.07978785	0.0187696888	0.0772216734	-0.0798077096	0.0086684537487826	0.0060855243057745	3.70336060761722e-05	7.514209039478311e-05	-0.0037771915522313	-0.0866146472040156	0.007502097110276	1.4267176022247495e-05	-0.0364934691726119	-0.0340415639560802	0.0013317732922523	0.0011588280765758	-0.0004210210935774	-0.000259021139636	1.7725876123710985e-07	6.70919507783322e-08	0.0002389621190996	2.962038684100021e-06	5.7102894364571416e-08	8.773673166104983e-12	0.0001780503692721	0.0001780312680167	3.1695132391654816e-08	3.1701933997931175e-08	0.0	0.0	0.0	0.0	0.0	0.0
879.0313277970952	1.6147354541629966	2.607370586930979	772696.0752487242	722.425366410264	5.168683713620794	26.71529133144884	521898.4100330042	831.3056569493802	1.5881534662461263	691069.0952760407	2.522231432349586	820.1943386608534	621.3510512653579	1.296328	20.624874	0.1178544694152535	0.0840904583599665	0.0512974135	-0.0476237271	-0.0592806602	-0.0858734039	0.0073517379	-0.0326338248	0.1068954458	-0.1303432385	-0.2503104575	0.0456225989	-0.0812180744	0.0582388783	-0.2357303869	-0.0761258579	-0.0802525361	0.0371598163	-0.0136850642	-0.0977126862	0.1751893887	0.0127265668	0.0223095441	-0.1401433134	0.1464708016	0.1188698107	-0.1631602578	-0.0951720762	0.0058471586	-0.141605691	-0.1159203276	-0.1089283858	0.0315342334	0.0886651778	-0.071259052	0.1716577864	-0.0711396877	-0.0869258443	0.0373650271	0.1265707175	0.1056827028	0.0748728273	0.0656535062	0.0846154597	0.0454300901	-0.1352949121	-0.0161228171	0.0205338585	0.1202115631	0.035182732	0.045856894	0.1577752678	0.004636265	0.1016293907	-0.1858420557	0.2036119131	-0.0245867855	-0.0900370695	-0.1542995024	0.0040941948	-0.0279335825	-0.1308236364	-0.0819213207	-0.146105518	0.0248482001	0.182500661	0.0719655524	-0.0898496795	0.0087823369805448	0.0001138832317622	1.2969390476602982e-08	7.712944283984475e-05	0.077458171328459	0.0812353628806903	0.0065991841823574	0.0059997683055489	-0.0298893124997903	0.0066041566728215	0.0008933710017101	4.361488535917403e-05	-0.0004430010492141	-2.1979955636700023e-05	1.962499296047935e-07	4.831184497913011e-10	-0.0001439970200753	-0.0003829591391749	2.0735141790566348e-08	1.4665770227758042e-07	-1.5031868515888667e-05	-0.0001930822377879	3.72807505492174e-08	2.2595707107896495e-10	0.0	0.0	0.0	0.0	0.0	0.0
879.0690064768156	0.0376786797204431	0.0014196829054757	772762.3181481357	722.8054797198322	0.3801133095681734	0.14448612811087	522447.7615130168	832.3215693423623	1.0159123929820453	692759.1947925328	1.0320779902145056	822.9081782543753	623.5839882304526	1.200655	19.102699	0.0634977413483551	0.044873037072465	0.1252570885	-0.0947930685	-0.1913839706	-0.0123602498	0.1964096886	-0.036543008	0.1375592848	-0.00908546	0.1439886807	0.1130934754	-0.1011472753	-0.0577577268	0.1619544259	-0.045333274	0.1218191422	0.112750066	0.0473194127	-0.0007200244	0.0234363626	0.0358328244	-0.0780061148	-0.0328243571	-0.1481899964	0.092798945	0.1661649606	-0.1458893076	-0.0903087919	0.0761242692	0.050540039	0.1480748736	0.0842402942	-0.0885174496	0.0966234327	0.0284951638	0.0770086214	-0.1131405056	0.0636356743	-0.009650745	0.0447435798	-0.1202351909	0.1942990161	-0.1217116042	-0.0338358953	-0.0090497913	-0.1102467671	-0.1033806782	0.1794466909	0.0794650846	0.1003781962	-0.029175057	-0.0548725516	-0.002902506	-0.0086567774	0.0763183877	0.063847769	-0.0546278207	-0.123378754	0.0271495387	0.1056100163	-0.0927558193	-0.1196290514	-0.0115176856	0.005785576	0.126116527	0.066603812	-0.0993643757	0.0078981085628271	-0.0008842284177176	7.818598946995469e-07	6.238011887020277e-05	0.0354194071715312	-0.0420387641569278	0.0017672576918417	0.0012545344043827	-0.0408136447058495	-0.0109243322060592	0.0016657535941753	0.0001193410341483	-0.0002790013494606	0.0001639996997535	7.784175300083587e-08	2.6895901519238148e-08	-0.0001729979027724	-2.900088269710001e-05	2.9928274363648764e-08	8.410511972109547e-10	-1.50241196134788e-05	7.748902409867054e-09	6.004548855764345e-17	2.257241701601184e-10	0.0	0.0	0.0	0.0	0.0	0.0
877.2747482950157	-1.7942581817999326	3.219362422956	769610.9839960831	721.9925985250387	-0.8128811947934764	0.6607758368488698	521273.3123249377	829.252868996527	-3.068700345835282	687660.3207389712	9.416921812529578	820.0959934825347	626.6549308279641	1.448664	23.048588	0.0890216397802718	0.0380969822737469	0.145781477	-0.0630424227	0.2141628486	0.0011946584	-0.0154509667	-0.0901554926	-0.1295646031	-0.0860134087	-0.0240232817	-0.1403132488	0.0151714716	-0.2560887237	-0.0586411135	0.0041462039	0.0136047359	0.093791018	0.049805657	0.0386157464	0.0329815967	-0.1100305693	0.1517965758	-0.0682491567	0.0649665871	-0.0244726021	0.09127471	0.0578271026	0.146965712	0.076030618	-0.2257757168	0.1022152767	-0.0005954701	-0.0722530487	0.0762374116	-0.0175329222	0.0292539274	0.0126632831	-0.1202665571	0.0391886727	0.0523891444	0.0727595114	0.1489411567	0.1664422425	0.0512749727	0.0896642944	0.1529624148	0.0411794398	0.0380932123	-0.0051951881	0.0868839333	-0.0214316821	-0.1373911495	0.0190301819	-0.1467388861	0.1181786588	-0.0377142972	-0.0455936765	0.1657193846	-0.0436171906	0.0339640792	-0.0013953065	-0.0133552594	0.12073175	-0.0435975071	0.0152796415	0.0611443214	-0.1082959623	-0.004351081064982	-0.0122491896278091	0.000150042646538	1.8931906434044897e-05	0.017385846464748	-0.0180335607067832	0.0003252093117652	0.0003022676572957	-0.0299755464541391	0.0108380982517104	0.0008985333852242	0.0001174643737137	-4.19612751668384e-05	0.0002370400742937	1.7607486136271286e-09	5.6187996821192035e-08	0.0002390070162812	0.0004120049190536	5.71243538316418e-08	1.697480533243635e-07	-0.0003239949501455	-0.000308970830532	9.546297411964696e-08	1.0497272771978505e-07	0.0	0.0	0.0	0.0	0.0	0.0
875.0239120677895	-2.2508362272261597	5.066263721793691	765666.8466904187	724.7899179544535	2.797319429414756	7.824995990181296	525320.4251684234	828.3440118086966	-0.9088571878304492	686153.801899326	0.8260213878710725	819.3354496592925	621.4912562492566	1.245694	19.819279	0.106977235767473	0.0555300959219925	-0.063160485	-0.0473771657	0.1178003594	-0.0822000744	-0.0854211469	0.039551911	-0.0619363669	-0.0421450476	0.0955243938	-0.1026626438	0.1456649787	-0.0121184524	0.160598761	-0.0215312179	-0.0153390096	0.0244614276	-0.1230324015	0.1891195611	0.0284852557	0.0008816593	0.0209248592	-0.0318869222	0.0192086101	0.0088387984	-0.0915816808	0.1639180804	0.0239270608	-0.0221029191	0.0551682722	0.1219627163	-0.0246300642	0.02700604	0.0737508919	-0.1808287445	-0.1652366644	0.0052158788	0.0219252007	0.0257555428	-0.0567195202	-0.0328390539	0.0706211942	0.0441483571	-0.175591118	-0.0460664996	-0.0171736231	0.1340033161	0.0307307801	-0.0377315566	0.1122460367	-0.0594722933	-0.0483979754	-0.0122257704	0.1051746769	0.0980960213	-0.2937727185	-0.1399977492	0.074810141	-0.0297900341	0.1125479178	-0.154713429	-0.1157706516	-0.0250077172	-0.0813229714	0.0074352896	0.055595093	-0.1165920251	-0.0095970005090464	-0.0052459194440644	2.7519670813612945e-05	9.210241877063688e-05	0.0436843326788363	0.0262984862140883	0.0006916103771525	0.0019083209215952	0.0062247038768532	0.0362002503309923	3.874693835451126e-05	0.0013104581240265	-0.0005329544905562	-0.0004909932153893	2.840404890040187e-07	2.410743375583841e-07	0.0004240572422398	0.0001850502259585	1.798245446960244e-07	3.424358612732891e-08	-0.0002153867959269	0.0001086081542186	1.1795731162771203e-08	4.6391471859656064e-08	0.0	0.0	0.0	0.0	0.0	0.0
873.5279598653337	-1.4959522024557828	2.2378729920323077	763051.0966664922	730.4128249572204	5.622907002766965	31.617083161765773	533502.8948619871	829.7610130596878	1.417001250991234	688503.3387938393	2.007892545310722	820.9387319970318	604.4585799518813	1.107945	17.627666	0.1035598889897986	0.0634756231857738	-0.196845262	-0.0052903848	-0.0613739851	-0.0722333824	-0.1363371225	0.1509408792	0.0944867854	0.1120520326	0.096572098	-0.0090301295	0.1507529052	0.1870159861	0.0756370418	0.0186714458	-0.0501082335	0.2080290657	-0.0184579748	0.1513487605	-0.0018372179	-0.1672152731	0.0487461172	-0.0670379799	0.0029883344	0.0351450107	-0.0454851892	0.1657922134	-0.0735607723	-0.1362213904	0.1515417155	-0.0306677034	-0.0297347226	-0.1262664728	0.1640446355	-0.0382029539	-0.1042416059	0.0606736629	-0.0288532546	-0.1204865656	0.1379570698	-0.110244136	0.0090140669	0.1011979297	-0.2079668875	0.074149231	-0.2029127488	-0.0608601522	0.1197316991	-0.0605679339	-0.0475427145	0.0280823278	-0.0908852907	0.0169649279	0.0689551391	0.1355879063	-0.1513432465	0.0969407924	0.099788649	-0.0143925354	0.0021940857	-0.0755041215	-0.0447525781	0.1084979411	0.0814650678	-0.1616950947	0.0499642712	-0.1242038795	-0.0118929278082475	-0.002295927299201	5.2712821632168544e-06	0.0001414417318521	-0.0107614683147119	-0.0544458009935482	0.002964345245829	0.0001158092002885	0.0027885274492405	-0.0034361764276127	7.77588533516773e-06	1.1807308441681176e-05	-2.198047048656608e-05	0.0005109740200696	4.831410828108024e-10	2.610944491861227e-07	0.0001370031932925	-0.0002870540489473	1.876987497234212e-08	8.24000270170389e-08	-0.0002849984122987	-6.961161637180003e-05	4.845777133894658e-09	8.122409501277982e-08	0.0	0.0	0.0	0.0	0.0	0.0
872.6429461576548	-0.8850137076789224	0.7832492627795931	761505.7114787117	711.7853698730469	-18.62745508417356	346.9820829129035	506638.41276531015	830.3604369199365	0.5994238602487485	689498.455201868	0.3593089642355112	820.3179433427144	608.6114183898665	1.225182	19.492937	0.1250345888146214	0.1049497480483826	4.7539e-05	0.1525753744	-0.1613243448	-0.086398507	0.0663745241	0.1800098632	-0.0407387765	0.1082686762	-0.0740082805	0.0094893982	-0.01940972	0.1853209374	0.0574356391	-0.0416719199	0.0661814755	-0.0042733664	0.0441215646	0.2670968845	0.0199659269	0.0900205816	0.1629368634	-0.0580324596	0.0731302788	-0.0948917946	-0.1066551861	-0.0192211327	-0.0324581689	-0.1459795898	0.1621101815	-0.052607428	0.0849503035	-0.1318363431	-0.0261970992	-0.2468700262	0.0276163266	-0.2075962213	-0.0231758683	-0.0670133475	0.0951027739	-0.0224185718	0.0956637611	0.068311745	0.022943123	-0.100341326	-0.2042345749	0.1705290902	0.1473641387	0.0388884494	-0.0778355733	-0.0684736879	0.0846672275	0.0160550291	0.0293144107	0.1071511266	-0.2338786962	-0.1051577169	0.0439302685	-0.106761394	-0.0903501239	-0.1704672005	-0.0121295466	0.1730117095	-0.0504398166	-0.0208436355	0.0442601199	-0.1310868562	-0.0098633235368481	0.0020296042713994	4.119293498482691e-06	9.72851511925417e-05	0.0931526931895518	0.1039141615042637	0.0107981529611342	0.0086774242484667	-0.0058516905256311	-0.0086402179748716	3.424228200776078e-05	7.46533666532943e-05	-0.0002089783040703	-0.0001869978335837	4.367193157209876e-08	3.496818976500984e-08	0.0001460313754151	9.028182122599996e-06	2.1325162605625873e-08	8.150807243883418e-11	-0.0002979844978741	-1.2986085575399998e-05	1.686384185716119e-10	8.879476097327951e-08	0.0	0.0	0.0	0.0	0.0	0.0
874.0989580669858	1.4560119093309822	2.1199706801136524	764048.9884937902	708.9747613786577	-2.8106084943891574	7.899520108732486	502645.2122719247	830.2007641326215	-0.159672787315003	689233.3087663887	0.0254953990089421	820.6290906370468	600.5033926678519	1.350401	21.485193	0.0983341511546587	0.0633444313529268	0.1266791414	0.2269725755	0.0728891874	-0.0524215602	0.1251686191	0.121583364	-0.1205793189	-0.1559385149	0.0525845644	-0.1285326664	-0.2447375194	0.1320189079	0.0587515552	0.088373621	-0.1020005341	0.1202927864	0.0179009624	-0.0386820602	0.0936668043	-0.0612748878	-0.0133980846	-0.016949433	-0.2137447115	0.0155860693	0.1701719172	-0.1752954579	0.2009922641	-0.0620372282	0.1385842483	-0.0159103304	-0.1114788688	-0.0507219666	0.1134729757	0.1162870213	-0.0670010585	-0.061151428	-0.0264709672	-0.0329570934	0.0870567983	-0.0740432265	0.2303451422	-0.1168884856	-0.074992987	0.1282698889	-0.0002861825	0.1110609904	-0.0067597856	0.0661841304	-0.0377880674	0.0705050975	-0.0003193865	0.0659185488	0.0534276767	0.1098015028	-0.0991229496	0.1038788813	-0.0348512672	-0.2569588322	-0.1090684533	-0.0430829755	0.0252198342	0.1401099763	0.0688206473	0.0577642943	0.0384910108	-0.1372005631	-0.015694111958652	-0.0058307884218039	3.3998093619842444e-05	0.0002463051501707	0.0315697284882929	-0.0615829647012589	0.0037924615413965	0.0009966477568245	-0.0025333673291072	0.0033183231965238	6.417950024187749e-06	1.1011268836588592e-05	-0.0003699997023858	-0.0001610213983155	1.3689977976558057e-07	2.592789071547891e-08	3.800280165089376e-05	-0.0001080285737642	1.444212933317173e-09	1.1670172749528548e-08	-1.4992973252366334e-05	0.0002829915246217	8.008420300773329e-08	2.2478924694617235e-10	0.0	0.0	0.0	0.0	0.0	0.0
876.3417407739853	2.242782706999492	5.030074270815969	767974.8466227788	733.3928467346741	24.418085356016377	596.2428924537014	537865.0676415892	831.1082578960218	0.9074937634002254	690740.9363429602	0.8235449306103042	821.8218447867966	605.7410175535414	1.55963	24.814083	0.0828955249179493	0.0381488684414911	-0.1754023584	-0.0062265889	0.045998669	0.0634281244	-0.174915549	-0.0694824864	-0.0786570444	0.16311277	0.0023745855	0.0577737106	0.0669047215	0.0866419947	-0.1779086403	0.075521988	0.0381197049	0.0455161394	-0.1529176478	0.0878199126	0.1221476513	-0.037665619	0.035758622	-0.0386543022	0.0476683133	-0.0183212489	0.0870174913	0.0705897909	-0.0571904975	0.0104835564	-0.0353923144	-0.2421145865	-0.0421668555	0.0906544792	0.1139597754	-0.0132572084	-0.1625537784	-0.0636197952	-0.0160148932	-0.1311626335	0.1093755636	-0.0712670565	-0.0114833751	0.231839379	-0.1257259915	-0.0086649813	-0.1274921873	-0.0234201966	-0.0543356308	-0.0481161329	-0.0740811351	0.0683919851	-0.0177512436	0.0126744271	0.0036521771	0.0442790604	-0.0593019059	0.0034800137	0.0655265262	-0.1772775425	-0.1130390028	-0.0126007017	0.0920176973	-0.0480708129	-0.0162884847	0.1252590552	0.0326654109	-0.1425091225	-0.0101290492363546	0.0055650627222974	3.096992310310416e-05	0.0001025976384324	0.0257550486828819	-0.0058146798054109	3.381050123945448e-05	0.0006633225326576	0.0126767725316767	0.0152101398607839	0.0001607005618198	0.0002313483545846	-0.0001848785639675	0.0001851211384183	3.418008341468499e-08	3.426983588928738e-08	0.0005670398662842	0.0005290370646333	3.2153420995560337e-07	2.79880215755825e-07	-0.0004269476207899	-0.0004119546475375	1.6970663162777358e-07	1.8228427089815625e-07	0.0	1.0	0.0	0.0	0.0	0.0
878.376604951229	2.034864177243662	4.140672219829527	771545.4601256474	728.3287389944265	-5.06410774024755	25.64518720483515	530462.7520452115	832.8066717162168	1.6984138201950143	693566.9524550425	2.884609504629424	822.3293497481059	606.1790055658063	1.208177	19.222383	0.1507610117523843	0.0978970395316892	-0.0224139697	0.0062756995	-0.0273301892	-0.1617559478	-0.0426203539	0.0256095934	0.1229280136	-0.0050897451	-0.1310839844	0.1333947848	-0.0583975711	-0.0248554866	-0.0544588279	0.0139483156	-0.1098415128	0.1304366281	-0.1644662463	0.0633349315	-0.1251789206	0.15103389	0.0127197039	0.1449349475	-0.0689242233	0.0123973823	0.1155530045	-0.0843906482	-0.1104305583	-0.157655744	-0.0914005849	-0.0119975228	-0.1450981137	0.0448913596	0.1174696316	-0.0991602871	0.1000368313	-0.0810749	-0.0689601752	-0.0787172648	-0.0028003733	-0.1457234663	0.0824223194	-0.0240281092	-0.0287461667	-0.1162706523	-0.0579175483	0.1070518863	-0.0147073725	-0.0637460444	0.0500637879	0.1567525118	-0.0513353336	0.0347228646	0.1188031704	-0.1060512335	0.0477929351	0.0830645278	0.0413079637	-0.0720397487	-0.2016863923	0.0733619681	0.0475796822	-0.0663632337	0.0663905057	-0.0656537012	0.0267918699	-0.1469813818	-0.0110709021273578	-0.0009418528910032	8.870868682910858e-07	0.0001225648739135	0.1017929634374184	0.0760379147545365	0.0057817644802181	0.0103618074053715	0.0076442962329821	-0.0050324762986946	5.843526489758432e-05	2.5325817696922904e-05	-0.0013219310218592	-0.0011370524578917	1.7475016265537086e-06	1.292888291997556e-06	0.0003297822346381	-0.000237257631646	1.0875632228289885e-07	5.629118377431645e-08	-0.0004262823541647	6.652666252000079e-07	4.4257968260500796e-13	1.817166454721988e-07	0.0	0.0	0.0	0.0	0.0	0.0
877.8872024221799	-0.4894025290490162	0.2395148354395732	770685.9401766416	722.8825334772333	-5.446205517193221	29.66115453550588	522559.15720646334	829.5369978596393	-3.269673856577469	688131.6308179832	10.690767128386184	819.5391042714357	623.4981379631238	1.270993	20.221794	0.1087713050368562	0.0699359027562114	0.1050580736	-0.0505851762	0.2145399955	0.0196352013	-0.0261292761	-0.1035168661	-0.1028680063	-0.11818473	-0.0307635049	-0.127144723	-0.024176065	-0.2364779364	-0.1048445235	-0.0728600644	-0.0137048117	0.1047502294	-0.1763099783	0.0325171038	-0.0876885906	0.0685529137	-0.0436279559	0.1922387844	0.0917038355	0.0733039263	0.0868564637	0.0100545025	0.1460156744	0.0074296293	-0.2437979588	0.0817872387	-0.0303225175	0.084543696	0.1682181555	-0.0999467347	0.0150874204	0.034987059	0.0254727513	0.0740890534	-0.0918150841	0.0879085848	0.0987066088	0.0734519849	0.0611929839	0.1127542107	0.1544181979	-0.0194968468	-0.1938774224	-0.0635273704	-0.0985068546	-0.0145447025	-0.185599803	0.0934593153	-0.1658100429	-0.1178666391	-0.0417563434	-0.1632281036	0.1339492136	-0.0843498163	-0.0932997721	0.0745745098	0.0497175408	-0.111815379	0.117437702	-0.1797153547	0.0208790082	-0.1505910958	0.0012101636027495	0.0122810657301073	0.0001508245754672	1.4644959454196497e-06	0.0367540490366167	-0.0650389144008017	0.0042300603864348	0.001350860120586	0.0239713361273743	0.0163270398943922	0.0005746249557315	0.000266572231713	-0.0010199300866086	0.0003020009352506	1.040257381569426e-06	9.12045648922371e-08	0.0003302178087019	4.355740637999872e-07	1.0904380118388463e-07	1.8972476505523533e-13	-0.0004263315450814	-4.919091669999647e-08	2.4197462857859912e-15	1.817585863314938e-07	0.0	0.0	0.0	0.0	0.0	0.0
876.0877763143532	-1.7994261078267757	3.237934317528618	767529.7918074281	727.4611641136376	4.578630636404228	20.96385850461938	529199.7452935687	831.499604762945	1.962606903305641	691391.5927209337	3.8518258569029578	821.6248579851285	616.3583079607059	1.295113	20.605551	0.1593394951900565	0.0901652905645751	-0.0745191018	-0.0275634775	-0.0440477567	-0.036796379	-0.0599155253	0.0390398443	0.0816284994	-0.0377758767	-0.0425372402	0.0564721976	0.0894366791	-0.0209175378	-0.0905454775	-0.1473738093	-0.0936855957	-0.0953196811	-0.030832047	0.0949670067	0.012564873	-0.0588141108	-0.0255135272	0.086320935	0.0789483058	-0.107773385	0.0951725723	0.0488624739	-0.08318581	-0.0684697789	-0.0944936752	0.016478803	0.0794508905	0.1005991178	-0.0884729772	-0.0267348284	-0.1113910839	0.0036804119	-0.0617884277	-0.1667340192	-0.027038958	0.060022345	-0.0753285564	0.0103299534	0.0172411278	-0.1007400701	-0.0948625561	0.0294364158	-0.1174280971	-0.1260343529	-0.1455378233	-0.0100193535	-0.0781586664	0.0672389538	-0.1480509033	-0.0581499686	0.0205510419	-0.0753666218	-0.0079398685	0.1143222223	-0.0411813698	0.0118214057	0.0354967501	-0.080338365	0.2364539391	-0.0470290508	0.0149355036	-0.1533170814	-0.0024175029169981	-0.0036276665197476	1.3159964378497664e-05	5.844320353694323e-06	0.1103535041198142	0.0735994550831975	0.0054168797885436	0.0121778958715218	0.0642157489124457	0.0402444127850714	0.0041236624083862	0.0016196127604152	-0.0014718331591032	-0.0004519030724946	2.1662928482357058e-06	2.042163869300599e-07	0.0005679225656018	0.0002377047568999	3.225360405197308e-07	5.650355145284056e-08	-0.0005740829317277	-0.0001477513866463	2.183047225590445e-08	3.295712125010712e-07	0.0	0.0	0.0	0.0	0.0	0.0
875.824021474783	-0.2637548395701969	0.0695666153967003	767067.7165922611	718.279832101083	-9.181332012554549	84.29685752475896	515925.91720316	832.6973115160949	1.197706753149987	693384.8126061325	1.4345014665410838	823.1354471441955	607.5756438736223	1.195075	19.013924	0.0905522360989246	0.0479235045791016	0.07151112	0.0182928884	-0.2123035957	0.05052878	0.2119634008	0.0289064241	0.0325991831	0.0359202297	0.1231646637	0.0623721678	-0.1235249862	0.0079659932	0.210274281	-0.1197342718	0.02184409	-0.0853006749	0.1507019346	0.0505811202	0.0237431468	0.0465508021	-0.0073100932	0.141838156	0.05833774	-0.1266019173	0.0429128802	-0.1392887024	-0.0396929136	0.0035366474	0.1412282071	0.1818780227	0.0888281119	-0.1068281603	-0.0793290606	-0.0033463096	-0.0102703494	-0.0357430494	0.0546550101	-0.0504461971	-0.1106290318	0.0561273627	0.0174658728	-0.1832309208	0.0343599902	0.0344243753	-0.1082688142	-0.0014289139	0.0532995902	-0.0381789503	-0.115558892	-0.1573531045	0.0742831636	0.0516195802	-0.1128949073	-0.0978070012	0.2099863993	-0.1413932141	0.1080759589	0.0725997785	-0.0751480854	-0.0780277909	0.0558583066	-0.1064640922	-0.0976024123	-0.1399020455	0.0089700792	-0.1551433414	0.0008460314409859	0.003263534357984	1.065065650574204e-05	7.157691991366785e-07	0.0705334666182579	-0.0398200375015563	0.0015856353866253	0.0049749699131889	0.070189293076595	0.0059735441641492	0.0049265368625921	3.568322988104202e-05	-0.0017449647784085	-0.0002731316193053	3.0449020778862257e-06	7.460088146433532e-08	0.0001588725617696	-0.0004090500038321	2.5240490883235367e-08	1.673219056351228e-07	-0.0004263621533605	0.0001477207783672	2.1821428361411444e-08	1.817846858182025e-07	0.0	0.0	0.0	0.0	0.0	0.0
876.3319673433347	0.5079458685517011	0.258009005378742	767957.7169878394	726.0902319555884	7.810399854505363	61.00234588725739	527207.0249413201	830.2089049834058	-2.4884065326891687	689246.8259137457	6.192167071930131	820.7538092505588	597.2981425065261	1.475326	23.47279	0.0550178443102195	0.0347410934314343	-0.0767289891	0.0084387098	0.1294875963	0.2062840587	-0.0889683777	-0.1303600386	-0.2287347914	0.099649752	-0.0151443596	-0.1195412645	0.0011420388	0.0655318921	-0.0461621427	0.2076450981	0.0588350662	-0.1297637397	0.04536171	-0.1447164219	-0.0386326373	-0.0961242287	0.0312902198	0.0660668538	0.219156848	-0.1248047018	-0.0873903055	0.0641530849	0.1292185824	0.1224103677	0.0687201735	-0.1796479279	-0.080122599	-0.0203792096	-0.0714990668	0.0553670699	0.1251236277	0.0889505791	-0.0231940701	-0.1178251325	-0.1322080988	0.2133285027	-0.0502862826	0.1352511549	-0.006972511	0.0642403796	0.0921222807	-0.064829371	-0.1834752664	-0.0864861965	-0.1024792603	0.0256833739	0.1226847393	0.0037772997	-0.0399239371	-0.0175635383	0.1330608623	0.0085500605	-0.0775308636	-0.0028422915	-0.0859672419	0.011425646	-0.1315124423	-0.0655635801	-0.079186242	-0.0271027155	0.0029914899	-0.1560591586	0.0043353485772996	0.0034893171363136	1.2175334077772436e-05	1.8795247286693664e-05	0.0385963954738741	-0.0319370711443838	0.0010199765132814	0.0014896817435756	0.064274399584093	-0.0059148934925019	0.0041311984418956	3.498596502764236e-05	-0.001561450624193	0.0001835141542155	2.4381280517927096e-06	3.3677444797430334e-08	0.0002488334752048	8.99609134352e-05	6.191809838249783e-08	8.092965946095547e-09	-0.0004263059702708	5.6183089699990945e-08	3.156539568237228e-15	1.817367802885282e-07	0.0	0.0	0.0	0.0	0.0	0.0
876.2548050209689	-0.0771623223657798	0.0059540239928805	767822.4833223362	723.4154755875871	-2.6747563680012263	7.154321628163111	523329.9503196149	831.2180614041207	1.0091564207149304	690923.4656044246	1.0183966814701697	821.178627434678	614.966576462118	1.283564	20.421797	0.0953486648340773	0.0631452970619094	-0.087424902	-0.0102936955	-0.0471371283	-0.1362144196	-0.069849151	0.0473906899	0.042745476	-0.0226413069	-0.144285975	0.0079664066	0.0344554634	0.106517884	-0.0408820455	-0.0230224023	-0.0978980212	-0.1246140649	0.1254996125	-0.0951705088	0.1342686725	0.3673459138	0.0539996051	0.0855863768	0.1055699628	-0.0352735004	-0.0379176616	0.0382785888	-0.0112494607	-0.1058271946	0.0646877638	-0.0121032325	0.0222652852	0.029676488	-0.2343210138	0.1285396223	0.0521407621	-0.3339933749	0.0154660148	-0.0660446823	-0.2089339663	0.107351142	-0.0526375938	-0.0046351039	-0.0052792564	-0.1439330519	-0.0990252477	0.0935014161	-0.0663943643	-0.1040460316	-0.0509372942	-0.1543801176	0.0287909627	-0.0198562761	0.0001173911	-0.0666682705	0.1940916674	-0.1346525143	-0.0207256823	0.0155728772	-0.0873091098	0.0236326534	-0.0195874268	0.0237428691	0.0955926359	0.1494666338	-0.0029914899	-0.1560591586	-0.0018989747832875	-0.0062343233605871	3.886678776436203e-05	3.606105227561808e-06	0.0980734768810833	0.0594770814072092	0.0035375232127197	0.0096184068675443	0.066822114833414	0.002547715249321	0.0044651950308099	6.490852991622767e-06	-0.0017838827376127	-0.0002224321134196	3.1822376215525808e-06	4.947604508035425e-08	0.0005678803277606	0.0003190468525558	3.224880666574865e-07	1.017908941257624e-07	-0.0004259940399071	3.119303636999979e-07	9.730055179801292e-14	1.814709220363719e-07	0.0	0.0	0.0	0.0	0.0	0.0
874.6278182598318	-1.6269867611371185	2.6470859209154503	764973.8204739533	707.1952121150387	-16.22026347254848	263.0969471188905	500125.06803843455	832.4380509225946	1.2199895184738807	692953.1086238081	1.4883744251861313	822.3078330933579	600.2616529138679	1.288152	20.494799	0.0673622018255702	0.0497705308576005	0.1024596738	0.1407100701	-0.1052447851	0.0495940993	0.2039550792	0.0905161909	-0.0790879744	-0.0688321949	0.1236922972	0.0315663953	-0.1489935612	0.0357515123	0.087609054	-0.0987888194	0.0517298333	0.1895649564	0.1198651537	-0.2008376098	0.0342325831	0.0588675811	-0.0267471247	-0.1121548856	0.0285658572	-0.0256042943	0.149177988	-0.1495956897	0.010825474	-0.0085024438	0.0971385649	0.0907893937	0.0586462491	-0.0825135925	0.1177913584	0.2232830443	0.0237627277	0.0180193282	0.0061710795	0.0577243795	-0.0227371501	0.0455204982	0.0899931041	-0.1870903597	0.0242982579	0.1398661994	-0.0732135529	-0.0114839963	-0.0582860922	0.0180448305	-0.1355586849	0.0189023052	0.0197853049	0.1284711371	-0.0987784751	-0.1719052163	0.0285073721	-0.0248193211	-0.066449238	0.021892207	0.00712956	-0.0092263904	0.0503846968	-0.0942504055	-0.0373707808	0.0478924027	-0.0089700792	-0.1551433414	-0.0071999496698396	-0.0053009748865521	2.8100334747856047e-05	5.1839275248223366e-05	0.0499767168753919	-0.0480967600056913	0.002313298323045	0.002497672229643	0.0643152093260823	-0.0025069055073317	0.0041364461506577	6.284575222690049e-06	-0.0016848473431372	9.903539447549992e-05	2.8387105696764817e-06	9.808009358917882e-09	0.0005679685114126	8.818365199994224e-08	3.225882299562447e-07	7.776356480046917e-15	-0.0005560216902995	-0.0001300276503924	1.690718986656821e-08	3.091601200835131e-07	0.0	0.0	0.0	0.0	0.0	0.0
877.5064029961208	2.8785847362889854	8.286250083995927	770017.4872991903	728.763103519474	21.567891404435382	465.1739396335178	531095.6610513356	832.908878756645	0.4708278340503966	693737.2003116516	0.2216788493165878	823.8866763778246	603.784499881614	1.460208	23.232254	0.049238470617114	0.027673012890712	-0.1727874429	-0.0496572669	0.0034607151	0.0694604037	-0.1309305121	-0.0593734844	0.0285692308	0.170952873	-0.0018186854	0.1155559137	0.0936920804	0.020153748	-0.1131728908	0.1111344249	0.0510743184	0.127249733	-0.0579384526	-0.0314960806	0.0448083276	-0.0791720983	0.0359252593	0.1650490575	0.1579614929	-0.0131611701	0.0162392721	0.0745699418	-0.1229998167	0.055769481	-0.0587003527	-0.1710390646	-0.0673383426	0.0021006043	0.1175256339	0.1237971948	-0.095550802	-0.0186934042	0.0236323564	-0.2666031707	-0.1322957738	0.0334716178	-0.0853087417	0.1904053706	-0.059363219	0.0036116389	-0.1159903288	-0.0855127383	-0.1127948975	-0.1100130626	-0.0229555189	0.1384430281	0.0036657308	0.0315336796	-0.02770494	-0.0717602415	0.0669234152	0.0748023771	0.0046409198	-0.0209712966	-0.0404485971	-0.0406936188	0.0628399651	-0.078024507	-0.0912391358	0.0738667926	-0.0149355036	-0.1533170814	-0.0077008298554517	-0.000500880185612	2.508809603388117e-07	5.930278046261625e-05	0.0295596604261163	-0.0204170564492756	0.0004168561940529	0.0008737735245073	0.047997982542526	-0.0163172267835563	0.0023038063281526	0.000266251889906	-0.0015748825854177	0.0001099647577194	2.4802551578519394e-06	1.209224794030832e-08	0.0005678357003777	-1.3281103489995626e-07	3.224373826234331e-07	1.7638770991197393e-14	-0.0004260531150805	0.000129968575219	1.6891830544456872e-08	1.8152125686979778e-07	0.0	0.0	0.0	0.0	0.0	0.0
878.576490540895	1.0700875447741964	1.145087353480868	771896.6497311553	724.3148730853657	-4.448230434108382	19.78675399492804	524632.0353726693	834.3571418245932	1.448263067948233	696151.8401137043	2.097465913982828	823.3432946793364	609.2870318013379	1.258649	20.025406	0.1220114678549477	0.0848464719867413	0.0244817223	-0.0024339938	-0.0748146189	-0.1715705048	0.0174857043	0.0546853683	0.1554237537	0.0694709879	-0.0807400656	0.1937585248	0.0137330245	-0.1022011166	-0.0005369925	0.0668267695	-0.0583508476	0.0596519916	0.0724805485	0.0911119442	-0.1532603951	0.0174654355	-0.0076178004	0.0388226147	0.0498266818	-0.1968851589	-0.0383285824	-0.0486425301	-0.1772852992	-0.0572426761	-0.0830285595	0.0274091042	-0.1022137827	-0.1515105826	-0.0039355336	-0.0852790083	0.1616150554	-0.0013686275	-0.0598787132	-0.0755700322	0.0034161502	0.0450259882	0.0475439603	-0.0667402075	0.0449387197	-0.0672274528	-0.0716947402	0.0721833012	-0.0039139675	-0.1096313528	0.0382880043	0.1079501526	0.0559023568	-0.0219281315	0.1708939998	-0.1689690203	0.0306466825	0.1012010065	-0.1115936822	0.1373888292	-0.0601848856	0.0694533058	-0.0439672105	0.0089959435	-0.0327659364	-0.1445287229	-0.0208790082	-0.1505910958	0.0036588252404783	0.01135965509593	0.0001290417638984	1.338700214036109e-05	0.1102549580593574	0.0806952976332411	0.0065117310601173	0.0121561557766706	0.0481001547070576	0.0001021721645316	0.0023136248828428	1.0439151205072591e-08	-0.0019439322274448	-0.000369049642027	3.778872504898501e-06	1.3619763828033058e-07	0.0003399148384699	-0.0002279208619078	1.155420974120182e-07	5.194791929279444e-08	-0.0004261694703705	-1.1635528999998613e-07	1.3538553510980868e-14	1.816204174758725e-07	0.0	0.0	0.0	0.0	0.0	0.0
875.54522230542	-3.031268235474954	9.18858711539944	766579.4363018473	715.3367792077967	-8.978093877568995	80.60616967444187	511706.707687384	830.1624863703448	-4.194655454248391	689169.7537765929	17.595134379855775	820.9936578305062	621.6773207167275	1.264144	20.11282	0.1602662649215377	0.1133639017809614	0.217297176	0.0857539641	0.1353496128	-0.095043565	0.0814567585	-0.0124530536	-0.0743553943	-0.1272367681	-0.0517050743	-0.1545732906	-0.089873701	-0.1364339036	-0.0324177411	-0.0977502042	-0.0003951754	0.0590426466	0.1146282906	0.0685486743	0.0822559487	-0.0181705187	-0.0709979014	-0.0461485449	-0.0719582972	-0.0559203002	0.0625327108	-0.0560253638	0.1835929295	0.0104366568	-0.1219676901	0.0968516005	0.1077979379	-0.1273087886	0.0099333095	0.0222695524	-0.0120002514	-0.0048147992	0.0512020419	-0.0755952436	0.1204203352	-0.014306447	0.1457176156	0.0773036214	0.1574269844	0.1599484653	0.0109366011	0.0659892276	-0.0040605952	-0.0461986751	-0.0077082671	-0.1574496575	0.0646379492	-0.0868514734	0.0742683769	-0.1208224999	0.0473306237	0.1588925677	-0.1155586266	-0.1232835715	-0.0100078258	0.0537133011	-0.0050914294	-0.0105927793	0.0398140995	-0.0891365523	-0.0267918699	-0.1469813818	-0.0058434569522631	-0.0095022821927414	9.029336687049032e-05	3.414598915295196e-05	0.0026260583556592	-0.1076288997036982	0.0115839800514287	6.896182487327502e-06	0.0330516944619745	-0.0150484602450831	0.0010924145068077	0.0002264561557478	-0.0014559405487732	0.0004879916786715	2.1197628815620067e-06	2.3813587845272605e-07	0.0002663105568194	-7.360428165049997e-05	7.09213126734589e-08	5.417590277286127e-09	-0.0004263059656487	-1.364952781999899e-07	1.8630960970892635e-14	1.8173677634767057e-07	0.0	0.0	0.0	0.0	0.0	0.0
874.5188983181314	-1.026323987288606	1.0533409268839828	764783.3035155582	714.3706956468187	-0.9660835609779496	0.9333174467918358	510325.4907989197	830.805211576304	0.6427252059592092	690237.2995823473	0.4130956903753079	820.7868405239476	592.5157009026943	1.24235	19.766073	0.1585421763428133	0.1054645751200434	0.0292397661	0.1209933683	0.0233827283	0.1244943566	0.073345965	0.0848427022	-0.0425977991	0.050806075	0.0098272027	-0.051395012	-0.056017289	0.0590128174	0.176047227	0.1495845626	0.0393183622	-0.1778301132	-0.0552209774	0.1805071152	-0.1581940051	0.0838953421	0.0954866504	0.0210793353	-0.0410929058	0.2209506401	-0.1058006504	-0.0223727369	0.0512845101	0.0815510119	0.16800406	0.0038527669	-0.0761245089	0.0232628675	-0.0897941055	-0.2879991912	-0.0236308015	0.0524658549	-0.019007199	0.0576172899	-0.1739346641	-0.1404096424	0.0412462785	-0.0165230396	-0.0126558224	-0.0488760497	-0.013841826	0.1164447727	-0.1125350519	-0.0340442899	0.0271363885	-0.0221366446	0.2714834306	-0.1391449022	0.0941634901	-0.1168815647	-0.2087632751	-0.0302699183	0.0956768485	0.1392934419	0.2631840697	0.1703646679	-0.1296122759	-0.0172439911	0.0306092555	-0.062264989	-0.0326654109	-0.1425091225	-0.0132159521833585	-0.0073724952310953	5.435368593252441e-05	0.0001746613921128	0.1020877864971794	0.0994617281415202	0.0098926353648976	0.0104219161518936	0.0592715776278822	0.0262198831659077	0.003513119914498	0.0006874822732338	-0.0016638791420313	-0.000207938593258	2.768493799286815e-06	4.3238458566157524e-08	0.0005678551353447	0.0003015445785253	3.224594547373476e-07	9.09291328380008e-08	-0.0004260277413463	2.7822430239999056e-07	7.74087624459614e-14	1.814996363966299e-07	0.0	0.0	0.0	0.0	0.0	0.0
879.782093172115	5.263194853983578	27.701220070999213	774016.5314663079	718.3080409281963	3.937345281377589	15.502687864786362	515966.44166210335	831.929915464014	1.124703887709984	692107.3842439615	1.2649588350299523	822.2287759855976	607.3597899950468	1.252423	19.92634	0.1418114957300171	0.0868755252190083	0.1739362318	0.0669689798	0.0770375714	0.1182576154	0.1539225747	-0.1326342251	-0.1131904391	0.0387368954	0.0039603305	-0.0527951682	-0.2058534834	0.031083113	-0.0020437464	0.1670653152	0.1023652831	0.0392190651	0.0131101023	-0.1618297835	0.1027033399	-0.0362846112	0.1856004427	-0.1324321488	-0.0507703343	-0.028670551	-0.2813653214	-0.1665394611	0.1136806312	0.208475429	0.1083508298	-0.1218500262	-0.0199437154	0.0241685967	0.0606702623	0.1008041433	-0.019484716	-0.026869391	-0.1889660038	0.1871895999	0.0572578164	0.0161230688	0.1719731052	-0.0422580578	0.0514006431	0.1894630626	0.0103269208	-0.0356868324	-0.0567085022	-0.0546687584	0.0692678811	0.1086723302	0.0345600751	-0.0171384229	0.1305380348	-0.0893190008	0.0752260352	0.0088306402	0.0018677113	0.0079616432	0.0540071888	0.0952973938	-0.127266879	0.1272359631	-0.0520367734	0.0826776179	-0.0384910108	-0.1372005631	-0.0272915764458758	-0.0140756242625173	0.0001981231983795	0.000744830144901	0.026541539010509	-0.0755462474866704	0.0057072355093172	0.0007044532930463	0.0178873256627127	-0.0413842519651695	0.0003199564193639	0.0017126563107166	-0.0018798801652505	-0.0002160010232191	3.533949435702247e-06	4.665644203174136e-08	0.0005679008559191	4.5720574400011024e-08	3.225113821536464e-07	2.090370923466944e-15	-0.0004259670448267	6.069651959999483e-08	3.6840674915525536e-15	1.8144792327839187e-07	0.0	0.0	0.0	0.0	0.0	0.0
877.3474533666295	-2.434639805485517	5.927470982454557	769738.55392891	734.345733367645	16.037692439448733	257.20757878235105	539263.6561152644	831.3594182523569	-0.5704972116570843	691158.4823168974	0.3254670685085081	822.2028175414077	618.7144234730647	1.518297	24.156454	0.0936228589954333	0.0445369780873214	-0.1051207479	-0.1283803303	0.0298629572	-0.0054599515	-0.1677878491	-0.1105929494	0.067141615	0.0998857038	-0.0807262159	0.0205020899	0.0921048573	0.0435574692	-0.1585315044	0.0375314282	0.069391757	0.1323855883	-0.1438620679	-0.1021239294	0.0705113196	0.0801223927	-0.1427928097	0.0556249295	0.0275417306	0.1438055514	-0.0425478027	0.0763794419	-0.0523365496	-0.0161451035	-0.085023706	-0.1335584906	0.016193778	0.083516253	0.1441044152	0.1559016115	-0.0452107062	-0.0590391664	0.2364228876	-0.0230847225	-0.1494664574	-0.1550409335	-0.0567042789	0.148371893	-0.008637083	-0.0256024025	-0.1066188694	-0.0269271451	-0.0752220299	-0.1324722404	0.0616058607	0.0504738604	-0.0346069536	0.0132909823	-0.1575914191	-0.0588270797	-0.0431161794	0.0692023386	0.0373827994	0.0110241272	0.0491865155	0.0539994921	-0.0638563089	-0.1287029654	-0.2003833116	0.0516130964	-0.0442601199	-0.1310868562	-0.0150182342247688	0.012273342221107	0.0001506349292764	0.00022554735923	0.055008881523122	0.028467342512613	0.0008103895897304	0.0030259770464248	0.047624928559486	0.0297376028967733	0.0022681338202961	0.0008843250260461	-0.0017457849450978	0.0001340952201526	3.0477650745301283e-06	1.7981528067801073e-08	0.0005686587474313	7.578915121999935e-07	3.2337277103013506e-07	5.743995442647929e-13	-0.0007540053604606	-0.0003280383156339	1.0760913652392625e-07	5.685240836033194e-07	0.0	0.0	1.0	0.0	0.0	0.0
876.0377862081403	-1.3096671584891055	1.715228066024928	767442.2028644594	727.577732532948	-6.768000834697091	45.80583529846052	529369.356877786	832.5576318726504	1.1982136202934726	693152.2103893957	1.43571587985679	822.5031104300591	613.8661361596523	1.149376	18.286848	0.0844624345784497	0.0419656391736205	-0.0876754551	-0.0775188441	-0.1433458617	-0.0288833048	-0.0236719156	0.0583227058	0.110990929	0.1074028196	0.1032830987	0.1236202433	0.0876399872	0.0014950901	0.1346731813	-0.0332682241	-0.0026711008	0.072437999	-0.0640735125	0.0423081797	-0.1019374191	0.2349481285	-0.1169141894	0.1332291967	-0.0235451448	-0.0213866457	-0.0633028398	0.0309555869	-0.1669543384	-0.0164002419	0.0590876842	0.1107082659	0.0146680562	0.0078711707	0.0871562515	-0.0658251771	0.0820152793	-0.0236937465	0.0696790675	0.0785538809	-0.0953624823	0.0035138884	-0.0348107616	-0.139688796	-0.0839972844	-0.0298851629	-0.148901851	-0.0095771051	-0.033638393	-0.1129887895	0.0314388149	-0.0793461365	-0.0161718286	-0.06350469	0.0401066934	-0.0899726023	0.0028911111	0.0442832919	-0.0805344598	0.0433683195	0.0649756973	0.1509337499	0.0492472034	0.2005292334	-0.128707916	0.0941782328	-0.0499642712	-0.1242038795	-0.013587144141951	0.0014310900828177	2.0480188251394548e-06	0.0001846104859341	0.0717402228780343	0.0167313413549123	0.0002799377835345	0.00514665957859	0.0739368621916156	0.0263119336321296	0.0054666595907419	0.0006923178514615	-0.002042915508107	-0.0002971305630091	4.173503773264081e-06	8.82865714741641e-08	0.0003939355750861	-0.0001747231723452	1.5518523731841634e-07	3.0528186954370465e-08	-0.0004260977056432	0.0003279076548174	1.0752343008784716e-07	1.815592547543992e-07	0.0	0.0	0.0	0.0	0.0	0.0
873.4262648665675	-2.611521341572825	6.820043717490327	762873.4401587633	707.8016601081367	-19.77607242481122	391.0930405513786	500983.19005183433	831.5728921531735	-0.98473971947692	691513.4749639935	0.9697123151154832	822.0756136676458	607.8085305425856	1.555563	24.749376	0.060994588040607	0.0355220501826111	0.2026058354	0.1460371437	0.0069396735	-0.0251642053	0.173283937	0.0729291875	-0.0873302674	-0.0373509218	-0.0471360407	-0.0491831424	-0.0896303691	-0.0653357128	0.0103878154	-0.1817292541	0.0529429235	0.0108702853	0.1387234747	-0.0250085549	-0.0052734483	0.0296078028	0.0203170483	0.0551607659	0.1517682267	-0.006492357	0.0981185712	-0.093770697	0.0813564276	0.0126443655	-0.0273833796	0.0851295215	0.2018542671	-0.0790163114	-0.0408039854	0.0438064671	-0.0350903003	0.0428909189	-0.04909306	-0.0349581143	-0.0824362813	0.1341887437	0.0080589901	0.0039688511	0.1954220358	0.2027302471	0.0185926896	0.1148486306	0.083612755	0.1168912806	-0.0193194431	-0.087846578	0.132358346	-0.1034413611	-0.0295217341	0.0121357478	-0.0158250103	0.1336232808	-0.1069265596	0.2702173004	0.0205790561	0.0356286679	0.145053262	-0.0758137207	0.1017493326	-0.0033270378	-0.055595093	-0.1165920251	-0.0075398469210625	0.0060472972208885	3.656980367776578e-05	5.684929159305566e-05	0.0421508102388799	-0.0295894126391544	0.0008755333403301	0.001776690803794	0.0729922129781215	-0.0009446492134941	0.0053278631554434	8.923621365550277e-07	-0.0020422933107969	6.221973100997182e-07	4.170961967325763e-06	3.871294926953248e-13	0.0005687553638709	0.0001748197887848	3.2348266393191984e-07	3.0561958550762083e-08	-0.0007389202988897	-0.0003128225932465	9.785797484546517e-08	5.460032081112436e-07	0.0	0.0	0.0	1.0	0.0	0.0
873.2734361920811	-0.1528286744863862	0.0233566037452658	762606.4943587248	721.4315033302651	13.62984322212833	185.7726262597976	520463.4139973663	829.3828083698014	-2.1900837833720743	687875.8428193787	4.796466978189339	820.2614628348764	600.2334305526864	1.265646	20.136721	0.0830309509290292	0.0541737133545445	-0.0345019441	0.0712508285	0.1608634729	0.0205733533	-0.0885202671	-0.0023702498	-0.181869149	-0.0336941047	-0.0446744437	-0.1922829423	-0.0312542997	-0.0230263148	-0.0461261154	0.0181790287	-0.0006544053	-0.1067532849	-0.0554363955	0.0991327705	0.0251902375	0.1280592304	-0.0995272512	0.0750189448	0.12202709	0.219938191	-0.1400013903	0.0525605148	0.1952126701	-0.0114228685	-0.0525802972	-0.0493435012	-0.0071899554	0.0006112066	-0.0806721416	-0.0876270561	-0.1465987986	0.0339204101	0.1461724605	-0.0239219977	-0.2078257611	-0.0519583744	-0.0808636903	0.0840090393	-0.0147073706	-0.0380799825	0.0907948401	0.1554865381	-0.0829202053	0.0326790373	0.0891275453	-0.127814935	0.1813428723	-0.172961068	0.1535998758	-0.0062448037	0.0210515991	-0.0149904071	-0.0356952476	0.0745062682	0.0879768323	-0.0343507728	0.1988677112	0.0459404239	0.1141290745	0.0251796588	-0.0611443214	-0.1082959623	-0.0104006374662048	-0.0028607905451422	8.184122543175575e-06	0.0001081732597034	0.0913565304531971	0.0492057202143172	0.0024212029018096	0.0083460156564459	0.0777679726075462	0.0047757596294246	0.006047857563488	2.2807880038042724e-05	-0.0020776685373245	-3.537522652759988e-05	4.316706550988127e-06	1.251406651879006e-09	0.0009942011900372	0.0004254458261663	9.884360062713848e-07	1.8100415100232562e-07	-0.0006759677407807	6.2952558109e-05	3.963024572467022e-09	4.569323865761637e-07	0.0	0.0	0.0	0.0	0.0	0.0
874.7916335648036	1.518197372722511	2.304923262541536	765260.4021549777	710.7135285386095	-10.717974791655593	114.87498363456474	505113.7196478008	830.6169860380933	1.2341776682918637	689924.577495006	1.523194516910341	820.2404316979756	584.3653400290725	1.202887	19.138214	0.080623115315959	0.0469090919481663	-0.067081179	0.1191562795	0.0129658642	0.1026241672	0.0435058194	0.1295562003	-0.0177395688	-0.1322160129	-0.0164180662	-0.090108923	-0.0798391321	0.1323548837	0.0674128989	0.0220499045	-0.1462924104	-0.1449054747	-0.1873213297	-0.1506269341	0.1899957813	-0.093808899	-0.0455610006	0.0697056829	0.0330440091	-0.1090204035	-0.0572744872	-0.0409434627	0.1016234577	-0.0150615507	0.1680440982	-0.0077327621	-0.1252431513	0.2707990744	-0.0985187471	0.0500693962	-0.1032322057	0.0956045404	0.0370304748	0.0136446021	0.2397975339	0.0955867316	-0.090047894	-0.1661184239	-0.0654951004	0.0017160865	0.0830236932	-0.0015370562	-0.1810040389	0.0178524245	-0.0936001633	0.0419017574	0.0406579688	0.0160809197	-0.1428273982	0.2162548758	0.1280312566	0.0956784841	0.0902360511	0.0500570156	0.0444375526	0.0581611879	-0.0522375769	0.1002424618	-0.1057670867	0.1927942404	-0.066603812	-0.0993643757	-0.0089723899997125	0.0014282474664923	2.039890825541674e-06	8.050378230694086e-05	0.093964482035517	0.0026079515823198	6.801411455724859e-06	0.0088293238842029	0.104795944477388	0.0270279718698418	0.0109821899789077	0.0007305112633969	-0.0025897948824867	-0.0005121263451621	6.7070375333543e-06	2.622733934091928e-07	0.0005689455764239	-0.0004252556136133	3.2369906893232385e-07	1.8084233690962442e-07	-0.0007297646699513	-5.37969291706e-05	2.894109588186553e-09	5.325564735091298e-07	0.0	0.0	0.0	0.0	0.0	0.0
881.0610871876554	6.269453622851756	39.30604872908901	776268.6393562934	727.2754427935627	16.561914254953194	274.2970037884218	528929.5696905727	833.7207635865176	3.1037775484243184	695090.311635286	9.633435070102871	823.3396925638355	595.5597444844042	1.280723	20.376608	0.1199021235383808	0.0596294067280613	-0.036506016	-0.0849975182	-0.0841191521	0.2894757413	0.0394890976	-0.2070735708	-0.0577200122	0.2115040512	0.0351308471	0.184281346	0.0003251732	0.0957604876	-0.0713607021	0.1685908997	0.1411739178	-0.137914158	-0.1719970728	0.0210492605	0.0410372159	-0.1129707071	0.0215796937	0.0961121566	-0.1486592152	-0.0078631893	0.1421295074	-0.0618892788	-0.1400781848	0.196440365	0.0387238689	-0.2159576744	-0.0310111642	0.2169748518	-0.0134865897	-0.1117477057	-0.0213231402	-0.0583637554	-0.0938499495	0.0922913816	0.0198233532	-0.0106254181	-0.1232200946	0.0452588277	0.0523861902	-0.0030467811	0.0279594894	-0.1894233356	-0.0809646224	-0.0027019093	0.1097294988	0.0453581185	0.1725006992	-0.0790537827	0.1033692072	0.203507673	0.1492136759	0.0535548088	0.0445976062	0.077980253	0.0281319829	-0.114674481	-0.0633494414	-0.1680339167	-0.2907639353	0.1682274419	-0.0719655524	-0.0898496795	0.0111794994680138	0.0201518894677263	0.0004060986491194	0.0001249812083553	0.051808415938126	-0.042156066097391	0.0017771339088075	0.0026841119620178	0.0889097625240395	-0.0158861819533485	0.007904945872081	0.0002523707770548	-0.0033183233718979	-0.0007285284894111	1.1011270000483848e-05	5.307537598837649e-07	0.0004832456089141	-8.569996750979999e-05	2.335263185347593e-07	7.344484431180773e-09	-0.0007496959334286	-1.9931263477300032e-05	3.972552638015542e-10	5.620439925993799e-07	0.0	0.0	0.0	0.0	0.0	0.0
878.9539759667292	-2.107111220926185	4.4399176973530405	772560.0918677216	742.5614083779825	15.28596558441984	233.66074384806785	551397.445212293	833.5024313102091	-0.2183322763085016	694726.3030000299	0.0476689828780518	824.0966447244479	627.1471863445054	1.270582	20.215258	0.1412355594065713	0.0861832176903994	-0.118529177	-0.238009129	-0.0562232298	-0.1093568094	-0.1957694623	-0.0784880336	0.2342431762	-0.0049136526	0.017933405	0.1626016072	0.1446003258	-0.0761121272	-0.1475582516	-0.0342959909	-0.1274879531	-0.1898151817	-0.112204808	-0.0979559154	0.0917613787	-0.1289072385	-0.0160848438	-0.1464900131	-0.1153975702	-0.063651883	-0.0558948008	0.0659511134	-0.1975886885	-0.0400152121	-0.1939278389	-4.21015e-05	-0.04624086	0.2172585282	-0.0983001828	0.0475021716	0.0173640447	0.1251471174	0.1017707354	0.1175504725	0.2254397562	0.1304547422	-0.1698218724	-0.0552316618	0.0281768417	-0.2050503953	-0.0363365599	-0.0947907942	-0.1593439571	-0.0733662951	0.0851359012	-0.0439476676	-0.3507566547	-0.0155434818	-0.0137571123	0.1441611309	0.037674216	0.1039176316	-0.0705527844	0.1755104304	0.1340691923	-0.1403157005	0.1322010606	0.1652680931	0.0148037577	0.0013373302	-0.0772216734	-0.0798077096	-0.0058737462605478	-0.0170532457285616	0.0002908131898787	3.450089513329927e-05	0.1283326278538226	0.0765242119156966	0.0058559550093184	0.0164692633718677	0.0852278688087864	-0.003681893715253	0.0072637896216877	1.3556341330420265e-05	-0.0025897735518848	0.000728549820013	6.706927050042013e-06	5.3078484024112e-07	0.0005321036135608	4.885800464669995e-05	2.831342555644611e-07	2.3871046180569532e-09	-0.00085181226971	-0.0001021163362813	1.0427746135535958e-08	7.255841428285017e-07	0.0	0.0	0.0	0.0	0.0	0.0
874.5043343072122	-4.449641659517056	19.7993108981097	764757.8307221003	718.2883088395403	-24.27309953844224	589.1833612031248	515938.0946155668	832.6752839052588	-0.827147404950324	693348.1284267033	0.6841728295160553	822.7919149724204	620.7007807014335	1.387028	22.06794	0.135807798727929	0.0752409683904513	0.0891679333	-0.0440986354	-0.230212153	-0.0356117734	0.1456550497	0.1049596969	0.127612821	0.0389312738	0.1146751211	0.0816831965	0.0166023171	-0.038299939	0.1792410757	-0.2314181258	0.0704044339	-0.2026805128	-0.012762876	0.1114817922	-0.0466310089	-0.1286333653	-0.0932208849	-0.3465473689	-0.0105986151	-0.0203557257	-0.0872941037	-0.0395090802	-0.1164655028	-0.0269362395	0.0648840062	0.2033343614	0.2045103922	-0.0090951745	-0.0990519915	-0.229021033	0.0568051143	0.1405087355	0.072894057	0.1810073782	0.1104134271	0.1182613969	-0.0887698464	-0.195155062	0.1366473074	0.0553672814	-0.1015744369	-0.1191200337	0.0610722786	0.1098259709	-0.0612764673	-0.2046301136	-0.0354502831	-0.0412487075	0.0454729059	0.0733973615	-0.0143479709	-0.107981913	0.0133926101	0.1870411712	-0.0711248261	-0.1730767477	0.0887306984	0.0689407873	-0.0887466035	-0.2548329747	-0.0823644609	-0.0692973963	-0.0008178216598224	0.0050559246007254	2.5562373568220303e-05	6.688322672746654e-07	0.0613564675626605	-0.0669761602911621	0.0044858060473474	0.0037646161117678	0.100782951808128	0.0155550829993416	0.0101572033751594	0.0002419606071164	-0.0030188690320772	-0.0004290954801923	9.113570232834729e-06	1.841229311215461e-07	0.0006406432059604	0.0001085395923996	4.1042371734321947e-07	1.178084311827131e-08	-0.000425034725568	0.0004267775441419	1.821390721838767e-07	1.806545179386651e-07	0.0	0.0	0.0	0.0	0.0	0.0
872.0174051089523	-2.4869291982598725	6.184816837157492	760414.3548129506	712.420351595492	-5.867957244048284	34.432922217978735	507542.7573674444	830.3642729565613	-2.311010948697458	689504.8258026787	5.340771604999524	821.5143319678119	598.9449884830377	1.470943	23.403042	0.0363147781089318	0.0245867693413889	0.0752737775	0.1528773135	0.1414382597	-0.0771581861	-0.0154237115	0.0446950556	-0.1404425628	-0.0853502648	-0.0687746636	-0.1512670036	-0.0395754009	-0.059440226	-0.0897576205	-0.2046487309	0.0225906362	-0.0709265526	0.0880315671	-0.0410087286	-0.1371858033	-0.2891862281	-0.1933616236	0.0422952306	0.1280674843	-0.1536193103	0.1413382219	0.0068487507	0.1499287601	-0.0418163549	-0.0928511726	0.0071285941	0.1820754248	-0.0265417226	-0.0476940048	0.031974198	-0.0387550254	0.2864564727	0.0221862288	-0.2264395334	0.1039976261	0.0451555515	-0.0950235469	0.0156390197	0.2416607774	0.0409601979	0.1385121649	0.0627002251	-0.0674985435	0.1609451606	-0.1366117773	-0.0403938614	-0.0902442619	-0.0293751641	0.0539751018	0.0804376223	-0.074563813	0.2558830576	0.0275988397	-0.0147164303	0.0429240653	-0.1486814594	0.0358292903	0.0222362955	-0.0959683686	0.0301358593	-0.0873863672	-0.0583804184	-0.0078712389763353	-0.0070534173165129	4.975069584088404e-05	6.195640302257998e-05	0.0841444190063782	0.0227879514437177	0.0005192907310012	0.0070802832499209	0.0949099706957667	-0.0058729811123613	0.0090079025374712	3.4491907146152574e-05	-0.0030068671180112	1.200191406599974e-05	9.04124986537698e-06	1.4404594124764238e-10	0.0006406406831285	-2.522831899984257e-09	4.104204848793511e-07	6.364680795578176e-18	-0.0004250388533969	-4.127828899980375e-09	1.7038971427513193e-17	1.8065802689695145e-07	0.0	0.0	0.0	0.0	0.0	0.0
875.4263453315972	3.408940222644901	11.620873441566268	766371.2861006368	707.6092307288368	-4.811120866655188	23.146883993564963	500710.8234126562	831.6353786153005	1.2711056587392022	691617.4029646142	1.6157095956788212	821.080432961932	597.122963613934	1.198367	19.066305	0.1015264659250513	0.0510244472590228	0.0922616438	0.145898023	-0.1117084112	-0.0137311126	0.1308083311	0.0990351126	0.0382775809	-0.0276113997	-0.2507947686	-0.0691364659	-0.1472994865	0.1171843766	0.0270469736	-0.0761179284	-0.1242420555	-0.2476765893	0.0740980928	0.0309284575	0.010270571	-0.1311229561	-0.0599108143	0.0322775384	0.0183790788	0.1001849072	-0.1240225806	-0.1278688031	0.1132579452	-0.1174993971	0.0933453717	-0.0073764763	0.0327223631	0.0586360245	-0.2718546185	-0.0639230288	-0.0989824263	0.135139812	0.1223946384	0.0064080169	-0.0361997671	0.0569406798	-0.105615864	-0.1150678426	0.2137655785	-0.1165004105	0.0113276332	0.0341610057	-0.064594866	0.204745084	-0.0640267564	0.0380460136	0.0149323122	-0.0285139351	-0.0327990794	0.3019084414	-0.0674159312	-0.0764450501	-0.0158562259	-0.0353608433	0.015528709	0.0757411468	-0.1788320571	-0.1225612889	0.0875452161	-0.0906414887	-0.092280022	-0.0471208409	0.0003688285897567	0.008240067566092	6.789871349376134e-05	1.360345286219161e-07	0.1074066731881799	0.0232622541818016	0.0005411324696187	0.0115361934453524	0.1081373175648394	0.0132273468690726	0.0116936794501189	0.0001749627051947	-0.0037488434146364	-0.0007419762966251	1.4053826947462702e-05	5.505288247536464e-07	0.0004827406703358	-0.0001579000127927	2.3303855479625758e-07	2.493241403993482e-08	-0.0006610984901407	-0.0002360596367438	5.572415209961481e-08	4.370512136663132e-07	0.0	0.0	0.0	0.0	0.0	0.0
877.7625059011268	2.336160569529625	5.457646206624981	770467.0167658257	719.3123570347691	11.7031263059323	136.96316533260463	517410.2669829151	831.6354927693991	0.0001141540985827	691617.5928338013	1.3031158223235757e-08	822.0875267369228	608.7670550224109	1.238921	19.711529	0.1161144177025349	0.0615721039069376	0.0975535656	0.0134973499	0.0330713088	-0.0652590844	0.0908746461	-0.0460196428	-0.0128643491	-0.1579798764	0.0289836547	-0.0963485718	-0.2182294743	0.1263791192	-0.0068435963	0.0115267325	-0.0071462445	0.0457404726	-0.0750955269	-0.2510883556	-0.0886977055	-0.0425060854	-0.3587655684	0.1212495347	-0.12714778	0.0446627316	-0.1258736091	-0.1695471917	0.1575264469	-0.0349725851	0.0755790979	-0.0637348647	-0.0070725885	0.1024835383	0.09343069	0.2701493602	-0.0028620511	0.10581166	0.250655016	0.0599399151	-0.0755612929	-0.1563037565	-0.0254640751	-0.2133674056	0.0818681464	0.0378143412	0.1016855764	-0.0601337682	-0.1188748052	0.1693205346	-0.0140707561	0.0358149623	-0.2134700461	0.0956616186	0.2397806685	0.0498852478	-0.044970862	0.2065352628	-0.2270962125	-0.2650667648	0.0562790861	-0.0690537513	0.0766301249	-0.037594958	0.0050174055	0.0245233173	-0.0970382431	-0.0355847396	-0.012487734912554	-0.0128565635023107	0.0001652912250889	0.0001559435232462	0.0561640204008426	-0.0512426527873373	0.0026258094646836	0.0031543971875862	0.1024244637502675	-0.0057128538145719	0.0104907707745298	3.2636698706668705e-05	-0.0032168675945591	0.0005319758200773	1.034823712092445e-05	2.829982731469158e-07	0.0006406847523872	0.0001579440820514	4.1047695194144796e-07	2.4946333055059392e-08	-0.0004249714403031	0.0002361270498376	5.575598366500844e-08	1.806007250732913e-07	0.0	0.0	0.0	0.0	0.0	0.0
876.7898669584956	-0.9726389426311924	0.9460265127227244	768760.4708010964	722.8609005696064	3.548543534837336	12.592161218635852	522527.8815723024	832.7430894894708	1.1075967200716832	693461.0530924688	1.2267704943135505	823.501220062336	601.7844985733684	1.367252	21.753305	0.0658171202238949	0.0343857369471193	-0.0669828114	-0.0906075096	-0.1410364693	0.1083163725	0.0161761104	0.0022850768	0.1564932715	0.1082079887	0.0662584365	0.0838873751	0.0176916433	0.0785046387	-0.0709186818	-0.0311747799	0.0891168614	0.005714133	-0.0551953448	-0.0586122058	-0.1584948302	0.0547815171	-0.1540102728	-0.1758608687	0.1082711882	0.0495221533	0.0281791829	-0.0216092902	-0.0991903951	-0.0312589512	0.0139643815	-0.1055745994	0.072752952	0.0632711003	0.0542101841	0.0321210654	0.1379236051	0.142468305	0.2283275589	0.0168125005	-0.0610306654	0.0773045934	-0.1877581341	0.0415595166	0.1117663897	-0.0063660087	-0.0741825969	-0.2149247375	-0.0482733616	0.0905144724	-0.041550605	0.1296485236	-0.1641707464	-0.0121718437	0.0253018644	0.05598843	-0.1399011922	-0.0141765958	0.0956786953	0.012429638	-0.0032773247	0.0058252653	-0.076073452	-0.0493425045	0.1968918344	-0.1237621324	-0.1016540472	-0.023839813	-0.0130417918254295	-0.0005540569128754	3.069790627051292e-07	0.0001700883340178	0.0424046664100643	-0.0137593539907782	0.0001893198222435	0.0017981557333488	0.0823777377653414	-0.0200467259849261	0.0067860916793353	0.0004018712227147	-0.0029939515816522	0.0002229160129069	8.963746073277709e-06	4.9691548810309226e-08	0.0002356386168254	-0.0004050461355618	5.55255577393877e-08	1.640623719335481e-07	-0.0004261489585407	-1.1775182376000154e-06	1.3865491998806464e-12	1.8160293486532326e-07	0.0	0.0	0.0	0.0	0.0	0.0
877.0647411371439	0.2748741786482469	0.0755558140875483	769242.5601459652	728.7086348662506	5.847734296644148	34.19599640414823	531016.2745286345	834.0780295465225	1.334940057051767	695686.1593722097	1.7820649559213757	824.0094446297393	597.2019890842274	1.291961	20.555395	0.1146540966553838	0.07254540968008	-0.0405463522	-0.0622439603	-0.0644940249	-0.1261855246	-0.0788493301	-0.0445835123	0.0940835062	-0.0302156345	-0.1089959124	0.1326562319	0.0757654446	-0.05598935	-0.0556431403	-0.0303125652	-0.1270329544	-0.0468153866	0.0623170816	0.1595122539	-0.0395283587	-0.0335459942	-0.1764829313	0.0259849989	-0.1923553609	-0.1142859824	-0.2092982684	0.0108059343	-0.1380556823	-0.0856786232	-0.132727747	0.0220367931	-0.0377835162	-0.0860662444	-0.1047181446	-0.1146224172	-0.078328968	0.031562695	0.0482450041	0.1185232038	0.0103677254	-0.0171402867	-0.1307480402	-0.0350475568	0.0886662465	-0.1244503206	0.0114660144	0.0392903683	-0.0032658463	0.1419633223	0.2404186292	0.0587025436	-0.186985014	-0.1255223186	0.1886960568	-0.2200276378	-0.0420791292	-0.2857612958	0.1203180221	-0.0787855794	-0.1546116828	-0.0106243111	-0.1330096517	0.0132779036	0.031375263	0.1769553136	-0.10612066	-0.0119549848	-0.0272365541982679	-0.0141947623728384	0.0002014912788213	0.0007418298845951	0.1099475925955886	0.0675429261855243	0.0045620468777031	0.0120884731175655	0.0872419691760626	0.0048642314107212	0.007611161185717	2.3660747217046796e-05	-0.003219883560562	-0.0002259319789097	1.036765014357742e-05	5.10452590940983e-08	0.0005696858823591	0.0003340472655336	3.245420045592663e-07	1.1158757561054224e-07	-0.0004250846692582	1.0642892824999747e-06	1.1327116768443113e-12	1.806969760383533e-07	0.0	0.0	0.0	0.0	0.0	0.0
876.1910885516577	-0.8736525854861839	0.7632688401266938	767710.8236573389	727.3542312072204	-1.3544036590301405	1.8344092715942324	529044.1776550467	832.647981571972	-1.4300479745505754	693302.661215879	2.0450372095162037	823.0108099509412	599.7524700001774	1.289751	20.520239	0.1038876077357657	0.082827640972356	-0.103057266	-0.0825013401	-0.0622507892	0.0512157944	-0.0653661753	0.0395232814	0.1832645835	-0.0374902206	0.192595688	0.0822372872	0.1612329165	-0.0364373298	0.1651718466	-0.0546445891	-0.065483912	0.0997299002	-0.2178422991	-0.0739778282	0.0021457649	-0.2268067049	-0.0626046091	-0.040280941	-0.0762884346	0.0878041376	-0.1501885036	0.0943717288	-0.1464853193	0.0394754688	0.0441743671	0.1668499019	-0.0730087054	0.1632672848	0.1734506274	-0.0062450068	-0.1566655102	0.238963818	-0.0297599071	0.1039578901	0.0469478194	-0.1150532559	-0.1429603882	-0.1532081551	-0.091922323	0.0847400446	-0.0188112673	-0.1542226447	-0.0053451845	0.0334697436	0.1977814103	0.0668541658	-0.0461727381	-0.0458081967	-0.0077058348	-0.0816185301	-0.1135819741	0.0712252433	0.0849332167	-0.0931383187	-0.0308530535	0.0951912473	-0.135373259	-0.1013279174	0.1403466111	-0.0479020929	-0.1104315261	-0.0	-0.027208451618506	2.810257976190028e-05	7.897549892739672e-10	0.0007402998394765	0.0290252415762068	-0.0809223510193818	0.006548426894504	0.0008424646485571	0.0944186850723696	0.007176715896307	0.0089148880907953	5.15052510563056e-05	-0.0029733979808279	0.0002464855797341	8.841095552391432e-06	6.075514101685536e-08	0.0005011343682179	-6.855151414119991e-05	2.511356550091538e-07	4.6993100910511325e-09	-0.0004252563401892	-1.7167093099997553e-07	2.9470908550398364e-14	1.808429548711126e-07	0.0	0.0	0.0	0.0	0.0	0.0
876.3796271013335	0.1885385496758544	0.0355467847138746	768041.2507982724	723.2395919937271	-4.114639213493319	16.93025585721692	523075.5074272529	831.162595017512	-1.4853865544599785	690831.2593562447	2.2063732161704865	821.2726459653359	597.5392909824338	1.309504	20.834511	0.0280786785023406	0.0146853339937132	0.005950214	-0.0531657221	0.0706227876	0.2168594715	-0.0130404815	-0.1457903493	-0.1012831205	0.0930321084	-0.0358214973	-0.0707920487	0.0571346852	-0.0763030381	-0.0267960109	0.0242733723	0.24253498	-0.0719374655	-0.0355187891	0.0090109086	-0.1186863866	-0.0017528636	0.0566723761	0.1156967933	-0.0312519404	0.3021106781	0.0202905889	0.0823603679	0.0634860967	0.1595257694	-0.0393344452	-0.0733055663	0.1244924315	-0.0007956115	0.0387026428	-0.1430679774	0.0229796873	0.0647369199	-0.0851155492	0.0277499093	-0.2152426543	-0.0005878319	-0.1435869974	0.1222356917	0.0849809746	0.0870798989	0.1425549909	-0.061892727	-0.0188284933	0.1062452997	0.1460311311	0.0745928358	0.1835755175	-0.0806382986	-0.0716847134	-0.0934391633	-0.1778088385	-0.1184333121	-0.1111258606	-0.0573068383	0.0012385042	-0.0490656572	-0.1268386322	-0.0380934762	0.1553108912	0.0417652563	-0.1145803187	0.0119549848	-0.0272068479469851	1.6036715209007124e-06	2.571762346948004e-12	0.0007402125752103	0.0352805943233534	0.0062553527471465	3.912943799123448e-05	0.001244720335809	0.0827274987649815	-0.011691186307388	0.00684383905191	0.000136683837274	-0.003036365107249	-6.29671264211003e-05	9.219513064519232e-06	3.964859009730827e-09	0.000522326337234	2.119196901609994e-05	2.728248025682863e-07	4.4909955077933984e-10	-0.0005437079602777	-0.0001184516200884	1.4030786301590329e-08	2.9561834606933693e-07	0.0	0.0	0.0	0.0	0.0	0.0
874.464258185351	-1.9153689159825265	3.668638084312078	764687.7388436563	727.5338293195845	4.2942373258573525	18.440474210786505	529305.4728044183	830.8763607856922	-0.2862342318197761	690355.5269124758	0.0819300354654573	821.4206313486175	609.9458194553342	1.374523	21.868977	0.0465642206996689	0.0287329473770486	-0.13267985	-0.1075072264	-0.0302957298	-0.1402685962	-0.1392268358	0.0846660317	0.16378239	-0.0449736657	-0.0512991252	-0.0350967325	0.1619605208	0.0425264992	-0.0225371984	-0.0894040178	-0.0992407105	-0.1438398735	0.0622668593	-0.0915054142	0.0218275463	0.0559878407	0.1305422654	-0.1065914988	-0.1116094592	0.1517027164	0.136377418	0.1456956874	-0.0295724206	-0.0699576464	0.0128017387	0.0568498673	0.0323855526	0.0962461887	-0.1810594762	0.0285510583	0.0536028248	-0.0077959075	-0.0536930596	0.0638838496	-0.0038389618	-0.0062000647	-0.1680406612	-0.0246969214	-0.0643038938	-0.0792525634	-0.0031293482	0.0562034143	0.0649943643	-0.0106566527	0.1984551531	-0.1244584518	-0.0390502879	-0.0605665476	-0.0492478446	-0.0267280901	0.0602527613	-0.0163548402	-0.0397591302	-0.1005122145	-0.1155746978	0.2156455438	-0.0492221759	0.14863512	0.1864177629	0.1548269224	-0.1185609488	0.023839813	-0.0271940568160431	1.2791130942001875e-05	1.6361303077543782e-10	0.0007395167261141	0.0615190560061194	0.026238461682766	0.0006884568714779	0.003784594251884	0.0911149706134324	0.0083874718484509	0.0083019378698866	7.034968400855637e-05	-0.0030363717994674	-6.6922184000992035e-09	9.219553704600898e-06	4.4785787114626346e-17	0.0006421469304496	0.0001198205932155	4.123526802858434e-07	1.4356974558538286e-08	-0.0004250253249615	0.0001186826353161	1.408556792559812e-08	1.8064652685862866e-07	0.0	0.0	0.0	0.0	0.0	0.0
872.0618807150754	-2.40237747027561	5.771417509687839	760491.9237963144	705.8745180078455	-21.65931131173897	469.1257664988239	498258.8351728082	832.1590181508459	1.282657365153682	692488.6314897799	1.6452099163829856	822.7864962600347	592.2861340229327	1.382711	21.999262	0.0933537727460099	0.0484671169904852	0.0555728203	0.1100241656	-0.1057761257	0.0341771213	0.1573534202	0.127316376	-0.0086185861	-0.0739063062	0.119610805	-0.0234634462	-0.0300669361	0.0763897079	0.1316531932	-0.1851808573	0.0955245841	0.1447205872	0.1851644928	-0.0359985758	-0.0064007532	0.0816375757	0.0369917197	0.0282789386	-0.0523167617	0.1155914202	0.119845675	-0.0381645428	0.0075463271	-0.0384821959	0.124199603	0.142479174	0.1390908115	-0.1279454854	0.0745108541	0.1149429573	-0.0366430404	-0.0178616596	0.0146422846	0.1138015585	-0.0446849192	-0.0369716225	-0.0393681931	-0.190594138	0.0127346231	0.1694272666	0.014348247	0.0303076223	0.1509182075	0.1811606466	0.0408260423	-0.0819393666	0.0470789241	0.0919193919	-0.2048533182	-0.1701863063	-0.1191613572	-0.0759608277	0.0205200655	-0.1499603964	-0.1480069762	0.0201462483	0.1058124748	-0.1321941859	-0.0805060827	0.1229399133	-0.1223675745	0.0355847396	-0.027158273170869	3.578364517409921e-05	1.2804692619458334e-09	0.0007375718016235	0.0265811149155581	-0.0349379410905612	0.0012206597276475	0.0007065556701541	0.106985873733862	0.0158709031204295	0.0114459771785978	0.000251885565858	-0.0025939527969232	0.0004424190025442	6.728591112665691e-06	1.9573457381220521e-07	0.0002355531284869	-0.0004065938019627	5.5485276339966016e-08	1.653185197944833e-07	-0.0004261954182515	-1.1700932900000102e-06	1.369118307303048e-12	1.81642534538571e-07	0.0	0.0	0.0	0.0	0.0	0.0
873.7734496968386	1.7115689817632074	2.9294683793339424	763480.0413951138	724.397301450506	18.52278344266051	343.0935064636984	524751.4503487753	832.0429593423255	-0.1160588085203926	692295.4861911348	0.0134696470351731	822.2740350357817	592.9149817523793	1.357628	21.600187	0.0664238781806255	0.0364059852445875	-0.1871668092	-0.00245532	-0.0355127505	0.0214254793	-0.1382135098	0.0345351022	0.0577334609	0.1542961263	0.0164189362	0.0612418287	0.1074293303	0.120337853	-0.0964601665	-0.019570444	0.1202697446	0.0249689973	-0.0470189717	-0.0815554023	-0.2506659083	0.1325123941	0.0262206031	-0.1074234982	0.1609485549	0.0190472349	0.1066062262	0.093241207	-0.1032719962	-0.0427612377	0.0324171704	-0.1269387913	0.0394424495	0.0558615267	0.0765246073	0.0528734724	0.276462398	0.0765585396	0.058059747	-0.0426573391	-0.1435442998	-0.0437985566	-0.1859425423	0.1005790784	-0.0616776302	0.0842094201	-0.0645249101	-0.0214295102	0.0983436128	-0.0938036045	0.0774294449	0.0652613187	0.0354435208	0.0127700309	-0.1485793499	-0.0112074115	-0.0962555575	0.1322726305	-0.0189415009	-0.2146399073	-0.0457285883	0.1148116979	0.2268131898	0.0230060294	-0.0991619875	-0.0360030511	-0.1259946088	0.0471208409	-0.0272927428984814	-0.0001344697276123	1.80821076441528e-08	0.0007448938149226	0.0048957292132882	-0.0216853857022699	0.0004702559530562	2.39681645298435e-05	0.1083970760948602	0.0014112023609982	0.0117499261059149	1.991492103686905e-06	-0.0022458867192599	0.0003480660776633	5.044007155747996e-06	1.211499944199144e-07	0.0006738919293467	0.0004383388008598	4.541303324386177e-07	1.9214090433920747e-07	-0.0003487438889797	7.745152927179997e-05	5.998739386540488e-09	1.2162230010068533e-07	0.0	0.0	0.0	0.0	0.0	0.0
872.4672212140703	-1.306228482768347	1.7062328491952978	761199.0520930014	715.1850686288095	-9.212232821696489	84.86523356114205	511489.68238959496	833.2435062953404	1.2005469530148505	694294.7407833529	1.441312986393241	823.032714723602	600.6014698713253	1.182485	18.813616	0.1017193906051083	0.0596956450990005	-0.0204968647	0.0388416965	-0.1076685235	-0.0732706871	0.0300569737	0.1436190624	0.0706846102	-0.0593630091	0.0539725021	0.0732866709	-0.0001254993	0.0034541901	0.0656311457	-0.0287625048	-0.0361038416	0.0217881784	-0.0321586064	-0.0886427666	-0.2241589991	0.2031358998	0.0914692081	-0.0260570673	-0.0597572206	-0.0431620547	-0.0087486478	-0.0191103065	-0.0737247112	-0.0568633279	0.0521053923	0.0999216349	-0.0245724773	-0.0198034556	0.0072218351	-0.006915738	0.2455816215	-0.0581771694	-0.0711677988	0.0795239737	-0.1368856548	-0.1866173123	-0.0807719578	-0.1486714343	0.0040338364	0.034919683	0.0031247931	0.0842447368	0.1824822555	-0.0116823329	0.0745359889	-0.0799959586	0.0813393633	0.0439690467	-0.1226792595	-0.0531940435	-0.0352709405	-0.055962404	0.1134857631	-0.0202115966	-0.0841643112	-0.0513452623	0.1594783908	0.0498502735	-0.2152053259	-0.0823522795	-0.1294367287	0.0583804184	-0.0271582275404398	0.0001345153580415	1.8094381549059332e-08	0.0007375693231383	0.0551966684772224	0.0503009392639342	0.0025301844908339	0.0030466722109843	0.1164881916882478	0.0080911155933875	0.0135694988027979	6.546615154555995e-05	-0.0025939527969232	-0.0003480660776633	6.728591112665691e-06	1.211499944199144e-07	0.0002355531284869	-0.0004383388008598	5.5485276339966016e-08	1.9214090433920747e-07	-0.0004261954182515	-7.745152927179997e-05	5.998739386540488e-09	1.81642534538571e-07	0.0	0.0	0.0	0.0	0.0	0.0
872.4270492885322	-0.0401719255380612	0.0016137836014355	761128.956330295	719.4745155197006	4.289446890891099	18.39935462977532	517643.5784823079	831.5378996196546	-1.7056066756857715	691455.2785038667	2.909094132143869	821.6039243683101	590.3996557741084	1.28024	20.368923	0.102712209199869	0.0614809511559724	-0.104966826	0.0619362195	0.174897522	0.0751868386	-0.1508391587	0.0044078667	-0.1884314122	-0.0094146389	0.0341132257	-0.0545034135	0.119938894	-0.0942835258	0.0209724621	0.0581923239	-0.00125217	-0.0767169285	-0.0375510681	-0.0402874779	-0.0223540445	0.0751042492	0.106086099	0.1035595588	0.0348606426	-0.2202582937	0.1263857069	0.1358191701	0.0429164281	0.0876478628	-0.071871768	0.0237154962	-0.0689080272	0.1081767431	-0.0206124134	-0.0178336546	0.0980929923	-0.0739953815	-0.1577833087	-0.1821054426	-0.0540998141	0.0795842794	-0.1210118067	0.0750232372	-0.0750174301	0.1315832681	0.138530954	0.0660096747	-0.0117856239	-0.0750323083	0.0167898224	-0.0563886181	0.1292992704	0.0535165486	-0.0615553014	0.0698303792	0.0055503697	-0.012728585	-0.0335857278	-0.0496786671	0.0760334039	-0.0883394385	0.0211769773	0.2331353563	-0.0248648815	0.0168034334	-0.1326888823	0.0692973963	-0.0271039846317933	5.424290864650128e-05	2.9422931384326827e-09	0.0007346259829204	0.0014210004726322	-0.0537756680045901	0.0028918224693399	2.019242343220936e-06	0.1066219305848505	-0.0098662611033972	0.0113682360816406	9.734310816041036e-05	-0.0023873124265891	0.000206640370334	5.699260622146737e-06	4.2700242651813945e-08	0.0006482024165475	0.0004126492880606	4.2016637281801874e-07	1.7027943493692008e-07	-0.0005872265035215	-0.00016103108527	2.5931010423234033e-08	3.448349664380863e-07	0.0	0.0	0.0	0.0	0.0	0.0
871.2086595568948	-1.218389731637444	1.484473538159563	759004.5284869213	710.9388586164595	-8.535656903241147	72.85743876984824	505434.0606908742	832.1830739186222	0.6451742989676177	692528.6685166471	0.4162498760483569	821.8013596021597	589.3686649534437	1.060833	16.878101	0.1121539929618778	0.0769668918776645	-0.0915803811	0.1352720543	0.0273588655	-0.0866124389	-0.0572083013	0.2031778612	-0.0078603896	-0.1271926007	0.014573461	0.0131191195	0.1053642663	0.0421606367	0.0803785133	-0.1401165938	-0.1464147256	0.0345656432	0.0225586026	-0.1917860424	0.1616378131	0.0280980752	0.2230064034	0.1408048229	-0.0380972341	-0.0380347644	-0.0143706283	0.0695771364	-0.0348468577	-0.0929600596	0.0593245659	0.1629587522	0.0214942012	0.1495514782	-0.0603875508	0.1963397883	-0.017466232	-0.1511305027	-0.2607754764	-0.0043376327	-0.0190098573	-0.0244157263	-0.0783061856	-0.1455974139	-0.1037914787	-0.0018451101	0.0512157657	0.159537644	0.0515356634	-0.0274716503	0.0203442324	0.009473883	0.1282190017	0.1270993932	-0.1275813414	0.0675658314	0.077305689	-0.0247660022	0.0579806225	0.0192999855	0.026248757	0.019590254	0.1146690496	0.2299052149	0.0099701815	0.0830375109	-0.1357462967	0.0798077096	-0.0270673398775898	3.664475420350061e-05	1.3428380106349752e-09	0.0007326408880489	0.0737799388552815	0.0723589383826493	0.005235815963864	0.005443479377489	0.1160523566019406	0.00943042601709	0.0134681494728639	8.893293486380983e-05	-0.0023549556720543	3.235675453479997e-05	5.545816217340719e-06	1.0469595640252982e-09	0.0002350025299364	-0.0004131998866111	5.522618907650858e-08	1.7073414629542593e-07	-0.0004262234685087	0.0001610030350128	2.5921977283332926e-08	1.8166644510758682e-07	0.0	0.0	0.0	0.0	0.0	0.0
876.1636439764056	4.954984419510879	24.551870597595563	767662.7310260137	711.7553449063688	0.816486289909335	0.6666498616099107	506595.6710027841	834.1493113811752	1.9662374625529535	695805.0736776887	3.866089759146678	824.3115632865686	581.7190333553868	1.251794	19.916328	0.1374808821205204	0.0959737458363608	-0.0923637048	0.047187246	-0.1246567671	0.1820796563	0.0688938411	0.0854412454	-0.0018296975	0.2692831045	0.0834908739	0.1537169352	-0.0038752227	0.1746138231	0.0342793369	0.0219057431	0.1432558994	-0.0694459483	-0.0819571907	-0.0525316131	0.1012677674	-0.1463764098	0.3188548768	0.0193210824	0.0376190306	-0.0480073665	0.0363733615	-0.0372209606	-0.1551158567	0.0674392692	0.1447665494	-0.1395124798	0.0606509688	0.0926626232	0.0887346134	0.0004169819	0.1116678896	0.0391426184	-0.1033885841	-0.0651861742	0.115764659	0.1081026961	-0.1086932196	0.0913431981	-0.0423522461	0.1744337008	-0.0879509474	-0.1024487673	0.1326373761	-0.0974772702	0.0367183038	0.2209188512	0.0889011486	0.1734211306	-0.028448401	0.1145616338	0.0435159642	0.0099449174	0.1633616384	0.086491453	0.0974493785	-0.0351470947	0.0888319546	-0.0624728841	-0.0247973526	-0.111082384	-0.1386044847	0.0898496795	-0.0270848445397717	-1.750466218190111e-05	3.0641319810247887e-10	0.0007335888037436	-0.0132189923243686	-0.0869989311796501	0.0075688140264014	0.0001747417580717	0.0865950606082321	-0.0294572959937085	0.0074987045217433	0.0008677322872609	-0.001934951974925	0.0004200036971293	3.7440391452661577e-06	1.7640310560228074e-07	0.0002349130612808	-8.94686555999967e-08	5.51841463603169e-08	8.004640334870821e-15	-0.0004262733084234	-4.9839914700031736e-08	2.48401709730644e-15	1.8170893347423114e-07	0.0	0.0	0.0	0.0	0.0	0.0
877.0541805239554	0.8905365475498002	0.7930553425219175	769224.035574547	727.375699876665	15.620354970296148	243.9954893980556	529075.4087710682	833.0412713531265	-1.1080400280486629	693957.7597776334	1.2277527037580815	823.3390581826839	605.745480594472	1.364866	21.71533	0.1383837059055419	0.099314257231626	0.0298714274	-0.075414839	-0.066470041	-0.1932462656	-0.0590346607	-0.0499353924	0.1333620807	-0.0151099359	-0.1545958113	0.0522366412	-0.0166464753	-0.0350551267	-0.0928198243	-0.0314746684	-0.1067888851	-0.0250162259	-0.0084054414	0.1084838649	-0.1771031055	0.1218260831	0.1485286489	-0.1663496801	-0.0964759282	-0.0767506811	-0.1067711419	-0.0267355765	-0.0474254286	-0.1648066828	-0.1282115096	-0.0079141686	-0.042595047	-0.0596431193	-0.0843108856	-0.1302786351	0.1146085635	-0.0391714492	-0.0214146907	0.0199762323	-0.0265377972	-0.1389584749	-0.0299403052	0.0162231261	0.0512479743	-0.1062691504	0.0048410539	0.1207232289	0.1250960049	-0.1417724507	0.1957109099	0.05650126	-0.022792359	0.0551922625	0.1249038371	-0.0487599858	0.1165313067	-0.0790529389	-0.0237919287	0.0508529432	-0.0032685949	-0.0538581373	-0.1294173056	0.0797402591	-0.0731796342	-0.2344928338	-0.1412592515	0.0993643757	-0.0271093168271789	-2.447228740719981e-05	5.988928509405905e-10	0.0007349150588363	0.0782129392729871	0.0914319315973557	0.0083597981156235	0.0061172638697199	0.0825381610386131	-0.004056899569619	0.006812548027636	1.645843411797489e-05	-0.0026349214587606	-0.0006999694838356	6.942811093837088e-06	4.899572783010763e-07	0.0003920620648032	0.0001571490035224	1.537126626577486e-07	2.4695809308083294e-08	-0.0004259837467582	2.8956166520002335e-07	8.384595795341043e-14	1.8146215250215425e-07	0.0	0.0	0.0	0.0	0.0	0.0
875.8515786128607	-1.202601911094689	1.4462513565685984	767115.9877586402	718.1871762060904	-9.188523670574568	84.42896724470914	515792.82006687793	830.4455170595556	-2.595754293570849	689639.7568043127	6.7379403525914965	820.1461437956242	597.878621052473	1.397698	22.237696	0.1474648716140781	0.100693175248308	-0.0626964974	-0.0869867698	0.1807220782	0.0653880651	-0.0615003152	-0.0540463451	-0.1107360849	-0.1541261363	0.0696681576	-0.1215932786	0.0318145632	-0.1462177149	-0.0324341507	0.0025311622	0.0644372826	0.1723839382	-0.2304892805	-0.1223923625	-0.0560392409	0.0675693673	0.0828312097	-0.1997168756	-0.0202815959	-0.1566676947	0.0662022264	0.0722485473	0.1122636574	0.0078264553	-0.1273884538	0.0680789734	-0.0587518233	0.1338281907	0.2442557853	0.0023595567	0.1760692866	-0.0875893837	-0.031877153	-0.0118496081	0.1009701235	0.0564845152	-0.013168628	0.0615901129	-0.1235589763	0.1913737767	0.1607561928	-0.0403634514	-0.0097386844	-0.1919553003	0.089706582	0.0923763397	-0.0357983416	0.1672542007	0.0226311875	-0.0203593575	0.0861745952	-0.1014482279	-0.0839559273	0.0705325309	0.0121159025	-0.1613979428	0.0425317377	0.0852350102	0.1854584478	0.0363896769	-0.1437067008	0.1082959623	-0.0271604630102331	-5.114618305419871e-05	2.6159320410136036e-09	0.0007376907509302	-0.0142629231275748	-0.0924758624005619	0.0085517851267276	0.0002034309761431	0.0785319787636211	-0.0040061822749919	0.0061672716885298	1.6049496420460065e-05	-0.0019369738152808	0.0006979476434798	3.7518675610834586e-06	4.87130913039006e-07	0.0003211712563551	-7.089080844810002e-05	1.0315097590871337e-07	5.0255067224252086e-09	-0.0001761885835767	0.0002497951631814	6.23976235488722e-08	3.1042416982763804e-08	0.0	0.0	0.0	0.0	0.0	0.0
874.6875409350922	-1.1640376777685333	1.3549837152647597	765078.2942670786	719.6179328437324	1.4307566376420482	2.047064556156779	517849.9692702866	831.7293872116204	1.2838701520647646	691773.7735514176	1.648322567362802	821.282727178939	608.9616725628192	1.463736	23.288376	0.1160080541531109	0.07398285725359	0.0499719412	-0.0220559081	-0.0060641702	-0.2378137326	-0.03308759	0.0319705257	0.0723963439	0.0153418373	-0.1915872017	-0.0573115629	-0.0046912158	-0.0183752638	-0.1794700163	-0.0401684824	-0.068947933	0.0009841481	0.0103661227	0.1017173688	-0.1216786145	0.0295949842	0.0184460851	-0.1687519209	0.0154615826	-0.093151287	0.0184954863	0.0151534326	0.0322643851	-0.1788488104	-0.1316563173	-0.0742388704	0.0318093128	-0.0272390523	-0.0257060702	-0.1165554517	0.0883396445	0.0340861074	0.0029055271	0.0630924141	0.0697133744	0.0090894593	0.0523894143	0.1304965273	0.0938669533	-0.0934843048	-0.0692931564	0.1477554692	0.1309764956	-0.1003833009	0.0625905374	0.0281020354	0.0121999173	0.1091213145	0.0307790466	0.0519783763	-0.0023652989	0.0689318183	-0.158925019	0.0266470181	0.1248460112	0.1279565981	-0.1472706086	-0.0451480615	0.0777801081	-0.2317429845	-0.1459432408	0.1165920251	-0.0270849932221892	7.546978804389912e-05	5.695688907391058e-09	0.000733596857846	0.0556694806802937	0.0699324038078685	0.0048905411023467	0.0030990910792135	0.0581027670290126	-0.0204292117346085	0.0033759315364277	0.0004173526920974	-0.0017619542436019	0.0001750195716788	3.1044827565467435e-06	3.06318504706656e-08	0.0002348760538697	-8.629520248539999e-05	5.516676068140222e-08	7.446861971996184e-09	-0.0004262931858642	-0.0002501046022875	6.255231208538855e-08	1.8172588031424937e-07	0.0	0.0	0.0	0.0	0.0	0.0
875.8430678281953	1.155526893103115	1.335242400684538	767101.0794627047	711.3199072141905	-8.29802562954194	68.8572293485349	505976.01039920456	832.8601512478707	1.130764036250298	693656.031536626	1.2786273056770652	822.9505374137498	599.6657491708413	1.479745	23.543083	0.0470358039529549	0.0268404324214407	0.1313922336	0.031983512	0.1014037134	0.0355162663	0.120004953	0.0044086769	-0.1212407359	-0.1778190006	0.1611237085	-0.0748787159	-0.1534985735	-0.1196022368	0.2099900496	0.1075573887	0.0168529305	0.0722315365	0.0359331354	-0.0228212966	-0.1220258342	-0.094696933	0.0275135339	0.1971866608	-0.2030912059	-0.240838335	-0.1894303851	-0.1206644395	0.1386789031	0.1103934909	0.0536739082	0.138821956	-0.1322273576	-0.1037659162	0.0886451914	0.0009087469	0.1026904229	0.0478733405	-0.0668781172	-0.0724416744	0.0545393453	-0.0993500264	0.1796614735	-0.1647965431	-0.0730962004	0.0826030706	0.096255589	0.0267299086	-0.0146953172	-0.2030927255	-0.059652254	0.0582214199	-0.0178970443	0.0642130842	0.2331376579	0.1073077639	-0.0018022833	-0.1312580309	-0.0985787933	-0.0268211501	0.1273712438	0.0831246267	-0.0461567649	-0.1088964539	-0.0928933882	0.0060500318	-0.1479655889	0.1242038795	-0.0337477169815798	-0.0066627237593906	4.439188789394803e-05	0.0011389084014688	0.0332207543292497	-0.0224487263510439	0.000503945314784	0.0011036185182043	0.0665240862136329	0.0084213191846203	0.0044254540465588	7.091861680925394e-05	-0.0019519525199388	-0.0001899982763369	3.810118640095432e-06	3.6099345010993024e-08	0.0002349161454995	4.0091629799999607e-08	5.5185595416342265e-08	1.6073387800202168e-15	-0.0004262708606729	2.232519130001588e-08	4.984141665823048e-16	1.817068466588149e-07	0.0	0.0	0.0	0.0	0.0	0.0
876.2561235122649	0.4130556840696044	0.1706149981422089	767824.7939927417	717.3955959629368	6.075688748746302	36.9139937716424	514656.4411070173	834.2864510672433	1.4262998193726162	696033.8824343758	2.0343311747423574	825.0782028158193	609.242639150375	1.545043	24.582001	0.0540084325660619	0.032375037717112	0.0540088774	-0.0404688998	-0.2189970348	0.0673989859	0.1307493013	-0.083872968	-0.0106766712	0.2282898922	-0.010345417	0.1340086678	-0.0471592586	0.0300612662	-0.0311901715	-0.0745118637	0.1975909059	-0.017694372	0.1323405486	0.0695055542	0.1115276776	0.0865331487	-0.1022286915	0.1679931475	-0.1350529964	-0.0926948669	0.1107439932	-0.0877348474	-0.1123473626	0.1078486444	0.0035344572	-0.0810328428	0.2341964401	-0.0927953535	-0.0222084737	0.0347310265	-0.0447730784	-0.1737008968	0.0392103969	-0.1082173263	0.0194387074	-0.0924815504	0.0628638295	0.0865375138	0.0722169623	-0.0772093816	-0.2188866623	-0.0613126647	0.1007653229	-0.0113502852	-0.1180114801	-0.1111427601	-0.0646481692	0.1338602495	0.0447396526	0.0485285403	0.0571672314	-0.2070360353	-0.1689638907	-0.1083602547	0.1448516321	0.0830269656	0.0782285312	-0.1974656144	-0.0766158359	0.0578773529	-0.1497707771	0.1310868562	-0.0355041202653581	-0.0017564032837782	3.084952495267182e-06	0.001260542555817	0.0165723103380059	-0.0166484439912438	0.0002771706873295	0.0002746414699391	0.0497269271948681	-0.0167971590187648	0.0024727672882437	0.0002821445511016	-0.001575948189476	0.0003760043304628	2.4836126959126825e-06	1.413792565267785e-07	0.0002348363107114	-7.983478809999823e-08	5.5148092828541214e-08	6.3735933909716176e-15	-0.0004263152208675	-4.4360194599991735e-08	1.967826864949136e-15	1.817446675433053e-07	0.0	0.0	0.0	0.0	1.0	0.0
875.6923249632421	-0.563798549022863	0.3178688038802856	766837.0479995284	720.5457288896715	3.150132926734728	9.9233374560983	519186.147421148	833.5899127013702	-0.6965383658731525	694872.1425574779	0.4851656951332417	824.6814707358052	605.450996953198	1.357821	21.603254	0.088799332381283	0.0623975264847847	0.1014711195	-0.0112534817	0.035395802	-0.0927558191	0.0257308289	-0.0025956324	0.0491625578	-0.1830341285	0.0595221462	0.0062710524	-0.121416105	-0.0950889863	0.0995500052	0.0754654503	-0.1185477985	0.0985870412	0.00024187	-0.1347025866	-0.0771341085	0.0483687624	-0.0055628145	-0.0038206585	0.0232689792	0.1675778472	-0.1204215759	-0.116297875	0.0381114455	0.04900142	0.0200783718	0.1057075358	-0.1365230388	-0.0250074192	0.0115106532	0.1670211043	0.0132360669	0.059828196	-0.0133851804	-0.0399732948	-0.1016196623	-0.1621238594	0.1612270775	-0.1161307729	-0.0136758119	-0.026793288	0.0767137472	0.1032671518	0.0364175667	-0.2370134849	-0.1538937533	0.0532076063	-0.0703566385	-0.0212803561	0.0256434325	0.0350022012	-0.1610792039	-0.0310961183	-0.1433585052	-0.0325842239	0.0429434194	0.0214151567	0.0436528251	-0.2524311014	0.00012239	0.0730002113	-0.1513561561	0.1372005631	-0.033013514507374	0.002490605757984	6.203117041703548e-06	0.0010898921401285	0.0743751542311912	0.0578028438931853	0.0033411687621399	0.0055316635669134	0.0707302905450717	0.0210033633502036	0.0050027740005902	0.0004411412720206	-0.0017259492938648	-0.0001500011043888	2.9789009649924017e-06	2.250033131785967e-08	0.0002348681089787	3.1798267299999615e-08	5.51630286152305e-08	1.0111298032822244e-15	-0.0004262977359254	1.748494209998213e-08	3.057232002397275e-16	1.817297596551221e-07	0.0	0.0	0.0	0.0	0.0	0.0
873.4987918995328	-2.1935330637093102	4.811587301585953	763000.1394499432	715.7695167472771	-4.776212142394456	22.812202429156244	512326.0011046305	829.4563093830768	-4.133603318293353	687997.7691753944	17.08667639300582	819.9930883692945	599.7020339150714	1.438217	22.882372	0.2340776153406762	0.1404720228876895	-0.0520754022	-0.0280956899	0.1340750578	0.1090000907	-0.072786697	-0.0283808402	-0.1707812099	0.0245573555	0.0293599594	-0.1796132796	0.1131967472	-0.0785830171	-0.0778096897	0.0489104681	0.2996344014	0.0776874501	-0.0510858907	0.1403591473	0.3481118435	0.2084320806	-0.0569755627	-0.060117216	-0.1489788868	-0.1289937106	-0.0304584213	0.1782233204	0.1284929696	0.1098094748	-0.0574582376	-0.0659626802	0.1448029998	-0.0212675918	0.1230798214	-0.1116262254	-0.0114450908	-0.4186934328	0.1766551325	-0.0232068319	0.2720507127	0.035458868	0.1875190647	0.2138017645	-0.1683591467	-0.0647417297	-0.0719439591	-0.0602462877	-0.2076639145	0.2864634517	0.1285175036	-0.3576866831	0.0654815792	0.5065682604	0.1249651737	-0.1449310757	0.042243249	0.2112089724	0.190078954	0.1307760361	0.0009853384	-0.0510974283	-0.1244310003	-0.0681297736	0.0811489773	0.0586888712	-0.152719399	0.1425091225	-0.02706243463426	0.0059510798731139	3.541535165618253e-05	0.0007323753683335	-0.0373708945914899	-0.1117460488226811	0.012487179427481	0.0013965837625682	0.0077692797795805	-0.0629610107654912	6.036170829339841e-05	0.0039640888766122	-0.0009023985108772	0.0008235507829875	8.143230724333881e-07	6.782358921594889e-07	0.0004796928216204	0.0002448247126417	2.301052031141409e-07	5.9939139920091e-08	-0.0004262837139669	1.4021958500017551e-08	1.966153201762144e-16	1.817178047934138e-07	0.0	0.0	0.0	0.0	0.0	0.0
879.5202533432226	6.021461443689873	36.25799791784373	773555.8760409266	716.4212806632927	0.651763916015625	0.4247962022200227	513259.4513872324	835.7345036097935	6.278194226716664	698452.1605239079	39.41572274837845	825.8189335620309	585.3582895800598	1.444835	22.987669	0.2343751895294069	0.1209192628815596	0.0615158713	-0.0291248394	-0.0785764602	0.168441827	0.1610006943	-0.0820894005	0.0273532392	-0.0029865924	0.0081023418	0.1603481951	-0.0412186292	-0.0125487645	0.0669812409	0.1954824953	-0.2046695641	0.2078558641	0.1630676601	0.289064724	0.2957540477	-0.0535201156	-0.2451491101	-0.115243085	0.2228399456	0.1064402497	0.1118720921	-0.080647537	-0.1204232429	0.040460113	0.0287060701	0.0118400654	-0.2284448277	-0.3092502728	0.0497629744	-0.0061950194	-0.471708057	-0.1265077616	0.0822012635	0.0017160904	-0.0138519985	0.262708613	0.3775971435	0.0004516595	-0.145464356	-0.1772107567	-0.201580909	-0.1776878807	-0.2221939492	0.3631121438	0.1463250448	0.2334066319	0.1155591007	-0.1892854577	-0.1892596687	0.0592468371	-0.0238337774	-0.0517646282	-0.1549523907	0.1048547572	-0.1603021074	0.1398195167	0.1978406637	0.1069012722	-0.1133284275	-0.1475730791	-0.1538585052	0.1469813818	0.0182013310250965	0.0452637656593565	0.0020488084816651	0.0003312884510851	0.0389910703579943	0.0763619649494841	0.0058311496909462	0.001520303567662	-0.0566042846183307	-0.0643735643979112	0.0032040450371529	0.004143955793292	-0.0009540742413083	-5.167573043109999e-05	9.102576579280084e-07	2.6703811155877124e-09	0.0003788150117431	-0.0001008778098773	1.43500813121925e-07	1.0176332525640691e-08	0.0003886806361778	0.0008149643501447	6.641668920067731e-07	1.510726369395793e-07	0.0	0.0	0.0	0.0	0.0	0.0
881.2283879228893	1.7081345796666485	2.9177237422529574	776563.4716811742	733.0907926817198	16.6695120184271	277.8726309324855	537422.1103147123	835.813732520082	0.0792289102885206	698584.5954691512	0.0062772202255064	826.2608611339659	637.0020990860768	1.532868	24.388287	0.1447201030143807	0.0719757521288177	0.2204359143	-0.2247191155	0.0745807134	-0.0381043732	0.0480386283	-0.3007903253	0.0920445165	-0.0006918743	0.0148526532	0.1388425398	-0.1300263549	-0.1341800552	0.0213458346	0.2156238578	0.0337620634	0.0452664309	0.10329362	0.1810503853	0.0428675219	-0.143469488	0.0520077387	-0.031515687	0.223197337	0.1156040413	-0.0134249992	-0.140933506	-0.0699456905	0.177655425	-0.0630952715	-0.0454497399	-0.1531311911	-0.2270801853	0.0439176124	-0.0921189693	-0.0795418804	0.126980421	-0.0111209427	-0.1166299369	0.0412497709	0.0840080183	0.268433108	0.1632818565	0.0835764035	0.0341047473	0.0102518104	-0.1431991011	0.1227272483	-0.1508383459	0.0287330495	-0.0134614167	-0.1311664524	-0.451612424	0.0146277906	-0.0477031933	0.0806144694	0.0759177257	0.169526378	0.1160323364	-0.104072914	-0.1301049313	0.1926481732	-0.0830759302	0.092609744	0.1366925302	-0.1547718027	0.1505910958	-0.0116034217692657	-0.0298047527943621	0.000888323289133	0.0001346393967554	-0.0054546160835968	-0.044445686441591	0.0019754190432642	2.9752836619432896e-05	-0.0154599830126898	0.0411443016056408	0.0002390110747526	0.0016928535546159	-0.0009720055096461	-1.7931268337800007e-05	9.447947107823746e-07	3.2153038420218904e-10	0.0005769908194719	0.0001981758077288	3.329184057548548e-07	3.9273650768962337e-08	1.828046878866925e-05	-0.0003704001673891	1.3719628400189606e-07	3.3417553913351064e-10	0.0	0.0	0.0	0.0	0.0	1.0
872.6295297001341	-8.598858222755212	73.94036273504491	761482.2961046771	728.4123315897074	-4.678461092012412	21.88799818947397	530584.5248119538	831.4114836499207	-4.402248870161316	691245.0551449623	19.37979511483658	822.438451771974	627.9955081165347	1.475558	23.476477	0.2340614467418127	0.1401351407142364	0.0579497825	-0.0817045481	0.1982030854	-0.1509200972	-0.1167348701	-0.0867286852	-0.0244355433	-0.1671268817	0.0160431975	-0.1204009224	0.0528187768	-0.1241467989	-0.0756423291	0.009392213	-0.175880851	-0.0282474247	0.1240390372	0.0144982276	0.0941604608	0.013838749	0.0351355043	0.1693469072	0.070907674	0.0142318309	0.0062222652	0.0925443853	0.1008186595	0.0142373002	-0.1092553486	0.0462537796	-0.0414667249	-0.0539399	-0.1637414589	0.0832478482	-0.1011238165	-0.0310225023	-0.0578133088	-0.1336701927	0.0630105626	-0.0381090728	0.150985641	0.0542609637	-0.0253295185	-0.1965894507	0.1232467369	0.1061815005	-0.0881681135	-0.0355530792	-0.2316986214	-0.1764696827	-0.1067278946	-0.1014958735	-0.1995617784	-0.0547349009	-0.1103641013	0.1822491803	-0.0180798424	-0.0336938251	0.1576728879	-0.0405841301	0.0086920125	0.0167202876	0.0260687611	0.0550046417	-0.1554579513	0.1533170814	-0.0259586320170228	-0.014355210247757	0.0002060720612573	0.0006738505761952	0.1121326011325436	0.1175872172161404	0.0138267536526357	0.0125737202367501	0.0571311984189719	0.0725911814316617	0.0032639738327879	0.0052694796216444	-0.0009219608664459	5.004464320019998e-05	8.500118392576747e-07	2.5044663130353223e-09	0.0003081171469672	-0.0002688736725047	9.493617625520715e-08	7.229305176616468e-08	-0.0002533579724315	-0.0002716384412201	7.378744274852337e-08	6.419026219460073e-08	0.0	0.0	0.0	0.0	0.0	0.0
869.9256434972905	-2.7038862028435915	7.311000597927935	756770.625214175	724.0194294216396	-4.392902168067735	19.29758945821421	524204.1341800366	830.2129802273629	-1.198503422557792	689253.5925379996	1.4364104538827411	820.6587773120309	583.7289019283066	1.41163	22.459358	0.2241044207505698	0.1266129475005954	-0.1824510583	0.1140171276	0.0632955425	0.0781043936	-0.1201496802	0.0864762014	-0.1022871536	0.1246703931	0.1164556726	-0.1004003191	0.1484253559	0.1174722821	0.1194470911	0.0396576959	-0.0046709744	-0.0061470595	-0.0770842558	-0.0336738996	0.066341878	-0.0321689038	0.0194353903	0.1548822847	0.1972499138	0.1684445359	0.0782372884	0.1726241209	0.0450702734	0.0201026535	0.147040794	0.031049217	-0.0361025319	0.0908763098	-0.0046479786	0.0178847416	-0.138714721	-0.0706639684	-0.0276773155	0.0353663374	-0.1398574214	0.0075302129	-0.0359561631	0.0090283986	-0.2191006829	0.0246905111	-0.0094675542	-0.0734697439	-0.027243814	-0.0372958261	-0.4261727695	0.0365151599	0.014977891	-0.1725977452	0.0796196187	0.0211845016	0.0558894552	-0.0783030398	0.0761574754	-0.0637139079	-0.161615213	0.0227708958	-0.1891361228	0.1552900413	0.0396749963	0.0271159727	-0.155915944	0.1551433414	-0.0250954440941626	0.0008631879228601	7.450933901717055e-07	0.0006297813142832	0.0164914666829787	-0.0956411344495649	0.0091472265987997	0.0002719684733557	0.1203203776128845	0.0631891791939125	0.0144769932689071	0.0039928723672003	-0.0018270068976383	-0.0009050460311924	3.3379542040179257e-06	8.191083185771146e-07	0.0001964832076826	-0.0001116339392846	3.860565090124372e-08	1.2462136400197764e-08	1.81804407761426e-05	0.0002715384132076	7.373310984732446e-08	3.305284268148286e-10	0.0	0.0	0.0	0.0	0.0	0.0
872.0684636092263	2.142820111935862	4.591678032116819	760503.4052217565	710.8024909904411	-13.216938431198514	174.68746149409225	505240.18119821616	831.1230467602722	0.9100665329093544	690765.5188560777	0.8282210943216531	820.1094381177206	582.5147446770953	1.367987	21.764996	0.1330765701891382	0.0731084961304886	0.0342356464	0.1944721288	-0.031831156	-0.0574001345	0.0568771171	0.0369998413	-0.0618047863	0.1065970524	-0.2786894317	-0.0820541369	-0.1142379246	0.2000231592	-0.2134283211	0.0076465227	-0.0732426644	-0.1000646355	0.10673726	0.0402035935	-0.068491022	-0.1695034108	-0.0636686169	-0.1087927075	-0.1053145241	0.0514934239	0.0782475772	-0.0679238459	0.1072470343	-0.2256008528	0.0202366173	-0.2342527643	0.0036492951	-0.06617201	-0.1441336076	-0.0219988162	0.0030747444	0.1132316888	-0.0527539051	0.2264554943	0.0804506232	0.0299128098	-0.0156626479	0.0780116744	0.139103316	-0.10515936	0.05397872	0.1049795156	0.0953419525	0.1240533861	-0.2730220419	0.0492041172	0.0090523707	-0.0771309325	0.0022123584	-0.0826112459	0.1703226118	0.0120941727	0.2113668131	0.0251206623	-0.0966630796	-0.0914220332	-0.2537915325	0.0265613788	-0.0427265807	-0.0379757262	-0.1561451084	0.1560591586	-0.0175300144997692	0.0075654295943933	5.723572494772345e-05	0.0003073014083621	0.0793636878988479	0.0628722212158692	0.0039529162006171	0.0062985949569057	0.0930144438061404	-0.027305933806744	0.0086516867565656	0.0007456140210582	-0.0023190030205338	-0.0004919961228955	5.377775009244888e-06	2.420601849442039e-07	1.6110224265730718e-11	-0.0001964831915723	2.5953932589213887e-22	3.86056445704669e-08	4.3801388080813575e-11	-1.818039697475452e-05	3.3052683415966324e-10	1.9185615978060374e-21	0.0	0.0	0.0	0.0	0.0	0.0
