global_signal	global_signal_derivative1	global_signal_derivative1_power2	global_signal_power2	csf	csf_derivative1	csf_derivative1_power2	csf_power2	white_matter	white_matter_derivative1	white_matter_power2	white_matter_derivative1_power2	csf_wm	tcompcor	std_dvars	dvars	framewise_displacement	rmsd	t_comp_cor_00	t_comp_cor_01	t_comp_cor_02	t_comp_cor_03	t_comp_cor_04	c_comp_cor_00	c_comp_cor_01	c_comp_cor_02	c_comp_cor_03	c_comp_cor_04	w_comp_cor_00	w_comp_cor_01	w_comp_cor_02	w_comp_cor_03	w_comp_cor_04	w_comp_cor_05	w_comp_cor_06	w_comp_cor_07	w_comp_cor_08	w_comp_cor_09	w_comp_cor_10	w_comp_cor_11	w_comp_cor_12	w_comp_cor_13	w_comp_cor_14	w_comp_cor_15	w_comp_cor_16	a_comp_cor_00	a_comp_cor_01	a_comp_cor_02	a_comp_cor_03	a_comp_cor_04	a_comp_cor_05	a_comp_cor_06	a_comp_cor_07	a_comp_cor_08	a_comp_cor_09	a_comp_cor_10	a_comp_cor_11	a_comp_cor_12	a_comp_cor_13	a_comp_cor_14	edge_comp_00	edge_comp_01	edge_comp_02	edge_comp_03	edge_comp_04	edge_comp_05	edge_comp_06	edge_comp_07	edge_comp_08	edge_comp_09	edge_comp_10	edge_comp_11	edge_comp_12	edge_comp_13	edge_comp_14	edge_comp_15	edge_comp_16	edge_comp_17	edge_comp_18	edge_comp_19	edge_comp_20	edge_comp_21	edge_comp_22	edge_comp_23	cosine00	cosine01	trans_x	trans_x_derivative1	trans_x_derivative1_power2	trans_x_power2	trans_y	trans_y_derivative1	trans_y_derivative1_power2	trans_y_power2	trans_z	trans_z_derivative1	trans_z_power2	trans_z_derivative1_power2	rot_x	rot_x_derivative1	rot_x_power2	rot_x_derivative1_power2	rot_y	rot_y_derivative1	rot_y_power2	rot_y_derivative1_power2	rot_z	rot_z_derivative1	rot_z_derivative1_power2	rot_z_power2	motion_outlier00	motion_outlier01	motion_outlier02	motion_outlier03	motion_outlier04
866.112298850942	n/a	n/a	750150.5142208635	703.1450332926812	n/a	n/a	494412.9378441658	829.6711471586245	n/a	688354.212427508	n/a	818.8576065164528	582.2342658113179	n/a	n/a	n/a	n/a	-0.086346589	0.0986870751	0.1306470836	-0.1147644417	0.1355079706	0.104367227	0.0075955827	0.2115826651	-0.1857599103	0.0208849729	-0.0664421188	0.0865409816	-0.2295068118	0.01225458	-0.0480490476	0.1658617129	-0.0820109459	0.0763928939	-0.0279883893	0.2091473862	-0.0585715364	0.0276340581	-0.0002349604	0.0680339314	-0.0269884095	0.022613947	-0.0771602169	-0.0877871295	0.0477810753	-0.2397662235	0.0318561885	-0.0169728729	0.1465273173	-0.0634022212	0.1632512758	-0.0773780285	-0.0805844735	0.0945176164	-0.0668889765	0.0213735392	-0.1094440575	0.0834259389	-0.062884192	0.0671565532	-0.0106308491	0.1775405119	-0.1024288919	0.1940776554	-0.0814985633	0.0201739414	-0.0232465862	0.178022528	0.0122543078	-0.0031537437	0.1244558693	-0.0262626998	0.0437109693	-0.0175364815	0.1040469871	-0.0414823471	0.0873300827	-0.1989978805	0.1751197004	-0.107042396	0.0802089931	0.1004628387	0.1561451084	0.1560591586	-0.0201242182471332	n/a	n/a	0.0004049841600582	-0.0118713339260381	n/a	n/a	0.0001409285691835	-0.0102355627416415	n/a	0.000104766744638	n/a	-0.0019519678378838	n/a	3.810178440132757e-06	n/a	-0.000418647961681	n/a	1.7526611581965604e-07	n/a	0.00015159169841	n/a	n/a	2.2980043026828397e-08	0.0	0.0	0.0	0.0	0.0
868.4163006811981	2.304001830256084	5.308424433823384	754146.871288817	691.61800812338	-11.527025169301169	132.87230925370264	478335.4691605518	829.3369125738377	-0.3342345847868273	687799.7145575053	0.1117127576676228	819.7301885541701	586.4537228313245	1.402463	21.277477	0.0476345303402908	0.024883607348426	-0.1573872311	-0.2494135145	0.0616328045	0.0377837489	0.0158008826	0.0995349202	0.3051097965	0.0445359209	0.0192074295	-0.1135354485	-0.0630308647	0.3234366664	0.0367134814	0.0257155011	-0.0482564755	0.0167291152	-0.1905840549	0.213326405	0.0060993172	0.172043704	-0.0495927557	-0.0827254771	-0.0825990465	0.0523157538	0.0865486525	-0.0164935415	-0.1377382356	-0.1921444165	0.2935548131	-0.0017626555	0.1288239173	-0.0486693763	-0.1124131918	0.1418453991	0.2284700707	-0.0604188527	0.0216102607	0.0005166774	0.0438315761	0.0658987523	0.0116959245	0.0743376249	-0.0872933741	0.146183588	0.1591041622	-0.0140689337	0.1767274436	0.1111100531	-0.083104299	-0.0015518996	-0.0537090477	0.1262317163	0.1836047134	0.2228465316	0.1750366138	-0.0109699313	0.020808935	-0.1289773624	0.0272933677	0.0160875732	-0.0154957784	-0.1359382904	-0.1100190818	-0.1562591614	0.2771708552	-0.1399022798	0.155915944	0.1551433414	-0.0201848547843894	-6.063653725620066e-05	3.676789650422611e-09	0.0004074283626668	-0.0030777530081564	0.0087935809178817	7.732706535933317e-05	9.47256357921577e-06	-0.0240282306331494	-0.0137926678915078	0.0005773558673598	0.0001902376875654	-0.0017719899808012	0.0001799778570826	3.1399484920598373e-06	3.2392029040044795e-08	-0.000132164244506	0.0002864837171749	1.7467387525841747e-08	8.207292020640538e-08	0.0001848830240253	3.329132561530001e-05	1.1083123612239308e-09	3.4181732572739666e-08	0.0	0.0	0.0	0.0	0.0
867.6483972090209	-0.7679034721771814	0.5896757425817711	752813.7411793829	712.4941041179907	20.87609599461064	435.8113839761983	507647.8484028981	829.5978840153392	0.2609714415015105	688232.6491627282	0.0681060932793763	820.3994849602908	600.7903688772101	1.610298	24.430645	0.0529361379766411	0.033019111100376	-0.1453200205	0.1781101212	0.0874030159	0.0493063262	0.0004005786	0.2532491885	-0.0698515491	0.0927643468	-0.0971575719	-0.0743573762	-0.0394342606	0.0008326248	-0.2351340773	-0.0809998607	0.1010343274	-0.011549326	-0.0368138817	0.122610521	0.0433242668	-0.1955019748	-0.0414266332	0.0912920291	0.0316799548	-0.1967101205	0.2344876363	-0.0265423194	-0.0878485763	-0.0383918243	-0.0397347511	-0.1994737036	-0.0857308782	-0.1548148645	-0.0811436449	0.0150272138	0.0093679237	0.0211589865	0.1419310997	-0.03206944	0.0119016343	-0.2015373494	0.0791913259	-0.2724299722	-0.1007125368	-0.2005927038	0.0862408111	0.1173834832	0.0462637566	0.112040514	-0.091839602	-0.0351687583	0.0216034462	0.0837768047	0.1468360733	0.0337948136	0.0937831824	0.1328086428	0.0797743969	-0.1672640557	-0.0537753321	0.1055027715	-0.0588553685	0.0457239425	-0.0005970742	0.1993763141	0.0844311505	0.1496109894	0.1554579513	0.1533170814	-0.0202978330471523	-0.0001129782627629	1.2764087856923194e-08	0.00041200202641	-0.0036037985108379	-0.0005260455026814	2.767238708914319e-07	1.2987363706717465e-05	0.0030885417381512	0.0271167723713006	9.539090068302036e-06	0.0007353193438369	-0.0018040015370658	-3.2011556264599896e-05	3.254421545735769e-06	1.0247397344816447e-09	-0.0004179993735859	-0.0002858351290799	1.7472347631820484e-07	8.170172101612309e-08	-8.771274281228888e-07	-0.0001857601514534	3.450683386799861e-08	7.693525251654736e-13	1.0	0.0	0.0	0.0	0.0
867.5464758084794	-0.1019214005415278	0.0103879718883465	752636.8876877126	698.4838266818323	-14.01027743615839	196.2878738381289	487879.65613609593	831.0295232661894	1.4316392508501394	690610.0685400299	2.0495909445747484	820.4221621481788	584.2587181251928	1.227732	18.626543	0.0966556844045656	0.0538721913517373	-0.1696942583	0.0261223341	0.0440768078	-0.1244286424	-0.0542813433	0.1083046387	0.1139430187	0.0928467273	-0.0256199694	0.144417673	-0.1135874089	0.0749153547	-0.0888551246	0.0158280259	0.0055205848	0.0637884451	0.0054083641	-0.0754403329	-0.111912542	-0.0667573111	-0.0569153701	-0.2435286309	0.1026312049	-0.0915443802	-0.1220310751	0.1223770544	0.0841599463	-0.1248890362	0.0279354021	-0.109779598	-0.1433297919	0.0321140236	0.1266695931	-0.0660498185	-0.083258425	-0.1694807862	0.0517228898	-0.0063428165	-0.0638075867	0.0356313889	-0.0259842014	0.1901740768	-0.1027244664	0.0045079418	0.0816417628	0.0172416236	-0.0451796822	0.1884017567	-0.2438580236	0.0267740425	0.091084759	-0.0327223124	-0.0391468023	-0.0461825185	0.168024648	-0.1673208538	-0.0326706694	-0.1649173163	0.0691156873	2.12749e-05	-0.0249893835	0.0174465034	-0.1786932226	0.1852089259	-0.1561282992	-0.0519826578	0.1547718027	0.1505910958	-0.0201876018990532	0.0001102311480991	1.2150906011245994e-08	0.0004075392704346	0.0390442506647019	0.0426480491755398	0.0018188560984792	0.001524453509968	-0.0155654459478853	-0.0186539876860365	0.0002422831075565	0.0003479712565908	-0.0015039992041225	0.0003000023329433	2.262013606001113e-06	9.000139977142266e-08	-1.399998454632012e-05	0.0004039993890395	1.959995672972021e-10	1.6321550634435386e-07	-1.052151319780141e-08	8.666059149250874e-07	7.510058117831478e-13	1.1070223997150925e-16	0.0	0.0	0.0	0.0	0.0
867.9809979431407	0.4345221346612788	0.1888094855105945	753391.0127903704	707.0663516320915	8.582524950259199	73.65973452182166	499942.8256103164	829.3861372555846	-1.643386010604786	687881.3646717394	2.700717579851513	818.9486000313664	612.468340397885	1.243047	18.8589	0.0800561710010148	0.0592972671357219	-0.2106435389	0.0812125636	-0.1095044474	0.1907026533	-0.0104490571	0.1591559701	-0.0173637216	-0.1765503106	0.1243342014	0.0973954941	0.0242092481	0.0164530748	0.173138003	0.0842142101	0.2015448786	0.170698599	-0.0299225493	0.0575850876	-0.1013558498	0.1042251699	-0.0686478744	0.0164182963	-0.1024743258	-0.0172377972	-0.1522482706	0.1454093214	-0.1274788168	0.0327783695	0.0452558375	0.1902901287	-0.0874258268	-0.2053839432	0.1688345682	-0.0215158043	0.1085710498	-0.1763320893	-0.0573241243	0.0181488137	-0.0913865487	-0.0020802074	0.0483345792	0.0397144212	-0.1027803966	0.1747830599	0.0275570961	0.2175800842	0.1742551553	0.0351453705	-0.0233969132	0.0081014466	0.1189117341	0.0231341381	-0.0608611835	-0.1121045269	0.1114963043	-0.0202926953	-0.120332931	-0.0867277247	0.1254536438	-0.0328482527	0.0567383543	-0.0282984859	-0.2434250957	0.0246585255	0.0625111156	-0.0662169194	0.1538585052	0.1469813818	-0.0179888991623329	0.0021987027367202	4.834293724461335e-06	0.0003236004930725	-0.0164776589229234	-0.0555219095876253	0.0030826824442564	0.0002715132435801	-0.015651712829154	-8.626688126870015e-05	0.0002449761144863	7.441974803828009e-09	-0.001143004820805	0.0003609943833175	1.30646002038347e-06	1.3031694478678214e-07	1.797028203487372e-05	3.197026658119384e-05	3.2293103641290514e-10	1.0220979452725995e-09	5.201066449612003e-05	5.202118600931784e-05	2.7062037938160453e-09	2.705109221327961e-09	0.0	0.0	0.0	0.0	0.0
860.8075550571294	-7.17344288601123	51.45828283886513	740989.6468434329	706.1636760390808	-0.9026755930107128	0.8148232262172421	498667.1373570278	827.41306200439	-1.9730752511945864	684612.3751754805	3.893025946876581	816.9095661491748	594.0248304507606	1.473944	22.361956	0.074230469542046	0.0353844051568309	-0.0122416548	0.2245858598	-0.0560190325	0.1217588544	0.0116949961	0.0974729951	-0.1976302054	-0.0051458193	0.0226438347	-0.0914337736	0.1564950148	-0.1593384931	-0.1302546868	0.0930497211	0.1585099943	-0.1052356367	0.0222036693	0.0050368794	0.0202369186	0.0315766662	0.2444590638	-0.0638805979	-0.0390385326	-0.1232219668	0.0236086537	0.0491563908	-0.0637517126	0.1902471411	-0.0772689536	-0.1294347426	0.0233924014	-0.2059572132	-0.0219915008	0.0831562951	-0.1771481476	0.0013830786	-0.2289161105	-0.0302849587	-0.0505417666	-0.020335825	0.1021979095	0.0965878707	-0.0276792454	-0.1776666009	0.0237733461	0.1453223186	0.0984076764	-0.0913013852	0.0215970798	0.0104523225	-0.0588098414	0.0519471996	0.0188591336	-0.2365947244	0.1529538561	0.088862038	-0.1129516504	-0.0264381872	0.0057034808	0.0794706208	0.1023286084	0.0692582913	0.0058211709	0.1272356513	-0.0899866123	0.2285298746	0.152719399	0.1425091225	-0.0201911348536327	-0.0022022356912997	4.849842040034704e-06	0.0004076819266775	-0.0337798838063321	-0.0173022248834087	0.000299366985916	0.0011410805499692	0.0008159508922176	0.0164676637213716	6.657758585106975e-07	0.0002711839484401	-0.0008659998213257	0.0002770049994792	7.499556905361444e-07	7.673176973652692e-08	-0.0004179997111375	-0.0004359699931723	1.747237585110335e-07	1.900698349467196e-07	-1.812477715251162e-07	-5.219191226764515e-05	2.723995706153568e-09	3.2850754682820724e-14	0.0	0.0	0.0	0.0	0.0
861.7809196416796	0.9733645845501542	0.9474386144564942	742666.353458459	681.8546684479045	-24.30900759117628	590.9278500678661	464925.7888842017	829.5577134925027	2.144651488112686	688166.0000149092	4.599530005463958	818.4660581879268	567.874978669819	1.4509	22.012346	0.1302866899452411	0.067863323457454	0.0616972957	-0.0957962302	-0.0057392993	-0.1400774392	-0.087722257	-0.1019579867	0.1134056755	0.0665865258	0.0445150367	0.0149640553	0.0137007468	0.0735038627	-0.0016476488	-0.1565318788	0.0719294666	-0.156479564	0.0769075066	-0.0101265158	-0.0389116613	-0.0157383223	0.0897759478	0.0245679417	0.0245612362	0.1397664515	0.0143727701	-0.0210379787	0.1067941432	-0.0107824175	0.0773173188	-0.0280800318	-0.1708494178	0.0849225778	-0.1114279265	0.0055302679	-0.1043345872	-0.0774641868	-0.0760035321	-0.1211415339	0.0243996431	0.166376955	-0.1689717667	-0.0214106961	-0.0251899319	-0.0650688737	0.0924112	-0.1280837928	-0.0742137388	0.0487247525	-0.1882442792	0.0622164981	-0.083083114	-0.061615667	0.0754234331	-0.0520982619	0.0715922213	-0.1068799496	-0.0281252572	0.0645760687	-0.1016420642	0.0010797877	-0.1106866988	0.1067828649	-0.1215102883	0.1025948273	-0.2705286665	-0.1942767742	0.1513561561	0.1372005631	-0.0308369469993294	-0.0106458121456967	0.0001133333162414	0.0009509173002394	0.0209886951624014	0.0547685789687335	0.0029995972422543	0.0004405253246202	-0.0165510892353921	-0.0173670401276097	0.0002739385548779	0.000301614082794	-0.0013759088349837	-0.0005099090136579	1.8931251221862024e-06	2.600072022096743e-07	-0.0004188023094502	-8.025983126999994e-07	1.753953744008211e-07	6.441640515488862e-13	0.0004392123143218	0.0004393935620933	1.9306670240906082e-07	1.9290745705191164e-07	0.0	0.0	0.0	0.0	0.0
862.4349254825141	0.654005840834543	0.4277236398456976	743794.0006920297	689.8784182539611	8.023749806056571	64.38056095019286	475932.2319725872	829.0304968513647	-0.5272166411380113	687291.5647096206	0.2779573866928465	819.4551555305127	598.2212489599931	1.269981	19.267525	0.0686991015826138	0.0455712438377517	-0.0415818833	-0.1956783155	-0.2358285229	0.0061625001	0.1475310919	-0.0113348455	0.0689653536	-0.085696899	0.0521143281	0.0673709538	0.0596989848	0.147884694	0.1021800323	0.1358597013	0.0285327835	0.1626481446	-0.023563352	-0.1541264616	-0.0184008538	0.0140839563	0.1090075597	0.0123765373	0.1237019437	0.2229038293	0.1294318145	0.0390431482	0.0983330212	0.0074497393	0.1659274603	0.1032467907	0.0644771743	-0.0051567363	0.1457275272	-0.0120025091	0.0252833401	0.1222756419	-0.1079670956	-0.105459174	0.3106537349	0.0076542458	-0.0252841482	0.0167662659	-0.0127569648	0.2475153326	0.0743560701	-0.1121598516	0.0368695374	-0.0340464696	-0.0473471972	0.0478455008	-0.1247352751	0.0589289107	-0.027995491	-0.2150408642	0.0629190836	-0.0210061451	-0.1336352403	0.1237652327	0.025057075	-0.1257500823	-0.193511791	0.1446491182	0.1849917249	-0.1412503062	-0.0518596028	0.0067289161	0.1497707771	0.1310868562	-0.0419974494395631	-0.0111605024402337	0.0001245568147184	0.0017637857594286	-0.0205273097389522	-0.0415160049013536	0.0017235786629692	0.0004213704451188	-0.0197382135551436	-0.0031871243197514	0.0003895970743484	1.0157761429551456e-05	-0.0014009562537102	-2.504741872650013e-05	1.9626784248097185e-06	6.273731848606296e-10	-0.0004181456646723	6.566447779000461e-07	1.7484579688423956e-07	4.311823643434009e-13	0.0002082069794007	-0.0002310053349211	5.336346476200958e-08	4.3350146271163524e-08	0.0	0.0	0.0	0.0	0.0
857.8190746996258	-4.615850782888288	21.306078449890418	735853.5649185223	681.1252680983499	-8.753150155611138	76.61763764667529	463931.6308420491	827.7859923056769	-1.2445045456877324	685229.6490574942	1.5487915642374293	818.5853704793564	582.8677796012477	1.075531	16.317427	0.0320502374601948	0.0186334909393197	0.0981014408	-0.1524264142	-0.2091759265	0.0214930238	-0.0012437236	-0.111191779	0.0068962604	-0.0365152592	0.1061439521	0.0158019795	0.1275138789	0.1246724625	0.1492586877	-0.1227137468	-0.0557610256	-0.0380966152	0.0829976374	0.0786682883	0.0008046915	0.1075196771	0.2009691217	-0.0629703753	-0.0560507925	-0.0664325642	0.2437709924	-0.1349801949	0.0506303284	0.0726852361	0.1620894151	0.1106761671	-0.0173925513	0.0676936227	-0.1485978567	0.0283941372	0.0533284934	0.1039255277	-0.202004679	-0.0412134929	0.0835230105	-0.0367090326	0.1764840951	-0.1203976462	0.0383118213	0.0567900106	0.0862794901	-0.1330864553	0.0868186124	-0.1741518699	-0.0640330154	0.0731450259	-0.2065640352	-0.0150444454	0.0985439881	-0.0430098299	0.0218126999	0.0819307793	-0.0101655768	0.1532162651	-0.0852337387	-0.0397732109	-0.161595976	-0.0022182434	0.0525577212	-0.1117948854	-0.028133217	0.0429261057	0.1479655889	0.1242038795	-0.0345804604146593	0.0074169890249038	5.501172619554342e-05	0.0011958082424898	-0.0194596041083912	0.0010677056305609	1.1399953135316582e-06	0.0003786761920553	-0.0029496124605685	0.016788601094575	8.70021366754096e-06	0.0002818571267127	-0.0012699557902785	0.0001310004634316	1.6127877092618897e-06	1.7161121419320156e-08	-0.0004181347451357	1.0919536599961806e-08	1.7483666508969681e-07	1.1923627955790546e-16	0.0002127344306355	4.527451234800006e-06	2.0497814683492094e-11	4.525593797781036e-08	0.0	0.0	0.0	0.0	0.0
859.67201981777	1.8529451181441343	3.4334056108541806	739035.9816575643	689.4729597145152	8.34769161616532	69.68395531859679	475372.9621774936	828.0457238059554	0.2597315002784626	685659.7207133286	0.067460452236901	817.8774322307662	563.0913169459293	1.182753	17.944149	0.0459447730858318	0.022356198904409	0.1454665281	0.0596889827	0.0772264023	0.1354483259	0.0665813106	-0.0196276065	-0.1243279172	0.0347328271	0.1492564815	-0.2459803831	0.1335318427	0.0474910712	-0.0479752659	-0.0073589284	0.0887200427	0.0011179177	0.0264339566	-0.0927255384	0.2032655786	-0.0774181277	-0.0735867837	0.0493044017	0.0175880864	0.0668126075	0.0712690496	-0.0709237435	0.0452323134	0.1231260917	0.0904303199	-0.0450009756	-0.0155711646	-0.0571840549	0.0309027178	0.0345860561	-0.0853972557	0.1822217692	0.1319822703	-9.79022e-05	-0.0375334819	0.0491576953	0.0149048238	0.0034775871	0.0594764557	-0.1591365774	0.0371439205	0.0513365284	0.0122136869	-0.1320945927	-0.0471882663	-0.1134199581	-0.1447052143	0.0275437644	-0.0421178939	0.0577424197	-0.1100778908	-0.0280219132	0.0436317343	0.1250270778	-0.0795010664	0.0392298328	-0.1722371915	0.0120752432	0.2196478752	-0.085731222	-0.0786074187	0.1268549942	0.1459432408	0.1165920251	-0.0340268605596207	0.0005535998550385	3.06472799498756e-07	0.0011578272395438	-0.0072259661609734	0.0122336379474178	0.0001496618974285	5.221458695953265e-05	0.0123072221840629	0.0152568346446314	0.0001514677178878	0.0002327710033736	-0.001224005482372	4.595030790650011e-05	1.4981894208767124e-06	2.1114307967021664e-09	-0.0003189999657244	9.91347794113e-05	1.017609781321684e-07	9.827704488927113e-09	-1.944948215806472e-07	-0.000212928925457	4.5338727296307016e-08	3.782823562168779e-14	0.0	0.0	0.0	0.0	0.0
860.8693346209072	1.1973148031372602	1.4335627378116165	741096.0112906436	690.7395267664829	1.2665670519676269	1.6041920971299652	477121.0938375847	830.639668591698	2.593944785742565	689962.2590381259	6.7285495514810405	819.9279626303161	570.3171649973016	1.145357	17.376797	0.0334160307764465	0.0160258623421088	0.091987684	0.0994159683	0.1183547613	-0.2046972	0.0131366056	-0.0188916291	-0.0380395213	0.2582035074	-0.0252455702	-0.0435289566	-0.0557814795	-0.0639550534	-0.2905360876	-0.07347445	-0.1055840121	-0.0439148704	0.076068384	-0.0976968558	-0.1500580472	0.0481822523	-0.1609588879	0.0078495431	0.1788237382	-0.0758810768	-0.000284968	0.0876192234	0.0829442726	-0.0278818626	-0.0886619202	-0.2586115039	-0.0203287102	0.1287834742	0.0251297679	-0.0955986562	-0.0514283207	-0.050394496	0.079281909	0.1990048795	0.0684826171	0.1036645722	-0.0610786924	-0.0385960338	0.0105639947	-0.1393646915	-0.0458183272	-0.0020495774	-0.2541864565	0.0429567869	-0.1028052583	-0.032165382	-0.0726631906	-0.0541208925	0.0427385399	-0.0814228538	-0.1570796186	-0.04330283	-0.0165882402	0.1512191282	-0.098699582	-0.0104576253	0.0591599299	-0.1325899332	0.2261881514	-0.0364052897	-0.0343889865	0.0611274529	0.1437067008	0.1082959623	-0.035482191544105	-0.0014553309844842	2.117988274400034e-06	0.0012589859167725	0.0019348260294975	0.0091607921904709	8.392011355699264e-05	3.743551764421061e-06	0.0042371498869471	-0.0080700722971158	1.795343916445582e-05	6.512606688067588e-05	-0.0014189997207511	-0.0001949942383791	2.0135602074917e-06	3.8022753001045305e-08	-0.0004179999283826	-9.89999626582e-05	1.7472394012785877e-07	9.800992606324996e-09	-7.96999871791439e-07	-6.025050502107918e-07	3.6301233552950883e-13	6.352087956355702e-13	0.0	0.0	0.0	0.0	0.0
862.7654424949835	1.896107874076279	3.595225070134065	744364.2087635647	679.6373607243332	-11.102166042149634	123.25809082746046	461906.9420923375	831.654687362585	1.0150187708870817	691649.5190121591	1.030263105253122	821.9295244431654	570.0750721901342	1.3392	20.317692	0.0404950553384364	0.0282209178080594	0.0026640106	-0.1874828126	0.0459360632	-0.0905544833	-0.0672805737	-0.1137658343	0.1676387364	-0.0074714429	0.0882960337	0.01864649	-0.0924685423	0.0740488622	0.1725366247	0.008428843	-0.1779480958	-0.0357029006	-0.0551153657	-0.0634246492	-0.0526656475	0.2140036428	-0.1882120701	0.0870139349	-0.0276507469	-0.067005519	-0.0455094879	0.0425864791	-0.0344483347	-0.1389363869	0.0668027875	0.1387119491	0.0957626787	0.1526995002	0.0156410279	-0.0067439444	0.091278769	-0.0308871141	-0.0183270243	0.2021247073	-0.0482973478	0.1506463954	0.0887356663	-0.0272099659	0.0083157593	0.2184375279	0.0074126528	-0.0368843531	-0.0995340189	-0.0220906529	-0.0754261521	-0.0401031892	-0.0338511429	-0.0621828104	-0.0047012002	0.1150265197	-0.2394897462	-0.1091365181	-0.0054625595	0.0717749775	-0.0611434081	0.062933004	0.0258886715	-0.1306383156	-0.052426887	0.0405687017	-0.188624873	0.0200027831	0.1412592515	0.0993643757	-0.0315034628921608	0.0039787286519442	1.5830281685801718e-05	0.0009924681741977	0.0286029324375789	0.0266681064080814	0.0007111878993927	0.0008181277440287	-0.0004563876355092	-0.0046935375224563	2.082896738456784e-07	2.2029294474705225e-05	-0.001418979458162	2.0262589100084744e-08	2.0135027026857237e-06	4.10572517038873e-16	-0.0004180729110883	-7.298270569995862e-08	1.7478495898584557e-07	5.3264753312867715e-15	0.0001022034099525	0.0001030004098242	1.0609084423971992e-08	1.0445537005918776e-08	0.0	0.0	0.0	0.0	0.0
864.5794855843875	1.814043089403981	3.29075233021434	747497.6868933641	700.2185510653202	20.58119034098695	423.58539585193455	490306.0192560164	829.8908658197629	-1.7638215428221429	688718.8491710757	3.1110664349234844	820.3759298362479	575.2449184538189	1.454237	22.062977	0.1017932268326026	0.0795440946974991	0.013372891	0.1732101647	0.1175222913	0.1039010788	-0.1165770777	0.0570370654	-0.0921787673	-0.0382785941	-0.0551324907	-0.2143441554	0.0351347444	-0.115361239	-0.0243269656	0.1329815588	0.1957835687	-0.1382544353	-0.0129092425	0.0880853087	-0.0628798218	0.0203083666	-0.1213786857	-0.1818407973	-0.0092975826	0.0890976759	0.1955290791	-0.0420319139	-0.1511090934	0.0566326247	-0.0789644257	-0.0110714939	0.0435196557	-0.1952490574	-0.037933777	0.097715428	-0.1016952727	-0.0942254802	0.0519342382	0.0699912832	0.1179449279	0.1002399774	0.1251539012	0.0171115572	-0.0115320624	-0.158666213	-0.0022129871	0.2170131631	0.0665205001	-0.10416617	0.0449455696	-0.0428154856	-0.0153067023	-0.1018212201	0.0983882324	0.0713339796	-0.1008567664	0.0176936563	0.0556936774	0.0742838188	-0.0914286902	0.0853273567	0.2840010861	-0.0003000592	0.0642070038	-0.0528312244	-0.1023268521	0.127539128	0.1386044847	0.0898496795	-0.0203029854407787	0.011200477451382	0.0001254506951389	0.0004122112178084	-0.0492436068455361	-0.077846539283115	0.0060600836783575	0.0024249328151577	-0.0005017160817288	-4.532844621959998e-05	2.517190266652999e-07	2.0546680366831673e-09	-0.0012680030561676	0.0001509764019943	1.6078317504503738e-06	2.279387395917465e-08	-0.0004180001882236	7.272286470000508e-08	1.7472415735496502e-07	5.288615050175243e-15	-7.650982261184387e-07	-0.0001029685081786	1.0602513676530214e-08	5.853752956095817e-13	0.0	0.0	0.0	0.0	0.0
867.117854792855	2.538369208467543	6.443318238496142	751893.3741005629	688.4740743904471	-11.744476674873113	137.93273236663862	473996.55110778287	832.0659942340671	2.175128414304254	692333.8187607267	4.731183618713739	821.6746352846259	585.6440591189736	1.434601	21.765068	0.0603854439516334	0.0405969423765988	-0.1346055134	-0.1243488859	0.1050946674	0.0433395167	-0.1048612489	0.0314114726	0.2168405951	-0.1383852687	0.0101899351	-0.0062321855	-0.148525827	0.0125162678	0.1039319042	0.0017624014	-0.0602439852	-0.1791233829	0.0216737588	0.121419694	-0.026380821	-0.1462258293	-0.117708433	0.0357536395	-0.2040003002	-0.0004223775	0.0785409464	0.1104509875	-0.016907772	-0.1475194815	-0.0211031291	0.108536434	-5.15366e-05	0.0201666665	-0.1490661829	-0.0372538727	-0.1108118251	-0.1711302198	0.1346291068	-0.040587637	-0.1066217434	0.0118664351	0.1331389551	-0.22132184	-0.0251327465	0.0166790111	0.0978580207	-0.0974865414	0.077893225	0.0436771587	-0.0350645763	-0.0700525916	0.08408636	-0.0532520837	0.1317204406	0.0813457383	-0.2436520956	0.041854939	0.0871025634	0.2013487415	-0.0919839616	0.1338259831	0.0408045943	0.0302347114	0.0171780103	-0.1637785963	0.2220965661	-0.2437977076	0.1357462967	0.0798077096	-0.0202979786681964	5.00677258230206e-06	2.5067771690891643e-11	0.0004120079380145	-0.0128189442442874	0.0364246626012487	0.0013267560456148	0.0001643253315381	-0.0176560383170709	-0.0171543222353421	0.0003117356890538	0.0002942707713539	-0.0014040035246205	-0.0001360004684529	1.971225897146787e-06	1.849612741940825e-08	-0.0004179997605586	4.2766499998465874e-10	1.7472379982704692e-07	1.828973522118782e-19	-7.932489574260897e-07	-2.8150731307650945e-08	7.924636731555591e-16	6.292439084575782e-13	0.0	0.0	0.0	0.0	0.0
864.3372823024621	-2.780572490392956	7.731583374330085	747078.9375780061	712.5899873715695	24.115912981122392	581.5772589130675	507784.4901022135	828.3980241099173	-3.667970124149861	686243.2863492151	13.454004831655944	818.9237566208998	611.7645328320955	1.515733	22.995955	0.0758157842728521	0.0373003710378716	-0.0969652329	0.1915249173	-0.2225767224	0.1858945482	-0.0367683881	0.1635981415	-0.2285454298	-0.1548184598	0.1076984065	-0.0244641508	0.1308139674	-0.0654305733	0.0282199886	0.0935992529	0.2374225111	0.1209667614	-0.0828728879	0.070082844	-0.1534354421	-0.0236813973	-0.0760552889	-0.0537064494	-0.0777080432	0.0028644955	-0.1557111884	-0.0124860745	-0.0476499417	0.1460034715	-0.0198350956	0.0387421493	-0.0411117261	-0.2810968765	0.0631507014	0.0594759029	0.0713323003	-0.0974890191	0.0595779047	0.0111533409	0.1133626534	-0.0262021356	0.0853413261	0.0718512147	-0.0099201565	0.0376567508	-0.0216066012	0.200737574	0.1315015279	-0.1037582038	-0.0248135652	0.0263628702	0.1658346511	-0.1263803005	-0.2135449497	-0.1482348382	-0.1595838575	0.0964308827	0.0300584563	0.0796250593	0.1490564236	-0.1000694713	0.0824110859	0.0203835588	0.0111249043	-0.1363750557	0.1787771217	-0.07073906	0.1326888823	0.0692973963	-0.0201947263802111	0.0001032522879853	1.0661034974199408e-08	0.0004078269735715	-0.0277923259991723	-0.0149733817548849	0.0002242021611775	0.0007724133844442	-0.0009066008343552	0.0167494374827157	8.219250728535447e-07	0.0002805436559874	-0.0009379999543931	0.0004660035702274	8.798439144414578e-07	2.171593274646833e-07	-4.999996839671894e-06	0.0004129997637189	2.499996839672893e-11	1.7056880483189046e-07	-2.3279584287290607e-09	7.909209989973606e-07	6.25556026654983e-13	5.4193904458906776e-18	0.0	1.0	0.0	0.0	0.0
858.573497644123	-5.763784658339091	33.22121358770507	737148.4508568628	689.0258501712407	-23.564137200328787	555.268561995919	474756.622204201	828.9383657144114	0.5403416044940741	687138.8141532792	0.2919690495472304	818.9478104142953	577.4488267758018	1.507824	22.875973	0.0851210027918229	0.0514258355280525	0.1249345683	0.0166107522	0.0286850047	0.1036209485	0.0945862072	-0.1146713365	-0.0733723679	0.0901474399	-0.006989332	0.0244694392	0.1025175312	-0.1028002137	0.0047646822	-0.0128475811	-0.0859379884	0.0897576523	-0.0131085471	-0.0053831129	0.0793236161	-0.0530280604	0.2211063517	-0.0694826628	-0.1781514177	-0.2350285911	0.0373036939	0.2260517904	0.0376955875	0.1142483244	-0.0665433955	0.0020274986	0.1017245442	0.0949269692	0.1080918621	-0.0330167036	0.0095462131	0.043319139	-0.1225154611	-0.1991153615	-0.2399317979	-0.1142609046	0.1405768679	-0.1472824574	0.0385866894	0.0179413661	0.0063472323	0.0671272726	-0.1434429083	-0.1880476399	0.1723269267	-0.040985578	-0.0917009643	0.1339127471	0.0782009467	0.0535662336	-0.2347887506	0.1651409122	0.1267161195	0.0248702679	0.1810157559	0.0727304911	-0.0684424769	0.0084059271	-0.0370842426	0.2060427466	0.0284055988	-0.0107863454	0.1294367287	0.0583804184	-0.0201477040572655	4.702232294559808e-05	2.2110988552001193e-09	0.0004059299787791	0.0067772068767908	0.0345695328759631	0.0011950526032622	4.593053305082051e-05	0.0357921113415926	0.0366987121759478	0.0012810752342889	0.001346795475373	-0.0009129998370116	2.5000117381500093e-05	8.335687023832081e-07	6.25005869088783e-10	0.0002459999367183	0.0002509999335579	6.05159688654076e-08	6.30009666461063e-08	1.1232944142848449e-07	1.1465739985721357e-07	1.3146319342016954e-14	1.2617903411635327e-14	0.0	0.0	1.0	0.0	0.0
862.0170457474858	3.4435481033627866	11.858023540173445	743073.387159223	690.2925121984749	1.266662027234247	1.6044326912371725	476503.7523972816	830.4121473931461	1.473781678734781	689584.3345380963	2.1720324365743093	820.5784121885995	558.1674144544099	1.2381	18.783842	0.0706440461081224	0.0438712325769952	0.1100633664	0.0201327403	0.1573271974	0.191226825	-0.1311725278	-0.0261949436	0.0289670634	-0.1476042505	0.0216443403	-0.1818301609	-0.0236911212	0.0240499097	0.0119005571	0.007809648	0.0773358956	-0.1434235755	0.1174726605	0.1335612485	0.200044404	-0.2301465486	0.0488022282	0.0372919102	0.1781783248	0.0162910129	-0.1412144121	0.0189287759	-0.160154037	0.0003703145	-0.001457905	0.0192999541	0.0048586451	-0.0977253693	-0.251000969	-0.0168047681	-0.0941643649	0.1050525407	0.0907298291	-0.0743412822	-0.0450480619	-0.285295593	-0.0867111343	0.1417567639	0.003584412	-0.1320464433	0.040377906	0.0294063786	0.023655805	-0.1967266115	0.1606212978	-0.0868883579	0.0315601203	-0.1352091101	0.0456052698	0.1088916469	-0.0729098287	-0.0928282685	0.2664976408	-0.1028762137	-0.0412723596	-0.2116710561	0.0566254519	0.0786722604	-0.1610301195	0.0558003938	0.1839838323	-0.0644866207	0.1259946088	0.0471208409	-0.0201781975649169	-3.0493507651399576e-05	9.298540088859643e-10	0.0004071596569688	-0.0297934062931659	-0.0365706131699566	0.0013374097476266	0.0008876470585496	0.0316546764368581	-0.0041374349047345	0.0010020185403221	1.711836759091542e-05	-0.0005519995676154	0.0003610002693962	3.047035226475885e-07	1.3032119450412898e-07	9.000006924164694e-06	-0.0002369999297941	8.100012463501244e-11	5.6168966722425064e-08	2.4381161671288742e-09	-1.0989132526135563e-07	1.2076103367697056e-14	5.9444104444151935e-18	0.0	0.0	0.0	0.0	0.0
863.5490846664657	1.5320389189798789	2.347143249269036	745717.0216282906	693.6898633119101	3.3973511134352066	11.541994587959438	481205.6264616966	832.5382949227911	2.1261475296449817	693120.0125129484	4.520503317815458	822.120479154271	584.0690373792146	1.344223	20.393887	0.124918815750717	0.0657653861935716	0.0053211436	-0.0347145895	-0.0452898306	-0.0631372488	0.2081927408	0.0307850227	-0.0796267002	0.1361420218	0.2219019885	0.1663225346	-0.1058717275	-0.0131972136	0.0609670998	-0.1643788289	0.0983595004	0.0022981668	-0.1373062239	-0.2412766767	0.1292464505	-0.0557953038	0.0245210591	0.0131851515	-0.1151338257	0.0764566329	-0.0224587691	-0.1252442027	0.1323582239	-0.076247478	-0.0314825123	0.0278006749	-0.178460911	0.1121577595	0.1249703597	0.1972742323	-0.0299606237	0.1596164461	0.0593338335	-0.0856361433	-0.1079525266	0.1649998573	-0.0535158508	-0.0532707424	-0.0426920463	-0.0153550542	0.086410372	-0.1105289028	-0.1532555038	-0.0455439768	0.0034088404	-0.0381890541	0.0405950245	0.0025238493	-0.2904383547	0.0975558038	-0.2133862517	-0.0016151676	0.0367572468	-0.0334021212	0.0858353691	-0.1588422516	0.0389061989	0.0188583471	-0.0239362554	0.3090348791	0.0163693746	-0.1504508768	0.1223675745	0.0355847396	-0.0086282417175596	0.0115499558473573	0.0001334014800759	7.444655513663584e-05	0.0273633555495109	0.0571567618426768	0.0032668954243404	0.0007487532269289	0.0089390081500653	-0.0227156682867928	7.990586670693387e-05	0.0005160015857156	-0.0008789870313076	-0.0003269874636922	7.726182012069477e-07	1.0692080141185785e-07	0.0002460468696205	0.0002370468626963	6.053906205004732e-08	5.6191215114175246e-08	-0.0001058918309731	-0.0001058942690892	1.1213596225950116e-08	1.121307986683558e-08	0.0	0.0	0.0	0.0	0.0
863.5857469572762	0.0366622908105682	0.0013441235674786	745780.3423477567	689.8938078122718	-3.796055499638328	14.410037356334396	475953.4660577158	831.8943032556358	-0.6439916671553192	692048.1317891798	0.4147252673654874	822.6472418576676	582.2113578957005	1.316898	19.979324	0.1382383390077521	0.0855779264146525	0.0235818013	-0.1317784777	-0.0703009681	0.0073151839	-0.1443568311	-0.0802729179	0.0996548075	-0.1370902635	-0.138415048	0.0468941828	-0.0681965666	-0.0366160634	0.1175710875	0.1679744279	-0.1328249589	0.0336502081	0.0060259996	-0.0189646802	-0.0796150413	-0.1107968022	0.0596405944	0.2377527059	0.0081319307	0.1880720668	0.1317557052	-0.2079749097	0.1248967077	-0.0536688152	-0.0499758868	0.1738929918	0.1497605949	0.0656412793	0.0591345933	-0.1070750752	-0.0010218277	-0.0025850123	0.043601875	-0.0433892082	0.2427289214	0.015829591	-0.2630482404	-0.0855989883	-0.0179131053	0.2016110079	-0.1047076533	-0.0374655196	-0.0507145869	-0.0794252495	0.1932628863	0.1512406842	0.0728304909	-0.1326481104	-0.0084814483	-0.0389358579	0.0184960873	-0.1802882615	0.0256685488	-0.0217263752	0.1443315476	-0.0777577092	-0.0635125885	0.1780995257	-0.0071707472	-0.0815215344	-0.0733580764	-0.0453295581	0.1185609488	0.023839813	-0.0055808793485994	0.0030473623689602	9.286417407754723e-06	3.114621430362326e-05	-0.0393828594089171	-0.066746214958428	0.0044550572112766	0.0015510096152225	0.0020404157843074	-0.0068985923657579	4.163296572850783e-06	4.759057662889318e-05	6.799996691628562e-05	0.0009469869982238	4.623995500615938e-09	8.967843748050855e-07	6.799999835038761e-05	-0.0001780468712701	4.623999775652718e-09	3.170068836907597e-08	-2.3141749766475428e-09	0.0001058895167981	1.1212589767740048e-08	5.355405822541655e-18	0.0	0.0	0.0	0.0	0.0
862.74206244307	-0.8436845142061884	0.7118035595113321	744323.8663085222	690.9307403564453	1.03693254417351	1.0752291011661483	477385.2879695057	830.9762661416803	-0.9180371139555064	690521.5548907687	0.8427921425997553	821.5125946247025	581.0623540215743	1.361344	20.653643	0.0579027106774591	0.0311055222324925	0.0098748993	0.0578871159	0.031972077	-0.1702308726	0.1335101184	-0.0138468776	0.0031296386	0.0177757409	-0.0297143802	0.1188061709	-0.0215308048	-0.1117894234	0.0171865452	-0.1416313656	-0.0272003171	-0.0586207143	-0.0515864309	0.0049551778	-0.2834800278	0.1323250687	0.1158519835	0.1803744177	0.2359520224	-0.1180277967	-0.1972221416	0.0471995794	-0.0108676821	0.0029775935	-0.1172079628	-0.0094437075	-0.0889142116	0.0927024613	-0.0517368675	0.1102085746	0.0550802252	-0.1510176315	-0.2206914853	0.2686212838	0.025182463	-0.2734828185	-0.0934260018	0.0405321184	0.0024404687	-0.1396917423	-0.0572223251	-0.1055094765	-0.0347210483	0.0897772767	0.176997596	0.1109170988	-0.0155593838	-0.0260053715	-0.2042471737	-0.2219539944	0.051582019	-0.0509952543	0.203843158	-0.1091829462	-0.2334163437	-0.0992076312	0.2963334991	-0.1065120912	0.109978562	-0.1226184559	0.0395422995	-0.1031103023	0.1145803187	0.0119549848	-0.0128996098897715	-0.0073187305411721	5.356381673428527e-05	0.0001663999353082	-0.0560831425552663	-0.0167002831463492	0.0002788994571682	0.0031453188788743	-0.0109420790395091	-0.0129824948238165	0.0001197290937068	0.0001685451718504	0.0004330002494043	0.000365000282488	1.87489215984186e-07	1.3322520621633032e-07	0.0001209998591316	5.299986078121238e-05	1.4640965909867045e-08	2.808985242827894e-09	-2.6214228176840368e-08	-2.3900053200192825e-08	5.712125429720474e-16	6.871857589074515e-16	0.0	0.0	0.0	0.0	0.0
863.1603919641072	0.418329521037208	0.1749995881712198	745045.8622556312	691.0948820738034	0.1641417173581203	0.026942503377273	477612.1360286043	833.1644054649024	2.188139323222117	694162.9265336844	4.787953697830945	823.4254181918719	576.4430253520765	1.35549	20.564823	0.129300906451547	0.0832265057278812	0.0138808949	-0.0847972139	0.0507431461	-0.1260795283	-0.2276249315	-0.0579077904	0.0857425736	-0.0551844894	-0.1272661747	0.078354716	-0.1507887059	-0.0398652879	0.0424023982	0.1546195054	-0.0241231691	-0.1469208583	0.1948066655	-0.1370022095	-0.1291326416	-0.1210936348	0.0459352834	0.1115261064	-0.0914384887	0.1562434419	-0.1408597797	-0.0505617471	0.1574649288	-0.1022048786	-0.1018076214	0.0964837736	0.0496779895	0.0663105319	-0.007828186	-0.1573935645	-0.2863296582	0.0292790975	0.0487047211	-0.063514059	0.1188443046	0.0662627899	-0.1112404887	-0.1026705532	-0.0360879649	0.0930097998	-0.0608694924	-0.121533463	-0.2598455599	-0.0243340456	0.1335093041	-0.060191664	0.1952730817	-0.1489615025	0.0756276476	-0.0476877219	-0.0761530126	-0.0060872096	-0.306056337	-0.0375695441	-0.0937801512	0.0720595649	-0.1265580831	0.0329576755	0.0007282312	0.2071909002	0.0938455566	-0.0695421725	0.1104315261	-0.0	0.0012585292514444	0.0141581391412159	0.000200452903942	1.5838958767412015e-06	0.0188202085490303	0.0749033511042966	0.0056105120066535	0.0003542002498289	-0.009303688992361	0.001638390047148	8.655862886657923e-05	2.6843219465939523e-06	-0.0001180000995524	-0.0005510003489567	1.392402349437631e-08	3.036013845504051e-07	-0.0001000000017874	-0.0002209998609189	1.0000000357480004e-08	4.884093852621733e-08	-5.900926148127842e-09	2.031330202871253e-08	4.1263023930969644e-16	3.4820929405658885e-17	0.0	0.0	0.0	0.0	0.0
865.4557233529962	2.29533138888894	5.268546184818829	749013.6090844579	692.7684421717563	1.6735600979528726	2.8008034014600285	479928.1144690821	832.9937029582699	-0.1707025066325513	693878.5091681303	0.0291393457706362	823.9170543140134	584.0061207741185	1.282861	19.462944	0.0950314381040724	0.0600846968371	-0.0151319787	-0.0831794445	-0.0840452165	-0.047032096	-0.058152956	-0.0436256135	0.0303840987	-0.2078783426	-0.0728940094	0.0959163837	-0.1297866148	-0.0149607024	0.1899800405	0.0405770721	-0.1227405647	0.144311031	0.0627450493	0.0242118715	0.1038188247	-0.1448302644	0.0359210678	0.1442170391	-0.0284338956	0.1484535795	-0.1279567399	0.1722625774	0.0710209061	-0.1089943062	-0.0695109368	0.2283831472	0.0469612078	0.0367641569	-0.0011901962	-0.1178312526	0.164590336	0.0770067512	0.0969469141	-0.091156501	0.0129274782	-0.0603491073	-0.2135176273	0.0491842508	-0.0368654414	0.1736165913	-0.0849136156	-0.0386137367	-0.0061304178	-0.0164947615	0.1712437756	0.1564497533	0.0932398303	-0.1383149521	-0.1990837488	0.2070189911	-0.0483203604	-0.1091384024	-0.0329372103	-0.1407854941	0.0576862937	0.1518245237	-0.0578402367	-0.0221239157	-0.0590243914	-0.1010299022	-0.0629687935	0.2865550538	0.10612066	-0.0119549848	0.0053076246993413	0.0040490954478968	1.6395173946179392e-05	2.8170879949057823e-05	-0.0340886355288603	-0.0529088440778906	0.0027993457816585	0.0011620350722194	-0.0311763253383077	-0.0218726363459467	0.0009719632616	0.000478412220722	0.00013300028776	0.0002510003873124	1.7689076544242807e-08	6.300119443097481e-08	-0.0001729995175063	-7.299951571890001e-05	2.99288330574126e-08	5.328929295193929e-09	1.1440689316470264e-08	1.7341615464598105e-08	3.007316269219881e-16	1.3088937203599683e-16	0.0	0.0	0.0	0.0	0.0
864.3756793427796	-1.0800440102166249	1.1664950640048088	747145.3150392916	704.5483710030529	11.779928831296615	138.76672327041325	496388.4070830555	832.5996110926873	-0.3940918655825953	693222.1123916941	0.1553083985183704	822.9175032659872	588.9671144344932	1.254562	19.0336	0.047338485477322	0.027546531846724	-0.0092538109	0.1253292905	0.0154259158	0.0273492931	0.0678782955	0.0338696205	-0.1231365325	-0.0638786788	-0.1881689598	0.1776524876	-0.0834870111	-0.2579863951	0.0013874731	0.0189469278	-0.0088769114	0.1968374551	0.0738395887	0.0496273063	0.1177797627	-0.2354129768	0.1004757402	0.1801249369	0.0756444532	-0.108127712	-0.0636999677	0.0212146006	-0.0497861953	0.0119126187	-0.2783997357	0.0399291178	0.0257099613	-0.0263457093	0.1006422125	-0.1179444027	0.0767692167	0.1035722326	0.0713852351	-0.1516767809	-0.1141722113	-0.2825113994	-0.1580573145	-0.1105366191	-0.0462307083	-0.0249076512	-0.0971121339	0.0844125082	0.0149534007	-0.0527026541	0.3250358258	0.1311902399	0.0189963097	0.0435985334	-0.0392608339	0.1277644759	-0.0058686793	-0.0696792257	-0.1642784967	-0.160617008	-0.0328755305	0.1639883713	-0.1669148525	0.0080066982	0.0361266251	-0.0760798707	-0.0256828565	0.1968184317	0.1016540472	-0.023839813	0.0064249059999923	0.001117281300651	1.2483175047843906e-06	4.127941710873705e-05	-0.0572607433103655	-0.0231721077815051	0.0005369465790376	0.0032787927244555	-0.023878967021659	0.0072973583166487	0.0005702050660214	5.325143840156196e-05	0.0003779997107271	0.0002449994229671	1.428837813097713e-07	6.002471725421198e-08	-0.0002430002866262	-7.00007691199e-05	5.9049139300415365e-08	4.900107677377546e-09	4.601017266009713e-08	3.4569483343626876e-08	1.1950491786452956e-15	2.1169359882119497e-15	0.0	0.0	0.0	0.0	0.0
861.8189810430804	-2.5566982996991783	6.536706195684669	742731.9560861334	684.7882751037027	-19.760095899350176	390.4613899515156	468934.98171950446	831.4630223143615	-1.136588778325745	691330.7574761325	1.2918340510160091	822.0350816335109	586.6372719935367	1.393855	21.146885	0.0493663799992393	0.0266082743383882	0.0218745684	-0.2226951697	-0.0838591803	-0.0159690758	0.0156547273	-0.1060018926	0.1137279527	-0.1043658397	0.0393232201	0.1231927329	-0.0498320156	-0.0121626641	0.1399494577	-0.0750484549	-0.1380140353	-0.096863089	0.0417374269	-0.0369123134	0.0294759182	-0.0366582638	0.0535727571	-0.0226241915	0.3311241961	-0.2389449095	0.076802411	-0.0758441435	0.0218296864	-0.0490717021	-0.0292557876	0.1370208055	0.0624144928	0.1699542456	-0.1013523393	0.0603073694	-0.0108356523	0.1063968831	-0.0782649527	0.102405411	-0.0484740412	-0.1818208931	0.0271291575	0.0331152975	0.018318699	-0.0016630463	0.0418326807	-0.3502417137	0.0256135357	-0.0354754831	0.1732242732	-0.0278065828	0.0361250824	0.0426671863	0.0391484618	-0.0026729751	0.068987799	0.1950956465	0.0886404245	-0.1452976644	0.0308702045	0.1881000087	0.1299600929	0.0048421428	-0.0239036359	0.0026495751	0.0520448135	0.0999902454	0.0970382431	-0.0355847396	0.0036731950502684	-0.0027517109497239	7.571913150830407e-06	1.3492361877316272e-05	-0.0362139735040756	0.0210467698062899	0.0004429665192789	0.0013114518769538	-0.0131128712392865	0.0107660957823724	0.0001719473921381	0.0001159088183952	0.0002399996791796	-0.0001380000315475	5.7599846006310935e-08	1.9044008707111e-08	-8.500002188149836e-05	0.0001580002647447	7.225003719855199e-09	2.496408365939581e-08	1.0237247800501652e-08	-3.5772924859595486e-08	1.2797021530102645e-15	1.0480124252887592e-16	0.0	0.0	0.0	0.0	0.0
861.8756222486185	0.0566412055380851	0.0032082261648076	742829.5882264433	696.4152478369597	11.626972733256936	135.18649493990023	484994.197419814	831.0852653116939	-0.3777570026676358	690702.7182182086	0.1427003530644361	822.4926050451418	572.3446444059673	1.298665	19.702707	0.0686469531373106	0.0350364586233779	0.092792653	0.0778950585	0.0733570183	-0.0183965181	0.057255779	-0.0252647973	-0.0905085055	0.1146413234	-0.023313026	0.0256948879	-0.0296398255	-0.0062433878	-0.019918279	-0.0874363111	0.0389266514	-0.0204535388	0.0104361699	-0.1849713663	0.1024770368	-0.0469258114	0.1346434097	-0.1135339159	-0.0621427572	0.0796849174	-0.1698616991	-0.1518615186	-0.0337819319	0.0075273784	-0.049731901	-0.0131769268	-0.1245794599	0.0610394851	0.0503278464	0.0035211726	-0.1180599561	0.2197052651	0.0225780728	-0.0346680384	0.052811383	-0.0290448021	-0.0282980249	0.137709693	0.0602069635	-0.1777888917	-0.0773321559	-0.1035727763	-0.0249976368	0.0003798223	0.0787325946	-0.1543850597	0.1488440706	-0.0114234812	-0.1019904394	-0.0177047308	0.1588373686	0.1154968691	0.1246258864	-0.0031795115	0.2124649291	-0.0708081378	-0.0506718602	0.055287473	-0.0921073139	-0.1294486724	-0.0358201586	-0.1467314453	0.092280022	-0.0471208409	0.0048680375512191	0.0011948425009507	1.4276486020781244e-06	2.3697789600079253e-05	-0.0097189335061784	0.0264950399978971	0.0007019871444901	9.445766849751716e-05	0.0027911369696766	0.0159040082089631	7.790445583495473e-06	0.0002529374771107	0.0004100000964954	0.0001700004173157	1.681000791262373e-07	2.8900141887546152e-08	0.0002460001154023	0.0003310001372837	6.05160567779449e-08	1.0956109088189338e-07	-5.045674259440344e-08	-6.06939903949051e-08	3.683760470056832e-15	2.5458828732378864e-15	0.0	0.0	0.0	0.0	0.0
862.0592508350503	0.183628586431837	0.0337194577549546	743146.1519502882	684.13513112291	-12.280116714049656	150.80126651068167	468040.8776365613	831.032245800598	-0.0530195110958402	690614.5935603856	0.0028110685568419	821.3554378686362	580.2896130371093	1.189159	18.04134	0.0715189097576496	0.0379938129526593	0.0334169012	-0.0571571999	0.0526731887	-0.2306735545	0.0734582371	-0.0876594487	0.0714052714	0.0908313644	0.0015284808	0.1099416088	-0.0508092723	0.0355673333	-0.0557851601	-0.0504894342	-0.1395280839	-0.1520433323	0.0064562327	-0.1897472848	-0.0137788509	0.0803267704	0.0513057512	-0.0765673499	-0.1969220416	-0.0012180085	-0.1270809564	-0.030365738	-0.0920041662	-0.0610215638	0.0021226521	-0.0633919147	-0.0229204936	0.1787255151	-0.0014390947	0.0100727385	-0.1525889097	0.0616506158	-0.1683856281	0.0209515135	-0.0418177306	-0.0218957985	0.0515364527	0.0050827925	-0.0106632014	-0.068174547	-0.0628933979	-0.1929135385	-0.1760503013	0.0601834255	0.1416382593	0.0675323855	0.0106926665	0.0612204786	-0.0130371896	-0.1035835347	0.0692059776	0.1365063833	0.0030727448	-0.0109025922	-0.0930874302	-0.0922129087	0.0373962007	-0.1567228079	-0.1713180166	-0.1644881345	-0.0529006227	-0.0724324085	0.0873863672	-0.0583804184	0.0079631744444128	0.0030951368931936	9.579872387608748e-06	6.34121472321491e-05	-0.0334728397238706	-0.0237539062176922	0.0005642480605989	0.0011204309991799	-0.0204748470781481	-0.0232659840478247	0.0004192193628735	0.0005413060137136	0.0003719997191492	-3.800037734619997e-05	1.383837910470837e-07	1.4440286784535879e-09	-0.0001439999393351	-0.0003900000547374	2.0735982528512483e-08	1.52100042695175e-07	2.6763152585670405e-08	7.721989518007386e-08	5.962912211621592e-15	7.162663363238765e-16	0.0	0.0	0.0	0.0	0.0
860.5535438283916	-1.5057070066586675	2.2671535899010045	740552.4017956036	692.4701358403	8.335004717390007	69.47230363891366	479514.8890306836	831.0701039727588	0.0378581721607815	690677.5177172922	0.0014332411993553	821.9183553733573	572.3316370833547	1.17078	17.762505	0.0268301549040521	0.0180457290376935	0.1198212652	0.0389944954	-0.0310950792	-0.0793259893	-0.1778201984	-0.077206397	-0.0778153901	-0.0486891518	-0.044330573	-0.0221885368	-0.010813886	-0.0685324527	-0.0360780392	0.005729227	-0.1275400206	-0.0408062109	0.2973043729	-0.1815715314	-0.0591526076	0.0790398825	-0.1982696312	-0.0516237974	-0.0844610912	0.0340625906	-0.0414183345	-0.2408111048	0.1225750933	0.0278359831	-0.0865033877	0.0133269429	-0.0390183485	0.0811074105	-0.0800480574	-0.2458089032	-0.0612164056	0.0973596034	0.127598009	0.1899283569	0.0691785407	0.1551038074	0.0254748421	0.0086531595	0.0672583351	-0.0367525406	-0.1704873877	-0.1142598026	-0.1057228924	0.0052018307	-0.0069659037	-0.0463962096	0.1756688888	-0.1459662594	0.0086256718	0.0013897937	0.1423187102	0.1374362516	-0.0755215092	0.0337126005	0.093124983	-0.1239989212	-0.1500070938	-0.1654747098	0.1518011927	0.0479509224	0.0186782256	-0.0765673143	0.0823644609	-0.0692973963	0.0086308855064061	0.0006677110619933	4.458380623082216e-07	7.449218462469089e-05	-0.0294513512384497	0.0040214884854208	1.617236963837287e-05	0.0008673820897705	-0.0035845244198355	0.0168903226583125	1.2848815316397029e-05	0.0002852829995019	0.0003259998810451	-4.599983810410003e-05	1.0627592244141938e-07	2.1159851056034132e-09	-8.499999311539774e-05	5.899994621970226e-05	7.224998829617664e-09	3.480993653927759e-09	1.3893509881224333e-08	-1.2869642704446072e-08	1.65627703340102e-16	1.9302961681967814e-16	0.0	0.0	0.0	0.0	0.0
864.1577388309057	3.604195002514075	12.990221616147434	746768.5975813438	687.4991960614641	-4.970939778835941	24.710242284813518	472655.1445851594	831.5003688447247	0.4302648719658464	691392.8633889132	0.1851278600477862	820.8945017025171	566.9077963738692	1.259128	19.102867	0.0494414417306868	0.0278186370489733	0.050013517	0.031478924	0.0940761139	-0.0857985024	0.1595828339	-0.0914292034	-0.0512563132	0.1404430635	-0.0414532385	0.018327573	-0.0409896282	-0.045142304	-0.1003625081	-0.0883331609	-0.1214551741	0.2338516732	-0.0621393471	0.0643374062	-0.0259963804	-0.0900027301	-0.0412973968	0.0254180778	0.0903161325	0.0499087021	-0.0130570933	-0.0030242835	-0.1697963448	-0.0215121721	-0.0609441856	-0.1075433552	0.0145768705	0.0820668609	0.183722271	-0.0662979219	0.2147516318	-0.0907035912	0.1176010657	-0.0883867021	-0.1044155271	-0.0200809913	-0.0853951412	0.0261689701	0.0669943406	0.0515070849	-0.2055485338	0.0374450901	0.021817018	0.1221120466	0.1204299094	0.0329803336	-0.0456001421	0.1884573432	-0.1172479768	0.1518968635	0.127644013	-0.0429908729	0.1092674888	0.1121088955	0.1366970609	-0.1206945061	-0.019725171	-0.0507397328	0.0434383476	-0.0667293796	-0.1543205229	-0.0462895673	0.0772216734	-0.0798077096	0.0052301491447934	-0.0034007363616127	1.1565007801194788e-05	2.7354460076783134e-05	-0.048310307906874	-0.0188589566684243	0.0003556602466215	0.0023338858500569	-0.0142135789386372	-0.0106290545188017	0.0002020258262448	0.0001129767999636	0.0003259999016622	2.061709998687697e-11	1.0627593588376405e-07	4.250648118688823e-22	0.000245999913131	0.0003309999062463	6.051595726045956e-08	1.095609379351241e-07	-4.006326358326189e-08	-5.395677346448622e-08	2.9113334026978847e-15	1.6050650889419186e-15	0.0	0.0	0.0	0.0	0.0
864.5716543137146	0.4139154828088749	0.171326026908904	747484.1454427532	696.1076730745975	8.608477013133438	74.1058764856468	484565.89251333073	831.0076424489549	-0.4927263957697505	690573.7018085701	0.2427793010882488	821.5127129358962	575.6179005833676	1.212189	18.390743	0.0556231876707346	0.027678420999371	-0.0309874821	0.0338805678	0.191234692	0.1241090454	-0.0255563507	0.0157902663	0.0234223613	-0.1224288776	-0.0965550195	-0.1701711453	-0.0025307828	-0.1051839552	-0.0463627664	0.1507796849	-0.0616957726	-0.0581774875	-0.1173671619	0.1276286744	0.3180563549	0.1231376376	-0.0177465666	-0.0045656534	0.1084398149	0.0347414819	-0.2516066369	-0.0567448505	0.1296274759	-0.0004264816	-0.0883304533	-0.0417231576	0.283607916	-0.0833003528	-0.0899122729	0.0790841999	-0.0191753795	0.078263716	0.0020829811	-0.0078713469	-0.0780606896	0.0057268337	0.0073806836	0.2763143033	0.0418206257	-0.0634971165	-0.136670326	0.0223964908	0.1711276801	0.0806966813	0.1705877776	-0.0905589017	0.0317349978	0.1055942344	0.1164640457	0.1150447364	0.1165545572	0.0806260749	-0.1064508221	0.0959020332	-0.0730424053	0.056268179	0.1393990585	0.0496216844	-0.0443011479	-0.0495991409	-0.0948321592	0.0133492652	0.0719655524	-0.0898496795	0.0103095787909381	0.0050794296461446	2.5800605530133665e-05	0.0001062874148465	-0.0520178997461329	-0.0037075918392588	1.3746237246539151e-05	0.0027058618939987	-0.0307988713674234	-0.0165852924287862	0.000948570477507	0.0002750719249483	0.0006169996896658	0.0002909997880036	3.806886170476935e-07	8.468087661814015e-08	2.0215904659171e-06	-0.000243978322665	4.086828011886917e-12	5.952542193046732e-08	6.999930119863028e-05	7.003936446221354e-05	4.905512574270781e-09	4.899902168296562e-09	0.0	0.0	0.0	0.0	0.0
866.0758412105806	1.504186896866031	2.26257822070346	750087.3627286148	693.7174006667093	-2.390272407888233	5.7134021839118105	481243.8319877757	831.7629116265904	0.755269177635455	691829.5411575432	0.5704315306861365	821.5823548575901	592.7719836987948	1.219189	18.496944	0.0419844339125875	0.0222105682302961	-0.0705131496	-0.0627121225	-0.1173792809	-0.0802536745	-0.084531407	-1.66748e-05	0.0045224493	-0.0994710932	0.0400609283	0.1685950005	-0.0691340467	-0.0579956039	0.1779860445	-0.1680842027	0.0266670269	-0.1196480828	-0.0737745799	0.1789508239	0.0572045432	0.1606412722	0.0089518274	-0.0648968663	-0.0731222769	-0.1683612193	-0.0217917952	-0.0307485634	0.3069962773	-0.039875235	-0.0671468797	0.1259254892	-0.1072755923	0.0319472412	-0.175643784	0.1022882388	0.0380527122	-0.1114692068	-0.0609046393	-0.0347973923	-0.2848904348	0.0978531127	0.0958613425	-0.0123604446	0.034706005	-0.0564199165	-0.0800156059	-0.175440937	0.2444196506	0.1103983552	-0.0091166163	0.1154242239	0.0283008986	-0.0391093808	0.0351974517	0.1540008587	0.0293141485	0.0859630016	-0.0591605921	0.0895487313	-0.1056512919	0.0543334657	0.1025449293	0.1851653289	-0.0264892033	0.0350478356	-0.105782126	-0.1285782293	0.066603812	-0.0993643757	0.0011950887464706	-0.0091144900444675	8.307392877069717e-05	1.42823711194067e-06	-0.0481808221421857	0.0038370776039471	1.4723164538713178e-05	0.0023213916222969	-0.0462348113509278	-0.0154359399835044	0.0021376577806558	0.0002382682431743	0.0005979902582887	-1.900943137710001e-05	3.575923490081861e-07	3.613584812806744e-10	0.0002460235824883	0.0002440019920223	6.052760314037735e-08	5.9536972110891016e-08	7.892640341251709e-05	8.927102213886814e-06	7.969315393718284e-11	6.229377155635391e-09	0.0	0.0	0.0	0.0	0.0
861.8890256526131	-4.18681555796752	17.52942451643888	742852.6925404108	709.5154762981094	15.798075631400138	249.57919365543887	503412.21110653307	830.0581540220451	-1.704757604545307	688996.5390584851	2.9061984902550533	821.1311626914321	598.6471823280737	1.344813	20.402838	0.0811849309289666	0.0380111244185463	0.0329743143	0.1940523801	-0.1123609237	0.1135348581	0.093206304	0.0666349622	-0.2511944875	-0.0151718483	-0.0688859101	-0.1115124554	0.0861574183	-0.210897593	-0.0627291938	-0.0681518311	0.1035614248	0.0766132571	-0.0041754561	0.0060777299	0.1664360089	0.0886646984	0.0972619531	-0.0111889125	-0.1295583593	-0.0398267912	0.1700481376	-0.1326021871	0.0917255647	0.137300327	-0.1631333866	-0.0562160388	0.0148432913	-0.1025807978	-0.0433570261	0.1829723023	0.0874770338	0.2218783354	-0.0589434534	-0.1154298436	0.0529180737	0.0711663796	0.1091916406	-0.1097128419	0.0790528907	-0.1836941286	-0.1253316674	-0.0083367624	0.1288658433	0.0291138246	0.0087085418	-0.0312954525	-0.0155721278	0.1488302015	-0.0820988761	0.0724066556	-0.0236011108	0.2218178575	-0.1111718683	0.0200212095	-0.0685586013	0.1012552425	-0.2011346097	0.0852874677	0.1070053494	0.0985740342	0.0448361942	-0.0292354156	0.0611443214	-0.1082959623	0.000137152497686	-0.0010579362487846	1.1192291064924308e-06	1.8810807621508235e-08	-0.0272527189235631	0.0209281032186226	0.0004379855043293	0.0007427106887267	-0.0187362702893381	0.0274985410615897	0.0003510478243551	0.0007561697605159	0.0009000009767502	0.0003020107184615	8.100017581513141e-07	9.121047406563145e-08	4.797524724642344e-05	-0.0001980483352418	2.30162434835546e-09	3.922314309207872e-08	-5.5021550883501455e-05	-0.000133947954296	1.7942054460088273e-08	3.0273710616257398e-09	0.0	0.0	0.0	0.0	0.0
860.0446869682646	-1.844338684348486	3.401585182584304	739676.8635823403	691.1034678521557	-18.41200844595369	339.00205501386995	477624.00327727565	830.0073410520857	-0.0508129699593382	688912.1862003533	0.0025819579160886	819.6349805415072	570.2963716366417	1.218026	18.47929	0.0342224686025881	0.0155895634702882	0.1450006216	0.0038042511	-0.0507076274	-0.1477845054	0.0238370952	-0.121242091	-0.1048545123	0.1987174203	-0.0216036817	0.0502302298	0.0701243989	-0.0241903965	-0.0489451623	-0.1276686014	-0.0698778137	-0.0417221814	0.0242507371	-0.1516662121	0.141128361	-0.0069365539	-0.0296531836	0.0651142747	-0.0759018133	0.0136435764	-0.0953725902	-0.0410101609	-0.1073856282	0.083429689	-0.0212107782	-0.0994501672	-0.1019159028	0.1690825999	0.0090349803	-0.0135104893	-0.0611860832	0.0905731089	0.0323504088	-0.0452395207	-0.1351746578	0.1814412745	-0.1165928063	0.0451237336	0.0920304129	-0.0997618625	-0.1234409311	-0.1500978746	-0.034511129	0.0567743916	-0.1160101432	0.0126373526	-0.0741106023	-0.0155687679	-0.0381886127	0.052516841	0.1547142224	-0.093026538	-0.0653779142	0.0411177557	0.1192417317	0.0117940822	0.0620777967	0.1165838871	0.033804067	0.1523016353	0.0313785919	0.0487034571	0.055595093	-0.1165920251	0.0054986613403826	0.0053615088426966	2.874577707031384e-05	3.023527653621817e-05	-0.0381031051663995	-0.0108503862428363	0.0001177308816187	0.0014518466233217	-0.0154993516755155	0.0032369186138226	0.0002402299023613	1.0477642112511237e-05	0.000987001048153	8.700007140279996e-05	9.741710690551206e-07	7.569012424092291e-09	-2.84620292012594e-05	-7.643727644768285e-05	8.100871062533428e-10	5.842657230739491e-09	7.701419933066697e-05	0.0001320357502141	1.7433439334618277e-08	5.931186898543704e-09	0.0	0.0	0.0	0.0	0.0
860.6965866060332	0.6518996377685653	0.4249731377227866	740798.6141952768	684.5976694766606	-6.5057983754951465	42.325412502595285	468673.969052875	827.6336922994474	-2.37364875263836	684977.5286292164	5.634208400901642	818.5871206523567	577.5045175813374	1.043409	15.830089	0.0481992694778965	0.0227116149385168	0.1201409667	-0.0796315917	-0.1510269386	0.0839078854	-0.0178334175	-0.1116395993	-0.0331686167	-0.0719404108	0.1815761066	-0.1288963476	0.1869622095	0.1768487839	0.1380033264	-0.0306868596	-0.0021683123	0.0372793188	0.1041452403	0.0180874369	0.0954121341	0.0606020976	-0.0226642009	0.0645859447	0.106732559	-0.0085984006	0.0557513196	0.0078531797	0.0476238673	0.1322232286	0.2211322685	0.127888487	-0.0493231538	0.0114660958	-0.0405006604	-0.0947388399	0.042078642	0.1145625008	-0.0010203175	0.022057229	-0.0120349524	0.0722695962	-0.0456472639	0.0537387519	0.1048483631	0.0331269791	-0.0808402844	-0.1292262339	0.1325169339	-0.0449266905	-0.1541068963	-0.1212688493	-0.0418753428	-0.054262302	-0.0879445478	0.0391446201	0.1278011046	0.0611101712	-0.1012716089	-0.0116525593	-0.1354436301	-0.1169855393	-0.0546685991	0.0259395173	0.0432502103	0.0518439687	0.0864065287	0.0713541236	0.0499642712	-0.1242038795	0.0017283077666974	-0.0037703535736851	1.4215566070600755e-05	2.9870477364265542e-06	-0.0333643170185951	0.0047387881478043	2.2456113109771403e-05	0.0011131776501173	-0.0266107808476903	-0.0111114291721748	0.0007081336573238	0.0001234638582482	0.001124007624556	0.000137006576403	1.263393140060022e-06	1.8770801977671093e-08	0.0002459532363701	0.0002744152655713	6.049299448092629e-08	7.530373797859971e-08	-8.313793037961629e-05	-0.0001601521297102	2.5648704650739396e-08	6.911915467805924e-09	0.0	0.0	0.0	0.0	0.0
859.2414386237867	-1.4551479822464444	2.1174556502358985	738295.8498482747	680.2930122090278	-4.30465726763282	18.530074191784053	462798.5824604324	827.542074980029	-0.0916173194183329	684825.885862252	0.0083937332174008	816.5712618998344	561.0674572512978	1.018756	15.456064	0.0404820731746582	0.0186321788047397	0.1493238904	0.0034111098	0.1187843895	0.0805551954	0.1169936046	-0.175326349	-0.0282831395	0.1451327091	0.1070405775	-0.099975146	0.1990512377	0.0909353167	-0.0978879615	0.0038285087	-0.0457157997	0.0474303643	-0.0303896013	-0.0906289648	0.0677445353	0.1650013573	-0.0548857947	-0.1073924787	0.1690780845	-0.0090121899	-0.0972260469	-0.1669495373	0.0216826822	0.1466595587	0.1558303322	-0.141420256	0.1159528485	0.0284005879	0.0606046764	0.0182793107	0.0734816506	0.0386986809	-0.0735664066	0.1932717931	-0.0466678808	0.0519591993	0.0742934647	0.0317618954	0.1154816795	0.0159355123	-0.1041978779	0.0542855161	0.0158590027	0.0044948541	-0.0892505354	-0.1989675516	-0.0983534324	0.0987313641	-0.1698073935	-0.0312597545	0.087316612	-0.1345353923	0.0289421238	0.0196235642	-0.1089809264	-0.0486770272	-0.0139881933	-0.0740839583	-0.0990741701	-0.062858666	-0.0857865435	0.1525351553	0.0442601199	-0.1310868562	-0.0105595134607767	-0.0122878212274741	0.0001509905505183	0.0001115033245283	-0.027058001524395	0.0063063154942001	3.976961511238826e-05	0.0007321354464941	-0.0152729272417815	0.0113378536059088	0.0002332623065327	0.000128546924389	0.0010930026132739	-3.10050112821e-05	1.1946547126235749e-06	9.613107246031484e-10	0.0003429996752419	9.70464388718e-05	1.1764877721604889e-07	9.418011297698017e-09	-1.8772359201152129e-07	8.295020678760476e-05	6.880736806106391e-09	3.5240146997708096e-14	0.0	0.0	0.0	0.0	0.0
865.0062303651409	5.764791741354202	33.23282382118561	748235.7785705113	686.030436863409	5.737424654381243	32.918041664701725	470637.7603029998	831.38376512939	3.841690149360943	691198.9649207207	14.758583203696904	821.5963794026154	569.5391274301629	1.205195	18.284634	0.0430560346512952	0.0221194115881531	0.0412660364	-0.0712954955	0.1127087351	-0.0436832082	-0.1355957387	-0.0852477945	0.1338817292	0.0158258547	-0.2158565604	-0.188389013	-0.047323072	0.0114466612	-0.1384676378	0.1474533466	-0.1803961998	-0.0258959577	-0.0839649699	0.0288300666	0.1802842091	0.0538806613	-0.1662558702	-0.0901248884	0.1284796329	0.2126375691	0.0560759	0.0159180296	-0.1502627685	-0.0691751134	0.0128489675	-0.1400050222	0.2632679295	0.0055405801	-0.1195585739	0.0176116133	0.0614259305	0.0443770597	0.1742088089	0.0275793278	0.101111591	0.1432254762	0.0357961064	0.2237389589	0.0826528848	0.105376569	-0.1113875097	0.0168653935	-0.0488406699	0.1308014159	-0.0556541011	-0.1007657977	0.067246806	0.0012265182	0.1919711127	0.0762291872	0.0696449407	-0.1025230501	-0.0486040622	0.1174457352	-0.0643991139	-0.1518890357	-0.0312683525	0.0968189286	0.0632194571	-0.0179945675	0.168423538	0.0855171975	0.0384910108	-0.1372005631	-0.0041583981940789	0.0064011152666977	4.097427665755164e-05	1.7292275540518658e-05	-0.0334020286447867	-0.0063440271203916	4.024668010426535e-05	0.0011156955175871	-0.0354313665487637	-0.0201584393069822	0.0012553817355128	0.0004063626752932	0.0009269998313576	-0.0001660027819163	8.593286873370189e-07	2.7556923603950656e-08	0.0003059996701173	-3.70000051246e-05	9.363579811189645e-08	1.3690003792204259e-09	-1.414514884400019e-07	4.62721035715194e-08	2.141107568933418e-15	2.0008523581891987e-14	0.0	0.0	0.0	0.0	0.0
865.671357577056	0.6651272119150917	0.4423942080299433	749386.8993293032	702.3256848415482	16.295247978139173	265.5351066690488	493261.3675881497	832.1316049658111	0.7478398364211216	692443.0079829767	0.5592644209383699	823.015944969733	594.4845920201352	1.280709	19.430286	0.015718936095635	0.0104628240942023	-0.063142812	0.177988315	-0.1093508971	-0.1198075335	0.0743163968	0.0601203124	-0.1958844541	0.0330316139	-0.0198092947	0.068441874	-0.0292543143	-0.1911819759	0.0016391682	-0.0574075366	0.0285906998	0.2087071285	0.0033769032	-0.015684384	-0.1179613937	0.0750083139	-0.2136047051	-0.0949624183	-0.0306457584	0.0986535836	0.0814797602	-0.1093739995	0.0107125772	0.032133751	-0.1926825441	-0.0019508004	-0.0883910903	-0.0241361482	0.1085122889	0.0017406857	0.1968590226	-0.0723620498	0.1356037371	0.1139819714	0.1262107431	0.1667281808	0.1212117781	0.0622977581	0.0528571552	0.0178715638	-0.1098057424	0.111242373	0.0762464965	0.1672738347	-0.2111338909	0.1215127876	0.0047981569	0.0485283136	-0.1781956632	0.103384847	-0.1706126781	-0.0244314846	-0.0264911014	0.0446728799	0.0219527705	-0.0910391018	0.2080144297	0.043667493	0.0931688231	0.1056483177	0.0046345624	0.0267456721	0.0326654109	-0.1425091225	-0.0086153113537363	-0.0044569131596573	1.9864074912727305e-05	7.422358972181759e-05	-0.0339684395334956	-0.0005664108887089	3.208212948480076e-07	0.0011538548843407	-0.0336398596650582	0.0017915068837055	0.0011316401582848	3.209496914364202e-06	0.0009269997608094	-7.054819998585786e-11	8.593285565406849e-07	4.977048521244597e-21	0.0001279997721199	-0.0001779998979974	1.6383941662746332e-08	3.168396368708481e-08	-5.931676277552225e-08	8.213472566447966e-08	6.746113159979332e-15	3.518478346167581e-15	0.0	0.0	0.0	0.0	0.0
863.5146344530431	-2.156723124012956	4.651454633652204	745657.5239145725	686.6641032851745	-15.661581556373676	245.28513684694408	471507.5907404329	830.8406667512533	-1.2909382145578547	690296.2135276671	1.6665214738058218	820.3072388907932	591.0881062236585	1.332088	20.209789	0.041287132433976	0.0220275682975647	-0.0138796441	-0.0546148847	-0.0390601612	0.0979830421	-0.0162512886	-0.1203373524	0.05703375	-0.1381231292	-0.0603353708	0.0653700298	0.048848465	-0.1093662081	0.0726085859	0.3108566976	-0.1175241297	-0.0394585259	-0.0184831236	-0.007109694	-0.0976737724	-0.1028121536	-0.0228265056	-0.0855487382	-0.2502054377	-0.1516299204	-0.0337240067	0.0982462716	-0.0283181577	0.0869655146	-0.0710905784	0.1258785406	0.1540951321	0.0306315537	0.1915776979	-0.1202692111	-0.2209837227	-0.2162466306	0.0338276735	-0.0844152087	-0.1793358964	0.0326907745	0.1823619772	-0.1487660333	0.1003408414	0.1852981831	-0.1142374495	0.0758192938	0.0603983052	0.037878711	-0.0796137263	-0.1426111078	-0.0004658793	0.0949439582	0.1301702151	-0.0300614178	-0.1694362971	0.0408390426	-0.1372044501	0.0070066627	0.0248999389	0.1477399988	0.1808383883	0.0566538993	-0.0851910333	0.0021548674	0.016904474	-0.1867760469	0.0267918699	-0.1469813818	-0.0027853918908391	0.0058299194628971	3.398796094386757e-05	7.758407985552215e-06	-0.0435249793639798	-0.0095565398304842	9.132745353163108e-05	0.0018944238286348	-0.0166432916880268	0.0169965679770313	0.0002769991582127	0.0002888833229978	0.0009269998313576	7.054819998585786e-11	8.593286873370189e-07	4.977048521244597e-21	0.0003059996701173	0.0001779998979974	9.363579811189645e-08	3.168396368708481e-08	-1.414514884400019e-07	-8.213472566447966e-08	6.746113159979332e-15	2.0008523581891987e-14	0.0	0.0	0.0	0.0	0.0
861.9915474314691	-1.5230870215739287	2.319794075286941	743029.4278432988	692.1260211623718	5.461917877197266	29.832546897247084	479038.4291700559	830.1099980624487	-0.7306686888045988	689082.6088832385	0.5338767327994316	822.0285539437604	586.6714658556486	1.132893	17.187696	0.0520138872542115	0.0321013798098213	0.0582063185	-0.0033064185	-0.1630894106	-0.0146590346	-0.1724233335	-0.0599587865	-0.0502777824	-0.2131489655	-0.0762577928	0.0599556063	0.1029241223	-0.0653705646	0.1325805139	-0.0057065476	-0.0352046473	0.0049841011	0.2178577166	0.0477516958	-0.0238059691	0.0741472827	-0.2089232251	0.0194768638	0.1375959131	0.0689062451	0.1991707037	0.152944138	-0.1415360362	0.1097563988	-0.0558013059	0.1658823099	-0.010476697	0.0107765312	-0.135728343	-0.1529162924	0.1007427145	0.0503171911	-0.0057523406	0.1934570319	0.1310999891	0.008301754	-0.0112686263	-0.0415808613	0.1165032534	0.1163497927	-0.1019261471	0.0344055451	0.0730258203	0.0159508796	-0.1553449302	0.0823726776	-0.0273379541	-0.1472574641	0.0773349007	-0.0861457892	-0.2023391094	-0.074144541	0.0261145186	-0.2362203249	-0.2067759114	0.0845971283	0.0555675723	-0.0984313437	-0.0286891779	-0.0017363273	-0.1236560785	0.0778305937	0.0208790082	-0.1505910958	-0.0201594338961967	-0.0173740420053576	0.0003018573356039	0.0004064027750151	-0.0641318490158653	-0.0206068696518854	0.0004246430768497	0.0041128940581937	-0.0165939246110013	4.936707702549864e-05	0.0002753583339955	2.4371082940415157e-09	0.0009270428643076	4.303294999995992e-08	8.594084722636392e-07	1.85183478569905e-15	0.0003058705923921	-1.2907772519999948e-07	9.35568192902942e-08	1.6661059142806575e-14	-0.0002796415112121	-0.0002795000597236	7.812028338552953e-08	7.819937479298706e-08	0.0	0.0	0.0	0.0	0.0
860.1024689203649	-1.8890785111042303	3.5686176211157763	739776.2570429073	698.7715176020828	6.645496439710996	44.162622930211526	488281.6338119179	827.5291136550188	-2.580884407429835	684804.4339466611	6.66096432451445	817.8160997403379	581.1201075343082	1.10321	16.737366	0.0657115838026684	0.0311591265456365	0.1321892839	0.1563191287	-0.116343285	0.0923893679	0.0466710898	-0.0478415122	-0.1918878936	-0.0488211297	-0.0486208533	-0.0221745986	0.2500100884	-0.0441248666	0.0202618471	0.0847911841	0.0577753281	0.079078135	-0.0031026994	0.0253390323	0.0329878435	-0.0029243159	-0.1993408179	-0.0280926326	-0.1058262586	-0.2008493242	-0.0457900815	-0.0056359493	0.0313185699	0.2525530873	0.0267745057	0.0189651652	0.0526904487	-0.0958233367	0.0884008939	-0.09893542	0.0798861602	0.0096581765	0.0724923752	0.0794821799	-0.2195666403	-0.0512662286	0.0521735488	-0.0273198139	0.1563011438	0.0494671439	-0.1450199447	0.1986219112	0.0655283045	-0.0603257192	-0.1259898012	-0.0085153003	-0.0366612472	0.0460473088	-0.0216623189	-0.1226164905	-0.0386932206	-0.0450924887	-0.0097967325	-0.0952235848	0.0934018816	0.063845261	0.0259369722	0.0186065722	-0.0420798352	-0.0632696299	-0.012123559	-0.1377189871	0.0149355036	-0.1533170814	-0.004613615263608	0.0155458186325887	0.0002416724769573	2.128544580059671e-05	-0.0638933038848534	0.0002385451310119	5.69037795294857e-08	0.0040823542813222	0.0004774344392615	0.0170713590502628	2.2794364379294293e-07	0.0002914312998229	0.001370082173164	0.0004430393088564	1.877125161221789e-06	1.9628382919195657e-07	0.0004652708815349	0.0001594002891427	2.1647699320426294e-07	2.5408452178808232e-08	-0.000334319132989	-5.467762177689998e-05	2.9896423231777273e-09	1.1176928268251669e-07	0.0	0.0	0.0	0.0	0.0
855.7286596126204	-4.373809307744523	19.130207860512623	732271.5388824119	686.4707346408167	-12.300782961266124	151.30926146017495	471242.0695183025	827.1032014027322	-0.4259122522865937	684099.7057706487	0.181401246647839	817.4817994780888	568.7643287739	1.1637	17.655079	0.0374112477188001	0.0175022483834123	0.2230199985	0.114878959	-0.0133829286	-0.0821002604	0.0951165777	-0.1627635471	-0.1791966431	0.15242999	-0.075298727	0.0306172639	0.264295291	-0.0676318933	-0.1315218314	-0.1295056724	-0.1785112469	0.1228200987	0.0110188129	0.0599583877	-0.0014247621	0.049742584	0.0983886876	0.0524318817	-0.0365809406	-0.0968074529	-0.0043336882	-0.0242431109	-0.0640579039	0.2492532064	-0.0016115541	-0.1735163241	-0.0015385198	0.1377640516	-0.0321416379	-0.1133644268	0.173436871	-0.0399796707	-0.1134892028	-0.0504986464	-0.0279331521	-0.1176714891	0.0493406271	-0.0398618233	0.1483456135	-0.0938369516	-0.0492059924	0.0615638242	-0.1027303331	-0.0802902146	-0.0086544662	0.1013451838	-0.242263598	0.1200523767	0.140078534	-0.1473430875	0.0028682504	-0.1000382875	0.0683625411	-0.0326033792	0.0422352377	0.0299279343	-0.0696192328	0.0355366999	-0.0636071782	0.0339147813	0.0788217571	-0.0162124068	0.0089700792	-0.1551433414	-0.0006908616869765	0.0039227535766315	1.538799562297522e-05	4.772898705320154e-07	-0.0589579824456762	0.0049353214391771	2.435739770800205e-05	0.0034760436940646	0.010951724357028	0.0104742899177665	0.0001199402663923	0.0001097107492814	0.0012620328876183	-0.0001080492855456	1.5927270094301846e-06	1.1674648106936208e-08	0.0003218588597684	-0.0001434120217665	1.0359312561141457e-07	2.0567007987155067e-08	-0.0002242027845967	0.0001101163483922	1.2125610183254389e-08	5.0266888620914266e-08	0.0	0.0	0.0	0.0	0.0
859.0161907775669	3.287531164946472	10.807861160494308	737908.8160180012	675.1995445322767	-11.27119010853994	127.0397264628486	455894.4249365939	829.228354734954	2.125153332221771	687619.6642964387	4.516276685453297	819.5954744654775	542.9181732258044	1.187628	18.018105	0.0405105085085957	0.026117746155207	0.2154118018	-0.0544721825	0.2230289071	0.0303266089	-0.0470197548	-0.1913432716	0.0820053642	0.1225088938	0.0178453406	-0.0763928374	0.0976603667	0.0639050787	-0.1331689612	0.0083526808	-0.085403303	-0.1652678461	-0.0513696599	0.0401725477	0.1370098868	-0.0829578792	0.0526346411	-0.1406306436	-0.1291968649	0.0717158396	-0.0851333268	0.1113172924	-0.0907164274	0.0640446364	0.0797960902	-0.1554858645	0.1136919203	0.096062666	-0.1326785703	0.0400561515	-0.1138628134	0.0656691678	0.066075702	-0.1537315703	-0.0334547826	-0.0154533714	0.0458287158	0.1283089938	0.1357887487	-0.1067367164	0.0946584702	0.0331337958	-0.0814272705	-0.1413092227	-0.0028645715	-0.1509971015	-0.1313585765	0.0525776471	0.2257747641	-0.0038152273	-0.0321210346	-0.2096368921	0.049055287	-0.2238142416	-0.0012431058	-0.1029472627	0.0474888684	0.1868726613	-0.1333467154	-0.0165623126	0.0027271776	-0.0341159245	0.0029914899	-0.1560591586	0.0030646624966692	0.0037555241836457	1.41039618939477e-05	9.392156218490693e-06	-0.0334991521032463	0.0254588303424299	0.0006481520424046	0.0011221931916364	0.0079048284539879	-0.0030468959030401	6.248631288697674e-05	9.283574643962549e-06	0.0013390531387253	7.70202511069999e-05	1.7930633083300772e-06	5.9321190805853205e-09	0.0003368010810593	1.494222129090004e-05	1.134349682027132e-07	2.2326997710622646e-10	-0.0002972254737884	-7.302268919169997e-05	5.332313136787616e-09	8.834298226873884e-08	0.0	0.0	0.0	0.0	0.0
861.871327037571	2.8551362600040875	8.151803063190128	742822.1843695035	693.3314191871715	18.131874654894773	328.7648785008154	480708.4568320973	830.7959205384102	1.5675658034562048	690221.8615832644	2.4572625481652968	821.7833703451598	581.2790774455823	1.387446	21.049646	0.0780929927868846	0.034564437836108	0.0881294253	0.0694631078	-0.1223812576	-0.1931109289	0.0119241416	-0.0181392814	-0.1123009322	0.0205112592	-0.0504973425	0.1079165094	0.0201929896	-0.0230959419	0.019590219	-0.1644373387	-0.0327135196	0.0302823847	-0.0077227462	0.0687505394	-0.277102788	-0.1371553242	-0.0042870725	-0.2606884145	-0.0896821128	-0.0072938702	-0.0590953817	0.0382296316	0.0546026521	0.0431551036	-0.028563326	-0.0286009953	-0.2101265721	0.0729144215	-0.0517444455	-0.0048601896	0.0359354579	-0.216653799	0.1324753479	-0.0714219271	0.1878495109	-0.0399018627	0.17508925	0.1455610058	0.0622213528	-0.0509887606	0.0743089522	0.0096161336	-0.1375049311	-0.0365350833	-0.1687043457	0.2056573457	-0.0626904313	-0.1309738972	-0.0771683042	0.0636512856	0.0121502058	-0.0577917513	-0.0798834668	0.1723562103	0.1875704528	0.0543715548	-0.0267789757	0.015520426	-0.0753241507	0.0064596023	0.3019401862	0.1813754257	-0.0029914899	-0.1560591586	0.00134079777429	-0.0017238647223791	2.9717095810635154e-06	1.797738671541018e-06	-0.0171527238927637	0.0163464282104825	0.0002672057152404	0.0002942159369413	-0.0044113511577847	-0.0123161796117726	1.9460019037288412e-05	0.0001516882802294	0.0010030011957472	-0.000336051942978	1.0060113986703131e-06	1.1293090837935608e-07	-4.403009454612139e-05	-0.0003808311756054	1.9386492257403886e-09	1.4503238431300733e-07	-5.997818752691709e-05	0.0002372472862614	5.628627483843801e-08	3.5973829790140333e-09	0.0	0.0	0.0	0.0	0.0
859.4743612751084	-2.3969657624625142	5.745444866417502	738696.1776892556	675.0214557112935	-18.30996347587802	335.25476248798714	455653.9656705937	829.6037549561005	-1.1921655823097126	688242.3902372617	1.4212587756438562	819.0884626578021	569.941950506913	1.403006	21.285725	0.0613476472157735	0.0297074134868458	0.1097971107	-0.1676152305	0.0043994993	0.1951202648	-0.0127106686	-0.1991624123	0.0884110866	-0.1271920763	-0.0249186777	-0.0719719243	0.1186540818	-0.0089432035	0.0805003433	0.2857585568	-0.1512556034	-0.0044619817	-0.1191727245	0.0452799764	-0.0303652385	-0.0812345317	-0.0149336503	0.0637841811	-0.0927526885	0.1305870019	0.1257792356	0.0838284676	0.0420470188	0.1041003963	0.0602173277	0.1161938686	0.2391130803	0.0508992178	0.1068733024	-0.0047000186	-0.0814572985	-0.1983247787	0.0706119776	-0.149159815	0.0698404622	0.1352329896	-0.0923655677	-0.0564725007	0.1413481422	0.2052481504	0.0834989676	0.0477495636	-0.0393546446	-0.128092661	-0.0022110033	-0.0519163413	0.0307703638	0.021319966	0.1206939856	-0.0202533133	0.0094243795	0.0645090074	-0.024745376	0.1081243991	0.1903264931	0.0003492533	-0.0225407501	-0.254217965	-0.0455881785	0.0146090856	0.0237292424	0.0409711025	-0.0089700792	-0.1551433414	-0.0008716105263459	-0.0022124083006359	4.894750488722632e-06	7.597049096369768e-07	-0.0088313335945855	0.0083213902981782	6.924553649461428e-05	7.799245305885447e-05	0.0063229634471895	0.0107343146049742	3.997986675449452e-05	0.0001152255100385	0.0010540737605985	5.1072564851299945e-05	1.111071492782264e-06	2.6084068804902384e-09	0.0003512810613628	0.0003953111559089	1.2339838407217525e-07	1.5627090998604754e-07	-0.0004151851470064	-0.0003552069594794	1.2617198406265902e-07	1.7237870629472596e-07	0.0	0.0	0.0	0.0	0.0
863.0819457306553	3.607584455546885	13.014665603903511	744910.4450462138	691.3457449797158	16.324289268422376	266.48242011913	477958.9391015583	829.5289749803954	-0.0747799757050415	688118.3203320255	0.0055920447664466	820.7205215959359	578.3606188964844	1.376838	20.888718	0.1013897244797849	0.0618960546382822	0.0339948656	-0.0147375798	-0.0692490419	-0.0413150108	-0.2625944997	-0.0180573425	0.0291151182	-0.1220136994	-0.0492345548	-0.0875225986	0.0871770672	0.0408041125	0.0769552684	-0.1426720275	0.0348905267	-0.1819466151	0.0520239497	0.1553087333	-0.040973689	0.0375703275	-0.1147737568	0.3020296338	-0.0475965604	0.1032514692	0.0271317824	-0.0086046993	-0.1323795041	0.0546963084	0.0498073948	0.0629748235	-0.055148934	-0.053262161	-0.3348985307	0.0446972022	0.1155892042	-0.0552359349	0.0565323299	0.2035618978	0.0656886272	0.0008326394	0.0122489908	-0.3096504778	0.1039151343	-0.0352915025	0.0521001527	0.0149371698	0.0779684505	0.0366710287	-0.0989999843	0.1569878433	0.1071677117	-0.2039872375	0.1855673502	-0.0403310526	0.0634327107	0.0422980948	0.1724132553	-0.0128633779	-0.1343877816	0.1253400992	-0.0919695937	-0.278291179	0.0329196994	0.0273670727	0.0492040655	-0.1330522909	-0.0149355036	-0.1533170814	0.0056367547222748	0.0065083652486207	4.235881820945358e-05	3.1773003799087254e-05	-0.0609382578649189	-0.0521069242703334	0.0027151315569142	0.0037134712716113	-0.0139527331773763	-0.0202756966245657	0.000194678763119	0.0004111038736114	0.0014620661781496	0.0004079924175511	2.137637509288978e-06	1.664578127791912e-07	0.0003512269945418	-5.4066820999996476e-08	1.233604016948656e-07	2.923221133045659e-15	-0.0003732568646532	4.192828235320001e-05	1.757980861089663e-09	1.3932068701073726e-07	0.0	0.0	0.0	0.0	0.0
861.22048506706	-1.8614606635952669	3.465035802112532	741700.7238991422	685.058724483597	-6.287020496118885	39.52662671861895	469305.4559910928	828.8167564291891	-0.7122185512063197	686937.2157378019	0.5072552646824291	818.3197387695312	579.4552097802413	1.397004	21.194666	0.0875968515576368	0.0636057091915064	0.0040722182	-0.0448301933	0.0273203611	0.120114262	0.2002466774	-0.0481740751	-0.0268479585	0.1088342918	0.1838033613	0.0315828551	0.1168103427	0.11649721	-0.1056580811	0.0387663299	0.1262893591	0.0042069005	-0.1834562978	-0.1682624681	-0.0749902153	0.024011736	0.0096210217	-0.0854459678	0.1615939188	0.13405085	-0.0345732419	0.0872971017	-0.0284625467	0.0805473863	0.1590855558	-0.0810820764	-0.0104464436	-0.0599851331	0.1758755332	0.1300747898	-0.0463787733	-0.0154867153	-0.0285249637	0.0933353475	0.0218231287	0.0386638572	-0.0552814754	0.0595117174	0.035895743	0.0103657469	0.2240732171	0.0461624963	-0.0630496655	-0.0615037144	-0.0447036315	-0.1640351816	0.0407272315	0.1299249101	-0.2173122052	-0.0344816223	-0.0235994336	0.0462766625	0.0029240398	-0.0099115699	-0.0940527934	-0.000956781	-0.0773569228	0.0593309545	-0.2382646472	-0.0262830965	0.0245218395	0.1514533326	-0.0208790082	-0.1505910958	0.006764972804973	0.0011282180826982	1.2728760421272028e-06	4.576485705202426e-05	6.834802050548205e-06	0.0609450926669694	0.0037143043201854	4.6714519070177936e-11	-0.0140739839768855	-0.0001212507995092	0.0001980770249816	1.4701756381620214e-08	0.001756030920016	0.0002939647418664	3.0836445920522395e-06	8.641526946057917e-08	0.0003518602866441	6.332921023000223e-07	1.238056613172682e-07	4.0105888683558194e-13	-0.0001598090984527	0.0002134477662004	4.55599488959833e-08	2.553894794826476e-08	0.0	0.0	0.0	0.0	0.0
865.2230705657868	4.002585498726717	16.0206906746174	748610.9618392885	685.9588625898986	0.900138106301597	0.8102486104162251	470539.5611656273	832.1349669379543	3.318210508765219	692448.6032008304	11.010520980479932	822.4627487889978	563.6407993918971	1.191767	18.080908	0.0955666282137599	0.0471110023212757	-0.0248165401	-0.0811429298	0.2681473952	-0.0065261221	0.0410509261	-0.0189666575	0.1893642579	0.1281877832	-0.0202766944	-0.0683688817	-0.1092015689	0.1168180513	-0.1141651855	-0.1113803234	-0.0696033341	-0.1380198268	-0.1174733372	-0.0942550618	0.0753882682	-0.0465750721	0.0418081849	0.0506813881	-0.0774885534	0.0377333647	0.0602032375	0.1751485451	0.0270442732	-0.1418241019	0.0752803254	-0.1247520037	0.057317978	0.1056904819	-0.0678272557	0.1909706782	-0.049229779	0.1719513915	0.0365340341	0.0008373833	0.0116747536	0.0005219084	-0.1352624427	-0.1011372209	-0.0151429968	-0.0378334248	0.1938205495	0.0435520946	-0.1375481722	0.0901902048	0.0711258927	-0.0751228056	0.0521461246	-0.0149076224	0.0514182434	0.1658974752	-0.043373145	-0.1003327261	-0.0232826613	-0.1281257936	-0.1154570632	-0.0333544123	-0.0943511272	-0.1590240458	0.0117069737	-0.2289539038	0.0107186213	-0.00291171	-0.0267918699	-0.1469813818	0.0181281474061592	0.0113631746011862	0.000129121737017	0.0003286297283794	-0.030558282305293	-0.0305651171073435	0.0009342263837856	0.0009338086174499	-0.0120515805758003	0.0020224034010851	0.000145240594375	4.090115516720979e-06	0.0011430165825123	-0.0006130143375037	1.3064869078980978e-06	3.757865779851002e-07	0.0001078087133796	-0.0002440515732645	1.1622718680564744e-08	5.9561170412877615e-08	-0.0003350618497674	-0.0001752527513147	3.0713526843372085e-08	1.1226644316955172e-07	0.0	0.0	0.0	0.0	0.0
869.583574220302	4.360503654515242	19.013992121040776	756175.5925537555	703.7755059928537	17.81664340295515	317.4327821480653	495299.9628354973	834.1396478649376	2.0046809269832693	695788.9521402421	4.0187456190105	825.0718619441354	604.8818771281996	1.232971	18.706038	0.0501842237937943	0.0348259438994431	-0.2217846462	-0.0568665149	-0.0273030537	0.0073112868	0.2426662893	0.2128788455	0.0288576841	-0.0008009523	0.188747943	0.1482629308	-0.1648551639	0.0024351543	0.1112006379	-0.1811010151	0.1928867151	0.0852154969	-0.1947208553	-0.0757684967	0.0375174131	-0.0935424874	-0.0979767504	-0.1724909563	0.2296292505	0.0124576338	0.0594049835	0.0425527173	0.1228416988	-0.1486678374	-0.035378304	0.0601377653	-0.1736285428	-0.0065318256	0.0948407649	0.3017558349	0.0828410213	0.0809607905	0.1563626042	-0.0235359733	0.097202692	-0.0642975864	0.0931350365	0.0243705567	-0.0192256868	-0.0380352947	0.2898080332	-0.0234234701	0.1070611329	0.1857712678	-0.0230775076	0.1074649418	0.136298061	0.1698378179	-0.0660969683	-0.0025033748	-0.2567966091	-0.077463982	-0.0602392861	-0.2357731212	-0.0381796865	-0.1366790012	-0.1232762912	0.1126464116	0.2018309846	-0.0446190302	-0.1361534937	-0.0071780692	-0.0326654109	-0.1425091225	0.0175741744431547	-0.0005539729630045	3.068860437399877e-07	0.0003088516073584	-0.0286587782143072	0.0018995040909857	3.608115791671785e-06	0.0008213255687368	-0.0425069377079694	-0.030455357132169	0.0018068397533091	0.0009275287780479	0.0013750153343403	0.000231998751828	1.8906671696709672e-06	5.382342084974994e-08	0.0001208390502789	1.303033689929999e-05	1.4602076072306521e-08	1.6978967970925887e-10	-0.000234583146342	0.0001004787034254	1.0095969842049488e-08	5.5029252547712193e-08	0.0	0.0	0.0	0.0	0.0
863.9461010829091	-5.637473137392931	31.78110337482689	746402.8655763601	700.5825314744611	-3.192974518392589	10.195086275104384	490815.8834071643	831.6721080329137	-2.467539832023931	691678.4952799104	6.08875282262469	822.8479640127018	613.5210904573139	1.340643	20.339581	0.0663305377498065	0.0354156770508592	-0.1219595077	-0.1036299388	-0.2828041661	0.0338728518	0.0145828555	0.0829997194	-0.0144789207	-0.1124141909	-0.0190481384	0.1960183836	-0.0068039982	-0.0792299605	0.20254986	0.0397843988	0.0621990117	-0.0722165541	-0.0557868484	0.0261582841	-0.1173368791	-0.079162365	0.2024336416	-0.2333202376	0.1010064262	0.0262947584	0.1207960749	-0.0646028355	-0.0068205414	0.0094737254	-0.0674914901	0.1680843157	-0.0073362048	0.0399343993	0.0244582737	0.1412802733	-0.1127056111	-0.0728483189	-0.138453381	-0.172394132	0.1763942355	-0.0672094589	0.1514455912	0.0900660956	0.0056131315	0.1539090254	0.2325785092	-0.0170452146	0.065981203	-0.0406732677	0.0320718987	0.2201953028	0.0281244838	-0.0113967593	0.0957905349	-0.1678096555	-0.0505880285	0.2566611084	-0.0228126267	-0.1230618732	0.0720481936	0.0791657255	-0.0488676393	0.1215386794	0.0808895539	-0.0407216829	-0.0303563327	0.0702413103	-0.0384910108	-0.1372005631	0.0200012602488044	0.0024270858056497	5.890745507986264e-06	0.0004000504115404	-0.0455886093754571	-0.0169298311611499	0.000286619183145	0.002078321304788	-0.0129171096662474	0.029589828041722	0.0001668517221298	0.0008755579235386	0.0014690441756933	9.402884135299998e-05	2.1580907901384077e-06	8.841423006187639e-09	0.0003513109932633	0.0002304719429843	1.234194139876464e-07	5.3117316503004514e-08	-0.0002577582168303	-2.3175070488299992e-05	5.370838921376733e-10	6.643929834353594e-08	0.0	0.0	0.0	0.0	0.0
860.1147695315352	-3.831331551373864	14.679101456552862	739797.4167662859	696.0136735506147	-4.568857923846394	20.874462728293985	484435.0337694217	828.0166166781485	-3.6554913547652177	685611.5174951279	13.362617044763248	818.9906909664735	575.2123839448627	1.271904	19.296698	0.0597915512777438	0.0410147770327325	0.0898384616	0.0593600027	-0.0799257728	0.187631657	-0.0086482187	0.0249130189	-0.116791061	-0.0911789576	0.1384467715	-0.0881627273	0.1805044927	0.0523043214	0.0572932117	0.1029397802	0.1411642147	-0.0689851699	-0.0635113206	0.0213703482	-0.22131331	-0.0166308017	0.0981371354	0.2011458353	0.0649906103	-0.0218811341	0.0846106032	-0.0490970824	-0.0536917681	0.1593295921	0.1107779695	0.1093972435	-0.0290317296	-0.1366599719	0.007102865	0.034140334	-0.0592565971	-0.1013661795	-0.0660792588	0.0810243322	0.1847269166	-0.1055578554	-0.1891025785	-0.0578462299	0.0782658621	-0.013616915	0.2142887581	0.162472578	0.0365180547	-0.2087969427	0.0244176786	0.1196283862	0.1107579458	-0.0438081379	-0.0584110646	-0.1656253892	0.1653946422	0.0414113192	0.0905905363	0.0278418608	0.117119772	0.0021590502	0.0919033953	-0.024517692	0.1632566243	-0.0654069631	-0.1874216064	-0.1431963035	-0.0442601199	-0.1310868562	0.0186093615597116	-0.0013918986890927	1.937381960698253e-06	0.00034630833766	-0.0524406171710154	-0.0068520077955583	4.695001083039172e-05	0.0027500183292769	0.0249973113760404	0.0379144210422878	0.0006248655760307	0.0014375033229718	0.0014160176404463	-5.3026535247000005e-05	2.005105958055107e-06	2.811813440301334e-09	0.0001458280433637	-0.0002054829498995	2.1265818231285167e-08	4.222324269944151e-08	-0.0002436032269608	1.415498986949998e-05	2.0036373820564707e-10	5.934253218571505e-08	0.0	0.0	0.0	0.0	0.0
861.6132135238613	1.498443992326088	2.2453343981381453	742377.329718915	687.0217102621203	-8.99196328849439	80.85540378163084	471998.8303714888	829.2280529945474	1.211436316398931	687619.1638731279	1.467577948690211	818.4339369615972	565.99429934853	1.149564	17.44062	0.0881886904256412	0.0422710174133961	0.0800511188	0.0457975294	0.0291462614	-0.1525506272	2.03268e-05	-0.0006702553	0.0339837982	0.1335332137	0.0036563682	-0.0397969067	0.0484367227	0.1032839823	-0.1264420797	-0.1722373615	-0.0306613491	-0.0072332174	0.1469614228	0.1842503439	-0.2616502421	-0.1028082709	-0.0495693333	0.1777528717	0.0095942266	-0.0540995207	-0.0505498657	0.1077151627	0.1239654899	0.0287213015	0.1046949149	-0.1545519406	-0.1943018984	0.0865871357	-0.0778229124	-0.1517896103	-0.0014484194	-0.3083022537	0.0208877323	0.0072322907	-0.0390775598	-0.1203103267	-0.1494398854	-0.032357403	0.034005511	-0.0826979997	0.2087650781	0.0859718343	-0.148819095	0.0405930731	0.0513022633	0.2705238853	-0.0474020454	-0.116301855	0.0890081854	0.0676509138	0.1766365671	0.0341375664	0.0729789037	0.1096961014	0.0818824266	-0.0914031755	0.078262867	-0.0437521671	0.0640158874	0.1983736985	-0.0506987939	-0.0117752403	-0.0499642712	-0.1242038795	0.0206360689803375	0.0020267074206258	4.10754296882008e-06	0.0004258473429612	-0.0311788556952734	0.021261761475742	0.0004520625010513	0.0009721210424666	-0.0014793803039196	-0.02647669167996	2.188566083625248e-06	0.0007010152023156	0.0017279989059603	0.0003119812655139	2.985980218999993e-06	9.733231003171692e-08	-6.69999714537628e-05	-0.0002128280148174	4.488996174805031e-09	4.5295763891142166e-08	5.80896940053071e-08	0.0002436613166548	5.9370837233953306e-08	3.374412549630212e-15	0.0	0.0	0.0	0.0	0.0
865.5376938453611	3.9244803214998	15.401545793839174	749155.499467146	687.6853220930724	0.6636118309520498	0.4403806621795319	472911.1022222527	831.9694129127946	2.7413599182472126	692173.1040224602	7.515054201372364	822.1923107425108	578.0852584075927	1.387644	21.052654	0.0558649175141636	0.0335902518032464	-0.0933974672	-0.1223623271	0.1350306479	0.0818930433	0.2746648203	0.1218800776	0.0907082125	0.1571868915	0.3394418386	0.0594194733	-0.1012690005	0.2188018574	-0.0205150312	-0.0543163378	0.0777539899	0.0762484681	-0.2004278315	-0.1572487487	-0.0936147006	-0.3926850886	-0.0153980987	0.1141549236	0.0247185151	-0.0916717406	0.0225230104	-0.2028601524	-0.0946761414	-0.1443920996	0.2067043485	-0.0019110826	-0.1410065039	0.068975642	0.2546707491	0.1276350741	-0.1069739068	-0.0028995472	0.2287942809	-0.0433935145	0.1081463381	-0.2995088558	-0.0312482045	-0.1355817054	-0.0155247465	-0.0335859991	0.3969814784	0.010443436	-0.0892222203	-0.0170786809	0.0488989068	-0.0295307732	0.1399025445	0.2351493717	-0.1815392493	0.1353029399	0.1351873399	-0.0310988826	-0.1143207006	0.1863152287	-0.214149682	0.046762517	0.0490106345	-0.059685078	0.036768129	0.0244553811	0.0319272337	-0.0418730277	-0.055595093	-0.1165920251	0.0240579281018966	0.0034218591215591	1.1709119847797232e-05	0.000578783904556	-0.0008796917286417	0.0302991639666317	0.0009180393370768	7.738575374406223e-07	-0.0136721003547677	-0.0121927200508481	0.0001869263281108	0.0001486624222383	0.0015710021432057	-0.0001569967627545	2.468047733956903e-06	2.464798351542412e-08	-0.0001089996121304	-4.1999640676637206e-05	1.1880915444577643e-08	1.7639698169666384e-09	8.517376526339175e-08	2.708407125808465e-08	7.335469159130071e-16	7.25457028914336e-15	0.0	0.0	0.0	0.0	0.0
866.8539809435952	1.3162870982340564	1.7326117249774324	751435.8242777588	695.7221241888599	8.036802095787493	64.59018792685424	484029.27408585936	832.0237598526545	0.0543469398598972	692263.5369593477	0.0029535898721352	821.403254831074	589.9451440750926	1.543147	23.411875	0.1001097439788126	0.0548465612656061	-0.2009439215	-0.0196428146	0.1963765685	0.0402654177	0.0529489444	0.0927500158	0.1353099264	0.0558111485	-0.229349764	-0.0210737541	-0.1304982979	-0.0099583729	-0.1447246596	0.106160179	-0.0443521337	-0.1339049128	-0.2666409856	0.1749840247	-0.1110038085	0.05351285	0.0803624986	-0.0212754637	0.0939076385	0.0811901066	1.69483e-05	0.1449657843	0.2730989365	-0.1429332998	-0.0187475317	-0.1705792237	0.196913613	-0.0159218125	-0.0172766033	0.1873867306	-0.0551004829	-0.2754631002	-0.0436555424	-0.0582267333	-0.0490550923	-0.0137566849	-0.110100796	0.0701451597	-0.1092290201	0.1040779294	0.1427289755	0.192526935	-0.1232854627	0.4006651317	0.1524913225	-0.2749551385	-0.2571948047	-0.4274642835	0.0036124244	-0.0789292377	0.0277209927	0.2751686119	0.0316899806	0.0547405699	0.0088933571	-0.076535288	-0.004831153	0.2193411806	-0.1054745329	-0.0231419675	-0.0524764591	0.1015626174	-0.0611443214	-0.1082959623	0.0377144936179405	0.0136565655160438	0.0001865017816939	0.0014223830288576	-0.0332707332484005	-0.0323910415197588	0.0010491795707347	0.0011069416908862	-0.0494815873101401	-0.0358094869553724	0.002448427482731	0.0012823193560069	0.0018620028906854	0.0002910007474796	3.467054764920785e-06	8.468143503374409e-08	-3.499999800737896e-05	7.399961412302104e-05	1.224999860516531e-09	5.475942890356015e-09	3.253561523409304e-08	-5.263815002929872e-08	2.7707748385069602e-15	1.0585662586609473e-15	0.0	0.0	0.0	1.0	0.0
869.4005341410481	2.5465531974529085	6.484933187457632	755857.2887647396	698.4509011206226	2.7287769317626958	7.446223543320229	487833.6612762097	834.4369766779286	2.4132168252740485	696285.0680474018	5.823615445785757	825.848862846324	591.7892261946829	1.301618	19.747507	0.1794737371329021	0.0862954861568305	-0.242380231	-0.0613254263	0.1811878278	0.088921389	0.1694788386	0.208107099	0.1247171879	0.0972422537	0.0508270619	0.1416217122	-0.2160180178	-0.0397733886	0.1085348273	0.0313125463	0.0890528994	-0.0634218846	-0.3006502103	-0.0681998928	0.0795182191	0.1689474484	0.0680815002	0.1625552417	-0.0750623671	-0.1993116669	0.0156233201	-0.0481081156	-0.05564697	-0.2277412192	-0.0660830534	0.1019121292	0.0567539549	-0.0645345263	0.1169303029	0.2726041246	-0.0136939069	0.0393724565	-0.0834097452	0.1570290607	-0.1986567509	-0.0508216531	-0.1020082911	0.0496703598	-0.2137394767	-0.0201922877	0.0712277063	-0.0588484919	0.2077411917	0.2291085991	0.2636932936	-0.2101938488	-0.3819688691	-0.0156859957	-0.0903231553	-0.0861468015	-0.0883414662	-0.2058551254	-0.0183100037	0.0120590503	0.2484015111	0.1739999094	-0.0280036033	-0.2186274118	0.1915394435	0.1578495027	-0.0039254715	-0.1885063247	-0.066603812	-0.0993643757	0.0532669682453814	0.0155524746274409	0.0002418794670371	0.0028373699060544	-0.0538264316408856	-0.0205556983924851	0.0004225367364028	0.0028972847431909	0.0031998322659774	0.0526814195761175	1.0238926530390062e-05	0.0027753319685549	0.0031520181955966	0.0012900153049112	9.935218705372049e-06	1.6641394869051364e-06	-0.0005009103087076	-0.0004659103107002	2.509111373695431e-07	2.170724176167765e-07	5.778981074098621e-05	5.775727512575212e-05	3.3359028299518246e-09	3.339662225479005e-09	0.0	0.0	0.0	0.0	0.0
866.8403177500082	-2.5602163910398303	6.554707968949013	751412.1364769352	711.8482288111036	13.397327690481006	179.48838924612917	506727.9008615053	832.2234584099804	-2.2135182679481886	692595.8847278684	4.899663122540349	823.328617687099	601.4850667371248	1.472506	22.340136	0.0634932647749358	0.0290583112035489	-0.2121806903	0.0890286601	0.0462146258	0.0333301659	-0.2125311988	0.2692253062	0.0436180088	-0.1088574121	-0.0954455121	-0.0236222761	-0.1389058005	-0.048485009	-0.0991161932	0.0763336882	0.18872515	-0.2720434354	0.1637631109	0.1272843483	0.0270525481	0.1149046044	0.1545748651	-0.0637639298	0.1577968124	0.0481497259	-0.0249118122	-0.0711908239	-0.2297703253	-0.1172744458	-0.1055081027	-0.0440539342	-0.0522819989	-0.1874780511	-0.1913274142	0.011986784	-0.2418064769	-0.0431637579	-0.2707498974	-0.0413629591	0.0446171664	-0.0678892158	-0.114454409	0.057356282	-0.2359944263	-0.1095033165	-0.0442860719	-0.0519674099	0.1334259203	-0.036971065	0.1819675297	0.018755434	0.2251421456	0.0404463757	0.2239795559	-0.3262264407	-0.0342959262	-0.3213927203	-0.1619706801	0.1385837021	-0.071123357	-0.0595486714	0.0863722891	0.0580526723	0.0373804654	0.1777857236	0.1421201213	0.0628867475	-0.0719655524	-0.0898496795	0.0514909606249318	-0.0017760076204495	3.154203067895041e-06	0.0026513190260782	-0.0640131233765117	-0.0101866917356261	0.0001037686885166	0.0040976799644165	0.0183076826306489	0.0151078503646715	0.0003351712433045	0.0002282471426413	0.0034600103346137	0.000307992139017	1.1971671515633609e-05	9.48591576963286e-08	-0.0001379995719228	0.0003629107367848	1.904388185087605e-08	1.3170420287368637e-07	2.3838545911325685e-07	-5.755142528187296e-05	3.3121665519750053e-09	5.6827627116638254e-14	0.0	0.0	0.0	0.0	0.0
864.3892175690997	-2.4511001809084974	6.007892096849669	747168.7194497205	700.0357656924524	-11.81246311865118	139.53428492949436	490050.0732486181	829.6778883942967	-2.5455700156836656	688365.398490419	6.479926704747737	819.9378696062707	589.4965132502506	1.377911	20.904993	0.0544837126071573	0.0265373188992301	-0.1427135405	0.0354593235	-0.1407675341	0.0315012282	-0.0967436428	0.1937884862	-0.0059810414	-0.097581785	0.1668625311	-0.0788245794	0.0141979523	0.1888045213	0.084743213	-0.152845782	0.3486475228	0.0097996803	0.1058263618	0.0842710045	0.0340961931	0.1607761308	-0.0173656263	0.1127208647	-0.0319366089	0.0658019524	-0.1536403378	0.1374491645	0.0735148529	-0.0178397546	0.1719561723	0.0656670928	-0.3090628505	-0.2180901548	-0.0897967036	-0.0002342398	0.0480319588	-0.0351760913	-0.1266518062	0.0044085333	-0.1749017458	0.1085760745	-0.2035920898	0.0740071671	-0.2215681099	-0.1166330375	-0.0124414927	-0.103738402	0.2766682319	-0.0425208319	-0.120046761	0.0810658799	-0.0817797599	-0.2261562193	-0.1806079868	0.0112349643	-0.0116529891	-0.1101056009	0.2099408731	0.127847016	0.0097504555	0.1045268579	-0.1909996891	0.037825935	-0.1082859881	-0.0863279532	0.1764712301	0.0862018964	-0.0772216734	-0.0798077096	0.0369520283730935	-0.0145389322518383	0.0002113805510235	0.0013654524008859	-0.0536889790185313	0.0103241443579804	0.0001065879567244	0.0028825064680522	0.0049337310678509	-0.013373951562798	2.434170224987718e-05	0.000178862580404	0.0033769880451472	-8.302228946650012e-05	1.1404048257067106e-05	6.892700548259336e-09	-0.0001389064861379	-9.069142151000068e-07	1.9295011891178612e-08	8.224933935504615e-13	-0.0002407660995501	-0.0002410044850092	5.808316179455609e-08	5.796831469256866e-08	0.0	0.0	0.0	0.0	0.0
863.343205077764	-1.0460124913357731	1.0941421320304707	745361.489753946	695.0059217470829	-5.029843945369521	25.299330114770427	483033.2312635123	829.7788096243623	0.1009212300656372	688532.8729016237	0.0101850946779612	819.7755045303446	592.3470737256501	1.316112	19.967409	0.0772963396041313	0.0493232127338544	-0.1198230061	0.0274710481	0.0595288915	0.0419816115	-0.0007831615	0.1514321194	0.0950680167	0.1277813824	0.0894085846	-0.0084116117	0.0080152222	0.1856649502	-0.1523910324	0.1186054618	0.054220697	0.1033368998	0.061607698	-0.1097229654	-0.1804988943	0.0147393811	0.0752033272	-0.0102917285	-0.1216386904	-0.0242004511	0.0593915653	-0.101892014	0.0173985384	-0.0465222112	0.1762762061	-0.1265540099	0.002400565	-0.0940482701	0.1882543153	-0.0705942041	-0.0766928158	-0.0098390895	-0.1386015139	0.029412532	0.1465174236	0.0424268771	0.1367662209	-0.2463441497	-0.1972247899	0.0132998586	-0.0572550358	-0.0039750026	-0.0347429542	-0.0697454032	-0.0454432227	-0.140115716	0.0911242938	0.1111586137	-0.0403654076	-0.2570269595	0.0217290295	-0.1456092729	0.0914123328	0.2014304429	-0.0437460351	0.1248972997	-0.1818585846	-0.1107466636	-0.1086617229	-0.0925664416	-0.0385688684	0.0066630898	-0.0823644609	-0.0692973963	0.0383246225066358	0.0013725941335423	1.8840146554347371e-06	0.0014687766902761	-0.0284248060630005	0.0252641729555307	0.0006382784351269	0.0008079695997191	0.0444379684316942	0.0395042373638433	0.0019747330383362	0.0015605847696988	0.0032179921002962	-0.0001589959448509	1.0355473157568747e-05	2.5279710479062183e-08	-0.000138784326138	1.221599999000171e-07	1.9261089181578752e-08	1.4923065575572182e-14	-0.0001767775013767	6.398859817339998e-05	4.094540696196848e-09	3.1250284992989175e-08	0.0	0.0	0.0	0.0	0.0
863.0184509120029	-0.3247541657610782	0.1054652681791738	744800.8466145531	689.1394673998111	-5.86645434727177	34.415286608623845	474913.2055280953	831.4198674815681	1.6410578572057375	691258.9960430682	2.6930708906966867	822.1759217521213	579.0403065972579	1.150043	17.447884	0.0621126519003584	0.0331769052874006	-0.0826662655	-0.0385719054	-0.011689645	-0.1304000275	-0.1086072034	0.0628785549	0.1541595991	-0.0058320638	0.0146380596	-0.1208558693	-0.1097819405	0.233585524	-0.0041787933	-0.0993894336	-0.0599331724	0.1676909135	0.2726509446	0.0021706226	0.0834220789	0.0348769726	0.0818980331	-0.0992858778	-0.0867977345	-0.0771336746	-0.1524511485	0.1490274529	-0.0415374612	-0.1699126376	0.1704296218	-0.0123136729	-0.1265703344	0.0023966788	-0.0211744154	-0.2767985563	0.1342045056	0.1681033078	-0.1134902096	-0.0525408453	-0.0376597589	-0.0093046596	0.1300126499	0.1545072042	-0.2168451884	0.0844354349	-0.0742261442	-0.056318568	-0.0868049215	-0.0921076016	-0.1251522782	0.1060587559	0.0164987243	-0.0118606246	-0.0665286104	0.1125409425	0.0424853391	0.0430486872	0.2175937399	0.1375324176	-0.0493393232	0.2424108922	0.1594858947	-0.0045144034	-0.1100590565	0.1628698267	-0.1175089264	0.1031547858	-0.0873863672	-0.0583804184	0.0463442504317725	0.0080196279251367	6.431443205763245e-05	0.0021477895480828	-0.0226154207663284	0.0058093852966721	3.3748957525189986e-05	0.000511457256438	0.0593759447626638	0.0149379763309695	0.0035255028164589	0.0002231431368646	0.0032009043651194	-1.708773517679991e-05	1.024578875464043e-05	2.919906934724451e-10	-0.0006749671350789	-0.0005361828089409	4.55580633436618e-07	2.874920046037537e-07	-0.0002904202042106	-0.0001136427028338	1.2914663907394097e-08	8.43438950137266e-08	0.0	0.0	0.0	0.0	0.0
863.3907603647632	0.3723094527603052	0.1386143286146779	745443.6050832439	683.7335913470972	-5.405876052713893	29.22349589730554	467491.62393639935	830.837660569411	-0.5822069121570621	690291.2182204518	0.338964888563461	820.240765744645	580.1101002924066	1.117141	16.948711	0.0907351934943908	0.0476355336412633	-0.0832212678	-0.115833954	0.1150267406	0.1701770729	-0.0896735123	0.0663702265	0.1829767961	0.0579900361	0.0374395274	-0.2357711274	-0.1132359481	0.2665222655	-0.0358921595	0.229108373	0.0209785399	0.1433090261	0.0864142449	0.0420870311	0.0640429343	0.0454680431	0.1805273464	-0.0716049682	-0.063977861	-0.2158963544	-0.0546991135	-0.047828147	0.0203551489	-0.1826957097	0.2160403287	-0.0305344521	0.1630273699	-0.1476058401	0.1168708311	-0.1593202366	-0.0174767871	0.0077308535	-0.0671923813	-0.1088846997	-0.0974035596	-0.0140791695	0.1351931255	-0.0163599583	-0.1809638146	0.1751902354	-0.0284342983	0.0128392955	-0.0676612926	-0.182569186	-0.046042785	-0.2121124379	0.1314737965	0.1660469923	0.0809758484	0.0969880469	0.0958645045	0.0269916767	0.2041681115	0.0564651952	0.0870683217	0.1504412913	0.0528776891	0.0929093067	0.1354851796	0.0940854271	-0.1371082191	-0.0753061979	-0.092280022	-0.0471208409	0.0569068338753453	0.0105625834435727	0.0001115681690024	0.0032383877417161	-0.0212385811588546	0.0013768396074738	1.8956873047086123e-06	0.0004510773296412	0.0791257149281534	0.0197497701654896	0.0062608787628913	0.0003900534215896	0.0027350002144082	-0.0004659041507112	7.4802261728129e-06	2.1706667764992466e-07	-2.8992273955807946e-05	0.000645974861123	8.405519491286197e-10	4.17283521202998e-07	-0.0003594611979334	-6.904099372280004e-05	4.7666588142317154e-09	1.2921235281971498e-07	0.0	0.0	0.0	0.0	0.0
869.4683014498011	6.077541085037865	36.936505640323226	755975.1272260022	695.2292574410127	11.495666093915474	132.15033894279787	483343.7204019819	833.51364794189	2.675987372478972	694745.0013053969	7.160908417666909	824.1337328778197	578.4220653453626	1.275718	19.354565	0.072146671350479	0.0416518185323259	-0.1828540192	0.0226209345	0.226809818	0.0080156176	-0.2630207437	0.1939728997	0.2167140172	0.0748528627	-0.1401601146	-0.2080171036	-0.3138703797	0.0685386357	-0.1967447994	0.155619667	0.0372493767	0.0301503272	0.0332624377	0.2659864268	0.0756045172	0.0234038928	-0.0901632109	0.1492525759	-0.0652600666	-0.1413255629	0.0709600224	-0.2101102556	0.0146763498	-0.3328093202	-0.0382879148	-0.1384570732	0.1883218741	-0.2795717807	-0.1705809928	-0.137979589	0.083412653	-0.0050889906	0.1094047835	0.0240185524	-0.0272082933	-0.027723218	0.0446991478	-0.2271945769	-0.2672489425	0.053221275	-0.0921066908	0.1213759672	-0.0632534558	0.0460958885	-0.0390641385	-0.0766580077	0.2159830818	-0.0581979597	0.1786055812	0.1726278496	0.0815651262	-0.1050822134	0.157924259	-0.0011507537	-0.0247397579	-0.1054833142	-0.06194333	0.1154875128	0.2304454087	-0.0522330766	-0.0192796756	0.1264489581	-0.0970382431	-0.0355847396	0.0590261481515881	0.0021193142762427	4.4914930014865286e-06	0.0034840861656132	-0.035712221075741	-0.0144736399168864	0.0002094862524436	0.0012753627341625	0.0439244416022432	-0.0352012733259102	0.0019293565700688	0.0012391296437654	0.0029349795364565	0.0001999793220483	8.614104879418412e-06	3.9991729246897784e-08	-0.0001201982953011	-9.120602134529204e-05	1.4447630193290438e-08	8.318538329637871e-09	-0.0004753247311686	-0.0001158635332351	1.3424358333744292e-08	2.2593360006050186e-07	0.0	0.0	0.0	0.0	0.0
868.4613288266554	-1.006972623145657	1.0139938637648451	754225.07966736	708.9666614710727	13.73740403006002	188.71626948510928	502633.7270774386	835.2462821230432	1.7326341811532302	697636.3518003663	3.0020212057005247	826.7727910123914	621.5619484791002	1.479617	22.448025	0.0560250413599041	0.0276436273264384	-0.3455801796	0.1451505785	-0.0781750216	-0.2142532852	0.0714126631	0.3064780989	0.0027759457	-0.0051984421	-0.1441505832	0.2268699881	-0.308144705	-0.1324704633	0.0145361571	0.0361177431	0.0756595404	0.1871189688	0.1618582436	-0.0525866556	-0.0151955342	0.1419875119	0.0396991129	-0.1229392597	0.0261776834	0.0478446493	0.1735540437	0.0539349182	0.0509933336	-0.2457656742	-0.2291066106	0.017590828	-0.1054312659	-0.0944400881	0.1350255546	-0.1675947582	0.0060226178	0.0800148811	-0.156835356	0.0193520717	0.1594775587	-0.018034224	0.2210875997	0.1214576475	-0.2901168424	-0.0423310352	-0.095724204	0.0055103332	-0.0778520358	0.1154037037	-0.0755698101	0.1038699421	0.0752619792	0.2119546314	-0.0100419325	-0.108721148	-0.1837778145	0.2649276343	-0.0215909573	0.0683293397	-0.0536937797	-0.0264213987	0.0108054171	0.1025339873	-0.1767787325	-0.1610164497	-0.0726153939	0.0221135164	-0.1016540472	-0.023839813	0.0616401697493955	0.0026140215978074	6.833108913803563e-06	0.0037995105267342	-0.0229999027422564	0.0127123183334845	0.0001616030374118	0.0005289955261532	0.0317154517304061	-0.012208989871837	0.0010058698784637	0.0001490594336906	0.0029349376869055	-4.1849551000398145e-08	8.613859226018206e-06	1.751384918934925e-15	-0.0004909064630236	-0.0003707081677225	2.409891554383412e-07	1.3742454561617318e-07	-0.0002762805173066	0.000199044213862	3.961859907194159e-08	7.633092424320252e-08	0.0	0.0	0.0	0.0	0.0
862.1480994465463	-6.313229380109078	39.85686520587245	743299.3453792919	692.7247904126889	-16.241871058383822	263.798375477166	479867.6352523037	832.9059508933806	-2.340331229662638	693732.3230336065	5.477150264534236	822.6553845942415	587.3958395144814	1.484605	22.523705	0.089296307865177	0.0444077334242933	-0.1076922151	0.0665438506	-0.119880024	-0.1040184806	-0.1776522251	0.0755652293	0.0178596235	-0.0881589849	-0.0008308876	0.0486264897	-0.1309615797	-0.1404818275	0.0040069617	0.0552131278	0.1082205392	-0.1398538555	0.1589591937	-0.1191758145	-0.0338788946	0.1133156085	0.0015040873	-0.0283899506	-0.0698767663	0.0796790937	0.0469877069	0.1404382714	0.0463026358	-0.0795236495	-0.1484386694	0.0431704562	-0.0299563895	-0.0907082986	-0.024300938	-0.0369308772	-0.1391119029	0.0039676438	-0.0992003155	0.0173137559	-0.0637229307	0.3473579105	-0.0259466149	-0.0683360616	-0.1950831295	-0.0271791779	-0.141951584	-0.0363847348	-0.0506679757	-0.0681359522	-0.1452134313	-0.0483549655	0.0021929441	-0.1231648472	0.0666289339	-0.0369164128	-0.0711378875	0.2603903632	-0.0389558421	-0.1385886088	0.0020276343	-0.1740390708	-0.038368683	-0.1279641185	0.1072610675	-0.0385685023	-0.0717724672	-0.0313478451	-0.10612066	-0.0119549848	0.0637655700369208	0.0021254002875252	4.517326382212605e-06	0.0040660479221334	-0.0149359116606575	0.0080639910815989	6.50279521641066e-05	0.0002230814571349	0.071512723070569	0.0397972713401628	0.0051140695609678	0.0015838228061225	0.0033949250006316	0.0004599873137261	1.1525515759913468e-05	2.1158832878895362e-07	-0.0003628070079613	0.0001280994550622	1.316289250258308e-07	1.6409470387258212e-08	-0.000474386651636	-0.0001981061343294	3.9246040458938285e-08	2.2504269525041565e-07	0.0	0.0	0.0	0.0	0.0
863.4831005844215	1.3350011378752242	1.7822280381281437	745603.0649948863	694.0474124444979	1.3226220318090327	1.7493290390266538	481701.810720903	832.1013166416877	-0.8046342516928462	692392.6011568303	0.6474362789973066	822.681633349286	588.4633532152678	1.169502	17.743109	0.046187451168573	0.0191569961021951	-0.0482853907	0.0990475285	-0.0800589739	-0.1631116526	0.0473584271	0.115020765	-0.1081357231	0.157288149	0.1215403963	0.0411811001	-0.0690133175	-0.1064952871	-0.016187119	-0.1247259279	0.0872840071	0.0800972432	-0.0462401264	-0.2613032843	0.0608627632	-0.016726714	0.0141378426	0.0883810611	-0.0744769659	-0.0196576009	0.2009497554	0.2171759514	-0.3322998619	-0.0365906377	-0.1163864236	-0.0412832221	-0.1716405792	0.000627284	0.1541220384	0.0620923314	0.0336738314	0.1964768981	-0.0043286707	0.0412937528	-0.0072861816	0.051351389	0.0146008315	-0.0858608483	-0.1562372583	-0.1388124482	-0.0491999982	-0.0758681985	-0.0518939669	-0.0340734232	-0.140118417	0.0502661328	-0.045164005	0.1173226831	0.0115922491	0.0837486093	-0.1215908489	0.0323901836	-0.0487336048	-0.1942812422	0.220092586	-0.1571772104	0.0777301646	-0.0536192646	0.1340500324	-0.0111130318	0.0936757911	-0.0028638215	-0.1104315261	-0.0	0.0530415888073889	-0.0107239812295318	0.0001150037734113	0.0028134101432121	-0.0210162497646848	-0.0060803381040272	3.697051145928628e-05	0.0004416827541716	0.0780488412171678	0.0065361181465988	0.0060916216153426	4.272084042629826e-05	0.0033019307816696	-9.29942189619999e-05	1.0902746886937216e-05	8.647924760352381e-09	-0.0005399758808068	-0.0001771688728455	2.915739518530796e-07	3.1388809505344964e-08	-0.0002876094696752	0.0001867771819608	3.488571570121779e-08	8.27192070468498e-08	0.0	0.0	0.0	0.0	0.0
860.4112968457686	-3.0718037386529886	9.435978208802478	740307.5997398173	680.9165349585987	-13.130877485899193	172.41994354969427	463647.3275800246	829.7605023983496	-2.3408142433381727	688502.4913403614	5.479411321814862	819.9309119218233	581.562768209357	1.206686	18.307251	0.049480976430435	0.0237896618918869	-0.0355084191	-0.0344921004	-0.0831819549	0.0764917506	-0.0974505216	-0.0159915356	0.0198859956	-0.0726882389	0.1694679673	-0.0823181608	0.0378021961	0.0833342149	0.1019770722	-0.076535806	0.0290122516	-0.0207703843	0.1383476037	0.0957383058	0.157973869	-0.0022919796	0.0413613532	-0.0534401385	-0.0490683881	0.0746239289	0.2052224	0.0064816184	0.0508762574	0.0211146824	0.0916766536	0.0589943767	-0.0870235476	-0.0104860263	-0.135318446	-0.0292149379	0.0209991013	0.0831507679	-0.0411617704	-0.2063408983	-0.0818179563	0.1440970303	0.0080310297	-0.0832320919	-0.1083726156	-0.0581002348	0.007922128	-0.1045764647	0.1709677624	-0.1574183114	-0.0363833316	-0.0552436127	-0.082625324	-0.0255362059	0.0844053341	0.0706081272	-0.099802848	0.0363943693	-0.1352161136	-0.0164549318	0.0605213539	-0.2516753865	0.0547019415	-0.1391958431	-0.0720974329	-0.0025022653	-0.0267406848	0.1152279898	-0.1145803187	0.0119549848	0.049816313837482	-0.0032252749699068	1.040239863150794e-05	0.0024816651243545	-0.036671836584901	-0.0156555868202162	0.0002450973986853	0.0013448235985096	0.0633362636944809	-0.0147125775226869	0.0040114822987768	0.000216459937361	0.0031068948526832	-0.0001950359289864	9.652795625629365e-06	3.803901359558808e-08	-0.000540138481524	-1.6260071719999877e-07	2.9174957922305253e-07	2.643899323395397e-14	-0.0004101616823241	-0.0001225522126488	1.5019044825141193e-08	1.682326056469359e-07	0.0	0.0	0.0	0.0	0.0
860.9458177841952	0.5345209384266809	0.2857126336165396	741227.7011600967	687.8781309395193	6.961595980920606	48.46381860156993	473176.3230248465	829.8192641381698	0.0587617398202837	688600.0111348137	0.0034529420667067	820.0150427407776	572.89162783171	1.124018	17.053051	0.0453834800189855	0.0205252567636386	-0.0030919464	0.0920692048	-0.0073895146	-0.0245557581	0.1228417062	0.0411293942	-0.0244467479	0.1180065648	-0.0815777296	-0.0928137287	0.0201008057	0.0071082681	-0.0872310394	-0.0984926906	0.0107873493	0.2666321089	0.0001878681	0.1006458273	0.024603395	0.0623931716	0.0872259031	0.0568148163	-0.0640116518	0.1947602539	0.0436817699	-0.0490261221	0.0606161315	0.0029217526	-0.0020306752	-0.124512567	-0.0265455956	-0.0485380749	0.0526574925	-0.025259262	0.267248055	0.0568476619	-0.1378034137	-0.2248205724	0.0593076461	0.0696373877	-0.0809974101	-0.1034293572	-0.094411771	-0.0353910708	-0.079242722	0.0426902999	-0.0106845376	-0.0905238651	0.0428353015	0.1146224706	-0.1650992564	0.1532888841	0.0159256565	0.0733791115	-0.0074196118	0.0437808974	0.0342377205	-0.0205764484	-0.0168504842	-0.1429536712	-0.1220147452	-0.0738206788	-0.1867345373	-0.0209527943	-0.0001854898	0.0031350283	-0.1185609488	0.023839813	0.056414104415893	0.0065977905784109	4.353084051656894e-05	0.0031825511770472	-0.0238359653829007	0.0128358712020003	0.0001647595895143	0.0005681532457348	0.0739152665228601	0.0105790028283792	0.0054634666251454	0.0001119153008428	0.0031629442049792	5.6049352295999954e-05	1.0004216043811502e-05	3.1415298928011153e-09	-0.0003710192287449	0.0001691192527791	1.3765526809846045e-07	2.860132166056113e-08	-0.0003279139791953	8.22477031288e-05	6.764684669963217e-09	1.0752757775169565e-07	0.0	0.0	0.0	0.0	0.0
860.3546711571113	-0.5911466270839583	0.3494543347127404	740210.1601818611	679.9040407733382	-7.9740901661810994	63.58611397838612	462269.5046599132	831.3702065072408	1.550942369070981	691176.4202678923	2.405422232179507	821.8972462635166	571.9636177906237	1.105265	16.768545	0.0314347592854984	0.0152439575329645	0.0003767761	-0.096760797	-0.0898519996	0.064092572	-0.0126467892	-0.0384591658	0.0440554408	-0.2051100208	0.0077320073	0.009437985	-0.0404052727	0.0231200715	0.1193988805	0.1429917841	-0.0476998658	0.1438892703	0.0812267287	-0.0127059338	0.0849851153	-0.0652116393	-0.0661547372	-0.0112034042	0.1738585803	-0.1949987113	-0.0031096954	-0.0261762822	0.0027321549	-0.0386739996	0.0307826961	0.1348432046	0.0937801311	-0.036465621	0.0648644278	-0.1188875684	0.0512929782	0.0695932279	0.0325259295	0.0489610755	-0.1264209454	-0.1297881321	0.0514322675	0.14485573	-0.0682437521	0.1795830649	-0.0588030333	-0.0007762159	0.0432497269	-0.134366017	0.0364272678	-0.0105292737	-0.1320679669	-0.003575628	0.042657485	0.0150639168	0.1420607474	0.0687218758	-0.0556888945	-0.0692380486	-0.0661180118	-0.1528677328	0.0935471139	-0.0767902933	0.0719825203	0.1064222413	0.0145741119	0.0722996954	-0.1223675745	0.0355847396	0.0492621546723484	-0.0071519497435445	5.115038513418765e-05	0.0024267598829623	-0.0221295418574243	0.0017064235254764	2.911881248299308e-06	0.0004897166228194	0.0704023591914477	-0.0035129073314123	0.0049564921797216	1.234051791909094e-05	0.0033404264436171	0.0001774822386379	1.1158448825216388e-05	3.149994503192059e-08	-0.0005399914689641	-0.0001689722402191	2.9159078655400653e-07	2.855161796469501e-08	-0.0002930988843511	3.481509484419998e-05	1.2120908290106402e-09	8.59069560078595e-08	0.0	0.0	0.0	0.0	0.0
860.5134016414715	0.1587304843602623	0.0251953666652435	740483.3144045766	685.6086107057946	5.704569932456366	32.54211811428522	470059.1670739298	831.7970172245105	0.4268107172696318	691886.2778635925	0.1821673883762176	822.7304283293668	574.6500593325966	1.203339	18.256466	0.0523191565301552	0.0281863884090867	0.0131604805	0.1132583045	-0.0315103594	-0.1304336271	-0.0172297768	-0.0161660208	-0.0374790487	-0.0693465682	-0.237043186	0.1179080056	-0.0630225348	-0.2019833577	-0.0261115939	-0.0414704685	-0.0714037639	0.0544783645	0.1339058954	0.0961950097	-0.0131329022	8.35107e-05	0.0725484056	-0.0794403555	0.0654005562	0.1400258615	-0.01458635	-0.0131747395	-0.1326618396	-0.0129900599	-0.2275019545	-0.0199268853	-0.0032924134	0.0072581604	-0.0724962662	-0.1531768413	0.1112336513	-0.0428209258	-0.0721184664	-0.0073662877	0.0917547392	0.0438261903	-0.0701350136	0.1232429544	-0.0807593902	0.0179320621	-0.1573557362	0.0863212891	-0.1287210477	0.0349538607	0.0235988158	0.168936563	-0.0844237365	0.0504157652	-0.0158039331	-0.0104227444	0.0278688574	-0.0233202767	-0.0203451078	-0.0129323578	-0.1529372735	-0.0672520788	-0.0109629596	0.0463780994	-0.1048647697	-0.0187027	0.0646788868	-0.1555230887	-0.1259946088	0.0471208409	0.0525849672172569	0.0033228125449085	1.1041083208601311e-05	0.0027651787772399	-0.044470789555973	-0.0223412476985487	0.0004991313487279	0.0019776511237316	0.0637182146690094	-0.0066841445224383	0.0040600108806059	4.467778799684199e-05	0.0032610165900321	-7.940985358500033e-05	1.0634229200464584e-05	6.305924846391189e-09	-0.0005389590148503	1.0324541137999351e-06	2.904768196884059e-07	1.0659614971024094e-12	2.5877843235295066e-05	0.0003189767275863	1.0174615274172528e-07	6.696627705105066e-10	0.0	0.0	0.0	0.0	0.0
858.450218120705	-2.063183520766529	4.25672624036257	736936.776991486	674.7397358350664	-10.868874870728176	118.13244095554646	455273.7111147752	829.926460423568	-1.870556800942495	688777.9297111921	3.498982745552221	820.5667065348846	570.5011028370104	1.370662	20.795017	0.0877821158465619	0.0407675048818315	-0.0028588923	-0.182046948	-0.0728527412	0.1028046669	0.0853172734	-0.0564949305	0.0531672093	-0.111119751	0.1392114131	0.0786973841	0.0413148919	0.0329112105	0.1610580481	0.0941881307	-0.0406217782	-0.0130113766	-0.0089354368	-0.1467920555	0.0145778922	0.1001604056	0.0701610799	0.0568851577	0.0826490924	-0.0595955595	-0.0086895168	0.2162127503	-0.0558287012	0.0133184321	0.0653829938	0.1860802943	0.1198026762	0.021735968	0.0666273318	0.0513965329	0.0036714594	0.057607401	-0.1410394316	0.1250084492	-0.0610396301	0.0113775093	-0.0558424357	-0.0797918974	-0.0359543525	0.152079233	0.0153553412	-0.1273695806	0.0192040801	-0.1435962885	-0.0222321123	-0.1214899597	-0.1251074864	0.0110122646	-0.1090756719	-0.0375106993	0.068165351	0.0063652897	0.0084293274	-0.2379481452	-0.1852481721	-0.0531333637	0.0646014257	-0.0313924197	0.0329276009	0.0805543683	0.0801946893	0.0137607561	-0.1294367287	0.0583804184	0.0544630457547157	0.0018780785374587	3.5271789928633776e-06	0.0029662233528802	-0.0200394023869137	0.0244313871690593	0.0005968926790044	0.0004015776480246	0.0853508661805335	0.0216326515115241	0.0072847703577673	0.000467971611419	0.003780942894957	0.0005199263049249	1.429552917492582e-05	2.703233625528601e-07	-0.0005399745312917	-1.0155164413999966e-06	2.915724944436911e-07	1.0312736427537126e-12	-0.0002499803079688	-0.000275858151204	7.609771958574137e-08	6.24901543721761e-08	0.0	0.0	0.0	0.0	0.0
857.6071510050087	-0.8430671156962717	0.7107621615684308	735490.0254549278	696.0186193234453	21.278883488378824	452.79088251200096	484441.918444915	828.7833234776252	-1.1431369459427287	686881.797274618	1.3067620771792692	819.8584410004269	561.6514733806409	1.542577	23.403217	0.0549958540059516	0.0282826135628368	0.1252008191	0.2341110285	0.0457707845	0.0212506204	-0.1044770067	0.0489269288	-0.1742221918	-0.0001120459	-0.1168334763	-0.1396207271	0.1006032881	-0.0592574736	-0.165712649	0.0770463312	0.1089436109	-0.0726975724	0.1021831818	-0.0768209617	0.1109739667	-0.0239996147	-0.0572359267	0.0113348822	0.102571829	-0.1263709858	-0.0237645748	0.0705970694	0.1872473156	0.1344678865	-0.056161191	-0.1104878765	0.008265305	-0.1275078961	0.0026336398	-0.1111662551	-0.122416323	0.183464892	0.0563085486	0.1222254087	-0.0688714683	-0.127120912	-0.0381508738	0.0552483904	-0.0030837176	-0.1960802178	-0.1115529021	0.1613868702	-0.0870381994	-0.0961901692	-0.0633010164	-0.0061942904	0.0124131078	-0.1380940515	-0.0505701312	-0.0132953533	0.1058546137	-0.0263868658	-0.0985147312	-0.1733703779	0.0080818789	0.1841297473	-0.1401801912	-0.0365385587	0.031275756	-0.0849577914	0.0605196063	-0.1005653162	-0.1326888823	0.0692973963	0.0430381792496916	-0.0114248665050241	0.0001305275746576	0.0018522848731285	-0.0272067033866392	-0.0071673009997254	5.137020362066613e-05	0.0007402047091685	0.1025409291237906	0.0171900629432571	0.0105146421455702	0.0002954982639931	0.003508905205986	-0.0002720376889709	1.2312415744595654e-05	7.40045042206824e-08	-0.0005401368003985	-1.622691067999435e-07	2.9174776314472896e-07	2.6331263021651467e-14	-0.0003620528210499	-0.0001120725130811	1.2560248188313337e-08	1.3108224523019094e-07	0.0	0.0	0.0	0.0	1.0
858.5356055908893	0.9284545858805586	0.8620279180426396	737083.386067315	673.1501873408523	-22.868431982592934	522.9651813424796	453131.17471702455	830.168623074358	1.385299596732807	689179.9427371755	1.9190549727080777	820.7153573345664	553.9150667531867	1.417216	21.501308	0.05084100877755	0.0274094779872907	0.0676063426	-0.136319489	-0.0121448109	-0.0951430409	-0.0232365856	-0.053851465	0.044634624	0.056052441	0.1004747646	0.0710847291	-0.0205885527	0.1387978108	0.0737875496	-0.0179484571	-0.0078892101	0.0052328982	0.1377457698	-0.0936561274	-0.0130454063	-0.0027759163	-0.0227970198	-0.0029467644	-0.0261011149	-0.004791259	-0.0483416286	-0.0625233763	-0.1292300594	-0.0448928984	0.1138191501	0.072748386	-0.1114968931	0.0828069648	0.0298957578	-0.1743660311	-0.0783386057	0.002065999	-0.0006206097	0.056676617	-0.10689297	-0.0422174328	0.0068808413	0.0638067808	-0.0180314082	-0.0193286284	0.048452957	-0.1824407566	-0.0175622747	-0.0474017659	-0.0997078452	0.011498132	-0.0844566237	-0.0511103259	-0.0481387868	0.0489362414	0.0667115939	-0.0788370726	-0.0233662738	-0.0609510462	0.0623794452	0.0978926124	0.0409018585	0.0935461985	-0.0015321553	-0.081731848	-0.097716248	-0.1257737918	-0.1357462967	0.0798077096	0.0428439776715237	-0.0001942015781678	3.771425296290045e-08	0.001835606422718	-0.0224147090363118	0.0047919943503274	2.296320985356972e-05	0.0005024191811825	0.0771317181045958	-0.0254092110191948	0.0059493019377668	0.0006456280046179	0.0033789324608987	-0.0001299727450872	1.1417184575314948e-05	1.6892914465528246e-08	-0.0006788771427663	-0.0001387403423678	4.608741749705353e-07	1.9248882600334378e-08	-0.0002218538719078	0.0001401989491421	1.9655745340549152e-08	4.9219140480482533e-08	0.0	0.0	0.0	0.0	0.0
860.4258893048036	1.8902837139143005	3.57317251908964	740332.7109859622	688.0069722861887	14.856784945336358	220.72405891197303	473353.5939144084	829.6605336831614	-0.5080893911966768	688336.6011514282	0.2581548294466097	819.9791524520773	572.3150692307322	1.242395	18.849007	0.0486075649762891	0.0266080081918717	0.0006847042	0.1282040566	0.0082191758	0.1203423368	-0.0810305257	0.0312570929	-0.0906798101	-0.0746364064	0.0367317632	-0.2035743725	0.0329161536	-0.0145046925	-0.0407513893	0.088581685	0.1360166595	-0.0265577899	-0.0097635484	0.015044576	-0.0513616344	-0.123496319	-0.0257618092	-0.1520496029	-0.0631354002	0.1194486763	-0.0543510424	-0.0317863626	0.0287210298	0.0733365841	0.0081732877	0.0031398341	-0.0285991914	-0.1240812031	0.0222819117	0.0075898913	-0.135744746	-0.033462191	0.1667024191	-0.117513699	0.1026320674	0.0784363126	0.0681379887	0.0770275345	-0.0047174822	-0.1347757106	0.0182976066	0.0857608567	0.0925322115	-0.0792494962	0.0336797476	-0.0176598062	0.0001676348	-0.0596274469	0.0454934629	0.1066720982	-0.0210593949	0.0615826312	-0.2053656691	0.0893191769	0.0289078635	-0.0572509647	-0.0452176129	-0.028208545	-0.0999128212	-0.070128314	-0.1600782607	-0.0987243742	-0.1386044847	0.0898496795	0.0578022949368204	0.0149583172652967	0.0002237512554092	0.0033411052999631	-0.0084957964007799	0.0139189126355318	0.0001937361289555	7.217855648350472e-05	0.0769883805328106	-0.0001433375717852	0.0059272107370648	2.0545659485280172e-08	0.0032680196938996	-0.000110912766999	1.0679952719715636e-05	1.2301641883396644e-08	-0.0006459589487897	3.291819397660003e-05	4.172629635214943e-07	1.0836074946810663e-09	2.6055117190007136e-05	0.0002479089890978	6.145886687549668e-08	6.788691317850052e-10	0.0	0.0	0.0	0.0	0.0
858.8158652796808	-1.6100240251228115	2.59217736147266	737564.6904560869	674.0193957569443	-13.987576529244391	195.65229716146865	454302.14585655625	831.4505105653802	1.7899768822188662	691309.9515194314	3.204017238877973	822.0882352917399	567.4831078579551	1.279411	19.410595	0.0325077904586381	0.0185359136844781	-0.0042335095	-0.1270984868	-0.0214419727	-0.0499962501	-0.0428489414	-0.0913419481	0.070169507	-0.0644383433	-0.0473014381	0.1279149478	-0.0485866078	-0.081160282	0.1822026067	-0.162224931	-0.1742392004	-0.035077657	-0.1159393382	0.0166520062	0.0092568791	0.0878512638	-0.1306049168	-0.1128229354	-0.0670983271	-0.0771160381	0.0285129533	-0.2204402444	-0.1024086187	-0.0404283063	-0.0762424069	0.1218652978	0.0221161786	0.2032740941	-0.0810739288	0.112061606	0.1114111513	-0.0258497902	0.0385950118	0.0518873535	-0.0196967198	0.0291043851	0.2273381401	-0.027345677	0.0258823089	0.0735046093	0.0095959298	-0.0834464365	0.0300348245	0.001615942	0.0530947669	0.1422951815	-0.1103317537	-0.0417887093	0.061885891	0.0559935711	0.0069174683	-0.0215058058	-0.0805156489	-0.019995263	0.0259175302	0.1122392021	0.1318935519	-0.104297834	-0.0057156656	-0.0353264881	-0.1330705699	-0.0328131573	-0.1412592515	0.0993643757	0.0430076938616537	-0.0147946010751667	0.0002188802209733	0.0018496617312977	-0.0175036213294959	-0.009007824928716	8.114090994639739e-05	0.0003063767596463	0.0768377349433677	-0.0001506455894429	0.0059040375112272	2.2694093618599412e-08	0.0033620142781447	9.39945842450998e-05	1.1303140006448827e-05	8.834981867409163e-09	-0.0005689579217484	7.700102704130002e-05	3.237131167202585e-07	5.9291581654150174e-09	2.595635117015648e-05	-9.876601985065433e-08	9.754726677139843e-15	6.737321660684836e-10	0.0	0.0	0.0	0.0	0.0
859.9466274748902	1.1307621952093996	1.2786231421147802	739508.2021054375	693.8256022729606	19.806206516016346	392.28581655508833	481393.9663694365	831.0665287783625	-0.3839817870177739	690671.5752557168	0.1474420127613631	821.7146540155474	575.136172702187	1.335614	20.263287	0.0627515199828207	0.0311779658942547	0.0544760056	0.1966580984	-0.0486517595	0.090529047	0.002379019	0.0506119393	-0.2288221797	-0.0534386042	-0.0653523891	-0.1021016591	0.0159150321	-0.199479259	0.0093021952	0.0117142733	0.1592872515	0.0858013066	-0.009963062	0.0478876708	-0.0387937385	0.0293399517	-0.1840047669	0.118776909	-0.0720442721	-0.0434529264	-0.1409332656	-0.0691778286	0.0692642308	0.0958858864	-0.1786447612	0.0735044612	-0.0520948901	-0.1512714251	0.0568724022	0.0234069237	0.0567210707	-0.025572537	0.1460752138	0.0179258402	-0.0504260611	0.0700785268	-0.1540810709	-0.0170257438	0.0351102834	0.005343943	-0.0858582378	0.2229030411	0.0123667988	-0.014107486	0.0542478279	0.126797327	-0.0416692209	0.0024205193	-0.0680382422	0.1215617896	0.0134155462	0.0513590868	-0.057340303	-0.0229832071	-0.109707516	0.1381502646	-0.1446242527	0.0697622345	0.1101580985	0.1019178437	0.0873608514	-0.265605472	-0.1437067008	0.1082959623	0.0496927768297439	0.0066850829680902	4.469033429024968e-05	0.0024693720690507	-0.0426908344393268	-0.0251872131098309	0.00063439570424	0.001822507345126	0.0768636493225045	2.5914379136807164e-05	0.0059080205871729	6.715550460461865e-10	0.0031349678063363	-0.0002270464718083	9.828023146765034e-06	5.155010036064254e-08	-0.0003877872581192	0.0001811706636291	1.5037895755960706e-07	3.282280935984472e-08	-0.0001828927039075	-0.0002088490550776	4.361792780682999e-08	3.3449741142596467e-08	0.0	0.0	0.0	0.0	0.0
854.697349111929	-5.2492783629611495	27.554923331852084	730507.5585789587	676.1624845700843	-17.66311770287632	311.98572698566284	457195.7055399895	829.4024488724642	-1.6640799058982338	687908.4221956406	2.7691619332142747	819.6046931588886	562.4545684975072	1.325654	20.112167	0.0884894574692936	0.0449154308392511	0.0689675168	-0.0279329756	0.0143245649	-0.0827990587	0.1480928271	-0.1182679905	-0.0634418492	0.1393290669	-0.1075868186	0.0920216706	0.0504763801	-0.0868207406	-0.0617362805	0.006205159	-0.1656492984	0.0166602291	-0.0663324488	-0.0509324867	-0.0838250597	0.1265510147	0.2859928815	0.1481141915	0.0613776818	0.1394724106	-0.0064706022	0.0383835067	0.0103748712	0.0586058043	-0.086124199	-0.0807734123	0.1042464554	0.1844993642	0.0402378346	0.0230558978	0.0237751686	-0.0564864905	-0.21694739	-0.0403245533	0.1479899547	0.0603240973	-0.098886533	-0.0180978633	0.0601516854	0.0875238167	-0.0331630376	-0.0330856642	-0.1896560663	0.0351114298	0.023016467	0.0316241133	-0.1304628139	0.116857188	-0.0332574214	-0.1125070735	0.0288882497	0.0368732785	-0.0547828623	0.084155141	-0.0583905473	0.0488078697	0.0915100703	0.1009203413	-0.0076788997	-0.0254481742	0.2307198177	-0.0109013388	-0.1459432408	0.1165920251	0.0528090982706146	0.0031163214408706	9.71145932283043e-06	0.0027888008601554	-0.0109348904223907	0.0317559440169361	0.0010084399804067	0.0001195718285496	0.0821161306432287	0.0052524813207242	0.0067430589118158	2.758856002455664e-05	0.0034039879610853	0.000269020154749	1.158713403921366e-05	7.237184366117595e-08	-0.0009410668090825	-0.0005532795509633	8.856067391567184e-07	3.061182615141509e-07	-3.789819580454811e-05	0.0001449945081029	2.1023407380016984e-08	1.4362732452398676e-09	0.0	0.0	0.0	0.0	0.0
856.6562644727608	1.958915360831725	3.837349390902486	733859.9554604247	673.4069086591774	-2.7555759109069413	7.593198600770619	453476.8646299096	828.3957826424719	-1.0066662299923337	686239.5726998335	1.013376898606978	819.3183873864989	538.9755184936523	1.196344	18.150351	0.0836148534079308	0.0415656218116513	0.1542369715	-0.0104188919	0.1522594529	0.0553360235	-0.0455800797	-0.0992085653	0.0467438481	0.0859472147	0.0256611143	-0.1000123305	0.090413792	0.0886941441	-0.1102536949	0.1008146658	-3.05212e-05	-0.0871962728	0.0589635685	-0.0937777411	0.0812480213	0.0046918669	-0.0689614228	0.1213474913	-0.0121792523	0.0143807914	-0.019835686	-0.0441154292	0.0668509746	0.0641581271	0.1032067397	-0.0295318378	0.0977035548	-0.0299185633	-0.0328280401	-0.024341172	-0.1115649812	0.1272134597	0.0653534619	0.0905968363	0.0414374553	-0.0083280807	-0.1961392596	-0.0417450856	0.0861105019	-0.0603438066	0.0172060677	0.0429924325	-0.1060174724	-0.0739799873	-0.0180981212	-0.1818199018	0.0491387957	-0.1074263875	-0.0409200366	0.1180544021	0.0865958948	-0.0956317977	-0.0908208883	-0.0590176554	0.0162136361	0.0984308351	0.0443740019	0.129657291	0.0435847915	-0.1980694391	-0.0825447696	-0.0975640746	-0.1479655889	0.1242038795	0.0694927374303944	0.0166836391597798	0.0002783438156137	0.0048292405555697	-0.0079782340852005	0.0029566563371901	8.741816696246968e-06	6.365221911825507e-05	0.1017012518832416	0.0195851212400128	0.0103431446346185	0.000383576973986	0.0029780098758734	-0.0004259780852119	8.868542820799503e-06	1.814573290807968e-07	-0.0005429627489368	0.0003981040601457	2.948085467330065e-07	1.584868427044911e-07	2.5808392256811228e-05	6.370658806135934e-05	4.058529362419732e-09	6.660731108814337e-10	0.0	0.0	0.0	0.0	0.0
858.2844927530884	1.6282282803276755	2.6511273328588203	736652.2705004263	677.9789602689654	4.572051609787991	20.90365592256496	459655.4705673873	829.3728059407247	0.9770232982527888	687859.251233991	0.9545745253287576	820.8202686436128	563.9945071973299	1.145215	17.37464	0.062465272544195	0.0275726743564726	0.0630056988	-0.0311973564	-0.0174972536	-0.2015558865	0.0577748719	-0.0159800523	-0.0206427539	0.0990327728	-0.0619518493	0.1612413127	0.0169982766	0.074937378	-0.1166488883	-0.0431530588	-0.1277916666	-0.1078630964	-0.0399757547	-0.0545646472	-0.1012166896	-0.0108558643	-0.0928928846	-0.0605020484	-0.0599985948	-0.089735022	0.0573042618	0.0132839002	-0.0221839037	-0.0124181055	0.0323022839	-0.1505707737	-0.033421634	0.1569351522	-0.0365195225	-0.026979764	-0.0978355361	0.023164941	0.0581934579	0.1206041209	0.1188627091	-0.1359328085	0.2460711969	0.0356549355	0.1039517297	-0.1167402768	0.0420744759	-0.1710676436	-0.07453546	0.1175257532	-0.0733266593	0.0561275862	0.0346665482	0.0461210398	0.0630801113	0.0166922737	-0.0492946186	-0.0603548247	-0.0538192255	0.0053278747	0.2845401114	0.1011648334	0.1132305848	0.1995829751	0.0273152151	-0.1487612751	0.1161211546	0.1257825102	-0.1497707771	0.1310868562	0.0559923348229887	-0.0135004026074056	0.000182260870562	0.0031351415589296	7.078400705040622e-05	0.0080490180922509	6.478669224938242e-05	5.010375654111957e-09	0.0858604468953387	-0.0158408049879029	0.0073720163410672	0.0002509311026647	0.0028969448914845	-8.106498438889987e-05	8.392289704298142e-06	6.571531693972579e-09	-0.0007837248240505	-0.0002407620751137	6.142245998329872e-07	5.796637681305493e-08	-0.0001538654853733	-0.0001796738776301	3.228270230264018e-08	2.36745875891612e-08	0.0	0.0	0.0	0.0	0.0
856.177153649817	-2.1073391032714426	4.440878096176888	733039.3184319023	671.7467199307736	-6.232240338191787	38.84081963298488	451243.65573775314	827.8811028285501	-1.491703112174605	685387.1204206162	2.225178174871402	818.425603237531	555.3694652155826	1.263576	19.170351	0.0558452506986043	0.0320567883023095	0.0901530226	-0.0161812141	-0.0103933401	0.1426519046	-0.0445975831	-0.1213824768	-0.0479487703	-0.0564536598	0.1122560472	-0.0819223696	0.1340389896	0.0697031782	0.0652601468	-0.0067597899	0.0092047784	-0.0523178887	0.0387115846	0.0886378072	-0.0375918696	-0.171098283	0.0106891319	-0.0985011412	0.0192496173	0.0074226692	-0.0701530609	-0.2541647565	0.0444707797	0.1160628976	0.1082076752	0.0617112819	-0.0562001266	-0.0054127139	-0.0849705361	-0.0073874855	-0.04884176	-0.0662282985	0.1113607224	-0.1403602938	0.044731375	-0.00660797	0.0303763783	0.0614249071	0.1127044378	-0.0678896825	0.0704319559	0.0136902143	0.1135036659	-0.0918938788	0.0354409831	-0.0649629282	0.0831622446	-0.0803508059	-0.0333927064	0.0337813965	-0.0451896428	-0.0624323456	-0.0979811951	0.1097363791	0.0468619667	-0.1304164826	0.0992785384	0.0806362665	-0.0289756328	-0.0500448583	-0.1514030791	-3.63588e-05	-0.1513561561	0.1372005631	0.0529829654782361	-0.0030093693447525	9.056303853136689e-06	0.0028071946308679	-0.022233240680336	-0.0223040246873864	0.0004974695172555	0.0004943169911497	0.089264842723864	0.0034043958285252	0.0079682121465161	1.1589910957280426e-05	0.0028589658156217	-3.7979075862800034e-05	8.173685534893452e-06	1.44241020339232e-09	-0.0003383054005248	0.0004454194235257	1.1445054402424538e-07	1.983984628539669e-07	-0.0002130162027436	-5.915071737029999e-05	3.498807365421109e-09	4.53759026313025e-08	0.0	0.0	0.0	0.0	0.0
858.992408493154	2.815254843337016	7.925659832932525	737867.9578488696	669.9235086530168	-1.8232112777567409	3.324099363339368	448797.5074459687	831.2042516883721	3.3231488598220267	690900.5080248266	11.043318344536436	821.5613059744929	554.939567011783	1.270367	19.273392	0.0866622716323425	0.04324466818772	0.0468381063	-0.0398034069	0.1168109048	-0.1453908277	0.0211094679	-0.082332714	0.0986259745	0.0154507653	-0.1302640251	0.0156393507	-0.0440859992	-0.0813966762	0.0238555478	-0.1390031467	-0.1377344293	-0.07564262	-0.0520749477	0.1175052777	-0.1087004947	-0.0434328626	0.1160089709	-0.0750184975	-0.0729240416	0.0835650964	-0.1462533741	-0.0991537854	-0.2093646271	-0.037329559	-0.0870697389	0.0077714449	-0.0328887719	0.1768050466	-0.069354192	0.0506086632	0.0309276256	-0.1512457402	-0.0860530692	-0.0824302086	-0.0058773729	-0.0487699416	0.0041419634	0.0206759927	0.1071980647	0.0210246804	0.0098148564	0.0138819864	-0.0684332026	0.0960892444	0.1551420663	0.1576726654	-0.0680313681	0.0299738787	0.1038285241	0.0660872844	-0.0413186747	-0.0802318173	0.0123661233	0.1604841455	-0.058817673	-0.0873837211	0.1007176243	-0.0246696185	-0.1199146303	-0.0591732891	0.0080580912	0.0672221663	-0.152719399	0.1425091225	0.0522859117343017	-0.0006970537439344	4.858839219329686e-07	0.0027338165658871	-0.0045850786078034	0.0176481620725326	0.0003114576245383	2.1022945839736363e-05	0.0840859086478502	-0.0051789340760137	0.0070704400331346	2.6821358163696797e-05	0.0032790165719859	0.0004200507563641	1.0751949679358164e-05	1.764426379221365e-07	-0.0009409579134969	-0.000602652512972	8.854017949724394e-07	3.63190051391587e-07	2.7042962717335447e-05	0.0002400591654609	5.7628402921800784e-08	7.31321832531195e-10	0.0	0.0	0.0	0.0	0.0
858.6476023521006	-0.3448061410533682	0.1188912749081153	737275.7050250112	682.7095848867826	12.786076233765812	163.4837454556709	466092.3772962831	829.6674382136418	-1.536813474730252	688348.0580319872	2.361795656112471	820.5052007207807	568.7001201127705	1.3488	20.463333	0.0449646926721872	0.0250798646172562	0.0247415993	-0.0167617172	-0.1108560371	0.1674889164	0.1074157192	-0.0030160882	-0.1026585079	-0.1536717151	0.0883256337	-0.0228187595	0.0834912965	-0.0524173728	0.181229367	0.0561843834	0.0313526238	-0.0470863623	-0.1364461117	-0.0307942946	0.0795378885	-0.0169310255	-0.1174374725	0.0309438128	0.0692096844	0.0297923613	-0.2847603295	-0.0312603364	-0.128408451	0.094830599	0.0087274149	0.1555530182	0.0278691304	-0.0442003036	0.0188352747	0.1501203144	0.024374584	-0.0385659757	0.1366490429	0.1213629399	-0.0320057787	-0.0221541404	-0.0271465294	0.134361547	0.1058610734	0.1450869451	0.042823805	0.0817448095	0.1067966588	-0.0527995563	0.0604213895	-0.0273435738	0.0364705719	-0.0697206273	-0.2018653063	0.0454104091	0.0792586555	0.0475661974	-0.0680587607	0.059318926	-0.2039746887	-0.0701867122	0.0626882921	-0.0018873191	0.1004637218	0.1795933445	0.1889663162	-0.0009422629	-0.1538585052	0.1469813818	0.055305258836853	0.0030193471025512	9.116456925684926e-06	0.0030586716550113	-0.0198668063350453	-0.0152817277272419	0.0002335312023295	0.0003946899939541	0.0789745969548931	-0.0051113116929571	0.0062369869641878	2.6125507222559992e-05	0.0033630193575462	8.400278556030009e-05	1.1309899199230456e-05	7.056467981889761e-09	-0.0005949577446591	0.0003460001688377	3.539747179298429e-07	1.1971611683578605e-07	2.5999794126696984e-05	-1.0431685906384623e-06	1.0882007084946357e-12	6.75989294630627e-10	0.0	0.0	0.0	0.0	0.0
856.2803027094543	-2.367299642646344	5.604107598073509	733215.9568081948	672.1511321736274	-10.558452713155248	111.48092369593542	451787.1444822891	829.0673673533141	-0.600070860327719	687352.6996101551	0.3600850374144488	819.1297960698209	563.0423018606085	1.334931	20.252916	0.062189520686562	0.0371361951223351	0.0762002124	0.0269570216	0.0456477752	-0.0671020411	0.0134442421	-0.1139827025	-0.0399276446	0.1212597628	0.0519911105	0.1564320272	0.0704387646	-0.065306035	-0.0780428055	0.0034738228	0.0289618374	-0.108100751	-0.0893626023	-0.231071692	-0.0119727561	0.1038502148	-0.0741902486	0.1629984484	-0.0582206202	-0.1093074273	0.1423383062	-0.000883617	0.095069968	0.0872692546	-0.040732117	-0.0898367722	0.0199062961	0.0534468969	0.1143512616	0.1027809367	-0.0974276545	0.0327110303	0.002202946	0.273781814	-0.0815274113	0.0615415102	-0.0264656913	-0.1889305123	0.1514985245	-0.0822707043	-0.0334093189	-0.0142713984	-0.1081264119	0.1275684802	-0.0191022787	-0.125926859	0.1311562634	-0.0080105376	-0.1013343654	-0.1525778147	-0.0606248994	0.0158861097	-0.052392948	-0.088574544	0.0368632141	0.2359104824	0.0254756251	-0.1535059722	-0.0373158198	-0.0201949129	0.0601293528	0.0649383636	-0.1547718027	0.1505910958	0.0595868177055365	0.0042815588686834	1.8331746346002315e-05	0.0035505888442728	0.0013053920609138	0.0211721983959591	0.0004482619849178	1.7040484326967785e-06	0.1074259168749875	0.0284513199200943	0.0115403276164317	0.0008094776051955	0.003316014912053	-4.7004445493200285e-05	1.0995954896957864e-05	2.2094178961232367e-09	-0.0007134581510126	-0.0001185004063535	5.09022533246318e-07	1.4042346305944625e-08	2.618381231649829e-05	1.8401818980130598e-07	3.386269417774946e-14	6.855920274256074e-10	0.0	0.0	0.0	0.0	0.0
858.7279677874416	2.447665077987267	5.991064333998414	737413.7226603493	669.5641552934022	-2.5869768802251656	6.692449378819531	448316.1580537672	829.4261007398422	0.3587333865281152	687947.656588499	0.1286896426099301	819.6307888005744	555.1833401408949	1.232045	18.691982	0.0701670270624451	0.0363711568985029	0.0643548231	-0.0515518532	0.0222038473	-0.0008270778	-0.0998736056	-0.0905209107	0.0216607423	-0.0399876035	0.113692238	-0.0062980666	0.056845151	0.0280420852	0.0341098933	-0.0900952623	-0.0691999562	-0.1060069619	-0.0415753772	0.0539962557	0.1256178449	-0.2135096682	-0.219419721	-0.0978323114	0.0079438085	0.0232917593	0.0948880511	0.2665289884	0.1690910522	0.0484188129	0.0526750602	-0.0135437039	-0.0315395646	0.1009819843	-0.1200699699	0.0415506438	-0.0412351363	0.010112534	0.2415848724	-0.094671818	-0.1486682795	0.034182189	0.0596855362	0.0895706884	0.2069244055	-0.0647831209	0.0421447544	-0.1185364237	0.1627605037	0.1250685632	-0.0050453895	-0.0876877487	0.199018934	-0.0324651255	0.078453719	-0.0143961041	-0.0584788623	0.0149665976	-0.0119307256	0.0823236852	0.1291789319	-0.0769692291	-0.0539271419	-0.276469036	-0.1384524641	0.1264508818	-0.0970704155	0.1729055983	-0.1554579513	0.1533170814	0.0611925470951604	0.0016057293896239	2.5783668727019517e-06	0.0037445278199934	0.0170225493651798	0.015717157304266	0.000247029033727	0.0002897671868899	0.0767641220955823	-0.0306617947794052	0.0058927304411054	0.0009401456590943	0.0031631042332538	-0.0001529106787992	1.000522839042811e-05	2.3381675690832124e-08	-0.0007921248115143	-7.866666050170001e-05	6.274617170165654e-07	6.188443474489729e-09	0.0002382533847986	0.0002120695724821	4.497350357274139e-08	5.676467536798976e-08	0.0	0.0	0.0	0.0	0.0
857.7852314318134	-0.9427363556281988	0.8887518362231379	735795.5032625296	681.7368941262504	12.172738832848154	148.17557069272942	464765.1928129063	828.5820006751657	-0.8441000646765815	686548.1318428603	0.7125049191870091	818.9103894366334	569.3699383504767	1.199158	18.193043	0.0833117416062471	0.0469376280442683	0.0502228847	0.0782391949	-0.017168066	0.0178808001	0.1154155589	-0.0486240635	-0.0677637531	0.0812927543	-0.2000676122	-0.0547080649	0.1045782689	-0.1037239981	-0.073192291	-0.1397612396	-0.0557653071	0.1464032188	-0.1329154658	0.1593553199	0.0938381338	-0.0404156803	0.0794877734	0.0259408379	-0.0837638208	0.1838198851	-0.0411702024	0.023558196	0.1538965217	0.1143484566	-0.0756691585	-0.1256170703	0.0674697838	0.0446969259	-0.0561814056	0.1273803183	0.2613537359	-0.0047235401	-0.0103083639	-0.2212978778	0.052525301	0.0137160829	-0.0729775512	-0.1016856437	0.2056148928	0.0074949209	-0.0821761472	0.090819683	0.0776250707	0.1825604072	0.118013322	0.0923234305	0.0787808763	0.1021635885	0.0404587639	-0.0411090729	-0.1059518514	-0.0073590021	0.2722438144	0.0394068622	-0.047620912	-0.1033748921	-0.3129627238	0.0315979629	-0.081789708	0.1813684059	-0.0692861129	-0.0106034386	-0.155915944	0.1551433414	0.0547017794265087	-0.0064907676686516	4.21300649284142e-05	0.0029922846724264	-0.020149473496076	-0.0371720228612558	0.0013817592835977	0.000406001282169	0.0769798679553019	0.0002157458597196	0.0059259000704157	4.6546275986151204e-08	0.003261965870525	9.886163727120022e-05	1.064042134046992e-05	9.773623323942363e-09	-0.0004997614072914	0.0002923634042229	2.497614642178806e-07	8.547636012880287e-08	-0.0001591856780397	-0.0003974390628382	1.5795780866978618e-07	2.5340080092959023e-08	0.0	0.0	0.0	0.0	0.0
855.7676883487254	-2.0175430830879577	4.070480092116062	732338.3364217213	665.0715158676433	-16.66537825860712	277.7348325024549	442320.1212184849	828.850282708431	0.2682820332653364	686992.791145846	0.071975249372983	819.2168318388478	558.5868244808598	1.22133	18.529425	0.0674367425828083	0.0355802043234173	0.091178631	-0.1720355336	-0.0710254462	0.0554301754	0.0683998558	-0.1861590891	0.0141146454	-0.1175805243	0.0308971337	0.1138530744	0.0826268672	-0.0014500874	0.0879003787	0.1046728572	-0.1918779368	0.036091327	0.0018807975	0.0198410451	-0.0587033356	0.0141394149	0.0477615173	-0.076183385	0.2115328576	-0.0961826602	0.0490944373	-0.0203332055	0.0164569105	0.0788785541	0.0217412359	0.1115304093	0.167005105	0.1172021842	0.0103684096	-0.0436674799	-0.0095846826	-0.0680635416	-0.0170591547	0.0420679869	0.021911555	-0.1280413153	-0.0126033873	0.0692956826	0.2097171178	0.1630846205	-0.031083856	-0.1415296802	0.0644641059	0.0753782721	-0.0232878356	-0.0840926851	0.0720350817	0.0495661122	0.0142138592	-0.1263721922	0.0085767572	0.0097165587	0.3279819037	-0.0995473753	-0.0136623225	0.029081883	-0.0163613435	0.1650990163	0.1738320982	0.0043907713	0.0259678266	0.1108153566	-0.1561451084	0.1560591586	0.0627258611671663	0.0080240817406576	6.43858877807547e-05	0.0039345336591626	-0.0406938709848532	-0.0205443974887771	0.0004220722681768	0.0016559911357318	0.1018253829281405	0.0248455149728386	0.0103684086084624	0.0006172996142655	0.0032358992588816	-2.6066611643399927e-05	1.0471044013630489e-05	6.794682425678325e-10	-0.0005081571470524	-8.395739760999978e-06	2.582236861004344e-07	7.048844613443598e-11	-0.000405178294246	-0.0002459926162062	6.051236722802e-08	1.6416945012809813e-07	0.0	0.0	0.0	0.0	0.0
