global_signal	global_signal_derivative1	global_signal_derivative1_power2	global_signal_power2	csf	csf_derivative1	csf_power2	csf_derivative1_power2	white_matter	white_matter_derivative1	white_matter_derivative1_power2	white_matter_power2	csf_wm	tcompcor	std_dvars	dvars	framewise_displacement	rmsd	t_comp_cor_00	t_comp_cor_01	t_comp_cor_02	t_comp_cor_03	c_comp_cor_00	c_comp_cor_01	c_comp_cor_02	c_comp_cor_03	c_comp_cor_04	w_comp_cor_00	w_comp_cor_01	w_comp_cor_02	w_comp_cor_03	w_comp_cor_04	w_comp_cor_05	w_comp_cor_06	w_comp_cor_07	w_comp_cor_08	w_comp_cor_09	w_comp_cor_10	w_comp_cor_11	w_comp_cor_12	a_comp_cor_00	a_comp_cor_01	a_comp_cor_02	a_comp_cor_03	a_comp_cor_04	a_comp_cor_05	a_comp_cor_06	a_comp_cor_07	a_comp_cor_08	a_comp_cor_09	a_comp_cor_10	edge_comp_00	edge_comp_01	edge_comp_02	edge_comp_03	edge_comp_04	edge_comp_05	edge_comp_06	edge_comp_07	edge_comp_08	edge_comp_09	edge_comp_10	edge_comp_11	edge_comp_12	edge_comp_13	edge_comp_14	edge_comp_15	edge_comp_16	edge_comp_17	edge_comp_18	edge_comp_19	edge_comp_20	edge_comp_21	edge_comp_22	edge_comp_23	cosine00	cosine01	trans_x	trans_x_derivative1	trans_x_power2	trans_x_derivative1_power2	trans_y	trans_y_derivative1	trans_y_power2	trans_y_derivative1_power2	trans_z	trans_z_derivative1	trans_z_power2	trans_z_derivative1_power2	rot_x	rot_x_derivative1	rot_x_power2	rot_x_derivative1_power2	rot_y	rot_y_derivative1	rot_y_derivative1_power2	rot_y_power2	rot_z	rot_z_derivative1	rot_z_power2	rot_z_derivative1_power2	motion_outlier00	motion_outlier01	motion_outlier02	motion_outlier03	motion_outlier04
886.8623224043735	n/a	n/a	786524.7789004789	859.7110071404036	n/a	739103.0157983671	n/a	862.4661539851709	n/a	n/a	743847.8667699725	858.3833904168142	663.3488357840232	n/a	n/a	n/a	n/a	-0.1262644249	0.1117809523	-0.0810002653	0.0135169883	-0.0608251207	0.1685784587	-0.0850956228	0.0507392952	-0.0595582836	-0.1021698941	-0.0620261734	-0.1024155755	0.1776783885	-0.1044399488	0.170239693	-0.0329114784	0.0150746664	-0.0120004104	0.1094972218	-0.2061141929	0.0854007328	-0.1974478928	-0.0839510796	-0.0640432615	0.0849865315	-0.1357966883	0.1221691451	-0.0997663995	0.1682858208	-0.029428465	0.1587159566	0.1090359539	-0.221360831	-0.0633190862	-0.1325011811	0.1190908227	-0.0344152254	0.2080138104	-0.0205186683	0.0326363452	-0.0620692208	0.1765710045	-0.0943944708	0.1236632412	-0.2939297006	-0.0431249568	0.1252380177	-0.1789982603	0.1086810614	-0.2177037072	0.0077768446	-0.1859489874	0.0367547871	-0.0008268471	0.192358663	0.0801531656	-0.2440606593	0.1561451084	0.1560591586	-0.0067827713642998	n/a	4.6005987380365374e-05	n/a	0.0167908655821094	n/a	0.0002819331669964	n/a	-0.0647203165353857	n/a	0.0041887193724405	n/a	-0.0019839637384984	n/a	3.936112115676548e-06	n/a	0.0006101222604135	n/a	n/a	3.7224917265207866e-07	-0.000122894672673	n/a	1.5103100571403812e-08	n/a	0.0	0.0	0.0	0.0	0.0
883.3761818025545	-3.486140601818988	12.153176295650857	780353.4785760598	853.08574265103	-6.625264489373535	727755.2843144594	43.89412955415397	863.4397201667617	0.9735661815908544	0.9478311099373964	745528.1503616559	859.5128817808738	668.3274280214773	1.332175	20.90415	0.1098999252162841	0.0668587888137934	-0.1445965314	0.1082810988	0.1360094152	0.0556674142	0.0455772885	0.1741910713	0.1434529529	-0.0550239764	-0.1289485798	-0.0333172598	0.196148392	-0.1500002554	0.0157242893	-0.1000433916	0.1413703789	0.1242297601	0.1239317552	0.0739492923	0.165637229	-0.0267371259	-0.1901228453	-0.1175679413	0.0048892619	0.207086538	0.1377724502	-0.0598752187	-0.0020988863	-0.0542703264	0.094525888	-0.118997665	0.0926623391	0.1355745525	-0.0749637892	-0.0565543448	0.0929822445	-0.107943517	0.0652383983	0.1672048755	0.1016225203	0.1224326194	0.0596825945	0.2021156388	-0.0162878116	0.0114706474	-0.1001196634	0.1089468492	0.1473711594	0.0238918751	0.0484028978	-0.1280943279	-0.1150563092	0.0019669225	0.1991253784	0.2055036384	0.1194446035	0.0760993207	0.0832448665	0.155915944	0.1551433414	-0.0205354111457012	-0.0137526397814014	0.0004217031109229	0.0001891351009569	0.022227356322972	0.0054364907408625	0.0004940553691083	2.955543157548477e-05	-0.0018994360754049	0.0628208804599808	3.607857404549569e-06	0.0039464630217671	-0.0020740020504062	-9.003831190780012e-05	4.3014845050891225e-06	8.1068976112063e-09	0.0009529993491239	0.0003428770887104	1.1756469796251953e-07	9.08207759430577e-07	1.9882113895860337e-06	0.0001248828840625	3.952984529679627e-12	1.5595734731789305e-08	0.0	0.0	0.0	0.0	0.0
880.1340343530219	-3.242147449532581	10.51152008451062	774635.9184265264	848.7588792179906	-4.326863433039421	720391.6350513796	18.72174716817368	863.9431151307499	0.5033949639881712	0.2534064897686521	746397.7061818242	859.3319250827715	647.1964200806849	1.323013	20.76038	0.1044491661038365	0.0671316814439608	0.0324159577	-0.0853871313	0.1739910144	0.0297764449	0.0117087819	-0.0121364421	0.2012843938	-0.1554314761	-0.0330793414	-0.0179298382	0.108151179	-0.0768846676	-0.1685234268	-0.0909687691	0.1131975193	0.0764129881	0.0029381265	-0.0800991125	-0.2627573174	-0.116305499	-0.148575703	0.1546384748	0.0060056337	0.1270974326	0.1365823353	0.1463032292	-0.0662537253	0.0281964902	0.0869695555	-0.1129050829	-0.2859170448	-0.1964762225	0.0323961454	-0.0244529853	0.0282961804	-0.1488317981	0.0007214933	-0.0819833864	0.1068172892	0.097079234	-0.0543497575	0.0768775548	0.0403697091	-0.0245237815	-0.1975362646	0.1476101553	0.069094383	-0.0199529453	0.0364012631	0.249134213	-0.005273599	-0.0629800077	0.1265493574	-0.1138852944	-0.2020399414	0.1425025275	-0.0431449064	0.1554579513	0.1533170814	-0.0232699787815704	-0.0027345676358691	0.0005414919124947	7.477860155143254e-06	0.0850887543056018	0.0628613979826298	0.007240096109279	0.0039515553563305	0.0115152659863326	0.0134147020617375	0.0001326013507359	0.0001799542314051	-0.0022650041074353	-0.000191002057029	5.13024360669878e-06	3.6481785789347485e-08	0.000635999512548	-0.0003169998365759	1.0048889638914733e-07	4.044953799612936e-07	1.2201365225839467e-06	-7.68074867002087e-07	1.488733133743246e-12	5.899390013202736e-13	0.0	0.0	0.0	0.0	0.0
879.5825692095801	-0.5514651434417601	0.3041138044312411	773665.4960573259	849.0659612722175	0.3070820542268393	720913.0065911147	0.0942993880281754	861.7749277318879	-2.16818739886196	4.701036596583792	742656.0260673007	857.6399505646664	631.728764458073	1.170662	18.369732	0.1548436654630859	0.0887393480374393	0.143165332	-0.1513721964	0.0945403672	0.0016456578	-0.0606286831	-0.1568543031	0.1074533273	-0.1469945768	-0.1463728789	-0.121704896	0.0581207555	-0.1559919041	-0.0488132611	-0.1719546166	-0.0717479329	-0.1258097067	-0.2038369473	-0.0087789912	0.0690623413	-0.0652001029	0.0408239741	-0.0269211567	-0.1003951819	0.0627430205	0.2101212973	0.0621012775	0.0786140669	-0.117912201	-0.0891140328	0.1988192484	0.0066741656	0.0792618831	0.0223456329	0.0290289145	-0.2002363577	-0.1487341215	0.0213833162	-0.0779290643	0.0205592114	0.0425847794	0.0989696697	0.2373868196	-0.1210053471	-0.0689145358	-0.1044809135	-0.0535589706	-0.0656604852	0.0190187767	0.1540625738	-0.1279664027	-0.0712029332	-0.0963864097	-0.0421368049	-0.1600313831	-0.086915967	-0.1164767448	0.0523224437	0.1547718027	0.1505910958	-0.0138656148883455	0.0094043638932249	0.0001922552762319	8.844206023619218e-05	0.0117717719366652	-0.0733169823689365	0.0001385746145288	0.0053753799036869	0.0580961282865928	0.0465808623002602	0.0033751601218922	0.0021697767326358	-0.0023774307831155	-0.0001124266756801	5.652177128505179e-06	1.2639757404500837e-08	0.0008612056729437	0.0002252061603957	5.071781468017376e-08	7.416752111104112e-07	-0.0001719761654148	-0.0001731963019373	2.957580147077865e-08	2.9996959004785475e-08	0.0	0.0	0.0	0.0	0.0
880.1310031059649	0.5484338963847222	0.3007797387037282	774630.5826283119	842.9089093762775	-6.157051895939958	710495.4295059056	37.90928804929783	863.6467578415151	1.871830109627126	3.503747959306699	745885.7223301606	858.5134459946354	628.7801711073199	1.233	19.347923	0.0526690053119502	0.0256932906327104	0.1727560215	-0.0542740172	-0.1114785651	-0.035407705	0.0249536503	-0.1224491288	0.1165375011	0.120581399	0.1416870791	-0.0361902861	-0.1079265401	-0.0559244919	-0.132082464	-0.009487819	-0.0769749169	0.0252002954	0.0536758	0.0783857892	-0.0887886388	0.0044742764	-0.0806548236	-0.0641271736	-0.0411289254	-0.1016556894	0.0899300217	0.0370735146	-0.16587537	0.1618426494	-0.0382510116	-0.0582173678	-0.0790032593	-0.0841447024	0.2328531721	0.0062290241	0.0234704202	-0.1707193397	0.1789049954	-0.018104588	0.119151736	-0.197340722	0.0284577942	0.2398758788	-0.0684000556	-0.0970755936	-0.0463563127	0.1397617191	0.0511939543	0.1260362517	-0.1199355204	0.1358023296	-0.0034796519	0.104152094	0.1077563668	-0.055656102	0.1169518999	-0.059220557	0.0902813583	0.1538585052	0.1469813818	-0.021790818345849	-0.0079252034575034	0.0004748397641817	6.280884984282541e-05	0.0309641350961271	0.0191923631594619	0.0009587776622512	0.0003683468036446	0.0581653168934508	6.918860685799916e-05	0.0033832040893155	4.787063318950768e-09	-0.0025490041006679	-0.0001715733175524	6.497421905221769e-06	2.943740329593673e-08	0.0006969988866556	-0.0001642067862881	2.696386866306576e-08	4.858074479991459e-07	1.8887325072371784e-06	0.000173864897922	3.5673104838944384e-12	3.0229002729440415e-08	0.0	0.0	0.0	0.0	0.0
881.3638615317515	1.2328584257866169	1.5199398980330552	776802.2564141604	848.610868054767	5.701958678489518	720140.4053806652	32.51233277120193	864.0910226922286	0.44426485071358	0.1973712575795595	746653.2954973016	859.2363502038863	628.4339259619852	1.095593	17.191763	0.0452549778586244	0.0338770603723736	0.1038637562	0.1495603694	-0.0055733631	0.039017042	0.0623490656	0.020361424	0.0542958365	0.1082054646	-0.1482380733	-0.038897163	-0.0314791519	0.0313564845	0.0283292229	0.0567186047	-0.0412951662	-0.0077454056	0.103780082	-0.0529987858	0.0596255717	-0.1851719072	-0.0330965976	-0.0693446619	-0.0434871102	-0.0405701904	-0.0295013841	-0.059314527	-0.0051992689	0.0460125907	0.0466909273	-0.0891481867	-0.0063319095	-0.1071085628	-0.1514515006	0.0379038245	-0.0500436637	-0.0490101593	0.1079016369	0.0578729707	0.2511413656	-0.107431952	0.0271528929	0.1518065605	-0.0111806221	-0.1887675086	-0.0413681365	-0.0830253527	-0.0609194966	-0.1558993458	-0.0346541131	0.2213807067	0.0608998945	0.0371366238	0.0532612418	0.0445983311	0.2104207042	-0.0548179836	-0.0111784672	0.152719399	0.1425091225	-0.0188505416925863	0.0029402766532626	0.0003553429221039	8.6452267977217e-06	0.0641291277797222	0.0331649926835951	0.0041125450297879	0.0010999167397029	0.0580175058588423	-0.0001478110346085	0.0033660309860808	2.184810195203556e-08	-0.002668001986048	-0.00011899788538	7.118234597556072e-06	1.4160496724935414e-08	0.0006359991722779	-6.099971437769996e-05	3.7209651541609752e-09	4.0449494713817393e-07	1.8483825218733752e-06	-4.03499853638032e-08	3.4165179471669784e-12	1.6281213188591329e-15	0.0	0.0	0.0	0.0	0.0
881.871457685857	0.5075961541054994	0.2576538556626939	777697.2678809782	849.2461727718975	0.6353047171304524	721219.0619677155	0.4036120836082042	864.7316631323615	0.64064044013287	0.4104201735336374	747760.84922366	860.2616035154992	634.6803119918675	0.982052	15.41011	0.0753830711298959	0.046474684618411	0.0747498991	0.0688619513	0.1560092838	0.0486996676	-0.0104463582	-0.0090177624	0.0413750379	-0.0053101468	-0.1562902936	-0.0001415992	0.1126858423	0.011406372	0.1048251685	-0.1111681792	0.0359013639	-0.0739127601	-0.1152604746	-0.0322963363	0.1165428305	-0.0700557533	-0.2115180516	-0.0140183229	0.0040431635	0.0934348588	0.0312467531	-0.0808541189	0.1644771174	-0.0653979798	0.0007244194	0.1194075705	-0.0612643733	0.0613712167	0.0634295643	0.0188222637	-0.1357744251	-0.0939650771	-0.0159864129	0.0497217682	0.1091252778	0.0733625262	0.1651119225	0.0851409598	-0.0160593676	-0.2532073211	0.1421318939	-0.124545043	-0.1242518932	0.0047601512	-0.0250726274	0.0111332142	-0.0198548783	0.1884768452	-0.1422609291	-0.1041859526	0.0060604883	-0.1045868021	-0.0418882372	0.1513561561	0.1372005631	-0.0284767741336935	-0.0096262324411072	0.0008109266650613	9.26643510102247e-05	0.0229686464267331	-0.041160481352989	0.0005275587186762	0.0016941852252097	0.0519518389564552	-0.0060656669023871	0.0026989935709574	3.679231497071432e-05	-0.0022980055361425	0.0003699964499055	5.280829444141578e-06	1.368973729426732e-07	0.0006359990508508	-1.214271000372566e-10	1.4744540623457922e-20	4.044947926831184e-07	1.2311451862228285e-06	-6.172373356505467e-07	1.515718469559643e-12	3.809819285209857e-13	0.0	0.0	0.0	0.0	0.0
882.798236605613	0.9267789197560888	0.8589191661042628	779332.72655398	849.3466554464296	0.1004826745321452	721389.7411180361	0.010096767881133	865.2229515814012	0.4912884490396436	0.2413643401597785	748610.7559432316	860.7613439589401	636.2327614719428	1.08106	16.963717	0.0974235962863852	0.0567737057655791	0.0673111774	-0.1789579209	0.0293892008	-0.0304521572	-0.0713026525	-0.0846216123	0.0605002874	-0.1200748102	0.09221764	0.0420124212	-0.0301735048	-0.0089709224	-0.145184009	-0.0529467731	0.0334986835	0.0278198344	-0.147048264	0.1176413352	-0.0105311498	-0.0875622535	0.0568226066	-0.0573130206	0.0565571996	0.000773687	0.0622626698	0.1958449917	-0.0124440646	-0.0712115601	-0.0480790467	0.0270607661	0.1674198068	0.0287352101	0.0038756853	-0.0574028263	0.0019981575	-0.1652137059	-0.0290462582	-0.0880339276	-0.0617967576	-0.0588185985	0.093339531	0.0019547454	-0.0431401422	-0.0689299937	0.0947782031	-0.058997352	-0.0130097651	0.1363295965	-0.0198928346	-0.0629044648	0.0904618053	0.1418810079	-0.1644122833	-0.0041626495	-0.2317048434	-0.0405659399	-0.0568861821	0.1497707771	0.1310868562	-0.0190557397021109	0.0094210344315826	0.0003631212155946	8.87558897610649e-05	0.0063097290580316	-0.0166589173687015	3.9812680785768346e-05	0.0002775195278972	7.328889559232721e-05	-0.0518785500608628	5.371262217143038e-09	0.0026913839564174	-0.0021389999530995	0.000159005583043	4.575320799359663e-06	2.5282775438844365e-08	0.0004059994774954	-0.0002299995733554	5.2899803743666027e-08	1.648355757265378e-07	9.344130798569564e-07	-2.967321063658721e-07	8.731278038077629e-13	8.804994294832724e-14	0.0	0.0	0.0	0.0	0.0
882.8974737318271	0.0992371262140068	0.0098480072192147	779507.9491220423	852.8922725943631	3.545617147933513	727425.2286511775	12.571400959720176	865.4407205630239	0.2177689816227257	0.047423329356999	748987.640808646	860.7869038292112	644.097647731744	0.950711	14.918315	0.0781013255986763	0.0378800469360652	0.0641926127	-0.0854876874	-0.156393095	0.0237890285	-0.0407979568	-0.0196630503	0.0217237019	0.0674071956	0.1647792833	0.0287608414	-0.1819934209	0.0517058941	-0.1456071337	-0.0045984162	0.0337773702	-0.0157156584	0.1258686756	-0.0525283718	-0.0309315892	0.0573002371	-0.12107543	0.0562560425	0.0264304215	-0.1530346559	-0.0065789153	0.0905025276	-0.1110450246	0.1620564861	0.0457285787	-0.0702558983	-0.0851257424	0.0142476111	0.0946974988	-0.0592356677	0.0449455339	-0.0107681617	0.0557957433	-0.0679811192	-0.0442663277	-0.1817382814	-0.0649219792	-0.0577617311	0.0350794844	-0.0140552752	0.0746301522	0.0329852389	0.0488082886	0.0838266294	-0.1361455451	0.032475513	0.0789472674	0.1101103853	-0.1218370399	-0.0360827478	-0.1322329211	0.1145847317	0.012683492	0.1479655889	0.1242038795	-0.0143897009725151	0.0046660387295957	0.0002070634940784	2.177191742608798e-05	0.0190440920434298	0.0127343629853982	0.0003626774417586	0.0001621640006438	-0.0188812534673843	-0.0189545423629766	0.0003565017324996	0.0003592746761898	-0.0017019984237942	0.0004370015293052	2.896798634597941e-06	1.9097033661517088e-07	8.999998191372427e-06	-0.000396999479304	1.57608586567669e-07	8.099996744470696e-11	7.791275070750081e-09	-9.266218047862064e-07	6.070396722809168e-17	8.586279691052462e-13	0.0	0.0	0.0	0.0	0.0
882.7080248065722	-0.189448925254851	0.0358908952802181	779173.45705792	849.6275498146234	-3.2647227797397136	721866.9734040004	10.658414828551402	864.4273856766964	-1.0133348863274705	1.0268475918483075	747234.705107848	859.8002625768879	640.410775990162	0.96276	15.107384	0.0850859538647793	0.054249165511384	0.0418205157	0.0651618962	-0.1150656895	0.0205348206	-0.0423854241	-0.044826871	-0.0842194907	0.1267278444	-0.0811454565	-0.0249688992	-0.1234422361	0.0870714754	0.076616847	-0.0250703572	-0.0792753324	-0.0596129192	0.0779136997	-0.1132700749	0.0842023141	-0.008371959	0.085083205	-0.1297251742	-0.0362131323	-0.1507814855	-0.0463985122	-0.063329258	0.1095353223	0.0484996875	0.0068918278	0.0079061389	0.0341127726	0.0466666306	-0.1578593965	-0.0493151993	-0.1017712534	0.1179344845	0.0112125817	-0.0047092949	0.0723477219	-0.0901434311	-0.0842716142	-0.1329492747	-0.0017643842	-0.0446647821	0.0146269343	-0.1239031439	-0.0437528908	-0.1699352034	-0.0319864238	-0.0638119774	0.1084926975	-0.0436265275	-0.1355275009	-0.1198331093	-0.1304262497	0.2026688422	-0.1101694425	0.1459432408	0.1165920251	-0.01612743335005	-0.0017377323775348	0.0002600941064603	3.019713815933095e-06	0.0641556542626915	0.0451115622192617	0.004115947973874	0.0020350530458623	-0.0188497609121043	3.1492555280000084e-05	0.0003553134864434	9.91781038063861e-10	-0.0011320022670758	0.0005699961567183	1.281429132664751e-06	3.248956186737467e-07	0.0002029999385191	0.0001939999403277	3.763597684716186e-08	4.120897503875839e-08	1.1502848299761205e-07	1.0723720792686197e-07	1.3231551900731923e-14	1.1499818763949028e-14	0.0	0.0	0.0	0.0	0.0
884.2702490348097	1.5622242282374827	2.4405445392921985	781933.8733280844	849.8906642004501	0.2631143858267251	722314.1410950823	0.0692291800289747	865.1492562415442	0.7218705648477908	0.5210971123936685	748483.2355752971	860.2395894515158	641.3764751138038	1.124299	17.642206	0.0996224463519218	0.0620122261354483	-0.0388580367	0.1889184202	0.0995714687	-0.0783405475	0.0853004402	0.0755935011	-0.0741392408	0.056225379	-0.1057680848	-0.0170074959	0.1208889403	0.2021370502	0.1417094804	-0.1020169096	-0.0681893564	0.0225623925	0.1182082739	0.146499164	0.1444692226	0.1067641601	0.0219625239	0.0458310757	-0.0178715306	0.0936036458	-0.1401057983	-0.090353014	0.2213830712	0.1250763006	-0.0491647517	-0.0507877474	0.0972576554	0.0943382296	0.1357906258	-0.0406015732	0.0170221679	-0.0202028896	0.0684899024	0.2062562489	-0.0315172216	0.1002687036	0.0446727152	-0.1563763791	-0.0448570901	0.0559727229	0.1686959209	0.009214479	0.1414201951	0.1672557121	-0.0648713691	-0.1436923266	-0.038259923	0.1229479952	-0.0962738291	0.1206075435	0.021763358	-0.0421266459	-0.1536988624	0.1437067008	0.1082959623	-0.0016200489963722	0.0145073843536777	2.6245587506465728e-06	0.0002104642007853	0.0120444826915075	-0.052111171571184	0.000145069563306	0.0027155742025213	-0.0188546328572982	-4.871945193902355e-06	0.0003554971801835	2.373584997238825e-11	-0.0017349950499314	-0.0006029927828555	3.010207823286461e-06	3.636002961759408e-07	0.0002030489697515	4.903123239997964e-08	2.4040617506608118e-15	4.1228884117145564e-08	-5.682352706632614e-05	-5.693855554932375e-05	3.2289132282574993e-09	3.241999108043426e-09	0.0	0.0	0.0	0.0	0.0
886.6075448921642	2.3372958573545475	5.462951924806729	786072.938659711	853.385055530903	3.4943913304528	728266.0530034823	12.210770770343688	866.8687713053109	1.7195150637667211	2.9567320545206712	751461.4666643795	862.566837110431	654.5724912291591	1.301688	20.425756	0.0834740012939329	0.0426797004286739	-0.066782359	-0.1710371998	0.0485751176	-0.1437046484	-0.0005696227	-0.0408656077	-0.0570015852	-0.2109871109	0.0913354688	0.0806301833	-0.0435461246	0.1774120959	-0.1790622389	0.0210789365	0.0876976693	0.1022433587	-0.03827834	-0.0645857292	-0.0439811389	0.0636856073	0.0030683442	-0.0174330285	0.0725311159	-0.0294326355	-0.1362905251	0.2924323628	0.005868009	-0.0265569284	0.0209829138	-0.0626073618	-0.0152111352	-0.0550507163	-0.1063651875	-0.0983426524	0.1156210689	-0.125213016	-0.1223749325	-0.0574663716	-0.0057462362	-0.0463048054	-0.0384754302	-0.1470296135	-0.0350542891	0.0320699071	0.1352242242	-0.2023533903	0.1100200736	0.0917857412	0.0468826078	0.0419824809	0.1318019368	0.1294734997	0.0826044562	0.0269994848	-0.1749947547	0.0983875937	-0.0190786637	0.1412592515	0.0993643757	-0.0104674461964435	-0.0088473972000713	0.0001095674298754	7.827643721582948e-05	0.0390868638891959	0.0270423811976883	0.0015277829286925	0.000731290380841	-0.0445840022422743	-0.0257293693849761	0.0019877332559391	0.0006620004489485	-0.0021150046718007	-0.0003800096218692	4.473244761738786e-06	1.444073127132483e-07	0.0002029998946564	-4.907509509999145e-08	2.408364959073205e-15	4.12089572305095e-08	2.148461932178266e-07	5.7038373259543965e-05	4.6158886740191684e-14	3.2533760240950604e-09	0.0	0.0	0.0	0.0	0.0
888.12455023529	1.5170053431257884	2.301305211072191	788765.2167306362	853.5848616001218	0.1998060692188801	728607.1159528991	0.0399224652966999	867.4592199147456	0.5904486094347021	0.3486295603833734	752485.498215099	862.7779314098103	656.578017895893	1.141498	17.9121	0.0471050925853272	0.0269445784883668	-0.0851253964	-0.033278743	-0.2024921448	-0.0655457114	-0.0396771578	-0.0005603436	-0.1703502579	0.1041190014	0.0972182591	0.1066445743	-0.1480277139	0.0887106997	0.0918059337	0.0124429504	0.113393979	-0.0892607296	0.1151723565	-0.0832330956	0.1740371266	0.1639403308	0.0303074066	0.1743082953	0.0869850819	-0.1465665879	-0.1261411177	-0.0517883272	0.0196913539	0.0520603005	0.1146921386	0.0496799327	-0.0234330374	0.2067014586	-0.0522775455	-0.0795388619	-0.0760081655	0.0817921626	-0.1233211827	0.0444663341	-0.0114627054	-0.1649256022	-0.0799935685	-0.174625856	0.0026914063	-0.0201900178	0.0906275498	-0.2239361303	0.1471197712	-0.0524583831	0.1155060168	-0.0599675853	0.0503699457	0.0474461245	-0.2050955598	0.0369327923	-0.0118475285	0.147057396	0.0991028507	0.1386044847	0.0898496795	0.0007175431422155	0.011184989338659	5.148681609404932e-07	0.0001251039865059	0.0489059861353098	0.0098191222461139	0.0023917954798671	9.641516168412889e-05	-0.0447038781174455	-0.0001198758751711	0.0019984367187394	1.4370225448060611e-08	-0.0016769955257182	0.0004380091460824	2.812313993278862e-06	1.9185201205192074e-07	0.0002030683797835	6.848512709999076e-08	4.690212633901889e-15	4.123676686789579e-08	-8.132962510484418e-05	-8.154447129806201e-05	6.614507919694501e-09	6.649500799280459e-09	0.0	0.0	0.0	0.0	0.0
889.0815404953333	0.9569902600433124	0.9158303578177668	790465.9856495551	852.9364931084389	-0.6483684916829588	727500.661276122	0.4203817010072351	866.6710696260876	-0.7881502886580165	0.6211808775117147	751118.7429268268	862.25996343925	664.0865981129766	1.142647	17.930122	0.0515164422257423	0.0374382444255921	-0.1834433067	0.1128545502	0.0503395514	-0.0610906518	0.0651100863	0.1233337107	-0.1469386943	-0.0601442707	-0.0090148737	0.0716373378	0.1641173269	0.1514255367	0.2029147152	-0.0285418776	0.0834017184	-0.0645697334	-0.0029034331	0.1002499409	-0.0026874979	0.2283656632	0.0171349994	0.1056023101	0.0588299367	0.1261574033	-0.1655609411	-0.1064850835	0.1625380601	0.0086914842	0.0942629623	0.059843179	0.0314954884	-0.0066869948	0.1677632588	-0.0500956189	0.0068461087	0.0316838616	-0.0988610686	0.2264003042	-0.0902243005	0.1103268952	0.0345161385	-0.0805819998	0.0636105949	0.0941152372	0.1930845937	-0.0394012802	0.1438856955	-0.0072739036	-0.0002024364	-0.0653027151	-0.1451743986	-0.023693454	-0.0549860453	0.1888221509	0.0162045272	-0.164043911	0.0007395932	0.1357462967	0.0798077096	0.000652385697208	-6.515744500749997e-05	4.2560709792156826e-07	4.245492639905382e-09	0.0136540352504255	-0.0352519508848842	0.0001864326786198	0.0012427000411902	-0.0446314981940076	7.237992343789995e-05	0.0019919706310417	5.238853316876259e-09	-0.0014360006269531	0.000240994898765	2.0620978006096966e-06	5.807854123080076e-08	0.0002029996070369	-6.877274659998489e-08	4.729690674905733e-15	4.1208840457135824e-08	1.457828317089679e-07	8.147540793655315e-05	2.1252634021085252e-14	6.638242098427748e-09	0.0	0.0	0.0	0.0	0.0
888.0471213787191	-1.034419116614231	1.070022908816966	788627.6897890294	852.4865492221921	-0.4499438862467286	726733.316604761	0.2024495007708091	867.9600279829093	1.288958356821695	1.6614136456204838	753354.6101760927	863.5570924171582	666.5482242324978	1.186661	18.620777	0.0496473170206461	0.0304212144886093	-0.1336853265	-0.1671791336	-0.0870967734	-0.0387213191	-0.0318465643	-0.0170886048	-0.0156936445	-0.1259237641	0.2162353839	0.1435608141	-0.0719215455	-0.0071088331	-0.1797912072	0.1465888044	0.1569696976	-0.0316840717	0.0435090459	0.0993047542	-0.0549135004	0.0632507272	-0.00146177	-0.0779861284	0.1362848319	-0.0493420243	-0.0544751248	0.1531731621	-0.1881759506	-0.025703163	0.1252218465	0.0289688786	0.1194032541	-0.1256345169	-0.0355780957	-0.0572357602	0.1442576116	-0.0291378971	-0.1080875131	-0.0141319206	-0.1037397806	-0.1075589243	-0.065885453	-0.0679916206	0.0995613977	0.129793899	0.1471295909	0.0319039674	0.1004416836	-0.0414789464	-0.0448921454	0.1136392906	-0.0394414635	-0.0940131324	0.1571516359	0.1295500214	-0.0650041829	-0.0720502586	-0.0315066812	0.1326888823	0.0692973963	0.0005978558718311	-5.452982537689996e-05	3.574316434829248e-07	2.973501855635202e-09	0.0386889390653806	0.0250349038149551	0.0014968340060047	0.000626746409024	-0.0445324642266911	9.903396731650305e-05	0.0019831403701015	9.807726682446192e-09	-0.0011999990857208	0.0002360015412323	1.439997805730756e-06	5.569672746402104e-08	-4.999999522481424e-05	-0.0002529996022617	6.40087987445856e-08	2.499999522481447e-09	-3.006193423035243e-08	-1.7584476593932033e-07	9.037198896700353e-16	3.092138170825435e-14	0.0	0.0	0.0	0.0	0.0
887.8320941753002	-0.2150272034189129	0.0462366982101585	788245.8274476992	856.5378797442414	4.051330522049284	733657.1394367606	16.413278998888124	867.4664869324663	-0.4935410504430138	0.2435827684723934	752498.1059509547	864.103839626764	663.7787961830213	1.06007	16.634352	0.021605052948145	0.0143456361286984	-0.1213374139	0.0274169351	-0.0247391677	0.083413487	0.0298998094	0.1607768862	-0.0091457264	-0.0141963576	0.0685834436	0.1098577943	-0.0031931214	0.0450285376	-0.0466836611	0.0633221367	0.1069270845	0.0036286908	0.1061104008	-0.1339353615	-0.1393444261	0.0617079572	0.0221086072	0.0993463367	0.1118350936	0.0001081984	-0.0729637199	-0.0069202377	-0.051917952	0.0323876316	0.1576882496	-0.0763182511	-0.1359972511	-0.0504928686	-0.0257041639	-0.0314766444	0.0875313721	0.086191446	-0.1162386652	0.0394202876	0.067114789	-0.0247808876	-0.0865099713	-0.0490645446	0.1912427219	0.0542430084	0.0665534116	-0.044172025	0.0267745218	-0.0476585868	-0.0502204823	0.1767374876	0.1003884685	-0.2974942781	0.07432468	0.0948217415	0.0804324117	0.0761411704	0.1036147558	0.1294367287	0.0583804184	0.0006486866728039	5.08308009728e-05	4.207943994733941e-07	2.5837703275364048e-09	0.0437496752509787	0.005060736185598	0.001914034084566	2.5611050740221963e-05	-0.0446677585435253	-0.0001352943168342	0.0019952086533026	1.8304552167634458e-08	-0.0012740033940122	-7.400430829139991e-05	1.6230846479546047e-06	5.476637645688562e-09	0.0002029999764869	0.0002529999717117	6.400898568612821e-08	4.120899045368196e-08	1.294909574544581e-07	1.5955289168481052e-07	1.6767908062472276e-14	2.5457125244984878e-14	0.0	0.0	0.0	0.0	0.0
884.8997225605959	-2.932371614704266	8.598803286723305	783047.5189878197	859.3450545821079	2.807174837866455	738473.9228347259	7.880230570350559	865.6428129393702	-1.823673993096122	3.325786833095155	749337.4795935855	862.0272642974383	658.1358550784657	1.142065	17.920994	0.1005622575064383	0.0496983032745267	-0.0668675009	-0.0338509109	0.1732696817	0.0843528435	0.0032913238	0.0947860771	0.0413713469	-0.1066788573	-0.0706466222	0.0032465455	0.1524616424	0.0716600128	0.0381666758	-0.0740551755	-0.0216384693	-0.0446392585	-0.1070854007	0.0150629242	-0.1385234408	0.0604951266	-0.1423122627	-0.0741478811	0.0142067769	0.1362278637	-0.0094195913	0.0118660682	0.1177998463	-0.0365754641	0.0075349833	0.1491462945	-0.0822188861	-0.1128548486	-0.0270713111	0.0163738595	-0.1119299533	0.0586676391	-0.1242651135	0.0053352099	-0.1529680366	0.2045143426	0.0531442019	-0.0187780697	0.1368857487	0.0069237353	0.1323672997	0.1077133456	-0.1107389615	-0.1027105229	-0.032900623	0.0315518091	-0.0904445607	-0.0831994304	0.0321302937	-0.0471806015	-0.0012302206	-0.1075408291	0.0549369175	0.1259946088	0.0471208409	-0.0070311806819489	-0.0076798673547528	4.94375017822114e-05	5.898036258659777e-05	0.015193737729291	-0.0285559375216876	0.0002308496661864	0.0008154415677425	-0.0230984032436367	0.0215693552998886	0.0005335362324056	0.0004652370880528	-0.0006479993234973	0.0006260040705148	4.199031232529585e-07	3.918810963012238e-07	-2.599995364538365e-05	-0.0002289999301322	5.24409680005908e-08	6.759975895620984e-10	-8.454997547739911e-09	-1.37945955002198e-07	7.148698353228792e-17	1.9029086501468435e-14	0.0	0.0	0.0	0.0	0.0
882.1436315419909	-2.756091018605048	7.59603770283541	778177.3866700918	854.0767209696215	-5.2683336124863445	729447.0453022207	27.75533905245341	862.8778020214346	-2.765010917935569	7.645285376302901	744558.1012213421	859.2951570583543	640.510514831543	1.203891	18.891151	0.0720504146256551	0.0390077134920072	0.0669475835	-0.1565386633	0.0114794391	0.0751579916	-0.0911781434	-0.1140072648	0.0779177058	-0.0859091242	0.104231078	-0.1085456089	0.0041405988	-0.0940787925	-0.1318403063	-0.0174578716	-0.0580674504	0.1488723929	-0.1686722987	0.0811848986	0.0512874344	0.054266001	0.2551137812	-0.0834580649	-0.0754057786	0.0225225282	0.1633722187	0.1557615566	-0.0230192009	-0.073074812	-0.1352662183	-0.0044616008	0.1360801761	0.1132458673	0.1265125417	-0.008441128	0.0799023899	-0.0387677168	0.0028266222	-0.2158753212	-0.138655428	0.0482762241	0.0438346349	0.0019022828	0.0837401875	0.0385544096	0.0759913132	-0.015111233	-0.1400816546	-0.0500926214	0.0852504649	-0.0980100353	-0.040732331	-0.2347669129	0.1086896275	-0.0529396724	-0.0750811764	-0.0304903009	0.2311293578	0.1223675745	0.0355847396	0.0006442668671411	0.00767544754909	4.150797960958079e-07	5.891249507883169e-05	-0.0050605949833055	-0.0202543327125965	2.56096215850568e-05	0.0004102379936325	-0.0140780496215455	0.0090203536220912	0.0001981914811466	8.136677946757385e-05	-3.70000059028025e-05	0.0006109993175944	1.36900043680742e-09	3.733201661009417e-07	-0.0001169999640959	-9.100001045051636e-05	8.281001901994088e-09	1.3688991598441893e-08	-2.1682050131717056e-09	6.286792534568206e-09	4.701112979142916e-18	3.952376037270253e-17	0.0	0.0	0.0	0.0	0.0
880.9108727113734	-1.232758830617513	1.519694334465458	776003.9656611135	850.9506057029547	-3.126115266666829	724116.9333462255	9.772596660487425	863.8127963676517	0.9349943462170812	0.8742144274579073	746172.5471685021	859.3657082460445	631.7197712722334	0.9000099999999999	14.122722	0.1153588681730164	0.0750471730181382	0.1294472666	-0.0947610895	-0.0464935933	0.0587494379	-0.0440449478	-0.1434520756	0.1015227458	0.0399398505	0.1561973931	-0.0774268456	-0.1316001765	-0.0756363566	-0.0889155808	-0.0442456427	-0.1285818641	-0.0313196533	-0.0473137799	-0.1942442198	-0.0865883861	0.0385188275	0.0721844181	0.1715233293	-0.0718794173	-0.1135016461	0.1175682313	0.0182079514	-0.0986242481	0.1072284027	-0.0766809438	0.013358462	-0.246466669	0.069536905	0.0860269906	0.0067154484	0.0061240394	0.0290960572	0.0097996343	-0.2205306805	-0.0246017627	-0.0616006093	-0.1016934963	-0.1358989182	0.1200677347	-0.0084657671	0.1096350729	0.086133996	-0.075979563	-0.0273382395	-0.0896730743	0.0787086147	0.0284470831	-0.0766133657	0.1780041635	-0.0978923996	0.1594457161	-0.0198078538	0.028133193	0.1185609488	0.023839813	-0.0017371366961498	-0.0023814035632909	3.0176439011102422e-06	5.671082931254595e-06	0.0656320600024855	0.070692654985791	0.0043075673001698	0.00499745146894	-0.0051926607732752	0.0088853888482702	2.6963725906311e-05	7.895013498496619e-05	-0.0004400166654077	-0.0004030166595048	1.9361466583651185e-07	1.624224278384865e-07	-0.0001319448712635	-1.4944907167600004e-05	2.2335025024818196e-10	1.740944905274159e-08	-0.0002500290170458	-0.0002500268488407	6.251450936488896e-08	6.251342514125368e-08	0.0	0.0	0.0	0.0	0.0
883.7695916128033	2.8587189014299383	8.172273757392794	781048.6910594611	851.0713494544806	0.1207437515258789	724322.4418622706	0.0145790535325431	866.1723285668572	2.359532199205546	5.56739219908776	750254.5027749317	861.4822720528631	627.3019834203627	1.08822	17.076073	0.098251528277842	0.0538930326292078	0.0966076984	0.1261356485	-0.144911987	0.0133042397	-0.0573674993	-0.0907476033	-0.1128792268	0.1663740644	-0.0370268215	0.0096554848	-0.1087492902	0.1359813253	0.1299774924	0.0006367361	-0.1882345997	-0.1301457309	-0.0492450245	0.0512151366	-0.0014336134	-0.0088585418	0.0250764246	0.1092304459	-0.01715152	-0.1450298728	-0.1085346779	-0.1137270271	0.1084620509	0.1203606935	-0.0854096695	0.1365658197	0.064460243	-0.0537688987	0.0175489956	0.0320000903	-0.1518835256	0.161081679	0.0437065548	0.0416105929	-0.0557419513	-0.0664790166	-0.0396726383	-0.0851692183	-0.0595826137	0.0278994299	0.054857795	0.0153567003	-0.1846075139	-0.1095627315	-0.0357402943	0.0548570834	-0.0154589927	-0.1758427171	-0.1102036212	-0.0849956377	0.1330536284	-0.1497428845	0.0018979223	0.1145803187	0.0119549848	0.0098460104077986	0.0115831471039483	9.694392095047834e-05	0.0001341692968317	0.0184535319077951	-0.0471785280946904	0.000340532839872	0.0022258135131814	-0.0036073800052776	0.0015852807679976	1.3013190502476616e-05	2.5131151133830607e-06	-6.799996169424817e-05	0.0003720167037134	4.623994790419219e-09	1.3839642784182224e-07	-0.0002679996930168	-0.0001360548217533	1.851091452232224e-08	7.182383545709907e-08	-9.096288438932184e-09	0.0002500199207573	8.274246336425131e-17	6.25099607755171e-08	0.0	0.0	0.0	0.0	0.0
885.82179245324	2.05220084043674	4.211528289489261	784680.247985071	852.5793137993924	1.507964344911784	726891.4863186427	2.2739564655252256	866.9107041156556	0.7383755487983308	0.5451984510632362	751534.1689103018	861.8612091975895	641.7165692560881	1.120682	17.585455	0.0192861451951713	0.0117090159991969	-0.0313025697	0.1366479005	0.1296793837	-0.025639986	0.1156244097	0.1188296616	-0.0741825789	0.0084247237	-0.0490745474	0.038517784	0.1915354082	0.1591986367	0.1470208226	0.0234817673	-0.02466969	0.0363408113	0.0069888346	0.160627782	-0.0451058434	0.2832392497	0.0652852687	0.0988665288	0.018743269	0.1820552725	-0.1620822429	-0.0728749726	0.1285864289	0.0069336955	-0.053988884	0.0312774983	0.0767201884	-0.0831101916	0.2599914553	0.0486739067	0.0355357301	-0.0034099372	0.0155677219	0.0999607756	-0.0530499584	0.1728103299	0.0199169512	-0.052711459	-0.0092619872	0.1088260499	0.1236282332	0.1062262806	-0.177697312	-0.0122952594	-0.145836874	-0.0360161969	-0.1223539479	-0.052068871	-0.1000554603	-0.0325399589	0.071455238	-0.1327773601	0.0539073411	0.1104315261	-0.0	0.002280369062106	-0.0075656413456925	5.200083059410198e-06	5.723892897165332e-05	0.0148606408786235	-0.0035928910291716	0.0002208386473234	1.2908865947501772e-05	-0.0035808841923739	2.6495812903699727e-05	1.282273159919328e-05	7.020281014278608e-10	-0.0002300002659435	-0.0001620003042492	5.2900122334080736e-08	2.624409857685016e-08	-0.0002680000629462	-3.6992939999236016e-10	1.368477609787076e-19	7.182403373916719e-08	-3.076225785688942e-08	-2.1665969417957238e-08	9.46316508453755e-16	4.694142308198581e-16	0.0	0.0	0.0	0.0	0.0
885.9244478410235	0.102655387783443	0.010538128640969	784862.1272824224	854.6651892551156	2.085875455723226	730452.5857244825	4.350876416788576	866.8799177341429	-0.030786381512712	0.0009478012866462	751480.7917707543	862.3527502026543	646.2836343931921	1.151399	18.067465	0.0947370464980378	0.0544198708812876	-0.0166570278	-0.1920597847	0.0122789391	-0.0088504846	-0.0541123975	-0.0623708456	-0.0571728911	-0.1505634911	0.1331434196	0.0874196737	-0.0080005827	0.0356641093	-0.1281336034	0.108249172	0.0052654343	0.033364426	-0.0989260162	0.1082018983	-0.0604021191	-0.0309671136	0.1942323309	0.0257684311	0.0703529062	-0.0012167242	-0.0325102389	0.1663097355	-0.0694658483	-0.0632668139	-0.070214216	0.0283593086	0.0874804299	-0.0368272936	0.0498929492	-0.0283164418	0.1188439618	-0.0628669768	-0.0620520934	-0.1503416528	-0.1011124479	0.0089659276	-0.0578820078	0.0195121382	-0.0315192096	0.2120033579	-0.0407711876	0.0140090027	-0.2442097984	0.0115239361	0.0019039205	-0.0387026625	-0.0155547311	-0.0758411534	0.0012698773	0.0223980049	-0.0400125388	-0.0639102842	0.1045182622	0.10612066	-0.0119549848	0.0249056733467654	0.0226253042846594	0.0006202925648557	0.0005119043939734	0.0124190371676604	-0.002441603710963	0.0001542324841717	5.961428681388779e-06	-0.0506029329154955	-0.0470220487231216	0.0025606568196501	0.0022110730661196	-2.007649729567968e-06	0.0002279926162139	4.030657436634336e-12	5.19806330480733e-08	-0.0001470003194516	0.0001209997434946	1.4640937925759003e-08	2.1609093918872447e-08	-0.0001040001981352	-0.0001039694358773	1.0816041212160858e-08	1.080964359665296e-08	0.0	0.0	0.0	0.0	0.0
884.2957578987579	-1.6286899422656234	2.6526309280372	781978.9874377386	861.3580460215724	6.692856766456771	741937.6834461011	44.79433169630618	866.0182930342411	-0.8616246999017676	0.7423971234808111	749987.6838699407	861.7706876493507	651.1085358925236	1.091153	17.122089	0.1057008900017918	0.0564294888526799	-0.0061542287	-0.0536855699	-0.1384158982	0.1471983555	-0.0570624701	0.0491663664	-0.0181156505	0.0993671771	0.1144483413	0.0400592613	-0.0964862251	-0.135307225	-0.0425402398	0.0663341836	0.0129758261	0.0026011653	0.0414444529	-0.1998027207	0.0759073137	0.0504749653	0.1196290567	0.0155493421	0.0353901934	-0.0848340121	0.0642027798	-0.0636625246	-0.1446281627	0.0331109566	0.016195493	-0.0103328699	-0.1309392163	0.2301584355	-0.0642953001	0.0079538465	-0.0256227136	0.1151977214	-0.0055439344	-0.1463255041	0.0425197946	-0.096583465	-0.1519167816	-0.0493192135	0.0824760693	-0.0156977326	-0.0695287719	0.1844965088	-0.0121180678	0.0334586881	-0.0929693704	-0.0453212853	-0.1095334712	0.0517733184	-0.0098537836	0.1260069311	0.1358356914	-0.102218939	0.1035339138	0.1016540472	-0.023839813	0.0074659577401519	-0.0174397156066135	5.574052497773407e-05	0.0003041436804395	0.0578693977366384	0.045450360568978	0.0033488671944012	0.0020657352758501	-0.0235427911580927	0.0270601417574028	0.0005542630155135	0.0007322512719307	0.0001399997936918	0.0001420074434213	1.9599942233746562e-08	2.0166113987073023e-08	-7.799999155366777e-05	6.900032789793222e-05	4.761045250022163e-09	6.083998682372243e-09	5.471921450103449e-09	0.0001040056700566	2.994192435610223e-17	1.0817179403932764e-08	0.0	0.0	0.0	0.0	0.0
881.9192955068258	-2.376462391932023	5.647573500267272	777781.643787256	854.2473076221555	-7.110738399416846	729738.4625797016	50.56260058494125	864.8957294664884	-1.1225635677526498	1.2601489636455578	748044.6228493692	861.3170438819516	632.9409713856224	1.170698	18.370287	0.2066644361629065	0.1126854930539436	0.0789275357	0.1456368657	-0.1366332433	0.1042775373	-0.0225880937	-0.018030809	0.0087754537	0.2290056123	0.007819108	-0.0401453372	-0.1312652118	-0.0807931977	0.0673970562	0.0770834925	-0.0509462648	-0.1163488305	0.1965128791	0.1375809696	-0.3091229597	-0.1045803659	0.0004988041	0.0229526192	-0.0382478235	-0.1382395962	0.0497321925	-0.1463346455	-0.0424586591	0.0599955318	0.0694434404	-0.046101507	0.0729985559	-0.4030553871	-0.0629914497	-0.0022317956	-0.0169017304	0.2083414004	0.1840794914	0.0391956511	-0.2859292122	0.0358372521	-0.0173061554	-0.0791114352	0.1314925136	-0.0108389021	-0.0783068036	0.1442810692	-0.1486373847	-0.0487667892	0.1318535579	0.115699376	0.0674796958	0.3047866703	0.0869946832	-0.0766862792	0.0433323736	0.085679473	-0.115494469	0.0970382431	-0.0355847396	0.0227885481205021	0.0153225903803502	0.0005193179254404	0.000234781775964	-0.0148203756929632	-0.0726897734296016	0.0002196435356805	0.0052838031612468	-0.0608413683804514	-0.0372985772223587	0.0037016721064057	0.0013911838628122	0.0016019946744794	0.0014619948807876	2.566386937060359e-06	2.137429031449149e-06	-7.863209885283773e-05	-6.321072991699594e-07	3.995596376639406e-13	6.183006970002444e-09	-0.0001644374426037	-0.0001644429145251	2.703967253004513e-08	2.7041472137525823e-08	0.0	0.0	0.0	0.0	0.0
879.9891168077061	-1.930178699119779	3.725589810535721	774380.8457000066	854.2903744231822	0.0430668010267254	729812.0438321009	0.0018547493506755	862.8992976915654	-1.996431774923053	3.985739831922413	744595.1979565967	857.9788955704191	629.7238241769735	1.234454	19.370741	0.115690864011958	0.0571568378619218	0.0740479124	0.1854857793	0.0712076456	0.0863973975	0.0932683124	0.0522081403	0.0916048478	0.0665736087	-0.2024015023	-0.1172671121	0.0332936169	-0.1910600481	0.0939599448	0.0991419207	-0.1195001291	0.1446354093	0.0927050273	-0.0287910394	0.0672615486	-0.0185638798	0.2582306989	-0.0457456496	-0.1213185083	0.0178837882	0.0840802664	-0.1566043213	-0.0461372185	-0.1293086262	-0.1058614835	-0.2551904956	0.1301201364	0.0041629731	-0.1832947011	0.0592609983	0.1202825146	0.1470050988	0.1825231915	-0.059486435	0.0638203199	0.1320645532	-0.076755656	-0.0349794739	0.0481723786	-0.0849279311	-0.0875030401	-0.0170724331	-0.1170991384	-0.0044514106	0.0334613216	-0.1668981999	0.0381526668	-0.0301831538	0.0283871788	0.1770629042	-0.0112396679	-0.0144996011	-0.0043429843	0.092280022	-0.0471208409	0.0084970283224947	-0.0142915197980074	7.219949031327709e-05	0.0002042475381368	0.0161768831698623	0.0309972588628255	0.0002616915490913	0.000960830057009	-0.0205926733475649	0.0402486950328865	0.0004240581955995	0.0016199574518503	0.0012330019373433	-0.0003689927371361	1.5202937774923312e-06	1.3615564005919104e-07	-8.999968464928898e-06	6.963213038790883e-05	4.848633582358736e-09	8.099943236971463e-11	5.4962370646480935e-09	0.0001644429388407	3.020862187081149e-17	2.7041480134587465e-08	0.0	0.0	0.0	0.0	0.0
880.4691403377668	0.4800235300607482	0.2304225894119821	775225.9070871262	849.5995356094005	-4.690838813781738	721819.370907709	22.003968776881266	864.0084971507256	1.1091994591602088	1.2303234402012997	746510.6831486553	860.6806262062457	627.2180071747418	1.215252	19.069429	0.126773169478717	0.073556661371138	0.1162748916	0.0979443544	0.1441520971	0.0207495603	0.0262334963	-0.1372296456	0.0109303995	0.0084575151	-0.2858545193	-0.0966025459	0.0992598227	0.0054169244	0.1504376194	-0.126531717	-0.2197497739	-0.0933647625	-0.165057299	-0.1192986905	-0.0380223783	0.0172152623	-0.0291949439	-0.0995171545	-0.0917266857	0.0584923829	0.0474525393	-0.1134856486	0.2077703932	-0.0205734391	-0.1766195457	0.1610928147	-0.1482273907	-0.0047894487	-0.0993293292	0.0740031889	-0.2112781954	0.0485985348	0.0006941635	-0.0311074881	0.0510463376	0.226115039	0.0077407019	-0.1666339039	-0.14522744	0.0882360048	-0.1230866404	0.1062317918	-0.1720073467	-0.0498737639	-0.1465036485	-0.0183484489	-0.0058521575	0.0652915446	-0.0010828105	-0.044360705	0.0679484486	0.0638974362	-0.0413189518	0.0873863672	-0.0583804184	-0.0041779490621109	-0.0126749773846056	1.745525836559335e-05	0.0001606550517002	0.0727082013022197	0.0565313181323573	0.0052864825366041	0.0031957899297818	-0.0088763716607189	0.0117163016868459	7.878997385921362e-05	0.0001372717252171	0.0003850000355637	-0.0008480019017796	1.4822502738405028e-07	7.191072254218184e-07	-7.799996041413237e-05	-6.899999194920348e-05	4.760998888990144e-09	6.083993824606217e-09	1.504800642307489e-08	9.551769358426797e-09	2.264424973089032e-16	9.123629787658105e-17	0.0	0.0	0.0	0.0	0.0
883.174212380071	2.7050720423042094	7.317414754055866	779996.6894131588	848.1249219761338	-1.4746136332666993	719315.8832770231	2.174485367416016	865.4805347591588	1.4720376084331974	2.1668947206417277	749056.5560469994	860.8598660312892	630.5617256090479	1.295932	20.335428	0.1781888754313718	0.097289166236296	0.0644383342	-0.1377833805	0.0020603753	-0.0972329329	-0.0082696903	-0.1707772217	0.014258592	-0.0995882503	0.0747720073	-0.0309609518	-0.0616934362	0.0736348734	-0.131828157	0.0981819437	-0.1091093131	0.1096469841	-0.2090417004	0.0288660221	0.2625731291	-0.0237310582	0.1540777878	-0.0375800348	-0.0438449337	-0.0219534874	-0.0308075404	0.1902427004	-0.0369595172	-0.0540167976	-0.2052822964	0.0420958609	0.2578233868	0.209233696	-0.0599538682	-0.0204099289	0.1103280227	-0.0920366387	0.0397893579	-0.1605509486	-0.0926341702	0.0177704835	-0.0070704568	-0.0172452296	-0.1973425783	0.1988860499	-0.172423085	-0.0705601505	-0.2356206949	0.1332985813	0.0733638939	-0.1434943927	0.0955329767	0.0667610714	0.0038769912	0.002718405	-0.0690005967	0.0272502313	0.0419580009	0.0823644609	-0.0692973963	0.0085384294181665	0.0127163784802774	7.290477692901111e-05	0.0001617062816536	-0.0046756542406711	-0.0773838555428907	2.186174257830564e-05	0.0059882610986829	-0.0516633593978923	-0.0427869877371734	0.0026691027042757	0.001830726319621	0.0010820044772798	0.0006970044417161	1.1707336888535332e-06	4.858151917719722e-07	7.797129391851065e-05	0.0001559712543326	2.4327032178098018e-08	6.079522675326776e-09	-5.304232936543987e-05	-5.305737737186294e-05	2.813488704511804e-09	2.8150852935802742e-09	0.0	0.0	0.0	0.0	0.0
883.7210502518049	0.5468378717338283	0.2990316579623828	780962.894658153	855.3658079102981	7.240885934164339	731650.6653420371	52.430429111578974	866.6344188955725	1.1538841364136945	1.331448600267177	751055.2160144666	863.056956580935	644.3045813106796	1.136469	17.833174	0.0650155200423139	0.057962091129273	0.0120584796	-0.0245980084	-0.1588935445	0.0175885044	-0.0550338592	-0.0273571497	-0.0429656432	0.1289459372	0.09952327	0.031460669	-0.1447550019	0.0491281936	-0.1011506805	0.0509068977	-0.0874859066	0.0699604495	0.0778078667	-0.1374467144	0.0006470702	-0.091177423	-0.1353882625	0.1723100899	0.0266916998	-0.1366814172	-0.0539567418	0.0380836233	-0.1137104612	0.1442327956	-0.0396101586	-0.0726361824	-0.1782295439	0.061547618	-0.0114857455	0.000585368	0.0489671826	0.1186042444	0.0682821399	-0.1146230799	0.038695802	-0.096423437	-0.1289991359	-0.0925427181	-0.0269207979	0.0118652257	-0.149099407	0.1569273289	0.0352341154	0.1428870393	0.0397137435	0.1057223468	-0.0059662704	0.1529624179	-0.0962071246	0.0533108111	0.0690454855	-0.0370252639	-0.0356928219	0.0772216734	-0.0798077096	0.0085732634888842	3.4834070717700005e-05	7.350084684983488e-05	1.213412482765725e-09	0.0527842178485258	0.0574598720891969	0.0027861736538806	0.0033016369005068	-0.0516818189937282	-1.84595958358999e-05	0.0026710104145004	3.407566784247729e-10	0.0010839988779493	1.99440066949992e-06	1.1750535673953412e-06	3.977634030501727e-12	0.0001030379428219	2.506664890338935e-05	6.283368872457903e-10	1.0616817660969134e-08	6.994370679293857e-05	0.0001229860361583	4.892122119936561e-09	1.5125565089949972e-08	0.0	0.0	0.0	0.0	0.0
882.8753469680925	-0.8457032837123961	0.7152140440819296	779468.8782840297	852.6197047788044	-2.7461031314937827	726960.3609770956	7.541082408799959	864.6263318928069	-2.008087002765592	4.0324134106760985	747578.6938024103	859.752880218223	637.0417170996805	1.061881	16.662764	0.1453937833687332	0.0957377307634223	-0.0077370354	0.1698650084	-0.1020590252	-0.0363346481	0.0198295509	-0.001609685	-0.1430350021	0.1699327297	-0.0634284127	-0.0771435392	-0.0621494806	-0.0675439924	0.1675462141	0.1454371041	-0.0375844398	-0.0676921421	0.1873430532	0.117015477	-0.0463660099	-0.1529359004	0.0550354942	0.1686352485	-0.0903762462	-0.0855601508	-0.0396199455	-0.2032408825	-0.0501729838	-0.0033443449	0.0282341222	-0.0571265004	0.0945602614	-0.1455333528	-0.0371130004	0.0758514667	0.0378319837	0.2291857198	0.1427121045	0.0696419235	-0.1703473938	0.0386678461	-0.0384636544	0.017127706	0.0204020361	-0.0886379202	-0.1086725981	-0.010823422	-0.0335297253	0.0333994636	0.1718705006	0.0103375335	0.1056087005	0.0479786089	0.0270619079	0.0504840102	-0.0938438863	-0.0147284148	-0.2652573424	0.0719655524	-0.0898496795	0.0085429609969907	-3.0302491893499303e-05	7.298218259610435e-05	9.182410149555907e-10	-0.0242533069483101	-0.0770375247968359	0.0005882228979289	0.0059347802268231	-0.0513998075582833	0.0002820114354449	0.0026419402170285	7.95304497216936e-08	0.0021730036569914	0.0010890047790421	4.721944893297997e-06	1.1859314087765329e-06	-9.900001495344311e-05	-0.0002020379577753	4.0819336382031325e-08	9.801002960781961e-09	1.0755071920272134e-07	-6.983615607373584e-05	1.1567157201022614e-14	4.877088695155192e-09	0.0	0.0	0.0	0.0	0.0
883.0079255190528	0.1325785509603747	0.0175770721747526	779702.9965294611	853.0540833584098	0.4343785796054362	727701.2691344568	0.1886847504200363	864.7404807953761	0.1141489025692408	0.013029971957762	747776.0991262182	860.9516065069133	642.3221168518066	1.060724	16.644613	0.1204158353859329	0.0591735137004155	-0.0423472571	0.1567730166	0.1339248186	-0.0479144956	0.1284086408	0.0876869381	-0.0028051547	0.0032276031	-0.1696606552	-0.04240005	0.1289485883	-0.0947817825	0.077353448	0.0947966844	-0.0932558903	0.1414662276	0.1341421647	0.0468684947	-0.1226529975	-0.0360888328	-0.0366351806	-0.0968314291	-0.0469831462	0.1236622671	-0.0275466183	-0.1104066436	-0.0422492282	-0.1026234722	-0.1041827659	-0.1910812144	-0.0095197462	-0.1213764386	-0.0906902062	0.0762534841	0.1755800736	0.0341877272	0.0811188457	0.0419043209	0.0791819443	0.1958980919	-0.0009008995	-0.0415441538	-0.1378421936	0.0295370976	-0.1186347645	0.0211123395	0.065224246	0.1835929323	-0.04427256	-0.0412279574	-0.0642911476	0.0036949512	0.046137743	0.1131310073	-0.0541664069	0.2053182506	-0.0424920031	0.066603812	-0.0993643757	-0.0081198934653912	-0.0166628544623819	6.593266988930273e-05	0.0002776507188345	0.0111969833624812	0.0354502903107913	0.0001253724364196	0.0012567230831193	-0.0322904048746863	0.019109402683597	0.0010426702469711	0.0003651692709238	0.0014240132540799	-0.0007489904029114	2.0278137477952257e-06	5.60986623653531e-07	-0.0001548726758835	-5.5872660930056896e-05	3.121754239405106e-09	2.3985545735315645e-08	0.0001791102454609	0.0001790026947416	3.2080480029063845e-08	3.2041964724789257e-08	0.0	0.0	0.0	0.0	0.0
885.5991980071966	2.5912724881437725	6.714693107810818	784285.9395109898	850.5920844521634	-2.461998906246436	723506.8941326762	6.061438614358645	866.4821721386221	1.741691343245975	3.033488735137969	750791.3546340647	862.3097476350291	650.7253716070675	1.126781	17.681152	0.11748205646377	0.0604481695977033	-0.0792170528	-0.1044703783	0.0147558359	-0.1598255089	0.0756376721	-0.1159611509	-0.1000826001	-0.1072416366	0.0191163739	-0.0004993021	-0.0010125488	0.0620554882	-0.0691315986	0.1362759736	-0.0310281788	0.0670589456	-0.0758420448	-0.2032930214	-0.1966427102	-0.1904137913	0.0529404539	-0.1312185647	-0.015560966	0.0115999405	-0.1246833105	0.1098166182	-0.0723274979	-0.0791341508	-0.0976539325	-0.0415095759	-0.1333306092	-0.0524529388	-0.2090937361	0.0549239411	0.0711514089	-0.0016567779	-0.1453450084	-0.131451435	0.0494189952	0.0068631957	-0.1269950974	-0.0685436125	-0.1391267102	0.0479823875	-0.1361697029	-0.0594499588	0.0465094697	0.1786353073	0.0837776752	0.0876896385	0.0382516268	-0.003191941	0.0052908797	0.0310467145	0.0755617669	0.0747582685	-0.1444405307	0.0611443214	-0.1082959623	-0.0081364453867962	-1.655192140499924e-05	6.620174353231716e-05	2.73966102197272e-10	0.0559333943419204	0.0447364109794392	0.0031285446026087	0.0020013464673212	-0.0515176847497826	-0.0192272798750963	0.0026540718419779	0.0003696882913952	0.0007910004546367	-0.0006330127994432	6.25681719235466e-07	4.007052042589169e-07	0.0001029998224921	0.0002578724983756	6.649822541847386e-08	1.0608963433404112e-08	-4.073047689151944e-08	-0.0001791509759377	1.6589717478105993e-15	3.2095072179463154e-08	0.0	0.0	0.0	0.0	0.0
886.7283057034387	1.1291076962420448	1.2748841897130176	786287.0881356909	852.9712339556495	2.3791495034861327	727559.9259558234	5.660352359938312	866.8338606466866	0.3516885080645124	0.1236848067046426	751400.9419636393	862.7780755432946	657.0079901500814	1.154782	18.120544	0.1209574657018285	0.0716621308451441	-0.0902891125	-0.0372706673	-0.2224524819	-0.1253299627	-0.031082936	-0.0669308994	-0.1888185383	0.0892414757	0.1017986631	0.0475490516	-0.1215081365	0.0130541775	0.0904023537	0.0692626957	-0.0492509374	-0.0698277659	-0.0476395677	0.0674124531	-0.0368543253	0.0700199476	-0.1095393686	0.0075717264	0.0168145903	-0.1210416469	-0.0858302646	-0.0687809756	-0.0569462936	-0.0118340047	-0.0660092661	0.1295998712	0.0351718264	-0.0166609259	0.0371615346	0.0980316292	-0.077529151	0.1761253522	-0.0458274032	0.0468486394	-0.1624784562	-0.1139708658	0.0329823822	0.0341923219	-0.0295776199	0.0595511859	-0.0363130058	0.0098726775	0.306276887	0.1366491953	0.1198621991	0.0803320832	-0.2313680391	0.1302504581	-0.1368328215	-0.2372946084	0.0653544149	-0.1189978458	0.0693926849	0.055595093	-0.1165920251	0.0014767244245206	0.0096131698113168	2.1807150259756976e-06	9.241303382121267e-05	0.0078628049177496	-0.0480705894241708	6.182370117458729e-05	0.0023107815675872	-0.0582879872833217	-0.0067703025335391	0.0033974894615406	4.583699639564596e-05	0.0017870001918382	0.0009959997372015	3.193369685629764e-06	9.92015476505457e-07	-3.0999951524446345e-05	-0.0001339997740165	1.795593943648549e-08	9.609969945180232e-10	2.783696109796668e-08	6.856743798948612e-08	7.748964031697103e-16	4.7014935524420246e-15	0.0	0.0	0.0	0.0	0.0
886.6100633972726	-0.1182423061660529	0.0139812429674665	786077.4045173157	852.8840802658436	-0.0871536898058593	727411.254370914	0.0075957656467759	866.4566830698217	-0.3771775768649377	0.1422629244897059	750747.1836363574	862.1001012391582	655.9436580213528	1.267606	19.890944	0.0574046989645714	0.034263076827034	-0.1583918502	0.1829015823	0.0047571387	-0.0619112252	0.1221518089	0.1349522852	-0.0906290815	0.0406135174	0.010229873	0.0176607154	0.1055069147	0.0065075853	0.1883723074	0.0697326828	0.0252208304	0.099678277	0.0778324195	-0.0297228821	-0.0267923564	0.0608416226	0.1058988576	0.0053382757	0.004062828	0.0875757673	-0.1145578589	-0.1331481329	-0.0088020472	-0.0230855303	0.0083752231	-0.1284754539	-0.0140957588	0.0033541198	0.0756249934	0.0915376583	0.1872904197	0.155582015	0.0204190591	0.1149917778	0.0524340099	0.1233709094	0.070520393	0.0523048889	0.087289241	0.101395439	-0.0426382425	-0.1994704656	0.2387812985	0.063098174	0.0975731363	0.0289949532	0.0147921859	0.0622087661	0.2457676859	-0.2384423146	-0.0802375713	-0.1722700817	0.2650593653	0.0499642712	-0.1242038795	-0.0004849560159527	-0.0019616804404733	2.351823374087154e-07	3.84819015053552e-06	0.0080752369697449	0.0002124320519953	6.52094521175348e-05	4.5127376714934134e-08	-0.0777644662685332	-0.0194764789852115	0.0060473122140298	0.0003793332336613	0.0023100029128879	0.0005230027210497	5.336113457550583e-06	2.735318462253904e-07	0.0001029328811779	0.0001339328327023	1.793800367567469e-08	1.0595178027583681e-08	-5.8118759024682965e-05	-5.814659598578093e-05	3.3777901505691675e-09	3.381026624733635e-09	0.0	0.0	0.0	0.0	0.0
886.5512133315414	-0.0588500657312351	0.0034633302365707	785973.0538596282	859.1852488406869	6.3011685748432456	738199.291825433	39.70472540859206	866.7115429811851	0.2548599113633827	0.0649535744201512	751188.8987368266	863.1971484261855	663.2323351813751	1.273765	19.987589	0.1682619620757162	0.0953887434611773	-0.1203865823	-0.1190383459	0.0990767305	0.010075964	-0.01608743	0.0224145656	-0.0158773649	-0.1447313326	-0.0640296205	0.0509361842	0.0731253802	-0.1517013182	-0.0112064551	0.0605250231	-0.001334592	0.0311249076	-0.1384981809	-0.0993595128	0.2477463336	-0.0272200085	-0.2482173848	-0.0235316019	0.0508182702	0.0761664224	0.0385106412	-0.0120801133	-0.0705259401	-0.1793733711	-0.0788091685	0.0740613078	-0.0539410595	0.145847776	-0.2577908668	0.1009449232	-0.0664042365	0.0521441823	-0.223861054	-0.0958294182	0.1163630756	0.037937888	0.0289429256	0.0064766892	-0.0426851426	0.0454801676	-0.1596970932	-0.0606277514	0.0922803812	-0.0033398411	0.0893840038	0.1181829148	-0.0222812522	-0.0025993013	-7.80143e-05	-0.1773436707	-0.0578748418	0.0892526745	0.0559222501	0.0442601199	-0.1310868562	-0.0031610143225151	-0.0026760583065624	9.992011547145596e-06	7.161288060121619e-06	0.0745123500339275	0.0664371130641826	0.0055520903075785	0.0044138899923029	-0.040218186649966	0.0375462796185672	0.0016175025374115	0.0014097231131956	0.001232000066046	-0.0010780028468419	1.5178241627373486e-06	1.1620901377992408e-06	6.999998753309811e-06	-9.59328824245902e-05	9.203117930290245e-09	4.8999982546338895e-11	-4.266563091758282e-09	5.8114492461591206e-05	1.820356061595399e-17	3.377294234068341e-09	0.0	0.0	0.0	0.0	0.0
886.4104538297115	-0.1407595018298479	0.0198132373553869	785723.4926585951	849.8206702831179	-9.364578557568962	722195.1716404478	87.69533156088038	866.9907172677472	0.2791742865621245	0.0779382822774712	751672.9038284428	862.9684910563067	645.9575528746669	1.267993	19.897028	0.1192956438968438	0.0770095809034597	-0.0389071721	0.0308098174	-0.1868317157	-0.1389411488	0.0289576444	-0.0359148595	-0.0914583912	0.1850225899	0.0895927014	0.0160537358	-0.0350409133	-0.0572764364	0.074683375	0.1562969852	-0.0454074908	-0.0619606363	0.0108426112	0.1600431744	0.0114050251	0.2248786047	-0.1270455396	-0.0319280041	-0.0062674725	-0.0362673233	-0.0650894113	-0.1244322972	-0.1466716763	0.0066114287	-0.0484621588	0.1488977797	0.1418296839	-0.0533440683	0.1068244406	0.1594948227	-0.0409309956	0.0491404001	-0.0010917501	0.1267975863	-0.0819435958	-0.1249327737	0.0477746693	0.1130128263	-0.1489763157	0.1041545442	-0.0335464072	0.0669430004	0.0676100546	-0.0052775535	-0.0308155842	-0.026009323	-0.0649987742	-0.0481972119	-0.2942414023	0.0333595758	-0.0759953117	0.104987103	0.2677357678	0.0384910108	-0.1372005631	0.0058203055641996	0.0089813198867147	3.387595686065282e-05	8.066410690749695e-05	0.0020666245443123	-0.0724457254896152	4.270937007154022e-06	0.0052483831417166	-0.0234532752722174	0.0167649113777486	0.0005500561209944	0.0002810622535037	0.0015579981224486	0.0003259980564025	2.4273581495533628e-06	1.0627473277827273e-07	0.0001029999228834	9.59999241300902e-05	9.215985432983072e-09	1.0608984113986346e-08	-8.00288857087791e-08	-7.576232261702082e-08	6.4046225477888275e-15	5.739929528325545e-15	0.0	0.0	0.0	0.0	0.0
888.0230320316845	1.612578201972951	2.6004084574783164	788584.905418746	860.9199817790542	11.099311495936265	741183.215026447	123.19471568382288	868.5403319069	1.5496146391527643	2.4013055298765527	754362.3081489479	864.7386606611258	661.100562412299	1.256801	19.721399	0.0635805047832196	0.0303382795946567	-0.1551842061	0.1018291095	0.1010355301	0.0068198613	0.104790912	0.1980057658	-0.016812451	-0.0474096803	0.0012993527	0.1042018956	0.130502327	0.0514509383	0.0148067153	0.1089221973	0.0529592214	0.0398384174	0.0004454576	0.0698720719	-0.1248558327	0.0663775692	0.0384949453	-0.1005663466	0.0906503496	0.1240766461	-0.1426416659	-0.0215304208	-0.0686324975	-0.0556686481	0.0180992255	-0.0193061876	-0.024277039	-0.1059860972	0.1155351587	0.1269514876	0.190058675	0.018112154	-0.0645791236	0.0645746496	0.0605627602	0.0788943342	0.0610201101	0.0782654206	0.0286908052	-0.054396105	0.113078741	0.0128555777	-0.0952825174	-0.0425551735	-0.0168662414	-0.0078978774	-0.1227936185	0.0782616496	-0.0537469533	-0.0206872621	0.0151897308	0.185598063	-0.0202498025	0.0326654109	-0.1425091225	-0.0041130336078225	-0.0099333391720221	1.691704545907737e-05	9.867122710642872e-05	0.0165366084239764	0.0144699838796641	0.0002734594181679	0.0002093804334777	-0.0393760526156654	-0.015922777343448	0.0015504735195916	0.000253534838329	0.0019089953867759	0.0003509972643273	3.644263386731668e-06	1.231990795652486e-07	0.0001031088068066	1.0888392320000836e-07	1.1855708731425316e-14	1.0631426041080765e-08	0.0001139019106255	0.0001139819395112	1.2973645244139392e-08	1.2991882534736858e-08	0.0	0.0	0.0	0.0	0.0
883.5142479144349	-4.508784117249547	20.32913421596178	780597.4262678096	860.9854392561801	0.0654574771259604	741295.9266111575	0.0042846813116956	866.2028840717517	-2.337447835148282	5.463662382039391	750307.4363742204	862.4181606870233	652.2579407701214	1.123362	17.62751	0.0697623105343951	0.0346639049759712	-0.0393459733	-0.1270763669	0.1227422487	0.0535557021	0.003567987	0.0802228643	0.0758186354	-0.0921633302	0.067836993	-0.0020083007	0.1174120588	-0.0439205243	-0.057834725	0.0371563705	0.0495282077	0.0286893923	-0.1153589174	-0.0951630225	-0.0721552469	0.0384133031	-0.0149235991	0.0721321069	0.0182175379	0.1335491932	0.0451744537	0.0453021556	-0.0850898618	-0.0660947636	0.0050700256	0.0554509351	-0.1534888209	0.0098982174	0.1103940415	0.1358935008	0.1056768271	-0.0441605899	-0.0810487852	-0.1547018137	0.0151897863	0.0445700091	0.0924091621	0.0675893401	0.1087845228	-0.1167924501	0.0498065259	0.0633288364	0.0645858288	-0.1372191499	0.1580493168	0.0088072685	0.0532336309	0.0412364065	0.0279627707	0.030090189	-0.0752403489	-0.0247192971	0.0031062542	0.0267918699	-0.1469813818	-0.0018030654368459	0.0023099681709766	3.251044969548296e-06	5.335952950924979e-06	0.042582088423515	0.0260454799995385	0.001813234254508	0.0006783670284063	-0.0206653452409568	0.0187107073747086	0.0004270564939279	0.0003500905704619	0.0020530029357042	0.0001440075489282	4.214821054010063e-06	2.073817414833665e-08	-9.29999362915268e-05	-0.0001961087430981	3.84586391195271e-08	8.648988150228043e-09	9.510286850026273e-08	-0.0001138068077569	9.044555596978264e-15	1.2951989491838698e-08	0.0	0.0	0.0	0.0	0.0
881.2191076277343	-2.295140286700644	5.267668935636313	776547.1156482203	863.6491339927496	2.6636947365694823	745889.8266464263	7.095269649627964	865.5992575679448	-0.6036265038068223	0.3643649560980476	749262.0747021773	862.8079538237299	635.9832621157748	1.073054	16.838093	0.04169719425658	0.0238947145028451	0.1046121607	-0.1054198254	0.0150896729	0.0493806781	-0.1038583582	-0.065247325	0.1030776046	-0.0248026658	-0.0331733651	-0.0073778275	0.0290851277	-0.2058283021	-0.0290021404	0.0639768856	-0.1009482482	-0.1289130939	-0.1157093088	0.1725061083	0.0667415146	-0.0032409486	-0.0499186446	-0.0604688394	0.0007215049	0.0310810116	0.168260372	-0.0491496968	-0.1280507678	-0.1237598311	-0.1264819514	0.1942500755	0.0567889497	-0.0103360529	0.0549085308	0.1616910295	-0.1495873332	0.0212965113	-0.0342468253	-0.1312625684	-0.0807463307	-0.0315960987	0.1787258516	0.0939706429	0.0025304634	-0.10737993	0.0886726324	0.0857977915	0.1063670888	0.0450806999	0.0214635467	-0.0290335598	-0.0329792313	-0.0897064368	-0.0301271472	0.0310893378	0.0613615021	-0.0729228904	-0.1961249188	0.0208790082	-0.1505910958	-0.0018178638013637	-1.479836451780017e-05	3.304628800308482e-06	2.1899159240168707e-10	0.0250769186564383	-0.0175051697670767	0.0006288518493016	0.0003064309685741	-0.0075981447900943	0.0130672004508625	5.7731804251237154e-05	0.000170751727623	0.0020790014407869	2.5998505082700223e-05	4.3222469907940064e-06	6.759222665351894e-10	0.000102999823488	0.0001959997597795	3.8415905833632215e-08	1.0608963638559156e-08	-1.0714575173452481e-07	-2.0224862023478758e-07	1.1480212114756427e-14	4.090450438687532e-14	0.0	0.0	0.0	0.0	0.0
881.0808844186284	-0.1382232091058313	0.0191056555355143	776303.5248879124	848.7187178855719	-14.930416107177734	720323.4620893289	222.91732513347236	865.1602182177817	-0.4390393501631706	0.1927555509916991	748502.2031866396	861.1214963871713	622.7025563360418	1.175438	18.44467	0.0810406459070336	0.0482925505272587	0.1328590984	0.1051365492	-0.1178655853	-0.0800494382	0.0308480256	-0.0821772008	0.0530350091	0.2267721019	0.0776011658	-0.0434361189	-0.0692395845	-0.1270355332	0.0555788553	0.1088013098	-0.0767716718	0.0700281113	0.0458281154	-0.0607907836	-0.0270073662	0.0425639458	0.000211626	-0.0807268881	-0.0537216311	-0.0579881667	0.0238089648	-0.1198955651	-0.1741168753	0.0141883444	-0.0800541711	-0.0563452175	-0.0276791163	0.0096695003	0.0836414556	0.1649033104	0.1166712968	0.0598695032	0.1511733443	-0.0041501466	0.0175512926	-0.1442488538	0.1303877899	0.0335990716	-0.0226666541	-0.0800081198	0.1534067261	-0.0978656238	0.0727076102	-0.035775158	-0.0265007897	-0.090965167	0.1080985231	-0.1140200744	0.0559420512	-0.0871544324	0.0803410117	0.0811856504	0.0725711379	0.0149355036	-0.1533170814	0.0003706525597095	0.0021885163610732	1.3738332001920446e-07	4.789603862685082e-06	-0.0081201738457252	-0.0331970925021635	6.593722328479957e-05	0.0011020469505972	-0.0236516489633231	-0.0160535041732288	0.0005594004986842	0.0002577149962398	0.0026710018245746	0.0005920003837877	7.1342507468808426e-06	3.5046445440478417e-07	0.0001029998259269	2.438899993420507e-12	5.9482331779065486e-24	1.06089641409717e-08	-1.3741693649692646e-07	-3.027118476240165e-08	1.888341443620032e-14	9.16344626919458e-16	0.0	0.0	0.0	0.0	0.0
884.4494044867218	3.368520068093403	11.346927449147984	782250.7490969169	857.4156328467435	8.696914961171615	735161.5674499817	75.63632984185067	867.0506132737889	1.8903950560072644	3.5735934677767083	751776.7659784534	862.5351106150634	640.4577725975258	1.205981	18.923952	0.1265963241794346	0.0762014769491176	0.0109194646	0.0905245463	0.1410725929	-0.0142386558	0.080727332	0.0725273745	-0.0524569837	0.0118213409	-0.1259187359	0.0445163972	0.0813278118	-0.0453362292	0.157434659	0.1181022877	-0.0420645405	0.0859548224	-0.0785808921	-0.0980929218	0.0568463894	-0.0671422469	0.0509216759	0.1970060829	0.0014685524	0.0836567583	-0.0871617129	-0.1484954295	-0.0403650446	-0.1015505448	-0.1178292352	-0.0442624762	-0.1253600381	0.03687146	0.1303326668	0.1729730228	0.0108953099	0.0659444745	-0.084145326	-0.0621977838	0.2126395927	0.0633202041	0.1042694612	-0.0491768398	0.0550479693	-0.1526444085	0.0044870263	-0.0485648515	-0.0547515636	0.02455173	-0.0959622381	0.0335028423	0.0772627719	-0.0417847016	-0.0742086036	-0.0805945067	-0.1162144924	-0.0397136263	-0.0593336817	0.0089700792	-0.1551433414	-0.0018406569318756	-0.0022113094915851	3.388017940861697e-06	4.889889667574354e-06	0.0564463810435142	0.0645665548892394	0.0031861939329095	0.0041688400102651	-0.0065949607452893	0.0170566882180338	4.3493507231906805e-05	0.0002909306129672	0.0020129983956823	-0.0006580034288923	4.052162541019514e-06	4.329685124340241e-07	-9.400001585935236e-05	-0.0001969998417862	3.880893766380846e-08	8.836002981558494e-09	9.47439964778859e-08	2.3216093297481237e-07	8.976424868601654e-15	5.3898698799735306e-14	0.0	0.0	0.0	0.0	0.0
883.7089629537488	-0.7404415329730227	0.5482536637514399	780941.5312047902	856.1374491314556	-1.2781837152879234	732971.3318053157	1.6337536100272392	866.6296032321069	-0.4210100416820523	0.1772494551971234	751046.8691982391	862.1009878203748	637.3101622646295	1.185066	18.595753	0.0903858612249766	0.0542552531179328	0.0407148966	-0.0889256957	0.0437126245	-0.1165383493	0.03870259	-0.0355011871	-0.0063302004	-0.0547334991	0.1218836935	0.0230416604	0.0525265377	-0.1281359877	-0.1295888475	0.1880727293	-0.0183988911	0.0038548708	-0.137671609	0.2095171597	0.0951373077	-0.0605509231	-0.2252932273	0.1055131036	0.0053027488	0.0753636215	0.0052272553	0.0048829847	-0.2288216795	-0.1047719873	-0.067004027	0.1044297666	0.0895700676	-0.1055744199	0.085117325	0.2093566674	0.0704152375	-0.1147514066	-0.012247894	-0.0296887599	-0.1152631791	-0.0485484619	0.1840375619	0.1162501955	-0.0142515826	0.0005885462	0.1827265155	0.0513950818	0.0280803812	-0.1355010078	-0.1001631188	-0.0879812218	0.1840546558	-0.0263128343	0.0262546199	0.0934229191	0.0892820663	0.0941564478	-0.0708744951	0.0029914899	-0.1560591586	0.0017955039244412	0.0036361608563168	3.22383434268375e-06	1.3221665773010525e-05	0.0115157712062483	-0.0449306098372659	0.0001326129864746	0.0020187597003486	-0.0201114410619283	-0.013516480316639	0.0004044700615874	0.00018269524015	0.0025189985435975	0.0005060001479152	6.345353662646326e-06	2.560361496902043e-07	-3.399994898423131e-05	6.000006687512105e-05	3.600008025018998e-09	1.1559965309303315e-09	4.27544917000304e-08	-5.198950477785549e-08	1.8279465605279683e-15	2.7029086070466592e-15	0.0	0.0	0.0	0.0	0.0
885.8140584686311	2.105095514882237	4.43142712677731	784666.5461806674	858.3609885282294	2.2235393967738446	736783.5866271593	4.944127449005393	867.7093519330632	1.0797487009563156	1.165857257216851	752919.5194320965	863.5680461219607	640.525625625166	1.153037	18.093163	0.1177613499133277	0.0684153753434899	-0.0122743808	0.0479691633	-0.0380420697	-0.0254622895	0.0198151097	0.0732938678	-0.0507311096	0.0779640303	0.0293380855	0.0808298066	-0.0105422712	-0.0432239488	0.0541546939	0.1999690582	-0.0016308006	0.0734462292	-0.0493813545	-0.1428516228	0.007661039	-0.039925401	-0.0725651891	0.1804418791	0.0560918123	0.001219659	-0.0747684886	-0.0706223721	-0.1468005596	-0.0699014972	-0.0524278286	-0.0709193362	-0.1029402271	0.0533352704	0.053100657	0.1266535238	0.0959602179	0.0333995901	-0.0342891657	-0.0030957525	0.2515663534	-0.1685464237	0.0656846754	0.0494955958	-0.0138182848	-0.0312975438	-0.0163146501	0.0546696498	-0.0223682836	0.0395118129	-0.2028295288	-0.0112358277	0.0632193408	-0.2018196757	-0.1689020783	0.2243195085	-0.0378673156	-0.0081058148	-0.1172987302	-0.0029914899	-0.1560591586	0.0030059530618018	0.0012104491373605	9.035753809755616e-06	1.4651871141370203e-06	0.0609784379706894	0.049462666764441	0.0037183698973452	0.0024465554034501	-0.0383433293173709	-0.0182318882554426	0.0014702109031403	0.0003324017493589	0.0016790005383602	-0.0008399980052373	2.819042807813842e-06	7.05596648802643e-07	0.0001029998947625	0.0001369998437467	1.8768957186628788e-08	1.0608978321086074e-08	-8.631164593827546e-08	-1.2906613763830586e-07	7.449700224574224e-15	1.6658067884870114e-14	0.0	0.0	0.0	0.0	0.0
888.2399982320877	2.425939763456654	5.885183735920126	788970.2944593392	859.018026363018	0.6570378347885253	737911.9696166146	0.4316987163435934	868.9685835781648	1.259231645101636	1.5856643360253722	755106.399245842	865.2102934250994	646.1393578427509	1.291425	20.264713	0.1153724834180004	0.0727093748946224	-0.0934148202	-0.0149437209	0.0114994989	-0.0827570291	0.0232328735	0.0209269834	-0.1508452158	-0.0096487478	-0.0109958531	0.0940766465	0.0147337544	0.1678264773	0.0715513651	0.0032669711	0.0193392692	-0.2012665001	-0.1401410394	-0.2180645641	-0.1049016084	0.0450140358	-0.0115344858	-0.269085544	0.0744854021	-0.0101851217	-0.1746781535	-0.0378841966	0.0641152074	0.0142108152	0.0704609082	0.2648673932	-0.1517617654	-0.0065880251	-0.1713565861	0.0350104042	-0.1760430371	-0.058794662	-0.2350980115	0.1079810111	0.1239157473	-0.064601551	0.0966637902	-0.0706413199	-0.162870077	0.1647539305	0.0483282755	0.0656756598	-0.0124731415	-0.2665169566	-0.074841948	-0.0688134147	0.218352474	0.3321702864	0.1996019275	0.0453732669	0.0269555373	-0.1221511335	0.0353331443	-0.0089700792	-0.1551433414	0.0125034401441439	0.009497487082342	0.0001563360154381	9.020226087925504e-05	0.0703643488487841	0.0093859108780947	0.0049511415889133	8.809532301153652e-05	-0.1073254251479198	-0.0689820958305489	0.0115187468831817	0.004758529545175	0.0013079968178445	-0.0003710037205157	1.7108556754913384e-06	1.3764376063649165e-07	-7.599996378759855e-05	-0.00017899985855	3.2040949360955284e-08	5.77599449571629e-09	4.990182855856615e-08	1.362134744968416e-07	2.490192493488529e-15	1.855411063450172e-14	0.0	0.0	0.0	0.0	0.0
891.3928600227968	3.1528617907090397	9.940537471313007	794581.2308996214	869.416424152463	10.398397789445085	755884.9185860555	108.12667658753642	871.5749655757573	2.606381997592507	6.793227117374308	759642.9206183826	868.7079260341908	665.4907710843873	1.272525	19.96814	0.1750590951274825	0.0958454824501788	-0.1596334817	-0.0447481076	-0.1137938642	0.1133940785	-0.1341558177	0.0957524505	-0.0860745015	-0.0731615348	0.149527278	0.2633169398	-0.0329364257	0.1429047459	-0.0337842308	-0.0174995729	0.096676562	-0.2664770251	-0.0291004115	0.1129177836	0.0104616718	-0.1765434455	0.0966190952	-0.0482833128	0.2590073936	-0.0399510094	-0.0877862531	0.0562204253	0.0773602772	0.0642472468	0.1386163199	0.1539018038	0.1617019036	0.0336620629	-0.0138488496	-0.1590628741	0.0799879094	-0.0663810908	-0.2064468694	0.147079026	0.0663840087	-0.2768795192	0.2194217847	-0.1546322909	-0.0177511736	-0.0174897987	-0.1635315991	-0.1985937221	-0.2428363665	-0.1585138348	0.081762117	0.0428180389	-0.3652336786	0.1755355399	0.2082827467	0.1655687695	0.0181340733	0.0407422931	0.0227431996	-0.0149355036	-0.1533170814	0.0194356371830508	0.0069321970389069	0.0003777439927111	4.805535578622959e-05	0.0140415042439627	-0.0563228446048214	0.0001971638414332	0.0031722628243788	-0.1789848773998699	-0.0716594522519501	0.0320355863378464	0.0051350770970495	0.001653999601643	0.0003460027837984	2.7357146822352024e-06	1.1971792639631145e-07	-0.0005319990832095	-0.0004559991194219	2.079351969135495e-07	2.830230245357485e-07	9.400232442393796e-07	8.901214156808135e-07	8.836436997103283e-13	7.923161346536156e-13	0.0	0.0	0.0	0.0	0.0
887.7529699425559	-3.639890080240889	13.248799796236025	788105.3356418285	863.8123244074887	-5.604099744974292	746171.7317982686	31.405933951620923	867.8921131593869	-3.682852416370452	13.563401920765672	753236.720084266	864.7080106096828	667.8978041861822	1.209967	18.986486	0.1945224186314521	0.1134988458920945	-0.1665330255	-0.0183343648	0.0119278322	0.1276108034	-0.0200135695	0.2200053358	0.0374689187	-0.0605757722	0.165350047	0.0891558128	0.0879857172	-0.0595328562	0.0682398071	-0.1338284586	0.3234121572	0.0087075692	0.0093353534	0.1307233956	0.0458151126	-0.2846473314	0.2105344779	0.0672627542	0.1324994471	0.1096008125	0.0723298322	-0.0586803531	0.0504517488	0.001122806	0.3123394781	-0.1163494456	0.1389146545	0.2534638071	0.3364438024	-0.2765815585	0.0495329187	-0.0973965819	-0.1124553603	0.2547116807	-0.1401924891	-0.1358769203	0.205649901	-0.0469684152	0.3811783857	-0.22118899	-0.2698899697	0.007137327	-0.1645134511	0.3340495139	-0.1394030956	-0.0469158873	0.013516782	-0.1281974624	-0.0972036707	-0.1570003106	0.1491856015	0.0488670762	0.0042351232	-0.0208790082	-0.1505910958	0.0288676306354744	0.0094319934524236	0.0008333400985061	8.896250048656169e-05	-0.0781431671974672	-0.0921846714414298	0.0061063545796513	0.0084980136487643	-0.2365951170509106	-0.0576102396510407	0.055977249412334	0.0033189397126503	0.0017500048024478	9.60052008048e-05	3.0625168085903632e-06	9.216998581569973e-09	1.894921994294308e-05	0.0005509483031524	3.0354403274655625e-07	3.590729364460318e-10	-5.801675452967651e-05	-5.895677777391589e-05	3.3659438061567405e-09	3.4759016454829032e-09	0.0	0.0	0.0	0.0	0.0
884.2584574053623	-3.4945125371936	12.211617872603252	781913.0194929108	882.5417775151342	18.72945310764544	778879.9890595726	350.7924137114895	869.1328910477902	1.2407778884032723	1.5395297683504832	755391.9823010899	867.2111711119034	665.5909312276007	1.407303	22.083036	0.2008717732681781	0.1175716335355252	-0.0638883588	-0.1328254424	0.1553551344	0.2342796879	-0.1849048111	0.3242989074	0.1870379396	-0.1809133473	0.0058840627	0.1680396585	0.1819324751	-0.0598277605	-0.1727255363	-0.2386849444	0.1890092717	0.0124690338	0.0458544255	-0.1358156574	0.1183289216	-0.085225922	-0.0234149359	-0.059827448	0.240409222	0.1851691766	0.2033532115	0.1400045826	0.0907448455	0.0305283276	0.2172464347	-0.071127619	-0.0603933002	0.0179154041	-0.0788550627	-0.3409925219	0.0430302758	-0.1348019557	-0.0134494071	-0.0741658944	-0.0317387959	0.1024012251	0.0744436017	-0.0511083337	0.1270771661	-0.0567665296	-0.1384581669	0.2757310617	0.2930050719	-0.215244441	-0.0472210629	-0.148602173	0.2784555033	0.0397256473	-0.0483870304	-0.1367350121	-0.0616159351	-0.2165137815	-0.0376457373	-0.0267918699	-0.1469813818	0.0288967156452315	2.908500975709952e-05	0.0008350201750813	8.45937792570574e-10	0.0230589641535772	0.1012021313510443	0.0005317158278359	0.010241871389994	-0.2780360618128839	-0.0414409447619732	0.0773040516684177	0.0017173519027649	0.0025199897138122	0.0007699849113644	6.350348157719295e-06	5.928767637288432e-07	-0.0003730711643759	-0.0003920203843188	1.5367998172149342e-07	1.391820936887898e-07	-5.60298073048525e-05	1.986947224824013e-06	3.1393393066189022e-09	3.947959274235846e-12	0.0	0.0	0.0	0.0	0.0
875.4223703628843	-8.83608704247797	78.07643422224709	766364.326531771	859.8725298504497	-22.669247664684463	739380.7675914125	513.894789682802	863.7359282359203	-5.396962811869912	29.12720759270679	746039.7537255668	861.7036718335137	622.3830136530607	1.712116	26.866079	0.1645206986247737	0.1073528481089067	0.2443342411	-0.1131243964	0.0505230972	0.0487495664	-0.0962671037	-0.1727234939	0.2627891808	-0.0419260778	-0.0548912446	-0.1384601268	-0.0269064021	-0.073209619	-0.1138301168	-0.2835165284	-0.0353311052	-0.1554768402	-0.0544148673	0.077900824	0.1011983886	0.0008114474	0.0027543943	0.2537113803	-0.0938223961	-0.0415260952	0.2777493372	0.1075823768	0.1683782602	0.0833741282	0.0183023205	0.1182304393	-0.005304228	-0.0282287858	-0.0165324267	-0.1439089275	-0.3157830233	-0.1316884562	0.0566703636	-0.0765469141	-0.0765470289	-0.0037452302	0.0923206899	-0.1244263126	0.0142556248	-0.0693023664	-0.0728126335	-0.0807729737	0.0921891247	-0.0920535878	0.0907216962	-0.1386028067	0.0357992392	-0.2010218493	0.0545876111	-0.0186588948	0.0133905016	0.2602956606	0.139188083	-0.0326654109	-0.1425091225	0.0464794637343857	0.0175827480891541	0.002160340549036	0.0003091530303666	0.0298917558976796	0.0068327917441023	0.0008935170706464	4.66870430182739e-05	-0.1755339922538041	0.1025020695590797	0.0308121824365585	0.0105066742638944	0.0022239987643914	-0.0002959909494208	4.946170504014474e-06	8.761064213902664e-08	2.699994293897668e-05	0.0004000711073148	1.6005689090815158e-07	7.289969187079966e-10	-3.0079391782249574e-08	5.599972791307025e-05	9.047698099900633e-16	3.1359695263378994e-09	1.0	0.0	0.0	0.0	0.0
880.8862885001612	5.463918137276892	29.854401410863375	775960.6532675892	862.5933754055999	2.720845555150163	744067.3312936262	7.403000534980398	868.7090082087622	4.9730799728419015	24.731524416281207	754655.3409430512	865.92850591029	616.2024935305698	1.47791	23.190985	0.0926736419828864	0.0457754069243202	0.2241649111	0.0511223047	-0.0688088021	0.1041352439	-0.2443778725	-0.0767501816	0.1234508089	0.1634520451	-0.0640630713	0.1098557282	-0.1522037591	0.0953490649	-0.1823627981	-0.2276990672	-0.2828850627	0.1241564522	0.2230159334	0.050203413	-0.006090873	0.0602499984	-0.1029664389	-0.1644026471	0.1168772351	-0.1659079765	0.0685597146	0.1122403042	0.1291424129	0.301818374	-0.1809594428	-0.1183685387	0.0819682561	-0.0593854291	-0.0294448813	-0.2285221686	0.005560254	-0.0816392897	0.2940068774	-0.0050704778	0.0609473416	-0.1198692068	0.1978906683	-0.2030435464	-0.2509001028	0.0595990897	0.0851274916	0.1412535451	0.0911910866	0.0431825141	0.0204532248	-0.0308526266	-0.0151773058	-0.14769114	0.1832476314	0.0257381956	-0.0904498541	-0.1427194443	-0.1447980176	-0.0384910108	-0.1372005631	0.0548303146108679	0.0083508508764822	0.0030063634003267	6.973671036124363e-05	-0.0001610937970468	-0.0300528496947264	2.5951211446955586e-08	0.0009031737747738	-0.167805572854661	0.007728419399143	0.0281587102810809	5.97284664090513e-05	0.0027999940536101	0.0005759952892186	7.839966700251919e-06	3.317705732021338e-07	-0.0002126621719122	-0.0002396621148511	5.74379292949386e-08	4.52251993624141e-08	-0.0001152031155726	-0.0001151730361808	1.3271757837633833e-08	1.3264828263107953e-08	0.0	0.0	0.0	0.0	0.0
873.4170990917212	-7.469189408440002	55.78879041915231	762857.4289857975	822.5970999473749	-39.996275458225	676665.9888418315	1599.7020505302114	857.8296749199186	-10.879333288843554	118.3598928097395	735871.7511732132	852.3859954582553	589.5492383790248	2.69924	42.355778	0.5308890410397974	0.3052309314361945	0.2738409118	0.0802285188	0.0947609078	-0.5500305227	0.662386435	-0.1427326572	0.2614832424	0.0898051082	0.1941771247	-0.6229327257	0.1991161018	0.2470876292	-0.2846409065	0.2603875651	0.1898689851	-0.2839939005	0.2169279389	-0.0937682887	0.1140418133	0.0073594173	0.010828639	-0.0700704496	-0.6344318347	0.2489089693	-0.1424323387	0.1362114526	-0.1875132464	0.3120749622	0.3501989432	0.1377434325	0.0949096825	0.0563519803	-0.1329476452	0.3770547019	-0.1629756334	-0.5280063657	0.1757142849	0.270592211	0.0264300768	-0.0824790067	-0.3498951017	-0.212745863	0.2371862675	0.0338427208	-0.0504057651	0.0370138105	-0.0270416409	0.0104649909	0.2784097859	0.0252211971	-0.022380026	-0.0504675477	-0.050477256	0.0635367694	-0.08238605	-0.1393256082	-0.0166764795	-0.0442601199	-0.1310868562	0.0370288781226548	-0.0178014364882131	0.0013711378150224	0.0003168911410438	0.1759889721447649	0.1761500659418116	0.0309721183165708	0.0310288457313046	0.0606409683238666	0.2284465411785275	0.0036773270392561	0.0521878221764327	0.0010280032768278	-0.0017719907767823	1.0567907371686944e-06	3.1399513130015385e-06	7.000003256996123e-05	0.0002826622044821	7.989792184271514e-08	4.900004559795634e-09	-3.6148212159258654e-08	0.0001151669673604	1.3066932423107749e-15	1.3263430371000822e-08	0.0	1.0	0.0	0.0	0.0
880.0095978201189	6.592498728397686	43.46103948392511	774416.8922555273	852.9254729248756	30.32837297750075	727481.8623641228	919.8102074623976	860.7273747131659	2.897699793247284	8.396664091785354	740851.6135806186	858.8804024913406	637.934920835032	2.285338	35.860947	0.560043432747876	0.3122944314619169	0.0427072231	-0.1257211761	-0.0648336061	-0.1702273062	-0.0019223168	-0.357760147	-0.3656900779	-0.284414052	-0.2453779667	-0.339430028	-0.4487081576	0.1084690494	0.2193551596	-0.1391122201	0.4387971773	0.2548137282	-0.2855610584	0.131385769	-0.1582758659	0.090401255	-0.1780047678	0.0024441188	-0.3326483295	-0.424858613	-0.0545936209	0.2040432616	0.2527560231	-0.5393089619	0.2871537412	-0.1018605946	-0.1162128242	-0.0749427716	0.2424001074	0.0642128024	-0.0980071635	-0.0923992464	-0.0334785358	0.0529938143	-0.2246865889	-0.022172701	-0.3118703307	0.3242686848	0.0785971654	0.0334675399	0.0074830698	-0.2485238147	-0.0237573895	0.07363119	-0.4314568223	-0.1744934269	0.0006506082	0.1440171388	0.2589386877	-0.1135015562	-0.0875578001	-0.0045102874	-0.1261432201	-0.0499642712	-0.1242038795	0.0582821604446763	0.0212532823220215	0.0033968102260989	0.0004517020094595	0.0256238203718766	-0.1503651517728882	0.0006565801704501	0.0226096788676837	-0.1553306111340333	-0.2159715794578998	0.0241275987552722	0.0466437231335399	0.0041550150205475	0.0031270117437197	1.726414982097534e-05	9.77820244536092e-06	-0.0002509990580699	-0.0003209990906398	1.0304041619161785e-07	6.300052715197702e-08	1.0214013296061875e-06	1.0575495417654462e-06	1.0432606761212877e-12	1.1184110332883052e-12	0.0	0.0	1.0	0.0	0.0
889.2948294324901	9.285231612371264	86.21552609537864	790845.2936553617	870.1508836188289	17.225410693953222	757162.5602626286	296.71477357535804	869.4463462635293	8.718971550363449	76.0204648960472	755936.949031001	867.3429037107867	665.0966603436516	2.079982	32.63855	0.08758494056624	0.0592141802508569	-0.1163741549	0.1212548932	-0.1682465823	0.1891591694	-0.2042525467	0.0746570401	-0.1093863052	0.0048034434	-0.118350898	0.1908590225	-0.0941656587	-0.0966497073	0.080997277	-0.0665809253	0.037406613	0.0746664066	0.1159353984	0.0650532424	0.0986015916	0.0184455618	0.0291660881	-0.0434769324	0.1967635802	-0.1486798126	0.0603169227	-0.0646378777	0.1018345971	-0.1008273185	0.0238973179	-0.1868642512	0.1312877982	-0.0330744403	-0.0801554816	-0.2040650684	0.073380062	0.1741494809	0.1085821869	0.0449477273	0.0953138553	-0.0064232892	-0.1149753598	0.1409364666	-0.0294122141	-0.1061269948	0.0346750886	-0.0654524364	-0.0490258862	-0.1054987094	-0.0621882263	-0.0254628551	-0.15941294	-0.0582941692	-0.0696983092	0.0500240489	-0.2836910245	-0.2097031892	-0.1372824119	-0.055595093	-0.1165920251	0.0618305849976792	0.0035484245530028	0.0038230212411552	1.2591316808353794e-05	0.0187774314805864	-0.0068463888912902	0.0003525919330081	4.687304085078185e-05	-0.2126565595746399	-0.0573259484406065	0.0452228123301223	0.003286264364615	0.0042819817448703	0.0001269667243227	1.8335367663402496e-05	1.612054908526182e-08	-0.0003084547929981	-5.745573492820004e-05	3.301161476139586e-09	9.514435932350073e-08	-0.0002118397130462	-0.0002128611143758	4.487606402349636e-08	4.530985401331005e-08	0.0	0.0	0.0	1.0	0.0
881.0458896522389	-8.248939780251249	68.04500749821152	776241.8596731051	855.4389841279318	-14.711899490897054	731775.8555658279	216.43998663025695	865.514437456892	-3.931908806637352	15.45990686371237	749115.2414463202	861.8121364291002	658.339074284822	1.515996	23.788624	0.1498436484026564	0.0983565864265206	-0.0689021535	0.0381957359	0.1731811565	0.0617362786	0.133384919	0.070786235	0.176025025	-0.093737876	-0.068168759	-0.0700912672	0.1320710211	-0.0708221555	0.0168335899	-0.1284278047	0.1396228523	0.1431707037	0.132457539	-0.0539623321	-0.0751713944	0.0258802959	0.0797796165	0.107330494	-0.0472564406	0.1508906306	0.0914569097	0.0314728467	0.0630450906	-0.0034202036	0.1041490444	-0.2302606965	-0.0068490602	0.0327045591	-0.1293272069	-0.1092237359	0.014191875	-0.06161569	0.0152919134	-0.0502046167	0.1481338624	0.2051721706	-0.2442701825	0.0222542624	0.1311684183	-0.0144074481	-0.0156566997	-0.0783939022	0.0623091986	-0.1806189842	-0.1231024469	-0.053259648	-0.0077560711	0.0974796273	-0.1229499733	0.0268228632	0.1180832889	0.1579234583	0.0110453831	-0.0611443214	-0.1082959623	0.0558233930965315	-0.0060071919011477	0.0031162512168098	3.608635453721452e-05	0.1013329788539607	0.0825555473733743	0.0102683726034172	0.0068154184021174	-0.2129875207618852	-0.0003309611872453	0.0453636840002944	1.0953530746283248e-07	0.0032869969137596	-0.0009949848311106	1.0804348711065135e-05	9.899948141403875e-07	-0.0002151338640441	9.332092895400002e-05	8.708795780837519e-09	4.62825794585453e-08	-8.114651429311681e-05	0.000130693198753	6.584756781923011e-09	1.7080712200312906e-08	0.0	0.0	0.0	0.0	1.0
881.319878238406	0.2739885861670927	0.0750697453498424	776724.7277781587	864.846458922985	9.40747479505319	747959.3975116264	88.50058201956107	866.9990801204041	1.4846426635120906	2.204163838320275	751687.4049296268	864.5305060122457	644.419519798501	1.273896	19.989643	0.1580136244514903	0.0867002178953851	0.0719561256	-0.0859177054	0.111619446	0.156892622	-0.1587142328	-0.0628570008	0.1424310481	-0.0792078273	-0.152359045	0.0413013438	0.0471809415	-0.0194621196	-0.074546872	-0.2421718263	-0.0882701955	-0.0905281324	-0.0638365807	0.0411027737	-0.0714851275	-0.011257803	-0.0556793808	0.0744420497	0.0633495304	0.0290665586	0.170222181	0.0906821908	0.1829854519	0.0367685296	-0.0857954053	0.1058711091	-0.0475427141	-0.0944771833	-0.0707409677	-0.1298816624	-0.167916094	0.007147481	0.0234417295	-0.1242483645	-0.0532025833	0.183468137	0.0091945891	0.0641168545	-0.0316274892	-0.1366862677	0.099061783	-0.0238586035	0.033658208	0.042838975	0.1118984978	0.1877284198	-0.1580970818	-0.0097690464	-0.0273098466	0.1344918718	-0.0690466561	-0.03399236	-0.0087227816	-0.066603812	-0.0993643757	0.0611602874181329	0.0053368943216014	0.0037405807570686	2.848244099994127e-05	0.0342633027896397	-0.0670696760643209	0.0011739739180545	0.0044983414473729	-0.1758895448019899	0.0370979759598953	0.0309371319706512	0.0013762598203209	0.0040670105953716	0.000780013681612	1.654057518286486e-05	6.08421343501907e-07	-0.000322998706854	-0.0001078648428098	1.1634824314404434e-08	1.0432816462935623e-07	1.1565233984356905e-06	8.23030376915525e-05	1.3375463711292388e-12	6.773790013257112e-09	0.0	0.0	0.0	0.0	0.0
878.2577522235515	-3.0621260148544707	9.376615730848522	771336.6793407652	851.7590712835622	-13.087387639422786	725493.5155138364	171.27971522451634	863.1249666327329	-3.8741134876711385	15.008755315355431	744984.7080247563	859.3658309763664	626.6165445642564	1.084497	17.017651	0.0915433016813221	0.04578085576889	0.1549185773	-0.1314677858	0.0300871498	0.0095060993	-0.0479447654	-0.1775699066	0.2085876657	-0.0444347253	0.0823757683	-0.1627783016	-0.042058105	-0.0742877179	-0.1916584923	-0.1736130101	-0.0187054173	0.064645497	0.0407069783	0.1182075266	0.0845625627	0.1348609865	0.0650525167	0.0797476612	-0.1242206177	-0.006790402	0.2165506854	0.1505846946	-0.0157169644	0.1064621388	-0.0692119238	-0.0737004282	0.1160439479	0.1081770744	0.0622945573	-0.1075634437	-0.0100271302	-0.0669197188	0.1362279523	-0.1926859391	-0.1434294931	0.0500947734	-0.0689026072	0.1283475909	0.0316795889	-0.0259477721	0.0824681194	-0.2280874633	0.1103395485	0.0638469356	0.0228882127	0.0058036398	-0.003711396	0.0258094824	-0.1271188459	0.1256399942	0.2015285849	-0.0209350045	0.0157284055	-0.0719655524	-0.0898496795	0.0641901876187063	0.0030299002005734	0.0041203801865247	9.180295225434772e-06	0.0201916573668654	-0.0140716454227743	0.0004077030272208	0.0001980112049042	-0.2008194962126026	-0.0249299514106126	0.0403284700590835	0.0006215024773355	0.0046419752297951	0.0005749646344234	2.154793403403127e-05	3.3058433083774864e-07	-0.0002527994595751	7.01992472789e-05	4.927934318524151e-09	6.390756676146261e-08	-0.0003439156878464	-0.0003450722112448	1.1827800034686245e-07	1.190748309734005e-07	0.0	0.0	0.0	0.0	0.0
881.5177430611099	3.259990837558348	10.62754026096438	777073.5313315529	855.6044044051059	3.845333121543717	732058.896837416	14.786586815641147	865.4533740110024	2.328407378269503	5.421480919179861	749009.5425870281	862.2143034537224	626.8175640106201	1.090745	17.115698	0.131687112183218	0.0702632728851532	0.1541027057	0.0218732432	-0.1306488084	0.0469149166	-0.1528232636	-0.1444216884	0.0412617193	0.1630973391	-0.0937273781	-0.0658869463	-0.1483253769	0.0486721759	-0.0210780945	-0.1491669873	-0.208945991	-0.0543111169	0.0492698347	0.013326981	0.1796817789	0.0942428885	-0.0274948268	0.0025356438	-0.0674967771	-0.1742540834	0.1038107958	-0.0112929521	0.1377652283	0.1853764261	-0.1518692476	0.0515415285	0.0144203172	0.1144518442	0.0177900366	-0.0984136359	-0.2357005194	0.0600008263	0.1085325429	-0.0238298627	0.043613607	-0.0471432117	-0.0857014806	-0.0125184986	-0.1868383698	0.0070065222	0.0603036564	-0.0216633725	0.0712819522	0.0775966563	-0.0550099509	0.0333280389	-0.1180386047	-0.0738887835	0.0063878193	0.0219251297	-0.0177381777	0.0759247468	0.1650793144	-0.0772216734	-0.0798077096	0.0559462610986116	-0.0082439265200947	0.003129984130914	6.796232446872074e-05	0.0656968870167133	0.0455052296498479	0.0043160809636867	0.0020707259254853	-0.1895400751183871	0.0112794210942154	0.0359254400758838	0.0001272253402206	0.0037180088021574	-0.0009239664276377	1.3823589452919904e-05	8.537139594015731e-07	-0.0003169986530973	-6.419919352220003e-05	4.12153644890089e-09	1.0048814606550237e-07	1.0893893748989848e-06	0.0003450050772212	1.1867692101428008e-12	1.190285033084745e-07	0.0	0.0	0.0	0.0	0.0
882.8733219251662	1.3555788640563833	1.8375940566763944	779465.3025671783	853.4641616621683	-2.1402427429376303	728401.0752417077	4.580638998697191	866.0052946184609	0.5519206074584417	0.3046163569372953	749965.1703072073	861.7181799247262	632.8156958978153	1.193597	18.729618	0.1050370577385399	0.0645849157932273	0.0340221062	0.1476710374	0.1072100689	-0.0467114185	0.0693739705	0.0086299754	-0.0217688876	0.0451747729	-0.0464498393	-0.0566443852	0.0728945125	0.1872893826	0.0702464765	-0.1534882994	-0.0803733235	0.1190251905	0.1567568197	0.0026021758	0.0419728228	0.030332337	-0.0280338024	0.0636047659	-0.0662726596	0.0512231395	-0.0794625769	0.0010698242	0.1952452854	0.1864465411	-0.0944918807	-0.1488956183	0.0033125035	0.0649225359	0.164627762	-0.1035068148	0.0541302432	-0.0898454239	0.1399309903	0.1451326387	0.0092243368	0.1890713566	-0.025671729	-0.0117701891	-0.1391032896	0.0474968638	0.0770442008	-0.0942676864	-0.0486364707	0.0759820848	-0.0755082558	0.0808305269	0.1216443773	-0.0386412883	-0.0273820682	-0.0359705804	0.0946144761	0.0345044189	0.2284731969	-0.0823644609	-0.0692973963	0.0607190967435826	0.0047728356449709	0.0036868087093565	2.2779960093905707e-05	0.0069005516532314	-0.0587963353634819	4.761761311891461e-05	0.003457009052175	-0.2010685562002692	-0.011528481081882	0.0404285642924608	0.0001329058760553	0.0038789586655244	0.0001609498633669	1.5046320328846832e-05	2.5904858517855943e-08	-0.0002622421319242	5.47565211731e-05	2.998276610980148e-09	6.877093575614953e-08	-0.0003819923390491	-0.0003830817284239	1.4591814709220258e-07	1.467516106523185e-07	0.0	0.0	0.0	0.0	0.0
886.9356247176858	4.062302792519517	16.50230397811187	786654.8023933514	856.0758041448371	2.611642482668799	732865.7824422295	6.820676457280448	869.1501247231139	3.1448301046530105	9.889956387131864	755421.9393062044	865.694468285102	646.3259801846106	1.118011	17.543537	0.1811107716106064	0.1045814508332521	-0.0191323269	-0.0814430692	-0.0022118865	0.0050340995	-0.0171131129	-0.0203474753	-0.0223093408	-0.0365556763	0.0170088565	0.1138139447	-0.0765306917	0.1929629923	-0.1019547665	-0.0952822083	0.0179208744	0.1713930525	0.0261906295	-0.082736173	-0.0238606123	-0.1327571751	0.0188273467	0.0959542665	0.1034005391	-0.0739385668	-0.1196352827	0.1837402187	0.0693124148	0.1190603777	-0.0049189547	-0.1536919889	-0.1008296945	0.0144749689	-0.0749176336	-0.1724428447	0.0903340391	-0.0794398716	-0.0127855557	-0.0618216494	0.1314818623	-0.0261755744	-0.1710593674	-0.051981831	-0.1015871825	0.0591570044	-0.0208091989	0.0369617491	0.0459099195	-0.0630435052	-0.0430810422	0.0862225422	-0.062343929	0.0544595489	-0.1445954395	-0.1001670715	0.1865206188	-0.1327825776	0.0106164394	-0.0873863672	-0.0583804184	0.055894177871238	-0.0048249188723445	0.0031241591199015	2.3279842124707057e-05	0.0913028011742653	0.0844022495210339	0.0083362015022674	0.0071237397242108	-0.2473110267131772	-0.046242470512908	0.0611627439339258	0.0021383660791371	0.0030889496830133	-0.000790008982511	9.541610144187968e-06	6.241141924482233e-07	-0.0003460304466906	-8.378831476639996e-05	7.020481691393318e-09	1.1973707003689614e-07	-0.0003429669822402	3.902535680890001e-05	1.1762635090694965e-07	1.5229784740619586e-09	0.0	0.0	0.0	0.0	0.0
887.328879373131	0.3932546554452756	0.1546492240293824	787352.5401695765	858.0227560331655	1.9469518883283852	736203.049870749	3.7906216554654657	866.8793541174794	-2.2707706056345387	5.15639914341385	751479.8145951382	862.8154085043408	650.101189696673	1.157862	18.168867	0.1751889127527082	0.0945420850663869	-0.0642051862	0.0897436075	-0.0703419462	0.0155000907	0.0405608915	0.0180177012	-0.1370689572	0.0280076124	-0.088088941	-0.0185461667	-0.0436925338	0.1004733486	0.1397586422	-0.0607831842	0.0337644402	-0.1816927372	0.0532894846	-0.1094994222	-0.0220490617	-0.0933718968	0.0181703304	-0.04734806	-0.0297456386	-0.0798798425	-0.0810170428	-0.0791357642	0.1378043402	0.0359080201	0.123530591	0.0747088164	-0.0501033164	0.0035117282	-0.1409684909	-0.0996355437	-0.1571535564	0.1176776582	-0.0220986928	0.149853545	0.0399666941	0.0163807898	-0.0960787439	0.1013037721	-0.0436977745	-0.0296135097	-0.022337482	-0.0460871916	-0.0806507386	0.1064030085	-0.0139486184	0.1046992711	0.1572197818	-0.0718515346	0.0697694104	0.2062092267	-0.1837673866	-0.1077973339	0.1073722873	-0.092280022	-0.0471208409	0.0580819329165223	0.0021877550452842	0.0033735109313193	4.786272138166895e-06	0.017619697279116	-0.0736831038951493	0.0003104537322076	0.0054291997996233	-0.2145204392677726	0.0327905874454046	0.0460190188636381	0.0010752226250147	0.0040289958401951	0.0009400461571817	1.6232807480309417e-05	8.836867776322687e-07	-0.0001507972363798	0.0001952332103107	3.8116006408261063e-08	2.273980649978528e-08	-0.0001476970223954	0.0001952699598447	2.181441042446729e-08	3.81303572177898e-08	0.0	0.0	0.0	0.0	0.0
886.6181301913391	-0.7107491817919254	0.5051643994178914	786091.7087839864	864.4722081783206	6.449452145155078	747312.1987127016	41.59543297264544	866.5157200241737	-0.3636340933056772	0.1322297538142419	750849.4930490121	863.3725198103397	663.0175954355777	1.16198	18.233486	0.0496014522866725	0.0262376446478151	-0.1159102699	-0.0593308619	0.1559427806	0.0988753148	-0.0217255444	0.1198304074	0.0110637673	-0.1540171983	-0.009933697	0.0085410366	0.1581526673	0.0068843366	-0.0451922864	-0.0981945031	0.0108390842	0.1042280318	0.0069266339	-0.0146914484	-0.0582355971	0.02128376	-0.0340543613	-0.0375544929	0.032980913	0.1578686022	0.0435013729	0.0650283105	0.070950705	-0.0279983576	-0.0292580825	-0.0616610903	0.0260223513	-0.0178194199	-0.0660890982	-0.1360408972	0.0880688947	-0.0830242346	-0.0658058835	-0.0059716242	0.0040000484	0.1644064828	-0.0066617036	0.1580589932	-0.0521347187	0.0158424601	-0.0419787278	-0.006039162	-0.0896831224	-0.008176014	0.0790510558	0.0976583697	-0.0019605921	0.0047363438	-0.1806205336	0.1435572319	-0.0604073473	0.0246531354	0.0856849113	-0.0970382431	-0.0355847396	0.0560083175951149	-0.0020736153214074	0.0031369316398352	4.299880501175521e-06	0.0234310491827187	0.0058113519036026	0.0005490140658029	3.377181094750671e-05	-0.233218406938775	-0.0186979676710024	0.05439082533506	0.0003496139950258	0.00433198833543	0.0003029924952349	1.876612293830158e-05	9.1804452168671e-08	-0.0003058166962717	-0.0001550194598919	2.4031032945176397e-08	9.352385171853723e-08	-0.000145338629709	2.358392686400019e-06	2.1123317285689812e-08	5.5620160632650975e-12	0.0	0.0	0.0	0.0	0.0
884.131502366329	-2.486627825010146	6.183317940114689	781688.513476542	860.2203390099281	-4.251869168392432	739979.0316463556	18.07839142512615	866.0664040738739	-0.4493159502998196	0.20188482319383	750071.0162654505	862.4385366076422	659.465600689638	1.059565	16.626421	0.0817310495849634	0.0455001558471427	-0.0308275252	-0.1021184818	-0.0589939814	0.1170203672	-0.0571795599	-0.0389682263	0.0228924138	0.027260066	0.0593637462	-0.0159119006	-0.0586092286	-0.1057126934	0.0249036034	-0.0887967189	0.0016943384	-0.0692922034	-0.0611559778	-0.2019475548	-0.1939289173	0.1873066671	0.1523525382	-0.1455366515	-0.0012848069	-0.050003518	0.1239052659	-0.0118836609	-0.0295177691	0.0405959066	0.0279863634	0.0603486761	-0.2222875708	0.0119133666	0.0279372215	-0.096518328	-0.0507111508	0.0205432364	-0.0328295573	-0.1163501021	0.0015623279	-0.0212898292	-0.1589785971	0.0698844284	0.0896416095	-0.0834003456	0.0682470104	-0.0013259546	-0.0240469902	-0.0860360816	0.0282210397	-0.0366677798	-0.0438345251	0.122336993	0.0003211666	0.0243855494	0.0591873303	-0.0006038594	0.0590207645	-0.1016540472	-0.023839813	0.0609117676629296	0.0049034500678147	0.0037102434398227	2.404382256755201e-05	0.0586463787946343	0.0352153296119156	0.0034393977457237	0.0012401194396758	-0.2230907911667969	0.010127615771978	0.0497695011034273	0.0001025686012248	0.0038389904166829	-0.000492997918747	1.4737847419383146e-05	2.4304694788897213e-07	-0.0002158696785181	8.994701775359999e-05	8.090466002766432e-09	4.659971810350785e-08	-0.0001920867758734	-4.674814616440002e-05	3.6897329465437813e-08	2.185389169808108e-09	0.0	0.0	0.0	0.0	0.0
882.3585735382527	-1.7729288280762605	3.1432766294238617	778556.6522964601	861.2276314801948	1.0072924702666342	741713.0332249862	1.014638120655858	866.3257899130545	0.2593858391805952	0.0672810135674216	750520.3742684778	863.1011210165603	640.0797338207949	1.0734	16.843523	0.0980131958560936	0.0495615673364457	0.0841119297	0.103866196	-0.1370301408	0.1132826975	-0.0904112483	0.0063559014	0.0705993178	0.175026718	-0.0354389705	0.005814198	-0.0931858273	-0.0995325511	-0.012722118	-0.0511804287	-0.0576949323	-0.0682050843	0.1680291932	0.0759303721	-0.154242707	-0.0715186147	-0.1398910359	-0.1980506071	0.0197286215	-0.0910202136	0.1099259335	-0.1009365643	-0.0387834247	0.088252288	0.0210019283	-0.0458151753	0.0913990109	-0.1929870832	-0.0996423017	-0.0667492279	-0.0042925649	0.05704149	0.1918075593	0.0491658678	-0.0798291503	-0.085228423	-0.0426951651	0.0332344126	-0.0152932961	-0.1164476662	0.1630390709	0.068135907	-0.0286613751	-0.114644874	0.0744171747	0.1651269577	-0.0743558135	0.0852193884	0.1098594011	0.0199882576	0.0359716302	0.2327715752	0.0106080802	-0.10612066	-0.0119549848	0.0722067086822733	0.0112949410193437	0.0052138087787266	0.0001275756926304	0.0285674612534592	-0.0300789175411751	0.0008160998424678	0.0009047412804488	-0.206658909679092	0.0164318814877048	0.0427079049497511	0.0002700067292259	0.0044849777868698	0.0006459873701868	2.0115025748715524e-05	4.1729968244098644e-07	-0.0003689444677685	-0.0001530747892503	2.343189110405437e-08	1.3612002029698174e-07	-0.0001971737325935	-5.086956720099992e-06	3.887748082485304e-08	2.5877128672170464e-11	0.0	0.0	0.0	0.0	0.0
881.753225304133	-0.6053482341196741	0.3664464845518077	777488.7503342412	851.7951358972593	-9.432495582935417	725554.9535382305	88.97197292209614	865.2480219013622	-1.0777680116922284	1.1615838870270192	748654.1394042202	861.7797113923408	631.5878069090612	1.150642	18.055584	0.0971569998119767	0.045751073243633	0.082067232	0.1267740134	0.18256019	-0.0412239071	0.1377531068	0.0282032313	0.1059447069	-0.0267269248	-0.1910501595	-0.0955877275	0.1317040563	0.069227807	-0.0135683221	-0.082219147	-0.080126319	0.1919694035	0.0795791092	0.0638906063	-0.0992440862	0.0683939909	0.0747894584	-0.1631760617	-0.0803329462	0.1486688801	0.0008463121	0.058274702	0.1162383186	0.0310850524	-0.0877619302	-0.1951977886	0.0199514606	-0.1105174187	-0.0369804427	-0.0422750541	0.088045154	-0.0566984722	0.0984962623	0.0523063044	0.0837063362	0.167982329	-0.0244240741	-0.0684396722	-0.0378700674	-0.0349605254	0.225242543	-0.054493778	-0.0563166256	0.0211420394	0.1408646502	-0.0253060715	-0.0740970185	0.0231537853	0.0672735081	-0.231322724	0.1345062409	0.0551073895	-0.0298313324	-0.1104315261	-0.0	0.0558529646397261	-0.0163537440425472	0.0031195536590464	0.0002674449442091	0.0526798115380415	0.0241123502845823	0.0027751625436835	0.0005814054362463	-0.2070024451055019	-0.0003435354264098	0.0428500122796563	1.1801658919862189e-07	0.003991014389408	-0.0004939633974617	1.5928195856461712e-05	2.439998380320038e-07	6.699973514945334e-05	0.0004359442029179	1.9004734805776968e-07	4.488964510096894e-09	-1.3393180450663525e-07	0.0001970398007889	1.7937728258403562e-14	3.882468309496619e-08	0.0	0.0	0.0	0.0	0.0
885.91229051299	4.159065208856987	17.29782341152461	784840.5864819724	857.9196494346442	6.124513537384814	736026.1248860627	37.50966606960985	867.1231804476934	1.875158546331136	3.5162195738786983	751902.610069723	863.6025747187228	643.8370408363712	1.262715	19.814207	0.0686933042899124	0.0336987294078507	0.0331097493	-0.0988465553	0.01353688	-0.0312913488	-0.0520391638	-0.1547040409	-0.0459541142	-0.1097591945	0.000453498	0.0186501134	-0.0709675475	0.1429388066	0.0201322668	-0.0294153139	-0.0957917219	-0.0134015812	-0.1949336634	-0.1561837525	0.0313261577	-0.080047249	-0.0284262917	-0.0857496398	-0.0086495892	-0.0718325698	-0.0839929511	0.0831335375	0.0964261101	0.0021023569	-0.1039556873	0.1027158264	-0.1550581299	0.087737444	-0.1153305778	-0.0396600389	-0.1572423494	0.0345527058	-0.1552728885	-0.0833560442	0.0769298663	-0.019340224	-0.047280073	-0.0080206001	-0.0883732178	-0.0455417275	0.1221849807	-0.0647586904	-0.0577525357	0.2607269149	0.1341482908	0.0706891982	0.0716366381	-0.1253974442	0.2088362262	-0.0755737864	0.0951299752	-0.0332276844	-0.1517313231	-0.1145803187	0.0119549848	0.0594206814669178	0.0035677168271916	0.0035308173859929	1.272860335902678e-05	0.0479157437974464	-0.0047640677405951	0.0022959185036625	2.2696341436978928e-05	-0.1896974270332236	0.0173050180722783	0.0359851138230251	0.0002994636504818	0.0035649938625613	-0.0004260205268467	1.2709181240099736e-05	1.8149348929473985e-07	-0.0002562002917145	-0.0003232000268639	1.0445825736486017e-07	6.563858947459489e-08	-0.0001120434110908	-0.0001119094792862	1.2553725968862005e-08	1.2523731554129323e-08	0.0	0.0	0.0	0.0	0.0
888.8180723054505	2.905781792460516	8.44356782539505	789997.5656567771	854.5287647469099	-3.3908846877342285	730219.4097798797	11.498098965510456	867.4054714649764	0.2822910172830006	0.0796882184386713	752392.2519273779	862.8713624366894	650.786494805049	1.214894	19.06381	0.083929049659109	0.0516647125624803	-0.0676806055	0.1231539757	-0.1341228124	-0.0899173563	-0.0073129613	0.0390494097	-0.171745924	0.1277040982	0.0920722857	0.0044336055	-0.1115173419	0.1691564817	0.0921474962	0.0093430727	0.0174439295	-0.0852722132	0.1245457931	0.0978915348	0.1914017713	-0.2027896526	0.0475690109	-0.0278136555	-0.0144869156	-0.105036603	-0.1577821213	-0.0844537822	0.0234655363	0.1441217786	0.0509663414	0.007302615	0.1361649218	0.0802633586	0.0074900022	-0.0233907348	0.064088209	0.0244290614	0.0491997194	0.2025147591	-0.0619071034	-0.0992772894	-0.0243780016	0.0617253118	-0.1310099276	0.1005664994	0.0740103287	-0.0192366023	-0.0605340818	-0.0850938799	0.1056654084	0.1540850674	0.2247347748	-0.0923920742	-0.0418942146	-0.1334484191	0.0359429582	0.03104842	-0.0495430053	-0.1185609488	0.023839813	0.0558689155313771	-0.0035517659355406	0.0031213357226521	1.2615041260867295e-05	0.0092518237147487	-0.0386639200826977	8.559624204878645e-05	0.0014948987161612	-0.2234662746747204	-0.0337688476414968	0.0499371759169975	0.0011403350710346	0.0035650041441491	1.0281587799892966e-08	1.2709254547800256e-05	1.0571104768690788e-16	-0.000301998575539	-4.579828382450003e-05	2.097482801269461e-09	9.120313962758512e-08	1.0383434843766557e-06	0.0001130817545751	1.0781571915474542e-12	1.2787483217800488e-08	0.0	0.0	0.0	0.0	0.0
891.4794507304644	2.6613784250138224	7.082935121129053	794735.6110746904	860.8118769734405	6.283112226530534	740997.0875385376	39.47749925117749	868.9583098795297	1.552838414553321	2.4113071417124714	755088.5443086887	865.1830303219639	671.4605679410175	1.081271	16.967031	0.1083818474932506	0.061489423306744	-0.1811292103	-0.0676801871	-0.0462419188	-0.0754434952	0.0372174788	0.0755382942	-0.1306959904	-0.1587082275	0.0423393745	0.129540215	-0.0024254971	0.0913881074	-0.0413088707	0.0801382548	0.0512214603	0.0759339981	-0.0160635885	0.2190023119	0.1010029521	-0.0387774931	-0.0742857373	-0.1365967293	0.1001726943	0.0021364344	-0.1797906438	0.0991615679	-0.0495816391	-0.090158368	0.0077656062	-0.0177469697	0.1164688513	-0.0181656481	-0.0634451771	-0.0372082105	0.1243229225	0.0039776457	-0.1604193338	0.0301172225	0.0339586766	-0.0649462955	-0.105838658	0.1155547705	-0.0763628797	0.0702970006	0.118340229	0.0381095364	-0.0789292894	0.0031795417	0.1377001249	-0.0374659921	-0.0526388899	-0.0559068049	0.0053170308	-0.1491949349	0.0919170333	-0.0581707748	-0.2353407449	-0.1223675745	0.0355847396	0.0558462994234076	-2.261610796949753e-05	0.0031188091592888	5.114883396879699e-10	0.061116345431472	0.0518645217167233	0.003735207678899	0.0026899286129044	-0.2398521513663496	-0.0163858766916291	0.0575290545150662	0.0002684969549532	0.0039970104725561	0.0004320063284069	1.5976092717723135e-05	1.8662946778369666e-07	6.699973257395797e-05	0.0003689983081129	1.361597513902255e-07	4.488964164981885e-09	-1.336795342390257e-07	-1.1720230186156814e-06	1.7870217874362846e-14	1.373637956165014e-12	0.0	0.0	0.0	0.0	0.0
890.5227509012014	-0.9566998292629024	0.9152745633116663	793030.7698726433	858.6062452183213	-2.205631755119157	737204.6843279041	4.864811439190013	868.1007454164567	-0.8575644630730039	0.7354168083256896	753598.9041926077	864.8006211191447	675.9248436529659	0.987894	15.501787	0.0152861598472178	0.0093211275761316	-0.1949981894	-0.0057117951	-0.1283967798	-0.0119336478	0.0153156728	0.0972289257	-0.0974563234	-0.0215655606	0.0620499783	0.0963585103	-0.039061474	-0.0211164954	0.1129926418	0.0718289628	0.1489267767	-0.0280338104	0.0073176263	-0.1420086052	0.2023331598	0.1134622283	-0.013903404	-0.0788571659	0.0899681244	-0.0248001421	-0.0748526632	-0.1059417866	-0.0622293222	-0.0619974661	0.1015082895	0.0332958501	-0.0172500631	0.2493138376	-0.0778225104	-0.0350987796	-0.0588650539	0.1281779373	-0.1868704612	0.1017887795	0.0673515213	-0.0702398635	-0.096919401	0.1032245158	0.1005841531	0.0959007376	0.0553834905	0.0731643074	0.0276011051	0.1618271381	0.0388016584	0.0268381699	0.1934285474	-0.0926549904	0.0274165303	0.0360179681	-0.0444540439	-0.0289147664	-0.0715912281	-0.1259946088	0.0471208409	0.0589555742015335	0.0031092747781258	0.0034757597294325	9.66758964588986e-06	0.0611922123290327	7.58668975607002e-05	0.0037444868497214	5.7557861454857785e-09	-0.2396657679006324	0.0001863834657171	0.0574396803033998	3.4738796292754385e-08	0.003908011311826	-8.899916073009956e-05	1.5272552413359975e-05	7.920850610662097e-09	-8.199966958089e-05	-0.0001489994021548	2.220082184250212e-08	6.723945811375137e-09	1.6045169709544282e-07	2.941312313344685e-07	2.5744747100807737e-14	8.651318124633063e-14	0.0	0.0	0.0	0.0	0.0
889.3445788596761	-1.1781720415253858	1.388089359432095	790933.7799470946	866.1448473597682	7.538602141446859	750206.896607876	56.83052224702716	868.7875029429515	0.68675752649483	0.4716359001972972	754791.725269849	865.409983893256	676.4677425643773	1.079786	16.943729	0.0423777280467913	0.0226257131809135	-0.1784060406	-0.068634133	0.1401949997	0.0541864758	0.0140975836	0.1808029225	-0.0061577833	-0.1251907004	0.0067286095	0.1092510301	0.1754556921	-0.0129577211	-0.0370298209	0.0764386211	0.0925049272	-0.173809752	-0.0437724982	-0.0483398218	-0.0776938363	0.01382079	-0.1826052242	0.0095852249	0.1147133056	0.1816794585	-0.0244841951	0.0016034344	-0.0301442439	-0.0868554624	0.1174906652	0.1514889872	-0.0495055942	-0.1110833661	-0.1203848157	0.0278747145	-0.0053701782	-0.0020496111	-0.1962767073	0.0264850884	-0.0317289872	0.1259477607	0.0823356101	0.1582001143	0.1078212211	0.0897954748	-0.0090487201	0.1146927264	0.108870821	-0.0621181971	0.06691784	0.1989817484	-0.017113433	0.0256912583	-0.0827442315	0.1005616938	0.0055511615	0.0567254094	0.0226380052	-0.1294367287	0.0583804184	0.0525573867199398	-0.0063981874815937	0.0027622788988293	4.093680304962236e-05	0.0616317790250064	0.0004395666959736	0.0037984761857872	1.9321888020923322e-07	-0.2360969631742762	0.0035688047263562	0.0557417760201155	1.2736367174862397e-05	0.0041810001377915	0.0002729888259655	1.7480762152212545e-05	7.452289910202206e-08	-0.0003981065642808	-0.0003161068946999	9.992356887681998e-08	1.5848883652346273e-07	-5.0167210494848815e-05	-5.032766219194426e-05	2.516749008834469e-09	2.5328735817064554e-09	0.0	0.0	0.0	0.0	0.0
885.9041104197456	-3.440468439930441	11.836823086157406	784826.0928586009	860.2187148692996	-5.926132490468604	739976.2374113892	35.11904629458761	866.0596788079306	-2.72782413502091	7.441024511602576	750059.3672568959	863.0654300332192	659.6596975456164	1.203618	18.886866	0.0502275775212127	0.028122497375032	-0.014570985	-0.11410042	-0.1405674242	0.014714347	-0.0552611253	-0.0185892149	0.046743382	0.0228107262	0.1373239505	-0.0068412125	-0.0319782831	-0.1548341157	-0.0434695155	0.0668717761	0.033892274	-0.0848410257	0.0088883949	0.0511072329	0.0477999091	0.1672325615	-0.2027670649	-0.0711969357	0.0090367192	-0.0410464492	0.1086556801	-0.0491359682	-0.1618034727	-0.0294923352	0.0536418478	0.1260125886	0.0584777692	-0.0191099712	0.1000372494	0.025081741	-0.0568857051	-0.0509956257	-0.0291701359	0.0306669406	-0.1004170694	-0.1179202343	-0.0104484936	0.0778842319	-0.0589731624	0.1724424798	0.0247831077	0.2505130162	0.0149945386	-0.0464186223	-0.1705070986	-0.050341662	-0.1126006733	-0.0425173974	-0.0002511802	-0.0979053736	-0.1894471157	0.2697835352	0.0283400529	-0.1326888823	0.0692973963	0.0559721514599971	0.0034147647400573	0.0031328817390608	1.1660618229938604e-05	0.0612955352095383	-0.000336243815468	0.0037571426366237	1.1305990344054287e-07	-0.2181737656467106	0.0179231975275656	0.0475997920164657	0.0003212410096121	0.0038000091085545	-0.000380991029237	1.4440069225097164e-05	1.4515416435906874e-07	-0.0005359978121033	-0.0001378912478225	1.9013996226046127e-08	2.8729365457952453e-07	2.0179412080860697e-06	5.2185151702934885e-05	4.072086719291867e-12	2.7232900582583277e-09	0.0	0.0	0.0	0.0	0.0
887.9138871467318	2.0097767269861606	4.039202492335204	788391.0709880191	858.7634511770204	-1.455263692279118	737474.6650774668	2.1177924140658515	867.992433505876	1.93275469794537	3.7355407224298975	753410.8646234525	864.5963666387493	661.2116198789727	1.219282	19.132654	0.0514313247999788	0.0305092766077161	-0.0788871924	0.0730804463	0.0674213908	0.0246076756	0.0664448377	0.1104878849	0.0688115579	-0.018228253	0.0130114901	0.05094761	0.0922263075	0.1320792868	-0.0218443817	-0.0404365949	-0.0243821441	0.1065270296	0.0828732677	-0.0123288851	-0.0725509451	0.0034305934	0.034794352	-0.1671093375	0.0513133836	0.0777340783	-0.0752898362	0.0783110642	0.0724994191	0.1024498992	0.0258892636	-0.0929002916	-0.027839349	-0.0367711114	0.0856825522	-0.037573834	0.1466521722	-0.0514392029	-0.0142430365	0.1449299283	0.05844501	0.0543420088	0.03327522	-0.0120014065	-0.0584628382	0.0687444915	0.0707939542	0.1416751156	-0.1233379837	-0.0057711794	-0.0331982359	0.0524521398	-0.0946591482	-0.0069143325	-0.085003822	-0.299844884	-0.0872307646	0.0844093992	-0.090089818	-0.1357462967	0.0798077096	0.0559957299420403	2.357848204320029e-05	0.0031355217717419	5.559448154615185e-10	0.0396891271513482	-0.0216064080581901	0.0015752268140358	0.000466836869177	-0.2368192442497729	-0.0186454786030623	0.0560833544470336	0.0003476538723372	0.0039910111501054	0.0001910020415509	1.5928170000265632e-05	3.6481779876611855e-08	-0.0005679974539574	-3.199964185409993e-05	1.023977078790664e-09	3.226211077020888e-07	2.133450936749829e-06	1.1550972866375929e-07	4.5516128995187225e-12	1.3342497415975296e-14	0.0	0.0	0.0	0.0	0.0
887.7740075032816	-0.1398796434501719	0.0195663146517472	788142.6883984368	864.9072742855479	6.143823108527499	748064.593112056	37.746562388876505	868.1247478802459	0.132314374369912	0.0175070936649012	753640.5778821405	864.805100728751	662.9285053549461	1.132199	17.766182	0.0790613459126194	0.0521187725210491	-0.0511129798	-0.1613646019	0.0726958792	0.0657994836	-0.0399591892	0.0731838727	0.0304384242	-0.1263743359	0.1056150577	0.0812026681	0.0068499136	0.0560566103	-0.1137883822	0.014402487	0.0797438584	-0.0137859198	-0.0499148967	-0.0400729139	0.0432011812	0.0217612453	0.2137939483	0.0974357702	0.0919099117	0.0288753907	-0.0083101955	0.1338020515	-0.0328207684	0.0052576174	0.0656926885	0.0136163984	-0.0510834489	0.0357702861	0.0396415866	-0.0121107466	0.0430654375	-0.0774641183	-0.1171047414	-0.1159478759	0.0533197603	-0.0282885102	-0.0372650978	0.039571749	0.0694986107	0.0381590834	0.0278331003	0.1430707677	-0.0495182464	-0.042784699	0.1707431997	-0.1201707618	-0.0945506024	0.0238400598	-0.1221987816	0.0569685487	-0.0592060111	0.0063932189	-0.1163720277	-0.1386044847	0.0898496795	0.0560675436415323	7.181369949199601e-05	0.0031435694499951	5.1572074347267075e-09	0.0837691127902644	0.0440799856389162	0.007017264257668	0.001943045133927	-0.2105148628725146	0.0263043813772582	0.0443165074902336	0.0006919204796402	0.0038530125964504	-0.000137998553655	1.4845706068405456e-05	1.904360081087196e-08	-0.0005339978797951	3.3999574162300004e-05	1.155971043217738e-09	2.851537356256621e-07	2.028274814990915e-06	-1.0517612175891394e-07	4.113898725126431e-12	1.1062016588245892e-14	0.0	0.0	0.0	0.0	0.0
884.5831345047819	-3.1908729984996853	10.181670492554373	782487.3218503051	869.3754875050034	4.468213219455492	755813.7382745624	19.964929374516817	867.3906726675244	-0.73407521272145	0.5388664179320422	752366.5790306205	865.0713819666822	654.8246836838213	1.139248	17.876795	0.0910755254390702	0.0609436193534976	0.0483426078	-0.0896447451	-0.0906652559	0.1639251891	-0.1527343988	0.0416473332	0.0658522841	0.0362597433	0.092725185	0.0480160694	-0.0472529091	-0.1203729787	-0.0586728725	0.0162688476	0.0142222955	-0.196740276	0.0150023511	-0.0159908754	0.0696564389	0.1237167913	0.069244107	-0.001629	0.0713052204	-0.0511917043	0.1116683428	-0.0545833555	-0.0702916657	0.0095310849	0.085926561	0.2056325017	-0.0201264882	0.0440704608	0.009216198	0.0102260029	-0.1281695587	0.0668461272	-0.0257665814	-0.0600162552	-0.0862442192	-0.0962241193	0.0650199159	0.0692526665	0.0585818707	-0.1026939614	0.0852757847	0.1751897263	-0.0276525774	0.0852518529	0.069696134	-0.1397518921	-0.1061069956	0.0885921865	0.1503357228	0.1660557335	-0.0678840253	0.1406685567	0.0330725027	-0.1412592515	0.0993643757	0.0559076087632206	-0.0001599348783116	0.0031256607176213	2.5579165300576583e-08	0.0315478526142811	-0.0522212601759833	0.0009952670045724	0.0027270600143677	-0.2102101538564085	0.0003047090161061	0.0441883087843349	9.284758449634921e-08	0.004421017594234	0.0005680049977835	1.9545396568526583e-05	3.226296775071471e-07	-0.0003349984596561	0.0001989994201389	3.9600769215658235e-08	1.1222396797195969e-07	1.2402653642076128e-06	-7.880094507833023e-07	1.5382581736530425e-12	6.209588945238017e-13	0.0	0.0	0.0	0.0	0.0
881.583843687413	-2.9992908173688875	8.99574540715333	777190.0734506731	860.8814426466477	-8.494044858355778	741116.8582933733	72.14879805576024	865.8397253065643	-1.5509473609600946	2.405437716469082	749678.4299189468	862.2157772390285	632.9018022926108	1.262913	19.817307	0.0793366884099685	0.042932330497116	0.1510232265	0.1684171359	-0.0579881602	0.1290254605	-0.0311413463	0.0612329127	0.1270590648	0.1749197062	-0.0133610459	-0.0043093998	-0.0505100679	-0.2022892868	0.040879424	0.0048962587	0.0719727897	0.0245676387	0.1505409983	-0.0050119093	-0.0494561674	-0.0182719069	0.0780498482	0.0985662342	0.0006996132	-0.0525841379	0.138715542	-0.1458100224	-0.0834889802	0.0025586722	0.0940925707	-0.1015126921	0.0620785705	-0.0901149353	-0.0055474183	0.0547922869	0.0313121012	0.0960863112	0.2263899018	-0.0061080648	0.0442928669	-0.0456021654	0.0986613556	0.0184126598	0.2021423935	0.0543186691	-0.056508029	-0.1207319794	0.0009619179	-0.137301437	0.053187352	0.0123876662	-0.0774909614	-0.0124066813	0.0248076343	-0.0034151002	-0.2364876646	0.007767674	-0.0418288622	-0.1437067008	0.1082959623	0.0709323840931688	0.0150247753299481	0.0050314031131408	0.0002257438737154	0.0505528237233932	0.0190049711091121	0.0025555879864084	0.0003611889268581	-0.2098365685110792	0.0003735853453293	0.0440313854845048	1.3956601024481426e-07	0.0051020218295687	0.0006810042353347	2.6030626749395543e-05	4.637667685437999e-07	-0.0005509959963307	-0.0002159975366746	4.665493584949517e-08	3.035965879724608e-07	2.9056258664867697e-06	1.665360502279157e-06	8.442661675996991e-12	2.773425602551486e-12	0.0	0.0	0.0	0.0	0.0
881.2660562045235	-0.317787482889571	0.1009888842812894	776629.8618182744	855.6976428586383	-5.18379978800931	732218.4559938298	26.871780242165364	865.4772211408372	-0.3625041657271595	0.1314092701695439	749050.8203136656	862.3461023049791	632.5141542749498	1.102745	17.303988	0.1369416589364118	0.0721242876094758	0.1569051014	0.0916325911	0.1663979361	0.0985779222	-0.0286495316	-0.0312795862	0.1536912349	0.0415553623	-0.2226283576	-0.0381671283	0.091942626	-0.141600168	0.0921433604	-0.0722313445	-0.0564829802	-0.0404475842	-0.1196974788	-0.0591083001	-0.1256106991	0.055035065	0.1401095237	0.0869919558	-0.0229220229	0.0742399511	0.1541696701	-0.1123160151	0.092819576	-0.0673179718	-0.0543315458	0.0292228249	-0.029059423	-0.0916840471	-0.0101044214	0.0561283745	-0.1527676855	0.0429802111	0.0526222847	-0.1199557691	0.1986135305	0.1405143751	0.1313918128	-0.1573685304	0.2174197736	0.1631586548	-0.0833325702	-0.1809032016	0.0604845583	0.0056038102	-0.1604568913	-0.0368652498	-0.1153821953	0.0758517504	0.0085651233	-0.0275395001	-0.015494373	0.015840309	-0.0906400919	-0.1459432408	0.1165920251	0.0561125317862547	-0.014819852306914	0.0031486162234634	0.0002196280223987	0.1020410393144715	0.0514882155910783	0.0104123737043775	0.0026510363447533	-0.1943435617262991	0.0154930067847801	0.0377694199844638	0.0002400332592332	0.0042639470394377	-0.000838074790131	1.818124435512953e-05	7.023693538531197e-07	-0.0005650306186255	-1.4034622294800008e-05	1.9697062295769744e-10	3.192595999843152e-07	-0.0002477966467805	-0.0002507022726469	6.140317815565987e-08	6.285162951036409e-08	0.0	0.0	0.0	0.0	0.0
883.0901907650484	1.8241345605249533	3.327466894901565	779848.2850254496	855.2121849947198	-0.4854578639185547	731387.8813634429	0.235669337640366	867.1608431804767	1.6836220396395447	2.8345831723600208	751967.9279454753	863.6109498138899	631.8118432128314	1.089558	17.097073	0.1325536861900546	0.0702217520992755	0.16886048	-0.0789079351	0.0434986024	-0.0012502943	-0.0653075876	-0.1279999888	0.0920293212	-0.0111483003	0.0720064988	0.0273851796	-0.0300142342	-0.0483104665	-0.1164384164	0.0234918177	-0.0175402257	-0.1528120965	-0.0177628646	0.2000033037	-0.1508929304	0.006270005	0.094961049	0.1040840876	0.0320590769	-0.0161344229	0.0779207576	0.0489574379	-0.0472146332	0.0403810046	-0.0008524813	0.11410751	0.1570279554	-0.1972276191	0.1009542991	0.0550308715	-0.0185132948	-0.0998094804	0.131501263	-0.1201269869	-0.1493631315	-0.0015995934	0.2281806844	-0.0096345045	0.0741124243	0.2788682105	-0.0673209437	-0.1276040128	0.0532364714	-0.0005593572	-0.0741840822	0.1715713482	0.0659914671	0.0127891668	-0.0588421334	0.1147215496	0.2529413694	0.0476729452	-0.1559095706	-0.1479655889	0.1242038795	0.0708712133375684	0.0147586815513137	0.0050227288799391	0.000217818681133	0.0516885265263056	-0.0503525127881659	0.0026717037744605	0.0025353755440824	-0.2049972527203891	-0.0106536909940899	0.042023873622907	0.0001135011317975	0.0050979895022169	0.0008340424627791	2.5989496964713716e-05	6.956268297187926e-07	-0.0003359491663901	0.0002290814522354	5.247831175827987e-08	1.1286184239820308e-07	-0.0001751445446654	7.265210211509997e-05	3.0675611526050296e-08	5.278327941742913e-09	0.0	0.0	0.0	0.0	0.0
883.4445069329098	0.3543161678613842	0.1255399468079766	780474.1968299322	862.13634894615	6.92416395143016	743279.0841741976	47.94404642628492	867.4925359910534	0.3316928105766692	0.1100201205882501	752543.3000001891	863.998270303901	634.9244787197669	1.094619	17.176476	0.089362757184563	0.0456904206946887	0.1473113305	0.0691677837	-0.0766440109	0.0778694005	-0.0477402461	0.0806606945	0.0567002491	0.1559623647	0.0223535934	0.0737499591	-0.0816337228	-0.0869473695	-0.0641126492	0.0443159386	0.0341280823	0.0361208395	0.1733248055	-0.1533800413	0.0997381869	0.0856292115	-0.0465787564	0.1701172541	0.066593581	-0.0727779677	0.0453431022	-0.045748913	-0.1345459768	0.0447985311	0.045108411	-0.1208928702	-0.062304631	0.0510017975	0.0123466433	0.0610727154	0.0825137596	0.0577327344	0.1899586793	-0.1019592112	0.128871712	-0.1537787593	0.0618880571	-0.0365152721	0.1293951512	0.1763465546	-0.066365527	-0.059317456	0.0951518196	-0.0377487123	-0.105953934	-0.0459603483	-0.1480923047	-0.0240975414	-0.0683361657	-0.1111290942	-0.0208156593	-0.0593866929	0.0070580928	-0.1497707771	0.1310868562	0.0608549448555777	-0.0100162684819907	0.0037033243133754	0.0001003256343033	0.0853842991866145	0.0336957726603089	0.0072904785475892	0.0011354050951752	-0.2054949487697541	-0.000497696049365	0.0422281739698838	2.477013575535325e-07	0.0046400203875814	-0.0004579691146354	2.1529789197171047e-05	2.0973570996002357e-07	-0.0006029968195451	-0.000267047653155	7.131444905559322e-08	3.63605164381506e-07	2.8990874020693065e-06	0.0001780436320674	8.404707764836961e-12	3.169953491977639e-08	0.0	0.0	0.0	0.0	0.0
883.8714407287248	0.426933795814989	0.1822724660089947	781228.7237358716	855.4758688904518	-6.6604800556981445	731838.9622538735	44.36199457235276	865.6823363636062	-1.8101996274472183	3.276822691210049	749405.9074919517	862.0069096542657	633.071004052764	1.193218	18.723669	0.0428083994378497	0.0244614313663687	0.109864728	0.1180312196	0.065402769	0.0235665543	-0.0128838162	-0.0323396825	-0.0259662282	0.0839193047	-0.1433273935	-0.0591235742	0.0319947647	0.0231695627	0.1374549889	-0.0663947083	-0.0818207617	-0.1974834447	-0.0846988003	-0.0050529175	-0.0873869072	-0.1226681248	0.0016677662	0.1918680689	-0.0468932405	0.0034712763	0.016852296	-0.1377658905	0.1423783474	0.0292041497	0.0108891258	0.1398923228	-0.0914892302	-0.1258644375	0.1005736771	0.0666981504	-0.20924643	0.0920880715	0.0332008874	0.034894658	0.0880060584	0.1047548233	0.1404269529	-0.0877410029	0.0671427644	0.1279209268	-0.0384952925	0.0276729124	-0.0696009448	0.1909987546	-0.0972370413	0.1123200485	0.1271331797	0.038203448	0.0827009038	0.0792401115	-0.1285133666	-0.1162687136	0.0782994892	-0.1513561561	0.1372005631	0.0607423857533717	-0.0001125591022059	0.0036896374270114	1.2669551489420484e-08	0.074672819661842	-0.0107114795247725	0.0055760299962499	0.0001147357936096	-0.1856021494735813	0.0198927992961727	0.0344481578892136	0.0003957234638378	0.0045114820394507	-0.0001285383481306	2.035347019228625e-05	1.6522106940168953e-08	-0.0006012469945191	1.7498250259999912e-06	3.06188762161587e-12	3.614979484182507e-07	-0.0001086439697352	-0.0001115430571372	1.1803512159823056e-08	1.2441853595528124e-08	0.0	0.0	0.0	0.0	0.0
887.246203236794	3.3747625080692387	11.389021985869778	787205.8251581064	861.5052525498146	6.029383659362793	742191.3001709199	36.35346731179106	867.2370486299939	1.5547122663876962	2.4171302312563667	752100.0985164624	863.7619807108791	646.8851223399338	1.25042	19.621277	0.1308341581016008	0.0772026890568009	0.0215830034	-0.1152201087	0.0479558713	-0.0071935688	-0.0465230519	-0.0142185336	-0.0629403444	-0.123914758	0.0847506443	0.0199877399	0.0372721188	0.0334666222	-0.091120634	0.1198910758	0.0187638539	0.0020134445	-0.1433120714	0.1508282121	-0.0378838885	0.2135840051	0.1802317412	-0.0197833135	0.0248594532	0.0317513149	-0.0354934744	0.1304734046	-0.0381574608	-0.0988491343	-0.0354649114	0.0705586665	0.1951466412	-0.028974513	0.0214517219	0.0348594696	0.1067009714	-0.0452122555	-0.0352773245	-0.1191898421	-0.0836695124	-0.0214676728	0.1297216536	0.0699754193	-0.0223136599	0.0931641133	-0.0685021942	-0.1763428131	-0.1090368002	0.0292187899	0.1415861902	-0.0955963454	0.1203875937	0.029304378	-0.1007600046	0.0698692814	0.1184939178	-0.1065397565	-0.0228881232	-0.152719399	0.1425091225	0.0582414859044035	-0.0025008998489682	0.0033920706803528	6.254500054569176e-06	0.0259054631641504	-0.0487673564976915	0.0006710930217491	0.0023782550597729	-0.2410197053664973	-0.055417555892916	0.0580904983749531	0.0030711055011444	0.0048249401585421	0.0003134581190913	2.3280047533512263e-05	9.825599242431824e-08	-0.0005951597077316	6.087286787499996e-06	3.705506043327202e-11	3.542150777071636e-07	-0.0002720654810968	-0.0001634215113615	7.401962600443324e-08	2.670659037570955e-08	0.0	0.0	0.0	0.0	0.0
887.336920934065	0.0907176972709749	0.0082297005981482	787366.8112527471	858.5387761759204	-2.9664763738942383	737088.8301976471	8.799982076872709	865.8636530566904	-1.373395573303469	1.8862154007695644	749719.8656846767	862.570737011769	657.8879909922775	1.012912	15.894355	0.1327400200760054	0.0631003025769582	-0.0200372397	-0.0396301831	-0.1756124631	0.0199434453	-0.0334003578	0.0282140098	-0.0916349827	0.0876497661	0.1288685664	0.0011130715	-0.0973529377	-0.1226578351	0.0529172743	0.1145719143	0.0801408069	0.036859403	-0.036734413	-0.1502379317	0.0447838849	0.1645267706	-0.0674289969	-0.1201692342	-0.0010531494	-0.0757880566	0.0246538224	-0.07830247	-0.1786857464	-0.0424476618	0.0293787023	0.027848991	-0.13806687	0.1958762919	0.021576409	0.0456888921	-0.0002680279	0.0998269977	-0.0349497948	-0.0465046424	0.0411559731	-0.1451504001	-0.0816643056	0.0084178629	-0.014413007	-0.0396691381	-0.0431339317	0.1332257562	-0.0403705816	0.0771460828	0.0479934305	-0.155452434	0.0783076209	0.1654702099	-0.0243805465	0.0121810845	0.0965127752	-0.1106047007	0.2709466139	-0.1538585052	0.1469813818	0.0443251933094188	-0.0139162925949846	0.0019647227619173	0.0001936631995892	0.0741838744335154	0.0482784112693649	0.0055032472259675	0.0023308049946939	-0.2201435676523573	0.02087613771414	0.048463190378708	0.0004358131258597	0.0043650142234844	-0.0004599259350577	1.905334917122112e-05	2.1153186573870008e-07	-0.0003349986188205	0.0002601610889111	6.768379218340931e-08	1.1222407461164265e-07	1.2310648847134629e-06	0.0002732965459815	1.5155207503745717e-12	7.46910020454255e-08	0.0	0.0	0.0	0.0	0.0
887.0146928350717	-0.3222280989932642	0.1038309477808128	786795.0653052967	855.2856661774391	-3.25310999848125	731513.5707685858	10.58272466221868	865.032156304714	-0.8314967519763741	0.6913868485472597	748280.6314411832	860.7538786553207	656.261063914623	0.940615	14.759887	0.1233658525566467	0.067019604648195	-0.0791931074	0.1450904762	-0.1075802021	-0.0115533713	-0.0186127783	0.0187027845	-0.1164882918	0.1249149302	-0.0370982781	-0.0363582592	-0.030373025	-0.1488678	0.1188455486	0.0680791049	-0.0514582374	-0.0227358753	0.0354095197	0.1226950166	-0.0338129654	-0.1988823026	0.0328188859	-0.1712971255	-0.0407437553	-0.0471370711	0.0263824198	-0.1924543605	-0.0450679519	-0.0486117282	-0.0205006764	-0.0524772461	0.1087368295	-0.0019821979	-0.0690752153	0.0297263027	0.1027317575	0.135192005	0.0788170036	0.1008992937	-0.0438264114	-0.0386308604	-0.0106376472	-0.014968957	-0.0215351532	-0.1188744807	-0.1115531449	-0.0306460605	-0.078973698	-0.1613570291	0.076988173	-0.1108798674	0.2207732508	0.028573235	-0.0297110523	0.0321087331	-0.0407282144	-0.0826012818	0.1890078345	-0.1547718027	0.1505910958	0.0504070094782918	0.0060818161688729	0.0025408666045445	3.698848791196501e-05	0.0360275929370033	-0.0381562814965121	0.0012979874528344	0.001455901817641	-0.2485713617353582	-0.0284277940830009	0.0617877218749703	0.0008081394764255	0.00524902863923	0.0008840144157456	2.7552301655456744e-05	7.814814872460346e-07	-0.0004639969728084	-0.0001289983539879	1.6640575331587568e-08	2.152931907753591e-07	2.217511316427237e-06	9.86446431713774e-07	4.917356438482857e-12	9.730765626408376e-13	0.0	0.0	0.0	0.0	0.0
886.4673534378734	-0.5473393971983569	0.2995804157254607	785824.3687111476	853.7308436992556	-1.554822478183496	728856.3534834428	2.4174729386646683	864.8273187970872	-0.2048375076268485	0.0419584045307792	747926.2913377587	860.6523689875028	669.7731312131418	1.024697	16.079279	0.2101314186957228	0.104151039575418	-0.1264804706	0.1151679011	0.0914147039	-0.112777134	0.132891753	0.0259716957	-0.0549753758	0.0181620439	-0.1505470429	-0.0788466112	0.1133333393	-0.0350241319	0.1263254175	0.0440164028	-0.1149956281	0.215313856	-0.0002773606	-0.1249735684	0.0928471473	-0.0381360292	-0.0953233802	0.0682080602	-0.0923254103	0.1150094111	-0.0576615048	-0.1228821356	0.0159869443	-0.0840454728	-0.1922028456	-0.1697018383	-0.1241400923	0.1866607303	0.0363558661	0.1085721606	0.0685601042	0.0595346544	-0.0920952367	0.0396049663	0.1499941236	0.1075777656	-0.0458438629	-0.1683451479	-0.0065911079	-0.227220038	0.0821925978	0.1235978201	0.0669389745	0.1690405686	0.0554251218	-0.3189091808	0.0240598275	-0.0155843258	0.092636846	-0.0445211058	0.1264836722	0.1412211602	0.0517460479	-0.1554579513	0.1533170814	0.0190355672153259	-0.0313714422629659	0.0003623528192091	0.0009841673896586	0.0938949562044086	0.0578673632674053	0.0088162628006278	0.0033486317315218	-0.1874756265164734	0.0610957352188848	0.0351471105377442	0.003732688861936	0.004277998293293	-0.0009710303459369	1.8301269397417826e-05	9.428999327305296e-07	-0.0003091459804394	0.000154850992369	2.3978829837664105e-08	9.557123722183789e-08	-6.783870930690983e-05	-7.005622062333707e-05	4.602090480427415e-09	4.907874048025678e-09	0.0	0.0	0.0	0.0	0.0
886.0893545269317	-0.3779989109416419	0.1428831766730673	785154.3442059546	852.6849644239559	-1.0458792752997397	727071.6485546828	1.0938634585015086	865.947173813203	1.119855016115821	1.2540752571197655	749864.5078350736	861.1108870658521	669.5504287201225	1.095574	17.191469	0.1741852714837648	0.0850531629123443	-0.101879718	-0.0211188271	0.1164790641	-0.2316359556	0.1958908885	-0.063750231	-0.1202717742	-0.0744553649	-0.0210705912	-0.0499598702	0.1101144227	0.1595025864	0.0081282819	0.1028821389	-0.1229697016	0.0870635831	-0.0473581349	0.0420788253	-0.0949570491	-0.1505036941	-0.204861651	0.1730127744	-0.0832752008	0.1100563443	-0.1987751812	0.0752107203	-0.0120184703	-0.0286588785	-0.16699721	0.0001156595	-0.1039067033	-0.1377460105	0.0385855275	0.1304781113	0.0904349668	-0.0623011297	-0.0953936677	0.0617154779	-0.2934539194	0.1435501887	0.0242420453	-0.1861425119	-0.2049831568	-0.3165926345	-0.1651279962	-0.000148266	0.0833271351	-0.074493077	-0.1956096708	0.2600673987	0.0524757446	-0.0191458505	-0.0279844936	0.0703646298	-0.0287417768	0.0148932082	0.0319320168	-0.155915944	0.1551433414	0.0522815755962966	0.0332460083809707	0.0027333631468312	0.0011052970732675	0.0336293026366973	-0.0602656535677113	0.0011309299958305	0.0036319489999433	-0.2010544919236565	-0.013578865407183	0.0404229087226796	0.0001843855857463	0.0047190224056942	0.0004410241124012	2.226917246544388e-05	1.945022677192665e-07	-0.0011369951017712	-0.0008278491213317	6.853341676898333e-07	1.2927578614517011e-06	5.1829395180842674e-06	7.30216488249941e-05	2.6862862048119577e-11	5.332161197120761e-09	0.0	0.0	0.0	0.0	0.0
886.2974505528547	0.2080960259229414	0.0433039560049215	785523.1708564899	846.405534899512	-6.279429524443913	716402.3295085289	39.4312351524579	866.370648369522	0.423474556318979	0.1793306998495561	750598.1003562259	860.5246086238465	662.3240947686353	1.052476	16.515186	0.0621652367400435	0.0437867660597499	-0.073004998	-0.121679275	-0.0692186789	-0.302497392	0.1772323367	-0.2147031637	-0.092929103	-0.0936017961	0.121685507	-0.0276464321	-0.0480171048	0.1680603886	-0.0379790798	0.1996645182	-0.1027217623	0.203737435	-0.1801672339	0.056902237	0.0791486677	-0.183531424	0.0321346088	0.0288949944	-0.0826649279	-0.0394233822	-0.2339176978	0.1713213429	-0.0834327582	-0.1064565267	-0.207822116	-0.0238556625	0.0887336014	0.0429712372	-0.0389833042	0.1518782636	0.1232108528	-0.0509452073	-0.1185701819	-0.0729800698	-0.1895087749	-0.0439082594	-0.118430106	-0.1730035785	-0.2325709967	-0.2397155075	-0.1661932555	-0.1067814552	0.1291974377	-0.1283156806	-0.1531882135	-0.0545454009	-0.2004542608	-0.1546259936	0.1057351078	-0.0189220486	-0.0130604664	-0.2067828549	-0.0523931087	-0.1561451084	0.1560591586	0.0499023328736853	-0.0023792427226113	0.002490242826236	5.660795933098836e-06	0.0760985273468151	0.0424692247101178	0.0057909858643539	0.0018036350474784	-0.1976292579705045	0.0034252339531519	0.0390573236059722	1.1732227633825098e-05	0.0046100194771038	-0.0001090029285904	2.1252279579276392e-05	1.1881638441283903e-08	-0.0013049972727574	-0.0001680021709862	2.8224729456076383e-08	1.703017881904252e-06	6.008547024734159e-06	8.256075066498912e-07	3.610263734844171e-11	6.816277550366503e-13	0.0	0.0	0.0	0.0	0.0
