#!ascii label  , from subject sub-v1s11x0050152_ses-1 vox2ras=TkReg
4255
131572  20.077  -38.596  68.938 0.1000000015
26153  21.077  -39.658  68.273 0.1000000015
131091  19.998  -38.507  68.282 0.1000000015
27052  19.639  -37.824  68.429 0.1000000015
27056  20.260  -38.865  67.750 0.1000000015
27063  19.875  -38.322  66.791 0.2000000030
28964  19.301  -36.424  67.765 0.3000000119
28037  19.588  -37.390  66.865 0.2000000030
28971  19.457  -36.595  67.056 0.2000000030
28041  19.639  -37.659  65.911 0.2000000030
31086  18.561  -34.317  67.607 0.4000000060
125744  19.316  -35.852  67.186 0.5000000000
130573  19.401  -36.109  66.560 0.4000000060
118057  19.461  -36.747  66.257 0.2000000030
120495  19.584  -37.550  64.968 0.3000000119
26232  19.497  -39.008  56.568 0.3000000119
23768  18.902  -41.684  58.076 0.1000000015
116277  18.742  -28.323  74.417 0.4000000060
35938  19.588  -28.988  74.671 0.4000000060
35019  18.797  -29.285  74.248 0.4000000060
35953  17.937  -29.454  73.266 0.4000000060
35031  18.656  -30.059  73.061 0.4000000060
35039  18.235  -30.181  72.014 0.3000000119
128154  18.579  -30.529  70.907 0.3000000119
35056  17.505  -30.794  69.430 0.3000000119
35068  17.831  -31.135  68.655 0.3000000119
34200  17.324  -31.712  68.526 0.3000000119
31098  18.818  -34.043  67.055 0.4000000060
30014  19.324  -35.376  66.456 0.4000000060
30021  19.372  -35.976  65.770 0.4000000060
31097  19.168  -34.509  66.544 0.4000000060
136937  19.359  -35.360  65.821 0.4000000060
28047  19.433  -36.954  64.441 0.4000000060
26254  21.008  -39.221  53.691 0.3000000119
119426  20.540  -37.939  54.785 0.3000000119
130333  20.118  -38.671  54.971 0.3000000119
131702  19.537  -37.530  63.925 0.3000000119
28131  20.440  -37.515  55.528 0.3000000119
126781  20.118  -38.174  55.560 0.3000000119
23777  19.322  -43.024  56.453 0.2000000030
28058  19.454  -37.367  63.166 0.3000000119
28052  19.386  -36.903  63.708 0.3000000119
29081  20.583  -36.890  55.958 0.3000000119
116594  20.194  -37.567  56.188 0.3000000119
25359  19.406  -40.688  55.836 0.2000000030
131701  18.979  -42.907  56.878 0.2000000030
27091  19.630  -38.570  61.926 0.3000000119
128466  19.790  -38.703  62.634 0.2000000030
28121  19.868  -37.667  56.901 0.3000000119
27139  19.794  -38.295  56.304 0.3000000119
120613  19.118  -40.796  57.823 0.1000000015
133185  19.383  -40.850  59.650 0.1000000015
25336  19.522  -40.450  60.317 0.1000000015
127074  19.591  -38.336  57.052 0.3000000119
126883  19.322  -40.079  58.459 0.2000000030
25341  19.405  -40.198  59.401 0.1000000015
128146  19.486  -38.821  59.839 0.3000000119
27105  19.440  -38.080  60.209 0.3000000119
35018  19.814  -29.829  74.453 0.5000000000
35030  19.397  -30.370  73.430 0.5000000000
35029  20.344  -30.791  73.744 0.4000000060
35037  19.990  -31.163  72.550 0.4000000060
35038  19.143  -30.662  71.984 0.4000000060
35046  19.299  -30.813  70.831 0.3000000119
35055  18.201  -30.761  69.321 0.3000000119
33144  17.316  -32.382  68.345 0.3000000119
35067  18.746  -30.901  68.847 0.3000000119
32091  17.857  -32.556  67.784 0.3000000119
32090  18.291  -33.415  67.563 0.3000000119
34182  19.729  -31.073  69.244 0.3000000119
34199  18.514  -31.279  68.046 0.3000000119
33156  18.450  -32.434  67.265 0.4000000060
26230  25.380  -39.249  56.747 0.1000000015
26236  24.890  -39.540  55.421 0.2000000030
137082  19.072  -33.765  66.521 0.4000000060
25378  23.720  -40.033  53.906 0.2000000030
32101  19.305  -33.969  65.971 0.3000000119
120383  19.346  -34.797  65.884 0.4000000060
119578  22.143  -39.358  52.999 0.3000000119
27175  21.606  -38.742  53.146 0.3000000119
121522  19.344  -35.232  65.145 0.3000000119
27176  20.986  -38.416  53.720 0.3000000119
137785  20.704  -38.212  54.190 0.3000000119
29096  20.774  -37.027  55.102 0.3000000119
119927  19.238  -41.296  56.364 0.2000000030
129199  19.231  -42.235  56.416 0.2000000030
119969  19.360  -36.265  63.939 0.4000000060
123705  19.351  -39.594  57.064 0.2000000030
25353  19.207  -40.523  56.839 0.2000000030
24557  18.992  -41.477  57.128 0.2000000030
28992  19.364  -37.059  62.342 0.3000000119
28987  19.297  -36.420  63.076 0.3000000119
30112  20.779  -36.181  56.435 0.3000000119
29060  20.307  -36.868  56.816 0.3000000119
119629  19.448  -38.918  57.288 0.3000000119
121775  19.369  -39.228  57.970 0.3000000119
26209  19.491  -39.573  60.012 0.1000000015
26202  19.556  -38.961  60.559 0.2000000030
27098  19.507  -38.335  61.101 0.3000000119
30038  19.281  -36.033  62.113 0.3000000119
28109  19.816  -37.170  57.517 0.3000000119
26217  19.415  -39.222  59.083 0.3000000119
27110  19.434  -38.267  59.350 0.3000000119
28073  19.427  -37.473  60.879 0.3000000119
28996  19.356  -36.809  61.465 0.3000000119
137306  19.270  -35.372  62.272 0.4000000060
125841  19.433  -37.451  59.563 0.3000000119
131501  19.436  -37.254  60.207 0.3000000119
29005  19.381  -36.641  60.613 0.4000000060
126144  19.339  -35.890  61.142 0.4000000060
30043  19.295  -35.062  61.700 0.3000000119
31119  19.257  -33.998  62.829 0.3000000119
30049  19.372  -35.034  60.782 0.3000000119
31130  19.435  -34.255  61.174 0.3000000119
35931  21.141  -29.645  74.815 0.4000000060
35932  20.598  -29.304  74.751 0.4000000060
28072  27.783  -36.505  61.369 0.1000000015
125571  21.545  -30.437  74.615 0.4000000060
35017  20.729  -30.191  74.672 0.4000000060
28093  26.449  -37.536  59.128 0.1000000015
136311  21.665  -31.896  73.097 0.5000000000
34148  20.887  -31.570  72.946 0.4000000060
34157  19.905  -31.179  71.330 0.4000000060
34147  22.085  -32.340  72.681 0.5000000000
34156  20.719  -31.583  71.786 0.3000000119
34170  19.809  -31.081  70.297 0.3000000119
34155  21.529  -32.015  72.233 0.3000000119
34168  21.467  -32.054  71.115 0.3000000119
34169  20.567  -31.482  70.735 0.3000000119
34198  19.359  -31.080  68.244 0.3000000119
34216  18.450  -31.767  67.526 0.3000000119
26235  25.309  -39.086  55.894 0.2000000030
34215  19.204  -31.423  67.438 0.3000000119
34239  18.885  -31.875  67.068 0.4000000060
33174  19.020  -32.378  66.669 0.3000000119
26250  24.161  -39.384  53.557 0.2000000030
34238  19.510  -31.702  66.615 0.4000000060
128927  19.236  -33.041  66.152 0.4000000060
26251  23.370  -39.624  53.210 0.2000000030
26260  22.253  -38.729  52.689 0.3000000119
31107  19.314  -34.255  65.213 0.4000000060
28141  21.280  -37.126  53.746 0.3000000119
28142  20.939  -37.694  54.066 0.3000000119
30026  19.301  -35.465  64.171 0.3000000119
137986  20.826  -37.413  54.595 0.3000000119
133260  19.271  -35.721  63.469 0.3000000119
130171  19.257  -35.546  62.796 0.4000000060
30032  19.239  -34.850  63.381 0.3000000119
27130  19.477  -38.380  57.766 0.3000000119
27121  19.427  -38.391  58.537 0.3000000119
31114  19.297  -33.854  63.665 0.3000000119
30089  20.451  -35.797  57.612 0.3000000119
125579  20.126  -36.454  57.530 0.3000000119
135779  19.984  -36.101  58.044 0.3000000119
28094  19.531  -37.564  58.192 0.3000000119
115920  19.474  -36.843  58.936 0.3000000119
126814  19.437  -37.689  58.907 0.3000000119
29026  19.664  -36.033  58.635 0.4000000060
30072  19.471  -35.934  59.381 0.4000000060
122336  19.429  -36.636  59.806 0.4000000060
31125  19.302  -34.118  62.003 0.3000000119
128475  19.446  -34.987  60.144 0.4000000060
32143  19.641  -33.480  61.546 0.3000000119
31137  19.571  -34.373  60.401 0.3000000119
32151  19.794  -33.658  60.720 0.4000000060
33216  19.968  -32.735  61.932 0.4000000060
35950  22.531  -29.473  73.400 0.4000000060
35936  22.590  -29.906  74.187 0.4000000060
117349  21.668  -29.077  72.990 0.4000000060
115435  21.833  -29.391  73.920 0.4000000060
35016  22.529  -30.158  74.299 0.4000000060
34125  21.939  -30.197  74.603 0.4000000060
34132  23.246  -30.814  73.920 0.5000000000
138559  22.999  -30.348  74.039 0.4000000060
136407  27.479  -36.238  60.748 0.2000000030
28080  26.887  -36.944  60.223 0.1000000015
34134  22.208  -30.853  74.252 0.4000000060
27128  26.197  -38.129  58.130 0.1000000015
122003  22.848  -31.120  73.959 0.5000000000
34146  22.473  -31.850  73.391 0.5000000000
27138  25.678  -38.475  56.514 0.1000000015
27150  25.145  -39.002  55.016 0.2000000030
33105  23.921  -32.673  72.717 0.4000000060
33107  22.622  -32.613  72.566 0.4000000060
33115  22.255  -32.643  71.845 0.4000000060
138125  20.389  -31.307  69.917 0.3000000119
27160  24.859  -38.882  54.094 0.2000000030
27174  23.782  -39.051  52.779 0.2000000030
136461  24.241  -33.181  72.179 0.4000000060
33106  23.199  -32.664  72.731 0.4000000060
33114  23.006  -33.169  72.057 0.4000000060
33124  22.185  -32.725  70.955 0.4000000060
33131  21.899  -32.281  70.220 0.3000000119
121001  20.732  -31.363  69.247 0.3000000119
34197  20.257  -31.195  68.415 0.3000000119
33113  23.713  -33.220  72.135 0.4000000060
34181  21.633  -31.760  69.344 0.3000000119
34196  21.238  -31.414  68.473 0.3000000119
34214  20.059  -31.296  67.053 0.4000000060
33173  19.413  -32.230  66.149 0.4000000060
27187  22.721  -38.227  52.278 0.2000000030
34237  20.310  -31.435  66.274 0.4000000060
34250  19.853  -31.790  65.816 0.4000000060
29126  21.546  -36.727  53.091 0.3000000119
29111  21.320  -36.437  53.978 0.3000000119
32120  19.387  -33.612  64.496 0.4000000060
124507  19.278  -34.533  64.347 0.4000000060
30133  21.275  -35.601  55.258 0.3000000119
33193  19.644  -32.636  64.540 0.4000000060
130761  20.987  -36.258  55.630 0.3000000119
30134  21.195  -35.579  56.107 0.3000000119
33200  19.818  -32.513  63.583 0.4000000060
138296  19.490  -33.098  63.867 0.4000000060
30111  20.996  -35.481  56.979 0.3000000119
33199  20.439  -32.165  63.203 0.4000000060
32127  19.501  -33.178  63.166 0.3000000119
115869  20.546  -36.139  57.073 0.3000000119
31180  20.818  -35.099  57.783 0.3000000119
30071  20.151  -35.491  58.267 0.4000000060
30059  19.762  -35.170  59.039 0.4000000060
32133  19.548  -33.321  62.380 0.4000000060
31165  20.516  -34.749  58.521 0.5000000000
31150  19.698  -34.640  59.736 0.5000000000
32142  20.220  -33.081  61.134 0.4000000060
119503  23.071  -29.503  72.649 0.4000000060
35935  23.139  -30.208  74.020 0.4000000060
35015  23.559  -30.464  73.809 0.4000000060
35934  23.774  -30.254  73.719 0.4000000060
34131  24.007  -31.065  73.630 0.4000000060
29012  27.006  -36.048  60.000 0.1000000015
135294  26.341  -37.074  58.177 0.1000000015
34145  23.441  -31.757  73.397 0.4000000060
34144  24.317  -31.913  73.139 0.5000000000
28108  26.043  -37.843  57.253 0.1000000015
27159  25.386  -38.250  54.656 0.2000000030
33104  24.565  -32.659  72.530 0.4000000060
27173  24.530  -38.653  53.193 0.2000000030
27186  23.415  -38.570  52.397 0.2000000030
33122  23.586  -33.531  71.380 0.4000000060
28174  22.392  -37.430  52.187 0.2000000030
32064  24.219  -33.542  71.531 0.4000000060
32070  24.171  -33.911  70.667 0.4000000060
33123  22.820  -33.244  71.211 0.4000000060
34180  22.448  -32.494  69.434 0.3000000119
34195  22.235  -31.858  68.569 0.3000000119
124113  21.480  -35.964  53.510 0.3000000119
31225  21.406  -34.878  54.943 0.3000000119
32076  24.043  -34.155  69.683 0.5000000000
32071  23.434  -33.636  70.485 0.4000000060
117213  21.842  -31.484  67.565 0.3000000119
125901  20.688  -31.234  67.660 0.3000000119
33129  23.276  -33.420  69.518 0.3000000119
33143  23.059  -32.857  68.577 0.3000000119
134174  22.722  -32.181  67.841 0.3000000119
34213  20.978  -31.245  66.816 0.4000000060
33183  19.568  -32.440  65.494 0.4000000060
32224  21.491  -34.267  55.674 0.3000000119
34261  20.067  -31.928  64.980 0.4000000060
31211  21.378  -35.035  55.708 0.3000000119
31194  21.380  -34.864  56.432 0.3000000119
34249  20.541  -31.546  65.440 0.4000000060
33192  20.268  -31.987  64.061 0.4000000060
31179  21.331  -34.648  57.269 0.3000000119
33206  20.536  -32.400  62.383 0.4000000060
31149  20.231  -34.349  59.268 0.4000000060
32160  19.942  -33.851  59.915 0.4000000060
126347  30.515  -28.856  68.858 0.2000000030
35997  30.779  -30.168  68.959 0.2000000030
35949  23.429  -29.856  73.623 0.4000000060
35948  24.423  -29.918  73.278 0.3000000119
35053  30.604  -31.048  69.786 0.3000000119
34130  24.893  -31.140  73.339 0.4000000060
122273  26.622  -36.632  59.350 0.1000000015
126698  30.798  -32.099  69.235 0.6000000238
124660  29.133  -30.381  66.291 0.6000000238
34231  30.617  -32.023  67.260 0.6000000238
33141  30.581  -32.338  68.744 0.6999999881
33112  24.705  -33.272  71.829 0.4000000060
30058  27.073  -35.012  59.715 0.1000000015
130724  25.969  -37.526  56.296 0.2000000030
34232  29.844  -31.597  67.447 0.6000000238
27172  25.221  -38.111  53.722 0.2000000030
36933  27.112  -28.917  64.115 0.6000000238
126598  29.287  -30.901  66.940 0.6000000238
32069  24.668  -33.693  70.876 0.4000000060
28188  22.942  -37.562  51.869 0.2000000030
30198  21.702  -35.847  52.784 0.3000000119
36052  27.513  -29.327  64.853 0.6000000238
35112  27.875  -29.777  65.554 0.6000000238
136676  28.280  -30.162  66.100 0.6000000238
31239  21.612  -34.418  53.500 0.3000000119
130748  21.604  -33.520  55.269 0.3000000119
121432  24.537  -34.306  69.018 0.5000000000
118486  21.635  -33.466  56.063 0.3000000119
34314  22.105  -32.150  56.988 0.4000000060
32089  24.350  -34.110  67.329 0.5000000000
124719  23.523  -33.221  67.398 0.5000000000
33155  22.758  -32.087  66.957 0.4000000060
34212  21.981  -31.483  66.497 0.4000000060
34236  21.189  -31.331  65.944 0.4000000060
33272  21.816  -32.780  56.452 0.4000000060
32100  23.970  -34.026  66.350 0.5000000000
33171  23.382  -33.044  66.225 0.5000000000
33172  22.708  -32.130  66.088 0.4000000060
34248  21.398  -31.548  65.068 0.4000000060
32206  21.528  -34.091  56.652 0.3000000119
34247  22.261  -32.131  64.739 0.4000000060
34235  22.158  -31.733  65.568 0.4000000060
34260  20.764  -31.627  64.537 0.4000000060
32190  21.601  -33.788  57.533 0.3000000119
34268  21.936  -32.668  63.237 0.4000000060
34259  21.682  -31.921  64.122 0.4000000060
34269  21.034  -31.751  63.567 0.4000000060
31164  21.254  -34.381  58.084 0.4000000060
33198  22.136  -33.064  62.596 0.4000000060
34273  21.194  -32.233  62.788 0.4000000060
31148  21.107  -34.086  58.862 0.4000000060
32141  21.160  -33.009  60.781 0.5000000000
33205  21.531  -32.711  62.093 0.4000000060
33215  20.777  -32.674  61.556 0.4000000060
32150  20.586  -33.416  60.326 0.4000000060
35982  30.337  -29.765  69.811 0.2000000030
122474  25.089  -30.359  73.197 0.3000000119
128822  31.442  -31.790  68.742 0.6000000238
138614  24.929  -31.980  72.886 0.3000000119
35028  25.737  -30.762  73.017 0.4000000060
130197  25.259  -32.465  72.234 0.3000000119
28120  26.233  -37.068  57.151 0.2000000030
35093  29.968  -31.094  66.756 0.6000000238
34189  30.201  -32.032  69.580 0.6000000238
33121  25.151  -33.194  71.240 0.4000000060
136269  25.439  -33.026  70.581 0.4000000060
31147  27.089  -34.187  59.527 0.1000000015
137355  28.616  -29.874  65.731 0.6000000238
34206  30.503  -32.445  67.988 0.6999999881
32068  25.092  -33.838  70.205 0.4000000060
30070  26.680  -34.885  58.783 0.1000000015
28158  24.856  -37.856  52.858 0.2000000030
28173  23.505  -37.948  52.037 0.2000000030
32081  25.004  -34.137  69.013 0.4000000060
32205  26.526  -33.254  56.879 0.1000000015
30197  22.147  -35.601  52.084 0.2000000030
33303  21.683  -33.113  54.566 0.3000000119
35179  22.432  -30.618  57.332 0.4000000060
36061  26.306  -29.128  63.847 0.6000000238
32075  24.681  -34.144  69.887 0.4000000060
33287  21.779  -32.712  55.488 0.4000000060
36965  24.879  -28.859  62.005 0.5000000000
36954  25.956  -28.771  63.102 0.6000000238
128308  24.703  -34.311  68.122 0.5000000000
36078  23.832  -29.305  60.802 0.6000000238
34313  22.282  -31.556  57.706 0.4000000060
32109  23.775  -33.793  65.550 0.5000000000
123050  21.846  -32.952  57.245 0.4000000060
32119  23.556  -33.600  64.568 0.5000000000
128971  22.500  -33.115  62.326 0.4000000060
32175  21.631  -33.672  58.474 0.3000000119
32159  20.754  -33.780  59.601 0.4000000060
32132  21.942  -33.188  61.440 0.5000000000
32158  21.692  -33.547  59.365 0.5000000000
32149  21.586  -33.352  60.318 0.5000000000
32148  21.974  -33.417  60.128 0.5000000000
32140  22.033  -33.349  60.723 0.5000000000
35066  31.053  -31.242  69.099 0.3000000119
33168  31.189  -32.725  67.736 0.6000000238
33140  31.237  -32.650  68.471 0.6999999881
114635  25.934  -31.839  72.390 0.4000000060
29025  26.598  -35.884  58.855 0.2000000030
33153  31.074  -32.765  68.219 0.6999999881
34190  29.893  -32.116  69.185 0.5000000000
33128  25.405  -33.355  69.630 0.4000000060
29039  26.370  -36.305  57.583 0.2000000030
28130  25.771  -37.525  55.260 0.2000000030
36034  29.339  -29.775  65.604 0.6000000238
34207  29.701  -31.867  68.371 0.5000000000
31163  26.706  -34.056  58.679 0.1000000015
31178  26.539  -33.774  57.698 0.1000000015
28187  23.530  -37.224  51.711 0.2000000030
32098  24.809  -34.010  66.991 0.5000000000
33286  26.578  -32.661  56.193 0.1000000015
137244  21.883  -32.380  54.686 0.3000000119
36062  25.505  -29.391  63.534 0.5000000000
32088  24.716  -34.196  67.343 0.5000000000
122100  26.521  -32.905  55.407 0.2000000030
34332  26.710  -32.157  55.537 0.1000000015
36070  25.179  -29.071  62.793 0.5000000000
33181  24.195  -33.801  65.321 0.5000000000
33170  24.535  -33.947  66.137 0.5000000000
131599  26.941  -31.721  54.806 0.1000000015
120663  22.469  -30.728  58.235 0.4000000060
129901  23.306  -29.733  60.128 0.6000000238
32108  24.080  -34.027  65.624 0.5000000000
32099  24.464  -34.092  66.582 0.5000000000
34352  27.256  -31.264  53.905 0.1000000015
35152  22.838  -30.243  59.611 0.5000000000
33189  23.849  -33.521  64.572 0.5000000000
32118  23.825  -33.762  64.873 0.5000000000
35244  27.745  -30.632  53.386 0.1000000015
34299  22.366  -31.525  58.650 0.4000000060
35161  22.539  -30.843  59.103 0.4000000060
131400  23.145  -33.535  63.314 0.5000000000
135161  23.787  -33.827  65.061 0.5000000000
33256  22.092  -32.413  57.661 0.3000000119
33196  22.939  -33.348  62.743 0.5000000000
33197  22.856  -33.491  63.082 0.5000000000
33191  22.772  -33.265  63.996 0.4000000060
123296  21.888  -33.078  58.036 0.3000000119
129722  21.316  -33.501  59.916 0.4000000060
34154  25.934  -32.173  71.474 0.4000000060
35092  30.735  -31.353  66.580 0.6999999881
131402  30.218  -31.661  70.088 0.4000000060
34179  25.831  -32.280  69.155 0.4000000060
34167  26.006  -32.292  70.245 0.4000000060
29058  26.251  -36.539  56.586 0.2000000030
33142  25.330  -33.465  68.548 0.5000000000
29059  26.065  -36.812  55.781 0.2000000030
28157  25.471  -37.181  53.497 0.2000000030
28172  24.315  -37.500  52.075 0.2000000030
36051  28.512  -29.283  65.049 0.6000000238
34233  28.977  -31.081  67.531 0.5000000000
33154  25.247  -33.388  67.531 0.5000000000
30088  26.460  -34.771  57.556 0.1000000015
28186  24.149  -36.885  51.634 0.2000000030
125157  22.571  -36.101  51.714 0.2000000030
32269  21.707  -33.499  53.633 0.3000000119
35113  27.404  -30.299  66.115 0.6000000238
33169  25.044  -33.340  66.626 0.5000000000
35197  22.444  -30.473  56.433 0.4000000060
36972  24.614  -28.725  61.169 0.6000000238
36053  26.654  -29.498  64.595 0.6000000238
36071  24.437  -29.460  62.459 0.5000000000
34246  24.447  -32.817  65.145 0.5000000000
33302  26.591  -32.590  54.759 0.2000000030
34341  26.745  -32.202  53.979 0.1000000015
36074  24.161  -29.312  61.706 0.6000000238
34258  23.522  -33.203  63.823 0.5000000000
34353  26.822  -31.889  53.099 0.2000000030
34360  27.246  -31.112  52.854 0.1000000015
137594  22.924  -30.405  60.310 0.5000000000
34267  23.334  -32.863  63.104 0.5000000000
33240  22.191  -32.331  58.346 0.3000000119
35259  27.659  -30.619  52.623 0.1000000015
35270  27.899  -30.416  52.028 0.1000000015
128741  22.269  -32.314  59.160 0.3000000119
33241  22.044  -33.084  58.872 0.3000000119
33214  22.339  -33.034  61.451 0.5000000000
37706  28.686  -27.876  71.040 0.2000000030
35973  29.927  -29.343  70.454 0.1000000015
35044  30.022  -30.510  70.535 0.2000000030
136477  31.854  -31.400  68.415 0.4000000060
33152  31.644  -32.962  68.113 0.6999999881
34188  31.396  -32.469  68.584 0.6999999881
35111  30.059  -30.461  66.113 0.6999999881
121356  29.100  -31.674  69.027 0.5000000000
116944  29.509  -31.727  69.808 0.4000000060
136848  29.873  -31.749  70.144 0.3000000119
34163  29.668  -31.257  70.613 0.2000000030
137872  25.738  -36.904  54.199 0.2000000030
35076  28.001  -30.789  67.525 0.5000000000
34208  28.593  -31.216  68.233 0.5000000000
28171  25.101  -37.065  52.520 0.2000000030
30217  22.726  -35.359  51.374 0.2000000030
134045  21.900  -33.994  52.632 0.3000000119
36964  25.671  -28.551  62.301 0.6000000238
36932  27.967  -28.733  64.306 0.6000000238
35094  27.313  -30.645  66.885 0.6000000238
33180  24.769  -33.212  65.854 0.5000000000
31193  26.422  -34.258  56.498 0.2000000030
32223  26.450  -33.516  55.842 0.2000000030
34343  22.119  -31.732  54.318 0.4000000060
36977  23.748  -29.034  59.817 0.6000000238
36952  27.550  -28.377  63.574 0.6000000238
35121  26.135  -30.109  65.037 0.5000000000
35114  26.404  -30.484  65.787 0.6000000238
32246  26.404  -33.544  54.865 0.2000000030
36084  23.109  -29.373  58.408 0.4000000060
36976  24.417  -28.596  60.278 0.6000000238
36970  26.198  -28.074  61.779 0.6000000238
36063  24.679  -29.707  63.223 0.5000000000
35131  24.985  -30.065  63.957 0.5000000000
128437  26.448  -33.070  54.050 0.2000000030
35145  23.249  -30.127  60.868 0.6000000238
36072  23.807  -29.846  62.186 0.5000000000
34257  24.110  -32.317  64.447 0.5000000000
33319  26.534  -32.766  53.271 0.2000000030
36075  23.530  -29.935  61.562 0.6000000238
34361  26.839  -31.685  52.150 0.2000000030
34368  27.241  -30.892  51.926 0.2000000030
120935  22.575  -31.148  60.024 0.5000000000
34272  22.670  -32.969  62.176 0.5000000000
35279  27.119  -30.887  50.909 0.2000000030
132375  27.583  -30.536  51.367 0.2000000030
119044  28.172  -30.258  51.246 0.2000000030
121749  22.429  -31.575  59.374 0.4000000060
126367  27.556  -30.307  50.498 0.2000000030
129204  22.158  -33.093  59.718 0.4000000060
33221  22.213  -33.124  60.524 0.5000000000
36835  30.085  -28.562  69.961 0.3000000119
36822  29.671  -28.506  70.692 0.2000000030
33138  32.748  -33.022  68.207 0.6999999881
35075  32.379  -30.898  68.173 0.5000000000
33167  31.897  -32.920  67.605 0.6000000238
34187  32.186  -32.188  68.409 0.6999999881
121262  26.457  -35.515  57.937 0.2000000030
35110  30.916  -30.495  66.067 0.6999999881
36033  30.286  -29.612  65.460 0.8000000119
34176  28.682  -31.345  70.426 0.4000000060
117380  26.385  -35.685  56.967 0.2000000030
36931  28.843  -28.584  64.341 0.6000000238
135961  27.128  -30.886  67.493 0.6000000238
117496  28.216  -31.253  68.819 0.5000000000
117252  25.230  -32.351  66.331 0.5000000000
29095  26.111  -35.797  54.889 0.2000000030
29110  25.576  -36.346  53.012 0.2000000030
29141  23.608  -36.494  51.403 0.2000000030
29140  25.273  -35.785  51.776 0.2000000030
30216  23.703  -35.641  50.963 0.2000000030
36963  26.450  -28.292  62.580 0.6000000238
36962  27.205  -28.051  62.851 0.6000000238
31272  23.246  -34.770  50.859 0.3000000119
134783  22.188  -33.464  52.121 0.3000000119
35214  22.490  -30.341  55.542 0.4000000060
36981  24.273  -28.430  59.383 0.6000000238
36975  25.191  -28.192  60.642 0.6999999881
134135  26.380  -33.469  53.419 0.2000000030
35138  23.933  -30.190  62.822 0.5000000000
32290  26.352  -33.436  52.618 0.2000000030
33358  26.491  -32.432  51.253 0.2000000030
33341  26.548  -32.574  52.352 0.2000000030
34369  26.812  -31.546  51.211 0.2000000030
35141  23.117  -30.683  61.461 0.5000000000
136517  26.534  -32.015  50.705 0.2000000030
34374  26.592  -31.559  50.227 0.2000000030
35142  22.770  -30.981  60.894 0.5000000000
34271  23.103  -32.400  62.444 0.5000000000
116316  26.900  -30.771  49.929 0.2000000030
35285  27.153  -30.170  49.565 0.2000000030
122247  22.364  -32.265  59.951 0.5000000000
33136  34.818  -33.072  68.078 0.8000000119
33164  34.378  -33.125  67.541 0.8000000119
33149  34.200  -33.310  67.999 0.8000000119
126878  33.147  -32.280  68.315 0.6999999881
34228  33.124  -32.588  66.896 0.6999999881
33166  32.746  -33.036  67.584 0.6999999881
34229  32.167  -32.476  66.883 0.6999999881
35091  31.564  -31.458  66.469 0.6999999881
34191  28.447  -31.348  69.579 0.5000000000
30110  26.375  -35.098  56.514 0.2000000030
29078  26.251  -35.815  55.833 0.2000000030
36050  29.478  -29.071  64.905 0.8000000119
34234  26.407  -31.051  67.031 0.6000000238
30132  26.259  -35.084  55.177 0.2000000030
36951  28.355  -28.189  63.708 0.6999999881
35095  26.625  -30.683  66.427 0.6000000238
34244  25.784  -31.274  66.294 0.5000000000
34245  25.048  -31.950  65.720 0.5000000000
37810  27.968  -27.854  63.076 0.6000000238
34266  23.789  -31.812  63.759 0.5000000000
136790  24.472  -35.669  51.043 0.2000000030
32311  22.562  -33.536  51.403 0.3000000119
33320  22.158  -32.091  53.204 0.3000000119
36092  23.030  -29.243  57.538 0.5000000000
36986  24.161  -28.288  58.506 0.5000000000
36980  24.997  -28.024  59.784 0.6000000238
35122  25.294  -30.471  64.681 0.5000000000
35133  23.533  -31.356  63.031 0.5000000000
33372  26.168  -32.484  50.184 0.2000000030
132075  25.066  -31.060  48.712 0.2000000030
34383  25.951  -31.860  49.441 0.2000000030
124527  26.348  -31.210  49.446 0.2000000030
34276  22.795  -31.890  61.663 0.5000000000
132580  24.918  -26.342  51.072 0.2000000030
37940  24.203  -27.487  50.269 0.2000000030
36183  24.932  -29.662  48.443 0.2000000030
35291  25.469  -30.360  48.561 0.2000000030
35286  26.426  -30.537  49.021 0.2000000030
34282  22.511  -32.141  60.790 0.5000000000
39730  26.395  -25.459  52.269 0.2000000030
37956  24.417  -27.716  49.415 0.2000000030
131463  25.584  -29.634  48.367 0.2000000030
36173  26.832  -29.927  48.913 0.2000000030
36172  27.461  -29.723  49.075 0.2000000030
35284  27.775  -29.929  49.788 0.2000000030
129700  27.706  -25.262  53.286 0.4000000060
39751  25.793  -25.693  51.805 0.2000000030
39773  25.578  -25.855  50.977 0.2000000030
36182  26.134  -29.093  48.114 0.2000000030
36181  26.913  -29.401  48.473 0.2000000030
116474  27.996  -25.232  54.038 0.4000000060
39713  28.863  -25.074  53.845 0.5000000000
34226  34.926  -32.781  67.196 0.8000000119
34227  34.051  -32.763  66.962 0.8000000119
33165  33.649  -33.140  67.565 0.6999999881
35089  33.603  -31.728  66.494 0.6999999881
35090  32.595  -31.347  66.389 0.6999999881
35109  31.800  -30.378  66.101 0.6999999881
36049  30.261  -28.796  64.738 0.8000000119
124193  26.331  -34.914  55.875 0.2000000030
30177  25.911  -35.500  53.490 0.2000000030
30196  25.635  -35.564  52.533 0.2000000030
35115  25.531  -30.860  65.457 0.5000000000
31224  26.294  -34.462  54.622 0.2000000030
31238  25.984  -34.950  53.093 0.2000000030
37854  26.732  -27.583  61.273 0.6999999881
35123  24.469  -31.013  64.291 0.5000000000
32268  26.333  -33.904  53.986 0.2000000030
31271  25.572  -35.127  51.800 0.2000000030
31285  24.523  -34.504  50.448 0.3000000119
31287  23.077  -33.955  50.783 0.2000000030
117530  22.300  -32.164  52.390 0.3000000119
35229  22.539  -30.285  54.675 0.4000000060
36100  22.976  -29.125  56.664 0.4000000060
37865  25.762  -27.667  60.134 0.6999999881
32309  26.258  -33.344  51.614 0.2000000030
31286  23.721  -34.249  50.469 0.3000000119
33375  22.890  -32.382  50.847 0.3000000119
35245  22.480  -30.775  53.369 0.4000000060
36997  23.414  -28.485  56.336 0.4000000060
36988  24.054  -28.147  57.646 0.6000000238
37876  24.695  -27.719  58.068 0.6000000238
35132  24.197  -30.593  63.554 0.5000000000
32326  26.031  -33.267  50.688 0.2000000030
35260  22.646  -30.624  52.413 0.4000000060
36123  22.804  -29.672  54.207 0.4000000060
36111  22.786  -29.531  55.148 0.4000000060
35139  23.348  -30.814  62.200 0.5000000000
34384  25.190  -31.749  49.012 0.2000000030
36122  23.104  -29.006  54.485 0.4000000060
37004  23.427  -28.409  55.539 0.4000000060
37883  23.847  -27.897  55.968 0.4000000060
37879  24.572  -27.584  57.223 0.6999999881
38801  24.542  -26.837  50.686 0.3000000119
37051  23.926  -28.218  49.864 0.2000000030
37966  24.819  -28.067  48.652 0.2000000030
37955  24.947  -27.224  48.982 0.2000000030
37072  24.811  -28.911  48.461 0.2000000030
118644  25.368  -29.188  48.289 0.2000000030
35290  26.209  -29.844  48.489 0.2000000030
38800  25.078  -26.368  50.327 0.2000000030
38822  25.291  -26.531  49.468 0.2000000030
37071  25.483  -28.539  48.198 0.2000000030
37069  27.196  -28.660  47.904 0.2000000030
39750  26.388  -25.440  51.380 0.2000000030
38840  25.638  -26.821  48.655 0.2000000030
37964  26.204  -27.229  47.993 0.2000000030
40782  30.104  -24.869  54.257 0.5000000000
39697  30.231  -25.104  54.928 0.5000000000
36027  36.101  -30.542  65.677 0.6999999881
35088  34.495  -31.862  66.523 0.6999999881
36028  35.070  -30.332  65.718 0.6999999881
36029  34.050  -29.668  65.619 0.6999999881
128559  34.330  -30.736  66.101 0.6999999881
36046  34.756  -29.396  65.242 0.6999999881
36047  34.200  -28.848  64.969 0.6999999881
36907  32.794  -28.731  65.170 0.6999999881
36031  32.125  -29.353  65.579 0.6999999881
35108  32.593  -30.132  66.082 0.6999999881
36928  31.705  -28.222  64.553 0.6999999881
36908  32.097  -28.641  64.977 0.6999999881
134007  30.824  -29.078  65.071 0.6999999881
121304  29.149  -28.022  63.728 0.6999999881
37837  27.727  -27.598  62.365 0.6999999881
31256  26.212  -34.220  53.060 0.3000000119
37864  26.538  -27.394  60.444 0.6999999881
37853  27.538  -27.364  61.574 0.6999999881
32291  26.051  -34.272  51.918 0.2000000030
31284  25.359  -34.691  51.008 0.3000000119
37871  25.589  -27.515  59.282 0.6999999881
33373  25.589  -33.150  50.041 0.2000000030
32327  25.290  -33.876  50.358 0.3000000119
32344  24.117  -33.116  49.821 0.3000000119
32330  23.013  -33.150  50.754 0.3000000119
37875  25.428  -27.364  58.436 0.6999999881
33390  25.315  -32.555  49.512 0.2000000030
35281  22.970  -31.148  50.718 0.3000000119
34376  22.760  -31.644  51.146 0.3000000119
36175  23.814  -29.918  49.329 0.2000000030
36156  22.912  -30.067  51.637 0.4000000060
36133  23.100  -29.112  53.655 0.4000000060
127054  23.430  -28.414  54.761 0.4000000060
37882  24.460  -27.471  56.387 0.4000000060
37889  23.786  -27.842  55.149 0.4000000060
38784  25.126  -26.162  51.892 0.3000000119
38785  24.539  -26.759  51.546 0.3000000119
37070  26.343  -28.143  47.834 0.2000000030
129119  28.641  -25.270  54.501 0.4000000060
39714  28.379  -25.097  53.238 0.3000000119
39728  27.899  -25.153  52.615 0.3000000119
39729  27.258  -25.185  51.889 0.2000000030
39772  26.384  -25.507  50.469 0.2000000030
39800  25.738  -25.926  49.973 0.2000000030
37978  26.833  -27.482  47.656 0.2000000030
37083  27.174  -27.937  47.563 0.2000000030
40792  29.640  -24.752  53.617 0.3000000119
40804  28.109  -24.976  51.971 0.2000000030
39799  26.505  -25.634  49.568 0.2000000030
40770  31.009  -25.040  55.195 0.5000000000
40793  29.014  -24.850  53.181 0.3000000119
40769  31.763  -24.835  55.455 0.5000000000
36043  37.691  -29.692  65.000 0.8000000119
129606  37.471  -30.458  65.519 0.8000000119
36026  36.915  -30.715  65.722 0.6999999881
36044  36.573  -29.774  65.188 0.6999999881
36925  34.968  -28.873  64.707 0.6999999881
36926  33.483  -28.301  64.600 0.6999999881
36906  33.514  -28.921  65.256 0.6999999881
36923  36.638  -28.918  64.525 0.6999999881
117935  34.411  -28.308  64.324 0.6999999881
36927  32.513  -28.162  64.585 0.6999999881
36948  31.164  -27.769  64.039 0.6999999881
36929  30.403  -28.140  64.179 0.6999999881
37785  32.129  -27.577  64.058 0.6999999881
37806  31.572  -27.315  63.596 0.6999999881
118793  30.933  -27.285  63.408 0.6999999881
36949  30.512  -27.656  63.726 0.6999999881
37808  29.454  -27.481  63.212 0.6999999881
37834  30.647  -26.918  62.767 0.6999999881
37835  29.817  -27.023  62.652 0.6999999881
37836  29.020  -27.235  62.615 0.6999999881
134479  28.375  -27.497  62.636 0.6999999881
37851  29.359  -26.801  61.981 0.6999999881
37852  28.434  -27.142  61.929 0.6999999881
38677  28.925  -26.676  61.244 0.6999999881
37862  28.101  -26.869  61.075 0.6999999881
37870  26.356  -27.214  59.602 0.6999999881
32343  24.893  -33.286  49.767 0.2000000030
33392  24.038  -32.493  49.618 0.2000000030
35280  23.327  -31.061  50.039 0.2000000030
37869  27.122  -26.918  59.921 0.6999999881
34385  24.433  -31.337  49.036 0.2000000030
34386  23.772  -31.766  49.611 0.2000000030
35271  23.100  -30.368  50.665 0.3000000119
38717  26.934  -26.747  59.067 0.6999999881
37874  26.179  -27.043  58.764 0.6999999881
37061  23.829  -29.049  49.549 0.2000000030
37928  23.747  -27.936  51.698 0.3000000119
36155  23.206  -29.439  50.990 0.3000000119
37032  23.408  -28.544  52.257 0.3000000119
37022  23.407  -28.496  53.141 0.4000000060
37878  25.269  -27.202  57.604 0.6999999881
38772  24.561  -26.727  52.452 0.3000000119
37908  23.746  -27.885  53.476 0.4000000060
37013  23.437  -28.472  53.974 0.4000000060
37888  24.348  -27.380  55.562 0.4000000060
39715  27.129  -25.418  53.705 0.4000000060
39716  26.378  -25.552  53.206 0.3000000119
39717  25.717  -25.916  53.528 0.3000000119
123826  29.588  -25.309  55.413 0.5000000000
39680  31.301  -25.198  55.969 0.5000000000
38839  26.328  -26.476  48.355 0.2000000030
39749  27.153  -25.218  50.899 0.2000000030
39771  27.159  -25.273  50.018 0.2000000030
40781  30.722  -24.727  54.491 0.4000000060
40803  28.672  -24.791  52.477 0.3000000119
39679  32.104  -25.109  56.185 0.5000000000
40780  31.426  -24.536  54.751 0.4000000060
40761  32.860  -24.852  56.425 0.5000000000
36919  41.139  -29.025  64.419 0.6999999881
36040  40.845  -29.881  64.982 0.6999999881
36920  40.292  -29.240  64.568 0.6999999881
36922  38.286  -29.137  64.651 0.8000000119
120927  37.421  -28.619  64.362 0.6999999881
36946  35.967  -28.461  64.108 0.6999999881
36943  39.542  -28.397  64.204 0.6999999881
36921  39.227  -29.198  64.647 0.8000000119
36945  36.531  -28.222  63.892 0.6999999881
124043  35.203  -28.330  64.073 0.6999999881
36947  33.950  -27.650  63.770 0.6999999881
37805  32.893  -27.263  63.593 0.6999999881
36944  38.321  -28.240  64.193 0.6999999881
123561  37.206  -27.887  63.676 0.6999999881
37802  36.333  -27.608  63.234 0.6999999881
37829  35.477  -27.423  62.920 0.6999999881
37831  33.536  -27.020  62.942 0.6999999881
37832  32.549  -26.824  62.960 0.6999999881
120689  32.130  -27.140  63.458 0.6999999881
38649  32.066  -26.540  62.274 0.6999999881
38650  31.159  -26.587  62.213 0.6999999881
38651  30.277  -26.598  61.997 0.6999999881
38676  29.752  -26.484  61.289 0.6999999881
38701  28.597  -26.555  60.572 0.6999999881
38702  27.918  -26.670  60.250 0.6999999881
38716  27.747  -26.490  59.368 0.6999999881
38725  25.999  -26.867  57.940 0.6999999881
37917  24.136  -27.323  52.074 0.3000000119
37918  23.738  -27.895  52.612 0.3000000119
38730  25.822  -26.709  57.122 0.6000000238
38758  24.585  -26.780  53.365 0.3000000119
37907  24.174  -27.344  53.836 0.4000000060
38734  24.922  -26.909  55.958 0.4000000060
37881  25.105  -27.050  56.778 0.4000000060
39699  28.074  -25.425  54.934 0.4000000060
39700  27.293  -25.543  54.609 0.3000000119
38746  25.292  -26.451  54.669 0.4000000060
38747  24.671  -26.835  54.258 0.3000000119
37899  24.236  -27.347  54.706 0.4000000060
40732  34.873  -24.969  58.327 0.6000000238
114729  29.643  -25.412  56.125 0.6000000238
39656  34.147  -25.169  57.966 0.6000000238
39666  32.464  -25.263  56.956 0.6000000238
39681  30.400  -25.292  55.819 0.5000000000
40746  34.591  -24.620  57.640 0.6000000238
39665  33.220  -25.074  57.107 0.6000000238
40747  33.905  -24.868  57.328 0.6000000238
40791  30.405  -24.436  53.808 0.4000000060
40768  32.497  -24.573  55.720 0.4000000060
41937  30.692  -23.750  53.431 0.4000000060
125940  41.588  -28.695  64.304 0.6999999881
37797  41.965  -27.930  63.146 0.8999999762
36942  40.579  -28.433  64.052 0.6999999881
37823  42.526  -27.585  62.726 0.8999999762
37798  41.423  -27.619  62.833 0.8999999762
37799  40.672  -27.794  63.414 0.6999999881
118899  39.885  -27.864  63.749 0.6999999881
37824  42.008  -27.573  62.504 0.8999999762
38630  39.648  -27.127  63.318 0.6999999881
37801  37.855  -27.452  63.486 0.6999999881
38647  34.075  -26.745  62.146 0.6999999881
37825  40.611  -27.261  62.912 0.8000000119
120492  37.855  -26.546  62.609 0.6999999881
38670  35.799  -26.613  61.543 0.6999999881
38646  35.121  -26.889  62.043 0.6999999881
38648  33.063  -26.604  62.227 0.6999999881
38675  30.896  -26.405  61.595 0.6999999881
38643  40.046  -26.575  62.710 0.8000000119
38667  38.224  -25.983  62.215 0.6999999881
38668  37.316  -26.273  61.972 0.6999999881
127691  30.433  -26.367  61.284 0.6999999881
38699  31.072  -26.168  60.872 0.6999999881
38700  30.204  -26.180  60.628 0.6999999881
117311  29.336  -26.330  60.538 0.6999999881
38714  29.847  -25.909  59.717 0.6999999881
38715  28.710  -26.252  59.732 0.6999999881
38723  27.520  -26.345  58.496 0.6999999881
38724  26.750  -26.602  58.227 0.6000000238
40696  36.873  -25.105  60.270 0.6999999881
40712  35.736  -25.328  59.479 0.6999999881
38729  26.569  -26.456  57.410 0.6000000238
40711  36.523  -24.723  59.527 0.6999999881
39648  34.370  -25.447  58.653 0.6000000238
132664  25.699  -26.093  54.260 0.3000000119
38757  25.158  -26.389  53.829 0.3000000119
39667  31.544  -25.392  56.829 0.6000000238
122215  30.835  -25.373  56.472 0.6000000238
39701  26.397  -25.742  54.226 0.3000000119
38739  24.791  -26.855  55.128 0.4000000060
38733  25.648  -26.594  56.297 0.5000000000
40731  35.737  -24.719  58.776 0.6999999881
39668  30.081  -25.454  56.745 0.6000000238
38737  26.185  -26.194  55.779 0.4000000060
39682  28.973  -25.448  55.952 0.6000000238
39683  28.228  -25.516  55.745 0.6000000238
38738  25.467  -26.506  55.476 0.4000000060
40745  35.340  -24.334  57.976 0.6000000238
40779  32.129  -24.243  55.033 0.4000000060
40760  33.576  -24.566  56.685 0.5000000000
40790  31.067  -24.148  54.093 0.4000000060
40767  33.222  -24.247  55.998 0.5000000000
41928  31.724  -23.816  54.406 0.4000000060
41936  31.357  -23.394  53.746 0.4000000060
37782  42.307  -28.209  64.028 0.8000000119
38629  42.868  -27.503  63.552 0.8000000119
37796  42.320  -27.969  63.432 0.8999999762
37768  42.596  -27.598  64.488 0.8000000119
38640  42.837  -27.176  62.083 0.8000000119
38639  43.255  -26.708  61.922 0.6999999881
37850  42.326  -27.245  61.973 0.8000000119
38664  42.091  -26.817  61.335 0.8000000119
38665  41.422  -26.568  61.594 0.8000000119
38642  41.017  -26.954  62.339 0.8000000119
134562  35.170  -26.573  61.226 0.6999999881
38671  34.477  -26.568  61.311 0.6999999881
38672  33.546  -26.460  61.393 0.6999999881
38673  32.556  -26.350  61.490 0.6999999881
39576  39.376  -25.887  62.306 0.8000000119
39588  36.840  -26.001  61.336 0.6999999881
38669  36.545  -26.511  61.793 0.6999999881
38698  32.036  -26.131  60.773 0.6999999881
38674  31.613  -26.345  61.550 0.6999999881
39584  40.923  -25.813  61.233 0.8000000119
39586  38.663  -25.387  61.768 0.6999999881
39611  36.356  -25.773  60.633 0.6999999881
38713  30.823  -25.915  60.009 0.6999999881
39608  40.321  -25.013  60.950 0.8000000119
39609  38.053  -25.057  61.165 0.6999999881
131221  36.228  -25.386  59.972 0.6999999881
39630  35.136  -25.757  59.626 0.6999999881
39632  33.928  -25.781  59.145 0.6999999881
39636  30.002  -25.643  58.899 0.6999999881
38721  29.236  -25.818  58.917 0.6999999881
38722  28.356  -26.096  58.749 0.6999999881
38728  27.312  -26.208  57.669 0.6999999881
40695  38.431  -24.485  60.650 0.6999999881
39647  35.095  -25.363  58.999 0.6999999881
39649  33.516  -25.506  58.345 0.6000000238
40709  38.820  -23.810  60.038 0.6999999881
39658  32.909  -25.393  57.662 0.6000000238
38732  26.385  -26.315  56.599 0.5000000000
40710  37.585  -24.357  60.021 0.6999999881
118481  32.043  -25.483  57.649 0.6000000238
39685  26.696  -25.826  55.205 0.4000000060
39672  26.909  -25.913  56.063 0.5000000000
41849  38.013  -23.704  59.606 0.6999999881
40729  37.243  -23.941  59.279 0.6999999881
39684  27.472  -25.642  55.492 0.5000000000
40730  36.511  -24.171  58.883 0.6999999881
40759  34.291  -24.274  56.971 0.6000000238
41944  30.950  -22.920  53.094 0.4000000060
41927  32.402  -23.443  54.710 0.4000000060
42990  31.667  -22.584  53.404 0.4000000060
41895  33.920  -23.867  56.326 0.5000000000
41913  32.806  -23.850  55.356 0.4000000060
41935  32.012  -23.013  54.082 0.4000000060
42976  32.661  -22.616  54.395 0.4000000060
38628  43.206  -27.083  62.684 0.8000000119
38620  43.140  -26.708  64.299 0.6999999881
38608  42.480  -26.584  65.187 0.6000000238
39575  43.732  -26.165  62.691 0.6999999881
38619  43.500  -26.543  63.480 0.6999999881
129889  43.587  -26.082  61.920 0.6999999881
128958  43.971  -25.402  62.396 0.6999999881
38696  33.985  -26.340  60.574 0.6999999881
138354  42.637  -26.474  60.897 0.8000000119
39583  43.083  -26.318  61.161 0.6999999881
38695  34.814  -26.347  60.631 0.6999999881
38710  33.498  -26.052  59.831 0.6999999881
38697  33.020  -26.190  60.648 0.6999999881
38708  35.142  -26.076  60.184 0.6999999881
38709  34.458  -26.060  59.866 0.6999999881
122232  33.047  -25.780  59.071 0.6999999881
38711  32.439  -25.921  59.854 0.6999999881
38712  31.582  -25.961  60.192 0.6999999881
38692  41.775  -26.253  60.632 0.8000000119
39633  32.241  -25.708  59.045 0.6999999881
39634  31.562  -25.773  59.459 0.6999999881
39635  30.721  -25.702  59.165 0.6999999881
39653  29.727  -25.610  58.224 0.6000000238
39654  28.893  -25.728  58.099 0.6999999881
38727  28.072  -25.928  57.917 0.6000000238
39607  41.229  -25.623  60.297 0.8000000119
39650  32.569  -25.588  58.364 0.6000000238
39662  28.634  -25.679  57.301 0.6000000238
39663  27.855  -25.848  57.105 0.6000000238
40694  39.594  -24.389  60.539 0.8000000119
130293  30.777  -25.466  57.060 0.6000000238
38731  27.118  -26.078  56.866 0.5000000000
40708  40.001  -24.048  59.786 0.8000000119
39669  29.191  -25.516  56.690 0.6000000238
39670  28.414  -25.610  56.525 0.5000000000
41848  38.611  -23.442  59.397 0.6999999881
41861  37.050  -23.424  58.539 0.6999999881
41862  36.108  -23.913  58.301 0.6999999881
41912  33.518  -23.448  55.660 0.5000000000
41880  35.011  -23.950  57.292 0.6000000238
41911  34.242  -23.027  55.984 0.5000000000
39556  43.069  -25.951  64.776 0.6999999881
39569  43.916  -25.761  63.451 0.6999999881
40646  43.885  -24.778  64.292 0.6999999881
40630  43.406  -24.309  64.829 0.6000000238
39568  44.229  -25.308  63.082 0.6999999881
40662  44.176  -25.071  63.725 0.6999999881
40674  44.353  -24.770  62.800 0.6999999881
40661  44.479  -24.544  63.320 0.6999999881
39582  43.500  -25.486  61.576 0.6999999881
40682  43.233  -24.596  61.160 0.6999999881
39605  42.561  -26.154  60.482 0.6999999881
39604  42.955  -25.650  60.575 0.6999999881
41819  43.125  -23.407  61.313 0.6999999881
38691  42.358  -26.440  60.742 0.8000000119
40692  42.755  -24.983  59.917 0.8000000119
39651  31.551  -25.608  58.524 0.6000000238
135229  41.814  -25.817  59.844 0.8000000119
39628  41.957  -25.632  59.161 0.8000000119
39645  42.162  -25.361  58.828 0.8000000119
39652  30.565  -25.581  58.352 0.6000000238
122741  41.432  -25.401  59.439 0.8000000119
39646  41.943  -25.315  58.443 0.8000000119
40693  40.609  -24.816  60.079 0.8000000119
40707  40.767  -24.724  59.146 0.8000000119
39629  41.500  -25.128  58.486 0.8000000119
39660  30.283  -25.515  57.590 0.6000000238
39661  29.457  -25.565  57.447 0.6000000238
41859  39.827  -23.657  58.400 0.8000000119
41876  39.959  -23.683  57.401 0.8000000119
41847  39.416  -23.565  59.306 0.6999999881
125045  39.470  -23.087  56.971 0.8000000119
41892  39.700  -23.368  55.966 0.8000000119
117495  37.969  -23.326  59.031 0.6999999881
41860  38.876  -23.135  58.812 0.6999999881
42929  38.941  -22.596  56.468 0.8000000119
43929  38.331  -22.034  55.152 0.6999999881
42904  38.091  -22.775  58.261 0.6999999881
125634  38.256  -22.126  56.877 0.6999999881
42917  36.774  -22.479  57.298 0.6999999881
43915  37.583  -21.524  55.819 0.6999999881
41877  37.209  -22.794  57.928 0.6000000238
42931  37.450  -21.838  56.679 0.6999999881
41879  35.722  -23.616  57.622 0.6000000238
42975  33.377  -22.146  54.599 0.4000000060
41894  34.662  -23.506  56.643 0.5000000000
43059  31.113  -22.072  47.655 0.1000000015
130217  31.466  -22.678  47.555 0.1000000015
132145  32.123  -23.556  47.387 0.1000000015
125371  32.346  -24.908  46.680 0.1000000015
132918  44.966  -22.367  63.138 0.8000000119
43841  44.896  -21.191  63.533 0.6000000238
41779  44.479  -23.533  64.039 0.6999999881
120955  44.065  -24.087  64.332 0.6999999881
42858  44.803  -23.223  63.046 0.6999999881
120275  44.785  -22.925  63.560 0.8000000119
42831  44.451  -22.560  64.128 0.6999999881
41818  43.754  -23.779  61.872 0.6999999881
41833  42.768  -23.944  60.376 0.6999999881
41846  42.623  -24.336  59.273 0.8000000119
40725  42.184  -24.988  58.193 0.8000000119
40742  42.013  -24.664  57.443 0.8000000119
40756  41.853  -24.367  56.921 0.8000000119
40727  41.158  -24.700  57.500 0.8000000119
40757  41.554  -24.335  56.628 0.8000000119
41875  40.643  -24.282  56.916 0.8000000119
41891  40.761  -24.137  56.190 0.8000000119
120844  40.114  -23.581  55.023 0.8000000119
122653  39.376  -22.969  53.220 0.6999999881
122893  40.177  -23.818  56.482 0.8000000119
42951  39.209  -22.829  55.303 0.8000000119
42973  39.105  -22.842  54.121 0.6999999881
125479  38.248  -22.033  54.352 0.6000000238
42987  39.014  -22.833  52.605 0.6000000238
43961  38.047  -22.094  52.841 0.5000000000
43976  37.214  -21.429  52.528 0.5000000000
43930  37.498  -21.346  54.988 0.5000000000
43948  36.830  -20.918  54.421 0.5000000000
44900  36.508  -20.874  53.053 0.5000000000
123852  36.403  -20.961  52.169 0.5000000000
124727  37.088  -21.226  55.598 0.6000000238
44891  36.169  -20.735  53.826 0.5000000000
44921  35.350  -20.591  52.296 0.5000000000
42932  36.570  -21.999  56.672 0.6000000238
43932  35.872  -21.420  55.601 0.6000000238
115057  35.758  -20.961  54.743 0.5000000000
44922  34.408  -20.540  52.381 0.5000000000
118301  34.012  -20.334  50.886 0.5000000000
42918  36.068  -23.022  57.327 0.6000000238
137742  35.585  -22.629  56.612 0.5000000000
43933  35.123  -21.500  55.241 0.5000000000
43949  34.717  -21.268  54.589 0.5000000000
44923  33.485  -20.653  52.326 0.5000000000
44954  33.233  -20.269  50.506 0.5000000000
44967  33.171  -20.278  49.539 0.4000000060
41893  35.444  -23.163  56.949 0.6000000238
124708  33.283  -21.636  54.069 0.5000000000
44924  32.822  -20.627  51.822 0.5000000000
44968  32.299  -20.276  49.045 0.5000000000
122276  32.587  -20.631  48.252 0.3000000119
44988  32.345  -21.020  47.804 0.1000000015
44040  33.170  -21.858  47.279 0.1000000015
44979  31.086  -20.817  48.432 0.3000000119
44041  31.947  -21.632  47.605 0.1000000015
42007  32.346  -23.023  47.246 0.1000000015
42022  32.611  -23.608  46.619 0.1000000015
126481  31.928  -22.334  47.484 0.1000000015
40899  32.454  -24.299  46.251 0.1000000015
43840  45.033  -20.900  63.206 0.6999999881
42833  42.686  -22.378  64.878 0.5000000000
44789  44.985  -20.324  63.021 0.6999999881
43823  44.606  -21.553  63.980 0.6999999881
121197  44.904  -21.780  62.834 0.6000000238
43856  44.374  -22.010  62.441 0.6999999881
42865  42.953  -22.391  61.414 0.6999999881
127408  42.496  -22.886  60.729 0.8000000119
42889  42.365  -23.296  59.750 0.8000000119
42902  42.070  -22.907  58.262 0.8000000119
42914  42.111  -23.461  56.937 0.8000000119
42913  42.261  -23.507  57.655 0.8000000119
41874  41.770  -23.858  56.392 0.8000000119
42948  41.064  -23.326  55.039 0.8000000119
41908  41.307  -23.706  55.734 0.8000000119
41910  40.267  -23.413  54.168 0.8000000119
42972  39.845  -23.224  53.589 0.8000000119
42996  38.619  -22.571  52.064 0.6999999881
43975  37.979  -22.229  51.888 0.5000000000
121333  37.314  -21.723  51.566 0.5000000000
44938  36.784  -21.440  51.052 0.5000000000
44951  36.402  -21.303  50.483 0.5000000000
44939  35.926  -20.796  51.339 0.5000000000
44953  34.773  -20.537  50.243 0.5000000000
118300  33.930  -20.351  49.952 0.5000000000
42952  35.273  -21.931  55.816 0.5000000000
42974  34.134  -21.837  54.935 0.4000000060
118375  33.899  -20.504  49.142 0.5000000000
44977  33.422  -20.613  48.461 0.2000000030
42934  35.066  -22.632  56.295 0.5000000000
44987  33.349  -21.214  47.640 0.1000000015
43057  33.780  -22.455  46.388 0.1000000015
45754  44.128  -19.313  63.796 0.5000000000
45767  44.728  -19.553  63.169 0.6000000238
44790  44.789  -20.368  63.420 0.5000000000
43855  44.447  -21.097  62.401 0.6999999881
43870  43.632  -21.745  61.911 0.6000000238
44809  43.532  -20.694  61.644 0.6999999881
43871  42.757  -21.494  61.307 0.6000000238
43881  41.502  -21.723  59.584 0.8000000119
42874  41.975  -22.322  60.198 0.8000000119
42890  41.966  -22.654  59.180 0.8000000119
43893  41.566  -22.143  58.557 0.8000000119
114840  41.848  -22.657  57.487 0.8000000119
125379  41.861  -22.987  56.440 0.8000000119
43913  41.436  -22.463  55.890 0.8000000119
43927  41.328  -22.841  55.200 0.8000000119
43928  41.096  -22.145  55.199 0.8000000119
42971  40.654  -22.719  53.889 0.8000000119
136228  40.514  -22.158  53.725 0.8000000119
41925  40.282  -23.070  53.574 0.8000000119
43960  40.248  -22.585  53.222 0.8000000119
42994  39.280  -22.498  51.745 0.8000000119
42995  39.147  -22.667  51.863 0.8000000119
43974  39.786  -22.211  52.421 0.8000000119
43012  38.993  -22.579  51.154 0.6999999881
44007  37.988  -22.492  49.989 0.5000000000
44008  37.253  -22.028  49.902 0.5000000000
44964  36.505  -21.635  49.523 0.5000000000
44966  34.696  -20.716  49.257 0.5000000000
44029  36.392  -22.016  47.586 0.3000000119
44975  35.599  -21.561  48.311 0.3000000119
44986  34.498  -21.649  47.398 0.2000000030
44039  34.386  -22.110  46.608 0.1000000015
47778  43.564  -17.661  64.022 0.5000000000
46757  43.641  -18.431  64.024 0.5000000000
46756  43.998  -18.609  63.595 0.5000000000
132438  44.671  -19.653  62.601 0.8000000119
46780  44.550  -18.912  62.753 0.8000000119
45779  43.838  -19.739  61.454 0.8000000119
44823  42.999  -19.984  61.083 0.8000000119
44842  41.339  -20.560  59.777 0.8000000119
129519  41.082  -21.234  58.852 0.8000000119
43914  40.813  -21.426  56.282 0.8000000119
44878  40.433  -21.250  55.327 0.8000000119
44890  40.036  -21.145  54.363 0.8000000119
43944  40.780  -22.063  54.410 0.8000000119
43945  40.125  -21.770  53.253 0.8000000119
44898  39.659  -21.344  52.789 0.8000000119
44919  39.467  -21.432  52.107 0.8000000119
43993  39.441  -22.062  51.535 0.8000000119
43994  39.198  -21.881  50.954 0.6999999881
44949  38.717  -21.636  50.310 0.5000000000
44017  37.948  -22.358  49.141 0.4000000060
44027  37.424  -22.058  48.480 0.4000000060
44018  37.367  -22.191  48.763 0.4000000060
44984  36.686  -21.455  47.409 0.3000000119
44037  36.359  -21.887  47.205 0.3000000119
131535  35.131  -21.967  46.647 0.2000000030
44056  34.522  -21.924  45.901 0.1000000015
48892  43.426  -16.716  64.423 0.5000000000
47798  43.593  -17.129  63.854 0.6000000238
46768  44.359  -18.778  63.236 0.6999999881
48907  43.791  -17.405  63.200 0.6000000238
47813  44.245  -18.184  62.874 0.6999999881
137827  44.050  -19.131  61.244 0.8000000119
45784  42.664  -19.456  60.510 0.8000000119
45795  41.817  -19.556  60.074 0.8000000119
44854  40.807  -20.340  58.814 0.8000000119
44855  40.460  -20.225  57.898 0.8000000119
44868  40.134  -20.462  56.275 0.6999999881
45826  39.726  -19.569  56.237 0.6999999881
44869  39.743  -20.287  55.459 0.8000000119
45858  39.375  -20.546  53.643 0.8000000119
44899  39.129  -20.553  52.747 0.8000000119
44920  39.013  -20.674  51.946 0.6999999881
44937  38.948  -21.012  51.126 0.6999999881
45890  38.386  -20.379  50.693 0.6000000238
44950  38.251  -20.949  49.659 0.6000000238
44963  37.843  -21.586  48.790 0.4000000060
45905  37.392  -20.690  48.490 0.4000000060
44974  37.271  -21.552  48.020 0.3000000119
45913  35.730  -20.229  46.957 0.3000000119
45919  35.348  -20.734  46.546 0.3000000119
51081  43.583  -14.272  64.633 0.5000000000
50000  43.537  -15.622  64.402 0.6000000238
48908  43.593  -16.552  63.626 0.6000000238
125333  43.683  -16.743  62.841 0.8000000119
127828  44.370  -18.223  61.176 0.8999999762
46796  44.015  -18.623  60.719 0.8000000119
46797  43.200  -18.815  60.299 0.8000000119
46820  41.239  -18.799  58.905 0.8000000119
45816  40.437  -19.398  57.866 0.8000000119
45825  40.089  -19.691  57.122 0.6999999881
46834  40.422  -18.736  57.476 0.8000000119
46844  39.972  -18.748  56.715 0.6999999881
45837  39.377  -19.343  55.536 0.8000000119
131058  38.843  -18.558  54.369 0.6999999881
45859  38.706  -19.659  53.352 0.6999999881
46902  38.596  -18.718  53.723 0.6999999881
46920  38.335  -18.919  52.967 0.6999999881
45882  38.482  -19.992  51.654 0.6999999881
46927  37.828  -18.382  51.762 0.6999999881
45883  37.904  -19.294  51.332 0.6999999881
45891  37.666  -19.511  50.313 0.6000000238
46942  37.057  -18.985  49.735 0.5000000000
45898  36.924  -19.566  48.902 0.5000000000
116809  36.363  -19.078  48.593 0.3000000119
45906  36.785  -20.260  48.024 0.3000000119
45907  35.983  -19.215  48.023 0.3000000119
46950  35.358  -18.270  47.939 0.3000000119
46955  34.417  -18.503  46.777 0.3000000119
51099  43.556  -15.077  64.107 0.6000000238
124598  43.598  -14.131  63.951 0.6000000238
50014  43.566  -15.799  63.325 0.6999999881
135481  43.783  -16.860  62.167 0.8000000119
47836  44.294  -17.908  60.473 0.6999999881
48928  44.043  -16.888  61.327 0.8000000119
46808  43.685  -18.182  59.984 0.8000000119
46821  40.797  -18.778  58.199 0.8000000119
47858  42.627  -17.463  58.587 0.8000000119
46819  42.032  -18.102  59.032 0.8000000119
46833  41.022  -18.084  57.809 0.8000000119
46864  40.086  -17.979  56.064 0.6999999881
46865  39.464  -18.447  55.483 0.6999999881
46901  39.005  -17.753  53.962 0.6999999881
47925  38.531  -18.007  53.221 0.6999999881
128730  38.179  -18.196  52.494 0.6999999881
47965  37.631  -17.615  51.344 0.6999999881
49042  37.955  -16.913  51.522 0.6000000238
47979  37.225  -17.739  50.690 0.5000000000
47980  36.776  -17.992  50.068 0.3000000119
46943  36.405  -18.346  49.275 0.3000000119
47995  36.478  -17.331  49.609 0.3000000119
48009  35.959  -17.370  48.967 0.3000000119
46949  35.843  -18.245  48.577 0.3000000119
49127  40.839  -16.104  44.794 0.3000000119
49078  35.799  -16.576  48.496 0.3000000119
51375  39.856  -14.228  44.365 0.2000000030
48019  34.957  -17.410  47.582 0.2000000030
46954  34.871  -18.356  47.349 0.2000000030
52229  43.556  -13.966  63.173 0.6999999881
50037  43.544  -15.374  61.853 0.8000000119
50036  43.813  -15.983  61.122 0.8000000119
47848  44.180  -17.447  59.604 0.8000000119
47857  43.503  -17.306  58.903 0.8000000119
136817  43.900  -16.483  58.225 0.6999999881
48960  42.559  -16.572  57.416 0.6999999881
47867  41.438  -17.447  57.448 0.8000000119
47868  40.673  -17.873  56.951 0.6999999881
47878  40.788  -17.247  56.229 0.6999999881
47889  40.392  -17.274  55.635 0.6999999881
47904  39.686  -17.244  54.501 0.6999999881
125207  39.515  -16.790  53.630 0.6999999881
47924  38.924  -17.284  53.271 0.6999999881
47947  39.080  -16.673  52.793 0.6999999881
47948  38.545  -17.340  52.649 0.6999999881
49041  38.587  -16.619  51.990 0.6999999881
49050  38.212  -16.233  51.186 0.6999999881
50167  37.827  -15.909  50.430 0.4000000060
49061  37.223  -16.367  50.080 0.5000000000
50178  36.819  -16.076  49.429 0.5000000000
49062  36.727  -16.672  49.735 0.4000000060
49077  36.312  -16.610  49.184 0.3000000119
46940  44.388  -18.672  50.057 0.1000000015
122498  41.573  -15.623  44.926 0.2000000030
50242  40.741  -15.300  44.496 0.3000000119
48008  42.854  -17.850  47.929 0.1000000015
48028  42.473  -17.640  47.240 0.1000000015
135839  42.315  -17.145  46.700 0.1000000015
49115  41.287  -16.681  45.426 0.2000000030
51373  41.433  -14.736  44.506 0.3000000119
51374  40.666  -14.455  44.372 0.3000000119
52410  39.243  -13.486  45.176 0.4000000060
52397  37.942  -13.771  45.859 0.3000000119
51356  36.721  -14.550  45.733 0.2000000030
50201  35.596  -15.781  47.285 0.2000000030
51376  38.287  -14.579  44.373 0.2000000030
51355  37.397  -14.242  45.393 0.2000000030
53259  43.576  -12.373  63.510 0.6999999881
50044  43.630  -15.279  61.012 0.8000000119
50043  44.180  -15.533  60.386 0.8000000119
118358  44.969  -16.024  59.498 0.8000000119
123401  43.344  -16.254  57.621 0.6999999881
48959  44.176  -16.025  57.868 0.6999999881
115396  42.129  -16.412  56.796 0.6999999881
132454  41.481  -16.605  56.320 0.6999999881
48977  40.860  -16.675  55.595 0.6999999881
47903  40.281  -16.902  55.029 0.6999999881
48986  40.162  -16.499  54.279 0.6999999881
44897  46.482  -20.159  53.799 0.1000000015
50095  40.594  -15.809  54.077 0.6999999881
49005  40.052  -16.055  53.578 0.6999999881
49006  39.614  -16.115  52.966 0.6999999881
44917  46.099  -20.089  52.871 0.1000000015
50113  40.438  -15.470  53.380 0.6999999881
50133  39.771  -15.554  52.495 0.6999999881
49024  39.267  -16.005  52.239 0.6999999881
44918  45.697  -20.063  52.092 0.1000000015
51262  40.460  -14.618  52.324 0.6999999881
50154  39.556  -15.250  51.749 0.6000000238
49040  38.885  -15.763  51.488 0.6000000238
45881  45.516  -19.410  51.787 0.1000000015
44935  45.371  -19.998  51.321 0.1000000015
52318  40.720  -13.953  51.698 0.6999999881
51276  39.713  -14.685  51.160 0.6000000238
50165  39.205  -15.061  50.951 0.6000000238
50176  38.150  -15.184  49.908 0.5000000000
45888  45.081  -19.088  51.143 0.1000000015
45889  44.640  -19.173  50.373 0.1000000015
52328  40.099  -13.727  50.091 0.6000000238
52340  39.307  -14.155  49.724 0.5000000000
51290  38.878  -14.772  50.204 0.4000000060
50186  36.995  -15.485  49.067 0.4000000060
122487  44.390  -18.070  50.006 0.1000000015
52339  40.336  -13.256  49.264 0.5000000000
116880  39.129  -13.430  47.972 0.4000000060
51315  38.179  -14.262  48.521 0.4000000060
51304  37.617  -14.905  49.040 0.4000000060
50187  36.356  -15.867  48.660 0.2000000030
46941  43.952  -18.497  49.556 0.1000000015
53386  40.540  -12.596  47.553 0.5000000000
52359  39.192  -13.185  47.078 0.5000000000
51328  37.959  -14.014  47.656 0.4000000060
124944  37.413  -14.534  48.065 0.2000000030
50200  36.205  -15.434  47.817 0.2000000030
48007  43.430  -17.657  48.511 0.1000000015
48018  43.097  -17.245  47.735 0.1000000015
49090  42.799  -16.867  47.063 0.1000000015
50213  42.861  -15.808  45.934 0.2000000030
50241  42.068  -14.899  44.741 0.2000000030
52393  41.451  -13.900  44.405 0.3000000119
53422  40.624  -12.727  45.566 0.4000000060
52396  38.657  -13.573  45.565 0.4000000060
51341  37.286  -14.167  46.233 0.2000000030
51330  36.716  -14.814  47.505 0.2000000030
50214  36.106  -15.180  46.928 0.2000000030
49076  43.778  -16.876  48.127 0.1000000015
49089  43.500  -16.552  47.366 0.1000000015
51353  42.744  -14.491  44.875 0.2000000030
121200  42.040  -14.334  44.551 0.3000000119
53437  41.769  -13.136  44.675 0.5000000000
51342  36.665  -14.622  46.585 0.2000000030
50199  43.950  -15.864  46.905 0.1000000015
50212  43.624  -15.484  46.163 0.1000000015
50225  43.236  -15.048  45.479 0.2000000030
51372  43.189  -13.816  44.840 0.2000000030
52407  42.430  -13.686  44.604 0.4000000060
51340  43.975  -14.790  45.738 0.1000000015
55554  51.736  -10.515  45.420 0.4000000060
130330  43.516  -12.434  62.601 0.6999999881
53272  43.444  -12.955  61.722 0.8000000119
52247  43.447  -13.837  60.988 0.8000000119
54293  43.498  -12.002  61.725 0.6999999881
53283  43.597  -13.029  60.561 0.8000000119
51153  44.746  -14.925  59.699 0.8000000119
125219  44.903  -15.759  58.259 0.6999999881
50057  45.375  -15.326  58.600 0.6999999881
50066  44.509  -15.427  57.540 0.6999999881
50067  43.580  -15.595  57.103 0.6999999881
48969  42.139  -15.950  56.269 0.6999999881
50078  42.876  -15.450  56.377 0.6000000238
50086  41.492  -15.906  55.468 0.6999999881
48976  40.763  -16.210  54.839 0.6999999881
51225  42.982  -14.093  55.006 0.6999999881
51209  42.481  -14.749  55.209 0.6999999881
50094  41.198  -15.506  54.552 0.6999999881
52290  42.596  -13.732  54.201 0.8000000119
51244  41.948  -14.126  53.781 0.6999999881
51227  41.568  -14.815  54.174 0.6999999881
52296  42.956  -13.065  53.821 0.8000000119
52297  42.321  -13.456  53.398 0.8000000119
51245  41.316  -14.505  53.396 0.6999999881
51246  40.742  -14.866  53.042 0.6999999881
121047  47.642  -17.860  53.628 0.1000000015
53336  43.332  -12.445  53.470 0.8000000119
53337  42.689  -12.817  53.036 0.8000000119
52308  41.417  -13.536  52.172 0.6999999881
51261  41.038  -14.191  52.603 0.6999999881
53345  42.447  -12.581  52.237 0.8000000119
53354  41.852  -12.929  51.799 0.6999999881
52317  41.308  -13.304  51.335 0.6999999881
53362  42.086  -12.271  50.347 0.6000000238
53375  40.937  -13.078  49.987 0.6000000238
46935  44.783  -18.497  50.535 0.1000000015
54447  42.198  -12.001  49.488 0.5000000000
116879  41.008  -12.730  49.094 0.5000000000
47993  44.712  -17.369  49.718 0.1000000015
49074  44.956  -16.644  49.103 0.1000000015
138505  45.175  -16.143  48.588 0.1000000015
54465  42.524  -11.577  47.740 0.5000000000
54458  41.677  -12.254  48.867 0.5000000000
49088  44.229  -16.210  47.667 0.1000000015
50198  44.683  -15.557  47.235 0.1000000015
54480  42.810  -11.578  46.772 0.5000000000
132841  41.521  -12.168  46.560 0.5000000000
51327  45.143  -14.944  46.860 0.1000000015
51351  44.412  -14.115  45.574 0.1000000015
53419  43.573  -12.715  45.191 0.4000000060
126773  41.978  -12.561  45.230 0.5000000000
137475  44.417  -14.623  45.942 0.1000000015
51352  43.595  -14.281  45.216 0.3000000119
52406  43.121  -13.156  44.833 0.4000000060
53436  42.462  -12.924  44.781 0.5000000000
55555  50.880  -10.496  45.455 0.3000000119
54310  43.683  -12.166  60.376 0.8000000119
123297  44.907  -13.317  59.269 0.8000000119
52255  45.100  -14.126  59.302 0.8000000119
55363  43.836  -10.538  60.509 0.6999999881
119638  44.670  -12.313  59.261 0.8000000119
51179  46.079  -14.170  58.316 0.8000000119
51181  44.893  -14.818  57.270 0.8000000119
50076  44.104  -14.966  56.864 0.6999999881
54329  45.070  -11.433  58.997 0.8000000119
52260  46.383  -13.521  58.544 0.8000000119
51180  45.607  -14.577  57.751 0.8000000119
51194  45.249  -14.189  57.013 0.6999999881
51196  43.805  -14.520  56.230 0.6000000238
52276  44.769  -13.737  56.320 0.8000000119
137726  44.177  -14.008  56.049 0.6999999881
52283  43.594  -13.554  55.128 0.6999999881
52289  43.274  -13.347  54.538 0.8000000119
46900  46.836  -18.908  53.775 0.1000000015
53344  43.108  -12.219  52.671 0.8000000119
45874  45.889  -19.360  52.443 0.1000000015
53353  42.288  -12.415  51.453 0.6000000238
47978  44.963  -17.844  50.430 0.1000000015
50185  44.935  -15.862  47.998 0.1000000015
50197  45.404  -15.306  47.632 0.1000000015
116586  44.855  -14.485  46.183 0.1000000015
52376  45.211  -13.837  45.876 0.1000000015
56614  51.347  -9.714  45.555 0.4000000060
56613  52.284  -9.724  45.495 0.4000000060
55553  52.656  -10.544  45.404 0.3000000119
56432  44.124  -9.840  60.033 0.6999999881
133174  45.864  -12.122  58.909 0.8000000119
53288  45.910  -12.842  58.962 0.8000000119
55377  45.567  -10.680  58.903 0.8000000119
119389  46.921  -12.809  58.378 0.8000000119
52274  46.367  -13.192  57.330 0.8000000119
55494  45.337  -10.190  48.537 0.6000000238
54328  46.462  -11.497  58.785 0.8000000119
138534  47.149  -12.246  58.451 0.8000000119
52281  45.037  -13.029  55.987 0.8000000119
55482  45.201  -9.978  49.374 0.6999999881
53307  46.750  -12.427  57.039 0.8000000119
53315  46.104  -11.945  56.198 0.8999999762
53317  44.580  -12.581  55.247 0.8000000119
52288  43.897  -12.956  54.873 0.8000000119
54367  47.024  -11.587  56.580 0.8999999762
54381  45.703  -11.501  55.450 0.8999999762
53325  44.945  -11.689  54.833 0.8999999762
53326  44.212  -12.281  54.494 0.8999999762
54404  44.466  -11.019  53.263 0.8999999762
132489  44.385  -11.597  53.962 0.8000000119
136305  43.873  -12.158  53.863 0.8000000119
45857  46.381  -19.438  53.297 0.1000000015
55453  44.500  -10.629  52.518 0.8000000119
54415  43.485  -11.597  52.301 0.8000000119
55511  44.677  -10.525  47.959 0.5000000000
55510  45.487  -10.432  47.695 0.6000000238
46926  45.670  -18.681  51.807 0.1000000015
54463  44.144  -10.884  47.309 0.5000000000
54478  44.655  -11.174  46.515 0.5000000000
55509  46.290  -10.378  47.399 0.6000000238
46934  45.296  -18.280  51.022 0.1000000015
55533  45.571  -10.789  46.819 0.6000000238
49023  47.911  -16.890  52.338 0.1000000015
49060  45.460  -16.749  49.766 0.1000000015
54476  46.290  -11.326  45.975 0.6000000238
49037  48.376  -16.368  51.938 0.1000000015
49038  47.694  -16.435  51.436 0.1000000015
53417  46.058  -12.535  45.660 0.2000000030
54497  46.413  -11.969  45.599 0.5000000000
50131  49.058  -16.047  52.179 0.1000000015
50162  48.353  -15.343  50.407 0.1000000015
51300  48.572  -14.794  49.639 0.1000000015
115032  47.912  -14.830  49.240 0.1000000015
51312  47.592  -14.697  48.650 0.1000000015
134775  46.363  -14.226  46.853 0.1000000015
53416  46.837  -12.469  45.660 0.2000000030
51311  48.353  -14.528  48.795 0.1000000015
51324  48.009  -14.280  47.905 0.1000000015
52358  47.232  -14.120  47.177 0.2000000030
52390  47.243  -13.076  45.907 0.2000000030
54496  48.092  -11.699  45.573 0.3000000119
117164  48.490  -12.342  45.701 0.2000000030
55557  48.556  -10.998  45.560 0.3000000119
56612  53.328  -9.845  45.568 0.3000000119
56611  54.403  -10.191  45.910 0.4000000060
117466  44.812  -9.994  59.184 0.8000000119
56445  47.092  -9.928  58.770 0.6999999881
55375  47.561  -10.511  58.643 0.6999999881
54327  47.275  -11.160  58.630 0.8000000119
129468  47.775  -11.525  58.332 0.8000000119
54366  47.923  -11.340  57.114 0.8999999762
54379  47.532  -10.903  56.277 0.8999999762
56511  46.895  -9.595  52.300 0.8000000119
56521  46.810  -9.582  51.582 0.8000000119
56531  46.822  -9.625  50.404 0.8000000119
56541  45.964  -9.726  49.884 0.6999999881
55481  46.048  -9.879  49.113 0.6999999881
128666  46.837  -11.029  55.895 0.8999999762
56532  45.946  -9.656  50.648 0.8000000119
56554  46.950  -9.768  49.003 0.6999999881
54393  45.587  -11.026  54.818 0.8999999762
56512  46.196  -9.639  51.943 0.8000000119
56522  46.016  -9.635  51.341 0.8000000119
55441  45.134  -10.323  53.102 0.8999999762
54432  43.237  -11.325  50.618 0.6999999881
55473  45.151  -9.840  50.227 0.6999999881
55493  46.190  -10.100  48.297 0.6999999881
47963  45.834  -17.914  51.392 0.1000000015
55495  44.476  -10.374  48.834 0.5000000000
55492  46.997  -9.973  48.025 0.6999999881
46919  46.335  -18.673  52.672 0.1000000015
46918  47.044  -18.250  53.181 0.1000000015
47945  47.442  -17.562  52.764 0.1000000015
55508  47.139  -10.265  47.015 0.6000000238
51301  47.331  -15.125  49.224 0.1000000015
55531  47.028  -10.820  46.122 0.6000000238
47961  47.171  -17.197  51.917 0.1000000015
50163  47.540  -15.638  50.277 0.1000000015
50174  47.229  -15.482  49.750 0.1000000015
55558  47.773  -10.989  45.738 0.4000000060
49047  47.225  -16.201  50.720 0.1000000015
56616  49.818  -9.823  45.795 0.3000000119
56591  50.940  -9.081  45.982 0.5000000000
55528  55.618  -10.839  46.972 0.5000000000
57483  45.668  -8.765  59.031 0.6999999881
125875  46.843  -8.952  58.923 0.6999999881
55389  48.076  -10.364  58.486 0.8000000119
56493  47.837  -9.715  54.389 0.8999999762
56492  48.267  -9.360  54.961 0.8999999762
57541  48.386  -8.897  53.260 0.8999999762
55396  48.413  -10.586  58.021 0.8000000119
56502  47.725  -9.580  53.502 0.8000000119
56510  47.688  -9.547  52.631 0.8000000119
56519  48.102  -9.402  52.122 0.8000000119
121326  47.302  -9.569  51.144 0.8000000119
55439  46.870  -9.686  53.162 0.8000000119
55451  45.904  -9.798  52.643 0.8000000119
56539  47.347  -9.606  49.875 0.8000000119
55429  46.080  -10.410  54.475 0.8999999762
55452  45.460  -9.818  51.843 0.8000000119
55465  45.210  -9.792  51.072 0.6999999881
56538  47.715  -9.554  49.369 0.6999999881
56553  47.677  -9.642  48.621 0.6999999881
57611  48.334  -9.268  49.130 0.6999999881
46925  46.163  -18.152  51.970 0.1000000015
47976  46.206  -17.253  50.965 0.1000000015
56552  48.230  -9.471  48.301 0.6999999881
56573  47.751  -9.796  47.759 0.6999999881
47946  46.696  -17.881  52.357 0.1000000015
47962  46.471  -17.544  51.624 0.1000000015
49048  46.530  -16.552  50.550 0.1000000015
56551  48.897  -9.081  48.311 0.6999999881
55507  48.000  -10.023  46.923 0.6000000238
49039  46.865  -16.844  51.200 0.1000000015
51313  46.804  -14.995  48.547 0.1000000015
56594  48.724  -9.765  46.669 0.6999999881
51302  46.615  -15.584  49.358 0.1000000015
56571  49.185  -9.256  47.323 0.6999999881
56570  49.914  -8.969  46.994 0.6999999881
56592  50.188  -9.297  46.218 0.6000000238
57670  51.845  -8.946  45.828 0.5000000000
57669  52.898  -9.046  45.810 0.6000000238
56589  55.157  -9.943  46.969 0.5000000000
56590  54.008  -9.317  46.097 0.4000000060
55527  57.218  -11.126  48.008 0.5000000000
55525  58.022  -11.464  47.644 0.3000000119
129019  57.814  -11.428  47.835 0.3000000119
136765  45.848  -6.513  59.862 0.5000000000
58661  46.578  -7.099  59.454 0.6999999881
57481  47.757  -8.481  58.999 0.6000000238
116131  48.385  -8.135  58.589 0.6000000238
58686  48.811  -7.786  57.831 0.8000000119
57516  48.610  -8.668  57.235 0.8999999762
59764  48.727  -6.953  56.358 0.8999999762
56444  47.798  -9.549  58.772 0.6000000238
129291  48.443  -9.352  58.208 0.8000000119
57525  48.441  -9.044  56.104 0.8999999762
134474  48.423  -7.511  55.640 0.8999999762
58732  48.248  -7.610  53.616 0.8999999762
55416  48.380  -10.189  56.463 0.8999999762
56484  48.356  -9.806  55.847 0.8999999762
56485  48.042  -9.872  55.152 0.8999999762
57552  48.404  -9.083  52.388 0.8000000119
56530  47.686  -9.539  50.648 0.8000000119
55417  47.971  -10.326  55.814 0.8999999762
55428  46.778  -10.327  54.867 0.8999999762
137210  48.618  -7.695  52.029 0.8999999762
56529  48.194  -9.332  50.867 0.8000000119
58755  48.811  -7.944  51.176 0.8000000119
57575  48.639  -8.927  50.622 0.8000000119
55466  44.585  -10.275  51.664 0.8000000119
58767  49.479  -7.458  50.498 0.8000000119
55474  44.447  -10.238  50.679 0.6000000238
57574  49.103  -8.295  50.243 0.6999999881
57588  49.782  -8.049  49.203 0.6999999881
134019  49.546  -8.486  48.705 0.6999999881
50183  46.180  -15.469  48.683 0.1000000015
57630  49.669  -8.712  47.827 0.6999999881
116243  50.131  -8.315  48.179 0.6999999881
50164  46.862  -15.906  50.122 0.1000000015
57651  50.571  -8.818  46.655 0.6999999881
57650  51.376  -8.510  46.687 0.6000000238
57648  53.502  -8.562  46.538 0.6000000238
57649  52.417  -8.449  46.429 0.6999999881
57647  54.645  -9.014  47.121 0.6000000238
55506  57.480  -10.531  48.232 0.5000000000
56588  56.560  -10.537  48.071 0.6000000238
55526  57.758  -10.984  47.926 0.5000000000
55549  57.508  -11.226  46.351 0.4000000060
59714  46.514  -5.968  59.894 0.4000000060
58660  47.601  -7.472  59.221 0.6000000238
58659  48.182  -7.853  58.931 0.6000000238
115742  48.613  -7.937  58.299 0.8000000119
59763  49.361  -6.285  57.127 0.8999999762
59778  48.675  -6.706  55.394 0.8999999762
59791  48.612  -6.623  54.390 0.8999999762
60856  50.409  -5.193  54.904 0.8999999762
128209  48.555  -7.142  52.728 0.8999999762
59800  49.485  -5.854  54.035 0.8999999762
59816  49.955  -6.046  52.425 0.8999999762
60883  50.966  -5.425  52.817 0.8999999762
58754  49.347  -7.036  51.173 0.8999999762
59859  50.034  -6.655  50.822 0.8999999762
58766  50.183  -7.061  50.068 0.8000000119
58782  50.370  -7.517  49.334 0.6999999881
58781  51.262  -7.156  49.198 0.6999999881
57610  50.214  -7.995  48.718 0.6999999881
58801  51.620  -7.475  48.392 0.6999999881
57628  51.421  -8.011  47.563 0.6999999881
117183  52.080  -8.056  47.037 0.6999999881
57627  52.993  -7.926  47.025 0.6999999881
57625  55.360  -8.926  48.412 0.8000000119
56569  55.981  -9.825  48.265 0.6000000238
56587  57.607  -10.448  48.146 0.5000000000
56610  57.452  -10.201  47.430 0.5000000000
55588  57.912  -10.236  43.906 0.4000000060
115681  57.210  -10.209  45.162 0.5000000000
55550  57.598  -10.713  47.053 0.5000000000
60840  50.267  -5.117  55.771 0.8000000119
60855  51.348  -4.628  54.694 1.0000000000
134012  50.613  -5.252  54.156 0.8999999762
60867  51.478  -4.898  53.824 1.0000000000
60892  51.420  -5.511  52.243 1.0000000000
59835  50.758  -6.032  51.450 0.8999999762
59858  51.096  -6.343  50.597 0.8999999762
59895  56.626  -6.371  49.280 1.0000000000
58778  56.732  -7.604  50.264 0.8999999762
60932  57.172  -4.612  47.410 0.8999999762
119720  56.615  -5.144  48.318 0.8999999762
58765  55.763  -7.372  50.969 0.8999999762
118890  54.953  -7.714  49.602 0.8999999762
58780  52.252  -6.836  49.146 0.6999999881
60945  57.598  -4.460  46.703 0.8000000119
59912  56.873  -5.909  47.955 0.8999999762
58796  57.043  -7.846  49.483 0.8999999762
58779  56.469  -8.067  50.622 0.8999999762
58819  52.353  -7.661  47.664 0.6999999881
59926  58.186  -5.223  46.312 0.8000000119
59927  57.496  -5.890  47.017 0.8999999762
58816  56.815  -7.211  48.088 0.8999999762
117695  56.625  -8.599  50.243 0.8999999762
58818  53.450  -7.610  47.852 0.8000000119
58835  56.919  -7.441  47.221 0.8000000119
57606  57.173  -8.986  49.763 0.8000000119
57608  55.987  -8.739  49.671 0.8999999762
58817  54.583  -7.944  48.484 0.8000000119
57626  54.078  -8.157  47.400 0.8000000119
58851  57.343  -7.437  46.215 0.6999999881
129805  57.234  -8.877  48.939 0.6999999881
57607  56.972  -9.155  49.925 0.8000000119
57668  57.033  -8.739  46.321 0.6000000238
57646  57.215  -9.324  47.796 0.6999999881
56550  57.132  -9.459  49.305 0.6000000238
56568  57.072  -10.117  48.808 0.6000000238
56567  57.352  -9.985  48.651 0.6000000238
56636  57.926  -9.142  44.487 0.5000000000
60825  50.749  -4.301  56.194 0.6999999881
131498  52.076  -3.372  54.679 0.6999999881
60854  52.100  -4.142  54.486 0.8999999762
60866  52.310  -4.333  53.877 1.0000000000
60881  52.994  -4.603  52.754 1.0000000000
121552  52.933  -5.224  52.039 1.0000000000
59834  51.825  -5.651  51.595 1.0000000000
60901  53.554  -5.312  51.659 1.0000000000
59857  52.521  -5.767  50.930 1.0000000000
59874  56.375  -6.373  50.177 1.0000000000
59878  52.942  -6.308  50.079 1.0000000000
60962  56.568  -4.919  46.090 0.8000000119
59875  56.230  -7.237  50.793 1.0000000000
59896  55.138  -7.274  50.528 1.0000000000
59898  53.347  -6.741  49.284 1.0000000000
60961  57.641  -4.656  46.186 0.8000000119
59897  54.258  -6.959  49.599 1.0000000000
58800  52.770  -7.188  48.426 0.8000000119
59943  57.127  -5.233  45.488 0.8000000119
60972  58.196  -5.109  45.651 0.6999999881
60960  58.116  -4.890  46.226 0.6999999881
58834  58.039  -5.997  46.234 0.8000000119
59958  58.883  -5.434  45.010 0.6999999881
59942  58.490  -5.430  45.587 0.8000000119
58850  58.684  -6.302  45.509 0.6999999881
58868  59.331  -6.689  44.991 0.6999999881
57667  57.900  -7.655  45.504 0.6000000238
57689  58.535  -7.894  44.837 0.6000000238
56609  57.186  -9.164  45.584 0.5000000000
60964  54.122  -5.808  46.095 0.6000000238
59945  54.533  -6.253  45.521 0.6000000238
61859  52.458  -3.485  54.111 0.8999999762
61878  53.159  -3.892  53.013 0.8999999762
60963  55.280  -5.497  46.110 0.8000000119
123887  54.903  -5.112  46.725 0.8999999762
60947  55.714  -4.401  47.288 0.8999999762
123619  54.842  -3.927  48.754 0.8000000119
61940  55.043  -3.954  49.552 0.8000000119
61925  54.904  -4.214  50.397 0.8999999762
60890  54.171  -4.738  51.634 0.8999999762
60891  53.654  -4.773  52.118 1.0000000000
118784  56.096  -4.620  46.675 0.8999999762
61952  56.215  -4.305  47.700 0.8999999762
61939  55.718  -4.040  48.691 0.8999999762
61910  55.217  -4.886  50.743 1.0000000000
61911  54.627  -4.507  51.137 1.0000000000
60899  54.807  -5.437  51.238 1.0000000000
60900  54.205  -5.270  51.558 1.0000000000
59944  55.728  -5.843  45.476 0.6999999881
133449  56.614  -4.196  47.122 0.8999999762
61938  56.378  -4.516  48.104 0.8999999762
60920  56.019  -4.481  49.138 1.0000000000
60908  55.841  -5.321  50.140 1.0000000000
59854  55.333  -6.483  51.101 1.0000000000
59855  54.703  -6.031  51.192 1.0000000000
59856  53.729  -5.769  51.006 1.0000000000
59961  54.984  -6.682  44.935 0.6999999881
61951  56.985  -4.269  47.202 0.8999999762
132492  55.989  -6.377  50.799 1.0000000000
59853  55.765  -6.780  51.042 1.0000000000
59876  55.134  -6.809  51.023 1.0000000000
59960  56.203  -6.190  44.832 0.6999999881
59959  57.697  -5.647  44.819 0.6999999881
128642  57.464  -6.306  44.270 0.6999999881
59967  58.483  -5.959  44.396 0.6999999881
59957  59.445  -6.038  44.511 0.8000000119
58849  59.327  -5.860  44.904 0.6999999881
58867  59.793  -6.400  44.393 0.6999999881
57688  59.842  -7.086  44.498 0.6000000238
57705  60.140  -7.469  44.111 0.6000000238
129640  52.677  -3.432  51.510 0.4000000060
62902  54.351  -3.886  49.561 0.6999999881
62887  53.990  -3.749  50.453 0.6999999881
62875  53.400  -3.619  51.261 0.6999999881
62840  52.899  -3.449  52.769 0.6999999881
59962  53.928  -6.884  44.968 0.3000000119
59946  53.501  -6.431  45.524 0.4000000060
60933  54.573  -4.697  47.354 0.8000000119
61954  54.208  -4.354  48.023 0.8000000119
134028  54.594  -3.953  50.178 0.6999999881
62874  54.500  -4.053  50.783 0.6999999881
61894  53.753  -4.273  52.099 0.8000000119
62855  53.630  -3.860  51.944 0.8000000119
58872  53.393  -7.405  44.386 0.3000000119
58871  54.357  -7.296  44.343 0.6000000238
58870  55.411  -7.028  44.279 0.5000000000
58869  56.579  -6.607  44.227 0.5000000000
58884  57.268  -6.880  43.699 0.6999999881
58883  58.868  -6.501  43.752 0.6999999881
58882  60.064  -6.530  43.972 0.8000000119
57687  60.203  -6.858  44.078 0.6999999881
58881  60.215  -7.023  43.762 0.6999999881
57703  60.525  -8.194  42.945 0.6000000238
61913  51.157  -4.056  50.245 0.3000000119
60934  53.467  -5.055  47.376 0.6000000238
62876  51.926  -3.601  50.858 0.4000000060
59928  53.126  -6.031  46.119 0.4000000060
60948  53.781  -5.389  46.700 0.6000000238
61941  53.805  -4.155  48.758 0.6999999881
61926  53.388  -3.888  49.491 0.6999999881
62888  52.986  -3.653  50.217 0.5000000000
129321  52.621  -3.570  50.769 0.5000000000
59963  53.038  -6.985  45.009 0.3000000119
58886  54.801  -7.670  43.661 0.5000000000
58898  55.270  -8.058  42.977 0.5000000000
57727  55.723  -8.344  42.261 0.5000000000
58885  55.878  -7.382  43.625 0.5000000000
57726  56.760  -8.212  42.231 0.6999999881
57725  57.933  -7.964  42.253 0.6000000238
58896  57.660  -7.467  42.909 0.6999999881
57724  59.183  -7.729  42.367 0.6000000238
58895  59.117  -7.188  43.085 0.6999999881
57753  59.215  -7.964  41.725 0.6000000238
127720  59.969  -7.746  41.260 0.6000000238
58909  60.865  -7.595  40.881 0.6000000238
57752  60.598  -8.085  41.719 0.6000000238
123329  60.092  -7.840  42.369 0.6999999881
57723  60.346  -7.759  43.046 0.6999999881
57722  60.685  -8.537  42.134 0.6999999881
57750  61.418  -8.286  40.804 0.5000000000
57751  61.077  -8.313  41.399 0.6000000238
60949  52.798  -5.651  46.753 0.5000000000
57706  54.283  -8.227  42.971 0.2000000030
58888  52.868  -7.910  43.701 0.3000000119
57707  53.328  -8.319  42.947 0.3000000119
57728  54.767  -8.448  42.210 0.4000000060
129915  55.248  -8.554  41.587 0.4000000060
57756  56.082  -8.482  41.527 0.5000000000
57776  58.670  -7.844  41.121 0.6000000238
58925  60.511  -7.089  40.552 0.5000000000
137486  61.820  -7.057  40.031 0.4000000060
58908  61.236  -7.801  40.825 0.4000000060
58942  61.756  -7.182  39.876 0.4000000060
58923  61.660  -7.570  40.208 0.4000000060
58948  55.289  -7.333  39.633 0.4000000060
57779  55.321  -8.462  40.788 0.4000000060
58947  56.329  -7.210  39.778 0.3000000119
58929  55.809  -7.964  40.187 0.3000000119
58930  54.818  -8.021  40.047 0.2000000030
57778  56.413  -8.328  40.859 0.4000000060
58928  56.669  -7.828  40.359 0.3000000119
36953  26.738  -28.547  63.369 0.6000000238
36971  25.415  -28.366  61.480 0.6000000238
36085  22.650  -29.941  57.881 0.4000000060
37716  28.764  -27.462  70.478 0.2000000030
36810  28.808  -28.351  71.365 0.2000000030
115239  27.891  -31.240  71.221 0.3000000119
34164  29.069  -31.080  71.146 0.2000000030
34193  26.495  -31.501  68.680 0.5000000000
34209  27.504  -31.069  68.221 0.6000000238
34210  26.394  -31.369  67.795 0.6000000238
54424  42.854  -12.014  51.850 0.8000000119
54433  42.640  -11.911  50.966 0.6000000238
54446  42.833  -11.474  49.299 0.5000000000
54498  45.727  -11.896  45.696 0.5000000000
137178  45.921  -11.035  46.381 0.6000000238
54477  45.499  -11.338  46.156 0.5000000000
123742  46.007  -13.702  46.174 0.1000000015
54499  44.898  -11.800  45.787 0.5000000000
55512  43.844  -10.806  48.208 0.5000000000
55484  43.740  -10.749  50.221 0.5000000000
54464  43.312  -11.220  47.504 0.5000000000
47992  45.305  -17.299  50.232 0.1000000015
117539  45.641  -13.186  45.699 0.1000000015
50184  45.595  -15.635  48.353 0.1000000015
116405  47.228  -14.524  48.019 0.1000000015
55496  43.606  -10.855  49.237 0.5000000000
55475  43.819  -10.784  51.111 0.6999999881
49049  45.863  -16.937  50.380 0.1000000015
49059  46.185  -16.279  49.893 0.1000000015
53418  45.248  -12.552  45.582 0.2000000030
134222  45.077  -10.125  52.371 0.8000000119
27051  20.650  -39.264  68.994 0.1000000015
26152  21.448  -40.012  67.503 0.1000000015
27057  19.728  -38.005  67.589 0.2000000030
27062  20.563  -39.261  66.865 0.2000000030
29996  19.006  -35.700  67.885 0.3000000119
120919  20.047  -38.637  65.926 0.2000000030
31085  19.001  -34.975  67.265 0.4000000060
32083  18.100  -34.147  68.153 0.3000000119
28976  19.461  -36.824  65.352 0.3000000119
135647  19.550  -37.540  64.436 0.3000000119
35047  18.021  -30.555  70.053 0.3000000119
33157  17.822  -31.797  67.967 0.3000000119
119923  19.350  -36.126  64.797 0.4000000060
27161  20.495  -38.802  54.284 0.3000000119
26253  21.574  -39.493  53.395 0.3000000119
27083  19.714  -38.296  63.401 0.2000000030
133140  19.522  -37.971  62.533 0.2000000030
28064  19.438  -37.710  61.704 0.3000000119
128061  19.626  -37.815  57.493 0.3000000119
35054  18.921  -30.759  69.883 0.3000000119
136464  18.096  -32.103  67.589 0.3000000119
32102  18.800  -33.181  66.871 0.4000000060
26231  24.956  -39.748  56.155 0.2000000030
25366  24.483  -39.670  54.574 0.2000000030
26252  22.666  -39.697  53.139 0.3000000119
26259  22.907  -39.128  52.642 0.2000000030
28159  21.419  -37.752  53.212 0.3000000119
129713  19.282  -40.039  57.621 0.2000000030
125704  19.253  -34.819  62.486 0.3000000119
35937  21.048  -29.328  74.567 0.4000000060
35930  21.807  -29.831  74.614 0.4000000060
34135  21.430  -31.128  73.931 0.4000000060
132325  21.127  -31.649  70.091 0.3000000119
27149  25.565  -38.338  55.591 0.1000000015
137225  19.884  -31.192  67.729 0.4000000060
27188  21.956  -38.071  52.563 0.3000000119
29080  21.158  -36.304  54.793 0.3000000119
29040  19.714  -36.698  58.152 0.3000000119
116064  19.385  -35.758  60.209 0.4000000060
33207  19.900  -32.603  62.757 0.4000000060
34133  22.645  -30.508  74.183 0.4000000060
27129  25.762  -38.689  57.391 0.1000000015
27185  24.110  -38.334  52.465 0.2000000030
33130  22.660  -33.005  70.324 0.4000000060
28175  21.864  -37.329  52.598 0.2000000030
32110  19.395  -33.329  65.327 0.4000000060
30157  21.380  -35.594  54.300 0.3000000119
35014  24.318  -30.495  73.587 0.4000000060
29125  22.103  -36.569  52.228 0.2000000030
30178  21.547  -35.254  53.464 0.3000000119
131587  21.479  -34.823  54.141 0.3000000119
32247  21.545  -34.063  54.533 0.3000000119
32082  23.952  -34.043  68.511 0.4000000060
35065  31.523  -30.646  68.454 0.2000000030
28140  25.607  -37.461  54.361 0.2000000030
29142  22.833  -36.813  51.686 0.2000000030
120028  21.792  -34.966  52.698 0.3000000119
36035  26.992  -29.864  65.363 0.6000000238
119455  28.367  -30.540  66.762 0.6000000238
124546  21.676  -33.428  56.798 0.4000000060
33182  23.099  -33.094  65.149 0.5000000000
34143  25.500  -31.548  72.817 0.3000000119
32087  25.035  -34.174  67.869 0.5000000000
34334  22.057  -31.804  55.250 0.4000000060
34322  22.247  -31.288  56.743 0.4000000060
34323  22.028  -31.953  56.131 0.4000000060
36080  23.217  -29.509  59.291 0.6000000238
33139  31.913  -32.900  68.262 0.6999999881
29079  25.937  -36.649  54.923 0.2000000030
126101  23.054  -36.096  51.378 0.2000000030
31258  22.197  -34.725  51.964 0.2000000030
36081  22.719  -30.066  58.755 0.5000000000
33190  23.404  -33.500  64.054 0.5000000000
34166  26.798  -31.584  70.921 0.4000000060
34230  31.332  -32.312  67.040 0.6999999881
30215  24.561  -36.192  51.433 0.2000000030
129815  21.909  -32.533  53.840 0.3000000119
34333  22.226  -31.120  55.852 0.4000000060
36093  22.655  -29.834  56.995 0.4000000060
36054  25.815  -29.725  64.291 0.5000000000
35974  29.513  -29.459  71.121 0.3000000119
35045  29.383  -30.482  71.185 0.2000000030
33151  32.376  -33.172  68.050 0.6999999881
34178  26.631  -31.578  69.701 0.4000000060
34175  29.355  -31.403  70.495 0.2000000030
34194  25.737  -32.296  68.140 0.5000000000
30156  25.847  -36.247  54.047 0.2000000030
34211  25.582  -32.064  67.149 0.6000000238
29123  25.219  -36.347  52.136 0.2000000030
32292  22.265  -34.027  51.866 0.2000000030
31273  22.653  -34.412  51.330 0.2000000030
32293  22.009  -32.934  52.809 0.3000000119
134796  22.114  -31.971  53.737 0.3000000119
34342  22.310  -31.022  54.977 0.4000000060
115543  22.352  -30.911  54.161 0.4000000060
31210  26.349  -34.305  55.462 0.2000000030
36982  23.621  -28.839  58.933 0.4000000060
36823  29.273  -28.578  71.190 0.2000000030
135701  32.783  -31.616  68.296 0.6999999881
33137  33.655  -33.038  68.217 0.8000000119
33150  33.241  -33.312  68.016 0.6999999881
34165  28.749  -31.260  71.025 0.2000000030
34192  27.458  -31.260  69.169 0.4000000060
34256  24.776  -31.484  65.000 0.5000000000
115953  22.334  -32.854  51.922 0.3000000119
36101  22.691  -29.704  56.107 0.4000000060
36987  23.568  -28.738  58.045 0.5000000000
37855  25.953  -27.837  60.974 0.6999999881
37838  26.954  -27.800  62.077 0.6999999881
36032  31.211  -29.636  65.562 0.6999999881
36930  29.664  -28.395  64.267 0.6999999881
30155  26.129  -35.279  54.360 0.2000000030
30237  23.883  -34.898  50.610 0.2000000030
127484  22.639  -32.831  51.284 0.3000000119
34354  22.261  -31.486  53.602 0.3000000119
37872  24.821  -27.850  58.927 0.6000000238
36989  23.467  -28.591  57.188 0.5000000000
34392  24.485  -30.383  48.781 0.2000000030
35287  25.757  -31.179  48.925 0.2000000030
37060  24.291  -28.539  49.069 0.2000000030
36174  24.327  -29.409  48.865 0.2000000030
117260  27.091  -25.296  52.822 0.3000000119
39731  25.705  -25.793  52.588 0.3000000119
38823  24.659  -26.963  49.821 0.2000000030
37965  25.514  -27.652  48.303 0.2000000030
39698  29.426  -25.146  54.522 0.5000000000
35107  33.446  -30.519  66.153 0.6999999881
37809  28.708  -27.670  63.183 0.6999999881
30176  26.169  -34.704  53.793 0.2000000030
31257  25.904  -34.820  52.491 0.3000000119
30236  24.524  -35.203  50.776 0.2000000030
32328  24.329  -33.812  50.089 0.3000000119
33359  22.541  -32.221  51.588 0.3000000119
34362  22.373  -31.433  52.825 0.3000000119
32329  23.594  -33.494  50.311 0.3000000119
36134  22.781  -29.925  53.258 0.4000000060
128610  22.592  -30.307  53.951 0.4000000060
36110  22.970  -28.974  55.827 0.4000000060
138382  23.130  -28.871  55.148 0.4000000060
36996  23.951  -28.011  56.803 0.5000000000
36145  22.886  -29.815  52.408 0.4000000060
37927  24.133  -27.367  51.165 0.3000000119
38821  25.970  -26.141  49.109 0.2000000030
36045  35.526  -29.582  65.190 0.6999999881
35106  35.039  -31.299  66.232 0.6999999881
36030  33.078  -29.458  65.715 0.6999999881
36048  31.464  -28.881  65.054 0.6999999881
36950  29.889  -27.815  63.737 0.6999999881
37863  27.316  -27.129  60.758 0.6999999881
32310  25.857  -33.933  51.067 0.3000000119
33374  23.502  -32.614  50.154 0.3000000119
33391  24.508  -32.132  49.296 0.2000000030
134254  24.566  -32.744  49.549 0.2000000030
35272  22.774  -30.884  51.424 0.4000000060
34375  23.177  -31.782  50.390 0.2000000030
35288  23.831  -30.817  49.364 0.2000000030
121571  23.092  -29.178  52.786 0.4000000060
36144  23.116  -29.277  51.906 0.4000000060
37941  23.789  -28.032  50.768 0.3000000119
37900  23.759  -27.868  54.309 0.4000000060
38771  25.090  -26.253  52.927 0.3000000119
121465  28.821  -25.362  55.180 0.4000000060
40816  27.981  -25.017  51.239 0.3000000119
40802  29.400  -24.450  52.774 0.4000000060
36924  35.790  -28.967  64.601 0.6999999881
37784  32.988  -27.700  64.183 0.6999999881
131722  34.633  -28.017  63.893 0.6999999881
37807  30.200  -27.338  63.259 0.6999999881
37833  31.565  -26.871  62.993 0.6999999881
126537  23.450  -30.362  49.838 0.2000000030
36165  23.416  -29.618  50.076 0.2000000030
37052  23.553  -28.791  50.403 0.3000000119
37044  23.435  -28.633  51.328 0.3000000119
36918  41.807  -28.719  64.418 0.8000000119
37803  35.736  -27.965  63.589 0.6999999881
37800  38.927  -27.606  63.753 0.6999999881
37804  34.934  -27.788  63.488 0.6999999881
126317  37.002  -27.320  62.970 0.6999999881
37830  34.538  -27.263  62.867 0.6999999881
119561  24.132  -27.310  52.968 0.3000000119
38745  25.957  -26.114  54.952 0.4000000060
39657  33.549  -25.236  57.671 0.6000000238
36941  41.421  -28.257  63.733 0.6999999881
36940  41.938  -28.340  63.830 0.8999999762
38641  41.760  -27.171  62.072 0.8000000119
38644  38.908  -26.421  62.821 0.6999999881
37826  38.429  -26.951  63.230 0.6999999881
37827  37.576  -27.006  62.931 0.6999999881
37828  36.184  -27.028  62.398 0.6999999881
38645  37.051  -26.797  62.417 0.6999999881
38666  40.517  -26.155  62.042 0.8000000119
39587  37.653  -25.674  61.572 0.6999999881
134790  37.578  -24.890  60.601 0.6999999881
39612  35.693  -25.790  60.097 0.6999999881
37783  42.088  -28.366  64.723 0.8000000119
39585  39.886  -25.385  61.701 0.8000000119
38694  35.591  -26.243  60.768 0.6999999881
39610  37.194  -25.441  60.905 0.6999999881
40683  39.167  -24.819  61.232 0.6999999881
39671  27.657  -25.740  56.312 0.5000000000
41926  33.070  -22.991  55.031 0.4000000060
39555  43.664  -25.728  64.164 0.6999999881
39659  31.130  -25.511  57.668 0.6000000238
138619  40.174  -24.016  59.040 0.8000000119
42954  33.810  -22.590  55.300 0.4000000060
41804  44.602  -24.067  62.894 0.6999999881
40675  44.031  -24.528  62.214 0.6999999881
39606  42.147  -25.981  60.041 0.8000000119
39627  42.369  -25.571  59.671 0.8000000119
40706  42.496  -25.075  58.944 0.8000000119
40728  40.669  -24.530  58.306 0.8000000119
41858  40.483  -24.256  57.654 0.8000000119
42903  39.200  -22.970  57.956 0.8000000119
42915  38.637  -22.534  57.390 0.6999999881
137926  40.365  -23.794  55.773 0.8000000119
42930  38.328  -22.027  56.108 0.6999999881
42916  37.735  -22.323  57.465 0.6999999881
116713  36.036  -22.574  56.865 0.6000000238
43916  36.712  -21.433  56.065 0.6000000238
119334  30.988  -21.376  47.941 0.2000000030
40881  31.628  -23.874  47.547 0.1000000015
39839  32.176  -24.848  47.621 0.1000000015
124639  32.173  -24.115  47.294 0.1000000015
42859  44.650  -22.627  62.727 0.6999999881
42847  45.066  -21.544  63.180 0.6999999881
42901  42.416  -23.646  58.586 0.8000000119
41857  42.356  -24.309  57.840 0.8000000119
40743  41.601  -24.665  57.131 0.8000000119
40758  41.282  -24.142  56.109 0.8000000119
42950  39.759  -23.320  54.348 0.8000000119
129221  40.612  -23.490  54.732 0.8000000119
43946  38.596  -22.497  53.484 0.6000000238
43947  37.705  -21.604  53.954 0.6000000238
43962  37.098  -21.130  53.465 0.5000000000
44901  35.711  -20.644  53.109 0.5000000000
43963  35.218  -20.782  53.916 0.5000000000
44902  34.811  -20.655  53.157 0.5000000000
44940  34.872  -20.491  51.357 0.5000000000
42933  35.852  -22.058  56.302 0.5000000000
119412  34.014  -20.404  51.709 0.5000000000
44941  33.351  -20.408  51.403 0.5000000000
135579  34.619  -21.663  55.089 0.5000000000
43964  34.349  -20.961  53.831 0.5000000000
43950  33.883  -21.458  54.317 0.5000000000
44903  33.981  -20.780  53.118 0.5000000000
44955  32.428  -20.257  50.132 0.5000000000
44942  32.612  -20.419  51.067 0.5000000000
43965  33.609  -21.205  53.663 0.5000000000
44978  31.832  -20.608  48.394 0.3000000119
134649  31.591  -21.008  47.984 0.1000000015
43058  32.830  -22.458  47.098 0.1000000015
44797  44.790  -20.427  62.676 0.6000000238
135719  42.306  -22.081  60.925 0.8000000119
42928  41.544  -23.258  55.708 0.8000000119
42949  41.034  -22.773  54.563 0.8000000119
41924  40.675  -23.149  54.264 0.8000000119
42986  39.722  -22.864  52.718 0.8000000119
43013  38.661  -22.558  51.371 0.6999999881
43996  37.507  -22.094  50.663 0.5000000000
43995  37.880  -22.289  51.064 0.6000000238
44952  35.663  -20.850  50.425 0.5000000000
44965  35.615  -21.126  49.376 0.5000000000
44976  34.574  -21.072  48.334 0.3000000119
43068  33.238  -22.988  46.319 0.1000000015
44824  42.624  -20.734  61.076 0.8000000119
43880  41.960  -21.312  60.572 0.8000000119
43902  41.261  -21.660  57.890 0.8000000119
43906  41.399  -22.034  56.870 0.8000000119
43028  39.113  -22.360  51.050 0.6999999881
44006  38.964  -22.093  50.632 0.5000000000
43030  38.579  -22.443  50.698 0.5000000000
135491  37.790  -22.347  49.304 0.5000000000
44019  36.517  -21.959  48.393 0.4000000060
44038  35.645  -21.987  47.204 0.2000000030
44050  34.413  -22.246  46.029 0.1000000015
45778  44.348  -19.369  61.838 0.8000000119
47824  44.335  -18.305  62.028 0.8999999762
135738  40.816  -20.905  58.197 0.8000000119
43907  40.807  -21.129  57.384 0.8000000119
120048  40.407  -20.572  57.021 0.8000000119
44936  39.279  -21.459  51.497 0.6999999881
43041  38.456  -22.322  50.098 0.5000000000
44962  38.331  -21.953  49.450 0.4000000060
44028  36.966  -22.142  47.771 0.3000000119
44985  36.159  -21.255  46.885 0.3000000119
44048  35.564  -21.739  46.754 0.2000000030
44049  34.874  -21.942  46.281 0.1000000015
126952  43.523  -16.281  64.217 0.6000000238
45783  43.499  -19.272  60.865 0.8000000119
45805  41.202  -19.582  59.331 0.8000000119
45806  40.724  -19.515  58.539 0.8000000119
45850  39.299  -19.936  54.741 0.8000000119
45897  37.568  -20.207  49.265 0.5000000000
45912  36.230  -20.330  47.351 0.3000000119
123658  35.514  -19.274  47.450 0.3000000119
116604  44.005  -17.490  62.266 0.8000000119
47835  44.310  -17.685  61.248 0.8000000119
46810  41.825  -18.849  59.595 0.8000000119
46809  42.729  -18.439  59.711 0.8000000119
46845  39.627  -18.806  56.057 0.6999999881
45851  38.847  -19.400  54.188 0.6999999881
118518  38.951  -18.966  54.954 0.6999999881
45875  38.575  -19.786  52.521 0.6999999881
115729  38.135  -19.092  52.170 0.6999999881
46928  37.525  -18.509  51.000 0.6000000238
133807  37.236  -18.520  50.375 0.6000000238
51116  43.556  -14.816  63.367 0.6999999881
50029  43.540  -15.361  62.722 0.8000000119
132509  43.638  -16.173  62.206 0.8000000119
47847  44.459  -17.149  60.346 0.6999999881
47849  43.144  -17.806  59.304 0.8000000119
47859  41.739  -17.686  58.222 0.8000000119
47890  39.849  -17.625  55.265 0.6999999881
46881  39.239  -18.057  54.798 0.6999999881
47964  38.091  -17.483  51.997 0.6999999881
49052  36.930  -17.125  50.243 0.5000000000
49051  37.525  -16.809  50.840 0.6000000238
48010  35.452  -17.350  48.258 0.3000000119
49091  35.294  -16.550  47.659 0.2000000030
119171  39.013  -13.982  44.618 0.3000000119
52409  39.845  -13.578  44.733 0.4000000060
50243  39.938  -15.030  44.279 0.2000000030
124905  39.237  -15.628  44.132 0.2000000030
51125  43.503  -14.655  62.531 0.6999999881
48935  44.561  -16.337  60.217 0.8000000119
48944  44.120  -16.874  58.854 0.6999999881
48953  43.179  -16.853  58.203 0.8000000119
47866  42.213  -17.133  57.828 0.6999999881
48961  41.826  -16.882  57.097 0.6999999881
50177  37.444  -15.634  49.673 0.4000000060
50188  35.786  -16.000  48.021 0.2000000030
49101  42.525  -16.549  46.378 0.2000000030
49114  42.104  -16.186  45.671 0.2000000030
52408  40.572  -13.744  44.476 0.3000000119
52395  39.921  -13.088  45.364 0.4000000060
52378  38.559  -13.456  46.436 0.4000000060
51354  38.180  -13.976  44.999 0.2000000030
50244  37.610  -15.134  44.073 0.1000000015
54282  43.556  -11.730  62.882 0.6999999881
117515  43.538  -13.135  62.882 0.6999999881
52239  43.466  -13.851  62.183 0.6999999881
51140  43.494  -14.624  61.485 0.8000000119
50051  44.856  -15.700  59.803 0.8000000119
51139  43.781  -14.714  60.508 0.8000000119
48942  45.102  -15.975  58.971 0.6999999881
126199  42.759  -16.037  56.927 0.6999999881
50112  40.980  -15.172  53.770 0.6999999881
50132  40.240  -15.217  52.749 0.6999999881
50153  40.001  -15.045  52.207 0.6999999881
51275  40.097  -14.602  51.672 0.6999999881
50166  38.530  -15.468  50.698 0.6000000238
51288  40.177  -14.163  50.964 0.6000000238
51289  39.566  -14.416  50.509 0.6000000238
52327  40.759  -13.553  50.781 0.6000000238
51303  38.525  -14.507  49.383 0.4000000060
51316  36.854  -15.132  48.385 0.2000000030
119394  39.696  -13.654  49.323 0.5000000000
52347  39.741  -13.342  48.621 0.5000000000
52360  38.517  -13.559  47.334 0.4000000060
52348  39.008  -13.852  48.827 0.5000000000
137727  38.548  -13.801  48.074 0.4000000060
47994  43.933  -17.817  49.349 0.1000000015
53378  41.135  -12.464  48.238 0.5000000000
53404  39.923  -12.796  46.839 0.5000000000
53379  40.427  -12.882  48.448 0.5000000000
53387  39.801  -12.977  47.780 0.5000000000
52379  37.875  -13.784  46.772 0.3000000119
51329  37.293  -14.286  47.140 0.2000000030
48006  44.194  -17.150  48.885 0.1000000015
49100  43.216  -16.201  46.637 0.1000000015
50226  42.441  -15.343  45.245 0.2000000030
131131  41.097  -13.314  44.639 0.4000000060
53403  40.738  -12.450  46.520 0.4000000060
52394  40.527  -13.151  44.900 0.4000000060
53423  40.070  -12.745  46.044 0.4000000060
52377  39.340  -13.139  46.056 0.5000000000
120899  36.064  -14.964  46.040 0.2000000030
50211  44.393  -15.121  46.408 0.1000000015
52246  44.048  -13.870  59.854 0.8000000119
115850  43.604  -10.908  63.301 0.4000000060
53282  44.032  -12.927  59.730 0.8000000119
51152  45.564  -14.520  59.108 0.8000000119
50050  45.296  -15.372  59.204 0.8000000119
51165  45.708  -14.696  58.753 0.8000000119
50065  45.277  -15.210  57.935 0.8000000119
50077  43.473  -15.059  56.467 0.6999999881
50085  42.323  -15.330  55.675 0.6999999881
51208  43.075  -14.750  55.796 0.6999999881
51207  43.635  -14.045  55.624 0.8000000119
51226  42.220  -14.451  54.556 0.6999999881
50093  41.857  -15.129  54.945 0.6999999881
52307  42.060  -13.188  52.596 0.8000000119
52298  41.669  -13.817  52.991 0.6999999881
130288  43.577  -12.687  54.198 0.8000000119
53363  41.776  -12.708  50.978 0.6999999881
52326  41.278  -13.089  50.666 0.6000000238
136278  42.194  -12.327  50.929 0.6000000238
120548  41.521  -12.718  50.330 0.6000000238
53374  41.572  -12.510  49.685 0.5000000000
54457  42.330  -11.754  48.648 0.5000000000
49075  44.532  -16.491  48.396 0.1000000015
54456  43.051  -11.281  48.446 0.5000000000
54466  41.820  -12.024  48.001 0.5000000000
121091  41.995  -11.851  47.077 0.5000000000
53385  41.284  -12.236  47.345 0.5000000000
53401  42.234  -12.039  46.067 0.5000000000
54479  43.674  -11.351  46.622 0.5000000000
54501  43.166  -11.739  45.950 0.5000000000
53402  41.377  -12.419  45.796 0.5000000000
131414  44.798  -13.297  45.505 0.2000000030
115146  44.298  -12.498  45.444 0.5000000000
54500  44.018  -11.676  45.903 0.5000000000
122937  43.567  -12.157  45.548 0.5000000000
52392  43.882  -13.438  45.168 0.3000000119
53420  42.877  -12.417  45.316 0.5000000000
54309  43.999  -11.358  59.775 0.6999999881
55364  43.623  -11.255  61.044 0.6000000238
52254  45.905  -13.669  58.963 0.8000000119
55378  44.424  -10.626  59.425 0.6999999881
51195  44.492  -14.377  56.602 0.6999999881
52267  46.598  -13.461  58.046 0.8000000119
53287  46.428  -13.016  58.678 0.8000000119
52268  45.997  -13.913  57.558 0.8000000119
52275  45.563  -13.496  56.747 0.8000000119
52282  44.234  -13.406  55.585 0.6999999881
53335  43.785  -11.727  53.188 0.8000000119
50175  45.722  -16.029  49.133 0.1000000015
51339  45.589  -14.332  46.524 0.1000000015
51326  45.857  -14.723  47.295 0.1000000015
133708  44.659  -9.082  59.445 0.6000000238
55376  46.756  -10.646  58.754 0.8000000119
56446  45.920  -9.741  58.842 0.8000000119
119107  46.675  -12.342  58.669 0.8000000119
53299  47.071  -12.756  57.837 0.8000000119
53294  47.317  -11.747  58.531 0.8000000119
53298  47.529  -12.134  58.229 0.8000000119
53308  45.844  -12.725  56.485 0.8000000119
53306  47.517  -12.009  57.564 0.8000000119
53316  45.330  -12.236  55.692 0.8999999762
54380  46.337  -11.377  55.864 0.8999999762
54392  46.284  -10.845  55.272 0.8999999762
54403  45.160  -10.793  54.044 0.8999999762
117520  44.039  -11.212  52.646 0.8000000119
55483  44.403  -10.288  49.756 0.6999999881
54414  43.924  -10.970  51.958 0.6999999881
54423  43.323  -11.449  51.462 0.6999999881
55534  44.890  -10.718  47.233 0.5000000000
47977  45.565  -17.597  50.749 0.1000000015
55532  46.363  -10.738  46.594 0.6000000238
50151  48.552  -15.790  51.303 0.1000000015
50152  47.865  -15.870  50.810 0.1000000015
52391  46.441  -13.100  45.820 0.1000000015
54475  47.149  -11.661  45.638 0.4000000060
50173  47.822  -15.198  49.756 0.1000000015
51338  46.800  -13.635  46.371 0.1000000015
51325  46.590  -14.604  47.677 0.1000000015
52346  48.907  -14.156  48.229 0.1000000015
115822  48.063  -13.719  47.007 0.1000000015
52375  47.491  -13.547  46.491 0.2000000030
53415  47.666  -12.420  45.654 0.2000000030
53400  48.118  -13.099  46.130 0.2000000030
54495  48.913  -11.649  45.559 0.2000000030
133040  49.253  -10.981  45.474 0.3000000119
55529  49.124  -10.245  45.824 0.3000000119
56615  50.499  -9.777  45.648 0.5000000000
54344  47.738  -11.119  58.486 0.8000000119
54353  48.103  -11.459  57.952 0.8000000119
54343  48.062  -11.065  58.325 0.8000000119
55405  48.471  -10.296  57.237 0.8999999762
56520  47.573  -9.539  51.848 0.8000000119
125305  46.611  -9.599  51.013 0.8000000119
56540  46.643  -9.706  49.652 0.8000000119
55418  47.133  -10.551  55.512 0.8999999762
123591  42.687  -11.701  50.099 0.6000000238
126811  47.638  -10.479  46.366 0.5000000000
55530  48.287  -10.389  46.119 0.5000000000
131597  46.068  -8.011  59.131 0.6000000238
56459  48.224  -9.487  58.481 0.6999999881
119663  48.374  -9.916  58.231 0.8000000119
56501  48.123  -9.349  53.857 0.8999999762
55427  47.514  -10.100  54.952 0.8999999762
124924  48.306  -8.390  55.355 0.8999999762
123112  48.258  -8.659  54.282 0.8999999762
56509  48.131  -9.379  52.934 0.8000000119
56469  48.559  -9.647  57.746 0.8999999762
55438  46.953  -9.904  54.157 0.8999999762
55440  45.975  -10.050  53.620 0.8999999762
117999  48.147  -9.387  50.082 0.6999999881
57590  48.751  -8.901  49.823 0.6999999881
133573  48.924  -8.815  49.128 0.6999999881
56572  48.461  -9.546  47.562 0.6999999881
56593  49.474  -9.524  46.437 0.6000000238
57629  50.536  -8.463  47.456 0.6999999881
57480  48.163  -8.755  58.719 0.6000000238
58673  48.564  -7.185  58.689 0.6999999881
57504  48.644  -8.743  58.007 0.8000000119
58702  48.785  -7.447  57.204 0.8999999762
135223  48.452  -7.998  56.353 0.8999999762
56477  48.532  -9.648  56.807 0.8999999762
58721  48.248  -7.531  54.767 0.8999999762
123111  48.424  -8.220  52.623 0.8999999762
58743  48.553  -8.551  51.928 0.8000000119
57563  48.461  -9.093  51.516 0.8000000119
120268  47.975  -9.516  51.370 0.8000000119
119950  49.221  -6.333  52.963 0.8999999762
59817  48.995  -6.808  51.910 0.8999999762
58783  49.655  -7.785  49.781 0.6999999881
57589  49.295  -8.428  49.501 0.6999999881
58701  49.061  -6.919  57.695 0.6999999881
59790  49.430  -5.872  55.135 0.8999999762
59801  48.653  -6.628  53.518 0.8999999762
60868  50.284  -5.628  53.352 0.8999999762
59836  49.878  -6.377  51.599 0.8999999762
131452  50.560  -5.831  52.068 0.8999999762
59880  50.892  -6.892  49.770 0.8000000119
58802  50.817  -7.634  48.751 0.6999999881
57609  50.761  -7.969  48.168 0.6999999881
55574  57.295  -11.115  44.735 0.4000000060
60839  51.098  -4.431  55.461 0.8000000119
61846  51.756  -3.804  55.113 0.6999999881
60882  52.155  -4.866  53.131 1.0000000000
129124  52.342  -5.191  52.419 1.0000000000
59879  51.794  -6.528  49.912 0.8999999762
60919  56.346  -5.221  49.184 1.0000000000
58798  55.922  -8.113  50.492 0.8999999762
59911  57.814  -4.953  46.838 0.8999999762
58797  56.957  -8.571  50.185 0.8999999762
57624  56.619  -9.480  49.205 0.6999999881
61835  51.236  -3.391  55.770 0.6999999881
62815  51.949  -2.799  54.447 0.6000000238
61845  51.659  -2.960  55.084 0.6000000238
61879  52.792  -4.117  53.511 0.8000000119
60946  57.092  -4.307  46.681 0.8999999762
59877  54.185  -6.474  50.404 1.0000000000
58799  53.882  -7.237  48.739 0.8999999762
61858  52.616  -3.420  53.363 0.6000000238
62826  52.179  -2.866  53.755 0.6000000238
61877  53.369  -3.855  52.486 0.8999999762
61895  53.389  -4.265  52.543 0.8999999762
61953  55.308  -4.126  47.973 0.8000000119
61924  55.441  -4.393  49.748 0.8999999762
61912  54.117  -4.101  51.430 0.6999999881
60898  55.509  -5.930  50.997 1.0000000000
62857  52.545  -3.273  52.273 0.5000000000
62856  53.173  -3.515  52.110 0.6999999881
62841  52.354  -3.035  53.000 0.5000000000
58887  53.818  -7.820  43.685 0.2000000030
58897  56.358  -7.796  42.937 0.6999999881
57754  58.196  -8.115  41.627 0.6000000238
58894  60.109  -7.216  43.280 0.6999999881
57729  53.826  -8.531  42.139 0.3000000119
132694  54.393  -8.627  41.266 0.4000000060
58924  61.491  -7.089  40.278 0.5000000000
59991  61.562  -6.744  39.827 0.5000000000
123104  29.049  -29.828  71.617 0.2000000030
35959  28.416  -29.711  72.024 0.2000000030
34152  28.380  -30.931  71.565 0.2000000030
34177  27.615  -31.322  70.170 0.4000000060
128889  43.217  -11.241  49.889 0.5000000000
51314  46.084  -15.113  48.040 0.1000000015
53421  41.205  -12.789  45.049 0.5000000000
115159  34.648  -29.389  68.483 0.5000000000
35994  33.884  -29.980  68.221 0.4000000060
36854  34.225  -27.788  68.377 0.2000000030
35035  28.726  -30.445  71.656 0.2000000030
35993  35.421  -29.875  68.605 0.5000000000
36008  33.814  -28.838  68.168 0.4000000060
138553  31.041  -28.523  68.156 0.2000000030
138311  34.646  -28.441  68.562 0.3000000119
37745  32.411  -27.968  67.727 0.2000000030
37746  31.526  -27.659  67.881 0.2000000030
36853  35.307  -28.618  68.761 0.4000000060
134963  36.606  -28.263  68.459 0.3000000119
37726  35.855  -27.853  68.590 0.3000000119
119217  35.295  -27.752  68.684 0.2000000030
35026  27.494  -30.490  72.498 0.1000000015
34153  27.758  -31.027  72.097 0.2000000030
37732  30.244  -27.580  69.254 0.2000000030
36856  30.745  -27.922  68.401 0.1000000015
37730  32.734  -27.041  67.852 0.2000000030
37731  30.817  -27.078  68.352 0.2000000030
39515  30.438  -25.815  68.102 0.1000000015
37729  33.786  -27.019  68.155 0.2000000030
39514  31.909  -25.820  67.707 0.2000000030
121416  31.138  -25.666  67.863 0.1000000015
37744  35.625  -27.295  68.265 0.3000000119
37727  35.079  -26.995  68.443 0.3000000119
38572  34.458  -26.513  68.128 0.2000000030
38574  32.722  -26.208  67.790 0.2000000030
39522  31.623  -25.407  67.577 0.2000000030
38586  34.508  -26.261  67.950 0.2000000030
39512  33.194  -25.547  67.587 0.2000000030
39513  32.791  -25.735  67.650 0.2000000030
28002  15.346  -38.321  74.027 0.1000000015
117009  15.041  -37.748  74.005 0.1000000015
28001  15.700  -39.034  73.480 0.1000000015
131565  15.886  -38.219  72.363 0.1000000015
27998  15.333  -37.817  74.293 0.1000000015
27036  16.248  -38.978  72.206 0.1000000015
36811  28.330  -28.882  71.801 0.1000000015
35025  27.859  -29.972  72.412 0.1000000015
37704  29.725  -27.701  70.156 0.1000000015
37705  29.226  -27.839  70.830 0.1000000015
37714  29.825  -26.965  69.572 0.1000000015
37715  29.302  -27.280  70.045 0.1000000015
38567  29.436  -26.759  69.475 0.1000000015
38577  29.215  -26.325  69.022 0.1000000015
120011  30.170  -25.519  67.696 0.1000000015
39516  29.588  -25.928  68.162 0.1000000015
125755  32.401  -25.322  67.484 0.2000000030
39523  30.919  -25.330  67.609 0.1000000015
38587  33.906  -25.906  67.834 0.2000000030
40608  31.686  -25.028  67.315 0.2000000030
40609  30.942  -24.858  67.054 0.1000000015
39524  29.521  -25.392  67.185 0.1000000015
38601  34.653  -25.979  67.439 0.2000000030
39520  34.002  -25.601  67.502 0.2000000030
39535  33.504  -24.897  66.829 0.2000000030
131713  32.915  -25.123  67.405 0.2000000030
40607  32.384  -24.841  67.159 0.2000000030
40625  30.116  -24.795  66.590 0.1000000015
40622  32.424  -24.487  66.601 0.1000000015
40623  31.627  -24.523  66.695 0.1000000015
28007  15.359  -37.829  73.190 0.1000000015
28933  14.719  -36.285  74.800 0.1000000015
28932  15.124  -36.976  74.670 0.1000000015
29953  14.874  -36.127  75.042 0.1000000015
35027  26.682  -30.438  72.768 0.1000000015
35946  27.330  -29.882  72.552 0.1000000015
36812  27.859  -28.712  71.813 0.1000000015
35960  27.767  -29.346  72.210 0.1000000015
36825  26.874  -28.516  71.206 0.1000000015
37708  27.669  -28.322  71.334 0.1000000015
36813  27.230  -28.909  72.013 0.1000000015
37707  28.190  -27.805  70.850 0.1000000015
38568  28.813  -26.885  69.670 0.1000000015
37717  28.122  -27.374  70.036 0.1000000015
38582  39.004  -27.271  67.126 0.3000000119
37741  38.431  -27.863  67.570 0.3000000119
38588  28.804  -26.194  68.306 0.1000000015
119416  28.049  -26.980  69.287 0.1000000015
38583  38.305  -27.427  67.213 0.2000000030
39525  28.696  -25.903  67.529 0.1000000015
37758  36.777  -27.434  67.429 0.3000000119
40626  29.158  -25.009  66.229 0.1000000015
39536  28.538  -25.523  66.651 0.1000000015
38599  36.409  -26.948  66.871 0.3000000119
38600  35.438  -26.501  67.151 0.3000000119
40624  30.841  -24.503  66.486 0.1000000015
40621  33.654  -24.815  66.263 0.1000000015
40638  31.058  -24.147  65.985 0.1000000015
115868  30.406  -24.364  66.011 0.1000000015
35939  17.753  -28.367  74.224 0.3000000119
28935  14.791  -36.907  74.302 0.1000000015
28938  14.895  -36.862  73.289 0.1000000015
28945  15.301  -36.735  72.230 0.1000000015
35954  17.006  -28.994  73.325 0.3000000119
114619  16.419  -37.055  70.375 0.1000000015
31055  15.340  -35.187  74.644 0.1000000015
35968  16.480  -29.632  72.120 0.3000000119
126472  15.140  -33.662  73.774 0.1000000015
35042  15.561  -30.399  71.474 0.3000000119
34158  15.361  -31.338  71.065 0.2000000030
32061  15.322  -33.460  72.730 0.1000000015
35961  26.719  -29.542  72.541 0.1000000015
36814  26.391  -28.940  71.925 0.1000000015
116075  26.417  -28.386  70.264 0.1000000015
114643  27.375  -27.481  69.343 0.1000000015
37718  27.334  -27.922  70.398 0.1000000015
37733  27.478  -27.031  68.393 0.1000000015
121928  38.599  -26.873  66.750 0.2000000030
38578  28.409  -26.547  68.812 0.1000000015
38598  37.576  -27.167  66.866 0.4000000060
38589  28.051  -26.400  67.878 0.1000000015
38613  35.872  -26.366  66.165 0.3000000119
40640  28.786  -24.634  65.406 0.1000000015
117302  33.050  -24.563  66.505 0.1000000015
41770  31.989  -23.937  65.241 0.1000000015
41771  31.221  -23.817  65.320 0.1000000015
41785  30.641  -23.580  64.600 0.1000000015
40639  29.657  -24.463  65.736 0.1000000015
39549  28.316  -25.195  65.830 0.1000000015
40636  32.526  -24.256  65.894 0.1000000015
41786  29.750  -23.702  64.416 0.1000000015
40654  29.255  -24.083  64.968 0.1000000015
29965  14.333  -35.902  73.227 0.1000000015
29955  13.828  -34.812  75.114 0.1000000015
31052  14.497  -35.110  75.064 0.1000000015
29964  14.827  -36.082  72.053 0.1000000015
32055  14.925  -34.306  74.612 0.1000000015
32062  14.869  -32.981  73.436 0.1000000015
35947  25.949  -30.064  72.857 0.2000000030
33108  15.042  -32.668  72.308 0.1000000015
33109  14.591  -32.142  73.057 0.1000000015
35955  16.097  -28.750  73.297 0.3000000119
35969  15.807  -29.673  72.194 0.2000000030
35032  15.124  -29.979  72.451 0.2000000030
35962  25.994  -29.406  72.466 0.1000000015
120100  25.325  -29.692  72.760 0.1000000015
35940  16.885  -28.214  73.915 0.3000000119
36800  16.309  -27.797  73.759 0.3000000119
36826  25.537  -29.130  71.821 0.1000000015
35975  24.845  -29.283  70.970 0.1000000015
36799  17.224  -27.735  74.159 0.3000000119
37691  16.766  -27.490  73.593 0.3000000119
122719  25.974  -28.813  70.878 0.1000000015
136093  25.403  -29.044  70.893 0.1000000015
38611  38.065  -26.496  66.143 0.2000000030
136135  25.867  -28.656  70.140 0.1000000015
36827  25.244  -28.934  70.009 0.1000000015
38610  38.882  -26.143  66.334 0.2000000030
39545  37.525  -25.991  65.439 0.2000000030
36837  25.864  -28.478  69.556 0.1000000015
115158  25.242  -28.671  68.954 0.1000000015
38597  39.271  -26.512  66.731 0.2000000030
36836  26.575  -28.002  69.461 0.1000000015
36857  25.884  -28.188  68.742 0.1000000015
38612  36.999  -26.609  66.051 0.2000000030
37734  26.624  -27.667  68.565 0.1000000015
39546  36.465  -25.993  65.349 0.2000000030
39526  27.777  -26.094  66.888 0.1000000015
39534  34.162  -25.329  66.836 0.2000000030
40641  27.997  -24.867  65.077 0.1000000015
41784  31.439  -23.625  64.597 0.1000000015
131252  28.874  -23.900  64.167 0.1000000015
40655  28.430  -24.324  64.647 0.1000000015
41798  29.336  -23.519  63.541 0.1000000015
29958  13.722  -35.252  74.721 0.1000000015
29957  14.225  -35.889  74.492 0.1000000015
131081  13.640  -35.332  73.723 0.1000000015
29954  14.303  -35.603  74.961 0.1000000015
31062  13.115  -34.884  73.937 0.1000000015
32050  14.194  -34.206  75.046 0.1000000015
28951  15.379  -36.213  71.174 0.1000000015
28962  11.831  -36.864  68.894 0.1000000015
33101  13.592  -32.381  74.349 0.1000000015
124966  15.365  -35.735  70.111 0.1000000015
135759  15.889  -36.416  70.507 0.1000000015
28967  11.795  -36.648  68.130 0.1000000015
126446  14.104  -30.730  73.529 0.1000000015
131069  16.181  -36.252  69.575 0.1000000015
30008  12.812  -35.489  67.397 0.1000000015
35957  14.583  -29.406  73.439 0.2000000030
36798  17.963  -27.754  74.332 0.3000000119
35956  15.281  -29.086  73.202 0.2000000030
35941  14.656  -28.412  73.640 0.2000000030
35963  24.685  -29.455  72.179 0.1000000015
37700  17.712  -27.536  73.072 0.3000000119
37692  15.913  -27.393  73.269 0.2000000030
36801  14.916  -27.722  73.490 0.2000000030
36807  18.418  -27.764  73.121 0.3000000119
37696  17.006  -27.346  73.043 0.3000000119
118834  16.600  -27.322  72.132 0.2000000030
35983  24.169  -29.325  69.907 0.1000000015
36817  18.084  -27.788  71.803 0.3000000119
36832  17.507  -27.784  70.539 0.2000000030
37720  16.555  -27.521  70.007 0.2000000030
40632  39.602  -24.800  66.467 0.3000000119
39543  39.039  -25.365  65.966 0.3000000119
41768  39.406  -23.914  66.422 0.3000000119
35998  24.629  -29.020  69.152 0.1000000015
39532  39.489  -25.745  66.542 0.3000000119
36876  25.247  -28.392  68.173 0.1000000015
39547  35.386  -25.716  65.513 0.3000000119
126179  26.548  -27.335  67.690 0.1000000015
39533  34.928  -25.863  66.468 0.2000000030
38590  27.203  -26.726  67.361 0.1000000015
37747  25.766  -27.630  67.213 0.1000000015
137481  25.298  -28.097  67.565 0.1000000015
38614  27.176  -26.072  65.997 0.1000000015
38602  27.030  -26.502  66.623 0.1000000015
136907  26.589  -26.548  66.181 0.1000000015
38603  26.368  -27.005  66.772 0.1000000015
37759  25.497  -27.419  66.438 0.1000000015
40656  27.685  -24.592  64.298 0.1000000015
39561  27.276  -25.186  64.748 0.1000000015
39550  27.574  -25.449  65.500 0.1000000015
41799  28.481  -23.749  63.482 0.1000000015
136718  27.979  -23.944  63.435 0.1000000015
39551  26.861  -25.772  65.182 0.1000000015
38615  26.418  -26.334  65.565 0.1000000015
40669  27.412  -24.331  63.363 0.1000000015
39570  26.355  -25.368  63.718 0.1000000015
39562  26.589  -25.544  64.434 0.1000000015
38621  26.172  -26.122  64.840 0.1000000015
132146  26.699  -24.895  63.348 0.1000000015
32052  12.665  -33.801  74.822 0.1000000015
31056  13.345  -34.778  74.753 0.1000000015
32051  13.599  -33.940  75.073 0.1000000015
28956  11.715  -36.817  69.744 0.1000000015
131358  20.207  -29.444  74.743 0.3000000119
33096  13.171  -33.135  74.733 0.1000000015
33095  13.921  -33.347  74.770 0.1000000015
28961  12.371  -36.171  68.539 0.1000000015
28955  12.392  -36.189  69.288 0.1000000015
34136  13.999  -31.581  73.775 0.1000000015
125809  12.993  -35.608  68.174 0.1000000015
30001  13.065  -35.684  68.951 0.1000000015
36797  19.506  -28.624  74.496 0.3000000119
35942  13.571  -28.519  73.912 0.1000000015
36806  19.133  -28.073  73.145 0.3000000119
115898  18.720  -27.915  74.226 0.3000000119
37694  14.508  -27.414  73.301 0.2000000030
35964  23.799  -29.588  72.442 0.2000000030
119123  15.864  -27.149  71.696 0.2000000030
37693  15.098  -27.298  73.220 0.2000000030
35976  23.964  -29.493  71.168 0.2000000030
118610  23.029  -29.481  71.416 0.2000000030
36816  18.905  -28.173  71.831 0.3000000119
121757  16.150  -27.498  69.038 0.2000000030
118228  23.286  -29.441  70.283 0.1000000015
36830  19.414  -28.480  70.747 0.2000000030
116642  19.167  -28.441  69.923 0.1000000015
36831  18.535  -28.208  70.526 0.1000000015
36843  18.055  -28.027  69.682 0.2000000030
37719  17.321  -27.743  69.039 0.2000000030
37736  16.545  -27.543  68.167 0.1000000015
39559  37.105  -25.485  64.689 0.2000000030
35984  23.305  -29.344  69.345 0.1000000015
36842  18.685  -28.266  69.467 0.1000000015
36864  18.193  -28.042  68.986 0.1000000015
131345  39.602  -23.120  67.086 0.3000000119
41755  39.694  -23.836  66.743 0.3000000119
41769  39.057  -23.365  65.978 0.3000000119
39560  35.977  -25.449  64.681 0.3000000119
35999  23.899  -29.171  68.743 0.1000000015
116215  20.178  -28.620  69.006 0.1000000015
118319  19.387  -28.444  69.171 0.1000000015
36863  18.802  -28.211  68.630 0.1000000015
36884  18.112  -27.917  68.254 0.1000000015
42805  39.231  -22.418  67.266 0.2000000030
41756  39.159  -23.004  66.850 0.3000000119
40633  39.066  -24.436  65.615 0.3000000119
132599  35.050  -25.220  64.944 0.3000000119
36858  24.603  -28.799  68.399 0.1000000015
115149  38.783  -22.533  66.374 0.3000000119
39548  34.422  -25.196  65.731 0.2000000030
40634  33.791  -24.657  65.472 0.2000000030
37748  25.014  -27.952  66.958 0.1000000015
40635  33.176  -24.440  65.700 0.1000000015
37770  25.243  -27.204  65.649 0.1000000015
38616  25.115  -26.954  64.979 0.1000000015
119188  25.728  -26.654  65.253 0.1000000015
38622  25.460  -26.478  64.540 0.1000000015
118865  30.945  -23.419  64.023 0.1000000015
39563  25.915  -25.905  64.112 0.1000000015
38631  25.206  -26.282  63.775 0.1000000015
41800  28.013  -23.772  62.938 0.1000000015
40678  27.404  -24.015  62.327 0.1000000015
40679  26.589  -24.695  62.568 0.1000000015
39578  25.650  -25.379  62.482 0.1000000015
39571  25.726  -25.694  63.354 0.1000000015
39577  26.210  -25.210  63.088 0.1000000015
40686  26.017  -24.863  61.698 0.1000000015
32053  11.667  -33.346  74.509 0.1000000015
31063  12.491  -34.706  73.469 0.1000000015
131676  13.747  -35.286  72.519 0.1000000015
33097  12.255  -32.755  74.564 0.1000000015
29984  12.041  -35.832  71.112 0.1000000015
28952  12.268  -36.009  70.178 0.1000000015
35933  20.124  -29.088  74.759 0.3000000119
34126  12.756  -31.996  74.371 0.1000000015
29983  12.838  -35.478  70.730 0.1000000015
29992  13.778  -35.365  69.490 0.1000000015
36805  19.804  -28.424  73.861 0.3000000119
34137  12.285  -30.605  74.239 0.1000000015
129133  13.239  -31.412  74.201 0.1000000015
121598  14.145  -35.364  70.918 0.1000000015
35021  12.552  -29.206  74.147 0.1000000015
29998  15.469  -35.314  68.542 0.1000000015
36803  13.173  -27.791  73.699 0.1000000015
116962  19.825  -28.528  72.015 0.3000000119
37701  15.074  -27.013  71.685 0.2000000030
37711  14.637  -27.300  71.132 0.2000000030
39544  38.393  -25.769  65.657 0.2000000030
35965  22.344  -29.341  72.151 0.3000000119
37710  15.307  -27.209  70.810 0.2000000030
117364  15.650  -27.404  69.892 0.2000000030
138518  22.230  -29.301  71.133 0.1000000015
36841  19.832  -28.621  69.846 0.1000000015
40647  38.485  -24.393  64.725 0.3000000119
35977  22.530  -29.362  70.392 0.1000000015
37750  17.378  -27.662  67.868 0.1000000015
118127  34.803  -24.613  63.843 0.3000000119
35985  22.613  -29.243  69.039 0.1000000015
118547  20.571  -28.547  68.188 0.1000000015
36862  19.635  -28.360  68.234 0.1000000015
43803  40.171  -21.857  67.382 0.3000000119
43793  39.033  -21.279  67.745 0.3000000119
42792  38.908  -21.804  67.410 0.3000000119
42806  38.596  -21.898  66.951 0.2000000030
42818  38.696  -22.636  65.409 0.3000000119
43814  38.394  -21.818  66.051 0.2000000030
40651  34.381  -24.725  64.718 0.2000000030
36861  21.013  -28.801  68.917 0.1000000015
36883  18.861  -28.039  67.808 0.1000000015
43792  39.824  -21.227  67.655 0.3000000119
43794  38.517  -21.256  67.273 0.3000000119
137781  38.274  -21.197  66.958 0.3000000119
43804  38.099  -21.019  66.455 0.2000000030
40652  33.481  -24.343  64.861 0.1000000015
36859  23.360  -29.000  68.012 0.1000000015
36881  20.898  -28.470  67.508 0.1000000015
44761  37.785  -20.239  66.414 0.1000000015
43815  37.976  -21.090  65.448 0.1000000015
41782  33.001  -24.024  64.186 0.1000000015
36877  24.610  -28.482  67.580 0.1000000015
115713  24.038  -28.866  67.979 0.1000000015
45737  37.729  -19.520  66.833 0.1000000015
45746  37.554  -19.689  65.833 0.1000000015
40653  32.715  -24.117  65.078 0.1000000015
39572  25.025  -26.046  62.955 0.1000000015
34127  11.766  -31.580  74.299 0.1000000015
36796  20.267  -28.909  74.590 0.3000000119
35944  11.892  -28.589  73.898 0.1000000015
29991  14.765  -35.302  69.202 0.1000000015
35951  20.894  -28.867  73.943 0.3000000119
36804  12.394  -28.010  73.633 0.1000000015
36820  13.266  -27.706  72.251 0.1000000015
35952  20.715  -28.789  72.644 0.3000000119
36819  13.987  -27.457  71.642 0.2000000030
36833  14.169  -27.769  70.557 0.1000000015
36845  14.293  -28.055  69.495 0.2000000030
36829  20.222  -28.747  70.662 0.2000000030
37722  14.834  -27.552  69.982 0.2000000030
36844  14.741  -27.790  69.068 0.2000000030
36865  14.944  -27.774  68.336 0.2000000030
35966  21.478  -29.104  71.555 0.3000000119
36840  20.607  -28.828  69.742 0.1000000015
37721  15.284  -27.567  69.069 0.2000000030
37737  15.658  -27.556  68.256 0.2000000030
39557  38.530  -25.078  65.160 0.2000000030
35978  21.779  -29.218  70.439 0.3000000119
36838  21.849  -29.041  68.895 0.1000000015
44752  38.557  -20.587  67.620 0.3000000119
36000  23.147  -29.217  68.642 0.1000000015
36882  20.188  -28.305  67.483 0.1000000015
45736  38.161  -19.790  67.595 0.3000000119
46734  37.763  -18.571  66.788 0.1000000015
36878  23.720  -28.657  67.249 0.1000000015
36860  21.491  -28.731  68.041 0.1000000015
46733  38.071  -18.765  67.635 0.1000000015
46749  37.537  -18.963  65.954 0.1000000015
41797  31.602  -23.512  63.782 0.1000000015
36893  24.346  -28.284  66.856 0.1000000015
37760  24.598  -27.786  66.149 0.1000000015
34138  11.133  -30.474  74.087 0.1000000015
35022  11.481  -29.451  74.041 0.1000000015
35958  11.865  -28.526  73.394 0.1000000015
40649  36.601  -24.866  63.907 0.2000000030
40650  35.376  -24.958  64.198 0.3000000119
36866  14.421  -28.214  68.566 0.2000000030
39558  37.929  -25.430  65.014 0.2000000030
36885  15.258  -27.787  67.561 0.1000000015
36828  21.011  -29.002  70.526 0.2000000030
37752  15.997  -27.555  67.500 0.1000000015
36839  21.388  -29.045  69.668 0.1000000015
43826  38.282  -21.890  64.978 0.2000000030
45725  39.391  -19.708  67.803 0.3000000119
128089  38.619  -19.228  68.010 0.3000000119
44768  37.700  -20.379  65.678 0.1000000015
119537  22.486  -29.007  68.197 0.1000000015
133886  22.111  -28.741  67.504 0.1000000015
47736  39.047  -17.535  68.159 0.1000000015
47737  38.422  -17.870  67.820 0.1000000015
36880  21.509  -28.523  67.144 0.1000000015
47735  39.680  -16.958  68.107 0.2000000030
48843  39.317  -16.573  68.059 0.2000000030
47747  38.732  -17.064  67.805 0.1000000015
47748  38.242  -17.521  67.202 0.1000000015
47762  38.141  -17.514  66.132 0.1000000015
47749  37.930  -17.961  66.706 0.1000000015
48859  39.032  -16.235  67.574 0.1000000015
48876  38.892  -16.207  66.443 0.1000000015
48877  38.535  -16.863  65.956 0.1000000015
47782  37.909  -18.084  65.127 0.1000000015
46759  37.576  -18.637  65.076 0.1000000015
127051  43.467  -15.192  65.235 0.5000000000
48893  39.857  -16.167  64.491 0.1000000015
48894  39.052  -16.648  65.140 0.1000000015
47781  38.390  -17.406  65.139 0.1000000015
124486  38.040  -17.977  64.275 0.1000000015
51065  43.487  -14.397  65.349 0.4000000060
50001  40.118  -15.343  64.870 0.1000000015
122365  39.556  -16.812  64.091 0.1000000015
40685  26.774  -24.306  61.639 0.1000000015
40667  33.964  -24.267  63.851 0.1000000015
41796  32.439  -23.701  63.517 0.1000000015
41783  32.197  -23.796  64.431 0.1000000015
37751  16.750  -27.528  67.369 0.1000000015
40657  26.984  -24.959  63.993 0.1000000015
45747  37.410  -19.224  64.999 0.1000000015
36879  22.832  -28.790  67.384 0.1000000015
126728  22.252  -28.539  66.815 0.1000000015
49990  39.414  -15.383  67.034 0.1000000015
49974  42.578  -15.452  66.433 0.3000000119
48841  40.531  -15.449  67.942 0.3000000119
49961  40.293  -14.738  67.902 0.1000000015
49976  39.894  -14.838  67.625 0.1000000015
49989  39.821  -14.925  66.048 0.1000000015
50002  39.469  -15.737  65.668 0.1000000015
36894  23.782  -28.268  66.401 0.1000000015
49973  43.218  -14.959  65.848 0.4000000060
51083  40.303  -14.475  65.247 0.1000000015
47780  38.855  -17.409  64.083 0.1000000015
51101  40.720  -14.952  64.164 0.1000000015
50016  40.547  -15.796  63.828 0.1000000015
118212  24.509  -27.398  65.206 0.1000000015
54250  42.585  -12.112  65.948 0.2000000030
133124  41.075  -13.675  63.875 0.1000000015
51100  41.150  -14.506  63.412 0.1000000015
56384  42.702  -10.144  65.104 0.3000000119
55319  42.877  -10.879  65.323 0.2000000030
54259  42.304  -11.291  65.734 0.2000000030
50015  41.000  -15.372  63.336 0.1000000015
48909  40.241  -16.573  63.501 0.1000000015
41781  38.712  -23.582  64.774 0.2000000030
42834  38.462  -22.657  64.397 0.2000000030
132167  29.973  -23.320  63.156 0.1000000015
36895  23.041  -28.521  66.611 0.1000000015
49975  41.572  -15.486  67.378 0.3000000119
49960  41.076  -14.770  67.754 0.2000000030
51051  40.304  -14.161  67.340 0.1000000015
51066  40.153  -14.149  66.393 0.1000000015
49959  42.017  -14.787  67.143 0.2000000030
137322  41.539  -14.266  67.360 0.2000000030
51035  40.882  -14.128  67.560 0.2000000030
118607  40.628  -13.420  66.663 0.1000000015
52199  40.515  -13.587  65.650 0.1000000015
51050  42.324  -14.037  66.870 0.2000000030
52169  41.516  -12.918  66.875 0.2000000030
52183  40.857  -12.748  66.029 0.1000000015
51082  40.795  -14.043  64.492 0.1000000015
48910  39.660  -17.187  63.278 0.1000000015
53208  42.743  -12.882  66.173 0.3000000119
53210  41.559  -12.434  66.512 0.2000000030
53236  41.057  -12.045  65.390 0.1000000015
52198  40.841  -13.048  64.791 0.1000000015
50030  40.905  -16.118  62.801 0.1000000015
56385  42.018  -9.800  65.208 0.2000000030
127768  41.746  -10.805  65.541 0.2000000030
54266  41.257  -11.173  65.304 0.1000000015
133017  41.065  -12.229  63.685 0.1000000015
52217  41.114  -12.993  63.778 0.1000000015
116186  41.289  -13.672  63.094 0.1000000015
132437  41.202  -15.215  62.614 0.1000000015
56405  40.702  -8.610  63.790 0.2000000030
55342  40.855  -10.692  63.109 0.1000000015
54274  40.952  -11.330  63.711 0.1000000015
124975  41.189  -12.094  62.820 0.1000000015
122150  41.281  -12.873  62.928 0.1000000015
51126  41.302  -14.202  61.581 0.1000000015
51117  41.324  -14.364  62.448 0.1000000015
56413  40.503  -9.306  62.686 0.1000000015
55343  40.716  -10.196  62.430 0.1000000015
119500  41.228  -11.770  61.234 0.1000000015
53273  41.261  -11.924  62.017 0.1000000015
119648  41.337  -12.682  62.088 0.1000000015
52230  41.360  -13.510  62.220 0.1000000015
133217  41.312  -12.417  61.442 0.1000000015
40648  37.841  -24.785  64.353 0.2000000030
44778  37.482  -20.510  64.797 0.1000000015
43842  38.147  -21.971  64.123 0.1000000015
133431  37.235  -18.847  64.287 0.1000000015
47800  38.238  -17.872  63.402 0.1000000015
132948  41.296  -14.954  61.905 0.1000000015
57469  40.022  -8.719  61.049 0.1000000015
56433  40.563  -9.716  61.068 0.1000000015
55365  40.860  -10.416  60.766 0.1000000015
54311  41.030  -11.043  60.987 0.1000000015
54330  41.165  -11.638  60.390 0.1000000015
52240  41.310  -13.205  61.272 0.1000000015
56434  39.798  -8.722  60.125 0.1000000015
56447  40.391  -9.536  59.725 0.1000000015
55379  40.824  -10.350  59.501 0.1000000015
54312  41.006  -10.814  60.194 0.1000000015
53284  41.247  -12.420  60.742 0.1000000015
52248  41.119  -13.098  60.343 0.1000000015
52249  40.843  -13.686  59.856 0.1000000015
51141  41.115  -14.008  60.688 0.1000000015
54331  41.032  -11.372  59.426 0.1000000015
53290  40.910  -12.318  59.075 0.1000000015
130391  40.945  -12.938  59.631 0.1000000015
41792  38.309  -23.275  63.893 0.1000000015
42849  38.097  -22.564  63.557 0.1000000015
46769  37.419  -18.450  64.132 0.1000000015
48923  40.330  -16.921  62.580 0.1000000015
56448  39.703  -8.983  59.312 0.1000000015
56460  40.380  -9.779  58.939 0.1000000015
55390  40.795  -10.621  58.687 0.1000000015
54345  40.826  -11.513  58.440 0.1000000015
54354  40.484  -11.513  57.513 0.1000000015
47815  39.577  -17.456  62.413 0.1000000015
47799  39.027  -17.595  63.097 0.1000000015
62735  44.947  -3.551  60.360 0.4000000060
61789  44.398  -3.508  59.949 0.4000000060
61790  43.751  -3.663  60.595 0.3000000119
61803  44.159  -4.035  59.094 0.3000000119
60781  42.507  -4.783  60.704 0.2000000030
60796  42.782  -5.434  59.803 0.2000000030
59740  40.734  -6.457  59.242 0.1000000015
59731  39.974  -6.170  59.894 0.1000000015
59732  38.964  -6.400  59.482 0.1000000015
57486  38.450  -6.994  59.281 0.1000000015
57495  38.459  -7.699  58.834 0.1000000015
116090  39.060  -8.494  58.908 0.1000000015
56461  39.658  -9.233  58.505 0.1000000015
55398  40.640  -10.798  57.954 0.1000000015
53300  40.263  -12.315  57.406 0.1000000015
115185  40.742  -16.486  61.832 0.1000000015
51127  41.094  -15.075  61.102 0.1000000015
50038  41.109  -15.691  61.892 0.1000000015
62734  45.811  -3.685  59.972 0.4000000060
62751  45.281  -3.528  59.606 0.4000000060
61788  46.670  -3.820  59.655 0.4000000060
62750  46.187  -3.498  59.295 0.3000000119
59729  42.301  -6.278  59.515 0.1000000015
59741  39.575  -6.238  58.904 0.1000000015
55391  40.286  -10.029  58.132 0.1000000015
118409  40.902  -15.981  61.222 0.1000000015
62769  47.422  -3.413  58.269 0.4000000060
125500  45.259  -3.869  58.422 0.3000000119
61815  44.001  -4.954  58.294 0.1000000015
60795  43.467  -4.986  59.240 0.1000000015
61812  49.813  -3.660  57.216 0.6000000238
61823  50.214  -3.240  56.672 0.6000000238
58676  40.624  -6.813  58.367 0.1000000015
131273  50.722  -3.506  56.386 0.6000000238
59742  38.737  -6.276  58.524 0.1000000015
59733  38.415  -6.619  58.806 0.1000000015
57494  38.723  -8.495  58.168 0.1000000015
62768  48.275  -3.443  57.981 0.3000000119
62770  46.553  -3.444  58.590 0.4000000060
58664  42.409  -7.003  58.761 0.1000000015
58677  38.077  -7.011  58.557 0.1000000015
56470  39.529  -9.454  57.665 0.1000000015
61813  45.935  -3.749  58.128 0.3000000119
61814  44.648  -4.304  58.316 0.3000000119
59739  43.044  -6.747  58.444 0.1000000015
58675  41.609  -7.172  58.627 0.1000000015
62779  49.521  -3.184  56.981 0.5000000000
56471  38.637  -8.836  57.269 0.1000000015
57506  37.904  -7.885  57.650 0.1000000015
62794  48.166  -3.219  56.940 0.4000000060
62780  48.691  -3.262  57.285 0.5000000000
62795  47.593  -3.384  57.284 0.3000000119
61827  45.219  -4.429  57.605 0.3000000119
59743  38.145  -6.591  58.166 0.1000000015
56674  61.075  -9.518  41.975 0.4000000060
56652  60.584  -9.106  42.510 0.5000000000
56654  59.839  -8.379  43.731 0.5000000000
56673  61.261  -10.427  41.908 0.2000000030
138380  60.232  -9.705  42.753 0.5000000000
55587  59.269  -9.855  43.188 0.5000000000
56655  58.720  -9.161  43.846 0.5000000000
58690  37.766  -7.053  57.806 0.1000000015
62782  46.895  -3.532  57.637 0.3000000119
60816  44.423  -5.057  57.477 0.1000000015
60807  43.470  -5.936  58.402 0.1000000015
59752  39.489  -6.363  58.031 0.1000000015
57704  60.295  -7.605  43.619 0.5000000000
56688  61.233  -8.915  41.434 0.5000000000
56653  60.251  -8.699  43.114 0.5000000000
56635  59.277  -8.146  44.289 0.5000000000
59753  38.597  -6.330  57.733 0.1000000015
62793  49.138  -3.053  56.711 0.5000000000
61825  47.310  -3.665  56.828 0.3000000119
58687  41.560  -7.759  57.802 0.1000000015
62792  49.930  -2.841  56.404 0.6000000238
62804  50.991  -2.645  55.479 0.6000000238
126163  46.431  -4.220  56.764 0.3000000119
59751  43.371  -6.701  57.738 0.1000000015
62791  50.627  -2.875  56.112 0.6000000238
61826  45.583  -4.705  56.772 0.3000000119
61836  47.807  -3.659  56.196 0.5000000000
62806  49.453  -2.870  56.110 0.5000000000
36851  36.334  -28.693  68.679 0.4000000060
35992  35.989  -29.246  68.785 0.5000000000
31057  12.548  -34.401  74.375 0.1000000015
32057  11.886  -33.971  74.473 0.1000000015
29973  14.267  -35.507  71.810 0.1000000015
29974  13.473  -35.226  71.469 0.1000000015
35023  10.949  -29.968  73.607 0.1000000015
29980  14.794  -35.639  70.995 0.1000000015
32058  10.982  -33.799  74.250 0.1000000015
35945  11.387  -29.204  73.582 0.1000000015
29975  12.561  -35.270  71.713 0.1000000015
135185  13.321  -28.876  70.901 0.1000000015
36855  33.329  -27.855  67.946 0.2000000030
37728  34.609  -27.106  68.438 0.2000000030
38575  31.731  -26.612  67.885 0.2000000030
36852  35.766  -28.374  68.753 0.4000000060
118437  34.007  -26.421  68.095 0.2000000030
125195  30.256  -26.750  68.877 0.1000000015
128100  33.411  -26.464  67.925 0.2000000030
38576  30.806  -26.226  68.194 0.1000000015
38566  29.915  -26.338  68.873 0.1000000015
38585  35.167  -26.639  67.983 0.3000000119
39521  33.433  -25.316  67.437 0.2000000030
40637  31.837  -24.103  66.006 0.1000000015
136644  27.269  -29.431  72.366 0.1000000015
41772  30.276  -23.952  65.300 0.1000000015
28944  15.857  -37.142  71.527 0.1000000015
33100  14.277  -32.651  74.060 0.1000000015
32056  14.575  -33.513  74.402 0.1000000015
31061  15.614  -34.305  73.413 0.1000000015
34159  14.900  -30.841  72.009 0.2000000030
125432  27.869  -25.657  66.173 0.1000000015
31053  13.262  -34.416  74.934 0.1000000015
34149  14.517  -31.253  72.864 0.1000000015
36808  15.461  -28.157  73.610 0.2000000030
37690  17.486  -27.514  73.908 0.3000000119
31069  13.038  -34.900  72.693 0.1000000015
35020  13.878  -29.804  73.855 0.1000000015
119133  13.373  -30.546  74.076 0.1000000015
29990  15.621  -35.652  69.228 0.1000000015
35033  14.564  -30.378  72.990 0.1000000015
134713  18.015  -27.565  74.020 0.3000000119
36802  14.090  -27.794  73.592 0.1000000015
126009  15.573  -27.651  73.480 0.2000000030
37697  16.225  -27.198  72.831 0.2000000030
37698  15.276  -27.034  72.609 0.2000000030
37699  14.513  -27.141  72.907 0.2000000030
36818  17.271  -27.537  71.934 0.2000000030
37709  16.654  -27.432  71.112 0.2000000030
136037  16.012  -27.298  70.659 0.2000000030
28015  11.119  -37.600  70.423 0.1000000015
30000  13.820  -35.283  68.631 0.1000000015
37703  13.851  -27.327  72.586 0.2000000030
37702  14.544  -27.113  72.115 0.2000000030
42791  39.511  -21.929  67.622 0.3000000119
31064  11.729  -34.665  73.487 0.1000000015
28953  11.565  -36.656  70.707 0.1000000015
29982  13.605  -35.363  70.386 0.1000000015
29993  12.998  -35.580  69.798 0.1000000015
29981  14.436  -35.360  70.158 0.1000000015
35943  12.554  -28.229  74.012 0.1000000015
36809  13.080  -27.602  73.135 0.1000000015
129326  38.725  -19.999  67.949 0.3000000119
36821  12.486  -28.007  72.878 0.1000000015
36834  13.566  -28.101  71.184 0.1000000015
35970  12.879  -28.407  71.826 0.1000000015
36815  20.644  -28.859  71.411 0.3000000119
35971  12.140  -28.793  72.457 0.1000000015
46719  39.337  -18.640  67.882 0.3000000119
49962  39.736  -15.587  67.913 0.1000000015
48860  38.509  -16.830  66.919 0.1000000015
49988  43.244  -15.687  65.511 0.4000000060
52182  43.261  -13.526  65.756 0.3000000119
51049  43.091  -14.205  66.151 0.3000000119
127172  42.715  -14.703  66.498 0.3000000119
54258  43.077  -11.663  65.438 0.2000000030
53209  42.078  -12.481  66.545 0.2000000030
54251  41.913  -11.937  66.225 0.2000000030
56392  42.462  -9.367  64.875 0.3000000119
55320  42.222  -10.489  65.420 0.2000000030
51034  41.515  -13.622  67.160 0.2000000030
52167  42.788  -13.568  66.370 0.2000000030
52170  41.107  -12.789  66.666 0.2000000030
118629  41.337  -12.180  66.207 0.1000000015
54260  41.573  -11.491  65.858 0.2000000030
53248  40.982  -11.652  64.596 0.1000000015
133467  41.765  -10.235  65.316 0.2000000030
56404  41.013  -9.254  64.595 0.2000000030
55327  41.335  -10.450  65.197 0.2000000030
132640  40.998  -10.917  64.745 0.1000000015
55335  40.724  -9.701  63.566 0.2000000030
55334  40.937  -10.256  64.394 0.1000000015
54283  41.058  -11.451  62.690 0.1000000015
131294  40.568  -9.782  61.869 0.1000000015
55353  40.809  -10.397  61.488 0.1000000015
54294  41.015  -11.089  61.967 0.1000000015
62736  44.302  -3.595  60.701 0.4000000060
61802  44.887  -3.691  59.066 0.3000000119
61791  43.207  -4.332  60.245 0.2000000030
120907  43.755  -3.879  59.832 0.2000000030
132335  42.141  -5.638  60.200 0.2000000030
59730  41.312  -6.040  60.019 0.2000000030
62749  47.083  -3.507  59.044 0.4000000060
61799  49.145  -3.667  57.710 0.5000000000
124109  46.010  -4.126  57.395 0.3000000119
31058  11.412  -34.289  73.994 0.1000000015
35981  12.769  -29.483  71.246 0.1000000015
35062  36.099  -30.568  68.541 0.5000000000
35063  35.464  -31.108  68.443 0.4000000060
35064  34.597  -30.839  68.391 0.4000000060
35060  37.474  -30.845  68.017 0.6000000238
35074  37.387  -31.815  67.592 0.6000000238
35061  36.727  -31.499  68.107 0.6999999881
126520  34.998  -32.261  68.298 0.6000000238
34223  38.229  -31.877  66.829 0.8000000119
138392  36.194  -32.368  67.771 0.6000000238
34185  35.459  -32.718  67.910 0.6999999881
35103  38.333  -31.628  66.425 0.6999999881
34224  37.830  -32.124  66.752 0.6999999881
34225  37.127  -32.402  66.909 0.6999999881
35086  36.329  -32.297  66.726 0.6999999881
130299  35.980  -32.753  67.300 0.6999999881
127254  37.669  -31.305  66.034 0.6999999881
34243  37.645  -31.938  66.564 0.6999999881
34186  34.061  -32.179  68.333 0.6000000238
35995  33.403  -31.078  68.246 0.5000000000
135141  34.386  -32.954  68.219 0.6000000238
35102  39.275  -31.349  65.998 0.6999999881
33148  34.965  -33.086  67.732 0.8000000119
36025  38.510  -30.871  65.684 0.6999999881
35104  36.840  -31.592  66.298 0.6999999881
35105  35.822  -31.404  66.224 0.6000000238
40832  28.399  -24.550  50.758 0.2000000030
41958  28.855  -24.001  51.201 0.3000000119
132398  27.805  -25.052  49.649 0.3000000119
121469  28.357  -24.498  49.747 0.3000000119
41972  28.688  -23.843  50.334 0.3000000119
40801  30.047  -24.116  53.107 0.3000000119
40814  29.122  -24.222  51.995 0.3000000119
41946  29.702  -23.779  52.370 0.3000000119
41971  29.074  -23.230  50.794 0.3000000119
43016  29.581  -22.638  51.184 0.3000000119
41983  28.676  -23.533  49.397 0.2000000030
41982  28.845  -23.047  50.026 0.3000000119
130301  28.987  -22.467  49.236 0.2000000030
41945  30.319  -23.347  52.725 0.3000000119
41957  29.382  -23.486  51.596 0.3000000119
43015  30.212  -22.135  51.546 0.3000000119
43032  29.251  -22.424  50.306 0.3000000119
41994  28.829  -23.212  48.413 0.2000000030
115664  32.855  -21.986  54.114 0.3000000119
42989  32.349  -22.256  53.753 0.3000000119
42998  31.308  -22.146  52.670 0.3000000119
43014  30.928  -21.742  51.882 0.3000000119
43060  29.718  -22.708  47.729 0.2000000030
43031  29.839  -21.823  50.712 0.3000000119
44009  30.992  -20.780  50.511 0.3000000119
43049  29.331  -22.471  48.203 0.2000000030
44021  29.613  -21.670  48.748 0.2000000030
44020  30.134  -21.071  49.289 0.2000000030
44011  29.582  -21.673  49.759 0.2000000030
42988  32.848  -21.556  53.488 0.3000000119
43978  32.607  -21.097  52.546 0.4000000060
43979  31.704  -21.410  52.219 0.3000000119
42997  32.059  -21.812  53.040 0.3000000119
43998  31.324  -21.067  51.373 0.3000000119
44957  30.774  -20.677  49.636 0.2000000030
44969  31.310  -20.432  49.026 0.3000000119
44030  30.386  -21.194  48.500 0.2000000030
44970  30.667  -20.718  48.956 0.2000000030
43977  33.313  -21.039  53.054 0.4000000060
43997  32.125  -20.812  51.658 0.3000000119
44943  31.810  -20.548  50.785 0.3000000119
44956  31.563  -20.385  49.861 0.3000000119
121617  43.554  -12.829  64.833 0.3000000119
52216  43.582  -13.434  64.443 0.3000000119
52197  43.548  -13.508  65.076 0.3000000119
115422  43.582  -13.274  63.751 0.5000000000
53247  43.581  -12.623  64.291 0.5000000000
53235  43.511  -12.025  64.859 0.3000000119
129446  43.327  -11.316  65.008 0.3000000119
54273  43.600  -11.127  64.111 0.3000000119
117626  39.114  -14.778  44.276 0.1000000015
59738  48.896  -6.284  58.537 0.6000000238
58685  49.029  -6.878  58.169 0.6999999881
60826  50.038  -5.171  56.622 0.8000000119
59777  49.370  -5.975  56.120 0.8000000119
55556  49.970  -10.551  45.502 0.2000000030
57780  53.804  -8.484  40.657 0.2000000030
59947  52.567  -6.622  45.520 0.1000000015
57781  53.062  -8.379  40.507 0.2000000030
57758  52.486  -8.561  41.182 0.2000000030
57730  52.864  -8.584  42.091 0.2000000030
57757  53.399  -8.621  41.294 0.2000000030
58931  53.773  -8.091  39.976 0.2000000030
58949  54.285  -7.349  39.511 0.2000000030
61020  55.278  -5.739  39.093 0.3000000119
59994  58.667  -6.783  40.168 0.4000000060
60011  59.495  -5.867  39.770 0.4000000060
117439  52.468  -5.306  47.414 0.1000000015
61942  52.731  -4.398  48.708 0.5000000000
128376  52.516  -7.059  45.067 0.1000000015
58873  52.467  -7.438  44.518 0.2000000030
58889  51.932  -7.989  43.735 0.2000000030
57708  52.359  -8.378  42.916 0.2000000030
58932  52.759  -7.895  39.880 0.2000000030
58950  53.276  -7.318  39.476 0.2000000030
60013  54.803  -6.532  39.217 0.2000000030
133504  55.732  -6.526  39.395 0.2000000030
135026  56.458  -6.487  39.526 0.2000000030
60012  57.976  -6.243  39.731 0.4000000060
60010  60.807  -5.718  39.564 0.4000000060
60950  51.898  -5.827  46.843 0.1000000015
59929  52.233  -6.196  46.202 0.1000000015
58852  52.004  -7.114  45.114 0.1000000015
128984  52.739  -6.510  39.235 0.1000000015
60014  53.744  -6.332  39.077 0.2000000030
61019  56.337  -5.716  39.342 0.2000000030
128519  57.027  -6.155  39.545 0.2000000030
60020  61.199  -5.772  38.985 0.3000000119
58943  61.376  -6.651  39.368 0.4000000060
59930  51.384  -6.334  46.340 0.1000000015
59948  51.705  -6.687  45.696 0.1000000015
58951  52.385  -7.260  39.516 0.2000000030
62016  55.000  -4.083  39.522 0.2000000030
62017  54.072  -4.258  39.614 0.2000000030
128846  54.705  -4.955  39.075 0.2000000030
61021  53.804  -5.151  39.140 0.2000000030
127036  55.681  -4.833  39.183 0.2000000030
125784  56.895  -4.653  39.414 0.3000000119
61017  59.019  -5.209  39.538 0.3000000119
61015  60.990  -5.328  39.072 0.3000000119
60009  61.249  -6.050  39.402 0.4000000060
57731  51.792  -8.599  41.959 0.1000000015
57782  52.185  -8.233  40.376 0.1000000015
61022  52.924  -5.471  39.292 0.1000000015
62975  55.263  -3.251  40.240 0.2000000030
119430  56.068  -3.845  39.530 0.2000000030
62976  54.330  -3.455  40.397 0.2000000030
62956  55.403  -2.564  41.149 0.2000000030
62018  53.088  -4.354  39.859 0.1000000015
62957  54.572  -2.689  41.372 0.2000000030
124745  55.074  -2.110  41.989 0.2000000030
62958  53.634  -3.030  41.330 0.2000000030
62977  53.598  -3.697  40.456 0.2000000030
64853  55.105  -0.822  41.624 0.2000000030
63841  54.859  -1.555  42.072 0.2000000030
64864  55.353  -0.642  40.282 0.1000000015
65850  56.456  0.305  39.644 0.1000000015
66862  56.377  0.874  38.630 0.1000000015
65851  55.805  -0.291  39.416 0.1000000015
134894  55.953  -0.487  41.456 0.1000000015
65844  56.314  -0.118  40.623 0.1000000015
67888  56.603  1.723  38.122 0.1000000015
68919  56.854  2.445  37.799 0.1000000015
67894  56.318  1.905  37.173 0.1000000015
68927  56.849  2.881  37.014 0.1000000015
35087  35.497  -32.253  66.701 0.6999999881
40815  28.539  -24.609  51.615 0.2000000030
41956  29.935  -22.956  51.988 0.3000000119
42999  30.589  -22.514  52.335 0.3000000119
49128  40.054  -16.021  44.459 0.1000000015
51377  37.494  -14.560  44.675 0.2000000030
117534  43.581  -11.852  64.192 0.3000000119
130825  43.590  -11.592  63.638 0.4000000060
61955  53.109  -4.694  48.023 0.4000000060
61927  52.362  -4.141  49.428 0.6000000238
54265  43.499  -11.405  64.586 0.3000000119
34184  35.890  -31.894  68.257 0.6999999881
34205  36.875  -32.347  67.354 0.6000000238
44010  30.255  -21.156  50.186 0.2000000030
43999  30.546  -21.384  51.064 0.3000000119
54494  49.821  -11.535  45.560 0.2000000030
133673  54.465  -5.751  38.987 0.2000000030
61018  57.569  -5.445  39.511 0.3000000119
31080  18.082  -34.842  68.808 0.3000000119
29997  18.646  -35.586  68.563 0.3000000119
35048  17.234  -30.470  70.193 0.2000000030
30004  18.575  -34.938  68.044 0.3000000119
32084  17.518  -33.297  68.299 0.2000000030
29988  17.755  -35.185  69.634 0.3000000119
29987  18.399  -35.650  69.238 0.3000000119
35967  17.353  -29.778  72.079 0.2000000030
31076  17.366  -34.411  69.312 0.3000000119
32085  16.843  -32.864  68.843 0.2000000030
33132  16.362  -32.492  69.390 0.2000000030
33145  16.810  -32.040  68.882 0.2000000030
33133  16.378  -31.585  69.538 0.2000000030
36024  39.596  -30.767  65.589 0.6000000238
36042  38.917  -30.002  65.138 0.6000000238
33125  16.061  -32.919  69.878 0.2000000030
35979  16.883  -30.111  71.057 0.2000000030
35057  16.791  -30.825  69.673 0.2000000030
34171  16.246  -30.958  70.003 0.2000000030
34172  15.825  -31.453  70.204 0.2000000030
35073  38.236  -30.611  67.687 0.6000000238
35072  39.138  -30.626  67.155 0.6999999881
35085  38.879  -31.419  66.563 0.6999999881
36023  40.294  -30.507  65.527 0.6000000238
35101  39.942  -31.029  65.834 0.6000000238
36041  39.932  -30.057  65.077 0.6000000238
35041  16.191  -30.131  71.189 0.2000000030
35050  15.902  -30.682  70.590 0.2000000030
33126  15.871  -32.250  69.944 0.2000000030
36886  14.592  -28.303  67.633 0.1000000015
117021  26.544  -31.599  72.211 0.3000000119
36009  32.988  -29.871  67.877 0.3000000119
35991  36.794  -29.869  68.568 0.5000000000
36871  38.475  -28.481  67.813 0.5000000000
36006  38.411  -29.457  67.839 0.5000000000
36015  40.029  -30.019  66.647 0.5000000000
124588  39.198  -29.151  67.471 0.6000000238
34203  38.595  -31.439  67.118 0.6000000238
36890  41.182  -29.673  65.678 0.6000000238
36891  40.678  -29.238  66.421 0.6000000238
35084  39.687  -31.042  66.251 0.6000000238
36905  41.612  -29.106  65.080 0.6000000238
36021  41.183  -29.738  65.131 0.6000000238
36022  40.800  -30.184  65.533 0.6000000238
34141  27.056  -31.100  72.488 0.3000000119
34142  26.277  -31.221  72.737 0.2000000030
137163  26.623  -31.689  71.696 0.3000000119
125904  37.926  -28.195  67.922 0.4000000060
37743  36.507  -27.740  68.089 0.2000000030
36892  39.800  -28.587  67.042 0.6000000238
36870  39.096  -28.038  67.499 0.5000000000
37756  40.354  -27.987  66.730 0.6999999881
131649  41.794  -28.318  65.396 0.6000000238
118540  41.453  -27.566  65.944 0.6999999881
40665  35.682  -24.461  63.360 0.2000000030
41808  35.642  -23.506  62.197 0.2000000030
41822  34.987  -23.148  61.637 0.1000000015
42832  43.500  -22.472  64.595 0.5000000000
41821  35.810  -22.863  61.752 0.1000000015
37742  37.569  -27.753  67.649 0.3000000119
38595  40.097  -26.848  66.848 0.5000000000
43824  43.982  -21.835  64.331 0.6000000238
43825  42.974  -21.605  64.584 0.5000000000
124866  43.974  -20.965  64.253 0.5000000000
138532  44.282  -20.447  64.044 0.4000000060
44776  43.795  -20.028  64.145 0.4000000060
45743  42.343  -18.961  64.557 0.4000000060
122677  43.378  -19.125  64.165 0.4000000060
46746  42.435  -17.929  64.870 0.4000000060
48874  43.289  -16.417  65.057 0.4000000060
121857  43.558  -15.069  64.768 0.3000000119
48875  42.752  -16.240  65.798 0.3000000119
114944  43.752  -9.779  62.344 0.4000000060
56422  43.887  -8.996  61.851 0.5000000000
116526  58.380  -10.909  43.343 0.2000000030
56697  61.420  -8.597  40.260 0.3000000119
57446  43.811  -7.917  62.214 0.5000000000
120832  44.085  -9.059  60.654 0.5000000000
114826  44.190  -7.574  61.074 0.5000000000
57484  45.029  -8.097  59.418 0.5000000000
58630  43.959  -6.777  61.862 0.4000000060
58663  44.702  -7.412  60.141 0.4000000060
128473  45.505  -7.282  59.616 0.4000000060
57755  57.092  -8.333  41.551 0.5000000000
60779  45.156  -4.651  61.035 0.4000000060
59716  44.866  -5.718  61.010 0.4000000060
57777  57.493  -8.076  40.873 0.3000000119
59727  47.374  -6.449  59.515 0.4000000060
60794  47.133  -5.449  59.751 0.4000000060
123054  49.367  -5.635  58.111 0.5000000000
59750  49.395  -6.225  57.741 0.5000000000
62889  52.042  -3.847  50.118 0.3000000119
133493  52.006  -3.348  51.590 0.3000000119
60921  51.743  -4.662  48.723 0.3000000119
62817  50.374  -2.570  55.003 0.4000000060
117284  49.661  -4.495  57.645 0.5000000000
62858  51.565  -3.234  52.153 0.4000000060
62842  51.556  -2.887  53.155 0.4000000060
62816  51.255  -2.567  54.753 0.5000000000
61824  50.294  -4.225  56.953 0.5000000000
62805  50.210  -2.606  55.793 0.4000000060
62843  50.584  -3.063  53.285 0.4000000060
62828  50.512  -2.727  54.150 0.4000000060
62818  49.359  -3.008  55.240 0.3000000119
62807  48.642  -3.201  56.286 0.4000000060
61881  48.647  -3.972  53.498 0.4000000060
62829  49.483  -3.200  54.258 0.3000000119
62819  48.835  -3.219  55.727 0.4000000060
61860  48.527  -3.767  54.371 0.3000000119
31081  17.576  -34.073  68.677 0.2000000030
34183  17.054  -31.280  69.038 0.2000000030
27071  19.783  -38.200  65.245 0.2000000030
35040  17.716  -30.275  70.985 0.2000000030
47759  43.303  -17.051  64.594 0.4000000060
47779  43.215  -17.686  64.461 0.4000000060
49987  43.498  -15.850  64.812 0.4000000060
55352  43.696  -10.485  61.678 0.5000000000
55351  43.830  -9.788  61.190 0.5000000000
54492  52.055  -11.301  45.557 0.2000000030
55551  54.764  -10.993  45.898 0.2000000030
58662  45.137  -6.579  60.288 0.4000000060
119958  48.113  -6.864  59.193 0.4000000060
57775  61.683  -7.957  39.953 0.4000000060
136949  54.414  -8.374  40.507 0.2000000030
58946  57.436  -7.244  40.137 0.3000000119
132432  27.168  -31.427  71.884 0.2000000030
57468  44.379  -8.264  60.241 0.5000000000
62827  51.449  -2.617  53.997 0.5000000000
62877  51.212  -3.689  51.126 0.3000000119
56691  61.373  -9.025  40.775 0.4000000060
38584  35.961  -27.107  67.701 0.2000000030
37757  39.591  -27.511  67.067 0.4000000060
40666  34.791  -24.260  63.163 0.2000000030
56687  61.341  -9.966  41.387 0.2000000030
36850  37.090  -28.856  68.493 0.4000000060
60805  49.073  -4.572  58.251 0.5000000000
36007  37.639  -29.651  68.249 0.5000000000
32077  17.062  -33.647  69.035 0.2000000030
32078  16.500  -33.262  69.480 0.2000000030
134546  15.533  -32.074  70.542 0.2000000030
35049  16.555  -30.512  70.398 0.2000000030
35083  40.366  -30.661  65.928 0.6000000238
36872  37.810  -28.735  68.180 0.4000000060
37755  41.296  -28.582  66.046 0.5000000000
36873  37.264  -28.242  68.176 0.3000000119
41809  34.881  -23.822  62.401 0.1000000015
47760  42.786  -17.029  65.199 0.4000000060
54518  57.671  -11.395  43.764 0.2000000030
53409  56.276  -11.731  47.175 0.2000000030
57458  44.061  -8.369  61.220 0.5000000000
58650  44.480  -6.656  60.953 0.4000000060
60806  48.790  -5.411  58.671 0.4000000060
60815  49.778  -5.365  57.395 0.5000000000
38596  39.532  -26.832  66.879 0.3000000119
120769  39.758  -26.171  66.810 0.2000000030
39531  39.880  -25.400  66.791 0.2000000030
39540  43.243  -25.165  64.833 0.5000000000
39542  41.689  -25.865  65.913 0.6000000238
137676  41.060  -26.072  66.416 0.5000000000
38594  40.854  -26.705  66.446 0.4000000060
37769  42.118  -27.582  65.295 0.6000000238
133080  36.590  -24.238  63.210 0.1000000015
43813  41.302  -21.360  65.719 0.3000000119
44759  40.706  -20.823  66.410 0.3000000119
43812  41.970  -21.940  65.111 0.3000000119
136873  40.338  -21.209  67.142 0.2000000030
42816  42.127  -22.803  65.347 0.4000000060
121229  40.547  -22.330  66.894 0.2000000030
136978  42.939  -22.976  64.932 0.4000000060
42817  41.282  -22.365  66.115 0.3000000119
42803  40.722  -23.047  66.763 0.2000000030
41766  42.594  -23.688  65.338 0.5000000000
41753  40.936  -23.781  66.584 0.2000000030
40664  37.400  -24.164  63.508 0.1000000015
132768  36.974  -23.650  62.841 0.1000000015
36010  32.019  -29.703  67.718 0.1000000015
35996  31.203  -29.426  68.245 0.1000000015
131996  40.460  -19.156  66.401 0.3000000119
45724  40.009  -19.403  67.136 0.3000000119
44766  41.221  -20.287  65.430 0.3000000119
44767  40.556  -19.901  66.348 0.3000000119
44750  40.116  -20.402  67.284 0.2000000030
44777  42.934  -20.568  64.423 0.5000000000
119635  41.959  -21.004  64.793 0.3000000119
45744  41.517  -19.396  65.036 0.3000000119
46748  40.738  -18.640  66.151 0.3000000119
46732  40.218  -18.556  67.014 0.3000000119
46747  41.472  -18.467  65.447 0.3000000119
46731  40.860  -17.799  66.642 0.3000000119
47761  41.858  -17.442  65.777 0.3000000119
48038  40.809  -17.480  45.360 0.1000000015
51310  49.188  -14.400  49.046 0.1000000015
126989  39.884  -17.715  67.796 0.2000000030
48037  41.428  -17.535  45.914 0.1000000015
49116  40.525  -16.790  44.899 0.1000000015
49102  41.888  -16.957  46.165 0.1000000015
51298  50.456  -14.411  50.050 0.1000000015
52345  49.851  -13.930  48.503 0.1000000015
51272  52.595  -14.763  52.108 0.1000000015
119331  51.298  -14.474  50.766 0.1000000015
52338  49.955  -14.279  49.301 0.1000000015
52356  49.351  -13.682  47.641 0.1000000015
52374  48.902  -13.379  46.798 0.1000000015
52337  50.741  -13.894  49.167 0.1000000015
51271  53.645  -14.966  52.836 0.1000000015
135472  51.852  -14.556  51.335 0.1000000015
51285  50.587  -14.703  50.865 0.1000000015
50172  55.395  -15.490  49.699 0.1000000015
114709  55.906  -15.817  50.935 0.1000000015
51307  54.927  -15.065  48.535 0.1000000015
136130  54.138  -14.751  48.634 0.1000000015
51294  54.285  -14.990  49.286 0.1000000015
51323  54.039  -14.460  47.997 0.1000000015
50171  56.648  -16.070  50.234 0.1000000015
137993  53.212  -14.105  48.329 0.1000000015
51308  53.606  -14.522  48.848 0.1000000015
52352  53.362  -13.743  47.472 0.1000000015
51282  54.624  -15.249  50.397 0.1000000015
52342  52.593  -13.693  48.193 0.1000000015
52353  52.546  -13.286  47.356 0.1000000015
51295  53.635  -14.684  49.818 0.1000000015
51309  52.816  -14.173  49.153 0.1000000015
51283  53.941  -14.887  50.860 0.1000000015
52335  52.050  -13.680  48.837 0.1000000015
52354  51.829  -13.318  47.903 0.1000000015
53383  51.357  -12.884  47.158 0.1000000015
51296  53.022  -14.485  50.358 0.1000000015
53384  50.442  -13.032  46.895 0.1000000015
52343  51.298  -13.552  48.585 0.1000000015
52355  50.950  -13.265  47.812 0.1000000015
124364  52.184  -14.074  49.723 0.1000000015
52344  50.608  -13.602  48.377 0.1000000015
52373  49.690  -13.337  47.055 0.1000000015
53399  49.566  -12.898  46.405 0.1000000015
52336  51.557  -13.807  49.263 0.1000000015
124699  48.875  -12.817  46.107 0.1000000015
51297  51.428  -14.154  49.947 0.1000000015
117175  50.152  -13.475  47.719 0.1000000015
51284  52.284  -14.432  50.834 0.1000000015
51270  53.576  -14.847  51.716 0.1000000015
50146  54.404  -15.344  52.833 0.1000000015
52370  55.035  -13.501  46.612 0.1000000015
53394  54.514  -12.837  46.230 0.1000000015
51322  55.124  -14.637  47.646 0.1000000015
52351  54.468  -14.029  47.127 0.1000000015
52371  53.946  -13.386  46.662 0.1000000015
53411  54.195  -12.163  45.820 0.1000000015
50182  56.306  -15.708  49.016 0.1000000015
52372  53.137  -13.234  46.804 0.1000000015
53395  53.532  -12.786  46.232 0.1000000015
53396  52.597  -12.747  46.505 0.1000000015
53397  51.800  -12.506  46.492 0.1000000015
53382  52.013  -12.920  47.155 0.1000000015
53398  51.005  -12.412  46.363 0.1000000015
50160  55.029  -15.521  51.852 0.1000000015
53413  50.156  -12.374  46.028 0.1000000015
53414  49.300  -12.292  45.783 0.1000000015
50145  55.112  -15.832  52.786 0.1000000015
53410  55.224  -12.269  46.313 0.1000000015
54489  54.794  -11.641  45.982 0.1000000015
54490  53.910  -11.434  45.630 0.1000000015
53412  53.206  -12.152  45.785 0.1000000015
54491  52.942  -11.365  45.512 0.1000000015
118828  56.789  -16.397  50.826 0.1000000015
54473  52.328  -12.056  45.878 0.1000000015
54474  51.523  -11.922  45.860 0.1000000015
54493  50.698  -11.764  45.736 0.1000000015
50159  56.266  -16.393  51.736 0.1000000015
53393  56.576  -12.498  47.166 0.1000000015
52350  55.686  -14.177  47.042 0.1000000015
52369  56.598  -13.282  47.062 0.1000000015
54472  57.913  -12.038  47.635 0.1000000015
51306  55.786  -15.201  48.117 0.1000000015
51321  56.278  -14.856  47.615 0.1000000015
53392  57.794  -12.611  47.460 0.1000000015
115186  57.387  -16.404  49.715 0.1000000015
50193  56.839  -15.508  48.316 0.1000000015
51337  57.165  -14.159  47.255 0.1000000015
52368  57.854  -13.158  47.343 0.1000000015
125544  58.057  -12.637  47.404 0.1000000015
54471  58.125  -11.987  47.197 0.1000000015
50170  57.258  -16.682  50.446 0.1000000015
52367  58.023  -13.156  47.246 0.1000000015
53408  57.754  -12.510  46.416 0.1000000015
51320  57.532  -15.320  47.700 0.1000000015
51336  57.722  -14.211  47.154 0.1000000015
51319  57.911  -15.437  47.519 0.1000000015
130848  50.511  -11.123  45.490 0.1000000015
122270  57.378  -16.096  48.981 0.1000000015
54488  57.400  -11.842  45.667 0.1000000015
50181  57.858  -16.611  49.161 0.1000000015
50192  57.834  -16.075  48.571 0.1000000015
52389  58.156  -13.167  46.920 0.1000000015
120530  58.034  -13.770  47.004 0.1000000015
136571  57.352  -12.416  45.141 0.1000000015
54510  57.325  -11.971  44.419 0.1000000015
131601  57.459  -13.122  45.495 0.1000000015
53435  57.339  -12.808  44.378 0.1000000015
53446  57.630  -12.319  43.653 0.1000000015
54517  58.287  -11.771  43.176 0.1000000015
54523  59.139  -11.156  42.870 0.1000000015
55601  60.049  -10.633  42.675 0.1000000015
54522  60.045  -11.600  42.567 0.1000000015
55599  61.279  -11.272  42.086 0.1000000015
54521  60.725  -11.151  42.420 0.1000000015
55600  60.835  -10.255  42.349 0.1000000015
55604  61.450  -10.963  41.576 0.1000000015
55607  61.364  -10.760  41.075 0.1000000015
55609  59.617  -10.796  40.432 0.1000000015
55610  58.517  -10.955  40.259 0.1000000015
55613  57.786  -10.545  39.834 0.1000000015
55608  60.908  -10.523  40.653 0.1000000015
121961  61.260  -9.932  40.898 0.1000000015
56694  59.064  -10.068  40.094 0.1000000015
56692  61.157  -9.384  40.454 0.2000000030
56693  60.375  -9.741  40.220 0.1000000015
56700  58.602  -9.385  39.564 0.1000000015
56699  59.824  -9.057  39.691 0.1000000015
124941  60.658  -8.217  39.416 0.2000000030
57791  59.413  -8.362  39.228 0.2000000030
137020  59.264  -8.929  39.500 0.1000000015
133557  61.558  -8.246  40.345 0.3000000119
56698  61.172  -8.693  39.841 0.2000000030
58945  59.778  -7.256  38.712 0.2000000030
57790  61.422  -7.638  39.551 0.3000000119
58927  58.233  -7.501  40.602 0.4000000060
58926  59.279  -7.310  40.620 0.4000000060
120710  59.930  -6.439  38.530 0.2000000030
58944  60.789  -7.377  39.060 0.2000000030
58955  60.879  -6.439  38.763 0.2000000030
59993  60.066  -6.426  40.194 0.4000000060
59992  61.201  -6.367  39.986 0.4000000060
39541  42.480  -25.539  65.357 0.5000000000
41780  43.706  -23.411  64.591 0.5000000000
117744  51.231  -11.209  45.550 0.1000000015
55552  53.664  -10.645  45.573 0.1000000015
36874  32.705  -28.794  67.747 0.1000000015
36875  31.754  -28.689  67.716 0.1000000015
40620  40.003  -24.600  66.852 0.2000000030
41754  40.184  -23.682  66.977 0.2000000030
42804  40.005  -22.668  67.366 0.2000000030
128831  42.081  -20.006  64.648 0.3000000119
117376  40.326  -25.916  66.753 0.4000000060
134926  40.273  -25.182  66.769 0.2000000030
40631  42.547  -24.659  65.426 0.5000000000
40619  40.723  -24.569  66.627 0.3000000119
122508  41.651  -25.034  66.007 0.5000000000
38609  41.618  -26.699  65.891 0.6000000238
43802  40.719  -21.664  66.618 0.3000000119
41767  41.523  -23.334  66.037 0.5000000000
40618  41.635  -24.188  66.006 0.3000000119
129523  52.184  -14.980  52.838 0.1000000015
125063  55.510  -12.872  46.554 0.1000000015
53445  58.297  -12.735  43.103 0.1000000015
54526  61.506  -11.676  41.710 0.1000000015
54529  61.193  -11.370  40.886 0.1000000015
57792  57.900  -8.881  39.101 0.1000000015
28943  17.860  -36.683  72.158 0.1000000015
29962  17.248  -36.269  72.763 0.1000000015
28950  18.004  -36.265  70.993 0.1000000015
28949  18.584  -36.741  70.495 0.1000000015
29971  17.421  -35.792  71.566 0.1000000015
29978  17.554  -35.482  70.512 0.2000000030
31072  17.140  -34.721  70.113 0.1000000015
29979  16.984  -34.994  71.052 0.2000000030
137166  16.082  -34.214  71.747 0.1000000015
31073  16.560  -34.281  70.594 0.1000000015
120874  16.417  -34.533  71.488 0.1000000015
32066  15.446  -33.236  71.628 0.1000000015
32073  15.654  -32.932  70.580 0.1000000015
32065  15.999  -33.826  71.159 0.1000000015
32072  16.230  -33.548  70.214 0.1000000015
31077  16.757  -33.998  69.752 0.1000000015
33116  15.265  -32.360  71.287 0.1000000015
45914  35.061  -19.413  46.939 0.2000000030
45920  34.528  -19.535  46.501 0.2000000030
121945  48.234  -3.560  55.737 0.3000000119
62844  49.562  -3.427  53.359 0.3000000119
61928  51.374  -4.392  49.449 0.3000000119
123280  57.009  -6.701  39.713 0.2000000030
62015  59.833  -4.310  39.217 0.2000000030
44993  34.900  -21.482  46.235 0.2000000030
61016  60.371  -5.052  39.288 0.3000000119
127604  58.428  -4.424  39.446 0.2000000030
29977  18.203  -35.937  70.033 0.2000000030
29972  16.739  -35.328  72.261 0.1000000015
35036  28.124  -30.458  72.138 0.1000000015
47745  41.432  -16.882  66.789 0.2000000030
116338  43.582  -11.124  62.249 0.3000000119
48857  41.967  -16.176  66.702 0.2000000030
53224  43.285  -12.629  65.442 0.2000000030
136268  43.641  -10.460  62.624 0.3000000119
56391  43.189  -9.834  64.570 0.2000000030
56393  41.631  -9.078  64.911 0.1000000015
56403  43.493  -9.606  63.960 0.3000000119
57425  43.055  -8.902  64.287 0.2000000030
55341  43.627  -10.012  63.304 0.3000000119
57436  42.541  -8.008  64.145 0.2000000030
57426  42.174  -8.569  64.620 0.2000000030
56412  43.555  -8.918  63.174 0.3000000119
56394  41.184  -8.602  64.533 0.1000000015
137777  43.157  -8.206  63.775 0.3000000119
58606  41.779  -7.839  64.309 0.2000000030
57427  41.546  -8.397  64.546 0.1000000015
57435  43.399  -7.857  63.184 0.3000000119
58619  41.413  -7.233  64.034 0.2000000030
116834  40.244  -8.307  62.532 0.1000000015
58631  43.331  -6.873  62.864 0.3000000119
58617  42.881  -7.429  63.623 0.2000000030
58618  42.077  -7.077  63.904 0.2000000030
59694  43.614  -5.813  62.393 0.3000000119
59682  42.623  -6.626  63.435 0.2000000030
59683  41.994  -6.116  63.445 0.2000000030
58642  40.257  -7.282  62.471 0.1000000015
57459  39.846  -7.730  61.567 0.1000000015
60753  43.216  -4.944  62.448 0.3000000119
60745  42.016  -5.433  63.035 0.2000000030
58632  40.545  -6.607  62.444 0.1000000015
57470  39.413  -7.763  60.559 0.1000000015
60765  43.952  -4.912  62.058 0.3000000119
60756  41.276  -5.623  62.441 0.1000000015
59707  40.512  -6.403  61.776 0.1000000015
58651  39.517  -6.980  60.772 0.1000000015
58665  38.928  -6.988  60.013 0.1000000015
59715  45.626  -5.666  60.448 0.3000000119
119375  47.885  -5.881  59.423 0.3000000119
60754  42.461  -5.001  62.579 0.2000000030
60755  41.785  -5.216  62.553 0.1000000015
60780  44.550  -4.990  61.573 0.3000000119
119233  42.318  -4.665  62.139 0.2000000030
60768  40.889  -5.934  61.947 0.1000000015
59718  39.934  -6.520  60.877 0.1000000015
121957  39.352  -6.612  60.189 0.1000000015
60778  46.218  -4.861  60.315 0.3000000119
129313  46.954  -4.563  59.840 0.3000000119
61787  47.598  -4.241  59.334 0.3000000119
61800  48.397  -4.467  58.778 0.3000000119
60792  48.184  -5.209  59.190 0.3000000119
59726  48.490  -6.169  59.012 0.3000000119
129888  43.791  -3.841  61.312 0.3000000119
61775  43.092  -3.971  61.143 0.1000000015
132102  41.610  -5.405  60.974 0.1000000015
60797  40.738  -6.022  60.659 0.1000000015
61774  45.566  -4.006  60.594 0.3000000119
60766  42.398  -4.605  61.577 0.1000000015
129115  39.595  -6.392  60.175 0.1000000015
61773  46.271  -4.125  60.144 0.3000000119
61801  47.912  -3.719  58.664 0.3000000119
60827  45.207  -5.230  56.146 0.2000000030
119645  48.774  -4.210  52.628 0.2000000030
61880  49.642  -3.702  52.481 0.2000000030
62859  50.579  -3.378  52.377 0.2000000030
61896  50.468  -3.773  51.475 0.2000000030
61897  49.795  -3.935  51.780 0.2000000030
61915  49.600  -4.387  51.042 0.2000000030
61898  48.940  -4.477  51.672 0.2000000030
61914  50.339  -4.255  50.583 0.2000000030
60910  49.474  -4.841  50.159 0.2000000030
60911  48.657  -5.511  49.828 0.1000000015
60909  50.301  -4.739  49.584 0.1000000015
60924  48.892  -5.781  48.928 0.1000000015
60923  49.824  -5.449  48.683 0.1000000015
60922  50.800  -4.981  48.772 0.1000000015
133102  51.218  -5.183  48.113 0.1000000015
137382  50.477  -5.434  48.195 0.1000000015
65836  56.069  -0.787  41.941 0.1000000015
64842  56.074  -1.048  42.054 0.1000000015
63842  54.119  -2.234  41.855 0.1000000015
47744  42.204  -16.729  66.039 0.2000000030
128991  48.588  -3.899  58.304 0.3000000119
61837  46.903  -4.402  55.921 0.2000000030
61838  45.933  -4.904  56.046 0.2000000030
124533  44.702  -3.771  61.061 0.3000000119
123038  51.558  -5.486  47.486 0.1000000015
120739  55.951  -2.076  41.565 0.1000000015
64843  55.398  -1.120  42.089 0.1000000015
64844  54.172  -1.631  41.721 0.1000000015
59706  44.257  -5.785  61.686 0.3000000119
57437  41.074  -7.829  64.237 0.1000000015
58620  40.898  -7.010  63.752 0.2000000030
117661  41.384  -6.569  63.606 0.2000000030
57447  40.551  -7.620  63.388 0.1000000015
59695  42.765  -5.745  62.995 0.3000000119
58643  40.110  -6.845  61.631 0.1000000015
61764  43.512  -4.308  61.982 0.2000000030
60782  40.871  -5.936  61.318 0.1000000015
60793  47.587  -5.067  59.541 0.3000000119
60767  41.557  -5.260  61.947 0.1000000015
60842  45.347  -5.500  55.473 0.2000000030
60893  48.185  -5.286  51.238 0.2000000030
60903  48.201  -5.574  50.513 0.1000000015
60902  48.814  -5.006  50.720 0.1000000015
124041  49.405  -5.275  49.422 0.1000000015
63851  56.661  -1.342  41.633 0.1000000015
116920  19.810  -39.834  61.544 0.1000000015
125831  19.401  -39.817  56.156 0.2000000030
26159  21.102  -39.875  66.288 0.1000000015
26165  20.833  -39.841  65.208 0.1000000015
26171  20.862  -40.283  64.332 0.1000000015
26180  20.096  -39.207  63.123 0.1000000015
25358  23.929  -41.023  55.625 0.2000000030
24567  23.271  -41.639  55.441 0.2000000030
25324  20.038  -40.366  62.051 0.1000000015
26188  19.936  -39.421  62.215 0.1000000015
24576  23.146  -41.204  54.639 0.2000000030
24577  22.100  -41.407  54.342 0.2000000030
26195  19.682  -39.162  61.368 0.1000000015
27151  19.686  -39.043  55.603 0.2000000030
131724  20.512  -39.569  64.431 0.1000000015
26179  20.467  -39.768  63.693 0.1000000015
25379  22.947  -40.202  53.534 0.2000000030
25367  23.276  -40.584  54.089 0.2000000030
25368  22.518  -40.773  53.908 0.2000000030
125871  19.624  -39.747  60.844 0.1000000015
26242  21.149  -40.012  53.739 0.2000000030
25369  21.553  -40.758  53.930 0.2000000030
26243  20.491  -39.713  54.188 0.2000000030
26237  19.993  -39.401  54.770 0.2000000030
28018  19.378  -37.298  69.172 0.1000000015
28031  19.523  -37.165  67.651 0.1000000015
118490  19.423  -36.954  68.301 0.1000000015
27077  19.744  -38.162  64.423 0.1000000015
28958  19.061  -36.345  68.553 0.1000000015
116113  28.508  -24.138  48.720 0.2000000030
49092  34.749  -16.827  47.074 0.1000000015
48048  33.950  -17.156  44.758 0.1000000015
48039  34.007  -17.132  45.563 0.1000000015
46959  34.001  -18.742  46.357 0.1000000015
48070  34.893  -17.663  42.819 0.1000000015
46979  34.184  -17.867  43.170 0.1000000015
46971  33.212  -18.466  44.272 0.1000000015
45935  32.946  -19.087  44.624 0.1000000015
45952  35.499  -19.026  41.934 0.1000000015
45953  34.685  -18.973  42.126 0.1000000015
45954  33.950  -18.953  42.472 0.1000000015
45023  36.717  -20.045  41.820 0.1000000015
45034  35.251  -20.435  41.455 0.1000000015
49117  34.915  -15.994  45.827 0.1000000015
48061  35.381  -16.881  43.272 0.1000000015
48062  34.597  -17.282  43.429 0.1000000015
49131  35.071  -15.951  44.877 0.1000000015
46987  35.195  -18.322  42.371 0.1000000015
49144  35.544  -16.153  44.052 0.1000000015
45950  37.301  -19.431  42.263 0.1000000015
46986  36.002  -18.391  42.219 0.1000000015
48069  35.719  -17.622  42.617 0.1000000015
115875  36.803  -18.603  42.321 0.1000000015
48068  36.556  -17.826  42.533 0.1000000015
50261  36.326  -15.748  43.934 0.1000000015
123851  36.083  -16.326  43.476 0.1000000015
48060  36.441  -16.933  42.943 0.1000000015
48858  41.045  -16.208  67.619 0.1000000015
47746  40.498  -16.952  67.668 0.1000000015
48842  40.046  -16.250  68.085 0.1000000015
25371  20.020  -40.138  54.638 0.2000000030
48020  34.486  -17.533  46.916 0.1000000015
51378  36.884  -14.623  45.063 0.1000000015
49103  35.037  -16.215  46.756 0.1000000015
50215  35.499  -15.553  46.383 0.1000000015
50227  36.258  -14.959  45.213 0.1000000015
50260  37.033  -15.574  43.839 0.1000000015
28959  18.764  -36.482  69.469 0.1000000015
45921  33.914  -19.563  46.088 0.1000000015
118806  20.523  -39.317  65.827 0.1000000015
27070  20.202  -38.961  64.996 0.1000000015
27076  20.151  -38.991  63.997 0.1000000015
24568  22.562  -41.863  55.032 0.1000000015
26238  19.626  -40.007  55.262 0.2000000030
24578  21.154  -41.384  54.406 0.2000000030
49104  34.414  -16.774  46.252 0.1000000015
49132  34.643  -16.702  44.187 0.1000000015
49118  34.412  -16.529  45.234 0.1000000015
122950  34.027  -17.470  43.898 0.1000000015
127910  33.947  -17.784  46.221 0.1000000015
48040  33.607  -17.757  45.329 0.1000000015
46960  33.575  -18.597  45.823 0.1000000015
46988  34.441  -18.350  42.622 0.1000000015
46989  33.832  -18.436  42.930 0.1000000015
46980  33.553  -18.247  43.604 0.1000000015
48049  33.542  -17.867  44.451 0.1000000015
46965  33.231  -18.482  45.027 0.1000000015
45928  33.308  -19.531  45.416 0.1000000015
45929  32.788  -19.920  44.795 0.1000000015
45964  34.975  -19.652  41.699 0.1000000015
45035  34.543  -20.206  41.591 0.1000000015
45965  34.103  -19.654  41.937 0.1000000015
129696  33.498  -19.475  42.431 0.1000000015
45963  35.840  -19.832  41.652 0.1000000015
45951  36.356  -19.192  41.973 0.1000000015
50228  35.566  -15.435  45.481 0.1000000015
50245  36.763  -15.122  44.461 0.1000000015
50246  35.868  -15.487  44.638 0.1000000015
24569  21.638  -42.011  54.789 0.1000000015
125685  18.851  -42.364  57.376 0.1000000015
25357  24.562  -40.467  56.364 0.1000000015
25362  24.477  -40.165  55.469 0.1000000015
23787  22.130  -42.501  55.401 0.1000000015
23798  20.786  -41.990  54.825 0.1000000015
122768  23.879  -40.482  54.686 0.1000000015
25370  20.611  -40.613  54.323 0.1000000015
22960  19.244  -43.622  56.872 0.1000000015
24579  20.450  -41.339  54.695 0.1000000015
22134  21.156  -44.923  57.226 0.1000000015
22149  19.909  -44.078  56.589 0.1000000015
22971  19.755  -43.393  56.265 0.1000000015
22982  20.884  -43.214  55.692 0.1000000015
133588  20.652  -42.855  55.466 0.1000000015
23789  20.425  -42.454  55.311 0.1000000015
25363  19.825  -40.900  54.966 0.1000000015
22148  20.747  -44.254  56.606 0.1000000015
22959  21.715  -44.198  56.811 0.1000000015
22969  21.266  -43.694  56.207 0.1000000015
22970  20.427  -43.616  56.162 0.1000000015
39856  29.308  -25.403  46.776 0.1000000015
36171  28.319  -29.657  49.233 0.1000000015
37081  28.829  -28.270  47.326 0.1000000015
37990  29.055  -26.963  46.691 0.1000000015
40901  29.121  -24.715  46.916 0.1000000015
36179  28.570  -29.272  48.435 0.1000000015
37976  28.467  -27.542  46.955 0.1000000015
37082  27.906  -28.099  47.382 0.1000000015
119683  29.180  -24.029  47.375 0.1000000015
38874  28.829  -26.162  46.653 0.1000000015
37977  27.609  -27.168  47.233 0.1000000015
42010  28.771  -23.947  47.831 0.1000000015
39820  28.029  -25.428  47.604 0.1000000015
40862  28.269  -24.674  48.099 0.1000000015
38838  27.413  -26.227  47.560 0.1000000015
40863  27.819  -25.194  48.404 0.1000000015
133114  26.863  -26.167  48.084 0.1000000015
40845  28.070  -24.857  48.962 0.1000000015
39822  26.673  -25.867  48.728 0.1000000015
39798  27.319  -25.347  49.087 0.1000000015
40833  27.897  -25.010  50.387 0.1000000015
59803  44.504  -6.484  53.392 0.1000000015
114869  47.651  -4.096  55.397 0.1000000015
123638  47.712  -4.334  54.564 0.1000000015
59819  45.428  -6.583  52.732 0.1000000015
61861  47.814  -4.524  53.702 0.1000000015
61882  47.975  -4.709  52.863 0.1000000015
60841  46.200  -5.211  55.265 0.1000000015
60858  45.585  -5.774  54.740 0.1000000015
60857  46.358  -5.466  54.458 0.1000000015
59802  45.605  -6.266  53.519 0.1000000015
59818  46.335  -6.097  52.907 0.1000000015
135037  47.153  -5.327  53.095 0.1000000015
61899  48.137  -4.950  52.062 0.1000000015
57795  58.389  -7.977  38.706 0.1000000015
58957  57.274  -7.730  38.298 0.1000000015
58958  56.398  -7.947  37.658 0.1000000015
119692  62.070  -0.055  32.858 0.1000000015
121146  61.802  -0.852  33.266 0.1000000015
61038  56.455  -5.503  36.226 0.1000000015
65914  62.806  0.023  31.748 0.1000000015
65906  62.479  -0.756  32.333 0.1000000015
64925  61.363  -1.681  33.513 0.1000000015
62055  58.600  -4.575  34.393 0.1000000015
62056  57.712  -4.329  34.740 0.1000000015
61056  57.746  -5.082  34.728 0.1000000015
60041  56.778  -6.146  35.594 0.1000000015
64924  62.196  -1.592  32.805 0.1000000015
62014  60.384  -4.657  38.993 0.1000000015
61026  60.888  -5.205  38.924 0.1000000015
60021  60.644  -5.690  38.675 0.1000000015
60022  59.189  -5.963  38.256 0.1000000015
58956  58.735  -7.020  38.417 0.1000000015
134592  57.872  -6.038  37.870 0.1000000015
60023  57.746  -6.764  38.083 0.1000000015
66920  61.473  0.593  33.501 0.1000000015
61035  57.059  -5.663  37.497 0.1000000015
60031  56.334  -6.401  37.187 0.1000000015
65907  61.415  -0.186  33.573 0.1000000015
62039  56.424  -4.794  36.733 0.1000000015
64914  60.435  -1.245  33.925 0.1000000015
63924  58.223  -2.279  34.499 0.1000000015
63020  57.760  -2.943  34.709 0.1000000015
63013  57.201  -3.668  35.164 0.1000000015
63936  61.298  -2.792  33.494 0.1000000015
63922  60.329  -2.014  33.830 0.1000000015
63019  58.863  -3.065  34.244 0.1000000015
118589  58.144  -3.738  34.504 0.1000000015
62973  59.190  -3.485  39.312 0.1000000015
63862  59.412  -2.978  39.157 0.1000000015
62972  59.902  -3.746  38.961 0.1000000015
62992  59.755  -3.410  38.973 0.1000000015
62029  60.027  -4.006  38.878 0.1000000015
61027  60.144  -4.881  38.670 0.1000000015
62030  59.558  -3.661  38.646 0.1000000015
61034  59.299  -4.271  38.348 0.1000000015
62036  58.358  -3.732  37.987 0.1000000015
61028  58.671  -5.188  37.965 0.1000000015
63008  57.025  -3.548  37.417 0.1000000015
126763  57.815  -4.665  37.704 0.1000000015
121363  56.800  -2.775  37.276 0.1000000015
66905  60.745  0.180  34.021 0.1000000015
64881  56.772  -1.350  36.849 0.1000000015
63899  56.656  -2.005  37.057 0.1000000015
125631  56.430  -4.059  36.938 0.1000000015
65899  59.896  -0.439  34.225 0.1000000015
64915  59.504  -1.345  34.187 0.1000000015
64917  57.676  -1.681  34.808 0.1000000015
129027  57.176  -1.933  35.305 0.1000000015
64898  56.684  -1.795  36.096 0.1000000015
63914  56.531  -2.657  36.378 0.1000000015
63923  59.217  -2.176  34.200 0.1000000015
64916  58.514  -1.512  34.484 0.1000000015
121174  58.433  -2.689  39.664 0.1000000015
63875  59.282  -2.739  39.135 0.1000000015
62993  59.210  -3.107  38.623 0.1000000015
124845  57.963  -2.903  37.983 0.1000000015
129503  57.949  -0.814  37.998 0.1000000015
68917  59.712  2.651  38.142 0.1000000015
65859  58.062  -0.051  37.834 0.1000000015
67936  61.393  1.583  33.372 0.1000000015
64910  57.186  -1.244  35.443 0.1000000015
65901  57.876  -0.848  34.864 0.1000000015
120708  58.789  -2.157  39.626 0.1000000015
64869  58.810  -1.699  39.561 0.1000000015
63876  58.840  -2.309  38.645 0.1000000015
64870  58.484  -1.393  38.625 0.1000000015
66852  59.475  1.200  40.558 0.1000000015
66869  59.409  1.831  38.587 0.1000000015
67917  59.786  1.381  34.672 0.1000000015
66906  59.833  0.585  34.429 0.1000000015
66907  59.083  0.135  34.562 0.1000000015
65885  58.205  0.193  34.920 0.1000000015
67903  58.517  1.181  35.517 0.1000000015
67901  59.420  1.953  35.331 0.1000000015
68935  56.565  2.918  35.927 0.1000000015
69924  55.507  2.967  33.330 0.1000000015
23781  19.608  -42.844  56.038 0.1000000015
22983  20.179  -43.017  55.718 0.1000000015
23790  19.793  -42.341  55.662 0.1000000015
67916  60.604  1.261  34.173 0.1000000015
120892  60.165  2.214  34.782 0.1000000015
68933  60.104  3.300  35.531 0.1000000015
68888  59.498  3.066  39.749 0.1000000015
120334  60.233  3.952  37.559 0.1000000015
121666  58.965  -0.668  40.469 0.1000000015
69910  60.383  4.156  35.161 0.1000000015
67918  59.046  0.886  34.814 0.1000000015
65833  59.115  0.034  41.093 0.1000000015
67864  59.288  2.174  40.330 0.1000000015
68916  60.085  3.532  38.353 0.1000000015
69901  60.234  4.535  36.103 0.1000000015
68900  59.952  3.435  39.079 0.1000000015
70875  60.198  5.162  35.416 0.1000000015
67902  58.970  2.119  36.265 0.1000000015
67886  59.913  2.826  39.058 0.1000000015
68925  59.784  3.028  37.217 0.1000000015
66877  57.778  0.563  35.973 0.1000000015
134587  59.056  -0.949  39.684 0.1000000015
68924  60.170  3.819  36.644 0.1000000015
69894  58.258  4.631  37.224 0.1000000015
69912  56.047  3.182  34.051 0.1000000015
69911  56.914  3.817  34.632 0.1000000015
65886  57.398  -0.338  35.624 0.1000000015
68889  58.964  2.866  40.048 0.1000000015
67875  59.652  2.083  39.785 0.1000000015
65868  57.354  -0.080  36.673 0.1000000015
24571  19.551  -41.550  55.696 0.1000000015
36180  27.771  -29.255  48.458 0.1000000015
38857  26.829  -26.786  47.736 0.1000000015
41993  29.205  -23.235  47.750 0.1000000015
61847  48.356  -3.654  55.146 0.1000000015
62974  57.549  -3.472  39.598 0.1000000015
59792  44.730  -5.971  54.907 0.1000000015
23788  21.173  -42.651  55.245 0.1000000015
24570  20.094  -41.774  55.153 0.1000000015
39857  28.668  -25.404  46.889 0.1000000015
37068  28.255  -28.782  47.847 0.1000000015
133909  28.398  -26.822  46.809 0.1000000015
38856  28.120  -26.209  46.988 0.1000000015
40884  28.697  -24.684  47.338 0.1000000015
39821  27.323  -25.680  48.225 0.1000000015
59820  44.472  -6.769  52.415 0.1000000015
130226  45.053  -6.200  54.173 0.1000000015
61848  46.985  -4.810  54.930 0.1000000015
61862  47.084  -5.073  54.054 0.1000000015
60884  47.542  -5.298  52.377 0.1000000015
60869  46.411  -5.722  53.678 0.1000000015
135807  45.820  -5.960  54.125 0.1000000015
114797  46.245  -6.518  52.130 0.1000000015
60030  56.890  -6.574  37.644 0.1000000015
58963  56.296  -7.223  37.301 0.1000000015
65898  60.969  -0.708  33.794 0.1000000015
122561  56.594  -4.876  35.883 0.1000000015
62043  57.102  -4.578  35.275 0.1000000015
61041  57.002  -5.375  35.361 0.1000000015
63935  61.983  -2.495  33.070 0.1000000015
129108  58.998  -3.876  34.197 0.1000000015
60057  57.731  -6.067  34.755 0.1000000015
60040  57.282  -6.761  35.209 0.1000000015
127661  56.798  -5.029  37.293 0.1000000015
61036  56.335  -5.606  37.041 0.1000000015
63009  56.458  -3.416  36.640 0.1000000015
63014  56.610  -3.302  35.849 0.1000000015
63918  56.985  -2.651  35.429 0.1000000015
63937  60.079  -2.852  33.806 0.1000000015
63898  57.602  -2.107  37.873 0.1000000015
64880  57.336  -1.397  37.555 0.1000000015
65860  57.204  -0.740  37.206 0.1000000015
65869  56.867  -0.878  36.304 0.1000000015
65849  58.790  -0.426  39.027 0.1000000015
67892  59.117  2.027  37.375 0.1000000015
66861  58.879  0.336  38.876 0.1000000015
65900  58.795  -0.635  34.509 0.1000000015
66860  59.431  1.090  39.465 0.1000000015
122353  59.465  0.344  39.967 0.1000000015
67853  59.158  1.457  40.863 0.1000000015
129526  59.366  0.414  40.789 0.1000000015
66870  58.665  0.858  38.242 0.1000000015
68943  60.615  2.333  34.133 0.1000000015
68934  59.632  2.868  36.119 0.1000000015
67893  58.389  1.323  36.599 0.1000000015
68945  56.308  3.039  34.977 0.1000000015
69903  57.137  3.781  35.561 0.1000000015
69895  57.352  3.798  36.540 0.1000000015
68956  55.243  2.706  33.852 0.1000000015
68902  58.264  3.140  39.260 0.1000000015
68901  59.135  3.559  39.435 0.1000000015
67863  59.779  2.957  39.615 0.1000000015
69883  60.068  4.354  38.114 0.1000000015
70861  59.678  4.845  37.511 0.1000000015
65848  59.284  -0.248  40.347 0.1000000015
65834  58.668  0.078  41.384 0.1000000015
66844  59.010  0.766  41.169 0.1000000015
135129  58.841  2.217  40.530 0.1000000015
69869  59.894  4.254  38.659 0.1000000015
69892  60.171  4.565  37.144 0.1000000015
69893  59.098  5.244  36.942 0.1000000015
69885  58.354  4.270  38.080 0.1000000015
69884  59.153  4.874  37.845 0.1000000015
128756  58.013  0.672  37.126 0.1000000015
68926  57.600  3.818  37.399 0.1000000015
67887  58.641  1.321  37.573 0.1000000015
67865  58.948  1.628  40.960 0.1000000015
70852  59.695  4.622  38.229 0.1000000015
25329  19.718  -40.409  61.213 0.1000000015
25380  22.039  -40.089  53.435 0.2000000030
29124  24.686  -36.821  51.924 0.2000000030
30235  25.037  -35.492  51.242 0.2000000030
34204  37.652  -32.260  67.039 0.6999999881
34370  22.522  -31.485  51.965 0.3000000119
35012  21.173  -30.081  74.839 0.4000000060
35013  20.664  -29.579  74.798 0.4000000060
35986  22.140  -29.258  69.648 0.1000000015
36014  40.795  -30.144  66.054 0.6000000238
36824  28.260  -28.282  71.393 0.1000000015
36897  20.730  -28.237  66.724 0.1000000015
37695  13.854  -27.417  73.259 0.2000000030
37735  25.872  -27.890  67.975 0.1000000015
38573  33.422  -26.226  67.843 0.2000000030
38604  25.956  -26.837  65.983 0.1000000015
38663  42.683  -26.795  61.381 0.6999999881
38693  36.208  -26.272  61.189 0.6999999881
39530  40.907  -25.418  66.537 0.5000000000
39631  34.611  -25.695  59.252 0.6999999881
40606  32.991  -24.793  67.120 0.2000000030
40610  30.338  -25.167  67.256 0.1000000015
40645  44.378  -24.302  63.884 0.6999999881
40668  28.111  -24.088  63.910 0.1000000015
40677  35.435  -24.027  62.737 0.2000000030
40726  41.765  -24.994  57.825 0.8000000119
40744  41.167  -24.472  56.693 0.8000000119
41791  44.659  -23.767  63.455 0.6999999881
41805  44.350  -23.515  62.522 0.6999999881
41873  42.169  -24.096  57.119 0.8000000119
41878  36.478  -23.220  57.847 0.6000000238
41909  40.827  -23.834  55.440 0.8000000119
42848  44.894  -22.032  63.586 0.8000000119
42864  43.841  -22.797  62.082 0.6999999881
42953  34.594  -22.164  55.530 0.4000000060
43029  38.817  -22.411  50.728 0.5000000000
43827  37.815  -21.231  64.478 0.1000000015
43843  37.675  -21.627  63.463 0.1000000015
43854  45.029  -21.009  62.918 0.6999999881
43931  36.610  -21.111  55.284 0.6000000238
44751  39.313  -20.541  67.822 0.3000000119
44760  38.033  -20.558  67.078 0.1000000015
44775  44.430  -20.103  63.803 0.5000000000
44808  44.357  -20.141  62.106 0.6999999881
44825  42.144  -20.238  60.580 0.8000000119
45745  40.900  -19.297  65.686 0.3000000119
45755  42.919  -19.735  64.348 0.4000000060
45794  42.415  -18.987  60.076 0.8000000119
46720  38.631  -18.375  68.041 0.1000000015
46758  43.080  -18.375  64.382 0.4000000060
46787  44.491  -18.961  62.194 0.8000000119
46795  44.335  -18.738  61.511 0.8000000119
47763  37.752  -18.261  65.967 0.1000000015
47797  43.884  -18.022  63.459 0.6999999881
47877  41.239  -17.196  56.802 0.6999999881
48943  44.712  -16.605  59.448 0.8000000119
48952  44.589  -16.338  58.610 0.6999999881
50114  40.010  -15.673  53.045 0.6999999881
50144  55.672  -16.157  52.391 0.1000000015
51067  39.829  -14.636  67.035 0.1000000015
51151  46.021  -14.107  58.756 0.8000000119
52156  40.920  -13.433  67.155 0.2000000030
52168  42.170  -13.190  66.768 0.2000000030
53289  41.117  -12.304  59.917 0.1000000015
53295  40.547  -12.479  58.172 0.1000000015
55326  43.334  -10.700  64.731 0.3000000119
55333  43.564  -10.367  64.045 0.3000000119
55397  48.306  -10.910  57.460 0.8000000119
55406  48.173  -10.689  56.712 0.8999999762
56423  40.312  -9.103  61.815 0.1000000015
57482  47.021  -8.007  59.118 0.6000000238
57493  48.405  -8.774  58.391 0.6000000238
58962  56.815  -7.261  37.817 0.1000000015
59684  41.367  -5.802  63.025 0.1000000015
59696  40.874  -6.081  62.499 0.1000000015
59717  40.175  -6.267  60.693 0.1000000015
59728  43.031  -6.221  59.108 0.1000000015
60769  40.463  -6.292  61.317 0.1000000015
61755  42.882  -4.469  62.225 0.2000000030
61763  44.274  -4.305  61.560 0.3000000119
61765  42.976  -4.135  61.802 0.2000000030
62037  56.990  -4.318  37.409 0.1000000015
62044  56.570  -4.106  36.005 0.1000000015
62771  45.677  -3.489  58.887 0.3000000119
62781  47.851  -3.314  57.566 0.3000000119
63840  55.644  -1.478  42.086 0.1000000015
63925  57.514  -2.288  34.872 0.1000000015
115180  40.964  -12.393  64.437 0.1000000015
116263  41.404  -29.271  64.699 0.6000000238
116674  41.438  -9.783  65.093 0.2000000030
116770  42.160  -7.638  58.199 0.1000000015
118357  41.728  -6.689  59.246 0.1000000015
118549  30.235  -23.435  63.829 0.1000000015
119226  38.061  -7.590  58.245 0.1000000015
121259  44.588  -20.759  63.858 0.4000000060
121279  40.801  -27.479  66.452 0.4000000060
121438  19.507  -35.277  59.698 0.4000000060
121669  40.728  -10.043  60.249 0.1000000015
122186  60.035  3.952  38.776 0.1000000015
123049  30.962  -28.483  64.585 0.6999999881
123385  28.941  -29.092  71.614 0.2000000030
127789  42.485  -24.539  58.489 0.8000000119
130809  44.390  -19.209  63.439 0.5000000000
130958  38.011  -18.114  67.344 0.1000000015
130975  40.872  -6.430  63.130 0.1000000015
131078  40.359  -9.360  60.419 0.1000000015
131141  38.002  -31.629  67.396 0.6000000238
132512  44.526  -19.725  63.514 0.5000000000
133373  34.900  -27.868  68.699 0.2000000030
133846  41.345  -18.263  58.439 0.8000000119
134129  43.568  -15.864  63.990 0.6000000238
134958  21.078  -36.993  54.399 0.3000000119
135102  45.658  -14.819  58.305 0.8000000119
136317  43.482  -12.508  61.085 0.6999999881
136508  38.762  -13.732  45.037 0.3000000119
136739  33.958  -31.156  66.302 0.6999999881
136757  40.575  -6.925  63.095 0.2000000030
137230  21.523  -29.912  74.828 0.4000000060
137282  22.763  -29.368  69.695 0.1000000015
137807  18.720  -36.020  68.930 0.1000000015
138560  40.048  -8.504  61.745 0.1000000015
