#!ascii label  , from subject sub-v1s11x0050152_ses-1 vox2ras=TkReg
3221
29966  12.127  -35.001  72.657 0.2222220004
31069  13.038  -34.900  72.693 0.2222220004
31063  12.491  -34.706  73.469 0.2222220004
31064  11.729  -34.665  73.487 0.2222220004
29976  11.651  -35.566  72.052 0.2222220004
29958  13.722  -35.252  74.721 0.1111110002
31056  13.345  -34.778  74.753 0.2222220004
31062  13.115  -34.884  73.937 0.2222220004
32052  12.665  -33.801  74.822 0.2222220004
31053  13.262  -34.416  74.934 0.1111110002
32053  11.667  -33.346  74.509 0.1111110002
31057  12.548  -34.401  74.375 0.2222220004
32057  11.886  -33.971  74.473 0.1111110002
32054  10.772  -32.977  74.270 0.2222220004
32058  10.982  -33.799  74.250 0.1111110002
31058  11.412  -34.289  73.994 0.2222220004
31059  10.532  -34.385  73.739 0.2222220004
29967  11.180  -35.262  72.944 0.2222220004
29959  10.827  -34.869  73.453 0.2222220004
32056  14.575  -33.513  74.402 0.1111110002
33095  13.921  -33.347  74.770 0.1111110002
32051  13.599  -33.940  75.073 0.1111110002
33097  12.255  -32.755  74.564 0.1111110002
33098  11.271  -32.346  74.363 0.1111110002
34129  10.165  -31.361  73.826 0.3333329856
33099  10.324  -32.063  74.117 0.2222220004
33102  9.788  -31.870  73.562 0.3333329856
127255  10.177  -33.732  73.842 0.3333329856
32060  9.583  -33.521  73.281 0.4444440007
31060  9.833  -34.357  73.403 0.4444440007
29961  9.617  -34.996  73.048 0.4444440007
29960  10.079  -35.058  73.321 0.4444440007
29968  10.265  -35.637  73.095 0.2222220004
28939  10.676  -36.062  72.590 0.2222220004
29969  9.696  -35.861  72.978 0.4444440007
28946  11.198  -36.385  71.676 0.2222220004
28940  9.931  -36.553  72.905 0.2222220004
28947  10.335  -37.005  72.362 0.2222220004
33101  13.592  -32.381  74.349 0.1111110002
34137  12.285  -30.605  74.239 0.1111110002
34126  12.756  -31.996  74.371 0.1111110002
34127  11.766  -31.580  74.299 0.1111110002
34128  10.772  -31.359  74.139 0.1111110002
34140  10.025  -31.168  73.314 0.3333329856
34151  10.077  -31.201  72.712 0.4444440007
33103  9.484  -32.599  73.053 0.3333329856
33111  9.500  -32.589  72.379 0.4444440007
31065  9.352  -34.288  72.846 0.4444440007
28941  9.533  -36.771  72.708 0.4444440007
129688  9.336  -36.144  72.621 0.4444440007
28003  9.729  -37.446  72.590 0.2222220004
28009  10.145  -38.048  72.186 0.2222220004
129133  13.239  -31.412  74.201 0.1111110002
36806  19.133  -28.073  73.145 0.4444440007
115898  18.720  -27.915  74.226 0.3333329856
36798  17.963  -27.754  74.332 0.2222220004
35939  17.753  -28.367  74.224 0.2222220004
34138  11.133  -30.474  74.087 0.2222220004
35023  10.949  -29.968  73.607 0.2222220004
34150  10.628  -30.625  72.616 0.3333329856
35024  10.473  -30.530  73.189 0.3333329856
33119  10.284  -32.358  71.541 0.6666669846
120790  9.769  -31.955  72.243 0.5555559993
32074  9.701  -33.991  70.998 0.6666669846
32063  9.336  -33.452  71.910 0.6666669846
31070  9.159  -34.290  72.255 0.4444440007
31071  9.022  -35.064  71.997 0.5555559993
28005  9.073  -36.848  72.445 0.4444440007
28004  9.357  -37.568  72.492 0.3333329856
28010  9.128  -38.309  72.264 0.4444440007
26138  9.241  -40.184  71.139 0.2222220004
27060  9.460  -40.207  68.453 0.2222220004
37696  17.006  -27.346  73.043 0.3333329856
34136  13.999  -31.581  73.775 0.1111110002
37691  16.766  -27.490  73.593 0.2222220004
35021  12.552  -29.206  74.147 0.1111110002
119133  13.373  -30.546  74.076 0.1111110002
134713  18.015  -27.565  74.020 0.3333329856
36800  16.309  -27.797  73.759 0.2222220004
35944  11.892  -28.589  73.898 0.1111110002
36807  18.418  -27.764  73.121 0.4444440007
37690  17.486  -27.514  73.908 0.2222220004
35940  16.885  -28.214  73.915 0.2222220004
35958  11.865  -28.526  73.394 0.2222220004
35022  11.481  -29.451  74.041 0.1111110002
36816  18.905  -28.173  71.831 0.4444440007
35954  17.006  -28.994  73.325 0.2222220004
35034  10.915  -29.870  73.139 0.2222220004
35043  11.217  -30.082  72.440 0.5555559993
34161  11.209  -30.979  71.760 0.5555559993
34162  10.392  -31.441  71.987 0.5555559993
32067  10.006  -33.156  71.245 0.5555559993
31074  9.435  -34.825  70.699 0.5555559993
31075  9.118  -35.290  71.401 0.5555559993
28954  8.479  -36.821  70.978 0.4444440007
124771  8.621  -38.458  71.765 0.4444440007
27049  8.403  -39.171  71.021 0.3333329856
126446  14.104  -30.730  73.529 0.1111110002
35020  13.878  -29.804  73.855 0.1111110002
126009  15.573  -27.651  73.480 0.2222220004
118834  16.600  -27.322  72.132 0.4444440007
35941  14.656  -28.412  73.640 0.1111110002
36804  12.394  -28.010  73.633 0.3333329856
36831  18.535  -28.208  70.526 0.5555559993
36817  18.084  -27.788  71.803 0.4444440007
37709  16.654  -27.432  71.112 0.4444440007
35971  12.140  -28.793  72.457 0.3333329856
36830  19.414  -28.480  70.747 0.5555559993
36843  18.055  -28.027  69.682 0.4444440007
37719  17.321  -27.743  69.039 0.4444440007
35981  12.769  -29.483  71.246 0.5555559993
35052  12.455  -30.462  71.021 0.5555559993
36829  20.222  -28.747  70.662 0.5555559993
36841  19.832  -28.621  69.846 0.6666669846
36863  18.802  -28.211  68.630 0.4444440007
36884  18.112  -27.917  68.254 0.5555559993
37750  17.378  -27.662  67.868 0.5555559993
118558  17.372  -27.552  67.137 0.5555559993
35051  12.912  -30.237  70.397 0.5555559993
35059  12.657  -31.037  70.023 0.6666669846
116215  20.178  -28.620  69.006 0.6666669846
118319  19.387  -28.444  69.171 0.6666669846
36883  18.861  -28.039  67.808 0.6666669846
37749  18.137  -27.724  67.292 0.5555559993
37764  17.677  -27.515  66.505 0.5555559993
37777  17.038  -27.478  65.798 0.6666669846
33118  11.302  -31.994  71.077 0.5555559993
37776  18.078  -27.487  65.682 0.6666669846
32080  10.477  -33.506  70.198 0.5555559993
31079  9.636  -35.157  69.464 0.5555559993
29986  8.854  -35.995  71.112 0.5555559993
28024  8.002  -38.312  69.867 0.5555559993
28017  8.270  -37.890  70.975 0.4444440007
27050  7.947  -39.609  70.025 0.5555559993
37697  16.225  -27.198  72.831 0.2222220004
37692  15.913  -27.393  73.269 0.3333329856
37698  15.276  -27.034  72.609 0.2222220004
36801  14.916  -27.722  73.490 0.2222220004
37694  14.508  -27.414  73.301 0.2222220004
36809  13.080  -27.602  73.135 0.4444440007
35970  12.879  -28.407  71.826 0.5555559993
136037  16.012  -27.298  70.659 0.3333329856
37701  15.074  -27.013  71.685 0.4444440007
36820  13.266  -27.706  72.251 0.4444440007
37720  16.555  -27.521  70.007 0.5555559993
117364  15.650  -27.404  69.892 0.4444440007
36840  20.607  -28.828  69.742 0.5555559993
37736  16.545  -27.543  68.167 0.5555559993
34173  12.052  -31.264  70.941 0.5555559993
36862  19.635  -28.360  68.234 0.5555559993
37765  16.888  -27.493  66.645 0.5555559993
34174  11.991  -31.897  69.968 0.5555559993
36882  20.188  -28.305  67.483 0.5555559993
37762  19.310  -27.743  66.285 0.5555559993
33134  11.534  -32.554  69.408 0.5555559993
32079  11.005  -33.243  69.126 0.5555559993
125283  10.480  -33.899  69.345 0.5555559993
31078  10.014  -34.344  69.961 0.5555559993
29985  9.211  -35.612  70.383 0.5555559993
29995  8.937  -36.385  70.043 0.6666669846
37702  14.544  -27.113  72.115 0.2222220004
37699  14.513  -27.141  72.907 0.2222220004
37710  15.307  -27.209  70.810 0.4444440007
37711  14.637  -27.300  71.132 0.4444440007
135185  13.321  -28.876  70.901 0.5555559993
121757  16.150  -27.498  69.038 0.5555559993
37721  15.284  -27.567  69.069 0.4444440007
37722  14.834  -27.552  69.982 0.4444440007
36833  14.169  -27.769  70.557 0.4444440007
36828  21.011  -29.002  70.526 0.5555559993
36839  21.388  -29.045  69.668 0.5555559993
37751  16.750  -27.528  67.369 0.4444440007
37737  15.658  -27.556  68.256 0.4444440007
36844  14.741  -27.790  69.068 0.4444440007
36861  21.013  -28.801  68.917 0.6666669846
37752  15.997  -27.555  67.500 0.4444440007
36885  15.258  -27.787  67.561 0.4444440007
35058  13.147  -30.326  69.580 0.5555559993
126374  12.457  -31.539  69.245 0.5555559993
37763  18.518  -27.622  66.445 0.6666669846
36913  20.131  -27.889  66.036 0.6666669846
131986  16.292  -27.585  66.898 0.5555559993
129158  18.848  -27.577  65.832 0.6666669846
125290  17.465  -27.471  65.015 0.6666669846
122686  16.201  -27.658  66.152 0.6666669846
137333  16.434  -27.660  65.583 0.6666669846
118610  23.029  -29.481  71.416 0.4444440007
36834  13.566  -28.101  71.184 0.5555559993
35980  13.286  -29.562  70.223 0.5555559993
138518  22.230  -29.301  71.133 0.5555559993
35977  22.530  -29.362  70.392 0.5555559993
36846  13.711  -28.618  70.037 0.4444440007
35978  21.779  -29.218  70.439 0.5555559993
36881  20.898  -28.470  67.508 0.7777780294
36865  14.944  -27.774  68.336 0.4444440007
35987  13.926  -28.757  68.927 0.4444440007
35988  13.522  -29.521  69.271 0.4444440007
118547  20.571  -28.547  68.188 0.7777780294
36866  14.421  -28.214  68.566 0.4444440007
36897  20.730  -28.237  66.724 0.5555559993
36900  15.643  -27.793  66.824 0.5555559993
37774  19.501  -27.659  65.516 0.6666669846
36886  14.592  -28.303  67.633 0.5555559993
33135  11.065  -32.914  69.903 0.5555559993
37775  18.799  -27.491  65.196 0.6666669846
37792  17.859  -27.336  64.371 0.6666669846
119538  16.565  -27.637  64.994 0.6666669846
36002  13.631  -29.524  68.337 0.5555559993
32086  10.595  -33.813  68.463 0.5555559993
31083  10.173  -34.471  68.907 0.5555559993
37791  18.659  -27.365  64.457 0.6666669846
35976  23.964  -29.493  71.168 0.4444440007
118228  23.286  -29.441  70.283 0.5555559993
35985  22.613  -29.243  69.039 0.5555559993
36860  21.491  -28.731  68.041 0.6666669846
36880  21.509  -28.523  67.144 0.6666669846
36901  14.968  -28.165  66.847 0.5555559993
123578  19.293  -27.249  63.780 0.6666669846
37790  19.473  -27.525  64.686 0.6666669846
36914  15.308  -28.115  65.965 0.5555559993
36001  14.037  -28.861  68.019 0.5555559993
37793  17.033  -27.392  64.321 0.6666669846
37815  18.322  -27.107  63.762 0.6666669846
37816  17.472  -27.092  63.725 0.6666669846
35984  23.305  -29.344  69.345 0.6666669846
35999  23.899  -29.171  68.743 0.6666669846
36000  23.147  -29.217  68.642 0.6666669846
119537  22.486  -29.007  68.197 0.6666669846
36896  21.600  -28.292  66.339 0.5555559993
36911  21.707  -28.085  65.651 0.5555559993
36912  20.991  -28.023  65.804 0.6666669846
37772  21.351  -27.890  65.045 0.5555559993
37773  20.377  -27.791  65.053 0.6666669846
37789  21.005  -27.678  64.278 0.6666669846
131787  14.506  -28.657  66.889 0.5555559993
126460  20.162  -27.509  64.122 0.6666669846
133641  15.867  -27.930  64.702 0.6666669846
36935  15.324  -28.284  64.968 0.6666669846
124397  20.044  -27.282  63.439 0.6666669846
38634  18.761  -26.823  63.089 0.6666669846
38635  17.888  -26.682  63.148 0.6666669846
37817  16.642  -27.240  63.589 0.6666669846
37842  19.609  -26.983  62.960 0.6666669846
38636  17.066  -26.720  63.090 0.6666669846
38656  19.166  -26.548  62.383 0.6666669846
38657  18.320  -26.382  62.486 0.6666669846
36910  22.419  -28.255  65.959 0.5555559993
36934  22.161  -27.952  65.135 0.5555559993
37788  21.851  -27.739  64.378 0.6666669846
37813  21.542  -27.516  63.610 0.6666669846
37841  20.395  -27.117  62.870 0.6666669846
38658  17.487  -26.318  62.504 0.5555559993
38682  18.748  -26.103  61.819 0.5555559993
36893  24.346  -28.284  66.856 0.7777780294
36909  23.198  -28.216  65.963 0.5555559993
37771  22.986  -27.969  65.281 0.5555559993
37840  21.201  -27.233  62.883 0.6666669846
38654  20.797  -26.816  62.249 0.6666669846
38655  19.983  -26.703  62.285 0.5555559993
38680  20.367  -26.402  61.614 0.5555559993
38681  19.554  -26.271  61.694 0.4444440007
37748  25.014  -27.952  66.958 0.7777780294
37760  24.598  -27.786  66.149 0.6666669846
137481  25.298  -28.097  67.565 0.7777780294
37761  23.790  -27.867  65.599 0.5555559993
37811  23.141  -27.408  63.943 0.6666669846
37812  22.398  -27.493  63.746 0.6666669846
37839  22.087  -27.255  62.965 0.5555559993
129543  21.204  -26.500  61.608 0.5555559993
39594  19.149  -25.783  61.223 0.4444440007
39593  19.901  -25.899  60.996 0.4444440007
38623  24.609  -26.922  64.315 0.6666669846
118212  24.509  -27.398  65.206 0.6666669846
116767  23.806  -26.745  63.081 0.7777780294
38633  23.059  -27.096  63.162 0.6666669846
120668  21.649  -26.893  62.260 0.5555559993
38705  20.794  -26.048  60.983 0.5555559993
38704  21.631  -26.145  61.009 0.4444440007
37759  25.497  -27.419  66.438 0.6666669846
38616  25.115  -26.954  64.979 0.6666669846
38632  24.447  -26.569  63.419 0.7777780294
38652  24.238  -26.334  62.650 0.7777780294
116948  23.443  -26.593  62.452 0.6666669846
39579  23.903  -26.134  61.885 0.6666669846
38653  22.573  -26.817  62.337 0.6666669846
39592  22.892  -26.015  60.940 0.5555559993
39617  20.431  -25.498  60.419 0.3333329856
39615  22.226  -25.778  60.456 0.5555559993
38587  33.906  -25.906  67.834 0.5555559993
117302  33.050  -24.563  66.505 0.7777780294
131713  32.915  -25.123  67.405 0.8888890147
40635  33.176  -24.440  65.700 0.7777780294
40636  32.526  -24.256  65.894 0.8888890147
40622  32.424  -24.487  66.601 0.8888890147
41770  31.989  -23.937  65.241 0.8888890147
40638  31.058  -24.147  65.985 0.7777780294
40609  30.942  -24.858  67.054 0.7777780294
41784  31.439  -23.625  64.597 0.8888890147
41771  31.221  -23.817  65.320 0.7777780294
40626  29.158  -25.009  66.229 0.7777780294
41785  30.641  -23.580  64.600 0.7777780294
40654  29.255  -24.083  64.968 0.7777780294
39549  28.316  -25.195  65.830 0.7777780294
125432  27.869  -25.657  66.173 0.7777780294
38603  26.368  -27.005  66.772 0.7777780294
40640  28.786  -24.634  65.406 0.7777780294
38614  27.176  -26.072  65.997 0.7777780294
39550  27.574  -25.449  65.500 0.7777780294
38615  26.418  -26.334  65.565 0.6666669846
38621  26.172  -26.122  64.840 0.6666669846
119188  25.728  -26.654  65.253 0.6666669846
38631  25.206  -26.282  63.775 0.7777780294
39590  24.366  -25.655  61.355 0.7777780294
39591  23.568  -25.891  61.141 0.7777780294
39547  35.386  -25.716  65.513 0.5555559993
39533  34.928  -25.863  66.468 0.5555559993
39520  34.002  -25.601  67.502 0.6666669846
39548  34.422  -25.196  65.731 0.5555559993
40634  33.791  -24.657  65.472 0.6666669846
40652  33.481  -24.343  64.861 0.7777780294
41782  33.001  -24.024  64.186 0.8888890147
40653  32.715  -24.117  65.078 0.8888890147
41796  32.439  -23.701  63.517 0.8888890147
41783  32.197  -23.796  64.431 0.8888890147
118865  30.945  -23.419  64.023 0.7777780294
41812  31.803  -23.456  62.820 0.8888890147
41797  31.602  -23.512  63.782 0.7777780294
115221  30.822  -23.355  63.170 0.7777780294
41772  30.276  -23.952  65.300 0.7777780294
132167  29.973  -23.320  63.156 0.6666669846
41786  29.750  -23.702  64.416 0.7777780294
42870  31.934  -22.870  60.929 0.7777780294
130634  31.371  -23.084  61.433 0.7777780294
118097  31.129  -23.277  62.172 0.7777780294
41813  30.100  -23.245  62.369 0.7777780294
40655  28.430  -24.324  64.647 0.7777780294
40641  27.997  -24.867  65.077 0.7777780294
39562  26.589  -25.544  64.434 0.6666669846
41826  30.587  -23.125  61.505 0.7777780294
129721  29.443  -23.319  62.834 0.6666669846
41798  29.336  -23.519  63.541 0.6666669846
40656  27.685  -24.592  64.298 0.8888890147
39561  27.276  -25.186  64.748 0.7777780294
41834  31.097  -22.907  60.785 0.8888890147
41827  29.676  -23.160  61.515 0.7777780294
116776  28.748  -23.461  62.857 0.7777780294
41799  28.481  -23.749  63.482 0.7777780294
136718  27.979  -23.944  63.435 0.7777780294
40657  26.984  -24.959  63.993 0.8888890147
39570  26.355  -25.368  63.718 0.7777780294
39563  25.915  -25.905  64.112 0.6666669846
44844  31.154  -20.204  58.884 0.7777780294
42891  31.149  -22.058  59.506 0.7777780294
42879  30.761  -22.637  60.072 0.7777780294
41835  30.202  -22.984  60.756 0.7777780294
41836  29.212  -23.100  60.707 0.7777780294
41837  28.341  -23.361  61.073 0.7777780294
39578  25.650  -25.379  62.482 0.7777780294
39571  25.726  -25.694  63.354 0.7777780294
43895  31.216  -21.196  59.122 0.6666669846
42892  30.406  -22.388  59.395 0.6666669846
42880  29.895  -22.828  59.991 0.7777780294
41850  28.457  -23.162  60.199 0.6666669846
134972  24.727  -25.804  62.154 0.7777780294
39572  25.025  -26.046  62.955 0.7777780294
44856  30.602  -19.810  58.407 0.5555559993
130893  30.744  -21.834  59.001 0.5555559993
42905  30.147  -22.065  58.730 0.5555559993
42893  29.607  -22.608  59.267 0.6666669846
38613  35.872  -26.366  66.165 0.4444440007
39560  35.977  -25.449  64.681 0.4444440007
132599  35.050  -25.220  64.944 0.5555559993
40650  35.376  -24.958  64.198 0.4444440007
118127  34.803  -24.613  63.843 0.5555559993
40651  34.381  -24.725  64.718 0.5555559993
40667  33.964  -24.267  63.851 0.7777780294
41795  33.295  -23.885  63.214 0.7777780294
41811  32.729  -23.555  62.530 0.8888890147
42869  32.726  -22.864  61.122 0.8888890147
42877  32.523  -22.356  60.560 0.8888890147
42878  31.695  -22.345  60.166 0.7777780294
43884  32.396  -21.533  60.131 0.8888890147
44843  31.660  -20.357  59.450 0.7777780294
45797  31.545  -19.510  59.228 0.8888890147
45798  31.090  -19.415  58.749 0.7777780294
125836  28.653  -22.859  59.217 0.6666669846
45807  31.343  -18.935  58.848 0.8888890147
45808  30.713  -18.996  58.408 0.8888890147
45809  30.116  -19.245  57.916 0.5555559993
44857  29.948  -20.462  57.857 0.5555559993
133478  29.816  -21.588  58.118 0.5555559993
42919  29.095  -21.981  57.767 0.5555559993
46827  31.022  -18.557  58.321 0.5555559993
46828  30.354  -18.584  57.833 0.5555559993
45817  29.522  -19.617  57.368 0.5555559993
44863  29.325  -20.602  57.173 0.5555559993
46840  29.668  -18.691  57.328 0.4444440007
45818  29.110  -19.072  56.818 0.4444440007
38612  36.999  -26.609  66.051 0.2222220004
39559  37.105  -25.485  64.689 0.4444440007
40649  36.601  -24.866  63.907 0.4444440007
41806  37.201  -23.054  62.570 0.5555559993
132768  36.974  -23.650  62.841 0.5555559993
133080  36.590  -24.238  63.210 0.4444440007
40665  35.682  -24.461  63.360 0.5555559993
43857  37.155  -21.677  62.633 0.5555559993
40676  36.154  -23.883  62.701 0.5555559993
41808  35.642  -23.506  62.197 0.6666669846
40666  34.791  -24.260  63.163 0.6666669846
42860  36.933  -22.407  62.249 0.5555559993
41807  36.488  -23.102  62.211 0.6666669846
41821  35.810  -22.863  61.752 0.7777780294
41809  34.881  -23.822  62.401 0.6666669846
41794  34.116  -23.956  62.840 0.7777780294
41810  33.589  -23.621  62.308 0.7777780294
42866  35.486  -22.259  61.293 0.7777780294
41822  34.987  -23.148  61.637 0.7777780294
125372  34.314  -23.590  62.114 0.7777780294
42867  34.454  -22.384  61.019 0.7777780294
42868  33.525  -22.748  61.142 0.8888890147
41824  33.124  -23.270  61.682 0.8888890147
43882  34.095  -21.471  60.767 0.8888890147
42875  33.696  -22.193  60.768 0.8888890147
123077  33.705  -20.521  60.697 0.7777780294
42876  33.131  -22.425  60.786 0.8888890147
125581  32.546  -19.888  60.202 0.7777780294
43883  33.207  -21.639  60.505 0.7777780294
45786  32.658  -19.296  60.157 0.7777780294
44827  32.844  -20.599  60.335 0.8888890147
46801  32.763  -18.848  59.925 0.7777780294
45787  32.078  -19.665  59.775 0.8888890147
46814  32.521  -18.534  59.203 0.8888890147
45796  32.021  -18.954  59.493 0.8888890147
46825  33.289  -18.346  58.684 0.8888890147
46826  32.456  -18.319  58.354 0.7777780294
46815  31.759  -18.540  58.760 0.8888890147
46838  32.480  -18.299  57.602 0.6666669846
115547  32.859  -18.417  57.044 0.4444440007
46850  32.123  -18.291  57.036 0.6666669846
125665  30.770  -18.348  57.687 0.5555559993
132506  33.320  -18.529  55.759 0.3333329856
46851  31.858  -18.317  56.231 0.4444440007
46852  30.907  -18.033  56.156 0.4444440007
47882  29.422  -17.769  56.158 0.4444440007
38611  38.065  -26.496  66.143 0.2222220004
39545  37.525  -25.991  65.439 0.3333329856
39544  38.393  -25.769  65.657 0.3333329856
40648  37.841  -24.785  64.353 0.3333329856
42850  37.567  -22.496  62.819 0.6666669846
41793  37.713  -23.352  63.239 0.4444440007
40664  37.400  -24.164  63.508 0.4444440007
43858  36.556  -21.598  62.069 0.6666669846
43872  35.871  -21.452  61.566 0.7777780294
43873  35.026  -21.287  61.039 0.7777780294
133944  34.303  -20.083  61.142 0.7777780294
44812  34.016  -19.604  60.951 0.7777780294
44826  34.395  -20.706  60.939 0.8888890147
46790  34.058  -18.960  60.965 0.7777780294
46799  34.397  -18.460  60.673 0.8888890147
45785  33.371  -19.239  60.581 0.7777780294
117735  33.941  -18.353  59.017 0.8888890147
46813  33.313  -18.503  59.553 0.7777780294
134397  34.280  -18.420  58.156 0.8888890147
46836  35.120  -18.351  57.402 0.8888890147
46837  33.325  -18.409  57.657 0.7777780294
46847  35.200  -18.287  56.448 0.8888890147
46848  34.398  -18.485  56.450 0.7777780294
46849  33.559  -18.514  56.629 0.6666669846
131073  33.962  -18.540  55.958 0.4444440007
40647  38.485  -24.393  64.725 0.2222220004
41781  38.712  -23.582  64.774 0.5555559993
39557  38.530  -25.078  65.160 0.3333329856
41792  38.309  -23.275  63.893 0.4444440007
44798  36.437  -20.465  62.979 0.7777780294
46771  36.204  -18.970  62.961 0.6666669846
44799  35.875  -19.932  62.695 0.7777780294
46781  36.295  -18.463  62.761 0.8888890147
45773  35.701  -19.377  62.503 0.7777780294
136806  35.598  -20.178  62.256 0.8888890147
47828  36.488  -17.828  61.670 0.8888890147
46782  35.623  -18.746  62.283 0.8888890147
46783  35.028  -18.823  61.825 0.7777780294
126078  34.718  -19.661  61.517 0.8888890147
47840  36.553  -17.754  60.744 0.8888890147
46788  35.287  -18.335  61.738 0.8888890147
46789  34.689  -18.613  61.364 0.8888890147
45780  34.609  -19.170  61.474 0.7777780294
47841  35.826  -17.877  60.429 0.8888890147
46798  35.063  -18.090  61.050 0.8888890147
46811  35.229  -18.179  59.203 0.8888890147
46824  34.615  -18.315  58.875 0.8888890147
46822  36.093  -18.023  58.732 0.8888890147
46823  35.259  -18.285  58.349 0.8888890147
46835  36.002  -18.136  57.843 0.8888890147
46846  35.942  -18.075  56.994 0.8888890147
47881  35.944  -17.977  56.259 0.6666669846
40633  39.066  -24.436  65.615 0.2222220004
43815  37.976  -21.090  65.448 0.3333329856
41769  39.057  -23.365  65.978 0.4444440007
42834  38.462  -22.657  64.397 0.5555559993
43826  38.282  -21.890  64.978 0.4444440007
43843  37.675  -21.627  63.463 0.6666669846
45756  37.333  -19.856  64.903 0.6666669846
132294  36.794  -20.369  63.591 0.7777780294
45768  36.858  -19.363  63.870 0.6666669846
45769  36.219  -19.498  63.029 0.6666669846
119775  37.143  -17.731  61.082 0.8888890147
119330  37.390  -17.739  60.294 0.8888890147
47852  37.642  -17.675  59.377 0.8888890147
136114  36.415  -17.879  59.205 0.8888890147
134534  35.914  -17.956  59.535 0.8888890147
47861  37.450  -17.628  58.523 0.8888890147
47870  37.298  -17.569  57.760 0.8888890147
47862  36.741  -17.855  58.202 0.8888890147
48963  37.755  -17.050  57.174 0.8888890147
47871  36.644  -17.846  57.423 0.7777780294
48971  37.625  -16.664  56.308 0.7777780294
47879  37.256  -17.260  56.622 0.7777780294
47880  36.631  -17.688  56.582 0.7777780294
43804  38.099  -21.019  66.455 0.3333329856
45747  37.410  -19.224  64.999 0.5555559993
133431  37.235  -18.847  64.287 0.7777780294
47818  36.595  -18.072  62.500 0.8888890147
47827  37.365  -17.812  61.855 0.8888890147
47851  38.244  -17.646  60.122 0.8888890147
47839  37.893  -17.753  60.937 0.8888890147
48947  38.540  -17.338  59.387 0.8888890147
47860  38.098  -17.429  58.780 0.8888890147
48955  38.696  -16.843  58.581 0.8888890147
50059  38.980  -16.080  58.056 0.8888890147
48962  38.446  -16.543  57.657 0.8888890147
47869  37.995  -17.253  58.072 0.8888890147
50069  38.809  -15.784  57.411 0.8888890147
48970  38.290  -16.130  56.762 0.8888890147
137781  38.274  -21.197  66.958 0.3333329856
45746  37.554  -19.689  65.833 0.3333329856
47800  38.238  -17.872  63.402 0.7777780294
47801  37.521  -18.174  63.613 0.8888890147
47825  39.291  -17.575  61.536 1.0000000000
47816  38.597  -17.768  62.426 1.0000000000
47817  37.488  -17.977  62.809 0.8888890147
47838  38.744  -17.650  60.829 0.8888890147
122239  39.753  -16.974  60.350 1.0000000000
47850  39.062  -17.396  60.105 0.8888890147
48946  39.392  -16.740  59.436 0.8888890147
50058  39.434  -15.458  58.265 1.0000000000
129179  39.103  -15.588  57.796 0.8888890147
50068  39.200  -15.090  57.485 0.8888890147
50080  38.760  -15.309  56.806 0.8888890147
45737  37.729  -19.520  66.833 0.3333329856
47782  37.909  -18.084  65.127 0.5555559993
46749  37.537  -18.963  65.954 0.3333329856
47799  39.027  -17.595  63.097 0.7777780294
124486  38.040  -17.977  64.275 0.7777780294
47814  40.143  -17.159  61.695 0.7777780294
47815  39.577  -17.456  62.413 0.7777780294
48936  40.403  -16.600  60.919 1.0000000000
48945  40.128  -16.253  60.001 1.0000000000
50053  39.863  -15.730  59.144 1.0000000000
48954  39.313  -16.199  58.679 1.0000000000
51167  39.658  -14.592  58.054 1.0000000000
50079  39.108  -14.677  56.829 1.0000000000
51197  39.304  -13.953  56.454 1.0000000000
51198  38.755  -14.751  56.136 0.8888890147
52270  39.710  -13.464  57.120 1.0000000000
47749  37.930  -17.961  66.706 0.3333329856
46734  37.763  -18.571  66.788 0.3333329856
48910  39.660  -17.187  63.278 0.6666669846
47780  38.855  -17.409  64.083 0.7777780294
118409  40.902  -15.981  61.222 0.8888890147
115185  40.742  -16.486  61.832 0.6666669846
50045  40.670  -15.720  60.491 1.0000000000
50052  40.349  -15.467  59.792 1.0000000000
51155  39.860  -14.931  58.692 1.0000000000
51154  40.250  -14.840  59.291 1.0000000000
51166  40.150  -14.116  58.654 1.0000000000
51182  39.485  -14.263  57.299 1.0000000000
52277  39.604  -13.117  56.474 1.0000000000
52284  39.257  -13.175  55.733 1.0000000000
46733  38.071  -18.765  67.635 0.3333329856
47748  38.242  -17.521  67.202 0.3333329856
122365  39.556  -16.812  64.091 0.5555559993
47781  38.390  -17.406  65.139 0.4444440007
48909  40.241  -16.573  63.501 0.6666669846
50030  40.905  -16.118  62.801 0.6666669846
51142  40.713  -14.704  60.079 1.0000000000
118622  40.520  -14.118  59.379 1.0000000000
52261  40.251  -13.328  58.269 1.0000000000
52269  40.093  -13.004  57.634 1.0000000000
53301  39.927  -12.677  56.936 1.0000000000
115069  39.707  -12.295  56.131 1.0000000000
53327  39.104  -12.011  54.966 1.0000000000
47747  38.732  -17.064  67.805 0.3333329856
48876  38.892  -16.207  66.443 0.4444440007
48877  38.535  -16.863  65.956 0.3333329856
48893  39.857  -16.167  64.491 0.5555559993
48894  39.052  -16.648  65.140 0.3333329856
132437  41.202  -15.215  62.614 0.6666669846
51141  41.115  -14.008  60.688 0.8888890147
132948  41.296  -14.954  61.905 0.7777780294
50038  41.109  -15.691  61.892 0.7777780294
52249  40.843  -13.686  59.856 0.8888890147
115739  40.625  -13.283  58.997 0.8888890147
53300  40.263  -12.315  57.406 1.0000000000
53309  40.078  -11.879  56.839 1.0000000000
54369  39.840  -11.337  56.223 1.0000000000
54382  39.421  -11.506  55.436 1.0000000000
55419  39.488  -10.717  55.804 1.0000000000
55420  38.957  -10.558  55.215 1.0000000000
48859  39.032  -16.235  67.574 0.4444440007
50002  39.469  -15.737  65.668 0.4444440007
49989  39.821  -14.925  66.048 0.2222220004
50001  40.118  -15.343  64.870 0.3333329856
51101  40.720  -14.952  64.164 0.4444440007
50016  40.547  -15.796  63.828 0.5555559993
51117  41.324  -14.364  62.448 0.6666669846
52240  41.310  -13.205  61.272 0.8888890147
51126  41.302  -14.202  61.581 0.7777780294
130391  40.945  -12.938  59.631 0.8888890147
53290  40.910  -12.318  59.075 0.8888890147
55408  39.727  -10.505  56.453 1.0000000000
55409  38.913  -9.887  55.989 1.0000000000
56494  38.050  -9.658  55.208 1.0000000000
55431  37.657  -10.023  54.368 0.8888890147
116186  41.289  -13.672  63.094 0.5555559993
51100  41.150  -14.506  63.412 0.6666669846
52230  41.360  -13.510  62.220 0.7777780294
52248  41.119  -13.098  60.343 0.8888890147
54345  40.826  -11.513  58.440 0.8888890147
55398  40.640  -10.798  57.954 0.8888890147
54354  40.484  -11.513  57.513 0.8888890147
54368  40.132  -11.135  56.833 0.8888890147
56487  37.191  -8.679  55.545 1.0000000000
56495  36.929  -9.072  54.921 0.8888890147
56496  35.958  -8.401  54.623 1.0000000000
119648  41.337  -12.682  62.088 0.6666669846
53284  41.247  -12.420  60.742 0.8888890147
54331  41.032  -11.372  59.426 0.8888890147
55407  40.124  -10.414  57.289 0.8888890147
56478  39.327  -9.690  56.828 0.8888890147
56486  37.849  -8.910  56.061 1.0000000000
57537  36.425  -7.952  55.282 1.0000000000
57547  35.336  -7.758  54.074 1.0000000000
136821  35.033  -8.196  53.757 0.8888890147
119500  41.228  -11.770  61.234 0.7777780294
54312  41.006  -10.814  60.194 0.8888890147
55391  40.286  -10.029  58.132 0.8888890147
56479  38.516  -9.137  56.585 0.8888890147
57530  36.496  -7.028  55.364 1.0000000000
57538  35.904  -7.392  54.740 1.0000000000
57548  34.883  -7.838  53.431 1.0000000000
117263  34.879  -7.562  52.010 0.7777780294
55379  40.824  -10.350  59.501 0.7777780294
56470  39.529  -9.454  57.665 0.8888890147
56471  38.637  -8.836  57.269 0.8888890147
57520  37.694  -8.123  56.827 0.8888890147
57529  36.996  -7.707  56.046 1.0000000000
123793  37.192  -6.625  55.340 1.0000000000
57557  38.548  -7.699  52.432 1.0000000000
58737  36.817  -6.618  53.906 1.0000000000
57558  37.535  -7.326  52.154 1.0000000000
58747  37.740  -6.949  53.044 1.0000000000
58748  36.568  -6.853  53.108 1.0000000000
117630  37.760  -7.852  51.245 1.0000000000
58759  36.336  -7.115  52.341 1.0000000000
58738  35.840  -6.925  54.061 1.0000000000
133454  36.962  -7.425  51.636 1.0000000000
58739  35.512  -7.236  53.234 1.0000000000
57580  37.761  -8.227  50.418 1.0000000000
124656  36.937  -7.765  50.966 1.0000000000
57568  36.067  -7.375  51.687 1.0000000000
116831  36.886  -8.146  50.162 0.8888890147
57581  35.917  -7.710  50.875 0.8888890147
58760  35.489  -7.314  52.447 1.0000000000
58749  34.928  -7.564  52.855 1.0000000000
57596  37.648  -8.543  49.616 0.7777780294
130357  36.888  -8.534  49.482 0.7777780294
56448  39.703  -8.983  59.312 0.8888890147
56461  39.658  -9.233  58.505 0.8888890147
57494  38.723  -8.495  58.168 0.8888890147
57506  37.904  -7.885  57.650 0.8888890147
57507  37.562  -7.347  57.225 0.8888890147
57521  37.275  -7.188  56.662 0.8888890147
58718  37.098  -6.800  56.061 1.0000000000
58736  37.926  -6.719  53.863 1.0000000000
57567  38.523  -7.976  51.643 1.0000000000
57579  38.682  -8.306  50.729 1.0000000000
118376  39.155  -8.176  51.993 1.0000000000
117410  38.471  -8.529  49.838 1.0000000000
115532  39.271  -8.518  49.996 1.0000000000
57617  38.342  -8.763  48.929 0.7777780294
58677  38.077  -7.011  58.557 0.7777780294
58690  37.766  -7.053  57.806 0.7777780294
116090  39.060  -8.494  58.908 0.7777780294
59754  37.926  -6.563  57.457 0.7777780294
58707  37.392  -6.802  56.575 0.8888890147
59781  37.641  -6.591  56.274 0.8888890147
58717  37.995  -6.499  55.594 1.0000000000
58725  39.075  -7.012  54.828 1.0000000000
58726  38.026  -6.580  54.686 1.0000000000
57566  39.896  -8.422  51.925 1.0000000000
57555  40.384  -8.450  52.697 1.0000000000
122880  40.715  -8.333  51.795 1.0000000000
57545  39.641  -8.089  53.408 1.0000000000
57546  38.737  -7.492  53.201 1.0000000000
58758  41.450  -7.975  51.589 1.0000000000
57564  40.980  -8.186  51.150 1.0000000000
57565  40.222  -8.391  51.059 1.0000000000
117733  39.349  -8.325  51.328 1.0000000000
57576  40.904  -8.204  50.491 1.0000000000
57577  40.148  -8.389  50.077 1.0000000000
57578  39.544  -8.420  50.636 1.0000000000
57595  39.008  -8.627  49.355 1.0000000000
57594  39.697  -8.505  49.312 1.0000000000
56555  38.718  -8.920  48.022 0.7777780294
57637  39.589  -8.802  47.890 1.0000000000
59733  38.415  -6.619  58.806 0.7777780294
59743  38.145  -6.591  58.166 0.7777780294
59766  38.478  -6.407  56.979 0.7777780294
59780  38.332  -6.494  56.278 0.8888890147
58716  39.197  -6.875  55.644 1.0000000000
57542  42.182  -8.032  53.444 0.8888890147
57543  41.531  -8.483  53.781 1.0000000000
57544  40.579  -8.454  53.645 1.0000000000
58735  38.944  -7.220  53.992 1.0000000000
57553  41.759  -8.122  52.918 1.0000000000
131113  41.128  -8.505  53.075 1.0000000000
57536  39.884  -7.975  54.253 1.0000000000
58746  41.927  -7.686  52.138 1.0000000000
58757  42.156  -7.407  51.330 1.0000000000
58789  41.522  -7.904  50.056 1.0000000000
114663  40.910  -8.222  49.816 1.0000000000
121786  40.061  -8.539  48.556 1.0000000000
57615  40.954  -8.393  48.498 1.0000000000
57636  40.478  -8.689  47.807 1.0000000000
59742  38.737  -6.276  58.524 0.5555559993
59732  38.964  -6.400  59.482 0.4444440007
59741  39.575  -6.238  58.904 0.5555559993
59753  38.597  -6.330  57.733 0.6666669846
59752  39.489  -6.363  58.031 0.5555559993
58689  39.430  -6.558  57.207 0.7777780294
58706  39.346  -6.749  56.417 1.0000000000
58714  42.848  -8.033  55.611 0.8888890147
124491  42.272  -8.396  55.088 0.7777780294
57528  40.770  -8.314  55.461 1.0000000000
58715  40.205  -7.629  55.912 1.0000000000
57533  42.254  -8.241  54.195 0.8888890147
57535  40.841  -8.499  54.628 0.8888890147
58723  42.749  -7.721  54.616 0.8888890147
58734  42.628  -7.453  53.686 0.8888890147
59805  42.992  -6.810  53.240 0.8888890147
58744  42.971  -6.870  52.376 0.8888890147
59841  43.661  -6.874  51.974 0.8888890147
58745  42.422  -7.365  52.786 1.0000000000
58756  42.939  -7.060  51.471 1.0000000000
136796  42.605  -7.261  50.951 1.0000000000
58771  42.237  -7.501  50.444 1.0000000000
58788  42.139  -7.760  49.617 1.0000000000
57635  41.403  -8.553  47.774 1.0000000000
55562  37.655  -10.261  45.274 0.5555559993
55593  36.674  -10.161  43.869 0.3333329856
59731  39.974  -6.170  59.894 0.5555559993
58676  40.624  -6.813  58.367 0.5555559993
58688  40.521  -7.158  57.544 0.6666669846
57526  42.153  -8.543  56.032 0.6666669846
57518  41.183  -7.975  57.106 0.5555559993
58704  42.674  -8.174  56.641 0.6666669846
57527  41.512  -8.525  55.369 0.8888890147
58705  40.367  -7.418  56.733 0.8888890147
58722  43.314  -6.879  55.057 0.7777780294
121546  43.583  -6.503  54.405 0.7777780294
58733  43.119  -6.852  54.086 0.8888890147
59804  43.582  -6.547  53.714 0.7777780294
119094  44.143  -6.288  54.268 0.7777780294
59821  43.619  -6.682  52.862 0.7777780294
59820  44.472  -6.769  52.415 0.7777780294
59862  43.771  -7.132  51.123 0.8888890147
58770  43.094  -7.281  50.562 1.0000000000
129135  42.729  -7.504  49.886 1.0000000000
57591  42.133  -7.983  49.005 1.0000000000
57613  42.443  -8.042  48.556 1.0000000000
57614  41.797  -8.232  48.473 1.0000000000
57658  41.871  -8.892  47.052 1.0000000000
56574  40.953  -8.997  47.072 1.0000000000
56623  39.932  -9.951  45.595 0.7777780294
56622  40.859  -9.945  45.277 0.7777780294
56624  39.037  -10.005  45.802 0.5555559993
55561  38.559  -10.268  45.146 0.5555559993
55575  39.633  -10.267  44.320 0.5555559993
55560  39.390  -10.254  44.993 0.5555559993
55576  38.955  -10.295  44.389 0.5555559993
55577  38.109  -10.292  44.478 0.4444440007
56665  37.172  -9.721  43.250 0.3333329856
56682  35.781  -9.280  42.609 0.1111110002
56684  33.980  -9.209  42.562 0.1111110002
57718  33.147  -8.982  42.762 0.1111110002
58891  32.324  -7.548  43.060 0.1111110002
57748  32.850  -8.150  42.521 0.1111110002
59729  42.301  -6.278  59.515 0.5555559993
58687  41.560  -7.759  57.802 0.5555559993
59739  43.044  -6.747  58.444 0.5555559993
58674  42.780  -7.415  58.034 0.5555559993
57517  41.894  -8.406  56.991 0.5555559993
59751  43.371  -6.701  57.738 0.5555559993
58713  43.257  -7.261  56.174 0.7777780294
59793  43.943  -6.219  55.022 0.5555559993
59792  44.730  -5.971  54.907 0.4444440007
59803  44.504  -6.484  53.392 0.5555559993
60857  46.358  -5.466  54.458 0.4444440007
135807  45.820  -5.960  54.125 0.5555559993
61861  47.814  -4.524  53.702 0.3333329856
60869  46.411  -5.722  53.678 0.5555559993
59818  46.335  -6.097  52.907 0.4444440007
59819  45.428  -6.583  52.732 0.6666669846
59839  45.368  -6.923  51.913 0.6666669846
59840  44.501  -7.055  51.570 0.7777780294
115989  45.340  -7.188  51.125 0.6666669846
58769  43.983  -7.343  50.302 0.8888890147
133251  45.284  -7.291  50.476 0.6666669846
58787  43.424  -7.470  49.729 1.0000000000
57612  43.087  -7.963  48.357 1.0000000000
57634  42.383  -8.359  47.811 1.0000000000
57657  42.766  -8.736  46.921 1.0000000000
56596  42.270  -9.294  46.259 1.0000000000
56620  42.613  -9.535  45.402 1.0000000000
56597  41.433  -9.378  46.363 1.0000000000
136782  41.152  -9.649  45.864 0.8888890147
56641  42.871  -9.642  44.485 1.0000000000
56621  41.731  -9.662  45.499 0.8888890147
56660  42.619  -9.527  43.699 1.0000000000
114872  41.052  -9.834  43.738 0.7777780294
56643  40.786  -10.071  44.398 0.6666669846
55559  40.151  -10.182  44.726 0.5555559993
56661  41.844  -9.604  43.672 0.6666669846
56662  40.453  -9.597  43.251 0.5555559993
56663  39.081  -9.730  43.194 0.5555559993
55591  38.573  -10.137  43.773 0.4444440007
55592  37.660  -10.136  43.826 0.3333329856
57717  41.322  -9.185  43.106 0.6666669846
128988  39.225  -9.174  42.706 0.3333329856
56664  38.131  -9.720  43.236 0.3333329856
56681  36.707  -9.256  42.668 0.3333329856
57745  35.348  -8.710  42.068 0.1111110002
56679  38.538  -9.197  42.705 0.3333329856
57743  37.188  -8.654  42.233 0.3333329856
57744  36.278  -8.699  42.154 0.2222220004
132335  42.141  -5.638  60.200 0.4444440007
61791  43.207  -4.332  60.245 0.2222220004
60796  42.782  -5.434  59.803 0.4444440007
58664  42.409  -7.003  58.761 0.5555559993
61790  43.751  -3.663  60.595 0.3333329856
120907  43.755  -3.879  59.832 0.5555559993
60817  43.851  -5.737  57.481 0.5555559993
59765  43.611  -6.502  56.788 0.4444440007
60829  44.124  -5.719  56.617 0.5555559993
60858  45.585  -5.774  54.740 0.4444440007
61848  46.985  -4.810  54.930 0.4444440007
61860  48.527  -3.767  54.371 0.1111110002
62829  49.483  -3.200  54.258 0.1111110002
61882  47.975  -4.709  52.863 0.1111110002
135037  47.153  -5.327  53.095 0.2222220004
60884  47.542  -5.298  52.377 0.2222220004
114797  46.245  -6.518  52.130 0.4444440007
60894  47.528  -5.596  51.689 0.2222220004
59838  46.902  -6.251  51.480 0.4444440007
59860  46.776  -6.626  50.679 0.5555559993
121389  46.019  -7.149  50.559 0.5555559993
58768  44.798  -7.359  50.036 0.8888890147
59884  45.636  -7.282  49.874 0.7777780294
58806  44.507  -7.584  48.726 0.8888890147
58805  45.359  -7.498  48.529 0.8888890147
58825  43.929  -7.893  48.148 1.0000000000
58824  44.772  -7.767  47.934 1.0000000000
57633  43.336  -8.284  47.565 1.0000000000
57632  44.215  -8.198  47.373 1.0000000000
57675  44.818  -8.882  45.768 1.0000000000
57655  44.525  -8.553  46.595 1.0000000000
57656  43.655  -8.643  46.753 1.0000000000
56618  44.264  -9.333  45.087 1.0000000000
56595  43.129  -9.166  46.109 1.0000000000
56639  44.489  -9.498  44.228 1.0000000000
56640  43.708  -9.558  44.386 1.0000000000
56619  43.437  -9.445  45.240 1.0000000000
57715  43.238  -9.238  43.158 1.0000000000
135240  43.266  -9.561  43.815 1.0000000000
57716  42.306  -9.171  43.172 0.6666669846
117286  41.261  -8.385  42.654 0.5555559993
57741  39.677  -8.839  42.542 0.4444440007
58902  41.665  -7.681  42.448 0.4444440007
58903  40.816  -7.900  42.315 0.3333329856
57742  38.061  -8.588  42.273 0.3333329856
60795  43.467  -4.986  59.240 0.5555559993
61803  44.159  -4.035  59.094 0.3333329856
61815  44.001  -4.954  58.294 0.5555559993
60816  44.423  -5.057  57.477 0.4444440007
60828  44.811  -5.196  56.728 0.4444440007
60843  44.504  -5.720  55.789 0.4444440007
61838  45.933  -4.904  56.046 0.4444440007
61837  46.903  -4.402  55.921 0.3333329856
114869  47.651  -4.096  55.397 0.3333329856
62819  48.835  -3.219  55.727 0.1111110002
62844  49.562  -3.427  53.359 0.1111110002
61881  48.647  -3.972  53.498 0.1111110002
62827  51.449  -2.617  53.997 0.1111110002
119645  48.774  -4.210  52.628 0.1111110002
61899  48.137  -4.950  52.062 0.2222220004
116820  47.224  -6.422  50.142 0.5555559993
59883  46.562  -6.927  49.817 0.6666669846
59902  46.790  -7.024  48.948 0.6666669846
58784  45.958  -7.297  49.136 0.7777780294
58803  47.023  -7.156  48.158 0.7777780294
58804  46.203  -7.361  48.352 0.7777780294
57652  47.049  -8.131  46.091 0.7777780294
58838  47.566  -7.595  46.626 0.7777780294
58822  46.461  -7.539  47.583 0.7777780294
58823  45.626  -7.666  47.756 0.8888890147
58857  47.857  -7.878  45.855 0.8888890147
58840  45.923  -7.978  47.033 0.8888890147
57631  45.076  -8.102  47.201 1.0000000000
57671  48.155  -8.215  45.041 0.8888890147
57672  47.317  -8.427  45.260 0.8888890147
57673  46.502  -8.589  45.463 1.0000000000
57654  45.376  -8.432  46.432 1.0000000000
126701  46.769  -8.807  44.740 0.8888890147
57674  45.664  -8.751  45.603 1.0000000000
56617  45.087  -9.215  44.915 1.0000000000
56638  45.263  -9.430  44.058 1.0000000000
56658  44.668  -9.434  43.397 1.0000000000
57738  42.798  -8.536  42.767 0.8888890147
57739  41.966  -8.448  42.794 0.6666669846
61802  44.887  -3.691  59.066 0.3333329856
61814  44.648  -4.304  58.316 0.5555559993
61827  45.219  -4.429  57.605 0.3333329856
121945  48.234  -3.560  55.737 0.3333329856
62807  48.642  -3.201  56.286 0.2222220004
62843  50.584  -3.063  53.285 0.1111110002
129640  52.677  -3.432  51.510 0.1111110002
62858  51.565  -3.234  52.153 0.1111110002
62842  51.556  -2.887  53.155 0.1111110002
61880  49.642  -3.702  52.481 0.1111110002
60893  48.185  -5.286  51.238 0.2222220004
60903  48.201  -5.574  50.513 0.5555559993
59881  48.117  -6.165  49.217 0.6666669846
60912  47.853  -6.054  50.002 0.6666669846
59933  48.882  -6.841  46.903 0.6666669846
58820  48.113  -7.149  47.181 0.7777780294
59915  48.599  -6.574  47.638 0.7777780294
59916  47.813  -6.864  47.905 0.7777780294
59901  47.566  -6.681  48.689 0.6666669846
58836  49.207  -7.153  46.204 0.7777780294
58837  48.385  -7.370  46.411 0.7777780294
58821  47.287  -7.355  47.392 0.7777780294
58856  48.692  -7.649  45.656 0.7777780294
57692  48.499  -8.417  44.211 0.8888890147
57693  47.488  -8.731  44.158 1.0000000000
57695  45.975  -9.110  44.692 1.0000000000
57714  46.899  -9.059  43.374 1.0000000000
56637  45.882  -9.332  43.867 1.0000000000
56656  46.191  -9.259  43.257 1.0000000000
56657  45.421  -9.375  43.265 1.0000000000
56676  44.895  -9.213  42.644 1.0000000000
56677  44.100  -9.222  42.856 1.0000000000
57737  43.616  -8.649  42.582 0.7777780294
57736  44.422  -8.735  42.285 1.0000000000
58899  43.976  -7.955  42.171 0.7777780294
58901  42.454  -7.625  42.527 0.6666669846
125500  45.259  -3.869  58.422 0.3333329856
124109  46.010  -4.126  57.395 0.3333329856
126163  46.431  -4.220  56.764 0.4444440007
62782  46.895  -3.532  57.637 0.3333329856
61825  47.310  -3.665  56.828 0.2222220004
61913  51.157  -4.056  50.245 0.1111110002
62889  52.042  -3.847  50.118 0.1111110002
62876  51.926  -3.601  50.858 0.1111110002
62877  51.212  -3.689  51.126 0.1111110002
61896  50.468  -3.773  51.475 0.1111110002
61897  49.795  -3.935  51.780 0.1111110002
129321  52.621  -3.570  50.769 0.1111110002
124041  49.405  -5.275  49.422 0.3333329856
60910  49.474  -4.841  50.159 0.3333329856
61898  48.940  -4.477  51.672 0.1111110002
59899  49.144  -6.044  48.136 0.5555559993
60924  48.892  -5.781  48.928 0.5555559993
60911  48.657  -5.511  49.828 0.3333329856
58852  52.004  -7.114  45.114 0.3333329856
59949  50.872  -6.805  45.841 0.5555559993
59931  50.533  -6.467  46.492 0.5555559993
59932  49.686  -6.619  46.678 0.5555559993
59914  49.389  -6.334  47.381 0.6666669846
58873  52.467  -7.438  44.518 0.2222220004
58874  51.548  -7.584  44.511 0.3333329856
58875  50.674  -7.693  44.598 0.5555559993
58854  50.365  -7.326  45.341 0.5555559993
59950  50.039  -6.976  46.022 0.5555559993
59900  48.350  -6.347  48.410 0.6666669846
57708  52.359  -8.378  42.916 0.4444440007
58889  51.932  -7.989  43.735 0.4444440007
58876  49.834  -7.794  44.736 0.6666669846
57709  51.360  -8.421  42.942 0.5555559993
58890  50.996  -8.102  43.811 0.5555559993
57690  50.133  -8.200  43.994 0.6666669846
58877  49.017  -7.996  44.908 0.6666669846
57710  50.287  -8.516  43.045 0.6666669846
132360  49.591  -8.458  43.481 0.7777780294
57691  49.329  -8.264  44.144 0.8888890147
128186  48.856  -8.556  43.430 0.8888890147
57712  48.334  -8.737  42.621 1.0000000000
117641  48.137  -8.669  43.465 0.8888890147
57713  47.512  -8.885  43.012 1.0000000000
115115  46.651  -9.041  42.502 1.0000000000
56675  45.711  -9.174  42.546 1.0000000000
126782  45.979  -8.868  41.904 1.0000000000
57735  45.213  -8.812  41.986 1.0000000000
58900  43.217  -7.730  42.455 0.7777780294
59972  42.140  -6.901  42.227 0.4444440007
59970  43.771  -6.944  42.330 0.6666669846
59971  43.034  -6.932  42.363 0.5555559993
138126  42.170  -6.326  41.731 0.4444440007
59982  41.497  -6.487  41.659 0.3333329856
60990  41.814  -5.916  41.228 0.3333329856
61928  51.374  -4.392  49.449 0.2222220004
61914  50.339  -4.255  50.583 0.1111110002
133102  51.218  -5.183  48.113 0.2222220004
60922  50.800  -4.981  48.772 0.2222220004
60909  50.301  -4.739  49.584 0.2222220004
61915  49.600  -4.387  51.042 0.1111110002
59929  52.233  -6.196  46.202 0.2222220004
123038  51.558  -5.486  47.486 0.4444440007
125501  50.710  -5.672  47.613 0.4444440007
60923  49.824  -5.449  48.683 0.4444440007
59947  52.567  -6.622  45.520 0.2222220004
59930  51.384  -6.334  46.340 0.3333329856
60951  51.046  -6.013  46.993 0.4444440007
59913  50.191  -6.141  47.150 0.5555559993
60936  49.933  -5.850  47.850 0.5555559993
58888  52.868  -7.910  43.701 0.2222220004
57707  53.328  -8.319  42.947 0.2222220004
57729  53.826  -8.531  42.139 0.3333329856
57731  51.792  -8.599  41.959 0.4444440007
57732  50.751  -8.636  42.152 0.6666669846
57711  49.288  -8.652  42.753 0.8888890147
135410  48.157  -8.707  41.795 0.8888890147
57734  47.488  -8.837  42.085 1.0000000000
57763  47.529  -8.478  41.177 1.0000000000
59997  48.175  -6.513  40.239 1.0000000000
58937  47.685  -7.341  40.339 1.0000000000
57787  47.298  -7.852  40.627 1.0000000000
57764  46.557  -8.019  40.849 1.0000000000
120774  46.652  -8.656  41.579 1.0000000000
61988  47.186  -4.847  41.550 0.8888890147
59998  47.345  -6.657  40.584 1.0000000000
59976  46.716  -6.098  41.351 1.0000000000
58910  45.872  -7.108  41.212 1.0000000000
58911  45.132  -7.523  41.579 1.0000000000
57766  44.755  -8.174  41.751 1.0000000000
62963  47.022  -3.953  40.802 0.8888890147
61989  46.666  -4.851  41.466 0.8888890147
60986  46.613  -5.325  41.559 0.8888890147
59977  45.854  -5.938  41.728 1.0000000000
59978  45.101  -6.518  41.956 1.0000000000
58912  44.466  -7.118  42.094 0.8888890147
62964  46.231  -4.209  40.481 0.8888890147
62001  46.019  -4.737  41.150 0.7777780294
61990  45.249  -5.097  41.252 0.7777780294
61000  44.597  -5.414  41.411 0.5555559993
60988  44.188  -5.840  41.925 0.5555559993
59980  43.647  -6.379  42.187 0.7777780294
129723  42.568  -5.929  41.398 0.3333329856
62981  45.754  -3.822  39.710 0.7777780294
129870  42.282  -5.442  40.769 0.3333329856
132694  54.393  -8.627  41.266 0.3333329856
57757  53.399  -8.621  41.294 0.4444440007
57730  52.864  -8.584  42.091 0.4444440007
136832  51.040  -8.587  41.439 0.6666669846
57760  50.257  -8.565  41.416 0.7777780294
57733  49.808  -8.675  42.108 0.8888890147
118596  48.911  -8.718  41.956 0.8888890147
59996  49.149  -6.867  39.771 1.0000000000
58936  48.569  -7.489  40.145 1.0000000000
57786  48.075  -8.058  40.606 1.0000000000
57762  48.502  -8.509  41.228 1.0000000000
122472  48.995  -5.836  40.160 1.0000000000
61987  48.504  -4.305  41.576 1.0000000000
135001  47.818  -4.585  41.541 0.8888890147
62950  48.208  -4.069  41.487 1.0000000000
62979  47.535  -3.520  40.107 0.8888890147
62980  46.592  -3.698  39.862 0.7777780294
63882  47.540  -2.800  38.445 0.8888890147
63870  46.924  -3.246  39.011 0.8888890147
63904  47.266  -2.286  37.782 0.6666669846
63883  46.050  -2.902  38.481 0.6666669846
63884  45.146  -2.844  38.407 0.6666669846
62995  45.424  -3.358  39.004 0.6666669846
136672  46.173  -1.751  37.119 0.5555559993
64889  45.544  -1.992  37.424 0.5555559993
57780  53.804  -8.484  40.657 0.4444440007
58931  53.773  -8.091  39.976 0.5555559993
57781  53.062  -8.379  40.507 0.4444440007
57782  52.185  -8.233  40.376 0.4444440007
57759  51.607  -8.488  40.955 0.5555559993
133643  50.752  -8.369  40.775 0.7777780294
57761  49.379  -8.543  41.328 0.8888890147
57783  51.316  -8.068  40.257 0.7777780294
57784  49.863  -8.273  40.685 0.8888890147
60997  50.771  -4.957  40.141 1.0000000000
58953  50.761  -6.710  39.513 1.0000000000
58934  51.016  -7.500  39.797 1.0000000000
128424  50.422  -7.899  40.145 1.0000000000
61024  50.654  -5.756  39.637 1.0000000000
60017  49.880  -6.259  39.685 1.0000000000
58935  49.496  -7.697  40.087 1.0000000000
57785  48.965  -8.159  40.623 1.0000000000
61998  50.544  -4.293  40.972 1.0000000000
61985  50.303  -3.855  41.299 1.0000000000
121120  49.922  -5.138  40.439 1.0000000000
60984  48.980  -4.668  41.349 1.0000000000
63847  49.239  -3.476  41.177 1.0000000000
61986  49.485  -3.982  41.504 1.0000000000
62949  48.933  -3.865  41.499 1.0000000000
63868  48.471  -3.242  39.823 1.0000000000
62978  48.267  -3.488  40.680 0.8888890147
63869  47.766  -3.224  39.154 0.8888890147
62994  46.141  -3.399  39.189 0.6666669846
63903  48.137  -2.393  37.925 0.7777780294
64887  47.836  -1.795  37.290 0.5555559993
64888  46.932  -1.783  37.195 0.6666669846
64902  46.526  -1.296  36.650 0.3333329856
58949  54.285  -7.349  39.511 0.3333329856
61021  53.804  -5.151  39.140 0.7777780294
60014  53.744  -6.332  39.077 0.6666669846
58950  53.276  -7.318  39.476 0.5555559993
58932  52.759  -7.895  39.880 0.4444440007
61022  52.924  -5.471  39.292 0.7777780294
128984  52.739  -6.510  39.235 0.7777780294
58951  52.385  -7.260  39.516 0.6666669846
58933  51.879  -7.728  39.830 0.7777780294
61996  52.295  -3.993  40.707 1.0000000000
62019  52.197  -4.846  39.796 1.0000000000
58952  51.586  -7.087  39.497 0.8888890147
62959  52.339  -3.371  41.160 1.0000000000
61023  51.415  -5.314  39.709 1.0000000000
60016  51.417  -6.220  39.409 1.0000000000
63852  52.220  -2.775  40.741 0.8888890147
62960  51.777  -3.668  41.066 1.0000000000
63853  51.322  -2.965  40.710 1.0000000000
63845  50.655  -3.261  40.850 1.0000000000
61984  51.102  -3.749  41.081 1.0000000000
63846  49.867  -3.343  41.030 1.0000000000
63867  50.019  -3.076  39.495 0.7777780294
120438  49.847  -2.978  40.329 1.0000000000
116966  49.165  -3.061  39.072 0.7777780294
63881  48.346  -2.952  38.701 0.8888890147
63879  50.741  -2.898  38.716 0.6666669846
63880  49.812  -2.761  38.415 0.7777780294
121627  48.980  -2.585  38.159 0.6666669846
64886  48.858  -1.857  37.413 0.5555559993
64900  48.374  -1.281  36.749 0.5555559993
64901  47.436  -1.288  36.692 0.5555559993
65877  47.008  -0.783  36.159 0.4444440007
119430  56.068  -3.845  39.530 0.3333329856
127036  55.681  -4.833  39.183 0.3333329856
128846  54.705  -4.955  39.075 0.4444440007
62976  54.330  -3.455  40.397 0.7777780294
62017  54.072  -4.258  39.614 0.6666669846
62958  53.634  -3.030  41.330 0.7777780294
62977  53.598  -3.697  40.456 0.7777780294
62018  53.088  -4.354  39.859 0.7777780294
61995  52.945  -3.516  40.981 1.0000000000
64856  52.906  -2.380  40.676 0.7777780294
62945  52.447  -3.003  41.109 1.0000000000
63865  52.704  -2.326  40.461 0.7777780294
125332  51.982  -2.613  40.138 0.7777780294
63878  51.689  -2.838  39.036 0.7777780294
63866  51.020  -2.917  40.161 0.8888890147
63900  51.330  -2.478  38.000 0.7777780294
63901  50.398  -2.255  37.735 0.5555559993
63902  49.571  -2.245  37.766 0.5555559993
65876  47.923  -0.765  36.201 0.5555559993
65889  47.485  -0.275  35.684 0.4444440007
66895  47.059  0.213  35.173 0.2222220004
125784  56.895  -4.653  39.414 0.2222220004
63864  56.291  -2.849  40.254 0.3333329856
62975  55.263  -3.251  40.240 0.6666669846
62957  54.572  -2.689  41.372 0.7777780294
63842  54.119  -2.234  41.855 0.8888890147
64845  53.494  -2.138  41.366 1.0000000000
63877  52.535  -2.495  39.406 0.7777780294
64874  52.229  -2.414  38.273 0.7777780294
64884  51.728  -1.750  37.484 0.6666669846
64885  50.522  -1.487  37.138 0.6666669846
121479  49.801  -1.660  37.275 0.5555559993
65888  48.391  -0.236  35.719 0.4444440007
67940  48.595  1.706  33.809 0.4444440007
67925  48.910  1.206  34.336 0.4444440007
66909  48.413  0.733  34.743 0.3333329856
66894  47.952  0.237  35.209 0.4444440007
68962  49.052  2.142  33.344 0.4444440007
68963  48.372  2.148  33.364 0.2222220004
67926  48.071  1.251  34.237 0.3333329856
66910  47.558  0.740  34.696 0.3333329856
68977  48.553  2.642  32.794 0.2222220004
67941  47.735  1.868  33.671 0.2222220004
129834  47.902  2.372  33.136 0.2222220004
119666  57.322  -2.590  40.015 0.3333329856
62956  55.403  -2.564  41.149 0.6666669846
64844  54.172  -1.631  41.721 0.8888890147
120932  53.884  -1.534  40.494 0.6666669846
64866  53.251  -1.983  39.941 0.7777780294
64873  53.133  -2.173  38.670 0.7777780294
64883  52.630  -1.716  37.670 0.7777780294
65866  51.168  -1.166  36.949 0.6666669846
138388  50.637  -1.098  36.804 0.6666669846
130909  50.134  -1.124  36.783 0.6666669846
66883  50.265  -0.141  35.860 0.6666669846
65874  49.777  -0.661  36.327 0.6666669846
67924  49.803  1.135  34.523 0.5555559993
66893  49.793  0.446  35.225 0.5555559993
65887  49.327  -0.189  35.745 0.6666669846
67939  49.412  1.662  33.886 0.5555559993
66908  49.150  0.758  34.806 0.4444440007
68976  49.505  2.578  32.808 0.3333329856
69935  48.194  3.364  32.050 0.2222220004
120739  55.951  -2.076  41.565 0.5555559993
64852  57.810  -0.856  41.355 0.2222220004
64842  56.074  -1.048  42.054 0.5555559993
64843  55.398  -1.120  42.089 0.5555559993
64853  55.105  -0.822  41.624 0.6666669846
63841  54.859  -1.555  42.072 0.6666669846
64854  54.298  -1.275  41.378 0.6666669846
129502  54.739  -1.202  39.292 0.6666669846
116192  54.040  -1.752  39.197 0.6666669846
64872  54.456  -1.227  38.319 0.6666669846
64882  53.610  -1.616  37.966 0.6666669846
65864  52.957  -0.928  37.227 0.6666669846
65865  52.051  -1.019  37.060 0.6666669846
66891  51.565  0.490  35.612 0.6666669846
66882  51.143  -0.069  36.023 0.6666669846
67923  50.714  1.256  34.460 0.6666669846
67910  50.440  0.806  34.927 0.6666669846
66892  50.737  0.403  35.462 0.6666669846
67938  50.251  1.688  33.921 0.5555559993
68961  49.854  2.142  33.384 0.4444440007
69934  49.172  3.087  32.181 0.2222220004
69951  47.545  3.942  31.553 0.1111110002
131111  56.796  -2.145  40.829 0.3333329856
63851  56.661  -1.342  41.633 0.3333329856
65835  56.864  -0.710  41.729 0.2222220004
65836  56.069  -0.787  41.941 0.5555559993
134894  55.953  -0.487  41.456 0.5555559993
64864  55.353  -0.642  40.282 0.6666669846
65851  55.805  -0.291  39.416 0.6666669846
64871  55.205  -0.758  38.789 0.6666669846
65863  53.922  -0.794  37.464 0.6666669846
123334  53.735  0.371  36.440 0.5555559993
65870  53.330  -0.249  36.848 0.6666669846
66880  52.849  0.193  36.273 0.6666669846
65871  52.412  -0.370  36.694 0.7777780294
65872  51.557  -0.489  36.575 0.6666669846
66881  51.970  0.083  36.183 0.6666669846
67909  51.171  0.859  35.010 0.6666669846
67937  51.098  1.733  33.890 0.4444440007
120414  50.654  2.166  33.351 0.4444440007
68975  50.239  2.496  32.888 0.4444440007
69933  50.145  2.919  32.172 0.4444440007
69950  48.276  3.898  31.427 0.1111110002
125427  57.912  -0.245  41.487 0.2222220004
128565  57.019  -0.309  41.617 0.2222220004
65834  58.668  0.078  41.384 0.2222220004
65843  57.389  0.374  41.023 0.3333329856
66844  59.010  0.766  41.169 0.2222220004
65850  56.456  0.305  39.644 0.4444440007
67853  59.158  1.457  40.863 0.2222220004
65844  56.314  -0.118  40.623 0.6666669846
65861  55.664  0.008  38.415 0.6666669846
65862  54.831  -0.486  37.824 0.6666669846
66873  54.255  -0.026  37.084 0.6666669846
66889  53.291  0.749  35.801 0.5555559993
66890  52.407  0.614  35.709 0.5555559993
67907  52.854  1.127  35.187 0.5555559993
67922  51.556  1.350  34.490 0.5555559993
68948  51.966  1.778  33.861 0.4444440007
68960  51.469  2.166  33.292 0.4444440007
68974  51.029  2.583  32.635 0.4444440007
69932  51.086  3.064  31.740 0.4444440007
69948  50.354  3.485  31.403 0.4444440007
132693  49.656  3.396  31.672 0.4444440007
69949  48.953  3.621  31.546 0.3333329856
65842  58.185  0.231  41.432 0.2222220004
66853  58.343  1.025  41.097 0.3333329856
67865  58.948  1.628  40.960 0.2222220004
66854  57.334  1.040  40.110 0.3333329856
66852  59.475  1.200  40.558 0.2222220004
135129  58.841  2.217  40.530 0.2222220004
67875  59.652  2.083  39.785 0.2222220004
67864  59.288  2.174  40.330 0.2222220004
66872  55.177  0.347  37.411 0.6666669846
66879  54.579  0.615  36.656 0.6666669846
67896  54.955  1.180  36.232 0.6666669846
67897  54.168  0.948  35.963 0.5555559993
67906  53.747  1.276  35.277 0.5555559993
67921  52.429  1.468  34.530 0.4444440007
68947  52.925  1.885  33.802 0.6666669846
68959  52.277  2.161  33.224 0.5555559993
120817  52.979  2.206  33.051 0.5555559993
68988  51.847  2.705  32.107 0.5555559993
116652  51.815  2.430  32.776 0.4444440007
126946  51.169  3.670  30.995 0.4444440007
137937  49.963  4.243  30.622 0.4444440007
70926  49.424  4.538  30.381 0.4444440007
72853  47.064  6.540  29.845 0.1111110002
67866  58.248  1.747  40.488 0.3333329856
68888  59.498  3.066  39.749 0.2222220004
68889  58.964  2.866  40.048 0.2222220004
67877  57.281  1.697  39.278 0.4444440007
67888  56.603  1.723  38.122 0.4444440007
69861  59.778  3.686  39.210 0.2222220004
66871  55.851  1.092  37.490 0.6666669846
69883  60.068  4.354  38.114 0.3333329856
67895  55.643  1.461  36.642 0.6666669846
67904  55.408  1.692  35.979 0.6666669846
70861  59.678  4.845  37.511 0.3333329856
67905  54.705  1.571  35.453 0.5555559993
67919  54.153  1.767  34.708 0.5555559993
68937  54.889  2.079  34.805 0.5555559993
120152  53.741  1.918  34.084 0.5555559993
68958  53.788  2.221  33.345 0.5555559993
68972  53.426  2.437  32.422 0.5555559993
68987  52.712  2.717  31.802 0.5555559993
68986  53.485  2.742  31.628 0.5555559993
121811  52.052  3.261  31.239 0.4444440007
74823  46.479  8.199  30.869 0.1111110002
70904  50.447  4.024  30.768 0.4444440007
71895  47.863  6.094  29.496 0.1111110002
70925  50.304  4.525  30.256 0.4444440007
129269  48.287  5.465  29.797 0.1111110002
71880  47.591  5.576  30.037 0.1111110002
71878  49.880  5.016  29.737 0.4444440007
71879  48.997  5.176  29.786 0.1111110002
71894  48.586  5.791  29.280 0.1111110002
72860  48.191  6.571  28.965 0.1111110002
67876  58.171  2.413  39.816 0.3333329856
68902  58.264  3.140  39.260 0.3333329856
68901  59.135  3.559  39.435 0.2222220004
68903  57.389  2.426  38.687 0.3333329856
69869  59.894  4.254  38.659 0.3333329856
68919  56.854  2.445  37.799 0.3333329856
68928  56.088  2.131  36.313 0.5555559993
70852  59.695  4.622  38.229 0.3333329856
68927  56.849  2.881  37.014 0.4444440007
68935  56.565  2.918  35.927 0.5555559993
68936  55.648  2.246  35.384 0.5555559993
68945  56.308  3.039  34.977 0.5555559993
117861  55.449  2.565  34.495 0.5555559993
68946  54.549  2.275  34.085 0.5555559993
68957  54.713  2.551  33.344 0.5555559993
116247  54.242  2.488  32.756 0.5555559993
68971  54.356  2.644  31.902 0.5555559993
69947  53.051  3.198  31.102 0.5555559993
68985  53.958  3.123  31.069 0.5555559993
74819  46.604  8.583  31.847 0.1111110002
69963  52.670  3.878  30.601 0.4444440007
73882  46.611  7.511  30.198 0.1111110002
119620  52.343  4.555  30.073 0.4444440007
70924  51.252  4.389  30.294 0.4444440007
70944  51.704  4.958  29.621 0.4444440007
70945  50.774  4.911  29.676 0.4444440007
71892  50.216  5.369  29.101 0.3333329856
71893  49.360  5.525  29.172 0.3333329856
69871  58.495  3.787  38.787 0.3333329856
69870  59.331  4.272  38.674 0.3333329856
68918  57.587  3.279  38.143 0.3333329856
69884  59.153  4.874  37.845 0.3333329856
69885  58.354  4.270  38.080 0.3333329856
69894  58.258  4.631  37.224 0.4444440007
69895  57.352  3.798  36.540 0.5555559993
70876  59.558  5.597  35.282 0.3333329856
70869  58.922  5.437  35.890 0.3333329856
69903  57.137  3.781  35.561 0.5555559993
116226  59.940  5.540  34.739 0.2222220004
69912  56.047  3.182  34.051 0.4444440007
69922  60.367  4.797  34.457 0.2222220004
69924  55.507  2.967  33.330 0.4444440007
69931  55.008  2.730  32.660 0.4444440007
124374  55.258  2.909  31.930 0.5555559993
69946  54.917  3.198  31.207 0.5555559993
69945  55.852  3.453  31.530 0.5555559993
69960  55.425  3.948  30.669 0.5555559993
69961  54.457  3.853  30.569 0.5555559993
69962  53.544  3.834  30.562 0.5555559993
70921  54.915  4.590  30.103 0.5555559993
70922  54.055  4.492  30.088 0.5555559993
70923  53.221  4.461  30.122 0.4444440007
138582  53.068  4.868  29.731 0.4444440007
70943  52.573  5.093  29.493 0.4444440007
122698  52.025  5.346  29.024 0.4444440007
116498  51.118  5.316  29.036 0.4444440007
126942  54.164  5.155  29.415 0.4444440007
70942  53.747  4.883  29.691 0.4444440007
71890  53.420  5.229  29.347 0.4444440007
71891  52.791  5.393  29.070 0.4444440007
71908  53.371  5.456  28.763 0.4444440007
69893  59.098  5.244  36.942 0.3333329856
121293  58.069  4.724  36.246 0.4444440007
70887  59.192  5.830  34.225 0.3333329856
70886  59.923  5.563  33.911 0.2222220004
69911  56.914  3.817  34.632 0.4444440007
119552  56.771  3.875  33.821 0.4444440007
130751  56.172  3.445  33.383 0.4444440007
70894  60.067  5.643  32.852 0.1111110002
69930  55.917  3.304  32.590 0.4444440007
69923  56.749  3.897  33.064 0.4444440007
129147  56.418  4.140  30.990 0.5555559993
70920  55.823  4.746  30.243 0.5555559993
71877  55.335  5.079  29.688 0.5555559993
71889  54.903  5.256  29.329 0.5555559993
71888  55.791  5.388  29.328 0.5555559993
137484  55.365  5.414  29.150 0.5555559993
121155  54.183  5.400  29.095 0.4444440007
71907  54.961  5.474  28.913 0.4444440007
71906  55.813  5.574  28.816 0.5555559993
69902  57.789  4.675  35.239 0.3333329856
70877  58.530  5.387  34.820 0.3333329856
70888  58.114  5.185  33.728 0.4444440007
70878  57.532  4.567  34.295 0.4444440007
71856  59.374  6.022  33.286 0.3333329856
70895  58.168  5.187  32.769 0.4444440007
70889  57.314  4.414  33.570 0.4444440007
71857  58.754  5.731  33.339 0.4444440007
70896  57.465  4.534  32.909 0.4444440007
70902  59.994  5.989  31.940 0.3333329856
70903  58.079  5.085  31.801 0.4444440007
131296  57.591  4.608  32.166 0.4444440007
69929  56.862  3.892  32.041 0.4444440007
71867  58.556  5.571  31.288 0.4444440007
70918  57.742  5.092  30.834 0.4444440007
70919  56.793  4.862  30.483 0.4444440007
71876  56.215  5.239  29.830 0.5555559993
71887  56.705  5.503  29.406 0.5555559993
71905  56.433  5.596  29.010 0.4444440007
72867  56.783  5.761  28.486 0.4444440007
72868  56.179  5.782  28.049 0.5555559993
71860  59.487  6.093  32.488 0.3333329856
71861  58.837  5.808  32.443 0.4444440007
71866  59.272  6.021  31.597 0.3333329856
71872  59.482  6.049  30.749 0.3333329856
71875  57.181  5.382  30.045 0.4444440007
72858  57.238  5.780  28.906 0.4444440007
72878  57.207  6.090  27.676 0.4444440007
71873  58.917  5.888  30.601 0.4444440007
71874  58.127  5.603  30.316 0.4444440007
71884  59.744  6.158  29.090 0.3333329856
116265  59.428  6.090  29.842 0.3333329856
71885  58.593  5.932  29.638 0.4444440007
71886  57.660  5.722  29.506 0.4444440007
71904  59.807  6.327  28.412 0.2222220004
72857  58.183  6.101  28.859 0.4444440007
126320  60.261  6.016  28.135 0.2222220004
72866  57.746  6.143  28.278 0.4444440007
72877  58.271  6.505  27.519 0.4444440007
72856  59.127  6.286  28.819 0.4444440007
72865  58.667  6.467  28.125 0.4444440007
137324  58.767  6.673  27.089 0.4444440007
26156  8.681  -40.794  67.631 0.2222220004
28948  8.786  -36.390  71.771 0.4444440007
26141  9.761  -40.313  70.012 0.2222220004
32059  9.975  -32.830  73.837 0.4444440007
32050  14.194  -34.206  75.046 0.1111110002
33096  13.171  -33.135  74.733 0.1111110002
34139  10.523  -30.744  73.679 0.3333329856
33110  9.650  -31.808  72.825 0.3333329856
31066  9.266  -35.204  72.561 0.4444440007
130888  9.326  -33.412  72.567 0.5555559993
33120  9.583  -32.649  71.914 0.6666669846
29970  9.048  -35.841  72.213 0.4444440007
27033  9.649  -38.334  72.344 0.3333329856
27039  9.522  -39.119  72.060 0.3333329856
37700  17.712  -27.536  73.072 0.3333329856
36799  17.224  -27.735  74.159 0.2222220004
35945  11.387  -29.204  73.582 0.2222220004
130817  11.386  -32.452  70.196 0.5555559993
33127  10.792  -32.768  70.686 0.5555559993
117743  9.229  -34.497  71.683 0.6666669846
131570  8.990  -35.655  71.708 0.4444440007
137650  9.033  -37.554  72.396 0.4444440007
116863  8.661  -37.476  71.941 0.4444440007
27040  8.952  -39.207  71.889 0.3333329856
25288  8.336  -40.985  69.588 0.2222220004
26143  8.532  -40.280  70.483 0.4444440007
25298  8.668  -41.123  68.652 0.2222220004
35943  12.554  -28.229  74.012 0.1111110002
35972  11.400  -29.241  72.946 0.3333329856
34160  11.924  -29.709  71.968 0.5555559993
134640  11.834  -30.535  71.605 0.5555559993
28957  8.432  -37.206  69.857 0.5555559993
35033  14.564  -30.378  72.990 0.1111110002
37693  15.098  -27.298  73.220 0.2222220004
35957  14.583  -29.406  73.439 0.1111110002
35942  13.571  -28.519  73.912 0.2222220004
119123  15.864  -27.149  71.696 0.3333329856
36802  14.090  -27.794  73.592 0.2222220004
36821  12.486  -28.007  72.878 0.4444440007
36803  13.173  -27.791  73.699 0.3333329856
116962  19.825  -28.528  72.015 0.5555559993
116642  19.167  -28.441  69.923 0.4444440007
36832  17.507  -27.784  70.539 0.4444440007
36818  17.271  -27.537  71.934 0.4444440007
36864  18.193  -28.042  68.986 0.4444440007
36842  18.685  -28.266  69.467 0.4444440007
36899  19.023  -27.851  67.025 0.5555559993
37703  13.851  -27.327  72.586 0.3333329856
36819  13.987  -27.457  71.642 0.4444440007
129969  19.496  -28.123  67.470 0.6666669846
36898  19.812  -28.015  66.835 0.5555559993
29994  9.239  -35.917  69.411 0.5555559993
30003  8.753  -36.553  68.769 0.4444440007
36845  14.293  -28.055  69.495 0.4444440007
36838  21.849  -29.041  68.895 0.5555559993
129542  18.177  -27.441  64.945 0.6666669846
37778  15.937  -27.873  65.392 0.6666669846
36011  14.136  -29.016  67.228 0.5555559993
37794  16.198  -27.647  64.157 0.6666669846
133886  22.111  -28.741  67.504 0.6666669846
35983  24.169  -29.325  69.907 0.6666669846
36859  23.360  -29.000  68.012 0.5555559993
126728  22.252  -28.539  66.815 0.6666669846
37814  20.728  -27.430  63.516 0.6666669846
36895  23.041  -28.521  66.611 0.5555559993
37787  22.694  -27.702  64.513 0.6666669846
36894  23.782  -28.268  66.401 0.5555559993
37786  23.658  -27.506  64.641 0.5555559993
136722  19.403  -25.568  60.847 0.4444440007
39595  18.366  -25.584  61.304 0.4444440007
37770  25.243  -27.204  65.649 0.6666669846
38624  23.803  -27.072  63.744 0.6666669846
38679  22.054  -26.552  61.617 0.5555559993
39616  21.278  -25.650  60.382 0.4444440007
38703  22.332  -26.199  61.107 0.5555559993
116795  19.654  -25.325  60.490 0.3333329856
38622  25.460  -26.478  64.540 0.6666669846
38678  22.996  -26.369  61.617 0.6666669846
39512  33.194  -25.547  67.587 0.6666669846
39521  33.433  -25.316  67.437 0.7777780294
39535  33.504  -24.897  66.829 0.6666669846
40621  33.654  -24.815  66.263 0.6666669846
40607  32.384  -24.841  67.159 0.7777780294
40637  31.837  -24.103  66.006 0.8888890147
40623  31.627  -24.523  66.695 0.7777780294
40624  30.841  -24.503  66.486 0.6666669846
115868  30.406  -24.364  66.011 0.7777780294
40625  30.116  -24.795  66.590 0.7777780294
40639  29.657  -24.463  65.736 0.7777780294
131252  28.874  -23.900  64.167 0.7777780294
136907  26.589  -26.548  66.181 0.7777780294
39551  26.861  -25.772  65.182 0.7777780294
39534  34.162  -25.329  66.836 0.6666669846
41825  32.116  -23.227  61.791 0.8888890147
41828  28.899  -23.259  61.525 0.7777780294
40669  27.412  -24.331  63.363 0.7777780294
39577  26.210  -25.210  63.088 0.7777780294
43894  31.758  -21.368  59.673 0.7777780294
43903  30.584  -21.074  58.520 0.5555559993
42881  29.149  -22.922  59.876 0.6666669846
39589  25.201  -25.338  61.565 0.7777780294
42906  29.338  -22.340  58.521 0.5555559993
39546  36.465  -25.993  65.349 0.3333329856
44828  32.214  -20.536  59.937 0.8888890147
118318  30.097  -18.067  56.950 0.4444440007
44870  29.116  -19.959  56.817 0.5555559993
44864  28.822  -20.665  56.524 0.5555559993
46854  28.762  -18.755  56.135 0.4444440007
133725  36.639  -21.087  62.608 0.6666669846
41823  34.013  -23.173  61.579 0.7777780294
125761  33.139  -19.780  60.537 0.7777780294
136846  33.019  -19.046  60.310 0.7777780294
116762  31.625  -18.294  57.908 0.7777780294
46839  31.177  -18.187  57.040 0.6666669846
39558  37.929  -25.430  65.014 0.3333329856
42849  38.097  -22.564  63.557 0.5555559993
44810  35.454  -20.579  61.729 0.8888890147
46800  33.536  -18.764  60.319 0.7777780294
46812  34.262  -18.342  59.732 0.8888890147
131187  34.252  -18.495  57.190 0.8888890147
46867  34.610  -18.381  55.586 0.5555559993
42818  38.696  -22.636  65.409 0.3333329856
46770  36.807  -18.684  63.469 0.7777780294
47819  35.901  -18.143  62.149 0.8888890147
44800  35.312  -19.838  62.054 0.7777780294
45774  35.157  -19.268  61.959 0.7777780294
115685  35.089  -18.133  60.124 0.8888890147
43814  38.394  -21.818  66.051 0.3333329856
44778  37.482  -20.510  64.797 0.5555559993
44768  37.700  -20.379  65.678 0.4444440007
43842  38.147  -21.971  64.123 0.6666669846
44791  37.269  -20.723  63.971 0.5555559993
44779  37.007  -20.081  64.126 0.6666669846
116861  36.863  -17.827  58.946 0.8888890147
126933  37.140  -17.552  57.118 0.8888890147
44761  37.785  -20.239  66.414 0.4444440007
47802  36.896  -18.330  63.256 0.7777780294
47826  38.339  -17.767  61.620 0.8888890147
46759  37.576  -18.637  65.076 0.6666669846
46769  37.419  -18.450  64.132 0.7777780294
123597  38.414  -15.478  56.236 0.8888890147
47762  38.141  -17.514  66.132 0.3333329856
48923  40.330  -16.921  62.580 0.6666669846
51127  41.094  -15.075  61.102 0.8888890147
47737  38.422  -17.870  67.820 0.3333329856
48860  38.509  -16.830  66.919 0.3333329856
50015  41.000  -15.372  63.336 0.5555559993
133124  41.075  -13.675  63.875 0.3333329856
122150  41.281  -12.873  62.928 0.4444440007
55390  40.795  -10.621  58.687 0.8888890147
53273  41.261  -11.924  62.017 0.5555559993
133217  41.312  -12.417  61.442 0.7777780294
54330  41.165  -11.638  60.390 0.7777780294
58728  36.225  -6.814  54.652 1.0000000000
56460  40.380  -9.779  58.939 0.8888890147
58772  41.543  -7.846  50.830 1.0000000000
57534  41.712  -8.550  54.622 0.8888890147
119349  42.482  -7.178  51.997 1.0000000000
57592  41.435  -8.136  49.239 1.0000000000
57519  41.190  -8.305  56.267 0.7777780294
55578  37.172  -10.302  44.569 0.3333329856
56666  36.207  -9.756  43.229 0.2222220004
56667  35.304  -9.745  43.160 0.1111110002
58675  41.609  -7.172  58.627 0.5555559993
57505  42.392  -8.015  57.537 0.5555559993
58703  43.111  -7.511  57.200 0.5555559993
59779  43.752  -6.303  55.845 0.6666669846
59802  45.605  -6.266  53.519 0.4444440007
58808  42.794  -7.710  49.140 1.0000000000
56598  40.561  -9.551  46.283 0.7777780294
55590  39.395  -10.146  43.780 0.5555559993
56683  34.871  -9.270  42.551 0.1111110002
60807  43.470  -5.936  58.402 0.5555559993
130226  45.053  -6.200  54.173 0.5555559993
60841  46.200  -5.211  55.265 0.4444440007
61862  47.084  -5.073  54.054 0.4444440007
123638  47.712  -4.334  54.564 0.3333329856
59861  44.597  -7.273  50.786 0.8888890147
116975  46.168  -6.881  51.338 0.5555559993
58786  44.245  -7.465  49.509 1.0000000000
58807  43.664  -7.633  48.936 1.0000000000
125050  42.200  -9.720  44.803 0.8888890147
127562  42.221  -9.723  44.203 0.8888890147
56642  41.547  -9.884  44.494 0.7777780294
55589  40.211  -10.144  43.879 0.5555559993
117142  39.799  -9.863  43.395 0.5555559993
56678  39.792  -9.397  42.931 0.4444440007
57740  40.467  -8.817  42.684 0.5555559993
56680  37.633  -9.217  42.701 0.3333329856
119791  39.010  -8.522  42.258 0.3333329856
60842  45.347  -5.500  55.473 0.4444440007
62818  49.359  -3.008  55.240 0.1111110002
61847  48.356  -3.654  55.146 0.2222220004
62817  50.374  -2.570  55.003 0.1111110002
62828  50.512  -2.727  54.150 0.1111110002
60885  46.944  -5.828  52.255 0.3333329856
58785  45.087  -7.417  49.295 0.8888890147
57676  43.981  -9.040  45.942 1.0000000000
124609  39.908  -8.151  42.230 0.3333329856
58913  41.206  -7.158  42.032 0.2222220004
60827  45.207  -5.230  56.146 0.4444440007
61826  45.583  -4.705  56.772 0.4444440007
61836  47.807  -3.659  56.196 0.3333329856
62816  51.255  -2.567  54.753 0.1111110002
62826  52.179  -2.866  53.755 0.1111110002
59837  47.534  -5.984  50.816 0.4444440007
59882  47.350  -6.545  49.469 0.6666669846
58839  46.744  -7.802  46.842 0.7777780294
57653  46.212  -8.278  46.265 0.8888890147
133493  52.006  -3.348  51.590 0.1111110002
62857  52.545  -3.273  52.273 0.1111110002
62841  52.354  -3.035  53.000 0.1111110002
62859  50.579  -3.378  52.377 0.1111110002
57694  46.546  -9.118  44.032 1.0000000000
60902  48.814  -5.006  50.720 0.3333329856
128376  52.516  -7.059  45.067 0.2222220004
59948  51.705  -6.687  45.696 0.3333329856
58853  51.204  -7.222  45.219 0.5555559993
58855  49.530  -7.466  45.492 0.6666669846
57765  45.690  -8.236  41.392 1.0000000000
59981  42.841  -6.404  41.971 0.3333329856
60921  51.743  -4.662  48.723 0.2222220004
60950  51.898  -5.827  46.843 0.3333329856
137382  50.477  -5.434  48.195 0.5555559993
58887  53.818  -7.820  43.685 0.2222220004
129449  47.321  -5.179  41.563 0.8888890147
60999  47.573  -5.756  41.099 0.8888890147
58938  46.843  -7.247  40.647 1.0000000000
60987  45.932  -5.321  41.553 0.8888890147
134070  45.066  -5.756  41.870 0.8888890147
59979  44.373  -6.328  42.162 0.7777780294
61001  43.781  -5.398  41.005 0.4444440007
60989  43.353  -5.914  41.660 0.4444440007
61002  42.990  -5.576  40.977 0.4444440007
62982  44.892  -3.855  39.518 0.6666669846
62004  41.964  -4.867  40.166 0.3333329856
136949  54.414  -8.374  40.507 0.3333329856
57758  52.486  -8.561  41.182 0.4444440007
59995  50.103  -7.215  39.718 1.0000000000
60998  48.301  -5.534  40.865 1.0000000000
63905  46.339  -2.278  37.718 0.6666669846
125176  45.596  -2.474  37.955 0.6666669846
63856  48.944  -3.328  40.779 1.0000000000
128184  49.373  -3.142  40.157 1.0000000000
122793  52.113  -5.819  39.372 0.7777780294
61997  51.437  -4.346  40.527 1.0000000000
63843  52.939  -2.595  40.945 0.8888890147
62946  51.714  -3.375  41.032 1.0000000000
63854  50.400  -3.106  40.779 1.0000000000
62016  55.000  -4.083  39.522 0.5555559993
123011  52.920  -3.100  41.286 0.8888890147
65875  48.854  -0.729  36.244 0.5555559993
66911  46.672  0.778  34.679 0.2222220004
64855  53.475  -1.793  41.021 0.7777780294
64899  49.306  -1.221  36.778 0.5555559993
119527  48.835  0.292  35.238 0.4444440007
67927  47.190  1.323  34.205 0.3333329856
124745  55.074  -2.110  41.989 0.7777780294
64865  54.512  -1.114  40.490 0.6666669846
67908  51.985  1.007  35.124 0.6666669846
137418  55.731  0.562  37.937 0.5555559993
66862  56.377  0.874  38.630 0.4444440007
70905  49.652  3.907  31.043 0.4444440007
67863  59.779  2.957  39.615 0.2222220004
66878  55.236  0.918  36.854 0.6666669846
67920  53.308  1.569  34.600 0.5555559993
67894  56.318  1.905  37.173 0.5555559993
68916  60.085  3.532  38.353 0.2222220004
120334  60.233  3.952  37.559 0.2222220004
130557  51.896  3.951  30.621 0.4444440007
68956  55.243  2.706  33.852 0.5555559993
68926  57.600  3.818  37.399 0.3333329856
69944  57.289  4.549  31.365 0.4444440007
126700  7.708  -39.762  69.236 0.2222220004
134119  7.761  -38.934  69.289 0.4444440007
28029  7.725  -38.135  68.833 0.3333329856
132806  7.497  -37.414  68.307 0.1111110002
137077  7.238  -36.964  68.012 0.1111110002
28963  7.922  -36.930  68.208 0.2222220004
28968  8.202  -36.407  67.757 0.2222220004
30010  8.455  -35.754  67.265 0.2222220004
30011  7.583  -35.850  67.344 0.1111110002
31094  7.143  -35.058  67.281 0.1111110002
28028  8.185  -37.401  68.964 0.3333329856
132860  8.839  -36.052  67.888 0.2222220004
31093  8.760  -35.166  66.790 0.2222220004
30009  9.166  -35.506  67.546 0.2222220004
30019  8.003  -35.290  66.785 0.2222220004
31105  7.741  -34.591  66.696 0.1111110002
31103  8.963  -34.522  66.314 0.1111110002
31104  8.357  -34.720  66.461 0.2222220004
31084  9.710  -35.030  68.228 0.3333329856
30002  9.281  -35.736  68.499 0.2222220004
32094  9.815  -34.172  66.723 0.2222220004
31092  9.491  -34.853  67.127 0.2222220004
32104  9.285  -33.819  65.921 0.1111110002
32115  9.807  -33.096  65.687 0.1111110002
32116  8.811  -33.180  65.571 0.1111110002
138644  8.890  -32.090  64.966 0.1111110002
32093  10.511  -33.703  67.423 0.3333329856
32103  10.217  -33.490  66.449 0.2222220004
33160  10.905  -33.086  67.111 0.3333329856
33176  10.705  -32.846  66.275 0.2222220004
33184  11.071  -31.870  65.326 0.1111110002
33194  10.204  -31.913  64.869 0.1111110002
33186  9.405  -32.454  65.132 0.1111110002
34262  10.872  -31.373  64.720 0.1111110002
35135  11.027  -30.248  64.095 0.1111110002
125668  10.705  -30.793  64.400 0.1111110002
34263  9.964  -31.124  64.508 0.1111110002
127894  10.937  -28.927  63.444 0.1111110002
32092  11.063  -33.218  68.044 0.4444440007
34218  11.793  -32.126  67.091 0.5555559993
128498  11.266  -32.588  66.860 0.4444440007
34252  11.674  -31.636  65.788 0.4444440007
34240  12.055  -31.593  66.485 0.4444440007
35125  11.449  -30.830  64.539 0.2222220004
35134  12.033  -30.214  64.140 0.1111110002
36067  11.384  -29.612  63.644 0.1111110002
36959  11.702  -28.981  63.143 0.1111110002
134043  11.270  -28.423  63.080 0.1111110002
33147  11.533  -32.646  68.498 0.4444440007
33158  12.007  -32.122  67.977 0.5555559993
33159  11.452  -32.638  67.604 0.4444440007
34217  12.447  -31.456  67.421 0.5555559993
35116  12.970  -30.422  65.733 0.4444440007
34251  12.235  -31.136  65.781 0.4444440007
122156  12.246  -30.766  64.944 0.3333329856
36057  12.763  -29.820  64.042 0.4444440007
35124  12.864  -30.148  64.715 0.3333329856
36065  13.106  -29.381  63.593 0.4444440007
36958  12.572  -28.930  62.964 0.1111110002
36968  11.892  -28.230  62.620 0.1111110002
34201  12.483  -31.533  68.424 0.5555559993
35078  12.910  -30.891  68.086 0.4444440007
132622  12.952  -30.763  67.331 0.5555559993
35097  12.700  -30.954  66.592 0.4444440007
36037  13.526  -29.744  65.242 0.4444440007
36056  13.410  -29.614  64.379 0.4444440007
36957  13.558  -28.858  63.069 0.4444440007
129652  12.264  -27.647  62.186 0.1111110002
37847  12.844  -27.405  61.806 0.1111110002
38686  14.064  -26.466  61.141 0.1111110002
35070  12.913  -31.007  68.998 0.4444440007
35077  13.329  -30.229  67.774 0.4444440007
36016  14.122  -29.132  66.499 0.4444440007
118617  13.780  -29.532  66.829 0.5555559993
36036  14.090  -29.184  65.708 0.4444440007
36055  14.068  -29.209  64.830 0.4444440007
36936  14.650  -28.693  64.414 0.5555559993
36956  14.474  -28.595  63.455 0.4444440007
37844  15.514  -27.421  62.515 0.3333329856
37819  15.060  -28.090  62.938 0.4444440007
36966  14.122  -28.322  62.554 0.4444440007
37856  15.144  -27.084  61.798 0.3333329856
37857  14.321  -27.152  61.572 0.3333329856
119112  16.264  -26.142  61.684 0.4444440007
119338  14.760  -26.628  61.362 0.2222220004
38684  17.079  -25.946  61.875 0.3333329856
38685  15.450  -26.395  61.470 0.2222220004
39597  16.617  -25.528  61.237 0.3333329856
39598  15.724  -25.685  61.098 0.2222220004
137073  14.446  -25.276  60.754 0.1111110002
35069  13.282  -30.282  68.657 0.4444440007
36012  13.711  -29.565  67.495 0.4444440007
124827  14.618  -28.658  66.209 0.5555559993
36915  14.680  -28.693  65.349 0.5555559993
36955  15.355  -28.149  63.980 0.5555559993
37818  15.848  -27.620  63.324 0.5555559993
134098  16.690  -26.465  62.372 0.4444440007
38683  17.916  -25.947  61.909 0.3333329856
39596  17.496  -25.485  61.325 0.3333329856
39620  17.018  -24.920  60.766 0.3333329856
40703  15.425  -24.333  60.563 0.2222220004
39619  17.947  -25.011  60.781 0.3333329856
40702  16.427  -24.103  60.339 0.2222220004
40701  17.464  -24.327  60.320 0.2222220004
39618  18.881  -25.233  60.701 0.3333329856
40699  19.234  -24.762  60.069 0.2222220004
40700  18.374  -24.540  60.212 0.2222220004
43909  28.838  -21.469  57.022 0.4444440007
43917  28.196  -21.855  56.676 0.3333329856
42920  28.259  -22.271  57.394 0.3333329856
40720  18.795  -24.118  59.608 0.2222220004
40721  17.867  -23.712  59.748 0.1111110002
44879  28.324  -20.626  55.870 0.3333329856
117897  27.834  -21.209  55.628 0.3333329856
43935  27.285  -21.714  55.498 0.3333329856
45827  28.730  -19.807  56.161 0.3333329856
44880  27.827  -20.557  55.161 0.3333329856
131050  26.782  -21.686  54.897 0.2222220004
45838  28.404  -19.352  55.610 0.3333329856
123364  28.254  -20.024  55.530 0.3333329856
45852  27.333  -19.547  53.801 0.3333329856
43951  27.308  -21.187  54.905 0.2222220004
44892  27.245  -20.483  54.198 0.2222220004
130305  27.829  -23.443  60.554 0.5555559993
120816  27.697  -23.312  59.685 0.4444440007
114833  27.127  -23.377  58.923 0.4444440007
42894  27.858  -22.991  58.722 0.4444440007
42907  28.524  -22.546  58.260 0.4444440007
41863  27.282  -23.047  58.182 0.4444440007
41864  26.595  -23.413  58.290 0.4444440007
42908  27.872  -22.701  58.017 0.3333329856
42921  27.474  -22.721  57.479 0.3333329856
41881  26.800  -23.081  57.574 0.3333329856
39641  20.039  -24.954  59.900 0.2222220004
42922  27.015  -22.785  56.993 0.3333329856
41896  26.318  -23.034  56.845 0.3333329856
40719  19.614  -24.387  59.429 0.2222220004
43918  27.766  -21.762  56.131 0.3333329856
42955  27.225  -22.132  56.045 0.3333329856
42936  26.816  -22.533  56.388 0.3333329856
115527  26.159  -22.666  56.096 0.2222220004
42956  26.565  -22.198  55.521 0.2222220004
42957  25.567  -22.543  55.394 0.2222220004
46853  29.213  -18.266  56.657 0.3333329856
45839  27.913  -19.622  54.851 0.3333329856
46870  28.864  -18.002  55.922 0.3333329856
47895  28.599  -17.733  55.147 0.3333329856
46887  28.077  -17.955  54.704 0.2222220004
47910  27.613  -17.911  53.953 0.2222220004
41800  28.013  -23.772  62.938 0.6666669846
40678  27.404  -24.015  62.327 0.6666669846
40679  26.589  -24.695  62.568 0.5555559993
40684  27.523  -23.755  61.300 0.6666669846
40685  26.774  -24.306  61.639 0.4444440007
41838  26.879  -24.100  60.918 0.4444440007
118501  26.287  -24.521  60.950 0.4444440007
115040  27.214  -23.718  60.412 0.4444440007
124403  25.571  -24.939  60.928 0.4444440007
41851  26.830  -23.709  59.635 0.4444440007
40713  25.986  -24.156  59.453 0.4444440007
40698  25.806  -24.560  60.275 0.4444440007
132411  26.480  -23.721  58.948 0.4444440007
40733  25.137  -24.325  58.937 0.2222220004
117768  25.202  -24.603  59.714 0.3333329856
41882  26.092  -23.417  57.617 0.2222220004
41865  25.792  -23.844  58.416 0.2222220004
131347  25.327  -23.681  57.540 0.2222220004
39640  20.876  -25.090  59.783 0.2222220004
138264  25.667  -23.356  57.009 0.2222220004
42937  25.503  -23.033  56.261 0.2222220004
41897  24.966  -23.435  56.769 0.2222220004
135362  25.075  -22.871  55.685 0.2222220004
42958  24.615  -22.664  55.203 0.2222220004
132146  26.699  -24.895  63.348 0.6666669846
40686  26.017  -24.863  61.698 0.5555559993
132495  25.180  -24.888  60.333 0.3333329856
119724  24.605  -24.633  59.311 0.3333329856
39613  24.007  -25.481  60.585 0.3333329856
40714  24.479  -25.015  59.967 0.2222220004
40734  24.300  -24.447  58.649 0.2222220004
40717  21.313  -24.617  59.051 0.2222220004
41868  20.422  -23.637  58.099 0.2222220004
41866  24.844  -24.084  58.109 0.2222220004
40748  23.929  -24.186  57.860 0.2222220004
134335  23.175  -24.124  57.704 0.1111110002
41898  24.070  -23.490  56.482 0.2222220004
41884  23.545  -23.804  57.136 0.2222220004
41914  23.750  -23.004  55.606 0.2222220004
41899  23.152  -23.410  56.357 0.2222220004
39614  23.176  -25.662  60.444 0.3333329856
39637  23.560  -25.240  59.847 0.2222220004
39638  22.639  -25.307  59.765 0.3333329856
39639  21.747  -25.244  59.729 0.2222220004
40715  23.021  -24.882  59.167 0.2222220004
126647  23.896  -24.796  59.239 0.2222220004
40736  21.958  -24.403  58.459 0.1111110002
40735  23.338  -24.493  58.448 0.1111110002
40749  22.567  -24.250  58.002 0.1111110002
41867  21.134  -23.641  57.656 0.2222220004
41885  22.581  -23.752  57.164 0.2222220004
41886  21.578  -23.356  56.967 0.1111110002
41900  22.302  -23.210  56.338 0.2222220004
47891  37.029  -17.165  55.930 0.4444440007
50087  38.239  -15.248  55.605 0.5555559993
50096  37.983  -15.016  54.883 0.5555559993
50081  37.977  -15.958  55.912 0.7777780294
48978  37.413  -16.470  55.478 0.4444440007
50088  37.730  -15.734  55.162 0.5555559993
48987  37.231  -16.233  54.660 0.3333329856
50097  37.527  -15.515  54.398 0.3333329856
50115  37.319  -15.310  53.593 0.3333329856
50098  37.057  -15.963  53.912 0.3333329856
51210  38.911  -14.026  55.730 0.6666669846
51211  38.473  -14.510  55.331 0.6666669846
51228  38.215  -14.297  54.596 0.5555559993
138148  38.322  -13.635  54.329 0.4444440007
51247  37.967  -14.059  53.866 0.4444440007
52300  37.750  -13.709  53.079 0.4444440007
51229  37.763  -14.805  54.119 0.5555559993
52309  37.497  -13.356  52.220 0.3333329856
51263  37.333  -14.260  52.417 0.3333329856
51248  37.549  -14.568  53.288 0.2222220004
52310  36.923  -13.939  51.535 0.3333329856
50134  37.030  -15.105  52.658 0.2222220004
130511  38.683  -13.639  55.020 0.5555559993
52291  38.551  -12.954  54.393 0.5555559993
52299  38.153  -13.219  53.741 0.4444440007
52319  37.145  -12.966  51.534 0.2222220004
53318  39.339  -12.341  55.432 0.6666669846
53319  38.956  -12.714  54.999 0.5555559993
53328  38.739  -12.181  54.460 0.5555559993
53338  38.350  -12.400  53.813 0.5555559993
123936  37.892  -12.664  52.965 0.4444440007
53346  37.490  -12.541  52.149 0.2222220004
53355  36.622  -12.506  51.068 0.2222220004
54405  38.474  -11.725  54.024 0.4444440007
54406  38.079  -11.761  53.385 0.5555559993
116817  37.548  -11.710  52.536 0.1111110002
54394  38.814  -11.342  54.634 0.7777780294
55442  38.187  -10.964  53.911 0.6666669846
55443  37.391  -10.393  53.563 0.6666669846
128886  37.725  -11.125  53.204 0.5555559993
55454  37.161  -10.749  52.748 0.3333329856
55430  38.420  -10.489  54.615 0.6666669846
56503  36.656  -9.505  54.128 0.7777780294
55444  36.456  -9.931  53.286 0.6666669846
56513  35.428  -9.464  53.055 0.5555559993
56514  34.461  -9.016  52.839 0.4444440007
56523  34.175  -9.452  52.139 0.3333329856
117220  33.710  -9.774  51.485 0.1111110002
56504  35.522  -8.853  53.882 0.5555559993
56505  34.851  -8.517  53.366 0.5555559993
56515  33.926  -8.644  52.421 0.3333329856
56524  33.506  -8.894  51.914 0.2222220004
56575  40.029  -9.116  47.133 0.7777780294
56599  39.545  -9.574  46.459 0.6666669846
56600  38.630  -9.602  46.587 0.7777780294
56601  37.748  -9.676  46.697 0.7777780294
56602  36.878  -9.802  46.807 0.4444440007
55538  35.535  -10.218  46.306 0.3333329856
130620  35.085  -10.332  45.797 0.2222220004
57569  33.846  -8.093  51.900 0.3333329856
57570  33.398  -8.553  51.406 0.3333329856
57597  35.882  -8.245  49.861 0.7777780294
56544  34.310  -8.725  49.189 0.5555559993
56545  33.332  -8.883  49.432 0.2222220004
56556  37.839  -9.089  48.148 0.6666669846
56542  36.449  -8.838  48.970 0.5555559993
56559  34.994  -9.214  48.392 0.5555559993
56577  38.233  -9.291  47.352 0.6666669846
56557  36.936  -9.186  48.216 0.6666669846
56580  35.561  -9.637  47.646 0.5555559993
55514  35.145  -10.076  47.028 0.2222220004
57583  33.833  -8.176  50.826 0.6666669846
57582  34.735  -7.816  50.900 0.7777780294
57599  33.636  -8.441  50.005 0.4444440007
62002  44.505  -4.926  40.701 0.5555559993
132144  43.798  -4.793  40.336 0.4444440007
62983  44.006  -3.802  39.334 0.4444440007
62985  42.159  -3.711  39.053 0.2222220004
62996  44.584  -3.309  38.871 0.5555559993
62998  42.785  -3.101  38.551 0.3333329856
63000  41.054  -2.920  38.383 0.2222220004
136535  42.849  -2.540  38.052 0.3333329856
63888  41.666  -2.529  38.047 0.2222220004
63912  40.104  -2.015  37.820 0.2222220004
122078  38.611  -1.755  38.354 0.1111110002
65827  40.017  -0.092  42.121 0.1111110002
66848  38.796  0.341  40.270 0.1111110002
63907  44.093  -2.198  37.741 0.4444440007
63908  43.264  -2.118  37.666 0.2222220004
63911  40.727  -1.768  37.615 0.2222220004
65852  38.997  -0.078  38.366 0.1111110002
127530  41.677  0.193  42.279 0.1111110002
66845  40.956  1.037  40.800 0.1111110002
66834  40.840  0.169  42.060 0.1111110002
118362  40.160  0.737  40.838 0.1111110002
66846  40.285  1.167  40.118 0.1111110002
66856  39.226  0.523  38.841 0.1111110002
64892  42.918  -1.532  37.177 0.2222220004
64894  41.066  -1.207  37.269 0.2222220004
123953  39.438  -0.655  37.750 0.1111110002
66863  39.980  0.885  37.871 0.1111110002
64904  44.451  -1.157  36.638 0.2222220004
64905  43.492  -1.022  36.643 0.2222220004
64907  41.668  -0.867  36.885 0.2222220004
65883  40.847  0.112  36.795 0.1111110002
66874  40.302  0.501  37.275 0.1111110002
65879  45.079  -0.577  35.998 0.2222220004
118861  41.655  -0.194  36.497 0.2222220004
65892  44.443  -0.083  35.603 0.2222220004
65893  43.649  0.106  35.615 0.2222220004
65881  42.406  -0.139  36.185 0.2222220004
65878  46.083  -0.775  36.111 0.2222220004
66885  41.247  0.652  36.404 0.1111110002
33146  12.025  -32.067  68.897 0.5555559993
31091  10.111  -34.348  67.810 0.2222220004
37843  16.296  -27.064  62.825 0.4444440007
116048  28.260  -23.490  62.056 0.6666669846
43908  29.468  -21.268  57.550 0.4444440007
57559  34.337  -8.079  52.818 0.5555559993
57618  37.378  -8.854  48.890 0.6666669846
62965  45.282  -4.452  40.366 0.6666669846
62020  44.321  -4.378  39.965 0.4444440007
63906  44.907  -2.331  37.845 0.5555559993
64903  45.509  -1.342  36.721 0.2222220004
65890  46.595  -0.293  35.641 0.2222220004
28969  7.085  -36.485  67.775 0.1111110002
32105  8.343  -34.009  66.114 0.1111110002
33175  11.330  -32.191  66.186 0.3333329856
33185  10.470  -32.455  65.522 0.1111110002
35117  11.630  -31.326  65.143 0.1111110002
35126  10.191  -30.349  64.252 0.1111110002
35127  9.534  -30.527  64.486 0.1111110002
36066  12.271  -29.535  63.536 0.1111110002
36967  12.982  -28.255  62.323 0.2222220004
35096  13.341  -30.211  66.828 0.5555559993
36017  13.617  -29.699  66.137 0.5555559993
36064  13.926  -29.132  63.930 0.4444440007
37846  13.732  -27.713  61.892 0.1111110002
37858  13.474  -26.972  61.451 0.1111110002
38687  13.316  -26.199  61.207 0.1111110002
37845  14.678  -27.691  62.173 0.3333329856
38659  15.913  -26.771  62.110 0.3333329856
123675  14.776  -25.922  60.957 0.1111110002
39621  16.065  -24.969  60.723 0.2222220004
39622  15.167  -25.151  60.698 0.2222220004
41839  17.080  -23.629  60.059 0.1111110002
43934  28.321  -21.282  56.295 0.3333329856
42935  27.563  -22.336  56.718 0.3333329856
46871  28.355  -18.516  55.306 0.3333329856
40718  20.418  -24.559  59.261 0.2222220004
46888  27.791  -18.705  54.351 0.2222220004
40697  26.512  -24.130  60.278 0.4444440007
41883  24.468  -23.799  57.313 0.2222220004
40738  19.972  -24.049  58.766 0.1111110002
42938  24.651  -23.141  55.962 0.2222220004
40687  24.811  -25.251  60.782 0.3333329856
40737  21.234  -24.094  58.275 0.2222220004
135196  20.681  -24.199  58.684 0.2222220004
41915  22.813  -22.899  55.683 0.2222220004
125341  22.604  -24.570  58.637 0.1111110002
40716  22.208  -24.822  59.138 0.1111110002
40750  21.839  -23.969  57.728 0.1111110002
42939  22.076  -22.632  55.799 0.1111110002
56525  33.054  -9.199  51.220 0.2222220004
56579  36.475  -9.555  47.554 0.4444440007
55513  36.016  -9.963  46.932 0.3333329856
56578  37.360  -9.434  47.459 0.5555559993
55564  35.777  -10.321  45.450 0.2222220004
56543  35.405  -8.734  49.074 0.5555559993
57598  34.618  -8.235  49.925 0.6666669846
56560  33.943  -9.277  48.548 0.3333329856
56558  35.997  -9.238  48.312 0.5555559993
56581  34.603  -9.724  47.732 0.2222220004
55497  33.595  -9.925  47.848 0.2222220004
55515  34.256  -10.222  47.082 0.1111110002
62997  43.714  -3.226  38.730 0.4444440007
62984  43.102  -3.765  39.163 0.3333329856
62999  41.855  -3.107  38.519 0.2222220004
62022  42.530  -4.342  39.644 0.3333329856
63885  44.327  -2.737  38.313 0.5555559993
63886  43.505  -2.640  38.187 0.4444440007
63887  42.310  -2.681  38.181 0.2222220004
135718  40.450  -3.221  38.608 0.2222220004
63889  40.886  -2.323  37.934 0.2222220004
132959  40.273  -2.660  38.239 0.1111110002
63909  42.363  -2.130  37.689 0.2222220004
63910  41.463  -1.926  37.605 0.2222220004
63890  39.447  -2.298  38.215 0.2222220004
64896  39.347  -1.497  37.911 0.1111110002
64875  38.654  -0.889  38.245 0.1111110002
66840  40.064  0.319  41.519 0.1111110002
135981  38.654  0.180  40.942 0.1111110002
66841  39.395  0.425  40.937 0.1111110002
66847  39.539  0.729  40.204 0.1111110002
129412  39.020  0.473  39.556 0.1111110002
64890  44.722  -1.769  37.256 0.4444440007
64895  40.137  -1.286  37.550 0.2222220004
65820  42.129  -0.154  42.785 0.1111110002
120712  40.735  0.592  41.363 0.1111110002
66855  39.688  0.959  39.419 0.1111110002
66857  38.574  0.087  39.035 0.1111110002
64891  43.830  -1.633  37.186 0.2222220004
64893  42.004  -1.442  37.194 0.2222220004
128159  40.340  -0.431  37.283 0.2222220004
65882  41.116  -0.532  36.934 0.2222220004
66875  39.674  0.171  37.743 0.1111110002
65880  44.053  -0.531  36.101 0.2222220004
64906  42.482  -0.822  36.655 0.2222220004
128125  43.154  -0.367  36.146 0.2222220004
66884  41.940  0.474  35.984 0.1111110002
65894  42.765  0.325  35.726 0.2222220004
37732  30.244  -27.580  69.254 0.4444440007
126347  30.515  -28.856  68.858 0.4444440007
37729  33.786  -27.019  68.155 0.3333329856
37746  31.526  -27.659  67.881 0.4444440007
35997  30.779  -30.168  68.959 0.3333329856
35982  30.337  -29.765  69.811 0.2222220004
39513  32.791  -25.735  67.650 0.6666669846
39514  31.909  -25.820  67.707 0.6666669846
38601  34.653  -25.979  67.439 0.4444440007
40608  31.686  -25.028  67.315 0.7777780294
36835  30.085  -28.562  69.961 0.4444440007
35973  29.927  -29.343  70.454 0.3333329856
38576  30.806  -26.226  68.194 0.4444440007
35044  30.022  -30.510  70.535 0.3333329856
36822  29.671  -28.506  70.692 0.3333329856
37704  29.725  -27.701  70.156 0.5555559993
125195  30.256  -26.750  68.877 0.5555559993
37715  29.302  -27.280  70.045 0.5555559993
39515  30.438  -25.815  68.102 0.5555559993
38577  29.215  -26.325  69.022 0.5555559993
39524  29.521  -25.392  67.185 0.5555559993
36814  26.391  -28.940  71.925 0.3333329856
35962  25.994  -29.406  72.466 0.3333329856
120100  25.325  -29.692  72.760 0.3333329856
35948  24.423  -29.918  73.278 0.3333329856
35936  22.590  -29.906  74.187 0.3333329856
35930  21.807  -29.831  74.614 0.3333329856
35937  21.048  -29.328  74.567 0.3333329856
36805  19.804  -28.424  73.861 0.3333329856
37707  28.190  -27.805  70.850 0.4444440007
37708  27.669  -28.322  71.334 0.4444440007
36825  26.874  -28.516  71.206 0.3333329856
122719  25.974  -28.813  70.878 0.3333329856
36826  25.537  -29.130  71.821 0.3333329856
37716  28.764  -27.462  70.478 0.4444440007
37718  27.334  -27.922  70.398 0.4444440007
116075  26.417  -28.386  70.264 0.4444440007
38568  28.813  -26.885  69.670 0.5555559993
37717  28.122  -27.374  70.036 0.5555559993
39525  28.696  -25.903  67.529 0.6666669846
119416  28.049  -26.980  69.287 0.5555559993
35963  24.685  -29.455  72.179 0.3333329856
35964  23.799  -29.588  72.442 0.3333329856
119503  23.071  -29.503  72.649 0.3333329856
115435  21.833  -29.391  73.920 0.3333329856
36796  20.267  -28.909  74.590 0.3333329856
136093  25.403  -29.044  70.893 0.4444440007
35950  22.531  -29.473  73.400 0.3333329856
35951  20.894  -28.867  73.943 0.3333329856
35975  24.845  -29.283  70.970 0.4444440007
35965  22.344  -29.341  72.151 0.3333329856
35966  21.478  -29.104  71.555 0.4444440007
35952  20.715  -28.789  72.644 0.3333329856
39543  39.039  -25.365  65.966 0.2222220004
37733  27.478  -27.031  68.393 0.6666669846
36837  25.864  -28.478  69.556 0.5555559993
136135  25.867  -28.656  70.140 0.5555559993
36815  20.644  -28.859  71.411 0.3333329856
38589  28.051  -26.400  67.878 0.6666669846
38578  28.409  -26.547  68.812 0.6666669846
37734  26.624  -27.667  68.565 0.6666669846
36857  25.884  -28.188  68.742 0.5555559993
115158  25.242  -28.671  68.954 0.6666669846
36836  26.575  -28.002  69.461 0.6666669846
35998  24.629  -29.020  69.152 0.6666669846
39526  27.777  -26.094  66.888 0.6666669846
38590  27.203  -26.726  67.361 0.6666669846
36858  24.603  -28.799  68.399 0.6666669846
38602  27.030  -26.502  66.623 0.6666669846
126179  26.548  -27.335  67.690 0.6666669846
37747  25.766  -27.630  67.213 0.6666669846
36876  25.247  -28.392  68.173 0.6666669846
36877  24.610  -28.482  67.580 0.6666669846
115713  24.038  -28.866  67.979 0.6666669846
36878  23.720  -28.657  67.249 0.5555559993
36879  22.832  -28.790  67.384 0.5555559993
136873  40.338  -21.209  67.142 0.1111110002
42805  39.231  -22.418  67.266 0.2222220004
41756  39.159  -23.004  66.850 0.3333329856
42806  38.596  -21.898  66.951 0.2222220004
115149  38.783  -22.533  66.374 0.3333329856
44759  40.706  -20.823  66.410 0.1111110002
44750  40.116  -20.402  67.284 0.1111110002
43793  39.033  -21.279  67.745 0.1111110002
42792  38.908  -21.804  67.410 0.2222220004
43794  38.517  -21.256  67.273 0.2222220004
131996  40.460  -19.156  66.401 0.1111110002
45724  40.009  -19.403  67.136 0.1111110002
43792  39.824  -21.227  67.655 0.1111110002
45725  39.391  -19.708  67.803 0.2222220004
129326  38.725  -19.999  67.949 0.2222220004
44752  38.557  -20.587  67.620 0.2222220004
45736  38.161  -19.790  67.595 0.2222220004
48843  39.317  -16.573  68.059 0.2222220004
47736  39.047  -17.535  68.159 0.2222220004
128089  38.619  -19.228  68.010 0.2222220004
51082  40.795  -14.043  64.492 0.3333329856
57470  39.413  -7.763  60.559 0.6666669846
58665  38.928  -6.988  60.013 0.5555559993
56434  39.798  -8.722  60.125 0.7777780294
57495  38.459  -7.699  58.834 0.6666669846
55455  36.275  -10.356  52.420 0.1111110002
55456  35.227  -9.955  52.219 0.1111110002
55535  38.140  -9.996  45.938 0.5555559993
55536  37.255  -10.060  46.056 0.5555559993
128866  36.246  -10.310  44.634 0.2222220004
57767  37.621  -8.074  41.825 0.2222220004
58914  40.269  -7.373  41.844 0.1111110002
130767  39.232  -7.579  41.725 0.2222220004
117881  38.838  -6.841  41.247 0.1111110002
59984  37.925  -6.926  41.203 0.1111110002
59999  39.272  -6.180  40.879 0.1111110002
62003  42.963  -4.975  40.346 0.3333329856
36797  19.506  -28.624  74.496 0.2222220004
39523  30.919  -25.330  67.609 0.5555559993
120011  30.170  -25.519  67.696 0.5555559993
39536  28.538  -25.523  66.651 0.6666669846
38600  35.438  -26.501  67.151 0.4444440007
57486  38.450  -6.994  59.281 0.6666669846
55563  36.743  -10.281  45.371 0.4444440007
55594  35.659  -10.185  43.896 0.1111110002
134237  38.394  -7.958  41.833 0.2222220004
124899  40.642  -6.651  41.505 0.2222220004
128100  33.411  -26.464  67.925 0.5555559993
125755  32.401  -25.322  67.484 0.6666669846
36856  30.745  -27.922  68.401 0.4444440007
35996  31.203  -29.426  68.245 0.3333329856
37730  32.734  -27.041  67.852 0.3333329856
37731  30.817  -27.078  68.352 0.4444440007
38575  31.731  -26.612  67.885 0.5555559993
35053  30.604  -31.048  69.786 0.2222220004
38574  32.722  -26.208  67.790 0.6666669846
121416  31.138  -25.666  67.863 0.5555559993
39522  31.623  -25.407  67.577 0.6666669846
37714  29.825  -26.965  69.572 0.5555559993
35045  29.383  -30.482  71.185 0.3333329856
38566  29.915  -26.338  68.873 0.5555559993
38567  29.436  -26.759  69.475 0.5555559993
38588  28.804  -26.194  68.306 0.5555559993
39516  29.588  -25.928  68.162 0.5555559993
35949  23.429  -29.856  73.623 0.3333329856
35935  23.139  -30.208  74.020 0.3333329856
35933  20.124  -29.088  74.759 0.3333329856
114643  27.375  -27.481  69.343 0.6666669846
117349  21.668  -29.077  72.990 0.3333329856
36827  25.244  -28.934  70.009 0.5555559993
42791  39.511  -21.929  67.622 0.1111110002
57485  38.939  -7.885  59.648 0.6666669846
59983  39.731  -6.793  41.354 0.1111110002
58904  38.471  -7.373  41.505 0.1111110002
132099  8.654  -41.106  69.376 0.2222220004
26131  9.726  -39.656  71.584 0.2222220004
47892  36.320  -17.620  55.687 0.4444440007
48979  36.712  -17.015  54.965 0.2222220004
123393  35.907  -17.638  54.855 0.2222220004
48988  36.659  -16.572  54.115 0.2222220004
47905  36.100  -17.165  54.170 0.2222220004
130896  35.507  -17.595  54.185 0.2222220004
134674  36.578  -16.262  53.524 0.2222220004
49007  36.106  -16.726  53.471 0.2222220004
37706  28.686  -27.876  71.040 0.3333329856
54311  41.030  -11.043  60.987 0.6666669846
56447  40.391  -9.536  59.725 0.6666669846
56533  32.733  -9.121  50.462 0.1111110002
114710  56.470  6.280  25.854 0.3333329856
129165  55.576  5.750  27.420 0.3333329856
72890  55.988  5.975  26.647 0.3333329856
131293  53.812  5.494  27.433 0.2222220004
71947  53.042  5.494  26.747 0.2222220004
71964  55.392  5.885  25.822 0.2222220004
71945  54.994  5.671  26.625 0.3333329856
71927  51.414  5.497  28.130 0.3333329856
72905  53.960  6.080  24.764 0.2222220004
71965  54.276  5.709  25.716 0.2222220004
71966  53.455  5.609  25.993 0.2222220004
46866  35.524  -18.036  55.577 0.3333329856
54294  41.015  -11.089  61.967 0.5555559993
71924  54.203  5.490  28.319 0.2222220004
71923  55.240  5.597  28.240 0.2222220004
26144  7.957  -40.597  69.594 0.2222220004
57584  33.197  -8.626  50.709 0.2222220004
56546  32.691  -9.199  49.761 0.2222220004
37705  29.226  -27.839  70.830 0.3333329856
25295  7.879  -41.259  68.325 0.2222220004
46882  35.037  -18.047  54.646 0.2222220004
56433  40.563  -9.716  61.068 0.6666669846
127810  54.644  5.572  27.474 0.3333329856
42803  40.722  -23.047  66.763 0.1111110002
41753  40.936  -23.781  66.584 0.1111110002
131345  39.602  -23.120  67.086 0.1111110002
46868  32.512  -18.484  55.494 0.2222220004
131294  40.568  -9.782  61.869 0.3333329856
55365  40.860  -10.416  60.766 0.5555559993
57469  40.022  -8.719  61.049 0.5555559993
57459  39.846  -7.730  61.567 0.5555559993
58651  39.517  -6.980  60.772 0.4444440007
129115  39.595  -6.392  60.175 0.4444440007
38586  34.508  -26.261  67.950 0.4444440007
115546  32.720  -18.454  56.359 0.3333329856
121957  39.352  -6.612  60.189 0.4444440007
61813  45.935  -3.749  58.128 0.1111110002
42804  40.005  -22.668  67.366 0.1111110002
55353  40.809  -10.397  61.488 0.5555559993
40618  41.635  -24.188  66.006 0.1111110002
41754  40.184  -23.682  66.977 0.1111110002
40619  40.723  -24.569  66.627 0.1111110002
116834  40.244  -8.307  62.532 0.4444440007
28938  14.895  -36.862  73.289 0.1111110002
29965  14.333  -35.902  73.227 0.1111110002
29964  14.827  -36.082  72.053 0.1111110002
29973  14.267  -35.507  71.810 0.1111110002
121598  14.145  -35.364  70.918 0.1111110002
28951  15.379  -36.213  71.174 0.1111110002
131676  13.747  -35.286  72.519 0.1111110002
131081  13.640  -35.332  73.723 0.1111110002
29974  13.473  -35.226  71.469 0.1111110002
29983  12.838  -35.478  70.730 0.1111110002
28952  12.268  -36.009  70.178 0.1111110002
29992  13.778  -35.365  69.490 0.1111110002
29984  12.041  -35.832  71.112 0.1111110002
28015  11.119  -37.600  70.423 0.1111110002
25300  7.598  -41.144  67.301 0.1111110002
25306  7.975  -41.257  67.046 0.1111110002
28962  11.831  -36.864  68.894 0.1111110002
28023  10.673  -38.580  70.257 0.1111110002
27067  8.750  -39.522  66.249 0.1111110002
26162  8.358  -40.619  66.652 0.1111110002
25313  7.819  -41.024  66.347 0.1111110002
25301  6.987  -41.027  66.543 0.1111110002
121365  10.817  -38.086  68.627 0.1111110002
25308  6.874  -40.824  65.822 0.1111110002
27054  7.329  -39.054  68.580 0.2222220004
133545  7.587  -40.470  68.657 0.1111110002
26151  6.961  -39.800  67.949 0.2222220004
26158  6.819  -40.423  67.131 0.1111110002
135954  6.523  -39.326  67.388 0.1111110002
28027  10.570  -38.777  69.291 0.1111110002
26149  10.045  -39.817  69.238 0.1111110002
26161  8.967  -39.845  66.971 0.1111110002
26163  6.522  -40.388  66.203 0.1111110002
28967  11.795  -36.648  68.130 0.1111110002
132881  9.805  -37.869  66.459 0.1111110002
27066  9.389  -38.849  66.759 0.1111110002
115535  10.729  -36.610  66.035 0.1111110002
28980  10.024  -36.752  65.334 0.1111110002
28045  8.849  -38.061  65.200 0.1111110002
27061  6.104  -38.524  67.266 0.1111110002
27068  6.259  -39.509  66.708 0.1111110002
28026  11.312  -37.369  68.398 0.1111110002
28034  10.737  -37.795  67.842 0.1111110002
26164  5.990  -39.790  65.812 0.1111110002
27069  5.857  -38.698  66.489 0.1111110002
131679  11.752  -36.404  67.475 0.1111110002
28978  11.336  -35.957  65.848 0.1111110002
28979  10.709  -36.116  65.282 0.1111110002
28036  5.725  -37.702  67.133 0.1111110002
132409  15.531  -23.276  60.489 0.1111110002
135865  30.111  -17.775  56.017 0.2222220004
118808  31.626  -18.314  55.323 0.1111110002
38585  35.167  -26.639  67.983 0.2222220004
132803  33.875  -18.518  55.345 0.1111110002
46885  32.246  -18.436  54.555 0.1111110002
46869  30.660  -18.007  55.074 0.1111110002
47893  29.637  -17.630  55.378 0.2222220004
36009  32.988  -29.871  67.877 0.2222220004
36010  32.019  -29.703  67.718 0.2222220004
36854  34.225  -27.788  68.377 0.2222220004
36874  32.705  -28.794  67.747 0.2222220004
118437  34.007  -26.421  68.095 0.2222220004
46884  33.236  -18.495  54.758 0.1111110002
47894  29.047  -17.565  55.582 0.2222220004
47908  28.972  -17.296  54.652 0.1111110002
41901  21.676  -22.844  56.308 0.1111110002
42924  20.444  -22.095  56.838 0.1111110002
42923  21.078  -22.589  56.610 0.1111110002
43920  20.489  -21.322  56.666 0.1111110002
36875  31.754  -28.689  67.716 0.2222220004
37745  32.411  -27.968  67.727 0.3333329856
133253  34.414  -18.095  54.034 0.1111110002
47926  35.487  -17.236  53.526 0.1111110002
47949  34.755  -17.290  52.957 0.1111110002
47933  28.507  -16.764  53.628 0.1111110002
123952  23.902  -22.523  54.885 0.1111110002
42959  23.223  -22.471  55.040 0.1111110002
132323  35.432  -16.673  52.695 0.1111110002
47909  28.114  -17.312  54.245 0.1111110002
44893  26.389  -20.700  53.479 0.1111110002
42977  25.937  -21.932  54.520 0.1111110002
128028  25.099  -22.254  54.645 0.1111110002
47934  27.291  -17.124  53.514 0.1111110002
46906  27.166  -18.683  53.441 0.1111110002
45860  26.600  -19.406  53.029 0.1111110002
43953  25.021  -21.797  53.913 0.1111110002
42978  24.391  -22.191  54.420 0.1111110002
47935  26.387  -17.512  52.974 0.1111110002
51235  29.144  -14.216  54.373 0.1111110002
49025  36.200  -16.234  52.903 0.1111110002
50121  28.096  -14.895  53.437 0.1111110002
49011  27.221  -16.183  53.460 0.1111110002
116200  26.610  -16.759  53.266 0.1111110002
44906  25.221  -20.099  52.814 0.1111110002
123839  36.493  -15.148  52.008 0.1111110002
125691  26.950  -17.944  53.258 0.1111110002
44907  24.509  -20.149  53.156 0.1111110002
43954  24.178  -21.612  53.811 0.1111110002
116714  27.307  -14.421  54.665 0.1111110002
50099  27.167  -14.926  53.813 0.1111110002
50122  26.291  -15.444  53.786 0.1111110002
49013  25.570  -16.720  53.297 0.1111110002
46908  24.747  -18.319  53.247 0.1111110002
45862  24.845  -19.250  52.867 0.1111110002
50155  35.745  -15.435  51.719 0.1111110002
51264  36.871  -14.668  51.970 0.1111110002
51278  35.446  -14.694  51.131 0.1111110002
51279  34.698  -14.448  51.126 0.1111110002
52320  36.612  -13.307  51.058 0.1111110002
52217  41.114  -12.993  63.778 0.3333329856
133017  41.065  -12.229  63.685 0.3333329856
53248  40.982  -11.652  64.596 0.1111110002
124975  41.189  -12.094  62.820 0.3333329856
54274  40.952  -11.330  63.711 0.1111110002
55342  40.855  -10.692  63.109 0.1111110002
55335  40.724  -9.701  63.566 0.2222220004
55343  40.716  -10.196  62.430 0.1111110002
55537  36.375  -10.145  46.168 0.2222220004
56405  40.702  -8.610  63.790 0.2222220004
56413  40.503  -9.306  62.686 0.2222220004
61927  52.362  -4.141  49.428 0.1111110002
58632  40.545  -6.607  62.444 0.2222220004
58643  40.110  -6.845  61.631 0.3333329856
59718  39.934  -6.520  60.877 0.3333329856
59707  40.512  -6.403  61.776 0.3333329856
60767  41.557  -5.260  61.947 0.1111110002
60782  40.871  -5.936  61.318 0.3333329856
129888  43.791  -3.841  61.312 0.1111110002
61775  43.092  -3.971  61.143 0.1111110002
60766  42.398  -4.605  61.577 0.3333329856
132102  41.610  -5.405  60.974 0.2222220004
60797  40.738  -6.022  60.659 0.3333329856
59740  40.734  -6.457  59.242 0.3333329856
60781  42.507  -4.783  60.704 0.3333329856
60935  52.112  -4.951  48.050 0.1111110002
117439  52.468  -5.306  47.414 0.1111110002
60949  52.798  -5.651  46.753 0.1111110002
59928  53.126  -6.031  46.119 0.1111110002
59963  53.038  -6.985  45.009 0.1111110002
58872  53.393  -7.405  44.386 0.1111110002
58930  54.818  -8.021  40.047 0.2222220004
58948  55.289  -7.333  39.633 0.2222220004
61019  56.337  -5.716  39.342 0.1111110002
61020  55.278  -5.739  39.093 0.2222220004
60013  54.803  -6.532  39.217 0.2222220004
133504  55.732  -6.526  39.395 0.2222220004
133673  54.465  -5.751  38.987 0.2222220004
28030  6.988  -37.953  68.166 0.2222220004
27055  6.608  -38.660  67.879 0.2222220004
29975  12.561  -35.270  71.713 0.1111110002
28008  10.819  -37.342  71.430 0.1111110002
28016  10.540  -38.398  71.328 0.1111110002
27038  10.046  -39.023  72.027 0.1111110002
26137  9.799  -40.136  70.821 0.1111110002
116881  10.203  -38.895  68.323 0.1111110002
130714  9.496  -39.468  67.570 0.1111110002
38572  34.458  -26.513  68.128 0.2222220004
54283  41.058  -11.451  62.690 0.4444440007
59730  41.312  -6.040  60.019 0.3333329856
57706  54.283  -8.227  42.971 0.1111110002
57779  55.321  -8.462  40.788 0.2222220004
129915  55.248  -8.554  41.587 0.2222220004
25299  8.115  -41.401  68.004 0.1111110002
27048  10.279  -39.576  70.134 0.1111110002
43952  26.622  -21.275  54.211 0.1111110002
44904  26.769  -20.090  53.392 0.1111110002
40739  19.215  -23.761  58.994 0.1111110002
41887  20.574  -22.976  57.259 0.1111110002
50116  36.788  -15.773  53.173 0.1111110002
52321  36.054  -13.953  50.841 0.1111110002
51277  36.287  -14.686  51.461 0.1111110002
36855  33.329  -27.855  67.946 0.2222220004
138553  31.041  -28.523  68.156 0.3333329856
35065  31.523  -30.646  68.454 0.2222220004
27044  10.247  -39.387  71.182 0.1111110002
46883  34.167  -18.376  54.684 0.1111110002
47927  34.915  -17.722  53.755 0.1111110002
26157  7.378  -40.761  67.855 0.1111110002
28935  14.791  -36.907  74.302 0.1111110002
29980  14.794  -35.639  70.995 0.1111110002
29982  13.605  -35.363  70.386 0.1111110002
28956  11.715  -36.817  69.744 0.1111110002
28955  12.392  -36.189  69.288 0.1111110002
29993  12.998  -35.580  69.798 0.1111110002
28953  11.565  -36.656  70.707 0.1111110002
28022  11.176  -37.735  69.340 0.1111110002
27073  9.146  -38.438  65.963 0.1111110002
28033  11.275  -36.983  67.575 0.1111110002
129659  12.271  -36.039  67.811 0.1111110002
28974  10.634  -37.299  66.857 0.1111110002
28044  9.541  -37.540  65.669 0.1111110002
27059  10.062  -38.313  67.309 0.1111110002
28039  10.176  -37.188  66.074 0.1111110002
30018  11.936  -35.666  66.339 0.1111110002
28049  9.260  -37.244  64.923 0.1111110002
28984  9.607  -36.576  64.523 0.1111110002
119679  11.407  -36.417  66.743 0.1111110002
46886  31.478  -18.258  54.478 0.1111110002
35075  32.379  -30.898  68.173 0.2222220004
36008  33.814  -28.838  68.168 0.2222220004
47907  29.939  -17.560  54.289 0.1111110002
133818  20.034  -21.497  57.044 0.1111110002
42941  20.881  -21.880  56.434 0.1111110002
126352  34.161  -17.792  53.304 0.1111110002
42979  23.630  -22.069  54.403 0.1111110002
117031  27.833  -16.652  53.621 0.1111110002
119614  25.750  -21.307  53.611 0.1111110002
122683  26.336  -18.453  52.816 0.1111110002
43967  24.839  -20.995  53.194 0.1111110002
42980  22.876  -21.833  54.661 0.1111110002
43955  23.408  -21.363  54.102 0.1111110002
127964  26.099  -16.912  53.022 0.1111110002
51254  28.567  -14.488  53.762 0.1111110002
124616  28.821  -14.879  53.272 0.1111110002
138180  35.766  -16.062  52.276 0.1111110002
50135  36.363  -15.661  52.428 0.1111110002
137560  28.114  -15.321  53.279 0.1111110002
122797  28.638  -15.336  53.127 0.1111110002
119042  26.902  -15.582  53.578 0.1111110002
134018  27.607  -15.398  53.450 0.1111110002
49012  26.305  -16.182  53.381 0.1111110002
45861  25.726  -19.295  52.700 0.1111110002
46907  25.464  -18.312  52.791 0.1111110002
43966  25.641  -20.675  53.068 0.1111110002
45863  24.309  -19.556  53.335 0.1111110002
50089  26.320  -14.875  54.507 0.1111110002
50123  25.724  -15.967  53.641 0.1111110002
47936  25.761  -17.480  52.884 0.1111110002
47937  25.148  -17.519  53.175 0.1111110002
51291  35.232  -14.084  50.798 0.1111110002
52330  35.343  -13.414  50.606 0.1111110002
132640  40.998  -10.917  64.745 0.1111110002
55334  40.937  -10.256  64.394 0.1111110002
60768  40.889  -5.934  61.947 0.2222220004
58929  55.809  -7.964  40.187 0.2222220004
49010  28.121  -15.919  53.283 0.1111110002
55539  34.737  -10.294  46.383 0.1111110002
61003  41.438  -5.408  40.643 0.2222220004
62005  41.040  -4.864  40.072 0.1111110002
62021  43.445  -4.353  39.765 0.2222220004
62023  41.567  -4.301  39.536 0.2222220004
71909  52.469  5.432  28.406 0.2222220004
71925  53.156  5.461  27.866 0.2222220004
71926  52.119  5.497  27.313 0.2222220004
71871  60.209  5.926  30.410 0.2222220004
135688  57.745  6.450  27.204 0.3333329856
70901  60.558  5.062  31.873 0.1111110002
119165  59.862  6.049  31.227 0.2222220004
69901  60.234  4.535  36.103 0.2222220004
70868  59.757  5.140  36.366 0.2222220004
61004  40.569  -5.455  40.561 0.1111110002
71865  60.463  5.502  31.176 0.2222220004
122263  34.390  -10.376  45.676 0.1111110002
62006  40.123  -4.896  40.053 0.1111110002
35062  36.099  -30.568  68.541 0.1111110002
35063  35.464  -31.108  68.443 0.1111110002
34185  35.459  -32.718  67.910 0.1111110002
126520  34.998  -32.261  68.298 0.1111110002
33136  34.818  -33.072  68.078 0.1111110002
34228  33.124  -32.588  66.896 0.1111110002
35993  35.421  -29.875  68.605 0.1111110002
35064  34.597  -30.839  68.391 0.1111110002
135141  34.386  -32.954  68.219 0.1111110002
33166  32.746  -33.036  67.584 0.1111110002
35110  30.916  -30.495  66.067 0.1111110002
36033  30.286  -29.612  65.460 0.1111110002
36050  29.478  -29.071  64.905 0.1111110002
35995  33.403  -31.078  68.246 0.1111110002
34230  31.332  -32.312  67.040 0.1111110002
35093  29.968  -31.094  66.756 0.1111110002
36034  29.339  -29.775  65.604 0.1111110002
38596  39.532  -26.832  66.879 0.1111110002
37741  38.431  -27.863  67.570 0.1111110002
38583  38.305  -27.427  67.213 0.1111110002
36873  37.264  -28.242  68.176 0.1111110002
39532  39.489  -25.745  66.542 0.1111110002
121928  38.599  -26.873  66.750 0.1111110002
37742  37.569  -27.753  67.649 0.1111110002
37758  36.777  -27.434  67.429 0.1111110002
34176  28.682  -31.345  70.426 0.1111110002
38599  36.409  -26.948  66.871 0.1111110002
34192  27.458  -31.260  69.169 0.1111110002
38584  35.961  -27.107  67.701 0.1111110002
121356  29.100  -31.674  69.027 0.1111110002
36853  35.307  -28.618  68.761 0.1111110002
126698  30.798  -32.099  69.235 0.1111110002
33140  31.237  -32.650  68.471 0.1111110002
34206  30.503  -32.445  67.988 0.1111110002
35076  28.001  -30.789  67.525 0.1111110002
33152  31.644  -32.962  68.113 0.1111110002
34231  30.617  -32.023  67.260 0.1111110002
119455  28.367  -30.540  66.762 0.1111110002
35094  27.313  -30.645  66.885 0.1111110002
126598  29.287  -30.901  66.940 0.1111110002
40620  40.003  -24.600  66.852 0.1111110002
41768  39.406  -23.914  66.422 0.1111110002
34165  28.749  -31.260  71.025 0.2222220004
34177  27.615  -31.322  70.170 0.1111110002
35953  17.937  -29.454  73.266 0.1111110002
34152  28.380  -30.931  71.565 0.2222220004
34153  27.758  -31.027  72.097 0.2222220004
115239  27.891  -31.240  71.221 0.2222220004
35019  18.797  -29.285  74.248 0.1111110002
35035  28.726  -30.445  71.656 0.2222220004
34164  29.069  -31.080  71.146 0.2222220004
46719  39.337  -18.640  67.882 0.1111110002
35959  28.416  -29.711  72.024 0.2222220004
35938  19.588  -28.988  74.671 0.1111110002
35036  28.124  -30.458  72.138 0.2222220004
35026  27.494  -30.490  72.498 0.2222220004
34147  22.085  -32.340  72.681 0.1111110002
35974  29.513  -29.459  71.121 0.2222220004
34141  27.056  -31.100  72.488 0.1111110002
130197  25.259  -32.465  72.234 0.1111110002
33112  24.705  -33.272  71.829 0.1111110002
33113  23.713  -33.220  72.135 0.1111110002
33124  22.185  -32.725  70.955 0.1111110002
49990  39.414  -15.383  67.034 0.1111110002
51066  40.153  -14.149  66.393 0.1111110002
51083  40.303  -14.475  65.247 0.2222220004
116277  18.742  -28.323  74.417 0.1111110002
131358  20.207  -29.444  74.743 0.1111110002
35017  20.729  -30.191  74.672 0.1111110002
35018  19.814  -29.829  74.453 0.1111110002
123104  29.049  -29.828  71.617 0.2222220004
136311  21.665  -31.896  73.097 0.1111110002
34148  20.887  -31.570  72.946 0.1111110002
34146  22.473  -31.850  73.391 0.1111110002
36823  29.273  -28.578  71.190 0.2222220004
36810  28.808  -28.351  71.365 0.2222220004
36811  28.330  -28.882  71.801 0.2222220004
35028  25.737  -30.762  73.017 0.1111110002
138614  24.929  -31.980  72.886 0.2222220004
34144  24.317  -31.913  73.139 0.2222220004
33106  23.199  -32.664  72.731 0.1111110002
35960  27.767  -29.346  72.210 0.2222220004
35961  26.719  -29.542  72.541 0.2222220004
35947  25.949  -30.064  72.857 0.2222220004
34130  24.893  -31.140  73.339 0.2222220004
36812  27.859  -28.712  71.813 0.2222220004
49976  39.894  -14.838  67.625 0.1111110002
52199  40.515  -13.587  65.650 0.1111110002
52198  40.841  -13.048  64.791 0.2222220004
35932  20.598  -29.304  74.751 0.1111110002
34125  21.939  -30.197  74.603 0.1111110002
125571  21.545  -30.437  74.615 0.1111110002
34133  22.645  -30.508  74.183 0.1111110002
34134  22.208  -30.853  74.252 0.1111110002
34132  23.246  -30.814  73.920 0.1111110002
34145  23.441  -31.757  73.397 0.1111110002
35934  23.774  -30.254  73.719 0.2222220004
35931  21.141  -29.645  74.815 0.1111110002
138559  22.999  -30.348  74.039 0.2222220004
35016  22.529  -30.158  74.299 0.1111110002
35015  23.559  -30.464  73.809 0.1111110002
57746  34.425  -8.648  42.050 0.1111110002
57768  36.777  -8.108  41.743 0.1111110002
57770  34.904  -8.043  41.603 0.1111110002
58918  34.500  -7.226  41.342 0.1111110002
58915  37.287  -7.505  41.440 0.1111110002
59986  36.007  -6.780  40.946 0.1111110002
59988  34.133  -6.269  41.211 0.1111110002
59987  35.060  -6.613  40.969 0.1111110002
62986  41.115  -3.649  38.903 0.1111110002
58917  35.446  -7.394  41.282 0.1111110002
65891  45.819  -0.266  35.618 0.1111110002
66896  46.176  0.232  35.177 0.1111110002
66898  44.229  0.533  35.151 0.1111110002
66913  44.835  0.970  34.670 0.1111110002
66899  43.232  0.974  35.137 0.1111110002
67928  46.287  1.386  34.198 0.1111110002
128126  45.375  1.513  34.204 0.1111110002
67943  45.890  1.986  33.716 0.1111110002
66914  44.014  1.205  34.724 0.1111110002
67942  46.778  1.893  33.698 0.1111110002
68949  44.437  1.745  34.274 0.1111110002
67944  45.003  2.230  33.755 0.1111110002
68964  47.187  2.386  33.177 0.1111110002
68965  46.310  2.472  33.231 0.1111110002
136334  45.550  2.561  33.355 0.1111110002
68979  46.706  2.945  32.663 0.1111110002
69938  45.675  3.158  32.789 0.1111110002
68966  44.830  3.016  33.314 0.1111110002
71922  59.880  6.434  27.686 0.2222220004
71911  49.583  5.823  28.460 0.1111110002
72875  59.449  6.609  27.139 0.2222220004
72870  49.152  6.581  28.052 0.1111110002
138371  56.413  5.970  27.325 0.2222220004
71948  52.176  5.668  26.375 0.1111110002
135516  51.243  5.679  27.233 0.1111110002
71928  50.577  5.825  27.514 0.1111110002
71910  50.429  5.604  28.327 0.1111110002
72902  59.347  7.009  25.491 0.2222220004
114719  58.853  7.056  25.752 0.2222220004
72889  57.133  6.355  26.774 0.2222220004
72901  59.677  6.832  25.326 0.2222220004
73932  59.204  7.358  24.810 0.2222220004
114978  57.769  6.824  25.748 0.2222220004
73931  59.454  7.253  24.529 0.2222220004
134940  53.334  5.910  25.282 0.1111110002
72891  51.801  6.152  25.817 0.1111110002
72879  50.776  6.173  26.781 0.1111110002
72880  50.137  6.547  27.108 0.1111110002
72917  57.926  7.270  24.787 0.2222220004
115226  56.836  6.640  25.028 0.2222220004
72892  51.135  6.551  26.136 0.1111110002
73922  50.513  6.964  26.499 0.1111110002
73944  59.340  7.546  24.019 0.2222220004
73946  57.991  7.636  23.961 0.1111110002
72918  56.113  6.574  24.289 0.1111110002
72919  54.860  6.346  24.258 0.1111110002
136362  52.797  6.157  25.163 0.1111110002
73933  51.959  7.298  25.090 0.1111110002
73921  51.023  7.387  25.983 0.1111110002
73962  58.993  8.081  23.373 0.2222220004
73977  57.278  8.109  22.120 0.1111110002
118004  55.513  6.768  23.474 0.1111110002
72936  54.453  6.780  23.410 0.1111110002
73947  53.102  7.080  23.934 0.1111110002
134134  53.036  6.446  24.619 0.1111110002
72921  52.472  7.206  24.571 0.1111110002
74871  51.613  7.788  25.534 0.1111110002
73992  55.474  8.092  21.445 0.1111110002
72949  55.093  7.147  22.743 0.1111110002
114708  53.462  7.746  23.437 0.1111110002
73993  54.788  8.118  21.674 0.1111110002
74902  54.177  8.188  22.328 0.1111110002
74883  52.812  7.956  24.197 0.1111110002
74914  55.225  8.666  21.068 0.1111110002
121227  54.576  8.579  21.669 0.1111110002
75906  54.412  10.189  18.404 0.1111110002
74870  52.273  8.120  25.018 0.1111110002
74861  51.960  8.755  25.765 0.1111110002
136265  53.955  9.004  22.756 0.1111110002
74869  52.838  8.862  24.751 0.1111110002
75886  55.699  9.953  19.973 0.1111110002
74927  55.284  9.387  20.680 0.1111110002
75864  54.302  9.133  22.119 0.1111110002
75855  53.851  9.415  23.474 0.1111110002
75831  53.075  9.639  25.390 0.1111110002
74937  57.376  9.059  19.400 0.1111110002
76758  54.760  10.105  22.009 0.1111110002
115006  54.717  10.566  22.945 0.1111110002
75843  53.756  9.869  24.301 0.1111110002
118970  53.324  9.524  24.734 0.1111110002
76789  56.309  11.298  18.927 0.1111110002
76779  55.921  10.928  20.120 0.1111110002
118971  54.374  10.403  23.766 0.1111110002
77728  56.368  12.170  19.615 0.1111110002
78741  56.089  12.672  18.831 0.1111110002
77742  54.192  11.542  19.349 0.1111110002
77718  53.483  11.661  21.007 0.1111110002
75832  52.506  9.054  25.390 0.1111110002
75823  52.589  9.668  26.144 0.1111110002
76757  55.286  11.173  22.496 0.1111110002
76747  55.102  11.293  23.466 0.1111110002
77686  54.848  11.285  24.485 0.1111110002
76736  54.189  10.533  24.615 0.1111110002
76726  53.684  10.239  25.145 0.1111110002
77717  56.242  11.963  20.840 0.1111110002
77706  55.814  12.140  22.980 0.1111110002
78729  56.357  13.092  19.866 0.1111110002
78695  56.568  13.845  22.835 0.1111110002
78720  55.048  13.399  20.650 0.1111110002
79660  56.163  14.169  21.088 0.1111110002
77730  53.992  12.023  20.231 0.1111110002
78708  54.654  13.471  21.610 0.1111110002
78721  54.052  12.540  21.131 0.1111110002
119647  54.270  10.866  25.246 0.1111110002
77696  55.645  12.174  23.926 0.1111110002
78696  56.310  13.063  23.375 0.1111110002
79635  56.429  14.283  23.302 0.1111110002
79648  55.295  14.169  22.075 0.1111110002
78709  53.775  12.708  22.178 0.1111110002
132303  55.529  12.246  25.609 0.1111110002
77685  55.583  12.184  24.796 0.1111110002
78687  56.223  13.061  24.222 0.1111110002
36851  36.334  -28.693  68.679 0.1111110002
36850  37.090  -28.856  68.493 0.1111110002
115159  34.648  -29.389  68.483 0.1111110002
35061  36.727  -31.499  68.107 0.1111110002
35994  33.884  -29.980  68.221 0.1111110002
134963  36.606  -28.263  68.459 0.1111110002
136477  31.854  -31.400  68.415 0.1111110002
35066  31.053  -31.242  69.099 0.1111110002
37743  36.507  -27.740  68.089 0.1111110002
37744  35.625  -27.295  68.265 0.1111110002
34188  31.396  -32.469  68.584 0.1111110002
34163  29.668  -31.257  70.613 0.1111110002
128822  31.442  -31.790  68.742 0.1111110002
136848  29.873  -31.749  70.144 0.1111110002
34190  29.893  -32.116  69.185 0.1111110002
38598  37.576  -27.167  66.866 0.1111110002
38610  38.882  -26.143  66.334 0.1111110002
40632  39.602  -24.800  66.467 0.1111110002
57769  35.855  -8.109  41.647 0.1111110002
68978  47.627  2.845  32.648 0.1111110002
69936  47.169  3.451  32.116 0.1111110002
72864  59.363  6.584  27.929 0.2222220004
72876  59.012  6.669  27.407 0.2222220004
72888  58.288  6.680  26.704 0.2222220004
66912  45.758  0.831  34.678 0.1111110002
66897  45.190  0.207  35.255 0.1111110002
131402  30.218  -31.661  70.088 0.1111110002
136644  27.269  -29.431  72.366 0.2222220004
122474  25.089  -30.359  73.197 0.2222220004
35014  24.318  -30.495  73.587 0.2222220004
36813  27.230  -28.909  72.013 0.2222220004
41755  39.694  -23.836  66.743 0.1111110002
72904  55.759  6.156  25.037 0.1111110002
71967  52.648  5.821  25.716 0.1111110002
132293  54.830  5.949  25.088 0.1111110002
37727  35.079  -26.995  68.443 0.1111110002
138311  34.646  -28.441  68.562 0.1111110002
37728  34.609  -27.106  68.438 0.1111110002
35992  35.989  -29.246  68.785 0.1111110002
34184  35.890  -31.894  68.257 0.1111110002
33149  34.200  -33.310  67.999 0.1111110002
33164  34.378  -33.125  67.541 0.1111110002
33165  33.649  -33.140  67.565 0.1111110002
34229  32.167  -32.476  66.883 0.1111110002
35090  32.595  -31.347  66.389 0.1111110002
34186  34.061  -32.179  68.333 0.1111110002
126878  33.147  -32.280  68.315 0.1111110002
33137  33.655  -33.038  68.217 0.1111110002
33150  33.241  -33.312  68.016 0.1111110002
33167  31.897  -32.920  67.605 0.1111110002
35092  30.735  -31.353  66.580 0.1111110002
35111  30.059  -30.461  66.113 0.1111110002
135701  32.783  -31.616  68.296 0.1111110002
35091  31.564  -31.458  66.469 0.1111110002
33168  31.189  -32.725  67.736 0.1111110002
124660  29.133  -30.381  66.291 0.1111110002
38597  39.271  -26.512  66.731 0.1111110002
34175  29.355  -31.403  70.495 0.1111110002
116944  29.509  -31.727  69.808 0.1111110002
34191  28.447  -31.348  69.579 0.1111110002
119217  35.295  -27.752  68.684 0.1111110002
36852  35.766  -28.374  68.753 0.1111110002
34189  30.201  -32.032  69.580 0.1111110002
34207  29.701  -31.867  68.371 0.1111110002
34208  28.593  -31.216  68.233 0.1111110002
33139  31.913  -32.900  68.262 0.1111110002
33153  31.074  -32.765  68.219 0.1111110002
33141  30.581  -32.338  68.744 0.1111110002
34232  29.844  -31.597  67.447 0.1111110002
34233  28.977  -31.081  67.531 0.1111110002
135961  27.128  -30.886  67.493 0.1111110002
33151  32.376  -33.172  68.050 0.1111110002
35114  26.404  -30.484  65.787 0.1111110002
136676  28.280  -30.162  66.100 0.1111110002
35025  27.859  -29.972  72.412 0.2222220004
35946  27.330  -29.882  72.552 0.2222220004
35027  26.682  -30.438  72.768 0.2222220004
33115  22.255  -32.643  71.845 0.1111110002
117021  26.544  -31.599  72.211 0.1111110002
34142  26.277  -31.221  72.737 0.1111110002
34143  25.500  -31.548  72.817 0.1111110002
114635  25.934  -31.839  72.390 0.1111110002
33104  24.565  -32.659  72.530 0.1111110002
136461  24.241  -33.181  72.179 0.1111110002
33122  23.586  -33.531  71.380 0.1111110002
33105  23.921  -32.673  72.717 0.1111110002
33114  23.006  -33.169  72.057 0.1111110002
34135  21.430  -31.128  73.931 0.1111110002
122003  22.848  -31.120  73.959 0.1111110002
33107  22.622  -32.613  72.566 0.1111110002
34131  24.007  -31.065  73.630 0.2222220004
57771  33.990  -7.899  41.681 0.1111110002
58916  36.396  -7.472  41.336 0.1111110002
68967  44.021  2.650  33.859 0.1111110002
72886  59.544  6.667  26.228 0.2222220004
72869  49.808  6.144  27.735 0.1111110002
71949  51.488  5.851  26.553 0.1111110002
72903  58.653  7.313  25.083 0.2222220004
72916  59.561  7.156  24.340 0.2222220004
73945  58.920  7.656  24.254 0.2222220004
73961  59.390  7.770  23.471 0.2222220004
72906  52.278  6.534  25.165 0.1111110002
73934  51.545  6.891  25.523 0.1111110002
131985  57.110  7.001  24.358 0.2222220004
72935  56.764  7.138  23.654 0.1111110002
73964  56.292  7.327  22.799 0.1111110002
73963  57.788  7.873  23.051 0.1111110002
72920  53.789  6.579  24.012 0.1111110002
73976  58.639  8.386  22.248 0.1111110002
73978  55.817  7.634  22.023 0.1111110002
73966  53.719  6.996  23.443 0.1111110002
136696  53.834  7.909  22.916 0.1111110002
73979  54.851  7.651  22.126 0.1111110002
74891  53.705  8.472  23.116 0.1111110002
74882  53.341  8.833  23.978 0.1111110002
75873  54.744  9.243  21.343 0.1111110002
74926  56.000  9.250  20.067 0.1111110002
123325  54.297  9.780  22.878 0.1111110002
135597  56.217  10.574  19.242 0.1111110002
74925  57.416  9.115  19.814 0.1111110002
114746  55.510  10.955  21.424 0.1111110002
75897  56.309  10.548  18.563 0.1111110002
75896  56.534  9.680  18.720 0.1111110002
77739  56.230  12.028  18.630 0.1111110002
78740  56.244  12.664  19.041 0.1111110002
77716  56.477  12.828  20.483 0.1111110002
79670  56.176  13.629  20.296 0.1111110002
79671  55.887  13.777  20.311 0.1111110002
78742  55.598  12.744  18.996 0.1111110002
77729  54.743  12.464  19.455 0.1111110002
77675  54.848  11.538  25.416 0.1111110002
78719  56.487  12.927  21.408 0.1111110002
126250  55.951  12.044  21.952 0.1111110002
79659  56.378  14.021  21.379 0.1111110002
78706  56.518  13.710  21.895 0.1111110002
79646  56.449  14.151  22.318 0.1111110002
78707  56.397  13.025  22.429 0.1111110002
78732  54.589  12.758  20.224 0.1111110002
79661  55.638  14.061  21.186 0.1111110002
131220  56.267  14.243  21.837 0.1111110002
79647  56.037  14.400  21.825 0.1111110002
37726  35.855  -27.853  68.590 0.1111110002
34187  32.186  -32.188  68.409 0.1111110002
33138  32.748  -33.022  68.207 0.1111110002
56561  32.951  -9.489  48.846 0.1111110002
54259  42.304  -11.291  65.734 0.1111110002
129446  43.327  -11.316  65.008 0.1111110002
54258  43.077  -11.663  65.438 0.1111110002
133467  41.765  -10.235  65.316 0.1111110002
53235  43.511  -12.025  64.859 0.1111110002
57756  56.082  -8.482  41.527 0.1111110002
57778  56.413  -8.328  40.859 0.1111110002
55320  42.222  -10.489  65.420 0.1111110002
56392  42.462  -9.367  64.875 0.1111110002
56384  42.702  -10.144  65.104 0.1111110002
56385  42.018  -9.800  65.208 0.1111110002
56394  41.184  -8.602  64.533 0.1111110002
56404  41.013  -9.254  64.595 0.1111110002
57728  54.767  -8.448  42.210 0.1111110002
57427  41.546  -8.397  64.546 0.1111110002
57426  42.174  -8.569  64.620 0.1111110002
56393  41.631  -9.078  64.911 0.1111110002
57447  40.551  -7.620  63.388 0.1111110002
58642  40.257  -7.282  62.471 0.1111110002
58947  56.329  -7.210  39.778 0.1111110002
58606  41.779  -7.839  64.309 0.1111110002
57437  41.074  -7.829  64.237 0.1111110002
117661  41.384  -6.569  63.606 0.1111110002
58620  40.898  -7.010  63.752 0.1111110002
135026  56.458  -6.487  39.526 0.1111110002
64881  56.772  -1.350  36.849 0.1111110002
64917  57.676  -1.681  34.808 0.1111110002
129027  57.176  -1.933  35.305 0.1111110002
64898  56.684  -1.795  36.096 0.1111110002
63914  56.531  -2.657  36.378 0.1111110002
62974  57.549  -3.472  39.598 0.1111110002
63862  59.412  -2.978  39.157 0.1111110002
62030  59.558  -3.661  38.646 0.1111110002
62993  59.210  -3.107  38.623 0.1111110002
124845  57.963  -2.903  37.983 0.1111110002
68917  59.712  2.651  38.142 0.1111110002
65859  58.062  -0.051  37.834 0.1111110002
64910  57.186  -1.244  35.443 0.1111110002
65901  57.876  -0.848  34.864 0.1111110002
63863  57.813  -1.823  40.519 0.1111110002
120708  58.789  -2.157  39.626 0.1111110002
63875  59.282  -2.739  39.135 0.1111110002
64869  58.810  -1.699  39.561 0.1111110002
63876  58.840  -2.309  38.645 0.1111110002
64870  58.484  -1.393  38.625 0.1111110002
66869  59.409  1.831  38.587 0.1111110002
65885  58.205  0.193  34.920 0.1111110002
67903  58.517  1.181  35.517 0.1111110002
64863  58.540  -1.216  40.495 0.1111110002
67901  59.420  1.953  35.331 0.1111110002
68944  60.344  3.093  34.813 0.1111110002
69910  60.383  4.156  35.161 0.1111110002
70875  60.198  5.162  35.416 0.1111110002
70917  61.017  5.036  30.350 0.1111110002
71903  60.355  5.809  28.857 0.1111110002
71944  60.165  5.953  26.564 0.1111110002
70987  59.978  5.269  25.551 0.1111110002
71963  59.783  6.426  24.992 0.1111110002
71003  57.672  5.080  23.549 0.1111110002
70997  56.989  4.333  24.030 0.1111110002
130413  56.234  4.916  22.582 0.1111110002
137974  60.107  6.034  29.584 0.1111110002
71921  60.397  5.676  27.436 0.1111110002
72885  59.855  6.520  26.136 0.1111110002
71962  60.028  6.182  25.810 0.1111110002
71977  59.630  6.625  24.069 0.1111110002
72934  59.553  6.964  23.147 0.1111110002
72946  59.461  7.686  23.245 0.1111110002
73989  59.045  8.560  21.429 0.1111110002
71984  58.910  5.937  23.454 0.1111110002
71992  58.943  6.569  22.654 0.1111110002
72948  58.802  7.055  21.857 0.1111110002
71993  57.870  6.015  22.280 0.1111110002
72004  56.355  5.810  21.270 0.1111110002
71994  55.865  5.202  21.944 0.1111110002
73960  59.450  7.492  23.808 0.1111110002
74004  58.826  8.753  20.905 0.1111110002
72961  58.487  7.555  20.966 0.1111110002
57727  55.723  -8.344  42.261 0.1111110002
120892  60.165  2.214  34.782 0.1111110002
68933  60.104  3.300  35.531 0.1111110002
121666  58.965  -0.668  40.469 0.1111110002
67918  59.046  0.886  34.814 0.1111110002
65833  59.115  0.034  41.093 0.1111110002
64851  58.598  -0.382  41.186 0.1111110002
68900  59.952  3.435  39.079 0.1111110002
67902  58.970  2.119  36.265 0.1111110002
67886  59.913  2.826  39.058 0.1111110002
68925  59.784  3.028  37.217 0.1111110002
66877  57.778  0.563  35.973 0.1111110002
134587  59.056  -0.949  39.684 0.1111110002
68924  60.170  3.819  36.644 0.1111110002
65886  57.398  -0.338  35.624 0.1111110002
65868  57.354  -0.080  36.673 0.1111110002
129526  59.366  0.414  40.789 0.1111110002
66860  59.431  1.090  39.465 0.1111110002
122353  59.465  0.344  39.967 0.1111110002
69892  60.171  4.565  37.144 0.1111110002
73975  59.262  8.195  22.398 0.1111110002
72874  59.879  6.430  26.884 0.1111110002
55498  32.480  -10.359  47.989 0.1111110002
55319  42.877  -10.879  65.323 0.1111110002
53224  43.285  -12.629  65.442 0.1111110002
64880  57.336  -1.397  37.555 0.1111110002
65860  57.204  -0.740  37.206 0.1111110002
65869  56.867  -0.878  36.304 0.1111110002
63918  56.985  -2.651  35.429 0.1111110002
67892  59.117  2.027  37.375 0.1111110002
66861  58.879  0.336  38.876 0.1111110002
65849  58.790  -0.426  39.027 0.1111110002
121174  58.433  -2.689  39.664 0.1111110002
66870  58.665  0.858  38.242 0.1111110002
68934  59.632  2.868  36.119 0.1111110002
67893  58.389  1.323  36.599 0.1111110002
70978  60.541  4.941  26.851 0.1111110002
70986  60.241  5.404  26.229 0.1111110002
115632  58.105  5.687  22.908 0.1111110002
71985  57.150  5.286  22.793 0.1111110002
123558  56.786  5.531  22.058 0.1111110002
72933  59.636  7.099  23.665 0.1111110002
71978  59.093  5.667  24.155 0.1111110002
72947  59.394  7.633  22.540 0.1111110002
72960  59.215  8.119  21.658 0.1111110002
73990  59.053  8.460  21.043 0.1111110002
72003  57.571  6.349  21.502 0.1111110002
72962  57.216  6.661  20.703 0.1111110002
137683  55.197  5.008  21.911 0.1111110002
65848  59.284  -0.248  40.347 0.1111110002
128756  58.013  0.672  37.126 0.1111110002
67887  58.641  1.321  37.573 0.1111110002
25289  7.965  -41.147  69.074 0.2222220004
25294  8.194  -41.312  68.875 0.2222220004
25307  7.437  -41.099  66.486 0.1111110002
26132  9.307  -39.628  71.640 0.3333329856
26133  8.889  -39.791  71.356 0.3333329856
26142  9.093  -40.781  70.226 0.2222220004
26150  9.323  -40.683  69.341 0.2222220004
28945  15.301  -36.735  72.230 0.1111110002
35012  21.173  -30.081  74.839 0.1111110002
35013  20.664  -29.579  74.798 0.1111110002
35986  22.140  -29.258  69.648 0.5555559993
36824  28.260  -28.282  71.393 0.4444440007
37695  13.854  -27.417  73.259 0.2222220004
37735  25.872  -27.890  67.975 0.6666669846
38573  33.422  -26.226  67.843 0.5555559993
38604  25.956  -26.837  65.983 0.6666669846
40606  32.991  -24.793  67.120 0.7777780294
40610  30.338  -25.167  67.256 0.5555559993
40663  38.186  -23.980  63.952 0.4444440007
40668  28.111  -24.088  63.910 0.7777780294
40677  35.435  -24.027  62.737 0.6666669846
41814  29.156  -23.267  62.208 0.7777780294
41820  36.249  -22.287  61.755 0.6666669846
43827  37.815  -21.231  64.478 0.6666669846
43844  36.990  -20.973  63.198 0.7777780294
43859  36.058  -20.718  62.240 0.6666669846
44751  39.313  -20.541  67.822 0.1111110002
44760  38.033  -20.558  67.078 0.4444440007
44767  40.556  -19.901  66.348 0.1111110002
44792  36.489  -19.897  63.418 0.6666669846
44811  34.828  -20.273  61.423 0.7777780294
44905  26.081  -20.103  52.847 0.1111110002
46720  38.631  -18.375  68.041 0.3333329856
46921  25.997  -17.949  52.714 0.1111110002
47763  37.752  -18.261  65.967 0.3333329856
47829  35.775  -17.902  61.369 0.8888890147
47837  39.374  -17.394  60.758 0.8888890147
47853  36.686  -17.814  59.750 0.8888890147
48937  39.846  -17.187  61.037 1.0000000000
51067  39.829  -14.636  67.035 0.1111110002
52262  39.858  -13.779  57.861 1.0000000000
53289  41.117  -12.304  59.917 0.8888890147
53295  40.547  -12.479  58.172 1.0000000000
56423  40.312  -9.103  61.815 0.3333329856
56576  39.114  -9.175  47.234 0.7777780294
56659  43.905  -9.494  43.591 1.0000000000
57554  41.257  -8.260  52.356 1.0000000000
57556  39.398  -8.156  52.621 1.0000000000
57593  40.516  -8.353  49.240 1.0000000000
57600  33.002  -8.740  50.096 0.2222220004
57616  39.229  -8.683  48.673 0.7777780294
58691  37.547  -6.891  57.097 0.8888890147
58724  40.037  -7.807  55.103 1.0000000000
58727  37.021  -6.557  54.670 1.0000000000
59717  40.175  -6.267  60.693 0.3333329856
59728  43.031  -6.221  59.108 0.5555559993
59767  37.777  -6.566  56.797 0.7777780294
60015  52.051  -6.617  39.362 0.7777780294
60769  40.463  -6.292  61.317 0.3333329856
60985  48.071  -4.951  41.575 0.8888890147
61999  49.836  -4.266  41.331 1.0000000000
62000  46.692  -4.435  41.136 0.8888890147
62771  45.677  -3.489  58.887 0.3333329856
62944  53.303  -2.687  41.251 0.8888890147
62947  51.129  -3.626  41.114 1.0000000000
62948  50.075  -3.598  41.183 1.0000000000
62951  47.380  -4.364  41.367 0.8888890147
62961  48.594  -3.647  41.227 0.8888890147
62962  47.832  -3.794  41.100 0.8888890147
63840  55.644  -1.478  42.086 0.5555559993
63844  51.568  -3.121  40.927 1.0000000000
63855  49.665  -3.214  40.832 1.0000000000
65873  50.680  -0.641  36.487 0.6666669846
68973  52.506  2.437  32.561 0.5555559993
70941  54.514  4.950  29.657 0.4444440007
70996  57.876  4.558  24.280 0.1111110002
71946  54.033  5.560  26.663 0.2222220004
72861  47.627  6.861  29.317 0.1111110002
72887  59.112  6.783  26.568 0.2222220004
73965  54.179  7.391  22.875 0.1111110002
74911  58.695  8.830  20.818 0.1111110002
75885  56.608  9.745  19.126 0.1111110002
76768  55.186  10.011  20.929 0.1111110002
78718  56.462  13.475  20.872 0.1111110002
78730  55.994  13.322  19.478 0.1111110002
78731  55.413  13.182  19.758 0.1111110002
79679  56.164  13.129  19.421 0.1111110002
115180  40.964  -12.393  64.437 0.3333329856
115913  52.068  -2.675  40.538 0.7777780294
116674  41.438  -9.783  65.093 0.1111110002
116770  42.160  -7.638  58.199 0.5555559993
118357  41.728  -6.689  59.246 0.5555559993
118549  30.235  -23.435  63.829 0.6666669846
119226  38.061  -7.590  58.245 0.8888890147
120146  51.020  -1.800  37.407 0.6666669846
121669  40.728  -10.043  60.249 0.6666669846
121734  46.817  -2.684  38.272 0.6666669846
122186  60.035  3.952  38.776 0.1111110002
123385  28.941  -29.092  71.614 0.2222220004
124139  54.733  -1.188  41.943 0.6666669846
128453  49.478  -3.629  41.294 1.0000000000
130958  38.011  -18.114  67.344 0.3333329856
130975  40.872  -6.430  63.130 0.2222220004
131078  40.359  -9.360  60.419 0.6666669846
133373  34.900  -27.868  68.699 0.1111110002
134298  59.017  7.890  23.754 0.2222220004
134820  10.459  -33.362  74.116 0.3333329856
136757  40.575  -6.925  63.095 0.1111110002
137230  21.523  -29.912  74.828 0.1111110002
137282  22.763  -29.368  69.695 0.5555559993
137678  37.946  -17.833  62.177 0.8888890147
138446  48.957  -4.121  41.597 1.0000000000
138560  40.048  -8.504  61.745 0.4444440007
138562  34.751  -18.436  56.872 0.7777780294
