
Sun Mar  8 12:43:01 CET 2026
cd /out/sourcedata/freesurfer/sub-v1s11x0050171_ses-1
setenv SUBJECTS_DIR /out/sourcedata/freesurfer
/opt/freesurfer/bin/recon-all -autorecon1 -i /work/fmriprep_25_2_wf/sub_v1s11x0050171_ses_1_wf/anat_fit_wf/anat_validate/sub-v1s11x0050171_ses-1_T1w_noise_corrected_ras_valid.nii.gz -noskullstrip -noT2pial -noFLAIRpial -openmp 16 -subjid sub-v1s11x0050171_ses-1 -sd /out/sourcedata/freesurfer

subjid sub-v1s11x0050171_ses-1
setenv SUBJECTS_DIR /out/sourcedata/freesurfer
FREESURFER_HOME /opt/freesurfer
Actual FREESURFER_HOME /opt/freesurfer
build-stamp.txt: freesurfer-linux-ubuntu22_x86_64-7.3.2-20220804-6354275
Linux dna074 5.14.0-427.37.1.el9_4.x86_64 #1 SMP PREEMPT_DYNAMIC Fri Sep 13 12:41:50 EDT 2024 x86_64 x86_64 x86_64 GNU/Linux
cputime      unlimited
filesize     unlimited
datasize     unlimited
stacksize    8192 kbytes
coredumpsize 0 kbytes
memoryuse    67108864 kbytes
vmemoryuse   unlimited
descriptors  1024 
memorylocked unlimited
maxproc      2061970 
maxlocks     unlimited
maxsignal    2062029 
maxmessage   819200 
maxnice      0 
maxrtprio    0 
maxrttime    unlimited

               total        used        free      shared  buff/cache   available
Mem:           503Gi        44Gi       427Gi        11Gi        31Gi       444Gi
Swap:             0B          0B          0B

########################################
program versions used
7.3.2 (freesurfer-linux-ubuntu22_x86_64-7.3.2-20220804-6354275)
7.3.2

ProgramName: lta_convert  ProgramArguments: lta_convert -all-info  ProgramVersion: 7.3.2  TimeStamp: 2026/03/08-11:43:01-GMT  BuildTime: Aug  4 2022 06:17:15  BuildStamp: freesurfer-linux-ubuntu22_x86_64-7.3.2-20220804-6354275  User: oesteban  Machine: dna074  Platform: Linux  PlatformVersion: 5.14.0-427.37.1.el9_4.x86_64  CompilerName: GCC  CompilerVersion: 8.4.0
ProgramName: mri_and  ProgramArguments: mri_and -all-info  ProgramVersion: 7.3.2  TimeStamp: 2026/03/08-11:43:01-GMT  BuildTime: Aug  4 2022 06:17:15  BuildStamp: freesurfer-linux-ubuntu22_x86_64-7.3.2-20220804-6354275  User: oesteban  Machine: dna074  Platform: Linux  PlatformVersion: 5.14.0-427.37.1.el9_4.x86_64  CompilerName: GCC  CompilerVersion: 8.4.0
ProgramName: mri_annotation2label  ProgramArguments: mri_annotation2label -all-info  ProgramVersion: 7.3.2  TimeStamp: 2026/03/08-11:43:01-GMT  BuildTime: Aug  4 2022 06:17:15  BuildStamp: freesurfer-linux-ubuntu22_x86_64-7.3.2-20220804-6354275  User: oesteban  Machine: dna074  Platform: Linux  PlatformVersion: 5.14.0-427.37.1.el9_4.x86_64  CompilerName: GCC  CompilerVersion: 8.4.0
ProgramName: mri_aparc2aseg  ProgramArguments: mri_aparc2aseg -all-info  ProgramVersion: 7.3.2  TimeStamp: 2026/03/08-11:43:01-GMT  BuildTime: Aug  4 2022 06:17:15  BuildStamp: freesurfer-linux-ubuntu22_x86_64-7.3.2-20220804-6354275  User: oesteban  Machine: dna074  Platform: Linux  PlatformVersion: 5.14.0-427.37.1.el9_4.x86_64  CompilerName: GCC  CompilerVersion: 8.4.0
ProgramName: mri_surf2volseg  ProgramArguments: mri_surf2volseg -all-info  ProgramVersion: 7.3.2  TimeStamp: 2026/03/08-11:43:01-GMT  BuildTime: Aug  4 2022 06:17:15  BuildStamp: freesurfer-linux-ubuntu22_x86_64-7.3.2-20220804-6354275  User: oesteban  Machine: dna074  Platform: Linux  PlatformVersion: 5.14.0-427.37.1.el9_4.x86_64  CompilerName: GCC  CompilerVersion: 8.4.0
ProgramName: mri_binarize  ProgramArguments: mri_binarize -all-info  ProgramVersion: 7.3.2  TimeStamp: 2026/03/08-11:43:01-GMT  BuildTime: Aug  4 2022 06:17:15  BuildStamp: freesurfer-linux-ubuntu22_x86_64-7.3.2-20220804-6354275  User: oesteban  Machine: dna074  Platform: Linux  PlatformVersion: 5.14.0-427.37.1.el9_4.x86_64  CompilerName: GCC  CompilerVersion: 8.4.0
ProgramName: mri_ca_label  ProgramArguments: mri_ca_label -all-info  ProgramVersion: 7.3.2  TimeStamp: 2026/03/08-11:43:01-GMT  BuildTime: Aug  4 2022 06:17:15  BuildStamp: freesurfer-linux-ubuntu22_x86_64-7.3.2-20220804-6354275  User: oesteban  Machine: dna074  Platform: Linux  PlatformVersion: 5.14.0-427.37.1.el9_4.x86_64  CompilerName: GCC  CompilerVersion: 8.4.0
ProgramName: mri_ca_normalize  ProgramArguments: mri_ca_normalize -all-info  ProgramVersion: 7.3.2  TimeStamp: 2026/03/08-11:43:01-GMT  BuildTime: Aug  4 2022 06:17:15  BuildStamp: freesurfer-linux-ubuntu22_x86_64-7.3.2-20220804-6354275  User: oesteban  Machine: dna074  Platform: Linux  PlatformVersion: 5.14.0-427.37.1.el9_4.x86_64  CompilerName: GCC  CompilerVersion: 8.4.0
ProgramName: mri_ca_register  ProgramArguments: mri_ca_register -all-info  ProgramVersion: 7.3.2  TimeStamp: 2026/03/08-11:43:01-GMT  BuildTime: Aug  4 2022 06:17:15  BuildStamp: freesurfer-linux-ubuntu22_x86_64-7.3.2-20220804-6354275  User: oesteban  Machine: dna074  Platform: Linux  PlatformVersion: 5.14.0-427.37.1.el9_4.x86_64  CompilerName: GCC  CompilerVersion: 8.4.0
ProgramName: mri_cc  ProgramArguments: mri_cc -all-info  ProgramVersion: 7.3.2  TimeStamp: 2026/03/08-11:43:01-GMT  BuildTime: Aug  4 2022 06:17:15  BuildStamp: freesurfer-linux-ubuntu22_x86_64-7.3.2-20220804-6354275  User: oesteban  Machine: dna074  Platform: Linux  PlatformVersion: 5.14.0-427.37.1.el9_4.x86_64  CompilerName: GCC  CompilerVersion: 8.4.0
ProgramName: mri_compute_overlap  ProgramArguments: mri_compute_overlap -all-info  ProgramVersion: 7.3.2  TimeStamp: 2026/03/08-11:43:01-GMT  BuildTime: Aug  4 2022 06:17:15  BuildStamp: freesurfer-linux-ubuntu22_x86_64-7.3.2-20220804-6354275  User: oesteban  Machine: dna074  Platform: Linux  PlatformVersion: 5.14.0-427.37.1.el9_4.x86_64  CompilerName: GCC  CompilerVersion: 8.4.0
ProgramName: mri_compute_seg_overlap  ProgramArguments: mri_compute_seg_overlap -all-info  ProgramVersion: 7.3.2  TimeStamp: 2026/03/08-11:43:01-GMT  BuildTime: Aug  4 2022 06:17:15  BuildStamp: freesurfer-linux-ubuntu22_x86_64-7.3.2-20220804-6354275  User: oesteban  Machine: dna074  Platform: Linux  PlatformVersion: 5.14.0-427.37.1.el9_4.x86_64  CompilerName: GCC  CompilerVersion: 8.4.0
ProgramName: mri_concat  ProgramArguments: mri_concat -all-info  ProgramVersion: 7.3.2  TimeStamp: 2026/03/08-11:43:01-GMT  BuildTime: Aug  4 2022 06:17:15  BuildStamp: freesurfer-linux-ubuntu22_x86_64-7.3.2-20220804-6354275  User: oesteban  Machine: dna074  Platform: Linux  PlatformVersion: 5.14.0-427.37.1.el9_4.x86_64  CompilerName: GCC  CompilerVersion: 8.4.0
ProgramName: mri_concatenate_lta  ProgramArguments: mri_concatenate_lta -all-info  ProgramVersion: 7.3.2  TimeStamp: 2026/03/08-11:43:01-GMT  BuildTime: Aug  4 2022 06:17:15  BuildStamp: freesurfer-linux-ubuntu22_x86_64-7.3.2-20220804-6354275  User: oesteban  Machine: dna074  Platform: Linux  PlatformVersion: 5.14.0-427.37.1.el9_4.x86_64  CompilerName: GCC  CompilerVersion: 8.4.0
mri_convert -all-info 
ProgramName: mri_convert  ProgramArguments: mri_convert -all-info  ProgramVersion: 7.3.2  TimeStamp: 2026/03/08-11:43:01-GMT  BuildTime: Aug  4 2022 06:17:15  BuildStamp: freesurfer-linux-ubuntu22_x86_64-7.3.2-20220804-6354275  User: oesteban  Machine: dna074  Platform: Linux  PlatformVersion: 5.14.0-427.37.1.el9_4.x86_64  CompilerName: GCC  CompilerVersion: 8.4.0
ProgramName: mri_diff  ProgramArguments: mri_diff -all-info  ProgramVersion: 7.3.2  TimeStamp: 2026/03/08-11:43:01-GMT  BuildTime: Aug  4 2022 06:17:15  BuildStamp: freesurfer-linux-ubuntu22_x86_64-7.3.2-20220804-6354275  User: oesteban  Machine: dna074  Platform: Linux  PlatformVersion: 5.14.0-427.37.1.el9_4.x86_64  CompilerName: GCC  CompilerVersion: 8.4.0
ProgramName: mri_edit_wm_with_aseg  ProgramArguments: mri_edit_wm_with_aseg -all-info  ProgramVersion: 7.3.2  TimeStamp: 2026/03/08-11:43:01-GMT  BuildTime: Aug  4 2022 06:17:15  BuildStamp: freesurfer-linux-ubuntu22_x86_64-7.3.2-20220804-6354275  User: oesteban  Machine: dna074  Platform: Linux  PlatformVersion: 5.14.0-427.37.1.el9_4.x86_64  CompilerName: GCC  CompilerVersion: 8.4.0
ProgramName: mri_em_register  ProgramArguments: mri_em_register -all-info  ProgramVersion: 7.3.2  TimeStamp: 2026/03/08-11:43:01-GMT  BuildTime: Aug  4 2022 06:17:15  BuildStamp: freesurfer-linux-ubuntu22_x86_64-7.3.2-20220804-6354275  User: oesteban  Machine: dna074  Platform: Linux  PlatformVersion: 5.14.0-427.37.1.el9_4.x86_64  CompilerName: GCC  CompilerVersion: 8.4.0
ProgramName: mri_fill  ProgramArguments: mri_fill -all-info  ProgramVersion: 7.3.2  TimeStamp: 2026/03/08-11:43:01-GMT  BuildTime: Aug  4 2022 06:17:15  BuildStamp: freesurfer-linux-ubuntu22_x86_64-7.3.2-20220804-6354275  User: oesteban  Machine: dna074  Platform: Linux  PlatformVersion: 5.14.0-427.37.1.el9_4.x86_64  CompilerName: GCC  CompilerVersion: 8.4.0
ProgramName: mri_fuse_segmentations  ProgramArguments: mri_fuse_segmentations -all-info  ProgramVersion: 7.3.2  TimeStamp: 2026/03/08-11:43:01-GMT  BuildTime: Aug  4 2022 06:17:15  BuildStamp: freesurfer-linux-ubuntu22_x86_64-7.3.2-20220804-6354275  User: oesteban  Machine: dna074  Platform: Linux  PlatformVersion: 5.14.0-427.37.1.el9_4.x86_64  CompilerName: GCC  CompilerVersion: 8.4.0
ProgramName: mri_fwhm  ProgramArguments: mri_fwhm -all-info  ProgramVersion: 7.3.2  TimeStamp: 2026/03/08-11:43:01-GMT  BuildTime: Aug  4 2022 06:17:15  BuildStamp: freesurfer-linux-ubuntu22_x86_64-7.3.2-20220804-6354275  User: oesteban  Machine: dna074  Platform: Linux  PlatformVersion: 5.14.0-427.37.1.el9_4.x86_64  CompilerName: GCC  CompilerVersion: 8.4.0
ProgramName: mri_gcut  ProgramArguments: mri_gcut -all-info  ProgramVersion: 7.3.2  TimeStamp: 2026/03/08-11:43:01-GMT  BuildTime: Aug  4 2022 06:17:15  BuildStamp: freesurfer-linux-ubuntu22_x86_64-7.3.2-20220804-6354275  User: oesteban  Machine: dna074  Platform: Linux  PlatformVersion: 5.14.0-427.37.1.el9_4.x86_64  CompilerName: GCC  CompilerVersion: 8.4.0
ProgramName: mri_info  ProgramArguments: mri_info -all-info  ProgramVersion: 7.3.2  TimeStamp: 2026/03/08-11:43:01-GMT  BuildTime: Aug  4 2022 06:17:15  BuildStamp: freesurfer-linux-ubuntu22_x86_64-7.3.2-20220804-6354275  User: oesteban  Machine: dna074  Platform: Linux  PlatformVersion: 5.14.0-427.37.1.el9_4.x86_64  CompilerName: GCC  CompilerVersion: 8.4.0
ProgramName: mri_label2label  ProgramArguments: mri_label2label -all-info  ProgramVersion: 7.3.2  TimeStamp: 2026/03/08-11:43:01-GMT  BuildTime: Aug  4 2022 06:17:15  BuildStamp: freesurfer-linux-ubuntu22_x86_64-7.3.2-20220804-6354275  User: oesteban  Machine: dna074  Platform: Linux  PlatformVersion: 5.14.0-427.37.1.el9_4.x86_64  CompilerName: GCC  CompilerVersion: 8.4.0
ProgramName: mri_label2vol  ProgramArguments: mri_label2vol -all-info  ProgramVersion: 7.3.2  TimeStamp: 2026/03/08-11:43:01-GMT  BuildTime: Aug  4 2022 06:17:15  BuildStamp: freesurfer-linux-ubuntu22_x86_64-7.3.2-20220804-6354275  User: oesteban  Machine: dna074  Platform: Linux  PlatformVersion: 5.14.0-427.37.1.el9_4.x86_64  CompilerName: GCC  CompilerVersion: 8.4.0
ProgramName: mri_log_likelihood  ProgramArguments: mri_log_likelihood -all-info  ProgramVersion: 7.3.2  TimeStamp: 2026/03/08-11:43:01-GMT  BuildTime: Aug  4 2022 06:17:15  BuildStamp: freesurfer-linux-ubuntu22_x86_64-7.3.2-20220804-6354275  User: oesteban  Machine: dna074  Platform: Linux  PlatformVersion: 5.14.0-427.37.1.el9_4.x86_64  CompilerName: GCC  CompilerVersion: 8.4.0
ProgramName: mri_mask  ProgramArguments: mri_mask -all-info  ProgramVersion: 7.3.2  TimeStamp: 2026/03/08-11:43:01-GMT  BuildTime: Aug  4 2022 06:17:15  BuildStamp: freesurfer-linux-ubuntu22_x86_64-7.3.2-20220804-6354275  User: oesteban  Machine: dna074  Platform: Linux  PlatformVersion: 5.14.0-427.37.1.el9_4.x86_64  CompilerName: GCC  CompilerVersion: 8.4.0
ProgramName: mri_matrix_multiply  ProgramArguments: mri_matrix_multiply -all-info  ProgramVersion: 7.3.2  TimeStamp: 2026/03/08-11:43:01-GMT  BuildTime: Aug  4 2022 06:17:15  BuildStamp: freesurfer-linux-ubuntu22_x86_64-7.3.2-20220804-6354275  User: oesteban  Machine: dna074  Platform: Linux  PlatformVersion: 5.14.0-427.37.1.el9_4.x86_64  CompilerName: GCC  CompilerVersion: 8.4.0
ProgramName: mri_normalize  ProgramArguments: mri_normalize -all-info  ProgramVersion: 7.3.2  TimeStamp: 2026/03/08-11:43:01-GMT  BuildTime: Aug  4 2022 06:17:15  BuildStamp: freesurfer-linux-ubuntu22_x86_64-7.3.2-20220804-6354275  User: oesteban  Machine: dna074  Platform: Linux  PlatformVersion: 5.14.0-427.37.1.el9_4.x86_64  CompilerName: GCC  CompilerVersion: 8.4.0
ProgramName: mri_normalize_tp2  ProgramArguments: mri_normalize_tp2 -all-info  ProgramVersion: 7.3.2  TimeStamp: 2026/03/08-11:43:01-GMT  BuildTime: Aug  4 2022 06:17:15  BuildStamp: freesurfer-linux-ubuntu22_x86_64-7.3.2-20220804-6354275  User: oesteban  Machine: dna074  Platform: Linux  PlatformVersion: 5.14.0-427.37.1.el9_4.x86_64  CompilerName: GCC  CompilerVersion: 8.4.0
ProgramName: mri_or  ProgramArguments: mri_or -all-info  ProgramVersion: 7.3.2  TimeStamp: 2026/03/08-11:43:01-GMT  BuildTime: Aug  4 2022 06:17:15  BuildStamp: freesurfer-linux-ubuntu22_x86_64-7.3.2-20220804-6354275  User: oesteban  Machine: dna074  Platform: Linux  PlatformVersion: 5.14.0-427.37.1.el9_4.x86_64  CompilerName: GCC  CompilerVersion: 8.4.0
ProgramName: mri_relabel_hypointensities  ProgramArguments: mri_relabel_hypointensities -all-info  ProgramVersion: 7.3.2  TimeStamp: 2026/03/08-11:43:01-GMT  BuildTime: Aug  4 2022 06:17:15  BuildStamp: freesurfer-linux-ubuntu22_x86_64-7.3.2-20220804-6354275  User: oesteban  Machine: dna074  Platform: Linux  PlatformVersion: 5.14.0-427.37.1.el9_4.x86_64  CompilerName: GCC  CompilerVersion: 8.4.0
ProgramName: mri_relabel_nonwm_hypos  ProgramArguments: mri_relabel_nonwm_hypos -all-info  ProgramVersion: 7.3.2  TimeStamp: 2026/03/08-11:43:01-GMT  BuildTime: Aug  4 2022 06:17:15  BuildStamp: freesurfer-linux-ubuntu22_x86_64-7.3.2-20220804-6354275  User: oesteban  Machine: dna074  Platform: Linux  PlatformVersion: 5.14.0-427.37.1.el9_4.x86_64  CompilerName: GCC  CompilerVersion: 8.4.0
ProgramName: mri_remove_neck  ProgramArguments: mri_remove_neck -all-info  ProgramVersion: 7.3.2  TimeStamp: 2026/03/08-11:43:01-GMT  BuildTime: Aug  4 2022 06:17:15  BuildStamp: freesurfer-linux-ubuntu22_x86_64-7.3.2-20220804-6354275  User: oesteban  Machine: dna074  Platform: Linux  PlatformVersion: 5.14.0-427.37.1.el9_4.x86_64  CompilerName: GCC  CompilerVersion: 8.4.0
7.3.2

ProgramName: mri_robust_register  ProgramArguments: mri_robust_register -all-info  ProgramVersion: 7.3.2  TimeStamp: 2026/03/08-11:43:01-GMT  BuildTime: Aug  4 2022 06:17:15  BuildStamp: freesurfer-linux-ubuntu22_x86_64-7.3.2-20220804-6354275  User: oesteban  Machine: dna074  Platform: Linux  PlatformVersion: 5.14.0-427.37.1.el9_4.x86_64  CompilerName: GCC  CompilerVersion: 8.4.0
7.3.2

ProgramName: mri_robust_template  ProgramArguments: mri_robust_template -all-info  ProgramVersion: 7.3.2  TimeStamp: 2026/03/08-11:43:01-GMT  BuildTime: Aug  4 2022 06:17:15  BuildStamp: freesurfer-linux-ubuntu22_x86_64-7.3.2-20220804-6354275  User: oesteban  Machine: dna074  Platform: Linux  PlatformVersion: 5.14.0-427.37.1.el9_4.x86_64  CompilerName: GCC  CompilerVersion: 8.4.0
ProgramName: mris_anatomical_stats  ProgramArguments: mris_anatomical_stats -all-info  ProgramVersion: 7.3.2  TimeStamp: 2026/03/08-11:43:01-GMT  BuildTime: Aug  4 2022 06:17:15  BuildStamp: freesurfer-linux-ubuntu22_x86_64-7.3.2-20220804-6354275  User: oesteban  Machine: dna074  Platform: Linux  PlatformVersion: 5.14.0-427.37.1.el9_4.x86_64  CompilerName: GCC  CompilerVersion: 8.4.0
ProgramName: mris_ca_label  ProgramArguments: mris_ca_label -all-info  ProgramVersion: 7.3.2  TimeStamp: 2026/03/08-11:43:01-GMT  BuildTime: Aug  4 2022 06:17:15  BuildStamp: freesurfer-linux-ubuntu22_x86_64-7.3.2-20220804-6354275  User: oesteban  Machine: dna074  Platform: Linux  PlatformVersion: 5.14.0-427.37.1.el9_4.x86_64  CompilerName: GCC  CompilerVersion: 8.4.0
ProgramName: mris_calc  ProgramArguments: mris_calc -all-info  ProgramVersion: 7.3.2  TimeStamp: 2026/03/08-11:43:02-GMT  BuildTime: Aug  4 2022 06:17:15  BuildStamp: freesurfer-linux-ubuntu22_x86_64-7.3.2-20220804-6354275  User: oesteban  Machine: dna074  Platform: Linux  PlatformVersion: 5.14.0-427.37.1.el9_4.x86_64  CompilerName: GCC  CompilerVersion: 8.4.0
ProgramName: mris_convert  ProgramArguments: mris_convert -all-info  ProgramVersion: 7.3.2  TimeStamp: 2026/03/08-11:43:02-GMT  BuildTime: Aug  4 2022 06:17:15  BuildStamp: freesurfer-linux-ubuntu22_x86_64-7.3.2-20220804-6354275  User: oesteban  Machine: dna074  Platform: Linux  PlatformVersion: 5.14.0-427.37.1.el9_4.x86_64  CompilerName: GCC  CompilerVersion: 8.4.0
ProgramName: mris_curvature  ProgramArguments: mris_curvature -all-info  ProgramVersion: 7.3.2  TimeStamp: 2026/03/08-11:43:02-GMT  BuildTime: Aug  4 2022 06:17:15  BuildStamp: freesurfer-linux-ubuntu22_x86_64-7.3.2-20220804-6354275  User: oesteban  Machine: dna074  Platform: Linux  PlatformVersion: 5.14.0-427.37.1.el9_4.x86_64  CompilerName: GCC  CompilerVersion: 8.4.0
ProgramName: mris_curvature_stats  ProgramArguments: mris_curvature_stats -all-info  ProgramVersion: 7.3.2  TimeStamp: 2026/03/08-11:43:02-GMT  BuildTime: Aug  4 2022 06:17:15  BuildStamp: freesurfer-linux-ubuntu22_x86_64-7.3.2-20220804-6354275  User: oesteban  Machine: dna074  Platform: Linux  PlatformVersion: 5.14.0-427.37.1.el9_4.x86_64  CompilerName: GCC  CompilerVersion: 8.4.0
ProgramName: mris_diff  ProgramArguments: mris_diff -all-info  ProgramVersion: 7.3.2  TimeStamp: 2026/03/08-11:43:02-GMT  BuildTime: Aug  4 2022 06:17:15  BuildStamp: freesurfer-linux-ubuntu22_x86_64-7.3.2-20220804-6354275  User: oesteban  Machine: dna074  Platform: Linux  PlatformVersion: 5.14.0-427.37.1.el9_4.x86_64  CompilerName: GCC  CompilerVersion: 8.4.0
ProgramName: mris_divide_parcellation  ProgramArguments: mris_divide_parcellation -all-info  ProgramVersion: 7.3.2  TimeStamp: 2026/03/08-11:43:02-GMT  BuildTime: Aug  4 2022 06:17:15  BuildStamp: freesurfer-linux-ubuntu22_x86_64-7.3.2-20220804-6354275  User: oesteban  Machine: dna074  Platform: Linux  PlatformVersion: 5.14.0-427.37.1.el9_4.x86_64  CompilerName: GCC  CompilerVersion: 8.4.0
ProgramName: mri_segment  ProgramArguments: mri_segment -all-info  ProgramVersion: 7.3.2  TimeStamp: 2026/03/08-11:43:02-GMT  BuildTime: Aug  4 2022 06:17:15  BuildStamp: freesurfer-linux-ubuntu22_x86_64-7.3.2-20220804-6354275  User: oesteban  Machine: dna074  Platform: Linux  PlatformVersion: 5.14.0-427.37.1.el9_4.x86_64  CompilerName: GCC  CompilerVersion: 8.4.0
ProgramName: mri_segstats  ProgramArguments: mri_segstats -all-info  ProgramVersion: 7.3.2  TimeStamp: 2026/03/08-11:43:02-GMT  BuildTime: Aug  4 2022 06:17:15  BuildStamp: freesurfer-linux-ubuntu22_x86_64-7.3.2-20220804-6354275  User: oesteban  Machine: dna074  Platform: Linux  PlatformVersion: 5.14.0-427.37.1.el9_4.x86_64  CompilerName: GCC  CompilerVersion: 8.4.0
ProgramName: mris_euler_number  ProgramArguments: mris_euler_number -all-info  ProgramVersion: 7.3.2  TimeStamp: 2026/03/08-11:43:02-GMT  BuildTime: Aug  4 2022 06:17:15  BuildStamp: freesurfer-linux-ubuntu22_x86_64-7.3.2-20220804-6354275  User: oesteban  Machine: dna074  Platform: Linux  PlatformVersion: 5.14.0-427.37.1.el9_4.x86_64  CompilerName: GCC  CompilerVersion: 8.4.0
ProgramName: mris_fix_topology  ProgramArguments: mris_fix_topology -all-info  ProgramVersion: 7.3.2  TimeStamp: 2026/03/08-11:43:02-GMT  BuildTime: Aug  4 2022 06:17:15  BuildStamp: freesurfer-linux-ubuntu22_x86_64-7.3.2-20220804-6354275  User: oesteban  Machine: dna074  Platform: Linux  PlatformVersion: 5.14.0-427.37.1.el9_4.x86_64  CompilerName: GCC  CompilerVersion: 8.4.0
ProgramName: mris_topo_fixer  ProgramArguments: mris_topo_fixer -all-info  ProgramVersion: 7.3.2  TimeStamp: 2026/03/08-11:43:02-GMT  BuildTime: Aug  4 2022 06:17:15  BuildStamp: freesurfer-linux-ubuntu22_x86_64-7.3.2-20220804-6354275  User: oesteban  Machine: dna074  Platform: Linux  PlatformVersion: 5.14.0-427.37.1.el9_4.x86_64  CompilerName: GCC  CompilerVersion: 8.4.0
ProgramName: mris_jacobian  ProgramArguments: mris_jacobian -all-info  ProgramVersion: 7.3.2  TimeStamp: 2026/03/08-11:43:02-GMT  BuildTime: Aug  4 2022 06:17:15  BuildStamp: freesurfer-linux-ubuntu22_x86_64-7.3.2-20220804-6354275  User: oesteban  Machine: dna074  Platform: Linux  PlatformVersion: 5.14.0-427.37.1.el9_4.x86_64  CompilerName: GCC  CompilerVersion: 8.4.0
ProgramName: mris_label2annot  ProgramArguments: mris_label2annot -all-info  ProgramVersion: 7.3.2  TimeStamp: 2026/03/08-11:43:02-GMT  BuildTime: Aug  4 2022 06:17:15  BuildStamp: freesurfer-linux-ubuntu22_x86_64-7.3.2-20220804-6354275  User: oesteban  Machine: dna074  Platform: Linux  PlatformVersion: 5.14.0-427.37.1.el9_4.x86_64  CompilerName: GCC  CompilerVersion: 8.4.0
ProgramName: mris_left_right_register  ProgramArguments: mris_left_right_register -all-info  ProgramVersion: 7.3.2  TimeStamp: 2026/03/08-11:43:02-GMT  BuildTime: Aug  4 2022 06:17:15  BuildStamp: freesurfer-linux-ubuntu22_x86_64-7.3.2-20220804-6354275  User: oesteban  Machine: dna074  Platform: Linux  PlatformVersion: 5.14.0-427.37.1.el9_4.x86_64  CompilerName: GCC  CompilerVersion: 8.4.0
ProgramName: mris_place_surface  ProgramArguments: mris_place_surface -all-info  ProgramVersion: 7.3.2  TimeStamp: 2026/03/08-11:43:02-GMT  BuildTime: Aug  4 2022 06:17:15  BuildStamp: freesurfer-linux-ubuntu22_x86_64-7.3.2-20220804-6354275  User: oesteban  Machine: dna074  Platform: Linux  PlatformVersion: 5.14.0-427.37.1.el9_4.x86_64  CompilerName: GCC  CompilerVersion: 8.4.0
ProgramName: mrisp_paint  ProgramArguments: mrisp_paint -all-info  ProgramVersion: 7.3.2  TimeStamp: 2026/03/08-11:43:02-GMT  BuildTime: Aug  4 2022 06:17:15  BuildStamp: freesurfer-linux-ubuntu22_x86_64-7.3.2-20220804-6354275  User: oesteban  Machine: dna074  Platform: Linux  PlatformVersion: 5.14.0-427.37.1.el9_4.x86_64  CompilerName: GCC  CompilerVersion: 8.4.0
ProgramName: mris_register  ProgramArguments: mris_register -all-info  ProgramVersion: 7.3.2  TimeStamp: 2026/03/08-11:43:02-GMT  BuildTime: Aug  4 2022 06:17:15  BuildStamp: freesurfer-linux-ubuntu22_x86_64-7.3.2-20220804-6354275  User: oesteban  Machine: dna074  Platform: Linux  PlatformVersion: 5.14.0-427.37.1.el9_4.x86_64  CompilerName: GCC  CompilerVersion: 8.4.0
ProgramName: mris_smooth  ProgramArguments: mris_smooth -all-info  ProgramVersion: 7.3.2  TimeStamp: 2026/03/08-11:43:02-GMT  BuildTime: Aug  4 2022 06:17:15  BuildStamp: freesurfer-linux-ubuntu22_x86_64-7.3.2-20220804-6354275  User: oesteban  Machine: dna074  Platform: Linux  PlatformVersion: 5.14.0-427.37.1.el9_4.x86_64  CompilerName: GCC  CompilerVersion: 8.4.0
ProgramName: mris_sphere  ProgramArguments: mris_sphere -all-info  ProgramVersion: 7.3.2  TimeStamp: 2026/03/08-11:43:02-GMT  BuildTime: Aug  4 2022 06:17:15  BuildStamp: freesurfer-linux-ubuntu22_x86_64-7.3.2-20220804-6354275  User: oesteban  Machine: dna074  Platform: Linux  PlatformVersion: 5.14.0-427.37.1.el9_4.x86_64  CompilerName: GCC  CompilerVersion: 8.4.0
ProgramName: mris_surface_stats  ProgramArguments: mris_surface_stats -all-info  ProgramVersion: 7.3.2  TimeStamp: 2026/03/08-11:43:02-GMT  BuildTime: Aug  4 2022 06:17:15  BuildStamp: freesurfer-linux-ubuntu22_x86_64-7.3.2-20220804-6354275  User: oesteban  Machine: dna074  Platform: Linux  PlatformVersion: 5.14.0-427.37.1.el9_4.x86_64  CompilerName: GCC  CompilerVersion: 8.4.0
ProgramName: mri_stats2seg  ProgramArguments: mri_stats2seg -all-info  ProgramVersion: 7.3.2  TimeStamp: 2026/03/08-11:43:02-GMT  BuildTime: Aug  4 2022 06:17:15  BuildStamp: freesurfer-linux-ubuntu22_x86_64-7.3.2-20220804-6354275  User: oesteban  Machine: dna074  Platform: Linux  PlatformVersion: 5.14.0-427.37.1.el9_4.x86_64  CompilerName: GCC  CompilerVersion: 8.4.0
ProgramName: mris_thickness  ProgramArguments: mris_thickness -all-info  ProgramVersion: 7.3.2  TimeStamp: 2026/03/08-11:43:02-GMT  BuildTime: Aug  4 2022 06:17:15  BuildStamp: freesurfer-linux-ubuntu22_x86_64-7.3.2-20220804-6354275  User: oesteban  Machine: dna074  Platform: Linux  PlatformVersion: 5.14.0-427.37.1.el9_4.x86_64  CompilerName: GCC  CompilerVersion: 8.4.0
ProgramName: mris_thickness_diff  ProgramArguments: mris_thickness_diff -all-info  ProgramVersion: 7.3.2  TimeStamp: 2026/03/08-11:43:02-GMT  BuildTime: Aug  4 2022 06:17:15  BuildStamp: freesurfer-linux-ubuntu22_x86_64-7.3.2-20220804-6354275  User: oesteban  Machine: dna074  Platform: Linux  PlatformVersion: 5.14.0-427.37.1.el9_4.x86_64  CompilerName: GCC  CompilerVersion: 8.4.0
ProgramName: mris_topo_fixer  ProgramArguments: mris_topo_fixer -all-info  ProgramVersion: 7.3.2  TimeStamp: 2026/03/08-11:43:02-GMT  BuildTime: Aug  4 2022 06:17:15  BuildStamp: freesurfer-linux-ubuntu22_x86_64-7.3.2-20220804-6354275  User: oesteban  Machine: dna074  Platform: Linux  PlatformVersion: 5.14.0-427.37.1.el9_4.x86_64  CompilerName: GCC  CompilerVersion: 8.4.0
ProgramName: mri_surf2surf  ProgramArguments: mri_surf2surf -all-info  ProgramVersion: 7.3.2  TimeStamp: 2026/03/08-11:43:02-GMT  BuildTime: Aug  4 2022 06:17:15  BuildStamp: freesurfer-linux-ubuntu22_x86_64-7.3.2-20220804-6354275  User: oesteban  Machine: dna074  Platform: Linux  PlatformVersion: 5.14.0-427.37.1.el9_4.x86_64  CompilerName: GCC  CompilerVersion: 8.4.0
ProgramName: mri_surf2vol  ProgramArguments: mri_surf2vol -all-info  ProgramVersion: 7.3.2  TimeStamp: 2026/03/08-11:43:02-GMT  BuildTime: Aug  4 2022 06:17:15  BuildStamp: freesurfer-linux-ubuntu22_x86_64-7.3.2-20220804-6354275  User: oesteban  Machine: dna074  Platform: Linux  PlatformVersion: 5.14.0-427.37.1.el9_4.x86_64  CompilerName: GCC  CompilerVersion: 8.4.0
ProgramName: mri_surfcluster  ProgramArguments: mri_surfcluster -all-info  ProgramVersion: 7.3.2  TimeStamp: 2026/03/08-11:43:02-GMT  BuildTime: Aug  4 2022 06:17:15  BuildStamp: freesurfer-linux-ubuntu22_x86_64-7.3.2-20220804-6354275  User: oesteban  Machine: dna074  Platform: Linux  PlatformVersion: 5.14.0-427.37.1.el9_4.x86_64  CompilerName: GCC  CompilerVersion: 8.4.0
ProgramName: mris_volmask  ProgramArguments: mris_volmask -all-info  ProgramVersion: 7.3.2  TimeStamp: 2026/03/08-11:43:02-GMT  BuildTime: Aug  4 2022 06:17:15  BuildStamp: freesurfer-linux-ubuntu22_x86_64-7.3.2-20220804-6354275  User: oesteban  Machine: dna074  Platform: Linux  PlatformVersion: 5.14.0-427.37.1.el9_4.x86_64  CompilerName: GCC  CompilerVersion: 8.4.0
ProgramName: mri_tessellate  ProgramArguments: mri_tessellate -all-info  ProgramVersion: 7.3.2  TimeStamp: 2026/03/08-11:43:02-GMT  BuildTime: Aug  4 2022 06:17:15  BuildStamp: freesurfer-linux-ubuntu22_x86_64-7.3.2-20220804-6354275  User: oesteban  Machine: dna074  Platform: Linux  PlatformVersion: 5.14.0-427.37.1.el9_4.x86_64  CompilerName: GCC  CompilerVersion: 8.4.0
ProgramName: mri_vol2surf  ProgramArguments: mri_vol2surf -all-info  ProgramVersion: 7.3.2  TimeStamp: 2026/03/08-11:43:02-GMT  BuildTime: Aug  4 2022 06:17:15  BuildStamp: freesurfer-linux-ubuntu22_x86_64-7.3.2-20220804-6354275  User: oesteban  Machine: dna074  Platform: Linux  PlatformVersion: 5.14.0-427.37.1.el9_4.x86_64  CompilerName: GCC  CompilerVersion: 8.4.0
ProgramName: mri_vol2vol  ProgramArguments: mri_vol2vol -all-info  ProgramVersion: 7.3.2  TimeStamp: 2026/03/08-11:43:02-GMT  BuildTime: Aug  4 2022 06:17:15  BuildStamp: freesurfer-linux-ubuntu22_x86_64-7.3.2-20220804-6354275  User: oesteban  Machine: dna074  Platform: Linux  PlatformVersion: 5.14.0-427.37.1.el9_4.x86_64  CompilerName: GCC  CompilerVersion: 8.4.0
ProgramName: mri_voldiff  ProgramArguments: mri_voldiff -all-info  ProgramVersion: 7.3.2  TimeStamp: 2026/03/08-11:43:02-GMT  BuildTime: Aug  4 2022 06:17:15  BuildStamp: freesurfer-linux-ubuntu22_x86_64-7.3.2-20220804-6354275  User: oesteban  Machine: dna074  Platform: Linux  PlatformVersion: 5.14.0-427.37.1.el9_4.x86_64  CompilerName: GCC  CompilerVersion: 8.4.0
ProgramName: mri_watershed  ProgramArguments: mri_watershed -all-info  ProgramVersion: 7.3.2  TimeStamp: 2026/03/08-11:43:02-GMT  BuildTime: Aug  4 2022 06:17:15  BuildStamp: freesurfer-linux-ubuntu22_x86_64-7.3.2-20220804-6354275  User: oesteban  Machine: dna074  Platform: Linux  PlatformVersion: 5.14.0-427.37.1.el9_4.x86_64  CompilerName: GCC  CompilerVersion: 8.4.0
ProgramName: tkregister2  ProgramArguments: tkregister2_cmdl -all-info  ProgramVersion: 7.3.2  TimeStamp: 2026/03/08-11:43:02-GMT  BuildTime: Aug  4 2022 06:17:15  BuildStamp: freesurfer-linux-ubuntu22_x86_64-7.3.2-20220804-6354275  User: oesteban  Machine: dna074  Platform: Linux  PlatformVersion: 5.14.0-427.37.1.el9_4.x86_64  CompilerName: GCC  CompilerVersion: 8.4.0
mri_motion_correct.fsl 7.3.2
mri_convert -all-info 
ProgramName: mri_convert  ProgramArguments: mri_convert -all-info  ProgramVersion: 7.3.2  TimeStamp: 2026/03/08-11:43:02-GMT  BuildTime: Aug  4 2022 06:17:15  BuildStamp: freesurfer-linux-ubuntu22_x86_64-7.3.2-20220804-6354275  User: oesteban  Machine: dna074  Platform: Linux  PlatformVersion: 5.14.0-427.37.1.el9_4.x86_64  CompilerName: GCC  CompilerVersion: 8.4.0
Program nu_correct, built from:
Package MNI N3, version 1.12.0, compiled by nicks@terrier (x86_64-unknown-linux-gnu) on 2015-06-19 at 01:25:34
#######################################
GCADIR /opt/freesurfer/average
GCA RB_all_2020-01-02.gca
GCASkull RB_all_withskull_2020_01_02.gca
AvgCurvTif folding.atlas.acfb40.noaparc.i12.2016-08-02.tif
GCSDIR /opt/freesurfer/average
GCS DKaparc.atlas.acfb40.noaparc.i12.2016-08-02.gcs
#######################################
/out/sourcedata/freesurfer/sub-v1s11x0050171_ses-1

 mri_convert /work/fmriprep_25_2_wf/sub_v1s11x0050171_ses_1_wf/anat_fit_wf/anat_validate/sub-v1s11x0050171_ses-1_T1w_noise_corrected_ras_valid.nii.gz /out/sourcedata/freesurfer/sub-v1s11x0050171_ses-1/mri/orig/001.mgz 

mri_convert /work/fmriprep_25_2_wf/sub_v1s11x0050171_ses_1_wf/anat_fit_wf/anat_validate/sub-v1s11x0050171_ses-1_T1w_noise_corrected_ras_valid.nii.gz /out/sourcedata/freesurfer/sub-v1s11x0050171_ses-1/mri/orig/001.mgz 
reading from /work/fmriprep_25_2_wf/sub_v1s11x0050171_ses_1_wf/anat_fit_wf/anat_validate/sub-v1s11x0050171_ses-1_T1w_noise_corrected_ras_valid.nii.gz...
TR=0.00, TE=0.00, TI=0.00, flip angle=0.00
i_ras = (0.999263, 0, 0.0383878)
j_ras = (0, 1, 0)
k_ras = (-0.0383878, 0, 0.999263)
writing to /out/sourcedata/freesurfer/sub-v1s11x0050171_ses-1/mri/orig/001.mgz...
#--------------------------------------------
#@# MotionCor Sun Mar  8 12:43:03 CET 2026
Found 1 runs
/out/sourcedata/freesurfer/sub-v1s11x0050171_ses-1/mri/orig/001.mgz
Checking for (invalid) multi-frame inputs...
Only one run found so motion
correction will not be performed. I'll
copy the run to rawavg and continue.

 cp /out/sourcedata/freesurfer/sub-v1s11x0050171_ses-1/mri/orig/001.mgz /out/sourcedata/freesurfer/sub-v1s11x0050171_ses-1/mri/rawavg.mgz 


 mri_info /out/sourcedata/freesurfer/sub-v1s11x0050171_ses-1/mri/rawavg.mgz 

rawavg.mgz ========================================
Volume information for /out/sourcedata/freesurfer/sub-v1s11x0050171_ses-1/mri/rawavg.mgz
          type: MGH
    dimensions: 160 x 239 x 200
   voxel sizes: 1.100000, 1.000000, 1.000000
          type: FLOAT (3)
           fov: 239.000
           dof: 1
        xstart: -88.0, xend: 88.0
        ystart: -119.5, yend: 119.5
        zstart: -100.0, zend: 100.0
            TR: 0.00 msec, TE: 0.00 msec, TI: 0.00 msec, flip angle: 0.00 degrees
       nframes: 1
       PhEncDir: UNKNOWN
       FieldStrength: 0.000000
ras xform present
    xform info: x_r =   0.9993, y_r =   0.0000, z_r =  -0.0384, c_r =    -5.0806
              : x_a =   0.0000, y_a =   1.0000, z_a =   0.0000, c_a =     6.0549
              : x_s =   0.0384, y_s =   0.0000, z_s =   0.9993, c_s =    26.8360

talairach xfm : 
Orientation   : RAS
Primary Slice Direction: axial

voxel to ras transform:
                1.0992   0.0000  -0.0384   -89.1769
                0.0000   1.0000   0.0000  -113.4451
                0.0422   0.0000   0.9993   -76.4685
                0.0000   0.0000   0.0000     1.0000

voxel-to-ras determinant 1.1

ras to voxel transform:
                0.9084   0.0000   0.0349    83.6788
                0.0000   1.0000   0.0000   113.4451
               -0.0384   0.0000   0.9993    72.9888
                0.0000   0.0000   0.0000     1.0000
/out/sourcedata/freesurfer/sub-v1s11x0050171_ses-1

 mri_convert /out/sourcedata/freesurfer/sub-v1s11x0050171_ses-1/mri/rawavg.mgz /out/sourcedata/freesurfer/sub-v1s11x0050171_ses-1/mri/orig.mgz --conform 

mri_convert /out/sourcedata/freesurfer/sub-v1s11x0050171_ses-1/mri/rawavg.mgz /out/sourcedata/freesurfer/sub-v1s11x0050171_ses-1/mri/orig.mgz --conform 
reading from /out/sourcedata/freesurfer/sub-v1s11x0050171_ses-1/mri/rawavg.mgz...
TR=0.00, TE=0.00, TI=0.00, flip angle=0.00
i_ras = (0.999263, 0, 0.0383878)
j_ras = (0, 1, 0)
k_ras = (-0.0383878, 0, 0.999263)
changing data type from float to uchar (noscale = 0)...
MRIchangeType: Building histogram -0.000431061 712.153 1000, flo=0, fhi=0.999, dest_type=0
Reslicing using trilinear interpolation 
writing to /out/sourcedata/freesurfer/sub-v1s11x0050171_ses-1/mri/orig.mgz...

 mri_add_xform_to_header -c /out/sourcedata/freesurfer/sub-v1s11x0050171_ses-1/mri/transforms/talairach.xfm /out/sourcedata/freesurfer/sub-v1s11x0050171_ses-1/mri/orig.mgz /out/sourcedata/freesurfer/sub-v1s11x0050171_ses-1/mri/orig.mgz 

INFO: extension is mgz

 mri_info /out/sourcedata/freesurfer/sub-v1s11x0050171_ses-1/mri/orig.mgz 

orig.mgz ========================================
Volume information for /out/sourcedata/freesurfer/sub-v1s11x0050171_ses-1/mri/orig.mgz
          type: MGH
    dimensions: 256 x 256 x 256
   voxel sizes: 1.000000, 1.000000, 1.000000
          type: UCHAR (0)
           fov: 256.000
           dof: 1
        xstart: -128.0, xend: 128.0
        ystart: -128.0, yend: 128.0
        zstart: -128.0, zend: 128.0
            TR: 0.00 msec, TE: 0.00 msec, TI: 0.00 msec, flip angle: 0.00 degrees
       nframes: 1
       PhEncDir: UNKNOWN
       FieldStrength: 0.000000
ras xform present
    xform info: x_r =  -1.0000, y_r =   0.0000, z_r =   0.0000, c_r =    -5.0806
              : x_a =   0.0000, y_a =   0.0000, z_a =   1.0000, c_a =     6.0549
              : x_s =   0.0000, y_s =  -1.0000, z_s =   0.0000, c_s =    26.8360

talairach xfm : /out/sourcedata/freesurfer/sub-v1s11x0050171_ses-1/mri/transforms/talairach.xfm
Orientation   : LIA
Primary Slice Direction: coronal

voxel to ras transform:
               -1.0000   0.0000   0.0000   122.9194
                0.0000   0.0000   1.0000  -121.9451
                0.0000  -1.0000   0.0000   154.8360
                0.0000   0.0000   0.0000     1.0000

voxel-to-ras determinant -1

ras to voxel transform:
               -1.0000  -0.0000  -0.0000   122.9194
               -0.0000  -0.0000  -1.0000   154.8360
               -0.0000   1.0000  -0.0000   121.9451
               -0.0000  -0.0000  -0.0000     1.0000
#--------------------------------------------
#@# Talairach Sun Mar  8 12:43:08 CET 2026
/out/sourcedata/freesurfer/sub-v1s11x0050171_ses-1/mri

 mri_nu_correct.mni --no-rescale --i orig.mgz --o orig_nu.mgz --ants-n4 --n 1 --proto-iters 1000 --distance 50 

/usr/bin/bc
/out/sourcedata/freesurfer/sub-v1s11x0050171_ses-1/mri
/opt/freesurfer/bin/mri_nu_correct.mni
--no-rescale --i orig.mgz --o orig_nu.mgz --ants-n4 --n 1 --proto-iters 1000 --distance 50
nIters 1
mri_nu_correct.mni 7.3.2
Linux dna074 5.14.0-427.37.1.el9_4.x86_64 #1 SMP PREEMPT_DYNAMIC Fri Sep 13 12:41:50 EDT 2024 x86_64 x86_64 x86_64 GNU/Linux
Sun Mar  8 12:43:09 CET 2026
tmpdir is ./tmp.mri_nu_correct.mni.3722964
cd /out/sourcedata/freesurfer/sub-v1s11x0050171_ses-1/mri
AntsN4BiasFieldCorrectionFs -i orig.mgz -o ./tmp.mri_nu_correct.mni.3722964/nu0.mgz --dtype uchar
AntsN4BiasFieldCorrectionFs done
mri_convert ./tmp.mri_nu_correct.mni.3722964/nu0.mgz orig_nu.mgz --like orig.mgz --conform
mri_convert ./tmp.mri_nu_correct.mni.3722964/nu0.mgz orig_nu.mgz --like orig.mgz --conform 
reading from ./tmp.mri_nu_correct.mni.3722964/nu0.mgz...
TR=0.00, TE=0.00, TI=0.00, flip angle=0.00
i_ras = (-1, 0, 3.72529e-09)
j_ras = (0, 0, -1)
k_ras = (0, 1, 0)
INFO: transform src into the like-volume: orig.mgz
writing to orig_nu.mgz...
 
 
Sun Mar  8 12:45:42 CET 2026
mri_nu_correct.mni done

 talairach_avi --i orig_nu.mgz --xfm transforms/talairach.auto.xfm 

talairach_avi log file is transforms/talairach_avi.log...
mv -f /out/sourcedata/freesurfer/sub-v1s11x0050171_ses-1/mri/talsrcimg_to_711-2C_as_mni_average_305_t4_vox2vox.txt /out/sourcedata/freesurfer/sub-v1s11x0050171_ses-1/mri/transforms/talsrcimg_to_711-2C_as_mni_average_305_t4_vox2vox.txt
Started at Sun Mar 8 12:45:42 CET 2026
Ended   at Sun Mar  8 12:45:56 CET 2026
talairach_avi done

 cp transforms/talairach.auto.xfm transforms/talairach.xfm 

lta_convert --src orig.mgz --trg /opt/freesurfer/average/mni305.cor.mgz --inxfm transforms/talairach.xfm --outlta transforms/talairach.xfm.lta --subject fsaverage --ltavox2vox
7.3.2

--src: orig.mgz src image (geometry).
--trg: /opt/freesurfer/average/mni305.cor.mgz trg image (geometry).
--inmni: transforms/talairach.xfm input MNI/XFM transform.
--outlta: transforms/talairach.xfm.lta output LTA.
--s: fsaverage subject name
--ltavox2vox: output LTA as VOX_TO_VOX transform.
 LTA read, type : 1
 1.00628  -0.00121   0.03219   4.49809;
 0.02746   1.07339   0.05258  -17.89940;
-0.05850  -0.02114   1.06688  -28.69588;
 0.00000   0.00000   0.00000   1.00000;
setting subject to fsaverage
Writing  LTA to file transforms/talairach.xfm.lta...
lta_convert successful.
#--------------------------------------------
#@# Talairach Failure Detection Sun Mar  8 12:45:58 CET 2026
/out/sourcedata/freesurfer/sub-v1s11x0050171_ses-1/mri

 talairach_afd -T 0.005 -xfm transforms/talairach.xfm 

talairach_afd: Talairach Transform: transforms/talairach.xfm OK (p=0.6740, pval=0.3663 >= threshold=0.0050)

 awk -f /opt/freesurfer/bin/extract_talairach_avi_QA.awk /out/sourcedata/freesurfer/sub-v1s11x0050171_ses-1/mri/transforms/talairach_avi.log 


 tal_QC_AZS /out/sourcedata/freesurfer/sub-v1s11x0050171_ses-1/mri/transforms/talairach_avi.log 

TalAviQA: 0.97752
z-score: 0
#--------------------------------------------
#@# Nu Intensity Correction Sun Mar  8 12:45:58 CET 2026

 mri_nu_correct.mni --i orig.mgz --o nu.mgz --uchar transforms/talairach.xfm --n 2 --ants-n4 

/usr/bin/bc
/out/sourcedata/freesurfer/sub-v1s11x0050171_ses-1/mri
/opt/freesurfer/bin/mri_nu_correct.mni
--i orig.mgz --o nu.mgz --uchar transforms/talairach.xfm --n 2 --ants-n4
nIters 2
mri_nu_correct.mni 7.3.2
Linux dna074 5.14.0-427.37.1.el9_4.x86_64 #1 SMP PREEMPT_DYNAMIC Fri Sep 13 12:41:50 EDT 2024 x86_64 x86_64 x86_64 GNU/Linux
Sun Mar  8 12:45:58 CET 2026
tmpdir is ./tmp.mri_nu_correct.mni.3723546
cd /out/sourcedata/freesurfer/sub-v1s11x0050171_ses-1/mri
AntsN4BiasFieldCorrectionFs -i orig.mgz -o ./tmp.mri_nu_correct.mni.3723546/nu0.mgz --dtype uchar
AntsN4BiasFieldCorrectionFs done
mri_binarize --i ./tmp.mri_nu_correct.mni.3723546/nu0.mgz --min -1 --o ./tmp.mri_nu_correct.mni.3723546/ones.mgz

7.3.2
cwd /out/sourcedata/freesurfer/sub-v1s11x0050171_ses-1/mri
cmdline mri_binarize --i ./tmp.mri_nu_correct.mni.3723546/nu0.mgz --min -1 --o ./tmp.mri_nu_correct.mni.3723546/ones.mgz 
sysname  Linux
hostname dna074
machine  x86_64
user     oesteban

input      ./tmp.mri_nu_correct.mni.3723546/nu0.mgz
frame      0
nErode3d   0
nErode2d   0
output     ./tmp.mri_nu_correct.mni.3723546/ones.mgz
Binarizing based on threshold
min        -1
max        +infinity
binval        1
binvalnot     0
fstart = 0, fend = 0, nframes = 1
Starting parallel 1
Found 16777216 values in range
Counting number of voxels in first frame
Found 16777215 voxels in final mask
Writing output to ./tmp.mri_nu_correct.mni.3723546/ones.mgz
Count: 16777215 16777215.000000 16777216 99.999994
mri_binarize done
mri_segstats --id 1 --seg ./tmp.mri_nu_correct.mni.3723546/ones.mgz --i orig.mgz --sum ./tmp.mri_nu_correct.mni.3723546/sum.junk --avgwf ./tmp.mri_nu_correct.mni.3723546/input.mean.dat

7.3.2
cwd 
cmdline mri_segstats --id 1 --seg ./tmp.mri_nu_correct.mni.3723546/ones.mgz --i orig.mgz --sum ./tmp.mri_nu_correct.mni.3723546/sum.junk --avgwf ./tmp.mri_nu_correct.mni.3723546/input.mean.dat 
sysname  Linux
hostname dna074
machine  x86_64
user     oesteban
whitesurfname  white
UseRobust  0
Loading ./tmp.mri_nu_correct.mni.3723546/ones.mgz
Loading orig.mgz
Voxel Volume is 1 mm^3
Generating list of segmentation ids
Found   1 segmentations
Computing statistics for each segmentation

Reporting on   1 segmentations
Using PrintSegStat
Computing spatial average of each frame

Writing to ./tmp.mri_nu_correct.mni.3723546/input.mean.dat
mri_segstats done
mri_segstats --id 1 --seg ./tmp.mri_nu_correct.mni.3723546/ones.mgz --i ./tmp.mri_nu_correct.mni.3723546/nu0.mgz --sum ./tmp.mri_nu_correct.mni.3723546/sum.junk --avgwf ./tmp.mri_nu_correct.mni.3723546/output.mean.dat

7.3.2
cwd 
cmdline mri_segstats --id 1 --seg ./tmp.mri_nu_correct.mni.3723546/ones.mgz --i ./tmp.mri_nu_correct.mni.3723546/nu0.mgz --sum ./tmp.mri_nu_correct.mni.3723546/sum.junk --avgwf ./tmp.mri_nu_correct.mni.3723546/output.mean.dat 
sysname  Linux
hostname dna074
machine  x86_64
user     oesteban
whitesurfname  white
UseRobust  0
Loading ./tmp.mri_nu_correct.mni.3723546/ones.mgz
Loading ./tmp.mri_nu_correct.mni.3723546/nu0.mgz
Voxel Volume is 1 mm^3
Generating list of segmentation ids
Found   1 segmentations
Computing statistics for each segmentation

Reporting on   1 segmentations
Using PrintSegStat
Computing spatial average of each frame

Writing to ./tmp.mri_nu_correct.mni.3723546/output.mean.dat
mri_segstats done
mris_calc -o ./tmp.mri_nu_correct.mni.3723546/nu0.mgz ./tmp.mri_nu_correct.mni.3723546/nu0.mgz mul 1.34040646191637642785
Saving result to './tmp.mri_nu_correct.mni.3723546/nu0.mgz' (type = MGH )                       [ ok ]
mri_convert ./tmp.mri_nu_correct.mni.3723546/nu0.mgz nu.mgz --like orig.mgz
mri_convert ./tmp.mri_nu_correct.mni.3723546/nu0.mgz nu.mgz --like orig.mgz 
reading from ./tmp.mri_nu_correct.mni.3723546/nu0.mgz...
TR=0.00, TE=0.00, TI=0.00, flip angle=0.00
i_ras = (-1, 0, 3.72529e-09)
j_ras = (0, 0, -1)
k_ras = (0, 1, 0)
INFO: transform src into the like-volume: orig.mgz
writing to nu.mgz...
mri_make_uchar nu.mgz transforms/talairach.xfm nu.mgz
type change took 0 minutes and 3 seconds.
FIRST_PERCENTILE 0.010000
WM_PERCENTILE    0.900000
MAX_R 50.000000
i1 = 8, i2 = 67
#mri_make_uchar# mapping 21 173 to  3 110  :  b -12.0195 m 0.707049 : thresh 16.9995 maxsat 377.654 : nzero 13918573 nsat 0
 
 
Sun Mar  8 12:48:42 CET 2026
mri_nu_correct.mni done

 mri_add_xform_to_header -c /out/sourcedata/freesurfer/sub-v1s11x0050171_ses-1/mri/transforms/talairach.xfm nu.mgz nu.mgz 

INFO: extension is mgz
#--------------------------------------------
#@# Intensity Normalization Sun Mar  8 12:48:43 CET 2026
/out/sourcedata/freesurfer/sub-v1s11x0050171_ses-1/mri

 mri_normalize -g 1 -seed 1234 -mprage nu.mgz T1.mgz 

using max gradient = 1.000
setting seed for random number genererator to 1234
assuming input volume is MGH (Van der Kouwe) MP-RAGE
reading mri_src from nu.mgz...
normalizing image...
NOT doing gentle normalization with control points/label
talairach transform
 1.00628  -0.00121   0.03219   4.49809;
 0.02746   1.07339   0.05258  -17.89940;
-0.05850  -0.02114   1.06688  -28.69588;
 0.00000   0.00000   0.00000   1.00000;
processing without aseg, no1d=0
MRInormInit(): 
INFO: Modifying talairach volume c_(r,a,s) based on average_305
MRInormalize(): 
MRIsplineNormalize(): npeaks = 14
Starting OpenSpline(): npoints = 14
building Voronoi diagram...
performing soap bubble smoothing, sigma = 8...

Iterating 2 times
---------------------------------
3d normalization pass 1 of 2
white matter peak found at 110
white matter peak found at 109
gm peak at 68 (68), valley at 54 (54)
csf peak at 34, setting threshold to 56
building Voronoi diagram...
performing soap bubble smoothing, sigma = 8...
---------------------------------
3d normalization pass 2 of 2
white matter peak found at 110
white matter peak found at 110
gm peak at 70 (70), valley at 40 (40)
csf peak at 16, setting threshold to 52
building Voronoi diagram...
performing soap bubble smoothing, sigma = 8...
Done iterating ---------------------------------
writing output to T1.mgz
3D bias adjustment took 0 minutes and 57 seconds.

Started at Sun Mar 8 12:43:01 CET 2026 
Ended   at Sun Mar 8 12:49:40 CET 2026
#@#%# recon-all-run-time-hours 0.111
recon-all -s sub-v1s11x0050171_ses-1 finished without error at Sun Mar  8 12:49:40 CET 2026



#New# invocation of recon-all 




Sun Mar  8 12:55:20 CET 2026
cd /out/sourcedata/freesurfer/sub-v1s11x0050171_ses-1
setenv SUBJECTS_DIR /out/sourcedata/freesurfer
/opt/freesurfer/bin/recon-all -openmp 16 -subjid sub-v1s11x0050171_ses-1 -sd /out/sourcedata/freesurfer -gcareg

subjid sub-v1s11x0050171_ses-1
setenv SUBJECTS_DIR /out/sourcedata/freesurfer
FREESURFER_HOME /opt/freesurfer
Actual FREESURFER_HOME /opt/freesurfer
build-stamp.txt: freesurfer-linux-ubuntu22_x86_64-7.3.2-20220804-6354275
Linux dna074 5.14.0-427.37.1.el9_4.x86_64 #1 SMP PREEMPT_DYNAMIC Fri Sep 13 12:41:50 EDT 2024 x86_64 x86_64 x86_64 GNU/Linux
cputime      unlimited
filesize     unlimited
datasize     unlimited
stacksize    8192 kbytes
coredumpsize 0 kbytes
memoryuse    67108864 kbytes
vmemoryuse   unlimited
descriptors  1024 
memorylocked unlimited
maxproc      2061970 
maxlocks     unlimited
maxsignal    2062029 
maxmessage   819200 
maxnice      0 
maxrtprio    0 
maxrttime    unlimited

               total        used        free      shared  buff/cache   available
Mem:           503Gi        45Gi       425Gi        11Gi        32Gi       443Gi
Swap:             0B          0B          0B

########################################
program versions used
7.3.2 (freesurfer-linux-ubuntu22_x86_64-7.3.2-20220804-6354275)
7.3.2

ProgramName: lta_convert  ProgramArguments: lta_convert -all-info  ProgramVersion: 7.3.2  TimeStamp: 2026/03/08-11:55:20-GMT  BuildTime: Aug  4 2022 06:17:15  BuildStamp: freesurfer-linux-ubuntu22_x86_64-7.3.2-20220804-6354275  User: oesteban  Machine: dna074  Platform: Linux  PlatformVersion: 5.14.0-427.37.1.el9_4.x86_64  CompilerName: GCC  CompilerVersion: 8.4.0
ProgramName: mri_and  ProgramArguments: mri_and -all-info  ProgramVersion: 7.3.2  TimeStamp: 2026/03/08-11:55:20-GMT  BuildTime: Aug  4 2022 06:17:15  BuildStamp: freesurfer-linux-ubuntu22_x86_64-7.3.2-20220804-6354275  User: oesteban  Machine: dna074  Platform: Linux  PlatformVersion: 5.14.0-427.37.1.el9_4.x86_64  CompilerName: GCC  CompilerVersion: 8.4.0
ProgramName: mri_annotation2label  ProgramArguments: mri_annotation2label -all-info  ProgramVersion: 7.3.2  TimeStamp: 2026/03/08-11:55:20-GMT  BuildTime: Aug  4 2022 06:17:15  BuildStamp: freesurfer-linux-ubuntu22_x86_64-7.3.2-20220804-6354275  User: oesteban  Machine: dna074  Platform: Linux  PlatformVersion: 5.14.0-427.37.1.el9_4.x86_64  CompilerName: GCC  CompilerVersion: 8.4.0
ProgramName: mri_aparc2aseg  ProgramArguments: mri_aparc2aseg -all-info  ProgramVersion: 7.3.2  TimeStamp: 2026/03/08-11:55:20-GMT  BuildTime: Aug  4 2022 06:17:15  BuildStamp: freesurfer-linux-ubuntu22_x86_64-7.3.2-20220804-6354275  User: oesteban  Machine: dna074  Platform: Linux  PlatformVersion: 5.14.0-427.37.1.el9_4.x86_64  CompilerName: GCC  CompilerVersion: 8.4.0
ProgramName: mri_surf2volseg  ProgramArguments: mri_surf2volseg -all-info  ProgramVersion: 7.3.2  TimeStamp: 2026/03/08-11:55:20-GMT  BuildTime: Aug  4 2022 06:17:15  BuildStamp: freesurfer-linux-ubuntu22_x86_64-7.3.2-20220804-6354275  User: oesteban  Machine: dna074  Platform: Linux  PlatformVersion: 5.14.0-427.37.1.el9_4.x86_64  CompilerName: GCC  CompilerVersion: 8.4.0
ProgramName: mri_binarize  ProgramArguments: mri_binarize -all-info  ProgramVersion: 7.3.2  TimeStamp: 2026/03/08-11:55:20-GMT  BuildTime: Aug  4 2022 06:17:15  BuildStamp: freesurfer-linux-ubuntu22_x86_64-7.3.2-20220804-6354275  User: oesteban  Machine: dna074  Platform: Linux  PlatformVersion: 5.14.0-427.37.1.el9_4.x86_64  CompilerName: GCC  CompilerVersion: 8.4.0
ProgramName: mri_ca_label  ProgramArguments: mri_ca_label -all-info  ProgramVersion: 7.3.2  TimeStamp: 2026/03/08-11:55:20-GMT  BuildTime: Aug  4 2022 06:17:15  BuildStamp: freesurfer-linux-ubuntu22_x86_64-7.3.2-20220804-6354275  User: oesteban  Machine: dna074  Platform: Linux  PlatformVersion: 5.14.0-427.37.1.el9_4.x86_64  CompilerName: GCC  CompilerVersion: 8.4.0
ProgramName: mri_ca_normalize  ProgramArguments: mri_ca_normalize -all-info  ProgramVersion: 7.3.2  TimeStamp: 2026/03/08-11:55:20-GMT  BuildTime: Aug  4 2022 06:17:15  BuildStamp: freesurfer-linux-ubuntu22_x86_64-7.3.2-20220804-6354275  User: oesteban  Machine: dna074  Platform: Linux  PlatformVersion: 5.14.0-427.37.1.el9_4.x86_64  CompilerName: GCC  CompilerVersion: 8.4.0
ProgramName: mri_ca_register  ProgramArguments: mri_ca_register -all-info  ProgramVersion: 7.3.2  TimeStamp: 2026/03/08-11:55:20-GMT  BuildTime: Aug  4 2022 06:17:15  BuildStamp: freesurfer-linux-ubuntu22_x86_64-7.3.2-20220804-6354275  User: oesteban  Machine: dna074  Platform: Linux  PlatformVersion: 5.14.0-427.37.1.el9_4.x86_64  CompilerName: GCC  CompilerVersion: 8.4.0
ProgramName: mri_cc  ProgramArguments: mri_cc -all-info  ProgramVersion: 7.3.2  TimeStamp: 2026/03/08-11:55:20-GMT  BuildTime: Aug  4 2022 06:17:15  BuildStamp: freesurfer-linux-ubuntu22_x86_64-7.3.2-20220804-6354275  User: oesteban  Machine: dna074  Platform: Linux  PlatformVersion: 5.14.0-427.37.1.el9_4.x86_64  CompilerName: GCC  CompilerVersion: 8.4.0
ProgramName: mri_compute_overlap  ProgramArguments: mri_compute_overlap -all-info  ProgramVersion: 7.3.2  TimeStamp: 2026/03/08-11:55:20-GMT  BuildTime: Aug  4 2022 06:17:15  BuildStamp: freesurfer-linux-ubuntu22_x86_64-7.3.2-20220804-6354275  User: oesteban  Machine: dna074  Platform: Linux  PlatformVersion: 5.14.0-427.37.1.el9_4.x86_64  CompilerName: GCC  CompilerVersion: 8.4.0
ProgramName: mri_compute_seg_overlap  ProgramArguments: mri_compute_seg_overlap -all-info  ProgramVersion: 7.3.2  TimeStamp: 2026/03/08-11:55:20-GMT  BuildTime: Aug  4 2022 06:17:15  BuildStamp: freesurfer-linux-ubuntu22_x86_64-7.3.2-20220804-6354275  User: oesteban  Machine: dna074  Platform: Linux  PlatformVersion: 5.14.0-427.37.1.el9_4.x86_64  CompilerName: GCC  CompilerVersion: 8.4.0
ProgramName: mri_concat  ProgramArguments: mri_concat -all-info  ProgramVersion: 7.3.2  TimeStamp: 2026/03/08-11:55:20-GMT  BuildTime: Aug  4 2022 06:17:15  BuildStamp: freesurfer-linux-ubuntu22_x86_64-7.3.2-20220804-6354275  User: oesteban  Machine: dna074  Platform: Linux  PlatformVersion: 5.14.0-427.37.1.el9_4.x86_64  CompilerName: GCC  CompilerVersion: 8.4.0
ProgramName: mri_concatenate_lta  ProgramArguments: mri_concatenate_lta -all-info  ProgramVersion: 7.3.2  TimeStamp: 2026/03/08-11:55:20-GMT  BuildTime: Aug  4 2022 06:17:15  BuildStamp: freesurfer-linux-ubuntu22_x86_64-7.3.2-20220804-6354275  User: oesteban  Machine: dna074  Platform: Linux  PlatformVersion: 5.14.0-427.37.1.el9_4.x86_64  CompilerName: GCC  CompilerVersion: 8.4.0
mri_convert -all-info 
ProgramName: mri_convert  ProgramArguments: mri_convert -all-info  ProgramVersion: 7.3.2  TimeStamp: 2026/03/08-11:55:20-GMT  BuildTime: Aug  4 2022 06:17:15  BuildStamp: freesurfer-linux-ubuntu22_x86_64-7.3.2-20220804-6354275  User: oesteban  Machine: dna074  Platform: Linux  PlatformVersion: 5.14.0-427.37.1.el9_4.x86_64  CompilerName: GCC  CompilerVersion: 8.4.0
ProgramName: mri_diff  ProgramArguments: mri_diff -all-info  ProgramVersion: 7.3.2  TimeStamp: 2026/03/08-11:55:20-GMT  BuildTime: Aug  4 2022 06:17:15  BuildStamp: freesurfer-linux-ubuntu22_x86_64-7.3.2-20220804-6354275  User: oesteban  Machine: dna074  Platform: Linux  PlatformVersion: 5.14.0-427.37.1.el9_4.x86_64  CompilerName: GCC  CompilerVersion: 8.4.0
ProgramName: mri_edit_wm_with_aseg  ProgramArguments: mri_edit_wm_with_aseg -all-info  ProgramVersion: 7.3.2  TimeStamp: 2026/03/08-11:55:20-GMT  BuildTime: Aug  4 2022 06:17:15  BuildStamp: freesurfer-linux-ubuntu22_x86_64-7.3.2-20220804-6354275  User: oesteban  Machine: dna074  Platform: Linux  PlatformVersion: 5.14.0-427.37.1.el9_4.x86_64  CompilerName: GCC  CompilerVersion: 8.4.0
ProgramName: mri_em_register  ProgramArguments: mri_em_register -all-info  ProgramVersion: 7.3.2  TimeStamp: 2026/03/08-11:55:20-GMT  BuildTime: Aug  4 2022 06:17:15  BuildStamp: freesurfer-linux-ubuntu22_x86_64-7.3.2-20220804-6354275  User: oesteban  Machine: dna074  Platform: Linux  PlatformVersion: 5.14.0-427.37.1.el9_4.x86_64  CompilerName: GCC  CompilerVersion: 8.4.0
ProgramName: mri_fill  ProgramArguments: mri_fill -all-info  ProgramVersion: 7.3.2  TimeStamp: 2026/03/08-11:55:20-GMT  BuildTime: Aug  4 2022 06:17:15  BuildStamp: freesurfer-linux-ubuntu22_x86_64-7.3.2-20220804-6354275  User: oesteban  Machine: dna074  Platform: Linux  PlatformVersion: 5.14.0-427.37.1.el9_4.x86_64  CompilerName: GCC  CompilerVersion: 8.4.0
ProgramName: mri_fuse_segmentations  ProgramArguments: mri_fuse_segmentations -all-info  ProgramVersion: 7.3.2  TimeStamp: 2026/03/08-11:55:20-GMT  BuildTime: Aug  4 2022 06:17:15  BuildStamp: freesurfer-linux-ubuntu22_x86_64-7.3.2-20220804-6354275  User: oesteban  Machine: dna074  Platform: Linux  PlatformVersion: 5.14.0-427.37.1.el9_4.x86_64  CompilerName: GCC  CompilerVersion: 8.4.0
ProgramName: mri_fwhm  ProgramArguments: mri_fwhm -all-info  ProgramVersion: 7.3.2  TimeStamp: 2026/03/08-11:55:20-GMT  BuildTime: Aug  4 2022 06:17:15  BuildStamp: freesurfer-linux-ubuntu22_x86_64-7.3.2-20220804-6354275  User: oesteban  Machine: dna074  Platform: Linux  PlatformVersion: 5.14.0-427.37.1.el9_4.x86_64  CompilerName: GCC  CompilerVersion: 8.4.0
ProgramName: mri_gcut  ProgramArguments: mri_gcut -all-info  ProgramVersion: 7.3.2  TimeStamp: 2026/03/08-11:55:20-GMT  BuildTime: Aug  4 2022 06:17:15  BuildStamp: freesurfer-linux-ubuntu22_x86_64-7.3.2-20220804-6354275  User: oesteban  Machine: dna074  Platform: Linux  PlatformVersion: 5.14.0-427.37.1.el9_4.x86_64  CompilerName: GCC  CompilerVersion: 8.4.0
ProgramName: mri_info  ProgramArguments: mri_info -all-info  ProgramVersion: 7.3.2  TimeStamp: 2026/03/08-11:55:20-GMT  BuildTime: Aug  4 2022 06:17:15  BuildStamp: freesurfer-linux-ubuntu22_x86_64-7.3.2-20220804-6354275  User: oesteban  Machine: dna074  Platform: Linux  PlatformVersion: 5.14.0-427.37.1.el9_4.x86_64  CompilerName: GCC  CompilerVersion: 8.4.0
ProgramName: mri_label2label  ProgramArguments: mri_label2label -all-info  ProgramVersion: 7.3.2  TimeStamp: 2026/03/08-11:55:20-GMT  BuildTime: Aug  4 2022 06:17:15  BuildStamp: freesurfer-linux-ubuntu22_x86_64-7.3.2-20220804-6354275  User: oesteban  Machine: dna074  Platform: Linux  PlatformVersion: 5.14.0-427.37.1.el9_4.x86_64  CompilerName: GCC  CompilerVersion: 8.4.0
ProgramName: mri_label2vol  ProgramArguments: mri_label2vol -all-info  ProgramVersion: 7.3.2  TimeStamp: 2026/03/08-11:55:21-GMT  BuildTime: Aug  4 2022 06:17:15  BuildStamp: freesurfer-linux-ubuntu22_x86_64-7.3.2-20220804-6354275  User: oesteban  Machine: dna074  Platform: Linux  PlatformVersion: 5.14.0-427.37.1.el9_4.x86_64  CompilerName: GCC  CompilerVersion: 8.4.0
ProgramName: mri_log_likelihood  ProgramArguments: mri_log_likelihood -all-info  ProgramVersion: 7.3.2  TimeStamp: 2026/03/08-11:55:21-GMT  BuildTime: Aug  4 2022 06:17:15  BuildStamp: freesurfer-linux-ubuntu22_x86_64-7.3.2-20220804-6354275  User: oesteban  Machine: dna074  Platform: Linux  PlatformVersion: 5.14.0-427.37.1.el9_4.x86_64  CompilerName: GCC  CompilerVersion: 8.4.0
ProgramName: mri_mask  ProgramArguments: mri_mask -all-info  ProgramVersion: 7.3.2  TimeStamp: 2026/03/08-11:55:21-GMT  BuildTime: Aug  4 2022 06:17:15  BuildStamp: freesurfer-linux-ubuntu22_x86_64-7.3.2-20220804-6354275  User: oesteban  Machine: dna074  Platform: Linux  PlatformVersion: 5.14.0-427.37.1.el9_4.x86_64  CompilerName: GCC  CompilerVersion: 8.4.0
ProgramName: mri_matrix_multiply  ProgramArguments: mri_matrix_multiply -all-info  ProgramVersion: 7.3.2  TimeStamp: 2026/03/08-11:55:21-GMT  BuildTime: Aug  4 2022 06:17:15  BuildStamp: freesurfer-linux-ubuntu22_x86_64-7.3.2-20220804-6354275  User: oesteban  Machine: dna074  Platform: Linux  PlatformVersion: 5.14.0-427.37.1.el9_4.x86_64  CompilerName: GCC  CompilerVersion: 8.4.0
ProgramName: mri_normalize  ProgramArguments: mri_normalize -all-info  ProgramVersion: 7.3.2  TimeStamp: 2026/03/08-11:55:21-GMT  BuildTime: Aug  4 2022 06:17:15  BuildStamp: freesurfer-linux-ubuntu22_x86_64-7.3.2-20220804-6354275  User: oesteban  Machine: dna074  Platform: Linux  PlatformVersion: 5.14.0-427.37.1.el9_4.x86_64  CompilerName: GCC  CompilerVersion: 8.4.0
ProgramName: mri_normalize_tp2  ProgramArguments: mri_normalize_tp2 -all-info  ProgramVersion: 7.3.2  TimeStamp: 2026/03/08-11:55:21-GMT  BuildTime: Aug  4 2022 06:17:15  BuildStamp: freesurfer-linux-ubuntu22_x86_64-7.3.2-20220804-6354275  User: oesteban  Machine: dna074  Platform: Linux  PlatformVersion: 5.14.0-427.37.1.el9_4.x86_64  CompilerName: GCC  CompilerVersion: 8.4.0
ProgramName: mri_or  ProgramArguments: mri_or -all-info  ProgramVersion: 7.3.2  TimeStamp: 2026/03/08-11:55:21-GMT  BuildTime: Aug  4 2022 06:17:15  BuildStamp: freesurfer-linux-ubuntu22_x86_64-7.3.2-20220804-6354275  User: oesteban  Machine: dna074  Platform: Linux  PlatformVersion: 5.14.0-427.37.1.el9_4.x86_64  CompilerName: GCC  CompilerVersion: 8.4.0
ProgramName: mri_relabel_hypointensities  ProgramArguments: mri_relabel_hypointensities -all-info  ProgramVersion: 7.3.2  TimeStamp: 2026/03/08-11:55:21-GMT  BuildTime: Aug  4 2022 06:17:15  BuildStamp: freesurfer-linux-ubuntu22_x86_64-7.3.2-20220804-6354275  User: oesteban  Machine: dna074  Platform: Linux  PlatformVersion: 5.14.0-427.37.1.el9_4.x86_64  CompilerName: GCC  CompilerVersion: 8.4.0
ProgramName: mri_relabel_nonwm_hypos  ProgramArguments: mri_relabel_nonwm_hypos -all-info  ProgramVersion: 7.3.2  TimeStamp: 2026/03/08-11:55:21-GMT  BuildTime: Aug  4 2022 06:17:15  BuildStamp: freesurfer-linux-ubuntu22_x86_64-7.3.2-20220804-6354275  User: oesteban  Machine: dna074  Platform: Linux  PlatformVersion: 5.14.0-427.37.1.el9_4.x86_64  CompilerName: GCC  CompilerVersion: 8.4.0
ProgramName: mri_remove_neck  ProgramArguments: mri_remove_neck -all-info  ProgramVersion: 7.3.2  TimeStamp: 2026/03/08-11:55:21-GMT  BuildTime: Aug  4 2022 06:17:15  BuildStamp: freesurfer-linux-ubuntu22_x86_64-7.3.2-20220804-6354275  User: oesteban  Machine: dna074  Platform: Linux  PlatformVersion: 5.14.0-427.37.1.el9_4.x86_64  CompilerName: GCC  CompilerVersion: 8.4.0
7.3.2

ProgramName: mri_robust_register  ProgramArguments: mri_robust_register -all-info  ProgramVersion: 7.3.2  TimeStamp: 2026/03/08-11:55:21-GMT  BuildTime: Aug  4 2022 06:17:15  BuildStamp: freesurfer-linux-ubuntu22_x86_64-7.3.2-20220804-6354275  User: oesteban  Machine: dna074  Platform: Linux  PlatformVersion: 5.14.0-427.37.1.el9_4.x86_64  CompilerName: GCC  CompilerVersion: 8.4.0
7.3.2

ProgramName: mri_robust_template  ProgramArguments: mri_robust_template -all-info  ProgramVersion: 7.3.2  TimeStamp: 2026/03/08-11:55:21-GMT  BuildTime: Aug  4 2022 06:17:15  BuildStamp: freesurfer-linux-ubuntu22_x86_64-7.3.2-20220804-6354275  User: oesteban  Machine: dna074  Platform: Linux  PlatformVersion: 5.14.0-427.37.1.el9_4.x86_64  CompilerName: GCC  CompilerVersion: 8.4.0
ProgramName: mris_anatomical_stats  ProgramArguments: mris_anatomical_stats -all-info  ProgramVersion: 7.3.2  TimeStamp: 2026/03/08-11:55:21-GMT  BuildTime: Aug  4 2022 06:17:15  BuildStamp: freesurfer-linux-ubuntu22_x86_64-7.3.2-20220804-6354275  User: oesteban  Machine: dna074  Platform: Linux  PlatformVersion: 5.14.0-427.37.1.el9_4.x86_64  CompilerName: GCC  CompilerVersion: 8.4.0
ProgramName: mris_ca_label  ProgramArguments: mris_ca_label -all-info  ProgramVersion: 7.3.2  TimeStamp: 2026/03/08-11:55:21-GMT  BuildTime: Aug  4 2022 06:17:15  BuildStamp: freesurfer-linux-ubuntu22_x86_64-7.3.2-20220804-6354275  User: oesteban  Machine: dna074  Platform: Linux  PlatformVersion: 5.14.0-427.37.1.el9_4.x86_64  CompilerName: GCC  CompilerVersion: 8.4.0
ProgramName: mris_calc  ProgramArguments: mris_calc -all-info  ProgramVersion: 7.3.2  TimeStamp: 2026/03/08-11:55:21-GMT  BuildTime: Aug  4 2022 06:17:15  BuildStamp: freesurfer-linux-ubuntu22_x86_64-7.3.2-20220804-6354275  User: oesteban  Machine: dna074  Platform: Linux  PlatformVersion: 5.14.0-427.37.1.el9_4.x86_64  CompilerName: GCC  CompilerVersion: 8.4.0
ProgramName: mris_convert  ProgramArguments: mris_convert -all-info  ProgramVersion: 7.3.2  TimeStamp: 2026/03/08-11:55:21-GMT  BuildTime: Aug  4 2022 06:17:15  BuildStamp: freesurfer-linux-ubuntu22_x86_64-7.3.2-20220804-6354275  User: oesteban  Machine: dna074  Platform: Linux  PlatformVersion: 5.14.0-427.37.1.el9_4.x86_64  CompilerName: GCC  CompilerVersion: 8.4.0
ProgramName: mris_curvature  ProgramArguments: mris_curvature -all-info  ProgramVersion: 7.3.2  TimeStamp: 2026/03/08-11:55:21-GMT  BuildTime: Aug  4 2022 06:17:15  BuildStamp: freesurfer-linux-ubuntu22_x86_64-7.3.2-20220804-6354275  User: oesteban  Machine: dna074  Platform: Linux  PlatformVersion: 5.14.0-427.37.1.el9_4.x86_64  CompilerName: GCC  CompilerVersion: 8.4.0
ProgramName: mris_curvature_stats  ProgramArguments: mris_curvature_stats -all-info  ProgramVersion: 7.3.2  TimeStamp: 2026/03/08-11:55:21-GMT  BuildTime: Aug  4 2022 06:17:15  BuildStamp: freesurfer-linux-ubuntu22_x86_64-7.3.2-20220804-6354275  User: oesteban  Machine: dna074  Platform: Linux  PlatformVersion: 5.14.0-427.37.1.el9_4.x86_64  CompilerName: GCC  CompilerVersion: 8.4.0
ProgramName: mris_diff  ProgramArguments: mris_diff -all-info  ProgramVersion: 7.3.2  TimeStamp: 2026/03/08-11:55:21-GMT  BuildTime: Aug  4 2022 06:17:15  BuildStamp: freesurfer-linux-ubuntu22_x86_64-7.3.2-20220804-6354275  User: oesteban  Machine: dna074  Platform: Linux  PlatformVersion: 5.14.0-427.37.1.el9_4.x86_64  CompilerName: GCC  CompilerVersion: 8.4.0
ProgramName: mris_divide_parcellation  ProgramArguments: mris_divide_parcellation -all-info  ProgramVersion: 7.3.2  TimeStamp: 2026/03/08-11:55:21-GMT  BuildTime: Aug  4 2022 06:17:15  BuildStamp: freesurfer-linux-ubuntu22_x86_64-7.3.2-20220804-6354275  User: oesteban  Machine: dna074  Platform: Linux  PlatformVersion: 5.14.0-427.37.1.el9_4.x86_64  CompilerName: GCC  CompilerVersion: 8.4.0
ProgramName: mri_segment  ProgramArguments: mri_segment -all-info  ProgramVersion: 7.3.2  TimeStamp: 2026/03/08-11:55:21-GMT  BuildTime: Aug  4 2022 06:17:15  BuildStamp: freesurfer-linux-ubuntu22_x86_64-7.3.2-20220804-6354275  User: oesteban  Machine: dna074  Platform: Linux  PlatformVersion: 5.14.0-427.37.1.el9_4.x86_64  CompilerName: GCC  CompilerVersion: 8.4.0
ProgramName: mri_segstats  ProgramArguments: mri_segstats -all-info  ProgramVersion: 7.3.2  TimeStamp: 2026/03/08-11:55:21-GMT  BuildTime: Aug  4 2022 06:17:15  BuildStamp: freesurfer-linux-ubuntu22_x86_64-7.3.2-20220804-6354275  User: oesteban  Machine: dna074  Platform: Linux  PlatformVersion: 5.14.0-427.37.1.el9_4.x86_64  CompilerName: GCC  CompilerVersion: 8.4.0
ProgramName: mris_euler_number  ProgramArguments: mris_euler_number -all-info  ProgramVersion: 7.3.2  TimeStamp: 2026/03/08-11:55:21-GMT  BuildTime: Aug  4 2022 06:17:15  BuildStamp: freesurfer-linux-ubuntu22_x86_64-7.3.2-20220804-6354275  User: oesteban  Machine: dna074  Platform: Linux  PlatformVersion: 5.14.0-427.37.1.el9_4.x86_64  CompilerName: GCC  CompilerVersion: 8.4.0
ProgramName: mris_fix_topology  ProgramArguments: mris_fix_topology -all-info  ProgramVersion: 7.3.2  TimeStamp: 2026/03/08-11:55:21-GMT  BuildTime: Aug  4 2022 06:17:15  BuildStamp: freesurfer-linux-ubuntu22_x86_64-7.3.2-20220804-6354275  User: oesteban  Machine: dna074  Platform: Linux  PlatformVersion: 5.14.0-427.37.1.el9_4.x86_64  CompilerName: GCC  CompilerVersion: 8.4.0
ProgramName: mris_topo_fixer  ProgramArguments: mris_topo_fixer -all-info  ProgramVersion: 7.3.2  TimeStamp: 2026/03/08-11:55:21-GMT  BuildTime: Aug  4 2022 06:17:15  BuildStamp: freesurfer-linux-ubuntu22_x86_64-7.3.2-20220804-6354275  User: oesteban  Machine: dna074  Platform: Linux  PlatformVersion: 5.14.0-427.37.1.el9_4.x86_64  CompilerName: GCC  CompilerVersion: 8.4.0
ProgramName: mris_jacobian  ProgramArguments: mris_jacobian -all-info  ProgramVersion: 7.3.2  TimeStamp: 2026/03/08-11:55:21-GMT  BuildTime: Aug  4 2022 06:17:15  BuildStamp: freesurfer-linux-ubuntu22_x86_64-7.3.2-20220804-6354275  User: oesteban  Machine: dna074  Platform: Linux  PlatformVersion: 5.14.0-427.37.1.el9_4.x86_64  CompilerName: GCC  CompilerVersion: 8.4.0
ProgramName: mris_label2annot  ProgramArguments: mris_label2annot -all-info  ProgramVersion: 7.3.2  TimeStamp: 2026/03/08-11:55:21-GMT  BuildTime: Aug  4 2022 06:17:15  BuildStamp: freesurfer-linux-ubuntu22_x86_64-7.3.2-20220804-6354275  User: oesteban  Machine: dna074  Platform: Linux  PlatformVersion: 5.14.0-427.37.1.el9_4.x86_64  CompilerName: GCC  CompilerVersion: 8.4.0
ProgramName: mris_left_right_register  ProgramArguments: mris_left_right_register -all-info  ProgramVersion: 7.3.2  TimeStamp: 2026/03/08-11:55:21-GMT  BuildTime: Aug  4 2022 06:17:15  BuildStamp: freesurfer-linux-ubuntu22_x86_64-7.3.2-20220804-6354275  User: oesteban  Machine: dna074  Platform: Linux  PlatformVersion: 5.14.0-427.37.1.el9_4.x86_64  CompilerName: GCC  CompilerVersion: 8.4.0
ProgramName: mris_place_surface  ProgramArguments: mris_place_surface -all-info  ProgramVersion: 7.3.2  TimeStamp: 2026/03/08-11:55:21-GMT  BuildTime: Aug  4 2022 06:17:15  BuildStamp: freesurfer-linux-ubuntu22_x86_64-7.3.2-20220804-6354275  User: oesteban  Machine: dna074  Platform: Linux  PlatformVersion: 5.14.0-427.37.1.el9_4.x86_64  CompilerName: GCC  CompilerVersion: 8.4.0
ProgramName: mrisp_paint  ProgramArguments: mrisp_paint -all-info  ProgramVersion: 7.3.2  TimeStamp: 2026/03/08-11:55:21-GMT  BuildTime: Aug  4 2022 06:17:15  BuildStamp: freesurfer-linux-ubuntu22_x86_64-7.3.2-20220804-6354275  User: oesteban  Machine: dna074  Platform: Linux  PlatformVersion: 5.14.0-427.37.1.el9_4.x86_64  CompilerName: GCC  CompilerVersion: 8.4.0
ProgramName: mris_register  ProgramArguments: mris_register -all-info  ProgramVersion: 7.3.2  TimeStamp: 2026/03/08-11:55:21-GMT  BuildTime: Aug  4 2022 06:17:15  BuildStamp: freesurfer-linux-ubuntu22_x86_64-7.3.2-20220804-6354275  User: oesteban  Machine: dna074  Platform: Linux  PlatformVersion: 5.14.0-427.37.1.el9_4.x86_64  CompilerName: GCC  CompilerVersion: 8.4.0
ProgramName: mris_smooth  ProgramArguments: mris_smooth -all-info  ProgramVersion: 7.3.2  TimeStamp: 2026/03/08-11:55:21-GMT  BuildTime: Aug  4 2022 06:17:15  BuildStamp: freesurfer-linux-ubuntu22_x86_64-7.3.2-20220804-6354275  User: oesteban  Machine: dna074  Platform: Linux  PlatformVersion: 5.14.0-427.37.1.el9_4.x86_64  CompilerName: GCC  CompilerVersion: 8.4.0
ProgramName: mris_sphere  ProgramArguments: mris_sphere -all-info  ProgramVersion: 7.3.2  TimeStamp: 2026/03/08-11:55:21-GMT  BuildTime: Aug  4 2022 06:17:15  BuildStamp: freesurfer-linux-ubuntu22_x86_64-7.3.2-20220804-6354275  User: oesteban  Machine: dna074  Platform: Linux  PlatformVersion: 5.14.0-427.37.1.el9_4.x86_64  CompilerName: GCC  CompilerVersion: 8.4.0
ProgramName: mris_surface_stats  ProgramArguments: mris_surface_stats -all-info  ProgramVersion: 7.3.2  TimeStamp: 2026/03/08-11:55:21-GMT  BuildTime: Aug  4 2022 06:17:15  BuildStamp: freesurfer-linux-ubuntu22_x86_64-7.3.2-20220804-6354275  User: oesteban  Machine: dna074  Platform: Linux  PlatformVersion: 5.14.0-427.37.1.el9_4.x86_64  CompilerName: GCC  CompilerVersion: 8.4.0
ProgramName: mri_stats2seg  ProgramArguments: mri_stats2seg -all-info  ProgramVersion: 7.3.2  TimeStamp: 2026/03/08-11:55:21-GMT  BuildTime: Aug  4 2022 06:17:15  BuildStamp: freesurfer-linux-ubuntu22_x86_64-7.3.2-20220804-6354275  User: oesteban  Machine: dna074  Platform: Linux  PlatformVersion: 5.14.0-427.37.1.el9_4.x86_64  CompilerName: GCC  CompilerVersion: 8.4.0
ProgramName: mris_thickness  ProgramArguments: mris_thickness -all-info  ProgramVersion: 7.3.2  TimeStamp: 2026/03/08-11:55:21-GMT  BuildTime: Aug  4 2022 06:17:15  BuildStamp: freesurfer-linux-ubuntu22_x86_64-7.3.2-20220804-6354275  User: oesteban  Machine: dna074  Platform: Linux  PlatformVersion: 5.14.0-427.37.1.el9_4.x86_64  CompilerName: GCC  CompilerVersion: 8.4.0
ProgramName: mris_thickness_diff  ProgramArguments: mris_thickness_diff -all-info  ProgramVersion: 7.3.2  TimeStamp: 2026/03/08-11:55:21-GMT  BuildTime: Aug  4 2022 06:17:15  BuildStamp: freesurfer-linux-ubuntu22_x86_64-7.3.2-20220804-6354275  User: oesteban  Machine: dna074  Platform: Linux  PlatformVersion: 5.14.0-427.37.1.el9_4.x86_64  CompilerName: GCC  CompilerVersion: 8.4.0
ProgramName: mris_topo_fixer  ProgramArguments: mris_topo_fixer -all-info  ProgramVersion: 7.3.2  TimeStamp: 2026/03/08-11:55:21-GMT  BuildTime: Aug  4 2022 06:17:15  BuildStamp: freesurfer-linux-ubuntu22_x86_64-7.3.2-20220804-6354275  User: oesteban  Machine: dna074  Platform: Linux  PlatformVersion: 5.14.0-427.37.1.el9_4.x86_64  CompilerName: GCC  CompilerVersion: 8.4.0
ProgramName: mri_surf2surf  ProgramArguments: mri_surf2surf -all-info  ProgramVersion: 7.3.2  TimeStamp: 2026/03/08-11:55:21-GMT  BuildTime: Aug  4 2022 06:17:15  BuildStamp: freesurfer-linux-ubuntu22_x86_64-7.3.2-20220804-6354275  User: oesteban  Machine: dna074  Platform: Linux  PlatformVersion: 5.14.0-427.37.1.el9_4.x86_64  CompilerName: GCC  CompilerVersion: 8.4.0
ProgramName: mri_surf2vol  ProgramArguments: mri_surf2vol -all-info  ProgramVersion: 7.3.2  TimeStamp: 2026/03/08-11:55:21-GMT  BuildTime: Aug  4 2022 06:17:15  BuildStamp: freesurfer-linux-ubuntu22_x86_64-7.3.2-20220804-6354275  User: oesteban  Machine: dna074  Platform: Linux  PlatformVersion: 5.14.0-427.37.1.el9_4.x86_64  CompilerName: GCC  CompilerVersion: 8.4.0
ProgramName: mri_surfcluster  ProgramArguments: mri_surfcluster -all-info  ProgramVersion: 7.3.2  TimeStamp: 2026/03/08-11:55:21-GMT  BuildTime: Aug  4 2022 06:17:15  BuildStamp: freesurfer-linux-ubuntu22_x86_64-7.3.2-20220804-6354275  User: oesteban  Machine: dna074  Platform: Linux  PlatformVersion: 5.14.0-427.37.1.el9_4.x86_64  CompilerName: GCC  CompilerVersion: 8.4.0
ProgramName: mris_volmask  ProgramArguments: mris_volmask -all-info  ProgramVersion: 7.3.2  TimeStamp: 2026/03/08-11:55:21-GMT  BuildTime: Aug  4 2022 06:17:15  BuildStamp: freesurfer-linux-ubuntu22_x86_64-7.3.2-20220804-6354275  User: oesteban  Machine: dna074  Platform: Linux  PlatformVersion: 5.14.0-427.37.1.el9_4.x86_64  CompilerName: GCC  CompilerVersion: 8.4.0
ProgramName: mri_tessellate  ProgramArguments: mri_tessellate -all-info  ProgramVersion: 7.3.2  TimeStamp: 2026/03/08-11:55:21-GMT  BuildTime: Aug  4 2022 06:17:15  BuildStamp: freesurfer-linux-ubuntu22_x86_64-7.3.2-20220804-6354275  User: oesteban  Machine: dna074  Platform: Linux  PlatformVersion: 5.14.0-427.37.1.el9_4.x86_64  CompilerName: GCC  CompilerVersion: 8.4.0
ProgramName: mri_vol2surf  ProgramArguments: mri_vol2surf -all-info  ProgramVersion: 7.3.2  TimeStamp: 2026/03/08-11:55:21-GMT  BuildTime: Aug  4 2022 06:17:15  BuildStamp: freesurfer-linux-ubuntu22_x86_64-7.3.2-20220804-6354275  User: oesteban  Machine: dna074  Platform: Linux  PlatformVersion: 5.14.0-427.37.1.el9_4.x86_64  CompilerName: GCC  CompilerVersion: 8.4.0
ProgramName: mri_vol2vol  ProgramArguments: mri_vol2vol -all-info  ProgramVersion: 7.3.2  TimeStamp: 2026/03/08-11:55:21-GMT  BuildTime: Aug  4 2022 06:17:15  BuildStamp: freesurfer-linux-ubuntu22_x86_64-7.3.2-20220804-6354275  User: oesteban  Machine: dna074  Platform: Linux  PlatformVersion: 5.14.0-427.37.1.el9_4.x86_64  CompilerName: GCC  CompilerVersion: 8.4.0
ProgramName: mri_voldiff  ProgramArguments: mri_voldiff -all-info  ProgramVersion: 7.3.2  TimeStamp: 2026/03/08-11:55:21-GMT  BuildTime: Aug  4 2022 06:17:15  BuildStamp: freesurfer-linux-ubuntu22_x86_64-7.3.2-20220804-6354275  User: oesteban  Machine: dna074  Platform: Linux  PlatformVersion: 5.14.0-427.37.1.el9_4.x86_64  CompilerName: GCC  CompilerVersion: 8.4.0
ProgramName: mri_watershed  ProgramArguments: mri_watershed -all-info  ProgramVersion: 7.3.2  TimeStamp: 2026/03/08-11:55:21-GMT  BuildTime: Aug  4 2022 06:17:15  BuildStamp: freesurfer-linux-ubuntu22_x86_64-7.3.2-20220804-6354275  User: oesteban  Machine: dna074  Platform: Linux  PlatformVersion: 5.14.0-427.37.1.el9_4.x86_64  CompilerName: GCC  CompilerVersion: 8.4.0
ProgramName: tkregister2  ProgramArguments: tkregister2_cmdl -all-info  ProgramVersion: 7.3.2  TimeStamp: 2026/03/08-11:55:21-GMT  BuildTime: Aug  4 2022 06:17:15  BuildStamp: freesurfer-linux-ubuntu22_x86_64-7.3.2-20220804-6354275  User: oesteban  Machine: dna074  Platform: Linux  PlatformVersion: 5.14.0-427.37.1.el9_4.x86_64  CompilerName: GCC  CompilerVersion: 8.4.0
mri_motion_correct.fsl 7.3.2
mri_convert -all-info 
ProgramName: mri_convert  ProgramArguments: mri_convert -all-info  ProgramVersion: 7.3.2  TimeStamp: 2026/03/08-11:55:21-GMT  BuildTime: Aug  4 2022 06:17:15  BuildStamp: freesurfer-linux-ubuntu22_x86_64-7.3.2-20220804-6354275  User: oesteban  Machine: dna074  Platform: Linux  PlatformVersion: 5.14.0-427.37.1.el9_4.x86_64  CompilerName: GCC  CompilerVersion: 8.4.0
Program nu_correct, built from:
Package MNI N3, version 1.12.0, compiled by nicks@terrier (x86_64-unknown-linux-gnu) on 2015-06-19 at 01:25:34
#######################################
GCADIR /opt/freesurfer/average
GCA RB_all_2020-01-02.gca
GCASkull RB_all_withskull_2020_01_02.gca
AvgCurvTif folding.atlas.acfb40.noaparc.i12.2016-08-02.tif
GCSDIR /opt/freesurfer/average
GCS DKaparc.atlas.acfb40.noaparc.i12.2016-08-02.gcs
#######################################
#-------------------------------------
#@# EM Registration Sun Mar  8 12:55:21 CET 2026
/out/sourcedata/freesurfer/sub-v1s11x0050171_ses-1/mri

 mri_em_register -uns 3 -mask brainmask.mgz nu.mgz /opt/freesurfer/average/RB_all_2020-01-02.gca transforms/talairach.lta 

setting unknown_nbr_spacing = 3
using MR volume brainmask.mgz to mask input volume...

== Number of threads available to mri_em_register for OpenMP = 16 == 
reading 1 input volumes...
logging results to talairach.log
reading '/opt/freesurfer/average/RB_all_2020-01-02.gca'...
GCAread took 0 minutes and 1 seconds.
average std = 7.2   using min determinant for regularization = 5.2
0 singular and 884 ill-conditioned covariance matrices regularized
reading 'nu.mgz'...
MRImask(): AllowDiffGeom = 1
MRImask(): AllowDiffGeom = 1
MRImask(): AllowDiffGeom = 1
MRImask(): AllowDiffGeom = 1
MRImask(): AllowDiffGeom = 1
freeing gibbs priors...done.
accounting for voxel sizes in initial transform
bounding unknown intensity as < 5.9 or > 519.0 
total sample mean = 79.1 (1017 zeros)
************************************************
spacing=8, using 2841 sample points, tol=1.00e-05...
************************************************
register_mri: find_optimal_transform
find_optimal_transform: nsamples 2841, passno 0, spacing 8
resetting wm mean[0]: 98 --> 107
resetting gm mean[0]: 61 --> 61
input volume #1 is the most T1-like
using real data threshold=25.0
skull bounding box = (58, 54, 36) --> (199, 172, 201)
finding center of left hemi white matter
using (105, 93, 119) as brain centroid of Right_Cerebral_White_Matter...
MRImask(): AllowDiffGeom = 1
mean wm in atlas = 107, using box (88,79,99) --> (122, 107,139) to find MRI wm
before smoothing, mri peak at 105
robust fit to distribution - 108 +- 4.6
after smoothing, mri peak at 108, scaling input intensities by 0.991
scaling channel 0 by 0.990741
initial log_p = -4.003
************************************************
First Search limited to translation only.
************************************************
max log p =    -3.979100 @ (0.000, 0.000, 0.000)
max log p =    -3.720063 @ (-5.263, -5.263, -5.263)
max log p =    -3.567665 @ (2.632, 2.632, -2.632)
max log p =    -3.567665 @ (0.000, 0.000, 0.000)
max log p =    -3.543376 @ (-0.658, 0.658, 0.658)
max log p =    -3.543376 @ (0.000, 0.000, 0.000)
max log p =    -3.543376 @ (0.000, 0.000, 0.000)
max log p =    -3.543376 @ (0.000, 0.000, 0.000)
Found translation: (-3.3, -2.0, -7.2): log p = -3.543
****************************************
Nine parameter search.  iteration 0 nscales = 0 ...
****************************************
Result so far: scale 1.000: max_log_p=-3.477, old_max_log_p =-3.543 (thresh=-3.5)
 1.00000   0.00000   0.00000  -3.28948;
 0.00000   1.07500   0.00000  -11.06849;
 0.00000   0.00000   1.00000  -7.23684;
 0.00000   0.00000   0.00000   1.00000;
iteration took 0 minutes and 10 seconds.
****************************************
Nine parameter search.  iteration 1 nscales = 0 ...
****************************************
Result so far: scale 1.000: max_log_p=-3.477, old_max_log_p =-3.477 (thresh=-3.5)
 1.00000   0.00000   0.00000  -3.28948;
 0.00000   1.07500   0.00000  -11.06849;
 0.00000   0.00000   1.00000  -7.23684;
 0.00000   0.00000   0.00000   1.00000;
reducing scale to 0.2500
iteration took 0 minutes and 34 seconds.
****************************************
Nine parameter search.  iteration 2 nscales = 1 ...
****************************************
Result so far: scale 0.250: max_log_p=-3.411, old_max_log_p =-3.477 (thresh=-3.5)
 1.00000   0.00000   0.00000  -3.28948;
 0.00000   1.07451   0.03149  -12.55959;
 0.00000  -0.03781   1.03686  -8.67812;
 0.00000   0.00000   0.00000   1.00000;
iteration took 0 minutes and 11 seconds.
****************************************
Nine parameter search.  iteration 3 nscales = 1 ...
****************************************
Result so far: scale 0.250: max_log_p=-3.411, old_max_log_p =-3.411 (thresh=-3.4)
 1.00000   0.00000   0.00000  -3.28948;
 0.00000   1.07451   0.03149  -12.55959;
 0.00000  -0.03781   1.03686  -8.67812;
 0.00000   0.00000   0.00000   1.00000;
reducing scale to 0.0625
iteration took 0 minutes and 33 seconds.
****************************************
Nine parameter search.  iteration 4 nscales = 2 ...
****************************************
Result so far: scale 0.062: max_log_p=-3.383, old_max_log_p =-3.411 (thresh=-3.4)
 0.99699   0.03446   0.01794  -8.12558;
-0.03275   1.07521   0.03096  -9.25743;
-0.01630  -0.03767   1.03308  -6.14103;
 0.00000   0.00000   0.00000   1.00000;
iteration took 0 minutes and 10 seconds.
****************************************
Nine parameter search.  iteration 5 nscales = 2 ...
****************************************
Result so far: scale 0.062: max_log_p=-3.382, old_max_log_p =-3.383 (thresh=-3.4)
 0.99699   0.03446   0.01794  -8.12558;
-0.03275   1.07521   0.03096  -9.25743;
-0.01629  -0.03763   1.03187  -6.01029;
 0.00000   0.00000   0.00000   1.00000;
min search scale 0.025000 reached
***********************************************
Computing MAP estimate using 2841 samples...
***********************************************
dt = 5.00e-06, momentum=0.80, tol=1.00e-05
l_intensity = 1.0000
Aligning input volume to GCA...
Transform matrix
 0.99699   0.03446   0.01794  -8.12558;
-0.03275   1.07521   0.03096  -9.25743;
-0.01629  -0.03763   1.03187  -6.01029;
 0.00000   0.00000   0.00000   1.00000;
nsamples 2841
Quasinewton: input matrix
 0.99699   0.03446   0.01794  -8.12558;
-0.03275   1.07521   0.03096  -9.25743;
-0.01629  -0.03763   1.03187  -6.01029;
 0.00000   0.00000   0.00000   1.00000;
 IFLAG= -1  LINE SEARCH FAILED. SEE DOCUMENTATION OF ROUTINE MCSRCH ERROR RETURN OF LINE SEARCH: INFO= 4 POSSIBLE CAUSES: FUNCTION OR GRADIENT ARE INCORRECT OR INCORRECT TOLERANCESoutof QuasiNewtonEMA: 008: -log(p) =   -0.0  tol 0.000010
Resulting transform:
 0.99699   0.03446   0.01794  -8.12558;
-0.03275   1.07521   0.03096  -9.25743;
-0.01629  -0.03763   1.03187  -6.01029;
 0.00000   0.00000   0.00000   1.00000;

pass 1, spacing 8: log(p) = -3.382 (old=-4.003)
transform before final EM align:
 0.99699   0.03446   0.01794  -8.12558;
-0.03275   1.07521   0.03096  -9.25743;
-0.01629  -0.03763   1.03187  -6.01029;
 0.00000   0.00000   0.00000   1.00000;

**************************************************
 EM alignment process ...
 Computing final MAP estimate using 315638 samples. 
**************************************************
dt = 5.00e-06, momentum=0.80, tol=1.00e-07
l_intensity = 1.0000
Aligning input volume to GCA...
Transform matrix
 0.99699   0.03446   0.01794  -8.12558;
-0.03275   1.07521   0.03096  -9.25743;
-0.01629  -0.03763   1.03187  -6.01029;
 0.00000   0.00000   0.00000   1.00000;
nsamples 315638
Quasinewton: input matrix
 0.99699   0.03446   0.01794  -8.12558;
-0.03275   1.07521   0.03096  -9.25743;
-0.01629  -0.03763   1.03187  -6.01029;
 0.00000   0.00000   0.00000   1.00000;
 IFLAG= -1  LINE SEARCH FAILED. SEE DOCUMENTATION OF ROUTINE MCSRCH ERROR RETURN OF LINE SEARCH: INFO= 6 POSSIBLE CAUSES: FUNCTION OR GRADIENT ARE INCORRECT OR INCORRECT TOLERANCESoutof QuasiNewtonEMA: 010: -log(p) =    3.8  tol 0.000000
final transform:
 0.99699   0.03446   0.01794  -8.12558;
-0.03275   1.07521   0.03096  -9.25743;
-0.01629  -0.03763   1.03187  -6.01029;
 0.00000   0.00000   0.00000   1.00000;

writing output transformation to transforms/talairach.lta...
#VMPC# mri_em_register VmPeak  891280
FSRUNTIME@ mri_em_register  0.0368 hours 16 threads
registration took 2 minutes and 13 seconds.

Started at Sun Mar 8 12:55:20 CET 2026 
Ended   at Sun Mar 8 12:57:33 CET 2026
#@#%# recon-all-run-time-hours 0.037
recon-all -s sub-v1s11x0050171_ses-1 finished without error at Sun Mar  8 12:57:33 CET 2026



#New# invocation of recon-all 




Sun Mar  8 12:57:34 CET 2026
cd /out/sourcedata/freesurfer/sub-v1s11x0050171_ses-1
setenv SUBJECTS_DIR /out/sourcedata/freesurfer
/opt/freesurfer/bin/recon-all -autorecon2-volonly -openmp 16 -subjid sub-v1s11x0050171_ses-1 -sd /out/sourcedata/freesurfer -nogcareg

subjid sub-v1s11x0050171_ses-1
setenv SUBJECTS_DIR /out/sourcedata/freesurfer
FREESURFER_HOME /opt/freesurfer
Actual FREESURFER_HOME /opt/freesurfer
build-stamp.txt: freesurfer-linux-ubuntu22_x86_64-7.3.2-20220804-6354275
Linux dna074 5.14.0-427.37.1.el9_4.x86_64 #1 SMP PREEMPT_DYNAMIC Fri Sep 13 12:41:50 EDT 2024 x86_64 x86_64 x86_64 GNU/Linux
cputime      unlimited
filesize     unlimited
datasize     unlimited
stacksize    8192 kbytes
coredumpsize 0 kbytes
memoryuse    67108864 kbytes
vmemoryuse   unlimited
descriptors  1024 
memorylocked unlimited
maxproc      2061970 
maxlocks     unlimited
maxsignal    2062029 
maxmessage   819200 
maxnice      0 
maxrtprio    0 
maxrttime    unlimited

               total        used        free      shared  buff/cache   available
Mem:           503Gi        45Gi       425Gi        11Gi        32Gi       443Gi
Swap:             0B          0B          0B

########################################
program versions used
7.3.2 (freesurfer-linux-ubuntu22_x86_64-7.3.2-20220804-6354275)
7.3.2

ProgramName: lta_convert  ProgramArguments: lta_convert -all-info  ProgramVersion: 7.3.2  TimeStamp: 2026/03/08-11:57:34-GMT  BuildTime: Aug  4 2022 06:17:15  BuildStamp: freesurfer-linux-ubuntu22_x86_64-7.3.2-20220804-6354275  User: oesteban  Machine: dna074  Platform: Linux  PlatformVersion: 5.14.0-427.37.1.el9_4.x86_64  CompilerName: GCC  CompilerVersion: 8.4.0
ProgramName: mri_and  ProgramArguments: mri_and -all-info  ProgramVersion: 7.3.2  TimeStamp: 2026/03/08-11:57:34-GMT  BuildTime: Aug  4 2022 06:17:15  BuildStamp: freesurfer-linux-ubuntu22_x86_64-7.3.2-20220804-6354275  User: oesteban  Machine: dna074  Platform: Linux  PlatformVersion: 5.14.0-427.37.1.el9_4.x86_64  CompilerName: GCC  CompilerVersion: 8.4.0
ProgramName: mri_annotation2label  ProgramArguments: mri_annotation2label -all-info  ProgramVersion: 7.3.2  TimeStamp: 2026/03/08-11:57:34-GMT  BuildTime: Aug  4 2022 06:17:15  BuildStamp: freesurfer-linux-ubuntu22_x86_64-7.3.2-20220804-6354275  User: oesteban  Machine: dna074  Platform: Linux  PlatformVersion: 5.14.0-427.37.1.el9_4.x86_64  CompilerName: GCC  CompilerVersion: 8.4.0
ProgramName: mri_aparc2aseg  ProgramArguments: mri_aparc2aseg -all-info  ProgramVersion: 7.3.2  TimeStamp: 2026/03/08-11:57:34-GMT  BuildTime: Aug  4 2022 06:17:15  BuildStamp: freesurfer-linux-ubuntu22_x86_64-7.3.2-20220804-6354275  User: oesteban  Machine: dna074  Platform: Linux  PlatformVersion: 5.14.0-427.37.1.el9_4.x86_64  CompilerName: GCC  CompilerVersion: 8.4.0
ProgramName: mri_surf2volseg  ProgramArguments: mri_surf2volseg -all-info  ProgramVersion: 7.3.2  TimeStamp: 2026/03/08-11:57:34-GMT  BuildTime: Aug  4 2022 06:17:15  BuildStamp: freesurfer-linux-ubuntu22_x86_64-7.3.2-20220804-6354275  User: oesteban  Machine: dna074  Platform: Linux  PlatformVersion: 5.14.0-427.37.1.el9_4.x86_64  CompilerName: GCC  CompilerVersion: 8.4.0
ProgramName: mri_binarize  ProgramArguments: mri_binarize -all-info  ProgramVersion: 7.3.2  TimeStamp: 2026/03/08-11:57:34-GMT  BuildTime: Aug  4 2022 06:17:15  BuildStamp: freesurfer-linux-ubuntu22_x86_64-7.3.2-20220804-6354275  User: oesteban  Machine: dna074  Platform: Linux  PlatformVersion: 5.14.0-427.37.1.el9_4.x86_64  CompilerName: GCC  CompilerVersion: 8.4.0
ProgramName: mri_ca_label  ProgramArguments: mri_ca_label -all-info  ProgramVersion: 7.3.2  TimeStamp: 2026/03/08-11:57:34-GMT  BuildTime: Aug  4 2022 06:17:15  BuildStamp: freesurfer-linux-ubuntu22_x86_64-7.3.2-20220804-6354275  User: oesteban  Machine: dna074  Platform: Linux  PlatformVersion: 5.14.0-427.37.1.el9_4.x86_64  CompilerName: GCC  CompilerVersion: 8.4.0
ProgramName: mri_ca_normalize  ProgramArguments: mri_ca_normalize -all-info  ProgramVersion: 7.3.2  TimeStamp: 2026/03/08-11:57:34-GMT  BuildTime: Aug  4 2022 06:17:15  BuildStamp: freesurfer-linux-ubuntu22_x86_64-7.3.2-20220804-6354275  User: oesteban  Machine: dna074  Platform: Linux  PlatformVersion: 5.14.0-427.37.1.el9_4.x86_64  CompilerName: GCC  CompilerVersion: 8.4.0
ProgramName: mri_ca_register  ProgramArguments: mri_ca_register -all-info  ProgramVersion: 7.3.2  TimeStamp: 2026/03/08-11:57:34-GMT  BuildTime: Aug  4 2022 06:17:15  BuildStamp: freesurfer-linux-ubuntu22_x86_64-7.3.2-20220804-6354275  User: oesteban  Machine: dna074  Platform: Linux  PlatformVersion: 5.14.0-427.37.1.el9_4.x86_64  CompilerName: GCC  CompilerVersion: 8.4.0
ProgramName: mri_cc  ProgramArguments: mri_cc -all-info  ProgramVersion: 7.3.2  TimeStamp: 2026/03/08-11:57:34-GMT  BuildTime: Aug  4 2022 06:17:15  BuildStamp: freesurfer-linux-ubuntu22_x86_64-7.3.2-20220804-6354275  User: oesteban  Machine: dna074  Platform: Linux  PlatformVersion: 5.14.0-427.37.1.el9_4.x86_64  CompilerName: GCC  CompilerVersion: 8.4.0
ProgramName: mri_compute_overlap  ProgramArguments: mri_compute_overlap -all-info  ProgramVersion: 7.3.2  TimeStamp: 2026/03/08-11:57:34-GMT  BuildTime: Aug  4 2022 06:17:15  BuildStamp: freesurfer-linux-ubuntu22_x86_64-7.3.2-20220804-6354275  User: oesteban  Machine: dna074  Platform: Linux  PlatformVersion: 5.14.0-427.37.1.el9_4.x86_64  CompilerName: GCC  CompilerVersion: 8.4.0
ProgramName: mri_compute_seg_overlap  ProgramArguments: mri_compute_seg_overlap -all-info  ProgramVersion: 7.3.2  TimeStamp: 2026/03/08-11:57:34-GMT  BuildTime: Aug  4 2022 06:17:15  BuildStamp: freesurfer-linux-ubuntu22_x86_64-7.3.2-20220804-6354275  User: oesteban  Machine: dna074  Platform: Linux  PlatformVersion: 5.14.0-427.37.1.el9_4.x86_64  CompilerName: GCC  CompilerVersion: 8.4.0
ProgramName: mri_concat  ProgramArguments: mri_concat -all-info  ProgramVersion: 7.3.2  TimeStamp: 2026/03/08-11:57:34-GMT  BuildTime: Aug  4 2022 06:17:15  BuildStamp: freesurfer-linux-ubuntu22_x86_64-7.3.2-20220804-6354275  User: oesteban  Machine: dna074  Platform: Linux  PlatformVersion: 5.14.0-427.37.1.el9_4.x86_64  CompilerName: GCC  CompilerVersion: 8.4.0
ProgramName: mri_concatenate_lta  ProgramArguments: mri_concatenate_lta -all-info  ProgramVersion: 7.3.2  TimeStamp: 2026/03/08-11:57:34-GMT  BuildTime: Aug  4 2022 06:17:15  BuildStamp: freesurfer-linux-ubuntu22_x86_64-7.3.2-20220804-6354275  User: oesteban  Machine: dna074  Platform: Linux  PlatformVersion: 5.14.0-427.37.1.el9_4.x86_64  CompilerName: GCC  CompilerVersion: 8.4.0
mri_convert -all-info 
ProgramName: mri_convert  ProgramArguments: mri_convert -all-info  ProgramVersion: 7.3.2  TimeStamp: 2026/03/08-11:57:34-GMT  BuildTime: Aug  4 2022 06:17:15  BuildStamp: freesurfer-linux-ubuntu22_x86_64-7.3.2-20220804-6354275  User: oesteban  Machine: dna074  Platform: Linux  PlatformVersion: 5.14.0-427.37.1.el9_4.x86_64  CompilerName: GCC  CompilerVersion: 8.4.0
ProgramName: mri_diff  ProgramArguments: mri_diff -all-info  ProgramVersion: 7.3.2  TimeStamp: 2026/03/08-11:57:34-GMT  BuildTime: Aug  4 2022 06:17:15  BuildStamp: freesurfer-linux-ubuntu22_x86_64-7.3.2-20220804-6354275  User: oesteban  Machine: dna074  Platform: Linux  PlatformVersion: 5.14.0-427.37.1.el9_4.x86_64  CompilerName: GCC  CompilerVersion: 8.4.0
ProgramName: mri_edit_wm_with_aseg  ProgramArguments: mri_edit_wm_with_aseg -all-info  ProgramVersion: 7.3.2  TimeStamp: 2026/03/08-11:57:34-GMT  BuildTime: Aug  4 2022 06:17:15  BuildStamp: freesurfer-linux-ubuntu22_x86_64-7.3.2-20220804-6354275  User: oesteban  Machine: dna074  Platform: Linux  PlatformVersion: 5.14.0-427.37.1.el9_4.x86_64  CompilerName: GCC  CompilerVersion: 8.4.0
ProgramName: mri_em_register  ProgramArguments: mri_em_register -all-info  ProgramVersion: 7.3.2  TimeStamp: 2026/03/08-11:57:34-GMT  BuildTime: Aug  4 2022 06:17:15  BuildStamp: freesurfer-linux-ubuntu22_x86_64-7.3.2-20220804-6354275  User: oesteban  Machine: dna074  Platform: Linux  PlatformVersion: 5.14.0-427.37.1.el9_4.x86_64  CompilerName: GCC  CompilerVersion: 8.4.0
ProgramName: mri_fill  ProgramArguments: mri_fill -all-info  ProgramVersion: 7.3.2  TimeStamp: 2026/03/08-11:57:34-GMT  BuildTime: Aug  4 2022 06:17:15  BuildStamp: freesurfer-linux-ubuntu22_x86_64-7.3.2-20220804-6354275  User: oesteban  Machine: dna074  Platform: Linux  PlatformVersion: 5.14.0-427.37.1.el9_4.x86_64  CompilerName: GCC  CompilerVersion: 8.4.0
ProgramName: mri_fuse_segmentations  ProgramArguments: mri_fuse_segmentations -all-info  ProgramVersion: 7.3.2  TimeStamp: 2026/03/08-11:57:34-GMT  BuildTime: Aug  4 2022 06:17:15  BuildStamp: freesurfer-linux-ubuntu22_x86_64-7.3.2-20220804-6354275  User: oesteban  Machine: dna074  Platform: Linux  PlatformVersion: 5.14.0-427.37.1.el9_4.x86_64  CompilerName: GCC  CompilerVersion: 8.4.0
ProgramName: mri_fwhm  ProgramArguments: mri_fwhm -all-info  ProgramVersion: 7.3.2  TimeStamp: 2026/03/08-11:57:34-GMT  BuildTime: Aug  4 2022 06:17:15  BuildStamp: freesurfer-linux-ubuntu22_x86_64-7.3.2-20220804-6354275  User: oesteban  Machine: dna074  Platform: Linux  PlatformVersion: 5.14.0-427.37.1.el9_4.x86_64  CompilerName: GCC  CompilerVersion: 8.4.0
ProgramName: mri_gcut  ProgramArguments: mri_gcut -all-info  ProgramVersion: 7.3.2  TimeStamp: 2026/03/08-11:57:34-GMT  BuildTime: Aug  4 2022 06:17:15  BuildStamp: freesurfer-linux-ubuntu22_x86_64-7.3.2-20220804-6354275  User: oesteban  Machine: dna074  Platform: Linux  PlatformVersion: 5.14.0-427.37.1.el9_4.x86_64  CompilerName: GCC  CompilerVersion: 8.4.0
ProgramName: mri_info  ProgramArguments: mri_info -all-info  ProgramVersion: 7.3.2  TimeStamp: 2026/03/08-11:57:34-GMT  BuildTime: Aug  4 2022 06:17:15  BuildStamp: freesurfer-linux-ubuntu22_x86_64-7.3.2-20220804-6354275  User: oesteban  Machine: dna074  Platform: Linux  PlatformVersion: 5.14.0-427.37.1.el9_4.x86_64  CompilerName: GCC  CompilerVersion: 8.4.0
ProgramName: mri_label2label  ProgramArguments: mri_label2label -all-info  ProgramVersion: 7.3.2  TimeStamp: 2026/03/08-11:57:34-GMT  BuildTime: Aug  4 2022 06:17:15  BuildStamp: freesurfer-linux-ubuntu22_x86_64-7.3.2-20220804-6354275  User: oesteban  Machine: dna074  Platform: Linux  PlatformVersion: 5.14.0-427.37.1.el9_4.x86_64  CompilerName: GCC  CompilerVersion: 8.4.0
ProgramName: mri_label2vol  ProgramArguments: mri_label2vol -all-info  ProgramVersion: 7.3.2  TimeStamp: 2026/03/08-11:57:34-GMT  BuildTime: Aug  4 2022 06:17:15  BuildStamp: freesurfer-linux-ubuntu22_x86_64-7.3.2-20220804-6354275  User: oesteban  Machine: dna074  Platform: Linux  PlatformVersion: 5.14.0-427.37.1.el9_4.x86_64  CompilerName: GCC  CompilerVersion: 8.4.0
ProgramName: mri_log_likelihood  ProgramArguments: mri_log_likelihood -all-info  ProgramVersion: 7.3.2  TimeStamp: 2026/03/08-11:57:34-GMT  BuildTime: Aug  4 2022 06:17:15  BuildStamp: freesurfer-linux-ubuntu22_x86_64-7.3.2-20220804-6354275  User: oesteban  Machine: dna074  Platform: Linux  PlatformVersion: 5.14.0-427.37.1.el9_4.x86_64  CompilerName: GCC  CompilerVersion: 8.4.0
ProgramName: mri_mask  ProgramArguments: mri_mask -all-info  ProgramVersion: 7.3.2  TimeStamp: 2026/03/08-11:57:34-GMT  BuildTime: Aug  4 2022 06:17:15  BuildStamp: freesurfer-linux-ubuntu22_x86_64-7.3.2-20220804-6354275  User: oesteban  Machine: dna074  Platform: Linux  PlatformVersion: 5.14.0-427.37.1.el9_4.x86_64  CompilerName: GCC  CompilerVersion: 8.4.0
ProgramName: mri_matrix_multiply  ProgramArguments: mri_matrix_multiply -all-info  ProgramVersion: 7.3.2  TimeStamp: 2026/03/08-11:57:34-GMT  BuildTime: Aug  4 2022 06:17:15  BuildStamp: freesurfer-linux-ubuntu22_x86_64-7.3.2-20220804-6354275  User: oesteban  Machine: dna074  Platform: Linux  PlatformVersion: 5.14.0-427.37.1.el9_4.x86_64  CompilerName: GCC  CompilerVersion: 8.4.0
ProgramName: mri_normalize  ProgramArguments: mri_normalize -all-info  ProgramVersion: 7.3.2  TimeStamp: 2026/03/08-11:57:34-GMT  BuildTime: Aug  4 2022 06:17:15  BuildStamp: freesurfer-linux-ubuntu22_x86_64-7.3.2-20220804-6354275  User: oesteban  Machine: dna074  Platform: Linux  PlatformVersion: 5.14.0-427.37.1.el9_4.x86_64  CompilerName: GCC  CompilerVersion: 8.4.0
ProgramName: mri_normalize_tp2  ProgramArguments: mri_normalize_tp2 -all-info  ProgramVersion: 7.3.2  TimeStamp: 2026/03/08-11:57:34-GMT  BuildTime: Aug  4 2022 06:17:15  BuildStamp: freesurfer-linux-ubuntu22_x86_64-7.3.2-20220804-6354275  User: oesteban  Machine: dna074  Platform: Linux  PlatformVersion: 5.14.0-427.37.1.el9_4.x86_64  CompilerName: GCC  CompilerVersion: 8.4.0
ProgramName: mri_or  ProgramArguments: mri_or -all-info  ProgramVersion: 7.3.2  TimeStamp: 2026/03/08-11:57:34-GMT  BuildTime: Aug  4 2022 06:17:15  BuildStamp: freesurfer-linux-ubuntu22_x86_64-7.3.2-20220804-6354275  User: oesteban  Machine: dna074  Platform: Linux  PlatformVersion: 5.14.0-427.37.1.el9_4.x86_64  CompilerName: GCC  CompilerVersion: 8.4.0
ProgramName: mri_relabel_hypointensities  ProgramArguments: mri_relabel_hypointensities -all-info  ProgramVersion: 7.3.2  TimeStamp: 2026/03/08-11:57:34-GMT  BuildTime: Aug  4 2022 06:17:15  BuildStamp: freesurfer-linux-ubuntu22_x86_64-7.3.2-20220804-6354275  User: oesteban  Machine: dna074  Platform: Linux  PlatformVersion: 5.14.0-427.37.1.el9_4.x86_64  CompilerName: GCC  CompilerVersion: 8.4.0
ProgramName: mri_relabel_nonwm_hypos  ProgramArguments: mri_relabel_nonwm_hypos -all-info  ProgramVersion: 7.3.2  TimeStamp: 2026/03/08-11:57:34-GMT  BuildTime: Aug  4 2022 06:17:15  BuildStamp: freesurfer-linux-ubuntu22_x86_64-7.3.2-20220804-6354275  User: oesteban  Machine: dna074  Platform: Linux  PlatformVersion: 5.14.0-427.37.1.el9_4.x86_64  CompilerName: GCC  CompilerVersion: 8.4.0
ProgramName: mri_remove_neck  ProgramArguments: mri_remove_neck -all-info  ProgramVersion: 7.3.2  TimeStamp: 2026/03/08-11:57:34-GMT  BuildTime: Aug  4 2022 06:17:15  BuildStamp: freesurfer-linux-ubuntu22_x86_64-7.3.2-20220804-6354275  User: oesteban  Machine: dna074  Platform: Linux  PlatformVersion: 5.14.0-427.37.1.el9_4.x86_64  CompilerName: GCC  CompilerVersion: 8.4.0
7.3.2

ProgramName: mri_robust_register  ProgramArguments: mri_robust_register -all-info  ProgramVersion: 7.3.2  TimeStamp: 2026/03/08-11:57:34-GMT  BuildTime: Aug  4 2022 06:17:15  BuildStamp: freesurfer-linux-ubuntu22_x86_64-7.3.2-20220804-6354275  User: oesteban  Machine: dna074  Platform: Linux  PlatformVersion: 5.14.0-427.37.1.el9_4.x86_64  CompilerName: GCC  CompilerVersion: 8.4.0
7.3.2

ProgramName: mri_robust_template  ProgramArguments: mri_robust_template -all-info  ProgramVersion: 7.3.2  TimeStamp: 2026/03/08-11:57:34-GMT  BuildTime: Aug  4 2022 06:17:15  BuildStamp: freesurfer-linux-ubuntu22_x86_64-7.3.2-20220804-6354275  User: oesteban  Machine: dna074  Platform: Linux  PlatformVersion: 5.14.0-427.37.1.el9_4.x86_64  CompilerName: GCC  CompilerVersion: 8.4.0
ProgramName: mris_anatomical_stats  ProgramArguments: mris_anatomical_stats -all-info  ProgramVersion: 7.3.2  TimeStamp: 2026/03/08-11:57:34-GMT  BuildTime: Aug  4 2022 06:17:15  BuildStamp: freesurfer-linux-ubuntu22_x86_64-7.3.2-20220804-6354275  User: oesteban  Machine: dna074  Platform: Linux  PlatformVersion: 5.14.0-427.37.1.el9_4.x86_64  CompilerName: GCC  CompilerVersion: 8.4.0
ProgramName: mris_ca_label  ProgramArguments: mris_ca_label -all-info  ProgramVersion: 7.3.2  TimeStamp: 2026/03/08-11:57:34-GMT  BuildTime: Aug  4 2022 06:17:15  BuildStamp: freesurfer-linux-ubuntu22_x86_64-7.3.2-20220804-6354275  User: oesteban  Machine: dna074  Platform: Linux  PlatformVersion: 5.14.0-427.37.1.el9_4.x86_64  CompilerName: GCC  CompilerVersion: 8.4.0
ProgramName: mris_calc  ProgramArguments: mris_calc -all-info  ProgramVersion: 7.3.2  TimeStamp: 2026/03/08-11:57:34-GMT  BuildTime: Aug  4 2022 06:17:15  BuildStamp: freesurfer-linux-ubuntu22_x86_64-7.3.2-20220804-6354275  User: oesteban  Machine: dna074  Platform: Linux  PlatformVersion: 5.14.0-427.37.1.el9_4.x86_64  CompilerName: GCC  CompilerVersion: 8.4.0
ProgramName: mris_convert  ProgramArguments: mris_convert -all-info  ProgramVersion: 7.3.2  TimeStamp: 2026/03/08-11:57:34-GMT  BuildTime: Aug  4 2022 06:17:15  BuildStamp: freesurfer-linux-ubuntu22_x86_64-7.3.2-20220804-6354275  User: oesteban  Machine: dna074  Platform: Linux  PlatformVersion: 5.14.0-427.37.1.el9_4.x86_64  CompilerName: GCC  CompilerVersion: 8.4.0
ProgramName: mris_curvature  ProgramArguments: mris_curvature -all-info  ProgramVersion: 7.3.2  TimeStamp: 2026/03/08-11:57:34-GMT  BuildTime: Aug  4 2022 06:17:15  BuildStamp: freesurfer-linux-ubuntu22_x86_64-7.3.2-20220804-6354275  User: oesteban  Machine: dna074  Platform: Linux  PlatformVersion: 5.14.0-427.37.1.el9_4.x86_64  CompilerName: GCC  CompilerVersion: 8.4.0
ProgramName: mris_curvature_stats  ProgramArguments: mris_curvature_stats -all-info  ProgramVersion: 7.3.2  TimeStamp: 2026/03/08-11:57:34-GMT  BuildTime: Aug  4 2022 06:17:15  BuildStamp: freesurfer-linux-ubuntu22_x86_64-7.3.2-20220804-6354275  User: oesteban  Machine: dna074  Platform: Linux  PlatformVersion: 5.14.0-427.37.1.el9_4.x86_64  CompilerName: GCC  CompilerVersion: 8.4.0
ProgramName: mris_diff  ProgramArguments: mris_diff -all-info  ProgramVersion: 7.3.2  TimeStamp: 2026/03/08-11:57:34-GMT  BuildTime: Aug  4 2022 06:17:15  BuildStamp: freesurfer-linux-ubuntu22_x86_64-7.3.2-20220804-6354275  User: oesteban  Machine: dna074  Platform: Linux  PlatformVersion: 5.14.0-427.37.1.el9_4.x86_64  CompilerName: GCC  CompilerVersion: 8.4.0
ProgramName: mris_divide_parcellation  ProgramArguments: mris_divide_parcellation -all-info  ProgramVersion: 7.3.2  TimeStamp: 2026/03/08-11:57:34-GMT  BuildTime: Aug  4 2022 06:17:15  BuildStamp: freesurfer-linux-ubuntu22_x86_64-7.3.2-20220804-6354275  User: oesteban  Machine: dna074  Platform: Linux  PlatformVersion: 5.14.0-427.37.1.el9_4.x86_64  CompilerName: GCC  CompilerVersion: 8.4.0
ProgramName: mri_segment  ProgramArguments: mri_segment -all-info  ProgramVersion: 7.3.2  TimeStamp: 2026/03/08-11:57:34-GMT  BuildTime: Aug  4 2022 06:17:15  BuildStamp: freesurfer-linux-ubuntu22_x86_64-7.3.2-20220804-6354275  User: oesteban  Machine: dna074  Platform: Linux  PlatformVersion: 5.14.0-427.37.1.el9_4.x86_64  CompilerName: GCC  CompilerVersion: 8.4.0
ProgramName: mri_segstats  ProgramArguments: mri_segstats -all-info  ProgramVersion: 7.3.2  TimeStamp: 2026/03/08-11:57:34-GMT  BuildTime: Aug  4 2022 06:17:15  BuildStamp: freesurfer-linux-ubuntu22_x86_64-7.3.2-20220804-6354275  User: oesteban  Machine: dna074  Platform: Linux  PlatformVersion: 5.14.0-427.37.1.el9_4.x86_64  CompilerName: GCC  CompilerVersion: 8.4.0
ProgramName: mris_euler_number  ProgramArguments: mris_euler_number -all-info  ProgramVersion: 7.3.2  TimeStamp: 2026/03/08-11:57:34-GMT  BuildTime: Aug  4 2022 06:17:15  BuildStamp: freesurfer-linux-ubuntu22_x86_64-7.3.2-20220804-6354275  User: oesteban  Machine: dna074  Platform: Linux  PlatformVersion: 5.14.0-427.37.1.el9_4.x86_64  CompilerName: GCC  CompilerVersion: 8.4.0
ProgramName: mris_fix_topology  ProgramArguments: mris_fix_topology -all-info  ProgramVersion: 7.3.2  TimeStamp: 2026/03/08-11:57:34-GMT  BuildTime: Aug  4 2022 06:17:15  BuildStamp: freesurfer-linux-ubuntu22_x86_64-7.3.2-20220804-6354275  User: oesteban  Machine: dna074  Platform: Linux  PlatformVersion: 5.14.0-427.37.1.el9_4.x86_64  CompilerName: GCC  CompilerVersion: 8.4.0
ProgramName: mris_topo_fixer  ProgramArguments: mris_topo_fixer -all-info  ProgramVersion: 7.3.2  TimeStamp: 2026/03/08-11:57:34-GMT  BuildTime: Aug  4 2022 06:17:15  BuildStamp: freesurfer-linux-ubuntu22_x86_64-7.3.2-20220804-6354275  User: oesteban  Machine: dna074  Platform: Linux  PlatformVersion: 5.14.0-427.37.1.el9_4.x86_64  CompilerName: GCC  CompilerVersion: 8.4.0
ProgramName: mris_jacobian  ProgramArguments: mris_jacobian -all-info  ProgramVersion: 7.3.2  TimeStamp: 2026/03/08-11:57:34-GMT  BuildTime: Aug  4 2022 06:17:15  BuildStamp: freesurfer-linux-ubuntu22_x86_64-7.3.2-20220804-6354275  User: oesteban  Machine: dna074  Platform: Linux  PlatformVersion: 5.14.0-427.37.1.el9_4.x86_64  CompilerName: GCC  CompilerVersion: 8.4.0
ProgramName: mris_label2annot  ProgramArguments: mris_label2annot -all-info  ProgramVersion: 7.3.2  TimeStamp: 2026/03/08-11:57:34-GMT  BuildTime: Aug  4 2022 06:17:15  BuildStamp: freesurfer-linux-ubuntu22_x86_64-7.3.2-20220804-6354275  User: oesteban  Machine: dna074  Platform: Linux  PlatformVersion: 5.14.0-427.37.1.el9_4.x86_64  CompilerName: GCC  CompilerVersion: 8.4.0
ProgramName: mris_left_right_register  ProgramArguments: mris_left_right_register -all-info  ProgramVersion: 7.3.2  TimeStamp: 2026/03/08-11:57:34-GMT  BuildTime: Aug  4 2022 06:17:15  BuildStamp: freesurfer-linux-ubuntu22_x86_64-7.3.2-20220804-6354275  User: oesteban  Machine: dna074  Platform: Linux  PlatformVersion: 5.14.0-427.37.1.el9_4.x86_64  CompilerName: GCC  CompilerVersion: 8.4.0
ProgramName: mris_place_surface  ProgramArguments: mris_place_surface -all-info  ProgramVersion: 7.3.2  TimeStamp: 2026/03/08-11:57:34-GMT  BuildTime: Aug  4 2022 06:17:15  BuildStamp: freesurfer-linux-ubuntu22_x86_64-7.3.2-20220804-6354275  User: oesteban  Machine: dna074  Platform: Linux  PlatformVersion: 5.14.0-427.37.1.el9_4.x86_64  CompilerName: GCC  CompilerVersion: 8.4.0
ProgramName: mrisp_paint  ProgramArguments: mrisp_paint -all-info  ProgramVersion: 7.3.2  TimeStamp: 2026/03/08-11:57:34-GMT  BuildTime: Aug  4 2022 06:17:15  BuildStamp: freesurfer-linux-ubuntu22_x86_64-7.3.2-20220804-6354275  User: oesteban  Machine: dna074  Platform: Linux  PlatformVersion: 5.14.0-427.37.1.el9_4.x86_64  CompilerName: GCC  CompilerVersion: 8.4.0
ProgramName: mris_register  ProgramArguments: mris_register -all-info  ProgramVersion: 7.3.2  TimeStamp: 2026/03/08-11:57:34-GMT  BuildTime: Aug  4 2022 06:17:15  BuildStamp: freesurfer-linux-ubuntu22_x86_64-7.3.2-20220804-6354275  User: oesteban  Machine: dna074  Platform: Linux  PlatformVersion: 5.14.0-427.37.1.el9_4.x86_64  CompilerName: GCC  CompilerVersion: 8.4.0
ProgramName: mris_smooth  ProgramArguments: mris_smooth -all-info  ProgramVersion: 7.3.2  TimeStamp: 2026/03/08-11:57:34-GMT  BuildTime: Aug  4 2022 06:17:15  BuildStamp: freesurfer-linux-ubuntu22_x86_64-7.3.2-20220804-6354275  User: oesteban  Machine: dna074  Platform: Linux  PlatformVersion: 5.14.0-427.37.1.el9_4.x86_64  CompilerName: GCC  CompilerVersion: 8.4.0
ProgramName: mris_sphere  ProgramArguments: mris_sphere -all-info  ProgramVersion: 7.3.2  TimeStamp: 2026/03/08-11:57:34-GMT  BuildTime: Aug  4 2022 06:17:15  BuildStamp: freesurfer-linux-ubuntu22_x86_64-7.3.2-20220804-6354275  User: oesteban  Machine: dna074  Platform: Linux  PlatformVersion: 5.14.0-427.37.1.el9_4.x86_64  CompilerName: GCC  CompilerVersion: 8.4.0
ProgramName: mris_surface_stats  ProgramArguments: mris_surface_stats -all-info  ProgramVersion: 7.3.2  TimeStamp: 2026/03/08-11:57:34-GMT  BuildTime: Aug  4 2022 06:17:15  BuildStamp: freesurfer-linux-ubuntu22_x86_64-7.3.2-20220804-6354275  User: oesteban  Machine: dna074  Platform: Linux  PlatformVersion: 5.14.0-427.37.1.el9_4.x86_64  CompilerName: GCC  CompilerVersion: 8.4.0
ProgramName: mri_stats2seg  ProgramArguments: mri_stats2seg -all-info  ProgramVersion: 7.3.2  TimeStamp: 2026/03/08-11:57:34-GMT  BuildTime: Aug  4 2022 06:17:15  BuildStamp: freesurfer-linux-ubuntu22_x86_64-7.3.2-20220804-6354275  User: oesteban  Machine: dna074  Platform: Linux  PlatformVersion: 5.14.0-427.37.1.el9_4.x86_64  CompilerName: GCC  CompilerVersion: 8.4.0
ProgramName: mris_thickness  ProgramArguments: mris_thickness -all-info  ProgramVersion: 7.3.2  TimeStamp: 2026/03/08-11:57:34-GMT  BuildTime: Aug  4 2022 06:17:15  BuildStamp: freesurfer-linux-ubuntu22_x86_64-7.3.2-20220804-6354275  User: oesteban  Machine: dna074  Platform: Linux  PlatformVersion: 5.14.0-427.37.1.el9_4.x86_64  CompilerName: GCC  CompilerVersion: 8.4.0
ProgramName: mris_thickness_diff  ProgramArguments: mris_thickness_diff -all-info  ProgramVersion: 7.3.2  TimeStamp: 2026/03/08-11:57:34-GMT  BuildTime: Aug  4 2022 06:17:15  BuildStamp: freesurfer-linux-ubuntu22_x86_64-7.3.2-20220804-6354275  User: oesteban  Machine: dna074  Platform: Linux  PlatformVersion: 5.14.0-427.37.1.el9_4.x86_64  CompilerName: GCC  CompilerVersion: 8.4.0
ProgramName: mris_topo_fixer  ProgramArguments: mris_topo_fixer -all-info  ProgramVersion: 7.3.2  TimeStamp: 2026/03/08-11:57:34-GMT  BuildTime: Aug  4 2022 06:17:15  BuildStamp: freesurfer-linux-ubuntu22_x86_64-7.3.2-20220804-6354275  User: oesteban  Machine: dna074  Platform: Linux  PlatformVersion: 5.14.0-427.37.1.el9_4.x86_64  CompilerName: GCC  CompilerVersion: 8.4.0
ProgramName: mri_surf2surf  ProgramArguments: mri_surf2surf -all-info  ProgramVersion: 7.3.2  TimeStamp: 2026/03/08-11:57:34-GMT  BuildTime: Aug  4 2022 06:17:15  BuildStamp: freesurfer-linux-ubuntu22_x86_64-7.3.2-20220804-6354275  User: oesteban  Machine: dna074  Platform: Linux  PlatformVersion: 5.14.0-427.37.1.el9_4.x86_64  CompilerName: GCC  CompilerVersion: 8.4.0
ProgramName: mri_surf2vol  ProgramArguments: mri_surf2vol -all-info  ProgramVersion: 7.3.2  TimeStamp: 2026/03/08-11:57:34-GMT  BuildTime: Aug  4 2022 06:17:15  BuildStamp: freesurfer-linux-ubuntu22_x86_64-7.3.2-20220804-6354275  User: oesteban  Machine: dna074  Platform: Linux  PlatformVersion: 5.14.0-427.37.1.el9_4.x86_64  CompilerName: GCC  CompilerVersion: 8.4.0
ProgramName: mri_surfcluster  ProgramArguments: mri_surfcluster -all-info  ProgramVersion: 7.3.2  TimeStamp: 2026/03/08-11:57:34-GMT  BuildTime: Aug  4 2022 06:17:15  BuildStamp: freesurfer-linux-ubuntu22_x86_64-7.3.2-20220804-6354275  User: oesteban  Machine: dna074  Platform: Linux  PlatformVersion: 5.14.0-427.37.1.el9_4.x86_64  CompilerName: GCC  CompilerVersion: 8.4.0
ProgramName: mris_volmask  ProgramArguments: mris_volmask -all-info  ProgramVersion: 7.3.2  TimeStamp: 2026/03/08-11:57:34-GMT  BuildTime: Aug  4 2022 06:17:15  BuildStamp: freesurfer-linux-ubuntu22_x86_64-7.3.2-20220804-6354275  User: oesteban  Machine: dna074  Platform: Linux  PlatformVersion: 5.14.0-427.37.1.el9_4.x86_64  CompilerName: GCC  CompilerVersion: 8.4.0
ProgramName: mri_tessellate  ProgramArguments: mri_tessellate -all-info  ProgramVersion: 7.3.2  TimeStamp: 2026/03/08-11:57:34-GMT  BuildTime: Aug  4 2022 06:17:15  BuildStamp: freesurfer-linux-ubuntu22_x86_64-7.3.2-20220804-6354275  User: oesteban  Machine: dna074  Platform: Linux  PlatformVersion: 5.14.0-427.37.1.el9_4.x86_64  CompilerName: GCC  CompilerVersion: 8.4.0
ProgramName: mri_vol2surf  ProgramArguments: mri_vol2surf -all-info  ProgramVersion: 7.3.2  TimeStamp: 2026/03/08-11:57:34-GMT  BuildTime: Aug  4 2022 06:17:15  BuildStamp: freesurfer-linux-ubuntu22_x86_64-7.3.2-20220804-6354275  User: oesteban  Machine: dna074  Platform: Linux  PlatformVersion: 5.14.0-427.37.1.el9_4.x86_64  CompilerName: GCC  CompilerVersion: 8.4.0
ProgramName: mri_vol2vol  ProgramArguments: mri_vol2vol -all-info  ProgramVersion: 7.3.2  TimeStamp: 2026/03/08-11:57:35-GMT  BuildTime: Aug  4 2022 06:17:15  BuildStamp: freesurfer-linux-ubuntu22_x86_64-7.3.2-20220804-6354275  User: oesteban  Machine: dna074  Platform: Linux  PlatformVersion: 5.14.0-427.37.1.el9_4.x86_64  CompilerName: GCC  CompilerVersion: 8.4.0
ProgramName: mri_voldiff  ProgramArguments: mri_voldiff -all-info  ProgramVersion: 7.3.2  TimeStamp: 2026/03/08-11:57:35-GMT  BuildTime: Aug  4 2022 06:17:15  BuildStamp: freesurfer-linux-ubuntu22_x86_64-7.3.2-20220804-6354275  User: oesteban  Machine: dna074  Platform: Linux  PlatformVersion: 5.14.0-427.37.1.el9_4.x86_64  CompilerName: GCC  CompilerVersion: 8.4.0
ProgramName: mri_watershed  ProgramArguments: mri_watershed -all-info  ProgramVersion: 7.3.2  TimeStamp: 2026/03/08-11:57:35-GMT  BuildTime: Aug  4 2022 06:17:15  BuildStamp: freesurfer-linux-ubuntu22_x86_64-7.3.2-20220804-6354275  User: oesteban  Machine: dna074  Platform: Linux  PlatformVersion: 5.14.0-427.37.1.el9_4.x86_64  CompilerName: GCC  CompilerVersion: 8.4.0
ProgramName: tkregister2  ProgramArguments: tkregister2_cmdl -all-info  ProgramVersion: 7.3.2  TimeStamp: 2026/03/08-11:57:35-GMT  BuildTime: Aug  4 2022 06:17:15  BuildStamp: freesurfer-linux-ubuntu22_x86_64-7.3.2-20220804-6354275  User: oesteban  Machine: dna074  Platform: Linux  PlatformVersion: 5.14.0-427.37.1.el9_4.x86_64  CompilerName: GCC  CompilerVersion: 8.4.0
mri_motion_correct.fsl 7.3.2
mri_convert -all-info 
ProgramName: mri_convert  ProgramArguments: mri_convert -all-info  ProgramVersion: 7.3.2  TimeStamp: 2026/03/08-11:57:35-GMT  BuildTime: Aug  4 2022 06:17:15  BuildStamp: freesurfer-linux-ubuntu22_x86_64-7.3.2-20220804-6354275  User: oesteban  Machine: dna074  Platform: Linux  PlatformVersion: 5.14.0-427.37.1.el9_4.x86_64  CompilerName: GCC  CompilerVersion: 8.4.0
Program nu_correct, built from:
Package MNI N3, version 1.12.0, compiled by nicks@terrier (x86_64-unknown-linux-gnu) on 2015-06-19 at 01:25:34
#######################################
GCADIR /opt/freesurfer/average
GCA RB_all_2020-01-02.gca
GCASkull RB_all_withskull_2020_01_02.gca
AvgCurvTif folding.atlas.acfb40.noaparc.i12.2016-08-02.tif
GCSDIR /opt/freesurfer/average
GCS DKaparc.atlas.acfb40.noaparc.i12.2016-08-02.gcs
#######################################
#--------------------------------------
#@# CA Normalize Sun Mar  8 12:57:35 CET 2026
/out/sourcedata/freesurfer/sub-v1s11x0050171_ses-1/mri

 mri_ca_normalize -c ctrl_pts.mgz -mask brainmask.mgz nu.mgz /opt/freesurfer/average/RB_all_2020-01-02.gca transforms/talairach.lta norm.mgz 

writing control point volume to ctrl_pts.mgz
using MR volume brainmask.mgz to mask input volume...
reading 1 input volume
reading atlas from '/opt/freesurfer/average/RB_all_2020-01-02.gca'...
reading transform from 'transforms/talairach.lta'...
reading input volume from nu.mgz...
resetting wm mean[0]: 98 --> 107
resetting gm mean[0]: 61 --> 61
input volume #1 is the most T1-like
using real data threshold=25.0
skull bounding box = (58, 54, 36) --> (199, 172, 201)
finding center of left hemi white matter
using (105, 93, 119) as brain centroid of Right_Cerebral_White_Matter...
mean wm in atlas = 107, using box (88,79,99) --> (122, 107,139) to find MRI wm
before smoothing, mri peak at 105
robust fit to distribution - 108 +- 4.6
after smoothing, mri peak at 108, scaling input intensities by 0.991
scaling channel 0 by 0.990741
using 246437 sample points...
INFO: compute sample coordinates transform
 0.99699   0.03446   0.01794  -8.12558;
-0.03275   1.07521   0.03096  -9.25743;
-0.01629  -0.03763   1.03187  -6.01029;
 0.00000   0.00000   0.00000   1.00000;
INFO: transform used
finding control points in Left_Cerebral_White_Matter....
found 40230 control points for structure...
bounding box (128, 58, 38) --> (195, 168, 201)
Left_Cerebral_White_Matter: limiting intensities to 97.0 --> 132.0
0 of 7095 (0.0%) samples deleted
finding control points in Right_Cerebral_White_Matter....
found 39478 control points for structure...
bounding box (63, 58, 37) --> (131, 168, 200)
Right_Cerebral_White_Matter: limiting intensities to 95.0 --> 132.0
5 of 6921 (0.1%) samples deleted
finding control points in Left_Cerebellum_White_Matter....
found 3105 control points for structure...
bounding box (130, 135, 61) --> (177, 179, 113)
Left_Cerebellum_White_Matter: limiting intensities to 94.0 --> 132.0
8 of 495 (1.6%) samples deleted
finding control points in Right_Cerebellum_White_Matter....
found 2710 control points for structure...
bounding box (83, 135, 58) --> (128, 177, 114)
Right_Cerebellum_White_Matter: limiting intensities to 91.0 --> 132.0
0 of 314 (0.0%) samples deleted
finding control points in Brain_Stem....
found 3475 control points for structure...
bounding box (111, 130, 95) --> (146, 194, 124)
Brain_Stem: limiting intensities to 88.0 --> 132.0
0 of 677 (0.0%) samples deleted
using 15502 total control points for intensity normalization...
bias field = 0.962 +- 0.065
58 of 15489 control points discarded
finding control points in Left_Cerebral_White_Matter....
found 40230 control points for structure...
bounding box (128, 58, 38) --> (195, 168, 201)
Left_Cerebral_White_Matter: limiting intensities to 92.0 --> 124.0
1 of 7284 (0.0%) samples deleted
finding control points in Right_Cerebral_White_Matter....
found 39478 control points for structure...
bounding box (63, 58, 37) --> (131, 168, 200)
Right_Cerebral_White_Matter: limiting intensities to 90.0 --> 124.0
9 of 7100 (0.1%) samples deleted
finding control points in Left_Cerebellum_White_Matter....
found 3105 control points for structure...
bounding box (130, 135, 61) --> (177, 179, 113)
Left_Cerebellum_White_Matter: limiting intensities to 88.0 --> 124.0
36 of 535 (6.7%) samples deleted
finding control points in Right_Cerebellum_White_Matter....
found 2710 control points for structure...
bounding box (83, 135, 58) --> (128, 177, 114)
Right_Cerebellum_White_Matter: limiting intensities to 88.0 --> 124.0
84 of 386 (21.8%) samples deleted
finding control points in Brain_Stem....
found 3475 control points for structure...
bounding box (111, 130, 95) --> (146, 194, 124)
Brain_Stem: limiting intensities to 88.0 --> 124.0
120 of 784 (15.3%) samples deleted
using 16089 total control points for intensity normalization...
bias field = 1.016 +- 0.050
56 of 15764 control points discarded
finding control points in Left_Cerebral_White_Matter....
found 40230 control points for structure...
bounding box (128, 58, 38) --> (195, 168, 201)
Left_Cerebral_White_Matter: limiting intensities to 91.0 --> 125.0
1 of 7269 (0.0%) samples deleted
finding control points in Right_Cerebral_White_Matter....
found 39478 control points for structure...
bounding box (63, 58, 37) --> (131, 168, 200)
Right_Cerebral_White_Matter: limiting intensities to 90.0 --> 125.0
14 of 7134 (0.2%) samples deleted
finding control points in Left_Cerebellum_White_Matter....
found 3105 control points for structure...
bounding box (130, 135, 61) --> (177, 179, 113)
Left_Cerebellum_White_Matter: limiting intensities to 88.0 --> 125.0
186 of 567 (32.8%) samples deleted
finding control points in Right_Cerebellum_White_Matter....
found 2710 control points for structure...
bounding box (83, 135, 58) --> (128, 177, 114)
Right_Cerebellum_White_Matter: limiting intensities to 88.0 --> 125.0
207 of 399 (51.9%) samples deleted
finding control points in Brain_Stem....
found 3475 control points for structure...
bounding box (111, 130, 95) --> (146, 194, 124)
Brain_Stem: limiting intensities to 88.0 --> 125.0
424 of 852 (49.8%) samples deleted
using 16221 total control points for intensity normalization...
bias field = 1.015 +- 0.041
46 of 15250 control points discarded
writing normalized volume to norm.mgz...
writing control points to ctrl_pts.mgz
freeing GCA...done.
normalization took 0 minutes and 52 seconds.
#--------------------------------------
#@# CA Reg Sun Mar  8 12:58:27 CET 2026
/out/sourcedata/freesurfer/sub-v1s11x0050171_ses-1/mri

 mri_ca_register -nobigventricles -T transforms/talairach.lta -align-after -mask brainmask.mgz norm.mgz /opt/freesurfer/average/RB_all_2020-01-02.gca transforms/talairach.m3z 

not handling expanded ventricles...
using previously computed transform transforms/talairach.lta
renormalizing sequences with structure alignment, equivalent to:
	-renormalize
	-regularize_mean 0.500
	-regularize 0.500
using MR volume brainmask.mgz to mask input volume...

== Number of threads available to mri_ca_register for OpenMP = 16 == 
reading 1 input volumes...
logging results to talairach.log
reading input volume 'norm.mgz'...
reading GCA '/opt/freesurfer/average/RB_all_2020-01-02.gca'...
label assignment complete, 0 changed (0.00%)
freeing gibbs priors...done.
average std[0] = 5.0
Starting GCAMregister()
label assignment complete, 0 changed (0.00%)
npasses = 1, nlevels = 6
#pass# 1 of 1 ************************
enabling zero nodes
setting smoothness cost coefficient to 0.156

#GCAMreg# pass 0 level1 5 level2 0 tsec 0 sigma 2
l_jacobian=1.00 l_label=1.00 l_log_likelihood=0.20 l_smoothness=0.16 
tol=2.50e-01, dt=5.00e-02, exp_k=20.0, momentum=0.90, levels=6, niter=500, lbl_dist=10.00, avgs=256, sigma=2.0,type=2, relabel=0, neg=no

blurring input image with Gaussian with sigma=2.000...
GCAMRegisterLevel(): init RMS 0.779064
#FOTS# QuadFit found better minimum quadopt=(dt=244.916,rms=0.711937) vs oldopt=(dt=92.48,rms=0.734677)
#GCMRL#    0 dt 244.915663 rms  0.712  8.616% neg 0  invalid 762 tFOTS 3.8090 tGradient 2.5710 tsec 6.6980
#FOTS# QuadFit found better minimum quadopt=(dt=135.743,rms=0.697756) vs oldopt=(dt=92.48,rms=0.699462)
#GCMRL#    1 dt 135.743210 rms  0.698  1.992% neg 0  invalid 762 tFOTS 3.5850 tGradient 2.2810 tsec 6.1650
#FOTS# QuadFit found better minimum quadopt=(dt=443.904,rms=0.687705) vs oldopt=(dt=369.92,rms=0.688111)
#GCMRL#    2 dt 443.904000 rms  0.688  1.440% neg 0  invalid 762 tFOTS 3.7780 tGradient 2.2400 tsec 6.3090
#FOTS# QuadFit found better minimum quadopt=(dt=132.414,rms=0.684166) vs oldopt=(dt=92.48,rms=0.684664)
#GCMRL#    3 dt 132.413793 rms  0.684  0.515% neg 0  invalid 762 tFOTS 4.0430 tGradient 2.4540 tsec 6.7980
#FOTS# QuadFit found better minimum quadopt=(dt=517.888,rms=0.680648) vs oldopt=(dt=369.92,rms=0.68115)
#GCMRL#    4 dt 517.888000 rms  0.681  0.514% neg 0  invalid 762 tFOTS 4.8310 tGradient 2.4110 tsec 7.6000
#FOTS# QuadFit found better minimum quadopt=(dt=129.472,rms=0.678677) vs oldopt=(dt=92.48,rms=0.678892)
#GCMRL#    5 dt 129.472000 rms  0.679  0.290% neg 0  invalid 762 tFOTS 5.2380 tGradient 2.8990 tsec 8.4790
#FOTS# QuadFit found better minimum quadopt=(dt=517.888,rms=0.677241) vs oldopt=(dt=369.92,rms=0.6773)
#GCMRL#    6 dt 517.888000 rms  0.677  0.000% neg 0  invalid 762 tFOTS 5.0670 tGradient 2.9090 tsec 8.3520

#GCAMreg# pass 0 level1 5 level2 1 tsec 62.108 sigma 0.5
l_jacobian=1.00 l_label=1.00 l_log_likelihood=0.20 l_smoothness=0.16 
tol=2.50e-01, dt=5.00e-02, exp_k=20.0, momentum=0.90, levels=6, niter=500, lbl_dist=10.00, avgs=256, sigma=0.5,type=2, relabel=0, neg=no

blurring input image with Gaussian with sigma=0.500...
GCAMRegisterLevel(): init RMS 0.677784
#FOTS# QuadFit found better minimum quadopt=(dt=129.472,rms=0.674385) vs oldopt=(dt=92.48,rms=0.674916)
#GCMRL#    8 dt 129.472000 rms  0.674  0.502% neg 0  invalid 762 tFOTS 3.2450 tGradient 2.5720 tsec 6.0660
#FOTS# QuadFit found better minimum quadopt=(dt=517.888,rms=0.67174) vs oldopt=(dt=369.92,rms=0.672251)
#GCMRL#    9 dt 517.888000 rms  0.672  0.392% neg 0  invalid 762 tFOTS 3.3420 tGradient 2.4440 tsec 6.0490
#FOTS# QuadFit found better minimum quadopt=(dt=295.936,rms=0.671111) vs oldopt=(dt=369.92,rms=0.671193)
#GCMRL#   10 dt 295.936000 rms  0.671  0.000% neg 0  invalid 762 tFOTS 3.5300 tGradient 2.4620 tsec 6.2650
#GCMRL#   11 dt 295.936000 rms  0.670  0.131% neg 0  invalid 762 tFOTS 0.0000 tGradient 2.4370 tsec 2.6820
#GCMRL#   12 dt 295.936000 rms  0.669  0.249% neg 0  invalid 762 tFOTS 0.0000 tGradient 2.4240 tsec 2.6610
#GCMRL#   13 dt 295.936000 rms  0.667  0.230% neg 0  invalid 762 tFOTS 0.0000 tGradient 2.5040 tsec 2.7460
#GCMRL#   14 dt 295.936000 rms  0.665  0.285% neg 0  invalid 762 tFOTS 0.0000 tGradient 2.4350 tsec 2.6680
#GCMRL#   15 dt 295.936000 rms  0.663  0.325% neg 0  invalid 762 tFOTS 0.0000 tGradient 2.6520 tsec 2.8940
#GCMRL#   16 dt 295.936000 rms  0.661  0.284% neg 0  invalid 762 tFOTS 0.0000 tGradient 2.6580 tsec 2.8880
#GCMRL#   17 dt 295.936000 rms  0.659  0.264% neg 0  invalid 762 tFOTS 0.0000 tGradient 2.3260 tsec 2.5530
#GCMRL#   18 dt 295.936000 rms  0.658  0.229% neg 0  invalid 762 tFOTS 0.0000 tGradient 2.6230 tsec 2.8600
#GCMRL#   19 dt 295.936000 rms  0.656  0.208% neg 0  invalid 762 tFOTS 0.0000 tGradient 2.3830 tsec 2.6160
#GCMRL#   20 dt 295.936000 rms  0.655  0.179% neg 0  invalid 762 tFOTS 0.0000 tGradient 2.2940 tsec 2.5130
#GCMRL#   21 dt 295.936000 rms  0.654  0.157% neg 0  invalid 762 tFOTS 0.0000 tGradient 2.4430 tsec 2.6620
#GCMRL#   22 dt 295.936000 rms  0.653  0.155% neg 0  invalid 762 tFOTS 0.0000 tGradient 2.3990 tsec 2.6190
#GCMRL#   23 dt 295.936000 rms  0.653  0.109% neg 0  invalid 762 tFOTS 0.0000 tGradient 2.3740 tsec 2.6390
#GCMRL#   24 dt 295.936000 rms  0.652  0.101% neg 0  invalid 762 tFOTS 0.0000 tGradient 2.7180 tsec 2.9820
#FOTS# QuadFit found better minimum quadopt=(dt=129.472,rms=0.651744) vs oldopt=(dt=92.48,rms=0.651764)
#GCMRL#   25 dt 129.472000 rms  0.652  0.000% neg 0  invalid 762 tFOTS 3.3110 tGradient 2.2920 tsec 5.8730
#GCMRL#   26 dt 129.472000 rms  0.652  0.007% neg 0  invalid 762 tFOTS 0.0000 tGradient 2.2850 tsec 2.5180
#GCMRL#   27 dt 129.472000 rms  0.652  0.005% neg 0  invalid 762 tFOTS 0.0000 tGradient 2.6510 tsec 2.8930
setting smoothness cost coefficient to 0.615

#GCAMreg# pass 0 level1 4 level2 0 tsec 0 sigma 2
l_jacobian=1.00 l_label=1.00 l_log_likelihood=0.20 l_smoothness=0.62 
tol=2.50e-01, dt=5.00e-02, exp_k=20.0, momentum=0.90, levels=6, niter=500, lbl_dist=10.00, avgs=64, sigma=2.0,type=2, relabel=0, neg=no

blurring input image with Gaussian with sigma=2.000...
GCAMRegisterLevel(): init RMS 0.66163
#FOTS# QuadFit found better minimum quadopt=(dt=31.104,rms=0.660496) vs oldopt=(dt=25.92,rms=0.660516)
#GCMRL#   29 dt  31.104000 rms  0.660  0.171% neg 0  invalid 762 tFOTS 3.6940 tGradient 1.8850 tsec 5.8720
#FOTS# QuadFit found better minimum quadopt=(dt=31.104,rms=0.660186) vs oldopt=(dt=25.92,rms=0.660196)
#GCMRL#   30 dt  31.104000 rms  0.660  0.000% neg 0  invalid 762 tFOTS 3.4560 tGradient 1.8770 tsec 5.6500
#GCMRL#   31 dt  31.104000 rms  0.660  0.052% neg 0  invalid 762 tFOTS 0.0000 tGradient 2.2220 tsec 2.5140
#GCMRL#   32 dt  31.104000 rms  0.659  0.055% neg 0  invalid 762 tFOTS 0.0000 tGradient 2.0840 tsec 2.3350
#GCMRL#   33 dt  31.104000 rms  0.659  0.048% neg 0  invalid 762 tFOTS 0.0000 tGradient 1.8950 tsec 2.1460
#GCMRL#   34 dt  31.104000 rms  0.659  0.099% neg 0  invalid 762 tFOTS 0.0000 tGradient 1.9750 tsec 2.2280
#GCMRL#   35 dt  31.104000 rms  0.657  0.240% neg 0  invalid 762 tFOTS 0.0000 tGradient 1.8610 tsec 2.1220
#GCMRL#   36 dt  31.104000 rms  0.654  0.376% neg 0  invalid 762 tFOTS 0.0000 tGradient 1.8880 tsec 2.1490
#GCMRL#   37 dt  31.104000 rms  0.651  0.472% neg 0  invalid 762 tFOTS 0.0000 tGradient 1.9230 tsec 2.1790
#GCMRL#   38 dt  31.104000 rms  0.648  0.508% neg 0  invalid 762 tFOTS 0.0000 tGradient 1.8880 tsec 2.1600
#GCMRL#   39 dt  31.104000 rms  0.645  0.470% neg 0  invalid 762 tFOTS 0.0000 tGradient 1.8850 tsec 2.1370
#GCMRL#   40 dt  31.104000 rms  0.643  0.387% neg 0  invalid 762 tFOTS 0.0000 tGradient 1.8650 tsec 2.1200
#GCMRL#   41 dt  31.104000 rms  0.641  0.285% neg 0  invalid 762 tFOTS 0.0000 tGradient 1.8650 tsec 2.1170
#GCMRL#   42 dt  31.104000 rms  0.639  0.193% neg 0  invalid 762 tFOTS 0.0000 tGradient 1.8450 tsec 2.0980
#GCMRL#   43 dt  31.104000 rms  0.639  0.112% neg 0  invalid 762 tFOTS 0.0000 tGradient 1.9610 tsec 2.2370
#GCMRL#   44 dt  31.104000 rms  0.638  0.056% neg 0  invalid 762 tFOTS 0.0000 tGradient 1.9290 tsec 2.2540
#GCMRL#   45 dt  25.920000 rms  0.638  0.000% neg 0  invalid 762 tFOTS 5.0180 tGradient 1.9690 tsec 7.4170

#GCAMreg# pass 0 level1 4 level2 1 tsec 60.613 sigma 0.5
l_jacobian=1.00 l_label=1.00 l_log_likelihood=0.20 l_smoothness=0.62 
tol=2.50e-01, dt=5.00e-02, exp_k=20.0, momentum=0.90, levels=6, niter=500, lbl_dist=10.00, avgs=64, sigma=0.5,type=2, relabel=0, neg=no

blurring input image with Gaussian with sigma=0.500...
GCAMRegisterLevel(): init RMS 0.638954
#FOTS# QuadFit found better minimum quadopt=(dt=36.288,rms=0.638014) vs oldopt=(dt=25.92,rms=0.638077)
#GCMRL#   47 dt  36.288000 rms  0.638  0.147% neg 0  invalid 762 tFOTS 3.9400 tGradient 1.9440 tsec 6.1890
#GCMRL#   48 dt   0.001582 rms  0.638  0.000% neg 0  invalid 762 tFOTS 5.3040 tGradient 1.9170 tsec 7.5460
setting smoothness cost coefficient to 2.353

#GCAMreg# pass 0 level1 3 level2 0 tsec 0 sigma 2
l_jacobian=1.00 l_label=1.00 l_log_likelihood=0.20 l_smoothness=2.35 
tol=2.50e-01, dt=5.00e-02, exp_k=20.0, momentum=0.90, levels=6, niter=500, lbl_dist=10.00, avgs=16, sigma=2.0,type=2, relabel=0, neg=no

blurring input image with Gaussian with sigma=2.000...
GCAMRegisterLevel(): init RMS 0.666273
#FOTS# QuadFit found better minimum quadopt=(dt=2.8,rms=0.665097) vs oldopt=(dt=2,rms=0.665167)
#GCMRL#   50 dt   2.800000 rms  0.665  0.177% neg 0  invalid 762 tFOTS 3.6650 tGradient 1.6920 tsec 5.6600
#FOTS# QuadFit found better minimum quadopt=(dt=0.7,rms=0.665071) vs oldopt=(dt=0.5,rms=0.665073)
#GCMRL#   51 dt   0.700000 rms  0.665  0.000% neg 0  invalid 762 tFOTS 3.7440 tGradient 1.8130 tsec 5.8650

#GCAMreg# pass 0 level1 3 level2 1 tsec 22.222 sigma 0.5
l_jacobian=1.00 l_label=1.00 l_log_likelihood=0.20 l_smoothness=2.35 
tol=2.50e-01, dt=5.00e-02, exp_k=20.0, momentum=0.90, levels=6, niter=500, lbl_dist=10.00, avgs=16, sigma=0.5,type=2, relabel=0, neg=no

blurring input image with Gaussian with sigma=0.500...
GCAMRegisterLevel(): init RMS 0.665642
#FOTS# QuadFit found better minimum quadopt=(dt=0.4,rms=0.66506) vs oldopt=(dt=0.5,rms=0.66506)
#GCMRL#   53 dt   0.400000 rms  0.665  0.087% neg 0  invalid 762 tFOTS 3.6640 tGradient 1.5600 tsec 5.5060
#FOTS# QuadFit found better minimum quadopt=(dt=0.04375,rms=0.665059) vs oldopt=(dt=0.03125,rms=0.665059)
#GCMRL#   54 dt   0.043750 rms  0.665  0.000% neg 0  invalid 762 tFOTS 3.6900 tGradient 1.5820 tsec 5.5760
setting smoothness cost coefficient to 8.000

#GCAMreg# pass 0 level1 2 level2 0 tsec 0 sigma 2
l_jacobian=1.00 l_label=1.00 l_log_likelihood=0.20 l_smoothness=8.00 
tol=2.50e-01, dt=5.00e-02, exp_k=20.0, momentum=0.90, levels=6, niter=500, lbl_dist=10.00, avgs=4, sigma=2.0,type=2, relabel=0, neg=no

blurring input image with Gaussian with sigma=2.000...
GCAMRegisterLevel(): init RMS 0.732217
#FOTS# QuadFit found better minimum quadopt=(dt=2.58678,rms=0.707768) vs oldopt=(dt=2.88,rms=0.708092)
#GCMRL#   56 dt   2.586781 rms  0.708  3.339% neg 0  invalid 762 tFOTS 3.6240 tGradient 1.3690 tsec 5.2730
#FOTS# QuadFit found better minimum quadopt=(dt=1.90155,rms=0.705099) vs oldopt=(dt=2.88,rms=0.705819)
#GCMRL#   57 dt   1.901554 rms  0.705  0.377% neg 0  invalid 762 tFOTS 3.4820 tGradient 1.4750 tsec 5.2160
#FOTS# QuadFit found better minimum quadopt=(dt=1.625,rms=0.704511) vs oldopt=(dt=0.72,rms=0.704671)
#GCMRL#   58 dt   1.625000 rms  0.705  0.000% neg 0  invalid 762 tFOTS 3.4140 tGradient 1.3830 tsec 5.0780

#GCAMreg# pass 0 level1 2 level2 1 tsec 26.014 sigma 0.5
l_jacobian=1.00 l_label=1.00 l_log_likelihood=0.20 l_smoothness=8.00 
tol=2.50e-01, dt=5.00e-02, exp_k=20.0, momentum=0.90, levels=6, niter=500, lbl_dist=10.00, avgs=4, sigma=0.5,type=2, relabel=0, neg=no

blurring input image with Gaussian with sigma=0.500...
GCAMRegisterLevel(): init RMS 0.705099
#GCMRL#   60 dt   0.000000 rms  0.705  0.083% neg 0  invalid 762 tFOTS 3.2490 tGradient 1.3810 tsec 4.8870
setting smoothness cost coefficient to 20.000

#GCAMreg# pass 0 level1 1 level2 0 tsec 0 sigma 2
l_jacobian=1.00 l_label=1.00 l_log_likelihood=0.20 l_smoothness=20.00 
tol=2.50e-01, dt=5.00e-02, exp_k=20.0, momentum=0.90, levels=6, niter=500, lbl_dist=10.00, avgs=1, sigma=2.0,type=2, relabel=0, neg=no

blurring input image with Gaussian with sigma=2.000...
GCAMRegisterLevel(): init RMS 0.745971
#FOTS# QuadFit found better minimum quadopt=(dt=0.256,rms=0.74477) vs oldopt=(dt=0.32,rms=0.744825)
#GCMRL#   62 dt   0.256000 rms  0.745  0.161% neg 0  invalid 762 tFOTS 3.5200 tGradient 1.1820 tsec 4.9750
#FOTS# QuadFit found better minimum quadopt=(dt=1.05755,rms=0.740695) vs oldopt=(dt=1.28,rms=0.740747)
#GCMRL#   63 dt   1.057554 rms  0.741  0.547% neg 0  invalid 762 tFOTS 3.6440 tGradient 1.2040 tsec 5.1200
#FOTS# QuadFit found better minimum quadopt=(dt=0.256,rms=0.739715) vs oldopt=(dt=0.32,rms=0.739766)
#GCMRL#   64 dt   0.256000 rms  0.740  0.000% neg 0  invalid 762 tFOTS 4.0900 tGradient 1.3000 tsec 5.7420
#GCMRL#   65 dt   0.256000 rms  0.738  0.212% neg 0  invalid 762 tFOTS 0.0000 tGradient 1.4960 tsec 1.8170
#GCMRL#   66 dt   0.256000 rms  0.736  0.235% neg 0  invalid 762 tFOTS 0.0000 tGradient 1.5360 tsec 1.8710
#GCMRL#   67 dt   0.256000 rms  0.735  0.176% neg 0  invalid 762 tFOTS 0.0000 tGradient 1.5910 tsec 1.9070
#GCMRL#   68 dt   0.256000 rms  0.734  0.090% neg 0  invalid 762 tFOTS 0.0000 tGradient 1.6660 tsec 2.0180
#GCMRL#   69 dt   0.256000 rms  0.734  0.069% neg 0  invalid 762 tFOTS 0.0000 tGradient 1.6480 tsec 1.9970
#GCMRL#   70 dt   1.280000 rms  0.733  0.185% neg 0  invalid 762 tFOTS 4.6700 tGradient 1.6120 tsec 6.5960
#FOTS# QuadFit found better minimum quadopt=(dt=0.064,rms=0.73252) vs oldopt=(dt=0.08,rms=0.732524)
#GCMRL#   71 dt   0.064000 rms  0.733  0.000% neg 0  invalid 762 tFOTS 4.1410 tGradient 1.7700 tsec 6.2540

#GCAMreg# pass 0 level1 1 level2 1 tsec 48.391 sigma 0.5
l_jacobian=1.00 l_label=1.00 l_log_likelihood=0.20 l_smoothness=20.00 
tol=2.50e-01, dt=5.00e-02, exp_k=20.0, momentum=0.90, levels=6, niter=500, lbl_dist=10.00, avgs=1, sigma=0.5,type=2, relabel=0, neg=no

blurring input image with Gaussian with sigma=0.500...
GCAMRegisterLevel(): init RMS 0.733092
#GCMRL#   73 dt   0.080000 rms  0.732  0.085% neg 0  invalid 762 tFOTS 4.0600 tGradient 1.7720 tsec 6.1790
#FOTS# QuadFit found better minimum quadopt=(dt=0.028,rms=0.732463) vs oldopt=(dt=0.02,rms=0.732464)
#GCMRL#   74 dt   0.028000 rms  0.732  0.000% neg 0  invalid 762 tFOTS 3.8830 tGradient 1.7380 tsec 5.9220
#GCMRL#   75 dt   0.028000 rms  0.732  0.000% neg 0  invalid 762 tFOTS 0.0000 tGradient 1.4910 tsec 1.7390
resetting metric properties...
setting smoothness cost coefficient to 40.000

#GCAMreg# pass 0 level1 0 level2 0 tsec 0 sigma 2
l_jacobian=1.00 l_label=1.00 l_log_likelihood=0.20 l_smoothness=40.00 
tol=2.50e-01, dt=5.00e-02, exp_k=20.0, momentum=0.90, levels=6, niter=500, lbl_dist=10.00, avgs=0, sigma=2.0,type=2, relabel=0, neg=no

blurring input image with Gaussian with sigma=2.000...
GCAMRegisterLevel(): init RMS 0.707875
#FOTS# QuadFit found better minimum quadopt=(dt=0.192,rms=0.703711) vs oldopt=(dt=0.32,rms=0.705004)
#GCMRL#   77 dt   0.192000 rms  0.704  0.588% neg 0  invalid 762 tFOTS 3.5660 tGradient 0.7520 tsec 4.5880
#GCMRL#   78 dt   0.020000 rms  0.703  0.000% neg 0  invalid 762 tFOTS 4.0410 tGradient 1.0800 tsec 5.4760

#GCAMreg# pass 0 level1 0 level2 1 tsec 19.489 sigma 0.5
l_jacobian=1.00 l_label=1.00 l_log_likelihood=0.20 l_smoothness=40.00 
tol=2.50e-01, dt=5.00e-02, exp_k=20.0, momentum=0.90, levels=6, niter=500, lbl_dist=10.00, avgs=0, sigma=0.5,type=2, relabel=0, neg=no

blurring input image with Gaussian with sigma=0.500...
GCAMRegisterLevel(): init RMS 0.704077
#FOTS# QuadFit found better minimum quadopt=(dt=0.007,rms=0.703472) vs oldopt=(dt=0.005,rms=0.703473)
#GCMRL#   80 dt   0.007000 rms  0.703  0.086% neg 0  invalid 762 tFOTS 3.9860 tGradient 1.0610 tsec 5.3920
#FOTS# QuadFit found better minimum quadopt=(dt=0.000375,rms=0.703471) vs oldopt=(dt=0.0003125,rms=0.703471)
#GCMRL#   81 dt   0.000375 rms  0.703  0.000% neg 0  invalid 762 tFOTS 4.0340 tGradient 1.0170 tsec 5.4120
#GCMRL#   82 dt   0.000375 rms  0.703  0.000% neg 0  invalid 762 tFOTS 0.0000 tGradient 0.9880 tsec 1.3420
GCAMregister done in 6.40117 min
Starting GCAmapRenormalizeWithAlignment() without scales
renormalizing by structure alignment....
renormalizing input #0
gca peak = 0.10253 (16)
mri peak = 0.08610 (21)
Left_Lateral_Ventricle (4): linear fit = 1.07 x + 0.0 (1312 voxels, overlap=0.773)
Left_Lateral_Ventricle (4): linear fit = 1.07 x + 0.0 (1312 voxels, peak = 17), gca=17.0
gca peak = 0.17690 (16)
mri peak = 0.09024 (18)
Right_Lateral_Ventricle (43): linear fit = 1.15 x + 0.0 (1615 voxels, overlap=0.910)
Right_Lateral_Ventricle (43): linear fit = 1.15 x + 0.0 (1615 voxels, peak = 18), gca=18.5
gca peak = 0.28275 (96)
mri peak = 0.09532 (96)
Right_Pallidum (52): linear fit = 1.00 x + 0.0 (1233 voxels, overlap=0.999)
Right_Pallidum (52): linear fit = 1.00 x + 0.0 (1233 voxels, peak = 96), gca=96.0
gca peak = 0.18948 (93)
mri peak = 0.09038 (96)
Left_Pallidum (13): linear fit = 1.01 x + 0.0 (1050 voxels, overlap=1.011)
Left_Pallidum (13): linear fit = 1.01 x + 0.0 (1050 voxels, peak = 94), gca=94.4
gca peak = 0.20755 (55)
mri peak = 0.09598 (68)
Right_Hippocampus (53): linear fit = 1.18 x + 0.0 (1319 voxels, overlap=0.037)
Right_Hippocampus (53): linear fit = 1.18 x + 0.0 (1319 voxels, peak = 65), gca=65.2
gca peak = 0.31831 (58)
mri peak = 0.11680 (67)
Left_Hippocampus (17): linear fit = 1.13 x + 0.0 (1151 voxels, overlap=0.091)
Left_Hippocampus (17): linear fit = 1.13 x + 0.0 (1151 voxels, peak = 66), gca=65.8
gca peak = 0.11957 (102)
mri peak = 0.10912 (106)
Right_Cerebral_White_Matter (41): linear fit = 1.07 x + 0.0 (70550 voxels, overlap=0.576)
Right_Cerebral_White_Matter (41): linear fit = 1.07 x + 0.0 (70550 voxels, peak = 109), gca=108.6
gca peak = 0.11429 (102)
mri peak = 0.13168 (106)
Left_Cerebral_White_Matter (2): linear fit = 1.04 x + 0.0 (73630 voxels, overlap=0.521)
Left_Cerebral_White_Matter (2): linear fit = 1.04 x + 0.0 (73630 voxels, peak = 107), gca=106.6
gca peak = 0.14521 (59)
mri peak = 0.04333 (67)
Left_Cerebral_Cortex (3): linear fit = 1.10 x + 0.0 (42651 voxels, overlap=0.850)
Left_Cerebral_Cortex (3): linear fit = 1.10 x + 0.0 (42651 voxels, peak = 65), gca=64.6
gca peak = 0.14336 (58)
mri peak = 0.04700 (68)
Right_Cerebral_Cortex (42): linear fit = 1.15 x + 0.0 (43170 voxels, overlap=0.563)
Right_Cerebral_Cortex (42): linear fit = 1.15 x + 0.0 (43170 voxels, peak = 67), gca=67.0
gca peak = 0.13305 (70)
mri peak = 0.07945 (82)
Right_Caudate (50): linear fit = 1.16 x + 0.0 (1173 voxels, overlap=0.346)
Right_Caudate (50): linear fit = 1.16 x + 0.0 (1173 voxels, peak = 82), gca=81.5
gca peak = 0.15761 (71)
mri peak = 0.10194 (82)
Left_Caudate (11): linear fit = 1.07 x + 0.0 (1251 voxels, overlap=0.801)
Left_Caudate (11): linear fit = 1.07 x + 0.0 (1251 voxels, peak = 76), gca=75.6
gca peak = 0.13537 (57)
mri peak = 0.06444 (65)
Left_Cerebellum_Cortex (8): linear fit = 1.16 x + 0.0 (33442 voxels, overlap=0.346)
Left_Cerebellum_Cortex (8): linear fit = 1.16 x + 0.0 (33442 voxels, peak = 66), gca=66.4
gca peak = 0.13487 (56)
mri peak = 0.06411 (71)
Right_Cerebellum_Cortex (47): linear fit = 1.23 x + 0.0 (36467 voxels, overlap=0.048)
Right_Cerebellum_Cortex (47): linear fit = 1.23 x + 0.0 (36467 voxels, peak = 69), gca=68.6
gca peak = 0.19040 (84)
mri peak = 0.11092 (88)
Left_Cerebellum_White_Matter (7): linear fit = 1.03 x + 0.0 (11819 voxels, overlap=0.546)
Left_Cerebellum_White_Matter (7): linear fit = 1.03 x + 0.0 (11819 voxels, peak = 87), gca=86.9
gca peak = 0.18871 (83)
mri peak = 0.06875 (88)
Right_Cerebellum_White_Matter (46): linear fit = 1.03 x + 0.0 (9956 voxels, overlap=0.804)
Right_Cerebellum_White_Matter (46): linear fit = 1.03 x + 0.0 (9956 voxels, peak = 86), gca=85.9
gca peak = 0.24248 (57)
mri peak = 0.10212 (71)
Left_Amygdala (18): linear fit = 1.23 x + 0.0 (517 voxels, overlap=0.045)
Left_Amygdala (18): linear fit = 1.23 x + 0.0 (517 voxels, peak = 70), gca=69.8
gca peak = 0.35833 (56)
mri peak = 0.09414 (67)
Right_Amygdala (54): linear fit = 1.21 x + 0.0 (594 voxels, overlap=0.025)
Right_Amygdala (54): linear fit = 1.21 x + 0.0 (594 voxels, peak = 67), gca=67.5
gca peak = 0.12897 (85)
mri peak = 0.05912 (90)
Left_Thalamus (10): linear fit = 1.07 x + 0.0 (6285 voxels, overlap=0.882)
Left_Thalamus (10): linear fit = 1.07 x + 0.0 (6285 voxels, peak = 91), gca=90.5
gca peak = 0.13127 (83)
mri peak = 0.06975 (89)
Right_Thalamus (49): linear fit = 1.07 x + 0.0 (5368 voxels, overlap=0.732)
Right_Thalamus (49): linear fit = 1.07 x + 0.0 (5368 voxels, peak = 88), gca=88.4
gca peak = 0.12974 (78)
mri peak = 0.09798 (85)
Left_Putamen (12): linear fit = 1.08 x + 0.0 (2878 voxels, overlap=0.517)
Left_Putamen (12): linear fit = 1.08 x + 0.0 (2878 voxels, peak = 84), gca=83.9
gca peak = 0.17796 (79)
mri peak = 0.09812 (84)
Right_Putamen (51): linear fit = 1.10 x + 0.0 (2900 voxels, overlap=0.594)
Right_Putamen (51): linear fit = 1.10 x + 0.0 (2900 voxels, peak = 87), gca=86.5
gca peak = 0.10999 (80)
mri peak = 0.08516 (88)
Brain_Stem (16): linear fit = 1.10 x + 0.0 (11955 voxels, overlap=0.415)
Brain_Stem (16): linear fit = 1.10 x + 0.0 (11955 voxels, peak = 88), gca=87.6
gca peak = 0.13215 (88)
mri peak = 0.09785 (95)
Right_VentralDC (60): linear fit = 1.11 x + 0.0 (1629 voxels, overlap=0.510)
Right_VentralDC (60): linear fit = 1.11 x + 0.0 (1629 voxels, peak = 97), gca=97.2
gca peak = 0.11941 (89)
mri peak = 0.11577 (98)
Left_VentralDC (28): linear fit = 1.10 x + 0.0 (1732 voxels, overlap=0.547)
Left_VentralDC (28): linear fit = 1.10 x + 0.0 (1732 voxels, peak = 97), gca=97.5
gca peak = 0.20775 (25)
mri peak = 0.04604 (25)
gca peak = 0.13297 (21)
mri peak = 0.07553 (17)
Fourth_Ventricle (15): linear fit = 2.23 x + 0.0 (581 voxels, overlap=0.405)
Fourth_Ventricle (15): linear fit = 2.23 x + 0.0 (581 voxels, peak = 47), gca=46.9
gca peak Unknown = 0.94777 ( 0)
gca peak Left_Inf_Lat_Vent = 0.19087 (28)
gca peak Third_Ventricle = 0.20775 (25)
gca peak Fourth_Ventricle = 0.13297 (21)
gca peak CSF = 0.16821 (33)
gca peak Left_Accumbens_area = 0.32850 (63)
gca peak Left_undetermined = 0.98480 (28)
gca peak Left_vessel = 0.40887 (53)
gca peak Left_choroid_plexus = 0.10898 (46)
gca peak Right_Inf_Lat_Vent = 0.17798 (26)
gca peak Right_Accumbens_area = 0.30137 (64)
gca peak Right_vessel = 0.47828 (52)
gca peak Right_choroid_plexus = 0.11612 (45)
gca peak Fifth_Ventricle = 0.59466 (35)
gca peak WM_hypointensities = 0.10053 (78)
gca peak non_WM_hypointensities = 0.07253 (60)
gca peak Optic_Chiasm = 0.25330 (73)
not using caudate to estimate GM means
estimating mean gm scale to be 1.17 x + 0.0
estimating mean wm scale to be 1.06 x + 0.0
estimating mean csf scale to be 1.11 x + 0.0
saving intensity scales to talairach.label_intensities.txt
GCAmapRenormalizeWithAlignment() took 2.17975 min
noneg pre
Starting GCAMregister()
label assignment complete, 0 changed (0.00%)
npasses = 1, nlevels = 6
#pass# 1 of 1 ************************
enabling zero nodes
setting smoothness cost coefficient to 0.008

#GCAMreg# pass 0 level1 5 level2 0 tsec 0 sigma 2
l_jacobian=1.00 l_label=1.00 l_log_likelihood=0.20 l_smoothness=0.01 
tol=5.00e-02, dt=5.00e-02, exp_k=20.0, momentum=0.90, levels=6, niter=500, lbl_dist=10.00, avgs=256, sigma=2.0,type=2, relabel=0, neg=no

blurring input image with Gaussian with sigma=2.000...
GCAMRegisterLevel(): init RMS 0.731171
#FOTS# QuadFit found better minimum quadopt=(dt=185.343,rms=0.702468) vs oldopt=(dt=92.48,rms=0.710145)
#GCMRL#   84 dt 185.342790 rms  0.702  3.926% neg 0  invalid 762 tFOTS 3.5920 tGradient 2.2540 tsec 6.1030
#FOTS# QuadFit found better minimum quadopt=(dt=295.936,rms=0.693297) vs oldopt=(dt=369.92,rms=0.693673)
#GCMRL#   85 dt 295.936000 rms  0.693  1.306% neg 0  invalid 762 tFOTS 3.2040 tGradient 1.9470 tsec 5.4040
#FOTS# QuadFit found better minimum quadopt=(dt=149.113,rms=0.688547) vs oldopt=(dt=92.48,rms=0.68946)
#GCMRL#   86 dt 149.113402 rms  0.689  0.685% neg 0  invalid 762 tFOTS 3.3940 tGradient 1.8920 tsec 5.5540
#FOTS# QuadFit found better minimum quadopt=(dt=295.936,rms=0.686095) vs oldopt=(dt=369.92,rms=0.686383)
#GCMRL#   87 dt 295.936000 rms  0.686  0.356% neg 0  invalid 762 tFOTS 3.5480 tGradient 2.0810 tsec 5.9020
#FOTS# QuadFit found better minimum quadopt=(dt=138.831,rms=0.683134) vs oldopt=(dt=92.48,rms=0.683683)
#GCMRL#   88 dt 138.830769 rms  0.683  0.431% neg 0  invalid 762 tFOTS 3.6940 tGradient 2.1140 tsec 6.0800
#GCMRL#   89 dt 369.920000 rms  0.681  0.311% neg 0  invalid 762 tFOTS 3.5600 tGradient 1.9720 tsec 5.8100
#FOTS# QuadFit found better minimum quadopt=(dt=129.472,rms=0.678809) vs oldopt=(dt=92.48,rms=0.67908)
#GCMRL#   90 dt 129.472000 rms  0.679  0.323% neg 0  invalid 762 tFOTS 3.6460 tGradient 2.0370 tsec 5.9560
#GCMRL#   91 dt 369.920000 rms  0.677  0.220% neg 0  invalid 762 tFOTS 3.6600 tGradient 1.9700 tsec 5.9170
#FOTS# QuadFit found better minimum quadopt=(dt=129.472,rms=0.675567) vs oldopt=(dt=92.48,rms=0.675777)
#GCMRL#   92 dt 129.472000 rms  0.676  0.258% neg 0  invalid 762 tFOTS 3.6480 tGradient 2.0000 tsec 5.9450
#FOTS# QuadFit found better minimum quadopt=(dt=295.936,rms=0.674412) vs oldopt=(dt=369.92,rms=0.674473)
#GCMRL#   93 dt 295.936000 rms  0.674  0.171% neg 0  invalid 762 tFOTS 3.9640 tGradient 2.1340 tsec 6.4000
#FOTS# QuadFit found better minimum quadopt=(dt=129.472,rms=0.673277) vs oldopt=(dt=92.48,rms=0.673449)
#GCMRL#   94 dt 129.472000 rms  0.673  0.168% neg 0  invalid 762 tFOTS 4.2040 tGradient 2.2540 tsec 6.7570
#FOTS# QuadFit found better minimum quadopt=(dt=443.904,rms=0.672021) vs oldopt=(dt=369.92,rms=0.672029)
#GCMRL#   95 dt 443.904000 rms  0.672  0.187% neg 0  invalid 762 tFOTS 3.5370 tGradient 2.2120 tsec 6.0300
#FOTS# QuadFit found better minimum quadopt=(dt=110.976,rms=0.670644) vs oldopt=(dt=92.48,rms=0.670707)
#GCMRL#   96 dt 110.976000 rms  0.671  0.205% neg 0  invalid 762 tFOTS 3.7500 tGradient 1.9440 tsec 5.9680
#FOTS# QuadFit found better minimum quadopt=(dt=517.888,rms=0.669185) vs oldopt=(dt=369.92,rms=0.669416)
#GCMRL#   97 dt 517.888000 rms  0.669  0.217% neg 0  invalid 762 tFOTS 3.5630 tGradient 1.9810 tsec 5.8180
#FOTS# QuadFit found better minimum quadopt=(dt=110.976,rms=0.668174) vs oldopt=(dt=92.48,rms=0.668211)
#GCMRL#   98 dt 110.976000 rms  0.668  0.151% neg 0  invalid 762 tFOTS 3.4950 tGradient 1.9400 tsec 5.7070
#FOTS# QuadFit found better minimum quadopt=(dt=887.808,rms=0.666339) vs oldopt=(dt=1479.68,rms=0.666904)
#GCMRL#   99 dt 887.808000 rms  0.666  0.275% neg 0  invalid 762 tFOTS 3.4180 tGradient 1.8770 tsec 5.5660
#GCMRL#  100 dt  92.480000 rms  0.665  0.241% neg 0  invalid 762 tFOTS 3.4210 tGradient 2.0800 tsec 5.7820
#GCMRL#  101 dt 5918.720000 rms  0.656  1.281% neg 0  invalid 762 tFOTS 3.2740 tGradient 1.9950 tsec 5.5350
#FOTS# QuadFit found better minimum quadopt=(dt=95.3574,rms=0.651773) vs oldopt=(dt=92.48,rms=0.651793)
#GCMRL#  102 dt  95.357430 rms  0.652  0.677% neg 0  invalid 762 tFOTS 3.4150 tGradient 2.0390 tsec 5.7620
#FOTS# QuadFit found better minimum quadopt=(dt=517.888,rms=0.6506) vs oldopt=(dt=369.92,rms=0.650724)
#GCMRL#  103 dt 517.888000 rms  0.651  0.180% neg 0  invalid 762 tFOTS 3.9300 tGradient 2.3960 tsec 6.6610
#FOTS# QuadFit found better minimum quadopt=(dt=129.472,rms=0.650359) vs oldopt=(dt=92.48,rms=0.650378)
#GCMRL#  104 dt 129.472000 rms  0.650  0.000% neg 0  invalid 762 tFOTS 4.1860 tGradient 2.3700 tsec 6.9160
#GCMRL#  105 dt 129.472000 rms  0.650  0.033% neg 0  invalid 762 tFOTS 0.0000 tGradient 2.5610 tsec 2.8770
#GCMRL#  106 dt 129.472000 rms  0.650  0.035% neg 0  invalid 762 tFOTS 0.0000 tGradient 2.4710 tsec 2.7680
#GCMRL#  107 dt 129.472000 rms  0.650  0.062% neg 0  invalid 762 tFOTS 0.0000 tGradient 2.4590 tsec 2.7790
#GCMRL#  108 dt 129.472000 rms  0.649  0.091% neg 0  invalid 762 tFOTS 0.0000 tGradient 2.1600 tsec 2.4180
#GCMRL#  109 dt 129.472000 rms  0.648  0.111% neg 0  invalid 762 tFOTS 0.0000 tGradient 2.1030 tsec 2.3580
#GCMRL#  110 dt 129.472000 rms  0.647  0.117% neg 0  invalid 762 tFOTS 0.0000 tGradient 2.4300 tsec 2.7660
#GCMRL#  111 dt 129.472000 rms  0.647  0.116% neg 0  invalid 762 tFOTS 0.0000 tGradient 2.6210 tsec 2.9550
#GCMRL#  112 dt 129.472000 rms  0.646  0.115% neg 0  invalid 762 tFOTS 0.0000 tGradient 2.6240 tsec 2.9630
#GCMRL#  113 dt 129.472000 rms  0.645  0.101% neg 0  invalid 762 tFOTS 0.0000 tGradient 2.5850 tsec 2.9380
#GCMRL#  114 dt 129.472000 rms  0.645  0.105% neg 0  invalid 762 tFOTS 0.0000 tGradient 2.4550 tsec 2.7860
#GCMRL#  115 dt 129.472000 rms  0.644  0.114% neg 0  invalid 762 tFOTS 0.0000 tGradient 2.5700 tsec 2.9120
#GCMRL#  116 dt 129.472000 rms  0.643  0.114% neg 0  invalid 762 tFOTS 0.0000 tGradient 2.5500 tsec 2.8860
#GCMRL#  117 dt 129.472000 rms  0.642  0.108% neg 0  invalid 762 tFOTS 0.0000 tGradient 2.5560 tsec 2.8920
#GCMRL#  118 dt 129.472000 rms  0.642  0.100% neg 0  invalid 762 tFOTS 0.0000 tGradient 2.5740 tsec 2.9180
#GCMRL#  119 dt 129.472000 rms  0.641  0.097% neg 0  invalid 762 tFOTS 0.0000 tGradient 2.5630 tsec 2.9090
#GCMRL#  120 dt 129.472000 rms  0.641  0.095% neg 0  invalid 762 tFOTS 0.0000 tGradient 2.6120 tsec 2.9590
#GCMRL#  121 dt 129.472000 rms  0.640  0.095% neg 0  invalid 762 tFOTS 0.0000 tGradient 2.5090 tsec 2.8540
#GCMRL#  122 dt 129.472000 rms  0.639  0.097% neg 0  invalid 762 tFOTS 0.0000 tGradient 2.5420 tsec 2.8810
#GCMRL#  123 dt 129.472000 rms  0.639  0.092% neg 0  invalid 762 tFOTS 0.0000 tGradient 2.5400 tsec 2.8910
#GCMRL#  124 dt 129.472000 rms  0.638  0.090% neg 0  invalid 762 tFOTS 0.0000 tGradient 2.4990 tsec 2.8720
#GCMRL#  125 dt 129.472000 rms  0.638  0.086% neg 0  invalid 762 tFOTS 0.0000 tGradient 2.6350 tsec 3.0250
#GCMRL#  126 dt 129.472000 rms  0.637  0.084% neg 0  invalid 762 tFOTS 0.0000 tGradient 2.8010 tsec 3.1840
#GCMRL#  127 dt 129.472000 rms  0.637  0.077% neg 0  invalid 762 tFOTS 0.0000 tGradient 2.7040 tsec 3.0770
#GCMRL#  128 dt 129.472000 rms  0.636  0.081% neg 0  invalid 762 tFOTS 0.0000 tGradient 2.4800 tsec 2.8390
#GCMRL#  129 dt 129.472000 rms  0.636  0.080% neg 0  invalid 762 tFOTS 0.0000 tGradient 2.4210 tsec 2.7760
#GCMRL#  130 dt 129.472000 rms  0.635  0.077% neg 0  invalid 762 tFOTS 0.0000 tGradient 2.3420 tsec 2.6990
#GCMRL#  131 dt 129.472000 rms  0.635  0.074% neg 0  invalid 762 tFOTS 0.0000 tGradient 2.3930 tsec 2.7340
#GCMRL#  132 dt 129.472000 rms  0.634  0.071% neg 0  invalid 762 tFOTS 0.0000 tGradient 2.1660 tsec 2.4770
#GCMRL#  133 dt 129.472000 rms  0.634  0.071% neg 0  invalid 762 tFOTS 0.0000 tGradient 2.2230 tsec 2.5170
#GCMRL#  134 dt 129.472000 rms  0.633  0.070% neg 0  invalid 762 tFOTS 0.0000 tGradient 2.1780 tsec 2.4760
#GCMRL#  135 dt 129.472000 rms  0.633  0.071% neg 0  invalid 762 tFOTS 0.0000 tGradient 2.1640 tsec 2.4530
#GCMRL#  136 dt 129.472000 rms  0.632  0.073% neg 0  invalid 762 tFOTS 0.0000 tGradient 2.1640 tsec 2.4630
#GCMRL#  137 dt 129.472000 rms  0.632  0.071% neg 0  invalid 762 tFOTS 0.0000 tGradient 2.1670 tsec 2.4280
#GCMRL#  138 dt 129.472000 rms  0.632  0.062% neg 0  invalid 762 tFOTS 0.0000 tGradient 2.0310 tsec 2.2940
#GCMRL#  139 dt 129.472000 rms  0.631  0.060% neg 0  invalid 762 tFOTS 0.0000 tGradient 2.0760 tsec 2.3390
#GCMRL#  140 dt 129.472000 rms  0.631  0.061% neg 0  invalid 762 tFOTS 0.0000 tGradient 2.0540 tsec 2.3220
#GCMRL#  141 dt 129.472000 rms  0.630  0.060% neg 0  invalid 762 tFOTS 0.0000 tGradient 2.0670 tsec 2.3290
#GCMRL#  142 dt 129.472000 rms  0.630  0.064% neg 0  invalid 762 tFOTS 0.0000 tGradient 2.2650 tsec 2.5570
#GCMRL#  143 dt 129.472000 rms  0.630  0.058% neg 0  invalid 762 tFOTS 0.0000 tGradient 2.7190 tsec 3.0210
#GCMRL#  144 dt 129.472000 rms  0.629  0.057% neg 0  invalid 762 tFOTS 0.0000 tGradient 2.5770 tsec 2.8970
#GCMRL#  145 dt 129.472000 rms  0.629  0.057% neg 0  invalid 762 tFOTS 0.0000 tGradient 2.7560 tsec 3.0690
#GCMRL#  146 dt 129.472000 rms  0.629  0.053% neg 0  invalid 762 tFOTS 0.0000 tGradient 2.5850 tsec 2.8790
#GCMRL#  147 dt 129.472000 rms  0.628  0.053% neg 0  invalid 762 tFOTS 0.0000 tGradient 2.7420 tsec 3.0630
#GCMRL#  148 dt 129.472000 rms  0.628  0.048% neg 0  invalid 762 tFOTS 0.0000 tGradient 2.7370 tsec 3.0420
#GCMRL#  149 dt 129.472000 rms  0.628  0.048% neg 0  invalid 762 tFOTS 0.0000 tGradient 2.7640 tsec 3.0900
#GCMRL#  150 dt 129.472000 rms  0.627  0.046% neg 0  invalid 762 tFOTS 0.0000 tGradient 2.6190 tsec 2.9270
#GCMRL#  151 dt 129.472000 rms  0.627  0.048% neg 0  invalid 762 tFOTS 0.0000 tGradient 2.6650 tsec 2.9720
#GCMRL#  152 dt 129.472000 rms  0.627  0.048% neg 0  invalid 762 tFOTS 0.0000 tGradient 2.6000 tsec 2.9200
#GCMRL#  153 dt 129.472000 rms  0.626  0.043% neg 0  invalid 762 tFOTS 0.0000 tGradient 2.6900 tsec 2.9890
#GCMRL#  154 dt 129.472000 rms  0.626  0.045% neg 0  invalid 762 tFOTS 0.0000 tGradient 2.6180 tsec 2.9310
#GCMRL#  155 dt 129.472000 rms  0.626  0.044% neg 0  invalid 762 tFOTS 0.0000 tGradient 2.6560 tsec 2.9670
#GCMRL#  156 dt 129.472000 rms  0.626  0.044% neg 0  invalid 762 tFOTS 0.0000 tGradient 2.5660 tsec 2.9060
#GCMRL#  157 dt 129.472000 rms  0.625  0.042% neg 0  invalid 762 tFOTS 0.0000 tGradient 2.6420 tsec 2.9600
#GCMRL#  158 dt 129.472000 rms  0.625  0.042% neg 0  invalid 762 tFOTS 0.0000 tGradient 2.5750 tsec 2.8960
#GCMRL#  159 dt 129.472000 rms  0.625  0.046% neg 0  invalid 762 tFOTS 0.0000 tGradient 2.6410 tsec 2.9580
#GCMRL#  160 dt 129.472000 rms  0.625  0.042% neg 0  invalid 762 tFOTS 0.0000 tGradient 2.6120 tsec 2.9320
#GCMRL#  161 dt 129.472000 rms  0.624  0.037% neg 0  invalid 762 tFOTS 0.0000 tGradient 2.3730 tsec 2.6390
#GCMRL#  162 dt 129.472000 rms  0.624  0.044% neg 0  invalid 762 tFOTS 0.0000 tGradient 2.1620 tsec 2.4300
#GCMRL#  163 dt 129.472000 rms  0.624  0.044% neg 0  invalid 762 tFOTS 0.0000 tGradient 2.2200 tsec 2.4830
#GCMRL#  164 dt 129.472000 rms  0.624  0.040% neg 0  invalid 762 tFOTS 0.0000 tGradient 2.3320 tsec 2.6080
#GCMRL#  165 dt 129.472000 rms  0.623  0.038% neg 0  invalid 762 tFOTS 0.0000 tGradient 2.2400 tsec 2.5230
#GCMRL#  166 dt 129.472000 rms  0.623  0.038% neg 0  invalid 762 tFOTS 0.0000 tGradient 2.2350 tsec 2.5060
#GCMRL#  167 dt 129.472000 rms  0.623  0.038% neg 0  invalid 762 tFOTS 0.0000 tGradient 2.2440 tsec 2.5220
#GCMRL#  168 dt 129.472000 rms  0.623  0.038% neg 0  invalid 762 tFOTS 0.0000 tGradient 2.2950 tsec 2.5660
#GCMRL#  169 dt 129.472000 rms  0.622  0.036% neg 0  invalid 762 tFOTS 0.0000 tGradient 2.3620 tsec 2.6380
#GCMRL#  170 dt 129.472000 rms  0.622  0.033% neg 0  invalid 762 tFOTS 0.0000 tGradient 2.3550 tsec 2.6290
#GCMRL#  171 dt 129.472000 rms  0.622  0.033% neg 0  invalid 762 tFOTS 0.0000 tGradient 2.3230 tsec 2.6050
#GCMRL#  172 dt 129.472000 rms  0.622  0.034% neg 0  invalid 762 tFOTS 0.0000 tGradient 2.5300 tsec 2.8050
#GCMRL#  173 dt 129.472000 rms  0.622  0.034% neg 0  invalid 762 tFOTS 0.0000 tGradient 2.7520 tsec 3.0280
#GCMRL#  174 dt 129.472000 rms  0.621  0.026% neg 0  invalid 762 tFOTS 0.0000 tGradient 2.4340 tsec 2.7330
#GCMRL#  175 dt 129.472000 rms  0.621  0.031% neg 0  invalid 762 tFOTS 0.0000 tGradient 2.3470 tsec 2.6540
#GCMRL#  176 dt 129.472000 rms  0.621  0.036% neg 0  invalid 762 tFOTS 0.0000 tGradient 2.5670 tsec 2.8570
#GCMRL#  177 dt 129.472000 rms  0.621  0.036% neg 0  invalid 762 tFOTS 0.0000 tGradient 2.5660 tsec 2.8380
#GCMRL#  178 dt 129.472000 rms  0.621  0.032% neg 0  invalid 762 tFOTS 0.0000 tGradient 2.3840 tsec 2.6490
#GCMRL#  179 dt 129.472000 rms  0.620  0.033% neg 0  invalid 762 tFOTS 0.0000 tGradient 2.3080 tsec 2.5680
#GCMRL#  180 dt 129.472000 rms  0.620  0.032% neg 0  invalid 762 tFOTS 0.0000 tGradient 2.3060 tsec 2.5610
#GCMRL#  181 dt 129.472000 rms  0.620  0.032% neg 0  invalid 762 tFOTS 0.0000 tGradient 2.2550 tsec 2.5200
#GCMRL#  182 dt 129.472000 rms  0.620  0.033% neg 0  invalid 762 tFOTS 0.0000 tGradient 2.2420 tsec 2.5030
#GCMRL#  183 dt 129.472000 rms  0.620  0.032% neg 0  invalid 762 tFOTS 0.0000 tGradient 2.3230 tsec 2.5810
#GCMRL#  184 dt 129.472000 rms  0.619  0.028% neg 0  invalid 762 tFOTS 0.0000 tGradient 2.2820 tsec 2.5370
#GCMRL#  185 dt 129.472000 rms  0.619  0.028% neg 0  invalid 762 tFOTS 0.0000 tGradient 2.3370 tsec 2.6010
#GCMRL#  186 dt 129.472000 rms  0.619  0.028% neg 0  invalid 762 tFOTS 0.0000 tGradient 2.3110 tsec 2.5710
#GCMRL#  187 dt 129.472000 rms  0.619  0.028% neg 0  invalid 762 tFOTS 0.0000 tGradient 2.2330 tsec 2.4860
#GCMRL#  188 dt 129.472000 rms  0.619  0.028% neg 0  invalid 762 tFOTS 0.0000 tGradient 2.2140 tsec 2.4780
#GCMRL#  189 dt 129.472000 rms  0.618  0.027% neg 0  invalid 762 tFOTS 0.0000 tGradient 2.2020 tsec 2.4610
#GCMRL#  190 dt 129.472000 rms  0.618  0.027% neg 0  invalid 762 tFOTS 0.0000 tGradient 2.4030 tsec 2.6600
#GCMRL#  191 dt 129.472000 rms  0.618  0.024% neg 0  invalid 762 tFOTS 0.0000 tGradient 2.1890 tsec 2.4580
#GCMRL#  192 dt 129.472000 rms  0.618  0.025% neg 0  invalid 762 tFOTS 0.0000 tGradient 2.1900 tsec 2.4450
#GCMRL#  193 dt 129.472000 rms  0.618  0.025% neg 0  invalid 762 tFOTS 0.0000 tGradient 2.2270 tsec 2.4920
#GCMRL#  194 dt 129.472000 rms  0.618  0.021% neg 0  invalid 762 tFOTS 0.0000 tGradient 2.1130 tsec 2.3950
#FOTS# QuadFit found better minimum quadopt=(dt=3551.23,rms=0.617615) vs oldopt=(dt=5918.72,rms=0.617647)
#GCMRL#  195 dt 3551.232000 rms  0.618  0.000% neg 0  invalid 762 tFOTS 3.7760 tGradient 2.2960 tsec 6.3750

#GCAMreg# pass 0 level1 5 level2 1 tsec 387.576 sigma 0.5
l_jacobian=1.00 l_label=1.00 l_log_likelihood=0.20 l_smoothness=0.01 
tol=5.00e-02, dt=5.00e-02, exp_k=20.0, momentum=0.90, levels=6, niter=500, lbl_dist=10.00, avgs=256, sigma=0.5,type=2, relabel=0, neg=no

blurring input image with Gaussian with sigma=0.500...
GCAMRegisterLevel(): init RMS 0.618248
#GCMRL#  197 dt 369.920000 rms  0.617  0.277% neg 0  invalid 762 tFOTS 3.4440 tGradient 2.2120 tsec 5.9380
#FOTS# QuadFit found better minimum quadopt=(dt=129.472,rms=0.616344) vs oldopt=(dt=92.48,rms=0.616358)
#GCMRL#  198 dt 129.472000 rms  0.616  0.000% neg 0  invalid 762 tFOTS 3.6620 tGradient 2.1850 tsec 6.1450
#GCMRL#  199 dt 129.472000 rms  0.616  0.024% neg 0  invalid 762 tFOTS 0.0000 tGradient 2.3070 tsec 2.5640
#GCMRL#  200 dt 129.472000 rms  0.616  0.022% neg 0  invalid 762 tFOTS 0.0000 tGradient 2.2360 tsec 2.4920
#GCMRL#  201 dt 129.472000 rms  0.616  0.028% neg 0  invalid 762 tFOTS 0.0000 tGradient 2.1880 tsec 2.4440
#GCMRL#  202 dt 129.472000 rms  0.616  0.031% neg 0  invalid 762 tFOTS 0.0000 tGradient 2.2140 tsec 2.4850
#GCMRL#  203 dt 129.472000 rms  0.615  0.033% neg 0  invalid 762 tFOTS 0.0000 tGradient 2.2030 tsec 2.4600
#GCMRL#  204 dt 129.472000 rms  0.615  0.030% neg 0  invalid 762 tFOTS 0.0000 tGradient 2.1400 tsec 2.3900
#GCMRL#  205 dt 129.472000 rms  0.615  0.022% neg 0  invalid 762 tFOTS 0.0000 tGradient 2.1810 tsec 2.4380
#GCMRL#  206 dt 129.472000 rms  0.615  0.018% neg 0  invalid 762 tFOTS 0.0000 tGradient 2.1670 tsec 2.4390
#FOTS# QuadFit found better minimum quadopt=(dt=517.888,rms=0.615012) vs oldopt=(dt=369.92,rms=0.615019)
#GCMRL#  207 dt 517.888000 rms  0.615  0.000% neg 0  invalid 762 tFOTS 3.7020 tGradient 2.1770 tsec 6.1800
#GCMRL#  208 dt 517.888000 rms  0.615  0.023% neg 0  invalid 762 tFOTS 0.0000 tGradient 2.2630 tsec 2.5180
setting smoothness cost coefficient to 0.031

#GCAMreg# pass 0 level1 4 level2 0 tsec 0 sigma 2
l_jacobian=1.00 l_label=1.00 l_log_likelihood=0.20 l_smoothness=0.03 
tol=5.00e-02, dt=5.00e-02, exp_k=20.0, momentum=0.90, levels=6, niter=500, lbl_dist=10.00, avgs=64, sigma=2.0,type=2, relabel=0, neg=no

blurring input image with Gaussian with sigma=2.000...
GCAMRegisterLevel(): init RMS 0.618303
#FOTS# QuadFit found better minimum quadopt=(dt=145.152,rms=0.613353) vs oldopt=(dt=103.68,rms=0.614003)
#GCMRL#  210 dt 145.152000 rms  0.613  0.801% neg 0  invalid 762 tFOTS 3.2850 tGradient 1.8410 tsec 5.4130
#FOTS# QuadFit found better minimum quadopt=(dt=238.752,rms=0.606217) vs oldopt=(dt=103.68,rms=0.608234)
#GCMRL#  211 dt 238.751773 rms  0.606  1.163% neg 0  invalid 762 tFOTS 3.5190 tGradient 1.5920 tsec 5.3910
#FOTS# QuadFit found better minimum quadopt=(dt=67.3433,rms=0.60214) vs oldopt=(dt=25.92,rms=0.603324)
#GCMRL#  212 dt  67.343284 rms  0.602  0.673% neg 0  invalid 762 tFOTS 3.6950 tGradient 1.6840 tsec 5.6720
#FOTS# QuadFit found better minimum quadopt=(dt=145.152,rms=0.59899) vs oldopt=(dt=103.68,rms=0.599485)
#GCMRL#  213 dt 145.152000 rms  0.599  0.523% neg 0  invalid 762 tFOTS 3.5150 tGradient 1.5660 tsec 5.3780
#FOTS# QuadFit found better minimum quadopt=(dt=85.7778,rms=0.596776) vs oldopt=(dt=103.68,rms=0.596865)
#GCMRL#  214 dt  85.777778 rms  0.597  0.370% neg 0  invalid 762 tFOTS 3.7380 tGradient 1.6400 tsec 5.6770
#FOTS# QuadFit found better minimum quadopt=(dt=124.416,rms=0.594474) vs oldopt=(dt=103.68,rms=0.594525)
#GCMRL#  215 dt 124.416000 rms  0.594  0.386% neg 0  invalid 762 tFOTS 3.9360 tGradient 1.6920 tsec 5.9430
#FOTS# QuadFit found better minimum quadopt=(dt=72.2776,rms=0.592658) vs oldopt=(dt=103.68,rms=0.59295)
#GCMRL#  216 dt  72.277603 rms  0.593  0.305% neg 0  invalid 762 tFOTS 3.5040 tGradient 1.7810 tsec 5.5790
#FOTS# QuadFit found better minimum quadopt=(dt=145.152,rms=0.590403) vs oldopt=(dt=103.68,rms=0.590738)
#GCMRL#  217 dt 145.152000 rms  0.590  0.381% neg 0  invalid 762 tFOTS 3.5190 tGradient 1.6660 tsec 5.4640
#FOTS# QuadFit found better minimum quadopt=(dt=74.2716,rms=0.588935) vs oldopt=(dt=103.68,rms=0.589143)
#GCMRL#  218 dt  74.271605 rms  0.589  0.249% neg 0  invalid 762 tFOTS 3.5680 tGradient 1.6810 tsec 5.5230
#FOTS# QuadFit found better minimum quadopt=(dt=145.152,rms=0.587081) vs oldopt=(dt=103.68,rms=0.587312)
#GCMRL#  219 dt 145.152000 rms  0.587  0.315% neg 0  invalid 762 tFOTS 3.4310 tGradient 1.6820 tsec 5.3760
#FOTS# QuadFit found better minimum quadopt=(dt=69.6774,rms=0.585766) vs oldopt=(dt=103.68,rms=0.586045)
#GCMRL#  220 dt  69.677419 rms  0.586  0.224% neg 0  invalid 762 tFOTS 3.4520 tGradient 1.5900 tsec 5.3290
#FOTS# QuadFit found better minimum quadopt=(dt=145.152,rms=0.584151) vs oldopt=(dt=103.68,rms=0.584395)
#GCMRL#  221 dt 145.152000 rms  0.584  0.276% neg 0  invalid 762 tFOTS 3.4740 tGradient 1.5880 tsec 5.3440
#FOTS# QuadFit found better minimum quadopt=(dt=70.5027,rms=0.583037) vs oldopt=(dt=103.68,rms=0.583228)
#GCMRL#  222 dt  70.502674 rms  0.583  0.191% neg 0  invalid 762 tFOTS 3.4660 tGradient 1.6620 tsec 5.4050
#FOTS# QuadFit found better minimum quadopt=(dt=145.152,rms=0.581676) vs oldopt=(dt=103.68,rms=0.581855)
#GCMRL#  223 dt 145.152000 rms  0.582  0.233% neg 0  invalid 762 tFOTS 3.4600 tGradient 1.6430 tsec 5.3790
#FOTS# QuadFit found better minimum quadopt=(dt=66.0426,rms=0.580684) vs oldopt=(dt=103.68,rms=0.580935)
#GCMRL#  224 dt  66.042553 rms  0.581  0.171% neg 0  invalid 762 tFOTS 3.5410 tGradient 1.7090 tsec 5.5640
#FOTS# QuadFit found better minimum quadopt=(dt=145.152,rms=0.579515) vs oldopt=(dt=103.68,rms=0.579683)
#GCMRL#  225 dt 145.152000 rms  0.580  0.201% neg 0  invalid 762 tFOTS 3.4230 tGradient 1.6840 tsec 5.3930
#FOTS# QuadFit found better minimum quadopt=(dt=66.7826,rms=0.578669) vs oldopt=(dt=103.68,rms=0.578881)
#GCMRL#  226 dt  66.782609 rms  0.579  0.146% neg 0  invalid 762 tFOTS 3.4630 tGradient 1.8530 tsec 5.5970
#FOTS# QuadFit found better minimum quadopt=(dt=145.152,rms=0.577731) vs oldopt=(dt=103.68,rms=0.577815)
#GCMRL#  227 dt 145.152000 rms  0.578  0.162% neg 0  invalid 762 tFOTS 3.5250 tGradient 1.8470 tsec 5.6520
#FOTS# QuadFit found better minimum quadopt=(dt=36.288,rms=0.577048) vs oldopt=(dt=25.92,rms=0.577187)
#GCMRL#  228 dt  36.288000 rms  0.577  0.118% neg 0  invalid 762 tFOTS 3.2440 tGradient 1.8120 tsec 5.3320
#FOTS# QuadFit found better minimum quadopt=(dt=580.608,rms=0.574642) vs oldopt=(dt=414.72,rms=0.574826)
#GCMRL#  229 dt 580.608000 rms  0.575  0.417% neg 0  invalid 762 tFOTS 3.4990 tGradient 1.7510 tsec 5.5200
#FOTS# QuadFit found better minimum quadopt=(dt=62.5455,rms=0.572431) vs oldopt=(dt=25.92,rms=0.572877)
#GCMRL#  230 dt  62.545455 rms  0.572  0.385% neg 0  invalid 762 tFOTS 3.4410 tGradient 1.6550 tsec 5.3750
#FOTS# QuadFit found better minimum quadopt=(dt=62.208,rms=0.57189) vs oldopt=(dt=103.68,rms=0.572028)
#GCMRL#  231 dt  62.208000 rms  0.572  0.094% neg 0  invalid 762 tFOTS 3.6130 tGradient 1.5780 tsec 5.5320
#FOTS# QuadFit found better minimum quadopt=(dt=145.152,rms=0.571254) vs oldopt=(dt=103.68,rms=0.571326)
#GCMRL#  232 dt 145.152000 rms  0.571  0.111% neg 0  invalid 762 tFOTS 4.2060 tGradient 1.8850 tsec 6.4620
#FOTS# QuadFit found better minimum quadopt=(dt=36.288,rms=0.57079) vs oldopt=(dt=25.92,rms=0.570885)
#GCMRL#  233 dt  36.288000 rms  0.571  0.081% neg 0  invalid 762 tFOTS 4.4750 tGradient 2.0860 tsec 6.9300
#FOTS# QuadFit found better minimum quadopt=(dt=580.608,rms=0.568643) vs oldopt=(dt=414.72,rms=0.569007)
#GCMRL#  234 dt 580.608000 rms  0.569  0.376% neg 0  invalid 762 tFOTS 4.5280 tGradient 1.9230 tsec 6.8060
#FOTS# QuadFit found better minimum quadopt=(dt=36.288,rms=0.567551) vs oldopt=(dt=25.92,rms=0.567732)
#GCMRL#  235 dt  36.288000 rms  0.568  0.192% neg 0  invalid 762 tFOTS 5.2350 tGradient 1.9100 tsec 7.4880
#FOTS# QuadFit found better minimum quadopt=(dt=145.152,rms=0.567068) vs oldopt=(dt=103.68,rms=0.567114)
#GCMRL#  236 dt 145.152000 rms  0.567  0.085% neg 0  invalid 762 tFOTS 5.2240 tGradient 1.9520 tsec 7.5000
#FOTS# QuadFit found better minimum quadopt=(dt=36.288,rms=0.566697) vs oldopt=(dt=25.92,rms=0.56677)
#GCMRL#  237 dt  36.288000 rms  0.567  0.065% neg 0  invalid 762 tFOTS 3.7760 tGradient 1.8390 tsec 5.9150
#FOTS# QuadFit found better minimum quadopt=(dt=580.608,rms=0.565098) vs oldopt=(dt=414.72,rms=0.565333)
#GCMRL#  238 dt 580.608000 rms  0.565  0.282% neg 0  invalid 762 tFOTS 3.5240 tGradient 1.8020 tsec 5.6090
#FOTS# QuadFit found better minimum quadopt=(dt=36.288,rms=0.564154) vs oldopt=(dt=25.92,rms=0.564302)
#GCMRL#  239 dt  36.288000 rms  0.564  0.167% neg 0  invalid 762 tFOTS 3.5130 tGradient 1.8810 tsec 5.6760
#FOTS# QuadFit found better minimum quadopt=(dt=145.152,rms=0.563822) vs oldopt=(dt=103.68,rms=0.563842)
#GCMRL#  240 dt 145.152000 rms  0.564  0.059% neg 0  invalid 762 tFOTS 3.4820 tGradient 1.8070 tsec 5.5690
#FOTS# QuadFit found better minimum quadopt=(dt=62.208,rms=0.563439) vs oldopt=(dt=103.68,rms=0.563575)
#GCMRL#  241 dt  62.208000 rms  0.563  0.068% neg 0  invalid 762 tFOTS 3.4810 tGradient 1.8820 tsec 5.6420
#FOTS# QuadFit found better minimum quadopt=(dt=124.416,rms=0.563106) vs oldopt=(dt=103.68,rms=0.563121)
#GCMRL#  242 dt 124.416000 rms  0.563  0.059% neg 0  invalid 762 tFOTS 3.4830 tGradient 1.7920 tsec 5.5560
#FOTS# QuadFit found better minimum quadopt=(dt=62.208,rms=0.562806) vs oldopt=(dt=103.68,rms=0.562898)
#GCMRL#  243 dt  62.208000 rms  0.563  0.053% neg 0  invalid 762 tFOTS 3.4860 tGradient 1.8120 tsec 5.5730
#FOTS# QuadFit found better minimum quadopt=(dt=124.416,rms=0.562491) vs oldopt=(dt=103.68,rms=0.562506)
#GCMRL#  244 dt 124.416000 rms  0.562  0.056% neg 0  invalid 762 tFOTS 3.4990 tGradient 1.7850 tsec 5.5640
#FOTS# QuadFit found better minimum quadopt=(dt=62.208,rms=0.562192) vs oldopt=(dt=103.68,rms=0.56228)
#GCMRL#  245 dt  62.208000 rms  0.562  0.053% neg 0  invalid 762 tFOTS 3.4890 tGradient 1.8050 tsec 5.5720
#FOTS# QuadFit found better minimum quadopt=(dt=124.416,rms=0.561901) vs oldopt=(dt=103.68,rms=0.561912)
#GCMRL#  246 dt 124.416000 rms  0.562  0.052% neg 0  invalid 762 tFOTS 3.9020 tGradient 1.8280 tsec 6.0450
#FOTS# QuadFit found better minimum quadopt=(dt=62.208,rms=0.561614) vs oldopt=(dt=103.68,rms=0.561708)
#GCMRL#  247 dt  62.208000 rms  0.562  0.051% neg 0  invalid 762 tFOTS 4.2230 tGradient 2.0470 tsec 6.5850
#FOTS# QuadFit found better minimum quadopt=(dt=124.416,rms=0.561348) vs oldopt=(dt=103.68,rms=0.561356)
#GCMRL#  248 dt 124.416000 rms  0.561  0.000% neg 0  invalid 762 tFOTS 4.2690 tGradient 2.0080 tsec 6.6380
#GCMRL#  249 dt 124.416000 rms  0.561  0.007% neg 0  invalid 762 tFOTS 0.0000 tGradient 1.7820 tsec 2.0770
#GCMRL#  250 dt 124.416000 rms  0.560  0.167% neg 0  invalid 762 tFOTS 0.0000 tGradient 1.6940 tsec 1.9850
#GCMRL#  251 dt 124.416000 rms  0.559  0.187% neg 0  invalid 762 tFOTS 0.0000 tGradient 1.7620 tsec 2.0640
#GCMRL#  252 dt 124.416000 rms  0.559  0.146% neg 0  invalid 762 tFOTS 0.0000 tGradient 1.7180 tsec 2.0240
#GCMRL#  253 dt 124.416000 rms  0.557  0.230% neg 0  invalid 762 tFOTS 0.0000 tGradient 1.7190 tsec 2.0060
#GCMRL#  254 dt 124.416000 rms  0.556  0.267% neg 0  invalid 762 tFOTS 0.0000 tGradient 1.7390 tsec 2.0420
#GCMRL#  255 dt 124.416000 rms  0.555  0.206% neg 0  invalid 762 tFOTS 0.0000 tGradient 1.8040 tsec 2.0870
#GCMRL#  256 dt 124.416000 rms  0.553  0.221% neg 0  invalid 762 tFOTS 0.0000 tGradient 1.7670 tsec 2.0480
#GCMRL#  257 dt 124.416000 rms  0.552  0.257% neg 0  invalid 762 tFOTS 0.0000 tGradient 1.7580 tsec 2.0430
#GCMRL#  258 dt 124.416000 rms  0.551  0.208% neg 0  invalid 762 tFOTS 0.0000 tGradient 1.7150 tsec 2.0090
#GCMRL#  259 dt 124.416000 rms  0.550  0.186% neg 0  invalid 762 tFOTS 0.0000 tGradient 1.7310 tsec 2.0300
#GCMRL#  260 dt 124.416000 rms  0.549  0.207% neg 0  invalid 762 tFOTS 0.0000 tGradient 1.7220 tsec 2.0180
#GCMRL#  261 dt 124.416000 rms  0.548  0.183% neg 0  invalid 762 tFOTS 0.0000 tGradient 1.7530 tsec 2.0520
#GCMRL#  262 dt 124.416000 rms  0.547  0.153% neg 0  invalid 762 tFOTS 0.0000 tGradient 1.7480 tsec 2.0390
#GCMRL#  263 dt 124.416000 rms  0.546  0.155% neg 0  invalid 762 tFOTS 0.0000 tGradient 1.7400 tsec 2.0330
#GCMRL#  264 dt 124.416000 rms  0.545  0.142% neg 0  invalid 762 tFOTS 0.0000 tGradient 1.8000 tsec 2.1000
#GCMRL#  265 dt 124.416000 rms  0.544  0.156% neg 0  invalid 762 tFOTS 0.0000 tGradient 1.7340 tsec 2.0340
#GCMRL#  266 dt 124.416000 rms  0.544  0.127% neg 0  invalid 762 tFOTS 0.0000 tGradient 1.7950 tsec 2.0950
#GCMRL#  267 dt 124.416000 rms  0.543  0.126% neg 0  invalid 762 tFOTS 0.0000 tGradient 1.7890 tsec 2.0740
#GCMRL#  268 dt 124.416000 rms  0.542  0.136% neg 0  invalid 762 tFOTS 0.0000 tGradient 1.7130 tsec 2.0050
#GCMRL#  269 dt 124.416000 rms  0.542  0.118% neg 0  invalid 762 tFOTS 0.0000 tGradient 1.7720 tsec 2.0730
#GCMRL#  270 dt 124.416000 rms  0.541  0.106% neg 0  invalid 762 tFOTS 0.0000 tGradient 1.7490 tsec 2.0560
#GCMRL#  271 dt 124.416000 rms  0.540  0.120% neg 0  invalid 762 tFOTS 0.0000 tGradient 1.8250 tsec 2.1210
#GCMRL#  272 dt 124.416000 rms  0.540  0.098% neg 0  invalid 762 tFOTS 0.0000 tGradient 1.7680 tsec 2.0550
#GCMRL#  273 dt 124.416000 rms  0.539  0.110% neg 0  invalid 762 tFOTS 0.0000 tGradient 1.8010 tsec 2.3060
#GCMRL#  274 dt 124.416000 rms  0.539  0.094% neg 0  invalid 762 tFOTS 0.0000 tGradient 1.8410 tsec 2.1340
#GCMRL#  275 dt 124.416000 rms  0.538  0.088% neg 0  invalid 762 tFOTS 0.0000 tGradient 1.7630 tsec 2.0280
#GCMRL#  276 dt 124.416000 rms  0.538  0.087% neg 0  invalid 762 tFOTS 0.0000 tGradient 1.8250 tsec 2.1100
#GCMRL#  277 dt 124.416000 rms  0.537  0.076% neg 0  invalid 762 tFOTS 0.0000 tGradient 1.8540 tsec 2.1360
#GCMRL#  278 dt 124.416000 rms  0.537  0.086% neg 0  invalid 762 tFOTS 0.0000 tGradient 1.8960 tsec 2.1770
#GCMRL#  279 dt 124.416000 rms  0.537  0.051% neg 0  invalid 762 tFOTS 0.0000 tGradient 1.7760 tsec 2.0240
#GCMRL#  280 dt 124.416000 rms  0.536  0.065% neg 0  invalid 762 tFOTS 0.0000 tGradient 1.6900 tsec 1.9380
#GCMRL#  281 dt 124.416000 rms  0.536  0.064% neg 0  invalid 762 tFOTS 0.0000 tGradient 1.7620 tsec 2.0120
#GCMRL#  282 dt 124.416000 rms  0.536  0.058% neg 0  invalid 762 tFOTS 0.0000 tGradient 1.7610 tsec 2.0010
#GCMRL#  283 dt 124.416000 rms  0.535  0.063% neg 0  invalid 762 tFOTS 0.0000 tGradient 1.7510 tsec 1.9980
#GCMRL#  284 dt 124.416000 rms  0.535  0.037% neg 0  invalid 762 tFOTS 0.0000 tGradient 1.7490 tsec 1.9930
#GCMRL#  285 dt 124.416000 rms  0.535  0.067% neg 0  invalid 762 tFOTS 0.0000 tGradient 1.7620 tsec 2.0100
#GCMRL#  286 dt 124.416000 rms  0.534  0.046% neg 0  invalid 762 tFOTS 0.0000 tGradient 1.7810 tsec 2.0270
#GCMRL#  287 dt 124.416000 rms  0.534  0.059% neg 0  invalid 762 tFOTS 0.0000 tGradient 1.7450 tsec 1.9970
#GCMRL#  288 dt 124.416000 rms  0.534  0.052% neg 0  invalid 762 tFOTS 0.0000 tGradient 1.7010 tsec 1.9440
#GCMRL#  289 dt 124.416000 rms  0.534  0.028% neg 0  invalid 762 tFOTS 0.0000 tGradient 1.6960 tsec 1.9400
#GCMRL#  290 dt 124.416000 rms  0.533  0.060% neg 0  invalid 762 tFOTS 0.0000 tGradient 1.8260 tsec 2.0720
#GCMRL#  291 dt 124.416000 rms  0.533  0.037% neg 0  invalid 762 tFOTS 0.0000 tGradient 1.8630 tsec 2.1150
#GCMRL#  292 dt 124.416000 rms  0.533  0.029% neg 0  invalid 762 tFOTS 0.0000 tGradient 1.7600 tsec 2.0100
#GCMRL#  293 dt 124.416000 rms  0.533  0.062% neg 0  invalid 762 tFOTS 0.0000 tGradient 1.7940 tsec 2.0460
#GCMRL#  294 dt 124.416000 rms  0.533  0.023% neg 0  invalid 762 tFOTS 0.0000 tGradient 1.7810 tsec 2.0310
#GCMRL#  295 dt 124.416000 rms  0.532  0.040% neg 0  invalid 762 tFOTS 0.0000 tGradient 1.8060 tsec 2.0590
#GCMRL#  296 dt 124.416000 rms  0.532  0.053% neg 0  invalid 762 tFOTS 0.0000 tGradient 1.7150 tsec 1.9620
#GCMRL#  297 dt 124.416000 rms  0.532  0.015% neg 0  invalid 762 tFOTS 0.0000 tGradient 1.8000 tsec 2.0480
#GCMRL#  298 dt 124.416000 rms  0.532  0.041% neg 0  invalid 762 tFOTS 0.0000 tGradient 1.7910 tsec 2.0480
#GCMRL#  299 dt 124.416000 rms  0.532  0.047% neg 0  invalid 762 tFOTS 0.0000 tGradient 2.0180 tsec 2.2960
#GCMRL#  300 dt 124.416000 rms  0.531  0.022% neg 0  invalid 762 tFOTS 0.0000 tGradient 2.1730 tsec 2.4600
#GCMRL#  301 dt 124.416000 rms  0.531  0.030% neg 0  invalid 762 tFOTS 0.0000 tGradient 2.0810 tsec 2.3930
#GCMRL#  302 dt 124.416000 rms  0.531  0.050% neg 0  invalid 762 tFOTS 0.0000 tGradient 2.1000 tsec 2.3700
#GCMRL#  303 dt 124.416000 rms  0.531  0.018% neg 0  invalid 762 tFOTS 0.0000 tGradient 2.0190 tsec 2.2710
#GCMRL#  304 dt 124.416000 rms  0.531  0.032% neg 0  invalid 762 tFOTS 0.0000 tGradient 1.7960 tsec 2.0520
#GCMRL#  305 dt 124.416000 rms  0.531  0.036% neg 0  invalid 762 tFOTS 0.0000 tGradient 1.7890 tsec 2.0570
#GCMRL#  306 dt 124.416000 rms  0.531  0.003% neg 0  invalid 762 tFOTS 0.0000 tGradient 1.9140 tsec 2.1770
#GCMRL#  307 dt 124.416000 rms  0.530  0.038% neg 0  invalid 762 tFOTS 0.0000 tGradient 1.7950 tsec 2.0650
#GCMRL#  308 dt 124.416000 rms  0.530  0.038% neg 0  invalid 762 tFOTS 0.0000 tGradient 2.0860 tsec 2.4060
#GCMRL#  309 dt 124.416000 rms  0.530  0.004% neg 0  invalid 762 tFOTS 0.0000 tGradient 2.0800 tsec 2.3940
#GCMRL#  310 dt 124.416000 rms  0.530  0.044% neg 0  invalid 762 tFOTS 0.0000 tGradient 2.0990 tsec 2.4440
#GCMRL#  311 dt 124.416000 rms  0.530  0.027% neg 0  invalid 762 tFOTS 0.0000 tGradient 2.0810 tsec 2.4450
#GCMRL#  312 dt 124.416000 rms  0.530  0.017% neg 0  invalid 762 tFOTS 0.0000 tGradient 2.1200 tsec 2.4490
#GCMRL#  313 dt 124.416000 rms  0.529  0.039% neg 0  invalid 762 tFOTS 0.0000 tGradient 2.1860 tsec 2.5180
#GCMRL#  314 dt 124.416000 rms  0.529  0.013% neg 0  invalid 762 tFOTS 0.0000 tGradient 2.1490 tsec 2.5010
#GCMRL#  315 dt 124.416000 rms  0.529  0.010% neg 0  invalid 762 tFOTS 0.0000 tGradient 2.0650 tsec 2.4090
#FOTS# QuadFit found better minimum quadopt=(dt=145.152,rms=0.529202) vs oldopt=(dt=103.68,rms=0.529211)
#GCMRL#  316 dt 145.152000 rms  0.529  0.021% neg 0  invalid 762 tFOTS 3.7690 tGradient 2.1150 tsec 6.1950
#FOTS# QuadFit found better minimum quadopt=(dt=9.072,rms=0.529208) vs oldopt=(dt=6.48,rms=0.529209)

#GCAMreg# pass 0 level1 4 level2 1 tsec 388.689 sigma 0.5
l_jacobian=1.00 l_label=1.00 l_log_likelihood=0.20 l_smoothness=0.03 
tol=5.00e-02, dt=5.00e-02, exp_k=20.0, momentum=0.90, levels=6, niter=500, lbl_dist=10.00, avgs=64, sigma=0.5,type=2, relabel=0, neg=no

blurring input image with Gaussian with sigma=0.500...
GCAMRegisterLevel(): init RMS 0.530115
#FOTS# QuadFit found better minimum quadopt=(dt=124.416,rms=0.528165) vs oldopt=(dt=103.68,rms=0.52817)
#GCMRL#  318 dt 124.416000 rms  0.528  0.368% neg 0  invalid 762 tFOTS 3.8970 tGradient 1.8940 tsec 6.1020
#FOTS# QuadFit found better minimum quadopt=(dt=82.944,rms=0.527664) vs oldopt=(dt=103.68,rms=0.527708)
#GCMRL#  319 dt  82.944000 rms  0.528  0.095% neg 0  invalid 762 tFOTS 3.8180 tGradient 1.7260 tsec 5.8790
#FOTS# QuadFit found better minimum quadopt=(dt=82.944,rms=0.527486) vs oldopt=(dt=103.68,rms=0.52749)
#GCMRL#  320 dt  82.944000 rms  0.527  0.000% neg 0  invalid 762 tFOTS 5.0430 tGradient 1.8620 tsec 7.2980
#GCMRL#  321 dt  82.944000 rms  0.527  0.034% neg 0  invalid 762 tFOTS 0.0000 tGradient 2.0950 tsec 2.4230
#GCMRL#  322 dt  82.944000 rms  0.527  0.044% neg 0  invalid 762 tFOTS 0.0000 tGradient 2.1870 tsec 2.5310
#GCMRL#  323 dt  82.944000 rms  0.527  0.054% neg 0  invalid 762 tFOTS 0.0000 tGradient 2.0720 tsec 2.4110
#GCMRL#  324 dt  82.944000 rms  0.527  0.048% neg 0  invalid 762 tFOTS 0.0000 tGradient 2.2070 tsec 2.5640
#GCMRL#  325 dt  82.944000 rms  0.526  0.052% neg 0  invalid 762 tFOTS 0.0000 tGradient 2.1270 tsec 2.4980
#GCMRL#  326 dt  82.944000 rms  0.526  0.036% neg 0  invalid 762 tFOTS 0.0000 tGradient 1.8840 tsec 2.1850
#GCMRL#  327 dt  82.944000 rms  0.526  0.029% neg 0  invalid 762 tFOTS 0.0000 tGradient 1.7870 tsec 2.0810
#GCMRL#  328 dt  82.944000 rms  0.526  0.033% neg 0  invalid 762 tFOTS 0.0000 tGradient 1.8520 tsec 2.1480
#GCMRL#  329 dt  82.944000 rms  0.526  0.040% neg 0  invalid 762 tFOTS 0.0000 tGradient 1.8080 tsec 2.1070
#GCMRL#  330 dt  82.944000 rms  0.525  0.035% neg 0  invalid 762 tFOTS 0.0000 tGradient 1.8580 tsec 2.1490
#GCMRL#  331 dt  82.944000 rms  0.525  0.029% neg 0  invalid 762 tFOTS 0.0000 tGradient 1.9300 tsec 2.2270
#GCMRL#  332 dt  82.944000 rms  0.525  0.031% neg 0  invalid 762 tFOTS 0.0000 tGradient 1.8460 tsec 2.1390
#GCMRL#  333 dt  82.944000 rms  0.525  0.034% neg 0  invalid 762 tFOTS 0.0000 tGradient 1.7890 tsec 2.0870
#GCMRL#  334 dt  82.944000 rms  0.525  0.034% neg 0  invalid 762 tFOTS 0.0000 tGradient 1.8320 tsec 2.1300
#GCMRL#  335 dt  82.944000 rms  0.525  0.030% neg 0  invalid 762 tFOTS 0.0000 tGradient 1.8010 tsec 2.0980
#GCMRL#  336 dt  82.944000 rms  0.524  0.031% neg 0  invalid 762 tFOTS 0.0000 tGradient 1.9180 tsec 2.2110
#GCMRL#  337 dt  82.944000 rms  0.524  0.032% neg 0  invalid 762 tFOTS 0.0000 tGradient 1.8300 tsec 2.1250
#GCMRL#  338 dt  82.944000 rms  0.524  0.021% neg 0  invalid 762 tFOTS 0.0000 tGradient 1.8820 tsec 2.1750
#GCMRL#  339 dt  82.944000 rms  0.524  0.020% neg 0  invalid 762 tFOTS 0.0000 tGradient 1.8090 tsec 2.1270
#FOTS# QuadFit found better minimum quadopt=(dt=36.288,rms=0.523941) vs oldopt=(dt=25.92,rms=0.523947)
#GCMRL#  340 dt  36.288000 rms  0.524  0.000% neg 0  invalid 762 tFOTS 4.2460 tGradient 1.8320 tsec 6.4210
#GCMRL#  341 dt  36.288000 rms  0.524  0.004% neg 0  invalid 762 tFOTS 0.0000 tGradient 1.8000 tsec 2.0960
#GCMRL#  342 dt  36.288000 rms  0.524  0.006% neg 0  invalid 762 tFOTS 0.0000 tGradient 1.7990 tsec 2.0910
#GCMRL#  343 dt  36.288000 rms  0.524  0.006% neg 0  invalid 762 tFOTS 0.0000 tGradient 1.8420 tsec 2.1390
#GCMRL#  344 dt  36.288000 rms  0.524  0.005% neg 0  invalid 762 tFOTS 0.0000 tGradient 1.8090 tsec 2.1020
setting smoothness cost coefficient to 0.118

#GCAMreg# pass 0 level1 3 level2 0 tsec 0 sigma 2
l_jacobian=1.00 l_label=1.00 l_log_likelihood=0.20 l_smoothness=0.12 
tol=5.00e-02, dt=5.00e-02, exp_k=20.0, momentum=0.90, levels=6, niter=500, lbl_dist=10.00, avgs=16, sigma=2.0,type=2, relabel=0, neg=no

blurring input image with Gaussian with sigma=2.000...
GCAMRegisterLevel(): init RMS 0.540742
#FOTS# QuadFit found better minimum quadopt=(dt=23.5102,rms=0.539064) vs oldopt=(dt=32,rms=0.539232)
#GCMRL#  346 dt  23.510204 rms  0.539  0.310% neg 0  invalid 762 tFOTS 4.1890 tGradient 1.6200 tsec 6.1260
#FOTS# QuadFit found better minimum quadopt=(dt=44.8,rms=0.53779) vs oldopt=(dt=32,rms=0.537953)
#GCMRL#  347 dt  44.800000 rms  0.538  0.236% neg 0  invalid 762 tFOTS 3.8050 tGradient 1.5310 tsec 5.6910
#FOTS# QuadFit found better minimum quadopt=(dt=217.472,rms=0.531535) vs oldopt=(dt=128,rms=0.532422)
#GCMRL#  348 dt 217.471572 rms  0.532  1.163% neg 0  invalid 762 tFOTS 3.7920 tGradient 1.6330 tsec 5.7290
#FOTS# QuadFit found better minimum quadopt=(dt=59.9365,rms=0.528732) vs oldopt=(dt=32,rms=0.529147)
#GCMRL#  349 dt  59.936508 rms  0.529  0.527% neg 0  invalid 762 tFOTS 3.7950 tGradient 1.6870 tsec 5.7830
#GCMRL#  350 dt  32.000000 rms  0.526  0.570% neg 0  invalid 762 tFOTS 3.5670 tGradient 1.5800 tsec 5.4420
#FOTS# QuadFit found better minimum quadopt=(dt=38.4,rms=0.524455) vs oldopt=(dt=32,rms=0.524485)
#GCMRL#  351 dt  38.400000 rms  0.524  0.240% neg 0  invalid 762 tFOTS 3.7990 tGradient 1.4810 tsec 5.5800
#FOTS# QuadFit found better minimum quadopt=(dt=38.4,rms=0.523179) vs oldopt=(dt=32,rms=0.523184)
#GCMRL#  352 dt  38.400000 rms  0.523  0.243% neg 0  invalid 762 tFOTS 3.8190 tGradient 1.4400 tsec 5.5710
#FOTS# QuadFit found better minimum quadopt=(dt=25.6,rms=0.522226) vs oldopt=(dt=32,rms=0.522245)
#GCMRL#  353 dt  25.600000 rms  0.522  0.182% neg 0  invalid 762 tFOTS 3.8920 tGradient 1.4300 tsec 5.6280
#FOTS# QuadFit found better minimum quadopt=(dt=44.8,rms=0.521125) vs oldopt=(dt=32,rms=0.521322)
#GCMRL#  354 dt  44.800000 rms  0.521  0.211% neg 0  invalid 762 tFOTS 4.2880 tGradient 1.5760 tsec 6.1760
#GCMRL#  355 dt  32.000000 rms  0.520  0.143% neg 0  invalid 762 tFOTS 3.8430 tGradient 1.7660 tsec 5.8950
#FOTS# QuadFit found better minimum quadopt=(dt=38.4,rms=0.519642) vs oldopt=(dt=32,rms=0.519644)
#GCMRL#  356 dt  38.400000 rms  0.520  0.142% neg 0  invalid 762 tFOTS 3.8200 tGradient 1.4530 tsec 5.5580
#FOTS# QuadFit found better minimum quadopt=(dt=25.6,rms=0.518948) vs oldopt=(dt=32,rms=0.518965)
#GCMRL#  357 dt  25.600000 rms  0.519  0.134% neg 0  invalid 762 tFOTS 3.9850 tGradient 1.4300 tsec 5.7130
#FOTS# QuadFit found better minimum quadopt=(dt=44.8,rms=0.518174) vs oldopt=(dt=32,rms=0.518287)
#GCMRL#  358 dt  44.800000 rms  0.518  0.149% neg 0  invalid 762 tFOTS 4.3810 tGradient 1.5250 tsec 6.2230
#GCMRL#  359 dt  32.000000 rms  0.518  0.113% neg 0  invalid 762 tFOTS 4.2190 tGradient 1.5580 tsec 6.1080
#GCMRL#  360 dt  32.000000 rms  0.517  0.111% neg 0  invalid 762 tFOTS 3.8550 tGradient 1.5440 tsec 5.6870
#FOTS# QuadFit found better minimum quadopt=(dt=38.4,rms=0.516441) vs oldopt=(dt=32,rms=0.516442)
#GCMRL#  361 dt  38.400000 rms  0.516  0.111% neg 0  invalid 762 tFOTS 3.8080 tGradient 1.5150 tsec 5.5990
#FOTS# QuadFit found better minimum quadopt=(dt=25.6,rms=0.51596) vs oldopt=(dt=32,rms=0.515985)
#GCMRL#  362 dt  25.600000 rms  0.516  0.093% neg 0  invalid 762 tFOTS 3.8400 tGradient 1.5060 tsec 5.6430
#FOTS# QuadFit found better minimum quadopt=(dt=44.8,rms=0.515308) vs oldopt=(dt=32,rms=0.515393)
#GCMRL#  363 dt  44.800000 rms  0.515  0.126% neg 0  invalid 762 tFOTS 3.8310 tGradient 1.4790 tsec 5.5950
#FOTS# QuadFit found better minimum quadopt=(dt=25.6,rms=0.514937) vs oldopt=(dt=32,rms=0.514956)
#GCMRL#  364 dt  25.600000 rms  0.515  0.072% neg 0  invalid 762 tFOTS 3.8420 tGradient 1.5020 tsec 5.6290
#FOTS# QuadFit found better minimum quadopt=(dt=44.8,rms=0.514301) vs oldopt=(dt=32,rms=0.514393)
#GCMRL#  365 dt  44.800000 rms  0.514  0.123% neg 0  invalid 762 tFOTS 3.5740 tGradient 1.4550 tsec 5.3130
#FOTS# QuadFit found better minimum quadopt=(dt=25.6,rms=0.514031) vs oldopt=(dt=32,rms=0.514053)
#GCMRL#  366 dt  25.600000 rms  0.514  0.053% neg 0  invalid 762 tFOTS 3.8400 tGradient 1.5330 tsec 5.6750
#FOTS# QuadFit found better minimum quadopt=(dt=44.8,rms=0.513395) vs oldopt=(dt=32,rms=0.513499)
#GCMRL#  367 dt  44.800000 rms  0.513  0.124% neg 0  invalid 762 tFOTS 3.5340 tGradient 1.4020 tsec 5.2200
#FOTS# QuadFit found better minimum quadopt=(dt=25.6,rms=0.513176) vs oldopt=(dt=32,rms=0.513188)
#GCMRL#  368 dt  25.600000 rms  0.513  0.000% neg 0  invalid 762 tFOTS 3.6330 tGradient 1.5060 tsec 5.4330
#GCMRL#  369 dt  25.600000 rms  0.513  0.079% neg 0  invalid 762 tFOTS 0.0000 tGradient 1.3590 tsec 1.6210
#GCMRL#  370 dt  25.600000 rms  0.512  0.099% neg 0  invalid 762 tFOTS 0.0000 tGradient 1.4110 tsec 1.6730
#GCMRL#  371 dt  25.600000 rms  0.512  0.136% neg 0  invalid 762 tFOTS 0.0000 tGradient 1.5250 tsec 1.7770
#GCMRL#  372 dt  25.600000 rms  0.511  0.166% neg 0  invalid 762 tFOTS 0.0000 tGradient 1.3960 tsec 1.6720
#GCMRL#  373 dt  25.600000 rms  0.510  0.210% neg 0  invalid 762 tFOTS 0.0000 tGradient 1.4470 tsec 1.7180
#GCMRL#  374 dt  25.600000 rms  0.509  0.215% neg 0  invalid 762 tFOTS 0.0000 tGradient 1.3590 tsec 1.6310
#GCMRL#  375 dt  25.600000 rms  0.507  0.215% neg 0  invalid 762 tFOTS 0.0000 tGradient 1.4100 tsec 1.6770
#GCMRL#  376 dt  25.600000 rms  0.506  0.211% neg 0  invalid 762 tFOTS 0.0000 tGradient 1.4310 tsec 1.7050
#GCMRL#  377 dt  25.600000 rms  0.505  0.214% neg 0  invalid 762 tFOTS 0.0000 tGradient 1.3510 tsec 1.6270
#GCMRL#  378 dt  25.600000 rms  0.504  0.222% neg 0  invalid 762 tFOTS 0.0000 tGradient 1.3720 tsec 1.6540
#GCMRL#  379 dt  25.600000 rms  0.503  0.198% neg 0  invalid 762 tFOTS 0.0000 tGradient 1.3730 tsec 1.6460
#GCMRL#  380 dt  25.600000 rms  0.502  0.163% neg 0  invalid 762 tFOTS 0.0000 tGradient 1.3890 tsec 1.6540
#GCMRL#  381 dt  25.600000 rms  0.502  0.149% neg 0  invalid 762 tFOTS 0.0000 tGradient 1.3800 tsec 1.6460
#GCMRL#  382 dt  25.600000 rms  0.501  0.164% neg 0  invalid 762 tFOTS 0.0000 tGradient 1.3450 tsec 1.6160
#GCMRL#  383 dt  25.600000 rms  0.500  0.149% neg 0  invalid 762 tFOTS 0.0000 tGradient 1.3850 tsec 1.6590
#GCMRL#  384 dt  25.600000 rms  0.499  0.117% neg 0  invalid 762 tFOTS 0.0000 tGradient 1.4040 tsec 1.6800
#GCMRL#  385 dt  25.600000 rms  0.499  0.103% neg 0  invalid 762 tFOTS 0.0000 tGradient 1.3700 tsec 1.6500
#GCMRL#  386 dt  25.600000 rms  0.498  0.116% neg 0  invalid 762 tFOTS 0.0000 tGradient 1.3270 tsec 1.5980
#GCMRL#  387 dt  25.600000 rms  0.498  0.107% neg 0  invalid 762 tFOTS 0.0000 tGradient 1.3180 tsec 1.5960
#GCMRL#  388 dt  25.600000 rms  0.497  0.088% neg 0  invalid 762 tFOTS 0.0000 tGradient 1.3790 tsec 1.6600
#GCMRL#  389 dt  25.600000 rms  0.497  0.077% neg 0  invalid 762 tFOTS 0.0000 tGradient 1.3530 tsec 1.6250
#GCMRL#  390 dt  25.600000 rms  0.497  0.005% neg 0  invalid 762 tFOTS 0.0000 tGradient 1.3650 tsec 1.8040
#GCMRL#  391 dt  25.600000 rms  0.497  0.000% neg 0  invalid 762 tFOTS 0.0000 tGradient 1.3390 tsec 1.6260
#GCMRL#  392 dt  32.000000 rms  0.497  0.002% neg 0  invalid 762 tFOTS 3.6710 tGradient 1.3750 tsec 5.3280
#FOTS# QuadFit found better minimum quadopt=(dt=44.8,rms=0.4969) vs oldopt=(dt=32,rms=0.496913)
#GCMRL#  393 dt  44.800000 rms  0.497  0.015% neg 0  invalid 762 tFOTS 3.8660 tGradient 1.3670 tsec 5.5350
#FOTS# QuadFit found better minimum quadopt=(dt=11.2,rms=0.496902) vs oldopt=(dt=8,rms=0.496902)

#GCAMreg# pass 0 level1 3 level2 1 tsec 194.405 sigma 0.5
l_jacobian=1.00 l_label=1.00 l_log_likelihood=0.20 l_smoothness=0.12 
tol=5.00e-02, dt=5.00e-02, exp_k=20.0, momentum=0.90, levels=6, niter=500, lbl_dist=10.00, avgs=16, sigma=0.5,type=2, relabel=0, neg=no

blurring input image with Gaussian with sigma=0.500...
GCAMRegisterLevel(): init RMS 0.497609
#FOTS# QuadFit found better minimum quadopt=(dt=44.8,rms=0.495595) vs oldopt=(dt=32,rms=0.495722)
#GCMRL#  395 dt  44.800000 rms  0.496  0.405% neg 0  invalid 762 tFOTS 4.5970 tGradient 1.4700 tsec 6.4160
#FOTS# QuadFit found better minimum quadopt=(dt=25.6,rms=0.495309) vs oldopt=(dt=32,rms=0.495315)
#GCMRL#  396 dt  25.600000 rms  0.495  0.058% neg 0  invalid 762 tFOTS 4.3110 tGradient 1.6770 tsec 6.2990
#FOTS# QuadFit found better minimum quadopt=(dt=38.4,rms=0.495077) vs oldopt=(dt=32,rms=0.495084)
#GCMRL#  397 dt  38.400000 rms  0.495  0.000% neg 0  invalid 762 tFOTS 3.5560 tGradient 1.4790 tsec 5.3560
#GCMRL#  398 dt  38.400000 rms  0.495  0.015% neg 0  invalid 762 tFOTS 0.0000 tGradient 1.4710 tsec 1.7600
#GCMRL#  399 dt  38.400000 rms  0.495  0.061% neg 0  invalid 762 tFOTS 0.0000 tGradient 1.5480 tsec 1.8540
#GCMRL#  400 dt  38.400000 rms  0.495  0.038% neg 0  invalid 762 tFOTS 0.0000 tGradient 1.4880 tsec 1.7770
#GCMRL#  401 dt  38.400000 rms  0.494  0.037% neg 0  invalid 762 tFOTS 0.0000 tGradient 1.4970 tsec 1.7970
#GCMRL#  402 dt  38.400000 rms  0.494 -0.001% neg 0  invalid 762 tFOTS 0.0000 tGradient 1.4340 tsec 1.9340
#GCMRL#  403 dt  32.000000 rms  0.494  0.018% neg 0  invalid 762 tFOTS 3.6290 tGradient 1.4510 tsec 5.3760
#FOTS# QuadFit found better minimum quadopt=(dt=44.8,rms=0.494) vs oldopt=(dt=32,rms=0.494018)
#GCMRL#  404 dt  44.800000 rms  0.494  0.041% neg 0  invalid 762 tFOTS 3.6050 tGradient 1.5390 tsec 5.4380
#FOTS# QuadFit found better minimum quadopt=(dt=11.2,rms=0.493945) vs oldopt=(dt=8,rms=0.49395)
setting smoothness cost coefficient to 0.400

#GCAMreg# pass 0 level1 2 level2 0 tsec 0 sigma 2
l_jacobian=1.00 l_label=1.00 l_log_likelihood=0.20 l_smoothness=0.40 
tol=5.00e-02, dt=5.00e-02, exp_k=20.0, momentum=0.90, levels=6, niter=500, lbl_dist=10.00, avgs=4, sigma=2.0,type=2, relabel=0, neg=no

blurring input image with Gaussian with sigma=2.000...
GCAMRegisterLevel(): init RMS 0.52736
#GCMRL#  406 dt   0.000000 rms  0.527  0.122% neg 0  invalid 762 tFOTS 3.5910 tGradient 1.2310 tsec 5.1110
#GCMRL#  407 dt   0.150000 rms  0.527  0.000% neg 0  invalid 762 tFOTS 3.5930 tGradient 1.2390 tsec 5.3440

#GCAMreg# pass 0 level1 2 level2 1 tsec 20.39 sigma 0.5
l_jacobian=1.00 l_label=1.00 l_log_likelihood=0.20 l_smoothness=0.40 
tol=5.00e-02, dt=5.00e-02, exp_k=20.0, momentum=0.90, levels=6, niter=500, lbl_dist=10.00, avgs=4, sigma=0.5,type=2, relabel=0, neg=no

blurring input image with Gaussian with sigma=0.500...
GCAMRegisterLevel(): init RMS 0.52736
#GCMRL#  409 dt   0.000000 rms  0.527  0.122% neg 0  invalid 762 tFOTS 3.5210 tGradient 1.2330 tsec 5.0460
#GCMRL#  410 dt   0.150000 rms  0.527  0.000% neg 0  invalid 762 tFOTS 3.5460 tGradient 1.2710 tsec 5.3310
setting smoothness cost coefficient to 1.000

#GCAMreg# pass 0 level1 1 level2 0 tsec 0 sigma 2
l_jacobian=1.00 l_label=1.00 l_log_likelihood=0.20 l_smoothness=1.00 
tol=5.00e-02, dt=5.00e-02, exp_k=20.0, momentum=0.90, levels=6, niter=500, lbl_dist=10.00, avgs=1, sigma=2.0,type=2, relabel=0, neg=no

blurring input image with Gaussian with sigma=2.000...
GCAMRegisterLevel(): init RMS 0.590934
#FOTS# QuadFit found better minimum quadopt=(dt=1.96578,rms=0.581795) vs oldopt=(dt=1.28,rms=0.583041)
#GCMRL#  412 dt   1.965779 rms  0.582  1.547% neg 0  invalid 762 tFOTS 3.5310 tGradient 1.1170 tsec 4.9350
#FOTS# QuadFit found better minimum quadopt=(dt=0.448,rms=0.581479) vs oldopt=(dt=0.32,rms=0.581535)
#GCMRL#  413 dt   0.448000 rms  0.581  0.054% neg 0  invalid 762 tFOTS 3.5450 tGradient 1.1450 tsec 4.9980
#GCMRL#  414 dt   0.320000 rms  0.581  0.000% neg 0  invalid 762 tFOTS 3.4660 tGradient 1.1450 tsec 4.9250

#GCAMreg# pass 0 level1 1 level2 1 tsec 24.578 sigma 0.5
l_jacobian=1.00 l_label=1.00 l_log_likelihood=0.20 l_smoothness=1.00 
tol=5.00e-02, dt=5.00e-02, exp_k=20.0, momentum=0.90, levels=6, niter=500, lbl_dist=10.00, avgs=1, sigma=0.5,type=2, relabel=0, neg=no

blurring input image with Gaussian with sigma=0.500...
GCAMRegisterLevel(): init RMS 0.582005
#FOTS# QuadFit found better minimum quadopt=(dt=0.448,rms=0.581109) vs oldopt=(dt=0.32,rms=0.58117)
#GCMRL#  416 dt   0.448000 rms  0.581  0.154% neg 0  invalid 762 tFOTS 3.5270 tGradient 1.1990 tsec 5.0360
#FOTS# QuadFit found better minimum quadopt=(dt=0.448,rms=0.581014) vs oldopt=(dt=0.32,rms=0.581018)
#GCMRL#  417 dt   0.448000 rms  0.581  0.000% neg 0  invalid 762 tFOTS 3.5380 tGradient 1.1530 tsec 5.0180
resetting metric properties...
setting smoothness cost coefficient to 2.000

#GCAMreg# pass 0 level1 0 level2 0 tsec 0 sigma 2
l_jacobian=1.00 l_label=1.00 l_log_likelihood=0.20 l_smoothness=2.00 
tol=5.00e-02, dt=5.00e-02, exp_k=20.0, momentum=0.90, levels=6, niter=500, lbl_dist=10.00, avgs=0, sigma=2.0,type=2, relabel=0, neg=no

blurring input image with Gaussian with sigma=2.000...
GCAMRegisterLevel(): init RMS 0.515761
#FOTS# QuadFit found better minimum quadopt=(dt=0.448,rms=0.502859) vs oldopt=(dt=0.32,rms=0.50619)
#GCMRL#  419 dt   0.448000 rms  0.503  2.502% neg 0  invalid 762 tFOTS 4.0790 tGradient 0.8410 tsec 5.2600
#FOTS# QuadFit found better minimum quadopt=(dt=0.448,rms=0.499394) vs oldopt=(dt=0.32,rms=0.500357)
#GCMRL#  420 dt   0.448000 rms  0.499  0.689% neg 0  invalid 762 tFOTS 3.8140 tGradient 0.7690 tsec 4.8890
#FOTS# QuadFit found better minimum quadopt=(dt=0.448,rms=0.49722) vs oldopt=(dt=0.32,rms=0.497827)
#GCMRL#  421 dt   0.448000 rms  0.497  0.435% neg 0  invalid 762 tFOTS 3.2600 tGradient 0.6580 tsec 4.2080
#FOTS# QuadFit found better minimum quadopt=(dt=0.384,rms=0.496001) vs oldopt=(dt=0.32,rms=0.496204)
#GCMRL#  422 dt   0.384000 rms  0.496  0.245% neg 0  invalid 762 tFOTS 3.2900 tGradient 0.6580 tsec 4.2580
#FOTS# QuadFit found better minimum quadopt=(dt=0.448,rms=0.494861) vs oldopt=(dt=0.32,rms=0.49518)
#GCMRL#  423 dt   0.448000 rms  0.495  0.230% neg 0  invalid 762 tFOTS 3.4980 tGradient 0.6540 tsec 4.4350
#FOTS# QuadFit found better minimum quadopt=(dt=0.384,rms=0.494112) vs oldopt=(dt=0.32,rms=0.494233)
#GCMRL#  424 dt   0.384000 rms  0.494  0.151% neg 0  invalid 762 tFOTS 3.3300 tGradient 0.6560 tsec 4.2780
#FOTS# QuadFit found better minimum quadopt=(dt=0.448,rms=0.493388) vs oldopt=(dt=0.32,rms=0.493587)
#GCMRL#  425 dt   0.448000 rms  0.493  0.147% neg 0  invalid 762 tFOTS 3.3720 tGradient 0.6620 tsec 4.3150
#FOTS# QuadFit found better minimum quadopt=(dt=0.448,rms=0.492811) vs oldopt=(dt=0.32,rms=0.49297)
#GCMRL#  426 dt   0.448000 rms  0.493  0.117% neg 0  invalid 762 tFOTS 3.1350 tGradient 0.6610 tsec 4.0800
#FOTS# QuadFit found better minimum quadopt=(dt=0.448,rms=0.492319) vs oldopt=(dt=0.32,rms=0.49245)
#GCMRL#  427 dt   0.448000 rms  0.492  0.100% neg 0  invalid 762 tFOTS 3.1170 tGradient 0.6660 tsec 4.0720
#FOTS# QuadFit found better minimum quadopt=(dt=0.448,rms=0.491917) vs oldopt=(dt=0.32,rms=0.492026)
#GCMRL#  428 dt   0.448000 rms  0.492  0.082% neg 0  invalid 762 tFOTS 3.1260 tGradient 0.6560 tsec 4.0700
#FOTS# QuadFit found better minimum quadopt=(dt=0.448,rms=0.491555) vs oldopt=(dt=0.32,rms=0.491649)
#GCMRL#  429 dt   0.448000 rms  0.492  0.074% neg 0  invalid 762 tFOTS 3.2200 tGradient 0.6550 tsec 4.1570
#FOTS# QuadFit found better minimum quadopt=(dt=0.448,rms=0.491259) vs oldopt=(dt=0.32,rms=0.491337)
#GCMRL#  430 dt   0.448000 rms  0.491  0.060% neg 0  invalid 762 tFOTS 3.1890 tGradient 0.6420 tsec 4.1130
#FOTS# QuadFit found better minimum quadopt=(dt=0.448,rms=0.490995) vs oldopt=(dt=0.32,rms=0.491063)
#GCMRL#  431 dt   0.448000 rms  0.491  0.054% neg 0  invalid 762 tFOTS 3.2820 tGradient 0.6500 tsec 4.2860
#FOTS# QuadFit found better minimum quadopt=(dt=0.448,rms=0.490762) vs oldopt=(dt=0.32,rms=0.49082)
#GCMRL#  432 dt   0.448000 rms  0.491  0.000% neg 0  invalid 762 tFOTS 3.2730 tGradient 0.6620 tsec 4.2370
#GCMRL#  433 dt   0.448000 rms  0.491  0.043% neg 0  invalid 762 tFOTS 0.0000 tGradient 0.6470 tsec 0.9080
#GCMRL#  434 dt   0.448000 rms  0.490  0.074% neg 0  invalid 762 tFOTS 0.0000 tGradient 0.6500 tsec 0.9100
#GCMRL#  435 dt   0.448000 rms  0.490  0.034% neg 0  invalid 762 tFOTS 0.0000 tGradient 0.6360 tsec 1.0490
#GCMRL#  436 dt   0.448000 rms  0.490  0.055% neg 0  invalid 762 tFOTS 0.0000 tGradient 0.6470 tsec 0.9090
#GCMRL#  437 dt   0.448000 rms  0.490  0.022% neg 0  invalid 762 tFOTS 0.0000 tGradient 0.6380 tsec 1.0440
#GCMRL#  438 dt   0.448000 rms  0.489  0.041% neg 0  invalid 762 tFOTS 0.0000 tGradient 0.6580 tsec 0.9230
#GCMRL#  439 dt   0.224000 rms  0.489  0.009% neg 0  invalid 762 tFOTS 0.0000 tGradient 0.6520 tsec 1.2140
#GCMRL#  440 dt   0.224000 rms  0.489  0.021% neg 0  invalid 762 tFOTS 0.0000 tGradient 0.6480 tsec 0.9160
#GCMRL#  441 dt   0.224000 rms  0.489  0.010% neg 0  invalid 762 tFOTS 0.0000 tGradient 0.6520 tsec 1.0820
#FOTS# QuadFit found better minimum quadopt=(dt=0.448,rms=0.489168) vs oldopt=(dt=0.32,rms=0.48919)
#GCMRL#  442 dt   0.448000 rms  0.489  0.017% neg 0  invalid 762 tFOTS 3.2690 tGradient 0.6580 tsec 4.2100
#FOTS# QuadFit found better minimum quadopt=(dt=0.112,rms=0.489152) vs oldopt=(dt=0.08,rms=0.489157)
#GCMRL#  443 dt   0.112000 rms  0.489  0.000% neg 0  invalid 762 tFOTS 3.0570 tGradient 0.6360 tsec 3.9950
#GCMRL#  444 dt   0.112000 rms  0.489  0.005% neg 0  invalid 762 tFOTS 0.0000 tGradient 0.6190 tsec 0.8780
#GCMRL#  445 dt   0.112000 rms  0.489  0.008% neg 0  invalid 762 tFOTS 0.0000 tGradient 0.6130 tsec 0.8690
#GCMRL#  446 dt   0.112000 rms  0.489  0.010% neg 0  invalid 762 tFOTS 0.0000 tGradient 0.6170 tsec 0.8810
#GCMRL#  447 dt   0.112000 rms  0.489  0.012% neg 0  invalid 762 tFOTS 0.0000 tGradient 0.6100 tsec 0.8580
#GCMRL#  448 dt   0.112000 rms  0.489  0.013% neg 0  invalid 762 tFOTS 0.0000 tGradient 0.6310 tsec 0.9000
#GCMRL#  449 dt   0.112000 rms  0.489  0.016% neg 0  invalid 762 tFOTS 0.0000 tGradient 0.6130 tsec 0.8760
#GCMRL#  450 dt   0.112000 rms  0.489  0.016% neg 0  invalid 762 tFOTS 0.0000 tGradient 0.6270 tsec 0.8970
#GCMRL#  451 dt   0.112000 rms  0.489  0.017% neg 0  invalid 762 tFOTS 0.0000 tGradient 0.6580 tsec 0.9160
#GCMRL#  452 dt   0.112000 rms  0.489  0.016% neg 0  invalid 762 tFOTS 0.0000 tGradient 0.6520 tsec 0.9180
#GCMRL#  453 dt   0.112000 rms  0.489  0.016% neg 0  invalid 762 tFOTS 0.0000 tGradient 0.6260 tsec 0.8910
#GCMRL#  454 dt   0.112000 rms  0.488  0.018% neg 0  invalid 762 tFOTS 0.0000 tGradient 0.6190 tsec 0.8730

#GCAMreg# pass 0 level1 0 level2 1 tsec 96.773 sigma 0.5
l_jacobian=1.00 l_label=1.00 l_log_likelihood=0.20 l_smoothness=2.00 
tol=5.00e-02, dt=5.00e-02, exp_k=20.0, momentum=0.90, levels=6, niter=500, lbl_dist=10.00, avgs=0, sigma=0.5,type=2, relabel=0, neg=no

blurring input image with Gaussian with sigma=0.500...
GCAMRegisterLevel(): init RMS 0.48909
#FOTS# QuadFit found better minimum quadopt=(dt=0.112,rms=0.487722) vs oldopt=(dt=0.08,rms=0.4879)
#GCMRL#  456 dt   0.112000 rms  0.488  0.280% neg 0  invalid 762 tFOTS 3.0600 tGradient 0.6290 tsec 3.9660
#FOTS# QuadFit found better minimum quadopt=(dt=0.112,rms=0.48725) vs oldopt=(dt=0.08,rms=0.487384)
#GCMRL#  457 dt   0.112000 rms  0.487  0.097% neg 0  invalid 762 tFOTS 3.0510 tGradient 0.6150 tsec 3.9520
#FOTS# QuadFit found better minimum quadopt=(dt=0.112,rms=0.486891) vs oldopt=(dt=0.08,rms=0.486993)
#GCMRL#  458 dt   0.112000 rms  0.487  0.074% neg 0  invalid 762 tFOTS 3.0970 tGradient 0.6040 tsec 3.9830
#FOTS# QuadFit found better minimum quadopt=(dt=0.112,rms=0.486616) vs oldopt=(dt=0.08,rms=0.486694)
#GCMRL#  459 dt   0.112000 rms  0.487  0.056% neg 0  invalid 762 tFOTS 3.0400 tGradient 0.6050 tsec 3.9260
#FOTS# QuadFit found better minimum quadopt=(dt=0.112,rms=0.486404) vs oldopt=(dt=0.08,rms=0.486463)
#GCMRL#  460 dt   0.112000 rms  0.486  0.000% neg 0  invalid 762 tFOTS 3.0270 tGradient 0.6130 tsec 3.9440
#GCMRL#  461 dt   0.112000 rms  0.486  0.033% neg 0  invalid 762 tFOTS 0.0000 tGradient 0.6170 tsec 0.8870
#GCMRL#  462 dt   0.112000 rms  0.486  0.054% neg 0  invalid 762 tFOTS 0.0000 tGradient 0.6150 tsec 0.8830
#GCMRL#  463 dt   0.112000 rms  0.486  0.058% neg 0  invalid 762 tFOTS 0.0000 tGradient 0.5950 tsec 0.8500
#GCMRL#  464 dt   0.112000 rms  0.485  0.050% neg 0  invalid 762 tFOTS 0.0000 tGradient 0.5990 tsec 0.8510
#GCMRL#  465 dt   0.112000 rms  0.485  0.030% neg 0  invalid 762 tFOTS 0.0000 tGradient 0.6120 tsec 0.8750
#GCMRL#  466 dt   0.112000 rms  0.485  0.007% neg 0  invalid 762 tFOTS 0.0000 tGradient 0.6000 tsec 0.8560
#GCMRL#  467 dt   0.112000 rms  0.485 -0.011% neg 0  invalid 762 tFOTS 0.0000 tGradient 0.6170 tsec 1.1040
GCAMregister done in 22.3006 min
********************* ALLOWING NEGATIVE NODES IN DEFORMATION********************************
noneg post
Starting GCAMregister()
label assignment complete, 0 changed (0.00%)
npasses = 1, nlevels = 6
#pass# 1 of 1 ************************
enabling zero nodes
setting smoothness cost coefficient to 0.008

#GCAMreg# pass 0 level1 5 level2 0 tsec 0 sigma 2
l_jacobian=1.00 l_label=1.00 l_log_likelihood=0.20 l_smoothness=0.01 
tol=2.50e-01, dt=5.00e-02, exp_k=20.0, momentum=0.90, levels=6, niter=500, lbl_dist=10.00, avgs=256, sigma=2.0,type=2, relabel=0, neg=yes

blurring input image with Gaussian with sigma=2.000...
GCAMRegisterLevel(): init RMS 0.483193
#FOTS# QuadFit found better minimum quadopt=(dt=73.984,rms=0.482392) vs oldopt=(dt=92.48,rms=0.482393)
#GCMRL#  469 dt  73.984000 rms  0.482  0.166% neg 0  invalid 762 tFOTS 4.6430 tGradient 1.9060 tsec 6.8430
#FOTS# QuadFit found better minimum quadopt=(dt=129.472,rms=0.482256) vs oldopt=(dt=92.48,rms=0.482285)
#GCMRL#  470 dt 129.472000 rms  0.482  0.000% neg 0  invalid 762 tFOTS 4.0270 tGradient 1.7660 tsec 6.1040
#GCMRL#  471 dt 129.472000 rms  0.482  0.041% neg 0  invalid 762 tFOTS 0.0000 tGradient 1.7680 tsec 2.0380
#GCMRL#  472 dt 129.472000 rms  0.482  0.048% neg 0  invalid 762 tFOTS 0.0000 tGradient 1.7710 tsec 2.0390
#GCMRL#  473 dt 129.472000 rms  0.482  0.039% neg 0  invalid 762 tFOTS 0.0000 tGradient 1.7720 tsec 2.0370

#GCAMreg# pass 0 level1 5 level2 1 tsec 29.08 sigma 0.5
l_jacobian=1.00 l_label=1.00 l_log_likelihood=0.20 l_smoothness=0.01 
tol=2.50e-01, dt=5.00e-02, exp_k=20.0, momentum=0.90, levels=6, niter=500, lbl_dist=10.00, avgs=256, sigma=0.5,type=2, relabel=0, neg=yes

blurring input image with Gaussian with sigma=0.500...
GCAMRegisterLevel(): init RMS 0.48221
#GCMRL#  475 dt 369.920000 rms  0.480  0.408% neg 0  invalid 762 tFOTS 3.9930 tGradient 1.7770 tsec 6.0510
#FOTS# QuadFit found better minimum quadopt=(dt=73.984,rms=0.480067) vs oldopt=(dt=92.48,rms=0.480083)
#GCMRL#  476 dt  73.984000 rms  0.480  0.000% neg 0  invalid 762 tFOTS 4.2880 tGradient 1.7400 tsec 6.3530
#GCMRL#  477 dt  73.984000 rms  0.480  0.002% neg 0  invalid 762 tFOTS 0.0000 tGradient 2.0560 tsec 2.3320
setting smoothness cost coefficient to 0.031

#GCAMreg# pass 0 level1 4 level2 0 tsec 0 sigma 2
l_jacobian=1.00 l_label=1.00 l_log_likelihood=0.20 l_smoothness=0.03 
tol=2.50e-01, dt=5.00e-02, exp_k=20.0, momentum=0.90, levels=6, niter=500, lbl_dist=10.00, avgs=64, sigma=2.0,type=2, relabel=0, neg=yes

blurring input image with Gaussian with sigma=2.000...
GCAMRegisterLevel(): init RMS 0.480818
#FOTS# QuadFit found better minimum quadopt=(dt=36.288,rms=0.479547) vs oldopt=(dt=25.92,rms=0.479663)
#GCMRL#  479 dt  36.288000 rms  0.480  0.264% neg 0  invalid 762 tFOTS 4.2790 tGradient 1.3950 tsec 6.0080
#FOTS# QuadFit found better minimum quadopt=(dt=145.152,rms=0.478369) vs oldopt=(dt=103.68,rms=0.478449)
#GCMRL#  480 dt 145.152000 rms  0.478  0.000% neg 0  invalid 762 tFOTS 4.3960 tGradient 1.6450 tsec 6.3930
#GCMRL#  481 dt 145.152000 rms  0.476  0.550% neg 0  invalid 762 tFOTS 0.0000 tGradient 1.6770 tsec 1.9980
iter 0, gcam->neg = 1
after 2 iterations, nbhd size=0, neg = 0
#GCMRL#  482 dt 145.152000 rms  0.475  0.210% neg 0  invalid 762 tFOTS 0.0000 tGradient 1.7160 tsec 3.1180
iter 0, gcam->neg = 3
after 6 iterations, nbhd size=0, neg = 0
#GCMRL#  483 dt 145.152000 rms  0.475 -0.235% neg 0  invalid 762 tFOTS 0.0000 tGradient 1.5590 tsec 4.3350
#FOTS# QuadFit found better minimum quadopt=(dt=36.288,rms=0.474497) vs oldopt=(dt=25.92,rms=0.474514)
#GCMRL#  484 dt  36.288000 rms  0.474  0.059% neg 0  invalid 762 tFOTS 4.0000 tGradient 1.2980 tsec 5.5890
#FOTS# QuadFit found better minimum quadopt=(dt=331.776,rms=0.474084) vs oldopt=(dt=414.72,rms=0.474142)
iter 0, gcam->neg = 1
after 6 iterations, nbhd size=1, neg = 0
#GCMRL#  485 dt 331.776000 rms  0.474  0.071% neg 0  invalid 762 tFOTS 4.0100 tGradient 1.3150 tsec 7.7780
#FOTS# QuadFit found better minimum quadopt=(dt=124.416,rms=0.473575) vs oldopt=(dt=103.68,rms=0.473592)
#GCMRL#  486 dt 124.416000 rms  0.474  0.123% neg 0  invalid 762 tFOTS 3.9910 tGradient 1.2800 tsec 5.5580
#FOTS# QuadFit found better minimum quadopt=(dt=62.208,rms=0.473247) vs oldopt=(dt=103.68,rms=0.473315)
iter 0, gcam->neg = 1
after 4 iterations, nbhd size=0, neg = 0

#GCAMreg# pass 0 level1 4 level2 1 tsec 56.15 sigma 0.5
l_jacobian=1.00 l_label=1.00 l_log_likelihood=0.20 l_smoothness=0.03 
tol=2.50e-01, dt=5.00e-02, exp_k=20.0, momentum=0.90, levels=6, niter=500, lbl_dist=10.00, avgs=64, sigma=0.5,type=2, relabel=0, neg=yes

blurring input image with Gaussian with sigma=0.500...
GCAMRegisterLevel(): init RMS 0.473987
#GCMRL#  488 dt 103.680000 rms  0.472  0.444% neg 0  invalid 762 tFOTS 4.0320 tGradient 1.2790 tsec 5.5990
#FOTS# QuadFit found better minimum quadopt=(dt=36.288,rms=0.471315) vs oldopt=(dt=25.92,rms=0.471407)
#GCMRL#  489 dt  36.288000 rms  0.471  0.000% neg 0  invalid 762 tFOTS 4.8040 tGradient 1.2860 tsec 6.4640
#GCMRL#  490 dt  36.288000 rms  0.471  0.028% neg 0  invalid 762 tFOTS 0.0000 tGradient 1.5240 tsec 1.8450
iter 0, gcam->neg = 1
after 2 iterations, nbhd size=0, neg = 0
#GCMRL#  491 dt  36.288000 rms  0.471  0.049% neg 0  invalid 762 tFOTS 0.0000 tGradient 1.5460 tsec 3.0070
#GCMRL#  492 dt  36.288000 rms  0.471  0.063% neg 0  invalid 762 tFOTS 0.0000 tGradient 1.3600 tsec 1.6270
#GCMRL#  493 dt  36.288000 rms  0.470  0.072% neg 0  invalid 762 tFOTS 0.0000 tGradient 1.3270 tsec 1.5930
#GCMRL#  494 dt  36.288000 rms  0.470  0.074% neg 0  invalid 762 tFOTS 0.0000 tGradient 1.3610 tsec 1.6300
#GCMRL#  495 dt  36.288000 rms  0.470  0.066% neg 0  invalid 762 tFOTS 0.0000 tGradient 1.3760 tsec 1.6640
#GCMRL#  496 dt  36.288000 rms  0.469  0.064% neg 0  invalid 762 tFOTS 0.0000 tGradient 1.5030 tsec 1.8300
#FOTS# QuadFit found better minimum quadopt=(dt=145.152,rms=0.46921) vs oldopt=(dt=103.68,rms=0.469218)
setting smoothness cost coefficient to 0.118

#GCAMreg# pass 0 level1 3 level2 0 tsec 0 sigma 2
l_jacobian=1.00 l_label=1.00 l_log_likelihood=0.20 l_smoothness=0.12 
tol=2.50e-01, dt=5.00e-02, exp_k=20.0, momentum=0.90, levels=6, niter=500, lbl_dist=10.00, avgs=16, sigma=2.0,type=2, relabel=0, neg=yes

blurring input image with Gaussian with sigma=2.000...
GCAMRegisterLevel(): init RMS 0.470671
#FOTS# QuadFit found better minimum quadopt=(dt=58.1622,rms=0.466557) vs oldopt=(dt=32,rms=0.467048)
iter 0, gcam->neg = 7
after 7 iterations, nbhd size=0, neg = 0
#GCMRL#  498 dt  58.162162 rms  0.467  0.874% neg 0  invalid 762 tFOTS 4.3240 tGradient 1.2040 tsec 8.2560
#FOTS# QuadFit found better minimum quadopt=(dt=52.6355,rms=0.46249) vs oldopt=(dt=32,rms=0.463007)
iter 0, gcam->neg = 9
after 11 iterations, nbhd size=1, neg = 0
#GCMRL#  499 dt  52.635514 rms  0.463  0.862% neg 0  invalid 762 tFOTS 4.3430 tGradient 1.1900 tsec 9.3570
#FOTS# QuadFit found better minimum quadopt=(dt=24.3288,rms=0.460923) vs oldopt=(dt=32,rms=0.461164)
iter 0, gcam->neg = 1
after 0 iterations, nbhd size=0, neg = 0
#GCMRL#  500 dt  24.328767 rms  0.461  0.349% neg 0  invalid 762 tFOTS 4.3380 tGradient 1.1930 tsec 6.3640
#FOTS# QuadFit found better minimum quadopt=(dt=44.8,rms=0.459479) vs oldopt=(dt=32,rms=0.459595)
iter 0, gcam->neg = 2
after 0 iterations, nbhd size=0, neg = 0
#GCMRL#  501 dt  44.800000 rms  0.459  0.313% neg 0  invalid 762 tFOTS 4.6750 tGradient 1.2290 tsec 6.7880
iter 0, gcam->neg = 2
after 9 iterations, nbhd size=1, neg = 0
#GCMRL#  502 dt  32.000000 rms  0.458  0.000% neg 0  invalid 762 tFOTS 4.2350 tGradient 1.3560 tsec 8.8650
iter 0, gcam->neg = 5
after 5 iterations, nbhd size=0, neg = 0
#GCMRL#  503 dt  32.000000 rms  0.458  0.133% neg 0  invalid 762 tFOTS 0.0000 tGradient 1.2530 tsec 3.3710
iter 0, gcam->neg = 8
after 6 iterations, nbhd size=0, neg = 0
#GCMRL#  504 dt  32.000000 rms  0.456  0.322% neg 0  invalid 762 tFOTS 0.0000 tGradient 1.2170 tsec 3.5850
iter 0, gcam->neg = 8
after 5 iterations, nbhd size=0, neg = 0
#GCMRL#  505 dt  32.000000 rms  0.455  0.371% neg 0  invalid 762 tFOTS 0.0000 tGradient 1.1930 tsec 3.3180
iter 0, gcam->neg = 13
after 18 iterations, nbhd size=1, neg = 0
#GCMRL#  506 dt  32.000000 rms  0.453  0.331% neg 0  invalid 762 tFOTS 0.0000 tGradient 1.1740 tsec 6.7950
iter 0, gcam->neg = 23
after 11 iterations, nbhd size=1, neg = 0
#GCMRL#  507 dt  32.000000 rms  0.452  0.225% neg 0  invalid 762 tFOTS 0.0000 tGradient 1.2200 tsec 4.8590
iter 0, gcam->neg = 29
after 6 iterations, nbhd size=0, neg = 0
#GCMRL#  508 dt  32.000000 rms  0.451  0.291% neg 0  invalid 762 tFOTS 0.0000 tGradient 1.1670 tsec 3.4930
iter 0, gcam->neg = 10
after 10 iterations, nbhd size=1, neg = 0
#GCMRL#  509 dt  32.000000 rms  0.450  0.253% neg 0  invalid 762 tFOTS 0.0000 tGradient 1.1590 tsec 4.5000
iter 0, gcam->neg = 19
after 16 iterations, nbhd size=1, neg = 0
#GCMRL#  510 dt  32.000000 rms  0.449  0.205% neg 0  invalid 762 tFOTS 0.0000 tGradient 1.1470 tsec 6.0490
iter 0, gcam->neg = 27
after 13 iterations, nbhd size=1, neg = 0
#GCMRL#  511 dt  32.000000 rms  0.448  0.133% neg 0  invalid 762 tFOTS 0.0000 tGradient 1.1520 tsec 5.3260
iter 0, gcam->neg = 26
after 13 iterations, nbhd size=1, neg = 0
#GCMRL#  512 dt  32.000000 rms  0.447  0.212% neg 0  invalid 762 tFOTS 0.0000 tGradient 1.1540 tsec 5.3030
iter 0, gcam->neg = 39
after 8 iterations, nbhd size=0, neg = 0
#GCMRL#  513 dt  32.000000 rms  0.447  0.145% neg 0  invalid 762 tFOTS 0.0000 tGradient 1.1290 tsec 3.9920
iter 0, gcam->neg = 40
after 13 iterations, nbhd size=0, neg = 0
#GCMRL#  514 dt  32.000000 rms  0.446  0.118% neg 0  invalid 762 tFOTS 0.0000 tGradient 1.1650 tsec 5.3380
iter 0, gcam->neg = 66
after 16 iterations, nbhd size=1, neg = 0
#GCMRL#  515 dt  32.000000 rms  0.446 -0.026% neg 0  invalid 762 tFOTS 0.0000 tGradient 1.1650 tsec 6.3910
#FOTS# QuadFit found better minimum quadopt=(dt=11.2,rms=0.445874) vs oldopt=(dt=8,rms=0.445884)
iter 0, gcam->neg = 3
after 4 iterations, nbhd size=0, neg = 0
#GCMRL#  516 dt  11.200000 rms  0.446  0.017% neg 0  invalid 762 tFOTS 4.4450 tGradient 1.1960 tsec 7.5150
#FOTS# QuadFit found better minimum quadopt=(dt=11.2,rms=0.445818) vs oldopt=(dt=8,rms=0.445819)
iter 0, gcam->neg = 1
after 0 iterations, nbhd size=0, neg = 0

#GCAMreg# pass 0 level1 3 level2 1 tsec 124.058 sigma 0.5
l_jacobian=1.00 l_label=1.00 l_log_likelihood=0.20 l_smoothness=0.12 
tol=2.50e-01, dt=5.00e-02, exp_k=20.0, momentum=0.90, levels=6, niter=500, lbl_dist=10.00, avgs=16, sigma=0.5,type=2, relabel=0, neg=yes

blurring input image with Gaussian with sigma=0.500...
GCAMRegisterLevel(): init RMS 0.446569
#FOTS# QuadFit found better minimum quadopt=(dt=44.8,rms=0.443775) vs oldopt=(dt=32,rms=0.444071)
iter 0, gcam->neg = 13
after 7 iterations, nbhd size=0, neg = 0
#GCMRL#  518 dt  44.800000 rms  0.444  0.627% neg 0  invalid 762 tFOTS 4.6470 tGradient 1.1920 tsec 8.7840
#FOTS# QuadFit found better minimum quadopt=(dt=38.4,rms=0.443298) vs oldopt=(dt=32,rms=0.443306)
iter 0, gcam->neg = 3
after 2 iterations, nbhd size=0, neg = 0
#GCMRL#  519 dt  38.400000 rms  0.443  0.000% neg 0  invalid 762 tFOTS 4.9350 tGradient 1.3870 tsec 7.6960
#GCMRL#  520 dt  38.400000 rms  0.443  0.096% neg 0  invalid 762 tFOTS 0.0000 tGradient 1.1680 tsec 1.4270
iter 0, gcam->neg = 2
after 5 iterations, nbhd size=0, neg = 0
#GCMRL#  521 dt  38.400000 rms  0.442  0.137% neg 0  invalid 762 tFOTS 0.0000 tGradient 1.1610 tsec 3.2580
iter 0, gcam->neg = 4
after 2 iterations, nbhd size=0, neg = 0
#GCMRL#  522 dt  38.400000 rms  0.442  0.090% neg 0  invalid 762 tFOTS 0.0000 tGradient 1.1780 tsec 2.5010
iter 0, gcam->neg = 13
after 8 iterations, nbhd size=0, neg = 0
#GCMRL#  523 dt  38.400000 rms  0.442  0.056% neg 0  invalid 762 tFOTS 0.0000 tGradient 1.1560 tsec 4.0760
#FOTS# QuadFit found better minimum quadopt=(dt=11.2,rms=0.441488) vs oldopt=(dt=8,rms=0.441516)
iter 0, gcam->neg = 1
after 7 iterations, nbhd size=1, neg = 0
#GCMRL#  524 dt  11.200000 rms  0.442  0.000% neg 0  invalid 762 tFOTS 4.3690 tGradient 1.1590 tsec 8.1930
iter 0, gcam->neg = 1
after 0 iterations, nbhd size=0, neg = 0
#GCMRL#  525 dt  11.200000 rms  0.441  0.029% neg 0  invalid 762 tFOTS 0.0000 tGradient 1.1660 tsec 1.9600
iter 0, gcam->neg = 3
after 3 iterations, nbhd size=0, neg = 0
#GCMRL#  526 dt  11.200000 rms  0.441  0.024% neg 0  invalid 762 tFOTS 0.0000 tGradient 1.1660 tsec 2.7610
iter 0, gcam->neg = 4
after 14 iterations, nbhd size=1, neg = 0
setting smoothness cost coefficient to 0.400

#GCAMreg# pass 0 level1 2 level2 0 tsec 0 sigma 2
l_jacobian=1.00 l_label=1.00 l_log_likelihood=0.20 l_smoothness=0.40 
tol=2.50e-01, dt=5.00e-02, exp_k=20.0, momentum=0.90, levels=6, niter=500, lbl_dist=10.00, avgs=4, sigma=2.0,type=2, relabel=0, neg=yes

blurring input image with Gaussian with sigma=2.000...
GCAMRegisterLevel(): init RMS 0.450559
#GCMRL#  528 dt   0.180000 rms  0.450  0.164% neg 0  invalid 762 tFOTS 4.2840 tGradient 1.1320 tsec 5.7010
#FOTS# QuadFit found better minimum quadopt=(dt=0.063,rms=0.449818) vs oldopt=(dt=0.045,rms=0.449818)
#GCMRL#  529 dt   0.063000 rms  0.450  0.000% neg 0  invalid 762 tFOTS 4.2910 tGradient 1.1020 tsec 5.7050
#GCMRL#  530 dt   0.063000 rms  0.450  0.000% neg 0  invalid 762 tFOTS 0.0000 tGradient 1.1100 tsec 1.4040

#GCAMreg# pass 0 level1 2 level2 1 tsec 22.503 sigma 0.5
l_jacobian=1.00 l_label=1.00 l_log_likelihood=0.20 l_smoothness=0.40 
tol=2.50e-01, dt=5.00e-02, exp_k=20.0, momentum=0.90, levels=6, niter=500, lbl_dist=10.00, avgs=4, sigma=0.5,type=2, relabel=0, neg=yes

blurring input image with Gaussian with sigma=0.500...
GCAMRegisterLevel(): init RMS 0.450558
#FOTS# QuadFit found better minimum quadopt=(dt=1.008,rms=0.449763) vs oldopt=(dt=0.72,rms=0.449774)
iter 0, gcam->neg = 1
after 0 iterations, nbhd size=0, neg = 0
#GCMRL#  532 dt   1.008000 rms  0.450  0.177% neg 0  invalid 762 tFOTS 4.2580 tGradient 1.1270 tsec 6.2080
#FOTS# QuadFit found better minimum quadopt=(dt=1.008,rms=0.449738) vs oldopt=(dt=0.72,rms=0.449741)
iter 0, gcam->neg = 1
after 1 iterations, nbhd size=0, neg = 0
#GCMRL#  533 dt   1.008000 rms  0.450  0.000% neg 0  invalid 762 tFOTS 4.4180 tGradient 1.1230 tsec 6.6540
iter 0, gcam->neg = 1
after 2 iterations, nbhd size=0, neg = 0
setting smoothness cost coefficient to 1.000

#GCAMreg# pass 0 level1 1 level2 0 tsec 0 sigma 2
l_jacobian=1.00 l_label=1.00 l_log_likelihood=0.20 l_smoothness=1.00 
tol=2.50e-01, dt=5.00e-02, exp_k=20.0, momentum=0.90, levels=6, niter=500, lbl_dist=10.00, avgs=1, sigma=2.0,type=2, relabel=0, neg=yes

blurring input image with Gaussian with sigma=2.000...
GCAMRegisterLevel(): init RMS 0.466654
#FOTS# QuadFit found better minimum quadopt=(dt=1.536,rms=0.463907) vs oldopt=(dt=1.28,rms=0.463946)
iter 0, gcam->neg = 2
after 2 iterations, nbhd size=0, neg = 0
#GCMRL#  535 dt   1.536000 rms  0.464  0.589% neg 0  invalid 762 tFOTS 4.4080 tGradient 1.0700 tsec 6.8240
#FOTS# QuadFit found better minimum quadopt=(dt=0.448,rms=0.463807) vs oldopt=(dt=0.32,rms=0.463818)
#GCMRL#  536 dt   0.448000 rms  0.464  0.000% neg 0  invalid 762 tFOTS 4.3910 tGradient 1.0630 tsec 5.7550
iter 0, gcam->neg = 1
after 1 iterations, nbhd size=0, neg = 0

#GCAMreg# pass 0 level1 1 level2 1 tsec 22.89 sigma 0.5
l_jacobian=1.00 l_label=1.00 l_log_likelihood=0.20 l_smoothness=1.00 
tol=2.50e-01, dt=5.00e-02, exp_k=20.0, momentum=0.90, levels=6, niter=500, lbl_dist=10.00, avgs=1, sigma=0.5,type=2, relabel=0, neg=yes

blurring input image with Gaussian with sigma=0.500...
GCAMRegisterLevel(): init RMS 0.464521
iter 0, gcam->neg = 2
after 1 iterations, nbhd size=0, neg = 0
#GCMRL#  538 dt   1.280000 rms  0.463  0.284% neg 0  invalid 762 tFOTS 4.3990 tGradient 1.0660 tsec 6.5480
#FOTS# QuadFit found better minimum quadopt=(dt=0.448,rms=0.463139) vs oldopt=(dt=0.32,rms=0.463147)
#GCMRL#  539 dt   0.448000 rms  0.463  0.000% neg 0  invalid 762 tFOTS 5.0050 tGradient 1.0600 tsec 6.4460
#GCMRL#  540 dt   0.448000 rms  0.463  0.002% neg 0  invalid 762 tFOTS 0.0000 tGradient 1.4020 tsec 1.7670
resetting metric properties...
setting smoothness cost coefficient to 2.000

#GCAMreg# pass 0 level1 0 level2 0 tsec 0 sigma 2
l_jacobian=1.00 l_label=1.00 l_log_likelihood=0.20 l_smoothness=2.00 
tol=2.50e-01, dt=5.00e-02, exp_k=20.0, momentum=0.90, levels=6, niter=500, lbl_dist=10.00, avgs=0, sigma=2.0,type=2, relabel=0, neg=yes

blurring input image with Gaussian with sigma=2.000...
GCAMRegisterLevel(): init RMS 0.451431
#FOTS# QuadFit found better minimum quadopt=(dt=2.13639,rms=0.424599) vs oldopt=(dt=1.28,rms=0.428957)
iter 0, gcam->neg = 536
after 19 iterations, nbhd size=1, neg = 0
#GCMRL#  542 dt   2.136393 rms  0.425  5.793% neg 0  invalid 762 tFOTS 6.0090 tGradient 0.9330 tsec 13.5420
#FOTS# QuadFit found better minimum quadopt=(dt=0.064,rms=0.425106) vs oldopt=(dt=0.08,rms=0.425107)
#GCMRL#  543 dt   0.064000 rms  0.425  0.000% neg 0  invalid 762 tFOTS 4.4590 tGradient 0.7250 tsec 5.5080

#GCAMreg# pass 0 level1 0 level2 1 tsec 28.439 sigma 0.5
l_jacobian=1.00 l_label=1.00 l_log_likelihood=0.20 l_smoothness=2.00 
tol=2.50e-01, dt=5.00e-02, exp_k=20.0, momentum=0.90, levels=6, niter=500, lbl_dist=10.00, avgs=0, sigma=0.5,type=2, relabel=0, neg=yes

blurring input image with Gaussian with sigma=0.500...
GCAMRegisterLevel(): init RMS 0.425928
#FOTS# QuadFit found better minimum quadopt=(dt=0.048,rms=0.425019) vs oldopt=(dt=0.08,rms=0.425035)
#GCMRL#  545 dt   0.048000 rms  0.425  0.214% neg 0  invalid 762 tFOTS 4.3910 tGradient 0.7230 tsec 5.4140
#FOTS# QuadFit found better minimum quadopt=(dt=0.007,rms=0.425014) vs oldopt=(dt=0.005,rms=0.425014)
#GCMRL#  546 dt   0.007000 rms  0.425  0.000% neg 0  invalid 762 tFOTS 4.3700 tGradient 0.7490 tsec 5.4400
#GCMRL#  547 dt   0.007000 rms  0.425  0.000% neg 0  invalid 762 tFOTS 0.0000 tGradient 0.7380 tsec 1.0320
label assignment complete, 0 changed (0.00%)
GCAMregister done in 7.1819 min
Starting GCAMcomputeMaxPriorLabels()
Morphing with label term set to 0 *******************************
Starting GCAMregister()
label assignment complete, 0 changed (0.00%)
npasses = 1, nlevels = 6
#pass# 1 of 1 ************************
enabling zero nodes
setting smoothness cost coefficient to 0.008

#GCAMreg# pass 0 level1 5 level2 0 tsec 0 sigma 2
l_jacobian=1.00 l_log_likelihood=0.20 l_smoothness=0.01 
tol=2.50e-01, dt=5.00e-02, exp_k=20.0, momentum=0.90, levels=6, niter=500, lbl_dist=10.00, avgs=256, sigma=2.0,type=2, relabel=0, neg=yes

blurring input image with Gaussian with sigma=2.000...
GCAMRegisterLevel(): init RMS 0.411589

#GCAMreg# pass 0 level1 5 level2 1 tsec 13.577 sigma 0.5
l_jacobian=1.00 l_log_likelihood=0.20 l_smoothness=0.01 
tol=2.50e-01, dt=5.00e-02, exp_k=20.0, momentum=0.90, levels=6, niter=500, lbl_dist=10.00, avgs=256, sigma=0.5,type=2, relabel=0, neg=yes

blurring input image with Gaussian with sigma=0.500...
GCAMRegisterLevel(): init RMS 0.411589
#FOTS# QuadFit found better minimum quadopt=(dt=32.368,rms=0.41158) vs oldopt=(dt=23.12,rms=0.411581)
#GCMRL#  550 dt  32.368000 rms  0.412  0.002% neg 0  invalid 762 tFOTS 4.0070 tGradient 1.1510 tsec 5.4420
#FOTS# QuadFit found better minimum quadopt=(dt=32.368,rms=0.411577) vs oldopt=(dt=23.12,rms=0.411577)
#GCMRL#  551 dt  32.368000 rms  0.412  0.000% neg 0  invalid 762 tFOTS 4.0060 tGradient 1.1680 tsec 5.4800
#GCMRL#  552 dt  32.368000 rms  0.412  0.001% neg 0  invalid 762 tFOTS 0.0000 tGradient 1.1640 tsec 1.4340
#GCMRL#  553 dt  32.368000 rms  0.412  0.000% neg 0  invalid 762 tFOTS 0.0000 tGradient 1.1990 tsec 1.4730
setting smoothness cost coefficient to 0.031

#GCAMreg# pass 0 level1 4 level2 0 tsec 0 sigma 2
l_jacobian=1.00 l_log_likelihood=0.20 l_smoothness=0.03 
tol=2.50e-01, dt=5.00e-02, exp_k=20.0, momentum=0.90, levels=6, niter=500, lbl_dist=10.00, avgs=64, sigma=2.0,type=2, relabel=0, neg=yes

blurring input image with Gaussian with sigma=2.000...
GCAMRegisterLevel(): init RMS 0.41174

#GCAMreg# pass 0 level1 4 level2 1 tsec 13.309 sigma 0.5
l_jacobian=1.00 l_log_likelihood=0.20 l_smoothness=0.03 
tol=2.50e-01, dt=5.00e-02, exp_k=20.0, momentum=0.90, levels=6, niter=500, lbl_dist=10.00, avgs=64, sigma=0.5,type=2, relabel=0, neg=yes

blurring input image with Gaussian with sigma=0.500...
GCAMRegisterLevel(): init RMS 0.41174
#FOTS# QuadFit found better minimum quadopt=(dt=145.152,rms=0.411145) vs oldopt=(dt=103.68,rms=0.41121)
#GCMRL#  556 dt 145.152000 rms  0.411  0.145% neg 0  invalid 762 tFOTS 3.7960 tGradient 0.9340 tsec 5.0140
#FOTS# QuadFit found better minimum quadopt=(dt=124.416,rms=0.410806) vs oldopt=(dt=103.68,rms=0.41081)
#GCMRL#  557 dt 124.416000 rms  0.411  0.000% neg 0  invalid 762 tFOTS 3.7980 tGradient 0.9250 tsec 5.0290
setting smoothness cost coefficient to 0.118

#GCAMreg# pass 0 level1 3 level2 0 tsec 0 sigma 2
l_jacobian=1.00 l_log_likelihood=0.20 l_smoothness=0.12 
tol=2.50e-01, dt=5.00e-02, exp_k=20.0, momentum=0.90, levels=6, niter=500, lbl_dist=10.00, avgs=16, sigma=2.0,type=2, relabel=0, neg=yes

blurring input image with Gaussian with sigma=2.000...
GCAMRegisterLevel(): init RMS 0.411451
#FOTS# QuadFit found better minimum quadopt=(dt=30.1395,rms=0.410362) vs oldopt=(dt=32,rms=0.410379)
iter 0, gcam->neg = 3
after 4 iterations, nbhd size=0, neg = 0
#GCMRL#  559 dt  30.139535 rms  0.410  0.265% neg 0  invalid 762 tFOTS 4.0510 tGradient 0.8160 tsec 6.8610
#FOTS# QuadFit found better minimum quadopt=(dt=92.5405,rms=0.408724) vs oldopt=(dt=32,rms=0.409104)
iter 0, gcam->neg = 46
after 18 iterations, nbhd size=1, neg = 0
#GCMRL#  560 dt  92.540541 rms  0.409  0.335% neg 0  invalid 762 tFOTS 4.0570 tGradient 0.8270 tsec 10.8820
#FOTS# QuadFit found better minimum quadopt=(dt=11.2,rms=0.408549) vs oldopt=(dt=8,rms=0.408638)
iter 0, gcam->neg = 3
after 7 iterations, nbhd size=1, neg = 0
#GCMRL#  561 dt  11.200000 rms  0.409  0.000% neg 0  invalid 762 tFOTS 4.1160 tGradient 0.8360 tsec 7.9630
iter 0, gcam->neg = 3
after 8 iterations, nbhd size=0, neg = 0
#GCMRL#  562 dt  11.200000 rms  0.408  0.040% neg 0  invalid 762 tFOTS 0.0000 tGradient 0.8520 tsec 4.0830
iter 0, gcam->neg = 3
after 7 iterations, nbhd size=1, neg = 0
#GCMRL#  563 dt  11.200000 rms  0.408  0.030% neg 0  invalid 762 tFOTS 0.0000 tGradient 0.8550 tsec 3.8290
iter 0, gcam->neg = 10
after 8 iterations, nbhd size=0, neg = 0
#GCMRL#  564 dt  11.200000 rms  0.408  0.036% neg 0  invalid 762 tFOTS 0.0000 tGradient 0.8580 tsec 4.1780
iter 0, gcam->neg = 19
after 19 iterations, nbhd size=1, neg = 0
#GCMRL#  565 dt  11.200000 rms  0.408  0.055% neg 0  invalid 762 tFOTS 0.0000 tGradient 0.8580 tsec 7.7940
iter 0, gcam->neg = 23
after 13 iterations, nbhd size=1, neg = 0
#GCMRL#  566 dt  11.200000 rms  0.408  0.061% neg 0  invalid 762 tFOTS 0.0000 tGradient 0.8360 tsec 5.3550
iter 0, gcam->neg = 31
after 17 iterations, nbhd size=1, neg = 0
#GCMRL#  567 dt  11.200000 rms  0.407  0.051% neg 0  invalid 762 tFOTS 0.0000 tGradient 0.8210 tsec 6.4710
#FOTS# QuadFit found better minimum quadopt=(dt=44.8,rms=0.40738) vs oldopt=(dt=32,rms=0.407386)
iter 0, gcam->neg = 12
after 5 iterations, nbhd size=0, neg = 0

#GCAMreg# pass 0 level1 3 level2 1 tsec 72.509 sigma 0.5
l_jacobian=1.00 l_log_likelihood=0.20 l_smoothness=0.12 
tol=2.50e-01, dt=5.00e-02, exp_k=20.0, momentum=0.90, levels=6, niter=500, lbl_dist=10.00, avgs=16, sigma=0.5,type=2, relabel=0, neg=yes

blurring input image with Gaussian with sigma=0.500...
GCAMRegisterLevel(): init RMS 0.407413
#FOTS# QuadFit found better minimum quadopt=(dt=60.6018,rms=0.404748) vs oldopt=(dt=32,rms=0.405169)
iter 0, gcam->neg = 5
after 4 iterations, nbhd size=0, neg = 0
#GCMRL#  569 dt  60.601770 rms  0.405  0.654% neg 0  invalid 762 tFOTS 3.9780 tGradient 0.7980 tsec 6.7400
#FOTS# QuadFit found better minimum quadopt=(dt=24.8195,rms=0.403902) vs oldopt=(dt=32,rms=0.404026)
iter 0, gcam->neg = 1
after 1 iterations, nbhd size=0, neg = 0
#GCMRL#  570 dt  24.819512 rms  0.404  0.000% neg 0  invalid 762 tFOTS 3.9890 tGradient 0.7850 tsec 5.8610
iter 0, gcam->neg = 1
after 0 iterations, nbhd size=0, neg = 0
#GCMRL#  571 dt  24.819512 rms  0.404  0.094% neg 0  invalid 762 tFOTS 0.0000 tGradient 0.8070 tsec 1.6090
iter 0, gcam->neg = 4
after 5 iterations, nbhd size=0, neg = 0
#GCMRL#  572 dt  24.819512 rms  0.403  0.111% neg 0  invalid 762 tFOTS 0.0000 tGradient 0.7860 tsec 2.9430
iter 0, gcam->neg = 17
after 14 iterations, nbhd size=1, neg = 0
#GCMRL#  573 dt  24.819512 rms  0.402  0.144% neg 0  invalid 762 tFOTS 0.0000 tGradient 0.8040 tsec 5.5860
iter 0, gcam->neg = 12
after 7 iterations, nbhd size=0, neg = 0
#GCMRL#  574 dt  24.819512 rms  0.402  0.124% neg 0  invalid 762 tFOTS 0.0000 tGradient 0.8470 tsec 3.5760
iter 0, gcam->neg = 19
after 9 iterations, nbhd size=0, neg = 0
#GCMRL#  575 dt  24.819512 rms  0.401  0.126% neg 0  invalid 762 tFOTS 0.0000 tGradient 0.7900 tsec 4.0950
iter 0, gcam->neg = 14
after 9 iterations, nbhd size=0, neg = 0
#GCMRL#  576 dt  24.819512 rms  0.401  0.086% neg 0  invalid 762 tFOTS 0.0000 tGradient 0.7850 tsec 4.0650
iter 0, gcam->neg = 20
after 5 iterations, nbhd size=0, neg = 0
#GCMRL#  577 dt  24.819512 rms  0.401  0.076% neg 0  invalid 762 tFOTS 0.0000 tGradient 0.8010 tsec 3.0100
iter 0, gcam->neg = 3
after 1 iterations, nbhd size=0, neg = 0
#GCMRL#  578 dt  32.000000 rms  0.401  0.000% neg 0  invalid 762 tFOTS 3.6750 tGradient 0.8280 tsec 5.5880
#GCMRL#  579 dt  32.000000 rms  0.401  0.021% neg 0  invalid 762 tFOTS 0.0000 tGradient 0.7790 tsec 1.0260
iter 0, gcam->neg = 4
after 2 iterations, nbhd size=0, neg = 0
#GCMRL#  580 dt  32.000000 rms  0.400  0.039% neg 0  invalid 762 tFOTS 0.0000 tGradient 0.7810 tsec 2.1190
iter 0, gcam->neg = 4
after 11 iterations, nbhd size=1, neg = 0
#GCMRL#  581 dt  32.000000 rms  0.400  0.060% neg 0  invalid 762 tFOTS 0.0000 tGradient 0.7970 tsec 4.6930
iter 0, gcam->neg = 16
after 13 iterations, nbhd size=1, neg = 0
#GCMRL#  582 dt  32.000000 rms  0.400  0.078% neg 0  invalid 762 tFOTS 0.0000 tGradient 0.8030 tsec 5.2300
iter 0, gcam->neg = 32
after 9 iterations, nbhd size=0, neg = 0
#GCMRL#  583 dt  32.000000 rms  0.400  0.074% neg 0  invalid 762 tFOTS 0.0000 tGradient 0.7840 tsec 4.0460
iter 0, gcam->neg = 68
after 13 iterations, nbhd size=0, neg = 0
setting smoothness cost coefficient to 0.400

#GCAMreg# pass 0 level1 2 level2 0 tsec 0 sigma 2
l_jacobian=1.00 l_log_likelihood=0.20 l_smoothness=0.40 
tol=2.50e-01, dt=5.00e-02, exp_k=20.0, momentum=0.90, levels=6, niter=500, lbl_dist=10.00, avgs=4, sigma=2.0,type=2, relabel=0, neg=yes

blurring input image with Gaussian with sigma=2.000...
GCAMRegisterLevel(): init RMS 0.404231
#FOTS# QuadFit found better minimum quadopt=(dt=0.00027,rms=0.404231) vs oldopt=(dt=0.00045,rms=0.404231)
#GCMRL#  585 dt   0.000270 rms  0.404  0.000% neg 0  invalid 762 tFOTS 5.0410 tGradient 0.7540 tsec 6.0660

#GCAMreg# pass 0 level1 2 level2 1 tsec 18.788 sigma 0.5
l_jacobian=1.00 l_log_likelihood=0.20 l_smoothness=0.40 
tol=2.50e-01, dt=5.00e-02, exp_k=20.0, momentum=0.90, levels=6, niter=500, lbl_dist=10.00, avgs=4, sigma=0.5,type=2, relabel=0, neg=yes

blurring input image with Gaussian with sigma=0.500...
GCAMRegisterLevel(): init RMS 0.404231
#FOTS# QuadFit found better minimum quadopt=(dt=3.456,rms=0.404148) vs oldopt=(dt=2.88,rms=0.404148)
iter 0, gcam->neg = 6
after 6 iterations, nbhd size=0, neg = 0
#GCMRL#  587 dt   3.456000 rms  0.404  0.019% neg 0  invalid 762 tFOTS 4.6060 tGradient 0.7360 tsec 8.2750
#FOTS# QuadFit found better minimum quadopt=(dt=2.304,rms=0.404135) vs oldopt=(dt=2.88,rms=0.404138)
iter 0, gcam->neg = 2
after 0 iterations, nbhd size=0, neg = 0
#GCMRL#  588 dt   2.304000 rms  0.404  0.000% neg 0  invalid 762 tFOTS 4.8750 tGradient 1.0360 tsec 6.7720
iter 0, gcam->neg = 3
after 13 iterations, nbhd size=1, neg = 0
setting smoothness cost coefficient to 1.000

#GCAMreg# pass 0 level1 1 level2 0 tsec 0 sigma 2
l_jacobian=1.00 l_log_likelihood=0.20 l_smoothness=1.00 
tol=2.50e-01, dt=5.00e-02, exp_k=20.0, momentum=0.90, levels=6, niter=500, lbl_dist=10.00, avgs=1, sigma=2.0,type=2, relabel=0, neg=yes

blurring input image with Gaussian with sigma=2.000...
GCAMRegisterLevel(): init RMS 0.413164
#GCMRL#  590 dt   0.000050 rms  0.413  0.000% neg 0  invalid 762 tFOTS 5.1670 tGradient 0.6590 tsec 6.0930

#GCAMreg# pass 0 level1 1 level2 1 tsec 19.586 sigma 0.5
l_jacobian=1.00 l_log_likelihood=0.20 l_smoothness=1.00 
tol=2.50e-01, dt=5.00e-02, exp_k=20.0, momentum=0.90, levels=6, niter=500, lbl_dist=10.00, avgs=1, sigma=0.5,type=2, relabel=0, neg=yes

blurring input image with Gaussian with sigma=0.500...
GCAMRegisterLevel(): init RMS 0.413164
resetting metric properties...
setting smoothness cost coefficient to 2.000

#GCAMreg# pass 0 level1 0 level2 0 tsec 0 sigma 2
l_jacobian=1.00 l_log_likelihood=0.20 l_smoothness=2.00 
tol=2.50e-01, dt=5.00e-02, exp_k=20.0, momentum=0.90, levels=6, niter=500, lbl_dist=10.00, avgs=0, sigma=2.0,type=2, relabel=0, neg=yes

blurring input image with Gaussian with sigma=2.000...
GCAMRegisterLevel(): init RMS 0.398002
#FOTS# QuadFit found better minimum quadopt=(dt=0.991589,rms=0.390632) vs oldopt=(dt=1.28,rms=0.391259)
iter 0, gcam->neg = 554
after 21 iterations, nbhd size=1, neg = 0
#GCMRL#  593 dt   0.991589 rms  0.391  1.671% neg 0  invalid 762 tFOTS 3.9440 tGradient 0.2570 tsec 10.9860
#FOTS# QuadFit found better minimum quadopt=(dt=3e-05,rms=0.391349) vs oldopt=(dt=5e-05,rms=0.391349)
#GCMRL#  594 dt   0.000030 rms  0.391  0.000% neg 0  invalid 762 tFOTS 5.0310 tGradient 0.2580 tsec 5.5860

#GCAMreg# pass 0 level1 0 level2 1 tsec 25.807 sigma 0.5
l_jacobian=1.00 l_log_likelihood=0.20 l_smoothness=2.00 
tol=2.50e-01, dt=5.00e-02, exp_k=20.0, momentum=0.90, levels=6, niter=500, lbl_dist=10.00, avgs=0, sigma=0.5,type=2, relabel=0, neg=yes

blurring input image with Gaussian with sigma=0.500...
GCAMRegisterLevel(): init RMS 0.391349
#FOTS# QuadFit found better minimum quadopt=(dt=0.112,rms=0.391172) vs oldopt=(dt=0.08,rms=0.391187)
#GCMRL#  596 dt   0.112000 rms  0.391  0.045% neg 0  invalid 762 tFOTS 3.9540 tGradient 0.2590 tsec 4.4820
#FOTS# QuadFit found better minimum quadopt=(dt=0.112,rms=0.391081) vs oldopt=(dt=0.08,rms=0.391089)
#GCMRL#  597 dt   0.112000 rms  0.391  0.000% neg 0  invalid 762 tFOTS 3.9650 tGradient 0.2710 tsec 4.5260
#GCMRL#  598 dt   0.112000 rms  0.391  0.024% neg 0  invalid 762 tFOTS 0.0000 tGradient 0.2650 tsec 0.5180
#GCMRL#  599 dt   0.112000 rms  0.391  0.007% neg 0  invalid 762 tFOTS 0.0000 tGradient 0.2600 tsec 0.5190
GCAMregister done in 4.96718 min
writing output transformation to transforms/talairach.m3z...
GCAMwrite
Calls to gcamLogLikelihoodEnergy 4694 tmin = 1.7995
Calls to gcamLabelEnergy         4135 tmin = 1.11488
Calls to gcamJacobianEnergy      4694 tmin = 1.07073
Calls to gcamSmoothnessEnergy    4694 tmin = 4.25903
Calls to gcamLogLikelihoodTerm 601 tmin = 0.525183
Calls to gcamLabelTerm         549 tmin = 5.4809
Calls to gcamJacobianTerm      601 tmin = 0.973383
Calls to gcamSmoothnessTerm    601 tmin = 0.456633
Calls to gcamComputeGradient    601 tmin = 16.3642
Calls to gcamComputeMetricProperties    6847 tmin = 3.05927
mri_ca_register took 0 hours, 43 minutes and 12 seconds.
#VMPC# mri_ca_register VmPeak  3319288
FSRUNTIME@ mri_ca_register  0.7199 hours 16 threads
#--------------------------------------
#@# SubCort Seg Sun Mar  8 13:41:39 CET 2026

 mri_ca_label -relabel_unlikely 9 .3 -prior 0.5 -align norm.mgz transforms/talairach.m3z /opt/freesurfer/average/RB_all_2020-01-02.gca aseg.auto_noCCseg.mgz 

sysname  Linux
hostname dna074
machine  x86_64

setenv SUBJECTS_DIR /out/sourcedata/freesurfer
cd /out/sourcedata/freesurfer/sub-v1s11x0050171_ses-1/mri
mri_ca_label -relabel_unlikely 9 .3 -prior 0.5 -align norm.mgz transforms/talairach.m3z /opt/freesurfer/average/RB_all_2020-01-02.gca aseg.auto_noCCseg.mgz 

relabeling unlikely voxels with window_size = 9 and prior threshold 0.30
using Gibbs prior factor = 0.500
renormalizing sequences with structure alignment, equivalent to:
	-renormalize
	-renormalize_mean 0.500
	-regularize 0.500

== Number of threads available to for OpenMP = 16 == 
reading 1 input volumes
reading classifier array from /opt/freesurfer/average/RB_all_2020-01-02.gca
reading input volume from norm.mgz
average std[0] = 7.2
reading transform from transforms/talairach.m3z
setting orig areas to linear transform determinant scaled 7.22
Atlas used for the 3D morph was /opt/freesurfer/average/RB_all_2020-01-02.gca
average std = 7.2   using min determinant for regularization = 5.2
0 singular and 0 ill-conditioned covariance matrices regularized
labeling volume...
renormalizing by structure alignment....
renormalizing input #0
gca peak = 0.15521 (20)
mri peak = 0.09856 (20)
Left_Lateral_Ventricle (4): linear fit = 1.02 x + 0.0 (913 voxels, overlap=0.934)
Left_Lateral_Ventricle (4): linear fit = 1.02 x + 0.0 (913 voxels, peak = 20), gca=20.5
gca peak = 0.20380 (13)
mri peak = 0.10217 (17)
Right_Lateral_Ventricle (43): linear fit = 1.20 x + 0.0 (1427 voxels, overlap=0.868)
Right_Lateral_Ventricle (43): linear fit = 1.20 x + 0.0 (1427 voxels, peak = 16), gca=15.5
gca peak = 0.26283 (96)
mri peak = 0.23547 (95)
Right_Pallidum (52): linear fit = 1.00 x + 0.0 (651 voxels, overlap=0.930)
Right_Pallidum (52): linear fit = 1.00 x + 0.0 (651 voxels, peak = 96), gca=95.5
gca peak = 0.15814 (97)
mri peak = 0.19918 (96)
Left_Pallidum (13): linear fit = 1.01 x + 0.0 (733 voxels, overlap=0.948)
Left_Pallidum (13): linear fit = 1.01 x + 0.0 (733 voxels, peak = 98), gca=98.5
gca peak = 0.27624 (56)
mri peak = 0.12310 (71)
Right_Hippocampus (53): linear fit = 1.15 x + 0.0 (1175 voxels, overlap=0.016)
Right_Hippocampus (53): linear fit = 1.15 x + 0.0 (1175 voxels, peak = 65), gca=64.7
gca peak = 0.28723 (59)
mri peak = 0.16120 (67)
Left_Hippocampus (17): linear fit = 1.13 x + 0.0 (1102 voxels, overlap=0.015)
Left_Hippocampus (17): linear fit = 1.13 x + 0.0 (1102 voxels, peak = 67), gca=67.0
gca peak = 0.07623 (103)
mri peak = 0.12576 (106)
Right_Cerebral_White_Matter (41): linear fit = 1.03 x + 0.0 (26444 voxels, overlap=0.460)
Right_Cerebral_White_Matter (41): linear fit = 1.03 x + 0.0 (26444 voxels, peak = 107), gca=106.6
gca peak = 0.07837 (105)
mri peak = 0.15043 (106)
Left_Cerebral_White_Matter (2): linear fit = 1.02 x + 0.0 (31715 voxels, overlap=0.474)
Left_Cerebral_White_Matter (2): linear fit = 1.02 x + 0.0 (31715 voxels, peak = 108), gca=107.6
gca peak = 0.10165 (58)
mri peak = 0.05158 (67)
Left_Cerebral_Cortex (3): linear fit = 1.10 x + 0.0 (58434 voxels, overlap=0.803)
Left_Cerebral_Cortex (3): linear fit = 1.10 x + 0.0 (58434 voxels, peak = 64), gca=63.5
gca peak = 0.11113 (58)
mri peak = 0.05589 (68)
Right_Cerebral_Cortex (42): linear fit = 1.13 x + 0.0 (58982 voxels, overlap=0.572)
Right_Cerebral_Cortex (42): linear fit = 1.13 x + 0.0 (58982 voxels, peak = 66), gca=65.8
gca peak = 0.27796 (67)
mri peak = 0.11717 (81)
Right_Caudate (50): linear fit = 1.18 x + 0.0 (1225 voxels, overlap=0.019)
Right_Caudate (50): linear fit = 1.18 x + 0.0 (1225 voxels, peak = 79), gca=79.4
gca peak = 0.14473 (69)
mri peak = 0.09148 (78)
Left_Caudate (11): linear fit = 1.07 x + 0.0 (962 voxels, overlap=0.682)
Left_Caudate (11): linear fit = 1.07 x + 0.0 (962 voxels, peak = 73), gca=73.5
gca peak = 0.14301 (56)
mri peak = 0.07882 (68)
Left_Cerebellum_Cortex (8): linear fit = 1.15 x + 0.0 (39076 voxels, overlap=0.362)
Left_Cerebellum_Cortex (8): linear fit = 1.15 x + 0.0 (39076 voxels, peak = 65), gca=64.7
gca peak = 0.14610 (55)
mri peak = 0.08295 (70)
Right_Cerebellum_Cortex (47): linear fit = 1.23 x + 0.0 (39191 voxels, overlap=0.098)
Right_Cerebellum_Cortex (47): linear fit = 1.23 x + 0.0 (39191 voxels, peak = 67), gca=67.4
gca peak = 0.16309 (85)
mri peak = 0.21387 (88)
Left_Cerebellum_White_Matter (7): linear fit = 1.03 x + 0.0 (5968 voxels, overlap=0.660)
Left_Cerebellum_White_Matter (7): linear fit = 1.03 x + 0.0 (5968 voxels, peak = 88), gca=88.0
gca peak = 0.15172 (84)
mri peak = 0.16303 (88)
Right_Cerebellum_White_Matter (46): linear fit = 1.03 x + 0.0 (5444 voxels, overlap=0.702)
Right_Cerebellum_White_Matter (46): linear fit = 1.03 x + 0.0 (5444 voxels, peak = 87), gca=86.9
gca peak = 0.30461 (58)
mri peak = 0.12255 (69)
Left_Amygdala (18): linear fit = 1.18 x + 0.0 (612 voxels, overlap=0.053)
Left_Amygdala (18): linear fit = 1.18 x + 0.0 (612 voxels, peak = 69), gca=68.7
gca peak = 0.32293 (57)
mri peak = 0.15419 (72)
Right_Amygdala (54): linear fit = 1.26 x + 0.0 (668 voxels, overlap=0.047)
Right_Amygdala (54): linear fit = 1.26 x + 0.0 (668 voxels, peak = 72), gca=72.1
gca peak = 0.11083 (90)
mri peak = 0.07945 (89)
Left_Thalamus (10): linear fit = 1.03 x + 0.0 (4480 voxels, overlap=0.885)
Left_Thalamus (10): linear fit = 1.03 x + 0.0 (4480 voxels, peak = 93), gca=93.1
gca peak = 0.11393 (83)
mri peak = 0.08556 (89)
Right_Thalamus (49): linear fit = 1.05 x + 0.0 (4600 voxels, overlap=0.756)
Right_Thalamus (49): linear fit = 1.05 x + 0.0 (4600 voxels, peak = 88), gca=87.6
gca peak = 0.08575 (81)
mri peak = 0.14339 (84)
Left_Putamen (12): linear fit = 1.07 x + 0.0 (2141 voxels, overlap=0.511)
Left_Putamen (12): linear fit = 1.07 x + 0.0 (2141 voxels, peak = 86), gca=86.3
gca peak = 0.08618 (78)
mri peak = 0.14754 (85)
Right_Putamen (51): linear fit = 1.08 x + 0.0 (2221 voxels, overlap=0.555)
Right_Putamen (51): linear fit = 1.08 x + 0.0 (2221 voxels, peak = 84), gca=83.9
gca peak = 0.08005 (78)
mri peak = 0.08076 (88)
Brain_Stem (16): linear fit = 1.09 x + 0.0 (12295 voxels, overlap=0.492)
Brain_Stem (16): linear fit = 1.09 x + 0.0 (12295 voxels, peak = 85), gca=84.6
gca peak = 0.12854 (88)
mri peak = 0.11659 (96)
Right_VentralDC (60): linear fit = 1.09 x + 0.0 (1419 voxels, overlap=0.420)
Right_VentralDC (60): linear fit = 1.09 x + 0.0 (1419 voxels, peak = 95), gca=95.5
gca peak = 0.15703 (87)
mri peak = 0.12629 (98)
Left_VentralDC (28): linear fit = 1.08 x + 0.0 (1503 voxels, overlap=0.331)
Left_VentralDC (28): linear fit = 1.08 x + 0.0 (1503 voxels, peak = 94), gca=93.5
gca peak = 0.17522 (25)
mri peak = 0.23529 (22)
gca peak = 0.17113 (14)
mri peak = 0.11297 (17)
Fourth_Ventricle (15): linear fit = 1.15 x + 0.0 (237 voxels, overlap=0.444)
Fourth_Ventricle (15): linear fit = 1.15 x + 0.0 (237 voxels, peak = 16), gca=16.2
gca peak Unknown = 0.94777 ( 0)
gca peak Left_Inf_Lat_Vent = 0.16627 (28)
gca peak Third_Ventricle = 0.17522 (25)
gca peak CSF = 0.20346 (36)
gca peak Left_Accumbens_area = 0.70646 (62)
gca peak Left_undetermined = 1.00000 (28)
gca peak Left_vessel = 0.89917 (53)
gca peak Left_choroid_plexus = 0.11689 (35)
gca peak Right_Inf_Lat_Vent = 0.25504 (23)
gca peak Right_Accumbens_area = 0.31650 (65)
gca peak Right_vessel = 0.77268 (52)
gca peak Right_choroid_plexus = 0.13275 (38)
gca peak Fifth_Ventricle = 0.60973 (33)
gca peak WM_hypointensities = 0.11013 (77)
gca peak non_WM_hypointensities = 0.11354 (41)
gca peak Optic_Chiasm = 0.51646 (76)
not using caudate to estimate GM means
estimating mean gm scale to be 1.16 x + 0.0
estimating mean wm scale to be 1.03 x + 0.0
estimating mean csf scale to be 1.12 x + 0.0
saving intensity scales to aseg.auto_noCCseg.label_intensities.txt
renormalizing by structure alignment....
renormalizing input #0
gca peak = 0.16760 (19)
mri peak = 0.09856 (20)
Left_Lateral_Ventricle (4): linear fit = 0.98 x + 0.0 (913 voxels, overlap=0.929)
Left_Lateral_Ventricle (4): linear fit = 0.98 x + 0.0 (913 voxels, peak = 19), gca=18.5
gca peak = 0.17278 (15)
mri peak = 0.10217 (17)
Right_Lateral_Ventricle (43): linear fit = 0.98 x + 0.0 (1427 voxels, overlap=0.763)
Right_Lateral_Ventricle (43): linear fit = 0.98 x + 0.0 (1427 voxels, peak = 15), gca=14.6
gca peak = 0.23580 (94)
mri peak = 0.23547 (95)
Right_Pallidum (52): linear fit = 1.01 x + 0.0 (651 voxels, overlap=0.890)
Right_Pallidum (52): linear fit = 1.01 x + 0.0 (651 voxels, peak = 95), gca=95.4
gca peak = 0.16512 (98)
mri peak = 0.19918 (96)
Left_Pallidum (13): linear fit = 0.99 x + 0.0 (733 voxels, overlap=0.986)
Left_Pallidum (13): linear fit = 0.99 x + 0.0 (733 voxels, peak = 97), gca=96.5
gca peak = 0.24399 (64)
mri peak = 0.12310 (71)
Right_Hippocampus (53): linear fit = 1.01 x + 0.0 (1175 voxels, overlap=1.000)
Right_Hippocampus (53): linear fit = 1.01 x + 0.0 (1175 voxels, peak = 65), gca=65.0
gca peak = 0.32829 (64)
mri peak = 0.16120 (67)
Left_Hippocampus (17): linear fit = 1.03 x + 0.0 (1102 voxels, overlap=1.004)
Left_Hippocampus (17): linear fit = 1.03 x + 0.0 (1102 voxels, peak = 66), gca=66.2
gca peak = 0.07636 (107)
mri peak = 0.12576 (106)
Right_Cerebral_White_Matter (41): linear fit = 1.00 x + 0.0 (26444 voxels, overlap=0.633)
Right_Cerebral_White_Matter (41): linear fit = 1.00 x + 0.0 (26444 voxels, peak = 108), gca=107.5
gca peak = 0.07733 (107)
mri peak = 0.15043 (106)
Left_Cerebral_White_Matter (2): linear fit = 1.00 x + 0.0 (31715 voxels, overlap=0.594)
Left_Cerebral_White_Matter (2): linear fit = 1.00 x + 0.0 (31715 voxels, peak = 107), gca=107.0
gca peak = 0.08807 (63)
mri peak = 0.05158 (67)
Left_Cerebral_Cortex (3): linear fit = 1.00 x + 0.0 (58434 voxels, overlap=0.969)
Left_Cerebral_Cortex (3): linear fit = 1.00 x + 0.0 (58434 voxels, peak = 63), gca=63.0
gca peak = 0.09970 (66)
mri peak = 0.05589 (68)
Right_Cerebral_Cortex (42): linear fit = 1.00 x + 0.0 (58982 voxels, overlap=0.955)
Right_Cerebral_Cortex (42): linear fit = 1.00 x + 0.0 (58982 voxels, peak = 66), gca=66.0
gca peak = 0.21183 (79)
mri peak = 0.11717 (81)
Right_Caudate (50): linear fit = 1.00 x + 0.0 (1225 voxels, overlap=1.000)
Right_Caudate (50): linear fit = 1.00 x + 0.0 (1225 voxels, peak = 79), gca=79.0
gca peak = 0.12153 (73)
mri peak = 0.09148 (78)
Left_Caudate (11): linear fit = 1.01 x + 0.0 (962 voxels, overlap=1.000)
Left_Caudate (11): linear fit = 1.01 x + 0.0 (962 voxels, peak = 74), gca=74.1
gca peak = 0.12036 (65)
mri peak = 0.07882 (68)
Left_Cerebellum_Cortex (8): linear fit = 1.01 x + 0.0 (39076 voxels, overlap=0.969)
Left_Cerebellum_Cortex (8): linear fit = 1.01 x + 0.0 (39076 voxels, peak = 66), gca=66.0
gca peak = 0.12908 (68)
mri peak = 0.08295 (70)
Right_Cerebellum_Cortex (47): linear fit = 1.00 x + 0.0 (39191 voxels, overlap=0.950)
Right_Cerebellum_Cortex (47): linear fit = 1.00 x + 0.0 (39191 voxels, peak = 68), gca=68.0
gca peak = 0.16129 (88)
mri peak = 0.21387 (88)
Left_Cerebellum_White_Matter (7): linear fit = 1.00 x + 0.0 (5968 voxels, overlap=0.871)
Left_Cerebellum_White_Matter (7): linear fit = 1.00 x + 0.0 (5968 voxels, peak = 88), gca=88.0
gca peak = 0.14284 (86)
mri peak = 0.16303 (88)
Right_Cerebellum_White_Matter (46): linear fit = 1.01 x + 0.0 (5444 voxels, overlap=0.866)
Right_Cerebellum_White_Matter (46): linear fit = 1.01 x + 0.0 (5444 voxels, peak = 87), gca=87.3
gca peak = 0.27164 (69)
mri peak = 0.12255 (69)
Left_Amygdala (18): linear fit = 1.01 x + 0.0 (612 voxels, overlap=1.015)
Left_Amygdala (18): linear fit = 1.01 x + 0.0 (612 voxels, peak = 70), gca=70.0
gca peak = 0.27230 (72)
mri peak = 0.15419 (72)
Right_Amygdala (54): linear fit = 0.99 x + 0.0 (668 voxels, overlap=1.002)
Right_Amygdala (54): linear fit = 0.99 x + 0.0 (668 voxels, peak = 71), gca=70.9
gca peak = 0.10760 (93)
mri peak = 0.07945 (89)
Left_Thalamus (10): linear fit = 1.00 x + 0.0 (4480 voxels, overlap=0.972)
Left_Thalamus (10): linear fit = 1.00 x + 0.0 (4480 voxels, peak = 93), gca=92.5
gca peak = 0.10026 (91)
mri peak = 0.08556 (89)
Right_Thalamus (49): linear fit = 1.00 x + 0.0 (4600 voxels, overlap=0.947)
Right_Thalamus (49): linear fit = 1.00 x + 0.0 (4600 voxels, peak = 91), gca=90.5
gca peak = 0.07447 (88)
mri peak = 0.14339 (84)
Left_Putamen (12): linear fit = 0.99 x + 0.0 (2141 voxels, overlap=0.733)
Left_Putamen (12): linear fit = 0.99 x + 0.0 (2141 voxels, peak = 87), gca=86.7
gca peak = 0.08572 (83)
mri peak = 0.14754 (85)
Right_Putamen (51): linear fit = 1.00 x + 0.0 (2221 voxels, overlap=0.735)
Right_Putamen (51): linear fit = 1.00 x + 0.0 (2221 voxels, peak = 83), gca=82.6
gca peak = 0.07760 (85)
mri peak = 0.08076 (88)
Brain_Stem (16): linear fit = 1.02 x + 0.0 (12295 voxels, overlap=0.773)
Brain_Stem (16): linear fit = 1.02 x + 0.0 (12295 voxels, peak = 87), gca=87.1
gca peak = 0.11745 (97)
mri peak = 0.11659 (96)
Right_VentralDC (60): linear fit = 1.00 x + 0.0 (1419 voxels, overlap=0.800)
Right_VentralDC (60): linear fit = 1.00 x + 0.0 (1419 voxels, peak = 97), gca=96.5
gca peak = 0.15046 (93)
mri peak = 0.12629 (98)
Left_VentralDC (28): linear fit = 1.03 x + 0.0 (1503 voxels, overlap=0.863)
Left_VentralDC (28): linear fit = 1.03 x + 0.0 (1503 voxels, peak = 96), gca=96.3
gca peak = 0.17479 (28)
mri peak = 0.23529 (22)
gca peak = 0.17407 (17)
mri peak = 0.11297 (17)
Fourth_Ventricle (15): linear fit = 0.99 x + 0.0 (237 voxels, overlap=0.723)
Fourth_Ventricle (15): linear fit = 0.99 x + 0.0 (237 voxels, peak = 17), gca=16.7
gca peak Unknown = 0.94777 ( 0)
gca peak Left_Inf_Lat_Vent = 0.19610 (32)
gca peak Third_Ventricle = 0.17479 (28)
gca peak CSF = 0.19168 (41)
gca peak Left_Accumbens_area = 0.65418 (66)
gca peak Left_undetermined = 1.00000 (28)
gca peak Left_vessel = 0.89837 (53)
gca peak Left_choroid_plexus = 0.11538 (35)
gca peak Right_Inf_Lat_Vent = 0.24870 (27)
gca peak Right_Accumbens_area = 0.29112 (77)
gca peak Right_vessel = 0.77268 (52)
gca peak Right_choroid_plexus = 0.13275 (38)
gca peak Fifth_Ventricle = 0.59756 (37)
gca peak WM_hypointensities = 0.10074 (79)
gca peak non_WM_hypointensities = 0.14635 (42)
gca peak Optic_Chiasm = 0.51645 (76)
not using caudate to estimate GM means
estimating mean gm scale to be 1.01 x + 0.0
estimating mean wm scale to be 1.00 x + 0.0
estimating mean csf scale to be 0.98 x + 0.0
saving intensity scales to aseg.auto_noCCseg.label_intensities.txt
saving sequentially combined intensity scales to aseg.auto_noCCseg.label_intensities.txt
39994 voxels changed in iteration 0 of unlikely voxel relabeling
251 voxels changed in iteration 1 of unlikely voxel relabeling
0 voxels changed in iteration 2 of unlikely voxel relabeling
39089 gm and wm labels changed (%33 to gray, %67 to white out of all changed labels)
1042 hippocampal voxels changed.
0 amygdala voxels changed.
Reclassifying using Gibbs Priors
pass 1: 57181 changed. image ll: -2.102, PF=0.500
pass 2: 13962 changed. image ll: -2.100, PF=0.500
pass 3: 4721 changed.
28938 voxels changed in iteration 0 of unlikely voxel relabeling
194 voxels changed in iteration 1 of unlikely voxel relabeling
9 voxels changed in iteration 2 of unlikely voxel relabeling
0 voxels changed in iteration 3 of unlikely voxel relabeling
6079 voxels changed in iteration 0 of unlikely voxel relabeling
65 voxels changed in iteration 1 of unlikely voxel relabeling
0 voxels changed in iteration 2 of unlikely voxel relabeling
7049 voxels changed in iteration 0 of unlikely voxel relabeling
117 voxels changed in iteration 1 of unlikely voxel relabeling
5 voxels changed in iteration 2 of unlikely voxel relabeling
0 voxels changed in iteration 3 of unlikely voxel relabeling
5645 voxels changed in iteration 0 of unlikely voxel relabeling
48 voxels changed in iteration 1 of unlikely voxel relabeling
3 voxels changed in iteration 2 of unlikely voxel relabeling
1 voxels changed in iteration 3 of unlikely voxel relabeling
1 voxels changed in iteration 4 of unlikely voxel relabeling
 !!!!!!!!! ventricle segment 3 with volume 5711 above threshold 100 - not erasing !!!!!!!!!!
 !!!!!!!!! ventricle segment 2 with volume 101 above threshold 100 - not erasing !!!!!!!!!!
 !!!!!!!!! ventricle segment 5 with volume 7031 above threshold 100 - not erasing !!!!!!!!!!
 !!!!!!!!! ventricle segment 4 with volume 105 above threshold 100 - not erasing !!!!!!!!!!
writing labeled volume to aseg.auto_noCCseg.mgz
mri_ca_label utimesec    1354.227364
mri_ca_label stimesec    3.067899
mri_ca_label ru_maxrss   2094316
mri_ca_label ru_ixrss    0
mri_ca_label ru_idrss    0
mri_ca_label ru_isrss    0
mri_ca_label ru_minflt   3124894
mri_ca_label ru_majflt   16
mri_ca_label ru_nswap    0
mri_ca_label ru_inblock  1142
mri_ca_label ru_oublock  664
mri_ca_label ru_msgsnd   0
mri_ca_label ru_msgrcv   0
mri_ca_label ru_nsignals 0
mri_ca_label ru_nvcsw    2591
mri_ca_label ru_nivcsw   2398
auto-labeling took 21 minutes and 48 seconds.
#--------------------------------------
#@# CC Seg Sun Mar  8 14:03:27 CET 2026

 mri_cc -aseg aseg.auto_noCCseg.mgz -o aseg.auto.mgz -lta /out/sourcedata/freesurfer/sub-v1s11x0050171_ses-1/mri/transforms/cc_up.lta sub-v1s11x0050171_ses-1 

will read input aseg from aseg.auto_noCCseg.mgz
writing aseg with cc labels to aseg.auto.mgz
will write lta as /out/sourcedata/freesurfer/sub-v1s11x0050171_ses-1/mri/transforms/cc_up.lta
reading aseg from /out/sourcedata/freesurfer/sub-v1s11x0050171_ses-1/mri/aseg.auto_noCCseg.mgz
reading norm from /out/sourcedata/freesurfer/sub-v1s11x0050171_ses-1/mri/norm.mgz
25974 voxels in left wm, 36289 in right wm, xrange [125, 132]
searching rotation angles z=[-9  5], y=[-7  7]
searching scale 1 Z rot -9.4  searching scale 1 Z rot -9.1  searching scale 1 Z rot -8.9  searching scale 1 Z rot -8.6  searching scale 1 Z rot -8.4  searching scale 1 Z rot -8.1  searching scale 1 Z rot -7.9  searching scale 1 Z rot -7.6  searching scale 1 Z rot -7.4  searching scale 1 Z rot -7.1  searching scale 1 Z rot -6.9  searching scale 1 Z rot -6.6  searching scale 1 Z rot -6.4  searching scale 1 Z rot -6.1  searching scale 1 Z rot -5.9  searching scale 1 Z rot -5.6  searching scale 1 Z rot -5.4  searching scale 1 Z rot -5.1  searching scale 1 Z rot -4.9  searching scale 1 Z rot -4.6  searching scale 1 Z rot -4.4  searching scale 1 Z rot -4.1  searching scale 1 Z rot -3.9  searching scale 1 Z rot -3.6  searching scale 1 Z rot -3.4  searching scale 1 Z rot -3.1  searching scale 1 Z rot -2.9  searching scale 1 Z rot -2.6  searching scale 1 Z rot -2.4  searching scale 1 Z rot -2.1  searching scale 1 Z rot -1.9  searching scale 1 Z rot -1.6  searching scale 1 Z rot -1.4  searching scale 1 Z rot -1.1  searching scale 1 Z rot -0.9  searching scale 1 Z rot -0.6  searching scale 1 Z rot -0.4  searching scale 1 Z rot -0.1  searching scale 1 Z rot 0.1  searching scale 1 Z rot 0.4  searching scale 1 Z rot 0.6  searching scale 1 Z rot 0.9  searching scale 1 Z rot 1.1  searching scale 1 Z rot 1.4  searching scale 1 Z rot 1.6  searching scale 1 Z rot 1.9  searching scale 1 Z rot 2.1  searching scale 1 Z rot 2.4  searching scale 1 Z rot 2.6  searching scale 1 Z rot 2.9  searching scale 1 Z rot 3.1  searching scale 1 Z rot 3.4  searching scale 1 Z rot 3.6  searching scale 1 Z rot 3.9  searching scale 1 Z rot 4.1  searching scale 1 Z rot 4.4  global minimum found at slice 128.5, rotations (-0.01, -2.37)
final transformation (x=128.5, yr=-0.012, zr=-2.365):
 0.99915   0.04127  -0.00021  -4.82681;
-0.04127   0.99915   0.00001   24.39351;
 0.00021   0.00000   1.00000   14.97275;
 0.00000   0.00000   0.00000   1.00000;
updating x range to be [126, 131] in xformed coordinates
best xformed slice 128
min_x_fornix = 138
min_x_fornix = 140
min_x_fornix = 142
min_x_fornix = 144
min_x_fornix = 144
cc center is found at 128 109 113
eigenvectors:
 0.00140  -0.00406   0.99999;
 0.08107  -0.99670  -0.00416;
 0.99671   0.08108  -0.00107;
error in mid anterior detected - correcting...
writing aseg with callosum to /out/sourcedata/freesurfer/sub-v1s11x0050171_ses-1/mri/aseg.auto.mgz...
corpus callosum segmentation took 0.3 minutes
#VMPC# mri_cc VmPeak  553896
mri_cc done
#--------------------------------------
#@# Merge ASeg Sun Mar  8 14:03:44 CET 2026

 cp aseg.auto.mgz aseg.presurf.mgz 

#--------------------------------------------
#@# Intensity Normalization2 Sun Mar  8 14:03:44 CET 2026
/out/sourcedata/freesurfer/sub-v1s11x0050171_ses-1/mri

 mri_normalize -seed 1234 -mprage -aseg aseg.presurf.mgz -mask brainmask.mgz norm.mgz brain.mgz 

setting seed for random number genererator to 1234
assuming input volume is MGH (Van der Kouwe) MP-RAGE
using segmentation for initial intensity normalization
using MR volume brainmask.mgz to mask input volume...
reading mri_src from norm.mgz...
Reading aseg aseg.presurf.mgz
normalizing image...
NOT doing gentle normalization with control points/label
processing with aseg
removing outliers in the aseg WM...
675 control points removed
Building bias image
building Voronoi diagram...
performing soap bubble smoothing, sigma = 0...
Smoothing with sigma 8
Applying bias correction
building Voronoi diagram...
performing soap bubble smoothing, sigma = 8...

Iterating 2 times
---------------------------------
3d normalization pass 1 of 2
white matter peak found at 110
white matter peak found at 109
gm peak at 71 (71), valley at 37 (37)
csf peak at 36, setting threshold to 59
building Voronoi diagram...
performing soap bubble smoothing, sigma = 8...
---------------------------------
3d normalization pass 2 of 2
white matter peak found at 110
white matter peak found at 110
gm peak at 72 (72), valley at 37 (37)
csf peak at 37, setting threshold to 60
building Voronoi diagram...
performing soap bubble smoothing, sigma = 8...
Done iterating ---------------------------------
writing output to brain.mgz
3D bias adjustment took 1 minutes and 23 seconds.
#--------------------------------------------
#@# Mask BFS Sun Mar  8 14:05:09 CET 2026
/out/sourcedata/freesurfer/sub-v1s11x0050171_ses-1/mri

 mri_mask -T 5 brain.mgz brainmask.mgz brain.finalsurfs.mgz 

threshold mask volume at 5
DoAbs = 0
Found 1641469 voxels in mask (pct=  9.78)
Writing masked volume to brain.finalsurfs.mgz...done.
#--------------------------------------------
#@# WM Segmentation Sun Mar  8 14:05:09 CET 2026

 AntsDenoiseImageFs -i brain.mgz -o antsdn.brain.mgz 


 mri_segment -wsizemm 13 -mprage antsdn.brain.mgz wm.seg.mgz 

wsizemm = 13, voxres = 1, wsize = 13
Widening wm low from 89 to 79
assuming input volume is MGH (Van der Kouwe) MP-RAGE
wm mean:  110
wsize:    13
wm low:   79
wm hi:    125
gray low: 30
gray hi:  99
Doing initial trinary intensity segmentation 
Using local statistics to label ambiguous voxels
Autodetecting stats
Computing class statistics for intensity windows...
CCS WM (101.0): 100.3 +- 6.2 [79.0 --> 125.0]
CCS GM (75.0) : 75.0 +- 8.3 [30.0 --> 95.0]
 white_mean 100.336
 white_sigma 6.2304
 gray_mean 75.0459
 gray_sigma 8.34956
setting bottom of white matter range wm_low to 83.4
setting top of gray matter range gray_hi to 91.7
 wm_low 83.3955
 wm_hi  125
 gray_low 30
 gray_hi  91.745
Redoing initial intensity segmentation...
Recomputing local statistics to label ambiguous voxels...
 wm_low 83.3955
 wm_hi  125
 gray_low 30
 gray_hi  91.745
using local geometry to label remaining ambiguous voxels...
polvwsize = 5, polvlen = 3, gray_hi = 91.745, wm_low = 83.3955
MRIcpolvMedianCurveSegment(): wsize=5, len=3, gmhi=91.745, wmlow=83.3955
    151263 voxels processed (0.90%)
     66873 voxels white (0.40%)
     84390 voxels non-white (0.50%)

Reclassifying voxels using Gaussian border classifier niter=1
MRIreclassify(): wm_low=78.3955, gray_hi=91.745, wsize=13
    291406 voxels tested (1.74%)
     52192 voxels changed (0.31%)
     75527 multi-scale searches  (0.45%)
Recovering bright white
MRIrecoverBrightWhite()
 wm_low 83.3955
 wm_hi 125
 slack 6.2304
 pct_thresh 0.33
 intensity_thresh 131.23
 nvox_thresh 8.58
        4 voxels tested (0.00%)
        4 voxels changed (0.00%)

removing voxels with positive offset direction...
MRIremoveWrongDirection() wsize=3, lowthr=78.3955, hithr=91.745
  smoothing input volume with sigma = 0.250
    89555 voxels tested (0.53%)
    16280 voxels changed (0.10%)
thicken = 1
removing 1-dimensional structures...
MRIremove1dStructures(): max_iter=10000, thresh=2, WM_MIN_VAL=5
 1366 sparsely connected voxels removed in 1 iterations
thickening thin strands....
thickness 4
nsegments 20
wm_hi 125
1327 diagonally connected voxels added...
MRIthickenThinWMStrands(): thickness=4, nsegments=20
  20 segments, 3301 filled
MRIfindBrightNonWM(): 0 bright non-wm voxels segmented.
MRIfilterMorphology() WM_MIN_VAL=5, DIAGONAL_FILL=230
white matter segmentation took 0.8 minutes
writing output to wm.seg.mgz...

 mri_edit_wm_with_aseg -keep-in wm.seg.mgz brain.mgz aseg.presurf.mgz wm.asegedit.mgz 

preserving editing changes in input volume...
auto filling took 0.33 minutes
reading wm segmentation from wm.seg.mgz...
0 voxels added to wm to prevent paths from MTL structures to cortex
2962 additional wm voxels added
0 additional wm voxels added
SEG EDIT: 36161 voxels turned on, 67155 voxels turned off.
propagating editing to output volume from wm.seg.mgz
writing edited volume to wm.asegedit.mgz....

 mri_pretess wm.asegedit.mgz wm norm.mgz wm.mgz 


Iteration Number : 1
pass   1 (xy+):  11 found -  11 modified     |    TOTAL:  11
pass   2 (xy+):   0 found -  11 modified     |    TOTAL:  11
pass   1 (xy-):   9 found -   9 modified     |    TOTAL:  20
pass   2 (xy-):   0 found -   9 modified     |    TOTAL:  20
pass   1 (yz+):  21 found -  21 modified     |    TOTAL:  41
pass   2 (yz+):   0 found -  21 modified     |    TOTAL:  41
pass   1 (yz-):  19 found -  19 modified     |    TOTAL:  60
pass   2 (yz-):   0 found -  19 modified     |    TOTAL:  60
pass   1 (xz+):  11 found -  11 modified     |    TOTAL:  71
pass   2 (xz+):   0 found -  11 modified     |    TOTAL:  71
pass   1 (xz-):  17 found -  17 modified     |    TOTAL:  88
pass   2 (xz-):   0 found -  17 modified     |    TOTAL:  88
Iteration Number : 1
pass   1 (+++):  10 found -  10 modified     |    TOTAL:  10
pass   2 (+++):   0 found -  10 modified     |    TOTAL:  10
pass   1 (+++):   2 found -   2 modified     |    TOTAL:  12
pass   2 (+++):   0 found -   2 modified     |    TOTAL:  12
pass   1 (+++):   6 found -   6 modified     |    TOTAL:  18
pass   2 (+++):   0 found -   6 modified     |    TOTAL:  18
pass   1 (+++):   1 found -   1 modified     |    TOTAL:  19
pass   2 (+++):   0 found -   1 modified     |    TOTAL:  19
Iteration Number : 1
pass   1 (++):  36 found -  36 modified     |    TOTAL:  36
pass   2 (++):   0 found -  36 modified     |    TOTAL:  36
pass   1 (+-):  91 found -  91 modified     |    TOTAL: 127
pass   2 (+-):   0 found -  91 modified     |    TOTAL: 127
pass   1 (--):  78 found -  78 modified     |    TOTAL: 205
pass   2 (--):   0 found -  78 modified     |    TOTAL: 205
pass   1 (-+): 112 found - 112 modified     |    TOTAL: 317
pass   2 (-+):   0 found - 112 modified     |    TOTAL: 317
Iteration Number : 2
pass   1 (xy+):   1 found -   1 modified     |    TOTAL:   1
pass   2 (xy+):   0 found -   1 modified     |    TOTAL:   1
pass   1 (xy-):   0 found -   0 modified     |    TOTAL:   1
pass   1 (yz+):   3 found -   3 modified     |    TOTAL:   4
pass   2 (yz+):   0 found -   3 modified     |    TOTAL:   4
pass   1 (yz-):   1 found -   1 modified     |    TOTAL:   5
pass   2 (yz-):   0 found -   1 modified     |    TOTAL:   5
pass   1 (xz+):   0 found -   0 modified     |    TOTAL:   5
pass   1 (xz-):   2 found -   2 modified     |    TOTAL:   7
pass   2 (xz-):   0 found -   2 modified     |    TOTAL:   7
Iteration Number : 2
pass   1 (+++):   0 found -   0 modified     |    TOTAL:   0
pass   1 (+++):   0 found -   0 modified     |    TOTAL:   0
pass   1 (+++):   0 found -   0 modified     |    TOTAL:   0
pass   1 (+++):   0 found -   0 modified     |    TOTAL:   0
Iteration Number : 2
pass   1 (++):   0 found -   0 modified     |    TOTAL:   0
pass   1 (+-):   0 found -   0 modified     |    TOTAL:   0
pass   1 (--):   1 found -   1 modified     |    TOTAL:   1
pass   2 (--):   0 found -   1 modified     |    TOTAL:   1
pass   1 (-+):   3 found -   3 modified     |    TOTAL:   4
pass   2 (-+):   0 found -   3 modified     |    TOTAL:   4
Iteration Number : 3
pass   1 (xy+):   0 found -   0 modified     |    TOTAL:   0
pass   1 (xy-):   0 found -   0 modified     |    TOTAL:   0
pass   1 (yz+):   0 found -   0 modified     |    TOTAL:   0
pass   1 (yz-):   0 found -   0 modified     |    TOTAL:   0
pass   1 (xz+):   0 found -   0 modified     |    TOTAL:   0
pass   1 (xz-):   0 found -   0 modified     |    TOTAL:   0
Iteration Number : 3
pass   1 (+++):   0 found -   0 modified     |    TOTAL:   0
pass   1 (+++):   0 found -   0 modified     |    TOTAL:   0
pass   1 (+++):   0 found -   0 modified     |    TOTAL:   0
pass   1 (+++):   0 found -   0 modified     |    TOTAL:   0
Iteration Number : 3
pass   1 (++):   0 found -   0 modified     |    TOTAL:   0
pass   1 (+-):   0 found -   0 modified     |    TOTAL:   0
pass   1 (--):   0 found -   0 modified     |    TOTAL:   0
pass   1 (-+):   0 found -   0 modified     |    TOTAL:   0

Total Number of Modified Voxels = 435 (out of 543597: 0.080023)
binarizing input wm segmentation...
Ambiguous edge configurations... 

mri_pretess done

#--------------------------------------------
#@# Fill Sun Mar  8 14:06:47 CET 2026
/out/sourcedata/freesurfer/sub-v1s11x0050171_ses-1/mri

 mri_fill -a ../scripts/ponscc.cut.log -xform transforms/talairach.lta -segmentation aseg.presurf.mgz -ctab /opt/freesurfer/SubCorticalMassLUT.txt wm.mgz filled.mgz 

logging cutting plane coordinates to ../scripts/ponscc.cut.log...
INFO: Using transforms/talairach.lta and its offset for Talairach volume ...
using segmentation aseg.presurf.mgz...
reading input volume...done.
searching for cutting planes...voxel to talairach voxel transform
 0.99699   0.03446   0.01794  -8.12556;
-0.03275   1.07521   0.03096  -9.25742;
-0.01629  -0.03763   1.03187  -6.01028;
 0.00000   0.00000   0.00000   1.00000;
voxel to talairach voxel transform
 0.99699   0.03446   0.01794  -8.12556;
-0.03275   1.07521   0.03096  -9.25742;
-0.01629  -0.03763   1.03187  -6.01028;
 0.00000   0.00000   0.00000   1.00000;
reading segmented volume aseg.presurf.mgz
removing CC from segmentation
Looking for area (min, max) = (350, 1400)
area[0] = 2399 (min = 350, max = 1400), aspect = 1.18 (min = 0.10, max = 0.75)
need search nearby
using seed (125, 110, 101), TAL = (3.0, -27.0, 18.0)
talairach voxel to voxel transform
 1.00168  -0.03268  -0.01644   7.73795;
 0.03003   0.92809  -0.02837   8.66527;
 0.01690   0.03333   0.96782   6.26274;
 0.00000   0.00000   0.00000   1.00000;
segmentation indicates cc at (125,  110,  101) --> (3.0, -27.0, 18.0)
done.
filling took 0.6 minutes
talairach cc position changed to (3.00, -27.00, 18.00)
Erasing brainstem...done.
seed_search_size = 9, min_neighbors = 5
search rh wm seed point around talairach space:(21.00, -27.00, 18.00) SRC: (109.66, 111.10, 109.49)
search lh wm seed point around talairach space (-15.00, -27.00, 18.00), SRC: (145.72, 112.18, 110.10)
compute mri_fill using aseg
Erasing Brain Stem and Cerebellum ...
Define left and right masks using aseg:
Building Voronoi diagram ...
Using the Voronoi diagram for separating WM into two hemispheres ...
Find the largest connected component for each hemisphere ...
Embedding colortable
mri_fill done, writing output to filled.mgz...
 cp filled.mgz filled.auto.mgz

Started at Sun Mar 8 12:57:34 CET 2026 
Ended   at Sun Mar 8 14:07:24 CET 2026
#@#%# recon-all-run-time-hours 1.164
recon-all -s sub-v1s11x0050171_ses-1 finished without error at Sun Mar  8 14:07:24 CET 2026



#New# invocation of recon-all 




Sun Mar  8 14:51:53 CET 2026
cd /out/sourcedata/freesurfer/sub-v1s11x0050171_ses-1
setenv SUBJECTS_DIR /out/sourcedata/freesurfer
/opt/freesurfer/bin/recon-all -parallel -subjid sub-v1s11x0050171_ses-1 -sd /out/sourcedata/freesurfer -cortribbon

subjid sub-v1s11x0050171_ses-1
setenv SUBJECTS_DIR /out/sourcedata/freesurfer
FREESURFER_HOME /opt/freesurfer
Actual FREESURFER_HOME /opt/freesurfer
build-stamp.txt: freesurfer-linux-ubuntu22_x86_64-7.3.2-20220804-6354275
Linux dna074 5.14.0-427.37.1.el9_4.x86_64 #1 SMP PREEMPT_DYNAMIC Fri Sep 13 12:41:50 EDT 2024 x86_64 x86_64 x86_64 GNU/Linux
cputime      unlimited
filesize     unlimited
datasize     unlimited
stacksize    8192 kbytes
coredumpsize 0 kbytes
memoryuse    67108864 kbytes
vmemoryuse   unlimited
descriptors  1024 
memorylocked unlimited
maxproc      2061970 
maxlocks     unlimited
maxsignal    2062029 
maxmessage   819200 
maxnice      0 
maxrtprio    0 
maxrttime    unlimited

               total        used        free      shared  buff/cache   available
Mem:           503Gi        44Gi       426Gi        10Gi        32Gi       444Gi
Swap:             0B          0B          0B

########################################
program versions used
7.3.2 (freesurfer-linux-ubuntu22_x86_64-7.3.2-20220804-6354275)
7.3.2

ProgramName: lta_convert  ProgramArguments: lta_convert -all-info  ProgramVersion: 7.3.2  TimeStamp: 2026/03/08-13:51:53-GMT  BuildTime: Aug  4 2022 06:17:15  BuildStamp: freesurfer-linux-ubuntu22_x86_64-7.3.2-20220804-6354275  User: oesteban  Machine: dna074  Platform: Linux  PlatformVersion: 5.14.0-427.37.1.el9_4.x86_64  CompilerName: GCC  CompilerVersion: 8.4.0
ProgramName: mri_and  ProgramArguments: mri_and -all-info  ProgramVersion: 7.3.2  TimeStamp: 2026/03/08-13:51:53-GMT  BuildTime: Aug  4 2022 06:17:15  BuildStamp: freesurfer-linux-ubuntu22_x86_64-7.3.2-20220804-6354275  User: oesteban  Machine: dna074  Platform: Linux  PlatformVersion: 5.14.0-427.37.1.el9_4.x86_64  CompilerName: GCC  CompilerVersion: 8.4.0
ProgramName: mri_annotation2label  ProgramArguments: mri_annotation2label -all-info  ProgramVersion: 7.3.2  TimeStamp: 2026/03/08-13:51:53-GMT  BuildTime: Aug  4 2022 06:17:15  BuildStamp: freesurfer-linux-ubuntu22_x86_64-7.3.2-20220804-6354275  User: oesteban  Machine: dna074  Platform: Linux  PlatformVersion: 5.14.0-427.37.1.el9_4.x86_64  CompilerName: GCC  CompilerVersion: 8.4.0
ProgramName: mri_aparc2aseg  ProgramArguments: mri_aparc2aseg -all-info  ProgramVersion: 7.3.2  TimeStamp: 2026/03/08-13:51:53-GMT  BuildTime: Aug  4 2022 06:17:15  BuildStamp: freesurfer-linux-ubuntu22_x86_64-7.3.2-20220804-6354275  User: oesteban  Machine: dna074  Platform: Linux  PlatformVersion: 5.14.0-427.37.1.el9_4.x86_64  CompilerName: GCC  CompilerVersion: 8.4.0
ProgramName: mri_surf2volseg  ProgramArguments: mri_surf2volseg -all-info  ProgramVersion: 7.3.2  TimeStamp: 2026/03/08-13:51:53-GMT  BuildTime: Aug  4 2022 06:17:15  BuildStamp: freesurfer-linux-ubuntu22_x86_64-7.3.2-20220804-6354275  User: oesteban  Machine: dna074  Platform: Linux  PlatformVersion: 5.14.0-427.37.1.el9_4.x86_64  CompilerName: GCC  CompilerVersion: 8.4.0
ProgramName: mri_binarize  ProgramArguments: mri_binarize -all-info  ProgramVersion: 7.3.2  TimeStamp: 2026/03/08-13:51:53-GMT  BuildTime: Aug  4 2022 06:17:15  BuildStamp: freesurfer-linux-ubuntu22_x86_64-7.3.2-20220804-6354275  User: oesteban  Machine: dna074  Platform: Linux  PlatformVersion: 5.14.0-427.37.1.el9_4.x86_64  CompilerName: GCC  CompilerVersion: 8.4.0
ProgramName: mri_ca_label  ProgramArguments: mri_ca_label -all-info  ProgramVersion: 7.3.2  TimeStamp: 2026/03/08-13:51:53-GMT  BuildTime: Aug  4 2022 06:17:15  BuildStamp: freesurfer-linux-ubuntu22_x86_64-7.3.2-20220804-6354275  User: oesteban  Machine: dna074  Platform: Linux  PlatformVersion: 5.14.0-427.37.1.el9_4.x86_64  CompilerName: GCC  CompilerVersion: 8.4.0
ProgramName: mri_ca_normalize  ProgramArguments: mri_ca_normalize -all-info  ProgramVersion: 7.3.2  TimeStamp: 2026/03/08-13:51:53-GMT  BuildTime: Aug  4 2022 06:17:15  BuildStamp: freesurfer-linux-ubuntu22_x86_64-7.3.2-20220804-6354275  User: oesteban  Machine: dna074  Platform: Linux  PlatformVersion: 5.14.0-427.37.1.el9_4.x86_64  CompilerName: GCC  CompilerVersion: 8.4.0
ProgramName: mri_ca_register  ProgramArguments: mri_ca_register -all-info  ProgramVersion: 7.3.2  TimeStamp: 2026/03/08-13:51:53-GMT  BuildTime: Aug  4 2022 06:17:15  BuildStamp: freesurfer-linux-ubuntu22_x86_64-7.3.2-20220804-6354275  User: oesteban  Machine: dna074  Platform: Linux  PlatformVersion: 5.14.0-427.37.1.el9_4.x86_64  CompilerName: GCC  CompilerVersion: 8.4.0
ProgramName: mri_cc  ProgramArguments: mri_cc -all-info  ProgramVersion: 7.3.2  TimeStamp: 2026/03/08-13:51:53-GMT  BuildTime: Aug  4 2022 06:17:15  BuildStamp: freesurfer-linux-ubuntu22_x86_64-7.3.2-20220804-6354275  User: oesteban  Machine: dna074  Platform: Linux  PlatformVersion: 5.14.0-427.37.1.el9_4.x86_64  CompilerName: GCC  CompilerVersion: 8.4.0
ProgramName: mri_compute_overlap  ProgramArguments: mri_compute_overlap -all-info  ProgramVersion: 7.3.2  TimeStamp: 2026/03/08-13:51:53-GMT  BuildTime: Aug  4 2022 06:17:15  BuildStamp: freesurfer-linux-ubuntu22_x86_64-7.3.2-20220804-6354275  User: oesteban  Machine: dna074  Platform: Linux  PlatformVersion: 5.14.0-427.37.1.el9_4.x86_64  CompilerName: GCC  CompilerVersion: 8.4.0
ProgramName: mri_compute_seg_overlap  ProgramArguments: mri_compute_seg_overlap -all-info  ProgramVersion: 7.3.2  TimeStamp: 2026/03/08-13:51:53-GMT  BuildTime: Aug  4 2022 06:17:15  BuildStamp: freesurfer-linux-ubuntu22_x86_64-7.3.2-20220804-6354275  User: oesteban  Machine: dna074  Platform: Linux  PlatformVersion: 5.14.0-427.37.1.el9_4.x86_64  CompilerName: GCC  CompilerVersion: 8.4.0
ProgramName: mri_concat  ProgramArguments: mri_concat -all-info  ProgramVersion: 7.3.2  TimeStamp: 2026/03/08-13:51:53-GMT  BuildTime: Aug  4 2022 06:17:15  BuildStamp: freesurfer-linux-ubuntu22_x86_64-7.3.2-20220804-6354275  User: oesteban  Machine: dna074  Platform: Linux  PlatformVersion: 5.14.0-427.37.1.el9_4.x86_64  CompilerName: GCC  CompilerVersion: 8.4.0
ProgramName: mri_concatenate_lta  ProgramArguments: mri_concatenate_lta -all-info  ProgramVersion: 7.3.2  TimeStamp: 2026/03/08-13:51:53-GMT  BuildTime: Aug  4 2022 06:17:15  BuildStamp: freesurfer-linux-ubuntu22_x86_64-7.3.2-20220804-6354275  User: oesteban  Machine: dna074  Platform: Linux  PlatformVersion: 5.14.0-427.37.1.el9_4.x86_64  CompilerName: GCC  CompilerVersion: 8.4.0
mri_convert -all-info 
ProgramName: mri_convert  ProgramArguments: mri_convert -all-info  ProgramVersion: 7.3.2  TimeStamp: 2026/03/08-13:51:53-GMT  BuildTime: Aug  4 2022 06:17:15  BuildStamp: freesurfer-linux-ubuntu22_x86_64-7.3.2-20220804-6354275  User: oesteban  Machine: dna074  Platform: Linux  PlatformVersion: 5.14.0-427.37.1.el9_4.x86_64  CompilerName: GCC  CompilerVersion: 8.4.0
ProgramName: mri_diff  ProgramArguments: mri_diff -all-info  ProgramVersion: 7.3.2  TimeStamp: 2026/03/08-13:51:53-GMT  BuildTime: Aug  4 2022 06:17:15  BuildStamp: freesurfer-linux-ubuntu22_x86_64-7.3.2-20220804-6354275  User: oesteban  Machine: dna074  Platform: Linux  PlatformVersion: 5.14.0-427.37.1.el9_4.x86_64  CompilerName: GCC  CompilerVersion: 8.4.0
ProgramName: mri_edit_wm_with_aseg  ProgramArguments: mri_edit_wm_with_aseg -all-info  ProgramVersion: 7.3.2  TimeStamp: 2026/03/08-13:51:53-GMT  BuildTime: Aug  4 2022 06:17:15  BuildStamp: freesurfer-linux-ubuntu22_x86_64-7.3.2-20220804-6354275  User: oesteban  Machine: dna074  Platform: Linux  PlatformVersion: 5.14.0-427.37.1.el9_4.x86_64  CompilerName: GCC  CompilerVersion: 8.4.0
ProgramName: mri_em_register  ProgramArguments: mri_em_register -all-info  ProgramVersion: 7.3.2  TimeStamp: 2026/03/08-13:51:53-GMT  BuildTime: Aug  4 2022 06:17:15  BuildStamp: freesurfer-linux-ubuntu22_x86_64-7.3.2-20220804-6354275  User: oesteban  Machine: dna074  Platform: Linux  PlatformVersion: 5.14.0-427.37.1.el9_4.x86_64  CompilerName: GCC  CompilerVersion: 8.4.0
ProgramName: mri_fill  ProgramArguments: mri_fill -all-info  ProgramVersion: 7.3.2  TimeStamp: 2026/03/08-13:51:53-GMT  BuildTime: Aug  4 2022 06:17:15  BuildStamp: freesurfer-linux-ubuntu22_x86_64-7.3.2-20220804-6354275  User: oesteban  Machine: dna074  Platform: Linux  PlatformVersion: 5.14.0-427.37.1.el9_4.x86_64  CompilerName: GCC  CompilerVersion: 8.4.0
ProgramName: mri_fuse_segmentations  ProgramArguments: mri_fuse_segmentations -all-info  ProgramVersion: 7.3.2  TimeStamp: 2026/03/08-13:51:53-GMT  BuildTime: Aug  4 2022 06:17:15  BuildStamp: freesurfer-linux-ubuntu22_x86_64-7.3.2-20220804-6354275  User: oesteban  Machine: dna074  Platform: Linux  PlatformVersion: 5.14.0-427.37.1.el9_4.x86_64  CompilerName: GCC  CompilerVersion: 8.4.0
ProgramName: mri_fwhm  ProgramArguments: mri_fwhm -all-info  ProgramVersion: 7.3.2  TimeStamp: 2026/03/08-13:51:53-GMT  BuildTime: Aug  4 2022 06:17:15  BuildStamp: freesurfer-linux-ubuntu22_x86_64-7.3.2-20220804-6354275  User: oesteban  Machine: dna074  Platform: Linux  PlatformVersion: 5.14.0-427.37.1.el9_4.x86_64  CompilerName: GCC  CompilerVersion: 8.4.0
ProgramName: mri_gcut  ProgramArguments: mri_gcut -all-info  ProgramVersion: 7.3.2  TimeStamp: 2026/03/08-13:51:53-GMT  BuildTime: Aug  4 2022 06:17:15  BuildStamp: freesurfer-linux-ubuntu22_x86_64-7.3.2-20220804-6354275  User: oesteban  Machine: dna074  Platform: Linux  PlatformVersion: 5.14.0-427.37.1.el9_4.x86_64  CompilerName: GCC  CompilerVersion: 8.4.0
ProgramName: mri_info  ProgramArguments: mri_info -all-info  ProgramVersion: 7.3.2  TimeStamp: 2026/03/08-13:51:53-GMT  BuildTime: Aug  4 2022 06:17:15  BuildStamp: freesurfer-linux-ubuntu22_x86_64-7.3.2-20220804-6354275  User: oesteban  Machine: dna074  Platform: Linux  PlatformVersion: 5.14.0-427.37.1.el9_4.x86_64  CompilerName: GCC  CompilerVersion: 8.4.0
ProgramName: mri_label2label  ProgramArguments: mri_label2label -all-info  ProgramVersion: 7.3.2  TimeStamp: 2026/03/08-13:51:53-GMT  BuildTime: Aug  4 2022 06:17:15  BuildStamp: freesurfer-linux-ubuntu22_x86_64-7.3.2-20220804-6354275  User: oesteban  Machine: dna074  Platform: Linux  PlatformVersion: 5.14.0-427.37.1.el9_4.x86_64  CompilerName: GCC  CompilerVersion: 8.4.0
ProgramName: mri_label2vol  ProgramArguments: mri_label2vol -all-info  ProgramVersion: 7.3.2  TimeStamp: 2026/03/08-13:51:53-GMT  BuildTime: Aug  4 2022 06:17:15  BuildStamp: freesurfer-linux-ubuntu22_x86_64-7.3.2-20220804-6354275  User: oesteban  Machine: dna074  Platform: Linux  PlatformVersion: 5.14.0-427.37.1.el9_4.x86_64  CompilerName: GCC  CompilerVersion: 8.4.0
ProgramName: mri_log_likelihood  ProgramArguments: mri_log_likelihood -all-info  ProgramVersion: 7.3.2  TimeStamp: 2026/03/08-13:51:53-GMT  BuildTime: Aug  4 2022 06:17:15  BuildStamp: freesurfer-linux-ubuntu22_x86_64-7.3.2-20220804-6354275  User: oesteban  Machine: dna074  Platform: Linux  PlatformVersion: 5.14.0-427.37.1.el9_4.x86_64  CompilerName: GCC  CompilerVersion: 8.4.0
ProgramName: mri_mask  ProgramArguments: mri_mask -all-info  ProgramVersion: 7.3.2  TimeStamp: 2026/03/08-13:51:53-GMT  BuildTime: Aug  4 2022 06:17:15  BuildStamp: freesurfer-linux-ubuntu22_x86_64-7.3.2-20220804-6354275  User: oesteban  Machine: dna074  Platform: Linux  PlatformVersion: 5.14.0-427.37.1.el9_4.x86_64  CompilerName: GCC  CompilerVersion: 8.4.0
ProgramName: mri_matrix_multiply  ProgramArguments: mri_matrix_multiply -all-info  ProgramVersion: 7.3.2  TimeStamp: 2026/03/08-13:51:53-GMT  BuildTime: Aug  4 2022 06:17:15  BuildStamp: freesurfer-linux-ubuntu22_x86_64-7.3.2-20220804-6354275  User: oesteban  Machine: dna074  Platform: Linux  PlatformVersion: 5.14.0-427.37.1.el9_4.x86_64  CompilerName: GCC  CompilerVersion: 8.4.0
ProgramName: mri_normalize  ProgramArguments: mri_normalize -all-info  ProgramVersion: 7.3.2  TimeStamp: 2026/03/08-13:51:53-GMT  BuildTime: Aug  4 2022 06:17:15  BuildStamp: freesurfer-linux-ubuntu22_x86_64-7.3.2-20220804-6354275  User: oesteban  Machine: dna074  Platform: Linux  PlatformVersion: 5.14.0-427.37.1.el9_4.x86_64  CompilerName: GCC  CompilerVersion: 8.4.0
ProgramName: mri_normalize_tp2  ProgramArguments: mri_normalize_tp2 -all-info  ProgramVersion: 7.3.2  TimeStamp: 2026/03/08-13:51:53-GMT  BuildTime: Aug  4 2022 06:17:15  BuildStamp: freesurfer-linux-ubuntu22_x86_64-7.3.2-20220804-6354275  User: oesteban  Machine: dna074  Platform: Linux  PlatformVersion: 5.14.0-427.37.1.el9_4.x86_64  CompilerName: GCC  CompilerVersion: 8.4.0
ProgramName: mri_or  ProgramArguments: mri_or -all-info  ProgramVersion: 7.3.2  TimeStamp: 2026/03/08-13:51:53-GMT  BuildTime: Aug  4 2022 06:17:15  BuildStamp: freesurfer-linux-ubuntu22_x86_64-7.3.2-20220804-6354275  User: oesteban  Machine: dna074  Platform: Linux  PlatformVersion: 5.14.0-427.37.1.el9_4.x86_64  CompilerName: GCC  CompilerVersion: 8.4.0
ProgramName: mri_relabel_hypointensities  ProgramArguments: mri_relabel_hypointensities -all-info  ProgramVersion: 7.3.2  TimeStamp: 2026/03/08-13:51:53-GMT  BuildTime: Aug  4 2022 06:17:15  BuildStamp: freesurfer-linux-ubuntu22_x86_64-7.3.2-20220804-6354275  User: oesteban  Machine: dna074  Platform: Linux  PlatformVersion: 5.14.0-427.37.1.el9_4.x86_64  CompilerName: GCC  CompilerVersion: 8.4.0
ProgramName: mri_relabel_nonwm_hypos  ProgramArguments: mri_relabel_nonwm_hypos -all-info  ProgramVersion: 7.3.2  TimeStamp: 2026/03/08-13:51:53-GMT  BuildTime: Aug  4 2022 06:17:15  BuildStamp: freesurfer-linux-ubuntu22_x86_64-7.3.2-20220804-6354275  User: oesteban  Machine: dna074  Platform: Linux  PlatformVersion: 5.14.0-427.37.1.el9_4.x86_64  CompilerName: GCC  CompilerVersion: 8.4.0
ProgramName: mri_remove_neck  ProgramArguments: mri_remove_neck -all-info  ProgramVersion: 7.3.2  TimeStamp: 2026/03/08-13:51:53-GMT  BuildTime: Aug  4 2022 06:17:15  BuildStamp: freesurfer-linux-ubuntu22_x86_64-7.3.2-20220804-6354275  User: oesteban  Machine: dna074  Platform: Linux  PlatformVersion: 5.14.0-427.37.1.el9_4.x86_64  CompilerName: GCC  CompilerVersion: 8.4.0
7.3.2

ProgramName: mri_robust_register  ProgramArguments: mri_robust_register -all-info  ProgramVersion: 7.3.2  TimeStamp: 2026/03/08-13:51:53-GMT  BuildTime: Aug  4 2022 06:17:15  BuildStamp: freesurfer-linux-ubuntu22_x86_64-7.3.2-20220804-6354275  User: oesteban  Machine: dna074  Platform: Linux  PlatformVersion: 5.14.0-427.37.1.el9_4.x86_64  CompilerName: GCC  CompilerVersion: 8.4.0
7.3.2

ProgramName: mri_robust_template  ProgramArguments: mri_robust_template -all-info  ProgramVersion: 7.3.2  TimeStamp: 2026/03/08-13:51:53-GMT  BuildTime: Aug  4 2022 06:17:15  BuildStamp: freesurfer-linux-ubuntu22_x86_64-7.3.2-20220804-6354275  User: oesteban  Machine: dna074  Platform: Linux  PlatformVersion: 5.14.0-427.37.1.el9_4.x86_64  CompilerName: GCC  CompilerVersion: 8.4.0
ProgramName: mris_anatomical_stats  ProgramArguments: mris_anatomical_stats -all-info  ProgramVersion: 7.3.2  TimeStamp: 2026/03/08-13:51:53-GMT  BuildTime: Aug  4 2022 06:17:15  BuildStamp: freesurfer-linux-ubuntu22_x86_64-7.3.2-20220804-6354275  User: oesteban  Machine: dna074  Platform: Linux  PlatformVersion: 5.14.0-427.37.1.el9_4.x86_64  CompilerName: GCC  CompilerVersion: 8.4.0
ProgramName: mris_ca_label  ProgramArguments: mris_ca_label -all-info  ProgramVersion: 7.3.2  TimeStamp: 2026/03/08-13:51:53-GMT  BuildTime: Aug  4 2022 06:17:15  BuildStamp: freesurfer-linux-ubuntu22_x86_64-7.3.2-20220804-6354275  User: oesteban  Machine: dna074  Platform: Linux  PlatformVersion: 5.14.0-427.37.1.el9_4.x86_64  CompilerName: GCC  CompilerVersion: 8.4.0
ProgramName: mris_calc  ProgramArguments: mris_calc -all-info  ProgramVersion: 7.3.2  TimeStamp: 2026/03/08-13:51:53-GMT  BuildTime: Aug  4 2022 06:17:15  BuildStamp: freesurfer-linux-ubuntu22_x86_64-7.3.2-20220804-6354275  User: oesteban  Machine: dna074  Platform: Linux  PlatformVersion: 5.14.0-427.37.1.el9_4.x86_64  CompilerName: GCC  CompilerVersion: 8.4.0
ProgramName: mris_convert  ProgramArguments: mris_convert -all-info  ProgramVersion: 7.3.2  TimeStamp: 2026/03/08-13:51:53-GMT  BuildTime: Aug  4 2022 06:17:15  BuildStamp: freesurfer-linux-ubuntu22_x86_64-7.3.2-20220804-6354275  User: oesteban  Machine: dna074  Platform: Linux  PlatformVersion: 5.14.0-427.37.1.el9_4.x86_64  CompilerName: GCC  CompilerVersion: 8.4.0
ProgramName: mris_curvature  ProgramArguments: mris_curvature -all-info  ProgramVersion: 7.3.2  TimeStamp: 2026/03/08-13:51:53-GMT  BuildTime: Aug  4 2022 06:17:15  BuildStamp: freesurfer-linux-ubuntu22_x86_64-7.3.2-20220804-6354275  User: oesteban  Machine: dna074  Platform: Linux  PlatformVersion: 5.14.0-427.37.1.el9_4.x86_64  CompilerName: GCC  CompilerVersion: 8.4.0
ProgramName: mris_curvature_stats  ProgramArguments: mris_curvature_stats -all-info  ProgramVersion: 7.3.2  TimeStamp: 2026/03/08-13:51:53-GMT  BuildTime: Aug  4 2022 06:17:15  BuildStamp: freesurfer-linux-ubuntu22_x86_64-7.3.2-20220804-6354275  User: oesteban  Machine: dna074  Platform: Linux  PlatformVersion: 5.14.0-427.37.1.el9_4.x86_64  CompilerName: GCC  CompilerVersion: 8.4.0
ProgramName: mris_diff  ProgramArguments: mris_diff -all-info  ProgramVersion: 7.3.2  TimeStamp: 2026/03/08-13:51:53-GMT  BuildTime: Aug  4 2022 06:17:15  BuildStamp: freesurfer-linux-ubuntu22_x86_64-7.3.2-20220804-6354275  User: oesteban  Machine: dna074  Platform: Linux  PlatformVersion: 5.14.0-427.37.1.el9_4.x86_64  CompilerName: GCC  CompilerVersion: 8.4.0
ProgramName: mris_divide_parcellation  ProgramArguments: mris_divide_parcellation -all-info  ProgramVersion: 7.3.2  TimeStamp: 2026/03/08-13:51:53-GMT  BuildTime: Aug  4 2022 06:17:15  BuildStamp: freesurfer-linux-ubuntu22_x86_64-7.3.2-20220804-6354275  User: oesteban  Machine: dna074  Platform: Linux  PlatformVersion: 5.14.0-427.37.1.el9_4.x86_64  CompilerName: GCC  CompilerVersion: 8.4.0
ProgramName: mri_segment  ProgramArguments: mri_segment -all-info  ProgramVersion: 7.3.2  TimeStamp: 2026/03/08-13:51:53-GMT  BuildTime: Aug  4 2022 06:17:15  BuildStamp: freesurfer-linux-ubuntu22_x86_64-7.3.2-20220804-6354275  User: oesteban  Machine: dna074  Platform: Linux  PlatformVersion: 5.14.0-427.37.1.el9_4.x86_64  CompilerName: GCC  CompilerVersion: 8.4.0
ProgramName: mri_segstats  ProgramArguments: mri_segstats -all-info  ProgramVersion: 7.3.2  TimeStamp: 2026/03/08-13:51:53-GMT  BuildTime: Aug  4 2022 06:17:15  BuildStamp: freesurfer-linux-ubuntu22_x86_64-7.3.2-20220804-6354275  User: oesteban  Machine: dna074  Platform: Linux  PlatformVersion: 5.14.0-427.37.1.el9_4.x86_64  CompilerName: GCC  CompilerVersion: 8.4.0
ProgramName: mris_euler_number  ProgramArguments: mris_euler_number -all-info  ProgramVersion: 7.3.2  TimeStamp: 2026/03/08-13:51:53-GMT  BuildTime: Aug  4 2022 06:17:15  BuildStamp: freesurfer-linux-ubuntu22_x86_64-7.3.2-20220804-6354275  User: oesteban  Machine: dna074  Platform: Linux  PlatformVersion: 5.14.0-427.37.1.el9_4.x86_64  CompilerName: GCC  CompilerVersion: 8.4.0
ProgramName: mris_fix_topology  ProgramArguments: mris_fix_topology -all-info  ProgramVersion: 7.3.2  TimeStamp: 2026/03/08-13:51:53-GMT  BuildTime: Aug  4 2022 06:17:15  BuildStamp: freesurfer-linux-ubuntu22_x86_64-7.3.2-20220804-6354275  User: oesteban  Machine: dna074  Platform: Linux  PlatformVersion: 5.14.0-427.37.1.el9_4.x86_64  CompilerName: GCC  CompilerVersion: 8.4.0
ProgramName: mris_topo_fixer  ProgramArguments: mris_topo_fixer -all-info  ProgramVersion: 7.3.2  TimeStamp: 2026/03/08-13:51:53-GMT  BuildTime: Aug  4 2022 06:17:15  BuildStamp: freesurfer-linux-ubuntu22_x86_64-7.3.2-20220804-6354275  User: oesteban  Machine: dna074  Platform: Linux  PlatformVersion: 5.14.0-427.37.1.el9_4.x86_64  CompilerName: GCC  CompilerVersion: 8.4.0
ProgramName: mris_jacobian  ProgramArguments: mris_jacobian -all-info  ProgramVersion: 7.3.2  TimeStamp: 2026/03/08-13:51:53-GMT  BuildTime: Aug  4 2022 06:17:15  BuildStamp: freesurfer-linux-ubuntu22_x86_64-7.3.2-20220804-6354275  User: oesteban  Machine: dna074  Platform: Linux  PlatformVersion: 5.14.0-427.37.1.el9_4.x86_64  CompilerName: GCC  CompilerVersion: 8.4.0
ProgramName: mris_label2annot  ProgramArguments: mris_label2annot -all-info  ProgramVersion: 7.3.2  TimeStamp: 2026/03/08-13:51:53-GMT  BuildTime: Aug  4 2022 06:17:15  BuildStamp: freesurfer-linux-ubuntu22_x86_64-7.3.2-20220804-6354275  User: oesteban  Machine: dna074  Platform: Linux  PlatformVersion: 5.14.0-427.37.1.el9_4.x86_64  CompilerName: GCC  CompilerVersion: 8.4.0
ProgramName: mris_left_right_register  ProgramArguments: mris_left_right_register -all-info  ProgramVersion: 7.3.2  TimeStamp: 2026/03/08-13:51:53-GMT  BuildTime: Aug  4 2022 06:17:15  BuildStamp: freesurfer-linux-ubuntu22_x86_64-7.3.2-20220804-6354275  User: oesteban  Machine: dna074  Platform: Linux  PlatformVersion: 5.14.0-427.37.1.el9_4.x86_64  CompilerName: GCC  CompilerVersion: 8.4.0
ProgramName: mris_place_surface  ProgramArguments: mris_place_surface -all-info  ProgramVersion: 7.3.2  TimeStamp: 2026/03/08-13:51:53-GMT  BuildTime: Aug  4 2022 06:17:15  BuildStamp: freesurfer-linux-ubuntu22_x86_64-7.3.2-20220804-6354275  User: oesteban  Machine: dna074  Platform: Linux  PlatformVersion: 5.14.0-427.37.1.el9_4.x86_64  CompilerName: GCC  CompilerVersion: 8.4.0
ProgramName: mrisp_paint  ProgramArguments: mrisp_paint -all-info  ProgramVersion: 7.3.2  TimeStamp: 2026/03/08-13:51:53-GMT  BuildTime: Aug  4 2022 06:17:15  BuildStamp: freesurfer-linux-ubuntu22_x86_64-7.3.2-20220804-6354275  User: oesteban  Machine: dna074  Platform: Linux  PlatformVersion: 5.14.0-427.37.1.el9_4.x86_64  CompilerName: GCC  CompilerVersion: 8.4.0
ProgramName: mris_register  ProgramArguments: mris_register -all-info  ProgramVersion: 7.3.2  TimeStamp: 2026/03/08-13:51:53-GMT  BuildTime: Aug  4 2022 06:17:15  BuildStamp: freesurfer-linux-ubuntu22_x86_64-7.3.2-20220804-6354275  User: oesteban  Machine: dna074  Platform: Linux  PlatformVersion: 5.14.0-427.37.1.el9_4.x86_64  CompilerName: GCC  CompilerVersion: 8.4.0
ProgramName: mris_smooth  ProgramArguments: mris_smooth -all-info  ProgramVersion: 7.3.2  TimeStamp: 2026/03/08-13:51:53-GMT  BuildTime: Aug  4 2022 06:17:15  BuildStamp: freesurfer-linux-ubuntu22_x86_64-7.3.2-20220804-6354275  User: oesteban  Machine: dna074  Platform: Linux  PlatformVersion: 5.14.0-427.37.1.el9_4.x86_64  CompilerName: GCC  CompilerVersion: 8.4.0
ProgramName: mris_sphere  ProgramArguments: mris_sphere -all-info  ProgramVersion: 7.3.2  TimeStamp: 2026/03/08-13:51:53-GMT  BuildTime: Aug  4 2022 06:17:15  BuildStamp: freesurfer-linux-ubuntu22_x86_64-7.3.2-20220804-6354275  User: oesteban  Machine: dna074  Platform: Linux  PlatformVersion: 5.14.0-427.37.1.el9_4.x86_64  CompilerName: GCC  CompilerVersion: 8.4.0
ProgramName: mris_surface_stats  ProgramArguments: mris_surface_stats -all-info  ProgramVersion: 7.3.2  TimeStamp: 2026/03/08-13:51:53-GMT  BuildTime: Aug  4 2022 06:17:15  BuildStamp: freesurfer-linux-ubuntu22_x86_64-7.3.2-20220804-6354275  User: oesteban  Machine: dna074  Platform: Linux  PlatformVersion: 5.14.0-427.37.1.el9_4.x86_64  CompilerName: GCC  CompilerVersion: 8.4.0
ProgramName: mri_stats2seg  ProgramArguments: mri_stats2seg -all-info  ProgramVersion: 7.3.2  TimeStamp: 2026/03/08-13:51:53-GMT  BuildTime: Aug  4 2022 06:17:15  BuildStamp: freesurfer-linux-ubuntu22_x86_64-7.3.2-20220804-6354275  User: oesteban  Machine: dna074  Platform: Linux  PlatformVersion: 5.14.0-427.37.1.el9_4.x86_64  CompilerName: GCC  CompilerVersion: 8.4.0
ProgramName: mris_thickness  ProgramArguments: mris_thickness -all-info  ProgramVersion: 7.3.2  TimeStamp: 2026/03/08-13:51:53-GMT  BuildTime: Aug  4 2022 06:17:15  BuildStamp: freesurfer-linux-ubuntu22_x86_64-7.3.2-20220804-6354275  User: oesteban  Machine: dna074  Platform: Linux  PlatformVersion: 5.14.0-427.37.1.el9_4.x86_64  CompilerName: GCC  CompilerVersion: 8.4.0
ProgramName: mris_thickness_diff  ProgramArguments: mris_thickness_diff -all-info  ProgramVersion: 7.3.2  TimeStamp: 2026/03/08-13:51:53-GMT  BuildTime: Aug  4 2022 06:17:15  BuildStamp: freesurfer-linux-ubuntu22_x86_64-7.3.2-20220804-6354275  User: oesteban  Machine: dna074  Platform: Linux  PlatformVersion: 5.14.0-427.37.1.el9_4.x86_64  CompilerName: GCC  CompilerVersion: 8.4.0
ProgramName: mris_topo_fixer  ProgramArguments: mris_topo_fixer -all-info  ProgramVersion: 7.3.2  TimeStamp: 2026/03/08-13:51:53-GMT  BuildTime: Aug  4 2022 06:17:15  BuildStamp: freesurfer-linux-ubuntu22_x86_64-7.3.2-20220804-6354275  User: oesteban  Machine: dna074  Platform: Linux  PlatformVersion: 5.14.0-427.37.1.el9_4.x86_64  CompilerName: GCC  CompilerVersion: 8.4.0
ProgramName: mri_surf2surf  ProgramArguments: mri_surf2surf -all-info  ProgramVersion: 7.3.2  TimeStamp: 2026/03/08-13:51:53-GMT  BuildTime: Aug  4 2022 06:17:15  BuildStamp: freesurfer-linux-ubuntu22_x86_64-7.3.2-20220804-6354275  User: oesteban  Machine: dna074  Platform: Linux  PlatformVersion: 5.14.0-427.37.1.el9_4.x86_64  CompilerName: GCC  CompilerVersion: 8.4.0
ProgramName: mri_surf2vol  ProgramArguments: mri_surf2vol -all-info  ProgramVersion: 7.3.2  TimeStamp: 2026/03/08-13:51:53-GMT  BuildTime: Aug  4 2022 06:17:15  BuildStamp: freesurfer-linux-ubuntu22_x86_64-7.3.2-20220804-6354275  User: oesteban  Machine: dna074  Platform: Linux  PlatformVersion: 5.14.0-427.37.1.el9_4.x86_64  CompilerName: GCC  CompilerVersion: 8.4.0
ProgramName: mri_surfcluster  ProgramArguments: mri_surfcluster -all-info  ProgramVersion: 7.3.2  TimeStamp: 2026/03/08-13:51:53-GMT  BuildTime: Aug  4 2022 06:17:15  BuildStamp: freesurfer-linux-ubuntu22_x86_64-7.3.2-20220804-6354275  User: oesteban  Machine: dna074  Platform: Linux  PlatformVersion: 5.14.0-427.37.1.el9_4.x86_64  CompilerName: GCC  CompilerVersion: 8.4.0
ProgramName: mris_volmask  ProgramArguments: mris_volmask -all-info  ProgramVersion: 7.3.2  TimeStamp: 2026/03/08-13:51:53-GMT  BuildTime: Aug  4 2022 06:17:15  BuildStamp: freesurfer-linux-ubuntu22_x86_64-7.3.2-20220804-6354275  User: oesteban  Machine: dna074  Platform: Linux  PlatformVersion: 5.14.0-427.37.1.el9_4.x86_64  CompilerName: GCC  CompilerVersion: 8.4.0
ProgramName: mri_tessellate  ProgramArguments: mri_tessellate -all-info  ProgramVersion: 7.3.2  TimeStamp: 2026/03/08-13:51:53-GMT  BuildTime: Aug  4 2022 06:17:15  BuildStamp: freesurfer-linux-ubuntu22_x86_64-7.3.2-20220804-6354275  User: oesteban  Machine: dna074  Platform: Linux  PlatformVersion: 5.14.0-427.37.1.el9_4.x86_64  CompilerName: GCC  CompilerVersion: 8.4.0
ProgramName: mri_vol2surf  ProgramArguments: mri_vol2surf -all-info  ProgramVersion: 7.3.2  TimeStamp: 2026/03/08-13:51:53-GMT  BuildTime: Aug  4 2022 06:17:15  BuildStamp: freesurfer-linux-ubuntu22_x86_64-7.3.2-20220804-6354275  User: oesteban  Machine: dna074  Platform: Linux  PlatformVersion: 5.14.0-427.37.1.el9_4.x86_64  CompilerName: GCC  CompilerVersion: 8.4.0
ProgramName: mri_vol2vol  ProgramArguments: mri_vol2vol -all-info  ProgramVersion: 7.3.2  TimeStamp: 2026/03/08-13:51:53-GMT  BuildTime: Aug  4 2022 06:17:15  BuildStamp: freesurfer-linux-ubuntu22_x86_64-7.3.2-20220804-6354275  User: oesteban  Machine: dna074  Platform: Linux  PlatformVersion: 5.14.0-427.37.1.el9_4.x86_64  CompilerName: GCC  CompilerVersion: 8.4.0
ProgramName: mri_voldiff  ProgramArguments: mri_voldiff -all-info  ProgramVersion: 7.3.2  TimeStamp: 2026/03/08-13:51:53-GMT  BuildTime: Aug  4 2022 06:17:15  BuildStamp: freesurfer-linux-ubuntu22_x86_64-7.3.2-20220804-6354275  User: oesteban  Machine: dna074  Platform: Linux  PlatformVersion: 5.14.0-427.37.1.el9_4.x86_64  CompilerName: GCC  CompilerVersion: 8.4.0
ProgramName: mri_watershed  ProgramArguments: mri_watershed -all-info  ProgramVersion: 7.3.2  TimeStamp: 2026/03/08-13:51:53-GMT  BuildTime: Aug  4 2022 06:17:15  BuildStamp: freesurfer-linux-ubuntu22_x86_64-7.3.2-20220804-6354275  User: oesteban  Machine: dna074  Platform: Linux  PlatformVersion: 5.14.0-427.37.1.el9_4.x86_64  CompilerName: GCC  CompilerVersion: 8.4.0
ProgramName: tkregister2  ProgramArguments: tkregister2_cmdl -all-info  ProgramVersion: 7.3.2  TimeStamp: 2026/03/08-13:51:53-GMT  BuildTime: Aug  4 2022 06:17:15  BuildStamp: freesurfer-linux-ubuntu22_x86_64-7.3.2-20220804-6354275  User: oesteban  Machine: dna074  Platform: Linux  PlatformVersion: 5.14.0-427.37.1.el9_4.x86_64  CompilerName: GCC  CompilerVersion: 8.4.0
mri_motion_correct.fsl 7.3.2
mri_convert -all-info 
ProgramName: mri_convert  ProgramArguments: mri_convert -all-info  ProgramVersion: 7.3.2  TimeStamp: 2026/03/08-13:51:53-GMT  BuildTime: Aug  4 2022 06:17:15  BuildStamp: freesurfer-linux-ubuntu22_x86_64-7.3.2-20220804-6354275  User: oesteban  Machine: dna074  Platform: Linux  PlatformVersion: 5.14.0-427.37.1.el9_4.x86_64  CompilerName: GCC  CompilerVersion: 8.4.0
Program nu_correct, built from:
Package MNI N3, version 1.12.0, compiled by nicks@terrier (x86_64-unknown-linux-gnu) on 2015-06-19 at 01:25:34
#######################################
GCADIR /opt/freesurfer/average
GCA RB_all_2020-01-02.gca
GCASkull RB_all_withskull_2020_01_02.gca
AvgCurvTif folding.atlas.acfb40.noaparc.i12.2016-08-02.tif
GCSDIR /opt/freesurfer/average
GCS DKaparc.atlas.acfb40.noaparc.i12.2016-08-02.gcs
#######################################
#@# white curv lh Sun Mar  8 14:51:53 CET 2026
cd /out/sourcedata/freesurfer/sub-v1s11x0050171_ses-1/mri
mris_place_surface --curv-map ../surf/lh.white 2 10 ../surf/lh.curv
   Update not needed
#@# white area lh Sun Mar  8 14:51:53 CET 2026
cd /out/sourcedata/freesurfer/sub-v1s11x0050171_ses-1/mri
mris_place_surface --area-map ../surf/lh.white ../surf/lh.area
   Update not needed
#@# pial curv lh Sun Mar  8 14:51:53 CET 2026
cd /out/sourcedata/freesurfer/sub-v1s11x0050171_ses-1/mri
mris_place_surface --curv-map ../surf/lh.pial 2 10 ../surf/lh.curv.pial
   Update not needed
#@# pial area lh Sun Mar  8 14:51:53 CET 2026
cd /out/sourcedata/freesurfer/sub-v1s11x0050171_ses-1/mri
mris_place_surface --area-map ../surf/lh.pial ../surf/lh.area.pial
   Update not needed
#@# thickness lh Sun Mar  8 14:51:53 CET 2026
cd /out/sourcedata/freesurfer/sub-v1s11x0050171_ses-1/mri
mris_place_surface --thickness ../surf/lh.white ../surf/lh.pial 20 5 ../surf/lh.thickness
   Update not needed
#@# area and vertex vol lh Sun Mar  8 14:51:53 CET 2026
cd /out/sourcedata/freesurfer/sub-v1s11x0050171_ses-1/mri
mris_place_surface --thickness ../surf/lh.white ../surf/lh.pial 20 5 ../surf/lh.thickness
   Update not needed
#@# white curv rh Sun Mar  8 14:51:53 CET 2026
cd /out/sourcedata/freesurfer/sub-v1s11x0050171_ses-1/mri
mris_place_surface --curv-map ../surf/rh.white 2 10 ../surf/rh.curv
   Update not needed
#@# white area rh Sun Mar  8 14:51:53 CET 2026
cd /out/sourcedata/freesurfer/sub-v1s11x0050171_ses-1/mri
mris_place_surface --area-map ../surf/rh.white ../surf/rh.area
   Update not needed
#@# pial curv rh Sun Mar  8 14:51:53 CET 2026
cd /out/sourcedata/freesurfer/sub-v1s11x0050171_ses-1/mri
mris_place_surface --curv-map ../surf/rh.pial 2 10 ../surf/rh.curv.pial
   Update not needed
#@# pial area rh Sun Mar  8 14:51:53 CET 2026
cd /out/sourcedata/freesurfer/sub-v1s11x0050171_ses-1/mri
mris_place_surface --area-map ../surf/rh.pial ../surf/rh.area.pial
   Update not needed
#@# thickness rh Sun Mar  8 14:51:53 CET 2026
cd /out/sourcedata/freesurfer/sub-v1s11x0050171_ses-1/mri
mris_place_surface --thickness ../surf/rh.white ../surf/rh.pial 20 5 ../surf/rh.thickness
   Update not needed
#@# area and vertex vol rh Sun Mar  8 14:51:53 CET 2026
cd /out/sourcedata/freesurfer/sub-v1s11x0050171_ses-1/mri
mris_place_surface --thickness ../surf/rh.white ../surf/rh.pial 20 5 ../surf/rh.thickness
   Update not needed
#--------------------------------------------
#@# Cortical ribbon mask Sun Mar  8 14:51:53 CET 2026
/out/sourcedata/freesurfer/sub-v1s11x0050171_ses-1/mri

 mris_volmask --aseg_name aseg.presurf --label_left_white 2 --label_left_ribbon 3 --label_right_white 41 --label_right_ribbon 42 --save_ribbon sub-v1s11x0050171_ses-1 

SUBJECTS_DIR is /out/sourcedata/freesurfer
loading input data...
Running hemis serially
Processing left hemi
computing distance to left white surface 
computing distance to left pial surface 
Processing right hemi
computing distance to right white surface 
computing distance to right pial surface 
 hemi masks overlap voxels = 368
writing volume /out/sourcedata/freesurfer/sub-v1s11x0050171_ses-1/mri/ribbon.mgz
mris_volmask took 3.87 minutes
 writing ribbon files

Started at Sun Mar 8 14:51:53 CET 2026 
Ended   at Sun Mar 8 14:55:45 CET 2026
#@#%# recon-all-run-time-hours 0.064
recon-all -s sub-v1s11x0050171_ses-1 finished without error at Sun Mar  8 14:55:45 CET 2026



#New# invocation of recon-all 




Sun Mar  8 15:01:17 CET 2026
cd /out/sourcedata/freesurfer/sub-v1s11x0050171_ses-1
setenv SUBJECTS_DIR /out/sourcedata/freesurfer
/opt/freesurfer/bin/recon-all -autorecon3 -openmp 16 -subjid sub-v1s11x0050171_ses-1 -sd /out/sourcedata/freesurfer -nosphere -nosurfreg -nojacobian_white -noavgcurv -nocortparc -nopial -noparcstats -nocortparc2 -noparcstats2 -nocortparc3 -noparcstats3 -nopctsurfcon -nocortribbon -nobalabels

subjid sub-v1s11x0050171_ses-1
setenv SUBJECTS_DIR /out/sourcedata/freesurfer
FREESURFER_HOME /opt/freesurfer
Actual FREESURFER_HOME /opt/freesurfer
build-stamp.txt: freesurfer-linux-ubuntu22_x86_64-7.3.2-20220804-6354275
Linux dna074 5.14.0-427.37.1.el9_4.x86_64 #1 SMP PREEMPT_DYNAMIC Fri Sep 13 12:41:50 EDT 2024 x86_64 x86_64 x86_64 GNU/Linux
cputime      unlimited
filesize     unlimited
datasize     unlimited
stacksize    8192 kbytes
coredumpsize 0 kbytes
memoryuse    67108864 kbytes
vmemoryuse   unlimited
descriptors  1024 
memorylocked unlimited
maxproc      2061970 
maxlocks     unlimited
maxsignal    2062029 
maxmessage   819200 
maxnice      0 
maxrtprio    0 
maxrttime    unlimited

               total        used        free      shared  buff/cache   available
Mem:           503Gi        46Gi       424Gi        10Gi        32Gi       443Gi
Swap:             0B          0B          0B

########################################
program versions used
7.3.2 (freesurfer-linux-ubuntu22_x86_64-7.3.2-20220804-6354275)
7.3.2

ProgramName: lta_convert  ProgramArguments: lta_convert -all-info  ProgramVersion: 7.3.2  TimeStamp: 2026/03/08-14:01:17-GMT  BuildTime: Aug  4 2022 06:17:15  BuildStamp: freesurfer-linux-ubuntu22_x86_64-7.3.2-20220804-6354275  User: oesteban  Machine: dna074  Platform: Linux  PlatformVersion: 5.14.0-427.37.1.el9_4.x86_64  CompilerName: GCC  CompilerVersion: 8.4.0
ProgramName: mri_and  ProgramArguments: mri_and -all-info  ProgramVersion: 7.3.2  TimeStamp: 2026/03/08-14:01:17-GMT  BuildTime: Aug  4 2022 06:17:15  BuildStamp: freesurfer-linux-ubuntu22_x86_64-7.3.2-20220804-6354275  User: oesteban  Machine: dna074  Platform: Linux  PlatformVersion: 5.14.0-427.37.1.el9_4.x86_64  CompilerName: GCC  CompilerVersion: 8.4.0
ProgramName: mri_annotation2label  ProgramArguments: mri_annotation2label -all-info  ProgramVersion: 7.3.2  TimeStamp: 2026/03/08-14:01:17-GMT  BuildTime: Aug  4 2022 06:17:15  BuildStamp: freesurfer-linux-ubuntu22_x86_64-7.3.2-20220804-6354275  User: oesteban  Machine: dna074  Platform: Linux  PlatformVersion: 5.14.0-427.37.1.el9_4.x86_64  CompilerName: GCC  CompilerVersion: 8.4.0
ProgramName: mri_aparc2aseg  ProgramArguments: mri_aparc2aseg -all-info  ProgramVersion: 7.3.2  TimeStamp: 2026/03/08-14:01:17-GMT  BuildTime: Aug  4 2022 06:17:15  BuildStamp: freesurfer-linux-ubuntu22_x86_64-7.3.2-20220804-6354275  User: oesteban  Machine: dna074  Platform: Linux  PlatformVersion: 5.14.0-427.37.1.el9_4.x86_64  CompilerName: GCC  CompilerVersion: 8.4.0
ProgramName: mri_surf2volseg  ProgramArguments: mri_surf2volseg -all-info  ProgramVersion: 7.3.2  TimeStamp: 2026/03/08-14:01:17-GMT  BuildTime: Aug  4 2022 06:17:15  BuildStamp: freesurfer-linux-ubuntu22_x86_64-7.3.2-20220804-6354275  User: oesteban  Machine: dna074  Platform: Linux  PlatformVersion: 5.14.0-427.37.1.el9_4.x86_64  CompilerName: GCC  CompilerVersion: 8.4.0
ProgramName: mri_binarize  ProgramArguments: mri_binarize -all-info  ProgramVersion: 7.3.2  TimeStamp: 2026/03/08-14:01:17-GMT  BuildTime: Aug  4 2022 06:17:15  BuildStamp: freesurfer-linux-ubuntu22_x86_64-7.3.2-20220804-6354275  User: oesteban  Machine: dna074  Platform: Linux  PlatformVersion: 5.14.0-427.37.1.el9_4.x86_64  CompilerName: GCC  CompilerVersion: 8.4.0
ProgramName: mri_ca_label  ProgramArguments: mri_ca_label -all-info  ProgramVersion: 7.3.2  TimeStamp: 2026/03/08-14:01:17-GMT  BuildTime: Aug  4 2022 06:17:15  BuildStamp: freesurfer-linux-ubuntu22_x86_64-7.3.2-20220804-6354275  User: oesteban  Machine: dna074  Platform: Linux  PlatformVersion: 5.14.0-427.37.1.el9_4.x86_64  CompilerName: GCC  CompilerVersion: 8.4.0
ProgramName: mri_ca_normalize  ProgramArguments: mri_ca_normalize -all-info  ProgramVersion: 7.3.2  TimeStamp: 2026/03/08-14:01:17-GMT  BuildTime: Aug  4 2022 06:17:15  BuildStamp: freesurfer-linux-ubuntu22_x86_64-7.3.2-20220804-6354275  User: oesteban  Machine: dna074  Platform: Linux  PlatformVersion: 5.14.0-427.37.1.el9_4.x86_64  CompilerName: GCC  CompilerVersion: 8.4.0
ProgramName: mri_ca_register  ProgramArguments: mri_ca_register -all-info  ProgramVersion: 7.3.2  TimeStamp: 2026/03/08-14:01:17-GMT  BuildTime: Aug  4 2022 06:17:15  BuildStamp: freesurfer-linux-ubuntu22_x86_64-7.3.2-20220804-6354275  User: oesteban  Machine: dna074  Platform: Linux  PlatformVersion: 5.14.0-427.37.1.el9_4.x86_64  CompilerName: GCC  CompilerVersion: 8.4.0
ProgramName: mri_cc  ProgramArguments: mri_cc -all-info  ProgramVersion: 7.3.2  TimeStamp: 2026/03/08-14:01:17-GMT  BuildTime: Aug  4 2022 06:17:15  BuildStamp: freesurfer-linux-ubuntu22_x86_64-7.3.2-20220804-6354275  User: oesteban  Machine: dna074  Platform: Linux  PlatformVersion: 5.14.0-427.37.1.el9_4.x86_64  CompilerName: GCC  CompilerVersion: 8.4.0
ProgramName: mri_compute_overlap  ProgramArguments: mri_compute_overlap -all-info  ProgramVersion: 7.3.2  TimeStamp: 2026/03/08-14:01:17-GMT  BuildTime: Aug  4 2022 06:17:15  BuildStamp: freesurfer-linux-ubuntu22_x86_64-7.3.2-20220804-6354275  User: oesteban  Machine: dna074  Platform: Linux  PlatformVersion: 5.14.0-427.37.1.el9_4.x86_64  CompilerName: GCC  CompilerVersion: 8.4.0
ProgramName: mri_compute_seg_overlap  ProgramArguments: mri_compute_seg_overlap -all-info  ProgramVersion: 7.3.2  TimeStamp: 2026/03/08-14:01:17-GMT  BuildTime: Aug  4 2022 06:17:15  BuildStamp: freesurfer-linux-ubuntu22_x86_64-7.3.2-20220804-6354275  User: oesteban  Machine: dna074  Platform: Linux  PlatformVersion: 5.14.0-427.37.1.el9_4.x86_64  CompilerName: GCC  CompilerVersion: 8.4.0
ProgramName: mri_concat  ProgramArguments: mri_concat -all-info  ProgramVersion: 7.3.2  TimeStamp: 2026/03/08-14:01:17-GMT  BuildTime: Aug  4 2022 06:17:15  BuildStamp: freesurfer-linux-ubuntu22_x86_64-7.3.2-20220804-6354275  User: oesteban  Machine: dna074  Platform: Linux  PlatformVersion: 5.14.0-427.37.1.el9_4.x86_64  CompilerName: GCC  CompilerVersion: 8.4.0
ProgramName: mri_concatenate_lta  ProgramArguments: mri_concatenate_lta -all-info  ProgramVersion: 7.3.2  TimeStamp: 2026/03/08-14:01:17-GMT  BuildTime: Aug  4 2022 06:17:15  BuildStamp: freesurfer-linux-ubuntu22_x86_64-7.3.2-20220804-6354275  User: oesteban  Machine: dna074  Platform: Linux  PlatformVersion: 5.14.0-427.37.1.el9_4.x86_64  CompilerName: GCC  CompilerVersion: 8.4.0
mri_convert -all-info 
ProgramName: mri_convert  ProgramArguments: mri_convert -all-info  ProgramVersion: 7.3.2  TimeStamp: 2026/03/08-14:01:17-GMT  BuildTime: Aug  4 2022 06:17:15  BuildStamp: freesurfer-linux-ubuntu22_x86_64-7.3.2-20220804-6354275  User: oesteban  Machine: dna074  Platform: Linux  PlatformVersion: 5.14.0-427.37.1.el9_4.x86_64  CompilerName: GCC  CompilerVersion: 8.4.0
ProgramName: mri_diff  ProgramArguments: mri_diff -all-info  ProgramVersion: 7.3.2  TimeStamp: 2026/03/08-14:01:17-GMT  BuildTime: Aug  4 2022 06:17:15  BuildStamp: freesurfer-linux-ubuntu22_x86_64-7.3.2-20220804-6354275  User: oesteban  Machine: dna074  Platform: Linux  PlatformVersion: 5.14.0-427.37.1.el9_4.x86_64  CompilerName: GCC  CompilerVersion: 8.4.0
ProgramName: mri_edit_wm_with_aseg  ProgramArguments: mri_edit_wm_with_aseg -all-info  ProgramVersion: 7.3.2  TimeStamp: 2026/03/08-14:01:17-GMT  BuildTime: Aug  4 2022 06:17:15  BuildStamp: freesurfer-linux-ubuntu22_x86_64-7.3.2-20220804-6354275  User: oesteban  Machine: dna074  Platform: Linux  PlatformVersion: 5.14.0-427.37.1.el9_4.x86_64  CompilerName: GCC  CompilerVersion: 8.4.0
ProgramName: mri_em_register  ProgramArguments: mri_em_register -all-info  ProgramVersion: 7.3.2  TimeStamp: 2026/03/08-14:01:17-GMT  BuildTime: Aug  4 2022 06:17:15  BuildStamp: freesurfer-linux-ubuntu22_x86_64-7.3.2-20220804-6354275  User: oesteban  Machine: dna074  Platform: Linux  PlatformVersion: 5.14.0-427.37.1.el9_4.x86_64  CompilerName: GCC  CompilerVersion: 8.4.0
ProgramName: mri_fill  ProgramArguments: mri_fill -all-info  ProgramVersion: 7.3.2  TimeStamp: 2026/03/08-14:01:17-GMT  BuildTime: Aug  4 2022 06:17:15  BuildStamp: freesurfer-linux-ubuntu22_x86_64-7.3.2-20220804-6354275  User: oesteban  Machine: dna074  Platform: Linux  PlatformVersion: 5.14.0-427.37.1.el9_4.x86_64  CompilerName: GCC  CompilerVersion: 8.4.0
ProgramName: mri_fuse_segmentations  ProgramArguments: mri_fuse_segmentations -all-info  ProgramVersion: 7.3.2  TimeStamp: 2026/03/08-14:01:17-GMT  BuildTime: Aug  4 2022 06:17:15  BuildStamp: freesurfer-linux-ubuntu22_x86_64-7.3.2-20220804-6354275  User: oesteban  Machine: dna074  Platform: Linux  PlatformVersion: 5.14.0-427.37.1.el9_4.x86_64  CompilerName: GCC  CompilerVersion: 8.4.0
ProgramName: mri_fwhm  ProgramArguments: mri_fwhm -all-info  ProgramVersion: 7.3.2  TimeStamp: 2026/03/08-14:01:17-GMT  BuildTime: Aug  4 2022 06:17:15  BuildStamp: freesurfer-linux-ubuntu22_x86_64-7.3.2-20220804-6354275  User: oesteban  Machine: dna074  Platform: Linux  PlatformVersion: 5.14.0-427.37.1.el9_4.x86_64  CompilerName: GCC  CompilerVersion: 8.4.0
ProgramName: mri_gcut  ProgramArguments: mri_gcut -all-info  ProgramVersion: 7.3.2  TimeStamp: 2026/03/08-14:01:17-GMT  BuildTime: Aug  4 2022 06:17:15  BuildStamp: freesurfer-linux-ubuntu22_x86_64-7.3.2-20220804-6354275  User: oesteban  Machine: dna074  Platform: Linux  PlatformVersion: 5.14.0-427.37.1.el9_4.x86_64  CompilerName: GCC  CompilerVersion: 8.4.0
ProgramName: mri_info  ProgramArguments: mri_info -all-info  ProgramVersion: 7.3.2  TimeStamp: 2026/03/08-14:01:17-GMT  BuildTime: Aug  4 2022 06:17:15  BuildStamp: freesurfer-linux-ubuntu22_x86_64-7.3.2-20220804-6354275  User: oesteban  Machine: dna074  Platform: Linux  PlatformVersion: 5.14.0-427.37.1.el9_4.x86_64  CompilerName: GCC  CompilerVersion: 8.4.0
ProgramName: mri_label2label  ProgramArguments: mri_label2label -all-info  ProgramVersion: 7.3.2  TimeStamp: 2026/03/08-14:01:17-GMT  BuildTime: Aug  4 2022 06:17:15  BuildStamp: freesurfer-linux-ubuntu22_x86_64-7.3.2-20220804-6354275  User: oesteban  Machine: dna074  Platform: Linux  PlatformVersion: 5.14.0-427.37.1.el9_4.x86_64  CompilerName: GCC  CompilerVersion: 8.4.0
ProgramName: mri_label2vol  ProgramArguments: mri_label2vol -all-info  ProgramVersion: 7.3.2  TimeStamp: 2026/03/08-14:01:17-GMT  BuildTime: Aug  4 2022 06:17:15  BuildStamp: freesurfer-linux-ubuntu22_x86_64-7.3.2-20220804-6354275  User: oesteban  Machine: dna074  Platform: Linux  PlatformVersion: 5.14.0-427.37.1.el9_4.x86_64  CompilerName: GCC  CompilerVersion: 8.4.0
ProgramName: mri_log_likelihood  ProgramArguments: mri_log_likelihood -all-info  ProgramVersion: 7.3.2  TimeStamp: 2026/03/08-14:01:17-GMT  BuildTime: Aug  4 2022 06:17:15  BuildStamp: freesurfer-linux-ubuntu22_x86_64-7.3.2-20220804-6354275  User: oesteban  Machine: dna074  Platform: Linux  PlatformVersion: 5.14.0-427.37.1.el9_4.x86_64  CompilerName: GCC  CompilerVersion: 8.4.0
ProgramName: mri_mask  ProgramArguments: mri_mask -all-info  ProgramVersion: 7.3.2  TimeStamp: 2026/03/08-14:01:17-GMT  BuildTime: Aug  4 2022 06:17:15  BuildStamp: freesurfer-linux-ubuntu22_x86_64-7.3.2-20220804-6354275  User: oesteban  Machine: dna074  Platform: Linux  PlatformVersion: 5.14.0-427.37.1.el9_4.x86_64  CompilerName: GCC  CompilerVersion: 8.4.0
ProgramName: mri_matrix_multiply  ProgramArguments: mri_matrix_multiply -all-info  ProgramVersion: 7.3.2  TimeStamp: 2026/03/08-14:01:17-GMT  BuildTime: Aug  4 2022 06:17:15  BuildStamp: freesurfer-linux-ubuntu22_x86_64-7.3.2-20220804-6354275  User: oesteban  Machine: dna074  Platform: Linux  PlatformVersion: 5.14.0-427.37.1.el9_4.x86_64  CompilerName: GCC  CompilerVersion: 8.4.0
ProgramName: mri_normalize  ProgramArguments: mri_normalize -all-info  ProgramVersion: 7.3.2  TimeStamp: 2026/03/08-14:01:17-GMT  BuildTime: Aug  4 2022 06:17:15  BuildStamp: freesurfer-linux-ubuntu22_x86_64-7.3.2-20220804-6354275  User: oesteban  Machine: dna074  Platform: Linux  PlatformVersion: 5.14.0-427.37.1.el9_4.x86_64  CompilerName: GCC  CompilerVersion: 8.4.0
ProgramName: mri_normalize_tp2  ProgramArguments: mri_normalize_tp2 -all-info  ProgramVersion: 7.3.2  TimeStamp: 2026/03/08-14:01:17-GMT  BuildTime: Aug  4 2022 06:17:15  BuildStamp: freesurfer-linux-ubuntu22_x86_64-7.3.2-20220804-6354275  User: oesteban  Machine: dna074  Platform: Linux  PlatformVersion: 5.14.0-427.37.1.el9_4.x86_64  CompilerName: GCC  CompilerVersion: 8.4.0
ProgramName: mri_or  ProgramArguments: mri_or -all-info  ProgramVersion: 7.3.2  TimeStamp: 2026/03/08-14:01:17-GMT  BuildTime: Aug  4 2022 06:17:15  BuildStamp: freesurfer-linux-ubuntu22_x86_64-7.3.2-20220804-6354275  User: oesteban  Machine: dna074  Platform: Linux  PlatformVersion: 5.14.0-427.37.1.el9_4.x86_64  CompilerName: GCC  CompilerVersion: 8.4.0
ProgramName: mri_relabel_hypointensities  ProgramArguments: mri_relabel_hypointensities -all-info  ProgramVersion: 7.3.2  TimeStamp: 2026/03/08-14:01:17-GMT  BuildTime: Aug  4 2022 06:17:15  BuildStamp: freesurfer-linux-ubuntu22_x86_64-7.3.2-20220804-6354275  User: oesteban  Machine: dna074  Platform: Linux  PlatformVersion: 5.14.0-427.37.1.el9_4.x86_64  CompilerName: GCC  CompilerVersion: 8.4.0
ProgramName: mri_relabel_nonwm_hypos  ProgramArguments: mri_relabel_nonwm_hypos -all-info  ProgramVersion: 7.3.2  TimeStamp: 2026/03/08-14:01:17-GMT  BuildTime: Aug  4 2022 06:17:15  BuildStamp: freesurfer-linux-ubuntu22_x86_64-7.3.2-20220804-6354275  User: oesteban  Machine: dna074  Platform: Linux  PlatformVersion: 5.14.0-427.37.1.el9_4.x86_64  CompilerName: GCC  CompilerVersion: 8.4.0
ProgramName: mri_remove_neck  ProgramArguments: mri_remove_neck -all-info  ProgramVersion: 7.3.2  TimeStamp: 2026/03/08-14:01:17-GMT  BuildTime: Aug  4 2022 06:17:15  BuildStamp: freesurfer-linux-ubuntu22_x86_64-7.3.2-20220804-6354275  User: oesteban  Machine: dna074  Platform: Linux  PlatformVersion: 5.14.0-427.37.1.el9_4.x86_64  CompilerName: GCC  CompilerVersion: 8.4.0
7.3.2

ProgramName: mri_robust_register  ProgramArguments: mri_robust_register -all-info  ProgramVersion: 7.3.2  TimeStamp: 2026/03/08-14:01:17-GMT  BuildTime: Aug  4 2022 06:17:15  BuildStamp: freesurfer-linux-ubuntu22_x86_64-7.3.2-20220804-6354275  User: oesteban  Machine: dna074  Platform: Linux  PlatformVersion: 5.14.0-427.37.1.el9_4.x86_64  CompilerName: GCC  CompilerVersion: 8.4.0
7.3.2

ProgramName: mri_robust_template  ProgramArguments: mri_robust_template -all-info  ProgramVersion: 7.3.2  TimeStamp: 2026/03/08-14:01:17-GMT  BuildTime: Aug  4 2022 06:17:15  BuildStamp: freesurfer-linux-ubuntu22_x86_64-7.3.2-20220804-6354275  User: oesteban  Machine: dna074  Platform: Linux  PlatformVersion: 5.14.0-427.37.1.el9_4.x86_64  CompilerName: GCC  CompilerVersion: 8.4.0
ProgramName: mris_anatomical_stats  ProgramArguments: mris_anatomical_stats -all-info  ProgramVersion: 7.3.2  TimeStamp: 2026/03/08-14:01:17-GMT  BuildTime: Aug  4 2022 06:17:15  BuildStamp: freesurfer-linux-ubuntu22_x86_64-7.3.2-20220804-6354275  User: oesteban  Machine: dna074  Platform: Linux  PlatformVersion: 5.14.0-427.37.1.el9_4.x86_64  CompilerName: GCC  CompilerVersion: 8.4.0
ProgramName: mris_ca_label  ProgramArguments: mris_ca_label -all-info  ProgramVersion: 7.3.2  TimeStamp: 2026/03/08-14:01:17-GMT  BuildTime: Aug  4 2022 06:17:15  BuildStamp: freesurfer-linux-ubuntu22_x86_64-7.3.2-20220804-6354275  User: oesteban  Machine: dna074  Platform: Linux  PlatformVersion: 5.14.0-427.37.1.el9_4.x86_64  CompilerName: GCC  CompilerVersion: 8.4.0
ProgramName: mris_calc  ProgramArguments: mris_calc -all-info  ProgramVersion: 7.3.2  TimeStamp: 2026/03/08-14:01:17-GMT  BuildTime: Aug  4 2022 06:17:15  BuildStamp: freesurfer-linux-ubuntu22_x86_64-7.3.2-20220804-6354275  User: oesteban  Machine: dna074  Platform: Linux  PlatformVersion: 5.14.0-427.37.1.el9_4.x86_64  CompilerName: GCC  CompilerVersion: 8.4.0
ProgramName: mris_convert  ProgramArguments: mris_convert -all-info  ProgramVersion: 7.3.2  TimeStamp: 2026/03/08-14:01:17-GMT  BuildTime: Aug  4 2022 06:17:15  BuildStamp: freesurfer-linux-ubuntu22_x86_64-7.3.2-20220804-6354275  User: oesteban  Machine: dna074  Platform: Linux  PlatformVersion: 5.14.0-427.37.1.el9_4.x86_64  CompilerName: GCC  CompilerVersion: 8.4.0
ProgramName: mris_curvature  ProgramArguments: mris_curvature -all-info  ProgramVersion: 7.3.2  TimeStamp: 2026/03/08-14:01:17-GMT  BuildTime: Aug  4 2022 06:17:15  BuildStamp: freesurfer-linux-ubuntu22_x86_64-7.3.2-20220804-6354275  User: oesteban  Machine: dna074  Platform: Linux  PlatformVersion: 5.14.0-427.37.1.el9_4.x86_64  CompilerName: GCC  CompilerVersion: 8.4.0
ProgramName: mris_curvature_stats  ProgramArguments: mris_curvature_stats -all-info  ProgramVersion: 7.3.2  TimeStamp: 2026/03/08-14:01:17-GMT  BuildTime: Aug  4 2022 06:17:15  BuildStamp: freesurfer-linux-ubuntu22_x86_64-7.3.2-20220804-6354275  User: oesteban  Machine: dna074  Platform: Linux  PlatformVersion: 5.14.0-427.37.1.el9_4.x86_64  CompilerName: GCC  CompilerVersion: 8.4.0
ProgramName: mris_diff  ProgramArguments: mris_diff -all-info  ProgramVersion: 7.3.2  TimeStamp: 2026/03/08-14:01:17-GMT  BuildTime: Aug  4 2022 06:17:15  BuildStamp: freesurfer-linux-ubuntu22_x86_64-7.3.2-20220804-6354275  User: oesteban  Machine: dna074  Platform: Linux  PlatformVersion: 5.14.0-427.37.1.el9_4.x86_64  CompilerName: GCC  CompilerVersion: 8.4.0
ProgramName: mris_divide_parcellation  ProgramArguments: mris_divide_parcellation -all-info  ProgramVersion: 7.3.2  TimeStamp: 2026/03/08-14:01:17-GMT  BuildTime: Aug  4 2022 06:17:15  BuildStamp: freesurfer-linux-ubuntu22_x86_64-7.3.2-20220804-6354275  User: oesteban  Machine: dna074  Platform: Linux  PlatformVersion: 5.14.0-427.37.1.el9_4.x86_64  CompilerName: GCC  CompilerVersion: 8.4.0
ProgramName: mri_segment  ProgramArguments: mri_segment -all-info  ProgramVersion: 7.3.2  TimeStamp: 2026/03/08-14:01:17-GMT  BuildTime: Aug  4 2022 06:17:15  BuildStamp: freesurfer-linux-ubuntu22_x86_64-7.3.2-20220804-6354275  User: oesteban  Machine: dna074  Platform: Linux  PlatformVersion: 5.14.0-427.37.1.el9_4.x86_64  CompilerName: GCC  CompilerVersion: 8.4.0
ProgramName: mri_segstats  ProgramArguments: mri_segstats -all-info  ProgramVersion: 7.3.2  TimeStamp: 2026/03/08-14:01:17-GMT  BuildTime: Aug  4 2022 06:17:15  BuildStamp: freesurfer-linux-ubuntu22_x86_64-7.3.2-20220804-6354275  User: oesteban  Machine: dna074  Platform: Linux  PlatformVersion: 5.14.0-427.37.1.el9_4.x86_64  CompilerName: GCC  CompilerVersion: 8.4.0
ProgramName: mris_euler_number  ProgramArguments: mris_euler_number -all-info  ProgramVersion: 7.3.2  TimeStamp: 2026/03/08-14:01:17-GMT  BuildTime: Aug  4 2022 06:17:15  BuildStamp: freesurfer-linux-ubuntu22_x86_64-7.3.2-20220804-6354275  User: oesteban  Machine: dna074  Platform: Linux  PlatformVersion: 5.14.0-427.37.1.el9_4.x86_64  CompilerName: GCC  CompilerVersion: 8.4.0
ProgramName: mris_fix_topology  ProgramArguments: mris_fix_topology -all-info  ProgramVersion: 7.3.2  TimeStamp: 2026/03/08-14:01:17-GMT  BuildTime: Aug  4 2022 06:17:15  BuildStamp: freesurfer-linux-ubuntu22_x86_64-7.3.2-20220804-6354275  User: oesteban  Machine: dna074  Platform: Linux  PlatformVersion: 5.14.0-427.37.1.el9_4.x86_64  CompilerName: GCC  CompilerVersion: 8.4.0
ProgramName: mris_topo_fixer  ProgramArguments: mris_topo_fixer -all-info  ProgramVersion: 7.3.2  TimeStamp: 2026/03/08-14:01:17-GMT  BuildTime: Aug  4 2022 06:17:15  BuildStamp: freesurfer-linux-ubuntu22_x86_64-7.3.2-20220804-6354275  User: oesteban  Machine: dna074  Platform: Linux  PlatformVersion: 5.14.0-427.37.1.el9_4.x86_64  CompilerName: GCC  CompilerVersion: 8.4.0
ProgramName: mris_jacobian  ProgramArguments: mris_jacobian -all-info  ProgramVersion: 7.3.2  TimeStamp: 2026/03/08-14:01:17-GMT  BuildTime: Aug  4 2022 06:17:15  BuildStamp: freesurfer-linux-ubuntu22_x86_64-7.3.2-20220804-6354275  User: oesteban  Machine: dna074  Platform: Linux  PlatformVersion: 5.14.0-427.37.1.el9_4.x86_64  CompilerName: GCC  CompilerVersion: 8.4.0
ProgramName: mris_label2annot  ProgramArguments: mris_label2annot -all-info  ProgramVersion: 7.3.2  TimeStamp: 2026/03/08-14:01:17-GMT  BuildTime: Aug  4 2022 06:17:15  BuildStamp: freesurfer-linux-ubuntu22_x86_64-7.3.2-20220804-6354275  User: oesteban  Machine: dna074  Platform: Linux  PlatformVersion: 5.14.0-427.37.1.el9_4.x86_64  CompilerName: GCC  CompilerVersion: 8.4.0
ProgramName: mris_left_right_register  ProgramArguments: mris_left_right_register -all-info  ProgramVersion: 7.3.2  TimeStamp: 2026/03/08-14:01:17-GMT  BuildTime: Aug  4 2022 06:17:15  BuildStamp: freesurfer-linux-ubuntu22_x86_64-7.3.2-20220804-6354275  User: oesteban  Machine: dna074  Platform: Linux  PlatformVersion: 5.14.0-427.37.1.el9_4.x86_64  CompilerName: GCC  CompilerVersion: 8.4.0
ProgramName: mris_place_surface  ProgramArguments: mris_place_surface -all-info  ProgramVersion: 7.3.2  TimeStamp: 2026/03/08-14:01:17-GMT  BuildTime: Aug  4 2022 06:17:15  BuildStamp: freesurfer-linux-ubuntu22_x86_64-7.3.2-20220804-6354275  User: oesteban  Machine: dna074  Platform: Linux  PlatformVersion: 5.14.0-427.37.1.el9_4.x86_64  CompilerName: GCC  CompilerVersion: 8.4.0
ProgramName: mrisp_paint  ProgramArguments: mrisp_paint -all-info  ProgramVersion: 7.3.2  TimeStamp: 2026/03/08-14:01:17-GMT  BuildTime: Aug  4 2022 06:17:15  BuildStamp: freesurfer-linux-ubuntu22_x86_64-7.3.2-20220804-6354275  User: oesteban  Machine: dna074  Platform: Linux  PlatformVersion: 5.14.0-427.37.1.el9_4.x86_64  CompilerName: GCC  CompilerVersion: 8.4.0
ProgramName: mris_register  ProgramArguments: mris_register -all-info  ProgramVersion: 7.3.2  TimeStamp: 2026/03/08-14:01:17-GMT  BuildTime: Aug  4 2022 06:17:15  BuildStamp: freesurfer-linux-ubuntu22_x86_64-7.3.2-20220804-6354275  User: oesteban  Machine: dna074  Platform: Linux  PlatformVersion: 5.14.0-427.37.1.el9_4.x86_64  CompilerName: GCC  CompilerVersion: 8.4.0
ProgramName: mris_smooth  ProgramArguments: mris_smooth -all-info  ProgramVersion: 7.3.2  TimeStamp: 2026/03/08-14:01:17-GMT  BuildTime: Aug  4 2022 06:17:15  BuildStamp: freesurfer-linux-ubuntu22_x86_64-7.3.2-20220804-6354275  User: oesteban  Machine: dna074  Platform: Linux  PlatformVersion: 5.14.0-427.37.1.el9_4.x86_64  CompilerName: GCC  CompilerVersion: 8.4.0
ProgramName: mris_sphere  ProgramArguments: mris_sphere -all-info  ProgramVersion: 7.3.2  TimeStamp: 2026/03/08-14:01:17-GMT  BuildTime: Aug  4 2022 06:17:15  BuildStamp: freesurfer-linux-ubuntu22_x86_64-7.3.2-20220804-6354275  User: oesteban  Machine: dna074  Platform: Linux  PlatformVersion: 5.14.0-427.37.1.el9_4.x86_64  CompilerName: GCC  CompilerVersion: 8.4.0
ProgramName: mris_surface_stats  ProgramArguments: mris_surface_stats -all-info  ProgramVersion: 7.3.2  TimeStamp: 2026/03/08-14:01:17-GMT  BuildTime: Aug  4 2022 06:17:15  BuildStamp: freesurfer-linux-ubuntu22_x86_64-7.3.2-20220804-6354275  User: oesteban  Machine: dna074  Platform: Linux  PlatformVersion: 5.14.0-427.37.1.el9_4.x86_64  CompilerName: GCC  CompilerVersion: 8.4.0
ProgramName: mri_stats2seg  ProgramArguments: mri_stats2seg -all-info  ProgramVersion: 7.3.2  TimeStamp: 2026/03/08-14:01:17-GMT  BuildTime: Aug  4 2022 06:17:15  BuildStamp: freesurfer-linux-ubuntu22_x86_64-7.3.2-20220804-6354275  User: oesteban  Machine: dna074  Platform: Linux  PlatformVersion: 5.14.0-427.37.1.el9_4.x86_64  CompilerName: GCC  CompilerVersion: 8.4.0
ProgramName: mris_thickness  ProgramArguments: mris_thickness -all-info  ProgramVersion: 7.3.2  TimeStamp: 2026/03/08-14:01:17-GMT  BuildTime: Aug  4 2022 06:17:15  BuildStamp: freesurfer-linux-ubuntu22_x86_64-7.3.2-20220804-6354275  User: oesteban  Machine: dna074  Platform: Linux  PlatformVersion: 5.14.0-427.37.1.el9_4.x86_64  CompilerName: GCC  CompilerVersion: 8.4.0
ProgramName: mris_thickness_diff  ProgramArguments: mris_thickness_diff -all-info  ProgramVersion: 7.3.2  TimeStamp: 2026/03/08-14:01:17-GMT  BuildTime: Aug  4 2022 06:17:15  BuildStamp: freesurfer-linux-ubuntu22_x86_64-7.3.2-20220804-6354275  User: oesteban  Machine: dna074  Platform: Linux  PlatformVersion: 5.14.0-427.37.1.el9_4.x86_64  CompilerName: GCC  CompilerVersion: 8.4.0
ProgramName: mris_topo_fixer  ProgramArguments: mris_topo_fixer -all-info  ProgramVersion: 7.3.2  TimeStamp: 2026/03/08-14:01:17-GMT  BuildTime: Aug  4 2022 06:17:15  BuildStamp: freesurfer-linux-ubuntu22_x86_64-7.3.2-20220804-6354275  User: oesteban  Machine: dna074  Platform: Linux  PlatformVersion: 5.14.0-427.37.1.el9_4.x86_64  CompilerName: GCC  CompilerVersion: 8.4.0
ProgramName: mri_surf2surf  ProgramArguments: mri_surf2surf -all-info  ProgramVersion: 7.3.2  TimeStamp: 2026/03/08-14:01:17-GMT  BuildTime: Aug  4 2022 06:17:15  BuildStamp: freesurfer-linux-ubuntu22_x86_64-7.3.2-20220804-6354275  User: oesteban  Machine: dna074  Platform: Linux  PlatformVersion: 5.14.0-427.37.1.el9_4.x86_64  CompilerName: GCC  CompilerVersion: 8.4.0
ProgramName: mri_surf2vol  ProgramArguments: mri_surf2vol -all-info  ProgramVersion: 7.3.2  TimeStamp: 2026/03/08-14:01:17-GMT  BuildTime: Aug  4 2022 06:17:15  BuildStamp: freesurfer-linux-ubuntu22_x86_64-7.3.2-20220804-6354275  User: oesteban  Machine: dna074  Platform: Linux  PlatformVersion: 5.14.0-427.37.1.el9_4.x86_64  CompilerName: GCC  CompilerVersion: 8.4.0
ProgramName: mri_surfcluster  ProgramArguments: mri_surfcluster -all-info  ProgramVersion: 7.3.2  TimeStamp: 2026/03/08-14:01:17-GMT  BuildTime: Aug  4 2022 06:17:15  BuildStamp: freesurfer-linux-ubuntu22_x86_64-7.3.2-20220804-6354275  User: oesteban  Machine: dna074  Platform: Linux  PlatformVersion: 5.14.0-427.37.1.el9_4.x86_64  CompilerName: GCC  CompilerVersion: 8.4.0
ProgramName: mris_volmask  ProgramArguments: mris_volmask -all-info  ProgramVersion: 7.3.2  TimeStamp: 2026/03/08-14:01:17-GMT  BuildTime: Aug  4 2022 06:17:15  BuildStamp: freesurfer-linux-ubuntu22_x86_64-7.3.2-20220804-6354275  User: oesteban  Machine: dna074  Platform: Linux  PlatformVersion: 5.14.0-427.37.1.el9_4.x86_64  CompilerName: GCC  CompilerVersion: 8.4.0
ProgramName: mri_tessellate  ProgramArguments: mri_tessellate -all-info  ProgramVersion: 7.3.2  TimeStamp: 2026/03/08-14:01:17-GMT  BuildTime: Aug  4 2022 06:17:15  BuildStamp: freesurfer-linux-ubuntu22_x86_64-7.3.2-20220804-6354275  User: oesteban  Machine: dna074  Platform: Linux  PlatformVersion: 5.14.0-427.37.1.el9_4.x86_64  CompilerName: GCC  CompilerVersion: 8.4.0
ProgramName: mri_vol2surf  ProgramArguments: mri_vol2surf -all-info  ProgramVersion: 7.3.2  TimeStamp: 2026/03/08-14:01:17-GMT  BuildTime: Aug  4 2022 06:17:15  BuildStamp: freesurfer-linux-ubuntu22_x86_64-7.3.2-20220804-6354275  User: oesteban  Machine: dna074  Platform: Linux  PlatformVersion: 5.14.0-427.37.1.el9_4.x86_64  CompilerName: GCC  CompilerVersion: 8.4.0
ProgramName: mri_vol2vol  ProgramArguments: mri_vol2vol -all-info  ProgramVersion: 7.3.2  TimeStamp: 2026/03/08-14:01:17-GMT  BuildTime: Aug  4 2022 06:17:15  BuildStamp: freesurfer-linux-ubuntu22_x86_64-7.3.2-20220804-6354275  User: oesteban  Machine: dna074  Platform: Linux  PlatformVersion: 5.14.0-427.37.1.el9_4.x86_64  CompilerName: GCC  CompilerVersion: 8.4.0
ProgramName: mri_voldiff  ProgramArguments: mri_voldiff -all-info  ProgramVersion: 7.3.2  TimeStamp: 2026/03/08-14:01:17-GMT  BuildTime: Aug  4 2022 06:17:15  BuildStamp: freesurfer-linux-ubuntu22_x86_64-7.3.2-20220804-6354275  User: oesteban  Machine: dna074  Platform: Linux  PlatformVersion: 5.14.0-427.37.1.el9_4.x86_64  CompilerName: GCC  CompilerVersion: 8.4.0
ProgramName: mri_watershed  ProgramArguments: mri_watershed -all-info  ProgramVersion: 7.3.2  TimeStamp: 2026/03/08-14:01:17-GMT  BuildTime: Aug  4 2022 06:17:15  BuildStamp: freesurfer-linux-ubuntu22_x86_64-7.3.2-20220804-6354275  User: oesteban  Machine: dna074  Platform: Linux  PlatformVersion: 5.14.0-427.37.1.el9_4.x86_64  CompilerName: GCC  CompilerVersion: 8.4.0
ProgramName: tkregister2  ProgramArguments: tkregister2_cmdl -all-info  ProgramVersion: 7.3.2  TimeStamp: 2026/03/08-14:01:17-GMT  BuildTime: Aug  4 2022 06:17:15  BuildStamp: freesurfer-linux-ubuntu22_x86_64-7.3.2-20220804-6354275  User: oesteban  Machine: dna074  Platform: Linux  PlatformVersion: 5.14.0-427.37.1.el9_4.x86_64  CompilerName: GCC  CompilerVersion: 8.4.0
mri_motion_correct.fsl 7.3.2
mri_convert -all-info 
ProgramName: mri_convert  ProgramArguments: mri_convert -all-info  ProgramVersion: 7.3.2  TimeStamp: 2026/03/08-14:01:17-GMT  BuildTime: Aug  4 2022 06:17:15  BuildStamp: freesurfer-linux-ubuntu22_x86_64-7.3.2-20220804-6354275  User: oesteban  Machine: dna074  Platform: Linux  PlatformVersion: 5.14.0-427.37.1.el9_4.x86_64  CompilerName: GCC  CompilerVersion: 8.4.0
Program nu_correct, built from:
Package MNI N3, version 1.12.0, compiled by nicks@terrier (x86_64-unknown-linux-gnu) on 2015-06-19 at 01:25:34
#######################################
GCADIR /opt/freesurfer/average
GCA RB_all_2020-01-02.gca
GCASkull RB_all_withskull_2020_01_02.gca
AvgCurvTif folding.atlas.acfb40.noaparc.i12.2016-08-02.tif
GCSDIR /opt/freesurfer/average
GCS DKaparc.atlas.acfb40.noaparc.i12.2016-08-02.gcs
#######################################
#--------------------------------------------
#@# WhiteSurfs lh Sun Mar  8 15:01:17 CET 2026
cd /out/sourcedata/freesurfer/sub-v1s11x0050171_ses-1/mri
mris_place_surface --adgws-in ../surf/autodet.gw.stats.lh.dat --seg aseg.presurf.mgz --threads 16 --wm wm.mgz --invol brain.finalsurfs.mgz --lh --i ../surf/lh.white.preaparc --o ../surf/lh.white --white --nsmooth 0 --rip-label ../label/lh.cortex.label --rip-bg --rip-surf ../surf/lh.white.preaparc --aparc ../label/lh.aparc.annot
   Update not needed
#--------------------------------------------
#@# WhiteSurfs rh Sun Mar  8 15:01:17 CET 2026
cd /out/sourcedata/freesurfer/sub-v1s11x0050171_ses-1/mri
mris_place_surface --adgws-in ../surf/autodet.gw.stats.rh.dat --seg aseg.presurf.mgz --threads 16 --wm wm.mgz --invol brain.finalsurfs.mgz --rh --i ../surf/rh.white.preaparc --o ../surf/rh.white --white --nsmooth 0 --rip-label ../label/rh.cortex.label --rip-bg --rip-surf ../surf/rh.white.preaparc --aparc ../label/rh.aparc.annot
   Update not needed
#@# white curv lh Sun Mar  8 15:01:17 CET 2026
cd /out/sourcedata/freesurfer/sub-v1s11x0050171_ses-1/mri
mris_place_surface --curv-map ../surf/lh.white 2 10 ../surf/lh.curv
   Update not needed
#@# white area lh Sun Mar  8 15:01:17 CET 2026
cd /out/sourcedata/freesurfer/sub-v1s11x0050171_ses-1/mri
mris_place_surface --area-map ../surf/lh.white ../surf/lh.area
   Update not needed
#@# pial curv lh Sun Mar  8 15:01:17 CET 2026
cd /out/sourcedata/freesurfer/sub-v1s11x0050171_ses-1/mri
mris_place_surface --curv-map ../surf/lh.pial 2 10 ../surf/lh.curv.pial
   Update not needed
#@# pial area lh Sun Mar  8 15:01:17 CET 2026
cd /out/sourcedata/freesurfer/sub-v1s11x0050171_ses-1/mri
mris_place_surface --area-map ../surf/lh.pial ../surf/lh.area.pial
   Update not needed
#@# thickness lh Sun Mar  8 15:01:17 CET 2026
cd /out/sourcedata/freesurfer/sub-v1s11x0050171_ses-1/mri
mris_place_surface --thickness ../surf/lh.white ../surf/lh.pial 20 5 ../surf/lh.thickness
   Update not needed
#@# area and vertex vol lh Sun Mar  8 15:01:17 CET 2026
cd /out/sourcedata/freesurfer/sub-v1s11x0050171_ses-1/mri
mris_place_surface --thickness ../surf/lh.white ../surf/lh.pial 20 5 ../surf/lh.thickness
   Update not needed
#@# white curv rh Sun Mar  8 15:01:17 CET 2026
cd /out/sourcedata/freesurfer/sub-v1s11x0050171_ses-1/mri
mris_place_surface --curv-map ../surf/rh.white 2 10 ../surf/rh.curv
   Update not needed
#@# white area rh Sun Mar  8 15:01:17 CET 2026
cd /out/sourcedata/freesurfer/sub-v1s11x0050171_ses-1/mri
mris_place_surface --area-map ../surf/rh.white ../surf/rh.area
   Update not needed
#@# pial curv rh Sun Mar  8 15:01:17 CET 2026
cd /out/sourcedata/freesurfer/sub-v1s11x0050171_ses-1/mri
mris_place_surface --curv-map ../surf/rh.pial 2 10 ../surf/rh.curv.pial
   Update not needed
#@# pial area rh Sun Mar  8 15:01:17 CET 2026
cd /out/sourcedata/freesurfer/sub-v1s11x0050171_ses-1/mri
mris_place_surface --area-map ../surf/rh.pial ../surf/rh.area.pial
   Update not needed
#@# thickness rh Sun Mar  8 15:01:17 CET 2026
cd /out/sourcedata/freesurfer/sub-v1s11x0050171_ses-1/mri
mris_place_surface --thickness ../surf/rh.white ../surf/rh.pial 20 5 ../surf/rh.thickness
   Update not needed
#@# area and vertex vol rh Sun Mar  8 15:01:17 CET 2026
cd /out/sourcedata/freesurfer/sub-v1s11x0050171_ses-1/mri
mris_place_surface --thickness ../surf/rh.white ../surf/rh.pial 20 5 ../surf/rh.thickness
   Update not needed

#-----------------------------------------
#@# Curvature Stats lh Sun Mar  8 15:01:17 CET 2026
/out/sourcedata/freesurfer/sub-v1s11x0050171_ses-1/surf

 mris_curvature_stats -m --writeCurvatureFiles -G -o ../stats/lh.curv.stats -F smoothwm sub-v1s11x0050171_ses-1 lh curv sulc 

             Toggling save flag on curvature files                       [ ok ]
                 Outputting results using filestem   [ ../stats/lh.curv.stats ]
             Toggling save flag on curvature files                       [ ok ]
                                   Setting surface [ sub-v1s11x0050171_ses-1/lh.smoothwm ]
                                Reading surface...                       [ ok ]
                                   Setting texture                     [ curv ]
                                Reading texture...                       [ ok ]
                                   Setting texture                     [ sulc ]
                                Reading texture...Gb_filter = 0
                       [ ok ]
      Calculating Discrete Principal Curvatures...
      Determining geometric order for vno faces... [####################] [ ok ]
                      Determining KH curvatures... [####################] [ ok ]
                    Determining k1k2 curvatures... [####################] [ ok ]
                                   deltaViolations                      [ 292 ]
Gb_filter = 0

WARN:    S lookup   min:                          -0.010913
WARN:    S explicit min:                          0.000000	vertex = 997

#-----------------------------------------
#@# Curvature Stats rh Sun Mar  8 15:01:19 CET 2026
/out/sourcedata/freesurfer/sub-v1s11x0050171_ses-1/surf

 mris_curvature_stats -m --writeCurvatureFiles -G -o ../stats/rh.curv.stats -F smoothwm sub-v1s11x0050171_ses-1 rh curv sulc 

             Toggling save flag on curvature files                       [ ok ]
                 Outputting results using filestem   [ ../stats/rh.curv.stats ]
             Toggling save flag on curvature files                       [ ok ]
                                   Setting surface [ sub-v1s11x0050171_ses-1/rh.smoothwm ]
                                Reading surface...                       [ ok ]
                                   Setting texture                     [ curv ]
                                Reading texture...                       [ ok ]
                                   Setting texture                     [ sulc ]
                                Reading texture...Gb_filter = 0
                       [ ok ]
      Calculating Discrete Principal Curvatures...
      Determining geometric order for vno faces... [####################] [ ok ]
                      Determining KH curvatures... [####################] [ ok ]
                    Determining k1k2 curvatures... [####################] [ ok ]
                                   deltaViolations                      [ 229 ]
Gb_filter = 0
#-----------------------------------------
#@# Relabel Hypointensities Sun Mar  8 15:01:21 CET 2026
/out/sourcedata/freesurfer/sub-v1s11x0050171_ses-1/mri

 mri_relabel_hypointensities aseg.presurf.mgz ../surf aseg.presurf.hypos.mgz 

reading input surface ../surf/lh.white...
relabeling lh hypointensities...
2677 voxels changed to hypointensity...
reading input surface ../surf/rh.white...
relabeling rh hypointensities...
3797 voxels changed to hypointensity...
6456 hypointense voxels neighboring cortex changed
#-----------------------------------------
#@# APas-to-ASeg Sun Mar  8 15:01:32 CET 2026
/out/sourcedata/freesurfer/sub-v1s11x0050171_ses-1/mri

 mri_surf2volseg --o aseg.mgz --i aseg.presurf.hypos.mgz --fix-presurf-with-ribbon /out/sourcedata/freesurfer/sub-v1s11x0050171_ses-1/mri/ribbon.mgz --threads 16 --lh-cortex-mask /out/sourcedata/freesurfer/sub-v1s11x0050171_ses-1/label/lh.cortex.label --lh-white /out/sourcedata/freesurfer/sub-v1s11x0050171_ses-1/surf/lh.white --lh-pial /out/sourcedata/freesurfer/sub-v1s11x0050171_ses-1/surf/lh.pial --rh-cortex-mask /out/sourcedata/freesurfer/sub-v1s11x0050171_ses-1/label/rh.cortex.label --rh-white /out/sourcedata/freesurfer/sub-v1s11x0050171_ses-1/surf/rh.white --rh-pial /out/sourcedata/freesurfer/sub-v1s11x0050171_ses-1/surf/rh.pial 

SUBJECTS_DIR /out/sourcedata/freesurfer
outvol aseg.mgz
16 avail.processors, using 16
Loading aseg.presurf.hypos.mgz
Loading /out/sourcedata/freesurfer/sub-v1s11x0050171_ses-1/mri/ribbon.mgz
Loading /out/sourcedata/freesurfer/sub-v1s11x0050171_ses-1/surf/lh.white
Loading /out/sourcedata/freesurfer/sub-v1s11x0050171_ses-1/surf/lh.pial
Loading /out/sourcedata/freesurfer/sub-v1s11x0050171_ses-1/label/lh.cortex.label
Loading /out/sourcedata/freesurfer/sub-v1s11x0050171_ses-1/surf/rh.white
Loading /out/sourcedata/freesurfer/sub-v1s11x0050171_ses-1/surf/rh.pial
Loading /out/sourcedata/freesurfer/sub-v1s11x0050171_ses-1/label/rh.cortex.label
Done loading
192   0  48  64 112  80 224 208  32  16 240 176  96 128 144 160 225  33  17  49   1 209 241 193  65  34  18 226  50  81 210  97   2 242  35 194  19 
177  66 227  51  36 211   3 243 161  20  82 228  52 195 113  67  37 212  21 244   4 229  98  53  38  22 178  83 213 245  68 230   5 145  54 196  23 162  39 
246 231 214   6  69  55  99 
 24 247  40 215   7 197 232  84  56  25  70 248  41 216 233   8  26  57  42 249 179 
 71 146 114 100 217  43  27 234 163  85 250  58   9 198  44  28 251 218 235  59 
 72  10  45 199 
 29 252  60 236 219 
 86  46  30 180 101  11 253 147 200  61  31 237 220  47  73 164 201 238 221 254  12  62  87 202 102 255 222 239 
115  13 203 181  74 148 223  14 204  63 165  15  75 205  88 103 206 182 149 129 207  76 166 116 183  77  89 150 104 184  78 167 151 185 105  79 
117  90 186 168 152 187 106 188 153 169  91 118 189 107 154 190 170 191  92 108 155 171 119 
 93 172 109 156 173  94 120 130 174 110 157  95 175 121 158 111 122 159 
123 131 124 132 125 133 126 134 135 136 127 137 138 139 
140 141 142 143 
nrelabeled = 186826
ndotcheck = 0
Starting Surf2VolSeg free
free done
#VMPC# mri_surf2volseg VmPeak  1997476
mri_surf2volseg done

 mri_brainvol_stats sub-v1s11x0050171_ses-1 

ComputeBrainVolumeStats2 VoxelVol=1, KeepCSF=1
  #CBVS2 MaskVol              1644511.0
  #CBVS2 BrainSegVol          1299849.0
  #CBVS2 BrainSegVolNotVent   1283028.0
  #CBVS2 SupraTentVol         1142947.0
  #CBVS2 SupraTentVolNotVent  1126126.0
  #CBVS2 lhCtxGM               309281.6
  #CBVS2 rhCtxGM               310259.8
  #CBVS2 lhCerebralWM          226222.0
  #CBVS2 rhCerebralWM          221057.0
  #CBVS2 SubCortGMVol           60456.0
  #CBVS2 CerebellumVol         156902.0
  #CBVS2 CerebellumGMVol       131570.0
  #CBVS2 VentChorVol            14146.0
  #CBVS2 3rd4th5thCSF            2675.0
  #CBVS2 AllCSF                 16821.0
  #CBVS2 CCVol                   3120.0
#-----------------------------------------
#@# AParc-to-ASeg aparc Sun Mar  8 15:01:38 CET 2026
/out/sourcedata/freesurfer/sub-v1s11x0050171_ses-1/mri

 mri_surf2volseg --o aparc+aseg.mgz --label-cortex --i aseg.mgz --threads 16 --lh-annot /out/sourcedata/freesurfer/sub-v1s11x0050171_ses-1/label/lh.aparc.annot 1000 --lh-cortex-mask /out/sourcedata/freesurfer/sub-v1s11x0050171_ses-1/label/lh.cortex.label --lh-white /out/sourcedata/freesurfer/sub-v1s11x0050171_ses-1/surf/lh.white --lh-pial /out/sourcedata/freesurfer/sub-v1s11x0050171_ses-1/surf/lh.pial --rh-annot /out/sourcedata/freesurfer/sub-v1s11x0050171_ses-1/label/rh.aparc.annot 2000 --rh-cortex-mask /out/sourcedata/freesurfer/sub-v1s11x0050171_ses-1/label/rh.cortex.label --rh-white /out/sourcedata/freesurfer/sub-v1s11x0050171_ses-1/surf/rh.white --rh-pial /out/sourcedata/freesurfer/sub-v1s11x0050171_ses-1/surf/rh.pial 

SUBJECTS_DIR /out/sourcedata/freesurfer
outvol aparc+aseg.mgz
16 avail.processors, using 16
Loading aseg.mgz
Loading /out/sourcedata/freesurfer/sub-v1s11x0050171_ses-1/surf/lh.white
Loading /out/sourcedata/freesurfer/sub-v1s11x0050171_ses-1/surf/lh.pial
Loading /out/sourcedata/freesurfer/sub-v1s11x0050171_ses-1/label/lh.cortex.label
Ripping lh vertices labeled not in lh.cortex.label
  ripped 7514 vertices from lh hemi
Loading /out/sourcedata/freesurfer/sub-v1s11x0050171_ses-1/label/lh.aparc.annot
Loading /out/sourcedata/freesurfer/sub-v1s11x0050171_ses-1/surf/rh.white
Loading /out/sourcedata/freesurfer/sub-v1s11x0050171_ses-1/surf/rh.pial
Loading /out/sourcedata/freesurfer/sub-v1s11x0050171_ses-1/label/rh.cortex.label
Ripping rh vertices labeled not in rh.cortex.label
  ripped 8010 vertices from rh hemi
Loading /out/sourcedata/freesurfer/sub-v1s11x0050171_ses-1/label/rh.aparc.annot
Done loading
  0 112  64 224 240  16 144 208 176 128  80  96 160  48  32 192 241  49 209  33 225  17 242  50 210  34  18 226   1 243  51 211  35  19 
  2 244  52 212  36  20   3 245  53 213  37 246  21   4  54 247 214  38  22 227 248   5  55  23 215 249  39 
228   6 250  56  24 216 229  40 251   7  25  57 230 252  41 217  26   8  58 231 253  42 218  27 254   9 232  43 219 
 28 255  10 233  59 
 44  29 220  11 234  45  30 221 235  12  46  31 236 222  13  47 237 223  14 238  15 239 
 60  61  62  63  65 193 129 113 145 194  66 161 195 177  97  81 196 146 130 197 198 199 
200 201 202 203 204 205 206 207 114  67 131  68 147 115  69 132 178 162  98  82  70 148 133  71 116 179 
 72 163  99 
 83 149  73 134 117 180 164  74 150 100  84  75 135 181 165 151 118  76  85 101 182  77 152 136 166 119 
 78  86 183 153 102 167  79 
137  87 184 120 154 168 103 138 185  88 169 155 121 104 186 139 
170  89 156 105 187 122 140 171 188 157  90 106 189 123 141 158 172 107  91 190 142 159 
191 124 173 108  92 143 109 174 125  93 110 175 126 111  94 127  95 
nrelabeled = 618379
ndotcheck = 42780
Starting Surf2VolSeg free
free done
#VMPC# mri_surf2volseg VmPeak  1981792
mri_surf2volseg done
#-----------------------------------------
#@# AParc-to-ASeg aparc.a2009s Sun Mar  8 15:02:13 CET 2026
/out/sourcedata/freesurfer/sub-v1s11x0050171_ses-1/mri

 mri_surf2volseg --o aparc.a2009s+aseg.mgz --label-cortex --i aseg.mgz --threads 16 --lh-annot /out/sourcedata/freesurfer/sub-v1s11x0050171_ses-1/label/lh.aparc.a2009s.annot 11100 --lh-cortex-mask /out/sourcedata/freesurfer/sub-v1s11x0050171_ses-1/label/lh.cortex.label --lh-white /out/sourcedata/freesurfer/sub-v1s11x0050171_ses-1/surf/lh.white --lh-pial /out/sourcedata/freesurfer/sub-v1s11x0050171_ses-1/surf/lh.pial --rh-annot /out/sourcedata/freesurfer/sub-v1s11x0050171_ses-1/label/rh.aparc.a2009s.annot 12100 --rh-cortex-mask /out/sourcedata/freesurfer/sub-v1s11x0050171_ses-1/label/rh.cortex.label --rh-white /out/sourcedata/freesurfer/sub-v1s11x0050171_ses-1/surf/rh.white --rh-pial /out/sourcedata/freesurfer/sub-v1s11x0050171_ses-1/surf/rh.pial 

SUBJECTS_DIR /out/sourcedata/freesurfer
outvol aparc.a2009s+aseg.mgz
16 avail.processors, using 16
Loading aseg.mgz
Loading /out/sourcedata/freesurfer/sub-v1s11x0050171_ses-1/surf/lh.white
Loading /out/sourcedata/freesurfer/sub-v1s11x0050171_ses-1/surf/lh.pial
Loading /out/sourcedata/freesurfer/sub-v1s11x0050171_ses-1/label/lh.cortex.label
Ripping lh vertices labeled not in lh.cortex.label
  ripped 7514 vertices from lh hemi
Loading /out/sourcedata/freesurfer/sub-v1s11x0050171_ses-1/label/lh.aparc.a2009s.annot
Loading /out/sourcedata/freesurfer/sub-v1s11x0050171_ses-1/surf/rh.white
Loading /out/sourcedata/freesurfer/sub-v1s11x0050171_ses-1/surf/rh.pial
Loading /out/sourcedata/freesurfer/sub-v1s11x0050171_ses-1/label/rh.cortex.label
Ripping rh vertices labeled not in rh.cortex.label
  ripped 8010 vertices from rh hemi
Loading /out/sourcedata/freesurfer/sub-v1s11x0050171_ses-1/label/rh.aparc.a2009s.annot
Done loading
  0 192 112 224  48 160  80 176 240 128  96  16 144 208  64  32 241   1 209  17 225   2 242 210  18  49 226   3 243  19 
211 227  50   4 244  20 212 228  51  33 245   5  21 213 229  34 246   6  22 214 230  35   7 247  23 215  52 231  36   8 248  24 216  53 232  37   9 249  25 217  54 233  38  10 250  26 218 234  55  39 
 11 251  27 219 
235  56  40  12 252  28 220 236  57  13 253  29  41 221 237  58  14 254 222  42  30 238 255  15 223  43  31  59 
239 
 44  45  46  47  60  61  62  63 113  65 193  97 129 145  66 114 194 161 177  81 195 196 115 197  67 198  98 199 
200 201 202 203 204 205 206 207 146 130 116 178 131  68  99 
147 162 117 132  82 100  69 179 
148 118 133 101  70 163 149 180 119 
102  71 134 150  83 120 181  72 103 164 151 135 121 104 182  73 152 105  84 122 165 136 183 106 153  74 123 107 184 137 154 166  85 124 108  75 185 109 138 155 125 186 110  76 167  86 156 111 139 
126 187 188 127 157  77 168 140  87 189 158 169 190  78 141  88 170 191 159 
 79 
142 171  89 172 143  90 173  91  92 174  93 175  94  95 
nrelabeled = 618379
ndotcheck = 42780
Starting Surf2VolSeg free
free done
#VMPC# mri_surf2volseg VmPeak  1981872
mri_surf2volseg done
#-----------------------------------------
#@# AParc-to-ASeg aparc.DKTatlas Sun Mar  8 15:02:45 CET 2026
/out/sourcedata/freesurfer/sub-v1s11x0050171_ses-1/mri

 mri_surf2volseg --o aparc.DKTatlas+aseg.mgz --label-cortex --i aseg.mgz --threads 16 --lh-annot /out/sourcedata/freesurfer/sub-v1s11x0050171_ses-1/label/lh.aparc.DKTatlas.annot 1000 --lh-cortex-mask /out/sourcedata/freesurfer/sub-v1s11x0050171_ses-1/label/lh.cortex.label --lh-white /out/sourcedata/freesurfer/sub-v1s11x0050171_ses-1/surf/lh.white --lh-pial /out/sourcedata/freesurfer/sub-v1s11x0050171_ses-1/surf/lh.pial --rh-annot /out/sourcedata/freesurfer/sub-v1s11x0050171_ses-1/label/rh.aparc.DKTatlas.annot 2000 --rh-cortex-mask /out/sourcedata/freesurfer/sub-v1s11x0050171_ses-1/label/rh.cortex.label --rh-white /out/sourcedata/freesurfer/sub-v1s11x0050171_ses-1/surf/rh.white --rh-pial /out/sourcedata/freesurfer/sub-v1s11x0050171_ses-1/surf/rh.pial 

SUBJECTS_DIR /out/sourcedata/freesurfer
outvol aparc.DKTatlas+aseg.mgz
16 avail.processors, using 16
Loading aseg.mgz
Loading /out/sourcedata/freesurfer/sub-v1s11x0050171_ses-1/surf/lh.white
Loading /out/sourcedata/freesurfer/sub-v1s11x0050171_ses-1/surf/lh.pial
Loading /out/sourcedata/freesurfer/sub-v1s11x0050171_ses-1/label/lh.cortex.label
Ripping lh vertices labeled not in lh.cortex.label
  ripped 7514 vertices from lh hemi
Loading /out/sourcedata/freesurfer/sub-v1s11x0050171_ses-1/label/lh.aparc.DKTatlas.annot
Loading /out/sourcedata/freesurfer/sub-v1s11x0050171_ses-1/surf/rh.white
Loading /out/sourcedata/freesurfer/sub-v1s11x0050171_ses-1/surf/rh.pial
Loading /out/sourcedata/freesurfer/sub-v1s11x0050171_ses-1/label/rh.cortex.label
Ripping rh vertices labeled not in rh.cortex.label
  ripped 8010 vertices from rh hemi
Loading /out/sourcedata/freesurfer/sub-v1s11x0050171_ses-1/label/rh.aparc.DKTatlas.annot
Done loading
224 240  80 112  96 192   0  48  64  16 128 144 176 208 160  32 241   1 225  17  33  49 209   2 226 210  34  18 242  50   3 227 211 243  19 
 51  35   4 228 212 244  20  36  52 229   5 213 245  21  37 230  53   6 246 214  22  38 231   7 247 215  23  39 
232   8 248 216  24  40 233   9  54 249 217  25  41 234  10  55 250 218  26 235  42  11  56 219 251 
236  27  57  43  12  58 252 220 237  28  13  44 221 253 238  29  59 
 14  45 222 254 239 
 15  30  46 223 255  47  31  60  61  62  63  65 193 129 145 113  66 177 161  81 194 195 146 130  67  97 196 114 197 198 199 
200 201 202 203 204 205 206 207 131 178 162  68  82 147 132  69 115  70  83 179 
163 148  98 133  71  72 116  84 149 164 180 134  73  85  99 
150 165  74 181 117  86 135 151  75 166 182  87 100  76 152 136 118  88 167 183  77 153  89  78 101 137 168 184 119 
154  79 
 90 169 185 138 102 155  91 186 170 139 
120  92 187 156 171 103 188 140  93 157 189 172 121  94 141 158 190 104 173 191  95 142 159 
105 122 174 143 106 175 123 107 108 124 109 110 125 111 126 127 
nrelabeled = 618379
ndotcheck = 42780
Starting Surf2VolSeg free
free done
#VMPC# mri_surf2volseg VmPeak  1981804
mri_surf2volseg done
#-----------------------------------------
#@# WMParc Sun Mar  8 15:03:18 CET 2026
/out/sourcedata/freesurfer/sub-v1s11x0050171_ses-1/mri

 mri_surf2volseg --o wmparc.mgz --label-wm --i aparc+aseg.mgz --threads 16 --lh-annot /out/sourcedata/freesurfer/sub-v1s11x0050171_ses-1/label/lh.aparc.annot 3000 --lh-cortex-mask /out/sourcedata/freesurfer/sub-v1s11x0050171_ses-1/label/lh.cortex.label --lh-white /out/sourcedata/freesurfer/sub-v1s11x0050171_ses-1/surf/lh.white --lh-pial /out/sourcedata/freesurfer/sub-v1s11x0050171_ses-1/surf/lh.pial --rh-annot /out/sourcedata/freesurfer/sub-v1s11x0050171_ses-1/label/rh.aparc.annot 4000 --rh-cortex-mask /out/sourcedata/freesurfer/sub-v1s11x0050171_ses-1/label/rh.cortex.label --rh-white /out/sourcedata/freesurfer/sub-v1s11x0050171_ses-1/surf/rh.white --rh-pial /out/sourcedata/freesurfer/sub-v1s11x0050171_ses-1/surf/rh.pial 

SUBJECTS_DIR /out/sourcedata/freesurfer
outvol wmparc.mgz
16 avail.processors, using 16
Loading aparc+aseg.mgz
Loading /out/sourcedata/freesurfer/sub-v1s11x0050171_ses-1/surf/lh.white
Loading /out/sourcedata/freesurfer/sub-v1s11x0050171_ses-1/surf/lh.pial
Loading /out/sourcedata/freesurfer/sub-v1s11x0050171_ses-1/label/lh.cortex.label
Ripping lh vertices labeled not in lh.cortex.label
  ripped 7514 vertices from lh hemi
Loading /out/sourcedata/freesurfer/sub-v1s11x0050171_ses-1/label/lh.aparc.annot
Loading /out/sourcedata/freesurfer/sub-v1s11x0050171_ses-1/surf/rh.white
Loading /out/sourcedata/freesurfer/sub-v1s11x0050171_ses-1/surf/rh.pial
Loading /out/sourcedata/freesurfer/sub-v1s11x0050171_ses-1/label/rh.cortex.label
Ripping rh vertices labeled not in rh.cortex.label
  ripped 8010 vertices from rh hemi
Loading /out/sourcedata/freesurfer/sub-v1s11x0050171_ses-1/label/rh.aparc.annot
Done loading
  0  96 176  48 240 192 160  80  16  64 112 144 208 128 224  32 241 209 225  17  33   1 242 210 226  18 243 211  34 227   2 244  19 
212  35 228   3  65 245  20 213 229  36  49   4 246 214  37 230 247   5  50 215 248 231  38   6  51 249 216 232  39 
  7 250  52 217 233  40   8 251  66 218  53 234  41   9 252 219 
 54 235  42 253  10 220  21 236  43 221 237  11 254  22  44 222 238  23  45 223 255 239 
 12 193  46  55  13  47  56  14  24  57  15  25  58  26  59 
 67  27  60  28 194  61  29  62  30 195  31  63 196 197 198 199 
200 201 202 203 204 205 206 207  68  69  81 129  70 177  71 130 161  82  72  97 178  73 113 145  83 131  74 179 
162  75  98  84 114 180  76 132 146  85 163 181  99 
 77 133 115  78 182  86 134 100 164  79 
183 147 135  87 116 184 101 136 185 165 186  88 187 148 188 117 102 189 137 166 190 191  89 103 118 149 138 167  90 168 104 139 
119 
 91 150 169 105  92 120 140 151 170  93 106 121 152 171 141  94 107 122 172 153 123  95 142 108 173 124 154 125 126 174 109 127 143 155 175 110 156 111 157 158 159 

nrelabeled = 444159
ndotcheck = 3796
Starting Surf2VolSeg free
free done
#VMPC# mri_surf2volseg VmPeak  1981792
mri_surf2volseg done

 mri_segstats --seed 1234 --seg mri/wmparc.mgz --sum stats/wmparc.stats --pv mri/norm.mgz --excludeid 0 --brainmask mri/brainmask.mgz --in mri/norm.mgz --in-intensity-name norm --in-intensity-units MR --subject sub-v1s11x0050171_ses-1 --surf-wm-vol --ctab /opt/freesurfer/WMParcStatsLUT.txt --etiv 

setting seed for random number genererator to 1234

7.3.2
cwd 
cmdline mri_segstats --seed 1234 --seg mri/wmparc.mgz --sum stats/wmparc.stats --pv mri/norm.mgz --excludeid 0 --brainmask mri/brainmask.mgz --in mri/norm.mgz --in-intensity-name norm --in-intensity-units MR --subject sub-v1s11x0050171_ses-1 --surf-wm-vol --ctab /opt/freesurfer/WMParcStatsLUT.txt --etiv 
sysname  Linux
hostname dna074
machine  x86_64
user     oesteban
whitesurfname  white
UseRobust  0
atlas_icv (eTIV) = 1685894 mm^3    (det: 1.155532 )
Loading mri/wmparc.mgz
Getting Brain Volume Statistics
Loading mri/norm.mgz
Loading mri/norm.mgz
Voxel Volume is 1 mm^3
Generating list of segmentation ids
Found 390 segmentations
Computing statistics for each segmentation

Reporting on  70 segmentations
Using PrintSegStat
mri_segstats done
#--------------------------------------------
#@# ASeg Stats Sun Mar  8 15:05:12 CET 2026
/out/sourcedata/freesurfer/sub-v1s11x0050171_ses-1

 mri_segstats --seed 1234 --seg mri/aseg.mgz --sum stats/aseg.stats --pv mri/norm.mgz --empty --brainmask mri/brainmask.mgz --brain-vol-from-seg --excludeid 0 --excl-ctxgmwm --supratent --subcortgray --in mri/norm.mgz --in-intensity-name norm --in-intensity-units MR --etiv --surf-wm-vol --surf-ctx-vol --totalgray --euler --ctab /opt/freesurfer/ASegStatsLUT.txt --subject sub-v1s11x0050171_ses-1 

setting seed for random number genererator to 1234

7.3.2
cwd 
cmdline mri_segstats --seed 1234 --seg mri/aseg.mgz --sum stats/aseg.stats --pv mri/norm.mgz --empty --brainmask mri/brainmask.mgz --brain-vol-from-seg --excludeid 0 --excl-ctxgmwm --supratent --subcortgray --in mri/norm.mgz --in-intensity-name norm --in-intensity-units MR --etiv --surf-wm-vol --surf-ctx-vol --totalgray --euler --ctab /opt/freesurfer/ASegStatsLUT.txt --subject sub-v1s11x0050171_ses-1 
sysname  Linux
hostname dna074
machine  x86_64
user     oesteban
whitesurfname  white
UseRobust  0
atlas_icv (eTIV) = 1685894 mm^3    (det: 1.155532 )
Computing euler number
orig.nofix lheno =  -34, rheno = -36
orig.nofix lhholes =   18, rhholes = 19
Loading mri/aseg.mgz
Getting Brain Volume Statistics
Loading mri/norm.mgz
Loading mri/norm.mgz
Voxel Volume is 1 mm^3
Generating list of segmentation ids
Found  50 segmentations
Computing statistics for each segmentation

Reporting on  45 segmentations
Using PrintSegStat
mri_segstats done

Started at Sun Mar 8 15:01:17 CET 2026 
Ended   at Sun Mar 8 15:05:34 CET 2026
#@#%# recon-all-run-time-hours 0.071
recon-all -s sub-v1s11x0050171_ses-1 finished without error at Sun Mar  8 15:05:34 CET 2026
