global_signal	global_signal_derivative1	global_signal_power2	global_signal_derivative1_power2	csf	csf_derivative1	csf_derivative1_power2	csf_power2	white_matter	white_matter_derivative1	white_matter_power2	white_matter_derivative1_power2	csf_wm	tcompcor	std_dvars	dvars	framewise_displacement	rmsd	t_comp_cor_00	t_comp_cor_01	t_comp_cor_02	t_comp_cor_03	t_comp_cor_04	c_comp_cor_00	c_comp_cor_01	c_comp_cor_02	c_comp_cor_03	c_comp_cor_04	c_comp_cor_05	w_comp_cor_00	w_comp_cor_01	w_comp_cor_02	w_comp_cor_03	w_comp_cor_04	w_comp_cor_05	w_comp_cor_06	w_comp_cor_07	w_comp_cor_08	w_comp_cor_09	w_comp_cor_10	w_comp_cor_11	w_comp_cor_12	w_comp_cor_13	w_comp_cor_14	w_comp_cor_15	w_comp_cor_16	w_comp_cor_17	w_comp_cor_18	w_comp_cor_19	w_comp_cor_20	w_comp_cor_21	w_comp_cor_22	a_comp_cor_00	a_comp_cor_01	a_comp_cor_02	a_comp_cor_03	a_comp_cor_04	a_comp_cor_05	a_comp_cor_06	a_comp_cor_07	a_comp_cor_08	a_comp_cor_09	a_comp_cor_10	a_comp_cor_11	a_comp_cor_12	a_comp_cor_13	a_comp_cor_14	a_comp_cor_15	a_comp_cor_16	a_comp_cor_17	a_comp_cor_18	edge_comp_00	edge_comp_01	edge_comp_02	edge_comp_03	edge_comp_04	edge_comp_05	edge_comp_06	edge_comp_07	edge_comp_08	edge_comp_09	edge_comp_10	edge_comp_11	edge_comp_12	edge_comp_13	edge_comp_14	edge_comp_15	edge_comp_16	edge_comp_17	edge_comp_18	edge_comp_19	edge_comp_20	edge_comp_21	edge_comp_22	edge_comp_23	cosine00	cosine01	non_steady_state_outlier00	trans_x	trans_x_derivative1	trans_x_derivative1_power2	trans_x_power2	trans_y	trans_y_derivative1	trans_y_derivative1_power2	trans_y_power2	trans_z	trans_z_derivative1	trans_z_derivative1_power2	trans_z_power2	rot_x	rot_x_derivative1	rot_x_derivative1_power2	rot_x_power2	rot_y	rot_y_derivative1	rot_y_derivative1_power2	rot_y_power2	rot_z	rot_z_derivative1	rot_z_power2	rot_z_derivative1_power2	motion_outlier00
906.1293067041106	n/a	821070.3204680722	n/a	1050.602029837814	n/a	n/a	1103764.6250993349	843.7553954224486	n/a	711923.1673044926	n/a	861.8960238173128	746.990956347074	n/a	n/a	n/a	n/a	0.0	0.0	0.0	0.0	0.0	0.0	0.0	0.0	0.0	0.0	0.0	0.0	0.0	0.0	0.0	0.0	0.0	0.0	0.0	0.0	0.0	0.0	0.0	0.0	0.0	0.0	0.0	0.0	0.0	0.0	0.0	0.0	0.0	0.0	0.0	0.0	0.0	0.0	0.0	0.0	0.0	0.0	0.0	0.0	0.0	0.0	0.0	0.0	0.0	0.0	0.0	0.0	0.0	0.0	0.0	0.0	0.0	0.0	0.0	0.0	0.0	0.0	0.0	0.0	0.0	0.0	0.0	0.0	0.0	0.0	0.0	0.0	0.0	0.0	0.0	0.0	0.0	0.0	0.0	1.0	-0.0500389794197957	n/a	n/a	0.0025038994613747	0.08010965682314	n/a	n/a	0.0064175571163212	0.0298332969265544	n/a	n/a	0.0008900256055079	0.0008290008334374	n/a	n/a	6.872423818399039e-07	-0.0009949994689233	n/a	n/a	9.900239431576491e-07	9.127020776425986e-07	n/a	8.33025082533116e-13	n/a	0.0
904.0826066030082	-2.046700101102374	817365.3595620898	4.188981303852468	1039.7491293514477	-10.852900486366252	117.78544896696884	1081078.2519870934	845.0629557718486	1.307560349399978	714131.3992178533	1.7097140673229922	861.431404281627	747.4967087220901	1.407994	20.381378	0.203903234024366	0.1125602001204335	-0.0862340697	-0.1032363728	0.2307695468	-0.2092026668	0.0386879544	-0.0167854508	0.1458103323	0.1102491429	-0.3220456724	0.1854932859	-0.009997317	-0.1153892355	0.1151118712	-0.090235893	0.0799271955	-0.0088422719	0.088231197	-0.2098763618	0.0672166533	-0.2811755185	0.0127533779	-0.2439751188	0.0983705293	-0.0504503246	0.0529233749	-0.1204682248	0.1305096657	-0.0073809696	-0.0774229515	0.1111613209	-0.1792968337	-0.0894752827	0.0339750375	0.0617912262	-0.126639246	0.05131134	0.0787968122	-0.070580002	0.0092873385	-0.2595263274	0.0682646316	-0.2397315121	0.0359189126	-0.1501264636	0.1961278751	-0.1061130079	0.1532108655	-0.1142940153	0.1348140933	-0.0272789773	0.0725709833	-0.1568972108	0.207988527	-0.0095905225	0.1328164589	-0.2589578605	0.0639815103	-0.1739384526	0.0339173329	-0.1325609783	0.0359563951	-0.1672411422	0.0246641289	-0.0305840914	0.13332489	-0.1989626496	0.2795635731	-0.121374099	0.0358578185	-0.2896253378	0.0051059083	-0.0091279549	0.1343502971	-0.1292731666	0.0281017854	-0.1989080875	0.0501612845	0.1571052943	0.1570166674	0.0	-0.0432191246036808	0.0068198548161149	4.651041971288566e-05	0.0018678927315084	-5.3530955568703575e-05	-0.0801631877787087	0.0064261366748445	2.865563204098516e-09	-0.0486829872153293	-0.0785162841418837	0.006164806875449	0.0023700332442079	0.0004760006122787	-0.0003530002211587	1.2460915613809113e-07	2.265765828896973e-07	-0.0014100004609725	-0.0004150009920491	1.722258234018201e-07	1.9881012999426624e-06	8.357695323679237e-07	-7.693254527467486e-08	6.985107112344979e-13	5.918616522439895e-15	0.0
902.1236317034276	-1.958974899580653	813827.0468777814	3.83758265718703	1037.987097347484	-1.762032003963668	3.10475678299222	1077417.2142598552	845.352318254662	0.2893624828134307	714620.5419785314	0.0837306464599529	861.5000568116448	738.6092756196628	1.193967	17.283237	0.1475689653745987	0.0928207655834236	0.004775427	-0.0280793207	0.1154558442	-0.1158987504	0.1781280446	-0.0389074477	0.1292563062	0.1683842277	0.0707360925	0.0671657416	0.0530947515	-0.1782613719	0.0732054321	-0.0387538483	0.0105064932	-0.1202200849	0.1393604007	-0.0320726512	-0.0422746597	-0.3190138503	-0.0355398131	-0.1684025707	-0.005631265	0.1594615795	-0.0526186601	-0.0492624354	-0.1498105671	0.1467791435	0.1375830327	0.0667832451	0.2356358947	-0.025344	0.1130858465	-0.0078486167	-0.1737066959	0.0307085472	0.0479055914	-0.0006701787	0.1989906791	-0.0639697559	-0.048053544	-0.2347867781	0.0975976435	-0.0225263271	-0.2906150764	-0.0024297836	0.2218859624	0.1110251666	-0.0117014297	-0.0908664196	-0.0947961215	-0.1458557318	-0.0065283877	-0.0288115118	0.1458035874	-0.1999798944	0.0261655579	0.0428813244	-0.0157076199	-0.1158715488	0.230981514	-0.0694820464	0.1050443791	-0.012339698	-0.0164515055	-0.1516653319	0.1524187606	0.2713684634	-0.0475065324	-0.0074801957	-0.0835875803	-0.0185952853	-0.0203941222	-0.1963923275	0.0670982548	-0.0296036511	0.0399968089	0.156868993	0.1560723507	0.0	-0.0305292478516463	0.0126898767520344	0.0001610329719818	0.0009320349743872	0.0798975491681801	0.0799510801237488	0.0063921752129541	0.0063836183630817	-0.0066864430238808	0.0419965441914485	0.0017637097240242	4.470852031160422e-05	0.0003129999704061	-0.0001630006418726	2.65692092508796e-08	9.796898147421949e-08	-0.0013150017198668	9.499874110570004e-05	9.02476081166782e-09	1.729229523252642e-06	2.0586636332916978e-07	-6.299031690387539e-07	4.238095955037774e-14	3.96778002365065e-13	0.0
901.2871462194478	-0.8364854839797999	812318.5199403962	0.6997079649089202	1030.1785842297124	-7.808513117771554	60.97287711041043	1061267.915405535	845.2513683114574	-0.1009499432045686	714449.8756323911	0.0101908910330056	860.3513836830199	746.4225406256811	1.45822	21.108425	0.0584130673853453	0.0360373162640291	0.0728058976	0.136800792	0.1548244984	-0.0235568806	0.0477792518	-0.0108515803	-0.0785895863	0.0546635662	-0.1191679044	0.0759779775	-0.2206701524	-0.0486557437	-0.0719262887	-0.1377569072	-0.0664755538	-0.0048622206	-0.0653843057	-0.3291710417	0.1065058006	0.2504772309	-0.2051284186	0.0972304961	0.0418897905	0.1738236289	-0.0534739774	0.0048938081	0.1111622649	-0.210176563	0.0756985872	-0.0545025803	0.0399300496	-0.0483364277	-0.0038002057	-0.003081412	0.0104722139	-0.082144966	0.168124159	0.0674592615	-0.1804485201	-0.2253541766	0.1101833623	0.2473523311	-0.048192297	0.0230940737	-0.1517775567	0.0056763217	0.0656481799	0.0721466132	0.2266507681	-0.0303705149	0.0069395004	0.0861305934	-0.0772509597	-0.0680389925	-0.0865150784	-0.1852115884	0.1807255294	0.0482822789	-0.2417558239	-0.1021633793	-0.0684814717	-0.0036310819	0.0015577419	-0.0213329115	0.000963912	0.1974532624	0.0226604971	0.0020459791	0.1582518358	-0.1015228937	0.1748349669	0.164964335	-0.0277176584	-0.1701745456	-0.1619299218	0.15184326	-0.0828000459	0.1563967458	0.1541893965	0.0	-0.0303436877257183	0.000185560125928	3.443256033441594e-08	0.0009207393847959	0.0548738596565527	-0.0250236895116273	0.0006261850367743	0.003011140473607	0.0187666480480714	0.0254530910719522	0.000647859845117	0.0003521870789601	0.000332000268788	1.90002983819e-05	3.6101133860123164e-10	1.1022417847530425e-07	-0.0011789975964644	0.0001360041234023	1.849712158245524e-08	1.3900353324688322e-06	1.957546308749942e-07	-1.0111732454175584e-08	3.8319875509005234e-14	1.0224713322482778e-16	0.0
898.6973248869084	-2.5898213325393726	807656.8817588853	6.707174534476012	1028.778626385857	-1.399957843855418	1.9598819645723111	1058385.4621083708	843.2206405248397	-2.0307277866177174	711021.048607121	4.123855343341293	859.9984841708853	736.8152650446461	1.449399	20.98073	0.0640490308204513	0.0400439110126299	0.0503181013	0.0529029789	-0.0925172553	0.0069599432	-0.2210098731	0.0041887999	-0.0494962937	-0.0630580545	0.114751839	0.4819352952	-0.1803548095	0.1506780239	-0.0698103488	-0.0086271189	-0.1569411814	-0.1030752031	0.1462595617	-0.1550485769	-0.030519743	0.0377328037	0.0759092708	-0.0897822692	0.1458642565	0.0850768055	-0.0889619682	-0.1313823394	0.0977385937	-0.0780753464	-0.0197690306	-0.2067984928	0.1177681493	-0.0376492532	0.0130555063	0.0194178558	0.1488507964	-0.0388643161	0.0254106531	0.1529672517	0.1052472823	-0.2086296618	0.2482860006	-0.2085762886	-0.316681401	-0.0275971731	0.0024970589	-0.1527274106	0.0106816694	0.013981836	0.0547610182	-0.013571654	0.0454197516	0.0687103819	-0.1729180371	-0.044032629	0.18987026	-0.0696752306	-0.0080140435	0.0476384562	-0.0728678845	-0.1013361494	-0.104916756	-0.0357802716	-0.0226914828	0.0785479607	-0.1401428653	0.0472506786	0.0715163289	-0.0573857496	-0.0212938686	-0.1481082314	-0.0311436041	0.1871654681	0.0124279273	0.0515504033	-0.0303611515	-0.0005639355	0.0302673881	0.1556892631	0.1513791291	0.0	-0.0305352116496635	-0.0001915239239452	3.668141344336698e-08	0.0009323991504897	0.0213815282082947	-0.033492331448258	0.0011217362658399	0.0004571697485221	0.017281882113636	-0.0014847659344354	2.2045298800598355e-06	0.0002986634493896	0.0006590003616033	0.0003270000928153	1.0692906070121485e-07	4.342814765932802e-07	-0.0009289999549995	0.0002499976414649	6.24988207380127e-08	8.63040916389073e-07	8.062106269295858e-07	6.104559960545917e-07	6.499755749741958e-13	3.726565231190036e-13	0.0
897.6320790406309	-1.0652458462775485	805743.3493228054	1.1347487130115703	1028.3099275476793	-0.4686988381777155	0.2196786009091403	1057421.3070931134	843.380259907329	0.159619382489268	711290.2628013538	0.0254783472662552	859.4904468934361	715.1837708409844	1.328101	19.224888	0.1251370140713148	0.0859896619336529	-0.0054824482	-0.1909468182	-0.089834778	0.099666217	0.0348377691	0.1902754366	-0.0126158896	-0.0902563462	0.1428792353	0.2448005073	-0.0807723386	0.1175006204	0.1654218259	0.0714104059	-0.0843256103	0.050404191	0.065574937	-0.1573499347	-0.1993085498	0.0013109814	0.1764979052	0.109422672	0.04348501	-0.0097253078	0.0907560011	0.1277882655	0.0154370802	0.1132615796	-0.0349448839	-0.0498634664	0.0309970252	-0.1268113495	0.0852457022	0.0132896641	0.0356679662	0.1561266656	-0.0557397731	0.0949070952	0.0228382506	-0.064423187	0.2138672956	0.0564260828	0.0253748237	0.1886047428	0.1290232927	-0.1896517588	-0.0967234442	0.2083242497	-0.1908398344	-0.028565925	0.0723949662	0.1089544129	0.0767045445	-0.0256264847	-0.0657959466	-0.1403948523	-0.2117160784	0.1214632416	-0.0138173558	-0.1197407556	0.0064739602	0.0735282409	-0.00554277	0.086122661	-0.0895533898	0.1066092851	-0.0386567947	-0.1713414127	0.0072164326	-0.0420687302	-0.0111454421	0.0350583057	-0.1205383271	0.2149520114	0.0080626981	-0.0691539865	-0.1263584397	0.154747609	0.1476584499	0.0	-0.0100347039140444	0.0205005077356191	0.0004202708174181	0.0001006952826425	0.1015428394156998	0.0801613112074051	0.0064258358144904	0.0103109482366025	0.0172207305635083	-6.115155012769921e-05	3.739512083020511e-09	0.0002965535611409	0.0002355305540888	-0.0004234698075145	1.793266778763677e-07	5.5474641909377147e-08	-0.0009289923586728	7.596326699935672e-09	5.770417933215559e-17	8.630268024724523e-07	6.560967834898893e-05	6.480346772205935e-05	4.304629893057787e-09	4.199489428803988e-09	0.0
900.4177883744453	2.7857093338144523	810752.1936211274	7.760176492500959	1034.5761278937844	6.266200346105052	39.26526677752707	1070347.764407696	844.8465386948664	1.4662787875373624	713765.6739446963	2.1499734827820376	860.9920448752648	727.5883350144862	1.193721	17.279684	0.1469045134356477	0.1007083523102674	0.0456953183	-0.0329445324	0.0501235648	0.1232996401	-0.0476690478	0.0129874033	-0.0114538744	0.0528709109	-0.0254888258	-0.113988866	-0.0075668702	-0.0330877226	0.0766530187	-0.1006798126	0.0216004183	0.1888339265	0.0219934267	0.0097884117	0.1057021167	-0.0159911937	0.1696631465	-0.1360720987	-0.0281731916	0.0871075304	0.0025384032	0.1455771164	-0.136327287	-0.0972910716	-0.1030405069	0.0237086905	0.0825412394	0.0584838032	0.1606842969	0.0478995146	-0.0712080097	0.0576323681	0.0756446953	-0.0941000126	-0.0750981245	0.1340734872	0.0168269826	0.14383955	0.0776750725	-0.2072108793	0.1186555625	0.0975714309	0.1689575496	0.2674177823	-0.0499627977	0.0047086867	0.0703557759	-0.1334137371	0.0532146015	-0.0238138404	0.0143305281	-0.0976268979	0.1273280467	-0.0660321926	0.0716358682	-0.1721925852	-0.1198811056	0.0141014995	-0.050411354	0.0717424582	-0.1333861759	0.0102020689	0.0475234098	0.0007065005	0.0025971483	0.0840989398	-0.0388022936	-0.0406038232	-0.0424606679	0.0600664627	-0.0226957069	-0.0723400684	-0.1842562097	0.1535731997	0.1430497353	0.0	-0.0242933123586794	-0.014258608444635	0.0002033079147774	0.0005901650253563	0.0054885538747839	-0.0960542855409159	0.0092264257707758	3.012422363640536e-05	-0.011624377824333	-0.0288451083878413	0.0008320402779063	0.0001351261598028	0.000148061866921	-8.746868716780001e-05	7.650771234858461e-09	2.1922316436131912e-08	-0.000928989890141	2.46853179997758e-09	6.093649247500553e-18	8.630222159841873e-07	0.0001330687438945	6.745906554551107e-05	1.770729060166003e-08	4.550725524273559e-09	0.0
901.4392248092244	1.021436434779048	812592.6760246553	1.043332390294132	1033.8624325920557	-0.7136953017286487	0.5093609837095469	1068871.529525163	844.962953580843	0.1164148859766101	713962.3929240617	0.0135524256769471	860.2046250071908	729.6687101269905	1.117244	16.172634	0.1020898208765078	0.0665361224870607	0.0849000284	0.1300853788	-0.0068758695	-0.0645720929	0.1221399718	-0.1628476341	-0.1435066086	0.0152693383	0.0393699542	-0.0625703781	0.0949892705	-0.007906737	-0.1293081091	-0.109163748	0.0085497199	-0.0425922408	0.0647380562	0.0447537651	-0.0704363191	-0.1091577593	0.0258398804	0.0530133383	-0.0355600142	0.1298401795	-0.0561801689	0.0618122238	0.0735865684	0.1166225002	-0.0858622164	0.0202971497	0.094041129	-0.0743911716	-0.0020859942	-0.1071434421	0.0393783218	-0.1545615312	0.0763787191	0.0027754199	0.1055434297	-0.0286212972	-0.0382594236	-0.0892042133	0.099394063	0.0465136461	-0.0359653935	-0.0165408736	-0.1252525724	0.1124529858	0.0550580236	-0.055679166	0.0250435443	-0.1698527442	0.0082541007	-0.0483725629	0.1143245857	-0.017347016	0.0641585337	0.0823020112	-0.095160315	-0.0213832867	0.128433122	0.0361307931	0.0872240505	-0.0676420768	-0.046572618	0.058846242	-0.002195646	-0.0212917868	-0.0581389398	0.1211877176	-0.0315279586	0.0690789057	-0.0130663848	0.0399657167	0.0255696094	0.0063043759	-0.1267527289	0.1521678018	0.1375807028	0.0	-0.0264542558068114	-0.0021609434481319	4.669676586024612e-06	0.0006998276502922	0.0694190267308556	0.0639304728560717	0.0040871053596009	0.0048190012722592	-0.003440596751318	0.008183781073015	6.697427265103853e-05	1.1837706005179976e-05	0.0004789979230237	0.0003309360561027	1.095186732288094e-07	2.2943901026101842e-07	-0.0008410007348456	8.798915529540003e-05	7.742091449598024e-09	7.072822360108392e-07	-4.298514693183762e-06	-0.0001373672585876	1.8477228567516692e-11	1.886976373189558e-08	0.0
899.7943516310278	-1.6448731781965762	809629.8752271016	2.705607772350505	1030.770051021202	-3.092381570853604	9.562823779755004	1062486.8980822517	843.7657797931236	-1.1971737877194073	711940.6911498979	1.4332250780024325	860.3310033772498	726.3159953252217	1.154626	16.713757	0.0643342896468332	0.0338179033451756	0.0416635802	-0.0235854	-0.1775216732	-0.0228029485	0.2574661217	0.1439965353	-0.0769444984	-0.117809898	-0.087019849	-0.3005377381	-0.2491624398	0.1683890263	-0.0341730688	0.0158287592	-0.1520406129	0.1153534587	-0.1388198263	0.0251890429	-0.1821529346	0.1512307605	-0.049739835	-0.0348858454	-0.1699174492	0.1673120081	-0.0660651179	-0.0196523615	-0.1311262523	-0.0773529881	-0.0799139716	0.0035128106	-0.0440328104	0.1902088379	0.0722647751	-0.0167493262	0.1685247208	0.0213382702	-0.0185142011	0.1585938297	-0.179347578	0.1045515464	-0.0653748687	0.1912154013	0.1611641188	0.1088652147	-0.0713533322	0.0342717162	0.1430919613	-0.0046863279	0.0524030883	0.0459587743	0.077528629	-0.246748282	-0.0138694083	-0.0287680903	-0.0746888924	-0.0363405839	-0.1038102018	0.0537068185	-0.2920112332	-0.0152984228	-0.1012786995	-0.0143329493	0.0078096213	0.0382344208	0.0562563656	0.0629768397	0.0313729952	0.1536083016	-0.0276748699	0.0457889565	-0.0361908516	-0.005619436	0.0789996166	0.1851377043	0.031098833	-0.0240663246	-0.0434615281	0.150533529	0.1312842438	0.0	-0.0112751634269017	0.0151790923799096	0.0002304048454778	0.0001271293103033	0.0521162425069121	-0.0173027842239435	0.0002993863419003	0.0027161027330392	-0.003320319652559	0.000120277098759	1.4466580485882322e-08	1.1024522595169518e-05	0.000301998787314	-0.0001769991357097	3.13286940419808e-08	9.120326753912661e-08	-0.0003840006406752	0.0004570000941704	2.0884908607175445e-07	1.474564920389641e-07	-4.94200369750413e-06	-6.434890043203675e-07	2.442340054614449e-11	4.14078098681218e-13	0.0
900.4356482493815	0.6412966183537492	810784.3566382839	0.4112613527119542	1034.3073869593004	3.5373359380982947	12.512745538961743	1069791.770718576	844.9305535163079	1.1647737231843394	713907.6402653744	1.356697826220708	861.8482891269573	724.9562895595012	1.16803	16.907793	0.0879831066406179	0.0489619321379702	0.0190889208	-0.0822350962	-0.1413056476	0.053718959	-0.1615732659	0.1064469998	-0.0245503602	-0.0428316972	0.0659219175	0.0163763846	0.0288622158	0.0789639651	0.090649821	-0.0285418632	-0.003210399	-0.0297228916	-0.0089615016	-0.0380067936	0.0625492319	0.0666800478	0.1866466421	0.0199860376	-0.0372068407	-0.0796994634	0.1481834877	0.0149459997	0.1030282485	-0.022771359	0.1650372632	0.0786287452	-0.0982702931	0.1984724735	0.0297355501	0.1704425915	0.0722108022	0.1124560363	-0.0199381652	0.0017456263	0.0063581911	-0.0033611298	0.0480143859	0.026009033	-0.0660183949	-0.0111659225	0.0453938376	0.2292171326	-0.0496125417	-0.0248429534	-0.2413741601	-0.0297872839	-0.0188550048	-0.0218071682	-0.0405022947	-0.0040817748	0.078976331	-0.0033680417	-0.063812077	-0.0633958349	0.0755301393	-0.0211361884	-0.2154627364	0.0354722049	-0.0395150365	0.0363824405	-0.0963207943	0.1823226742	-0.1176083383	0.0046694308	-0.1578751103	0.0660603479	0.0424107632	0.005176725	-0.013208382	-0.0476907957	0.0002045805	-0.0385266443	-0.016286149	0.1486728395	0.1241982259	0.0	0.0038932228215173	0.015168386248419	0.0002300799413812	1.5157183937983128e-05	0.0110137798111082	-0.0411024626958039	0.0016894124396599	0.0001213033457275	-0.0207295818615307	-0.0174092622089717	0.0003030824106607	0.0004297155641539	0.000452998567011	0.0001509997796969	2.2800933468542524e-08	2.0520770171401947e-07	-0.0005190012137494	-0.0001350005730741	1.82251547303624e-08	2.693622598733504e-07	-4.882446720236864e-06	5.95569772672655e-08	2.3838285975951715e-11	3.54703354121358e-15	0.0
901.141444708864	0.7057964594824853	812055.9033719787	0.4981486422180115	1034.1087452009613	-0.1986417583391357	0.0394585481560636	1069380.8969011067	845.3826042121941	0.4520506958862142	714671.7475045912	0.2043498316512105	862.0372835352879	723.9559431189776	0.916863	13.272022	0.0804762098442003	0.0527774637499358	0.0091975075	-0.0823662845	-0.0948343067	0.0038426633	-0.0861850041	0.095833493	-0.0238493565	-0.0098989339	0.01607374	0.0951454376	0.0776406597	0.0289835397	0.1186922629	0.0406311497	0.0683269823	-0.2008627779	0.0056751302	-0.0923734132	0.0064076195	0.0502943616	0.050627619	0.19394631	-0.0342131945	-0.0752857991	0.0646498481	0.1019350952	-0.0089192513	-0.0228995424	0.0900280261	0.1110005789	-0.0649881812	-0.0263187696	-0.0737886906	0.0012511921	-0.0007133397	0.1124324714	-0.0328508597	0.0154892881	0.1263813172	-0.1038310524	-0.058421955	0.1281561275	0.0301073044	0.0678366598	0.0440581795	0.0393704738	-0.1326485898	0.0170250778	-0.0756154889	0.0281058972	0.015248267	0.1218028796	0.1038774067	0.0025270245	0.0472604793	-0.0126505226	-0.1094488066	0.0174645087	0.0856580587	-0.048272973	0.0416893749	0.0945311649	-0.0111831885	0.0714309231	0.0130451163	0.1694543869	-0.1690444229	-0.0282112144	0.0085597031	0.0057538063	0.0546325936	-0.0461710434	-0.0079837171	0.0190120077	0.0984455771	0.0538157783	-0.0153948274	0.1465885319	0.1163652652	0.0	0.0229949538380793	0.019101731016562	0.000364876127829	0.0005287679020153	0.0592734864020485	0.0482597065909402	0.0023289992802436	0.0035133461902538	-0.0209932108826222	-0.0002636290210914	6.950026076166146e-08	0.0004407149031622	0.0003019982216353	-0.0001510003453756	2.280110430358068e-08	9.120292587088381e-08	-0.0006250005569981	-0.0001059993432487	1.1235860769155733e-08	3.9062569624793523e-07	-4.905622407967025e-06	-2.3175687730160666e-08	2.4065131209548192e-11	5.371125017659195e-16	0.0
900.3938506882164	-0.7475940206476253	810709.0863571541	0.5588968197080819	1040.0608146517884	5.952069450827139	35.42713074746968	1081726.498174142	845.7522357504962	0.3696315383020874	715296.8442769629	0.1366274741075675	862.3496781207722	731.158965837001	1.005822	14.55975	0.0309154124270865	0.0205413732251615	0.0031417378	-0.0905411143	0.0489753169	0.0978099406	0.0327201569	0.069979833	0.1358569452	0.0914478197	-0.0379000946	-0.0119148646	0.0109115872	-0.0788431362	0.0490575234	0.097664179	-0.0250839981	-0.0420900214	-0.0803658714	0.0153010326	-0.0332188698	0.0686477668	-0.0745459237	0.090837209	-0.0188955901	0.075155756	-0.0944255416	0.0124724961	-0.0356441098	-0.1245225727	-0.2045405332	0.100399936	0.0703970551	0.148181536	0.0449107492	0.2011930442	-0.1064470218	0.0666935052	-0.0487894217	0.0407801771	-0.016580718	0.013981804	-0.0218146384	0.0717493782	0.0259560873	0.0772338941	-0.1056203209	-0.0745564296	-0.0683939891	0.0202685653	0.0261533433	0.0607214224	0.1065501483	0.2060399856	-0.0941577539	-0.0090541225	-0.162495848	-0.0187031813	-0.0545066497	0.0371878458	-0.0142402022	-0.0095507751	0.080450524	0.1283637583	0.00192004	0.0460196905	0.1190849132	-0.0090718443	-0.0603817833	-0.0345972438	-0.0943366108	-0.0357342425	-0.1835181571	-0.314763436	0.0129778446	0.1015865525	0.114580183	0.0992451551	0.0520232011	0.1442837413	0.1078324701	0.0	0.0229298841310168	-6.506970706249976e-05	4.234066777199531e-09	0.0005257795862618	0.0425294789856565	-0.0167440074163919	0.0002803617843601	0.0018087565827913	-0.0209959561911148	-2.7453084926014337e-06	7.536718719549556e-12	0.0004408301763792	8.099855474120076e-05	-0.000220999666894	4.884085276730283e-08	6.5607658701632965e-09	-0.0005639999628568	6.1000594141300034e-05	3.721072485591608e-09	3.1809595810247174e-07	-4.977161275357181e-06	-7.15388673901558e-08	2.4772134360915118e-11	5.117809547466297e-15	0.0
900.4509951519673	0.0571444637508875	810811.9946701681	0.0032654897373765	1038.8925132003485	-1.168301451439902	1.3649282814365815	1079297.6539837362	845.7538307741249	0.001595023628738	715299.5422691072	2.5441003762328257e-06	861.9981512823707	725.8128825874913	0.950725	13.762197	0.0793927953364637	0.0451919715852461	0.0736442478	-0.0323213019	0.0397332958	0.1394873229	-0.0715118183	-0.0310871052	0.0923712762	0.1113791499	0.06876008	-0.0353868368	-0.0401135585	-0.1154919206	0.0400784899	-0.017427278	-0.0150354962	0.0062607213	0.0550068639	0.0033154294	0.0646812747	0.0737391644	0.0411013987	-0.0181407325	0.1328716351	-0.1110550609	-0.0295872079	0.1274755817	0.0339108452	0.0314721223	-0.147129319	0.0582241324	-0.0054359269	0.1320307511	-0.2263212842	-0.1876789576	-0.1357759718	0.0234967999	0.0224854033	-0.012304122	0.0428996991	0.0352144447	-0.002679673	0.0354622188	0.0658066535	-0.1360190228	0.1020000939	0.0529736641	0.0800002296	0.0618012353	0.0008690668	0.0487492506	-0.0342101955	0.0422506514	-0.1375357187	-0.0364567397	-0.0030369835	0.0030901669	0.0956984747	-0.0719607666	0.1908064752	0.0197147354	-0.1097023587	0.0556249828	-0.0770295095	-0.0364020174	0.028366987	0.0325287852	0.1056612391	0.0451136553	-0.0750050008	0.123000198	-0.1781656262	-0.2332389968	-0.0135269792	0.0241325591	0.0605271304	0.1734944519	0.0300077146	0.1417619342	0.0986511579	0.0	0.0053794652323233	-0.0175504188986935	0.0003080172035196	2.893864618577518e-05	0.0047279132019042	-0.0378015657837523	0.0014289583757033	2.2353163244740023e-05	-0.0209562974304589	3.965876065590082e-05	1.5728172967620266e-09	0.0004391664019938	0.0003019994722404	0.0002210009174991	4.884140553548786e-08	9.120368123348013e-08	-0.0003050010997667	0.00025899886309	6.708041108196436e-08	9.302567085889649e-08	-4.95390399741507e-06	2.3257277942110893e-08	2.4541164815605008e-11	5.409009772765979e-16	0.0
901.58749657535	1.1365014233826969	812860.0139810067	1.291635485350896	1040.1292616900275	1.2367484896790302	1.5295468267233625	1081868.8810238417	846.1779765238017	0.424145749676768	716017.1679539155	0.1798996169688675	862.5927791121668	726.1356305734871	0.946745	13.704583	0.0410239714113345	0.0410239710825669	0.0921564369	0.0853936391	0.0317119411	0.046417989	-0.1261428609	-0.1589975892	-0.0028023131	0.1247432619	0.0905643551	-0.1036539267	0.1293719033	-0.1257147447	-0.0630335886	-0.0737294353	0.1005226827	-0.0403887836	0.0562087845	0.0953702147	-0.053445701	-0.0768595149	-0.173532151	0.0523152342	-0.2359144935	0.0365053169	-0.0645082238	-0.1252585255	0.0640422195	0.1547263456	-0.1439598975	-0.108101388	-0.0968816491	0.0321857023	-0.0702271567	-0.0985664683	-0.1133632118	-0.0916630042	0.0472376821	-0.1193629814	0.1022699164	0.0848031847	-0.0457291891	-0.1335606573	0.047392633	0.1074435393	-0.1408283422	0.1711304225	-0.0644324258	-0.1696796383	0.0527228758	-0.089092771	0.1572217151	-0.0514215186	-0.1089901902	-0.0381206166	0.0455945923	0.0936810414	0.0581330957	0.0365892081	0.0719057697	0.0277348998	0.1343897134	0.0663584822	0.1075755816	-0.0392608141	-0.1615688467	-0.0485990632	0.0014244638	0.0693686927	-0.1076987201	0.1494937588	-0.0260127605	-0.1477131374	0.0287516728	0.0293434994	0.0443544852	0.0514302995	0.0943470148	0.1390269037	0.088876546	0.0	0.0053794650046086	-2.2771470039456562e-10	5.1853984775786797e-20	2.89386437358086e-05	0.0457518842844564	0.0410239710825522	0.001682966203382	0.0020932349155782	-0.0209562975315265	-1.0106759873451664e-10	1.0214659513961272e-20	0.0004391664062298	0.0003019994722404	0.0	0.0	9.120368123348013e-08	-0.0003050010997667	0.0	0.0	9.302567085889649e-08	-4.95390399741507e-06	0.0	2.4541164815605008e-11	0.0	0.0
901.9250296864192	0.3375331110692059	813468.7591748481	0.1139286010680569	1035.4368915931852	-4.692370096842296	22.01833712573978	1072129.5564721576	845.9241690824638	-0.2538074413379263	715587.6998378568	0.0644182172785049	862.0215591636425	733.2993907571042	0.919244	13.306485	0.0275939185645191	0.0183794624866435	0.0558130581	0.1344555405	0.0283739578	-0.0253368894	-0.0913287912	-0.1300247329	-0.0912717817	0.0287534534	-0.0431269289	-0.1207330161	0.0176895775	-0.0645578661	-0.1184160586	-0.0758576277	0.0637348639	0.056450543	-0.0547301441	0.1381767536	-0.2426371775	-0.0153092835	-0.2280079751	-0.0760521971	-0.0618616197	-0.1656909895	-0.0235017994	0.1548349889	0.1735074967	-0.0834519867	0.0999312015	0.1033862584	0.0545127281	0.1460394315	-0.0034985303	0.0728682379	-0.0292654125	-0.1273310956	0.0502156954	-0.1319508436	-0.0545728286	0.1385230538	-0.0753349537	-0.0662674864	0.0336697416	0.3925523536	-0.0062456509	0.1579195942	0.0882825251	-0.022367828	0.0919187822	-0.0621556156	-0.1897261421	0.0955090662	-0.079549372	-0.0266474992	-0.0812075141	0.0842333268	0.0201189352	0.0245042573	-0.0347675652	0.1612827934	0.0882497661	0.2250836037	0.2020142519	-0.0867991817	-0.2330198274	-0.0062905937	-0.0449569654	-0.1323954552	0.0107978698	0.0065529248	0.1611939332	-0.1648552012	0.1156241793	-0.0689359601	-0.0825406725	0.0657402795	0.1377921676	0.1360827635	0.0785674201	0.0	0.0054201051217432	4.06401171346004e-05	1.651619120714041e-09	2.9377539530746872e-05	0.0610608476990535	0.015308963414597	0.0002343643608294	0.003728427121727	-0.0210489591196534	-9.266158812690216e-05	8.586169914199658e-09	0.0004430586800208	0.000114999298709	-0.0001870001735314	3.496906490077372e-08	1.3224838703561807e-08	-0.0002490000308825	5.6001068884200015e-05	3.136119716172915e-09	6.200101537948594e-08	-4.985730475026049e-06	-3.1826477610978913e-08	2.4857508369603476e-11	1.012924677122142e-15	0.0
902.5502016365018	0.6251719500826312	814596.86647409	0.3908399671701199	1033.690403732599	-1.746487860586285	3.050219847175259	1068515.8507688637	845.0581500713641	-0.8660190110996382	714123.2770020362	0.7499889275859952	860.8326275556793	744.1893691431725	0.978187	14.159719	0.0506438708250549	0.0396975624927211	0.0305878261	0.1327813817	0.0510910363	-0.0243518994	-0.2082234739	-0.0840519509	-0.1634048424	0.0034128643	-0.0268487008	-0.1482338212	0.0068070307	0.0404140609	-0.1229590341	-0.1242365363	-0.0105966059	0.1590310589	-0.1529950784	0.0752458037	0.1699875764	0.0204833638	0.0009514428	-0.0221699809	0.0929585724	-0.0106125218	-0.0292166754	0.0067819007	0.0539783051	0.0873241566	0.1150425904	-0.0717438882	0.143245827	-0.1273379928	-0.0240135246	0.0056049584	0.095119049	-0.0991307245	0.1093358126	-0.0607401328	-0.2150034213	0.0747925441	-0.0193302659	0.0561503079	-0.1731673092	-0.1143825427	-0.0510686566	0.0702203521	-0.1532190691	0.0864231253	0.0633920161	0.0170023453	-0.1635481547	0.0205182281	-0.0345857674	-0.0353768322	-0.0738572795	0.0667120862	0.1533878126	-0.0292485471	-0.076511393	0.1947023575	-0.098874551	0.1409754503	-0.0173363744	-0.0360916397	0.0942704658	0.0793293231	-0.0433308167	-0.0082325925	0.181532342	-0.0927207401	0.0512079302	-0.1378369344	-0.0363633558	0.0362671682	0.0491422538	0.0490208563	0.0460988148	0.1329339419	0.0677857805	0.0	0.0053794661413917	-4.063898035150046e-05	1.6515267240096402e-09	2.8938655966379705e-05	0.0227019526610234	-0.0383588950380301	0.0014714048285386	0.0005153786546233	-0.0209562757576406	9.268336201280132e-05	8.590205593995986e-09	0.0004391654936302	0.0003019994722404	0.0001870001735314	3.496906490077372e-08	9.120368123348013e-08	-0.0003050010997667	-5.6001068884200015e-05	3.136119716172915e-09	9.302567085889649e-08	-4.95390399741507e-06	3.1826477610978913e-08	2.4541164815605008e-11	1.012924677122142e-15	0.0
902.1513327860928	-0.3988688504090305	813877.0272477235	0.1590963598266215	1032.2424198225433	-1.4479839100556546	2.0966574037800623	1065524.4132810996	845.0787405445303	0.0205904731661803	714158.0777203296	0.0004239675852071	861.035955360039	733.6660197906234	1.025656	14.846851	0.0167770685738162	0.0167770303027446	-0.00202955	0.0016457699	-0.0655835105	-0.1323943863	-0.2104520855	0.0288476717	-0.1830038735	-0.006089462	-0.080574993	0.0187250606	0.0347263716	0.1803647914	-0.072450743	-0.0640562945	0.0495950035	0.0165695716	-0.0992237645	0.0441259585	0.1142088377	0.0286416873	0.047993429	0.0287235907	0.0133979819	-0.1780126239	-0.0421582603	-0.1507897918	-0.077681811	-0.0318277539	0.1223647028	-0.1709741587	-0.0212463685	0.159996887	-0.0384844692	-0.1850806023	0.2118483963	-0.0125718044	0.0383707691	-0.0824062685	-0.0689152042	0.0050340324	-0.0313014057	-0.0316863631	-0.12078442	-0.1610194533	0.1183619064	0.0406791638	-0.0992483982	-0.1944443509	-0.0658904959	0.136903102	-0.0877727583	0.0160840495	0.0136924345	-0.0202838543	0.1029399191	0.1059440889	-0.0222586735	-0.05800218	0.0432353471	0.2523276324	-0.1822906567	0.0668235433	-0.0742346818	-0.0065499746	0.0354717494	-0.0462657565	0.1742551863	-0.0675938724	0.0615666831	0.0332738588	-0.0661210839	-0.0481837648	-0.1232751057	0.021089357	-0.0700096834	0.0604987499	0.0919561829	0.129585175	0.0565964693	0.0	0.0053794649992653	-1.142126399532317e-09	1.3044527125086542e-18	2.893864367832042e-05	0.0227019155320391	-3.712898430027756e-08	1.3785614751702573e-15	0.0005153769688238	-0.0377333060603461	-0.0167770303027054	0.0002814687457778	0.0014238023862437	0.0003019994722404	0.0	0.0	9.120368123348013e-08	-0.0003050010997667	0.0	0.0	9.302567085889649e-08	-4.95390399741507e-06	0.0	2.4541164815605008e-11	0.0	0.0
901.6934521485988	-0.4578806374939859	813051.0816476574	0.2096546781918989	1035.205878912234	2.963459089690786	8.782089776270945	1071651.2117344511	845.0250110403919	-0.0537295041384595	714067.2692838144	0.0028868596149647	862.0016588220535	735.5193413534603	0.978068	14.157991	0.0731341441548527	0.0490412193101445	-0.0876495616	-0.1274108616	-0.0402234687	-0.107796629	-0.1385523757	0.1156073883	-0.0240976507	-0.0378752463	-0.0063033075	0.049412076	0.0959912421	0.0998996401	0.1037587112	-0.0051490996	0.083651017	-0.0254050638	0.0305977191	0.0227446796	0.0028592837	-0.0430945584	0.0236585777	0.0413275639	0.1359179792	-0.201521428	0.0704425219	-0.0587795542	-0.0816515988	0.1114364315	0.0730867573	-0.0217058942	-0.0981919399	-0.0108600926	0.1742422316	-0.1443883239	0.076804452	0.1249570417	-0.0358821215	-0.0776076189	0.0491263752	0.0095445255	-0.0140066238	-0.127111424	0.0681339972	-7.75505e-05	0.1285277074	0.0224085095	-0.0730689615	-0.1799641844	-0.1412663318	0.0460274077	-0.0847464283	0.0426327353	-0.0181156426	-0.0044988675	0.0397176269	0.0331572658	-0.1503149818	-0.0540383394	0.1550812708	0.2436967684	-0.0418611439	0.1393851895	0.0537459453	-0.1197252896	0.0278706601	-0.0251080159	-0.0100353896	-0.018511797	-0.0773190824	0.0673397239	0.1669113357	0.0964960086	0.0834155137	-0.1061891581	-0.0786749716	-0.1587147711	0.1217520769	0.1260414998	0.0450667802	0.0	0.0053680417165367	-1.1423282728600067e-05	1.3049138829753263e-10	2.8815871870478284e-05	0.0688240993699338	0.0461221838378947	0.0021272558419765	0.0047367566540825	-0.0416335426110521	-0.003900236550706	1.521184515146306e-05	0.0017333518703462	0.0003019886203184	-1.085192200000768e-08	1.1776421109425073e-16	9.119712680181074e-08	-9.003795020001704e-05	0.0002149631495666	4.6209155671628114e-08	8.106832476220748e-09	-0.0002519859121792	-0.0002470320081817	6.349689993678349e-08	6.102481306632543e-08	0.0
902.746650682508	1.0531985339091534	814951.515318486	1.1092271518283905	1034.4561507281137	-0.7497281841203858	0.5620923500644511	1070099.527779226	846.636060096723	1.611049056331126	716792.618256102	2.595479061905412	862.2594561282416	734.4178394109671	1.072525	15.525313	0.0422697632397659	0.0261425712144692	-0.0742949259	-0.1728932609	0.0931217984	-0.0370849044	-0.012668976	0.1249232453	0.0090356321	0.0204684615	-0.0500313243	-0.024629364	0.1002789172	-0.0520950951	0.0974376741	0.0309703428	0.1977117728	-0.0065036924	-0.0824959897	0.1110644961	-0.0183285885	0.1307577057	-0.0918985498	0.082442426	0.2532767514	-0.0733396042	0.0829133473	0.0489227536	-0.1838893538	0.1199519192	-0.1932439681	0.0287146604	-0.1961734453	0.0030283345	-0.026412909	0.0161511245	-0.0412137905	0.1106934609	-0.0159997082	-0.1535451256	0.008971114	0.0308789985	-0.1087375995	0.2674274747	0.0810234393	0.0296254688	0.118429983	-0.2668597906	-0.0429899893	-0.0968383228	-0.0109091661	0.0796488881	-0.0174986814	0.0869760545	-0.0472631501	0.0027828581	-0.1400052633	-0.0176096867	-0.1141822085	-0.002850404	0.1107153782	0.0906691589	0.1387081759	0.089217228	-0.0959543059	0.0880487217	0.1916617114	-0.1267030934	-0.1052865159	-0.264333621	0.1606259291	-0.1553471087	-0.0360778023	-0.0529118982	-0.052225696	-0.0436109898	-0.1170252949	-0.1969005457	0.0340605026	0.1223082461	0.0332660541	0.0	0.0053791627056796	1.1120989142899412e-05	1.236763995164866e-10	2.8935391414174272e-05	0.0687963021515827	-2.779721835111104e-05	7.726853480593443e-10	0.0047329311897318	-0.0415489422487382	8.460036231389828e-05	7.1572213036428615e-09	0.0017263146019889	-7.900077108821805e-05	-0.0003809893914066	1.451529163643852e-07	6.241121832533029e-09	-0.0003049996139103	-0.0002149616637102	4.620851686509279e-08	9.302476448543209e-08	-5.01207389694031e-06	0.0002469738382822	2.5120884748390424e-11	6.099607679587177e-08	0.0
904.0602574237622	1.3136067412542616	817324.9490531192	1.7255626706686404	1041.4913276223576	7.035176894243932	49.493713933303695	1084704.1855125811	846.9155811229786	0.2795210262555656	717266.0015488724	0.0781320041189646	862.6457573353948	740.6093019423737	1.050226	15.202515	0.0772685755073664	0.0525528179342791	-0.0401466733	-0.0304478177	0.175795364	-0.0313249163	-0.0202938363	-0.0892597978	0.0918019135	0.1985659014	-0.1076775111	-0.1256660767	0.072375908	-0.1492956807	0.0707154311	0.0176205069	0.0815954462	0.0486233481	-0.068106834	0.1331333234	0.2579803128	-0.0504076742	-0.0391071418	0.1257037773	-0.0230439323	0.0093468805	-0.0357700767	-0.0043717264	-0.1296455184	-0.0055837597	0.1653109106	-0.038028978	0.0505601806	-0.0395882109	0.0105262309	-0.1133352636	-0.1521799572	0.0336056853	0.03804967	-0.1272820293	-0.0587941444	0.0783990823	-0.1303023134	-0.0485246193	0.0458407053	-0.2395753144	-0.136997759	0.0449633478	0.0091493184	-0.0007862736	-0.016545556	0.0666120317	0.016657869	0.1928693735	0.0481495874	0.0074081477	-0.1301046361	-0.0067708059	0.1177658502	-0.0285626519	0.0709964215	0.0112729511	-0.029740416	-0.1328691714	-0.08472366	-0.0167032894	0.1146420309	-0.2311772511	-0.0607419227	0.2488309776	0.0676686501	0.2006528944	0.0187278855	-0.0578071948	-0.0589592099	-0.0268169267	0.0074312351	-0.0995705364	0.1213620525	0.1183910292	0.0212652622	0.0	0.0053814845933857	2.321887706100041e-06	5.391162519738511e-12	2.896037642884765e-05	0.0220983919946036	-0.046697910156979	0.0021806948130292	0.0004883389287471	-0.0200822989351365	0.0214666433136017	0.0004608167751534	0.0004032987305201	-0.0001960106397808	-0.0001170098686925	1.3691309371455269e-08	3.842017090727853e-08	-0.0003049930408141	6.573096199985213e-09	4.320559365426005e-17	9.302075494503129e-08	-7.002963508974893e-05	-6.501756119280862e-05	4.904149790803394e-09	4.227283263460613e-09	0.0
903.0829234740706	-0.9773339496915696	815558.7666704741	0.9551816492197236	1036.745168199726	-4.746159422631536	22.52602926503411	1074840.5437854785	845.8096064498652	-1.1059746731133373	715393.8903628759	1.223179977568153	861.6467940125422	740.1958651177116	1.083455	15.683517	0.0345588530532008	0.0192802338004671	0.019608717	0.0960389085	0.0962161638	-0.1085282967	0.1348001841	-0.1623368619	-0.0311515861	0.0193508878	-0.0229831197	0.0025305645	-0.0484203057	-0.060238949	-0.151476473	-0.0743992992	-0.0274232069	-0.0764667994	0.1014839181	-0.0035776124	0.0109499907	0.0437414041	-0.0546568943	0.0955422792	-0.060899997	-0.1683281655	-0.0350130988	-0.0497474596	0.0521836974	0.0216633891	-0.1728004905	-0.0446088256	-0.1341530409	-0.2006799959	-0.0572981611	0.0582724233	-0.0204806194	-0.1706198933	0.0810289805	0.0496347465	0.0854063712	-0.0584381388	-0.0020378746	-0.0041371337	0.0953171555	0.0121653347	0.1401596201	-0.0282913462	-0.0884047954	-0.163117785	0.1672155737	0.0908740458	0.1130215949	-0.00735384	0.0571101952	-0.0247848506	0.0520869579	0.0675692348	0.1465954679	0.0649205465	0.0287581886	0.0548814927	0.0912942537	-0.0922779804	-0.0365057755	-0.007507944	0.1263290874	-0.0983380136	-0.1013037171	-0.0619166064	0.0231225378	0.0018277537	0.0379615915	0.1648302977	0.0689927924	-0.0899936144	-0.0980170403	-0.0597858281	0.1068475369	0.114295741	0.0091365784	0.0	-0.0121267345367073	-0.017508219130093	0.0003065377371073	0.0001470576905237	0.0221111820064692	1.2790011865600888e-05	1.6358440352221146e-10	0.0004889043697232	-0.011146001375252	0.0089362975598845	7.985741407879769e-05	0.0001242333466571	-9.90007677848559e-05	9.70098719959441e-05	9.41091526466946e-09	9.80115202199096e-09	-0.0003049995861652	-6.5453510999851855e-09	4.284162102207727e-17	9.302474756094326e-08	-5.015125409637568e-06	6.501450968011136e-05	2.5151482874392383e-11	4.226886468945294e-09	0.0
901.214656377275	-1.8682670967956485	812187.8568692098	3.49042194496924	1031.9688971276378	-4.776271072088321	22.812765354067714	1064959.804638833	844.6972557370201	-1.1123507128451138	713513.4538496528	1.2373241083670328	861.1801566563234	735.8620777812483	1.10972	16.063726	0.0796943887711119	0.0472012894228914	0.0105592192	0.0406852786	-0.1797290915	-0.1283557151	0.2854590546	0.1051110504	-0.0811199546	-0.1238690005	0.0547834879	-0.1260929052	-0.0745516532	0.1776132293	-0.0283395179	0.0196750172	0.0111593303	-0.0412411881	-0.0037609122	0.1433697604	-0.0263764169	-0.0299312094	-0.0209435169	-0.0812713432	-0.0936868177	0.0648301041	0.068575909	-0.146410346	-0.1216741187	-0.1067737578	0.0472822143	0.0543047772	-0.0129815507	0.0250088736	-0.0375373439	-0.2581191055	0.1896477023	0.0089985878	-0.0277521666	0.0845090231	0.0592459317	0.1375710103	-0.1024092552	0.0253644864	0.1194894961	-0.0361804043	-0.1293153786	-0.0641790618	0.0929489604	-0.0845838472	-0.0640672488	0.0340414736	-0.0371402186	-0.1459690701	0.1440768325	-0.0037510181	0.0429514367	0.0970954162	-0.0955456134	0.0757024191	-0.1053751745	0.1259630808	0.0046560532	-0.2313665878	0.0072776368	-0.0226153454	0.1192755541	-0.1635379484	0.0376905684	0.1127632869	-0.1058908532	0.0836934119	-0.0531198499	0.1110214073	-0.0974380074	0.1401720915	-0.0836732436	-0.1115145714	-0.0378895443	0.1100285411	-0.0030470538	0.0	-0.0121533822255628	-2.664768885549985e-05	7.10099321339531e-10	0.0001477046995206	0.0639497045713568	0.0418385225648876	0.0017504619704126	0.0040895647147638	-0.0195242822881027	-0.0083782809128506	7.019559105463833e-05	0.0003811975988655	-0.0003589996023821	-0.0002599988345972	6.759939399192511e-08	1.288807145105059e-07	2.40008955643134e-05	0.0003290004817295	1.082413169782519e-07	5.760429878890786e-10	-4.995689646032246e-06	1.943576360532236e-08	2.4956915039473782e-11	3.777489069219731e-16	0.0
901.0456759221258	-0.1689804551491533	811883.3100979606	0.028554394222415	1036.9203922047334	4.951495077095615	24.51730349850211	1075203.8997700182	844.9839501014122	0.2866943643921331	713997.8759289859	0.0821936585742092	862.2169677539443	729.6971623974724	1.223505	17.71081	0.0704180865422501	0.0532811711013104	-0.0817925408	-0.1306910574	-0.1039056139	0.1080737817	0.0051735755	0.1652246796	0.0918969082	-0.096485148	0.0092664281	-0.0363411916	0.0064077857	0.0844592662	0.129333606	0.1030942992	0.0105085338	0.1266316866	-0.1534234606	-0.0362027828	0.0453253832	0.1252383909	0.0059292844	0.0660719119	-0.1133245414	0.0308249198	0.0214114563	-0.1474205725	-0.0027420238	-0.050323212	-0.0078960199	0.0304145745	0.0693133068	-0.2605472348	0.0172189143	-0.0803550727	0.0511947593	0.1395905489	-0.0967540374	0.0466936636	-0.1525650802	0.0323370866	0.0050655655	0.0908788952	-0.1177055236	0.0379615275	-0.0150717513	0.0810070194	-0.0458866076	-0.08656609	0.0097508903	-0.035388059	0.026360761	-0.0128943547	0.087955084	0.0137506016	-0.1656189609	0.0273656918	-0.0958643203	-0.0552462193	0.0116606974	0.0486169811	-0.1565704494	-0.0393342973	-0.0797162743	0.0655907779	0.0228093151	-0.0789495008	-0.3294757889	0.0760756344	-0.0593749518	-0.0181025703	0.1545839282	0.1769076528	0.0359070502	0.0154858192	-0.0496816422	-0.1567404187	-0.0311286331	0.1055958478	-0.0152123607	0.0	-0.0028239625555386	0.0093294196700242	8.703807137943444e-05	7.974764515084101e-06	0.0119561605858962	-0.0519935439854606	0.002703328616168	0.0001429497759557	-0.0224182833703849	-0.0028940010822822	8.375242264250556e-06	0.0005025794292748	-0.0003589997912537	-1.8887160000043144e-10	3.567248128672298e-20	1.2888085012020018e-07	0.0001480008810403	0.0001239999854759	1.5375996398044893e-08	2.1904260788705037e-08	-4.973427903956295e-06	2.2261742075951017e-08	2.4734985115851104e-11	4.955851602561679e-16	0.0
901.5138182306698	0.4681423085439746	812727.1644608412	0.2191572210488819	1039.8751551310222	2.954762926288822	8.730623950570884	1081340.3382587675	845.8813471582941	0.8973970568819141	715515.2534703305	0.8053214777003214	862.307118239176	729.7471533390286	1.066954	15.444666	0.0370373192500569	0.0247233367390493	0.0014065792	-0.0330420782	0.0149765428	0.1018674415	0.0590636043	-0.012419214	0.1333264689	0.0154236642	0.0828426174	0.0751667486	0.0593774954	-0.0849160217	0.0760140106	0.1104215308	0.01078538	-0.0435834407	0.0384478633	0.098983342	0.0369601615	0.0462327985	-0.0278651638	-0.0801784069	-0.0456686939	-0.0662919374	0.2513280214	-0.040723339	-0.2165147657	-0.1665263786	-0.0063455167	-0.1721830297	0.0106636433	0.1447462539	-0.1393747929	0.0453908332	-0.1105744142	0.0338735142	-0.05611371	0.0078985062	0.088756472	0.024741802	0.0112924509	0.0526297924	-0.0276055888	-0.0930223177	0.0605194609	0.0451110463	0.097738597	-0.0752457248	-0.1426207944	-0.0548354945	-0.0913587113	0.0459273734	-0.051390527	0.0031655732	0.0373585709	0.0959317765	0.0459082169	-0.0566164264	0.2241360807	-0.0108687911	-0.0437032719	-0.1747829093	-0.093701355	-0.0495926373	-0.0081376346	-0.1077146984	-0.0599456003	-0.0491914953	-0.0385457395	0.1180463254	-0.1227539748	0.0924517691	-0.013596169	0.0927117581	0.0687482383	0.0633821038	-0.0384067923	0.1010043284	-0.0272861787	0.0	0.0043712125895041	0.0071951751450427	5.177054536784024e-05	1.9107499502639143e-05	0.0119274909500006	-2.866963589560033e-05	8.219480223862948e-10	0.0001422650403623	-0.0416809663796016	-0.0192626830092167	0.0003710509567135	0.0017373029583374	-0.0001720000565296	0.0001869997347241	3.496890078688378e-08	2.958401944618559e-08	0.0001240007290248	-2.40001520155e-05	5.760072967671086e-10	1.5376180798681877e-08	-4.989370362395133e-06	-1.5942458438838233e-08	2.4893816613146938e-11	2.5416198107408437e-16	0.0
901.8843027300107	0.3704844993409324	813395.2955107976	0.1372587642519013	1038.0978724161785	-1.77728271484375	3.1587338484823704	1077647.1927149964	846.0551735048805	0.1738263465863383	715809.3566143734	0.0302155987675538	862.3423978915191	729.3927111650041	0.982383	14.220453	0.090888186916252	0.0562381755649921	0.0626654579	0.1585414203	-0.0186374526	0.0834430298	0.0729044133	-0.1606395966	-0.0264858466	-0.0246576607	0.1934419009	-0.0575768892	0.0632776271	-0.0965383142	-0.1054492957	-0.0252421049	0.0109771875	-0.0712370241	0.0389825784	0.1556035466	-0.1183980174	-0.1195794003	0.0206363942	-0.0390312231	-0.0433126051	-0.0680800233	0.1634622859	0.1246522818	0.2158379899	-0.161543617	-0.1031560671	-0.1136855564	-0.1722644468	0.0357036534	0.0078941267	0.2315823116	-0.0774611462	-0.1547011084	0.0114090894	0.0033779771	0.11171132	0.1158036073	-0.0217264472	-0.1289757526	-0.0370944987	0.1966318193	0.0543138918	0.0897872125	0.013856258	0.0418005779	0.0156917799	-0.1868093746	-0.0351133419	0.0378902015	0.04258927	-0.0094924813	0.0290373636	0.1413388989	0.0554484873	0.057845996	0.0454391924	0.0351691572	0.1424371813	-0.0110965255	0.1308341011	-0.0997099819	-0.2637687088	-0.1137450326	-0.1719596808	-0.0108498803	0.0039760826	0.0895429074	0.0413866026	0.1996462004	-0.0269379056	-0.0422800643	-0.1138845087	0.1265478195	0.0153413321	0.0962608888	-0.0391958943	0.0	0.0138608990595088	0.0094896864700046	9.005414929899025e-05	0.0001921245227378	0.0606479053119954	0.0487204143619948	0.0023736787756044	0.0036781684187327	-0.0194032817729237	0.0222776846066779	0.0004962952314346	0.0003764873435594	-0.0003589999145404	-0.0001869998580108	3.496894689605936e-08	1.2888093864001448e-07	0.0001030004820983	-2.1000246926500008e-05	4.41010370973973e-10	1.0609099312482218e-08	-4.981445748202521e-06	7.924614192612e-09	2.481480174228497e-11	6.279951010174752e-17	0.0
902.5442266953982	0.6599239653874065	814586.0811411942	0.4354996400926388	1035.148516112683	-2.949356303495506	8.698702604968675	1071532.4504102897	845.4008523723185	-0.6543211325620177	714702.6011918426	0.4281361445172416	861.9173404864168	734.9358960107807	1.132326	16.390949	0.0441826549482264	0.0246549320477212	0.0259830335	0.1327439863	-0.1087595928	0.056028358	0.093106537	-0.0160344594	-0.1060122264	-0.1021070228	-0.0419840158	-0.0804283086	-0.0212856056	0.0561103949	-0.1495487589	-0.0461806703	-0.0031129065	0.1231916531	-0.0903240344	0.0239950058	-0.0676693517	0.0755474043	-0.0673403984	0.0091770148	-0.0774873126	0.1759479932	-0.0849385447	0.1611621255	0.0353732168	0.1235971451	0.1169706551	-0.1224744751	-0.1656513498	-0.1664027284	0.0130177508	0.0064893562	0.1143865173	-0.1013503311	0.0234573594	0.0035736219	-0.192124619	0.048424537	0.0430896938	0.0943355295	-0.2430126796	0.145063638	-0.1408780303	-0.1285770677	-0.1513836923	0.0170575036	0.1115998691	-0.0581603477	-0.0818822386	-0.0815386867	0.29294277	-0.0035329071	-0.1768692459	0.1049441486	0.0335571445	0.0733681182	-0.2291153073	0.0675837564	0.01447603	-0.0927105379	0.0140558781	0.0088534719	0.1321885382	-0.1098123299	-0.236577331	0.0588210022	0.1262098935	-0.1736381195	-0.0149897212	0.0406544973	-0.0213718093	0.154524449	0.1170671647	0.1417133692	-0.1556731159	0.0913726637	-0.0508698813	0.0	0.0139115439708632	5.064491135440066e-05	2.564907046095101e-09	0.0001935310556532	0.0393587332641658	-0.0212891720478295	0.000453228846482	0.0015491098841597	-0.0113606081748258	0.0080426735980979	6.468459860554101e-05	0.0001290634181019	-0.000157999340541	0.0002010005739994	4.040123074808828e-08	2.496379161139089e-08	0.0001980002771673	9.4999795069e-05	9.024961063151998e-09	3.920410975832762e-08	-4.984364498692763e-06	-2.918750490241541e-09	2.484388945582876e-11	8.519104424285238e-18	0.0
901.9087992556616	-0.6354274397365316	813439.4821747893	0.4037680311701235	1033.450320524328	-1.69819558835502	2.8838682563084523	1068019.5649918362	845.0234615441525	-0.3773908281659714	714064.6505600618	0.1424238371837978	861.5604692165356	730.1188501881172	1.152557	16.683805	0.0975623912264699	0.0528732222242556	0.0135460769	-0.0043956617	-0.1583455977	0.0027680907	-0.0652703373	0.070205812	-0.0642683581	-0.0629952155	0.0823410763	0.0315038565	0.0610166279	0.1656099119	-0.0343640771	0.025415838	0.038583819	0.0628985421	-0.0249717182	-0.0405320306	-0.0710922627	-0.006353199	0.2558352548	-0.2013940288	-0.0313448088	-0.1146615776	-0.185773644	-0.2181452542	-0.1525842065	0.1803699051	0.1090620422	-0.0192820067	-0.1527418137	0.0008698266	-0.081434979	0.191516274	0.1534530833	0.0467833461	-0.0371267911	-0.0268748856	-0.0020641893	0.0119672063	0.0560626309	-0.0928129502	-0.1876070205	-0.0620262153	0.0665299994	0.0782075387	0.1063687756	-0.0832595645	-0.1420019644	0.1689229295	0.0524975487	-0.1292247702	0.015819595	0.0039979163	0.1077752975	0.132602854	-0.0441097618	-0.0199325526	0.0781037363	0.07242187	-0.1672864632	-0.1609549251	-0.1273578041	-0.0317770412	0.0159612816	-0.0094772024	0.0060565882	-0.049719928	-0.0368190735	0.0508076894	-0.0317266026	0.1615516911	0.0527624092	-0.0662290349	0.1451413269	0.2297572055	0.0758808974	0.0863470055	-0.0622379308	0.0	0.0113102906158815	-0.0026012533549817	6.766519016803558e-06	0.0001279226738156	0.0112960009853395	-0.0280627322788263	0.000787516942953	0.0001275996382607	-0.0352604378598471	-0.0238998296850213	0.000571201858973	0.0012432984780681	0.000437000187904	0.0005949995284449	3.5402443884977225e-07	1.9096916422813128e-07	-1.986915015628199e-06	-0.0001999871921829	3.9994877037211467e-08	3.947831279328806e-12	6.000043302619202e-05	6.498479752488478e-05	3.600051963330554e-09	4.223023909350271e-09	0.0
902.2120642586648	0.3032650030031618	813986.6088938811	0.0919696620465077	1036.9180022594976	3.4676817351696627	12.024816616429282	1075198.9434098275	846.0762000450721	1.052738500919645	715844.9362827089	1.1082583513185416	862.9856146331202	729.5166437126303	1.030068	14.910728	0.1150947791344068	0.0730847753222305	-0.0380206926	-0.1261602821	-0.0162024945	0.0587683449	0.0559527743	0.107057604	0.068028681	-0.0139862802	0.1051731481	0.0380338472	0.2013457464	-0.0125721798	0.1323294754	0.0742473621	0.0944068225	-0.0753611405	0.0714812481	0.1125975569	-0.1757228692	-0.0173599525	0.0553219241	0.0647917308	-0.0278951837	-0.0378721371	0.0029622572	0.0574371498	0.0033846218	0.1697478499	0.1240755976	0.1153983483	0.0640640566	-0.0266035685	-0.3552656356	-0.1066342733	-0.0416339942	0.1263022218	-0.0782604589	-0.0303008246	0.1832435504	0.0623299264	-0.0096721231	0.044510728	0.0145037953	0.1193736384	0.0431171922	-0.1015808905	-0.1069389384	0.0175117985	-0.0834035575	0.0885296046	-0.0675486009	-0.1187783568	0.1186523513	0.0214400781	-0.0084276088	0.0630920951	-0.1436570777	0.032145104	0.1643816478	0.0015413281	0.1851811732	-0.0939612192	-0.0221159904	0.0249965794	0.0288424461	-0.0176391694	-0.0875061876	-0.0168112022	0.0571988035	-0.1310176763	0.0184006796	0.0892918172	0.0028664281	0.0234428726	0.0426055222	0.0516957926	-0.03482826	0.0811914732	-0.073231674	0.0	0.0138656682919986	0.0025553776761171	6.529955067597635e-06	0.0001922567571837	0.0739642443841859	0.0626682433988464	0.003927308730697	0.0054707094473235	-0.0152886428898426	0.0199717949700045	0.0003988725943238	0.0002337426014131	-8.199995953935596e-05	-0.0005190001474433	2.693611530462252e-07	6.723993364456014e-09	1.2000249338006697e-05	1.3987164353634896e-05	1.9564076665559466e-10	1.4400598417433016e-10	-4.999516965594008e-06	-6.499994999178602e-05	2.4995169889262315e-11	4.224993498934683e-09	0.0
903.2133364512686	1.0012721926037784	815794.3311434324	1.002546003681578	1042.6188405354817	5.700838275984097	32.49955704892533	1087054.046639552	846.4400212214543	0.3638211763822028	716460.7095253761	0.1323658483841299	862.6419199286327	733.8672805864117	1.149777	16.643566	0.0687147840785091	0.0470052786365779	-0.0058610826	0.039138237	0.1331950669	0.0968135735	-0.0186224742	-0.1132634247	0.1522409579	0.1117967021	-0.0827567508	-0.0921240673	0.0295561158	-0.1435109501	-0.0011814347	0.0411775785	-0.0856885012	0.0261485445	-0.0514022483	0.0881703323	0.0892473647	0.0310875232	-0.0777143235	0.0570809017	-0.1553210463	-0.0765366415	-0.0564029789	-0.110061644	0.0156597273	0.1407185362	0.0021710952	0.1335087057	0.0828890001	-0.08616951	0.0300098173	0.1604699155	-0.1609525499	-0.0314129941	-0.0070043929	-0.0299374421	-0.1306449827	0.0840059117	-0.0445338385	-0.0815701674	0.0319694617	-0.0256127393	-0.1564247591	0.0553301204	0.0290416338	-0.1030222758	-0.022925259	0.0229287803	0.114509623	0.1245058539	-0.1460903642	0.0237882574	-0.2077478905	0.0614659661	0.0963302527	-0.0114231395	-0.04460456	-0.0452619334	0.0455705553	-0.0489090005	0.0062747849	-0.013185843	0.0380562096	-0.0746644666	0.0001614859	0.1472328869	0.0300860954	0.0790176691	0.0234853316	-0.086675694	0.0752760723	-0.0687139587	0.10897196	-0.0363371184	0.018585821	0.0759138211	-0.0837849934	0.0	0.013862536725	-3.1315669986008154e-06	9.80671186672572e-12	0.0001921699244519	0.0304078282769921	-0.0435564161071938	0.001897161384103	0.000924636020523	-0.0279434003162748	-0.0126547574264322	0.0001601428855218	0.0007808336212355	-8.000058916725558e-05	1.999370372100372e-06	3.9974818848327795e-12	6.400094267108011e-09	-0.0002360001153465	-0.0002480003646845	6.150418088364834e-08	5.5696054443561305e-08	-5.0093614666773016e-06	-9.844501083293684e-09	2.5093702303831367e-11	9.691420157897048e-17	0.0
903.2661293276856	0.0527928764170155	815889.7003906192	0.0027870878003822	1037.399128633387	-5.219711902094787	27.245392340869977	1076196.9520893104	846.0431877082879	-0.3968335131664844	715789.0754676012	0.1574768371720543	861.9715568049737	744.8337231039798	1.099295	15.912809	0.0383967716725682	0.0264794987783094	0.0327377656	0.1860483726	0.0714147428	-0.0620639551	-0.0181935493	-0.1892641396	-0.0626790444	0.0075934193	0.0334448874	-0.0262029608	-0.0030551891	-0.030488104	-0.2149568277	0.0328411537	-0.1051451327	-0.0456331462	-0.000224694	0.0067963001	0.1569836331	0.0095321464	0.0857888653	0.0097499267	-0.211915862	-0.1755349991	-0.03833836	0.1263259907	0.1062367099	-0.0107397353	-0.0056260847	-0.1244560212	0.1500258175	-0.0730038718	-0.0808670955	0.1817302939	0.0075028023	-0.1796947576	0.0002482286	0.0701499815	0.021523328	-0.0091901252	-0.0409984802	-0.0307511921	-0.0445369187	-0.0813744168	0.0617521029	0.1803898914	-0.1465765625	0.0428025489	0.1008211425	0.0156822214	0.0018573855	0.1600997076	-0.0125870197	0.0314856144	0.0544533757	0.1630628818	0.1318623246	0.0209634579	0.017810544	-0.0239397403	-0.0163486833	-0.1069533657	-0.0095833579	-0.1272994903	0.003471421	0.1567139451	0.1135226764	-0.1198655157	0.0173867105	0.1060555882	0.2211646906	0.1341138812	0.067948487	-0.0580006579	0.2075341359	0.1671085763	-0.0638283009	0.0705219875	-0.0938344199	0.0	0.0138685663754074	6.029650407400958e-06	3.6356684035470535e-11	0.000192337133309	0.0303790820611453	-2.874621584680187e-05	8.26344925510923e-10	0.0009228886268778	-0.0245599363839374	0.0033834639323374	1.1447828181428071e-05	0.000603190475183	0.0004190075956955	0.0004990081848627	2.49009168560022e-07	1.7556736525052357e-07	-0.0001464777639867	8.952235135980001e-05	8.014251392987486e-09	2.1455735342543385e-08	0.0001060307397903	0.0001110401012569	1.1242517780478306e-08	1.232990408715977e-08	0.0
901.7712787207506	-1.4948506069349603	813191.4391256577	2.23457833705382	1034.795577105354	-2.6035515280329946	6.778480559122941	1070801.8863968025	845.0776852338741	-0.9655024744137108	714156.2940802429	0.9321950280989983	861.6173730745986	734.7657666571907	1.064646	15.411259	0.0740392485695278	0.0465392309702176	-0.0234640907	-0.0337561143	-0.1395311074	-0.0791722524	-0.0013334519	0.0801696906	-0.0303070458	-0.1080092359	0.030326793	-0.1044972963	0.0022783549	0.1820568581	-0.0313559298	0.056836544	-0.0513435351	-0.0716591092	-0.0465772744	0.1138875035	0.1363384875	-0.0129651014	-0.0393573213	-0.0632563846	0.013502521	-0.0115805078	0.0721696322	0.0014448403	0.0989645002	-0.017436562	-0.0145532344	0.2511964738	-0.0179142034	0.036083495	0.0755889625	0.0388972511	0.1610547886	0.0153333603	-0.0748321237	0.0893451709	0.0554649007	0.0652694874	-0.1009340525	-0.0468369729	0.0740628189	-0.1204167885	0.0206232255	0.0179786455	-0.0083592287	-0.0698680643	0.0669297571	-0.0756252982	0.0256786057	-0.0208978576	-0.0495397927	0.0438879421	0.0729809406	0.1482352734	-0.1481011317	-0.0069084371	-0.0416268481	0.0412974131	-0.0043191999	-0.0869101692	-0.0352470308	0.0652381275	0.0146293323	0.1206160615	0.1061576937	-0.0629192237	0.1086928506	0.1001104942	0.0734841926	-0.0065321905	0.1473648813	-0.0872091852	0.0871847412	0.020635079	-0.1148945528	0.0650240821	-0.1033195152	0.0	0.0138168213965172	-5.174497889020094e-05	2.6775428403473407e-09	0.0001909045535032	0.0742781889835271	0.0438991069223818	0.0019271315885827	0.0055172493586725	-0.038471612541258	-0.0139116761573205	0.0001935347335061	0.0014800649715246	0.000266999409699	-0.0001520081859964	2.3106488609946528e-08	7.128868477961446e-08	-0.0002070008996342	-6.05231356475e-05	3.6630499486056862e-09	4.2849372449368146e-08	-4.972348784405579e-06	-0.0001110030885747	2.4724252433779635e-11	1.2321685673123933e-08	0.0
902.5787481559394	0.8074694351887501	814648.3966227426	0.6520068887640391	1040.1107859892004	5.315208883846481	28.25144547892055	1081830.4471310722	846.0304417465672	0.9527565126930996	715767.5083618917	0.9077449724791162	862.5727843913396	735.3954438464605	1.077976	15.604215	0.0450856883766469	0.0272566321428729	-0.1005620875	-0.1355220102	0.0781679334	0.0532181526	-0.0041926819	0.0572250425	0.1427455126	-0.02289579	0.012872867	-0.0988994534	0.0763450296	-0.0215117372	0.1375390775	0.1489395218	0.0331381764	0.0610696037	0.0185508605	0.1574476085	-0.2026749631	0.1572157599	-0.0111728559	0.2533096388	0.0550289431	-0.0339423341	0.0675238671	-0.0230010779	0.0513953656	-0.1261820378	-0.0312507023	0.12549181	0.0760725125	-0.0379008324	0.1282544815	-0.0512942901	-0.0715778258	0.1187500278	-0.1334241649	-0.0306832275	-0.0302359987	0.1216055664	-0.0036372799	0.046725647	0.1162486506	0.1680888385	0.0760137256	-0.1176788357	-0.084030421	-0.054452701	-0.1166725171	0.142714225	-0.0187147231	0.1245452128	-0.1070605191	0.0738764331	-0.1619498338	0.058464249	-0.1949972831	-0.0417186194	0.1247453233	-0.0230088964	0.1651507621	-0.056586686	-0.0101040021	-0.0183446358	-0.0493547813	0.1208134872	0.1101973543	-0.0823583992	0.1624991292	-0.0750804628	0.0129822337	-0.0564740197	-0.1502778283	-0.0285146516	0.0208024217	-0.0913149589	0.0227363798	0.0594283743	-0.1121832348	0.0	0.0365358194852802	0.022718998088763	0.0005161528741572	0.0013348661054609	0.0886489837320425	0.0143707947485153	0.0002065197417039	0.0078586423167239	-0.0415169382617222	-0.0030453257204642	9.27400874372082e-06	0.0017236561626276	0.0002279996551583	-3.8999754540700005e-05	1.5209808542348507e-09	5.198384275230373e-08	-0.0001470001822774	6.000071735679999e-05	3.6000860833305993e-09	2.1609053589588833e-08	-4.983273264992153e-06	-1.0924480586574596e-08	2.483301243358556e-11	1.1934427608644522e-16	0.0
904.2559331000476	1.6771849441082622	817678.7925466378	2.8129493367434346	1040.378194995955	0.2674090067546331	0.0715075768934994	1082386.7886230417	846.6723884635871	0.6419467170198914	716854.1333866355	0.4120955874926165	862.3955462356254	736.637555799858	1.06325	15.391049	0.0656524309280847	0.0526502457255235	-0.0481958166	0.0418640915	0.1714115614	-0.0351735434	0.0686965607	-0.1386812134	0.0760017195	0.0158455063	-0.0695030168	-0.1510954754	0.0643236644	-0.1246254439	-0.0485585178	0.050124465	-0.0345835007	0.1456750821	-0.047381501	0.1416018271	0.2377420955	0.0360364076	0.0119425246	0.0092473616	0.192320173	0.164909081	-0.1183261228	0.1753179298	-0.0461419368	0.1751491417	0.0718482826	0.0916272719	0.0891995073	-0.0590077627	-0.0515873394	-0.0343964805	-0.1225730509	-0.076278528	-0.0251673965	-0.0322953137	-0.1261276878	0.1343529123	-0.1110507643	0.1203898762	-0.0219012784	-0.2590502885	0.0077578906	-0.1686834149	-0.0369459297	0.0814974769	0.0444929015	-0.0491532256	-0.0639145304	-0.0171769383	-0.0113447139	0.0663708712	-0.1260622096	0.1415480905	0.1044450255	-0.1458809908	0.0134657696	-0.0608626309	0.0819528143	-0.0198997502	-0.0852159345	0.0400533634	0.105671959	0.1368863287	0.1404494602	0.086869212	0.185852969	0.0587158072	-0.0586514077	-0.1435940497	-0.011658819	-0.154821759	-0.0720287731	-0.0752707617	-0.1335198152	0.0537432806	-0.1203722712	0.0	0.0365436141429	7.794657619797363e-06	6.075668740986507e-11	0.0013354357346251	0.0363690201655089	-0.0522799635665336	0.002733194590518	0.0013227056277991	-0.0463818818320191	-0.0048649435702968	2.366767594217312e-05	0.0021512789622793	0.0001910030909051	-3.6996564253200014e-05	1.3687457665411571e-09	3.648218073530189e-08	-8.599363664418824e-05	6.100654563321177e-05	3.7217986100971502e-09	7.394905543292675e-09	6.70081995212847e-05	7.199147278627685e-05	4.490098803084299e-09	5.182772153937241e-09	0.0
902.950949985299	-1.3049831147486657	815320.4180793539	1.7029809297791292	1033.264378566368	-7.113816429587132	50.60638419386381	1067635.2760141424	845.3977145392856	-1.27467392430151	714697.2957482475	1.6247936132942116	861.7559863510836	742.3430075442365	1.273539	18.435085	0.0595406408768361	0.0294342775694153	-0.0552995477	0.0984343206	-0.1114356978	-0.1421101399	0.2238235964	-0.0421417938	-0.0774157809	-0.114881362	0.0060540054	-0.0372446263	-0.0464918899	0.1227779851	-0.1300995639	0.103510691	-0.0848876407	-0.1100977388	0.0594487728	0.111230938	0.0589532699	-0.1723358981	-0.2651451711	-0.1420992248	0.109021015	0.0302836918	-0.0892777027	-0.020944475	0.0486596852	-0.3435506879	0.2699604196	0.0520179535	-0.13505546	-0.017670528	0.0065321137	0.0104113575	0.1381309523	-0.0961149489	-0.0713288001	0.1110923817	0.064939217	0.0754523373	-0.0931872548	-0.1517267215	-0.0307415434	-0.0843765312	-0.0546038135	-0.1580284486	0.1079699502	-0.0277168728	0.1553249006	-0.0299147072	-0.2313989643	0.2136840302	0.2127562768	0.0800852537	0.096049747	0.1602680685	-0.0687532243	-0.0491335961	-0.0652316865	0.0383505987	0.0397316362	-0.1504954707	0.0803526429	-0.0151552339	-0.1089498811	0.0847571973	0.1784356993	0.123152035	-0.0081139724	-0.2092792248	-0.0105532329	0.0229813435	-0.0650038576	-0.150191491	-0.2148147376	0.0968562373	0.0895864737	0.0479773519	-0.1278373746	0.0	0.0250638540418179	-0.0114797601010821	0.0001317848919783	0.0006281967794295	0.0511691670480871	0.0148001468825781	0.0002190443477458	0.002618283656395	-0.0469962285021807	-0.0006143466701616	3.774218311386477e-07	0.0022086454934291	0.0005519991298448	0.0003609960389397	1.303181401301534e-07	3.047030393494164e-07	-0.0003060016299702	-0.000220007993326	4.840351712733844e-08	9.36369975444192e-08	-4.915512673288238e-06	-7.192371219457294e-05	2.416226484125728e-11	5.1730203758477606e-09	0.0
900.8032548623074	-2.147695122991536	811446.5039705272	4.612594341321628	1036.7030439189837	3.438665352615772	11.824419407280148	1074753.2012708862	845.4536941635025	0.0559796242168886	714791.9489747132	0.003133718327464	862.4398179930774	732.7023471916758	1.292365	18.707602	0.0500676803910306	0.0331652964863542	-0.120004186	-0.0952385842	-0.0721736007	0.1405433747	0.1170299821	0.1137204152	0.1251559302	-0.1602642619	0.0383632067	-0.1000856409	-0.1032353736	0.0029879791	0.1179361493	0.2156313374	-0.1927807863	-0.0171783118	0.0622829522	-0.0702282752	0.0193348043	0.161189288	-0.1080285875	0.0228832365	0.1111082066	-0.0481573803	0.0541279442	0.0746144893	0.0555922174	0.1620542583	0.1725883587	-0.0151492587	-0.020126934	-0.0952525092	0.123482334	-0.0004068146	-0.0407010125	0.1012292572	-0.1854097799	0.192068965	-0.0965641576	-0.0870446987	0.06662607	0.0771610964	0.0182596361	0.0142437358	-0.0960189194	0.0059551643	-0.144685683	-0.0405308025	-0.0292105294	-0.086633619	-0.2071755453	-0.0139129033	-0.0479933456	0.0914434656	-0.1851015732	0.0184636258	-0.1433921766	-0.0438984311	-0.0310990573	-0.0385629658	0.0447339114	-0.0266521142	0.0259829788	0.0297531301	0.1511386306	0.1432145013	-0.0522031244	0.1412160198	-0.2308732637	-0.1418984735	-0.0096193753	-0.0002141333	-0.0235780529	-0.0521538676	-0.1480322867	-0.0850191243	-0.0752105599	0.0421392607	-0.134533649	0.0	0.0328464603606022	0.0077826063187843	6.0568961113181344e-05	0.0010788899582206	0.0511201655188529	-4.900152923419804e-05	2.401149867289965e-09	0.0026132713226749	-0.0313139189677542	0.0156823095344265	0.0002459348323335	0.000980561521119	8.499937928623532e-05	-0.0004669997505585	2.1808876702176167e-07	7.2248944790452904e-09	-0.0002420003257472	6.400130422300001e-05	4.096166942244998e-09	5.856415766175092e-08	-4.989718063436744e-06	-7.42053901485064e-08	2.489728635258693e-11	5.506439927092051e-15	0.0
901.2883310599664	0.485076197658941	812320.6557048595	0.235298917535256	1037.3126911836512	0.6096472646675011	0.3716697873165661	1076017.6192906688	846.293790590513	0.8400964270105078	716213.1799920591	0.7057620066758215	862.6650010725554	725.8181311170327	1.168209	16.910381	0.068946351051787	0.0381433666965584	-0.0359139417	0.1064965891	0.0072907455	0.1335919999	0.1576725817	-0.1167711893	0.1325496221	-0.0858202532	0.1925693338	0.0686589492	-0.1336298643	-0.1116705736	-0.1197054268	0.1573278949	-0.2218218059	-0.1770765862	0.0829188821	0.1040526438	0.0651093978	0.0670757451	0.0562770122	0.0057692878	0.1928237721	-0.0346550732	0.0212887939	-0.116204023	-0.0968845988	0.0061996438	-0.116277645	-0.0225617144	0.0654043852	-0.0134954794	-0.0049105694	0.1372504654	-0.1064728134	-0.1528027677	-0.1120791257	0.2431558914	0.1398052338	0.0152033196	-0.01914349	0.0846423597	-0.0411032915	-0.152628104	0.0158035377	-0.1343640486	-0.0057414379	-0.1054484674	-0.066338656	0.0497035695	-0.0159823941	0.0461629731	-0.1756884525	0.1006490182	0.0270690315	0.1299459598	0.0896009849	-0.0154834012	0.0870979749	-0.0816969997	0.0428072171	-0.0731775396	0.0465725544	0.0316423068	0.0713171698	0.1618964005	0.0665332262	-0.0652866481	-0.0523750127	-0.0125091172	-0.2385897364	0.0727253953	0.1161125776	0.066049648	-0.1192484795	-0.0643388315	-0.0685920108	0.036237788	-0.1404208222	0.0	0.0176085041756834	-0.0152379561849188	0.0002321953086935	0.000310059419305	0.0173274307961861	-0.0337927347226668	0.0011419489200365	0.0003002398579966	-0.0229492839193028	0.0083646350484513	6.996711949378152e-05	0.0005266696324087	8.502468807929943e-05	2.530879306411745e-08	6.405350063623198e-16	7.229197582982163e-09	-0.0003069929421886	-6.49926164414e-05	4.224040191898938e-09	9.42446665536131e-08	0.0001610128586171	0.0001660025766805	2.592514064005024e-08	2.7556855464577488e-08	0.0
900.889876394819	-0.3984546651473692	811602.5693906723	0.1587661201777021	1032.2454797333362	-5.067211450314971	25.67663188220316	1065530.7304299057	844.4913902015953	-1.802400388917704	713165.7081246232	3.24864716197069	861.2268410568291	729.0356637572511	1.061627	15.367547	0.0934725075790582	0.0675085278088744	-0.0357394155	0.0332891557	-0.2283862675	0.0063081988	0.1367636526	0.0576031723	-0.0134301459	-0.1865338106	0.1151010083	-0.0952048107	-0.0595250144	0.1957806788	-0.0514828021	0.1152753502	-0.0882610503	-0.0118449317	0.0602746074	0.0244823429	0.0991150866	-0.0958144399	0.0379287405	0.0593271443	0.0331521258	0.0351021119	0.1401575655	-0.059137649	0.037373427	-0.0915017832	0.0063254526	-0.021100377	0.023210793	-0.0053553123	-0.2193667665	-0.0533948304	0.1661254859	-0.0121741937	-0.1303868637	0.116040825	0.041509204	0.0740514816	0.0044802328	-0.0242476335	0.0797758553	-0.0956597636	-0.0005237741	-0.0199366396	-0.0014889953	0.0570459346	-0.0104635511	-0.1066830656	0.0842644559	-0.0308990755	0.0291317283	0.0896694179	0.0334685108	0.1006547396	-0.1375129578	0.0872818291	-0.1052026108	-0.0403940531	-0.0235033983	-0.0334769259	0.0139594386	0.0712586945	0.0499944845	0.1309808596	0.1356430153	0.0041844313	-0.0870645271	0.035214013	-0.1205969526	0.0219530741	0.058077304	-0.0196016653	-0.0672616708	-0.0036189838	-0.1182476724	0.0302818103	-0.145463488	0.0	0.0176959891580139	8.748498233050045e-05	7.653622133367975e-09	0.0003131480322805	0.0813082622226062	0.0639808314264201	0.0040935467900159	0.00661103350566	-0.003645244156587	0.0193040397627158	0.0003726459511605	1.328780496113167e-05	8.503509481783544e-05	1.040673853600798e-08	1.0830020695683348e-16	7.230967350678264e-09	-0.0004909934990604	-0.0001840005568718	3.385620492913251e-08	2.41074616119575e-07	0.0001430207940756	-1.7992064541500006e-05	2.045494753801518e-08	3.2371438646550183e-10	0.0
901.1829184237156	0.2930420288965933	812130.6524586852	0.0858736306998318	1040.7055907155952	8.460110982259039	71.57347783214	1083068.126546696	845.8915608723959	1.4001706708005486	715532.5327551382	1.9604779073700584	862.6517214859691	729.0576965617971	1.151825	16.673212	0.069953341788672	0.0481012420533676	-0.1115997535	-0.0532573572	0.044984761	0.2571698838	0.0507927517	-0.0195387297	0.2448407125	-0.1037654528	0.0356355244	-0.0945567164	-0.0179392541	-0.065958739	0.0692017411	0.1822105853	-0.1042326516	0.1049786986	-0.0764560008	0.0069097666	-0.0631668885	-0.0093035572	0.0439304831	-0.0786560284	-0.0486656107	0.0723694842	0.0197757403	-0.1552007799	-0.0141123953	-0.1274495772	-0.1295820132	-0.0326616196	0.1099095796	-0.0372208469	0.1497571263	-0.1518650309	-0.1270936959	0.0387262246	-0.1792902813	0.0928316364	-0.1017010235	0.0756397338	0.0419471699	-0.0969291985	-0.0910872969	0.0475234262	0.0146954541	-0.0602159421	0.0710957875	0.0550003874	-0.0146182568	-0.0041673733	0.0940234875	-0.0146972425	-0.0704534107	0.1273302241	-0.1827938693	0.0297444101	-0.0553995365	-0.0401341382	0.0432612893	-0.161827634	0.0228609465	-0.0812944832	0.1054025634	0.025712559	-0.1792243317	0.0384190973	0.0718013485	0.0638817358	-0.0298409073	-0.1635072949	-0.0873406577	-0.0271563367	0.1710876475	0.2052025665	0.0055872816	-0.0268557857	0.081720403	0.0242802858	-0.1496313194	0.0	0.0176228647382146	-7.312441979930029e-05	5.3471807709843e-09	0.0003105653615814	0.0359818321651062	-0.0453264300575	0.0020544852617574	0.0012946922459578	-0.0164973749302532	-0.0128521307736662	0.0001651772654234	0.0002721633795893	8.49989764827514e-05	-3.611833508403888e-08	1.304534129242914e-15	7.224826003115326e-09	-0.0004050000730568	8.599342600359999e-05	7.394869315836627e-09	1.6402505917601333e-07	-4.982792339846607e-06	-0.0001480035864154	2.4828219502034027e-11	2.1905061591834572e-08	0.0
902.1829299135746	1.0000114898590482	813934.0390274419	1.0000229798501132	1038.3849065444049	-2.3206841711903508	5.3855750224134455	1078243.2141392324	845.478563855578	-0.4129970168178261	714834.0019392908	0.1705665359004237	862.3021066312336	731.0580922635288	1.277582	18.493603	0.0648858553390699	0.0311454771195736	0.015899497	0.247515576	0.0026453781	0.1199298975	-0.0004031941	-0.2077186577	0.046166807	-0.1135485002	0.0899511073	-0.0162770439	-0.0341810561	-0.0402649629	-0.1325618712	0.0461517985	-0.1706616559	0.0434346083	0.0421881941	0.1084508278	-0.091510092	-0.1311345841	0.06291157	-0.0525548176	0.1012489854	0.0124625927	0.0050851617	0.1512883195	0.0996039737	0.0947960128	0.0156629918	-0.0527730671	-0.0271528668	-0.1447108537	0.039373759	-0.1933272877	-0.0190529456	-0.2098895934	-0.0784304665	0.1457816051	0.0134945398	0.0838458111	0.0435300682	-0.099845941	-0.0092883745	-0.0032588272	0.1000686871	-0.0915930033	-0.0681709362	0.0600242179	0.0062257011	-0.1551844499	-0.099908566	0.018134151	-0.0208775791	0.0837231111	0.090463263	0.1296735534	0.1580963206	-0.0237526988	-0.0959504469	-0.1614833113	0.0208458874	0.2603194632	-0.0634153498	-0.0625654611	0.0990173935	0.06598974	-0.0277251809	0.0290293017	-0.298433596	0.0545286462	-0.1112765962	0.090826738	-0.2334880095	0.0517156829	-0.0960828553	-0.1022329632	0.0043012718	0.0182422415	-0.1528992503	0.0	0.0176995265643711	7.666182615649955e-05	5.877035589649359e-09	0.0003132732406028	0.0151672279627206	-0.0208146042023856	0.0004332477481019	0.0002300448040731	0.0037185601661349	0.0202159350963881	0.0004086840318213	1.3827689709165216e-05	0.0003570325967337	0.0002720336202509	7.400229054683732e-08	1.2747227513040886e-07	-0.0004609744673249	-5.597439426809997e-05	3.133132813680702e-09	2.124974595254753e-07	0.0001425822774239	0.0001475650697637	2.0329705835385985e-08	2.17754498143794e-08	0.0
902.1791858198816	-0.0037440936930579	813927.2833266244	1.4018237582396306e-05	1036.484218821806	-1.900687722598832	3.612613818837934	1074299.5358666496	845.0854858540711	-0.3930780015069786	714169.4784012113	0.1545103152687202	862.0142610981753	726.3113013857268	1.153267	16.694088	0.1591627421094182	0.0917702961895744	-0.0241834565	0.0288816561	-0.1687866648	0.0466220255	-0.15077033	0.0131235154	-0.0810139453	-0.0933446082	0.0279261473	0.0080497958	0.1826277486	0.1374182681	-0.0715420904	0.1353719639	0.0845925578	-0.0099862214	0.0922770734	0.0152924064	-0.063447441	-0.1542065815	-0.0355986612	0.0320985372	0.1276424842	0.2908803577	-0.0703258245	-0.1435485241	-0.0753087118	0.1132392353	-0.2442646612	-0.1096342148	-0.0322167126	0.1421125287	-0.0984242475	0.0260526815	0.1376289445	-0.0303330273	-0.1307329337	-0.0515841007	0.1235956523	0.0579911617	0.0098952267	-0.0455108678	-0.0335049355	-0.0054186288	-0.1112820291	-0.1867841332	0.0183312042	0.0631997569	0.1227594189	-0.0236085296	0.1952861686	-0.1852374377	-0.0682071264	0.0861357671	0.1708805399	0.0833489721	-0.103165648	0.1174197388	-0.1235673299	-0.2707375805	-0.0067389766	0.5090479441	-0.3152783602	-0.0140452752	0.120717459	-0.3333348355	0.1546293054	0.0399559522	-0.0149421284	-0.0626895623	0.1469198389	0.0918282866	-0.128546682	-0.0840664024	0.046622754	0.0755656197	-0.0413149089	0.0121767591	-0.1552476272	0.0	-0.0041042672702218	-0.0218037938345928	0.0004754054255814	1.6845009825413905e-05	0.0953976964632374	0.0802304685005168	0.0064369280758124	0.0091007204904919	0.0133572641091319	0.009638703942997	9.290461370074592e-05	0.0001784165044811	0.0011039979917894	0.0007469653950557	5.57957301410718e-07	1.218811565875028e-06	-0.0004050029542874	5.59715130375e-05	3.132810271707032e-09	1.640273929815218e-07	-4.276331109131647e-06	-0.000146858608533	1.8287007754927097e-11	2.156745090025824e-08	0.0
901.8132700874196	-0.3659157324619855	813267.1741057652	0.1338943232631913	1038.5448475258024	2.060628703996372	4.246190655733766	1078575.400322392	845.9497779543861	0.8642921003150832	715631.0268210752	0.7470008346670578	862.1688072686503	729.0597413954987	1.337468	19.360477	0.1529973015136679	0.0766218898276052	-0.0921040063	0.0147400318	0.0778296271	0.1719396483	-0.0001189948	-0.1170022563	0.1527688446	-0.0277256255	-0.1046499017	-0.0380873543	-0.1303455091	-0.1360604001	0.0122192454	0.1352642009	-0.0809576176	0.1926047002	-0.0236645542	0.0009882484	-0.0713087968	-0.1614484428	0.0220468582	0.0513366628	-0.1265510493	0.0882050143	0.1253096871	-0.1518535865	0.0557983874	0.0589452816	-0.0243036036	-0.024079502	-0.0386968876	0.190075619	0.0412653443	0.2265216335	-0.1502598964	-0.0446422029	-0.1239771107	0.0307038837	-0.1878168305	0.0674261696	-0.0020408086	-0.2456537211	0.148061141	0.0510458481	-0.0375070686	0.0099886731	0.0046888985	-0.0191574984	-0.1143154447	-0.0089995012	0.2348672709	-0.0084797107	-0.0841663211	0.1198104788	-0.1631304684	0.0137592511	0.0173047297	-0.0881738119	-0.0562090027	-0.1934620443	-0.0792127153	-0.0076168874	0.0438848134	-0.1205491381	-0.1173852271	-0.1161149353	0.2095250291	-0.0710587971	-0.1255332724	0.0407971241	0.1863890857	-0.1719630508	0.153774628	0.2526656638	0.1875719858	-0.0021590941	0.1583735766	0.0060929618	-0.1566623266	0.0	0.0205395173783671	0.0246437846485889	0.000607316121806	0.0004218717741362	0.0348647306659586	-0.0605329657972788	0.0036642399482145	0.0012155494444098	-0.013582174347249	-0.0269394384563809	0.0007257333443451	0.000184475459999	0.0003889983421319	-0.0007149996496574	5.112244990103476e-07	1.5131971018136676e-07	-0.0005070004791427	-0.0001019975248553	1.0403495076607542e-08	2.5704948585092737e-07	-4.901408824717948e-06	-6.250777155863009e-07	2.402380846702297e-11	3.907221505225884e-13	0.0
904.319620534842	2.506350447422392	817793.9760842806	6.281792565294424	1035.0417236627318	-3.503123863070641	12.271876800014972	1071311.3697227188	847.8430434718276	1.8932655174414776	718837.8263635713	3.584454319532946	863.6163672724034	728.9381443231638	1.324699	19.175644	0.0524173376628177	0.0264405490082051	-0.0361623364	0.1875684744	0.040802115	0.0417084347	-0.2185755713	-0.2068087957	-0.0795119655	-0.1198433088	-0.028170552	0.009814362	0.0817845886	-0.1324791618	-0.1971948219	0.0017377138	0.1895303102	0.0458013908	0.0256959171	-0.0180635929	-0.1359711372	0.1860088079	0.3112015983	0.0378508107	0.147312361	0.0332115951	-0.1273812716	0.219644582	0.0050519408	0.0013166721	0.0894160908	0.1009932782	0.0009208413	0.1065496458	0.0922208382	0.1207110547	-0.060026037	-0.2253423903	-0.0491419435	-0.2080022625	0.0723744006	0.0373590217	-0.0287095669	0.2052994343	-0.0372834363	0.0998068205	0.2240642067	0.0869014499	0.0192129489	0.2411729771	-0.0569069444	0.072987128	-0.0173172474	-0.245143089	-0.0731135426	0.1194407132	0.1135946979	0.1009469477	0.1525992736	-0.0250815174	0.0127408791	-0.0643022549	0.0784744219	0.21428884	-0.0265048815	0.0332711717	-0.2118281602	-0.0190950401	-0.152488905	-0.0053855643	0.1605729164	-0.0673553963	-0.0163558566	0.0521138061	0.0045047368	-0.0411948006	0.0617068501	-0.1502922848	0.1147282056	0.0	-0.1571348403	0.0	0.0137199729527566	-0.0068195444256105	4.650618617287527e-05	0.0001882376578243	0.0158650218658209	-0.0189997088001376	0.00036098893449	0.0002516989188029	-0.0136353273374112	-5.315299016220125e-05	2.825240363183063e-09	0.0001859221515983	8.502431730206997e-05	-0.0003039740248298	9.240020777124613e-08	7.229134532683075e-09	-0.0004049944379069	0.0001020060412357	1.040523244859972e-08	1.640204947355259e-07	0.0001200171540478	0.0001249185628725	1.4404117265733357e-08	1.560464735013522e-08	0.0
907.5449255266534	3.225304991811413	823637.7918491788	10.402592290203618	1032.0128435621075	-3.028880100624292	9.17411466395782	1065050.509277147	846.9413045958761	-0.901738875951537	717309.5734305646	0.8131330004023415	861.5973547129364	753.1060683268298	1.287171	18.632414	0.0886432749680864	0.0663494484304427	-0.084233095	0.0933949917	-0.0169860848	-0.2148065795	-0.1047976961	-0.0147292182	-0.2224646593	0.0342231588	-0.2774992892	0.1047624377	0.1525564466	0.0333341176	-0.0917095008	-0.0100707637	0.1500842992	0.0003635582	-0.2959705853	-0.2082279779	0.0857833269	-0.2702420412	0.1687136083	0.2479743343	-0.1037563682	0.1578596402	-0.2098362149	-0.0852787663	-0.1099630626	-0.1155958758	0.0104875041	0.1324575373	-0.0171090809	-0.0129077705	0.0208069813	0.062137318	0.104976621	-0.0165481655	0.0350216911	-0.2086381743	-0.149652849	-0.1918105137	-0.2385290089	-0.1467425718	-0.1312704222	-0.0491440649	-0.2433837589	-0.0739785026	-0.048342518	0.3779725402	-0.0982682968	0.1926167526	0.2479160566	0.1311787755	0.1340229097	0.0928979731	0.0454668295	-0.096421836	0.0139606004	-0.0838759066	-0.1586961586	0.1545948779	-0.0157802367	-0.0661942476	0.03088463	-0.1245015239	-0.0711961467	-0.0946976568	0.0288212175	0.0882708213	0.278466854	-0.0383699605	0.1259518442	-0.1590684775	-0.2613941246	-0.0076133178	0.0418844069	0.2397247538	-0.1121596693	-0.0060929618	-0.1566623266	0.0	-0.0081931196457389	-0.0219130925984955	0.0004801836272302	6.712720952939272e-05	0.0784730649311455	0.0626080430653246	0.0039197670564695	0.0061580219196877	-0.0135637132744648	7.161406294640092e-05	5.1285740116910745e-09	0.0001839743177918	8.503262622596923e-05	8.308923899255768e-09	6.903821636362368e-17	7.230547522885389e-09	-0.0004659939720457	-6.099953413879998e-05	3.7209431651506235e-09	2.1715038198292865e-07	0.0001400198158115	2.0002661763699997e-05	1.9605548819886384e-08	4.0010647763298567e-10	0.0
906.1671012746197	-1.3778242520337471	821138.8154324468	1.8983996694923548	1036.7873238956226	4.774480333515157	22.795662455123008	1074927.9549906468	847.57324610001	0.6319415041339198	718380.4075045082	0.399350064647041	864.0896014070747	750.1252417166351	1.480946	21.437401	0.2047468874035484	0.1103978406314362	-0.3153841926	-0.0579147389	0.0461657428	-0.1337637928	0.0094041209	0.1086369044	0.1282803311	-0.205810018	-0.3090273138	0.1888808517	-0.1187998741	-0.1028017519	-0.0176054001	0.1686572056	0.0343264855	-0.1032231188	-0.2934591942	-0.3186638448	0.0155667737	-0.1527623298	-0.0504355985	-0.0705446192	0.0555671178	-0.2495649439	0.0468937282	0.2147335704	0.0112050899	0.0023486419	-0.2003093561	-0.3388634824	0.1194378017	0.012805013	0.1426762542	-0.14129958	-0.0774204426	0.0106751097	-0.1765914793	0.0879173644	-0.1169297488	-0.4451822109	-0.2052530506	-0.0184856457	0.0231049642	0.0458437328	0.28864163	0.2137773668	0.0835351261	0.0061006499	0.186423988	-0.0415977266	-0.0955264297	0.0247068435	-0.0445329065	0.2253873938	0.1746669558	-0.2811887049	-0.0367728988	-0.3558126718	0.0178827845	-0.080242332	-0.1492248323	-0.0506987622	0.3223907136	-0.0357917392	0.207103594	-0.1555596481	-0.1414871595	-0.3033028681	0.0158570728	0.1341951815	0.0630585147	-0.0443838126	-0.1826756641	0.1805252337	-0.0861303046	0.136512181	-0.1039515428	-0.0121767591	-0.1552476272	0.0	-0.0260240605216353	-0.0178309408758964	0.0003179424525197	0.0006772517260337	0.0201672741791298	-0.0583057907520157	0.0033995652352178	0.0004067189478161	-0.0900179340935523	-0.0764542208190875	0.0058452478810537	0.0081032284584711	8.510975799054537e-05	7.71317645761443e-08	5.949309106629747e-15	7.2436709052092025e-09	-0.0015029917533455	-0.0010369977812998	1.075364398420708e-06	2.2589842106245805e-06	0.0001460636018781	6.043786066600005e-06	2.1334575793604096e-08	3.652735001882836e-11	0.0
905.1195913497276	-1.047509924892097	819241.4746450979	1.0972770427474463	1037.1284971050188	0.3411732093961745	0.1163991588096859	1075635.519507315	848.0667044543998	0.4934583543897588	719217.1352041463	0.2435011475170488	864.1776444250341	736.9366539495361	1.23948	17.942064	0.1944391402174072	0.1133193105127514	-0.1983637399	0.0193822883	-0.0901588138	-0.0668807315	-0.0519494462	0.053837973	0.0709382906	-0.1021616155	0.0399289006	0.2014913661	0.1594886593	-0.0153628839	-0.0061655739	0.1845149996	0.2662938441	-0.3454195056	-0.0177794174	-0.1293349428	0.0109539878	0.1878113196	0.0422453119	-0.2655509537	-0.1697641183	0.1176341857	0.0069084792	0.0042068987	0.1113427449	-0.0304445817	0.0171960832	0.0990320061	-0.1918859086	-0.2298844239	0.1826895517	-0.0953914102	-0.0179947579	0.0329526049	-0.1781754651	-0.0819174403	0.2587765394	-0.2015362878	-0.1131345081	0.16146034	-0.2407546653	0.0647654988	-0.1406873934	0.1750663414	0.1519286823	-0.2098028363	-0.0850954187	-0.098183748	0.1990377394	-0.0046972683	0.173191697	0.1879569981	0.1499607278	-0.2324829967	-0.1296191544	-0.0136094501	-0.0924537205	0.0405993468	0.0175548417	0.0972289182	0.3793138258	0.1084319863	-0.0936932539	-0.0259297067	-0.1473566998	0.1822254784	0.1057535494	0.1179071882	-0.1267163099	0.1451685782	0.145433875	-0.1207938983	0.1123169271	-0.0977935192	0.0576317064	-0.0182422415	-0.1528992503	0.0	-0.0257919297604587	0.0002321307611765	5.388469028442677e-08	0.0006652236407684	0.0935398171000798	0.07337254292095	0.0053835300546866	0.0087496973831163	-0.0158080745734139	0.0742098595201384	0.0055071032499986	0.0002498952217186	-0.0004027509887827	-0.0004878607467732	2.3800810824214866e-07	1.6220835896544256e-07	-0.0018200536709587	-0.0003170619176131	1.0052825960055953e-07	3.3125953651702395e-06	0.0002736330777945	0.0001275694759164	7.48750612632909e-08	1.6273971185584966e-08	0.0
903.7023013570888	-1.4172899926387572	816677.8494780986	2.0087109232339686	1037.8056259155271	0.6771288105082931	0.4585034260203759	1077040.517181919	845.4911964256447	-2.5755080287550527	714855.3632332681	6.633241606181738	861.7628782013784	734.8566950679434	1.148201	16.620747	0.2096581614410778	0.1046381498170675	-0.1583647246	-0.0632463072	-0.0341937114	-0.0120471679	0.0065365264	0.092372695	0.1129978268	-0.0702499913	-0.1707014824	0.0054871064	-0.0544227368	0.0334676578	0.1003834863	0.0516388817	-0.0222013789	0.1093595276	-0.0449298244	-0.3032697249	-0.0083617341	0.0042395523	0.0324147423	-0.1895801388	-0.1433376924	0.1867902875	0.2508097234	0.25567241	0.0183088505	0.1485215152	0.0977475253	0.0431469969	-0.014039151	0.1728662278	-0.3047708848	-0.0267335984	2.40875e-05	0.1074484672	-0.0978267154	-0.0208066529	-0.1810142292	-0.1962818257	0.1424458469	0.0756321961	0.0678006428	-0.0031445527	-0.004448365	0.1527385187	0.1256114067	0.1029277386	-0.1789512398	-0.2618922637	0.0188707842	-0.1398617917	0.1783493345	0.1279240013	-0.020793111	-0.2078008023	0.0401025794	-0.0905256848	0.0034096066	0.1378463012	-0.2544994937	0.1937742908	0.0262689781	0.0690792866	0.1128327583	0.2031497649	-0.0182860304	0.1113136506	-0.0357831628	0.0217904657	-0.0984146361	-0.0550219517	0.1200828592	-0.205902167	0.0650695916	-0.0347100885	0.1861967062	-0.0242802858	-0.1496313194	0.0	0.0038654348781079	0.0296573646385666	0.0008795592773049	1.4941586796893036e-05	0.0057605017271669	-0.0877793153729129	0.0077052082073373	3.318338014869284e-05	0.0181873784144244	0.0339954529878383	0.0011556908238483	0.0003307807335894	0.0001757074644128	0.0005784584531955	3.346141820733305e-07	3.087311305037538e-08	-0.0012829710726127	0.0005370825983459	2.884577174460906e-07	1.646014773160982e-06	0.0003226125950882	4.89795172937e-05	1.040788865095429e-07	2.398993114323857e-09	0.0
904.6444487044796	0.9421473473908007	818381.5785718318	0.8876416241955224	1036.902354670506	-0.9032712450211876	0.8158989420821261	1075166.4931212396	847.0813193865868	1.5901229609420398	717546.7616537206	2.52849103091508	863.3378186953499	734.9556687987033	1.253883	18.150555	0.213497157237699	0.121725891717071	-0.0193846607	-0.1389972466	0.0556933197	-0.000105211	-0.1108771497	0.104407988	0.085463419	0.137832393	0.1797855888	0.1954331829	0.2353859606	-0.0762600223	0.1593387044	-0.0707694708	0.2716943204	-0.0234000165	0.2971196877	-0.0480761917	0.0770675976	0.0845996745	-0.067041943	0.033400335	-0.0593779779	0.1724413187	-0.0359206219	0.0991366983	-0.1095946141	-0.2644675514	-0.0657201956	-0.1858710015	0.0534989689	-0.0820929569	-0.0997242649	0.0420570544	-0.1178941716	0.1503216333	0.0454322393	-0.2294109742	0.2716663494	-0.0363960845	0.2042920198	0.2269681849	-0.005689079	-0.0083652709	-0.0123200074	-0.0645495124	-0.0035007759	0.1118541727	0.2115541495	-0.1923670185	0.0282599687	0.1814580284	0.0438342562	0.0072723358	0.0736778995	-0.2024913199	0.020290371	0.1833300046	0.2435355709	-0.0335769233	0.1020049116	-0.0075791857	-0.1061918994	0.2111822753	-0.0407010443	0.1232636549	-0.146943975	0.0183156157	0.0586543277	0.0391208528	-0.0297588132	-0.1319153582	-0.0868500493	-0.1612662291	-0.0286813079	0.1624440497	-0.0728105175	-0.0302818103	-0.145463488	0.0	0.0015147958131365	-0.0023506390649713	5.525504013769616e-06	2.29460635549587e-06	0.0625164213774098	0.0567559196502429	0.0032212344153448	0.0039083029418378	0.119687471679299	0.1015000932648746	0.0103022689327782	0.0143250908769829	0.0002169982303198	4.129076590699999e-05	1.7049273491866726e-09	4.7088231961924975e-08	-0.0005939999243766	0.0006889711482361	4.746812431017702e-07	3.5283591015940653e-07	-4.935595920903965e-06	-0.0003275481910091	2.4360107094443855e-11	1.0728781743333647e-07	0.0
904.2437370621678	-0.4007116423117622	817656.7360161549	0.1605698202841897	1033.6851588230506	-3.217195847455286	10.35034912088354	1068505.0075710355	845.743374697812	-1.337944688774769	715281.8558452436	1.7900959902206135	861.1382803663114	739.7713110824662	1.346016	19.484222	0.1121084748828134	0.0563820151681096	0.0899122682	0.1161351704	0.1425419086	-0.0157552832	0.0260189322	-0.1046398891	-0.0612705784	0.1211998949	-0.1117013316	0.1453129061	-0.0907313495	-0.0019298338	-0.0618841422	-0.2693908244	-0.0007410025	0.1953010492	0.2025547876	-0.1624401595	-0.0408188927	-0.0436152683	-0.0967144504	0.2172796333	-0.0611765992	0.0407600517	0.0406180074	0.0229973772	0.0015504812	-0.036159629	-0.0103047082	0.0654483318	-0.1825551773	-0.0566212936	0.0851805296	-0.1447323733	0.0178859972	-0.086767792	0.1996991715	-0.1174819192	-0.107177786	-0.1142996125	0.3186317645	0.007986055	0.3077692991	0.029760475	0.0054115392	-0.069832849	-0.1566219858	-0.1315094418	0.0382904088	-0.0037660525	0.1689697657	0.0205534581	0.0910408833	-0.0629187592	-0.0552058225	-0.1984629083	0.1445453456	0.3186903778	-0.1260352829	-0.0605870056	0.053178383	-0.1505203234	0.0248597961	-0.1086261498	0.0570057629	0.143628903	0.0748115615	-0.2070147432	-0.0138767351	0.1195708056	0.0864869303	-0.057145612	-0.1607813879	-0.0407585903	-0.111960744	-0.0246383934	0.17848076	-0.036237788	-0.1404208222	0.0	-0.0135357865367637	-0.0150505823499002	0.0002265200290711	0.0001832175171688	0.0906706554811194	0.0281542341037095	0.0007926608979664	0.0082211677653758	0.1660093370716566	0.0463218653923576	0.0021457152134276	0.0275590999949709	0.000667998630243	0.0004510003999232	2.0340136073088638e-07	4.462221700065242e-07	-0.0005940013657486	-1.4413719999451999e-09	2.077553242226025e-18	3.52837622511202e-07	-4.3015764791835744e-06	6.340194417203904e-07	1.850356020626536e-11	4.019806524794355e-13	0.0
902.5080663058444	-1.7356707563234297	814520.8097471144	3.0125529743563457	1031.216412114162	-2.4687467088886024	6.0947103126483055	1063407.2886136053	844.9994761504771	-0.7438985473348794	714024.1146945808	0.5533850487269437	861.3725485006404	732.667663905649	1.250261	18.09812	0.1062061309381213	0.0822076969576498	0.0129147695	-0.0158029759	-0.1137883161	-0.0438912122	-0.1681127955	0.0689254494	-0.0672394083	-0.0337634633	0.0171598639	0.0886258336	0.0650275582	0.1467946272	0.0224393772	-0.1108422634	0.060509242	0.1615818751	0.1232056409	-0.0463433429	0.0499461014	0.0327024213	0.0337137007	-0.2789027279	-0.0687656037	-0.1266973102	-0.1566435242	0.0526612961	0.018344045	0.0011600494	-0.1641768772	0.1144557008	0.0087896336	0.1039110783	0.0622628218	-0.126058871	0.1479735052	0.027828858	0.0617101874	-0.1024225712	0.0248369014	0.0460750946	0.2141378331	0.0152661693	0.0029087459	-0.0850518203	0.1134643175	0.0834590585	0.2287496285	-0.0169022358	0.1931116735	0.0148285122	0.0664007361	-0.0366715185	-0.0623736525	-0.0135566054	0.115158756	-0.082934601	0.0379362005	0.2145831146	-0.0036013776	-0.0706293228	-0.2017323189	-0.1373268549	-0.1689647325	0.257547355	-0.0898256682	-0.0322197506	-0.0879095287	-0.0468002641	0.0393158923	-0.0319370146	0.0482370745	-0.0719637624	0.1952648375	0.0701858472	-0.0004908866	-0.0309704904	0.1833862016	-0.0421392607	-0.134533649	0.0	-0.0138185192129185	-0.0002827326761547	7.993776616565481e-08	0.0001909514732377	0.0116115157209435	-0.0790591397601759	0.006250347579619	0.0001348272973377	0.166141159792744	0.0001318227210873	1.7377229794883264e-08	0.027602884977278	0.000743999981374	7.600135113100006e-05	5.776205373737563e-09	5.535359722845125e-07	-0.00013600184139	0.0004579995243585	2.097635643127038e-07	1.8496500861470723e-08	-4.949416603648304e-06	-6.4784012446473e-07	2.449672471646952e-11	4.196968268664768e-13	0.0
903.4372250820009	0.9291587761564416	816198.8196638658	0.8633360313085361	1036.1642432119331	4.947831097771086	24.48103257207063	1073636.338910958	846.7149774155695	1.7155012650923709	716926.2529798483	2.942944590533525	862.8606849816608	731.3647597408782	1.157864	16.760626	0.1399864615144411	0.0869130545030132	-0.0181377795	-0.1612451945	0.0420649571	0.0268513931	0.0617684564	0.1039211624	0.0535498569	0.1156802714	0.0476443173	0.0963046864	0.1961532298	-0.0290635742	0.0923166367	-0.0771811445	0.1473692923	0.0180259226	0.2189083164	-0.1023593572	0.0244330636	-0.1402135611	-0.1220905136	0.1411093392	0.0621787828	-0.2423162587	-0.2234754899	0.0002082042	-0.0326876916	-0.0301362115	0.0155358316	0.0028955061	0.0902837778	0.0335832754	0.0889206054	0.1194348855	-0.0431981269	0.1287465548	0.0214780512	-0.1531936257	0.1573330445	-0.0561068302	0.1357492635	-0.1212171485	0.1824804123	0.0080490696	-0.053009558	0.0017016939	-0.0205607031	0.0829319966	0.1561634859	0.2871951256	-0.1666190299	0.0716348781	0.0156538845	-0.0217352535	0.0553523946	-0.1930240249	-0.0491663994	0.2145221184	0.2031653284	-0.0274121115	0.1364629971	-0.0837320146	-0.1421885372	-0.0953334789	-0.1150910171	-0.0023414758	0.0074190194	0.0046126253	-0.0600335672	-0.0241721645	0.0697339541	-0.1793327327	-0.0987688709	0.1297801677	-0.0975151942	0.0010038398	0.0712997783	-0.0479773519	-0.1278373746	0.0	0.0076191389353823	0.0214376581483008	0.0004595731868834	5.805127811665853e-05	0.0918437553365691	0.0802322396156256	0.0064372122737391	0.0084352753943235	0.1405983810510491	-0.0255427787416948	0.0006524335458471	0.019767904754176	0.0006380083146012	-0.0001059916667728	1.1234233425276277e-08	4.070546095002638e-07	-0.000196973657865	-6.097181647499999e-05	3.7175624042610796e-09	3.8798621892718083e-08	8.356280032494913e-05	8.851221692859744e-05	6.982741598147319e-09	7.83441254561509e-09	0.0
903.570783267255	0.1335581852541736	816440.1603742008	0.0178377888483881	1035.3880872539446	-0.7761559579885215	0.6024180711210796	1072028.491227382	847.4151198736159	0.7001424580464573	718112.3853904149	0.4901994615593351	863.4270712945206	736.0790138374601	1.335904	19.337849	0.1169387716474606	0.0576336961995729	-0.0250808704	0.1432935215	0.1453926053	0.1162403263	0.0905922814	-0.1365835544	0.0533354775	0.0047662732	-0.0338241774	-0.0475714114	-0.1615694831	-0.1711737988	-0.1113305148	-0.0093988092	-0.0581332657	0.0882624917	0.0300027365	-0.0946993123	-0.060996942	0.0698836437	-0.1729657144	0.0386372136	-0.1522063948	-0.141228945	-0.1016166176	-0.1095901287	-0.0546529546	-0.0043916558	0.1623070008	-0.0334077652	-0.0472039362	0.1929244732	-0.0147890111	-0.1081794508	-0.1371904153	-0.1627553752	0.011247278	-0.0077638031	-0.1132418907	-0.0322632484	0.1143770777	0.1017517453	0.0598953409	0.1113248117	-0.1206079781	0.0935987747	0.0303573878	-0.08857615	0.1209630301	0.1850632772	-0.073275272	0.0529556237	0.0027248742	-0.0064997112	-0.1799367058	-0.1164157339	0.2020813171	0.1336769292	-0.1080305864	0.1196670355	0.0327358266	0.0299062233	-0.0327788598	0.0323205308	-0.1172043703	-0.1162118032	-0.0484846804	-0.2241124658	-0.1533968588	0.0573621141	0.0144530133	0.0357651155	0.1348516844	-0.0331899139	-0.1974770662	-0.031924506	-0.0907099863	-0.0537432806	-0.1203722712	0.0	-0.0109741441159485	-0.0185932830513308	0.0003457101746269	0.0001204318390776	0.0515658647637593	-0.0402778905728098	0.0016223084689952	0.0026590384088343	0.1306129134595437	-0.0099854675915053	9.970956302100462e-05	0.0170597331623902	0.0004300014470721	-0.0002080068675291	4.3266856939268575e-08	1.849012444841e-07	0.0004679986642364	0.0006649723221014	4.421881891609281e-07	2.1902274972705465e-07	-5.100618680844147e-06	-8.866341900579328e-05	2.6016310927376286e-11	7.861201869796865e-09	0.0
904.3860563751672	0.8152731079121622	817914.1389658271	0.6646702404847561	1030.1484131158568	-5.239674138087821	27.454185073346352	1061205.753045118	846.1551705740549	-1.2599492995610715	715978.5726892079	1.5874722374644352	862.2280644673333	740.483517934354	1.210724	17.525805	0.1442931231785233	0.0703521479004684	-0.0047799365	0.1456156475	-0.04216515	-0.0646468584	-0.1087337859	-0.0677574638	-0.1693471586	-0.0932993162	-0.0322290603	0.072541536	-0.0875094112	0.0526419431	-0.1579897044	-0.0913242386	0.0665765776	-0.0065918797	0.1398685272	-0.1163649685	-0.0937350485	0.1326849786	0.0738406663	0.093185702	0.1984209032	-0.0319625685	-0.0390794076	-0.1598267425	0.1449708706	0.0786739996	0.1033599627	0.0341205196	0.1426432007	0.2353706891	0.0526633692	-0.0707189272	0.1174243806	-0.1416824467	0.0419458954	-0.0867638888	0.0431198606	-0.069493616	0.1313855015	0.0210181348	-0.0838674194	0.009069083	-0.045638416	0.0717122913	-0.0348106419	0.1170784768	-0.0751358379	0.2792043671	-0.2047063153	-0.2290286185	-0.1879748194	-0.0084282619	0.152705981	-0.0979385406	0.178095745	0.0388535423	-0.0159100589	0.3024296918	-0.0605705245	0.0719517464	-0.1442903821	-0.0674295301	-0.0947614009	-0.0550859097	-0.0066362934	-0.0451234843	-0.0189008007	-0.4018370257	-0.1589356463	-0.0260759728	0.2347618408	0.1726561515	0.0883016536	0.0126142161	-0.2509231731	-0.0594283743	-0.1121832348	0.0	-0.0343611178560223	-0.0233869737400738	0.0005469505407189	0.0011806864203154	0.0082618633344964	-0.0433040014292629	0.0018752365397856	6.825838575789599e-05	0.1083158783164321	-0.0222970351431116	0.0004971577761731	0.0117323294954601	0.0010599974610403	0.0006299960139681	3.968949776158204e-07	1.1235946174118822e-06	-8.002649660054928e-06	-0.0004760013138964	2.265772508311514e-07	6.404240158157725e-11	-4.9956892239983374e-06	1.0492945684580959e-07	2.495691082277311e-11	1.1010190913956614e-14	0.0
905.0125844688156	0.6265280936484032	819047.7780469251	0.3925374521307023	1029.4181563433478	-0.7302567725089375	0.5332749537951701	1059701.740609337	845.5662163154228	-0.5889542586320431	714982.2261739804	0.3468671187608195	860.978273412029	733.404593108663	1.127267	16.317719	0.1964836784752036	0.1145487675001245	0.0689649138	-0.0257949551	-0.0841743668	-0.1614314254	-0.1202880386	0.1182661074	-0.206983757	0.0925625686	-0.0449352518	-0.0281247022	0.115958626	0.1696607665	0.0309478133	-0.1251622658	0.1736769351	0.0633669876	0.106613637	-0.0658859749	-0.0108779337	0.1462859512	-0.1350626458	0.0336714574	0.0782031814	-0.0126190225	0.2188175541	-0.2227961462	0.066421672	0.0209244774	-0.1500517324	0.2129930503	0.1433459057	-0.1881035694	-0.072334407	0.1104080198	0.1766443916	0.1160361977	0.1210188599	-0.2338642651	-0.0028798592	0.005937062	0.0818577437	0.0076909577	0.0230934396	-0.0510157211	-0.220577072	-0.0472367027	0.0872342448	-0.163711172	-0.1759474162	0.0084841608	0.0507601887	0.0720221509	-0.27289689	-0.1127178338	0.0732460208	-0.119642256	-0.0315718288	0.1402699238	-0.1099900835	0.2675933235	-0.0037681901	-0.0824931853	-0.0352602841	0.0423185778	-0.0149190725	-0.0841580013	0.0961536803	0.1261268949	-0.1855946272	0.1761363251	-0.0824766821	-0.0768689698	-0.1178720948	-0.0486731719	0.1030284042	-0.0595699657	-0.2849796885	-0.0650240821	-0.1033195152	0.0	-0.0271284654466512	0.007232652409371	5.231126087478156e-05	0.0007359536374901	0.0882928751805991	0.0800310118461027	0.006404962857111	0.0077956318076568	0.1886434551655043	0.0803275768490722	0.0064525196024436	0.0355863531767796	0.0011399726880907	7.997522705040011e-05	6.396036941763049e-09	1.2995377295927365e-06	0.0003520754610077	0.0003600781106677	1.2965624578205998e-07	1.239571302437845e-07	0.000132799720471	0.0001377954096949	1.7635765757175743e-08	1.8987574933012444e-08	0.0
904.2448798696294	-0.7677045991862315	817658.8027704405	0.5893703516116923	1032.9822478948854	3.564091551537558	12.702748587741398	1067052.3244659705	844.9689574341674	-0.5972588812554704	713972.5390273837	0.3567181712385361	861.3496971807216	739.5492273359932	1.129807	16.354496	0.0894272339603324	0.0503425025809569	-0.0423562799	-0.1238615321	0.0979987995	-0.0599622399	-0.0456282539	0.1323110999	0.0048783145	0.0964256014	-0.1939123899	-0.0624416157	-0.0528379032	0.0920397085	0.1687628536	-0.1012498714	-0.0151702579	0.2830207866	0.0299662375	-0.0883232251	0.0509261477	-0.0325301562	-0.2003681322	-0.1584959846	-0.0180277207	-0.200566213	0.0962392274	0.0343448889	-0.1838561575	0.0821523227	0.0457494378	-0.0354828406	0.005126312	-0.0227745988	0.1151903582	0.1683088239	0.0574791381	0.1742378815	0.0674436094	-0.0902553564	-0.2090576759	0.0008243911	0.1736189631	-0.153582275	0.1725651044	-0.0565726266	-0.003832602	-0.0021600623	0.0983706431	-0.1623948037	0.0239507154	-0.0674430039	-0.2675678679	-0.0821870673	0.0914030165	-0.0620603109	-0.1171317094	-0.2173482996	0.0495028947	0.0960973218	0.0860690187	0.1613516143	-0.1099873255	-0.0073886498	-0.1442993518	-0.1664770379	0.0122821631	0.0154455259	0.0560977862	0.0581604484	-0.0821356436	0.0541384273	0.0792109538	0.1029294239	-0.0359569901	0.0219397193	0.0420603374	-0.1778264256	0.1264882421	-0.0705219875	-0.0938344199	0.0	-0.013790703912889	0.0133377615337622	0.0001778958827315	0.0001901835144129	0.0427142184251607	-0.0455786567554384	0.00207741395163	0.0018245044556723	0.1710557164712725	-0.0175877386942318	0.0003093285523765	0.0292600581375003	0.0009579789417245	-0.0001819937463662	3.3121723716404755e-08	9.177236527875928e-07	0.0004020509201196	4.997545911190004e-05	2.497546513445192e-09	1.61644942369017e-07	0.0001063073864111	-2.649233405990001e-05	1.1301260405558928e-08	7.018437639413381e-10	0.0
905.6671302673402	1.4222503977108545	820232.9508466794	2.022796193788684	1033.7654128729127	0.7831649780273438	0.6133473828085698	1068670.9288523037	847.7638478668142	2.7948904326468664	718703.5417499469	7.811412530500988	862.1063582215265	740.5757431943331	1.54877	22.419186	0.2364394223965747	0.1049125243773096	0.2179973631	-0.0727192913	0.2281839636	-0.1650142631	-0.0729737877	-0.0280657547	-0.0333394613	0.2873908364	0.0296912889	0.066708374	0.0361290613	-0.155129042	0.0733610577	-0.2788973868	0.0954097011	-0.1138664929	-0.0851763612	0.1195617304	-0.1200534075	0.1830051287	-0.0054796858	-0.2440481935	0.1773886959	0.2356755551	0.0830671017	-0.1363413077	-0.0367059587	-0.0010037322	0.1486977446	-0.1663418699	0.2188035408	0.0691704176	0.0404411499	0.0258151654	-0.1399441387	0.045934135	0.3169433039	-0.0498724194	0.0976536788	0.0027632481	-0.0811639056	0.1242582472	-0.2487896268	0.0408430256	-0.0793232409	-0.2416194355	0.0297496032	-0.0730241388	-0.1130588043	-0.2438619588	-0.2201979453	-0.1840856814	-0.1576025874	-0.3029361759	0.0543530332	-0.0350032632	0.1094873017	-0.178691844	0.0658497752	0.1236980434	0.2809888355	0.0907765867	0.082299816	0.5405072796	0.1831371619	0.0738429065	0.1914960677	0.121871986	-0.0550657139	0.0251066114	0.3246569322	0.1566511403	0.0358022668	0.3137773975	0.0297247012	0.140104026	0.1292564269	-0.0759138211	-0.0837849934	0.0	-0.0420680151734558	-0.0282773112605667	0.0007996063321269	0.0017697179006341	0.0226940559023915	-0.0200201625227691	0.000400806907438	0.0005150201733008	0.2473929586309395	0.076337242159667	0.0058273745405436	0.0612032759801697	0.0023700058772828	0.0014120269355583	1.993820066742163e-06	5.616927858355014e-06	0.0011119928616856	0.000709941941566	5.040175603945018e-07	1.23652812443973e-06	-7.817865536034144e-06	-0.0001141252519471	6.111902153951044e-11	1.3024573131996844e-08	1.0
905.8977372817856	0.2306070144453542	820650.710412259	0.0531795951113998	1026.2396651623296	-7.5257477105831185	56.63687860334705	1053167.8503524903	846.6977481441897	-1.0660997226244715	716897.0767124417	1.1365686185799757	861.4487222599763	741.3642924567098	1.412207	20.442366	0.201727517683907	0.1220850254003016	0.2647564921	-0.1184725335	-0.0002208787	-0.2942082606	-0.0594491885	-0.0005547145	-0.26820102	0.0737710271	-0.0822798219	0.1095004485	-0.082415361	0.0974697302	0.0007800613	-0.2874291978	0.1196712102	-0.0616880515	-0.3733738429	0.0910921423	-0.0584696638	-0.1472943542	0.1040495314	-0.0544457968	0.1748455339	-0.1067307674	0.1025860801	-0.021731993	0.1514399119	-0.1193541293	-0.132648162	-0.0018111302	0.079323492	-0.0847859954	-0.2356065266	-0.0378565926	0.1203952835	0.027779832	0.2814393947	-0.0879958926	-0.0763095525	-0.0678869715	-0.2854874855	-0.1137742045	-0.0285210917	0.1395757362	0.349281183	-0.0637461811	0.0833455175	0.0945730949	-0.0574927948	-0.1634677289	0.0281284934	0.1497267823	-0.1876666281	-0.3193928078	0.099242545	0.0522143163	-0.14542797	-0.465182822	-0.2687589176	-0.0165370682	0.0599687002	-0.1305623667	-0.230770789	0.0808428191	-0.2721666604	-0.0471819931	-0.1497979397	-0.112429279	-0.1795298706	0.000995785	0.0610585834	-0.2314723962	-0.0259281815	-0.1710092038	-0.1359288336	-0.0752716813	0.0180764071	-0.0811914732	-0.073231674	0.0	-0.0505796933930184	-0.0085116782195625	7.244866611337634e-05	0.0025583053837317	0.0237154526459733	0.0010213967435818	1.0432513077995075e-06	0.0005624226942034	0.1856117890920501	-0.0617811695388894	0.0038169129095929	0.0344517362499516	0.0039369482689072	0.0015669423916244	2.455308458669596e-06	1.54995616720514e-05	0.0016209410370351	0.0005089481753494	2.5902824519158524e-07	2.627449845544425e-06	-0.0005401927621996	-0.0005323748966635	2.918082203328336e-07	2.834230305975424e-07	0.0
904.7572293269692	-1.1405079548163712	818585.644019414	1.300758394999422	1034.6963207768458	8.456655614516194	71.51502418252826	1070596.4762291417	846.8185996742516	0.1208515300618273	717101.7407542603	0.0146050923182847	863.084348333398	749.0189637959105	1.443103	20.889603	0.1975628537771495	0.1095539223118819	0.1072216711	-0.2718722743	0.1801184997	-0.0272311459	-0.0560274206	0.1584711839	0.0610343804	0.247201291	-0.1274889235	0.0364008762	-0.0328092119	-0.0936493299	0.2772711266	-0.1454702548	-0.0307072971	-0.0747370599	-0.1736576204	0.0263302892	-0.2217001531	-0.0615378475	0.1436126938	0.1653991506	-0.1006858369	-0.0350738458	-0.1174105125	-0.1211766514	0.2129144709	-0.0074530927	0.2204081748	-0.1512266106	-0.0117481609	0.0077114725	0.0420544783	-0.0864063525	-0.1319670201	0.2494931538	0.1792709314	0.0917577811	-0.0510297658	-0.0891389453	-0.0871673633	-0.1803436737	-0.1236936013	0.1896651856	0.0455556859	0.035331578	-0.3097064176	-0.0152983801	-0.01095969	0.2056388978	-0.0299852848	-0.1422970594	0.0795526454	-0.2392393655	-0.1624616696	-0.1605664966	-0.1340944491	-0.1447817523	0.0342415972	-0.0094258313	0.1315573608	0.0035018652	-0.0674096289	-0.1736230754	-0.0537120098	0.0423318059	-0.0238332984	-0.0711261948	-0.0549179912	-0.1644114686	-0.2959891539	0.2836303489	-0.15755185	-0.1327139385	0.3654581268	0.2070059275	0.1717795092	-0.0863470055	-0.0622379308	0.0	-0.0369538173241892	0.0136258760688291	0.000185664498643	0.0013655846148295	0.0684909823697523	0.044775529723779	0.002004848062045	0.0046910146659737	0.2493336093327514	0.0637218202407013	0.0040604703747882	0.062167248742897	0.0028433326971803	-0.0010936155717269	1.1959950187235548e-06	8.0845408268546e-06	0.0012087374759406	-0.0004122035610944	1.6991177577898716e-07	1.4610462857432525e-06	-0.0005372193401442	2.9734220553999336e-06	2.886046194249697e-07	8.841238719538767e-12	0.0
904.9213772528752	0.1641479259060361	818882.6990092405	0.0269445415792535	1031.2347362742703	-3.4615845025755334	11.982567268471104	1063445.0812986635	847.3800840577879	0.5614843835363672	718053.0068577838	0.3152647129552143	862.0165214024172	734.2090191296865	1.37631	19.922739	0.1267370445527923	0.0748108873767712	0.2803040015	-0.0652481296	0.1425837959	-0.094208512	0.1496486322	0.0063453675	-0.0638104404	0.2678199968	-0.0394232803	0.0351627358	-0.1998677283	-0.1256969768	0.0125212392	-0.2520751378	-0.1658566978	-0.2633839539	-0.1622703588	0.0146305033	0.0394422544	0.0622113974	0.0240462947	-0.0481037562	-0.1183560839	3.0426e-05	0.0997048071	0.0634195903	-0.2350430708	0.0011597403	0.0139842337	0.2535728647	0.0573127239	-0.0327080016	0.0682354458	0.1694911022	-0.0691547359	-0.0073468734	0.2978642591	0.1873747543	0.0443476673	-0.0987862497	-0.1978277225	0.1109087804	0.0546750155	-0.0459983788	-0.0345342437	0.019385324	0.1579996639	-0.0561687658	-0.2124859689	0.0907555184	-0.0105621219	0.0918699916	0.1312570331	-0.2864740062	0.0749329994	-0.0057042377	0.1028124456	-0.111450802	-0.057187298	-0.163049039	0.0392070254	-0.01847367	-0.0325892058	-0.0893264907	0.118294694	0.0149984392	-0.2031768924	0.1397511369	0.0867095648	0.0555631172	-0.1557182431	-0.1066530401	0.1377690123	-0.0360102891	-0.153913922	0.0274947035	-0.0237484289	-0.0913726637	-0.0508698813	0.0	-0.0367240907180388	0.0002297266061504	5.277431357338112e-08	0.0013486588390667	0.0091341320023019	-0.0593568503674504	0.0035232356855438	8.34323674354757e-05	0.2888288978959679	0.0394952885632164	0.0015598778186917	0.0834221322597994	0.0025901898718646	-0.0002531428253156	6.408129000881499e-08	6.709083572309954e-06	0.0011060628157248	-0.0001026746602157	1.0542085850429956e-08	1.2233749523290731e-06	-0.0003399332453562	0.000197286094788	1.1555461129839845e-07	3.8921803196699754e-08	0.0
902.4876010512352	-2.433776201640057	814483.8700512134	5.923266599669506	1029.3824781530045	-1.852258121265777	3.4308601477950256	1059628.2863284207	845.3940301641718	-1.9860538936161447	714691.0662372207	3.9444100683478487	861.6259787500624	735.9302593146718	1.235077	17.878321	0.1520949220312015	0.1122857157109312	0.2197518232	-0.1560925632	-0.0886606593	-0.1281133149	0.1990093915	0.194802937	-0.0871387751	0.1526752428	0.1253109568	-0.0527755283	-0.181817992	0.0929232689	0.1171699589	-0.1149014332	-0.1741356678	-0.3041573765	-0.00208781	-0.0954469242	-0.0049812205	-0.1484442897	-0.0923974737	0.1665634037	0.1239706553	0.0142414495	0.0068033376	0.1128835774	-0.1362838934	-0.0118815752	-0.0538259177	0.0401948912	0.1223248519	0.1607565776	0.0292572993	-0.0283342356	0.0747305773	0.1393187265	0.1370965666	0.2633585856	0.1513568801	-0.0933811984	-0.1514637383	0.0266703835	0.2483444443	-0.0229731719	-0.1216731959	-0.0035446477	0.0088480226	0.2317187849	0.0350452671	0.0566228671	-0.1182823239	-0.0782280541	-0.0908664913	-0.2437609919	0.1514396694	-0.0538890878	-0.205917852	0.0331584309	0.0197717143	-0.1820363103	0.0515979069	0.0822872365	-0.0275838368	-0.4451277401	0.1598090809	0.0809522834	-0.0959901706	0.1839310849	0.1894223831	0.0566844069	0.0922374549	-0.0348105096	0.3348287878	0.1909683057	-0.1495058516	0.0567273522	-0.0059803764	-0.0962608888	-0.0391958943	0.0	-0.0368133379614903	-8.92472434514957e-05	7.965070463690543e-09	0.0013552218518669	0.1187187109317022	0.1095845789294003	0.0120087799391339	0.014094132325285	0.2909937695891926	0.0021648716932247	4.686669448125634e-06	0.0846773739397281	0.002887138552708	0.0002969486808433	8.817851905463537e-08	8.335569022532845e-06	0.0006649140036436	-0.0004411488120812	1.94612274400654e-07	4.421106322413614e-07	-0.0004069602357341	-6.70269903779e-05	1.6561663346875427e-07	4.4926174391191e-09	0.0
901.7883920810284	-0.6992089702067688	813222.3040920866	0.48889318401761	1031.330810546875	1.948332393870487	3.795999117005103	1063643.2407832742	845.5656391846272	0.1716090204554348	714981.2501697072	0.0294496559016738	861.4172299603691	738.0867488932569	1.487015	21.525242	0.1561029280912957	0.0882500170059265	0.2254618448	-0.0067016192	0.1552520737	0.0639689723	-0.0319555924	-0.0233431331	0.0403855139	0.1342311809	0.1110283673	0.0618634426	-0.338023113	-0.1127705308	0.062523534	-0.1908704998	-0.3524221619	0.0459137187	-0.0755060817	-0.1159527175	-0.0689195259	0.0513156961	-0.0254122775	0.0453382519	0.0149282637	0.044446068	0.1358494637	-0.18279394	-0.0387426265	0.0286598719	-0.0015160455	-0.0145308552	-0.255550654	-0.0886913727	-0.1417511193	0.0498176144	-0.1201099644	-0.0185815853	0.2233003444	0.2531493607	-0.1640101668	-0.0102733239	0.1175177037	0.0060476944	-0.0478759783	0.0664447726	-0.0599690823	-0.0184758929	0.0506709063	-0.0724437312	-0.1985498267	-0.0850750365	0.1292424775	0.0160589742	-0.0420527886	-0.2406362572	-0.173752782	0.0061963228	0.080414427	-0.0695666657	-0.1274568763	0.0071457415	-0.0221280001	0.1662454505	0.136619796	-0.0153573128	-0.0200730148	0.0558337564	0.054516167	-0.1120871252	0.0239283498	0.125751299	-0.1828475829	0.1639359036	-0.0534005766	0.0621440895	0.0827181922	-0.0311519338	-0.0006072815	-0.1010043284	-0.0272861787	0.0	-0.0369446315040278	-0.0001312935425374	1.7237994312045965e-08	0.0013649057969684	0.0436474687307395	-0.0750712422009627	0.0056356914055956	0.0019051015266008	0.290859939829545	-0.0001338297596475	1.7910404567333532e-08	0.0845995045976465	0.0023569572205905	-0.0005301813321175	2.810922449258868e-07	5.555247339693695e-06	0.001265094295856	0.0006001802922124	3.60216383160162e-07	1.6004635774073886e-06	7.800939169895819e-05	0.000484969627433	6.0854651932414875e-09	2.3519553953255927e-07	0.0
901.1138322873296	-0.6745597936987906	812006.1387395576	0.4550309152749549	1025.9396357816809	-5.391174765194137	29.064765348866057	1052552.136267848	843.8573027212859	-1.7083364633413112	712095.147356044	2.918413471981499	859.5992202921232	727.2268772027764	1.271871	18.410933	0.0432047393011751	0.0303985629482977	0.1952101689	-0.0610431244	-0.1176766707	-0.0464613854	-0.1730861798	0.0785877624	-0.1661215501	0.0693096539	0.1730832167	0.0574471982	-0.1377824185	0.2348299384	0.0587148103	-0.1500482909	-0.2156555545	0.0193067159	0.0565448129	0.0842856554	0.0777551448	-0.0589683466	0.0299061597	0.0527070271	0.1573063153	0.1267512259	-0.1312809472	0.1831318758	0.1160330353	-0.0236752817	-0.090235775	0.0595764153	-0.1319863025	0.0152000169	0.1323260591	0.0616053762	0.1787317441	0.0699958574	0.1558686212	0.1499443054	0.0257691631	0.1067062971	0.1048496848	-0.0837344009	-0.0062741919	-0.0829519947	0.1499351801	-0.0213801793	-0.0157241356	0.1508278999	0.0227767853	-0.1177609263	0.1225456175	0.122498439	-0.1160825277	-0.1809603815	0.0959579605	0.0808821998	-0.0589038144	0.0243800056	0.0956188491	-0.0046573733	-0.2056543128	0.0269127098	0.0147473934	0.0237084359	-0.0617185056	0.0303600218	0.0381582845	-0.0523502535	0.2393533226	0.0767425239	-0.0892437519	-0.0209800963	0.0209766305	0.0781979858	0.0662535519	-0.1392906004	0.0059303675	-0.1055958478	-0.0152123607	0.0	-0.01883781701423	0.0181068144897978	0.0003278567309679	0.0003548633498616	0.0420465852298548	-0.0016008835008846	2.5628279834048502e-06	0.0017679153294914	0.2908038295313133	-5.6110298231715205e-05	3.148365567652022e-09	0.0845668672700771	0.0018889550347722	-0.0004680021858183	2.190260459307067e-07	3.568151123391243e-06	0.0012650738941375	-2.0401718500142812e-08	4.162301177590696e-16	1.6004119576282183e-06	7.880542440737712e-05	7.960327084189376e-07	6.210294916026831e-09	6.336680728727893e-13	0.0
901.7289315450128	0.6150992576831413	813115.0659853104	0.3783470968023515	1032.5101073021983	6.570471520517458	43.171096001931	1066077.121681197	846.3220069013831	2.4647041800972147	716260.9393655848	6.074766695388683	862.6301905223881	724.10883743962	1.042797	15.094984	0.0849118500506451	0.0507673071286922	0.1718785982	-0.0899921585	0.0369401435	0.1031273012	0.0377588192	0.0016844046	0.0341333461	0.0840886769	0.1968842106	-0.0013211144	-0.0323749069	-0.0358435571	0.0986564272	-0.0723141186	-0.0319957906	0.0021803765	0.1477871243	0.1353509718	-0.0868964342	0.0600018717	0.0912168446	-0.082372764	-0.0956698264	-0.0473609368	-0.1128493422	0.1068229468	-0.0218284499	-0.0659679432	-0.0560591463	-0.1012179966	-0.1081013138	0.1201983191	-0.0509864445	-0.0467320158	-0.0640805304	0.0479624265	0.0819104658	0.0419040952	0.1326810906	0.2233627971	0.1163208062	0.0214047523	-0.07197197	0.0739974191	0.10440829	0.0414838868	0.0544746836	-0.0087538951	0.0839831495	0.0426984282	0.0419060339	-0.0943392788	0.1269493391	-0.1537641491	-0.019716115	0.0843017766	-0.0245689283	0.0308346922	0.1547622071	0.0026276476	0.007913385	0.1158978816	0.1949818357	0.0128774016	-0.1219512304	-0.059124727	0.1472720077	-0.0660964388	0.0574751053	0.0453623345	-0.0908243975	-0.0181446551	-0.0502118486	0.0149980767	-0.1418742131	-0.0661465285	-0.2979436075	-0.1100285411	-0.0030470538	0.0	-0.0073275712126843	0.0115102458015457	0.000132485758412	5.369329987695966e-05	0.085327822765123	0.0432812375352682	0.0018732655225843	0.0072808373378362	0.2906788234664219	-0.0001250060648914	1.5626516259635073e-08	0.0844941784118232	0.0014779586110458	-0.0004109964237263	1.689180603158905e-07	2.1843616559644306e-06	0.0010765621163326	-0.0001885117778049	3.553669037116401e-08	1.1589859903225265e-06	7.920443585487426e-05	3.990114474971326e-07	6.27334265908889e-09	1.5921013523375697e-13	0.0
901.4007263531028	-0.3282051919100013	812523.2694699012	0.1077186479966807	1031.3179846370922	-1.192122665106126	1.4211564486597328	1063616.7854359136	845.8798255475807	-0.4421813538024253	715512.6792684055	0.1955243496505456	861.8868049529531	718.2742041566709	1.01169	14.644688	0.0988003080073584	0.0434711682063678	0.198098817	-0.035564683	-0.180755639	0.0547472367	0.1234136442	0.0525600097	-0.1185969503	0.0283359602	0.1068596198	-0.1653040532	-0.0063273724	0.1573999553	0.0801700504	-0.0743519968	-0.0008576589	-0.0081603769	-0.0718472705	0.1944712031	-0.0322901889	0.0393593627	-0.2016691398	-0.0198969711	-0.0391056795	-0.0333502951	-0.1098385324	0.2031934691	-0.1820140698	-0.0115982138	0.0584757295	-0.14806985	-0.0033722271	-0.1344374041	-0.0674891145	0.0487464882	0.122957471	0.0545102447	0.0924159827	0.0544169159	-0.010052981	0.1794638605	-0.0499576712	0.0643253014	0.024539656	0.1340610924	0.0160086962	0.0205694884	0.0872091533	-0.1116920067	0.1267645679	-0.0483361816	-0.0309281556	0.1921856777	0.2239164386	-0.1577571074	-0.0495499091	0.1060721424	-0.111370628	0.1285258756	-0.0564281868	-0.0156310518	-0.1855477871	-0.0041281569	0.1319594906	0.0300661068	-0.0021901102	-0.0342782284	0.1051943755	-0.0288617502	0.1350278427	-0.0236189555	-0.1201123682	0.0008650978	-0.1985083039	0.0350219785	-0.0809368314	-0.1075952295	0.1558311577	-0.114295741	0.0091365784	0.0	0.0043212223957453	0.0116487936084296	0.0001356943925317	1.867296299349075e-05	0.0663946316475545	-0.0189331911175685	0.0003584657258943	0.0044082471116144	0.3256025241469871	0.0349237006805652	0.0012196648692257	0.1060170037308893	0.001898986159399	0.0004210275483531	1.772641964723061e-07	3.606148433588964e-06	0.0012650216787075	0.0001884595623749	3.551700665053886e-08	1.6002798475999414e-06	2.2799094567072705e-05	-5.6405341287801554e-05	5.197987130783242e-10	3.1815625257933703e-09	0.0
901.8958867808911	0.4951604277883916	813416.19059229	0.245183849247583	1035.0906446868298	3.772660049737624	14.232963850886293	1071412.642718197	846.705136385831	0.8253108382502887	716909.5879821486	0.6811379797333943	863.3193024526342	725.3465438530839	1.101386	15.943089	0.1123378813044152	0.0590948951626398	0.1467582867	-0.1140844745	0.0135736785	0.2280321743	-0.0285498429	0.0738211028	0.0656459929	0.1744124474	0.1244536783	-0.143208056	-0.0028656208	-0.0706262829	0.1446127531	-0.054882218	-0.0289407276	0.049038315	0.1002865719	0.1694512735	0.133294915	0.0826871956	0.3202279716	-0.0244695496	-0.0995360028	-0.0343400104	-0.1567785571	-0.0935562414	0.0457709543	-0.0681337313	-0.1028254599	-0.1492596098	-0.0198974885	-0.1945932717	-0.0399511977	0.1161441824	-0.1125315026	0.1122043725	0.0890346883	0.0430381596	0.0728517581	0.2192373074	0.0596679536	-0.0431298666	-0.2099568838	-0.0793385185	0.1025184276	0.1866640523	-0.0517725075	0.0234488293	0.0854924761	0.198866248	0.1626016674	0.011174974	0.0850293508	-0.1170313323	-0.1026627084	0.0440301204	0.057828034	0.0432858607	0.2429618383	-0.1501719951	-0.1989705549	-0.0185191773	0.1284116771	0.0653286005	-0.0880249154	-0.1002626904	0.019147111	0.1301100274	0.0790173213	-0.0641407877	0.0742250778	0.0691322283	-0.1359441395	-0.0552677938	-0.0963106478	0.0547960423	-0.0519752661	-0.1183910292	0.0212652622	0.0	0.0044647095850365	0.0001434871892912	2.058857349068872e-08	1.99336316787168e-05	0.025101081492437	-0.0412935501551175	0.0017051572844132	0.0006300642920899	0.328155552562265	0.0025530284152778	6.5179540892162855e-06	0.1076860666774454	0.0013361531568957	-0.0005628330025032	3.167809887068796e-07	1.7853052586823453e-06	0.0008427605716256	-0.0004222611070819	1.7830444255403188e-07	7.10245381086708e-07	-0.0003590631067423	-0.0003818622013093	1.2892631462343234e-07	1.458187407888399e-07	0.0
903.582510414638	1.6866236337468763	816461.3531272195	2.8446992819135173	1030.6585121902765	-4.432132496553322	19.643798467003982	1062256.9687502745	846.8950537479285	0.1899173620975034	717231.2320627067	0.0360686044260742	861.6985921974805	725.4800268787338	1.225581	17.74087	0.0641554548648631	0.0316841093754826	0.149462354	0.1978192215	-0.0982804029	0.0210672315	0.0061932583	-0.1481353843	-0.1743471763	0.0942234202	0.0579994746	-0.02095381	0.0549318928	0.0040519989	-0.1783716362	-0.0663266556	0.0741349134	-0.0576752357	0.014948884	0.0654933948	0.0987844255	0.0246108748	0.0387737466	-0.0132084047	-0.2399864441	0.0158052331	0.1039431697	0.0425623296	0.0054692169	0.0296292816	-0.1027774983	0.132917471	0.0260236563	0.0980761549	0.0473257198	-0.2019919069	0.0580005503	-0.1670944319	0.0941690057	-0.0597588536	0.0603082065	0.0356896731	-0.0656903614	0.0327040482	0.023574133	0.0416348465	-0.0791161062	0.173837455	-0.0541946051	0.0326655523	-0.0681728488	-0.0445121317	0.0207597587	0.0469608801	0.2010548793	-0.0749783784	0.083757058	0.1376431874	0.0942542191	0.1102931809	0.0094087691	0.0804693815	-0.0204578883	-0.0058861619	0.2576988925	-0.0453602418	0.087449381	0.016966934	-0.0456352974	0.1112596605	-0.0036812021	-0.2485639692	0.1213120384	-0.1696748021	-0.1398768698	-0.0224563507	0.1144788596	-0.1534193567	0.0308913719	-0.1223082461	0.0332660541	0.0	0.010485039702857	0.0060203301178205	3.624437472753659e-05	0.0001099360575704	0.038849934530063	0.013748853037626	0.0001890309598502	0.0015093174129901	0.3116011764363833	-0.0165543761258816	0.0002740473689171	0.097095293156538	0.0015650902268141	0.0002289370699183	5.2412181982822316e-08	2.4495074180690108e-06	0.000515219259042	-0.0003275413125835	1.0728331144898753e-07	2.654508848877876e-07	-0.0003589035775736	1.5952916870002516e-07	1.288117779951291e-07	2.5449555666121083e-14	0.0
903.1768423925532	-0.4056680220847966	815728.4086341829	0.164566544142191	1031.6592233695235	1.0007111792469914	1.001422864269904	1064320.7531634085	846.3687645972192	-0.5262891507093173	716340.085685823	0.2769802701543344	861.9177486942202	736.2429325227233	1.286229	18.618774	0.0822893408721392	0.0456567338566389	0.0121750718	-0.1524614127	-0.0911905007	0.028320485	0.003291263	0.1857479737	-0.064716335	0.0823128696	-0.0992264803	-0.1713858136	0.0485105048	0.0490130172	0.1746645108	0.0164690012	-0.0624646273	-0.1511167377	-0.0064010549	0.0218607305	0.2325249225	0.1029988352	-0.1683531404	0.0026428872	-0.164221618	0.0094066198	-0.1359020244	-0.047211522	0.3020208984	0.3137403873	-0.1382805829	-0.0095656258	0.1591792038	0.1176266205	-0.0705974382	-0.0241149764	0.0211812837	0.1719315702	0.0176118274	0.0735166462	-0.0174951509	-0.0381705311	-0.1073564702	0.0585035878	0.0463464347	-0.1141142567	-0.1643007789	0.2119794334	-0.2513717732	-0.0737003574	0.2613784674	-0.1107791574	0.0071077942	-0.133833367	-0.2259612649	-0.0757347624	-0.1121595428	-0.0256139984	-0.1478044693	0.0190807452	0.039259388	0.031245815	-0.0912067238	0.0090767497	0.0867619285	-0.0782307512	0.1427456017	0.0433968374	0.0277247412	-0.0245880187	-0.1772507912	-0.0763430161	0.2053116134	-0.0088531542	0.0358525029	-0.203680972	0.0593352511	-0.013519506	-0.0823327029	-0.1260414998	0.0450667802	0.0	0.0069288505410725	-0.0035561891617845	1.2646481354393548e-05	4.800896982052067e-05	0.0726421050487715	0.0337921705187084	0.0011419107883654	0.0052768754259167	0.2942217502763071	-0.0173794261600762	0.0003020444536535	0.0865664383356536	0.0019461258701574	0.0003810356433433	1.4518816149804266e-07	3.7874059024958975e-06	0.000685150946089	0.000169931687047	2.8876778262639562e-08	4.694318189266519e-07	-0.0003591673478147	-2.637702410999803e-07	1.290011837362457e-07	6.95747400899417e-14	0.0
902.3435893172692	-0.8332530752840057	814223.9531819726	0.6943106874702529	1033.3039927763098	1.6447694067862813	2.705266401500096	1067717.141487464	846.9221886410302	0.5534240438109919	717277.1936125127	0.3062781722681106	862.0867587672302	727.6264683465129	1.197319	17.331758	0.0618291887374098	0.0564209359744937	0.0874989474	0.0485623609	0.0756551498	0.0753516879	0.1058589723	-0.0689177754	0.0728610861	0.0451146918	0.0996102099	0.0602288612	-0.2149559334	-0.1000847485	-0.0411286429	-0.0009016267	-0.1394143831	-0.1073186644	0.0880539713	-0.0559257637	0.1511359617	0.0750706018	0.1278525357	-0.0578544368	-0.0054667332	-0.1311088229	-0.1079489505	-0.1129930096	-0.1798998527	0.01466762	0.0107467056	0.0797351206	-0.1073731634	0.0666978247	0.0168757712	-0.2077379434	-0.0848590632	-0.0837218291	0.0564934564	0.168305753	0.0607272661	-0.0401334776	0.0538181702	0.1149953738	-0.0305172203	-0.2027019619	0.0151042876	0.035883215	0.0146312373	-0.1022370605	-0.0588664928	0.1969896958	-0.017461407	0.0529965911	0.1054636101	-0.0654887975	0.0307114247	0.1067752799	0.1318672823	-0.0168391858	0.103279479	-0.0454274348	-0.0867863988	0.0048634726	0.0948234894	-0.0342736268	0.201836079	0.0424699625	0.0398822668	-0.092172658	0.0151856658	-0.059000601	-0.0984420636	0.0675827868	0.0267703297	-0.036812945	-0.1238901452	-0.0350755536	0.0511960277	-0.129585175	0.0565964693	0.0	0.0069287360783505	-1.1446272199944901e-07	1.3101714727523148e-14	4.800738364343587e-05	0.0164112351379941	-0.0562308699107774	0.0031619107309227	0.0002693286387545	0.2987191904251176	0.0044974401488104	2.0226967892132465e-05	0.0892331547282376	0.0019241222298175	-2.2003640339900068e-05	4.841601882076776e-10	3.702246355277868e-06	0.000685155113532	4.16744299995813e-09	1.7367581157900024e-17	4.694375295990478e-07	-0.0003591598712956	7.476519099951142e-09	1.2899581314907198e-07	5.589833785193423e-17	0.0
901.1758228843532	-1.1677664329159825	812117.8637512912	1.3636784418453178	1028.8478810927447	-4.456111683565041	19.856931336404863	1058527.9624290306	845.1624873234675	-1.7597013175626444	714299.6299787904	3.0965487270317067	861.1550537282648	725.3357494685679	1.073319	15.536802	0.0650098017243376	0.042513088506992	0.0840457364	-0.0376945829	-0.213776425	0.0205028981	0.082902093	0.0761544462	-0.0930518485	-0.0279789181	0.1664722044	-0.0507613995	-0.0605097452	0.1460267428	0.034405182	0.0020866964	-0.0852317742	-0.1802418263	0.0652716172	0.0793677071	0.0046672938	-0.0076922313	0.0125104958	-0.0479159081	-0.0913941635	0.0585295129	0.0135791973	0.0658606254	0.0847450553	0.0649568915	-0.0039931327	-0.0190670613	-0.0635685397	0.0826953241	0.145677684	0.0339868976	0.1171844075	0.0515570192	-0.0014314103	0.1560876248	0.1371924352	0.0507800554	-0.0458197859	-0.0091332963	0.06234414	0.0218674957	-0.0071407868	0.0992374102	-0.0115007944	0.0168198893	0.0442173091	-0.0410230371	0.0927604006	-0.003682937	-0.0286893137	-0.0491838364	0.0743974292	0.1247151551	-0.1069144307	0.111555788	0.0007073897	-0.0599962017	-0.1033359758	-0.0428142003	0.0641919447	0.0704251448	0.1285067027	-0.1158627179	0.0300687318	-0.1619670409	-0.1235496865	0.0040086345	0.0578949577	-0.0542772311	0.1364127462	-0.166409816	0.1304178839	0.0861344996	-0.0059069983	-0.1329339419	0.0677857805	0.0	0.0099212430787076	0.002992507000357	8.955098147186243e-06	9.843106422680343e-05	0.0562976295813655	0.0398863944433714	0.0015909244616922	0.0031694230964806	0.3104478850307117	0.0117286946055941	0.0001375622771512	0.0963778893200419	0.0018581755355372	-6.594669428030002e-05	4.348966486499356e-09	3.45281632086896e-06	0.0006850348700297	-1.2024350229996716e-07	1.4458499845362207e-14	4.69272773156608e-07	-0.0005011370470133	-0.0001419771757176	2.511383398892104e-07	2.0157518424774645e-08	0.0
901.137732362254	-0.0380905220991962	812049.2126869854	0.0014508878737893	1034.9751049864526	6.127223893707878	37.54287264362473	1071173.4679417186	846.2362786851007	1.073791361633198	716115.8393628075	1.1530278883180771	862.3337866713428	725.06323539175	1.190047	17.226488	0.0777046877687461	0.0484189705725483	0.0304828418	-0.0617740134	0.0521032678	0.2799085666	0.0089603019	0.0151476211	0.1893661961	0.0818380584	0.070378281	-0.0761794148	-0.0457508525	-0.1453950705	0.1269380482	0.0687392923	-0.152421905	0.076088906	0.0186064618	0.0491928119	-0.1362388645	-0.0252743223	0.0718348411	0.0020840505	0.0486179079	0.0072420608	-0.0045977559	0.0151372249	0.05088037	-0.1300102852	-0.079780577	0.0657791477	-0.0841788136	-0.0433558593	0.0091627746	-0.2082802571	-0.1872045274	0.0609459392	-0.0262382552	0.138908857	-0.0602992169	0.1159516383	0.0767007036	-0.0601798501	-0.0963635687	0.1033302219	-0.00599828	-0.0236859487	0.0147207265	0.0653710913	0.0438100618	0.0292871097	0.0686417071	-0.0637064659	-0.001427208	-0.0070892976	-0.2222289321	0.0366649013	0.0070113608	0.0515166345	0.0202997005	-0.1858127164	-0.0493132317	-0.0207877083	0.088583216	0.0674259681	-0.0837769294	-0.2612024168	-0.0495026938	-0.0311956622	-0.0932904998	-0.0134964411	0.0320800536	0.0116185685	0.0466689443	-0.0998229557	0.0656379386	0.0777333541	-0.0374952238	-0.1360827635	0.0785674201	0.0	0.0068569456767164	-0.0030642974019911	9.389918567850016e-06	4.701770401343972e-05	0.0371752084842711	-0.0191224210970944	0.0003656669886146	0.001381996125849	0.3198612266968723	0.0094133416661605	8.861100132387505e-05	0.1023112043440279	0.0010791223038329	-0.0007790532317042	6.069239378289135e-07	1.164504946629626e-06	0.0006858071593316	7.722893018999397e-07	5.964307658290964e-13	4.703314597904786e-07	-0.0003588700159495	0.0001422670310637	1.287876883475944e-07	2.0239908127708228e-08	0.0
902.30942610068	1.1716937384259154	814162.3004301385	1.3728662166664976	1032.39852995031	-2.5765750361426853	6.63873891687368	1065846.724643561	846.126572900163	-0.1097057849377733	715930.1773677748	0.0120353592488129	861.2895357931989	732.3363877902445	1.266107	18.327494	0.1116120969733574	0.0604162385228144	0.0718136847	0.2016594035	-0.0373453874	0.0725450463	-0.0579591274	-0.1687767093	-0.080569782	-0.0302278317	0.0887293157	-0.0510627529	0.0017257122	-0.0172131693	-0.150737443	-0.0503404332	0.0277305218	0.0310095521	0.0852836411	0.1103577227	0.0408267307	-0.0694717468	0.1020553013	0.0801234436	-0.0609483058	0.0044598293	0.3413677876	0.0542682018	-0.0871786971	0.0200628056	0.0809732794	-0.0708799066	0.0526877961	-0.0969373176	0.3067267826	-0.1315038162	0.0190031413	-0.1844603446	0.021663563	-0.0117107258	0.052410098	0.0858247966	0.0122065206	-0.0242008568	0.1299521124	-0.0446956146	0.0156320612	0.1283340385	-0.0875167205	0.0385377765	-0.2274774201	-0.0809616514	-0.0927318059	0.0218936695	0.130548095	0.0241684041	0.10016981	0.1084955473	0.1415372573	0.0162122605	-0.0212232635	-0.1127570888	-0.0265596785	-0.1402972903	0.0657982585	-0.0760853769	0.0182787074	0.0842579339	-0.1738030802	0.0006790155	-0.0965805427	-0.06558815	0.1415253218	-0.0484847673	-0.1700409131	0.0665179324	0.2663819085	-0.1788562333	-0.0224812865	-0.1390269037	0.088876546	0.0	0.0072859362436474	0.000428990566931	1.8403290651578093e-07	5.308486694649479e-05	-0.0009209743904676	-0.0380961828747387	0.0014513191496255	8.481938278971673e-07	0.2883344525109095	-0.0315267741859627	0.0009939374905726	0.0831367565047659	0.0014250361931913	0.0003459138893583	1.196564188510553e-07	2.030728151905152e-06	0.0002012445867287	-0.0004845625726029	2.3480088676754078e-07	4.0499383687605263e-08	-0.0003581434909963	7.265249531999887e-07	1.2826676014301682e-07	5.278385076222457e-13	0.0
902.3216854718892	0.0122593712092111	814184.4240728309	0.0001502921824452	1029.6234789081648	-2.775051042145151	7.700908286510888	1060124.508318952	844.973345136309	-1.15322776385392	713979.9539908441	1.3299342753235124	860.5409785447347	727.3483251672384	1.177745	17.048414	0.1576200487658737	0.1075421144534338	-0.0453977138	-0.0584988801	-0.1420576258	-0.0123907131	-0.0952511146	0.1015550185	-0.1046014184	-0.0599817921	-0.0311662503	-0.0542724418	0.1218308242	0.1847437999	0.0541535573	0.0644048162	0.0588068725	-0.0191781701	0.0087885167	0.0230787861	-0.0303913676	-0.0831420598	-0.0255478841	0.1415767974	-0.0701109507	0.1467578113	-0.0108131154	0.0945925975	-0.1231660152	0.1291781238	-0.0157310568	-0.2137071585	-0.0237575999	-0.0343257512	-0.0109338637	0.1177243591	0.1428708889	0.0858468984	-0.0668836779	-0.020388205	0.0104349711	0.0064754618	-0.0199773609	0.013050698	0.0354666754	0.0146651875	-0.0339371412	-0.0759278989	-0.1779655746	0.0143237287	0.0556268786	-0.0794645926	0.1494332801	-0.0501252427	0.0252097912	0.0558216605	0.0221793545	0.0311295744	-0.1783132124	0.1076222441	-0.0249760059	0.0088504871	0.0466453031	-0.0054625888	0.0037717382	0.0596703007	0.0357001404	0.0381909485	0.019391904	-0.0794088815	0.0398469198	0.0475678664	0.1068920288	-0.0957241014	0.1209323195	-0.143652751	0.0995739321	0.0041310931	-0.245117499	-0.1417619342	0.0986511579	0.0	0.0269178707489032	0.0196319345052558	0.0003854128524186	0.0007245717656546	0.103197704729439	0.1041186791199065	0.010840699341674	0.0106497662614244	0.2774703621107051	-0.0108640904002044	0.0001180284602238	0.0769898018498458	0.0011400063713669	-0.0002850298218244	8.12419993292492e-08	1.2996145267571263e-06	2.6295946589760533e-05	-0.0001749486401389	3.060702668646414e-08	6.914768070515385e-10	-0.0003580150581495	1.2843284679997036e-07	1.281747818617899e-07	1.6494996137144656e-14	0.0
903.57423657121	1.25255109932084	816446.400995245	1.5688842564098446	1034.9529193055396	5.32944039737481	28.40293494917057	1071127.5451790588	846.6371767982181	1.6638316619090574	716794.5091368572	2.768335799171056	861.9360373654714	730.1193543065345	1.179743	17.077345	0.1354130445372452	0.0848846644175248	-0.0961414414	-0.0281247008	0.1137143521	0.099881638	-0.0360385945	-0.0267980148	0.154035481	0.0576446432	-0.0655948307	-0.1001675811	0.0434785142	-0.0894141642	0.0834406727	0.0869731583	-0.005263571	0.1947334616	-0.0414376485	0.0878810782	0.1807379056	-0.168673643	0.0038817242	0.0153177503	0.0404655083	0.0245925867	0.0610833061	-0.0235533002	0.1195570244	-0.1586562509	-0.0169728018	0.0647296395	-0.0106879566	0.0086750395	-0.0492503621	-0.0278487293	-0.1292205465	0.0468821338	-0.0667948291	-0.0751067284	-0.1222090787	0.1673694275	-0.034655261	-0.0844580863	-0.0351925566	-0.184473032	0.0718100899	-0.0646787707	0.0242858464	0.1198137987	0.0539679542	-0.1103404251	-0.000168907	0.0452681931	0.103911482	0.0994185885	-0.1322057657	-0.0403178111	0.092317816	-0.1286936113	0.0799847243	-0.0282434357	-0.06099123	0.0014067318	-0.0741552944	0.017188423	-0.1651612285	0.0284982717	0.1144756723	0.1042044996	0.056633403	0.0380069795	0.11679291	0.0485592694	0.0560946213	-0.0719971961	0.0240724687	-0.0807883644	-0.1683619864	-0.1442837413	0.1078324701	0.0	0.0100635577302341	-0.0168543130186691	0.0002840678673312	0.0001012751941897	0.029579056552123	-0.073618648177316	0.0054197053594554	0.0008749205865136	0.23745636040438	-0.040014001706325	0.0016011203325537	0.0563855230964948	0.0010420030229975	-9.800334836939989e-05	9.604656291613956e-09	1.0857702999359286e-06	2.681342159616129e-05	5.174750064007583e-07	2.677803822494648e-13	7.189595776934886e-10	-0.0003580142488266	8.093229000383576e-10	1.2817420236287464e-07	6.550035565264973e-19	0.0
905.1030760078884	1.5288394366783675	819211.5781989413	2.3373500231430286	1035.456922643325	0.5040033377854343	0.2540193644988585	1072171.0386499849	847.3729175487598	0.7357407505417086	718040.8613950972	0.5413144520076767	862.0296709914847	739.5748735002196	1.183389	17.130114	0.0479896468682079	0.0287854964170623	-0.0805068077	0.1753336495	0.0813037845	-0.1016955291	-0.0340349115	-0.2483179539	-0.0336859274	-0.0704791547	-0.0702878944	0.0769275931	0.1393949744	-0.0807935187	-0.2007367071	0.0225432566	0.1359807351	0.0434382434	0.0067915448	0.0458441554	0.0345357949	-0.0309801201	-0.0211554797	0.130270632	-0.0019391492	0.0810091782	0.2355135699	-0.1164402881	0.061588904	0.1583441996	-0.0639802469	-0.0624996605	0.0203805483	0.1132315072	0.1397369692	0.0445923709	-0.0262697903	-0.2153869329	-0.0440004121	-0.1348982997	0.0456566327	-0.0542074465	-0.0385293147	-0.0504470532	0.0984803011	-0.0151856669	0.0652618136	-0.0875470241	-0.2366410299	-0.1152126002	-0.0794424952	-0.0973761093	0.0990722984	-0.168602878	-0.0568467151	0.1256598349	0.110785012	0.0309811118	0.0893737479	-0.0428239977	-0.0491831115	0.0578025625	0.2355561186	0.0219607585	-0.0205402969	-0.0806358703	-0.0362414703	0.099906341	-0.0087465562	-0.0557017329	-0.0007842626	0.0317776547	-0.0124087638	0.0183547534	0.0266661538	0.0430711708	0.2119798835	-0.2700574777	-0.0444299888	-0.1465885319	0.1163652652	0.0	0.0101282677390202	6.471000878610113e-05	4.187385237097285e-09	0.0001025818073932	0.0524922633893538	0.0229132068372307	0.0005250150475657	0.0027554377157372	0.2226738073565712	-0.0147825530478088	0.0002185238746112	0.0495836244826713	0.0011220021968158	7.99991738182999e-05	6.3998678116105605e-09	1.2588889296594811e-06	2.622958554021615e-05	-5.838360559451417e-07	3.4086454022157857e-13	6.87991157611516e-10	-0.00048201477844	-0.0001240005296134	2.3233824663456235e-07	1.5376131344403702e-08	0.0
904.6143395685326	-0.4887364393557618	818327.1033530125	0.2388633071541482	1028.5027108285942	-6.954211814730797	48.36106196414141	1057817.8261817668	846.4129709097056	-0.9599466390542376	716414.9173241941	0.9214975498315264	860.7267914359835	736.3007838039625	1.163118	16.836691	0.0678388754429957	0.0482239590067783	-0.1583148808	-0.0146252264	-0.0680079327	-0.1899429826	0.0418959836	0.0602078473	-0.1051324271	-0.1637179253	-0.2136932862	-0.0640638505	0.0040434095	0.1018364265	-0.0534863921	0.0848314638	0.0834431286	0.1102248796	-0.1844614154	0.024492687	-0.1077340564	0.0362357952	-0.100029796	-0.1100262628	0.0448805696	-0.072821814	-0.0504828384	0.0119960852	-0.0057383063	0.0623844884	-0.1240073278	0.1578942011	0.0259638636	-0.0492390591	0.0633882905	-0.010909627	0.1359265971	-0.0040862453	-0.0866460796	-0.1063729359	-0.1872813613	0.0216312698	-0.139789616	0.0406416719	0.0506710215	0.097753812	0.0631819086	-0.1534097315	0.1607847209	-0.1103507508	0.010498837	-0.0113851316	0.0552881712	-0.0152147381	-0.0508513523	0.1278805298	-0.0601612138	-0.0174442948	-0.1469121719	-0.0295338143	-0.2320206515	0.0858168329	0.0333525208	-0.0310472875	-0.1335728585	0.0035867083	-0.1047194922	0.0175335203	0.1614009753	-0.0379149259	0.1573899099	0.14984987	-0.0311953963	0.0745671894	-0.0387304836	0.072964903	-0.0268136531	-0.077758423	0.1782580266	-0.1486728395	0.1241982259	0.0	0.0191690586422623	0.0090407909032421	8.173590015614513e-05	0.0003674528092304	0.0983146197413589	0.0458223563520051	0.0020996883416501	0.0096657644548879	0.2225505653103852	-0.0001232420461859	1.518860194811095e-08	0.049528754119972	0.0012550078862418	0.000133005689426	1.7690513419685588e-08	1.5750447945291108e-06	2.6275420609067623e-05	4.5835068851474154e-08	2.100853536619376e-15	6.903977281834156e-10	-0.0003580165801036	0.0001239981983364	1.2817587162907742e-07	1.5375553190673202e-08	0.0
905.3383122834716	0.7239727149390092	819637.4596882848	0.5241364919761599	1032.1737542245903	3.6710433959960938	13.476559615286533	1065382.658910085	847.0524979882584	0.6395270785528737	717497.9343481485	0.4089948842023735	862.3085631024677	744.2854698155157	1.11174	16.092962	0.0614478967108655	0.047636288618553	-0.2271012489	-0.0914480665	0.1249900422	-0.1044683233	-0.0812673259	0.0879678955	0.0551927953	0.0218640015	-0.0946584386	0.0278275027	0.2022835975	-0.0219122376	0.1223400927	0.133795951	0.1642872014	0.0371555547	-0.0773616618	0.0565054249	0.183159155	0.0066264948	-0.0743424916	-0.0373589054	0.1776506151	0.0638047502	0.0142910922	-0.0895724109	0.2243536092	0.0529601364	0.1997373293	-0.1142167545	-0.1718958478	0.1404297376	0.0959223465	0.1051611983	-0.0375148052	0.1486753051	-0.1261476541	-0.1614947925	-0.0396884037	0.0214058649	-0.1058569878	-0.0843641367	-0.1537652262	-0.1485327172	0.0226180906	0.0034983362	-0.1283770202	-0.073122368	0.0645738047	-0.0908873732	-0.1694597311	-0.0718451742	-0.0093811215	0.1412218977	-0.0426186838	-0.0982556762	-0.0194874859	-0.1594385378	0.1415710744	0.0471788105	0.0470692161	0.0122742505	-0.2325501053	-0.0833202428	-0.0485883804	0.0798055542	-0.0057406141	0.1293211566	0.1339616449	0.0820785384	0.1159788386	0.1543285998	-0.0994164483	0.1501855177	-0.0204827276	-0.1066283552	-0.1032049336	-0.150533529	0.1312842438	0.0	0.0196214640148753	0.0004524053726129	2.0467062116910642e-07	0.000385001850087	0.053567518941918	-0.0447471007994408	0.0020023030299553	0.0028694790855927	0.222570686655473	2.01213450878035e-05	4.04868528142474e-10	0.0495377105582887	0.0009310047516951	-0.0003240031345467	1.0497803119608702e-07	8.667698476788548e-07	2.6833383432345315e-05	5.579628232776912e-07	3.113225121600121e-13	7.20030466427264e-10	-0.0003580122935991	4.2865044999835025e-09	1.281728023680882e-07	1.8374120828378816e-17	0.0
906.0546005354846	0.716288252012987	820934.9391515165	0.5130688599718203	1035.1625074498793	2.988753225288974	8.932645841675246	1071561.4168299213	847.9372160940459	0.8847181057874423	718997.5224373207	0.7827261267081199	862.0823108248037	742.7415115642385	1.198231	17.344957	0.0457629593076226	0.0242935266567362	-0.1370917163	0.1120182421	0.1660186033	-0.1609852942	0.1288895304	-0.178064826	0.0682815288	0.0072752532	-0.1745244248	0.1012565012	0.0593193386	-0.1660013289	-0.138453655	0.0540504222	0.0571669422	-0.0920306435	-0.0388155504	-0.0417731854	-0.0439451921	-0.0791450364	-0.0758758265	0.0179716946	0.1464320359	0.0593616922	-0.0575046629	0.019690827	-0.166655518	0.1030831092	0.0670616023	0.0868237095	-0.3037640891	-0.0969886657	-0.1546805462	0.0218424004	-0.107266235	-0.1489172658	-0.0347472618	-0.0462639627	0.0224794605	-0.1778077239	-0.1301172565	0.0137200502	0.0593957903	-0.0443037442	-0.0124733005	-0.2823966459	-0.0447342596	-0.1166657696	0.0065009836	0.0146662256	0.0325395714	-0.0804555743	0.1310792085	0.1159192232	0.0340364435	0.0339026671	0.1130392386	-0.0267395156	0.0061203753	0.0881427852	0.2275820689	-0.0129568768	-0.0457551629	-0.0001319096	0.1590745947	-0.1262056599	-0.0145251824	-0.1668063999	0.0165092582	0.1456250047	-0.0880404423	-0.0105263856	0.1205542659	-0.0472049905	-0.0072518366	-0.0111782431	-0.0149876894	-0.1521678018	0.1375807028	0.0	0.0194739044675031	-0.0001475595473722	2.1773820020689014e-08	0.0003792329552094	0.0564830419947099	0.0029155230527918	8.500274671360995e-06	0.0031903340329761	0.2344014142947088	0.0118307276392357	0.0001399661164737	0.0549440230233597	0.0008550812747443	-7.592347695080002e-05	5.764374352298662e-09	7.31163986418337e-07	0.0002352043559754	0.000208370972543	4.341846219853844e-08	5.532108906980268e-08	-0.0006911008254697	-0.0003330885318706	4.776203509649008e-07	1.1094797006371173e-07	0.0
903.8169464315124	-2.237654103972204	816885.0726567834	5.007095889023648	1030.5661493937175	-4.596358056161762	21.12650738044313	1062066.5882761942	846.2948508095908	-1.6423652844550816	716214.9745068275	2.697363727583221	862.2487701134448	739.2509123495124	1.162273	16.824451	0.1367981946754368	0.0640614353340297	-0.1427260441	-0.0051838144	-0.0980289042	-0.1405138816	0.1979571946	0.0925597739	0.02444074	-0.2001781465	-0.1167934679	-0.0271179314	-0.0863948672	0.0690918767	-0.0448012264	0.1541088298	0.0010918499	-0.0302666354	-0.1060155195	-0.0368757133	-0.1892622772	0.01233898	-0.03847074	0.0102407296	0.0169447435	-0.1074073413	-0.1743283862	-0.0451724901	-0.1476847138	-0.044496188	-0.047823376	0.0712004479	0.083929301	0.0191274974	0.0379537703	0.067062861	0.0993751981	0.0011340056	-0.1541318143	0.0515082002	0.0057391977	-0.0133961031	-0.1276671254	0.0369059045	0.0604026846	0.1330164797	0.0448462561	-0.0885411125	0.1975261149	0.03283525	0.1084798437	0.2776148252	-0.0095003649	-0.030391967	-0.0716478855	0.1257567903	0.0220059661	0.0177155976	-0.1560522741	0.0782840187	-0.0836969248	0.0707730397	0.0420012211	-0.0442472686	-0.012277213	0.0090940203	0.0013378043	-0.1087769524	0.0363009204	-0.0280930287	0.0664973481	0.0769767419	-0.1170525298	0.0338215412	0.0966657575	0.0732496913	-0.1654302309	0.1321992824	0.1549512738	-0.1535731997	0.1430497353	0.0	0.0322272024022964	0.0127532979347933	0.0001626466082136	0.0010385925746785	0.0991558176549318	0.0426727756602218	0.0018209657825476	0.009831876174818	0.2658254483128104	0.0314240340181016	0.0009874699139708	0.0706631689707066	0.0009854618113234	0.000130380536579	1.6999084318654032e-08	9.711349815767962e-07	-0.0002511523610635	-0.0004863567170389	2.3654285620885666e-07	6.307750846777067e-08	-0.0003088763378413	0.0003822244876284	9.540459207825289e-08	1.4609555894279293e-07	0.0
903.5918686175336	-0.2250778139788281	816478.2650317261	0.0506600223454879	1039.7559000651042	9.18975067138672	84.45151740225265	1081092.331720195	847.0678371616177	0.7729863520269191	717523.920753661	0.5975079004198841	863.2549433278394	733.0122559074649	1.233851	17.860577	0.0932114658391227	0.0591734884903763	-0.1562367361	-0.0482404775	0.1029498797	0.1410173298	0.0193590716	-0.0208968533	0.2923670629	-0.0396386249	-0.0372421157	-0.0512786242	0.0212507379	-0.1873947427	0.0129158033	0.1221477851	-0.0410202452	0.1211539103	-0.0191597846	-0.0532770486	-0.1604017383	0.0373098315	-0.1057817565	-0.1836588525	0.0858027245	0.0505733118	-0.1504123033	-0.0276197528	0.0842918153	-0.0521959445	-0.0452421989	0.0439758477	0.0846572715	-0.1084169471	-0.0713754352	-0.0268103206	-0.2038565733	0.022157988	-0.1202674713	0.0063106632	-0.1156718059	0.0429574287	0.053488564	-0.0329942994	-0.1702296269	0.099297024	-0.0435722594	-0.0788068028	0.2079338014	-0.0045400419	0.0915185336	0.0862778275	-0.0107983885	-0.0675606326	-0.0389662894	0.12518345	-0.1830838389	-0.0428361727	0.0879959319	-0.052182938	0.0287100836	0.0180052063	-0.051644446	0.0677993885	-0.0347823174	0.0830968013	-0.0522170783	-0.1348812344	0.0423284121	0.108302349	0.0029212241	-0.0513668321	-0.0913336395	0.0742245345	0.1198012491	-0.0208842214	-0.1257510719	0.1977842208	-0.0701118489	-0.154747609	0.1476584499	0.0	0.019753541096378	-0.0124736613059184	0.0001555922263747	0.0003902023858462	0.0439661837743159	-0.0551896338806158	0.0030458956878764	0.0019330253156769	0.2657526993126993	-7.27490001111164e-05	5.292417017167214e-09	0.0706244971919859	0.000837976129804	-0.0001474856815193	2.175202625324188e-08	7.022039941212902e-07	-9.221447242935275e-05	0.0001589378886341	2.5261252443480585e-08	8.503508925423861e-09	-0.0005119612007373	-0.0002030848628959	2.621042710603779e-07	4.12434615374871e-08	0.0
903.1701606687697	-0.4217079487639239	815716.3391224511	0.1778375940506762	1032.6664548387714	-7.089445226332828	50.26023361717332	1066400.0069492764	845.378707352218	-1.6891298093996738	714665.1588445071	2.8531595130025784	860.8181260205737	735.5992015338228	1.304988	18.890316	0.0547011345460298	0.0388294709629499	-0.0913039038	0.1500801234	-0.0519048099	-0.0283266636	-0.035543816	-0.1574073537	-0.0054629389	-0.2042126496	0.0402668642	0.0458670621	0.0779545958	0.0922749441	-0.1938292125	0.0757863589	-0.0271524091	0.0097239924	0.1728094624	-0.0601243523	-0.1860015232	-0.0917193159	0.0193428755	-0.0443287831	-0.0569667131	-0.1158085152	0.110355657	-0.0336672475	-0.0499250839	-0.000646084	0.1653592065	0.009115213	0.2671731097	-0.2104496966	-0.1404196997	0.0958632228	0.1031735935	-0.173825287	-0.110181115	-0.031361993	0.057166964	-0.0744265798	0.1751321694	-0.1451308232	-0.0305595169	0.0892989428	-0.0966074899	-0.0092311845	0.1309156978	0.053084598	-0.1787689746	0.0626888718	-0.1968381677	0.1736100349	0.0067829539	0.1303506716	0.1550154538	0.0791144974	0.0449737881	-0.0343377986	0.0111088812	0.0912917359	-0.039712678	-0.0303372357	0.0299257972	-0.0604476448	-0.0770847831	0.0190797722	-0.0189274111	0.1426323489	-0.1647178837	-0.2492675076	0.0121446583	-0.0538360781	-0.1114920549	0.1257010893	-0.1547467466	0.0682711885	0.0963255061	-0.1556892631	0.1513791291	0.0	0.0297554301137523	0.0100018890173743	0.0001000377839158	0.0008853856212543	0.0072937042059919	-0.036672479568324	0.0013448707576891	5.319812104450394e-05	0.2657991131000585	4.641378735920077e-05	2.1542396570251052e-09	0.0706491685247776	0.0008379356889822	-4.044082179994069e-08	1.6354600678545582e-15	7.021362188700743e-07	-0.0002517144431095	-0.0001594999706801	2.5440240646967823e-08	6.336016086992571e-08	-0.0005118945687798	6.663195749995708e-08	2.6203604954625737e-07	4.4398177602760856e-15	0.0
902.4587399191648	-0.7114207496048266	814431.7772564868	0.5061194829682933	1032.8270223280963	0.160567489324876	0.0257819186280941	1066731.658051122	845.9809299993626	0.602222647144572	715683.7339225864	0.3626721167338156	861.9790217532935	730.8273315884592	1.141397	16.522264	0.1152909526920133	0.083690399018782	-0.1711882943	-0.0716713085	-0.0756141925	0.1141770391	0.0121534556	0.124924883	0.0955035319	-0.1464898632	0.1067135369	-0.0520817623	0.1264737458	0.0453023221	0.1004803672	0.1833712733	0.0780450192	0.0394417279	0.0857791542	-0.0225957248	0.052270019	-0.0981110186	0.0746498619	0.0807837558	-0.0949418321	0.0147769943	-0.0463212425	0.0912321392	0.0721404716	-0.1648654136	0.1551559652	0.1563798018	0.1073354135	0.0216981642	-0.1122199618	0.0076113264	-0.0027379701	0.111294924	-0.219853786	-0.0730031144	0.0167285921	-0.0378815571	0.0527778267	-0.0204356974	0.0765733795	-0.0002260138	-0.0950819986	0.0781503844	-0.1057438985	0.1913770089	-0.0419133388	-0.1220214043	-0.1424682638	0.1270378378	-0.0275533591	0.1324356134	-0.0450435142	-0.0621922972	-0.1418834996	-0.0007999546	0.1038588003	0.0885439681	0.0698712503	0.068504807	0.0012480645	-0.0878829077	0.0470181406	0.0918282386	-0.0077746056	0.0779758885	-0.2060586786	-0.0136277889	0.032381426	-0.0052130127	-0.0273295271	0.0267916259	-0.1087484428	0.2088172217	0.0094774121	-0.1563967458	0.1541893965	0.0	0.0392563939516179	0.0095009638378656	9.026831384842992e-05	0.0015410644660846	0.0873699395242226	0.0800762353182307	0.0064122034627406	0.0076335063324663	0.2658229747305256	2.386163046708134e-05	5.693774085475445e-10	0.0706618538945856	0.0008970519754714	5.911628648919999e-05	3.494735328273169e-09	8.047022466971412e-07	0.0002027703275115	0.0004544847706209	2.0655640672642295e-07	4.1115805719120976e-08	-0.0005120913497786	-1.967809987999704e-07	2.6223755051806844e-07	3.8722761488713946e-14	0.0
902.669814995322	0.211075076157158	814812.7949036888	0.04455268777475	1032.1460918351715	-0.6809304929247446	0.4636663361947357	1065325.5548906184	846.8563742470908	0.8754442477281827	717165.7186029287	0.7664026308803638	862.0184736393968	733.9819768486478	1.209915	17.514095	0.1084234197573348	0.0687830346216429	-0.0815708151	0.1994097972	0.0725146202	0.1331762479	0.0367147358	-0.1677100387	0.1148913263	-0.1824072518	-0.0073206837	0.0976927717	-0.0706890153	-0.0661623771	-0.1784963107	0.0558997885	-0.0598230599	0.1097783978	0.011508501	-0.1338619267	0.1394953878	0.1340598096	0.0992173654	0.0482294059	0.0982391165	-0.0363778534	0.0655632507	0.0196396478	-0.0411896772	-0.106986624	-0.0316311299	-0.0014088591	0.0143036261	0.0601680113	-0.1532378789	-0.0258976863	-0.0516255828	-0.1910438261	-0.1191983683	0.0216241526	-0.0780320632	-0.0734309431	0.1523849733	0.1443094038	0.0633925847	-0.1438725252	0.0734929389	0.0134338301	-0.0696209759	-0.0020872832	-0.1098618015	0.0090605677	0.0066551705	0.0357085034	-0.0569380107	0.1569068587	-0.0231259741	0.0313447941	0.1698699752	-0.0351199792	-0.0923344065	-0.1002668896	0.045359851	-0.0710736487	-0.0995955469	-0.0185735541	0.0772432007	0.1909298486	-0.0797141052	-0.1103236438	-0.0357469191	0.0150541559	-0.0035502539	-0.0099446741	-0.0025243925	-0.0218876391	-0.0499469552	0.138618594	0.1153413137	-0.156868993	0.1560723507	0.0	0.0393659910682515	0.0001095971166335	1.201152797439774e-08	0.0015496812527856	0.024989155530676	-0.0623807839935466	0.0038913622116495	0.0006244578941363	0.2491721019527659	-0.0166508727777596	0.0002772515642611	0.0620867363915595	0.0011329604180991	0.0002359084426276	5.5652793303026803e-08	1.2835993089792873e-06	-0.0001467899021661	-0.0003495602296776	1.2219235417225648e-07	2.1547275377933213e-08	-0.000511916704696	1.746450825999965e-07	2.6205871254681164e-07	3.0500904876359594e-14	0.0
903.0030595690528	0.3332445737307807	815414.5255910703	0.1110519459210097	1028.909544103286	-3.2365477318855937	10.475241220773782	1058654.8499468318	846.5594291064567	-0.2969451406340795	716662.8670090499	0.0881764165461932	862.1351866982692	727.1033009784185	1.200948	17.384293	0.1530540876409724	0.085583709065588	-0.0424990238	0.0686916146	-0.1750938275	-0.012334847	-0.1757091416	0.0303868635	-0.0823726266	-0.1032689534	0.0886120148	0.0775883272	0.1067754887	0.1019026522	-0.108042781	0.0648370685	0.1185160807	-0.0640446438	-0.0393980632	-0.04899169	0.0242716521	0.1463184418	-0.0109820815	0.024993185	-0.0408028303	-0.0392370562	0.0157064262	0.0039652078	-0.0378973196	-0.0304976747	0.0013470339	-0.1734185878	-0.0816785951	-0.005253555	-0.0029986557	0.0581883418	0.1274729464	-0.0330685398	-0.0901361219	-0.0797250816	0.0824182222	-0.0429496362	-0.0139211741	0.10885605	-0.1039106747	0.0234491948	-0.0253362196	0.0826396041	0.0718654565	-0.083175317	0.0534512689	-0.0443470299	0.1104906178	0.1340868187	-0.1137997794	0.1005495884	0.1082232747	0.0840922498	-0.0551655347	0.0749800515	-0.0898560131	-0.0905252139	-0.0180682318	-0.0393005568	-0.062769633	0.2447177357	0.0166478799	-0.0036850445	-0.162164481	0.0601507771	0.1273521099	0.0344936206	-0.1024798728	-0.0815635505	-0.1105412327	-0.0336875034	0.0868952262	0.0212285954	0.1403384885	-0.1571052943	0.1570166674	0.0	0.0222395856751518	-0.0171264053930997	0.0002933137616887	0.0004945991710024	0.0650082120611585	0.0400190565304825	0.0016015248855899	0.0042260676353885	0.3225003441895211	0.0733282422367552	0.0053770311095322	0.1040064720023595	0.0012389140261019	0.0001059536080028	1.1226167048811006e-08	1.5349079640720192e-06	-0.0004157700859526	-0.0002689801837865	7.235033926981932e-08	1.728647643730324e-07	-0.0004352428268726	7.667387782339999e-05	1.8943631834405204e-07	5.878883540477669e-09	0.0
