global_signal	global_signal_derivative1	global_signal_power2	global_signal_derivative1_power2	csf	csf_derivative1	csf_derivative1_power2	csf_power2	white_matter	white_matter_derivative1	white_matter_power2	white_matter_derivative1_power2	csf_wm	tcompcor	std_dvars	dvars	framewise_displacement	rmsd	t_comp_cor_00	t_comp_cor_01	t_comp_cor_02	t_comp_cor_03	t_comp_cor_04	t_comp_cor_05	c_comp_cor_00	c_comp_cor_01	c_comp_cor_02	c_comp_cor_03	c_comp_cor_04	c_comp_cor_05	c_comp_cor_06	w_comp_cor_00	w_comp_cor_01	w_comp_cor_02	w_comp_cor_03	w_comp_cor_04	w_comp_cor_05	w_comp_cor_06	w_comp_cor_07	w_comp_cor_08	w_comp_cor_09	w_comp_cor_10	w_comp_cor_11	w_comp_cor_12	w_comp_cor_13	w_comp_cor_14	w_comp_cor_15	w_comp_cor_16	w_comp_cor_17	w_comp_cor_18	w_comp_cor_19	w_comp_cor_20	a_comp_cor_00	a_comp_cor_01	a_comp_cor_02	a_comp_cor_03	a_comp_cor_04	a_comp_cor_05	a_comp_cor_06	a_comp_cor_07	a_comp_cor_08	a_comp_cor_09	a_comp_cor_10	a_comp_cor_11	a_comp_cor_12	a_comp_cor_13	a_comp_cor_14	a_comp_cor_15	a_comp_cor_16	edge_comp_00	edge_comp_01	edge_comp_02	edge_comp_03	edge_comp_04	edge_comp_05	edge_comp_06	edge_comp_07	edge_comp_08	edge_comp_09	edge_comp_10	edge_comp_11	edge_comp_12	edge_comp_13	edge_comp_14	edge_comp_15	edge_comp_16	edge_comp_17	edge_comp_18	edge_comp_19	edge_comp_20	edge_comp_21	edge_comp_22	edge_comp_23	cosine00	cosine01	trans_x	trans_x_derivative1	trans_x_derivative1_power2	trans_x_power2	trans_y	trans_y_derivative1	trans_y_derivative1_power2	trans_y_power2	trans_z	trans_z_derivative1	trans_z_derivative1_power2	trans_z_power2	rot_x	rot_x_derivative1	rot_x_derivative1_power2	rot_x_power2	rot_y	rot_y_derivative1	rot_y_derivative1_power2	rot_y_power2	rot_z	rot_z_derivative1	rot_z_power2	rot_z_derivative1_power2	motion_outlier00	motion_outlier01	motion_outlier02	motion_outlier03	motion_outlier04	motion_outlier05	motion_outlier06	motion_outlier07	motion_outlier08	motion_outlier09	motion_outlier10
880.0464279647432	n/a	774481.715373504	n/a	1079.6266910749982	n/a	n/a	1165593.7920815498	844.958341777118	n/a	713954.599338737	n/a	863.4254664268656	728.209249055326	n/a	n/a	n/a	n/a	-0.0966963263	-0.014782684	0.0647864276	-0.0843653911	0.0802389223	-0.013459505	-0.3731587165	0.1348857788	-0.0378859438	0.0267903855	-0.2908723621	0.3264143302	-0.1443064854	-0.0346404785	-0.0901368452	0.0635714728	-0.1069915205	0.1857674512	-0.0162409012	0.0821565775	0.0272902863	-0.0497635541	0.022723647	-0.0891800401	0.270435909	-0.1318144471	0.0356473613	-0.1693818078	0.0414723254	-0.0498990825	0.0840914804	-0.0921025198	-0.0731304645	0.1588516883	-0.0261088096	-0.0287132639	-0.0561805685	0.0180952387	-0.206903009	0.0266138514	-0.1657396874	0.2540875991	0.0059777703	-0.0198578154	0.1604698171	-0.1172442693	0.1831151226	-0.1672445827	0.2982588074	-0.3816417449	0.0638032262	-0.0666378196	0.0798772085	-0.0515884063	0.0011520351	-0.2272696749	0.0115859494	-0.1616783717	0.1069458356	-0.0871526161	0.1300266299	-0.0273179396	0.0433579578	-0.0009672023	0.0156889859	-0.1887044553	0.0884616449	-0.1170986703	0.0093067484	-0.0957467235	0.0749918825	-0.0509105047	0.0491383293	-0.176319016	0.1493395217	0.1561451084	0.1560591586	-0.035360573054902	n/a	n/a	0.001250370126771	-0.0460009240497925	n/a	n/a	0.0021160850134347	-0.0713927552983761	n/a	n/a	0.0050969255090938	7.799997930995988e-05	n/a	n/a	6.083996772354169e-09	-2.7160619975319378e-08	n/a	n/a	7.37699277443718e-16	-0.0006929996808856	n/a	4.802485577075434e-07	n/a	0.0	0.0	0.0	0.0	0.0	0.0	0.0	0.0	0.0	0.0	0.0
879.184872296009	-0.8615556687342405	772966.0396741496	0.7422781703281044	1060.132823962001	-19.493867112997123	380.0108550191908	1123881.6044416472	844.9385850145637	-0.019756762554266	713921.2124464131	0.0003903296666256	860.5580788414077	728.5801085156331	1.287411	18.427179	0.0704563499901315	0.0412025062448185	-0.1242159999	0.0586933282	-0.09769616	0.050489863	-0.1562057106	-0.2240195003	-0.036849015	-0.1930288035	-0.0725098192	-0.1235995476	-0.0580344182	-0.1221862671	0.0690402662	-0.0331519098	0.085971364	-0.1414269439	0.0114384268	0.2195297863	0.03486879	-0.052951861	0.228084693	0.0410124527	-0.0436974919	-0.2387476214	0.0005908547	-0.1758663046	-0.1041723557	-0.145378217	0.0405883469	-0.1474901107	0.0932387323	-0.1924163664	-0.1504745696	0.022027767	0.0204473449	0.1398050246	0.1142466741	-0.1330882602	-0.1648642337	-0.1394122666	0.2125128892	0.1344341449	0.0024828394	-0.0544730252	-0.0908947219	-0.0536616495	0.0840775959	-0.0832308002	0.078280163	-0.2225565625	-0.0507031955	0.093631047	-0.0239481095	-0.0276818811	-0.132745557	-0.2049354038	-0.0265464209	-0.074843282	0.0858578341	-0.0893585835	0.2001461889	0.1480164505	-0.1120200685	0.0879348725	0.0109303519	-0.2462907221	-0.0199035197	-0.06603859	-0.0596596048	-0.1892545393	-0.0944519496	-0.0519769605	-0.0812606798	-0.1377848707	0.042632836	0.155915944	0.1551433414	-0.0312706512206091	0.0040899218342929	1.6727460610625817e-05	0.0009778536277609	-0.0149824250129029	0.0310184990368896	0.0009621472825015	0.0002244730592672	-0.0453452917134882	0.0260474635848879	0.000678470359206	0.0020561954805813	0.0001300001297285	5.2000150418540135e-05	2.7040156435507997e-09	1.6900033729426833e-08	-3.6296462058160734e-08	-9.135842082841357e-09	8.34636105626151e-17	1.3174331579395018e-15	-0.000558999656465	0.0001340000244206	3.12480615927988e-07	1.7956006544721393e-08	0.0	0.0	0.0	0.0	0.0	0.0	0.0	0.0	0.0	0.0	0.0
878.4993938857754	-0.6854784102335998	771761.1850576747	0.4698806508963833	1056.2124519169051	-3.9203720450959736	15.369316971969988	1115584.7435843206	844.563795921017	-0.3747890935467239	713288.0053805172	0.140466864641575	860.2154822963299	727.3459619785506	1.371345	19.628567	0.0448088371535038	0.0335562547516461	0.0038835117	-0.2046051793	-0.0809431541	-0.2339304431	-0.0363343676	-0.153977244	0.2158770461	-0.0317046414	-0.033747889	0.0983235267	0.0269924941	-0.0030528823	-0.088409965	-0.1834847965	0.0264224832	0.1214631295	-0.1300695427	0.1234610373	0.1353475462	-0.1963621614	0.0483966904	-0.1045863251	0.194720583	0.0827572503	0.0338109608	-0.0424214841	0.0120090218	-0.041744953	-0.1467369973	-0.0700694033	-0.0107239141	0.1136638574	-0.0095159563	0.1563167197	0.1981094469	0.0119833572	-0.1216895775	0.0262175892	-0.2095601992	-0.1104272924	0.0878801594	-0.0608840857	-0.0871432483	0.18228173	-0.0940803937	-0.0803831616	-0.0339334721	0.0206117241	-0.0679103485	-0.0626659086	0.2309142078	-0.1335528493	0.0578841404	0.0860828338	-0.0554913796	-0.1880527122	0.1628603898	-0.0640618509	-0.0579805641	-0.135352935	0.2115522611	0.092374066	-0.0341734389	-0.0053398362	0.1872206072	-0.191144568	0.0538678864	-0.1824554001	-0.1601508453	0.046246626	-0.0080726501	0.1467477506	-0.0169652878	0.1796181557	0.0496918678	0.1554579513	0.1533170814	-0.0353793118568148	-0.0041086606362057	1.688109222350628e-05	0.0012516957074617	-0.0474532302247325	-0.0324708052118296	0.0010543531911045	0.0022518090587614	-0.0482231804821964	-0.0028778887687081	8.282243765056778e-06	0.0023254751358184	0.0002369998689802	0.0001069997392516	1.1448944199931788e-08	5.616893789663196e-08	-6.61874781648919e-08	-2.9891016106731165e-08	8.93472843892862e-16	4.380782265828042e-15	-0.0005589996359976	2.0467400018743528e-11	3.124805930454493e-07	4.1891446352726274e-22	0.0	0.0	0.0	0.0	0.0	0.0	0.0	0.0	0.0	0.0	0.0
877.2862711606351	-1.213122725140238	769631.2015669314	1.4716667462516773	1058.450283283359	2.237831366453974	5.007889224685263	1120317.0021826231	845.034580967192	0.470785046175024	714083.4430303979	0.2216385597020195	861.3890651314397	718.0162992810648	1.26258	18.071764	0.030328169016326	0.0217550105203694	-0.0933537752	-0.1681722097	0.0805322428	0.0058331333	0.0574438676	-0.1556794909	0.1260868468	0.1045937168	0.1110668484	-0.095471292	0.0454357256	-0.1370181114	-0.0057213786	-0.0767960741	-0.067247946	-0.039025856	-0.2751707908	0.0589039131	0.1230693505	-0.1734520789	0.071546161	-0.0153772678	0.0254964909	-0.0242173533	-0.0143388736	0.0832520709	0.0503530408	0.0671224201	-0.1351742054	-0.0490421757	-0.0401271726	-0.1407203677	0.2138670115	-0.0082662158	0.0624020703	-0.1205330524	0.0836863825	0.1221685651	-0.2165823657	-0.1223262604	0.0796766242	-0.0932461338	-0.0581485549	0.0744292732	-0.0758386779	0.083548583	-0.1700547572	-0.0787767258	0.0370864908	-0.0782062656	-0.0726524292	0.0641289776	0.007857342	-0.0443577793	0.0373643943	-0.2199926264	0.2227135915	-0.0790119301	0.0839757107	0.0036308466	0.214675033	0.1538097391	-0.0397814478	0.0901900376	0.0479018734	-0.0605229681	0.0757490609	0.126843774	0.0337048283	-0.0112701506	0.0120572308	-0.1678741528	0.1052819613	0.0333093199	-0.0982980798	0.1547718027	0.1505910958	-0.0181596293810741	0.0172196824757407	0.0002965174645653	0.0003297721392579	-0.0476069845628188	-0.0001537543380862	2.3640396480354425e-08	0.0022664249791644	-0.0485243682803684	-0.000301187798172	9.071408976769868e-08	0.0023546143170088	0.0004899999534932	0.000253000084513	6.40090427635852e-08	2.400999544233382e-07	-1.3692448530555628e-07	-7.073700714066438e-08	5.003724179218405e-15	1.8748314676191502e-14	-0.000558999702564	-6.656640007002973e-11	3.1248066746664055e-07	4.4310856182832544e-21	0.0	0.0	0.0	0.0	0.0	0.0	0.0	0.0	0.0	0.0	0.0
878.2864811272308	1.000209966595662	771387.1429308535	1.0004199772772957	1060.9156266333353	2.4653433499761377	6.077917833271565	1125541.9668348024	846.1046563120935	1.070075344901511	715893.0894330059	1.145061243766088	861.8624709586611	724.1569476262504	1.393496	19.945614	0.1026588867861794	0.0673543625910376	-0.1446877842	-0.0506066707	-0.0024372327	-0.1794127382	-0.0961757974	-0.0590048693	-0.0517890955	-0.0233150065	-0.0340666635	0.1068042635	0.1806313759	-0.0360291882	-0.0388184186	0.1165686949	0.0459817279	0.1794420861	-0.1393932052	0.0596197159	-0.0423819388	-0.0463741065	0.0380084996	-0.1846935928	-0.1211061432	0.0645046333	-0.0904248273	0.0892096227	-0.1087453904	-0.0024829555	-0.1495078976	0.0909831213	-0.0901248697	0.066578833	0.1390066186	-0.1326003606	-0.1226776684	0.0489698837	-0.1695815894	0.058022222	-0.1113572406	0.0895630077	0.0739304353	-0.0240704995	-0.1238855809	-0.0229330493	-0.1933811505	0.0360849496	0.0810855654	-0.0281957984	-0.0786446231	0.1234364913	0.0549365654	-0.1887566856	-0.1027406429	-0.0174492216	-0.024661928	-0.0807443	-0.0869191809	-0.2121461055	-0.1003575238	-0.0652853587	0.0357981795	0.0659370596	0.1425965288	-0.1208031952	-0.0180784887	0.1888297938	-0.0457186329	-0.1706169255	-0.0978068453	0.1568096094	0.2440232937	0.1522746152	-0.0227189479	-0.1704517787	-0.0947672207	0.1538585052	0.1469813818	-0.0190192625141207	-0.0008596331330466	7.389691234315136e-07	0.000361732346581	0.0061394356797563	0.053746420242575	0.0028886776888914	3.76926704658647e-05	-0.0139253001285624	0.034599068151806	0.0011970955169733	0.0001939139836705	0.0002210000573866	-0.0002689998961066	7.236094410536165e-08	4.88410253648805e-08	-6.170900657131996e-08	7.521547873423632e-08	5.657368241220357e-15	3.80800149201921e-15	-0.0005589995089743	1.9358970004303144e-10	3.124804510335085e-07	3.747697196275089e-20	0.0	0.0	0.0	0.0	0.0	0.0	0.0	0.0	0.0	0.0	0.0
880.4288998116815	2.1424186844507176	775155.0476236079	4.589957819483543	1063.3757347142753	2.4601080809400173	6.052131769906374	1130767.9531791247	847.1241084633535	1.0194521512599977	717619.2551398316	1.039282688708637	863.2059042470627	722.1861038334953	1.459514	20.890553	0.2004578812568237	0.1163178916434446	-0.0801578934	0.0013176142	0.0064727578	0.2115822104	-0.1050251531	-0.1571796717	-0.0209929266	-0.1720430148	0.014299373	-0.1153203084	-0.0672888392	0.0065907208	-0.0965225261	0.1172366973	0.0681588251	-0.0711748806	0.0949296214	0.0926884762	0.0088342854	0.2393220722	-0.0503417882	0.0041311969	-0.032372116	-0.1367234874	-0.1027889473	0.1123837985	-0.185178295	0.143968679	-0.3602108019	-0.0993556593	-0.050273188	0.2288773823	-0.0508673565	0.0461338793	-0.1078542931	0.1038719371	0.0654832169	-0.1068624816	-0.010234935	0.0023317174	-0.153927181	0.0148824331	0.1483301588	-0.1133383854	-0.2031370562	0.3099596809	0.0580811897	-0.1387482609	-0.1603990276	0.0589158795	0.0699622805	0.1359067181	0.103790727	0.0671895023	0.1144830163	0.0071766006	-0.1671498355	-0.1838087765	-0.0119752429	-0.1616200425	0.0091500336	0.0949791261	0.2334746577	-0.1652556508	-0.2229649329	0.1790058144	-0.1205738938	0.2111406385	-0.0755183311	0.3585758802	0.065773747	0.0285814601	-0.1773949015	0.0026427671	0.1622355755	0.152719399	0.1425091225	-0.0184305174169026	0.000588745097218	3.466207894983498e-07	0.0003396839722547	-0.0809495102237036	-0.0870889459034599	0.0075844844985757	0.0065528232054574	-0.0755418902081146	-0.0616165900795522	0.0037966041730315	0.0057065771762148	0.0005926822673299	0.0003716822099433	1.381476651883354e-07	3.512722700073112e-07	0.0006508345464415	0.000650896255448	4.2366593535632093e-07	4.23585606841713e-07	-0.0005596930471148	-6.935381405000045e-07	3.1325630698864974e-07	4.809951523282039e-13	0.0	0.0	0.0	0.0	0.0	0.0	0.0	0.0	0.0	0.0	0.0
882.6147713265008	2.1858715148192687	779008.8345637312	4.778034279298284	1066.6531211602296	3.2773864459543347	10.741261916125186	1137748.8808808594	847.5079762717892	0.3838678084356388	718269.7698443036	0.1473544943531803	863.0097419976177	736.4723480529277	1.554986	22.257084	0.161962463991931	0.1144848794370822	0.0427592094	-0.018345786	0.1448096705	-0.1637999065	-0.1931727837	0.0272529858	0.0097477999	0.189313041	-0.1165769252	0.0220087199	-0.0627832439	-0.1051151876	0.225790985	0.012108609	-0.2811583223	0.0099605591	0.2036463047	-0.0456496593	-0.1572429342	-0.0093371213	0.1106485246	-0.1363655261	-0.112977121	-0.0945737796	0.0487246051	0.0416807078	0.1855308809	-0.0095763883	-0.0253487594	0.18279605	0.0174726451	-0.0323352274	0.0352670417	-0.0588942692	-0.0051252912	-0.2441213008	-0.0545036072	-0.1327512561	0.1828594579	0.0049491702	0.1578145332	0.1585362856	-0.0411871159	0.0001312257	0.0320768311	-0.1464480123	0.0521525764	0.0977668874	-0.0578112783	0.0152748358	-0.207549472	-0.0826941274	-0.2421785633	0.0989164825	0.2703957816	0.0561493751	-0.0700619781	-0.008507584	0.0473558396	0.1493623896	0.1298189713	0.1062942667	-0.0320212504	-0.0725595049	0.0571283783	0.1041690346	-0.0154344431	-0.001834285	-0.0172559149	0.0256014454	-0.2589097902	-0.0908222893	-0.0822084879	0.1400976397	-0.1639628645	0.1513561561	0.1372005631	-0.0190289675295787	-0.0005984501126761	3.5814253736203855e-07	0.0003621016052417	0.0238498862997005	0.1047993965234041	0.0109829135116696	0.0005688170765086	-0.0468436228317301	0.0286982673763844	0.0008235905504064	0.0021943250000013	4.718503396797317e-05	-0.0005454972333619	2.975672316055165e-07	2.226427430558782e-09	0.0006619869466533	1.1152400211799957e-05	1.2437603048415572e-10	4.38226717539359e-07	-0.0005590156810992	6.773660156000243e-07	3.124985317148025e-07	4.588247190898523e-13	1.0	0.0	0.0	0.0	0.0	0.0	0.0	0.0	0.0	0.0	0.0
881.5116029535812	-1.1031683729195263	777062.7061417922	1.2169804590099156	1064.8845383908267	-1.768582769402883	3.127885012228772	1133979.0801038442	846.860375694319	-0.6476005774701434	717172.4959211232	0.4193865079396632	862.7589515891068	738.2432353548123	1.441537	20.633253	0.1187017496494022	0.1144326827760623	-0.0071752558	0.1696340525	0.0653867857	-0.0379973717	0.1215025279	-0.024985493	-0.109397063	0.0457442813	-0.2046696581	-0.0223344682	0.0597621539	0.0036858472	-0.0612452068	0.0582894862	-0.1022495005	0.0694164477	0.117547376	0.1319231814	0.1025748026	0.1512662798	-0.1744951697	-0.0142887364	-0.1431439507	0.0184641351	0.0023913275	-0.1872456756	-0.0405257994	-0.1477798901	0.0339325158	0.0817709353	-0.0759594964	0.0369787899	0.1144949114	0.0222304473	-0.0633529296	-0.0505573738	-0.0762024111	-0.1753806906	-0.0904173743	-0.0245940833	-0.1948803782	-0.0001803297	-0.0953412074	-0.0207842909	0.1245961052	-0.034847196	0.3113762558	-0.1253958781	0.0005176893	0.1257249929	0.0083183007	-0.0097535237	0.1781455995	0.0546279195	0.1562600532	-0.1025909146	-0.1996338733	-0.0784700995	0.0661905521	-0.0740622644	-0.1401883582	0.0567365186	0.0429339556	-0.0420229082	-0.0719792567	0.05916003	0.0412518963	0.1741971277	0.0538408273	-0.0329930413	0.0516871123	0.1143410341	0.0028136405	0.0574924525	-0.1083782138	0.1497707771	0.1310868562	-0.0189586347737389	7.033275583979981e-05	4.946696544020894e-09	0.000359429832484	-0.0905396922856738	-0.1143895785853743	0.0130849756889395	0.0081974358791844	-0.0485847608688914	-0.0017411380371612	3.031561664449898e-06	0.0023604789886873	5.1197873909610914e-05	4.012839941637742e-06	1.6102884397203198e-11	2.621222292864418e-09	0.0007079855692049	4.599862255160001e-05	2.1158732766445648e-09	5.012435662023862e-07	-0.0005590182240265	-2.5429273000461203e-09	3.1250137479374217e-07	6.466479253319852e-18	0.0	0.0	0.0	0.0	0.0	0.0	0.0	0.0	0.0	0.0	0.0
882.2806530373997	0.7690500838184562	778419.1507241005	0.5914380314211745	1061.2894103717356	-3.5951280190911348	12.924945473654146	1126335.2125671862	848.0997693365019	1.239393642182904	719273.2187486278	1.536096600283404	863.5032072161684	725.1056377867891	1.549887	22.184103	0.1684762800966676	0.1273659188144186	0.1157662114	0.0727116092	0.1122062567	0.1979991195	-0.2580581984	-0.1198533867	-0.0245743221	0.0132239957	-0.0620834162	-0.1325451694	-0.0895774303	-0.1277336957	0.0372769934	0.1191908076	-0.0971965688	-0.1649919462	0.1336794498	-0.0360493288	-0.0350139097	-0.049446422	-0.1304087834	0.0172562236	-0.1545219363	0.0013910063	-0.1417842881	-0.0279258173	-0.2154100132	0.2070363449	0.084484956	-0.0834814629	-0.0780033738	0.0123553122	0.0959911194	-0.0373185767	-0.1043530409	-0.0942371633	0.1454289153	-0.1511017047	0.1486475255	0.0504637809	0.1339332593	-0.125171724	0.0090054153	-0.1054592377	-0.2186575172	0.1925359757	0.0251410727	0.0085897088	-0.1109056133	-0.1121526035	-0.0553707108	0.1237275696	-0.2511473189	0.0613658978	0.0634174638	-0.0448849483	-0.1105746347	-0.0660005527	0.0236418259	0.112355032	-0.0424808307	-0.0351457069	0.0204760134	-0.0554459395	-0.1830451954	-0.0242985869	-0.0723005845	-0.0751139835	0.1200160288	-0.0180194649	-0.1812700793	-0.0448697841	0.0173157946	0.3219129813	-0.333046243	0.1479655889	0.1242038795	-0.0121721135909211	0.0067865211828178	4.605686976483473e-05	0.0001481603492702	0.0338088935641565	0.1243485858498303	0.0154625708028526	0.0011430412840324	-0.0416246273189528	0.0069601335499386	4.844345903298093e-05	0.0017326095994417	-8.893290593220673e-05	-0.0001401307798418	1.9636635459075967e-08	7.909061757546732e-09	0.0002405247731036	-0.0004674607961012	2.1851959589166117e-07	5.7852166476538275e-08	-0.000558989009688	2.9214338499988085e-08	3.12468712951971e-07	8.534775739918861e-16	0.0	1.0	0.0	0.0	0.0	0.0	0.0	0.0	0.0	0.0	0.0
884.1648684304067	1.8842153930070251	781747.5145665584	3.550267647244619	1066.3531267766102	5.06371640487464	25.641223828996548	1137108.9909862534	848.5762652975975	0.4764959610955657	720081.6780264186	0.2270484009403868	864.21170142685	747.1312021328487	1.544091	22.101143	0.1599728117934832	0.1134485020028296	0.0930971559	0.2336851181	0.1052625325	-0.0913008601	-0.0150725205	-0.0108366092	-0.074129131	0.0027038103	-0.2950677241	0.1040599006	0.0312704868	-0.0128386001	-0.0879117414	0.163756702	-0.101702534	0.092814433	0.1222339617	0.0641069744	0.1557320391	-0.1098645277	-0.2247827886	-0.050830252	0.170651442	0.1933039336	-0.0666264216	0.1829695805	0.0843601533	-0.1281879908	0.153812044	-0.0510579793	0.0306895995	-0.0498586786	-0.0111679323	-0.1361024442	-0.1203053565	-0.0702078228	-0.1790743312	-0.2287754933	0.0045206963	0.0282169732	-0.0990244477	-0.2214721462	-0.0574487967	0.0888631398	0.0227231071	-0.0864261683	-0.1098417659	0.1726788682	0.0793569998	0.190740175	0.007330107	-0.1561461889	0.1612099938	0.0206883247	0.0653942291	-0.1736433861	-0.1602487137	0.1431650765	-0.0235472692	0.1094438737	-0.1598586988	-0.0796926829	-0.2179907947	-0.0727293021	-0.0035136066	0.1504658332	-0.2509453431	0.0239103228	0.2044895814	0.0413087761	0.2206378301	-0.0767465724	0.1124428525	0.1077760151	0.1342880467	0.1459432408	0.1165920251	-0.0153489501705195	-0.0031768365795983	1.0092290653474458e-05	0.000235590271337	-0.0724701189976144	-0.1062790125617708	0.011295228511105	0.0052519181475283	-0.0472101886908546	-0.0055855613719018	3.119849583928156e-05	0.002228801916226	0.0005690001361561	0.0006579330420883	4.328758878715737e-07	3.237611549456604e-07	-1.5912553763541837e-07	-0.0002406838986412	5.792873906514449e-08	2.5320936727760948e-14	-0.0005590000945627	-1.1084874699997945e-08	3.124811057211076e-07	1.2287444711465451e-16	0.0	0.0	1.0	0.0	0.0	0.0	0.0	0.0	0.0	0.0	0.0
881.7899233196225	-2.3749451107842106	777553.4688680258	5.640364279237827	1060.7839283831242	-5.569198393485976	31.01597074600678	1125262.5427159332	846.6914033570041	-1.884861940593396	716886.332518653	3.5527045350975026	862.5440595214067	758.973175236072	1.481137	21.200058	0.0606759420426961	0.0383104275889762	0.0894332654	0.2486226698	-0.0788670272	-0.0074220037	0.1537708029	-0.1393436185	-0.0334269648	-0.0806710321	-0.0573109373	-0.2313311177	0.2065799545	-0.0662745135	0.0146194463	0.0398600855	0.1544374753	-0.1659608189	-0.0602274064	0.048599616	0.1569305957	-0.0527395507	-0.183262762	0.0061869699	-0.165157842	0.0317302528	0.0944350987	-0.120143289	0.2368129815	0.2455700507	0.0034403212	0.1762431544	0.123005224	-0.0973411452	0.0161207664	-0.0276732738	-0.0330715152	0.1300795566	0.1860003728	-0.0491611344	-0.1151205318	-0.0115046227	0.0005159636	-0.2237135109	-0.1182944627	0.0129399194	0.10237563	0.0472179509	0.0406332828	0.0959003245	-0.0541974549	-0.1323902213	-0.1763654183	0.1835658318	-0.0089800245	0.0517131957	-0.0969613559	-0.1023741025	-0.0629016498	0.185944539	-0.0025422794	-0.0129148042	-0.043159038	-0.0203506437	-0.0909926961	-0.074067248	0.0729013888	0.1172908378	0.221134189	0.0837647883	0.1871017751	0.0205382237	-0.0551470217	-0.2967218016	0.0211160654	-0.2157187861	0.0618136608	0.1437067008	0.1082959623	-0.0189333549461281	-0.0035844047756085	1.2847957595405732e-05	0.000358471929516	-0.0371721818846282	0.0352979371129861	0.0012459443644323	0.0013817711060638	-0.0407708223988265	0.0064393662920281	4.146543824290779e-05	0.0016622599590766	0.0004749399753967	-9.406016075940002e-05	8.847313842084176e-09	2.25567980229818e-07	-0.0002131328403065	-0.0002129737147688	4.5357803182449694e-08	4.5425607617116034e-08	-0.0005589492928495	5.0801713200087154e-08	3.124243119769561e-07	2.580814064063909e-15	0.0	0.0	0.0	0.0	0.0	0.0	0.0	0.0	0.0	0.0	0.0
880.520786474129	-1.2691368454935628	775316.8554130186	1.6107083325893514	1061.3767650049058	0.5928366217815437	0.3514552601253531	1126520.637292279	846.3107129047372	-0.3806904522668901	716241.8227773246	0.1449252204471693	862.7160067443632	740.5761020933332	1.659205	23.748814	0.1806956902281449	0.1342511120521501	0.1352324134	-0.0299836504	-0.1437087685	-0.1323204031	-0.1506179206	0.2106361177	0.1213622114	-0.0666250766	0.0215878253	0.2054196124	0.2190814388	0.1178695874	0.1375989804	-0.1064162126	0.0909748137	0.1842294503	0.0334161048	-0.1567714359	-0.1604979023	-0.1552852208	-0.0061902223	-0.0117597166	-0.1637115367	0.0551546649	0.1049898573	-0.0310047452	-0.095839604	-0.078052329	-0.1208374286	0.1966638129	0.1250496316	0.1253198612	-0.2773849311	-0.0791204142	0.127077595	0.0729813327	-0.1788038837	0.1035332773	0.1379296009	0.135200802	0.1479427955	0.0465951798	-0.0507919242	0.0555248851	0.0572967173	0.0553806222	0.1639570125	0.1095684418	-0.1175963338	0.0179635131	0.1032395704	-0.2311565169	-0.1957810172	0.0693464163	-0.1831384107	0.1441415938	0.0448121903	0.0151928653	0.1543555174	-0.1236821064	-0.037459955	-0.2843438594	0.0076806683	-0.0146105458	0.2697484475	0.1213368762	-0.2462192646	0.2095771694	-0.0698912425	-0.1370114747	0.0833127247	-0.1384531846	0.1058730322	0.0960835713	-0.0479175142	0.1412592515	0.0993643757	-0.0190033943134864	-7.003936735830094e-05	4.905512979951031e-09	0.0003611289954338	0.0944238748759147	0.1315960567605429	0.017317522154924	0.0089158681465823	-0.0333953394295747	0.0073754829692517	5.439774902972334e-05	0.0011152486956165	0.0007060002449399	0.0002310602695432	5.338884816137624e-08	4.984363458551988e-07	-6.005927866148397e-08	0.0002130727810278	4.540001001493723e-08	3.607116953337784e-15	-0.0001700001208007	0.0003889491720488	2.8900041072252596e-08	1.5128145843744705e-07	0.0	0.0	0.0	1.0	0.0	0.0	0.0	0.0	0.0	0.0	0.0
880.9694815136016	0.4486950394726818	776107.2273583441	0.2013272384473915	1061.333222725022	-0.0435422798836953	0.00189593013747	1126428.2096598814	845.7132921163746	-0.5974207883625695	715230.9724623164	0.356911598367754	862.3703474560081	730.3392108434846	1.409735	20.178061	0.2510649426615851	0.2047993933094771	0.1511943415	-0.0424394196	-0.0556509135	0.1023924653	0.2251000822	0.1162545081	0.1422934298	0.006074608	-0.0086490629	-0.0571270259	-0.1192098673	0.0715512883	0.0150526549	-0.1782916871	0.000401123	-0.0430721976	0.0796230124	-0.0172106598	0.0656276081	0.1375621574	-0.00514031	0.0767667427	0.1096555917	0.2044155418	-0.171331251	0.0443763078	0.0133877602	-0.0933151567	0.1082285494	-0.0633135191	0.0918296998	-0.1155289154	0.0453765753	-0.0730176453	0.1853022615	0.0020870155	0.0372774844	-0.0608670433	0.0453108252	-0.0119927945	-0.2012786586	0.0264993435	-0.0117857798	-0.1073298043	0.1106983076	-0.0336088126	-0.1475784944	-0.008648198	0.0410880457	0.2881940592	0.1068724586	0.0599747808	0.2548248819	0.0759758222	-0.1349757106	0.0083778213	0.107311695	0.0553375855	0.0132750819	0.1224963047	-0.0279655491	-0.1267733164	-0.1726023111	0.1924501677	-0.1502028288	0.1699468626	-0.1824733684	0.0642310252	0.023598068	-0.0772096745	-0.039515207	0.1055226524	0.1983607805	0.0604492777	-0.0033655991	0.1386044847	0.0898496795	-0.0189246374078919	7.875690559450144e-05	6.202650178821211e-09	0.0003581419010201	-0.1082161799862717	-0.2026400548621864	0.0410629918345499	0.0117107416108211	-0.048210727940912	-0.0148153885113373	0.0002194957367418	0.0023242742885926	0.0006834273263324	-2.2572918607499963e-05	5.09536654460818e-10	4.670729103778528e-07	-0.0002591910193145	-0.0002591309600358	6.714885444909536e-08	6.717998449328952e-08	-0.0005589110898067	-0.000388910969006	3.123816063089131e-07	1.512517418131859e-07	0.0	0.0	0.0	0.0	0.0	0.0	0.0	0.0	0.0	0.0	0.0
881.9218875926821	0.9524060790804468	777786.2158150394	0.9070773394693904	1059.8337389448998	-1.4994837801223184	2.248451606849917	1123247.554205926	845.3533675177249	-0.3599245986497408	714622.3159735576	0.129545716713177	861.2486173718788	735.5293031079996	1.266211	18.123739	0.1991261736267678	0.1403125356789235	0.1813109321	0.0303449187	-0.0574453976	0.0570300585	-0.0520332329	-0.0105284842	0.1018679639	0.01677433	-0.0310602794	-0.1826458966	0.0915404581	0.0067961851	0.1764835442	-0.1643420583	-0.0090841329	-0.1672397963	0.1586051751	0.0365859969	-0.1703157932	0.0731662436	-0.0111936425	-0.1373459889	-0.1349031264	0.0677233553	-0.1302379965	-0.0495129925	-0.0368547977	0.0001376022	0.2001665878	0.0919439716	-0.1264190893	0.0818317884	0.0282750593	-0.0330577993	0.1671468595	-0.0231003467	0.1653485878	-0.1273023419	0.0715358173	0.183350215	0.0965304647	0.0845055986	-0.0763155076	-0.0696233707	0.0140525022	-0.006447059	0.0669423033	0.0320597613	-0.0970397454	0.1264622543	0.0236249278	0.1072696454	-0.1871423727	0.104127095	-0.1339970744	0.0471700446	0.0129651061	0.2012328009	-0.0558761874	0.060636639	-0.0860321702	-0.0082639617	-0.0973843747	-0.0192136875	-0.0594867803	0.1190898545	0.0705251992	-0.2544554319	-0.0223021826	-0.0103173994	0.0256940827	-0.0785541914	-0.0749655703	-0.1376922079	0.0404944421	0.1357462967	0.0798077096	-0.0074289509080358	0.011495686499856	0.0001321508081029	5.518931159400594e-05	0.0265083042179128	0.1347244842041845	0.0181506866440835	0.0007026901925094	-0.0398322055336848	0.0083785224072272	7.019963772840831e-05	0.0015866045976777	0.0002019794077695	-0.0004814479185629	2.3179209828854881e-07	4.0795681162917964e-08	-0.0002030208922121	5.61701271024e-05	3.1550831786997713e-09	4.1217482674597136e-08	-0.000205979525162	0.0003529315646447	4.242756478596299e-08	1.2456068932255606e-07	0.0	0.0	0.0	0.0	0.0	0.0	0.0	0.0	0.0	0.0	0.0
881.1780734051971	-0.7438141874849862	776474.7970500949	0.5532595455039502	1059.1651682965633	-0.6685706483365266	0.4469867118171234	1121830.8537326872	845.7899417590544	0.4365742413294811	715360.6255807846	0.1905970681924119	862.0464764585589	739.3074224030912	1.279107	18.308323	0.135989774826289	0.0873992049614695	0.2027639844	0.0019957449	-0.0284389082	-0.1265943876	0.0975094515	-0.024496376	0.201719787	0.0329816691	-0.120157769	0.0769493598	0.118293589	0.0955493763	-0.0834548173	-0.1598213956	-0.039064917	0.0981109824	0.0266400389	0.0166433502	0.1695681841	-0.0508274016	-0.0507174251	0.0381300525	0.1476940871	-0.0374954025	-0.0463053492	-0.0434001171	0.0253300789	0.1240577049	0.1646578773	0.0123160231	-0.0750185974	0.2905429166	-0.1864778486	0.077474014	0.1820702855	-0.0295090767	-0.1128572162	-0.0297639737	-0.039323014	-0.0139723224	-0.0402450049	-0.1320324987	-0.050774395	0.0621481124	-0.0311978341	-0.1037200624	-0.0576849374	0.0205783331	-0.0165729616	-0.1272678092	0.0208415847	-0.1135557269	0.1551329963	0.0892272272	-0.0675146206	0.0159439229	0.1042485785	0.2371794031	-0.0133100592	0.0255353192	-0.0563445813	-0.2341109435	-0.1509507238	0.1035695167	0.1574830523	-0.0596265385	-0.1164738191	0.0132052626	-0.2304034077	0.1474438374	0.0348042731	-0.0289964585	-0.0555289039	-0.0418198641	0.0403396877	0.1326888823	0.0692973963	-0.0002077843858501	0.0072211665221857	5.214524594113552e-05	4.317435100310325e-08	-0.056442498583479	-0.0829508028013918	0.0068808356853953	0.003185755646346	-0.0465015267039063	-0.0066693211702215	4.447984487156471e-05	0.0021623919857941	0.0004799008106708	0.0002779214029013	7.724030619062673e-08	2.30304788082491e-07	-0.0003551341682599	-0.0001521132760478	2.31384487499942e-08	1.2612027746565098e-07	-0.0005589145328627	-0.0003529350077007	3.1238545504513016e-07	1.2456311966069317e-07	0.0	0.0	0.0	0.0	0.0	0.0	0.0	0.0	0.0	0.0	0.0
878.181459243048	-2.996614162149058	771202.6753582492	8.9796964367923	1063.0406856626412	3.875517366077929	15.01963485477161	1130055.4993740984	845.6490607642025	-0.140880994851841	715122.3339713779	0.0198474547104444	862.254997113132	732.9480676508188	1.561778	22.354301	0.0880142463677085	0.0553192906556906	0.0105711674	0.0156551088	0.0543843914	0.071871942	0.3094215433	-0.0306846078	-0.0659615954	0.1324484325	0.2533864356	-0.2010931806	0.2775576443	0.1315454377	-0.1234531795	0.0089302897	0.0679455517	-0.2126436375	-0.2778361139	-0.001641781	-0.1229126475	0.0171217951	-0.1524787668	-0.0022206996	0.0095136654	0.0662163446	0.1247315114	0.374858272	0.0458653255	0.0722538871	0.2189551238	0.0050330213	-0.2488202762	0.1636278967	-0.0193351697	0.0882220091	-0.0272230477	-0.0216486407	0.242992021	0.230027393	-0.1229084503	0.2437123164	-0.0914718261	-0.0846794518	-0.0619066589	0.023214594	0.1985137535	0.1405921436	-0.0612435697	0.4651019226	-0.0684124696	-0.0441766677	-0.0229482804	0.213399208	-0.0411391709	-0.0230036608	-0.0362023724	-0.0048395896	0.0764939154	0.1080366333	-0.0726537958	-0.0297525719	-0.0996193292	-0.2175783883	0.2778884477	0.1309148875	0.029410672	-0.1018093726	0.2312466994	0.114773066	-0.0578511922	0.2784477574	-0.1626238753	0.0440938299	-0.1338027486	0.0598873656	-0.0027671928	0.1294367287	0.0583804184	-0.0157243556044761	-0.015516571218626	0.0002407639823826	0.000247255359176	-0.0057735510654453	0.0506689475180337	0.0025673422425852	3.3333891905304563e-05	-0.0397221718482825	0.0067793548556238	4.5959652258470025e-05	0.0015778509363444	0.0002508805825557	-0.000229020228115	5.2450264885892425e-08	6.294106670348742e-08	-0.0004270700828428	-7.19359145829e-05	5.174775806878284e-09	1.8238885565935605e-07	-0.0005589458456732	-3.1312810499996464e-08	3.124204583953287e-07	9.804921014086887e-16	0.0	0.0	0.0	0.0	1.0	0.0	0.0	0.0	0.0	0.0	0.0
876.7194687620241	-1.4619904810239177	768637.0269063658	2.137416166604546	1058.2730894849894	-4.76759617765174	22.72997331315948	1119941.9319281045	845.5065996291321	-0.1424611350704481	714881.4100164175	0.0202951750055604	861.619724338429	727.0678668157035	1.78288	25.519011	0.1146896747541464	0.0609579571363587	-0.121593181	-0.0066394421	-0.1819350567	-0.1604562336	-0.0508655356	0.3568617893	0.0181930388	-0.1781441251	0.2389930183	0.3234801258	0.0222258805	0.0445364847	0.386573984	-0.0375661591	0.1826068351	0.2280687934	0.0065707621	-0.0029119041	-0.2200359326	-0.0520238999	0.1723588192	0.0041998063	-0.0790560133	-0.0180985199	0.092324493	0.142702429	-0.126516371	0.1954190868	0.039424326	-0.1532263319	-0.0484331217	-0.1554378137	-0.1566999527	-0.1052366076	0.0145802243	0.1890823788	-0.2271932949	0.1452870402	0.06329512	0.0851343624	0.1612557156	0.2743431355	0.073930283	0.0406001099	0.1240036021	0.2564533887	-0.0922793227	0.1676342695	0.0218978261	0.065590156	-0.0281968141	-0.2374547793	-0.0898371835	-0.0797845925	-0.2013327028	0.1006664903	-0.0418741776	-0.0427314495	0.0368242429	-0.0669439472	-0.0869157295	-0.039048336	0.1702390106	0.3529114832	-0.0764335413	0.1101114704	0.0913622914	-0.0646130099	0.1290200735	-0.0636424118	0.0416121027	0.1664979806	-0.1172874005	-0.0364375254	-0.0788000615	0.1259946088	0.0471208409	-0.0163709382093344	-0.0006465826048582	4.1806906490534267e-07	0.0002680076178538	0.0237059408129596	0.0294794918784049	0.0008690404414089	0.0005619716298275	9.43036812657283e-05	0.0398164755295482	0.0015853517235951	8.893184300268074e-09	-0.0001860323428844	-0.0004369129254401	1.908929044166264e-07	3.4608032599058975e-08	-0.0001919686968716	0.0002351013859712	5.527266168557915e-08	3.6851980578580246e-08	-0.0003360176622578	0.0002229281834154	1.1290786934919696e-07	4.969697496089023e-08	0.0	0.0	0.0	0.0	0.0	1.0	0.0	0.0	0.0	0.0	0.0
880.5284681253947	3.808999363370617	775330.3831792542	14.508476150157769	1060.6991651651444	2.4260756801550087	5.885843205839588	1125082.7189820344	845.597584983517	0.0909853543848839	715035.2757299562	0.0082783347125429	862.1499092986932	719.731640077867	1.774067	25.392868	0.2337212119786655	0.1349230740121693	0.1187369192	-0.1565954973	-0.1236029129	0.2228031978	0.0384338965	0.112912489	0.1958549134	-0.0822413117	-0.0027770084	-0.0201753773	-0.3111536262	0.0709255383	0.1904972194	-0.2046826113	-0.0494000461	-0.1066608273	0.1175881488	0.0216114442	-0.0054636073	0.1612457475	0.0658429894	0.0801604067	0.1623213952	0.0695932115	0.295047711	-0.0738618698	0.0465430807	-0.0334744263	-0.1170948769	0.0945813228	0.0832566812	-0.0081066343	0.0550431248	-0.0012736964	0.1965932458	-0.0046649513	0.0801862426	-0.0965896029	0.067316016	-0.1107459862	-0.2383111071	0.2618571206	0.2108059818	0.2033250965	0.0686701619	0.0478949571	-0.128262245	-0.1047637117	0.0439131346	0.045002355	0.0362838906	0.1482313238	0.1560361871	0.1695894783	-0.0381827054	0.1531285484	0.1116774184	0.071020693	0.049104583	0.027236283	0.0460268599	-0.0599582878	0.1877849359	0.1214267123	-0.160456615	0.0715037556	-0.0938385503	-0.1305980529	0.0380056127	-0.13261991	-0.2370450902	-0.004240027	0.0336216705	-0.0563211805	0.1718657436	0.1223675745	0.0355847396	-0.0163026001136188	6.833809571559976e-05	4.670095326034474e-09	0.0002657747704645	-0.0834975098730268	-0.1072034506859864	0.0114925798389827	0.0069718341549962	-0.0524067541329884	-0.0525010578142541	0.0027563610716156	0.0027464678787554	0.0006990024136636	0.000885034756548	7.832865202979777e-07	4.886043743075386e-07	0.0001099846338707	0.0003019533307422	9.11758139463688e-08	1.2096619687671929e-08	-4.403844189391256e-05	0.0002919792203638	1.939384364443513e-09	8.525186512430354e-08	0.0	0.0	0.0	0.0	0.0	0.0	1.0	0.0	0.0	0.0	0.0
881.6336897382588	1.1052216128640566	777277.9628814964	1.2215148135418266	1061.2041565801055	0.5049914149610686	0.2550163291843821	1126154.261942893	846.1128168183255	0.51523183480856	715906.8987842413	0.2654638436001953	862.3699250794537	736.1204119410967	1.363345	19.514055	0.2113369662797355	0.1189238215626918	0.1059165565	-0.052067318	0.1052133224	-0.0656394076	0.0156220175	-0.0891866525	0.1462858301	0.0544110649	-0.0662290805	-0.0390653814	0.0715670916	-0.1705475758	-0.0057510749	-0.1182258602	-0.1297807397	-0.0952721407	-0.0024634938	-0.016912292	-0.0247966999	-0.1404210709	-0.1288291047	0.1831710061	-0.0144636117	-0.118496944	-0.0489731987	0.0758981582	0.1303840318	-0.043011375	-0.0556272157	-0.0283113523	0.1081332807	0.1579300667	0.0550974003	-0.110840167	0.1125576436	-0.1431436321	0.0474216985	-0.0234012138	-0.0297423438	0.0698203921	0.0876380749	-0.164036891	0.238437622	0.0757984551	0.0969743667	-0.0722398455	-0.0948985344	-0.0433647716	-0.0123814363	0.2086728913	-0.2253833418	0.0412178098	-0.1458599604	0.0529984333	0.1032435963	0.0074185587	0.068515713	0.2358757779	-0.1960928081	-0.050287572	-0.1651816737	0.0234231104	0.0455930129	0.0399884026	-0.0554752529	-0.0661625632	0.0872712466	-0.0312803833	-0.0572213816	0.0016814463	-0.1443097899	0.139220127	0.041391098	0.0733063613	0.1259306435	0.1185609488	0.023839813	0.0058578758329304	0.0221604759465492	0.0004910866941775	3.431470927403003e-05	0.0190921770837206	0.1025896869567474	0.0105246438698834	0.0003645112257961	-0.0322688439353839	0.0201379101976044	0.0004055354271267	0.0010412782889261	-0.0001160242417531	-0.0008150266554167	6.642684490397322e-07	1.3461624674381794e-08	-0.0002689892532239	-0.0003789738870946	1.436212070995906e-07	7.23552183499514e-08	-0.0001790157629593	-0.0001349773210653	3.2046643387900284e-08	1.821887720198868e-08	0.0	0.0	0.0	0.0	0.0	0.0	0.0	0.0	0.0	0.0	0.0
879.4712909743347	-2.1623987639241022	773469.7516480628	4.675968414220486	1062.3253140874872	1.1211575073816675	1.2569941563582738	1128535.0729510784	846.9468016166908	0.8339847983652362	717318.8847687421	0.6955306439043036	863.4962249928519	733.031079642983	1.290031	18.464685	0.1518509465152151	0.08118014386828	0.007333613	0.0255315094	0.1274666415	-0.0405225649	0.1657061111	0.1441049164	-0.0218944643	0.1627863456	0.1121180839	0.0801013893	0.0080731781	0.0140536176	-0.0315131057	0.0864888857	0.0089658209	0.1331828785	-0.1699246447	-0.115760005	0.0580645207	0.0162825411	-0.196450224	-0.0340182214	-0.0647860954	0.0872322925	-0.0117654117	-0.079619392	-0.0790275216	-0.1531678948	-0.0243072123	-0.1121868163	0.2233143875	0.1697333781	0.0096993158	0.0737113186	-0.0986869711	-0.0838543773	-0.0506005459	0.2193651532	0.0006277331	-0.0138350225	-0.0873393624	-0.1581343196	-0.1042536446	0.0867235204	0.0185263048	0.0841173974	0.07582045	-0.1857978473	0.0498352514	0.0900501103	0.1091931667	-0.0261051067	0.0403065141	-0.0507320933	0.1011585065	0.0071110479	0.0548700882	0.0076324751	0.0932165822	0.1215429658	-0.1685798854	-0.0785527687	-0.0434844958	0.0958457524	0.0058232798	0.0355138263	0.3379173172	-0.0636617908	-0.0020360843	0.0020612407	0.0523661505	0.2146539378	0.0882955058	-0.0746323956	0.0357543927	0.1145803187	0.0119549848	-0.0135148717733954	-0.0193727476063257	0.0003753033498184	0.0001826517590513	-0.0501219586408581	-0.0692141357245787	0.0047905965841004	0.0025122107379958	-0.0250564952751233	0.0072123486602606	5.201797319716287e-05	0.0006278279554722	0.000139060839984	0.0002550850817371	6.506839892482298e-08	1.9337917217055658e-08	0.0002169609769286	0.0004859502301525	2.3614762618526773e-07	4.7072065509812505e-08	-0.0005590147415507	-0.0003799989785914	3.124974812709959e-07	1.443992237305073e-07	0.0	0.0	0.0	0.0	0.0	0.0	0.0	0.0	0.0	0.0	0.0
879.6142280433666	0.1429370690318592	773721.1901763277	0.0204310057034184	1065.9523355546692	3.627021467181976	13.155284723398893	1136254.381674454	848.7576281244355	1.810826507744764	720389.5112994176	3.279092641151098	864.8342655672885	722.5274088727853	1.240086	17.749805	0.1519365100123356	0.0970882359654456	-0.0411340038	0.0156889416	0.0902925026	0.1686673661	-0.1278498293	0.1143315496	-0.110155368	0.1379523244	0.1532656073	0.0139476706	-0.0267527095	0.0161008446	0.1326745975	0.1904365303	0.0385632572	-0.0494502906	-0.014344514	-0.2535499203	0.0176121127	-0.0136428178	-0.0261693274	-0.1202319618	-0.0517084025	-0.0529476791	-0.1112571297	-0.0755478906	-0.1087544687	0.0248170097	0.0150936304	-0.126780861	0.136239055	-0.2402105014	-0.0873421739	0.1268180336	-0.1706249785	-0.0443250842	0.0489209622	0.1524209834	0.2404972584	0.0271803872	0.0401499071	-0.0851855452	-0.1081499673	0.0317689875	-0.1992416246	0.1017359006	0.0212040997	-0.1114493256	0.1040366801	-0.0431185358	-0.0156351738	-0.001593128	-0.1832834484	-0.1023569101	0.0606920766	0.097915495	-0.0276698531	-0.0610733975	0.0753454517	0.1410876306	-0.1691509365	-0.061632283	0.0851434795	0.0602471364	0.0639477339	-0.065278527	0.0730988229	-0.0573303458	0.0287275654	-0.164999124	-0.0229230533	0.125740857	0.0312511626	-0.0518180894	-0.038523366	0.1104315261	-0.0	-0.0136041734123608	-8.930163896540139e-05	7.974782721906895e-09	0.0001850735342335	0.0340372563742334	0.0841592150150914	0.0070827734719564	0.0011585348214852	-0.0042759654836146	0.0207805297915087	0.0004318304184157	1.8283880817063443e-05	0.0001019615821332	-3.7099257850800016e-05	1.3763549330801463e-09	1.0396164231105288e-08	0.0003150124312782	9.805145434959998e-05	9.614087700071688e-09	9.923283185980269e-08	0.0002439838175843	0.000802998559135	5.9528103243008987e-08	6.448066859728861e-07	0.0	0.0	0.0	0.0	0.0	0.0	0.0	0.0	0.0	0.0	0.0
879.4116333446063	-0.2025946987602083	773364.8208618284	0.0410446119657395	1062.4986378844355	-3.4536976702336237	11.928027597377158	1128903.355506281	846.734474914198	-2.023153210237524	716959.2710082226	4.093148912094399	863.2498314437975	732.0568338289436	1.565214	22.403486	0.2222493163211578	0.1546276882800902	-0.1126222304	0.018764748	-0.1420772952	-0.0392190132	0.1795215988	0.1443684857	-0.0190930027	-0.0602823145	0.0221932495	0.0850901731	-0.1015704892	0.0333315959	-0.2455678818	0.0210995232	0.1287593095	0.0703700486	0.1274871095	-0.0238318569	0.0680023864	-0.003937175	0.0915719753	0.1852939957	0.0604523193	0.0791340991	-0.1596089065	0.2613090444	0.1571061178	0.126165585	-0.1248427229	0.0384130806	-0.0194574063	-0.1787890283	-0.0837820431	0.1242471699	-0.0225256285	0.1505631301	-0.0538092662	0.0156534142	0.0825513455	-0.015317431	-0.0185551542	-0.0776969529	0.0124727853	-0.3208200081	0.0939982719	0.0346984484	-0.2340727041	-0.0196054293	0.2065360172	0.019017055	-0.0646386782	0.0040178823	0.2112856469	-0.0025485623	0.0263130566	0.1883560107	-0.0722551461	0.1161061845	-0.0188113494	-0.0086822451	-0.0561815155	0.2708776118	0.1021682566	0.0160434535	0.1686801822	-0.0002853858	0.0418696062	-0.015254334	0.1252192135	-0.1506468091	-0.0351055489	-0.042238631	0.0502134491	-0.0868248599	-0.1485956962	0.10612066	-0.0119549848	-0.0136677104316618	-6.353701930099896e-05	4.036952821655515e-09	0.0001868063084437	-0.1124173233613419	-0.1464545797355753	0.0214489439255239	0.0126376545917285	-0.0247969333041311	-0.0205209678205165	0.0004211101202906	0.0006148879012895	0.0007060218279756	0.0006040602458424	3.648887806071808e-07	4.984668215780078e-07	0.0002389364178159	-7.60760134623e-05	5.787559824316051e-09	5.7090611758694336e-08	-0.0001800845580263	-0.0004240683756106	3.2430448039527815e-08	1.7983398719301297e-07	0.0	0.0	0.0	0.0	0.0	0.0	0.0	1.0	0.0	0.0	0.0
880.285601336566	0.8739679919596028	774902.7399204795	0.7638200509699005	1060.991348051689	-1.5072898327464372	2.2719226399007826	1125702.6406405405	846.3448902637283	-0.3895846504697147	716299.6732755223	0.1517761998816097	862.5271690414515	722.1465518208788	1.493553	21.377775	0.2090012166005972	0.1370027404131011	0.0352615434	-0.1417190401	-0.1474188643	0.2322833734	-0.1244814095	0.0666018427	0.0727105005	-0.0700562613	0.1212593485	-0.1815205767	-0.2026171012	0.0066416815	-0.0238626194	-0.1413530563	0.0571775573	-0.1298585405	0.1678564678	-0.1600266297	-0.091075071	0.1868607812	0.1241853752	-0.044181454	0.0845759999	-0.0230806977	0.1293072014	0.0303053619	-0.0482266327	0.0425109382	0.0283205369	0.1342519019	-0.0283539474	-0.1026670069	0.0079191267	0.0407628904	0.135017304	0.0418942149	0.180146692	-0.0146064347	0.2296039188	-0.0307286521	-0.0287003117	0.1728915585	0.0407454412	-0.1090324	-0.153729688	-0.0773567143	0.0979232715	0.0895221277	0.0584476201	0.0187249766	0.065173348	0.1340369609	-0.1392956496	0.0898987816	-0.0425852738	0.241868559	0.0818480448	-0.0649529418	0.0888478255	0.0634363602	-0.151429843	0.1950871552	0.0104572214	-0.2153437734	0.0465530317	-0.0911586469	-0.1594837327	-0.0241603894	-0.0874090688	-0.0875534642	0.0879862027	-0.0283319612	0.0477518577	-0.2291176863	-0.0059013291	0.1016540472	-0.023839813	0.0078913906146169	0.0215591010462787	0.0004647948379236	6.22740458324637e-05	0.0175550574167857	0.1299723807781276	0.0168928197651345	0.0003081800409066	-0.027285616803212	-0.0024886834990809	6.1935455585975525e-06	0.0007445048843317	0.0003229614658084	-0.0003830603621672	1.4673524106366646e-07	1.0430410839711033e-07	0.0006580192399725	0.0004190828221566	1.756304118267405e-07	4.329893201739866e-07	0.0001173932831921	0.0002974778412184	1.3781182938620588e-08	8.84930660159596e-08	0.0	0.0	0.0	0.0	0.0	0.0	0.0	0.0	0.0	0.0	0.0
881.2417468016058	0.9561454650398672	776587.0163059456	0.9142141503163042	1061.6144061021405	0.623058050451391	0.388201334232288	1127025.1472436006	845.984007942332	-0.3608823213962751	715688.9416941717	0.1302360498963644	862.5557586826394	726.705201782125	1.486974	21.283606	0.1085639818811299	0.0778082081699518	0.0951664109	-0.1060514698	0.0613710332	-0.1299007717	0.0052498381	0.0226954955	0.1694456906	-0.0073952925	-0.109319795	0.1849998183	-0.0237765041	-0.0389433727	-0.2135924556	-0.13369665	-0.1120342133	0.1928487957	0.0240598477	-0.0735268543	-0.0669301812	0.0025288163	0.0348751369	0.244629931	0.1190040197	-0.0975783184	-0.1408372643	-0.0378991227	0.0398015194	-0.0284090108	-0.0009695031	-0.1100236893	-0.1573006128	-0.0559238343	0.013924618	0.1922588762	0.1299353309	-0.0870409811	-0.2015293969	0.0324588694	0.0176856485	-0.019794785	0.0026324766	-0.0562727682	0.3178139583	-0.0954228533	-0.0140891336	-0.1378382252	-0.0213919467	-0.1368569466	0.0321063405	0.040691705	-0.0184546666	-0.1794356172	0.1020118265	0.0396596577	0.1442318421	0.1320587173	0.0869061447	0.0460626099	-0.2031541524	-0.0976812555	-0.1652209101	0.1334358248	0.0538971388	-0.2188816499	-0.0250311467	-0.2935191842	-0.0526448563	0.1157031103	0.0699767719	-0.0036417014	-0.0379286496	-0.0538096077	0.1086480388	0.1188997368	0.0816939324	0.0970382431	-0.0355847396	0.00767900368308	-0.0002123869315369	4.510820868766016e-08	5.89670975647562e-05	-0.0555637268951727	-0.0731187843119584	0.0053463566192586	0.0030873277464813	-0.0287152915140467	-0.0014296747108347	2.04396977880029e-06	0.0008245679667366	0.0005489874429943	0.0002260259771859	5.1087742362840993e-08	3.013872125654198e-07	0.0002080322438073	-0.0004499869961652	2.0248829671777974e-07	4.3277414463499913e-08	0.000117443028377	4.974518490000483e-08	1.3792864914360828e-08	2.474583420735669e-15	0.0	0.0	0.0	0.0	0.0	0.0	0.0	0.0	0.0	0.0	0.0
881.7525891081483	0.5108423065424859	777487.628398923	0.2609598621536471	1064.8233235677085	3.2089174655679926	10.29715130082731	1133848.7104137808	848.3192369405934	2.335228998261414	719645.5277634707	5.453294474321006	864.9952797849243	723.7580032094743	1.415396	20.259089	0.0869975805831988	0.0411426981105196	0.0129762557	-0.0664403014	0.1221845054	0.1555244189	0.1532522996	0.1164816672	0.0139816425	0.1296221713	0.1114270655	-0.0643044411	-0.1282288522	-0.134252457	-0.0696222162	0.0386398976	-0.0838781194	-0.1511447724	0.0096418905	-0.3524596901	0.0151108118	-0.0364100667	0.0765583594	0.14984887	0.0578046895	-0.0845467415	0.1020671924	-0.0590173077	-0.1061131067	-0.3151303455	0.0145120915	0.0855829238	-0.0853239241	0.0386525672	0.1047971337	-0.0537274188	-0.0303620223	-0.1149019553	0.1490194114	0.11106014	0.202904329	-0.2235392646	0.0072918678	-0.0149475738	0.211263249	0.0911151254	0.2251437995	-0.096729316	0.1895428844	0.0283445044	0.0043087492	0.0701908968	0.1999178792	0.2077650053	-0.0016270188	-0.0281165143	0.23821673	0.1933009168	0.0915016686	-0.0941180464	0.0733851782	-0.1787507739	-0.0879838642	-0.0117816977	-0.1573617483	-0.1532950339	0.0411724202	-0.0428954117	-0.0530744657	0.1041393541	-0.0937213902	-0.2570438646	0.0901660776	-0.0081362113	-0.0908299386	-0.0450390339	0.1445986068	0.092280022	-0.0471208409	-0.0095236852778413	-0.0172026889609213	0.0002959325074862	9.070058127137112e-05	-0.0349782833993401	0.0205854434958326	0.0004237604839201	0.0012234803095645	-0.0274251357818968	0.0012901557321499	1.6645018131992467e-06	0.0007521380726554	0.0002890624782185	-0.0002599249647758	6.75609873137009e-08	8.355711631382079e-08	0.0005689680387914	0.0003609357949841	1.3027464810080424e-07	3.237246291661321e-07	-0.000220082059749	-0.0003375250881259	4.8436113023362404e-08	1.1392318511446405e-07	0.0	0.0	0.0	0.0	0.0	0.0	0.0	0.0	0.0	0.0	0.0
883.1646558845385	1.4120667763902477	779979.8094036554	1.9939325809851447	1066.8110903171307	1.987766749422235	3.951216650108639	1138085.902423625	849.3150847153856	0.995847774792196	721336.1131251027	0.9917127905585684	865.4029579351444	727.9522916695441	1.327948	19.007404	0.0868018498989196	0.0561503691164836	0.012306976	0.0682894166	0.1470170021	0.0113102701	-0.1589447202	0.1133472968	-0.0944555234	0.1276684664	-0.0598304105	0.0981924184	-0.0153089114	-0.1014867232	0.1538758811	0.1966678814	-0.0796670956	0.0394821438	0.0650709709	-0.2138448873	-0.1564495517	-0.2462616976	-0.0088650462	-0.0079413381	0.0093723571	0.073798132	-0.0128220267	0.0236071474	0.0708899423	-0.0382735041	0.0999773113	-0.0800534311	0.0603514441	-0.1385303013	0.1974710484	0.07447572	-0.1628427932	-0.1098288229	-0.0561052109	0.0298970277	0.2240418158	0.0827833174	0.2100812922	-0.0833854198	0.0131815901	0.1261281056	0.1086560393	-0.015608076	-0.1730564472	-0.1967178355	0.1003810083	-0.0386611834	-0.0152350425	-0.0510941356	-0.1350527685	-0.0915302291	0.1326573004	0.1371335843	-0.0834100727	0.0381156779	-0.1249189272	0.2137782661	0.0001019733	0.1482680619	-0.2449889412	-0.0284904712	0.0547741773	-0.0208370909	0.0001294382	-0.0511021425	-0.0045633912	0.0076476586	0.104066838	0.1313978393	-0.0554420937	0.1025202791	0.1192326178	0.0873863672	-0.0583804184	-0.0095325613161776	-8.876038336299089e-06	7.87840565474511e-11	9.08697252466856e-05	-0.0177445261765285	0.0172337572228116	0.0002970023880148	0.0003148682092295	-0.0280530941633685	-0.0006279583814716	3.943317288605563e-07	0.0007869760921388	0.0002445253473525	-4.453713086599999e-05	1.983556025775208e-09	5.979264549786077e-08	-0.0004269856419221	-0.0009959536807135	9.919237341267683e-07	1.823167384076278e-07	0.0001180522937975	0.0003381343535465	1.3936344070851256e-08	1.1433484104830947e-07	0.0	0.0	0.0	0.0	0.0	0.0	0.0	0.0	0.0	0.0	0.0
881.453662625421	-1.710993259117572	776960.5593557694	2.927497932745771	1064.5069191802836	-2.304171136847117	5.309204627879336	1133174.9809826987	847.8620148939893	-1.4530698213962978	718869.9963000953	2.111411905852669	864.2433798276046	746.4180605534508	1.655744	23.699268	0.1233366835362939	0.0825279569765086	0.0494939198	0.121069938	-0.0907780923	0.0167619419	0.223045722	0.1656603054	-0.104275601	0.0086255721	-0.015814042	0.0259085389	-0.0886735448	0.1522435271	-0.2164987773	0.0352400057	0.107140799	0.0694833003	0.1075834184	-0.1805550476	0.150455938	0.1407719487	-0.0705173491	0.1056041589	-0.0322350752	-0.0576731503	-0.104964124	0.0837684233	0.0936799153	0.1032239906	0.1277425566	0.0105482028	0.0347962224	-0.0892236626	-0.1541904251	-0.0302388964	-0.0311347086	0.1215472781	-0.0306787149	0.0872529446	0.1999277341	-0.0281766404	-0.1136371335	-0.1746013102	-0.1024578627	-0.3225096583	0.0598930715	0.0124058392	0.013842119	0.0423473832	0.2796649219	-0.0472411465	-0.1560571031	-0.0406259852	0.1840663256	-0.0418001588	-0.061675814	0.1634089168	-0.0598584048	-0.0746296165	-0.0577672551	0.1356445456	-0.1177403569	-0.0239729229	-0.1280691723	-0.0610265678	0.0179433459	-0.1914613393	0.1919764699	-0.1036071755	0.2379625191	0.0246502696	0.2034134383	-0.1381692556	-0.2461127388	-0.0216855043	-0.172503946	0.0823644609	-0.0692973963	-0.0096220537148639	-8.94923986862993e-05	8.008889422627544e-09	9.258391769172616e-05	-0.0966805056804389	-0.0789359795039104	0.0062308888602417	0.0093471201786253	-0.0151631770649913	0.0128899170983772	0.000166149962803	0.0002299219387042	0.0003429805900789	9.845524272640002e-05	9.693434820314344e-09	1.1763568517087045e-07	-0.0002030321585317	0.0002239534833904	5.0155162722694175e-08	4.122205739804136e-08	-0.0001879648707921	-0.0003060171645896	3.533079265189085e-08	9.364650502345832e-08	0.0	0.0	0.0	0.0	0.0	0.0	0.0	0.0	1.0	0.0	0.0
879.3900939847931	-2.063568640627864	773326.9373985833	4.25831553458273	1063.4532283012857	-1.053690878997941	1.1102644684834528	1130932.7687844264	846.6970300928017	-1.164984801187643	716895.8607679708	1.3571895869982118	864.452344147117	727.5662623832309	1.588162	22.731939	0.1034309233474869	0.0581418262663379	0.0181094139	-0.1449141244	0.0180230979	0.0990667327	0.1102633456	-0.0557107735	0.017723198	0.0626503158	0.2477291342	-0.0874397355	-0.0158863531	0.096877777	-0.1291798484	-0.0219411299	0.0494229407	-0.112408667	-0.1080706981	-0.1570087013	-0.0614762598	0.0552594014	0.0729333319	0.1217367434	0.0674451743	0.1288314418	-0.0441509466	-0.1898480272	0.1627833325	0.1524748644	0.0687618662	0.0129334418	0.2073004746	0.1134914556	-0.0685182426	-0.2041877669	0.0171688946	0.02443427	0.1592081827	0.19584751	0.070331162	-0.031506338	-0.0589447958	-0.0631619408	-0.0183494795	-0.1915476185	0.1055974554	-0.3026069792	-0.1471307496	0.0742159189	-0.0955334159	-0.1283032295	0.0472475038	0.0712427468	0.0551052594	-0.0535659835	-0.0199346296	0.125247603	0.1488636339	0.0164943151	-0.1942714075	0.0651507191	0.0366933987	0.0492747265	-0.1155550106	0.1466916353	-0.0617870611	-0.1145899557	0.0665773487	0.1010845151	-0.1768275795	0.1680613064	0.122810458	0.0177939505	-0.1870832544	0.0332265848	-0.0676977026	0.0772216734	-0.0798077096	-0.0094682123676506	0.0001538413472132	2.3667160112403076e-08	8.964704543893177e-05	-0.0452496247693403	0.0514308809110986	0.0026451355112916	0.002047528541766	-0.0328565324388563	-0.017693355373865	0.0003130548243858	0.0010795517239056	0.0001829032948508	-0.0001600772952281	2.5624740447544296e-08	3.345361526727868e-08	-0.0005840300503463	-0.0003809978918146	1.4515939356716961e-07	3.410910997075017e-07	-0.0003299465980556	-0.0001419817272635	1.0886475756846368e-07	2.01588108767269e-08	0.0	0.0	0.0	0.0	0.0	0.0	0.0	0.0	0.0	1.0	0.0
878.4944861030901	-0.895607881702972	771752.5621135324	0.8021134777684847	1063.685390705234	0.2321624039484504	0.0538993818071234	1131426.6103997466	847.4881904381548	0.7911603453530915	718236.2329321381	0.625934692059223	863.7845594036529	712.805883626573	1.358064	19.438473	0.0751425656124968	0.03590376043293	-0.1952377984	-0.1280013598	0.0481929782	-0.122724671	-0.0602441918	0.1017212985	-0.0785729045	0.0995916925	0.1421705921	0.2023936845	0.0658414073	0.0180490609	0.0546480414	0.1175882338	-0.0373669622	0.1415286382	-0.1377614418	-0.152766389	-0.0895856704	0.0764345371	0.1763086123	-0.1018808764	0.0870254357	-0.1470225774	-0.1223672509	-0.1308923435	0.1820589595	-0.03352253	-0.0081036466	-0.0587260444	-0.0344913349	0.0682873352	-0.0173160694	0.0020965124	-0.1183334205	-0.0709033761	-0.1064625858	0.2470418501	0.0705625506	-0.0257700995	0.0659252986	0.1105868932	-0.1081876246	-0.0016067423	-0.0646204637	-0.2064782438	0.0483995913	-0.1333632914	-0.020306447	-0.1067177144	-0.1227380337	-0.1635386174	-0.0423945868	-0.1637655806	0.0527645211	0.1658742126	0.0794049179	-0.1319992129	0.0581397173	0.1965258491	0.0928837661	0.0222864356	-0.0235464318	0.0462156617	-0.1251170169	-0.0337251155	0.1833194356	0.2349053157	-0.0955287931	-0.0408673919	0.0061722284	-0.0013476492	0.0757514247	0.0686560755	0.0931977604	0.0719655524	-0.0898496795	-0.009519024704403	-5.081233675240104e-05	2.5818935662394054e-09	9.061183132303464e-05	-0.0264181082287535	0.0188315165405868	0.0003546260152183	0.0006979164423861	-0.0170780482168027	0.0157784842220536	0.0002489605643455	0.0002916597308954	0.0002770116424095	9.410834755870004e-05	8.856381080229082e-09	7.67354500304087e-08	-0.0002809889091182	0.000303041141228	9.183393327682922e-08	7.895476704743606e-08	8.253896341968152e-05	0.0004124855614752	6.812680482395524e-09	1.7014433842557826e-07	0.0	0.0	0.0	0.0	0.0	0.0	0.0	0.0	0.0	0.0	0.0
878.848264560799	0.3537784577088132	772374.272121528	0.1251591971388265	1064.0623863829137	0.3769956776795879	0.1421257409890917	1132228.762114901	846.2237199551797	-1.2644704829750708	716094.5842147825	1.598885602315209	863.268177458724	716.7505836296399	1.089426	15.593349	0.1188720033753449	0.0727594156242576	-0.172552919	-0.0283392458	0.0132573954	0.0343258108	0.0103607436	-0.0036444307	-0.1432039084	0.016151737	0.1529155378	0.0681745922	0.0198870153	0.1487967039	-0.0695946991	0.1294577686	0.0604673767	0.0394413725	-0.1146712927	0.0498076658	-0.168583545	0.4033190143	0.0964228274	0.1175150953	0.1058896119	0.269551222	-0.1416730678	-0.0840169632	-0.0187933457	-0.0376546928	-0.0685810241	0.1540471223	-0.0364377004	-0.0388325786	-0.1180767831	0.0068175229	-0.1483931055	0.0534486422	0.0026810707	0.1160395156	-0.0205850787	0.1148321839	-0.2484091343	0.2241959675	-0.0681766731	-0.1585152813	-0.0852208104	-0.1896575353	-0.1091252181	0.010230377	-0.2307570944	0.0598842475	0.1545730065	-0.0134501983	0.1361082576	-0.1481325002	0.0166245818	0.1766965765	-0.0781128297	-0.1083132894	-0.1618790383	0.145060424	0.1753218657	-0.0530446667	0.0568496801	0.0810670366	0.0624337963	0.0492408929	-0.038939083	0.0773004085	-0.2279524808	-0.0049870514	-0.0804896243	-0.2729174034	0.0219231323	-0.0810137719	-0.0432538963	0.066603812	-0.0993643757	-0.00948349067761	3.553402679300037e-05	1.2626670601256683e-09	8.993659543231577e-05	-0.0923426730529684	-0.0659245648242149	0.0043460482472621	0.0085271692665674	-0.0300681598148457	-0.012990111598043	0.0001687429993296	0.0009040942346511	0.0004964262191644	0.0002194145767548	4.814275649253188e-08	2.464389910738609e-07	-0.0004475820572942	-0.000166593148176	2.7753277019190692e-08	2.0032969801170855e-07	-0.0003298891701753	-0.0004124281335949	1.0882686459894804e-07	1.700969653806399e-07	0.0	0.0	0.0	0.0	0.0	0.0	0.0	0.0	0.0	0.0	0.0
879.2379497721835	0.389685211384517	773059.3723195926	0.1518545639717957	1058.8649074214163	-5.1974789614973815	27.013787555207895	1121194.8921685645	846.5915424324874	0.3678224773076408	716717.2397182181	0.1352933748127299	863.49011340809	729.081777613889	1.342359	19.213682	0.0876085520786968	0.0498300175059046	-0.2769999976	0.1024062029	-0.1574497068	-0.0502174269	0.0999419881	0.0209263709	-0.0578914262	-0.2028141685	0.1916823785	0.082298192	0.1089467039	0.0061074247	-0.1798357632	0.1384950301	0.1779633453	0.0702791842	-0.07478044	-0.0040792842	-0.2150483091	0.1430498742	-0.050099271	0.2047865839	-0.1392237642	-0.1955436312	0.0645218188	0.102509611	0.104004418	-0.2078814567	-0.0256815023	-0.0581415594	-0.2088751039	0.046137067	0.2120052328	0.0367605183	-0.1350243855	0.1862105638	-0.0386366524	0.1225281124	-0.0112395341	0.0831885726	-0.0548580518	0.0591211798	0.302096679	-0.0068279982	0.081648358	-0.0264889408	0.0779622881	-0.1016677318	-0.3274982057	0.1701171135	-0.1675108597	0.1418059662	0.0753102551	-0.1564361869	0.0314136035	0.2368041043	-0.2510689564	-0.1709134238	-0.3261453174	-0.328316475	0.1514754347	-0.0788514711	-0.1057003123	0.1628170532	0.1333366258	0.1841811704	-0.087235847	-0.1783236189	-0.0022313191	0.0535619978	-0.1393297296	-0.0165105692	0.1471077187	-0.063557417	0.0046610831	0.0611443214	-0.1082959623	-0.009541497834391	-5.8007156781000185e-05	3.3648302378155356e-09	9.104018092368816e-05	-0.0509839217066598	0.0413587513463085	0.0017105463129257	0.0025993602725908	-0.0231321688668373	0.0069359909480083	4.810797043085442e-05	0.0005350972364838	0.0008509971462929	0.0003545709271285	1.2572054236476412e-07	7.241961429986595e-07	-1.7140387862824014e-05	0.0004304416694313	1.8528003078287002e-07	2.9379289608804473e-10	-0.0003299926261674	-1.0345599209997738e-07	1.0889513332485741e-07	1.0703142301390584e-14	0.0	0.0	0.0	0.0	0.0	0.0	0.0	0.0	0.0	0.0	0.0
881.4628902848641	2.2249405126806323	776976.8269493463	4.950360284967555	1068.7065879571046	9.841680535688283	96.85867576654562	1142133.7711429163	849.7980163927023	3.2064739602149075	722156.6686649715	10.281475257536272	866.0341452054964	721.9652447311731	1.504561	21.535336	0.1249657844439467	0.0654861501567558	-0.1125312622	-0.0151090552	0.0120561983	0.196176455	0.0225897276	0.1218229704	-0.1369585452	-1.34831e-05	0.0906164573	0.0036112934	-0.1036883328	0.0615148771	0.1908253086	0.2060523367	-0.0711147481	-0.0802301138	0.0501529723	-0.2441969891	0.1257188911	0.0910283196	0.0014817097	-0.1079449184	0.1803822654	-0.1000555654	0.3540373953	-0.0229163997	-0.0271796459	0.1114853682	-0.0937988302	-0.3291079363	-0.0632562315	0.0834803999	-0.0255579162	-0.1027820291	-0.1913986381	-0.0450461701	0.0696425389	0.0318875117	0.2458364605	-0.2231918377	-0.1433862665	0.0894067099	0.0965687977	0.3353193918	-0.0323968689	0.0271846949	0.0407840752	0.1380056521	-0.1311695289	-0.1967425791	-0.0900316356	0.1145161521	-0.0431668011	-0.13908267	0.0119681834	0.109450944	0.0325808662	-0.2672194648	0.1038142856	-0.0110330244	0.172632067	-0.322558414	-0.1016533339	-0.0687817425	0.019337651	-0.2234820788	-0.1332964711	-0.1716540056	0.3070861925	0.0969645011	-0.1141268569	0.1617560461	0.0652249588	0.1534488173	0.1719909684	0.055595093	-0.1165920251	-0.0369335059354511	-0.02739200810106	0.0007503221078085	0.001364083860684	-0.0032960861686035	0.0476878355380563	0.0022741296583047	1.08641840308593e-05	-0.0302210675385339	-0.0070888986716965	5.0252484377581785e-05	0.0009133129231686	0.0001989634786437	-0.0006520336676492	4.2514790374806745e-07	3.9586465834002074e-08	-0.0002210330008214	-0.0002038926129585	4.157219761907567e-08	4.8855587452113016e-08	-0.0003299780641125	1.4562054899967033e-08	1.0888552279543317e-07	2.1205344290965388e-16	0.0	0.0	0.0	0.0	0.0	0.0	0.0	0.0	0.0	0.0	1.0
880.857317418826	-0.6055728660380737	775909.6136502904	0.3667184960815667	1069.488243425396	0.7816554682913193	0.6109852711097217	1143805.102825139	847.3807293313087	-2.4172870613936084	718054.1004420606	5.843276737180947	864.1764373293692	724.9053021334174	1.234055	17.663481	0.0825158111033182	0.0372074883890224	-0.0638835464	0.0733071783	0.0789562937	0.2021330957	-0.1009797504	-0.1063678243	-0.2051775609	-0.0141942572	-0.0832255802	-0.1162241501	0.0677021077	-0.0176658235	0.0558668914	0.1418607988	0.0624191127	-0.1402157745	-0.0073553586	0.0791341607	-0.0829474939	-0.1084407152	-0.0628047482	-0.0944764055	0.1658880523	0.0951816576	-0.1047058365	-0.1898388158	-0.0742997056	0.1306649914	-0.0371650127	0.0317219617	-0.2563493134	-0.2313524993	0.1654252213	-0.0727952082	-0.1666153119	0.0399090244	0.1273867114	-0.0762419379	-0.0217534344	0.1898626661	0.0181423531	-0.0652472501	0.0562494669	0.079201054	-0.154059642	-0.03438317	-0.3162399739	-0.1171761627	0.1433098841	-0.0784049236	0.0598992265	0.0908007829	-0.0810691776	-0.1929095982	-0.1363152217	-0.1353988771	0.0340593023	0.1101415824	0.012002837	0.2644416659	0.1293348857	-0.0104425327	0.2488585109	-0.066718869	-0.097495944	-0.0575681535	-0.1762698868	0.2694360327	0.1115561649	-0.0492618933	0.0427251519	0.0380200427	0.0065802267	-0.1186677246	0.3014707886	0.0499642712	-0.1242038795	-0.0270412098641088	0.0098922960713422	9.785752156309428e-05	0.0007312270309147	-0.0166541378546583	-0.0133580516860547	0.0001784375448473	0.0002773603076819	-0.0003868860141977	0.0298341815243361	0.000890078387227	1.4968078798178294e-07	0.0005609259281199	0.0003619624494762	1.3101681483081065e-07	3.146378968371713e-07	-0.0004475924044908	-0.0002265594036693	5.1329163391034135e-08	2.003389605578559e-07	-0.0003298742808264	1.0378328609998495e-07	1.0881704115073465e-07	1.0770970473711329e-14	0.0	0.0	0.0	0.0	0.0	0.0	0.0	0.0	0.0	0.0	0.0
880.224357691684	-0.6329597271420653	774794.9198737376	0.4006380161837577	1063.9991870575668	-5.489056367829107	30.129739809205272	1132094.270059163	847.2225696012464	-0.1581597300622661	717786.0824417388	0.0250145002133688	862.9899794458499	720.6857631638919	1.052871	15.070133	0.0547092848122189	0.0438095096099195	-0.141552137	0.0500217231	-0.0025865231	0.0790315322	-0.1560755337	-0.0956359515	-0.1391345285	-0.139107759	-0.0400210713	-0.0100098008	-0.0453290329	-0.1101248972	-0.1656393907	0.1303614185	-0.0015375791	0.0166839767	0.1168995771	0.2002633594	-0.0666525534	-0.132033734	-0.0128879244	0.0105954581	0.1931366426	-0.0926373073	0.1083104198	0.0480299468	-0.1325948313	0.1342225032	-0.008581191	-0.0460932624	0.0691096837	-0.0654463562	-0.0020642319	0.0736480142	-0.1355031253	0.0521750843	-0.0408672234	-0.1786531917	-0.0584258975	0.0597202308	0.0167268422	0.0449640215	0.1872086889	0.0669631499	-0.1292845083	0.0662829079	-0.1153357378	0.1857988523	0.123967545	-0.15942199	0.102107866	-0.0063015177	0.0199088503	-0.1811779012	-0.0993015812	-0.1035733137	-0.0701825033	0.0633281806	-0.1283610769	0.0552439735	0.1170578385	0.006030665	0.0720270464	-0.0965197723	-0.0904502727	0.0593863542	-0.0733474823	-0.0951612922	-0.0194375012	-0.2430509666	0.1307874058	0.1404826945	-0.147111164	-0.0259056788	0.0291224248	0.0442601199	-0.1310868562	-0.0295532545310948	-0.002512044666986	6.3103684089328166e-06	0.0008733948533796	-0.0597040407907059	-0.0430499029360476	0.0018532941428031	0.0035645724867382	0.0073599622725026	0.0077468482867002	6.001365837715136e-05	5.416904465266163e-05	0.0005889254823571	2.7999554237199986e-05	7.839750374819037e-10	3.468332237695429e-07	-0.0004475965261858	-4.121695000006056e-09	1.6988369673074918e-17	2.0034265025359559e-07	-0.0003298681783089	6.102517500009008e-09	1.0881301506083225e-07	3.72407198379162e-17	0.0	0.0	0.0	0.0	0.0	0.0	0.0	0.0	0.0	0.0	0.0
881.9304839046623	1.7061262129783472	777801.3784403119	2.9108666546118367	1067.3346759634958	3.335488905928969	11.12548624157523	1139203.3105141006	846.9217361361995	-0.3008334650469351	717276.4271399543	0.0905007736921455	863.2837249022057	730.274913641855	0.907614	12.991009	0.0368652285819175	0.0234099833658191	-0.1226788618	0.1174310841	-0.0061885251	0.0389247043	-0.0864375325	-0.1893222384	-0.1624400981	-0.1759710993	-0.1303515001	-0.0632169893	0.0252080969	-0.0801456354	0.0265465347	0.1544822265	0.0788823967	-0.0237837241	0.0480331914	0.2046382266	0.0194207857	-0.0714575158	0.0175085037	0.1198515644	0.1214821274	-0.0075626294	-0.0819470454	-0.1821225003	0.0707568434	-0.1317684866	-0.0117182012	-0.0207284705	0.0835340563	-0.0941922299	0.0913392195	0.0654272477	-0.1507512924	0.1143111802	-0.0035543322	-0.1825909517	-0.1253819825	-0.0427467123	-0.0213197724	-0.0444455348	0.1205029838	0.1300671133	-0.0133883523	-0.1397684094	-0.1446782422	-0.0467914193	-0.0277741094	-0.0151373793	-0.0255731308	0.0281379274	0.0188457122	-0.1555907774	-0.0633969866	-0.1474053912	-0.1457006298	0.1059558787	-0.1510487188	0.0783950093	0.1303083626	0.0781736449	-0.0242241171	-0.114448209	-0.0385391821	0.0172085766	-0.0662461832	0.0726609142	0.0234766962	-0.0815022242	-0.0701413451	0.0644029328	-0.1131254567	-0.0296829641	-0.0547528787	0.0384910108	-0.1372005631	-0.0337461980258382	-0.0041929434947433	1.7580775150110967e-05	0.001138805881199	-0.0598344656692688	-0.0001304248785629	1.701064894814722e-08	0.0035801632819269	-0.0100516590118786	-0.0174116212843812	0.0003031645557507	0.000101035848891	0.0008009115308368	0.0002119860484797	4.493808475003773e-08	6.414592802273465e-07	-0.000538131789399	-9.053526321320004e-05	8.19663388508341e-09	2.895858227617697e-07	-0.0003297847115172	8.346679170002577e-08	1.0875795595048282e-07	6.966705316695491e-15	0.0	0.0	0.0	0.0	0.0	0.0	0.0	0.0	0.0	0.0	0.0
880.8343164714414	-1.0961674332208986	775869.0930737114	1.2015830416540931	1060.0103149414062	-7.324361022089533	53.64626438190444	1123621.8677821793	846.0882021512599	-0.8335339849395496	715865.2458195513	0.6947789040492052	862.3353123523221	747.5559602918323	1.224859	17.531853	0.0590829622830768	0.0500762098634257	-0.0852055721	0.1202464734	-0.182244669	-0.1119359309	0.0177192653	-0.0913647975	-0.0227116635	-0.2020029274	0.0129902731	0.0494496526	0.0061454808	-0.0731339041	-0.0653506348	-0.0013597701	0.2890376348	0.0575863601	-0.1268287079	-0.0464059414	0.2750767328	-0.0813723478	0.0930228274	-0.0446493296	-0.1721190368	-0.0869120124	0.0426447728	-0.2276071487	0.1015861588	-0.0328363662	0.0919988906	0.2518975211	-0.157847111	0.0843066813	0.0619378306	0.0710952775	0.0043081803	0.2562720163	-0.0446240691	0.0759694767	-0.0903209989	-0.2346602123	0.0836878353	-0.1312867725	-0.170035582	-0.0017793142	0.1058022945	-0.0585764764	0.1258921053	-0.1046748271	-0.1606207596	0.0221557665	-0.0069304667	-0.0678448071	0.0335717657	-0.1038969035	-0.1537620816	-0.0422326326	-0.0828552923	0.0245941926	0.1011318029	-0.1460907062	0.0267980367	-0.0438628231	-0.0909328087	-0.2482269977	0.1831257627	-0.0171513983	0.1340953767	0.1037048844	0.1112520076	0.1168725244	-0.0757824066	0.0724359214	-0.0123386098	-0.0377717138	-0.1208714626	0.0326654109	-0.1425091225	-0.0337040218905571	4.217613528109676e-05	1.7788263872493746e-09	0.0011359610915991	-0.0103871421452197	0.0494473235240491	0.0024450378036919	0.0001078927219449	-0.0179444659841152	-0.0078928069722365	6.229640190098667e-05	0.000322003859455	0.000776912702045	-2.3998828791800065e-05	5.759437833781318e-10	6.035933465988629e-07	-0.0005281279403832	1.0003849015800012e-05	1.0007699513092287e-10	2.789191214134009e-07	-0.0003297951467398	-1.0435222600033071e-08	1.0876483881312625e-07	1.0889387071224092e-16	0.0	0.0	0.0	0.0	0.0	0.0	0.0	0.0	0.0	0.0	0.0
878.132550975605	-2.701765495836412	771116.7770829236	7.299536794492172	1058.2898225739527	-1.7204923674535166	2.9600939864658065	1119977.3485636082	845.7462848288476	-0.3419173224123142	715286.7783017982	0.1169074553656064	862.3100448443832	730.6029994158499	1.224611	17.528311	0.082159258959683	0.0420278504745222	-0.0311432193	-0.1262380278	-0.182180107	0.0145575783	0.0227795263	-0.1392015068	0.0791498491	-0.0672719342	0.1718850854	-0.0535401188	0.1187797494	0.0728552377	-0.03779433	-0.0534188329	0.2293144287	-0.0126021602	-0.204873244	-0.0557878831	0.0985559173	0.0153346399	0.034886537	-0.0946139125	0.1264882957	0.2695022376	0.094859085	-0.0722913461	-0.0180347939	0.0650404473	-0.0923840376	0.0079017449	-0.0087319224	0.061808172	0.026523391	-0.0670204764	0.0667281567	0.1482694297	0.071785059	0.1958163913	-0.06894373	-0.076985524	-0.0737841831	-0.053588026	-0.1913442352	0.174007807	-0.1687731685	-0.0810837251	-0.1678703535	0.0128280838	-0.1449005968	0.0286291329	0.1341625958	0.0364562902	0.0562443956	-0.0040892578	-0.194305914	0.0491620866	0.1139788783	-0.0018257742	0.0032646858	0.0768198004	0.1156044326	0.0067718617	0.0888791106	-0.095805313	0.0908608696	0.1212309136	0.0870402814	0.1305389865	-0.0143092191	0.0372750577	0.0143671232	0.0587071797	0.1853648443	0.1539364596	-0.1751205043	0.0267918699	-0.1469813818	-0.0068737998383028	0.0268302220522543	0.0007198608153732	4.72491242170516e-05	-0.036431523290517	-0.0260443811452973	0.0006783097892415	0.0013272558892674	-0.0098349454985537	0.0081095204855615	6.576432250574161e-05	9.672615295952169e-05	0.0011199266602183	0.0003430139581733	1.1765857550171441e-07	1.2542357242677155e-06	-0.00044768486591	8.044307447319999e-05	6.4710882307008e-09	2.0042173916485469e-07	-0.0003297494738549	4.56728849000383e-08	1.0873471550758337e-07	2.0860124150921466e-15	0.0	0.0	0.0	0.0	0.0	0.0	0.0	0.0	0.0	0.0	0.0
876.8940857811875	-1.238465194417472	768943.2376780247	1.533796037783507	1057.895908122891	-0.3939144510618462	0.1551685947553556	1119143.752423156	845.1612971487762	-0.5849876800714355	714297.6181982019	0.3422105858353602	861.5739366418064	707.8948435347013	1.300646	18.616627	0.0793843192853473	0.0498264660600667	-0.1285629845	-0.2160601839	0.041260899	-0.1748782586	-0.0011131891	-0.0092805562	0.1092723623	-0.0741873223	0.1830388471	0.2226722986	0.0871195719	-0.0605437816	-0.1032161886	-0.0765529371	0.0055279731	0.1338355784	-0.2965671897	0.0464561834	-0.1109216203	0.038983779	-0.0174700842	-0.0244670544	0.1169979694	-0.2451169825	0.0460117814	0.060049706	-0.0593475907	0.0295085917	0.1706261282	0.0608770525	0.1787708049	-0.1301412804	0.0667453335	-0.1983719289	0.0416314968	0.0114456562	-0.1055265451	0.2463343725	-0.2269115952	-0.0178395899	-0.0030093238	0.0699208834	0.207107312	0.0668576236	-0.1526782567	0.0225359139	0.0631467895	0.1493233857	0.087253127	0.0101096959	-0.1627208463	-0.155213911	-0.0392630204	-0.1060037359	-0.0240660062	-0.0185668441	0.2277621271	-0.020244271	-0.0978922369	-0.1771802504	0.0117550729	-0.0113744586	0.2026415643	-0.062259167	-0.1660045873	0.0874745939	0.1189465865	-0.0428921433	0.0233131203	-0.0683111648	0.1111998393	-0.0928914105	0.2837699071	0.013018606	-0.125771819	0.0208790082	-0.1505910958	-0.0068942439094996	-2.0444071196799866e-05	4.179600470998217e-10	4.753059908367233e-05	-0.0162199364626616	0.0202115868278554	0.0004085082420999	0.0002630863388527	0.0192071254558214	0.0290420709543751	0.0008434418853189	0.0003689136682756	0.0005849108574242	-0.0005350158027941	2.862419092394153e-07	3.421207111327129e-07	-0.0004476159949042	6.887100580002353e-08	4.743215439906873e-15	2.003600788940768e-07	-0.0003968691486934	-6.71196748385e-05	1.5750512118462406e-07	4.50505075042597e-09	0.0	0.0	0.0	0.0	0.0	0.0	0.0	0.0	0.0	0.0	0.0
879.7009978076899	2.8069120265023457	773873.8455438452	7.878755124523505	1061.4697877409312	3.573879618040337	12.772615524244143	1126718.1102867776	846.4281609860459	1.2668638372697387	716440.6317102197	1.604943982181807	862.0618468558434	710.0739700044451	1.234816	17.67437	0.1269942030092806	0.0622291457483983	-0.0895415893	-0.1878408787	0.1453892868	0.1135665814	-0.0479724683	0.0679511928	0.0563023538	0.0830237232	0.1107821967	0.0525246844	-0.2111304172	-0.2228536354	0.0926680102	0.0049183725	-0.2298445572	-0.0480831699	-0.0857202591	0.0817230003	0.1886149123	0.1130979123	0.219919921	-0.0487739022	-0.1951316112	-0.0327358561	-0.0038457051	0.1194037006	-0.1027824128	0.0758739315	0.0754202944	-0.011233007	0.0508208739	0.0201729515	0.0656657615	0.0417683292	-0.0139948607	-0.1996021909	0.0194406189	-0.0258581029	-0.107363912	-0.2759143166	0.0514847576	0.1579832568	-0.0124517547	-0.1124525745	-0.0478890927	0.2212957493	-0.0552690056	0.0363498128	0.0039040059	0.0838656079	-0.1012032601	0.0165609229	0.0524281736	-0.1138085733	0.1178652566	-0.0125920673	0.2148982448	0.0060217809	0.1985019248	-0.115473658	0.0136399988	-0.002362863	0.0012453547	-0.0191237521	-0.1495645175	0.167098769	-0.0660971602	6.21314e-05	-0.1454856806	-0.0713714695	0.0352259454	-0.0187515303	0.0133595449	0.0732772094	-0.1279816099	0.0149355036	-0.1533170814	0.0123153368734563	0.0192095807829559	0.0003690079938569	0.0001516675223067	-0.048448410472119	-0.0322284740094574	0.0010386745369782	0.0023472484772749	-0.0100268604128359	-0.0292339858686573	0.0008546259297688	0.0001005379297384	0.0011329781956661	0.0005480673382419	3.003778072475613e-07	1.2836395918548117e-06	-0.0001361868067495	0.0003114291881547	9.698813923469553e-08	1.8546846332625657e-08	-0.0003299224281258	6.694672056759996e-05	1.0884880858042369e-07	4.481863394756312e-09	0.0	0.0	0.0	0.0	0.0	0.0	0.0	0.0	0.0	0.0	0.0
881.2199954400554	1.51899763236554	776548.6803633713	2.3073538071321167	1063.395000332398	1.9252125914667888	3.706443522342268	1130808.9267319408	845.939876278563	-0.488284707482876	715614.2742781905	0.2384219555616377	861.4864299509785	731.2867652397981	1.361672	19.490114	0.0447419612495333	0.0289997049723686	-0.0534364761	0.1142408455	0.1075270801	-0.074774407	-0.0612971436	-0.0683544683	-0.1496784334	-0.0301990073	-0.1735575316	0.0066527056	0.1171818193	-0.0448152888	-0.0284571352	0.0758895482	-0.0456982211	-0.0014881348	-0.0463480432	0.3095674249	-0.134036537	-0.0399608591	0.1180555915	0.0032709704	-0.0573209815	0.0080775027	-0.0835820987	0.0498018216	0.1201008739	-0.1059492632	0.0967488275	0.0315385169	0.1468392712	0.1241028172	-0.0166233123	-0.1239575891	-0.0963376306	0.0051296612	-0.0388897951	-0.1414057872	-0.2779672142	0.1223635814	0.1050409065	0.1279080752	-0.0918874707	-0.0602903435	0.0125790758	-0.258649033	0.0283420923	0.0439967937	0.0073994301	0.1143241449	-0.0493647464	-0.046570737	0.0073303062	-0.1193716071	-0.0487617176	-0.1578195709	-0.0517398899	0.1621142658	-0.1304287035	0.149471815	0.0114057642	0.1336979633	0.0224697796	0.0318988702	-0.0122175545	0.0576407156	-0.1061756201	-0.1221401258	-0.1184434526	0.1625865278	-0.0291906664	-0.1018827985	0.0314945832	0.1359148243	-0.0241699139	0.0089700792	-0.1551433414	-0.0068434804387607	-0.019158817312217	0.0003670602808029	4.6833224515700346e-05	-0.0484719546246452	-2.3544152526200343e-05	5.54327118176986e-10	0.0023495303851336	-0.010034792397576	-7.931984740101178e-06	6.291638191719795e-11	0.0001006970584624	0.0011323818775586	-5.963181075000368e-07	3.5559528533242553e-13	1.2822887166231405e-06	-0.0004477995374807	-0.0003116127307312	9.710249395375537e-08	2.0052442576792887e-07	-0.0005287467352881	-0.0001988243071623	2.7957311007782413e-07	3.953110511856862e-08	0.0	0.0	0.0	0.0	0.0	0.0	0.0	0.0	0.0	0.0	0.0
880.3908419482065	-0.829153491848956	775088.0345862719	0.6874955130453168	1063.746172694533	0.3511723621350029	0.1233220279274776	1131555.919922267	845.6035679811687	-0.3363082973943392	715045.394182483	0.1131032708962793	862.2361362031022	740.6217134002837	1.331147	19.05319	0.0579057582514106	0.0415617227029772	-0.0803157599	0.1200428386	-0.1616244026	0.0629866396	0.1002267305	0.1548041538	-0.050699463	-0.1380533615	0.0273684172	-0.03360667	-0.0292885581	0.0092237907	0.0125310861	-0.0239150543	0.1532633267	-0.0022099612	0.0497323247	0.1551586318	0.1647597359	0.027274213	0.1038618174	0.0481966562	-0.1518417278	-0.0856064947	-0.0538593737	0.0318932981	-0.1462259457	-0.0169893242	-0.1419598455	-0.0512117322	0.0606664137	-0.0395845281	-0.0840804563	-0.1441064414	0.0221175267	0.1773004588	0.0012312913	-0.040919761	-0.0773446158	-0.1294726959	0.038806907	0.0660979967	-0.065449509	-0.0510579877	0.1103670885	0.2328039148	0.05300979	-0.1398563817	0.057783015	0.0719814767	-0.031920104	0.0455339814	0.0296753882	-0.1010928206	-0.1654097283	-0.0136601882	-0.0366461202	0.0155081119	0.2859602961	-0.1765417931	-0.1409854257	-0.0281413828	0.0210154114	-0.0742019873	0.0533217131	0.0114651548	-0.0185096891	0.042314525	0.1121997161	0.1150163745	0.0099753023	0.081207733	-0.1555644702	0.0207984991	-0.0537908373	0.0029914899	-0.1560591586	-0.0069183678973132	-7.488745855249983e-05	5.608131448452381e-09	4.786381436257387e-05	-0.0087378247000771	0.0397341299245681	0.0015788010808624	7.634958048927747e-05	-0.004544876056741	0.005489916340835	3.0139181429367166e-05	2.0655898371137617e-05	0.0011329355227988	5.536452401999539e-07	3.065230519960646e-13	1.2835428988193905e-06	-0.0003951871292091	5.261240827160002e-05	2.7680655041375253e-09	1.561728670925299e-07	-0.0003297762982508	0.0001989704370373	1.0875240688800059e-07	3.958923481481418e-08	0.0	0.0	0.0	0.0	0.0	0.0	0.0	0.0	0.0	0.0	0.0
881.585317278562	1.1944753303555444	777192.6716411428	1.426771314827987	1060.8578194631657	-2.8883532313673186	8.342584389150032	1125419.3131161428	846.7299969094337	1.1264289282649995	716951.6876662496	1.268842130432236	862.7465187771486	731.297238608565	1.166066	16.690332	0.0440668649558269	0.0292865333729754	0.0265011819	-0.0357125452	-0.1090181056	0.119225167	-0.1369078131	0.039490137	0.050255052	-0.1157146074	0.0145182804	-0.0811665721	-0.1172422256	-0.0827565636	0.1088750298	-0.0862518174	0.0079849597	-0.077874183	0.0684046206	0.0084816967	0.0874989224	-0.058741768	0.1864092447	-0.2419936861	0.0730466869	-0.0421112431	-0.1727949818	0.1144773564	-0.0403222876	0.0421920764	0.0546946909	-0.0349403974	0.0015869121	0.1136727964	0.1134316415	0.1274028392	0.086831839	0.0695652954	0.0745321643	-0.0767193394	0.0236993175	-0.1425474485	0.1187701549	0.0723065784	-0.0903630748	-0.0081178239	-0.156664675	-0.0771440145	-0.0178733602	-0.026989777	0.1259191477	0.1619529427	-0.0219845749	0.0204570232	-0.0622873595	-0.0211663981	-0.1765179535	0.0068655823	0.1007391248	0.0687040081	0.0994696234	-0.0729731697	-0.0610726804	0.0755994862	-0.0446686157	-0.0201218007	-0.0852626018	-0.0656074061	-0.1406352321	-0.0851482852	0.042718649	0.1638920697	-0.1487042071	-0.1357030491	-0.0433710563	-0.0556469202	0.0322067868	-0.0029914899	-0.1560591586	-0.0068971874427603	2.118045455290051e-05	4.48611655067484e-10	4.757119462057036e-05	0.0167342911149859	0.025472115815063	0.0006488286840959	0.000280036499121	-0.010038667419792	-0.0054937913630509	3.018174354073376e-05	0.0001007748435651	0.0008729352241596	-0.0002600002986392	6.760015529247317e-08	7.620159055785711e-07	-0.0003936438657943	1.543263414799964e-06	2.3816619674600457e-12	1.549554930774809e-07	-0.00032982828266	-5.1984409200032944e-08	1.0878669604244486e-07	2.7023787998764697e-15	0.0	0.0	0.0	0.0	0.0	0.0	0.0	0.0	0.0	0.0	0.0
880.4163224149776	-1.1689948635844305	775132.9007747137	1.3665489910867807	1060.0856594031966	-0.7721600599691101	0.5962311582114996	1123781.60527231	846.2305870805861	-0.499409828847547	716106.2065107535	0.2494101771495362	862.0532481855854	727.0088738744548	1.145296	16.393042	0.1148647735370009	0.0913035970406367	-0.0403286043	-0.0712707616	0.1182896614	-0.0194032682	-0.016895688	0.0240820534	0.0929682088	0.0891191178	-0.0304914529	0.102182793	-0.0369518853	-0.1928110058	-0.0621606581	-0.0456605077	-0.0768929613	0.0396424929	-0.1290472458	0.0905893726	0.0552344675	-0.072099181	-0.0431761378	0.061291782	0.0416247007	-0.0160999598	0.0498025987	0.0415517737	-0.2585087411	-0.1021376472	0.2547142045	0.0365650889	-0.0600255586	-0.0026335235	0.0327854131	-0.0711059694	0.0223681095	-0.0907274006	-0.0593520683	0.0422444221	-0.1646595903	-0.0756929783	0.0489949621	-0.0475527295	0.0653372	0.0528547014	-0.0861402714	0.1454138142	-0.0086145223	0.0478554026	0.0921515879	0.1455176428	0.0866862189	-0.0200308914	0.1031924671	-0.0753795076	0.0790093985	-0.0885526173	0.149425573	0.1181616926	0.070311364	-0.0937214227	-0.0561329615	0.0418042083	0.0251737708	-0.0332643688	-0.0504452168	0.0551202194	0.0736029545	-0.2333671176	-0.0298346566	0.1049946438	0.0974119907	-0.2290188714	-0.0018276132	0.0375739513	-0.0328856562	-0.0089700792	-0.1551433414	-0.0067776643503236	0.0001195230924366	1.4285769625631846e-08	4.593673404564743e-05	-0.0696676479132349	-0.0864019390282208	0.0074652950678363	0.0048535811657624	-0.0099309455887635	0.0001077218310284	1.1603992880132565e-08	9.86236802869812e-05	0.0013829255313338	0.0005099903071742	2.600901134116349e-07	1.9124830252148733e-06	-0.0004477278055485	-5.408393975419999e-05	2.925072539335933e-09	2.0046018786127546e-07	-0.0003291907378821	6.375447778999839e-07	1.0836654190736149e-07	4.0646334382753983e-13	0.0	0.0	0.0	0.0	0.0	0.0	0.0	0.0	0.0	0.0	0.0
881.6763872463905	1.260064831412933	777353.2518278471	1.5877633793637034	1062.6238307326053	2.5381713294086694	6.442313697432172	1129169.4056408366	847.5491783891799	1.3185913085937957	718339.6097881739	1.738683039099098	862.4540541377735	713.3932563350126	1.140662	16.326719	0.1255336374343742	0.0729165571757075	-0.0013248167	-0.1056154096	0.1991316576	0.121540745	-0.1207776059	0.0714232298	0.0541966495	0.163898324	0.0160649979	-0.0285869254	-0.1576907943	-0.2686305151	0.0285639833	-0.0078613448	-0.2296151765	-0.1029921283	-0.0076835836	-0.0510144352	0.1221505631	-0.0493563331	0.1953587324	0.0903320252	-0.1024418033	0.1226224601	-0.1378950008	0.1079059121	-0.2445676634	-0.0164243869	0.0955112274	0.1199488943	0.0672053164	0.0027206037	-0.1892280294	0.0834671398	0.001491019	-0.2193004271	0.0777467236	-0.0460904494	-0.006109975	-0.1863677092	0.1801298365	0.0449590051	-0.0395137986	-0.2347342428	0.0047032711	0.1285233105	0.0498875175	0.1323118028	0.0365197488	0.1047798395	0.3054236199	0.0452074172	-0.0821247533	-0.081963407	0.1243406833	-0.1089950695	0.1343756868	0.0279455694	0.196164488	-0.0694898412	-0.0622634562	0.0816362748	-0.1885006237	0.1081777688	-0.1602524809	0.1503705721	-0.1219284388	-0.0488422219	-0.0955284341	0.0210594068	0.0201482987	0.2143483397	-0.1087529563	-0.0444256891	-0.0716770863	-0.0149355036	-0.1533170814	-0.0109616318672181	-0.0041839675168945	1.7505584182428332e-05	0.0001201573731924	-0.0088957923147034	0.0607718555985315	0.0036932184328887	7.913512090633607e-05	0.0086073683409608	0.0185383139297242	0.000343669083357	7.408678975697428e-05	0.0009179878733997	-0.0004649376579341	2.161670257652462e-07	8.427017357089036e-07	-7.265143711832067e-05	0.0003750763684301	1.4068228215477164e-07	5.278231315357302e-09	-0.0003299667193023	-7.759814201999961e-07	1.0887803584712285e-07	6.02147164495603e-13	0.0	0.0	0.0	0.0	0.0	0.0	0.0	0.0	0.0	0.0	0.0
883.9567107885831	2.2803235421926047	781379.4665481708	5.199875457077828	1066.7434825628577	4.119651830252451	16.97153120250237	1137941.6575903338	848.0304427130374	0.481264323857431	719155.6317680702	0.2316153494179502	863.135175386615	735.4925307021562	1.271606	18.20096	0.0605436603773356	0.0377199947646446	0.0426465161	0.1060297303	0.1770161189	-0.0888618465	-0.0861940233	0.0623676061	-0.0752265619	0.1725898195	-0.2389685422	0.1049908912	0.0162062661	-0.114865159	0.0738801726	0.1002972932	-0.2528048085	0.1142708451	0.0769132398	0.0953710724	0.0033202021	-0.0634967276	0.1082277687	-0.0821706093	0.1398573279	0.072761131	-0.0439213091	-0.029290865	0.0752199347	0.083709357	-0.0101070902	0.2041356272	-0.0723575718	0.1322994127	-0.0168368302	-0.0893230506	-0.1054946003	-0.2153660111	-0.1439209463	-0.1725055045	-0.0050198433	-0.0139958318	0.0580045374	0.0464940062	-0.1359466781	-0.0371386875	-0.0322764872	-0.0514469961	-0.0748558362	0.1312570488	-0.0514659559	0.0178914394	0.1311975167	-0.1384536304	-0.049812156	0.0030840151	0.208300428	-0.0822948283	-0.0873097655	0.1524060639	0.1299106161	0.0698189311	0.0231117913	-0.0227971617	0.1165206438	-0.0529132764	-0.0481325726	-0.1353592994	0.0212909192	-0.0999490283	0.0887851513	0.1127157202	-0.0836895677	-0.0645779136	0.1907556183	0.0026169297	0.0024451697	-0.0208790082	-0.1505910958	-0.0069459961337088	0.0040156357335093	1.6125330344236777e-05	4.82468622894976e-05	-0.0255040624188609	-0.0166082701041574	0.0002758346358526	0.0006504571998651	-0.0237845097067861	-0.0323918780477469	0.0010492337634601	0.0005657029019922	0.0009650051149786	4.7017241578900006e-05	2.2106210056886434e-09	9.31234871934861e-07	3.084077688941811e-05	0.0001034922140077	1.0710638360223604e-08	9.51153519142866e-10	-0.0003300147935541	-4.8074251799963645e-08	1.0890976396455525e-07	2.311133686126307e-15	0.0	0.0	0.0	0.0	0.0	0.0	0.0	0.0	0.0	0.0	0.0
884.4149577255375	0.4582469369544242	782189.8174486643	0.209990255228112	1067.4638999974784	0.7204174346206855	0.5190012801054497	1139479.1777978265	848.98050748792	0.9500647748826624	720767.9020944462	0.9026230764728438	864.5417891398515	746.4711340524988	1.159824	16.600986	0.06298675048444	0.032155110839038	0.0069423724	0.262874461	0.053453507	-0.0180964529	0.00857916	-0.1120336323	-0.1747580984	-0.0315464395	-0.197119274	-0.0210688685	0.0934037642	-0.054948731	0.004401661	0.1962499082	0.0038317485	-0.0547594149	0.1923519094	0.1049505226	0.1729544939	-0.1387469161	-0.0395511983	-0.0064869456	0.0018025967	-0.0819818916	0.0574838594	0.087491871	0.1738522933	-0.1269994999	-0.0990900736	-0.0454206209	-0.0044183757	0.0800015261	-0.120976648	-0.2238347071	-0.1698298566	0.0463686135	-0.02300863	-0.2332772265	-0.0061809286	-0.0618804534	0.0069530346	-0.1252638976	-0.0582737055	0.1166525852	0.134583751	-0.0862486135	0.1240791498	0.1338700799	0.066295218	-0.0479895506	-0.0910383432	0.0502005622	0.0292745115	-0.0033785706	0.0636347021	-0.0855963563	-0.215146016	0.1600115634	0.1551878206	-0.0077936793	0.034428414	-0.0124499818	-0.0107629965	0.021426811	0.1589569058	-0.157864463	-0.1892170773	-0.0451624768	-0.1488450948	0.0240516622	-0.0833731585	0.1295461019	-0.0227444898	-0.1499368321	-0.2447876459	-0.0267918699	-0.1469813818	-0.0068427238978614	0.0001032722358474	1.0665154696921088e-08	4.682287034236352e-05	-0.0477646356790302	-0.0222605732601693	0.0004955331218713	0.0022814604215504	-0.0318539903794885	-0.0080694806727024	6.51165183271176e-05	0.0010146767030965	0.0012279675735076	0.000262962458529	6.91492545956161e-08	1.5079043615861432e-06	-0.0001153511379166	-0.000146191914806	2.1372075954650053e-08	1.3305885018654476e-08	-0.0005719289065335	-0.0002419141129794	3.271026741286051e-07	5.8522438058609935e-08	0.0	0.0	0.0	0.0	0.0	0.0	0.0	0.0	0.0	0.0	0.0
883.308235162214	-1.1067225633235012	780233.4383053852	1.224834832169341	1062.0548385118657	-5.40906148561271	29.257946155138782	1127960.480006465	846.8919269186913	-2.088580569228725	717225.9358800539	4.362168794159785	862.8670053387632	749.8411828166435	1.06943	15.30715	0.0655606846950739	0.0438833204129987	0.0818852456	0.1559075911	-0.1092513284	-0.0881328982	-0.1557057666	-0.0225871075	0.0157940545	-0.1559440927	-0.102399309	-0.0611650439	0.1165013846	-0.0536608397	0.113011876	-0.0510881918	0.1562737348	-0.0814247503	0.1069775823	0.0633064683	0.0192897792	-0.2370650991	0.0101836048	0.0826981999	-0.1355594372	0.0685423268	0.0706022061	0.091374682	-0.0681830555	-0.0053987424	0.0352547909	-0.0223519802	-0.0350364859	0.0187859691	-0.1978808822	0.035379144	0.0620412169	0.146677935	0.0507161008	-0.1159296591	-0.0424769191	-0.0193421709	0.2263633967	-0.045544314	-0.023179061	0.0824624706	0.183344586	0.1242106147	0.0499309167	0.0163950737	-0.0613690368	0.0437794099	0.041471309	0.0542895671	-0.1072529218	0.0808210232	-0.0262362475	-0.0101090394	-0.1684712671	0.2015033297	0.1326741048	-0.2401688108	0.0391086645	0.131528105	-0.0364807404	0.0109607388	0.0859370956	0.0181699462	0.1158911942	-0.0294039787	-0.063605336	0.0524410017	0.034769239	0.0501121922	0.1518609784	0.1373717921	0.2005313879	-0.0326654109	-0.1425091225	-0.0069109411062129	-6.821720835149987e-05	4.6535875152719435e-09	4.776110697354318e-05	-0.0079588072068048	0.0398058284722254	0.0015845039803602	6.334261215508803e-05	-0.0279812093675815	0.003872781011907	1.499843276618742e-05	0.0007829480776724	0.0011379849403529	-8.998263315470006e-05	8.096874269453328e-09	1.2950097244699934e-06	-0.0001351399979467	-1.9788860030099987e-05	3.915989812908888e-10	1.826281904503408e-08	-0.0002454232396665	0.000326505666867	6.02325665684003e-08	1.066059504962644e-07	0.0	0.0	0.0	0.0	0.0	0.0	0.0	0.0	0.0	0.0	0.0
884.8397345542729	1.5314993920588904	782941.3558460762	2.345490387876751	1068.1788911774684	6.124052665602676	37.50402105107524	1141006.1435571257	847.893368336231	1.001441417539695	718923.1640685595	1.002884912763914	864.4853820531001	740.3792656503382	1.216933	17.418413	0.0225272911285719	0.0143497549861005	0.2252396794	0.0178690317	-0.0851211124	-0.0687563516	-0.1849936325	0.1255481743	0.0886595369	-0.0255802956	-0.1878664789	0.0623979745	-0.0829309103	0.2206635922	0.100486152	-0.0486640159	-0.0147803569	0.2026907438	0.169451451	-0.0688291067	0.0770025202	0.0675595346	0.027613006	-0.1352840573	-0.2136451256	0.0761735685	0.0941261291	-0.0196510887	0.0737149221	0.048066665	-0.1019468615	-0.002559691	0.0290383313	0.0717015719	0.1893728022	-0.053494779	0.0988947457	0.0194001635	-0.1852571361	-0.088119709	0.1992212051	0.0113226571	-0.0361532355	0.0020154765	-0.1235538549	0.0472071848	-0.0448954741	0.0970625504	0.0134866287	-0.0787895741	-0.1656857099	-0.1335309844	-0.0626053432	-0.1817503121	-0.0867399127	0.2244941371	0.0082633795	0.1251046939	-0.1338687511	-0.062893102	0.1200150112	-0.0789869284	0.0695816515	-0.0849559761	-0.0572067344	0.0579305889	-0.1968880813	-0.0718726629	0.0748651645	-0.0047784032	-0.1298241386	-0.0025069915	0.090661936	-0.248773909	-0.0999705734	0.0309009452	0.1413031378	-0.0384910108	-0.1372005631	-0.0069622295599316	-5.128845371869979e-05	2.63050548485521e-09	4.847264044518536e-05	0.0049730958536429	0.0129319030604477	0.0001672341167648	2.47316823695202e-05	-0.0279607899908	2.041937678149905e-05	4.1695094814482247e-10	0.0007818057769096	0.0011879848634297	4.99999230767999e-05	2.499992307685907e-09	1.4113080357380829e-06	-7.919596876981849e-05	5.59440291768815e-05	3.129734400543768e-09	6.272001469390066e-09	-0.0003299528921653	-8.452965249880002e-05	1.0886891104824612e-07	7.145262151567888e-09	0.0	0.0	0.0	0.0	0.0	0.0	0.0	0.0	0.0	0.0	0.0
884.9919564762173	0.1522219219443741	783210.7630276029	0.0231715135204391	1067.6290069723352	-0.5498842051331394	0.3023726390549045	1139831.6965287346	847.9630717547643	0.0697034185333222	719041.3710597756	0.0048585665552314	864.3394672037689	738.2215136815228	1.099241	15.733837	0.1156020225420544	0.0806137915483751	0.2556853192	0.0587354589	0.0100038465	0.0289963088	0.0580162285	-0.0300010451	0.0730707729	0.0125390889	-0.1706049735	-0.1067272061	-0.0521173904	0.1432707879	0.0646468868	-0.0902402305	-0.0193491263	-0.0645937086	0.1186965507	-0.0605046006	0.1113252381	-0.0392965317	-0.132890429	0.0499698264	-0.01767138	0.0292618739	0.0620884313	-0.0501652538	0.0299725006	0.0302794768	0.0068137695	0.2316920758	-0.0168170454	-0.1103979927	0.1407314533	0.1578058075	0.1194945174	-0.0210048189	0.0296508683	-0.1383266081	0.1031863442	0.0144792278	-0.1141501382	-0.1326424323	-0.0174534947	0.0738621915	0.1279389436	0.0332229087	-0.0084453308	-0.1273731785	-0.049745552	-0.0891047065	0.0514200573	0.0642466044	0.1076791028	0.26236596	0.1011407716	0.0026090185	-0.1127452599	0.0852511529	0.0043652654	-0.0635671632	0.0859491437	0.0034346669	0.0274473322	0.1479037529	-0.1174008411	-0.0550467406	0.0083038491	-0.0281515863	0.0034294269	-0.0908492946	0.0722379134	0.1269251603	0.0254757509	0.0426008064	0.0524736128	-0.0442601199	-0.1310868562	-0.0161054494896006	-0.009143219929669	8.359847068229641e-05	0.000259385503262	-0.0716803570961133	-0.0766534529497562	0.0058757518491204	0.0051380735934263	-0.0280253285869633	-6.453859616329868e-05	4.165230394729352e-09	0.0007854190424072	0.0013690558850503	0.0001810710216206	3.2786714870727856e-08	1.8743140163908604e-06	0.0003337737378421	0.0004129697066119	1.7054397857913405e-07	1.1140490807308693e-07	-0.0003307283852621	-7.754930967999963e-07	1.0938126481807606e-07	6.013895431844484e-13	0.0	0.0	0.0	0.0	0.0	0.0	0.0	0.0	0.0	0.0	0.0
884.5544353021404	-0.4375211740768918	782436.5490126885	0.1914247777656219	1066.115985136077	-1.5130218362583037	2.289235076994449	1136603.2937626678	847.0392815209538	-0.923790233810564	717475.5444395335	0.8533883960837767	863.104447768129	738.3048193133413	0.914249	13.085983	0.1190897685536312	0.0848506782026489	0.2432680037	0.056360498	-0.0038516523	-0.0159621798	0.0129521531	-0.0493274466	0.0648812663	0.0759565024	-0.0590875063	-0.2043914322	0.1200434788	0.0537624443	0.1083590537	-0.1198428036	-0.0414688095	-0.1019585348	0.008797175	-0.0303383339	-0.1565743713	0.0270013529	-0.1810719156	-0.109031225	-0.0723881682	-0.1281900796	-0.1234009908	0.0053727968	0.077564607	-0.0809606947	-0.0716418626	0.0350591121	0.1368165925	0.001056058	-0.1348535199	0.1792033057	0.1157131884	-0.0635914733	0.1353103463	-0.0280278909	0.013553859	0.1968534851	0.0093880972	-0.0240356654	-0.0172250191	-0.0377980008	-0.0351987403	-0.0281511163	0.1981306408	-0.0745005617	-0.0153074887	0.0175065187	-0.1173411587	0.1171528393	-0.1257892043	0.2897221062	0.0477141363	-0.0022305669	-0.0680337974	0.038167118	-0.041296704	-0.0546007943	0.0726941456	-0.0915185801	0.1302944791	0.0347634704	-0.0274408172	-0.0589513833	0.0641811461	-0.0474470612	0.0101105542	-0.0236488742	0.2166626869	-0.0626102603	0.0840387456	-0.1010383573	-0.0724540275	-0.0499642712	-0.1242038795	-0.0252571374942931	-0.0091516880046924	8.375339333523256e-05	0.0006379229944056	0.0082185622798789	0.0798989193759922	0.0063838373174513	6.754476594824826e-05	-0.0279152587676918	0.0001100698192714	1.2115365114460386e-08	0.0007792616720671	0.0008945761682071	-0.0004744797168432	2.2513100169560337e-07	8.002665207240975e-07	0.0004573525173108	0.0001235787794686	1.5271714734973583e-08	2.0917132509052562e-07	-0.0003302050545005	5.233307616000159e-07	1.0903537801767819e-07	2.7387508603685273e-13	0.0	0.0	0.0	0.0	0.0	0.0	0.0	0.0	0.0	0.0	0.0
884.737232581745	0.1827972796046424	782759.9707164048	0.0334148454308578	1065.8656013023126	-0.2503838337643174	0.0626920642105173	1136069.4800395404	846.8916124994355	-0.1476690215182543	717225.403321894	0.0218061399161586	863.2059181758335	743.9468357289294	1.164825	16.672565	0.0746999285832732	0.042470485522437	0.2444349823	0.0765817026	-0.0563258508	-0.1357776116	-0.0629977785	0.0552149303	0.1381134799	-0.0049590252	-0.1778840566	0.1097487851	0.0021600885	0.2115621049	0.0051654356	-0.1440321992	0.0331341432	0.2328025829	0.1707517539	0.03459185	0.0078271227	0.0623151903	-0.0563464179	-0.0341623878	-0.1323415363	-0.0220563042	0.0612249853	-0.0434727598	0.0880417556	-0.0142663299	0.0283374474	-0.1538110023	-0.2499653779	0.0558323817	0.0480323844	-0.0183565521	0.1727590278	0.0248972756	-0.2113554719	-0.0964705245	0.0618884412	0.1207052337	-0.0622631129	-0.0451193787	-0.1077919679	-0.0792344803	0.0445964699	0.0243535511	0.0031394212	-0.021402383	-0.1186381195	-0.1294798621	-0.0564302803	-0.2032705586	0.0256170286	0.2406195582	-0.0211623464	0.02091434	-0.1595695513	-0.0377449746	0.084667259	0.0048415906	0.1239804715	0.0121391518	-0.0457664143	0.1073434035	-0.1136873032	-0.0614094297	0.1038240395	0.1531044215	-0.024802882	-0.0252252485	0.021145721	0.0071291243	-0.1577863927	0.0089814976	0.0900054226	-0.055595093	-0.1165920251	-0.024039848327078	0.001217289167215	1.48179291661923e-06	0.0005779143075889	-0.0241031259990904	-0.0323216882789693	0.0010446915332028	0.000580960682928	-0.0336307114877456	-0.0057154527200538	3.266639979517039e-05	0.0011310247551719	0.0011451641243216	0.0002505879561145	6.279432374964264e-08	1.311400871633257e-06	0.0004230682836554	-3.428423365539997e-05	1.17540867733806e-09	1.78986772635126e-07	-0.0007542428330713	-0.0004240377785708	5.688822512394209e-07	1.798080376552588e-07	0.0	0.0	0.0	0.0	0.0	0.0	0.0	0.0	0.0	0.0	0.0
884.0720879689649	-0.6651446127801819	781583.4567258052	0.4424173559104981	1065.4616459949475	-0.403955307365095	0.1631798903484283	1135208.519086263	846.5216462416456	-0.3699662577898834	716598.8975556658	0.1368750319030505	862.8528587902453	742.6847274132854	1.172034	16.775759	0.0792421564865617	0.0560159141134168	0.2016843862	0.0899057681	-0.0824149991	0.0624738305	0.0780481442	-0.0591254138	0.0766440933	0.0250748669	-0.0541482195	-0.144632744	0.0406072516	0.1913890081	0.1102011692	-0.1634266474	-0.0035460135	-0.1333105936	0.0855369966	0.0426626389	-0.0624985277	0.0126784637	-0.0554809614	0.0667382216	-0.0750434865	0.1085700792	0.1900747604	0.0854223666	0.0703245284	-0.0167203709	0.0417935035	-0.1315042822	-0.0380448024	-0.0660748679	-0.0299806916	-0.0132542609	0.1529457834	-0.0031035575	0.1137645288	-0.0982526023	-0.0059549692	0.0947782296	-0.0589314873	0.0635923786	-0.0549858865	0.0116653033	0.1959822944	0.0781954776	-0.0380961853	0.025765043	-0.056278469	-0.1686546852	-0.0172191317	0.1050998008	0.0528872475	0.2198702043	-0.0330562318	-0.0721781925	-0.0650289469	-0.102320474	0.0268877539	0.1023918953	0.0676852479	0.0142790954	-0.1147741326	0.0776924288	-0.0581713893	-0.0109519215	0.0979166128	0.0760278498	0.1088211271	-0.0298181358	0.0883851946	0.0626707284	0.0958501862	0.0481568798	-0.0699832305	-0.0611443214	-0.1082959623	-0.0240474356370867	-7.587310008699138e-06	5.756727316810612e-11	0.0005782791607198	-0.0758228750894147	-0.0517197490903243	0.0026749324459661	0.0057491083868249	-0.0278631583408071	0.0057675531469385	3.3264669302760206e-05	0.0007763555927248	0.0011450055198679	-1.586044537000859e-07	2.5155372733502683e-14	1.31103764052796e-06	1.905009884839437e-05	-0.000404018184807	1.6323069365474777e-07	3.629062661335965e-10	-0.0007850113825964	-3.076854952510004e-05	6.162428708059116e-07	9.467036398785336e-10	0.0	0.0	0.0	0.0	0.0	0.0	0.0	0.0	0.0	0.0	0.0
883.2632127600222	-0.8088752089427089	780153.9030151562	0.6542791036421111	1064.5510607795536	-0.910585215393894	0.8291654344939444	1133268.9610068728	846.586846747426	0.0652005057803535	716709.2890857497	0.0042511059540139	862.7320511371445	737.5639313937423	1.039157	14.873836	0.1075427408400626	0.09720141225695	0.1184668523	-0.0258709323	-0.0997199901	-0.1116041807	-0.0593539009	-0.0984686199	0.1073731595	0.0040675354	-0.0128778557	-0.058720695	0.1737565381	0.108732094	0.0813254761	-0.1512599159	-0.0035312581	-0.0105467849	0.1009337554	0.0914602943	-0.2428831642	-0.0723396069	-0.1005776174	-0.1477655965	-0.1004439386	0.0900646376	0.0586383354	-0.2040928073	-0.1424173097	0.0913132285	-0.085392339	-0.0842583074	0.0235416411	-0.0021856745	0.0434099836	-0.078369507	0.1526235989	0.0029966013	0.0132868854	-0.0603926383	0.0258365842	0.2739536921	0.0923822904	0.1019629815	-0.0353943121	0.0425939305	-0.0980455243	0.0509419408	0.0505630918	-0.0854680358	-0.0416302741	-0.0833728846	-0.0155697076	-0.0271051639	-0.1714490158	0.1820129118	-0.0988203104	-0.0610084084	-0.0374184244	-0.0894735093	-0.0703910043	0.035435233	0.1296246757	-0.0502630974	-0.0679013051	0.0251328632	0.0481159561	0.0271918305	-0.0307298672	0.1020650864	-0.0213654643	0.0658072998	-0.0058568442	-0.1246452713	-0.0571974996	0.0048469986	-0.1023768364	-0.066603812	-0.0993643757	-0.0240380002047828	9.43543230389962e-06	8.902738276147252e-11	0.0005778254538451	0.0210681670038752	0.0968910420932899	0.0093878740379236	0.0004438676609031	-0.0347020317427961	-0.0068388734019889	4.677018940843255e-05	0.001204231007078	0.001144980639178	-2.4880689900074266e-08	6.190487299036574e-16	1.3109806640924612e-06	-5.69493886271033e-05	-7.599948747549767e-05	5.7759220965383284e-09	3.243232865000842e-09	-0.0007849679525122	4.3430084200051136e-08	6.161746864711954e-07	1.886172213623531e-15	0.0	0.0	0.0	0.0	0.0	0.0	0.0	0.0	0.0	0.0	0.0
883.3708843923876	0.1076716323653954	780344.119392189	0.0115931804162288	1065.2666746327577	0.7156138532041041	0.512103186897625	1134793.0880831338	846.7179781345963	0.131131387170285	716931.3344963386	0.0171954407012032	863.0247456444035	730.499448379542	0.968439	13.86162	0.1669507117695172	0.1283687630906534	0.0346086748	-0.1034719918	-0.095429928	-0.0811017077	0.0903924093	-0.1780983379	0.1426928476	0.047352824	-0.0729671514	-0.070119104	-0.0537441424	0.1830900424	-0.0752101453	-0.1512865936	-0.0329893192	-0.0351713313	0.083896514	0.1517423575	-0.0040092493	0.0688892661	-0.0596133744	0.0542804558	0.0703730186	0.083279169	-0.0242483549	-0.0751319139	0.1402054413	-0.0610568832	0.0035633341	-0.2676101422	-0.0695408535	0.04542094	-0.0226344095	0.1965854754	0.170331992	-0.03512133	0.011163522	-0.1314725288	-0.0428346335	0.0906435635	-0.1334465095	0.0299586126	-0.0638119658	-0.0240012398	0.037043805	0.016924527	-0.1376389437	-0.0895419338	-0.0164494405	-0.0842069795	-0.0178894849	0.0160384699	0.1527001922	0.2022980654	-0.0311289358	-0.1095584781	-0.0291414083	-0.0847941213	-0.0755117297	0.0719517222	0.0600588732	0.0031273687	-0.0742913711	-0.0574980352	0.0255541465	0.1291614569	0.0853664381	-0.0184189869	0.0326361382	-0.1325650886	-0.1175913538	0.103110215	0.0827408051	0.0770409818	0.0576055847	-0.0719655524	-0.0898496795	-0.0214837159457914	0.0025542842589913	6.524368075731236e-06	0.0004615500508394	-0.1031525975641898	-0.124220764568065	0.0154307983498746	0.0106404583842396	-0.0277198199554646	0.0069822117873314	4.87512814431509e-05	0.0007683884183633	0.001719014253671	0.000574033614493	3.295145905678984e-07	2.955010004324065e-06	3.2824899640182537e-05	8.977428826728584e-05	8.059422833897736e-09	1.0774740363880555e-09	-0.0007850290728545	-6.112034230002037e-08	6.162706452267959e-07	3.7356962428716606e-15	0.0	0.0	0.0	0.0	0.0	0.0	0.0	0.0	0.0	0.0	0.0
882.6956797399258	-0.6752046524617299	779151.6630315298	0.4559013227059654	1064.3618159764249	-0.9048586563328628	0.8187691879405137	1132866.0753086328	846.5457206240968	-0.1722575104994348	716639.6571069714	0.0296726499234629	862.7463708766953	729.8898584172254	1.006408	14.405081	0.1433491367591074	0.0998532917726932	0.041095536	-0.0803361617	-0.0500615491	-0.0802932889	0.0913903756	-0.2445074354	0.0900901206	0.0633371893	0.0211492864	-0.2008241074	0.1688405855	0.0833666895	0.0160921907	-0.1147718372	0.0221846631	-0.165896176	-0.1366463257	0.0576533834	-0.101204093	0.0578473561	-0.2253012726	-0.2201253225	0.013039207	-0.1094083895	-0.2351319444	0.0277603457	0.1326934007	-0.1350022293	-0.1331861455	-0.0176404371	-0.1015210869	-0.0715826625	-0.1119395224	-0.0886648406	0.102672424	-0.0368957737	0.1706437839	0.0461381454	-0.1121589268	0.1798880839	-0.0260479929	-0.0717631501	-0.0411266237	0.0979697891	-0.1203313926	-0.0473858173	0.1788132009	-0.0224216211	0.0587644605	0.1812080326	-0.1643080848	0.1122589877	-0.1154489833	0.184916458	-0.0402061499	-0.1142450311	0.0571231711	-0.1241677197	-0.196744868	0.0940759835	-0.0166007932	-0.020083696	0.0069168076	-0.0649986661	0.0835526778	0.0516156823	0.0210040205	0.0874562137	0.0579228193	0.0004414241	0.0757315712	0.0681526523	0.2097014047	-0.200081401	-0.118587356	-0.0772216734	-0.0798077096	-0.0239551146079435	-0.0024713986621521	6.107811347287191e-06	0.0005738475158797	-0.0092710290659709	0.0938815684982189	0.0088137489036857	8.595197994207728e-05	-0.0277376327041452	-1.781274868059915e-05	3.1729401555818675e-10	0.00076937626803	0.001196097243815	-0.000522917009856	2.7344219919674005e-07	1.4306486166618396e-06	0.0002951230543208	0.0002622981546806	6.880032194885711e-08	8.709761719163786e-08	-0.00063067710039	0.0001543519724645	3.977536049563381e-07	2.3824531403681777e-08	0.0	0.0	0.0	0.0	0.0	0.0	0.0	0.0	0.0	0.0	0.0
883.7805652306654	1.0848854907395662	781068.0874794344	1.1769765280172293	1067.1596447581976	2.7978287817727505	7.8278458921159935	1138829.7074004426	848.32413400639	1.778413382293138	719653.8363376914	3.162754158319319	864.4957293816638	729.5260851410978	1.245386	17.825663	0.05433969010923	0.0235547568660953	0.0479675349	-0.1120754883	-0.00120135	-0.1817220274	0.0289255284	-0.1040691493	0.1178097584	0.0362403317	-0.093183805	0.1243789787	0.0350211984	0.1567687675	-0.1212802461	-0.0494414613	-0.0220613328	0.249613556	0.0067529752	-0.077862751	0.0090411779	-0.0099378927	-0.2770360745	-0.0860809887	0.0425004313	-0.070652981	-0.0541067338	-0.106359395	-0.2786063449	0.0485065786	0.0103374554	0.0640510637	0.022244332	-0.0529418297	-0.0278008909	0.1756294142	0.0824266509	-0.0454117973	-0.2390164198	0.0708679347	0.057451561	0.1041142534	-0.1239541885	-0.1915155862	0.0344234551	0.0134574975	-0.1564950546	0.0896321655	0.2045042704	0.0395858617	0.1386019381	-0.1259562617	0.1388544015	-0.2378057392	0.0081514561	0.1582662866	-0.0364735257	-0.0830917383	0.0436839204	-0.1193901699	-0.104275534	0.0014327513	-0.1462956608	-0.1746224765	0.0821403369	-0.2351079212	0.0042505268	-0.0423413942	0.0090678966	0.0279601828	-0.0696822603	0.0050887195	-0.2387037344	0.1466947911	-0.0102710994	-0.1802415457	0.041520161	-0.0823644609	-0.0692973963	-0.0149960740072145	0.008959040600729	8.026440848551066e-05	0.0002248822356298	-0.0091852993533478	8.572971262310082e-05	7.349583626439452e-09	8.436972421061152e-05	-0.0181630489581721	0.0095745837459731	9.167265390865228e-05	0.0003298963474569	0.0014479986345382	0.0002519013907232	6.345431064828227e-08	2.096700045624492e-06	-1.3068339419497477e-05	-0.0003081913937402	9.498193517558707e-08	1.7078149518319163e-10	-0.0007849910369246	-0.0001543139365345	6.162109280519587e-07	2.3812791008804553e-08	0.0	0.0	0.0	0.0	0.0	0.0	0.0	0.0	0.0	0.0	0.0
883.4557428802875	-0.3248223503778717	780494.0496281607	0.1055095593050049	1066.4786745169913	-0.6809702412062961	0.4637204694085611	1137376.763199519	847.4730893526463	-0.8510446537436565	718210.6371769184	0.7242770026656601	863.9586925749394	731.7184299526119	1.208066	17.291498	0.0988108061092928	0.0618402662266682	0.0362131713	-0.0570321804	0.0204725226	0.0196229045	0.1685135889	-0.1935307141	0.0473506542	0.0915141825	-0.010935177	-0.1654414765	0.0217240791	0.0796243885	-0.0545607794	-0.0741444361	-0.005006134	-0.0431026232	-0.067185322	-0.0321770922	0.0142084853	0.0483064314	-0.1738246013	0.1268301538	0.0141879696	0.1404700765	0.0670373441	0.1780175103	-0.1433818416	-0.1706766708	-0.212685213	0.054742281	0.1390411434	0.015984059	0.1344185028	-0.0049269878	0.0617534652	-0.0308174224	0.1080541001	0.0496229482	-0.0325382359	0.0684938838	-0.1460044561	-0.1657811124	0.0069627928	0.0040257021	-0.0017864535	0.0887738922	0.0244989767	0.0269013637	0.0473817043	-0.0060189347	0.2223901221	0.0927165582	0.0681630128	0.1042371892	0.0032434824	-0.1372650446	0.090971772	-0.087735942	-0.1245196721	0.0812714928	-0.1239659684	-0.0836728054	-0.0538618791	-0.0867378681	0.1394799652	0.0827164318	0.0281276179	0.0888384196	-0.0940510071	-0.0753930118	-0.1374198975	0.104000589	-0.2141577759	-0.0188272668	0.0162649811	-0.0873863672	-0.0583804184	-0.0266209199057243	-0.0116248458985098	0.0001351370421641	0.0007086733766269	-0.0643141574628316	-0.0551288581094838	0.0030391909964555	0.0041363108501538	-0.0114993551549815	0.0066636938031905	4.440481510268079e-05	0.0001322351689803	0.0019150143577001	0.0004670157231619	2.1810368568043245e-07	3.667279990197527e-06	2.7748030650975863e-05	4.081637007047334e-05	1.6659760657298316e-09	7.69953205007496e-10	-0.0007850271096544	-3.6072729800071784e-08	6.162675628923414e-07	1.3012418352289865e-15	0.0	0.0	0.0	0.0	0.0	0.0	0.0	0.0	0.0	0.0	0.0
882.8817062923004	-0.5740365879871661	779480.1073056037	0.3295180043479474	1064.2166223660322	-2.262052150959107	5.116879933658724	1132557.019320166	847.9729170429913	0.4998276903450005	719058.0680383998	0.2498277200356177	864.315101485947	724.3459601505425	1.161147	16.619928	0.1131437971056939	0.0825315993742901	-0.0307753093	-0.1168897245	0.119968454	-0.1980911217	0.0523862822	-0.071681258	0.0778600343	0.0850555052	0.088141041	0.0210587797	0.0947788955	-0.0995669015	-0.0747196014	-0.0288102167	-0.1396004614	0.0852699768	-0.0536090324	0.0072956951	-0.1497759799	-0.1699156294	-0.0725349229	0.1651687191	0.0790988546	-0.0283404868	0.1524699874	0.0800763716	-0.070601139	0.2190154332	-0.2087910425	0.1518251583	0.0749112252	0.0056913561	0.0487045164	-0.0126120644	0.0258543713	-0.1315982255	-0.0790132074	0.100921662	-0.0594991743	0.1101076658	0.0998486489	-0.0496300635	0.2454288467	-0.0885473217	0.0663657775	0.0413890978	0.0280671523	0.0993631874	0.0691971962	-0.1988353016	0.1254927392	-0.0870317111	-0.1543721216	-0.0067079251	0.0750549778	-0.1489466914	0.121622238	-0.041326091	-0.2738540375	-0.1673624219	-0.1066604098	-0.0285857152	-0.0546219492	0.0260899774	0.0708919553	0.1210321648	0.042606954	-0.0055468083	0.1144374829	-0.215107266	-0.080331912	-0.0387823233	-0.1312878756	0.0729755676	0.0943507045	-0.092280022	-0.0471208409	-0.0240354465363452	0.0025854733693791	6.684672543768524e-06	0.0005777026902015	0.0155661341950263	0.0798802916578579	0.0063808609953444	0.0002423045337775	-0.0030354574819284	0.008463897673053	7.163756381991367e-05	9.214002124595103e-06	0.0017439041597258	-0.0001711101979743	2.9278699850804163e-08	3.0412017183089484e-06	-0.0002451841517048	-0.0002729321823557	7.449197616548649e-08	6.011526824720238e-08	-0.0007847868018764	2.403077780000103e-07	6.15890324399388e-07	5.774782816730222e-14	0.0	0.0	0.0	0.0	0.0	0.0	0.0	0.0	0.0	0.0	0.0
883.6003571491983	0.7186508568979662	780749.5911541908	0.516459054120181	1067.824200124248	3.607577758215712	13.0146172815727	1140248.52237099	847.3419288238349	-0.6309882191563929	717988.344342897	0.3981461327141561	863.7674950433756	737.6279514712621	1.156555	16.554192	0.1255537095339729	0.0831670517831555	-0.0601913336	-0.0329153871	0.1616978407	-0.0116196682	0.1011997994	-0.0041288948	-0.0121119333	0.1925946773	0.0213789865	0.0632023187	-0.1186443573	-0.032212948	0.0817203611	-0.0381070867	-0.1690596713	-0.0384662376	-0.096282124	0.0132432828	0.0561087317	-0.0001876663	0.0736877894	0.0401052301	-0.1894014657	0.0610300833	0.1491293479	-0.0246883949	0.011956885	0.0917634147	-0.0537403069	-0.1553335831	0.0244365595	-0.0451976927	-0.0158433373	0.0342292413	-0.0076526647	-0.1782402051	0.0264384649	0.0442757497	-0.0859455338	-0.0895396557	0.0255125691	0.1166347569	-0.1046780341	-0.0390606211	0.2023240974	0.1562206098	-0.0379595396	-0.0642532417	-0.000194026	-0.0926914742	-0.1340109533	0.0200396963	0.0731822038	-0.0270787185	0.154452102	-0.1200771364	0.1355792521	-0.098153341	0.0676198689	0.0083679378	-0.0529314664	-0.0763561924	-0.1287785998	-0.0123086398	0.0264337614	0.1903384327	0.0707757682	-0.0238114571	-0.0199612356	-0.0468178732	-0.0991023909	-0.1385517533	-0.1636297045	-0.0788933672	-0.0349349599	-0.0970382431	-0.0355847396	-0.0238668263130392	0.0001686202233059	2.843277970776529e-08	0.0005696253982567	-0.059929511450349	-0.0754956456453753	0.005699592511412	0.0035915463426775	-0.027210341105885	-0.0241748836239566	0.0005844249982318	0.0007404026630986	0.0020538270147689	0.000309922855043	9.605217607806632e-08	4.218205406594531e-06	-0.0004488057523235	-0.0002036216006186	4.146175623852136e-08	2.014266033186628e-07	-0.0007840400567115	7.467451648999817e-07	6.147188105281722e-07	5.576283413015009e-13	0.0	0.0	0.0	0.0	0.0	0.0	0.0	0.0	0.0	0.0	0.0
883.3694471039088	-0.2309100452895336	780341.5800766655	0.0533194490156144	1069.35996070826	1.535760584011996	2.3585605714048667	1143530.725565971	849.0601726201228	1.7182437962878794	720903.1767297128	2.9523617434817835	865.038111027093	732.2755042598172	1.13904	16.303497	0.129271152091186	0.0850752394726328	-0.1349845889	0.1179531446	0.0802032853	-0.0178519394	0.0319868394	0.0018372671	-0.1994198014	0.0847113968	0.0575729811	-0.017341913	0.0930514553	0.0367164471	0.0975439452	0.1662105621	-8.07678e-05	-0.0569669947	-0.0313705079	0.006375679	-0.0884605391	-0.0472741894	-0.071888307	-0.2271778722	0.0280240797	-0.0686857298	0.0438022329	-0.0155816193	0.1175526329	-0.01364656	-0.0685049829	0.1117999067	-0.1313811371	-0.0053896556	-0.3407466262	0.1486720249	-0.1800413354	-0.0295612928	0.063838165	0.014819142	0.0113447259	0.2039624437	-0.0016051156	0.0632140632	-0.0762210871	0.151839287	0.0025311288	-0.0356260349	0.1086668788	-0.1170869411	0.0966990011	0.1197792377	-0.0019400755	0.0468803089	-0.1265128082	-0.0949996244	0.0229028565	-0.1454301923	-0.088994212	-0.118006899	0.0388009849	0.1124579884	-0.1636430696	-0.0438255814	0.0465293322	0.0553391579	0.2096353544	0.059428868	0.0020275973	-0.0592782068	-0.0896037718	0.0090758677	0.0191434408	-0.1162063104	-0.0573948276	0.1631639235	0.2004795962	-0.1016540472	-0.023839813	-0.0178543412135212	0.0060124850995179	3.614997707192597e-05	0.0003187775001688	0.0198414224038998	0.0797709338542488	0.0063634018879789	0.0003936820430099	-0.0273350883847314	-0.0001247472788463	1.5561883579581182e-08	0.000747207057001	0.0018189859263088	-0.00023484108846	5.5150336829124456e-08	3.3087098001094834e-06	-6.548654581184365e-05	0.0003833192065116	1.4693361408072585e-07	4.288487682366698e-09	-0.0005349406345118	0.0002490994221997	2.861614824518872e-07	6.20505221402244e-08	0.0	0.0	0.0	0.0	0.0	0.0	0.0	0.0	0.0	0.0	0.0
881.3637463175711	-2.005700786337684	776802.0533229439	4.022835644315603	1063.9000731275676	-5.459887580692339	29.81037239379844	1131883.3656008437	847.0162016234646	-2.043970996658232	717436.4458126415	4.177817435180043	863.6226524342236	744.6964697496664	1.278811	18.304087	0.1519997971068378	0.1017549233028547	-0.1223544607	0.0126500249	-0.17826268	-0.073549756	0.1963474063	0.1378020925	-0.0198065716	-0.1592755607	0.1762827693	0.0510612989	0.0004034794	0.0426836969	-0.0093015164	-0.0698673113	0.1099058575	0.0340275423	-0.1135699985	0.0135410536	-0.0123158359	0.0582513291	-0.0963322166	0.0370487141	-0.1281765331	0.006038321	0.0006787822	0.0750611419	0.1285579442	0.1325016259	0.1593615633	-0.0450297566	0.1452571725	-0.0401176495	0.0379398727	0.0833135947	0.029635971	0.1278932308	-0.0347888356	0.1447950766	-0.0973611153	-0.0001479628	-0.0580973865	0.0609670994	-0.013970854	-0.0431911811	0.0590376873	0.0776679849	0.0261440467	0.0306445028	0.1210850931	-0.0044497755	-0.1381845345	-0.031321708	0.1702440959	0.0054092851	-0.1072553605	-0.0007008639	0.0172456106	-0.1361851683	0.039583625	0.0377625947	-0.1260300524	0.108131525	0.084383801	0.1631641392	0.1577628912	0.00595746	-0.0108404247	0.0379173422	0.1424222899	0.0313903765	-0.0239146761	-0.039848003	-0.1700558549	0.1654215668	-0.0130933611	-0.10612066	-0.0119549848	-0.0240932869573669	-0.0062389457438456	3.892444399465037e-05	0.00058048647641	-0.0762171866370096	-0.0960586090409094	0.0092272563708742	0.0058090595388607	-0.0270885276417658	0.0002465607429655	6.079219997174797e-08	0.0007337883297987	0.0022111108937065	0.0003921249673976	1.5376199005664722e-07	4.8890113842675564e-06	0.0002806320992243	0.0003461186450361	1.1979811644165602e-07	7.875437511503737e-08	-0.0007858106536603	-0.0002508700191485	6.17498383406028e-07	6.293576650756877e-08	0.0	0.0	0.0	0.0	0.0	0.0	0.0	0.0	0.0	0.0	0.0
882.1603154520701	0.7965691344990091	778206.8221584959	0.6345223860365005	1064.7772327118637	0.8771595842961233	0.7694089363225478	1133750.5553015342	847.9518022658508	0.9356006423862482	719022.2589659046	0.8753485620335603	863.556455968293	718.7397865447745	1.458479	20.87575	0.0856360334549893	0.0640414591619723	0.0220477596	-0.1943082336	-0.0862843844	0.2286566436	-0.0284301015	-0.046146969	0.0569436788	-0.0191312019	0.1481803184	-0.1846854199	-0.2701507411	0.0301462767	-0.0681136108	-0.1038850828	0.0060237364	-0.1352073844	-0.020852335	-0.0541568156	-0.0916661581	0.1438069795	0.0952317266	-0.2260165226	0.0956267341	-0.0317079278	-0.0767493461	0.0295131205	0.0230561149	0.0981435512	-0.0329257139	-0.1109249336	0.1305165705	0.0681414232	0.1237081951	-0.1296603724	0.0983054063	0.0045810328	0.1622773228	0.0383731276	0.0656340712	-0.0133743478	-0.0235292532	0.1315615776	-0.0372637232	-0.1398197611	-0.3130109343	-0.0893813045	0.0676881096	0.0618837631	-0.018224636	-0.0457613007	-0.0763454739	0.1200200967	-0.0275246835	0.1149072659	-0.0959073406	0.0297343952	0.1262213537	-0.205577426	0.0079673397	0.1180672647	-0.0691639412	0.087085903	0.1033196373	0.0302394671	-0.0650176409	-0.0355581744	-0.1746045376	-0.1460825756	0.0676225578	0.0563395718	0.0011036316	-0.1449199208	-0.0835782425	-0.0402303846	-0.0485967077	-0.1104315261	-0.0	-0.0238651141304444	0.0002281728269224	5.20628389458042e-08	0.0005695436724591	-0.0141429687852649	0.0620742178517447	0.0038532085219058	0.0002000235660609	-0.0271943162529879	-0.000105788611222	1.1191230264300564e-08	0.0007395308364675	0.0020130445564275	-0.000198066337279	3.9230273963118626e-08	4.05234838616239e-06	0.0001278231433772	-0.0001528089558471	2.335057698708096e-08	1.633875598282823e-08	-0.0006721288634844	0.0001136817901759	4.5175720912883123e-07	1.2923549417597352e-08	0.0	0.0	0.0	0.0	0.0	0.0	0.0	0.0	0.0	0.0	0.0
883.7810563869812	1.6207409349110549	781068.9556284883	2.6268011780963603	1065.4319470902565	0.6547143783927822	0.4286509172742472	1135145.233880535	848.2284487332912	0.2766464674404005	719491.5012404856	0.0765332679472526	864.3872671788282	731.5246070442898	1.358671	19.447159	0.0418405447432653	0.0229006452491898	-0.019130425	-0.121370899	0.1437580506	-0.1186263719	-0.0099718654	-0.0148905186	0.0539277102	0.0567457135	-0.0528542582	0.1348525213	-0.0424079918	-0.1192174912	-0.2399598143	-0.0279156677	-0.1365172413	0.1349613704	-0.005807079	0.0131021547	-0.0102479672	0.0913640485	-0.0044539748	0.0378082156	0.1216712168	-0.2032346294	-0.112750593	0.0763594878	0.0142786377	0.0839516426	-0.017985927	0.1245125929	0.0293201315	0.0629728242	0.0346568728	0.0512221493	0.0365186525	-0.1233577179	-0.1449646684	-0.0028576829	-0.0357153529	-0.0460826876	-0.017480618	-0.0552463027	0.1446577816	-0.159340315	-0.0768661637	-0.1293598984	0.0582462389	0.1859407957	0.0410040784	0.0487737843	-0.0675763989	-0.1747248972	0.0301542454	-0.0210991333	0.1048553388	-0.0754783587	0.1553021399	-0.0503441101	-0.0683698895	-0.0269562729	-0.0941395869	0.0922787055	-0.0229128409	0.0276958448	-0.0510661923	-0.0042671455	-0.0640750107	0.0134530446	0.0077981076	0.0037064056	-0.1076169127	-0.1022007706	-0.0086652881	-0.1075295634	0.0876277226	-0.1145803187	0.0119549848	-0.0240416259402991	-0.0001765118098546	3.1156419018181035e-08	0.0005779997778532	-0.0311074878497805	-0.0169645190645156	0.0002877949070903	0.0009676758003242	-0.0271417509121079	5.2565340880002254e-05	2.7631150618308363e-09	0.0007366746425749	0.0022109805695871	0.0001979360131596	3.917866530551745e-08	4.888435079091698e-06	-5.436776106360064e-05	-0.0001821909044408	3.319352566095695e-08	2.9558534430687692e-09	-0.0007849409164443	-0.0001128120529599	6.161322423084176e-07	1.2726559293027291e-08	0.0	0.0	0.0	0.0	0.0	0.0	0.0	0.0	0.0	0.0	0.0
883.3769472117077	-0.4041091752734473	780354.8308650763	0.1633042255401858	1069.991544481734	4.55959739147761	20.78992837236942	1144881.905262407	849.9175097515129	1.6890610182216506	722359.773382213	2.852927123275959	865.9906252654641	729.3368458612985	1.257436	17.998148	0.0631752033581599	0.0393399642673437	-0.1464601745	0.0300915405	0.1337270255	0.0525784856	0.0793801235	-0.0027470535	-0.1763530313	0.1200882266	0.0779798432	-0.0466507235	0.0548140544	0.0061215948	0.02553383	0.1923150116	-0.062672706	-0.0914493781	-0.0395441287	-0.0651214131	-0.0010335943	0.0470773157	0.0166681723	-0.021275291	-0.0703306559	0.054100323	0.0979050393	-0.021018109	-0.0915530026	-0.1925956211	-0.0112527098	0.0858286574	0.0298268081	0.0045340277	-0.1578713006	0.1278681895	-0.1886953032	-0.0615362366	0.0800546325	0.0487917573	0.0140697414	0.0030489862	-0.039242245	0.0402690518	-0.0591895786	-0.0018210335	0.1387419449	-0.0295072422	0.2023530994	-0.0281333825	0.0501106001	0.0606297823	0.2187953205	0.1236108593	0.0319175987	-0.1092128507	0.102284877	-0.0772697041	-0.0602962638	-0.1339678846	0.084746616	0.0580071624	-0.0681540841	-0.0171170272	0.0852267219	0.0797648434	0.1372838019	0.05042825	0.1039661578	-0.0361432622	-0.0738890474	-0.0073784915	0.1234853079	-0.1061131791	0.121497355	0.1711181401	0.1143895284	-0.1185609488	0.023839813	-0.0239237316294662	0.0001178943108328	1.3899068526763958e-08	0.0005723449350787	-0.064632491349684	-0.0335250034999035	0.0011239258596685	0.0041773589380669	-0.0456676539814964	-0.0185259030693885	0.0003432090845363	0.0020855346201736	0.0022110020473405	2.147775339999755e-08	4.612938911111064e-16	4.888530053343883e-06	7.806823736800084e-06	6.217458480040072e-05	3.8656789951022205e-09	6.094649685746522e-11	-0.0006270089294374	0.0001579319870069	3.931401975942344e-07	2.4942512519947658e-08	0.0	0.0	0.0	0.0	0.0	0.0	0.0	0.0	0.0	0.0	0.0
883.4621790727609	0.0852318610532165	780505.4218519911	0.0072644701385948	1066.1985419188306	-3.793002562903439	14.386868442192055	1136779.3307898403	849.225129055839	-0.692380695673819	721183.3198199065	0.4793910277417615	865.7091067177909	744.0096005076379	1.347702	19.290159	0.1223485974757882	0.0715073938768355	-0.1717688709	0.1115328835	-0.1478831167	-0.0678868362	-0.0642604129	0.091212822	-0.0969892804	-0.2312552956	0.0364694723	0.080444711	0.0257596858	-0.0463413277	0.0385400317	0.0583601378	0.1967461512	0.025808495	0.0848942422	-0.050384281	-0.1196776676	-0.1369786786	0.0051427084	0.1309775335	0.0819080577	0.1623989404	-0.1129746116	0.0400897396	-0.0244197855	-0.0758901278	-0.0837932412	-0.0786791225	0.0922591595	0.1067202303	-0.0144788622	0.1028683464	-0.0568817396	0.2402183399	-0.0405098083	-0.0010101945	0.0690474257	0.0628848904	0.1488900435	-0.0332131244	0.1029257867	-0.0651351062	0.1022921563	-0.0091442532	-0.015415225	-0.1064585101	0.0558703177	0.052291028	0.1917992137	-0.0299508804	-0.096218069	-0.0852620774	-0.1300214167	-0.0105216586	-0.128933847	-0.0551899269	-0.0494702916	-0.0978723604	-0.1706485533	0.2557174886	0.0266732163	0.2415978242	0.0538263242	-0.0110797387	-0.0491497622	0.0932164169	0.125317967	0.0102515747	-0.0351290886	-0.081171686	0.0438869127	0.0200101799	0.1491458618	-0.1223675745	0.0355847396	-0.0166325312610808	0.0072912003683854	5.316160281194344e-05	0.0002766410961508	-0.0017651157589284	0.0628673755907556	0.0039523069136691	3.1156336424173816e-06	-0.0207847450937492	0.0248829088877472	0.0006191591547159	0.0004320056286121	0.0020790258788896	-0.0001319761684509	1.7417709038980374e-08	4.322348605092673e-06	0.0001551254521239	0.000147318628387	2.1702778269856443e-08	2.406390589664439e-08	-0.0003601614736974	0.0002668474557399	1.2971628713588296e-07	7.120756463491123e-08	0.0	0.0	0.0	0.0	0.0	0.0	0.0	0.0	0.0	0.0	0.0
884.1374857226406	0.6753066498796443	781699.0936599525	0.4560390713716685	1067.6087433004602	1.4102013816295766	1.988667936749967	1139788.428771588	848.8443436991962	-0.3807853566428321	720536.7198301192	0.1449974878336088	865.1767248749902	739.8786085988836	1.351827	19.349192	0.114134221055042	0.0662459008858314	0.0375474305	-0.105724976	-0.0938006112	0.1212118155	-0.0851091774	0.0692243532	0.0724395308	-0.0746029605	-0.0104079227	0.0228318324	-0.2118046118	0.0347814829	0.0843881725	-0.092020954	0.0366891935	0.0548424034	0.0545691084	-0.0781207872	0.2453491281	0.0926867124	-0.1189967576	-0.1805272198	0.0321392139	-0.0635253222	-0.0789855434	0.0530074705	0.0248323381	0.0098609523	-0.015172311	-0.0564397234	0.1601214707	-0.1145407184	0.0827585689	-0.0653144769	0.10063242	0.0354835303	-0.045597453	-0.0236484521	0.1015498282	-0.2058610562	-0.1519612634	-0.0461549858	-0.091326866	0.1071976165	-0.121954967	0.0342177417	-0.0017729595	0.0497127659	0.1016275991	0.0686816989	-0.1905772251	-0.0534761528	0.1272897205	0.0922455416	-0.0337716996	0.051028303	0.0765250256	-0.1383858258	0.1238454181	0.0709763037	-0.1201452964	0.1570519793	0.0243252674	0.0490729112	-0.0288842183	-0.0026342438	-0.1513494608	-0.125883279	0.0491831311	0.0885206297	-0.1335633978	0.0208646912	0.067588801	-0.0192634365	-0.0029668772	-0.1259946088	0.0471208409	-0.0050243336609128	0.011608197600168	0.0001347502515245	2.5243928736181417e-05	-0.0575642383494425	-0.0557991225905141	0.0031135420818712	0.0033136415367514	-0.0456869590866091	-0.0249022139928599	0.0006201202617461	0.0020872982305814	0.0023940457129643	0.0003150198340747	9.923749586045159e-08	5.731454875762744e-06	0.0002179992758313	6.28738237074e-05	3.9531177075892136e-09	4.7523684262971226e-08	-0.0004187615533453	-5.86000796479e-05	1.7536123856016853e-07	3.4339693347402234e-09	0.0	0.0	0.0	0.0	0.0	0.0	0.0	0.0	0.0	0.0	0.0
884.390029471538	0.2525437488974376	782145.7242286679	0.063778345107172	1064.8630829573797	-2.7456603430805444	7.538650719565172	1133933.3854454954	848.4911714939713	-0.3531722052249506	719937.2681032118	0.1247306065434546	864.6234971684479	734.371219666746	1.160903	16.616432	0.0647706279789021	0.036857622461292	0.0598549052	-0.0917285188	0.0810313949	0.0409155178	0.1050124803	-0.0836551127	0.0918367498	0.0493019969	-0.0044714833	-0.0717702233	0.0158922351	-0.1398156304	-0.1516584713	-0.0379058642	-0.0736340981	-0.0795726062	-0.0681938589	-0.0584571269	0.0885266507	-0.0790164422	-0.1060924534	0.0927000302	-0.0016062828	-0.1956466438	-0.0835488732	0.0588642912	0.0958247381	-0.0602117643	-0.2233098966	0.064945696	-0.057531723	-0.1260859318	-0.0745985744	-0.1217072901	0.0384910619	-0.0764427823	0.0786902493	0.0334673548	-0.0486118635	-0.0349756292	-0.0185720322	-0.1761477364	0.142516623	0.0005800214	-0.0164584589	-0.1179701292	0.0844481532	-0.0562845931	0.0424579615	0.0818091269	-0.1211457917	0.0834581902	-0.0022630197	0.0465511065	0.0878758512	-0.0144389866	0.1159864559	-0.0030185125	-0.1538599449	-0.0487783375	-0.0843869313	0.0338644343	-0.0237748253	0.1095284837	0.1221267232	-0.2288866454	-0.1659564851	0.0573894535	0.0361456281	0.2024986602	0.1720565299	0.1301195261	0.1762272694	-0.0451472047	-0.0721900418	-0.1294367287	0.0583804184	-0.0049871052281957	3.722843271710026e-05	1.385956202571661e-09	2.487121855709688e-05	-0.0358359739440459	0.0217282644053966	0.0004721174740708	0.0012842170285183	-0.0728191742057475	-0.0271322151191384	0.0007361570972712	0.005302632132007	0.002461555514235	6.750980127069985e-05	4.557573267609387e-09	6.059255549660735e-06	0.0003551239430508	0.0001371246672195	1.8803174360058617e-08	1.2611301492794784e-07	-0.0003059376214025	0.0001128239319428	9.359782818941941e-08	1.2729239619033571e-08	0.0	0.0	0.0	0.0	0.0	0.0	0.0	0.0	0.0	0.0	0.0
883.7479337877471	-0.6420956837908989	781010.4104741123	0.4122868671429019	1068.365763059804	3.5026801024243923	12.268767899919752	1141405.4036783574	848.5264207432036	0.035249249232379	719997.0866992723	0.0012425095714463	864.918512945971	740.9133311635047	1.187975	17.003925	0.0985281551931193	0.0480412883040271	-0.0559206344	-0.0335347657	0.1850595302	-0.0803096995	-0.0309532475	0.1701977832	-0.0561645347	0.1887808597	0.0851366438	0.1083155385	0.0803542106	-0.0854834371	0.0985752	0.0403106598	-0.1101370982	0.0573694304	-0.1233111764	-0.0556265253	-0.0636162051	-0.0528203293	0.1007374068	-0.0159978933	-0.3135353893	0.1715341353	-0.0342088694	0.0541019561	0.1221322219	-0.1037351148	0.0460222416	-0.2398907041	0.0182981348	-0.0440648802	0.0742555529	0.0489549719	-0.0796466004	-0.1391358159	-0.0305529227	0.1691705346	-0.0027414575	0.0193144908	0.1002826062	0.0711530154	-0.1099525592	-0.0025218509	0.0712713306	0.0781392942	-0.1509394069	-0.1335454198	-0.0261392279	0.0234054222	-0.1443468434	-0.0732952135	-0.1107161676	-0.0692080749	0.2047953214	0.0588544931	0.053508328	0.0016785061	0.11999824	0.0859097986	0.1027677384	0.1079182492	-0.0888730745	0.2178562821	0.1423721396	0.0789920292	-0.0185973285	0.142807929	0.0117866169	0.1908083295	-0.034251179	0.1225977816	0.1026070253	-0.2798992953	-0.0099984874	-0.1326888823	0.0692973963	-0.0050171919365595	-3.0086708363800257e-05	9.052100201683683e-10	2.5172214928277665e-05	-0.0135225680122914	0.0223134059317544	0.0004978880842752	0.000182859845647	-0.0494666740088547	0.0233525001968928	0.0005453392654458	0.0024469518374983	0.0021630317126483	-0.0002985238015867	8.911646011377544e-08	4.678706189922238e-06	7.615065170063495e-05	-0.0002789732913501	7.782609728674407e-08	5.798921754431417e-09	-0.0007850837755878	-0.0004791461541853	6.163565346911952e-07	2.2958103707056335e-07	0.0	0.0	0.0	0.0	0.0	0.0	0.0	0.0	0.0	0.0	0.0
884.0774573843249	0.3295235965778147	781592.9506551329	0.1085858007015783	1070.634227484045	2.2684644242408467	5.145930844046356	1146257.6490603576	848.9461997324331	0.419778989229485	720709.6500401403	0.176214399798528	864.6436161758876	734.7528369732189	1.149189	16.448771	0.1107306309976634	0.0595768452385024	-0.0589667276	0.0709146918	0.119333323	0.098521418	0.0500406575	0.1302385847	-0.1364950137	0.0948099479	-0.0092146741	0.0711895484	-0.0453481378	0.0106791954	-0.0236346243	0.1263791471	-0.072077546	0.0373739509	-0.072686837	0.1166742404	0.056926978	0.1581707647	-0.0743932504	-0.120259091	0.0723511728	0.1372877091	0.1199882588	0.0792106653	-0.0979922468	0.0112518725	0.0889046131	0.0604912673	-0.081627613	-0.0599846286	-0.0102118769	0.1764828296	-0.1418655017	-0.0765587205	-0.0407989498	-0.036461634	-0.0816339414	0.0298930461	-0.1947605096	0.1066160335	-0.0323935301	0.0671326147	-0.0809112324	0.0970258281	0.0121253079	0.001168016	0.0567446771	0.0815597942	0.0605653232	-0.0086284649	0.1222179428	-0.0643425878	0.1187209388	-0.0155048047	-0.1207713466	0.0238795944	0.046499874	0.0904493765	-0.0654023034	-0.0871825441	0.2527013547	-0.00976222	0.1005128187	-0.0198716819	-0.035948387	-0.2049080962	-0.0623728693	-0.1317344599	0.065513575	-0.0572021238	0.051465007	-0.0296470324	0.0011494131	-0.1357462967	0.0798077096	-0.0215655431816514	-0.0165483512450918	0.0002738479289309	0.0004650726527196	-0.0599883683915862	-0.0464658003792948	0.0021590706048884	0.0035986043422846	-0.0371082631271662	0.0123584108816885	0.0001527303195206	0.001377023192315	0.002791060512165	0.0006280287995166	3.9442017302238724e-07	7.790018782566751e-06	0.000150411117763	7.426046606236504e-05	5.514616819799669e-09	2.262350434671505e-08	-0.0007802116713351	4.872104252700064e-06	6.087302520875101e-07	2.3737399849178044e-11	0.0	0.0	0.0	0.0	0.0	0.0	0.0	0.0	0.0	0.0	0.0
884.9623426800824	0.8848852957574991	783158.3479618196	0.7830219866478366	1066.7477498658943	-3.886477618150593	15.104708276385509	1137950.7618439486	849.4503253561913	0.5041256237582274	721565.8552477394	0.2541426445296219	865.3202746174123	751.8284244251727	1.152429	16.495144	0.0662608398752477	0.0398792216378837	-0.0494139238	0.1734990513	-0.018475217	0.0774865005	-0.0643129764	-0.0159552961	-0.1206115236	-0.1359717441	-0.0148200107	-0.0731400102	-0.0051363438	-0.1926056524	-0.0813054451	0.107917065	0.1140223216	-0.1277389974	0.0358576835	0.0261667372	0.0832473521	-0.0124603185	0.1040986092	0.1338168563	-0.0029136961	-0.0895294792	-0.0025814511	0.0168332688	-0.0767057461	0.0318518368	-0.0115572962	0.0768809425	-0.1791599469	0.0872755138	0.1301253037	0.0400523136	-0.1053044072	0.1304593545	0.1008498928	-0.0753573744	-0.0290104169	-0.1198285261	0.0870694964	-0.0492653219	0.08234361	-0.0785086386	-0.0324215299	-0.0710957224	0.0480777421	0.0299083095	-0.0117290801	-0.0778981407	0.055671082	0.1113651457	-0.0189950604	-0.061498077	0.016827694	0.0074125087	-0.1029743462	0.1032994813	0.0779210518	-0.1010092545	-0.0326277137	0.0557504259	0.1212073487	0.0591381619	0.0775770263	-0.0694199421	-0.0243410946	0.1803699142	-0.1025081564	-0.2314683008	-0.005134892	0.0226805444	-0.0660422984	0.0422305781	-0.1007738126	-0.1386044847	0.0898496795	-0.0182684721014396	0.0032970710802117	1.087067770796899e-05	0.000333737072921	-0.024139921219529	0.0358484471720572	0.0012851111646477	0.000582735796485	-0.0432090784557317	-0.0061008153285655	3.7219947673259816e-05	0.0018670244609935	0.0027270190818467	-6.404143031830001e-05	4.101304797213676e-09	7.436633072756017e-06	5.729457042713548e-05	-9.31165473358645e-05	8.670691387752295e-09	3.2826678004299883e-09	-0.000517079523101	0.0002631321482341	2.673712332103575e-07	6.92385274342924e-08	0.0	0.0	0.0	0.0	0.0	0.0	0.0	0.0	0.0	0.0	0.0
884.3344014374005	-0.6279412426819135	782047.3335656455	0.3943102042609058	1065.6854568982908	-1.0622929676035255	1.128466349019905	1135685.4930445189	848.6821262954976	-0.7681990606937461	720261.351493447	0.5901297968507538	864.2228180347103	744.6281157571345	1.260488	18.041822	0.0504715730393167	0.0306699002081987	0.119651421	-0.0359535004	-0.0982453373	-0.0739630927	-0.1526894257	0.0867975307	0.0894255936	-0.0797102065	-0.080536072	0.0992236069	0.016562627	0.0423790142	-0.011658606	-0.0888468575	0.0035587887	0.1297822637	0.0590456687	-0.0506369607	-0.0570144136	-0.0879733891	-0.0310224768	0.0386931994	0.130840275	0.0530031721	-0.0267823426	-0.1336451955	-0.0553311335	-0.1093732269	0.1366552111	-0.0649632953	-0.183011575	0.004142864	-0.102314444	-0.3453227276	0.1128697265	0.0406212298	-0.144184745	-0.0152110462	0.0587370672	-1.91325e-05	0.0994073503	-0.0114160419	0.0315997727	0.107282865	-0.0145579134	-0.0822157924	-0.0202917289	0.096317626	-0.1272547714	-0.0855860015	0.1201419972	-0.1440263839	-0.0488417813	0.0796344494	-0.0924000211	0.0956403083	0.0230221516	0.1104225789	-0.0124746142	0.0827381442	0.1042535688	0.097937639	0.0785909163	0.031984128	0.0695686452	-0.0472135393	-0.0837588732	-0.0515482325	0.0280869023	-0.0172671207	0.0177139797	0.0653761444	-0.0814770028	0.0493023281	0.0367211345	-0.1412592515	0.0993643757	-0.0213506660796838	-0.0030821939782441	9.499919719524796e-06	0.0004558509420461	-0.0078827449091676	0.0162571763103614	0.0002642957815861	6.213766730300771e-05	-0.0408110775225623	0.0023980009331694	5.750408475481314e-06	0.0016655440485525	0.0027908840425091	6.386496066240017e-05	4.0787332004099216e-09	7.789033738731936e-06	-0.0004487288749963	-0.0005060234454234	2.5605972731820465e-07	2.0135760325544506e-07	-0.000521875153366	-4.795630265000059e-06	2.723536757007861e-07	2.2998069638584533e-11	0.0	0.0	0.0	0.0	0.0	0.0	0.0	0.0	0.0	0.0	0.0
883.9606558195568	-0.3737456178437242	781386.4410369409	0.1396857868573871	1068.2712724712533	2.585815572962474	6.686442177375248	1141203.5115873506	847.9280693980311	-0.754056897466512	718982.0108730722	0.5686018046168219	864.2566584380716	736.0569767118889	1.131718	16.1987	0.0951730365240136	0.0524809931984973	0.1318915575	-0.0973802882	0.0381107638	0.1102654021	0.1036200089	0.0014836991	0.1042405832	0.092212259	0.0118882095	-0.0663018459	-0.0343905964	0.0231407073	-0.0302219927	-0.1007791358	-0.0649900151	-0.067104218	-0.1014500273	-0.0210683397	0.0824856655	0.0912067626	-0.107810398	0.190310643	-0.0156547906	-0.1136436716	-0.0053888496	-0.1493055214	-0.1298861355	0.0735450095	0.0401103336	-0.0894341209	-0.1650298789	-0.0689139872	-0.0893848688	-0.1677703234	0.0894537505	-0.0895474134	0.0674644925	0.0154651093	-0.0506542022	-0.0549781899	-0.1162299353	-0.095650818	0.1150316936	0.0314780211	-0.0344428323	0.1335984835	-0.0004256797	-0.1094909682	-0.1226842604	-0.0670581	-0.0347654925	0.0845958308	0.093932935	0.0441638164	0.0712477104	0.0432792513	0.1213362198	0.1075800367	-0.0222166491	-0.0149752297	0.0929193263	-0.1165890544	0.1498945021	-0.0715806834	0.0896211892	-0.0142705868	-0.0478503201	-0.0198093483	-0.0491406901	-0.0853447008	0.1886555459	0.0637412359	-0.1620270714	0.1159231084	-0.1348657729	-0.1437067008	0.1082959623	-0.021469794142078	-0.0001191280623942	1.4191495249796531e-08	0.0004609520605032	-0.0500407928635695	-0.0421580479544019	0.0017773010073256	0.0025040809504146	-0.0545413452837948	-0.0137302677612324	0.0001885202527951	0.0029747583453661	0.0031429118011947	0.0003520277586856	1.2392354288520705e-07	9.877894590088914e-06	-0.0002476827430799	0.0002010461319163	4.04195471585465e-08	6.134674121958376e-08	-0.0007521131176837	-0.0002302379643177	5.656741417918952e-07	5.30095202131585e-08	0.0	0.0	0.0	0.0	0.0	0.0	0.0	0.0	0.0	0.0	0.0
884.490353959336	0.5296981397791569	782323.1862471114	0.2805801192854992	1064.450790333636	-3.820482137617319	14.596083763852995	1133055.4850419022	848.6831730660675	0.7551036680364405	720263.1282454887	0.5701815494820869	864.276429420482	732.6361925375838	1.017405	14.56249	0.1376856149673441	0.0857531811038206	0.0779905668	-0.062278466	0.1806954256	-0.0455917299	0.025015849	-0.0304879064	0.1075468636	0.0792955611	0.0414204341	-0.0382115389	0.0817708204	-0.2141416401	-0.1455776672	-0.0083223636	-0.1148599753	-0.11878277	-0.1238343934	-0.0871214694	-0.0426512953	-0.1223297927	0.088189652	0.1590922685	-0.0129974435	-0.0419337241	-0.1666069586	-0.2503519463	0.0221911983	0.1793030451	-0.0266069975	-0.0686919421	0.0316543412	0.2184513942	0.0315132322	0.1490542991	0.0085587558	-0.1370502442	0.0913018814	0.0636098866	-0.0793842669	-0.0478628413	0.1551281681	-0.1069794796	0.1201630122	-0.141758287	0.0016942614	-0.103443465	-0.0332658502	-0.1602695951	-0.2328520938	-0.1174527237	0.0998997671	0.0513806337	-0.1054122713	-0.0535293152	0.1399183654	0.0192904599	0.1595124175	0.1667633792	-0.1145898893	-0.2167895437	0.1683495845	-0.0665801703	-0.0027377872	0.0547079045	-0.0462243431	-0.0082463165	-0.0841041504	0.132671164	0.3152075076	-0.0294499819	0.0951313864	-0.0434256963	-0.1280524397	0.0859890858	-0.0332733834	-0.1459432408	0.1165920251	-0.0213691556866422	0.0001006384554358	1.0128098712503564e-08	0.0004566408147599	0.0296790963313071	0.0797198891948766	0.0063552607332434	0.000880848759043	-0.0725769616611415	-0.0180356163773467	0.0003252834581108	0.0052674153639628	0.002950927260553	-0.0001919845406416	3.685806384540452e-08	8.707971697074833e-06	-0.0004480139271458	-0.0002003311840659	4.0132583309245504e-08	2.007164789166022e-07	-0.0003478394235976	0.0004042736940861	1.209922646087106e-07	1.634372197300216e-07	0.0	0.0	0.0	0.0	0.0	0.0	0.0	0.0	0.0	0.0	0.0
885.6030578964114	1.11270393707548	784292.7761554746	1.238110051583274	1069.5552009976525	5.104410664016541	26.055008226925786	1143948.3279811288	849.1550329660405	0.4718598999729693	721064.2700115573	0.2226517652025005	864.8122857861337	746.8616854243985	1.162375	16.637503	0.0812226493464942	0.0661872632001048	0.0456556591	0.0075833317	0.213572373	-0.0894444277	-0.0107165318	0.1797545105	-0.0176222549	0.2120485732	-0.0085310011	0.1733252365	0.0043970472	0.0101761513	-0.0018283863	0.0616781347	-0.1941167027	0.1143635124	-0.1182036756	-0.0118340909	0.0917077393	0.0520649832	0.0698114069	0.1106573952	-0.1027856324	0.1933792417	0.0012255127	-0.0568028085	0.1307340984	0.1065487229	-0.1161200755	0.0097759347	-0.2214311704	-0.1080797664	-0.1542037775	-0.1251563153	-0.0757658167	-0.2110990493	-0.124774474	0.0340575941	-0.0469603057	-0.0672709476	-0.038470127	0.0190013681	-0.1281884431	-0.0980227142	0.1046515304	0.05580192	-0.1601477147	-0.0409530186	-0.2212789826	0.0309231211	-0.0504525645	-0.1300909409	0.0251301497	-0.0480901892	0.2193561557	0.1002787847	0.0272200969	0.1429073625	0.0386335299	0.0379294759	0.2349910715	-0.1386386268	0.0098236501	-0.0281738082	-0.0020134112	0.1158340824	0.0431808003	-0.0347072012	0.2798233044	0.1075678347	-0.0448653983	0.0111580662	-0.1066909157	-0.2580983281	0.0027408843	-0.1479655889	0.1242038795	-0.0212437650962726	0.0001253905903695	1.5722800153236814e-08	0.0004512975554656	-0.0357419230454922	-0.0654210193767993	0.0042799097762995	0.0012774850629898	-0.0805446599305668	-0.0079676982694252	6.348421571260287e-05	0.0064874422433306	0.0028979052179331	-5.302204261990002e-05	2.811337003586494e-09	8.397854652123889e-06	-0.0004486511175494	-6.371904036000056e-07	4.06011610439938e-13	2.0128782527832557e-07	-0.0004483510127721	-0.0001005115891745	2.0101863065376779e-07	1.0102579558383466e-08	0.0	0.0	0.0	0.0	0.0	0.0	0.0	0.0	0.0	0.0	0.0
885.6612166306774	0.0581587342659304	784395.7906437316	0.0033824383714151	1071.3112535073724	1.7560525097198934	3.083720416893536	1147707.8018915376	849.725682464776	0.57064949873552	722033.7354402293	0.3256408504071001	865.6152575302664	743.8182296689457	1.181467	16.910769	0.0427276267488649	0.0263829495980561	-0.0180099789	0.1495319645	0.1067855782	0.080427914	0.078338866	0.0265113902	-0.1866120704	0.0995173685	-0.0015894409	0.0091915247	0.0265035238	0.0460727383	0.0357314399	0.1780482727	-0.0793630502	-0.0626754553	0.0020447921	0.1275393679	-0.0714071502	0.066562415	-0.0259327321	0.0084812972	0.056195607	0.0766946634	0.1159679567	-0.0776539668	0.0898594199	0.0623249987	0.0662559469	0.0146174579	0.1178552525	-0.1080073435	-0.088004627	-0.0037959165	-0.1863347446	-0.0697583073	0.0507985006	-0.0599524715	-0.0254969988	0.1307428628	-0.0941932802	0.1265328703	-0.0335320111	0.0363887939	0.0615947305	0.007982908	-0.0657012306	0.0474932183	0.0060213181	-0.0058441772	-0.0077673191	0.0919680211	0.0119790339	-0.090962207	0.0823500398	-0.007570602	-0.1174144403	0.0128560112	0.0258005316	0.1271543622	0.021344089	-0.2334508088	0.056356635	-0.0568845402	0.0068716339	-0.0336896452	0.0371594141	-0.0559852343	-0.1593915538	0.0355400693	0.0529288225	-0.0788053788	0.0639527615	0.0160403737	0.0774824347	-0.1497707771	0.1310868562	-0.0215412725313655	-0.0002975074350929	8.851067393555707e-08	0.0004640264222705	-0.0382513834929341	-0.0025094604474419	6.297391737275306e-06	0.0014631683391235	-0.0725221499917267	0.0080225099388401	6.436066571878819e-05	0.0052594622394225	0.0025638306395542	-0.0003340745783789	1.1160582391903985e-07	6.573227548316898e-06	-0.0004489648554504	-3.137379010000096e-07	9.843147052389178e-14	2.0156944142959858e-07	-0.000751925675042	-0.0003035746622699	5.653922207873674e-07	9.215757557228389e-08	0.0	0.0	0.0	0.0	0.0	0.0	0.0	0.0	0.0	0.0	0.0
885.3503402843304	-0.3108763463469586	783845.2250415797	0.0966441027180341	1065.5025561695368	-5.808697337835611	33.74096476257851	1135295.6972038168	849.2139876349124	-0.5116948298635862	721164.3967947892	0.2618315989091244	865.2829132700573	754.6003081881861	1.068483	15.293584	0.0737779797093612	0.0463181757681402	-0.0617936421	0.1864009334	-0.0249471762	0.0023055547	-0.0867322477	0.0002747209	-0.0718511494	-0.1895024146	0.0285224998	0.0195218091	0.0123009072	-0.112286706	0.0951500705	0.1204356041	0.1396898929	-0.001045446	0.1087652635	0.100441822	-0.1379606637	-0.060253581	-0.0180421806	0.1299917854	-0.0364924244	-0.0146451701	0.0021939467	-0.1302267759	-0.0183273445	0.1070685171	0.0735283841	0.0705732705	0.1131186354	0.0732741971	0.198604603	0.035278177	-0.1055304079	0.1479485616	0.0023785388	-0.0723677046	-0.0020193446	0.1042925488	0.0772591999	-0.0300392861	0.1686488176	-0.0933806066	-0.0033221787	0.0719315305	-0.037758297	-0.1058126981	-0.0405744805	0.0062992599	0.0291190089	0.0212380304	-0.0993362338	-0.1319863479	-0.0912233819	-0.045988183	-0.133239955	0.0014585201	-0.109596428	-0.0456731975	-0.0908928399	-0.0779763467	-0.094919698	0.0868037012	-0.2712227015	-0.0980489065	-0.0271348781	0.0398267174	-0.0498789823	-0.098661046	0.1005252242	0.0074287638	0.0491376726	-0.0446417801	-0.1189329246	-0.1513561561	0.1372005631	-0.0215360402863069	5.232245058599261e-06	2.7376388353236377e-11	0.0004638010312134	-0.000315819402104	0.0379355640908301	0.0014391070228894	9.974189474532805e-08	-0.0502424159882792	0.0222797340034474	0.0004963865472643	0.0025243003643392	0.0024228605343224	-0.0001409701052318	1.9872570569064793e-08	5.8702531687770256e-06	-0.0004487540983819	2.107570685000123e-07	4.441854192271888e-14	2.01380240814552e-07	-0.0006219575499418	0.0001299681251002	3.8683119392960666e-07	1.6891713542061237e-08	0.0	0.0	0.0	0.0	0.0	0.0	0.0	0.0	0.0	0.0	0.0
886.6005008403873	1.250160556056926	786060.4480904257	1.5629014159205623	1066.621063805522	1.1185076359852246	1.2510593317572558	1137680.4937536237	849.8434566784456	0.6294690435331631	722233.9008591691	0.3962312767665552	865.9724377601117	762.7887733891085	1.069411	15.306868	0.0826423347724118	0.049059027258358	-0.030700223	0.179003875	0.0076945678	0.0299958523	-0.063599077	0.012010404	-0.034532943	-0.2179246066	-0.0541078387	0.0954184433	-0.1062064932	-0.014995179	-0.0086797222	0.1192585047	0.0844044547	0.1573672495	0.08825162	0.053710251	0.0155642547	0.1763155183	0.0006796397	0.0873807898	0.0346349359	-0.1898384929	0.0930866761	0.0980159129	0.0449149526	0.092010926	0.2036900185	0.0762939722	0.1600556951	0.103558342	0.0497029263	-0.0148522898	-0.0949157522	0.1257778913	-0.1536891092	-0.0794934727	0.0139243384	-0.1138014774	-0.1308274981	-0.0079570169	0.0745534982	-0.0950984638	-0.03695918	-0.0195867016	0.0453148947	0.1955677879	-0.1374294365	-0.0673552849	-0.1611775753	-0.115825702	0.0714569914	-0.1478739541	-0.0473703052	-0.0416797561	-0.1233926474	0.0179248069	-0.0645890154	-0.0764677854	-0.0965427614	-0.1513295876	-0.1117236611	-0.0258453075	-0.2669619914	-0.2122215592	-0.0336200018	0.0110090229	-0.1391198865	-0.0323085099	-0.181011451	-0.0473980761	0.0407082911	-0.0337167225	-0.1592655628	-0.152719399	0.1425091225	-0.0251199190335427	-0.0035838787472357	1.2844186874888444e-05	0.0006310103322517	-0.0396660569951308	-0.0393502375930268	0.0015484411986276	0.0015733960775409	-0.0723922783523534	-0.0221498623640742	0.0004906164027474	0.0052406419650446	0.0026443361822678	0.0002214756479454	4.90514626328348e-08	6.992513844850643e-06	-0.0004489953642312	-2.41265849299985e-07	5.820921003844307e-14	2.0159683710110799e-07	-0.0007514077575086	-0.0001294502075667	5.646136180441029e-07	1.6757356239087586e-08	0.0	0.0	0.0	0.0	0.0	0.0	0.0	0.0	0.0	0.0	0.0
885.6188640253936	-0.9816368149937488	784320.7723176286	0.9636108365510716	1068.2800999314572	1.6590361259352449	2.7524008671582254	1141222.3719095644	849.5683983246026	-0.2750583538429509	721766.4634318308	0.075657098018794	866.0310209077352	755.2073361718913	1.14879	16.443047	0.0678970329328237	0.0320581876402915	-0.1037043741	0.0981126941	-0.0785392144	0.0574508304	0.0840204325	-0.1458271801	-0.0615809426	-0.106816905	0.0037428407	-0.1186917461	-0.0368391103	-0.0317599636	-0.016610529	0.1015176724	0.1166151717	-0.0905842431	0.0390081164	0.0046622144	0.0656621067	0.0535040907	0.043353591	-0.0228788598	0.0423444034	0.0361754987	-0.0724748158	0.0225797995	-0.140926492	-0.1380047767	0.0425778887	-0.0347885808	0.1093143506	0.1949360779	0.0325376831	-0.1905593054	-0.0858241275	0.1366445238	0.0992922699	-0.0333592351	0.0312090848	-0.1438530359	-0.01848688	-0.0490591453	-0.0388548514	-0.0301434627	-0.0218920399	-0.0227111883	-0.0151283208	0.0879822695	-0.0247841945	0.0082387276	0.0344075986	0.0980458524	0.0755954476	-0.0921930492	-0.0855557642	0.0305886308	-0.0617298241	-0.0247694202	0.0344927315	-0.0377394627	-0.0770078186	0.0111162524	-0.1654584105	-0.0755494238	-0.1351830138	-0.0698869391	0.1301294374	0.1316924626	-0.0541079813	0.0518501053	-0.071627383	-0.0546185101	0.1827167686	-0.0441537289	-0.0697405362	-0.1538585052	0.1469813818	-0.0043661479050882	0.0207537711284545	0.0004307190160522	1.9063247529106075e-05	-0.0484829405777418	-0.0088168835826109	7.773743610931536e-05	0.0023505955270648	-0.0516778789413052	0.0207143994110482	0.0004290863429604	0.0026706031718721	0.0028069080492134	0.0001625718669456	2.6429611922177933e-08	7.878732796738976e-06	-0.000260056462048	0.0001889389021831	3.5697908758192813e-08	6.762936345292287e-08	-0.000752136564594	-7.28807085400001e-07	5.657094117992643e-07	5.311597677292444e-13	0.0	0.0	0.0	0.0	0.0	0.0	0.0	0.0	0.0	0.0	0.0
884.5240159861692	-1.0948480392244164	782382.7348563009	1.198692228993549	1067.5045436805403	-0.7755562509169067	0.601487498336288	1139565.950778599	849.6533251812003	0.0849268565976899	721910.7729914705	0.0072125709715645	866.0981219182426	743.724736002638	1.062435	15.207015	0.1068280513783711	0.0564847067961679	-0.1235238896	-0.0848354231	-0.1672170653	-0.033505591	-0.1458341126	-0.0935290717	-0.0112138637	-0.043235732	0.0636435194	0.0015786103	0.1007313027	-0.0196983067	0.0721322599	-0.0005233537	0.121993504	-0.0509956748	0.0629027435	-0.1007632684	-0.0231995236	-0.118495618	0.1111764944	-0.1483074287	0.1192660527	-0.01315884	0.0944809483	0.03632261	0.0948086119	-0.0211268684	0.1414086086	-0.0793432707	-0.0191323197	0.1581924372	-0.0302116552	0.1376189618	0.0120044467	0.1078041169	0.0394826049	0.0303484034	0.1065461435	-0.0246774934	0.1677332054	0.0633249265	-0.0284060055	0.183357766	0.0307362172	-0.0871132922	0.0009002439	0.0770499227	0.0719422087	0.0594306512	0.0224207268	0.0425385992	-0.0854255135	-0.0424796307	-0.1592173466	0.1013629485	-0.0015689089	0.0091152632	0.0407140132	-0.0517997192	2.81575e-05	0.0941200842	-0.1005965995	-0.1513105816	-0.0357048613	0.1520552839	0.1393553725	-0.0262046886	-0.0903178299	0.0396561743	-0.0980381538	0.110300358	0.1115664389	0.032298574	0.1309461619	-0.1547718027	0.1505910958	-0.0215597574068766	-0.0171936095017884	0.0002956202076999	0.0004648231394433	3.6741779751992e-07	0.0484833079955393	0.0023506311541903	1.3499583793438892e-13	-0.0366776778836168	0.0150002010576884	0.000225006031771	0.0013452520549343	0.0026028623136308	-0.0002040457355825	4.16346622094443e-08	6.774892223719482e-06	-0.0004488101828128	-0.0001887537207648	3.5627967102556095e-08	2.0143058019645893e-07	-0.0006219173644743	0.0001302192001197	3.867812082346593e-07	1.6957040079814476e-08	0.0	0.0	0.0	0.0	0.0	0.0	0.0	0.0	0.0	0.0	0.0
884.9701670584936	0.4461510723244828	783172.1965835382	0.1990507793362859	1070.2376322141836	2.73308853364324	7.469772932732157	1145408.589407422	849.555961476585	-0.0973637046153044	721745.3316804048	0.0094796909764162	866.6071151183046	742.3710315215608	1.02661	14.694242	0.1174020989471663	0.0783924413282899	-0.0411156206	-0.1301229906	-0.1701807048	-0.0114009212	-0.0535341756	0.0349007557	0.0443570878	-0.0423127565	-0.0242202302	0.0771667445	-0.0616294793	0.1281513853	-0.0269672849	-0.0278372722	0.0727636114	0.1510148764	0.0778074206	-0.0593474525	0.0646596099	0.0362417871	0.1209534644	-0.0234012156	0.0209761976	0.0531335784	-0.0650255387	0.0156182904	0.0092318371	-0.0321414354	-0.0205855382	-0.0416207744	0.0081583603	-0.1827004328	0.0608725156	0.0540289437	0.0625140161	0.0872159964	-0.1326084764	0.0249647117	0.1069218075	-0.0501211036	-0.0580062791	0.0264555003	-0.0870669475	-0.0140884678	-0.0132895804	-0.0624249985	-0.1207279086	-0.0318395107	0.0795972083	0.0825648281	0.0258804138	-0.1230888302	0.1331250764	-0.0147164519	-0.0762239166	0.1661255682	-0.013116531	0.1138805622	0.0371068995	-0.0032010838	0.1456328089	0.1308111478	0.0678233594	-0.1498095315	0.0221720189	0.0755528803	0.0619811241	-0.0092505723	-0.0276005185	-0.0815446758	-0.1641045648	0.0570379456	-0.0284329393	0.0658539411	0.029206267	-0.1554579513	0.1533170814	-0.0213707093113555	0.0001890480955211	3.573918242015576e-08	0.0004567072164704	-0.070019641602343	-0.0700200090201405	0.0049028016631805	0.0049027502101205	-0.0572603825698365	-0.0205827046862197	0.0004236477322001	0.003278751412044	0.0030048395684517	0.0004019772548208	1.6158571339334645e-07	9.029060832132998e-06	-0.0004496303403973	-8.201575844999829e-07	6.726584634128465e-13	2.0216744300579186e-07	-0.0007513266949746	-0.0001294093305003	5.644918025814556e-07	1.6746774820535882e-08	0.0	0.0	0.0	0.0	0.0	0.0	0.0	0.0	0.0	0.0	0.0
885.1614758109579	0.1913087524642378	783510.8382598329	0.036599038769423	1068.2149675396126	-2.022664674570933	4.0911723857571385	1141083.2168756558	848.2600175273212	-1.2959439492638012	719545.0573354514	1.6794707196334575	865.3723958270384	741.2260662148677	0.990825	14.182039	0.0217477332390778	0.0148393360448264	0.0262512592	-0.0867793309	-0.1320454188	0.1072270157	0.0512650437	-0.0040228735	0.0386945497	-0.0161987923	0.0393039859	-0.0883010953	-0.0153147629	0.1288120471	0.019250933	-0.1055393408	0.071697694	-0.0437562618	0.0261839916	0.002037439	-0.019246656	-0.0292959816	0.2087298274	-0.0644270908	0.0741702202	0.0352666563	0.0267027549	0.0993284489	-0.017570809	-0.1685572634	-0.1600878636	0.1258272182	-0.0336425478	-0.0646389734	0.1199301817	0.0472541928	0.0841419791	0.0514362951	0.0858492462	0.028292065	0.0368157768	-0.0090041098	0.0053282814	0.1203835994	-0.0414111459	0.0768773404	0.0171677121	-0.0693712932	-0.1782157242	-0.037961541	0.1138291818	0.0533177115	0.048646039	0.1011587951	0.0584943917	0.0126274597	-0.110761535	0.1352354725	0.0493456582	0.050635376	0.0324650269	0.063167745	0.1384717527	0.0657499113	-0.0528145508	-0.1768284441	-0.0269841466	0.0704011593	0.0754862056	-0.144656137	-0.0119548845	0.0464370057	0.1059189041	0.0571918375	-0.0073776522	0.1398869506	0.0189683152	-0.155915944	0.1551433414	-0.0215436692570278	-0.0001729599456723	2.9915142806965376e-08	0.0004641296850562	-0.070064223701479	-4.4582099135992426e-05	1.987563563371456e-09	0.0049089954428908	-0.069227796098886	-0.0119674135290495	0.0001432189865752	0.0047924877527089	0.0030438705101271	3.903094167540021e-05	1.523414408068493e-09	9.265147682421412e-06	-0.0004489137824306	7.16557966699968e-07	5.134553196411923e-13	2.015235840561481e-07	-0.0005998186413123	0.0001515080536622	3.597824024657337e-07	2.295469032453836e-08	0.0	0.0	0.0	0.0	0.0	0.0	0.0	0.0	0.0	0.0	0.0
885.0399083768074	-0.1215674341505064	783295.6394196276	0.0147786410459377	1067.8428496598078	-0.3721178798048186	0.1384717164704334	1140288.351569579	848.796489949309	0.5364724219878099	720455.4813502674	0.2878026595534667	865.2320397227286	744.1178214696798	0.8192	11.725503	0.1544783950883393	0.1033067309033567	0.0369023554	-0.0510799221	-0.0905037197	0.0347447631	-0.046204836	0.0778316124	0.0429243953	-0.0390741083	0.0020269567	0.0065749857	0.0683122645	0.0572079473	0.0826231851	-0.0946086195	0.0799925732	-0.0380806727	-0.0125557687	-0.0874771999	-0.0099850209	-0.1032329295	0.0454523738	-0.1129378895	0.0285059511	-0.1074068018	0.0018223605	0.0898862233	-0.0265891063	-0.0558683494	0.1052140599	0.1531594543	-0.0530850211	-0.1509658494	-0.0268778573	-0.0748443558	0.0818616799	0.0434045208	0.0496447203	0.0774750895	0.0595973482	0.0369127661	0.112188087	0.0111979893	-0.0239317976	0.1448299637	-0.0007843111	-0.0243802144	0.0217240259	0.0724754366	0.1889936869	0.0899940621	-0.0488244209	0.0154637395	-0.1189137333	-0.0366517039	-0.173876878	0.0804223626	0.0659710133	0.0003814525	0.013787517	0.0345859961	0.0099987685	-0.0093986096	-0.108166568	-0.1096938892	-0.0674402981	-0.0105060527	0.0430917457	-0.0454226516	-0.0287152831	0.062925373	0.1552061567	0.0346605882	-0.0153371482	0.0331028255	0.0637033487	-0.1561451084	0.1560591586	-0.0214635615851932	8.010767183460124e-05	6.417239086760165e-09	0.0004606844759213	0.0253388634070717	0.0954030871085507	0.0091017490298417	0.0006420579987622	-0.043223777809132	0.026004018289754	0.0006762089672138	0.0018682949680932	0.0026458617547662	-0.0003980087553609	1.584109693439329e-07	7.000584425334474e-06	-0.0005881328188257	-0.000139219036395	1.9381940094780163e-08	3.459002125798636e-07	-0.0004772227927043	0.000122595848608	2.277415938764913e-07	1.5029742095915665e-08	0.0	0.0	0.0	0.0	0.0	0.0	0.0	0.0	0.0	0.0	0.0
