
Thu Mar 12 09:57:55 CET 2026
cd /out/sourcedata/freesurfer/sub-v1s11x0050146_ses-1
setenv SUBJECTS_DIR /out/sourcedata/freesurfer
/opt/freesurfer/bin/recon-all -autorecon1 -i /work/fmriprep_25_2_wf/sub_v1s11x0050146_ses_1_wf/anat_fit_wf/anat_validate/sub-v1s11x0050146_ses-1_T1w_noise_corrected_ras_valid.nii.gz -noskullstrip -noT2pial -noFLAIRpial -openmp 16 -subjid sub-v1s11x0050146_ses-1 -sd /out/sourcedata/freesurfer

subjid sub-v1s11x0050146_ses-1
setenv SUBJECTS_DIR /out/sourcedata/freesurfer
FREESURFER_HOME /opt/freesurfer
Actual FREESURFER_HOME /opt/freesurfer
build-stamp.txt: freesurfer-linux-ubuntu22_x86_64-7.3.2-20220804-6354275
Linux dna086 5.14.0-427.37.1.el9_4.x86_64 #1 SMP PREEMPT_DYNAMIC Fri Sep 13 12:41:50 EDT 2024 x86_64 x86_64 x86_64 GNU/Linux
cputime      unlimited
filesize     unlimited
datasize     unlimited
stacksize    8192 kbytes
coredumpsize 0 kbytes
memoryuse    67108864 kbytes
vmemoryuse   unlimited
descriptors  1024 
memorylocked unlimited
maxproc      2061970 
maxlocks     unlimited
maxsignal    2062024 
maxmessage   819200 
maxnice      0 
maxrtprio    0 
maxrttime    unlimited

               total        used        free      shared  buff/cache   available
Mem:           503Gi        62Gi       390Gi        18Gi        50Gi       420Gi
Swap:             0B          0B          0B

########################################
program versions used
7.3.2 (freesurfer-linux-ubuntu22_x86_64-7.3.2-20220804-6354275)
7.3.2

ProgramName: lta_convert  ProgramArguments: lta_convert -all-info  ProgramVersion: 7.3.2  TimeStamp: 2026/03/12-08:57:55-GMT  BuildTime: Aug  4 2022 06:17:15  BuildStamp: freesurfer-linux-ubuntu22_x86_64-7.3.2-20220804-6354275  User: oesteban  Machine: dna086  Platform: Linux  PlatformVersion: 5.14.0-427.37.1.el9_4.x86_64  CompilerName: GCC  CompilerVersion: 8.4.0
ProgramName: mri_and  ProgramArguments: mri_and -all-info  ProgramVersion: 7.3.2  TimeStamp: 2026/03/12-08:57:55-GMT  BuildTime: Aug  4 2022 06:17:15  BuildStamp: freesurfer-linux-ubuntu22_x86_64-7.3.2-20220804-6354275  User: oesteban  Machine: dna086  Platform: Linux  PlatformVersion: 5.14.0-427.37.1.el9_4.x86_64  CompilerName: GCC  CompilerVersion: 8.4.0
ProgramName: mri_annotation2label  ProgramArguments: mri_annotation2label -all-info  ProgramVersion: 7.3.2  TimeStamp: 2026/03/12-08:57:55-GMT  BuildTime: Aug  4 2022 06:17:15  BuildStamp: freesurfer-linux-ubuntu22_x86_64-7.3.2-20220804-6354275  User: oesteban  Machine: dna086  Platform: Linux  PlatformVersion: 5.14.0-427.37.1.el9_4.x86_64  CompilerName: GCC  CompilerVersion: 8.4.0
ProgramName: mri_aparc2aseg  ProgramArguments: mri_aparc2aseg -all-info  ProgramVersion: 7.3.2  TimeStamp: 2026/03/12-08:57:55-GMT  BuildTime: Aug  4 2022 06:17:15  BuildStamp: freesurfer-linux-ubuntu22_x86_64-7.3.2-20220804-6354275  User: oesteban  Machine: dna086  Platform: Linux  PlatformVersion: 5.14.0-427.37.1.el9_4.x86_64  CompilerName: GCC  CompilerVersion: 8.4.0
ProgramName: mri_surf2volseg  ProgramArguments: mri_surf2volseg -all-info  ProgramVersion: 7.3.2  TimeStamp: 2026/03/12-08:57:55-GMT  BuildTime: Aug  4 2022 06:17:15  BuildStamp: freesurfer-linux-ubuntu22_x86_64-7.3.2-20220804-6354275  User: oesteban  Machine: dna086  Platform: Linux  PlatformVersion: 5.14.0-427.37.1.el9_4.x86_64  CompilerName: GCC  CompilerVersion: 8.4.0
ProgramName: mri_binarize  ProgramArguments: mri_binarize -all-info  ProgramVersion: 7.3.2  TimeStamp: 2026/03/12-08:57:55-GMT  BuildTime: Aug  4 2022 06:17:15  BuildStamp: freesurfer-linux-ubuntu22_x86_64-7.3.2-20220804-6354275  User: oesteban  Machine: dna086  Platform: Linux  PlatformVersion: 5.14.0-427.37.1.el9_4.x86_64  CompilerName: GCC  CompilerVersion: 8.4.0
ProgramName: mri_ca_label  ProgramArguments: mri_ca_label -all-info  ProgramVersion: 7.3.2  TimeStamp: 2026/03/12-08:57:55-GMT  BuildTime: Aug  4 2022 06:17:15  BuildStamp: freesurfer-linux-ubuntu22_x86_64-7.3.2-20220804-6354275  User: oesteban  Machine: dna086  Platform: Linux  PlatformVersion: 5.14.0-427.37.1.el9_4.x86_64  CompilerName: GCC  CompilerVersion: 8.4.0
ProgramName: mri_ca_normalize  ProgramArguments: mri_ca_normalize -all-info  ProgramVersion: 7.3.2  TimeStamp: 2026/03/12-08:57:55-GMT  BuildTime: Aug  4 2022 06:17:15  BuildStamp: freesurfer-linux-ubuntu22_x86_64-7.3.2-20220804-6354275  User: oesteban  Machine: dna086  Platform: Linux  PlatformVersion: 5.14.0-427.37.1.el9_4.x86_64  CompilerName: GCC  CompilerVersion: 8.4.0
ProgramName: mri_ca_register  ProgramArguments: mri_ca_register -all-info  ProgramVersion: 7.3.2  TimeStamp: 2026/03/12-08:57:55-GMT  BuildTime: Aug  4 2022 06:17:15  BuildStamp: freesurfer-linux-ubuntu22_x86_64-7.3.2-20220804-6354275  User: oesteban  Machine: dna086  Platform: Linux  PlatformVersion: 5.14.0-427.37.1.el9_4.x86_64  CompilerName: GCC  CompilerVersion: 8.4.0
ProgramName: mri_cc  ProgramArguments: mri_cc -all-info  ProgramVersion: 7.3.2  TimeStamp: 2026/03/12-08:57:55-GMT  BuildTime: Aug  4 2022 06:17:15  BuildStamp: freesurfer-linux-ubuntu22_x86_64-7.3.2-20220804-6354275  User: oesteban  Machine: dna086  Platform: Linux  PlatformVersion: 5.14.0-427.37.1.el9_4.x86_64  CompilerName: GCC  CompilerVersion: 8.4.0
ProgramName: mri_compute_overlap  ProgramArguments: mri_compute_overlap -all-info  ProgramVersion: 7.3.2  TimeStamp: 2026/03/12-08:57:55-GMT  BuildTime: Aug  4 2022 06:17:15  BuildStamp: freesurfer-linux-ubuntu22_x86_64-7.3.2-20220804-6354275  User: oesteban  Machine: dna086  Platform: Linux  PlatformVersion: 5.14.0-427.37.1.el9_4.x86_64  CompilerName: GCC  CompilerVersion: 8.4.0
ProgramName: mri_compute_seg_overlap  ProgramArguments: mri_compute_seg_overlap -all-info  ProgramVersion: 7.3.2  TimeStamp: 2026/03/12-08:57:55-GMT  BuildTime: Aug  4 2022 06:17:15  BuildStamp: freesurfer-linux-ubuntu22_x86_64-7.3.2-20220804-6354275  User: oesteban  Machine: dna086  Platform: Linux  PlatformVersion: 5.14.0-427.37.1.el9_4.x86_64  CompilerName: GCC  CompilerVersion: 8.4.0
ProgramName: mri_concat  ProgramArguments: mri_concat -all-info  ProgramVersion: 7.3.2  TimeStamp: 2026/03/12-08:57:55-GMT  BuildTime: Aug  4 2022 06:17:15  BuildStamp: freesurfer-linux-ubuntu22_x86_64-7.3.2-20220804-6354275  User: oesteban  Machine: dna086  Platform: Linux  PlatformVersion: 5.14.0-427.37.1.el9_4.x86_64  CompilerName: GCC  CompilerVersion: 8.4.0
ProgramName: mri_concatenate_lta  ProgramArguments: mri_concatenate_lta -all-info  ProgramVersion: 7.3.2  TimeStamp: 2026/03/12-08:57:55-GMT  BuildTime: Aug  4 2022 06:17:15  BuildStamp: freesurfer-linux-ubuntu22_x86_64-7.3.2-20220804-6354275  User: oesteban  Machine: dna086  Platform: Linux  PlatformVersion: 5.14.0-427.37.1.el9_4.x86_64  CompilerName: GCC  CompilerVersion: 8.4.0
mri_convert -all-info 
ProgramName: mri_convert  ProgramArguments: mri_convert -all-info  ProgramVersion: 7.3.2  TimeStamp: 2026/03/12-08:57:55-GMT  BuildTime: Aug  4 2022 06:17:15  BuildStamp: freesurfer-linux-ubuntu22_x86_64-7.3.2-20220804-6354275  User: oesteban  Machine: dna086  Platform: Linux  PlatformVersion: 5.14.0-427.37.1.el9_4.x86_64  CompilerName: GCC  CompilerVersion: 8.4.0
ProgramName: mri_diff  ProgramArguments: mri_diff -all-info  ProgramVersion: 7.3.2  TimeStamp: 2026/03/12-08:57:55-GMT  BuildTime: Aug  4 2022 06:17:15  BuildStamp: freesurfer-linux-ubuntu22_x86_64-7.3.2-20220804-6354275  User: oesteban  Machine: dna086  Platform: Linux  PlatformVersion: 5.14.0-427.37.1.el9_4.x86_64  CompilerName: GCC  CompilerVersion: 8.4.0
ProgramName: mri_edit_wm_with_aseg  ProgramArguments: mri_edit_wm_with_aseg -all-info  ProgramVersion: 7.3.2  TimeStamp: 2026/03/12-08:57:55-GMT  BuildTime: Aug  4 2022 06:17:15  BuildStamp: freesurfer-linux-ubuntu22_x86_64-7.3.2-20220804-6354275  User: oesteban  Machine: dna086  Platform: Linux  PlatformVersion: 5.14.0-427.37.1.el9_4.x86_64  CompilerName: GCC  CompilerVersion: 8.4.0
ProgramName: mri_em_register  ProgramArguments: mri_em_register -all-info  ProgramVersion: 7.3.2  TimeStamp: 2026/03/12-08:57:55-GMT  BuildTime: Aug  4 2022 06:17:15  BuildStamp: freesurfer-linux-ubuntu22_x86_64-7.3.2-20220804-6354275  User: oesteban  Machine: dna086  Platform: Linux  PlatformVersion: 5.14.0-427.37.1.el9_4.x86_64  CompilerName: GCC  CompilerVersion: 8.4.0
ProgramName: mri_fill  ProgramArguments: mri_fill -all-info  ProgramVersion: 7.3.2  TimeStamp: 2026/03/12-08:57:55-GMT  BuildTime: Aug  4 2022 06:17:15  BuildStamp: freesurfer-linux-ubuntu22_x86_64-7.3.2-20220804-6354275  User: oesteban  Machine: dna086  Platform: Linux  PlatformVersion: 5.14.0-427.37.1.el9_4.x86_64  CompilerName: GCC  CompilerVersion: 8.4.0
ProgramName: mri_fuse_segmentations  ProgramArguments: mri_fuse_segmentations -all-info  ProgramVersion: 7.3.2  TimeStamp: 2026/03/12-08:57:55-GMT  BuildTime: Aug  4 2022 06:17:15  BuildStamp: freesurfer-linux-ubuntu22_x86_64-7.3.2-20220804-6354275  User: oesteban  Machine: dna086  Platform: Linux  PlatformVersion: 5.14.0-427.37.1.el9_4.x86_64  CompilerName: GCC  CompilerVersion: 8.4.0
ProgramName: mri_fwhm  ProgramArguments: mri_fwhm -all-info  ProgramVersion: 7.3.2  TimeStamp: 2026/03/12-08:57:55-GMT  BuildTime: Aug  4 2022 06:17:15  BuildStamp: freesurfer-linux-ubuntu22_x86_64-7.3.2-20220804-6354275  User: oesteban  Machine: dna086  Platform: Linux  PlatformVersion: 5.14.0-427.37.1.el9_4.x86_64  CompilerName: GCC  CompilerVersion: 8.4.0
ProgramName: mri_gcut  ProgramArguments: mri_gcut -all-info  ProgramVersion: 7.3.2  TimeStamp: 2026/03/12-08:57:55-GMT  BuildTime: Aug  4 2022 06:17:15  BuildStamp: freesurfer-linux-ubuntu22_x86_64-7.3.2-20220804-6354275  User: oesteban  Machine: dna086  Platform: Linux  PlatformVersion: 5.14.0-427.37.1.el9_4.x86_64  CompilerName: GCC  CompilerVersion: 8.4.0
ProgramName: mri_info  ProgramArguments: mri_info -all-info  ProgramVersion: 7.3.2  TimeStamp: 2026/03/12-08:57:55-GMT  BuildTime: Aug  4 2022 06:17:15  BuildStamp: freesurfer-linux-ubuntu22_x86_64-7.3.2-20220804-6354275  User: oesteban  Machine: dna086  Platform: Linux  PlatformVersion: 5.14.0-427.37.1.el9_4.x86_64  CompilerName: GCC  CompilerVersion: 8.4.0
ProgramName: mri_label2label  ProgramArguments: mri_label2label -all-info  ProgramVersion: 7.3.2  TimeStamp: 2026/03/12-08:57:55-GMT  BuildTime: Aug  4 2022 06:17:15  BuildStamp: freesurfer-linux-ubuntu22_x86_64-7.3.2-20220804-6354275  User: oesteban  Machine: dna086  Platform: Linux  PlatformVersion: 5.14.0-427.37.1.el9_4.x86_64  CompilerName: GCC  CompilerVersion: 8.4.0
ProgramName: mri_label2vol  ProgramArguments: mri_label2vol -all-info  ProgramVersion: 7.3.2  TimeStamp: 2026/03/12-08:57:55-GMT  BuildTime: Aug  4 2022 06:17:15  BuildStamp: freesurfer-linux-ubuntu22_x86_64-7.3.2-20220804-6354275  User: oesteban  Machine: dna086  Platform: Linux  PlatformVersion: 5.14.0-427.37.1.el9_4.x86_64  CompilerName: GCC  CompilerVersion: 8.4.0
ProgramName: mri_log_likelihood  ProgramArguments: mri_log_likelihood -all-info  ProgramVersion: 7.3.2  TimeStamp: 2026/03/12-08:57:55-GMT  BuildTime: Aug  4 2022 06:17:15  BuildStamp: freesurfer-linux-ubuntu22_x86_64-7.3.2-20220804-6354275  User: oesteban  Machine: dna086  Platform: Linux  PlatformVersion: 5.14.0-427.37.1.el9_4.x86_64  CompilerName: GCC  CompilerVersion: 8.4.0
ProgramName: mri_mask  ProgramArguments: mri_mask -all-info  ProgramVersion: 7.3.2  TimeStamp: 2026/03/12-08:57:55-GMT  BuildTime: Aug  4 2022 06:17:15  BuildStamp: freesurfer-linux-ubuntu22_x86_64-7.3.2-20220804-6354275  User: oesteban  Machine: dna086  Platform: Linux  PlatformVersion: 5.14.0-427.37.1.el9_4.x86_64  CompilerName: GCC  CompilerVersion: 8.4.0
ProgramName: mri_matrix_multiply  ProgramArguments: mri_matrix_multiply -all-info  ProgramVersion: 7.3.2  TimeStamp: 2026/03/12-08:57:55-GMT  BuildTime: Aug  4 2022 06:17:15  BuildStamp: freesurfer-linux-ubuntu22_x86_64-7.3.2-20220804-6354275  User: oesteban  Machine: dna086  Platform: Linux  PlatformVersion: 5.14.0-427.37.1.el9_4.x86_64  CompilerName: GCC  CompilerVersion: 8.4.0
ProgramName: mri_normalize  ProgramArguments: mri_normalize -all-info  ProgramVersion: 7.3.2  TimeStamp: 2026/03/12-08:57:55-GMT  BuildTime: Aug  4 2022 06:17:15  BuildStamp: freesurfer-linux-ubuntu22_x86_64-7.3.2-20220804-6354275  User: oesteban  Machine: dna086  Platform: Linux  PlatformVersion: 5.14.0-427.37.1.el9_4.x86_64  CompilerName: GCC  CompilerVersion: 8.4.0
ProgramName: mri_normalize_tp2  ProgramArguments: mri_normalize_tp2 -all-info  ProgramVersion: 7.3.2  TimeStamp: 2026/03/12-08:57:55-GMT  BuildTime: Aug  4 2022 06:17:15  BuildStamp: freesurfer-linux-ubuntu22_x86_64-7.3.2-20220804-6354275  User: oesteban  Machine: dna086  Platform: Linux  PlatformVersion: 5.14.0-427.37.1.el9_4.x86_64  CompilerName: GCC  CompilerVersion: 8.4.0
ProgramName: mri_or  ProgramArguments: mri_or -all-info  ProgramVersion: 7.3.2  TimeStamp: 2026/03/12-08:57:55-GMT  BuildTime: Aug  4 2022 06:17:15  BuildStamp: freesurfer-linux-ubuntu22_x86_64-7.3.2-20220804-6354275  User: oesteban  Machine: dna086  Platform: Linux  PlatformVersion: 5.14.0-427.37.1.el9_4.x86_64  CompilerName: GCC  CompilerVersion: 8.4.0
ProgramName: mri_relabel_hypointensities  ProgramArguments: mri_relabel_hypointensities -all-info  ProgramVersion: 7.3.2  TimeStamp: 2026/03/12-08:57:55-GMT  BuildTime: Aug  4 2022 06:17:15  BuildStamp: freesurfer-linux-ubuntu22_x86_64-7.3.2-20220804-6354275  User: oesteban  Machine: dna086  Platform: Linux  PlatformVersion: 5.14.0-427.37.1.el9_4.x86_64  CompilerName: GCC  CompilerVersion: 8.4.0
ProgramName: mri_relabel_nonwm_hypos  ProgramArguments: mri_relabel_nonwm_hypos -all-info  ProgramVersion: 7.3.2  TimeStamp: 2026/03/12-08:57:55-GMT  BuildTime: Aug  4 2022 06:17:15  BuildStamp: freesurfer-linux-ubuntu22_x86_64-7.3.2-20220804-6354275  User: oesteban  Machine: dna086  Platform: Linux  PlatformVersion: 5.14.0-427.37.1.el9_4.x86_64  CompilerName: GCC  CompilerVersion: 8.4.0
ProgramName: mri_remove_neck  ProgramArguments: mri_remove_neck -all-info  ProgramVersion: 7.3.2  TimeStamp: 2026/03/12-08:57:55-GMT  BuildTime: Aug  4 2022 06:17:15  BuildStamp: freesurfer-linux-ubuntu22_x86_64-7.3.2-20220804-6354275  User: oesteban  Machine: dna086  Platform: Linux  PlatformVersion: 5.14.0-427.37.1.el9_4.x86_64  CompilerName: GCC  CompilerVersion: 8.4.0
7.3.2

ProgramName: mri_robust_register  ProgramArguments: mri_robust_register -all-info  ProgramVersion: 7.3.2  TimeStamp: 2026/03/12-08:57:55-GMT  BuildTime: Aug  4 2022 06:17:15  BuildStamp: freesurfer-linux-ubuntu22_x86_64-7.3.2-20220804-6354275  User: oesteban  Machine: dna086  Platform: Linux  PlatformVersion: 5.14.0-427.37.1.el9_4.x86_64  CompilerName: GCC  CompilerVersion: 8.4.0
7.3.2

ProgramName: mri_robust_template  ProgramArguments: mri_robust_template -all-info  ProgramVersion: 7.3.2  TimeStamp: 2026/03/12-08:57:55-GMT  BuildTime: Aug  4 2022 06:17:15  BuildStamp: freesurfer-linux-ubuntu22_x86_64-7.3.2-20220804-6354275  User: oesteban  Machine: dna086  Platform: Linux  PlatformVersion: 5.14.0-427.37.1.el9_4.x86_64  CompilerName: GCC  CompilerVersion: 8.4.0
ProgramName: mris_anatomical_stats  ProgramArguments: mris_anatomical_stats -all-info  ProgramVersion: 7.3.2  TimeStamp: 2026/03/12-08:57:55-GMT  BuildTime: Aug  4 2022 06:17:15  BuildStamp: freesurfer-linux-ubuntu22_x86_64-7.3.2-20220804-6354275  User: oesteban  Machine: dna086  Platform: Linux  PlatformVersion: 5.14.0-427.37.1.el9_4.x86_64  CompilerName: GCC  CompilerVersion: 8.4.0
ProgramName: mris_ca_label  ProgramArguments: mris_ca_label -all-info  ProgramVersion: 7.3.2  TimeStamp: 2026/03/12-08:57:55-GMT  BuildTime: Aug  4 2022 06:17:15  BuildStamp: freesurfer-linux-ubuntu22_x86_64-7.3.2-20220804-6354275  User: oesteban  Machine: dna086  Platform: Linux  PlatformVersion: 5.14.0-427.37.1.el9_4.x86_64  CompilerName: GCC  CompilerVersion: 8.4.0
ProgramName: mris_calc  ProgramArguments: mris_calc -all-info  ProgramVersion: 7.3.2  TimeStamp: 2026/03/12-08:57:56-GMT  BuildTime: Aug  4 2022 06:17:15  BuildStamp: freesurfer-linux-ubuntu22_x86_64-7.3.2-20220804-6354275  User: oesteban  Machine: dna086  Platform: Linux  PlatformVersion: 5.14.0-427.37.1.el9_4.x86_64  CompilerName: GCC  CompilerVersion: 8.4.0
ProgramName: mris_convert  ProgramArguments: mris_convert -all-info  ProgramVersion: 7.3.2  TimeStamp: 2026/03/12-08:57:56-GMT  BuildTime: Aug  4 2022 06:17:15  BuildStamp: freesurfer-linux-ubuntu22_x86_64-7.3.2-20220804-6354275  User: oesteban  Machine: dna086  Platform: Linux  PlatformVersion: 5.14.0-427.37.1.el9_4.x86_64  CompilerName: GCC  CompilerVersion: 8.4.0
ProgramName: mris_curvature  ProgramArguments: mris_curvature -all-info  ProgramVersion: 7.3.2  TimeStamp: 2026/03/12-08:57:56-GMT  BuildTime: Aug  4 2022 06:17:15  BuildStamp: freesurfer-linux-ubuntu22_x86_64-7.3.2-20220804-6354275  User: oesteban  Machine: dna086  Platform: Linux  PlatformVersion: 5.14.0-427.37.1.el9_4.x86_64  CompilerName: GCC  CompilerVersion: 8.4.0
ProgramName: mris_curvature_stats  ProgramArguments: mris_curvature_stats -all-info  ProgramVersion: 7.3.2  TimeStamp: 2026/03/12-08:57:56-GMT  BuildTime: Aug  4 2022 06:17:15  BuildStamp: freesurfer-linux-ubuntu22_x86_64-7.3.2-20220804-6354275  User: oesteban  Machine: dna086  Platform: Linux  PlatformVersion: 5.14.0-427.37.1.el9_4.x86_64  CompilerName: GCC  CompilerVersion: 8.4.0
ProgramName: mris_diff  ProgramArguments: mris_diff -all-info  ProgramVersion: 7.3.2  TimeStamp: 2026/03/12-08:57:56-GMT  BuildTime: Aug  4 2022 06:17:15  BuildStamp: freesurfer-linux-ubuntu22_x86_64-7.3.2-20220804-6354275  User: oesteban  Machine: dna086  Platform: Linux  PlatformVersion: 5.14.0-427.37.1.el9_4.x86_64  CompilerName: GCC  CompilerVersion: 8.4.0
ProgramName: mris_divide_parcellation  ProgramArguments: mris_divide_parcellation -all-info  ProgramVersion: 7.3.2  TimeStamp: 2026/03/12-08:57:56-GMT  BuildTime: Aug  4 2022 06:17:15  BuildStamp: freesurfer-linux-ubuntu22_x86_64-7.3.2-20220804-6354275  User: oesteban  Machine: dna086  Platform: Linux  PlatformVersion: 5.14.0-427.37.1.el9_4.x86_64  CompilerName: GCC  CompilerVersion: 8.4.0
ProgramName: mri_segment  ProgramArguments: mri_segment -all-info  ProgramVersion: 7.3.2  TimeStamp: 2026/03/12-08:57:56-GMT  BuildTime: Aug  4 2022 06:17:15  BuildStamp: freesurfer-linux-ubuntu22_x86_64-7.3.2-20220804-6354275  User: oesteban  Machine: dna086  Platform: Linux  PlatformVersion: 5.14.0-427.37.1.el9_4.x86_64  CompilerName: GCC  CompilerVersion: 8.4.0
ProgramName: mri_segstats  ProgramArguments: mri_segstats -all-info  ProgramVersion: 7.3.2  TimeStamp: 2026/03/12-08:57:56-GMT  BuildTime: Aug  4 2022 06:17:15  BuildStamp: freesurfer-linux-ubuntu22_x86_64-7.3.2-20220804-6354275  User: oesteban  Machine: dna086  Platform: Linux  PlatformVersion: 5.14.0-427.37.1.el9_4.x86_64  CompilerName: GCC  CompilerVersion: 8.4.0
ProgramName: mris_euler_number  ProgramArguments: mris_euler_number -all-info  ProgramVersion: 7.3.2  TimeStamp: 2026/03/12-08:57:56-GMT  BuildTime: Aug  4 2022 06:17:15  BuildStamp: freesurfer-linux-ubuntu22_x86_64-7.3.2-20220804-6354275  User: oesteban  Machine: dna086  Platform: Linux  PlatformVersion: 5.14.0-427.37.1.el9_4.x86_64  CompilerName: GCC  CompilerVersion: 8.4.0
ProgramName: mris_fix_topology  ProgramArguments: mris_fix_topology -all-info  ProgramVersion: 7.3.2  TimeStamp: 2026/03/12-08:57:56-GMT  BuildTime: Aug  4 2022 06:17:15  BuildStamp: freesurfer-linux-ubuntu22_x86_64-7.3.2-20220804-6354275  User: oesteban  Machine: dna086  Platform: Linux  PlatformVersion: 5.14.0-427.37.1.el9_4.x86_64  CompilerName: GCC  CompilerVersion: 8.4.0
ProgramName: mris_topo_fixer  ProgramArguments: mris_topo_fixer -all-info  ProgramVersion: 7.3.2  TimeStamp: 2026/03/12-08:57:56-GMT  BuildTime: Aug  4 2022 06:17:15  BuildStamp: freesurfer-linux-ubuntu22_x86_64-7.3.2-20220804-6354275  User: oesteban  Machine: dna086  Platform: Linux  PlatformVersion: 5.14.0-427.37.1.el9_4.x86_64  CompilerName: GCC  CompilerVersion: 8.4.0
ProgramName: mris_jacobian  ProgramArguments: mris_jacobian -all-info  ProgramVersion: 7.3.2  TimeStamp: 2026/03/12-08:57:56-GMT  BuildTime: Aug  4 2022 06:17:15  BuildStamp: freesurfer-linux-ubuntu22_x86_64-7.3.2-20220804-6354275  User: oesteban  Machine: dna086  Platform: Linux  PlatformVersion: 5.14.0-427.37.1.el9_4.x86_64  CompilerName: GCC  CompilerVersion: 8.4.0
ProgramName: mris_label2annot  ProgramArguments: mris_label2annot -all-info  ProgramVersion: 7.3.2  TimeStamp: 2026/03/12-08:57:56-GMT  BuildTime: Aug  4 2022 06:17:15  BuildStamp: freesurfer-linux-ubuntu22_x86_64-7.3.2-20220804-6354275  User: oesteban  Machine: dna086  Platform: Linux  PlatformVersion: 5.14.0-427.37.1.el9_4.x86_64  CompilerName: GCC  CompilerVersion: 8.4.0
ProgramName: mris_left_right_register  ProgramArguments: mris_left_right_register -all-info  ProgramVersion: 7.3.2  TimeStamp: 2026/03/12-08:57:56-GMT  BuildTime: Aug  4 2022 06:17:15  BuildStamp: freesurfer-linux-ubuntu22_x86_64-7.3.2-20220804-6354275  User: oesteban  Machine: dna086  Platform: Linux  PlatformVersion: 5.14.0-427.37.1.el9_4.x86_64  CompilerName: GCC  CompilerVersion: 8.4.0
ProgramName: mris_place_surface  ProgramArguments: mris_place_surface -all-info  ProgramVersion: 7.3.2  TimeStamp: 2026/03/12-08:57:56-GMT  BuildTime: Aug  4 2022 06:17:15  BuildStamp: freesurfer-linux-ubuntu22_x86_64-7.3.2-20220804-6354275  User: oesteban  Machine: dna086  Platform: Linux  PlatformVersion: 5.14.0-427.37.1.el9_4.x86_64  CompilerName: GCC  CompilerVersion: 8.4.0
ProgramName: mrisp_paint  ProgramArguments: mrisp_paint -all-info  ProgramVersion: 7.3.2  TimeStamp: 2026/03/12-08:57:56-GMT  BuildTime: Aug  4 2022 06:17:15  BuildStamp: freesurfer-linux-ubuntu22_x86_64-7.3.2-20220804-6354275  User: oesteban  Machine: dna086  Platform: Linux  PlatformVersion: 5.14.0-427.37.1.el9_4.x86_64  CompilerName: GCC  CompilerVersion: 8.4.0
ProgramName: mris_register  ProgramArguments: mris_register -all-info  ProgramVersion: 7.3.2  TimeStamp: 2026/03/12-08:57:56-GMT  BuildTime: Aug  4 2022 06:17:15  BuildStamp: freesurfer-linux-ubuntu22_x86_64-7.3.2-20220804-6354275  User: oesteban  Machine: dna086  Platform: Linux  PlatformVersion: 5.14.0-427.37.1.el9_4.x86_64  CompilerName: GCC  CompilerVersion: 8.4.0
ProgramName: mris_smooth  ProgramArguments: mris_smooth -all-info  ProgramVersion: 7.3.2  TimeStamp: 2026/03/12-08:57:56-GMT  BuildTime: Aug  4 2022 06:17:15  BuildStamp: freesurfer-linux-ubuntu22_x86_64-7.3.2-20220804-6354275  User: oesteban  Machine: dna086  Platform: Linux  PlatformVersion: 5.14.0-427.37.1.el9_4.x86_64  CompilerName: GCC  CompilerVersion: 8.4.0
ProgramName: mris_sphere  ProgramArguments: mris_sphere -all-info  ProgramVersion: 7.3.2  TimeStamp: 2026/03/12-08:57:56-GMT  BuildTime: Aug  4 2022 06:17:15  BuildStamp: freesurfer-linux-ubuntu22_x86_64-7.3.2-20220804-6354275  User: oesteban  Machine: dna086  Platform: Linux  PlatformVersion: 5.14.0-427.37.1.el9_4.x86_64  CompilerName: GCC  CompilerVersion: 8.4.0
ProgramName: mris_surface_stats  ProgramArguments: mris_surface_stats -all-info  ProgramVersion: 7.3.2  TimeStamp: 2026/03/12-08:57:56-GMT  BuildTime: Aug  4 2022 06:17:15  BuildStamp: freesurfer-linux-ubuntu22_x86_64-7.3.2-20220804-6354275  User: oesteban  Machine: dna086  Platform: Linux  PlatformVersion: 5.14.0-427.37.1.el9_4.x86_64  CompilerName: GCC  CompilerVersion: 8.4.0
ProgramName: mri_stats2seg  ProgramArguments: mri_stats2seg -all-info  ProgramVersion: 7.3.2  TimeStamp: 2026/03/12-08:57:56-GMT  BuildTime: Aug  4 2022 06:17:15  BuildStamp: freesurfer-linux-ubuntu22_x86_64-7.3.2-20220804-6354275  User: oesteban  Machine: dna086  Platform: Linux  PlatformVersion: 5.14.0-427.37.1.el9_4.x86_64  CompilerName: GCC  CompilerVersion: 8.4.0
ProgramName: mris_thickness  ProgramArguments: mris_thickness -all-info  ProgramVersion: 7.3.2  TimeStamp: 2026/03/12-08:57:56-GMT  BuildTime: Aug  4 2022 06:17:15  BuildStamp: freesurfer-linux-ubuntu22_x86_64-7.3.2-20220804-6354275  User: oesteban  Machine: dna086  Platform: Linux  PlatformVersion: 5.14.0-427.37.1.el9_4.x86_64  CompilerName: GCC  CompilerVersion: 8.4.0
ProgramName: mris_thickness_diff  ProgramArguments: mris_thickness_diff -all-info  ProgramVersion: 7.3.2  TimeStamp: 2026/03/12-08:57:56-GMT  BuildTime: Aug  4 2022 06:17:15  BuildStamp: freesurfer-linux-ubuntu22_x86_64-7.3.2-20220804-6354275  User: oesteban  Machine: dna086  Platform: Linux  PlatformVersion: 5.14.0-427.37.1.el9_4.x86_64  CompilerName: GCC  CompilerVersion: 8.4.0
ProgramName: mris_topo_fixer  ProgramArguments: mris_topo_fixer -all-info  ProgramVersion: 7.3.2  TimeStamp: 2026/03/12-08:57:56-GMT  BuildTime: Aug  4 2022 06:17:15  BuildStamp: freesurfer-linux-ubuntu22_x86_64-7.3.2-20220804-6354275  User: oesteban  Machine: dna086  Platform: Linux  PlatformVersion: 5.14.0-427.37.1.el9_4.x86_64  CompilerName: GCC  CompilerVersion: 8.4.0
ProgramName: mri_surf2surf  ProgramArguments: mri_surf2surf -all-info  ProgramVersion: 7.3.2  TimeStamp: 2026/03/12-08:57:56-GMT  BuildTime: Aug  4 2022 06:17:15  BuildStamp: freesurfer-linux-ubuntu22_x86_64-7.3.2-20220804-6354275  User: oesteban  Machine: dna086  Platform: Linux  PlatformVersion: 5.14.0-427.37.1.el9_4.x86_64  CompilerName: GCC  CompilerVersion: 8.4.0
ProgramName: mri_surf2vol  ProgramArguments: mri_surf2vol -all-info  ProgramVersion: 7.3.2  TimeStamp: 2026/03/12-08:57:56-GMT  BuildTime: Aug  4 2022 06:17:15  BuildStamp: freesurfer-linux-ubuntu22_x86_64-7.3.2-20220804-6354275  User: oesteban  Machine: dna086  Platform: Linux  PlatformVersion: 5.14.0-427.37.1.el9_4.x86_64  CompilerName: GCC  CompilerVersion: 8.4.0
ProgramName: mri_surfcluster  ProgramArguments: mri_surfcluster -all-info  ProgramVersion: 7.3.2  TimeStamp: 2026/03/12-08:57:56-GMT  BuildTime: Aug  4 2022 06:17:15  BuildStamp: freesurfer-linux-ubuntu22_x86_64-7.3.2-20220804-6354275  User: oesteban  Machine: dna086  Platform: Linux  PlatformVersion: 5.14.0-427.37.1.el9_4.x86_64  CompilerName: GCC  CompilerVersion: 8.4.0
ProgramName: mris_volmask  ProgramArguments: mris_volmask -all-info  ProgramVersion: 7.3.2  TimeStamp: 2026/03/12-08:57:56-GMT  BuildTime: Aug  4 2022 06:17:15  BuildStamp: freesurfer-linux-ubuntu22_x86_64-7.3.2-20220804-6354275  User: oesteban  Machine: dna086  Platform: Linux  PlatformVersion: 5.14.0-427.37.1.el9_4.x86_64  CompilerName: GCC  CompilerVersion: 8.4.0
ProgramName: mri_tessellate  ProgramArguments: mri_tessellate -all-info  ProgramVersion: 7.3.2  TimeStamp: 2026/03/12-08:57:56-GMT  BuildTime: Aug  4 2022 06:17:15  BuildStamp: freesurfer-linux-ubuntu22_x86_64-7.3.2-20220804-6354275  User: oesteban  Machine: dna086  Platform: Linux  PlatformVersion: 5.14.0-427.37.1.el9_4.x86_64  CompilerName: GCC  CompilerVersion: 8.4.0
ProgramName: mri_vol2surf  ProgramArguments: mri_vol2surf -all-info  ProgramVersion: 7.3.2  TimeStamp: 2026/03/12-08:57:56-GMT  BuildTime: Aug  4 2022 06:17:15  BuildStamp: freesurfer-linux-ubuntu22_x86_64-7.3.2-20220804-6354275  User: oesteban  Machine: dna086  Platform: Linux  PlatformVersion: 5.14.0-427.37.1.el9_4.x86_64  CompilerName: GCC  CompilerVersion: 8.4.0
ProgramName: mri_vol2vol  ProgramArguments: mri_vol2vol -all-info  ProgramVersion: 7.3.2  TimeStamp: 2026/03/12-08:57:56-GMT  BuildTime: Aug  4 2022 06:17:15  BuildStamp: freesurfer-linux-ubuntu22_x86_64-7.3.2-20220804-6354275  User: oesteban  Machine: dna086  Platform: Linux  PlatformVersion: 5.14.0-427.37.1.el9_4.x86_64  CompilerName: GCC  CompilerVersion: 8.4.0
ProgramName: mri_voldiff  ProgramArguments: mri_voldiff -all-info  ProgramVersion: 7.3.2  TimeStamp: 2026/03/12-08:57:56-GMT  BuildTime: Aug  4 2022 06:17:15  BuildStamp: freesurfer-linux-ubuntu22_x86_64-7.3.2-20220804-6354275  User: oesteban  Machine: dna086  Platform: Linux  PlatformVersion: 5.14.0-427.37.1.el9_4.x86_64  CompilerName: GCC  CompilerVersion: 8.4.0
ProgramName: mri_watershed  ProgramArguments: mri_watershed -all-info  ProgramVersion: 7.3.2  TimeStamp: 2026/03/12-08:57:56-GMT  BuildTime: Aug  4 2022 06:17:15  BuildStamp: freesurfer-linux-ubuntu22_x86_64-7.3.2-20220804-6354275  User: oesteban  Machine: dna086  Platform: Linux  PlatformVersion: 5.14.0-427.37.1.el9_4.x86_64  CompilerName: GCC  CompilerVersion: 8.4.0
ProgramName: tkregister2  ProgramArguments: tkregister2_cmdl -all-info  ProgramVersion: 7.3.2  TimeStamp: 2026/03/12-08:57:56-GMT  BuildTime: Aug  4 2022 06:17:15  BuildStamp: freesurfer-linux-ubuntu22_x86_64-7.3.2-20220804-6354275  User: oesteban  Machine: dna086  Platform: Linux  PlatformVersion: 5.14.0-427.37.1.el9_4.x86_64  CompilerName: GCC  CompilerVersion: 8.4.0
mri_motion_correct.fsl 7.3.2
mri_convert -all-info 
ProgramName: mri_convert  ProgramArguments: mri_convert -all-info  ProgramVersion: 7.3.2  TimeStamp: 2026/03/12-08:57:56-GMT  BuildTime: Aug  4 2022 06:17:15  BuildStamp: freesurfer-linux-ubuntu22_x86_64-7.3.2-20220804-6354275  User: oesteban  Machine: dna086  Platform: Linux  PlatformVersion: 5.14.0-427.37.1.el9_4.x86_64  CompilerName: GCC  CompilerVersion: 8.4.0
Program nu_correct, built from:
Package MNI N3, version 1.12.0, compiled by nicks@terrier (x86_64-unknown-linux-gnu) on 2015-06-19 at 01:25:34
#######################################
GCADIR /opt/freesurfer/average
GCA RB_all_2020-01-02.gca
GCASkull RB_all_withskull_2020_01_02.gca
AvgCurvTif folding.atlas.acfb40.noaparc.i12.2016-08-02.tif
GCSDIR /opt/freesurfer/average
GCS DKaparc.atlas.acfb40.noaparc.i12.2016-08-02.gcs
#######################################
/out/sourcedata/freesurfer/sub-v1s11x0050146_ses-1

 mri_convert /work/fmriprep_25_2_wf/sub_v1s11x0050146_ses_1_wf/anat_fit_wf/anat_validate/sub-v1s11x0050146_ses-1_T1w_noise_corrected_ras_valid.nii.gz /out/sourcedata/freesurfer/sub-v1s11x0050146_ses-1/mri/orig/001.mgz 

mri_convert /work/fmriprep_25_2_wf/sub_v1s11x0050146_ses_1_wf/anat_fit_wf/anat_validate/sub-v1s11x0050146_ses-1_T1w_noise_corrected_ras_valid.nii.gz /out/sourcedata/freesurfer/sub-v1s11x0050146_ses-1/mri/orig/001.mgz 
reading from /work/fmriprep_25_2_wf/sub_v1s11x0050146_ses_1_wf/anat_fit_wf/anat_validate/sub-v1s11x0050146_ses-1_T1w_noise_corrected_ras_valid.nii.gz...
TR=0.00, TE=0.00, TI=0.00, flip angle=0.00
i_ras = (0.994131, 0.0590622, -0.0906326)
j_ras = (-0.0593063, 0.99824, 9.5513e-09)
k_ras = (0.0904731, 0.00537508, 0.995884)
writing to /out/sourcedata/freesurfer/sub-v1s11x0050146_ses-1/mri/orig/001.mgz...
#--------------------------------------------
#@# MotionCor Thu Mar 12 09:57:57 CET 2026
Found 1 runs
/out/sourcedata/freesurfer/sub-v1s11x0050146_ses-1/mri/orig/001.mgz
Checking for (invalid) multi-frame inputs...
Only one run found so motion
correction will not be performed. I'll
copy the run to rawavg and continue.

 cp /out/sourcedata/freesurfer/sub-v1s11x0050146_ses-1/mri/orig/001.mgz /out/sourcedata/freesurfer/sub-v1s11x0050146_ses-1/mri/rawavg.mgz 


 mri_info /out/sourcedata/freesurfer/sub-v1s11x0050146_ses-1/mri/rawavg.mgz 

rawavg.mgz ========================================
Volume information for /out/sourcedata/freesurfer/sub-v1s11x0050146_ses-1/mri/rawavg.mgz
          type: MGH
    dimensions: 160 x 239 x 200
   voxel sizes: 1.100000, 1.000000, 1.000000
          type: FLOAT (3)
           fov: 239.000
           dof: 1
        xstart: -88.0, xend: 88.0
        ystart: -119.5, yend: 119.5
        zstart: -100.0, zend: 100.0
            TR: 0.00 msec, TE: 0.00 msec, TI: 0.00 msec, flip angle: 0.00 degrees
       nframes: 1
       PhEncDir: UNKNOWN
       FieldStrength: 0.000000
ras xform present
    xform info: x_r =   0.9941, y_r =  -0.0593, z_r =   0.0905, c_r =    -2.8609
              : x_a =   0.0591, y_a =   0.9982, z_a =   0.0054, c_a =    11.6299
              : x_s =  -0.0906, y_s =   0.0000, z_s =   0.9959, c_s =     9.0433

talairach xfm : 
Orientation   : RAS
Primary Slice Direction: axial

voxel to ras transform:
                1.0935  -0.0593   0.0905   -92.3047
                0.0650   0.9982   0.0054  -113.3948
               -0.0997   0.0000   0.9959   -82.5695
                0.0000   0.0000   0.0000     1.0000

voxel-to-ras determinant 1.1

ras to voxel transform:
                0.9038   0.0537  -0.0824    82.7062
               -0.0593   0.9982   0.0000   107.7209
                0.0905   0.0054   0.9959    91.1903
                0.0000   0.0000   0.0000     1.0000
/out/sourcedata/freesurfer/sub-v1s11x0050146_ses-1

 mri_convert /out/sourcedata/freesurfer/sub-v1s11x0050146_ses-1/mri/rawavg.mgz /out/sourcedata/freesurfer/sub-v1s11x0050146_ses-1/mri/orig.mgz --conform 

mri_convert /out/sourcedata/freesurfer/sub-v1s11x0050146_ses-1/mri/rawavg.mgz /out/sourcedata/freesurfer/sub-v1s11x0050146_ses-1/mri/orig.mgz --conform 
reading from /out/sourcedata/freesurfer/sub-v1s11x0050146_ses-1/mri/rawavg.mgz...
TR=0.00, TE=0.00, TI=0.00, flip angle=0.00
i_ras = (0.994131, 0.0590622, -0.0906326)
j_ras = (-0.0593063, 0.99824, 9.5513e-09)
k_ras = (0.0904731, 0.00537508, 0.995884)
changing data type from float to uchar (noscale = 0)...
MRIchangeType: Building histogram -0.00043869 646.888 1000, flo=0, fhi=0.999, dest_type=0
Reslicing using trilinear interpolation 
writing to /out/sourcedata/freesurfer/sub-v1s11x0050146_ses-1/mri/orig.mgz...

 mri_add_xform_to_header -c /out/sourcedata/freesurfer/sub-v1s11x0050146_ses-1/mri/transforms/talairach.xfm /out/sourcedata/freesurfer/sub-v1s11x0050146_ses-1/mri/orig.mgz /out/sourcedata/freesurfer/sub-v1s11x0050146_ses-1/mri/orig.mgz 

INFO: extension is mgz

 mri_info /out/sourcedata/freesurfer/sub-v1s11x0050146_ses-1/mri/orig.mgz 

orig.mgz ========================================
Volume information for /out/sourcedata/freesurfer/sub-v1s11x0050146_ses-1/mri/orig.mgz
          type: MGH
    dimensions: 256 x 256 x 256
   voxel sizes: 1.000000, 1.000000, 1.000000
          type: UCHAR (0)
           fov: 256.000
           dof: 1
        xstart: -128.0, xend: 128.0
        ystart: -128.0, yend: 128.0
        zstart: -128.0, zend: 128.0
            TR: 0.00 msec, TE: 0.00 msec, TI: 0.00 msec, flip angle: 0.00 degrees
       nframes: 1
       PhEncDir: UNKNOWN
       FieldStrength: 0.000000
ras xform present
    xform info: x_r =  -1.0000, y_r =   0.0000, z_r =   0.0000, c_r =    -2.8609
              : x_a =  -0.0000, y_a =  -0.0000, z_a =   1.0000, c_a =    11.6298
              : x_s =   0.0000, y_s =  -1.0000, z_s =   0.0000, c_s =     9.0433

talairach xfm : /out/sourcedata/freesurfer/sub-v1s11x0050146_ses-1/mri/transforms/talairach.xfm
Orientation   : LIA
Primary Slice Direction: coronal

voxel to ras transform:
               -1.0000   0.0000   0.0000   125.1391
               -0.0000  -0.0000   1.0000  -116.3701
                0.0000  -1.0000   0.0000   137.0433
                0.0000   0.0000   0.0000     1.0000

voxel-to-ras determinant -1

ras to voxel transform:
               -1.0000   0.0000  -0.0000   125.1391
               -0.0000   0.0000  -1.0000   137.0433
               -0.0000   1.0000  -0.0000   116.3702
               -0.0000  -0.0000  -0.0000     1.0000
#--------------------------------------------
#@# Talairach Thu Mar 12 09:58:02 CET 2026
/out/sourcedata/freesurfer/sub-v1s11x0050146_ses-1/mri

 mri_nu_correct.mni --no-rescale --i orig.mgz --o orig_nu.mgz --ants-n4 --n 1 --proto-iters 1000 --distance 50 

/usr/bin/bc
/out/sourcedata/freesurfer/sub-v1s11x0050146_ses-1/mri
/opt/freesurfer/bin/mri_nu_correct.mni
--no-rescale --i orig.mgz --o orig_nu.mgz --ants-n4 --n 1 --proto-iters 1000 --distance 50
nIters 1
mri_nu_correct.mni 7.3.2
Linux dna086 5.14.0-427.37.1.el9_4.x86_64 #1 SMP PREEMPT_DYNAMIC Fri Sep 13 12:41:50 EDT 2024 x86_64 x86_64 x86_64 GNU/Linux
Thu Mar 12 09:58:03 CET 2026
tmpdir is ./tmp.mri_nu_correct.mni.2188052
cd /out/sourcedata/freesurfer/sub-v1s11x0050146_ses-1/mri
AntsN4BiasFieldCorrectionFs -i orig.mgz -o ./tmp.mri_nu_correct.mni.2188052/nu0.mgz --dtype uchar
AntsN4BiasFieldCorrectionFs done
mri_convert ./tmp.mri_nu_correct.mni.2188052/nu0.mgz orig_nu.mgz --like orig.mgz --conform
mri_convert ./tmp.mri_nu_correct.mni.2188052/nu0.mgz orig_nu.mgz --like orig.mgz --conform 
reading from ./tmp.mri_nu_correct.mni.2188052/nu0.mgz...
TR=0.00, TE=0.00, TI=0.00, flip angle=0.00
i_ras = (-1, -3.89991e-09, 7.45058e-09)
j_ras = (0, -4.65661e-10, -1)
k_ras = (3.84171e-09, 1, 0)
INFO: transform src into the like-volume: orig.mgz
writing to orig_nu.mgz...
 
 
Thu Mar 12 10:00:36 CET 2026
mri_nu_correct.mni done

 talairach_avi --i orig_nu.mgz --xfm transforms/talairach.auto.xfm 

talairach_avi log file is transforms/talairach_avi.log...
mv -f /out/sourcedata/freesurfer/sub-v1s11x0050146_ses-1/mri/talsrcimg_to_711-2C_as_mni_average_305_t4_vox2vox.txt /out/sourcedata/freesurfer/sub-v1s11x0050146_ses-1/mri/transforms/talsrcimg_to_711-2C_as_mni_average_305_t4_vox2vox.txt
Started at Thu Mar 12 10:00:36 CET 2026
Ended   at Thu Mar 12 10:00:50 CET 2026
talairach_avi done

 cp transforms/talairach.auto.xfm transforms/talairach.xfm 

lta_convert --src orig.mgz --trg /opt/freesurfer/average/mni305.cor.mgz --inxfm transforms/talairach.xfm --outlta transforms/talairach.xfm.lta --subject fsaverage --ltavox2vox
7.3.2

--src: orig.mgz src image (geometry).
--trg: /opt/freesurfer/average/mni305.cor.mgz trg image (geometry).
--inmni: transforms/talairach.xfm input MNI/XFM transform.
--outlta: transforms/talairach.xfm.lta output LTA.
--s: fsaverage subject name
--ltavox2vox: output LTA as VOX_TO_VOX transform.
 LTA read, type : 1
 1.07018   0.06540  -0.10371   4.65275;
-0.07482   0.99810   0.19459  -19.26759;
 0.10735  -0.11077   1.02023  -12.05989;
 0.00000   0.00000   0.00000   1.00000;
setting subject to fsaverage
Writing  LTA to file transforms/talairach.xfm.lta...
lta_convert successful.
#--------------------------------------------
#@# Talairach Failure Detection Thu Mar 12 10:00:52 CET 2026
/out/sourcedata/freesurfer/sub-v1s11x0050146_ses-1/mri

 talairach_afd -T 0.005 -xfm transforms/talairach.xfm 

talairach_afd: Talairach Transform: transforms/talairach.xfm OK (p=0.6744, pval=0.3663 >= threshold=0.0050)

 awk -f /opt/freesurfer/bin/extract_talairach_avi_QA.awk /out/sourcedata/freesurfer/sub-v1s11x0050146_ses-1/mri/transforms/talairach_avi.log 


 tal_QC_AZS /out/sourcedata/freesurfer/sub-v1s11x0050146_ses-1/mri/transforms/talairach_avi.log 

TalAviQA: 0.97919
z-score: 0
#--------------------------------------------
#@# Nu Intensity Correction Thu Mar 12 10:00:52 CET 2026

 mri_nu_correct.mni --i orig.mgz --o nu.mgz --uchar transforms/talairach.xfm --n 2 --ants-n4 

/usr/bin/bc
/out/sourcedata/freesurfer/sub-v1s11x0050146_ses-1/mri
/opt/freesurfer/bin/mri_nu_correct.mni
--i orig.mgz --o nu.mgz --uchar transforms/talairach.xfm --n 2 --ants-n4
nIters 2
mri_nu_correct.mni 7.3.2
Linux dna086 5.14.0-427.37.1.el9_4.x86_64 #1 SMP PREEMPT_DYNAMIC Fri Sep 13 12:41:50 EDT 2024 x86_64 x86_64 x86_64 GNU/Linux
Thu Mar 12 10:00:52 CET 2026
tmpdir is ./tmp.mri_nu_correct.mni.2188945
cd /out/sourcedata/freesurfer/sub-v1s11x0050146_ses-1/mri
AntsN4BiasFieldCorrectionFs -i orig.mgz -o ./tmp.mri_nu_correct.mni.2188945/nu0.mgz --dtype uchar
AntsN4BiasFieldCorrectionFs done
mri_binarize --i ./tmp.mri_nu_correct.mni.2188945/nu0.mgz --min -1 --o ./tmp.mri_nu_correct.mni.2188945/ones.mgz

7.3.2
cwd /out/sourcedata/freesurfer/sub-v1s11x0050146_ses-1/mri
cmdline mri_binarize --i ./tmp.mri_nu_correct.mni.2188945/nu0.mgz --min -1 --o ./tmp.mri_nu_correct.mni.2188945/ones.mgz 
sysname  Linux
hostname dna086
machine  x86_64
user     oesteban

input      ./tmp.mri_nu_correct.mni.2188945/nu0.mgz
frame      0
nErode3d   0
nErode2d   0
output     ./tmp.mri_nu_correct.mni.2188945/ones.mgz
Binarizing based on threshold
min        -1
max        +infinity
binval        1
binvalnot     0
fstart = 0, fend = 0, nframes = 1
Starting parallel 1
Found 16777216 values in range
Counting number of voxels in first frame
Found 16777215 voxels in final mask
Writing output to ./tmp.mri_nu_correct.mni.2188945/ones.mgz
Count: 16777215 16777215.000000 16777216 99.999994
mri_binarize done
mri_segstats --id 1 --seg ./tmp.mri_nu_correct.mni.2188945/ones.mgz --i orig.mgz --sum ./tmp.mri_nu_correct.mni.2188945/sum.junk --avgwf ./tmp.mri_nu_correct.mni.2188945/input.mean.dat

7.3.2
cwd 
cmdline mri_segstats --id 1 --seg ./tmp.mri_nu_correct.mni.2188945/ones.mgz --i orig.mgz --sum ./tmp.mri_nu_correct.mni.2188945/sum.junk --avgwf ./tmp.mri_nu_correct.mni.2188945/input.mean.dat 
sysname  Linux
hostname dna086
machine  x86_64
user     oesteban
whitesurfname  white
UseRobust  0
Loading ./tmp.mri_nu_correct.mni.2188945/ones.mgz
Loading orig.mgz
Voxel Volume is 1 mm^3
Generating list of segmentation ids
Found   1 segmentations
Computing statistics for each segmentation

Reporting on   1 segmentations
Using PrintSegStat
Computing spatial average of each frame

Writing to ./tmp.mri_nu_correct.mni.2188945/input.mean.dat
mri_segstats done
mri_segstats --id 1 --seg ./tmp.mri_nu_correct.mni.2188945/ones.mgz --i ./tmp.mri_nu_correct.mni.2188945/nu0.mgz --sum ./tmp.mri_nu_correct.mni.2188945/sum.junk --avgwf ./tmp.mri_nu_correct.mni.2188945/output.mean.dat

7.3.2
cwd 
cmdline mri_segstats --id 1 --seg ./tmp.mri_nu_correct.mni.2188945/ones.mgz --i ./tmp.mri_nu_correct.mni.2188945/nu0.mgz --sum ./tmp.mri_nu_correct.mni.2188945/sum.junk --avgwf ./tmp.mri_nu_correct.mni.2188945/output.mean.dat 
sysname  Linux
hostname dna086
machine  x86_64
user     oesteban
whitesurfname  white
UseRobust  0
Loading ./tmp.mri_nu_correct.mni.2188945/ones.mgz
Loading ./tmp.mri_nu_correct.mni.2188945/nu0.mgz
Voxel Volume is 1 mm^3
Generating list of segmentation ids
Found   1 segmentations
Computing statistics for each segmentation

Reporting on   1 segmentations
Using PrintSegStat
Computing spatial average of each frame

Writing to ./tmp.mri_nu_correct.mni.2188945/output.mean.dat
mri_segstats done
mris_calc -o ./tmp.mri_nu_correct.mni.2188945/nu0.mgz ./tmp.mri_nu_correct.mni.2188945/nu0.mgz mul 1.25930354395817440436
Saving result to './tmp.mri_nu_correct.mni.2188945/nu0.mgz' (type = MGH )                       [ ok ]
mri_convert ./tmp.mri_nu_correct.mni.2188945/nu0.mgz nu.mgz --like orig.mgz
mri_convert ./tmp.mri_nu_correct.mni.2188945/nu0.mgz nu.mgz --like orig.mgz 
reading from ./tmp.mri_nu_correct.mni.2188945/nu0.mgz...
TR=0.00, TE=0.00, TI=0.00, flip angle=0.00
i_ras = (-1, -3.89991e-09, 7.45058e-09)
j_ras = (0, -4.65661e-10, -1)
k_ras = (3.84171e-09, 1, 0)
INFO: transform src into the like-volume: orig.mgz
writing to nu.mgz...
mri_make_uchar nu.mgz transforms/talairach.xfm nu.mgz
type change took 0 minutes and 3 seconds.
FIRST_PERCENTILE 0.010000
WM_PERCENTILE    0.900000
MAX_R 50.000000
i1 = 13, i2 = 74
#mri_make_uchar# mapping 33 191 to  3 110  :  b -20.3492 m 0.683867 : thresh 29.7561 maxsat 402.636 : nzero 14162063 nsat 0
 
 
Thu Mar 12 10:03:36 CET 2026
mri_nu_correct.mni done

 mri_add_xform_to_header -c /out/sourcedata/freesurfer/sub-v1s11x0050146_ses-1/mri/transforms/talairach.xfm nu.mgz nu.mgz 

INFO: extension is mgz
#--------------------------------------------
#@# Intensity Normalization Thu Mar 12 10:03:36 CET 2026
/out/sourcedata/freesurfer/sub-v1s11x0050146_ses-1/mri

 mri_normalize -g 1 -seed 1234 -mprage nu.mgz T1.mgz 

using max gradient = 1.000
setting seed for random number genererator to 1234
assuming input volume is MGH (Van der Kouwe) MP-RAGE
reading mri_src from nu.mgz...
normalizing image...
NOT doing gentle normalization with control points/label
talairach transform
 1.07018   0.06540  -0.10371   4.65275;
-0.07482   0.99810   0.19459  -19.26759;
 0.10735  -0.11077   1.02023  -12.05989;
 0.00000   0.00000   0.00000   1.00000;
processing without aseg, no1d=0
MRInormInit(): 
INFO: Modifying talairach volume c_(r,a,s) based on average_305
MRInormalize(): 
MRIsplineNormalize(): npeaks = 15
Starting OpenSpline(): npoints = 15
building Voronoi diagram...
performing soap bubble smoothing, sigma = 8...

Iterating 2 times
---------------------------------
3d normalization pass 1 of 2
white matter peak found at 110
white matter peak found at 110
gm peak at 67 (67), valley at 38 (38)
csf peak at 34, setting threshold to 56
building Voronoi diagram...
performing soap bubble smoothing, sigma = 8...
---------------------------------
3d normalization pass 2 of 2
white matter peak found at 110
white matter peak found at 110
gm peak at 69 (69), valley at 40 (40)
csf peak at 35, setting threshold to 57
building Voronoi diagram...
performing soap bubble smoothing, sigma = 8...
Done iterating ---------------------------------
writing output to T1.mgz
3D bias adjustment took 0 minutes and 53 seconds.

Started at Thu Mar 12 09:57:55 CET 2026 
Ended   at Thu Mar 12 10:04:30 CET 2026
#@#%# recon-all-run-time-hours 0.110
recon-all -s sub-v1s11x0050146_ses-1 finished without error at Thu Mar 12 10:04:30 CET 2026



#New# invocation of recon-all 




Thu Mar 12 10:10:00 CET 2026
cd /out/sourcedata/freesurfer/sub-v1s11x0050146_ses-1
setenv SUBJECTS_DIR /out/sourcedata/freesurfer
/opt/freesurfer/bin/recon-all -openmp 16 -subjid sub-v1s11x0050146_ses-1 -sd /out/sourcedata/freesurfer -gcareg

subjid sub-v1s11x0050146_ses-1
setenv SUBJECTS_DIR /out/sourcedata/freesurfer
FREESURFER_HOME /opt/freesurfer
Actual FREESURFER_HOME /opt/freesurfer
build-stamp.txt: freesurfer-linux-ubuntu22_x86_64-7.3.2-20220804-6354275
Linux dna086 5.14.0-427.37.1.el9_4.x86_64 #1 SMP PREEMPT_DYNAMIC Fri Sep 13 12:41:50 EDT 2024 x86_64 x86_64 x86_64 GNU/Linux
cputime      unlimited
filesize     unlimited
datasize     unlimited
stacksize    8192 kbytes
coredumpsize 0 kbytes
memoryuse    67108864 kbytes
vmemoryuse   unlimited
descriptors  1024 
memorylocked unlimited
maxproc      2061970 
maxlocks     unlimited
maxsignal    2062024 
maxmessage   819200 
maxnice      0 
maxrtprio    0 
maxrttime    unlimited

               total        used        free      shared  buff/cache   available
Mem:           503Gi        63Gi       388Gi        18Gi        51Gi       418Gi
Swap:             0B          0B          0B

########################################
program versions used
7.3.2 (freesurfer-linux-ubuntu22_x86_64-7.3.2-20220804-6354275)
7.3.2

ProgramName: lta_convert  ProgramArguments: lta_convert -all-info  ProgramVersion: 7.3.2  TimeStamp: 2026/03/12-09:10:00-GMT  BuildTime: Aug  4 2022 06:17:15  BuildStamp: freesurfer-linux-ubuntu22_x86_64-7.3.2-20220804-6354275  User: oesteban  Machine: dna086  Platform: Linux  PlatformVersion: 5.14.0-427.37.1.el9_4.x86_64  CompilerName: GCC  CompilerVersion: 8.4.0
ProgramName: mri_and  ProgramArguments: mri_and -all-info  ProgramVersion: 7.3.2  TimeStamp: 2026/03/12-09:10:00-GMT  BuildTime: Aug  4 2022 06:17:15  BuildStamp: freesurfer-linux-ubuntu22_x86_64-7.3.2-20220804-6354275  User: oesteban  Machine: dna086  Platform: Linux  PlatformVersion: 5.14.0-427.37.1.el9_4.x86_64  CompilerName: GCC  CompilerVersion: 8.4.0
ProgramName: mri_annotation2label  ProgramArguments: mri_annotation2label -all-info  ProgramVersion: 7.3.2  TimeStamp: 2026/03/12-09:10:00-GMT  BuildTime: Aug  4 2022 06:17:15  BuildStamp: freesurfer-linux-ubuntu22_x86_64-7.3.2-20220804-6354275  User: oesteban  Machine: dna086  Platform: Linux  PlatformVersion: 5.14.0-427.37.1.el9_4.x86_64  CompilerName: GCC  CompilerVersion: 8.4.0
ProgramName: mri_aparc2aseg  ProgramArguments: mri_aparc2aseg -all-info  ProgramVersion: 7.3.2  TimeStamp: 2026/03/12-09:10:00-GMT  BuildTime: Aug  4 2022 06:17:15  BuildStamp: freesurfer-linux-ubuntu22_x86_64-7.3.2-20220804-6354275  User: oesteban  Machine: dna086  Platform: Linux  PlatformVersion: 5.14.0-427.37.1.el9_4.x86_64  CompilerName: GCC  CompilerVersion: 8.4.0
ProgramName: mri_surf2volseg  ProgramArguments: mri_surf2volseg -all-info  ProgramVersion: 7.3.2  TimeStamp: 2026/03/12-09:10:00-GMT  BuildTime: Aug  4 2022 06:17:15  BuildStamp: freesurfer-linux-ubuntu22_x86_64-7.3.2-20220804-6354275  User: oesteban  Machine: dna086  Platform: Linux  PlatformVersion: 5.14.0-427.37.1.el9_4.x86_64  CompilerName: GCC  CompilerVersion: 8.4.0
ProgramName: mri_binarize  ProgramArguments: mri_binarize -all-info  ProgramVersion: 7.3.2  TimeStamp: 2026/03/12-09:10:00-GMT  BuildTime: Aug  4 2022 06:17:15  BuildStamp: freesurfer-linux-ubuntu22_x86_64-7.3.2-20220804-6354275  User: oesteban  Machine: dna086  Platform: Linux  PlatformVersion: 5.14.0-427.37.1.el9_4.x86_64  CompilerName: GCC  CompilerVersion: 8.4.0
ProgramName: mri_ca_label  ProgramArguments: mri_ca_label -all-info  ProgramVersion: 7.3.2  TimeStamp: 2026/03/12-09:10:00-GMT  BuildTime: Aug  4 2022 06:17:15  BuildStamp: freesurfer-linux-ubuntu22_x86_64-7.3.2-20220804-6354275  User: oesteban  Machine: dna086  Platform: Linux  PlatformVersion: 5.14.0-427.37.1.el9_4.x86_64  CompilerName: GCC  CompilerVersion: 8.4.0
ProgramName: mri_ca_normalize  ProgramArguments: mri_ca_normalize -all-info  ProgramVersion: 7.3.2  TimeStamp: 2026/03/12-09:10:00-GMT  BuildTime: Aug  4 2022 06:17:15  BuildStamp: freesurfer-linux-ubuntu22_x86_64-7.3.2-20220804-6354275  User: oesteban  Machine: dna086  Platform: Linux  PlatformVersion: 5.14.0-427.37.1.el9_4.x86_64  CompilerName: GCC  CompilerVersion: 8.4.0
ProgramName: mri_ca_register  ProgramArguments: mri_ca_register -all-info  ProgramVersion: 7.3.2  TimeStamp: 2026/03/12-09:10:00-GMT  BuildTime: Aug  4 2022 06:17:15  BuildStamp: freesurfer-linux-ubuntu22_x86_64-7.3.2-20220804-6354275  User: oesteban  Machine: dna086  Platform: Linux  PlatformVersion: 5.14.0-427.37.1.el9_4.x86_64  CompilerName: GCC  CompilerVersion: 8.4.0
ProgramName: mri_cc  ProgramArguments: mri_cc -all-info  ProgramVersion: 7.3.2  TimeStamp: 2026/03/12-09:10:00-GMT  BuildTime: Aug  4 2022 06:17:15  BuildStamp: freesurfer-linux-ubuntu22_x86_64-7.3.2-20220804-6354275  User: oesteban  Machine: dna086  Platform: Linux  PlatformVersion: 5.14.0-427.37.1.el9_4.x86_64  CompilerName: GCC  CompilerVersion: 8.4.0
ProgramName: mri_compute_overlap  ProgramArguments: mri_compute_overlap -all-info  ProgramVersion: 7.3.2  TimeStamp: 2026/03/12-09:10:00-GMT  BuildTime: Aug  4 2022 06:17:15  BuildStamp: freesurfer-linux-ubuntu22_x86_64-7.3.2-20220804-6354275  User: oesteban  Machine: dna086  Platform: Linux  PlatformVersion: 5.14.0-427.37.1.el9_4.x86_64  CompilerName: GCC  CompilerVersion: 8.4.0
ProgramName: mri_compute_seg_overlap  ProgramArguments: mri_compute_seg_overlap -all-info  ProgramVersion: 7.3.2  TimeStamp: 2026/03/12-09:10:00-GMT  BuildTime: Aug  4 2022 06:17:15  BuildStamp: freesurfer-linux-ubuntu22_x86_64-7.3.2-20220804-6354275  User: oesteban  Machine: dna086  Platform: Linux  PlatformVersion: 5.14.0-427.37.1.el9_4.x86_64  CompilerName: GCC  CompilerVersion: 8.4.0
ProgramName: mri_concat  ProgramArguments: mri_concat -all-info  ProgramVersion: 7.3.2  TimeStamp: 2026/03/12-09:10:00-GMT  BuildTime: Aug  4 2022 06:17:15  BuildStamp: freesurfer-linux-ubuntu22_x86_64-7.3.2-20220804-6354275  User: oesteban  Machine: dna086  Platform: Linux  PlatformVersion: 5.14.0-427.37.1.el9_4.x86_64  CompilerName: GCC  CompilerVersion: 8.4.0
ProgramName: mri_concatenate_lta  ProgramArguments: mri_concatenate_lta -all-info  ProgramVersion: 7.3.2  TimeStamp: 2026/03/12-09:10:00-GMT  BuildTime: Aug  4 2022 06:17:15  BuildStamp: freesurfer-linux-ubuntu22_x86_64-7.3.2-20220804-6354275  User: oesteban  Machine: dna086  Platform: Linux  PlatformVersion: 5.14.0-427.37.1.el9_4.x86_64  CompilerName: GCC  CompilerVersion: 8.4.0
mri_convert -all-info 
ProgramName: mri_convert  ProgramArguments: mri_convert -all-info  ProgramVersion: 7.3.2  TimeStamp: 2026/03/12-09:10:00-GMT  BuildTime: Aug  4 2022 06:17:15  BuildStamp: freesurfer-linux-ubuntu22_x86_64-7.3.2-20220804-6354275  User: oesteban  Machine: dna086  Platform: Linux  PlatformVersion: 5.14.0-427.37.1.el9_4.x86_64  CompilerName: GCC  CompilerVersion: 8.4.0
ProgramName: mri_diff  ProgramArguments: mri_diff -all-info  ProgramVersion: 7.3.2  TimeStamp: 2026/03/12-09:10:00-GMT  BuildTime: Aug  4 2022 06:17:15  BuildStamp: freesurfer-linux-ubuntu22_x86_64-7.3.2-20220804-6354275  User: oesteban  Machine: dna086  Platform: Linux  PlatformVersion: 5.14.0-427.37.1.el9_4.x86_64  CompilerName: GCC  CompilerVersion: 8.4.0
ProgramName: mri_edit_wm_with_aseg  ProgramArguments: mri_edit_wm_with_aseg -all-info  ProgramVersion: 7.3.2  TimeStamp: 2026/03/12-09:10:00-GMT  BuildTime: Aug  4 2022 06:17:15  BuildStamp: freesurfer-linux-ubuntu22_x86_64-7.3.2-20220804-6354275  User: oesteban  Machine: dna086  Platform: Linux  PlatformVersion: 5.14.0-427.37.1.el9_4.x86_64  CompilerName: GCC  CompilerVersion: 8.4.0
ProgramName: mri_em_register  ProgramArguments: mri_em_register -all-info  ProgramVersion: 7.3.2  TimeStamp: 2026/03/12-09:10:00-GMT  BuildTime: Aug  4 2022 06:17:15  BuildStamp: freesurfer-linux-ubuntu22_x86_64-7.3.2-20220804-6354275  User: oesteban  Machine: dna086  Platform: Linux  PlatformVersion: 5.14.0-427.37.1.el9_4.x86_64  CompilerName: GCC  CompilerVersion: 8.4.0
ProgramName: mri_fill  ProgramArguments: mri_fill -all-info  ProgramVersion: 7.3.2  TimeStamp: 2026/03/12-09:10:00-GMT  BuildTime: Aug  4 2022 06:17:15  BuildStamp: freesurfer-linux-ubuntu22_x86_64-7.3.2-20220804-6354275  User: oesteban  Machine: dna086  Platform: Linux  PlatformVersion: 5.14.0-427.37.1.el9_4.x86_64  CompilerName: GCC  CompilerVersion: 8.4.0
ProgramName: mri_fuse_segmentations  ProgramArguments: mri_fuse_segmentations -all-info  ProgramVersion: 7.3.2  TimeStamp: 2026/03/12-09:10:00-GMT  BuildTime: Aug  4 2022 06:17:15  BuildStamp: freesurfer-linux-ubuntu22_x86_64-7.3.2-20220804-6354275  User: oesteban  Machine: dna086  Platform: Linux  PlatformVersion: 5.14.0-427.37.1.el9_4.x86_64  CompilerName: GCC  CompilerVersion: 8.4.0
ProgramName: mri_fwhm  ProgramArguments: mri_fwhm -all-info  ProgramVersion: 7.3.2  TimeStamp: 2026/03/12-09:10:00-GMT  BuildTime: Aug  4 2022 06:17:15  BuildStamp: freesurfer-linux-ubuntu22_x86_64-7.3.2-20220804-6354275  User: oesteban  Machine: dna086  Platform: Linux  PlatformVersion: 5.14.0-427.37.1.el9_4.x86_64  CompilerName: GCC  CompilerVersion: 8.4.0
ProgramName: mri_gcut  ProgramArguments: mri_gcut -all-info  ProgramVersion: 7.3.2  TimeStamp: 2026/03/12-09:10:00-GMT  BuildTime: Aug  4 2022 06:17:15  BuildStamp: freesurfer-linux-ubuntu22_x86_64-7.3.2-20220804-6354275  User: oesteban  Machine: dna086  Platform: Linux  PlatformVersion: 5.14.0-427.37.1.el9_4.x86_64  CompilerName: GCC  CompilerVersion: 8.4.0
ProgramName: mri_info  ProgramArguments: mri_info -all-info  ProgramVersion: 7.3.2  TimeStamp: 2026/03/12-09:10:00-GMT  BuildTime: Aug  4 2022 06:17:15  BuildStamp: freesurfer-linux-ubuntu22_x86_64-7.3.2-20220804-6354275  User: oesteban  Machine: dna086  Platform: Linux  PlatformVersion: 5.14.0-427.37.1.el9_4.x86_64  CompilerName: GCC  CompilerVersion: 8.4.0
ProgramName: mri_label2label  ProgramArguments: mri_label2label -all-info  ProgramVersion: 7.3.2  TimeStamp: 2026/03/12-09:10:00-GMT  BuildTime: Aug  4 2022 06:17:15  BuildStamp: freesurfer-linux-ubuntu22_x86_64-7.3.2-20220804-6354275  User: oesteban  Machine: dna086  Platform: Linux  PlatformVersion: 5.14.0-427.37.1.el9_4.x86_64  CompilerName: GCC  CompilerVersion: 8.4.0
ProgramName: mri_label2vol  ProgramArguments: mri_label2vol -all-info  ProgramVersion: 7.3.2  TimeStamp: 2026/03/12-09:10:00-GMT  BuildTime: Aug  4 2022 06:17:15  BuildStamp: freesurfer-linux-ubuntu22_x86_64-7.3.2-20220804-6354275  User: oesteban  Machine: dna086  Platform: Linux  PlatformVersion: 5.14.0-427.37.1.el9_4.x86_64  CompilerName: GCC  CompilerVersion: 8.4.0
ProgramName: mri_log_likelihood  ProgramArguments: mri_log_likelihood -all-info  ProgramVersion: 7.3.2  TimeStamp: 2026/03/12-09:10:00-GMT  BuildTime: Aug  4 2022 06:17:15  BuildStamp: freesurfer-linux-ubuntu22_x86_64-7.3.2-20220804-6354275  User: oesteban  Machine: dna086  Platform: Linux  PlatformVersion: 5.14.0-427.37.1.el9_4.x86_64  CompilerName: GCC  CompilerVersion: 8.4.0
ProgramName: mri_mask  ProgramArguments: mri_mask -all-info  ProgramVersion: 7.3.2  TimeStamp: 2026/03/12-09:10:00-GMT  BuildTime: Aug  4 2022 06:17:15  BuildStamp: freesurfer-linux-ubuntu22_x86_64-7.3.2-20220804-6354275  User: oesteban  Machine: dna086  Platform: Linux  PlatformVersion: 5.14.0-427.37.1.el9_4.x86_64  CompilerName: GCC  CompilerVersion: 8.4.0
ProgramName: mri_matrix_multiply  ProgramArguments: mri_matrix_multiply -all-info  ProgramVersion: 7.3.2  TimeStamp: 2026/03/12-09:10:00-GMT  BuildTime: Aug  4 2022 06:17:15  BuildStamp: freesurfer-linux-ubuntu22_x86_64-7.3.2-20220804-6354275  User: oesteban  Machine: dna086  Platform: Linux  PlatformVersion: 5.14.0-427.37.1.el9_4.x86_64  CompilerName: GCC  CompilerVersion: 8.4.0
ProgramName: mri_normalize  ProgramArguments: mri_normalize -all-info  ProgramVersion: 7.3.2  TimeStamp: 2026/03/12-09:10:00-GMT  BuildTime: Aug  4 2022 06:17:15  BuildStamp: freesurfer-linux-ubuntu22_x86_64-7.3.2-20220804-6354275  User: oesteban  Machine: dna086  Platform: Linux  PlatformVersion: 5.14.0-427.37.1.el9_4.x86_64  CompilerName: GCC  CompilerVersion: 8.4.0
ProgramName: mri_normalize_tp2  ProgramArguments: mri_normalize_tp2 -all-info  ProgramVersion: 7.3.2  TimeStamp: 2026/03/12-09:10:00-GMT  BuildTime: Aug  4 2022 06:17:15  BuildStamp: freesurfer-linux-ubuntu22_x86_64-7.3.2-20220804-6354275  User: oesteban  Machine: dna086  Platform: Linux  PlatformVersion: 5.14.0-427.37.1.el9_4.x86_64  CompilerName: GCC  CompilerVersion: 8.4.0
ProgramName: mri_or  ProgramArguments: mri_or -all-info  ProgramVersion: 7.3.2  TimeStamp: 2026/03/12-09:10:00-GMT  BuildTime: Aug  4 2022 06:17:15  BuildStamp: freesurfer-linux-ubuntu22_x86_64-7.3.2-20220804-6354275  User: oesteban  Machine: dna086  Platform: Linux  PlatformVersion: 5.14.0-427.37.1.el9_4.x86_64  CompilerName: GCC  CompilerVersion: 8.4.0
ProgramName: mri_relabel_hypointensities  ProgramArguments: mri_relabel_hypointensities -all-info  ProgramVersion: 7.3.2  TimeStamp: 2026/03/12-09:10:00-GMT  BuildTime: Aug  4 2022 06:17:15  BuildStamp: freesurfer-linux-ubuntu22_x86_64-7.3.2-20220804-6354275  User: oesteban  Machine: dna086  Platform: Linux  PlatformVersion: 5.14.0-427.37.1.el9_4.x86_64  CompilerName: GCC  CompilerVersion: 8.4.0
ProgramName: mri_relabel_nonwm_hypos  ProgramArguments: mri_relabel_nonwm_hypos -all-info  ProgramVersion: 7.3.2  TimeStamp: 2026/03/12-09:10:00-GMT  BuildTime: Aug  4 2022 06:17:15  BuildStamp: freesurfer-linux-ubuntu22_x86_64-7.3.2-20220804-6354275  User: oesteban  Machine: dna086  Platform: Linux  PlatformVersion: 5.14.0-427.37.1.el9_4.x86_64  CompilerName: GCC  CompilerVersion: 8.4.0
ProgramName: mri_remove_neck  ProgramArguments: mri_remove_neck -all-info  ProgramVersion: 7.3.2  TimeStamp: 2026/03/12-09:10:00-GMT  BuildTime: Aug  4 2022 06:17:15  BuildStamp: freesurfer-linux-ubuntu22_x86_64-7.3.2-20220804-6354275  User: oesteban  Machine: dna086  Platform: Linux  PlatformVersion: 5.14.0-427.37.1.el9_4.x86_64  CompilerName: GCC  CompilerVersion: 8.4.0
7.3.2

ProgramName: mri_robust_register  ProgramArguments: mri_robust_register -all-info  ProgramVersion: 7.3.2  TimeStamp: 2026/03/12-09:10:00-GMT  BuildTime: Aug  4 2022 06:17:15  BuildStamp: freesurfer-linux-ubuntu22_x86_64-7.3.2-20220804-6354275  User: oesteban  Machine: dna086  Platform: Linux  PlatformVersion: 5.14.0-427.37.1.el9_4.x86_64  CompilerName: GCC  CompilerVersion: 8.4.0
7.3.2

ProgramName: mri_robust_template  ProgramArguments: mri_robust_template -all-info  ProgramVersion: 7.3.2  TimeStamp: 2026/03/12-09:10:00-GMT  BuildTime: Aug  4 2022 06:17:15  BuildStamp: freesurfer-linux-ubuntu22_x86_64-7.3.2-20220804-6354275  User: oesteban  Machine: dna086  Platform: Linux  PlatformVersion: 5.14.0-427.37.1.el9_4.x86_64  CompilerName: GCC  CompilerVersion: 8.4.0
ProgramName: mris_anatomical_stats  ProgramArguments: mris_anatomical_stats -all-info  ProgramVersion: 7.3.2  TimeStamp: 2026/03/12-09:10:00-GMT  BuildTime: Aug  4 2022 06:17:15  BuildStamp: freesurfer-linux-ubuntu22_x86_64-7.3.2-20220804-6354275  User: oesteban  Machine: dna086  Platform: Linux  PlatformVersion: 5.14.0-427.37.1.el9_4.x86_64  CompilerName: GCC  CompilerVersion: 8.4.0
ProgramName: mris_ca_label  ProgramArguments: mris_ca_label -all-info  ProgramVersion: 7.3.2  TimeStamp: 2026/03/12-09:10:00-GMT  BuildTime: Aug  4 2022 06:17:15  BuildStamp: freesurfer-linux-ubuntu22_x86_64-7.3.2-20220804-6354275  User: oesteban  Machine: dna086  Platform: Linux  PlatformVersion: 5.14.0-427.37.1.el9_4.x86_64  CompilerName: GCC  CompilerVersion: 8.4.0
ProgramName: mris_calc  ProgramArguments: mris_calc -all-info  ProgramVersion: 7.3.2  TimeStamp: 2026/03/12-09:10:00-GMT  BuildTime: Aug  4 2022 06:17:15  BuildStamp: freesurfer-linux-ubuntu22_x86_64-7.3.2-20220804-6354275  User: oesteban  Machine: dna086  Platform: Linux  PlatformVersion: 5.14.0-427.37.1.el9_4.x86_64  CompilerName: GCC  CompilerVersion: 8.4.0
ProgramName: mris_convert  ProgramArguments: mris_convert -all-info  ProgramVersion: 7.3.2  TimeStamp: 2026/03/12-09:10:00-GMT  BuildTime: Aug  4 2022 06:17:15  BuildStamp: freesurfer-linux-ubuntu22_x86_64-7.3.2-20220804-6354275  User: oesteban  Machine: dna086  Platform: Linux  PlatformVersion: 5.14.0-427.37.1.el9_4.x86_64  CompilerName: GCC  CompilerVersion: 8.4.0
ProgramName: mris_curvature  ProgramArguments: mris_curvature -all-info  ProgramVersion: 7.3.2  TimeStamp: 2026/03/12-09:10:00-GMT  BuildTime: Aug  4 2022 06:17:15  BuildStamp: freesurfer-linux-ubuntu22_x86_64-7.3.2-20220804-6354275  User: oesteban  Machine: dna086  Platform: Linux  PlatformVersion: 5.14.0-427.37.1.el9_4.x86_64  CompilerName: GCC  CompilerVersion: 8.4.0
ProgramName: mris_curvature_stats  ProgramArguments: mris_curvature_stats -all-info  ProgramVersion: 7.3.2  TimeStamp: 2026/03/12-09:10:00-GMT  BuildTime: Aug  4 2022 06:17:15  BuildStamp: freesurfer-linux-ubuntu22_x86_64-7.3.2-20220804-6354275  User: oesteban  Machine: dna086  Platform: Linux  PlatformVersion: 5.14.0-427.37.1.el9_4.x86_64  CompilerName: GCC  CompilerVersion: 8.4.0
ProgramName: mris_diff  ProgramArguments: mris_diff -all-info  ProgramVersion: 7.3.2  TimeStamp: 2026/03/12-09:10:00-GMT  BuildTime: Aug  4 2022 06:17:15  BuildStamp: freesurfer-linux-ubuntu22_x86_64-7.3.2-20220804-6354275  User: oesteban  Machine: dna086  Platform: Linux  PlatformVersion: 5.14.0-427.37.1.el9_4.x86_64  CompilerName: GCC  CompilerVersion: 8.4.0
ProgramName: mris_divide_parcellation  ProgramArguments: mris_divide_parcellation -all-info  ProgramVersion: 7.3.2  TimeStamp: 2026/03/12-09:10:00-GMT  BuildTime: Aug  4 2022 06:17:15  BuildStamp: freesurfer-linux-ubuntu22_x86_64-7.3.2-20220804-6354275  User: oesteban  Machine: dna086  Platform: Linux  PlatformVersion: 5.14.0-427.37.1.el9_4.x86_64  CompilerName: GCC  CompilerVersion: 8.4.0
ProgramName: mri_segment  ProgramArguments: mri_segment -all-info  ProgramVersion: 7.3.2  TimeStamp: 2026/03/12-09:10:00-GMT  BuildTime: Aug  4 2022 06:17:15  BuildStamp: freesurfer-linux-ubuntu22_x86_64-7.3.2-20220804-6354275  User: oesteban  Machine: dna086  Platform: Linux  PlatformVersion: 5.14.0-427.37.1.el9_4.x86_64  CompilerName: GCC  CompilerVersion: 8.4.0
ProgramName: mri_segstats  ProgramArguments: mri_segstats -all-info  ProgramVersion: 7.3.2  TimeStamp: 2026/03/12-09:10:00-GMT  BuildTime: Aug  4 2022 06:17:15  BuildStamp: freesurfer-linux-ubuntu22_x86_64-7.3.2-20220804-6354275  User: oesteban  Machine: dna086  Platform: Linux  PlatformVersion: 5.14.0-427.37.1.el9_4.x86_64  CompilerName: GCC  CompilerVersion: 8.4.0
ProgramName: mris_euler_number  ProgramArguments: mris_euler_number -all-info  ProgramVersion: 7.3.2  TimeStamp: 2026/03/12-09:10:00-GMT  BuildTime: Aug  4 2022 06:17:15  BuildStamp: freesurfer-linux-ubuntu22_x86_64-7.3.2-20220804-6354275  User: oesteban  Machine: dna086  Platform: Linux  PlatformVersion: 5.14.0-427.37.1.el9_4.x86_64  CompilerName: GCC  CompilerVersion: 8.4.0
ProgramName: mris_fix_topology  ProgramArguments: mris_fix_topology -all-info  ProgramVersion: 7.3.2  TimeStamp: 2026/03/12-09:10:00-GMT  BuildTime: Aug  4 2022 06:17:15  BuildStamp: freesurfer-linux-ubuntu22_x86_64-7.3.2-20220804-6354275  User: oesteban  Machine: dna086  Platform: Linux  PlatformVersion: 5.14.0-427.37.1.el9_4.x86_64  CompilerName: GCC  CompilerVersion: 8.4.0
ProgramName: mris_topo_fixer  ProgramArguments: mris_topo_fixer -all-info  ProgramVersion: 7.3.2  TimeStamp: 2026/03/12-09:10:00-GMT  BuildTime: Aug  4 2022 06:17:15  BuildStamp: freesurfer-linux-ubuntu22_x86_64-7.3.2-20220804-6354275  User: oesteban  Machine: dna086  Platform: Linux  PlatformVersion: 5.14.0-427.37.1.el9_4.x86_64  CompilerName: GCC  CompilerVersion: 8.4.0
ProgramName: mris_jacobian  ProgramArguments: mris_jacobian -all-info  ProgramVersion: 7.3.2  TimeStamp: 2026/03/12-09:10:00-GMT  BuildTime: Aug  4 2022 06:17:15  BuildStamp: freesurfer-linux-ubuntu22_x86_64-7.3.2-20220804-6354275  User: oesteban  Machine: dna086  Platform: Linux  PlatformVersion: 5.14.0-427.37.1.el9_4.x86_64  CompilerName: GCC  CompilerVersion: 8.4.0
ProgramName: mris_label2annot  ProgramArguments: mris_label2annot -all-info  ProgramVersion: 7.3.2  TimeStamp: 2026/03/12-09:10:00-GMT  BuildTime: Aug  4 2022 06:17:15  BuildStamp: freesurfer-linux-ubuntu22_x86_64-7.3.2-20220804-6354275  User: oesteban  Machine: dna086  Platform: Linux  PlatformVersion: 5.14.0-427.37.1.el9_4.x86_64  CompilerName: GCC  CompilerVersion: 8.4.0
ProgramName: mris_left_right_register  ProgramArguments: mris_left_right_register -all-info  ProgramVersion: 7.3.2  TimeStamp: 2026/03/12-09:10:00-GMT  BuildTime: Aug  4 2022 06:17:15  BuildStamp: freesurfer-linux-ubuntu22_x86_64-7.3.2-20220804-6354275  User: oesteban  Machine: dna086  Platform: Linux  PlatformVersion: 5.14.0-427.37.1.el9_4.x86_64  CompilerName: GCC  CompilerVersion: 8.4.0
ProgramName: mris_place_surface  ProgramArguments: mris_place_surface -all-info  ProgramVersion: 7.3.2  TimeStamp: 2026/03/12-09:10:00-GMT  BuildTime: Aug  4 2022 06:17:15  BuildStamp: freesurfer-linux-ubuntu22_x86_64-7.3.2-20220804-6354275  User: oesteban  Machine: dna086  Platform: Linux  PlatformVersion: 5.14.0-427.37.1.el9_4.x86_64  CompilerName: GCC  CompilerVersion: 8.4.0
ProgramName: mrisp_paint  ProgramArguments: mrisp_paint -all-info  ProgramVersion: 7.3.2  TimeStamp: 2026/03/12-09:10:00-GMT  BuildTime: Aug  4 2022 06:17:15  BuildStamp: freesurfer-linux-ubuntu22_x86_64-7.3.2-20220804-6354275  User: oesteban  Machine: dna086  Platform: Linux  PlatformVersion: 5.14.0-427.37.1.el9_4.x86_64  CompilerName: GCC  CompilerVersion: 8.4.0
ProgramName: mris_register  ProgramArguments: mris_register -all-info  ProgramVersion: 7.3.2  TimeStamp: 2026/03/12-09:10:00-GMT  BuildTime: Aug  4 2022 06:17:15  BuildStamp: freesurfer-linux-ubuntu22_x86_64-7.3.2-20220804-6354275  User: oesteban  Machine: dna086  Platform: Linux  PlatformVersion: 5.14.0-427.37.1.el9_4.x86_64  CompilerName: GCC  CompilerVersion: 8.4.0
ProgramName: mris_smooth  ProgramArguments: mris_smooth -all-info  ProgramVersion: 7.3.2  TimeStamp: 2026/03/12-09:10:00-GMT  BuildTime: Aug  4 2022 06:17:15  BuildStamp: freesurfer-linux-ubuntu22_x86_64-7.3.2-20220804-6354275  User: oesteban  Machine: dna086  Platform: Linux  PlatformVersion: 5.14.0-427.37.1.el9_4.x86_64  CompilerName: GCC  CompilerVersion: 8.4.0
ProgramName: mris_sphere  ProgramArguments: mris_sphere -all-info  ProgramVersion: 7.3.2  TimeStamp: 2026/03/12-09:10:00-GMT  BuildTime: Aug  4 2022 06:17:15  BuildStamp: freesurfer-linux-ubuntu22_x86_64-7.3.2-20220804-6354275  User: oesteban  Machine: dna086  Platform: Linux  PlatformVersion: 5.14.0-427.37.1.el9_4.x86_64  CompilerName: GCC  CompilerVersion: 8.4.0
ProgramName: mris_surface_stats  ProgramArguments: mris_surface_stats -all-info  ProgramVersion: 7.3.2  TimeStamp: 2026/03/12-09:10:00-GMT  BuildTime: Aug  4 2022 06:17:15  BuildStamp: freesurfer-linux-ubuntu22_x86_64-7.3.2-20220804-6354275  User: oesteban  Machine: dna086  Platform: Linux  PlatformVersion: 5.14.0-427.37.1.el9_4.x86_64  CompilerName: GCC  CompilerVersion: 8.4.0
ProgramName: mri_stats2seg  ProgramArguments: mri_stats2seg -all-info  ProgramVersion: 7.3.2  TimeStamp: 2026/03/12-09:10:00-GMT  BuildTime: Aug  4 2022 06:17:15  BuildStamp: freesurfer-linux-ubuntu22_x86_64-7.3.2-20220804-6354275  User: oesteban  Machine: dna086  Platform: Linux  PlatformVersion: 5.14.0-427.37.1.el9_4.x86_64  CompilerName: GCC  CompilerVersion: 8.4.0
ProgramName: mris_thickness  ProgramArguments: mris_thickness -all-info  ProgramVersion: 7.3.2  TimeStamp: 2026/03/12-09:10:00-GMT  BuildTime: Aug  4 2022 06:17:15  BuildStamp: freesurfer-linux-ubuntu22_x86_64-7.3.2-20220804-6354275  User: oesteban  Machine: dna086  Platform: Linux  PlatformVersion: 5.14.0-427.37.1.el9_4.x86_64  CompilerName: GCC  CompilerVersion: 8.4.0
ProgramName: mris_thickness_diff  ProgramArguments: mris_thickness_diff -all-info  ProgramVersion: 7.3.2  TimeStamp: 2026/03/12-09:10:00-GMT  BuildTime: Aug  4 2022 06:17:15  BuildStamp: freesurfer-linux-ubuntu22_x86_64-7.3.2-20220804-6354275  User: oesteban  Machine: dna086  Platform: Linux  PlatformVersion: 5.14.0-427.37.1.el9_4.x86_64  CompilerName: GCC  CompilerVersion: 8.4.0
ProgramName: mris_topo_fixer  ProgramArguments: mris_topo_fixer -all-info  ProgramVersion: 7.3.2  TimeStamp: 2026/03/12-09:10:00-GMT  BuildTime: Aug  4 2022 06:17:15  BuildStamp: freesurfer-linux-ubuntu22_x86_64-7.3.2-20220804-6354275  User: oesteban  Machine: dna086  Platform: Linux  PlatformVersion: 5.14.0-427.37.1.el9_4.x86_64  CompilerName: GCC  CompilerVersion: 8.4.0
ProgramName: mri_surf2surf  ProgramArguments: mri_surf2surf -all-info  ProgramVersion: 7.3.2  TimeStamp: 2026/03/12-09:10:00-GMT  BuildTime: Aug  4 2022 06:17:15  BuildStamp: freesurfer-linux-ubuntu22_x86_64-7.3.2-20220804-6354275  User: oesteban  Machine: dna086  Platform: Linux  PlatformVersion: 5.14.0-427.37.1.el9_4.x86_64  CompilerName: GCC  CompilerVersion: 8.4.0
ProgramName: mri_surf2vol  ProgramArguments: mri_surf2vol -all-info  ProgramVersion: 7.3.2  TimeStamp: 2026/03/12-09:10:00-GMT  BuildTime: Aug  4 2022 06:17:15  BuildStamp: freesurfer-linux-ubuntu22_x86_64-7.3.2-20220804-6354275  User: oesteban  Machine: dna086  Platform: Linux  PlatformVersion: 5.14.0-427.37.1.el9_4.x86_64  CompilerName: GCC  CompilerVersion: 8.4.0
ProgramName: mri_surfcluster  ProgramArguments: mri_surfcluster -all-info  ProgramVersion: 7.3.2  TimeStamp: 2026/03/12-09:10:00-GMT  BuildTime: Aug  4 2022 06:17:15  BuildStamp: freesurfer-linux-ubuntu22_x86_64-7.3.2-20220804-6354275  User: oesteban  Machine: dna086  Platform: Linux  PlatformVersion: 5.14.0-427.37.1.el9_4.x86_64  CompilerName: GCC  CompilerVersion: 8.4.0
ProgramName: mris_volmask  ProgramArguments: mris_volmask -all-info  ProgramVersion: 7.3.2  TimeStamp: 2026/03/12-09:10:00-GMT  BuildTime: Aug  4 2022 06:17:15  BuildStamp: freesurfer-linux-ubuntu22_x86_64-7.3.2-20220804-6354275  User: oesteban  Machine: dna086  Platform: Linux  PlatformVersion: 5.14.0-427.37.1.el9_4.x86_64  CompilerName: GCC  CompilerVersion: 8.4.0
ProgramName: mri_tessellate  ProgramArguments: mri_tessellate -all-info  ProgramVersion: 7.3.2  TimeStamp: 2026/03/12-09:10:00-GMT  BuildTime: Aug  4 2022 06:17:15  BuildStamp: freesurfer-linux-ubuntu22_x86_64-7.3.2-20220804-6354275  User: oesteban  Machine: dna086  Platform: Linux  PlatformVersion: 5.14.0-427.37.1.el9_4.x86_64  CompilerName: GCC  CompilerVersion: 8.4.0
ProgramName: mri_vol2surf  ProgramArguments: mri_vol2surf -all-info  ProgramVersion: 7.3.2  TimeStamp: 2026/03/12-09:10:00-GMT  BuildTime: Aug  4 2022 06:17:15  BuildStamp: freesurfer-linux-ubuntu22_x86_64-7.3.2-20220804-6354275  User: oesteban  Machine: dna086  Platform: Linux  PlatformVersion: 5.14.0-427.37.1.el9_4.x86_64  CompilerName: GCC  CompilerVersion: 8.4.0
ProgramName: mri_vol2vol  ProgramArguments: mri_vol2vol -all-info  ProgramVersion: 7.3.2  TimeStamp: 2026/03/12-09:10:00-GMT  BuildTime: Aug  4 2022 06:17:15  BuildStamp: freesurfer-linux-ubuntu22_x86_64-7.3.2-20220804-6354275  User: oesteban  Machine: dna086  Platform: Linux  PlatformVersion: 5.14.0-427.37.1.el9_4.x86_64  CompilerName: GCC  CompilerVersion: 8.4.0
ProgramName: mri_voldiff  ProgramArguments: mri_voldiff -all-info  ProgramVersion: 7.3.2  TimeStamp: 2026/03/12-09:10:00-GMT  BuildTime: Aug  4 2022 06:17:15  BuildStamp: freesurfer-linux-ubuntu22_x86_64-7.3.2-20220804-6354275  User: oesteban  Machine: dna086  Platform: Linux  PlatformVersion: 5.14.0-427.37.1.el9_4.x86_64  CompilerName: GCC  CompilerVersion: 8.4.0
ProgramName: mri_watershed  ProgramArguments: mri_watershed -all-info  ProgramVersion: 7.3.2  TimeStamp: 2026/03/12-09:10:00-GMT  BuildTime: Aug  4 2022 06:17:15  BuildStamp: freesurfer-linux-ubuntu22_x86_64-7.3.2-20220804-6354275  User: oesteban  Machine: dna086  Platform: Linux  PlatformVersion: 5.14.0-427.37.1.el9_4.x86_64  CompilerName: GCC  CompilerVersion: 8.4.0
ProgramName: tkregister2  ProgramArguments: tkregister2_cmdl -all-info  ProgramVersion: 7.3.2  TimeStamp: 2026/03/12-09:10:00-GMT  BuildTime: Aug  4 2022 06:17:15  BuildStamp: freesurfer-linux-ubuntu22_x86_64-7.3.2-20220804-6354275  User: oesteban  Machine: dna086  Platform: Linux  PlatformVersion: 5.14.0-427.37.1.el9_4.x86_64  CompilerName: GCC  CompilerVersion: 8.4.0
mri_motion_correct.fsl 7.3.2
mri_convert -all-info 
ProgramName: mri_convert  ProgramArguments: mri_convert -all-info  ProgramVersion: 7.3.2  TimeStamp: 2026/03/12-09:10:00-GMT  BuildTime: Aug  4 2022 06:17:15  BuildStamp: freesurfer-linux-ubuntu22_x86_64-7.3.2-20220804-6354275  User: oesteban  Machine: dna086  Platform: Linux  PlatformVersion: 5.14.0-427.37.1.el9_4.x86_64  CompilerName: GCC  CompilerVersion: 8.4.0
Program nu_correct, built from:
Package MNI N3, version 1.12.0, compiled by nicks@terrier (x86_64-unknown-linux-gnu) on 2015-06-19 at 01:25:34
#######################################
GCADIR /opt/freesurfer/average
GCA RB_all_2020-01-02.gca
GCASkull RB_all_withskull_2020_01_02.gca
AvgCurvTif folding.atlas.acfb40.noaparc.i12.2016-08-02.tif
GCSDIR /opt/freesurfer/average
GCS DKaparc.atlas.acfb40.noaparc.i12.2016-08-02.gcs
#######################################
#-------------------------------------
#@# EM Registration Thu Mar 12 10:10:00 CET 2026
/out/sourcedata/freesurfer/sub-v1s11x0050146_ses-1/mri

 mri_em_register -uns 3 -mask brainmask.mgz nu.mgz /opt/freesurfer/average/RB_all_2020-01-02.gca transforms/talairach.lta 

setting unknown_nbr_spacing = 3
using MR volume brainmask.mgz to mask input volume...

== Number of threads available to mri_em_register for OpenMP = 16 == 
reading 1 input volumes...
logging results to talairach.log
reading '/opt/freesurfer/average/RB_all_2020-01-02.gca'...
GCAread took 0 minutes and 1 seconds.
average std = 7.2   using min determinant for regularization = 5.2
0 singular and 884 ill-conditioned covariance matrices regularized
reading 'nu.mgz'...
MRImask(): AllowDiffGeom = 1
MRImask(): AllowDiffGeom = 1
MRImask(): AllowDiffGeom = 1
MRImask(): AllowDiffGeom = 1
MRImask(): AllowDiffGeom = 1
freeing gibbs priors...done.
accounting for voxel sizes in initial transform
bounding unknown intensity as < 5.9 or > 519.0 
total sample mean = 79.1 (1017 zeros)
************************************************
spacing=8, using 2841 sample points, tol=1.00e-05...
************************************************
register_mri: find_optimal_transform
find_optimal_transform: nsamples 2841, passno 0, spacing 8
resetting wm mean[0]: 98 --> 107
resetting gm mean[0]: 61 --> 61
input volume #1 is the most T1-like
using real data threshold=26.9
skull bounding box = (61, 51, 32) --> (194, 182, 205)
finding center of left hemi white matter
using (105, 95, 119) as brain centroid of Right_Cerebral_White_Matter...
MRImask(): AllowDiffGeom = 1
mean wm in atlas = 107, using box (89,79,98) --> (121, 111,140) to find MRI wm
before smoothing, mri peak at 105
robust fit to distribution - 107 +- 4.1
after smoothing, mri peak at 106, scaling input intensities by 1.009
scaling channel 0 by 1.00943
initial log_p = -3.688
************************************************
First Search limited to translation only.
************************************************
max log p =    -3.706683 @ (0.000, 0.000, 0.000)
max log p =    -3.622808 @ (-5.263, 5.263, -5.263)
max log p =    -3.558701 @ (2.632, -2.632, -2.632)
max log p =    -3.549601 @ (1.316, 1.316, 1.316)
max log p =    -3.536129 @ (-0.658, -0.658, -0.658)
max log p =    -3.536129 @ (0.000, 0.000, 0.000)
max log p =    -3.536129 @ (0.000, 0.000, 0.000)
max log p =    -3.536129 @ (0.000, 0.000, 0.000)
Found translation: (-2.0, 3.3, -7.2): log p = -3.536
****************************************
Nine parameter search.  iteration 0 nscales = 0 ...
****************************************
Result so far: scale 1.000: max_log_p=-3.478, old_max_log_p =-3.536 (thresh=-3.5)
 1.05669  -0.14032  -0.13912   22.67576;
 0.13912   1.06580  -0.01831  -20.19512;
 0.12074   0.00000   0.91709  -13.44397;
 0.00000   0.00000   0.00000   1.00000;
iteration took 0 minutes and 7 seconds.
****************************************
Nine parameter search.  iteration 1 nscales = 0 ...
****************************************
Result so far: scale 1.000: max_log_p=-3.478, old_max_log_p =-3.478 (thresh=-3.5)
 1.05669  -0.14032  -0.13912   22.67576;
 0.13912   1.06580  -0.01831  -20.19512;
 0.12074   0.00000   0.91709  -13.44397;
 0.00000   0.00000   0.00000   1.00000;
reducing scale to 0.2500
iteration took 0 minutes and 8 seconds.
****************************************
Nine parameter search.  iteration 2 nscales = 1 ...
****************************************
Result so far: scale 0.250: max_log_p=-3.273, old_max_log_p =-3.478 (thresh=-3.5)
 1.04595  -0.10764  -0.07603   15.03540;
 0.11400   1.08770   0.04509  -26.64391;
 0.04361  -0.06264   0.95809   2.88630;
 0.00000   0.00000   0.00000   1.00000;
iteration took 0 minutes and 7 seconds.
****************************************
Nine parameter search.  iteration 3 nscales = 1 ...
****************************************
Result so far: scale 0.250: max_log_p=-3.272, old_max_log_p =-3.273 (thresh=-3.3)
 1.04991  -0.07524  -0.04218   5.20290;
 0.08105   1.08811   0.07784  -27.95618;
 0.00571  -0.09640   0.97604   7.78784;
 0.00000   0.00000   0.00000   1.00000;
reducing scale to 0.0625
iteration took 0 minutes and 8 seconds.
****************************************
Nine parameter search.  iteration 4 nscales = 2 ...
****************************************
Result so far: scale 0.062: max_log_p=-3.236, old_max_log_p =-3.272 (thresh=-3.3)
 1.05405  -0.04863  -0.04028   2.72437;
 0.05546   1.09349   0.07886  -24.47801;
 0.00581  -0.09600   0.97491   8.80762;
 0.00000   0.00000   0.00000   1.00000;
iteration took 0 minutes and 7 seconds.
****************************************
Nine parameter search.  iteration 5 nscales = 2 ...
****************************************
Result so far: scale 0.062: max_log_p=-3.228, old_max_log_p =-3.236 (thresh=-3.2)
 1.05529  -0.04955  -0.03233   1.33088;
 0.05563   1.09523   0.08704  -25.60241;
-0.00326  -0.10479   0.97681   10.31291;
 0.00000   0.00000   0.00000   1.00000;
iteration took 0 minutes and 7 seconds.
****************************************
Nine parameter search.  iteration 6 nscales = 2 ...
****************************************
Result so far: scale 0.062: max_log_p=-3.227, old_max_log_p =-3.228 (thresh=-3.2)
 1.05653  -0.04961  -0.03237   1.18385;
 0.05563   1.09523   0.08704  -25.60241;
-0.00326  -0.10479   0.97681   10.31291;
 0.00000   0.00000   0.00000   1.00000;
min search scale 0.025000 reached
***********************************************
Computing MAP estimate using 2841 samples...
***********************************************
dt = 5.00e-06, momentum=0.80, tol=1.00e-05
l_intensity = 1.0000
Aligning input volume to GCA...
Transform matrix
 1.05653  -0.04961  -0.03237   1.18385;
 0.05563   1.09523   0.08704  -25.60241;
-0.00326  -0.10479   0.97681   10.31291;
 0.00000   0.00000   0.00000   1.00000;
nsamples 2841
Quasinewton: input matrix
 1.05653  -0.04961  -0.03237   1.18385;
 0.05563   1.09523   0.08704  -25.60241;
-0.00326  -0.10479   0.97681   10.31291;
 0.00000   0.00000   0.00000   1.00000;
 IFLAG= -1  LINE SEARCH FAILED. SEE DOCUMENTATION OF ROUTINE MCSRCH ERROR RETURN OF LINE SEARCH: INFO= 3 POSSIBLE CAUSES: FUNCTION OR GRADIENT ARE INCORRECT OR INCORRECT TOLERANCESoutof QuasiNewtonEMA: 009: -log(p) =   -0.0  tol 0.000010
Resulting transform:
 1.05653  -0.04961  -0.03237   1.18385;
 0.05563   1.09523   0.08704  -25.60241;
-0.00326  -0.10479   0.97681   10.31291;
 0.00000   0.00000   0.00000   1.00000;

pass 1, spacing 8: log(p) = -3.227 (old=-3.688)
transform before final EM align:
 1.05653  -0.04961  -0.03237   1.18385;
 0.05563   1.09523   0.08704  -25.60241;
-0.00326  -0.10479   0.97681   10.31291;
 0.00000   0.00000   0.00000   1.00000;

**************************************************
 EM alignment process ...
 Computing final MAP estimate using 315638 samples. 
**************************************************
dt = 5.00e-06, momentum=0.80, tol=1.00e-07
l_intensity = 1.0000
Aligning input volume to GCA...
Transform matrix
 1.05653  -0.04961  -0.03237   1.18385;
 0.05563   1.09523   0.08704  -25.60241;
-0.00326  -0.10479   0.97681   10.31291;
 0.00000   0.00000   0.00000   1.00000;
nsamples 315638
Quasinewton: input matrix
 1.05653  -0.04961  -0.03237   1.18385;
 0.05563   1.09523   0.08704  -25.60241;
-0.00326  -0.10479   0.97681   10.31291;
 0.00000   0.00000   0.00000   1.00000;
 IFLAG= -1  LINE SEARCH FAILED. SEE DOCUMENTATION OF ROUTINE MCSRCH ERROR RETURN OF LINE SEARCH: INFO= 6 POSSIBLE CAUSES: FUNCTION OR GRADIENT ARE INCORRECT OR INCORRECT TOLERANCESoutof QuasiNewtonEMA: 011: -log(p) =    3.8  tol 0.000000
final transform:
 1.05653  -0.04961  -0.03237   1.18385;
 0.05563   1.09523   0.08704  -25.60241;
-0.00326  -0.10479   0.97681   10.31291;
 0.00000   0.00000   0.00000   1.00000;

writing output transformation to transforms/talairach.lta...
#VMPC# mri_em_register VmPeak  891288
FSRUNTIME@ mri_em_register  0.0205 hours 16 threads
registration took 1 minutes and 14 seconds.

Started at Thu Mar 12 10:10:00 CET 2026 
Ended   at Thu Mar 12 10:11:14 CET 2026
#@#%# recon-all-run-time-hours 0.021
recon-all -s sub-v1s11x0050146_ses-1 finished without error at Thu Mar 12 10:11:14 CET 2026



#New# invocation of recon-all 




Thu Mar 12 10:11:17 CET 2026
cd /out/sourcedata/freesurfer/sub-v1s11x0050146_ses-1
setenv SUBJECTS_DIR /out/sourcedata/freesurfer
/opt/freesurfer/bin/recon-all -autorecon2-volonly -openmp 16 -subjid sub-v1s11x0050146_ses-1 -sd /out/sourcedata/freesurfer -nogcareg

subjid sub-v1s11x0050146_ses-1
setenv SUBJECTS_DIR /out/sourcedata/freesurfer
FREESURFER_HOME /opt/freesurfer
Actual FREESURFER_HOME /opt/freesurfer
build-stamp.txt: freesurfer-linux-ubuntu22_x86_64-7.3.2-20220804-6354275
Linux dna086 5.14.0-427.37.1.el9_4.x86_64 #1 SMP PREEMPT_DYNAMIC Fri Sep 13 12:41:50 EDT 2024 x86_64 x86_64 x86_64 GNU/Linux
cputime      unlimited
filesize     unlimited
datasize     unlimited
stacksize    8192 kbytes
coredumpsize 0 kbytes
memoryuse    67108864 kbytes
vmemoryuse   unlimited
descriptors  1024 
memorylocked unlimited
maxproc      2061970 
maxlocks     unlimited
maxsignal    2062024 
maxmessage   819200 
maxnice      0 
maxrtprio    0 
maxrttime    unlimited

               total        used        free      shared  buff/cache   available
Mem:           503Gi        63Gi       388Gi        18Gi        51Gi       418Gi
Swap:             0B          0B          0B

########################################
program versions used
7.3.2 (freesurfer-linux-ubuntu22_x86_64-7.3.2-20220804-6354275)
7.3.2

ProgramName: lta_convert  ProgramArguments: lta_convert -all-info  ProgramVersion: 7.3.2  TimeStamp: 2026/03/12-09:11:17-GMT  BuildTime: Aug  4 2022 06:17:15  BuildStamp: freesurfer-linux-ubuntu22_x86_64-7.3.2-20220804-6354275  User: oesteban  Machine: dna086  Platform: Linux  PlatformVersion: 5.14.0-427.37.1.el9_4.x86_64  CompilerName: GCC  CompilerVersion: 8.4.0
ProgramName: mri_and  ProgramArguments: mri_and -all-info  ProgramVersion: 7.3.2  TimeStamp: 2026/03/12-09:11:17-GMT  BuildTime: Aug  4 2022 06:17:15  BuildStamp: freesurfer-linux-ubuntu22_x86_64-7.3.2-20220804-6354275  User: oesteban  Machine: dna086  Platform: Linux  PlatformVersion: 5.14.0-427.37.1.el9_4.x86_64  CompilerName: GCC  CompilerVersion: 8.4.0
ProgramName: mri_annotation2label  ProgramArguments: mri_annotation2label -all-info  ProgramVersion: 7.3.2  TimeStamp: 2026/03/12-09:11:17-GMT  BuildTime: Aug  4 2022 06:17:15  BuildStamp: freesurfer-linux-ubuntu22_x86_64-7.3.2-20220804-6354275  User: oesteban  Machine: dna086  Platform: Linux  PlatformVersion: 5.14.0-427.37.1.el9_4.x86_64  CompilerName: GCC  CompilerVersion: 8.4.0
ProgramName: mri_aparc2aseg  ProgramArguments: mri_aparc2aseg -all-info  ProgramVersion: 7.3.2  TimeStamp: 2026/03/12-09:11:17-GMT  BuildTime: Aug  4 2022 06:17:15  BuildStamp: freesurfer-linux-ubuntu22_x86_64-7.3.2-20220804-6354275  User: oesteban  Machine: dna086  Platform: Linux  PlatformVersion: 5.14.0-427.37.1.el9_4.x86_64  CompilerName: GCC  CompilerVersion: 8.4.0
ProgramName: mri_surf2volseg  ProgramArguments: mri_surf2volseg -all-info  ProgramVersion: 7.3.2  TimeStamp: 2026/03/12-09:11:17-GMT  BuildTime: Aug  4 2022 06:17:15  BuildStamp: freesurfer-linux-ubuntu22_x86_64-7.3.2-20220804-6354275  User: oesteban  Machine: dna086  Platform: Linux  PlatformVersion: 5.14.0-427.37.1.el9_4.x86_64  CompilerName: GCC  CompilerVersion: 8.4.0
ProgramName: mri_binarize  ProgramArguments: mri_binarize -all-info  ProgramVersion: 7.3.2  TimeStamp: 2026/03/12-09:11:17-GMT  BuildTime: Aug  4 2022 06:17:15  BuildStamp: freesurfer-linux-ubuntu22_x86_64-7.3.2-20220804-6354275  User: oesteban  Machine: dna086  Platform: Linux  PlatformVersion: 5.14.0-427.37.1.el9_4.x86_64  CompilerName: GCC  CompilerVersion: 8.4.0
ProgramName: mri_ca_label  ProgramArguments: mri_ca_label -all-info  ProgramVersion: 7.3.2  TimeStamp: 2026/03/12-09:11:17-GMT  BuildTime: Aug  4 2022 06:17:15  BuildStamp: freesurfer-linux-ubuntu22_x86_64-7.3.2-20220804-6354275  User: oesteban  Machine: dna086  Platform: Linux  PlatformVersion: 5.14.0-427.37.1.el9_4.x86_64  CompilerName: GCC  CompilerVersion: 8.4.0
ProgramName: mri_ca_normalize  ProgramArguments: mri_ca_normalize -all-info  ProgramVersion: 7.3.2  TimeStamp: 2026/03/12-09:11:17-GMT  BuildTime: Aug  4 2022 06:17:15  BuildStamp: freesurfer-linux-ubuntu22_x86_64-7.3.2-20220804-6354275  User: oesteban  Machine: dna086  Platform: Linux  PlatformVersion: 5.14.0-427.37.1.el9_4.x86_64  CompilerName: GCC  CompilerVersion: 8.4.0
ProgramName: mri_ca_register  ProgramArguments: mri_ca_register -all-info  ProgramVersion: 7.3.2  TimeStamp: 2026/03/12-09:11:17-GMT  BuildTime: Aug  4 2022 06:17:15  BuildStamp: freesurfer-linux-ubuntu22_x86_64-7.3.2-20220804-6354275  User: oesteban  Machine: dna086  Platform: Linux  PlatformVersion: 5.14.0-427.37.1.el9_4.x86_64  CompilerName: GCC  CompilerVersion: 8.4.0
ProgramName: mri_cc  ProgramArguments: mri_cc -all-info  ProgramVersion: 7.3.2  TimeStamp: 2026/03/12-09:11:17-GMT  BuildTime: Aug  4 2022 06:17:15  BuildStamp: freesurfer-linux-ubuntu22_x86_64-7.3.2-20220804-6354275  User: oesteban  Machine: dna086  Platform: Linux  PlatformVersion: 5.14.0-427.37.1.el9_4.x86_64  CompilerName: GCC  CompilerVersion: 8.4.0
ProgramName: mri_compute_overlap  ProgramArguments: mri_compute_overlap -all-info  ProgramVersion: 7.3.2  TimeStamp: 2026/03/12-09:11:17-GMT  BuildTime: Aug  4 2022 06:17:15  BuildStamp: freesurfer-linux-ubuntu22_x86_64-7.3.2-20220804-6354275  User: oesteban  Machine: dna086  Platform: Linux  PlatformVersion: 5.14.0-427.37.1.el9_4.x86_64  CompilerName: GCC  CompilerVersion: 8.4.0
ProgramName: mri_compute_seg_overlap  ProgramArguments: mri_compute_seg_overlap -all-info  ProgramVersion: 7.3.2  TimeStamp: 2026/03/12-09:11:17-GMT  BuildTime: Aug  4 2022 06:17:15  BuildStamp: freesurfer-linux-ubuntu22_x86_64-7.3.2-20220804-6354275  User: oesteban  Machine: dna086  Platform: Linux  PlatformVersion: 5.14.0-427.37.1.el9_4.x86_64  CompilerName: GCC  CompilerVersion: 8.4.0
ProgramName: mri_concat  ProgramArguments: mri_concat -all-info  ProgramVersion: 7.3.2  TimeStamp: 2026/03/12-09:11:17-GMT  BuildTime: Aug  4 2022 06:17:15  BuildStamp: freesurfer-linux-ubuntu22_x86_64-7.3.2-20220804-6354275  User: oesteban  Machine: dna086  Platform: Linux  PlatformVersion: 5.14.0-427.37.1.el9_4.x86_64  CompilerName: GCC  CompilerVersion: 8.4.0
ProgramName: mri_concatenate_lta  ProgramArguments: mri_concatenate_lta -all-info  ProgramVersion: 7.3.2  TimeStamp: 2026/03/12-09:11:17-GMT  BuildTime: Aug  4 2022 06:17:15  BuildStamp: freesurfer-linux-ubuntu22_x86_64-7.3.2-20220804-6354275  User: oesteban  Machine: dna086  Platform: Linux  PlatformVersion: 5.14.0-427.37.1.el9_4.x86_64  CompilerName: GCC  CompilerVersion: 8.4.0
mri_convert -all-info 
ProgramName: mri_convert  ProgramArguments: mri_convert -all-info  ProgramVersion: 7.3.2  TimeStamp: 2026/03/12-09:11:17-GMT  BuildTime: Aug  4 2022 06:17:15  BuildStamp: freesurfer-linux-ubuntu22_x86_64-7.3.2-20220804-6354275  User: oesteban  Machine: dna086  Platform: Linux  PlatformVersion: 5.14.0-427.37.1.el9_4.x86_64  CompilerName: GCC  CompilerVersion: 8.4.0
ProgramName: mri_diff  ProgramArguments: mri_diff -all-info  ProgramVersion: 7.3.2  TimeStamp: 2026/03/12-09:11:17-GMT  BuildTime: Aug  4 2022 06:17:15  BuildStamp: freesurfer-linux-ubuntu22_x86_64-7.3.2-20220804-6354275  User: oesteban  Machine: dna086  Platform: Linux  PlatformVersion: 5.14.0-427.37.1.el9_4.x86_64  CompilerName: GCC  CompilerVersion: 8.4.0
ProgramName: mri_edit_wm_with_aseg  ProgramArguments: mri_edit_wm_with_aseg -all-info  ProgramVersion: 7.3.2  TimeStamp: 2026/03/12-09:11:17-GMT  BuildTime: Aug  4 2022 06:17:15  BuildStamp: freesurfer-linux-ubuntu22_x86_64-7.3.2-20220804-6354275  User: oesteban  Machine: dna086  Platform: Linux  PlatformVersion: 5.14.0-427.37.1.el9_4.x86_64  CompilerName: GCC  CompilerVersion: 8.4.0
ProgramName: mri_em_register  ProgramArguments: mri_em_register -all-info  ProgramVersion: 7.3.2  TimeStamp: 2026/03/12-09:11:17-GMT  BuildTime: Aug  4 2022 06:17:15  BuildStamp: freesurfer-linux-ubuntu22_x86_64-7.3.2-20220804-6354275  User: oesteban  Machine: dna086  Platform: Linux  PlatformVersion: 5.14.0-427.37.1.el9_4.x86_64  CompilerName: GCC  CompilerVersion: 8.4.0
ProgramName: mri_fill  ProgramArguments: mri_fill -all-info  ProgramVersion: 7.3.2  TimeStamp: 2026/03/12-09:11:17-GMT  BuildTime: Aug  4 2022 06:17:15  BuildStamp: freesurfer-linux-ubuntu22_x86_64-7.3.2-20220804-6354275  User: oesteban  Machine: dna086  Platform: Linux  PlatformVersion: 5.14.0-427.37.1.el9_4.x86_64  CompilerName: GCC  CompilerVersion: 8.4.0
ProgramName: mri_fuse_segmentations  ProgramArguments: mri_fuse_segmentations -all-info  ProgramVersion: 7.3.2  TimeStamp: 2026/03/12-09:11:17-GMT  BuildTime: Aug  4 2022 06:17:15  BuildStamp: freesurfer-linux-ubuntu22_x86_64-7.3.2-20220804-6354275  User: oesteban  Machine: dna086  Platform: Linux  PlatformVersion: 5.14.0-427.37.1.el9_4.x86_64  CompilerName: GCC  CompilerVersion: 8.4.0
ProgramName: mri_fwhm  ProgramArguments: mri_fwhm -all-info  ProgramVersion: 7.3.2  TimeStamp: 2026/03/12-09:11:17-GMT  BuildTime: Aug  4 2022 06:17:15  BuildStamp: freesurfer-linux-ubuntu22_x86_64-7.3.2-20220804-6354275  User: oesteban  Machine: dna086  Platform: Linux  PlatformVersion: 5.14.0-427.37.1.el9_4.x86_64  CompilerName: GCC  CompilerVersion: 8.4.0
ProgramName: mri_gcut  ProgramArguments: mri_gcut -all-info  ProgramVersion: 7.3.2  TimeStamp: 2026/03/12-09:11:17-GMT  BuildTime: Aug  4 2022 06:17:15  BuildStamp: freesurfer-linux-ubuntu22_x86_64-7.3.2-20220804-6354275  User: oesteban  Machine: dna086  Platform: Linux  PlatformVersion: 5.14.0-427.37.1.el9_4.x86_64  CompilerName: GCC  CompilerVersion: 8.4.0
ProgramName: mri_info  ProgramArguments: mri_info -all-info  ProgramVersion: 7.3.2  TimeStamp: 2026/03/12-09:11:17-GMT  BuildTime: Aug  4 2022 06:17:15  BuildStamp: freesurfer-linux-ubuntu22_x86_64-7.3.2-20220804-6354275  User: oesteban  Machine: dna086  Platform: Linux  PlatformVersion: 5.14.0-427.37.1.el9_4.x86_64  CompilerName: GCC  CompilerVersion: 8.4.0
ProgramName: mri_label2label  ProgramArguments: mri_label2label -all-info  ProgramVersion: 7.3.2  TimeStamp: 2026/03/12-09:11:17-GMT  BuildTime: Aug  4 2022 06:17:15  BuildStamp: freesurfer-linux-ubuntu22_x86_64-7.3.2-20220804-6354275  User: oesteban  Machine: dna086  Platform: Linux  PlatformVersion: 5.14.0-427.37.1.el9_4.x86_64  CompilerName: GCC  CompilerVersion: 8.4.0
ProgramName: mri_label2vol  ProgramArguments: mri_label2vol -all-info  ProgramVersion: 7.3.2  TimeStamp: 2026/03/12-09:11:17-GMT  BuildTime: Aug  4 2022 06:17:15  BuildStamp: freesurfer-linux-ubuntu22_x86_64-7.3.2-20220804-6354275  User: oesteban  Machine: dna086  Platform: Linux  PlatformVersion: 5.14.0-427.37.1.el9_4.x86_64  CompilerName: GCC  CompilerVersion: 8.4.0
ProgramName: mri_log_likelihood  ProgramArguments: mri_log_likelihood -all-info  ProgramVersion: 7.3.2  TimeStamp: 2026/03/12-09:11:17-GMT  BuildTime: Aug  4 2022 06:17:15  BuildStamp: freesurfer-linux-ubuntu22_x86_64-7.3.2-20220804-6354275  User: oesteban  Machine: dna086  Platform: Linux  PlatformVersion: 5.14.0-427.37.1.el9_4.x86_64  CompilerName: GCC  CompilerVersion: 8.4.0
ProgramName: mri_mask  ProgramArguments: mri_mask -all-info  ProgramVersion: 7.3.2  TimeStamp: 2026/03/12-09:11:17-GMT  BuildTime: Aug  4 2022 06:17:15  BuildStamp: freesurfer-linux-ubuntu22_x86_64-7.3.2-20220804-6354275  User: oesteban  Machine: dna086  Platform: Linux  PlatformVersion: 5.14.0-427.37.1.el9_4.x86_64  CompilerName: GCC  CompilerVersion: 8.4.0
ProgramName: mri_matrix_multiply  ProgramArguments: mri_matrix_multiply -all-info  ProgramVersion: 7.3.2  TimeStamp: 2026/03/12-09:11:17-GMT  BuildTime: Aug  4 2022 06:17:15  BuildStamp: freesurfer-linux-ubuntu22_x86_64-7.3.2-20220804-6354275  User: oesteban  Machine: dna086  Platform: Linux  PlatformVersion: 5.14.0-427.37.1.el9_4.x86_64  CompilerName: GCC  CompilerVersion: 8.4.0
ProgramName: mri_normalize  ProgramArguments: mri_normalize -all-info  ProgramVersion: 7.3.2  TimeStamp: 2026/03/12-09:11:17-GMT  BuildTime: Aug  4 2022 06:17:15  BuildStamp: freesurfer-linux-ubuntu22_x86_64-7.3.2-20220804-6354275  User: oesteban  Machine: dna086  Platform: Linux  PlatformVersion: 5.14.0-427.37.1.el9_4.x86_64  CompilerName: GCC  CompilerVersion: 8.4.0
ProgramName: mri_normalize_tp2  ProgramArguments: mri_normalize_tp2 -all-info  ProgramVersion: 7.3.2  TimeStamp: 2026/03/12-09:11:17-GMT  BuildTime: Aug  4 2022 06:17:15  BuildStamp: freesurfer-linux-ubuntu22_x86_64-7.3.2-20220804-6354275  User: oesteban  Machine: dna086  Platform: Linux  PlatformVersion: 5.14.0-427.37.1.el9_4.x86_64  CompilerName: GCC  CompilerVersion: 8.4.0
ProgramName: mri_or  ProgramArguments: mri_or -all-info  ProgramVersion: 7.3.2  TimeStamp: 2026/03/12-09:11:17-GMT  BuildTime: Aug  4 2022 06:17:15  BuildStamp: freesurfer-linux-ubuntu22_x86_64-7.3.2-20220804-6354275  User: oesteban  Machine: dna086  Platform: Linux  PlatformVersion: 5.14.0-427.37.1.el9_4.x86_64  CompilerName: GCC  CompilerVersion: 8.4.0
ProgramName: mri_relabel_hypointensities  ProgramArguments: mri_relabel_hypointensities -all-info  ProgramVersion: 7.3.2  TimeStamp: 2026/03/12-09:11:17-GMT  BuildTime: Aug  4 2022 06:17:15  BuildStamp: freesurfer-linux-ubuntu22_x86_64-7.3.2-20220804-6354275  User: oesteban  Machine: dna086  Platform: Linux  PlatformVersion: 5.14.0-427.37.1.el9_4.x86_64  CompilerName: GCC  CompilerVersion: 8.4.0
ProgramName: mri_relabel_nonwm_hypos  ProgramArguments: mri_relabel_nonwm_hypos -all-info  ProgramVersion: 7.3.2  TimeStamp: 2026/03/12-09:11:17-GMT  BuildTime: Aug  4 2022 06:17:15  BuildStamp: freesurfer-linux-ubuntu22_x86_64-7.3.2-20220804-6354275  User: oesteban  Machine: dna086  Platform: Linux  PlatformVersion: 5.14.0-427.37.1.el9_4.x86_64  CompilerName: GCC  CompilerVersion: 8.4.0
ProgramName: mri_remove_neck  ProgramArguments: mri_remove_neck -all-info  ProgramVersion: 7.3.2  TimeStamp: 2026/03/12-09:11:17-GMT  BuildTime: Aug  4 2022 06:17:15  BuildStamp: freesurfer-linux-ubuntu22_x86_64-7.3.2-20220804-6354275  User: oesteban  Machine: dna086  Platform: Linux  PlatformVersion: 5.14.0-427.37.1.el9_4.x86_64  CompilerName: GCC  CompilerVersion: 8.4.0
7.3.2

ProgramName: mri_robust_register  ProgramArguments: mri_robust_register -all-info  ProgramVersion: 7.3.2  TimeStamp: 2026/03/12-09:11:17-GMT  BuildTime: Aug  4 2022 06:17:15  BuildStamp: freesurfer-linux-ubuntu22_x86_64-7.3.2-20220804-6354275  User: oesteban  Machine: dna086  Platform: Linux  PlatformVersion: 5.14.0-427.37.1.el9_4.x86_64  CompilerName: GCC  CompilerVersion: 8.4.0
7.3.2

ProgramName: mri_robust_template  ProgramArguments: mri_robust_template -all-info  ProgramVersion: 7.3.2  TimeStamp: 2026/03/12-09:11:17-GMT  BuildTime: Aug  4 2022 06:17:15  BuildStamp: freesurfer-linux-ubuntu22_x86_64-7.3.2-20220804-6354275  User: oesteban  Machine: dna086  Platform: Linux  PlatformVersion: 5.14.0-427.37.1.el9_4.x86_64  CompilerName: GCC  CompilerVersion: 8.4.0
ProgramName: mris_anatomical_stats  ProgramArguments: mris_anatomical_stats -all-info  ProgramVersion: 7.3.2  TimeStamp: 2026/03/12-09:11:17-GMT  BuildTime: Aug  4 2022 06:17:15  BuildStamp: freesurfer-linux-ubuntu22_x86_64-7.3.2-20220804-6354275  User: oesteban  Machine: dna086  Platform: Linux  PlatformVersion: 5.14.0-427.37.1.el9_4.x86_64  CompilerName: GCC  CompilerVersion: 8.4.0
ProgramName: mris_ca_label  ProgramArguments: mris_ca_label -all-info  ProgramVersion: 7.3.2  TimeStamp: 2026/03/12-09:11:17-GMT  BuildTime: Aug  4 2022 06:17:15  BuildStamp: freesurfer-linux-ubuntu22_x86_64-7.3.2-20220804-6354275  User: oesteban  Machine: dna086  Platform: Linux  PlatformVersion: 5.14.0-427.37.1.el9_4.x86_64  CompilerName: GCC  CompilerVersion: 8.4.0
ProgramName: mris_calc  ProgramArguments: mris_calc -all-info  ProgramVersion: 7.3.2  TimeStamp: 2026/03/12-09:11:17-GMT  BuildTime: Aug  4 2022 06:17:15  BuildStamp: freesurfer-linux-ubuntu22_x86_64-7.3.2-20220804-6354275  User: oesteban  Machine: dna086  Platform: Linux  PlatformVersion: 5.14.0-427.37.1.el9_4.x86_64  CompilerName: GCC  CompilerVersion: 8.4.0
ProgramName: mris_convert  ProgramArguments: mris_convert -all-info  ProgramVersion: 7.3.2  TimeStamp: 2026/03/12-09:11:17-GMT  BuildTime: Aug  4 2022 06:17:15  BuildStamp: freesurfer-linux-ubuntu22_x86_64-7.3.2-20220804-6354275  User: oesteban  Machine: dna086  Platform: Linux  PlatformVersion: 5.14.0-427.37.1.el9_4.x86_64  CompilerName: GCC  CompilerVersion: 8.4.0
ProgramName: mris_curvature  ProgramArguments: mris_curvature -all-info  ProgramVersion: 7.3.2  TimeStamp: 2026/03/12-09:11:17-GMT  BuildTime: Aug  4 2022 06:17:15  BuildStamp: freesurfer-linux-ubuntu22_x86_64-7.3.2-20220804-6354275  User: oesteban  Machine: dna086  Platform: Linux  PlatformVersion: 5.14.0-427.37.1.el9_4.x86_64  CompilerName: GCC  CompilerVersion: 8.4.0
ProgramName: mris_curvature_stats  ProgramArguments: mris_curvature_stats -all-info  ProgramVersion: 7.3.2  TimeStamp: 2026/03/12-09:11:17-GMT  BuildTime: Aug  4 2022 06:17:15  BuildStamp: freesurfer-linux-ubuntu22_x86_64-7.3.2-20220804-6354275  User: oesteban  Machine: dna086  Platform: Linux  PlatformVersion: 5.14.0-427.37.1.el9_4.x86_64  CompilerName: GCC  CompilerVersion: 8.4.0
ProgramName: mris_diff  ProgramArguments: mris_diff -all-info  ProgramVersion: 7.3.2  TimeStamp: 2026/03/12-09:11:17-GMT  BuildTime: Aug  4 2022 06:17:15  BuildStamp: freesurfer-linux-ubuntu22_x86_64-7.3.2-20220804-6354275  User: oesteban  Machine: dna086  Platform: Linux  PlatformVersion: 5.14.0-427.37.1.el9_4.x86_64  CompilerName: GCC  CompilerVersion: 8.4.0
ProgramName: mris_divide_parcellation  ProgramArguments: mris_divide_parcellation -all-info  ProgramVersion: 7.3.2  TimeStamp: 2026/03/12-09:11:17-GMT  BuildTime: Aug  4 2022 06:17:15  BuildStamp: freesurfer-linux-ubuntu22_x86_64-7.3.2-20220804-6354275  User: oesteban  Machine: dna086  Platform: Linux  PlatformVersion: 5.14.0-427.37.1.el9_4.x86_64  CompilerName: GCC  CompilerVersion: 8.4.0
ProgramName: mri_segment  ProgramArguments: mri_segment -all-info  ProgramVersion: 7.3.2  TimeStamp: 2026/03/12-09:11:17-GMT  BuildTime: Aug  4 2022 06:17:15  BuildStamp: freesurfer-linux-ubuntu22_x86_64-7.3.2-20220804-6354275  User: oesteban  Machine: dna086  Platform: Linux  PlatformVersion: 5.14.0-427.37.1.el9_4.x86_64  CompilerName: GCC  CompilerVersion: 8.4.0
ProgramName: mri_segstats  ProgramArguments: mri_segstats -all-info  ProgramVersion: 7.3.2  TimeStamp: 2026/03/12-09:11:17-GMT  BuildTime: Aug  4 2022 06:17:15  BuildStamp: freesurfer-linux-ubuntu22_x86_64-7.3.2-20220804-6354275  User: oesteban  Machine: dna086  Platform: Linux  PlatformVersion: 5.14.0-427.37.1.el9_4.x86_64  CompilerName: GCC  CompilerVersion: 8.4.0
ProgramName: mris_euler_number  ProgramArguments: mris_euler_number -all-info  ProgramVersion: 7.3.2  TimeStamp: 2026/03/12-09:11:17-GMT  BuildTime: Aug  4 2022 06:17:15  BuildStamp: freesurfer-linux-ubuntu22_x86_64-7.3.2-20220804-6354275  User: oesteban  Machine: dna086  Platform: Linux  PlatformVersion: 5.14.0-427.37.1.el9_4.x86_64  CompilerName: GCC  CompilerVersion: 8.4.0
ProgramName: mris_fix_topology  ProgramArguments: mris_fix_topology -all-info  ProgramVersion: 7.3.2  TimeStamp: 2026/03/12-09:11:17-GMT  BuildTime: Aug  4 2022 06:17:15  BuildStamp: freesurfer-linux-ubuntu22_x86_64-7.3.2-20220804-6354275  User: oesteban  Machine: dna086  Platform: Linux  PlatformVersion: 5.14.0-427.37.1.el9_4.x86_64  CompilerName: GCC  CompilerVersion: 8.4.0
ProgramName: mris_topo_fixer  ProgramArguments: mris_topo_fixer -all-info  ProgramVersion: 7.3.2  TimeStamp: 2026/03/12-09:11:17-GMT  BuildTime: Aug  4 2022 06:17:15  BuildStamp: freesurfer-linux-ubuntu22_x86_64-7.3.2-20220804-6354275  User: oesteban  Machine: dna086  Platform: Linux  PlatformVersion: 5.14.0-427.37.1.el9_4.x86_64  CompilerName: GCC  CompilerVersion: 8.4.0
ProgramName: mris_jacobian  ProgramArguments: mris_jacobian -all-info  ProgramVersion: 7.3.2  TimeStamp: 2026/03/12-09:11:17-GMT  BuildTime: Aug  4 2022 06:17:15  BuildStamp: freesurfer-linux-ubuntu22_x86_64-7.3.2-20220804-6354275  User: oesteban  Machine: dna086  Platform: Linux  PlatformVersion: 5.14.0-427.37.1.el9_4.x86_64  CompilerName: GCC  CompilerVersion: 8.4.0
ProgramName: mris_label2annot  ProgramArguments: mris_label2annot -all-info  ProgramVersion: 7.3.2  TimeStamp: 2026/03/12-09:11:17-GMT  BuildTime: Aug  4 2022 06:17:15  BuildStamp: freesurfer-linux-ubuntu22_x86_64-7.3.2-20220804-6354275  User: oesteban  Machine: dna086  Platform: Linux  PlatformVersion: 5.14.0-427.37.1.el9_4.x86_64  CompilerName: GCC  CompilerVersion: 8.4.0
ProgramName: mris_left_right_register  ProgramArguments: mris_left_right_register -all-info  ProgramVersion: 7.3.2  TimeStamp: 2026/03/12-09:11:17-GMT  BuildTime: Aug  4 2022 06:17:15  BuildStamp: freesurfer-linux-ubuntu22_x86_64-7.3.2-20220804-6354275  User: oesteban  Machine: dna086  Platform: Linux  PlatformVersion: 5.14.0-427.37.1.el9_4.x86_64  CompilerName: GCC  CompilerVersion: 8.4.0
ProgramName: mris_place_surface  ProgramArguments: mris_place_surface -all-info  ProgramVersion: 7.3.2  TimeStamp: 2026/03/12-09:11:17-GMT  BuildTime: Aug  4 2022 06:17:15  BuildStamp: freesurfer-linux-ubuntu22_x86_64-7.3.2-20220804-6354275  User: oesteban  Machine: dna086  Platform: Linux  PlatformVersion: 5.14.0-427.37.1.el9_4.x86_64  CompilerName: GCC  CompilerVersion: 8.4.0
ProgramName: mrisp_paint  ProgramArguments: mrisp_paint -all-info  ProgramVersion: 7.3.2  TimeStamp: 2026/03/12-09:11:17-GMT  BuildTime: Aug  4 2022 06:17:15  BuildStamp: freesurfer-linux-ubuntu22_x86_64-7.3.2-20220804-6354275  User: oesteban  Machine: dna086  Platform: Linux  PlatformVersion: 5.14.0-427.37.1.el9_4.x86_64  CompilerName: GCC  CompilerVersion: 8.4.0
ProgramName: mris_register  ProgramArguments: mris_register -all-info  ProgramVersion: 7.3.2  TimeStamp: 2026/03/12-09:11:17-GMT  BuildTime: Aug  4 2022 06:17:15  BuildStamp: freesurfer-linux-ubuntu22_x86_64-7.3.2-20220804-6354275  User: oesteban  Machine: dna086  Platform: Linux  PlatformVersion: 5.14.0-427.37.1.el9_4.x86_64  CompilerName: GCC  CompilerVersion: 8.4.0
ProgramName: mris_smooth  ProgramArguments: mris_smooth -all-info  ProgramVersion: 7.3.2  TimeStamp: 2026/03/12-09:11:17-GMT  BuildTime: Aug  4 2022 06:17:15  BuildStamp: freesurfer-linux-ubuntu22_x86_64-7.3.2-20220804-6354275  User: oesteban  Machine: dna086  Platform: Linux  PlatformVersion: 5.14.0-427.37.1.el9_4.x86_64  CompilerName: GCC  CompilerVersion: 8.4.0
ProgramName: mris_sphere  ProgramArguments: mris_sphere -all-info  ProgramVersion: 7.3.2  TimeStamp: 2026/03/12-09:11:17-GMT  BuildTime: Aug  4 2022 06:17:15  BuildStamp: freesurfer-linux-ubuntu22_x86_64-7.3.2-20220804-6354275  User: oesteban  Machine: dna086  Platform: Linux  PlatformVersion: 5.14.0-427.37.1.el9_4.x86_64  CompilerName: GCC  CompilerVersion: 8.4.0
ProgramName: mris_surface_stats  ProgramArguments: mris_surface_stats -all-info  ProgramVersion: 7.3.2  TimeStamp: 2026/03/12-09:11:17-GMT  BuildTime: Aug  4 2022 06:17:15  BuildStamp: freesurfer-linux-ubuntu22_x86_64-7.3.2-20220804-6354275  User: oesteban  Machine: dna086  Platform: Linux  PlatformVersion: 5.14.0-427.37.1.el9_4.x86_64  CompilerName: GCC  CompilerVersion: 8.4.0
ProgramName: mri_stats2seg  ProgramArguments: mri_stats2seg -all-info  ProgramVersion: 7.3.2  TimeStamp: 2026/03/12-09:11:17-GMT  BuildTime: Aug  4 2022 06:17:15  BuildStamp: freesurfer-linux-ubuntu22_x86_64-7.3.2-20220804-6354275  User: oesteban  Machine: dna086  Platform: Linux  PlatformVersion: 5.14.0-427.37.1.el9_4.x86_64  CompilerName: GCC  CompilerVersion: 8.4.0
ProgramName: mris_thickness  ProgramArguments: mris_thickness -all-info  ProgramVersion: 7.3.2  TimeStamp: 2026/03/12-09:11:17-GMT  BuildTime: Aug  4 2022 06:17:15  BuildStamp: freesurfer-linux-ubuntu22_x86_64-7.3.2-20220804-6354275  User: oesteban  Machine: dna086  Platform: Linux  PlatformVersion: 5.14.0-427.37.1.el9_4.x86_64  CompilerName: GCC  CompilerVersion: 8.4.0
ProgramName: mris_thickness_diff  ProgramArguments: mris_thickness_diff -all-info  ProgramVersion: 7.3.2  TimeStamp: 2026/03/12-09:11:17-GMT  BuildTime: Aug  4 2022 06:17:15  BuildStamp: freesurfer-linux-ubuntu22_x86_64-7.3.2-20220804-6354275  User: oesteban  Machine: dna086  Platform: Linux  PlatformVersion: 5.14.0-427.37.1.el9_4.x86_64  CompilerName: GCC  CompilerVersion: 8.4.0
ProgramName: mris_topo_fixer  ProgramArguments: mris_topo_fixer -all-info  ProgramVersion: 7.3.2  TimeStamp: 2026/03/12-09:11:17-GMT  BuildTime: Aug  4 2022 06:17:15  BuildStamp: freesurfer-linux-ubuntu22_x86_64-7.3.2-20220804-6354275  User: oesteban  Machine: dna086  Platform: Linux  PlatformVersion: 5.14.0-427.37.1.el9_4.x86_64  CompilerName: GCC  CompilerVersion: 8.4.0
ProgramName: mri_surf2surf  ProgramArguments: mri_surf2surf -all-info  ProgramVersion: 7.3.2  TimeStamp: 2026/03/12-09:11:17-GMT  BuildTime: Aug  4 2022 06:17:15  BuildStamp: freesurfer-linux-ubuntu22_x86_64-7.3.2-20220804-6354275  User: oesteban  Machine: dna086  Platform: Linux  PlatformVersion: 5.14.0-427.37.1.el9_4.x86_64  CompilerName: GCC  CompilerVersion: 8.4.0
ProgramName: mri_surf2vol  ProgramArguments: mri_surf2vol -all-info  ProgramVersion: 7.3.2  TimeStamp: 2026/03/12-09:11:17-GMT  BuildTime: Aug  4 2022 06:17:15  BuildStamp: freesurfer-linux-ubuntu22_x86_64-7.3.2-20220804-6354275  User: oesteban  Machine: dna086  Platform: Linux  PlatformVersion: 5.14.0-427.37.1.el9_4.x86_64  CompilerName: GCC  CompilerVersion: 8.4.0
ProgramName: mri_surfcluster  ProgramArguments: mri_surfcluster -all-info  ProgramVersion: 7.3.2  TimeStamp: 2026/03/12-09:11:17-GMT  BuildTime: Aug  4 2022 06:17:15  BuildStamp: freesurfer-linux-ubuntu22_x86_64-7.3.2-20220804-6354275  User: oesteban  Machine: dna086  Platform: Linux  PlatformVersion: 5.14.0-427.37.1.el9_4.x86_64  CompilerName: GCC  CompilerVersion: 8.4.0
ProgramName: mris_volmask  ProgramArguments: mris_volmask -all-info  ProgramVersion: 7.3.2  TimeStamp: 2026/03/12-09:11:17-GMT  BuildTime: Aug  4 2022 06:17:15  BuildStamp: freesurfer-linux-ubuntu22_x86_64-7.3.2-20220804-6354275  User: oesteban  Machine: dna086  Platform: Linux  PlatformVersion: 5.14.0-427.37.1.el9_4.x86_64  CompilerName: GCC  CompilerVersion: 8.4.0
ProgramName: mri_tessellate  ProgramArguments: mri_tessellate -all-info  ProgramVersion: 7.3.2  TimeStamp: 2026/03/12-09:11:17-GMT  BuildTime: Aug  4 2022 06:17:15  BuildStamp: freesurfer-linux-ubuntu22_x86_64-7.3.2-20220804-6354275  User: oesteban  Machine: dna086  Platform: Linux  PlatformVersion: 5.14.0-427.37.1.el9_4.x86_64  CompilerName: GCC  CompilerVersion: 8.4.0
ProgramName: mri_vol2surf  ProgramArguments: mri_vol2surf -all-info  ProgramVersion: 7.3.2  TimeStamp: 2026/03/12-09:11:17-GMT  BuildTime: Aug  4 2022 06:17:15  BuildStamp: freesurfer-linux-ubuntu22_x86_64-7.3.2-20220804-6354275  User: oesteban  Machine: dna086  Platform: Linux  PlatformVersion: 5.14.0-427.37.1.el9_4.x86_64  CompilerName: GCC  CompilerVersion: 8.4.0
ProgramName: mri_vol2vol  ProgramArguments: mri_vol2vol -all-info  ProgramVersion: 7.3.2  TimeStamp: 2026/03/12-09:11:17-GMT  BuildTime: Aug  4 2022 06:17:15  BuildStamp: freesurfer-linux-ubuntu22_x86_64-7.3.2-20220804-6354275  User: oesteban  Machine: dna086  Platform: Linux  PlatformVersion: 5.14.0-427.37.1.el9_4.x86_64  CompilerName: GCC  CompilerVersion: 8.4.0
ProgramName: mri_voldiff  ProgramArguments: mri_voldiff -all-info  ProgramVersion: 7.3.2  TimeStamp: 2026/03/12-09:11:17-GMT  BuildTime: Aug  4 2022 06:17:15  BuildStamp: freesurfer-linux-ubuntu22_x86_64-7.3.2-20220804-6354275  User: oesteban  Machine: dna086  Platform: Linux  PlatformVersion: 5.14.0-427.37.1.el9_4.x86_64  CompilerName: GCC  CompilerVersion: 8.4.0
ProgramName: mri_watershed  ProgramArguments: mri_watershed -all-info  ProgramVersion: 7.3.2  TimeStamp: 2026/03/12-09:11:17-GMT  BuildTime: Aug  4 2022 06:17:15  BuildStamp: freesurfer-linux-ubuntu22_x86_64-7.3.2-20220804-6354275  User: oesteban  Machine: dna086  Platform: Linux  PlatformVersion: 5.14.0-427.37.1.el9_4.x86_64  CompilerName: GCC  CompilerVersion: 8.4.0
ProgramName: tkregister2  ProgramArguments: tkregister2_cmdl -all-info  ProgramVersion: 7.3.2  TimeStamp: 2026/03/12-09:11:17-GMT  BuildTime: Aug  4 2022 06:17:15  BuildStamp: freesurfer-linux-ubuntu22_x86_64-7.3.2-20220804-6354275  User: oesteban  Machine: dna086  Platform: Linux  PlatformVersion: 5.14.0-427.37.1.el9_4.x86_64  CompilerName: GCC  CompilerVersion: 8.4.0
mri_motion_correct.fsl 7.3.2
mri_convert -all-info 
ProgramName: mri_convert  ProgramArguments: mri_convert -all-info  ProgramVersion: 7.3.2  TimeStamp: 2026/03/12-09:11:17-GMT  BuildTime: Aug  4 2022 06:17:15  BuildStamp: freesurfer-linux-ubuntu22_x86_64-7.3.2-20220804-6354275  User: oesteban  Machine: dna086  Platform: Linux  PlatformVersion: 5.14.0-427.37.1.el9_4.x86_64  CompilerName: GCC  CompilerVersion: 8.4.0
Program nu_correct, built from:
Package MNI N3, version 1.12.0, compiled by nicks@terrier (x86_64-unknown-linux-gnu) on 2015-06-19 at 01:25:34
#######################################
GCADIR /opt/freesurfer/average
GCA RB_all_2020-01-02.gca
GCASkull RB_all_withskull_2020_01_02.gca
AvgCurvTif folding.atlas.acfb40.noaparc.i12.2016-08-02.tif
GCSDIR /opt/freesurfer/average
GCS DKaparc.atlas.acfb40.noaparc.i12.2016-08-02.gcs
#######################################
#--------------------------------------
#@# CA Normalize Thu Mar 12 10:11:17 CET 2026
/out/sourcedata/freesurfer/sub-v1s11x0050146_ses-1/mri

 mri_ca_normalize -c ctrl_pts.mgz -mask brainmask.mgz nu.mgz /opt/freesurfer/average/RB_all_2020-01-02.gca transforms/talairach.lta norm.mgz 

writing control point volume to ctrl_pts.mgz
using MR volume brainmask.mgz to mask input volume...
reading 1 input volume
reading atlas from '/opt/freesurfer/average/RB_all_2020-01-02.gca'...
reading transform from 'transforms/talairach.lta'...
reading input volume from nu.mgz...
resetting wm mean[0]: 98 --> 107
resetting gm mean[0]: 61 --> 61
input volume #1 is the most T1-like
using real data threshold=26.9
skull bounding box = (61, 51, 32) --> (194, 182, 205)
finding center of left hemi white matter
using (105, 95, 119) as brain centroid of Right_Cerebral_White_Matter...
mean wm in atlas = 107, using box (89,79,98) --> (121, 111,140) to find MRI wm
before smoothing, mri peak at 105
robust fit to distribution - 107 +- 4.1
after smoothing, mri peak at 106, scaling input intensities by 1.009
scaling channel 0 by 1.00943
using 246437 sample points...
INFO: compute sample coordinates transform
 1.05653  -0.04961  -0.03237   1.18385;
 0.05563   1.09523   0.08704  -25.60241;
-0.00326  -0.10479   0.97681   10.31291;
 0.00000   0.00000   0.00000   1.00000;
INFO: transform used
finding control points in Left_Cerebral_White_Matter....
found 40230 control points for structure...
bounding box (125, 55, 30) --> (190, 160, 201)
Left_Cerebral_White_Matter: limiting intensities to 97.0 --> 132.0
7 of 7392 (0.1%) samples deleted
finding control points in Right_Cerebral_White_Matter....
found 39478 control points for structure...
bounding box (65, 58, 30) --> (129, 165, 202)
Right_Cerebral_White_Matter: limiting intensities to 96.0 --> 132.0
2 of 7532 (0.0%) samples deleted
finding control points in Left_Cerebellum_White_Matter....
found 3105 control points for structure...
bounding box (129, 133, 56) --> (176, 174, 111)
Left_Cerebellum_White_Matter: limiting intensities to 101.0 --> 132.0
0 of 581 (0.0%) samples deleted
finding control points in Right_Cerebellum_White_Matter....
found 2710 control points for structure...
bounding box (87, 133, 54) --> (128, 175, 113)
Right_Cerebellum_White_Matter: limiting intensities to 96.0 --> 132.0
0 of 518 (0.0%) samples deleted
finding control points in Brain_Stem....
found 3475 control points for structure...
bounding box (113, 127, 93) --> (146, 190, 123)
Brain_Stem: limiting intensities to 92.0 --> 132.0
0 of 1025 (0.0%) samples deleted
using 17048 total control points for intensity normalization...
bias field = 0.940 +- 0.076
16 of 17039 control points discarded
finding control points in Left_Cerebral_White_Matter....
found 40230 control points for structure...
bounding box (125, 55, 30) --> (190, 160, 201)
Left_Cerebral_White_Matter: limiting intensities to 90.0 --> 132.0
0 of 7562 (0.0%) samples deleted
finding control points in Right_Cerebral_White_Matter....
found 39478 control points for structure...
bounding box (65, 58, 30) --> (129, 165, 202)
Right_Cerebral_White_Matter: limiting intensities to 88.0 --> 132.0
3 of 7764 (0.0%) samples deleted
finding control points in Left_Cerebellum_White_Matter....
found 3105 control points for structure...
bounding box (129, 133, 56) --> (176, 174, 111)
Left_Cerebellum_White_Matter: limiting intensities to 88.0 --> 132.0
23 of 638 (3.6%) samples deleted
finding control points in Right_Cerebellum_White_Matter....
found 2710 control points for structure...
bounding box (87, 133, 54) --> (128, 175, 113)
Right_Cerebellum_White_Matter: limiting intensities to 88.0 --> 132.0
106 of 574 (18.5%) samples deleted
finding control points in Brain_Stem....
found 3475 control points for structure...
bounding box (113, 127, 93) --> (146, 190, 123)
Brain_Stem: limiting intensities to 88.0 --> 132.0
195 of 1183 (16.5%) samples deleted
using 17721 total control points for intensity normalization...
bias field = 1.014 +- 0.054
17 of 17308 control points discarded
finding control points in Left_Cerebral_White_Matter....
found 40230 control points for structure...
bounding box (125, 55, 30) --> (190, 160, 201)
Left_Cerebral_White_Matter: limiting intensities to 91.0 --> 132.0
3 of 7576 (0.0%) samples deleted
finding control points in Right_Cerebral_White_Matter....
found 39478 control points for structure...
bounding box (65, 58, 30) --> (129, 165, 202)
Right_Cerebral_White_Matter: limiting intensities to 89.0 --> 132.0
11 of 7764 (0.1%) samples deleted
finding control points in Left_Cerebellum_White_Matter....
found 3105 control points for structure...
bounding box (129, 133, 56) --> (176, 174, 111)
Left_Cerebellum_White_Matter: limiting intensities to 88.0 --> 132.0
119 of 653 (18.2%) samples deleted
finding control points in Right_Cerebellum_White_Matter....
found 2710 control points for structure...
bounding box (87, 133, 54) --> (128, 175, 113)
Right_Cerebellum_White_Matter: limiting intensities to 88.0 --> 132.0
371 of 566 (65.5%) samples deleted
finding control points in Brain_Stem....
found 3475 control points for structure...
bounding box (113, 127, 93) --> (146, 190, 123)
Brain_Stem: limiting intensities to 88.0 --> 132.0
454 of 1220 (37.2%) samples deleted
using 17779 total control points for intensity normalization...
bias field = 1.010 +- 0.043
10 of 16631 control points discarded
writing normalized volume to norm.mgz...
writing control points to ctrl_pts.mgz
freeing GCA...done.
normalization took 0 minutes and 54 seconds.
#--------------------------------------
#@# CA Reg Thu Mar 12 10:12:11 CET 2026
/out/sourcedata/freesurfer/sub-v1s11x0050146_ses-1/mri

 mri_ca_register -nobigventricles -T transforms/talairach.lta -align-after -mask brainmask.mgz norm.mgz /opt/freesurfer/average/RB_all_2020-01-02.gca transforms/talairach.m3z 

not handling expanded ventricles...
using previously computed transform transforms/talairach.lta
renormalizing sequences with structure alignment, equivalent to:
	-renormalize
	-regularize_mean 0.500
	-regularize 0.500
using MR volume brainmask.mgz to mask input volume...

== Number of threads available to mri_ca_register for OpenMP = 16 == 
reading 1 input volumes...
logging results to talairach.log
reading input volume 'norm.mgz'...
reading GCA '/opt/freesurfer/average/RB_all_2020-01-02.gca'...
label assignment complete, 0 changed (0.00%)
freeing gibbs priors...done.
average std[0] = 5.0
Starting GCAMregister()
label assignment complete, 0 changed (0.00%)
npasses = 1, nlevels = 6
#pass# 1 of 1 ************************
enabling zero nodes
setting smoothness cost coefficient to 0.156

#GCAMreg# pass 0 level1 5 level2 0 tsec 0 sigma 2
l_jacobian=1.00 l_label=1.00 l_log_likelihood=0.20 l_smoothness=0.16 
tol=2.50e-01, dt=5.00e-02, exp_k=20.0, momentum=0.90, levels=6, niter=500, lbl_dist=10.00, avgs=256, sigma=2.0,type=2, relabel=0, neg=no

blurring input image with Gaussian with sigma=2.000...
GCAMRegisterLevel(): init RMS 0.749639
#FOTS# QuadFit found better minimum quadopt=(dt=218.572,rms=0.70027) vs oldopt=(dt=92.48,rms=0.716458)
#GCMRL#    0 dt 218.572438 rms  0.700  6.586% neg 0  invalid 762 tFOTS 2.8240 tGradient 2.1730 tsec 5.2170
#FOTS# QuadFit found better minimum quadopt=(dt=149.449,rms=0.684743) vs oldopt=(dt=92.48,rms=0.687298)
#GCMRL#    1 dt 149.448649 rms  0.685  2.217% neg 0  invalid 762 tFOTS 2.9060 tGradient 2.2210 tsec 5.3590
#FOTS# QuadFit found better minimum quadopt=(dt=182.154,rms=0.679166) vs oldopt=(dt=92.48,rms=0.680807)
#GCMRL#    2 dt 182.153846 rms  0.679  0.814% neg 0  invalid 762 tFOTS 3.1160 tGradient 1.9570 tsec 5.2990
#FOTS# QuadFit found better minimum quadopt=(dt=145.92,rms=0.675558) vs oldopt=(dt=92.48,rms=0.676275)
#GCMRL#    3 dt 145.920000 rms  0.676  0.531% neg 0  invalid 762 tFOTS 2.9830 tGradient 2.0900 tsec 5.2960
#FOTS# QuadFit found better minimum quadopt=(dt=295.936,rms=0.672379) vs oldopt=(dt=369.92,rms=0.672517)
#GCMRL#    4 dt 295.936000 rms  0.672  0.471% neg 0  invalid 762 tFOTS 2.9260 tGradient 2.0290 tsec 5.2000
#FOTS# QuadFit found better minimum quadopt=(dt=129.472,rms=0.670153) vs oldopt=(dt=92.48,rms=0.670331)
#GCMRL#    5 dt 129.472000 rms  0.670  0.331% neg 0  invalid 762 tFOTS 2.9690 tGradient 2.0190 tsec 5.2170
#FOTS# QuadFit found better minimum quadopt=(dt=295.936,rms=0.668462) vs oldopt=(dt=369.92,rms=0.668579)
#GCMRL#    6 dt 295.936000 rms  0.668  0.252% neg 0  invalid 762 tFOTS 2.8260 tGradient 1.9590 tsec 5.0080
#FOTS# QuadFit found better minimum quadopt=(dt=129.472,rms=0.666896) vs oldopt=(dt=92.48,rms=0.667051)
#GCMRL#    7 dt 129.472000 rms  0.667  0.000% neg 0  invalid 762 tFOTS 2.8210 tGradient 2.0010 tsec 5.0580
#GCMRL#    8 dt 129.472000 rms  0.666  0.132% neg 0  invalid 762 tFOTS 0.0000 tGradient 1.9750 tsec 2.2070
#GCMRL#    9 dt 129.472000 rms  0.665  0.186% neg 0  invalid 762 tFOTS 0.0000 tGradient 1.9790 tsec 2.1850
#GCMRL#   10 dt 129.472000 rms  0.663  0.283% neg 0  invalid 762 tFOTS 0.0000 tGradient 1.9210 tsec 2.1260
#GCMRL#   11 dt 129.472000 rms  0.661  0.290% neg 0  invalid 762 tFOTS 0.0000 tGradient 2.0680 tsec 2.2720
#GCMRL#   12 dt 129.472000 rms  0.659  0.324% neg 0  invalid 762 tFOTS 0.0000 tGradient 1.9150 tsec 2.1200
#GCMRL#   13 dt 129.472000 rms  0.657  0.301% neg 0  invalid 762 tFOTS 0.0000 tGradient 1.9060 tsec 2.1100
#GCMRL#   14 dt 129.472000 rms  0.655  0.250% neg 0  invalid 762 tFOTS 0.0000 tGradient 1.9910 tsec 2.1970
#GCMRL#   15 dt 129.472000 rms  0.654  0.224% neg 0  invalid 762 tFOTS 0.0000 tGradient 2.2240 tsec 2.4540
#GCMRL#   16 dt 129.472000 rms  0.653  0.166% neg 0  invalid 762 tFOTS 0.0000 tGradient 1.9790 tsec 2.1880
#GCMRL#   17 dt 129.472000 rms  0.651  0.181% neg 0  invalid 762 tFOTS 0.0000 tGradient 2.4060 tsec 2.6310
#GCMRL#   18 dt 129.472000 rms  0.650  0.167% neg 0  invalid 762 tFOTS 0.0000 tGradient 1.9400 tsec 2.1800
#GCMRL#   19 dt 129.472000 rms  0.649  0.182% neg 0  invalid 762 tFOTS 0.0000 tGradient 2.0060 tsec 2.2280
#GCMRL#   20 dt 129.472000 rms  0.648  0.170% neg 0  invalid 762 tFOTS 0.0000 tGradient 2.0480 tsec 2.2710
#GCMRL#   21 dt 129.472000 rms  0.647  0.133% neg 0  invalid 762 tFOTS 0.0000 tGradient 2.0270 tsec 2.2520
#GCMRL#   22 dt 129.472000 rms  0.646  0.120% neg 0  invalid 762 tFOTS 0.0000 tGradient 2.0330 tsec 2.2690
#GCMRL#   23 dt 129.472000 rms  0.646  0.103% neg 0  invalid 762 tFOTS 0.0000 tGradient 1.9850 tsec 2.2220
#FOTS# QuadFit found better minimum quadopt=(dt=295.936,rms=0.645502) vs oldopt=(dt=369.92,rms=0.645523)
#GCMRL#   24 dt 295.936000 rms  0.646  0.000% neg 0  invalid 762 tFOTS 3.0790 tGradient 2.0450 tsec 5.3720

#GCAMreg# pass 0 level1 5 level2 1 tsec 93.918 sigma 0.5
l_jacobian=1.00 l_label=1.00 l_log_likelihood=0.20 l_smoothness=0.16 
tol=2.50e-01, dt=5.00e-02, exp_k=20.0, momentum=0.90, levels=6, niter=500, lbl_dist=10.00, avgs=256, sigma=0.5,type=2, relabel=0, neg=no

blurring input image with Gaussian with sigma=0.500...
GCAMRegisterLevel(): init RMS 0.645933
#FOTS# QuadFit found better minimum quadopt=(dt=129.472,rms=0.645004) vs oldopt=(dt=92.48,rms=0.645097)
#GCMRL#   26 dt 129.472000 rms  0.645  0.144% neg 0  invalid 762 tFOTS 2.9330 tGradient 1.9870 tsec 5.1520
#FOTS# QuadFit found better minimum quadopt=(dt=443.904,rms=0.644727) vs oldopt=(dt=369.92,rms=0.644736)
#GCMRL#   27 dt 443.904000 rms  0.645  0.000% neg 0  invalid 762 tFOTS 2.9700 tGradient 1.9720 tsec 5.1640
#GCMRL#   28 dt 443.904000 rms  0.644  0.060% neg 0  invalid 762 tFOTS 0.0000 tGradient 1.9850 tsec 2.1830
setting smoothness cost coefficient to 0.615

#GCAMreg# pass 0 level1 4 level2 0 tsec 0 sigma 2
l_jacobian=1.00 l_label=1.00 l_log_likelihood=0.20 l_smoothness=0.62 
tol=2.50e-01, dt=5.00e-02, exp_k=20.0, momentum=0.90, levels=6, niter=500, lbl_dist=10.00, avgs=64, sigma=2.0,type=2, relabel=0, neg=no

blurring input image with Gaussian with sigma=2.000...
GCAMRegisterLevel(): init RMS 0.654533
#FOTS# QuadFit found better minimum quadopt=(dt=71.2964,rms=0.650941) vs oldopt=(dt=103.68,rms=0.651547)
#GCMRL#   30 dt  71.296417 rms  0.651  0.549% neg 0  invalid 762 tFOTS 2.8620 tGradient 1.5410 tsec 4.6120
#FOTS# QuadFit found better minimum quadopt=(dt=145.152,rms=0.646618) vs oldopt=(dt=103.68,rms=0.647369)
#GCMRL#   31 dt 145.152000 rms  0.647  0.664% neg 0  invalid 762 tFOTS 2.4420 tGradient 1.5140 tsec 4.1610
#FOTS# QuadFit found better minimum quadopt=(dt=145.152,rms=0.644117) vs oldopt=(dt=103.68,rms=0.644382)
#GCMRL#   32 dt 145.152000 rms  0.644  0.387% neg 0  invalid 762 tFOTS 2.6660 tGradient 1.5160 tsec 4.3910
#FOTS# QuadFit found better minimum quadopt=(dt=82.944,rms=0.641708) vs oldopt=(dt=103.68,rms=0.641855)
#GCMRL#   33 dt  82.944000 rms  0.642  0.374% neg 0  invalid 762 tFOTS 3.0040 tGradient 1.5050 tsec 4.7360
#FOTS# QuadFit found better minimum quadopt=(dt=76.058,rms=0.640802) vs oldopt=(dt=103.68,rms=0.640905)
#GCMRL#   34 dt  76.057971 rms  0.641  0.000% neg 0  invalid 762 tFOTS 3.3310 tGradient 1.6040 tsec 5.1890
#GCMRL#   35 dt  76.057971 rms  0.640  0.185% neg 0  invalid 762 tFOTS 0.0000 tGradient 1.7110 tsec 1.9380
#GCMRL#   36 dt  76.057971 rms  0.638  0.243% neg 0  invalid 762 tFOTS 0.0000 tGradient 1.8360 tsec 2.0560
#GCMRL#   37 dt  76.057971 rms  0.636  0.307% neg 0  invalid 762 tFOTS 0.0000 tGradient 1.6060 tsec 1.8330
#GCMRL#   38 dt  76.057971 rms  0.634  0.296% neg 0  invalid 762 tFOTS 0.0000 tGradient 1.6530 tsec 1.9020
#GCMRL#   39 dt  76.057971 rms  0.632  0.353% neg 0  invalid 762 tFOTS 0.0000 tGradient 1.6990 tsec 1.9240
#GCMRL#   40 dt  76.057971 rms  0.630  0.287% neg 0  invalid 762 tFOTS 0.0000 tGradient 1.6410 tsec 1.8530
#GCMRL#   41 dt  76.057971 rms  0.629  0.230% neg 0  invalid 762 tFOTS 0.0000 tGradient 1.5970 tsec 1.8090
#GCMRL#   42 dt  76.057971 rms  0.628  0.157% neg 0  invalid 762 tFOTS 0.0000 tGradient 1.5710 tsec 1.7770
#GCMRL#   43 dt  76.057971 rms  0.627  0.146% neg 0  invalid 762 tFOTS 0.0000 tGradient 1.5420 tsec 1.7510
#GCMRL#   44 dt  76.057971 rms  0.626  0.122% neg 0  invalid 762 tFOTS 0.0000 tGradient 1.5440 tsec 1.7520
#GCMRL#   45 dt  76.057971 rms  0.626  0.061% neg 0  invalid 762 tFOTS 0.0000 tGradient 1.5180 tsec 1.7400
#FOTS# QuadFit found better minimum quadopt=(dt=20.736,rms=0.62566) vs oldopt=(dt=25.92,rms=0.625661)
#GCMRL#   46 dt  20.736000 rms  0.626  0.000% neg 0  invalid 762 tFOTS 3.0520 tGradient 1.4990 tsec 4.7810

#GCAMreg# pass 0 level1 4 level2 1 tsec 58.538 sigma 0.5
l_jacobian=1.00 l_label=1.00 l_log_likelihood=0.20 l_smoothness=0.62 
tol=2.50e-01, dt=5.00e-02, exp_k=20.0, momentum=0.90, levels=6, niter=500, lbl_dist=10.00, avgs=64, sigma=0.5,type=2, relabel=0, neg=no

blurring input image with Gaussian with sigma=0.500...
GCAMRegisterLevel(): init RMS 0.626141
#FOTS# QuadFit found better minimum quadopt=(dt=9.072,rms=0.625637) vs oldopt=(dt=6.48,rms=0.625642)
#GCMRL#   48 dt   9.072000 rms  0.626  0.080% neg 0  invalid 762 tFOTS 2.8900 tGradient 1.5160 tsec 4.6260
#FOTS# QuadFit found better minimum quadopt=(dt=2.268,rms=0.625635) vs oldopt=(dt=1.62,rms=0.625635)
#GCMRL#   49 dt   2.268000 rms  0.626  0.000% neg 0  invalid 762 tFOTS 2.9030 tGradient 1.4880 tsec 4.6220
#GCMRL#   50 dt   2.268000 rms  0.626  0.000% neg 0  invalid 762 tFOTS 0.0000 tGradient 1.6430 tsec 1.8700
setting smoothness cost coefficient to 2.353

#GCAMreg# pass 0 level1 3 level2 0 tsec 0 sigma 2
l_jacobian=1.00 l_label=1.00 l_log_likelihood=0.20 l_smoothness=2.35 
tol=2.50e-01, dt=5.00e-02, exp_k=20.0, momentum=0.90, levels=6, niter=500, lbl_dist=10.00, avgs=16, sigma=2.0,type=2, relabel=0, neg=no

blurring input image with Gaussian with sigma=2.000...
GCAMRegisterLevel(): init RMS 0.652048
#FOTS# QuadFit found better minimum quadopt=(dt=1.6,rms=0.651394) vs oldopt=(dt=2,rms=0.651394)
#GCMRL#   52 dt   1.600000 rms  0.651  0.100% neg 0  invalid 762 tFOTS 2.7400 tGradient 1.2710 tsec 4.2390
#FOTS# QuadFit found better minimum quadopt=(dt=0.4,rms=0.651382) vs oldopt=(dt=0.5,rms=0.651383)
#GCMRL#   53 dt   0.400000 rms  0.651  0.000% neg 0  invalid 762 tFOTS 2.7250 tGradient 1.2880 tsec 4.2590

#GCAMreg# pass 0 level1 3 level2 1 tsec 18.665 sigma 0.5
l_jacobian=1.00 l_label=1.00 l_log_likelihood=0.20 l_smoothness=2.35 
tol=2.50e-01, dt=5.00e-02, exp_k=20.0, momentum=0.90, levels=6, niter=500, lbl_dist=10.00, avgs=16, sigma=0.5,type=2, relabel=0, neg=no

blurring input image with Gaussian with sigma=0.500...
GCAMRegisterLevel(): init RMS 0.651851
#FOTS# QuadFit found better minimum quadopt=(dt=0.175,rms=0.651381) vs oldopt=(dt=0.125,rms=0.651381)
#GCMRL#   55 dt   0.175000 rms  0.651  0.072% neg 0  invalid 762 tFOTS 2.7990 tGradient 1.2890 tsec 4.3180
#GCMRL#   56 dt   0.125000 rms  0.651  0.000% neg 0  invalid 762 tFOTS 2.7750 tGradient 1.2780 tsec 4.2990
#GCMRL#   57 dt   0.125000 rms  0.651  0.000% neg 0  invalid 762 tFOTS 0.0000 tGradient 1.3040 tsec 1.5240
setting smoothness cost coefficient to 8.000

#GCAMreg# pass 0 level1 2 level2 0 tsec 0 sigma 2
l_jacobian=1.00 l_label=1.00 l_log_likelihood=0.20 l_smoothness=8.00 
tol=2.50e-01, dt=5.00e-02, exp_k=20.0, momentum=0.90, levels=6, niter=500, lbl_dist=10.00, avgs=4, sigma=2.0,type=2, relabel=0, neg=no

blurring input image with Gaussian with sigma=2.000...
GCAMRegisterLevel(): init RMS 0.720552
#FOTS# QuadFit found better minimum quadopt=(dt=2.4299,rms=0.696743) vs oldopt=(dt=2.88,rms=0.697561)
#GCMRL#   59 dt   2.429897 rms  0.697  3.304% neg 0  invalid 762 tFOTS 2.7300 tGradient 1.1840 tsec 4.1460
#FOTS# QuadFit found better minimum quadopt=(dt=2.16152,rms=0.692969) vs oldopt=(dt=2.88,rms=0.693391)
#GCMRL#   60 dt   2.161520 rms  0.693  0.542% neg 0  invalid 762 tFOTS 2.7270 tGradient 1.1420 tsec 4.1120
#FOTS# QuadFit found better minimum quadopt=(dt=2.01325,rms=0.691769) vs oldopt=(dt=2.88,rms=0.691973)
#GCMRL#   61 dt   2.013245 rms  0.692  0.000% neg 0  invalid 762 tFOTS 2.7190 tGradient 1.2200 tsec 4.1810

#GCAMreg# pass 0 level1 2 level2 1 tsec 22.465 sigma 0.5
l_jacobian=1.00 l_label=1.00 l_log_likelihood=0.20 l_smoothness=8.00 
tol=2.50e-01, dt=5.00e-02, exp_k=20.0, momentum=0.90, levels=6, niter=500, lbl_dist=10.00, avgs=4, sigma=0.5,type=2, relabel=0, neg=no

blurring input image with Gaussian with sigma=0.500...
GCAMRegisterLevel(): init RMS 0.692231
#GCMRL#   63 dt   0.000000 rms  0.692  0.068% neg 0  invalid 762 tFOTS 2.2840 tGradient 1.1940 tsec 3.6920
setting smoothness cost coefficient to 20.000

#GCAMreg# pass 0 level1 1 level2 0 tsec 0 sigma 2
l_jacobian=1.00 l_label=1.00 l_log_likelihood=0.20 l_smoothness=20.00 
tol=2.50e-01, dt=5.00e-02, exp_k=20.0, momentum=0.90, levels=6, niter=500, lbl_dist=10.00, avgs=1, sigma=2.0,type=2, relabel=0, neg=no

blurring input image with Gaussian with sigma=2.000...
GCAMRegisterLevel(): init RMS 0.734734
#FOTS# QuadFit found better minimum quadopt=(dt=0.256,rms=0.733637) vs oldopt=(dt=0.32,rms=0.733693)
#GCMRL#   65 dt   0.256000 rms  0.734  0.149% neg 0  invalid 762 tFOTS 2.7150 tGradient 1.0220 tsec 3.9680
#GCMRL#   66 dt   1.280000 rms  0.729  0.629% neg 0  invalid 762 tFOTS 2.7000 tGradient 1.0290 tsec 3.9590
#FOTS# QuadFit found better minimum quadopt=(dt=0.256,rms=0.727548) vs oldopt=(dt=0.32,rms=0.727597)
#GCMRL#   67 dt   0.256000 rms  0.728  0.000% neg 0  invalid 762 tFOTS 2.6970 tGradient 1.0110 tsec 3.9550
#GCMRL#   68 dt   0.256000 rms  0.726  0.255% neg 0  invalid 762 tFOTS 0.0000 tGradient 1.0270 tsec 1.2510
#GCMRL#   69 dt   0.256000 rms  0.724  0.293% neg 0  invalid 762 tFOTS 0.0000 tGradient 1.0110 tsec 1.2390
#GCMRL#   70 dt   0.256000 rms  0.722  0.257% neg 0  invalid 762 tFOTS 0.0000 tGradient 1.0570 tsec 1.2840
#GCMRL#   71 dt   0.256000 rms  0.720  0.178% neg 0  invalid 762 tFOTS 0.0000 tGradient 1.1030 tsec 1.3300
#GCMRL#   72 dt   0.256000 rms  0.719  0.166% neg 0  invalid 762 tFOTS 0.0000 tGradient 1.0630 tsec 1.2900
#GCMRL#   73 dt   0.256000 rms  0.719  0.096% neg 0  invalid 762 tFOTS 0.0000 tGradient 1.1020 tsec 1.3300
#GCMRL#   74 dt   0.256000 rms  0.719  0.003% neg 0  invalid 762 tFOTS 0.0000 tGradient 1.0870 tsec 1.3290
#FOTS# QuadFit found better minimum quadopt=(dt=0.448,rms=0.718252) vs oldopt=(dt=0.32,rms=0.718268)
#GCMRL#   75 dt   0.448000 rms  0.718  0.037% neg 0  invalid 762 tFOTS 2.7280 tGradient 1.1000 tsec 4.0580
#FOTS# QuadFit found better minimum quadopt=(dt=0.448,rms=0.717275) vs oldopt=(dt=0.32,rms=0.717437)
#GCMRL#   76 dt   0.448000 rms  0.717  0.136% neg 0  invalid 762 tFOTS 2.8260 tGradient 1.0470 tsec 4.1020
#FOTS# QuadFit found better minimum quadopt=(dt=0.028,rms=0.717264) vs oldopt=(dt=0.02,rms=0.717266)
#GCMRL#   77 dt   0.028000 rms  0.717  0.000% neg 0  invalid 762 tFOTS 2.7920 tGradient 1.0430 tsec 4.0770
#GCMRL#   78 dt   0.028000 rms  0.717  0.001% neg 0  invalid 762 tFOTS 0.0000 tGradient 1.0750 tsec 1.2990

#GCAMreg# pass 0 level1 1 level2 1 tsec 44.402 sigma 0.5
l_jacobian=1.00 l_label=1.00 l_log_likelihood=0.20 l_smoothness=20.00 
tol=2.50e-01, dt=5.00e-02, exp_k=20.0, momentum=0.90, levels=6, niter=500, lbl_dist=10.00, avgs=1, sigma=0.5,type=2, relabel=0, neg=no

blurring input image with Gaussian with sigma=0.500...
GCAMRegisterLevel(): init RMS 0.717752
#FOTS# QuadFit found better minimum quadopt=(dt=0.096,rms=0.717207) vs oldopt=(dt=0.08,rms=0.717209)
#GCMRL#   80 dt   0.096000 rms  0.717  0.076% neg 0  invalid 762 tFOTS 2.8020 tGradient 1.0780 tsec 4.1070
#FOTS# QuadFit found better minimum quadopt=(dt=0.112,rms=0.717184) vs oldopt=(dt=0.08,rms=0.717187)
#GCMRL#   81 dt   0.112000 rms  0.717  0.000% neg 0  invalid 762 tFOTS 2.7340 tGradient 1.0530 tsec 4.0340
#GCMRL#   82 dt   0.112000 rms  0.717  0.004% neg 0  invalid 762 tFOTS 0.0000 tGradient 1.0730 tsec 1.2980
#GCMRL#   83 dt   0.112000 rms  0.717  0.007% neg 0  invalid 762 tFOTS 0.0000 tGradient 1.0770 tsec 1.2980
#GCMRL#   84 dt   0.112000 rms  0.717  0.011% neg 0  invalid 762 tFOTS 0.0000 tGradient 1.0870 tsec 1.3310
#GCMRL#   85 dt   0.112000 rms  0.717  0.016% neg 0  invalid 762 tFOTS 0.0000 tGradient 1.0280 tsec 1.2440
#GCMRL#   86 dt   0.112000 rms  0.717  0.020% neg 0  invalid 762 tFOTS 0.0000 tGradient 1.0550 tsec 1.2730
#GCMRL#   87 dt   0.112000 rms  0.717  0.021% neg 0  invalid 762 tFOTS 0.0000 tGradient 1.0350 tsec 1.2610
#GCMRL#   88 dt   0.112000 rms  0.716  0.019% neg 0  invalid 762 tFOTS 0.0000 tGradient 1.0750 tsec 1.2920
resetting metric properties...
setting smoothness cost coefficient to 40.000

#GCAMreg# pass 0 level1 0 level2 0 tsec 0 sigma 2
l_jacobian=1.00 l_label=1.00 l_log_likelihood=0.20 l_smoothness=40.00 
tol=2.50e-01, dt=5.00e-02, exp_k=20.0, momentum=0.90, levels=6, niter=500, lbl_dist=10.00, avgs=0, sigma=2.0,type=2, relabel=0, neg=no

blurring input image with Gaussian with sigma=2.000...
GCAMRegisterLevel(): init RMS 0.699704
#FOTS# QuadFit found better minimum quadopt=(dt=0.146991,rms=0.695854) vs oldopt=(dt=0.08,rms=0.696894)
#GCMRL#   90 dt   0.146991 rms  0.696  0.550% neg 0  invalid 762 tFOTS 2.7560 tGradient 0.7100 tsec 3.7000
#FOTS# QuadFit found better minimum quadopt=(dt=0.004,rms=0.695845) vs oldopt=(dt=0.005,rms=0.695845)
#GCMRL#   91 dt   0.004000 rms  0.696  0.000% neg 0  invalid 762 tFOTS 2.7560 tGradient 0.6560 tsec 3.6520

#GCAMreg# pass 0 level1 0 level2 1 tsec 16.407 sigma 0.5
l_jacobian=1.00 l_label=1.00 l_log_likelihood=0.20 l_smoothness=40.00 
tol=2.50e-01, dt=5.00e-02, exp_k=20.0, momentum=0.90, levels=6, niter=500, lbl_dist=10.00, avgs=0, sigma=0.5,type=2, relabel=0, neg=no

blurring input image with Gaussian with sigma=0.500...
GCAMRegisterLevel(): init RMS 0.696348
#FOTS# QuadFit found better minimum quadopt=(dt=0.006,rms=0.695833) vs oldopt=(dt=0.005,rms=0.695833)
#GCMRL#   93 dt   0.006000 rms  0.696  0.074% neg 0  invalid 762 tFOTS 2.7930 tGradient 0.6410 tsec 3.6640
#GCMRL#   94 dt   0.050000 rms  0.696  0.000% neg 0  invalid 762 tFOTS 2.4960 tGradient 0.6180 tsec 3.3560
GCAMregister done in 5.56677 min
Starting GCAmapRenormalizeWithAlignment() without scales
renormalizing by structure alignment....
renormalizing input #0
gca peak = 0.10253 (16)
mri peak = 0.13044 (16)
Left_Lateral_Ventricle (4): linear fit = 0.70 x + 0.0 (1401 voxels, overlap=0.256)
Left_Lateral_Ventricle (4): linear fit = 0.70 x + 0.0 (1401 voxels, peak = 11), gca=11.3
gca peak = 0.17690 (16)
mri peak = 0.16444 (12)
Right_Lateral_Ventricle (43): linear fit = 0.70 x + 0.0 (1579 voxels, overlap=0.508)
Right_Lateral_Ventricle (43): linear fit = 0.70 x + 0.0 (1579 voxels, peak = 11), gca=11.3
gca peak = 0.28275 (96)
mri peak = 0.15789 (91)
Right_Pallidum (52): linear fit = 0.95 x + 0.0 (1012 voxels, overlap=0.956)
Right_Pallidum (52): linear fit = 0.95 x + 0.0 (1012 voxels, peak = 92), gca=91.7
gca peak = 0.18948 (93)
mri peak = 0.09266 (92)
Left_Pallidum (13): linear fit = 0.98 x + 0.0 (965 voxels, overlap=1.007)
Left_Pallidum (13): linear fit = 0.98 x + 0.0 (965 voxels, peak = 91), gca=90.7
gca peak = 0.20755 (55)
mri peak = 0.18056 (66)
Right_Hippocampus (53): linear fit = 1.15 x + 0.0 (1222 voxels, overlap=0.046)
Right_Hippocampus (53): linear fit = 1.15 x + 0.0 (1222 voxels, peak = 64), gca=63.5
gca peak = 0.31831 (58)
mri peak = 0.17071 (69)
Left_Hippocampus (17): linear fit = 1.16 x + 0.0 (1157 voxels, overlap=0.012)
Left_Hippocampus (17): linear fit = 1.16 x + 0.0 (1157 voxels, peak = 68), gca=67.6
gca peak = 0.11957 (102)
mri peak = 0.09147 (104)
Right_Cerebral_White_Matter (41): linear fit = 1.04 x + 0.0 (67750 voxels, overlap=0.644)
Right_Cerebral_White_Matter (41): linear fit = 1.04 x + 0.0 (67750 voxels, peak = 107), gca=106.6
gca peak = 0.11429 (102)
mri peak = 0.12135 (108)
Left_Cerebral_White_Matter (2): linear fit = 1.05 x + 0.0 (70238 voxels, overlap=0.366)
Left_Cerebral_White_Matter (2): linear fit = 1.05 x + 0.0 (70238 voxels, peak = 108), gca=107.6
gca peak = 0.14521 (59)
mri peak = 0.04540 (61)
Left_Cerebral_Cortex (3): linear fit = 1.08 x + 0.0 (38039 voxels, overlap=0.948)
Left_Cerebral_Cortex (3): linear fit = 1.08 x + 0.0 (38039 voxels, peak = 63), gca=63.4
gca peak = 0.14336 (58)
mri peak = 0.04834 (65)
Right_Cerebral_Cortex (42): linear fit = 1.10 x + 0.0 (39385 voxels, overlap=0.686)
Right_Cerebral_Cortex (42): linear fit = 1.10 x + 0.0 (39385 voxels, peak = 64), gca=63.5
gca peak = 0.13305 (70)
mri peak = 0.14404 (70)
Right_Caudate (50): linear fit = 1.05 x + 0.0 (895 voxels, overlap=0.560)
Right_Caudate (50): linear fit = 1.05 x + 0.0 (895 voxels, peak = 74), gca=73.8
gca peak = 0.15761 (71)
mri peak = 0.12782 (77)
Left_Caudate (11): linear fit = 1.01 x + 0.0 (1052 voxels, overlap=0.902)
Left_Caudate (11): linear fit = 1.01 x + 0.0 (1052 voxels, peak = 72), gca=72.1
gca peak = 0.13537 (57)
mri peak = 0.05210 (57)
Left_Cerebellum_Cortex (8): linear fit = 1.04 x + 0.0 (33013 voxels, overlap=0.941)
Left_Cerebellum_Cortex (8): linear fit = 1.04 x + 0.0 (33013 voxels, peak = 60), gca=59.6
gca peak = 0.13487 (56)
mri peak = 0.05324 (61)
Right_Cerebellum_Cortex (47): linear fit = 1.10 x + 0.0 (38016 voxels, overlap=0.847)
Right_Cerebellum_Cortex (47): linear fit = 1.10 x + 0.0 (38016 voxels, peak = 61), gca=61.3
gca peak = 0.19040 (84)
mri peak = 0.09536 (88)
Left_Cerebellum_White_Matter (7): linear fit = 1.05 x + 0.0 (10557 voxels, overlap=0.541)
Left_Cerebellum_White_Matter (7): linear fit = 1.05 x + 0.0 (10557 voxels, peak = 89), gca=88.6
gca peak = 0.18871 (83)
mri peak = 0.09835 (85)
Right_Cerebellum_White_Matter (46): linear fit = 1.03 x + 0.0 (9556 voxels, overlap=0.832)
Right_Cerebellum_White_Matter (46): linear fit = 1.03 x + 0.0 (9556 voxels, peak = 86), gca=85.9
gca peak = 0.24248 (57)
mri peak = 0.17228 (70)
Left_Amygdala (18): linear fit = 1.21 x + 0.0 (532 voxels, overlap=0.027)
Left_Amygdala (18): linear fit = 1.21 x + 0.0 (532 voxels, peak = 69), gca=68.7
gca peak = 0.35833 (56)
mri peak = 0.20206 (69)
Right_Amygdala (54): linear fit = 1.23 x + 0.0 (678 voxels, overlap=0.022)
Right_Amygdala (54): linear fit = 1.23 x + 0.0 (678 voxels, peak = 69), gca=68.6
gca peak = 0.12897 (85)
mri peak = 0.06564 (88)
Left_Thalamus (10): linear fit = 1.02 x + 0.0 (6047 voxels, overlap=0.913)
Left_Thalamus (10): linear fit = 1.02 x + 0.0 (6047 voxels, peak = 87), gca=87.1
gca peak = 0.13127 (83)
mri peak = 0.07395 (86)
Right_Thalamus (49): linear fit = 1.01 x + 0.0 (5158 voxels, overlap=0.918)
Right_Thalamus (49): linear fit = 1.01 x + 0.0 (5158 voxels, peak = 84), gca=84.2
gca peak = 0.12974 (78)
mri peak = 0.10717 (86)
Left_Putamen (12): linear fit = 1.07 x + 0.0 (2540 voxels, overlap=0.703)
Left_Putamen (12): linear fit = 1.07 x + 0.0 (2540 voxels, peak = 83), gca=83.1
gca peak = 0.17796 (79)
mri peak = 0.13110 (82)
Right_Putamen (51): linear fit = 1.03 x + 0.0 (2728 voxels, overlap=0.861)
Right_Putamen (51): linear fit = 1.03 x + 0.0 (2728 voxels, peak = 82), gca=81.8
gca peak = 0.10999 (80)
mri peak = 0.08713 (88)
Brain_Stem (16): linear fit = 1.12 x + 0.0 (13853 voxels, overlap=0.416)
Brain_Stem (16): linear fit = 1.12 x + 0.0 (13853 voxels, peak = 90), gca=90.0
gca peak = 0.13215 (88)
mri peak = 0.08252 (96)
Right_VentralDC (60): linear fit = 1.09 x + 0.0 (1573 voxels, overlap=0.633)
Right_VentralDC (60): linear fit = 1.09 x + 0.0 (1573 voxels, peak = 95), gca=95.5
gca peak = 0.11941 (89)
mri peak = 0.08673 (97)
Left_VentralDC (28): linear fit = 1.08 x + 0.0 (1565 voxels, overlap=0.618)
Left_VentralDC (28): linear fit = 1.08 x + 0.0 (1565 voxels, peak = 96), gca=95.7
gca peak = 0.20775 (25)
mri peak = 0.25806 (23)
gca peak = 0.13297 (21)
mri peak = 0.27325 (15)
Fourth_Ventricle (15): linear fit = 0.65 x + 0.0 (483 voxels, overlap=0.459)
Fourth_Ventricle (15): linear fit = 0.65 x + 0.0 (483 voxels, peak = 14), gca=13.8
gca peak Unknown = 0.94777 ( 0)
gca peak Left_Inf_Lat_Vent = 0.19087 (28)
gca peak Third_Ventricle = 0.20775 (25)
gca peak Fourth_Ventricle = 0.13297 (21)
gca peak CSF = 0.16821 (33)
gca peak Left_Accumbens_area = 0.32850 (63)
gca peak Left_undetermined = 0.98480 (28)
gca peak Left_vessel = 0.40887 (53)
gca peak Left_choroid_plexus = 0.10898 (46)
gca peak Right_Inf_Lat_Vent = 0.17798 (26)
gca peak Right_Accumbens_area = 0.30137 (64)
gca peak Right_vessel = 0.47828 (52)
gca peak Right_choroid_plexus = 0.11612 (45)
gca peak Fifth_Ventricle = 0.59466 (35)
gca peak WM_hypointensities = 0.10053 (78)
gca peak non_WM_hypointensities = 0.07253 (60)
gca peak Optic_Chiasm = 0.25330 (73)
not using caudate to estimate GM means
estimating mean gm scale to be 1.15 x + 0.0
estimating mean wm scale to be 1.05 x + 0.0
estimating mean csf scale to be 0.70 x + 0.0
saving intensity scales to talairach.label_intensities.txt
GCAmapRenormalizeWithAlignment() took 2.06167 min
noneg pre
Starting GCAMregister()
label assignment complete, 0 changed (0.00%)
npasses = 1, nlevels = 6
#pass# 1 of 1 ************************
enabling zero nodes
setting smoothness cost coefficient to 0.008

#GCAMreg# pass 0 level1 5 level2 0 tsec 0 sigma 2
l_jacobian=1.00 l_label=1.00 l_log_likelihood=0.20 l_smoothness=0.01 
tol=5.00e-02, dt=5.00e-02, exp_k=20.0, momentum=0.90, levels=6, niter=500, lbl_dist=10.00, avgs=256, sigma=2.0,type=2, relabel=0, neg=no

blurring input image with Gaussian with sigma=2.000...
GCAMRegisterLevel(): init RMS 0.722722
#FOTS# QuadFit found better minimum quadopt=(dt=180.034,rms=0.700157) vs oldopt=(dt=92.48,rms=0.705766)
#GCMRL#   96 dt 180.033994 rms  0.700  3.122% neg 0  invalid 762 tFOTS 2.7900 tGradient 1.7100 tsec 4.7560
#FOTS# QuadFit found better minimum quadopt=(dt=235.608,rms=0.691863) vs oldopt=(dt=369.92,rms=0.693918)
#GCMRL#   97 dt 235.608445 rms  0.692  1.185% neg 0  invalid 762 tFOTS 2.9340 tGradient 1.8230 tsec 4.9640
#FOTS# QuadFit found better minimum quadopt=(dt=110.976,rms=0.688857) vs oldopt=(dt=92.48,rms=0.68896)
#GCMRL#   98 dt 110.976000 rms  0.689  0.434% neg 0  invalid 762 tFOTS 2.8720 tGradient 1.7210 tsec 4.8170
#FOTS# QuadFit found better minimum quadopt=(dt=517.888,rms=0.683366) vs oldopt=(dt=369.92,rms=0.683876)
#GCMRL#   99 dt 517.888000 rms  0.683  0.797% neg 0  invalid 762 tFOTS 2.8420 tGradient 1.7410 tsec 4.8090
#GCMRL#  100 dt  92.480000 rms  0.680  0.431% neg 0  invalid 762 tFOTS 3.0830 tGradient 1.8010 tsec 5.1170
#FOTS# QuadFit found better minimum quadopt=(dt=1775.62,rms=0.671275) vs oldopt=(dt=1479.68,rms=0.671466)
#GCMRL#  101 dt 1775.616000 rms  0.671  1.344% neg 0  invalid 762 tFOTS 2.8950 tGradient 1.7270 tsec 4.8520
#GCMRL#  102 dt  92.480000 rms  0.669  0.369% neg 0  invalid 762 tFOTS 2.9530 tGradient 1.7520 tsec 4.9410
#FOTS# QuadFit found better minimum quadopt=(dt=443.904,rms=0.667822) vs oldopt=(dt=369.92,rms=0.667831)
#GCMRL#  103 dt 443.904000 rms  0.668  0.146% neg 0  invalid 762 tFOTS 2.8170 tGradient 1.6540 tsec 4.6940
#FOTS# QuadFit found better minimum quadopt=(dt=129.472,rms=0.666768) vs oldopt=(dt=92.48,rms=0.66698)
#GCMRL#  104 dt 129.472000 rms  0.667  0.158% neg 0  invalid 762 tFOTS 2.9170 tGradient 1.6250 tsec 4.7540
#FOTS# QuadFit found better minimum quadopt=(dt=517.888,rms=0.665528) vs oldopt=(dt=369.92,rms=0.665715)
#GCMRL#  105 dt 517.888000 rms  0.666  0.186% neg 0  invalid 762 tFOTS 2.5840 tGradient 1.7020 tsec 4.4870
#FOTS# QuadFit found better minimum quadopt=(dt=110.976,rms=0.664816) vs oldopt=(dt=92.48,rms=0.664824)
#GCMRL#  106 dt 110.976000 rms  0.665  0.107% neg 0  invalid 762 tFOTS 2.5980 tGradient 1.6530 tsec 4.4570
#GCMRL#  107 dt 369.920000 rms  0.664  0.104% neg 0  invalid 762 tFOTS 2.6100 tGradient 1.6490 tsec 4.4680
#GCMRL#  108 dt  92.480000 rms  0.664  0.081% neg 0  invalid 762 tFOTS 2.6140 tGradient 1.6690 tsec 4.4930
#FOTS# QuadFit found better minimum quadopt=(dt=2071.55,rms=0.65937) vs oldopt=(dt=1479.68,rms=0.66018)
#GCMRL#  109 dt 2071.552000 rms  0.659  0.636% neg 0  invalid 762 tFOTS 2.6150 tGradient 1.7050 tsec 4.5290
#FOTS# QuadFit found better minimum quadopt=(dt=73.984,rms=0.658692) vs oldopt=(dt=92.48,rms=0.658752)
#GCMRL#  110 dt  73.984000 rms  0.659  0.103% neg 0  invalid 762 tFOTS 2.7540 tGradient 1.7290 tsec 4.6930
#FOTS# QuadFit found better minimum quadopt=(dt=129.472,rms=0.658628) vs oldopt=(dt=92.48,rms=0.658633)
#GCMRL#  111 dt 129.472000 rms  0.659  0.000% neg 0  invalid 762 tFOTS 2.7520 tGradient 1.7680 tsec 4.7380
#GCMRL#  112 dt 129.472000 rms  0.658  0.043% neg 0  invalid 762 tFOTS 0.0000 tGradient 1.7370 tsec 1.9350
#GCMRL#  113 dt 129.472000 rms  0.658  0.063% neg 0  invalid 762 tFOTS 0.0000 tGradient 1.7520 tsec 1.9460
#GCMRL#  114 dt 129.472000 rms  0.657  0.077% neg 0  invalid 762 tFOTS 0.0000 tGradient 1.7860 tsec 1.9860
#GCMRL#  115 dt 129.472000 rms  0.657  0.097% neg 0  invalid 762 tFOTS 0.0000 tGradient 1.7380 tsec 1.9380
#GCMRL#  116 dt 129.472000 rms  0.656  0.124% neg 0  invalid 762 tFOTS 0.0000 tGradient 1.7510 tsec 1.9500
#GCMRL#  117 dt 129.472000 rms  0.655  0.141% neg 0  invalid 762 tFOTS 0.0000 tGradient 1.7600 tsec 1.9580
#GCMRL#  118 dt 129.472000 rms  0.654  0.143% neg 0  invalid 762 tFOTS 0.0000 tGradient 1.7540 tsec 1.9490
#GCMRL#  119 dt 129.472000 rms  0.653  0.142% neg 0  invalid 762 tFOTS 0.0000 tGradient 1.7510 tsec 1.9500
#GCMRL#  120 dt 129.472000 rms  0.652  0.151% neg 0  invalid 762 tFOTS 0.0000 tGradient 1.7710 tsec 1.9710
#GCMRL#  121 dt 129.472000 rms  0.651  0.161% neg 0  invalid 762 tFOTS 0.0000 tGradient 1.7990 tsec 1.9990
#GCMRL#  122 dt 129.472000 rms  0.650  0.157% neg 0  invalid 762 tFOTS 0.0000 tGradient 1.7790 tsec 1.9790
#GCMRL#  123 dt 129.472000 rms  0.649  0.159% neg 0  invalid 762 tFOTS 0.0000 tGradient 1.8670 tsec 2.0640
#GCMRL#  124 dt 129.472000 rms  0.648  0.164% neg 0  invalid 762 tFOTS 0.0000 tGradient 1.8200 tsec 2.0210
#GCMRL#  125 dt 129.472000 rms  0.647  0.174% neg 0  invalid 762 tFOTS 0.0000 tGradient 1.9330 tsec 2.1350
#GCMRL#  126 dt 129.472000 rms  0.646  0.174% neg 0  invalid 762 tFOTS 0.0000 tGradient 1.8020 tsec 2.0030
#GCMRL#  127 dt 129.472000 rms  0.645  0.160% neg 0  invalid 762 tFOTS 0.0000 tGradient 1.9770 tsec 2.1820
#GCMRL#  128 dt 129.472000 rms  0.644  0.159% neg 0  invalid 762 tFOTS 0.0000 tGradient 1.8450 tsec 2.0490
#GCMRL#  129 dt 129.472000 rms  0.643  0.160% neg 0  invalid 762 tFOTS 0.0000 tGradient 1.8130 tsec 2.0200
#GCMRL#  130 dt 129.472000 rms  0.642  0.158% neg 0  invalid 762 tFOTS 0.0000 tGradient 1.8000 tsec 2.0120
#GCMRL#  131 dt 129.472000 rms  0.641  0.144% neg 0  invalid 762 tFOTS 0.0000 tGradient 1.8240 tsec 2.0370
#GCMRL#  132 dt 129.472000 rms  0.640  0.128% neg 0  invalid 762 tFOTS 0.0000 tGradient 1.8650 tsec 2.0810
#GCMRL#  133 dt 129.472000 rms  0.639  0.114% neg 0  invalid 762 tFOTS 0.0000 tGradient 2.0020 tsec 2.2350
#GCMRL#  134 dt 129.472000 rms  0.639  0.106% neg 0  invalid 762 tFOTS 0.0000 tGradient 1.8180 tsec 2.0530
#GCMRL#  135 dt 129.472000 rms  0.638  0.108% neg 0  invalid 762 tFOTS 0.0000 tGradient 1.8170 tsec 2.0440
#GCMRL#  136 dt 129.472000 rms  0.637  0.106% neg 0  invalid 762 tFOTS 0.0000 tGradient 1.8970 tsec 2.1270
#GCMRL#  137 dt 129.472000 rms  0.637  0.098% neg 0  invalid 762 tFOTS 0.0000 tGradient 1.8060 tsec 2.0390
#GCMRL#  138 dt 129.472000 rms  0.636  0.096% neg 0  invalid 762 tFOTS 0.0000 tGradient 1.8090 tsec 2.0340
#GCMRL#  139 dt 129.472000 rms  0.635  0.097% neg 0  invalid 762 tFOTS 0.0000 tGradient 1.8050 tsec 2.0380
#GCMRL#  140 dt 129.472000 rms  0.635  0.097% neg 0  invalid 762 tFOTS 0.0000 tGradient 1.7810 tsec 2.0020
#GCMRL#  141 dt 129.472000 rms  0.634  0.092% neg 0  invalid 762 tFOTS 0.0000 tGradient 1.7390 tsec 1.9550
#GCMRL#  142 dt 129.472000 rms  0.634  0.088% neg 0  invalid 762 tFOTS 0.0000 tGradient 1.7060 tsec 1.9170
#GCMRL#  143 dt 129.472000 rms  0.633  0.083% neg 0  invalid 762 tFOTS 0.0000 tGradient 1.7510 tsec 1.9650
#GCMRL#  144 dt 129.472000 rms  0.632  0.083% neg 0  invalid 762 tFOTS 0.0000 tGradient 1.7150 tsec 1.9260
#GCMRL#  145 dt 129.472000 rms  0.632  0.084% neg 0  invalid 762 tFOTS 0.0000 tGradient 1.7770 tsec 1.9880
#GCMRL#  146 dt 129.472000 rms  0.631  0.087% neg 0  invalid 762 tFOTS 0.0000 tGradient 1.7500 tsec 1.9590
#GCMRL#  147 dt 129.472000 rms  0.631  0.087% neg 0  invalid 762 tFOTS 0.0000 tGradient 1.7310 tsec 1.9390
#GCMRL#  148 dt 129.472000 rms  0.630  0.080% neg 0  invalid 762 tFOTS 0.0000 tGradient 1.7100 tsec 1.9200
#GCMRL#  149 dt 129.472000 rms  0.630  0.077% neg 0  invalid 762 tFOTS 0.0000 tGradient 1.7170 tsec 1.9320
#GCMRL#  150 dt 129.472000 rms  0.629  0.072% neg 0  invalid 762 tFOTS 0.0000 tGradient 1.7110 tsec 1.9200
#GCMRL#  151 dt 129.472000 rms  0.629  0.069% neg 0  invalid 762 tFOTS 0.0000 tGradient 1.7540 tsec 1.9710
#GCMRL#  152 dt 129.472000 rms  0.629  0.070% neg 0  invalid 762 tFOTS 0.0000 tGradient 1.7750 tsec 2.0150
#GCMRL#  153 dt 129.472000 rms  0.628  0.067% neg 0  invalid 762 tFOTS 0.0000 tGradient 2.1570 tsec 2.4030
#GCMRL#  154 dt 129.472000 rms  0.628  0.062% neg 0  invalid 762 tFOTS 0.0000 tGradient 1.9750 tsec 2.1940
#GCMRL#  155 dt 129.472000 rms  0.627  0.056% neg 0  invalid 762 tFOTS 0.0000 tGradient 1.7430 tsec 1.9610
#GCMRL#  156 dt 129.472000 rms  0.627  0.050% neg 0  invalid 762 tFOTS 0.0000 tGradient 1.7910 tsec 2.0080
#GCMRL#  157 dt 129.472000 rms  0.627  0.046% neg 0  invalid 762 tFOTS 0.0000 tGradient 1.7940 tsec 2.0100
#GCMRL#  158 dt 129.472000 rms  0.626  0.047% neg 0  invalid 762 tFOTS 0.0000 tGradient 2.1010 tsec 2.3500
#GCMRL#  159 dt 129.472000 rms  0.626  0.047% neg 0  invalid 762 tFOTS 0.0000 tGradient 1.9480 tsec 2.1590
#GCMRL#  160 dt 129.472000 rms  0.626  0.046% neg 0  invalid 762 tFOTS 0.0000 tGradient 1.7160 tsec 1.9280
#GCMRL#  161 dt 129.472000 rms  0.626  0.042% neg 0  invalid 762 tFOTS 0.0000 tGradient 1.7580 tsec 1.9700
#GCMRL#  162 dt 129.472000 rms  0.625  0.038% neg 0  invalid 762 tFOTS 0.0000 tGradient 1.7150 tsec 1.9260
#GCMRL#  163 dt 129.472000 rms  0.625  0.037% neg 0  invalid 762 tFOTS 0.0000 tGradient 1.7430 tsec 1.9600
#GCMRL#  164 dt 129.472000 rms  0.625  0.037% neg 0  invalid 762 tFOTS 0.0000 tGradient 1.7480 tsec 1.9590
#GCMRL#  165 dt 129.472000 rms  0.625  0.038% neg 0  invalid 762 tFOTS 0.0000 tGradient 1.7510 tsec 1.9590
#GCMRL#  166 dt 129.472000 rms  0.624  0.035% neg 0  invalid 762 tFOTS 0.0000 tGradient 1.7430 tsec 1.9510
#GCMRL#  167 dt 129.472000 rms  0.624  0.035% neg 0  invalid 762 tFOTS 0.0000 tGradient 1.7550 tsec 1.9700
#GCMRL#  168 dt 129.472000 rms  0.624  0.035% neg 0  invalid 762 tFOTS 0.0000 tGradient 1.7610 tsec 1.9700
#GCMRL#  169 dt 129.472000 rms  0.624  0.036% neg 0  invalid 762 tFOTS 0.0000 tGradient 1.7690 tsec 1.9810
#GCMRL#  170 dt 129.472000 rms  0.624  0.035% neg 0  invalid 762 tFOTS 0.0000 tGradient 1.7560 tsec 1.9700
#GCMRL#  171 dt 129.472000 rms  0.623  0.032% neg 0  invalid 762 tFOTS 0.0000 tGradient 1.7610 tsec 1.9840
#GCMRL#  172 dt 129.472000 rms  0.623  0.031% neg 0  invalid 762 tFOTS 0.0000 tGradient 1.7970 tsec 2.0040
#GCMRL#  173 dt 129.472000 rms  0.623  0.031% neg 0  invalid 762 tFOTS 0.0000 tGradient 1.7480 tsec 1.9530
#GCMRL#  174 dt 129.472000 rms  0.623  0.032% neg 0  invalid 762 tFOTS 0.0000 tGradient 1.7390 tsec 1.9450
#GCMRL#  175 dt 129.472000 rms  0.623  0.031% neg 0  invalid 762 tFOTS 0.0000 tGradient 1.7950 tsec 1.9970
#GCMRL#  176 dt 129.472000 rms  0.622  0.028% neg 0  invalid 762 tFOTS 0.0000 tGradient 1.7710 tsec 1.9770
#GCMRL#  177 dt 129.472000 rms  0.622  0.031% neg 0  invalid 762 tFOTS 0.0000 tGradient 1.8360 tsec 2.0460
#GCMRL#  178 dt 129.472000 rms  0.622  0.031% neg 0  invalid 762 tFOTS 0.0000 tGradient 1.7510 tsec 1.9580
#GCMRL#  179 dt 129.472000 rms  0.622  0.027% neg 0  invalid 762 tFOTS 0.0000 tGradient 1.8220 tsec 2.0300
#GCMRL#  180 dt 129.472000 rms  0.622  0.024% neg 0  invalid 762 tFOTS 0.0000 tGradient 1.7410 tsec 1.9450
#GCMRL#  181 dt 129.472000 rms  0.622  0.024% neg 0  invalid 762 tFOTS 0.0000 tGradient 1.8180 tsec 2.0250
#GCMRL#  182 dt 129.472000 rms  0.621  0.027% neg 0  invalid 762 tFOTS 0.0000 tGradient 1.8530 tsec 2.0620
#GCMRL#  183 dt 129.472000 rms  0.621  0.026% neg 0  invalid 762 tFOTS 0.0000 tGradient 1.8730 tsec 2.0800
#GCMRL#  184 dt 129.472000 rms  0.621  0.024% neg 0  invalid 762 tFOTS 0.0000 tGradient 1.8810 tsec 2.0890
#GCMRL#  185 dt 129.472000 rms  0.621  0.022% neg 0  invalid 762 tFOTS 0.0000 tGradient 1.7210 tsec 1.9410
#GCMRL#  186 dt 5918.720000 rms  0.620  0.090% neg 0  invalid 762 tFOTS 2.8020 tGradient 1.7420 tsec 4.7500
#FOTS# QuadFit found better minimum quadopt=(dt=32.368,rms=0.620318) vs oldopt=(dt=23.12,rms=0.620339)
#GCMRL#  187 dt  32.368000 rms  0.620  0.000% neg 0  invalid 762 tFOTS 2.9330 tGradient 1.7300 tsec 4.8960
#GCMRL#  188 dt  32.368000 rms  0.620  0.005% neg 0  invalid 762 tFOTS 0.0000 tGradient 1.7340 tsec 1.9410

#GCAMreg# pass 0 level1 5 level2 1 tsec 246.593 sigma 0.5
l_jacobian=1.00 l_label=1.00 l_log_likelihood=0.20 l_smoothness=0.01 
tol=5.00e-02, dt=5.00e-02, exp_k=20.0, momentum=0.90, levels=6, niter=500, lbl_dist=10.00, avgs=256, sigma=0.5,type=2, relabel=0, neg=no

blurring input image with Gaussian with sigma=0.500...
GCAMRegisterLevel(): init RMS 0.620806
#FOTS# QuadFit found better minimum quadopt=(dt=129.472,rms=0.620023) vs oldopt=(dt=92.48,rms=0.620072)
#GCMRL#  190 dt 129.472000 rms  0.620  0.126% neg 0  invalid 762 tFOTS 2.8190 tGradient 1.7900 tsec 4.8190
#FOTS# QuadFit found better minimum quadopt=(dt=517.888,rms=0.619435) vs oldopt=(dt=369.92,rms=0.619532)
#GCMRL#  191 dt 517.888000 rms  0.619  0.095% neg 0  invalid 762 tFOTS 2.9240 tGradient 1.7940 tsec 4.9340
#FOTS# QuadFit found better minimum quadopt=(dt=129.472,rms=0.61936) vs oldopt=(dt=92.48,rms=0.619368)
#GCMRL#  192 dt 129.472000 rms  0.619  0.000% neg 0  invalid 762 tFOTS 2.9350 tGradient 1.8270 tsec 4.9980
#GCMRL#  193 dt 129.472000 rms  0.619  0.019% neg 0  invalid 762 tFOTS 0.0000 tGradient 1.8820 tsec 2.0890
#GCMRL#  194 dt 129.472000 rms  0.619  0.020% neg 0  invalid 762 tFOTS 0.0000 tGradient 1.7790 tsec 1.9870
#GCMRL#  195 dt 129.472000 rms  0.619  0.024% neg 0  invalid 762 tFOTS 0.0000 tGradient 1.7450 tsec 1.9530
#GCMRL#  196 dt 129.472000 rms  0.619  0.026% neg 0  invalid 762 tFOTS 0.0000 tGradient 1.8590 tsec 2.0630
#GCMRL#  197 dt 129.472000 rms  0.619  0.030% neg 0  invalid 762 tFOTS 0.0000 tGradient 1.7140 tsec 1.9700
#GCMRL#  198 dt 129.472000 rms  0.618  0.030% neg 0  invalid 762 tFOTS 0.0000 tGradient 1.7010 tsec 1.9100
#GCMRL#  199 dt 129.472000 rms  0.618  0.030% neg 0  invalid 762 tFOTS 0.0000 tGradient 1.8730 tsec 2.0830
#GCMRL#  200 dt 129.472000 rms  0.618  0.023% neg 0  invalid 762 tFOTS 0.0000 tGradient 1.8260 tsec 2.0350
#GCMRL#  201 dt 129.472000 rms  0.618  0.019% neg 0  invalid 762 tFOTS 0.0000 tGradient 1.7880 tsec 2.0140
#FOTS# QuadFit found better minimum quadopt=(dt=1183.74,rms=0.617848) vs oldopt=(dt=1479.68,rms=0.617856)
#GCMRL#  202 dt 1183.744000 rms  0.618  0.024% neg 0  invalid 762 tFOTS 2.9790 tGradient 1.7360 tsec 4.9350
#FOTS# QuadFit found better minimum quadopt=(dt=73.984,rms=0.617807) vs oldopt=(dt=92.48,rms=0.617811)
#GCMRL#  203 dt  73.984000 rms  0.618  0.000% neg 0  invalid 762 tFOTS 2.9620 tGradient 1.8590 tsec 5.0560
#GCMRL#  204 dt  73.984000 rms  0.618  0.002% neg 0  invalid 762 tFOTS 0.0000 tGradient 1.7730 tsec 1.9840
#GCMRL#  205 dt  73.984000 rms  0.618  0.001% neg 0  invalid 762 tFOTS 0.0000 tGradient 1.7640 tsec 1.9760
#GCMRL#  206 dt  73.984000 rms  0.618  0.004% neg 0  invalid 762 tFOTS 0.0000 tGradient 1.7490 tsec 1.9580
#GCMRL#  207 dt  73.984000 rms  0.618  0.008% neg 0  invalid 762 tFOTS 0.0000 tGradient 1.7620 tsec 1.9740
#GCMRL#  208 dt  73.984000 rms  0.618  0.010% neg 0  invalid 762 tFOTS 0.0000 tGradient 1.7720 tsec 1.9850
setting smoothness cost coefficient to 0.031

#GCAMreg# pass 0 level1 4 level2 0 tsec 0 sigma 2
l_jacobian=1.00 l_label=1.00 l_log_likelihood=0.20 l_smoothness=0.03 
tol=5.00e-02, dt=5.00e-02, exp_k=20.0, momentum=0.90, levels=6, niter=500, lbl_dist=10.00, avgs=64, sigma=2.0,type=2, relabel=0, neg=no

blurring input image with Gaussian with sigma=2.000...
GCAMRegisterLevel(): init RMS 0.620572
#FOTS# QuadFit found better minimum quadopt=(dt=208.842,rms=0.614664) vs oldopt=(dt=103.68,rms=0.615854)
#GCMRL#  210 dt 208.842105 rms  0.615  0.952% neg 0  invalid 762 tFOTS 2.7250 tGradient 1.4500 tsec 4.3910
#FOTS# QuadFit found better minimum quadopt=(dt=132.207,rms=0.607729) vs oldopt=(dt=103.68,rms=0.607998)
#GCMRL#  211 dt 132.206573 rms  0.608  1.128% neg 0  invalid 762 tFOTS 2.7850 tGradient 1.3810 tsec 4.3890
#FOTS# QuadFit found better minimum quadopt=(dt=62.208,rms=0.605135) vs oldopt=(dt=103.68,rms=0.606031)
#GCMRL#  212 dt  62.208000 rms  0.605  0.427% neg 0  invalid 762 tFOTS 2.7010 tGradient 1.4000 tsec 4.3110
#FOTS# QuadFit found better minimum quadopt=(dt=580.608,rms=0.594802) vs oldopt=(dt=414.72,rms=0.596233)
#GCMRL#  213 dt 580.608000 rms  0.595  1.708% neg 0  invalid 762 tFOTS 2.6650 tGradient 1.3740 tsec 4.2550
#FOTS# QuadFit found better minimum quadopt=(dt=62.6286,rms=0.591158) vs oldopt=(dt=25.92,rms=0.592083)
#GCMRL#  214 dt  62.628571 rms  0.591  0.613% neg 0  invalid 762 tFOTS 2.7240 tGradient 1.3510 tsec 4.2890
#FOTS# QuadFit found better minimum quadopt=(dt=145.152,rms=0.589016) vs oldopt=(dt=103.68,rms=0.589255)
#GCMRL#  215 dt 145.152000 rms  0.589  0.362% neg 0  invalid 762 tFOTS 2.7260 tGradient 1.3960 tsec 4.3720
#FOTS# QuadFit found better minimum quadopt=(dt=36.288,rms=0.588114) vs oldopt=(dt=25.92,rms=0.588274)
#GCMRL#  216 dt  36.288000 rms  0.588  0.153% neg 0  invalid 762 tFOTS 2.6640 tGradient 1.4390 tsec 4.3220
#FOTS# QuadFit found better minimum quadopt=(dt=248.832,rms=0.586455) vs oldopt=(dt=414.72,rms=0.586731)
#GCMRL#  217 dt 248.832000 rms  0.586  0.282% neg 0  invalid 762 tFOTS 2.9170 tGradient 1.3650 tsec 4.5050
#FOTS# QuadFit found better minimum quadopt=(dt=74.8936,rms=0.584452) vs oldopt=(dt=103.68,rms=0.58475)
#GCMRL#  218 dt  74.893617 rms  0.584  0.341% neg 0  invalid 762 tFOTS 3.0520 tGradient 1.3630 tsec 4.6350
#FOTS# QuadFit found better minimum quadopt=(dt=62.208,rms=0.583826) vs oldopt=(dt=103.68,rms=0.583932)
#GCMRL#  219 dt  62.208000 rms  0.584  0.107% neg 0  invalid 762 tFOTS 3.0990 tGradient 1.3910 tsec 4.7260
#GCMRL#  220 dt 414.720000 rms  0.581  0.428% neg 0  invalid 762 tFOTS 3.0440 tGradient 1.4110 tsec 4.6900
#FOTS# QuadFit found better minimum quadopt=(dt=54.2041,rms=0.579362) vs oldopt=(dt=25.92,rms=0.579713)
#GCMRL#  221 dt  54.204082 rms  0.579  0.338% neg 0  invalid 762 tFOTS 2.7010 tGradient 1.3650 tsec 4.2850
#FOTS# QuadFit found better minimum quadopt=(dt=145.152,rms=0.578229) vs oldopt=(dt=103.68,rms=0.578461)
#GCMRL#  222 dt 145.152000 rms  0.578  0.196% neg 0  invalid 762 tFOTS 2.6770 tGradient 1.3330 tsec 4.2270
#FOTS# QuadFit found better minimum quadopt=(dt=82.944,rms=0.577661) vs oldopt=(dt=103.68,rms=0.577744)
#GCMRL#  223 dt  82.944000 rms  0.578  0.098% neg 0  invalid 762 tFOTS 2.8200 tGradient 1.4390 tsec 4.4750
#GCMRL#  224 dt 103.680000 rms  0.577  0.122% neg 0  invalid 762 tFOTS 2.7810 tGradient 1.3130 tsec 4.3100
#FOTS# QuadFit found better minimum quadopt=(dt=65,rms=0.576346) vs oldopt=(dt=103.68,rms=0.576525)
#GCMRL#  225 dt  65.000000 rms  0.576  0.105% neg 0  invalid 762 tFOTS 2.7860 tGradient 1.3570 tsec 4.3600
#FOTS# QuadFit found better minimum quadopt=(dt=145.152,rms=0.575613) vs oldopt=(dt=103.68,rms=0.575679)
#GCMRL#  226 dt 145.152000 rms  0.576  0.127% neg 0  invalid 762 tFOTS 2.7970 tGradient 1.3410 tsec 4.3500
#FOTS# QuadFit found better minimum quadopt=(dt=36.288,rms=0.575063) vs oldopt=(dt=25.92,rms=0.575173)
#GCMRL#  227 dt  36.288000 rms  0.575  0.096% neg 0  invalid 762 tFOTS 2.5700 tGradient 1.3560 tsec 4.1430
#FOTS# QuadFit found better minimum quadopt=(dt=580.608,rms=0.573095) vs oldopt=(dt=414.72,rms=0.57327)
#GCMRL#  228 dt 580.608000 rms  0.573  0.342% neg 0  invalid 762 tFOTS 2.6580 tGradient 1.3890 tsec 4.2470
#FOTS# QuadFit found better minimum quadopt=(dt=70.4,rms=0.57148) vs oldopt=(dt=25.92,rms=0.571806)
#GCMRL#  229 dt  70.400000 rms  0.571  0.282% neg 0  invalid 762 tFOTS 2.8700 tGradient 1.5580 tsec 4.6290
#FOTS# QuadFit found better minimum quadopt=(dt=36.288,rms=0.570887) vs oldopt=(dt=25.92,rms=0.570976)
#GCMRL#  230 dt  36.288000 rms  0.571  0.104% neg 0  invalid 762 tFOTS 2.5880 tGradient 1.3520 tsec 4.1470
#GCMRL#  231 dt 414.720000 rms  0.570  0.169% neg 0  invalid 762 tFOTS 2.5120 tGradient 1.3290 tsec 4.0460
#FOTS# QuadFit found better minimum quadopt=(dt=36.288,rms=0.568849) vs oldopt=(dt=25.92,rms=0.569058)
#GCMRL#  232 dt  36.288000 rms  0.569  0.188% neg 0  invalid 762 tFOTS 2.8760 tGradient 1.3510 tsec 4.4320
#FOTS# QuadFit found better minimum quadopt=(dt=145.152,rms=0.568182) vs oldopt=(dt=103.68,rms=0.568273)
#GCMRL#  233 dt 145.152000 rms  0.568  0.117% neg 0  invalid 762 tFOTS 2.8710 tGradient 1.3910 tsec 4.5010
#FOTS# QuadFit found better minimum quadopt=(dt=36.288,rms=0.567911) vs oldopt=(dt=25.92,rms=0.56796)
#GCMRL#  234 dt  36.288000 rms  0.568  0.000% neg 0  invalid 762 tFOTS 2.7770 tGradient 1.6150 tsec 4.6180
#GCMRL#  235 dt  36.288000 rms  0.568  0.023% neg 0  invalid 762 tFOTS 0.0000 tGradient 1.3360 tsec 1.5340
#GCMRL#  236 dt  36.288000 rms  0.568  0.045% neg 0  invalid 762 tFOTS 0.0000 tGradient 1.4180 tsec 1.6180
#GCMRL#  237 dt  36.288000 rms  0.567  0.068% neg 0  invalid 762 tFOTS 0.0000 tGradient 1.3440 tsec 1.5460
#GCMRL#  238 dt  36.288000 rms  0.567  0.090% neg 0  invalid 762 tFOTS 0.0000 tGradient 1.3410 tsec 1.5380
#GCMRL#  239 dt  36.288000 rms  0.566  0.104% neg 0  invalid 762 tFOTS 0.0000 tGradient 1.2810 tsec 1.4740
#GCMRL#  240 dt  36.288000 rms  0.565  0.117% neg 0  invalid 762 tFOTS 0.0000 tGradient 1.3100 tsec 1.5090
#GCMRL#  241 dt  36.288000 rms  0.565  0.124% neg 0  invalid 762 tFOTS 0.0000 tGradient 1.3010 tsec 1.4980
#GCMRL#  242 dt  36.288000 rms  0.564  0.128% neg 0  invalid 762 tFOTS 0.0000 tGradient 1.3230 tsec 1.5200
#GCMRL#  243 dt  36.288000 rms  0.563  0.132% neg 0  invalid 762 tFOTS 0.0000 tGradient 1.3180 tsec 1.5120
#GCMRL#  244 dt  36.288000 rms  0.562  0.139% neg 0  invalid 762 tFOTS 0.0000 tGradient 1.3070 tsec 1.5020
#GCMRL#  245 dt  36.288000 rms  0.562  0.143% neg 0  invalid 762 tFOTS 0.0000 tGradient 1.3200 tsec 1.5150
#GCMRL#  246 dt  36.288000 rms  0.561  0.140% neg 0  invalid 762 tFOTS 0.0000 tGradient 1.3840 tsec 1.5810
#GCMRL#  247 dt  36.288000 rms  0.560  0.142% neg 0  invalid 762 tFOTS 0.0000 tGradient 1.4450 tsec 1.6420
#GCMRL#  248 dt  36.288000 rms  0.559  0.137% neg 0  invalid 762 tFOTS 0.0000 tGradient 1.4350 tsec 1.6370
#GCMRL#  249 dt  36.288000 rms  0.559  0.129% neg 0  invalid 762 tFOTS 0.0000 tGradient 1.3550 tsec 1.5480
#GCMRL#  250 dt  36.288000 rms  0.558  0.127% neg 0  invalid 762 tFOTS 0.0000 tGradient 1.2940 tsec 1.4940
#GCMRL#  251 dt  36.288000 rms  0.557  0.126% neg 0  invalid 762 tFOTS 0.0000 tGradient 1.3220 tsec 1.5190
#GCMRL#  252 dt  36.288000 rms  0.556  0.123% neg 0  invalid 762 tFOTS 0.0000 tGradient 1.2690 tsec 1.4680
#GCMRL#  253 dt  36.288000 rms  0.556  0.119% neg 0  invalid 762 tFOTS 0.0000 tGradient 1.2830 tsec 1.4790
#GCMRL#  254 dt  36.288000 rms  0.555  0.116% neg 0  invalid 762 tFOTS 0.0000 tGradient 1.2760 tsec 1.4760
#GCMRL#  255 dt  36.288000 rms  0.555  0.110% neg 0  invalid 762 tFOTS 0.0000 tGradient 1.2920 tsec 1.4890
#GCMRL#  256 dt  36.288000 rms  0.554  0.104% neg 0  invalid 762 tFOTS 0.0000 tGradient 1.2810 tsec 1.4820
#GCMRL#  257 dt  36.288000 rms  0.553  0.104% neg 0  invalid 762 tFOTS 0.0000 tGradient 1.2740 tsec 1.4750
#GCMRL#  258 dt  36.288000 rms  0.553  0.099% neg 0  invalid 762 tFOTS 0.0000 tGradient 1.2700 tsec 1.4900
#GCMRL#  259 dt  36.288000 rms  0.552  0.097% neg 0  invalid 762 tFOTS 0.0000 tGradient 1.2570 tsec 1.4790
#GCMRL#  260 dt  36.288000 rms  0.552  0.089% neg 0  invalid 762 tFOTS 0.0000 tGradient 1.2840 tsec 1.4840
#GCMRL#  261 dt  36.288000 rms  0.551  0.084% neg 0  invalid 762 tFOTS 0.0000 tGradient 1.2740 tsec 1.4700
#GCMRL#  262 dt  36.288000 rms  0.551  0.082% neg 0  invalid 762 tFOTS 0.0000 tGradient 1.2790 tsec 1.4880
#GCMRL#  263 dt  36.288000 rms  0.550  0.078% neg 0  invalid 762 tFOTS 0.0000 tGradient 1.3410 tsec 1.5740
#GCMRL#  264 dt  36.288000 rms  0.550  0.074% neg 0  invalid 762 tFOTS 0.0000 tGradient 1.4820 tsec 1.7290
#GCMRL#  265 dt  36.288000 rms  0.550  0.072% neg 0  invalid 762 tFOTS 0.0000 tGradient 1.3830 tsec 1.6580
#GCMRL#  266 dt  36.288000 rms  0.549  0.072% neg 0  invalid 762 tFOTS 0.0000 tGradient 1.3990 tsec 1.6430
#GCMRL#  267 dt  36.288000 rms  0.549  0.069% neg 0  invalid 762 tFOTS 0.0000 tGradient 1.3890 tsec 1.6230
#GCMRL#  268 dt  36.288000 rms  0.549  0.066% neg 0  invalid 762 tFOTS 0.0000 tGradient 1.3270 tsec 1.5340
#GCMRL#  269 dt  36.288000 rms  0.548  0.064% neg 0  invalid 762 tFOTS 0.0000 tGradient 1.2780 tsec 1.4790
#GCMRL#  270 dt  36.288000 rms  0.548  0.062% neg 0  invalid 762 tFOTS 0.0000 tGradient 1.2670 tsec 1.4680
#GCMRL#  271 dt  36.288000 rms  0.548  0.062% neg 0  invalid 762 tFOTS 0.0000 tGradient 1.3040 tsec 1.5070
#GCMRL#  272 dt  36.288000 rms  0.547  0.058% neg 0  invalid 762 tFOTS 0.0000 tGradient 1.3230 tsec 1.5280
#GCMRL#  273 dt  36.288000 rms  0.547  0.057% neg 0  invalid 762 tFOTS 0.0000 tGradient 1.2700 tsec 1.4720
#GCMRL#  274 dt  36.288000 rms  0.547  0.060% neg 0  invalid 762 tFOTS 0.0000 tGradient 1.3430 tsec 1.5450
#GCMRL#  275 dt  36.288000 rms  0.546  0.052% neg 0  invalid 762 tFOTS 0.0000 tGradient 1.3020 tsec 1.5310
#GCMRL#  276 dt  36.288000 rms  0.546  0.053% neg 0  invalid 762 tFOTS 0.0000 tGradient 1.3730 tsec 1.5770
#GCMRL#  277 dt  36.288000 rms  0.546  0.052% neg 0  invalid 762 tFOTS 0.0000 tGradient 1.3790 tsec 1.5820
#GCMRL#  278 dt  36.288000 rms  0.545  0.050% neg 0  invalid 762 tFOTS 0.0000 tGradient 1.3360 tsec 1.5320
#GCMRL#  279 dt  36.288000 rms  0.545  0.048% neg 0  invalid 762 tFOTS 0.0000 tGradient 1.3350 tsec 1.5310
#GCMRL#  280 dt  36.288000 rms  0.545  0.049% neg 0  invalid 762 tFOTS 0.0000 tGradient 1.3350 tsec 1.5400
#GCMRL#  281 dt  36.288000 rms  0.545  0.045% neg 0  invalid 762 tFOTS 0.0000 tGradient 1.3870 tsec 1.5940
#GCMRL#  282 dt  36.288000 rms  0.544  0.047% neg 0  invalid 762 tFOTS 0.0000 tGradient 1.4830 tsec 1.7010
#GCMRL#  283 dt  36.288000 rms  0.544  0.045% neg 0  invalid 762 tFOTS 0.0000 tGradient 1.4220 tsec 1.6780
#GCMRL#  284 dt  36.288000 rms  0.544  0.044% neg 0  invalid 762 tFOTS 0.0000 tGradient 1.3280 tsec 1.5390
#GCMRL#  285 dt  36.288000 rms  0.544  0.042% neg 0  invalid 762 tFOTS 0.0000 tGradient 1.3690 tsec 1.5790
#GCMRL#  286 dt  36.288000 rms  0.543  0.041% neg 0  invalid 762 tFOTS 0.0000 tGradient 1.3660 tsec 1.5760
#GCMRL#  287 dt  36.288000 rms  0.543  0.038% neg 0  invalid 762 tFOTS 0.0000 tGradient 1.3030 tsec 1.5120
#GCMRL#  288 dt  36.288000 rms  0.543  0.033% neg 0  invalid 762 tFOTS 0.0000 tGradient 1.3490 tsec 1.5590
#GCMRL#  289 dt  36.288000 rms  0.543  0.043% neg 0  invalid 762 tFOTS 0.0000 tGradient 1.3180 tsec 1.5300
#GCMRL#  290 dt  36.288000 rms  0.543  0.036% neg 0  invalid 762 tFOTS 0.0000 tGradient 1.4520 tsec 1.7010
#GCMRL#  291 dt  36.288000 rms  0.542  0.037% neg 0  invalid 762 tFOTS 0.0000 tGradient 1.3190 tsec 1.5360
#GCMRL#  292 dt  36.288000 rms  0.542  0.030% neg 0  invalid 762 tFOTS 0.0000 tGradient 1.3090 tsec 1.5280
#GCMRL#  293 dt  36.288000 rms  0.542  0.034% neg 0  invalid 762 tFOTS 0.0000 tGradient 1.4180 tsec 1.6440
#GCMRL#  294 dt  36.288000 rms  0.542  0.038% neg 0  invalid 762 tFOTS 0.0000 tGradient 1.3140 tsec 1.5340
#GCMRL#  295 dt  36.288000 rms  0.542  0.032% neg 0  invalid 762 tFOTS 0.0000 tGradient 1.4590 tsec 1.7030
#GCMRL#  296 dt  36.288000 rms  0.542  0.032% neg 0  invalid 762 tFOTS 0.0000 tGradient 1.3940 tsec 1.6190
#GCMRL#  297 dt  36.288000 rms  0.541  0.030% neg 0  invalid 762 tFOTS 0.0000 tGradient 1.3580 tsec 1.5790
#GCMRL#  298 dt  36.288000 rms  0.541  0.030% neg 0  invalid 762 tFOTS 0.0000 tGradient 1.4200 tsec 1.6400
#GCMRL#  299 dt  36.288000 rms  0.541  0.025% neg 0  invalid 762 tFOTS 0.0000 tGradient 1.3600 tsec 1.5910
#GCMRL#  300 dt  36.288000 rms  0.541  0.029% neg 0  invalid 762 tFOTS 0.0000 tGradient 1.3830 tsec 1.6060
#GCMRL#  301 dt  36.288000 rms  0.541  0.033% neg 0  invalid 762 tFOTS 0.0000 tGradient 1.3390 tsec 1.5710
#GCMRL#  302 dt  36.288000 rms  0.541  0.028% neg 0  invalid 762 tFOTS 0.0000 tGradient 1.4180 tsec 1.6440
#GCMRL#  303 dt  36.288000 rms  0.540  0.027% neg 0  invalid 762 tFOTS 0.0000 tGradient 1.3310 tsec 1.5540
#GCMRL#  304 dt  36.288000 rms  0.540  0.025% neg 0  invalid 762 tFOTS 0.0000 tGradient 1.3240 tsec 1.5400
#GCMRL#  305 dt  36.288000 rms  0.540  0.026% neg 0  invalid 762 tFOTS 0.0000 tGradient 1.3310 tsec 1.5500
#GCMRL#  306 dt  36.288000 rms  0.540  0.026% neg 0  invalid 762 tFOTS 0.0000 tGradient 1.3210 tsec 1.5410
#GCMRL#  307 dt  36.288000 rms  0.540  0.026% neg 0  invalid 762 tFOTS 0.0000 tGradient 1.3300 tsec 1.5500
#GCMRL#  308 dt  36.288000 rms  0.540  0.024% neg 0  invalid 762 tFOTS 0.0000 tGradient 1.3050 tsec 1.5250
#GCMRL#  309 dt  36.288000 rms  0.540  0.024% neg 0  invalid 762 tFOTS 0.0000 tGradient 1.3220 tsec 1.5380
#GCMRL#  310 dt  36.288000 rms  0.539  0.023% neg 0  invalid 762 tFOTS 0.0000 tGradient 1.3140 tsec 1.5510
#FOTS# QuadFit found better minimum quadopt=(dt=580.608,rms=0.539332) vs oldopt=(dt=414.72,rms=0.539361)
#GCMRL#  311 dt 580.608000 rms  0.539  0.029% neg 0  invalid 762 tFOTS 3.2860 tGradient 1.3060 tsec 4.8600

#GCAMreg# pass 0 level1 4 level2 1 tsec 245.254 sigma 0.5
l_jacobian=1.00 l_label=1.00 l_log_likelihood=0.20 l_smoothness=0.03 
tol=5.00e-02, dt=5.00e-02, exp_k=20.0, momentum=0.90, levels=6, niter=500, lbl_dist=10.00, avgs=64, sigma=0.5,type=2, relabel=0, neg=no

blurring input image with Gaussian with sigma=0.500...
GCAMRegisterLevel(): init RMS 0.540056
#FOTS# QuadFit found better minimum quadopt=(dt=124.416,rms=0.538028) vs oldopt=(dt=103.68,rms=0.538067)
#GCMRL#  313 dt 124.416000 rms  0.538  0.375% neg 0  invalid 762 tFOTS 2.9050 tGradient 1.2880 tsec 4.4170
#FOTS# QuadFit found better minimum quadopt=(dt=36.288,rms=0.537523) vs oldopt=(dt=25.92,rms=0.537602)
#GCMRL#  314 dt  36.288000 rms  0.538  0.094% neg 0  invalid 762 tFOTS 2.7020 tGradient 1.3200 tsec 4.2560
#FOTS# QuadFit found better minimum quadopt=(dt=145.152,rms=0.537184) vs oldopt=(dt=103.68,rms=0.537238)
#GCMRL#  315 dt 145.152000 rms  0.537  0.063% neg 0  invalid 762 tFOTS 2.8750 tGradient 1.2850 tsec 4.3870
#FOTS# QuadFit found better minimum quadopt=(dt=124.416,rms=0.536883) vs oldopt=(dt=103.68,rms=0.536887)
#GCMRL#  316 dt 124.416000 rms  0.537  0.056% neg 0  invalid 762 tFOTS 2.9700 tGradient 1.3470 tsec 4.5500
#FOTS# QuadFit found better minimum quadopt=(dt=36.288,rms=0.53668) vs oldopt=(dt=25.92,rms=0.536711)
#GCMRL#  317 dt  36.288000 rms  0.537  0.000% neg 0  invalid 762 tFOTS 3.1620 tGradient 1.3520 tsec 4.7560
#GCMRL#  318 dt  36.288000 rms  0.537  0.008% neg 0  invalid 762 tFOTS 0.0000 tGradient 1.3010 tsec 1.5140
#GCMRL#  319 dt  36.288000 rms  0.537  0.017% neg 0  invalid 762 tFOTS 0.0000 tGradient 1.3040 tsec 1.5190
#GCMRL#  320 dt  36.288000 rms  0.536  0.027% neg 0  invalid 762 tFOTS 0.0000 tGradient 1.3380 tsec 1.5620
#GCMRL#  321 dt  36.288000 rms  0.536  0.035% neg 0  invalid 762 tFOTS 0.0000 tGradient 1.4030 tsec 1.6240
#GCMRL#  322 dt  36.288000 rms  0.536  0.042% neg 0  invalid 762 tFOTS 0.0000 tGradient 1.3270 tsec 1.5500
#GCMRL#  323 dt  36.288000 rms  0.536  0.043% neg 0  invalid 762 tFOTS 0.0000 tGradient 1.6600 tsec 1.9120
#GCMRL#  324 dt  36.288000 rms  0.536  0.042% neg 0  invalid 762 tFOTS 0.0000 tGradient 1.3870 tsec 1.6100
#GCMRL#  325 dt  36.288000 rms  0.535  0.039% neg 0  invalid 762 tFOTS 0.0000 tGradient 1.3880 tsec 1.6150
#GCMRL#  326 dt  36.288000 rms  0.535  0.037% neg 0  invalid 762 tFOTS 0.0000 tGradient 1.4210 tsec 1.6480
#GCMRL#  327 dt  36.288000 rms  0.535  0.035% neg 0  invalid 762 tFOTS 0.0000 tGradient 1.3780 tsec 1.6010
#GCMRL#  328 dt  36.288000 rms  0.535  0.036% neg 0  invalid 762 tFOTS 0.0000 tGradient 1.3820 tsec 1.6090
#GCMRL#  329 dt  36.288000 rms  0.535  0.038% neg 0  invalid 762 tFOTS 0.0000 tGradient 1.4210 tsec 1.6400
#GCMRL#  330 dt  36.288000 rms  0.534  0.037% neg 0  invalid 762 tFOTS 0.0000 tGradient 1.3150 tsec 1.5350
#GCMRL#  331 dt  36.288000 rms  0.534  0.038% neg 0  invalid 762 tFOTS 0.0000 tGradient 1.4750 tsec 1.6890
#GCMRL#  332 dt  36.288000 rms  0.534  0.035% neg 0  invalid 762 tFOTS 0.0000 tGradient 1.3850 tsec 1.6070
#GCMRL#  333 dt  36.288000 rms  0.534  0.034% neg 0  invalid 762 tFOTS 0.0000 tGradient 1.3000 tsec 1.5190
#GCMRL#  334 dt  36.288000 rms  0.534  0.032% neg 0  invalid 762 tFOTS 0.0000 tGradient 1.3070 tsec 1.5200
#GCMRL#  335 dt  36.288000 rms  0.533  0.033% neg 0  invalid 762 tFOTS 0.0000 tGradient 1.3480 tsec 1.5690
#GCMRL#  336 dt  36.288000 rms  0.533  0.030% neg 0  invalid 762 tFOTS 0.0000 tGradient 1.3380 tsec 1.5560
#GCMRL#  337 dt  36.288000 rms  0.533  0.028% neg 0  invalid 762 tFOTS 0.0000 tGradient 1.3350 tsec 1.5560
#GCMRL#  338 dt  36.288000 rms  0.533  0.028% neg 0  invalid 762 tFOTS 0.0000 tGradient 1.3260 tsec 1.5450
#GCMRL#  339 dt  36.288000 rms  0.533  0.026% neg 0  invalid 762 tFOTS 0.0000 tGradient 1.3250 tsec 1.5480
#GCMRL#  340 dt  36.288000 rms  0.533  0.025% neg 0  invalid 762 tFOTS 0.0000 tGradient 1.3050 tsec 1.5280
#GCMRL#  341 dt  36.288000 rms  0.533  0.026% neg 0  invalid 762 tFOTS 0.0000 tGradient 1.2970 tsec 1.5180
#GCMRL#  342 dt  36.288000 rms  0.532  0.023% neg 0  invalid 762 tFOTS 0.0000 tGradient 1.3270 tsec 1.5450
#GCMRL#  343 dt  36.288000 rms  0.532  0.024% neg 0  invalid 762 tFOTS 0.0000 tGradient 1.3340 tsec 1.5530
#GCMRL#  344 dt  36.288000 rms  0.532  0.024% neg 0  invalid 762 tFOTS 0.0000 tGradient 1.3330 tsec 1.5700
#FOTS# QuadFit found better minimum quadopt=(dt=331.776,rms=0.532109) vs oldopt=(dt=414.72,rms=0.532115)
#GCMRL#  345 dt 331.776000 rms  0.532  0.000% neg 0  invalid 762 tFOTS 3.0720 tGradient 1.3330 tsec 4.6510
setting smoothness cost coefficient to 0.118

#GCAMreg# pass 0 level1 3 level2 0 tsec 0 sigma 2
l_jacobian=1.00 l_label=1.00 l_log_likelihood=0.20 l_smoothness=0.12 
tol=5.00e-02, dt=5.00e-02, exp_k=20.0, momentum=0.90, levels=6, niter=500, lbl_dist=10.00, avgs=16, sigma=2.0,type=2, relabel=0, neg=no

blurring input image with Gaussian with sigma=2.000...
GCAMRegisterLevel(): init RMS 0.545768
#GCMRL#  347 dt  32.000000 rms  0.543  0.435% neg 0  invalid 762 tFOTS 2.9340 tGradient 1.1710 tsec 4.3330
#FOTS# QuadFit found better minimum quadopt=(dt=115.724,rms=0.538781) vs oldopt=(dt=128,rms=0.53886)
#GCMRL#  348 dt 115.723554 rms  0.539  0.849% neg 0  invalid 762 tFOTS 2.9410 tGradient 1.1300 tsec 4.3210
#FOTS# QuadFit found better minimum quadopt=(dt=44.8,rms=0.535622) vs oldopt=(dt=32,rms=0.535947)
#GCMRL#  349 dt  44.800000 rms  0.536  0.586% neg 0  invalid 762 tFOTS 2.9250 tGradient 1.2050 tsec 4.3660
#FOTS# QuadFit found better minimum quadopt=(dt=38.4,rms=0.532554) vs oldopt=(dt=32,rms=0.532613)
#GCMRL#  350 dt  38.400000 rms  0.533  0.573% neg 0  invalid 762 tFOTS 2.8880 tGradient 1.1700 tsec 4.2900
#FOTS# QuadFit found better minimum quadopt=(dt=25.6,rms=0.531133) vs oldopt=(dt=32,rms=0.531186)
#GCMRL#  351 dt  25.600000 rms  0.531  0.267% neg 0  invalid 762 tFOTS 2.8940 tGradient 1.2110 tsec 4.3370
#FOTS# QuadFit found better minimum quadopt=(dt=102.4,rms=0.52812) vs oldopt=(dt=128,rms=0.528223)
#GCMRL#  352 dt 102.400000 rms  0.528  0.567% neg 0  invalid 762 tFOTS 2.8690 tGradient 1.1210 tsec 4.2210
#FOTS# QuadFit found better minimum quadopt=(dt=21.7049,rms=0.526011) vs oldopt=(dt=32,rms=0.526482)
#GCMRL#  353 dt  21.704918 rms  0.526  0.399% neg 0  invalid 762 tFOTS 2.9470 tGradient 1.1670 tsec 4.3710
#FOTS# QuadFit found better minimum quadopt=(dt=179.2,rms=0.522973) vs oldopt=(dt=128,rms=0.523171)
#GCMRL#  354 dt 179.200000 rms  0.523  0.577% neg 0  invalid 762 tFOTS 2.7260 tGradient 1.1090 tsec 4.0680
#FOTS# QuadFit found better minimum quadopt=(dt=21.2789,rms=0.520703) vs oldopt=(dt=32,rms=0.521298)
#GCMRL#  355 dt  21.278912 rms  0.521  0.434% neg 0  invalid 762 tFOTS 2.9200 tGradient 1.2200 tsec 4.3880
#FOTS# QuadFit found better minimum quadopt=(dt=76.8,rms=0.519399) vs oldopt=(dt=128,rms=0.519715)
#GCMRL#  356 dt  76.800000 rms  0.519  0.250% neg 0  invalid 762 tFOTS 2.7270 tGradient 1.1570 tsec 4.1150
#FOTS# QuadFit found better minimum quadopt=(dt=25.6,rms=0.518499) vs oldopt=(dt=32,rms=0.518534)
#GCMRL#  357 dt  25.600000 rms  0.518  0.173% neg 0  invalid 762 tFOTS 2.9260 tGradient 1.1420 tsec 4.3010
#FOTS# QuadFit found better minimum quadopt=(dt=38.4,rms=0.517895) vs oldopt=(dt=32,rms=0.51792)
#GCMRL#  358 dt  38.400000 rms  0.518  0.116% neg 0  invalid 762 tFOTS 2.9240 tGradient 1.1800 tsec 4.3360
#GCMRL#  359 dt  32.000000 rms  0.517  0.110% neg 0  invalid 762 tFOTS 2.9190 tGradient 1.1440 tsec 4.2900
#GCMRL#  360 dt  32.000000 rms  0.517  0.098% neg 0  invalid 762 tFOTS 2.8940 tGradient 1.1550 tsec 4.2870
#FOTS# QuadFit found better minimum quadopt=(dt=38.4,rms=0.516327) vs oldopt=(dt=32,rms=0.516335)
#GCMRL#  361 dt  38.400000 rms  0.516  0.096% neg 0  invalid 762 tFOTS 2.8960 tGradient 1.1830 tsec 4.3080
#FOTS# QuadFit found better minimum quadopt=(dt=25.6,rms=0.515847) vs oldopt=(dt=32,rms=0.51586)
#GCMRL#  362 dt  25.600000 rms  0.516  0.093% neg 0  invalid 762 tFOTS 2.9490 tGradient 1.1620 tsec 4.3440
#FOTS# QuadFit found better minimum quadopt=(dt=44.8,rms=0.515325) vs oldopt=(dt=32,rms=0.515375)
#GCMRL#  363 dt  44.800000 rms  0.515  0.101% neg 0  invalid 762 tFOTS 2.6350 tGradient 1.1100 tsec 3.9660
#FOTS# QuadFit found better minimum quadopt=(dt=25.6,rms=0.514892) vs oldopt=(dt=32,rms=0.5149)
#GCMRL#  364 dt  25.600000 rms  0.515  0.084% neg 0  invalid 762 tFOTS 2.7960 tGradient 1.1290 tsec 4.1420
#FOTS# QuadFit found better minimum quadopt=(dt=44.8,rms=0.514402) vs oldopt=(dt=32,rms=0.514444)
#GCMRL#  365 dt  44.800000 rms  0.514  0.095% neg 0  invalid 762 tFOTS 2.5450 tGradient 1.0990 tsec 3.8620
#FOTS# QuadFit found better minimum quadopt=(dt=25.6,rms=0.514072) vs oldopt=(dt=32,rms=0.514079)
#GCMRL#  366 dt  25.600000 rms  0.514  0.064% neg 0  invalid 762 tFOTS 2.7370 tGradient 1.0510 tsec 4.0050
#FOTS# QuadFit found better minimum quadopt=(dt=44.8,rms=0.513526) vs oldopt=(dt=32,rms=0.513581)
#GCMRL#  367 dt  44.800000 rms  0.514  0.106% neg 0  invalid 762 tFOTS 2.5650 tGradient 1.1160 tsec 3.8990
#FOTS# QuadFit found better minimum quadopt=(dt=25.6,rms=0.513202) vs oldopt=(dt=32,rms=0.513212)
#GCMRL#  368 dt  25.600000 rms  0.513  0.063% neg 0  invalid 762 tFOTS 2.7160 tGradient 1.1140 tsec 4.0490
#FOTS# QuadFit found better minimum quadopt=(dt=44.8,rms=0.512792) vs oldopt=(dt=32,rms=0.512823)
#GCMRL#  369 dt  44.800000 rms  0.513  0.080% neg 0  invalid 762 tFOTS 2.5410 tGradient 1.0940 tsec 3.8490
#FOTS# QuadFit found better minimum quadopt=(dt=25.6,rms=0.512454) vs oldopt=(dt=32,rms=0.512473)
#GCMRL#  370 dt  25.600000 rms  0.512  0.066% neg 0  invalid 762 tFOTS 2.7340 tGradient 1.1000 tsec 4.0470
#FOTS# QuadFit found better minimum quadopt=(dt=44.8,rms=0.512073) vs oldopt=(dt=32,rms=0.512091)
#GCMRL#  371 dt  44.800000 rms  0.512  0.074% neg 0  invalid 762 tFOTS 2.5290 tGradient 1.0960 tsec 3.8260
#FOTS# QuadFit found better minimum quadopt=(dt=25.6,rms=0.511753) vs oldopt=(dt=32,rms=0.511783)
#GCMRL#  372 dt  25.600000 rms  0.512  0.062% neg 0  invalid 762 tFOTS 2.6880 tGradient 1.2730 tsec 4.1740
#FOTS# QuadFit found better minimum quadopt=(dt=38.4,rms=0.511428) vs oldopt=(dt=32,rms=0.511431)
#GCMRL#  373 dt  38.400000 rms  0.511  0.064% neg 0  invalid 762 tFOTS 2.4880 tGradient 1.1840 tsec 3.8840
#FOTS# QuadFit found better minimum quadopt=(dt=25.6,rms=0.511147) vs oldopt=(dt=32,rms=0.511159)
#GCMRL#  374 dt  25.600000 rms  0.511  0.055% neg 0  invalid 762 tFOTS 2.4850 tGradient 1.1190 tsec 3.8180
#FOTS# QuadFit found better minimum quadopt=(dt=38.4,rms=0.510864) vs oldopt=(dt=32,rms=0.510867)
#GCMRL#  375 dt  38.400000 rms  0.511  0.055% neg 0  invalid 762 tFOTS 2.3070 tGradient 1.0770 tsec 3.5980
#FOTS# QuadFit found better minimum quadopt=(dt=11.2,rms=0.510694) vs oldopt=(dt=8,rms=0.510742)
#GCMRL#  376 dt  11.200000 rms  0.511  0.000% neg 0  invalid 762 tFOTS 2.3300 tGradient 1.1230 tsec 3.6800
#GCMRL#  377 dt  11.200000 rms  0.511  0.035% neg 0  invalid 762 tFOTS 0.0000 tGradient 1.1080 tsec 1.3120
#GCMRL#  378 dt   2.800000 rms  0.510  0.003% neg 0  invalid 762 tFOTS 0.0000 tGradient 1.1040 tsec 1.6490
#GCMRL#  379 dt   1.400000 rms  0.510  0.002% neg 0  invalid 762 tFOTS 0.0000 tGradient 1.0990 tsec 1.5490
#FOTS# QuadFit found better minimum quadopt=(dt=0.7,rms=0.510482) vs oldopt=(dt=0.5,rms=0.510483)
#GCMRL#  380 dt   0.700000 rms  0.510  0.000% neg 0  invalid 762 tFOTS 2.0160 tGradient 1.0930 tsec 3.3370
#GCMRL#  381 dt   0.350000 rms  0.510  0.001% neg 0  invalid 762 tFOTS 0.0000 tGradient 1.1070 tsec 1.5360
#GCMRL#  382 dt   0.175000 rms  0.510  0.000% neg 0  invalid 762 tFOTS 0.0000 tGradient 1.0930 tsec 1.5230

#GCAMreg# pass 0 level1 3 level2 1 tsec 143.941 sigma 0.5
l_jacobian=1.00 l_label=1.00 l_log_likelihood=0.20 l_smoothness=0.12 
tol=5.00e-02, dt=5.00e-02, exp_k=20.0, momentum=0.90, levels=6, niter=500, lbl_dist=10.00, avgs=16, sigma=0.5,type=2, relabel=0, neg=no

blurring input image with Gaussian with sigma=0.500...
GCAMRegisterLevel(): init RMS 0.511161
#FOTS# QuadFit found better minimum quadopt=(dt=44.8,rms=0.508244) vs oldopt=(dt=32,rms=0.50865)
#GCMRL#  384 dt  44.800000 rms  0.508  0.571% neg 0  invalid 762 tFOTS 2.6480 tGradient 1.1050 tsec 3.9610
#FOTS# QuadFit found better minimum quadopt=(dt=44.8,rms=0.507505) vs oldopt=(dt=32,rms=0.507603)
#GCMRL#  385 dt  44.800000 rms  0.508  0.145% neg 0  invalid 762 tFOTS 2.7270 tGradient 1.1000 tsec 4.0420
#FOTS# QuadFit found better minimum quadopt=(dt=38.4,rms=0.506843) vs oldopt=(dt=32,rms=0.506854)
#GCMRL#  386 dt  38.400000 rms  0.507  0.130% neg 0  invalid 762 tFOTS 2.6910 tGradient 1.1160 tsec 4.0190
#FOTS# QuadFit found better minimum quadopt=(dt=19.2,rms=0.506552) vs oldopt=(dt=32,rms=0.506617)
#GCMRL#  387 dt  19.200000 rms  0.507  0.057% neg 0  invalid 762 tFOTS 2.6960 tGradient 1.1600 tsec 4.0720
#GCMRL#  388 dt 128.000000 rms  0.506  0.191% neg 0  invalid 762 tFOTS 2.5990 tGradient 1.1650 tsec 3.9780
#FOTS# QuadFit found better minimum quadopt=(dt=11.2,rms=0.505351) vs oldopt=(dt=8,rms=0.505438)
#GCMRL#  389 dt  11.200000 rms  0.505  0.000% neg 0  invalid 762 tFOTS 2.6830 tGradient 1.1780 tsec 4.0930
#GCMRL#  390 dt  11.200000 rms  0.505  0.058% neg 0  invalid 762 tFOTS 0.0000 tGradient 1.1270 tsec 1.3270
#GCMRL#  391 dt  11.200000 rms  0.505  0.021% neg 0  invalid 762 tFOTS 0.0000 tGradient 1.1650 tsec 1.3660
#GCMRL#  392 dt  11.200000 rms  0.505  0.023% neg 0  invalid 762 tFOTS 0.0000 tGradient 1.0810 tsec 1.2850
#GCMRL#  393 dt  11.200000 rms  0.504  0.077% neg 0  invalid 762 tFOTS 0.0000 tGradient 1.0770 tsec 1.2790
#GCMRL#  394 dt  11.200000 rms  0.504  0.111% neg 0  invalid 762 tFOTS 0.0000 tGradient 1.0790 tsec 1.2850
#GCMRL#  395 dt  11.200000 rms  0.503  0.080% neg 0  invalid 762 tFOTS 0.0000 tGradient 1.1020 tsec 1.3070
#GCMRL#  396 dt  11.200000 rms  0.503  0.075% neg 0  invalid 762 tFOTS 0.0000 tGradient 1.0970 tsec 1.3110
#GCMRL#  397 dt  11.200000 rms  0.503  0.082% neg 0  invalid 762 tFOTS 0.0000 tGradient 1.1340 tsec 1.3400
#GCMRL#  398 dt  11.200000 rms  0.502  0.064% neg 0  invalid 762 tFOTS 0.0000 tGradient 1.1130 tsec 1.3210
#GCMRL#  399 dt  11.200000 rms  0.502  0.078% neg 0  invalid 762 tFOTS 0.0000 tGradient 1.1540 tsec 1.3720
#GCMRL#  400 dt  11.200000 rms  0.501  0.097% neg 0  invalid 762 tFOTS 0.0000 tGradient 1.1710 tsec 1.3840
#GCMRL#  401 dt  11.200000 rms  0.501  0.112% neg 0  invalid 762 tFOTS 0.0000 tGradient 1.1300 tsec 1.3510
#GCMRL#  402 dt  11.200000 rms  0.501  0.085% neg 0  invalid 762 tFOTS 0.0000 tGradient 1.1550 tsec 1.3740
#GCMRL#  403 dt  11.200000 rms  0.500  0.074% neg 0  invalid 762 tFOTS 0.0000 tGradient 1.1520 tsec 1.3670
#GCMRL#  404 dt  11.200000 rms  0.500  0.067% neg 0  invalid 762 tFOTS 0.0000 tGradient 1.2390 tsec 1.4850
#GCMRL#  405 dt  11.200000 rms  0.499  0.062% neg 0  invalid 762 tFOTS 0.0000 tGradient 1.3820 tsec 1.6140
#GCMRL#  406 dt  11.200000 rms  0.499  0.083% neg 0  invalid 762 tFOTS 0.0000 tGradient 1.1140 tsec 1.3340
#GCMRL#  407 dt  11.200000 rms  0.499  0.090% neg 0  invalid 762 tFOTS 0.0000 tGradient 1.1580 tsec 1.3660
#GCMRL#  408 dt  11.200000 rms  0.498  0.080% neg 0  invalid 762 tFOTS 0.0000 tGradient 1.1500 tsec 1.3660
#GCMRL#  409 dt  11.200000 rms  0.498  0.071% neg 0  invalid 762 tFOTS 0.0000 tGradient 1.1480 tsec 1.3600
#GCMRL#  410 dt  11.200000 rms  0.498  0.063% neg 0  invalid 762 tFOTS 0.0000 tGradient 1.1550 tsec 1.3650
#GCMRL#  411 dt  11.200000 rms  0.497  0.057% neg 0  invalid 762 tFOTS 0.0000 tGradient 1.1410 tsec 1.3420
#GCMRL#  412 dt  11.200000 rms  0.497  0.072% neg 0  invalid 762 tFOTS 0.0000 tGradient 1.0900 tsec 1.2900
#GCMRL#  413 dt  11.200000 rms  0.497  0.070% neg 0  invalid 762 tFOTS 0.0000 tGradient 1.1020 tsec 1.3030
#GCMRL#  414 dt  11.200000 rms  0.496  0.062% neg 0  invalid 762 tFOTS 0.0000 tGradient 1.1170 tsec 1.3160
#GCMRL#  415 dt  11.200000 rms  0.496  0.055% neg 0  invalid 762 tFOTS 0.0000 tGradient 1.0980 tsec 1.3000
#GCMRL#  416 dt  11.200000 rms  0.496  0.044% neg 0  invalid 762 tFOTS 0.0000 tGradient 1.1080 tsec 1.3490
#GCMRL#  417 dt   2.800000 rms  0.496  0.004% neg 0  invalid 762 tFOTS 0.0000 tGradient 1.0970 tsec 1.6430
#GCMRL#  418 dt   1.400000 rms  0.496  0.001% neg 0  invalid 762 tFOTS 0.0000 tGradient 1.1080 tsec 1.5570
#FOTS# QuadFit found better minimum quadopt=(dt=0.175,rms=0.495746) vs oldopt=(dt=0.125,rms=0.495746)
#GCMRL#  419 dt   0.175000 rms  0.496  0.000% neg 0  invalid 762 tFOTS 1.8660 tGradient 1.1010 tsec 3.2010
#GCMRL#  420 dt   0.175000 rms  0.496  0.000% neg 0  invalid 762 tFOTS 0.0000 tGradient 1.1010 tsec 1.3110
#GCMRL#  421 dt   0.043750 rms  0.496  0.000% neg 0  invalid 762 tFOTS 0.0000 tGradient 1.0850 tsec 1.7110
setting smoothness cost coefficient to 0.400

#GCAMreg# pass 0 level1 2 level2 0 tsec 0 sigma 2
l_jacobian=1.00 l_label=1.00 l_log_likelihood=0.20 l_smoothness=0.40 
tol=5.00e-02, dt=5.00e-02, exp_k=20.0, momentum=0.90, levels=6, niter=500, lbl_dist=10.00, avgs=4, sigma=2.0,type=2, relabel=0, neg=no

blurring input image with Gaussian with sigma=2.000...
GCAMRegisterLevel(): init RMS 0.525738
#GCMRL#  423 dt   0.000000 rms  0.525  0.126% neg 0  invalid 762 tFOTS 2.4760 tGradient 1.0050 tsec 3.7050
#GCMRL#  424 dt   0.150000 rms  0.525  0.000% neg 0  invalid 762 tFOTS 2.5220 tGradient 0.9970 tsec 3.8930

#GCAMreg# pass 0 level1 2 level2 1 tsec 16.936 sigma 0.5
l_jacobian=1.00 l_label=1.00 l_log_likelihood=0.20 l_smoothness=0.40 
tol=5.00e-02, dt=5.00e-02, exp_k=20.0, momentum=0.90, levels=6, niter=500, lbl_dist=10.00, avgs=4, sigma=0.5,type=2, relabel=0, neg=no

blurring input image with Gaussian with sigma=0.500...
GCAMRegisterLevel(): init RMS 0.525738
#GCMRL#  426 dt   0.000000 rms  0.525  0.126% neg 0  invalid 762 tFOTS 2.4950 tGradient 1.0150 tsec 3.7240
#GCMRL#  427 dt   0.150000 rms  0.525  0.000% neg 0  invalid 762 tFOTS 2.5100 tGradient 1.0180 tsec 3.9020
setting smoothness cost coefficient to 1.000

#GCAMreg# pass 0 level1 1 level2 0 tsec 0 sigma 2
l_jacobian=1.00 l_label=1.00 l_log_likelihood=0.20 l_smoothness=1.00 
tol=5.00e-02, dt=5.00e-02, exp_k=20.0, momentum=0.90, levels=6, niter=500, lbl_dist=10.00, avgs=1, sigma=2.0,type=2, relabel=0, neg=no

blurring input image with Gaussian with sigma=2.000...
GCAMRegisterLevel(): init RMS 0.58312
#FOTS# QuadFit found better minimum quadopt=(dt=1.792,rms=0.576486) vs oldopt=(dt=1.28,rms=0.577036)
#GCMRL#  429 dt   1.792000 rms  0.576  1.138% neg 0  invalid 762 tFOTS 2.4660 tGradient 0.9030 tsec 3.5740
#FOTS# QuadFit found better minimum quadopt=(dt=0.448,rms=0.576309) vs oldopt=(dt=0.32,rms=0.576332)
#GCMRL#  430 dt   0.448000 rms  0.576  0.000% neg 0  invalid 762 tFOTS 2.4660 tGradient 0.8760 tsec 3.5700

#GCAMreg# pass 0 level1 1 level2 1 tsec 16.327 sigma 0.5
l_jacobian=1.00 l_label=1.00 l_log_likelihood=0.20 l_smoothness=1.00 
tol=5.00e-02, dt=5.00e-02, exp_k=20.0, momentum=0.90, levels=6, niter=500, lbl_dist=10.00, avgs=1, sigma=0.5,type=2, relabel=0, neg=no

blurring input image with Gaussian with sigma=0.500...
GCAMRegisterLevel(): init RMS 0.57689
#FOTS# QuadFit found better minimum quadopt=(dt=0.448,rms=0.576019) vs oldopt=(dt=0.32,rms=0.576074)
#GCMRL#  432 dt   0.448000 rms  0.576  0.151% neg 0  invalid 762 tFOTS 2.5240 tGradient 0.8780 tsec 3.6100
#FOTS# QuadFit found better minimum quadopt=(dt=0.384,rms=0.575935) vs oldopt=(dt=0.32,rms=0.575936)
#GCMRL#  433 dt   0.384000 rms  0.576  0.000% neg 0  invalid 762 tFOTS 2.4440 tGradient 0.8780 tsec 3.5460
resetting metric properties...
setting smoothness cost coefficient to 2.000

#GCAMreg# pass 0 level1 0 level2 0 tsec 0 sigma 2
l_jacobian=1.00 l_label=1.00 l_log_likelihood=0.20 l_smoothness=2.00 
tol=5.00e-02, dt=5.00e-02, exp_k=20.0, momentum=0.90, levels=6, niter=500, lbl_dist=10.00, avgs=0, sigma=2.0,type=2, relabel=0, neg=no

blurring input image with Gaussian with sigma=2.000...
GCAMRegisterLevel(): init RMS 0.510556
#FOTS# QuadFit found better minimum quadopt=(dt=0.448,rms=0.497484) vs oldopt=(dt=0.32,rms=0.500869)
#GCMRL#  435 dt   0.448000 rms  0.497  2.560% neg 0  invalid 762 tFOTS 2.4700 tGradient 0.4710 tsec 3.1540
#FOTS# QuadFit found better minimum quadopt=(dt=0.448,rms=0.494329) vs oldopt=(dt=0.32,rms=0.495202)
#GCMRL#  436 dt   0.448000 rms  0.494  0.634% neg 0  invalid 762 tFOTS 2.3580 tGradient 0.4710 tsec 3.0380
#FOTS# QuadFit found better minimum quadopt=(dt=0.448,rms=0.492407) vs oldopt=(dt=0.32,rms=0.492955)
#GCMRL#  437 dt   0.448000 rms  0.492  0.389% neg 0  invalid 762 tFOTS 2.3100 tGradient 0.5320 tsec 3.0530
#FOTS# QuadFit found better minimum quadopt=(dt=0.448,rms=0.491132) vs oldopt=(dt=0.32,rms=0.491489)
#GCMRL#  438 dt   0.448000 rms  0.491  0.259% neg 0  invalid 762 tFOTS 2.3320 tGradient 0.5160 tsec 3.0580
#FOTS# QuadFit found better minimum quadopt=(dt=0.448,rms=0.490171) vs oldopt=(dt=0.32,rms=0.490438)
#GCMRL#  439 dt   0.448000 rms  0.490  0.196% neg 0  invalid 762 tFOTS 2.2830 tGradient 0.5260 tsec 3.0190
#FOTS# QuadFit found better minimum quadopt=(dt=0.458333,rms=0.489437) vs oldopt=(dt=0.32,rms=0.489653)
#GCMRL#  440 dt   0.458333 rms  0.489  0.150% neg 0  invalid 762 tFOTS 2.3000 tGradient 0.5320 tsec 3.0390
#FOTS# QuadFit found better minimum quadopt=(dt=0.448,rms=0.488858) vs oldopt=(dt=0.32,rms=0.489018)
#GCMRL#  441 dt   0.448000 rms  0.489  0.118% neg 0  invalid 762 tFOTS 2.2980 tGradient 0.5290 tsec 3.0340
#FOTS# QuadFit found better minimum quadopt=(dt=0.448,rms=0.488366) vs oldopt=(dt=0.32,rms=0.488492)
#GCMRL#  442 dt   0.448000 rms  0.488  0.101% neg 0  invalid 762 tFOTS 2.3320 tGradient 0.5320 tsec 3.0990
#FOTS# QuadFit found better minimum quadopt=(dt=0.448,rms=0.487975) vs oldopt=(dt=0.32,rms=0.488081)
#GCMRL#  443 dt   0.448000 rms  0.488  0.080% neg 0  invalid 762 tFOTS 2.3170 tGradient 0.6120 tsec 3.1320
#FOTS# QuadFit found better minimum quadopt=(dt=0.448,rms=0.487646) vs oldopt=(dt=0.32,rms=0.487731)
#GCMRL#  444 dt   0.448000 rms  0.488  0.067% neg 0  invalid 762 tFOTS 2.2800 tGradient 0.5340 tsec 3.0220
#FOTS# QuadFit found better minimum quadopt=(dt=0.448,rms=0.487367) vs oldopt=(dt=0.32,rms=0.487442)
#GCMRL#  445 dt   0.448000 rms  0.487  0.057% neg 0  invalid 762 tFOTS 2.2780 tGradient 0.5450 tsec 3.0320
#FOTS# QuadFit found better minimum quadopt=(dt=0.448,rms=0.487122) vs oldopt=(dt=0.32,rms=0.487182)
#GCMRL#  446 dt   0.448000 rms  0.487  0.050% neg 0  invalid 762 tFOTS 2.2880 tGradient 0.5240 tsec 3.0210
#FOTS# QuadFit found better minimum quadopt=(dt=0.448,rms=0.48691) vs oldopt=(dt=0.32,rms=0.486965)
#GCMRL#  447 dt   0.448000 rms  0.487  0.000% neg 0  invalid 762 tFOTS 2.3080 tGradient 0.5130 tsec 3.0510
#GCMRL#  448 dt   0.448000 rms  0.487  0.039% neg 0  invalid 762 tFOTS 0.0000 tGradient 0.5350 tsec 0.7420
#GCMRL#  449 dt   0.448000 rms  0.486  0.066% neg 0  invalid 762 tFOTS 0.0000 tGradient 0.5100 tsec 0.7130
#GCMRL#  450 dt   0.448000 rms  0.486  0.030% neg 0  invalid 762 tFOTS 0.0000 tGradient 0.5110 tsec 0.8310
#GCMRL#  451 dt   0.448000 rms  0.486  0.050% neg 0  invalid 762 tFOTS 0.0000 tGradient 0.5480 tsec 0.7460
#GCMRL#  452 dt   0.448000 rms  0.486  0.017% neg 0  invalid 762 tFOTS 0.0000 tGradient 0.5310 tsec 0.8500
#GCMRL#  453 dt   0.448000 rms  0.486  0.038% neg 0  invalid 762 tFOTS 0.0000 tGradient 0.5340 tsec 0.7370
#GCMRL#  454 dt   0.448000 rms  0.486  0.016% neg 0  invalid 762 tFOTS 0.0000 tGradient 0.5310 tsec 0.8550
#GCMRL#  455 dt   0.448000 rms  0.486  0.026% neg 0  invalid 762 tFOTS 0.0000 tGradient 0.5370 tsec 0.7420
#GCMRL#  456 dt   0.448000 rms  0.485  0.036% neg 0  invalid 762 tFOTS 0.0000 tGradient 0.5380 tsec 0.7420
#GCMRL#  457 dt   0.224000 rms  0.485  0.008% neg 0  invalid 762 tFOTS 0.0000 tGradient 0.5320 tsec 0.9800
#GCMRL#  458 dt   0.224000 rms  0.485  0.010% neg 0  invalid 762 tFOTS 0.0000 tGradient 0.5350 tsec 0.7390
#GCMRL#  459 dt   0.224000 rms  0.485  0.005% neg 0  invalid 762 tFOTS 0.0000 tGradient 0.5340 tsec 0.8730
#FOTS# QuadFit found better minimum quadopt=(dt=0.448,rms=0.485209) vs oldopt=(dt=0.32,rms=0.485222)
#GCMRL#  460 dt   0.448000 rms  0.485  0.009% neg 0  invalid 762 tFOTS 2.3960 tGradient 0.5340 tsec 3.1430
#GCMRL#  461 dt   0.320000 rms  0.485  0.000% neg 0  invalid 762 tFOTS 2.3010 tGradient 0.5090 tsec 3.0380
#GCMRL#  462 dt   0.320000 rms  0.485  0.004% neg 0  invalid 762 tFOTS 0.0000 tGradient 0.5360 tsec 0.7400
#GCMRL#  463 dt   0.320000 rms  0.485  0.012% neg 0  invalid 762 tFOTS 0.0000 tGradient 0.5340 tsec 0.7380
#GCMRL#  464 dt   0.320000 rms  0.485  0.004% neg 0  invalid 762 tFOTS 0.0000 tGradient 0.5090 tsec 0.8780
#GCMRL#  465 dt   0.320000 rms  0.485  0.011% neg 0  invalid 762 tFOTS 0.0000 tGradient 0.5200 tsec 0.7250

#GCAMreg# pass 0 level1 0 level2 1 tsec 67.432 sigma 0.5
l_jacobian=1.00 l_label=1.00 l_log_likelihood=0.20 l_smoothness=2.00 
tol=5.00e-02, dt=5.00e-02, exp_k=20.0, momentum=0.90, levels=6, niter=500, lbl_dist=10.00, avgs=0, sigma=0.5,type=2, relabel=0, neg=no

blurring input image with Gaussian with sigma=0.500...
GCAMRegisterLevel(): init RMS 0.485757
#FOTS# QuadFit found better minimum quadopt=(dt=0.384,rms=0.482902) vs oldopt=(dt=0.32,rms=0.483225)
#GCMRL#  467 dt   0.384000 rms  0.483  0.588% neg 0  invalid 762 tFOTS 2.3640 tGradient 0.5350 tsec 3.1150
#FOTS# QuadFit found better minimum quadopt=(dt=0.384,rms=0.482455) vs oldopt=(dt=0.32,rms=0.482525)
#GCMRL#  468 dt   0.384000 rms  0.482  0.093% neg 0  invalid 762 tFOTS 2.3550 tGradient 0.5340 tsec 3.1010
#FOTS# QuadFit found better minimum quadopt=(dt=0.384,rms=0.48231) vs oldopt=(dt=0.32,rms=0.482329)
#GCMRL#  469 dt   0.384000 rms  0.482  0.000% neg 0  invalid 762 tFOTS 2.3890 tGradient 0.5230 tsec 3.1410
#GCMRL#  470 dt   0.384000 rms  0.482  0.009% neg 0  invalid 762 tFOTS 0.0000 tGradient 0.5150 tsec 0.7190
#GCMRL#  471 dt   0.384000 rms  0.482  0.014% neg 0  invalid 762 tFOTS 0.0000 tGradient 0.5160 tsec 0.7240
#GCMRL#  472 dt   0.192000 rms  0.482  0.003% neg 0  invalid 762 tFOTS 0.0000 tGradient 0.5330 tsec 0.9710
#GCMRL#  473 dt   0.192000 rms  0.482  0.002% neg 0  invalid 762 tFOTS 0.0000 tGradient 0.5270 tsec 0.7520
GCAMregister done in 16.2307 min
********************* ALLOWING NEGATIVE NODES IN DEFORMATION********************************
noneg post
Starting GCAMregister()
label assignment complete, 0 changed (0.00%)
npasses = 1, nlevels = 6
#pass# 1 of 1 ************************
enabling zero nodes
setting smoothness cost coefficient to 0.008

#GCAMreg# pass 0 level1 5 level2 0 tsec 0 sigma 2
l_jacobian=1.00 l_label=1.00 l_log_likelihood=0.20 l_smoothness=0.01 
tol=2.50e-01, dt=5.00e-02, exp_k=20.0, momentum=0.90, levels=6, niter=500, lbl_dist=10.00, avgs=256, sigma=2.0,type=2, relabel=0, neg=yes

blurring input image with Gaussian with sigma=2.000...
GCAMRegisterLevel(): init RMS 0.480425
#GCMRL#  475 dt  23.120000 rms  0.480  0.156% neg 0  invalid 762 tFOTS 3.0310 tGradient 1.5690 tsec 4.8390
#FOTS# QuadFit found better minimum quadopt=(dt=27.744,rms=0.479668) vs oldopt=(dt=23.12,rms=0.479669)
#GCMRL#  476 dt  27.744000 rms  0.480  0.000% neg 0  invalid 762 tFOTS 3.0150 tGradient 1.5560 tsec 4.8040
#GCMRL#  477 dt  27.744000 rms  0.480  0.002% neg 0  invalid 762 tFOTS 0.0000 tGradient 1.5680 tsec 1.7690
#GCMRL#  478 dt  27.744000 rms  0.480  0.001% neg 0  invalid 762 tFOTS 0.0000 tGradient 1.5610 tsec 1.7730

#GCAMreg# pass 0 level1 5 level2 1 tsec 23.026 sigma 0.5
l_jacobian=1.00 l_label=1.00 l_log_likelihood=0.20 l_smoothness=0.01 
tol=2.50e-01, dt=5.00e-02, exp_k=20.0, momentum=0.90, levels=6, niter=500, lbl_dist=10.00, avgs=256, sigma=0.5,type=2, relabel=0, neg=yes

blurring input image with Gaussian with sigma=0.500...
GCAMRegisterLevel(): init RMS 0.480396
#FOTS# QuadFit found better minimum quadopt=(dt=295.936,rms=0.478734) vs oldopt=(dt=369.92,rms=0.478854)
#GCMRL#  480 dt 295.936000 rms  0.479  0.346% neg 0  invalid 762 tFOTS 2.8420 tGradient 1.5730 tsec 4.6280
#FOTS# QuadFit found better minimum quadopt=(dt=32.368,rms=0.478591) vs oldopt=(dt=23.12,rms=0.47862)
#GCMRL#  481 dt  32.368000 rms  0.479  0.000% neg 0  invalid 762 tFOTS 3.0980 tGradient 1.5630 tsec 4.8890
#GCMRL#  482 dt  32.368000 rms  0.479  0.009% neg 0  invalid 762 tFOTS 0.0000 tGradient 1.6560 tsec 1.8580
setting smoothness cost coefficient to 0.031

#GCAMreg# pass 0 level1 4 level2 0 tsec 0 sigma 2
l_jacobian=1.00 l_label=1.00 l_log_likelihood=0.20 l_smoothness=0.03 
tol=2.50e-01, dt=5.00e-02, exp_k=20.0, momentum=0.90, levels=6, niter=500, lbl_dist=10.00, avgs=64, sigma=2.0,type=2, relabel=0, neg=yes

blurring input image with Gaussian with sigma=2.000...
GCAMRegisterLevel(): init RMS 0.479319
#FOTS# QuadFit found better minimum quadopt=(dt=36.288,rms=0.477978) vs oldopt=(dt=25.92,rms=0.478074)
iter 0, gcam->neg = 1
after 0 iterations, nbhd size=0, neg = 0
#GCMRL#  484 dt  36.288000 rms  0.478  0.280% neg 0  invalid 762 tFOTS 2.8520 tGradient 1.2640 tsec 4.7690
#GCMRL#  485 dt 103.680000 rms  0.477  0.000% neg 0  invalid 762 tFOTS 3.0320 tGradient 1.2010 tsec 4.4780
#GCMRL#  486 dt 103.680000 rms  0.476  0.304% neg 0  invalid 762 tFOTS 0.0000 tGradient 1.2420 tsec 1.4550
iter 0, gcam->neg = 2
after 0 iterations, nbhd size=0, neg = 0
#GCMRL#  487 dt 103.680000 rms  0.475  0.173% neg 0  invalid 762 tFOTS 0.0000 tGradient 1.2780 tsec 1.9340
iter 0, gcam->neg = 4
after 1 iterations, nbhd size=0, neg = 0
#GCMRL#  488 dt 103.680000 rms  0.475 -0.029% neg 0  invalid 762 tFOTS 0.0000 tGradient 1.4050 tsec 2.4770
#FOTS# QuadFit found better minimum quadopt=(dt=36.288,rms=0.4749) vs oldopt=(dt=25.92,rms=0.474909)
iter 0, gcam->neg = 1
after 0 iterations, nbhd size=0, neg = 0
#GCMRL#  489 dt  36.288000 rms  0.475  0.020% neg 0  invalid 762 tFOTS 3.5510 tGradient 1.3320 tsec 5.5970
#FOTS# QuadFit found better minimum quadopt=(dt=145.152,rms=0.474661) vs oldopt=(dt=103.68,rms=0.474686)
iter 0, gcam->neg = 1
after 0 iterations, nbhd size=0, neg = 0
#GCMRL#  490 dt 145.152000 rms  0.475  0.051% neg 0  invalid 762 tFOTS 2.8660 tGradient 1.2220 tsec 4.7490
#FOTS# QuadFit found better minimum quadopt=(dt=36.288,rms=0.474359) vs oldopt=(dt=25.92,rms=0.474414)
#GCMRL#  491 dt  36.288000 rms  0.474  0.063% neg 0  invalid 762 tFOTS 2.8970 tGradient 1.2520 tsec 4.3650
#FOTS# QuadFit found better minimum quadopt=(dt=145.152,rms=0.473978) vs oldopt=(dt=103.68,rms=0.474035)
iter 0, gcam->neg = 2
after 1 iterations, nbhd size=0, neg = 0
#GCMRL#  492 dt 145.152000 rms  0.474  0.081% neg 0  invalid 762 tFOTS 2.8880 tGradient 1.2570 tsec 5.0360
#FOTS# QuadFit found better minimum quadopt=(dt=36.288,rms=0.473817) vs oldopt=(dt=25.92,rms=0.473828)

#GCAMreg# pass 0 level1 4 level2 1 tsec 47.189 sigma 0.5
l_jacobian=1.00 l_label=1.00 l_log_likelihood=0.20 l_smoothness=0.03 
tol=2.50e-01, dt=5.00e-02, exp_k=20.0, momentum=0.90, levels=6, niter=500, lbl_dist=10.00, avgs=64, sigma=0.5,type=2, relabel=0, neg=yes

blurring input image with Gaussian with sigma=0.500...
GCAMRegisterLevel(): init RMS 0.474549
#FOTS# QuadFit found better minimum quadopt=(dt=124.416,rms=0.471797) vs oldopt=(dt=103.68,rms=0.471891)
#GCMRL#  494 dt 124.416000 rms  0.472  0.580% neg 0  invalid 762 tFOTS 2.8900 tGradient 1.1780 tsec 4.2880
#FOTS# QuadFit found better minimum quadopt=(dt=36.288,rms=0.471376) vs oldopt=(dt=25.92,rms=0.471426)
#GCMRL#  495 dt  36.288000 rms  0.471  0.000% neg 0  invalid 762 tFOTS 2.8530 tGradient 1.2100 tsec 4.2970
#GCMRL#  496 dt  36.288000 rms  0.471  0.032% neg 0  invalid 762 tFOTS 0.0000 tGradient 1.2190 tsec 1.4230
#GCMRL#  497 dt  36.288000 rms  0.471  0.043% neg 0  invalid 762 tFOTS 0.0000 tGradient 1.2060 tsec 1.4160
#GCMRL#  498 dt  36.288000 rms  0.471  0.068% neg 0  invalid 762 tFOTS 0.0000 tGradient 1.2050 tsec 1.4280
#GCMRL#  499 dt  36.288000 rms  0.470  0.078% neg 0  invalid 762 tFOTS 0.0000 tGradient 1.2370 tsec 1.4480
#GCMRL#  500 dt  36.288000 rms  0.470  0.093% neg 0  invalid 762 tFOTS 0.0000 tGradient 1.2550 tsec 1.4620
#GCMRL#  501 dt  36.288000 rms  0.469  0.092% neg 0  invalid 762 tFOTS 0.0000 tGradient 1.2140 tsec 1.4250
#GCMRL#  502 dt  36.288000 rms  0.469  0.077% neg 0  invalid 762 tFOTS 0.0000 tGradient 1.2260 tsec 1.4490
#FOTS# QuadFit found better minimum quadopt=(dt=36.288,rms=0.469069) vs oldopt=(dt=25.92,rms=0.469071)
iter 0, gcam->neg = 1
after 0 iterations, nbhd size=0, neg = 0
setting smoothness cost coefficient to 0.118

#GCAMreg# pass 0 level1 3 level2 0 tsec 0 sigma 2
l_jacobian=1.00 l_label=1.00 l_log_likelihood=0.20 l_smoothness=0.12 
tol=2.50e-01, dt=5.00e-02, exp_k=20.0, momentum=0.90, levels=6, niter=500, lbl_dist=10.00, avgs=16, sigma=2.0,type=2, relabel=0, neg=yes

blurring input image with Gaussian with sigma=2.000...
GCAMRegisterLevel(): init RMS 0.470372
#FOTS# QuadFit found better minimum quadopt=(dt=44.8,rms=0.466851) vs oldopt=(dt=32,rms=0.467098)
iter 0, gcam->neg = 22
after 3 iterations, nbhd size=0, neg = 0
#GCMRL#  504 dt  44.800000 rms  0.467  0.745% neg 0  invalid 762 tFOTS 3.1190 tGradient 1.0750 tsec 5.5260
#FOTS# QuadFit found better minimum quadopt=(dt=83.3829,rms=0.462055) vs oldopt=(dt=128,rms=0.463105)
iter 0, gcam->neg = 13
after 16 iterations, nbhd size=1, neg = 0
#GCMRL#  505 dt  83.382857 rms  0.462  1.025% neg 0  invalid 762 tFOTS 2.9990 tGradient 1.0560 tsec 8.2240
#FOTS# QuadFit found better minimum quadopt=(dt=11.2,rms=0.460955) vs oldopt=(dt=8,rms=0.461212)
iter 0, gcam->neg = 2
after 3 iterations, nbhd size=0, neg = 0
#GCMRL#  506 dt  11.200000 rms  0.461  0.000% neg 0  invalid 762 tFOTS 3.1340 tGradient 1.1290 tsec 5.6090
iter 0, gcam->neg = 4
after 10 iterations, nbhd size=1, neg = 0
#GCMRL#  507 dt  11.200000 rms  0.460  0.105% neg 0  invalid 762 tFOTS 0.0000 tGradient 1.0840 tsec 4.0310
iter 0, gcam->neg = 9
after 8 iterations, nbhd size=0, neg = 0
#GCMRL#  508 dt  11.200000 rms  0.460  0.033% neg 0  invalid 762 tFOTS 0.0000 tGradient 1.0570 tsec 3.4440
iter 0, gcam->neg = 11
after 5 iterations, nbhd size=0, neg = 0
#GCMRL#  509 dt  11.200000 rms  0.460  0.053% neg 0  invalid 762 tFOTS 0.0000 tGradient 1.0340 tsec 2.7680
iter 0, gcam->neg = 14
after 4 iterations, nbhd size=0, neg = 0
#GCMRL#  510 dt  11.200000 rms  0.459  0.221% neg 0  invalid 762 tFOTS 0.0000 tGradient 1.0460 tsec 2.5700
iter 0, gcam->neg = 21
after 4 iterations, nbhd size=0, neg = 0
#GCMRL#  511 dt  11.200000 rms  0.458  0.323% neg 0  invalid 762 tFOTS 0.0000 tGradient 1.0550 tsec 2.5840
iter 0, gcam->neg = 22
after 12 iterations, nbhd size=1, neg = 0
#GCMRL#  512 dt  11.200000 rms  0.456  0.284% neg 0  invalid 762 tFOTS 0.0000 tGradient 1.0680 tsec 4.2680
iter 0, gcam->neg = 14
after 2 iterations, nbhd size=0, neg = 0
#GCMRL#  513 dt  11.200000 rms  0.455  0.266% neg 0  invalid 762 tFOTS 0.0000 tGradient 1.0820 tsec 2.1550
iter 0, gcam->neg = 14
after 3 iterations, nbhd size=0, neg = 0
#GCMRL#  514 dt  11.200000 rms  0.454  0.230% neg 0  invalid 762 tFOTS 0.0000 tGradient 1.1090 tsec 2.3890
iter 0, gcam->neg = 12
after 3 iterations, nbhd size=0, neg = 0
#GCMRL#  515 dt  11.200000 rms  0.453  0.163% neg 0  invalid 762 tFOTS 0.0000 tGradient 1.1040 tsec 2.3910
iter 0, gcam->neg = 10
after 13 iterations, nbhd size=1, neg = 0
#GCMRL#  516 dt  11.200000 rms  0.453  0.136% neg 0  invalid 762 tFOTS 0.0000 tGradient 1.0870 tsec 4.4810
iter 0, gcam->neg = 5
after 13 iterations, nbhd size=1, neg = 0
#GCMRL#  517 dt  11.200000 rms  0.452  0.097% neg 0  invalid 762 tFOTS 0.0000 tGradient 1.0720 tsec 4.6560
iter 0, gcam->neg = 3
after 4 iterations, nbhd size=0, neg = 0
#GCMRL#  518 dt  11.200000 rms  0.452  0.119% neg 0  invalid 762 tFOTS 0.0000 tGradient 1.0400 tsec 2.5890
iter 0, gcam->neg = 11
after 12 iterations, nbhd size=1, neg = 0
#GCMRL#  519 dt  11.200000 rms  0.451  0.133% neg 0  invalid 762 tFOTS 0.0000 tGradient 1.0840 tsec 4.5230
iter 0, gcam->neg = 18
after 7 iterations, nbhd size=0, neg = 0
#GCMRL#  520 dt  11.200000 rms  0.450  0.138% neg 0  invalid 762 tFOTS 0.0000 tGradient 1.0600 tsec 3.2450
iter 0, gcam->neg = 35
after 9 iterations, nbhd size=0, neg = 0
#GCMRL#  521 dt  11.200000 rms  0.450  0.122% neg 0  invalid 762 tFOTS 0.0000 tGradient 1.0420 tsec 3.6640
iter 0, gcam->neg = 48
after 19 iterations, nbhd size=1, neg = 0
#GCMRL#  522 dt  11.200000 rms  0.449  0.119% neg 0  invalid 762 tFOTS 0.0000 tGradient 1.0600 tsec 5.8790
#FOTS# QuadFit found better minimum quadopt=(dt=25.6,rms=0.449173) vs oldopt=(dt=32,rms=0.449177)
iter 0, gcam->neg = 14
after 4 iterations, nbhd size=0, neg = 0
#GCMRL#  523 dt  25.600000 rms  0.449  0.000% neg 0  invalid 762 tFOTS 2.8090 tGradient 1.0600 tsec 5.3920
iter 0, gcam->neg = 8
after 7 iterations, nbhd size=0, neg = 0

#GCAMreg# pass 0 level1 3 level2 1 tsec 91.801 sigma 0.5
l_jacobian=1.00 l_label=1.00 l_log_likelihood=0.20 l_smoothness=0.12 
tol=2.50e-01, dt=5.00e-02, exp_k=20.0, momentum=0.90, levels=6, niter=500, lbl_dist=10.00, avgs=16, sigma=0.5,type=2, relabel=0, neg=yes

blurring input image with Gaussian with sigma=0.500...
GCAMRegisterLevel(): init RMS 0.449878
#FOTS# QuadFit found better minimum quadopt=(dt=44.8,rms=0.447031) vs oldopt=(dt=32,rms=0.447193)
iter 0, gcam->neg = 7
after 5 iterations, nbhd size=0, neg = 0
#GCMRL#  525 dt  44.800000 rms  0.447  0.634% neg 0  invalid 762 tFOTS 3.1120 tGradient 1.0470 tsec 5.8900
#FOTS# QuadFit found better minimum quadopt=(dt=23.5044,rms=0.446175) vs oldopt=(dt=32,rms=0.446348)
iter 0, gcam->neg = 1
after 1 iterations, nbhd size=0, neg = 0
#GCMRL#  526 dt  23.504425 rms  0.446  0.000% neg 0  invalid 762 tFOTS 3.3780 tGradient 1.0700 tsec 5.4330
iter 0, gcam->neg = 2
after 2 iterations, nbhd size=0, neg = 0
#GCMRL#  527 dt  23.504425 rms  0.446  0.100% neg 0  invalid 762 tFOTS 0.0000 tGradient 1.1240 tsec 2.2070
#GCMRL#  528 dt  23.504425 rms  0.445  0.117% neg 0  invalid 762 tFOTS 0.0000 tGradient 1.0390 tsec 1.2370
iter 0, gcam->neg = 1
after 2 iterations, nbhd size=0, neg = 0
#GCMRL#  529 dt  23.504425 rms  0.445  0.122% neg 0  invalid 762 tFOTS 0.0000 tGradient 1.1240 tsec 2.2260
#GCMRL#  530 dt  23.504425 rms  0.444  0.094% neg 0  invalid 762 tFOTS 0.0000 tGradient 1.2280 tsec 1.4770
iter 0, gcam->neg = 2
after 2 iterations, nbhd size=0, neg = 0
#GCMRL#  531 dt  23.504425 rms  0.444  0.032% neg 0  invalid 762 tFOTS 0.0000 tGradient 1.1100 tsec 2.2230
#FOTS# QuadFit found better minimum quadopt=(dt=19.2,rms=0.443822) vs oldopt=(dt=32,rms=0.443901)
#GCMRL#  532 dt  19.200000 rms  0.444  0.064% neg 0  invalid 762 tFOTS 3.0140 tGradient 1.0720 tsec 4.3010
#FOTS# QuadFit found better minimum quadopt=(dt=11.2,rms=0.443711) vs oldopt=(dt=8,rms=0.443723)
iter 0, gcam->neg = 1
after 3 iterations, nbhd size=0, neg = 0
setting smoothness cost coefficient to 0.400

#GCAMreg# pass 0 level1 2 level2 0 tsec 0 sigma 2
l_jacobian=1.00 l_label=1.00 l_log_likelihood=0.20 l_smoothness=0.40 
tol=2.50e-01, dt=5.00e-02, exp_k=20.0, momentum=0.90, levels=6, niter=500, lbl_dist=10.00, avgs=4, sigma=2.0,type=2, relabel=0, neg=yes

blurring input image with Gaussian with sigma=2.000...
GCAMRegisterLevel(): init RMS 0.451584
#FOTS# QuadFit found better minimum quadopt=(dt=1.008,rms=0.450774) vs oldopt=(dt=0.72,rms=0.45078)
#GCMRL#  534 dt   1.008000 rms  0.451  0.179% neg 0  invalid 762 tFOTS 3.0150 tGradient 0.9690 tsec 4.2000
#GCMRL#  535 dt   0.720000 rms  0.451  0.000% neg 0  invalid 762 tFOTS 2.9920 tGradient 0.9590 tsec 4.1790
#GCMRL#  536 dt   0.720000 rms  0.451  0.000% neg 0  invalid 762 tFOTS 0.0000 tGradient 0.9590 tsec 1.1670
iter 0, gcam->neg = 1
after 1 iterations, nbhd size=0, neg = 0

#GCAMreg# pass 0 level1 2 level2 1 tsec 19.538 sigma 0.5
l_jacobian=1.00 l_label=1.00 l_log_likelihood=0.20 l_smoothness=0.40 
tol=2.50e-01, dt=5.00e-02, exp_k=20.0, momentum=0.90, levels=6, niter=500, lbl_dist=10.00, avgs=4, sigma=0.5,type=2, relabel=0, neg=yes

blurring input image with Gaussian with sigma=0.500...
GCAMRegisterLevel(): init RMS 0.451532
#GCMRL#  538 dt   2.880000 rms  0.451  0.197% neg 0  invalid 762 tFOTS 2.8680 tGradient 0.9360 tsec 4.0090
#FOTS# QuadFit found better minimum quadopt=(dt=2.22222,rms=0.4506) vs oldopt=(dt=2.88,rms=0.450604)
#GCMRL#  539 dt   2.222222 rms  0.451  0.000% neg 0  invalid 762 tFOTS 2.8760 tGradient 0.9410 tsec 4.0390
#GCMRL#  540 dt   2.222222 rms  0.451  0.004% neg 0  invalid 762 tFOTS 0.0000 tGradient 0.9300 tsec 1.1270
setting smoothness cost coefficient to 1.000

#GCAMreg# pass 0 level1 1 level2 0 tsec 0 sigma 2
l_jacobian=1.00 l_label=1.00 l_log_likelihood=0.20 l_smoothness=1.00 
tol=2.50e-01, dt=5.00e-02, exp_k=20.0, momentum=0.90, levels=6, niter=500, lbl_dist=10.00, avgs=1, sigma=2.0,type=2, relabel=0, neg=yes

blurring input image with Gaussian with sigma=2.000...
GCAMRegisterLevel(): init RMS 0.462033
#FOTS# QuadFit found better minimum quadopt=(dt=0.448,rms=0.46116) vs oldopt=(dt=0.32,rms=0.461178)
#GCMRL#  542 dt   0.448000 rms  0.461  0.189% neg 0  invalid 762 tFOTS 2.9340 tGradient 0.8420 tsec 3.9880
#FOTS# QuadFit found better minimum quadopt=(dt=0.192,rms=0.461148) vs oldopt=(dt=0.32,rms=0.461153)
#GCMRL#  543 dt   0.192000 rms  0.461  0.000% neg 0  invalid 762 tFOTS 2.9490 tGradient 0.8840 tsec 4.0710

#GCAMreg# pass 0 level1 1 level2 1 tsec 17.723 sigma 0.5
l_jacobian=1.00 l_label=1.00 l_log_likelihood=0.20 l_smoothness=1.00 
tol=2.50e-01, dt=5.00e-02, exp_k=20.0, momentum=0.90, levels=6, niter=500, lbl_dist=10.00, avgs=1, sigma=0.5,type=2, relabel=0, neg=yes

blurring input image with Gaussian with sigma=0.500...
GCAMRegisterLevel(): init RMS 0.461883
#FOTS# QuadFit found better minimum quadopt=(dt=1.024,rms=0.460767) vs oldopt=(dt=1.28,rms=0.460789)
#GCMRL#  545 dt   1.024000 rms  0.461  0.241% neg 0  invalid 762 tFOTS 3.1650 tGradient 0.8940 tsec 4.2730
#FOTS# QuadFit found better minimum quadopt=(dt=0.448,rms=0.460735) vs oldopt=(dt=0.32,rms=0.460738)
#GCMRL#  546 dt   0.448000 rms  0.461  0.000% neg 0  invalid 762 tFOTS 3.3310 tGradient 0.8780 tsec 4.4720
resetting metric properties...
setting smoothness cost coefficient to 2.000

#GCAMreg# pass 0 level1 0 level2 0 tsec 0 sigma 2
l_jacobian=1.00 l_label=1.00 l_log_likelihood=0.20 l_smoothness=2.00 
tol=2.50e-01, dt=5.00e-02, exp_k=20.0, momentum=0.90, levels=6, niter=500, lbl_dist=10.00, avgs=0, sigma=2.0,type=2, relabel=0, neg=yes

blurring input image with Gaussian with sigma=2.000...
GCAMRegisterLevel(): init RMS 0.449009
#FOTS# QuadFit found better minimum quadopt=(dt=2.04518,rms=0.42244) vs oldopt=(dt=1.28,rms=0.426272)
iter 0, gcam->neg = 683
after 14 iterations, nbhd size=1, neg = 0
#GCMRL#  548 dt   2.045177 rms  0.422  6.033% neg 0  invalid 762 tFOTS 2.8790 tGradient 0.4870 tsec 7.1340
#FOTS# QuadFit found better minimum quadopt=(dt=0.024,rms=0.421902) vs oldopt=(dt=0.02,rms=0.421903)
#GCMRL#  549 dt   0.024000 rms  0.422  0.000% neg 0  invalid 762 tFOTS 3.1270 tGradient 0.4870 tsec 3.8470

#GCAMreg# pass 0 level1 0 level2 1 tsec 20.299 sigma 0.5
l_jacobian=1.00 l_label=1.00 l_log_likelihood=0.20 l_smoothness=2.00 
tol=2.50e-01, dt=5.00e-02, exp_k=20.0, momentum=0.90, levels=6, niter=500, lbl_dist=10.00, avgs=0, sigma=0.5,type=2, relabel=0, neg=yes

blurring input image with Gaussian with sigma=0.500...
GCAMRegisterLevel(): init RMS 0.422745
#FOTS# QuadFit found better minimum quadopt=(dt=0.028,rms=0.421832) vs oldopt=(dt=0.02,rms=0.421845)
#GCMRL#  551 dt   0.028000 rms  0.422  0.216% neg 0  invalid 762 tFOTS 2.9900 tGradient 0.4960 tsec 3.7060
#GCMRL#  552 dt   0.020000 rms  0.422  0.000% neg 0  invalid 762 tFOTS 2.9170 tGradient 0.4800 tsec 3.6160
label assignment complete, 0 changed (0.00%)
GCAMregister done in 5.35275 min
Starting GCAMcomputeMaxPriorLabels()
Morphing with label term set to 0 *******************************
Starting GCAMregister()
label assignment complete, 0 changed (0.00%)
npasses = 1, nlevels = 6
#pass# 1 of 1 ************************
enabling zero nodes
setting smoothness cost coefficient to 0.008

#GCAMreg# pass 0 level1 5 level2 0 tsec 0 sigma 2
l_jacobian=1.00 l_log_likelihood=0.20 l_smoothness=0.01 
tol=2.50e-01, dt=5.00e-02, exp_k=20.0, momentum=0.90, levels=6, niter=500, lbl_dist=10.00, avgs=256, sigma=2.0,type=2, relabel=0, neg=yes

blurring input image with Gaussian with sigma=2.000...
GCAMRegisterLevel(): init RMS 0.408262

#GCAMreg# pass 0 level1 5 level2 1 tsec 12.558 sigma 0.5
l_jacobian=1.00 l_log_likelihood=0.20 l_smoothness=0.01 
tol=2.50e-01, dt=5.00e-02, exp_k=20.0, momentum=0.90, levels=6, niter=500, lbl_dist=10.00, avgs=256, sigma=0.5,type=2, relabel=0, neg=yes

blurring input image with Gaussian with sigma=0.500...
GCAMRegisterLevel(): init RMS 0.408262
setting smoothness cost coefficient to 0.031

#GCAMreg# pass 0 level1 4 level2 0 tsec 0 sigma 2
l_jacobian=1.00 l_log_likelihood=0.20 l_smoothness=0.03 
tol=2.50e-01, dt=5.00e-02, exp_k=20.0, momentum=0.90, levels=6, niter=500, lbl_dist=10.00, avgs=64, sigma=2.0,type=2, relabel=0, neg=yes

blurring input image with Gaussian with sigma=2.000...
GCAMRegisterLevel(): init RMS 0.408431

#GCAMreg# pass 0 level1 4 level2 1 tsec 12.14 sigma 0.5
l_jacobian=1.00 l_log_likelihood=0.20 l_smoothness=0.03 
tol=2.50e-01, dt=5.00e-02, exp_k=20.0, momentum=0.90, levels=6, niter=500, lbl_dist=10.00, avgs=64, sigma=0.5,type=2, relabel=0, neg=yes

blurring input image with Gaussian with sigma=0.500...
GCAMRegisterLevel(): init RMS 0.408431
#FOTS# QuadFit found better minimum quadopt=(dt=36.288,rms=0.408357) vs oldopt=(dt=25.92,rms=0.40836)
#GCMRL#  557 dt  36.288000 rms  0.408  0.018% neg 0  invalid 762 tFOTS 2.4730 tGradient 0.9010 tsec 3.5700
#FOTS# QuadFit found better minimum quadopt=(dt=82.944,rms=0.408263) vs oldopt=(dt=103.68,rms=0.40827)
#GCMRL#  558 dt  82.944000 rms  0.408  0.023% neg 0  invalid 762 tFOTS 2.4860 tGradient 0.9660 tsec 3.6980
#FOTS# QuadFit found better minimum quadopt=(dt=331.776,rms=0.407819) vs oldopt=(dt=414.72,rms=0.40785)
iter 0, gcam->neg = 1
after 0 iterations, nbhd size=0, neg = 0
#GCMRL#  559 dt 331.776000 rms  0.408  0.109% neg 0  invalid 762 tFOTS 2.6350 tGradient 1.0340 tsec 4.3130
#GCMRL#  560 dt   1.620000 rms  0.408  0.000% neg 0  invalid 762 tFOTS 2.6190 tGradient 0.9280 tsec 3.7600
setting smoothness cost coefficient to 0.118

#GCAMreg# pass 0 level1 3 level2 0 tsec 0 sigma 2
l_jacobian=1.00 l_log_likelihood=0.20 l_smoothness=0.12 
tol=2.50e-01, dt=5.00e-02, exp_k=20.0, momentum=0.90, levels=6, niter=500, lbl_dist=10.00, avgs=16, sigma=2.0,type=2, relabel=0, neg=yes

blurring input image with Gaussian with sigma=2.000...
GCAMRegisterLevel(): init RMS 0.40848
#FOTS# QuadFit found better minimum quadopt=(dt=11.2,rms=0.408117) vs oldopt=(dt=8,rms=0.408187)
#GCMRL#  562 dt  11.200000 rms  0.408  0.089% neg 0  invalid 762 tFOTS 3.1800 tGradient 0.7630 tsec 4.1470
#FOTS# QuadFit found better minimum quadopt=(dt=19.2,rms=0.407844) vs oldopt=(dt=32,rms=0.407924)
iter 0, gcam->neg = 5
after 1 iterations, nbhd size=0, neg = 0
#GCMRL#  563 dt  19.200000 rms  0.408  0.000% neg 0  invalid 762 tFOTS 2.9050 tGradient 0.7530 tsec 4.5790
iter 0, gcam->neg = 7
after 9 iterations, nbhd size=1, neg = 0
#GCMRL#  564 dt  19.200000 rms  0.408  0.065% neg 0  invalid 762 tFOTS 0.0000 tGradient 0.7720 tsec 3.5340
iter 0, gcam->neg = 15
after 11 iterations, nbhd size=1, neg = 0
#GCMRL#  565 dt  19.200000 rms  0.407  0.029% neg 0  invalid 762 tFOTS 0.0000 tGradient 0.7730 tsec 3.8760
iter 0, gcam->neg = 22
after 13 iterations, nbhd size=1, neg = 0

#GCAMreg# pass 0 level1 3 level2 1 tsec 29.204 sigma 0.5
l_jacobian=1.00 l_log_likelihood=0.20 l_smoothness=0.12 
tol=2.50e-01, dt=5.00e-02, exp_k=20.0, momentum=0.90, levels=6, niter=500, lbl_dist=10.00, avgs=16, sigma=0.5,type=2, relabel=0, neg=yes

blurring input image with Gaussian with sigma=0.500...
GCAMRegisterLevel(): init RMS 0.407462
#FOTS# QuadFit found better minimum quadopt=(dt=58.5846,rms=0.404535) vs oldopt=(dt=32,rms=0.40498)
iter 0, gcam->neg = 6
after 9 iterations, nbhd size=1, neg = 0
#GCMRL#  567 dt  58.584615 rms  0.405  0.713% neg 0  invalid 762 tFOTS 2.8750 tGradient 0.7590 tsec 6.3720
#FOTS# QuadFit found better minimum quadopt=(dt=25.6,rms=0.403728) vs oldopt=(dt=32,rms=0.403812)
iter 0, gcam->neg = 3
after 3 iterations, nbhd size=0, neg = 0
#GCMRL#  568 dt  25.600000 rms  0.404  0.000% neg 0  invalid 762 tFOTS 2.9740 tGradient 0.7830 tsec 5.1050
iter 0, gcam->neg = 1
after 0 iterations, nbhd size=0, neg = 0
#GCMRL#  569 dt  25.600000 rms  0.403  0.098% neg 0  invalid 762 tFOTS 0.0000 tGradient 0.9660 tsec 1.6660
iter 0, gcam->neg = 9
after 5 iterations, nbhd size=0, neg = 0
#GCMRL#  570 dt  25.600000 rms  0.403  0.134% neg 0  invalid 762 tFOTS 0.0000 tGradient 0.7740 tsec 2.5530
iter 0, gcam->neg = 17
after 12 iterations, nbhd size=0, neg = 0
#GCMRL#  571 dt  25.600000 rms  0.402  0.169% neg 0  invalid 762 tFOTS 0.0000 tGradient 0.7500 tsec 4.0650
iter 0, gcam->neg = 26
after 18 iterations, nbhd size=1, neg = 0
#GCMRL#  572 dt  25.600000 rms  0.402  0.148% neg 0  invalid 762 tFOTS 0.0000 tGradient 0.7510 tsec 5.3750
iter 0, gcam->neg = 27
after 9 iterations, nbhd size=0, neg = 0
#GCMRL#  573 dt  25.600000 rms  0.401  0.185% neg 0  invalid 762 tFOTS 0.0000 tGradient 0.7540 tsec 3.3880
iter 0, gcam->neg = 49
after 8 iterations, nbhd size=0, neg = 0
#GCMRL#  574 dt  25.600000 rms  0.400  0.153% neg 0  invalid 762 tFOTS 0.0000 tGradient 0.7560 tsec 3.1990
iter 0, gcam->neg = 54
after 26 iterations, nbhd size=1, neg = 0
#GCMRL#  575 dt  25.600000 rms  0.400  0.056% neg 0  invalid 762 tFOTS 0.0000 tGradient 0.7690 tsec 7.1520
iter 0, gcam->neg = 61
after 15 iterations, nbhd size=1, neg = 0
#GCMRL#  576 dt  25.600000 rms  0.399  0.112% neg 0  invalid 762 tFOTS 0.0000 tGradient 0.7710 tsec 4.7340
iter 0, gcam->neg = 57
after 14 iterations, nbhd size=0, neg = 0
#GCMRL#  577 dt  25.600000 rms  0.399  0.074% neg 0  invalid 762 tFOTS 0.0000 tGradient 0.7670 tsec 4.5330
#FOTS# QuadFit found better minimum quadopt=(dt=44.8,rms=0.399049) vs oldopt=(dt=32,rms=0.399061)
iter 0, gcam->neg = 24
after 5 iterations, nbhd size=0, neg = 0
#GCMRL#  578 dt  44.800000 rms  0.399  0.000% neg 0  invalid 762 tFOTS 2.7860 tGradient 0.7720 tsec 5.3510
iter 0, gcam->neg = 12
after 4 iterations, nbhd size=0, neg = 0
setting smoothness cost coefficient to 0.400

#GCAMreg# pass 0 level1 2 level2 0 tsec 0 sigma 2
l_jacobian=1.00 l_log_likelihood=0.20 l_smoothness=0.40 
tol=2.50e-01, dt=5.00e-02, exp_k=20.0, momentum=0.90, levels=6, niter=500, lbl_dist=10.00, avgs=4, sigma=2.0,type=2, relabel=0, neg=yes

blurring input image with Gaussian with sigma=2.000...
GCAMRegisterLevel(): init RMS 0.403822
#FOTS# QuadFit found better minimum quadopt=(dt=3.33333,rms=0.403686) vs oldopt=(dt=2.88,rms=0.403686)
iter 0, gcam->neg = 8
after 6 iterations, nbhd size=0, neg = 0
#GCMRL#  580 dt   3.333333 rms  0.404  0.031% neg 0  invalid 762 tFOTS 2.9000 tGradient 0.6810 tsec 5.5820
#FOTS# QuadFit found better minimum quadopt=(dt=1.008,rms=0.403686) vs oldopt=(dt=0.72,rms=0.403687)
iter 0, gcam->neg = 1
after 0 iterations, nbhd size=0, neg = 0
#GCMRL#  581 dt   1.008000 rms  0.404  0.000% neg 0  invalid 762 tFOTS 2.8040 tGradient 0.7850 tsec 4.2690

#GCAMreg# pass 0 level1 2 level2 1 tsec 19.294 sigma 0.5
l_jacobian=1.00 l_log_likelihood=0.20 l_smoothness=0.40 
tol=2.50e-01, dt=5.00e-02, exp_k=20.0, momentum=0.90, levels=6, niter=500, lbl_dist=10.00, avgs=4, sigma=0.5,type=2, relabel=0, neg=yes

blurring input image with Gaussian with sigma=0.500...
GCAMRegisterLevel(): init RMS 0.403686
#FOTS# QuadFit found better minimum quadopt=(dt=8.59574,rms=0.403304) vs oldopt=(dt=11.52,rms=0.403357)
iter 0, gcam->neg = 17
after 7 iterations, nbhd size=0, neg = 0
#GCMRL#  583 dt   8.595745 rms  0.403  0.085% neg 0  invalid 762 tFOTS 2.9050 tGradient 0.6670 tsec 5.7850
#FOTS# QuadFit found better minimum quadopt=(dt=14.75,rms=0.402956) vs oldopt=(dt=11.52,rms=0.402973)
iter 0, gcam->neg = 15
after 17 iterations, nbhd size=1, neg = 0
#GCMRL#  584 dt  14.750000 rms  0.403  0.000% neg 0  invalid 762 tFOTS 2.9140 tGradient 0.6740 tsec 7.8700
iter 0, gcam->neg = 39
after 6 iterations, nbhd size=0, neg = 0
#GCMRL#  585 dt  14.750000 rms  0.402  0.151% neg 0  invalid 762 tFOTS 0.0000 tGradient 0.6760 tsec 2.7100
iter 0, gcam->neg = 55
after 17 iterations, nbhd size=1, neg = 0
#GCMRL#  586 dt  14.750000 rms  0.402  0.190% neg 0  invalid 762 tFOTS 0.0000 tGradient 0.6840 tsec 5.2360
iter 0, gcam->neg = 69
after 8 iterations, nbhd size=0, neg = 0
#GCMRL#  587 dt  14.750000 rms  0.401  0.163% neg 0  invalid 762 tFOTS 0.0000 tGradient 0.6790 tsec 3.2540
iter 0, gcam->neg = 95
after 11 iterations, nbhd size=0, neg = 0
#GCMRL#  588 dt  14.750000 rms  0.400  0.141% neg 0  invalid 762 tFOTS 0.0000 tGradient 0.7160 tsec 3.8880
iter 0, gcam->neg = 115
after 8 iterations, nbhd size=0, neg = 0
#GCMRL#  589 dt  14.750000 rms  0.400  0.106% neg 0  invalid 762 tFOTS 0.0000 tGradient 0.7240 tsec 3.0500
iter 0, gcam->neg = 113
after 16 iterations, nbhd size=1, neg = 0
#GCMRL#  590 dt  14.750000 rms  0.400  0.032% neg 0  invalid 762 tFOTS 0.0000 tGradient 0.6820 tsec 4.7900
#FOTS# QuadFit found better minimum quadopt=(dt=9.2,rms=0.399836) vs oldopt=(dt=11.52,rms=0.399843)
iter 0, gcam->neg = 30
after 7 iterations, nbhd size=0, neg = 0
#GCMRL#  591 dt   9.200000 rms  0.400  0.000% neg 0  invalid 762 tFOTS 2.9010 tGradient 0.6730 tsec 5.8170
iter 0, gcam->neg = 7
after 4 iterations, nbhd size=0, neg = 0
#GCMRL#  592 dt   9.200000 rms  0.400  0.017% neg 0  invalid 762 tFOTS 0.0000 tGradient 0.6730 tsec 2.2060
iter 0, gcam->neg = 38
after 16 iterations, nbhd size=1, neg = 0
setting smoothness cost coefficient to 1.000

#GCAMreg# pass 0 level1 1 level2 0 tsec 0 sigma 2
l_jacobian=1.00 l_log_likelihood=0.20 l_smoothness=1.00 
tol=2.50e-01, dt=5.00e-02, exp_k=20.0, momentum=0.90, levels=6, niter=500, lbl_dist=10.00, avgs=1, sigma=2.0,type=2, relabel=0, neg=yes

blurring input image with Gaussian with sigma=2.000...
GCAMRegisterLevel(): init RMS 0.406748
#GCMRL#  594 dt   0.000050 rms  0.407  0.000% neg 0  invalid 762 tFOTS 3.6740 tGradient 0.5510 tsec 4.4320

#GCAMreg# pass 0 level1 1 level2 1 tsec 16.601 sigma 0.5
l_jacobian=1.00 l_log_likelihood=0.20 l_smoothness=1.00 
tol=2.50e-01, dt=5.00e-02, exp_k=20.0, momentum=0.90, levels=6, niter=500, lbl_dist=10.00, avgs=1, sigma=0.5,type=2, relabel=0, neg=yes

blurring input image with Gaussian with sigma=0.500...
GCAMRegisterLevel(): init RMS 0.406748
resetting metric properties...
setting smoothness cost coefficient to 2.000

#GCAMreg# pass 0 level1 0 level2 0 tsec 0 sigma 2
l_jacobian=1.00 l_log_likelihood=0.20 l_smoothness=2.00 
tol=2.50e-01, dt=5.00e-02, exp_k=20.0, momentum=0.90, levels=6, niter=500, lbl_dist=10.00, avgs=0, sigma=2.0,type=2, relabel=0, neg=yes

blurring input image with Gaussian with sigma=2.000...
GCAMRegisterLevel(): init RMS 0.395064
#FOTS# QuadFit found better minimum quadopt=(dt=1.12164,rms=0.386506) vs oldopt=(dt=1.28,rms=0.386643)
iter 0, gcam->neg = 663
after 18 iterations, nbhd size=1, neg = 0
#GCMRL#  597 dt   1.121643 rms  0.386  2.176% neg 0  invalid 762 tFOTS 2.8750 tGradient 0.1960 tsec 7.6420
#FOTS# QuadFit found better minimum quadopt=(dt=2.34375e-05,rms=0.386466) vs oldopt=(dt=1.95313e-05,rms=0.386466)
#GCMRL#  598 dt   0.000023 rms  0.386  0.000% neg 0  invalid 762 tFOTS 3.6800 tGradient 0.2020 tsec 4.1040

#GCAMreg# pass 0 level1 0 level2 1 tsec 20.782 sigma 0.5
l_jacobian=1.00 l_log_likelihood=0.20 l_smoothness=2.00 
tol=2.50e-01, dt=5.00e-02, exp_k=20.0, momentum=0.90, levels=6, niter=500, lbl_dist=10.00, avgs=0, sigma=0.5,type=2, relabel=0, neg=yes

blurring input image with Gaussian with sigma=0.500...
GCAMRegisterLevel(): init RMS 0.386466
#FOTS# QuadFit found better minimum quadopt=(dt=0.028,rms=0.386449) vs oldopt=(dt=0.02,rms=0.386451)
#GCMRL#  600 dt   0.028000 rms  0.386  0.005% neg 0  invalid 762 tFOTS 2.7910 tGradient 0.2040 tsec 3.1940
#FOTS# QuadFit found better minimum quadopt=(dt=0.016,rms=0.386445) vs oldopt=(dt=0.02,rms=0.386445)
#GCMRL#  601 dt   0.016000 rms  0.386  0.000% neg 0  invalid 762 tFOTS 2.7520 tGradient 0.2060 tsec 3.1860
GCAMregister done in 4.22485 min
writing output transformation to transforms/talairach.m3z...
GCAMwrite
Calls to gcamLogLikelihoodEnergy 4549 tmin = 1.35328
Calls to gcamLabelEnergy         3996 tmin = 0.705833
Calls to gcamJacobianEnergy      4549 tmin = 0.79325
Calls to gcamSmoothnessEnergy    4549 tmin = 2.96422
Calls to gcamLogLikelihoodTerm 603 tmin = 0.407267
Calls to gcamLabelTerm         554 tmin = 3.65535
Calls to gcamJacobianTerm      603 tmin = 0.670467
Calls to gcamSmoothnessTerm    603 tmin = 0.355533
Calls to gcamComputeGradient    603 tmin = 12.8608
Calls to gcamComputeMetricProperties    6728 tmin = 2.39042
mri_ca_register took 0 hours, 33 minutes and 35 seconds.
#VMPC# mri_ca_register VmPeak  3450356
FSRUNTIME@ mri_ca_register  0.5598 hours 16 threads
#--------------------------------------
#@# SubCort Seg Thu Mar 12 10:45:47 CET 2026

 mri_ca_label -relabel_unlikely 9 .3 -prior 0.5 -align norm.mgz transforms/talairach.m3z /opt/freesurfer/average/RB_all_2020-01-02.gca aseg.auto_noCCseg.mgz 

sysname  Linux
hostname dna086
machine  x86_64

setenv SUBJECTS_DIR /out/sourcedata/freesurfer
cd /out/sourcedata/freesurfer/sub-v1s11x0050146_ses-1/mri
mri_ca_label -relabel_unlikely 9 .3 -prior 0.5 -align norm.mgz transforms/talairach.m3z /opt/freesurfer/average/RB_all_2020-01-02.gca aseg.auto_noCCseg.mgz 

relabeling unlikely voxels with window_size = 9 and prior threshold 0.30
using Gibbs prior factor = 0.500
renormalizing sequences with structure alignment, equivalent to:
	-renormalize
	-renormalize_mean 0.500
	-regularize 0.500

== Number of threads available to for OpenMP = 16 == 
reading 1 input volumes
reading classifier array from /opt/freesurfer/average/RB_all_2020-01-02.gca
reading input volume from norm.mgz
average std[0] = 7.2
reading transform from transforms/talairach.m3z
setting orig areas to linear transform determinant scaled 7.00
Atlas used for the 3D morph was /opt/freesurfer/average/RB_all_2020-01-02.gca
average std = 7.2   using min determinant for regularization = 5.2
0 singular and 0 ill-conditioned covariance matrices regularized
labeling volume...
renormalizing by structure alignment....
renormalizing input #0
gca peak = 0.15521 (20)
mri peak = 0.16096 (12)
Left_Lateral_Ventricle (4): linear fit = 0.67 x + 0.0 (1750 voxels, overlap=0.214)
Left_Lateral_Ventricle (4): linear fit = 0.67 x + 0.0 (1750 voxels, peak = 13), gca=13.3
gca peak = 0.20380 (13)
mri peak = 0.22442 (12)
Right_Lateral_Ventricle (43): linear fit = 0.81 x + 0.0 (1911 voxels, overlap=0.621)
Right_Lateral_Ventricle (43): linear fit = 0.81 x + 0.0 (1911 voxels, peak = 11), gca=10.6
gca peak = 0.26283 (96)
mri peak = 0.16723 (91)
Right_Pallidum (52): linear fit = 0.96 x + 0.0 (882 voxels, overlap=0.992)
Right_Pallidum (52): linear fit = 0.96 x + 0.0 (882 voxels, peak = 93), gca=92.6
gca peak = 0.15814 (97)
mri peak = 0.11611 (98)
Left_Pallidum (13): linear fit = 1.01 x + 0.0 (956 voxels, overlap=1.002)
Left_Pallidum (13): linear fit = 1.01 x + 0.0 (956 voxels, peak = 98), gca=98.5
gca peak = 0.27624 (56)
mri peak = 0.22613 (66)
Right_Hippocampus (53): linear fit = 1.15 x + 0.0 (992 voxels, overlap=0.011)
Right_Hippocampus (53): linear fit = 1.15 x + 0.0 (992 voxels, peak = 65), gca=64.7
gca peak = 0.28723 (59)
mri peak = 0.20608 (69)
Left_Hippocampus (17): linear fit = 1.17 x + 0.0 (1146 voxels, overlap=0.015)
Left_Hippocampus (17): linear fit = 1.17 x + 0.0 (1146 voxels, peak = 69), gca=69.3
gca peak = 0.07623 (103)
mri peak = 0.09847 (104)
Right_Cerebral_White_Matter (41): linear fit = 1.02 x + 0.0 (38828 voxels, overlap=0.569)
Right_Cerebral_White_Matter (41): linear fit = 1.02 x + 0.0 (38828 voxels, peak = 106), gca=105.6
gca peak = 0.07837 (105)
mri peak = 0.14445 (109)
Left_Cerebral_White_Matter (2): linear fit = 1.03 x + 0.0 (44708 voxels, overlap=0.361)
Left_Cerebral_White_Matter (2): linear fit = 1.03 x + 0.0 (44708 voxels, peak = 109), gca=108.7
gca peak = 0.10165 (58)
mri peak = 0.05037 (64)
Left_Cerebral_Cortex (3): linear fit = 1.07 x + 0.0 (53226 voxels, overlap=0.865)
Left_Cerebral_Cortex (3): linear fit = 1.07 x + 0.0 (53226 voxels, peak = 62), gca=61.8
gca peak = 0.11113 (58)
mri peak = 0.05288 (65)
Right_Cerebral_Cortex (42): linear fit = 1.10 x + 0.0 (54053 voxels, overlap=0.917)
Right_Cerebral_Cortex (42): linear fit = 1.10 x + 0.0 (54053 voxels, peak = 64), gca=63.5
gca peak = 0.27796 (67)
mri peak = 0.16995 (76)
Right_Caudate (50): linear fit = 1.12 x + 0.0 (1622 voxels, overlap=0.229)
Right_Caudate (50): linear fit = 1.12 x + 0.0 (1622 voxels, peak = 75), gca=74.7
gca peak = 0.14473 (69)
mri peak = 0.15618 (77)
Left_Caudate (11): linear fit = 1.00 x + 0.0 (1542 voxels, overlap=0.936)
Left_Caudate (11): linear fit = 1.00 x + 0.0 (1542 voxels, peak = 69), gca=69.0
gca peak = 0.14301 (56)
mri peak = 0.05989 (57)
Left_Cerebellum_Cortex (8): linear fit = 1.04 x + 0.0 (31130 voxels, overlap=0.960)
Left_Cerebellum_Cortex (8): linear fit = 1.04 x + 0.0 (31130 voxels, peak = 59), gca=58.5
gca peak = 0.14610 (55)
mri peak = 0.06797 (63)
Right_Cerebellum_Cortex (47): linear fit = 1.09 x + 0.0 (31181 voxels, overlap=0.902)
Right_Cerebellum_Cortex (47): linear fit = 1.09 x + 0.0 (31181 voxels, peak = 60), gca=59.7
gca peak = 0.16309 (85)
mri peak = 0.15494 (88)
Left_Cerebellum_White_Matter (7): linear fit = 1.04 x + 0.0 (5814 voxels, overlap=0.660)
Left_Cerebellum_White_Matter (7): linear fit = 1.04 x + 0.0 (5814 voxels, peak = 89), gca=88.8
gca peak = 0.15172 (84)
mri peak = 0.16538 (85)
Right_Cerebellum_White_Matter (46): linear fit = 1.01 x + 0.0 (5327 voxels, overlap=0.761)
Right_Cerebellum_White_Matter (46): linear fit = 1.01 x + 0.0 (5327 voxels, peak = 85), gca=85.3
gca peak = 0.30461 (58)
mri peak = 0.19508 (70)
Left_Amygdala (18): linear fit = 1.22 x + 0.0 (546 voxels, overlap=0.036)
Left_Amygdala (18): linear fit = 1.22 x + 0.0 (546 voxels, peak = 70), gca=70.5
gca peak = 0.32293 (57)
mri peak = 0.21977 (69)
Right_Amygdala (54): linear fit = 1.22 x + 0.0 (615 voxels, overlap=0.032)
Right_Amygdala (54): linear fit = 1.22 x + 0.0 (615 voxels, peak = 69), gca=69.3
gca peak = 0.11083 (90)
mri peak = 0.08329 (88)
Left_Thalamus (10): linear fit = 0.99 x + 0.0 (5206 voxels, overlap=0.954)
Left_Thalamus (10): linear fit = 0.99 x + 0.0 (5206 voxels, peak = 89), gca=88.7
gca peak = 0.11393 (83)
mri peak = 0.08387 (86)
Right_Thalamus (49): linear fit = 1.01 x + 0.0 (5612 voxels, overlap=0.956)
Right_Thalamus (49): linear fit = 1.01 x + 0.0 (5612 voxels, peak = 84), gca=84.2
gca peak = 0.08575 (81)
mri peak = 0.13103 (86)
Left_Putamen (12): linear fit = 1.04 x + 0.0 (2339 voxels, overlap=0.651)
Left_Putamen (12): linear fit = 1.04 x + 0.0 (2339 voxels, peak = 85), gca=84.6
gca peak = 0.08618 (78)
mri peak = 0.13558 (82)
Right_Putamen (51): linear fit = 1.02 x + 0.0 (2491 voxels, overlap=0.759)
Right_Putamen (51): linear fit = 1.02 x + 0.0 (2491 voxels, peak = 80), gca=79.9
gca peak = 0.08005 (78)
mri peak = 0.08636 (89)
Brain_Stem (16): linear fit = 1.10 x + 0.0 (13083 voxels, overlap=0.492)
Brain_Stem (16): linear fit = 1.10 x + 0.0 (13083 voxels, peak = 85), gca=85.4
gca peak = 0.12854 (88)
mri peak = 0.07398 (96)
Right_VentralDC (60): linear fit = 1.09 x + 0.0 (1707 voxels, overlap=0.684)
Right_VentralDC (60): linear fit = 1.09 x + 0.0 (1707 voxels, peak = 95), gca=95.5
gca peak = 0.15703 (87)
mri peak = 0.08657 (97)
Left_VentralDC (28): linear fit = 1.08 x + 0.0 (1772 voxels, overlap=0.735)
Left_VentralDC (28): linear fit = 1.08 x + 0.0 (1772 voxels, peak = 94), gca=93.5
gca peak = 0.17522 (25)
mri peak = 0.16882 (23)
gca peak = 0.17113 (14)
mri peak = 0.25373 (15)
Fourth_Ventricle (15): linear fit = 0.98 x + 0.0 (737 voxels, overlap=0.704)
Fourth_Ventricle (15): linear fit = 0.98 x + 0.0 (737 voxels, peak = 14), gca=13.7
gca peak Unknown = 0.94777 ( 0)
gca peak Left_Inf_Lat_Vent = 0.16627 (28)
gca peak Third_Ventricle = 0.17522 (25)
gca peak CSF = 0.20346 (36)
gca peak Left_Accumbens_area = 0.70646 (62)
gca peak Left_undetermined = 1.00000 (28)
gca peak Left_vessel = 0.89917 (53)
gca peak Left_choroid_plexus = 0.11689 (35)
gca peak Right_Inf_Lat_Vent = 0.25504 (23)
gca peak Right_Accumbens_area = 0.31650 (65)
gca peak Right_vessel = 0.77268 (52)
gca peak Right_choroid_plexus = 0.13275 (38)
gca peak Fifth_Ventricle = 0.60973 (33)
gca peak WM_hypointensities = 0.11013 (77)
gca peak non_WM_hypointensities = 0.11354 (41)
gca peak Optic_Chiasm = 0.51646 (76)
not using caudate to estimate GM means
estimating mean gm scale to be 1.15 x + 0.0
estimating mean wm scale to be 1.03 x + 0.0
estimating mean csf scale to be 0.82 x + 0.0
saving intensity scales to aseg.auto_noCCseg.label_intensities.txt
renormalizing by structure alignment....
renormalizing input #0
gca peak = 0.20710 (12)
mri peak = 0.16096 (12)
Left_Lateral_Ventricle (4): linear fit = 1.03 x + 0.0 (1750 voxels, overlap=0.927)
Left_Lateral_Ventricle (4): linear fit = 1.03 x + 0.0 (1750 voxels, peak = 12), gca=12.4
gca peak = 0.20037 (11)
mri peak = 0.22442 (12)
Right_Lateral_Ventricle (43): linear fit = 1.04 x + 0.0 (1911 voxels, overlap=0.763)
Right_Lateral_Ventricle (43): linear fit = 1.04 x + 0.0 (1911 voxels, peak = 11), gca=11.5
gca peak = 0.23480 (91)
mri peak = 0.16723 (91)
Right_Pallidum (52): linear fit = 1.00 x + 0.0 (882 voxels, overlap=0.999)
Right_Pallidum (52): linear fit = 1.00 x + 0.0 (882 voxels, peak = 91), gca=91.0
gca peak = 0.16571 (98)
mri peak = 0.11611 (98)
Left_Pallidum (13): linear fit = 0.99 x + 0.0 (956 voxels, overlap=1.002)
Left_Pallidum (13): linear fit = 0.99 x + 0.0 (956 voxels, peak = 97), gca=96.5
gca peak = 0.24399 (64)
mri peak = 0.22613 (66)
Right_Hippocampus (53): linear fit = 1.00 x + 0.0 (992 voxels, overlap=0.888)
Right_Hippocampus (53): linear fit = 1.00 x + 0.0 (992 voxels, peak = 64), gca=64.0
gca peak = 0.25680 (66)
mri peak = 0.20608 (69)
Left_Hippocampus (17): linear fit = 1.00 x + 0.0 (1146 voxels, overlap=1.001)
Left_Hippocampus (17): linear fit = 1.00 x + 0.0 (1146 voxels, peak = 66), gca=66.0
gca peak = 0.07763 (106)
mri peak = 0.09847 (104)
Right_Cerebral_White_Matter (41): linear fit = 1.00 x + 0.0 (38828 voxels, overlap=0.683)
Right_Cerebral_White_Matter (41): linear fit = 1.00 x + 0.0 (38828 voxels, peak = 105), gca=105.5
gca peak = 0.07610 (108)
mri peak = 0.14445 (109)
Left_Cerebral_White_Matter (2): linear fit = 1.00 x + 0.0 (44708 voxels, overlap=0.547)
Left_Cerebral_White_Matter (2): linear fit = 1.00 x + 0.0 (44708 voxels, peak = 109), gca=108.5
gca peak = 0.09436 (62)
mri peak = 0.05037 (64)
Left_Cerebral_Cortex (3): linear fit = 1.02 x + 0.0 (53226 voxels, overlap=0.969)
Left_Cerebral_Cortex (3): linear fit = 1.02 x + 0.0 (53226 voxels, peak = 64), gca=63.5
gca peak = 0.10304 (64)
mri peak = 0.05288 (65)
Right_Cerebral_Cortex (42): linear fit = 1.00 x + 0.0 (54053 voxels, overlap=0.977)
Right_Cerebral_Cortex (42): linear fit = 1.00 x + 0.0 (54053 voxels, peak = 64), gca=64.0
gca peak = 0.22479 (74)
mri peak = 0.16995 (76)
Right_Caudate (50): linear fit = 1.00 x + 0.0 (1622 voxels, overlap=0.998)
Right_Caudate (50): linear fit = 1.00 x + 0.0 (1622 voxels, peak = 74), gca=74.0
gca peak = 0.14459 (69)
mri peak = 0.15618 (77)
Left_Caudate (11): linear fit = 1.00 x + 0.0 (1542 voxels, overlap=0.936)
Left_Caudate (11): linear fit = 1.00 x + 0.0 (1542 voxels, peak = 69), gca=69.0
gca peak = 0.13141 (58)
mri peak = 0.05989 (57)
Left_Cerebellum_Cortex (8): linear fit = 1.02 x + 0.0 (31130 voxels, overlap=0.996)
Left_Cerebellum_Cortex (8): linear fit = 1.02 x + 0.0 (31130 voxels, peak = 59), gca=59.4
gca peak = 0.14541 (60)
mri peak = 0.06797 (63)
Right_Cerebellum_Cortex (47): linear fit = 1.02 x + 0.0 (31181 voxels, overlap=0.995)
Right_Cerebellum_Cortex (47): linear fit = 1.02 x + 0.0 (31181 voxels, peak = 62), gca=61.5
gca peak = 0.15179 (88)
mri peak = 0.15494 (88)
Left_Cerebellum_White_Matter (7): linear fit = 1.00 x + 0.0 (5814 voxels, overlap=0.893)
Left_Cerebellum_White_Matter (7): linear fit = 1.00 x + 0.0 (5814 voxels, peak = 88), gca=88.0
gca peak = 0.15902 (85)
mri peak = 0.16538 (85)
Right_Cerebellum_White_Matter (46): linear fit = 1.00 x + 0.0 (5327 voxels, overlap=0.843)
Right_Cerebellum_White_Matter (46): linear fit = 1.00 x + 0.0 (5327 voxels, peak = 85), gca=85.0
gca peak = 0.23250 (69)
mri peak = 0.19508 (70)
Left_Amygdala (18): linear fit = 1.00 x + 0.0 (546 voxels, overlap=0.995)
Left_Amygdala (18): linear fit = 1.00 x + 0.0 (546 voxels, peak = 69), gca=69.0
gca peak = 0.28196 (69)
mri peak = 0.21977 (69)
Right_Amygdala (54): linear fit = 1.00 x + 0.0 (615 voxels, overlap=0.970)
Right_Amygdala (54): linear fit = 1.00 x + 0.0 (615 voxels, peak = 69), gca=69.0
gca peak = 0.10448 (87)
mri peak = 0.08329 (88)
Left_Thalamus (10): linear fit = 1.00 x + 0.0 (5206 voxels, overlap=0.908)
Left_Thalamus (10): linear fit = 1.00 x + 0.0 (5206 voxels, peak = 87), gca=86.6
gca peak = 0.10262 (82)
mri peak = 0.08387 (86)
Right_Thalamus (49): linear fit = 1.00 x + 0.0 (5612 voxels, overlap=0.966)
Right_Thalamus (49): linear fit = 1.00 x + 0.0 (5612 voxels, peak = 82), gca=82.0
gca peak = 0.07793 (83)
mri peak = 0.13103 (86)
Left_Putamen (12): linear fit = 1.00 x + 0.0 (2339 voxels, overlap=0.764)
Left_Putamen (12): linear fit = 1.00 x + 0.0 (2339 voxels, peak = 83), gca=83.0
gca peak = 0.08450 (82)
mri peak = 0.13558 (82)
Right_Putamen (51): linear fit = 1.00 x + 0.0 (2491 voxels, overlap=0.788)
Right_Putamen (51): linear fit = 1.00 x + 0.0 (2491 voxels, peak = 82), gca=82.0
gca peak = 0.08355 (86)
mri peak = 0.08636 (89)
Brain_Stem (16): linear fit = 1.01 x + 0.0 (13083 voxels, overlap=0.810)
Brain_Stem (16): linear fit = 1.01 x + 0.0 (13083 voxels, peak = 87), gca=87.3
gca peak = 0.11761 (97)
mri peak = 0.07398 (96)
Right_VentralDC (60): linear fit = 1.00 x + 0.0 (1707 voxels, overlap=0.859)
Right_VentralDC (60): linear fit = 1.00 x + 0.0 (1707 voxels, peak = 97), gca=96.5
gca peak = 0.13509 (92)
mri peak = 0.08657 (97)
Left_VentralDC (28): linear fit = 1.02 x + 0.0 (1772 voxels, overlap=0.923)
Left_VentralDC (28): linear fit = 1.02 x + 0.0 (1772 voxels, peak = 94), gca=94.3
gca peak = 0.19731 (21)
mri peak = 0.16882 (23)
gca peak = 0.21684 (14)
mri peak = 0.25373 (15)
Fourth_Ventricle (15): linear fit = 0.98 x + 0.0 (737 voxels, overlap=0.727)
Fourth_Ventricle (15): linear fit = 0.98 x + 0.0 (737 voxels, peak = 14), gca=13.7
gca peak Unknown = 0.94777 ( 0)
gca peak Left_Inf_Lat_Vent = 0.16837 (33)
gca peak Third_Ventricle = 0.19731 (21)
gca peak CSF = 0.19311 (30)
gca peak Left_Accumbens_area = 0.67125 (62)
gca peak Left_undetermined = 1.00000 (28)
gca peak Left_vessel = 0.89837 (53)
gca peak Left_choroid_plexus = 0.11691 (35)
gca peak Right_Inf_Lat_Vent = 0.24875 (27)
gca peak Right_Accumbens_area = 0.33026 (72)
gca peak Right_vessel = 0.77268 (52)
gca peak Right_choroid_plexus = 0.13275 (38)
gca peak Fifth_Ventricle = 0.60973 (27)
gca peak WM_hypointensities = 0.10122 (79)
gca peak non_WM_hypointensities = 0.14635 (42)
gca peak Optic_Chiasm = 0.51646 (76)
not using caudate to estimate GM means
estimating mean gm scale to be 1.00 x + 0.0
estimating mean wm scale to be 1.00 x + 0.0
estimating mean csf scale to be 1.02 x + 0.0
saving intensity scales to aseg.auto_noCCseg.label_intensities.txt
saving sequentially combined intensity scales to aseg.auto_noCCseg.label_intensities.txt
38472 voxels changed in iteration 0 of unlikely voxel relabeling
233 voxels changed in iteration 1 of unlikely voxel relabeling
4 voxels changed in iteration 2 of unlikely voxel relabeling
0 voxels changed in iteration 3 of unlikely voxel relabeling
34158 gm and wm labels changed (%32 to gray, %68 to white out of all changed labels)
587 hippocampal voxels changed.
0 amygdala voxels changed.
Reclassifying using Gibbs Priors
pass 1: 55067 changed. image ll: -2.097, PF=0.500
pass 2: 13430 changed. image ll: -2.096, PF=0.500
pass 3: 4513 changed.
25283 voxels changed in iteration 0 of unlikely voxel relabeling
138 voxels changed in iteration 1 of unlikely voxel relabeling
6 voxels changed in iteration 2 of unlikely voxel relabeling
0 voxels changed in iteration 3 of unlikely voxel relabeling
5897 voxels changed in iteration 0 of unlikely voxel relabeling
139 voxels changed in iteration 1 of unlikely voxel relabeling
10 voxels changed in iteration 2 of unlikely voxel relabeling
4 voxels changed in iteration 3 of unlikely voxel relabeling
0 voxels changed in iteration 4 of unlikely voxel relabeling
6009 voxels changed in iteration 0 of unlikely voxel relabeling
70 voxels changed in iteration 1 of unlikely voxel relabeling
6 voxels changed in iteration 2 of unlikely voxel relabeling
0 voxels changed in iteration 3 of unlikely voxel relabeling
5555 voxels changed in iteration 0 of unlikely voxel relabeling
44 voxels changed in iteration 1 of unlikely voxel relabeling
1 voxels changed in iteration 2 of unlikely voxel relabeling
0 voxels changed in iteration 3 of unlikely voxel relabeling
 !!!!!!!!! ventricle segment 0 with volume 7448 above threshold 100 - not erasing !!!!!!!!!!
 !!!!!!!!! ventricle segment 1 with volume 144 above threshold 100 - not erasing !!!!!!!!!!
 !!!!!!!!! ventricle segment 0 with volume 156 above threshold 100 - not erasing !!!!!!!!!!
 !!!!!!!!! ventricle segment 1 with volume 8571 above threshold 100 - not erasing !!!!!!!!!!
writing labeled volume to aseg.auto_noCCseg.mgz
mri_ca_label utimesec    1255.619647
mri_ca_label stimesec    3.528591
mri_ca_label ru_maxrss   2171600
mri_ca_label ru_ixrss    0
mri_ca_label ru_idrss    0
mri_ca_label ru_isrss    0
mri_ca_label ru_minflt   4591150
mri_ca_label ru_majflt   17
mri_ca_label ru_nswap    0
mri_ca_label ru_inblock  1142
mri_ca_label ru_oublock  680
mri_ca_label ru_msgsnd   0
mri_ca_label ru_msgrcv   0
mri_ca_label ru_nsignals 0
mri_ca_label ru_nvcsw    1474
mri_ca_label ru_nivcsw   1439
auto-labeling took 20 minutes and 15 seconds.
#--------------------------------------
#@# CC Seg Thu Mar 12 11:06:02 CET 2026

 mri_cc -aseg aseg.auto_noCCseg.mgz -o aseg.auto.mgz -lta /out/sourcedata/freesurfer/sub-v1s11x0050146_ses-1/mri/transforms/cc_up.lta sub-v1s11x0050146_ses-1 

will read input aseg from aseg.auto_noCCseg.mgz
writing aseg with cc labels to aseg.auto.mgz
will write lta as /out/sourcedata/freesurfer/sub-v1s11x0050146_ses-1/mri/transforms/cc_up.lta
reading aseg from /out/sourcedata/freesurfer/sub-v1s11x0050146_ses-1/mri/aseg.auto_noCCseg.mgz
reading norm from /out/sourcedata/freesurfer/sub-v1s11x0050146_ses-1/mri/norm.mgz
86019 voxels in left wm, 68793 in right wm, xrange [120, 135]
searching rotation angles z=[-0 14], y=[-10  4]
searching scale 1 Z rot -0.2  searching scale 1 Z rot 0.0  searching scale 1 Z rot 0.3  searching scale 1 Z rot 0.5  searching scale 1 Z rot 0.8  searching scale 1 Z rot 1.0  searching scale 1 Z rot 1.3  searching scale 1 Z rot 1.5  searching scale 1 Z rot 1.8  searching scale 1 Z rot 2.0  searching scale 1 Z rot 2.3  searching scale 1 Z rot 2.5  searching scale 1 Z rot 2.8  searching scale 1 Z rot 3.0  searching scale 1 Z rot 3.3  searching scale 1 Z rot 3.5  searching scale 1 Z rot 3.8  searching scale 1 Z rot 4.0  searching scale 1 Z rot 4.3  searching scale 1 Z rot 4.5  searching scale 1 Z rot 4.8  searching scale 1 Z rot 5.0  searching scale 1 Z rot 5.3  searching scale 1 Z rot 5.5  searching scale 1 Z rot 5.8  searching scale 1 Z rot 6.0  searching scale 1 Z rot 6.3  searching scale 1 Z rot 6.5  searching scale 1 Z rot 6.8  searching scale 1 Z rot 7.0  searching scale 1 Z rot 7.3  searching scale 1 Z rot 7.5  searching scale 1 Z rot 7.8  searching scale 1 Z rot 8.0  searching scale 1 Z rot 8.3  searching scale 1 Z rot 8.5  searching scale 1 Z rot 8.8  searching scale 1 Z rot 9.0  searching scale 1 Z rot 9.3  searching scale 1 Z rot 9.5  searching scale 1 Z rot 9.8  searching scale 1 Z rot 10.0  searching scale 1 Z rot 10.3  searching scale 1 Z rot 10.5  searching scale 1 Z rot 10.8  searching scale 1 Z rot 11.0  searching scale 1 Z rot 11.3  searching scale 1 Z rot 11.5  searching scale 1 Z rot 11.8  searching scale 1 Z rot 12.0  searching scale 1 Z rot 12.3  searching scale 1 Z rot 12.5  searching scale 1 Z rot 12.8  searching scale 1 Z rot 13.0  searching scale 1 Z rot 13.3  searching scale 1 Z rot 13.5  global minimum found at slice 126.2, rotations (-3.19, 6.80)
final transformation (x=126.2, yr=-3.195, zr=6.797):
 0.99143  -0.11835  -0.05534   21.13801;
 0.11817   0.99297  -0.00660   11.53421;
 0.05573   0.00000   0.99845   11.13609;
 0.00000   0.00000   0.00000   1.00000;
updating x range to be [126, 130] in xformed coordinates
best xformed slice 128
min_x_fornix = 132
min_x_fornix = 137
min_x_fornix = 139
min_x_fornix = 140
min_x_fornix = 136
cc center is found at 128 103 110
eigenvectors:
-0.00013  -0.00091   1.00000;
 0.08401  -0.99646  -0.00089;
 0.99647   0.08401   0.00021;
error in mid anterior detected - correcting...
writing aseg with callosum to /out/sourcedata/freesurfer/sub-v1s11x0050146_ses-1/mri/aseg.auto.mgz...
corpus callosum segmentation took 0.5 minutes
#VMPC# mri_cc VmPeak  556104
mri_cc done
#--------------------------------------
#@# Merge ASeg Thu Mar 12 11:06:31 CET 2026

 cp aseg.auto.mgz aseg.presurf.mgz 

#--------------------------------------------
#@# Intensity Normalization2 Thu Mar 12 11:06:31 CET 2026
/out/sourcedata/freesurfer/sub-v1s11x0050146_ses-1/mri

 mri_normalize -seed 1234 -mprage -aseg aseg.presurf.mgz -mask brainmask.mgz norm.mgz brain.mgz 

setting seed for random number genererator to 1234
assuming input volume is MGH (Van der Kouwe) MP-RAGE
using segmentation for initial intensity normalization
using MR volume brainmask.mgz to mask input volume...
reading mri_src from norm.mgz...
Reading aseg aseg.presurf.mgz
normalizing image...
NOT doing gentle normalization with control points/label
processing with aseg
removing outliers in the aseg WM...
767 control points removed
Building bias image
building Voronoi diagram...
performing soap bubble smoothing, sigma = 0...
Smoothing with sigma 8
Applying bias correction
building Voronoi diagram...
performing soap bubble smoothing, sigma = 8...

Iterating 2 times
---------------------------------
3d normalization pass 1 of 2
white matter peak found at 110
white matter peak found at 110
gm peak at 69 (69), valley at  0 (-1)
csf peak at 34, setting threshold to 57
building Voronoi diagram...
performing soap bubble smoothing, sigma = 8...
---------------------------------
3d normalization pass 2 of 2
white matter peak found at 110
white matter peak found at 110
gm peak at 70 (70), valley at  0 (-1)
csf peak at 35, setting threshold to 58
building Voronoi diagram...
performing soap bubble smoothing, sigma = 8...
Done iterating ---------------------------------
writing output to brain.mgz
3D bias adjustment took 1 minutes and 21 seconds.
#--------------------------------------------
#@# Mask BFS Thu Mar 12 11:07:53 CET 2026
/out/sourcedata/freesurfer/sub-v1s11x0050146_ses-1/mri

 mri_mask -T 5 brain.mgz brainmask.mgz brain.finalsurfs.mgz 

threshold mask volume at 5
DoAbs = 0
Found 1636124 voxels in mask (pct=  9.75)
Writing masked volume to brain.finalsurfs.mgz...done.
#--------------------------------------------
#@# WM Segmentation Thu Mar 12 11:07:54 CET 2026

 AntsDenoiseImageFs -i brain.mgz -o antsdn.brain.mgz 


 mri_segment -wsizemm 13 -mprage antsdn.brain.mgz wm.seg.mgz 

wsizemm = 13, voxres = 1, wsize = 13
Widening wm low from 89 to 79
assuming input volume is MGH (Van der Kouwe) MP-RAGE
wm mean:  110
wsize:    13
wm low:   79
wm hi:    125
gray low: 30
gray hi:  99
Doing initial trinary intensity segmentation 
Using local statistics to label ambiguous voxels
Autodetecting stats
Computing class statistics for intensity windows...
CCS WM (102.0): 101.4 +- 6.3 [79.0 --> 125.0]
CCS GM (75.0) : 74.1 +- 9.3 [30.0 --> 95.0]
 white_mean 101.387
 white_sigma 6.27203
 gray_mean 74.1144
 gray_sigma 9.31764
setting bottom of white matter range wm_low to 83.4
setting top of gray matter range gray_hi to 92.7
 wm_low 83.432
 wm_hi  125
 gray_low 30
 gray_hi  92.7497
Redoing initial intensity segmentation...
Recomputing local statistics to label ambiguous voxels...
 wm_low 83.432
 wm_hi  125
 gray_low 30
 gray_hi  92.7497
using local geometry to label remaining ambiguous voxels...
polvwsize = 5, polvlen = 3, gray_hi = 92.7497, wm_low = 83.432
MRIcpolvMedianCurveSegment(): wsize=5, len=3, gmhi=92.7497, wmlow=83.432
    136389 voxels processed (0.81%)
     61397 voxels white (0.37%)
     74992 voxels non-white (0.45%)

Reclassifying voxels using Gaussian border classifier niter=1
MRIreclassify(): wm_low=78.432, gray_hi=92.7497, wsize=13
    264721 voxels tested (1.58%)
     47655 voxels changed (0.28%)
     62339 multi-scale searches  (0.37%)
Recovering bright white
MRIrecoverBrightWhite()
 wm_low 83.432
 wm_hi 125
 slack 6.27203
 pct_thresh 0.33
 intensity_thresh 131.272
 nvox_thresh 8.58
        5 voxels tested (0.00%)
        4 voxels changed (0.00%)

removing voxels with positive offset direction...
MRIremoveWrongDirection() wsize=3, lowthr=78.432, hithr=92.7497
  smoothing input volume with sigma = 0.250
    84556 voxels tested (0.50%)
    14683 voxels changed (0.09%)
thicken = 1
removing 1-dimensional structures...
MRIremove1dStructures(): max_iter=10000, thresh=2, WM_MIN_VAL=5
 1576 sparsely connected voxels removed in 1 iterations
thickening thin strands....
thickness 4
nsegments 20
wm_hi 125
1064 diagonally connected voxels added...
MRIthickenThinWMStrands(): thickness=4, nsegments=20
  20 segments, 4068 filled
MRIfindBrightNonWM(): 9 bright non-wm voxels segmented.
MRIfilterMorphology() WM_MIN_VAL=5, DIAGONAL_FILL=230
white matter segmentation took 0.8 minutes
writing output to wm.seg.mgz...

 mri_edit_wm_with_aseg -keep-in wm.seg.mgz brain.mgz aseg.presurf.mgz wm.asegedit.mgz 

preserving editing changes in input volume...
auto filling took 0.33 minutes
reading wm segmentation from wm.seg.mgz...
0 voxels added to wm to prevent paths from MTL structures to cortex
3432 additional wm voxels added
0 additional wm voxels added
SEG EDIT: 49699 voxels turned on, 42503 voxels turned off.
propagating editing to output volume from wm.seg.mgz
writing edited volume to wm.asegedit.mgz....

 mri_pretess wm.asegedit.mgz wm norm.mgz wm.mgz 


Iteration Number : 1
pass   1 (xy+):   8 found -   8 modified     |    TOTAL:   8
pass   2 (xy+):   0 found -   8 modified     |    TOTAL:   8
pass   1 (xy-):  10 found -  10 modified     |    TOTAL:  18
pass   2 (xy-):   0 found -  10 modified     |    TOTAL:  18
pass   1 (yz+):  11 found -  11 modified     |    TOTAL:  29
pass   2 (yz+):   0 found -  11 modified     |    TOTAL:  29
pass   1 (yz-):  14 found -  14 modified     |    TOTAL:  43
pass   2 (yz-):   0 found -  14 modified     |    TOTAL:  43
pass   1 (xz+):   4 found -   4 modified     |    TOTAL:  47
pass   2 (xz+):   0 found -   4 modified     |    TOTAL:  47
pass   1 (xz-):   4 found -   4 modified     |    TOTAL:  51
pass   2 (xz-):   0 found -   4 modified     |    TOTAL:  51
Iteration Number : 1
pass   1 (+++):   2 found -   2 modified     |    TOTAL:   2
pass   2 (+++):   0 found -   2 modified     |    TOTAL:   2
pass   1 (+++):   9 found -   9 modified     |    TOTAL:  11
pass   2 (+++):   0 found -   9 modified     |    TOTAL:  11
pass   1 (+++):   3 found -   3 modified     |    TOTAL:  14
pass   2 (+++):   0 found -   3 modified     |    TOTAL:  14
pass   1 (+++):   5 found -   5 modified     |    TOTAL:  19
pass   2 (+++):   0 found -   5 modified     |    TOTAL:  19
Iteration Number : 1
pass   1 (++):  60 found -  60 modified     |    TOTAL:  60
pass   2 (++):   0 found -  60 modified     |    TOTAL:  60
pass   1 (+-):  58 found -  58 modified     |    TOTAL: 118
pass   2 (+-):   0 found -  58 modified     |    TOTAL: 118
pass   1 (--):  43 found -  43 modified     |    TOTAL: 161
pass   2 (--):   0 found -  43 modified     |    TOTAL: 161
pass   1 (-+):  47 found -  47 modified     |    TOTAL: 208
pass   2 (-+):   0 found -  47 modified     |    TOTAL: 208
Iteration Number : 2
pass   1 (xy+):   1 found -   1 modified     |    TOTAL:   1
pass   2 (xy+):   0 found -   1 modified     |    TOTAL:   1
pass   1 (xy-):   0 found -   0 modified     |    TOTAL:   1
pass   1 (yz+):   0 found -   0 modified     |    TOTAL:   1
pass   1 (yz-):   1 found -   1 modified     |    TOTAL:   2
pass   2 (yz-):   0 found -   1 modified     |    TOTAL:   2
pass   1 (xz+):   0 found -   0 modified     |    TOTAL:   2
pass   1 (xz-):   2 found -   2 modified     |    TOTAL:   4
pass   2 (xz-):   0 found -   2 modified     |    TOTAL:   4
Iteration Number : 2
pass   1 (+++):   0 found -   0 modified     |    TOTAL:   0
pass   1 (+++):   0 found -   0 modified     |    TOTAL:   0
pass   1 (+++):   0 found -   0 modified     |    TOTAL:   0
pass   1 (+++):   0 found -   0 modified     |    TOTAL:   0
Iteration Number : 2
pass   1 (++):   0 found -   0 modified     |    TOTAL:   0
pass   1 (+-):   0 found -   0 modified     |    TOTAL:   0
pass   1 (--):   0 found -   0 modified     |    TOTAL:   0
pass   1 (-+):   1 found -   1 modified     |    TOTAL:   1
pass   2 (-+):   0 found -   1 modified     |    TOTAL:   1
Iteration Number : 3
pass   1 (xy+):   0 found -   0 modified     |    TOTAL:   0
pass   1 (xy-):   0 found -   0 modified     |    TOTAL:   0
pass   1 (yz+):   0 found -   0 modified     |    TOTAL:   0
pass   1 (yz-):   1 found -   1 modified     |    TOTAL:   1
pass   2 (yz-):   0 found -   1 modified     |    TOTAL:   1
pass   1 (xz+):   0 found -   0 modified     |    TOTAL:   1
pass   1 (xz-):   0 found -   0 modified     |    TOTAL:   1
Iteration Number : 3
pass   1 (+++):   0 found -   0 modified     |    TOTAL:   0
pass   1 (+++):   0 found -   0 modified     |    TOTAL:   0
pass   1 (+++):   0 found -   0 modified     |    TOTAL:   0
pass   1 (+++):   0 found -   0 modified     |    TOTAL:   0
Iteration Number : 3
pass   1 (++):   0 found -   0 modified     |    TOTAL:   0
pass   1 (+-):   0 found -   0 modified     |    TOTAL:   0
pass   1 (--):   0 found -   0 modified     |    TOTAL:   0
pass   1 (-+):   0 found -   0 modified     |    TOTAL:   0
Iteration Number : 4
pass   1 (xy+):   0 found -   0 modified     |    TOTAL:   0
pass   1 (xy-):   0 found -   0 modified     |    TOTAL:   0
pass   1 (yz+):   0 found -   0 modified     |    TOTAL:   0
pass   1 (yz-):   0 found -   0 modified     |    TOTAL:   0
pass   1 (xz+):   0 found -   0 modified     |    TOTAL:   0
pass   1 (xz-):   0 found -   0 modified     |    TOTAL:   0
Iteration Number : 4
pass   1 (+++):   0 found -   0 modified     |    TOTAL:   0
pass   1 (+++):   0 found -   0 modified     |    TOTAL:   0
pass   1 (+++):   0 found -   0 modified     |    TOTAL:   0
pass   1 (+++):   0 found -   0 modified     |    TOTAL:   0
Iteration Number : 4
pass   1 (++):   0 found -   0 modified     |    TOTAL:   0
pass   1 (+-):   0 found -   0 modified     |    TOTAL:   0
pass   1 (--):   0 found -   0 modified     |    TOTAL:   0
pass   1 (-+):   0 found -   0 modified     |    TOTAL:   0

Total Number of Modified Voxels = 284 (out of 588944: 0.048222)
binarizing input wm segmentation...
Ambiguous edge configurations... 

mri_pretess done

#--------------------------------------------
#@# Fill Thu Mar 12 11:09:29 CET 2026
/out/sourcedata/freesurfer/sub-v1s11x0050146_ses-1/mri

 mri_fill -a ../scripts/ponscc.cut.log -xform transforms/talairach.lta -segmentation aseg.presurf.mgz -ctab /opt/freesurfer/SubCorticalMassLUT.txt wm.mgz filled.mgz 

logging cutting plane coordinates to ../scripts/ponscc.cut.log...
INFO: Using transforms/talairach.lta and its offset for Talairach volume ...
using segmentation aseg.presurf.mgz...
reading input volume...done.
searching for cutting planes...voxel to talairach voxel transform
 1.05653  -0.04961  -0.03237   1.18386;
 0.05563   1.09523   0.08704  -25.60243;
-0.00326  -0.10479   0.97681   10.31289;
 0.00000   0.00000   0.00000   1.00000;
voxel to talairach voxel transform
 1.05653  -0.04961  -0.03237   1.18386;
 0.05563   1.09523   0.08704  -25.60243;
-0.00326  -0.10479   0.97681   10.31289;
 0.00000   0.00000   0.00000   1.00000;
reading segmented volume aseg.presurf.mgz
removing CC from segmentation
Looking for area (min, max) = (350, 1400)
area[0] = 2544 (min = 350, max = 1400), aspect = 1.28 (min = 0.10, max = 0.75)
need search nearby
using seed (128, 123, 151), TAL = (0.0, 23.0, 5.0)
talairach voxel to voxel transform
 0.94419   0.04537   0.02724  -0.23706;
-0.04780   0.90303  -0.08205   24.02265;
-0.00198   0.09702   1.01503  -7.98146;
 0.00000   0.00000   0.00000   1.00000;
segmentation indicates cc at (128,  123,  151) --> (0.0, 23.0, 5.0)
done.
filling took 0.6 minutes
talairach cc position changed to (0.00, 23.00, 5.00)
Erasing brainstem...done.
seed_search_size = 9, min_neighbors = 5
search rh wm seed point around talairach space:(18.00, 23.00, 5.00) SRC: (113.32, 117.45, 157.00)
search lh wm seed point around talairach space (-18.00, 23.00, 5.00), SRC: (147.31, 115.73, 156.93)
compute mri_fill using aseg
Erasing Brain Stem and Cerebellum ...
Define left and right masks using aseg:
Building Voronoi diagram ...
Using the Voronoi diagram for separating WM into two hemispheres ...
Find the largest connected component for each hemisphere ...
Embedding colortable
mri_fill done, writing output to filled.mgz...
 cp filled.mgz filled.auto.mgz

Started at Thu Mar 12 10:11:17 CET 2026 
Ended   at Thu Mar 12 11:10:06 CET 2026
#@#%# recon-all-run-time-hours 0.980
recon-all -s sub-v1s11x0050146_ses-1 finished without error at Thu Mar 12 11:10:06 CET 2026



#New# invocation of recon-all 




Thu Mar 12 11:42:16 CET 2026
cd /out/sourcedata/freesurfer/sub-v1s11x0050146_ses-1
setenv SUBJECTS_DIR /out/sourcedata/freesurfer
/opt/freesurfer/bin/recon-all -parallel -subjid sub-v1s11x0050146_ses-1 -sd /out/sourcedata/freesurfer -cortribbon

subjid sub-v1s11x0050146_ses-1
setenv SUBJECTS_DIR /out/sourcedata/freesurfer
FREESURFER_HOME /opt/freesurfer
Actual FREESURFER_HOME /opt/freesurfer
build-stamp.txt: freesurfer-linux-ubuntu22_x86_64-7.3.2-20220804-6354275
Linux dna086 5.14.0-427.37.1.el9_4.x86_64 #1 SMP PREEMPT_DYNAMIC Fri Sep 13 12:41:50 EDT 2024 x86_64 x86_64 x86_64 GNU/Linux
cputime      unlimited
filesize     unlimited
datasize     unlimited
stacksize    8192 kbytes
coredumpsize 0 kbytes
memoryuse    67108864 kbytes
vmemoryuse   unlimited
descriptors  1024 
memorylocked unlimited
maxproc      2061970 
maxlocks     unlimited
maxsignal    2062024 
maxmessage   819200 
maxnice      0 
maxrtprio    0 
maxrttime    unlimited

               total        used        free      shared  buff/cache   available
Mem:           503Gi        57Gi       412Gi        18Gi        34Gi       425Gi
Swap:             0B          0B          0B

########################################
program versions used
7.3.2 (freesurfer-linux-ubuntu22_x86_64-7.3.2-20220804-6354275)
7.3.2

ProgramName: lta_convert  ProgramArguments: lta_convert -all-info  ProgramVersion: 7.3.2  TimeStamp: 2026/03/12-10:42:16-GMT  BuildTime: Aug  4 2022 06:17:15  BuildStamp: freesurfer-linux-ubuntu22_x86_64-7.3.2-20220804-6354275  User: oesteban  Machine: dna086  Platform: Linux  PlatformVersion: 5.14.0-427.37.1.el9_4.x86_64  CompilerName: GCC  CompilerVersion: 8.4.0
ProgramName: mri_and  ProgramArguments: mri_and -all-info  ProgramVersion: 7.3.2  TimeStamp: 2026/03/12-10:42:16-GMT  BuildTime: Aug  4 2022 06:17:15  BuildStamp: freesurfer-linux-ubuntu22_x86_64-7.3.2-20220804-6354275  User: oesteban  Machine: dna086  Platform: Linux  PlatformVersion: 5.14.0-427.37.1.el9_4.x86_64  CompilerName: GCC  CompilerVersion: 8.4.0
ProgramName: mri_annotation2label  ProgramArguments: mri_annotation2label -all-info  ProgramVersion: 7.3.2  TimeStamp: 2026/03/12-10:42:16-GMT  BuildTime: Aug  4 2022 06:17:15  BuildStamp: freesurfer-linux-ubuntu22_x86_64-7.3.2-20220804-6354275  User: oesteban  Machine: dna086  Platform: Linux  PlatformVersion: 5.14.0-427.37.1.el9_4.x86_64  CompilerName: GCC  CompilerVersion: 8.4.0
ProgramName: mri_aparc2aseg  ProgramArguments: mri_aparc2aseg -all-info  ProgramVersion: 7.3.2  TimeStamp: 2026/03/12-10:42:16-GMT  BuildTime: Aug  4 2022 06:17:15  BuildStamp: freesurfer-linux-ubuntu22_x86_64-7.3.2-20220804-6354275  User: oesteban  Machine: dna086  Platform: Linux  PlatformVersion: 5.14.0-427.37.1.el9_4.x86_64  CompilerName: GCC  CompilerVersion: 8.4.0
ProgramName: mri_surf2volseg  ProgramArguments: mri_surf2volseg -all-info  ProgramVersion: 7.3.2  TimeStamp: 2026/03/12-10:42:16-GMT  BuildTime: Aug  4 2022 06:17:15  BuildStamp: freesurfer-linux-ubuntu22_x86_64-7.3.2-20220804-6354275  User: oesteban  Machine: dna086  Platform: Linux  PlatformVersion: 5.14.0-427.37.1.el9_4.x86_64  CompilerName: GCC  CompilerVersion: 8.4.0
ProgramName: mri_binarize  ProgramArguments: mri_binarize -all-info  ProgramVersion: 7.3.2  TimeStamp: 2026/03/12-10:42:16-GMT  BuildTime: Aug  4 2022 06:17:15  BuildStamp: freesurfer-linux-ubuntu22_x86_64-7.3.2-20220804-6354275  User: oesteban  Machine: dna086  Platform: Linux  PlatformVersion: 5.14.0-427.37.1.el9_4.x86_64  CompilerName: GCC  CompilerVersion: 8.4.0
ProgramName: mri_ca_label  ProgramArguments: mri_ca_label -all-info  ProgramVersion: 7.3.2  TimeStamp: 2026/03/12-10:42:16-GMT  BuildTime: Aug  4 2022 06:17:15  BuildStamp: freesurfer-linux-ubuntu22_x86_64-7.3.2-20220804-6354275  User: oesteban  Machine: dna086  Platform: Linux  PlatformVersion: 5.14.0-427.37.1.el9_4.x86_64  CompilerName: GCC  CompilerVersion: 8.4.0
ProgramName: mri_ca_normalize  ProgramArguments: mri_ca_normalize -all-info  ProgramVersion: 7.3.2  TimeStamp: 2026/03/12-10:42:16-GMT  BuildTime: Aug  4 2022 06:17:15  BuildStamp: freesurfer-linux-ubuntu22_x86_64-7.3.2-20220804-6354275  User: oesteban  Machine: dna086  Platform: Linux  PlatformVersion: 5.14.0-427.37.1.el9_4.x86_64  CompilerName: GCC  CompilerVersion: 8.4.0
ProgramName: mri_ca_register  ProgramArguments: mri_ca_register -all-info  ProgramVersion: 7.3.2  TimeStamp: 2026/03/12-10:42:16-GMT  BuildTime: Aug  4 2022 06:17:15  BuildStamp: freesurfer-linux-ubuntu22_x86_64-7.3.2-20220804-6354275  User: oesteban  Machine: dna086  Platform: Linux  PlatformVersion: 5.14.0-427.37.1.el9_4.x86_64  CompilerName: GCC  CompilerVersion: 8.4.0
ProgramName: mri_cc  ProgramArguments: mri_cc -all-info  ProgramVersion: 7.3.2  TimeStamp: 2026/03/12-10:42:16-GMT  BuildTime: Aug  4 2022 06:17:15  BuildStamp: freesurfer-linux-ubuntu22_x86_64-7.3.2-20220804-6354275  User: oesteban  Machine: dna086  Platform: Linux  PlatformVersion: 5.14.0-427.37.1.el9_4.x86_64  CompilerName: GCC  CompilerVersion: 8.4.0
ProgramName: mri_compute_overlap  ProgramArguments: mri_compute_overlap -all-info  ProgramVersion: 7.3.2  TimeStamp: 2026/03/12-10:42:16-GMT  BuildTime: Aug  4 2022 06:17:15  BuildStamp: freesurfer-linux-ubuntu22_x86_64-7.3.2-20220804-6354275  User: oesteban  Machine: dna086  Platform: Linux  PlatformVersion: 5.14.0-427.37.1.el9_4.x86_64  CompilerName: GCC  CompilerVersion: 8.4.0
ProgramName: mri_compute_seg_overlap  ProgramArguments: mri_compute_seg_overlap -all-info  ProgramVersion: 7.3.2  TimeStamp: 2026/03/12-10:42:16-GMT  BuildTime: Aug  4 2022 06:17:15  BuildStamp: freesurfer-linux-ubuntu22_x86_64-7.3.2-20220804-6354275  User: oesteban  Machine: dna086  Platform: Linux  PlatformVersion: 5.14.0-427.37.1.el9_4.x86_64  CompilerName: GCC  CompilerVersion: 8.4.0
ProgramName: mri_concat  ProgramArguments: mri_concat -all-info  ProgramVersion: 7.3.2  TimeStamp: 2026/03/12-10:42:16-GMT  BuildTime: Aug  4 2022 06:17:15  BuildStamp: freesurfer-linux-ubuntu22_x86_64-7.3.2-20220804-6354275  User: oesteban  Machine: dna086  Platform: Linux  PlatformVersion: 5.14.0-427.37.1.el9_4.x86_64  CompilerName: GCC  CompilerVersion: 8.4.0
ProgramName: mri_concatenate_lta  ProgramArguments: mri_concatenate_lta -all-info  ProgramVersion: 7.3.2  TimeStamp: 2026/03/12-10:42:16-GMT  BuildTime: Aug  4 2022 06:17:15  BuildStamp: freesurfer-linux-ubuntu22_x86_64-7.3.2-20220804-6354275  User: oesteban  Machine: dna086  Platform: Linux  PlatformVersion: 5.14.0-427.37.1.el9_4.x86_64  CompilerName: GCC  CompilerVersion: 8.4.0
mri_convert -all-info 
ProgramName: mri_convert  ProgramArguments: mri_convert -all-info  ProgramVersion: 7.3.2  TimeStamp: 2026/03/12-10:42:16-GMT  BuildTime: Aug  4 2022 06:17:15  BuildStamp: freesurfer-linux-ubuntu22_x86_64-7.3.2-20220804-6354275  User: oesteban  Machine: dna086  Platform: Linux  PlatformVersion: 5.14.0-427.37.1.el9_4.x86_64  CompilerName: GCC  CompilerVersion: 8.4.0
ProgramName: mri_diff  ProgramArguments: mri_diff -all-info  ProgramVersion: 7.3.2  TimeStamp: 2026/03/12-10:42:16-GMT  BuildTime: Aug  4 2022 06:17:15  BuildStamp: freesurfer-linux-ubuntu22_x86_64-7.3.2-20220804-6354275  User: oesteban  Machine: dna086  Platform: Linux  PlatformVersion: 5.14.0-427.37.1.el9_4.x86_64  CompilerName: GCC  CompilerVersion: 8.4.0
ProgramName: mri_edit_wm_with_aseg  ProgramArguments: mri_edit_wm_with_aseg -all-info  ProgramVersion: 7.3.2  TimeStamp: 2026/03/12-10:42:16-GMT  BuildTime: Aug  4 2022 06:17:15  BuildStamp: freesurfer-linux-ubuntu22_x86_64-7.3.2-20220804-6354275  User: oesteban  Machine: dna086  Platform: Linux  PlatformVersion: 5.14.0-427.37.1.el9_4.x86_64  CompilerName: GCC  CompilerVersion: 8.4.0
ProgramName: mri_em_register  ProgramArguments: mri_em_register -all-info  ProgramVersion: 7.3.2  TimeStamp: 2026/03/12-10:42:16-GMT  BuildTime: Aug  4 2022 06:17:15  BuildStamp: freesurfer-linux-ubuntu22_x86_64-7.3.2-20220804-6354275  User: oesteban  Machine: dna086  Platform: Linux  PlatformVersion: 5.14.0-427.37.1.el9_4.x86_64  CompilerName: GCC  CompilerVersion: 8.4.0
ProgramName: mri_fill  ProgramArguments: mri_fill -all-info  ProgramVersion: 7.3.2  TimeStamp: 2026/03/12-10:42:16-GMT  BuildTime: Aug  4 2022 06:17:15  BuildStamp: freesurfer-linux-ubuntu22_x86_64-7.3.2-20220804-6354275  User: oesteban  Machine: dna086  Platform: Linux  PlatformVersion: 5.14.0-427.37.1.el9_4.x86_64  CompilerName: GCC  CompilerVersion: 8.4.0
ProgramName: mri_fuse_segmentations  ProgramArguments: mri_fuse_segmentations -all-info  ProgramVersion: 7.3.2  TimeStamp: 2026/03/12-10:42:16-GMT  BuildTime: Aug  4 2022 06:17:15  BuildStamp: freesurfer-linux-ubuntu22_x86_64-7.3.2-20220804-6354275  User: oesteban  Machine: dna086  Platform: Linux  PlatformVersion: 5.14.0-427.37.1.el9_4.x86_64  CompilerName: GCC  CompilerVersion: 8.4.0
ProgramName: mri_fwhm  ProgramArguments: mri_fwhm -all-info  ProgramVersion: 7.3.2  TimeStamp: 2026/03/12-10:42:16-GMT  BuildTime: Aug  4 2022 06:17:15  BuildStamp: freesurfer-linux-ubuntu22_x86_64-7.3.2-20220804-6354275  User: oesteban  Machine: dna086  Platform: Linux  PlatformVersion: 5.14.0-427.37.1.el9_4.x86_64  CompilerName: GCC  CompilerVersion: 8.4.0
ProgramName: mri_gcut  ProgramArguments: mri_gcut -all-info  ProgramVersion: 7.3.2  TimeStamp: 2026/03/12-10:42:16-GMT  BuildTime: Aug  4 2022 06:17:15  BuildStamp: freesurfer-linux-ubuntu22_x86_64-7.3.2-20220804-6354275  User: oesteban  Machine: dna086  Platform: Linux  PlatformVersion: 5.14.0-427.37.1.el9_4.x86_64  CompilerName: GCC  CompilerVersion: 8.4.0
ProgramName: mri_info  ProgramArguments: mri_info -all-info  ProgramVersion: 7.3.2  TimeStamp: 2026/03/12-10:42:16-GMT  BuildTime: Aug  4 2022 06:17:15  BuildStamp: freesurfer-linux-ubuntu22_x86_64-7.3.2-20220804-6354275  User: oesteban  Machine: dna086  Platform: Linux  PlatformVersion: 5.14.0-427.37.1.el9_4.x86_64  CompilerName: GCC  CompilerVersion: 8.4.0
ProgramName: mri_label2label  ProgramArguments: mri_label2label -all-info  ProgramVersion: 7.3.2  TimeStamp: 2026/03/12-10:42:16-GMT  BuildTime: Aug  4 2022 06:17:15  BuildStamp: freesurfer-linux-ubuntu22_x86_64-7.3.2-20220804-6354275  User: oesteban  Machine: dna086  Platform: Linux  PlatformVersion: 5.14.0-427.37.1.el9_4.x86_64  CompilerName: GCC  CompilerVersion: 8.4.0
ProgramName: mri_label2vol  ProgramArguments: mri_label2vol -all-info  ProgramVersion: 7.3.2  TimeStamp: 2026/03/12-10:42:16-GMT  BuildTime: Aug  4 2022 06:17:15  BuildStamp: freesurfer-linux-ubuntu22_x86_64-7.3.2-20220804-6354275  User: oesteban  Machine: dna086  Platform: Linux  PlatformVersion: 5.14.0-427.37.1.el9_4.x86_64  CompilerName: GCC  CompilerVersion: 8.4.0
ProgramName: mri_log_likelihood  ProgramArguments: mri_log_likelihood -all-info  ProgramVersion: 7.3.2  TimeStamp: 2026/03/12-10:42:16-GMT  BuildTime: Aug  4 2022 06:17:15  BuildStamp: freesurfer-linux-ubuntu22_x86_64-7.3.2-20220804-6354275  User: oesteban  Machine: dna086  Platform: Linux  PlatformVersion: 5.14.0-427.37.1.el9_4.x86_64  CompilerName: GCC  CompilerVersion: 8.4.0
ProgramName: mri_mask  ProgramArguments: mri_mask -all-info  ProgramVersion: 7.3.2  TimeStamp: 2026/03/12-10:42:16-GMT  BuildTime: Aug  4 2022 06:17:15  BuildStamp: freesurfer-linux-ubuntu22_x86_64-7.3.2-20220804-6354275  User: oesteban  Machine: dna086  Platform: Linux  PlatformVersion: 5.14.0-427.37.1.el9_4.x86_64  CompilerName: GCC  CompilerVersion: 8.4.0
ProgramName: mri_matrix_multiply  ProgramArguments: mri_matrix_multiply -all-info  ProgramVersion: 7.3.2  TimeStamp: 2026/03/12-10:42:16-GMT  BuildTime: Aug  4 2022 06:17:15  BuildStamp: freesurfer-linux-ubuntu22_x86_64-7.3.2-20220804-6354275  User: oesteban  Machine: dna086  Platform: Linux  PlatformVersion: 5.14.0-427.37.1.el9_4.x86_64  CompilerName: GCC  CompilerVersion: 8.4.0
ProgramName: mri_normalize  ProgramArguments: mri_normalize -all-info  ProgramVersion: 7.3.2  TimeStamp: 2026/03/12-10:42:16-GMT  BuildTime: Aug  4 2022 06:17:15  BuildStamp: freesurfer-linux-ubuntu22_x86_64-7.3.2-20220804-6354275  User: oesteban  Machine: dna086  Platform: Linux  PlatformVersion: 5.14.0-427.37.1.el9_4.x86_64  CompilerName: GCC  CompilerVersion: 8.4.0
ProgramName: mri_normalize_tp2  ProgramArguments: mri_normalize_tp2 -all-info  ProgramVersion: 7.3.2  TimeStamp: 2026/03/12-10:42:16-GMT  BuildTime: Aug  4 2022 06:17:15  BuildStamp: freesurfer-linux-ubuntu22_x86_64-7.3.2-20220804-6354275  User: oesteban  Machine: dna086  Platform: Linux  PlatformVersion: 5.14.0-427.37.1.el9_4.x86_64  CompilerName: GCC  CompilerVersion: 8.4.0
ProgramName: mri_or  ProgramArguments: mri_or -all-info  ProgramVersion: 7.3.2  TimeStamp: 2026/03/12-10:42:16-GMT  BuildTime: Aug  4 2022 06:17:15  BuildStamp: freesurfer-linux-ubuntu22_x86_64-7.3.2-20220804-6354275  User: oesteban  Machine: dna086  Platform: Linux  PlatformVersion: 5.14.0-427.37.1.el9_4.x86_64  CompilerName: GCC  CompilerVersion: 8.4.0
ProgramName: mri_relabel_hypointensities  ProgramArguments: mri_relabel_hypointensities -all-info  ProgramVersion: 7.3.2  TimeStamp: 2026/03/12-10:42:16-GMT  BuildTime: Aug  4 2022 06:17:15  BuildStamp: freesurfer-linux-ubuntu22_x86_64-7.3.2-20220804-6354275  User: oesteban  Machine: dna086  Platform: Linux  PlatformVersion: 5.14.0-427.37.1.el9_4.x86_64  CompilerName: GCC  CompilerVersion: 8.4.0
ProgramName: mri_relabel_nonwm_hypos  ProgramArguments: mri_relabel_nonwm_hypos -all-info  ProgramVersion: 7.3.2  TimeStamp: 2026/03/12-10:42:16-GMT  BuildTime: Aug  4 2022 06:17:15  BuildStamp: freesurfer-linux-ubuntu22_x86_64-7.3.2-20220804-6354275  User: oesteban  Machine: dna086  Platform: Linux  PlatformVersion: 5.14.0-427.37.1.el9_4.x86_64  CompilerName: GCC  CompilerVersion: 8.4.0
ProgramName: mri_remove_neck  ProgramArguments: mri_remove_neck -all-info  ProgramVersion: 7.3.2  TimeStamp: 2026/03/12-10:42:16-GMT  BuildTime: Aug  4 2022 06:17:15  BuildStamp: freesurfer-linux-ubuntu22_x86_64-7.3.2-20220804-6354275  User: oesteban  Machine: dna086  Platform: Linux  PlatformVersion: 5.14.0-427.37.1.el9_4.x86_64  CompilerName: GCC  CompilerVersion: 8.4.0
7.3.2

ProgramName: mri_robust_register  ProgramArguments: mri_robust_register -all-info  ProgramVersion: 7.3.2  TimeStamp: 2026/03/12-10:42:16-GMT  BuildTime: Aug  4 2022 06:17:15  BuildStamp: freesurfer-linux-ubuntu22_x86_64-7.3.2-20220804-6354275  User: oesteban  Machine: dna086  Platform: Linux  PlatformVersion: 5.14.0-427.37.1.el9_4.x86_64  CompilerName: GCC  CompilerVersion: 8.4.0
7.3.2

ProgramName: mri_robust_template  ProgramArguments: mri_robust_template -all-info  ProgramVersion: 7.3.2  TimeStamp: 2026/03/12-10:42:16-GMT  BuildTime: Aug  4 2022 06:17:15  BuildStamp: freesurfer-linux-ubuntu22_x86_64-7.3.2-20220804-6354275  User: oesteban  Machine: dna086  Platform: Linux  PlatformVersion: 5.14.0-427.37.1.el9_4.x86_64  CompilerName: GCC  CompilerVersion: 8.4.0
ProgramName: mris_anatomical_stats  ProgramArguments: mris_anatomical_stats -all-info  ProgramVersion: 7.3.2  TimeStamp: 2026/03/12-10:42:16-GMT  BuildTime: Aug  4 2022 06:17:15  BuildStamp: freesurfer-linux-ubuntu22_x86_64-7.3.2-20220804-6354275  User: oesteban  Machine: dna086  Platform: Linux  PlatformVersion: 5.14.0-427.37.1.el9_4.x86_64  CompilerName: GCC  CompilerVersion: 8.4.0
ProgramName: mris_ca_label  ProgramArguments: mris_ca_label -all-info  ProgramVersion: 7.3.2  TimeStamp: 2026/03/12-10:42:16-GMT  BuildTime: Aug  4 2022 06:17:15  BuildStamp: freesurfer-linux-ubuntu22_x86_64-7.3.2-20220804-6354275  User: oesteban  Machine: dna086  Platform: Linux  PlatformVersion: 5.14.0-427.37.1.el9_4.x86_64  CompilerName: GCC  CompilerVersion: 8.4.0
ProgramName: mris_calc  ProgramArguments: mris_calc -all-info  ProgramVersion: 7.3.2  TimeStamp: 2026/03/12-10:42:16-GMT  BuildTime: Aug  4 2022 06:17:15  BuildStamp: freesurfer-linux-ubuntu22_x86_64-7.3.2-20220804-6354275  User: oesteban  Machine: dna086  Platform: Linux  PlatformVersion: 5.14.0-427.37.1.el9_4.x86_64  CompilerName: GCC  CompilerVersion: 8.4.0
ProgramName: mris_convert  ProgramArguments: mris_convert -all-info  ProgramVersion: 7.3.2  TimeStamp: 2026/03/12-10:42:16-GMT  BuildTime: Aug  4 2022 06:17:15  BuildStamp: freesurfer-linux-ubuntu22_x86_64-7.3.2-20220804-6354275  User: oesteban  Machine: dna086  Platform: Linux  PlatformVersion: 5.14.0-427.37.1.el9_4.x86_64  CompilerName: GCC  CompilerVersion: 8.4.0
ProgramName: mris_curvature  ProgramArguments: mris_curvature -all-info  ProgramVersion: 7.3.2  TimeStamp: 2026/03/12-10:42:16-GMT  BuildTime: Aug  4 2022 06:17:15  BuildStamp: freesurfer-linux-ubuntu22_x86_64-7.3.2-20220804-6354275  User: oesteban  Machine: dna086  Platform: Linux  PlatformVersion: 5.14.0-427.37.1.el9_4.x86_64  CompilerName: GCC  CompilerVersion: 8.4.0
ProgramName: mris_curvature_stats  ProgramArguments: mris_curvature_stats -all-info  ProgramVersion: 7.3.2  TimeStamp: 2026/03/12-10:42:16-GMT  BuildTime: Aug  4 2022 06:17:15  BuildStamp: freesurfer-linux-ubuntu22_x86_64-7.3.2-20220804-6354275  User: oesteban  Machine: dna086  Platform: Linux  PlatformVersion: 5.14.0-427.37.1.el9_4.x86_64  CompilerName: GCC  CompilerVersion: 8.4.0
ProgramName: mris_diff  ProgramArguments: mris_diff -all-info  ProgramVersion: 7.3.2  TimeStamp: 2026/03/12-10:42:16-GMT  BuildTime: Aug  4 2022 06:17:15  BuildStamp: freesurfer-linux-ubuntu22_x86_64-7.3.2-20220804-6354275  User: oesteban  Machine: dna086  Platform: Linux  PlatformVersion: 5.14.0-427.37.1.el9_4.x86_64  CompilerName: GCC  CompilerVersion: 8.4.0
ProgramName: mris_divide_parcellation  ProgramArguments: mris_divide_parcellation -all-info  ProgramVersion: 7.3.2  TimeStamp: 2026/03/12-10:42:16-GMT  BuildTime: Aug  4 2022 06:17:15  BuildStamp: freesurfer-linux-ubuntu22_x86_64-7.3.2-20220804-6354275  User: oesteban  Machine: dna086  Platform: Linux  PlatformVersion: 5.14.0-427.37.1.el9_4.x86_64  CompilerName: GCC  CompilerVersion: 8.4.0
ProgramName: mri_segment  ProgramArguments: mri_segment -all-info  ProgramVersion: 7.3.2  TimeStamp: 2026/03/12-10:42:16-GMT  BuildTime: Aug  4 2022 06:17:15  BuildStamp: freesurfer-linux-ubuntu22_x86_64-7.3.2-20220804-6354275  User: oesteban  Machine: dna086  Platform: Linux  PlatformVersion: 5.14.0-427.37.1.el9_4.x86_64  CompilerName: GCC  CompilerVersion: 8.4.0
ProgramName: mri_segstats  ProgramArguments: mri_segstats -all-info  ProgramVersion: 7.3.2  TimeStamp: 2026/03/12-10:42:16-GMT  BuildTime: Aug  4 2022 06:17:15  BuildStamp: freesurfer-linux-ubuntu22_x86_64-7.3.2-20220804-6354275  User: oesteban  Machine: dna086  Platform: Linux  PlatformVersion: 5.14.0-427.37.1.el9_4.x86_64  CompilerName: GCC  CompilerVersion: 8.4.0
ProgramName: mris_euler_number  ProgramArguments: mris_euler_number -all-info  ProgramVersion: 7.3.2  TimeStamp: 2026/03/12-10:42:16-GMT  BuildTime: Aug  4 2022 06:17:15  BuildStamp: freesurfer-linux-ubuntu22_x86_64-7.3.2-20220804-6354275  User: oesteban  Machine: dna086  Platform: Linux  PlatformVersion: 5.14.0-427.37.1.el9_4.x86_64  CompilerName: GCC  CompilerVersion: 8.4.0
ProgramName: mris_fix_topology  ProgramArguments: mris_fix_topology -all-info  ProgramVersion: 7.3.2  TimeStamp: 2026/03/12-10:42:16-GMT  BuildTime: Aug  4 2022 06:17:15  BuildStamp: freesurfer-linux-ubuntu22_x86_64-7.3.2-20220804-6354275  User: oesteban  Machine: dna086  Platform: Linux  PlatformVersion: 5.14.0-427.37.1.el9_4.x86_64  CompilerName: GCC  CompilerVersion: 8.4.0
ProgramName: mris_topo_fixer  ProgramArguments: mris_topo_fixer -all-info  ProgramVersion: 7.3.2  TimeStamp: 2026/03/12-10:42:16-GMT  BuildTime: Aug  4 2022 06:17:15  BuildStamp: freesurfer-linux-ubuntu22_x86_64-7.3.2-20220804-6354275  User: oesteban  Machine: dna086  Platform: Linux  PlatformVersion: 5.14.0-427.37.1.el9_4.x86_64  CompilerName: GCC  CompilerVersion: 8.4.0
ProgramName: mris_jacobian  ProgramArguments: mris_jacobian -all-info  ProgramVersion: 7.3.2  TimeStamp: 2026/03/12-10:42:16-GMT  BuildTime: Aug  4 2022 06:17:15  BuildStamp: freesurfer-linux-ubuntu22_x86_64-7.3.2-20220804-6354275  User: oesteban  Machine: dna086  Platform: Linux  PlatformVersion: 5.14.0-427.37.1.el9_4.x86_64  CompilerName: GCC  CompilerVersion: 8.4.0
ProgramName: mris_label2annot  ProgramArguments: mris_label2annot -all-info  ProgramVersion: 7.3.2  TimeStamp: 2026/03/12-10:42:16-GMT  BuildTime: Aug  4 2022 06:17:15  BuildStamp: freesurfer-linux-ubuntu22_x86_64-7.3.2-20220804-6354275  User: oesteban  Machine: dna086  Platform: Linux  PlatformVersion: 5.14.0-427.37.1.el9_4.x86_64  CompilerName: GCC  CompilerVersion: 8.4.0
ProgramName: mris_left_right_register  ProgramArguments: mris_left_right_register -all-info  ProgramVersion: 7.3.2  TimeStamp: 2026/03/12-10:42:16-GMT  BuildTime: Aug  4 2022 06:17:15  BuildStamp: freesurfer-linux-ubuntu22_x86_64-7.3.2-20220804-6354275  User: oesteban  Machine: dna086  Platform: Linux  PlatformVersion: 5.14.0-427.37.1.el9_4.x86_64  CompilerName: GCC  CompilerVersion: 8.4.0
ProgramName: mris_place_surface  ProgramArguments: mris_place_surface -all-info  ProgramVersion: 7.3.2  TimeStamp: 2026/03/12-10:42:16-GMT  BuildTime: Aug  4 2022 06:17:15  BuildStamp: freesurfer-linux-ubuntu22_x86_64-7.3.2-20220804-6354275  User: oesteban  Machine: dna086  Platform: Linux  PlatformVersion: 5.14.0-427.37.1.el9_4.x86_64  CompilerName: GCC  CompilerVersion: 8.4.0
ProgramName: mrisp_paint  ProgramArguments: mrisp_paint -all-info  ProgramVersion: 7.3.2  TimeStamp: 2026/03/12-10:42:16-GMT  BuildTime: Aug  4 2022 06:17:15  BuildStamp: freesurfer-linux-ubuntu22_x86_64-7.3.2-20220804-6354275  User: oesteban  Machine: dna086  Platform: Linux  PlatformVersion: 5.14.0-427.37.1.el9_4.x86_64  CompilerName: GCC  CompilerVersion: 8.4.0
ProgramName: mris_register  ProgramArguments: mris_register -all-info  ProgramVersion: 7.3.2  TimeStamp: 2026/03/12-10:42:16-GMT  BuildTime: Aug  4 2022 06:17:15  BuildStamp: freesurfer-linux-ubuntu22_x86_64-7.3.2-20220804-6354275  User: oesteban  Machine: dna086  Platform: Linux  PlatformVersion: 5.14.0-427.37.1.el9_4.x86_64  CompilerName: GCC  CompilerVersion: 8.4.0
ProgramName: mris_smooth  ProgramArguments: mris_smooth -all-info  ProgramVersion: 7.3.2  TimeStamp: 2026/03/12-10:42:16-GMT  BuildTime: Aug  4 2022 06:17:15  BuildStamp: freesurfer-linux-ubuntu22_x86_64-7.3.2-20220804-6354275  User: oesteban  Machine: dna086  Platform: Linux  PlatformVersion: 5.14.0-427.37.1.el9_4.x86_64  CompilerName: GCC  CompilerVersion: 8.4.0
ProgramName: mris_sphere  ProgramArguments: mris_sphere -all-info  ProgramVersion: 7.3.2  TimeStamp: 2026/03/12-10:42:16-GMT  BuildTime: Aug  4 2022 06:17:15  BuildStamp: freesurfer-linux-ubuntu22_x86_64-7.3.2-20220804-6354275  User: oesteban  Machine: dna086  Platform: Linux  PlatformVersion: 5.14.0-427.37.1.el9_4.x86_64  CompilerName: GCC  CompilerVersion: 8.4.0
ProgramName: mris_surface_stats  ProgramArguments: mris_surface_stats -all-info  ProgramVersion: 7.3.2  TimeStamp: 2026/03/12-10:42:16-GMT  BuildTime: Aug  4 2022 06:17:15  BuildStamp: freesurfer-linux-ubuntu22_x86_64-7.3.2-20220804-6354275  User: oesteban  Machine: dna086  Platform: Linux  PlatformVersion: 5.14.0-427.37.1.el9_4.x86_64  CompilerName: GCC  CompilerVersion: 8.4.0
ProgramName: mri_stats2seg  ProgramArguments: mri_stats2seg -all-info  ProgramVersion: 7.3.2  TimeStamp: 2026/03/12-10:42:16-GMT  BuildTime: Aug  4 2022 06:17:15  BuildStamp: freesurfer-linux-ubuntu22_x86_64-7.3.2-20220804-6354275  User: oesteban  Machine: dna086  Platform: Linux  PlatformVersion: 5.14.0-427.37.1.el9_4.x86_64  CompilerName: GCC  CompilerVersion: 8.4.0
ProgramName: mris_thickness  ProgramArguments: mris_thickness -all-info  ProgramVersion: 7.3.2  TimeStamp: 2026/03/12-10:42:16-GMT  BuildTime: Aug  4 2022 06:17:15  BuildStamp: freesurfer-linux-ubuntu22_x86_64-7.3.2-20220804-6354275  User: oesteban  Machine: dna086  Platform: Linux  PlatformVersion: 5.14.0-427.37.1.el9_4.x86_64  CompilerName: GCC  CompilerVersion: 8.4.0
ProgramName: mris_thickness_diff  ProgramArguments: mris_thickness_diff -all-info  ProgramVersion: 7.3.2  TimeStamp: 2026/03/12-10:42:16-GMT  BuildTime: Aug  4 2022 06:17:15  BuildStamp: freesurfer-linux-ubuntu22_x86_64-7.3.2-20220804-6354275  User: oesteban  Machine: dna086  Platform: Linux  PlatformVersion: 5.14.0-427.37.1.el9_4.x86_64  CompilerName: GCC  CompilerVersion: 8.4.0
ProgramName: mris_topo_fixer  ProgramArguments: mris_topo_fixer -all-info  ProgramVersion: 7.3.2  TimeStamp: 2026/03/12-10:42:16-GMT  BuildTime: Aug  4 2022 06:17:15  BuildStamp: freesurfer-linux-ubuntu22_x86_64-7.3.2-20220804-6354275  User: oesteban  Machine: dna086  Platform: Linux  PlatformVersion: 5.14.0-427.37.1.el9_4.x86_64  CompilerName: GCC  CompilerVersion: 8.4.0
ProgramName: mri_surf2surf  ProgramArguments: mri_surf2surf -all-info  ProgramVersion: 7.3.2  TimeStamp: 2026/03/12-10:42:16-GMT  BuildTime: Aug  4 2022 06:17:15  BuildStamp: freesurfer-linux-ubuntu22_x86_64-7.3.2-20220804-6354275  User: oesteban  Machine: dna086  Platform: Linux  PlatformVersion: 5.14.0-427.37.1.el9_4.x86_64  CompilerName: GCC  CompilerVersion: 8.4.0
ProgramName: mri_surf2vol  ProgramArguments: mri_surf2vol -all-info  ProgramVersion: 7.3.2  TimeStamp: 2026/03/12-10:42:16-GMT  BuildTime: Aug  4 2022 06:17:15  BuildStamp: freesurfer-linux-ubuntu22_x86_64-7.3.2-20220804-6354275  User: oesteban  Machine: dna086  Platform: Linux  PlatformVersion: 5.14.0-427.37.1.el9_4.x86_64  CompilerName: GCC  CompilerVersion: 8.4.0
ProgramName: mri_surfcluster  ProgramArguments: mri_surfcluster -all-info  ProgramVersion: 7.3.2  TimeStamp: 2026/03/12-10:42:16-GMT  BuildTime: Aug  4 2022 06:17:15  BuildStamp: freesurfer-linux-ubuntu22_x86_64-7.3.2-20220804-6354275  User: oesteban  Machine: dna086  Platform: Linux  PlatformVersion: 5.14.0-427.37.1.el9_4.x86_64  CompilerName: GCC  CompilerVersion: 8.4.0
ProgramName: mris_volmask  ProgramArguments: mris_volmask -all-info  ProgramVersion: 7.3.2  TimeStamp: 2026/03/12-10:42:16-GMT  BuildTime: Aug  4 2022 06:17:15  BuildStamp: freesurfer-linux-ubuntu22_x86_64-7.3.2-20220804-6354275  User: oesteban  Machine: dna086  Platform: Linux  PlatformVersion: 5.14.0-427.37.1.el9_4.x86_64  CompilerName: GCC  CompilerVersion: 8.4.0
ProgramName: mri_tessellate  ProgramArguments: mri_tessellate -all-info  ProgramVersion: 7.3.2  TimeStamp: 2026/03/12-10:42:16-GMT  BuildTime: Aug  4 2022 06:17:15  BuildStamp: freesurfer-linux-ubuntu22_x86_64-7.3.2-20220804-6354275  User: oesteban  Machine: dna086  Platform: Linux  PlatformVersion: 5.14.0-427.37.1.el9_4.x86_64  CompilerName: GCC  CompilerVersion: 8.4.0
ProgramName: mri_vol2surf  ProgramArguments: mri_vol2surf -all-info  ProgramVersion: 7.3.2  TimeStamp: 2026/03/12-10:42:16-GMT  BuildTime: Aug  4 2022 06:17:15  BuildStamp: freesurfer-linux-ubuntu22_x86_64-7.3.2-20220804-6354275  User: oesteban  Machine: dna086  Platform: Linux  PlatformVersion: 5.14.0-427.37.1.el9_4.x86_64  CompilerName: GCC  CompilerVersion: 8.4.0
ProgramName: mri_vol2vol  ProgramArguments: mri_vol2vol -all-info  ProgramVersion: 7.3.2  TimeStamp: 2026/03/12-10:42:16-GMT  BuildTime: Aug  4 2022 06:17:15  BuildStamp: freesurfer-linux-ubuntu22_x86_64-7.3.2-20220804-6354275  User: oesteban  Machine: dna086  Platform: Linux  PlatformVersion: 5.14.0-427.37.1.el9_4.x86_64  CompilerName: GCC  CompilerVersion: 8.4.0
ProgramName: mri_voldiff  ProgramArguments: mri_voldiff -all-info  ProgramVersion: 7.3.2  TimeStamp: 2026/03/12-10:42:16-GMT  BuildTime: Aug  4 2022 06:17:15  BuildStamp: freesurfer-linux-ubuntu22_x86_64-7.3.2-20220804-6354275  User: oesteban  Machine: dna086  Platform: Linux  PlatformVersion: 5.14.0-427.37.1.el9_4.x86_64  CompilerName: GCC  CompilerVersion: 8.4.0
ProgramName: mri_watershed  ProgramArguments: mri_watershed -all-info  ProgramVersion: 7.3.2  TimeStamp: 2026/03/12-10:42:16-GMT  BuildTime: Aug  4 2022 06:17:15  BuildStamp: freesurfer-linux-ubuntu22_x86_64-7.3.2-20220804-6354275  User: oesteban  Machine: dna086  Platform: Linux  PlatformVersion: 5.14.0-427.37.1.el9_4.x86_64  CompilerName: GCC  CompilerVersion: 8.4.0
ProgramName: tkregister2  ProgramArguments: tkregister2_cmdl -all-info  ProgramVersion: 7.3.2  TimeStamp: 2026/03/12-10:42:16-GMT  BuildTime: Aug  4 2022 06:17:15  BuildStamp: freesurfer-linux-ubuntu22_x86_64-7.3.2-20220804-6354275  User: oesteban  Machine: dna086  Platform: Linux  PlatformVersion: 5.14.0-427.37.1.el9_4.x86_64  CompilerName: GCC  CompilerVersion: 8.4.0
mri_motion_correct.fsl 7.3.2
mri_convert -all-info 
ProgramName: mri_convert  ProgramArguments: mri_convert -all-info  ProgramVersion: 7.3.2  TimeStamp: 2026/03/12-10:42:16-GMT  BuildTime: Aug  4 2022 06:17:15  BuildStamp: freesurfer-linux-ubuntu22_x86_64-7.3.2-20220804-6354275  User: oesteban  Machine: dna086  Platform: Linux  PlatformVersion: 5.14.0-427.37.1.el9_4.x86_64  CompilerName: GCC  CompilerVersion: 8.4.0
Program nu_correct, built from:
Package MNI N3, version 1.12.0, compiled by nicks@terrier (x86_64-unknown-linux-gnu) on 2015-06-19 at 01:25:34
#######################################
GCADIR /opt/freesurfer/average
GCA RB_all_2020-01-02.gca
GCASkull RB_all_withskull_2020_01_02.gca
AvgCurvTif folding.atlas.acfb40.noaparc.i12.2016-08-02.tif
GCSDIR /opt/freesurfer/average
GCS DKaparc.atlas.acfb40.noaparc.i12.2016-08-02.gcs
#######################################
#@# white curv lh Thu Mar 12 11:42:16 CET 2026
cd /out/sourcedata/freesurfer/sub-v1s11x0050146_ses-1/mri
mris_place_surface --curv-map ../surf/lh.white 2 10 ../surf/lh.curv
   Update not needed
#@# white area lh Thu Mar 12 11:42:16 CET 2026
cd /out/sourcedata/freesurfer/sub-v1s11x0050146_ses-1/mri
mris_place_surface --area-map ../surf/lh.white ../surf/lh.area
   Update not needed
#@# pial curv lh Thu Mar 12 11:42:16 CET 2026
cd /out/sourcedata/freesurfer/sub-v1s11x0050146_ses-1/mri
mris_place_surface --curv-map ../surf/lh.pial 2 10 ../surf/lh.curv.pial
   Update not needed
#@# pial area lh Thu Mar 12 11:42:16 CET 2026
cd /out/sourcedata/freesurfer/sub-v1s11x0050146_ses-1/mri
mris_place_surface --area-map ../surf/lh.pial ../surf/lh.area.pial
   Update not needed
#@# thickness lh Thu Mar 12 11:42:16 CET 2026
cd /out/sourcedata/freesurfer/sub-v1s11x0050146_ses-1/mri
mris_place_surface --thickness ../surf/lh.white ../surf/lh.pial 20 5 ../surf/lh.thickness
   Update not needed
#@# area and vertex vol lh Thu Mar 12 11:42:16 CET 2026
cd /out/sourcedata/freesurfer/sub-v1s11x0050146_ses-1/mri
mris_place_surface --thickness ../surf/lh.white ../surf/lh.pial 20 5 ../surf/lh.thickness
   Update not needed
#@# white curv rh Thu Mar 12 11:42:16 CET 2026
cd /out/sourcedata/freesurfer/sub-v1s11x0050146_ses-1/mri
mris_place_surface --curv-map ../surf/rh.white 2 10 ../surf/rh.curv
   Update not needed
#@# white area rh Thu Mar 12 11:42:16 CET 2026
cd /out/sourcedata/freesurfer/sub-v1s11x0050146_ses-1/mri
mris_place_surface --area-map ../surf/rh.white ../surf/rh.area
   Update not needed
#@# pial curv rh Thu Mar 12 11:42:16 CET 2026
cd /out/sourcedata/freesurfer/sub-v1s11x0050146_ses-1/mri
mris_place_surface --curv-map ../surf/rh.pial 2 10 ../surf/rh.curv.pial
   Update not needed
#@# pial area rh Thu Mar 12 11:42:16 CET 2026
cd /out/sourcedata/freesurfer/sub-v1s11x0050146_ses-1/mri
mris_place_surface --area-map ../surf/rh.pial ../surf/rh.area.pial
   Update not needed
#@# thickness rh Thu Mar 12 11:42:16 CET 2026
cd /out/sourcedata/freesurfer/sub-v1s11x0050146_ses-1/mri
mris_place_surface --thickness ../surf/rh.white ../surf/rh.pial 20 5 ../surf/rh.thickness
   Update not needed
#@# area and vertex vol rh Thu Mar 12 11:42:16 CET 2026
cd /out/sourcedata/freesurfer/sub-v1s11x0050146_ses-1/mri
mris_place_surface --thickness ../surf/rh.white ../surf/rh.pial 20 5 ../surf/rh.thickness
   Update not needed
#--------------------------------------------
#@# Cortical ribbon mask Thu Mar 12 11:42:16 CET 2026
/out/sourcedata/freesurfer/sub-v1s11x0050146_ses-1/mri

 mris_volmask --aseg_name aseg.presurf --label_left_white 2 --label_left_ribbon 3 --label_right_white 41 --label_right_ribbon 42 --save_ribbon sub-v1s11x0050146_ses-1 

SUBJECTS_DIR is /out/sourcedata/freesurfer
loading input data...
Running hemis serially
Processing left hemi
computing distance to left white surface 
computing distance to left pial surface 
Processing right hemi
computing distance to right white surface 
computing distance to right pial surface 
 hemi masks overlap voxels = 164
writing volume /out/sourcedata/freesurfer/sub-v1s11x0050146_ses-1/mri/ribbon.mgz
mris_volmask took 6.05 minutes
 writing ribbon files

Started at Thu Mar 12 11:42:16 CET 2026 
Ended   at Thu Mar 12 11:48:19 CET 2026
#@#%# recon-all-run-time-hours 0.101
recon-all -s sub-v1s11x0050146_ses-1 finished without error at Thu Mar 12 11:48:19 CET 2026



#New# invocation of recon-all 




Thu Mar 12 11:53:09 CET 2026
cd /out/sourcedata/freesurfer/sub-v1s11x0050146_ses-1
setenv SUBJECTS_DIR /out/sourcedata/freesurfer
/opt/freesurfer/bin/recon-all -autorecon3 -openmp 16 -subjid sub-v1s11x0050146_ses-1 -sd /out/sourcedata/freesurfer -nosphere -nosurfreg -nojacobian_white -noavgcurv -nocortparc -nopial -noparcstats -nocortparc2 -noparcstats2 -nocortparc3 -noparcstats3 -nopctsurfcon -nocortribbon -nobalabels

subjid sub-v1s11x0050146_ses-1
setenv SUBJECTS_DIR /out/sourcedata/freesurfer
FREESURFER_HOME /opt/freesurfer
Actual FREESURFER_HOME /opt/freesurfer
build-stamp.txt: freesurfer-linux-ubuntu22_x86_64-7.3.2-20220804-6354275
Linux dna086 5.14.0-427.37.1.el9_4.x86_64 #1 SMP PREEMPT_DYNAMIC Fri Sep 13 12:41:50 EDT 2024 x86_64 x86_64 x86_64 GNU/Linux
cputime      unlimited
filesize     unlimited
datasize     unlimited
stacksize    8192 kbytes
coredumpsize 0 kbytes
memoryuse    67108864 kbytes
vmemoryuse   unlimited
descriptors  1024 
memorylocked unlimited
maxproc      2061970 
maxlocks     unlimited
maxsignal    2062024 
maxmessage   819200 
maxnice      0 
maxrtprio    0 
maxrttime    unlimited

               total        used        free      shared  buff/cache   available
Mem:           503Gi        59Gi       402Gi        18Gi        41Gi       422Gi
Swap:             0B          0B          0B

########################################
program versions used
7.3.2 (freesurfer-linux-ubuntu22_x86_64-7.3.2-20220804-6354275)
7.3.2

ProgramName: lta_convert  ProgramArguments: lta_convert -all-info  ProgramVersion: 7.3.2  TimeStamp: 2026/03/12-10:53:09-GMT  BuildTime: Aug  4 2022 06:17:15  BuildStamp: freesurfer-linux-ubuntu22_x86_64-7.3.2-20220804-6354275  User: oesteban  Machine: dna086  Platform: Linux  PlatformVersion: 5.14.0-427.37.1.el9_4.x86_64  CompilerName: GCC  CompilerVersion: 8.4.0
ProgramName: mri_and  ProgramArguments: mri_and -all-info  ProgramVersion: 7.3.2  TimeStamp: 2026/03/12-10:53:09-GMT  BuildTime: Aug  4 2022 06:17:15  BuildStamp: freesurfer-linux-ubuntu22_x86_64-7.3.2-20220804-6354275  User: oesteban  Machine: dna086  Platform: Linux  PlatformVersion: 5.14.0-427.37.1.el9_4.x86_64  CompilerName: GCC  CompilerVersion: 8.4.0
ProgramName: mri_annotation2label  ProgramArguments: mri_annotation2label -all-info  ProgramVersion: 7.3.2  TimeStamp: 2026/03/12-10:53:09-GMT  BuildTime: Aug  4 2022 06:17:15  BuildStamp: freesurfer-linux-ubuntu22_x86_64-7.3.2-20220804-6354275  User: oesteban  Machine: dna086  Platform: Linux  PlatformVersion: 5.14.0-427.37.1.el9_4.x86_64  CompilerName: GCC  CompilerVersion: 8.4.0
ProgramName: mri_aparc2aseg  ProgramArguments: mri_aparc2aseg -all-info  ProgramVersion: 7.3.2  TimeStamp: 2026/03/12-10:53:09-GMT  BuildTime: Aug  4 2022 06:17:15  BuildStamp: freesurfer-linux-ubuntu22_x86_64-7.3.2-20220804-6354275  User: oesteban  Machine: dna086  Platform: Linux  PlatformVersion: 5.14.0-427.37.1.el9_4.x86_64  CompilerName: GCC  CompilerVersion: 8.4.0
ProgramName: mri_surf2volseg  ProgramArguments: mri_surf2volseg -all-info  ProgramVersion: 7.3.2  TimeStamp: 2026/03/12-10:53:09-GMT  BuildTime: Aug  4 2022 06:17:15  BuildStamp: freesurfer-linux-ubuntu22_x86_64-7.3.2-20220804-6354275  User: oesteban  Machine: dna086  Platform: Linux  PlatformVersion: 5.14.0-427.37.1.el9_4.x86_64  CompilerName: GCC  CompilerVersion: 8.4.0
ProgramName: mri_binarize  ProgramArguments: mri_binarize -all-info  ProgramVersion: 7.3.2  TimeStamp: 2026/03/12-10:53:09-GMT  BuildTime: Aug  4 2022 06:17:15  BuildStamp: freesurfer-linux-ubuntu22_x86_64-7.3.2-20220804-6354275  User: oesteban  Machine: dna086  Platform: Linux  PlatformVersion: 5.14.0-427.37.1.el9_4.x86_64  CompilerName: GCC  CompilerVersion: 8.4.0
ProgramName: mri_ca_label  ProgramArguments: mri_ca_label -all-info  ProgramVersion: 7.3.2  TimeStamp: 2026/03/12-10:53:09-GMT  BuildTime: Aug  4 2022 06:17:15  BuildStamp: freesurfer-linux-ubuntu22_x86_64-7.3.2-20220804-6354275  User: oesteban  Machine: dna086  Platform: Linux  PlatformVersion: 5.14.0-427.37.1.el9_4.x86_64  CompilerName: GCC  CompilerVersion: 8.4.0
ProgramName: mri_ca_normalize  ProgramArguments: mri_ca_normalize -all-info  ProgramVersion: 7.3.2  TimeStamp: 2026/03/12-10:53:09-GMT  BuildTime: Aug  4 2022 06:17:15  BuildStamp: freesurfer-linux-ubuntu22_x86_64-7.3.2-20220804-6354275  User: oesteban  Machine: dna086  Platform: Linux  PlatformVersion: 5.14.0-427.37.1.el9_4.x86_64  CompilerName: GCC  CompilerVersion: 8.4.0
ProgramName: mri_ca_register  ProgramArguments: mri_ca_register -all-info  ProgramVersion: 7.3.2  TimeStamp: 2026/03/12-10:53:09-GMT  BuildTime: Aug  4 2022 06:17:15  BuildStamp: freesurfer-linux-ubuntu22_x86_64-7.3.2-20220804-6354275  User: oesteban  Machine: dna086  Platform: Linux  PlatformVersion: 5.14.0-427.37.1.el9_4.x86_64  CompilerName: GCC  CompilerVersion: 8.4.0
ProgramName: mri_cc  ProgramArguments: mri_cc -all-info  ProgramVersion: 7.3.2  TimeStamp: 2026/03/12-10:53:09-GMT  BuildTime: Aug  4 2022 06:17:15  BuildStamp: freesurfer-linux-ubuntu22_x86_64-7.3.2-20220804-6354275  User: oesteban  Machine: dna086  Platform: Linux  PlatformVersion: 5.14.0-427.37.1.el9_4.x86_64  CompilerName: GCC  CompilerVersion: 8.4.0
ProgramName: mri_compute_overlap  ProgramArguments: mri_compute_overlap -all-info  ProgramVersion: 7.3.2  TimeStamp: 2026/03/12-10:53:09-GMT  BuildTime: Aug  4 2022 06:17:15  BuildStamp: freesurfer-linux-ubuntu22_x86_64-7.3.2-20220804-6354275  User: oesteban  Machine: dna086  Platform: Linux  PlatformVersion: 5.14.0-427.37.1.el9_4.x86_64  CompilerName: GCC  CompilerVersion: 8.4.0
ProgramName: mri_compute_seg_overlap  ProgramArguments: mri_compute_seg_overlap -all-info  ProgramVersion: 7.3.2  TimeStamp: 2026/03/12-10:53:09-GMT  BuildTime: Aug  4 2022 06:17:15  BuildStamp: freesurfer-linux-ubuntu22_x86_64-7.3.2-20220804-6354275  User: oesteban  Machine: dna086  Platform: Linux  PlatformVersion: 5.14.0-427.37.1.el9_4.x86_64  CompilerName: GCC  CompilerVersion: 8.4.0
ProgramName: mri_concat  ProgramArguments: mri_concat -all-info  ProgramVersion: 7.3.2  TimeStamp: 2026/03/12-10:53:09-GMT  BuildTime: Aug  4 2022 06:17:15  BuildStamp: freesurfer-linux-ubuntu22_x86_64-7.3.2-20220804-6354275  User: oesteban  Machine: dna086  Platform: Linux  PlatformVersion: 5.14.0-427.37.1.el9_4.x86_64  CompilerName: GCC  CompilerVersion: 8.4.0
ProgramName: mri_concatenate_lta  ProgramArguments: mri_concatenate_lta -all-info  ProgramVersion: 7.3.2  TimeStamp: 2026/03/12-10:53:09-GMT  BuildTime: Aug  4 2022 06:17:15  BuildStamp: freesurfer-linux-ubuntu22_x86_64-7.3.2-20220804-6354275  User: oesteban  Machine: dna086  Platform: Linux  PlatformVersion: 5.14.0-427.37.1.el9_4.x86_64  CompilerName: GCC  CompilerVersion: 8.4.0
mri_convert -all-info 
ProgramName: mri_convert  ProgramArguments: mri_convert -all-info  ProgramVersion: 7.3.2  TimeStamp: 2026/03/12-10:53:09-GMT  BuildTime: Aug  4 2022 06:17:15  BuildStamp: freesurfer-linux-ubuntu22_x86_64-7.3.2-20220804-6354275  User: oesteban  Machine: dna086  Platform: Linux  PlatformVersion: 5.14.0-427.37.1.el9_4.x86_64  CompilerName: GCC  CompilerVersion: 8.4.0
ProgramName: mri_diff  ProgramArguments: mri_diff -all-info  ProgramVersion: 7.3.2  TimeStamp: 2026/03/12-10:53:09-GMT  BuildTime: Aug  4 2022 06:17:15  BuildStamp: freesurfer-linux-ubuntu22_x86_64-7.3.2-20220804-6354275  User: oesteban  Machine: dna086  Platform: Linux  PlatformVersion: 5.14.0-427.37.1.el9_4.x86_64  CompilerName: GCC  CompilerVersion: 8.4.0
ProgramName: mri_edit_wm_with_aseg  ProgramArguments: mri_edit_wm_with_aseg -all-info  ProgramVersion: 7.3.2  TimeStamp: 2026/03/12-10:53:09-GMT  BuildTime: Aug  4 2022 06:17:15  BuildStamp: freesurfer-linux-ubuntu22_x86_64-7.3.2-20220804-6354275  User: oesteban  Machine: dna086  Platform: Linux  PlatformVersion: 5.14.0-427.37.1.el9_4.x86_64  CompilerName: GCC  CompilerVersion: 8.4.0
ProgramName: mri_em_register  ProgramArguments: mri_em_register -all-info  ProgramVersion: 7.3.2  TimeStamp: 2026/03/12-10:53:09-GMT  BuildTime: Aug  4 2022 06:17:15  BuildStamp: freesurfer-linux-ubuntu22_x86_64-7.3.2-20220804-6354275  User: oesteban  Machine: dna086  Platform: Linux  PlatformVersion: 5.14.0-427.37.1.el9_4.x86_64  CompilerName: GCC  CompilerVersion: 8.4.0
ProgramName: mri_fill  ProgramArguments: mri_fill -all-info  ProgramVersion: 7.3.2  TimeStamp: 2026/03/12-10:53:09-GMT  BuildTime: Aug  4 2022 06:17:15  BuildStamp: freesurfer-linux-ubuntu22_x86_64-7.3.2-20220804-6354275  User: oesteban  Machine: dna086  Platform: Linux  PlatformVersion: 5.14.0-427.37.1.el9_4.x86_64  CompilerName: GCC  CompilerVersion: 8.4.0
ProgramName: mri_fuse_segmentations  ProgramArguments: mri_fuse_segmentations -all-info  ProgramVersion: 7.3.2  TimeStamp: 2026/03/12-10:53:09-GMT  BuildTime: Aug  4 2022 06:17:15  BuildStamp: freesurfer-linux-ubuntu22_x86_64-7.3.2-20220804-6354275  User: oesteban  Machine: dna086  Platform: Linux  PlatformVersion: 5.14.0-427.37.1.el9_4.x86_64  CompilerName: GCC  CompilerVersion: 8.4.0
ProgramName: mri_fwhm  ProgramArguments: mri_fwhm -all-info  ProgramVersion: 7.3.2  TimeStamp: 2026/03/12-10:53:09-GMT  BuildTime: Aug  4 2022 06:17:15  BuildStamp: freesurfer-linux-ubuntu22_x86_64-7.3.2-20220804-6354275  User: oesteban  Machine: dna086  Platform: Linux  PlatformVersion: 5.14.0-427.37.1.el9_4.x86_64  CompilerName: GCC  CompilerVersion: 8.4.0
ProgramName: mri_gcut  ProgramArguments: mri_gcut -all-info  ProgramVersion: 7.3.2  TimeStamp: 2026/03/12-10:53:09-GMT  BuildTime: Aug  4 2022 06:17:15  BuildStamp: freesurfer-linux-ubuntu22_x86_64-7.3.2-20220804-6354275  User: oesteban  Machine: dna086  Platform: Linux  PlatformVersion: 5.14.0-427.37.1.el9_4.x86_64  CompilerName: GCC  CompilerVersion: 8.4.0
ProgramName: mri_info  ProgramArguments: mri_info -all-info  ProgramVersion: 7.3.2  TimeStamp: 2026/03/12-10:53:09-GMT  BuildTime: Aug  4 2022 06:17:15  BuildStamp: freesurfer-linux-ubuntu22_x86_64-7.3.2-20220804-6354275  User: oesteban  Machine: dna086  Platform: Linux  PlatformVersion: 5.14.0-427.37.1.el9_4.x86_64  CompilerName: GCC  CompilerVersion: 8.4.0
ProgramName: mri_label2label  ProgramArguments: mri_label2label -all-info  ProgramVersion: 7.3.2  TimeStamp: 2026/03/12-10:53:09-GMT  BuildTime: Aug  4 2022 06:17:15  BuildStamp: freesurfer-linux-ubuntu22_x86_64-7.3.2-20220804-6354275  User: oesteban  Machine: dna086  Platform: Linux  PlatformVersion: 5.14.0-427.37.1.el9_4.x86_64  CompilerName: GCC  CompilerVersion: 8.4.0
ProgramName: mri_label2vol  ProgramArguments: mri_label2vol -all-info  ProgramVersion: 7.3.2  TimeStamp: 2026/03/12-10:53:09-GMT  BuildTime: Aug  4 2022 06:17:15  BuildStamp: freesurfer-linux-ubuntu22_x86_64-7.3.2-20220804-6354275  User: oesteban  Machine: dna086  Platform: Linux  PlatformVersion: 5.14.0-427.37.1.el9_4.x86_64  CompilerName: GCC  CompilerVersion: 8.4.0
ProgramName: mri_log_likelihood  ProgramArguments: mri_log_likelihood -all-info  ProgramVersion: 7.3.2  TimeStamp: 2026/03/12-10:53:09-GMT  BuildTime: Aug  4 2022 06:17:15  BuildStamp: freesurfer-linux-ubuntu22_x86_64-7.3.2-20220804-6354275  User: oesteban  Machine: dna086  Platform: Linux  PlatformVersion: 5.14.0-427.37.1.el9_4.x86_64  CompilerName: GCC  CompilerVersion: 8.4.0
ProgramName: mri_mask  ProgramArguments: mri_mask -all-info  ProgramVersion: 7.3.2  TimeStamp: 2026/03/12-10:53:09-GMT  BuildTime: Aug  4 2022 06:17:15  BuildStamp: freesurfer-linux-ubuntu22_x86_64-7.3.2-20220804-6354275  User: oesteban  Machine: dna086  Platform: Linux  PlatformVersion: 5.14.0-427.37.1.el9_4.x86_64  CompilerName: GCC  CompilerVersion: 8.4.0
ProgramName: mri_matrix_multiply  ProgramArguments: mri_matrix_multiply -all-info  ProgramVersion: 7.3.2  TimeStamp: 2026/03/12-10:53:09-GMT  BuildTime: Aug  4 2022 06:17:15  BuildStamp: freesurfer-linux-ubuntu22_x86_64-7.3.2-20220804-6354275  User: oesteban  Machine: dna086  Platform: Linux  PlatformVersion: 5.14.0-427.37.1.el9_4.x86_64  CompilerName: GCC  CompilerVersion: 8.4.0
ProgramName: mri_normalize  ProgramArguments: mri_normalize -all-info  ProgramVersion: 7.3.2  TimeStamp: 2026/03/12-10:53:09-GMT  BuildTime: Aug  4 2022 06:17:15  BuildStamp: freesurfer-linux-ubuntu22_x86_64-7.3.2-20220804-6354275  User: oesteban  Machine: dna086  Platform: Linux  PlatformVersion: 5.14.0-427.37.1.el9_4.x86_64  CompilerName: GCC  CompilerVersion: 8.4.0
ProgramName: mri_normalize_tp2  ProgramArguments: mri_normalize_tp2 -all-info  ProgramVersion: 7.3.2  TimeStamp: 2026/03/12-10:53:09-GMT  BuildTime: Aug  4 2022 06:17:15  BuildStamp: freesurfer-linux-ubuntu22_x86_64-7.3.2-20220804-6354275  User: oesteban  Machine: dna086  Platform: Linux  PlatformVersion: 5.14.0-427.37.1.el9_4.x86_64  CompilerName: GCC  CompilerVersion: 8.4.0
ProgramName: mri_or  ProgramArguments: mri_or -all-info  ProgramVersion: 7.3.2  TimeStamp: 2026/03/12-10:53:09-GMT  BuildTime: Aug  4 2022 06:17:15  BuildStamp: freesurfer-linux-ubuntu22_x86_64-7.3.2-20220804-6354275  User: oesteban  Machine: dna086  Platform: Linux  PlatformVersion: 5.14.0-427.37.1.el9_4.x86_64  CompilerName: GCC  CompilerVersion: 8.4.0
ProgramName: mri_relabel_hypointensities  ProgramArguments: mri_relabel_hypointensities -all-info  ProgramVersion: 7.3.2  TimeStamp: 2026/03/12-10:53:09-GMT  BuildTime: Aug  4 2022 06:17:15  BuildStamp: freesurfer-linux-ubuntu22_x86_64-7.3.2-20220804-6354275  User: oesteban  Machine: dna086  Platform: Linux  PlatformVersion: 5.14.0-427.37.1.el9_4.x86_64  CompilerName: GCC  CompilerVersion: 8.4.0
ProgramName: mri_relabel_nonwm_hypos  ProgramArguments: mri_relabel_nonwm_hypos -all-info  ProgramVersion: 7.3.2  TimeStamp: 2026/03/12-10:53:09-GMT  BuildTime: Aug  4 2022 06:17:15  BuildStamp: freesurfer-linux-ubuntu22_x86_64-7.3.2-20220804-6354275  User: oesteban  Machine: dna086  Platform: Linux  PlatformVersion: 5.14.0-427.37.1.el9_4.x86_64  CompilerName: GCC  CompilerVersion: 8.4.0
ProgramName: mri_remove_neck  ProgramArguments: mri_remove_neck -all-info  ProgramVersion: 7.3.2  TimeStamp: 2026/03/12-10:53:09-GMT  BuildTime: Aug  4 2022 06:17:15  BuildStamp: freesurfer-linux-ubuntu22_x86_64-7.3.2-20220804-6354275  User: oesteban  Machine: dna086  Platform: Linux  PlatformVersion: 5.14.0-427.37.1.el9_4.x86_64  CompilerName: GCC  CompilerVersion: 8.4.0
7.3.2

ProgramName: mri_robust_register  ProgramArguments: mri_robust_register -all-info  ProgramVersion: 7.3.2  TimeStamp: 2026/03/12-10:53:09-GMT  BuildTime: Aug  4 2022 06:17:15  BuildStamp: freesurfer-linux-ubuntu22_x86_64-7.3.2-20220804-6354275  User: oesteban  Machine: dna086  Platform: Linux  PlatformVersion: 5.14.0-427.37.1.el9_4.x86_64  CompilerName: GCC  CompilerVersion: 8.4.0
7.3.2

ProgramName: mri_robust_template  ProgramArguments: mri_robust_template -all-info  ProgramVersion: 7.3.2  TimeStamp: 2026/03/12-10:53:09-GMT  BuildTime: Aug  4 2022 06:17:15  BuildStamp: freesurfer-linux-ubuntu22_x86_64-7.3.2-20220804-6354275  User: oesteban  Machine: dna086  Platform: Linux  PlatformVersion: 5.14.0-427.37.1.el9_4.x86_64  CompilerName: GCC  CompilerVersion: 8.4.0
ProgramName: mris_anatomical_stats  ProgramArguments: mris_anatomical_stats -all-info  ProgramVersion: 7.3.2  TimeStamp: 2026/03/12-10:53:09-GMT  BuildTime: Aug  4 2022 06:17:15  BuildStamp: freesurfer-linux-ubuntu22_x86_64-7.3.2-20220804-6354275  User: oesteban  Machine: dna086  Platform: Linux  PlatformVersion: 5.14.0-427.37.1.el9_4.x86_64  CompilerName: GCC  CompilerVersion: 8.4.0
ProgramName: mris_ca_label  ProgramArguments: mris_ca_label -all-info  ProgramVersion: 7.3.2  TimeStamp: 2026/03/12-10:53:09-GMT  BuildTime: Aug  4 2022 06:17:15  BuildStamp: freesurfer-linux-ubuntu22_x86_64-7.3.2-20220804-6354275  User: oesteban  Machine: dna086  Platform: Linux  PlatformVersion: 5.14.0-427.37.1.el9_4.x86_64  CompilerName: GCC  CompilerVersion: 8.4.0
ProgramName: mris_calc  ProgramArguments: mris_calc -all-info  ProgramVersion: 7.3.2  TimeStamp: 2026/03/12-10:53:09-GMT  BuildTime: Aug  4 2022 06:17:15  BuildStamp: freesurfer-linux-ubuntu22_x86_64-7.3.2-20220804-6354275  User: oesteban  Machine: dna086  Platform: Linux  PlatformVersion: 5.14.0-427.37.1.el9_4.x86_64  CompilerName: GCC  CompilerVersion: 8.4.0
ProgramName: mris_convert  ProgramArguments: mris_convert -all-info  ProgramVersion: 7.3.2  TimeStamp: 2026/03/12-10:53:09-GMT  BuildTime: Aug  4 2022 06:17:15  BuildStamp: freesurfer-linux-ubuntu22_x86_64-7.3.2-20220804-6354275  User: oesteban  Machine: dna086  Platform: Linux  PlatformVersion: 5.14.0-427.37.1.el9_4.x86_64  CompilerName: GCC  CompilerVersion: 8.4.0
ProgramName: mris_curvature  ProgramArguments: mris_curvature -all-info  ProgramVersion: 7.3.2  TimeStamp: 2026/03/12-10:53:09-GMT  BuildTime: Aug  4 2022 06:17:15  BuildStamp: freesurfer-linux-ubuntu22_x86_64-7.3.2-20220804-6354275  User: oesteban  Machine: dna086  Platform: Linux  PlatformVersion: 5.14.0-427.37.1.el9_4.x86_64  CompilerName: GCC  CompilerVersion: 8.4.0
ProgramName: mris_curvature_stats  ProgramArguments: mris_curvature_stats -all-info  ProgramVersion: 7.3.2  TimeStamp: 2026/03/12-10:53:09-GMT  BuildTime: Aug  4 2022 06:17:15  BuildStamp: freesurfer-linux-ubuntu22_x86_64-7.3.2-20220804-6354275  User: oesteban  Machine: dna086  Platform: Linux  PlatformVersion: 5.14.0-427.37.1.el9_4.x86_64  CompilerName: GCC  CompilerVersion: 8.4.0
ProgramName: mris_diff  ProgramArguments: mris_diff -all-info  ProgramVersion: 7.3.2  TimeStamp: 2026/03/12-10:53:09-GMT  BuildTime: Aug  4 2022 06:17:15  BuildStamp: freesurfer-linux-ubuntu22_x86_64-7.3.2-20220804-6354275  User: oesteban  Machine: dna086  Platform: Linux  PlatformVersion: 5.14.0-427.37.1.el9_4.x86_64  CompilerName: GCC  CompilerVersion: 8.4.0
ProgramName: mris_divide_parcellation  ProgramArguments: mris_divide_parcellation -all-info  ProgramVersion: 7.3.2  TimeStamp: 2026/03/12-10:53:09-GMT  BuildTime: Aug  4 2022 06:17:15  BuildStamp: freesurfer-linux-ubuntu22_x86_64-7.3.2-20220804-6354275  User: oesteban  Machine: dna086  Platform: Linux  PlatformVersion: 5.14.0-427.37.1.el9_4.x86_64  CompilerName: GCC  CompilerVersion: 8.4.0
ProgramName: mri_segment  ProgramArguments: mri_segment -all-info  ProgramVersion: 7.3.2  TimeStamp: 2026/03/12-10:53:09-GMT  BuildTime: Aug  4 2022 06:17:15  BuildStamp: freesurfer-linux-ubuntu22_x86_64-7.3.2-20220804-6354275  User: oesteban  Machine: dna086  Platform: Linux  PlatformVersion: 5.14.0-427.37.1.el9_4.x86_64  CompilerName: GCC  CompilerVersion: 8.4.0
ProgramName: mri_segstats  ProgramArguments: mri_segstats -all-info  ProgramVersion: 7.3.2  TimeStamp: 2026/03/12-10:53:09-GMT  BuildTime: Aug  4 2022 06:17:15  BuildStamp: freesurfer-linux-ubuntu22_x86_64-7.3.2-20220804-6354275  User: oesteban  Machine: dna086  Platform: Linux  PlatformVersion: 5.14.0-427.37.1.el9_4.x86_64  CompilerName: GCC  CompilerVersion: 8.4.0
ProgramName: mris_euler_number  ProgramArguments: mris_euler_number -all-info  ProgramVersion: 7.3.2  TimeStamp: 2026/03/12-10:53:09-GMT  BuildTime: Aug  4 2022 06:17:15  BuildStamp: freesurfer-linux-ubuntu22_x86_64-7.3.2-20220804-6354275  User: oesteban  Machine: dna086  Platform: Linux  PlatformVersion: 5.14.0-427.37.1.el9_4.x86_64  CompilerName: GCC  CompilerVersion: 8.4.0
ProgramName: mris_fix_topology  ProgramArguments: mris_fix_topology -all-info  ProgramVersion: 7.3.2  TimeStamp: 2026/03/12-10:53:09-GMT  BuildTime: Aug  4 2022 06:17:15  BuildStamp: freesurfer-linux-ubuntu22_x86_64-7.3.2-20220804-6354275  User: oesteban  Machine: dna086  Platform: Linux  PlatformVersion: 5.14.0-427.37.1.el9_4.x86_64  CompilerName: GCC  CompilerVersion: 8.4.0
ProgramName: mris_topo_fixer  ProgramArguments: mris_topo_fixer -all-info  ProgramVersion: 7.3.2  TimeStamp: 2026/03/12-10:53:09-GMT  BuildTime: Aug  4 2022 06:17:15  BuildStamp: freesurfer-linux-ubuntu22_x86_64-7.3.2-20220804-6354275  User: oesteban  Machine: dna086  Platform: Linux  PlatformVersion: 5.14.0-427.37.1.el9_4.x86_64  CompilerName: GCC  CompilerVersion: 8.4.0
ProgramName: mris_jacobian  ProgramArguments: mris_jacobian -all-info  ProgramVersion: 7.3.2  TimeStamp: 2026/03/12-10:53:09-GMT  BuildTime: Aug  4 2022 06:17:15  BuildStamp: freesurfer-linux-ubuntu22_x86_64-7.3.2-20220804-6354275  User: oesteban  Machine: dna086  Platform: Linux  PlatformVersion: 5.14.0-427.37.1.el9_4.x86_64  CompilerName: GCC  CompilerVersion: 8.4.0
ProgramName: mris_label2annot  ProgramArguments: mris_label2annot -all-info  ProgramVersion: 7.3.2  TimeStamp: 2026/03/12-10:53:09-GMT  BuildTime: Aug  4 2022 06:17:15  BuildStamp: freesurfer-linux-ubuntu22_x86_64-7.3.2-20220804-6354275  User: oesteban  Machine: dna086  Platform: Linux  PlatformVersion: 5.14.0-427.37.1.el9_4.x86_64  CompilerName: GCC  CompilerVersion: 8.4.0
ProgramName: mris_left_right_register  ProgramArguments: mris_left_right_register -all-info  ProgramVersion: 7.3.2  TimeStamp: 2026/03/12-10:53:09-GMT  BuildTime: Aug  4 2022 06:17:15  BuildStamp: freesurfer-linux-ubuntu22_x86_64-7.3.2-20220804-6354275  User: oesteban  Machine: dna086  Platform: Linux  PlatformVersion: 5.14.0-427.37.1.el9_4.x86_64  CompilerName: GCC  CompilerVersion: 8.4.0
ProgramName: mris_place_surface  ProgramArguments: mris_place_surface -all-info  ProgramVersion: 7.3.2  TimeStamp: 2026/03/12-10:53:09-GMT  BuildTime: Aug  4 2022 06:17:15  BuildStamp: freesurfer-linux-ubuntu22_x86_64-7.3.2-20220804-6354275  User: oesteban  Machine: dna086  Platform: Linux  PlatformVersion: 5.14.0-427.37.1.el9_4.x86_64  CompilerName: GCC  CompilerVersion: 8.4.0
ProgramName: mrisp_paint  ProgramArguments: mrisp_paint -all-info  ProgramVersion: 7.3.2  TimeStamp: 2026/03/12-10:53:09-GMT  BuildTime: Aug  4 2022 06:17:15  BuildStamp: freesurfer-linux-ubuntu22_x86_64-7.3.2-20220804-6354275  User: oesteban  Machine: dna086  Platform: Linux  PlatformVersion: 5.14.0-427.37.1.el9_4.x86_64  CompilerName: GCC  CompilerVersion: 8.4.0
ProgramName: mris_register  ProgramArguments: mris_register -all-info  ProgramVersion: 7.3.2  TimeStamp: 2026/03/12-10:53:09-GMT  BuildTime: Aug  4 2022 06:17:15  BuildStamp: freesurfer-linux-ubuntu22_x86_64-7.3.2-20220804-6354275  User: oesteban  Machine: dna086  Platform: Linux  PlatformVersion: 5.14.0-427.37.1.el9_4.x86_64  CompilerName: GCC  CompilerVersion: 8.4.0
ProgramName: mris_smooth  ProgramArguments: mris_smooth -all-info  ProgramVersion: 7.3.2  TimeStamp: 2026/03/12-10:53:09-GMT  BuildTime: Aug  4 2022 06:17:15  BuildStamp: freesurfer-linux-ubuntu22_x86_64-7.3.2-20220804-6354275  User: oesteban  Machine: dna086  Platform: Linux  PlatformVersion: 5.14.0-427.37.1.el9_4.x86_64  CompilerName: GCC  CompilerVersion: 8.4.0
ProgramName: mris_sphere  ProgramArguments: mris_sphere -all-info  ProgramVersion: 7.3.2  TimeStamp: 2026/03/12-10:53:09-GMT  BuildTime: Aug  4 2022 06:17:15  BuildStamp: freesurfer-linux-ubuntu22_x86_64-7.3.2-20220804-6354275  User: oesteban  Machine: dna086  Platform: Linux  PlatformVersion: 5.14.0-427.37.1.el9_4.x86_64  CompilerName: GCC  CompilerVersion: 8.4.0
ProgramName: mris_surface_stats  ProgramArguments: mris_surface_stats -all-info  ProgramVersion: 7.3.2  TimeStamp: 2026/03/12-10:53:09-GMT  BuildTime: Aug  4 2022 06:17:15  BuildStamp: freesurfer-linux-ubuntu22_x86_64-7.3.2-20220804-6354275  User: oesteban  Machine: dna086  Platform: Linux  PlatformVersion: 5.14.0-427.37.1.el9_4.x86_64  CompilerName: GCC  CompilerVersion: 8.4.0
ProgramName: mri_stats2seg  ProgramArguments: mri_stats2seg -all-info  ProgramVersion: 7.3.2  TimeStamp: 2026/03/12-10:53:09-GMT  BuildTime: Aug  4 2022 06:17:15  BuildStamp: freesurfer-linux-ubuntu22_x86_64-7.3.2-20220804-6354275  User: oesteban  Machine: dna086  Platform: Linux  PlatformVersion: 5.14.0-427.37.1.el9_4.x86_64  CompilerName: GCC  CompilerVersion: 8.4.0
ProgramName: mris_thickness  ProgramArguments: mris_thickness -all-info  ProgramVersion: 7.3.2  TimeStamp: 2026/03/12-10:53:09-GMT  BuildTime: Aug  4 2022 06:17:15  BuildStamp: freesurfer-linux-ubuntu22_x86_64-7.3.2-20220804-6354275  User: oesteban  Machine: dna086  Platform: Linux  PlatformVersion: 5.14.0-427.37.1.el9_4.x86_64  CompilerName: GCC  CompilerVersion: 8.4.0
ProgramName: mris_thickness_diff  ProgramArguments: mris_thickness_diff -all-info  ProgramVersion: 7.3.2  TimeStamp: 2026/03/12-10:53:09-GMT  BuildTime: Aug  4 2022 06:17:15  BuildStamp: freesurfer-linux-ubuntu22_x86_64-7.3.2-20220804-6354275  User: oesteban  Machine: dna086  Platform: Linux  PlatformVersion: 5.14.0-427.37.1.el9_4.x86_64  CompilerName: GCC  CompilerVersion: 8.4.0
ProgramName: mris_topo_fixer  ProgramArguments: mris_topo_fixer -all-info  ProgramVersion: 7.3.2  TimeStamp: 2026/03/12-10:53:09-GMT  BuildTime: Aug  4 2022 06:17:15  BuildStamp: freesurfer-linux-ubuntu22_x86_64-7.3.2-20220804-6354275  User: oesteban  Machine: dna086  Platform: Linux  PlatformVersion: 5.14.0-427.37.1.el9_4.x86_64  CompilerName: GCC  CompilerVersion: 8.4.0
ProgramName: mri_surf2surf  ProgramArguments: mri_surf2surf -all-info  ProgramVersion: 7.3.2  TimeStamp: 2026/03/12-10:53:09-GMT  BuildTime: Aug  4 2022 06:17:15  BuildStamp: freesurfer-linux-ubuntu22_x86_64-7.3.2-20220804-6354275  User: oesteban  Machine: dna086  Platform: Linux  PlatformVersion: 5.14.0-427.37.1.el9_4.x86_64  CompilerName: GCC  CompilerVersion: 8.4.0
ProgramName: mri_surf2vol  ProgramArguments: mri_surf2vol -all-info  ProgramVersion: 7.3.2  TimeStamp: 2026/03/12-10:53:09-GMT  BuildTime: Aug  4 2022 06:17:15  BuildStamp: freesurfer-linux-ubuntu22_x86_64-7.3.2-20220804-6354275  User: oesteban  Machine: dna086  Platform: Linux  PlatformVersion: 5.14.0-427.37.1.el9_4.x86_64  CompilerName: GCC  CompilerVersion: 8.4.0
ProgramName: mri_surfcluster  ProgramArguments: mri_surfcluster -all-info  ProgramVersion: 7.3.2  TimeStamp: 2026/03/12-10:53:09-GMT  BuildTime: Aug  4 2022 06:17:15  BuildStamp: freesurfer-linux-ubuntu22_x86_64-7.3.2-20220804-6354275  User: oesteban  Machine: dna086  Platform: Linux  PlatformVersion: 5.14.0-427.37.1.el9_4.x86_64  CompilerName: GCC  CompilerVersion: 8.4.0
ProgramName: mris_volmask  ProgramArguments: mris_volmask -all-info  ProgramVersion: 7.3.2  TimeStamp: 2026/03/12-10:53:09-GMT  BuildTime: Aug  4 2022 06:17:15  BuildStamp: freesurfer-linux-ubuntu22_x86_64-7.3.2-20220804-6354275  User: oesteban  Machine: dna086  Platform: Linux  PlatformVersion: 5.14.0-427.37.1.el9_4.x86_64  CompilerName: GCC  CompilerVersion: 8.4.0
ProgramName: mri_tessellate  ProgramArguments: mri_tessellate -all-info  ProgramVersion: 7.3.2  TimeStamp: 2026/03/12-10:53:09-GMT  BuildTime: Aug  4 2022 06:17:15  BuildStamp: freesurfer-linux-ubuntu22_x86_64-7.3.2-20220804-6354275  User: oesteban  Machine: dna086  Platform: Linux  PlatformVersion: 5.14.0-427.37.1.el9_4.x86_64  CompilerName: GCC  CompilerVersion: 8.4.0
ProgramName: mri_vol2surf  ProgramArguments: mri_vol2surf -all-info  ProgramVersion: 7.3.2  TimeStamp: 2026/03/12-10:53:09-GMT  BuildTime: Aug  4 2022 06:17:15  BuildStamp: freesurfer-linux-ubuntu22_x86_64-7.3.2-20220804-6354275  User: oesteban  Machine: dna086  Platform: Linux  PlatformVersion: 5.14.0-427.37.1.el9_4.x86_64  CompilerName: GCC  CompilerVersion: 8.4.0
ProgramName: mri_vol2vol  ProgramArguments: mri_vol2vol -all-info  ProgramVersion: 7.3.2  TimeStamp: 2026/03/12-10:53:09-GMT  BuildTime: Aug  4 2022 06:17:15  BuildStamp: freesurfer-linux-ubuntu22_x86_64-7.3.2-20220804-6354275  User: oesteban  Machine: dna086  Platform: Linux  PlatformVersion: 5.14.0-427.37.1.el9_4.x86_64  CompilerName: GCC  CompilerVersion: 8.4.0
ProgramName: mri_voldiff  ProgramArguments: mri_voldiff -all-info  ProgramVersion: 7.3.2  TimeStamp: 2026/03/12-10:53:09-GMT  BuildTime: Aug  4 2022 06:17:15  BuildStamp: freesurfer-linux-ubuntu22_x86_64-7.3.2-20220804-6354275  User: oesteban  Machine: dna086  Platform: Linux  PlatformVersion: 5.14.0-427.37.1.el9_4.x86_64  CompilerName: GCC  CompilerVersion: 8.4.0
ProgramName: mri_watershed  ProgramArguments: mri_watershed -all-info  ProgramVersion: 7.3.2  TimeStamp: 2026/03/12-10:53:09-GMT  BuildTime: Aug  4 2022 06:17:15  BuildStamp: freesurfer-linux-ubuntu22_x86_64-7.3.2-20220804-6354275  User: oesteban  Machine: dna086  Platform: Linux  PlatformVersion: 5.14.0-427.37.1.el9_4.x86_64  CompilerName: GCC  CompilerVersion: 8.4.0
ProgramName: tkregister2  ProgramArguments: tkregister2_cmdl -all-info  ProgramVersion: 7.3.2  TimeStamp: 2026/03/12-10:53:09-GMT  BuildTime: Aug  4 2022 06:17:15  BuildStamp: freesurfer-linux-ubuntu22_x86_64-7.3.2-20220804-6354275  User: oesteban  Machine: dna086  Platform: Linux  PlatformVersion: 5.14.0-427.37.1.el9_4.x86_64  CompilerName: GCC  CompilerVersion: 8.4.0
mri_motion_correct.fsl 7.3.2
mri_convert -all-info 
ProgramName: mri_convert  ProgramArguments: mri_convert -all-info  ProgramVersion: 7.3.2  TimeStamp: 2026/03/12-10:53:09-GMT  BuildTime: Aug  4 2022 06:17:15  BuildStamp: freesurfer-linux-ubuntu22_x86_64-7.3.2-20220804-6354275  User: oesteban  Machine: dna086  Platform: Linux  PlatformVersion: 5.14.0-427.37.1.el9_4.x86_64  CompilerName: GCC  CompilerVersion: 8.4.0
Program nu_correct, built from:
Package MNI N3, version 1.12.0, compiled by nicks@terrier (x86_64-unknown-linux-gnu) on 2015-06-19 at 01:25:34
#######################################
GCADIR /opt/freesurfer/average
GCA RB_all_2020-01-02.gca
GCASkull RB_all_withskull_2020_01_02.gca
AvgCurvTif folding.atlas.acfb40.noaparc.i12.2016-08-02.tif
GCSDIR /opt/freesurfer/average
GCS DKaparc.atlas.acfb40.noaparc.i12.2016-08-02.gcs
#######################################
#--------------------------------------------
#@# WhiteSurfs lh Thu Mar 12 11:53:09 CET 2026
cd /out/sourcedata/freesurfer/sub-v1s11x0050146_ses-1/mri
mris_place_surface --adgws-in ../surf/autodet.gw.stats.lh.dat --seg aseg.presurf.mgz --threads 16 --wm wm.mgz --invol brain.finalsurfs.mgz --lh --i ../surf/lh.white.preaparc --o ../surf/lh.white --white --nsmooth 0 --rip-label ../label/lh.cortex.label --rip-bg --rip-surf ../surf/lh.white.preaparc --aparc ../label/lh.aparc.annot
   Update not needed
#--------------------------------------------
#@# WhiteSurfs rh Thu Mar 12 11:53:09 CET 2026
cd /out/sourcedata/freesurfer/sub-v1s11x0050146_ses-1/mri
mris_place_surface --adgws-in ../surf/autodet.gw.stats.rh.dat --seg aseg.presurf.mgz --threads 16 --wm wm.mgz --invol brain.finalsurfs.mgz --rh --i ../surf/rh.white.preaparc --o ../surf/rh.white --white --nsmooth 0 --rip-label ../label/rh.cortex.label --rip-bg --rip-surf ../surf/rh.white.preaparc --aparc ../label/rh.aparc.annot
   Update not needed
#@# white curv lh Thu Mar 12 11:53:09 CET 2026
cd /out/sourcedata/freesurfer/sub-v1s11x0050146_ses-1/mri
mris_place_surface --curv-map ../surf/lh.white 2 10 ../surf/lh.curv
   Update not needed
#@# white area lh Thu Mar 12 11:53:09 CET 2026
cd /out/sourcedata/freesurfer/sub-v1s11x0050146_ses-1/mri
mris_place_surface --area-map ../surf/lh.white ../surf/lh.area
   Update not needed
#@# pial curv lh Thu Mar 12 11:53:09 CET 2026
cd /out/sourcedata/freesurfer/sub-v1s11x0050146_ses-1/mri
mris_place_surface --curv-map ../surf/lh.pial 2 10 ../surf/lh.curv.pial
   Update not needed
#@# pial area lh Thu Mar 12 11:53:09 CET 2026
cd /out/sourcedata/freesurfer/sub-v1s11x0050146_ses-1/mri
mris_place_surface --area-map ../surf/lh.pial ../surf/lh.area.pial
   Update not needed
#@# thickness lh Thu Mar 12 11:53:09 CET 2026
cd /out/sourcedata/freesurfer/sub-v1s11x0050146_ses-1/mri
mris_place_surface --thickness ../surf/lh.white ../surf/lh.pial 20 5 ../surf/lh.thickness
   Update not needed
#@# area and vertex vol lh Thu Mar 12 11:53:09 CET 2026
cd /out/sourcedata/freesurfer/sub-v1s11x0050146_ses-1/mri
mris_place_surface --thickness ../surf/lh.white ../surf/lh.pial 20 5 ../surf/lh.thickness
   Update not needed
#@# white curv rh Thu Mar 12 11:53:09 CET 2026
cd /out/sourcedata/freesurfer/sub-v1s11x0050146_ses-1/mri
mris_place_surface --curv-map ../surf/rh.white 2 10 ../surf/rh.curv
   Update not needed
#@# white area rh Thu Mar 12 11:53:09 CET 2026
cd /out/sourcedata/freesurfer/sub-v1s11x0050146_ses-1/mri
mris_place_surface --area-map ../surf/rh.white ../surf/rh.area
   Update not needed
#@# pial curv rh Thu Mar 12 11:53:09 CET 2026
cd /out/sourcedata/freesurfer/sub-v1s11x0050146_ses-1/mri
mris_place_surface --curv-map ../surf/rh.pial 2 10 ../surf/rh.curv.pial
   Update not needed
#@# pial area rh Thu Mar 12 11:53:09 CET 2026
cd /out/sourcedata/freesurfer/sub-v1s11x0050146_ses-1/mri
mris_place_surface --area-map ../surf/rh.pial ../surf/rh.area.pial
   Update not needed
#@# thickness rh Thu Mar 12 11:53:09 CET 2026
cd /out/sourcedata/freesurfer/sub-v1s11x0050146_ses-1/mri
mris_place_surface --thickness ../surf/rh.white ../surf/rh.pial 20 5 ../surf/rh.thickness
   Update not needed
#@# area and vertex vol rh Thu Mar 12 11:53:09 CET 2026
cd /out/sourcedata/freesurfer/sub-v1s11x0050146_ses-1/mri
mris_place_surface --thickness ../surf/rh.white ../surf/rh.pial 20 5 ../surf/rh.thickness
   Update not needed

#-----------------------------------------
#@# Curvature Stats lh Thu Mar 12 11:53:09 CET 2026
/out/sourcedata/freesurfer/sub-v1s11x0050146_ses-1/surf

 mris_curvature_stats -m --writeCurvatureFiles -G -o ../stats/lh.curv.stats -F smoothwm sub-v1s11x0050146_ses-1 lh curv sulc 

             Toggling save flag on curvature files                       [ ok ]
                 Outputting results using filestem   [ ../stats/lh.curv.stats ]
             Toggling save flag on curvature files                       [ ok ]
                                   Setting surface [ sub-v1s11x0050146_ses-1/lh.smoothwm ]
                                Reading surface...                       [ ok ]
                                   Setting texture                     [ curv ]
                                Reading texture...                       [ ok ]
                                   Setting texture                     [ sulc ]
                                Reading texture...Gb_filter = 0
                       [ ok ]
      Calculating Discrete Principal Curvatures...
      Determining geometric order for vno faces... [####################] [ ok ]
                      Determining KH curvatures... [####################] [ ok ]
                    Determining k1k2 curvatures... [####################] [ ok ]
                                   deltaViolations                      [ 289 ]
Gb_filter = 0

WARN:    S lookup   min:                          -0.103565
WARN:    S explicit min:                          0.000000	vertex = 812

#-----------------------------------------
#@# Curvature Stats rh Thu Mar 12 11:53:11 CET 2026
/out/sourcedata/freesurfer/sub-v1s11x0050146_ses-1/surf

 mris_curvature_stats -m --writeCurvatureFiles -G -o ../stats/rh.curv.stats -F smoothwm sub-v1s11x0050146_ses-1 rh curv sulc 

             Toggling save flag on curvature files                       [ ok ]
                 Outputting results using filestem   [ ../stats/rh.curv.stats ]
             Toggling save flag on curvature files                       [ ok ]
                                   Setting surface [ sub-v1s11x0050146_ses-1/rh.smoothwm ]
                                Reading surface...                       [ ok ]
                                   Setting texture                     [ curv ]
                                Reading texture...                       [ ok ]
                                   Setting texture                     [ sulc ]
                                Reading texture...Gb_filter = 0
                       [ ok ]
      Calculating Discrete Principal Curvatures...
      Determining geometric order for vno faces... [####################] [ ok ]
                      Determining KH curvatures... [####################] [ ok ]
                    Determining k1k2 curvatures... [####################] [ ok ]
                                   deltaViolations                      [ 283 ]
Gb_filter = 0

WARN:    S lookup   min:                          -0.158701
WARN:    S explicit min:                          0.000000	vertex = 138
#-----------------------------------------
#@# Relabel Hypointensities Thu Mar 12 11:53:12 CET 2026
/out/sourcedata/freesurfer/sub-v1s11x0050146_ses-1/mri

 mri_relabel_hypointensities aseg.presurf.mgz ../surf aseg.presurf.hypos.mgz 

reading input surface ../surf/lh.white...
relabeling lh hypointensities...
4316 voxels changed to hypointensity...
reading input surface ../surf/rh.white...
relabeling rh hypointensities...
4155 voxels changed to hypointensity...
8447 hypointense voxels neighboring cortex changed
#-----------------------------------------
#@# APas-to-ASeg Thu Mar 12 11:53:24 CET 2026
/out/sourcedata/freesurfer/sub-v1s11x0050146_ses-1/mri

 mri_surf2volseg --o aseg.mgz --i aseg.presurf.hypos.mgz --fix-presurf-with-ribbon /out/sourcedata/freesurfer/sub-v1s11x0050146_ses-1/mri/ribbon.mgz --threads 16 --lh-cortex-mask /out/sourcedata/freesurfer/sub-v1s11x0050146_ses-1/label/lh.cortex.label --lh-white /out/sourcedata/freesurfer/sub-v1s11x0050146_ses-1/surf/lh.white --lh-pial /out/sourcedata/freesurfer/sub-v1s11x0050146_ses-1/surf/lh.pial --rh-cortex-mask /out/sourcedata/freesurfer/sub-v1s11x0050146_ses-1/label/rh.cortex.label --rh-white /out/sourcedata/freesurfer/sub-v1s11x0050146_ses-1/surf/rh.white --rh-pial /out/sourcedata/freesurfer/sub-v1s11x0050146_ses-1/surf/rh.pial 

SUBJECTS_DIR /out/sourcedata/freesurfer
outvol aseg.mgz
16 avail.processors, using 16
Loading aseg.presurf.hypos.mgz
Loading /out/sourcedata/freesurfer/sub-v1s11x0050146_ses-1/mri/ribbon.mgz
Loading /out/sourcedata/freesurfer/sub-v1s11x0050146_ses-1/surf/lh.white
Loading /out/sourcedata/freesurfer/sub-v1s11x0050146_ses-1/surf/lh.pial
Loading /out/sourcedata/freesurfer/sub-v1s11x0050146_ses-1/label/lh.cortex.label
Loading /out/sourcedata/freesurfer/sub-v1s11x0050146_ses-1/surf/rh.white
Loading /out/sourcedata/freesurfer/sub-v1s11x0050146_ses-1/surf/rh.pial
Loading /out/sourcedata/freesurfer/sub-v1s11x0050146_ses-1/label/rh.cortex.label
Done loading
240  64   0  16 128 176  32  80 144  48 224 208 192 112 160  96 209 241 225  49   1  17  33  65 193 210   2  34  18  50 242 226 211   3  35  19 
243  51 227 212 194   4  36  81  20  66 244 213  52 195   5 228  37 177  97 245   6  21  53 214  38 229 196   7 246  22  39 
215 197 230  54   8 247  67  23  40 198 231 216   9 248  55 199 
 24  41 161  10 249  82 232 217 200  56  42  25  11 250  68 201 233 218  43  57  26 202  12 251 145  44 219 
234  27  58  13 203 113 252 178  45  14  69 204  98  28 235 220  59 
253  46  15  83 205  29  47  60 236 221 254 206  30 207  61 255 222 237  70  31  62 223 238 162 146  63 239 
 84  71 129 179 
 99 
 72  85 147 100 114 180 163  73  86 181 101 148  87 164  74 182 130 149  88  75 102 115 165 183 150  89  76 103 166 184  77 151  90 185 104 131  78 186 167 116 152  91  79 
187 105 188 168 106 153  92 189 190 107 191 154 169  93 132 117 108 155  94 170 109 156  95 118 110 171 157 133 172 111 158 119 
173 159 
174 134 175 120 135 121 136 122 137 138 123 139 
140 124 141 142 143 125 126 127 
nrelabeled = 166308
ndotcheck = 0
Starting Surf2VolSeg free
free done
#VMPC# mri_surf2volseg VmPeak  1980064
mri_surf2volseg done

 mri_brainvol_stats sub-v1s11x0050146_ses-1 

ComputeBrainVolumeStats2 VoxelVol=1, KeepCSF=1
  #CBVS2 MaskVol              1640986.0
  #CBVS2 BrainSegVol          1356036.0
  #CBVS2 BrainSegVolNotVent   1333512.0
  #CBVS2 SupraTentVol         1212586.0
  #CBVS2 SupraTentVolNotVent  1190062.0
  #CBVS2 lhCtxGM               315526.3
  #CBVS2 rhCtxGM               310005.7
  #CBVS2 lhCerebralWM          250929.0
  #CBVS2 rhCerebralWM          245976.0
  #CBVS2 SubCortGMVol           68403.0
  #CBVS2 CerebellumVol         143450.0
  #CBVS2 CerebellumGMVol       118118.0
  #CBVS2 VentChorVol            17763.0
  #CBVS2 3rd4th5thCSF            4761.0
  #CBVS2 AllCSF                 22524.0
  #CBVS2 CCVol                   3328.0
#-----------------------------------------
#@# AParc-to-ASeg aparc Thu Mar 12 11:53:29 CET 2026
/out/sourcedata/freesurfer/sub-v1s11x0050146_ses-1/mri

 mri_surf2volseg --o aparc+aseg.mgz --label-cortex --i aseg.mgz --threads 16 --lh-annot /out/sourcedata/freesurfer/sub-v1s11x0050146_ses-1/label/lh.aparc.annot 1000 --lh-cortex-mask /out/sourcedata/freesurfer/sub-v1s11x0050146_ses-1/label/lh.cortex.label --lh-white /out/sourcedata/freesurfer/sub-v1s11x0050146_ses-1/surf/lh.white --lh-pial /out/sourcedata/freesurfer/sub-v1s11x0050146_ses-1/surf/lh.pial --rh-annot /out/sourcedata/freesurfer/sub-v1s11x0050146_ses-1/label/rh.aparc.annot 2000 --rh-cortex-mask /out/sourcedata/freesurfer/sub-v1s11x0050146_ses-1/label/rh.cortex.label --rh-white /out/sourcedata/freesurfer/sub-v1s11x0050146_ses-1/surf/rh.white --rh-pial /out/sourcedata/freesurfer/sub-v1s11x0050146_ses-1/surf/rh.pial 

SUBJECTS_DIR /out/sourcedata/freesurfer
outvol aparc+aseg.mgz
16 avail.processors, using 16
Loading aseg.mgz
Loading /out/sourcedata/freesurfer/sub-v1s11x0050146_ses-1/surf/lh.white
Loading /out/sourcedata/freesurfer/sub-v1s11x0050146_ses-1/surf/lh.pial
Loading /out/sourcedata/freesurfer/sub-v1s11x0050146_ses-1/label/lh.cortex.label
Ripping lh vertices labeled not in lh.cortex.label
  ripped 8455 vertices from lh hemi
Loading /out/sourcedata/freesurfer/sub-v1s11x0050146_ses-1/label/lh.aparc.annot
Loading /out/sourcedata/freesurfer/sub-v1s11x0050146_ses-1/surf/rh.white
Loading /out/sourcedata/freesurfer/sub-v1s11x0050146_ses-1/surf/rh.pial
Loading /out/sourcedata/freesurfer/sub-v1s11x0050146_ses-1/label/rh.cortex.label
Ripping rh vertices labeled not in rh.cortex.label
  ripped 8161 vertices from rh hemi
Loading /out/sourcedata/freesurfer/sub-v1s11x0050146_ses-1/label/rh.aparc.annot
Done loading
  0 192 128 176  32 112  16 208  48 224 240  64 160  80  96 144 241  17  49 209   1  33  18 242  50 210  19 
  2 243  34  51  20 211   3  35  21  52 244  22 212   4 225  36  53 245  23 213 226   5  24  37  54 246 227  25 214  55   6 228 247  38  26  56 215 248   7  27 229  57  39 
249  28  58 216 230   8 250  29  59 
 40 251  30 217  60   9 252  31  41  61 218  10 253  42 254 219 
 11 255  43 220  12  62 231  44 221  13 232  45 222  14 233  46 223 234  15  47 235 236 237 238  63 239 
193 194 195 196 197 198 199 
200 201 202 203 204 205 206 207  65  66  67  68 145  81 113 161  97 177 129  69  70 146  82  98  71 162 114 178 130 147  72  83  99 
148 163  73 179 
131 115  84 149 100  74 164 180  85 132 150 116  75 101  86 181 165  76 151 133 117 102  87  77 182 152 166 134  88  78 103 118 183 153 167 135  79 
 89 104 184 154 185 119 
168 136 105  90 155 186 187 106 169 156  91 120 188 137 189 107 190  92 157 170 191 121 108 138  93 158 171 109 122 139 
 94 172 110 159 
123  95 140 173 124 111 141 125 142 174 126 143 175 127 
nrelabeled = 624737
ndotcheck = 46382
Starting Surf2VolSeg free
free done
#VMPC# mri_surf2volseg VmPeak  1964348
mri_surf2volseg done
#-----------------------------------------
#@# AParc-to-ASeg aparc.a2009s Thu Mar 12 11:53:53 CET 2026
/out/sourcedata/freesurfer/sub-v1s11x0050146_ses-1/mri

 mri_surf2volseg --o aparc.a2009s+aseg.mgz --label-cortex --i aseg.mgz --threads 16 --lh-annot /out/sourcedata/freesurfer/sub-v1s11x0050146_ses-1/label/lh.aparc.a2009s.annot 11100 --lh-cortex-mask /out/sourcedata/freesurfer/sub-v1s11x0050146_ses-1/label/lh.cortex.label --lh-white /out/sourcedata/freesurfer/sub-v1s11x0050146_ses-1/surf/lh.white --lh-pial /out/sourcedata/freesurfer/sub-v1s11x0050146_ses-1/surf/lh.pial --rh-annot /out/sourcedata/freesurfer/sub-v1s11x0050146_ses-1/label/rh.aparc.a2009s.annot 12100 --rh-cortex-mask /out/sourcedata/freesurfer/sub-v1s11x0050146_ses-1/label/rh.cortex.label --rh-white /out/sourcedata/freesurfer/sub-v1s11x0050146_ses-1/surf/rh.white --rh-pial /out/sourcedata/freesurfer/sub-v1s11x0050146_ses-1/surf/rh.pial 

SUBJECTS_DIR /out/sourcedata/freesurfer
outvol aparc.a2009s+aseg.mgz
16 avail.processors, using 16
Loading aseg.mgz
Loading /out/sourcedata/freesurfer/sub-v1s11x0050146_ses-1/surf/lh.white
Loading /out/sourcedata/freesurfer/sub-v1s11x0050146_ses-1/surf/lh.pial
Loading /out/sourcedata/freesurfer/sub-v1s11x0050146_ses-1/label/lh.cortex.label
Ripping lh vertices labeled not in lh.cortex.label
  ripped 8455 vertices from lh hemi
Loading /out/sourcedata/freesurfer/sub-v1s11x0050146_ses-1/label/lh.aparc.a2009s.annot
Loading /out/sourcedata/freesurfer/sub-v1s11x0050146_ses-1/surf/rh.white
Loading /out/sourcedata/freesurfer/sub-v1s11x0050146_ses-1/surf/rh.pial
Loading /out/sourcedata/freesurfer/sub-v1s11x0050146_ses-1/label/rh.cortex.label
Ripping rh vertices labeled not in rh.cortex.label
  ripped 8161 vertices from rh hemi
Loading /out/sourcedata/freesurfer/sub-v1s11x0050146_ses-1/label/rh.aparc.a2009s.annot
Done loading
 48  32 144  96  16 176 128 224 240 208   0 112  80 160 192  64  33 241 209  49 225   1  34 210 242  50 226  35 211   2 243  36 212  51 227   3  37 213  38 214  52   4 228  17 244  39 
215  53   5 229  40 216  18 245  54   6 217  41 230 218  42  19 
246   7  55 231 219 
 43   8 220 247  56  44 232 221  45   9  57 233 248 222  46 249 223  10  47  58 234 250  11  59 
235  20 251  12  60 236  21 252  22  61 237 253  13  23 238 254  14  24 255 239 
 25  15  26  27  62  28  29  30  31  63 193 194 195 196 197 198 199 
200 201 202 203 204 205 206 207  65  66  67 145  97 113  68 177 161 129  81  69 146  98 114 178  70 147  99 
162 130 115  82  71 148 179 
100 116  72 149 163 131 101  83 180 150 117  73 102 181 164 151 132  84 118  74 103 182 133  85 152 165 119 
104 183  75 134 105  86 184 153 120 166  76 106 185 135 186 107 121 154  87 187 167  77 108 136 188 122 155 189 109  88 168 190  78 137 191 123 156 110  89 169 124 138  79 
111 157  90 125 170 139 
158 126  91 140 171 141 159 
127  92 172 142 143 173  93 174  94 175  95 
nrelabeled = 624737
ndotcheck = 46382
Starting Surf2VolSeg free
free done
#VMPC# mri_surf2volseg VmPeak  1964444
mri_surf2volseg done
#-----------------------------------------
#@# AParc-to-ASeg aparc.DKTatlas Thu Mar 12 11:54:17 CET 2026
/out/sourcedata/freesurfer/sub-v1s11x0050146_ses-1/mri

 mri_surf2volseg --o aparc.DKTatlas+aseg.mgz --label-cortex --i aseg.mgz --threads 16 --lh-annot /out/sourcedata/freesurfer/sub-v1s11x0050146_ses-1/label/lh.aparc.DKTatlas.annot 1000 --lh-cortex-mask /out/sourcedata/freesurfer/sub-v1s11x0050146_ses-1/label/lh.cortex.label --lh-white /out/sourcedata/freesurfer/sub-v1s11x0050146_ses-1/surf/lh.white --lh-pial /out/sourcedata/freesurfer/sub-v1s11x0050146_ses-1/surf/lh.pial --rh-annot /out/sourcedata/freesurfer/sub-v1s11x0050146_ses-1/label/rh.aparc.DKTatlas.annot 2000 --rh-cortex-mask /out/sourcedata/freesurfer/sub-v1s11x0050146_ses-1/label/rh.cortex.label --rh-white /out/sourcedata/freesurfer/sub-v1s11x0050146_ses-1/surf/rh.white --rh-pial /out/sourcedata/freesurfer/sub-v1s11x0050146_ses-1/surf/rh.pial 

SUBJECTS_DIR /out/sourcedata/freesurfer
outvol aparc.DKTatlas+aseg.mgz
16 avail.processors, using 16
Loading aseg.mgz
Loading /out/sourcedata/freesurfer/sub-v1s11x0050146_ses-1/surf/lh.white
Loading /out/sourcedata/freesurfer/sub-v1s11x0050146_ses-1/surf/lh.pial
Loading /out/sourcedata/freesurfer/sub-v1s11x0050146_ses-1/label/lh.cortex.label
Ripping lh vertices labeled not in lh.cortex.label
  ripped 8455 vertices from lh hemi
Loading /out/sourcedata/freesurfer/sub-v1s11x0050146_ses-1/label/lh.aparc.DKTatlas.annot
Loading /out/sourcedata/freesurfer/sub-v1s11x0050146_ses-1/surf/rh.white
Loading /out/sourcedata/freesurfer/sub-v1s11x0050146_ses-1/surf/rh.pial
Loading /out/sourcedata/freesurfer/sub-v1s11x0050146_ses-1/label/rh.cortex.label
Ripping rh vertices labeled not in rh.cortex.label
  ripped 8161 vertices from rh hemi
Loading /out/sourcedata/freesurfer/sub-v1s11x0050146_ses-1/label/rh.aparc.DKTatlas.annot
Done loading
208 176 128  64  80  32  16 192   0 144 224 240  48 160  96 112  49 209 225   1  33  17 241 226 210  50   2  34  18 227 211 242  51 228 212   3  35  19 
243 229 213   4 230 214  36  20 244  52 231 215   5  37  21 245 216 232  53   6  38  22 233 217 246   7  54  39 
234 218  23 247 235 219 
  8  40  24  55 236 220 248   9  41 237 221  25  56 249  10 238 222  42  26 239 
223 250  11  57  43  27  12 251  58  44  28  13  59 
252  45  60  29  14 253  61  46  30  15 254  47  31 255  62  63 193 194 195 196 197 198 199 
200 201 202 203 204 205 206 207  65  66  67 177 113 161 145  68  97  81 129  69 146 178  70  98 162 114  82  71 147 130 179 
 99 
 72 148 163  83 115 131 180  73 100 149  84 164  74 150 116 181 101 132  85  75 165 151 182 117 102 133  86  76 183 152 166 103 118  87  77 134 184 153 167 185 104  78  88 186 135 154 119 
187 105 168  79 
188 155  89 106 189 136 190 169 191 120 107 156  90 137 108 170 121 157 109  91 138 122 171 158 110 139 
 92 123 172 159 
111 124 140  93 173 125 141 174  94 126 142 175 127 143  95 
nrelabeled = 624737
ndotcheck = 46382
Starting Surf2VolSeg free
free done
#VMPC# mri_surf2volseg VmPeak  1964348
mri_surf2volseg done
#-----------------------------------------
#@# WMParc Thu Mar 12 11:54:42 CET 2026
/out/sourcedata/freesurfer/sub-v1s11x0050146_ses-1/mri

 mri_surf2volseg --o wmparc.mgz --label-wm --i aparc+aseg.mgz --threads 16 --lh-annot /out/sourcedata/freesurfer/sub-v1s11x0050146_ses-1/label/lh.aparc.annot 3000 --lh-cortex-mask /out/sourcedata/freesurfer/sub-v1s11x0050146_ses-1/label/lh.cortex.label --lh-white /out/sourcedata/freesurfer/sub-v1s11x0050146_ses-1/surf/lh.white --lh-pial /out/sourcedata/freesurfer/sub-v1s11x0050146_ses-1/surf/lh.pial --rh-annot /out/sourcedata/freesurfer/sub-v1s11x0050146_ses-1/label/rh.aparc.annot 4000 --rh-cortex-mask /out/sourcedata/freesurfer/sub-v1s11x0050146_ses-1/label/rh.cortex.label --rh-white /out/sourcedata/freesurfer/sub-v1s11x0050146_ses-1/surf/rh.white --rh-pial /out/sourcedata/freesurfer/sub-v1s11x0050146_ses-1/surf/rh.pial 

SUBJECTS_DIR /out/sourcedata/freesurfer
outvol wmparc.mgz
16 avail.processors, using 16
Loading aparc+aseg.mgz
Loading /out/sourcedata/freesurfer/sub-v1s11x0050146_ses-1/surf/lh.white
Loading /out/sourcedata/freesurfer/sub-v1s11x0050146_ses-1/surf/lh.pial
Loading /out/sourcedata/freesurfer/sub-v1s11x0050146_ses-1/label/lh.cortex.label
Ripping lh vertices labeled not in lh.cortex.label
  ripped 8455 vertices from lh hemi
Loading /out/sourcedata/freesurfer/sub-v1s11x0050146_ses-1/label/lh.aparc.annot
Loading /out/sourcedata/freesurfer/sub-v1s11x0050146_ses-1/surf/rh.white
Loading /out/sourcedata/freesurfer/sub-v1s11x0050146_ses-1/surf/rh.pial
Loading /out/sourcedata/freesurfer/sub-v1s11x0050146_ses-1/label/rh.cortex.label
Ripping rh vertices labeled not in rh.cortex.label
  ripped 8161 vertices from rh hemi
Loading /out/sourcedata/freesurfer/sub-v1s11x0050146_ses-1/label/rh.aparc.annot
Done loading
 64 208 160 224 112  48 192  32 128  96  16 176 240   0  80 144  49 193 209  33 225  17  65   1  50 210  34 226 194  18   2  51  35 211  19 
227 195   3  52  66 212  36  20 241 196 228  53   4  37 213  21  54 197 229   5  38 214 242  55 198 230  22  39 
  6 215  56 199 
231 243  40  57 216  23   7 200 232  58  41  67 217 201  24 233 244   8  59 
 42 218 202  25 234   9  60  43 219 
245 203 235  26  61  10  44 220 204 236  62  27  11 246  45 221  63 237 205  28  12  46 222 238 247 206  13  29  47 223 239 
207  14  30 248  68  15  31 249 250 251 252 253 254 255  69  70  71  72 129  81 177  73  74 161 178  82 130  97 113  75 145 179 
 76  83 131 180  77 162  84  98 181  78 114 132 182  85 183  79 
146 184 133 163 185 186 187 188 189  86 190 191  99 
115 134  87 164 135 100  88 116 147 165 136  89 117 166 101  90 137 148 118 167  91 102 138 168 119 
 92 169 120 149 139 
103  93 121 170 122 171 123 140  94 124 150 125 172 104 126 127 173  95 141 151 174 105 175 142 152 106 153 143 107 154 108 155 109 156 157 110 158 111 159 

nrelabeled = 493577
ndotcheck = 3761
Starting Surf2VolSeg free
free done
#VMPC# mri_surf2volseg VmPeak  1964348
mri_surf2volseg done

 mri_segstats --seed 1234 --seg mri/wmparc.mgz --sum stats/wmparc.stats --pv mri/norm.mgz --excludeid 0 --brainmask mri/brainmask.mgz --in mri/norm.mgz --in-intensity-name norm --in-intensity-units MR --subject sub-v1s11x0050146_ses-1 --surf-wm-vol --ctab /opt/freesurfer/WMParcStatsLUT.txt --etiv 

setting seed for random number genererator to 1234

7.3.2
cwd 
cmdline mri_segstats --seed 1234 --seg mri/wmparc.mgz --sum stats/wmparc.stats --pv mri/norm.mgz --excludeid 0 --brainmask mri/brainmask.mgz --in mri/norm.mgz --in-intensity-name norm --in-intensity-units MR --subject sub-v1s11x0050146_ses-1 --surf-wm-vol --ctab /opt/freesurfer/WMParcStatsLUT.txt --etiv 
sysname  Linux
hostname dna086
machine  x86_64
user     oesteban
whitesurfname  white
UseRobust  0
atlas_icv (eTIV) = 1724849 mm^3    (det: 1.129436 )
Loading mri/wmparc.mgz
Getting Brain Volume Statistics
Loading mri/norm.mgz
Loading mri/norm.mgz
Voxel Volume is 1 mm^3
Generating list of segmentation ids
Found 390 segmentations
Computing statistics for each segmentation

Reporting on  70 segmentations
Using PrintSegStat
mri_segstats done
#--------------------------------------------
#@# ASeg Stats Thu Mar 12 11:56:19 CET 2026
/out/sourcedata/freesurfer/sub-v1s11x0050146_ses-1

 mri_segstats --seed 1234 --seg mri/aseg.mgz --sum stats/aseg.stats --pv mri/norm.mgz --empty --brainmask mri/brainmask.mgz --brain-vol-from-seg --excludeid 0 --excl-ctxgmwm --supratent --subcortgray --in mri/norm.mgz --in-intensity-name norm --in-intensity-units MR --etiv --surf-wm-vol --surf-ctx-vol --totalgray --euler --ctab /opt/freesurfer/ASegStatsLUT.txt --subject sub-v1s11x0050146_ses-1 

setting seed for random number genererator to 1234

7.3.2
cwd 
cmdline mri_segstats --seed 1234 --seg mri/aseg.mgz --sum stats/aseg.stats --pv mri/norm.mgz --empty --brainmask mri/brainmask.mgz --brain-vol-from-seg --excludeid 0 --excl-ctxgmwm --supratent --subcortgray --in mri/norm.mgz --in-intensity-name norm --in-intensity-units MR --etiv --surf-wm-vol --surf-ctx-vol --totalgray --euler --ctab /opt/freesurfer/ASegStatsLUT.txt --subject sub-v1s11x0050146_ses-1 
sysname  Linux
hostname dna086
machine  x86_64
user     oesteban
whitesurfname  white
UseRobust  0
atlas_icv (eTIV) = 1724849 mm^3    (det: 1.129436 )
Computing euler number
orig.nofix lheno =  -12, rheno = -14
orig.nofix lhholes =    7, rhholes = 8
Loading mri/aseg.mgz
Getting Brain Volume Statistics
Loading mri/norm.mgz
Loading mri/norm.mgz
Voxel Volume is 1 mm^3
Generating list of segmentation ids
Found  50 segmentations
Computing statistics for each segmentation

Reporting on  45 segmentations
Using PrintSegStat
mri_segstats done

Started at Thu Mar 12 11:53:09 CET 2026 
Ended   at Thu Mar 12 11:56:36 CET 2026
#@#%# recon-all-run-time-hours 0.058
recon-all -s sub-v1s11x0050146_ses-1 finished without error at Thu Mar 12 11:56:36 CET 2026
