global_signal	global_signal_derivative1	global_signal_derivative1_power2	global_signal_power2	csf	csf_derivative1	csf_derivative1_power2	csf_power2	white_matter	white_matter_derivative1	white_matter_derivative1_power2	white_matter_power2	csf_wm	tcompcor	std_dvars	dvars	framewise_displacement	rmsd	t_comp_cor_00	t_comp_cor_01	t_comp_cor_02	t_comp_cor_03	t_comp_cor_04	t_comp_cor_05	c_comp_cor_00	c_comp_cor_01	c_comp_cor_02	c_comp_cor_03	c_comp_cor_04	c_comp_cor_05	c_comp_cor_06	c_comp_cor_07	w_comp_cor_00	w_comp_cor_01	w_comp_cor_02	w_comp_cor_03	w_comp_cor_04	w_comp_cor_05	w_comp_cor_06	w_comp_cor_07	w_comp_cor_08	w_comp_cor_09	w_comp_cor_10	w_comp_cor_11	w_comp_cor_12	w_comp_cor_13	w_comp_cor_14	w_comp_cor_15	w_comp_cor_16	w_comp_cor_17	w_comp_cor_18	w_comp_cor_19	a_comp_cor_00	a_comp_cor_01	a_comp_cor_02	a_comp_cor_03	a_comp_cor_04	a_comp_cor_05	a_comp_cor_06	a_comp_cor_07	a_comp_cor_08	a_comp_cor_09	a_comp_cor_10	a_comp_cor_11	a_comp_cor_12	a_comp_cor_13	a_comp_cor_14	a_comp_cor_15	a_comp_cor_16	edge_comp_00	edge_comp_01	edge_comp_02	edge_comp_03	edge_comp_04	edge_comp_05	edge_comp_06	edge_comp_07	edge_comp_08	edge_comp_09	edge_comp_10	edge_comp_11	edge_comp_12	edge_comp_13	edge_comp_14	edge_comp_15	edge_comp_16	edge_comp_17	edge_comp_18	edge_comp_19	edge_comp_20	edge_comp_21	edge_comp_22	edge_comp_23	cosine00	cosine01	trans_x	trans_x_derivative1	trans_x_derivative1_power2	trans_x_power2	trans_y	trans_y_derivative1	trans_y_derivative1_power2	trans_y_power2	trans_z	trans_z_derivative1	trans_z_derivative1_power2	trans_z_power2	rot_x	rot_x_derivative1	rot_x_power2	rot_x_derivative1_power2	rot_y	rot_y_derivative1	rot_y_derivative1_power2	rot_y_power2	rot_z	rot_z_derivative1	rot_z_power2	rot_z_derivative1_power2	motion_outlier00	motion_outlier01	motion_outlier02	motion_outlier03	motion_outlier04	motion_outlier05	motion_outlier06	motion_outlier07	motion_outlier08
862.7597605301721	n/a	n/a	744354.4043900799	1010.9118002044283	n/a	n/a	1021942.667792558	823.4838273399074	n/a	n/a	678125.6138903825	846.0956149737539	774.7936334257906	n/a	n/a	n/a	n/a	-0.0578553064	0.0351835384	-0.128320816	0.0617529446	-0.2197101592	0.067442246	-0.0320029704	0.1649050822	-0.277167264	0.1299261432	-0.5369533691	0.1717400248	-0.0230540121	0.144045922	-0.0252608727	0.0308748274	-0.0951013766	0.0622656229	-0.1446598393	0.1838264454	-0.0019816319	0.0951431495	-0.0173555411	0.0021834469	-0.0009633394	0.0494024204	-0.0212416858	0.010786625	-0.0213918727	0.1679654639	-0.0832237033	0.154932276	0.0267007052	-0.1488271681	-0.0595635264	-0.1151511281	0.0240792649	-0.0772487517	0.161515624	-0.1821976033	0.0326426171	-0.0394907049	-0.0939499062	0.0796552687	-0.0097012773	0.1174975577	-0.3082004446	0.1815327798	-0.086520189	0.1134833622	-0.0966266814	0.1319635191	-0.150343674	0.1302561561	-0.0426564865	0.0078218788	-0.2067350785	0.1534080902	-0.0748310856	0.1431151747	-0.1403102835	-0.1452407865	0.1292871004	-0.0751899174	0.0282647643	-0.0225276282	0.1287846627	-0.2416133394	0.1165279095	-0.0004733375	0.0530845408	-0.0378553125	0.1748103213	-0.0181610469	0.1291019951	0.1561451084	0.1560591586	-0.0282277179027516	n/a	n/a	0.0007968040579973	0.0214739548329276	n/a	n/a	0.0004611307361666	-0.0992414278835127	n/a	n/a	0.0098488610083584	0.0015349567455214	n/a	2.356092210621648e-06	n/a	0.0016561230711769	n/a	n/a	2.742743626884408e-06	-0.0011492734727889	n/a	1.3208295152562583e-06	n/a	0.0	0.0	0.0	0.0	0.0	0.0	0.0	0.0	0.0
861.2040450716454	-1.55571545852672	2.420250587899002	741672.4072477646	996.437845123684	-14.473955080744304	209.49537567940385	992888.3791947308	823.5609286552854	0.0771013153779449	0.0059446128330093	678252.6032075561	845.2370870641113	767.5973269124283	1.017106	13.982932	0.06025092433361	0.0354080825993766	-0.05660235	-0.0057917396	-0.041210287	0.0268938256	-0.2406283285	0.0474700669	-0.0479240446	0.0579006453	-0.1270574283	-0.0285805254	-0.0492324026	0.2216831529	-0.031565799	-0.0783476002	-0.048423034	-0.0045221867	-0.0814693212	0.0909437016	-0.174325739	0.1974568885	-0.0599746314	0.1778697877	0.0405788436	-0.1983409512	0.0164804488	0.0970038603	-0.0609300496	0.0903908846	0.001860756	0.1085884726	0.0036415624	0.0849741024	0.1177685654	-0.1054816715	-0.0662467853	-0.0688504765	0.0049399915	-0.0883161064	0.0956998184	-0.1934516317	-0.0463893965	-0.115380262	-0.0129180236	0.2014049272	0.007276947	0.0956999669	-0.1046376205	0.0419493124	-0.059718364	0.0654155302	-0.1085275941	0.1251871496	-0.1788152166	0.0496690867	-0.0571729271	0.0163378864	-0.1854805256	0.2171592226	-0.0553492466	0.1356364771	-0.2441258508	-0.0841324294	0.0473608142	-0.0464147024	-0.0357272562	0.0816938998	0.1371364418	-0.1082531489	0.0595616153	0.0529391878	0.0435983368	-0.0348419564	0.1118543253	-0.0273047917	0.0865145642	0.155915944	0.1551433414	-0.0283410988512002	-0.0001133809484486	1.2855239471104236e-08	0.0008032178840935	0.049777364177018	0.0283034093440904	0.0008010829804991	0.0024777859844114	-0.0828288949960267	0.0164125328874859	0.0002693712357828	0.0068606258462628	0.001842454693629	0.0003074979481076	3.394639298075533e-06	9.455498809038434e-08	0.0016559424963971	-1.8057477980015958e-07	3.2607251099876104e-14	2.7421455513738597e-06	-0.0011500269729732	-7.535001843000499e-07	1.3225620385659012e-06	5.677625277402091e-13	0.0	0.0	0.0	0.0	0.0	0.0	0.0	0.0	0.0
859.3961117320808	-1.8079333395645565	3.2686229603090493	738561.6768602192	994.9086473980686	-1.529197725615404	2.3384456840273247	989843.2166674545	823.2655598240598	-0.2953688312255735	0.0872427464595613	677766.1819924226	845.1191312828843	759.6983340708823	1.099543	15.11626	0.0801808782281123	0.0424242170298597	-0.0481299208	0.0350593056	0.1332141568	-0.0049016131	-0.0496508541	0.0327591702	-0.0284627437	0.0629289885	-0.0556986202	-0.0805316274	0.0517086683	0.1336844357	0.0724449309	-0.0338734598	-0.0534247874	-0.0636154992	0.0589507407	0.1713386642	0.0061036751	0.0007692624	-0.0460315086	0.1530560467	0.053490585	-0.1228113593	0.0126926038	-0.0127009484	-0.0770851246	0.1245115537	0.1542810403	-0.0878173932	-0.01848794	0.0731570806	-0.0333490123	-0.2065809342	-0.0622143812	-0.1117790749	-0.0629174796	0.013111002	-0.0860096897	-0.0961956464	-0.0509768832	-0.1270469673	0.0392638907	0.0363347686	0.0716867552	0.0572751379	0.0735091862	0.0279122219	-0.0839400508	-0.0264458777	-0.1236683344	0.0752976414	-0.0848511121	-0.077715338	-0.0884235977	-0.0272793809	-0.0312348074	0.2060339813	0.0698273268	0.0620782792	-0.1644829364	-0.1045730782	-0.0183115044	0.0352883898	-0.1734805854	0.0737933022	0.0782583296	-0.0357381453	0.1236179141	-0.0468987359	-0.0529993568	-0.0262884357	-0.0336166945	-0.0089093724	-0.0114501279	0.1554579513	0.1533170814	-0.0187833843192493	0.0095577145319508	9.13499070742654e-05	0.0003528155264846	0.0333681988718694	-0.0164091653051486	0.0002692607060116	0.0011134366959526	-0.0552966587865739	0.0275322362094528	0.0007580240306931	0.0030577204729587	0.001728712064669	-0.0001137426289599	2.988445402532157e-06	1.2937385642732226e-08	0.0012370065339661	-0.0004189359624309	1.7550734061798822e-07	1.530185165074824e-06	-0.001149070320733	9.566522402000913e-07	1.3203626019894394e-06	9.151835086798529e-13	0.0	0.0	0.0	0.0	0.0	0.0	0.0	0.0	0.0
857.3208795637634	-2.075232168317484	4.306588552419687	734999.0905359848	996.761503162302	1.852855764233368	3.4330744830528186	993533.4941863718	823.8749274534642	0.6093676294044599	0.3713289077660111	678769.896086451	845.6181179507748	753.4627322568939	1.091824	15.01014	0.1092750583539499	0.0577838978722307	0.0117510614	0.133571069	0.0923036957	-0.028652235	0.1711821126	0.0109071005	-0.0131309566	0.1668074544	0.0963463622	-0.0486629515	0.1118016134	0.0097176234	-0.016647629	0.1973306867	0.0017814507	0.0005655478	-0.0292312772	0.0740628285	0.1135399532	-0.1658417368	-0.0995576577	0.0436003788	0.0709764366	-0.0878510894	-0.1456684381	0.128233692	0.0201798182	0.1535862085	-0.1171606626	-0.1941035703	0.0377729106	-0.0205170948	-0.0156165031	-0.0315135093	0.0074286159	-0.1150318258	0.0474434986	0.0198287163	-0.1436248606	0.129915566	-0.0449859745	-0.0504733978	-0.0516611289	0.035706053	0.0389896678	-0.0867172195	0.0337148891	0.1251368123	0.0827587196	-0.0634060255	-0.2248049838	0.0217048576	-0.0013025312	-0.0997990532	-0.0503491407	-0.0866234771	0.1490064279	0.1125254443	0.0231246514	0.0853982488	-0.0096848403	-0.0162543383	0.0122093655	0.0253895792	-0.096407085	0.1517319917	0.0394134399	-0.0021078403	-0.0336030254	-0.0892291647	0.0076112954	0.0800786373	-0.0423576739	-0.0435192159	0.0352068667	0.1547718027	0.1505910958	-0.0176318091473604	0.0011515751718889	1.3261253765109517e-06	0.0003108806938089	0.0499883619286123	0.0166201630567429	0.0002762298200327	0.0024988363283059	-0.0288122189533908	0.0264844398331831	0.0007014255532774	0.0008301439610181	0.0015331923945469	-0.0001955196701221	2.350678918696457e-06	3.822794140465483e-08	0.0004568678121987	-0.0007801387217674	6.086164252008727e-07	2.0872819782322665e-07	-0.0008243511067798	0.0003247192139531	6.795547472490812e-07	1.05442567910384e-07	0.0	0.0	0.0	0.0	0.0	0.0	0.0	0.0	0.0
857.0982735867707	-0.2226059769926678	0.0495534209928601	734617.4505854228	996.6441574424122	-0.1173457198898404	0.0137700179764648	993299.5765640956	823.2862523155264	-0.5886751379377984	0.3465384180260859	677800.2532517447	845.0011603626389	748.4742972433663	1.050281	14.439011	0.0824735663168803	0.0435275918155881	0.0774825982	0.0649270657	-0.03196835	0.0265588797	0.2050726015	0.0295827004	-0.0170240906	0.059055349	0.0792701726	-0.0601541639	0.1005120534	-0.1353626698	0.002154445	0.156643475	0.0122498373	-0.0019053097	-0.0031841802	-0.0016557139	0.0502690264	-0.1492004646	0.1132709874	-0.0019106886	-0.0009833198	0.0192953704	-0.0220259912	-0.0546177622	0.0546072211	-0.0439872081	-0.0442525001	-0.0650595044	-0.0354788378	-0.1757501562	0.2771482696	0.0903945575	0.0256595861	-0.032370076	0.009252925	0.0196483106	-0.0479396355	0.1464481781	0.062234892	0.0028073743	-0.0061953832	-0.030504968	-0.0023121651	-0.2497327189	-0.0289514349	0.0654753176	0.0724437734	-0.050026511	0.1521043009	0.0080508785	0.0186037281	-0.0913131076	-0.0312840877	-0.0726868336	0.1075671276	0.0358195914	-0.1103907148	0.0867201543	0.0688010504	0.0298335141	0.1542554322	0.0098876027	-0.0936629113	0.123554388	-0.000113277	0.0564451085	-0.1428606493	-0.0990973563	0.0866316471	0.0212738938	-0.0235401599	-0.0370323291	0.0196140082	0.1538585052	0.1469813818	-0.0083013526049313	0.0093304565424291	8.7057419290158e-05	6.891245507139966e-05	0.0124764119841955	-0.0375119499444168	0.0014071463886324	0.0001556608559993	-0.0476095522638502	-0.0187973333104593	0.0003533397395845	0.0022666694667642	0.0015330865010012	-1.0589354569991509e-07	2.3503542195521025e-06	1.1213443020900002e-14	0.0002429621795083	-0.0002139056326904	4.5755619696680335e-08	5.90306206714234e-08	-0.0007016861026244	0.0001226650041554	4.9236338661622e-07	1.5046703244444322e-08	0.0	0.0	0.0	0.0	0.0	0.0	0.0	0.0	0.0
857.8415384148849	0.7432648281142065	0.5524426047116409	735892.1050300164	997.6311137972984	0.9869563548862744	0.9740828464504014	995267.8392164382	823.4576093034473	0.1713569879208307	0.0293632173092997	678082.4343197488	844.7250680968376	747.9351678300249	0.871345	11.979047	0.0688108123685897	0.0389511919899827	0.0493602394	0.0801191984	-0.0435312957	0.0422791233	0.138394454	0.0674186858	0.0596086204	0.0165291351	0.0577748169	-0.0012789565	0.0690393428	-0.1797273423	0.0778583674	0.0060631323	0.0197053613	0.0420461941	-0.0583484135	-0.0160056994	0.0109458983	-0.1338487413	0.1076986524	0.0418219721	0.0338507548	-0.056922369	-0.1305791745	-0.0353017618	-0.21516284	0.0691334313	-0.0774448561	-0.0462846039	-0.0522372906	-0.1221126051	-0.016055184	-0.1572070441	0.0430118238	-0.0147131628	0.0596838265	0.0256034286	0.0156169837	0.1707562439	0.0899469152	-0.0460091364	-0.0312060259	0.0305161923	0.0636095073	-0.0275437907	0.0352885648	0.1363179088	0.0475836966	-0.0996121206	0.1736299528	-0.0209894573	0.0067528862	-0.0487370749	-0.0123136048	-0.113496613	0.0601430838	0.0325017257	-0.1014590217	0.0854461743	0.0247734398	-0.0069511668	0.0687073982	-0.0072964666	-0.167828595	0.1063278789	-0.0444980169	0.0315611472	-0.0562344968	-0.048283225	-0.1317944599	-0.0423857507	0.0537983934	0.0155229053	-0.130112165	0.152719399	0.1425091225	-0.0174265008403722	-0.0091251482354409	8.326833031877018e-05	0.0003036829315394	0.0403869570107104	0.0279105450265149	0.0007789985236771	0.0016311062965849	-0.0475855015545363	2.4050709313896967e-05	5.784366185015702e-10	0.0022643799581967	0.0010460998300306	-0.0004869866709706	1.0943248543900502e-06	2.371560177030275e-07	0.0002430557621266	9.358261829998657e-08	8.757706447880978e-15	5.907610350294237e-08	-0.0008496272169819	-0.0001479411143575	7.218664078364086e-07	2.188657331733892e-08	0.0	0.0	0.0	0.0	0.0	0.0	0.0	0.0	0.0
857.2318203795621	-0.6097180353227714	0.3717560825978602	734846.3938712579	996.2653658625394	-1.3657479347590424	1.8652674212985896	992544.6792172196	822.7220001013663	-0.7356092020809228	0.541120898186132	676871.4894507927	844.3719699925493	752.6722014903257	1.03985	14.295611	0.0303634126395562	0.0147767290309896	0.0827852687	0.0523607952	-0.092322812	-0.0898607561	0.0846375207	-0.0696408473	-0.0207913502	0.0212795892	0.1442842309	0.233203042	0.0203546541	-0.064158838	-0.0547610276	-0.1081081285	-0.0598615533	0.0899462911	0.0304640004	-0.054410685	-0.1035546992	-0.1419590726	0.1323774019	0.0512709515	-0.0215403173	0.0762858732	-0.0070726253	0.0023595873	-0.0683544589	-0.0535670533	0.0019083106	0.0099562053	-0.01007862	-0.0911042965	0.1487992025	-0.0323924079	-0.0444881854	0.0501820515	0.0971319465	0.1349352165	0.0976747701	0.1109110979	0.0233595871	-0.1052042277	0.028278096	0.050626851	-0.0306651873	0.0546861819	-0.0336752985	-0.0035589359	0.0580693177	-0.1245508839	0.0678154266	0.0162934333	0.0304865193	-0.0560269811	0.0587478523	-0.0282999439	0.0752192795	-0.0601113568	-0.092852464	0.1478673154	0.0465342337	-0.0771150448	0.0288657394	0.0815137501	-0.0528465798	-0.0364672521	0.0174633779	0.027359567	0.0230039661	-0.0230751269	-0.113421576	-0.0173467647	-0.0381745765	0.0354263835	-0.0926447551	0.1513561561	0.1372005631	-0.00836352473776	0.0090629761026122	8.213753583651982e-05	6.994854603912346e-05	0.0310614046112931	-0.0093255523994172	8.696592755427773e-05	0.0009648108564264	-0.0449371854863045	0.0026483160682318	7.01357799725474e-06	0.0020193506394305	0.0011200577583502	7.395792831959994e-05	1.254529382040475e-06	5.469775161327083e-09	0.0001410302436664	-0.0001020255184602	1.0409206417072613e-08	1.9889529628604157e-08	-0.0008390793023758	1.0547914606100022e-05	7.040540756754592e-07	1.1125850253757818e-10	0.0	0.0	0.0	0.0	0.0	0.0	0.0	0.0	0.0
856.5164306367975	-0.7153897427646143	0.511782484052821	733620.3959507999	991.7698019789012	-4.4955638836381695	20.2100946318719	983607.340117269	822.650632695233	-0.0713674061333904	0.0050933066582082	676754.0634738671	843.8275444713455	754.4432298712325	1.129065	15.522119	0.0745140364412931	0.0364223627564131	0.1243761408	0.0068080521	-0.1270521742	0.1050298885	-0.0738562593	-0.0427204535	-0.1392917827	-0.0937792374	0.0323175485	0.058842009	0.0434670899	-0.0011719088	0.0954618789	0.0399004275	-0.072719764	-0.0569920807	-0.0197146459	0.1166093203	-0.1505487181	0.0883715661	0.1345368104	0.0282122579	0.1764020501	-0.0090972866	-0.077326036	0.1084481612	-0.1104801729	-0.1653076335	-0.1114429185	-0.0744257116	0.0151755686	-0.0380426592	0.1216920552	-0.0244169889	-0.0874842127	-0.0425370384	-0.0889356063	0.0302577823	0.1317768499	-0.0504181728	0.1691322121	-0.0414486715	0.0761746592	0.1787864059	-0.1033517609	-0.1349535412	0.0334575459	0.0544654457	0.0403384274	-0.0080767945	0.0380737833	0.0404059955	0.0442768645	-0.0659566275	0.0388485271	-0.0517697651	-0.0379074034	-0.0060933891	-0.184385626	0.1238722613	0.0841043206	0.0343469203	-0.1680943283	0.0331353283	-0.0183011746	0.0255787946	0.1094548561	0.1617818999	-0.0758334267	0.0484406928	0.058291762	-0.00383185	-0.1036778327	-0.049156504	-0.0679488065	0.1497707771	0.1310868562	-0.0084018056830927	-3.828094533270092e-05	1.4654307755652363e-09	7.05903387364488e-05	0.0395570190489849	0.0084956144376917	7.217546467391732e-05	0.0015647577560417	-0.0281057955515109	0.0168313899347936	0.000283295687137	0.0007899357435833	0.0016250582399094	0.0005050004815592	2.640814283097437e-06	2.55025486375024e-07	0.0002436237072276	0.0001025934635612	1.0525418765483273e-08	5.935251072331936e-08	-0.0004636982250267	0.0003753810773491	2.150160438929121e-07	1.4091095323177106e-07	0.0	0.0	0.0	0.0	0.0	0.0	0.0	0.0	0.0
857.3906042589136	0.8741736221161318	0.7641795216036377	735118.6482714651	990.1949426872025	-1.5748592916987718	2.4801817886499573	980486.024523312	823.09668333139	0.4460506361569969	0.1989611700160616	677488.1501111344	843.5208210608274	737.3469885493932	1.202731	16.534859	0.0713101563601583	0.0395712747740821	0.1155271891	-0.1462924669	0.0619619864	0.0879833871	-0.0626889711	0.2134199022	-0.1241842081	-0.1179982814	-0.1829113882	-0.1040300646	0.1277449898	-0.1112015658	0.0382860387	-0.0440407173	-0.0213297724	-0.2300050852	-0.0544184627	0.0276415208	-0.0887688949	0.0360503959	-0.1007906817	-0.1021520476	-0.0735067834	-0.0633254865	-0.1258164832	-0.0800420109	0.0754376946	-0.2464862051	0.0144453924	0.0803731571	0.1116791833	-0.0213332774	0.010997432	-0.0220979994	-0.071528717	0.0061328146	-0.1876467665	-0.1986284335	0.0960935615	0.0016507716	-0.0219581571	0.0521862746	-0.0948478326	0.0110131662	0.026856393	-0.1147740604	0.147780129	0.0676698373	-0.0829533596	0.0001437525	0.1629358064	0.1219319058	0.0073011787	0.0081955713	0.0035421334	0.1095689404	-0.1244205524	0.0339157744	-0.1128812028	-0.1153781924	0.0738287099	0.1811344922	-0.0482555745	0.1229311951	-0.0805712473	0.0186713085	0.137945425	0.1683196277	-0.0665494685	0.0875137522	-0.0199525751	-0.241591757	-0.1297055956	0.0359409529	-0.2173287063	0.1479655889	0.1242038795	-0.0082540888397204	0.0001477168433722	2.1820265815876592e-08	6.812998257399687e-05	0.0152775320035658	-0.024279487045419	0.0005894934911886	0.0002334029841199	-0.0447525633724978	-0.0166467678209869	0.0002771148788858	0.0020027919284094	0.0016114244306704	-1.363380923900012e-05	2.5966886957614227e-06	1.8588075436544503e-10	-0.0003039090817662	-0.0005475327889938	2.997921550233291e-07	9.236072997997483e-08	-0.0005072553198015	-4.3557094774800045e-05	2.573079594669221e-07	1.897220505220913e-09	0.0	0.0	0.0	0.0	0.0	0.0	0.0	0.0	0.0
860.8485063311988	3.457902072285151	11.957086741513942	741060.150852656	994.6350238456234	4.4400811584209805	19.714320693365	989298.830660384	824.1467497992547	1.0500664678647809	1.1026395869340169	679217.8652046754	844.6797842986916	757.4984299122426	1.379215	18.961123	0.1301956391074463	0.0928091584881933	0.0044431721	-0.2083811569	-0.0887991788	-0.10951394	0.0335736706	-0.002133561	0.0086626948	-0.1230979018	0.0158106427	0.0778508276	-0.0175593254	-0.0211059407	-0.1548953975	-0.208166319	-0.00855377	0.0312385268	0.0852426359	-0.2289914963	-0.1135399793	0.0087148288	-0.0993208393	0.0506935742	-0.1504556833	0.0056799093	0.0013728822	0.0624135536	-0.0958731503	-0.1001874277	0.1063529278	0.1068546731	-0.1482647371	-0.034368178	-0.0504488576	0.1227388687	0.0027629356	0.2133568905	0.0022379709	0.0162431235	0.0660954293	-0.0151983235	-0.1518256174	-0.0551254322	-0.1024697438	-0.0868745906	0.1015105474	0.095842429	0.0055503881	-0.0521824302	0.0236099761	0.0999124807	0.2357871537	-0.0435201262	-0.0130979067	-0.0085424388	0.1397876788	0.141275329	0.067875514	-0.0967256732	-0.0074950385	-0.0940719719	-0.0172896073	-0.0323881923	0.119163844	0.1589355174	-0.0340878431	-0.1893650194	-0.0101360699	0.1499035235	-0.0347984087	0.185921053	-0.1126799295	0.0510370759	-0.0244449489	0.0085971729	-0.2612700589	0.1459432408	0.1165920251	-0.0084460945018207	-0.0001920056621003	3.6866174278574674e-08	7.133651233368587e-05	0.0548331031885851	0.0395555711850193	0.0015646432117731	0.00300666920529	-0.0448909770959886	-0.0001384137234907	1.9158358850587352e-08	0.0020151998246325	-2.610225859261825e-05	-0.001637526689263	6.813279036359132e-10	2.6814936580487016e-06	-0.0003029911465604	9.179352057999724e-07	8.426050420470378e-13	9.18036348939858e-08	-0.0006750036660694	-0.0001677483462679	4.556299492071301e-07	2.813950767561528e-08	0.0	0.0	0.0	0.0	0.0	0.0	0.0	0.0	0.0
862.8013003176203	1.9527939864215116	3.813404353404018	744426.0838297764	999.0216638131204	4.38663996749699	19.24261020444199	998044.2847679354	827.5814833414603	3.4347335422055494	11.79739450595188	684891.1115696518	848.0311705920161	768.5926710836003	1.39284	19.148426	0.1116087221469001	0.068195410447375	-0.1361034351	-0.0758356368	-0.1007797795	0.1025116933	0.1503985214	-0.0212946426	0.166814379	-0.1157677507	0.1037578802	-0.0620477453	-0.1121006407	-0.0967133222	-0.0484250305	0.1669912148	0.2469861462	0.1785974057	0.0777592458	-0.117057218	0.1413455466	-0.0711729748	-0.0350002815	0.0202645622	0.0887661295	0.0216007489	0.1173007223	-0.1513716913	0.1117286249	0.0074548339	0.0353635266	-0.0947547174	-0.1524424242	0.0774362989	-0.03213122	0.1111760354	0.2901834373	0.0582353826	0.0799889812	0.1277733756	-0.0473109966	0.0479688279	-0.0915741139	0.1861200199	0.0896675039	-0.0449890979	-0.0017338776	-0.0708418123	0.0243286268	-0.0608205959	0.0949185771	0.1883657498	0.0604268856	-0.233625185	-0.0605972581	0.0090467135	0.0878236593	-0.1075103294	0.0447868751	-0.1399632038	-0.0960231421	-0.2104806957	-0.0259226222	0.0380558914	0.0413403037	-0.1291202808	0.0003722216	0.1101529844	0.0101848329	0.0231533846	0.122530888	0.0925309639	-0.0377537569	-0.0139776302	-0.0933582762	0.0058168468	-0.039432937	0.1437067008	0.1082959623	-0.0153698369677783	-0.0069237424659575	4.7938209734904615e-05	0.000236231888416	0.0925639546926646	0.0377308515040794	0.0014236171552228	0.0085680857083456	-0.0972924442561407	-0.0524014671601521	0.0027459137605364	0.0094658197093342	0.0002598968092612	0.0002859990678538	6.754635146415259e-08	8.179546681325295e-08	-0.0003030883262002	-9.717963980000657e-08	9.44388239165902e-15	9.186253347883885e-08	-0.00067996063891	-4.956972840599932e-06	4.623464704668953e-07	2.4571579742445357e-11	0.0	0.0	0.0	0.0	0.0	0.0	0.0	0.0	0.0
863.6401790579192	0.8388787402989237	0.7037175409255091	745874.3588831947	998.5847246554788	-0.4369391576416319	0.1909158274805789	997171.4523152584	826.6997969690786	-0.8816863723816368	0.7773708592434904	683432.5543087159	847.4996385559369	760.572313293408	1.146419	15.760699	0.1276347222157129	0.0905251003570977	-0.1805948183	-0.0424646513	0.1347210652	0.0696700615	0.0918024508	0.0574366914	0.2020287958	-0.0228786428	-0.0506996843	-0.1228183194	-0.0191207746	-0.1061113623	-0.0494334435	0.0416153364	0.1487647606	0.097039636	0.0537609068	-0.0514770961	0.169118776	0.1025849688	-0.0059278703	-0.0699634119	-0.1351634761	0.0266916208	0.0462547519	0.0868000421	-0.0415138377	-0.032321614	0.0363097094	0.025960559	0.1218262915	0.0356040141	0.0398898083	0.0402713089	0.1760711708	0.0507218191	0.0450571668	0.008239374	-0.126992054	-0.071365129	0.0510118201	0.1617580229	-0.0828995982	-0.1060571037	0.0547778448	0.0514295667	-0.1230983722	-0.0737650968	0.0666747474	-0.01966354	-0.1112585382	-0.134442994	-0.0673723449	-0.0029641858	-0.1056803385	0.0546136162	-0.001007748	-0.1125337609	-0.0165449178	-0.168628235	0.1962404296	-0.026645034	0.0428742747	-0.0220594621	-0.0933991818	-0.1130903502	0.1290458233	-0.0235202427	0.1305654329	-0.0235714586	-0.1830370857	0.0578778467	-0.1185907975	-0.0712664793	0.0002128325	0.1412592515	0.0993643757	-0.0138371686079352	0.001532668359843	2.3490723012641352e-06	0.0001914672350844	0.0036912815037339	-0.0888726731889306	0.0078983520397464	1.3625559139808e-05	-0.0803668530607666	0.016925591195374	0.0002864756373129	0.0064588310708908	0.0004459299517474	0.0001860331424861	1.988535218654385e-07	3.4608330103290785e-08	-0.0003031026251718	-1.4298971599976085e-08	2.0446058881692254e-16	9.187120138603669e-08	-0.0004599322909365	0.0002200283479734	2.115377122460973e-07	4.841247391194757e-08	0.0	0.0	0.0	0.0	0.0	0.0	0.0	0.0	0.0
862.4207694569602	-1.2194096009590112	1.4869597749110148	743769.5835907353	997.7824828839608	-0.8022417715179699	0.6435918599682907	995569.8831500816	824.997048035082	-1.702748933996645	2.899353932226711	680620.1292665994	845.8201023263497	764.5781915582011	0.96642	13.286108	0.1014877310584059	0.054840414853601	-0.1839581441	0.0615319996	0.1441339451	0.001937869	0.0531656117	-0.0191944417	0.1973546863	0.0684437915	0.0256264637	-0.0454369774	0.0278530803	-0.0705893366	-0.007253928	-0.0445618898	0.0624612258	-0.0360110579	0.0152825039	0.0180796602	0.1775780579	0.0062357579	0.0847689201	-0.0481725849	-0.1520429966	-0.063009697	-0.1133107757	0.0350636596	0.1134780796	0.0350973299	0.0032073133	0.1215520675	0.0559661547	-0.0082493598	-0.0027575395	0.1597309112	0.0957132011	0.0440754087	0.0277110431	-0.0363864013	-0.1956447615	0.0208973956	0.1150696583	-0.0086079279	-0.0352410944	-0.001860955	0.0507636941	0.1294903049	0.0736182393	0.0257539747	0.0512663375	-0.0320927126	-0.1471901571	-0.1344463903	-0.0007371043	0.0058716632	-0.1302433219	0.001599008	0.0734041331	-0.0829440617	0.0970159888	-0.1742032796	0.1507449195	-0.0741707715	-0.0688337625	0.056797367	0.0450473858	0.0092139567	-0.0017839948	-0.0321069738	0.1276365602	0.0341436993	-0.0339164465	0.1404712098	-0.0125765615	0.1323189325	-0.0445539355	0.1386044847	0.0898496795	-0.0082480544934924	0.0055891141144428	3.123819658426374e-05	6.803040292762015e-05	0.0408929545342431	0.0372016730305092	0.0013839644762689	0.0016722337305396	-0.0532619192102004	0.0271049338505662	0.0007346774390435	0.0028368320379539	-1.6087152312653887e-05	-0.00046201710406	2.587964695305253e-10	2.1345980444403866e-07	-0.0004239969779846	-0.0001208943528128	1.4615444542025765e-08	1.7977343734007338e-07	-0.0004110035465516	4.892874438490002e-05	1.6892391527799324e-07	2.3940220270828852e-09	0.0	0.0	0.0	0.0	0.0	0.0	0.0	0.0	0.0
860.0541536200461	-2.366615836914093	5.600870519532593	739693.1471590939	998.7621000232616	0.9796171393007852	0.9596497396118542	997525.7324428756	823.4113976570451	-1.5856503780369169	2.514287121368617	678006.3297915284	845.4330932760912	762.3792918956873	1.020852	14.034431	0.0595109422758868	0.0312329676232183	-0.1457453535	0.158489573	0.1446530969	-0.0736768348	0.0693245185	-0.0406648026	0.0826027406	0.1647134258	0.0980183302	-0.070089876	0.0377254686	-0.0606494354	0.0030913342	-0.0795564499	-0.0184854378	-0.0495646039	-0.0390769839	0.0590130642	0.1113370906	-0.0358623082	0.1610243438	-0.0332462488	0.0749941118	-0.050388373	-0.0699700946	0.1349478945	0.1208449802	0.1013989496	0.1019883032	0.0441232923	0.0688765332	0.2069073989	-0.0753236739	0.2895739939	-0.0009402914	-0.0487991031	0.0140519019	-0.0004495615	-0.1570346894	0.1353898234	0.120887658	-0.019964966	0.0038128893	0.0688078272	-0.1011060683	0.193788661	0.0272895153	-0.0128205979	-0.0565289436	-0.0440788366	-0.1377887974	-0.1137791692	0.0276651699	-0.0044916424	-0.1225822142	-0.0738070396	0.1405591705	-0.1521749546	0.146170434	-0.0256539385	0.137744481	0.0290154429	-0.1470297835	0.0049355755	-0.0160042557	0.0629759965	0.0534401341	-0.0030985455	0.0779373183	-0.0335996837	0.0885888206	0.1493750889	0.0237099755	0.003298305	0.0638217547	0.1357462967	0.0798077096	-0.0082729207143614	-2.4866220869000297e-05	6.183289403059059e-10	6.844121714610992e-05	0.0530410723882965	0.0121481178540533	0.0001475767673959	0.0028133553601005	-0.0373739299426887	0.0158879892675117	0.0002524282029645	0.001396810639361	0.0004919372821636	0.0005080244344762	2.420022895825094e-07	2.580888260249176e-07	-0.0003031006405063	0.0001208963374782	1.4615924415666998e-08	9.186999827532932e-08	-0.0004109249398371	7.860671450001877e-08	1.6885930618012424e-07	6.179015564487462e-15	0.0	0.0	0.0	0.0	0.0	0.0	0.0	0.0	0.0
856.7331330639925	-3.321020556053668	11.029177533731014	733991.6612896445	996.3893923779924	-2.3727076452692017	5.62974156991892	992791.821243385	822.4365766051667	-0.9748210518783936	0.9502760831852975	676401.9225380262	844.6152709529763	756.595743415061	1.065255	14.644872	0.0658068217020253	0.0358043144069813	-0.0443692914	0.2006218007	0.1164246118	-0.0273322994	-0.0029118657	-0.1119959171	0.0230478267	0.1243313787	0.1547422357	-0.0315191601	0.1015434767	-0.123231373	0.0568443404	-0.0535755449	-0.0685148996	-0.10944105	-0.0787027958	0.0503868402	0.1788150317	-0.136181681	0.1639284963	0.0289555881	0.043090716	0.1134970599	-0.0605472565	0.0821425144	0.0154991325	-0.2054533665	-0.0498620915	0.0226332747	-0.043715669	-0.1038984918	-0.2097092964	0.0360600295	-0.0417421118	-0.0285367938	0.0030659264	-0.0278716096	-0.1773769247	0.2155661071	0.1283035614	-0.0384604959	0.036806848	0.0096136348	-0.1694057192	0.0214738773	0.0578512574	-0.1022092727	0.0486160759	0.1527900903	0.2064275207	-0.0017678717	0.0713426978	0.0494007036	-0.1293475013	-0.1227576453	0.1189390702	-0.1615952052	0.1212614992	-0.0728617509	0.0813943388	0.0280138036	-0.0390214137	-0.1096726303	0.0549366778	0.0368778571	0.0674045561	0.0363676233	0.0505607504	0.0813334353	0.0552457362	-0.0486586898	-0.0189880365	0.1182682846	0.1832221774	0.1326888823	0.0692973963	-0.0084975992020162	-0.0002246784876548	5.048042281484854e-08	7.220919219810636e-05	0.0322801669044849	-0.0207609054838115	0.0004310151965077	0.0010420091753814	-0.0405431881591056	-0.0031692582164168	1.0044197642326027e-05	0.0016437501061046	-1.612999195104174e-05	-0.0005080672741146	2.601766403406713e-10	2.581323550262825e-07	-0.0004199949622525	-0.0001168943217461	1.3664282456504122e-08	1.763957683174789e-07	-0.0006190029342591	-0.000208077994422	3.831646326213757e-07	4.3296451762681874e-08	0.0	0.0	0.0	0.0	0.0	0.0	0.0	0.0	0.0
856.6967606337284	-0.0363724302640093	0.0013229536833102	733929.3396803238	994.846551592258	-1.54284078573437	2.3803576901254484	989719.6612150072	824.7959855595955	2.3594089544287726	5.566810614238674	680288.4177952245	846.307004919606	744.586360680349	1.153742	15.861365	0.1316403022160294	0.0648766020371841	0.0473677936	0.0419564993	0.1367420417	0.1125751919	-0.0804598013	-0.1545178983	-0.0570659696	0.0011095966	0.0817154541	-0.0905344754	0.0808228477	-0.114825423	-0.0565571724	-0.1346057715	0.0230909957	-0.0993010428	0.1240760842	0.1018970138	0.0630129872	-0.0693831785	-0.0101566542	-0.0456282386	-0.1335579599	0.1409431193	0.2804172849	-0.0511208297	0.0149807726	0.0499602982	0.1300443512	-0.0389069016	-0.1712043855	0.0568149655	-0.0114573627	0.0714658428	0.0164624592	-0.0324692768	-0.1175861718	0.0668029371	-0.0837471353	0.0620421135	0.0580694094	-0.002123697	0.0300475256	-0.1538961161	0.1114992135	0.0898092738	-0.1386026632	-0.4109288026	-0.0542242079	-0.030040109	0.0118964178	-0.0329382337	0.1053605595	0.0469631336	0.0080791435	-0.177211543	-0.0723681656	-0.0938672311	0.1643540409	-0.1335265039	0.0098911896	0.0178156583	-0.0433724208	-0.0459637204	0.0801031091	-0.1977708423	0.073346263	-0.0550884208	-0.0981521557	0.1002454267	-0.0898818368	-0.1331533861	0.0686647838	0.0292597313	0.1466871207	0.1294367287	0.0583804184	-0.0083099007252229	0.0001876984767933	3.523071819052537e-08	6.905445006306007e-05	0.075840421865962	0.0435602549614771	0.0018974958123088	0.005751769588807	-0.0238987230732732	0.0166444650858323	0.0002770382179934	0.000571148964533	-0.0005839887556706	-0.0005678587637195	3.4104286674969574e-07	3.224635755331051e-07	8.2077055180374e-05	0.0005020720174328	2.520763106891162e-07	6.736642987082159e-09	-0.000263976041573	0.0003550268926861	6.968335052455022e-08	1.2604409453034756e-07	0.0	0.0	0.0	0.0	0.0	0.0	0.0	0.0	0.0
856.9946819532232	0.297921319494776	0.0887571126095084	734439.8848961062	996.5794720956696	1.7329205034116058	3.003013471144333	993170.6442024836	825.2946879207036	0.498702361108144	0.2487040449748377	681111.3219101316	846.4263981410435	748.3949214696502	1.122502	15.431885	0.0820711342334651	0.0634021193912336	0.0930531452	-0.0273285262	0.0119834894	0.0135403958	-0.1658140455	-0.0907064315	-0.0925305586	-0.0351337366	0.0506072197	-0.051037768	-0.063552018	-0.057631244	-0.0230902683	-0.1398749167	0.0240338116	0.0545042494	0.0532867642	0.1084110171	-0.0388539963	0.0952909056	0.0112569541	-0.3230513321	0.0172298738	-0.0492217396	0.0821474573	0.0710838953	0.0558746933	0.0908174656	-0.2729469946	-0.0704081843	-0.1501031626	-0.0740748686	-0.0715209291	0.0545183654	-0.0071147977	-0.078272306	-0.0846664303	0.0843067872	0.0721536215	-0.0582787557	0.0751497768	0.2423922137	-0.0869305497	0.1104630052	0.1041805204	0.0003748603	0.0897538117	-0.1408310122	-0.0096853386	-0.0467986576	-0.0498425804	-0.0425911322	0.1736548921	0.0440759882	-0.0609444166	-0.0734197327	-0.1991053123	-0.0976969869	-0.0140130539	0.013260815	0.0109586057	0.1484096526	-0.1051675241	0.084879132	0.1854943172	-0.0485904235	-0.0708602088	-0.0139768243	-0.0692720132	0.100147374	0.0658876685	-0.0400170169	0.152325506	0.0788273352	0.0809862254	0.1259946088	0.0471208409	-0.0083252830178963	-1.5382292673400688e-05	2.366149278901565e-10	6.931033732807252e-05	0.0152013527894041	-0.0606390690765579	0.0036770966984715	0.0002310811266279	-0.0239141683587007	-1.5445285427500427e-05	2.38556841936957e-10	0.0005718874482882	-0.0005834253494655	5.63406205100021e-07	3.403851383989408e-07	3.174265519452069e-13	0.0003626199984052	0.0002805429432248	7.870434299324793e-08	1.3149326324338724e-07	-0.0004108944437192	-0.0001469184021461	1.688342438793108e-07	2.1585016889192536e-08	0.0	0.0	0.0	0.0	0.0	0.0	0.0	0.0	0.0
856.0556293031386	-0.9390526500845908	0.8818198796308929	732831.2404615927	996.139398009992	-0.4400740856776792	0.1936652008850453	992293.7002677092	823.2873492092097	-2.007338711493958	4.029408702662223	677802.0593679271	844.7490589135857	741.5716129137654	1.214692	16.699297	0.0699726959700151	0.0404917660603506	0.1326501979	-0.0300367681	0.1643297401	-0.0849825583	-0.1607528333	0.0968215931	-0.1270346129	0.0147955675	-0.1858944936	-0.0199969827	0.0851015198	-0.0077735903	-0.0017038178	-0.1835603777	-0.1325660112	0.014316352	-0.0996296407	0.0155050376	0.0143889469	0.0378033182	-0.1126222204	-0.1969277492	-0.1244855315	-0.0744790874	0.149877582	-0.0490657199	0.0134469462	0.0090134649	-0.0650878962	0.0447161068	0.1370894266	-0.1913298907	-0.0963070214	-0.0171889363	-0.1652396314	-0.0520470887	0.0115293658	-0.0964854643	-0.0227378543	-0.0480288835	-0.0361197291	0.1544249905	-0.0809404631	-0.0568242383	0.1707959016	0.0583894577	0.1308423493	-0.128249954	-0.1235112144	-0.0200312898	0.0719940669	0.1419890559	0.1713812718	0.0470542342	-0.0723932537	0.1119866635	-0.1087939033	-0.0162638933	0.1689336817	-0.0668777731	-0.0514078937	0.2578553762	-0.0881543336	-0.0081989484	-0.0983325093	-0.0823600715	-0.1297810392	-0.0684155156	0.032815355	-0.0056108384	-0.0807455056	0.1035455106	0.1904701312	0.0114157198	0.1620285979	0.1223675745	0.0355847396	-0.0082918583159852	3.3424701911099336e-05	1.1172106978458475e-09	6.875491433237293e-05	-0.0034889335789074	-0.0186902863683115	0.0003493268045294	1.21726575180276e-05	-0.0078776152637658	0.0160365530949349	0.0002571710351666	6.205682224391592e-05	8.406719265445265e-05	0.0006674925421199	7.067292880800857e-09	4.455462937857568e-07	0.0003259827598074	-3.66372385978e-05	1.342287252072126e-09	1.0626475969164905e-07	-0.0004110132990986	-1.188553794000298e-07	1.6893193203591521e-07	1.4126601212325027e-14	0.0	0.0	0.0	0.0	0.0	0.0	0.0	0.0	0.0
856.3452807190093	0.2896514158707077	0.0838979427159056	733327.2398097189	996.8195137384112	0.6801157284191959	0.4625574040431734	993649.1429696823	822.7700757630968	-0.5172734461128812	0.2675718180534958	676950.597571212	844.731891697954	744.6180235861201	1.239063	17.034348	0.1835759134496109	0.1005663789883896	0.1391989733	-0.1123614243	0.0447291276	-0.1339645167	-0.0460278965	-0.0777147041	-0.1677144739	-0.0034909072	-0.0340720732	0.0217645394	0.0016439792	0.0314405009	-0.1189697633	-0.1275262877	-0.1072014799	-0.0700902396	0.0157902965	0.0361221302	-0.0437961946	-0.0883286129	-0.1578251602	-0.1142824577	0.0424123181	-0.1234217935	-0.1169124459	-0.0321531866	-0.0924702641	-0.0231506992	-0.0961039711	0.0036491228	-0.0900905839	0.1339032659	-0.1977857467	0.0418940657	-0.150289986	-0.0293816091	-0.1006711526	-0.005773414	0.06448365	0.056984957	-0.2017812668	0.0191682561	-0.0114591604	0.0294452079	0.0279545486	0.1570782328	0.123250819	0.0809907049	0.0581489248	-0.0268711703	0.0833608243	0.0927860177	-0.0074073607	-0.1149490135	0.2347321573	0.0571343549	0.0144132637	0.0525279319	0.0731171692	0.1168104231	0.0107409558	0.2349506331	-0.1097291376	0.1758203522	-0.0452421287	-0.0137680241	-0.0526223469	-0.030508473	-0.099711877	-0.0704419786	-0.015932608	0.3246762836	-0.0742055446	-0.0779155958	0.2093950659	0.1185609488	0.023839813	-0.0082982637071751	-6.405391189899176e-06	4.1029036295637975e-11	6.886118055381943e-05	0.0702424040629523	0.0737313376418597	0.0054363101504579	0.004933995328543	-0.0241288707784548	-0.016251255514689	0.0002641033058037	0.0005822024050433	0.0012004563302724	0.0011163891376179	1.4410954008910777e-06	1.2463247065913445e-06	-0.0003031708911773	-0.0006291536509847	3.958343165473777e-07	9.191258925723828e-08	-0.0002848177896638	0.0001261955094348	8.112117330897261e-08	1.59253066015087e-08	0.0	0.0	0.0	0.0	0.0	0.0	0.0	0.0	0.0
857.4393592886463	1.094078569636963	1.197007916538863	735202.2548573243	997.2880505082944	0.4685367698832579	0.2195267047326369	994583.4556866344	825.2374136729351	2.4673379098383066	6.087756361325264	681016.788925595	846.886023528909	750.5523129152448	1.393167	19.152922	0.05668121803493	0.033100423210622	0.0911517909	0.0413238788	-0.1433815276	0.1944155797	-0.0148106628	-0.1642736528	-0.0898183878	-0.1146537771	0.0605631411	0.0358158817	-0.1015979599	0.0831333271	0.0332305107	0.1408004291	0.0217080244	0.1152556299	-0.0573094208	-0.007906651	-0.1084955889	0.0342867239	-0.0014811289	0.1749810694	0.153097644	0.1356308339	0.0025141943	-0.1714865503	-0.2156145096	0.142511431	-0.1459274337	-0.1166408292	0.2654785011	-0.0097130689	0.0341729717	0.0120484005	0.0137318428	-0.0078840474	0.0660743512	0.0202636141	0.1619098275	-0.1021539193	-0.0163409028	-0.0537108146	0.2710578731	0.0335600204	-0.0563336735	-0.0447413871	-0.1489508398	0.0283255791	0.3003976172	-0.082573638	-0.0177082944	0.0377323946	0.0044098827	-0.0171539015	0.1335578737	-0.0662813873	0.1290768679	0.1673324704	-0.0852378429	0.0919444181	0.0874862212	-0.0396159945	-0.0964410059	-0.1533839344	0.1929801389	-0.1876940454	0.0308980681	-0.0227062716	-0.0351840971	0.0411608237	0.0721027295	-0.0082505356	-0.0702173119	0.1411611032	-0.104751382	0.1145803187	0.0119549848	-0.0083332278366725	-3.4964129497400825e-05	1.2224903515110142e-09	6.944268617789345e-05	0.0658217050969938	-0.0044206989659585	1.9542579347626625e-05	0.0043324968618756	-0.0240801405900157	4.873018843910143e-05	2.374631265310334e-09	0.0005798531708349	0.000726009912723	-0.0004744464175494	5.270903933720581e-07	2.250994031254596e-07	-0.0001489526116411	0.0001542182795361	2.378327774310552e-08	2.218688051470436e-08	0.0001300540082713	0.000414871797935	1.6914045067431373e-08	1.7211860872190245e-07	0.0	0.0	0.0	0.0	0.0	0.0	0.0	0.0	0.0
857.4687724970553	0.0294132084089824	0.0008651368289102	735252.6958076068	996.5460620929244	-0.7419884153699741	0.5505468085432451	993104.0538729148	824.814423891065	-0.4229897818701147	0.1789203555665272	680318.8338587494	845.3987842601734	748.1705797786315	1.306801	17.96559	0.1218793578156616	0.0602794591317105	0.1032584633	-0.1260817304	-0.0476397283	-0.1533313329	0.1522109779	-0.0333448998	0.0192772791	-0.1655396441	0.0420088852	0.160346601	-0.0230421113	0.1419336188	0.0216388228	0.1815287148	-0.0132787927	0.1285663865	0.085941702	-0.1888250395	-0.0542195834	0.0522617147	0.0062011525	-0.0695319906	0.0416448846	-0.1565539511	0.003725856	-0.2286156858	0.0001671779	-0.0031662677	0.0543043092	-0.1099508375	0.2970771263	0.1068027742	-0.0122445004	0.0314984164	0.0073722325	0.2010749046	0.1176607146	0.0935944136	0.0556888584	-0.0948528347	-0.061230908	0.0795391938	0.1305126999	-0.0463895879	0.2262148602	-0.04993103	0.0638099264	0.2248451903	-0.0486247176	-0.0398537308	-0.0591152838	0.0097354042	0.1153191715	-0.0853330648	0.0592203853	0.1324686005	0.0771060862	0.0592088268	0.0293120475	0.1224978388	0.077364514	-0.0011651341	0.0841666316	0.1441956691	0.1231505246	-0.1512334196	-0.2861040326	-0.0563741536	0.0325884409	-0.162173107	-0.0583647439	0.0764225496	0.1598161676	0.1590399673	-0.0609266437	0.1104315261	-0.0	-0.0082589737858427	7.425405082980147e-05	5.513664064634739e-09	6.82106479952369e-05	0.0266987338657855	-0.0391229712312082	0.0015306068779579	0.000712822390036	-0.0041983173254322	0.0198818232645835	0.0003952868963241	1.7625868365024182e-05	0.0001130155070701	-0.0006129944056529	1.2772504838311822e-08	3.7576214136175227e-07	0.0002249922742543	0.0003739448858954	1.3983477768732374e-07	5.0621523474122144e-08	-0.0001390128855612	-0.0002690668938325	1.9324582352051283e-08	7.239699335666982e-08	0.0	0.0	0.0	0.0	0.0	0.0	0.0	0.0	0.0
857.6072851067298	0.1385126096745352	0.0191857430388501	735490.2554681358	994.091406171414	-2.454655921510493	6.02533569300653	988217.7238238592	823.3089582218082	-1.5054656692567503	2.266426881310676	677837.6406882792	843.8635446976642	751.2574668627107	1.220183	16.774778	0.0978871640136795	0.0475877585196821	0.0882564395	-0.0475830293	-0.1006894905	-0.0946512118	-0.0081792851	-0.0788768983	-0.0750105926	-0.1558620632	-0.0165254166	0.1636630439	-0.0180351894	0.1614929184	0.0442920043	0.1712832868	-0.1545604841	0.070151015	0.0677256922	-0.2015593946	-0.0132093654	0.0807545747	-0.071664437	0.038622755	0.0374168507	0.0585435792	0.1036474904	0.0245479941	0.1000439407	-0.1450102181	0.1560540332	0.1869500066	-0.1790894391	0.0555388993	0.1601848871	-0.0025985541	-0.141479908	0.1746069286	0.0617709714	0.0523269548	0.0605269024	-0.0796714415	-0.1086327228	0.0652162642	0.0849255309	-0.0990035927	-0.1328900559	-0.0743516471	-0.1691895275	0.0941811438	-0.0874836259	0.138893918	-0.0138626724	0.1248131626	0.0247413029	0.0655927919	0.1108349898	0.1892136943	0.049267611	-0.0525864471	0.0006306622	0.0675240839	0.1689693884	-0.0831010288	0.034158916	-0.0757756658	0.139019918	-0.243956534	0.0726594701	-0.1081305643	0.0531933573	-0.0119908835	0.1094780259	-0.0002490443	0.0181429026	-0.1753794872	0.1432137556	0.10612066	-0.0119549848	-0.0082834570011698	-2.448321532710039e-05	5.994278327531635e-10	6.861565989022897e-05	-0.0028377817824747	-0.0295365156482602	0.0008724057566399	8.053005444945287e-06	-0.0240785790264794	-0.0198802617010472	0.0003952248053021	0.0005797779679344	0.0003249442985232	0.0002119287914531	1.0558879714273453e-07	4.491381264677156e-08	-0.0003030593055981	-0.0005280515798524	2.788384709846156e-07	9.184494270960257e-08	-0.0003679505832366	-0.0002289376976754	1.353876317041541e-07	5.241246941691285e-08	0.0	0.0	0.0	0.0	0.0	0.0	0.0	0.0	0.0
858.2051290149776	0.5978439082477962	0.3574173386289994	736516.0434676143	993.1095433050982	-0.9818628663157368	0.9640546882497548	986266.5650036609	823.5107566802441	0.20179845843586	0.0407226178270895	678169.9663680681	843.6719946748982	749.4105586546382	1.008882	13.869864	0.1297063835232544	0.0903435760387841	0.0731461299	-0.0908243782	-0.126389655	-0.0855765803	-0.0151529109	0.1102416621	-0.0482625219	-0.1424883692	-0.1458985586	0.1393363147	0.0229239647	0.0725373449	0.0285175261	0.1990353744	-0.129452788	0.0456047668	-0.0637441066	-0.1442661765	-0.035811817	0.0960516374	-0.083334577	-0.122063748	-0.0067734575	0.116344216	-0.0782579516	-0.0826120132	0.1508644287	0.1171707602	0.0132025838	0.1299893123	-0.2388734531	0.0348343713	0.0744505569	-0.1204178362	-0.1326676333	0.1444468857	0.1103208998	-0.0950617784	0.0908721188	-0.1084870959	-0.0782375995	0.1073949173	0.0532568991	-0.1482918945	-0.0710180216	-0.0146660384	-0.0330941822	0.0644153274	0.0266431164	0.0895967372	-0.1190447298	0.0812686287	-0.0143965142	0.0496734504	0.1745684716	0.1786517134	0.1057698637	-0.0117287466	0.068629837	-0.027454963	0.0067654302	-0.1252207482	-0.0340245763	-0.0771825329	0.1032604576	-0.0994549054	-0.0625451155	-0.0281463704	-0.0255736822	0.1092266229	-0.0658158901	-0.025995474	0.1605406158	0.0434940502	-0.0311921671	0.1016540472	-0.023839813	-0.0082826830656728	7.739354970000972e-07	5.989761535167875e-13	6.860283876638296e-05	0.0770874512212174	0.0799252330036921	0.0063880428706944	0.0059424751357835	-0.024043052582499	3.5526443980402056e-05	1.2621282218926455e-09	0.0005780683774848	-0.0001719802549944	-0.0004969245535176	2.9577208107938842e-08	2.469340118886661e-07	-0.000303011477917	4.782768110001652e-08	2.2874870794048768e-15	9.181595574944456e-08	0.0001299740383664	0.000497924621603	1.6893250649270423e-08	2.479289287984908e-07	0.0	0.0	0.0	0.0	0.0	0.0	0.0	0.0	0.0
859.3035801102898	1.0984510953121571	1.2065948087924776	738402.6427903612	997.311416691465	4.201873386366742	17.65573995505711	994630.0618631368	825.4975296910776	1.9867730108335309	3.947266996576533	681446.1715260715	845.8055245056631	750.2644760107344	1.354604	18.622765	0.089124021895777	0.0517692305938283	-0.0150911808	-0.06707382	-0.0030126445	-0.1256995889	0.1596207198	0.1015698477	0.0813017609	-0.1007141888	-0.0709440348	0.0728211703	-0.0060674531	-0.0687801784	-0.0109768961	0.1818254054	0.0952381814	0.0176431644	-0.0761138675	-0.1488959801	0.1806073254	-0.0177932443	-0.1110026595	-0.1907368205	0.144625801	0.1700084009	-0.0412445569	-0.1793097521	0.0491098266	0.1157185378	0.1017244241	0.0464251181	0.1364837355	0.1704128316	-0.1637234483	-0.139457086	0.1093819172	0.068331723	0.0991809088	-0.1157424874	-0.0441721755	0.0638071269	-0.1506323076	0.2558173732	0.1852517949	-0.1609333024	-0.1542229296	-0.0284744102	0.1024007931	0.0768198363	-0.072654938	-0.0665590311	-0.0218801773	-0.0585295222	0.0068547727	0.0440269787	0.1029658535	0.1158807144	0.0812323072	0.0596730345	0.1001741312	-0.1158011605	-0.0013214208	0.0874065886	0.1725773793	-0.1698202096	-0.0877417667	0.0227317936	-0.3455265638	-0.1513213649	0.2578166401	-0.2351109075	0.1955693705	-0.0067010605	-0.0930435651	0.047500267	-0.0169975372	0.0970382431	-0.0355847396	-0.0082754137016252	7.269364047600077e-06	5.284365365654058e-11	6.848247193304608e-05	0.0378386757415398	-0.0392487754796776	0.0015404663766541	0.0014317653818733	-0.0459149191726311	-0.0218718665901321	0.0004783785481365	0.0021081798026292	3.596636689909555e-05	0.0002079466218934	1.293579547920356e-09	4.32417975569164e-08	-0.0003030041905283	7.287388699970566e-09	5.31060340644587e-17	9.181153947771033e-08	-0.0002219942615898	-0.0003519682999562	4.928145217880056e-08	1.2388168417405758e-07	0.0	0.0	0.0	0.0	0.0	0.0	0.0	0.0	0.0
861.2358882845368	1.932308174247055	3.7338148802619866	741727.2552692551	996.7937739949368	-0.517642696528128	0.2679539612689116	993597.8278750692	827.3170459183133	1.819516227235681	3.3106393011739668	684453.4944670044	848.2025267452797	756.4622105557119	1.298123	17.846283	0.1783411146930747	0.0930444315757732	-0.1095990486	-0.1352791961	0.0613030454	0.1085813242	0.0809925997	-0.117777777	0.1313785519	-0.109134245	-0.0638577853	-0.1573282729	0.0370205502	0.017088656	-0.0659946774	-0.0983593162	0.1903993088	-0.1145802807	0.0897244048	0.0387364131	0.0578669858	0.0267776505	-0.1642375044	0.0330263955	0.0678598248	0.1632742195	0.1558443717	-0.0297162076	0.1154413482	-0.0122744137	0.0875175384	0.1193074837	0.1150747835	-0.1765369071	-0.0086746967	0.0177211258	0.1778654727	-0.0335162751	-0.1324871409	-0.0616234425	-0.070274399	-0.0952951759	-0.1316878526	-0.00998357	0.1555439415	-0.1031538691	-0.1202137008	-0.1254893969	-0.0604375968	-0.2003961983	-0.0916097052	-0.1240022731	-0.0303935909	-0.1621374467	-0.0547965331	-0.0777378528	0.0903123494	-0.0191962128	-0.0551452834	0.0809979831	0.0975823347	-0.2350138911	-0.185518238	-0.0285474077	-0.0368537758	-0.1310397964	0.0958255956	0.0092133057	-0.0978116939	-0.046195039	0.0097700317	-0.045830915	-0.0192452417	-0.0448431747	-0.0345135074	-0.0855660093	0.0399716619	0.092280022	-0.0471208409	-0.0082486926776965	2.6721023928699683e-05	7.14013119798141e-10	6.804093089108385e-05	0.1070837806362021	0.0692451048946622	0.0047948845518727	0.0114669360753422	-0.0618314275508851	-0.015916508378254	0.000253335238955	0.0038231254329803	-0.0008780188912601	-0.0009139852581591	7.709171734096152e-07	8.353690521323313e-07	0.0002939428790624	0.0005969470695907	3.56345803892924e-07	8.640241615149272e-08	0.0001301290185849	0.0003521232801747	1.6933561477869248e-08	1.2399080444099025e-07	0.0	0.0	0.0	0.0	0.0	0.0	0.0	0.0	0.0
863.4993862485137	2.2634979639768744	5.123423032927456	745631.1900515598	998.814672707488	2.020898712551116	4.084031606390758	997630.7504157664	827.5185980001007	0.2015520817874403	0.040623241672851	684787.0300360523	848.3467441480987	767.9689007632039	1.117945	15.36924	0.1496234925478358	0.085135275647281	-0.1448220279	-0.2197994905	-0.0998742284	0.0600800528	-0.080852444	-0.1019941571	0.1125995202	-0.0947024027	0.1091931656	-0.1302329024	-0.0353586609	0.1402855835	-0.030958147	-0.0976997534	0.1942750086	-0.0366870712	0.1594399767	0.0493665007	-0.0679670911	0.0506161169	-0.0630996895	0.1142542745	-0.0413503169	0.0616902783	0.1525195231	0.0387655235	0.0529989615	-0.1975237445	0.0181862491	0.001482589	0.2181505029	-0.0150690259	-0.13327688	-0.0093242618	0.1860424688	0.0181937345	-0.1582875512	0.0902586602	0.0449951451	-0.1442058531	-0.0717235221	-0.1304091001	-0.0110603284	-0.0326407455	-0.0210665836	-0.0691990328	0.1299405043	-0.1307592461	-0.073285408	0.1361127357	-0.0986565701	-0.2212100457	-0.0479567162	-0.0424088352	0.0331824335	0.0042111586	-0.2141451696	0.0266949795	-0.065237808	-0.0322380648	-0.1570152342	0.0713544993	0.1248474265	-0.1443112853	0.0433656948	-0.0239122157	-0.1814441749	0.1494236372	0.1843106016	0.0242511885	0.2308738403	-0.0716381351	0.0904142849	-0.2614307857	0.0026563143	0.0873863672	-0.0583804184	0.0134607309488927	0.0217094236265892	0.0004712990741987	0.0001811912776784	0.0338214214509235	-0.0732623591852786	0.0053673732733927	0.0011438885489609	-0.0835708012539981	-0.0217393737031129	0.0004726003690036	0.0069840788222352	-0.0006409570696738	0.0002370618215862	4.108259651648245e-07	5.6198307253814726e-08	0.000294093086941	1.5020787859999817e-07	2.2562406793511792e-14	8.649074378648659e-08	-0.0002909056726073	-0.0004210346911922	8.46261103551056e-08	1.772702111873112e-07	0.0	0.0	0.0	0.0	0.0	0.0	0.0	0.0	0.0
862.8628350391691	-0.6365512093445886	0.4051974421180583	744532.2720918324	997.5291700240368	-1.2855026834511136	1.652517149160014	995064.4450488436	824.140247277683	-3.378350722417736	11.413253603660436	679207.1471829205	845.3700931375405	773.0515961256685	1.409506	19.377544	0.1415851236142442	0.0761815982538253	-0.1404751445	-0.0723854851	-0.071945401	-0.0313730481	-0.2315870473	0.1002922411	0.1321888166	-0.0226428913	-0.0947564237	-0.0335403123	0.1344211732	0.2191363587	0.1768568451	-0.0293686212	-0.0677792122	-0.0818535491	-0.0115104246	-0.0579367759	-0.1628303246	0.2449626343	-0.0557794171	0.1632385236	-0.0899766074	0.0148393317	-0.0182116176	-0.0361076534	0.2351157465	0.0202650143	-0.1121500417	-0.2860262369	0.0870150665	0.0546587471	-0.1321820452	0.0053749319	-0.0436254689	0.0976124155	-0.0552484922	-0.0980596762	0.0298604921	-0.2152698422	0.0960123994	-0.2406005039	-0.2150126501	0.0582190198	-0.1091448462	-0.1879703162	0.1065834221	-0.0673998819	0.0696772699	0.1036039473	-0.0517599683	0.0782063389	-0.1424749253	-0.0771465452	-0.2844326322	0.2524725086	-0.1054350069	-0.2154244249	-0.2309920741	-0.1369350409	-0.2223192279	-0.1349935945	-0.1668054343	-0.1102362899	0.3315412332	0.1409075739	-0.0364486258	0.055238191	-0.1542873027	-0.3001483555	-0.1279232435	0.1010063461	-0.1511119327	0.2302268741	0.1150684202	0.0823644609	-0.0692973963	0.0133216711308961	-0.0001390598179965	1.9337632981247428e-08	0.0001774669217197	-0.010974719909484	-0.0447961413604074	0.0020066942807816	0.0001204444770916	-0.079396196146348	0.00417460510765	1.742732780481826e-05	0.0063037559625093	0.0001828710238944	0.0008238280935682	3.3441811380186224e-08	6.78692727752215e-07	-0.0005605421604883	-0.0008546352474293	7.304014061485408e-07	3.14207513684891e-07	-0.0004619486781736	-0.0001710430055663	2.133965812663363e-07	2.9255709753153345e-08	0.0	0.0	0.0	0.0	0.0	0.0	0.0	0.0	0.0
860.9099051111349	-1.952929928034223	3.813935303811755	741165.8647184633	995.9531129501408	-1.5760570738959814	2.483955900177563	991922.603195076	824.5191869852177	0.3789397075347551	0.1435953019465257	679831.8897067645	846.0897118345348	768.2185776467117	1.490112	20.485704	0.1386756343997352	0.1050731143285637	-0.1126448776	0.0478141625	-0.1319354744	-0.1109586763	-0.1874152872	-0.1293424282	0.0361962625	0.0197851302	0.1203905169	0.0448470452	-0.0293810971	0.2141309682	0.2237316951	-0.196197511	-0.0546479405	0.0654805363	0.0437598464	0.067180727	-0.220749072	-0.0004289158	0.0609562545	0.1144604714	-0.3639231248	0.2609064678	-0.0606082883	-0.027697511	0.2784233525	0.1871893131	0.0256180902	-0.1948493741	-0.1336634836	0.0788636962	-0.0120993409	0.0630719279	-0.0350142035	0.0198832505	0.0218295422	0.1291196511	0.0760526206	-0.1202949007	0.1405021101	-0.2894933989	-0.1942517262	-0.3008278393	-0.0856958339	0.0251146122	0.142493024	-0.1048027193	0.1482030627	-0.0425942293	-0.1614201833	0.1186566215	-0.2611167034	0.0124373683	0.1399693943	-0.0370973427	-0.0679460777	-0.2983192504	-0.0137723564	0.0108006808	-0.0507914868	-0.3706451264	0.0412524232	0.2563002803	0.1287967577	0.1411754898	-0.2147186157	0.13313503	-0.0515811107	-0.0838188427	0.0482552466	-0.0449699536	-0.0728702036	-0.1718480358	0.0012640201	0.0772216734	-0.0798077096	-0.003637170908874	-0.0169588420397701	0.0002876023233298	1.322901222035932e-05	0.0914704144970954	0.1024451344065794	0.0104950055635821	0.0083668367282704	-0.0829098476753387	-0.0035136515289906	1.234574706717862e-05	0.0068740428415478	0.0004978704121932	0.0003149993882988	2.478749473374269e-07	9.92246146286182e-08	-0.0005606147801868	-7.261969850002986e-08	5.2736206102352365e-15	3.142889317638941e-07	-0.000461860557683	8.81204906000039e-08	2.133151747432518e-07	7.765220863585375e-15	0.0	0.0	0.0	0.0	0.0	0.0	0.0	0.0	0.0
858.976278690378	-1.933626420756923	3.738911135049229	737840.2473527698	1002.7520522743848	6.798939324243975	46.22557593475111	1005511.6783404906	827.4469051283444	2.92771814312664	8.571533525592901	684668.3808064753	850.0302091206262	759.59314313861	1.493095	20.526718	0.0738075008613482	0.0375782274474909	-0.0353102375	0.2427563249	-0.1171632528	0.1281425343	-0.0703716893	-0.0290958797	-0.0592476468	0.1784906884	-0.0516511301	0.0233120539	-0.0587078919	-0.0148490842	0.3051364249	0.0202244568	0.125187539	0.2146755205	-0.2360829281	0.1364024171	0.0948246402	-0.0233126856	-0.0561911973	-0.0076794678	0.0178535429	0.0686883884	0.1351347511	-0.0250857721	-0.1176524063	-0.1159612814	-0.0452960633	-0.0540232914	0.1200155242	0.027019137	-0.0546408381	0.0960011027	0.0891270939	-0.2895697957	0.234264183	0.0044659074	0.0262028232	-0.0521374538	-0.0036510327	0.0400492458	0.1063374612	-0.1611383933	-0.0380218342	0.0109002194	0.109551742	-0.0654656698	0.0184616181	0.1695423101	0.0081692651	0.0788454542	-0.1536469164	0.1590019346	0.0711822504	-0.1913799396	0.0283839	0.0773669928	0.0194641237	0.0354550884	0.1300935681	-0.0393464908	-0.0141977823	-0.0781929419	-0.0975874893	0.024814631	-0.3011795709	0.2388532109	-0.0714310281	0.1263497607	0.1314901583	-0.0142147895	-0.0987156956	-0.1383673139	0.0279277074	0.0719655524	-0.0898496795	-0.0034982341744864	0.0001389367343875	1.930341616229048e-08	1.2237642339544544e-05	0.0815382936812625	-0.0099321208158329	9.864702390030129e-05	0.0066484933364518	-0.0680426806931393	0.0148671669821993	0.0002210326540765	0.0046298063959085	-5.804325149126596e-05	-0.0005559136636844	3.369019043678348e-09	3.090400014710856e-07	-0.0003619929213349	0.0001986218588519	3.94506428137841e-08	1.3103887509657508e-07	-0.0002390105536408	0.0002228500040422	5.7126044751681746e-08	4.9662124301608565e-08	0.0	0.0	0.0	0.0	0.0	0.0	0.0	0.0	0.0
857.6415568878016	-1.3347218025763825	1.7814822902727472	735549.0401009322	1000.606352057068	-2.1457002173168576	4.60402942259361	1001213.0717769532	825.6333863298476	-1.8135187984968295	3.288850432501385	681670.4886224912	846.7126797087712	746.2298121383446	1.304002	17.927107	0.1410848468183418	0.0763062067507671	0.0355612101	0.1205172391	0.0093161243	-0.0115561358	0.0958134869	0.1284100104	-0.0265601771	0.1770777909	-0.0945000405	0.005008132	0.0955673874	-0.0489840677	-0.1023408092	0.0239919481	0.0339309886	-0.0139368332	-0.1040790288	0.0160063324	0.1465175697	-0.0742329424	-0.19311316	0.0274733382	0.063192798	-0.0075745448	0.0967686937	-0.0735883162	0.0263335686	0.0641193032	-0.1235210331	0.0276855273	-0.2013569551	-0.155658071	0.1056903703	-0.0866618522	0.0075195663	-0.1267130452	0.068946493	-0.1115911649	-0.1060687932	0.0720394657	-0.1860721441	0.0279187729	-0.0457351133	0.11868569	0.0498714587	-0.153260496	-0.0412728265	-0.130878072	0.0118998462	-0.0342729736	0.0786715518	0.0660117185	-0.0029725221	0.0106246965	-0.1151022428	-0.0144997986	0.0922223932	0.1921424399	0.0110995198	-0.0537452035	0.0176844377	0.0889901678	0.0799818645	0.0269951557	0.2013331744	0.0496484551	-0.1770579014	0.0198827566	-0.1548462744	0.0771790837	-0.0472381358	0.0269426429	-0.0289722046	0.0952250507	0.0859534826	0.066603812	-0.0993643757	0.0035597152231474	0.0070579493976338	4.981464969955933e-05	1.2671572469907344e-05	0.0334014043294388	-0.0481368893518237	0.0023171601164697	0.0011156538111786	-0.01339814071315	0.0546445399799893	0.0029860257496246	0.0001795101745693	-0.0002099902165379	-0.0001519469650466	4.409589104163413e-08	2.3087880186883033e-08	-0.0005600035460791	-0.0001980106247442	3.92082075115884e-08	3.136039716211667e-07	3.594121834626693e-05	0.000274951771987	1.2917711762140343e-09	7.559847691882806e-08	0.0	0.0	0.0	0.0	0.0	0.0	0.0	0.0	0.0
857.6640718435214	0.022514955719771	0.0005069232310632	735587.660131209	1000.676935940853	0.0705838837850478	0.0049820846501811	1001354.330123974	824.5003373910808	-1.1330489387667058	1.2837998976403582	679800.8063580062	846.1484443029766	749.3849212866917	1.118906	15.382456	0.0762336944768344	0.0501086668416377	0.0070708424	0.1826617871	-0.0084473298	-0.0506513406	0.1223380432	0.155166876	0.0081216284	0.2296288694	-0.0299422218	0.0399955753	0.0688344138	-0.0049747055	-0.1247434667	0.1621885065	-0.0199288117	-0.0275683329	-0.1542248133	-0.0631706488	0.039825304	-0.1669398549	-0.0147321732	0.1332774529	0.116044167	0.0964973933	-0.0003610106	0.123460135	0.2061248098	-0.0433946596	0.0398661148	-0.0912803817	-0.053222713	-0.1908811061	0.0794052766	-0.2371877277	-0.0104743308	-0.0796003645	0.1078976048	-0.0670316527	-0.0371855949	0.1825378501	-0.0538225639	-0.1575430811	-0.0533015687	0.0598794254	-0.1254419288	-0.266711558	-0.0410877469	0.0881436696	-0.1325033153	-0.1419961739	-0.1307776185	0.0217572469	0.1166323203	0.1220940412	-0.1106225265	-0.0213356268	0.1981193507	0.0348448805	0.0822283455	-0.1114925088	-0.141332086	0.036351931	0.1093497913	-0.1431984701	-0.0003787532	0.1227809432	-0.0367056622	0.107648749	-0.1801395193	0.0127686827	0.2134425854	-0.1316670338	0.046631557	0.0824983589	-0.2167073984	0.0611443214	-0.1082959623	-0.0016740585502219	-0.0052337737733693	2.739238791080832e-05	2.802472029571049e-06	0.0527445046571699	0.0193431003277311	0.0003741555302886	0.0027819827715302	-0.0133086486590343	8.949205411569981e-05	8.008827749847343e-09	0.0001771201291296	-0.0011020266804861	-0.0008920364639482	1.214462804503213e-06	7.957290530132084e-07	-0.0005599430742304	6.0471848700055e-08	3.656844485202343e-15	3.135362463785912e-07	-0.0001033084122892	-0.0001392496306354	1.0672628049715328e-08	1.9390459632113968e-08	0.0	0.0	0.0	0.0	0.0	0.0	0.0	0.0	0.0
857.5013142188494	-0.16275762467194	0.026490044388852	735308.5038870539	998.9145277293457	-1.7624082115073634	3.106082703988583	997830.2337087416	824.2991120171515	-0.2012253739293328	0.0404916511129998	679469.0260722645	845.8177186735384	748.3469891617042	1.291621	17.756893	0.054835757236592	0.042481205039448	0.0022388511	0.0353825033	0.0887779489	0.0579337659	0.1098454685	-0.078837006	-0.0049661057	0.0519449834	0.0990533055	-0.0926090578	0.173788971	0.0155936551	-0.1089720213	0.1227195908	-0.0458735609	-0.1744635582	0.0741220602	-0.0015357905	0.1095307495	-0.1045733446	0.1697300098	0.1601816288	-0.1565934583	-0.0031448578	0.2539079017	-0.0859532495	-0.15937542	0.0028560355	-0.0383284419	-0.0287070191	0.0196337024	0.0799679231	-0.0795046983	0.0192556195	-0.0312171464	0.0282327834	-0.1290830622	0.0108534664	-0.1422866308	0.1239495231	0.1176577555	-0.2049568756	0.0714812017	-0.12305375	0.1089947759	-0.0837154308	-0.1901854386	-0.0327820232	-0.111329638	0.1149071397	0.1201776487	-0.0677524023	0.1708966357	0.0451960165	-0.0865747217	-0.0997542913	-0.016132572	-0.0713981766	0.1614578696	-0.1207427553	-0.1296403328	-0.1680963437	0.2195492515	0.1478741167	0.0970465192	-0.0698544243	0.2126294553	0.0630993172	-0.1902825845	0.0503053433	-0.0439386225	-0.1389776859	0.0905499037	-0.1566964761	0.1412712864	0.055595093	-0.1165920251	-0.0043331538443283	-0.0026590952941064	7.070787783138802e-06	1.8776222238617128e-05	0.0527336632297732	-1.084142739669891e-05	1.1753654799789373e-10	0.0027808392376311	-0.013154981627224	0.0001536670318103	2.3613556665387946e-08	0.0001730535416126	-0.0019149918678198	-0.0008129651873336	3.667193853815966e-06	6.609123958165178e-07	-0.0006490336233531	-8.90905491227e-05	7.937125942984223e-09	4.212446442428536e-07	3.4878920919973974e-05	0.0001381873332091	1.216539124541798e-09	1.9095739059463275e-08	0.0	0.0	0.0	0.0	0.0	0.0	0.0	0.0	0.0
857.4209953546563	-0.0803188641931456	0.0064511199452769	735170.7632749695	992.972055852669	-5.942471876676677	35.31297200509323	985993.503704276	823.8538070533783	-0.4453049637731965	0.1982965107610478	678735.0953963451	844.550017160748	737.975689877285	1.537772	21.140919	0.1428046124734185	0.0939879719477924	0.0600528915	0.0279443357	0.1671058279	-0.0632539529	-0.1990218797	0.1135514654	-0.1332506443	-0.0524788467	0.0048148146	-0.0815376584	0.0734586472	-0.0391532966	0.1167779997	-0.0537020878	-0.0735271849	-0.0744092235	0.0327060662	0.1396852125	-0.0636418722	0.0675893149	0.1006376944	-0.1742006528	0.0820132308	0.1861159909	-0.2046057776	-0.0041893658	-0.1612737737	-0.0104343152	0.4503890128	-0.2476322779	0.0308875418	-0.1567608175	0.0360168561	0.0980611338	-0.1165257544	-0.0486339009	-0.1305897409	-0.000379427	0.0487060105	0.0030103085	0.1340799524	0.0753812977	-0.0359451013	0.0088145719	-0.2623833796	0.031646647	0.1404567738	-0.0012585224	0.0776521993	-0.3995345862	0.1537419352	0.0928785636	0.0280923616	-0.008073199	-0.0233839345	0.104814059	-0.1242032139	-0.0677302422	0.0911074079	0.0425698992	0.0524322199	0.1284097403	-0.3875038062	-0.2698782863	-0.2759839777	0.0172303177	-0.1237615	0.0103871235	-0.2318396346	-0.1550929913	-0.1926863861	-0.2319615519	-0.0192493331	-0.2583015891	-0.0377223682	0.0499642712	-0.1242038795	-0.0016002521374218	0.0027329017069065	7.468751739612462e-06	2.56080690332304e-06	0.0243990140077556	-0.0283346492220176	0.0008028523465347	0.0005953118845506	-0.0307442047544697	-0.0175892231272457	0.00030938077022	0.0009452061259847	-0.0002630514035736	0.0016519404642462	6.919604092204096e-08	2.728907297413951e-06	-0.0006199776192481	2.9056004104999937e-05	8.442513745497731e-10	3.843722483685421e-07	-0.0001670813790738	-0.0002019602999937	2.7916187233202848e-08	4.0787962773575175e-08	1.0	0.0	0.0	0.0	0.0	0.0	0.0	0.0	0.0
856.7583759998201	-0.6626193548361243	0.4390644094034416	734034.9148458492	997.006116613298	4.034060760629018	16.273646220446768	994021.1965643292	822.7106680177769	-1.1431390356013935	1.306766854715684	676852.8432702568	843.9907596414467	749.0826180949448	1.455193	20.005646	0.100466894887364	0.0557680116195592	0.1223874731	-0.113101801	0.0576737854	-0.3389881581	-0.1499871863	0.0683672635	-0.1394661869	-0.0256266681	-0.0192263158	0.070086028	-0.0083293379	0.1100549321	-0.0986706893	-0.1666224915	-0.2412976964	-0.0185079323	0.0695658638	-0.1991042827	-0.0345414992	-0.036275119	-0.2181116529	-0.0729137501	-0.1595074809	-0.0055096463	-0.1988209534	0.2339102375	-0.1482194919	-0.0259419989	-0.0671825843	0.1552978097	0.0934146388	-0.0371490748	-0.0752996273	0.1407980056	-0.2664205168	0.1312001295	-0.0266284632	0.0039914959	0.0605940524	0.0403335952	-0.2465163084	0.0484737572	-0.2949768808	-0.0559598269	-0.0128355544	0.1765050185	-0.0550631056	0.0794847771	0.1022302468	0.0374899344	0.0155744674	0.2059413782	-0.0698163635	-0.00210868	0.1551754683	0.254562124	0.0207408007	-0.0835711525	0.1150372553	0.0856866277	0.036229443	0.1710628017	0.0115349466	0.1811847421	0.0758261978	0.1735515349	0.0926605898	-0.058032919	-0.161598953	0.0406859738	0.1949532421	-0.1623667136	0.0593666918	0.0898151742	-0.1417831174	0.0442601199	-0.1310868562	-0.0069851222756796	-0.0053848701382577	2.899682640590057e-05	4.879193320619535e-05	0.0614375487738527	0.0370385347660971	0.0013718530576193	0.0037745723993395	-0.0307767269547838	-3.252220031410222e-05	1.0576935132705903e-09	0.0009472069220493	0.0005218685731902	0.0007849199767638	2.723468076835752e-07	6.160993699228845e-07	-0.0008530810567295	-0.0002331034374813	5.4337212565644956e-08	7.277472893507204e-07	-0.0003092773204825	-0.0001421959414087	9.565246096483502e-08	2.0219685753106454e-08	0.0	0.0	0.0	0.0	0.0	0.0	0.0	0.0	0.0
858.167899740195	1.4095237403748797	1.9867571746803916	736452.1441444975	997.4905347701306	0.4844181568325894	0.2346609506690831	994987.366956001	827.1338849630575	4.423216945280615	19.56484814501757	684150.4636540805	848.0909767330535	745.2819501653338	1.679931	23.095282	0.1777012981769704	0.1072429662965937	0.0491772075	-0.1403842835	-0.0631063803	0.0013889503	0.1940410829	-0.1960308507	-0.0344141184	-0.0580353949	0.1835737576	0.0042837049	-0.1878983659	-0.0227235115	-0.0747763663	0.0312327023	0.1068443693	0.0420491884	0.1553223121	-0.0426226428	-0.0424410717	-0.2546491736	-0.1023069218	-0.0302911224	-0.0650537236	-0.0001761579	-0.0653423019	-0.0702562957	-0.2373256097	0.202898683	-0.0567131057	0.2306326238	0.0618856719	0.0010885743	0.1070521161	-0.0646316067	0.0992268	0.0142145997	-0.0669868436	0.1659565647	0.064717778	0.1375344335	-0.1887947211	-0.0118929922	0.1100824698	-0.1289410234	0.0762136983	0.1666335674	-0.1289108495	0.1070930539	-0.0070211578	-0.0724868028	0.0338271373	-0.1246580968	-0.0058282982	-0.0757654259	0.2674065606	-0.0987099731	0.0444892365	0.0081584163	0.0728422656	0.0128319692	-0.0485380552	0.0694243533	0.1340021325	-0.0146929413	-0.0069102377	0.0398773578	0.1482247745	-0.2496550827	-0.1165504476	-0.0768886677	0.1098226933	-0.2012593219	-0.034724093	0.2382997181	0.0144043649	0.0384910108	-0.1372005631	-0.0109498802652296	-0.00396475798955	1.5719305915700567e-05	0.0001198998778228	0.1210332381348138	0.0595956893609611	0.0035516461904081	0.0146490447333985	-0.0422242960305681	-0.0114475690757842	0.0001310468377448	0.001782891175277	-0.00121061047575	-0.0017324790489401	1.4655777239956412e-06	3.00148365501674e-06	-0.0005922760435665	0.000260805013163	6.80192548909526e-08	3.507909117827866e-07	-0.0003698588933928	-6.0581572910299965e-05	1.367956010217466e-07	3.6701269762859907e-09	0.0	1.0	0.0	0.0	0.0	0.0	0.0	0.0	0.0
861.3299197206927	3.162019980497689	9.998370357066609	741889.230606055	997.0406404421564	-0.4498943279742207	0.2024049063433756	994090.0386933052	827.9300968579068	0.7962118948493071	0.6339533814995241	685468.245283143	848.627645998585	745.6628544349732	1.32522	18.218805	0.0877060846606242	0.067152199475637	-0.042819385	-0.1880516781	0.0766862512	0.1998858294	0.1323986514	-0.0226865151	0.0503276206	-0.1879640474	0.0369678686	-0.2120756798	-0.1672303718	0.0102807129	-0.0994709256	-0.0389237712	0.2327067384	-0.1570402737	0.1939930964	0.0212512161	-0.0096026779	0.0191364951	0.0650992465	-0.1369676053	0.0465705798	0.0085383523	0.0500409488	-0.0046258548	-0.0346366364	-0.1322066868	0.0413035724	-0.0100133319	-0.0360893776	0.0603131304	0.2170605827	-0.1075031208	0.2227454209	0.0154857438	-0.2596466776	0.0175499776	0.0432899038	0.0140704232	0.0096159329	0.10233103	0.0561247733	0.0053042186	-0.0755119205	-0.1043924518	-0.1386622914	0.0510957571	-0.2325474471	-0.0869710502	0.041926909	-0.2314179699	0.0584952094	-0.104883166	0.0161243422	0.0016772198	-0.1792826738	0.059831915	-0.0453787374	-0.0601349114	0.0192887162	0.0767542561	0.0039050287	-0.0527751088	-0.0106635618	-0.0153693923	0.0623524636	-0.1472971551	-0.1975856136	-0.040633773	0.0734011883	0.0813400789	0.0497896842	-0.0671553825	-0.0851767473	0.0326654109	-0.1425091225	-0.0017979464134469	0.0091519338517827	8.375789322740615e-05	3.2326113056265706e-06	0.0558690742832794	-0.0651641638515344	0.0042463682504696	0.0031213534612705	-0.028834309073261	0.013389986957307	0.0001792917507168	0.0008314173797323	-0.00121061047575	0.0	1.4655777239956412e-06	0.0	-0.0005922760435665	0.0	0.0	3.507909117827866e-07	-0.0003698588933928	0.0	1.367956010217466e-07	0.0	0.0	0.0	0.0	0.0	0.0	0.0	0.0	0.0	0.0
864.5653980400543	3.2354783193616186	10.468319955059084	747473.3274881575	1001.67371116278	4.633070720623664	21.46534430230028	1003350.2236346164	828.4472167637488	0.5171199058419234	0.2674129970179597	686324.7909636018	848.7722379723374	764.4881184487626	1.186012	16.305012	0.054286627440194	0.0316058179673753	-0.1351817312	-0.2154773459	-0.0093939695	0.1520983626	-0.1196217929	0.0369845592	0.1444855506	-0.1193125226	-0.0335672062	-0.1392049433	-0.1500514159	-0.0363158154	-0.0276018803	-0.0841299534	0.2145551129	-0.0749747106	0.1160920316	0.0077362675	-0.0552690505	0.2853263873	0.1230469409	-0.1336580547	0.0246103973	-0.0730702491	-0.0006815855	0.1713333138	-0.0109382459	-0.0296466548	-0.1602489346	0.1060978334	-0.107057517	-0.1347434379	-0.0946794237	0.1163354607	0.2065081208	0.0616133286	-0.1652559441	-0.0443489427	0.0422223375	-0.14291738	0.1161666838	0.1027257084	-0.1600878003	0.2060766185	0.0029702966	0.0451745218	-0.0734039542	-0.0280826062	-0.0216782582	0.0869796423	0.1198603021	-0.216232881	0.0232375334	0.0122825361	-0.1015676722	0.1051382816	-0.2044824921	0.0488867594	-0.1002602495	0.0432352264	0.0120948079	0.0232725439	-0.0397340536	0.0675049743	0.061791851	-0.0624761811	0.0797987045	0.0101246703	-0.0439919687	0.1340183967	0.1884219382	0.1295150749	0.0639630245	-0.0671045637	-0.2374181082	0.0267918699	-0.1469813818	0.0005723443058798	0.0023702907193267	5.6182780941262846e-06	3.275780044730301e-07	0.0294445738505828	-0.0264245004326965	0.0006982542231175	0.0008669829292424	-0.0428656489210368	-0.0140313398477758	0.0001968784979237	0.0018374638574215	-0.0012100383105188	5.721652311999319e-07	1.464192712923192e-06	3.2737305179407164e-13	-0.0005929141394733	-6.380959068000422e-07	4.0716638627496814e-13	3.515471767873639e-07	-0.0001418592257229	0.0002279996676699	2.012403992270069e-08	5.198384845758484e-08	0.0	0.0	0.0	0.0	0.0	0.0	0.0	0.0	0.0
863.3103721750128	-1.255025865041489	1.5750899219231376	745304.7987049592	999.137348355142	-2.5363628076380564	6.433136291969604	998275.4408781443	825.7057307953751	-2.741485968373695	7.515745314789856	681789.9538683244	846.6806157709478	766.7997160126271	1.164841	16.013948	0.0237316239429671	0.0157206493476425	-0.1876670238	-0.0641932906	0.1398655926	0.0460563084	-0.0673500163	0.0320451159	0.1959784104	-0.0288130447	-0.0542572207	-0.1653232172	-0.042051273	0.1033181121	-0.0804279785	-0.1059503799	0.0331625907	-0.0465712006	0.1836504898	0.1027581844	0.0761351485	0.1801546594	0.1778694709	-0.0319022329	0.0841532665	-0.0813157822	-0.2161902642	0.0091352023	0.0412185385	-0.0266058065	0.0989211648	0.015955975	-0.0433144966	0.0764703591	-0.0470606959	-0.127202334	0.0749789424	0.0306435406	-0.1560226666	0.040469644	-0.1602401352	-0.1426511214	0.0918000714	0.0370803519	-0.044867184	0.2293537412	0.0162586353	0.127572442	0.1270890506	0.121793249	-0.0425721939	-0.0293010743	0.0305750032	-0.1961362343	0.0160703391	-0.0265251572	-0.2022089226	0.0359937865	-0.1276364113	0.0635564173	0.0860773722	0.0656350213	0.0302380275	-0.0660357474	-0.1589984763	0.1706293979	-0.0324279549	0.0670350446	0.0185072034	-0.0436368527	0.0570138567	0.053065688	0.0777392063	0.1493344592	-0.0241976516	-0.0481439115	-0.1846308344	0.0208790082	-0.1505910958	-0.0017978901921651	-0.0023702344980449	5.61801157572216e-06	3.23240914308346e-06	0.0291780311327158	-0.000266542717867	7.10450204479272e-08	0.0008513575007817	-0.0332312986343765	0.0096343502866603	9.28207054460714e-05	0.0011043192089271	-0.00121061047575	-5.721652311999319e-07	1.4655777239956412e-06	3.2737305179407164e-13	-0.0005922760435665	6.380959068000422e-07	4.0716638627496814e-13	3.507909117827866e-07	-0.0003698588933928	-0.0002279996676699	1.367956010217466e-07	5.198384845758484e-08	0.0	0.0	0.0	0.0	0.0	0.0	0.0	0.0	0.0
858.4882430359728	-4.822129139040044	23.252929433579077	737002.0634309915	999.2912871397616	0.1539387846196405	0.023697149410172	998583.0765534416	824.5858065684097	-1.119924226965395	1.2542302741440376	679941.7523940747	845.5952720462434	759.301968925072	1.452714	19.971558	0.0410200751127406	0.030016865047891	-0.1376959858	0.2173374668	0.0907359427	-0.0316038313	0.0090777222	-0.0238980698	0.1285127965	0.0845102147	0.0633486239	0.0166860628	0.1211223247	-0.0761213662	0.1021888653	-0.1108141929	-0.1036839322	0.189665432	-0.0410027797	0.0904494841	0.2555105647	0.0789019122	0.2396671577	-0.0526567591	0.0504507201	-0.0676844265	-0.061256288	-0.0249535775	0.0145780435	0.1959425691	0.0264663504	0.0921839856	0.1330189129	0.0186879465	-0.1120801731	-0.0240068167	-0.0387044525	-0.0060162579	0.1605702263	0.0403117075	-0.2349318216	-0.0256953134	0.2629909643	0.0809751199	0.0433017682	0.0822754632	0.0225818117	0.2381601706	0.1358399622	0.0613542253	0.0044580946	-0.1104506739	-0.118342802	-0.0697962737	0.0607543748	0.1388310032	-0.1765367733	-0.1176718641	0.0472275713	0.0225031526	0.1453921944	0.2705279866	0.060030666	-0.0632599696	-0.1766438285	0.0900894789	-0.0231485783	0.1825393088	-0.0308721488	-0.0283347359	0.2033995298	0.0537648428	0.04807257	-0.0554016869	0.0335625331	0.1082489662	0.0238212146	0.0149355036	-0.1533170814	-0.0017978647801157	2.5412049399877252e-08	6.457722547018016e-16	3.2323177675804744e-06	0.0551511113817753	0.0259730802490595	0.000674600897624	0.0030416450866449	-0.0181843291827448	0.0150469694516317	0.0002264112896783	0.0003306698278264	-0.00121061047575	0.0	1.4655777239956412e-06	0.0	-0.0005922760435665	0.0	0.0	3.507909117827866e-07	-0.0003698588933928	0.0	1.367956010217466e-07	0.0	0.0	0.0	0.0	0.0	0.0	0.0	0.0	0.0	0.0
854.2079505577636	-4.280292478209162	18.32090369901393	729671.2227960947	998.8908908827622	-0.4003962569994428	0.1603171626191638	997783.0118885584	823.3944588690956	-1.1913476993140648	1.4193093406609154	677978.4348963308	845.2098519701037	754.7412048358213	1.634123	22.465528	0.1097567254394976	0.0550996976431866	0.1078750423	0.2237747057	-0.0780581832	-0.1662510138	-0.0682862221	-0.1186987954	-0.1252865476	0.1406138558	0.1676859715	0.2138932238	0.0662629713	-0.0490570154	0.016425912	-0.2047784729	-0.22337189	0.1655323787	-0.0495231067	0.0333780096	0.0529724388	-0.081036081	0.1474006303	0.0331369384	0.0610379744	-0.0206594079	0.1095675333	0.2704638882	0.037032206	-0.1918543702	0.2614233968	0.1197609758	0.1221335886	-0.0381322801	-0.0861617948	-0.0253808569	-0.1977017466	-0.0220627453	0.1954367227	0.1701451334	-0.035626542	0.1279945703	0.0921098292	0.0137879087	0.1140215245	0.1209339423	-0.1197510711	0.1944311564	-0.0607304332	-0.2365895853	-0.2177145679	0.1322004075	0.030263346	0.0652617465	0.1770017044	0.1307086526	-0.0417156015	-0.0203155781	0.1002962915	-0.1107730256	0.1235017473	0.2251661817	-0.1358612382	-0.0549845381	-0.0392306541	-0.131470122	0.0565564459	0.0141515617	0.0932191607	0.1363771422	0.1369781852	0.0423310054	-0.0258473131	0.0791388295	0.0846435427	-0.0814102652	-0.0404682387	0.0089700792	-0.1551433414	0.0106603675483683	0.012458232328484	0.0001552075527504	0.0001136434362663	0.0551181672143172	-3.294416745810297e-05	1.0853181695075304e-09	0.0030380123570654	0.0012094268473816	0.0193937560301264	0.000376117772956	1.462713299167396e-06	-0.0017774846528975	-0.0005668741771475	3.1594516912861457e-06	3.213463327166552e-07	-0.0011820290739825	-0.000589753030416	3.478086368848555e-07	1.3971927317399266e-06	3.0949757312282496e-05	0.000400808650705	9.57887477689184e-10	1.606475744800288e-07	0.0	0.0	1.0	0.0	0.0	0.0	0.0	0.0	0.0
853.1503294451408	-1.0576211126228827	1.1185624178656643	727865.4846323523	994.5049252489606	-4.385965633801561	19.23669454088833	989040.0463444408	823.1131311879876	-0.2813276811079959	0.0791452641576022	677515.2267340933	844.240482372242	739.5924752298174	1.34388	18.475344	0.0554631682558194	0.0263904225742147	0.2411585417	0.0943780408	-0.0474743805	-0.0637159794	-0.0452390675	0.0644624038	-0.2251072031	-0.0253289213	0.1050661312	0.0810359979	0.0135623448	0.0764619339	-0.0824101521	0.1072668347	-0.2060394441	0.0162021307	0.00380915	-0.1109817525	-0.0562828316	-0.0738269827	0.0834053462	0.0756066355	0.2059280509	0.1391393356	0.2006069847	0.1524511548	-0.01391836	0.2318641234	-0.0664199173	0.150705363	0.0003585035	0.1270508718	0.0315601041	0.0649949191	-0.2144680696	0.0443360921	0.0140934001	0.0731166814	0.0778042918	0.0768784433	0.001366494	0.0641457506	0.1005367361	0.038117553	-0.1822879317	-0.0265964917	-0.2924775664	-0.0377618432	-0.0210940076	0.0748410352	-0.061747582	0.149895766	0.2004099999	0.0809385186	0.0679020052	0.0261906937	0.062369135	-0.120052259	0.0293682638	0.1239572198	-0.0686812795	-0.1010532865	0.117428219	-0.2157747397	0.0119215143	-0.0740695377	0.3067681868	-0.047703199	0.0336012515	-0.1272792538	0.0726593783	0.3031683625	-0.2753418441	-0.1144264658	-0.145935621	0.0029914899	-0.1560591586	-0.0017806409776142	-0.0124410085259824	0.0001547786931435	3.170682291158854e-06	0.0468616898668017	-0.0082564773475155	6.81694181900366e-05	0.0021960179771723	0.0120141604246839	0.0108047335773023	0.0001167422676764	0.00014434005071	-0.0017781263741957	-6.417212981999973e-07	3.161733402610346e-06	4.118062245634898e-13	-0.0009852780432297	0.0001967510307528	3.871096810228927e-08	9.707728224705469e-07	-0.0002508764667371	-0.0002818262240493	6.293900156249124e-08	7.942602056193274e-08	0.0	0.0	0.0	0.0	0.0	0.0	0.0	0.0	0.0
854.9704844244428	1.8201549793020604	3.312964148678084	730974.5292369664	997.7959664799112	3.2910412309505546	10.83095238381654	995596.79072358	825.2263593531367	2.113228165149053	4.465733277979234	680998.5441712323	845.7371652983421	727.2298825479817	1.461818	20.096729	0.1411445429840446	0.0758869496865275	0.1707915135	0.0397937445	-0.118383947	0.126023749	0.1177553426	0.1696461833	-0.1028558788	0.0143938213	0.1176747539	0.0615678869	-0.139177048	-0.2828577295	0.1294934103	0.0856079512	0.0099875737	0.0054929494	-0.1768502515	-0.0571200541	-0.1942670723	-0.2569761984	0.1261276365	-0.1021725005	-0.11739612	-0.0832102502	0.0664100509	-0.068990145	0.0600127859	0.0768894127	0.0058543671	0.1294268732	0.0100735509	0.0804077414	-0.0109090301	0.0030017203	-0.0083863155	-0.0402573264	0.068607082	-0.0110224851	0.23064445	0.2578822966	0.1487518552	0.0456140104	0.008700296	-0.1106213514	0.2115904203	0.0597796247	0.014124058	0.0129840595	-0.0276596058	0.0048102938	-0.0771189287	-0.0035040574	0.1833542585	0.2031258805	0.1315693362	-0.2012341072	-0.0742778094	-0.0432953876	-0.0770216666	0.0131906702	-0.0710940605	-0.0631030911	0.1229314205	0.0632214416	-0.1575432347	0.072445328	0.0130875019	-0.0494817564	-0.1019571103	-0.0720249659	-0.1778632766	0.0627696297	-0.0321488331	0.236240363	0.0043867172	-0.0029914899	-0.1560591586	-0.0017198707465979	6.07702310163002e-05	3.693020977774494e-09	2.9579553850032176e-06	0.0977538536910174	0.0508921638242157	0.0025900123387108	0.0095558159114448	-0.0071550943813036	-0.0191692548059875	0.0003674603298168	5.119537560536234e-05	-0.0027859863949472	-0.0010078600207514	7.761720192830895e-06	1.0157818214292135e-06	-0.0011170447969968	-0.000131766753767	1.7362477398319543e-08	1.247789078497622e-06	2.994384120080209e-05	0.0002808203079379	8.966336258588527e-10	7.886004535033817e-08	0.0	0.0	0.0	0.0	0.0	0.0	0.0	0.0	0.0
857.042126177976	2.0716417535331857	4.291699554982053	734521.2060436658	1000.1555148276136	2.359548347702457	5.567468405145396	1000311.0538400888	826.4296634834527	1.2033041303160417	1.447940830035645	682985.9886853729	846.9757087264368	735.9769177260789	1.011983	13.912505	0.1355519067830595	0.0843141494644053	0.096462045	0.041471413	-0.0870262805	0.1462357733	0.1327356548	0.1973662286	-0.0464469813	0.0142169452	-0.0993346205	0.0478935358	-0.1310836774	-0.3269034894	-0.1268123034	0.0129701048	0.1422851885	-0.1720635172	-0.1854934494	-0.1155216158	-0.1137339312	-0.1398859811	0.1951892816	-0.0974813096	-0.0391522126	-0.231018735	0.1045587893	-0.0558111036	-0.1279947345	0.0173545742	-0.0822266159	-0.1498596157	-0.0738711831	0.0923870407	-0.0080928915	0.1211991058	0.0989824701	-0.0111612004	-0.0253401387	-0.1769081094	0.1863964044	0.2467727306	0.0969387312	0.0104162174	-0.0325536697	0.0493636542	0.2376122478	0.01065724	-0.017188798	0.0363932547	0.0232866937	0.0567043558	-0.0173865148	-0.0365992528	0.153155837	0.1350865981	-0.0488786816	-0.0870713452	-0.0893037197	0.0460805438	-0.1462987443	0.0393165283	0.0330072389	0.0015354556	0.198445331	0.0837331039	-0.046085815	0.0656556258	-0.0731091942	-0.0336990475	-0.0749651293	0.105747574	-0.2795282821	0.0400710301	-0.0988026489	-0.1190083512	0.0823091753	-0.0089700792	-0.1551433414	0.0112275715184466	0.0129474422650445	0.0001676362612066	0.0001260583622018	0.0212353601937422	-0.0765184934972752	0.0058550798470925	0.0004509405225579	-0.019893606207745	-0.0127385118264413	0.0001622696835523	0.0003957555679488	-0.0022379842205547	0.0005480021743924	5.008573371451828e-06	3.003063831389077e-07	-0.0009990359883402	0.0001180088086565	1.3926078920550026e-08	9.980729059988802e-07	3.0882042037670525e-05	9.38200836868434e-07	9.537005204164492e-10	8.802208103006299e-13	0.0	0.0	0.0	0.0	0.0	0.0	0.0	0.0	0.0
858.6524221346303	1.6102959566543404	2.5930530680173174	737283.9820376674	999.6150983556656	-0.5404164719479922	0.2920499631527151	999230.3448606072	826.0220594470828	-0.4076040363698894	0.1661410504650261	682312.4426932001	845.8974290784898	737.0046620499073	1.070642	14.718931	0.0235239493346927	0.0152374562691059	0.0649306737	-0.0061064994	-0.0496614122	-0.0316962203	0.118846478	0.2769535693	0.0880591063	-0.0111013127	-0.1208978699	0.175181995	0.011163892	-0.2537828976	-0.0348990075	-0.0114850313	0.0583018311	-0.0964204711	-0.2165135813	-0.2245789479	-0.0100181723	-0.034845979	0.0189978088	-0.1436232551	0.1017310682	-0.2999847322	0.0230981303	-0.0660179486	0.0708291609	0.0601336332	0.1386739086	-0.0656110997	-0.1172413679	-0.1615351533	-0.0754011612	-0.0887061442	0.040929579	0.1157819844	0.1135608399	-0.2509443962	0.1035928511	0.1937070439	-0.026816629	0.0832601414	-0.0951044496	0.0910790701	0.1521542596	-0.0087736938	0.1279897942	0.037270058	-0.1639711626	-0.0367566479	-0.0278460631	0.028192971	0.1363562947	0.210010635	-0.0511848414	0.0843852437	0.0014633745	0.0811591204	-0.0942216736	-0.0330763832	-0.040576329	-0.0198513275	0.1136447077	0.1193974642	-0.1143713105	0.134068319	-0.1695288276	-0.0977802753	0.0497365752	-0.0600075602	-0.2308021933	0.0166455693	-0.0260802017	-0.0330865335	-0.0916866221	-0.0149355036	-0.1533170814	0.0122414104482402	0.0010138389297935	1.0278693755650308e-06	0.0001498521297622	0.022835490254252	0.0016001300605098	2.560416210547097e-06	0.000521459615152	-0.0307003445503397	-0.0108067383425946	0.0001167855936053	0.0009425111555095	-0.0020569829428224	0.0001810012777322	4.231178827062302e-06	3.2761462540725174e-08	-0.0010200314027062	-2.099541436600006e-05	4.4080742440004167e-10	1.040464062506778e-06	3.095018997526281e-05	6.814793759228438e-08	9.579142595048586e-10	4.644141398081885e-15	0.0	0.0	0.0	0.0	0.0	0.0	0.0	0.0	0.0
859.245973546635	0.5935514120046719	0.3523032786927397	738303.6430561045	999.809220146212	0.1941217905464327	0.0376832695649531	999618.4766893768	824.9526286028133	-1.0694308442695046	1.1436823306749857	680546.8394386913	845.7722997979804	749.4070880700076	1.227198	16.871222	0.0645348324984612	0.035356320790616	0.0052737298	0.0066261795	-0.1328818915	0.0060800204	0.1051329075	0.0356685878	0.0982728823	-0.0105765642	-0.0478955199	0.2860432844	0.0058068884	-0.0109650867	-0.2304966818	-0.1719933461	-0.0669101897	0.0627008597	-0.0027159344	-0.1652012867	-0.0349823321	0.1868388333	0.0317095452	0.1282441689	0.283966244	-0.1035097616	-0.0194996745	-0.1588114879	-0.0980607308	-0.1463151405	0.1129956239	-0.059769593	-0.2128127374	-0.0027455741	0.1429696696	0.2194626176	-0.0122566636	0.1989587307	0.1390303352	-0.0376058821	0.025424517	-0.0254831942	-0.0453368558	-0.0834978818	0.1588949646	0.3578531077	0.0170340773	0.0695574814	0.0137791812	-0.1115350177	-0.0437543767	-0.0956496097	0.0671417585	-0.066608353	0.0304271988	0.0477403092	0.0270213391	0.0725271131	0.1290663582	0.1521979008	-0.1633742447	0.1236388143	0.0093519327	-0.0374351437	-0.20119265	0.0105683813	0.0945810748	-0.012911317	0.0489455852	-0.0883460598	0.1042610205	0.0403646079	-0.1574822	-0.1551376912	-0.0189621906	-0.0361054002	0.0113868174	-0.0208790082	-0.1505910958	0.0080748545467059	-0.0041665559015342	1.7360188080610297e-05	6.520327595045695e-05	0.0387071864502388	0.0158716961959868	0.0002519107401377	0.0014982462828935	-0.0318624007073111	-0.0011620561569713	1.3503745119551374e-06	0.0010152125788332	-0.0016649794135325	0.0003920035292899	2.7721564474870274e-06	1.536667669757377e-07	-0.0014940244667231	-0.0004739930640169	2.2466942473612922e-07	2.232109107167244e-06	3.0256298402688182e-05	-6.938915725746269e-07	9.154435930325115e-10	4.814855144900887e-13	0.0	0.0	0.0	0.0	0.0	0.0	0.0	0.0	0.0
858.9695374246803	-0.2764361219547027	0.0764169295213552	737828.6662235693	997.6394418871964	-2.1697782590156294	4.707937693296896	995284.4560089968	824.0519583920773	-0.9006702107360525	0.8112068285073252	679061.6301298179	844.6462467019936	761.2351833055719	1.100948	15.135567	0.0737959062368148	0.0388518551977687	-0.0249899066	0.0084709847	-0.2058197786	-0.0295734165	-0.0047224784	-0.018067677	0.0999964791	-0.1268970166	-0.1071919211	0.3166631904	0.1048210521	0.1922024879	0.0529067029	0.0509034161	-0.1874513831	0.15705212	-0.019638022	-0.0372891687	0.0549391162	0.1758284869	0.0463201543	0.101495652	-0.1789452494	-0.0959806777	0.028599045	-0.2239221247	0.0168239462	-0.1609755937	0.0186630666	-0.0454265856	0.0497345553	-0.1225645539	-0.0286438897	-0.0435316075	-0.1300581732	0.1840482249	0.2229690338	0.0157648085	-0.0519297212	-0.2407121622	0.100943585	-0.0919300818	0.1483201682	-0.0304359169	0.1630938433	-0.0953590985	0.019173185	0.0188458018	-0.0423916306	0.008897781	0.1968557571	0.0160180127	-0.0031448612	0.0565926557	0.024740405	0.1093077414	0.1172491337	-0.009949507	-0.1027300998	0.0966218515	0.027798688	-0.1201445949	-0.0390474157	-0.0326842132	-0.0331010563	-0.2324527035	-0.0718498904	0.1892304779	0.1653423779	0.0755936589	-0.053519191	-0.138505221	0.0540974928	0.0636869142	0.0816846354	-0.0267918699	-0.1469813818	0.0083458266117872	0.0002709720650812	7.34258600544239e-08	6.965282183401541e-05	0.0215567656467783	-0.0171504208034605	0.0002941369337357	0.0004646941451501	-0.0480518367430136	-0.0161894360357025	0.0002620978391541	0.0023089790143772	-0.0011599741354489	0.0005050052780836	1.3455399949104229e-06	2.5503033089229416e-07	-0.0017920163895235	-0.0002979919228003	8.879918605427954e-08	3.211322740320841e-06	3.096064417009846e-05	7.043457674102806e-07	9.58561487427452e-10	4.961029600687771e-13	0.0	0.0	0.0	0.0	0.0	0.0	0.0	0.0	0.0
858.8337026483351	-0.1358347763451775	0.0184510864647443	737595.328804649	997.1422870947056	-0.4971547924908464	0.2471628876966165	994292.7407124602	826.068845585858	2.01688719378069	4.067833952436546	682389.737647552	846.6814537826849	753.1961892680602	1.284501	17.659012	0.1350668292039598	0.1026335586726351	-0.0823797803	0.0471601951	-0.0693686462	0.0898457639	0.0815989802	-0.0230157171	0.089025273	-0.0337786584	-0.1670887679	0.1053625363	0.111699841	-0.0591747018	0.0311690894	0.1985650638	0.0478897948	-0.0153806363	-0.0551282489	0.0146178152	0.1379570638	0.0939555142	-0.1324306401	0.1029840335	0.1014571917	0.1436585665	-0.0662814101	-0.0760838053	0.0699542867	-0.1532135768	-0.182354919	0.0482587276	-0.0138570501	0.1105791081	-0.0103373948	-0.0663594338	0.0644363266	0.00487046	0.0782969613	-0.1086440889	-0.0896586905	-0.0933509623	-0.0964433572	0.0406111971	0.0898660985	0.1005782669	-0.1207592298	-0.0402556444	0.1486648093	-0.1193065745	0.2010634501	0.2309762065	0.027989991	-0.0709653879	-0.125466201	0.0244384515	0.0928303839	-0.0562909311	0.1968492628	0.203744082	-0.0638892463	-0.0481230421	-0.0518672677	0.0475686262	-0.1849734902	-0.060416514	0.053142689	0.0342754418	0.0738905093	-0.0446350087	-0.0041568707	0.1544349541	-0.1045014651	0.042550169	-0.133961039	-0.157530072	0.135512706	-0.0326654109	-0.1425091225	0.0081180819853727	-0.0002277446264145	5.1867614860680336e-08	6.590325512123274e-05	0.1208409496026376	0.0992841839558592	0.0098573491837809	0.0146025351008672	-0.0595970117642963	-0.0115451750212826	0.000133291066272	0.0035518038112336	-0.0012249763958284	-6.500226037950006e-05	1.5005671703367369e-06	4.225293854444324e-09	-0.0013770198064291	0.0004149965830943	1.722221639800272e-07	1.8961835472980365e-06	3.115631270426565e-05	1.9566853416718745e-07	9.707158213259851e-10	3.82861752631358e-14	0.0	0.0	0.0	0.0	0.0	0.0	0.0	0.0	0.0
859.6766847128753	0.8429820645401378	0.710618761136353	739044.0022389203	993.2369870689294	-3.905300025776228	15.251368291327806	986519.7124817644	825.855413097863	-0.2134324879949645	0.0455534269317206	682037.1633430419	845.9961022776749	747.3709590599586	1.399754	19.243483	0.149784205009984	0.0954193052361318	-0.0784545514	-0.1211467633	0.2020756464	-0.0753116265	0.0754330087	0.0475101726	0.1005092579	-0.0502738719	-0.0911750814	-0.0662958014	0.249290058	0.020493809	-0.0364687019	-0.0148767892	-0.001892172	-0.119712882	0.1113751243	-0.0826251284	0.1248532743	0.0837801284	-0.19049614	-0.038572153	-0.0973006228	0.0609740293	0.0698880309	0.0741393444	-0.0033258306	0.0483141396	0.0265769558	-0.1498656619	0.0975783222	-0.0137261077	0.1465703363	-0.0555206772	-0.0033839102	0.1214340737	-0.0787761771	-0.0992378698	-0.1907260769	-0.0821256449	-0.0861890638	0.0172519815	-0.0617930524	-0.1573058079	0.0261090546	-0.058998971	-0.0071039781	-0.1110116173	-0.0240079971	-0.1819585784	-0.1864612551	0.0164541331	-0.1022584966	-0.0247674091	0.023094168	0.1661768215	-0.0040786716	0.1079531295	0.0866319077	-0.1671474633	0.1339501535	0.0715188748	0.0293293264	0.2331679249	-0.0509947178	0.0502632435	0.149736566	-0.0078356898	0.2002030955	-0.0018532485	-0.0053101217	-0.2790456481	-0.2559386607	0.0283570393	0.1511887666	-0.0384910108	-0.1372005631	0.0082169165314383	9.883454606560148e-05	9.768267495993504e-09	6.751771728462404e-05	0.0347249892184891	-0.0861159603841485	0.0074159586328842	0.0012058248762241	-0.0479723468799733	0.0116246648843229	0.0001351328336728	0.0023013460651724	-0.0005159729959886	0.0007090033998398	2.662281325894519e-07	5.026858209843953e-07	-0.0017060078238773	-0.0003289880174481	1.0823311562449708e-07	2.9104626951305606e-06	3.2059799325205417e-05	9.034866209397662e-07	1.0278307327724415e-09	8.162880742171568e-13	0.0	0.0	0.0	0.0	0.0	0.0	0.0	0.0	0.0
861.1778280159617	1.501143303086451	2.2534312164013004	741627.2514662894	998.762560602933	5.525573534003684	30.53196287968196	997526.6524621276	825.7259940531717	-0.1294190446913035	0.0167492891288096	681823.4172550986	846.4818217039483	758.6256716500125	1.316135	18.093912	0.1093532853295979	0.0571121737672081	-0.0777468231	-0.265541931	-0.0287374208	-0.1587683606	-0.0067511829	-0.0905353413	0.0432765503	-0.0662494046	0.1363996739	0.0361999733	0.0603410212	0.175956791	0.0096544954	-0.0406988591	0.0197135456	-0.088238746	0.2105146617	-0.1100173518	-0.1214197984	-0.0497911773	-0.0826863027	0.1158540314	-0.0397946684	-0.1534502959	0.0074845652	0.1282014807	-0.0412192759	-0.0479450442	-0.0843439093	-0.1516633182	-0.0563902574	0.1266738391	-0.2184294227	-0.1760547139	0.0199707886	0.1586168625	-0.1502158707	0.1046987255	0.0204451113	-0.0142128209	-0.1514687057	-0.179664778	-0.1280126303	-0.0086424486	0.0007385585	0.0700674731	0.1704353058	-0.0107867406	-0.1126743421	0.1698671687	-0.0555530412	-0.1284191843	-0.0694627171	-0.1418257763	0.0959675783	0.2055420392	0.000270484	0.0034896937	0.0230499959	0.0375117315	-0.1866240699	0.0760580824	0.0585661089	0.0841298281	-0.0949577848	-0.0712139185	0.1281970078	0.1615120669	0.1004415035	0.1775594806	-0.0599308619	0.1315431665	-0.1308910337	-0.0466483341	0.2262756636	-0.0442601199	-0.1310868562	0.0082292398018353	1.2323270396999778e-05	1.5186299327757102e-10	6.77203877161103e-05	0.0570113690588414	0.0222863798403523	0.0004966827263884	0.0032502962019634	-0.0625789978101067	-0.0146066509301334	0.0002133542513947	0.0039161309669173	-0.0014743354734165	-0.0009583624774279	2.1736650881742555e-06	9.18458638141742e-07	-0.0017912229942826	-8.521517040529993e-05	7.261625267204304e-09	3.208479815246723e-06	-0.0003733211786159	-0.0004053809779411	1.393687024031647e-07	1.6433373727648698e-07	0.0	0.0	0.0	0.0	0.0	0.0	0.0	0.0	0.0
863.221178326942	2.0433503109802587	4.17528049338312	745150.8027121542	999.9860761912596	1.2235155883265634	1.4969903948780965	999972.1525763916	827.8635486618311	2.137554608659457	4.569139705001284	685358.05520296	848.2883548706629	759.791111292464	1.539549	21.165348	0.0385066172835732	0.0257422691639941	-0.1660016064	-0.0339747962	-0.1691181188	0.1718434541	-0.0250662087	-0.0742691237	0.1428094564	-0.1060919191	0.1999889613	-0.0713429074	-0.1125184155	-0.0561363716	0.3686293203	0.0761706293	0.1872246717	0.0464739633	-0.0195666999	-0.0229179408	-0.1991704625	-0.0361327416	0.2316629682	-0.030245369	-0.0735994206	0.0380686465	-0.0793644985	0.0074382196	0.0350184563	-0.0157272901	-0.1212062996	0.0755329243	0.0540091187	0.1290250588	0.0672056696	-0.1292537264	0.2070866508	0.0224131962	-0.021897861	0.0746987305	0.2043356807	0.0351873662	0.2511533992	-0.1067925837	-0.0555323977	-0.105050969	-0.0540816754	-0.003147995	0.0835401809	0.1061774536	-0.0566577062	0.0121056022	-0.0786347636	-0.1795535882	-0.1283745388	0.0866576189	0.0689654388	-0.046156224	-0.0945673219	-0.0997750942	-0.1849098913	0.0737715534	0.1789311218	0.0427603791	-0.0062463901	0.0378356973	-0.0315874541	-0.0009705544	0.0363619163	-0.153245705	0.0916598777	-0.1584088064	0.1056362311	-0.061825917	-0.0836055865	0.1070023444	0.0630915747	-0.0499642712	-0.1242038795	0.0082380654512803	8.825649445000014e-06	7.789208812602905e-11	6.78657223795781e-05	0.0569305616312618	-8.080742757960585e-05	6.5298403520332455e-09	0.0032410888476508	-0.0798460802396903	-0.0172670824295835	0.00029815213563	0.006375396529643	-0.001149748029704	0.0003245874437125	1.3219205318082302e-06	1.0535700861581537e-07	-0.0017913429571909	-1.1996290830000068e-07	1.4391099367794372e-14	3.208909590277438e-06	-0.0002750305496974	9.829062891849996e-05	7.564180326685402e-08	9.661047733194265e-09	0.0	0.0	0.0	1.0	0.0	0.0	0.0	0.0	0.0
863.7777540983253	0.5565757713833364	0.3097765892909559	746112.008475147	1003.8166177119308	3.830541520671204	14.67304834158606	1007647.8019946206	829.0898738949076	1.226325233076409	1.5038735772799088	687390.0189950737	851.3986928990722	767.058006335606	1.723189	23.689991	0.2013966811329726	0.1061506861640175	-0.2236077849	0.2342269764	-0.0210378495	0.043661791	-0.133146846	-0.0866243333	0.0545207673	0.2189053249	-0.210526955	-0.1121986116	-0.1411226835	0.0969899562	0.3702699379	-0.1928310132	0.2144207808	0.193251055	-0.3210208316	0.2284910857	-0.030266655	0.0847895315	-0.0823039746	0.0473666452	-0.1150252006	0.0595378423	-0.1173823412	0.0681481774	-0.0299903676	-0.0554873034	0.1084670686	0.2296146202	-0.0122920416	0.0693133861	-0.0435297289	-0.2169965971	0.141007882	-0.3881342622	0.2213279473	-0.1144840082	0.0548653789	-0.2207861185	-0.0319472202	-0.0794387813	-0.0283639787	-0.1762703964	-0.1727573063	0.1326443057	0.0248409411	0.2843584359	-0.2631947018	-0.014680677	0.1220936626	0.0520906677	-0.3542324767	0.3018193632	-0.0043065137	-0.2187212019	0.026880037	0.0477313502	0.0470755952	-0.1615930712	-0.058355209	0.1203373742	-0.143714417	0.1930928035	-0.1137458868	-0.3048569322	0.1779752754	0.1395315908	-0.0128470281	-0.3984297469	0.040495181	0.1433521489	0.2577156183	-0.0079600428	-0.1363387471	-0.055595093	-0.1165920251	-0.0015250035473144	-0.0097630689985947	9.531751627132092e-05	2.3256358193215035e-06	0.1179324548158433	0.0610018931845815	0.003721230972103	0.0139080638988909	-0.1619571436638267	-0.0821110634241364	0.0067422267366425	0.0262301163837454	-0.0016737889239585	-0.0005240408942545	2.801569361966153e-06	2.746188588510561e-07	-0.0014656670781696	0.0003256758790212	1.0606477817629633e-07	2.1481799840302127e-06	-0.0003957268869348	-0.0001206963372374	1.56599769043108e-07	1.4567605822524193e-08	0.0	0.0	0.0	0.0	1.0	0.0	0.0	0.0	0.0
860.1274637736589	-3.650290324666457	13.32461945435355	739819.2539377068	1007.5181883455856	3.701570633654797	13.701625155935572	1015092.8998471708	827.3527734308748	-1.7371004640327783	3.0175180221428937	684512.6117037605	849.2143144353031	766.7495299656165	1.791152	24.624329	0.2537301182259543	0.1322145782520522	-0.0842749966	0.0666977501	-0.050904607	-0.118680318	0.1055939743	0.0246968738	0.0343510953	0.3313298399	0.1154067159	-0.0062793236	-0.054596226	0.0834463923	-0.1290823792	0.1684673739	0.0909179434	0.116751379	0.0910241548	0.0244236478	0.067482567	-0.1584010132	-0.0942989641	0.2002354055	0.1495762979	-0.2105858217	-0.0821487373	0.234888349	0.1288474574	-0.0442637843	-0.0781783926	-0.0913320171	-0.0493655109	0.0474483787	-0.0792195433	-0.0701184012	0.1130060676	-0.1027999777	0.0753257336	0.1638327862	-0.0936373312	0.1392141188	-0.2119087664	-0.0900954228	-0.12687914	0.2923154328	-0.0537418266	-0.1499221537	-0.0122619963	0.1449051679	-0.0342784917	0.138192831	-0.1015428353	-0.0660036766	-0.1155649383	-0.1431370656	-0.2372615602	-0.0438271734	0.1891402227	0.0814570907	-0.1210988568	0.1338914392	-0.0574730686	0.30935529	0.211382279	-0.0282218323	0.0512128921	-0.084810166	0.0869971253	0.3057496915	0.0128258278	-0.1561597823	0.0035891312	-0.055633998	0.0075554369	0.1230383203	0.1477755958	-0.0611443214	-0.1082959623	0.0095817373042024	0.0111067408515167	0.0001233596923427	9.180968976674386e-05	0.0143932746615291	-0.1035391801543142	0.0107203618270275	0.0002071663554822	-0.0999479205911484	0.0620092230726783	0.0038451437460771	0.0099895868304945	-0.0005492735903906	0.0011245153335679	3.017014771005807e-07	1.2645347354293257e-06	-0.0017919163982451	-0.0003262493200755	1.0643861884972604e-07	3.210964378299692e-06	-0.0003049920576293	9.07348293055e-05	9.302015521695427e-08	8.232809249098222e-09	0.0	0.0	0.0	0.0	0.0	1.0	0.0	0.0	0.0
858.6351779063111	-1.4922858673477322	2.226917109885773	737254.3687382026	1002.2474287958104	-5.270759549775221	27.780906231546687	1004499.908527813	825.2536746145427	-2.0990988163321163	4.406215840726891	681043.6274648055	847.0004012079404	752.8015270569925	1.424955	19.589935	0.1550394552766996	0.0936629080235193	-0.0455486498	0.1771061983	0.0203901719	-0.0090657744	-0.0299766769	-0.0492956829	0.0444524392	0.1801577112	-0.1076102006	-0.0597892671	0.1381925493	0.0317179896	0.1007346893	0.1627320399	-0.0990269236	0.0737982527	-0.0317619485	0.1776419839	0.1010747868	-0.0297055271	-0.0237666666	0.1993452749	-0.2727171962	-0.0928517036	-0.0723617153	-0.1283618046	-0.1881592563	-0.0155210657	0.0024738804	0.0026598095	-0.2118316449	-0.1613609136	0.0226513491	0.0315365123	-0.072813372	-0.107328024	0.0917743763	-0.0094107436	-0.1710221039	-0.0719676816	0.0777832918	-0.169666205	-0.1079397836	-0.0783272472	0.17824399	-0.1233087216	-0.1446072478	0.042647532	0.104526847	-0.0340274216	0.430419473	0.1810828761	-0.1138202317	-0.1722177075	-0.3491677048	-0.0626102192	0.1813966916	-0.2156436784	-0.1811458456	-0.0278089924	-0.0833287586	-0.0185877171	0.0773273605	0.0935286044	-0.3092788172	-0.2910873248	-0.1454267339	-0.3849829662	-0.1716774815	0.2300812014	0.2349008049	-0.0182805639	-0.0908685644	-0.0466043864	0.0615696182	-0.066603812	-0.0993643757	0.0195530236866972	0.0099712863824947	9.942655212172622e-05	0.0003823207352925	-0.0681537642037284	-0.0825470388652575	0.0068140136254223	0.0046449355751374	-0.0718416066360561	0.0281063139550923	0.0007899648841422	0.0051612164440498	-0.0010349552284395	-0.0004856816380488	1.0711323248742574e-06	2.3588665353786265e-07	-0.0017912375647761	6.7883346900003e-07	4.608148786346148e-13	3.2085320134650133e-06	-0.0005069279075885	-0.0002019358499592	2.569759034920548e-07	4.077808749874454e-08	0.0	0.0	0.0	0.0	0.0	0.0	0.0	0.0	0.0
853.9187112032906	-4.716466703020501	22.245058160701078	729177.1653430889	995.8432361782876	-6.404192617522767	41.01368308233311	991703.7510420448	824.977496329609	-0.2761782849336214	0.0762744450688765	680587.8694502701	847.1325705871103	755.5628639943718	1.548953	21.29464	0.1599474008498221	0.1532348458625004	0.071571425	0.1412523331	0.0381655495	-0.207452131	-0.0174988191	-0.2571088705	-0.181583364	0.167566467	0.0961058789	-0.044982336	0.0369556887	0.1279840907	-0.0871133728	-0.0221034732	-0.1258685371	0.130178778	0.1239636385	0.3027495416	-0.0304252451	-0.1302640768	-0.2487701948	-0.0695939041	0.0917499005	-0.081658175	-0.0787459851	-0.1146652273	0.0249038125	0.0861389079	0.1250068241	-0.1140152534	-0.071163978	0.0195524165	0.020676178	0.0632239788	-0.1381289059	-0.2327455861	-0.0021971438	0.2188465971	-0.0654450262	-0.0859724646	-0.2183305087	0.0292658359	0.0162466555	0.0353698543	0.05946914	-0.051432463	0.0634851645	-0.0711404804	0.0917693239	-0.2248851218	0.0164425838	0.1693370533	-0.1186649211	-0.2714436527	0.0565663618	-0.2430593434	0.1022931772	-0.1607440884	0.0827962946	-0.069011987	-0.238908699	0.0545596138	-0.1867913211	0.0555547231	0.0627138449	0.0247225579	-0.0145263379	-0.2199310208	0.2204444688	0.1181594191	-0.1582501535	-0.0611816097	0.0427234201	0.0365134099	-0.2370682221	-0.0719655524	-0.0898496795	0.0195434051007197	-9.618585977498597e-06	9.251719620653259e-11	0.0003819446829308	0.0847746904025399	0.1529284546062683	0.0233871122282614	0.0071867481328464	-0.0684867219679148	0.0033548846681412	1.1255251136529524e-05	0.0046904310859104	-0.0011079576743782	-7.300244593869999e-05	1.2275702082135491e-06	5.329357113032815e-09	-0.0017912164739586	2.1090817500010045e-08	4.4482258281873e-16	3.20845645658068e-06	-0.000506993230621	-6.532303249999396e-08	2.570421358955185e-07	4.2670985749952666e-15	0.0	0.0	0.0	0.0	0.0	0.0	1.0	0.0	0.0
852.1977525322259	-1.72095867106475	2.9616987475129504	726241.0094209769	996.6683123674516	0.8250761891639513	0.6807507179253084	993347.724877384	824.3575309432507	-0.6199653863583308	0.3843570802824343	679565.3388228526	845.9219012297865	738.6896211921116	1.615023	22.202953	0.1649079938457993	0.1030220062064819	0.2536056008	-0.0367180077	-0.0068694067	-0.0303378059	-0.0821719007	-0.0359079957	-0.2648583535	-0.042372622	0.1097147365	-0.0846499827	0.0356877842	-0.0280240641	0.0002381581	0.1620948743	-0.1847057831	0.1452109493	0.1139048405	0.1220463069	-0.1181069149	-0.1096755074	-0.1024600849	-0.2506176659	0.0111962119	-0.1001049258	0.1560066841	0.0005074538	0.1422828793	-0.1163140001	-0.1957286682	-0.0330792349	0.1763533406	-0.0852332642	0.2773067879	-0.0756318938	-0.1905146749	-0.0929302513	-0.0676552683	0.243542531	0.0779200711	-0.0205618667	0.0258615315	0.2591201614	-0.0975481564	-0.0751300409	0.1677614168	-0.3614973377	0.0502047747	0.0227765447	0.0558092437	0.0399652234	-0.1557277015	0.2081216191	0.1024697155	-0.2450257577	-0.0244009355	-0.108729333	-0.1843850973	-0.1887291148	-0.1436626597	-0.0025908366	0.0428010349	0.2474678469	0.1352140753	0.0004464262	0.0498211179	0.1116037237	0.007565351	0.0725204495	0.3266391937	0.0161378361	-0.0067749072	0.0158604357	0.1549551136	-0.0559016315	-0.0645429735	-0.0772216734	-0.0798077096	0.0330198496863687	0.013476444585649	0.00018161455867	0.0010903104733103	-0.0107155631133366	-0.0954902535158765	0.0091183885165263	0.0001148232928358	-0.045779104222646	0.0227076177452688	0.0005156359036652	0.0020957263834278	-0.000503968673087	0.0006039890012911	2.539844234530715e-07	3.64802713680741e-07	-0.0018508750011274	-5.965852716879991e-05	3.5591398639504363e-09	3.425738269798353e-06	-0.0005059671991009	1.0260315201000066e-06	2.560028065660098e-07	1.0527406802387305e-12	0.0	0.0	0.0	0.0	0.0	0.0	0.0	1.0	0.0
852.3959410490644	0.1981885168385133	0.0392786882066496	726578.8403169201	996.1073683710056	-0.5609439964459852	0.3146581671487935	992229.8893230102	824.2414971484905	-0.1160337947602556	0.0134638415264651	679374.045621585	845.7757417208733	719.4580425550238	1.268135	17.43401	0.1198701204046237	0.0728710503956858	0.2476181011	0.0668981061	0.0827350041	0.2124196886	-0.1718112718	-0.0735124462	-0.2461215503	0.0042143694	-0.0646236042	-0.1025619119	-0.0444734677	-0.0322806539	0.10398368	-0.067650957	-0.1125591107	-0.0534465812	-0.0799097062	0.2549227798	-0.1426053279	-0.0236610038	-0.033728871	-0.0617360902	0.0840134902	0.0688336034	-0.0246398294	-0.0643316604	0.1384078582	-0.0844583528	-0.0687607459	-0.0427291411	-0.0465029302	0.1212110914	0.0118289108	0.0925645115	-0.1623245323	-0.222613862	-0.0952138735	-0.0039781032	0.1077496802	-0.0630232227	0.0548443417	0.0670647454	0.0633520437	-0.0051980873	0.0982587421	-0.0655946672	0.1108530464	-0.0727798604	0.0894752577	0.0611908037	-0.0704775013	0.2485143417	0.0892175826	-0.0900505396	0.0662317599	-0.2105949718	-0.145642369	0.0301150792	-0.0963248145	-0.1366056806	0.0862291147	0.0187299643	0.0014218175	-0.0615933112	0.1047145925	0.0591842005	0.0061564038	0.0702781281	0.1136027568	0.0781858644	0.0452133467	0.1177925207	-0.0083749045	-0.004396077	-0.0608703973	-0.0823644609	-0.0692973963	0.045712127190356	0.0126922775039872	0.0001610939082382	0.0020895985722672	0.0520322358445497	0.0627477989578862	0.0039372862740593	0.0027073535669828	-0.0291461261163163	0.0166329781063296	0.0002766559606856	0.0008494966675882	-0.0005390392971641	-3.50706240771e-05	2.90563363887167e-07	1.2299486731572662e-09	-0.0017919882741348	5.888672699259998e-05	3.467646615901003e-09	3.2112219746366187e-06	-4.398323344219135e-05	0.0004619839656587	1.9345248240302994e-09	2.134291845257469e-07	0.0	0.0	0.0	0.0	0.0	0.0	0.0	0.0	0.0
853.0276736864084	0.6317326373440437	0.399086125085661	727656.2120748457	995.7566469380783	-0.3507214329272301	0.1230055235145295	991531.2999213648	824.4335614518848	0.1920643033943179	0.0368886966383446	679690.6972482386	845.9943838793217	722.5650298239523	0.984764	13.538301	0.0520006391250336	0.0366351719240932	0.2278356477	0.0199311346	0.1832483506	0.1242410238	-0.0183840446	-0.0292986554	-0.2709070137	0.0152135241	-0.0875899973	-0.0562544529	-0.034619971	-0.034507418	-0.1477993459	-0.0406787822	-0.0720727184	-0.1936846967	-0.1412826024	0.1130927762	-0.0858718102	-0.0735919717	-0.0038879182	0.088207457	0.016670855	-0.0265371204	0.0669772038	-0.0260204615	0.0017573821	0.0591058075	0.0112895383	0.0745520372	0.0786112008	0.0684931814	0.1146955306	0.3464259397	-0.1386494671	-0.1572216493	-0.113882115	-0.1254401237	0.08114815	0.1078943002	-0.0180511296	-0.0962677887	0.13122862	0.0148142491	0.1637768282	0.1340376993	-0.1045576059	-0.0050535222	0.1514191877	0.0138121847	-0.1288673295	0.2007560487	0.0926108982	-0.1391158867	0.0779714857	-0.1362599957	-0.0380501181	0.12206569	-0.0440889454	-0.1608615971	0.1058796457	-0.0870206039	0.050630241	-0.0281294532	0.0004860907	0.0262942029	0.0350764897	0.0865265729	0.0256696741	-0.0555401015	-0.0422783494	0.0947796165	0.0628139752	0.0131066304	0.0523616697	-0.0873863672	-0.0583804184	0.0321357531462638	-0.0135763740440921	0.0001843179321851	0.0010327066302776	0.0521347544595585	0.0001025186150088	1.0510066423323304e-08	0.0027180326225584	-0.0277108366106091	0.0014352895057072	2.0600559651932216e-06	0.0007678904656598	-0.0011906173106817	-0.0006515780135175	1.4175695804949236e-06	4.245539076995416e-07	-0.0017919213791155	6.68950192999479e-08	4.4749436071404015e-15	3.210982228931196e-06	-0.0001300674641098	-8.608423066760866e-05	1.691754521995411e-08	7.410494769634054e-09	0.0	0.0	0.0	0.0	0.0	0.0	0.0	0.0	0.0
855.6586223644334	2.6309486780249927	6.921890946401456	732151.6780266	995.2343985758114	-0.5222483622669643	0.2727433518905263	990491.508108557	825.0579522597418	0.6243908078570257	0.3898638809363492	680720.6245870384	846.2275934623586	728.995454815762	1.074831	14.776519	0.0545458972680937	0.0309558976730563	0.1251140929	-0.0094397824	0.1841185284	0.1274357192	0.0930115772	-0.1824530152	-0.1584434978	-0.0854677447	-0.0771417128	-0.0960816628	0.007734169	-0.0817909023	-0.1129862177	-0.0059668938	0.023787581	-0.2710455456	-0.0877527951	0.005201427	0.0493818295	-0.046051697	-0.0005583502	0.139814581	0.0210356035	0.1619122713	-0.2502438402	-0.104032487	0.1252784179	-0.0029999754	-0.1337654175	-0.0160511075	0.2056715383	0.0420230432	0.1265746482	0.0835155135	-0.011319165	-0.0182376051	-0.1688310511	-0.1652514158	-0.0260500736	0.1094672993	-0.0051963503	-0.1163187443	0.2290339628	-0.0421444438	-0.0686675091	0.0377445993	0.0496016193	0.0805355015	0.3317396713	0.1126552234	-0.1347752266	0.0999293254	0.0590887899	-0.2461400265	0.0625722318	-0.0338366163	0.0648933524	0.1503815849	-0.0544842885	-0.1571267896	0.200339644	-0.1381633775	-0.0507182911	-0.0684259718	0.0539545275	0.0236327491	0.0468730815	-0.0715937066	-0.0426835207	-0.0914519886	-0.0571085464	-0.0182900818	0.123670347	-0.1859858592	0.0736497715	-0.092280022	-0.0471208409	0.0320893593105608	-4.639383570300554e-05	2.152387991237471e-09	0.0010297269809622	0.0261615236868237	-0.0259732307727348	0.0006746087167737	0.0006844253216162	-0.0231031537263532	0.0046076828842558	2.123074156186477e-05	0.0005337557121035	-0.0009811718060966	0.0002094455045851	9.626981130788638e-07	4.386741939090714e-08	-0.0020229230269135	-0.0002310016477979	5.33617612853912e-08	4.092217572816876e-06	-0.0001679921072347	-3.792464312489999e-05	2.8221348093154943e-08	1.4382785561510235e-09	0.0	0.0	0.0	0.0	0.0	0.0	0.0	0.0	0.0
858.0402401811672	2.381617816733751	5.672103424983639	736233.0537701551	997.327457149653	2.093058573841631	4.380894193531963	994662.0567845928	826.4557418098605	1.3977895501186597	1.9538156264209243	683029.0931704867	847.2976485511384	735.8296324912081	0.955255	13.13261	0.0628164343313539	0.0347559903432904	0.0658831683	-0.0923849615	0.1393048298	0.1204051511	0.105225667	-0.0748507663	-0.0217499331	-0.1538230821	-0.026833867	-0.1640538178	0.0095619709	-0.0064380383	-0.0690283687	0.0368880506	0.0481501695	-0.10499271	0.0314899185	-0.0459185034	0.0265312013	-0.0299914549	-0.045629651	0.1327033969	-0.0199064553	-0.0530154902	-0.1808631733	-0.0542233252	0.0243037987	-0.0349848624	0.016421456	0.1822547396	0.0621092627	-0.0948356348	0.1664974928	0.0832318004	0.0531922207	0.0480959701	-0.0924068401	-0.055080818	-0.0420243833	-0.0065535194	-0.0459625381	-0.0118355395	0.1827360328	-0.0809792932	0.0682161825	-0.0181000819	-0.0050300798	0.143945885	0.1514053874	0.0506864637	-0.0256341214	0.0137386544	0.0345081439	-0.2162157754	0.038822548	0.0084449676	0.0118562565	0.1368034099	-0.0401788535	-0.1053229913	0.1910278326	-0.1937620735	0.0562194425	-0.02581616	-0.0175381836	0.0001385692	0.0312063892	0.0610520388	-0.077855404	-0.1109407471	0.0916595574	0.0341605308	0.163854262	0.0251472252	-0.0056321523	-0.0970382431	-0.0355847396	0.0321592452386596	6.988592809880484e-05	4.88404294623132e-09	0.0010342170543202	0.0349723295180552	0.0088108058312314	7.763029939566298e-05	0.0012230638319194	-0.0530199107815718	-0.0299167570552185	0.0008950123527009	0.0028111109392858	-0.0012066310336217	-0.0002254592275251	1.455958451298972e-06	5.083186327621481e-08	-0.0017919131508907	0.0002310098760228	5.336556282006942e-08	3.210952740335036e-06	-0.0001440815004465	2.3910606788199988e-05	2.0759478770914782e-08	5.717171169799154e-10	0.0	0.0	0.0	0.0	0.0	0.0	0.0	0.0	0.0
860.4544488499436	2.414208668776382	5.828403496395032	740381.8585456602	998.5034526775836	1.1759955279305814	1.3829654817127268	997009.1450090554	826.6124865507336	0.1567447408731368	0.0245689137913868	683288.2029215867	847.1097412588458	739.7636456435986	0.902484	12.407139	0.0871965813103399	0.0457472037872906	-0.0074006117	-0.1188092615	0.1187173129	0.116241201	0.0480390662	-0.0043158198	0.066757088	-0.1411449517	-0.035530298	-0.1217356339	-0.0289614801	-0.0191869452	-0.0573932906	0.0563321569	0.0582029378	0.0170620342	0.1394093861	0.0186466348	0.0821645718	0.1303447228	0.0983942042	-0.005570854	0.0171490698	0.0033583336	-0.0597969779	-0.1241980973	0.0619236515	0.1589167865	-0.1248140137	0.0803525757	-0.1854783988	-0.0298638077	0.0151032071	-0.0313437407	0.0890666443	0.0696999149	-0.0835229905	0.0323310316	-0.0997434695	-0.0994242667	0.0651809245	0.1560710736	0.1035786618	0.0365798782	0.0363816257	-0.0067364629	-0.0376244338	0.1235634175	0.0990090418	0.0010317203	0.053296184	-0.0847057498	0.0337566643	-0.1335783747	-0.0100302192	0.0350910396	-0.0880916947	0.0935752464	0.0030914246	-0.0193870171	0.0893950213	-0.1938153222	-0.0796690698	0.0361162888	-0.1284550682	0.0172654762	-0.0150912376	0.0389970089	-0.0599658297	0.0685706198	0.0884722809	0.0009096372	0.0720922102	0.1251989125	-0.0120594652	-0.1016540472	-0.023839813	0.0126856967988686	-0.019473548439791	0.0003792190888368	0.0001609269032728	0.0270080955883429	-0.0079642339297122	6.342902208718059e-05	0.000729437227309	-0.0472473364919352	0.0057725742896365	3.332261392937344e-05	0.0022323108055821	-0.0019068780335261	-0.0007002469999044	3.636183834744366e-06	4.903458608751128e-07	-0.0019286329343961	-0.0001367197835054	1.8692299201763472e-08	3.719624995637312e-06	-0.0003868392100607	-0.0002427577096142	1.4964457444038638e-07	5.8931305577132246e-08	0.0	0.0	0.0	0.0	0.0	0.0	0.0	0.0	0.0
860.8777104070734	0.4232615571298765	0.1791503457440077	741110.432275725	998.8397556026606	0.3363029250770069	0.1130996574153509	997680.8573723828	826.0894030877661	-0.5230834629675201	0.2736163092300929	682423.7018939017	846.8846689221249	750.73041219696	0.808061	11.109032	0.0308674292324319	0.0162839583401118	-0.0491331464	-0.0901798183	0.1193546125	0.0348075067	0.0003541856	0.0128889542	0.0715929489	-0.0940095406	-0.018996875	-0.0818355599	-0.0469443133	0.0391077604	-0.1231380473	0.0260635175	-0.0150992254	0.0479750676	0.1877391203	0.0828324958	0.0667782965	0.1401603652	0.0650392864	0.051677029	0.0436066214	0.0515906441	-0.0282716407	-0.0841132072	-0.1958255441	0.0851782119	-0.1079389431	0.1071950596	0.0412505267	-0.1511845796	-0.0834101447	0.0511445611	0.0228548861	0.0470848593	-0.077519963	0.0876645032	-0.117551712	-0.1229285159	0.0269498761	0.0917075024	0.0449438454	0.1092083774	0.023876937	0.108220157	-0.0705303297	0.065514322	0.115971335	-0.060893333	0.1221311428	-0.0842645474	0.0089694163	-0.1209159118	-0.0269806032	0.0355638893	-0.05571308	0.1114160784	0.0641169063	0.0402295964	0.0118346104	-0.187165025	-0.1085223703	0.0063086556	-0.1142209029	0.0382197877	-0.0119303011	0.067064036	0.0008948874	0.0358767638	0.0800469553	0.0497799067	0.0868330146	0.1531508291	-0.0503725996	-0.10612066	-0.0119549848	0.0127763498953754	9.065309650680038e-05	8.217983906271264e-09	0.000163235116649	0.0383534848719193	0.0113453892835764	0.0001287178579958	0.0014709898018205	-0.0441317671778165	0.0031155693141187	9.70677215107808e-06	0.001947612874237	-0.0017758349382385	0.0001310430952876	3.153589727868537e-06	1.7172292822555022e-08	-0.0017341580478753	0.0001944748865207	3.7820481487278025e-08	3.007304135010672e-06	-0.0003860408411045	7.983689561999983e-07	1.4902753100066981e-07	6.373929902238748e-13	0.0	0.0	0.0	0.0	0.0	0.0	0.0	0.0	0.0
859.1668868679853	-1.7108235390880964	2.9269171818979194	738167.7394904256	995.6924974171388	-3.147258185521764	9.905234086333747	991403.549412779	824.1742793048253	-1.915123782940782	3.667699103985411	679263.2426676282	845.1362340379173	747.7321173972532	0.90763	12.477884	0.0273491720526973	0.0186805533327097	-0.0425403872	-0.0319791919	0.1782829172	-0.0502879042	0.0320131301	-0.0441923468	0.04613258	-0.0655197206	0.0271242059	-0.0715589002	0.0891188421	0.0118963663	0.0423237623	-0.0068552641	-0.1149319584	-0.0686502344	0.0727762113	0.0397512794	0.131119404	0.0314198421	0.1032413306	-0.0137914281	-0.0296755635	0.1660315718	-0.0130172599	0.0078945135	-0.079487398	0.0241092997	-0.2073421635	0.0537345682	-0.0343396479	-0.1015534346	-0.0570198395	-0.0376122511	-0.0758022777	0.0481117627	-0.0892025893	0.0354864271	-0.162324769	0.0015820661	0.1616026841	0.0359808539	0.0263585443	-0.0538698249	-0.0748855034	0.0593281216	0.0176541677	0.0675666458	0.1240482406	0.1316725988	-0.0219206128	-0.0405468427	0.0179985354	-0.0919146642	-0.029015645	0.0208281048	-0.0775023128	-0.0080796246	0.1727454557	0.0349677359	0.1039268649	-0.1956357096	-0.0176580833	0.0317164201	-0.0689960722	0.1165644894	-0.0023015052	0.0552429245	0.001008244	0.024402769	-0.0093095593	-0.1068944614	0.074011311	0.1236156292	0.1610424089	-0.1104315261	-0.0	0.0128353221278416	5.897223246619995e-05	3.477724202047528e-09	0.0001647454941254	0.0270668669447928	-0.0112866179271265	0.0001273877442329	0.0007326152862071	-0.0454452081599612	-0.0013134409821446	1.7251272135772288e-06	0.0020652669447022	-0.0014878371523017	0.0002879977859367	2.213659391769232e-06	8.294272470449883e-08	-0.001739716796413	-5.558748537700048e-06	3.0899685305382426e-11	3.026614531721512e-06	-0.0003857945573598	2.462837447000151e-07	1.48837440488444e-07	6.065568290346222e-14	0.0	0.0	0.0	0.0	0.0	0.0	0.0	0.0	0.0
860.0788049918789	0.9119181238935424	0.8315946646855185	739735.5507962584	997.8579814730796	2.1654840559407376	4.689321196533547	995720.5511895288	824.144498620622	-0.0297806842032741	0.0008868891516151	679214.1546066365	845.1992108930411	743.7750531681851	1.280354	17.601995	0.0712618952808153	0.0376980800604267	0.0146217733	-0.0859682566	0.0437976358	-0.0705335837	-0.1615156768	0.2379337174	-0.0264796984	-0.0720921676	0.0349181808	-0.0381918048	0.0030959023	-0.0593583911	0.0497952963	-0.0037807824	-0.0953287453	-0.1394354638	-0.0356946492	-0.0632605528	-0.0070220874	0.0310757091	0.0079881909	-0.1081974851	0.1395957288	0.3136117492	0.11036017	0.2277868542	-0.1196128292	0.1836918588	0.0195215954	-0.1216082172	-0.059789778	-0.0989834058	0.0208424963	-0.159765749	-0.0786688489	0.0802996161	-0.0905747985	-0.0806147604	0.0509788948	0.0978046752	0.0704588076	0.0935381165	-0.0871298709	-0.055496228	-0.3974416591	-0.0649424558	-0.165362238	-0.008723907	-0.0145971327	-0.1796680502	-0.0239172729	0.084412727	-0.0190475038	0.0263181827	0.03615837	0.2074355641	-0.050167852	-0.1461557902	0.0619140477	-0.0448531665	-0.0369284707	-0.079020549	0.0559938792	-0.3384037438	-0.312915741	0.0578739714	0.0661504832	0.1006991994	0.0175194322	0.0572105898	0.0709104918	0.0665513713	-0.0448784886	0.1565697712	-0.0411180373	-0.1145803187	0.0119549848	0.0126750905064909	-0.0001602316213507	2.56741724806742e-08	0.0001606579193477	0.0271284779665421	6.161102174929989e-05	3.7959180009927045e-09	0.0007359543167811	-0.0538132443809615	-0.0083680362210003	7.002403019597305e-05	0.002895865270805	-0.0019817462850898	-0.000493909132788	3.927318338467222e-06	2.439462314514928e-07	-0.0022168447474386	-0.0004771279510256	2.2765108164988739e-07	4.914400634246111e-06	-0.0006681978018804	-0.0002824032445206	4.464883024377983e-07	7.975159251576183e-08	0.0	0.0	0.0	0.0	0.0	0.0	0.0	0.0	0.0
863.9606253711486	3.8818203792696977	15.06852945691354	746427.9621917062	1002.9978896374356	5.139908164356029	26.418655938013767	1006004.7666171496	828.4518715846814	4.307372964059368	18.55346185150959	686332.5035321615	849.2017410733449	759.856451013115	1.494602	20.547434	0.1313172887029239	0.0711451635131714	-0.1024583973	0.0067835774	-0.2136316802	0.2018085738	-0.1574663997	0.1095930275	0.0299180648	0.0153814106	-0.066045181	0.0219945124	-0.2313168159	-0.1800972889	0.0647150685	-0.0199073986	0.1877231397	0.072902627	-0.2053261397	-0.0438839282	-0.1762852348	0.0952048686	-0.0509849932	0.0553067654	0.0207197129	0.1544400851	0.0790058683	0.172970406	-0.2273600285	0.0483590154	0.0193586357	-0.0881899948	-0.0620508796	0.0098205288	-0.0477975263	0.1281541912	0.1518512053	-0.052309964	0.1105007988	-0.1263698703	0.2591338943	-0.0265412855	0.0605956983	0.0055104395	-0.123655525	0.0280630215	-0.05036024	0.0524289286	-0.1892222355	-0.1915139261	0.2211877713	0.0033416242	0.0844906785	0.0031339919	-0.22033332	0.1832556806	0.0579277028	-0.0354115974	-0.0844973335	-0.0371049553	-0.1386736367	-0.0277071342	0.1101901753	0.0049054632	0.0082618087	-0.2129277868	-0.0311814621	0.0006138013	0.0427027082	-0.0151010916	-0.1060822762	0.1865905669	-0.1145941373	0.0380509709	0.1468093755	0.167752758	0.0195072798	-0.1185609488	0.023839813	0.0127295856615177	5.449515502680032e-05	2.969721921395e-09	0.0001620423511139	0.0650801511380478	0.0379516731715057	0.0014403294965167	0.0042354260721511	-0.1024906303009629	-0.0486773859200014	0.0023694879000047	0.0105043292994886	-0.0017963462580828	0.0001854000270069	3.2268598789280774e-06	3.4373170014196246e-08	-0.0017911587837406	0.000425685963698	1.8120853968949518e-07	3.208249788571105e-06	-0.0003866091034576	0.0002815886984228	1.494665988762893e-07	7.929219507944662e-08	0.0	0.0	0.0	0.0	0.0	0.0	0.0	0.0	0.0
863.0155351317117	-0.9450902394369224	0.8931955606789391	744795.8138786746	1002.318707576637	-0.6791820607985528	0.4612882717105691	1004642.7915581	827.2316082109428	-1.2202633737385895	1.4890427012878846	684312.1336232628	847.9919295857428	765.0359264881997	1.359243	18.686541	0.0777786616183025	0.0433944790928489	-0.1373481106	0.0675159893	-0.049055631	-0.1472862719	-0.0339049053	0.1604669221	0.141951602	0.1548848717	-0.1834411666	0.0822631057	-0.0498476565	-0.0412188837	-0.1294813919	-0.0877035523	0.0979223315	0.0575516549	-0.1682815889	-0.0429885706	0.0181883347	0.0229099755	-0.1521411402	-0.0134915442	-0.2231789957	-0.034323079	-0.0702754476	0.0680507224	-0.0632584919	0.0398878927	0.0837476388	-0.1732794705	0.0015600257	-0.2070744994	-0.0852492898	0.0488731502	0.0786210044	-0.0216135845	0.1718171998	-0.1605753639	-0.0459149072	-0.0308403221	-0.1050003332	-0.0788938836	-0.1832168018	-0.0724639649	0.0938947914	-0.0150395095	-0.0065084456	-0.0713811904	0.1282129654	-0.1866276735	0.0055433827	0.0394701062	-0.1739670448	0.0650159011	-0.0905548427	0.0924759387	0.0851190347	0.0355624719	0.036399756	-0.0026180816	0.0455642045	0.043848287	0.12873756	0.0197668688	0.0143020201	0.1059335198	-0.0833263508	0.0945409118	-0.0558312785	0.2051379947	-0.0801711641	0.172474858	0.1277881181	0.0222615925	0.0739923815	-0.1223675745	0.0355847396	0.0194095778185783	0.0066799921570606	4.462229521839112e-05	0.0003767317110954	0.0306843514794223	-0.0343957996586255	0.0011830710341563	0.0009415294257127	-0.0781509121811865	0.0243397181197764	0.0005924218781501	0.0061075650747515	-0.0015498523194685	0.0002464939386142	2.402042212161889e-06	6.075926177359028e-08	-0.0017912069675283	-4.818378770000791e-08	2.321677397119433e-15	3.208422400521928e-06	-0.0003858881922028	7.209112548000316e-07	1.489096968815451e-07	5.197130372973561e-13	0.0	0.0	0.0	0.0	0.0	0.0	0.0	0.0	0.0
861.9639976993933	-1.051537432318355	1.1057309715666792	742981.9333299197	1005.6821228813204	3.363415304683372	11.31256251177834	1011396.5322830792	827.6306778430292	0.3990696320863662	0.1592565712535477	684972.538906912	849.1899489038967	767.603672817469	1.253473	17.23245	0.0555294647452036	0.0327833564569655	-0.1323019025	0.0832279483	-0.0345885082	-0.0669970854	0.0747232444	-0.0167906308	0.1237070934	0.1852716522	0.1255292174	0.0187139034	-0.0535835837	0.0682515603	-0.130323335	0.1528626434	0.0957373508	0.1105608092	0.076855539	-0.0504019212	0.1082138253	-0.0433918161	-0.103154381	0.1856390984	0.1364729454	-0.0449870257	0.0613967457	0.1793774952	0.0133686819	-0.1046902946	-0.0681616939	-0.1057774768	-0.0385075349	-0.0326861182	-0.0091163769	0.1979183193	0.1106900195	-0.013155419	0.0669193293	0.1019950801	-0.0808190513	0.0489780882	-0.1276622726	-0.0489016208	-0.1467908711	0.195938117	-0.0416510674	-0.0859041618	-0.1078440432	-0.0685947611	0.110516324	0.0937984325	-0.041377247	-0.1052757303	-0.0848526109	-0.1003812948	-0.0474588901	-0.0318886186	0.1921728339	0.0145282721	0.0107341879	0.0855561049	-0.0158004264	0.0721076421	-0.0746311911	-0.1627428214	0.0957892802	0.1028092552	0.0476619938	0.0094749116	-0.1201868704	0.0395746971	0.0238684464	0.0440949406	0.067868848	-0.0486409645	-0.0031120534	-0.1259946088	0.0471208409	0.0128326690249167	-0.0065769087936615	4.325572928014327e-05	0.000164677394303	0.0522522862166852	0.0215679347372629	0.0004651758088308	0.0027303014148703	-0.0538196162443824	0.0243312959368041	0.0005920119619643	0.0028965510926925	-0.0014888464534502	6.100586601830008e-05	2.2166637619512384e-06	3.721715688642781e-09	-0.0017912136163757	-6.648847400165386e-09	4.4207171750686016e-17	3.208446219489714e-06	-0.000385834201519	5.399068379999044e-08	1.488680310618043e-07	2.9149939371905505e-15	0.0	0.0	0.0	0.0	0.0	0.0	0.0	0.0	0.0
859.4883830776206	-2.4756146217727064	6.128667755534821	738720.2806453827	1000.2509133007392	-5.431209580581253	29.498037508197594	1000501.8895589628	823.9078036221591	-3.72287422087004	13.859792464418703	678824.0688694903	844.8186952599925	753.3258238864366	1.39365	19.159569	0.103340200727131	0.0711696604933876	-0.052738585	-0.0412934621	0.1343574883	-0.1066501729	0.0228023933	0.1081077782	0.0888238061	0.0180723739	-0.0413488421	-0.0028936777	0.2085038842	0.074954714	-0.0224480745	0.1305058916	-0.1267220582	-0.1349489086	-0.0078741557	-0.1318609795	0.1502602352	0.0778660978	0.0035452551	0.0641331531	-0.1993980115	-0.057041657	0.1464103133	0.0459089408	-0.0902848076	0.078724284	0.1072028258	-0.1030745214	0.1028384555	0.1229619487	-0.0211232307	-0.1461893153	-0.1084645734	0.145064041	-0.0290964072	-0.1213227273	-0.1794923057	0.0084318347	0.0955876187	-0.0581579162	-0.074785859	-0.175905851	0.0684443649	-0.0616739623	-0.1715225699	-0.0155086486	-0.184544349	-0.0027709276	-0.063322529	0.0488884311	0.0045849618	-0.0145768854	-0.1216836392	0.1762955836	0.0155164852	-0.033096979	0.1521245863	-0.0338192754	0.0603854095	0.0072591538	0.1463541304	-0.0303805771	-0.1048822728	-0.0474626043	0.1024336259	0.0649769405	0.0662210403	-0.1246516359	-0.1524638218	-0.1683608972	0.1562538565	-0.0190796072	-0.0215239673	-0.1294367287	0.0583804184	0.0125646440323663	-0.0002680249925503	7.183739663164192e-08	0.00015787027966	-0.0147856563157944	-0.0670379425324796	0.004494085738988	0.0002186156326887	-0.0536382248921114	0.000181391352271	3.290282267870204e-08	0.0028770591695767	-0.0017940295180446	-0.0003051830645944	3.21854191161534e-06	9.313670291522975e-08	-0.0020840507933415	-0.0002928371769658	8.575361221329933e-08	4.343267709227336e-06	-0.0005048707969554	-0.0001190365954364	2.548945216183808e-07	1.4169711053089176e-08	0.0	0.0	0.0	0.0	0.0	0.0	0.0	0.0	0.0
861.7222215518693	2.233838474248728	4.990034329033884	742565.1871162889	1000.5278249585066	0.276911657767414	0.0766800662074974	1001055.9285162	826.1045481708998	2.1967445487406394	4.825686612421715	682448.7245086464	847.317508811292	760.9707239252032	1.431271	19.676771	0.2147467120026478	0.1495637197405726	-0.0453618391	-0.2105345873	-0.0321341877	-0.1977352079	-0.0732815581	-0.1223975946	-0.0262378191	-0.0853579703	0.1480147978	-0.031330719	-0.1446239099	0.0777515609	-0.0375109278	-0.0775574003	0.0509653397	-0.0240525161	0.1534802575	-0.0016205166	-0.1564180751	-0.1483209093	-0.1449425323	-0.1959908924	0.0475005768	0.1510130859	-0.2240087718	-0.0700215619	-0.1784586228	-0.115391699	0.0931584664	0.0080461822	-0.0912320027	0.129993022	-0.199235316	0.0061202911	0.0316661823	0.0359336583	-0.1320770615	0.1388988211	0.1410058295	0.0347549262	-0.1917039318	0.053411982	-0.0829943178	-0.1036438342	-0.1552685847	0.2474698906	0.1520293316	0.0478882583	0.0495464748	-0.0634952235	0.1892373973	-0.1081268125	-0.0917117802	-0.0749325454	0.2554593027	0.0654122448	-0.0969468747	-0.1157960932	0.1480008772	0.0811681332	-0.1098459481	0.0809800455	-0.0005873314	0.0404485394	-0.0887250915	0.0801974831	-0.0039888167	-0.028700941	-0.1096981716	0.0812634626	-0.0561382567	0.2449614253	0.0163333129	0.1553580357	0.0892245865	-0.1326888823	0.0692973963	-0.0061971380244756	-0.0187617820568419	0.0003520044659484	3.8404519694401344e-05	0.1298695821812572	0.1446552384970515	0.0209251380246388	0.0168661083759343	-0.0785731526858057	-0.0249349277936943	0.0006217506240767	0.0061737403229869	-0.0019108495068786	-0.0001168199888339	3.651345837938188e-06	1.3646909791175866e-08	-0.0017911339545964	0.0002929168387451	8.580027442042299e-08	3.208160843308139e-06	-0.0003867123514333	0.0001181584455221	1.495464427510721e-07	1.3961418248199086e-08	0.0	0.0	0.0	0.0	0.0	0.0	0.0	0.0	0.0
862.2756010024709	0.5533794506015965	0.3062288163481248	743519.2120841724	1001.7212007710862	1.1933758125795748	1.4241458300499603	1003445.3640742667	827.7589418574298	1.6543936865300566	2.737018470030511	685184.8658249319	848.7799221499936	759.2187133164505	1.352016	18.587189	0.1400319208234397	0.0922652059347197	-0.0833033842	-0.0590859019	-0.2032334046	0.0940427491	-0.0118635207	-0.0156301058	0.0474650486	-0.024871142	0.1956198434	0.0178511644	-0.2290025291	-0.0988067889	0.0503313512	-0.013127221	0.1548228212	0.1804821518	0.0843162995	-0.0223719009	-0.1081840492	-0.0851337124	0.1708502722	-0.0820099592	-0.1521972415	0.011146078	-0.0291701141	0.2158281255	0.0861186244	-0.0445780646	0.0398488255	-0.0078234329	0.0650270871	-0.0607093433	0.1002409676	-0.0385594781	0.1733108764	0.021299779	0.0411436321	0.1921319632	0.1813569467	0.0696836857	0.1426306988	0.0804231316	-0.1528681526	0.0032931363	0.031414838	0.0680920941	-0.0763449614	-0.067955627	0.0207710403	0.0667715656	-0.0404851211	-0.1519898861	-0.0975253456	0.0052899812	0.0617106318	-0.0885130361	-0.1142501843	-0.1607404395	-0.0719327466	0.1866428203	0.1490861156	0.0829787571	0.1110035699	-0.1326724886	0.0846445625	-0.0170075238	-0.0065991102	-0.1144692966	-0.0991618262	-0.0615285569	-0.1322117234	-0.1003900612	0.0102472272	-0.048646431	0.0205441369	-0.1357462967	0.0798077096	0.0198151392712588	0.0260122772957344	0.0006766385701101	0.0003926397443393	0.0441107394586168	-0.0857588427226404	0.0073545791051265	0.0019457573355859	-0.0733505721724157	0.00522258051339	2.727534721884097e-05	0.0053803064380207	-0.0016995712635482	0.0002112782433303	2.888542479878825e-06	4.4638496104779694e-08	-0.0017909594705503	1.744840460999979e-07	3.044468234342618e-14	3.207535825153811e-06	-0.0006360240298903	-0.000249311678457	4.0452656659789723e-07	6.215631301504656e-08	0.0	0.0	0.0	0.0	0.0	0.0	0.0	0.0	0.0
862.2816247182103	0.0060237157393885	3.628515130895717e-05	743529.6003266765	1000.507931426871	-1.2132693442151776	1.4720225016123272	1001016.1208480764	827.2952916470117	-0.463650210418109	0.2149715176207568	684417.4995813142	847.5793005495656	749.2220031101477	1.34504	18.491289	0.0917762462326118	0.0563355632273244	-0.1040247112	0.0218950095	0.0441716773	0.0873116246	-0.0681523174	0.2306189436	0.1029427813	0.0028932739	-0.1988030671	-0.0368833723	-0.078020099	-0.099521784	0.0071071667	0.0520439601	0.1231941067	0.0231175182	-0.1395987091	-0.020048099	0.1381937998	0.1427417438	-0.0266779908	-0.1653256953	-0.0691215325	-0.0781888999	-0.0484613383	0.0598831428	-0.0179669147	0.0001895404	0.0235514399	-0.1520566104	-0.0051969379	-0.0014364014	0.2550162244	0.0327652399	0.1065052083	-0.0266826224	0.0599678886	-0.2039692879	-0.0466502624	-0.0866876905	0.0546010664	0.2098795793	-0.1152704268	-0.0019911374	0.0470697603	-0.0019104036	-0.1106664125	0.0372502802	0.0348047584	-0.0449003139	-0.0099509348	0.0297640342	-0.0895161955	0.1195290146	-0.1530377387	0.0776219636	-0.1209683016	0.0729589556	0.0023944679	-0.0075501387	0.2232601618	0.0957884106	0.0785857873	-0.0425164799	0.1039936387	-0.01552764	-0.0668664468	-0.1626384326	0.0052418062	0.0272964371	-0.1060004389	0.1028309036	-0.0535226668	-0.0208781354	-0.1281986366	-0.1386044847	0.0898496795	0.0199771158640089	0.0001619765927501	2.623641659893181e-08	0.000399085158244	-0.0094658380269976	-0.0535765774856143	0.002870449655072	8.96020895533538e-05	-0.0626759314713183	0.0106746407010974	0.0001139479540975	0.0039282723857973	-0.0014028487395004	0.0002967225240477	1.9679845859178613e-06	8.804425627729718e-08	-0.0017912311418664	-2.716713160999702e-07	7.380530399148995e-14	3.2085090035920074e-06	-0.0003857571961912	0.0002502668336991	1.4880861441329598e-07	6.263348804977299e-08	0.0	0.0	0.0	0.0	0.0	0.0	0.0	0.0	0.0
862.9416300374769	0.6600053192665882	0.435607021460191	744668.2568517376	1002.2311819182956	1.723250491424665	2.9695922561953485	1004467.3420093438	825.2611881499374	-2.034103497074284	4.137577036809832	681056.0286666465	846.3749139088102	761.207299809586	1.080907	14.860056	0.1063758918548865	0.0764200632622747	-0.1579419764	0.0696691224	0.065068783	-0.0903286713	-0.0105909413	0.1606964862	0.140904451	0.1260987183	-0.0874678323	0.0370393845	0.0055233553	0.0536082057	-0.1556006613	-0.0730351293	-0.050302945	0.0437032895	-0.0442648237	-0.1040990009	0.1588618963	0.105837956	-0.1101866451	-0.055195819	-0.0182440977	-0.0978152275	-0.104396498	0.1701716923	-0.0047991356	0.1618413458	0.0440831327	-0.0394867207	0.0636669127	0.2964559273	0.2478104687	0.0514280841	-0.0295130843	0.0561278562	0.1128860216	-0.0931115711	-0.1498820081	-0.0292499073	-0.0965717425	0.0687446637	-0.1523483498	0.0369392271	-0.0160110776	0.1253195551	-0.144488189	-0.0094669131	0.0303536204	-0.0661947353	-0.1734504598	0.0456726657	-0.1461234034	0.1023254764	-0.0984457146	0.101572538	0.0832311581	0.047779206	0.1886205104	0.0173714162	0.1199113935	0.046791774	0.1004161511	-0.0315828474	0.2333972605	0.134390849	0.0563950345	-0.1330536623	0.0349451131	0.0810989729	-0.0423124532	0.0039358202	-0.0407206096	-0.144917209	-0.238360087	-0.1412592515	0.0993643757	0.0200829170649541	0.0001058012009452	1.1193894121446709e-08	0.0004033235578378	0.0604965242727075	0.0699623622997051	0.0048947321385551	0.0036598294490782	-0.0709281205533045	-0.0082521890819862	6.809862464485228e-05	0.005030798285224	-0.0008428456827961	0.0005600030567043	7.10388845008024e-07	3.136034235181596e-07	-0.0017913376832834	-1.0654141699992585e-07	1.1351073536352086e-14	3.208890695551138e-06	-0.0003847560088675	1.0011873236999945e-06	1.4803718635964773e-07	1.0023760571375577e-12	0.0	0.0	0.0	0.0	0.0	0.0	0.0	0.0	0.0
859.715947802715	-3.225682234761848	10.40502587965819	739111.5109063206	1001.3481491154356	-0.8830328028600434	0.7797469309268642	1002698.1157369086	825.2160633765211	-0.0451247734163189	0.0020362451758741	680981.5512546425	847.6617461822846	761.7587559364772	1.432996	19.700485	0.055984661284731	0.0347063326811559	-0.1448394094	0.0719908593	0.0817684855	-0.1986300924	0.0098613724	-0.1545912231	0.0467230565	0.1662048995	0.2088524553	-0.0903039588	-0.0200709806	0.1504182091	-0.0903660992	-0.0252249471	-0.0387648799	0.087114636	0.1688145394	0.0321919271	0.1399446638	-0.1839579427	0.068094594	0.0147134912	-0.091963548	0.0271158754	0.020708415	-0.0690668599	-0.0992929731	-0.2224749211	-0.0012288047	-0.0417040133	-0.0394741115	0.2322745795	0.1402727698	-0.1049515623	-0.0052503632	-0.0601221623	-0.0178441145	0.2860173071	-0.1615673642	0.1031927981	-0.0570476268	-0.0153421901	-0.1199538818	-0.1053394603	-0.045211605	0.0193769862	-0.0645460975	0.1344490884	-0.1025959702	0.1163002772	0.0815704845	-0.0547620433	-0.1284896428	-0.0604955144	0.0122403123	-0.1162947891	-0.0411884073	-0.1551373021	0.2879077141	0.1968370028	0.0284852755	0.0189841123	0.1193170129	0.0282148241	0.0836773641	0.0180645398	-0.0343015594	0.059519171	-0.1057347545	-0.0677015001	-0.0084629076	-0.0723284311	-0.0335350958	-0.222274482	0.0115663419	-0.1437067008	0.1082959623	0.0196319579590067	-0.0004509591059474	2.033641152368792e-07	0.0003854137733042	0.0607142099932787	0.0002176857205712	4.7387072940603495e-08	0.0036862152951079	-0.0831473951592869	-0.0122192746059824	0.0001493106718964	0.0069134893217746	-0.0014537962714787	-0.0006109505886826	2.1135235989653702e-06	3.732606218116155e-07	-0.0015412188916479	0.0002501187916354	6.255940992920262e-08	2.375355671972381e-06	-0.000385621465594	-8.654567265000031e-07	1.4870391472686453e-07	7.490153454441011e-13	0.0	0.0	0.0	0.0	0.0	0.0	0.0	0.0	0.0
857.81366545563	-1.90228234708502	3.618678128031292	735844.2846424235	1001.5610431458306	0.2128940303949775	0.0453238681778176	1003124.5231473644	826.3520749634285	1.1360115869074434	1.290522325587968	682857.7517963639	848.4057087800941	751.5830199607494	1.586423	21.809761	0.0202834400597462	0.0145567606094376	0.045594406	0.1354893708	0.0408070946	0.1429925916	-0.1874145293	-0.131812845	-0.1592538562	0.1362099534	-0.0123287246	-0.0699660332	-0.0481238863	0.0059045641	0.1735762472	0.0015037104	0.0273966268	0.0570097512	-0.0574210937	0.2500162675	-0.0110022517	0.0345050638	-0.0479939379	-0.0302453316	-0.001505967	-0.0190320771	0.2377344994	-0.1002122775	0.0198567331	-0.0310793856	0.059761093	0.0484893129	-0.1093007908	0.1670872315	-0.0601652976	0.0623657107	-0.0118734776	-0.2741646984	0.003055178	0.0356644373	0.0218449042	-0.0887905257	0.0099066716	0.0622187958	0.0769375329	-0.0779378498	0.0015407437	0.034067723	0.0230722696	-0.1125027182	-0.1086259389	0.1005422653	0.0579192356	0.1131119637	-0.0601778069	0.1086369042	0.0227966079	-0.1998368113	-0.167060636	0.0564371592	0.135505725	0.0351852092	0.0150397603	-0.0296340131	-0.0711186099	-0.0191909317	0.0289906399	-0.1904868104	-0.1460112216	0.0889930371	0.0746930557	0.040359713	0.0607843986	-0.0131587655	-0.3056606381	0.2055202736	0.0394047873	-0.1459432408	0.1165920251	0.0133459615322095	-0.0062859964267971	3.951375107770715e-05	0.0001781146892192	0.0607030932462606	-1.1116747018098672e-05	1.235820642644057e-10	0.0036848655296642	-0.0821731544905759	0.000974240668711	9.491448805704652e-07	0.006752427318932	-0.0014638480909461	-1.005181946740004e-05	2.142851233366541e-06	1.0103907460520243e-10	-0.0017912185790627	-0.0002499996874147	6.249984370749766e-08	3.208463997979398e-06	-0.0003858116830562	-1.902174622000043e-07	1.488506547826577e-07	3.6182682925810074e-14	0.0	0.0	0.0	0.0	0.0	0.0	0.0	0.0	1.0
857.4505263353536	-0.3631391202764007	0.1318700206751182	735221.4051127749	997.3113435409612	-4.24969960486942	18.059946731627303	994629.915955477	826.1297640548147	-0.2223109086138492	0.0494221400887152	682490.3870572638	846.9621068693966	740.7544563746567	1.224757	16.837669	0.07592898853863	0.0490197419834189	0.0910543097	-0.0469095002	0.0746409317	0.0389972861	-0.0011361445	-0.0608290798	-0.1227763736	0.0520799683	-0.0763918191	-0.0349242144	0.0201900248	0.0539319943	-0.1014400436	0.004573696	0.057309766	-0.1777378182	0.0304627246	0.1382910238	-0.0598425908	-0.0556701149	-0.1297520077	0.01946651	0.05499913	-0.11420107	0.1138452905	0.1010635294	0.1130354311	0.0950878458	0.1180074881	0.2079019021	0.0538555535	-0.0891060822	-0.0659299139	0.074470782	-0.0137509526	-0.124546282	-0.1462018747	-0.0687515293	0.0224930548	0.0081898574	-0.1622988282	-0.0884993472	0.0880889821	0.0802666878	0.1045951424	0.0786042605	-0.0333393301	-0.1353763556	-0.1080089463	-0.0769934215	-0.0194040379	0.0331031946	0.0466594455	-0.0187583686	0.0009559579	-0.0334803668	-0.051804641	0.193763304	0.1142029317	-0.0456590339	-0.2337656769	0.0731504417	0.0390084205	-0.0092661577	0.1286301524	-0.100081147	-0.0239360377	0.0302119753	-0.0616079643	0.0179686344	-0.072582549	-0.0648485074	-0.1816596331	0.0905764609	-0.140096386	-0.1479655889	0.1242038795	0.011035516190418	-0.0023104453417915	5.338157677406045e-06	0.0001217826175889	0.0607952926123687	9.219936610809636e-05	8.50072311073479e-09	0.0036960676038235	-0.0516218041305904	0.0305513503599854	0.0009333850088185	0.002664810661697	-0.0021353157473647	-0.0006714676564186	4.559573340943668e-06	4.5086881361628724e-07	-0.0016040878165677	0.0001871307624949	3.501792227196004e-08	2.5730977232609318e-06	-0.0003867131335575	-9.014505012999849e-07	1.4954704766586085e-07	8.12613006293994e-13	0.0	0.0	0.0	0.0	0.0	0.0	0.0	0.0	0.0
858.8301330447086	1.3796067093550164	1.9033146724973768	737589.197425592	999.2744900290036	1.963146488042412	3.853944133513256	998549.5064227252	826.1085302800627	-0.0212337747519768	0.0004508731902176	682455.3038014853	847.5819155993978	743.1861586287546	0.940532	12.930213	0.1319851691000527	0.0824190776600036	0.0312808977	-0.085356783	0.0732806484	0.1180458376	0.0053059217	-0.1573119211	-0.047931193	-0.0808760596	0.0765532777	-0.1219368832	-0.0183215617	0.1367955912	-0.1013822009	0.022319814	0.0765844941	-0.1712238945	0.1200181512	0.0672265532	-0.1173329558	0.0033424185	0.0852966055	0.1016951839	0.0900173509	-0.1837466543	0.0802830484	-0.1196253769	0.0703809316	0.1789204361	0.2249268385	0.0811518404	0.0848471641	-0.1882060732	-0.0257876511	-0.1505288359	0.0519477326	-0.0024868406	-0.2042447399	0.0206811682	0.0426232423	-0.018330739	0.0117314871	-0.1698680268	0.1980538806	0.0565294276	0.1304803473	-0.0156399173	-0.0422667689	0.0678897811	-0.177485004	-0.140135682	-0.0159465598	-0.0549122285	0.1310673531	-0.1061713318	-0.077081779	-0.0062510768	-0.1065483567	0.0763745716	0.0485111418	0.0552722755	-0.1067120528	-0.0656038268	-0.0009786508	-0.0074006086	0.0176230555	-0.2728566221	-0.110947949	0.0319228459	-0.0176555051	-0.0338189335	-0.0290720385	-0.0387681065	-0.1771484064	-0.0132744892	-0.0549335133	-0.1497707771	0.1310868562	0.0197741642555655	0.0087386480651475	7.636397000650615e-05	0.000391017572006	-0.0150805242894449	-0.0758758169018136	0.0057571395905175	0.0002274222128445	-0.0348278232189187	0.0167939809116716	0.0002820377948615	0.0012129772701682	-0.0025588523527447	-0.00042353660538	6.547725363147087e-06	1.7938325609681384e-07	-0.0017910063875952	-0.0001869185710274	3.4938552194962535e-08	3.207703880406808e-06	-0.0003877924215784	-1.0792880209000116e-06	1.503829622336395e-07	1.164862632058264e-12	0.0	0.0	0.0	0.0	0.0	0.0	0.0	0.0	0.0
858.5256431151283	-0.3044899295803134	0.0927141172158242	737066.2798862447	998.3506950411162	-0.9237949878873906	0.853397179645864	996704.1102890796	825.112395287854	-0.9961349922086812	0.9922849227025892	680810.4648576599	846.1222981163995	745.6442647477788	0.915357	12.584106	0.0475047568728089	0.0460557696100812	0.0112661515	-0.0385825807	0.1079776812	0.0349464932	0.0677193665	0.0140472069	-0.0029127567	-0.1054749038	-0.0538143667	-0.1383052852	0.1042333459	0.0628506091	0.0474108016	0.1174179199	-0.0315100241	-0.0834217204	0.0108575885	-0.0351926006	0.0881928199	0.0599831749	0.0066132791	0.0621671405	-0.0784405915	-0.0278647878	-0.0636002724	-0.0386190366	0.0901866509	0.1034832558	-0.0744190966	0.1126873679	-0.0467685532	-0.0936724121	-0.029113648	0.0829018551	-0.0241253976	0.0364221833	-0.0986833955	-0.0590345263	-0.0872577784	-0.0369608129	0.023814209	-0.0527496701	0.0609625332	-0.0307408438	0.0265079123	0.0043695893	-0.0082297086	0.1473310623	0.0551212765	0.0361498911	0.0602659489	-0.0543467934	0.1126716308	-0.0390959316	-0.0847108383	0.0192534281	0.0022054252	0.0920815131	0.0815636367	-0.0296827469	-0.0962208711	-0.0618838286	-0.0313689268	0.0754586157	0.0031319489	-0.0604608564	-0.0487195658	-0.0154379009	-0.0798554087	-0.1189769522	-0.0016348117	0.0475836487	-0.0981111605	-0.0912052733	-0.0480422288	-0.1513561561	0.1372005631	0.0197791252277141	4.960972148599502e-06	2.461124465917996e-11	0.0003912137947735	0.0309792203087795	0.0460597445982244	0.0021215000724536	0.0009597120909398	-0.0353168695241947	-0.0004890463052759	2.391662887041055e-07	0.0012472812729889	-0.002577849742673	-1.899738992829992e-05	6.645309295799253e-06	3.6090082408787106e-10	-0.001791001026459	5.3611361999078574e-09	2.8741781353962456e-17	3.207684676777192e-06	-0.0003878097704571	-1.7348878700014593e-08	1.503964180619886e-07	3.009835921478199e-16	0.0	0.0	0.0	0.0	0.0	0.0	0.0	0.0	0.0
857.5630275432718	-0.9626155718565316	0.9266287391806772	735414.3462091824	999.5970798214106	1.24638478029442	1.55347502054957	999194.3219874916	824.4941788858442	-0.6182164020098071	0.3821915197139514	679790.6510166425	845.7560676802271	743.3260828327406	1.081928	14.874083	0.068688182274505	0.0352448830610348	0.0475396697	0.0781964722	-0.0604330803	-0.0706509581	0.1369667733	0.0195516972	0.0300193733	0.0266073695	0.1482877358	0.0477631755	0.0438807016	-0.0099391383	0.0420449641	0.0151599506	-0.0571992787	0.1156941223	0.0315338455	-0.0825309259	0.0260149291	-0.1165295458	0.1674564485	-0.0050708798	-0.0008638886	0.0295984407	-0.1194860337	0.0024011848	0.2467900071	-0.0067674217	0.0068115859	-0.0776346451	-0.0618382599	-0.0181088471	-0.1797888649	-0.0017711303	-0.0136729457	0.0693829202	0.1078374377	0.1394165032	-0.0175621434	0.0927820974	0.0853324711	-0.0366873989	-0.0348376282	-0.00067339	-0.0153421592	-0.0507104068	0.1474151252	0.1400460295	0.0284940146	-0.023108998	-0.0472320502	-0.0728128776	0.1096279377	0.0293661719	0.0151083762	-0.0229679956	0.1051045306	-0.090516734	-0.0605492173	0.1539784778	-0.0093124572	0.0064191729	-0.0181836333	0.0526332414	0.0364068488	0.0394786046	-0.0261069393	-0.0752538853	0.0460151357	-0.2094557775	-0.0142987314	-0.0956651861	-0.0685570477	-0.043004444	-0.0042575886	-0.152719399	0.1425091225	0.0231059193825586	0.0033267941548444	1.1067559348707528e-05	0.0005338835105132	0.0393374212246726	0.008358200915893	6.985952255043621e-05	0.0015474327086073	-0.0513308419722022	-0.0160139724480075	0.0002564473135655	0.0026348553375751	-0.0022814566710841	0.0002963930715889	5.205044542034143e-06	8.78488528859028e-08	-0.0023135631094908	-0.0005225620830317	2.730711306225337e-07	5.352574261596739e-06	-0.0003886389109516	-8.291404944999739e-07	1.5104020310564568e-07	6.874739596196611e-13	0.0	0.0	0.0	0.0	0.0	0.0	0.0	0.0	0.0
856.3569262456706	-1.206101297601208	1.4546803400753177	733347.1851289329	995.988083933556	-3.608995887854576	13.02485131855124	991992.2633376364	823.4982993800087	-0.9958795058355464	0.991775990143252	678149.4490817664	844.0654821949813	746.9897312880711	1.209482	16.627668	0.0793267223950364	0.0515058869253072	0.1543457158	-0.0011084659	-0.1516778574	-0.0856287792	-0.129853285	-0.0167892635	-0.0960254646	-0.1238488878	0.0050401796	0.1866888798	0.0486397665	-0.0025315962	0.1441408683	0.0572341545	-0.1733630854	0.084437192	0.00788149	1.80325e-05	-0.0452396879	0.1152138498	-0.0031936529	-0.1502264223	0.1095957997	-0.0284093753	0.1324866077	-0.0298892908	-0.0144016497	-0.069759565	-0.1125017884	-0.0117960445	0.0702523731	-0.0601382744	-0.145087469	0.0024958762	-0.1653954227	0.0417821731	0.0505763511	0.0568669265	0.0782876035	-0.0822691375	0.108642881	0.1905358472	-0.0092600841	0.1041633013	-0.0391766421	-0.1863249748	0.0551456565	-0.0332598807	-0.1106190632	0.0152869476	0.0224079697	0.0696343511	0.1613586373	0.0983289602	0.0141311515	0.081025959	-0.0576417517	-0.0648226482	-0.1527586874	0.1046300699	-0.0489506721	0.0809563455	-0.1411634095	0.0477375289	0.0682286834	0.0032378792	0.0031554209	0.0757672365	0.0065273939	0.0454016386	0.1819152277	-0.0936679526	-0.0340303409	0.0320390372	0.1152285398	-0.1538585052	0.1469813818	0.0217539388474108	-0.0013519805351477	1.827851367418523e-06	0.0004732338553768	-0.0013929246452875	-0.0407303458699601	0.0016589610746865	1.940239067449308e-06	-0.0213688222549137	0.0299620197172885	0.0008977226255391	0.000456626564562	-0.0024094608851338	-0.0001280042140496	5.805501756989755e-06	1.638507881448141e-08	-0.0023310364040678	-1.7473294577e-05	3.0531602337461756e-10	5.43373071708934e-06	-0.0003888089277777	-1.7001682610004974e-07	1.5117238231964478e-07	2.8905721157134555e-14	0.0	0.0	0.0	0.0	0.0	0.0	0.0	0.0	0.0
856.599360134053	0.2424338883823793	0.0587741902361999	733762.4637820689	993.0016719179604	-2.986412015595647	8.918656726894055	986052.3204318646	823.8728797529575	0.3745803729487988	0.1403104557984612	678766.5219924311	844.4315715652059	732.5716894893739	1.215339	16.708187	0.0708088828082206	0.0515900037085717	0.1146436744	-0.0124289344	0.0719197576	0.0847492485	-0.0493577205	0.12508427	-0.1146838264	-0.0891907675	-0.1610640707	-0.0491983807	0.0902265823	-0.0123615242	0.04695106	-0.1060833731	-0.0748092691	-0.1576092344	-0.0939419589	0.004087502	0.0525870119	0.0461828304	0.0985057915	-0.0998738974	-0.0266995002	0.0191538883	0.0841265952	-0.0007326687	-0.0554194963	-0.1498440633	-0.0540107252	-0.0700121069	0.009620985	0.1007148554	0.0328663532	-0.2098553868	-0.1071321804	-0.0150726726	-0.0907714602	-0.1219611516	0.0022582676	0.0204391783	0.0478358422	0.0792853377	0.0738647921	0.0064560872	-0.0462544737	0.0076598602	0.1415402326	-0.0395973739	-0.1323092817	0.2264134247	-0.0407138609	0.0547560105	0.1534193922	0.1425261926	0.0280060267	0.0065443762	-0.0461552754	0.000777327	-0.0328145459	-0.1890244791	0.0079832024	-0.0110750905	-0.0820528124	0.1128804428	-0.0208327808	0.1050511492	0.0961640974	-0.016373627	0.0218892777	-0.102265115	0.2155157977	-0.0337505027	-0.0925053353	-0.0501965085	0.1053369829	-0.1547718027	0.1505910958	0.0198387601119947	-0.0019151787354161	3.667909588590024e-06	0.0003935764027812	0.0482046634117239	0.0495975880570114	0.002459920741073	0.0023236895746375	-0.0180558716172356	0.0033129506376781	1.0975641927691728e-05	0.000326014499858	-0.0023340079763395	7.545290879429995e-05	5.447593233616408e-06	5.693141445520947e-09	-0.0025750490652163	-0.0002440126611485	5.9542178800772754e-08	6.630877688271341e-06	-0.0003890066653972	-1.977376194999968e-07	1.5132618572344914e-07	3.910016616552551e-14	0.0	0.0	0.0	0.0	0.0	0.0	0.0	0.0	0.0
858.0400736124743	1.440713478421344	2.0756553269049283	736232.7679249004	997.355124150223	4.353452232262612	18.95254633859232	994717.2436687069	824.0260330262307	0.153153273273233	0.0234559251143055	679018.9031049467	844.901627089951	737.1577655675898	1.047198	14.396627	0.0318808141745633	0.0252290646375672	0.0468330118	0.0913996474	-0.0473167381	0.049186097	0.1071262054	0.1596728864	0.0118960518	-0.0081628964	-0.1239342648	0.0606102732	0.1088011479	-0.1531534176	0.1012425826	-0.0052789576	-0.0423716704	-0.1254675492	-0.1771443139	-0.12960427	0.0784946072	-0.0191581128	0.032856973	0.004969442	0.0349631816	0.0516253155	0.006699513	-0.1366433248	-0.047642138	-0.169285895	-0.035468685	0.0748325892	-0.1002948215	0.0778691871	-0.0763789383	-0.0143060951	-0.0455167092	0.0699965132	0.0562879082	-0.2382386222	-0.0208502554	0.1125326624	-0.0195024084	-0.033589121	0.0552380852	-0.0514560198	-0.0997244262	-0.011704155	0.1585033094	-0.0167374539	-0.0623721747	0.1585747424	0.0728903175	0.0519854229	0.0918009681	0.2289837654	0.0196303158	0.0476803291	0.137360867	0.0212588236	-0.1105856305	-0.1946125438	-0.0020659318	0.0241687896	-0.0287113952	0.0999118448	0.0211626305	0.1112811157	0.0009271577	-0.064358356	-0.0335654633	0.0537827918	0.1620457084	0.1075775438	0.012394865	-0.1284471135	0.1147321706	-0.1554579513	0.1533170814	0.0196383964279931	-0.0002003636840015	4.01456058666918e-08	0.000385666614263	0.0484326468229454	0.0002279834112215	5.1976435792192644e-08	0.0023457212782761	-0.0247217529184808	-0.0066658813012452	4.443397352229041e-05	0.0006111650673624	-0.0028280098970456	-0.000494001920706	7.997639977787864e-06	2.440378976613158e-07	-0.0025749553301768	9.373503950024092e-08	8.786257630111726e-15	6.630394952405912e-06	-0.0003906427252135	-1.6360598162999803e-06	1.5260173876223008e-07	2.6766917225115254e-12	0.0	0.0	0.0	0.0	0.0	0.0	0.0	0.0	0.0
859.6802755857937	1.6402019733193356	2.6902625132806426	739050.1762312661	997.1826166635932	-0.1725074866297973	0.0297588329433296	994373.1709760508	825.6280908468135	1.602057820582786	2.566589260490466	681661.7443953542	845.9243282395967	750.9541166008571	1.146705	15.76463	0.082334575026098	0.0530858609236963	0.0262578112	0.0046717743	-0.2161043075	-0.0811812709	0.1461015536	0.0077987629	0.0904096873	-0.0289480736	0.0707903493	0.228191507	0.0770733126	-0.1464527601	0.0323741475	-0.1179460747	0.040719076	0.0753904783	-0.0555496621	-0.1709124514	-0.1459916546	-0.0833160965	-0.0537238571	0.0590715418	0.1044476185	0.0877234655	-0.0273921294	-0.1363977804	0.1054386067	-0.045861863	0.0150191857	0.0682712877	0.1063868134	-0.1184367521	-0.1075492865	-0.0090340861	0.0641867213	0.1218828158	0.1414319266	-0.0112408115	0.1259432647	0.0938273174	-0.0915520887	-0.1289675245	0.0691677742	0.0333337119	-0.0593200318	-0.0782748738	0.195474126	-0.1757723422	-0.0525880305	-0.1279215308	0.0165773738	-0.0955135989	0.0582863104	0.1058657371	0.1433496981	0.0288372701	0.1810967753	-0.0360542881	-0.1651511217	-0.1305304505	-0.2251698187	0.046249697	-0.1049526709	0.0463145029	-0.0584063354	0.1369113803	-0.0564746116	-0.026801992	0.044819553	0.0224005156	-0.0308072869	-0.0345881171	0.1728074774	-0.0816185975	0.0016716541	-0.155915944	0.1551433414	0.0197197576901686	8.13612621754986e-05	6.61965498279022e-09	0.0003888688433589	0.0947432049133709	0.0463105580904255	0.0021446677906466	0.0089762748772569	-0.0513164559888679	-0.0265947030703871	0.000707278231402	0.0026333786552574	-0.0028701986981139	-4.2188801068300096e-05	8.238040566654727e-06	1.7798949355805992e-09	-0.0025747384124823	2.169176944997499e-07	4.7053286187086815e-14	6.6292778927118745e-06	-0.0005351960585129	-0.0001445533332993	2.8643482104774346e-07	2.0895666167967418e-08	0.0	0.0	0.0	0.0	0.0	0.0	0.0	0.0	0.0
860.4907074568303	0.8104318710365987	0.6567998175918822	740444.2576195563	1000.79132846292	3.608711799326784	13.022800850600357	1001583.2831265762	826.2758647447687	0.6477738979551759	0.4196110228720426	682731.8046597153	847.1792341678446	757.2925325580431	0.974643	13.39916	0.1082281063517519	0.0818260696965098	-0.0147922597	-0.0687167438	-0.2303634894	-0.0633460572	0.0942059172	-0.187610785	0.1028105735	-0.1129812681	0.1067454288	0.2593804314	-0.004145349	0.1087257527	0.0334410085	-0.1579751033	0.0203345559	0.2257074291	0.1183153779	-0.1151075075	-0.1601837357	0.0433944225	0.0872464566	0.0427316661	0.0386397117	0.04628837	0.0082793968	-0.0852635828	0.0155767898	0.1134077232	0.0217722895	0.0189206332	0.0614929904	-0.0711443298	-0.006312455	0.050384755	0.0610476958	0.1776313601	0.1812801156	0.160484307	0.1163124596	-0.1374718254	0.0226861087	-0.1145147284	0.1507367296	0.005227121	0.0544780369	0.010915488	0.0079508627	-0.0975467273	-0.0830470164	-0.1710676888	-0.0823499381	-0.1499014379	0.089132689	-0.0044630089	0.0719450459	0.0605056844	0.138923385	-0.107586468	-0.1920973335	0.0421347469	-0.1015702946	-0.0815003203	-0.060923407	0.0575485761	-0.0086857534	-0.1422605525	-0.0422427473	0.0228086749	0.0633647154	-0.0290597396	0.0063086019	-0.0647133026	0.1822774998	-0.0108320824	-0.0491220853	-0.1561451084	0.1560591586	0.0105936926522787	-0.0091260650378899	8.328506307579639e-05	0.0001122263240109	0.0157409948716491	-0.0790022100417218	0.0062413491914763	0.0002477789195492	-0.0470977736461577	0.0042186823427102	1.7797280708694837e-05	0.0022182002824247	-0.0029699557670876	-9.97570689736998e-05	8.820637258456894e-06	9.951472810223502e-09	-0.0026009323832305	-2.6193970748200016e-05	6.86124103557558e-10	6.764849262137089e-06	-0.0007268679973796	-0.0001916719388667	5.283370856146301e-07	3.6738132148919996e-08	0.0	0.0	0.0	0.0	0.0	0.0	0.0	0.0	0.0
