global_signal	global_signal_derivative1	global_signal_derivative1_power2	global_signal_power2	csf	csf_derivative1	csf_power2	csf_derivative1_power2	white_matter	white_matter_derivative1	white_matter_derivative1_power2	white_matter_power2	csf_wm	tcompcor	std_dvars	dvars	framewise_displacement	rmsd	t_comp_cor_00	t_comp_cor_01	t_comp_cor_02	t_comp_cor_03	t_comp_cor_04	c_comp_cor_00	c_comp_cor_01	c_comp_cor_02	c_comp_cor_03	w_comp_cor_00	w_comp_cor_01	w_comp_cor_02	w_comp_cor_03	w_comp_cor_04	w_comp_cor_05	w_comp_cor_06	w_comp_cor_07	w_comp_cor_08	w_comp_cor_09	w_comp_cor_10	w_comp_cor_11	w_comp_cor_12	w_comp_cor_13	a_comp_cor_00	a_comp_cor_01	a_comp_cor_02	a_comp_cor_03	a_comp_cor_04	a_comp_cor_05	a_comp_cor_06	a_comp_cor_07	a_comp_cor_08	a_comp_cor_09	edge_comp_00	edge_comp_01	edge_comp_02	edge_comp_03	edge_comp_04	edge_comp_05	edge_comp_06	edge_comp_07	edge_comp_08	edge_comp_09	edge_comp_10	edge_comp_11	edge_comp_12	edge_comp_13	edge_comp_14	edge_comp_15	edge_comp_16	edge_comp_17	edge_comp_18	edge_comp_19	edge_comp_20	edge_comp_21	edge_comp_22	edge_comp_23	cosine00	cosine01	trans_x	trans_x_derivative1	trans_x_derivative1_power2	trans_x_power2	trans_y	trans_y_derivative1	trans_y_power2	trans_y_derivative1_power2	trans_z	trans_z_derivative1	trans_z_derivative1_power2	trans_z_power2	rot_x	rot_x_derivative1	rot_x_derivative1_power2	rot_x_power2	rot_y	rot_y_derivative1	rot_y_power2	rot_y_derivative1_power2	rot_z	rot_z_derivative1	rot_z_power2	rot_z_derivative1_power2	motion_outlier00	motion_outlier01	motion_outlier02	motion_outlier03	motion_outlier04	motion_outlier05	motion_outlier06	motion_outlier07	motion_outlier08	motion_outlier09	motion_outlier10	motion_outlier11	motion_outlier12	motion_outlier13
864.8109387242409	n/a	n/a	747897.9597371029	1135.0346736241054	n/a	1288303.7103289794	n/a	786.8027425130208	n/a	n/a	619058.5556260109	836.0092227688366	678.4795290589518	n/a	n/a	n/a	n/a	-0.0147926182	0.1477477766	-0.0067389942	0.0481960777	-0.1188184546	-0.0899674601	-0.197542728	-0.0383306087	0.1126741388	-0.0731197118	0.1137353044	-0.0322960791	0.0619072456	-0.1283701466	0.0133493814	-0.0537484456	0.0677191604	0.0295243585	-0.0328102981	0.0190001727	-0.0095140765	0.1076978079	-0.0629846553	-0.0238297031	0.0187185026	-0.0502266258	0.0024457398	-0.0164205344	0.2207350185	-0.0253642589	0.0870023571	-0.1594463657	0.0368717085	-0.0131820724	0.0085450515	-0.0903222545	0.0269770383	-0.0046983073	0.0312523409	-0.1753127818	0.1177483858	-0.0126811243	0.087559134	-0.0125008834	0.0048468381	-0.1378725851	0.1793778031	-0.0191048136	0.1096900766	-0.0936451062	0.0035675206	-0.1427315226	0.0426959111	-0.2519324175	0.1308854396	-0.1228981463	0.0232609071	0.1561451084	0.1560591586	-0.0295606833863928	n/a	n/a	0.0008738340022705	0.0001779470572529	n/a	3.1665155184966875e-08	n/a	0.0001571877607631	n/a	n/a	2.470799213371756e-08	0.0004476151505344	n/a	n/a	2.0035932298793363e-07	0.0002517953478702	n/a	6.340089720907503e-08	n/a	-0.0009140566928333	n/a	8.354996377133497e-07	n/a	0.0	0.0	0.0	0.0	0.0	0.0	0.0	0.0	0.0	0.0	0.0	0.0	0.0	0.0
867.5094399548366	2.698501230595639	7.281908891526177	752572.6284107543	1120.7892413906284	-14.245432233477004	1256168.5236169803	202.9323395185856	789.3041576809353	2.5014151679145016	6.257077842272734	623001.0533324108	835.8780510617594	671.0465007384495	1.114785	21.072128	0.0800074908763519	0.0506217306048703	-0.0233053979	0.1439062601	0.0953794182	-0.1694429262	-0.0504739593	-0.0411479582	0.0240836016	-0.013399107	-0.0565764413	-0.0139056591	-0.0131686953	0.103663793	0.080739845	-0.2301038662	-0.0726996795	-0.0321676155	0.0746477887	-0.2138331517	0.1474707674	0.0081589346	-0.0730862502	0.0146358848	0.0259578324	0.0045034597	0.0436152724	0.021352317	0.2215620468	-0.0400281775	0.0755065319	-0.1218660984	0.0708128803	0.0706581304	-0.1271345672	-0.0008591728	0.0434112845	-0.0673940789	-0.0461518294	-0.028378633	0.0385976052	-0.2200213056	0.1022368372	0.0542224579	0.2045390802	-0.0394367269	-0.0636134344	-0.0093067164	0.0754512105	-0.0871086384	0.1747237208	-0.0853543397	0.1638252422	-0.0172293306	-0.097019916	0.0877705022	0.1439348099	-0.2230463267	-0.012650986	0.155915944	0.1551433414	9.091348941581144e-05	0.0296515968758086	0.0008792171972854	8.265262557758858e-09	0.0397146142090889	0.039536667151836	0.0015772505817767	0.001563148049475	0.0001443374288498	-1.28503319133e-05	1.6513103028197643e-10	2.0833293366971075e-08	0.0004300247046655	-1.7590445868900014e-05	3.0942378586670155e-10	1.849212466226505e-07	5.330359230781845e-05	-0.0001984917555623	2.841272952918122e-09	3.939897702623624e-08	-0.0009140113639287	4.5328904600011085e-08	8.354167733908024e-07	2.0547095922369057e-15	0.0	0.0	0.0	0.0	0.0	0.0	0.0	0.0	0.0	0.0	0.0	0.0	0.0	0.0
871.1286177603141	3.619177805477534	13.09844798766118	758865.0686809955	1123.040763001342	2.251521610713553	1261220.5553626362	5.069349563510152	789.7912761688233	0.487118487887983	0.2372844212422751	623770.2599123785	835.388766451215	695.0352362607538	1.116748	21.109232	0.1134820130850756	0.0587646986002464	0.0204903038	-0.0522998622	0.1380743913	-0.1108008057	0.0949357745	0.0372322396	-0.0149366994	0.0138597594	-0.0853206232	0.0058555831	0.0010908312	-0.024139352	-0.060494375	-0.074914504	-0.1140188182	0.068808026	0.0446885889	-0.1061519084	0.0659466441	0.0966783649	0.0024519129	0.0466343397	0.0126851251	-0.0279682005	-0.0406718589	-0.0470296668	0.0130534085	-0.0952060566	-0.1164867727	-0.0907694432	0.0296199728	0.0966052817	-0.0583028851	-0.0030234781	0.0410937613	-0.1041556063	-0.0227762532	-0.0344862937	-0.0209698319	-0.0557721845	0.008183925	-0.1523298861	0.2362492635	-0.0597344029	-0.0857083594	-0.1575136494	0.0366005663	-0.0235847756	0.1600880022	0.0189461051	0.0707868564	0.0777304797	-0.0785558493	0.1119507214	0.1496859677	-0.0984907312	-0.2648380647	0.1554579513	0.1533170814	-0.0332809398067581	-0.0333718532961739	0.0011136805924213	0.001107620954421	0.0344363840355441	-0.0052782301735447	0.0011858645454434	2.7859713764918757e-05	-0.0107291198722947	-0.0108734573011445	0.0001182320736798	0.000115114013234	-0.0005280002225619	-0.0009580249272274	9.178117611890652e-07	2.78784235025416e-07	1.705166605692199e-07	-5.313307564724923e-05	2.9075931531678557e-14	2.823123727736309e-09	-0.0006459999205191	0.0002680114434095	4.173158973106836e-07	7.183013379849717e-08	0.0	0.0	0.0	0.0	0.0	0.0	0.0	0.0	0.0	0.0	0.0	0.0	0.0	0.0
868.5556737774718	-2.5729439828422755	6.620040738844272	754388.9584510381	1123.3676795159186	0.3269165145766237	1261954.9433809796	0.1068744075029278	789.2984487745497	-0.4928273942736041	0.2428788405465104	622992.0412379104	837.3177496542356	707.717581148281	1.13785	21.508108	0.0400246868254444	0.0278217164419475	0.0264267418	-0.0884913699	-0.049206694	0.0773029692	-0.007934639	0.0168648498	0.0038570499	-0.0060628485	-0.0079410695	0.0083738717	0.005841785	-0.04190077	-0.0760230955	0.0619324035	-0.0177058513	-0.0351342923	-0.1110626623	0.0127388704	0.0064424691	-0.1452141145	0.0998052648	0.1746215778	-0.0044808524	0.0068691776	-0.0394373376	0.0079711146	-0.0984106308	0.0193244647	-0.0887484686	0.0389340865	0.0579095796	0.0258428986	0.1403008063	-0.0038819533	-0.0045704377	-0.0498744561	-0.0083471515	-0.0027082397	-0.0353438226	0.0501672055	0.0411150842	-0.1025784916	0.0886982836	-0.0832690125	-0.035291526	-0.1182805473	-0.0348729211	0.054744972	0.0177121236	-0.012004697	-0.0416869392	0.0246997988	0.0996072939	-0.1851459422	0.1052322015	-0.0654825973	-0.0661787516	0.1547718027	0.1505910958	-0.0333073735164077	-2.6433709649602288e-05	6.98741005839477e-10	0.0011093811305614	0.0100348747226064	-0.0244015093129377	0.0001006987106984	0.0005954336567493	1.6695798223054226e-05	0.0107458156705177	0.0001154725544247	2.7874967830494057e-10	-0.0006049997171857	-7.699949462379994e-05	5.928922172320596e-09	3.66024657794777e-07	1.893441523570516e-07	1.882749178783169e-08	3.585120803181037e-14	3.544744470208698e-16	-0.0006259996799879	2.0000240531200045e-05	3.918755993449532e-07	4.00009621305857e-10	0.0	0.0	0.0	0.0	0.0	0.0	0.0	0.0	0.0	0.0	0.0	0.0	0.0	0.0
870.0270850314058	1.4714112539339794	2.165051078203565	756947.1286882451	1120.2754516601562	-3.092227855762303	1255017.087592367	9.56187311195233	791.0470503913032	1.74860161675349	3.0576076141129187	625755.435932781	837.5046348870862	693.5512967265412	1.044405	19.741772	0.1102541210480086	0.0583542244345249	-0.0072792118	0.0040442123	-0.0517929151	-0.0833408234	0.1027056547	0.0334608391	0.0017730227	0.0092408087	0.0041761292	0.0207467375	-0.0909324832	-0.0479962305	0.0040022104	0.0005929846	-0.094102386	-0.0364618682	-0.0988845534	0.0356516889	-0.0807796863	0.1143752726	0.1343533886	-0.0517340554	0.0611742269	-0.0046081457	-0.0790310106	0.0192803668	0.0030857145	0.060632853	-0.0364244102	-0.0655735236	0.0248474724	0.0426437677	-0.0209422787	0.0171823312	-0.0524236185	0.0269701565	0.0299104682	-0.0190507278	-0.028279193	0.0313656736	0.044701212	0.0273634505	0.0513693244	-0.0420445518	0.0320473863	0.0622579413	-0.2104988378	-0.03133717	0.0544863176	-0.0027462118	-0.0281393093	0.0804283462	0.0498883119	-0.1031477823	0.0011202961	-0.0730312882	0.0070374415	0.1538585052	0.1469813818	-0.0108291555421828	0.0224782179742249	0.0005052702832967	0.0001172706097567	-0.0294601323287651	-0.0394950070513714	0.0008678993968283	0.0015598555819878	-3.598472005705844e-05	-5.2680518280112665e-05	2.7752370062612852e-09	1.2949000775848641e-09	-0.0008359238494631	-0.0002309241322774	5.3325954868070164e-08	6.987686821012075e-07	0.0004481425144871	0.0004479531703347	2.0083171329082066e-07	2.0066204281294725e-07	-0.0003403126725174	0.0002856870074705	1.1581271507593517e-07	8.161706623744951e-08	0.0	0.0	0.0	0.0	0.0	0.0	0.0	0.0	0.0	0.0	0.0	0.0	0.0	0.0
871.832413237564	1.8053282061581517	3.2592099319502084	760091.7567716344	1123.6468990299252	3.37144736976893	1262582.3536995668	11.366657367121835	790.6193539089627	-0.4276964823404796	0.1829242810064202	625078.9627754256	836.7817458073241	707.4761619004269	1.066162	20.153044	0.0213248747890499	0.0151218326814239	0.0198968769	-0.1448091217	0.0391868951	-0.0055877088	0.1820361845	0.0070865718	0.012657918	0.0183095177	-0.0504988694	0.0345974672	-0.023338618	0.0017199865	-0.0173159999	0.0488945902	0.0142922113	0.1139028207	0.1544684144	0.0409846869	-0.0372304359	0.0380957866	-0.0759978882	0.0151625172	-0.0826086081	0.0165577901	0.0014292019	0.0072421615	-0.0239874507	-0.0596584149	-0.0637796648	0.0472641285	-0.1208590398	-0.0474387068	-0.1336858401	0.0034787194	-0.0412557952	0.017875394	0.0064096132	0.0388860692	-0.0873627265	0.0857492375	-0.0094983983	-0.0843070745	0.0501573482	-0.0283768626	-0.1708306497	0.0476231814	-0.029175736	-0.0730102894	0.0312234326	-0.1086986958	0.010703258	0.0410955949	-0.0159866503	0.0830656539	0.0956576346	0.0282064841	-0.0374754198	0.152719399	0.1425091225	-0.0144200066376072	-0.0035908510954244	1.2894211589510614e-05	0.0002079365914286	-0.0295091467909287	-4.901446216360253e-05	0.0008707897443285	2.402417501187224e-09	-0.000153859326204	-0.0001178746061469	1.3894422774296593e-08	2.367269225994888e-08	-0.0007829733326419	5.295051682120005e-05	2.803757231632189e-09	6.130472396283634e-07	0.0001651272069267	-0.0002830153075604	2.72669944674132e-08	8.009766431350781e-08	-0.0003249358043927	1.5376868124699998e-05	1.05583276976331e-07	2.3644807332441477e-10	0.0	0.0	0.0	0.0	0.0	0.0	0.0	0.0	0.0	0.0	0.0	0.0	0.0	0.0
868.0449632667179	-3.787449970846069	14.344777281661887	753502.0582527176	1123.8582847968682	0.2113857669430672	1263057.4443065587	0.0446839424661087	789.1610162099203	-1.4583376990424313	2.1267488444483726	622775.109505474	837.6273050886006	708.0208571094377	1.016279	19.210138	0.0932998807851978	0.0614747297001098	0.0393540904	-0.088960087	-0.0615674461	0.1947286099	0.0068757321	0.0124282463	-0.0385267472	0.0156312577	0.0763817776	0.0039809706	0.0132857093	-0.0512555099	-0.0203665452	0.0860351423	0.0231411748	0.0900273648	0.137480634	0.0233497545	0.0952169136	-0.1076683845	0.0178017494	0.1461177822	-0.0440562108	-0.0008734115	-0.0321070623	-0.0049941395	-0.1176646448	0.018256803	-0.0638219956	0.0630666605	-0.0490390016	-0.0895443065	-0.0549432117	0.0141807023	-0.0202627252	0.0095954306	-0.0190081252	-0.0352618192	0.0201236524	0.1392024115	-0.0138499041	-0.1424905134	-0.103498446	-0.0101353234	-0.0136043402	0.0296625757	0.0598233677	0.0879154407	0.0672318118	-0.0391136265	0.0145617495	0.0504018084	-0.0349646741	-0.059740487	-0.0537590227	-0.0837229165	0.0022333682	0.1513561561	0.1372005631	-0.010892688169477	0.0035273184681302	1.2441975575612388e-05	0.0001186506555574	0.0270099760564619	0.0565191228473906	0.0007295388065706	0.0031944112474384	-0.0026079886582976	-0.0024541293320936	6.022750778642178e-06	6.801604841808915e-06	-0.0004079994752047	0.0003749738574372	1.4060539376133357e-07	1.664635717673106e-07	5.0807678730890884e-08	-0.0001650763992479	2.581420218021422e-15	2.7250217588674894e-08	-0.0002489998583262	7.59359460665e-05	6.200092944646767e-08	5.7662679050143965e-09	0.0	0.0	0.0	0.0	0.0	0.0	0.0	0.0	0.0	0.0	0.0	0.0	0.0	0.0
867.4830632063354	-0.561900060382527	0.3157316778578875	752526.8649498469	1120.7955633843696	-3.062721412498604	1256182.6949020866	9.380262450577444	789.321082051595	0.1600658416747364	0.0256210736710418	623027.7705711008	836.5939732807836	687.5660352929384	0.975971	18.448214	0.036526038811537	0.0202958019710431	-0.0094574502	0.0292067597	-0.1116760183	0.0134190246	-0.0720798278	-0.0245149095	0.026189458	0.0228199534	0.0635701187	0.0111050887	0.033954909	0.0173786802	0.0682808758	-0.0143929923	0.0996418069	-0.1022366461	-0.0050982659	0.0652453297	0.0065589089	-0.095537891	-0.0421544763	0.0430194376	-0.04198995	0.0158539188	0.0137898536	0.0038393627	0.0382365976	0.0551914419	0.1285817287	0.0033464944	-0.0245083859	-0.0448232367	0.0671757458	0.0094944642	-0.0392926383	0.0284603238	-0.0360229043	-0.0180609561	0.0202137512	0.0036398785	0.0639470135	0.0239671927	-0.0690888925	0.0115803109	0.0443582414	-0.0006122392	-0.0281809542	-0.0434501944	-0.0458387675	-0.0756293158	0.0042767495	-0.0045215492	0.148978539	-0.0542201946	-0.0814711001	-0.0098149531	0.0130185574	0.1497707771	0.1310868562	-0.0109083346367668	-1.5646467289799973e-05	2.448119386507805e-10	0.0001189917645476	0.0125208792406112	-0.0144890968158507	0.0001567724169579	0.000209933926539	-8.867977967952356e-05	0.002519308878618	6.346917225883869e-06	7.864103324008841e-09	-0.0003459798672636	6.201960794109999e-05	3.846431769167752e-09	1.197020685517383e-07	0.0002440285387868	0.000243977731108	5.9549927742420766e-08	5.952513327664128e-08	-0.0001649574643798	8.404239394640002e-05	2.7210965054612985e-08	7.063123980241894e-09	0.0	0.0	0.0	0.0	0.0	0.0	0.0	0.0	0.0	0.0	0.0	0.0	0.0	0.0
868.2866688018315	0.8036055954961512	0.6457819531127238	753921.7392189815	1121.1787407081445	0.3831773237748166	1257041.7686159003	0.1468248614552306	790.6056964450412	1.2846143934461909	1.6502341398491245	625057.3672513486	837.7153925008631	690.4887156301115	0.819544	15.49136	0.0191189795098256	0.0108343740853154	-0.0156354525	0.043526189	-0.0817001519	-0.0711046589	0.0022625649	0.0070439774	0.0339888712	0.0066179301	0.0118150746	0.0181446571	-0.039259891	0.0325531065	0.0453988341	-0.0289292809	0.026790344	-0.0700385889	-0.0864232537	-0.0752653397	-0.0178733715	0.0799750714	0.0836989463	-0.0903354413	0.0894471922	0.0099868552	-0.0060790266	0.0080831794	0.0792935031	0.0950241182	0.0337414126	-0.01696455	0.0249314505	0.1370967	-0.0015429382	0.0147466148	-0.0337395718	0.0205173628	-0.0030532573	-0.0509164032	0.0084396663	-0.0131204462	0.0807071859	0.0522680673	-0.0486754012	0.0347825116	0.0634447633	-0.0046204753	-0.1488100402	-0.0570618878	-0.0302313668	0.0367509895	0.0106884611	0.0163901904	0.0395255403	0.0733400462	-0.0636756467	0.0999352874	-0.0012531416	0.1479655889	0.1242038795	-0.0108614847124925	4.684992427429931e-05	2.1949154045075796e-09	0.0001179718501597	0.0050748232614523	-0.0074460559791589	2.575383113497736e-05	5.5443749644768005e-05	-3.515387575703244e-05	5.3525903922491125e-05	2.8650223907197507e-09	1.235794980740873e-09	-0.0004079669170412	-6.198704977759996e-05	3.842394340130655e-09	1.6643700540010137e-07	0.0002175625098987	-2.64660288881e-05	4.733344571342194e-08	7.004506851057437e-10	-0.0003079553397635	-0.0001429978753837	9.483649128885272e-08	2.0448392364252197e-08	0.0	0.0	0.0	0.0	0.0	0.0	0.0	0.0	0.0	0.0	0.0	0.0	0.0	0.0
869.4159753665531	1.12930656472156	1.2753333171232106	755884.1382225748	1123.75029850673	2.571557798585445	1262814.7333939646	6.612909511465621	790.7519332038032	0.1462367587620292	0.0213851896132239	625288.619865552	837.6006746842703	694.5369747452565	0.833308	15.751537	0.0653916591985513	0.0295778943250754	0.0034008928	0.0067320487	-0.0131237638	-0.0954305202	0.1377984676	0.0011525236	0.0181478752	-0.023170574	0.010892777	0.0280686102	-0.022160265	0.0216733594	-0.0619808565	0.0241147013	0.0342238284	0.0001294592	-0.01537832	-0.0054809017	-0.0309865552	0.1834810009	0.1277748507	-0.0788198199	0.0775230195	0.019693714	-0.0108508347	0.0230932291	-0.034826446	-0.0144758533	-0.0031674069	0.0387126388	-0.0291560271	0.1284272249	-0.0582080886	0.0088040241	-0.0371270014	0.0261651251	0.004767919	0.0434037409	-0.041744039	0.0024589918	0.0194852747	0.0369406125	0.0199754454	0.0435185293	-0.0451513836	0.1459057621	-0.1289062422	-0.0594816027	-0.0326189298	-0.0819588906	0.0288589773	-0.0183107637	-0.048707122	0.0384788685	0.0020385793	0.1899642884	0.0084888525	0.1459432408	0.1165920251	-0.0008492129287418	0.0100122717837507	0.0001002455862716	7.211625983422254e-07	-0.0134529279878137	-0.018527751249266	0.0001809812714453	0.0003432775663546	0.0059428614294176	0.0059780153051746	3.573666698890216e-05	3.53176019692594e-05	-0.000128999999301	0.0002789669177402	7.78225411934675e-08	1.6640999819658e-08	1.2048734898684188e-08	-0.0002175504611638	1.4517201265877027e-16	4.7328203152582636e-08	-0.0001870003014603	0.0001209550383032	3.4969112746243084e-08	1.4630121290928581e-08	0.0	0.0	0.0	0.0	0.0	0.0	0.0	0.0	0.0	0.0	0.0	0.0	0.0	0.0
868.3450113369672	-1.0709640295858662	1.146963952666796	754023.0587137977	1124.741842363264	0.9915438565340082	1265044.2119627092	0.983159219430334	790.5467013041178	-0.2052318996853728	0.0421201326484669	624964.0869428221	838.1555299765708	693.3331748642039	0.736996	13.931004	0.1185222955798452	0.06295590025379	0.0179315428	0.0280977611	0.0162838615	-0.0096944004	0.1588468308	-0.0064365991	-0.0246060741	0.0256094687	0.0088772734	0.0368898556	0.0270792503	-0.0064245216	-0.0531842036	0.0357149579	0.0484239571	0.0583829641	0.1768077165	0.0308399654	0.0170633834	0.0775209085	0.0476121335	-0.0892495824	-0.0421074571	0.0313344941	0.0038777658	0.0081682703	-0.0772541984	-0.0415002427	0.0184528639	0.0783804223	-0.0679457882	-0.000624371	-0.1460166501	0.0145222401	-0.0230219718	0.0238471074	-0.0003052088	0.0317288774	0.011652352	0.0144976606	-0.0013949946	-0.0412299682	-0.0047624867	0.0830750792	-0.043970428	0.1931667333	-0.0348579556	-0.0336619078	-0.0287584865	-0.051672809	0.0432013326	-0.0079420628	-0.0019575909	0.070985077	-0.0959412594	0.1764402155	-0.0650052334	0.1437067008	0.1082959623	-0.0182480966237505	-0.0173988836950087	0.0003027211538324	0.0003329930303897	0.0431139065588723	0.056566834546686	0.0018588089387671	0.0031998067706321	8.974639891334846e-05	-0.0058531150305042	3.425895556031479e-05	8.054416117913872e-09	-0.0004079832989632	-0.0002789832996622	7.78316814904089e-08	1.6645037223289585e-07	0.0003930175554947	0.0003930055067598	1.544627989270296e-07	1.5445332834352825e-07	-8.491986172937523e-05	0.0001020804397309	7.211382916136207e-09	1.0420416175658963e-08	0.0	0.0	0.0	0.0	0.0	0.0	0.0	0.0	0.0	0.0	0.0	0.0	0.0	0.0
868.4365010043031	0.0914896673358498	0.0083703592292244	754181.9562765969	1122.6345287936551	-2.107313569608777	1260308.285239752	4.440770480657288	790.3127195570204	-0.2339817470974594	0.0547474579747794	624594.1946936136	837.3047745936442	688.5281015339758	0.87792	16.594816	0.0838048725763035	0.0415220536492422	-0.0086735637	0.0429947472	-0.0783636038	-2.4372e-05	-0.0541059361	-0.0318458532	0.0225074974	0.0083093259	-0.023345258	0.0153933719	-0.0052175953	0.0082701362	0.0448173987	0.0691764343	0.0556732466	-0.0892755442	0.0074372876	-0.0456061939	0.0166941836	0.0454264296	0.0431321338	0.0035309682	-0.0941114379	0.0253328347	0.0196667749	0.0318574199	0.0543023377	0.0379515509	0.0582424386	0.0813449497	-0.0101029962	-0.0010257244	-0.0160571777	0.0162629726	-0.0203356383	0.0388740628	-0.0265109543	-0.0144204405	0.024401004	-0.0172330463	0.0628062234	0.0558370605	-0.0858609619	0.0532038516	0.0774650857	0.0271406482	-0.0218244776	-0.0334837384	-0.1120783546	-0.0266925735	0.0179789647	0.0053973872	0.137359991	0.0472661979	-0.1450118145	0.146002563	0.0031157333	0.1412592515	0.0993643757	-0.0108712782678992	0.0073768183558513	5.4417449055224704e-05	0.000118184691178	0.0102111105472175	-0.0329027960116548	0.0001042667786074	0.0010825939853845	-0.0106827606925605	-0.0107725070914738	0.0001160469090358	0.0001141213760145	-0.0002279934758605	0.0001799898231027	3.2396336420541246e-08	5.19810250349524e-08	5.802565537105231e-05	-0.0003349919001236	3.366976681240132e-09	1.1221957314845196e-07	-0.0002249931608495	-0.0001400732991201	5.0621922429048985e-08	1.9620529126395947e-08	0.0	0.0	0.0	0.0	0.0	0.0	0.0	0.0	0.0	0.0	0.0	0.0	0.0	0.0
867.8913706213211	-0.545130382981938	0.2971671344500344	753235.4311989554	1122.337478851105	-0.2970499425500748	1259641.4164338547	0.0882386683690027	789.7059237162272	-0.606795840793211	0.3682011924039399	623635.4459524996	837.4275374137242	692.1812632962667	0.7696619999999998	14.54848	0.0387810775887936	0.0194326480504456	-0.0124009776	0.0301138892	-0.0859115587	0.0087836192	-0.0885992211	-0.0026316913	0.0433764423	0.0173308079	0.0401308586	-0.0123480463	0.0171946405	-0.0387524484	0.0697292463	0.0103069863	0.0312105558	-0.087933594	-0.1310533102	0.1180034051	0.0405974261	0.0178824725	-0.003457628	-0.1426841057	0.012995951	-0.0008428559	0.0165202473	-0.031248595	0.0298002136	0.1047489455	0.0564092923	0.0214274639	0.0793899889	-0.01942058	0.0686537162	0.0190380737	-0.0344428646	0.0566115892	0.0100701558	-0.0216525925	0.0853628556	0.0251629827	0.0272928192	0.0714737729	-0.1143220456	-0.0182222419	0.0876643727	-0.0334372545	-0.0606811031	-0.003459515	-0.0021673368	0.0794087122	-0.1155969906	0.0369878462	0.0808234458	-0.1508136553	-0.0446981841	-0.0960984341	-0.0747105783	0.1386044847	0.0898496795	-0.0107982097925116	7.306847538759986e-05	5.3390020954682866e-09	0.000116601334723	0.0026120715356654	-0.0075990390115521	6.822917707433402e-06	5.774539389909071e-05	-0.016367559956123	-0.0056847992635625	3.2316942667000753e-05	0.0002678970189172	-0.0001419981987466	8.59952771139e-05	7.395187685896452e-09	2.016348844727891e-08	0.0002720013459149	0.0002139756905438	7.398473217951708e-08	4.578559614371647e-08	-1.64807117414194e-05	0.000208512449108	2.716138595037593e-10	4.347744143304989e-08	0.0	0.0	0.0	0.0	0.0	0.0	0.0	0.0	0.0	0.0	0.0	0.0	0.0	0.0
868.9819313841008	1.09056076277966	1.1893227773145536	755129.5970720421	1121.33494631894	-1.0025325321651053	1257392.0618361	1.005071478049378	790.9130803002251	1.2071565839979712	1.457227018289651	625543.5005899904	838.1247932069741	691.8304369913104	0.8092669999999998	15.297106	0.044266206829744	0.0235387467979051	-0.0039787383	0.031469204	-0.0498161365	0.0199851896	-0.0735724036	-0.0033164906	0.0190051269	0.0282005497	0.0076863825	0.0228797026	-0.0399063533	-0.0695528858	0.038246939	-0.0066409845	-0.013326629	-0.0055431112	-0.0757920608	0.1345275476	-0.0881330945	0.014322685	0.023387925	-0.0753802223	0.0892411732	0.0087690872	-0.0569862445	-0.0089027869	0.0135124751	0.045569786	-0.0219340713	-0.0494879976	0.0132002513	-0.0665693481	0.0772734776	0.0195034025	-0.0326410143	0.0447603323	0.026076043	0.0431628023	0.0104773534	0.0648849259	-0.0533478822	0.0354080737	-0.0128359884	-0.025383275	0.0153431344	0.031962407	-0.0901994226	0.1477450502	-0.0319271953	-0.0471547928	-0.0961996899	0.0337216089	-0.0551177448	-0.0709791152	0.0239467678	-0.0534009447	0.0651302497	0.1357462967	0.0798077096	-0.0109324326353288	-0.0001342228428172	1.801577153393112e-08	0.000119518083326	-0.0130547975508648	-0.0156668690865302	0.000170427739094	0.0002454507869744	-0.0094771366076997	0.0068904233484233	4.747793392049697e-05	8.981611828100178e-05	-0.0001589999942785	-1.7001795531900008e-05	2.89061051308535e-10	2.5280998180563032e-08	-1.0052107146663047e-08	-0.000272011398022	1.0104485808799431e-16	7.399020065390828e-08	0.0001259999257441	0.0001424806374855	1.587598128751871e-08	2.030073205828e-08	0.0	0.0	0.0	0.0	0.0	0.0	0.0	0.0	0.0	0.0	0.0	0.0	0.0	0.0
869.0060964272167	0.0241650431158859	0.0005839493087926	755171.595627669	1123.0819186764163	1.746972357476352	1261312.9960579006	3.051912417786484	791.2860298580594	0.3729495578342039	0.1390913726887282	626133.5810485296	838.5543980506685	694.315970715987	0.889544	16.814531	0.0684933269926335	0.0327358851474163	0.0258233351	-0.0190717192	-0.0466622386	0.1467012121	-0.0519890751	0.0185521262	-0.0335028751	0.0493916077	0.0359856717	0.0299281314	-0.0482276173	-0.0784750612	-0.0851922534	0.1315442451	-0.0480486559	0.1234440027	0.0662236281	0.1076949234	-0.05555253	-0.1608628579	-0.0404377784	-0.0958575013	-0.0574725969	0.0102041022	-0.0673728161	0.0041657113	-0.1646576343	-0.0410148481	-0.1228896626	0.0128992486	-0.0791625686	-0.1571544015	0.0821957911	0.0119901213	-0.0133239662	0.0398664523	0.0295805719	0.0566223447	0.0277622882	0.1181244812	-0.0709173103	-0.1103766889	-0.0393038903	0.01591602	-0.0177535669	0.056107948	0.0236385711	0.1982433608	0.0498134855	0.0286661572	0.0542234235	-0.0859146834	-0.2078524306	-0.0820111456	-0.0888599594	0.0541601148	0.0624367339	0.1326888823	0.0692973963	-0.0162910638043882	-0.0053586311690593	2.8714928006014905e-05	0.0002653987598786	0.0064134916956959	0.0194682892465607	4.1132875730760266e-05	0.0003790142861877	-0.0247446814455258	-0.0152675448378261	0.000233097925375	0.0006122992598405	-0.000201983268002	-4.29832737235e-05	1.847561819989325e-09	4.079724055276776e-08	0.0002790121339335	0.0002790221860406	7.784777088212536e-08	7.785338030290126e-08	-0.0001199718492755	-0.0002459717750196	1.4393244618583293e-08	6.050211410629272e-08	0.0	0.0	0.0	0.0	0.0	0.0	0.0	0.0	0.0	0.0	0.0	0.0	0.0	0.0
870.530153149087	1.5240567218703518	2.322748891478202	757822.7475417729	1129.2127574573865	6.13083878097018	1275121.4516045144	37.58718415824792	792.2186055925157	0.93257573445635	0.8696975004968004	627610.31904695	839.8704868569513	696.2975018235795	0.962261	18.189068	0.0513740562803553	0.0232197200469785	0.0157881809	-0.0360093624	0.0313842736	0.1182346427	0.0452912893	-0.0289880758	-0.014022746	-0.0343994015	-0.0415322265	0.0648093196	-0.0304247723	0.0062586688	-0.0131811882	0.0852229331	0.0588599818	0.1095174898	0.0287549557	-0.0152774636	0.1277866516	0.1169363508	-0.036899606	-0.051484094	0.0436224682	0.0500908246	-0.0230198213	0.0466522552	-0.0478366618	-0.0040218781	-0.063693191	0.105052468	-0.097827371	0.0119382686	-0.0748511602	0.0150294369	-0.0125915956	0.0610682748	-0.0097372687	-0.0009317341	0.0503597261	0.0444090297	-0.0051064257	-0.0166376833	-0.1285961104	0.0627360897	-0.0284918528	-0.1047700983	0.1113650099	-0.0329454267	-0.0196047885	0.043159585	-0.0167683597	0.0472763274	0.0323194072	0.1220398102	-0.0873602776	0.0785129754	0.1500407517	0.1294367287	0.0583804184	-0.0109103493144857	0.0053807144899025	2.8952088421846725e-05	0.000119035722164	0.0218756462885068	0.0154621545928109	0.0004785439005398	0.0002390782246519	-0.0163617031626159	0.0083829782829099	7.027432489173901e-05	0.0002677053303815	-8.800000046023616e-05	0.0001139832675417	1.2992185279497312e-08	7.744000081001565e-09	3.0808915418845118e-09	-0.0002790090530419	9.491892692855524e-18	7.784605167937022e-08	-6.999999156458157e-05	4.997185771091843e-05	4.899998819041491e-09	2.497186563080277e-09	0.0	0.0	0.0	0.0	0.0	0.0	0.0	0.0	0.0	0.0	0.0	0.0	0.0	0.0
869.4523087978482	-1.0778443512388094	1.16174844549741	755947.3172739088	1127.0424846835904	-2.170272773796114	1270224.762281761	4.710083912680679	790.6252438439263	-1.5933617485893592	2.5388016618677405	625088.276203268	839.342708878575	699.2192502118195	0.831275	15.713115	0.0425590943948362	0.0202151468479054	0.0016958887	-0.0630228198	0.104972863	0.1694938602	0.0709733379	0.0070182445	-0.0076744209	-0.0407594199	0.0642630533	0.0228121137	0.0404822492	0.0257441083	0.0242316372	0.1603593111	0.0355731158	-0.011368131	-0.0302707131	-0.0752687501	0.136934917	0.0162652757	-0.1390614819	-0.0247838316	0.1008305658	0.0278924196	0.0281002121	0.0094665097	-0.0999436761	0.0977065235	-0.034531097	0.0861633975	0.0007154869	0.0622899598	-0.0105295574	0.0033066688	-0.0003835494	0.0373400502	-0.0103934604	-0.0448348205	-0.0087589394	0.0478062013	0.025821786	-0.0128706965	-0.1476040435	0.0419895204	-0.0791839796	-0.1359357352	0.0964011878	-0.0149470107	0.0186130098	0.0756150461	-0.0830007952	0.0338488873	-0.0136916691	0.1516645527	0.0133162876	0.042751494	-0.0765553265	0.1259946088	0.0471208409	-0.0065330983265994	0.0043772509878863	1.916032621095159e-05	4.268137374501587e-05	0.0087396250604285	-0.0131360212280783	7.638104619686986e-05	0.0001725550537045	-0.0226068403427746	-0.0062451371801586	3.9001738399000535e-05	0.0005110692302837	7.300000275053691e-05	0.0001610000032107	2.592100103386894e-08	5.3290004015783965e-09	-1.0430991626009243e-08	-1.3511883167893757e-08	1.0880558630187496e-16	1.8257098674281055e-16	-0.0002850001764449	-0.0002150001848803	8.122510057362415e-08	4.6225079498571104e-08	0.0	0.0	0.0	0.0	0.0	0.0	0.0	0.0	0.0	0.0	0.0	0.0	0.0	0.0
866.4338765611054	-3.0184322367427967	9.110933167808122	750707.6624527049	1127.0693468747438	0.026862191153441	1270285.3126646616	0.000721577313564	789.4899593777127	-1.1352844662136476	1.2888708192260068	623294.3959582224	837.9024351069694	692.7901043424711	0.994543	18.799263	0.0389711185373682	0.0199190160929388	0.006256062	0.0400392372	-0.0506055958	0.1652746561	-0.082036191	0.0018199573	-0.020278336	-0.0479593091	0.0932222858	-0.0254271207	0.0302803513	-0.0704577567	0.0453947989	0.1401190823	-0.028582372	-0.0540788595	-0.1067448701	0.021948787	-0.0192674623	-0.1021705119	-0.021263479	-0.1177817877	0.0474114066	-0.0188022013	-0.0252077753	-0.0286195686	-0.0748299809	0.1356331966	-0.061516724	0.0275737045	0.0616760446	-0.0405340734	0.1702822298	0.013426062	-0.0103659989	0.0552864415	0.0138510344	-0.0203149236	0.035777853	0.0406108794	0.002478993	0.0119365569	-0.1040001335	0.0172947379	0.0650565193	-0.1228599338	-0.0057837195	0.181686119	-0.0478167702	0.0057902461	-0.1150649619	0.0415170284	-0.0838647479	0.026198924	0.04901365	0.0296931064	-0.0031344555	0.1223675745	0.0355847396	-0.0109257191202516	-0.0043926207936522	1.9295117436825693e-05	0.0001193713382946	-0.0057703836350953	-0.0145100086955238	3.3297327296175645e-05	0.0002105403523441	-0.0163389963896491	0.0062678439531255	3.92858678207319e-05	0.0002669628030209	-5.799488513477235e-05	-0.0001309948878853	1.7159660652084748e-08	3.3634067017954392e-09	5.300564364429938e-05	5.301607463592539e-05	2.8095982581464558e-09	2.8107041698020122e-09	-0.0001929982370648	9.200193938010002e-05	3.7248319510120745e-08	8.464356849699599e-09	0.0	0.0	0.0	0.0	0.0	0.0	0.0	0.0	0.0	0.0	0.0	0.0	0.0	0.0
867.9453471372136	1.511470576108195	2.284543302440839	753329.1256171382	1122.943479684683	-4.125867190060717	1261002.0585663442	17.022780070019515	790.8365552266439	1.3465958489312015	1.8133203803587437	625422.4570827446	838.0974103039873	681.657134624143	0.934348	17.661434	0.0282169755248087	0.0193322311206777	-0.0018802785	0.0870134279	-0.0479067016	0.0004608764	-0.1121928469	0.0050167125	-0.0450791765	0.0084770105	0.0381896158	-0.0075714521	-0.0397366376	-0.0208824387	0.0277434349	-0.0130510584	-0.0062149386	-0.0347157227	-0.1011225612	0.1294438328	-0.091363086	-0.1440359803	-0.1062813346	-0.1083858435	0.0363323263	-0.0151312443	-0.0622442911	-0.0005161258	-0.0164867546	0.013755678	0.0186332227	-0.11112432	0.009081966	-0.0637346517	0.1950740976	0.0105672803	-0.0215045204	0.0366246294	0.0419173304	0.0547606777	0.0143557069	0.0064828336	-0.0679744058	0.0370040709	0.008986748	0.0030677056	0.0187161319	0.0956005586	-0.0605712629	0.1741360977	-0.0644248667	-0.0562756486	-0.0740592888	-0.0269364462	-0.0599726524	-0.0430888976	-0.033593753	0.0136350297	0.0499980765	0.1185609488	0.023839813	-0.0109608838295969	-3.51647093452985e-05	1.2365567833393234e-09	0.0001201409743259	-0.0232532452229321	-0.0174828615878368	0.0005407134133978	0.0003056504492994	-0.0163876131015712	-4.861671192210246e-05	2.363584678116699e-09	0.0002685538631667	8.599999980255244e-05	0.0001439948849373	2.0734526888113408e-08	7.395999966039019e-09	-7.567978466127556e-09	-5.301321162276551e-05	5.72742980637704e-17	2.81040060656012e-09	-0.0001769996833108	1.599855375399999e-05	3.13288878921235e-08	2.5595372221962715e-10	0.0	0.0	0.0	0.0	0.0	0.0	0.0	0.0	0.0	0.0	0.0	0.0	0.0	0.0
869.8615235285909	1.9161763913772347	3.6717319628714815	756659.0701154813	1124.5885224775834	1.6450427929003126	1264699.344888314	2.706165790473261	791.5456974453397	0.7091422186957743	0.5028826863367654	626544.5911442292	838.3592571495094	692.9768793601456	0.9406270000000002	17.780134	0.0747528607925885	0.0591966080641667	-0.010027093	0.0086036191	0.0094671978	-0.0407260371	0.0826146958	-0.0108838036	0.008116924	0.0095814266	-0.049843879	0.0183890032	-0.0427972204	0.02418448	0.0215425361	-0.0348816715	0.0594595094	0.0993302048	0.1398677758	-0.0067923684	0.048457139	0.1690469602	-0.0221569283	-0.0272330925	-0.1733895481	0.0169522557	0.0061781965	0.022288987	0.0510927511	-0.0773865712	0.0542310845	0.0115439284	-0.1281784234	-0.0454685003	-0.1761006791	0.0040557467	-0.019266491	0.0466962738	-0.0079023715	0.0563969986	-9.22687e-05	-0.0063961534	-0.0482399241	-0.01919128	-0.0198303269	0.0680083704	-0.0922465061	0.1687387831	6.80799e-05	-0.0348481622	-0.068267904	-0.040250489	0.0466130293	-0.0213909246	0.0569106516	0.1708660531	-0.0300528025	0.1012358672	0.0162183407	0.1145803187	0.0119549848	-0.003385888037414	0.0075749957921828	5.738056125158863e-05	1.1464237801903227e-05	0.0349830414895109	0.0582362867124429	0.0012238131918568	0.0033914650900538	-0.0163467157914993	4.0897310071900256e-05	1.672589971117154e-09	0.000267215117168	-5.299999969472717e-05	-0.0001389999994972	1.9320999860243727e-08	2.80899996764108e-09	5.734298369475255e-09	1.3302276835602813e-08	3.2882177790166565e-17	1.769505690110151e-16	-0.0002160000010945	-3.900031778369999e-05	4.6656000472824e-08	1.5210247872295854e-09	0.0	0.0	0.0	0.0	0.0	0.0	0.0	0.0	0.0	0.0	0.0	0.0	0.0	0.0
868.5008485407562	-1.3606749878346136	1.8514364225187256	754293.7239160136	1128.9528678947397	4.364345417156301	1274534.5779277575	19.04751092025321	790.4548876444499	-1.090809800889815	1.189866021717278	624818.9294009998	839.058308607497	695.5327695724939	0.942649	17.81834	0.0713369117073307	0.0459164661687168	0.0139627409	-0.0395795498	0.1094697387	0.1322245453	0.1141252627	-0.005851016	-0.0225066682	-0.0115109853	-0.0094424538	0.0028297322	0.0276807537	0.0325530205	-0.0242467716	0.0954095845	0.053758845	0.0963289952	0.0652725572	-0.0852134118	0.0050542451	-0.0757518929	-0.0104340073	-0.0229776898	0.0846534118	0.020079441	0.0343454242	0.0121310199	-0.0684345287	-0.0327078247	-0.0717962339	0.1335540224	-0.0403036268	0.0591275444	-0.0490291177	-0.0005065788	-0.0017193096	0.0323421564	0.0085573526	0.0063219821	-0.0063457219	0.0713285962	-0.0228789694	-0.0423458684	-0.1085628147	0.0987732623	-0.0993948458	-0.1264811313	0.1543186279	-0.0112470621	-0.0026002175	0.0739408052	-0.0009528029	-0.0076541097	0.0058806298	0.1717406628	-0.0583184434	0.0393444922	0.0733561763	0.1104315261	-0.0	0.0007420590345219	0.0041279470719359	1.703994702870417e-05	5.506516107155744e-07	-0.0029982102979033	-0.0379812517874142	8.989264990453395e-06	0.0014425754873389	-0.0081702577437852	0.0081764580477141	6.685446620602869e-05	6.675311159988203e-05	-0.0004079999845113	-0.0003549999848165	1.2602498921976696e-07	1.6646398736122105e-07	3.06596519283886e-08	2.4925353558913343e-08	9.400142563699426e-16	6.21273250036834e-16	-0.0001499998152593	6.600018583519999e-05	2.2499944577824133e-08	4.356024530280933e-09	0.0	0.0	0.0	0.0	0.0	0.0	0.0	0.0	0.0	0.0	0.0	0.0	0.0	0.0
866.593941437031	-1.9069071037251888	3.636294702237588	750985.0593353685	1124.8943267502152	-4.058541144524497	1265387.24635482	16.471756221798216	789.9531669616699	-0.5017206827799328	0.2517236435291619	624026.0059927719	838.442212431752	688.4381459830894	1.051814	19.881823	0.0789168379675021	0.045946504973316	-0.0310158503	0.0533040214	-0.1130747921	0.1070875113	-0.1266378788	0.0036009505	0.0011052189	-0.0155354259	0.0932272567	-0.0273034816	0.0437520637	-0.0344846253	0.0562140972	0.0718799555	0.0650403035	-0.0649562162	-0.1326874223	0.1024587058	-0.0033406618	-0.1370226582	-0.0870419882	-0.0232275825	-0.0798532092	-0.014921389	0.0029867642	-0.0095726007	-0.0549046741	0.0758493847	0.0486753361	0.0450556682	0.0166766225	-0.1117142786	0.209549342	-0.0023220089	-0.0273314256	0.0530628033	0.0079967821	0.0195380317	0.0145510949	0.0044521453	-6.2856e-06	0.0651977929	-0.106732791	0.0318571915	0.0671182557	-0.0433380798	0.0319915101	0.1103306634	-0.1245835638	-0.10943992	-0.071168184	-0.0220597104	0.0693461359	-0.0114253991	-0.0097667889	0.0244479638	-0.0212732932	0.10612066	-0.0119549848	0.0080566715207908	0.0073146124862689	5.350355582428092e-05	6.490995599392156e-05	-0.0225367911059066	-0.0195385808080033	0.0005079069533512	0.0003817561399908	-0.003459245702885	0.0047110120409002	2.219363444950667e-05	1.1966380832928336e-05	0.0003559977803492	0.0007639977648605	5.836925847118398e-07	1.2673441961355725e-07	-8.500926192178682e-05	-8.50399215737152e-05	7.226574612486954e-09	7.231788261263632e-09	-5.198484904692132e-05	9.801496621237867e-05	2.702424530431196e-09	9.606933601613737e-09	0.0	0.0	0.0	0.0	0.0	0.0	0.0	0.0	0.0	0.0	0.0	0.0	0.0	0.0
866.3522005828173	-0.2417408542137309	0.0584386405959843	750566.1354546901	1122.026702187278	-2.8676245629371806	1258943.9204212588	8.223270633960656	789.5237797207302	-0.4293872409397181	0.1843734026818235	623347.7987445081	835.9681048675342	679.0091871911222	0.944409	17.851608	0.0937406208820299	0.0618858251793718	-0.041835966	0.1167368033	-0.0564853179	-0.0965409225	-0.0715974256	-0.0032164275	0.0271493658	-0.0044393241	-0.0093586054	-0.0576569199	0.0167344318	0.0117789955	0.1098111471	-0.1392893057	0.0447511481	-0.1100237033	-0.0865362201	0.012568599	-0.1028519165	0.0179877828	0.1181059006	-0.0624702898	-0.0511077154	-0.045972603	0.0311126629	-0.033977334	0.1379766065	0.0600423517	0.1567315307	-0.0678481111	0.0106166531	0.0589844677	0.0505550033	0.0053756728	-0.0226810247	0.0464553149	-0.0147593872	-0.0311740226	0.0481255477	-0.0867658461	0.0427914369	0.0813768504	0.0051194677	0.1275893546	0.0959526338	0.028707924	-0.1426488342	-0.0431082058	-0.0759157024	0.0456194631	0.033499564	-0.0117567351	-0.0119625196	0.0461094184	-0.0098053738	0.0933792741	0.0912789947	0.1016540472	-0.023839813	0.0080790420582559	2.237053746509919e-05	5.004409464774066e-10	6.527092057906773e-05	0.0317629979643072	0.0542997890702137	0.0010088880396805	0.0029484670930697	0.0080095712261964	0.0114688169290814	0.0001315337617527	6.41532312275133e-05	-8.900000079093844e-05	-0.0004449977811401	1.9802302521964659e-07	7.921000140787042e-09	1.0220564394813891e-09	8.50102839782263e-05	1.0445993654853744e-18	7.226748382058679e-09	-2.3000027259892e-05	2.898482178702932e-05	5.290012539557751e-10	8.401198940258495e-10	0.0	0.0	0.0	0.0	0.0	0.0	0.0	0.0	0.0	0.0	0.0	0.0	0.0	0.0
869.9076696689964	3.555469086179073	12.641360422775056	756739.3537489438	1122.37676644492	0.3500642576418613	1259729.6058553543	0.1225449844783474	792.236898888482	2.7131191677517563	7.361015618421983	627639.3039604388	838.0179079019081	687.9030617614557	0.905203	17.110521	0.073148399301249	0.0480491825351238	-0.0294616773	0.0505560141	-0.0118889596	-0.1495451774	0.058624971	0.0009045549	0.0281702734	-0.0221923978	-0.1369530841	6.79544e-05	-0.1373574888	0.0159998792	0.0758445431	-0.1117327636	-0.0140913688	0.0187897848	0.0178143111	0.0828794022	-0.0293853087	0.0547851301	0.082075426	-0.0978216185	-0.0245253428	-0.0160809861	-0.031904633	0.0299571037	0.1943983953	-0.0111834507	-0.0105612539	-0.0844727814	-0.0105741555	0.0106561682	-0.0656173438	0.0080816539	-0.0450670402	0.082943618	0.0115771705	0.0256365195	0.0322537221	-0.0209552858	-0.0274710919	0.0729021811	0.1248615077	0.035887002	0.0267001572	0.1379499254	-0.1726530989	-0.0636483594	0.0521496146	0.1579076046	0.0871178897	-0.1075922863	-0.1304559203	-0.0354402131	0.0301908225	-0.0144631485	0.0601304709	0.0970382431	-0.0355847396	0.0080608475497712	-1.819450848469968e-05	3.3104013899980865e-10	6.497726322065236e-05	-0.0094372742773316	-0.0412002722416387	8.906214578558466e-05	0.0016974624327851	-0.0163700778582409	-0.0243796490844373	0.0005943672894803	0.0002679794490848	-0.0001579999939667	-6.899999317576156e-05	4.760999058255141e-09	2.4963998093477236e-08	-4.664707953239144e-09	-5.686764392720533e-09	2.1759500289012528e-17	3.233928925831414e-17	5.8999962133719486e-05	8.199998939361149e-05	3.480995531780333e-09	6.723998260552396e-09	0.0	0.0	0.0	0.0	0.0	0.0	0.0	0.0	0.0	0.0	0.0	0.0	0.0	0.0
871.9271214215336	2.01945175253718	4.078185380825485	760256.9050704418	1125.2421018160308	2.86533537111086	1266169.7876993583	8.210146788939007	791.6589931064182	-0.5779057820637945	0.3339750929427659	626723.9613662679	837.340714751697	697.756722007532	1.000933	18.920053	0.0667390272877192	0.0401558227569105	-0.018785103	-0.0548138978	0.1102001532	-0.1408403072	0.1096266953	0.0271710617	-0.0156202043	0.0044565166	-0.1622580324	-0.0047019022	-0.0350648606	0.0331627765	-0.0479090686	-0.0672015825	0.0449342241	0.1772641922	0.0520094077	-0.060128613	-0.0252320218	0.1327042576	-0.06707614	0.076119803	-0.1984710275	-0.0244030958	0.0077701847	0.019529916	0.0729178835	-0.2014645327	-0.0390460911	0.0679908566	-0.0981097898	0.0080158467	-0.1610009024	-0.0153043009	0.0032512313	-0.0081715852	0.0265172206	0.0595432785	-0.0464587595	-0.0212913252	-0.1165478696	-0.0112830833	0.1373789359	0.040460712	-0.0768914417	0.0761777108	0.0647357505	-0.1399580956	-0.0562961045	0.0041825541	0.0632512108	-0.0066367019	-0.0841819094	0.015602939	0.0917534825	0.0065493182	0.1569179593	0.092280022	-0.0471208409	-0.0021081754526335	-0.0101690230024047	0.0001034090288234	4.444403739086463e-06	-0.0037745658555508	0.0056627084217807	1.4247347397889944e-05	3.2066266670107194e-05	-0.0332272625164193	-0.0168571846581783	0.0002841646745999	0.001104050974335	3.3000000237405245e-05	0.0001909999942041	3.648099778596824e-08	1.0890000156687462e-09	-7.107023636265808e-09	-2.4423156830266635e-09	5.050978496644087e-17	5.9649058955579985e-18	-0.0004309998254536	-0.0004899997875873	1.857608495410337e-07	2.400997918356182e-07	0.0	0.0	0.0	0.0	0.0	0.0	0.0	0.0	0.0	0.0	0.0	0.0	0.0	0.0
870.7441240443804	-1.1829973771531286	1.3994827943511816	758195.3295578155	1127.3819716126768	2.139869796646053	1270990.1099172863	4.579042746598021	791.3783521016438	-0.2806410047743384	0.0787593735607502	626279.6961751133	838.8644631264129	705.6270627486019	1.06506	20.132204	0.046871744598398	0.0304355860261871	-0.0059112321	-0.1078919384	0.0702694218	0.0635170886	0.0611950641	0.0068024009	-0.0054346734	-0.0403841612	-0.1129399933	-0.0108520888	0.0056461099	0.0595292154	-0.0500983419	0.0630831663	-0.0564602086	0.0089555062	-0.0600202139	-0.1526067129	0.1085366844	0.0637575855	-0.0755920077	0.1155553435	0.15050189	0.0027468324	0.0640768452	0.0459767102	0.0138534132	-0.0146132068	-0.0944618547	0.0977518696	0.0505792488	0.0694505316	-0.0592398029	-0.0181322915	0.0248118825	-0.0211770811	-0.0462466513	-0.0611936297	-0.0393200473	-0.0035244153	0.0142980419	-0.0688249852	-0.0440672534	0.0842067538	-0.0096646473	-0.2785306801	0.0634440441	-0.1918091546	-0.0212849293	0.2043519202	0.0404330529	-0.0767190366	0.0817959949	-0.0104442487	0.0447350236	-0.0064955803	0.1166390412	0.0873863672	-0.0583804184	-0.0030935062218304	-0.0009853307691969	9.70876724726155e-07	9.569780744503397e-06	0.0154267630275199	0.0192013288830707	0.0002379850175072	0.0003686910308758	-0.0332568967205162	-2.9634204096906647e-05	8.781860524571185e-10	0.001106021179479	3.2884563584897615e-05	-1.154366525076304e-07	1.3325620742167412e-14	1.081394522169174e-09	-0.0004440082867536	-0.0004440011797299	1.971433587058671e-07	1.9713704760159958e-07	-0.0005199922239118	-8.899239845819995e-05	2.703919129287395e-07	7.919646983343028e-09	0.0	0.0	0.0	0.0	0.0	0.0	0.0	0.0	0.0	0.0	0.0	0.0	0.0	0.0
869.8045244508505	-0.9395995935299196	0.8828473961615904	756559.9107551703	1126.639030083076	-0.7429415296007846	1269315.5041065342	0.5519621164055536	790.8012424045139	-0.577109697129913	0.3330556025213799	625366.6049885228	839.2087288582571	705.6411115667127	1.066389	20.157339	0.1556557666356511	0.0997807998173387	7.84846e-05	-0.0706124739	0.03509624	0.1017845708	-0.0573757676	0.0348736955	0.0082386579	-0.0100871315	0.0502387742	-0.0160754555	0.0555037294	0.0012078596	-0.0116738366	0.0206211643	-0.0872377777	-0.0097740199	-0.0666647412	-0.0342406308	0.0351203605	-0.1018703289	-0.0505121255	-0.0284043909	0.1360783942	-0.023481123	0.0292548691	-0.0211662468	-0.0510977102	0.0662866601	-0.1034180535	-0.0290242025	0.0930746735	-0.0045005381	0.0479083609	-0.0245090886	0.051573724	-0.0307210253	0.027356895	-0.0139042323	-0.043961572	0.0521377652	-0.138332578	0.0438430756	0.0060459007	-0.0980314734	-0.0088339513	-0.1045721159	0.0465324203	0.1777846579	-0.0438288062	0.1313456107	0.0080095778	-0.1621321678	-0.2597657234	-0.1250815958	-0.0715232852	-0.0317445588	0.0047353102	0.0823644609	-0.0692973963	0.008136421100815	0.0112299273226454	0.0001261112676718	6.620134832978758e-05	-0.0184720726502405	-0.0338988356777604	0.0003412174679957	0.0011491310603078	-0.0647546461602814	-0.0314977494397651	0.0009921082197702	0.0041931641993432	0.0014319253744915	0.0013990408109066	1.957315190582204e-06	2.0504102781126225e-06	-0.0004442423640882	-2.3407733459998494e-07	1.9735127805067285e-07	5.4792198573433305e-14	-0.0003386820282434	0.0001813101956683	1.147055162550632e-07	3.2873387053313485e-08	0.0	0.0	0.0	0.0	0.0	0.0	0.0	0.0	0.0	0.0	0.0	0.0	0.0	0.0
868.3571397787367	-1.4473846721137988	2.094922389069969	754044.1222047085	1122.6087780932446	-4.030251989831413	1260250.4686520076	16.242931101540066	789.7988717820909	-1.0023706224229727	1.0047468646966178	623782.2578682638	837.2925972534092	702.9938106269896	1.076517	20.34878	0.0931357473349728	0.0402535538946531	0.0329701249	-0.0177929046	0.0151513842	-0.0620635489	-0.127326863	0.0179714414	0.0249726779	0.0432044417	0.1031334242	-0.0525885273	0.0784159914	0.0083046231	-0.09386127	-0.0509545053	-0.1061022367	-0.0471772413	0.0538004256	0.0798222465	-0.1704789829	-0.0851653585	0.0396244772	0.2605656103	-0.053803295	-0.036416788	0.0419788797	-0.056967844	-0.0998694774	-0.0742284009	0.0603036753	-0.1420211398	0.0335876418	-0.0802333766	0.0772232761	-0.0323108296	0.09745263	-0.1247320267	0.0584108998	0.0651589516	-0.0505311442	-0.0625964746	-0.0716304099	0.0475249551	0.1118447433	-0.1483410978	0.1070253892	0.0984240171	0.1274383647	0.1050738708	-0.0608245941	2.23692e-05	-0.0917232396	0.0069398406	0.1086123093	-0.1729811521	-0.1504794668	0.0604990206	0.0935100772	0.0772216734	-0.0798077096	0.0292629994987549	0.0211265783979399	0.0004463323148043	0.0008563231396641	-0.0065926961919018	0.0118793764583386	4.34636430787165e-05	0.0001411195850389	-0.0840656384587106	-0.0193109922984291	0.0003729144235499	0.0070670315694706	0.0011088316444729	-0.0003230937300186	1.0438955837733201e-07	1.2295076157844756e-06	-0.0009032075158565	-0.0004589651517683	8.157838166996698e-07	2.1064901053769874e-07	-0.0003729991500618	-3.43171218184e-05	1.391283659468252e-07	1.1776648498989052e-09	0.0	0.0	0.0	0.0	0.0	0.0	0.0	0.0	0.0	0.0	0.0	0.0	0.0	0.0
865.7296009234221	-2.627538855314583	6.9039604361878695	749487.7419150277	1120.681228317581	-1.9275497756636923	1255926.415503402	3.715448137661151	788.7311326768663	-1.067739105224632	1.140066796825898	622096.7996537325	836.2835036894295	691.2297291318143	1.004112	18.980152	0.0740896887043777	0.0425190174806207	0.0344984663	0.0321737363	0.1451798766	-0.0808732494	-0.0028245869	-0.0074171926	0.0842817301	0.0686804754	0.0516242538	-0.0906712643	0.1702970672	0.0248080956	-0.2364860279	-0.1222463998	-0.0219218868	-0.160153941	0.1256688898	-0.0644163128	-0.0544782574	-0.0605759802	0.1689778603	0.1984949681	0.0366107115	-0.0324466481	0.1266163374	-0.0762663528	-0.0632909162	-0.2001773053	0.1463597486	-0.0921164551	0.114666942	0.0359467089	-0.0465565739	-0.0465312088	0.1261442799	-0.2204796807	0.0559581069	0.0760759145	-0.0264948247	0.012946468	0.030144788	0.0340372689	0.0692635172	-0.0046586358	0.104095378	-0.0302432051	0.2214009528	-0.0246473114	0.0091856675	0.1748180147	-0.0370197357	0.1022986325	0.1157532601	0.0069773003	-0.198178421	0.0895269184	-0.0974770195	0.0719655524	-0.0898496795	0.0468488013679291	0.0175858018691742	0.0003092604273818	0.0021948101896116	0.0218304962255473	0.0284231924174491	0.0004765705654536	0.0008078778671993	-0.0840690321057451	-3.393647034499736e-06	1.1516840194768853e-11	0.0070676021591968	0.0010880880115567	-2.074363291620007e-05	4.30298306562059e-10	1.1839355208934132e-06	-0.0009039975644118	-7.900485552999421e-07	8.172115964624665e-07	6.241767197315257e-13	-0.0009130114840047	-0.0005400123339428	8.335899699244644e-07	2.9161332081045804e-07	0.0	0.0	0.0	0.0	0.0	0.0	0.0	0.0	0.0	0.0	0.0	0.0	0.0	0.0
865.249197298124	-0.480403625298095	0.2307876431995524	748656.173425048	1120.8435276805103	0.1622993629293887	1256290.213543291	0.0263410832072854	790.0496254814996	1.3184928046332516	1.7384232758696576	624178.4107234577	837.0583651618115	682.3810503738664	1.074606	20.312649	0.1096250240814686	0.0502448954489827	-0.0032278666	0.084333976	-0.0493582939	-0.0221207463	-0.2523899562	-0.0015023607	0.0555800271	0.0413856044	0.1012065821	-0.0494369145	0.0562029622	-0.0531941337	-0.0465123201	-0.1025098307	-0.0724692945	-0.2621098775	-0.0102032436	0.1578563434	-0.0658665038	-0.2472758634	0.0167368668	0.0471496192	0.0999420375	-0.0348478405	0.0418108421	-0.0691195214	-0.0093492516	-0.0344645935	0.0992068753	-0.1701987543	0.1235558959	-0.1090129434	0.194662529	-0.0283829382	0.0902943195	-0.1058618365	-0.0205615897	0.0288508096	0.0715539718	-0.0530537354	-0.0090217479	0.0847497508	-0.0808851012	-0.1113011182	0.2742254097	0.0626370399	0.0644807444	0.1177320792	-0.0369951714	0.0989157485	-0.051427625	-0.1626236425	0.1677226819	0.0180667928	-0.1155777539	-0.0398528617	-0.0596723437	0.066603812	-0.0993643757	0.0365977437495104	-0.0102510576184186	0.0001050841822961	0.0013393948475548	0.0515725321415345	0.0297420359159871	0.0026597260714896	0.0008845887004278	-0.0651824106665373	0.0188866214392078	0.0003567044693879	0.0042487466603011	0.0009569194345713	-0.0001311685769853	1.720519558837477e-08	9.156948042602566e-07	-0.0007061093354081	0.0001978882290037	4.985903935504686e-07	3.9159751178220826e-08	-0.0002271621078367	0.000685849376168	5.160262323681252e-08	4.703893667900347e-07	0.0	0.0	0.0	0.0	0.0	0.0	0.0	0.0	0.0	0.0	0.0	0.0	0.0	0.0
869.3263984775472	4.077201179423128	16.623569457489342	755728.3870899432	1120.7057992361642	-0.1377284443460666	1255981.4884415695	0.0189691243819875	792.050567457411	2.000941975911473	4.003768790964512	627344.1014096069	837.7811620580411	684.9037038935102	1.163511	21.993174	0.0538762594246328	0.0389647918156356	-0.0278411783	0.0597192695	-0.0194179001	-0.1822514485	-0.1053255316	0.0072287509	0.0613743659	0.0267407674	-0.0823497485	0.0084358092	-0.0565334217	0.0908276748	0.1691718256	-0.1710617044	0.0330763196	-0.0373935334	-0.0757331608	-0.1109688117	0.0404163326	-0.069257617	-0.0776133514	-0.0581158546	-0.011872359	-0.0048504968	0.0238072504	-0.0003245796	0.2447065297	0.071044701	0.085227963	-0.1065234564	-0.035509351	0.0579531901	-0.0142187438	0.0026717782	0.0295652825	0.0663802383	-0.038271965	-0.073708661	0.0341993602	-0.1484071564	-0.0361090303	0.1502497668	0.009686189	-0.0298640207	0.0937002749	0.1225599247	-0.0944124545	-0.0635701395	0.013257573	0.0781989991	-0.0193785444	0.1116443882	-0.0806703284	0.2307846854	0.0280917015	-0.1443870931	-0.0338745451	0.0611443214	-0.1082959623	0.0327409005390251	-0.0038568432104853	1.4875239550266568e-05	0.0010719665681063	0.0399929944343853	-0.0115795377071491	0.0015994396038287	0.0001340856935112	-0.0658312474484006	-0.0006488367818633	4.209891694987366e-07	0.0043337531406125	0.0002839398044646	-0.0006729796301067	4.529015825385509e-07	8.06218125593953e-08	-0.0006710253229458	3.508401246229997e-05	4.502749840345152e-07	1.2308879304548192e-09	-0.000179404915903	4.775719193370002e-05	3.21861238501625e-08	2.280749381392262e-09	0.0	0.0	0.0	0.0	0.0	0.0	0.0	0.0	0.0	0.0	0.0	0.0	0.0	0.0
872.1424863899682	2.81608791242104	7.930351130483888	760632.5165664759	1126.7876804591892	6.081881223024993	1269650.4768346	36.98927921098399	792.407101949056	0.356534491644993	0.1271168437325536	627909.0152193017	839.7363432641549	701.808098246484	1.095375	20.705242	0.1537206229846059	0.084283141039875	0.0085834158	-0.0810599699	0.147814971	-0.1662381532	0.0095643968	0.0082363229	0.0110530535	0.0116754273	-0.1035858506	-0.0048581894	-0.0188185534	0.028408962	-0.0679488425	-0.111368403	-0.1257375706	0.0862972559	-0.0713883365	-0.104452774	-0.0855076057	0.0483054587	-0.0366804172	0.1052497059	0.0515629764	0.0013667694	0.0171414631	-0.0070573603	0.0637738789	-0.1155133109	-0.0983279619	-0.0583264238	0.0755189834	0.092108455	-0.0393618601	-0.0307302277	0.0885089298	-0.1041231267	0.0438577063	-0.0048439682	-0.0929905117	-0.0658998081	-0.0736431629	0.0671875182	0.1123093275	-0.1296685672	0.0510047382	-0.0842007735	0.0398707233	-0.0413731207	0.0140480211	0.081446422	-0.038788746	0.0090557242	-0.0225272008	0.0629007908	0.0468519491	-0.0325773921	0.0498354079	0.055595093	-0.1165920251	0.0304463927237321	-0.0022945078152929	5.264766114440644e-06	0.0009269828298877	-0.022588692345451	-0.0625816867798363	0.0005102490218774	0.0039164675202095	-0.0840043634814122	-0.0181731160330115	0.0003302621463493	0.0070567330839172	0.0009486874201276	0.000664747615663	4.418893925296436e-07	9.000078211083613e-07	-0.0006859337728759	-1.4908449930100012e-05	4.7050514077176687e-07	2.2226187931829907e-10	-0.0009131750974392	-0.0007337701815361	8.338887585830924e-07	5.384186793116678e-07	0.0	0.0	0.0	0.0	0.0	0.0	0.0	0.0	0.0	0.0	0.0	0.0	0.0	0.0
871.6209939893421	-0.5214924006261299	0.271954323910804	759723.1571629687	1124.5667429037028	-2.220937555486444	1264650.3592450428	4.9325636253701	791.581621254815	-0.8254806942410369	0.6814183765646642	626601.4631084014	838.0628178134954	703.2988756374104	0.954843	18.048841	0.0693145064257952	0.0381646915087328	0.0144800915	-0.1195805421	0.1220188697	-0.0065382605	0.0397277568	0.0473482246	0.0492184543	0.0007854594	-0.080640893	-0.0201261266	0.039192575	-0.0064438046	-0.1539861089	0.0595941039	-0.0153781698	0.1662153439	0.0927802172	-0.0581167577	-0.05357442	0.097345552	-0.0695423355	0.0466068031	0.1586947866	-0.0231426077	0.042168462	-0.0197220986	-0.0682857844	-0.1715743932	-0.1139731811	0.0519568761	-0.0484721583	-0.0029051993	-0.0698199378	-0.0327156869	0.0659738908	-0.0852028413	0.0344810678	0.0722905439	-0.0671555672	0.0721411875	-0.1391274488	-0.0264876132	0.0461703522	-0.0933450336	-0.0540111988	0.0388958057	0.1954076911	-0.0578022949	0.0001172118	0.1086009042	0.0174258035	-0.04297318	0.0181808741	-0.0923433337	0.1285477044	0.126025431	0.1146455249	0.0499642712	-0.1242038795	0.0306470205022719	0.0002006277785398	4.0251505521815216e-08	0.0009392398656666	0.009554115658787	0.032142808004238	9.128112602147896e-05	0.0010331601063973	-0.0841374244094197	-0.0001330609280074	1.7705210562215657e-08	0.0070791061862508	0.0006541894278112	-0.0002944979923163	8.672906747839038e-08	4.279638074599453e-07	-0.00090322592315	-0.0002172921502741	8.158170682501698e-07	4.7215878570742074e-08	-0.0006882050457295	0.0002249700517096	4.736261849675433e-07	5.0611524166265054e-08	0.0	0.0	0.0	0.0	0.0	0.0	0.0	0.0	0.0	0.0	0.0	0.0	0.0	0.0
873.3726542557354	1.7516602663932872	3.068313688861002	762779.7932017082	1128.7359679962372	4.1692250925343615	1274044.8854484025	17.382437872218155	793.4476566314697	1.866035376654736	3.4820880269269825	629559.1838139707	840.4295096584328	709.8158222342353	1.002798	18.955309	0.1628680246470806	0.0936256874752405	0.0096010809	-0.1213394553	-0.019221109	0.1345250809	-0.0086795986	0.0330088742	-0.0073224069	-0.0231266344	-0.0933043448	0.0409643918	-0.0898978656	0.0486615637	-0.0084083985	0.0244226827	0.020779478	0.0741951433	0.1489597685	0.0849829891	0.0424061487	-0.180093509	-0.0453757871	0.1215365591	-0.0190396944	0.0086815203	-0.0306547181	0.0558959613	-0.0118525138	-0.042884319	-0.1104225604	-0.0181242871	-0.1234304386	-0.1122774723	-0.0523803538	0.005369207	0.0253589612	0.061066899	-0.0427485771	-0.0453255459	0.1055135913	0.1312132726	-0.1276363788	-0.0524426035	-0.0998133489	-0.0543380126	-0.0379966545	0.1114832323	0.1377696016	-0.0514532553	0.1001999455	0.0992102635	0.0843011385	0.0802052299	0.0285448314	0.0486458544	0.0308837117	-0.2368210609	-0.1158018365	0.0442601199	-0.1310868562	0.0302885943916209	-0.000358426110651	1.2846927679640344e-07	0.0009173989502201	0.0741591255836766	0.0646050099248896	0.0054995759073355	0.004173807307395	-0.0775878139007346	0.006549610508685	4.289739781547818e-05	0.006019868865895	-0.0005080854604298	-0.0011622748882409	1.3508829158356287e-06	2.581508351001619e-07	-0.0006729355247381	0.0002302903984119	4.528422204545421e-07	5.3033667600711644e-08	-0.0002536707703253	0.0004345342754042	6.434885971743113e-08	1.8882003650105317e-07	0.0	0.0	0.0	0.0	0.0	0.0	0.0	0.0	0.0	0.0	0.0	0.0	0.0	0.0
873.774691766702	0.4020375109665792	0.1616341602242023	763482.211971995	1124.5620670451983	-4.173900951038831	1264639.8426369692	17.42144914908286	792.3432929144965	-1.1043637169732392	1.2196192193669488	627807.8938265876	840.7340871820429	710.7506786089848	0.990745	18.72747	0.1073489038102016	0.0718691234425666	0.0023846044	-0.1551346365	0.0048282441	0.0608749768	-0.0496029395	0.0284082067	0.0630685902	-0.0192607426	0.0107338733	0.0034046004	-0.0091784105	0.0475259429	0.0756302954	0.0365889205	0.1086971441	0.0231113715	0.0148970545	-0.0079521348	0.1515775995	-0.0514804553	-0.2556725839	0.0432916327	0.1293043842	0.0063881575	0.0420487109	0.0185644284	0.0386843351	0.0544090557	0.0148340828	0.0385265644	-0.0797635946	-0.0251955269	0.0072464925	-0.0050597908	0.0241151149	0.0499533696	-0.0144925533	-0.0591778231	-0.0107951591	0.0526854347	-0.0850292838	0.0336137671	-0.139290062	-0.0151865404	-0.0599971755	-0.0686057908	0.0959601911	-0.2284209312	-0.0389342481	0.0759101506	0.1174718161	-0.07251833	0.0851487468	-0.0351940212	0.0109169317	0.002660999	0.1010236343	0.0384910108	-0.1372005631	0.0303119072463147	2.33128546937994e-05	5.434891939742046e-10	0.0009188117209091	0.0162551576676435	-0.0579039679160331	0.0002642301507999	0.0033528695004209	-0.0841031340074494	-0.0065153201067147	4.2449396092962086e-05	0.0070733371498749	0.0002548979453707	0.0007629834058005	5.821436775269306e-07	6.497296255420437e-08	-0.0006410402376775	3.18952870606e-05	4.109325863216257e-07	1.0173093366780776e-09	-0.0003169181361194	-6.324736579409998e-05	1.0043710500139457e-07	4.000229279892688e-09	0.0	0.0	0.0	0.0	0.0	0.0	0.0	0.0	0.0	0.0	0.0	0.0	0.0	0.0
871.8488199727169	-1.9258717939850385	3.708982166867151	760120.3648878189	1126.088804765181	1.526737719982748	1268075.996217474	2.3309280656181195	791.9432410769992	-0.4000518374972444	0.1600414726849216	627174.0970875422	839.7286122023677	709.0723592764111	0.925566	17.495436	0.0850483378641691	0.0361148015063256	-0.0135543688	-0.1083243682	0.0054969541	-0.0370941444	0.0238686253	0.0248193908	0.0201837351	-0.0446484192	0.011701345	0.0045696278	0.0341466183	0.0321854238	0.1059769207	0.0507854405	0.0482765535	0.0467033575	-0.1498451647	-0.0779634787	-0.0283442647	0.0703850963	-0.0766493416	-0.0540370479	0.0685448759	-0.0083397529	0.0089319375	-0.0275707718	0.0596797917	0.1268529583	-0.0101743705	0.0591290713	-0.0325919747	0.1601576431	0.063006277	-0.0116105441	0.0037197973	0.0562210123	0.0108917594	-0.0721010377	-0.0150860871	0.0232892443	-0.0671081193	0.1156139666	-0.1071066033	-0.0964891635	-0.0057589945	-0.055251734	-0.0490703738	-0.1433256486	-0.0276904354	0.1126722768	-0.1008524985	0.0685871434	0.0109805771	0.0347309818	0.085670552	-0.0062806946	-0.0067921782	0.0326654109	-0.1425091225	0.0404778394378126	0.0101659321914979	0.0001033461773221	0.0016384554855533	-0.0056901376741791	-0.0219452953418225	3.237766675111234e-05	0.0004815959876398	-0.0707039543450207	0.0133991796624286	0.000179538015626	0.0049990491600227	0.0006689088580772	0.0004140109127065	1.7140503584006918e-07	4.474390604141437e-07	-0.0009030681431481	-0.0002620279054705	8.155320711689572e-07	6.865862324530965e-08	-0.0002021983409281	0.0001147197951913	4.088416907407616e-08	1.316063140873382e-08	0.0	0.0	0.0	0.0	0.0	0.0	0.0	0.0	0.0	0.0	0.0	0.0	0.0	0.0
871.1888031209941	-0.660016851722844	0.4356222445581346	758969.9306833901	1130.7456683178882	4.6568635527071365	1278585.7664196678	21.68637814853213	792.5410101572672	0.5977690802679945	0.357327873324444	628121.2527811016	841.0467405529934	704.9212302687009	1.09491	20.696453	0.0746215718047266	0.0481379710557176	-0.0146816736	-0.0190887911	-0.0642274848	-0.1239259659	-0.008579966	0.0067362334	-0.0160558332	-0.0423438385	0.0140527459	0.0059080334	-0.0360058644	0.033529556	0.0037095273	0.096565396	0.0492288232	-0.0023784175	-0.1318096773	0.120599448	-0.10990032	0.0296110592	0.132687375	-0.1009245392	-0.2052992093	0.0055868759	-0.0023685341	0.0498031978	-0.0394366192	0.0460805255	-1.4907e-06	0.0504388354	-0.0191061634	-0.0018444023	0.055772093	-0.0064290758	0.0093231487	0.0395866211	-0.0236550594	0.0212111665	-0.0342031253	-0.0376567111	-0.1232900764	0.1060531148	-0.0277782753	-0.0378350382	0.0040137021	0.2753296114	-0.0510050533	0.0117372251	-0.0906293549	-0.1544168655	-0.0514671987	0.0432347723	-0.0171026521	-0.1482918772	0.0446306623	0.043216821	-0.144906328	0.0267918699	-0.1469813818	0.0304069817842389	-0.0100708576535737	0.0001014221738785	0.000924584541227	0.0391733727357888	0.0448635104099679	0.001534553131497	0.0020127345663052	-0.0655731372204257	0.005130817124595	2.632528436603741e-05	0.0042998363249287	0.0004619025346776	-0.0002070063233996	4.285161792741978e-08	2.1335395154159146e-07	-0.0008470529427559	5.6015200392199984e-05	7.1749868783143e-07	3.137702674978321e-09	-0.0002303045494681	-2.810620854000001e-05	5.304018550570453e-08	7.899589584939696e-10	0.0	0.0	0.0	0.0	0.0	0.0	0.0	0.0	0.0	0.0	0.0	0.0	0.0	0.0
867.2154934257891	-3.973309695204989	15.787189934009964	752062.7120377348	1126.9986192929996	-3.747049024888611	1270125.8878883277	14.04037639491869	790.8727669609917	-1.6682431962755118	2.783035361919536	625479.7335205352	840.3658636070029	696.436212495178	1.033253	19.530989	0.031981231522761	0.0198343089322916	-0.006394709	0.0609116567	0.0590833573	-0.0478238815	0.1059402659	-0.0217735391	0.0239911739	0.0062575039	0.0613125533	-0.0185915941	0.0860100606	0.0466087799	0.062670695	0.1009821198	0.0654915298	-0.0392340762	0.0266599568	-0.048460311	-0.0540500171	-0.0072379079	0.0937628035	0.151483514	-0.1857949326	0.0189683515	0.0804049242	0.0194803878	-0.0663477552	0.0595947693	0.1267254694	0.1371549384	-0.0259659541	0.005943475	-0.1082601066	-0.0064841006	0.0300177554	0.0374983038	-0.0056310698	0.0017181778	-0.0448982998	-0.0593224013	-0.0533830581	0.0697764143	0.0033896577	0.0085228947	-0.0814206417	0.2741763141	0.0926009299	-0.0056561385	-0.0476029903	-0.0277351087	-0.1114552075	0.1035740574	0.0036610343	0.1310628901	0.001857622	-0.1775190282	-0.1076693115	0.0208790082	-0.1505910958	0.0304728215742215	6.583978998260173e-05	4.3348779449531035e-09	0.0009285928546943	0.0577805222003604	0.0186071494645716	0.0033385887457463	0.0003462260111969	-0.0595126191967239	0.0060605180237017	3.672987871561435e-05	0.0035417518436542	0.0005258845707045	6.398203602690008e-05	4.093700934147539e-09	2.765545817050563e-07	-0.0009030675500891	-5.601460733320007e-05	8.155310000239292e-07	3.1376362346925914e-09	-0.0002552623909981	-2.495784153000002e-05	6.515888825806689e-08	6.228938538365936e-10	0.0	0.0	0.0	0.0	0.0	0.0	0.0	0.0	0.0	0.0	0.0	0.0	0.0	0.0
866.5074291890104	-0.7080642367786822	0.5013549634049778	750835.1248397479	1126.8935477516868	-0.1050715413127818	1269889.0679643832	0.0110400287938436	791.2376629299588	0.3648959689670619	0.133149068168411	626057.039238863	839.4834327398669	674.0555819426874	1.034506	19.554667	0.0557794655466786	0.035531520484976	-0.0300402964	0.1858921148	0.0762457589	-0.0911057916	-0.0586525814	-0.0327960341	-0.0004560443	0.038577931	0.014352971	-0.0358804758	0.0221299446	0.0998197167	-0.0002189911	-0.0880836391	0.0372640596	-0.0133398654	0.0703014321	-0.104943253	0.0089768286	0.0311474866	0.0891205839	-0.0304861085	-0.1956830967	-0.0036762162	0.0815820439	0.0252954318	0.0776494056	-0.0664559757	0.1168323375	0.0318739885	0.0270286391	0.0544997301	-0.0866873706	-0.0189070683	0.0438101738	-0.0482949445	-0.0041714081	0.0021588553	0.0035825512	-0.1476610187	0.0587025102	0.0912501284	0.081877909	0.0383188904	0.0460743605	0.0138719362	0.0537798544	-0.000356666	-0.0297814254	-0.121926838	-0.014961046	0.0930291156	0.0466923535	0.1525505091	-0.0725989385	-0.1236086162	0.044658613	0.0149355036	-0.1533170814	0.0303466344582403	-0.0001261871159812	1.592318823965286e-08	0.000920918222942	0.0316979147864771	-0.0260826074138833	0.0010047578018107	0.0006803024095067	-0.0361178602201448	0.023394758976579	0.0005473147475722	0.0013044998268819	0.0005258779709239	-6.5997806000632495e-09	4.3557103968971206e-17	2.765476403030382e-07	-0.0008210777327508	8.19898173383001e-05	6.74168643219194e-07	6.722330147167815e-09	-0.0002967842146839	-4.15218236858e-05	8.808087008553926e-08	1.7240618421946614e-09	0.0	0.0	0.0	0.0	0.0	0.0	0.0	0.0	0.0	0.0	0.0	0.0	0.0	0.0
869.5609598475268	3.0535306585163653	9.324049482499388	756136.262890952	1126.382044225306	-0.5115035263809204	1268736.509553179	0.261635857500117	791.5624101426866	0.324747212727857	0.105460752174512	626571.0491508988	838.4940532703359	682.6873593901402	0.97172	18.367849	0.0751217396179065	0.0408560666005707	-0.0366083132	0.1019102663	0.0581987898	-0.2099421472	-0.0445448046	-0.0155151258	0.0314579866	-0.0221082075	-0.0673514424	-0.026710899	0.0233547888	0.0760780463	0.0731470068	-0.1385397206	-0.0514874269	-0.0627960891	-0.0838595064	-0.1688540811	-0.2463819896	0.0062817032	-0.0315723487	0.0031794678	-0.0026225247	-0.0238289957	0.0417971263	-0.04044576	0.169495056	0.0034745809	0.0736661662	-0.1130816233	0.0276832094	0.1611551602	0.0789185488	-0.0226989155	0.0490306231	-0.0565767582	0.0282830928	-0.0183119127	-0.0845694943	-0.2112484596	0.0140266396	0.1121859303	0.150027579	-0.0570420178	0.0982717213	0.0140128639	-0.0326903344	0.018885579	-0.0290454646	-0.0941385739	0.0467277612	0.0097417239	-0.0289471526	0.1005185269	0.1540323698	0.1102899684	0.0585630715	0.0089700792	-0.1551433414	0.0131249215426834	-0.0172217129155569	0.0002965873957458	0.0001722635655015	0.0075397248221378	-0.0241581899643393	5.684745039356088e-05	0.0005836181423531	-0.0403574500267751	-0.0042395898066302	1.797412172848354e-05	0.0016287237726636	0.0005257653372619	-1.126336619999618e-07	1.2686341815521638e-14	2.764291898661195e-07	-0.0006531892909751	0.0001678884417756	4.266562498445539e-07	2.8186528881872588e-08	-0.0007188280778738	-0.0004220438631898	5.167138055397418e-07	1.78121022456255e-07	0.0	0.0	0.0	0.0	0.0	0.0	0.0	0.0	0.0	0.0	0.0	0.0	0.0	0.0
869.1629382462049	-0.3980216013218296	0.1584211951187935	755444.2132207763	1125.3262551581108	-1.0557890671950645	1266359.1805481776	1.1146905544086243	790.2335805257161	-1.3288296169705518	1.7657881509381037	624469.1117904934	836.8141533218786	684.1556570459487	1.369269	25.882496	0.0614735858686546	0.0453753018228777	0.0330454783	0.0380771521	0.2178075621	-0.1340304319	0.0428606261	0.0057017177	0.0265676122	0.0385069703	-0.1357197394	-0.0946211401	0.0730744499	-0.0292626861	-0.3214632975	-0.1518226805	0.1596034087	0.1665052522	-0.1065050328	-0.018205755	-0.1465209862	0.07274803	-0.0214685339	0.0586788593	-0.1230184716	-0.0610862932	0.057489511	-0.0520935779	-0.0187828021	-0.4134018431	-0.0048185846	0.1006812058	0.0312116808	0.0199871379	0.0438720863	-0.0483152965	0.0761982518	-0.207654191	0.0728315273	0.197830112	-0.0595967408	0.0027017732	-0.1481257481	-0.0255023529	0.1189253675	0.1109497827	0.0032015178	-0.060283025	0.0707405428	-0.1283940696	-0.0446874171	-0.1699805072	-0.0156965814	0.1912978484	-0.0562667758	-0.1193152866	-0.0927618228	-0.0968802502	-0.1511599508	0.0029914899	-0.1560591586	0.0146038347245962	0.0014789131819128	2.1871841996354453e-06	0.0002132719886633	0.0095188672166131	0.0019791423944752	9.06088330875116e-05	3.917004617609422e-06	-0.0856675825689166	-0.0453101325421415	0.0020530081109864	0.0073389347032021	0.000466201867362	-5.956346989990002e-05	3.547806946516296e-09	2.1734418113181586e-07	-0.0006532136025165	-2.431154140004367e-08	4.266880105125841e-07	5.910510452460375e-16	-0.000913348251435	-0.0001945201735612	8.34205028399372e-07	3.783809792227938e-08	0.0	0.0	0.0	0.0	0.0	0.0	0.0	0.0	0.0	0.0	0.0	0.0	0.0	0.0
868.5738866361974	-0.5890516100075729	0.3469817992525137	754420.5965463098	1126.671164345908	1.3449091877971568	1269387.912568564	1.808780723421208	790.6402473873562	0.406666861640133	0.165377936356235	625112.0007887399	838.4364102853679	699.7456053204336	1.53861	29.083441	0.2977119196485944	0.1735131135642875	-0.0110329824	-0.010567374	-0.096845715	0.1333013115	-0.1634077243	0.0154013291	-0.0036607303	-0.0181904751	-0.0642326298	-0.0742991832	0.0422789609	-0.0369379992	-0.1414811641	-0.0313815221	-0.1386726816	-0.0118785849	-0.0383668986	-0.0355391808	0.1250237342	-0.1887512995	-0.0106508023	0.0588532017	-0.1088602374	-0.0516315887	-0.0002590639	-0.0387100732	-0.0590996771	-0.0747509926	-0.1146220979	-0.0603056251	0.1019250612	-0.022404562	0.1590199949	-0.0448902631	0.0827768971	-0.1741664861	-0.1496153541	-0.0849087919	0.1360154237	-0.0365875727	0.0801986591	-0.3420683007	-0.0050455025	0.0720925945	0.3003197678	-0.1733185552	-0.0121517369	0.0842866201	-0.1169662678	-0.225770096	0.0434685894	-0.0172875868	0.0023125382	0.1002006901	-0.004293346	0.1237121272	-0.0369692628	-0.0029914899	-0.1560591586	0.0142583306403594	-0.0003455040842367	1.1937307222430964e-07	0.0002032999926498	0.1523718805587464	0.1428530133421333	0.0232171899850088	0.0204069834209277	-0.0397502104180773	0.0459173721508393	0.0021084050652386	0.0015800792282814	-0.0009171692661141	-0.0013833711334761	1.9137156929349496e-06	8.411994627042767e-07	-0.0009023288538647	-0.0002491152513481	8.141973605167831e-07	6.205840845427683e-08	-0.0003739140348316	0.0005394342166034	1.3981170544404696e-07	2.909892740425239e-07	1.0	0.0	0.0	0.0	0.0	0.0	0.0	0.0	0.0	0.0	0.0	0.0	0.0	0.0
874.7725308999144	6.1986442637170285	38.42319070811202	765226.9808170417	1131.3955417446325	4.724377398724528	1280055.8718796305	22.31974180557913	795.1255359649658	4.4852885776095945	20.1178136244351	632224.6179435742	842.4022116521725	702.1324335463681	1.296681	24.510416	0.2344599050963446	0.1376467323425551	-0.0365100655	-0.0745538481	-0.1398907816	-0.0517432583	-0.1960653643	-0.013446939	-0.0371768779	-0.0853563431	-0.1140888857	0.0402626892	-0.1782901174	-0.0327723458	0.0399911752	-0.0855343667	-0.2795970847	-0.0643197745	-0.1216719851	0.0642013953	0.0205574438	-0.0711979616	0.0801670564	-0.1050737192	0.1247701286	-0.001005781	-0.1331975448	0.0502914439	0.0975559336	0.1452136396	-0.1726795976	-0.2462804013	0.1002017202	0.0188330819	0.1957127787	-0.012863609	-0.0026801225	0.0049283989	-0.0949157393	-0.1363695139	0.0298646168	-0.0265894551	0.0101680979	-0.0444316136	-0.0276791201	-0.157822521	0.2666581452	-0.1626897642	-0.2703295562	0.1568260419	0.0959315535	0.0761793558	0.0742266022	-0.1246079529	-0.186007559	0.0835983593	0.0997966225	-0.0221105884	0.1267588754	-0.0089700792	-0.1551433414	0.0440890268838387	0.0298306962434793	0.0008898704383707	0.0019438422915638	0.0252230286369581	-0.1271488519217883	0.0006362011736208	0.0161668305450288	-0.0708767176172244	-0.0311265071991471	0.0009688594504185	0.0050235091001917	-0.0003417512825809	0.0005754179835331	3.31105855773414e-07	1.1679393914569017e-07	-0.000802892962048	9.943589181669996e-05	6.446371085062112e-07	9.887496581382458e-09	-0.0006261371541203	-0.0002522231192887	3.920477357698683e-07	6.36165019037218e-08	0.0	0.0	0.0	0.0	0.0	0.0	0.0	0.0	0.0	0.0	0.0	0.0	0.0	0.0
875.3028969872292	0.5303660873148601	0.2812881865736738	766155.161474236	1130.4881562986575	-0.9073854459750236	1278003.4715315378	0.8233483475672926	793.7827851189508	-1.3427508460150648	1.8029798344741723	630091.1099511983	841.1124339793635	724.0859406532062	1.224789	23.151476	0.0664391140422247	0.0433909329106422	-0.0137090012	-0.2051144106	-0.1466075029	-0.0553338382	-0.0824847814	-0.0022873743	-0.0232289894	-0.0907543194	-0.1520445787	0.0291801641	-0.0850997376	-0.0686496931	0.02841054	0.0801026254	-0.0131850606	0.0081862561	-0.2291447564	0.1479181114	-0.1116179638	-0.0077919847	-0.0298530704	-0.1222852815	-0.1176898094	-0.0070851883	-0.0974117068	0.0333279663	-0.0044437854	0.0600062583	-0.1205047656	0.015624289	-0.0370315101	-0.0656884124	0.1845325676	-0.0038779087	-0.0443714682	0.0467178755	-0.0260976777	-0.0424314444	-0.0547292174	0.0666492284	-0.0905471061	0.0241528301	-0.1020325348	-0.0666755789	0.0386222687	0.0596236212	-0.201361023	0.0250660863	-0.0845775001	-0.0860791706	-0.0105359914	-0.0326203557	0.0899908229	-0.2170824387	0.0943216166	-0.0669834007	-0.0770835862	-0.0149355036	-0.1533170814	0.0440866788728158	-2.348011022897112e-06	5.513155763646342e-12	0.0019436352540347	-0.0053883491239048	-0.0306113777608629	2.9034306281085628e-05	0.0009370564484182	-0.0691915719811504	0.0016851456360739	2.8397158147792395e-06	0.0047874736332227	-0.0002450629227205	9.66883598604e-05	9.348638932494208e-09	6.005583609231376e-08	-0.0009029828311579	-0.0001000898691098	8.153779933659365e-07	1.0017981898436908e-08	-0.0001401105304053	0.000486026623715	1.963096073045449e-08	2.362218789598022e-07	0.0	0.0	0.0	0.0	0.0	0.0	0.0	0.0	0.0	0.0	0.0	0.0	0.0	0.0
871.9834416184924	-3.31945536873684	11.018783945035828	760355.1224568308	1130.2452061793188	-0.2429501193387295	1277454.2260913309	0.0590247604867029	793.309573618571	-0.4732115003797617	0.2239291240916651	629340.079594879	842.0150189552661	714.2090069836072	1.152812	21.790926	0.0615065999993268	0.0306067098294514	-0.0183423758	-0.0922493661	-0.0738890962	-0.1208990814	0.1090350483	-0.0340261553	-0.0104845432	-0.0635329088	-0.0659305012	0.0324226154	-0.0600350302	0.0566706703	0.0958892775	0.0819182845	0.0136547962	0.0335583503	-0.1299110223	-0.0664729852	-0.0037364273	0.1338076495	0.0851437632	-0.0041431667	-0.0538642026	0.0289722496	-0.018269841	0.0636014943	0.0698853798	0.1316916448	-0.0202335118	0.098214567	-0.0288672575	0.1293451914	-0.0371959353	-0.0039345669	-0.043206811	0.046793237	-0.0431048523	-0.0671964359	-0.1429805106	-0.0154301337	0.0049246053	0.0291937201	0.0049073714	0.0516689723	-0.0753285907	0.0223413518	-0.2127317804	-0.116247569	-0.0767045088	0.0860816116	-0.0357684367	-0.0169782187	-0.0083471091	-0.0890342134	0.0983309955	-0.1220630483	-0.0444194778	-0.0208790082	-0.1505910958	0.026837680932914	-0.0172489979399018	0.0002975279299307	0.0007202611178568	0.0063281290305923	0.0117164781544971	4.004521702782504e-05	0.0001372758603448	-0.0588020162906275	0.0103895556905229	0.0001079428674464	0.0034576771198432	-0.0004140534066006	-0.0001689904838801	2.855778364203033e-08	1.7144022351756177e-07	-0.0006519661691664	0.0002510166619915	4.250598857375109e-07	6.300936459735495e-08	-0.0001631347488218	-2.3024218416500017e-05	2.6612946273151778e-08	5.301146336906984e-10	0.0	0.0	0.0	0.0	0.0	0.0	0.0	0.0	0.0	0.0	0.0	0.0	0.0	0.0
869.471491119594	-2.5119504988983863	6.309895308915852	755980.6738697302	1127.8374333948525	-2.4077727844662604	1272017.2761666884	5.797369781616409	792.3933008829753	-0.916272735595726	0.839555725996075	627887.1432842173	840.0980937193737	691.8094118097522	1.072473	20.272331	0.0426690430887035	0.0258575795282604	0.0001533509	-0.0452167903	0.0804584193	0.0133021341	0.1826002758	-0.0119958119	-0.0083574235	0.0189400681	0.040409469	0.022060704	0.0076236519	-0.0368416519	0.0080743481	0.1150008332	0.018503644	0.112980404	0.0808456877	-0.0302828277	0.0194500561	-0.0017707447	-0.0985996072	-0.0247741977	0.0287274017	0.0080465593	0.0047499777	-0.0122145409	-0.0572762398	-0.0353008423	-0.0664639767	0.1046382256	-0.0494998718	-0.0506508305	-0.1049239017	-0.0051752651	-0.0323381252	0.0296290366	0.0079966477	0.0199757992	-0.1083311249	0.0911685981	-0.0452150202	-0.0388884237	-0.1029465537	0.0644630505	-0.2014969827	0.0452705128	0.0089035519	-0.0625975907	-0.0079090923	-0.0662406242	0.1200107226	-0.1899795468	-0.0236904634	-0.0717986141	0.1033943864	-0.0083513093	0.0048963194	-0.0267918699	-0.1469813818	0.0443133992588116	0.0174757183258976	0.0003054007310061	0.0019636773538708	-0.0082053944862536	-0.0145335235168458	6.732849867504097e-05	0.0002112233058147	-0.056713570494935	0.0020884457956924	4.361605841545677e-06	0.0032164290782839	-0.0004670173441324	-5.2963937531800025e-05	2.8051786788724154e-09	2.181051997204805e-07	-0.000642987476126	8.978693040400006e-06	4.134328944548834e-07	8.061692871372749e-11	-5.365027038864919e-05	0.0001094844784331	2.878351512775168e-09	1.1986851017779068e-08	0.0	0.0	0.0	0.0	0.0	0.0	0.0	0.0	0.0	0.0	0.0	0.0	0.0	0.0
870.6653577165508	1.1938665969568092	1.4253174513292324	758058.1651276894	1127.026535994523	-0.8108974003293952	1270188.812835814	0.6575545938609714	793.4065476311578	1.013246748182496	1.0266689727024023	629493.9498239926	840.9634681533084	696.8597591038255	0.886394	16.754993	0.0524813360279819	0.0390483732485585	-0.0122572053	-0.0280828143	0.0044929971	0.1048051712	0.0908606556	0.0153242131	-0.026712372	0.0219265614	-0.0296016398	0.0493217927	-0.0238115711	0.0381664719	0.0336825253	0.0233584359	0.038719497	0.0619043151	0.149199328	-0.1199845224	0.0456303397	0.0235475862	-0.1139081343	0.0985745987	0.1234062349	0.0329090736	-0.0080780732	0.0342537184	0.0630745313	-0.0250052354	-0.048571484	0.0613008615	-0.0872547525	-0.0145468215	-0.1189379551	-0.0111952338	-0.0291232698	0.0199536499	-0.0557763088	-0.030392856	-0.0847475558	0.0385297293	0.051898465	-0.0356497021	-0.0884972638	0.0874529794	-0.1524773899	-0.0460489984	0.0380228385	-0.0358370996	-0.0746154776	0.00151202	0.1718053137	-0.1771618016	0.0003812659	-0.0631030744	-0.0102461725	-0.1252692046	0.0594834965	-0.0326654109	-0.1425091225	0.044125102322809	-0.0001882969360025	3.5455736107966994e-08	0.0019470246549983	0.0296817500040305	0.0378871444902841	0.0008810062833017	0.0014354357176276	-0.0587698709587272	-0.0020563004637921	4.228371597392001e-06	0.0034538977325054	-0.0004350069018004	3.201044233199998e-05	1.0246684182902964e-09	1.892310046139829e-07	-0.000820996841985	-0.000178009365859	6.74035814549343e-07	3.1687334333523324e-08	-1.6678195821588388e-05	3.69720745670608e-05	2.7816221586324837e-10	1.366934297792304e-09	0.0	0.0	0.0	0.0	0.0	0.0	0.0	0.0	0.0	0.0	0.0	0.0	0.0	0.0
869.7358260192564	-0.9295316972944648	0.8640291762751284	756440.4070613981	1124.895904327606	-2.1306316669169973	1265390.795573023	4.539591300069502	793.2740097893609	-0.132537841796875	0.0175662795081734	629283.654607291	841.2897855469098	695.3548635420495	0.8243789999999999	15.582747	0.0401225365723174	0.0198900804254989	-0.0113498346	-0.0392667408	0.0347999068	0.1578859327	0.0298379781	0.0163439723	0.018617717	-0.002221879	0.0708643802	0.0415180765	-0.0184095075	0.0272068618	0.0114486608	0.1336538513	0.079003269	0.0176524626	-0.029914239	-0.0160436222	0.0207910582	-0.0054135808	-0.1450089511	0.0665744199	0.1768704737	0.0187012528	-0.0001307993	0.0153087611	-0.0716784572	0.0610117708	-0.0477193826	0.0733214486	-0.0598001785	0.0269463246	0.0418280377	-0.0060287444	-0.0313444671	0.0222755442	-0.0370369994	-0.0589561795	-0.0674368215	0.0441594169	0.0600266256	0.0178324186	-0.2511027916	0.071287505	-0.10340999	-0.0875083841	0.0752193855	0.0230643597	0.0243933351	-0.2355472353	0.1001858508	-0.1548364691	-0.0271569719	0.0972624494	0.1465205402	-0.0390941901	-0.1117636637	-0.0384910108	-0.1372005631	0.0442454255173885	0.0001203231945794	1.4477671153815476e-08	0.0019576576792147	0.0118987645552408	-0.0177829854487897	0.000141580597941	0.0003162345714718	-0.0511209417389295	0.0076489292197977	5.850611820947504e-05	0.002613350684275	-0.000331054866977	0.0001039520348234	1.0806025543925368e-08	1.0959732494915919e-07	-0.0009029795173334	-8.198267534840001e-05	8.1537200872366e-07	6.721159057281153e-09	-0.0001221494598328	-0.0001054712640112	1.4920490537444822e-08	1.1124187532122705e-08	0.0	0.0	0.0	0.0	0.0	0.0	0.0	0.0	0.0	0.0	0.0	0.0	0.0	0.0
872.5722405784212	2.8364145591648366	8.045247551442255	761382.3150280461	1130.3280313131693	5.432126985563173	1277641.458372305	29.50800358728364	793.8773764716254	0.60336668226455	0.3640513532669305	630241.2888734709	842.6455639100295	695.3398056742192	1.083607	20.482794	0.045195683023573	0.0231485610097314	-0.0198140895	-0.0319554443	0.0167093487	-0.1007399019	0.0227303391	-0.01020062	-0.0435395468	-0.0208300529	0.015030066	0.0387076342	-0.0546923317	0.0161343009	-0.0561147031	-0.0562364681	-0.042595096	0.0018234845	-0.0651122603	-0.089348027	0.1676037435	0.1416225435	0.1035583461	-0.115185125	0.0461836959	0.0289691888	-0.0431588037	0.0623502857	0.0312923681	0.0325082013	-0.042259066	-0.0417728074	0.1231162762	0.168855391	-0.0790164298	-0.0383096366	-0.012224007	-0.0995104422	-0.0647731912	-0.0839904509	-0.0268475053	0.0155574705	0.0953338122	-0.0296018833	0.0654824525	0.0081568224	-0.1000681006	-0.156468081	-0.2147354585	-0.0986211884	-0.0929157552	-0.0658687794	0.1678957427	0.0992826391	-0.0549756158	0.0171257765	-0.1684659307	0.0972944653	0.0476864785	-0.0442601199	-0.1310868562	0.0418420144866331	-0.0024034110307553	5.776384582756731e-06	0.0017507541762996	0.0038755632681244	-0.0080232012871164	1.501999064523508e-05	6.437175889358628e-05	-0.0587238133633007	-0.0076028716243712	5.780365693666884e-05	0.0034484862559277	-0.0007246234033074	-0.0003935685363304	1.548961927892534e-07	5.250790766207989e-07	-0.0009029021651134	7.735222000003918e-08	8.152323197664654e-07	5.98336593893446e-15	-0.000271827552909	-0.0001496780930761	7.38902185204952e-08	2.2403531546927585e-08	0.0	0.0	0.0	0.0	0.0	0.0	0.0	0.0	0.0	0.0	0.0	0.0	0.0	0.0
872.1098456509328	-0.4623949274883898	0.2138090689669933	760575.5828812938	1127.6928698132922	-2.6351614998770856	1271691.2086277388	6.944076130434452	793.8316746181912	-0.0457018534342523	0.0020886594073258	630168.7276271217	842.3769755727125	705.5523359011714	1.313892	24.835745	0.1175841601255698	0.0587282300646323	0.0356305648	-0.1027402036	0.0252681359	-0.0460064909	0.1829365429	0.0102535949	0.0065449508	-0.0382258637	0.0935997346	0.0424742729	-0.0215389216	-0.017614683	-0.2020005899	-0.0534990619	-0.243702118	0.0846804631	0.0762850629	0.1520733071	0.0428500787	0.2304058706	0.3715251607	-0.0509623145	0.0079621916	0.031285432	-0.0279613595	0.0201220396	-0.185046855	-0.1125939896	-0.1103855972	-0.1514612965	-0.0012884411	0.0611890306	-0.1600450397	-0.0233013517	0.0188468182	-0.1599963979	0.0160703395	0.0848013515	-0.1432348438	0.2026061873	0.1525182067	-0.307550276	0.2547915623	-0.0049148881	-0.1063473197	0.0809541946	-0.2797577564	0.011784677	0.0563324544	0.0107547598	0.1580998897	-0.0290396981	0.2952127412	-0.1299182908	-0.1490782357	0.0904207711	-0.0544588422	-0.0499642712	-0.1242038795	0.0268898007891067	-0.0149522136975264	0.0002235686944564	0.0007230613864778	-0.0226931636538267	-0.0265687269219511	0.0005149796766193	0.0007058972502532	-0.074917241786963	-0.0161934284236623	0.0002622271241122	0.0056125931169662	-0.0016287506079286	-0.0009041272046212	8.174460021361452e-07	2.6528285428277844e-06	-0.0009020411952676	8.609698458000121e-07	8.136783179598004e-07	7.412690753768967e-13	-0.0005642352000906	-0.0002924076471816	3.183613610212794e-07	8.550223213027907e-08	0.0	0.0	0.0	0.0	0.0	0.0	0.0	0.0	0.0	0.0	0.0	0.0	0.0	0.0
873.2441766702179	1.1343310192851277	1.2867068613124368	762555.3920884468	1132.2247648439206	4.531895030628448	1281932.918125871	20.53807256863482	793.2986888461643	-0.5329857720269047	0.2840738331831156	629322.8097250434	845.358969418559	717.4459852957243	1.7894	33.823978	0.424082823079284	0.3018464362756377	0.0348694721	-0.0715406418	-0.0142762937	-0.0347726736	-0.2050067086	-0.0023692055	-0.0945917869	-0.0269945613	0.1164145929	0.0027833439	-0.1064651956	0.1228326471	0.0027953069	0.0199007253	-0.3088019272	-0.2253183125	0.0678491066	-0.2134373447	0.1349486049	-0.1917081094	-0.099581792	-0.1184436987	-0.2039188836	0.034179908	-0.0109747773	0.140297868	-0.129433727	0.2584377989	-0.0246051051	-0.2437511122	0.3134220934	0.1315661917	-0.1337068482	-0.03223705	0.0986806122	-0.0792779788	-0.2819466488	-0.3099204713	0.2305724443	-0.2413361624	0.1263396354	-0.1045902195	-0.1306111148	-0.055212987	-0.2247233194	0.1478698365	-0.0406960817	-0.0269037787	0.3859241574	-0.2278562962	-0.2512648438	0.0225688965	0.0070377331	-0.1037452531	-0.1267310657	0.0934528801	0.1233653902	-0.055595093	-0.1165920251	0.0491349490639265	0.0222451482748198	0.0004948466217687	0.0024142432195146	0.2659192795300527	0.2886124431838793	0.0707130632257822	0.0832971423605679	-0.0812702675719379	-0.0063530257849748	4.03609366245558e-05	0.0066048563912143	-0.000605762446895	0.0010229881610336	1.0465047776149069e-06	3.669481420682177e-07	-0.0016657255022731	-0.0007636843070055	2.774641448922971e-06	5.832137207664707e-07	-0.0009150068487637	-0.0003507716486731	8.372375332844764e-07	1.2304074951284469e-07	0.0	1.0	0.0	0.0	0.0	0.0	0.0	0.0	0.0	0.0	0.0	0.0	0.0	0.0
870.4674613555596	-2.776715314658304	7.710147938657965	757713.6012787927	1124.976192287632	-7.248572556288536	1265571.4332139797	52.54180410377933	792.4333622402615	-0.8653266059027374	0.7487901348831514	627950.6335914056	839.9977105073392	696.0518550902466	1.704653	32.222065	0.6427101707812988	0.5176656380892591	-0.0530191901	0.0017402926	0.0310626513	-0.0604040966	0.0069508817	0.0987036917	-0.086447303	0.1181438957	-0.0556243204	-0.0427857407	-0.1136256051	-0.1404389226	0.0289903948	-0.0342045583	-0.0233360037	-0.0548467752	0.0887148039	0.0213011738	-0.025167069	0.2152584658	-0.1021563192	0.0798745599	0.1917245401	-0.0636128802	-0.0997926187	0.0382303262	0.1043947454	0.0179585835	-0.0490361306	0.0635228227	0.1781712417	-0.0787985429	-0.2685698101	-0.0639861012	-0.1085263971	0.0138404011	0.1520707433	-0.0174535815	-0.094569467	0.1345324185	0.1669800656	0.278843175	0.1037192049	-0.1924474925	-0.3357473434	-0.2781532909	-0.0571603032	0.0874335294	0.1012603868	-0.0423125874	-0.2294035765	0.2290271847	-0.1046699891	0.0487202536	-0.2070508471	0.1631890546	0.1885651173	-0.0611443214	-0.1082959623	0.0285990416378609	-0.0205359074260656	0.0004217234938119	0.0008179051826041	-0.246550965814805	-0.5124702453448577	0.0607873787442131	0.2626257523638187	-0.0492526581502374	0.0320176094217004	0.0010251273130805	0.0024258243348641	-0.0002542228272406	0.0003515396196544	1.235801041867602e-07	6.462924589020394e-08	-0.0008599345638977	0.0008057909383753	7.394874541859275e-07	6.492990363679075e-07	-0.00051860923502	0.0003963976137436	2.689555386480297e-07	1.571310681816995e-07	0.0	0.0	1.0	0.0	0.0	0.0	0.0	0.0	0.0	0.0	0.0	0.0	0.0	0.0
867.2951231353899	-3.172338220169763	10.063729783149862	752200.8306144311	1119.8566955352997	-5.119496752332452	1254079.0185352408	26.209246997142525	793.0042088826498	0.5708466423882328	0.3258658891259189	628855.6753055973	840.2884518439142	689.8331067306258	1.508406	28.512527	0.3789213908389723	0.2392467804081848	0.0387339228	0.0449880875	-0.0257288566	0.1846956636	0.0265498763	0.0276814035	0.0771391099	0.0055894987	0.1313140927	0.0394052202	-0.0475282109	-0.0137974946	0.0186971821	0.0314894021	-0.032863807	0.068049471	0.1755139318	0.1359774171	-0.1416032405	-0.1797373529	-0.0110807881	-0.0052584503	0.1067991834	0.0271837715	-0.0138334878	-0.0017054861	-0.1100711771	-0.0304968538	-0.0354331952	-0.1410312516	-0.1889558362	-0.1218460261	0.1479371433	0.0348356075	-0.012968952	0.049876274	0.0639050086	0.0673870258	-0.1217426746	0.1723308985	0.1568850488	0.0177171308	-0.1591097152	-0.0081433143	0.001902971	0.0435181271	0.1656414054	0.1952985248	0.134201231	-0.1751891843	0.2253582047	0.0101996686	-0.1581933882	0.0424656993	-0.1857277483	-0.0255291491	-0.1376162629	-0.066603812	-0.0993643757	0.0489921042909315	0.0203930626530706	0.000415877004372	0.0024002262828535	-0.019767889010211	0.226783076804594	0.00039076943592	0.0514305639249583	-0.1275992726418451	-0.0783466144916077	0.0061381920022965	0.0162815743787279	-0.0008997742615266	-0.000645551434286	4.167366543087118e-07	8.095937217057383e-07	-0.0012147941124454	-0.0003548595485476	1.475724735632007e-06	1.2592529919547737e-07	-0.0004510474800597	6.756175496030006e-05	2.0344382926820546e-07	4.564590733315631e-09	0.0	0.0	0.0	1.0	0.0	0.0	0.0	0.0	0.0	0.0	0.0	0.0	0.0	0.0
866.9471407612377	-0.3479823741521386	0.121091732720559	751597.3448740854	1127.6787600217165	7.822064486416821	1271659.385804116	61.18469282966324	791.3014597998725	-1.7027490827772451	2.8993544388987504	626158.0002814092	840.7255927240177	695.3366474905058	1.270897	24.023031	0.0684326956032022	0.0362640927248184	0.0293825728	0.034404098	0.0217353101	0.1890680281	0.0994328136	-0.0494136812	-0.0059985724	-0.0037427995	0.039890277	0.0026695812	0.0824875051	-0.0482108353	-0.0901219725	0.2076872731	0.0290991457	-0.0911610826	-0.0334970526	0.0076067983	0.0825443932	0.0720975608	-0.0074572977	-0.0579644814	0.2289262083	0.0288224594	0.0187853302	-0.0228457223	-0.1477636658	0.074289135	-0.0026835515	0.1162478452	0.1182441897	0.0573413139	-0.0169138855	0.0244122009	-0.0164254341	0.009868734	0.0459032219	-0.0279554008	-0.0699053526	0.0987875412	0.1976181399	0.0163359054	-0.0710075162	-0.0016152876	-0.0370279767	-0.0254011013	-0.0509209663	0.1758573557	0.1338855552	0.1446329535	-0.1884490218	-0.0356244645	-0.0383809427	0.0274970847	0.1760070722	0.0127849575	-0.3969319484	-0.0719655524	-0.0898496795	0.0426866053430643	-0.0063054989478672	3.975931698155438e-05	0.0018221462757145	0.0056839774612598	0.0254518664714708	3.23075997801094e-05	0.0006477975068815	-0.1090491819611259	0.0185500906807191	0.0003441058642629	0.0118917240863907	-0.0009041785925972	-4.404331070600033e-06	1.939813217945283e-11	8.175389273110533e-07	-0.0009198251859936	0.0002949689264518	8.460783727881607e-07	8.70066675721274e-08	-0.0003879159475192	6.31315325405e-05	1.5047878233971872e-07	3.98559040091221e-09	0.0	0.0	0.0	0.0	0.0	0.0	0.0	0.0	0.0	0.0	0.0	0.0	0.0	0.0
858.5154141916709	-8.431726569566877	71.09401294394002	737048.7164046961	1123.8149890499517	-3.86377097176478	1262960.129613343	14.928726122252147	789.8294570922851	-1.4720027075874214	2.1667919711447	623830.5712906938	840.4994132707396	669.5686712309509	1.464552	27.683569	0.1418645093469518	0.0778756105434626	0.0393773394	0.223324853	0.0545705029	0.2081971204	0.2091842306	-0.003652861	-0.047092555	0.0292533322	0.2832052397	-0.0182831467	0.1676081588	0.0246974756	-0.1798316605	0.3186844023	0.1441268084	-0.1975569783	0.1504806213	-0.0134191674	0.1151367384	-0.0018885462	0.1804008933	-0.0303414476	0.1077026724	0.0251432471	0.0589281153	-0.0101800657	-0.4224353932	0.040743337	0.2108082095	0.1095156328	-0.0324375073	0.178511013	0.032878418	0.0210343732	0.0066779713	-0.0605481618	0.0710639203	0.1077465117	-0.1003172328	0.1337260129	0.3494731773	-0.0798318314	0.0543225487	0.1755445853	0.1005460803	0.2455749343	0.1648600231	0.1707338358	0.1820254683	0.2360152686	-0.1917659493	-0.017443032	0.1399463512	0.0759735528	0.3277030195	0.0887260392	0.3019486001	-0.0772216734	-0.0798077096	0.0326274617299162	-0.0100591436131481	0.0001011863702299	0.0010645512589371	-0.0180008713412149	-0.0236848488024747	0.0003240313690429	0.000560972062796	-0.1058174708592218	0.003231711101904	1.0443956646170176e-05	0.0111973371390422	-0.0019902013574879	-0.0010860227648907	1.179445445860841e-06	3.96090144334668e-06	-0.0004350901938665	0.000484734992127	1.893034767987886e-07	2.3496801259245966e-07	-0.0009149343070899	-0.0005270183595707	8.371047862900754e-07	2.777483513245917e-07	0.0	0.0	0.0	0.0	0.0	0.0	0.0	0.0	0.0	0.0	0.0	0.0	0.0	0.0
861.4547581285119	2.9393439368410554	8.639742779044274	742104.300302253	1121.9915364939015	-1.8234525560501424	1258865.007963946	3.324979224165798	790.2467449612087	0.4172878689236086	0.1741291655508067	624489.9179217856	842.3348311235967	662.1039586756871	1.640629	31.011856	0.2491559372638986	0.125007988290802	0.0101732943	0.3283080672	-0.0120492247	0.1892471482	-0.0953191574	-0.0955244135	0.0518003678	0.048752228	0.184667304	-0.0129187525	0.1647237872	-0.0586286212	0.0502378639	0.1823449116	0.0219997456	-0.1992909015	-0.029019389	0.1942649027	0.1235770858	0.2683436955	0.0410782372	0.0874885586	-0.2219574957	0.0727148678	0.1501574301	-0.0240152829	-0.11228227	0.1511751015	0.1081233346	0.251292629	0.2849891579	-0.26487237	-0.0714489827	0.0517815293	0.0580176483	0.1542759643	0.1412097478	0.0134247399	0.3692426113	0.0566970625	0.3208501523	0.0609059827	-0.0531845584	0.0174158504	0.1309395874	0.0784459423	0.1089301414	-0.0872235997	-0.0202462763	0.0440076787	0.3518914658	0.4524707887	-0.1588595629	-0.3068467446	0.1568582975	0.0784181909	0.0047068098	-0.0823644609	-0.0692973963	0.0098831467127098	-0.0227443150172064	0.0005173038656019	9.767658894494651e-05	0.0158556777589353	0.0338565491001502	0.0002514025171951	0.0011462659169708	-0.1984914604995538	-0.092673989640332	0.0085884683558563	0.0393988598912459	-0.0019893588880322	8.424694557000387e-07	7.097547837875194e-13	3.957548785392711e-06	-0.0012957230036223	-0.0008606328097558	1.678898102115995e-06	7.40688833228163e-07	0.0002212120838228	0.0011361463909127	4.893478602922549e-08	1.2908286215839538e-06	0.0	0.0	0.0	0.0	1.0	0.0	0.0	0.0	0.0	0.0	0.0	0.0	0.0	0.0
863.4858405972521	2.0310824687402373	4.125295994823937	745607.7969119431	1096.8243347914902	-25.167201702411376	1203023.6213907949	633.388041529858	788.1299991183811	-2.1167458428276404	4.480612963128098	621148.8955103394	834.4207024768006	686.3704328700136	1.859114	35.141758	0.3682470069770246	0.1821863225281711	0.1727705355	0.1252399547	0.0669367825	0.2730083685	-0.2162868808	0.1790678492	0.2810157404	0.0691089969	0.2981675398	-0.0874890968	0.2245889145	-0.0369564999	0.103951591	-0.0980374189	-0.0067880378	-0.1873731183	0.2713097606	0.4345036665	0.1433535902	0.2006178181	-0.2677627472	-0.1411254384	-0.0401296649	-0.0941317316	0.1821252855	-0.154268776	-0.0933501768	0.1078856937	0.1580538911	-0.2269071797	-0.0789691478	-0.5218771716	-0.2548789224	0.0596961682	0.1643412657	0.2415684081	0.3718241657	0.2039374177	0.4685826273	0.062147544	0.1192694671	-0.1410067816	0.1197058973	-0.3480225202	-0.1056507791	-0.0749720624	-0.0752416111	-0.1691655665	-0.1360571873	-0.0575160646	-0.1472878163	-0.3098789233	0.0675684985	0.1429753834	-0.0149473841	-0.0224031437	-0.1012149453	-0.0873863672	-0.0583804184	-0.042816809329409	-0.0526999560421188	0.0027772853668412	0.0018332791611509	-0.0464263507145403	-0.0622820284734755	0.0021554060406694	0.0038790510707708	-0.331580049993974	-0.1330885894944202	0.0177125726536142	0.1099453295540063	-0.0021360709790341	-0.0001467120910019	2.152443764614986e-08	4.5627992274717e-06	0.0008938364121771	0.0021895594157994	7.989435317336306e-07	4.79417043531581e-06	0.0001539549312839	-6.72571525389e-05	2.3702120866630373e-08	4.5235245676408635e-09	0.0	0.0	0.0	0.0	0.0	1.0	0.0	0.0	0.0	0.0	0.0	0.0	0.0	0.0
864.7158524738704	1.2300118766182777	1.5129292166220172	747733.5055196125	1115.116718105503	18.292383314012795	1243485.2949983878	334.61128730677376	790.2482258266873	2.1182267083062243	4.486884387781823	624492.258422227	836.0169451082085	675.4580644663904	1.994247	37.696098	0.4264887210267987	0.2648679161841342	0.0021846783	0.1776222381	-0.0447631533	0.0590285543	-0.0054572469	0.0234902703	0.1263756442	-0.0216960901	0.1325166753	0.0042454048	0.0709598728	0.0922534907	0.1106347768	-0.2510756728	0.131784932	0.0913969962	0.256317839	0.0498467273	0.0082814203	-0.1736117827	0.1419928631	-0.2866409689	-0.0675675	-0.0164987641	0.0184119595	-0.0500966344	0.0723455358	-0.0205854871	0.1928146167	-0.2285430192	-0.3808372494	0.0786408577	0.0322910205	0.0648675048	-0.0466351182	0.117648818	-0.011960602	0.0609202478	0.1491678424	-0.1653675846	0.0198311028	-0.1498325053	0.0664190184	0.2734606869	-0.0294977712	0.0018519143	0.0362224721	0.018977113	-0.0157343504	0.0989069676	-0.0587120926	-0.177608919	-0.082004892	-0.1332837451	-0.319176198	-0.2795692966	0.2103955716	-0.092280022	-0.0471208409	-0.0431224893765715	-0.0003056800471625	9.34402912332717e-08	0.0018595490900325	0.0849656939249143	0.1313920446394546	0.0072191691441422	0.0172638693945364	-0.0921394027831326	0.2394406472108414	0.0573318235367466	0.0084896695452323	-0.0015770080378501	0.000559062941184	3.1255137220530493e-07	2.486954351443822e-06	0.0004699767379219	-0.0004238596742552	2.208781341877103e-07	1.7965702345972428e-07	2.987056413629647e-05	-0.0001240843671476	8.922506018206008e-10	1.5396930170421272e-08	0.0	0.0	0.0	0.0	0.0	0.0	1.0	0.0	0.0	0.0	0.0	0.0	0.0	0.0
865.4773152612933	0.761462787422829	0.5798255766297445	749050.983231896	1125.049703424627	9.9329853191241	1265736.835175841	98.6641973499349	790.5016009012858	0.2533750745984662	0.0641989284277783	624892.7810274956	838.1445707292618	681.422969064668	1.270101	24.007978	0.1801948562067179	0.1120155274779422	-0.0182092124	0.1262898281	-0.0575334882	0.1270766025	0.1464363488	-0.0694658418	-0.0287785799	-0.0675173774	-0.0594045781	0.0070974785	0.0691966009	-0.006006033	0.1592730154	0.0127575066	0.1967626368	-0.0990103413	-0.197044843	-0.123115127	-0.0645580453	0.011151273	0.0776618188	-0.0098994129	0.0064227524	0.0195515677	0.0022454937	-0.0344652223	0.1298101122	0.0912026056	0.1205008089	0.1998853818	-0.0396670823	0.0970036706	0.1155306731	0.0570011929	-0.1144766941	0.1318552353	0.0051484271	0.072625722	-0.0760336636	-0.130030587	0.0606024628	-0.0434157869	0.0375628308	0.2872534639	-0.0024613873	-0.2119569991	-0.1161662875	0.1072109276	-0.1296181539	0.1101274795	-0.0654205353	0.0951913412	0.1304869017	0.0046529123	0.1004046421	-0.0512525386	-0.1715469893	-0.0970382431	-0.0355847396	-0.0337206493981341	0.0094018399784374	8.839459498014382e-05	0.0011370821958318	-0.0063857980312462	-0.0913514919561605	4.0778416495867846e-05	0.0083450950826164	-0.0443485845314484	0.0477908182516841	0.0022839623091655	0.001966796949943	-0.0020870064154914	-0.0005099983776413	2.600983451967582e-07	4.355595778302263e-06	0.0003469695368052	-0.0001230072011167	1.2038785947081506e-07	1.513077152656429e-08	2.986202248557988e-05	-8.541650716592521e-09	8.917403869292781e-10	7.29597969642655e-17	0.0	0.0	0.0	0.0	0.0	0.0	0.0	0.0	0.0	0.0	0.0	0.0	0.0	0.0
860.311441223853	-5.16587403744029	26.68625457069964	740135.775900663	1125.697580937739	0.6478775131120074	1267195.0437290776	0.4197452719961992	789.4298155890571	-1.0717853122287124	1.1487237555091987	623199.4337409727	837.6743501648253	663.3497170719722	1.198611	22.656647	0.0640595368739205	0.0309448559018469	0.006275356	0.2559630412	0.0495108259	0.0147114666	0.2530582808	-0.0392260231	-0.1053271013	0.0262110396	0.1668883345	-0.004558922	0.0827193518	0.0023065814	0.1282798803	-0.0445074186	0.1332730496	0.0951452406	0.1207976273	-0.1589738611	0.1188687837	-0.0609365983	0.1881404358	-0.1816623409	0.0060823077	0.0048798335	0.0015614686	-0.0566289803	0.0262855184	0.0316835582	0.1531035017	0.0579246157	-0.0819878516	0.0794152197	-0.0657694693	0.0659018778	-0.1066069274	0.1139933206	0.0711696297	0.1227626755	0.0140950114	-0.1286278502	0.0097464973	-0.0483352545	0.1648058651	0.2706078733	-0.1041433098	0.0288273713	-0.0399353159	0.0715509737	0.0353052387	0.0671773937	-0.1580041142	0.0926123609	-0.0657300648	0.0544911399	-0.1243477453	-0.2194794136	0.0075674812	-0.1016540472	-0.023839813	-0.0470691820557078	-0.0133485326575737	0.0001781833241103	0.0022155078993933	-0.026272075717344	-0.0198862776860977	0.0006902219624978	0.0003954640402085	-0.0539587660029496	-0.0096101814715011	9.235558791518488e-05	0.002911548428561	-0.0019760064559847	0.0001109999595067	1.2320991010489109e-08	3.9046015140932135e-06	0.0006599701987719	0.0003130006619667	4.355606632670213e-07	9.796941439159245e-08	3.0152302187136187e-05	2.902797015563079e-07	9.091613271843775e-10	8.426230513561918e-14	0.0	0.0	0.0	0.0	0.0	0.0	0.0	0.0	0.0	0.0	0.0	0.0	0.0	0.0
869.0192982147754	8.707856990922437	75.82677337435676	755194.5406697007	1124.15244960118	-1.5451313365590522	1263718.7299443337	2.387430847216763	791.8635904100206	2.433774820963549	5.923259879156157	627047.9458170489	838.4379243748747	669.0364095056038	1.382841	26.13904	0.110521355683173	0.0722589814425037	-0.0182134321	0.1668292639	-0.0355439643	0.0086171557	-0.0655220961	-0.0759426247	-0.0845281973	0.0461600073	-0.05516191	0.0296560879	-0.0346754311	-0.0896966825	0.082904288	-0.0983680144	0.1215563838	0.1020558061	0.0274448414	-0.0105640831	-0.1028541457	0.0003423919	-0.1788929426	0.1146239062	-0.1134550584	0.0115864565	-0.0621411817	-0.0485544265	0.1520926965	-0.1248726787	0.0821147615	0.035335381	-0.0642067415	-0.1615753513	0.0963041628	0.0733162157	-0.0919652134	0.1157311178	0.0014167753	0.121592008	0.1428215441	-0.1560201583	-0.1541993297	-0.0181112903	0.0714280345	0.1254605302	-0.0228639535	-0.0844618016	0.0599517883	0.1714727818	0.0090720502	-0.1295231282	0.0406801253	-0.0808207022	-0.0315748134	-0.0044615128	0.1531941443	0.2046295296	-0.0199637551	-0.10612066	-0.0119549848	-0.0498021695075152	-0.0027329874518073	7.469220411736685e-06	0.0024802560876552	0.0275614104640453	0.0538334861813893	0.0007596313467675	0.0028980442344418	-0.0927586065382115	-0.0387998405352619	0.0015054276255617	0.0086041590869107	-0.0016730109079937	0.0003029955479909	9.180630210236637e-08	2.798965498265904e-06	0.0006599753897853	5.1910133999459596e-09	4.355675151222587e-07	2.6946620118418515e-17	3.0052210897246203e-05	-1.0009128988998361e-07	9.031353798125633e-10	1.0018266311840735e-14	0.0	0.0	0.0	0.0	0.0	0.0	0.0	0.0	0.0	0.0	0.0	0.0	0.0	0.0
869.0002312596113	-0.0190669551641349	0.0003635487792311	755161.4019292579	1119.5974946455522	-4.554954955627864	1253498.5500165971	20.74761464779883	788.7696277194553	-3.093962690565263	9.572605130609842	622157.5256126882	835.1668745762777	697.688034689445	1.165617	22.032982	0.0782077677688052	0.04533030806837	-0.0080100939	-0.0356462545	-0.078283842	-0.0220585801	0.0207887355	0.0113361185	-0.0439892132	0.0693873621	-0.1357243651	-0.0509072162	0.0690770098	-0.0565502839	0.1169074515	0.0247705209	0.2270922991	0.1821002989	-0.169131633	-0.0779879617	-0.1121420444	0.0946280305	-0.0518814479	0.0182685451	-0.1836979178	-0.0501195743	-0.0213154849	-0.083483227	0.1093083715	-0.0610508194	0.0535805728	0.2426057102	-0.1383102843	-0.0032054266	0.1320360839	0.0627330333	-0.1022560707	0.0845768264	0.0380579601	0.0596580819	0.0282740749	-0.1270978509	-0.1995352115	-0.0472102569	0.0591557674	0.1139656115	-0.0244305864	-0.1391614877	0.1327595443	-0.0031152559	-0.0970530687	-0.2049231338	-0.1523523371	0.1271213485	0.0935299957	-0.0854722649	0.1395155659	0.1871496736	0.0223154648	-0.1104315261	-0.0	-0.054977243149338	-0.0051750736418228	2.6781387198289154e-05	0.0030224972643014	-0.0118575374847722	-0.0394189479488175	0.0001406011952027	0.0015538534573915	-0.1080349075084541	-0.0152763009702426	0.0002333653713334	0.0116715412403602	-0.0014769549051767	0.0001960560028169	3.8437956240579475e-08	2.181395791925515e-06	0.0006606036005825	6.282107972000297e-07	4.3639711710256324e-07	3.946488057186968e-13	-0.000140012479647	-0.0001700646905442	1.960349445690159e-08	2.8921998969910225e-08	0.0	0.0	0.0	0.0	0.0	0.0	0.0	0.0	0.0	0.0	0.0	0.0	0.0	0.0
870.1575291449135	1.1572978853022278	1.3393383953250084	757174.125527581	1126.6556165468442	7.058121901291997	1269352.8782965494	49.81708477349776	792.6192564222548	3.849628702799464	14.819641149417484	628245.2856513681	839.999593396231	695.7969235947492	1.123127	21.229815	0.0924979009760785	0.0497298904277952	-0.0045519236	0.018418757	-0.0986140838	-0.0907126061	0.0578825943	-0.049909699	-0.06577642	-0.0010214188	-0.0998231545	0.0603509335	-0.077094978	-0.0497321169	0.1170346898	-0.0747459375	-0.0315126065	0.0401388784	-0.0305699036	0.0865645291	0.01503541	0.0748186297	0.0444079612	0.0566438138	0.0902081543	0.0340151343	-0.090905041	0.0148560352	0.1347710034	0.0169935781	-0.0391533881	0.0249376247	-0.0342488402	-0.0820239542	-0.0081380802	0.0790737052	-0.0940666219	0.0787643807	-0.0539079989	0.0435361848	0.0251310674	-0.1142270227	-0.1537538313	0.0278972352	0.1045837552	0.0003898251	0.0538130732	0.0250460332	-0.0264035789	0.0929278534	0.1548197668	0.0762493261	0.1093826323	-0.0450897266	0.0878138398	0.0762777168	0.0140101994	0.2745535919	-0.1300956047	-0.1145803187	0.0119549848	-0.0378995595051776	0.0170776836441604	0.00029164727865	0.0014363766106864	0.0309293513126647	0.0427868887974369	0.0009566247726222	0.0018307178529642	-0.1019073899375229	0.0061275175709312	3.754647158207064e-05	0.0103851161238783	-0.001643961977711	-0.0001670070725343	2.7891362276476945e-08	2.7026109841594622e-06	0.0003716765613297	-0.0002889270392528	1.3814346624187025e-07	8.347883401138907e-08	-0.0002141945871309	-7.418210748390001e-05	4.5879321156176725e-08	5.5029850707528944e-09	0.0	0.0	0.0	0.0	0.0	0.0	0.0	0.0	0.0	0.0	0.0	0.0	0.0	0.0
873.2260893194664	3.0685601745528857	9.416061544852036	762523.8030681687	1126.080471759076	-0.5751447877680675	1268057.2288771437	0.3307915268967754	792.9423851860894	0.3231287638345748	0.1044121980172604	628757.6262246046	838.9798856097634	703.310034344022	1.021522	19.309235	0.0856677314040115	0.0362347446610706	0.0105602617	-0.097908143	-0.1030358476	0.0477651629	0.0030477745	-0.0305185816	-0.1038732377	0.0243543279	-0.0833596754	0.0634528427	-0.1137107726	-0.1550567864	0.0552951445	-0.0632502114	-0.0988260832	0.1549281448	0.1181997349	0.0812729156	0.0333607853	-0.0924711927	-0.0423737877	-0.0901158534	-0.0051088612	0.006174215	-0.1669080666	-0.0275824266	0.0463001975	-0.0461390153	-0.1459604059	-0.0784168087	-0.0859709472	-0.147063968	0.0153248066	0.0682174542	-0.1001554899	0.0394698386	-0.0294054205	-0.0153160046	0.0557933081	0.0471461563	-0.2281233078	-0.1071726597	0.057453058	-0.037537526	0.0762662317	0.008174847	0.0601807863	0.1463429195	0.2384633419	0.0382406107	0.0810630023	0.0685075669	-0.0372520578	0.0609083206	-0.1498190212	-0.0402729412	0.0003150836	-0.1185609488	0.023839813	-0.0330318085487419	0.0048677509564356	2.3694999373880655e-05	0.0010911003760007	0.0396321881915469	0.0087028368788822	0.0015707103408501	7.57393697404321e-05	-0.1270045007940154	-0.0250971108564925	0.000629864973343	0.016130143221937	-0.0020280022640123	-0.0003840402863012	1.4748694150238445e-07	4.112793182839015e-06	5.8970564787319546e-05	-0.0003127059965423	3.477527511335452e-09	9.778504027356325e-08	2.9059784269443124e-05	0.0002432543714003	8.44471061786574e-10	5.917268920537608e-08	0.0	0.0	0.0	0.0	0.0	0.0	0.0	0.0	0.0	0.0	0.0	0.0	0.0	0.0
873.2007567512286	-0.0253325682377862	0.000641739013522	762479.5615909183	1126.7929831017982	0.7125113427221095	1269662.4267674494	0.5076724135076633	792.5655312856038	-0.3768539004855711	0.1420188623111887	628160.1213820315	840.2491628656367	705.9629974216919	1.053162	19.90731	0.0198898798476862	0.0114154116835283	0.0249264169	-0.1251432044	-0.1114475199	-0.0195868922	-0.0321354001	-0.0749473691	-0.0638717927	-0.0089217512	-0.0855294563	0.0714163371	-0.0673505467	-0.0531805834	0.1066883863	-0.140507972	0.0595323401	-0.0246626108	0.0592643577	0.1381102649	0.0022320226	-0.0857507386	-0.0298738829	0.2104768755	-0.0134808804	0.0481548424	-0.1083681199	0.0160443276	0.1148212352	-0.0342550311	0.0478865209	-0.0357191013	-0.0783724388	-0.1748917406	0.0251181121	0.0720785492	-0.1056244658	0.0580724582	-0.0849611663	0.0172283944	0.0495809765	0.000945962	-0.1494829942	0.0323389412	-0.0352541361	-0.1030273578	-0.0130466205	-0.0247985726	0.1240411227	-0.0245815829	0.1093640841	0.000409818	0.1018497663	0.0763992811	0.3292635931	0.142339523	-0.0560118027	0.013342196	-0.128405256	-0.1223675745	0.0355847396	-0.0209823626629912	0.0120494458857507	0.0001451891461536	0.0004402595429212	0.0396879668075342	5.577861598729528e-05	0.0015751347093159	3.111254001458152e-09	-0.1256969413107924	0.001307559483223	1.709711802166407e-06	0.0157997210548887	-0.0020279985286665	3.735345800032208e-09	1.3952808245818257e-17	4.112778032273489e-06	0.0001050555020996	4.608493731228046e-05	1.1036658521399062e-08	2.1238214470768197e-09	-5.4393460326982064e-05	-8.345324459642519e-05	2.9586485263429722e-09	6.96444403367077e-09	0.0	0.0	0.0	0.0	0.0	0.0	0.0	0.0	0.0	0.0	0.0	0.0	0.0	0.0
871.5381946171897	-1.6625621340389216	2.7641128495400533	759578.8246765904	1126.9578733644285	0.1648902626302515	1270034.0483380752	0.0271887987102733	792.2638379838731	-0.3016933017306655	0.0910188483091504	627681.9889769368	839.2793441848592	698.3454368036605	1.029728	19.464354	0.0399734589510425	0.0261219589699099	0.0139213759	-0.0552349755	-0.1337487377	-0.1249080721	-0.0156206161	-0.0596775382	-0.0574926175	0.0312676088	-0.0703701102	0.0457055086	-0.088442622	-0.028947189	0.1416154376	-0.1241872768	0.0211590358	-0.0525300702	-0.0083250672	-0.0329319452	0.1139662626	0.0011494262	0.000810008	-0.001354286	0.148282118	0.0247382736	-0.0916755879	-0.0106748499	0.1656318433	0.0920175466	0.0119249378	-0.0745393141	-0.01637731	0.0792930189	0.015576472	0.0713521277	-0.1220176926	0.0326501024	-0.0167194557	-0.0892830029	0.0223189278	-0.0220607567	-0.0917969668	0.0537754416	0.005549894	-0.016428345	0.1360411235	-0.0808325056	-0.1157427057	-0.1313419153	0.2038970188	0.2441108556	0.0732509161	0.047844807	0.0915870376	0.0101325826	-0.1193150598	0.0379248183	-0.0799520115	-0.1259946088	0.0471208409	-0.0210461358764462	-6.377321345499981e-05	4.067022754376969e-09	0.0004429398353298	0.0153214786637647	-0.0243664881437694	0.0002347477084441	0.0005937257444604	-0.1248280378053294	0.0008689035054629	7.549933018058811e-07	0.0155820390223287	-0.0019100017285287	0.0001179968001377	1.3923244842759913e-08	3.6481066029826216e-06	1.2972294432200826e-05	-9.208320766739918e-05	1.6828042283570854e-10	8.479317134317362e-09	2.9012413634920504e-05	8.340587396190257e-05	8.417201449237211e-10	6.956539811348777e-09	0.0	0.0	0.0	0.0	0.0	0.0	0.0	0.0	0.0	0.0	0.0	0.0	0.0	0.0
876.28729019622	4.7490955790303815	22.553908818765915	767879.4149594344	1127.240036224152	0.2821628597234848	1270670.099266627	0.079615879407335	795.2600340101454	2.996196026272287	8.977190627849842	632438.5216938177	842.1836504348244	707.2829161328068	1.131077	21.380087	0.0873681698806161	0.0618998570026545	0.0089619114	-0.1338646887	-0.0740152367	-0.1434366212	0.0961281961	-0.0503492028	-0.0989406871	-0.0077924917	-0.0745690993	0.1255607953	-0.2102432425	-0.1120054365	0.0428638632	0.0151435566	-0.0915985655	0.1428391894	0.0098406887	0.1510836563	-0.0932281447	0.0974686778	0.0188015472	-0.0293257918	0.1143649657	0.0733821683	-0.1992705362	0.0634353113	0.0576631268	-0.0361726761	-0.1434862603	-0.0391969498	-0.0405108733	-0.1023196622	0.02174521	0.0704404704	-0.1448351836	0.0579165146	-0.0001908206	0.062416162	-0.0139558781	0.0346696978	-0.2093626442	0.1282049801	0.0541304011	-0.1760335203	0.015936957	-0.0328494573	-0.0140363757	-0.0146770597	0.254523726	-0.0379452768	0.044697561	-0.0473949475	0.0342511706	-0.1485966135	0.0789802066	0.0507756593	0.1201608814	-0.1294367287	0.0583804184	-0.0273821219450951	-0.0063359860686489	4.014471946211296e-05	0.000749780602216	-0.045415059366519	-0.0607365380302837	0.0020625276172644	0.003688927051904	-0.1222322049374469	0.0025958328678825	6.738348277979128e-06	0.01494071192387	-0.0019909933487862	-8.099162025749997e-05	6.559642551935079e-09	3.964054514910887e-06	0.0001461100232933	0.000133137728861	2.1348138906768673e-08	1.7725654846291563e-08	-0.0001108544955225	-0.0001398669091574	1.2288719177547974e-08	1.956275227725012e-08	0.0	0.0	0.0	0.0	0.0	0.0	0.0	0.0	0.0	0.0	0.0	0.0	0.0	0.0
876.1297762706971	-0.1575139255229487	0.024810636733649	767603.3848681417	1127.3895220989948	0.1494858748428669	1271007.1345386	0.0223460267775372	793.7008577134874	-1.5591762966580518	2.4310307240603173	629961.0515351256	839.9147272742143	728.4928547701513	1.300293	24.57869	0.1173605881993359	0.0734911675596047	0.0064248974	-0.2815999286	-0.1668239108	0.067278214	0.0642955458	-0.0047388066	-0.1473396503	0.0482437631	-0.2121941378	0.1076387509	-0.1183278286	-0.1468801715	-0.0803961793	0.1606260741	-0.052144016	0.2902193314	-0.0158083817	-0.0228540117	0.0161763855	-0.1777287958	-0.0098343303	0.0493523658	-0.1169089783	0.0406162407	-0.1968455455	-0.0114463235	-0.0760651091	-0.0811317486	-0.2247745076	0.0814035642	-0.1583951677	0.0025646337	0.05197958	0.0426713243	-0.1492361129	-0.0045089416	-0.0325949768	-0.0234534826	-0.0160754302	0.2089958373	-0.1953552827	-0.2843704668	0.0379377864	-0.1273461551	0.1230043018	0.0342559484	-0.0120749934	-0.0737789478	-0.076951549	-0.0111835254	0.0053595684	0.1539268747	-0.1643893577	0.0943049537	0.0718211283	-0.0444472553	0.2279786369	-0.1326888823	0.0692973963	-0.0209017572143608	0.0064803647307343	4.199512704334506e-05	0.000436883454648	0.0009458592046485	0.0463609185711675	8.946496350182931e-07	0.0021493347707624	-0.1221906554269622	4.1549510484698016e-05	1.7263618215180303e-09	0.0149305562736706	-0.0030620060158249	-0.0010710126670387	1.1470681329573493e-06	9.375880840947878e-06	0.0002239550966709	7.78450733776e-05	5.015588532487218e-08	6.059855449163928e-09	2.984287180018844e-05	0.0001406973673226	8.905969972824823e-10	1.979574917153552e-08	0.0	0.0	0.0	0.0	0.0	0.0	0.0	0.0	0.0	0.0	0.0	0.0	0.0	0.0
874.9600429375421	-1.1697333331550226	1.3682760706939592	765555.0767372655	1133.1187162599365	5.729194160941688	1283958.0251385665	32.82366573376834	794.2091747707791	0.5083170572917197	0.2583862307337135	630768.2132900819	844.0065555151072	728.0589491012122	1.141646	21.579878	0.1384643145330725	0.0731618649959769	-0.0268779403	-0.2106754007	-0.256774059	0.0645497481	0.0582278314	-0.0645178503	-0.1624168724	-0.0567942477	-0.1329924057	0.1299832946	-0.1294623645	-0.0592200765	0.03459761	0.1755888656	0.0039090547	0.005429775	-0.0939751436	-0.0089541547	0.1440866273	-0.0808120251	0.2293046546	0.1274311741	-0.1092714597	0.1018224561	-0.1674533011	0.134062044	-0.0452802305	0.1273267492	-0.1066452799	0.1886246104	-0.0187424235	-0.0170747049	-0.0094075186	0.0285672985	-0.147076505	0.0189107475	-0.2146654493	-0.1162068921	-0.040566584	0.1882459997	0.0728983723	-0.2112583256	0.0890473538	-0.1846128138	0.1063976538	0.0964253078	0.0694103722	-0.0932049122	-0.2710443669	-0.0832209776	-0.2416648772	0.1675151213	-0.0268253563	0.1533940332	0.0654846036	-0.1583132727	0.0633768031	-0.1357462967	0.0798077096	0.0071414927353572	0.0280432499497179	0.0007864238677423	5.100091848915966e-05	0.062923079504344	0.0619772202996955	0.0039593139343099	0.0038411758360769	-0.1012717601766723	0.0209188952502898	0.0004376001784926	0.0102559694092814	-0.0031270076465558	-6.50016307309001e-05	4.225211997676295e-09	9.778176821618444e-06	-1.966850383139373e-05	-0.0002436236005022	3.8685004296554976e-10	5.935245872170122e-08	-0.000212030877634	-0.0002418737494341	4.495709307024429e-08	5.8502910665352575e-08	0.0	0.0	0.0	0.0	0.0	0.0	0.0	0.0	0.0	0.0	0.0	0.0	0.0	0.0
868.9203437514682	-6.039699186073904	36.47796625826177	755022.5637851696	1124.5109971053116	-8.607719154624874	1264524.982610782	74.09282904489596	791.2950477176242	-2.914127053154857	8.49213648192901	626147.8525424373	839.8825005159493	703.3480251738758	1.202737	22.734632	0.1711550634577975	0.0908779664810173	-0.003920247	-0.0660915142	-0.2040299916	-0.0033164351	-0.0114124821	-0.0725287281	-0.0740319888	0.0503642021	0.0774189285	0.0633598919	0.0031263114	-0.1002882623	0.0079483062	0.0527279064	0.1364268652	-0.038235004	-0.0533857461	0.0099787016	0.0910082474	-0.1874018689	0.0544679921	0.0808013725	-0.0775488831	0.0451218833	-0.1038570191	-0.0476608679	-0.049098702	0.078017633	0.1050218553	0.1104662323	-0.0375184205	0.0294894942	0.1219035727	0.0496994375	-0.1666351407	-0.0278634445	-0.0167242476	-0.063559549	-0.0320814766	0.0506929467	0.0484073401	0.0776864308	-0.0643346019	-0.0385744101	0.1335405515	-0.0149760558	0.1290772763	-0.1779968034	0.03447361	-0.0283955047	-0.1321210377	-0.01191241	0.0493362133	-0.1901971946	-0.1425857362	-0.0858562915	-0.094683118	-0.1386044847	0.0898496795	-0.0055255878907587	-0.0126670806261159	0.0001604549315885	3.053212153849917e-05	-0.0084398654220194	-0.0713629449263634	7.12313283417987e-05	0.0050926699085631	-0.0890032038833794	0.0122685562932929	0.0001505174735216	0.0079215703015064	-0.0020365502982877	0.0010904573482681	1.1890972283918966e-06	4.147537117455719e-06	-0.000256110399059	-0.0002364418952276	6.559253650616024e-08	5.5904769818822355e-08	-0.0003822612663788	-0.0001702303887448	1.4612367577352389e-07	2.897838525220573e-08	0.0	0.0	0.0	0.0	0.0	0.0	0.0	0.0	0.0	0.0	0.0	0.0	0.0	0.0
869.0349958023799	0.1146520509116726	0.0131450927782527	755221.8239292423	1125.079087744226	0.5680906389143274	1265802.9536793798	0.3227269740220888	791.0378810458714	-0.2571666717528842	0.0661346970604556	625740.9292495422	840.0811655557079	698.0516701219241	1.019715	19.275087	0.0387580379039489	0.0241675241821456	-0.0415040407	0.0260975404	-0.2287251217	-0.0389609057	0.1395331663	-0.0680781437	-0.1131274403	0.0003377914	0.0856098894	0.0505677488	-0.0150948099	-0.0435775042	0.1404488741	0.0478760165	0.1780733266	-0.1446397307	0.0320284752	-0.1115148795	0.084084673	-0.082553562	0.1277064621	0.0931482376	0.0405662319	0.052767809	-0.0730844038	0.0378270937	0.0581835745	0.1308133601	0.1762095741	0.1594922979	-0.0070813675	0.0103085253	-0.0396256534	0.0563187323	-0.1813456807	0.0392116821	-0.1304384766	-0.0200990979	-0.0822445762	-0.0196697137	0.1476138412	0.0779969321	-0.007865948	0.0044553079	0.0218410181	0.0185788708	0.0902818474	-0.1821242078	-0.0619123568	0.0215217654	0.0068728362	-0.1501899122	0.0865055096	-0.1458783049	0.044462837	0.0447548546	0.0366461799	-0.1412592515	0.0993643757	-0.0105404838313205	-0.0050148959405618	2.5149181294663224e-05	0.0001111017993983	-0.0084092644875966	3.060093442279997e-05	7.071572922235331e-05	9.364171875485043e-10	-0.0704866004040951	0.0185166034792843	0.000342864604409	0.0049683608365265	-0.0021950317790535	-0.0001584814807658	2.5116379745720716e-08	4.818164511054774e-06	-0.0002161967062472	3.991369281180002e-05	4.6741015792138095e-08	1.5931028738747363e-09	-0.0002767376889628	0.000105523577416	7.658374849247143e-08	1.1135225390670543e-08	0.0	0.0	0.0	0.0	0.0	0.0	0.0	0.0	0.0	0.0	0.0	0.0	0.0	0.0
863.5311111925682	-5.503884609811621	30.29274579812122	745685.9799974717	1121.6544947057337	-3.424593038492276	1258108.8054935748	11.727837479289756	788.2793685065376	-2.758512539333765	7.609391429661615	621384.3628130656	836.247271667611	676.726175619692	1.266939	23.948212	0.1030642824267789	0.0628887972641459	-0.0153498491	0.1444185084	-0.042380017	-0.0911968959	0.1437039576	-0.0655310895	-0.051135826	0.0727044597	0.1129207336	-0.0216040369	0.0876353034	-0.0666561767	0.0067260115	-0.0923451104	0.0553025621	0.010504796	0.1322311152	-0.1301561755	-0.0848393051	-0.1176396322	0.25189755	-0.1312983559	0.0736280846	-0.0075915349	-0.0218032453	-0.1293241743	-0.000612126	-0.0030760724	0.1736407674	-0.0111127917	-0.016796039	0.1804856951	-0.0002860907	0.0319538215	-0.1182382276	-0.119618617	0.0504358803	-0.0640013855	-0.1217520202	-0.0263944174	0.1328270347	0.0805707024	0.1096150119	0.0461255014	0.1333722502	0.0369296037	0.1131067465	-0.159101887	-0.1367232955	0.0518248596	0.0103029075	-0.1242684507	-0.3989052877	0.0166306711	-0.1944642268	0.148644554	-0.2206300086	-0.1437067008	0.1082959623	-0.0156015677617773	-0.0050610839304567	2.5614570551128043e-05	0.0002434089166253	-0.0088248943232969	-0.0004156298357002	7.787875981735784e-05	1.7274816032425806e-07	-0.1007353205092869	-0.0302487201051917	0.0009149850680022	0.0101476047981087	-0.0015281688796836	0.0006668628993699	4.447061265560297e-07	2.335300124833429e-06	-0.0004869762759596	-0.0002707795697123	2.371458933474805e-07	7.332157537363246e-08	-0.0006858721909891	-0.0004091345020263	4.704206623721885e-07	1.6739104074830848e-07	0.0	0.0	0.0	0.0	0.0	0.0	0.0	0.0	0.0	0.0	0.0	0.0	0.0	0.0
869.1233907006484	5.592279508080196	31.27359009649368	755375.468262992	1124.437075154765	2.7825804490312294	1264358.7359826025	7.742753955330838	794.0399681939019	5.7605996873643335	33.18450875806206	630499.4710893728	841.5561265897853	679.613628666286	1.197731	22.640017	0.0464918060093028	0.0296972341661693	-0.0106228272	0.1249810115	-0.0929566795	-0.0589567957	0.1478143937	-0.0680115408	-0.1037887262	0.0031580697	-0.0045727226	0.1276814372	-0.1258265049	-0.0180177086	0.0775125481	-0.0529845912	-0.0024128165	-0.1418728042	0.1138377098	-0.1107764227	-0.1309252773	0.1274151369	0.0880971547	0.2078119149	0.1852761719	0.101367261	-0.1078914104	0.0965179305	0.1060313146	0.0411075094	0.0992723456	-0.0154018821	0.017965835	-0.0022256598	-0.0988018378	0.0513097847	-0.1404837083	-0.0155263953	-0.1494620538	0.0070142312	-0.0953567239	-0.0292074855	0.1904403564	0.128980473	0.1080817693	-0.1754291359	0.0381905258	0.0707174964	0.1488222348	-0.0035612108	-0.0891028219	-0.0937800615	-0.0420155081	-0.2824917581	-0.0691030859	0.0273566928	0.0201308488	0.0139832823	-0.0202544263	-0.1459432408	0.1165920251	-0.0131520627376602	0.0024495050241171	6.000074863174915e-06	0.0001729767542553	-0.0013056772492916	0.0075192170740052	1.704793079317679e-06	5.653862540601281e-05	-0.0948050002715064	0.0059303202377804	3.516869812262888e-05	0.0089879880764803	-0.001987131185722	-0.0004589623060383	2.106463983640859e-07	3.9486903492689216e-06	-0.0004869710287287	5.247230899947924e-09	2.3714078282108843e-07	2.7533432117368302e-17	-0.0005329844707904	0.0001528877201987	2.840724461037227e-07	2.3374654987555996e-08	0.0	0.0	0.0	0.0	0.0	0.0	0.0	0.0	0.0	0.0	0.0	0.0	0.0	0.0
863.827504415759	-5.295886284889434	28.04641154248001	746197.9573851582	1119.23681352522	-5.200261629544912	1252691.044750088	27.0427210157171	788.927740181817	-5.112228012084984	26.134875247546383	622406.9792283885	835.7381953526971	675.0404865300488	1.953584	36.927467	0.0965337498153594	0.0626753109018429	0.0662060255	0.1350770404	0.0919968105	-0.1579013653	-0.0983468485	-0.0824766002	-0.0441708527	0.1275168458	-0.0038564689	-0.0194238349	0.1245935165	-0.1582492251	-0.4196393479	-0.2513857484	0.3330310153	-0.0097135545	-0.1535837082	0.0158812624	-0.0723243736	-0.0564962756	-0.1068803716	-0.1615818505	0.2071631831	0.0006011574	-0.0525053751	-0.2128083817	-0.1057937258	-0.4016282182	0.1968489834	0.0116130492	0.1532042897	0.1813806235	0.1808133457	-0.02513709	-0.0523213114	-0.4878312323	0.219027943	0.274747703	0.1568848731	0.1566599985	-0.0748742404	0.1764948701	-0.2558130707	0.2175611058	0.1382084267	-0.0237367385	-0.2218100686	-0.1999370993	0.2013032155	-0.1914468586	-0.0912990208	-0.0672206903	-0.0458175192	0.1312185616	0.1057735241	-0.1121152227	0.0998768005	-0.1479655889	0.1242038795	-0.0129532072385671	0.000198855499093	3.9543509519565774e-08	0.0001677855777652	-0.0534508626001155	-0.0521451853508239	0.0028569947126964	0.0027191203552717	-0.1140040709576197	-0.0191990706861133	0.0003686043152103	0.0129969281949099	-0.0020460239624934	-5.88927767714003e-05	3.468359155845986e-09	4.186214055097195e-06	-0.0004879052557147	-9.34226985999998e-07	2.3805153855402682e-07	8.727800613706407e-13	-9.299870896121748e-05	0.0004399857618291	8.648759868453234e-09	1.935874706124061e-07	0.0	0.0	0.0	0.0	0.0	0.0	0.0	1.0	0.0	0.0	0.0	0.0	0.0	0.0
873.8075739968177	9.980069581058729	99.60178884277374	763539.6763742041	1133.717893747183	14.481080221963111	1285316.262602549	209.7016843949312	795.1314320882161	6.203691906399172	38.48579326952259	632233.9942946575	844.2418188093733	687.7534227148741	1.931211	36.504555	0.3647750553986238	0.2565930883627159	0.0014838178	0.0234716891	-0.0014337192	-0.240125379	-0.1879496075	-0.1135742924	-0.2433124498	-0.0279518498	-0.1188461308	0.0732941196	-0.2807672284	-0.0086012141	-0.3676091643	-0.2058395304	0.0265929716	-0.1802282153	-0.1831730605	0.0009317403	0.3940814984	0.0614716182	-0.1711946711	-4.26134e-05	-0.2278451962	0.0897525538	-0.204761441	0.2601749712	0.0423591386	-0.32229916	0.0141501656	-0.0290128361	0.4304585846	-0.0913683361	-0.0750746243	-0.0536782256	-0.0271939571	-0.3904854537	-0.3753140581	0.1728282673	0.3444780235	-0.0360792349	-0.0332660822	0.1082171165	-0.0808488518	-0.0815843078	-0.3611150863	0.0490791337	-0.0520357863	0.2149487373	-0.2950946521	0.3026611795	0.0751706095	0.046262798	-0.0323201399	-0.0198070147	0.0743382322	0.0055643057	-0.0527680937	-0.1497707771	0.1310868562	-0.0322048488450974	-0.0192516416065303	0.0003706257045462	0.0010371522891355	0.1939894339565739	0.2474402965566894	0.0376319004867919	0.0612267003600623	-0.0656879617412897	0.04831610921633	0.0023344464098043	0.0043149083177251	-0.0012430702841289	0.0008029536783645	6.447346095990811e-07	1.5452237312843043e-06	-0.0004878228616211	8.239409360002874e-08	2.379711443201989e-07	6.788786660170295e-15	-0.0002853027968846	-0.0001923040879233	8.139768591017534e-08	3.698086223204404e-08	0.0	0.0	0.0	0.0	0.0	0.0	0.0	0.0	1.0	0.0	0.0	0.0	0.0	0.0
857.4646980659202	-16.34287593089755	267.0895936927104	735245.7084292796	1086.135688088157	-47.58220565902616	1179690.732938734	2264.066295377861	779.0820527818468	-16.04937930636936	257.58257611971703	606968.8449667762	821.7089081571855	698.7530881724499	2.840979	53.701366	0.5627994001926475	0.3327353035072454	0.0170930979	-0.0688296707	0.0367031712	-0.0763611391	-0.273044062	0.2699810882	0.2991017396	0.5075794433	-0.3922656268	-0.299498841	0.4533376814	-0.3119137325	0.2030458402	-0.092475526	-0.3512553188	0.2295352707	-0.1986756868	-0.0612835017	0.1962934822	0.0412008038	-0.005524219	0.1213897439	0.0082766209	-0.261274505	0.1609903142	-0.6030273135	0.2108252113	0.1113494245	-0.3114741184	0.1617007514	0.223742969	-0.0501383456	-0.052112368	-0.0268047696	0.1053560434	-0.1271245813	0.3181083744	-0.6687286711	0.1542534437	0.2170467071	-0.1364650983	0.1860721198	0.2322449608	0.2252886445	-0.0790839764	0.0678326344	0.050753119	0.1775028648	-0.1457309284	-0.0453191261	0.0919286882	-0.0911903162	0.1553713276	0.036094635	0.0470092443	-0.0515280185	0.0246266497	-0.1513561561	0.1372005631	-0.0321411761881336	6.367265696380353e-05	4.054207244830198e-09	0.0010330552067566	0.0120856493342387	-0.1819037846223352	0.0001460629198301	0.0330889868599289	-0.3576240237998433	-0.2919360620585536	0.0852266643302556	0.1278949423987909	-0.0026029710194629	-0.001359900735334	1.8493300099619536e-06	6.775458128163728e-06	-0.0004886723456982	-8.494840770999971e-07	2.388006614501811e-07	7.216231972464339e-13	0.0001318646008002	0.0004171673976848	1.7388272944196104e-08	1.740286376911081e-07	0.0	0.0	0.0	0.0	0.0	0.0	0.0	0.0	0.0	1.0	0.0	0.0	0.0	0.0
849.0285906972946	-8.436107368625585	71.1679075349789	720849.5478214342	1089.374162900698	3.2384748125409715	1186736.0667955964	10.48771911146228	776.203991232978	-2.8780615488688	8.283238279077075	602492.6360060049	818.1344220357882	662.4315089615841	4.532674	85.678505	2.9529013517271534	2.411567423641557	-0.9038775207	-0.0229936721	0.2163768556	0.1277995389	-0.0519161085	0.8211496509	-0.1882054787	-0.4120297012	0.036488378	-0.8358957303	-0.3965991956	0.1169083429	-0.0117322756	0.1646173321	0.0442675994	-0.0176220572	0.0795433121	0.0057175136	-0.0760312552	0.0118924982	0.0038004746	-0.0093060103	0.024095843	-0.8673947016	0.0207771602	0.385923224	-0.0914604394	0.0284339385	0.0299450058	0.0051388104	-0.0497151323	0.0443992138	0.0094220262	-0.9302248509	-0.0977791041	0.1705847118	0.0851556669	0.0393888616	-0.0217455024	-0.1055602333	-0.0100417639	-0.0693931776	-0.0570519048	-0.0205394592	0.0440641416	0.0319274017	0.0157482283	0.0202042205	0.0209740605	0.0277841076	0.0406148217	0.0099736452	0.0239978491	0.00441941	0.0019336942	-0.0111832359	-0.0120831545	-0.152719399	0.1425091225	-0.0528478545057282	-0.0207066783175946	0.0004287665269483	0.0027928957258586	-0.3253624623036586	-0.3374481116378973	0.1058607318762996	0.1138712280479828	-2.73245587697852	-2.3748318531786765	5.639826330872067	7.466315119634452	-0.0013983293726962	0.0012046416467666	1.4511614971247863e-06	1.9553250345449485e-06	0.0020169308662922	0.0025056032119904	4.068010119402204e-06	6.278047455936609e-06	0.0008199139139028	0.0006880493131026	6.722588262114081e-07	4.734118572609598e-07	0.0	0.0	0.0	0.0	0.0	0.0	0.0	0.0	0.0	0.0	1.0	0.0	0.0	0.0
873.0948230297035	24.06623233240896	579.1835386774864	762294.5700012693	1121.8230717799047	32.44890887920678	1258487.004377701	1052.9316874510648	789.4145276387533	13.210536405775317	174.51827212831498	623175.296447116	840.6410761511675	727.088442267007	4.93104	93.20858	2.717560549710671	2.057947999724256	0.1148732136	-0.2837740917	0.5121744238	0.0717496063	-0.1970180589	-0.2691857319	0.501882753	-0.6484468928	-0.1990147752	0.0269977556	0.1449949166	0.7578927221	0.0037960156	-0.0481929562	-0.0172364218	0.2428345217	-0.2099288027	0.3057344707	0.1183191589	-0.0579269265	0.0648945817	0.1238522989	0.1368793542	0.1941852674	0.7047678427	0.3833442449	0.1756551423	-0.094960052	-0.1947197099	0.0532292748	-0.0045975926	-0.058761279	0.257722946	-0.0708462333	0.6133502269	0.2567524651	-0.4027916338	0.125734891	-0.0241598888	0.3311587236	-0.0666457529	0.1848655547	0.175409226	0.2082782513	0.0834944103	-0.0767708014	-0.0444179764	-0.0914775385	0.0974297929	-0.0572485372	-0.1189884155	-0.0470007789	-0.0620854418	-0.0326219843	-0.0114718031	0.037231227	-0.0437009126	-0.1538585052	0.1469813818	-0.0779735962746599	-0.0251257417689316	0.000631302899439	0.0060798817160036	0.2652286984206569	0.5905911607243155	0.0703462624659157	0.3487979191256942	-0.7964746763761212	1.9359812006023984	3.748023209085905	0.6343719101084471	-0.0033456829645266	-0.0019473535918304	3.79218601161476e-06	1.11935944991235e-05	0.0011659977404139	-0.0008509331258783	1.3595507306503202e-06	7.24087184717015e-07	0.000300951699311	-0.0005189622145918	9.057192531817857e-08	2.693217801740255e-07	0.0	0.0	0.0	0.0	0.0	0.0	0.0	0.0	0.0	0.0	0.0	1.0	0.0	0.0
867.2879502947031	-5.806872735000411	33.719770960491154	752188.3887263874	1092.521233832086	-29.30183794781874	1193602.6463739837	858.5977071202303	789.5395362006293	0.1250085618760295	0.015627140542313	623372.6792239049	832.722462051185	707.4247259811888	2.547932	48.162075	0.6979892913973916	0.4076734981051134	0.1849159011	-0.0340714858	0.2315091534	0.0185636076	0.0506467099	0.1000719351	0.4621650258	0.1498896314	0.1065645309	0.033506826	0.1725945161	0.1417806301	-0.099805297	0.1601122027	-0.1836203795	-0.0096134392	0.0624252295	-0.2281382119	-0.1143221545	0.0037247054	-0.1768066146	-0.395027257	-0.0964052378	0.0212645331	0.2217340093	-0.1751896954	-0.1042434659	0.0284304565	-0.2571452483	-0.2100903948	-0.162540816	0.2446177646	-0.2065027227	0.0814443009	0.2990013363	-0.0507977593	0.2045163793	-0.1553677774	-0.1316589761	-0.2463737707	-0.110333536	-0.2865300152	-0.2478222364	-0.0002672858	-0.0894614919	0.1100055497	-0.0142204886	-0.1760965082	-0.0055965313	0.1923198514	-0.1698223389	0.0302472786	-0.1898283704	-0.0906056813	0.04252417	0.2419858452	-0.0747483695	-0.1547718027	0.1505910958	-0.0688420182186604	0.0091315780559994	8.338571779281157e-05	0.0047392234724183	0.1218047052536519	-0.143423993167005	0.014836386221929	0.020570441815969	-0.391517941429484	0.4049567349466372	0.163989957178641	0.1532862984611808	-0.0020219828289576	0.001323700135569	1.7521820489053895e-06	4.088414560599379e-06	-0.0002021860083434	-0.0013681837487573	4.0879181969837425e-08	1.8719267703635785e-06	0.0001832958790823	-0.0001176558202287	3.359737928855314e-08	1.3842892033688172e-08	0.0	0.0	0.0	0.0	0.0	0.0	0.0	0.0	0.0	0.0	0.0	0.0	1.0	0.0
870.7502816098939	3.462331315190795	11.98773813615082	758206.0529237096	1114.3834037514	21.862169919314056	1241850.370556556	477.9544735809603	793.490714094374	3.951177893744671	15.611806748016573	629627.5133539996	840.7765570142315	699.4774972254158	1.506647	28.47928	0.2119078389923919	0.1162381185281747	0.1391485346	0.0226521994	0.0868740369	-0.0282753779	-0.0585750428	0.0095377629	0.0997526446	0.0783110258	0.0787464826	0.1345128077	-0.0199760792	0.0936655049	0.0159035453	0.0221861061	-0.0769858939	-0.2037586648	0.0022926213	-0.0526270853	-0.3227905323	0.1170729387	-0.1955606948	0.088615684	-0.0402169075	0.1232905629	0.0454393652	0.0516383927	-0.0110788236	0.0646757943	0.0198863838	-0.157979397	-0.0015010638	0.0171909369	-0.0310104066	0.0994756218	0.2146664853	0.0587203965	-0.0126060909	0.0560440969	-0.1725466591	-0.1553878712	0.0413881062	0.116598852	-0.0972365149	-0.1203268433	0.0056877905	-0.1605287231	-0.0142287253	0.12858494	-0.1704549558	-0.1010497752	0.1179070662	0.1419685426	0.0594920607	-0.0498735842	0.0524118656	-0.1068197365	0.1946922487	-0.1554579513	0.1533170814	-0.0685600740028746	0.0002819442157857	7.949254081506875e-08	0.0047004837472796	0.0330975912832656	-0.0887071139703863	0.001095450548754	0.0078689520689551	-0.3158827539556341	0.0756351874738499	0.0057206815842044	0.0997819142465956	-0.0015750157978765	0.000446967031081	1.997795268734529e-07	2.480674763560548e-06	0.0002329065574191	0.0004350925657625	5.4245464488816536e-08	1.8930554078179538e-07	0.0001196836092785	-6.361226980379999e-05	1.4324166329928652e-08	4.046520869591444e-09	0.0	0.0	0.0	0.0	0.0	0.0	0.0	0.0	0.0	0.0	0.0	0.0	0.0	1.0
867.0082211575987	-3.742060452295277	14.003016428632334	751703.2555548635	1123.8776852267606	9.494281475360594	1263101.0513506616	90.14138073337534	790.5266157362196	-2.964098358154388	8.785879076813538	624932.3301873605	839.190090013587	699.0298121794942	1.199998	22.682856	0.1034255505907983	0.0531359959657465	0.1604362338	0.0113597105	0.0395906863	0.0652562269	-0.0527654246	-0.0947372142	0.0035414365	0.0091011593	0.2077241315	0.0787771463	0.1326365135	0.024735427	-0.1139137401	0.1145616603	-0.2059965538	-0.000524175	-0.0481536719	0.0148142239	-0.2442359653	-0.0615434877	-0.0617791756	-0.0555756662	-0.0176800284	0.0828050966	0.0450662675	-0.1218082046	-0.2544056665	0.0597560066	-0.0446122805	-0.1990014526	0.0022369405	0.0570366644	0.1265629083	0.0935729691	0.182095974	-0.0437795732	0.1964779744	0.0164551078	-0.2252579738	-0.1396720155	-0.0321140969	-0.1149168748	-0.1763667062	-0.0949003307	-0.0028111134	-0.0052510926	-0.1150086584	0.1543701066	-0.0386892647	-0.0105621241	0.0113447629	0.0557941368	0.0594990206	-0.0515832393	-0.0385753293	-0.1648638139	-0.0092230806	-0.155915944	0.1551433414	-0.0687289693223078	-0.0001688953194332	2.8525628926444136e-08	0.0047236712241067	-1.0308879851095298e-05	-0.0331079001631166	1.0627300378431864e-10	0.0010961330532109	-0.3281481045115271	-0.012265350555893	0.0001504388242589	0.1076811784945081	-0.0023090002792623	-0.0007339844813858	5.387332189151821e-07	5.33148228963338e-06	-7.600569429189186e-05	-0.0003089122517109	5.776865564792522e-09	9.542677925715518e-08	4.912251328183671e-06	-0.0001147713579503	2.413021311124224e-11	1.3172464605759642e-08	0.0	0.0	0.0	0.0	0.0	0.0	0.0	0.0	0.0	0.0	0.0	0.0	0.0	0.0
868.0051298275624	0.9969086699637728	0.9938268962489384	753432.9054069635	1123.6056635929988	-0.272021633761824	1262489.6872582631	0.0739957692344518	792.6816129896376	2.15499725341806	4.644013162239381	628344.1395718537	842.2120368288656	691.2088736716548	1.123985	21.246033	0.0575854863807601	0.0304515805717996	0.1487896702	0.0867072102	0.0957622783	0.0142815615	0.0421176924	-0.0946925168	-0.0270903743	-0.0082122792	0.1602800097	0.1273455757	0.0498252975	0.1132586563	-0.0246577235	0.0657996033	-0.0986961856	-0.1276763959	0.1347947165	-0.0542994473	-0.1482335074	0.1040916287	-0.0827630161	0.0964687548	-0.1275338764	0.1450326441	0.0668295139	0.0708097117	-0.1093372391	0.042540932	0.1101807463	-0.102448066	-0.0089770467	-0.0291009781	-0.1679278122	0.0955450547	0.1794951055	0.0551214756	0.0499177076	0.0995263789	-0.1523972753	-0.1219539845	0.1180553404	0.0190809495	-0.094363233	-0.1260016522	-0.048164621	0.1209567653	-0.0371205726	0.0493873224	0.0120134913	0.0098152666	0.2693926329	-0.0077282156	0.1216762273	0.2341483729	-0.1021798574	-0.0708939621	0.1273053511	-0.1561451084	0.1560591586	-0.051154985980375	0.0175739833419328	0.0003088448905025	0.0026168325906523	0.0227613857267812	0.0227716946066322	0.0005180806802033	0.0005185500752577	-0.3301099417678017	-0.0019618372562745	3.848805420106968e-06	0.1089725736539414	-0.0024580032490981	-0.0001490029698357	2.2201885019888283e-08	6.041779972576817e-06	2.742869210181631e-05	0.0001034343863937	7.523331504162403e-10	1.069867228864292e-08	5.8034318617085833e-05	5.312206728890216e-05	3.367982137349435e-09	2.821954033046649e-09	0.0	0.0	0.0	0.0	0.0	0.0	0.0	0.0	0.0	0.0	0.0	0.0	0.0	0.0
