global_signal	global_signal_derivative1	global_signal_derivative1_power2	global_signal_power2	csf	csf_derivative1	csf_power2	csf_derivative1_power2	white_matter	white_matter_derivative1	white_matter_derivative1_power2	white_matter_power2	csf_wm	tcompcor	std_dvars	dvars	framewise_displacement	rmsd	t_comp_cor_00	t_comp_cor_01	t_comp_cor_02	t_comp_cor_03	t_comp_cor_04	c_comp_cor_00	c_comp_cor_01	c_comp_cor_02	c_comp_cor_03	w_comp_cor_00	w_comp_cor_01	w_comp_cor_02	w_comp_cor_03	w_comp_cor_04	w_comp_cor_05	w_comp_cor_06	w_comp_cor_07	w_comp_cor_08	w_comp_cor_09	w_comp_cor_10	w_comp_cor_11	w_comp_cor_12	w_comp_cor_13	a_comp_cor_00	a_comp_cor_01	a_comp_cor_02	a_comp_cor_03	a_comp_cor_04	a_comp_cor_05	a_comp_cor_06	a_comp_cor_07	a_comp_cor_08	a_comp_cor_09	edge_comp_00	edge_comp_01	edge_comp_02	edge_comp_03	edge_comp_04	edge_comp_05	edge_comp_06	edge_comp_07	edge_comp_08	edge_comp_09	edge_comp_10	edge_comp_11	edge_comp_12	edge_comp_13	edge_comp_14	edge_comp_15	edge_comp_16	edge_comp_17	edge_comp_18	edge_comp_19	edge_comp_20	edge_comp_21	edge_comp_22	edge_comp_23	cosine00	cosine01	trans_x	trans_x_derivative1	trans_x_derivative1_power2	trans_x_power2	trans_y	trans_y_derivative1	trans_y_power2	trans_y_derivative1_power2	trans_z	trans_z_derivative1	trans_z_derivative1_power2	trans_z_power2	rot_x	rot_x_derivative1	rot_x_derivative1_power2	rot_x_power2	rot_y	rot_y_derivative1	rot_y_power2	rot_y_derivative1_power2	rot_z	rot_z_derivative1	rot_z_power2	rot_z_derivative1_power2	motion_outlier00	motion_outlier01	motion_outlier02	motion_outlier03	motion_outlier04	motion_outlier05	motion_outlier06	motion_outlier07	motion_outlier08	motion_outlier09	motion_outlier10	motion_outlier11	motion_outlier12	motion_outlier13
864.7488762164052	n/a	n/a	747790.6189175356	1135.0346736241054	n/a	1288303.7103289794	n/a	786.7808919384019	n/a	n/a	619024.1719193872	835.9877562213165	678.4795290589518	n/a	n/a	n/a	n/a	-0.0147926182	0.1477477766	-0.0067389942	0.0481960777	-0.1188184546	-0.0899674601	-0.197542728	-0.0383306087	0.1126741388	-0.0731286559	0.1127498879	-0.0325118499	0.0622032498	-0.1282907924	0.0133785595	-0.0538405996	0.0705064119	0.0289259944	-0.0259311681	0.0197624164	-0.0018619771	0.1048442968	-0.0659697548	-0.0236243357	0.01815362	-0.0498226423	0.0015354404	-0.017086044	0.2208684366	-0.0229757742	0.0878359844	-0.1561235531	0.0419162468	-0.0131094272	0.0083868365	-0.0904487462	0.026419874	-0.0050572134	0.0296478069	-0.1762887521	0.1173270525	-0.0124687474	0.086936795	-0.0118076183	0.0090909469	-0.1372230088	0.1801328543	-0.0182529617	0.1104702612	-0.0950289293	0.0008924338	-0.1443936694	0.0419662073	-0.250974255	0.1283576852	-0.1206157612	0.0288454129	0.1561451084	0.1560591586	-0.0295606833863928	n/a	n/a	0.0008738340022705	0.0001779470572529	n/a	3.1665155184966875e-08	n/a	0.0001571877607631	n/a	n/a	2.470799213371756e-08	0.0004476151505344	n/a	n/a	2.0035932298793363e-07	0.0002517953478702	n/a	6.340089720907503e-08	n/a	-0.0009140566928333	n/a	8.354996377133497e-07	n/a	0.0	0.0	0.0	0.0	0.0	0.0	0.0	0.0	0.0	0.0	0.0	0.0	0.0	0.0
867.4446774506587	2.6958012342535085	7.26734429460274	752460.2684374773	1120.7892413906284	-14.245432233477004	1256168.5236169803	202.9323395185856	789.2657528427612	2.48486090435938	6.174533714013714	622940.4286104507	835.828419937907	671.0465007384495	1.114667	21.071093	0.0800074908763519	0.0506217306048703	-0.0233053979	0.1439062601	0.0953794182	-0.1694429262	-0.0504739593	-0.0411479582	0.0240836016	-0.013399107	-0.0565764413	-0.0139016154	-0.013574154	0.1032838174	0.0849865734	-0.229756016	-0.0722421804	-0.0306173336	0.0685790112	-0.2128904372	0.1515336271	0.0101270604	0.0669761575	0.0185966067	0.0236564155	0.0045887768	0.0438540311	0.0213789654	0.2225094497	-0.0379782006	0.0759043842	-0.1225553905	0.0702603415	0.0625421496	-0.1293728468	-0.0006329864	0.0433926483	-0.0674121671	-0.045898454	-0.0286118252	0.0367656168	-0.2213164918	0.1018675093	0.0547343884	0.2040640174	-0.0384686962	-0.063835733	-0.0103266348	0.0755756571	-0.0881912491	0.1738842909	-0.0894289128	0.164187619	-0.0179855789	-0.0975073748	0.0846094732	0.140126728	-0.2257947237	-0.011582235	0.155915944	0.1551433414	9.091348941581144e-05	0.0296515968758086	0.0008792171972854	8.265262557758858e-09	0.0397146142090889	0.039536667151836	0.0015772505817767	0.001563148049475	0.0001443374288498	-1.28503319133e-05	1.6513103028197643e-10	2.0833293366971075e-08	0.0004300247046655	-1.7590445868900014e-05	3.0942378586670155e-10	1.849212466226505e-07	5.330359230781845e-05	-0.0001984917555623	2.841272952918122e-09	3.939897702623624e-08	-0.0009140113639287	4.5328904600011085e-08	8.354167733908024e-07	2.0547095922369057e-15	0.0	0.0	0.0	0.0	0.0	0.0	0.0	0.0	0.0	0.0	0.0	0.0	0.0	0.0
871.0636652336805	3.618987783021794	13.097072573661	758751.9088903334	1123.040763001342	2.251521610713553	1261220.5553626362	5.069349563510152	789.756993024505	0.4912401817438194	0.2413169161597007	623716.1080311082	835.3493040685224	695.0352362607538	1.116817	21.111734	0.1134820130850756	0.0587646986002464	0.0204903038	-0.0522998622	0.1380743913	-0.1108008057	0.0949357745	0.0372322396	-0.0149366994	0.0138597594	-0.0853206232	0.0058595848	0.0022224516	-0.0233267818	-0.060040984	-0.0749693016	-0.1140806305	0.0690321287	0.0426757169	-0.1058186789	0.0691201382	0.097471465	-0.0120079001	0.0427051317	0.0150054216	-0.0277815142	-0.0406091171	-0.0468881041	0.0131911902	-0.0933165749	-0.1165374742	-0.09235554	0.0298867516	0.0951752517	-0.0628853531	-0.0029684336	0.0411276186	-0.1039571967	-0.0224636425	-0.0342790652	-0.0219288889	-0.0563708805	0.0088841551	-0.1517002411	0.2368630154	-0.0597157921	-0.0825087886	-0.1577965782	0.0360998935	-0.0223500686	0.1613458842	0.0156652698	0.0724382333	0.0777678144	-0.0776419273	0.106670564	0.1527319521	-0.1013608912	-0.2649626549	0.1554579513	0.1533170814	-0.0332809398067581	-0.0333718532961739	0.0011136805924213	0.001107620954421	0.0344363840355441	-0.0052782301735447	0.0011858645454434	2.7859713764918757e-05	-0.0107291198722947	-0.0108734573011445	0.0001182320736798	0.000115114013234	-0.0005280002225619	-0.0009580249272274	9.178117611890652e-07	2.78784235025416e-07	1.705166605692199e-07	-5.313307564724923e-05	2.9075931531678557e-14	2.823123727736309e-09	-0.0006459999205191	0.0002680114434095	4.173158973106836e-07	7.183013379849717e-08	0.0	0.0	0.0	0.0	0.0	0.0	0.0	0.0	0.0	0.0	0.0	0.0	0.0	0.0
868.4944440917113	-2.569221141969137	6.6008972763412	754282.5994181708	1123.3676795159186	0.3269165145766237	1261954.9433809796	0.1068744075029278	789.2774601327527	-0.479532891752342	0.2299517942723634	622958.909073609	837.2625039949492	707.717581148281	1.137837	21.509083	0.0400246868254444	0.0278217164419475	0.0264267418	-0.0884913699	-0.049206694	0.0773029692	-0.007934639	0.0168648498	0.0038570499	-0.0060628485	-0.0079410695	0.0083697672	0.0059911683	-0.0415172104	-0.0789544493	0.061651518	-0.0180924908	-0.036507607	-0.1085724743	0.0128402634	0.0077632715	-0.1455936623	-0.114177487	0.1643787752	-0.0062971579	0.0066225713	-0.0396434743	0.0079813601	-0.0986429121	0.017694221	-0.0891147455	0.0370911037	0.0583141817	0.0307510035	0.1386003751	-0.004005748	-0.0046055739	-0.0495741807	-0.0083427057	-0.002301842	-0.0359883984	0.0506169102	0.0413941583	-0.1025606064	0.0890982749	-0.0841543108	-0.0316072049	-0.1186334645	-0.0355776355	0.0560272301	0.0185217686	-0.0106436572	-0.0408361514	0.0211628147	0.10081282	-0.1873147741	0.1033511049	-0.0634177963	-0.0629438822	0.1547718027	0.1505910958	-0.0333073735164077	-2.6433709649602288e-05	6.98741005839477e-10	0.0011093811305614	0.0100348747226064	-0.0244015093129377	0.0001006987106984	0.0005954336567493	1.6695798223054226e-05	0.0107458156705177	0.0001154725544247	2.7874967830494057e-10	-0.0006049997171857	-7.699949462379994e-05	5.928922172320596e-09	3.66024657794777e-07	1.893441523570516e-07	1.882749178783169e-08	3.585120803181037e-14	3.544744470208698e-16	-0.0006259996799879	2.0000240531200045e-05	3.918755993449532e-07	4.00009621305857e-10	0.0	0.0	0.0	0.0	0.0	0.0	0.0	0.0	0.0	0.0	0.0	0.0	0.0	0.0
869.9655413925036	1.4710973007922803	2.1641272683983326	756840.043210352	1120.2754516601562	-3.092227855762303	1255017.087592367	9.56187311195233	791.0154986852399	1.7380385524871826	3.020778009931741	625705.5191602587	837.4582171443528	693.5512967265412	1.044457	19.743883	0.1102541210480086	0.0583542244345249	-0.0072792118	0.0040442123	-0.0517929151	-0.0833408234	0.1027056547	0.0334608391	0.0017730227	0.0092408087	0.0041761292	0.0207505196	-0.090673593	-0.0485590674	0.0023173325	0.0005583764	-0.0941854995	-0.0370479006	-0.0977786781	0.035533439	-0.0916819261	0.1114886657	-0.1262461636	-0.0591557153	0.0687563689	-0.0045760575	-0.078931608	0.0196178595	0.0027887523	0.0618172876	-0.0357603865	-0.0645029381	0.0248349729	0.0429040502	-0.0224439158	0.0170277344	-0.0524318899	0.0269147224	0.0301773442	-0.0191626	-0.028418008	0.0313201322	0.0447208411	0.0277674568	0.0514218446	-0.042075988	0.0293037232	0.0629736261	-0.2111032309	-0.0313404817	0.0543629983	-0.001840341	-0.0277965102	0.0784137089	0.0521413364	-0.1051353201	0.0007297326	-0.0693155716	0.0092169929	0.1538585052	0.1469813818	-0.0108291555421828	0.0224782179742249	0.0005052702832967	0.0001172706097567	-0.0294601323287651	-0.0394950070513714	0.0008678993968283	0.0015598555819878	-3.598472005705844e-05	-5.2680518280112665e-05	2.7752370062612852e-09	1.2949000775848641e-09	-0.0008359238494631	-0.0002309241322774	5.3325954868070164e-08	6.987686821012075e-07	0.0004481425144871	0.0004479531703347	2.0083171329082066e-07	2.0066204281294725e-07	-0.0003403126725174	0.0002856870074705	1.1581271507593517e-07	8.161706623744951e-08	0.0	0.0	0.0	0.0	0.0	0.0	0.0	0.0	0.0	0.0	0.0	0.0	0.0	0.0
871.7721003286721	1.8065589361684715	3.26365518985016	759986.5949114643	1123.6468990299252	3.37144736976893	1262582.3536995668	11.366657367121835	790.6080183047744	-0.4074803804654721	0.1660402604642858	625061.0386078025	836.7365077888004	707.4761619004269	1.0662	20.154892	0.0213248747890499	0.0151218326814239	0.0198968769	-0.1448091217	0.0391868951	-0.0055877088	0.1820361845	0.0070865718	0.012657918	0.0183095177	-0.0504988694	0.0345883947	-0.0245867229	0.0010808525	-0.0210130844	0.0486566133	0.01390889	0.113207232	0.1594139233	0.0399234445	-0.0225235485	0.039953033	0.0664643536	0.0133686479	-0.0804293218	0.0164003145	0.0009713745	0.0074857272	-0.0245575098	-0.0615309568	-0.064580625	0.0449062977	-0.120351987	-0.051485745	-0.1336070679	0.0033279986	-0.0412233282	0.0178728655	0.0059292988	0.0391482162	-0.087147868	0.0862874351	-0.0089806239	-0.0836419007	0.0506813454	-0.0288102836	-0.1713990481	0.0437072494	-0.028705135	-0.0731253037	0.0305693022	-0.1096377267	0.0112243424	0.0407640006	-0.0141390722	0.0800118308	0.0946901153	0.0257998222	-0.0378135697	0.152719399	0.1425091225	-0.0144200066376072	-0.0035908510954244	1.2894211589510614e-05	0.0002079365914286	-0.0295091467909287	-4.901446216360253e-05	0.0008707897443285	2.402417501187224e-09	-0.000153859326204	-0.0001178746061469	1.3894422774296593e-08	2.367269225994888e-08	-0.0007829733326419	5.295051682120005e-05	2.803757231632189e-09	6.130472396283634e-07	0.0001651272069267	-0.0002830153075604	2.72669944674132e-08	8.009766431350781e-08	-0.0003249358043927	1.5376868124699998e-05	1.05583276976331e-07	2.3644807332441477e-10	0.0	0.0	0.0	0.0	0.0	0.0	0.0	0.0	0.0	0.0	0.0	0.0	0.0	0.0
867.9861000798993	-3.78600024877278	14.33379788370755	753399.869931913	1123.8582847968682	0.2113857669430672	1263057.4443065587	0.0446839424661087	789.1366022399138	-1.4714160648605912	2.1650652359298275	622736.576994756	837.567326504192	708.0208571094377	1.01627	19.211048	0.0932998807851978	0.0614747297001098	0.0393540904	-0.088960087	-0.0615674461	0.1947286099	0.0068757321	0.0124282463	-0.0385267472	0.0156312577	0.0763817776	0.003978173	0.0133717023	-0.0511631618	-0.0218072772	0.0859487737	0.0230617655	0.0903804642	0.1366956068	0.0234498701	0.1061953954	-0.1059890738	-0.0381611645	0.1365133238	-0.0414411118	-0.001167293	-0.0322463375	-0.0051863741	-0.1175963341	0.016252445	-0.0642999998	0.0612712442	-0.0489170249	-0.0942626574	-0.051832342	0.0141374803	-0.0201692252	0.0096127363	-0.0187988539	-0.0355862007	0.0203476473	0.1391996253	-0.0132044607	-0.1423251766	-0.1029770707	-0.0107865437	-0.0140452413	0.0302950471	0.0597832875	0.0885379613	0.0667388317	-0.0394762674	0.0156672384	0.0495954426	-0.0340800129	-0.0614636538	-0.0549108346	-0.0820895712	0.0010658184	0.1513561561	0.1372005631	-0.010892688169477	0.0035273184681302	1.2441975575612388e-05	0.0001186506555574	0.0270099760564619	0.0565191228473906	0.0007295388065706	0.0031944112474384	-0.0026079886582976	-0.0024541293320936	6.022750778642178e-06	6.801604841808915e-06	-0.0004079994752047	0.0003749738574372	1.4060539376133357e-07	1.664635717673106e-07	5.0807678730890884e-08	-0.0001650763992479	2.581420218021422e-15	2.7250217588674894e-08	-0.0002489998583262	7.59359460665e-05	6.200092944646767e-08	5.7662679050143965e-09	0.0	0.0	0.0	0.0	0.0	0.0	0.0	0.0	0.0	0.0	0.0	0.0	0.0	0.0
867.4218969430598	-0.5642031368395237	0.3183251796195583	752420.7472962962	1120.7955633843696	-3.062721412498604	1256182.6949020866	9.380262450577444	789.2898145312229	0.1532122913090461	0.023474006208168	622978.4113227322	836.5269103829645	687.5660352929384	0.975642	18.443033	0.036526038811537	0.0202958019710431	-0.0094574502	0.0292067597	-0.1116760183	0.0134190246	-0.0720798278	-0.0245149095	0.026189458	0.0228199534	0.0635701187	0.0111040804	0.0333851578	0.0169855596	0.0697428775	-0.0142248679	0.0998782682	-0.1018749584	-0.0050196579	0.0652669371	0.0078149447	-0.0948428241	0.0407577017	0.0471561376	-0.0478995326	0.0155794492	0.0137277564	0.0036264798	0.0388938792	0.0538125346	0.1286444552	0.0028022933	-0.024793249	-0.0459834499	0.0696664619	0.0094475833	-0.0392658242	0.0284078696	-0.0360466915	-0.0183774736	0.0201929087	0.0035604094	0.0637809903	0.0238948792	-0.0691527757	0.0116078382	0.0440730375	-0.0001949315	-0.0281336879	-0.043156951	-0.0458441226	-0.0736851004	0.0035761735	-0.0065792512	0.1501963903	-0.0533961901	-0.0815446947	-0.0055436109	0.013358725	0.1497707771	0.1310868562	-0.0109083346367668	-1.5646467289799973e-05	2.448119386507805e-10	0.0001189917645476	0.0125208792406112	-0.0144890968158507	0.0001567724169579	0.000209933926539	-8.867977967952356e-05	0.002519308878618	6.346917225883869e-06	7.864103324008841e-09	-0.0003459798672636	6.201960794109999e-05	3.846431769167752e-09	1.197020685517383e-07	0.0002440285387868	0.000243977731108	5.9549927742420766e-08	5.952513327664128e-08	-0.0001649574643798	8.404239394640002e-05	2.7210965054612985e-08	7.063123980241894e-09	0.0	0.0	0.0	0.0	0.0	0.0	0.0	0.0	0.0	0.0	0.0	0.0	0.0	0.0
868.2239547591616	0.8020578161018648	0.6432967403700928	753812.8356176388	1121.1787407081445	0.3831773237748166	1257041.7686159003	0.1468248614552306	790.559529905359	1.2697153741361262	1.612177131317643	624984.3703241822	837.6633055507924	690.4887156301115	0.819589	15.493089	0.0191189795098256	0.0108343740853154	-0.0156354525	0.043526189	-0.0817001519	-0.0711046589	0.0022625649	0.0070439774	0.0339888712	0.0066179301	0.0118150746	0.0181547159	-0.0385123764	0.0325326593	0.0487713564	-0.0286569448	0.0272196833	-0.0690195735	-0.0908785295	-0.0746605167	-0.0336276064	0.0773388208	-0.0674674872	-0.0878565451	0.0888130653	0.0100697241	-0.0056075296	0.0078875272	0.0801471261	0.0968768839	0.0345883427	-0.0147402548	0.0237173202	0.1360440129	-0.0044358239	0.0145230407	-0.0335515663	0.0206061438	-0.0029302841	-0.0506361239	0.0076919502	-0.0127228382	0.080213907	0.0513941156	-0.0492862065	0.0347875157	0.0628359623	-0.0040623542	-0.1498832723	-0.0575201229	-0.0304332232	0.0374346952	0.0112304589	0.0167183053	0.0386266388	0.0748621825	-0.0624426876	0.0989288285	-0.0018816833	0.1479655889	0.1242038795	-0.0108614847124925	4.684992427429931e-05	2.1949154045075796e-09	0.0001179718501597	0.0050748232614523	-0.0074460559791589	2.575383113497736e-05	5.5443749644768005e-05	-3.515387575703244e-05	5.3525903922491125e-05	2.8650223907197507e-09	1.235794980740873e-09	-0.0004079669170412	-6.198704977759996e-05	3.842394340130655e-09	1.6643700540010137e-07	0.0002175625098987	-2.64660288881e-05	4.733344571342194e-08	7.004506851057437e-10	-0.0003079553397635	-0.0001429978753837	9.483649128885272e-08	2.0448392364252197e-08	0.0	0.0	0.0	0.0	0.0	0.0	0.0	0.0	0.0	0.0	0.0	0.0	0.0	0.0
869.3541933606447	1.130238601483029	1.2774392962823131	755776.7135137372	1123.75029850673	2.571557798585445	1262814.7333939646	6.612909511465621	790.7111565983843	0.1516266930252641	0.0229906540377776	625224.1331691545	837.5721286553131	694.5369747452565	0.833241	15.75116	0.0653916591985513	0.0295778943250754	0.0034008928	0.0067320487	-0.0131237638	-0.0954305202	0.1377984676	0.0011525236	0.0181478752	-0.023170574	0.010892777	0.0280768766	-0.0207719699	0.0225951231	-0.0603063041	0.0241132787	0.0343284929	0.0006359542	-0.0176549018	-0.0052869176	-0.0426872116	0.1807435136	-0.1186745199	-0.0851096373	0.0841472675	0.0200489105	-0.010276144	0.023048431	-0.0350698946	-0.0127616034	-0.0029365635	0.0416005886	-0.0298128844	0.1301869131	-0.0616312475	0.0087541977	-0.0372378866	0.0261780475	0.0046187586	0.0434958361	-0.0417073654	0.0023079018	0.019266809	0.0370816811	0.0199446312	0.0440122392	-0.0493759381	0.1447926175	-0.1282239855	-0.0605656648	-0.0347832591	-0.081102645	0.0281064293	-0.0171754823	-0.0495716513	0.0408578737	0.004833194	0.1889513253	0.0102182242	0.1459432408	0.1165920251	-0.0008492129287418	0.0100122717837507	0.0001002455862716	7.211625983422254e-07	-0.0134529279878137	-0.018527751249266	0.0001809812714453	0.0003432775663546	0.0059428614294176	0.0059780153051746	3.573666698890216e-05	3.53176019692594e-05	-0.000128999999301	0.0002789669177402	7.78225411934675e-08	1.6640999819658e-08	1.2048734898684188e-08	-0.0002175504611638	1.4517201265877027e-16	4.7328203152582636e-08	-0.0001870003014603	0.0001209550383032	3.4969112746243084e-08	1.4630121290928581e-08	0.0	0.0	0.0	0.0	0.0	0.0	0.0	0.0	0.0	0.0	0.0	0.0	0.0	0.0
868.2829324966145	-1.0712608640301369	1.1475998388025954	753915.2508649204	1124.741842363264	0.9915438565340082	1265044.2119627092	0.983159219430334	790.5091538303253	-0.2020027680589464	0.0408051183034765	624904.722289537	838.1059311533893	693.3331748642039	0.737085	13.933477	0.1185222955798452	0.06295590025379	0.0179315428	0.0280977611	0.0162838615	-0.0096944004	0.1588468308	-0.0064365991	-0.0246060741	0.0256094687	0.0088772734	0.0368955131	0.0284421325	-0.005341531	-0.0512663068	0.0357459034	0.0485950494	0.0595975411	0.1746934081	0.0306853116	0.0176825444	0.0768724491	-0.0449275992	-0.0964734229	-0.0348268538	0.0313643477	0.0043414591	0.0077653246	-0.0769265513	-0.0416761494	0.0180904655	0.079261051	-0.0685292265	-0.0054774735	-0.1447992815	0.0146348182	-0.0230262125	0.0239517913	-0.0001072812	0.0316241531	0.0115264672	0.0141250453	-0.0006140547	-0.040807126	-0.0044033296	0.0833890367	-0.0492687967	0.192045518	-0.0344372172	-0.0346814696	-0.0312088453	-0.0514109079	0.0423391323	-0.0060155735	-0.0024477192	0.072747325	-0.0918222462	0.1789252785	-0.0645416296	0.1437067008	0.1082959623	-0.0182480966237505	-0.0173988836950087	0.0003027211538324	0.0003329930303897	0.0431139065588723	0.056566834546686	0.0018588089387671	0.0031998067706321	8.974639891334846e-05	-0.0058531150305042	3.425895556031479e-05	8.054416117913872e-09	-0.0004079832989632	-0.0002789832996622	7.78316814904089e-08	1.6645037223289585e-07	0.0003930175554947	0.0003930055067598	1.544627989270296e-07	1.5445332834352825e-07	-8.491986172937523e-05	0.0001020804397309	7.211382916136207e-09	1.0420416175658963e-08	0.0	0.0	0.0	0.0	0.0	0.0	0.0	0.0	0.0	0.0	0.0	0.0	0.0	0.0
868.3742264891059	0.0912939924913871	0.0083345930650174	754073.797230553	1122.6345287936551	-2.107313569608777	1260308.285239752	4.440770480657288	790.2801670716435	-0.228986758681799	0.0524349356515964	624542.7424667848	837.2495222615821	688.5281015339758	0.877807	16.593609	0.0838048725763035	0.0415220536492422	-0.0086735637	0.0429947472	-0.0783636038	-2.4372e-05	-0.0541059361	-0.0318458532	0.0225074974	0.0083093259	-0.023345258	0.0153947985	-0.0053925366	0.007942143	0.0458305631	0.0693173302	0.0559164021	-0.0887376348	0.0061025781	-0.0454209281	0.0150059842	0.0450068104	-0.0458380913	-0.0028164587	-0.0946572535	0.0252319537	0.0198081422	0.0317271403	0.0547569135	0.0371331762	0.0581238911	0.0820360522	-0.0108112134	-0.0026052602	-0.0148366954	0.016196399	-0.0205174421	0.0387834347	-0.0262267048	-0.0142377819	0.0239595662	-0.0166807735	0.0622616973	0.0554708682	-0.0858268838	0.0531799201	0.0765122576	0.0274401864	-0.022872349	-0.0331648628	-0.1125435176	-0.0243784848	0.0183993473	0.0051603307	0.1378530954	0.0491532537	-0.1427951999	0.1491829054	0.0006160702	0.1412592515	0.0993643757	-0.0108712782678992	0.0073768183558513	5.4417449055224704e-05	0.000118184691178	0.0102111105472175	-0.0329027960116548	0.0001042667786074	0.0010825939853845	-0.0106827606925605	-0.0107725070914738	0.0001160469090358	0.0001141213760145	-0.0002279934758605	0.0001799898231027	3.2396336420541246e-08	5.19810250349524e-08	5.802565537105231e-05	-0.0003349919001236	3.366976681240132e-09	1.1221957314845196e-07	-0.0002249931608495	-0.0001400732991201	5.0621922429048985e-08	1.9620529126395947e-08	0.0	0.0	0.0	0.0	0.0	0.0	0.0	0.0	0.0	0.0	0.0	0.0	0.0	0.0
867.8302208242638	-0.544005664842075	0.2959421633802681	753129.2921758905	1122.337478851105	-0.2970499425500748	1259641.4164338547	0.0882386683690027	789.685223617872	-0.5949434537715206	0.3539577131855854	623602.7524004085	837.3925527045762	692.1812632962667	0.769518	14.546572	0.0387810775887936	0.0194326480504456	-0.0124009776	0.0301138892	-0.0859115587	0.0087836192	-0.0885992211	-0.0026316913	0.0433764423	0.0173308079	0.0401308586	-0.0123543015	0.016115656	-0.0396377587	0.0685499147	0.0103642116	0.0312439351	-0.0883111977	-0.1319752515	0.1186696205	0.0338851363	0.0174732272	0.013481156	-0.1429045752	0.0204981633	-0.0008155241	0.016025472	-0.0309813098	0.0293936995	0.1047004233	0.0569805194	0.0241292623	0.0792791443	-0.0150620622	0.0699803092	0.0190432313	-0.0342929583	0.0567126251	0.0100446488	-0.022139276	0.0854045394	0.024857462	0.0271614886	0.0707337413	-0.1142328098	-0.0187700111	0.0888268602	-0.0313838422	-0.061206128	-0.0028563572	-0.0006739143	0.080282363	-0.1157055276	0.0362184333	0.0813823396	-0.150724977	-0.0431714369	-0.0930584226	-0.0758209046	0.1386044847	0.0898496795	-0.0107982097925116	7.306847538759986e-05	5.3390020954682866e-09	0.000116601334723	0.0026120715356654	-0.0075990390115521	6.822917707433402e-06	5.774539389909071e-05	-0.016367559956123	-0.0056847992635625	3.2316942667000753e-05	0.0002678970189172	-0.0001419981987466	8.59952771139e-05	7.395187685896452e-09	2.016348844727891e-08	0.0002720013459149	0.0002139756905438	7.398473217951708e-08	4.578559614371647e-08	-1.64807117414194e-05	0.000208512449108	2.716138595037593e-10	4.347744143304989e-08	0.0	0.0	0.0	0.0	0.0	0.0	0.0	0.0	0.0	0.0	0.0	0.0	0.0	0.0
868.9189705197301	1.0887496954662763	1.18537589937791	755020.1773290676	1121.33494631894	-1.0025325321651053	1257392.0618361	1.005071478049378	790.8951598951315	1.209936277259544	1.4639457950286845	625515.1539455457	838.1098833431269	691.8304369913104	0.809168	15.296096	0.044266206829744	0.0235387467979051	-0.0039787383	0.031469204	-0.0498161365	0.0199851896	-0.0735724036	-0.0033164906	0.0190051269	0.0282005497	0.0076863825	0.0228738068	-0.0409164473	-0.0706709478	0.0346574141	-0.0067556032	-0.013588419	-0.0066808128	-0.071803479	0.1340209516	-0.0913052829	0.0131583032	-0.0145764482	-0.0750045129	0.0979318724	0.009071081	-0.0574642988	-0.0080064608	0.0119482891	0.0465579268	-0.0213278657	-0.0471296767	0.0140279981	-0.0598107409	0.0789776981	0.0194805417	-0.0325283832	0.0448806776	0.0257904165	0.0430911888	0.0112628779	0.0647881211	-0.0522534865	0.0349599926	-0.0126426533	-0.0259183322	0.0137106637	0.0333718068	-0.0901792729	0.1475335607	-0.0337889894	-0.0470317431	-0.0960993848	0.0344505348	-0.0545579077	-0.0704317745	0.0236470733	-0.0551094341	0.0629776341	0.1357462967	0.0798077096	-0.0109324326353288	-0.0001342228428172	1.801577153393112e-08	0.000119518083326	-0.0130547975508648	-0.0156668690865302	0.000170427739094	0.0002454507869744	-0.0094771366076997	0.0068904233484233	4.747793392049697e-05	8.981611828100178e-05	-0.0001589999942785	-1.7001795531900008e-05	2.89061051308535e-10	2.5280998180563032e-08	-1.0052107146663047e-08	-0.000272011398022	1.0104485808799431e-16	7.399020065390828e-08	0.0001259999257441	0.0001424806374855	1.587598128751871e-08	2.030073205828e-08	0.0	0.0	0.0	0.0	0.0	0.0	0.0	0.0	0.0	0.0	0.0	0.0	0.0	0.0
868.9458658641952	0.0268953444650605	0.0007233595538942	755066.9178024759	1123.0819186764163	1.746972357476352	1261312.9960579006	3.051912417786484	791.2413497733804	0.3461898782488788	0.1198474318019735	626062.8735912009	838.507492838716	694.315970715987	0.889376	16.812307	0.0684933269926335	0.0327358851474163	0.0258233351	-0.0190717192	-0.0466622386	0.1467012121	-0.0519890751	0.0185521262	-0.0335028751	0.0493916077	0.0359856717	0.0299394582	-0.0460290642	-0.0774907465	-0.0853941936	0.1314490307	-0.0481041685	0.1236846889	0.0668405816	0.1072170985	-0.0558845512	-0.1611798077	0.053551459	-0.0897198303	-0.0606052374	0.0103434365	-0.0667265491	0.0039080381	-0.1648922474	-0.0402366721	-0.1230242093	0.0131500943	-0.0786373771	-0.1541038873	0.0885151329	0.0118980311	-0.0134184163	0.0399388823	0.0296549449	0.0566558367	0.0292111582	0.1180004837	-0.0701054445	-0.1105998797	-0.0390661089	0.0154938089	-0.0201195201	0.0572360029	0.0239428733	0.1987050532	0.0478569614	0.0286579488	0.0524740376	-0.0848416447	-0.2093361247	-0.080188172	-0.089541551	0.0572770806	0.0631319738	0.1326888823	0.0692973963	-0.0162910638043882	-0.0053586311690593	2.8714928006014905e-05	0.0002653987598786	0.0064134916956959	0.0194682892465607	4.1132875730760266e-05	0.0003790142861877	-0.0247446814455258	-0.0152675448378261	0.000233097925375	0.0006122992598405	-0.000201983268002	-4.29832737235e-05	1.847561819989325e-09	4.079724055276776e-08	0.0002790121339335	0.0002790221860406	7.784777088212536e-08	7.785338030290126e-08	-0.0001199718492755	-0.0002459717750196	1.4393244618583293e-08	6.050211410629272e-08	0.0	0.0	0.0	0.0	0.0	0.0	0.0	0.0	0.0	0.0	0.0	0.0	0.0	0.0
870.4694324049274	1.5235665407321903	2.321255004038653	757717.0327513565	1129.2127574573865	6.13083878097018	1275121.4516045144	37.58718415824792	792.184697518594	0.9433477452136004	0.8899049683995838	627556.5949826263	839.818826853761	696.2975018235795	0.962125	18.187513	0.0513740562803553	0.0232197200469785	0.0157881809	-0.0360093624	0.0313842736	0.1182346427	0.0452912893	-0.0289880758	-0.014022746	-0.0343994015	-0.0415322265	0.0648141263	-0.029793226	0.0064753997	-0.0123061668	0.0852724126	0.0590115576	0.1105406452	0.0230220087	-0.014262247	0.1253424021	0.1177993701	0.0371255802	-0.0485121441	0.0417902468	0.0500489978	-0.0225571846	0.0464457455	-0.0476001654	-0.0044500244	-0.0640744779	0.1051724583	-0.0985883012	0.0079302954	-0.0734164908	0.0149320655	-0.0125575444	0.0610063313	-0.0099214161	-0.0010033344	0.0511546891	0.0447471728	-0.0053412689	-0.0170725858	-0.1285925842	0.0622537961	-0.0252420538	-0.1063238477	0.1111307769	-0.0323332011	-0.0186392346	0.0437362514	-0.015772848	0.047739851	0.032495504	0.1234707801	-0.0858578086	0.0772567791	0.1463376676	0.1294367287	0.0583804184	-0.0109103493144857	0.0053807144899025	2.8952088421846725e-05	0.000119035722164	0.0218756462885068	0.0154621545928109	0.0004785439005398	0.0002390782246519	-0.0163617031626159	0.0083829782829099	7.027432489173901e-05	0.0002677053303815	-8.800000046023616e-05	0.0001139832675417	1.2992185279497312e-08	7.744000081001565e-09	3.0808915418845118e-09	-0.0002790090530419	9.491892692855524e-18	7.784605167937022e-08	-6.999999156458157e-05	4.997185771091843e-05	4.899998819041491e-09	2.497186563080277e-09	0.0	0.0	0.0	0.0	0.0	0.0	0.0	0.0	0.0	0.0	0.0	0.0	0.0	0.0
869.3870518442734	-1.0823805606539736	1.17154767808161	755833.8459144774	1127.0424846835904	-2.170272773796114	1270224.762281761	4.710083912680679	790.6014235792306	-1.58327393936338	2.5067563670672364	625050.610965506	839.2834669136304	699.2192502118195	0.830975	15.708329	0.0425590943948362	0.0202151468479054	0.0016958887	-0.0630228198	0.104972863	0.1694938602	0.0709733379	0.0070182445	-0.0076744209	-0.0407594199	0.0642630533	0.0228081551	0.039893028	0.0256470583	0.0247486718	0.1604268281	0.035711518	-0.0109440099	-0.0340880635	-0.074279658	0.1399525622	0.0187595736	0.1382067369	-0.0124324477	0.0973321334	0.0275913206	0.0280298027	0.0090468293	-0.0997431651	0.0961574532	-0.0345407483	0.0862648133	0.00027502	0.0621430884	-0.0129245805	0.0032433604	-0.0002524657	0.0373052136	-0.0102982751	-0.0447234741	-0.0083444761	0.047731807	0.0257986989	-0.0131141625	-0.1478177367	0.041270944	-0.0762124188	-0.1377581288	0.0966004461	-0.0147243008	0.0196542767	0.0741851485	-0.082034439	0.0374608511	-0.0137367517	0.1531825959	0.0174840834	0.0406859376	-0.0779204809	0.1259946088	0.0471208409	-0.0065330983265994	0.0043772509878863	1.916032621095159e-05	4.268137374501587e-05	0.0087396250604285	-0.0131360212280783	7.638104619686986e-05	0.0001725550537045	-0.0226068403427746	-0.0062451371801586	3.9001738399000535e-05	0.0005110692302837	7.300000275053691e-05	0.0001610000032107	2.592100103386894e-08	5.3290004015783965e-09	-1.0430991626009243e-08	-1.3511883167893757e-08	1.0880558630187496e-16	1.8257098674281055e-16	-0.0002850001764449	-0.0002150001848803	8.122510057362415e-08	4.6225079498571104e-08	0.0	0.0	0.0	0.0	0.0	0.0	0.0	0.0	0.0	0.0	0.0	0.0	0.0	0.0
866.3705246412183	-3.016527203055148	9.099436366771712	750597.8859670998	1127.0693468747438	0.026862191153441	1270285.3126646616	0.000721577313564	789.4632035256759	-1.1382200535547329	1.2955448903141384	623252.1497210228	837.8481934987843	692.7901043424711	0.994518	18.799862	0.0389711185373682	0.0199190160929388	0.006256062	0.0400392372	-0.0506055958	0.1652746561	-0.082036191	0.0018199573	-0.020278336	-0.0479593091	0.0932222858	-0.0254306081	0.0298764839	-0.0709199729	0.0442333391	0.1401547243	-0.0285679584	-0.054549118	-0.1061670329	0.0221026022	-0.0235533848	-0.1026836279	0.0345048796	-0.1129884387	0.0514771104	-0.0190089292	-0.025558437	-0.0286347576	-0.0749959794	0.1347179368	-0.0611020657	0.0281185095	0.0619237731	-0.0339525041	0.1712923237	0.0134331456	-0.0103622268	0.0551039759	0.0138898414	-0.0206789452	0.0360449427	0.0405997047	0.0027317622	0.011436611	-0.1040600313	0.0162986894	0.0675080958	-0.1207730604	-0.0065464994	0.182137436	-0.0481024387	0.0055882715	-0.1135493713	0.0439868747	-0.0838863827	0.0255179903	0.0500663531	0.0266348451	-0.0065758298	0.1223675745	0.0355847396	-0.0109257191202516	-0.0043926207936522	1.9295117436825693e-05	0.0001193713382946	-0.0057703836350953	-0.0145100086955238	3.3297327296175645e-05	0.0002105403523441	-0.0163389963896491	0.0062678439531255	3.92858678207319e-05	0.0002669628030209	-5.799488513477235e-05	-0.0001309948878853	1.7159660652084748e-08	3.3634067017954392e-09	5.300564364429938e-05	5.301607463592539e-05	2.8095982581464558e-09	2.8107041698020122e-09	-0.0001929982370648	9.200193938010002e-05	3.7248319510120745e-08	8.464356849699599e-09	0.0	0.0	0.0	0.0	0.0	0.0	0.0	0.0	0.0	0.0	0.0	0.0	0.0	0.0
867.8859970599547	1.515472418736408	2.296656651950779	753226.1038927516	1122.943479684683	-4.125867190060717	1261002.0585663442	17.022780070019515	790.8213633403327	1.3581598146568012	1.8445980821485968	625398.4287154626	838.0695948250203	681.657134624143	0.934286	17.661255	0.0282169755248087	0.0193322311206777	-0.0018802785	0.0870134279	-0.0479067016	0.0004608764	-0.1121928469	0.0050167125	-0.0450791765	0.0084770105	0.0381896158	-0.0075796143	-0.0412189162	-0.0220412384	0.0239109278	-0.0132245123	-0.0065787317	-0.0363456492	-0.095218887	0.1287594819	-0.0885339909	-0.1434458033	0.1188882389	-0.0977603166	0.0399004274	-0.0150386051	-0.0627904725	0.0002643759	-0.0179257252	0.0137024311	0.0190129871	-0.1112550829	0.0105128986	-0.0543716682	0.1954758033	0.0105006169	-0.0214756762	0.0366999353	0.0416243289	0.0540888112	0.015011151	0.0060721602	-0.0678183285	0.0366372904	0.0085111834	0.0032957298	0.0162968688	0.0962597133	-0.0607175477	0.1733502549	-0.0660488897	-0.0546383126	-0.075608669	-0.0261550722	-0.0604837449	-0.0421676167	-0.0346507357	0.0118460181	0.0490406429	0.1185609488	0.023839813	-0.0109608838295969	-3.51647093452985e-05	1.2365567833393234e-09	0.0001201409743259	-0.0232532452229321	-0.0174828615878368	0.0005407134133978	0.0003056504492994	-0.0163876131015712	-4.861671192210246e-05	2.363584678116699e-09	0.0002685538631667	8.599999980255244e-05	0.0001439948849373	2.0734526888113408e-08	7.395999966039019e-09	-7.567978466127556e-09	-5.301321162276551e-05	5.72742980637704e-17	2.81040060656012e-09	-0.0001769996833108	1.599855375399999e-05	3.13288878921235e-08	2.5595372221962715e-10	0.0	0.0	0.0	0.0	0.0	0.0	0.0	0.0	0.0	0.0	0.0	0.0	0.0	0.0
869.8009347870096	1.914937727054962	3.666986498498425	756553.6661563558	1124.5885224775834	1.6450427929003126	1264699.344888314	2.706165790473261	791.513480535303	0.6921171949702511	0.4790262115734886	626493.5898691094	838.3147734179827	692.9768793601456	0.940606	17.780735	0.0747528607925885	0.0591966080641667	-0.010027093	0.0086036191	0.0094671978	-0.0407260371	0.0826146958	-0.0108838036	0.008116924	0.0095814266	-0.049843879	0.0183914449	-0.0428861233	0.0238516192	0.0220867417	-0.0348120423	0.0595759567	0.1002568096	0.1379607067	-0.0067916017	0.0533104888	0.1700541814	0.0143591178	-0.0343277797	-0.1720598582	0.0170218192	0.0063811229	0.022319348	0.0512162634	-0.0773977713	0.0538509982	0.0112305615	-0.1284296754	-0.0528742244	-0.1737196636	0.00419048	-0.0194395553	0.0466649035	-0.0079321664	0.0562061593	0.0006249447	-0.0060964711	-0.0482010633	-0.0183536656	-0.0199888738	0.0685248188	-0.0955834878	0.1658210461	0.0010964373	-0.0360152562	-0.0694091827	-0.0388449759	0.0470619845	-0.0211507885	0.0563505626	0.1712765688	-0.0304131919	0.1001222646	0.0174481348	0.1145803187	0.0119549848	-0.003385888037414	0.0075749957921828	5.738056125158863e-05	1.1464237801903227e-05	0.0349830414895109	0.0582362867124429	0.0012238131918568	0.0033914650900538	-0.0163467157914993	4.0897310071900256e-05	1.672589971117154e-09	0.000267215117168	-5.299999969472717e-05	-0.0001389999994972	1.9320999860243727e-08	2.80899996764108e-09	5.734298369475255e-09	1.3302276835602813e-08	3.2882177790166565e-17	1.769505690110151e-16	-0.0002160000010945	-3.900031778369999e-05	4.6656000472824e-08	1.5210247872295854e-09	0.0	0.0	0.0	0.0	0.0	0.0	0.0	0.0	0.0	0.0	0.0	0.0	0.0	0.0
868.4389403809139	-1.3619944060957323	1.8550287622360664	754186.1931699245	1128.9528678947397	4.364345417156301	1274534.5779277575	19.04751092025321	790.4208390152338	-1.0926415200691508	1.1938654913790243	624765.1027495462	839.0027789293571	695.5327695724939	0.942667	17.819693	0.0713369117073307	0.0459164661687168	0.0139627409	-0.0395795498	0.1094697387	0.1322245453	0.1141252627	-0.005851016	-0.0225066682	-0.0115109853	-0.0094424538	0.0028316347	0.0280989871	0.0331278959	-0.0228887124	0.0954303587	0.0538469646	0.0970018275	0.0633778808	-0.085215409	0.0051009239	-0.0758963282	0.016134431	-0.0178216614	0.0841634347	0.0199481176	0.034625899	0.0116070648	-0.0678994228	-0.033992888	-0.0725751692	0.1324800037	-0.0408330373	0.0579570292	-0.0512067965	-0.0005393811	-0.0016567111	0.0323449444	0.0083415806	0.0064513197	-0.0054395312	0.0716923764	-0.0229827316	-0.0425494	-0.1088471739	0.0982428045	-0.0959707388	-0.1289298432	0.1553187229	-0.010660607	-0.0014884089	0.072719089	-0.000361258	-0.0057794465	0.0045935729	0.1738553969	-0.0570134266	0.0361179576	0.0703491903	0.1104315261	-0.0	0.0007420590345219	0.0041279470719359	1.703994702870417e-05	5.506516107155744e-07	-0.0029982102979033	-0.0379812517874142	8.989264990453395e-06	0.0014425754873389	-0.0081702577437852	0.0081764580477141	6.685446620602869e-05	6.675311159988203e-05	-0.0004079999845113	-0.0003549999848165	1.2602498921976696e-07	1.6646398736122105e-07	3.06596519283886e-08	2.4925353558913343e-08	9.400142563699426e-16	6.21273250036834e-16	-0.0001499998152593	6.600018583519999e-05	2.2499944577824133e-08	4.356024530280933e-09	0.0	0.0	0.0	0.0	0.0	0.0	0.0	0.0	0.0	0.0	0.0	0.0	0.0	0.0
866.5313917222918	-1.9075486586220904	3.638741885010937	750876.6528401719	1124.8943267502152	-4.058541144524497	1265387.24635482	16.471756221798216	789.9362965293321	-0.4845424859016702	0.2347814206437703	623999.352574477	838.3773311639496	688.4381459830894	1.051739	19.881527	0.0789168379675021	0.045946504973316	-0.0310158503	0.0533040214	-0.1130747921	0.1070875113	-0.1266378788	0.0036009505	0.0011052189	-0.0155354259	0.0932272567	-0.0273131102	0.0423374063	-0.0353097993	0.0540962239	0.0718377931	0.0649093241	-0.0659471695	-0.1303347286	0.1025583223	-0.0022804715	-0.1359278609	0.0902429428	-0.0167829351	-0.0850067399	-0.0153648251	0.0024109688	-0.0096275402	-0.0549965824	0.0728747027	0.0484373902	0.0437879251	0.0172743811	-0.1050941596	0.2128733131	-0.002448643	-0.027197901	0.0530409082	0.0078940348	0.0197504217	0.015044294	0.0047416228	-4.75871e-05	0.0646852793	-0.1071868988	0.0315526693	0.0685082403	-0.0419166312	0.0317843737	0.1104565935	-0.1262120014	-0.107311372	-0.0706602114	-0.0209225823	0.0694850956	-0.010821595	-0.0099799909	0.023981856	-0.0195480091	0.10612066	-0.0119549848	0.0080566715207908	0.0073146124862689	5.350355582428092e-05	6.490995599392156e-05	-0.0225367911059066	-0.0195385808080033	0.0005079069533512	0.0003817561399908	-0.003459245702885	0.0047110120409002	2.219363444950667e-05	1.1966380832928336e-05	0.0003559977803492	0.0007639977648605	5.836925847118398e-07	1.2673441961355725e-07	-8.500926192178682e-05	-8.50399215737152e-05	7.226574612486954e-09	7.231788261263632e-09	-5.198484904692132e-05	9.801496621237867e-05	2.702424530431196e-09	9.606933601613737e-09	0.0	0.0	0.0	0.0	0.0	0.0	0.0	0.0	0.0	0.0	0.0	0.0	0.0	0.0
866.2903740361819	-0.2410176861098989	0.0580895250177697	750459.0121477479	1122.026702187278	-2.8676245629371806	1258943.9204212588	8.223270633960656	789.4979297282467	-0.438366801085408	0.1921654522938537	623306.9810451876	835.9423732063244	679.0091871911222	0.944364	17.85177	0.0937406208820299	0.0618858251793718	-0.041835966	0.1167368033	-0.0564853179	-0.0965409225	-0.0715974256	-0.0032164275	0.0271493658	-0.0044393241	-0.0093586054	-0.0576620372	0.0153154918	0.0106601401	0.1103424734	-0.1391047042	0.0449169733	-0.1101255564	-0.0854331967	0.0123019071	-0.1136848945	0.015053902	-0.1064138239	-0.0680444095	-0.0506800797	-0.0457513989	0.0306402366	-0.0335215654	0.1376906672	0.0610379289	0.1575061131	-0.0655460429	0.0104046842	0.0614639393	0.0490977542	0.0053052111	-0.0225631642	0.0464053445	-0.0148181946	-0.031424399	0.0475608211	-0.0865525946	0.0424080991	0.0799917362	0.0038275514	0.1279762856	0.0941949434	0.0299575813	-0.1429816459	-0.0439867512	-0.0763345078	0.0457008426	0.0337403325	-0.0113975532	-0.0135690659	0.0478802054	-0.0121904421	0.0896881581	0.09143769	0.1016540472	-0.023839813	0.0080790420582559	2.237053746509919e-05	5.004409464774066e-10	6.527092057906773e-05	0.0317629979643072	0.0542997890702137	0.0010088880396805	0.0029484670930697	0.0080095712261964	0.0114688169290814	0.0001315337617527	6.41532312275133e-05	-8.900000079093844e-05	-0.0004449977811401	1.9802302521964659e-07	7.921000140787042e-09	1.0220564394813891e-09	8.50102839782263e-05	1.0445993654853744e-18	7.226748382058679e-09	-2.3000027259892e-05	2.898482178702932e-05	5.290012539557751e-10	8.401198940258495e-10	0.0	0.0	0.0	0.0	0.0	0.0	0.0	0.0	0.0	0.0	0.0	0.0	0.0	0.0
869.8441940278605	3.553819991678552	12.62963653325414	756628.9218839782	1122.37676644492	0.3500642576418613	1259729.6058553543	0.1225449844783474	792.1940967204342	2.6961669921875	7.269316449761391	627571.4868787047	837.9812737736507	687.9030617614557	0.905093	17.109415	0.073148399301249	0.0480491825351238	-0.0294616773	0.0505560141	-0.0118889596	-0.1495451774	0.058624971	0.0009045549	0.0281702734	-0.0221923978	-0.1369530841	7.74689e-05	-0.1372402798	0.0149105314	0.0770977246	-0.1114941563	-0.0137740323	0.0198198562	0.0149305587	0.0830332754	-0.040403159	0.0525256126	-0.0692814875	-0.1003232223	-0.0235108018	-0.0157674471	-0.0315519465	0.0304110777	0.194554706	-0.00818186	-0.0099112148	-0.0828447744	-0.0109835466	0.0085677719	-0.0648436606	0.008113388	-0.0450484749	0.0827489634	0.0115645606	0.0252184377	0.0323956487	-0.0216284345	-0.0271118968	0.0727691021	0.1246061323	0.0365654404	0.022024979	0.1391219285	-0.1716972339	-0.065019675	0.0526201757	0.1558698096	0.0853254313	-0.1072996569	-0.133541068	-0.034038491	0.0279022497	-0.0162514043	0.0619265744	0.0970382431	-0.0355847396	0.0080608475497712	-1.819450848469968e-05	3.3104013899980865e-10	6.497726322065236e-05	-0.0094372742773316	-0.0412002722416387	8.906214578558466e-05	0.0016974624327851	-0.0163700778582409	-0.0243796490844373	0.0005943672894803	0.0002679794490848	-0.0001579999939667	-6.899999317576156e-05	4.760999058255141e-09	2.4963998093477236e-08	-4.664707953239144e-09	-5.686764392720533e-09	2.1759500289012528e-17	3.233928925831414e-17	5.8999962133719486e-05	8.199998939361149e-05	3.480995531780333e-09	6.723998260552396e-09	0.0	0.0	0.0	0.0	0.0	0.0	0.0	0.0	0.0	0.0	0.0	0.0	0.0	0.0
871.8661339460305	2.021939918170005	4.088241032689329	760150.5555219975	1125.2421018160308	2.86533537111086	1266169.7876993583	8.210146788939007	791.6352418520189	-0.5588548684153238	0.3123187639515089	626686.3561421045	837.3157622005835	697.756722007532	1.000842	18.919399	0.0667390272877192	0.0401558227569105	-0.018785103	-0.0548138978	0.1102001532	-0.1408403072	0.1096266953	0.0271710617	-0.0156202043	0.0044565166	-0.1622580324	-0.0047044734	-0.0354616248	0.033097109	-0.0500117975	-0.0674352283	0.0445440169	0.1765551376	0.0549436569	-0.0607315544	-0.0151493401	0.1344977788	0.0523355616	0.0720956287	-0.2019319864	-0.0241516221	0.007708244	0.0199407896	0.0724129599	-0.2019994358	-0.040338489	0.0660269469	-0.0977830824	0.0052824719	-0.1628009924	-0.0152655996	0.0032327619	-0.0082719074	0.0263184262	0.0597226848	-0.0457753692	-0.0209652012	-0.1167176679	-0.0107970783	0.1373263477	0.041073599	-0.0779092599	0.0739524829	0.0666613919	-0.1408295338	-0.0555041031	0.0036098497	0.0637320426	-0.0069772131	-0.08447273	0.0153734218	0.0866360634	0.0021627013	0.1592577208	0.092280022	-0.0471208409	-0.0021081754526335	-0.0101690230024047	0.0001034090288234	4.444403739086463e-06	-0.0037745658555508	0.0056627084217807	1.4247347397889944e-05	3.2066266670107194e-05	-0.0332272625164193	-0.0168571846581783	0.0002841646745999	0.001104050974335	3.3000000237405245e-05	0.0001909999942041	3.648099778596824e-08	1.0890000156687462e-09	-7.107023636265808e-09	-2.4423156830266635e-09	5.050978496644087e-17	5.9649058955579985e-18	-0.0004309998254536	-0.0004899997875873	1.857608495410337e-07	2.400997918356182e-07	0.0	0.0	0.0	0.0	0.0	0.0	0.0	0.0	0.0	0.0	0.0	0.0	0.0	0.0
870.6814762037549	-1.18465774227559	1.403413966333498	758086.2330043497	1127.3819716126768	2.139869796646053	1270990.1099172863	4.579042746598021	791.3389255910987	-0.2963162609202072	0.0878033264857323	626217.2951556745	838.8017464637076	705.6270627486019	1.064911	20.130535	0.046871744598398	0.0304355860261871	-0.0059112321	-0.1078919384	0.0702694218	0.0635170886	0.0611950641	0.0068024009	-0.0054346734	-0.0403841612	-0.1129399933	-0.0108463313	0.0065654671	0.0604297716	-0.0478721132	0.0631180989	-0.0563478482	0.009353689	-0.0642568713	-0.1516384072	0.1083563618	0.0654218717	0.0676863495	0.1264470763	0.1408108763	0.0025801255	0.0646201937	0.0452738368	0.0150116739	-0.0148861761	-0.0949632338	0.0964369668	0.0496328703	0.0649807001	-0.0609320075	-0.0181261894	0.025022273	-0.0209978879	-0.0463529859	-0.0611766765	-0.039386441	-0.0026733248	0.0129546203	-0.0686188698	-0.0438008524	0.0836060131	-0.0023277582	-0.2802100486	0.0641336913	-0.1908579594	-0.0159815244	0.2049917614	0.03980353	-0.0790429497	0.080014817	-0.0090371239	0.0423945929	-0.0075962136	0.1171181482	0.0873863672	-0.0583804184	-0.0030935062218304	-0.0009853307691969	9.70876724726155e-07	9.569780744503397e-06	0.0154267630275199	0.0192013288830707	0.0002379850175072	0.0003686910308758	-0.0332568967205162	-2.9634204096906647e-05	8.781860524571185e-10	0.001106021179479	3.2884563584897615e-05	-1.154366525076304e-07	1.3325620742167412e-14	1.081394522169174e-09	-0.0004440082867536	-0.0004440011797299	1.971433587058671e-07	1.9713704760159958e-07	-0.0005199922239118	-8.899239845819995e-05	2.703919129287395e-07	7.919646983343028e-09	0.0	0.0	0.0	0.0	0.0	0.0	0.0	0.0	0.0	0.0	0.0	0.0	0.0	0.0
869.7412514512237	-0.9402247525312076	0.8840225852723709	756449.8444759407	1126.639030083076	-0.7429415296007846	1269315.5041065342	0.5519621164055536	790.7684543487592	-0.5704712423395222	0.3254374383363978	625314.7483931256	839.1709316125689	705.6411115667127	1.066309	20.156961	0.1556557666356511	0.0997807998173387	7.84846e-05	-0.0706124739	0.03509624	0.1017845708	-0.0573757676	0.0348736955	0.0082386579	-0.0100871315	0.0502387742	-0.0160751272	0.0558801187	0.001776257	-0.0103911415	0.0206653412	-0.0871870026	-0.0097986078	-0.0682157152	-0.0337842091	0.0330568641	-0.1014588571	0.0573084763	-0.0188849942	0.1358846983	-0.0234090737	0.0292759121	-0.0213830874	-0.0511524746	0.0674918705	-0.1028707443	-0.0281633714	0.0932003977	-0.0026276334	0.047778134	-0.0245031464	0.0515963551	-0.0306906602	0.0274982745	-0.013499142	-0.0431810941	0.0532460171	-0.1386811322	0.0437101951	0.006825764	-0.0989095713	-0.0067841522	-0.1041990407	0.0472586503	0.1780471017	-0.042797789	0.1316423796	0.0046630498	-0.1600182575	-0.2613805003	-0.1247241646	-0.0720232754	-0.0287230046	0.0026838059	0.0823644609	-0.0692973963	0.008136421100815	0.0112299273226454	0.0001261112676718	6.620134832978758e-05	-0.0184720726502405	-0.0338988356777604	0.0003412174679957	0.0011491310603078	-0.0647546461602814	-0.0314977494397651	0.0009921082197702	0.0041931641993432	0.0014319253744915	0.0013990408109066	1.957315190582204e-06	2.0504102781126225e-06	-0.0004442423640882	-2.3407733459998494e-07	1.9735127805067285e-07	5.4792198573433305e-14	-0.0003386820282434	0.0001813101956683	1.147055162550632e-07	3.2873387053313485e-08	0.0	0.0	0.0	0.0	0.0	0.0	0.0	0.0	0.0	0.0	0.0	0.0	0.0	0.0
868.2933156798958	-1.4479357713278205	2.0965179978906905	753933.2820543873	1122.6087780932446	-4.030251989831413	1260250.4686520076	16.242931101540066	789.7641323126738	-1.004322036085341	1.0086627521666052	623727.3846875905	837.2530410625014	702.9938106269896	1.076395	20.34762	0.0931357473349728	0.0402535538946531	0.0329701249	-0.0177929046	0.0151513842	-0.0620635489	-0.127326863	0.0179714414	0.0249726779	0.0432044417	0.1031334242	-0.0525878427	0.0793941122	0.0097297116	-0.0932642815	-0.0511179685	-0.1063495132	-0.0481780475	0.0613285473	0.0782185181	-0.1636015744	-0.0855431036	-0.0539607457	0.2591226021	-0.0643678982	-0.036295625	0.0420224794	-0.0573321652	-0.1000065985	-0.073259247	0.060503275	-0.1426253901	0.0347206593	-0.0776039531	0.0787643997	-0.0320590057	0.0972077508	-0.124742731	0.0581067583	0.0653947057	-0.0501509909	-0.0625537641	-0.0718686157	0.048241848	0.1119588425	-0.1470267253	0.1067717136	0.1006375491	0.1276349765	0.1053239241	-0.060816056	0.0027840193	-0.0933513775	0.0057171794	0.1100464334	-0.1716888028	-0.1513886047	0.0661110278	0.0937969892	0.0772216734	-0.0798077096	0.0292629994987549	0.0211265783979399	0.0004463323148043	0.0008563231396641	-0.0065926961919018	0.0118793764583386	4.34636430787165e-05	0.0001411195850389	-0.0840656384587106	-0.0193109922984291	0.0003729144235499	0.0070670315694706	0.0011088316444729	-0.0003230937300186	1.0438955837733201e-07	1.2295076157844756e-06	-0.0009032075158565	-0.0004589651517683	8.157838166996698e-07	2.1064901053769874e-07	-0.0003729991500618	-3.43171218184e-05	1.391283659468252e-07	1.1776648498989052e-09	0.0	0.0	0.0	0.0	0.0	0.0	0.0	0.0	0.0	0.0	0.0	0.0	0.0	0.0
865.6657969155863	-2.6275187643095705	6.903854856798892	749377.271949497	1120.681228317581	-1.9275497756636923	1255926.415503402	3.715448137661151	788.6913985251053	-1.0727337875684952	1.1507577789910497	622034.1221074866	836.2255037295487	691.2297291318143	1.003967	18.978472	0.0740896887043777	0.0425190174806207	0.0344984663	0.0321737363	0.1451798766	-0.0808732494	-0.0028245869	-0.0074171926	0.0842817301	0.0686804754	0.0516242538	-0.0906674288	0.1732485782	0.0285498391	-0.2333839929	-0.1225169836	-0.0220848556	-0.1603062953	0.1286489838	-0.0652004835	-0.0500098237	-0.0621145652	-0.183760734	0.1848446956	0.0352348211	-0.0325155181	0.1269312897	-0.077414725	-0.061765975	-0.2001083768	0.1456186675	-0.0952542244	0.1148331653	0.0301648721	-0.0483092478	-0.0463233825	0.1258577509	-0.2206545283	0.0556918123	0.0765223638	-0.0257868807	0.0126282152	0.0297923606	0.0345915683	0.0695039394	-0.0037043148	0.1065854391	-0.0287776801	0.2211450387	-0.0238332784	0.0120938204	0.1750320545	-0.0366479414	0.1036356327	0.1163027605	0.0086063575	-0.1935759604	0.0932942151	-0.1008913226	0.0719655524	-0.0898496795	0.0468488013679291	0.0175858018691742	0.0003092604273818	0.0021948101896116	0.0218304962255473	0.0284231924174491	0.0004765705654536	0.0008078778671993	-0.0840690321057451	-3.393647034499736e-06	1.1516840194768853e-11	0.0070676021591968	0.0010880880115567	-2.074363291620007e-05	4.30298306562059e-10	1.1839355208934132e-06	-0.0009039975644118	-7.900485552999421e-07	8.172115964624665e-07	6.241767197315257e-13	-0.0009130114840047	-0.0005400123339428	8.335899699244644e-07	2.9161332081045804e-07	0.0	0.0	0.0	0.0	0.0	0.0	0.0	0.0	0.0	0.0	0.0	0.0	0.0	0.0
865.184107021562	-0.4816898940242708	0.2320251540051133	748543.5390426976	1120.8435276805103	0.1622993629293887	1256290.213543291	0.0263410832072854	790.0010016896297	1.309603164524333	1.715060448532147	624101.5826706183	837.0030296483608	682.3810503738664	1.074448	20.310812	0.1096250240814686	0.0502448954489827	-0.0032278666	0.084333976	-0.0493582939	-0.0221207463	-0.2523899562	-0.0015023607	0.0555800271	0.0413856044	0.1012065821	-0.0494275624	0.0583509764	-0.0517260638	-0.0432720329	-0.1023823306	-0.0721799848	-0.2617732871	-0.0090175812	0.1575615673	-0.0713744036	-0.2485597927	-0.005289665	0.0583381544	0.0875434136	-0.0347762928	0.0421579565	-0.0697402011	-0.0083590368	-0.0324313168	0.0998249175	-0.1703161233	0.1240708023	-0.1058802723	0.1991621738	-0.0281432266	0.0900404624	-0.10630689	-0.0202384723	0.0284134887	0.0715847345	-0.0541613654	-0.0099329238	0.084503712	-0.0810479904	-0.1102633581	0.2729220355	0.0692989519	0.0619793514	0.1189293989	-0.0351417368	0.0999641653	-0.0523732759	-0.1625560657	0.1659534128	0.0201132749	-0.1143948181	-0.0385218248	-0.0629256684	0.066603812	-0.0993643757	0.0365977437495104	-0.0102510576184186	0.0001050841822961	0.0013393948475548	0.0515725321415345	0.0297420359159871	0.0026597260714896	0.0008845887004278	-0.0651824106665373	0.0188866214392078	0.0003567044693879	0.0042487466603011	0.0009569194345713	-0.0001311685769853	1.720519558837477e-08	9.156948042602566e-07	-0.0007061093354081	0.0001978882290037	4.985903935504686e-07	3.9159751178220826e-08	-0.0002271621078367	0.000685849376168	5.160262323681252e-08	4.703893667900347e-07	0.0	0.0	0.0	0.0	0.0	0.0	0.0	0.0	0.0	0.0	0.0	0.0	0.0	0.0
869.2628227695247	4.078715747962747	16.63592215267931	755617.8550492421	1120.7057992361642	-0.1377284443460666	1255981.4884415695	0.0189691243819875	792.0296433068117	2.0286416171820747	4.115386810963103	627310.9558767155	837.75292478639	684.9037038935102	1.163395	21.992214	0.0538762594246328	0.0389647918156356	-0.0278411783	0.0597192695	-0.0194179001	-0.1822514485	-0.1053255316	0.0072287509	0.0613743659	0.0267407674	-0.0823497485	0.0084289216	-0.0593158127	0.0885309672	0.169267053	-0.1708173012	0.033247979	-0.0373397142	-0.0769334335	-0.1105429781	0.0413778654	-0.0681769678	0.081381688	-0.052702039	-0.0109780611	-0.0046789	0.023240551	0.0004423705	0.2443947732	0.0724224327	0.0860907768	-0.1056043362	-0.0357144186	0.0563235385	-0.0161215944	0.0029851576	0.0294986833	0.0662376513	-0.0376416792	-0.0740367087	0.0335893744	-0.1482908191	-0.0368848304	0.1504754741	0.0093228764	-0.0292380013	0.0907370918	0.1237071178	-0.0952487158	-0.0646264874	0.0139889109	0.0764077363	-0.0167797915	0.1137464559	-0.0793827526	0.2264352185	0.025256973	-0.1480816076	-0.0365226363	0.0611443214	-0.1082959623	0.0327409005390251	-0.0038568432104853	1.4875239550266568e-05	0.0010719665681063	0.0399929944343853	-0.0115795377071491	0.0015994396038287	0.0001340856935112	-0.0658312474484006	-0.0006488367818633	4.209891694987366e-07	0.0043337531406125	0.0002839398044646	-0.0006729796301067	4.529015825385509e-07	8.06218125593953e-08	-0.0006710253229458	3.508401246229997e-05	4.502749840345152e-07	1.2308879304548192e-09	-0.000179404915903	4.775719193370002e-05	3.21861238501625e-08	2.280749381392262e-09	0.0	0.0	0.0	0.0	0.0	0.0	0.0	0.0	0.0	0.0	0.0	0.0	0.0	0.0
872.0772118768734	2.8143891073486884	7.920786047562947	760518.6634749412	1126.7876804591892	6.081881223024993	1269650.4768346	36.98927921098399	792.3772856350237	0.3476423282119185	0.1208551883646033	627861.7627903279	839.7005720227043	701.808098246484	1.095315	20.705265	0.1537206229846059	0.084283141039875	0.0085834158	-0.0810599699	0.147814971	-0.1662381532	0.0095643968	0.0082363229	0.0110530535	0.0116754273	-0.1035858506	-0.0048574229	-0.0185252177	0.028862302	-0.0688924072	-0.111561876	-0.1261035876	0.0851228873	-0.0680143106	-0.1050100798	-0.0838314816	0.0485179136	0.0331566498	0.1123241173	0.0443194712	0.0015206279	0.017184049	-0.0069446486	0.0638098278	-0.1142034418	-0.0986553569	-0.0601638893	0.0758999258	0.092440637	-0.0444362235	-0.0307473243	0.088516382	-0.1041922059	0.0439018077	-0.0038167405	-0.0931315945	-0.0655077088	-0.074709527	0.0676706488	0.1123064395	-0.1290573811	0.0537903309	-0.0831092978	0.0396271232	-0.0409142435	0.0166696213	0.0805839253	-0.037897569	0.0092113331	-0.0226683465	0.0618626406	0.0441374838	-0.0346048074	0.0473016443	0.055595093	-0.1165920251	0.0304463927237321	-0.0022945078152929	5.264766114440644e-06	0.0009269828298877	-0.022588692345451	-0.0625816867798363	0.0005102490218774	0.0039164675202095	-0.0840043634814122	-0.0181731160330115	0.0003302621463493	0.0070567330839172	0.0009486874201276	0.000664747615663	4.418893925296436e-07	9.000078211083613e-07	-0.0006859337728759	-1.4908449930100012e-05	4.7050514077176687e-07	2.2226187931829907e-10	-0.0009131750974392	-0.0007337701815361	8.338887585830924e-07	5.384186793116678e-07	0.0	0.0	0.0	0.0	0.0	0.0	0.0	0.0	0.0	0.0	0.0	0.0	0.0	0.0
871.5565835941793	-0.5206282826941333	0.2710538087410424	759610.8784063576	1124.5667429037028	-2.220937555486444	1264650.3592450428	4.9325636253701	791.5465915133459	-0.8306941216777659	0.6900527237899949	626546.0065363956	838.0164157341924	703.2988756374104	0.954742	18.047941	0.0693145064257952	0.0381646915087328	0.0144800915	-0.1195805421	0.1220188697	-0.0065382605	0.0397277568	0.0473482246	0.0492184543	0.0007854594	-0.080640893	-0.0201224431	0.0409530069	-0.0045898196	-0.1541661497	0.0593153862	-0.0156919249	0.1659601504	0.0946562789	-0.058809894	-0.0481355423	0.0981052804	0.0684116346	0.0567575919	0.156973198	-0.0230902115	0.0424721344	-0.0202091742	-0.0678895788	-0.1716777521	-0.115078663	0.0495096179	-0.0482487202	-0.0044368875	-0.0704815072	-0.0326496744	0.065683717	-0.0851487116	0.0342836902	0.0730070162	-0.0652456555	0.0728452613	-0.138615219	-0.0260469915	0.0466249455	-0.0922442135	-0.0525287555	0.037664518	0.1964591261	-0.0586569727	0.0015716759	0.1086450054	0.0159260968	-0.0442655132	0.0170590831	-0.0889495409	0.1270957581	0.1248917266	0.1195043509	0.0499642712	-0.1242038795	0.0306470205022719	0.0002006277785398	4.0251505521815216e-08	0.0009392398656666	0.009554115658787	0.032142808004238	9.128112602147896e-05	0.0010331601063973	-0.0841374244094197	-0.0001330609280074	1.7705210562215657e-08	0.0070791061862508	0.0006541894278112	-0.0002944979923163	8.672906747839038e-08	4.279638074599453e-07	-0.00090322592315	-0.0002172921502741	8.158170682501698e-07	4.7215878570742074e-08	-0.0006882050457295	0.0002249700517096	4.736261849675433e-07	5.0611524166265054e-08	0.0	0.0	0.0	0.0	0.0	0.0	0.0	0.0	0.0	0.0	0.0	0.0	0.0	0.0
873.3079376070829	1.751354012903562	3.067240878513409	762666.7538875366	1128.7359679962372	4.1692250925343615	1274044.8854484025	17.382437872218155	793.4166796688245	1.870088155478584	3.497229709261292	629510.0275767021	840.3751286051258	709.8158222342353	1.002723	18.954966	0.1628680246470806	0.0936256874752405	0.0096010809	-0.1213394553	-0.019221109	0.1345250809	-0.0086795986	0.0330088742	-0.0073224069	-0.0231266344	-0.0933043448	0.0409671914	-0.0900686897	0.0482355081	-0.0089840789	0.0243915032	0.0207640076	0.0746405034	0.1493566463	0.0847056656	0.0530415356	-0.1782978869	0.0334850267	0.1223849557	-0.022368248	0.0085724237	-0.0303625441	0.0558764465	-0.0118151958	-0.043047634	-0.1107685652	-0.0206072175	-0.1231988852	-0.1183714807	-0.0478610631	0.0053004251	0.025443725	0.0609190298	-0.0422875705	-0.045982558	0.1065189327	0.1311201251	-0.1262814364	-0.0529864898	-0.0993522559	-0.0544219432	-0.0393375361	0.1111704989	0.1379356287	-0.0525631026	0.1013737595	0.0959585436	0.0852825386	0.0790611891	0.0286186031	0.0456239002	0.0291587992	-0.2396173232	-0.1153910106	0.0442601199	-0.1310868562	0.0302885943916209	-0.000358426110651	1.2846927679640344e-07	0.0009173989502201	0.0741591255836766	0.0646050099248896	0.0054995759073355	0.004173807307395	-0.0775878139007346	0.006549610508685	4.289739781547818e-05	0.006019868865895	-0.0005080854604298	-0.0011622748882409	1.3508829158356287e-06	2.581508351001619e-07	-0.0006729355247381	0.0002302903984119	4.528422204545421e-07	5.3033667600711644e-08	-0.0002536707703253	0.0004345342754042	6.434885971743113e-08	1.8882003650105317e-07	0.0	0.0	0.0	0.0	0.0	0.0	0.0	0.0	0.0	0.0	0.0	0.0	0.0	0.0
873.7082003546363	0.4002627475534837	0.1602102670790638	763366.0193669373	1124.5620670451983	-4.173900951038831	1264639.8426369692	17.42144914908286	792.3244705306306	-1.09220913819388	1.192920801554218	627778.0666016442	840.6908176811485	710.7506786089848	0.990727	18.728195	0.1073489038102016	0.0718691234425666	0.0023846044	-0.1551346365	0.0048282441	0.0608749768	-0.0496029395	0.0284082067	0.0630685902	-0.0192607426	0.0107338733	0.0033973141	-0.0109235311	0.0463751312	0.0748796519	0.0366517766	0.108755746	0.0233838203	0.012744605	-0.0072226311	0.1632308936	-0.0467868282	0.2482041815	0.0641128512	0.1234692192	0.0062489976	0.0417021027	0.0186399061	0.0385276762	0.0532158173	0.0147893071	0.0381344331	-0.0798982289	-0.0264328222	0.0083944676	-0.0051684819	0.0242578759	0.0501821062	-0.0140526437	-0.0588936168	-0.0104679186	0.0535392351	-0.0858483289	0.0335087556	-0.1382772176	-0.0161482696	-0.0576765187	-0.0709286076	0.0962443962	-0.228197415	-0.0364810923	0.0761150481	0.1159365955	-0.0753994984	0.0848290977	-0.0334090571	0.0113402994	0.0049712409	0.0997110441	0.0384910108	-0.1372005631	0.0303119072463147	2.33128546937994e-05	5.434891939742046e-10	0.0009188117209091	0.0162551576676435	-0.0579039679160331	0.0002642301507999	0.0033528695004209	-0.0841031340074494	-0.0065153201067147	4.2449396092962086e-05	0.0070733371498749	0.0002548979453707	0.0007629834058005	5.821436775269306e-07	6.497296255420437e-08	-0.0006410402376775	3.18952870606e-05	4.109325863216257e-07	1.0173093366780776e-09	-0.0003169181361194	-6.324736579409998e-05	1.0043710500139457e-07	4.000229279892688e-09	0.0	0.0	0.0	0.0	0.0	0.0	0.0	0.0	0.0	0.0	0.0	0.0	0.0	0.0
871.783839118534	-1.9243612361023	3.703166167013171	760007.06214825	1126.088804765181	1.526737719982748	1268075.996217474	2.3309280656181195	791.9178943448338	-0.40657618579678	0.1653041948570577	627133.9513835554	839.6697994561641	709.0723592764111	0.925543	17.495989	0.0850483378641691	0.0361148015063256	-0.0135543688	-0.1083243682	0.0054969541	-0.0370941444	0.0238686253	0.0248193908	0.0201837351	-0.0446484192	0.011701345	0.0045640933	0.0325730291	0.0311406549	0.1063805497	0.0509392811	0.0483707508	0.0464886597	-0.1507311416	-0.0776649841	-0.0348501528	0.0704056335	0.0869647661	-0.0416144213	0.0651236425	-0.0086138913	0.0084444503	-0.0275387757	0.0601134934	0.1254833816	-0.0099967359	0.0586810654	-0.0331927523	0.1635801239	0.0564729462	-0.0115064125	0.0035020183	0.0562461675	0.0109001817	-0.0715240073	-0.0152082741	0.0241358814	-0.0674017936	0.115548564	-0.1067621044	-0.0970372925	-0.0040347739	-0.0557473774	-0.048573895	-0.142616116	-0.0255270636	0.1115865032	-0.0994129354	0.0696311373	0.0115371909	0.0359116676	0.0885305303	-0.0088893804	-0.0078337059	0.0326654109	-0.1425091225	0.0404778394378126	0.0101659321914979	0.0001033461773221	0.0016384554855533	-0.0056901376741791	-0.0219452953418225	3.237766675111234e-05	0.0004815959876398	-0.0707039543450207	0.0133991796624286	0.000179538015626	0.0049990491600227	0.0006689088580772	0.0004140109127065	1.7140503584006918e-07	4.474390604141437e-07	-0.0009030681431481	-0.0002620279054705	8.155320711689572e-07	6.865862324530965e-08	-0.0002021983409281	0.0001147197951913	4.088416907407616e-08	1.316063140873382e-08	0.0	0.0	0.0	0.0	0.0	0.0	0.0	0.0	0.0	0.0	0.0	0.0	0.0	0.0
871.1236592490919	-0.6601798694421177	0.4358374600166115	758856.4297035281	1130.7456683178882	4.6568635527071365	1278585.7664196678	21.68637814853213	792.526526226951	0.6086318821171517	0.3704327679294664	628098.294773358	841.0123171864195	704.9212302687009	1.0948	20.695528	0.0746215718047266	0.0481379710557176	-0.0146816736	-0.0190887911	-0.0642274848	-0.1239259659	-0.008579966	0.0067362334	-0.0160558332	-0.0423438385	0.0140527459	0.0058991704	-0.0376357287	0.0325938371	0.0001539982	0.0963498197	0.048851843	-0.0039489356	-0.1271330212	0.1200988914	-0.1162453948	0.0271027897	-0.1271765759	-0.1180835794	-0.1953095775	0.0055223597	-0.0027241818	0.0501836513	-0.0405907456	0.0446032583	-8.4063e-05	0.051127706	-0.0185953249	0.0040821741	0.0546368093	-0.0062791672	0.0092820745	0.0395718731	-0.023723056	0.0213103341	-0.0339684746	-0.0377678558	-0.1227160658	0.1066093195	-0.027482455	-0.0372009844	-0.0023958803	0.275705378	-0.0503406993	0.0100448045	-0.0941026484	-0.1530456231	-0.0528711789	0.0444418075	-0.0161700758	-0.1473467286	0.0495736692	0.0458371846	-0.1413558802	0.0267918699	-0.1469813818	0.0304069817842389	-0.0100708576535737	0.0001014221738785	0.000924584541227	0.0391733727357888	0.0448635104099679	0.001534553131497	0.0020127345663052	-0.0655731372204257	0.005130817124595	2.632528436603741e-05	0.0042998363249287	0.0004619025346776	-0.0002070063233996	4.285161792741978e-08	2.1335395154159146e-07	-0.0008470529427559	5.6015200392199984e-05	7.1749868783143e-07	3.137702674978321e-09	-0.0002303045494681	-2.810620854000001e-05	5.304018550570453e-08	7.899589584939696e-10	0.0	0.0	0.0	0.0	0.0	0.0	0.0	0.0	0.0	0.0	0.0	0.0	0.0	0.0
867.1537576319568	-3.969901617135178	15.760118849732509	751955.6393752224	1126.9986192929996	-3.747049024888611	1270125.8878883277	14.04037639491869	790.8424319292475	-1.6840942977034956	2.8361736035574303	625431.7521397665	840.302268181419	696.436212495178	1.033396	19.534784	0.031981231522761	0.0198343089322916	-0.006394709	0.0609116567	0.0590833573	-0.0478238815	0.1059402659	-0.0217735391	0.0239911739	0.0062575039	0.0613125533	-0.0185954344	0.085184431	0.0464995915	0.0646637496	0.1011503173	0.065715484	-0.0388593204	0.027578589	-0.0488816321	-0.0536340046	-0.0080788678	-0.1063527187	0.139634761	-0.1892403684	0.018643664	0.0804588527	0.0188011276	-0.0657838956	0.0570299595	0.1263618943	0.1379863586	-0.0266854008	0.0023987748	-0.108154247	-0.0061024711	0.0299917859	0.0375502009	-0.005641707	0.002539519	-0.0453385222	-0.0585576459	-0.0531011843	0.0705990166	0.0033723409	0.0096469831	-0.0858788381	0.2708767056	0.0933591422	-0.0070273448	-0.0490646642	-0.0283752781	-0.1094428771	0.106056808	0.0052047999	0.1283292605	0.0019506462	-0.1778757904	-0.1079793208	0.0208790082	-0.1505910958	0.0304728215742215	6.583978998260173e-05	4.3348779449531035e-09	0.0009285928546943	0.0577805222003604	0.0186071494645716	0.0033385887457463	0.0003462260111969	-0.0595126191967239	0.0060605180237017	3.672987871561435e-05	0.0035417518436542	0.0005258845707045	6.398203602690008e-05	4.093700934147539e-09	2.765545817050563e-07	-0.0009030675500891	-5.601460733320007e-05	8.155310000239292e-07	3.1376362346925914e-09	-0.0002552623909981	-2.495784153000002e-05	6.515888825806689e-08	6.228938538365936e-10	0.0	0.0	0.0	0.0	0.0	0.0	0.0	0.0	0.0	0.0	0.0	0.0	0.0	0.0
866.4443348478716	-0.7094227840851772	0.503280686579164	750725.7853899706	1126.8935477516868	-0.1050715413127818	1269889.0679643832	0.0110400287938436	791.205376764332	0.3629448350844768	0.131728953314498	626005.9482207885	839.4381074108965	674.0555819426874	1.034432	19.554375	0.0557794655466786	0.035531520484976	-0.0300402964	0.1858921148	0.0762457589	-0.0911057916	-0.0586525814	-0.0327960341	-0.0004560443	0.038577931	0.014352971	-0.035880964	0.0217869301	0.100073434	0.0019237688	-0.0880110967	0.0373891049	-0.0127612726	0.0691239728	-0.104976568	0.0094071447	0.0302904569	-0.0928050209	-0.0451340681	-0.1925002711	-0.0036871352	0.0817111225	0.0250204285	0.0781705394	-0.0671056105	0.1163614657	0.0312988613	0.0266442162	0.0510296313	-0.0889588387	-0.0184998092	0.0437895088	-0.0483206545	-0.0041763531	0.0025320962	0.0023371685	-0.1478042091	0.0585046716	0.0919720614	0.0811578726	0.0391942568	0.0465239084	0.0135208548	0.0521428563	5.83587e-05	-0.0303981041	-0.1219070675	-0.0124665907	0.0927442665	0.0477703331	0.15003231	-0.0735877478	-0.1243097019	0.0409213043	0.0149355036	-0.1533170814	0.0303466344582403	-0.0001261871159812	1.592318823965286e-08	0.000920918222942	0.0316979147864771	-0.0260826074138833	0.0010047578018107	0.0006803024095067	-0.0361178602201448	0.023394758976579	0.0005473147475722	0.0013044998268819	0.0005258779709239	-6.5997806000632495e-09	4.3557103968971206e-17	2.765476403030382e-07	-0.0008210777327508	8.19898173383001e-05	6.74168643219194e-07	6.722330147167815e-09	-0.0002967842146839	-4.15218236858e-05	8.808087008553926e-08	1.7240618421946614e-09	0.0	0.0	0.0	0.0	0.0	0.0	0.0	0.0	0.0	0.0	0.0	0.0	0.0	0.0
869.494872240365	3.0505373924934247	9.305778383000582	756021.3328522886	1126.382044225306	-0.5115035263809204	1268736.509553179	0.261635857500117	791.5452261170028	0.3398493526708535	0.1154975825107981	626543.8449886171	838.4686382546926	682.6873593901402	0.971638	18.367344	0.0751217396179065	0.0408560666005707	-0.0366083132	0.1019102663	0.0581987898	-0.2099421472	-0.0445448046	-0.0155151258	0.0314579866	-0.0221082075	-0.0673514424	-0.0267211529	0.0211598941	0.0749801073	0.0723186999	-0.1385357701	-0.0516748134	-0.064171592	-0.0763776143	-0.1704567944	-0.2475997881	0.0047890287	0.0446354276	0.0150120504	-0.0132962637	-0.0236899089	0.0410278114	-0.0398235809	0.1690388521	0.0041138119	0.0740679729	-0.1136858307	0.0281514948	0.1668141418	0.0706156125	-0.0224440164	0.04898823	-0.056566045	0.0281894163	-0.0176906974	-0.0861216826	-0.2118498489	0.0133938657	0.113473382	0.1495482782	-0.0561042267	0.0976669703	0.0161617449	-0.0330755092	0.0177505963	-0.0304750156	-0.0947330352	0.0480284549	0.0109296468	-0.0306609068	0.1014405259	0.1537718293	0.1067024151	0.0623220049	0.0089700792	-0.1551433414	0.0131249215426834	-0.0172217129155569	0.0002965873957458	0.0001722635655015	0.0075397248221378	-0.0241581899643393	5.684745039356088e-05	0.0005836181423531	-0.0403574500267751	-0.0042395898066302	1.797412172848354e-05	0.0016287237726636	0.0005257653372619	-1.126336619999618e-07	1.2686341815521638e-14	2.764291898661195e-07	-0.0006531892909751	0.0001678884417756	4.266562498445539e-07	2.8186528881872588e-08	-0.0007188280778738	-0.0004220438631898	5.167138055397418e-07	1.78121022456255e-07	0.0	0.0	0.0	0.0	0.0	0.0	0.0	0.0	0.0	0.0	0.0	0.0	0.0	0.0
869.1015286592664	-0.3933435810986339	0.1547191727914975	755337.4671178736	1125.3262551581108	-1.0557890671950645	1266359.1805481776	1.1146905544086243	790.2077691896569	-1.3374569273458974	1.788791032505529	624428.3184876941	836.7761884603561	684.1556570459487	1.368973	25.878366	0.0614735858686546	0.0453753018228777	0.0330454783	0.0380771521	0.2178075621	-0.1340304319	0.0428606261	0.0057017177	0.0265676122	0.0385069703	-0.1357197394	-0.0946233866	0.0753002353	-0.0261969409	-0.3258440517	-0.1526970681	0.1584286776	0.1634834508	-0.0973692189	-0.0194569325	-0.1392234979	0.073077902	0.0135880761	0.0545214894	-0.12259784	-0.0610106766	0.0573724653	-0.0523384336	-0.018427314	-0.4159432076	-0.0076410094	0.0944469197	0.0323048475	0.0243944654	0.0402171166	-0.0480988914	0.0758050665	-0.2080111875	0.0724948771	0.1987758766	-0.0580952596	0.0040900482	-0.1486579489	-0.0259373356	0.1184312546	0.1122314134	0.0050638253	-0.0618891794	0.0690612643	-0.1269429137	-0.0448836835	-0.1701167513	-0.0136793075	0.1900294757	-0.0512677328	-0.1265478088	-0.0932369495	-0.0949154858	-0.1525629131	0.0029914899	-0.1560591586	0.0146038347245962	0.0014789131819128	2.1871841996354453e-06	0.0002132719886633	0.0095188672166131	0.0019791423944752	9.06088330875116e-05	3.917004617609422e-06	-0.0856675825689166	-0.0453101325421415	0.0020530081109864	0.0073389347032021	0.000466201867362	-5.956346989990002e-05	3.547806946516296e-09	2.1734418113181586e-07	-0.0006532136025165	-2.431154140004367e-08	4.266880105125841e-07	5.910510452460375e-16	-0.000913348251435	-0.0001945201735612	8.34205028399372e-07	3.783809792227938e-08	0.0	0.0	0.0	0.0	0.0	0.0	0.0	0.0	0.0	0.0	0.0	0.0	0.0	0.0
868.509045900827	-0.5924827584393597	0.3510358190479127	754307.9628115648	1126.671164345908	1.3449091877971568	1269387.912568564	1.808780723421208	790.6023699212637	0.3946007316068289	0.1557097373846446	625052.1073251187	838.3770598167185	699.7456053204336	1.538399	29.081093	0.2977119196485944	0.1735131135642875	-0.0110329824	-0.010567374	-0.096845715	0.1333013115	-0.1634077243	0.0154013291	-0.0036607303	-0.0181904751	-0.0642326298	-0.0742952369	0.0441785245	-0.0351328571	-0.1414614189	-0.0316005539	-0.1389132491	-0.0124076926	-0.0396584983	-0.0347918334	0.1310996603	-0.1871032754	-0.0008919983	0.0527280289	-0.1131232995	-0.0517749816	-0.0001153162	-0.0391785071	-0.0582669661	-0.0745078306	-0.1149971118	-0.0638189885	0.1023450389	-0.0215776218	0.1599378052	-0.0449156429	0.0831495553	-0.1740762655	-0.1495347775	-0.0861508304	0.1342658448	-0.0383989798	0.0814395082	-0.3436112147	-0.0048221608	0.0711492438	0.3028344407	-0.1664860269	-0.0149296302	0.0845239057	-0.1202524208	-0.225095322	0.0451498701	-0.0172689554	0.0017293812	0.1016035018	-0.0033047843	0.1236293682	-0.0332119123	-0.0029914899	-0.1560591586	0.0142583306403594	-0.0003455040842367	1.1937307222430964e-07	0.0002032999926498	0.1523718805587464	0.1428530133421333	0.0232171899850088	0.0204069834209277	-0.0397502104180773	0.0459173721508393	0.0021084050652386	0.0015800792282814	-0.0009171692661141	-0.0013833711334761	1.9137156929349496e-06	8.411994627042767e-07	-0.0009023288538647	-0.0002491152513481	8.141973605167831e-07	6.205840845427683e-08	-0.0003739140348316	0.0005394342166034	1.3981170544404696e-07	2.909892740425239e-07	1.0	0.0	0.0	0.0	0.0	0.0	0.0	0.0	0.0	0.0	0.0	0.0	0.0	0.0
874.7041637798206	6.195117878993642	38.37948553462668	765107.3741337553	1131.3955417446325	4.724377398724528	1280055.8718796305	22.31974180557913	795.0918537081532	4.489483786889423	20.155464672742998	632171.0558330673	842.371622656006	702.1324335463681	1.29665	24.511208	0.2344599050963446	0.1376467323425551	-0.0365100655	-0.0745538481	-0.1398907816	-0.0517432583	-0.1960653643	-0.013446939	-0.0371768779	-0.0853563431	-0.1140888857	0.0402692781	-0.1782459366	-0.0340661923	0.0384684804	-0.0854491241	-0.2795556548	-0.0645681022	-0.1238453113	0.064904875	0.0086980225	-0.073240128	-0.0651343033	-0.1042242653	0.1263072136	-0.0007618101	-0.1330576541	0.0512196667	0.0967170725	0.149576393	-0.1707479663	-0.244867426	0.1007013605	0.0239172906	0.1957736445	-0.0130771795	-0.0023495355	0.0050358191	-0.0942539034	-0.1365648242	0.0290684464	-0.0269012831	0.0090414492	-0.0453219847	-0.0272846819	-0.1586451968	0.2675339289	-0.155260429	-0.2729097982	0.1564629006	0.0956394885	0.0760155786	0.0742448408	-0.1246388586	-0.1892753363	0.0851142987	0.0975796235	-0.02330312	0.1281428212	-0.0089700792	-0.1551433414	0.0440890268838387	0.0298306962434793	0.0008898704383707	0.0019438422915638	0.0252230286369581	-0.1271488519217883	0.0006362011736208	0.0161668305450288	-0.0708767176172244	-0.0311265071991471	0.0009688594504185	0.0050235091001917	-0.0003417512825809	0.0005754179835331	3.31105855773414e-07	1.1679393914569017e-07	-0.000802892962048	9.943589181669996e-05	6.446371085062112e-07	9.887496581382458e-09	-0.0006261371541203	-0.0002522231192887	3.920477357698683e-07	6.36165019037218e-08	0.0	0.0	0.0	0.0	0.0	0.0	0.0	0.0	0.0	0.0	0.0	0.0	0.0	0.0
875.2388072572903	0.5346434774696718	0.2858436480008634	766042.9697291641	1130.4881562986575	-0.9073854459750236	1278003.4715315378	0.8233483475672926	793.7583810861983	-1.3334726219549111	1.7781492335033051	630052.3675445823	841.0784047771402	724.0859406532062	1.224712	23.15132	0.0664391140422247	0.0433909329106422	-0.0137090012	-0.2051144106	-0.1466075029	-0.0553338382	-0.0824847814	-0.0022873743	-0.0232289894	-0.0907543194	-0.1520445787	0.0291780519	-0.0858438468	-0.0698761006	0.0242649209	0.0799437861	-0.0135300583	0.0064075623	-0.2247602029	0.147641765	-0.119303496	-0.008793607	0.0442370188	-0.1188146751	-0.1178416193	-0.0070127684	-0.0976404215	0.0340845288	-0.0056205716	0.0599577576	-0.1202943734	0.01627976	-0.0363812133	-0.0564963768	0.1867992857	-0.0041061928	-0.0442225019	0.046693114	-0.0258389438	-0.0423156072	-0.0543733089	0.0676878376	-0.0900756425	0.0235921398	-0.1018115687	-0.0670672604	0.0366935319	0.0614922716	-0.2009581594	0.0241687422	-0.0861197625	-0.0835829153	-0.0105321415	-0.0355882095	0.0903820731	-0.2184205553	0.0932232375	-0.065291503	-0.0731717262	-0.0149355036	-0.1533170814	0.0440866788728158	-2.348011022897112e-06	5.513155763646342e-12	0.0019436352540347	-0.0053883491239048	-0.0306113777608629	2.9034306281085628e-05	0.0009370564484182	-0.0691915719811504	0.0016851456360739	2.8397158147792395e-06	0.0047874736332227	-0.0002450629227205	9.66883598604e-05	9.348638932494208e-09	6.005583609231376e-08	-0.0009029828311579	-0.0001000898691098	8.153779933659365e-07	1.0017981898436908e-08	-0.0001401105304053	0.000486026623715	1.963096073045449e-08	2.362218789598022e-07	0.0	0.0	0.0	0.0	0.0	0.0	0.0	0.0	0.0	0.0	0.0	0.0	0.0	0.0
871.917435894306	-3.321371362984337	11.031507730852432	760240.0150165012	1130.2452061793188	-0.2429501193387295	1277454.2260913309	0.0590247604867029	793.2889847417202	-0.4693963444780138	0.2203329282093222	629307.4133125492	841.9547416256803	714.2090069836072	1.152758	21.79114	0.0615065999993268	0.0306067098294514	-0.0183423758	-0.0922493661	-0.0738890962	-0.1208990814	0.1090350483	-0.0340261553	-0.0104845432	-0.0635329088	-0.0659305012	0.0324166698	-0.0620831721	0.0549812448	0.0944123693	0.0819848502	0.0136405478	0.0331400985	-0.1307939725	-0.066062678	-0.010952552	0.1325073831	-0.0867782972	-0.0131067361	-0.0511661212	0.0286102456	-0.0185395641	0.0638204134	0.0700205726	0.1297260554	-0.0202219726	0.0978109555	-0.0297374492	0.1276029734	-0.0415444443	-0.0041213934	-0.0431650637	0.0469362906	-0.0430120754	-0.0669082725	-0.1434691217	-0.0141308405	0.0037663108	0.0291625014	0.0047809446	0.0510608461	-0.0765773003	0.020552459	-0.210943567	-0.1169920109	-0.0753481453	0.0869973315	-0.0360683534	-0.0183528551	-0.0070534936	-0.0917475904	0.0956450087	-0.1221280485	-0.0422845793	-0.0208790082	-0.1505910958	0.026837680932914	-0.0172489979399018	0.0002975279299307	0.0007202611178568	0.0063281290305923	0.0117164781544971	4.004521702782504e-05	0.0001372758603448	-0.0588020162906275	0.0103895556905229	0.0001079428674464	0.0034576771198432	-0.0004140534066006	-0.0001689904838801	2.855778364203033e-08	1.7144022351756177e-07	-0.0006519661691664	0.0002510166619915	4.250598857375109e-07	6.300936459735495e-08	-0.0001631347488218	-2.3024218416500017e-05	2.6612946273151778e-08	5.301146336906984e-10	0.0	0.0	0.0	0.0	0.0	0.0	0.0	0.0	0.0	0.0	0.0	0.0	0.0	0.0
869.4090293338562	-2.508406560449771	6.29210347250745	755872.0602872381	1127.8374333948525	-2.4077727844662604	1272017.2761666884	5.797369781616409	792.3722595299732	-0.916725211747007	0.840385113852595	627853.7976726353	840.0575960582703	691.8094118097522	1.072315	20.270498	0.0426690430887035	0.0258575795282604	0.0001533509	-0.0452167903	0.0804584193	0.0133021341	0.1826002758	-0.0119958119	-0.0083574235	0.0189400681	0.040409469	0.0220548704	0.0069468125	-0.0372702755	0.0058204658	0.1149009786	0.018338398	0.112823905	0.0819568949	-0.0305640157	0.0284399837	4.54606e-05	0.0961920406	-0.0196511235	0.031812193	0.0079844774	0.0044569265	-0.0121556285	-0.0576545557	-0.0368803704	-0.067189647	0.1038835776	-0.0493372771	-0.0528504438	-0.104032629	-0.0054328079	-0.0322323336	0.0298293311	0.0079239812	0.0204107482	-0.1076480815	0.0920849988	-0.0453033178	-0.0387797512	-0.1026584848	0.0636406993	-0.2028815895	0.0411951793	0.010991012	-0.0624989463	-0.008623346	-0.0661065963	0.1166508398	-0.1924162961	-0.0247574171	-0.0711823037	0.1025473155	-0.0086165562	0.0060140649	-0.0267918699	-0.1469813818	0.0443133992588116	0.0174757183258976	0.0003054007310061	0.0019636773538708	-0.0082053944862536	-0.0145335235168458	6.732849867504097e-05	0.0002112233058147	-0.056713570494935	0.0020884457956924	4.361605841545677e-06	0.0032164290782839	-0.0004670173441324	-5.2963937531800025e-05	2.8051786788724154e-09	2.181051997204805e-07	-0.000642987476126	8.978693040400006e-06	4.134328944548834e-07	8.061692871372749e-11	-5.365027038864919e-05	0.0001094844784331	2.878351512775168e-09	1.1986851017779068e-08	0.0	0.0	0.0	0.0	0.0	0.0	0.0	0.0	0.0	0.0	0.0	0.0	0.0	0.0
870.6016683270898	1.1926389932335724	1.4223877681811892	757947.264893912	1127.026535994523	-0.8108974003293952	1270188.812835814	0.6575545938609714	793.3663254526958	0.994065922722598	0.98816705871833	629430.1263623129	840.9014182679573	696.8597591038255	0.8863379999999998	16.754877	0.0524813360279819	0.0390483732485585	-0.0122572053	-0.0280828143	0.0044929971	0.1048051712	0.0908606556	0.0153242131	-0.026712372	0.0219265614	-0.0296016398	0.049327558	-0.0235276649	0.0380905697	0.0359562618	0.0235439089	0.0390226183	0.0632342019	0.1466653866	-0.120026278	0.053098193	0.0256268906	0.1073112463	0.1115229545	0.1156385511	0.0327775709	-0.0076998803	0.0340414672	0.0639412319	-0.0254692648	-0.0490491837	0.0595949967	-0.0879452813	-0.0222033317	-0.1177095751	-0.0113294418	-0.0290745547	0.0200609563	-0.0556791323	-0.0305240194	-0.0845336708	0.0391089298	0.0511441343	-0.0352741453	-0.0883371167	0.0872815988	-0.1519313887	-0.0495777817	0.0397153486	-0.0366290627	-0.0739925851	0.0028738845	0.1685230873	-0.1807430605	-0.0002379934	-0.0644296636	-0.0133633081	-0.1232299014	0.059990272	-0.0326654109	-0.1425091225	0.044125102322809	-0.0001882969360025	3.5455736107966994e-08	0.0019470246549983	0.0296817500040305	0.0378871444902841	0.0008810062833017	0.0014354357176276	-0.0587698709587272	-0.0020563004637921	4.228371597392001e-06	0.0034538977325054	-0.0004350069018004	3.201044233199998e-05	1.0246684182902964e-09	1.892310046139829e-07	-0.000820996841985	-0.000178009365859	6.74035814549343e-07	3.1687334333523324e-08	-1.6678195821588388e-05	3.69720745670608e-05	2.7816221586324837e-10	1.366934297792304e-09	0.0	0.0	0.0	0.0	0.0	0.0	0.0	0.0	0.0	0.0	0.0	0.0	0.0	0.0
869.6713255100918	-0.9303428169979496	0.8655377571396806	756328.2144144801	1124.895904327606	-2.1306316669169973	1265390.795573023	4.539591300069502	793.2445544586394	-0.1217709940564191	0.0148281749934884	629236.9231782854	841.239700720363	695.3548635420495	0.824354	15.583169	0.0401225365723174	0.0198900804254989	-0.0113498346	-0.0392667408	0.0347999068	0.1578859327	0.0298379781	0.0163439723	0.018617717	-0.002221879	0.0708643802	0.041517639	-0.0187999641	0.026912629	0.0111055453	0.1336473717	0.079016108	0.0176239938	-0.0301522286	-0.0159072427	0.0237228114	-0.0034921356	0.1450940855	0.0858196494	0.1676952992	0.0185713551	-7.72826e-05	0.0151105597	-0.0716903403	0.0600228378	-0.0477949	0.07332098	-0.0600596656	0.0285830881	0.0409800859	-0.0062448115	-0.0309964581	0.0223449662	-0.0369206066	-0.0590684273	-0.0678823182	0.0444757046	0.0597437754	0.0174055083	-0.2511123397	0.0699577124	-0.1018560158	-0.08947929	0.0750323283	0.0232393835	0.0226426411	-0.2374116992	0.0986045054	-0.155701703	-0.0275361384	0.094854367	0.1457433071	-0.0417549064	-0.1137374468	-0.0384910108	-0.1372005631	0.0442454255173885	0.0001203231945794	1.4477671153815476e-08	0.0019576576792147	0.0118987645552408	-0.0177829854487897	0.000141580597941	0.0003162345714718	-0.0511209417389295	0.0076489292197977	5.850611820947504e-05	0.002613350684275	-0.000331054866977	0.0001039520348234	1.0806025543925368e-08	1.0959732494915919e-07	-0.0009029795173334	-8.198267534840001e-05	8.1537200872366e-07	6.721159057281153e-09	-0.0001221494598328	-0.0001054712640112	1.4920490537444822e-08	1.1124187532122705e-08	0.0	0.0	0.0	0.0	0.0	0.0	0.0	0.0	0.0	0.0	0.0	0.0	0.0	0.0
872.5074677059521	2.836142195860248	8.043702555138989	761269.281202653	1130.3280313131693	5.432126985563173	1277641.458372305	29.50800358728364	793.8387296673983	0.5941752087588839	0.3530441787036632	630179.9287199486	842.609848055135	695.3398056742192	1.083666	20.485062	0.045195683023573	0.0231485610097314	-0.0198140895	-0.0319554443	0.0167093487	-0.1007399019	0.0227303391	-0.01020062	-0.0435395468	-0.0208300529	0.015030066	0.0387150235	-0.0535067184	0.016744271	-0.0550319121	-0.056236914	-0.0425078039	0.0024301422	-0.0720340189	-0.0877447715	0.1594596234	0.1408215977	-0.1039082617	-0.1289840384	0.0619420442	0.0291485907	-0.0426102566	0.0624851904	0.0313211763	0.0346526133	-0.0416323307	-0.040197644	0.1223838053	0.166233574	-0.0842118579	-0.0385011337	-0.0119693695	-0.0993239787	-0.0647493243	-0.0842552077	-0.0271870244	0.0149676122	0.0959209465	-0.0300297041	0.0652569495	0.0072109064	-0.0991945768	-0.1585923838	-0.2138030875	-0.0988878772	-0.0941959188	-0.0629338672	0.166035777	0.097053979	-0.0527521497	0.0162560968	-0.1652022192	0.1004202497	0.0417469757	-0.0442601199	-0.1310868562	0.0418420144866331	-0.0024034110307553	5.776384582756731e-06	0.0017507541762996	0.0038755632681244	-0.0080232012871164	1.501999064523508e-05	6.437175889358628e-05	-0.0587238133633007	-0.0076028716243712	5.780365693666884e-05	0.0034484862559277	-0.0007246234033074	-0.0003935685363304	1.548961927892534e-07	5.250790766207989e-07	-0.0009029021651134	7.735222000003918e-08	8.152323197664654e-07	5.98336593893446e-15	-0.000271827552909	-0.0001496780930761	7.38902185204952e-08	2.2403531546927585e-08	0.0	0.0	0.0	0.0	0.0	0.0	0.0	0.0	0.0	0.0	0.0	0.0	0.0	0.0
872.0445434378694	-0.4629242680827019	0.2142988779799053	760461.685739762	1127.6928698132922	-2.6351614998770856	1271691.2086277388	6.944076130434452	793.7740184799852	-0.0647111874130814	0.0041875377764109	630077.192413864	842.3367591874247	705.5523359011714	1.313962	24.838465	0.1175841601255698	0.0587282300646323	0.0356305648	-0.1027402036	0.0252681359	-0.0460064909	0.1829365429	0.0102535949	0.0065449508	-0.0382258637	0.0935997346	0.0424942507	-0.0172486628	-0.0146391204	-0.1982176489	-0.0535530678	-0.2435798004	0.0859753175	0.0697719752	0.1528758507	0.0231686614	0.2249944244	-0.369627174	-0.0814193313	0.0209242049	0.0316443526	-0.0265427147	0.0193602372	-0.1847044242	-0.1080674979	-0.1097932143	-0.1501203206	-0.0014561694	0.0548414103	-0.1601402645	-0.0235853012	0.0187601492	-0.1602230457	0.0157918859	0.0852005556	-0.1432972649	0.202025899	0.1539614224	-0.3064442788	0.2558686069	-0.0051201161	-0.1112869485	0.0811759931	-0.2776822998	0.0132691841	0.0552372882	0.0137723333	0.1571520467	-0.0327901776	0.2943776154	-0.1273492523	-0.1437062367	0.0953136794	-0.055911484	-0.0499642712	-0.1242038795	0.0268898007891067	-0.0149522136975264	0.0002235686944564	0.0007230613864778	-0.0226931636538267	-0.0265687269219511	0.0005149796766193	0.0007058972502532	-0.074917241786963	-0.0161934284236623	0.0002622271241122	0.0056125931169662	-0.0016287506079286	-0.0009041272046212	8.174460021361452e-07	2.6528285428277844e-06	-0.0009020411952676	8.609698458000121e-07	8.136783179598004e-07	7.412690753768967e-13	-0.0005642352000906	-0.0002924076471816	3.183613610212794e-07	8.550223213027907e-08	0.0	0.0	0.0	0.0	0.0	0.0	0.0	0.0	0.0	0.0	0.0	0.0	0.0	0.0
873.1803597326536	1.135816294784263	1.2900786554974517	762443.9406228465	1132.2247648439206	4.531895030628448	1281932.918125871	20.53807256863482	793.2765789005455	-0.4974395794397424	0.2474461351931877	629287.7306321533	845.3032057528662	717.4459852957243	1.789652	33.830666	0.424082823079284	0.3018464362756377	0.0348694721	-0.0715406418	-0.0142762937	-0.0347726736	-0.2050067086	-0.0023692055	-0.0945917869	-0.0269945613	0.1164145929	0.0027803308	-0.1078017368	0.1219283136	0.0018749003	0.0198971536	-0.3088295489	-0.2258035531	0.0690794925	-0.2131958529	0.1534682594	-0.1883567933	0.08989043	-0.1294155686	-0.1854817312	0.0338140344	-0.0106881427	0.1401441832	-0.1302262691	0.2599472654	-0.0224607945	-0.2422227995	0.313967984	0.1266526979	-0.1418179893	-0.0317850123	0.0989641065	-0.0789855103	-0.2808067318	-0.3112882997	0.2262047301	-0.2425806709	0.1262251476	-0.1052204138	-0.1315608274	-0.0562781884	-0.227791224	0.1441250111	-0.0401602733	-0.0243009703	0.3827968259	-0.2315784194	-0.2516170286	0.0257117034	0.0091929403	-0.1025773078	-0.1308991954	0.0939066302	0.1224830147	-0.055595093	-0.1165920251	0.0491349490639265	0.0222451482748198	0.0004948466217687	0.0024142432195146	0.2659192795300527	0.2886124431838793	0.0707130632257822	0.0832971423605679	-0.0812702675719379	-0.0063530257849748	4.03609366245558e-05	0.0066048563912143	-0.000605762446895	0.0010229881610336	1.0465047776149069e-06	3.669481420682177e-07	-0.0016657255022731	-0.0007636843070055	2.774641448922971e-06	5.832137207664707e-07	-0.0009150068487637	-0.0003507716486731	8.372375332844764e-07	1.2304074951284469e-07	0.0	1.0	0.0	0.0	0.0	0.0	0.0	0.0	0.0	0.0	0.0	0.0	0.0	0.0
870.4037224058602	-2.776637326793434	7.709714844542588	757602.6399779777	1124.976192287632	-7.248572556288536	1265571.4332139797	52.54180410377933	792.397847436897	-0.878731463648478	0.7721689852057964	627894.3486226279	839.9672456424122	696.0518550902466	1.704935	32.229218	0.6427101707812988	0.5176656380892591	-0.0530191901	0.0017402926	0.0310626513	-0.0604040966	0.0069508817	0.0987036917	-0.086447303	0.1181438957	-0.0556243204	-0.0427813428	-0.1131465494	-0.1414083496	0.0260271534	-0.0342260748	-0.0233646326	-0.0549120234	0.0911999231	0.0207176412	-0.0178737888	0.2169082011	0.0943598626	0.0902534415	0.1944781502	-0.0634021196	-0.0997677397	0.0390042752	0.1039135852	0.0188191282	-0.0489027535	0.0662946834	0.1778560822	-0.0847907618	-0.2664512869	-0.0643386616	-0.1086632972	0.0138746919	0.1513203759	-0.015904414	-0.0940417922	0.134419962	0.1674626268	0.2790359633	0.102958338	-0.1928866296	-0.3288535698	-0.2856990858	-0.0556248723	0.0864295771	0.0995635705	-0.042347149	-0.2278888778	0.2357541567	-0.1038120652	0.0518016464	-0.2056371701	0.1636913009	0.1924559971	-0.0611443214	-0.1082959623	0.0285990416378609	-0.0205359074260656	0.0004217234938119	0.0008179051826041	-0.246550965814805	-0.5124702453448577	0.0607873787442131	0.2626257523638187	-0.0492526581502374	0.0320176094217004	0.0010251273130805	0.0024258243348641	-0.0002542228272406	0.0003515396196544	1.235801041867602e-07	6.462924589020394e-08	-0.0008599345638977	0.0008057909383753	7.394874541859275e-07	6.492990363679075e-07	-0.00051860923502	0.0003963976137436	2.689555386480297e-07	1.571310681816995e-07	0.0	0.0	1.0	0.0	0.0	0.0	0.0	0.0	0.0	0.0	0.0	0.0	0.0	0.0
867.2317253385636	-3.171997067296616	10.06156539493833	752090.8654337018	1119.8566955352997	-5.119496752332452	1254079.0185352408	26.209246997142525	792.9828161841805	0.584968747283483	0.3421884352984074	628821.7467633937	840.2643921421222	689.8331067306258	1.50851	28.516092	0.3789213908389723	0.2392467804081848	0.0387339228	0.0449880875	-0.0257288566	0.1846956636	0.0265498763	0.0276814035	0.0771391099	0.0055894987	0.1313140927	0.03940052	-0.0484834352	-0.0146713202	0.016023719	0.0313888275	-0.0330665292	0.0676687254	0.1817099263	0.1343360803	-0.1331768329	-0.1801469127	0.0174341376	-0.000259821	0.1090666828	0.0273777	-0.0140025803	-0.0013834729	-0.1115689841	-0.0296276903	-0.035065029	-0.141416116	-0.187368646	-0.1151008173	0.1511532078	0.0345109538	-0.013171001	0.0493875992	0.0637001395	0.0687692142	-0.1213675004	0.1733957843	0.1577745943	0.0185125696	-0.1589979417	-0.0080987413	0.000753813	0.0438141949	0.1649848287	0.1963602955	0.1303554933	-0.1773344919	0.2261958176	0.010967091	-0.1585665808	0.0390702824	-0.1865412873	-0.0220859425	-0.1417321311	-0.066603812	-0.0993643757	0.0489921042909315	0.0203930626530706	0.000415877004372	0.0024002262828535	-0.019767889010211	0.226783076804594	0.00039076943592	0.0514305639249583	-0.1275992726418451	-0.0783466144916077	0.0061381920022965	0.0162815743787279	-0.0008997742615266	-0.000645551434286	4.167366543087118e-07	8.095937217057383e-07	-0.0012147941124454	-0.0003548595485476	1.475724735632007e-06	1.2592529919547737e-07	-0.0004510474800597	6.756175496030006e-05	2.0344382926820546e-07	4.564590733315631e-09	0.0	0.0	0.0	1.0	0.0	0.0	0.0	0.0	0.0	0.0	0.0	0.0	0.0	0.0
866.8828618531467	-0.3488634854169277	0.1217057314572469	751485.8961747017	1127.6787600217165	7.822064486416821	1271659.385804116	61.18469282966324	791.2502474937386	-1.7325686904418944	3.001794267099541	626076.9541589025	840.6691507670303	695.3366474905058	1.270603	24.018816	0.0684326956032022	0.0362640927248184	0.0293825728	0.034404098	0.0217353101	0.1890680281	0.0994328136	-0.0494136812	-0.0059985724	-0.0037427995	0.039890277	0.0026805691	0.0852697441	-0.0460525125	-0.0864251631	0.2077812652	0.0294659997	-0.0899728408	-0.039311983	0.0086524755	0.0723217135	0.0715062951	0.0184663212	-0.0472161614	0.2276012562	0.028803755	0.0194790696	-0.0237642502	-0.1467730339	0.0747388397	-0.0024391906	0.1192793309	0.1170275518	0.0571161761	-0.0167196096	0.0244364088	-0.0159444636	0.0099227807	0.0459453928	-0.0282908265	-0.0699827186	0.0975799971	0.1972149522	0.0173794007	-0.0708474887	-0.0017884524	-0.0368969577	-0.0246741561	-0.0519223929	0.1748459811	0.1365054118	0.1430394777	-0.1890148206	-0.0337355664	-0.0386615652	0.0253309833	0.1835099623	0.0151477679	-0.391666325	-0.0719655524	-0.0898496795	0.0426866053430643	-0.0063054989478672	3.975931698155438e-05	0.0018221462757145	0.0056839774612598	0.0254518664714708	3.23075997801094e-05	0.0006477975068815	-0.1090491819611259	0.0185500906807191	0.0003441058642629	0.0118917240863907	-0.0009041785925972	-4.404331070600033e-06	1.939813217945283e-11	8.175389273110533e-07	-0.0009198251859936	0.0002949689264518	8.460783727881607e-07	8.70066675721274e-08	-0.0003879159475192	6.31315325405e-05	1.5047878233971872e-07	3.98559040091221e-09	0.0	0.0	0.0	0.0	0.0	0.0	0.0	0.0	0.0	0.0	0.0	0.0	0.0	0.0
858.4511349218341	-8.431726931312596	71.09401904422214	736938.3510485849	1123.8149890499517	-3.86377097176478	1262960.129613343	14.928726122252147	789.7666952799026	-1.483552213835992	2.200927171177673	623731.4329733385	840.4237067952997	669.5686712309509	1.464349	27.681301	0.1418645093469518	0.0778756105434626	0.0393773394	0.223324853	0.0545705029	0.2081971204	0.2091842306	-0.003652861	-0.047092555	0.0292533322	0.2832052397	-0.0182668941	0.1718862951	0.0287526018	-0.1722432507	0.3188220496	0.1447915447	-0.1950209639	0.1427468538	-0.0124746665	0.106490667	-0.0041399502	-0.1781508792	-0.0425816743	0.1146285063	0.0249271823	0.0603462169	-0.0122700512	-0.4209401195	0.0395886969	0.2108231028	0.112206963	-0.0338492338	0.1792101543	0.0293469985	0.0209145845	0.006706896	-0.0608018873	0.0705199071	0.1074174032	-0.0995869297	0.1331213935	0.3484124604	-0.0783839885	0.0533867193	0.1770651202	0.0970186621	0.2477308327	0.1644097057	0.1719641326	0.1843543826	0.2349850546	-0.1891316327	-0.0158590448	0.1370874073	0.0836970891	0.3250177981	0.0799422172	0.3033938038	-0.0772216734	-0.0798077096	0.0326274617299162	-0.0100591436131481	0.0001011863702299	0.0010645512589371	-0.0180008713412149	-0.0236848488024747	0.0003240313690429	0.000560972062796	-0.1058174708592218	0.003231711101904	1.0443956646170176e-05	0.0111973371390422	-0.0019902013574879	-0.0010860227648907	1.179445445860841e-06	3.96090144334668e-06	-0.0004350901938665	0.000484734992127	1.893034767987886e-07	2.3496801259245966e-07	-0.0009149343070899	-0.0005270183595707	8.371047862900754e-07	2.777483513245917e-07	0.0	0.0	0.0	0.0	0.0	0.0	0.0	0.0	0.0	0.0	0.0	0.0	0.0	0.0
861.3944170007059	2.943282078871789	8.66290939580784	742000.3416399859	1121.9915364939015	-1.8234525560501424	1258865.007963946	3.324979224165798	790.2276052758823	0.4609099959797049	0.2124380243940116	624459.6681400556	842.3188613793579	662.1039586756871	1.64053	31.01173	0.2491559372638986	0.125007988290802	0.0101732943	0.3283080672	-0.0120492247	0.1892471482	-0.0953191574	-0.0955244135	0.0518003678	0.048752228	0.184667304	-0.0129301714	0.163842615	-0.0585113687	0.0503293185	0.1824285432	0.0221521099	-0.1993883002	-0.0293852733	0.1949797155	0.1268997018	0.2697781698	-0.0667816045	0.0673211586	-0.2154811854	0.0728590015	0.1497504006	-0.0243233341	-0.1133465037	0.1501120359	0.1084794512	0.260035252	0.2847554043	-0.2592369502	-0.0608013499	0.0521954698	0.0580404353	0.153958135	0.1410955573	0.0120554354	0.3692199179	0.0534997883	0.3231714595	0.0607440018	-0.0537730486	0.0178273419	0.1309816274	0.0807477448	0.1076073515	-0.0895797739	-0.0190744847	0.0448336517	0.3553789829	0.4448316423	-0.1551172428	-0.3118924698	0.1581062146	0.0783577595	0.0101471811	-0.0823644609	-0.0692973963	0.0098831467127098	-0.0227443150172064	0.0005173038656019	9.767658894494651e-05	0.0158556777589353	0.0338565491001502	0.0002514025171951	0.0011462659169708	-0.1984914604995538	-0.092673989640332	0.0085884683558563	0.0393988598912459	-0.0019893588880322	8.424694557000387e-07	7.097547837875194e-13	3.957548785392711e-06	-0.0012957230036223	-0.0008606328097558	1.678898102115995e-06	7.40688833228163e-07	0.0002212120838228	0.0011361463909127	4.893478602922549e-08	1.2908286215839538e-06	0.0	0.0	0.0	0.0	1.0	0.0	0.0	0.0	0.0	0.0	0.0	0.0	0.0	0.0
863.4233258186958	2.0289088179899863	4.116470991717524	745499.8395678177	1096.8243347914902	-25.167201702411376	1203023.6213907949	633.388041529858	788.1008500270286	-2.1267552488536694	4.523087888526633	621102.9498133251	834.3955014737311	686.3704328700136	1.859332	35.147861	0.3682470069770246	0.1821863225281711	0.1727705355	0.1252399547	0.0669367825	0.2730083685	-0.2162868808	0.1790678492	0.2810157404	0.0691089969	0.2981675398	-0.087497674	0.2240334092	-0.0365225294	0.1081569081	-0.0976569239	-0.0062223805	-0.1856227697	0.2702728843	0.4345779371	0.1573273291	0.2053055524	0.2645772157	-0.128143755	-0.0392911669	-0.0939076648	0.1815389823	-0.1549043271	-0.0938199996	0.1112351214	0.1600221026	-0.2208606207	-0.0779973691	-0.5336601289	-0.2338643416	0.0601451442	0.1638181343	0.2411534026	0.3715998843	0.202648624	0.4674778728	0.0589281545	0.1222370958	-0.1414817808	0.1218657463	-0.3491186293	-0.1035170546	-0.0763840562	-0.0726787064	-0.1694101992	-0.1358937242	-0.057170976	-0.1512020607	-0.3079553262	0.0662492606	0.1443999488	-0.0158368996	-0.0230735305	-0.1043844727	-0.0873863672	-0.0583804184	-0.042816809329409	-0.0526999560421188	0.0027772853668412	0.0018332791611509	-0.0464263507145403	-0.0622820284734755	0.0021554060406694	0.0038790510707708	-0.331580049993974	-0.1330885894944202	0.0177125726536142	0.1099453295540063	-0.0021360709790341	-0.0001467120910019	2.152443764614986e-08	4.5627992274717e-06	0.0008938364121771	0.0021895594157994	7.989435317336306e-07	4.79417043531581e-06	0.0001539549312839	-6.72571525389e-05	2.3702120866630373e-08	4.5235245676408635e-09	0.0	0.0	0.0	0.0	0.0	1.0	0.0	0.0	0.0	0.0	0.0	0.0	0.0	0.0
864.6542326153315	1.2309067966356224	1.5151315420037694	747626.9419796077	1115.116718105503	18.292383314012795	1243485.2949983878	334.61128730677376	790.2010449660172	2.1001949389885795	4.410818781753243	624417.6914653855	835.9834137289631	675.4580644663904	1.994485	37.702717	0.4264887210267987	0.2648679161841342	0.0021846783	0.1776222381	-0.0447631533	0.0590285543	-0.0054572469	0.0234902703	0.1263756442	-0.0216960901	0.1325166753	0.0042506877	0.0710039474	0.0923965531	0.1176465509	-0.2505560693	0.132556025	0.0945725564	0.2492203504	0.0499444647	-0.0016494925	-0.17697144	-0.11466679	-0.2951457235	-0.0598807092	-0.0161391664	0.0186996357	-0.0501634672	0.0727354401	-0.0174527755	0.1939064092	-0.2280152566	-0.3813723294	0.0730012442	0.0335431667	0.0647742606	-0.0465949119	0.1177788194	-0.0119313435	0.0599336971	0.1487890537	-0.1658659214	0.0197758891	-0.1507260195	0.0654346679	0.2744090284	-0.0305741718	-0.00043313	0.0363774145	0.0189610248	-0.0157329444	0.1010924014	-0.0640652666	-0.1771574613	-0.0823499774	-0.1326364681	-0.3252246377	-0.271926622	0.2062808976	-0.092280022	-0.0471208409	-0.0431224893765715	-0.0003056800471625	9.34402912332717e-08	0.0018595490900325	0.0849656939249143	0.1313920446394546	0.0072191691441422	0.0172638693945364	-0.0921394027831326	0.2394406472108414	0.0573318235367466	0.0084896695452323	-0.0015770080378501	0.000559062941184	3.1255137220530493e-07	2.486954351443822e-06	0.0004699767379219	-0.0004238596742552	2.208781341877103e-07	1.7965702345972428e-07	2.987056413629647e-05	-0.0001240843671476	8.922506018206008e-10	1.5396930170421272e-08	0.0	0.0	0.0	0.0	0.0	0.0	1.0	0.0	0.0	0.0	0.0	0.0	0.0	0.0
865.4150148766801	0.7607822613485951	0.5787896491826819	748943.1479740044	1125.049703424627	9.9329853191241	1265736.835175841	98.6641973499349	790.4842928274948	0.2832478614775482	0.0802293510316043	624865.4172069845	838.0783676811834	681.422969064668	1.270151	24.010288	0.1801948562067179	0.1120155274779422	-0.0182092124	0.1262898281	-0.0575334882	0.1270766025	0.1464363488	-0.0694658418	-0.0287785799	-0.0675173774	-0.0594045781	0.0070847962	0.0666299989	-0.0076999271	0.1585019218	0.0129242582	0.1968822318	-0.0995238354	-0.1965808568	-0.1229303392	-0.0745189905	0.0091692413	-0.0707929309	-0.0119565847	0.0051739894	0.0190825103	0.001295515	-0.0341816319	0.1304475599	0.0867145621	0.1196907893	0.1984468225	-0.0405449129	0.1008583541	0.1121378612	0.056722561	-0.1143860978	0.132305406	0.0045982439	0.0725608824	-0.0768543575	-0.1288763472	0.0590307087	-0.04463706	0.0365508223	0.2859204456	0.0015737771	-0.2134040419	-0.1175503256	0.1073753091	-0.1277034481	0.1119195585	-0.0622429761	0.0945795251	0.1315132136	0.001182694	0.1017674084	-0.0538252747	-0.1687878536	-0.0970382431	-0.0355847396	-0.0337206493981341	0.0094018399784374	8.839459498014382e-05	0.0011370821958318	-0.0063857980312462	-0.0913514919561605	4.0778416495867846e-05	0.0083450950826164	-0.0443485845314484	0.0477908182516841	0.0022839623091655	0.001966796949943	-0.0020870064154914	-0.0005099983776413	2.600983451967582e-07	4.355595778302263e-06	0.0003469695368052	-0.0001230072011167	1.2038785947081506e-07	1.513077152656429e-08	2.986202248557988e-05	-8.541650716592521e-09	8.917403869292781e-10	7.29597969642655e-17	0.0	0.0	0.0	0.0	0.0	0.0	0.0	0.0	0.0	0.0	0.0	0.0	0.0	0.0
860.2500582703435	-5.1649566063365455	26.676776745339524	740030.1627541294	1125.697580937739	0.6478775131120074	1267195.0437290776	0.4197452719961992	789.4014426537781	-1.082850173716679	1.1725644987182418	623154.637663866	837.6086520318216	663.3497170719722	1.198552	22.656805	0.0640595368739205	0.0309448559018469	0.006275356	0.2559630412	0.0495108259	0.0147114666	0.2530582808	-0.0392260231	-0.1053271013	0.0262110396	0.1668883345	-0.0045651483	0.0814665024	0.0015474888	0.130534013	-0.0441884307	0.1337166083	0.0970957474	0.1133052882	-0.1580428249	0.1133629248	-0.06315199	-0.1815058982	-0.2030157557	0.0274293331	0.0045404354	0.0010433821	-0.0567237238	0.0269900081	0.0290518441	0.1527179406	0.0566783664	-0.0825111754	0.0760209359	-0.0690088894	0.0660978397	-0.1067640328	0.114277336	0.0707418084	0.1222867966	0.0143283335	-0.1284322605	0.0098366864	-0.0481610775	0.1639663218	0.2709484832	-0.1055213354	0.0258318541	-0.0404135036	0.0717839301	0.0353109464	0.0664431854	-0.1569358171	0.0952791146	-0.0636899898	0.0520010725	-0.1246844957	-0.2179557446	0.0025312115	-0.1016540472	-0.023839813	-0.0470691820557078	-0.0133485326575737	0.0001781833241103	0.0022155078993933	-0.026272075717344	-0.0198862776860977	0.0006902219624978	0.0003954640402085	-0.0539587660029496	-0.0096101814715011	9.235558791518488e-05	0.002911548428561	-0.0019760064559847	0.0001109999595067	1.2320991010489109e-08	3.9046015140932135e-06	0.0006599701987719	0.0003130006619667	4.355606632670213e-07	9.796941439159245e-08	3.0152302187136187e-05	2.902797015563079e-07	9.091613271843775e-10	8.426230513561918e-14	0.0	0.0	0.0	0.0	0.0	0.0	0.0	0.0	0.0	0.0	0.0	0.0	0.0	0.0
868.958107873751	8.708049603407517	75.83012789540581	755088.1932395295	1124.15244960118	-1.5451313365590522	1263718.7299443337	2.387430847216763	791.8448085652274	2.443365911449291	5.970036977232425	627018.2008517015	838.4162327550633	669.0364095056038	1.382876	26.141171	0.110521355683173	0.0722589814425037	-0.0182134321	0.1668292639	-0.0355439643	0.0086171557	-0.0655220961	-0.0759426247	-0.0845281973	0.0461600073	-0.05516191	0.0296479874	-0.0362582756	-0.0913631445	0.0786953718	-0.098474763	0.1212446311	0.1010487503	0.0335940571	-0.0117765741	-0.090107268	0.002965258	0.1705613701	0.1276867273	-0.128076294	0.0118092707	-0.0629873809	-0.0473978562	0.1510858873	-0.1264934119	0.0811814938	0.0340678179	-0.0630365184	-0.1549753412	0.0999148928	0.0733373602	-0.0921922363	0.116061257	0.0012975892	0.1202741002	0.1434640385	-0.1565746566	-0.1540002923	-0.0185313192	0.0712767496	0.1244508075	-0.0220874553	-0.0839110369	0.0594090445	0.1733720301	0.0075908466	-0.1294213955	0.0402204337	-0.0805783091	-0.0321724845	-0.0023780821	0.1574389332	0.2024595229	-0.0178353942	-0.10612066	-0.0119549848	-0.0498021695075152	-0.0027329874518073	7.469220411736685e-06	0.0024802560876552	0.0275614104640453	0.0538334861813893	0.0007596313467675	0.0028980442344418	-0.0927586065382115	-0.0387998405352619	0.0015054276255617	0.0086041590869107	-0.0016730109079937	0.0003029955479909	9.180630210236637e-08	2.798965498265904e-06	0.0006599753897853	5.1910133999459596e-09	4.355675151222587e-07	2.6946620118418515e-17	3.0052210897246203e-05	-1.0009128988998361e-07	9.031353798125633e-10	1.0018266311840735e-14	0.0	0.0	0.0	0.0	0.0	0.0	0.0	0.0	0.0	0.0	0.0	0.0	0.0	0.0
868.9367947400447	-0.0213131337063714	0.0004542496683856	755051.1532531026	1119.5974946455522	-4.554954955627864	1253498.5500165971	20.74761464779883	788.7473827038422	-3.0974258613852044	9.594046966777876	622122.4337221612	835.1266159504163	697.688034689445	1.165777	22.037254	0.0782077677688052	0.04533030806837	-0.0080100939	-0.0356462545	-0.078283842	-0.0220585801	0.0207887355	0.0113361185	-0.0439892132	0.0693873621	-0.1357243651	-0.050918227	0.067116276	-0.0579022178	0.114674598	0.0247695443	0.22690661	0.1811975984	-0.1668597705	-0.0783475507	-0.1165679726	0.0944101064	0.0546746741	0.0230762787	-0.1952516527	-0.0501718685	-0.0223238756	-0.0828631799	0.1092191488	-0.0650032317	0.0520174641	0.2411357689	-0.1384600801	0.0048092567	0.131656979	0.0626743632	-0.1023851966	0.0850714035	0.0376928357	0.0598595791	0.0289689386	-0.1262488263	-0.1996422702	-0.0477543384	0.0589350772	0.1136150871	-0.0201783147	-0.1403364682	0.1317258293	-0.0011068643	-0.0985033648	-0.2032000322	-0.1510124753	0.1291675713	0.0957685534	-0.0827020296	0.14509725	0.1873303476	0.0264787758	-0.1104315261	-0.0	-0.054977243149338	-0.0051750736418228	2.6781387198289154e-05	0.0030224972643014	-0.0118575374847722	-0.0394189479488175	0.0001406011952027	0.0015538534573915	-0.1080349075084541	-0.0152763009702426	0.0002333653713334	0.0116715412403602	-0.0014769549051767	0.0001960560028169	3.8437956240579475e-08	2.181395791925515e-06	0.0006606036005825	6.282107972000297e-07	4.3639711710256324e-07	3.946488057186968e-13	-0.000140012479647	-0.0001700646905442	1.960349445690159e-08	2.8921998969910225e-08	0.0	0.0	0.0	0.0	0.0	0.0	0.0	0.0	0.0	0.0	0.0	0.0	0.0	0.0
870.0915005065989	1.1547057665542295	1.3333454073135913	757059.2192538248	1126.6556165468442	7.058121901291997	1269352.8782965494	49.81708477349776	792.5865379195551	3.839155215712936	14.739112770335836	628193.4200913063	839.9758164639306	695.7969235947492	1.123129	21.23105	0.0924979009760785	0.0497298904277952	-0.0045519236	0.018418757	-0.0986140838	-0.0907126061	0.0578825943	-0.049909699	-0.06577642	-0.0010214188	-0.0998231545	0.0603522015	-0.0778500545	-0.0512886395	0.116550413	-0.0745350859	-0.0313106227	0.0406597616	-0.0330461346	0.0869716564	0.0077856227	0.0739455022	-0.0444471533	0.0586462749	0.0846543079	0.0343306409	-0.091027894	0.0158116607	0.1340311545	0.0181452712	-0.038908932	0.027001775	-0.0343438266	-0.0808190314	-0.0040928777	0.0789800061	-0.094421844	0.0790333462	-0.0538279996	0.0431658525	0.0254903075	-0.1142815468	-0.1537507082	0.0277534239	0.1046694839	0.0004147127	0.0520646504	0.027441482	-0.0279061518	0.0935980412	0.1540345466	0.0741853779	0.1104821386	-0.0449494935	0.0847054859	0.0812372017	0.0199155522	0.2741953596	-0.1276631763	-0.1145803187	0.0119549848	-0.0378995595051776	0.0170776836441604	0.00029164727865	0.0014363766106864	0.0309293513126647	0.0427868887974369	0.0009566247726222	0.0018307178529642	-0.1019073899375229	0.0061275175709312	3.754647158207064e-05	0.0103851161238783	-0.001643961977711	-0.0001670070725343	2.7891362276476945e-08	2.7026109841594622e-06	0.0003716765613297	-0.0002889270392528	1.3814346624187025e-07	8.347883401138907e-08	-0.0002141945871309	-7.418210748390001e-05	4.5879321156176725e-08	5.5029850707528944e-09	0.0	0.0	0.0	0.0	0.0	0.0	0.0	0.0	0.0	0.0	0.0	0.0	0.0	0.0
873.1629469773872	3.07144647078826	9.433783422917656	762413.5319742354	1126.080471759076	-0.5751447877680675	1268057.2288771437	0.3307915268967754	792.8976082198311	0.3110703002760147	0.0967647317138099	628686.6171207288	838.9381454870753	703.310034344022	1.021367	19.307392	0.0856677314040115	0.0362347446610706	0.0105602617	-0.097908143	-0.1030358476	0.0477651629	0.0030477745	-0.0305185816	-0.1038732377	0.0243543279	-0.0833596754	0.0634629275	-0.112567894	-0.155888816	0.0542695742	-0.0631099837	-0.0986735765	0.1559167846	0.115735206	0.0813235034	0.034829051	-0.0920034818	0.0491625887	-0.0870859888	-0.0016500898	0.0064189033	-0.1667338531	-0.0268511276	0.0460194453	-0.0440699894	-0.1457603264	-0.0788512363	-0.0854775243	-0.1478837915	0.0213833274	0.0680957647	-0.1003177117	0.0396629822	-0.029199143	-0.0156768348	0.0566610931	0.0469245629	-0.2271680161	-0.1071727011	0.058134538	-0.0377188301	0.0750416502	0.0121600256	0.0588074029	0.147713703	0.2376760164	0.0345383915	0.0826841047	0.0694548384	-0.0386873834	0.0612415656	-0.1502015006	-0.0392048241	-0.0027781854	-0.1185609488	0.023839813	-0.0330318085487419	0.0048677509564356	2.3694999373880655e-05	0.0010911003760007	0.0396321881915469	0.0087028368788822	0.0015707103408501	7.57393697404321e-05	-0.1270045007940154	-0.0250971108564925	0.000629864973343	0.016130143221937	-0.0020280022640123	-0.0003840402863012	1.4748694150238445e-07	4.112793182839015e-06	5.8970564787319546e-05	-0.0003127059965423	3.477527511335452e-09	9.778504027356325e-08	2.9059784269443124e-05	0.0002432543714003	8.44471061786574e-10	5.917268920537608e-08	0.0	0.0	0.0	0.0	0.0	0.0	0.0	0.0	0.0	0.0	0.0	0.0	0.0	0.0
873.1388608525557	-0.0240861248314558	0.0005801414093964	762371.4703308986	1126.7929831017982	0.7125113427221095	1269662.4267674494	0.5076724135076633	792.5404900350558	-0.357118184775345	0.1275333978972375	628120.4283450063	840.2092180163582	705.9629974216919	1.053065	19.906591	0.0198898798476862	0.0114154116835283	0.0249264169	-0.1251432044	-0.1114475199	-0.0195868922	-0.0321354001	-0.0749473691	-0.0638717927	-0.0089217512	-0.0855294563	0.0714130952	-0.0686130167	-0.0548800017	0.1047593153	-0.1404163921	0.059570504	-0.0246295137	0.0611764696	0.1377693502	0.0092797181	-0.0843613176	0.0139553545	0.2127299828	-0.0232211898	0.0481808419	-0.1087151032	0.0169837798	0.114232386	-0.0349769205	0.0476763544	-0.0369286073	-0.0777959645	-0.1769898939	0.0317468209	0.0719112275	-0.1056090857	0.0581240221	-0.0848190726	0.0170177404	0.0506161085	0.0009553791	-0.1494297657	0.0323241304	-0.0350750718	-0.1030673238	-0.0117172476	-0.0245325939	0.1233864884	-0.0240039594	0.1103971722	-0.0004852313	0.1041760039	0.0745764325	0.3295319459	0.1415631863	-0.0556833143	0.0134547424	-0.1285908571	-0.1223675745	0.0355847396	-0.0209823626629912	0.0120494458857507	0.0001451891461536	0.0004402595429212	0.0396879668075342	5.577861598729528e-05	0.0015751347093159	3.111254001458152e-09	-0.1256969413107924	0.001307559483223	1.709711802166407e-06	0.0157997210548887	-0.0020279985286665	3.735345800032208e-09	1.3952808245818257e-17	4.112778032273489e-06	0.0001050555020996	4.608493731228046e-05	1.1036658521399062e-08	2.1238214470768197e-09	-5.4393460326982064e-05	-8.345324459642519e-05	2.9586485263429722e-09	6.96444403367077e-09	0.0	0.0	0.0	0.0	0.0	0.0	0.0	0.0	0.0	0.0	0.0	0.0	0.0	0.0
871.4736030128447	-1.6652578397109892	2.7730836727189105	759466.2407481893	1126.9578733644285	0.1648902626302515	1270034.0483380752	0.0271887987102733	792.231407579361	-0.3090824556948064	0.0955319644183319	627630.6031551756	839.2208939633312	698.3454368036605	1.029696	19.464848	0.0399734589510425	0.0261219589699099	0.0139213759	-0.0552349755	-0.1337487377	-0.1249080721	-0.0156206161	-0.0596775382	-0.0574926175	0.0312676088	-0.0703701102	0.0457065163	-0.0894728143	-0.0307561592	0.1417926812	-0.1238943239	0.0215238311	-0.0514915573	-0.013383914	-0.0319300525	0.1104643642	0.0014769541	-0.0006907228	0.0016931774	0.1502605106	0.0245846101	-0.0919642206	-0.0101017229	0.1661833187	0.0924979298	0.0125475852	-0.0754016476	-0.0170015208	0.0754892496	0.0139654969	0.0711447749	-0.1221040351	0.0327908437	-0.016459703	-0.0899465583	0.0222099229	-0.0216329531	-0.0928422454	0.0533476634	0.0058103747	-0.0166748926	0.1368239026	-0.0774476979	-0.1165036095	-0.1309673211	0.2076572072	0.2412457413	0.0739622239	0.0460799309	0.0900022549	0.0111840556	-0.1183192202	0.0401396319	-0.082952905	-0.1259946088	0.0471208409	-0.0210461358764462	-6.377321345499981e-05	4.067022754376969e-09	0.0004429398353298	0.0153214786637647	-0.0243664881437694	0.0002347477084441	0.0005937257444604	-0.1248280378053294	0.0008689035054629	7.549933018058811e-07	0.0155820390223287	-0.0019100017285287	0.0001179968001377	1.3923244842759913e-08	3.6481066029826216e-06	1.2972294432200826e-05	-9.208320766739918e-05	1.6828042283570854e-10	8.479317134317362e-09	2.9012413634920504e-05	8.340587396190257e-05	8.417201449237211e-10	6.956539811348777e-09	0.0	0.0	0.0	0.0	0.0	0.0	0.0	0.0	0.0	0.0	0.0	0.0	0.0	0.0
876.2199612232822	4.746358210437506	22.527916261787528	767761.4204461302	1127.240036224152	0.2821628597234848	1270670.099266627	0.079615879407335	795.2246257585676	2.9932181792066785	8.959355068333345	632382.205412854	842.1496423888768	707.2829161328068	1.131306	21.38562	0.0873681698806161	0.0618998570026545	0.0089619114	-0.1338646887	-0.0740152367	-0.1434366212	0.0961281961	-0.0503492028	-0.0989406871	-0.0077924917	-0.0745690993	0.125568876	-0.2099477132	-0.113631661	0.0391929671	0.01512218	-0.0917036972	0.1427106818	0.0109955984	0.1505863331	-0.0997744063	0.0959673157	-0.0086390074	-0.0229073929	0.1127037902	0.0736364761	-0.1990020577	0.0645960906	0.0565125516	-0.0347297935	-0.1433866386	-0.038859159	-0.0397913142	-0.0986425477	0.0248320037	0.0701496092	-0.1452054986	0.0577853423	-0.000289167	0.062943942	-0.0120278923	0.0355405553	-0.2091227605	0.1279868082	0.0550289785	-0.1757334764	0.0166739014	-0.0303626498	-0.0145529512	-0.0122842868	0.253997331	-0.0403288	0.0450553891	-0.0500704662	0.0337661116	-0.1485875157	0.0770815161	0.0502582088	0.1201652774	-0.1294367287	0.0583804184	-0.0273821219450951	-0.0063359860686489	4.014471946211296e-05	0.000749780602216	-0.045415059366519	-0.0607365380302837	0.0020625276172644	0.003688927051904	-0.1222322049374469	0.0025958328678825	6.738348277979128e-06	0.01494071192387	-0.0019909933487862	-8.099162025749997e-05	6.559642551935079e-09	3.964054514910887e-06	0.0001461100232933	0.000133137728861	2.1348138906768673e-08	1.7725654846291563e-08	-0.0001108544955225	-0.0001398669091574	1.2288719177547974e-08	1.956275227725012e-08	0.0	0.0	0.0	0.0	0.0	0.0	0.0	0.0	0.0	0.0	0.0	0.0	0.0	0.0
876.0717158544358	-0.1482453688464602	0.021976689384423	767501.6513201352	1127.3895220989948	0.1494858748428669	1271007.1345386	0.0223460267775372	793.6664102737363	-1.558215484831294	2.4280354971680245	629906.3707967988	839.8796073483365	728.4928547701513	1.301357	24.600185	0.1173605881993359	0.0734911675596047	0.0064248974	-0.2815999286	-0.1668239108	0.067278214	0.0642955458	-0.0047388066	-0.1473396503	0.0482437631	-0.2121941378	0.1076451643	-0.1168835488	-0.1468850358	-0.0849113542	0.1603315483	-0.0525662125	0.2896201021	-0.0160605381	-0.0227842438	0.0190686945	-0.177149652	0.0061253917	0.0480118391	-0.1233274877	0.0408165762	-0.1967576364	-0.0106573673	-0.0768685411	-0.0813054637	-0.2255517779	0.079750938	-0.1580820748	0.0059710959	0.0519735319	0.0422809222	-0.1489655488	-0.004312132	-0.0324544374	-0.0238154382	-0.0161962549	0.2104857209	-0.194402399	-0.2848127325	0.0394581477	-0.1282664824	0.1226419473	0.036208725	-0.0109768795	-0.0755476422	-0.0766650664	-0.0125313308	0.0079335493	0.1554078539	-0.1632406439	0.0921702447	0.0655078902	-0.0475618026	0.2280185964	-0.1326888823	0.0692973963	-0.0209017572143608	0.0064803647307343	4.199512704334506e-05	0.000436883454648	0.0009458592046485	0.0463609185711675	8.946496350182931e-07	0.0021493347707624	-0.1221906554269622	4.1549510484698016e-05	1.7263618215180303e-09	0.0149305562736706	-0.0030620060158249	-0.0010710126670387	1.1470681329573493e-06	9.375880840947878e-06	0.0002239550966709	7.78450733776e-05	5.015588532487218e-08	6.059855449163928e-09	2.984287180018844e-05	0.0001406973673226	8.905969972824823e-10	1.979574917153552e-08	0.0	0.0	0.0	0.0	0.0	0.0	0.0	0.0	0.0	0.0	0.0	0.0	0.0	0.0
874.8991337792504	-1.1725820751853462	1.374948723045973	765448.4942876827	1133.1187162599365	5.729194160941688	1283958.0251385665	32.82366573376834	794.1691270597455	0.5027167860091595	0.252724166935379	630704.6023748382	843.9366680311357	728.0589491012122	1.141774	21.583513	0.1384643145330725	0.0731618649959769	-0.0268779403	-0.2106754007	-0.256774059	0.0645497481	0.0582278314	-0.0645178503	-0.1624168724	-0.0567942477	-0.1329924057	0.129991998	-0.128852024	-0.0600332113	0.0337699722	0.1756924725	0.0041224576	0.0060890639	-0.1003235345	-0.0074448027	0.1348388437	-0.0825576079	-0.2449350624	0.102474089	-0.1054324221	0.1015154441	-0.1668073811	0.1343274182	-0.0452171971	0.1254272654	-0.106862755	0.1892785101	-0.0198573103	-0.0197968976	-0.0061967849	0.0282525301	-0.1464580487	0.0188266406	-0.2146199594	-0.1165178973	-0.041831051	0.1872637198	0.074472352	-0.2106442782	0.0901762271	-0.184009753	0.1062221848	0.0983853498	0.0705662513	-0.0948771726	-0.270761511	-0.0815622947	-0.2388695473	0.1715025579	-0.0245984278	0.1519934659	0.0662989696	-0.1644517927	0.0626323177	-0.1357462967	0.0798077096	0.0071414927353572	0.0280432499497179	0.0007864238677423	5.100091848915966e-05	0.062923079504344	0.0619772202996955	0.0039593139343099	0.0038411758360769	-0.1012717601766723	0.0209188952502898	0.0004376001784926	0.0102559694092814	-0.0031270076465558	-6.50016307309001e-05	4.225211997676295e-09	9.778176821618444e-06	-1.966850383139373e-05	-0.0002436236005022	3.8685004296554976e-10	5.935245872170122e-08	-0.000212030877634	-0.0002418737494341	4.495709307024429e-08	5.8502910665352575e-08	0.0	0.0	0.0	0.0	0.0	0.0	0.0	0.0	0.0	0.0	0.0	0.0	0.0	0.0
868.8561443448863	-6.042989434364131	36.51772130383652	754910.9995658619	1124.5109971053116	-8.607719154624874	1264524.982610782	74.09282904489596	791.2537944088061	-2.9153326509393764	8.499164465633212	626082.5671663332	839.8185788358135	703.3480251738758	1.203045	22.741735	0.1711550634577975	0.0908779664810173	-0.003920247	-0.0660915142	-0.2040299916	-0.0033164351	-0.0114124821	-0.0725287281	-0.0740319888	0.0503642021	0.0774189285	0.0633653165	0.0042314199	-0.1000691382	0.0081485862	0.0527868831	0.1365963995	-0.0377342617	-0.0567177359	0.010816019	0.0889815982	-0.1872968321	-0.0618714287	0.0737171205	-0.0790315419	0.0449188032	-0.1038837638	-0.0476730583	-0.0484143506	0.0758899091	0.1048390433	0.1107769679	-0.0382992209	0.0316849257	0.122645852	0.0494331388	-0.1667737381	-0.0276649643	-0.0169421763	-0.0630780802	-0.0317397118	0.0513483435	0.0478352692	0.0774710534	-0.0643776265	-0.0369803219	0.1366386954	-0.0125603272	0.1277417374	-0.1762689451	0.0358521586	-0.0284086405	-0.1329216349	-0.0129859085	0.0510049778	-0.1912322745	-0.1450232958	-0.0802193058	-0.0955023468	-0.1386044847	0.0898496795	-0.0055255878907587	-0.0126670806261159	0.0001604549315885	3.053212153849917e-05	-0.0084398654220194	-0.0713629449263634	7.12313283417987e-05	0.0050926699085631	-0.0890032038833794	0.0122685562932929	0.0001505174735216	0.0079215703015064	-0.0020365502982877	0.0010904573482681	1.1890972283918966e-06	4.147537117455719e-06	-0.000256110399059	-0.0002364418952276	6.559253650616024e-08	5.5904769818822355e-08	-0.0003822612663788	-0.0001702303887448	1.4612367577352389e-07	2.897838525220573e-08	0.0	0.0	0.0	0.0	0.0	0.0	0.0	0.0	0.0	0.0	0.0	0.0	0.0	0.0
868.9736266199046	0.1174822750183466	0.0138020849434864	755115.1637609494	1125.079087744226	0.5680906389143274	1265802.9536793798	0.3227269740220888	791.0125498128368	-0.2412445959693059	0.0581989550843936	625700.8539614057	840.017075750336	698.0516701219241	1.019852	19.278757	0.0387580379039489	0.0241675241821456	-0.0415040407	0.0260975404	-0.2287251217	-0.0389609057	0.1395331663	-0.0680781437	-0.1131274403	0.0003377914	0.0856098894	0.0505626457	-0.0165954392	-0.0452300109	0.1398953829	0.0481084201	0.1784314865	-0.1437557961	0.0291394181	-0.1109486266	0.0844715177	-0.0831664562	-0.1391434263	0.0795516321	0.046723801	0.0523788698	-0.0734520681	0.038201424	0.0584153347	0.1271371329	0.1759558446	0.1601777996	-0.0080860664	0.0069190546	-0.0388908653	0.0561263803	-0.1812852567	0.038913388	-0.1310783866	-0.0198721897	-0.0826215955	-0.0192161178	0.1470399924	0.0786636801	-0.0088555891	0.0062350958	0.0235199802	0.0179009564	0.0912016239	-0.182025399	-0.0598825159	0.0229543248	0.0040525452	-0.1522355416	0.0853871024	-0.1446967202	0.042500975	0.0475378612	0.0403151411	-0.1412592515	0.0993643757	-0.0105404838313205	-0.0050148959405618	2.5149181294663224e-05	0.0001111017993983	-0.0084092644875966	3.060093442279997e-05	7.071572922235331e-05	9.364171875485043e-10	-0.0704866004040951	0.0185166034792843	0.000342864604409	0.0049683608365265	-0.0021950317790535	-0.0001584814807658	2.5116379745720716e-08	4.818164511054774e-06	-0.0002161967062472	3.991369281180002e-05	4.6741015792138095e-08	1.5931028738747363e-09	-0.0002767376889628	0.000105523577416	7.658374849247143e-08	1.1135225390670543e-08	0.0	0.0	0.0	0.0	0.0	0.0	0.0	0.0	0.0	0.0	0.0	0.0	0.0	0.0
863.4647019788982	-5.508924641006388	30.34825070028736	745571.2915635075	1121.6544947057337	-3.424593038492276	1258108.8054935748	11.727837479289756	788.2500962640712	-2.7624535487656203	7.631149609087769	621338.2142603175	836.2153721767864	676.726175619692	1.266971	23.950165	0.1030642824267789	0.0628887972641459	-0.0153498491	0.1444185084	-0.042380017	-0.0911968959	0.1437039576	-0.0655310895	-0.051135826	0.0727044597	0.1129207336	-0.0216086923	0.0877375985	-0.0662927389	0.0069009084	-0.0923259628	0.0553537771	0.0110640708	0.1325324192	-0.1308272515	-0.0894415446	-0.1218154115	-0.239965624	-0.1516783427	0.0940593223	-0.0074593449	-0.0224661938	-0.1290546168	-0.0006085951	-0.0034706966	0.1737517833	-0.0100054163	-0.0171024189	0.182800683	-0.0068778148	0.031501852	-0.1185679914	-0.1200273991	0.0500019879	-0.0626810697	-0.1229639746	-0.0261909482	0.1322762648	0.0806803581	0.1094343399	0.047947068	0.1325920713	0.0381577633	0.1129432359	-0.1595489716	-0.1362833584	0.0498675106	0.0072680959	-0.1190540627	-0.3992748736	0.0171807057	-0.1929171038	0.1471506556	-0.2265037291	-0.1437067008	0.1082959623	-0.0156015677617773	-0.0050610839304567	2.5614570551128043e-05	0.0002434089166253	-0.0088248943232969	-0.0004156298357002	7.787875981735784e-05	1.7274816032425806e-07	-0.1007353205092869	-0.0302487201051917	0.0009149850680022	0.0101476047981087	-0.0015281688796836	0.0006668628993699	4.447061265560297e-07	2.335300124833429e-06	-0.0004869762759596	-0.0002707795697123	2.371458933474805e-07	7.332157537363246e-08	-0.0006858721909891	-0.0004091345020263	4.704206623721885e-07	1.6739104074830848e-07	0.0	0.0	0.0	0.0	0.0	0.0	0.0	0.0	0.0	0.0	0.0	0.0	0.0	0.0
869.0604614880152	5.595759509116988	31.312524483873197	755266.085721762	1124.437075154765	2.7825804490312294	1264358.7359826025	7.742753955330838	794.0202043344977	5.770108070426545	33.29414714440155	630468.0848913975	841.5285547816013	679.613628666286	1.197731	22.641294	0.0464918060093028	0.0296972341661693	-0.0106228272	0.1249810115	-0.0929566795	-0.0589567957	0.1478143937	-0.0680115408	-0.1037887262	0.0031580697	-0.0045727226	0.1276779389	-0.1272938043	-0.0198962891	0.0744764695	-0.052972928	-0.0024353707	-0.1421916583	0.1190974549	-0.1121174194	-0.1254656005	0.1263183159	-0.1003531615	0.2059228905	0.181194045	0.1015042903	-0.1080163155	0.0976660865	0.1047047515	0.0409292325	0.0996240831	-0.0134862226	0.0180995108	-0.0032601416	-0.0994920055	0.0512776258	-0.1405512808	-0.015653658	-0.14978871	0.0070643588	-0.0961030533	-0.0305174125	0.1897920784	0.1305139937	0.1076779403	-0.1735222292	0.0382266526	0.0706995955	0.1484323169	-0.0033527102	-0.0885687213	-0.0912087712	-0.0477023735	-0.2830710873	-0.0696672448	0.0296559144	0.0236620726	0.0171719293	-0.0208349118	-0.1459432408	0.1165920251	-0.0131520627376602	0.0024495050241171	6.000074863174915e-06	0.0001729767542553	-0.0013056772492916	0.0075192170740052	1.704793079317679e-06	5.653862540601281e-05	-0.0948050002715064	0.0059303202377804	3.516869812262888e-05	0.0089879880764803	-0.001987131185722	-0.0004589623060383	2.106463983640859e-07	3.9486903492689216e-06	-0.0004869710287287	5.247230899947924e-09	2.3714078282108843e-07	2.7533432117368302e-17	-0.0005329844707904	0.0001528877201987	2.840724461037227e-07	2.3374654987555996e-08	0.0	0.0	0.0	0.0	0.0	0.0	0.0	0.0	0.0	0.0	0.0	0.0	0.0	0.0
863.765746034806	-5.2947154532091645	28.03401173045193	746091.2640230651	1119.23681352522	-5.200261629544912	1252691.044750088	27.0427210157171	788.8767176006036	-5.1434867338941785	26.455455781745403	622326.4755723025	835.6855588772738	675.0404865300488	1.953381	36.925701	0.0965337498153594	0.0626753109018429	0.0662060255	0.1350770404	0.0919968105	-0.1579013653	-0.0983468485	-0.0824766002	-0.0441708527	0.1275168458	-0.0038564689	-0.0194110237	0.1304559626	-0.1529648759	-0.4207806988	-0.2521998116	0.3322014396	-0.0115542166	-0.1499005323	0.0156571051	-0.0758044124	-0.0566261755	0.1288714148	-0.1430538954	0.2108716137	0.0007595198	-0.0523466787	-0.2134269988	-0.1039877851	-0.4029223048	0.1946648556	0.0066846151	0.1535557767	0.1884046925	0.1731167486	-0.0252168931	-0.0530489004	-0.4880283408	0.2189315694	0.2737174941	0.1602135796	0.1566896683	-0.0748589334	0.1737375464	-0.2557617279	0.2171076645	0.1363839721	-0.0214666676	-0.2250076744	-0.1978709722	0.1992652694	-0.1949044791	-0.0912627196	-0.0666107913	-0.0458320319	0.1307859308	0.1036569771	-0.1139464587	0.1016911842	-0.1479655889	0.1242038795	-0.0129532072385671	0.000198855499093	3.9543509519565774e-08	0.0001677855777652	-0.0534508626001155	-0.0521451853508239	0.0028569947126964	0.0027191203552717	-0.1140040709576197	-0.0191990706861133	0.0003686043152103	0.0129969281949099	-0.0020460239624934	-5.88927767714003e-05	3.468359155845986e-09	4.186214055097195e-06	-0.0004879052557147	-9.34226985999998e-07	2.3805153855402682e-07	8.727800613706407e-13	-9.299870896121748e-05	0.0004399857618291	8.648759868453234e-09	1.935874706124061e-07	0.0	0.0	0.0	0.0	0.0	0.0	0.0	1.0	0.0	0.0	0.0	0.0	0.0	0.0
873.7551877974188	9.989441762612728	99.78894672863127	763448.1282029026	1133.717893747183	14.481080221963111	1285316.262602549	209.7016843949312	795.0701141994089	6.193396598805293	38.35816143009298	632136.4864930611	844.187112267744	687.7534227148741	1.931505	36.512169	0.3647750553986238	0.2565930883627159	0.0014838178	0.0234716891	-0.0014337192	-0.240125379	-0.1879496075	-0.1135742924	-0.2433124498	-0.0279518498	-0.1188461308	0.0733233372	-0.2753738332	-0.0057279251	-0.3693486727	-0.2064453221	0.0261126915	-0.1810675568	-0.1897246391	0.0037443703	0.4025093102	0.0671106393	0.1459729579	-0.0061526343	-0.2248911147	0.0899564156	-0.2026071634	0.2604389147	0.042803536	-0.3212277496	0.0127691791	-0.0319419977	0.4307118327	-0.0984788746	-0.0717570118	-0.0531832564	-0.0276535704	-0.3907367889	-0.3750237792	0.1692426121	0.3456835435	-0.0384583832	-0.0325730445	0.1073213366	-0.0812632715	-0.0837937707	-0.362314768	0.0416326043	-0.0483143836	0.2109146576	-0.2939293389	0.3062401482	0.0753211292	0.0466597958	-0.033347695	-0.0199174569	0.0762599283	0.0029802548	-0.0526552141	-0.1497707771	0.1310868562	-0.0322048488450974	-0.0192516416065303	0.0003706257045462	0.0010371522891355	0.1939894339565739	0.2474402965566894	0.0376319004867919	0.0612267003600623	-0.0656879617412897	0.04831610921633	0.0023344464098043	0.0043149083177251	-0.0012430702841289	0.0008029536783645	6.447346095990811e-07	1.5452237312843043e-06	-0.0004878228616211	8.239409360002874e-08	2.379711443201989e-07	6.788786660170295e-15	-0.0002853027968846	-0.0001923040879233	8.139768591017534e-08	3.698086223204404e-08	0.0	0.0	0.0	0.0	0.0	0.0	0.0	0.0	1.0	0.0	0.0	0.0	0.0	0.0
857.4029234452037	-16.352264352215116	267.3965494447252	735139.7731323817	1086.135688088157	-47.58220565902616	1179690.732938734	2264.066295377861	779.052565785542	-16.017548413866848	256.5618571905684	606922.9002570363	821.6688613183663	698.7530881724499	2.841	53.704796	0.5627994001926475	0.3327353035072454	0.0170930979	-0.0688296707	0.0367031712	-0.0763611391	-0.273044062	0.2699810882	0.2991017396	0.5075794433	-0.3922656268	-0.2995180514	0.4527408294	-0.3114721498	0.205802627	-0.0920027113	-0.3509491609	0.2300451671	-0.2071834542	-0.0591982938	0.1884912493	0.0424629007	-0.007713554	0.1203108399	0.004555371	-0.2612400289	0.1580185787	-0.6033186932	0.2135991065	0.1126234467	-0.3114321525	0.1622501771	0.2223574449	-0.0545503074	-0.0479019136	-0.0265671706	0.1055741623	-0.1267614779	0.3197157698	-0.6693658365	0.1527277165	0.215808739	-0.1347221208	0.186639104	0.2319921196	0.2241518239	-0.0808295992	0.0646883005	0.0512628791	0.1773759453	-0.147558119	-0.0438971067	0.0917674232	-0.0925569279	0.1543199451	0.035845904	0.0453191519	-0.0518166397	0.0252146736	-0.1513561561	0.1372005631	-0.0321411761881336	6.367265696380353e-05	4.054207244830198e-09	0.0010330552067566	0.0120856493342387	-0.1819037846223352	0.0001460629198301	0.0330889868599289	-0.3576240237998433	-0.2919360620585536	0.0852266643302556	0.1278949423987909	-0.0026029710194629	-0.001359900735334	1.8493300099619536e-06	6.775458128163728e-06	-0.0004886723456982	-8.494840770999971e-07	2.388006614501811e-07	7.216231972464339e-13	0.0001318646008002	0.0004171673976848	1.7388272944196104e-08	1.740286376911081e-07	0.0	0.0	0.0	0.0	0.0	0.0	0.0	0.0	0.0	1.0	0.0	0.0	0.0	0.0
848.979632248585	-8.42329119661872	70.95183458303443	720766.4159729425	1089.374162900698	3.2384748125409715	1186736.0667955964	10.48771911146228	776.1373636089213	-2.91520217662071	8.498403730574125	602389.207189807	818.0824712607624	662.4315089615841	4.532519	85.68040499999998	2.9529013517271534	2.411567423641557	-0.9038775207	-0.0229936721	0.2163768556	0.1277995389	-0.0519161085	0.8211496509	-0.1882054787	-0.4120297012	0.036488378	-0.8358824553	-0.3970894075	0.1147393498	-0.0155375032	0.1644859082	0.0441739407	-0.0177227634	0.0821064939	0.004958247	-0.0739740423	0.0113524307	-1.39335e-05	-0.0069997728	0.022361535	-0.8675530542	0.0221961246	0.3854147396	-0.09237171	0.0270896743	0.0299056681	0.0048845417	-0.049530246	0.0459113765	0.007079872	-0.9303956504	-0.0962134666	0.1707945157	0.084879227	0.0399000722	-0.0216146876	-0.1056436256	-0.0102916865	-0.0688636578	-0.0567376964	-0.0203388488	0.0432081998	0.0335945122	0.0157823519	0.0200855811	0.0211329694	0.0276687529	0.0407574674	0.0093340388	0.0237620456	0.0042719801	0.0021283914	-0.011340536	-0.0127723868	-0.152719399	0.1425091225	-0.0528478545057282	-0.0207066783175946	0.0004287665269483	0.0027928957258586	-0.3253624623036586	-0.3374481116378973	0.1058607318762996	0.1138712280479828	-2.73245587697852	-2.3748318531786765	5.639826330872067	7.466315119634452	-0.0013983293726962	0.0012046416467666	1.4511614971247863e-06	1.9553250345449485e-06	0.0020169308662922	0.0025056032119904	4.068010119402204e-06	6.278047455936609e-06	0.0008199139139028	0.0006880493131026	6.722588262114081e-07	4.734118572609598e-07	0.0	0.0	0.0	0.0	0.0	0.0	0.0	0.0	0.0	0.0	1.0	0.0	0.0	0.0
873.0255683386225	24.04593609003757	578.2070424461714	762173.6429729748	1121.8230717799047	32.44890887920678	1258487.004377701	1052.9316874510648	789.3990774778066	13.261713868885296	175.87305474018456	623150.9035228121	840.6087379646165	727.088442267007	4.930602	93.205551	2.717560549710671	2.057947999724256	0.1148732136	-0.2837740917	0.5121744238	0.0717496063	-0.1970180589	-0.2691857319	0.501882753	-0.6484468928	-0.1990147752	0.0269811208	0.1400440274	0.7584238213	0.0130595756	-0.0480451802	-0.0172252467	0.2427518808	-0.2150229271	0.3072976601	0.1058588853	-0.0583000259	-0.0717667558	0.1223997989	0.1369120099	0.1940905937	0.7062268182	0.3809980119	0.1757994938	-0.0929648944	-0.1952007536	0.052360447	-0.004538892	-0.0498274678	0.261704838	-0.0699030602	0.6138231258	0.2554827804	-0.4032662744	0.1254674372	-0.0194428074	0.3314632322	-0.0666113878	0.184741014	0.1753634921	0.2087528186	0.0844128096	-0.0749578446	-0.0463698908	-0.089431232	0.0975856587	-0.0587282599	-0.1194019467	-0.045408679	-0.0618784196	-0.0315822277	-0.0107703075	0.0387810123	-0.0430023189	-0.1538585052	0.1469813818	-0.0779735962746599	-0.0251257417689316	0.000631302899439	0.0060798817160036	0.2652286984206569	0.5905911607243155	0.0703462624659157	0.3487979191256942	-0.7964746763761212	1.9359812006023984	3.748023209085905	0.6343719101084471	-0.0033456829645266	-0.0019473535918304	3.79218601161476e-06	1.11935944991235e-05	0.0011659977404139	-0.0008509331258783	1.3595507306503202e-06	7.24087184717015e-07	0.000300951699311	-0.0005189622145918	9.057192531817857e-08	2.693217801740255e-07	0.0	0.0	0.0	0.0	0.0	0.0	0.0	0.0	0.0	0.0	0.0	1.0	0.0	0.0
867.2173905077619	-5.808177830860586	33.73492971490038	752066.0023990921	1092.521233832086	-29.30183794781874	1193602.6463739837	858.5977071202303	789.5041987773275	0.1051212995208743	0.0110504876129573	623316.8798870298	832.6634597723863	707.4247259811888	2.547864	48.163509	0.6979892913973916	0.4076734981051134	0.1849159011	-0.0340714858	0.2315091534	0.0185636076	0.0506467099	0.1000719351	0.4621650258	0.1498896314	0.1065645309	0.0335054513	0.1732831785	0.1440278011	-0.0954138559	0.1601142048	-0.1835725388	-0.0095783691	0.0646018477	-0.2290594458	-0.1119694685	0.0039194371	0.2110983019	-0.3788829436	-0.0927088143	0.0211621288	0.221618993	-0.176770832	-0.1025432928	0.032044911	-0.2562263346	-0.2134490912	-0.1629322563	0.2331545951	-0.2167457968	0.0818909385	0.2990773268	-0.0503309243	0.2054565945	-0.1541869425	-0.1341897162	-0.244967648	-0.1122539959	-0.2858515281	-0.2472444181	-0.0002871771	-0.0916880145	0.1080077145	-0.0113611143	-0.1783256814	-0.0029411004	0.192176361	-0.17050709	0.0348565471	-0.1898953095	-0.0861871693	0.0503134523	0.2436959681	-0.0718939957	-0.1547718027	0.1505910958	-0.0688420182186604	0.0091315780559994	8.338571779281157e-05	0.0047392234724183	0.1218047052536519	-0.143423993167005	0.014836386221929	0.020570441815969	-0.391517941429484	0.4049567349466372	0.163989957178641	0.1532862984611808	-0.0020219828289576	0.001323700135569	1.7521820489053895e-06	4.088414560599379e-06	-0.0002021860083434	-0.0013681837487573	4.0879181969837425e-08	1.8719267703635785e-06	0.0001832958790823	-0.0001176558202287	3.359737928855314e-08	1.3842892033688172e-08	0.0	0.0	0.0	0.0	0.0	0.0	0.0	0.0	0.0	0.0	0.0	0.0	1.0	0.0
870.680593554844	3.463203047082061	11.993775345318472	758084.6959930154	1114.3834037514	21.862169919314056	1241850.370556556	477.9544735809603	793.4776156323344	3.973416855006917	15.78804150365306	629606.7265095746	840.7320984670896	699.4774972254158	1.506557	28.479185	0.2119078389923919	0.1162381185281747	0.1391485346	0.0226521994	0.0868740369	-0.0282753779	-0.0585750428	0.0095377629	0.0997526446	0.0783110258	0.0787464826	0.1345028902	-0.0220851404	0.0926861353	0.013244404	0.0220103796	-0.077367101	-0.2060491783	0.0169145705	-0.0554779108	-0.3095733646	0.1183226097	0.1976437272	0.1097468695	-0.0557307212	0.1231234698	0.0451423751	0.0518124683	-0.0120373278	0.0646328333	0.0205706184	-0.1589987216	-0.0002867293	0.0186836252	-0.0360247901	0.0997019071	0.2145121442	0.0587163898	-0.0129652477	0.0578312056	-0.1736363638	-0.1542623466	0.0410248013	0.1168003864	-0.0976022145	-0.1216787951	0.0098475564	-0.1605391845	-0.0142287183	0.1279179875	-0.1716794605	-0.0988314067	0.1201560652	0.138433582	0.0599666496	-0.0514284692	0.0491555496	-0.1088487289	0.1925307862	-0.1554579513	0.1533170814	-0.0685600740028746	0.0002819442157857	7.949254081506875e-08	0.0047004837472796	0.0330975912832656	-0.0887071139703863	0.001095450548754	0.0078689520689551	-0.3158827539556341	0.0756351874738499	0.0057206815842044	0.0997819142465956	-0.0015750157978765	0.000446967031081	1.997795268734529e-07	2.480674763560548e-06	0.0002329065574191	0.0004350925657625	5.4245464488816536e-08	1.8930554078179538e-07	0.0001196836092785	-6.361226980379999e-05	1.4324166329928652e-08	4.046520869591444e-09	0.0	0.0	0.0	0.0	0.0	0.0	0.0	0.0	0.0	0.0	0.0	0.0	0.0	1.0
866.9402868418231	-3.7403067130209138	13.989894307469312	751585.4609493825	1123.8776852267606	9.494281475360594	1263101.0513506616	90.14138073337534	790.5023170439358	-2.975298588398573	8.852401690126541	624893.9132518312	839.1581138594503	699.0298121794942	1.199893	22.682156	0.1034255505907983	0.0531359959657465	0.1604362338	0.0113597105	0.0395906863	0.0652562269	-0.0527654246	-0.0947372142	0.0035414365	0.0091011593	0.2077241315	0.0787711146	0.1330052752	0.0263285072	-0.1143333721	0.1142958798	-0.206437194	-0.0023745839	-0.0391140094	0.0130190204	-0.2428280116	-0.0625783995	0.0776632238	-0.0434610942	-0.0233348361	0.0828876315	0.0446957349	-0.1222129227	-0.255305142	0.0614342077	-0.0434980995	-0.1982831819	0.0037596741	0.0660139109	0.1213113372	0.0934913746	0.1819581471	-0.0433524319	0.1969189423	0.0182159211	-0.2261959739	-0.1380241025	-0.0330918753	-0.1149763646	-0.1765018517	-0.0950837146	-0.0037004298	-0.0041349084	-0.1143906538	0.1534898506	-0.0395530442	-0.0085906677	0.0111486995	0.0539910076	0.060439477	-0.054938404	-0.0426478818	-0.1652617209	-0.009779999	-0.155915944	0.1551433414	-0.0687289693223078	-0.0001688953194332	2.8525628926444136e-08	0.0047236712241067	-1.0308879851095298e-05	-0.0331079001631166	1.0627300378431864e-10	0.0010961330532109	-0.3281481045115271	-0.012265350555893	0.0001504388242589	0.1076811784945081	-0.0023090002792623	-0.0007339844813858	5.387332189151821e-07	5.33148228963338e-06	-7.600569429189186e-05	-0.0003089122517109	5.776865564792522e-09	9.542677925715518e-08	4.912251328183671e-06	-0.0001147713579503	2.413021311124224e-11	1.3172464605759642e-08	0.0	0.0	0.0	0.0	0.0	0.0	0.0	0.0	0.0	0.0	0.0	0.0	0.0	0.0
867.9393741411448	0.9990872993216726	0.9981754316658734	753318.7571845221	1123.6056635929988	-0.272021633761824	1262489.6872582631	0.0739957692344518	792.6591796875	2.156862643564182	4.652056463202671	628308.5751428604	842.1740590653021	691.2088736716548	1.124031	21.248104	0.0575854863807601	0.0304515805717996	0.1487896702	0.0867072102	0.0957622783	0.0142815615	0.0421176924	-0.0946925168	-0.0270903743	-0.0082122792	0.1602800097	0.1273403935	0.0490279183	0.1136091512	-0.0237538532	0.0657650965	-0.09874689	-0.1281658283	0.1418311398	-0.055991015	-0.1365810464	0.1051157043	0.0756156209	0.1018387863	-0.1389287835	0.1450028765	0.0670747099	0.0705493482	-0.1101959198	0.0427499816	0.1108286148	-0.1011018699	-0.0083402745	-0.0333362391	-0.1691472488	0.095803123	0.1791017501	0.0548656003	0.0498934643	0.1013191401	-0.1536468238	-0.1210352861	0.1171554699	0.0199843246	-0.094931138	-0.1253276185	-0.0511954441	0.1191626225	-0.0367928063	0.0481662133	0.0106286338	0.0102872375	0.2707674394	-0.0106006834	0.120479776	0.2319792525	-0.1067389411	-0.0733987499	0.1278859322	-0.1561451084	0.1560591586	-0.051154985980375	0.0175739833419328	0.0003088448905025	0.0026168325906523	0.0227613857267812	0.0227716946066322	0.0005180806802033	0.0005185500752577	-0.3301099417678017	-0.0019618372562745	3.848805420106968e-06	0.1089725736539414	-0.0024580032490981	-0.0001490029698357	2.2201885019888283e-08	6.041779972576817e-06	2.742869210181631e-05	0.0001034343863937	7.523331504162403e-10	1.069867228864292e-08	5.8034318617085833e-05	5.312206728890216e-05	3.367982137349435e-09	2.821954033046649e-09	0.0	0.0	0.0	0.0	0.0	0.0	0.0	0.0	0.0	0.0	0.0	0.0	0.0	0.0
