global_signal	global_signal_derivative1	global_signal_derivative1_power2	global_signal_power2	csf	csf_derivative1	csf_power2	csf_derivative1_power2	white_matter	white_matter_derivative1	white_matter_derivative1_power2	white_matter_power2	csf_wm	tcompcor	std_dvars	dvars	framewise_displacement	rmsd	t_comp_cor_00	t_comp_cor_01	t_comp_cor_02	c_comp_cor_00	c_comp_cor_01	c_comp_cor_02	c_comp_cor_03	c_comp_cor_04	c_comp_cor_05	w_comp_cor_00	w_comp_cor_01	w_comp_cor_02	w_comp_cor_03	w_comp_cor_04	w_comp_cor_05	w_comp_cor_06	w_comp_cor_07	w_comp_cor_08	w_comp_cor_09	w_comp_cor_10	w_comp_cor_11	w_comp_cor_12	w_comp_cor_13	w_comp_cor_14	w_comp_cor_15	a_comp_cor_00	a_comp_cor_01	a_comp_cor_02	a_comp_cor_03	a_comp_cor_04	a_comp_cor_05	a_comp_cor_06	a_comp_cor_07	a_comp_cor_08	a_comp_cor_09	a_comp_cor_10	a_comp_cor_11	a_comp_cor_12	edge_comp_00	edge_comp_01	edge_comp_02	edge_comp_03	edge_comp_04	edge_comp_05	edge_comp_06	edge_comp_07	edge_comp_08	edge_comp_09	edge_comp_10	edge_comp_11	edge_comp_12	edge_comp_13	edge_comp_14	edge_comp_15	edge_comp_16	edge_comp_17	edge_comp_18	edge_comp_19	edge_comp_20	edge_comp_21	edge_comp_22	edge_comp_23	cosine00	cosine01	trans_x	trans_x_derivative1	trans_x_derivative1_power2	trans_x_power2	trans_y	trans_y_derivative1	trans_y_power2	trans_y_derivative1_power2	trans_z	trans_z_derivative1	trans_z_derivative1_power2	trans_z_power2	rot_x	rot_x_derivative1	rot_x_derivative1_power2	rot_x_power2	rot_y	rot_y_derivative1	rot_y_power2	rot_y_derivative1_power2	rot_z	rot_z_derivative1	rot_z_power2	rot_z_derivative1_power2	motion_outlier00	motion_outlier01	motion_outlier02	motion_outlier03	motion_outlier04	motion_outlier05	motion_outlier06	motion_outlier07	motion_outlier08	motion_outlier09	motion_outlier10	motion_outlier11	motion_outlier12	motion_outlier13	motion_outlier14	motion_outlier15	motion_outlier16	motion_outlier17
867.476233459523	n/a	n/a	752515.0156171208	1142.175448090591	n/a	1304564.7542209425	n/a	790.8080048814802	n/a	n/a	625377.3005846272	842.5236532447043	730.0286879064229	n/a	n/a	n/a	n/a	-0.0232355989	-0.0179739134	0.1205118745	-0.075447491	-0.0603422041	0.0540657184	-0.33620056	0.2823569389	-0.3192544983	-0.0154305774	-0.0708588571	0.1054054826	-0.0432412845	0.0577986387	-0.111545344	0.0228777506	0.0205744086	0.2351615888	0.0384886063	-0.0441312624	7.84322e-05	-0.0538209921	0.2218745003	-0.0561894284	0.040661784	-0.0157441009	-0.0942281806	0.1229749159	-0.0225925713	0.1572044812	-0.0230529454	0.0338234093	-0.0732512005	0.2242924308	0.0588648275	-0.1575717077	0.1265537293	-0.2320865833	-0.04047006	0.0025624667	0.1371462653	-0.0080735711	0.2063904739	-0.0445603247	0.1001206562	-0.0319316834	0.0514795261	-0.0330860012	0.1281578141	-0.0627922467	0.0751636507	-0.1078203117	0.1578256317	-0.1152421084	0.015719256	-0.0812033787	0.0042569917	-0.0008807318	0.0079989674	-0.019499134	0.1700108502	-0.0700517	0.1561451084	0.1560591586	0.6266793558927333	n/a	n/a	0.392727015102131	-0.2234138736747439	n/a	0.0499137589503544	n/a	-0.1868407956722251	n/a	n/a	0.0349094829274301	-0.0051680886714956	n/a	n/a	2.670914051644116e-05	-0.0033832022678645	n/a	1.1446057585283498e-05	n/a	0.010095021538654	n/a	0.0001019094598658	n/a	0.0	0.0	0.0	0.0	0.0	0.0	0.0	0.0	0.0	0.0	0.0	0.0	0.0	0.0	0.0	0.0	0.0	0.0
865.1808877684949	-2.2953456910280465	5.268611841321021	748537.968559881	1121.105413553947	-21.070034536644016	1256877.348299967	443.9463553753717	789.8241888569289	-0.983816024551288	0.9678939701639008	623822.2493035058	837.9662112118153	727.2236040313427	0.945272	17.30267	0.0604073614286869	0.0264617424282751	-0.0646763652	-0.0310387191	0.093088593	-0.0886074127	0.0617427543	0.0661695459	0.0045060228	-0.0502322855	0.0009908763	-0.0284558492	-0.1764687194	0.0708003213	-0.1085730056	0.053451785	-0.0870612022	-0.0249692991	0.1222615826	0.1276194845	0.0789721149	-0.0106699558	-0.0370664616	0.1059831929	0.0456122969	-0.1307199946	0.0612806321	-0.016664414	-0.1627039811	-0.0020342461	-0.0845955822	0.1327252335	0.0731407027	-0.0679954634	0.0782948836	0.1322163767	0.0826953428	-0.0552794858	-0.0088068282	-0.0234625545	-0.0638554574	-0.0025079568	0.1414916684	-0.0127197227	0.2206277243	-0.048298986	0.0823609295	-0.1039103746	0.0316959394	-0.0853370024	0.1079646237	-0.0393992138	0.0217429697	-0.1432731707	0.1033997393	0.0363904083	0.0726012776	-0.0114943429	0.1293058877	0.0174025746	0.0105428182	-0.0617739275	0.021867794	-0.0338902992	0.155915944	0.1551433414	0.6221841244593236	-0.0044952314334096	2.020710563991449e-05	0.3871130847292151	-0.2104368651181403	0.0129770085566036	0.0442836742007503	0.0001684027510781	-0.1774694360338315	0.0093713596383936	8.782238147211284e-05	0.0314954007261662	-0.0047813782979147	0.0003867103735808	1.4954491303507916e-07	2.2861578427769675e-05	-0.0035599933682977	-0.0001767911004331	1.2673552782323605e-05	3.1255093192381773e-08	0.0099872477766625	-0.0001077737619915	9.974511815245004e-05	1.161518377380079e-08	0.0	0.0	0.0	0.0	0.0	0.0	0.0	0.0	0.0	0.0	0.0	0.0	0.0	0.0	0.0	0.0	0.0	0.0
864.2985014392492	-0.882386329245719	0.7786056340397345	747011.8995901318	1118.6091728348165	-2.496240719130583	1251286.4815501925	6.23121772784557	789.1706637061146	-0.6535251508142892	0.4270951227468394	622790.3364543495	837.6935101626964	721.941061116732	0.866469	15.860231	0.0578222627921501	0.0291002852971513	-0.0217070271	-0.0524466482	0.092600295	-0.0103850236	0.0241617533	0.0379520043	-0.007504678	-0.0587020351	-0.0475933004	-0.064017436	-0.1616537411	0.0712664249	-0.1086029593	-0.0276802603	-0.0691355249	0.0051240303	0.0555165452	0.0683020243	0.0513329142	-0.0923070087	0.0361654475	0.146113375	0.0059142823	-0.0975165753	0.0203822109	0.0068937355	-0.1515849483	0.0095262119	-0.0586195971	0.1026884335	0.0394015734	0.0001261068	0.0918879575	0.0958285035	0.0233146825	0.0960672936	0.126825705	-0.0132452532	-0.0409924501	0.007301143	0.151636372	-0.0094166355	0.2257409461	-0.0770922324	0.102173028	-0.0094839967	0.0038564769	-0.0574341094	0.0409710288	-0.0824301956	0.0553199964	-0.0540357104	-0.0118896289	-0.0445205105	-0.0072870828	-0.0227776685	0.1002869066	0.0114172306	0.1642722821	-0.1086711473	0.0233920853	0.001088706	0.1554579513	0.1533170814	0.6183653517324217	-0.0038187727269018	1.4583025139729758e-05	0.3823757082231616	-0.2238477210823788	-0.0134108559642384	0.0501078022337744	0.0001798510576935	-0.1569328687225066	0.0205365673113248	0.0004217505969325	0.0246279252854754	-0.004401958319779	0.0003794199781356	1.439595198084949e-07	1.937723704907156e-05	-0.0035430863618592	1.690700643849994e-05	1.2553460967592664e-05	2.8584686671147835e-10	0.009982453425443	-4.794351219498602e-06	9.96493763911387e-05	2.298580361590773e-11	0.0	0.0	0.0	0.0	0.0	0.0	0.0	0.0	0.0	0.0	0.0	0.0	0.0	0.0	0.0	0.0	0.0	0.0
864.8463455387238	0.5478440994745597	0.3001331573290912	747959.2013916856	1118.9946249400666	0.3854521052501241	1252148.9706447604	0.1485733254417527	790.1507318556553	0.9800681495406708	0.9605335777440744	624338.1790520276	838.459966466668	728.9711572735126	0.955911	17.497414	0.1124070087704244	0.0672707450396576	-0.0539307848	-0.0735031853	-0.0151445487	-0.0598372172	0.0913275588	0.0377271184	0.0292359563	-0.0534293928	0.0181190806	-0.028006651	-0.0905251889	0.0641883293	-0.076602013	0.0303411476	0.0560528444	0.1589353677	0.0534381828	0.0378285048	-0.059577315	-0.1363077675	0.0376609905	0.1750846597	0.1408115453	-0.0964347718	-0.0424016487	-0.0095091853	-0.1054248464	-0.0578573495	-0.0696672645	-0.0126656768	0.0725652046	-0.0524794418	-0.0521340177	0.0532875249	-0.012831239	0.1408010962	0.2069536128	-0.0921324511	-0.0623234944	0.0087086789	0.1123895002	-0.0143115116	0.1989661743	-0.0992053832	0.0394147518	0.0175233589	-0.0671827178	-0.0744125284	0.0747383021	-0.1188048178	0.125534741	0.025817493	-0.0749308237	-0.0306938751	0.0947787887	-0.1740745881	-0.1081880499	-0.0050691302	0.0784389928	0.0226041119	0.0013578772	0.1620914074	0.1547718027	0.1505910958	0.6320756268844434	0.0137102751520217	0.0001879716447441	0.3995195981013621	-0.1654105410071764	0.0584371800752024	0.0273606470762867	0.0034149040151416	-0.1474763160140213	0.0094565527084853	8.942638912836077e-05	0.0217492637850674	-0.0048798886698095	-0.0004779303500304	2.284174194802762e-07	2.381331342973513e-05	-0.0035912488948799	-4.816253302069966e-05	1.2897068624976102e-05	2.3196295869699847e-09	0.0098924862917999	-8.996713364310162e-05	9.786128503344891e-05	8.094085135955707e-09	0.0	0.0	0.0	0.0	0.0	0.0	0.0	0.0	0.0	0.0	0.0	0.0	0.0	0.0	0.0	0.0	0.0	0.0
866.546026426598	1.699680887874251	2.888915120605003	750902.0159157263	1122.217911482718	3.2232865426512944	1259373.0408526333	10.389576136036936	791.6626820063364	1.511950150681059	2.285993258144478	626729.8020814656	839.5823053510002	719.050038679288	1.033457	18.916855	0.0881832480442204	0.0501788545985452	-0.0239257672	-0.0492029588	-0.0073434891	-0.0325331013	0.0486514909	-0.0502440739	-0.0663439158	-0.0448237341	0.0912448352	0.0111020516	-0.027755318	0.0813579202	-0.0790235713	0.0021882101	0.1108541458	0.0290064323	0.1336731223	0.1507069017	0.1547803897	-0.029189279	0.0417391249	-0.0910251546	-0.0641518961	-0.0668545704	0.1441457273	-0.0058285419	-0.0543682902	-0.0305739628	-0.0693366084	-0.0861342814	0.0322367891	-0.0437438264	0.1032075483	0.1240639072	0.18404639	-0.115919287	0.1464808905	0.043123659	-0.0388875298	0.0088238901	0.1243572523	-0.0129837495	0.2335878203	-0.0837122056	0.0756268453	0.0645296725	-0.1456671859	-0.0286857547	-0.0334352254	0.0173055817	0.1355658872	-0.174686305	0.0007030572	-0.1268043686	0.0170524146	-0.0054634185	0.1307408867	0.1328293061	0.0606446119	0.0866547835	-0.0344130195	-0.0384700812	0.1538585052	0.1469813818	0.6291738146072419	-0.0029018122772015	8.420514492117606e-06	0.3958596889874279	-0.2041633007179655	-0.0387527597107891	0.0416826533600544	0.0015017763852021	-0.1379185667960314	0.0095577492179899	9.13505701139867e-05	0.0190215310670713	-0.0054369347841966	-0.000557046114387	3.10300373553766e-07	2.956025984760693e-05	-0.0035261897415248	6.505915335509958e-05	1.2434014093234736e-05	4.2326934352823654e-09	0.0097751730227773	-0.0001173132690225	9.555400762523311e-05	1.3762403088768554e-08	0.0	0.0	0.0	0.0	0.0	0.0	0.0	0.0	0.0	0.0	0.0	0.0	0.0	0.0	0.0	0.0	0.0	0.0
866.1553527468864	-0.3906736797116537	0.1526259240194437	750225.0950920831	1125.894212963779	3.6763014810610457	1267637.7787853272	13.515192579651638	793.1017941504839	1.4391121441475434	2.07104376343294	629010.4558847166	841.5586302682256	725.8301252453144	1.426836	26.117435	0.3362069425622377	0.1500665580931397	-0.0669524033	-0.0543249719	-0.0443123615	-0.0435767782	-0.0438821913	-0.061319244	-0.0198537061	-0.0395925628	-0.0650898069	0.0895591217	0.0486611467	0.0591320891	0.2166290593	-0.0028028905	0.0512048419	0.0431510928	-0.0299291263	0.1971007215	-0.02581739	-0.2537104446	-0.0122660463	-0.033853655	0.2060867492	0.1278166823	-0.1015827596	-0.0746243456	0.0542145566	0.0651659078	0.117475407	-0.0522532909	-0.0328009032	0.2231640776	-0.1458990708	0.0356852874	0.0412768775	-0.0818361083	0.1733479014	0.0467941011	-0.0327663427	-0.0136280956	-0.0255177297	0.0103811856	0.032789992	-0.1346786783	0.1453648597	0.0733775141	-0.1620744418	0.1183852304	0.1598396405	-0.0004219986	-0.2666904122	-0.206240107	-0.3679753973	0.0437311361	0.1199924998	-0.0748763292	0.0615319642	-0.0594718152	-0.1278926076	-0.0610317694	-0.1408479255	-0.0015369822	0.152719399	0.1425091225	0.5531855695077468	-0.075988245099495	0.0057742133933009	0.3060142743116101	-0.154355886526659	0.0498074141913065	0.0238257397054308	0.0024807785084243	-0.0696401142220253	0.0682784525740061	0.0046619470859008	0.0048497455088567	-0.0037648676544653	0.0016720671297313	2.7958084863278683e-06	1.417422845563905e-05	-0.0036179591042964	-9.176936277159988e-05	1.308962808036121e-05	8.421615943505502e-09	0.0086963529013316	-0.0010788201214457	7.562655378449855e-05	1.163852854436115e-06	0.0	0.0	0.0	0.0	0.0	0.0	0.0	0.0	0.0	0.0	0.0	0.0	0.0	0.0	0.0	0.0	0.0	0.0
863.2583463177889	-2.8970064290974733	8.392646250232094	745214.9724873236	1124.9075015512185	-0.986711412560453	1265416.8870462046	0.9735994116770446	789.3978454673112	-3.703948683172712	13.719235847576863	623148.9584284329	836.7662452526307	709.3618666898287	1.607065	29.41642	0.4921428860063954	0.2086441787522594	0.0087618756	-0.023155599	-0.1074434341	-0.0715072503	-0.0757849836	0.0706071087	0.0981856504	0.1627524929	0.0456578778	-0.0220881713	-0.0179445292	-0.1288304117	-0.0546275849	-0.032712914	0.096663952	0.0881141136	-0.1177427515	0.1241720038	-0.133719548	-0.0170741158	-0.4782633372	-0.250270852	-0.1228760188	-0.0774604531	-0.3258727026	-0.0052480595	0.0857120575	-0.0952355273	0.1092966022	0.070788938	0.181718471	0.1367788453	-0.0230970869	0.1384722385	0.0244539376	0.1037180414	-0.1463740934	-0.2411956019	-0.0024922261	0.0362659468	-0.1947341178	-0.0127061655	-0.2690714429	-0.0356834102	0.2244786949	-0.2175549551	-0.1626792228	0.1115908052	0.1137681799	0.0158882541	-0.3415269507	0.1082638106	-0.1683281262	0.1350185615	-0.0017130194	-0.250135103	0.1097502581	-0.2650088164	0.0891376172	0.1808111541	-0.0280220332	0.0579086684	0.1513561561	0.1372005631	0.6353568741097746	0.0821713046020278	0.0067521232999992	0.4036783574785439	-0.1847326164318019	-0.0303767299051428	0.0341261395737392	0.00092274571973	0.0481884003066994	0.1178285145287247	0.0138835588360458	0.0023221219241187	-0.0028989930000023	0.0008658746544629	7.497389172414193e-07	8.404160414062336e-06	-0.0062241729724299	-0.0026062138681334	3.874032919072685e-05	6.7923507264513785e-06	0.0069331146845181	-0.0017632382168135	4.806807922868052e-05	3.109009009231653e-06	1.0	0.0	0.0	0.0	0.0	0.0	0.0	0.0	0.0	0.0	0.0	0.0	0.0	0.0	0.0	0.0	0.0	0.0
869.7006668431	6.442320525311061	41.503493750844186	756379.2499073327	1121.0034922245177	-3.904009326700816	1256648.8295795645	15.24128882296696	793.5830158894579	4.185170422146712	17.515651462411686	629774.0031082076	839.6394211201185	730.0107266572805	1.720807	31.498398	0.2504784873345632	0.1617178948280458	-0.0719036427	0.0482305729	-0.0238473958	-0.0869355113	-0.0456872417	-0.0043404528	0.1014560486	0.0800935868	0.2189255332	0.1204399355	0.0920490665	-0.1151595654	-0.0380662751	0.0500470684	0.2750061457	0.0268821154	-0.045627343	-0.1898165429	-0.1957609186	-0.0399222637	-0.1196965519	0.0779894153	-0.0363961636	0.0352294195	0.1237502722	-0.0962245755	0.1452563934	-0.0729235647	0.0126859884	-0.1710747397	0.210189968	-0.0238138687	-0.0348558149	-0.0817983388	-0.167151787	0.2248779731	-0.1979163113	-0.1273541217	-0.0745498529	-0.0070367437	-0.0863791913	0.045078186	-0.3073116468	0.0754966852	-0.0250954921	-0.0498508836	0.0630833733	-0.0302954099	-0.2074648904	-0.1294367121	-0.1529730466	-0.0377183254	0.0237209337	-0.176903345	-0.1036562778	-0.1825772212	-0.0687293199	0.3256785394	-0.0718902141	-0.0937377334	0.1636090203	-0.1899274402	0.1497707771	0.1310868562	0.653679977460115	0.0183231033503403	0.0003357361163872	0.4272975129322564	-0.1607293083779808	0.024003308053821	0.025833910571664	0.0005761587975266	-0.0705820000599573	-0.1187704003666567	0.0141064080032559	0.0049818187324638	-0.0012959192126114	0.0016030737873909	2.569845567819805e-06	1.6794066056153511e-06	-0.006392607350856	-0.0001684343784261	4.086542874221817e-05	2.837013983578688e-08	0.0069169893390602	-1.612534545789978e-05	4.7844741516672464e-05	2.6002676613660907e-10	0.0	1.0	0.0	0.0	0.0	0.0	0.0	0.0	0.0	0.0	0.0	0.0	0.0	0.0	0.0	0.0	0.0	0.0
867.3087203873062	-2.3919464557938	5.721407847384521	752224.4164598665	1119.956044882213	-1.047447342304622	1254301.5424682098	1.097145934901016	791.3909268450769	-2.192089044380964	4.805254378495047	626299.59909271	838.3054200075985	732.6184577105596	1.339377	24.516544	0.2026467646542394	0.1032748739455807	-0.0233188902	-0.0075963588	0.0587272386	0.0104889851	-0.0017899722	-0.1341116251	0.0557076659	-0.0304631018	0.1558329487	0.0023882756	-0.0530342839	-0.0547882508	-0.0347494298	0.0099742485	0.2018210634	-0.1713221047	0.0196919654	0.0800337972	0.063856509	0.0844217581	-0.1699250048	-0.2326899536	-0.0353385905	-0.1235804676	0.0761147517	-0.0007590024	-0.014696886	-0.1177712633	0.0668088334	-0.1056525475	0.1445684332	0.0291422947	0.1952740432	-0.0460213084	0.1185097129	-0.1258731163	-0.0598231104	-0.1771438093	-0.0544727731	0.0299996705	-0.0035160481	0.0102376736	-0.1761433802	-0.0181866524	0.166782711	-0.1979998558	-0.1620157033	-0.023846464	-0.196145006	-0.0561764206	-0.1566719515	-0.0050624739	0.1215326897	-0.1188169238	-0.0837455428	0.13095065	-0.02722732	0.0860375272	0.1152700682	0.1769205118	-0.1325436531	-0.1237868142	0.1479655889	0.1242038795	0.6666390232741861	0.0129590458140711	0.0001679368684111	0.4444075873519608	-0.1392130375848097	0.021516270793171	0.0193802698335896	0.000462949908845	-0.040281238972625	0.0303007610873322	0.0009181361224715	0.0016225782131697	-0.002452422959303	-0.0011565037466916	1.3375009161117084e-06	6.014378371316484e-06	-0.0059670702823679	0.000425537068488	3.560592775471814e-05	1.810817966574458e-07	0.0080923622630738	0.0011753729240135	6.54863269968209e-05	1.381501510504278e-06	0.0	0.0	0.0	0.0	0.0	0.0	0.0	0.0	0.0	0.0	0.0	0.0	0.0	0.0	0.0	0.0	0.0	0.0
867.9806001326842	0.671879745378078	0.4514223922493109	753390.3222066946	1123.7044710785904	3.748426196377295	1262711.7383220145	14.050698949687556	793.4638611089647	2.07293426388776	4.297056462399889	629584.8988859464	840.7344681386197	727.1978931427002	1.342168	24.567635	0.1733272401892781	0.0790927848703581	-0.0753154722	-0.0078578233	-0.0116638824	-0.0574325878	-0.06898406	-0.0140254983	0.0789249586	-0.0118367393	0.1072043958	0.0914044386	0.064447548	-0.1319520819	0.0456458227	0.0073274645	0.0868907542	-0.0557472388	-0.1068145131	-0.2055718351	0.0187078269	0.1395539637	0.1371007565	0.1653465925	0.1060727538	-0.0278441401	0.0799933081	-0.0729596953	0.0862199878	-0.049609513	0.0787929965	-0.0889858006	0.0322083369	-0.0362945771	-0.0324378904	-0.1694452781	-0.0314677024	0.1052926839	-0.0481121717	0.038810001	-0.0910748339	0.0217580436	-0.0382798388	0.0096042645	-0.1676440097	0.0672914135	-0.0542992487	0.0591295358	0.0941069204	-0.1192970295	-0.2148502052	0.0433800741	0.0479910888	-0.1744761567	-0.0409038261	-0.1162268992	-0.1427488121	0.0805145792	-0.0004568355	0.2774193131	0.001327596	-0.1645232945	-0.3055918644	0.1264978351	0.1459432408	0.1165920251	0.6551483286349509	-0.0114906946392352	0.0001320360632921	0.4292193325131695	-0.1929775675460803	-0.0537645299612705	0.0372403415760019	0.0028906246819563	-0.0711114217907322	-0.0308301828181071	0.0009505001725979	0.0050568343090994	-0.0029923376856402	-0.0005399147263371	2.915079117157734e-07	8.954084824902547e-06	-0.0050618760520431	0.0009051942303248	2.562258916624744e-05	8.193765946133083e-07	0.0081920899618251	9.972769875130072e-05	6.711033794263557e-05	9.945613898230189e-09	0.0	0.0	0.0	0.0	0.0	0.0	0.0	0.0	0.0	0.0	0.0	0.0	0.0	0.0	0.0	0.0	0.0	0.0
867.6707883701961	-0.3098117624881524	0.0959833281760153	752852.5969909576	1125.2799225404374	1.575451461847024	1266254.9040726128	2.4820473086359245	794.1195512175723	0.6556901086075868	0.429929518525829	630625.8616259984	841.2956561827928	726.0997652963491	1.376091	25.188572	0.1146351346836083	0.0652179915129936	8.06193e-05	-0.0739747277	0.1626797501	-0.0311165289	0.0484028647	0.0074997481	0.0659365105	0.1080874186	-0.1108535786	0.0722130848	0.0811881827	-0.1332650769	-0.039981866	0.2848311978	-0.0917901591	-0.1107516503	-0.1001795607	-0.2609227523	0.0823659574	-0.077341785	-0.00450516	0.0703629092	0.0210386674	-0.0978712521	-0.0167091712	-0.0274542877	0.0904150369	-0.0315335697	-0.007915661	0.1635755975	0.0146732738	-0.0874186601	-0.1809972173	-0.2425352897	0.0292181131	0.0119659087	-0.0048845427	-0.0940334216	-0.0802182938	0.1008780788	-0.0808251391	0.0318880549	-0.1560640558	0.1643682271	0.0513591045	-0.1024550399	0.1602696322	-0.1483831794	0.1393312	-0.0920673088	0.0577878947	0.0689303393	-0.0253936494	0.0061219065	-0.0360285442	0.098422362	-0.1720227856	-0.0418784521	-0.202590373	-0.0315915607	0.144071941	0.0703198485	0.1437067008	0.1082959623	0.6799771306112348	0.0248288019762839	0.0006164694075775	0.4623688981542882	-0.135370958862623	0.0576066086834573	0.0183252965033859	0.0033185213640089	-0.0849134924101093	-0.0138020706193771	0.0001904971533822	0.0072103011932816	-0.0031419600663826	-0.0001496223807424	2.2386856819023752e-08	9.871913058742951e-06	-0.0052789927441898	-0.0002171166921467	2.7867764393208557e-05	4.713965800872492e-08	0.0081908759666244	-1.2139952006995358e-06	6.709044910062521e-05	1.4737843473215065e-12	0.0	0.0	0.0	0.0	0.0	0.0	0.0	0.0	0.0	0.0	0.0	0.0	0.0	0.0	0.0	0.0	0.0	0.0
864.4096186853948	-3.2611696848013025	10.635227713067026	747203.9888758296	1121.1149992684595	-4.164923271977841	1256898.841584718	17.346585861462607	789.6136881787976	-4.505863038774692	20.3028017241959	623489.7765593234	838.6304934640949	732.808171504094	1.164292	21.311707	0.1781835141584594	0.1013155630582794	-0.0537346684	-0.0891343754	0.0814845978	-0.1092874482	0.0802884221	-0.0012978271	0.017726723	0.0173812657	0.0078120475	0.0039347887	-0.0641865557	-0.1676685519	-0.1023896192	0.1409989386	-0.0934865926	0.1496305688	-0.0965019039	-0.065662541	-0.0984446452	0.0896642429	0.0445597816	0.1043134304	-0.0162003728	-0.0327591633	-0.0510840818	-0.0378149097	-0.0188154417	-0.1361117674	-0.0407241446	0.0886619227	0.0271559945	-0.1721934573	-0.1633705091	-0.0685400356	-0.1048357485	0.0503961939	-0.067372187	-0.0829687455	-0.1201403983	0.0764123035	-0.0671293109	-0.0070665263	-0.1327038834	0.0951918537	-0.0618352042	-0.0571698538	0.149661026	-0.1490827615	-0.0371918985	-0.1042137644	0.1383844826	0.0164889173	0.0311317125	0.0554754731	-0.0507586089	0.0572979411	-0.030993493	-0.1499073402	-0.0196293192	-0.2541445955	-0.0074713599	0.0564264478	0.1412592515	0.0993643757	0.6814380440530812	0.0014609134418464	2.1342680845674976e-06	0.464357807882889	-0.2003146489058878	-0.0649436900432648	0.040125958566289	0.0042176828764356	-0.0321385810170511	0.0527749113930582	0.0027851912725451	0.0010328883897895	-0.0040806573173027	-0.0009386972509201	8.811525288849537e-07	1.665176414125607e-05	-0.0052347455103634	4.4247233826399945e-05	2.740256055826977e-05	1.957817701288112e-09	0.0083880114674837	0.0001971355008592	7.035873637863806e-05	3.8862405699046895e-08	0.0	0.0	0.0	0.0	0.0	0.0	0.0	0.0	0.0	0.0	0.0	0.0	0.0	0.0	0.0	0.0	0.0	0.0
862.6017494114014	-1.807869273993333	3.2683913118491814	744081.7780876103	1120.0007238284777	-1.1142754399818386	1254401.621376314	1.24160975614672	791.5344218297024	1.9207336509048216	3.689217757718166	626526.7409412813	838.8383047125312	713.2830283186986	1.371471	25.104	0.1648190678148752	0.0868900337426371	0.0424240298	-0.188156008	0.0324510174	-0.007404465	0.0075244165	-0.0432110992	0.0859363207	-0.0724129013	-0.005745935	-0.0214156833	0.0587205518	-0.1852579636	-0.0750790187	0.1663042063	0.018756176	0.0397515714	0.028534338	-0.0093471512	0.1212397204	0.0647355613	-0.0253098555	0.0540257297	0.0377602513	0.0200382211	-0.0428021014	0.0300586798	0.0362400543	-0.1111147751	0.0066418948	0.0607401157	0.0636458426	-0.2272813001	-0.0842633618	-0.0722590433	0.1157160869	0.0313977859	0.0883000979	-0.0350723091	-0.0783622616	0.1494437225	-0.095760703	0.0204470691	-0.0133686228	0.0326612941	0.0443950855	-0.0998664414	-0.1126388143	-0.1180885454	0.1131280096	-0.0149133067	0.3192157376	0.1316073641	-0.0386555552	0.1371601942	-0.0185936836	0.0535745082	-0.3220128049	-0.1081147564	-0.1237283253	0.0548677814	-0.0410479374	0.2396710001	0.1386044847	0.0898496795	0.679211423879579	-0.0022266201735021	4.957837397046832e-06	0.4613281583285251	-0.1481580106432574	0.0521566382626303	0.0219507961177675	0.0027203149148588	-0.0091669749048435	0.0229716061122076	0.0005276946873744	8.40334289060305e-05	-0.005117126964997	-0.0010364696476943	1.0742693305915464e-06	2.6184988375899413e-05	-0.0049070917702545	0.0003276537401089	2.407954964169944e-05	1.073569734073507e-07	0.0087731721450112	0.0003851606775275	7.696854948600043e-05	1.4834874751344293e-07	0.0	0.0	0.0	0.0	0.0	0.0	0.0	0.0	0.0	0.0	0.0	0.0	0.0	0.0	0.0	0.0	0.0	0.0
865.548001166205	2.9462517548035976	8.680399402683278	749173.3423228129	1121.7718558741822	1.771132045704462	1258372.096631407	3.136908723321273	792.8000307590542	1.2656089293517423	1.601765962054864	628531.8887715572	840.6657466674119	716.0401612091065	1.711736	31.332359	0.2611961260121382	0.1521873894076077	-0.0617061836	-0.0532164371	-0.1222574241	-0.0592588875	-0.0214066001	-0.127947887	-0.0302841427	0.0178318755	0.2607790327	0.0697770831	0.1009023972	-0.1333615013	0.0359242557	0.0466176034	0.022393829	0.1123462222	-0.1525610024	-0.0574854954	0.157524834	0.0665459455	0.1370563925	0.0656273481	-0.328160327	0.0732581678	-0.0379225169	-0.0441361183	0.1216599554	-0.0849613195	-0.0045650002	-0.1291219434	-0.0009614615	-0.1627367926	-0.189156313	0.0028810515	0.1710932322	-0.0742121189	-0.0076837108	0.3041361375	-0.103748868	0.0583400604	-0.0947798366	-0.006782807	-0.1580215031	0.0848930096	-0.162685093	0.2876645963	0.0147104441	-0.102960819	-0.0378629379	-0.0765030306	0.2565019107	-0.0246584291	0.0502010464	0.0727156572	-0.1466901467	0.0157592633	0.4314766524	-0.3442765026	-0.2217735739	0.1562705545	0.0179764033	-0.0425537253	0.1357462967	0.0798077096	0.7099703459815458	0.0307589221019668	0.0009461112888748	0.5040578921731559	-0.1234623603040745	0.0246956503391829	0.0152429544118531	0.0006098751456751	-0.0967497361718869	-0.0875827612670434	0.0076707400711599	0.0093605114493297	-0.0032187820545128	0.0018983449104842	3.6037133991612665e-06	1.0360557914453642e-05	-0.0049748953312285	-6.780356097400072e-05	2.474958355667913e-05	4.5973228807550335e-09	0.0091701995196319	0.0003970273746207	8.409255922985713e-05	1.5763073619820585e-07	0.0	0.0	1.0	0.0	0.0	0.0	0.0	0.0	0.0	0.0	0.0	0.0	0.0	0.0	0.0	0.0	0.0	0.0
865.1919076372492	-0.3560935289558529	0.1268026013642328	748557.0370409823	1119.732709974158	-2.039145900024096	1253801.341786072	4.158116001585079	793.4105140509091	0.6104832918549619	0.3726898496340705	629500.2438065278	840.0868522558319	714.225985553448	1.650087	30.203911	0.421994110209175	0.1713808567686317	0.0163140628	0.0074038197	-0.114053968	0.0132360466	-0.0835084831	-0.0766495859	0.12867263	0.0561220166	0.0264745774	0.048552927	0.1918870028	0.0117979191	0.1527485405	-0.1351563935	0.1330154265	-0.0040627489	-0.3807275498	0.1806365949	0.1204230891	0.139527543	0.3436543168	0.0283760797	0.2053346861	-0.1567078516	0.0204257465	-0.0114807301	0.2164258932	0.0306367657	0.0909245794	-0.1084730066	0.0305110768	0.264733032	-0.2148865461	-0.033691809	0.0481580535	-0.0648056205	0.1022805377	0.2115303212	-0.0143562403	0.0405541345	0.0094554581	-0.0370187793	-0.2464650872	0.0850392663	0.077889339	0.5464345881	-0.0746417814	-0.0675790875	-0.1112413278	0.1779880811	-0.078879168	0.006779266	0.3414671156	0.2260694031	0.3757015314	-0.0673600223	-0.040902105	0.006958983	0.2817204229	0.044971731	0.0409136337	0.0420492761	0.1326888823	0.0692973963	0.7895197497927597	0.0795494038112138	0.0063281076467195	0.6233414353128219	-0.0542615637198196	0.0692007965842549	0.00294431729732	0.0047887502478954	-0.0091258900915107	0.0876238460803762	0.0076779384019174	8.328186996233316e-05	-0.0014167124980407	0.0018020695564721	3.247454686363552e-06	2.0070743021047204e-06	-0.0066660226431431	-0.0016911273119145	4.4435857878896526e-05	2.8599115851035e-06	0.008950995113352	-0.0002192044062799	8.012031351925137e-05	4.80505717325239e-08	0.0	0.0	0.0	1.0	0.0	0.0	0.0	0.0	0.0	0.0	0.0	0.0	0.0	0.0	0.0	0.0	0.0	0.0
867.8672599918149	2.675352354565689	7.157510221080176	753193.5809657004	1118.920089005563	-0.8126209685949561	1251982.1655802173	0.6603528386002047	793.3075031108779	-0.103010940031254	0.0106112537661226	629336.7944920155	841.7645841448494	733.7208141013292	2.178704	39.879948	0.7573592969796898	0.3910931848975292	-0.082787294	0.0173803371	0.0403450474	-0.0939172789	-0.0849940823	0.2139794918	0.2179511173	-0.0139865523	-0.0793355676	0.0941880781	-0.0736991119	0.1067384675	-0.1048535635	-0.006583764	-0.0118687315	-0.2986671462	0.14027537	0.186903806	0.0230578401	0.0353926278	0.1200990223	-0.077515578	-0.1129540982	0.0831136717	-0.0106406882	-0.1078846837	-0.0471308218	0.1416764018	0.0128842604	0.1813124284	0.0758405177	0.0610922012	0.334080846	0.0275953371	0.0988184207	-0.1290412078	-0.1226658424	0.0625667537	-0.0801448497	-0.0488425275	0.1154712237	-0.0375502776	0.1179593944	0.0816303905	-0.0140309541	-0.362945658	0.0149845895	0.0359674808	-0.1744801573	0.5413638331	-0.1461281833	0.1062246494	0.1934237278	-0.0165973753	-0.0687287603	0.1110292061	-0.0050960331	-0.0942181111	-0.0853403002	-0.0237065393	0.1475194482	0.1345213435	0.1294367287	0.0583804184	0.6915396838756322	-0.0979800659171274	0.0096000933171246	0.4782271343748094	-0.3871587099307874	-0.3328971462109678	0.1498918666752715	0.1108205099554064	-0.1675180630555104	-0.1583921729639997	0.0250880804562576	0.0280623014498699	-0.001959373283371	-0.0005426607853303	2.9448072793529824e-07	3.839143663588054e-06	-0.0045811133412478	0.0020849093018953	2.0986599445358584e-05	4.346846797129547e-06	0.0096852232638783	0.0007342281505262	9.380354967116942e-05	5.390909770252706e-07	0.0	0.0	0.0	0.0	1.0	0.0	0.0	0.0	0.0	0.0	0.0	0.0	0.0	0.0	0.0	0.0	0.0	0.0
865.7179826772367	-2.149277314578171	4.619392974960355	749467.6255307443	1111.8416399904106	-7.078449015152501	1236191.832416566	50.1044404601134	789.843320255878	-3.4641828549998763	12.000562852875094	623852.4705528294	839.4032646350646	728.9969820462741	2.039206	37.326515	0.5077049239573772	0.3268742965973839	0.0077567603	0.0357361309	0.2597811759	0.0506040027	0.0656864906	0.2845386078	0.0428884019	-0.2740589603	-0.0544293966	-0.0122937697	-0.1839041127	0.1607668796	0.212210697	0.0827107211	-0.2374290602	-0.0654606762	-0.1960399721	-0.0926492067	-0.0133136692	0.1120742062	-0.0803634158	0.1515383561	-0.3045115123	0.1169985779	0.1125967812	-0.0023904515	-0.2722257657	0.2950086581	0.0515250038	0.0718200619	-0.104442654	-0.0032090543	-0.0521318276	-0.1250132921	0.0872774973	0.4002572501	-0.2924691273	0.3824146687	-0.0091103955	-0.0068537219	0.2287600996	0.098407997	0.2436558851	0.4702569299	-0.2412121751	0.1410266911	0.2944255015	0.2817216521	-0.0863562033	0.0171522839	-0.1341479671	0.0561132212	-0.1256170115	0.0355671593	-0.1177215626	-0.2664584733	-0.1493369141	-0.0178654339	-0.0452000204	0.2278203093	-0.3040600964	-0.0039592663	0.1259946088	0.0471208409	0.6420838623807299	-0.0494558214949023	0.0024458782797356	0.4122716863297561	-0.2906677171833109	0.0964909927474764	0.0844877218125572	0.0093105116813935	-0.4725104403329538	-0.3049923772774434	0.0930203501973463	0.2232661162236419	-0.0019580799194536	1.2933639174004218e-06	1.6727902228333649e-12	3.834076970967416e-06	-0.0051490639576807	-0.0005679506164328	2.6512859640286434e-05	3.225679027065108e-07	0.0091191525954775	-0.0005660706684007	8.315894405960404e-05	3.204360016237266e-07	0.0	0.0	0.0	0.0	0.0	1.0	0.0	0.0	0.0	0.0	0.0	0.0	0.0	0.0	0.0	0.0	0.0	0.0
862.0275583022483	-3.690424374988425	13.619232067508705	743091.511272536	1120.0040318458089	8.162391855398255	1254409.0313508676	66.62464080107176	789.6713534117071	-0.1719668441709245	0.029572595494107	623580.8463990771	838.4348151817751	743.3436642808181	2.132344	39.031353	0.5372335842170505	0.3627666303923671	-0.0951502661	-0.081838017	0.016526185	-0.1257986915	0.1845840216	-0.1891668355	-0.20532704	-0.1985093092	-0.1718363238	-0.0169302338	-0.2835315983	0.0383775722	0.083777854	0.0067224001	0.0696561275	0.0418239579	0.0855260195	-0.2177306628	0.131181968	-0.0780431427	0.0606934566	-0.2230924823	0.1157656364	0.0402055479	0.1473410035	-0.0802447576	-0.3004663655	-0.170347442	0.0203928925	-0.0821925514	-0.0827317146	0.0292117063	-0.0550015729	-0.1613097504	-0.0568109415	-0.1713038619	0.1309485865	-0.0904441302	-0.1246527885	-0.0140666702	0.0794773446	-0.0170008589	0.0590851295	0.0061191243	-0.2149776368	0.0033744642	-0.1268458705	0.0728768578	-0.1520856706	-0.0722636172	-0.0650239545	0.3207393167	0.0611817996	-0.1897024972	0.1606066835	0.2405085229	-0.1576132357	-0.0414534496	0.1158736453	0.0531707202	0.1016265945	-0.0379051966	0.1223675745	0.0355847396	0.6510877056979751	0.0090038433172452	8.106919448150179e-05	0.4239152005110531	-0.1284280672796143	0.1622396499036966	0.0164937684651771	0.026321704000874	-0.1598717755124852	0.3126386648204686	0.0977429347407253	0.0255589846055144	-0.0026751211097782	-0.0007170411903246	5.141480686221194e-07	7.156272951980948e-06	-0.0052740375001087	-0.0001249735424279	2.7815471552552825e-05	1.561838630700303e-08	0.0088941388047173	-0.0002250137907601	7.910570507757809e-05	5.0631206032275064e-08	0.0	0.0	0.0	0.0	0.0	0.0	1.0	0.0	0.0	0.0	0.0	0.0	0.0	0.0	0.0	0.0	0.0	0.0
850.8451718400331	-11.182386462215163	125.04576699033296	723937.5064434955	1109.630357267194	-10.373674578614782	1231279.5297689207	107.61312426299858	787.8984819232686	-1.7728714884384544	3.1430733145179808	620784.0178169912	837.9517225844137	683.1495108677791	2.308069	42.247906	0.218469002689857	0.124689446816485	0.1308888103	-0.1978495973	0.0496394306	0.1597600584	0.008760255	0.0109512218	-0.0715151584	-0.4457418083	-0.1846200143	-0.1220157164	-0.2658318279	-0.1221276915	0.2481224661	-0.1983584778	-0.1900546814	-0.0832446578	0.010427917	0.0321269551	-0.0177123373	0.2820106964	-0.0258302328	0.1943726502	0.0421611866	0.1263004242	-0.0859220099	0.0952888087	-0.2512908918	-0.0314812675	0.2779513373	0.027305065	-0.2859946761	0.0083968071	0.0490688729	0.0143323507	-0.0129315821	0.0444248052	-0.2113063431	0.0766397627	0.0014281618	0.1374495845	0.022372695	0.0692426595	0.0983759872	0.1121988577	-0.0313072572	0.1012272018	-0.1320757671	0.3601392433	0.0922884793	-0.0326379716	-0.0919382292	-0.0483559972	-0.0023866741	0.4418328808	-0.0405235656	0.3633972734	-0.0541666929	0.0836257817	-0.1324078599	-0.1422217596	0.04583207	-0.2264891071	0.1185609488	0.023839813	0.649729876693911	-0.0013578290040641	1.8436996042777464e-06	0.4221489126686848	-0.2246224240615646	-0.0961943567819502	0.0504552333912933	0.0092533542766931	-0.1062199575143125	0.0536518179981726	0.002878517574509	0.0112826793743423	-0.0027751108941746	-9.998978439640024e-05	9.997956983638606e-09	7.701240474966549e-06	-0.0041120630336761	0.0011619744664325	1.6909062392925492e-05	1.3501846606413247e-06	0.0089774745320017	8.333572728439972e-05	8.059504897273915e-05	6.9448434420198446e-09	0.0	0.0	0.0	0.0	0.0	0.0	0.0	1.0	0.0	0.0	0.0	0.0	0.0	0.0	0.0	0.0	0.0	0.0
856.9308502207405	6.08567838070735	37.035481353408834	734330.4820600412	1117.9136060583892	8.283248791195092	1249730.8306104713	68.61221053683495	790.1001427456595	2.201660822390864	4.847310376850813	624258.2355667115	840.0840103706618	712.7198057262714	2.601719	47.622997	0.2832410254028825	0.1439805746451819	-0.1381745168	-0.0515232306	-0.3425088152	-0.106972139	-0.1612139046	0.0532033716	-0.1050521678	-0.2543501903	-0.0334199633	0.0962814769	-0.2601451367	0.0358204611	0.061066022	-0.1210465425	0.0473551192	0.2423605112	0.1892638557	-0.1129038024	0.0274372331	-0.1790104101	-0.0081469329	-0.1359598491	-0.1440003008	0.257433222	0.1076934917	-0.1644825095	-0.2081965054	-0.0179202627	0.0960781982	-0.0735336229	-0.1410439683	-0.0522076089	0.024470373	0.2362065657	-0.1723865301	-0.040158761	-0.0622893203	0.1402742382	-0.1351303215	-0.0724955131	-0.0092407317	-0.0479440725	0.0507016117	-0.25040956	-0.3889961676	0.0566032766	-0.1754523235	0.1151256522	0.1113994999	-0.0296794559	-0.0844546894	0.4430182617	0.0149402248	-0.0047543503	-0.0499889827	-0.0780823564	0.1552966263	0.0843451909	-0.0871665654	-0.1473614915	0.1605324156	-0.1597827797	0.1145803187	0.0119549848	0.6112677590927973	-0.0384621176011137	0.0014793344903619	0.37364827330633	-0.0996106882342644	0.1250117358273001	0.0099222892105038	0.0156279340945546	-0.0727606946809089	0.0334592628334036	0.0011195222693547	0.0052941186904484	-0.0016239609625665	0.0011511499316081	1.3251461650413336e-06	2.6372492079399133e-06	-0.0036123090402293	0.0004997539934468	1.3048776602122328e-05	2.497540539660242e-07	0.0089022202742353	-7.525425776640053e-05	7.924952581100602e-05	5.663203311971855e-09	0.0	0.0	0.0	0.0	0.0	0.0	0.0	0.0	1.0	0.0	0.0	0.0	0.0	0.0	0.0	0.0	0.0	0.0
848.6247608854197	-8.306089335320735	68.99112004632885	720163.9847878359	1107.543130592319	-10.370475466070276	1226651.7861222343	107.54676139236548	785.1091258633186	-4.991016882340887	24.910249519811742	616396.3395138643	833.6779044076299	617.053650027055	5.297421	96.966309	1.7935683699329423	0.9793672979578676	0.6240014995	0.114258489	0.3073608674	0.6920533019	0.1900729628	0.291182359	0.1678864224	-0.0246509035	0.0562932263	-0.7491775551	0.248922999	0.0118616532	0.2515382215	0.2096220673	0.0725104089	-0.0346024717	0.212266674	-0.0247437036	-0.2923137906	-0.100924461	0.1175109716	-0.0196174981	-0.109141339	-0.0691029607	0.0874872843	0.7827582899	0.0092658868	0.2427575102	0.1936316691	-0.0913996766	0.2160615014	-0.1354469773	0.0093189941	-0.019245304	-0.3391853199	-0.0835926275	0.091885392	0.0304380367	0.5086819682	0.2866348106	0.0427648408	0.6926902381	-0.0216523669	-0.2760336562	-0.1615208224	-0.0030164668	0.075470964	-0.0723708033	-0.0954031831	0.0785315531	-0.0438810735	-0.018400706	0.021645674	-0.0565750402	0.033808843	-0.018081305	0.0046940181	-0.0802981949	-0.0272636215	-0.0382878447	0.0434833334	0.0248241502	0.1104315261	-0.0	-0.052879672468336	-0.6641474315611333	0.4410918108492502	0.0027962597603584	0.0268713045432349	0.1264819927774993	0.0007220670078552	0.0159976944969673	-0.0191021908667892	0.0536585038141197	0.0028792350315698	0.0003648936959112	0.0007050834574514	0.0023290444200179	5.424447910416516e-06	4.971426819716202e-07	0.0035287895982472	0.0071410986384765	1.2452356028697636e-05	5.099528976445093e-05	-0.0006132455028741	-0.0095154657771094	3.760700467953078e-07	9.05440889553402e-05	0.0	0.0	0.0	0.0	0.0	0.0	0.0	0.0	0.0	1.0	0.0	0.0	0.0	0.0	0.0	0.0	0.0	0.0
850.0724858301852	1.4477249447654683	2.095907515696179	722623.2311655104	1109.9574831745686	2.4143525822496485	1232005.6144552226	5.829098391415546	787.1782141213203	2.0690882580016705	4.281126219400387	619649.5407872311	835.6596955931589	622.8072263336181	4.311985	78.928459	1.5760394284411063	0.90816312355361	0.6508180127	0.0712134168	-0.4691783918	0.3861692387	0.4456027227	-0.4141422838	-0.0563390155	0.3151958781	-0.1029280695	-0.4192544511	0.232000205	-0.0034064952	-0.3183036306	-0.453804278	-0.1874608773	0.050526052	-0.1959811127	-0.214992259	0.3415076124	-0.0114623628	-0.198723754	-0.0835228902	0.1403943051	0.1618714719	0.0447136209	0.47648199	0.144620705	-0.3711418542	-0.3978558331	0.0731316418	-0.4280262551	0.2708603917	-0.01961331	0.0198190915	0.2433986187	0.0502130804	-0.1974828834	-0.0223034314	0.6271676248	0.3513237968	0.1272620601	-0.6363767576	-0.0407408398	0.0668095309	-0.0828640099	-0.0708575391	-0.0302021169	-0.010741891	-0.0358717828	-0.0719432333	-0.0006616208	0.0354682816	-0.0070583544	-0.0327048399	0.0043653671	-0.01202013	0.0341916096	0.0290995717	-0.0459430144	-0.0129819005	-0.0021597443	-0.0052207708	0.10612066	-0.0119549848	0.6390853611107019	0.6919650335790379	0.4788156076960391	0.4084300987859963	-0.044858294355663	-0.0717295988988979	0.0020122665724993	0.0051451353581967	0.0073422090928261	0.0264443999596153	0.0006993062892241	5.390803436277826e-05	-0.0024502349741996	-0.003155318431651	9.956034405116528e-06	6.003651428790914e-06	-0.0017342141958187	-0.0052630037940659	3.0074988769791004e-06	2.7699208936352063e-05	0.0066864401914801	0.0072996856943542	4.470848243424044e-05	5.328541123635936e-05	0.0	0.0	0.0	0.0	0.0	0.0	0.0	0.0	0.0	0.0	1.0	0.0	0.0	0.0	0.0	0.0	0.0	0.0
865.9325697661837	15.860083935998546	251.54226245691916	749839.2153818667	1119.0200120395702	9.062528865001696	1252205.78734504	82.12942942898891	792.1850226221436	5.006808500823354	25.068131363917	627557.1100668461	838.6545732476739	746.8991910142165	5.297879	96.974678	0.6184992842138821	0.2607181510255409	-0.1713129973	-0.082006145	-0.2419031218	-0.063808206	-0.178909252	-0.380980427	0.0884056972	0.141613762	-0.2216385411	0.1750073641	0.0616610145	-0.2296518012	-0.215120852	-0.2517968368	-0.2160681925	0.1715472331	-0.0701539321	-0.1007802255	-0.4606469274	-0.1037624119	0.2772799467	-0.2348166615	-0.1121201984	0.0150751079	0.1866093662	-0.1715212378	0.2531387899	-0.2447427439	-0.0667818565	0.1351446571	-0.1455347896	0.0265626664	-0.008088229	0.2257095421	-0.5640259706	-0.0605581413	-0.0007558235	0.3346695653	-0.1355970968	-0.0155408208	-0.0933519141	-0.217653347	-0.1269550395	-0.3984128475	-0.4745219494	0.0104405281	0.2559294759	-0.0126192484	0.1485793987	0.2425758293	-0.0495767322	-0.3419474028	-0.1953804707	0.002511033	-0.0293691006	0.1339604862	-0.1752622509	-0.0367436933	0.1879491863	0.2069652525	0.0054735128	-0.0027148696	0.1016540472	-0.023839813	0.5244506826005875	-0.1146346785101144	0.0131411095171172	0.2750485184802221	-0.1530351891943695	-0.1081768948387065	0.0234197691317564	0.0117022405769445	0.0514732570826623	0.0441310479898362	0.0019475493966812	0.0026494961946978	-0.0009369144121907	0.0015133205620088	2.290139123398932e-06	8.77808615770645e-07	-0.0046569636287696	-0.0029227494329508	2.168731023968292e-05	8.542464247814805e-06	0.0092815034540248	0.0025950632625447	8.61463063670743e-05	6.734353336609144e-06	0.0	0.0	0.0	0.0	0.0	0.0	0.0	0.0	0.0	0.0	0.0	1.0	0.0	0.0	0.0	0.0	0.0	0.0
862.4140545275736	-3.518515238610121	12.379949484331636	743758.0014466888	1117.7043541863509	-1.3156578532193637	1249263.0233671276	1.7309555867377842	794.3156470159554	2.130624393811786	4.53956030750584	630937.3470943759	840.5213122850054	698.9416597689116	3.131451	57.319435	0.2422133394090606	0.1162473391834319	0.1472562733	-0.1196929661	0.1924319016	-0.0277734982	-0.067608112	0.0925241384	0.4721333859	0.119612853	-0.2059593563	0.0421554561	0.2402048727	-0.1778184804	0.073554754	0.2150078285	0.0250473593	-0.1638664996	-0.072280473	-0.0215830877	0.0766463527	0.0454572735	0.0595861194	-0.2288098077	-0.0575606805	0.2155914912	-0.1699987927	0.0234111892	0.2637664476	0.0649070018	0.1333325024	0.2629802214	0.1364673748	0.0385593259	-0.0936436864	-0.3140849887	0.0657629469	-0.1470887833	0.0079494453	0.1877199466	0.0489901052	0.14353402	-0.2958004849	0.0655744505	-0.0705656954	0.1285798739	0.2031550635	0.0208187589	0.1367950446	0.3305097511	0.3162688867	0.2901056065	0.3554745729	0.2255690231	-0.1328294815	-0.3106541763	0.0845572432	0.1041063433	0.1348902305	0.2103417645	0.186840783	0.019834072	-0.0779120139	-0.157177331	0.0970382431	-0.0355847396	0.5492767900989577	0.0248261074983702	0.0006163356135206	0.3017049921414144	-0.1579119482833846	-0.004876759089015	0.0249361834106543	2.3782779212291205e-05	0.1140187528972376	0.0625454958145753	0.003911939046691	0.0130002760122413	-0.0018207622780364	-0.0008838478658456	7.811870499599984e-07	3.3151752731203007e-06	-0.0038158647172608	0.0008410989115087	1.4560823540435847e-05	7.074473789412875e-07	0.0080071506912373	-0.0012743527627875	6.411446219218196e-05	1.623974964024137e-06	0.0	0.0	0.0	0.0	0.0	0.0	0.0	0.0	0.0	0.0	0.0	0.0	1.0	0.0	0.0	0.0	0.0	0.0
863.6011949617656	1.1871404341919742	1.409302410493509	745807.0239393895	1110.3083474059397	-7.396006780411199	1232784.6263193088	54.700916295888426	795.3141053578375	0.9984583418821558	0.996919060474064	632524.5261811375	841.999516497837	729.6062919660715	2.639202	48.309105	0.4447623099348303	0.2191433381565386	-0.0527107583	-0.1898144641	-0.194544949	0.2168973052	-0.4340186947	-0.3098290536	0.0875631506	-0.1542618999	-0.0246021128	0.1551215822	0.1497969915	-0.3609063522	0.1094127012	-0.2378972397	-0.1621190705	-0.2600570927	0.4752533745	-0.0221752563	-0.0968042424	-0.0936987244	-0.0078438324	0.0816889272	0.1972846679	0.0664573795	-0.208491131	-0.076486365	0.2924440175	-0.1009059006	0.2759979591	0.0548926353	-0.327213247	-0.2084475283	0.445616369	-0.2087387728	-0.0906009749	-0.0381151847	0.0592226425	-0.1412889577	0.0484022693	-0.0788863895	-0.6041606935	-0.1112194759	0.3500390593	-0.2356179976	0.0998309455	-0.0273320259	0.305951409	0.163053712	-0.3775442891	-0.1683081003	-0.0046465881	0.049504597	0.1569270309	0.1200081869	0.1626264151	-0.0914530501	0.0047154358	0.0130505888	-0.1211924853	0.0425825408	-0.045965002	0.0548224267	0.092280022	-0.0471208409	0.4358343719488431	-0.1134424181501145	0.0128691822357454	0.1899515997720425	-0.1996006290151228	-0.0416886807317382	0.0398404111032326	0.0017379461011528	0.10510730222245	-0.0089114506747876	7.941395312917241e-05	0.0110475449804814	-0.0028167025874479	-0.0009959403094115	9.918970999106747e-07	7.933813466135696e-06	-0.0012943376102634	0.0025215271069974	1.675309849342369e-06	6.35809895132268e-06	0.0059102229000824	-0.0020969277911548	3.493073472865841e-05	4.397106161317766e-06	0.0	0.0	0.0	0.0	0.0	0.0	0.0	0.0	0.0	0.0	0.0	0.0	0.0	1.0	0.0	0.0	0.0	0.0
862.9680224721008	-0.6331724896648439	0.4009074016683768	744713.8078094082	1121.4089470598242	11.1005996538845	1257558.0265458236	123.22331267582072	795.977928921438	0.663823563600431	0.4406617235911755	633580.8633300618	844.0232666958584	701.4727403728779	2.767378	50.655293	0.7319511903961432	0.4188194203693072	0.034281859	0.1256036499	-0.0732522197	0.3214889662	-0.5190433492	0.1976045512	-0.3761916086	0.2312040296	0.0782212153	0.1657427521	0.3586948752	0.0693764323	0.2790933325	-0.1356119215	-0.3538830019	0.165244693	0.1225301419	0.2039857562	0.1471222631	-0.0404289089	-0.1690571991	0.094955821	-0.2425176699	-0.1770563667	0.1104458616	-0.0184069101	0.3464220863	0.419778322	0.0865475252	-0.0438686792	-0.3389852684	-0.1779853088	0.0191403626	0.3182747706	0.1899268169	0.235827714	0.1247644769	-0.1650891477	0.2264358526	-0.2202048929	-0.3645172823	0.0147812924	0.2846994095	0.193508107	0.0320173631	0.2507481554	-0.161944823	-0.4119809633	0.2127396554	0.0678981741	-0.2656028938	0.0336706133	-0.007301967	-0.0754969607	-0.373750419	0.1524030994	-0.1604987702	0.0005472438	0.0878379952	0.020629511	0.0293273361	-0.0532927181	0.0873863672	-0.0583804184	0.4264965508754983	-0.0093378210733447	8.719490239780221e-05	0.1818993079086965	-0.0078331690753117	0.1917674599398111	6.135853776241956e-05	0.036774758691767	-0.0704374692985823	-0.1755447715210323	0.0308159668083714	0.0049614370811887	0.0028917697001851	0.005708472287633	3.258665585867393e-05	8.362331998908624e-06	-0.0020580675975523	-0.0007637299872889	4.235642236094696e-06	5.832834934843034e-07	0.0065440433823996	0.0006338204823172	4.2824503790728e-05	4.017284038048084e-07	0.0	0.0	0.0	0.0	0.0	0.0	0.0	0.0	0.0	0.0	0.0	0.0	0.0	0.0	1.0	0.0	0.0	0.0
867.4783926168858	4.510370144785043	20.343438842968247	752518.7616571758	1124.264090637868	2.855143578043908	1263969.7454977925	8.151844851245368	797.184452572103	1.2065236506650765	1.455699319614183	635503.0514226836	844.4168835757823	727.395745884822	2.455279	44.942493	0.7342723238301289	0.4047183376056469	-0.0848219844	0.4172009921	-0.0553816407	-0.123263161	0.1053640688	0.1693229822	-0.2254127713	0.141377463	0.420120819	0.195901888	0.2736197031	0.3288330432	0.1100571682	0.1397628287	0.0668420044	0.2552403024	0.2302276393	-0.1863314243	0.054789238	0.2381439381	-0.1644557711	-0.1144818965	0.0893504344	0.0403926126	0.0950300119	-0.1174631027	0.1055880784	0.2811232803	-0.3248893279	-0.3795585492	-0.0716665303	-0.2341508631	-0.1379839161	-0.1528843444	0.0089774043	-0.2208852513	-0.3209435219	-0.1284587566	0.1745187699	-0.3979029698	-0.1635107248	0.0611928311	-0.0282962797	0.3346933985	-0.3486686938	-0.2519132338	-0.2399345411	-0.0346007505	0.075265606	-0.0129055007	0.1234110025	-0.2287154114	0.05406228	-0.103555285	0.4068013721	-0.0664026475	0.1688112553	-0.0546067971	-0.0126881242	-0.0918090849	-0.0486499193	0.0176524966	0.0823644609	-0.0692973963	0.489024999259172	0.0625284483836736	0.0039098068572697	0.2391454499004331	-0.1323201424822713	-0.1244869734069596	0.0175086201065285	0.015497006548025	-0.2535041768152979	-0.1830667075167156	0.0335134194010107	0.0642643676628018	0.0080381896031878	0.0051464199030027	2.648563781802232e-05	6.461249209679643e-05	-0.0040553828323977	-0.0019973152348454	1.6446129917305993e-05	3.989268147345535e-06	0.0064039746297921	-0.0001400687526074	4.101089105902087e-05	1.9619255457021008e-08	0.0	0.0	0.0	0.0	0.0	0.0	0.0	0.0	0.0	0.0	0.0	0.0	0.0	0.0	0.0	1.0	0.0	0.0
860.1452950572107	-7.333097559675139	53.77431981971348	739849.9286090559	1116.7702919860178	-7.493798651850284	1247175.8850625355	56.157018234473135	790.5404573156922	-6.643995256410904	44.142672967210586	624954.2146529037	839.189441338014	713.2725473726713	2.030897	37.174419	0.4105231085537441	0.1927550782603073	0.002929759	0.2203923396	-0.060926294	0.0678638592	0.0359875775	-0.0383881376	-0.1524862519	-0.1210634711	0.1863783926	-0.0283951308	-0.0562710395	0.0992422091	0.0268413734	-0.1749096051	0.141062569	-0.0332003217	0.064286355	0.0282196298	-0.0998082521	0.4507383707	0.0242402644	0.0332116265	-0.0905418449	0.0412089462	-0.2227713074	0.0178293753	-0.0923743375	0.0016104532	-0.0197838644	-0.2590161043	-0.0292166301	-0.0300947842	0.1709700436	0.0252113386	-0.028055376	-0.0686854143	-0.1671105711	0.0530351	0.134751564	-0.2307945268	0.0057466529	0.0558668442	-0.0702721695	0.096363848	0.0272155447	-0.0896172741	-0.0576485707	0.2443214595	-0.131107853	-0.0480226465	0.1763953504	-0.1812017669	-0.1284554796	0.3070191572	-0.1794161	-0.0234665215	-0.0214656099	0.1425593925	0.3111800686	-0.0185693313	0.4000050155	0.2264140893	0.0772216734	-0.0798077096	0.5396500443053185	0.0506250450461465	0.0025628951859243	0.2912221703187322	-0.2351925488781319	-0.1028724063958606	0.0553155350477924	0.0105827319976751	-0.1557209054139008	0.0977832714013971	0.0095615681659592	0.024249000382925	0.0070812686326318	-0.0009569209705559	9.156977438898356e-07	5.0144365447495046e-05	-0.0034895487617279	0.0005658340706698	1.217695056047672e-05	3.201681955307564e-07	0.0080660673027731	0.0016620926729809	6.506144173286531e-05	2.762552053577124e-06	0.0	0.0	0.0	0.0	0.0	0.0	0.0	0.0	0.0	0.0	0.0	0.0	0.0	0.0	0.0	0.0	1.0	0.0
866.1051284246881	5.959833367477472	35.51961376809786	750138.0934835455	1116.38615450532	-0.3841374806977455	1246318.0459711764	0.1475616040768108	791.9628031107446	1.422345795052479	2.0230675607034683	627205.0815110281	838.9600844651126	718.3958419388991	1.632503	29.882048	0.3571211893911235	0.2129791879797691	-0.0814894158	0.2476944461	-0.1738838743	-0.0510256936	0.0150128281	-0.0004034942	-0.0856106385	0.0653782102	0.0465492735	0.0358336223	0.0386741123	0.1909800401	-0.1231220452	-0.1259931454	0.1331982354	-0.0398268217	-0.0173479269	0.044936293	-0.1631763194	-0.1672574122	0.0294103478	0.1133325327	-0.105719004	0.1749604205	-0.0016197683	-0.0506169197	0.0228069198	0.0539355771	-0.1381777579	-0.1380996161	0.1065548055	0.1788600435	0.1047491594	0.1400891337	-0.1451595975	0.1186317994	0.0243784915	-0.0453743685	0.0690257778	-0.2512426876	0.0773824055	-0.0428224339	-0.0887207915	-0.1450339934	0.0234763593	0.0496334211	0.0005151603	0.0006029556	0.009116482	0.1153174575	0.0532806145	0.1516346239	0.0333296577	-0.0079946083	-0.2358380101	-0.1637785581	0.0415535919	0.0305625835	0.0146690274	-0.2418259717	-0.1551730193	-0.0028944341	0.0719655524	-0.0898496795	0.5446354850047896	0.0049854406994711	2.485461896794344e-05	0.2966278115264024	-0.084909830581239	0.1502827182968929	0.0072096793293347	0.0225848954187032	-0.1274193567886214	0.0283015486252793	0.000800977654589	0.016235692484426	0.0047270454241541	-0.0023542232084777	5.542366915335037e-06	2.234495844201621e-05	-0.0028079779661731	0.0006815707955547	7.884740258513619e-06	4.6453874935320286e-07	0.0085013029341302	0.0004352356313571	7.227215157785076e-05	1.8943005480281442e-07	0.0	0.0	0.0	0.0	0.0	0.0	0.0	0.0	0.0	0.0	0.0	0.0	0.0	0.0	0.0	0.0	0.0	1.0
868.4790345846706	2.3739061599824254	5.635430456402505	754255.8335131214	1114.135778323838	-2.2503761814821246	1241298.532541264	5.064192958182068	790.3936689306574	-1.5691341800871896	2.4621820751178967	624722.1518856657	837.4014839858152	737.8856298652062	1.463283	26.784571	0.0743734451791535	0.0450678159640996	-0.0293716863	0.2329195	0.1131299958	0.0443690439	0.0884789451	0.0337122195	0.0407260361	0.0159721016	0.1153916231	-0.0689908103	-0.1137284522	0.1271088354	-0.1596519108	-0.0915206461	0.0390310043	-0.318490993	0.0976520968	-0.0698619264	-0.0885521876	0.1007627897	-0.0085395981	-0.0161273528	-0.144283214	-0.0522701213	0.0915820594	0.0415365609	-0.1055973022	-0.019026065	-0.1344659377	-0.0136282161	0.0701748468	0.1061466207	0.3677867326	-0.1161642295	-0.0719788729	0.0451398688	-0.0385715932	0.0007713969	0.0895289115	-0.1944165681	0.1151791209	0.0306425965	-0.0728324906	-0.0810624808	0.1021197485	-0.1028488607	0.0542505491	0.066613834	-0.0792235509	-0.1356582473	0.1584069257	0.0511276257	0.0271026238	0.0760825527	-0.1808968376	0.0423441028	-0.0656791552	-0.2744955398	0.2220497508	0.0627149224	-0.1707089536	-0.2484040653	0.066603812	-0.0993643757	0.5399499193718214	-0.0046855656329682	2.1954525300853543e-05	0.2915459154296363	-0.0970352950494088	-0.0121254644681698	0.0094158484853258	0.0001470268885688	-0.1556866272103718	-0.0282672704217503	0.0007990385770963	0.0242383258921412	0.0052137728225208	0.0004867273983667	2.369035603208163e-07	2.718342704485651e-05	-0.0028700115916469	-6.203362547379989e-05	8.236966536187571e-06	3.848170689423674e-09	0.0084641610648454	-3.714186928480134e-05	7.16420225316448e-05	1.3795184539692695e-09	0.0	0.0	0.0	0.0	0.0	0.0	0.0	0.0	0.0	0.0	0.0	0.0	0.0	0.0	0.0	0.0	0.0	0.0
865.3049470857793	-3.1740874988912537	10.074831450617737	748752.6514511233	1124.5025595103791	10.366781186541177	1264506.0063453938	107.47015216962406	790.511432809036	0.1177638783785823	0.0138683310507655	624908.3254017951	840.2824092822128	742.6500370260385	1.310291	23.984135	0.1229805103708502	0.0676290037889756	-0.0801412347	0.2223993716	-0.0568023572	-0.1171440905	0.1383951722	0.0237771028	-0.0977066383	0.0240165895	0.1147872959	-0.0082647988	-0.0594944997	0.1956898785	0.0217315734	-0.0968687257	0.0756349126	0.052098171	-0.1087697755	-0.0391213228	-0.0551834064	-0.0248628027	0.0935150056	-0.1277950618	-0.0091413573	0.0863505193	-0.0694516368	-0.0346991666	-0.1158943271	0.0431045837	-0.099844539	-0.1759668053	-0.0325102022	0.1658368853	-0.0035541143	-0.083740189	-0.0697430484	-0.1167289159	0.1206387583	0.0033011444	0.0590903064	-0.2171941553	0.0947770242	-0.0240904593	-0.0898266271	-0.1393139429	0.0437773461	0.0364191257	-0.0838586726	0.0971198899	-0.0463676767	-0.119598007	0.1281745961	0.0228109238	0.0034994933	-0.0584348244	-0.0360132446	0.1618482114	-0.1134887923	-0.1816259698	-0.1017496413	-0.0375767478	-0.1684294149	-0.0837626619	0.0611443214	-0.1082959623	0.5408617843516339	0.0009118649798125	8.314977414085401e-07	0.2925314697720333	-0.0446464307891147	0.0523888642602941	0.0019933037822072	0.0027445930984835	-0.1320474868241632	0.0236391403862085	0.0005588089581988	0.0174365387765775	0.0050822348417899	-0.0001315379807309	1.7302240374762695e-08	2.5829110987103205e-05	-0.0026720654959542	0.0001979460956926	7.1399340146689646e-06	3.918265679998351e-08	0.0090554898033125	0.0005913287384671	8.200189557789665e-05	3.496696769370923e-07	0.0	0.0	0.0	0.0	0.0	0.0	0.0	0.0	0.0	0.0	0.0	0.0	0.0	0.0	0.0	0.0	0.0	0.0
863.343949517558	-1.9609975682212732	3.845511462569748	745362.7751685758	1119.3538421741032	-5.148717336275922	1252953.023989927	26.50929020886823	791.8035261666791	1.2920933576431253	1.6695052448654852	626952.8240499869	840.2326700874929	721.4785801462027	1.179291	21.586264	0.05186396910918	0.0285651371115018	-0.0116784123	0.2015987703	-0.0059464314	0.0137609967	0.0467751929	0.0019070467	-0.1558741958	0.0132085948	0.0246358123	-0.0114664653	0.0854351886	0.2099772596	-0.0040197999	-0.071324946	-0.0319240286	0.1010303044	-0.0399404787	0.1334749929	-0.1760185796	0.1323979893	0.1361799517	-0.0549356179	0.1434476883	-0.1172633074	-0.0527950847	0.0223389531	0.0101495483	0.103846252	-0.1300271565	-0.0803768718	-0.040602325	0.0853068348	-0.0159017041	0.1125567113	-0.0914555034	-0.195909721	0.1002017405	-0.056182526	0.0895603752	-0.1772892407	0.096973445	0.0106137588	-0.0710760982	-0.1358664544	0.1017290806	0.0416351174	-0.0167757038	0.0363567559	0.1826273189	-0.0128594186	0.0972675339	-0.0290730902	0.1304687697	0.0738110437	0.0212224339	0.0028582395	-0.1487430828	0.0653136694	-0.1700207171	0.0659043974	-0.0894120231	-0.0386191323	0.055595093	-0.1165920251	0.5401041312892687	-0.0007576530623651	5.740381629113555e-07	0.2917124726357356	-0.0500479136506157	-0.005401482861501	0.0025047936607794	2.917601710308905e-05	-0.1070424656128494	0.0250050212113138	0.0006252510857782	0.011458089444478	0.0051101038065044	2.7868964714500465e-05	7.766791942580717e-10	2.611316091325076e-05	-0.002476915785204	0.0001951497107501	6.135111806992748e-06	3.80834096058867e-08	0.0088645122392972	-0.0001909775640152	7.857957724064986e-05	3.6472429957217976e-08	0.0	0.0	0.0	0.0	0.0	0.0	0.0	0.0	0.0	0.0	0.0	0.0	0.0	0.0	0.0	0.0	0.0	0.0
870.7250931136567	7.381143596098695	54.48128078622878	758162.1877777862	1122.5496318280052	3.195789653902011	1260117.67591719	10.213071511987136	794.51474727615	2.7112211094708982	7.350719904440608	631253.6836392846	840.247219900067	735.0769034781823	1.255671	22.98435	0.2329889247387054	0.094737843649895	-0.069274878	0.2129099175	-0.0650305865	-0.0929615498	-0.0060394597	0.0152526738	0.0081566554	0.1592946565	0.0526828291	0.0916027885	0.1915364888	0.1688431239	-0.1521085463	0.0107475636	0.1630464601	-0.0825757283	-0.0094054813	0.013327229	-0.0902916299	0.0173965191	-0.0109948598	0.1751185466	0.0583826656	0.173072358	0.1336055587	-0.0646122404	0.1523983756	0.0561895692	-0.1984759216	-0.0517940875	0.1865379926	0.1319251609	0.0381788901	0.0130968783	-0.0583851622	-0.0035534662	-0.011600897	0.0388768232	0.0452861702	-0.1789904739	0.0854345228	-0.0430396392	-0.1054525959	-0.0962763167	0.0920746363	0.099876145	0.0393057947	0.0544328472	0.057559597	0.1414288997	0.0588171504	-0.0293677913	0.0696608045	-0.0296804511	0.0124985686	-0.2215960005	-0.1419881656	0.1053596701	-0.2550127834	-0.0498279295	0.0019908585	-0.0073841554	0.0499642712	-0.1242038795	0.5840027766802507	0.0438986453909819	0.0019270910671631	0.3410592431702428	-0.1127511107214047	-0.062703197070789	0.0127128129689104	0.0039316909228982	-0.1265634668039439	-0.0195210011910944	0.0003810694875027	0.016018311129433	0.0042461635396955	-0.0008639402668089	7.463927846138336e-07	1.8029904805839417e-05	-0.0032458311878362	-0.0007689154026321	1.0535420099930158e-05	5.912308964050381e-07	0.0083600462870215	-0.0005044659522757	6.989037392114197e-05	2.544858970054289e-07	0.0	0.0	0.0	0.0	0.0	0.0	0.0	0.0	0.0	0.0	0.0	0.0	0.0	0.0	0.0	0.0	0.0	0.0
872.2726542917413	1.5475611780846066	2.394945599914615	760859.5834251597	1122.4567298200586	-0.0929020079465772	1259909.11031834	0.0086307830805058	794.324411764314	-0.1903355118359968	0.0362276070658708	630951.2711247235	841.678878184115	745.1537456571139	1.123877	20.571932	0.0848109739092803	0.0371938897362195	-0.0356455585	0.1897822776	0.1102081857	0.0068094018	-0.0337305172	0.0940400351	0.0412242366	0.1219190304	-0.0515855009	0.1006472038	0.0909350355	0.1728087936	-0.0335764585	-0.0950163011	-0.0037849834	-0.1942085592	-0.0356213299	-0.1158307996	-0.0926349073	0.0030767392	-0.089178324	-0.0076915494	-0.0345093051	-0.2341685094	-0.1473449151	-0.0448974982	0.0678750712	0.1606377518	-0.0805019549	0.0469619942	-0.0095010421	0.1662806181	0.1419435865	-0.1413791461	-0.0768768243	0.0985758244	0.0864767775	-0.0366939295	0.0488995923	-0.1350478273	0.1100824218	-0.0230483337	-0.0787259943	0.0139094272	0.1713866399	0.0424739775	0.1399253653	0.0052099666	0.0004906558	0.063577934	0.0356124079	-0.0032263232	-0.0172137769	-0.0675447125	0.0693456036	-0.067575446	-0.1374077298	-0.0825553929	-0.1151644213	0.0735421345	0.1866137879	-0.0624813314	0.0442601199	-0.1310868562	0.5805818257540523	-0.0034209509261984	1.1702905239457893e-05	0.3370752563959087	-0.1174306302672647	-0.00467951954586	0.013789952924967	2.189790318008581e-05	-0.1532430225063308	-0.0266795557023868	0.0007117986924767	0.0234834239468758	0.0038532725199265	-0.000392891019769	1.543633534151248e-07	1.484770911282072e-05	-0.0034717427310311	-0.0002259115431949	1.2052997590467282e-05	5.103602534870124e-08	0.0087418626787543	0.0003818163917328	7.642016309419732e-05	1.457837569958556e-07	0.0	0.0	0.0	0.0	0.0	0.0	0.0	0.0	0.0	0.0	0.0	0.0	0.0	0.0	0.0	0.0	0.0	0.0
870.617874991654	-1.6547793000872844	2.738294531997363	757975.4842549834	1123.821133940659	1.364404120600284	1262973.9410916683	1.8615986043110344	791.0824369297834	-3.241974834530652	10.510400827730043	625811.4220187648	839.8272889812341	748.4784821260893	1.015455	18.587339	0.1283044783367044	0.0687613805546651	-0.0810512808	0.1426251467	0.1033060239	-0.0600524134	0.0038842176	0.0796620524	0.0110935294	0.1216307322	-0.0739727606	0.0194130665	-0.0548868747	0.1512011447	-0.0012653405	-0.0019414302	-0.0567547183	-0.0503186846	-0.1195712124	-0.0018662258	-0.0383545501	-0.2778733298	0.1060893624	-0.0571227543	-0.261464172	-0.1854260683	-0.2404736638	-0.0430349299	-0.0478231684	0.088465824	-0.0636011062	0.1009040302	-0.0054286982	0.1273383079	0.0151631137	-0.0016836555	0.0042324203	0.1323973518	0.2681611718	0.1261920038	0.0061733251	-0.1264375173	0.1123288673	-0.0331722213	-0.0239651238	0.0372388715	0.1193117283	0.0629573843	0.1376071905	-0.141239112	-0.0892576272	0.1866992626	-0.1265173507	0.0945677066	-0.2015690648	-0.0120509549	0.1748674756	0.037996567	0.0342065326	-0.0851661459	-0.1502712518	-0.0573837927	0.131966754	-0.016455228	0.0384910108	-0.1372005631	0.572244602989386	-0.0083372227646663	6.950928342767012e-05	0.3274638856504799	-0.1139501231495074	0.0034805071177572	0.0129846305657879	1.2113929796759213e-05	-0.1783297580858516	-0.0250867355795208	0.0006293443020367	0.0318015026189583	0.0028988430743854	-0.000954429445541	9.109355665158912e-07	8.403291169912199e-06	-0.0034941346439978	-2.2391912966699717e-05	1.2208976910385632e-05	5.013977663082546e-10	0.0078906837797669	-0.0008511788989874	6.226289051227644e-05	7.245055180814045e-07	0.0	0.0	0.0	0.0	0.0	0.0	0.0	0.0	0.0	0.0	0.0	0.0	0.0	0.0	0.0	0.0	0.0	0.0
869.1580163339862	-1.4598586576678372	2.1311873003677397	755435.6573576299	1121.7140933701278	-2.107040570531126	1258242.5072651678	4.439619965864132	792.1866550835873	1.104218153803913	1.2192977311901223	627559.6964925225	839.5964937531546	741.8580459418664	0.992062	18.159126	0.1935907879293769	0.0983593739803476	-0.0353251878	0.0279595045	0.1452817516	-0.0519022079	0.0749531175	0.113092434	0.0223872165	0.0134554379	-0.0131510604	-0.0068928295	0.0078207431	0.115226276	-0.0825968825	0.1079056791	-0.0321793543	-0.0293344165	-0.0962401383	0.0216842479	0.0234891009	-0.2135400796	-0.0110398907	0.1098144155	0.057081311	0.0237659514	-0.2537526346	-0.0067915727	-0.0369455089	0.0852785675	-0.0943289876	0.0524225034	0.0783982522	0.0813072278	-0.0458670647	-0.029981717	0.0677181768	0.1771309089	0.1485934285	-0.0080038843	-0.0152265768	-0.0327730336	0.1013215414	-0.0005535569	0.0596535084	0.0433910546	0.1378277435	0.0865606086	0.1393577325	-0.0978018529	-0.0660978667	0.0418469922	-0.0757489607	0.0365266304	-0.2227307419	-0.007227597	0.1271599486	0.143024255	0.0592445213	-0.0334843588	-0.0491842474	-0.0181588447	0.0984519143	-0.0141858305	0.0326654109	-0.1425091225	0.564629418640024	-0.0076151843493619	5.799103267476681e-05	0.3188063803937715	-0.1524775061152183	-0.0385273829657108	0.0232493898711164	0.0014843592381865	-0.1614373567745275	0.0168924013113241	0.0002853532220628	0.026062020162346	0.0013930828412715	-0.0015057602331139	2.2673138796272266e-06	1.9406798026450754e-06	-0.0028772171684339	0.0006169174755638	8.27837863433079e-06	3.805871716561348e-07	0.0083791224571487	0.0004884386773818	7.020969315189368e-05	2.385723415624828e-07	0.0	0.0	0.0	0.0	0.0	0.0	0.0	0.0	0.0	0.0	0.0	0.0	0.0	0.0	0.0	0.0	0.0	0.0
867.9424330908965	-1.215583243089668	1.477642620880395	753324.0671597454	1119.1032147459175	-2.6108786242102724	1252392.0052546472	6.816687190358125	791.9661612100848	-0.2204938735025052	0.0486175482521387	627210.4005018381	838.9492648263996	745.5429327509953	0.981658	17.968704	0.144321410846212	0.071066369660863	-0.0649257268	0.0447216857	0.1247009048	-0.0765177977	0.149352155	0.0548908474	0.0084889476	-0.07959051	-0.016981326	0.0118524203	-0.0768933648	0.0793437401	-0.1175537366	0.1580713793	-0.0302198775	-0.0368169102	-0.0211230523	-0.1414797554	-0.0097820661	-0.0038016779	-0.101694638	0.1484862826	0.1109404993	0.1032377596	-0.1781466215	-0.0306843642	-0.1058211289	-0.0061787276	-0.1289882543	0.020413217	0.0813547584	-0.0537484762	-0.01967981	-0.0942679969	-0.044202067	0.1205602365	-0.0626726403	-0.0524291638	-0.0365030239	-0.0456507916	0.0665013028	0.0094659201	-0.0198311579	0.0277044726	0.0356534076	-0.0673831293	0.1325793213	-0.0791446237	-0.0781588673	-0.1914490488	-0.0518412001	0.0188736596	-0.1961852634	-0.0226359562	0.131668248	0.1985317574	0.1009001468	-0.0004806675	0.030792733	-0.0223671491	-0.0261401643	-0.0670868017	0.0267918699	-0.1469813818	0.5338424534512711	-0.0307869651887529	0.0009478372255334	0.2849877651068725	-0.1213253631325272	0.031152142982691	0.0147198437392395	0.000970456012414	-0.1525250109764044	0.0089123457981231	7.942990762532268e-05	0.0232638789733522	0.0024189163974605	0.0010258335561889	1.05233448500337e-06	5.851156537903284e-06	-0.002960855981861	-8.363881342710001e-05	8.766668145322068e-06	6.995451111493245e-09	0.0080191956892319	-0.0003599267679167	6.43074995021955e-05	1.295472782630337e-07	0.0	0.0	0.0	0.0	0.0	0.0	0.0	0.0	0.0	0.0	0.0	0.0	0.0	0.0	0.0	0.0	0.0	0.0
864.5544483739073	-3.3879847169891946	11.478440442552351	747454.3942031112	1120.173627942908	1.0704131969905577	1254788.9567387763	1.145784412291546	792.2562389087547	0.2900776986698474	0.0841450712655948	627669.9480898457	840.5893810143632	737.6264079900889	0.979011	17.920252	0.1274910444502017	0.0585552953238903	-0.0208063969	0.0324381353	0.1291742023	-0.0284632797	0.1023694447	-0.023174479	-0.0711985233	-0.0552327775	-0.0616845451	-0.0085751348	-0.04123875	0.0791245007	0.0314177535	0.0973130235	-0.0847373736	-0.0211856857	-0.0018389687	-0.0856492044	0.0390974911	0.0164181469	0.056167802	-0.0211658118	0.2100153434	0.0906312776	0.0369819753	-0.0074961592	-0.0875244874	0.0200456074	-0.0290295684	0.0246490561	-0.0371772654	0.0050254618	-0.0881942626	-0.0627898679	0.0272875335	-0.132108222	0.0151089611	-0.0326988795	-0.0107663173	-0.0214805958	0.0754786827	0.0417546712	-0.0346033989	0.0031571473	0.0583933833	-0.0383638853	0.0833823883	0.0070986085	0.031869367	-0.1799429318	-0.099035543	-0.0342178771	0.0146411162	-0.0264322628	0.0570150323	0.2341122939	0.0813209764	0.0452586191	0.0472139628	0.1455432582	-0.0448222226	0.0607502706	0.0208790082	-0.1505910958	0.5390214265036946	0.0051789730524234	2.682176187772806e-05	0.2905440982300778	-0.1165759098175982	0.004749453314929	0.0135899427498007	2.255730679069007e-05	-0.1078545259645551	0.0446704850118492	0.0019954522311938	0.0116325987710388	0.002841015447384	0.0004220990499235	1.7816760794632153e-07	8.07136877227451e-06	-0.0034639269954535	-0.0005030710135924	1.1998790229831511e-05	2.530804447169852e-07	0.0074865230913279	-0.000532672597904	5.604802799698586e-05	2.837400965577968e-07	0.0	0.0	0.0	0.0	0.0	0.0	0.0	0.0	0.0	0.0	0.0	0.0	0.0	0.0	0.0	0.0	0.0	0.0
863.6715843470548	-0.8828640268525305	0.7794488899102657	745928.6056085519	1121.9502474237436	1.7766194808355067	1258772.3576941995	3.156376779684225	792.1755546788402	-0.0806842299144818	0.0065099449568929	627542.1094307281	840.65187681391	730.217609232389	1.064828	19.491083	0.0653569847387445	0.0359365459098694	-0.0329529732	0.0179964157	0.0066558828	-0.0544179467	0.0114266715	-0.0084130909	-0.1041412161	-0.0619063867	-0.1022021164	0.042041722	-0.0871582457	0.0352273854	0.1399467876	-0.0006633314	-0.0356358753	-0.0464356077	-0.0588006436	-0.0033599732	0.0316867719	0.0158849188	-0.0911880791	0.0224978141	0.1478253922	0.1094111041	0.0086794908	-0.0513102881	-0.0778948397	0.0313284549	0.0765166	-0.0233955891	-0.0704912114	0.1122529726	-0.0847404904	-0.0282819604	0.0444281391	-0.0967660306	-0.061213228	-0.0010684138	-0.0343795395	-0.0126653441	0.0511243659	0.0005213021	-0.0453290764	-0.0387475748	0.0109205437	0.0601356517	-0.0208205857	0.1124537327	0.0356583623	-0.163043148	-0.15000515	0.0034144054	0.0654278269	-0.1880893989	-0.0406311006	0.1255379654	0.0958951616	0.0101569501	-0.0326978222	-0.067430093	-0.109051755	0.3705592841	0.0149355036	-0.1533170814	0.5443375671980846	0.00531614069439	2.8261351882549543e-05	0.2963033870631292	-0.1065171028600389	0.0100588069575593	0.0113458932016961	0.0001011795974094	-0.0903933973977899	0.0174611285667651	0.0003048910108251	0.0081709662931147	0.0023977784666856	-0.0004432369806984	1.9645902105863397e-07	5.749341575301147e-06	-0.0036700936315641	-0.0002061666361106	1.3469587264447366e-05	4.2504681845160644e-08	0.0074855085377363	-1.0145535916002146e-06	5.603283806852304e-05	1.029318990228895e-12	0.0	0.0	0.0	0.0	0.0	0.0	0.0	0.0	0.0	0.0	0.0	0.0	0.0	0.0	0.0	0.0	0.0	0.0
860.7699381091031	-2.901646237951695	8.419550890219226	740924.8863523492	1120.537794533189	-1.4124528905545048	1255604.9489773037	1.995023168035776	790.5678038967908	-1.6077507820493793	2.584862577180391	624997.4525581946	840.5068639690957	722.1455366222675	1.006243	18.418703	0.0558505985813401	0.0277501647232885	0.0050167993	-0.0053899015	0.0296252761	0.0050169994	0.0131466775	0.1016968657	-0.1621257824	-0.0751711474	-0.1812859162	-0.0357308285	-0.1155218898	0.0156411914	0.1048333866	0.0407135687	-0.0503943388	-0.0014499991	-0.0475013844	-0.0545054519	-0.0360932272	0.0257882156	-0.0171021303	-0.0460770885	0.1057282489	0.0079227115	0.0210154088	-0.004455833	-0.1201661361	0.0812214122	0.091458458	0.0673054009	-0.0777226818	0.0736789405	-0.1000844778	0.0051979584	-0.0956551438	-0.1005557889	-0.0673962525	-0.1426935995	-0.0170012734	0.005906642	0.0632880137	0.0305869655	-0.0446547265	-0.0234406719	0.0037886242	-0.0029803846	0.0534998505	0.0425054709	0.1152565863	-0.1967122605	-0.0973758668	0.0534569301	0.1902072141	-0.0002136232	-0.0687909276	0.0875165636	0.0418555096	0.0469759092	0.071086402	0.1059665307	-0.0378094627	0.1947265397	0.0089700792	-0.1551433414	0.563199517442527	0.0188619502444424	0.0003557731670238	0.3171936964474953	-0.0894411443699993	0.0170759584900396	0.007999718306215	0.0002915883583535	-0.0795783821783118	0.0108150152194781	0.0001169645541975	0.0063327189101174	0.002462216370835	6.443790414939997e-05	4.1522434911672575e-09	6.062509456807878e-06	-0.0037868476310016	-0.0001167539994374	1.4340214980422427e-05	1.3631496384651656e-08	0.007486270126697	7.615889606998189e-07	5.604424040987591e-05	5.800177450598302e-13	0.0	0.0	0.0	0.0	0.0	0.0	0.0	0.0	0.0	0.0	0.0	0.0	0.0	0.0	0.0	0.0	0.0	0.0
860.9118461571333	0.1419080480301318	0.0201378940957221	741169.2068536835	1118.8158112123124	-1.7219833208766886	1251748.8194186646	2.9652265573775085	791.533147127534	0.9653432307432012	0.9318875531417216	626524.7230016184	839.6980430302995	706.089912661039	1.082898	19.821838	0.154585926248484	0.0760759580134381	0.0021780256	-0.0371006049	-0.0459851588	-0.0244107274	0.0189223292	0.068092048	-0.0443771009	0.0262230508	-0.0876854888	0.0013300336	-0.0023108314	-0.0166446829	-0.0890038465	0.1096475777	-0.0372321289	0.1503806471	0.0531826202	0.1275898383	-0.0302136292	0.0747876006	0.0922337724	0.0535821419	0.0295440162	-0.0332823128	0.0365919574	-0.0107603526	-0.0332896129	-0.004279788	-0.0659864162	0.1025568326	0.0218680816	-0.1352111518	-0.059082749	0.1151484686	-0.0205205718	-0.048770903	-0.0004558518	-0.0674531102	-0.0505289241	0.0372357213	0.0279706292	0.0077512449	-0.042146077	0.0081437571	-0.0129438282	-0.0848030577	0.0347377446	-0.095476604	0.0881604339	-0.002203218	-0.0564027727	0.0975881671	0.0727139383	0.1536633275	-0.1146299253	-0.0979101646	0.2329966427	0.1760827959	0.0457512942	-0.0528301514	-0.1205801837	0.1162663348	0.0029914899	-0.1560591586	0.5809755196914068	0.0177760022488797	0.0003159862559521	0.3375325544807002	-0.1427859745039654	-0.0533448301339661	0.020387834515047	0.0028456709020216	-0.0683363383598987	0.011242043818413	0.0001263835492151	0.0046698551404385	0.0015992755576981	-0.0008629408131369	7.446668469773742e-07	2.5576823094505688e-06	-0.0040183061646295	-0.0002314585336279	1.6146784432699445e-05	5.357305278917793e-08	0.0078363317808767	0.0003500616541797	6.140809577997819e-05	1.225431617270282e-07	0.0	0.0	0.0	0.0	0.0	0.0	0.0	0.0	0.0	0.0	0.0	0.0	0.0	0.0	0.0	0.0	0.0	0.0
865.212215483553	4.300369326419741	18.493176343611776	748592.1778219581	1118.3630946190349	-0.4527165932775006	1250736.0114058645	0.2049523138287858	791.7725384596425	0.2393913321085392	0.0573082098887009	626903.7526588261	838.7902520854822	715.7953384252695	0.940974	17.223999	0.0710736836371219	0.0295352513310635	-0.0001488745	-0.0225591414	-0.0087247472	-0.0357224975	0.0116565483	0.0313274897	0.0524662974	0.0245561337	0.049865656	-0.003128058	0.0311522811	-0.0090799652	-0.1746961484	0.1055569658	-0.0026027262	-0.0213164332	-0.010822632	0.0820897344	-0.0395884934	0.0373903262	-0.0460073255	-0.0178572511	0.0400053302	0.0164802903	0.0934571005	0.0053597097	0.0255681113	-0.0146006577	-0.0929924604	0.0915270232	0.113868986	-0.0583644414	0.023940516	0.0720614079	0.0180634032	-0.0564777891	-0.0585553941	0.0826122942	-0.0368113375	0.0394846327	0.0597172081	0.0178586111	0.007521658	-0.0538689361	-0.0120558848	-0.057161048	0.0249148814	-0.0861654517	0.1001011576	-0.0020584021	-0.0034218625	0.02997431	0.1441078042	0.0983928068	-0.0730698091	-0.1303320395	0.0851342847	0.18603576	-0.008612795	0.1238973534	-0.0579764531	-0.0247165372	-0.0029914899	-0.1560591586	0.5619317487860371	-0.0190437709053696	0.0003626652102962	0.3157672902937339	-0.1426083389404198	0.0001776355635456	0.0203371383353456	3.1554393436165874e-08	-0.0811683375399354	-0.0128319991800366	0.0001646602029564	0.0065882990189968	0.0013820489192548	-0.0002172266384433	4.7187412449376194e-08	1.9100592152133605e-06	-0.0037119831540703	0.0003063230105592	1.377881893610169e-05	9.383378679805207e-08	0.0080931876916376	0.0002568559107608	6.549968701207434e-05	6.597495889281104e-08	0.0	0.0	0.0	0.0	0.0	0.0	0.0	0.0	0.0	0.0	0.0	0.0	0.0	0.0	0.0	0.0	0.0	0.0
868.85777724247	3.6455617589169833	13.29012053807789	754913.8370747255	1121.4521353270602	3.0890407080253226	1257654.891829623	9.542172495837589	793.4941738904091	1.7216354307665824	2.964028556470836	629633.0039980229	840.0240040254057	733.3496633911133	0.901669	16.504545	0.0557223506813042	0.0250423279795173	-0.0363121899	-0.0347201212	0.0588727123	-0.0660798236	6.63689e-05	0.051548778	0.1188588131	0.0831581865	0.042269133	0.0479535312	0.031379832	-0.0427988358	-0.1242572707	0.1018563836	-0.0423551762	-0.1419009299	0.0961274949	-0.0018218241	0.0840800852	0.0243488924	0.0549001193	-0.086843792	0.0353736651	-0.1789867681	0.1947479085	-0.0368371342	0.0320056876	0.0075165115	-0.055396022	0.1426942149	0.1184351514	-0.0586957055	0.1143338398	-0.0707642046	0.0817234841	-0.082746669	-0.0023783025	0.0292368719	-0.0627721991	0.038653651	0.0321530278	0.0072021243	0.0216572123	0.0053614459	0.0267683858	-0.1046523593	0.026955507	-0.1033346406	0.0362680963	0.0363577374	-0.0343337095	-0.0071732761	0.1241959887	0.0274200805	0.0300090998	-0.0499746635	0.1260938182	0.0656628301	-0.11807806	0.1310423431	0.0201958806	-0.1084642538	-0.0089700792	-0.1551433414	0.5593117278480975	-0.0026200209379396	6.864509715242273e-06	0.3128296089084242	-0.1455521808946969	-0.0029438419542771	0.0211854373632025	8.666205451762041e-06	-0.0954430547032529	-0.0142747171633175	0.0002037675500927	0.0091093766910881	0.0011840502351417	-0.000197998684113	3.9203478910519136e-08	1.4019749593391151e-06	-0.0039669416102172	-0.0002549584561469	1.5736625738872636e-05	6.500381436081105e-08	0.0078284694193822	-0.0002647182722553	6.128493345020228e-05	7.007576366588374e-08	0.0	0.0	0.0	0.0	0.0	0.0	0.0	0.0	0.0	0.0	0.0	0.0	0.0	0.0	0.0	0.0	0.0	0.0
866.6918364247085	-2.1659408177614523	4.691299626045149	751154.7393252337	1122.8081700294026	1.3560347023424129	1260698.186684776	1.8388301139568763	792.0930778638727	-1.4010960265363792	1.9630700755760304	627411.4439998631	840.3312784259239	737.2430461795514	1.016292	18.602646	0.0599412074145894	0.0312159127742646	-0.0152564695	-0.0359711995	0.0763588424	-0.0290026665	0.0295591284	0.0348058059	0.0577976296	0.0345167411	0.0108880265	0.0033484309	-0.0420769409	0.0152838389	0.0492442843	-0.001780147	-0.0797523081	0.0650538587	0.062619142	-0.080410339	0.1414096229	0.0132830741	0.0392003168	-0.0960377331	-0.0348922573	-0.1239456124	-0.0321977784	-0.004803146	-0.0626045535	0.0185665017	-0.0248621172	0.0517116058	-0.0631167	-0.0607068807	-0.0350464046	-0.1048125363	0.0555874825	0.0020560506	0.1488649226	0.0186588155	-0.0441811045	0.0440739674	0.0515192107	0.0180105727	0.0026090915	0.0382693045	-0.0080232405	-0.0058767698	0.0130070817	-0.1112241003	-0.0092014521	-0.0530059187	-0.0023734166	0.0865567973	-0.1136235473	0.0008592342	0.1087008742	-0.0549542275	0.0781599445	0.025209286	0.0303621791	0.1515257628	0.029757633	0.0083308035	-0.0149355036	-0.1533170814	0.5647527211461352	0.0054409932980377	2.960440806929129e-05	0.3189456360419643	-0.1350176250080466	0.0105345558866503	0.0182297590628134	0.0001109768677289	-0.0717357997306464	0.0237072549726065	0.0005620339383361	0.0051460249629954	0.0010881981011239	-9.585213401780012e-05	9.187631595766314e-09	1.1841751072896616e-06	-0.0042418021173531	-0.0002748605071358	1.799288520278124e-05	7.554829838300375e-08	0.0078629248433744	3.445542399219993e-05	6.182558709255434e-05	1.1871762424822667e-09	0.0	0.0	0.0	0.0	0.0	0.0	0.0	0.0	0.0	0.0	0.0	0.0	0.0	0.0	0.0	0.0	0.0	0.0
865.6382370401436	-1.0535993845649043	1.1100716631555456	749329.5574259679	1128.0484703972882	5.240300367885538	1272493.3515656616	27.46074794566131	793.4436826614859	1.3506047976131867	1.8241333193357567	629552.8775554207	841.9572795696473	724.076329498291	1.118613	20.475574	0.1022144506354097	0.0636336246136239	-0.0140521923	-0.0754297163	-0.0609515603	-0.0189492992	-0.0447816802	-0.0649486574	-0.1319649651	0.0165185833	-0.0083137717	0.0348170692	-0.0157031654	-0.026371119	0.1994786419	-0.0671960869	0.1492403928	0.0834124336	0.0772426434	-0.2114778426	0.1335395752	-0.1908748767	0.0052082673	-0.1082393336	0.0737806058	-0.0489016196	-0.0250492589	-0.0324585926	-0.0129758168	-0.0453265266	0.0985234085	-0.1481184784	-0.1267839814	-0.0095140095	-0.1085912478	-0.1050191582	-0.0055832822	0.0093922504	0.199784972	-0.0580257946	-0.0405826805	0.044338311	-0.0101805575	0.0336321957	0.0233772979	-0.0150611807	-0.0381456749	0.0862169951	-0.1673014966	-0.0200904396	-0.0056357515	-0.1067702766	0.0040013797	0.0559993626	-0.1193295136	-0.0999613766	0.0675104442	-0.0067373309	-0.0149546633	0.2189786146	-0.024591649	0.2631981977	0.0783664105	0.1227094705	-0.0208790082	-0.1505910958	0.543701233564235	-0.0210514875819001	0.0004431651294108	0.2956110313792708	-0.0762991128302275	0.058718512177819	0.0058215546186797	0.0034478636723766	-0.0717109255781309	2.4874152515494408e-05	6.187234633640768e-10	0.0051424568472722	0.0012521450751698	0.0001639469740459	2.6878610298807022e-08	1.567867289271984e-06	-0.0039891682498518	0.0002526338675012	1.5913463325625674e-05	6.382387100866414e-08	0.0078311141504581	-3.18106929163009e-05	6.132634883750508e-05	1.0119201838151962e-09	0.0	0.0	0.0	0.0	0.0	0.0	0.0	0.0	0.0	0.0	0.0	0.0	0.0	0.0	0.0	0.0	0.0	0.0
862.3641117642005	-3.2741252759431063	10.719896322569522	743671.8612588585	1123.7975417595048	-4.250928637783318	1262920.914864706	18.070394283526333	791.0937385923378	-2.349944069148137	5.522237128124504	625829.303240002	840.0617873802614	723.3685581500714	1.226926	22.458187	0.2374642465207565	0.1305028988326532	0.0177681722	-0.1222140908	0.0451385821	0.0039450033	-0.028022411	-0.0642558433	-0.0672784505	-0.0353574937	-0.0353218751	-0.0287375655	-0.0689063764	-0.1202748495	0.1109700466	0.1729932137	-0.0561159169	0.007345001	-0.1040865762	0.0932807043	0.0056995211	0.072630909	0.0382782886	-0.1601617316	-0.0786251479	0.2111205769	-0.0046420898	0.010984572	-0.0311942448	-0.0288095046	0.1494831239	0.0272873529	0.0042724041	-0.0655277361	-0.1431981462	0.0714401949	0.1139099786	-0.206991538	-0.1417420629	0.0554579021	-0.0668066453	0.1170975071	-0.050060643	0.0207500638	0.019197624	0.0720437536	0.0047996055	-0.0800722834	0.0324285735	-0.0174350179	0.0809061141	0.075404446	0.0186745178	-0.1229554115	0.0246259289	0.0769339062	-0.0704623191	0.0826121933	0.1164623455	0.06453877	-0.1205331825	0.163376388	0.1478697006	0.169853641	-0.0267918699	-0.1469813818	0.5669934476521945	0.0232922140879594	0.0005425272371193	0.3214815696805218	-0.1818658645832584	-0.1055667517530309	0.033075192700616	0.011144339075686	-0.0308492562211597	0.0408616693569712	0.0016696760226384	0.0009516766093987	0.0001967855932913	-0.0010553594818784	1.1137836359908556e-06	3.8724569727008944e-08	-0.0040207771602016	-3.160891034979969e-05	1.6166648971998842e-05	9.99123213501674e-10	0.0080990179846857	0.0002679038342276	6.55940923162624e-05	7.177246439384944e-08	0.0	0.0	0.0	0.0	0.0	0.0	0.0	0.0	0.0	0.0	0.0	0.0	0.0	0.0	0.0	0.0	0.0	0.0
863.1195680937889	0.7554563295883554	0.5707142659151099	744975.3888264087	1117.2687244621854	-6.528817297319392	1248289.402661359	42.625455301776896	791.4023734765359	0.3086348841981134	0.0952554917439829	626317.7167442944	838.3941708682628	713.4812673245943	1.139366	20.855455	0.0776189559415552	0.0405272884574629	0.0032033388	-0.1129315935	-0.0496454953	-0.0289666474	-0.0063115762	0.0139901617	0.0419740891	-0.0138976644	-0.052612911	-0.0135167389	0.0094473611	-0.0556065585	-0.1234879092	0.1583908878	-0.0756541282	0.1448683799	-0.0184220869	0.0921259534	0.022263124	-0.0480677116	-0.0730546753	0.1316078672	-0.0718919688	0.0717640582	-0.0407234991	0.0034387891	0.0039921982	-0.0230523709	-0.0496488285	0.0965830433	0.0941079844	-0.1200374006	-0.0958679792	0.1402549054	0.0096738026	0.0844156968	-0.0589927187	0.0286024287	-0.0763047251	0.1011387427	-0.0103430097	-0.0103761226	0.0353016368	0.0134512667	-0.0216457488	-0.0045005382	0.0707791495	-0.0637394195	0.0132724722	0.0297675515	-0.0013463832	0.0049469102	-0.1060740374	0.1389373494	-0.0363700934	-0.1335048922	0.1684073219	-0.0159647597	0.0421404127	-0.2538491711	0.043540557	-0.0302070919	-0.0326654109	-0.1425091225	0.5675784354740614	0.0005849878218668	3.422107517325672e-07	0.3221452804151832	-0.2070694271655071	-0.0252035625822487	0.0428777476666512	0.0006352195668373	-0.0268669660608651	0.0039822901602946	1.585863492077919e-05	0.0007218338653156	-0.000347961041402	-0.0005447466346933	2.967488960096757e-07	1.2107688633356433e-07	-0.0037660076666596	0.000254769493542	1.4182813745338885e-05	6.490749483964717e-08	0.0082564641639933	0.0001574461793076	6.816920049130558e-05	2.478929937856104e-08	0.0	0.0	0.0	0.0	0.0	0.0	0.0	0.0	0.0	0.0	0.0	0.0	0.0	0.0	0.0	0.0	0.0	0.0
867.781544786965	4.661976693176143	21.734026687717567	753044.8094728513	1117.3807825301958	0.1120580680103557	1248539.8131677927	0.0125570106062135	792.7350398918454	1.332666415309518	1.7759997744939209	628428.8434723257	838.9013673160853	727.5865316361648	0.972638	17.803583	0.1320613920988642	0.0729989815092296	0.0065438282	-0.1126075511	0.0217493471	3.07516e-05	0.0525267846	0.0277538145	0.0602403952	0.020673285	-0.0396437989	0.0185608513	0.0113385134	-0.0441793648	-0.0587861932	0.0738018085	-0.0441409981	-0.0358397111	-0.0468588366	-0.1108701152	-0.0331234761	-0.1387453087	-0.1241600036	0.2052361002	0.0605513941	0.0132539138	0.1110669437	0.0005036304	0.011710929	-0.0476536195	-0.0466110997	0.0682265777	0.0578135743	-0.0378034604	-0.0438153649	-0.0474281262	-0.0010453414	0.2587151738	-0.0287499405	-0.079858959	-0.0666293855	0.1127170932	0.0072328034	-0.0128506909	0.0425435683	0.0068298026	0.0187635737	0.0551675268	0.0438709038	-0.0735869199	-0.0011622965	-0.0293824076	-0.0128796318	0.010162765	-0.134079079	-0.0144704856	0.0243046622	-0.1633587925	-0.0680465925	-0.0015159067	0.0813796352	-0.1757213865	0.0639668744	-0.0452852646	-0.0384910108	-0.1372005631	0.5700112950722342	0.0024328595981728	5.918805824421781e-06	0.3249128765099257	-0.1430365834161335	0.0640328437493736	0.0204594641953605	0.0041002050786316	-0.0451290228134979	-0.0182620567526328	0.0003335027168363	0.0020366287001012	-0.0008228272111369	-0.0004748661697349	2.254978791586949e-07	6.770446193873286e-07	-0.0039418477179853	-0.0001758400513256	1.5538163431785916e-05	3.0919723650224745e-08	0.0079604977450802	-0.0002959664189131	6.336952434942694e-05	8.759612112424479e-08	0.0	0.0	0.0	0.0	0.0	0.0	0.0	0.0	0.0	0.0	0.0	0.0	0.0	0.0	0.0	0.0	0.0	0.0
867.1715094446553	-0.6100353423097431	0.3721431188669654	751986.4267925218	1124.601116855222	7.220334325026215	1264727.6720320128	52.133227765151766	792.3251292812873	-0.4099106105580858	0.1680267086481027	627779.1104906087	840.8027186018697	737.836028489333	0.92839	16.99366	0.0590006803398692	0.0324594712411891	-0.0170013422	-0.116151749	0.021062412	-0.0763908129	0.1156337217	-0.0200988537	0.0283630149	0.0007008125	0.0176475108	0.0339488489	-0.0870981338	-0.073576795	0.0405612934	-0.0313917444	0.0282253358	-0.0301554373	0.0276427808	-0.1391511814	0.0419514736	0.0285502682	-0.0036063181	0.1045349037	-0.0207713733	-0.2976276255	-0.0425571949	-0.0228573953	-0.0766665153	-0.1247942595	0.0003079765	-0.0135968992	-0.0591911945	-0.0687826116	-0.0274715687	-0.2018623211	-0.0055093683	0.1332679648	0.1580046444	-0.0900812143	-0.0724757004	0.0887824718	-0.0039838078	0.0012641158	0.0141846782	0.0039734511	0.002342237	0.0073601438	-0.055835675	-0.0761430704	-0.05137747	-0.0785624004	0.0384866319	0.0260598952	-0.0964759913	-0.0436018664	0.0743524092	-0.0852114405	-0.1928761609	0.0134738532	0.0767922855	-0.0508457795	0.0666790054	-0.0309140093	-0.0442601199	-0.1310868562	0.5712724680749801	0.0012611730027458	1.5905573428550176e-06	0.3263522327804791	-0.1262384155056395	0.016798167910494	0.0159361375493744	0.0002821784451491	-0.0404700306744985	0.0046589921389993	2.1706207751258168e-05	0.0016378233827948	-0.0002850748345314	0.0005377523766055	2.891776185448635e-07	8.126766128310509e-08	-0.0041277150754255	-0.0001858673574401	1.703803174389494e-05	3.4546674561803066e-08	0.0079625249567871	2.027211706900206e-06	6.34018036874574e-05	4.109587304593247e-12	0.0	0.0	0.0	0.0	0.0	0.0	0.0	0.0	0.0	0.0	0.0	0.0	0.0	0.0	0.0	0.0	0.0	0.0
864.5063903975581	-2.665119047097164	7.102859535200096	747371.2990382152	1119.0941042022157	-5.5070126530063135	1252371.6140601595	30.32718836037164	790.783422243709	-1.5417070375783624	2.37686058971865	625338.420895472	839.0790808388357	722.1937624417818	0.930691	17.03578	0.0755929506440819	0.0386543368166396	0.0059033424	-0.1209984997	-0.0343867308	0.0248204802	-0.0273062736	-0.1054361468	0.0318116754	-0.1605546279	0.0609086336	-0.0145421688	-0.1253017432	-0.1708166146	0.0720141055	-0.0547314735	0.1044929269	-0.0034194148	-0.0065370115	-0.0452240539	-0.0394904163	0.0331660066	-0.0081418821	0.0546576619	0.0522020443	-0.129197777	0.0142754625	-0.0022534125	-0.0545691068	-0.162350598	0.1602371896	-0.0897350481	-0.0125391099	-0.0594097784	0.0231647333	-0.0190733285	-0.0167337068	0.0903371466	-0.0109412717	-0.0637445729	-0.0646797956	0.1091578045	-0.0291742468	-0.0002139007	0.0094835684	0.0044526409	0.0162807764	-0.0161307631	-0.1074159458	0.0345347978	-0.092651727	0.0128151419	0.0296689616	-0.1224837241	-0.0345473256	0.0372726122	-0.0660041199	0.0279680988	-0.0461072262	0.0590128523	-0.0773165978	-0.1262072213	0.0558358279	-0.0841774541	-0.0499642712	-0.1242038795	0.5622647605293167	-0.0090077075456633	8.113879522820098e-05	0.3161416609330899	-0.1576422980787981	-0.0314038825731586	0.0248510941435646	0.0009862038406687	-0.0279108525955535	0.012559178078945	0.0001577329540186	0.0007790156926107	-0.0003769475967579	-9.187276222650002e-05	8.440604439127008e-09	1.420894907015564e-07	-0.0043570579129699	-0.0002293428375444	1.8983953656973622e-05	5.259813713291732e-08	0.0078312969076317	-0.0001312280491553	6.132921125548184e-05	1.7220800885131842e-08	0.0	0.0	0.0	0.0	0.0	0.0	0.0	0.0	0.0	0.0	0.0	0.0	0.0	0.0	0.0	0.0	0.0	0.0
866.4353016083165	1.9289112107584288	3.720698458989548	750710.1318730945	1121.1145316995007	2.020427497285027	1256897.7931877908	4.082127271785438	791.8560781856188	1.0726559419098294	1.1505907697144633	627036.0485595089	839.0192100439178	723.0418233372615	0.883407	16.170273	0.185857373893505	0.0998200327253671	0.0001780395	-0.1361367609	-0.0584961066	0.0062697022	-0.0871427687	-0.0721453432	0.0663378749	-0.1241652924	0.1350231003	-0.0225491095	0.0035468569	-0.0875324725	-0.0026043786	-0.0087017007	0.11951009	0.1007850741	0.0177464223	0.0984047176	0.0834183473	0.010936887	0.1111838594	-0.0047491482	-0.0127168772	0.1166807313	-0.1262921139	0.0100677039	0.0118852171	-0.0772490248	0.0866465103	-0.0775830264	0.079704991	-0.0964328728	0.0309172976	0.1259460884	0.106512174	-0.0130261247	0.0007791753	0.0838366892	-0.0738829707	0.1063662506	-0.0217697716	-0.0188860389	0.0513872659	-0.0343545417	0.0250848177	0.0463673181	-0.1655239467	-0.0611409268	-0.1070870986	0.1071774344	0.1385467803	-0.112626443	-0.0022322459	0.0823982137	-0.0486822987	-0.0252089767	-0.0636371703	0.0481392481	-0.1505888128	0.050628547	-0.0737197516	-0.0931655789	-0.055595093	-0.1165920251	0.6056721211679701	0.0434073606386533	0.0018841989576141	0.3668387183601082	-0.1283349105645328	0.0293073875142652	0.0164698492696066	0.0008589229629113	-0.0267673547238871	0.0011434978716663	1.3075873825055844e-06	0.0007164912789144	-0.0010490086444026	-0.0006720610476447	4.516660517612917e-07	1.1004191360313805e-06	-0.0040658748623687	0.0002911830506012	1.653133839644169e-05	8.478756895742143e-08	0.0091080353667642	0.0012767384591324	8.295630824222746e-05	1.6300610930280275e-06	0.0	0.0	0.0	0.0	0.0	0.0	0.0	0.0	0.0	0.0	0.0	0.0	0.0	0.0	0.0	0.0	0.0	0.0
866.9505213087364	0.5152197004198342	0.2654513397007037	751603.2063974898	1121.4767475885606	0.3622158890598257	1257710.095381816	0.1312003502873999	791.2875660978268	-0.5685120877919871	0.3232059939656041	626136.0122610226	838.5356750488281	725.6073511094313	0.7512229999999999	13.750711	0.1182069330084095	0.0629423689277493	0.008123073	-0.1573670215	-0.042285483	-0.0061815899	-0.0307425467	-0.0561416073	0.0678995445	-0.0957325304	0.1264600929	-0.0424374709	-0.029830408	-0.1015488086	-0.0481792939	-0.0202479832	0.1760246252	0.0239597999	0.0169546539	0.1444954358	0.1568147834	-0.0176331407	-0.0230014088	-0.003086914	0.0003350075	0.0364239554	0.0766386293	0.0282157375	-0.0066550571	-0.1108130406	0.0874802057	-0.0984941226	0.1257138258	-0.032106026	0.0617083156	0.1116566998	0.1848070114	0.0183889249	-0.0098095771	0.047266323	-0.0644112594	0.1115163906	-0.0202427479	-0.0054358034	0.059508919	0.0031380274	0.0407523726	-0.0100311939	-0.1961324896	-0.0036779276	-0.1322290381	0.0771140317	0.0630733364	-0.1020645898	-0.0154526889	-0.052695986	-0.0147127407	0.0002448051	-0.0318183786	-0.0332619014	-0.0191943575	0.0325242471	-0.0043388456	-0.1721409747	-0.0611443214	-0.1082959623	0.5908390608280882	-0.0148330603398818	0.0002200196790465	0.3490907958002173	-0.1602251150209923	-0.0318902044564594	0.0256720874834902	0.0010169851402747	-0.0268634770203703	-9.612229648319968e-05	9.23949588120414e-09	0.0007216463976239	-0.0013909479072777	-0.0003419392628751	1.1692245949556677e-07	1.934736080760213e-06	-0.0042738099170971	-0.0002079350547284	1.826545120747752e-05	4.32369869849027e-08	0.008230158766056	-0.0008778766007081	6.773551331448841e-05	7.706673260709842e-07	0.0	0.0	0.0	0.0	0.0	0.0	0.0	0.0	0.0	0.0	0.0	0.0	0.0	0.0	0.0	0.0	0.0	0.0
865.9963062349768	-0.954215073759542	0.9105264069899284	749949.6024126238	1122.796750395737	1.320002807176479	1260672.542699227	1.742407410953785	791.8458919759337	0.5583258781068707	0.3117277861638082	627019.916639162	839.6736621642381	728.5804336665227	0.777167	14.225599	0.0586973403177101	0.032971649501865	-0.0105439769	-0.1133122955	-0.0433726586	0.0059981044	-0.0562421389	-0.1104857484	0.0226666204	-0.0831349554	0.0269774104	-0.0173847961	-0.0287058713	-0.0880418345	0.0305307289	-0.0456674298	0.1467790888	0.0422813771	0.0280785059	0.10860062	0.0958550925	-0.0792779724	0.0799037414	0.0551496154	0.0016977773	0.0110706657	0.0036758345	0.0029022279	0.0061513133	-0.0737669435	0.1361761111	-0.0664869168	0.033158688	0.0494277444	0.0072132825	0.0725916988	0.1247067527	-0.0547902484	0.042078721	0.0428112027	-0.0644329365	0.0916532922	-0.0183564856	0.0021572111	0.0394327668	-0.003890341	0.0008469437	0.0045731526	-0.1517796025	0.0380418744	-0.0736025062	0.0540242062	-0.0303898592	-0.0892446946	0.0392147747	-0.0392137206	0.0359240544	0.0077338717	-0.0034752432	-0.0536115862	-0.0702271973	0.0065553188	-0.0542209352	-0.0380313134	-0.066603812	-0.0993643757	0.5925485395511032	0.0017094787230149	2.922317504440885e-06	0.3511137717241453	-0.1539209937922123	0.0063041212287799	0.0236916723299822	3.974194446715454e-05	-0.0272793883756605	-0.0004159113552902	1.729822554593322e-07	0.0007441650301501	-0.0008587321773456	0.0005322157299321	2.8325358318715804e-07	7.37420952408715e-07	-0.0044719990594805	-0.0001981891423834	1.999877558799448e-05	3.9278936158667896e-08	0.007955207058159	-0.0002749517078969	6.328531933818278e-05	7.559844167547648e-08	0.0	0.0	0.0	0.0	0.0	0.0	0.0	0.0	0.0	0.0	0.0	0.0	0.0	0.0	0.0	0.0	0.0	0.0
866.1757635924328	0.1794573574559308	0.0322049431450657	750260.4534349339	1122.8274511895024	0.0307007937653907	1260741.4851447144	0.000942538737825	791.7928493026171	-0.0530426733165541	0.0028135251925666	626935.916206757	839.2386045348778	729.4332102174026	0.8009579999999998	14.661089	0.0834767789134346	0.0354817435176958	0.0138103209	-0.1274361343	-0.0177082038	0.0119800747	-0.0727282122	-0.0346160964	0.0623409664	-0.0220768784	-0.0272912367	-0.0302461729	-0.0415385237	-0.0929623869	0.0320690464	-0.0645495098	0.0468935443	-0.0805296615	-0.0305884689	0.1625584803	0.0952526288	-0.1481609541	-0.1218169841	0.0414062803	-0.0478568463	-0.0099274417	0.0993234945	0.0093253527	0.0176965443	-0.0279073364	0.1593402744	0.0220518452	0.0681999795	0.1103260408	0.0188214011	0.0971144796	0.1006739084	0.0407479522	-0.0222234939	0.0051399068	-0.055571416	0.1009434757	-0.0175623444	-0.0028638062	0.0553987521	-0.0007599998	0.0207638814	0.0248983778	-0.07700426	0.1061129917	-0.000877049	0.0598480083	-0.0461526161	-0.0596367911	0.0381383415	-0.0884251646	0.0212804869	0.0248003483	0.0021339851	-0.1330625827	-0.0079856792	-0.1489451071	-0.0731082193	0.1513669189	-0.0719655524	-0.0898496795	0.5826780880438065	-0.0098704515072967	9.742581295789584e-05	0.3395137542863859	-0.1732237822920836	-0.0193027884998713	0.0300064787515751	0.0003725976438707	-0.0175134145375039	0.0097659738381566	9.537424500755916e-05	0.0003067196887624	-0.000994841711623	-0.0001361095342774	1.8525805321210763e-08	9.897100311849804e-07	-0.0041137355902254	0.0003582634692551	1.6922820506287122e-05	1.2835271340270014e-07	0.0083515853559887	0.0003963782978296	6.974897795836491e-05	1.5711575499036992e-07	0.0	0.0	0.0	0.0	0.0	0.0	0.0	0.0	0.0	0.0	0.0	0.0	0.0	0.0	0.0	0.0	0.0	0.0
866.2967012776355	0.1209376852027617	0.0146259237022022	750469.9746445129	1124.296566408894	1.4691152193915968	1264042.769238829	2.15829952784802	791.2624750696783	-0.5303742329388115	0.2812968269654327	626096.3044533933	839.0523685498184	735.7844421914907	0.838802	15.353792	0.0488654365482237	0.0280825410317094	0.003774306	-0.1134119201	0.0229044079	-0.0165561197	-0.0613393989	0.0012390637	0.054104068	0.0344150252	-0.0739190782	-0.0301106	-0.0742955133	-0.069634311	0.0908192409	-0.0030393655	-0.0498931102	-0.0153325273	-0.1783312808	0.1025030047	-0.0538077758	-0.1109447814	-0.0758551411	-0.0308030993	0.0849414844	0.0501457838	0.1556118798	0.0034083682	-0.0012784042	-0.0123961114	0.1438019633	0.0651343406	0.0318355529	0.1354132243	-0.098114075	0.0681421136	-0.0116527179	0.0139647861	-0.0691569206	-0.0427779968	-0.0557186519	0.0846566251	-0.0192328903	-0.0170872461	0.0395761647	-0.0141981573	0.0085334928	0.0536359667	0.0070653519	0.1043349964	0.0442543005	-0.0023395566	-0.018505168	-0.0545121273	0.121900708	-0.1435889386	-0.0557856838	-0.0309354226	0.0009254383	-0.1849100548	0.1651271897	-0.0872451663	0.0296703993	0.0755795979	-0.0772216734	-0.0798077096	0.5821021489182101	-0.0005759391255963	3.3170587639273653e-07	0.338842911775198	-0.1550341544978266	0.018189627794257	0.0240355890608559	0.0003308625592936	-0.0166734388685085	0.0008399756689954	7.055591245042706e-07	0.0002780035637018	-0.0010520403979947	-5.719868637169999e-05	3.271689722648097e-09	1.1067889990128469e-06	-0.0045019153602909	-0.0003881797700654	2.0267241911223144e-05	1.5068353388810433e-07	0.0082117659332384	-0.0001398194227502	6.743309974229475e-05	1.9549470978226945e-08	0.0	0.0	0.0	0.0	0.0	0.0	0.0	0.0	0.0	0.0	0.0	0.0	0.0	0.0	0.0	0.0	0.0	0.0
865.448919123016	-0.8477821546194946	0.7187345816912726	749001.8316111967	1124.5865891659732	0.290022757079214	1264694.9965319575	0.0841131996238287	791.5610232489821	0.2985481793037934	0.0891310153656099	626568.8535269756	839.7813339662016	728.4789589515099	0.849184	15.543834	0.0258055046360002	0.014159346134443	0.0175068245	-0.1006449935	0.0416675452	-0.0437616187	-0.0053348287	0.0605820055	0.0075956126	0.0589904108	-0.1257462715	-0.0299390613	-0.0365992732	-0.0806512509	-0.0597236713	0.0279565398	-0.0998295332	0.0594745284	-0.042328876	0.1067705602	-0.0667478574	0.008840606	0.0062341341	-0.0148539292	0.0826284293	-0.1117617455	0.0475952717	9.02162e-05	0.0038194089	-0.0213410944	0.0118933377	0.1498020283	0.0206481873	-0.009779435	-0.0702395506	0.103594861	-0.0691205273	-0.002193706	-0.0361596106	-0.1289788462	-0.0459452637	0.0837602122	-0.0085216539	-0.0117095409	0.0551404612	0.0187339648	-0.0059807971	-0.0239508604	0.0593471336	-0.0010828773	0.0677671994	-0.0010476017	-0.0339705499	-0.0201746845	0.1235415132	-0.0013565175	-0.0162362116	-0.0268055689	-0.0121274525	-0.0803477796	0.1373367405	-0.0434047722	0.0553057482	-0.0317545803	-0.0823644609	-0.0692973963	0.5869891871662105	0.0048870382480004	2.38831428374189e-05	0.3445563058500485	-0.1590382697711447	-0.0040041152733181	0.0252931712517994	1.6032939122019447e-05	-0.0269406435275953	-0.0102672046590868	0.0001054154915115	0.0007257982736809	-0.0009533976222422	9.864277575250011e-05	9.730397208158028e-09	9.089670260970806e-07	-0.0045360044798608	-3.408911956990016e-05	2.0575336641317248e-05	1.1620680730509498e-09	0.0082119769670279	2.110337894989378e-07	6.743656570699675e-05	4.453526031028199e-14	0.0	0.0	0.0	0.0	0.0	0.0	0.0	0.0	0.0	0.0	0.0	0.0	0.0	0.0	0.0	0.0	0.0	0.0
864.7863074785972	-0.6626116444188028	0.43905419131939	747855.357602467	1122.1867415775891	-2.399847588384091	1259303.0829725268	5.759268447472937	791.1473441130468	-0.4136791359353537	0.1711304275082209	625914.1200971276	838.4633367302713	726.3129997018667	0.949443	17.379015	0.0428382225728321	0.0219103829644082	0.0120749781	-0.0978342506	-0.0021747016	-0.0330281399	0.0093060568	0.0231066925	0.0923428119	0.0553548559	-0.0198064995	-0.0266049856	-0.0356053856	-0.0955312075	-0.0966237447	0.0224041612	-0.0025775364	0.1467090953	0.1176279609	0.0213927495	0.0444510015	0.1655511005	-0.0327853419	-0.0325850571	-0.0818362346	-0.0999005185	0.1440889909	0.0140173663	0.0032179289	-0.0979952779	-0.0627294486	0.0843397445	0.0382986702	-0.2042705497	-0.0179884862	0.0573291072	-0.0178703846	0.0155641627	-0.007342766	0.0380350326	-0.0414774316	0.0701403867	-0.0214854621	0.0056230572	0.0370498622	0.0143073037	-0.046148112	-0.0694668289	-0.0733315904	-0.0565232988	-0.0095121538	0.0318299143	0.0382900214	0.0883294782	-0.0476978271	0.050227743	0.0279743506	-0.0586823585	-0.1097488591	-0.0486907069	0.1500452428	-0.0694608484	-0.0868114973	0.1183743565	-0.0873863672	-0.0583804184	0.5916449069313501	0.0046557197651395	2.167572653151121e-05	0.3500436958978059	-0.1591439460360675	-0.0001056762649227	0.0253267955599307	1.1167472968028982e-08	-0.0073207376482855	0.0196199058793098	0.0003849407067129	5.359319971502471e-05	-0.00070723331197	0.0002461643102721	6.059686765178794e-08	5.001789575600553e-07	-0.0044989628612912	3.7041618569599866e-05	2.0240666827277504e-05	1.3720815062557254e-09	0.0081260444826005	-8.59324844273996e-05	6.603259893320203e-05	7.384391879865276e-09	0.0	0.0	0.0	0.0	0.0	0.0	0.0	0.0	0.0	0.0	0.0	0.0	0.0	0.0	0.0	0.0	0.0	0.0
865.7309877155644	0.9446802369672014	0.8924207501164078	749490.1430909667	1123.7695397332257	1.5827981556365105	1262857.9784322258	2.505250001486339	791.505876153423	0.3585320403761898	0.1285452239763138	626481.5519853977	839.3312478440531	723.3007039466271	0.99093	18.138418	0.06831386674499	0.0337718514729423	0.0135395748	-0.0746664357	-0.0809206141	-0.0116918826	-0.0076394067	-0.0977735759	0.0661800915	0.0083910544	0.1381437835	-0.0388239439	-0.0251826737	-0.1017230965	-0.045157738	-0.0892535084	0.1341322394	0.0202692259	0.0259614557	0.0512742923	0.110072564	0.0819904732	0.0806786112	-0.0438004454	-0.1377249709	-0.0663312795	0.0389916142	0.0217276367	0.0168569707	-0.1345229197	0.0437650676	-0.0844099984	0.0584360342	-0.0662473003	0.0743038482	0.0563059456	0.0943011161	-0.0386155589	0.0315470044	0.081285311	-0.0286710407	0.0584509777	-0.0130686877	0.0108559109	0.0108856995	0.0035948425	-0.0319424373	-0.0310518315	-0.1572087182	0.0135721547	-0.0940095482	0.045197325	0.0585614313	-0.01781315	0.0457196132	0.0328628813	-0.1159832291	-0.0787073673	0.0180007257	-0.0159570947	0.0499923104	0.1301751063	-0.0197042785	-0.078218458	-0.092280022	-0.0471208409	0.6065355814999123	0.0148906745685621	0.0002217321891068	0.3678854116254367	-0.1585550277786183	0.0005889182574491	0.0251396968338784	3.46824713956996e-07	-0.0270987251034142	-0.0197779874551287	0.0003911687877752	0.0007343409022304	-0.0005097713268433	0.0001974619851266	3.899123557017707e-08	2.5986680567157866e-07	-0.0047167285768241	-0.0002177657155328	2.2247528467429098e-05	4.742190686155567e-08	0.0083719425112179	0.0002458980286173	7.008942141113747e-05	6.046584047792354e-08	0.0	0.0	0.0	0.0	0.0	0.0	0.0	0.0	0.0	0.0	0.0	0.0	0.0	0.0	0.0	0.0	0.0	0.0
867.8135894092006	2.0826016936362066	4.337229814336396	753100.4259632806	1122.8667059392276	-0.9028337939980702	1260829.6393068118	0.8151088595849498	793.0249316955816	1.5190555421586396	2.3075297401628783	628888.5422907819	839.2585961631174	731.579271075909	0.912611	16.704826	0.0222529857324678	0.0136789449871054	-0.0076968963	-0.0666477455	-0.0368531705	0.0026726892	-0.0367905219	-0.084034407	0.0745682363	-0.0329270311	0.1239587109	0.015026372	0.0252798246	-0.0662968703	0.0394752993	0.005185462	0.1105154073	-0.0433130972	-0.0251378283	0.2026036192	0.0204378831	-0.0439942003	0.0782423399	0.0057648244	-0.0116637916	0.2228172919	0.0527633499	-0.0089141119	0.049847522	-0.0381720787	0.0900609175	-0.0530019954	0.1140978674	0.0477591814	0.0423864348	0.0893211581	0.1259880548	-0.0420190611	-0.0724160134	0.0758992708	-0.0387113425	0.0541493838	-0.0236417191	-0.000678171	0.0138960391	0.0113209128	-0.0090787371	-0.028522987	-0.1171996505	0.0628903893	-0.0470633696	0.1008238197	-0.0191542909	-0.0318265532	0.1006225277	-0.0326700887	-0.0092910383	0.0226505384	-0.031556797	-0.0605420553	-0.0590482394	-0.0527505999	-0.2271613776	0.0856527591	-0.0970382431	-0.0355847396	0.6176881907204432	0.0111526092205309	0.0001243806924258	0.3815387009554946	-0.1567487369652127	0.0018062908134056	0.0245701665401894	3.262686502593496e-06	-0.0271292084010355	-3.048329762129695e-05	9.292314338685683e-10	0.0007359939484668	-0.0005382087351347	-2.84374082913999e-05	8.086861903317798e-10	2.896686425752936e-07	-0.004593861299583	0.000122867277241	2.110356163980641e-05	1.50963678166412e-08	0.0084059098737036	3.396736248570051e-05	7.065932080482768e-05	1.1537817142349742e-09	0.0	0.0	0.0	0.0	0.0	0.0	0.0	0.0	0.0	0.0	0.0	0.0	0.0	0.0	0.0	0.0	0.0	0.0
868.4059402412781	0.5923508320775	0.3508795082629065	754128.8770463383	1124.045788155566	1.1790822163384291	1263478.9338702676	1.3902348728855425	793.2377285612556	0.2127968656740222	0.0452825060406878	629226.0940130203	840.0992349131724	738.9768318997897	0.955196	17.484316	0.0405944333566655	0.0227516833482492	0.0031649215	-0.0647244046	0.0790378564	-0.0081498288	-0.0475470002	-0.0202409385	0.081206884	0.0565467197	-0.0222367201	0.0201155354	0.0089424114	-0.0632035531	-0.0212323751	0.0175330287	-0.0682321272	-0.1240951294	-0.0866930564	0.0688618161	0.0765227334	-0.0151661048	-0.0215980795	-0.0595358754	-0.0974597966	-0.0295185866	0.0657832341	-0.0050590249	0.0524443499	0.0150688341	0.0771158033	0.0964245748	0.0452701656	0.0919364098	0.0147246032	-0.0202385428	0.085950054	-0.0812264743	-0.0591714984	0.0048935022	-0.0306957728	0.0485500125	-0.0087961582	-0.0051583998	0.0227248058	0.0504129886	0.0152577526	-0.0379544648	0.0507399253	0.0326086394	0.0410234164	0.0493001902	-0.024173019	-0.0456536711	0.1209829516	-0.0669050343	-0.0552168182	-0.04827649	0.0476977645	-0.1642018051	0.0812739308	0.0625834377	0.0138603112	-0.0115496175	-0.1016540472	-0.023839813	0.6237898461220368	0.0061016554015935	3.723019863979605e-05	0.3891137721249543	-0.1764766927314269	-0.0197279557662142	0.0311440230774224	0.0003891922387137	-0.0271628345619632	-3.362616092770013e-05	1.1307186987355864e-09	0.0007378195814405	-0.0005850805539076	-4.687181877290005e-05	2.196967395079585e-09	3.42319254560824e-07	-0.0046239874268951	-3.012612731210021e-05	2.1381259724083973e-05	9.075835468248701e-10	0.00818828389923	-0.0002176259744735	6.704799321438926e-05	4.736106476558394e-08	0.0	0.0	0.0	0.0	0.0	0.0	0.0	0.0	0.0	0.0	0.0	0.0	0.0	0.0	0.0	0.0	0.0	0.0
868.8338677190949	0.4279274778167519	0.1831219262706066	754872.2896957217	1122.7498590903162	-1.2959290652497657	1260567.246087325	1.6794321421591314	792.1322537327203	-1.105474828535307	1.2220745965251667	627473.5074036787	839.7195085032603	736.4144256474422	0.861264	15.764946	0.0601741006245892	0.0327341059129441	0.0028471455	-0.0402102594	0.0514370444	0.0011404907	0.0231229904	0.0269698991	0.0580697042	0.0863248998	-0.0753064843	0.0015597423	-0.0263527954	-0.0150291578	-0.033312806	0.002334054	-0.0521731443	0.0740478788	-0.0587819388	-0.0075592284	0.0024181602	-0.0207174807	-0.0350946482	0.1738673935	-0.0767023773	-0.0803510911	0.0816432832	0.0022405083	-0.0029019885	-0.0137126366	-0.0514181009	0.0709571719	0.0020542998	-0.0360785042	-0.0538191193	-0.0261373028	-0.0525260233	0.1672369185	0.0422834206	-0.050830239	-0.0260860883	0.0396999616	-0.0078769716	-0.0163043321	0.0157894495	0.0611083818	-0.018906646	0.0077634917	0.069101263	-0.0390529864	-0.0296601243	-0.0372604217	0.0170151369	0.0509819317	-0.0544130169	-0.025377951	-0.0546280866	-0.1200320583	0.0093150599	-0.1749442669	0.1982927552	-0.1056977602	0.0211436241	-0.0749986863	-0.10612066	-0.0119549848	0.616473166528138	-0.0073166795938988	5.353380027977528e-05	0.3800391650492293	-0.1542380540982861	0.0222386386331408	0.0237893773320258	0.0004945570482554	-0.0266563072406285	0.0005065273213346	2.5656992725850453e-07	0.0007105587157067	-0.0009680466931853	-0.0003829661392777	1.4666306383326674e-07	9.371144001869944e-07	-0.0046426562352066	-1.866880831149966e-05	2.155425691830272e-05	3.4852440377151884e-10	0.0083888940531651	0.000200610153935	7.037354343522878e-05	4.024443386186429e-08	0.0	0.0	0.0	0.0	0.0	0.0	0.0	0.0	0.0	0.0	0.0	0.0	0.0	0.0	0.0	0.0	0.0	0.0
867.8939844930128	-0.9398832260820882	0.8833804786704736	753239.968319158	1125.295497191942	2.5456381016258547	1266289.95600046	6.4802733444492855	791.6049413329745	-0.5273123997458242	0.2780583669256999	626638.3831427819	840.0020772098155	736.9461696096567	0.892633	16.339142	0.0565583167922913	0.031025616876838	0.0026013709	-0.0471249917	-0.0107831007	-0.0475857725	0.0668357866	-0.0503483464	0.0080428255	0.0251713123	-0.0158224146	-0.0270579375	-0.046182887	-0.0522170016	-0.033583686	-0.0662359177	0.1342730847	0.1644413239	-0.0369908279	-0.0445835586	-0.0564115354	0.0265060344	-0.0159231271	0.0479901556	0.0476751423	-0.2098931405	-0.1370037455	0.0045897654	-0.0251914374	-0.1308682578	-0.0125448224	-0.0745751267	-0.0038095943	-0.0355337405	-0.0901966044	0.0012104265	-0.0369640496	0.1252360036	0.1067919455	-0.1099115847	-0.0213001741	0.0435614842	-0.0296899832	-0.0049640026	-0.0150761495	0.0286671126	-0.0189558795	0.0527044638	-0.0634642623	0.031835706	-0.0659694849	-0.0608648558	0.0219946928	-0.0300158999	-0.0433049474	-0.0651240119	-0.028355698	-0.0499434424	-0.122225705	-0.0172694388	0.097884484	-0.0100870289	0.1059460111	-0.0611011683	-0.1104315261	-0.0	0.6090809533303627	-0.0073922131977752	5.4644815961362985e-05	0.3709796077098234	-0.1495994055592859	0.0046386485390002	0.0223799821436916	2.1517060268368696e-05	-0.0090703896449326	0.0175859175956959	0.0003092644976826	8.227196831090054e-05	-0.000968994392291	-9.476991056999286e-07	8.981335949444444e-13	9.389501322914044e-07	-0.004769964246039	-0.0001273080108323	2.2752558908490403e-05	1.6207329622102392e-08	0.0079783190139068	-0.0004105750392582	6.365357428766677e-05	1.6857186286195426e-07	0.0	0.0	0.0	0.0	0.0	0.0	0.0	0.0	0.0	0.0	0.0	0.0	0.0	0.0	0.0	0.0	0.0	0.0
868.7927652793203	0.8987807863074977	0.8078069018355238	754800.8690016881	1121.5549396831636	-3.7405575087784655	1257885.4827277048	13.99177047647896	793.6040652744766	1.999123941502148	3.996496533487085	629807.4124201757	840.1200666106149	729.5124492968046	0.871764	15.957147	0.0442343032851049	0.0221867070111226	0.001244614	-0.034943976	-0.0465648273	0.0098883629	-0.0289395715	-0.0598134532	0.039940552	-0.0705048133	0.0661301247	0.0116227304	0.0382023086	-0.0635169082	-0.0245040573	0.0063678172	0.1223585696	-0.0369693488	0.042238193	0.0929758067	-0.0790651527	0.0904048108	-0.1398086694	0.1274890343	0.0392223965	0.0478384987	0.0523698086	-0.0109957682	0.0658175492	-0.0570820224	0.0506334646	-0.0427260566	0.0952579194	0.0056662822	0.0237772874	0.0524741002	-0.0014993833	0.0599504601	-0.1275764943	-0.104749672	-0.0199627316	0.0403509292	-0.0360400248	-0.0089194844	-0.029793855	0.0132693485	0.0096606598	-0.0232093046	-0.0527432943	0.0703444534	0.009963008	0.0155271699	-0.0538544313	-0.0912614711	0.0492973989	-0.0267264801	0.0271962825	-0.0379963543	-0.1333512489	-0.020016179	-0.0901521614	-0.143111985	-0.0149773863	-0.036914345	-0.1145803187	0.0119549848	0.6059838655878593	-0.0030970877425033	9.591952484764748e-06	0.3672164453528047	-0.1538839437581174	-0.0042845381988315	0.0236802681465514	1.835726757724637e-05	3.996686123741711e-05	0.00911035650617	8.299859566951437e-05	1.5973499971709543e-09	-0.0010606743012222	-9.167990893119996e-05	8.405205701633115e-09	1.125029973273202e-06	-0.0050762450939711	-0.0003062808479321	2.5768264254065662e-05	9.380795781000636e-08	0.0078214333540181	-0.0001568856598886	6.117481971134684e-05	2.4613110278712835e-08	0.0	0.0	0.0	0.0	0.0	0.0	0.0	0.0	0.0	0.0	0.0	0.0	0.0	0.0	0.0	0.0	0.0	0.0
871.2320909465706	2.439325667250273	5.95030971090599	759045.3562951334	1126.0380991581114	4.483159474947797	1267961.8007556128	20.098718877814207	794.4965051752483	0.8924399007717057	0.7964489764894118	631224.6967356834	840.9255588402909	744.5444807844896	1.005615	18.407219	0.0737379450051871	0.039541654136648	-0.0075054104	-0.0122177878	0.076881554	-0.0058643941	-0.0539479923	0.0299191856	0.0778279362	0.0653291933	0.0067329888	0.037960911	0.0310976939	-0.0088336092	-0.0556985728	0.0674924059	0.0158344959	-0.0970584906	-0.0620833197	0.0025194972	-0.0171565553	0.061353503	-0.1124684293	-0.1558078136	-0.0318293057	-0.0083156732	-0.0517797251	-0.0237395233	0.0569956917	0.0271931707	0.0107439143	0.0821849321	0.0819325989	0.067905497	0.0035874244	-0.032916559	0.0131369658	-0.0734483906	-0.104080849	-0.0536565564	-0.0102000494	0.015272986	-0.0168387368	0.0037606508	-0.0202279701	0.0113870968	0.0281261883	-0.0509587047	0.0532089337	-0.0050021215	0.071420018	0.0339201422	-0.0204483494	-0.0786510837	0.1067080689	-0.0623931935	0.0749835514	-0.0551962132	-0.087051309	-0.0514429241	0.0202506821	0.0695792962	0.0077909786	-0.1561001549	-0.1185609488	0.023839813	0.6064574777813903	0.0004736121935309	2.2430850986117498e-07	0.3677906723569654	-0.1483169917739246	0.0055669519841927	0.0219979300488664	3.0990954394308124e-05	-0.024614359259516	-0.0246543261207534	0.0006078357964684	0.0006058666817565	-0.0009678675852664	9.280671595579991e-05	8.613086526500531e-09	9.36767662609412e-07	-0.0047540985131258	0.0003221465808453	2.2601452672504935e-05	1.0377841955031769e-07	0.0082673411513512	0.000445907797333	6.834892971282499e-05	1.988337637224565e-07	0.0	0.0	0.0	0.0	0.0	0.0	0.0	0.0	0.0	0.0	0.0	0.0	0.0	0.0	0.0	0.0	0.0	0.0
869.4569349636853	-1.7751559828852803	3.1511787635734065	755955.3617564461	1124.6057185093848	-1.432380648726621	1264738.0221040098	2.051714322846496	793.6970777732777	-0.7994274019706609	0.6390841710215606	629955.0512658404	842.5423039639934	741.0499651277983	0.908831	16.635641	0.0500656982642926	0.0290612859463389	-0.0132775376	0.0143709286	0.1033190444	-0.0370161705	0.0136475307	0.0653194906	0.0200756311	-0.0318450776	-0.0471860924	0.0018973211	-0.0154133784	0.0065033358	-0.0085390871	0.1140313186	-0.1188840234	-0.0661973882	0.0220586631	-0.0163249284	0.1018675278	-0.0794576782	0.115941419	-0.1516429322	-0.0040715135	-0.1179423496	-0.110508847	-0.0108644588	-0.0439809242	0.0551908609	-0.0139814857	0.1078332012	-0.0176615408	-0.0555070447	0.016706967	-0.1002326817	0.0359982419	-0.0988822759	0.0492770801	0.0444149606	-0.0090041734	0.0097511994	-0.0094741675	0.0133891098	-0.0093393633	0.0386273043	0.0013525419	-0.1053030534	0.06307121	-0.1220493514	-0.0037740357	-0.014093738	-0.0376683893	-0.0116772611	-0.016881449	0.0601024785	0.0944886827	0.0537266214	-0.0080034002	-0.0205404002	-0.0177317256	-0.0472283943	-0.0776141157	-0.2163446634	-0.1223675745	0.0355847396	0.5980267054009545	-0.0084307723804357	7.107792293071861e-05	0.35763594037272	-0.1523560289300718	-0.0040390371561472	0.0232123595513408	1.6313821148737675e-05	-0.0238179734184313	0.0007963858410847	6.342304078801883e-07	0.0005672958577611	-0.0008726597951634	9.5207790103e-05	9.064523296296903e-09	7.615351180946272e-07	-0.0049500123254269	-0.0001959138123011	2.4502622021878222e-05	3.8382221850350775e-08	0.0078224726960228	-0.0004448684553283	6.119107908002222e-05	1.97907942546276e-07	0.0	0.0	0.0	0.0	0.0	0.0	0.0	0.0	0.0	0.0	0.0	0.0	0.0	0.0	0.0	0.0	0.0	0.0
867.7147911158223	-1.7421438478629625	3.035065186646769	752928.9587211752	1123.011251291213	-1.5944672181717578	1261154.2705266562	2.542325709824384	792.2762333764548	-1.420844396822872	2.0187987999829518	627701.6299731827	840.801294733969	738.0743496351976	0.92698	16.967842	0.0315576786692973	0.01741664928121	0.00132048	-0.0074357295	0.0370326414	0.0139042228	0.0013501012	0.0407883313	-0.0230196884	-0.0726280796	0.0038316517	-0.0296076687	-0.0647184178	0.0021344955	0.0203018599	0.0288637492	-0.0535725141	0.095284048	0.123641748	-0.0532777583	0.0817950604	0.0842840934	0.0949855885	-0.0800354706	-0.0491509274	0.0103354143	-0.0850111078	0.0207894107	-0.086958664	0.0185985881	-0.009289903	0.0004448226	-0.0664698486	-0.1334673767	0.0256376451	-0.0651003509	0.0097782188	-0.056612672	0.0835705694	0.062527208	-0.0002390781	0.0120561522	-0.0110699862	0.031838183	-0.0054602721	0.0161259477	-0.0522229499	-0.069828277	-0.0225393864	-0.0944310825	-0.0367166517	-0.039952262	0.0317231173	0.0875253557	-0.1297345413	0.0406530388	0.1142021238	-0.0179857121	-0.0800148194	-0.0073912338	0.0480040564	0.0243758623	-0.127270408	-0.0151540338	-0.1259946088	0.0471208409	0.6036069335415135	0.005580228140559	3.113894610068688e-05	0.3643413302193891	-0.1507807572365038	0.0015752716935679	0.0227348367528134	2.481480908556588e-06	-0.007170590357731	0.0166473830607003	0.0002771353627696	5.14173660783848e-05	-0.0007583097464413	0.000114350048722	1.3075933642746635e-08	5.750336715478687e-07	-0.0049100635247834	3.99488006435e-05	2.4108723817408385e-05	1.595906672854106e-09	0.0078232697621466	7.97066123799442e-07	6.120354977131731e-05	6.353144057086674e-13	0.0	0.0	0.0	0.0	0.0	0.0	0.0	0.0	0.0	0.0	0.0	0.0	0.0	0.0	0.0	0.0	0.0	0.0
866.4533615788288	-1.2614295369935462	1.5912044767997524	750741.4277912526	1123.9228536557634	0.91160236455039	1263202.5809697146	0.8310188710538624	792.3948735631342	0.1186401866793858	0.0140754938953195	627889.6356491355	840.6317403986213	727.1195515441894	0.846684	15.498066	0.0623547521500916	0.0313292392072511	0.010116992	0.0065270342	-0.0267726213	0.0367827613	0.0063657963	-0.0696283435	-0.0977854617	-0.0538552951	0.0335822818	-0.0338816453	-0.0234732204	0.0013620446	0.0555511316	-0.0354969915	0.0757401489	0.1725808526	0.0641244472	-0.0405026287	0.012110502	-0.0027271894	0.0321194846	0.101102085	-0.0414150307	-0.0158408218	-0.1208957785	0.0192249383	-0.0476086733	-0.0449885122	0.0066190149	-0.1410527708	-0.0503068949	-0.091883773	-0.0635930361	0.0456280749	-0.012528941	0.0255408459	0.1188857723	0.0574312332	0.0027030096	0.0060074866	-0.017074403	0.0286549492	-0.0082317699	0.0013364304	-0.052104233	-0.0021559324	-0.0615640057	-0.0077550775	-0.0586876438	-0.0774419685	0.0458746065	0.0233305737	-0.0980332559	-0.0300670806	-0.0025771684	-0.0491380218	0.0127849266	0.0665715515	-0.0006019668	0.0592061832	0.0634758925	-0.015171338	-0.1294367287	0.0583804184	0.6098300954569282	0.0062231619154147	3.872774422546822e-05	0.3718927453250062	-0.1671501287472807	-0.0163693715107768	0.0279391655402325	0.0002679563236578	-0.0067924613017709	0.0003781290559601	1.4298158296127701e-07	4.613753053605522e-05	-0.0011380114249175	-0.0003797016784762	1.4417336463764357e-07	1.2950700032427588e-06	-0.0048037190524221	0.0001063444723612	2.307571673460308e-05	1.1309146801803251e-08	0.0081249054046679	0.0003016356425212	6.601408783480166e-05	9.098406083923737e-08	0.0	0.0	0.0	0.0	0.0	0.0	0.0	0.0	0.0	0.0	0.0	0.0	0.0	0.0	0.0	0.0	0.0	0.0
866.0739812920904	-0.3793802867384102	0.1439294019657183	750084.1410711322	1122.212867378758	-1.7099862770055552	1259361.7197104536	2.924053067547319	792.7378411806947	0.3429676175604754	0.1176267866951085	628433.2848398283	840.4514527052976	719.7609608870287	0.7772989999999999	14.228024	0.0420526812301622	0.0203353267179152	0.0134132218	0.0118879165	-0.103289515	0.0566697115	0.0133846011	-0.0696456913	-0.0766974382	-0.1030617246	0.0220713675	-0.0156882927	-0.0147194672	-0.0243867222	0.092866803	-0.0516480941	0.0304725072	0.0935771395	-0.0412032762	0.0145094698	-0.0756103804	-0.0429461528	-0.1186076025	0.0886307175	-0.047154572	0.0538016031	0.0260256644	0.0192967769	-0.0169102211	-0.0265472472	0.0889021464	-0.1551874708	-0.013892349	0.0249938502	-0.0707791139	0.0969990085	-0.0317270679	0.0806260159	-0.0817410364	-0.0037110622	0.0059749897	0.0047461719	-0.0224230358	0.0118703876	-0.0320893666	0.0289678863	-0.0198640508	0.0385131332	-0.0733550712	0.0872438156	-0.0496215287	-0.0649387538	-0.0100468773	-0.058813578	-0.0625116351	-0.0453269587	-0.077061991	-0.0117838331	0.0583488007	0.0228245524	-0.0589229327	-0.0460081389	0.0737297484	-0.0261858225	-0.1326888823	0.0692973963	0.6155938003336985	0.0057637048767702	3.322029390650514e-05	0.3789557270092854	-0.1612740945363384	0.0058760342109422	0.0260093335685158	3.452777804816422e-05	-0.0069322454142906	-0.0001397841125197	1.9539598112920317e-08	4.805602648395305e-05	-0.0008990960260668	0.0002389153988507	5.708056780798907e-08	8.083736640891119e-07	-0.0050822199254796	-0.0002785008730574	2.582895937094187e-05	7.756273629378955e-08	0.0080368585159775	-8.80468886904004e-05	6.459109480584005e-05	7.752254608059757e-09	0.0	0.0	0.0	0.0	0.0	0.0	0.0	0.0	0.0	0.0	0.0	0.0	0.0	0.0	0.0	0.0	0.0	0.0
867.0138165595016	0.9398352674112402	0.8832903298699575	751712.9581050731	1122.24636884889	0.0335014701320233	1259436.9123945187	0.0011223485010068	792.9342294981827	0.196388317488072	0.0385683712457957	628744.6923098767	840.7050879403447	732.4544607543945	0.913664	16.724098	0.0415611790871561	0.0289692112458583	0.0120881082	0.0018328217	-0.0534380999	0.0500104696	-0.0361087341	-0.0572876479	-0.0252171985	-0.0220824991	-0.0689530071	-0.0011668077	-0.003085303	-0.0088767543	0.0804833325	-0.1019049273	0.0838352818	0.0479305768	-0.0674056765	0.0469854399	-0.1093619577	0.0120163683	-0.1138988837	0.0104136696	0.0685379901	-0.0775896642	0.0304473787	-0.0035798284	0.0307088893	-0.0332150286	0.0880502576	-0.0606504575	-0.0305297166	0.1238180185	-0.0675884217	0.0730375212	-0.0527486556	0.0248687004	-0.0806358047	-0.0913276134	0.010686649	0.0039506292	-0.0310174275	-0.0010969951	-0.036657845	0.0076685674	-0.0213438298	0.0533387721	-0.001969058	0.1177381189	0.0871282924	-0.0737984385	-0.0705379329	-0.0477186528	0.0490323555	-0.0743325672	0.006008824	-0.0501525935	-0.0415792622	-0.014288597	-0.0406896754	-0.1653319572	0.0260750812	0.1063706826	-0.1357462967	0.0798077096	0.6122602518878324	-0.003333548445866	1.1112545240936196e-05	0.374862616041752	-0.1339100261416064	0.0273640683947319	0.0179318951012457	0.0007487922391115	-0.0068625961273625	6.964928692809996e-05	4.851023169592795e-09	4.709522560729079e-05	-0.000967032523597	-6.793649753019998e-05	4.615367696670868e-09	9.351519016943824e-07	-0.005041937882076	4.028204340360015e-05	2.5421137606713014e-05	1.6226430207695262e-09	0.0079291987977187	-0.0001076597182587	6.287219357374368e-05	1.159061493556402e-08	0.0	0.0	0.0	0.0	0.0	0.0	0.0	0.0	0.0	0.0	0.0	0.0	0.0	0.0	0.0	0.0	0.0	0.0
868.0494905876701	1.0356740281685006	1.0726206926227682	753509.9181095136	1126.1109989317747	3.864630082884787	1268125.9819151196	14.935365677538076	793.4614119588272	0.5271824606444397	0.2779213468111262	629581.0122676956	841.5113119061074	735.6387918208195	0.8193049999999998	14.99691	0.0367282981155804	0.0201155301720682	0.0039241004	0.0244873014	7.06442e-05	-0.003932342	-0.0190521038	0.0437075235	0.0027918267	0.0289257324	-0.0196860433	0.0167119031	-0.0143471562	0.0178997508	0.0569793184	0.0295407111	0.0317161685	-0.0896605737	-0.0857298615	-0.0112679499	-0.1226249555	0.0501630323	-0.1224843157	-0.0439780363	-0.0066480356	0.0141099934	0.1855799523	-0.0190108124	0.010332282	0.0520173314	0.0536665761	0.0251227229	0.028811729	0.1130269791	-0.0260817919	-0.0324569733	-0.0348658355	0.0019541007	-0.1693190601	-0.0732690625	0.0142525113	-0.009561616	-0.0173356023	-0.0007501049	-0.0398755405	0.0129469232	-0.0117562979	0.0213167225	0.0250255668	0.0912608471	0.0975771429	-0.04090958	-0.057512183	-0.0562579838	0.0544578711	-0.0570305266	0.0444388704	0.0203886169	-0.073114091	0.0337027482	-0.0910260449	-0.0880050033	-0.0255787223	0.1114430454	-0.1386044847	0.0898496795	0.6263803035909916	0.0141200517031592	0.0001993758600998	0.3923522847267428	-0.1314611121753017	0.0024489139663047	0.0172820240143672	5.997179614362217e-06	-0.017316345884609	-0.0104537497572465	0.0001092808839871	0.0002998558347954	-0.0009659723652229	1.0601583740999605e-06	1.1239357781742718e-12	9.331026103743238e-07	-0.0050900060526313	-4.806817055529999e-05	2.5908161615823267e-05	2.310549020533408e-09	0.0080741821225667	0.000144983324848	6.519241694837571e-05	2.102016448398084e-08	0.0	0.0	0.0	0.0	0.0	0.0	0.0	0.0	0.0	0.0	0.0	0.0	0.0	0.0	0.0	0.0	0.0	0.0
868.3689413981681	0.3194508104979832	0.1020488203278183	754064.6183849751	1127.212129007608	1.1011300758332254	1270607.183781864	1.2124874439044848	793.7183583924423	0.2569464336150986	0.0660214697475182	629988.8324491935	842.5673427367478	737.0999033531776	0.7688399999999999	14.073174	0.0458919118377285	0.0217912877095128	-0.0007608926	0.027941501	0.0546382429	-0.0040161839	-0.0238508158	0.071695049	-0.0462573646	0.0354287302	-0.0887527012	0.0280264791	-0.0126315295	0.0319596701	0.0472327966	0.0227775213	-0.0989465501	-0.0308808621	-0.0419488207	-0.0518295181	-0.0837081269	0.0922543356	-0.0706966906	-0.1209758953	0.0750430789	-0.0100852879	0.0902122267	-0.0216692581	0.0011827644	0.0795869107	0.0192986548	0.0826841506	-0.0658749138	0.0616470726	-0.0289275501	-0.0583674742	-0.0669023725	-0.0939335243	-0.0789229579	-0.1033390518	0.0152011107	-0.0164370214	-0.0098338603	0.006788814	-0.0268995872	0.0080741107	-0.0243810189	-0.0091960905	0.1047943808	0.0323795225	0.153303817	-0.0933986554	-0.0442128123	-0.0703763595	0.1077274447	-0.0255499336	0.0043346293	-0.0198712884	-0.0601681504	0.0073349783	-0.0242557838	0.0370188147	0.0596005755	-0.0707712848	-0.1412592515	0.0993643757	0.6097548164552933	-0.0166254871356983	0.0002764068224992	0.3718009361904284	-0.1417318354122585	-0.0102707232369567	0.0200879131693275	0.0001054877558101	-0.0269322242377825	-0.0096158783531734	9.246511650303068e-05	0.0007253447023941	-0.0009653399115051	6.324537178000692e-07	3.999977051591296e-13	9.318811447446742e-07	-0.0050390675707376	5.09384818936998e-05	2.5392201982459336e-05	2.5947289376347813e-09	0.0082102076491932	0.0001360255266264	6.740750964287052e-05	1.85029438940164e-08	0.0	0.0	0.0	0.0	0.0	0.0	0.0	0.0	0.0	0.0	0.0	0.0	0.0	0.0	0.0	0.0	0.0	0.0
867.6059005767363	-0.7630408214317868	0.5822312951712959	752739.9987155696	1126.774534039549	-0.4375949680588746	1269620.8505600428	0.1914893560704475	793.2651323888344	-0.4532260036078241	0.2054138103463194	629269.5702638751	842.4946352497915	733.2928209392841	0.632538	11.578252	0.027205759583	0.01237767567701	0.0028467657	0.0358721249	0.0345997422	0.0063187117	-0.0244849272	0.0981473672	-0.0493505154	0.0502056113	-0.1427253725	0.0130368561	-0.0012555342	0.0074061408	-0.0208759073	0.0091646846	-0.0907075423	0.0214340935	-0.0085072665	-0.0003630642	-0.077607711	0.054705924	-0.0002010121	-0.1102071449	0.1683466619	-0.0484906421	0.0283873699	-0.0087926385	-0.0109398117	0.0772794192	-0.0272106537	0.1378194636	-0.0750998986	0.0019670401	-0.0192817483	-0.0014217223	-0.0890274766	-0.099077304	-0.0398059902	-0.0944285455	0.0210547541	-0.0258128472	-0.0073670555	0.0168615464	-0.0225342831	0.0021679363	-0.0249238939	-0.0399726741	0.0936139456	0.0094352239	0.1327292831	-0.0760412066	-0.0461477484	-0.0425298869	0.1299471323	0.0326174036	-0.0044793283	-0.0080622625	-0.0176103188	0.0463922712	0.0183348742	0.075474514	0.0329803038	-0.1133058147	-0.1437067008	0.1082959623	0.6119575699673874	0.002202753512094	4.852123035042853e-06	0.3744920674403898	-0.1438414029444885	-0.0021095675322299	0.0206903492010387	4.450275173038925e-06	-0.0181990301634016	0.0087331940743809	7.626867874080168e-05	0.0003312046988884	-0.0008179496584373	0.0001473902530677	2.1723886699390115e-08	6.690416437376958e-07	-0.0050650117382622	-2.5944167524600065e-05	2.5654343908733877e-05	6.730998285445125e-10	0.0083200781178867	0.0001098704686935	6.922369988773709e-05	1.2071519890929461e-08	0.0	0.0	0.0	0.0	0.0	0.0	0.0	0.0	0.0	0.0	0.0	0.0	0.0	0.0	0.0	0.0	0.0	0.0
868.6961727180785	1.0902721413422114	1.188693342186931	754633.0404950377	1124.4426619326596	-2.331872106889477	1264371.2999742054	5.43762752288917	794.0101499050083	0.7450175161739025	0.5550510994059311	630452.1181521738	842.0924447306087	732.586209065364	0.629787	11.527891	0.068654516439154	0.0339557863686662	0.0017772621	0.0493702097	0.039019306	0.022288755	0.00092807	0.0805364795	-0.044074714	0.0481914458	-0.0863258931	0.0323132108	0.039013402	0.0354103101	-0.0220638761	0.0968487402	-0.1168108565	0.0477865039	0.0367594613	0.0699539824	-0.1497386171	0.0531574983	-0.115442949	-0.0767265971	0.0672433194	0.0306771076	-0.0001304936	-0.0155335751	0.0182997779	0.0894274399	-0.0615903083	0.1310438034	-0.0413814001	-0.0467062179	-0.0521831161	0.0597982007	-0.0667104616	-0.0553374334	-0.0705385784	-0.0939791654	0.0149310916	-0.0197637262	-0.0061438401	0.0167155159	-0.0102300119	0.0376770585	-0.0459047658	-0.0817868296	0.1136095598	-0.0076641913	0.1559807416	-0.0869868628	-0.0519398154	-0.008044001	0.0932438111	0.0693895406	-0.0231154559	-0.0520695266	-0.006191488	0.0281215052	-0.0412300418	0.0770029576	0.0752943245	-0.1306821041	-0.1459432408	0.1165920251	0.6080062938139577	-0.0039512761534297	1.561258324066234e-05	0.3696716533173846	-0.15890527115927	-0.0150638682147815	0.0252508852022011	0.0002269201255923	-0.0359038235463344	-0.0177047933829328	0.0003134597087323	0.0012890845452463	-0.0009609499034415	-0.0001430002450041	2.0449070071261225e-08	9.23424716924228e-07	-0.0055521179061883	-0.0004871061679261	3.082601324421676e-05	2.372724188316502e-07	0.0083114929570568	-8.585160829899935e-06	6.908091517520479e-05	7.370498647524814e-11	0.0	0.0	0.0	0.0	0.0	0.0	0.0	0.0	0.0	0.0	0.0	0.0	0.0	0.0	0.0	0.0	0.0	0.0
868.2543547393558	-0.4418179787227245	0.1952031263226338	753865.624523855	1125.525843761458	1.083181828798388	1266808.424974942	1.17328287423902	793.8801501015199	-0.1299998034884311	0.0168999489070307	630245.6927252118	841.5486760514506	730.5032055781438	0.89426	16.368923	0.1368974730027734	0.0621244657230943	-0.0031088117	0.0368704173	0.0274744972	-0.015980519	0.0199629235	0.0370835795	0.0258801277	0.0273681973	0.0163367904	-0.009923508	0.028170488	0.0219154176	-0.092656727	0.0882622508	-0.11184283	-0.0313469302	0.0618147027	-0.0050287069	0.0320836478	-0.02964833	0.1116860302	-0.0616161764	0.048041505	0.0238463811	0.010398142	0.0114158596	-0.009796112	0.0172118262	-0.1110847766	0.1024305047	0.0005846105	-0.0837924593	0.0637988168	-0.029362255	0.0074515447	-0.065316676	0.011141578	0.0922438084	0.0350372796	-0.0427472831	0.0031978861	0.003840813	0.0110917227	-0.0131597214	0.0056500375	-0.0566042038	0.0497746994	-0.1356898905	-0.0098582324	0.0604314284	-0.0161497625	0.0250352503	-0.0469818573	0.205090575	0.1020779418	0.1374314027	0.0942098839	0.1419148728	0.120899495	-0.0741858192	-0.2378747955	-0.1021358003	-0.1479655889	0.1242038795	0.6309742945416872	0.0229680007277295	0.0005275290574289	0.3981285603723798	-0.1307286217806478	0.0281766493786221	0.0170899725526676	0.0007939235702058	-0.0059169825908327	0.0299868409555017	0.0008992106304905	3.501068298021725e-05	-0.0013191270926316	-0.0003581771891901	1.2829089885612076e-07	1.740096286514698e-06	-0.0050907918429761	0.0004613260632122	2.5916161588512e-05	2.1282173659886677e-07	0.0086073093434729	0.000295816386416	7.408577413423589e-05	8.750733447227915e-08	0.0	0.0	0.0	0.0	0.0	0.0	0.0	0.0	0.0	0.0	0.0	0.0	0.0	0.0	0.0	0.0	0.0	0.0
869.5521262781058	1.2977715387499984	1.6842109667895386	756120.9003147748	1123.232841629414	-2.2930021320439664	1261652.0165148885	5.257858777558176	794.3468464725177	0.4666963709977381	0.2178055027024583	630986.9125008335	841.5587601822414	728.5494989813291	0.909566	16.649101	0.0929644746971375	0.0607808336706243	0.0121496418	0.0522275598	-0.0071882512	0.0189934469	-0.0002425443	0.0720235459	0.0275215558	0.0267922758	0.065184459	0.0190382507	0.0472085439	0.059875036	-0.0565768553	-0.0425311946	-0.1069953689	-0.1257182577	0.0511249863	0.0376272434	0.0035193976	-0.0020832651	0.0463763458	0.1007978446	-0.0591675713	0.1533286331	0.0841894036	0.0024119236	0.0262044025	0.0788448139	-0.0739612475	0.0464465851	0.0014988615	0.0286005524	0.1369234921	0.0033422812	-0.0287772386	0.0343224947	-0.0372179474	0.0832167544	0.0529998657	-0.0692784344	0.0405894561	-0.0407710297	0.0143935098	-0.0610237022	0.0768179016	0.0536454326	0.1162638603	-0.0159137219	-0.0325012712	0.1608347814	-0.0069455216	0.0226556587	-0.0056943308	0.0247007577	-0.028962404	0.1252491273	0.1275433897	0.0367508319	0.1150065554	-0.079327782	-0.040566249	0.0832387089	-0.1497707771	0.1310868562	0.6412227774315085	0.0102484828898212	0.0001050314015429	0.4111666502969778	-0.1873323092534207	-0.0566036874727728	0.0350933940902192	0.0032039774355153	-0.0059641803721461	-4.719778131339995e-05	2.2276305609075256e-09	3.557144751149279e-05	-0.0011311035227112	0.0001880235699204	3.5352862845611634e-08	1.279395179089686e-06	-0.0051811320500827	-9.034020710659962e-05	2.684412932039416e-05	8.161353020063312e-09	0.0088502476975105	0.0002429383540375	7.832688430728989e-05	5.9019043862498e-08	0.0	0.0	0.0	0.0	0.0	0.0	0.0	0.0	0.0	0.0	0.0	0.0	0.0	0.0	0.0	0.0	0.0	0.0
871.5427314483862	1.990605170280446	3.962508943947244	759586.7327405139	1127.7460338165613	4.513192187147297	1271811.1167889845	20.3689037181274	794.3020390072103	-0.0448074653073717	0.0020077089472713	630915.7291710118	842.5317030917392	747.8156655267569	1.060356	19.409222	0.1684838391813268	0.1079028516818293	-0.0091690638	0.0790770144	0.0487040258	0.0032637039	0.0271865102	-0.0207307619	-0.0172268993	0.0472496968	-0.0717193451	0.0223850943	0.0303140652	0.0880788102	0.1606069654	-0.0429985786	-0.0626881078	-0.1411493388	-0.1471367114	-0.0354227108	-0.0445864486	-0.083349455	-0.0673543574	-0.0483966356	0.0850520549	0.0425122356	0.0541237951	-0.0198479591	0.0149698276	0.0719103139	0.022919403	0.0091136214	-0.0820211624	0.1833577344	-0.0675068365	-0.1116052309	-0.0140110383	-0.0010302801	0.0168624205	-0.0203162527	0.0421793857	-0.0629607878	0.014961481	-0.0218988808	-0.0361829475	-0.0195985939	0.0251966229	0.1226258689	0.0433805397	0.0807640998	0.0716140517	-0.0275701766	-0.0456806432	0.0037752345	0.0372399745	-0.1286186089	0.0397317646	0.0576643557	0.0061891503	-0.0492657219	-0.106371834	-0.0048700068	0.031478246	0.1145517192	-0.1513561561	0.1372005631	0.6411211908331609	-0.0001015865983475	1.0319836963832654e-08	0.4110363813353302	-0.085017398298234	0.1023149109551867	0.0072279580134005	0.0104683410037677	-0.0222844907572437	-0.0163203103850975	0.0002663525310659	0.0004965985283096	-0.0009026742889924	0.0002284292337187	5.2179914817358115e-08	8.148208720079349e-07	-0.0056770065659228	-0.0004958745158401	3.222840354953058e-05	2.458915354596537e-07	0.0085796108222155	-0.0002706368752949	7.360972186067733e-05	7.324431826944092e-08	0.0	0.0	0.0	0.0	0.0	0.0	0.0	0.0	0.0	0.0	0.0	0.0	0.0	0.0	0.0	0.0	0.0	0.0
866.9111448713458	-4.63158657704048	21.451594220621548	751534.9331021474	1126.9939058489747	-0.7521279675866026	1270115.2638207276	0.5656964796259536	793.0469854961151	-1.255053511095184	1.5751593157123496	628923.5212044754	842.8010540222854	737.3777882913442	1.028766	18.830973	0.0966238119259298	0.0563247442473237	0.0067064672	0.0857954545	0.061428411	-0.0476393104	0.0735156951	0.1089910983	-0.0989529934	-0.0405552161	-0.1009585157	-0.0168202042	-0.0337296249	0.1040663491	0.0138313756	-0.012732064	-0.1138816176	-0.0380752694	-0.0464668635	-0.0923996047	0.004819697	0.019091755	0.1193505653	-0.1295057195	0.0234229573	-0.0132717099	-0.2012626438	-0.0013620755	-0.0925652706	0.0838563741	-0.0687692298	0.0356520587	-0.1240690447	0.0381432314	-0.0320907588	-0.0687429084	-0.0681833181	-0.0669208061	0.0218735349	-0.0143527049	0.0465614324	-0.0749894468	0.0395720988	-0.0089991517	-0.0084668886	0.0018027618	0.0090939801	-0.0029230365	0.086010512	-0.0431700822	0.0039899814	-0.0121530548	-0.0061453364	0.1037465334	0.0491517982	0.0982176358	0.0793451702	0.1716894702	-0.0021710813	0.0438896263	0.0068450389	-0.0368940517	0.0491690041	-0.0046106242	-0.152719399	0.1425091225	0.6647392151084688	0.0236180242753079	0.000557811070669	0.4418782241030231	-0.1317572892318708	-0.0467398909336368	0.0173599832657308	0.0021846174044882	-0.0203351002277685	0.0019493905294751	3.800123436407595e-06	0.0004135163012733	-0.0006689863176022	0.0002336879713902	5.461006797246696e-08	4.4754269313895154e-07	-0.0056030628546577	7.39437112650997e-05	3.13943133532449e-05	5.467672435656431e-09	0.0087583092633104	0.0001786984410948	7.670798115178876e-05	3.1933132849747404e-08	0.0	0.0	0.0	0.0	0.0	0.0	0.0	0.0	0.0	0.0	0.0	0.0	0.0	0.0	0.0	0.0	0.0	0.0
864.8490443193318	-2.0621005520139306	4.252258686616157	747963.8694600615	1121.695114631515	-5.298791217459666	1258199.9301882077	28.077188366227688	792.4464199591789	-0.6005655369361875	0.3606789641554512	627971.3285061193	840.7634631381945	720.2705299201378	1.002924	18.357952	0.0917348062652016	0.0462403784454227	0.0202358029	0.0558327819	-0.0505537247	-0.0021819698	0.0508203061	0.0161246482	-0.0323859717	-0.0734213206	-0.0025498683	-0.0457946995	-0.0071594807	0.0440730487	-0.0911185469	0.0201910664	-0.1083631476	0.1308194348	0.0832042676	-0.0484508524	-0.0518062776	0.0843655941	0.1301279651	0.0530008744	0.0329449263	0.1616515417	-0.1531835394	0.0370358434	-0.0483197251	0.0030856983	-0.1144184279	0.0223056846	-0.0378804414	-0.1500897401	-0.0150586462	0.0230332275	-0.1026588006	-0.0086566478	0.0406217972	0.101046446	0.0461920108	-0.06438324	0.0161513166	0.0077391115	-0.0028846385	-0.0496762134	-0.0385574522	-0.0326482327	-0.022425873	-0.056317743	0.0336149749	0.0107537949	0.0594488273	0.1787435473	-0.0798554822	0.1732063622	0.0696480042	0.0072671604	-0.0521896883	0.0937239371	-0.0157007085	-0.0152335866	-0.0786818306	0.1456289839	-0.1538585052	0.1469813818	0.6411756180045245	-0.0235635971039442	0.000555243108477	0.4111061731234839	-0.1499100019679389	-0.0181527127360681	0.0224730086900274	0.0003295209796782	0.0118049118183307	0.0321400120460992	0.0010329803743234	0.0001393559430385	-0.000822879725294	-0.0001538934076918	2.368318093099457e-08	6.771310422999289e-07	-0.0054002367377798	0.0002028261168779	2.9162556824066612e-05	4.1138433687767675e-08	0.0087574591002983	-8.501630121005022e-07	7.66930898933975e-05	7.227771471437986e-13	0.0	0.0	0.0	0.0	0.0	0.0	0.0	0.0	0.0	0.0	0.0	0.0	0.0	0.0	0.0	0.0	0.0	0.0
869.0012317873083	4.152187467976432	17.240660769220536	755163.1408478591	1123.9667763830523	2.2716617515372945	1263301.3144129105	5.160447113397489	793.5408073727139	1.094387413534946	1.1976838109037091	629707.0129657385	840.1757180717555	723.8740035834679	0.939634	17.199461	0.0641987511551498	0.0303056822395069	0.0119237217	0.0808384094	-0.0959724716	0.0390038297	-0.0044069415	-0.0173855505	0.0149876101	0.0317680111	0.1239533967	-0.0247692121	0.0886376824	0.0656088345	-0.2009299785	0.0245394263	0.0286102531	0.0567779073	0.1194146041	0.0044392004	0.0675192304	0.0291579725	-0.0033107184	0.0143427361	-0.0515967018	0.0759053322	-0.1610339812	0.0428200933	0.0584929373	-0.0077880516	-0.1727022316	-0.0298145513	0.0616229953	-0.1424943215	0.0887407702	0.0726515486	0.0531644654	-0.0150459488	0.0689334776	0.1142260656	0.0528334531	-0.0713796146	0.0207904666	0.0080136703	0.0023538399	-0.0705640729	-0.0226404262	-0.026635421	-0.0617726506	-0.0656155463	-0.0269750316	0.074534828	0.1047909661	0.1399433334	-0.044472422	0.1240944387	0.0126224081	-0.0950015221	-0.0305852836	0.0997442168	-0.0510573809	0.1922103004	-0.063597487	0.1027267075	-0.1547718027	0.1505910958	0.6448645058051596	0.0036888878006351	1.3607893205674783e-05	0.4158502308473327	-0.1675653764252018	-0.0176553744572628	0.0280781553765195	0.0003117122472261	-0.0108317220839211	-0.0226366339022517	0.0005124171944245	0.0001173262033033	-0.0009579699093428	-0.0001350901840488	1.8249357826338657e-08	9.177063472062524e-07	-0.0055039158864091	-0.0001036791486292	3.0293090084666465e-05	1.0749365860496397e-08	0.0089230468675202	0.0001655877672219	7.962076539996205e-05	2.7419308653534343e-08	0.0	0.0	0.0	0.0	0.0	0.0	0.0	0.0	0.0	0.0	0.0	0.0	0.0	0.0	0.0	0.0	0.0	0.0
872.919383486781	3.918151699472787	15.35191274008149	761988.250066942	1127.6148682742344	3.648091891182048	1271515.291153119	13.308574446508212	795.2941860807869	1.7533787080730008	3.074336893923745	632492.8424139012	842.6019248748094	735.9956777396569	0.892922	16.34444	0.0732484333182233	0.0353950264434299	-0.0152222457	0.0788644159	-0.0352341135	0.0071161479	-0.0223775174	-0.037680424	0.00508877	0.0944658495	0.134480201	0.0414559292	0.0961372614	0.0339508206	-0.0325677016	-0.037681294	0.079740415	-0.0635124292	0.0510758748	-0.0416351007	0.1316196769	-0.0420268536	0.1063178217	0.1408345663	-0.1306538185	0.064044129	-0.0283710707	-0.0067180279	0.0874400728	-0.0084199098	-0.0677158639	-0.0977713468	0.0243063159	-0.0083326454	0.1045804204	-0.0423795574	0.1013424356	0.0313511321	0.0871751432	0.1320471576	0.0379601532	-0.0766601895	0.0131712516	-0.0063108922	0.0224906059	-0.0344752668	0.0258764609	0.0410030621	-0.0473565792	-0.0259827967	-0.1151493837	0.0968594182	0.0819714367	0.0348625098	-0.1054278687	-0.0166919834	-0.0489688677	0.0199554358	0.0752778551	-0.0017595024	-0.1013903805	0.1322700354	0.0384356625	-0.0073306055	-0.1554579513	0.1533170814	0.6413288642445707	-0.0035356415605889	1.2500761244963813e-05	0.411302712113231	-0.1674893372358212	7.603918938059451e-05	0.0280526780876946	5.781958321657916e-09	-0.0234557450575749	-0.0126240229736538	0.0001593659560393	0.0005501719762059	-0.001362974903204	-0.0004050049938612	1.6402904505251067e-07	1.857700586763953e-06	-0.0050248852055567	0.0004790306808523	2.52494713290226e-05	2.2947039319791367e-07	0.0091792657846986	0.0002562189171783	8.42589203461384e-05	6.564813352007178e-08	0.0	0.0	0.0	0.0	0.0	0.0	0.0	0.0	0.0	0.0	0.0	0.0	0.0	0.0	0.0	0.0	0.0	0.0
871.8537703733924	-1.065613113388622	1.135531307425792	760128.9969143001	1127.8700626524778	0.2551943782434591	1272090.8782277042	0.0651241706870656	795.6893298056734	0.3951437248865659	0.15613856331723	633121.5095666017	843.290588421768	738.6322745513916	0.8069889999999998	14.771472	0.0826046696189684	0.0389442271027655	-0.0104257293	0.0831866231	-0.030779728	0.0189552938	0.0087791395	-0.0421698423	-0.0330077098	0.0126978491	0.0913242511	0.0213765911	0.0559398014	0.074493474	0.0862233377	-0.0832195175	0.0948289421	-0.1378687003	0.0213242867	-0.1542212621	0.0569022359	-0.0804332752	0.0877761354	0.00709639	-0.057222839	-0.0704373272	0.0651230144	0.0006498074	0.0173602755	0.0273242884	0.0319605858	-0.174328787	-0.0251584174	0.1027456861	0.1177620616	-0.116030777	0.0344378215	0.0402988852	0.0924850195	0.0637415584	0.0499599567	-0.0768546484	0.027683893	-0.0089476872	0.0047920424	-0.009406601	0.040205673	0.0900660096	-0.0190719892	0.0564035995	-0.1504964855	0.0250747039	0.0462230184	-0.0063992072	-0.0952984213	-0.1295669176	-0.1430857726	0.0756790665	0.1333580562	-0.0385763909	-0.0468842095	0.1191345117	0.110813838	0.0408105767	-0.155915944	0.1551433414	0.6328330127711723	-0.0084958514733983	7.217949225804534e-05	0.4004776220530388	-0.1517960614259124	0.0156932758099088	0.0230420442644193	0.0002462789056458	-0.0353465259405112	-0.0118907808829363	0.000141390670006	0.0012493768960632	-0.000963998924637	0.000398975978567	1.5918183147349525e-07	9.292939267012924e-07	-0.0049153365273537	0.0001095486782029	2.416053317713753e-05	1.2000912896024436e-08	0.0087572952124141	-0.0004219705722845	7.669021943737092e-05	1.780591638741084e-07	0.0	0.0	0.0	0.0	0.0	0.0	0.0	0.0	0.0	0.0	0.0	0.0	0.0	0.0	0.0	0.0	0.0	0.0
871.26798442659	-0.5857859468023889	0.3431451754711712	759107.9006867728	1123.8051143054067	-4.064948347071095	1262937.9349389882	16.523805064356026	794.5055192268236	-1.1838105788498297	1.4014074865967687	631239.0200818846	841.6731395078509	736.368963669997	0.705499	12.913755	0.0559241678998755	0.0257444388987368	-0.0129857961	0.0790475887	-0.0436007875	0.0418850542	0.0267608493	-0.0765989285	-0.0254099665	-0.0526514287	0.0168618162	0.0124859203	0.0179892793	0.0573702031	0.1054983882	-0.1015001651	0.1315174835	-0.0239744254	0.0053963456	-0.1115898627	-0.01547613	-0.0973541737	-0.0130226603	0.1120946721	-0.042832876	-0.0373261862	-0.0132219537	-0.0051297685	0.0079597873	-0.0027739712	0.0311133247	-0.1732808323	-0.0143145115	0.0928786893	0.0231748766	-0.0460901887	-0.0514761933	0.0957573719	0.0553515943	-0.0397083581	0.0388377163	-0.0713829837	0.0131951507	-0.0237826362	-0.0076706886	-0.0026924149	0.0247225402	0.0710920781	0.0129099888	0.0616660865	-0.1021276418	-0.0056935313	0.0153272386	-0.0004374164	-0.082143338	-0.0873068024	-0.1009542474	0.0259538212	0.0719189796	-0.0578833233	-0.029567388	-0.0078300945	0.1170098369	0.0742362056	-0.1561451084	0.1560591586	0.646114709895059	0.0132816971238867	0.0001764034784906	0.4174642183427763	-0.1596419672175244	-0.007845905791612	0.0254855576970811	6.155823769085091e-05	-0.0209702612676494	0.0143762646728618	0.0002066769859441	0.0004397518576334	-0.0010891012213772	-0.0001251022967402	1.565058464967308e-08	1.186141470405309e-06	-0.0050189889111691	-0.0001036523838153	2.5190249690438384e-05	1.0743816670614933e-08	0.0089369465380888	0.0001796513256747	7.98690134246574e-05	3.2274598816677186e-08	0.0	0.0	0.0	0.0	0.0	0.0	0.0	0.0	0.0	0.0	0.0	0.0	0.0	0.0	0.0	0.0	0.0	0.0
