#!ascii label  , from subject sub-v1s11x0050145_ses-1 vox2ras=TkReg
4760
125  -16.237  -90.418  -17.910 0.0000000000
21447  -7.699  -59.835  -30.514 0.0000000000
135802  -30.451  -49.146  -23.848 0.0000000000
8963  -15.642  -72.086  -49.502 0.0000000000
42671  -19.439  -38.410  -27.420 0.0000000000
30101  -15.893  -49.662  -15.016 0.0000000000
3460  -12.724  -80.126  -17.118 0.0000000000
367  -11.848  -89.093  -32.629 0.0000000000
19384  -8.421  -61.136  -35.071 0.0000000000
125846  -26.858  -44.444  -18.752 0.0000000000
145806  -30.791  -46.837  -20.041 0.0000000000
39559  -28.502  -41.762  -22.564 0.0000000000
44590  -24.127  -36.605  -23.378 0.0000000000
126338  -10.820  -58.326  -12.371 0.0000000000
17025  -11.275  -63.852  -15.471 0.0000000000
7834  -7.375  -73.275  -19.970 0.0000000000
8542  -12.386  -72.354  -16.349 0.0000000000
1310  -13.098  -86.349  -19.133 0.0000000000
3547  -15.417  -79.185  -25.800 0.0000000000
1029  -10.340  -86.703  -22.529 0.0000000000
319  -8.081  -89.279  -27.582 0.0000000000
545  -14.564  -88.338  -24.855 0.0000000000
840  -22.674  -88.035  -33.816 0.0000000000
30212  -9.421  -50.821  -25.721 0.0000000000
151039  -13.229  -45.276  -27.835 0.0000000000
29291  -11.198  -51.915  -30.625 0.0000000000
150594  -11.121  -68.096  -47.921 0.0000000000
128981  -7.951  -66.155  -40.709 0.0000000000
15265  -13.369  -66.631  -41.177 0.0000000000
2797  -23.601  -82.461  -45.786 0.0000000000
5508  -22.232  -76.593  -51.451 0.0000000000
144870  -25.632  -78.990  -48.383 0.0000000000
35205  -26.493  -45.664  -21.098 0.0000000000
8861  -16.433  -72.924  -42.420 0.0000000000
11508  -22.140  -68.960  -53.579 0.0000000000
146891  -31.343  -51.982  -19.399 0.0000000000
27320  -28.826  -51.877  -18.701 0.0000000000
32101  -18.726  -48.776  -19.021 0.0000000000
128501  -7.303  -51.520  -15.893 0.0000000000
5719  -8.587  -76.598  -15.332 0.0000000000
5173  -7.912  -77.233  -22.605 0.0000000000
1472  -15.668  -84.700  -34.167 0.0000000000
1181  -21.149  -86.749  -40.866 0.0000000000
42609  -13.471  -37.686  -25.143 0.0000000000
15159  -11.982  -65.689  -29.443 0.0000000000
18311  -14.397  -62.372  -33.674 0.0000000000
129572  -14.633  -59.186  -29.425 0.0000000000
36311  -32.233  -45.038  -16.925 0.0000000000
18008  -8.426  -62.778  -11.434 0.0000000000
13913  -9.878  -67.046  -12.837 0.0000000000
12979  -12.854  -67.634  -17.389 0.0000000000
11999  -8.734  -68.526  -15.844 0.0000000000
1312  -18.306  -84.813  -19.788 0.0000000000
2539  -15.985  -82.147  -18.038 0.0000000000
715  -14.230  -87.684  -16.384 0.0000000000
1023  -15.464  -86.798  -21.649 0.0000000000
282  -11.820  -89.813  -19.765 0.0000000000
542  -10.533  -88.648  -23.690 0.0000000000
145527  -13.301  -91.579  -21.117 0.0000000000
22420  -6.869  -59.041  -26.948 0.0000000000
139757  -7.467  -55.241  -28.483 0.0000000000
29257  -10.748  -52.688  -27.302 0.0000000000
25530  -8.634  -55.980  -30.333 0.0000000000
14323  -13.779  -66.099  -46.882 0.0000000000
127602  -10.613  -65.920  -45.026 0.0000000000
16416  -14.823  -64.154  -45.640 0.0000000000
4253  -23.079  -79.903  -43.214 0.0000000000
4869  -21.320  -77.946  -46.831 0.0000000000
6120  -23.286  -76.068  -45.596 0.0000000000
32113  -26.116  -49.087  -21.894 0.0000000000
34101  -24.538  -47.109  -20.839 0.0000000000
33098  -28.446  -47.640  -22.258 0.0000000000
35250  -30.001  -45.741  -22.612 0.0000000000
6747  -14.101  -75.064  -46.155 0.0000000000
8138  -13.240  -74.139  -43.834 0.0000000000
8160  -17.081  -73.788  -46.105 0.0000000000
147651  -24.905  -73.779  -52.474 0.0000000000
9009  -22.142  -72.327  -54.080 0.0000000000
9828  -25.927  -71.393  -54.421 0.0000000000
43619  -22.127  -36.769  -24.765 0.0000000000
43597  -25.655  -36.919  -24.033 0.0000000000
42638  -23.724  -38.058  -25.218 0.0000000000
28244  -19.283  -53.007  -17.822 0.0000000000
29139  -21.230  -50.244  -17.209 0.0000000000
32079  -16.934  -48.230  -16.699 0.0000000000
33038  -12.751  -46.848  -17.543 0.0000000000
22234  -6.565  -58.722  -14.494 0.0000000000
25267  -9.223  -55.375  -14.568 0.0000000000
23303  -6.109  -57.484  -17.799 0.0000000000
125397  -7.655  -78.918  -11.857 0.0000000000
2981  -7.625  -81.698  -16.662 0.0000000000
5148  -7.341  -77.291  -18.591 0.0000000000
132450  -9.943  -80.377  -20.600 0.0000000000
3526  -10.151  -81.110  -25.902 0.0000000000
4682  -11.274  -77.768  -29.642 0.0000000000
16  -10.315  -91.464  -28.648 0.0000000000
336  -22.608  -88.969  -27.787 0.0000000000
1809  -20.165  -84.415  -31.067 0.0000000000
1098  -18.721  -87.133  -30.992 0.0000000000
149022  -17.949  -84.475  -34.494 0.0000000000
1164  -18.226  -87.118  -36.920 0.0000000000
2302  -18.924  -83.434  -39.677 0.0000000000
128772  -22.986  -84.082  -40.481 0.0000000000
3673  -20.780  -80.546  -40.310 0.0000000000
26411  -29.278  -54.631  -22.806 0.0000000000
40555  -11.535  -40.430  -23.970 0.0000000000
35367  -13.894  -45.630  -31.880 0.0000000000
38700  -15.066  -42.831  -30.603 0.0000000000
16296  -9.642  -64.144  -36.596 0.0000000000
13215  -9.464  -67.876  -35.821 0.0000000000
16261  -8.142  -64.252  -33.515 0.0000000000
16221  -7.841  -64.101  -28.886 0.0000000000
18280  -10.007  -62.766  -31.755 0.0000000000
17228  -18.076  -63.651  -30.522 0.0000000000
23494  -17.622  -57.438  -29.500 0.0000000000
26484  -15.112  -54.387  -30.481 0.0000000000
34083  -28.264  -46.446  -19.819 0.0000000000
31153  -28.043  -50.005  -22.161 0.0000000000
37530  -27.280  -42.854  -20.427 0.0000000000
147669  -27.649  -41.016  -20.425 0.0000000000
42572  -27.640  -39.001  -21.907 0.0000000000
125129  -26.985  -37.695  -22.066 0.0000000000
44579  -26.092  -36.244  -22.795 0.0000000000
44627  -18.856  -36.621  -26.878 0.0000000000
18022  -12.442  -62.330  -11.824 0.0000000000
20148  -9.553  -60.161  -13.860 0.0000000000
17041  -7.611  -63.835  -15.701 0.0000000000
13005  -10.130  -67.732  -18.584 0.0000000000
8563  -10.573  -73.045  -18.418 0.0000000000
7120  -14.245  -74.432  -20.006 0.0000000000
2071  -12.445  -83.562  -16.621 0.0000000000
136659  -12.109  -82.704  -19.965 0.0000000000
138294  -14.605  -79.359  -21.218 0.0000000000
3025  -16.658  -81.973  -21.821 0.0000000000
2584  -13.316  -83.140  -24.171 0.0000000000
129161  -8.826  -83.901  -22.820 0.0000000000
1062  -9.570  -85.507  -26.122 0.0000000000
565  -11.563  -87.887  -27.877 0.0000000000
129165  -12.980  -89.871  -27.548 0.0000000000
579  -24.348  -88.404  -30.022 0.0000000000
144079  -23.075  -85.567  -35.683 0.0000000000
34182  -9.615  -46.506  -24.503 0.0000000000
36436  -12.047  -43.980  -25.279 0.0000000000
33172  -12.002  -47.937  -26.064 0.0000000000
31218  -14.638  -49.747  -28.232 0.0000000000
31268  -13.005  -49.007  -31.832 0.0000000000
125824  -8.900  -70.781  -44.851 0.0000000000
130352  -7.728  -70.693  -41.716 0.0000000000
14286  -7.881  -66.523  -44.507 0.0000000000
14240  -10.176  -66.304  -41.702 0.0000000000
17336  -12.253  -63.769  -37.925 0.0000000000
137317  -21.331  -80.201  -48.954 0.0000000000
4905  -24.596  -78.035  -50.353 0.0000000000
7440  -25.537  -74.796  -48.891 0.0000000000
37528  -25.157  -44.439  -20.566 0.0000000000
137077  -28.990  -43.910  -21.132 0.0000000000
741  -20.262  -87.504  -20.661 0.0000000000
141381  -17.457  -89.844  -20.600 0.0000000000
534  -21.062  -88.714  -22.149 0.0000000000
17184  -7.720  -63.270  -26.270 0.0000000000
8928  -11.211  -71.734  -46.464 0.0000000000
142048  -13.197  -69.942  -44.661 0.0000000000
11420  -16.296  -69.574  -44.591 0.0000000000
7466  -20.206  -74.063  -50.520 0.0000000000
138317  -19.263  -71.132  -52.899 0.0000000000
10619  -18.189  -69.384  -51.705 0.0000000000
8987  -25.409  -72.071  -51.419 0.0000000000
9802  -21.921  -71.084  -50.209 0.0000000000
8180  -19.287  -73.082  -48.347 0.0000000000
8139  -20.308  -73.780  -44.074 0.0000000000
32071  -32.478  -48.582  -16.508 0.0000000000
30117  -32.635  -51.259  -15.311 0.0000000000
149603  -31.159  -53.928  -19.745 0.0000000000
28295  -25.320  -52.512  -19.633 0.0000000000
26330  -25.927  -53.911  -18.390 0.0000000000
30136  -22.789  -50.278  -18.185 0.0000000000
27276  -15.301  -53.341  -15.377 0.0000000000
127242  -12.518  -52.878  -13.180 0.0000000000
31098  -11.545  -49.228  -15.009 0.0000000000
6338  -8.392  -75.172  -10.215 0.0000000000
141110  -8.183  -71.981  -13.451 0.0000000000
7046  -9.500  -74.283  -15.773 0.0000000000
5785  -11.995  -76.952  -18.532 0.0000000000
5859  -13.369  -76.103  -23.217 0.0000000000
4612  -12.325  -78.388  -24.864 0.0000000000
6499  -9.250  -76.172  -26.293 0.0000000000
9  -16.843  -91.488  -23.907 0.0000000000
140934  -16.474  -91.088  -27.251 0.0000000000
125690  -15.464  -90.134  -30.753 0.0000000000
601  -16.733  -89.352  -33.123 0.0000000000
849  -13.756  -87.151  -34.246 0.0000000000
1163  -15.156  -86.763  -37.115 0.0000000000
1554  -23.558  -85.209  -42.689 0.0000000000
2772  -26.599  -83.170  -41.930 0.0000000000
32103  -32.460  -48.400  -19.557 0.0000000000
29201  -29.554  -51.957  -22.895 0.0000000000
149675  -16.490  -36.762  -26.658 0.0000000000
39628  -13.255  -41.484  -27.053 0.0000000000
41622  -14.744  -40.389  -27.648 0.0000000000
14062  -9.659  -66.081  -25.620 0.0000000000
18243  -11.069  -62.739  -27.613 0.0000000000
127035  -9.294  -59.046  -38.329 0.0000000000
23592  -11.069  -56.707  -34.823 0.0000000000
19370  -11.324  -61.330  -35.341 0.0000000000
15208  -13.770  -65.745  -32.882 0.0000000000
17213  -15.483  -63.998  -28.443 0.0000000000
21451  -11.940  -59.713  -30.397 0.0000000000
25496  -11.638  -55.504  -29.068 0.0000000000
26550  -11.678  -54.094  -34.198 0.0000000000
35124  -30.618  -43.587  -14.207 0.0000000000
35126  -32.061  -45.066  -14.709 0.0000000000
13944  -9.144  -66.887  -15.297 0.0000000000
728  -17.126  -87.221  -18.810 0.0000000000
128562  -16.678  -85.673  -18.756 0.0000000000
491  -15.444  -88.663  -17.136 0.0000000000
501  -14.595  -89.147  -18.662 0.0000000000
122  -13.129  -90.312  -18.437 0.0000000000
131  -11.792  -90.528  -20.216 0.0000000000
34  -14.998  -91.432  -19.120 0.0000000000
21427  -7.019  -59.990  -28.361 0.0000000000
23481  -6.789  -57.537  -28.077 0.0000000000
24477  -7.254  -57.173  -29.754 0.0000000000
25510  -8.049  -55.729  -29.984 0.0000000000
22472  -8.245  -58.207  -31.262 0.0000000000
144282  -14.544  -66.497  -47.258 0.0000000000
17491  -13.799  -63.721  -47.249 0.0000000000
16446  -15.430  -64.316  -47.606 0.0000000000
32146  -27.896  -49.931  -22.910 0.0000000000
144912  -26.506  -49.012  -22.391 0.0000000000
32148  -30.023  -48.116  -22.905 0.0000000000
33132  -30.327  -47.321  -23.196 0.0000000000
7435  -13.792  -74.532  -47.897 0.0000000000
147288  -14.628  -73.095  -47.658 0.0000000000
7432  -15.349  -73.797  -45.743 0.0000000000
8177  -16.564  -73.230  -48.340 0.0000000000
127511  -26.517  -74.355  -51.916 0.0000000000
138197  -25.201  -73.083  -54.058 0.0000000000
8208  -28.214  -73.238  -54.036 0.0000000000
42636  -21.679  -37.362  -25.438 0.0000000000
42637  -22.605  -37.580  -25.331 0.0000000000
42659  -22.204  -38.329  -25.857 0.0000000000
41607  -22.658  -39.434  -26.288 0.0000000000
41627  -20.972  -39.626  -26.846 0.0000000000
29124  -17.584  -50.782  -15.759 0.0000000000
30113  -18.461  -50.177  -16.309 0.0000000000
32057  -16.322  -48.542  -15.508 0.0000000000
33039  -14.341  -47.304  -17.671 0.0000000000
32056  -14.091  -48.153  -15.778 0.0000000000
136862  -6.658  -60.149  -16.154 0.0000000000
126110  -6.320  -57.593  -16.365 0.0000000000
2515  -10.810  -82.544  -16.176 0.0000000000
3442  -9.289  -80.665  -14.568 0.0000000000
3459  -10.471  -80.064  -16.972 0.0000000000
3005  -8.585  -81.479  -18.526 0.0000000000
3977  -11.275  -79.718  -19.381 0.0000000000
3056  -7.981  -80.997  -25.374 0.0000000000
107  -11.146  -91.101  -31.113 0.0000000000
113  -10.421  -90.996  -32.364 0.0000000000
231  -10.682  -89.361  -33.480 0.0000000000
623  -11.503  -87.768  -34.734 0.0000000000
1077  -22.768  -87.051  -27.497 0.0000000000
2701  -18.565  -82.256  -33.574 0.0000000000
2248  -18.528  -83.197  -32.190 0.0000000000
2280  -18.274  -82.771  -35.277 0.0000000000
1869  -18.024  -84.131  -37.399 0.0000000000
2743  -18.674  -82.739  -38.220 0.0000000000
134503  -19.998  -82.205  -40.365 0.0000000000
36393  -8.448  -44.759  -21.432 0.0000000000
41521  -10.969  -39.587  -21.347 0.0000000000
39569  -10.607  -41.356  -23.078 0.0000000000
17300  -9.520  -63.287  -36.175 0.0000000000
16283  -8.070  -64.474  -35.318 0.0000000000
18346  -8.145  -62.621  -34.426 0.0000000000
19312  -7.963  -61.649  -31.439 0.0000000000
20407  -8.431  -60.721  -32.728 0.0000000000
35165  -30.672  -45.327  -18.426 0.0000000000
35164  -29.623  -45.284  -18.465 0.0000000000
34084  -29.387  -46.345  -19.681 0.0000000000
147015  -27.873  -48.296  -21.016 0.0000000000
32115  -28.896  -48.618  -21.257 0.0000000000
7475  -16.855  -73.909  -51.620 0.0000000000
38525  -28.177  -42.426  -20.760 0.0000000000
38524  -27.394  -41.829  -20.385 0.0000000000
39545  -28.401  -41.118  -21.806 0.0000000000
41537  -27.560  -39.675  -22.510 0.0000000000
41536  -27.094  -39.095  -22.658 0.0000000000
149543  -27.401  -38.280  -21.756 0.0000000000
42599  -26.291  -38.779  -22.963 0.0000000000
42598  -25.388  -37.847  -22.902 0.0000000000
17009  -9.387  -63.387  -13.188 0.0000000000
135785  -9.654  -61.502  -12.143 0.0000000000
19086  -10.308  -61.375  -15.229 0.0000000000
19106  -8.688  -60.743  -15.268 0.0000000000
17061  -9.825  -62.851  -17.022 0.0000000000
150599  -9.018  -64.868  -17.311 0.0000000000
16102  -11.317  -64.745  -18.208 0.0000000000
136479  -12.970  -69.952  -17.603 0.0000000000
11119  -12.607  -69.606  -18.332 0.0000000000
8552  -12.052  -72.749  -17.736 0.0000000000
7091  -11.808  -74.312  -18.869 0.0000000000
127726  -13.471  -74.522  -18.342 0.0000000000
1637  -17.477  -84.429  -14.621 0.0000000000
1659  -13.198  -84.782  -18.017 0.0000000000
2530  -14.425  -82.411  -17.314 0.0000000000
1668  -11.560  -85.372  -18.411 0.0000000000
1286  -10.320  -85.383  -18.274 0.0000000000
1690  -12.222  -84.728  -20.137 0.0000000000
2551  -14.913  -82.334  -20.786 0.0000000000
2108  -15.386  -83.827  -21.024 0.0000000000
1032  -13.909  -86.644  -22.668 0.0000000000
138547  -14.984  -84.258  -23.574 0.0000000000
1717  -12.336  -84.560  -23.504 0.0000000000
139570  -11.315  -83.341  -23.693 0.0000000000
1337  -10.208  -85.189  -23.230 0.0000000000
1350  -8.725  -84.587  -23.825 0.0000000000
1042  -10.055  -86.292  -23.215 0.0000000000
308  -12.825  -88.874  -23.934 0.0000000000
134138  -12.475  -86.790  -26.090 0.0000000000
787  -13.895  -87.331  -26.490 0.0000000000
329  -12.073  -89.222  -27.257 0.0000000000
568  -14.549  -88.488  -27.058 0.0000000000
1431  -24.527  -85.533  -31.975 0.0000000000
143853  -7.697  -52.848  -26.079 0.0000000000
30193  -8.344  -50.692  -24.781 0.0000000000
32156  -9.060  -48.495  -23.901 0.0000000000
32182  -9.828  -48.625  -25.305 0.0000000000
33160  -10.463  -47.366  -25.713 0.0000000000
31200  -10.889  -49.413  -25.938 0.0000000000
29275  -10.606  -51.901  -29.441 0.0000000000
30223  -13.256  -51.343  -27.639 0.0000000000
30243  -12.399  -50.448  -29.686 0.0000000000
31230  -14.274  -49.207  -29.767 0.0000000000
143185  -12.100  -50.125  -31.052 0.0000000000
12360  -9.342  -69.231  -46.536 0.0000000000
12343  -7.937  -68.415  -45.181 0.0000000000
13311  -9.017  -67.702  -46.343 0.0000000000
13288  -10.434  -67.659  -43.282 0.0000000000
14226  -11.537  -66.497  -38.688 0.0000000000
140524  -13.335  -65.824  -39.831 0.0000000000
137427  -22.778  -82.978  -45.819 0.0000000000
2803  -21.347  -82.673  -47.046 0.0000000000
3266  -22.807  -81.942  -46.975 0.0000000000
5476  -23.162  -77.246  -47.878 0.0000000000
5484  -22.011  -77.509  -48.786 0.0000000000
4886  -24.900  -78.719  -48.975 0.0000000000
6153  -24.480  -75.878  -49.878 0.0000000000
35228  -25.668  -46.901  -21.524 0.0000000000
35180  -23.949  -46.110  -20.200 0.0000000000
35204  -25.028  -46.245  -21.063 0.0000000000
36362  -26.010  -44.875  -20.689 0.0000000000
138924  -27.108  -43.842  -20.498 0.0000000000
36364  -28.560  -44.647  -20.896 0.0000000000
513  -20.544  -88.638  -21.483 0.0000000000
7429  -10.565  -73.971  -45.218 0.0000000000
8875  -15.079  -73.340  -42.831 0.0000000000
9755  -13.293  -71.493  -44.076 0.0000000000
130181  -14.699  -71.508  -43.328 0.0000000000
124533  -15.001  -69.293  -44.012 0.0000000000
9739  -16.299  -71.227  -42.885 0.0000000000
6788  -21.627  -75.166  -50.774 0.0000000000
10640  -22.045  -70.048  -54.187 0.0000000000
9819  -20.997  -71.033  -53.432 0.0000000000
10636  -20.558  -69.501  -53.669 0.0000000000
11503  -18.146  -69.066  -52.979 0.0000000000
12443  -20.010  -68.027  -52.663 0.0000000000
9794  -23.158  -72.227  -48.915 0.0000000000
8950  -21.934  -72.125  -48.158 0.0000000000
9781  -20.698  -71.907  -48.981 0.0000000000
8918  -20.825  -72.837  -46.760 0.0000000000
8162  -19.846  -73.670  -46.419 0.0000000000
8907  -21.494  -72.756  -44.836 0.0000000000
43558  -25.094  -36.663  -22.959 0.0000000000
44611  -26.811  -35.970  -24.082 0.0000000000
31093  -31.724  -49.573  -12.877 0.0000000000
27304  -31.640  -54.703  -16.915 0.0000000000
28253  -32.232  -53.824  -16.880 0.0000000000
27336  -29.966  -52.266  -19.263 0.0000000000
28297  -27.552  -51.830  -19.338 0.0000000000
29169  -27.268  -51.696  -18.959 0.0000000000
26350  -25.344  -54.689  -18.888 0.0000000000
31128  -20.410  -48.580  -17.809 0.0000000000
30124  -21.707  -49.550  -17.739 0.0000000000
31132  -20.203  -48.839  -18.608 0.0000000000
23242  -12.374  -57.498  -13.076 0.0000000000
27266  -8.624  -53.103  -14.939 0.0000000000
27268  -10.490  -53.812  -14.321 0.0000000000
126800  -10.121  -52.141  -14.557 0.0000000000
29113  -11.425  -51.103  -14.040 0.0000000000
30090  -9.783  -50.277  -15.297 0.0000000000
31114  -9.469  -48.457  -16.698 0.0000000000
141750  -7.063  -50.586  -17.086 0.0000000000
4499  -9.174  -78.258  -13.903 0.0000000000
5066  -7.716  -77.496  -10.998 0.0000000000
5701  -10.010  -76.340  -12.597 0.0000000000
7750  -9.835  -73.764  -11.603 0.0000000000
7023  -8.262  -74.561  -13.877 0.0000000000
8528  -7.706  -72.386  -15.441 0.0000000000
7061  -7.352  -75.090  -15.935 0.0000000000
5164  -7.573  -77.618  -20.502 0.0000000000
143528  -9.869  -77.013  -18.861 0.0000000000
5810  -10.711  -76.915  -20.436 0.0000000000
133332  -13.102  -76.531  -20.847 0.0000000000
5840  -11.075  -76.508  -22.363 0.0000000000
4597  -15.841  -78.735  -23.947 0.0000000000
145290  -13.293  -79.208  -23.204 0.0000000000
133341  -14.505  -78.214  -25.221 0.0000000000
5281  -9.245  -76.752  -30.154 0.0000000000
5260  -10.803  -76.994  -28.626 0.0000000000
5894  -8.023  -75.501  -27.597 0.0000000000
338  -7.720  -89.242  -28.308 0.0000000000
531  -16.916  -88.597  -22.532 0.0000000000
139  -16.280  -90.798  -22.105 0.0000000000
73  -18.434  -91.250  -26.588 0.0000000000
173  -17.584  -90.622  -28.884 0.0000000000
180  -15.533  -90.942  -28.987 0.0000000000
130466  -16.576  -90.685  -31.045 0.0000000000
376  -23.882  -89.052  -33.085 0.0000000000
363  -22.941  -89.586  -31.045 0.0000000000
390  -22.114  -89.200  -33.091 0.0000000000
1439  -16.188  -85.423  -31.851 0.0000000000
828  -17.261  -87.681  -31.892 0.0000000000
826  -15.845  -86.926  -32.248 0.0000000000
128858  -15.054  -88.250  -33.643 0.0000000000
1471  -14.723  -84.855  -34.513 0.0000000000
1503  -14.114  -85.199  -36.459 0.0000000000
1149  -15.821  -86.014  -36.442 0.0000000000
145783  -18.908  -87.076  -39.499 0.0000000000
150759  -18.167  -88.447  -38.510 0.0000000000
654  -18.969  -87.724  -40.553 0.0000000000
1552  -21.797  -85.189  -42.719 0.0000000000
1186  -22.266  -86.376  -41.334 0.0000000000
2760  -24.098  -82.921  -39.992 0.0000000000
133238  -25.637  -84.270  -40.790 0.0000000000
2761  -26.927  -82.985  -40.282 0.0000000000
3228  -26.337  -81.615  -41.483 0.0000000000
126706  -32.132  -50.422  -18.129 0.0000000000
132992  -32.630  -48.093  -18.233 0.0000000000
30142  -32.161  -50.209  -19.231 0.0000000000
28323  -30.516  -52.556  -22.049 0.0000000000
29220  -29.447  -52.054  -23.918 0.0000000000
43587  -12.913  -36.627  -23.805 0.0000000000
44605  -14.292  -35.254  -24.753 0.0000000000
44624  -15.602  -35.099  -25.471 0.0000000000
43615  -14.571  -37.224  -25.889 0.0000000000
36441  -13.250  -44.577  -26.187 0.0000000000
38607  -12.439  -42.380  -25.612 0.0000000000
133805  -13.079  -43.977  -27.186 0.0000000000
131854  -15.155  -41.214  -29.458 0.0000000000
38645  -15.300  -42.008  -27.169 0.0000000000
40590  -15.821  -40.284  -26.474 0.0000000000
12297  -7.854  -68.084  -41.090 0.0000000000
10509  -7.465  -71.056  -39.164 0.0000000000
11354  -7.967  -69.460  -38.875 0.0000000000
16209  -9.657  -64.800  -29.011 0.0000000000
15116  -9.213  -66.014  -27.268 0.0000000000
15118  -11.079  -65.880  -27.502 0.0000000000
133729  -10.262  -64.307  -26.303 0.0000000000
15105  -12.998  -65.290  -27.075 0.0000000000
21496  -12.378  -59.255  -33.185 0.0000000000
22501  -10.507  -58.117  -33.944 0.0000000000
18309  -12.795  -62.488  -34.824 0.0000000000
17269  -12.362  -63.740  -34.594 0.0000000000
17257  -14.448  -63.880  -34.052 0.0000000000
19292  -16.746  -61.506  -29.417 0.0000000000
17221  -17.068  -63.720  -29.382 0.0000000000
19291  -15.082  -61.864  -29.344 0.0000000000
19289  -13.149  -61.451  -29.604 0.0000000000
21434  -13.230  -60.003  -29.730 0.0000000000
22442  -11.801  -58.117  -29.342 0.0000000000
126375  -13.494  -57.881  -29.226 0.0000000000
26520  -14.099  -54.084  -32.268 0.0000000000
27509  -13.672  -54.096  -35.404 0.0000000000
36309  -31.021  -44.403  -17.043 0.0000000000
34061  -32.026  -46.097  -18.845 0.0000000000
16003  -8.379  -64.329  -12.059 0.0000000000
14955  -11.110  -65.384  -13.906 0.0000000000
133629  -12.288  -65.754  -16.661 0.0000000000
13945  -11.077  -66.610  -15.086 0.0000000000
12977  -11.183  -67.580  -16.270 0.0000000000
10236  -11.253  -70.221  -15.887 0.0000000000
1662  -18.819  -83.670  -17.618 0.0000000000
2073  -18.049  -82.565  -17.008 0.0000000000
2090  -17.754  -83.214  -19.083 0.0000000000
1289  -14.823  -85.381  -17.637 0.0000000000
994  -13.283  -87.207  -17.395 0.0000000000
148450  -15.665  -85.895  -20.888 0.0000000000
733  -15.225  -87.745  -19.972 0.0000000000
520  -14.368  -88.356  -20.817 0.0000000000
518  -11.658  -88.561  -21.030 0.0000000000
537  -9.847  -88.204  -22.674 0.0000000000
290  -10.779  -89.496  -21.234 0.0000000000
146332  -12.257  -90.276  -22.518 0.0000000000
140  -13.400  -90.672  -23.018 0.0000000000
25473  -7.031  -55.214  -26.746 0.0000000000
28366  -8.195  -53.315  -27.201 0.0000000000
30221  -9.820  -51.572  -26.251 0.0000000000
28373  -9.078  -53.498  -28.617 0.0000000000
27439  -9.801  -53.009  -29.676 0.0000000000
27449  -10.147  -53.162  -30.268 0.0000000000
133836  -11.988  -66.665  -47.405 0.0000000000
14321  -10.482  -65.403  -46.834 0.0000000000
16442  -11.735  -64.306  -46.881 0.0000000000
15313  -12.606  -65.014  -44.915 0.0000000000
14257  -14.584  -66.481  -43.048 0.0000000000
3703  -23.506  -81.172  -44.527 0.0000000000
3708  -22.401  -80.464  -45.641 0.0000000000
4263  -21.446  -78.776  -45.138 0.0000000000
5451  -21.432  -76.974  -45.337 0.0000000000
5466  -24.175  -77.628  -46.660 0.0000000000
34103  -26.061  -47.665  -20.639 0.0000000000
35182  -25.215  -46.203  -19.822 0.0000000000
33095  -25.805  -48.564  -21.816 0.0000000000
34127  -26.410  -47.584  -21.881 0.0000000000
34128  -27.935  -46.953  -21.767 0.0000000000
35230  -28.711  -45.626  -21.378 0.0000000000
34151  -29.880  -46.346  -22.295 0.0000000000
7416  -12.028  -75.118  -44.587 0.0000000000
6720  -13.938  -75.195  -44.627 0.0000000000
131440  -15.282  -74.584  -44.364 0.0000000000
7389  -17.397  -74.457  -43.122 0.0000000000
6793  -23.214  -75.133  -52.248 0.0000000000
7490  -22.552  -74.056  -52.924 0.0000000000
137067  -23.658  -73.044  -54.166 0.0000000000
9011  -23.881  -71.771  -54.683 0.0000000000
131152  -24.295  -70.293  -54.361 0.0000000000
44589  -22.765  -36.204  -23.859 0.0000000000
44610  -24.657  -36.474  -23.541 0.0000000000
43595  -23.287  -36.353  -24.101 0.0000000000
42616  -25.400  -37.687  -24.593 0.0000000000
42640  -25.971  -38.704  -25.276 0.0000000000
26326  -21.895  -54.173  -18.813 0.0000000000
27313  -21.959  -53.209  -18.330 0.0000000000
29138  -20.210  -51.370  -17.613 0.0000000000
31121  -19.130  -48.929  -16.781 0.0000000000
32089  -17.956  -48.428  -17.744 0.0000000000
33049  -15.570  -47.539  -18.660 0.0000000000
124008  -12.999  -46.758  -19.413 0.0000000000
23257  -7.803  -57.988  -12.972 0.0000000000
24288  -10.329  -56.456  -13.607 0.0000000000
24301  -6.877  -56.472  -14.631 0.0000000000
144452  -6.771  -55.018  -15.108 0.0000000000
26299  -5.806  -53.893  -17.178 0.0000000000
3404  -8.663  -80.236  -11.716 0.0000000000
3934  -7.586  -80.204  -13.996 0.0000000000
3946  -7.436  -80.027  -16.222 0.0000000000
5133  -7.253  -76.878  -17.254 0.0000000000
3958  -7.190  -80.737  -17.672 0.0000000000
3976  -7.314  -80.360  -19.974 0.0000000000
4004  -7.984  -79.646  -21.824 0.0000000000
3544  -12.420  -80.726  -27.064 0.0000000000
4651  -13.220  -78.680  -28.022 0.0000000000
4088  -10.418  -79.767  -28.134 0.0000000000
132933  -9.144  -90.713  -28.233 0.0000000000
85  -7.916  -90.218  -29.528 0.0000000000
133438  -8.778  -90.830  -31.114 0.0000000000
324  -21.226  -89.456  -27.091 0.0000000000
1108  -21.690  -86.544  -32.097 0.0000000000
832  -21.589  -87.592  -32.342 0.0000000000
1092  -19.999  -85.761  -30.496 0.0000000000
1821  -17.340  -84.528  -31.919 0.0000000000
1845  -17.353  -84.857  -33.911 0.0000000000
1139  -17.446  -86.041  -35.266 0.0000000000
1506  -18.263  -85.822  -35.828 0.0000000000
1517  -18.026  -85.849  -38.282 0.0000000000
1533  -19.953  -85.043  -40.265 0.0000000000
1887  -21.809  -85.292  -40.564 0.0000000000
134924  -21.504  -83.172  -40.606 0.0000000000
2758  -21.918  -82.375  -40.605 0.0000000000
137021  -23.066  -80.604  -39.819 0.0000000000
27374  -30.518  -52.640  -21.372 0.0000000000
127591  -12.433  -38.784  -24.361 0.0000000000
35338  -13.428  -45.574  -29.097 0.0000000000
135100  -13.637  -43.745  -29.651 0.0000000000
36524  -14.760  -44.126  -31.591 0.0000000000
15247  -8.659  -64.214  -39.637 0.0000000000
13232  -8.242  -67.280  -38.068 0.0000000000
146203  -7.882  -65.616  -37.296 0.0000000000
14196  -8.193  -66.048  -34.377 0.0000000000
14154  -8.195  -66.454  -32.236 0.0000000000
137740  -7.379  -66.733  -30.038 0.0000000000
16235  -7.534  -63.710  -30.460 0.0000000000
17218  -8.765  -63.057  -29.758 0.0000000000
16248  -10.958  -64.826  -31.220 0.0000000000
21480  -16.867  -59.893  -33.195 0.0000000000
135164  -16.436  -61.788  -33.041 0.0000000000
17250  -16.808  -63.613  -32.547 0.0000000000
18282  -18.638  -62.392  -31.069 0.0000000000
20373  -18.285  -60.725  -29.777 0.0000000000
149790  -16.137  -57.688  -29.421 0.0000000000
23491  -14.965  -56.897  -29.287 0.0000000000
25501  -17.010  -55.675  -29.723 0.0000000000
36326  -27.678  -44.154  -18.144 0.0000000000
124712  -28.515  -44.481  -18.011 0.0000000000
35184  -27.904  -45.718  -19.359 0.0000000000
34104  -27.393  -47.424  -20.467 0.0000000000
32128  -26.654  -49.497  -22.033 0.0000000000
31172  -28.635  -50.288  -23.168 0.0000000000
10616  -15.714  -70.772  -50.857 0.0000000000
39535  -26.450  -41.818  -20.195 0.0000000000
39522  -26.849  -41.069  -19.914 0.0000000000
40499  -26.878  -40.285  -19.642 0.0000000000
41524  -27.825  -39.583  -20.935 0.0000000000
41514  -27.365  -39.561  -19.955 0.0000000000
42554  -27.265  -38.047  -20.229 0.0000000000
42571  -27.335  -37.792  -21.168 0.0000000000
43560  -26.444  -36.940  -22.357 0.0000000000
43559  -25.510  -36.915  -22.729 0.0000000000
126906  -23.640  -36.828  -23.217 0.0000000000
44628  -21.929  -36.452  -24.217 0.0000000000
43618  -21.464  -36.944  -24.952 0.0000000000
43644  -19.333  -37.471  -27.280 0.0000000000
126697  -17.526  -52.867  -16.372 0.0000000000
20130  -12.408  -60.711  -11.910 0.0000000000
137859  -11.441  -62.579  -10.512 0.0000000000
20113  -10.795  -60.560  -11.423 0.0000000000
21185  -9.902  -59.075  -12.218 0.0000000000
20146  -7.648  -59.567  -13.635 0.0000000000
19104  -6.759  -61.655  -14.839 0.0000000000
18088  -6.672  -63.114  -15.984 0.0000000000
14995  -7.489  -65.916  -16.641 0.0000000000
13003  -8.134  -67.865  -17.505 0.0000000000
10256  -9.043  -70.385  -18.522 0.0000000000
13007  -12.560  -67.268  -18.437 0.0000000000
133562  -10.690  -69.408  -18.642 0.0000000000
8573  -8.802  -73.209  -18.845 0.0000000000
7117  -10.260  -74.513  -20.458 0.0000000000
7134  -12.702  -74.028  -21.435 0.0000000000
7888  -15.057  -73.495  -23.020 0.0000000000
2507  -16.402  -81.718  -15.644 0.0000000000
2506  -15.255  -81.866  -15.005 0.0000000000
2087  -9.716  -83.927  -18.356 0.0000000000
3006  -12.406  -81.684  -18.462 0.0000000000
132095  -13.436  -79.522  -18.838 0.0000000000
130136  -14.486  -80.207  -19.430 0.0000000000
3500  -16.494  -80.182  -21.393 0.0000000000
3051  -16.678  -80.455  -23.895 0.0000000000
2127  -16.515  -84.045  -22.345 0.0000000000
126982  -15.318  -82.641  -23.988 0.0000000000
3048  -14.201  -81.808  -25.130 0.0000000000
136634  -12.211  -82.117  -25.233 0.0000000000
138261  -9.647  -81.878  -24.384 0.0000000000
2593  -7.515  -83.202  -24.506 0.0000000000
1714  -6.922  -85.187  -23.586 0.0000000000
1060  -7.316  -86.466  -25.124 0.0000000000
784  -8.231  -87.176  -26.707 0.0000000000
147675  -10.669  -86.898  -24.975 0.0000000000
1068  -10.984  -86.175  -27.026 0.0000000000
563  -9.367  -88.735  -28.130 0.0000000000
160  -10.701  -90.708  -27.202 0.0000000000
80  -11.407  -91.316  -28.027 0.0000000000
133882  -12.726  -89.817  -29.832 0.0000000000
136109  -24.118  -86.682  -28.509 0.0000000000
1418  -24.178  -85.966  -30.353 0.0000000000
125368  -24.709  -87.521  -32.301 0.0000000000
131041  -24.043  -88.496  -34.633 0.0000000000
1131  -25.759  -86.625  -35.678 0.0000000000
859  -24.558  -87.555  -35.606 0.0000000000
138630  -22.947  -87.245  -35.136 0.0000000000
1457  -22.001  -85.278  -34.013 0.0000000000
36414  -9.598  -44.455  -23.468 0.0000000000
147524  -10.249  -43.302  -23.684 0.0000000000
35272  -10.228  -45.162  -24.774 0.0000000000
34199  -12.377  -46.058  -25.790 0.0000000000
34207  -13.015  -46.665  -26.156 0.0000000000
31202  -11.451  -49.924  -26.050 0.0000000000
32203  -13.301  -48.839  -26.505 0.0000000000
125289  -14.060  -46.962  -27.713 0.0000000000
33207  -14.276  -47.362  -29.974 0.0000000000
33223  -13.726  -47.583  -31.038 0.0000000000
32272  -14.236  -48.006  -32.836 0.0000000000
132139  -8.146  -70.666  -43.472 0.0000000000
12327  -7.527  -69.007  -42.881 0.0000000000
14237  -7.749  -66.627  -42.042 0.0000000000
15310  -9.261  -65.751  -44.895 0.0000000000
15288  -9.037  -65.174  -43.580 0.0000000000
138741  -9.169  -64.197  -41.333 0.0000000000
15248  -10.074  -64.912  -38.869 0.0000000000
16298  -11.857  -65.046  -36.707 0.0000000000
18372  -10.136  -62.269  -37.200 0.0000000000
2802  -20.583  -82.554  -46.502 0.0000000000
3277  -20.767  -81.282  -48.787 0.0000000000
4308  -21.636  -77.489  -50.231 0.0000000000
4290  -21.389  -78.855  -47.514 0.0000000000
146945  -22.072  -77.676  -49.958 0.0000000000
150276  -23.287  -76.903  -51.409 0.0000000000
6790  -23.963  -75.426  -51.048 0.0000000000
7446  -24.784  -74.675  -50.314 0.0000000000
144439  -27.502  -74.685  -50.196 0.0000000000
130536  -25.045  -76.368  -44.657 0.0000000000
5454  -25.173  -77.858  -45.507 0.0000000000
4275  -26.223  -79.255  -46.145 0.0000000000
36341  -24.683  -45.608  -19.641 0.0000000000
37529  -26.117  -43.461  -20.458 0.0000000000
146958  -27.931  -43.214  -20.587 0.0000000000
36382  -29.320  -44.715  -21.497 0.0000000000
1012  -19.271  -86.135  -20.360 0.0000000000
503  -18.285  -89.066  -19.183 0.0000000000
128  -17.483  -90.500  -18.935 0.0000000000
278  -19.074  -89.465  -20.080 0.0000000000
521  -18.619  -89.101  -21.226 0.0000000000
143389  -19.175  -87.742  -22.688 0.0000000000
134659  -6.847  -61.131  -26.379 0.0000000000
19275  -7.406  -61.584  -28.072 0.0000000000
9768  -9.761  -71.173  -46.102 0.0000000000
10600  -11.020  -70.192  -47.479 0.0000000000
8905  -11.956  -72.716  -45.029 0.0000000000
10595  -12.181  -70.589  -46.466 0.0000000000
150397  -12.203  -69.204  -47.121 0.0000000000
12344  -13.344  -68.267  -45.445 0.0000000000
12363  -14.511  -67.687  -45.866 0.0000000000
8203  -21.313  -72.318  -52.565 0.0000000000
8197  -19.992  -72.773  -51.540 0.0000000000
8196  -18.068  -73.511  -51.993 0.0000000000
9001  -17.782  -71.933  -52.674 0.0000000000
11490  -17.194  -69.786  -51.732 0.0000000000
9799  -17.621  -71.168  -50.701 0.0000000000
8996  -28.331  -72.249  -53.789 0.0000000000
147444  -26.202  -71.387  -53.660 0.0000000000
10625  -23.924  -70.604  -52.438 0.0000000000
9803  -23.575  -71.586  -50.646 0.0000000000
10622  -21.789  -69.799  -51.486 0.0000000000
10613  -20.489  -70.156  -50.927 0.0000000000
9790  -19.335  -71.794  -49.859 0.0000000000
8965  -17.728  -72.649  -49.706 0.0000000000
128199  -18.531  -73.930  -46.950 0.0000000000
8151  -18.986  -74.353  -45.031 0.0000000000
8116  -18.462  -73.619  -42.379 0.0000000000
9720  -18.130  -72.173  -42.249 0.0000000000
33023  -32.240  -47.099  -14.150 0.0000000000
30107  -32.610  -50.164  -15.120 0.0000000000
30130  -32.499  -51.037  -16.968 0.0000000000
28254  -32.600  -52.963  -17.123 0.0000000000
27337  -31.253  -53.268  -19.446 0.0000000000
27353  -28.083  -52.372  -20.090 0.0000000000
27351  -25.706  -53.141  -20.258 0.0000000000
27318  -26.403  -53.032  -18.200 0.0000000000
27297  -23.539  -52.426  -17.474 0.0000000000
28248  -24.018  -51.746  -17.539 0.0000000000
29145  -25.657  -51.981  -18.190 0.0000000000
29166  -24.269  -51.384  -18.491 0.0000000000
26300  -16.789  -54.732  -16.501 0.0000000000
130110  -15.851  -51.503  -15.209 0.0000000000
25255  -11.742  -55.305  -13.461 0.0000000000
26251  -13.166  -54.814  -13.220 0.0000000000
27260  -13.682  -52.888  -13.560 0.0000000000
29107  -13.559  -51.150  -13.869 0.0000000000
31088  -14.334  -49.385  -14.638 0.0000000000
32054  -12.339  -48.277  -15.658 0.0000000000
10220  -7.453  -70.211  -15.389 0.0000000000
9375  -8.715  -71.286  -15.718 0.0000000000
8532  -11.585  -72.857  -15.340 0.0000000000
5752  -8.785  -75.835  -17.257 0.0000000000
5754  -11.237  -76.357  -16.632 0.0000000000
6428  -13.211  -75.511  -17.091 0.0000000000
5801  -14.513  -75.801  -19.708 0.0000000000
6472  -15.163  -75.450  -22.366 0.0000000000
6496  -15.594  -74.834  -24.622 0.0000000000
4006  -12.555  -79.529  -20.867 0.0000000000
4026  -10.948  -79.458  -22.519 0.0000000000
4592  -9.720  -78.405  -23.848 0.0000000000
5232  -12.508  -77.495  -27.222 0.0000000000
139898  -10.739  -77.627  -25.870 0.0000000000
5869  -9.261  -76.883  -24.434 0.0000000000
6492  -11.110  -76.278  -24.840 0.0000000000
6503  -13.535  -75.484  -25.581 0.0000000000
40  -16.012  -91.236  -20.324 0.0000000000
3  -14.943  -91.819  -22.687 0.0000000000
53  -14.983  -91.520  -24.155 0.0000000000
132127  -16.353  -91.411  -25.490 0.0000000000
154  -16.048  -89.991  -26.680 0.0000000000
164  -15.166  -90.400  -27.832 0.0000000000
346  -14.197  -89.431  -29.250 0.0000000000
361  -13.775  -88.932  -31.303 0.0000000000
343  -23.578  -88.786  -28.875 0.0000000000
349  -21.844  -89.656  -29.601 0.0000000000
129847  -20.051  -88.340  -32.452 0.0000000000
111  -17.872  -90.792  -32.182 0.0000000000
211  -15.993  -90.294  -32.661 0.0000000000
383  -14.707  -89.326  -33.655 0.0000000000
382  -13.228  -88.807  -33.754 0.0000000000
1486  -12.681  -85.369  -36.082 0.0000000000
876  -16.771  -88.389  -36.967 0.0000000000
2334  -22.572  -83.764  -43.681 0.0000000000
2343  -24.485  -83.267  -44.380 0.0000000000
1538  -24.179  -85.308  -40.931 0.0000000000
1928  -25.613  -83.917  -42.739 0.0000000000
3244  -24.896  -82.475  -43.734 0.0000000000
3235  -25.081  -81.831  -42.931 0.0000000000
128322  -32.589  -46.751  -16.909 0.0000000000
34062  -32.470  -46.569  -18.496 0.0000000000
33083  -31.673  -47.925  -20.393 0.0000000000
29186  -31.284  -51.224  -21.334 0.0000000000
142927  -31.356  -49.795  -21.215 0.0000000000
143468  -30.601  -48.839  -21.234 0.0000000000
30160  -28.867  -50.378  -22.383 0.0000000000
30183  -29.115  -50.603  -22.649 0.0000000000
44625  -17.222  -35.601  -25.932 0.0000000000
44645  -17.421  -36.178  -27.172 0.0000000000
136651  -17.954  -37.621  -27.663 0.0000000000
129370  -11.418  -41.984  -24.533 0.0000000000
39583  -12.230  -41.188  -25.334 0.0000000000
41582  -13.377  -40.059  -26.189 0.0000000000
38666  -13.962  -41.937  -29.296 0.0000000000
40627  -13.954  -40.905  -28.141 0.0000000000
42653  -14.364  -38.830  -26.260 0.0000000000
140151  -15.690  -38.661  -26.363 0.0000000000
41605  -17.105  -39.231  -26.705 0.0000000000
135938  -18.734  -39.632  -27.576 0.0000000000
129982  -7.706  -66.462  -27.757 0.0000000000
16175  -8.184  -65.018  -25.356 0.0000000000
18241  -8.884  -62.836  -27.514 0.0000000000
19287  -9.317  -61.417  -29.604 0.0000000000
18419  -11.284  -62.388  -41.012 0.0000000000
19442  -10.446  -61.375  -39.338 0.0000000000
20491  -8.877  -60.288  -37.191 0.0000000000
23613  -9.666  -56.646  -36.343 0.0000000000
22538  -9.659  -58.185  -35.869 0.0000000000
20442  -9.541  -60.256  -35.210 0.0000000000
18307  -10.700  -62.392  -34.042 0.0000000000
16255  -11.632  -64.740  -32.822 0.0000000000
130875  -12.975  -65.813  -31.115 0.0000000000
15199  -16.554  -65.151  -31.952 0.0000000000
15162  -15.486  -65.584  -29.764 0.0000000000
15139  -14.752  -65.238  -28.259 0.0000000000
17210  -13.000  -63.003  -27.953 0.0000000000
149012  -11.472  -61.308  -29.667 0.0000000000
20381  -10.006  -60.360  -30.993 0.0000000000
22460  -9.859  -58.085  -30.906 0.0000000000
25512  -9.614  -55.777  -30.279 0.0000000000
145866  -11.106  -53.930  -31.306 0.0000000000
25516  -13.381  -55.049  -29.679 0.0000000000
26500  -12.421  -54.539  -31.751 0.0000000000
146737  -11.719  -52.212  -32.391 0.0000000000
125356  -31.105  -44.454  -13.494 0.0000000000
34034  -31.612  -45.511  -13.563 0.0000000000
143342  -16.553  -89.007  -17.884 0.0000000000
727  -16.248  -87.809  -17.792 0.0000000000
263  -15.717  -89.706  -17.425 0.0000000000
261  -14.559  -90.115  -17.447 0.0000000000
123  -14.586  -90.622  -17.695 0.0000000000
33  -13.900  -91.344  -19.025 0.0000000000
31  -15.391  -91.103  -18.296 0.0000000000
21433  -7.221  -59.775  -29.674 0.0000000000
22438  -7.009  -58.996  -29.123 0.0000000000
143866  -7.351  -58.855  -30.228 0.0000000000
22458  -7.744  -58.123  -30.891 0.0000000000
22459  -7.917  -59.061  -31.115 0.0000000000
13345  -15.505  -66.308  -48.350 0.0000000000
14354  -15.080  -65.620  -48.029 0.0000000000
15409  -15.544  -65.677  -48.212 0.0000000000
32160  -29.678  -49.418  -23.295 0.0000000000
32147  -29.004  -49.018  -22.808 0.0000000000
32161  -30.434  -48.283  -23.682 0.0000000000
8944  -15.113  -72.398  -49.032 0.0000000000
8943  -14.558  -72.755  -48.830 0.0000000000
8929  -15.495  -72.839  -48.150 0.0000000000
8945  -16.000  -72.729  -48.970 0.0000000000
7471  -27.484  -74.578  -51.820 0.0000000000
7494  -27.762  -73.947  -53.537 0.0000000000
7485  -28.222  -74.428  -52.818 0.0000000000
42657  -20.614  -37.884  -26.310 0.0000000000
42658  -21.305  -38.030  -26.027 0.0000000000
41606  -20.952  -38.741  -26.597 0.0000000000
139890  -21.775  -38.781  -26.321 0.0000000000
41626  -20.099  -39.161  -27.212 0.0000000000
29123  -16.763  -50.652  -15.304 0.0000000000
30103  -17.300  -49.819  -15.470 0.0000000000
31103  -16.537  -49.080  -15.191 0.0000000000
149632  -15.645  -48.447  -15.510 0.0000000000
31101  -14.866  -48.783  -15.199 0.0000000000
21251  -6.663  -59.494  -17.160 0.0000000000
2983  -12.187  -81.114  -16.304 0.0000000000
2973  -12.080  -80.668  -15.955 0.0000000000
3451  -11.013  -79.974  -15.977 0.0000000000
3951  -11.650  -79.736  -16.710 0.0000000000
3470  -10.447  -80.035  -18.067 0.0000000000
3960  -12.157  -79.563  -17.359 0.0000000000
3076  -7.991  -81.356  -26.153 0.0000000000
3540  -7.702  -80.634  -26.114 0.0000000000
108  -11.460  -90.790  -31.289 0.0000000000
114  -11.061  -90.698  -31.960 0.0000000000
380  -11.303  -89.331  -32.759 0.0000000000
139840  -11.089  -88.704  -33.816 0.0000000000
397  -11.928  -88.544  -33.779 0.0000000000
1392  -22.597  -85.888  -27.516 0.0000000000
3170  -18.822  -81.852  -34.496 0.0000000000
2716  -18.301  -82.465  -34.469 0.0000000000
2730  -18.522  -82.637  -36.217 0.0000000000
2736  -18.618  -82.787  -37.278 0.0000000000
2737  -19.002  -82.265  -36.849 0.0000000000
2744  -19.247  -82.078  -38.678 0.0000000000
3181  -19.744  -81.774  -36.989 0.0000000000
36374  -8.946  -43.876  -21.840 0.0000000000
38530  -9.791  -41.803  -21.203 0.0000000000
39555  -10.243  -41.190  -21.914 0.0000000000
38545  -9.935  -42.059  -22.326 0.0000000000
18356  -8.928  -62.550  -35.827 0.0000000000
18347  -8.427  -62.831  -35.184 0.0000000000
18327  -8.255  -61.841  -34.775 0.0000000000
19368  -7.867  -61.158  -33.594 0.0000000000
20425  -8.164  -60.718  -33.880 0.0000000000
34085  -30.417  -46.331  -19.582 0.0000000000
35186  -30.024  -45.761  -19.074 0.0000000000
34106  -29.908  -46.919  -20.206 0.0000000000
33081  -29.370  -47.767  -20.690 0.0000000000
32116  -30.087  -48.320  -21.020 0.0000000000
39546  -28.587  -41.932  -21.548 0.0000000000
41548  -25.953  -39.658  -23.484 0.0000000000
41549  -26.846  -39.668  -23.119 0.0000000000
17024  -10.805  -63.727  -14.627 0.0000000000
139392  -10.522  -62.828  -14.655 0.0000000000
17042  -10.826  -63.014  -15.505 0.0000000000
18090  -10.040  -62.179  -16.519 0.0000000000
17062  -10.420  -63.100  -16.946 0.0000000000
17078  -10.163  -63.610  -17.520 0.0000000000
17063  -10.928  -63.814  -17.332 0.0000000000
10238  -12.721  -70.603  -17.059 0.0000000000
10248  -12.848  -70.478  -17.776 0.0000000000
9405  -12.467  -71.945  -17.314 0.0000000000
7818  -12.348  -73.485  -17.606 0.0000000000
7819  -12.651  -73.774  -16.734 0.0000000000
1647  -18.013  -84.383  -15.324 0.0000000000
1669  -12.333  -85.681  -18.219 0.0000000000
2078  -12.639  -84.292  -17.990 0.0000000000
1297  -11.911  -86.074  -18.718 0.0000000000
128928  -11.257  -85.930  -19.041 0.0000000000
1320  -12.545  -85.670  -19.611 0.0000000000
1691  -13.436  -84.767  -20.300 0.0000000000
143877  -14.472  -84.989  -20.464 0.0000000000
1031  -12.663  -86.685  -22.692 0.0000000000
1339  -13.266  -86.007  -23.113 0.0000000000
1338  -12.076  -85.991  -23.072 0.0000000000
1352  -11.662  -85.151  -23.282 0.0000000000
124860  -10.790  -85.821  -22.943 0.0000000000
1336  -10.174  -85.491  -23.260 0.0000000000
142778  -10.165  -86.648  -22.696 0.0000000000
309  -13.933  -88.969  -24.123 0.0000000000
549  -13.254  -87.390  -25.366 0.0000000000
550  -14.553  -87.613  -25.701 0.0000000000
556  -14.093  -87.707  -26.862 0.0000000000
143028  -15.368  -88.349  -26.194 0.0000000000
129723  -8.468  -51.670  -26.018 0.0000000000
29223  -7.975  -51.614  -25.282 0.0000000000
29224  -8.787  -51.085  -25.627 0.0000000000
30194  -9.167  -50.295  -25.387 0.0000000000
131481  -9.955  -49.980  -25.646 0.0000000000
32183  -10.520  -48.714  -25.718 0.0000000000
31209  -10.367  -50.369  -25.858 0.0000000000
124664  -11.127  -51.376  -29.677 0.0000000000
30229  -11.767  -51.207  -29.179 0.0000000000
30242  -11.655  -50.741  -29.983 0.0000000000
31228  -12.029  -50.242  -30.331 0.0000000000
30257  -11.832  -50.538  -30.498 0.0000000000
12382  -10.044  -68.778  -47.247 0.0000000000
142026  -9.313  -68.458  -46.641 0.0000000000
131639  -9.780  -67.785  -47.045 0.0000000000
13282  -13.027  -67.445  -42.487 0.0000000000
13281  -12.009  -67.872  -42.420 0.0000000000
14241  -12.884  -67.119  -40.976 0.0000000000
15256  -13.071  -66.497  -40.133 0.0000000000
130219  -13.454  -65.904  -40.694 0.0000000000
2350  -23.684  -82.806  -45.563 0.0000000000
2804  -22.799  -82.369  -46.689 0.0000000000
3261  -23.262  -82.212  -46.395 0.0000000000
5477  -24.243  -78.139  -47.542 0.0000000000
4878  -23.963  -78.191  -48.531 0.0000000000
143354  -25.527  -78.662  -49.082 0.0000000000
4897  -25.668  -78.342  -49.458 0.0000000000
4887  -26.094  -78.751  -48.699 0.0000000000
36342  -26.158  -45.201  -19.321 0.0000000000
36361  -24.401  -45.601  -20.596 0.0000000000
36363  -27.463  -44.659  -20.692 0.0000000000
35206  -27.805  -45.315  -20.980 0.0000000000
8113  -15.988  -73.532  -42.577 0.0000000000
8874  -14.445  -72.409  -43.267 0.0000000000
144753  -15.820  -71.847  -42.733 0.0000000000
9738  -15.477  -71.231  -43.062 0.0000000000
9719  -16.459  -72.146  -42.554 0.0000000000
5503  -21.786  -76.871  -51.089 0.0000000000
136195  -21.344  -76.753  -50.485 0.0000000000
6165  -22.001  -75.556  -51.528 0.0000000000
11509  -22.189  -69.263  -53.997 0.0000000000
10639  -21.420  -69.351  -53.869 0.0000000000
11507  -21.465  -68.780  -53.579 0.0000000000
12471  -20.623  -68.298  -53.209 0.0000000000
12472  -21.345  -68.539  -53.276 0.0000000000
8932  -21.525  -72.401  -47.324 0.0000000000
139355  -21.208  -72.850  -45.821 0.0000000000
138816  -25.225  -36.453  -23.175 0.0000000000
26354  -30.296  -53.841  -19.855 0.0000000000
25362  -30.816  -54.955  -20.319 0.0000000000
147409  -29.527  -51.744  -18.851 0.0000000000
28285  -28.999  -51.639  -18.837 0.0000000000
29159  -27.821  -51.684  -18.857 0.0000000000
32091  -19.612  -48.587  -18.235 0.0000000000
131933  -21.026  -48.823  -18.144 0.0000000000
32102  -19.405  -48.953  -19.355 0.0000000000
130980  -19.935  -49.235  -19.693 0.0000000000
31138  -18.803  -48.703  -20.138 0.0000000000
21188  -12.489  -59.256  -12.569 0.0000000000
126509  -12.957  -58.731  -13.025 0.0000000000
22198  -11.747  -58.345  -12.594 0.0000000000
28223  -7.967  -52.345  -15.256 0.0000000000
28216  -9.455  -52.669  -14.760 0.0000000000
135995  -8.344  -51.658  -15.290 0.0000000000
29111  -9.934  -51.288  -14.818 0.0000000000
126738  -8.924  -50.947  -15.371 0.0000000000
30099  -8.192  -50.330  -16.036 0.0000000000
29119  -7.403  -50.596  -16.580 0.0000000000
5111  -9.578  -77.842  -14.592 0.0000000000
5085  -9.718  -77.254  -12.820 0.0000000000
5707  -10.034  -76.679  -13.468 0.0000000000
127030  -9.669  -74.938  -13.176 0.0000000000
6377  -8.030  -75.295  -14.533 0.0000000000
7034  -7.463  -74.537  -14.660 0.0000000000
6376  -7.639  -75.711  -15.355 0.0000000000
5822  -7.797  -77.370  -21.501 0.0000000000
5808  -8.518  -77.031  -20.891 0.0000000000
5824  -9.344  -76.892  -21.527 0.0000000000
5825  -11.104  -76.696  -21.344 0.0000000000
135610  -9.040  -76.755  -22.413 0.0000000000
4615  -15.976  -78.773  -24.661 0.0000000000
4614  -15.270  -78.456  -24.843 0.0000000000
4076  -14.943  -78.671  -26.136 0.0000000000
554  -8.402  -88.255  -27.283 0.0000000000
561  -7.483  -88.359  -27.879 0.0000000000
325  -7.850  -89.128  -27.933 0.0000000000
174  -18.800  -90.193  -28.631 0.0000000000
84  -18.174  -90.898  -27.630 0.0000000000
182  -18.128  -90.346  -29.738 0.0000000000
181  -17.210  -90.635  -29.922 0.0000000000
189  -17.837  -90.609  -30.563 0.0000000000
391  -23.189  -89.066  -33.478 0.0000000000
127962  -22.652  -89.435  -32.831 0.0000000000
605  -22.095  -88.786  -33.207 0.0000000000
1438  -15.786  -84.982  -32.648 0.0000000000
1107  -16.103  -86.129  -31.731 0.0000000000
1116  -15.187  -85.460  -32.909 0.0000000000
133428  -15.056  -86.613  -32.932 0.0000000000
1488  -15.387  -84.814  -35.184 0.0000000000
1172  -19.515  -86.949  -40.047 0.0000000000
890  -19.037  -87.477  -39.741 0.0000000000
899  -21.268  -86.868  -41.040 0.0000000000
1192  -21.611  -86.516  -41.863 0.0000000000
1182  -21.944  -86.499  -40.991 0.0000000000
2751  -24.220  -81.957  -39.618 0.0000000000
2752  -25.182  -82.791  -39.658 0.0000000000
2753  -26.384  -82.477  -39.569 0.0000000000
30137  -31.842  -51.073  -18.710 0.0000000000
29170  -31.558  -51.645  -19.210 0.0000000000
44604  -13.533  -35.862  -24.207 0.0000000000
44622  -13.923  -36.192  -24.956 0.0000000000
44623  -14.501  -36.176  -25.447 0.0000000000
43614  -13.982  -37.054  -25.394 0.0000000000
35292  -13.318  -45.397  -26.309 0.0000000000
35299  -13.205  -44.870  -27.342 0.0000000000
38625  -15.633  -42.341  -26.667 0.0000000000
13255  -7.922  -67.421  -40.298 0.0000000000
133317  -7.899  -68.669  -40.312 0.0000000000
12289  -8.106  -68.127  -39.532 0.0000000000
15158  -11.250  -65.465  -29.512 0.0000000000
15136  -10.783  -65.671  -28.246 0.0000000000
136120  -11.665  -65.789  -27.931 0.0000000000
15104  -12.478  -65.633  -27.069 0.0000000000
128612  -13.077  -65.750  -28.144 0.0000000000
20431  -14.088  -60.922  -33.363 0.0000000000
20430  -13.288  -60.919  -33.534 0.0000000000
20429  -12.599  -60.902  -33.887 0.0000000000
18310  -13.592  -62.623  -34.190 0.0000000000
17256  -13.727  -63.596  -34.353 0.0000000000
18312  -15.047  -63.163  -33.589 0.0000000000
20371  -15.934  -60.759  -29.390 0.0000000000
136274  -15.721  -61.461  -29.368 0.0000000000
21436  -15.147  -60.093  -29.399 0.0000000000
20369  -14.420  -60.697  -29.517 0.0000000000
22444  -14.262  -58.452  -29.386 0.0000000000
36272  -31.630  -44.136  -15.406 0.0000000000
36310  -31.835  -44.671  -17.028 0.0000000000
35166  -31.723  -45.462  -18.315 0.0000000000
35167  -32.329  -45.800  -18.076 0.0000000000
14926  -9.168  -65.653  -12.102 0.0000000000
14941  -9.982  -65.423  -12.766 0.0000000000
14942  -10.669  -65.911  -13.263 0.0000000000
13930  -11.372  -66.257  -14.595 0.0000000000
13929  -10.818  -66.539  -14.106 0.0000000000
11988  -9.080  -67.488  -15.644 0.0000000000
12966  -10.180  -67.039  -15.692 0.0000000000
12000  -9.777  -68.523  -15.991 0.0000000000
12001  -10.839  -68.539  -16.182 0.0000000000
11100  -10.490  -69.356  -15.981 0.0000000000
150891  -18.957  -83.812  -19.085 0.0000000000
138221  -18.522  -83.147  -18.294 0.0000000000
1681  -17.976  -83.965  -19.511 0.0000000000
989  -15.544  -86.910  -17.367 0.0000000000
1290  -15.859  -85.844  -18.034 0.0000000000
130213  -15.055  -86.249  -17.170 0.0000000000
146620  -13.589  -86.668  -16.865 0.0000000000
720  -13.586  -87.463  -16.740 0.0000000000
995  -14.279  -87.631  -18.514 0.0000000000
726  -13.930  -88.043  -17.026 0.0000000000
500  -13.697  -89.746  -18.638 0.0000000000
510  -14.434  -88.938  -19.811 0.0000000000
145024  -13.504  -88.939  -20.367 0.0000000000
519  -13.088  -88.491  -21.019 0.0000000000
508  -11.164  -89.210  -20.685 0.0000000000
280  -10.535  -89.064  -21.092 0.0000000000
281  -11.248  -89.512  -20.562 0.0000000000
41  -12.302  -91.070  -20.922 0.0000000000
135  -11.629  -90.529  -20.919 0.0000000000
45  -12.885  -91.290  -21.693 0.0000000000
138  -13.100  -91.061  -22.309 0.0000000000
141924  -6.829  -58.723  -26.255 0.0000000000
129446  -7.042  -55.933  -28.093 0.0000000000
125896  -6.817  -56.786  -27.643 0.0000000000
25488  -7.224  -55.194  -27.641 0.0000000000
26454  -7.446  -54.393  -27.187 0.0000000000
27428  -7.969  -53.893  -27.550 0.0000000000
28367  -8.809  -53.428  -27.698 0.0000000000
27430  -8.263  -54.149  -28.390 0.0000000000
25511  -8.633  -55.506  -30.041 0.0000000000
26472  -9.048  -54.234  -29.583 0.0000000000
26496  -8.981  -54.598  -29.754 0.0000000000
26481  -9.797  -54.156  -30.067 0.0000000000
14322  -12.915  -66.044  -46.887 0.0000000000
14336  -11.514  -66.028  -47.484 0.0000000000
14337  -12.333  -65.499  -47.172 0.0000000000
17464  -14.138  -63.574  -46.274 0.0000000000
17463  -12.681  -63.423  -46.190 0.0000000000
15315  -14.707  -64.954  -44.645 0.0000000000
3695  -23.074  -80.439  -43.952 0.0000000000
3702  -22.774  -80.470  -44.669 0.0000000000
145062  -21.987  -79.187  -44.000 0.0000000000
6102  -21.644  -76.581  -44.143 0.0000000000
5439  -21.356  -77.282  -44.398 0.0000000000
6119  -22.053  -76.283  -45.922 0.0000000000
6131  -22.849  -76.480  -46.416 0.0000000000
5452  -23.833  -76.879  -46.165 0.0000000000
33079  -25.705  -48.184  -21.441 0.0000000000
33097  -26.967  -48.325  -22.311 0.0000000000
34129  -29.236  -46.438  -21.841 0.0000000000
146263  -29.486  -47.044  -22.265 0.0000000000
7430  -13.793  -75.078  -47.084 0.0000000000
6746  -13.500  -75.789  -46.638 0.0000000000
140615  -13.615  -75.663  -45.786 0.0000000000
6734  -13.385  -75.677  -45.170 0.0000000000
150036  -14.459  -74.795  -45.618 0.0000000000
8159  -16.012  -73.433  -45.949 0.0000000000
7418  -15.774  -74.190  -45.123 0.0000000000
7402  -16.309  -74.386  -44.462 0.0000000000
136830  -15.915  -74.474  -43.592 0.0000000000
130014  -17.229  -74.327  -44.648 0.0000000000
141985  -23.873  -74.230  -52.176 0.0000000000
7481  -23.356  -74.036  -52.978 0.0000000000
7491  -24.461  -73.543  -53.090 0.0000000000
8213  -26.117  -72.525  -54.511 0.0000000000
8212  -25.143  -72.475  -54.542 0.0000000000
9012  -24.896  -71.780  -54.722 0.0000000000
9826  -23.829  -70.703  -54.620 0.0000000000
10643  -25.113  -70.750  -54.322 0.0000000000
43594  -22.456  -36.297  -24.166 0.0000000000
43620  -23.001  -36.978  -24.667 0.0000000000
43621  -24.120  -37.310  -24.604 0.0000000000
42639  -24.926  -38.451  -25.199 0.0000000000
41584  -24.409  -39.199  -25.710 0.0000000000
27312  -20.878  -53.058  -18.433 0.0000000000
128320  -19.274  -52.044  -17.660 0.0000000000
32069  -17.370  -48.580  -16.160 0.0000000000
31117  -18.477  -49.208  -16.260 0.0000000000
32080  -17.772  -48.471  -16.821 0.0000000000
32081  -18.668  -48.626  -17.045 0.0000000000
32088  -17.134  -48.176  -17.606 0.0000000000
33050  -16.484  -47.886  -18.388 0.0000000000
33041  -16.264  -47.932  -17.573 0.0000000000
129504  -13.591  -47.153  -17.308 0.0000000000
127891  -13.309  -46.780  -18.243 0.0000000000
123921  -11.431  -47.233  -19.390 0.0000000000
147256  -11.398  -46.854  -18.484 0.0000000000
23256  -7.102  -57.693  -13.583 0.0000000000
24286  -7.714  -57.146  -13.536 0.0000000000
23270  -6.715  -57.322  -14.285 0.0000000000
23288  -6.150  -56.601  -16.934 0.0000000000
125189  -6.344  -56.328  -15.764 0.0000000000
24322  -6.111  -55.794  -16.591 0.0000000000
26291  -6.288  -54.490  -15.891 0.0000000000
25294  -5.894  -54.986  -16.850 0.0000000000
2937  -9.290  -81.088  -11.133 0.0000000000
2944  -9.759  -81.290  -11.762 0.0000000000
2971  -8.777  -81.066  -15.555 0.0000000000
3430  -8.219  -80.794  -14.344 0.0000000000
2966  -7.658  -81.255  -15.256 0.0000000000
3945  -7.477  -80.456  -15.042 0.0000000000
3440  -7.389  -81.105  -15.956 0.0000000000
130192  -7.340  -79.829  -17.388 0.0000000000
3457  -7.293  -81.454  -17.466 0.0000000000
124413  -9.573  -80.718  -19.746 0.0000000000
3012  -7.723  -81.703  -19.330 0.0000000000
3018  -7.978  -81.386  -20.062 0.0000000000
3990  -7.528  -79.928  -20.859 0.0000000000
125184  -9.081  -80.484  -21.119 0.0000000000
3543  -11.505  -80.923  -27.030 0.0000000000
3558  -11.948  -80.315  -27.663 0.0000000000
3556  -9.942  -80.236  -27.168 0.0000000000
15  -9.893  -91.327  -28.420 0.0000000000
18  -9.235  -91.179  -29.342 0.0000000000
139753  -9.723  -91.247  -29.793 0.0000000000
230  -10.342  -89.988  -33.580 0.0000000000
112  -9.737  -90.427  -32.843 0.0000000000
1136  -10.827  -85.910  -36.716 0.0000000000
800  -22.003  -87.747  -27.410 0.0000000000
569  -21.154  -88.103  -27.254 0.0000000000
335  -21.699  -89.360  -27.447 0.0000000000
340  -21.362  -89.614  -27.645 0.0000000000
341  -22.162  -89.384  -28.022 0.0000000000
1441  -20.989  -84.963  -31.580 0.0000000000
1100  -21.201  -85.962  -31.329 0.0000000000
1837  -17.910  -83.707  -32.749 0.0000000000
1822  -18.049  -83.997  -31.796 0.0000000000
1836  -17.295  -84.432  -32.791 0.0000000000
1475  -17.846  -84.997  -34.544 0.0000000000
1474  -17.579  -85.495  -34.722 0.0000000000
1490  -18.092  -85.454  -35.149 0.0000000000
1872  -18.015  -84.135  -38.331 0.0000000000
128564  -17.905  -84.984  -37.815 0.0000000000
131517  -18.573  -84.970  -39.387 0.0000000000
1525  -19.165  -85.512  -39.821 0.0000000000
1879  -19.045  -84.530  -39.841 0.0000000000
2309  -20.281  -84.061  -40.407 0.0000000000
2308  -19.528  -84.007  -40.197 0.0000000000
3216  -20.392  -81.384  -40.410 0.0000000000
139814  -20.932  -82.220  -40.636 0.0000000000
3217  -21.357  -81.404  -40.597 0.0000000000
3218  -22.442  -81.631  -40.415 0.0000000000
3674  -21.782  -80.684  -40.405 0.0000000000
26387  -27.905  -54.192  -21.477 0.0000000000
40542  -11.132  -39.925  -22.977 0.0000000000
42590  -12.117  -38.024  -23.423 0.0000000000
41560  -12.023  -39.662  -24.280 0.0000000000
128906  -13.664  -45.666  -30.999 0.0000000000
139958  -13.521  -45.267  -30.220 0.0000000000
35353  -14.003  -44.812  -31.278 0.0000000000
16312  -8.858  -64.113  -37.747 0.0000000000
151038  -8.030  -65.353  -37.900 0.0000000000
15240  -8.263  -64.618  -37.499 0.0000000000
16271  -8.219  -64.381  -34.324 0.0000000000
15230  -7.969  -65.176  -34.806 0.0000000000
15221  -8.117  -65.172  -33.943 0.0000000000
14168  -8.623  -66.510  -32.956 0.0000000000
15204  -7.869  -64.949  -32.177 0.0000000000
15192  -7.623  -64.843  -31.231 0.0000000000
16246  -7.627  -64.024  -31.668 0.0000000000
19313  -8.673  -61.706  -31.154 0.0000000000
18278  -8.804  -62.197  -30.639 0.0000000000
17239  -9.738  -63.077  -30.916 0.0000000000
17227  -10.208  -64.057  -30.819 0.0000000000
17240  -10.352  -63.659  -31.590 0.0000000000
140023  -17.637  -60.427  -32.772 0.0000000000
20411  -16.096  -60.750  -33.269 0.0000000000
20413  -17.626  -61.081  -32.623 0.0000000000
19335  -17.421  -61.892  -32.539 0.0000000000
19316  -18.650  -61.552  -31.501 0.0000000000
127361  -18.677  -59.067  -29.737 0.0000000000
21440  -18.841  -59.979  -30.045 0.0000000000
129432  -17.549  -58.965  -29.487 0.0000000000
21438  -17.150  -59.566  -29.469 0.0000000000
22447  -16.907  -58.129  -29.424 0.0000000000
23493  -16.685  -57.202  -29.455 0.0000000000
24485  -17.328  -56.562  -29.559 0.0000000000
35185  -28.988  -45.732  -19.184 0.0000000000
35163  -28.666  -45.142  -18.612 0.0000000000
34082  -26.998  -46.637  -20.007 0.0000000000
141035  -27.825  -49.171  -21.529 0.0000000000
136470  -27.339  -49.788  -21.967 0.0000000000
31152  -27.372  -49.792  -22.271 0.0000000000
10626  -15.878  -70.771  -51.279 0.0000000000
38523  -26.444  -42.500  -20.342 0.0000000000
39534  -25.567  -42.262  -20.390 0.0000000000
40511  -27.530  -40.331  -20.229 0.0000000000
39558  -28.077  -41.037  -22.811 0.0000000000
40549  -27.480  -40.352  -23.063 0.0000000000
136847  -27.070  -38.811  -19.609 0.0000000000
42555  -27.544  -38.677  -20.800 0.0000000000
145603  -26.998  -38.422  -22.411 0.0000000000
43576  -24.480  -36.969  -22.952 0.0000000000
43616  -19.393  -37.148  -26.260 0.0000000000
43634  -19.984  -37.402  -26.388 0.0000000000
43633  -19.300  -37.004  -26.839 0.0000000000
27283  -17.987  -53.493  -16.838 0.0000000000
18038  -13.592  -62.739  -13.909 0.0000000000
19058  -13.198  -61.778  -13.377 0.0000000000
19057  -12.674  -61.579  -12.292 0.0000000000
16970  -10.340  -63.276  -10.261 0.0000000000
16971  -11.031  -63.354  -10.331 0.0000000000
17999  -10.112  -62.618  -10.469 0.0000000000
19069  -10.018  -60.661  -13.621 0.0000000000
19041  -10.186  -61.217  -11.569 0.0000000000
20112  -10.249  -60.322  -11.984 0.0000000000
21166  -10.594  -59.704  -11.849 0.0000000000
21207  -9.227  -59.598  -12.894 0.0000000000
21206  -8.152  -59.135  -13.031 0.0000000000
20147  -8.656  -59.599  -13.468 0.0000000000
18072  -7.969  -62.938  -15.528 0.0000000000
19105  -7.308  -61.679  -14.721 0.0000000000
18071  -7.132  -62.690  -14.992 0.0000000000
148389  -6.628  -62.484  -15.747 0.0000000000
17040  -7.073  -63.825  -15.733 0.0000000000
16064  -6.992  -64.671  -16.187 0.0000000000
16047  -7.172  -64.363  -15.927 0.0000000000
139474  -9.878  -65.856  -18.396 0.0000000000
13977  -9.016  -66.267  -17.670 0.0000000000
13004  -9.130  -67.573  -18.144 0.0000000000
12020  -8.329  -68.952  -18.131 0.0000000000
12021  -9.922  -68.741  -18.588 0.0000000000
150522  -12.507  -66.211  -17.080 0.0000000000
14998  -12.731  -65.860  -17.999 0.0000000000
12994  -13.244  -67.239  -18.039 0.0000000000
134381  -11.821  -71.089  -18.318 0.0000000000
133487  -11.739  -69.307  -18.595 0.0000000000
135704  -10.718  -71.003  -18.528 0.0000000000
136768  -9.642  -71.050  -18.573 0.0000000000
8562  -9.678  -72.536  -18.547 0.0000000000
7836  -9.176  -73.978  -19.277 0.0000000000
7837  -10.114  -74.179  -19.120 0.0000000000
7119  -13.297  -74.362  -19.769 0.0000000000
135445  -12.371  -74.295  -20.557 0.0000000000
128955  -13.566  -74.129  -20.672 0.0000000000
7872  -14.219  -73.604  -22.410 0.0000000000
7860  -14.774  -73.924  -21.692 0.0000000000
2533  -17.534  -82.047  -17.742 0.0000000000
2060  -17.517  -82.531  -15.986 0.0000000000
2520  -16.577  -81.577  -16.534 0.0000000000
2072  -13.139  -82.951  -16.841 0.0000000000
2518  -14.399  -82.051  -16.477 0.0000000000
2504  -13.693  -82.487  -16.121 0.0000000000
2098  -10.658  -83.897  -19.648 0.0000000000
2086  -9.594  -84.722  -18.599 0.0000000000
2544  -10.615  -83.419  -19.236 0.0000000000
2537  -11.271  -82.620  -18.646 0.0000000000
2538  -11.948  -82.383  -19.285 0.0000000000
3015  -13.879  -80.929  -19.085 0.0000000000
2546  -13.221  -82.014  -19.949 0.0000000000
2559  -15.956  -82.320  -21.324 0.0000000000
2552  -15.520  -81.413  -20.754 0.0000000000
136884  -16.969  -80.989  -21.873 0.0000000000
3507  -17.071  -80.172  -23.141 0.0000000000
3038  -16.845  -81.290  -23.342 0.0000000000
1024  -15.782  -86.202  -21.471 0.0000000000
148718  -16.062  -85.310  -21.566 0.0000000000
1330  -16.207  -85.440  -21.994 0.0000000000
2140  -14.111  -83.686  -23.844 0.0000000000
2141  -15.128  -83.443  -23.761 0.0000000000
2585  -14.355  -82.932  -24.165 0.0000000000
2600  -15.457  -81.954  -24.274 0.0000000000
2598  -13.698  -82.462  -24.609 0.0000000000
3047  -13.171  -82.043  -25.202 0.0000000000
145015  -12.589  -82.610  -24.548 0.0000000000
2137  -10.397  -83.435  -23.315 0.0000000000
2596  -10.136  -82.332  -24.072 0.0000000000
2595  -9.077  -82.269  -23.726 0.0000000000
138784  -8.318  -82.202  -24.117 0.0000000000
2578  -7.825  -83.030  -23.635 0.0000000000
2148  -7.001  -83.851  -23.866 0.0000000000
140672  -7.580  -84.203  -23.227 0.0000000000
1364  -9.348  -84.845  -24.606 0.0000000000
1363  -8.465  -84.911  -24.560 0.0000000000
1061  -8.582  -85.551  -25.737 0.0000000000
779  -7.844  -86.695  -25.914 0.0000000000
1066  -8.948  -85.894  -26.610 0.0000000000
538  -9.962  -88.534  -23.155 0.0000000000
541  -10.122  -88.071  -23.819 0.0000000000
773  -10.729  -87.731  -24.496 0.0000000000
1075  -12.356  -86.591  -27.101 0.0000000000
143305  -11.364  -86.381  -26.533 0.0000000000
1073  -10.736  -86.553  -27.568 0.0000000000
794  -9.826  -86.809  -27.925 0.0000000000
564  -10.447  -88.360  -28.152 0.0000000000
328  -10.266  -89.778  -27.648 0.0000000000
134895  -11.146  -89.126  -27.520 0.0000000000
330  -12.546  -89.788  -27.285 0.0000000000
320  -11.731  -90.232  -27.141 0.0000000000
145278  -11.959  -90.992  -27.943 0.0000000000
89  -11.988  -90.982  -28.641 0.0000000000
178  -12.744  -90.017  -28.969 0.0000000000
129517  -24.058  -84.924  -29.180 0.0000000000
125651  -24.194  -84.959  -30.102 0.0000000000
146499  -24.762  -86.610  -32.966 0.0000000000
1109  -24.503  -86.391  -32.200 0.0000000000
833  -24.932  -87.632  -33.256 0.0000000000
124625  -24.784  -88.294  -33.527 0.0000000000
127124  -24.654  -88.285  -34.462 0.0000000000
1493  -24.178  -85.586  -36.273 0.0000000000
1492  -23.424  -86.009  -36.025 0.0000000000
857  -23.366  -87.403  -35.437 0.0000000000
1130  -22.605  -86.468  -35.083 0.0000000000
1118  -22.305  -86.250  -34.169 0.0000000000
1458  -22.419  -85.625  -34.890 0.0000000000
33139  -9.253  -47.705  -24.045 0.0000000000
128569  -8.855  -48.008  -23.195 0.0000000000
34181  -9.250  -46.858  -23.953 0.0000000000
35264  -8.836  -45.870  -22.932 0.0000000000
35271  -9.659  -45.687  -24.270 0.0000000000
35266  -9.736  -44.984  -24.058 0.0000000000
34183  -10.095  -46.095  -25.000 0.0000000000
33171  -10.930  -47.838  -25.848 0.0000000000
33161  -10.880  -47.054  -25.828 0.0000000000
34206  -11.779  -47.032  -25.883 0.0000000000
150532  -12.514  -47.310  -26.111 0.0000000000
29256  -9.936  -52.792  -27.158 0.0000000000
30213  -10.938  -50.901  -26.130 0.0000000000
29242  -11.372  -52.109  -26.662 0.0000000000
30224  -13.816  -50.587  -27.246 0.0000000000
30216  -13.235  -49.966  -26.539 0.0000000000
31211  -14.064  -49.589  -26.923 0.0000000000
32207  -14.083  -48.547  -26.873 0.0000000000
33179  -14.487  -48.367  -27.510 0.0000000000
33188  -14.269  -47.179  -28.933 0.0000000000
147750  -14.641  -48.611  -29.078 0.0000000000
31251  -12.848  -49.170  -31.161 0.0000000000
124658  -13.886  -48.603  -30.679 0.0000000000
130769  -13.448  -48.241  -31.660 0.0000000000
33235  -13.706  -47.439  -32.058 0.0000000000
32256  -13.719  -48.259  -32.326 0.0000000000
125437  -8.702  -71.819  -44.001 0.0000000000
9736  -8.223  -71.500  -43.243 0.0000000000
10561  -8.409  -70.579  -44.228 0.0000000000
13296  -7.793  -67.420  -44.915 0.0000000000
12335  -7.672  -68.981  -44.474 0.0000000000
13295  -7.430  -67.331  -44.145 0.0000000000
13278  -7.560  -67.206  -42.574 0.0000000000
14268  -7.652  -66.432  -43.755 0.0000000000
149206  -10.508  -64.542  -45.970 0.0000000000
15360  -10.046  -65.396  -46.255 0.0000000000
15311  -9.952  -65.869  -45.259 0.0000000000
127367  -10.608  -67.474  -41.755 0.0000000000
13287  -9.822  -67.090  -43.612 0.0000000000
14239  -9.685  -65.485  -42.439 0.0000000000
147574  -9.182  -64.367  -41.887 0.0000000000
15263  -9.560  -64.720  -41.701 0.0000000000
15254  -9.506  -64.357  -40.632 0.0000000000
15255  -10.101  -65.147  -39.809 0.0000000000
16315  -12.947  -65.147  -37.984 0.0000000000
14215  -12.176  -65.903  -37.538 0.0000000000
16299  -12.438  -65.093  -37.154 0.0000000000
17301  -10.991  -63.958  -36.514 0.0000000000
18374  -11.502  -63.425  -37.294 0.0000000000
3272  -21.564  -81.722  -47.830 0.0000000000
2810  -21.218  -82.272  -47.697 0.0000000000
129998  -21.273  -81.185  -48.607 0.0000000000
3730  -21.027  -80.042  -49.756 0.0000000000
144046  -21.185  -80.008  -49.617 0.0000000000
4273  -21.473  -78.980  -45.804 0.0000000000
3707  -21.723  -79.824  -46.225 0.0000000000
4282  -21.410  -78.887  -46.544 0.0000000000
4895  -23.927  -78.121  -50.129 0.0000000000
5495  -21.864  -77.743  -49.468 0.0000000000
4904  -23.760  -77.745  -50.503 0.0000000000
4903  -22.746  -77.422  -50.567 0.0000000000
4911  -24.188  -77.547  -50.734 0.0000000000
6169  -23.880  -76.589  -51.317 0.0000000000
5507  -24.462  -77.163  -50.870 0.0000000000
6771  -24.835  -75.392  -49.110 0.0000000000
6770  -24.549  -75.032  -49.764 0.0000000000
7447  -25.150  -74.700  -49.626 0.0000000000
7455  -25.786  -74.481  -50.451 0.0000000000
7448  -26.308  -74.559  -49.708 0.0000000000
4862  -25.389  -78.589  -46.052 0.0000000000
34080  -24.643  -46.770  -20.469 0.0000000000
37527  -24.571  -43.795  -20.477 0.0000000000
148730  -26.192  -44.107  -20.509 0.0000000000
140762  -28.199  -43.896  -20.655 0.0000000000
37531  -28.550  -43.195  -20.944 0.0000000000
37542  -29.031  -43.182  -21.658 0.0000000000
35231  -29.655  -45.600  -21.874 0.0000000000
37579  -28.730  -43.456  -23.384 0.0000000000
1004  -20.766  -86.296  -20.272 0.0000000000
1315  -20.252  -85.654  -20.165 0.0000000000
740  -19.429  -87.130  -20.387 0.0000000000
735  -18.869  -88.044  -19.894 0.0000000000
277  -18.605  -89.721  -19.572 0.0000000000
736  -19.667  -88.307  -20.460 0.0000000000
523  -20.463  -88.705  -21.694 0.0000000000
522  -19.640  -88.895  -21.345 0.0000000000
533  -20.050  -88.640  -22.092 0.0000000000
139420  -18.897  -88.490  -21.914 0.0000000000
18220  -7.123  -62.762  -25.812 0.0000000000
19264  -7.155  -61.721  -26.929 0.0000000000
147920  -7.253  -61.638  -27.506 0.0000000000
18240  -7.684  -62.208  -27.582 0.0000000000
8914  -10.477  -72.631  -45.823 0.0000000000
8904  -9.897  -72.556  -45.578 0.0000000000
10599  -10.708  -70.805  -46.902 0.0000000000
7399  -12.742  -74.583  -44.194 0.0000000000
8149  -11.772  -73.966  -44.683 0.0000000000
8137  -12.586  -73.565  -44.176 0.0000000000
10575  -12.855  -70.785  -44.768 0.0000000000
9754  -12.487  -71.741  -44.847 0.0000000000
10586  -12.635  -70.024  -45.427 0.0000000000
128618  -12.121  -70.006  -47.154 0.0000000000
11430  -12.732  -69.051  -45.584 0.0000000000
12361  -12.500  -68.412  -46.233 0.0000000000
11431  -13.246  -69.174  -44.956 0.0000000000
11419  -15.527  -69.018  -44.565 0.0000000000
12364  -15.252  -68.247  -46.556 0.0000000000
140043  -20.296  -75.384  -49.712 0.0000000000
146267  -19.168  -75.251  -49.923 0.0000000000
6780  -19.903  -74.714  -50.087 0.0000000000
8210  -22.422  -73.106  -53.943 0.0000000000
8199  -21.890  -73.251  -52.431 0.0000000000
8204  -22.004  -72.824  -53.468 0.0000000000
135211  -20.156  -70.986  -52.963 0.0000000000
8994  -20.413  -72.145  -52.094 0.0000000000
9003  -19.823  -71.640  -52.518 0.0000000000
139434  -18.904  -73.137  -51.771 0.0000000000
9002  -18.822  -71.872  -52.636 0.0000000000
9818  -18.399  -71.158  -52.913 0.0000000000
12440  -18.406  -68.653  -52.507 0.0000000000
11499  -17.885  -69.174  -52.389 0.0000000000
11491  -17.801  -69.109  -51.998 0.0000000000
10618  -17.194  -69.820  -51.589 0.0000000000
9809  -26.028  -71.787  -52.530 0.0000000000
9808  -25.124  -71.609  -52.106 0.0000000000
10631  -24.461  -70.425  -53.353 0.0000000000
9813  -24.486  -71.146  -52.291 0.0000000000
143971  -22.693  -71.787  -49.435 0.0000000000
132944  -23.371  -72.015  -49.777 0.0000000000
128315  -22.663  -71.388  -50.215 0.0000000000
10615  -22.999  -70.858  -51.097 0.0000000000
10614  -22.214  -70.592  -50.821 0.0000000000
11486  -21.035  -69.512  -51.427 0.0000000000
151069  -21.392  -70.470  -50.654 0.0000000000
9780  -20.015  -72.045  -49.186 0.0000000000
9791  -20.278  -71.514  -49.689 0.0000000000
8966  -18.711  -72.399  -49.596 0.0000000000
8947  -18.605  -72.983  -49.072 0.0000000000
8179  -18.404  -73.444  -48.402 0.0000000000
8170  -18.950  -73.595  -47.634 0.0000000000
8152  -19.881  -73.949  -45.299 0.0000000000
8161  -19.056  -74.173  -46.113 0.0000000000
7406  -19.496  -74.247  -44.144 0.0000000000
7391  -19.062  -74.320  -43.270 0.0000000000
8128  -19.824  -73.962  -43.157 0.0000000000
134867  -26.539  -35.582  -22.186 0.0000000000
43596  -24.210  -36.664  -24.140 0.0000000000
140091  -26.003  -36.391  -23.479 0.0000000000
31109  -32.404  -50.136  -14.052 0.0000000000
30118  -32.589  -50.674  -16.094 0.0000000000
30129  -32.671  -51.618  -16.190 0.0000000000
27322  -31.941  -54.393  -18.572 0.0000000000
28267  -32.313  -53.779  -17.815 0.0000000000
28268  -32.475  -53.002  -18.054 0.0000000000
27338  -31.843  -54.040  -19.088 0.0000000000
27356  -30.873  -53.128  -19.713 0.0000000000
27355  -30.247  -52.251  -19.515 0.0000000000
28296  -26.371  -52.248  -19.506 0.0000000000
27352  -26.787  -52.856  -20.211 0.0000000000
136225  -24.330  -52.680  -19.936 0.0000000000
28246  -21.720  -52.087  -17.700 0.0000000000
27314  -22.985  -53.171  -17.849 0.0000000000
147530  -21.980  -51.277  -17.371 0.0000000000
30125  -22.513  -50.176  -17.892 0.0000000000
29141  -22.999  -50.818  -17.650 0.0000000000
29142  -23.675  -51.178  -17.749 0.0000000000
28250  -25.253  -51.986  -17.873 0.0000000000
29155  -23.938  -51.150  -17.979 0.0000000000
29157  -25.264  -51.790  -18.255 0.0000000000
29154  -23.536  -50.862  -18.257 0.0000000000
29175  -21.842  -51.172  -20.046 0.0000000000
30149  -21.511  -50.606  -21.112 0.0000000000
130775  -16.191  -53.526  -15.862 0.0000000000
28225  -16.077  -52.555  -15.554 0.0000000000
28224  -15.323  -52.453  -15.200 0.0000000000
25253  -9.784  -55.953  -14.182 0.0000000000
24289  -11.348  -56.181  -13.471 0.0000000000
25268  -10.034  -55.253  -14.344 0.0000000000
27257  -11.203  -53.163  -13.974 0.0000000000
26263  -12.011  -54.403  -13.302 0.0000000000
27258  -12.574  -53.782  -13.186 0.0000000000
26265  -13.606  -54.280  -13.388 0.0000000000
28208  -13.141  -52.469  -13.327 0.0000000000
30092  -11.837  -49.924  -14.257 0.0000000000
29106  -12.809  -51.048  -13.515 0.0000000000
30093  -12.699  -50.180  -13.860 0.0000000000
30095  -14.236  -50.098  -14.366 0.0000000000
31086  -12.430  -49.453  -14.542 0.0000000000
31099  -12.898  -48.860  -15.010 0.0000000000
146224  -12.102  -48.827  -15.183 0.0000000000
133140  -10.191  -47.882  -16.730 0.0000000000
145918  -8.248  -79.951  -10.619 0.0000000000
3882  -7.695  -78.841  -10.489 0.0000000000
5678  -7.777  -76.644  -10.427 0.0000000000
5057  -7.559  -77.265  -9.999 0.0000000000
6337  -7.915  -75.883  -9.885 0.0000000000
135588  -9.245  -72.809  -12.963 0.0000000000
9351  -7.361  -71.357  -14.228 0.0000000000
7789  -7.874  -73.392  -15.701 0.0000000000
140574  -8.268  -71.888  -15.673 0.0000000000
140293  -9.792  -72.825  -15.480 0.0000000000
8531  -10.789  -72.348  -15.286 0.0000000000
7791  -10.286  -73.645  -15.385 0.0000000000
5141  -7.229  -77.420  -17.982 0.0000000000
6426  -7.425  -76.320  -17.136 0.0000000000
5765  -7.549  -76.430  -17.797 0.0000000000
127232  -10.807  -77.055  -18.767 0.0000000000
5767  -10.736  -76.712  -17.374 0.0000000000
5768  -11.947  -76.691  -17.375 0.0000000000
5755  -12.141  -76.235  -16.625 0.0000000000
5786  -13.015  -76.529  -17.871 0.0000000000
5787  -13.865  -76.138  -18.344 0.0000000000
128712  -13.152  -76.630  -18.863 0.0000000000
144285  -12.733  -76.295  -22.710 0.0000000000
5827  -13.781  -76.280  -21.417 0.0000000000
6471  -14.399  -75.877  -22.776 0.0000000000
150917  -15.063  -75.535  -23.146 0.0000000000
6483  -14.311  -75.728  -23.792 0.0000000000
3993  -14.236  -79.521  -19.776 0.0000000000
3992  -13.269  -79.400  -19.731 0.0000000000
4007  -13.794  -79.393  -20.750 0.0000000000
139441  -12.859  -78.801  -24.019 0.0000000000
140823  -11.932  -79.467  -22.536 0.0000000000
4042  -11.367  -79.147  -23.234 0.0000000000
4041  -10.365  -78.985  -23.199 0.0000000000
4593  -10.789  -78.662  -23.883 0.0000000000
4104  -12.613  -78.523  -28.546 0.0000000000
5247  -13.341  -77.836  -27.738 0.0000000000
5262  -12.229  -77.664  -28.683 0.0000000000
5883  -9.563  -76.986  -26.946 0.0000000000
5244  -10.445  -77.177  -27.456 0.0000000000
5223  -10.016  -77.133  -25.683 0.0000000000
5215  -9.904  -77.375  -24.852 0.0000000000
5877  -9.932  -76.730  -25.153 0.0000000000
5870  -10.136  -76.535  -24.531 0.0000000000
6500  -10.007  -76.147  -25.886 0.0000000000
6528  -11.248  -75.105  -26.788 0.0000000000
284  -17.036  -90.391  -20.244 0.0000000000
132  -16.784  -90.857  -19.473 0.0000000000
128239  -16.365  -90.860  -20.421 0.0000000000
49  -16.568  -91.139  -23.041 0.0000000000
2  -15.830  -91.546  -22.351 0.0000000000
4  -15.533  -91.763  -23.066 0.0000000000
6  -14.759  -91.662  -23.323 0.0000000000
7  -15.465  -91.698  -23.902 0.0000000000
62  -16.975  -91.343  -26.632 0.0000000000
61  -16.629  -91.128  -26.357 0.0000000000
124871  -16.352  -90.867  -26.176 0.0000000000
126494  -16.236  -90.879  -27.205 0.0000000000
333  -15.589  -89.666  -27.131 0.0000000000
149274  -15.661  -90.988  -27.882 0.0000000000
188  -15.558  -90.578  -29.801 0.0000000000
347  -14.960  -90.113  -29.053 0.0000000000
355  -14.746  -89.522  -29.921 0.0000000000
354  -14.091  -89.025  -30.137 0.0000000000
138888  -14.627  -89.261  -30.898 0.0000000000
805  -24.318  -87.688  -28.829 0.0000000000
149376  -24.109  -88.188  -28.489 0.0000000000
578  -23.946  -88.731  -29.588 0.0000000000
204  -22.220  -89.834  -31.452 0.0000000000
142249  -23.005  -89.420  -30.192 0.0000000000
203  -21.429  -90.051  -31.375 0.0000000000
817  -19.745  -87.277  -31.158 0.0000000000
831  -20.543  -87.611  -31.719 0.0000000000
830  -19.298  -87.911  -31.920 0.0000000000
587  -16.991  -88.434  -32.621 0.0000000000
603  -18.478  -88.988  -32.935 0.0000000000
602  -17.619  -89.137  -33.014 0.0000000000
115  -16.937  -90.766  -32.145 0.0000000000
384  -16.251  -89.794  -33.129 0.0000000000
135038  -14.319  -88.050  -34.106 0.0000000000
124925  -15.092  -89.190  -33.693 0.0000000000
615  -13.865  -88.325  -34.307 0.0000000000
598  -13.847  -88.890  -34.127 0.0000000000
848  -13.229  -87.475  -34.515 0.0000000000
847  -12.728  -87.655  -34.628 0.0000000000
1127  -12.652  -86.524  -34.959 0.0000000000
1162  -14.292  -85.894  -37.122 0.0000000000
1514  -13.576  -85.588  -37.061 0.0000000000
125667  -14.141  -86.802  -37.416 0.0000000000
140813  -17.877  -86.857  -35.882 0.0000000000
1150  -17.067  -86.733  -35.895 0.0000000000
877  -17.866  -88.189  -36.895 0.0000000000
413  -17.710  -88.842  -39.309 0.0000000000
1553  -22.711  -85.178  -42.791 0.0000000000
1926  -23.455  -84.451  -43.312 0.0000000000
1935  -23.318  -83.803  -43.986 0.0000000000
1937  -24.208  -84.303  -43.360 0.0000000000
1537  -23.354  -85.712  -40.822 0.0000000000
2320  -26.400  -83.862  -41.419 0.0000000000
1901  -25.773  -84.330  -41.241 0.0000000000
2324  -26.240  -83.583  -42.184 0.0000000000
2336  -25.750  -83.431  -42.927 0.0000000000
2771  -26.112  -83.156  -42.577 0.0000000000
3245  -25.678  -82.596  -42.857 0.0000000000
3690  -25.412  -80.915  -41.738 0.0000000000
33024  -32.435  -47.314  -15.196 0.0000000000
34036  -32.491  -46.472  -15.971 0.0000000000
33028  -32.514  -47.250  -16.173 0.0000000000
32092  -32.581  -48.607  -18.782 0.0000000000
33042  -32.665  -47.234  -17.870 0.0000000000
33051  -32.596  -47.575  -18.952 0.0000000000
32118  -32.266  -47.699  -19.770 0.0000000000
142772  -32.204  -48.327  -20.135 0.0000000000
28311  -31.200  -51.812  -21.074 0.0000000000
27388  -30.222  -53.138  -22.092 0.0000000000
29202  -30.362  -51.729  -22.288 0.0000000000
30161  -30.647  -51.097  -21.962 0.0000000000
30162  -31.031  -50.421  -21.550 0.0000000000
32131  -31.261  -49.072  -21.105 0.0000000000
31155  -30.551  -49.606  -21.518 0.0000000000
31154  -29.285  -49.851  -21.875 0.0000000000
30175  -29.581  -51.024  -22.508 0.0000000000
149638  -28.840  -51.122  -22.942 0.0000000000
29214  -29.883  -51.215  -24.048 0.0000000000
44608  -17.539  -36.290  -25.446 0.0000000000
45612  -16.276  -34.930  -24.944 0.0000000000
128058  -16.461  -36.032  -26.534 0.0000000000
44637  -16.960  -35.785  -26.795 0.0000000000
43632  -17.140  -36.514  -27.109 0.0000000000
43641  -17.682  -36.790  -27.407 0.0000000000
42668  -17.551  -37.380  -27.387 0.0000000000
37584  -10.639  -43.638  -24.358 0.0000000000
38584  -11.080  -42.771  -24.460 0.0000000000
37598  -11.517  -43.427  -24.956 0.0000000000
38624  -12.871  -41.859  -26.297 0.0000000000
136421  -12.445  -41.714  -25.635 0.0000000000
39601  -12.680  -41.269  -25.885 0.0000000000
40574  -12.724  -40.613  -25.679 0.0000000000
40587  -13.173  -40.917  -26.490 0.0000000000
37673  -14.210  -43.491  -30.375 0.0000000000
37658  -13.956  -42.823  -29.718 0.0000000000
38683  -14.722  -41.941  -29.983 0.0000000000
40629  -14.939  -40.551  -28.582 0.0000000000
39654  -14.565  -40.845  -28.958 0.0000000000
40611  -14.592  -40.371  -27.629 0.0000000000
41620  -14.505  -40.036  -26.929 0.0000000000
41621  -14.747  -39.870  -26.823 0.0000000000
42654  -14.831  -38.483  -26.372 0.0000000000
129162  -15.159  -39.532  -26.679 0.0000000000
40591  -16.842  -40.435  -26.555 0.0000000000
149648  -16.403  -39.819  -26.453 0.0000000000
40613  -17.810  -40.048  -27.279 0.0000000000
41623  -17.904  -39.158  -27.526 0.0000000000
40614  -18.303  -39.950  -27.523 0.0000000000
40615  -18.968  -40.218  -27.554 0.0000000000
9704  -7.738  -71.576  -41.456 0.0000000000
13224  -9.200  -67.980  -36.577 0.0000000000
12275  -8.740  -68.727  -37.545 0.0000000000
12267  -9.311  -68.366  -36.167 0.0000000000
15156  -7.565  -64.761  -29.041 0.0000000000
14109  -7.537  -65.729  -28.495 0.0000000000
14087  -9.908  -66.273  -26.606 0.0000000000
14068  -8.695  -66.620  -26.733 0.0000000000
14069  -9.228  -66.820  -26.001 0.0000000000
139415  -8.750  -66.700  -25.200 0.0000000000
15092  -8.607  -65.976  -25.109 0.0000000000
16176  -9.308  -65.382  -25.565 0.0000000000
17200  -11.193  -63.493  -26.881 0.0000000000
135960  -9.631  -63.171  -27.030 0.0000000000
18242  -9.911  -62.509  -27.638 0.0000000000
18247  -8.900  -62.346  -28.156 0.0000000000
18249  -10.476  -62.117  -28.367 0.0000000000
17392  -11.723  -63.024  -41.580 0.0000000000
19441  -10.221  -60.930  -39.969 0.0000000000
139862  -9.418  -59.920  -38.838 0.0000000000
144940  -9.364  -60.681  -38.483 0.0000000000
21562  -9.037  -59.602  -37.750 0.0000000000
144954  -11.590  -57.182  -34.234 0.0000000000
23614  -12.075  -57.237  -35.887 0.0000000000
24573  -10.149  -56.008  -36.238 0.0000000000
21524  -11.019  -60.124  -35.415 0.0000000000
22524  -10.040  -58.141  -34.763 0.0000000000
21505  -10.192  -59.230  -35.660 0.0000000000
21504  -9.904  -59.252  -36.011 0.0000000000
140347  -10.804  -60.751  -35.446 0.0000000000
19352  -9.663  -60.865  -33.638 0.0000000000
18328  -10.566  -61.390  -34.739 0.0000000000
16263  -12.784  -64.705  -34.192 0.0000000000
16262  -11.918  -64.433  -33.822 0.0000000000
16256  -12.405  -65.118  -33.370 0.0000000000
15206  -12.141  -65.330  -32.370 0.0000000000
15196  -13.421  -65.889  -31.979 0.0000000000
17251  -17.657  -63.559  -31.892 0.0000000000
16258  -16.389  -64.553  -32.637 0.0000000000
16237  -17.160  -64.850  -31.198 0.0000000000
16212  -16.282  -64.263  -28.948 0.0000000000
15163  -16.394  -65.335  -30.090 0.0000000000
16225  -16.088  -65.074  -29.198 0.0000000000
15161  -14.721  -65.594  -28.990 0.0000000000
16210  -14.907  -64.572  -28.067 0.0000000000
17203  -14.266  -64.290  -27.680 0.0000000000
17212  -14.688  -63.627  -28.209 0.0000000000
20383  -12.036  -60.535  -30.287 0.0000000000
19301  -12.214  -61.252  -29.824 0.0000000000
19300  -11.502  -60.820  -30.248 0.0000000000
19299  -10.650  -60.671  -30.433 0.0000000000
147518  -10.806  -60.088  -31.047 0.0000000000
21463  -9.677  -58.879  -31.259 0.0000000000
22461  -10.586  -58.608  -30.641 0.0000000000
23488  -11.492  -57.117  -28.846 0.0000000000
23487  -10.568  -56.860  -29.162 0.0000000000
25495  -10.805  -55.573  -29.319 0.0000000000
25532  -10.773  -54.579  -30.720 0.0000000000
25514  -11.230  -54.936  -30.221 0.0000000000
25499  -15.138  -55.342  -29.627 0.0000000000
25498  -14.292  -55.134  -29.616 0.0000000000
26483  -14.117  -54.586  -30.348 0.0000000000
26536  -12.271  -54.330  -33.528 0.0000000000
26519  -12.975  -54.347  -32.536 0.0000000000
26535  -11.581  -54.048  -33.520 0.0000000000
26517  -11.499  -53.979  -32.685 0.0000000000
28416  -11.396  -52.831  -33.586 0.0000000000
35125  -31.353  -44.239  -14.299 0.0000000000
36273  -32.165  -44.644  -15.855 0.0000000000
13912  -8.862  -67.119  -12.593 0.0000000000
13928  -10.090  -66.955  -13.578 0.0000000000
12953  -7.832  -66.898  -14.108 0.0000000000
143685  -7.518  -67.202  -14.999 0.0000000000
1002  -17.962  -85.752  -19.709 0.0000000000
1300  -17.402  -84.937  -19.388 0.0000000000
996  -16.439  -86.600  -18.339 0.0000000000
722  -15.140  -87.801  -16.786 0.0000000000
490  -14.660  -88.244  -16.624 0.0000000000
495  -14.438  -89.070  -17.272 0.0000000000
134443  -14.669  -89.340  -17.266 0.0000000000
268  -13.245  -90.181  -18.372 0.0000000000
267  -12.676  -90.065  -18.745 0.0000000000
130  -11.669  -90.067  -19.858 0.0000000000
28  -12.599  -90.905  -19.229 0.0000000000
32  -13.055  -91.290  -19.360 0.0000000000
37  -13.585  -91.590  -20.049 0.0000000000
21415  -6.953  -59.931  -27.566 0.0000000000
126387  -6.815  -58.281  -27.557 0.0000000000
126206  -6.852  -58.285  -28.520 0.0000000000
145265  -6.890  -57.564  -28.911 0.0000000000
25491  -7.285  -55.860  -28.839 0.0000000000
141897  -7.775  -55.381  -29.291 0.0000000000
24494  -7.839  -56.508  -30.274 0.0000000000
24503  -8.125  -56.775  -30.695 0.0000000000
24504  -8.336  -56.956  -30.877 0.0000000000
14338  -13.471  -65.218  -47.269 0.0000000000
132873  -14.338  -64.925  -47.670 0.0000000000
17492  -14.708  -63.977  -47.477 0.0000000000
17465  -14.933  -63.844  -46.425 0.0000000000
6103  -22.268  -75.824  -44.058 0.0000000000
32145  -26.840  -49.362  -22.320 0.0000000000
32144  -26.216  -49.129  -22.125 0.0000000000
33113  -27.569  -48.983  -22.595 0.0000000000
33114  -29.268  -48.013  -22.520 0.0000000000
33115  -29.971  -47.150  -22.630 0.0000000000
33154  -30.314  -47.441  -23.901 0.0000000000
8942  -14.143  -73.141  -48.794 0.0000000000
8165  -14.169  -73.561  -47.687 0.0000000000
8157  -14.628  -73.380  -46.976 0.0000000000
7431  -14.686  -74.097  -46.106 0.0000000000
8158  -15.238  -73.264  -46.410 0.0000000000
124930  -15.742  -73.191  -46.738 0.0000000000
8168  -16.634  -73.487  -46.834 0.0000000000
7483  -25.881  -74.051  -52.409 0.0000000000
7492  -25.649  -73.582  -53.315 0.0000000000
7493  -26.739  -73.803  -53.428 0.0000000000
8206  -26.413  -73.207  -54.100 0.0000000000
8214  -27.078  -72.591  -54.426 0.0000000000
41583  -23.243  -38.801  -25.742 0.0000000000
140940  -21.733  -39.534  -26.585 0.0000000000
138442  -21.625  -40.433  -26.859 0.0000000000
29131  -18.123  -51.352  -16.383 0.0000000000
148863  -18.598  -50.906  -16.681 0.0000000000
30112  -17.905  -49.726  -15.855 0.0000000000
31116  -17.634  -49.049  -15.821 0.0000000000
32068  -16.656  -48.285  -15.988 0.0000000000
32078  -16.075  -47.986  -16.665 0.0000000000
145223  -15.884  -48.065  -15.922 0.0000000000
32066  -14.264  -47.680  -16.638 0.0000000000
32065  -13.282  -47.541  -16.542 0.0000000000
133467  -6.570  -59.186  -15.109 0.0000000000
22251  -6.459  -58.351  -15.581 0.0000000000
131439  -6.600  -59.241  -16.008 0.0000000000
22264  -6.460  -58.444  -16.795 0.0000000000
142087  -11.190  -81.378  -13.941 0.0000000000
3419  -10.556  -80.748  -13.406 0.0000000000
3432  -10.790  -80.575  -14.291 0.0000000000
128168  -10.277  -80.428  -15.198 0.0000000000
3458  -9.211  -80.945  -17.035 0.0000000000
2994  -8.336  -81.640  -17.694 0.0000000000
3469  -9.420  -80.820  -17.877 0.0000000000
3478  -9.480  -80.786  -18.823 0.0000000000
144941  -10.452  -80.171  -19.858 0.0000000000
3525  -9.038  -80.769  -25.377 0.0000000000
4073  -8.813  -79.887  -26.541 0.0000000000
3523  -7.856  -80.403  -25.889 0.0000000000
25  -11.041  -91.362  -30.127 0.0000000000
26  -10.310  -91.145  -30.979 0.0000000000
106  -10.693  -91.077  -31.534 0.0000000000
118  -10.758  -90.399  -32.467 0.0000000000
395  -10.443  -88.888  -34.279 0.0000000000
622  -10.201  -88.317  -35.124 0.0000000000
612  -10.900  -88.287  -34.509 0.0000000000
124911  -10.703  -87.523  -35.275 0.0000000000
855  -11.349  -86.755  -35.461 0.0000000000
128523  -21.717  -86.583  -27.470 0.0000000000
145809  -22.905  -87.910  -27.522 0.0000000000
2249  -19.061  -82.963  -31.945 0.0000000000
2235  -18.833  -83.611  -31.485 0.0000000000
2258  -18.313  -82.879  -32.960 0.0000000000
2269  -18.010  -83.040  -33.661 0.0000000000
133717  -18.031  -83.562  -34.614 0.0000000000
1863  -18.232  -84.827  -35.755 0.0000000000
2290  -18.262  -83.433  -36.874 0.0000000000
2296  -18.241  -83.387  -37.826 0.0000000000
2297  -18.393  -83.386  -38.756 0.0000000000
139482  -19.684  -83.130  -40.261 0.0000000000
2750  -19.282  -82.327  -39.802 0.0000000000
3204  -19.508  -81.610  -39.445 0.0000000000
40529  -10.760  -40.358  -22.280 0.0000000000
139927  -10.966  -40.665  -23.324 0.0000000000
35368  -14.509  -44.833  -31.983 0.0000000000
34279  -14.596  -45.743  -32.254 0.0000000000
16288  -9.197  -63.697  -36.330 0.0000000000
16287  -8.031  -64.265  -36.039 0.0000000000
135735  -8.342  -63.894  -35.618 0.0000000000
17283  -8.276  -63.605  -34.714 0.0000000000
17267  -8.147  -63.423  -33.964 0.0000000000
17247  -7.673  -63.230  -32.123 0.0000000000
126015  -7.686  -62.329  -32.506 0.0000000000
19329  -7.856  -60.990  -32.241 0.0000000000
18290  -9.583  -61.899  -32.080 0.0000000000
25502  -18.032  -55.924  -29.722 0.0000000000
35148  -30.266  -44.871  -17.747 0.0000000000
34105  -28.738  -47.112  -20.349 0.0000000000
32129  -28.446  -49.546  -21.710 0.0000000000
8194  -16.754  -73.213  -52.006 0.0000000000
39536  -28.150  -41.442  -20.900 0.0000000000
42583  -26.266  -37.772  -22.568 0.0000000000
44626  -18.623  -36.689  -26.317 0.0000000000
125425  -8.883  -62.833  -12.564 0.0000000000
18021  -8.889  -62.309  -12.053 0.0000000000
18037  -9.953  -62.481  -13.752 0.0000000000
18057  -10.260  -61.279  -14.313 0.0000000000
19085  -10.058  -60.747  -14.682 0.0000000000
20163  -9.521  -60.450  -14.848 0.0000000000
19107  -9.847  -61.039  -15.557 0.0000000000
18089  -9.364  -62.114  -16.339 0.0000000000
17060  -8.602  -63.513  -16.052 0.0000000000
16065  -7.896  -64.468  -15.990 0.0000000000
16066  -9.153  -64.098  -16.893 0.0000000000
16101  -10.379  -64.612  -18.253 0.0000000000
13990  -10.732  -66.088  -18.556 0.0000000000
12003  -12.839  -68.505  -17.302 0.0000000000
11110  -13.373  -68.445  -18.027 0.0000000000
130691  -13.075  -69.765  -18.005 0.0000000000
10259  -12.580  -70.400  -18.178 0.0000000000
134622  -11.373  -72.640  -18.183 0.0000000000
7827  -10.694  -73.781  -18.659 0.0000000000
8564  -11.449  -73.338  -18.225 0.0000000000
7105  -13.015  -74.346  -18.906 0.0000000000
7106  -14.062  -74.593  -18.985 0.0000000000
2081  -15.406  -82.841  -18.154 0.0000000000
2531  -15.193  -82.245  -17.704 0.0000000000
128145  -13.689  -83.865  -17.904 0.0000000000
2079  -13.566  -83.198  -17.551 0.0000000000
124844  -12.673  -83.675  -17.416 0.0000000000
1658  -10.899  -85.119  -18.068 0.0000000000
1308  -10.652  -85.564  -19.117 0.0000000000
2105  -12.054  -83.630  -20.243 0.0000000000
142346  -12.799  -82.841  -20.309 0.0000000000
2106  -13.246  -83.605  -20.479 0.0000000000
2107  -14.452  -83.170  -20.766 0.0000000000
2116  -16.104  -83.436  -21.458 0.0000000000
1033  -15.087  -86.506  -22.391 0.0000000000
1341  -15.322  -85.851  -22.706 0.0000000000
1340  -14.413  -85.943  -23.005 0.0000000000
1719  -13.997  -84.518  -23.617 0.0000000000
2139  -12.996  -83.935  -23.769 0.0000000000
2583  -12.284  -83.262  -23.987 0.0000000000
2138  -11.905  -83.862  -23.605 0.0000000000
2126  -10.973  -83.931  -23.335 0.0000000000
138598  -9.367  -84.061  -22.825 0.0000000000
1715  -8.100  -84.268  -23.322 0.0000000000
1716  -9.357  -84.456  -23.358 0.0000000000
1351  -9.743  -85.024  -23.725 0.0000000000
1053  -10.025  -85.681  -24.371 0.0000000000
307  -11.552  -88.850  -23.860 0.0000000000
144196  -11.277  -88.280  -24.344 0.0000000000
543  -12.445  -88.139  -24.517 0.0000000000
786  -13.026  -86.783  -26.824 0.0000000000
150290  -12.781  -86.790  -27.145 0.0000000000
566  -12.619  -87.775  -27.494 0.0000000000
797  -13.255  -87.150  -27.130 0.0000000000
567  -13.401  -88.539  -27.252 0.0000000000
331  -13.712  -89.379  -27.401 0.0000000000
1810  -24.331  -85.119  -31.141 0.0000000000
1824  -24.672  -84.989  -31.853 0.0000000000
32167  -9.286  -48.753  -24.660 0.0000000000
33158  -9.566  -48.045  -24.777 0.0000000000
34196  -9.997  -46.926  -25.249 0.0000000000
33159  -10.075  -47.819  -25.404 0.0000000000
33170  -10.603  -48.059  -25.791 0.0000000000
32201  -11.054  -48.683  -25.862 0.0000000000
28368  -10.967  -52.855  -27.880 0.0000000000
29258  -11.493  -52.473  -27.486 0.0000000000
29259  -12.286  -52.022  -27.925 0.0000000000
30230  -12.978  -51.272  -28.419 0.0000000000
30244  -13.567  -50.569  -28.770 0.0000000000
31231  -14.603  -49.131  -29.023 0.0000000000
128700  -13.541  -49.877  -29.728 0.0000000000
31229  -12.573  -49.828  -30.485 0.0000000000
31267  -12.451  -49.664  -31.375 0.0000000000
10585  -8.830  -70.265  -45.400 0.0000000000
10574  -8.410  -70.209  -44.853 0.0000000000
12359  -8.592  -68.695  -46.019 0.0000000000
135797  -8.309  -67.608  -45.670 0.0000000000
13302  -8.326  -66.656  -45.217 0.0000000000
14290  -11.173  -66.563  -44.438 0.0000000000
14289  -10.290  -66.744  -44.491 0.0000000000
13280  -10.944  -67.944  -42.305 0.0000000000
128064  -10.668  -67.128  -40.861 0.0000000000
14232  -10.842  -66.710  -39.743 0.0000000000
14233  -11.795  -67.028  -39.546 0.0000000000
15249  -13.154  -65.986  -39.272 0.0000000000
16331  -13.266  -65.257  -39.074 0.0000000000
2795  -22.004  -82.991  -45.406 0.0000000000
2794  -21.398  -82.922  -46.242 0.0000000000
130660  -22.276  -82.741  -46.495 0.0000000000
2811  -22.129  -82.299  -47.278 0.0000000000
3721  -22.112  -81.477  -47.472 0.0000000000
6138  -21.937  -76.933  -47.011 0.0000000000
5474  -21.620  -77.442  -47.392 0.0000000000
5475  -22.211  -77.160  -47.888 0.0000000000
4885  -23.921  -78.237  -49.429 0.0000000000
4896  -24.967  -78.446  -49.779 0.0000000000
6162  -24.903  -77.393  -50.381 0.0000000000
5497  -25.662  -77.986  -49.830 0.0000000000
6154  -25.092  -76.808  -49.516 0.0000000000
6140  -25.628  -76.305  -48.068 0.0000000000
35227  -24.858  -47.184  -21.200 0.0000000000
34079  -24.273  -46.515  -20.461 0.0000000000
35203  -24.316  -46.481  -20.547 0.0000000000
124585  -23.866  -45.825  -20.258 0.0000000000
132723  -29.605  -45.321  -23.277 0.0000000000
1005  -21.480  -86.550  -19.998 0.0000000000
128003  -20.263  -88.411  -20.920 0.0000000000
17176  -7.204  -63.609  -25.520 0.0000000000
7413  -10.114  -74.026  -45.232 0.0000000000
8156  -10.946  -73.242  -45.743 0.0000000000
8127  -14.679  -74.084  -43.259 0.0000000000
8889  -13.358  -73.364  -43.727 0.0000000000
8873  -13.642  -72.452  -43.665 0.0000000000
143542  -14.022  -71.747  -43.604 0.0000000000
133421  -13.618  -70.421  -44.157 0.0000000000
11417  -14.033  -69.379  -44.334 0.0000000000
10576  -14.507  -70.031  -43.789 0.0000000000
10563  -15.900  -70.369  -43.412 0.0000000000
135683  -16.410  -69.988  -43.924 0.0000000000
124602  -21.185  -75.720  -50.204 0.0000000000
7467  -21.360  -74.169  -50.898 0.0000000000
139882  -22.454  -71.703  -54.373 0.0000000000
9005  -21.522  -71.849  -53.424 0.0000000000
9823  -21.206  -70.272  -53.811 0.0000000000
129360  -20.326  -70.372  -53.456 0.0000000000
10635  -19.525  -69.694  -53.427 0.0000000000
133104  -18.908  -70.505  -53.150 0.0000000000
11504  -18.933  -68.666  -53.134 0.0000000000
12457  -19.411  -67.908  -52.915 0.0000000000
12442  -19.356  -68.230  -52.430 0.0000000000
8951  -22.770  -72.293  -48.182 0.0000000000
9793  -22.077  -71.498  -49.556 0.0000000000
9792  -21.415  -71.261  -49.855 0.0000000000
9782  -21.508  -71.736  -48.983 0.0000000000
8949  -21.109  -72.188  -48.225 0.0000000000
8930  -20.191  -72.472  -48.377 0.0000000000
8171  -19.963  -73.201  -47.363 0.0000000000
150849  -20.299  -73.277  -46.665 0.0000000000
8906  -20.758  -73.332  -45.036 0.0000000000
8890  -21.050  -73.140  -43.903 0.0000000000
28252  -32.088  -53.484  -15.731 0.0000000000
27321  -31.927  -54.545  -17.847 0.0000000000
25340  -31.456  -55.096  -19.658 0.0000000000
26370  -30.756  -53.345  -19.703 0.0000000000
28298  -28.803  -51.550  -19.158 0.0000000000
28299  -29.658  -51.653  -19.011 0.0000000000
28283  -26.945  -51.672  -18.967 0.0000000000
28282  -25.888  -51.816  -18.948 0.0000000000
26329  -24.996  -53.961  -18.306 0.0000000000
30123  -20.815  -49.506  -17.256 0.0000000000
29140  -22.135  -50.549  -17.464 0.0000000000
31123  -21.044  -48.967  -17.766 0.0000000000
30134  -21.577  -49.115  -17.959 0.0000000000
30135  -22.099  -49.561  -18.001 0.0000000000
30140  -21.999  -50.210  -18.799 0.0000000000
30139  -21.396  -49.522  -18.600 0.0000000000
23243  -13.147  -57.342  -13.210 0.0000000000
129921  -8.917  -53.953  -14.874 0.0000000000
26279  -9.655  -54.482  -14.598 0.0000000000
27267  -9.586  -53.503  -14.677 0.0000000000
128116  -10.313  -52.948  -14.428 0.0000000000
28217  -10.983  -52.353  -14.159 0.0000000000
28206  -11.841  -52.389  -13.440 0.0000000000
29112  -10.777  -51.594  -14.367 0.0000000000
30091  -10.706  -50.762  -14.629 0.0000000000
30100  -10.843  -49.800  -14.903 0.0000000000
128799  -10.769  -49.006  -15.485 0.0000000000
31097  -9.846  -49.205  -15.793 0.0000000000
124177  -8.858  -49.080  -16.571 0.0000000000
4480  -7.714  -78.845  -12.577 0.0000000000
4467  -7.680  -78.429  -11.141 0.0000000000
5084  -8.616  -77.673  -12.293 0.0000000000
5693  -9.214  -76.803  -11.911 0.0000000000
6351  -9.234  -75.330  -11.123 0.0000000000
7002  -9.795  -74.624  -11.553 0.0000000000
145055  -9.949  -75.170  -11.864 0.0000000000
7024  -9.376  -74.110  -13.189 0.0000000000
7768  -7.857  -73.394  -13.732 0.0000000000
131127  -7.434  -72.158  -14.056 0.0000000000
7022  -7.569  -73.828  -14.153 0.0000000000
7044  -7.469  -74.309  -15.569 0.0000000000
7045  -8.184  -74.163  -15.989 0.0000000000
5781  -7.661  -77.182  -19.446 0.0000000000
5782  -8.049  -76.687  -19.048 0.0000000000
5795  -8.218  -76.941  -19.897 0.0000000000
5797  -10.129  -77.028  -19.653 0.0000000000
5798  -11.284  -77.001  -19.547 0.0000000000
5812  -12.505  -76.679  -20.362 0.0000000000
5811  -11.670  -76.806  -20.395 0.0000000000
127747  -11.781  -76.528  -21.872 0.0000000000
5858  -12.198  -76.265  -23.485 0.0000000000
4045  -15.557  -78.919  -22.924 0.0000000000
4028  -13.741  -79.378  -22.130 0.0000000000
4044  -14.381  -79.055  -23.052 0.0000000000
4595  -13.968  -78.708  -23.958 0.0000000000
4613  -13.631  -78.316  -24.868 0.0000000000
5271  -10.667  -77.186  -30.026 0.0000000000
5912  -10.851  -77.016  -29.446 0.0000000000
5911  -10.111  -76.640  -29.339 0.0000000000
5910  -8.766  -76.138  -28.790 0.0000000000
5881  -8.318  -75.820  -27.017 0.0000000000
6511  -9.447  -75.457  -26.522 0.0000000000
7171  -8.565  -74.945  -26.909 0.0000000000
300  -16.716  -89.316  -21.975 0.0000000000
136  -16.385  -90.522  -21.173 0.0000000000
299  -16.459  -89.918  -21.944 0.0000000000
142  -16.453  -90.258  -22.726 0.0000000000
143  -17.020  -90.893  -23.635 0.0000000000
155  -19.270  -90.779  -26.322 0.0000000000
150616  -18.857  -90.983  -26.893 0.0000000000
71  -16.551  -91.213  -27.617 0.0000000000
81  -15.731  -91.154  -28.573 0.0000000000
92  -16.499  -91.001  -29.196 0.0000000000
91  -16.091  -90.914  -29.731 0.0000000000
98  -15.982  -90.714  -30.567 0.0000000000
584  -24.170  -88.848  -31.127 0.0000000000
581  -24.173  -88.713  -30.384 0.0000000000
364  -23.574  -89.303  -31.575 0.0000000000
374  -22.685  -89.687  -32.073 0.0000000000
373  -21.282  -89.750  -32.573 0.0000000000
1097  -17.222  -86.369  -31.059 0.0000000000
816  -17.629  -87.053  -31.243 0.0000000000
815  -16.673  -86.789  -31.561 0.0000000000
827  -16.530  -87.625  -32.210 0.0000000000
839  -16.051  -88.278  -32.945 0.0000000000
147642  -15.487  -87.566  -32.972 0.0000000000
838  -14.351  -86.902  -33.741 0.0000000000
1129  -13.964  -85.727  -34.238 0.0000000000
1128  -13.309  -86.051  -34.691 0.0000000000
1487  -14.456  -84.952  -35.596 0.0000000000
1148  -14.903  -85.643  -36.724 0.0000000000
1168  -18.278  -87.377  -37.947 0.0000000000
635  -17.982  -88.370  -37.641 0.0000000000
889  -18.577  -87.965  -39.148 0.0000000000
642  -18.307  -88.371  -39.444 0.0000000000
129976  -20.909  -85.268  -42.656 0.0000000000
1547  -21.025  -85.996  -42.519 0.0000000000
1548  -22.084  -85.902  -42.376 0.0000000000
1194  -23.001  -85.860  -42.208 0.0000000000
2311  -25.195  -83.727  -40.191 0.0000000000
2312  -26.312  -83.654  -40.531 0.0000000000
2766  -26.991  -82.964  -41.337 0.0000000000
3237  -26.439  -82.566  -41.935 0.0000000000
3229  -27.103  -82.231  -41.046 0.0000000000
31124  -32.328  -49.872  -17.218 0.0000000000
32083  -32.559  -48.252  -17.417 0.0000000000
31129  -32.371  -49.492  -18.396 0.0000000000
132190  -32.287  -49.861  -18.827 0.0000000000
31134  -32.414  -49.356  -19.350 0.0000000000
27387  -29.728  -53.794  -22.521 0.0000000000
26429  -29.243  -54.147  -23.564 0.0000000000
28322  -29.865  -52.970  -22.738 0.0000000000
28336  -29.414  -52.270  -23.066 0.0000000000
147491  -29.386  -52.712  -23.502 0.0000000000
44576  -12.856  -36.114  -22.366 0.0000000000
44578  -13.407  -36.047  -22.175 0.0000000000
45573  -13.230  -35.706  -22.633 0.0000000000
45609  -13.828  -35.155  -23.766 0.0000000000
45611  -15.599  -34.840  -24.867 0.0000000000
135135  -15.019  -35.385  -25.427 0.0000000000
44635  -15.102  -36.383  -25.932 0.0000000000
43631  -15.798  -36.601  -26.322 0.0000000000
36437  -12.777  -44.247  -25.612 0.0000000000
37599  -12.463  -43.336  -25.494 0.0000000000
37607  -13.134  -43.706  -26.130 0.0000000000
37625  -13.010  -43.211  -27.023 0.0000000000
38643  -13.131  -42.326  -27.265 0.0000000000
38685  -15.292  -41.973  -29.945 0.0000000000
38668  -15.843  -42.600  -29.318 0.0000000000
39629  -15.207  -40.703  -27.523 0.0000000000
40589  -15.078  -40.200  -27.117 0.0000000000
39612  -15.550  -41.220  -26.748 0.0000000000
39614  -17.065  -41.516  -26.611 0.0000000000
142367  -7.696  -69.849  -41.517 0.0000000000
10521  -7.592  -71.135  -40.006 0.0000000000
11376  -7.736  -69.587  -40.697 0.0000000000
12244  -9.191  -68.096  -34.798 0.0000000000
16208  -8.851  -64.514  -28.671 0.0000000000
149542  -8.106  -65.007  -27.951 0.0000000000
15135  -9.760  -65.334  -28.444 0.0000000000
15117  -10.095  -65.865  -27.528 0.0000000000
14070  -10.246  -66.145  -26.214 0.0000000000
15093  -10.317  -65.724  -26.052 0.0000000000
16188  -11.237  -65.180  -26.397 0.0000000000
138898  -11.796  -65.007  -26.495 0.0000000000
127487  -11.837  -63.289  -27.168 0.0000000000
137069  -12.899  -58.763  -33.290 0.0000000000
23538  -11.639  -57.658  -33.598 0.0000000000
23537  -10.894  -57.563  -33.743 0.0000000000
21495  -11.563  -59.047  -33.316 0.0000000000
20445  -12.098  -60.863  -34.858 0.0000000000
19371  -11.755  -61.137  -35.290 0.0000000000
18330  -12.220  -62.658  -35.179 0.0000000000
18331  -12.957  -63.255  -34.719 0.0000000000
134727  -13.880  -64.287  -34.305 0.0000000000
15216  -14.127  -65.358  -33.594 0.0000000000
133608  -17.535  -62.329  -29.567 0.0000000000
147414  -17.595  -63.963  -29.901 0.0000000000
143453  -16.764  -62.361  -29.355 0.0000000000
18263  -16.416  -62.956  -29.151 0.0000000000
18262  -15.440  -62.558  -29.082 0.0000000000
18253  -14.172  -62.765  -28.799 0.0000000000
19290  -14.173  -61.535  -29.505 0.0000000000
20368  -13.633  -60.767  -29.658 0.0000000000
136384  -12.508  -60.101  -30.021 0.0000000000
22462  -11.458  -58.756  -30.128 0.0000000000
22443  -12.702  -58.504  -29.449 0.0000000000
139294  -12.455  -57.639  -28.986 0.0000000000
24481  -13.098  -56.145  -28.782 0.0000000000
26521  -15.072  -53.749  -32.017 0.0000000000
26502  -14.573  -54.125  -31.258 0.0000000000
27474  -14.711  -53.858  -33.018 0.0000000000
26551  -12.401  -54.220  -34.492 0.0000000000
28426  -11.486  -52.826  -35.088 0.0000000000
27528  -12.653  -53.277  -36.424 0.0000000000
36292  -30.876  -43.902  -16.264 0.0000000000
35149  -31.329  -44.927  -17.734 0.0000000000
34060  -31.118  -45.834  -19.033 0.0000000000
34086  -31.409  -46.483  -19.504 0.0000000000
137700  -8.755  -63.631  -10.486 0.0000000000
15985  -7.671  -64.302  -11.192 0.0000000000
16990  -8.196  -63.471  -11.997 0.0000000000
16991  -8.822  -63.778  -12.596 0.0000000000
16032  -10.599  -64.472  -13.895 0.0000000000
16033  -11.360  -64.633  -14.619 0.0000000000
136460  -12.136  -64.927  -16.481 0.0000000000
14967  -12.016  -65.394  -15.767 0.0000000000
13946  -11.757  -66.154  -15.629 0.0000000000
13960  -12.174  -66.438  -16.628 0.0000000000
145250  -10.039  -66.719  -14.893 0.0000000000
13959  -11.363  -66.810  -16.132 0.0000000000
136617  -12.193  -67.889  -16.821 0.0000000000
12002  -11.939  -68.589  -16.604 0.0000000000
133637  -12.305  -70.135  -16.540 0.0000000000
10237  -12.178  -70.923  -16.143 0.0000000000
1279  -18.986  -85.088  -16.242 0.0000000000
1648  -18.497  -84.371  -16.102 0.0000000000
2074  -18.492  -83.557  -16.837 0.0000000000
2082  -18.150  -82.549  -18.012 0.0000000000
2540  -16.829  -82.231  -18.298 0.0000000000
1299  -16.518  -84.882  -18.688 0.0000000000
1670  -16.328  -83.941  -18.537 0.0000000000
1661  -15.293  -83.877  -18.205 0.0000000000
1660  -14.246  -84.305  -18.007 0.0000000000
1287  -13.122  -86.251  -17.543 0.0000000000
993  -12.745  -86.592  -18.197 0.0000000000
1321  -13.844  -85.624  -19.958 0.0000000000
1000  -13.763  -86.969  -18.690 0.0000000000
134003  -15.371  -87.068  -20.171 0.0000000000
750  -15.488  -87.174  -20.820 0.0000000000
502  -14.944  -88.396  -19.624 0.0000000000
511  -15.084  -88.029  -20.417 0.0000000000
749  -15.046  -87.627  -21.250 0.0000000000
126342  -13.923  -87.871  -21.594 0.0000000000
748  -12.553  -87.922  -21.650 0.0000000000
754  -10.673  -87.384  -22.098 0.0000000000
753  -10.108  -87.426  -22.242 0.0000000000
746  -10.323  -88.081  -21.791 0.0000000000
529  -9.952  -88.824  -22.321 0.0000000000
301  -10.290  -89.167  -22.947 0.0000000000
134  -11.271  -90.063  -20.644 0.0000000000
144922  -11.212  -90.119  -21.615 0.0000000000
129232  -11.931  -89.496  -23.257 0.0000000000
303  -13.097  -89.747  -23.405 0.0000000000
304  -14.037  -89.995  -23.690 0.0000000000
23466  -6.760  -57.543  -27.275 0.0000000000
24455  -6.736  -56.976  -26.604 0.0000000000
25460  -6.869  -55.309  -25.842 0.0000000000
27416  -7.604  -53.517  -26.608 0.0000000000
28351  -8.038  -52.767  -26.574 0.0000000000
29240  -8.498  -52.200  -26.387 0.0000000000
30220  -9.579  -51.267  -26.064 0.0000000000
126073  -8.958  -52.352  -26.610 0.0000000000
29255  -9.370  -53.055  -27.361 0.0000000000
29264  -9.858  -53.053  -28.528 0.0000000000
27437  -8.634  -54.218  -29.126 0.0000000000
28380  -9.513  -53.098  -29.217 0.0000000000
126417  -10.240  -52.232  -29.416 0.0000000000
28387  -10.270  -52.422  -29.901 0.0000000000
28388  -10.707  -52.475  -30.465 0.0000000000
13344  -11.701  -67.580  -47.638 0.0000000000
13329  -10.416  -66.974  -47.361 0.0000000000
15382  -11.147  -65.058  -47.092 0.0000000000
16412  -10.847  -64.219  -46.055 0.0000000000
16443  -12.478  -64.141  -47.086 0.0000000000
17462  -11.988  -63.536  -46.230 0.0000000000
16399  -11.496  -64.407  -45.463 0.0000000000
13291  -13.358  -67.231  -43.096 0.0000000000
3252  -23.951  -82.135  -45.286 0.0000000000
3709  -23.266  -81.353  -45.437 0.0000000000
4274  -21.753  -79.524  -45.465 0.0000000000
4861  -21.230  -78.031  -45.805 0.0000000000
4849  -21.590  -78.668  -44.369 0.0000000000
136589  -21.243  -77.889  -44.839 0.0000000000
5464  -21.414  -77.403  -46.194 0.0000000000
6130  -22.178  -76.567  -46.572 0.0000000000
5465  -23.420  -77.045  -46.985 0.0000000000
4870  -24.870  -78.479  -46.744 0.0000000000
35183  -26.627  -45.903  -19.569 0.0000000000
34081  -25.668  -46.852  -20.228 0.0000000000
34102  -25.109  -47.488  -20.851 0.0000000000
33078  -25.254  -47.710  -21.317 0.0000000000
33096  -26.068  -48.641  -22.137 0.0000000000
34126  -25.559  -47.902  -21.627 0.0000000000
35229  -27.174  -46.315  -21.433 0.0000000000
34152  -30.199  -46.489  -22.884 0.0000000000
6733  -12.551  -76.013  -44.952 0.0000000000
6719  -13.117  -75.393  -44.503 0.0000000000
7400  -13.723  -74.824  -43.983 0.0000000000
7417  -14.893  -74.633  -45.200 0.0000000000
138259  -14.527  -74.865  -44.697 0.0000000000
7387  -14.367  -74.497  -43.690 0.0000000000
124353  -15.041  -74.495  -43.611 0.0000000000
140156  -15.625  -74.143  -42.949 0.0000000000
7373  -17.082  -74.092  -42.616 0.0000000000
6170  -22.787  -75.175  -52.160 0.0000000000
6795  -22.531  -74.550  -52.429 0.0000000000
6798  -22.784  -74.114  -53.074 0.0000000000
7497  -22.640  -73.598  -53.537 0.0000000000
8211  -22.933  -73.168  -54.121 0.0000000000
140434  -24.431  -72.883  -54.253 0.0000000000
134469  -23.484  -72.646  -54.430 0.0000000000
9010  -22.840  -72.412  -54.408 0.0000000000
136297  -23.101  -71.326  -54.609 0.0000000000
10642  -23.546  -69.963  -54.383 0.0000000000
11502  -22.997  -69.317  -53.584 0.0000000000
44609  -23.601  -36.268  -23.752 0.0000000000
42617  -26.337  -37.907  -24.784 0.0000000000
26333  -31.158  -55.948  -19.002 0.0000000000
25338  -30.809  -55.346  -20.232 0.0000000000
26347  -22.590  -54.476  -19.008 0.0000000000
28263  -20.540  -52.189  -18.107 0.0000000000
135020  -20.307  -50.249  -16.988 0.0000000000
30121  -19.293  -50.330  -16.802 0.0000000000
30114  -19.361  -49.372  -16.614 0.0000000000
30122  -20.092  -49.575  -16.846 0.0000000000
32082  -19.567  -48.664  -17.391 0.0000000000
32090  -18.816  -48.521  -17.920 0.0000000000
32100  -18.041  -48.475  -18.774 0.0000000000
33077  -17.550  -48.178  -19.599 0.0000000000
33065  -17.189  -48.046  -18.773 0.0000000000
33064  -16.222  -47.661  -19.411 0.0000000000
133518  -14.634  -46.961  -19.360 0.0000000000
33040  -15.333  -47.684  -17.601 0.0000000000
33048  -13.963  -46.812  -18.871 0.0000000000
33062  -13.781  -46.801  -19.941 0.0000000000
129546  -9.871  -58.017  -12.469 0.0000000000
23240  -10.585  -57.615  -12.766 0.0000000000
128821  -8.586  -57.231  -13.136 0.0000000000
145568  -8.410  -56.683  -13.773 0.0000000000
25266  -8.244  -55.544  -14.697 0.0000000000
23280  -6.477  -56.847  -15.013 0.0000000000
145677  -6.784  -55.771  -15.036 0.0000000000
26277  -7.560  -54.809  -14.945 0.0000000000
26292  -6.857  -54.148  -15.294 0.0000000000
27275  -6.944  -53.250  -15.468 0.0000000000
27274  -6.316  -52.627  -16.060 0.0000000000
28232  -6.240  -52.086  -16.972 0.0000000000
2928  -8.694  -82.115  -9.871 0.0000000000
3395  -8.580  -80.466  -10.898 0.0000000000
3403  -8.050  -79.655  -11.665 0.0000000000
3418  -9.837  -80.584  -12.770 0.0000000000
129339  -7.924  -80.415  -13.687 0.0000000000
3912  -7.716  -79.352  -12.523 0.0000000000
4497  -7.659  -79.417  -13.378 0.0000000000
150426  -8.351  -79.011  -14.975 0.0000000000
4528  -9.390  -78.052  -15.340 0.0000000000
5737  -8.482  -77.209  -15.892 0.0000000000
4536  -7.802  -78.834  -17.147 0.0000000000
4546  -7.331  -78.563  -17.917 0.0000000000
4554  -7.249  -78.224  -18.576 0.0000000000
129289  -7.411  -81.715  -17.963 0.0000000000
138832  -7.167  -80.144  -19.149 0.0000000000
131571  -7.172  -78.997  -19.077 0.0000000000
136896  -7.360  -78.461  -20.557 0.0000000000
4565  -7.429  -78.933  -21.385 0.0000000000
4570  -7.541  -78.234  -22.261 0.0000000000
3527  -14.143  -80.371  -26.417 0.0000000000
4074  -14.038  -79.496  -27.015 0.0000000000
3559  -12.708  -80.092  -27.516 0.0000000000
4090  -12.528  -79.443  -28.161 0.0000000000
4102  -10.979  -79.179  -29.077 0.0000000000
4087  -9.289  -79.515  -27.514 0.0000000000
4101  -9.769  -78.941  -28.839 0.0000000000
4668  -10.495  -78.490  -29.583 0.0000000000
65  -8.703  -90.234  -28.160 0.0000000000
158  -8.264  -90.053  -28.137 0.0000000000
77  -8.711  -90.588  -28.471 0.0000000000
86  -8.287  -90.585  -29.547 0.0000000000
103  -7.999  -90.438  -30.998 0.0000000000
95  -9.618  -91.045  -31.096 0.0000000000
208  -8.937  -90.204  -32.532 0.0000000000
136136  -22.298  -87.136  -33.180 0.0000000000
143204  -22.141  -88.169  -33.181 0.0000000000
819  -21.161  -86.833  -31.398 0.0000000000
1099  -20.596  -86.259  -30.820 0.0000000000
1090  -18.743  -86.380  -30.581 0.0000000000
1807  -18.525  -84.377  -31.071 0.0000000000
1429  -18.325  -85.149  -30.729 0.0000000000
1428  -17.512  -85.642  -30.916 0.0000000000
1440  -16.946  -85.169  -31.529 0.0000000000
1835  -16.596  -84.612  -32.986 0.0000000000
1473  -16.815  -84.980  -33.966 0.0000000000
1489  -16.687  -85.315  -34.713 0.0000000000
1140  -18.029  -86.159  -35.371 0.0000000000
1151  -18.198  -86.699  -36.037 0.0000000000
144085  -18.130  -84.976  -36.725 0.0000000000
1515  -18.222  -86.085  -36.924 0.0000000000
124793  -18.167  -86.653  -37.806 0.0000000000
1171  -18.417  -86.709  -38.801 0.0000000000
132485  -19.825  -86.194  -40.211 0.0000000000
1534  -20.770  -86.071  -40.489 0.0000000000
1535  -21.666  -86.218  -40.717 0.0000000000
1886  -20.875  -85.056  -40.509 0.0000000000
129897  -22.094  -84.174  -40.556 0.0000000000
142787  -22.282  -83.287  -40.551 0.0000000000
138988  -20.574  -83.110  -40.510 0.0000000000
2759  -22.977  -82.874  -40.391 0.0000000000
3219  -23.361  -82.130  -40.128 0.0000000000
3664  -23.926  -80.879  -39.357 0.0000000000
124354  -30.412  -52.545  -20.274 0.0000000000
28301  -31.023  -52.175  -20.076 0.0000000000
28300  -30.673  -52.321  -20.081 0.0000000000
27373  -30.166  -53.214  -21.573 0.0000000000
43568  -11.976  -37.314  -22.491 0.0000000000
124539  -12.475  -37.288  -23.385 0.0000000000
42608  -12.803  -37.713  -24.337 0.0000000000
132688  -13.190  -45.014  -28.471 0.0000000000
138665  -13.345  -44.955  -29.402 0.0000000000
36510  -13.709  -44.392  -30.160 0.0000000000
37674  -14.909  -43.438  -30.982 0.0000000000
36525  -15.148  -44.166  -31.940 0.0000000000
37696  -15.392  -43.814  -31.246 0.0000000000
134688  -8.168  -65.055  -40.254 0.0000000000
134722  -7.996  -66.643  -38.977 0.0000000000
14218  -7.993  -65.844  -38.402 0.0000000000
14214  -7.981  -66.397  -37.600 0.0000000000
13214  -8.872  -67.502  -36.190 0.0000000000
15231  -7.727  -65.273  -35.607 0.0000000000
138385  -7.705  -66.191  -35.787 0.0000000000
14208  -9.133  -67.371  -35.294 0.0000000000
13182  -9.026  -67.118  -33.957 0.0000000000
13166  -8.389  -67.122  -32.646 0.0000000000
13152  -7.830  -67.032  -31.780 0.0000000000
137453  -7.521  -66.922  -30.918 0.0000000000
14153  -7.752  -66.326  -31.443 0.0000000000
15177  -7.395  -64.897  -30.136 0.0000000000
129323  -7.561  -64.073  -29.515 0.0000000000
17238  -7.683  -62.857  -30.765 0.0000000000
17225  -7.730  -63.003  -30.090 0.0000000000
16222  -8.355  -63.723  -29.192 0.0000000000
16223  -9.185  -63.955  -29.374 0.0000000000
133418  -10.558  -64.783  -30.313 0.0000000000
15179  -11.415  -65.331  -30.282 0.0000000000
22485  -15.264  -59.065  -33.607 0.0000000000
21479  -15.753  -59.727  -33.439 0.0000000000
19333  -15.000  -60.892  -33.382 0.0000000000
19334  -15.517  -61.640  -33.311 0.0000000000
18292  -15.887  -62.621  -33.172 0.0000000000
18293  -16.816  -62.693  -32.702 0.0000000000
18294  -17.656  -62.760  -32.190 0.0000000000
17242  -18.408  -63.123  -30.948 0.0000000000
20384  -18.917  -60.795  -30.402 0.0000000000
19294  -18.536  -61.538  -30.153 0.0000000000
18265  -18.239  -62.295  -29.965 0.0000000000
20372  -17.430  -60.927  -29.551 0.0000000000
21437  -16.333  -59.903  -29.410 0.0000000000
129901  -15.596  -59.152  -29.396 0.0000000000
22445  -15.052  -58.428  -29.377 0.0000000000
23492  -15.837  -57.014  -29.397 0.0000000000
25500  -16.035  -55.476  -29.662 0.0000000000
25518  -15.614  -54.780  -29.956 0.0000000000
25520  -17.694  -55.111  -30.038 0.0000000000
35162  -27.572  -44.916  -18.881 0.0000000000
33080  -26.514  -48.422  -21.275 0.0000000000
32114  -26.814  -49.355  -21.766 0.0000000000
40498  -25.916  -40.584  -19.543 0.0000000000
40534  -28.066  -40.342  -22.212 0.0000000000
40512  -28.091  -40.473  -21.101 0.0000000000
43575  -23.162  -36.488  -23.560 0.0000000000
43635  -20.837  -37.502  -25.731 0.0000000000
42672  -20.103  -38.153  -26.899 0.0000000000
28243  -18.635  -52.723  -17.274 0.0000000000
28233  -18.039  -52.398  -16.616 0.0000000000
28226  -17.507  -51.983  -16.077 0.0000000000
132812  -16.859  -51.689  -15.590 0.0000000000
130810  -12.710  -60.014  -12.517 0.0000000000
21168  -11.602  -59.548  -11.789 0.0000000000
15987  -12.032  -64.382  -11.617 0.0000000000
16982  -12.114  -63.205  -11.476 0.0000000000
18010  -11.972  -62.146  -11.032 0.0000000000
19028  -10.066  -61.992  -10.921 0.0000000000
19042  -10.951  -61.382  -10.908 0.0000000000
19044  -12.194  -61.453  -11.361 0.0000000000
130345  -11.926  -60.715  -11.327 0.0000000000
21167  -11.149  -59.550  -11.652 0.0000000000
143048  -10.077  -58.608  -12.248 0.0000000000
22196  -8.371  -58.613  -12.695 0.0000000000
22216  -7.634  -58.758  -13.009 0.0000000000
21204  -6.848  -59.072  -13.712 0.0000000000
19084  -7.516  -60.778  -14.577 0.0000000000
20160  -7.107  -60.428  -14.343 0.0000000000
20183  -6.835  -60.458  -14.643 0.0000000000
20199  -6.639  -60.887  -15.256 0.0000000000
133905  -6.551  -62.268  -16.504 0.0000000000
18104  -6.475  -62.841  -17.120 0.0000000000
130658  -6.478  -64.244  -17.517 0.0000000000
14996  -8.447  -65.756  -17.041 0.0000000000
13976  -7.999  -66.603  -16.949 0.0000000000
137481  -7.503  -69.123  -18.149 0.0000000000
10255  -7.844  -70.508  -18.433 0.0000000000
9424  -7.667  -71.981  -18.768 0.0000000000
16085  -11.702  -64.516  -17.463 0.0000000000
15014  -11.627  -65.488  -18.391 0.0000000000
138407  -10.762  -66.898  -18.620 0.0000000000
12023  -12.435  -68.778  -18.499 0.0000000000
12022  -11.212  -68.498  -18.671 0.0000000000
11118  -9.570  -69.557  -18.542 0.0000000000
8561  -8.549  -72.319  -18.675 0.0000000000
7835  -8.263  -73.623  -19.527 0.0000000000
7847  -8.672  -74.224  -19.921 0.0000000000
7131  -9.417  -74.534  -21.001 0.0000000000
7104  -10.798  -74.427  -19.597 0.0000000000
7133  -11.527  -74.244  -21.382 0.0000000000
128779  -13.244  -73.520  -22.944 0.0000000000
7887  -14.042  -73.347  -23.375 0.0000000000
2061  -18.057  -83.449  -16.030 0.0000000000
132044  -17.461  -83.464  -15.123 0.0000000000
2974  -15.827  -81.494  -16.251 0.0000000000
129646  -16.053  -81.945  -14.876 0.0000000000
2529  -11.362  -82.229  -17.504 0.0000000000
2996  -12.777  -80.771  -17.472 0.0000000000
3961  -12.948  -79.778  -17.563 0.0000000000
3481  -13.774  -80.153  -18.632 0.0000000000
3980  -14.604  -79.783  -19.636 0.0000000000
3491  -15.179  -79.955  -20.050 0.0000000000
150978  -14.738  -81.629  -20.450 0.0000000000
3021  -15.783  -80.409  -20.668 0.0000000000
4009  -16.084  -79.471  -21.538 0.0000000000
4030  -16.235  -79.215  -22.330 0.0000000000
4057  -16.366  -78.992  -23.951 0.0000000000
3528  -15.634  -80.008  -25.464 0.0000000000
1692  -15.465  -84.902  -20.903 0.0000000000
143676  -16.135  -84.390  -21.513 0.0000000000
144136  -16.602  -83.416  -22.185 0.0000000000
1720  -15.795  -84.634  -23.124 0.0000000000
2142  -16.106  -83.185  -23.427 0.0000000000
2587  -16.652  -82.444  -23.081 0.0000000000
3050  -16.088  -81.187  -24.291 0.0000000000
3064  -15.642  -80.775  -25.029 0.0000000000
3063  -14.803  -80.894  -25.581 0.0000000000
3062  -13.680  -81.368  -25.834 0.0000000000
3061  -12.643  -81.689  -25.897 0.0000000000
3059  -10.778  -81.628  -25.540 0.0000000000
143543  -11.774  -82.424  -24.698 0.0000000000
3045  -10.465  -81.930  -24.774 0.0000000000
3058  -9.683  -81.393  -25.005 0.0000000000
3057  -8.332  -81.406  -24.841 0.0000000000
3043  -8.218  -81.833  -24.837 0.0000000000
2156  -7.972  -83.317  -25.772 0.0000000000
2155  -7.051  -83.905  -24.960 0.0000000000
1735  -6.796  -84.603  -25.340 0.0000000000
1349  -7.558  -84.938  -23.773 0.0000000000
1051  -7.527  -85.582  -24.561 0.0000000000
548  -7.882  -87.385  -26.481 0.0000000000
555  -8.057  -88.345  -26.842 0.0000000000
752  -9.915  -87.453  -22.579 0.0000000000
145082  -10.424  -85.931  -25.599 0.0000000000
780  -11.219  -86.845  -25.529 0.0000000000
124626  -10.433  -85.943  -26.590 0.0000000000
785  -9.135  -86.506  -27.374 0.0000000000
793  -8.895  -87.660  -27.840 0.0000000000
562  -8.619  -88.776  -27.464 0.0000000000
327  -9.092  -89.724  -27.935 0.0000000000
159  -9.777  -90.510  -27.733 0.0000000000
79  -10.304  -91.332  -28.026 0.0000000000
153  -11.092  -89.973  -27.158 0.0000000000
68  -10.920  -91.020  -27.122 0.0000000000
17  -10.841  -91.516  -28.488 0.0000000000
96  -11.509  -91.250  -29.547 0.0000000000
97  -11.570  -91.047  -30.490 0.0000000000
187  -12.100  -90.182  -30.697 0.0000000000
1393  -23.332  -85.631  -27.691 0.0000000000
1084  -24.299  -86.858  -29.516 0.0000000000
811  -24.575  -87.964  -30.630 0.0000000000
125358  -24.298  -86.179  -31.298 0.0000000000
1101  -24.518  -87.289  -31.403 0.0000000000
820  -24.632  -88.134  -31.496 0.0000000000
593  -24.680  -88.334  -32.437 0.0000000000
608  -24.122  -88.726  -33.826 0.0000000000
607  -23.463  -88.520  -34.317 0.0000000000
1120  -25.517  -86.599  -34.720 0.0000000000
860  -25.167  -87.198  -35.658 0.0000000000
850  -25.018  -87.885  -35.127 0.0000000000
618  -24.334  -88.155  -35.151 0.0000000000
147880  -23.204  -87.644  -35.106 0.0000000000
127418  -22.673  -87.230  -34.375 0.0000000000
1117  -21.947  -85.931  -33.051 0.0000000000
132242  -21.440  -84.769  -32.824 0.0000000000
1838  -21.150  -83.790  -32.772 0.0000000000
1823  -20.502  -83.811  -31.995 0.0000000000
3176  -19.263  -81.722  -35.326 0.0000000000
36394  -9.012  -44.541  -22.627 0.0000000000
37554  -9.484  -43.828  -22.799 0.0000000000
37555  -9.858  -42.966  -22.963 0.0000000000
140261  -9.976  -43.755  -23.608 0.0000000000
36415  -10.119  -44.399  -24.200 0.0000000000
35273  -10.940  -44.925  -25.315 0.0000000000
34197  -10.539  -46.607  -25.562 0.0000000000
35286  -10.717  -45.757  -25.398 0.0000000000
140186  -11.908  -44.660  -25.433 0.0000000000
35288  -12.833  -45.178  -25.721 0.0000000000
130065  -13.133  -45.868  -25.974 0.0000000000
34208  -13.446  -46.090  -26.499 0.0000000000
31210  -10.496  -50.420  -25.930 0.0000000000
31201  -10.577  -49.441  -26.061 0.0000000000
30214  -11.989  -51.208  -26.354 0.0000000000
31203  -12.410  -50.259  -26.288 0.0000000000
149055  -12.675  -48.318  -26.277 0.0000000000
33173  -13.267  -47.720  -26.450 0.0000000000
130928  -13.708  -46.851  -26.733 0.0000000000
128349  -13.611  -46.243  -27.349 0.0000000000
34226  -13.681  -46.275  -28.524 0.0000000000
34244  -13.854  -46.326  -29.908 0.0000000000
32225  -14.452  -48.398  -29.775 0.0000000000
34261  -13.724  -46.522  -31.232 0.0000000000
34278  -13.998  -46.635  -32.211 0.0000000000
148664  -14.295  -46.993  -32.570 0.0000000000
9716  -7.900  -71.449  -42.300 0.0000000000
10547  -7.919  -70.710  -42.654 0.0000000000
11416  -7.990  -69.836  -44.403 0.0000000000
11406  -7.866  -69.919  -42.950 0.0000000000
11396  -7.678  -69.444  -42.149 0.0000000000
12321  -7.677  -68.653  -42.081 0.0000000000
12309  -7.714  -67.775  -41.885 0.0000000000
145948  -7.908  -66.054  -41.474 0.0000000000
13312  -9.563  -66.856  -46.630 0.0000000000
14304  -8.960  -66.079  -45.428 0.0000000000
14287  -8.549  -65.936  -44.728 0.0000000000
14288  -9.835  -66.459  -44.603 0.0000000000
147602  -9.073  -65.498  -44.248 0.0000000000
14269  -8.241  -65.779  -44.057 0.0000000000
15271  -8.184  -65.352  -43.022 0.0000000000
15262  -8.741  -64.561  -41.753 0.0000000000
14238  -8.226  -65.102  -41.218 0.0000000000
16348  -9.073  -63.940  -40.038 0.0000000000
16330  -9.309  -64.091  -38.938 0.0000000000
16314  -10.154  -64.973  -37.683 0.0000000000
14225  -10.695  -66.087  -38.930 0.0000000000
15241  -11.098  -65.568  -36.996 0.0000000000
16297  -10.447  -64.869  -36.671 0.0000000000
16289  -10.579  -64.428  -36.531 0.0000000000
18358  -10.247  -63.237  -36.486 0.0000000000
19398  -8.973  -61.753  -36.301 0.0000000000
2813  -20.119  -82.075  -47.793 0.0000000000
2814  -20.524  -81.919  -48.087 0.0000000000
3279  -20.189  -81.079  -49.093 0.0000000000
3283  -20.760  -80.212  -49.705 0.0000000000
4309  -20.851  -78.346  -50.126 0.0000000000
4908  -21.975  -77.186  -50.887 0.0000000000
3715  -22.354  -81.000  -46.768 0.0000000000
3714  -21.694  -80.098  -47.309 0.0000000000
134042  -21.507  -79.834  -48.130 0.0000000000
4877  -21.433  -78.027  -47.836 0.0000000000
4297  -21.428  -78.918  -48.486 0.0000000000
137706  -21.372  -79.155  -49.439 0.0000000000
4902  -21.646  -77.725  -49.974 0.0000000000
4909  -22.527  -77.219  -51.041 0.0000000000
5509  -22.687  -76.751  -51.483 0.0000000000
6168  -23.384  -76.088  -51.614 0.0000000000
6794  -23.568  -75.642  -51.588 0.0000000000
149486  -23.934  -74.746  -51.499 0.0000000000
6161  -24.286  -76.248  -50.680 0.0000000000
7468  -24.356  -74.657  -50.958 0.0000000000
7482  -24.650  -74.227  -51.750 0.0000000000
7456  -27.020  -74.590  -50.778 0.0000000000
125672  -28.291  -74.834  -51.070 0.0000000000
6105  -24.006  -75.735  -44.881 0.0000000000
5440  -24.522  -76.837  -45.402 0.0000000000
5453  -24.626  -77.769  -46.021 0.0000000000
4291  -26.029  -79.292  -47.648 0.0000000000
36325  -25.589  -44.489  -19.056 0.0000000000
35181  -24.201  -46.269  -20.101 0.0000000000
38522  -25.512  -42.952  -20.464 0.0000000000
38534  -28.692  -42.615  -21.362 0.0000000000
38548  -28.875  -42.466  -22.218 0.0000000000
37559  -29.443  -43.912  -21.975 0.0000000000
37558  -29.131  -43.182  -22.615 0.0000000000
1655  -19.342  -84.917  -16.900 0.0000000000
1664  -19.863  -84.798  -18.183 0.0000000000
1672  -19.479  -84.249  -18.828 0.0000000000
1684  -20.036  -85.084  -19.772 0.0000000000
1313  -18.723  -85.510  -20.142 0.0000000000
128552  -17.730  -86.676  -19.443 0.0000000000
734  -17.966  -87.681  -19.336 0.0000000000
497  -17.453  -89.369  -18.504 0.0000000000
144498  -16.461  -90.845  -18.505 0.0000000000
271  -17.861  -90.024  -18.848 0.0000000000
129  -18.168  -90.102  -19.380 0.0000000000
285  -18.065  -90.105  -19.873 0.0000000000
512  -19.636  -88.977  -20.695 0.0000000000
294  -19.237  -89.276  -20.570 0.0000000000
292  -17.330  -89.193  -21.409 0.0000000000
776  -17.903  -86.921  -24.134 0.0000000000
767  -19.921  -87.212  -23.262 0.0000000000
1054  -17.970  -86.589  -25.024 0.0000000000
20347  -6.872  -60.492  -26.284 0.0000000000
20361  -7.071  -60.789  -28.292 0.0000000000
20364  -7.261  -60.515  -29.162 0.0000000000
142886  -9.090  -71.890  -44.543 0.0000000000
8903  -9.432  -72.256  -45.032 0.0000000000
131936  -9.322  -70.937  -45.461 0.0000000000
10594  -9.965  -70.542  -46.633 0.0000000000
11465  -10.624  -69.515  -47.540 0.0000000000
11474  -11.244  -69.315  -47.793 0.0000000000
7415  -11.044  -74.245  -45.118 0.0000000000
8148  -11.294  -73.139  -45.722 0.0000000000
8916  -11.264  -72.401  -46.148 0.0000000000
8888  -12.795  -72.514  -44.171 0.0000000000
147877  -12.025  -71.913  -45.728 0.0000000000
9770  -11.567  -71.625  -46.455 0.0000000000
10602  -11.807  -70.808  -46.934 0.0000000000
11466  -11.897  -69.325  -47.619 0.0000000000
11476  -11.739  -68.374  -47.703 0.0000000000
12384  -12.082  -67.655  -47.262 0.0000000000
138890  -12.639  -66.936  -46.709 0.0000000000
13313  -13.378  -66.825  -46.418 0.0000000000
11432  -13.944  -68.656  -44.843 0.0000000000
13315  -14.742  -67.356  -46.862 0.0000000000
13332  -15.208  -67.304  -48.110 0.0000000000
6791  -22.229  -74.986  -51.857 0.0000000000
7480  -21.966  -74.107  -51.772 0.0000000000
8192  -20.588  -73.394  -51.138 0.0000000000
8198  -21.000  -72.756  -51.739 0.0000000000
7478  -19.477  -73.582  -51.135 0.0000000000
7477  -18.449  -73.905  -51.417 0.0000000000
7465  -18.108  -74.617  -51.083 0.0000000000
7476  -17.455  -73.730  -51.876 0.0000000000
8195  -17.551  -72.983  -52.325 0.0000000000
8993  -16.890  -72.259  -52.452 0.0000000000
137616  -18.197  -70.411  -53.028 0.0000000000
9812  -16.769  -70.602  -52.323 0.0000000000
9811  -16.324  -71.264  -52.081 0.0000000000
136887  -16.184  -70.457  -50.790 0.0000000000
9798  -16.673  -71.152  -50.523 0.0000000000
7495  -28.794  -73.807  -53.531 0.0000000000
8216  -28.260  -72.566  -54.171 0.0000000000
9822  -27.433  -72.030  -54.359 0.0000000000
9815  -26.961  -71.754  -53.501 0.0000000000
9820  -25.753  -71.060  -54.130 0.0000000000
10632  -25.093  -70.557  -53.970 0.0000000000
149181  -24.123  -69.982  -53.724 0.0000000000
130849  -23.047  -69.321  -53.148 0.0000000000
8978  -24.998  -72.319  -50.544 0.0000000000
8967  -24.125  -72.566  -49.192 0.0000000000
8977  -24.184  -72.229  -50.212 0.0000000000
9807  -24.491  -71.759  -51.221 0.0000000000
9806  -23.759  -71.119  -51.592 0.0000000000
10629  -22.922  -69.570  -52.578 0.0000000000
11496  -22.194  -69.263  -52.363 0.0000000000
11495  -21.404  -68.888  -52.243 0.0000000000
10621  -20.323  -69.334  -51.504 0.0000000000
10620  -19.467  -69.680  -51.411 0.0000000000
10607  -20.724  -70.953  -50.174 0.0000000000
9801  -19.708  -70.839  -50.553 0.0000000000
10612  -18.785  -70.385  -51.183 0.0000000000
9800  -18.622  -71.153  -50.659 0.0000000000
9788  -17.494  -71.853  -50.275 0.0000000000
8964  -16.569  -72.456  -49.603 0.0000000000
8178  -17.541  -73.504  -48.439 0.0000000000
8169  -18.051  -73.739  -47.712 0.0000000000
7433  -18.084  -74.104  -46.237 0.0000000000
132975  -19.288  -73.753  -46.910 0.0000000000
7420  -17.605  -74.143  -45.476 0.0000000000
7404  -17.768  -74.544  -43.935 0.0000000000
7374  -17.912  -74.143  -42.634 0.0000000000
8115  -17.625  -73.551  -42.343 0.0000000000
8876  -21.149  -72.727  -42.763 0.0000000000
8117  -19.883  -73.303  -42.361 0.0000000000
136330  -19.131  -73.044  -42.130 0.0000000000
8862  -18.280  -72.931  -42.126 0.0000000000
141234  -17.258  -72.714  -42.273 0.0000000000
9740  -17.257  -71.602  -42.685 0.0000000000
10564  -16.950  -70.664  -43.564 0.0000000000
130909  -32.044  -46.140  -14.037 0.0000000000
32050  -32.333  -48.066  -14.264 0.0000000000
142030  -32.467  -48.273  -15.055 0.0000000000
32059  -32.456  -49.184  -14.381 0.0000000000
32060  -32.500  -48.957  -15.564 0.0000000000
31118  -32.483  -49.570  -16.206 0.0000000000
29161  -32.311  -51.517  -17.729 0.0000000000
29160  -32.150  -52.095  -18.322 0.0000000000
139696  -32.540  -52.995  -16.441 0.0000000000
29147  -32.637  -52.358  -16.368 0.0000000000
29148  -32.657  -52.017  -16.949 0.0000000000
28255  -32.516  -52.393  -17.607 0.0000000000
28286  -31.639  -52.979  -19.085 0.0000000000
27370  -27.214  -53.679  -20.960 0.0000000000
27319  -27.569  -52.559  -18.536 0.0000000000
26327  -23.270  -53.839  -18.417 0.0000000000
27315  -23.826  -53.204  -17.710 0.0000000000
27316  -24.672  -53.221  -17.751 0.0000000000
28247  -23.273  -51.590  -17.482 0.0000000000
27298  -24.349  -52.449  -17.509 0.0000000000
27317  -25.510  -53.190  -17.936 0.0000000000
27300  -25.886  -52.582  -18.001 0.0000000000
28264  -26.672  -52.314  -18.359 0.0000000000
28265  -27.783  -51.933  -18.668 0.0000000000
29168  -26.159  -51.911  -18.699 0.0000000000
29167  -25.189  -51.729  -18.510 0.0000000000
28281  -24.856  -51.875  -19.062 0.0000000000
29165  -22.977  -51.007  -18.962 0.0000000000
28280  -23.879  -51.937  -19.433 0.0000000000
28294  -23.418  -52.745  -20.362 0.0000000000
27282  -17.019  -53.763  -16.411 0.0000000000
27277  -16.905  -52.687  -16.026 0.0000000000
29122  -15.916  -50.433  -15.063 0.0000000000
24271  -10.897  -56.976  -13.180 0.0000000000
24272  -12.323  -56.710  -13.233 0.0000000000
24273  -12.926  -56.596  -13.253 0.0000000000
137564  -11.374  -54.810  -13.743 0.0000000000
25256  -12.340  -55.069  -13.251 0.0000000000
137383  -14.148  -52.459  -14.182 0.0000000000
126021  -13.136  -51.711  -13.464 0.0000000000
28209  -13.581  -52.036  -13.758 0.0000000000
29115  -14.172  -51.559  -14.312 0.0000000000
127972  -14.291  -50.765  -14.374 0.0000000000
30096  -15.099  -50.245  -14.726 0.0000000000
31089  -15.083  -49.560  -14.795 0.0000000000
31100  -13.832  -48.813  -14.996 0.0000000000
32055  -13.188  -48.243  -15.661 0.0000000000
33027  -12.352  -47.202  -16.869 0.0000000000
32053  -11.257  -48.306  -15.854 0.0000000000
32063  -11.029  -47.487  -16.843 0.0000000000
124140  -11.064  -46.956  -17.758 0.0000000000
4454  -7.596  -78.140  -10.301 0.0000000000
10233  -7.838  -69.844  -15.741 0.0000000000
9363  -7.350  -71.666  -14.992 0.0000000000
9390  -8.247  -70.640  -15.740 0.0000000000
10234  -8.831  -69.971  -15.777 0.0000000000
10221  -10.417  -70.768  -15.604 0.0000000000
10222  -11.371  -71.057  -15.627 0.0000000000
8533  -12.155  -72.747  -15.726 0.0000000000
5751  -7.387  -76.166  -16.515 0.0000000000
6409  -7.445  -75.570  -16.509 0.0000000000
7063  -8.675  -74.747  -16.366 0.0000000000
5766  -9.544  -76.440  -17.629 0.0000000000
5753  -10.106  -76.231  -16.837 0.0000000000
7064  -10.081  -75.087  -15.862 0.0000000000
6393  -11.581  -75.009  -15.593 0.0000000000
7065  -12.294  -74.932  -15.958 0.0000000000
7807  -12.421  -73.209  -16.146 0.0000000000
6429  -13.546  -75.139  -17.611 0.0000000000
7094  -14.343  -75.004  -18.827 0.0000000000
7107  -14.540  -74.857  -19.578 0.0000000000
135407  -14.123  -76.259  -20.448 0.0000000000
134008  -14.851  -75.524  -20.528 0.0000000000
146747  -15.338  -74.802  -21.322 0.0000000000
145129  -15.455  -74.639  -22.082 0.0000000000
6485  -15.735  -74.574  -23.776 0.0000000000
134389  -12.229  -79.448  -18.813 0.0000000000
125679  -12.112  -79.519  -19.784 0.0000000000
3499  -10.766  -79.925  -21.099 0.0000000000
4027  -12.693  -79.525  -21.806 0.0000000000
4005  -11.575  -79.676  -21.651 0.0000000000
142780  -9.915  -80.064  -21.307 0.0000000000
3498  -9.332  -79.824  -21.836 0.0000000000
4024  -8.914  -79.259  -22.572 0.0000000000
4589  -7.900  -77.771  -23.362 0.0000000000
4653  -14.058  -78.212  -27.098 0.0000000000
4637  -13.956  -77.827  -26.675 0.0000000000
4626  -12.392  -77.916  -25.659 0.0000000000
5245  -11.819  -77.273  -28.077 0.0000000000
5224  -11.896  -77.704  -26.243 0.0000000000
4625  -11.503  -78.017  -25.370 0.0000000000
4610  -10.213  -78.067  -24.446 0.0000000000
4608  -8.412  -77.623  -23.936 0.0000000000
138341  -8.525  -76.862  -23.788 0.0000000000
5856  -10.197  -76.427  -23.690 0.0000000000
5871  -11.134  -76.318  -24.039 0.0000000000
5872  -12.023  -76.114  -24.424 0.0000000000
6512  -10.501  -75.490  -26.229 0.0000000000
6502  -12.364  -75.459  -25.795 0.0000000000
6493  -12.757  -75.760  -24.967 0.0000000000
128319  -14.488  -75.387  -25.459 0.0000000000
168  -7.763  -89.775  -28.778 0.0000000000
35  -15.952  -91.274  -19.241 0.0000000000
39  -15.339  -91.537  -20.168 0.0000000000
142039  -14.494  -91.732  -20.953 0.0000000000
44  -15.989  -91.182  -21.494 0.0000000000
43  -15.474  -91.583  -21.403 0.0000000000
47  -14.341  -91.712  -22.540 0.0000000000
50  -13.959  -91.395  -22.943 0.0000000000
144  -14.705  -90.754  -24.203 0.0000000000
311  -15.411  -89.815  -25.148 0.0000000000
55  -17.325  -91.253  -24.154 0.0000000000
11  -16.557  -91.624  -24.265 0.0000000000
54  -15.606  -91.563  -24.595 0.0000000000
148  -15.942  -90.350  -25.772 0.0000000000
315  -15.732  -89.232  -25.996 0.0000000000
142394  -15.622  -89.122  -26.556 0.0000000000
163  -14.232  -89.749  -27.882 0.0000000000
172  -15.427  -90.918  -28.298 0.0000000000
339  -14.394  -89.797  -28.454 0.0000000000
179  -13.535  -89.742  -28.604 0.0000000000
345  -13.483  -89.470  -29.524 0.0000000000
353  -13.157  -89.334  -30.455 0.0000000000
131121  -13.001  -88.996  -32.050 0.0000000000
1078  -23.419  -86.516  -27.677 0.0000000000
571  -23.782  -88.260  -28.086 0.0000000000
574  -23.363  -88.694  -28.231 0.0000000000
351  -23.353  -89.106  -29.483 0.0000000000
350  -22.645  -89.427  -29.504 0.0000000000
142375  -22.266  -89.408  -28.839 0.0000000000
592  -21.362  -88.719  -32.948 0.0000000000
389  -21.032  -89.326  -32.978 0.0000000000
388  -20.104  -89.645  -32.989 0.0000000000
589  -18.614  -88.350  -32.410 0.0000000000
590  -19.303  -88.723  -32.750 0.0000000000
110  -17.194  -90.809  -31.617 0.0000000000
200  -16.297  -90.647  -32.025 0.0000000000
150953  -15.850  -90.377  -32.241 0.0000000000
600  -15.791  -89.241  -33.367 0.0000000000
370  -15.295  -89.907  -32.860 0.0000000000
369  -13.747  -89.071  -32.504 0.0000000000
368  -12.810  -88.905  -32.891 0.0000000000
381  -12.148  -88.748  -33.277 0.0000000000
613  -12.349  -88.157  -34.364 0.0000000000
856  -12.075  -87.131  -34.961 0.0000000000
1470  -12.989  -85.527  -35.442 0.0000000000
1501  -12.518  -85.417  -36.653 0.0000000000
1505  -16.274  -85.548  -35.629 0.0000000000
865  -16.413  -87.354  -36.639 0.0000000000
875  -15.771  -88.119  -37.265 0.0000000000
634  -17.525  -88.694  -37.408 0.0000000000
633  -16.938  -88.939  -37.377 0.0000000000
2341  -23.054  -83.418  -44.596 0.0000000000
2342  -23.855  -83.204  -44.890 0.0000000000
2790  -24.114  -82.826  -45.081 0.0000000000
1536  -22.507  -86.008  -40.763 0.0000000000
1543  -23.642  -85.739  -41.135 0.0000000000
1549  -23.913  -85.647  -41.854 0.0000000000
1900  -25.045  -84.888  -41.025 0.0000000000
143969  -25.212  -84.847  -41.559 0.0000000000
1911  -24.397  -84.961  -42.632 0.0000000000
1927  -24.904  -84.172  -43.127 0.0000000000
2782  -24.760  -83.062  -44.283 0.0000000000
3253  -24.403  -82.628  -44.675 0.0000000000
3243  -24.153  -81.791  -44.198 0.0000000000
3696  -23.667  -80.837  -43.618 0.0000000000
3688  -23.932  -80.476  -42.738 0.0000000000
3236  -25.612  -81.741  -42.243 0.0000000000
3689  -24.779  -81.052  -42.451 0.0000000000
34035  -32.344  -46.226  -14.982 0.0000000000
35127  -32.393  -45.487  -15.789 0.0000000000
34043  -32.492  -45.882  -16.710 0.0000000000
130073  -32.559  -47.680  -16.822 0.0000000000
34054  -32.528  -46.190  -17.645 0.0000000000
34087  -32.245  -46.869  -19.310 0.0000000000
33066  -31.562  -47.186  -19.991 0.0000000000
29177  -31.462  -51.445  -20.396 0.0000000000
30141  -31.857  -50.765  -19.839 0.0000000000
30151  -32.160  -49.898  -20.070 0.0000000000
28310  -30.884  -51.830  -21.681 0.0000000000
30150  -31.674  -50.460  -20.796 0.0000000000
31141  -31.800  -49.484  -20.660 0.0000000000
32117  -31.752  -48.677  -20.574 0.0000000000
126418  -31.071  -48.339  -20.871 0.0000000000
33082  -30.664  -47.563  -20.508 0.0000000000
32130  -29.670  -49.066  -21.452 0.0000000000
29200  -29.018  -51.130  -22.795 0.0000000000
30174  -28.784  -50.621  -22.622 0.0000000000
143252  -18.186  -36.781  -25.700 0.0000000000
139377  -17.884  -36.255  -26.254 0.0000000000
45613  -16.666  -35.123  -25.540 0.0000000000
44638  -17.459  -35.867  -26.843 0.0000000000
44639  -18.275  -36.272  -26.928 0.0000000000
43643  -18.868  -36.815  -27.286 0.0000000000
140455  -18.558  -37.375  -27.557 0.0000000000
38566  -10.306  -42.168  -23.141 0.0000000000
38567  -10.823  -42.080  -23.856 0.0000000000
39570  -11.099  -41.275  -23.979 0.0000000000
38606  -11.825  -42.637  -25.012 0.0000000000
39582  -11.714  -41.211  -24.668 0.0000000000
41581  -12.794  -39.645  -25.231 0.0000000000
42633  -13.186  -38.553  -25.175 0.0000000000
36481  -13.151  -44.188  -28.196 0.0000000000
37626  -13.172  -43.177  -27.986 0.0000000000
38644  -13.469  -42.136  -28.364 0.0000000000
39670  -14.630  -41.250  -29.442 0.0000000000
39653  -13.973  -41.270  -28.789 0.0000000000
39611  -13.689  -40.827  -27.359 0.0000000000
40588  -13.756  -40.311  -26.884 0.0000000000
128705  -13.697  -39.171  -25.931 0.0000000000
42634  -13.987  -38.090  -25.814 0.0000000000
42635  -14.588  -38.053  -26.178 0.0000000000
43630  -15.140  -37.496  -26.244 0.0000000000
42655  -16.037  -37.393  -26.443 0.0000000000
41604  -16.096  -39.352  -26.378 0.0000000000
150483  -16.554  -38.640  -26.542 0.0000000000
42656  -17.306  -38.104  -26.976 0.0000000000
145965  -17.758  -38.549  -27.482 0.0000000000
41624  -18.271  -39.058  -27.665 0.0000000000
41625  -19.083  -39.052  -27.593 0.0000000000
134600  -19.512  -39.847  -27.461 0.0000000000
132167  -20.492  -40.150  -27.199 0.0000000000
13241  -8.247  -67.740  -38.837 0.0000000000
14086  -7.998  -66.265  -27.428 0.0000000000
146607  -7.402  -66.186  -23.871 0.0000000000
16174  -7.233  -64.546  -24.976 0.0000000000
17177  -7.857  -64.086  -25.820 0.0000000000
16186  -9.757  -64.735  -26.000 0.0000000000
17185  -8.439  -63.577  -26.391 0.0000000000
18230  -8.088  -63.018  -27.182 0.0000000000
19276  -8.096  -62.066  -28.336 0.0000000000
145337  -8.505  -61.424  -29.500 0.0000000000
20365  -8.732  -61.148  -30.175 0.0000000000
15274  -14.543  -66.366  -42.602 0.0000000000
16377  -14.252  -65.855  -41.810 0.0000000000
16364  -13.699  -65.876  -41.281 0.0000000000
17374  -12.469  -63.916  -41.063 0.0000000000
17353  -12.781  -64.106  -39.800 0.0000000000
17352  -12.301  -63.374  -39.146 0.0000000000
19453  -10.534  -61.018  -40.982 0.0000000000
18418  -10.859  -61.605  -40.295 0.0000000000
18402  -11.083  -61.979  -39.008 0.0000000000
19429  -10.320  -61.704  -38.368 0.0000000000
19416  -9.258  -61.617  -37.069 0.0000000000
19415  -8.783  -61.008  -36.804 0.0000000000
22575  -9.347  -58.061  -37.937 0.0000000000
23591  -9.944  -56.967  -35.031 0.0000000000
22557  -9.466  -57.753  -36.424 0.0000000000
133252  -9.259  -58.616  -37.347 0.0000000000
21561  -9.095  -59.491  -37.044 0.0000000000
21522  -9.181  -60.120  -35.906 0.0000000000
131013  -8.466  -60.762  -34.631 0.0000000000
20426  -8.511  -60.594  -33.699 0.0000000000
19332  -9.971  -61.540  -33.144 0.0000000000
18291  -10.306  -62.524  -32.774 0.0000000000
18308  -11.232  -62.994  -34.390 0.0000000000
17254  -10.862  -63.238  -33.515 0.0000000000
17248  -10.618  -63.442  -32.476 0.0000000000
145212  -11.487  -64.976  -31.992 0.0000000000
15194  -11.969  -65.471  -31.336 0.0000000000
15180  -12.474  -65.710  -30.242 0.0000000000
17249  -15.959  -63.765  -33.164 0.0000000000
16257  -15.733  -64.713  -33.147 0.0000000000
130461  -15.148  -65.605  -32.457 0.0000000000
133053  -16.973  -65.007  -30.458 0.0000000000
15198  -15.788  -65.630  -31.721 0.0000000000
15197  -14.420  -65.831  -32.042 0.0000000000
126409  -13.963  -65.876  -31.038 0.0000000000
15181  -13.510  -65.820  -30.108 0.0000000000
135682  -13.076  -65.812  -29.110 0.0000000000
15121  -14.066  -65.277  -27.789 0.0000000000
17202  -13.470  -63.956  -27.442 0.0000000000
18244  -12.067  -62.807  -27.833 0.0000000000
18252  -13.291  -62.577  -28.815 0.0000000000
18251  -12.376  -62.433  -28.754 0.0000000000
18250  -11.435  -62.228  -28.507 0.0000000000
134286  -10.209  -61.221  -29.699 0.0000000000
20366  -9.641  -60.984  -30.349 0.0000000000
21448  -8.413  -59.919  -31.127 0.0000000000
21462  -8.724  -59.030  -31.386 0.0000000000
22473  -9.013  -58.031  -31.344 0.0000000000
23503  -9.506  -57.315  -30.782 0.0000000000
22441  -10.982  -57.786  -29.491 0.0000000000
24496  -9.883  -56.660  -30.089 0.0000000000
25531  -9.165  -55.654  -30.341 0.0000000000
26497  -9.955  -54.614  -30.182 0.0000000000
27459  -10.613  -53.744  -30.701 0.0000000000
27450  -10.710  -53.057  -30.927 0.0000000000
23490  -13.918  -56.750  -29.101 0.0000000000
140831  -13.681  -55.684  -29.188 0.0000000000
25497  -12.730  -55.531  -29.027 0.0000000000
26501  -13.524  -54.397  -31.445 0.0000000000
26482  -12.969  -54.696  -30.610 0.0000000000
25533  -11.943  -54.644  -30.904 0.0000000000
26499  -11.603  -54.348  -31.871 0.0000000000
27460  -11.126  -53.415  -31.628 0.0000000000
29292  -11.611  -51.596  -31.246 0.0000000000
30284  -12.042  -51.136  -31.835 0.0000000000
30270  -12.213  -50.222  -31.540 0.0000000000
31287  -12.684  -49.760  -31.962 0.0000000000
31288  -13.308  -49.258  -32.369 0.0000000000
31289  -13.933  -48.849  -32.773 0.0000000000
32285  -14.730  -48.848  -32.972 0.0000000000
32286  -15.584  -48.958  -32.991 0.0000000000
0  -14.810  -91.852  -21.994 0.0000000000
1  -15.364  -91.733  -22.324 0.0000000000
5  -16.126  -91.607  -23.018 0.0000000000
8  -16.188  -91.683  -23.695 0.0000000000
10  -16.013  -91.697  -24.387 0.0000000000
13  -16.479  -91.648  -24.864 0.0000000000
14  -9.286  -91.129  -28.589 0.0000000000
19  -9.908  -91.426  -29.133 0.0000000000
20  -10.611  -91.482  -29.291 0.0000000000
21  -11.057  -91.501  -29.273 0.0000000000
22  -9.144  -91.054  -30.244 0.0000000000
23  -9.849  -91.131  -30.451 0.0000000000
24  -10.363  -91.307  -30.076 0.0000000000
27  -10.769  -91.189  -30.792 0.0000000000
29  -13.105  -90.904  -18.722 0.0000000000
30  -13.774  -90.738  -18.196 0.0000000000
36  -12.505  -91.214  -19.991 0.0000000000
38  -14.501  -91.605  -19.872 0.0000000000
42  -14.110  -91.741  -21.819 0.0000000000
46  -13.597  -91.519  -22.144 0.0000000000
48  -16.203  -91.350  -22.627 0.0000000000
51  -16.509  -91.424  -23.345 0.0000000000
52  -16.883  -91.274  -23.638 0.0000000000
57  -15.926  -91.291  -25.296 0.0000000000
64  -8.412  -90.211  -28.341 0.0000000000
66  -9.387  -90.625  -27.982 0.0000000000
67  -10.261  -90.991  -27.535 0.0000000000
69  -11.358  -91.021  -27.256 0.0000000000
70  -15.902  -91.238  -27.966 0.0000000000
72  -17.436  -91.302  -27.065 0.0000000000
74  -19.280  -90.658  -27.252 0.0000000000
75  -7.896  -90.128  -28.942 0.0000000000
76  -8.117  -90.486  -28.975 0.0000000000
78  -9.696  -91.066  -28.042 0.0000000000
82  -16.112  -91.247  -28.439 0.0000000000
83  -16.949  -91.209  -28.125 0.0000000000
87  -8.690  -90.949  -29.663 0.0000000000
88  -11.345  -91.385  -28.805 0.0000000000
90  -15.896  -90.881  -29.740 0.0000000000
94  -8.411  -90.693  -30.307 0.0000000000
99  -16.150  -90.741  -30.426 0.0000000000
100  -17.210  -90.705  -30.854 0.0000000000
104  -9.454  -90.936  -32.009 0.0000000000
105  -10.140  -91.149  -31.700 0.0000000000
109  -16.246  -90.690  -31.232 0.0000000000
116  -9.795  -90.336  -33.631 0.0000000000
117  -10.469  -90.316  -32.976 0.0000000000
119  -14.904  -90.331  -17.412 0.0000000000
120  -15.385  -90.287  -17.487 0.0000000000
121  -12.551  -90.382  -18.891 0.0000000000
124  -15.481  -90.663  -17.770 0.0000000000
126  -17.081  -90.417  -18.482 0.0000000000
127  -12.113  -90.463  -19.465 0.0000000000
133  -17.616  -90.397  -19.454 0.0000000000
137  -12.211  -90.762  -21.649 0.0000000000
141  -14.084  -90.973  -23.465 0.0000000000
145  -15.454  -91.036  -24.850 0.0000000000
151  -7.981  -89.764  -27.837 0.0000000000
152  -8.393  -89.810  -27.910 0.0000000000
157  -8.023  -89.811  -28.106 0.0000000000
161  -11.284  -90.707  -27.094 0.0000000000
162  -11.971  -90.491  -27.279 0.0000000000
169  -7.913  -90.068  -28.512 0.0000000000
170  -12.633  -90.316  -27.934 0.0000000000
171  -13.744  -89.814  -27.953 0.0000000000
196  -8.516  -90.241  -31.760 0.0000000000
197  -11.619  -90.111  -31.641 0.0000000000
198  -15.327  -89.922  -31.776 0.0000000000
199  -15.941  -90.577  -31.481 0.0000000000
210  -11.365  -89.777  -32.245 0.0000000000
212  -16.574  -90.484  -32.539 0.0000000000
213  -17.275  -90.551  -32.562 0.0000000000
217  -21.845  -89.984  -32.081 0.0000000000
221  -10.694  -89.911  -32.878 0.0000000000
222  -10.916  -89.992  -32.460 0.0000000000
223  -16.247  -90.161  -32.930 0.0000000000
224  -16.850  -90.143  -32.978 0.0000000000
262  -14.912  -89.918  -17.220 0.0000000000
269  -14.136  -89.935  -17.700 0.0000000000
270  -16.919  -89.955  -18.134 0.0000000000
275  -12.184  -90.068  -19.161 0.0000000000
276  -12.449  -90.044  -18.860 0.0000000000
283  -12.931  -89.557  -19.552 0.0000000000
286  -18.728  -89.778  -19.889 0.0000000000
291  -16.784  -89.816  -21.229 0.0000000000
293  -18.397  -89.647  -20.461 0.0000000000
295  -19.899  -88.895  -21.136 0.0000000000
297  -10.448  -89.436  -22.086 0.0000000000
298  -11.038  -89.686  -22.645 0.0000000000
302  -10.912  -89.266  -23.326 0.0000000000
310  -14.693  -89.329  -24.524 0.0000000000
314  -15.206  -88.583  -25.413 0.0000000000
318  -8.096  -89.092  -27.597 0.0000000000
321  -15.279  -88.721  -26.783 0.0000000000
326  -8.329  -89.598  -27.722 0.0000000000
334  -21.107  -89.824  -27.012 0.0000000000
342  -22.933  -89.134  -28.581 0.0000000000
348  -21.548  -89.552  -28.657 0.0000000000
357  -22.227  -89.730  -30.531 0.0000000000
358  -23.688  -89.119  -30.454 0.0000000000
360  -12.589  -89.400  -31.389 0.0000000000
362  -14.558  -89.297  -32.064 0.0000000000
365  -24.188  -88.938  -32.181 0.0000000000
372  -20.441  -89.968  -32.766 0.0000000000
375  -23.366  -89.337  -32.598 0.0000000000
386  -18.169  -89.799  -32.978 0.0000000000
387  -19.251  -89.544  -33.017 0.0000000000
396  -11.272  -88.972  -33.250 0.0000000000
485  -14.351  -87.884  -16.456 0.0000000000
489  -14.488  -88.340  -16.775 0.0000000000
496  -17.298  -88.377  -18.570 0.0000000000
504  -19.119  -89.137  -19.929 0.0000000000
509  -12.104  -89.163  -20.321 0.0000000000
516  -10.134  -88.682  -21.621 0.0000000000
517  -10.646  -88.667  -21.253 0.0000000000
524  -21.409  -88.761  -21.894 0.0000000000
528  -9.919  -88.143  -22.129 0.0000000000
530  -16.601  -89.326  -22.642 0.0000000000
544  -13.776  -88.069  -24.692 0.0000000000
557  -14.808  -87.851  -26.513 0.0000000000
570  -23.210  -88.403  -27.776 0.0000000000
573  -7.359  -88.543  -28.760 0.0000000000
575  -23.827  -88.508  -28.610 0.0000000000
576  -24.204  -88.350  -29.140 0.0000000000
582  -24.413  -88.475  -30.845 0.0000000000
585  -24.452  -88.555  -31.573 0.0000000000
588  -17.839  -88.389  -32.471 0.0000000000
591  -20.853  -88.262  -32.489 0.0000000000
597  -12.926  -88.623  -34.025 0.0000000000
599  -14.496  -88.792  -34.043 0.0000000000
604  -20.261  -89.012  -32.979 0.0000000000
606  -22.856  -88.587  -33.798 0.0000000000
614  -13.225  -88.354  -34.362 0.0000000000
616  -23.079  -87.907  -34.597 0.0000000000
617  -23.567  -88.052  -35.046 0.0000000000
632  -16.166  -88.973  -37.500 0.0000000000
638  -17.737  -88.850  -38.078 0.0000000000
643  -19.009  -87.808  -40.047 0.0000000000
716  -14.478  -87.809  -16.445 0.0000000000
721  -14.061  -87.762  -16.486 0.0000000000
732  -14.746  -88.275  -18.712 0.0000000000
747  -11.221  -87.998  -21.637 0.0000000000
755  -11.971  -87.346  -22.181 0.0000000000
756  -13.314  -87.320  -22.227 0.0000000000
757  -14.584  -87.206  -22.042 0.0000000000
759  -20.511  -88.154  -22.631 0.0000000000
764  -9.959  -87.515  -23.389 0.0000000000
766  -18.045  -87.351  -23.200 0.0000000000
772  -10.280  -87.015  -24.415 0.0000000000
774  -11.897  -87.508  -25.068 0.0000000000
781  -13.585  -87.044  -26.143 0.0000000000
795  -10.637  -87.354  -28.132 0.0000000000
796  -11.395  -86.998  -27.781 0.0000000000
801  -23.553  -87.588  -27.722 0.0000000000
804  -24.079  -87.639  -28.140 0.0000000000
807  -24.466  -87.816  -29.726 0.0000000000
818  -20.419  -86.957  -31.010 0.0000000000
829  -18.199  -87.762  -31.780 0.0000000000
841  -25.134  -87.606  -34.370 0.0000000000
842  -25.251  -87.273  -35.186 0.0000000000
854  -10.627  -86.532  -36.055 0.0000000000
858  -23.877  -87.009  -35.939 0.0000000000
866  -17.489  -87.758  -36.459 0.0000000000
867  -18.065  -87.531  -36.432 0.0000000000
878  -18.139  -87.831  -37.231 0.0000000000
883  -18.307  -87.975  -38.180 0.0000000000
884  -18.548  -87.496  -38.926 0.0000000000
897  -19.563  -87.404  -40.734 0.0000000000
906  -20.902  -86.932  -41.492 0.0000000000
985  -12.771  -86.592  -17.870 0.0000000000
986  -13.132  -87.034  -17.009 0.0000000000
987  -13.854  -87.296  -16.501 0.0000000000
988  -14.622  -87.231  -16.578 0.0000000000
997  -17.187  -86.137  -19.167 0.0000000000
1001  -14.791  -86.965  -19.564 0.0000000000
1003  -18.525  -86.653  -19.999 0.0000000000
1010  -15.222  -86.437  -20.268 0.0000000000
1011  -15.588  -86.621  -20.770 0.0000000000
1013  -19.908  -86.542  -20.476 0.0000000000
1014  -20.600  -86.833  -20.527 0.0000000000
1030  -11.340  -86.671  -22.561 0.0000000000
1034  -15.870  -86.091  -22.090 0.0000000000
1041  -7.578  -85.469  -24.461 0.0000000000
1052  -8.248  -85.322  -25.077 0.0000000000
1063  -12.251  -86.537  -26.790 0.0000000000
1067  -9.972  -85.948  -27.123 0.0000000000
1069  -11.756  -86.376  -26.977 0.0000000000
1074  -11.616  -86.550  -27.292 0.0000000000
1080  -23.872  -86.908  -27.905 0.0000000000
1089  -17.975  -86.451  -30.782 0.0000000000
1091  -19.109  -85.638  -30.440 0.0000000000
1093  -24.406  -87.049  -30.474 0.0000000000
1106  -15.604  -85.843  -32.266 0.0000000000
1115  -14.641  -85.575  -33.551 0.0000000000
1137  -11.343  -85.901  -36.239 0.0000000000
1138  -12.092  -85.914  -35.623 0.0000000000
1141  -23.075  -86.668  -35.622 0.0000000000
1180  -20.265  -86.824  -40.581 0.0000000000
1183  -22.835  -86.128  -40.999 0.0000000000
1185  -21.608  -86.671  -41.264 0.0000000000
1187  -23.047  -86.072  -41.480 0.0000000000
1193  -22.449  -86.257  -41.857 0.0000000000
1273  -17.925  -85.283  -14.721 0.0000000000
1280  -19.570  -85.561  -16.551 0.0000000000
1285  -9.938  -85.335  -17.962 0.0000000000
1288  -13.903  -85.680  -17.455 0.0000000000
1294  -9.820  -85.274  -18.664 0.0000000000
1295  -10.222  -85.480  -18.731 0.0000000000
1296  -10.848  -85.619  -18.833 0.0000000000
1298  -15.647  -84.947  -18.184 0.0000000000
1306  -9.739  -84.988  -19.057 0.0000000000
1307  -10.016  -85.390  -19.025 0.0000000000
1309  -11.958  -86.186  -18.976 0.0000000000
1311  -14.375  -86.373  -19.709 0.0000000000
1314  -19.434  -85.373  -20.213 0.0000000000
1322  -14.968  -85.682  -20.381 0.0000000000
1323  -19.782  -85.943  -20.375 0.0000000000
1324  -20.223  -86.191  -20.381 0.0000000000
1342  -15.866  -85.368  -22.601 0.0000000000
1348  -7.147  -85.369  -23.771 0.0000000000
1353  -12.721  -85.314  -23.373 0.0000000000
1354  -13.770  -85.308  -23.397 0.0000000000
1355  -14.962  -85.190  -23.285 0.0000000000
1362  -6.920  -85.542  -24.132 0.0000000000
1374  -9.028  -85.042  -25.335 0.0000000000
1398  -23.779  -85.954  -27.990 0.0000000000
1408  -24.136  -85.807  -29.367 0.0000000000
1417  -19.735  -84.988  -30.572 0.0000000000
1427  -16.673  -85.894  -31.329 0.0000000000
1430  -20.539  -85.376  -30.835 0.0000000000
1442  -21.519  -85.652  -32.105 0.0000000000
1455  -15.254  -84.850  -33.506 0.0000000000
1456  -15.872  -84.664  -33.356 0.0000000000
1476  -25.958  -86.181  -34.868 0.0000000000
1491  -22.799  -85.893  -35.520 0.0000000000
1502  -13.166  -85.302  -36.539 0.0000000000
1504  -15.101  -85.113  -36.094 0.0000000000
1513  -12.786  -85.533  -37.075 0.0000000000
1524  -18.457  -85.764  -39.188 0.0000000000
1544  -24.453  -85.304  -41.330 0.0000000000
1654  -18.908  -84.350  -16.870 0.0000000000
1663  -19.370  -84.373  -17.730 0.0000000000
1667  -9.665  -85.103  -18.101 0.0000000000
1671  -17.198  -83.907  -19.107 0.0000000000
1679  -10.225  -84.881  -19.327 0.0000000000
1680  -11.480  -85.690  -19.393 0.0000000000
1682  -18.777  -84.210  -19.532 0.0000000000
1683  -19.501  -84.682  -19.662 0.0000000000
1689  -11.149  -84.658  -19.810 0.0000000000
1699  -16.395  -84.680  -21.953 0.0000000000
1706  -8.302  -83.978  -22.998 0.0000000000
1707  -9.073  -84.079  -22.901 0.0000000000
1708  -9.787  -84.402  -23.021 0.0000000000
1709  -10.634  -84.726  -23.221 0.0000000000
1710  -16.278  -84.734  -22.491 0.0000000000
1718  -13.171  -84.731  -23.563 0.0000000000
1721  -16.291  -84.036  -22.974 0.0000000000
1728  -6.806  -84.843  -24.165 0.0000000000
1793  -18.995  -84.813  -30.606 0.0000000000
1806  -17.750  -84.783  -31.289 0.0000000000
1808  -19.290  -84.215  -30.908 0.0000000000
1811  -24.935  -84.512  -31.474 0.0000000000
1820  -16.604  -84.839  -32.188 0.0000000000
1846  -17.734  -84.290  -33.815 0.0000000000
1852  -18.122  -84.605  -35.003 0.0000000000
1878  -18.395  -84.200  -39.179 0.0000000000
1890  -26.319  -83.960  -40.964 0.0000000000
1912  -25.839  -84.255  -41.906 0.0000000000
1936  -24.043  -83.753  -44.030 0.0000000000
2059  -16.851  -82.409  -15.130 0.0000000000
2070  -11.852  -84.419  -17.764 0.0000000000
2076  -9.509  -84.591  -17.650 0.0000000000
2080  -14.530  -83.180  -17.960 0.0000000000
2083  -18.969  -83.718  -18.514 0.0000000000
2088  -16.162  -82.960  -18.376 0.0000000000
2089  -17.003  -83.049  -18.736 0.0000000000
2091  -18.417  -83.474  -19.110 0.0000000000
2097  -9.897  -84.157  -19.140 0.0000000000
2099  -11.382  -83.532  -19.949 0.0000000000
2115  -15.329  -82.976  -21.061 0.0000000000
2117  -16.464  -83.879  -21.872 0.0000000000
2125  -10.084  -84.031  -23.008 0.0000000000
2133  -7.010  -84.549  -23.369 0.0000000000
2134  -7.402  -83.778  -23.410 0.0000000000
2135  -8.092  -83.633  -23.130 0.0000000000
2136  -9.528  -83.650  -23.002 0.0000000000
2143  -16.548  -83.353  -22.812 0.0000000000
2149  -7.449  -83.272  -23.835 0.0000000000
2236  -19.523  -83.596  -31.481 0.0000000000
2250  -19.693  -83.098  -32.047 0.0000000000
2303  -26.120  -83.232  -39.934 0.0000000000
2310  -21.183  -84.140  -40.535 0.0000000000
2313  -26.890  -83.428  -40.939 0.0000000000
2325  -26.681  -83.389  -41.528 0.0000000000
2335  -25.132  -83.477  -43.605 0.0000000000
2348  -22.577  -83.153  -44.933 0.0000000000
2349  -23.333  -83.020  -45.457 0.0000000000
2505  -14.431  -82.096  -15.461 0.0000000000
2508  -17.028  -81.870  -15.972 0.0000000000
2516  -11.549  -81.838  -16.468 0.0000000000
2517  -13.810  -82.540  -16.926 0.0000000000
2519  -15.225  -81.695  -16.909 0.0000000000
2521  -17.323  -81.855  -16.802 0.0000000000
2532  -16.607  -81.679  -17.495 0.0000000000
2536  -10.293  -83.442  -18.754 0.0000000000
2541  -17.641  -82.548  -18.468 0.0000000000
2542  -18.126  -82.889  -18.673 0.0000000000
2545  -11.255  -83.030  -19.598 0.0000000000
2550  -13.863  -82.407  -20.473 0.0000000000
2560  -16.483  -82.987  -21.842 0.0000000000
2570  -16.716  -82.676  -22.362 0.0000000000
2579  -8.358  -82.794  -23.486 0.0000000000
2580  -8.913  -83.169  -23.189 0.0000000000
2581  -9.799  -82.866  -23.415 0.0000000000
2582  -10.724  -82.857  -23.810 0.0000000000
2586  -16.149  -82.122  -23.724 0.0000000000
2594  -7.887  -82.660  -24.229 0.0000000000
2597  -11.020  -82.420  -24.462 0.0000000000
2599  -14.668  -82.233  -24.501 0.0000000000
2606  -8.096  -82.458  -25.013 0.0000000000
2618  -8.327  -82.403  -26.140 0.0000000000
2687  -18.795  -82.570  -32.660 0.0000000000
2724  -18.678  -82.107  -35.286 0.0000000000
2749  -18.806  -82.753  -39.079 0.0000000000
2762  -27.144  -82.632  -40.630 0.0000000000
2783  -25.452  -83.137  -43.398 0.0000000000
2796  -23.178  -82.631  -46.106 0.0000000000
2801  -20.036  -82.144  -47.077 0.0000000000
2809  -20.591  -82.408  -47.437 0.0000000000
2921  -8.718  -82.216  -9.146 0.0000000000
2936  -8.868  -81.313  -10.400 0.0000000000
2945  -10.259  -81.096  -12.534 0.0000000000
2956  -10.809  -81.298  -13.337 0.0000000000
2957  -11.151  -80.878  -14.013 0.0000000000
2970  -7.716  -81.510  -15.642 0.0000000000
2980  -7.648  -81.551  -15.999 0.0000000000
2982  -8.250  -81.583  -16.622 0.0000000000
2984  -12.432  -80.636  -16.677 0.0000000000
2985  -15.824  -81.723  -17.436 0.0000000000
2992  -7.482  -81.683  -17.257 0.0000000000
2993  -7.648  -81.832  -17.458 0.0000000000
2995  -12.000  -81.704  -17.841 0.0000000000
3003  -7.446  -81.580  -18.835 0.0000000000
3004  -7.753  -81.862  -18.504 0.0000000000
3007  -13.337  -80.768  -18.311 0.0000000000
3011  -7.532  -81.282  -19.627 0.0000000000
3013  -8.420  -81.498  -19.428 0.0000000000
3014  -12.806  -81.776  -19.261 0.0000000000
3019  -14.346  -81.249  -19.844 0.0000000000
3020  -15.110  -80.661  -20.132 0.0000000000
3024  -16.321  -81.184  -21.280 0.0000000000
3031  -16.952  -81.730  -22.498 0.0000000000
3044  -8.873  -81.638  -24.411 0.0000000000
3046  -11.346  -82.060  -25.114 0.0000000000
3049  -15.145  -81.534  -24.833 0.0000000000
3060  -11.699  -81.761  -25.832 0.0000000000
3078  -11.126  -81.350  -26.325 0.0000000000
3079  -12.060  -81.337  -26.496 0.0000000000
3080  -13.045  -81.020  -26.494 0.0000000000
3087  -7.623  -81.013  -26.815 0.0000000000
3187  -19.715  -81.722  -37.842 0.0000000000
3205  -23.266  -81.334  -39.998 0.0000000000
3215  -19.757  -81.499  -40.094 0.0000000000
3260  -23.025  -81.600  -46.288 0.0000000000
3276  -19.965  -81.565  -48.376 0.0000000000
3280  -20.744  -80.665  -49.439 0.0000000000
3282  -20.329  -80.463  -49.538 0.0000000000
3387  -8.588  -80.898  -10.124 0.0000000000
3405  -9.577  -80.716  -11.970 0.0000000000
3417  -8.630  -80.236  -12.593 0.0000000000
3429  -7.702  -80.697  -14.545 0.0000000000
3431  -9.787  -80.479  -13.595 0.0000000000
3441  -7.952  -81.352  -15.226 0.0000000000
3443  -11.293  -80.352  -15.268 0.0000000000
3449  -7.443  -81.534  -16.695 0.0000000000
3450  -9.695  -80.614  -16.136 0.0000000000
3452  -11.833  -80.085  -16.090 0.0000000000
3453  -12.300  -80.198  -16.533 0.0000000000
3461  -13.251  -80.130  -17.819 0.0000000000
3468  -7.188  -81.112  -18.379 0.0000000000
3477  -7.243  -81.036  -19.208 0.0000000000
3479  -10.441  -80.112  -19.050 0.0000000000
3480  -11.026  -79.870  -20.282 0.0000000000
3488  -7.733  -80.808  -20.447 0.0000000000
3489  -8.243  -80.856  -20.840 0.0000000000
3490  -8.777  -81.001  -20.377 0.0000000000
3492  -15.707  -79.760  -20.774 0.0000000000
3496  -7.919  -80.253  -21.174 0.0000000000
3497  -8.460  -80.145  -21.463 0.0000000000
3501  -17.073  -80.182  -22.196 0.0000000000
3506  -8.498  -79.616  -22.048 0.0000000000
3513  -16.633  -79.686  -23.951 0.0000000000
3518  -16.311  -80.035  -24.725 0.0000000000
3524  -8.226  -80.803  -25.290 0.0000000000
3541  -8.414  -80.304  -25.805 0.0000000000
3542  -9.508  -80.507  -26.226 0.0000000000
3545  -13.310  -80.250  -27.060 0.0000000000
3546  -14.767  -79.318  -26.422 0.0000000000
3557  -10.962  -80.418  -27.572 0.0000000000
3560  -13.307  -79.483  -27.565 0.0000000000
3663  -22.561  -80.861  -40.229 0.0000000000
3672  -20.104  -80.925  -40.140 0.0000000000
3697  -24.401  -81.385  -43.263 0.0000000000
3720  -21.618  -80.896  -48.156 0.0000000000
3726  -21.089  -80.663  -49.316 0.0000000000
3732  -20.566  -79.895  -49.819 0.0000000000
3733  -20.923  -79.803  -49.912 0.0000000000
3952  -12.378  -79.847  -16.834 0.0000000000
3959  -11.298  -79.635  -17.424 0.0000000000
3967  -12.474  -79.471  -17.990 0.0000000000
3968  -13.048  -79.508  -18.333 0.0000000000
3969  -13.493  -79.857  -18.311 0.0000000000
3978  -12.873  -79.384  -19.068 0.0000000000
3979  -14.068  -79.756  -19.049 0.0000000000
3991  -11.710  -79.692  -20.717 0.0000000000
3994  -14.904  -79.587  -20.337 0.0000000000
4003  -7.686  -79.590  -21.505 0.0000000000
4008  -15.371  -79.410  -21.244 0.0000000000
4010  -16.647  -79.628  -21.954 0.0000000000
4022  -7.679  -79.006  -22.136 0.0000000000
4023  -8.128  -79.092  -22.476 0.0000000000
4025  -9.915  -79.362  -22.531 0.0000000000
4029  -14.877  -79.220  -22.083 0.0000000000
4031  -16.782  -79.524  -22.655 0.0000000000
4039  -8.427  -78.606  -23.141 0.0000000000
4040  -9.321  -78.835  -23.224 0.0000000000
4043  -12.315  -79.220  -23.275 0.0000000000
4046  -16.287  -79.028  -23.185 0.0000000000
4047  -16.669  -79.440  -23.377 0.0000000000
4056  -15.994  -79.226  -25.168 0.0000000000
4075  -14.412  -78.717  -26.781 0.0000000000
4089  -11.499  -79.763  -28.321 0.0000000000
4091  -13.832  -78.763  -27.403 0.0000000000
4103  -11.962  -78.816  -28.906 0.0000000000
4252  -22.500  -79.798  -43.963 0.0000000000
4264  -22.000  -79.570  -44.708 0.0000000000
4283  -26.481  -79.389  -46.934 0.0000000000
4304  -21.179  -79.190  -49.872 0.0000000000
4306  -20.788  -79.244  -50.054 0.0000000000
4307  -21.079  -79.011  -50.033 0.0000000000
4444  -7.683  -78.885  -9.698 0.0000000000
4481  -8.039  -78.304  -12.581 0.0000000000
4498  -8.012  -78.629  -13.260 0.0000000000
4514  -7.617  -79.681  -14.376 0.0000000000
4515  -9.167  -78.402  -14.838 0.0000000000
4526  -7.866  -79.492  -15.430 0.0000000000
4527  -8.985  -78.430  -15.614 0.0000000000
4537  -8.350  -78.634  -16.314 0.0000000000
4559  -7.226  -79.204  -19.813 0.0000000000
4579  -7.861  -78.309  -22.918 0.0000000000
4590  -8.116  -77.944  -23.554 0.0000000000
4591  -8.726  -78.180  -23.776 0.0000000000
4594  -11.796  -78.809  -23.978 0.0000000000
4596  -15.045  -78.600  -23.927 0.0000000000
4609  -9.115  -77.656  -24.295 0.0000000000
4611  -11.206  -78.382  -24.623 0.0000000000
4624  -10.657  -77.824  -25.071 0.0000000000
4627  -13.993  -77.883  -25.811 0.0000000000
4628  -14.772  -78.241  -25.765 0.0000000000
4636  -13.122  -77.675  -26.367 0.0000000000
4638  -14.431  -78.269  -26.456 0.0000000000
4652  -13.561  -78.155  -27.669 0.0000000000
4669  -11.326  -78.306  -29.487 0.0000000000
4670  -12.138  -77.988  -29.130 0.0000000000
4671  -12.930  -77.972  -28.313 0.0000000000
4680  -9.609  -77.900  -29.978 0.0000000000
4681  -10.517  -77.815  -30.032 0.0000000000
4871  -25.684  -79.175  -46.846 0.0000000000
4884  -21.588  -78.047  -48.872 0.0000000000
4888  -26.426  -78.663  -48.437 0.0000000000
4893  -21.518  -78.242  -49.762 0.0000000000
4894  -22.856  -77.596  -50.226 0.0000000000
4898  -26.081  -78.372  -49.123 0.0000000000
4906  -25.222  -78.062  -50.149 0.0000000000
4907  -21.344  -77.424  -50.240 0.0000000000
4910  -23.385  -77.399  -50.885 0.0000000000
4912  -22.992  -77.136  -51.268 0.0000000000
5075  -8.079  -77.379  -11.618 0.0000000000
5083  -7.789  -78.169  -11.862 0.0000000000
5093  -9.161  -78.029  -13.072 0.0000000000
5123  -7.618  -76.970  -16.503 0.0000000000
5124  -9.031  -77.975  -16.117 0.0000000000
5134  -7.999  -77.912  -16.946 0.0000000000
5156  -7.345  -78.001  -19.512 0.0000000000
5185  -7.783  -77.606  -22.994 0.0000000000
5186  -8.017  -77.094  -23.317 0.0000000000
5200  -8.091  -77.364  -23.651 0.0000000000
5213  -8.643  -77.207  -24.119 0.0000000000
5214  -9.236  -77.165  -24.494 0.0000000000
5230  -10.164  -77.256  -26.508 0.0000000000
5231  -11.189  -77.500  -26.888 0.0000000000
5233  -13.342  -77.652  -27.254 0.0000000000
5246  -12.849  -77.595  -27.968 0.0000000000
5261  -11.507  -77.277  -28.854 0.0000000000
5270  -9.885  -77.198  -30.281 0.0000000000
5272  -11.460  -77.542  -29.312 0.0000000000
5282  -10.073  -76.813  -30.209 0.0000000000
5485  -22.840  -77.471  -48.757 0.0000000000
5496  -22.647  -77.684  -49.647 0.0000000000
5501  -24.656  -77.550  -50.476 0.0000000000
5504  -22.353  -77.016  -51.328 0.0000000000
5505  -23.732  -77.194  -51.162 0.0000000000
5506  -24.239  -77.090  -51.039 0.0000000000
5510  -23.143  -76.417  -51.634 0.0000000000
5511  -23.712  -76.760  -51.351 0.0000000000
5666  -7.620  -75.891  -8.902 0.0000000000
5679  -8.353  -76.011  -10.626 0.0000000000
5692  -8.139  -76.730  -11.164 0.0000000000
5694  -9.758  -75.905  -11.809 0.0000000000
5718  -7.501  -76.248  -15.962 0.0000000000
5720  -9.682  -76.951  -14.479 0.0000000000
5738  -9.325  -77.601  -15.310 0.0000000000
5764  -7.305  -76.829  -17.833 0.0000000000
5769  -12.881  -76.173  -17.077 0.0000000000
5770  -13.551  -75.830  -17.628 0.0000000000
5783  -8.955  -76.611  -18.490 0.0000000000
5784  -10.220  -76.902  -18.155 0.0000000000
5788  -14.344  -75.618  -18.890 0.0000000000
5794  -7.861  -77.242  -20.435 0.0000000000
5796  -9.053  -76.881  -19.367 0.0000000000
5799  -12.328  -76.811  -19.587 0.0000000000
5800  -14.002  -76.303  -19.200 0.0000000000
5809  -9.714  -76.937  -20.610 0.0000000000
5813  -13.368  -76.554  -19.851 0.0000000000
5823  -8.385  -77.015  -22.027 0.0000000000
5826  -12.135  -76.633  -21.122 0.0000000000
5828  -14.559  -75.910  -21.120 0.0000000000
5837  -8.356  -76.860  -23.023 0.0000000000
5838  -9.293  -76.563  -23.240 0.0000000000
5839  -10.084  -76.700  -22.146 0.0000000000
5841  -11.932  -76.417  -22.598 0.0000000000
5842  -13.592  -76.206  -22.314 0.0000000000
5843  -14.517  -75.897  -21.886 0.0000000000
5855  -9.320  -76.606  -24.030 0.0000000000
5857  -11.151  -76.387  -23.197 0.0000000000
5876  -9.911  -76.654  -25.843 0.0000000000
5882  -8.872  -76.423  -26.856 0.0000000000
5895  -8.535  -76.153  -27.429 0.0000000000
5896  -9.527  -76.693  -28.004 0.0000000000
5919  -10.326  -76.754  -29.981 0.0000000000
6104  -22.995  -75.564  -44.669 0.0000000000
6129  -21.701  -76.846  -46.301 0.0000000000
6139  -22.619  -76.790  -47.146 0.0000000000
6159  -19.520  -76.039  -49.320 0.0000000000
6163  -21.806  -76.252  -51.195 0.0000000000
6164  -24.072  -76.595  -51.246 0.0000000000
6166  -22.280  -75.809  -51.644 0.0000000000
6167  -22.651  -75.959  -51.731 0.0000000000
6171  -23.051  -75.629  -52.049 0.0000000000
6357  -10.059  -75.439  -12.491 0.0000000000
6366  -9.166  -75.307  -13.777 0.0000000000
6378  -9.544  -76.065  -14.019 0.0000000000
6391  -7.325  -75.576  -15.943 0.0000000000
6392  -10.993  -75.305  -15.683 0.0000000000
6410  -8.061  -75.272  -16.837 0.0000000000
6411  -9.400  -75.474  -16.585 0.0000000000
6412  -10.622  -75.782  -16.175 0.0000000000
6413  -11.681  -75.736  -16.008 0.0000000000
6414  -12.618  -75.594  -16.529 0.0000000000
6427  -7.703  -75.883  -17.266 0.0000000000
6438  -14.031  -75.351  -18.229 0.0000000000
6444  -14.586  -75.204  -19.377 0.0000000000
6454  -14.871  -75.074  -20.021 0.0000000000
6455  -15.198  -74.907  -20.760 0.0000000000
6464  -15.214  -75.316  -21.376 0.0000000000
6473  -15.527  -75.084  -23.030 0.0000000000
6482  -13.090  -76.041  -24.127 0.0000000000
6484  -15.307  -75.302  -23.848 0.0000000000
6491  -10.428  -76.415  -25.218 0.0000000000
6494  -13.844  -75.646  -24.760 0.0000000000
6495  -14.947  -75.422  -24.680 0.0000000000
6501  -11.040  -75.837  -25.582 0.0000000000
6510  -8.643  -75.680  -26.713 0.0000000000
6513  -12.340  -75.138  -26.727 0.0000000000
6526  -8.069  -75.205  -27.093 0.0000000000
6538  -7.735  -74.752  -27.867 0.0000000000
6735  -14.117  -75.207  -45.242 0.0000000000
6763  -25.446  -75.432  -48.362 0.0000000000
6781  -20.875  -74.802  -50.212 0.0000000000
6782  -24.301  -75.194  -50.347 0.0000000000
6789  -21.932  -74.837  -51.395 0.0000000000
6792  -22.580  -75.123  -52.040 0.0000000000
6796  -22.668  -74.576  -52.504 0.0000000000
6797  -23.076  -74.713  -52.525 0.0000000000
6990  -9.254  -74.392  -10.626 0.0000000000
7012  -9.948  -74.511  -12.376 0.0000000000
7047  -10.864  -74.541  -15.400 0.0000000000
7048  -11.840  -74.305  -15.477 0.0000000000
7049  -12.421  -74.074  -16.040 0.0000000000
7062  -7.647  -74.812  -16.290 0.0000000000
7080  -12.933  -74.720  -16.813 0.0000000000
7092  -12.713  -74.227  -18.173 0.0000000000
7093  -13.918  -74.870  -18.247 0.0000000000
7118  -11.212  -74.443  -20.489 0.0000000000
7121  -14.811  -74.686  -20.419 0.0000000000
7135  -14.496  -74.172  -20.891 0.0000000000
7136  -15.101  -74.441  -21.274 0.0000000000
7149  -15.637  -74.344  -23.003 0.0000000000
7182  -8.024  -74.690  -27.399 0.0000000000
7372  -16.384  -74.018  -42.662 0.0000000000
7375  -18.617  -74.171  -42.753 0.0000000000
7388  -16.513  -74.365  -42.985 0.0000000000
7390  -18.270  -74.443  -43.255 0.0000000000
7401  -14.513  -74.753  -44.168 0.0000000000
7403  -16.853  -74.502  -43.750 0.0000000000
7405  -18.659  -74.470  -44.068 0.0000000000
7419  -16.672  -73.998  -45.314 0.0000000000
7421  -18.128  -74.381  -44.809 0.0000000000
7428  -10.574  -73.293  -45.565 0.0000000000
7436  -14.143  -74.187  -46.955 0.0000000000
7469  -25.405  -74.329  -51.258 0.0000000000
7470  -26.476  -74.449  -51.258 0.0000000000
7479  -21.423  -73.472  -51.520 0.0000000000
7484  -27.128  -74.285  -52.703 0.0000000000
7489  -22.343  -74.154  -52.657 0.0000000000
7496  -22.359  -73.565  -53.311 0.0000000000
7498  -23.119  -73.582  -53.688 0.0000000000
7757  -9.698  -73.408  -12.535 0.0000000000
7769  -8.892  -73.402  -13.242 0.0000000000
7779  -7.340  -73.364  -14.635 0.0000000000
7788  -7.493  -73.339  -15.264 0.0000000000
7790  -8.902  -73.467  -15.756 0.0000000000
7792  -11.333  -73.649  -15.245 0.0000000000
7793  -12.061  -73.458  -15.554 0.0000000000
7826  -9.788  -73.548  -18.765 0.0000000000
7828  -11.796  -73.904  -18.313 0.0000000000
7829  -12.759  -74.056  -17.435 0.0000000000
7838  -10.948  -74.188  -18.890 0.0000000000
7859  -13.872  -73.846  -21.516 0.0000000000
7861  -15.158  -74.069  -21.996 0.0000000000
7871  -13.001  -73.751  -22.268 0.0000000000
7873  -15.057  -73.744  -22.308 0.0000000000
7874  -15.364  -73.920  -22.649 0.0000000000
7889  -15.588  -73.774  -23.635 0.0000000000
8114  -16.778  -73.538  -42.426 0.0000000000
8126  -13.904  -74.108  -43.585 0.0000000000
8129  -20.540  -73.426  -42.982 0.0000000000
8150  -18.405  -74.269  -45.563 0.0000000000
8166  -15.171  -72.934  -47.281 0.0000000000
8167  -16.095  -73.165  -47.472 0.0000000000
8174  -13.938  -73.655  -48.462 0.0000000000
8175  -14.313  -73.092  -48.266 0.0000000000
8176  -14.843  -72.811  -48.172 0.0000000000
8183  -17.071  -73.208  -49.145 0.0000000000
8201  -18.384  -72.709  -52.323 0.0000000000
8202  -19.357  -72.365  -52.142 0.0000000000
8205  -23.958  -73.265  -53.712 0.0000000000
8207  -27.357  -73.313  -54.088 0.0000000000
8209  -28.967  -73.021  -53.883 0.0000000000
8215  -27.756  -72.695  -54.306 0.0000000000
8506  -7.462  -73.064  -14.094 0.0000000000
8507  -8.099  -72.747  -13.460 0.0000000000
8508  -9.139  -72.129  -13.088 0.0000000000
8518  -7.315  -72.668  -14.839 0.0000000000
8529  -8.498  -72.631  -15.707 0.0000000000
8530  -9.474  -71.946  -15.544 0.0000000000
8553  -12.542  -72.890  -16.936 0.0000000000
8572  -7.734  -72.730  -19.124 0.0000000000
8847  -7.681  -72.427  -41.343 0.0000000000
8857  -8.043  -72.254  -42.726 0.0000000000
8860  -15.794  -72.665  -42.608 0.0000000000
8872  -8.418  -72.445  -43.558 0.0000000000
8887  -8.959  -72.657  -44.386 0.0000000000
8915  -10.920  -72.579  -46.096 0.0000000000
8917  -11.597  -72.239  -46.134 0.0000000000
8931  -20.732  -72.587  -47.605 0.0000000000
8946  -17.845  -73.320  -49.042 0.0000000000
8948  -19.399  -72.490  -49.083 0.0000000000
9000  -16.981  -71.370  -52.611 0.0000000000
9004  -20.746  -71.597  -52.757 0.0000000000
9006  -27.998  -72.239  -54.151 0.0000000000
9013  -25.772  -71.826  -54.666 0.0000000000
9014  -26.778  -71.935  -54.535 0.0000000000
9015  -27.610  -72.242  -54.377 0.0000000000
9352  -7.834  -71.376  -13.630 0.0000000000
9373  -7.499  -70.933  -15.347 0.0000000000
9374  -7.779  -71.343  -15.602 0.0000000000
9376  -10.676  -71.525  -15.427 0.0000000000
9389  -7.699  -70.640  -15.618 0.0000000000
9391  -9.282  -70.655  -15.710 0.0000000000
9392  -11.862  -71.886  -15.656 0.0000000000
9393  -12.455  -71.463  -16.626 0.0000000000
9413  -8.456  -71.350  -18.555 0.0000000000
9414  -10.047  -71.638  -18.537 0.0000000000
9415  -10.885  -71.969  -18.356 0.0000000000
9416  -11.932  -71.927  -18.033 0.0000000000
9417  -12.500  -71.127  -17.929 0.0000000000
9694  -7.661  -70.972  -40.830 0.0000000000
9737  -14.158  -70.956  -43.693 0.0000000000
9753  -8.872  -71.267  -44.385 0.0000000000
9763  -9.660  -71.726  -45.540 0.0000000000
9764  -12.308  -71.120  -45.628 0.0000000000
9783  -22.352  -71.883  -48.833 0.0000000000
9787  -16.106  -71.617  -50.016 0.0000000000
9789  -18.291  -71.925  -50.193 0.0000000000
9805  -15.518  -71.238  -51.031 0.0000000000
9810  -15.852  -71.518  -51.536 0.0000000000
9814  -25.337  -71.091  -53.218 0.0000000000
9816  -27.648  -71.924  -54.085 0.0000000000
9817  -17.475  -70.705  -52.793 0.0000000000
9821  -26.710  -71.682  -54.230 0.0000000000
9824  -21.866  -71.193  -54.042 0.0000000000
9825  -22.570  -70.762  -54.450 0.0000000000
9827  -24.653  -70.981  -54.627 0.0000000000
10207  -7.225  -70.697  -14.701 0.0000000000
10235  -9.975  -70.038  -15.762 0.0000000000
10257  -10.212  -70.244  -18.611 0.0000000000
10258  -11.548  -70.162  -18.533 0.0000000000
10522  -7.644  -70.312  -40.213 0.0000000000
10562  -14.999  -70.639  -43.458 0.0000000000
10577  -15.754  -69.586  -43.936 0.0000000000
10593  -9.343  -70.429  -46.002 0.0000000000
10601  -11.501  -70.469  -47.189 0.0000000000
10606  -11.530  -69.737  -47.620 0.0000000000
10608  -15.724  -71.031  -50.521 0.0000000000
10609  -15.884  -70.572  -50.776 0.0000000000
10610  -16.779  -70.362  -51.005 0.0000000000
10623  -22.551  -70.104  -51.690 0.0000000000
10624  -23.292  -70.377  -52.044 0.0000000000
10627  -16.500  -70.329  -51.548 0.0000000000
10628  -17.138  -69.890  -52.239 0.0000000000
10630  -23.617  -69.805  -53.154 0.0000000000
10633  -17.778  -69.708  -52.782 0.0000000000
10634  -18.527  -69.667  -53.130 0.0000000000
10637  -23.782  -69.759  -53.997 0.0000000000
10638  -24.501  -70.212  -54.064 0.0000000000
10641  -22.793  -69.876  -54.357 0.0000000000
11093  -7.793  -68.791  -15.716 0.0000000000
11098  -8.478  -69.299  -15.838 0.0000000000
11099  -9.405  -69.311  -15.882 0.0000000000
11101  -11.614  -69.397  -16.314 0.0000000000
11102  -12.712  -69.467  -17.064 0.0000000000
11109  -13.266  -69.061  -17.887 0.0000000000
11117  -8.379  -69.630  -18.316 0.0000000000
11120  -13.184  -68.976  -18.121 0.0000000000
11331  -8.773  -68.880  -35.738 0.0000000000
11340  -8.901  -68.948  -36.400 0.0000000000
11346  -9.043  -68.543  -36.849 0.0000000000
11363  -7.791  -69.506  -39.822 0.0000000000
11433  -16.045  -69.148  -45.390 0.0000000000
11446  -8.899  -69.702  -45.961 0.0000000000
11447  -9.488  -69.930  -46.395 0.0000000000
11448  -12.378  -69.564  -46.346 0.0000000000
11464  -9.960  -69.715  -46.946 0.0000000000
11475  -11.608  -69.057  -47.779 0.0000000000
11492  -18.911  -68.691  -51.990 0.0000000000
11493  -19.788  -68.706  -51.919 0.0000000000
11494  -20.602  -68.659  -52.107 0.0000000000
11500  -21.772  -68.599  -53.057 0.0000000000
11501  -22.532  -69.050  -53.149 0.0000000000
11505  -20.032  -68.654  -53.434 0.0000000000
11506  -20.881  -68.759  -53.574 0.0000000000
11510  -22.941  -69.446  -54.026 0.0000000000
12011  -13.371  -68.165  -17.901 0.0000000000
12012  -13.395  -67.883  -18.008 0.0000000000
12024  -13.095  -68.102  -18.262 0.0000000000
12260  -9.336  -68.244  -35.461 0.0000000000
12283  -8.213  -68.566  -38.830 0.0000000000
12310  -7.788  -68.977  -41.337 0.0000000000
12320  -7.468  -68.079  -42.732 0.0000000000
12326  -7.364  -68.341  -43.685 0.0000000000
12334  -7.544  -68.116  -44.499 0.0000000000
12362  -12.986  -67.465  -46.053 0.0000000000
12383  -10.858  -68.725  -47.841 0.0000000000
12385  -15.443  -68.191  -47.830 0.0000000000
12403  -11.441  -68.566  -47.836 0.0000000000
12441  -18.873  -68.287  -52.577 0.0000000000
12456  -18.453  -68.651  -52.755 0.0000000000
12458  -20.066  -67.898  -53.015 0.0000000000
12469  -18.880  -68.166  -52.858 0.0000000000
12470  -19.634  -67.991  -53.060 0.0000000000
12965  -8.232  -66.947  -15.138 0.0000000000
12976  -10.145  -67.753  -15.979 0.0000000000
12978  -12.105  -67.145  -16.711 0.0000000000
12992  -7.541  -67.237  -17.252 0.0000000000
12993  -13.300  -67.353  -17.945 0.0000000000
13006  -11.462  -67.477  -18.644 0.0000000000
13137  -7.370  -67.641  -30.347 0.0000000000
13200  -8.837  -67.734  -34.163 0.0000000000
13201  -9.200  -67.488  -34.663 0.0000000000
13223  -8.513  -67.426  -37.091 0.0000000000
13233  -8.799  -68.068  -37.365 0.0000000000
13248  -8.022  -67.295  -39.482 0.0000000000
13256  -11.475  -67.357  -40.367 0.0000000000
13265  -7.821  -67.053  -41.230 0.0000000000
13266  -11.161  -67.660  -41.334 0.0000000000
13267  -12.588  -67.565  -41.714 0.0000000000
13279  -10.066  -67.173  -42.638 0.0000000000
13286  -7.409  -67.260  -43.318 0.0000000000
13297  -9.965  -67.226  -44.071 0.0000000000
13303  -8.894  -66.776  -45.908 0.0000000000
13330  -10.875  -67.438  -47.762 0.0000000000
13331  -11.508  -67.101  -47.668 0.0000000000
13343  -11.502  -67.881  -47.776 0.0000000000
13346  -15.649  -67.026  -48.545 0.0000000000
13900  -10.056  -66.366  -12.702 0.0000000000
13914  -10.499  -66.566  -13.354 0.0000000000
13915  -11.185  -66.128  -13.904 0.0000000000
13927  -9.402  -67.142  -13.209 0.0000000000
13943  -9.034  -66.841  -14.493 0.0000000000
13961  -12.761  -66.723  -17.400 0.0000000000
13978  -13.081  -66.561  -17.983 0.0000000000
13988  -8.573  -67.102  -17.571 0.0000000000
13989  -9.727  -66.761  -18.418 0.0000000000
13991  -11.859  -66.454  -18.544 0.0000000000
13992  -12.832  -66.454  -18.153 0.0000000000
14061  -9.095  -66.736  -25.635 0.0000000000
14071  -11.105  -65.889  -26.728 0.0000000000
14088  -10.887  -66.086  -27.002 0.0000000000
14089  -11.733  -65.928  -27.048 0.0000000000
14141  -7.456  -66.046  -30.536 0.0000000000
14183  -8.824  -66.635  -33.692 0.0000000000
14197  -8.980  -66.912  -34.478 0.0000000000
14207  -8.486  -66.598  -35.113 0.0000000000
14211  -7.919  -66.563  -36.629 0.0000000000
14219  -10.886  -65.825  -38.037 0.0000000000
14220  -11.716  -66.035  -37.639 0.0000000000
14221  -12.329  -66.156  -38.110 0.0000000000
14224  -8.069  -65.257  -39.283 0.0000000000
14227  -12.567  -66.502  -39.149 0.0000000000
14231  -7.961  -66.290  -39.827 0.0000000000
14234  -12.440  -67.114  -40.126 0.0000000000
14242  -13.377  -67.151  -41.825 0.0000000000
14254  -7.714  -66.221  -42.940 0.0000000000
14255  -9.448  -65.653  -43.270 0.0000000000
14270  -9.419  -66.065  -44.223 0.0000000000
14271  -10.731  -67.428  -43.869 0.0000000000
14272  -11.832  -67.192  -43.764 0.0000000000
14273  -12.875  -66.875  -43.636 0.0000000000
14274  -13.910  -66.590  -43.466 0.0000000000
14305  -9.508  -66.074  -46.119 0.0000000000
14320  -10.074  -66.047  -46.826 0.0000000000
14335  -10.764  -66.006  -47.387 0.0000000000
14339  -14.459  -65.679  -47.541 0.0000000000
14889  -7.589  -64.578  -10.813 0.0000000000
14956  -11.647  -65.572  -14.765 0.0000000000
14976  -6.945  -65.117  -16.498 0.0000000000
14977  -7.206  -65.076  -16.327 0.0000000000
14978  -12.371  -65.341  -17.450 0.0000000000
14979  -12.708  -66.022  -17.553 0.0000000000
14997  -12.188  -65.231  -18.067 0.0000000000
15012  -9.552  -65.150  -18.082 0.0000000000
15013  -10.590  -65.224  -18.456 0.0000000000
15015  -12.396  -65.813  -18.236 0.0000000000
15091  -7.634  -65.579  -24.588 0.0000000000
15102  -10.875  -65.637  -26.431 0.0000000000
15103  -11.705  -65.582  -26.740 0.0000000000
15114  -7.945  -65.524  -27.885 0.0000000000
15115  -8.418  -65.818  -27.636 0.0000000000
15119  -12.493  -65.749  -27.596 0.0000000000
15120  -13.277  -65.484  -27.564 0.0000000000
15132  -7.901  -64.813  -28.343 0.0000000000
15133  -8.161  -64.603  -28.510 0.0000000000
15134  -8.795  -65.234  -27.961 0.0000000000
15137  -12.311  -65.772  -28.494 0.0000000000
15138  -13.917  -65.617  -28.347 0.0000000000
15140  -15.364  -65.306  -28.872 0.0000000000
15157  -10.563  -65.333  -29.106 0.0000000000
15160  -13.997  -65.764  -29.238 0.0000000000
15178  -10.830  -65.134  -29.775 0.0000000000
15182  -14.494  -65.820  -29.974 0.0000000000
15183  -15.898  -65.657  -30.718 0.0000000000
15184  -16.519  -65.389  -31.046 0.0000000000
15193  -7.922  -65.703  -31.815 0.0000000000
15195  -12.645  -65.727  -31.918 0.0000000000
15205  -8.285  -65.771  -32.588 0.0000000000
15207  -12.909  -65.635  -32.733 0.0000000000
15209  -14.525  -65.629  -32.916 0.0000000000
15210  -15.821  -65.227  -32.608 0.0000000000
15213  -8.162  -65.023  -33.046 0.0000000000
15214  -8.419  -65.860  -33.402 0.0000000000
15215  -13.254  -65.343  -33.632 0.0000000000
15217  -15.052  -65.202  -33.290 0.0000000000
15237  -7.799  -65.203  -36.567 0.0000000000
15238  -11.263  -65.127  -36.626 0.0000000000
15242  -11.921  -65.575  -37.000 0.0000000000
15243  -12.526  -65.610  -37.660 0.0000000000
15245  -8.411  -64.489  -38.513 0.0000000000
15246  -12.936  -65.791  -38.477 0.0000000000
15253  -8.741  -64.319  -40.735 0.0000000000
15261  -8.143  -65.403  -42.206 0.0000000000
15264  -10.124  -65.576  -40.762 0.0000000000
15272  -8.765  -64.803  -42.721 0.0000000000
15273  -9.153  -64.733  -42.498 0.0000000000
15287  -8.599  -65.233  -43.531 0.0000000000
15309  -8.986  -65.427  -44.237 0.0000000000
15312  -11.380  -65.351  -44.942 0.0000000000
15336  -9.056  -65.800  -44.981 0.0000000000
15337  -9.671  -65.814  -45.625 0.0000000000
15338  -10.638  -64.736  -45.661 0.0000000000
15361  -10.534  -64.724  -46.338 0.0000000000
15383  -11.975  -64.909  -47.226 0.0000000000
15384  -12.863  -64.630  -47.219 0.0000000000
15385  -13.642  -64.527  -47.465 0.0000000000
15386  -15.036  -64.752  -47.865 0.0000000000
15387  -15.701  -65.010  -47.983 0.0000000000
15410  -15.921  -65.824  -48.288 0.0000000000
15969  -7.752  -63.847  -10.968 0.0000000000
15970  -8.119  -64.034  -10.585 0.0000000000
15972  -10.473  -64.056  -10.337 0.0000000000
15986  -7.929  -64.035  -11.586 0.0000000000
16004  -9.167  -64.653  -12.537 0.0000000000
16020  -9.745  -64.327  -13.175 0.0000000000
16048  -11.813  -64.702  -15.528 0.0000000000
16081  -6.787  -64.553  -16.600 0.0000000000
16082  -8.059  -65.086  -16.589 0.0000000000
16083  -9.780  -64.299  -17.889 0.0000000000
16084  -10.713  -64.125  -17.937 0.0000000000
16177  -10.010  -65.459  -25.855 0.0000000000
16185  -8.771  -64.431  -25.961 0.0000000000
16187  -10.407  -64.851  -26.153 0.0000000000
16189  -12.405  -65.203  -26.762 0.0000000000
16197  -12.958  -64.635  -26.968 0.0000000000
16198  -13.698  -64.950  -27.382 0.0000000000
16211  -15.518  -64.834  -28.564 0.0000000000
16224  -10.112  -64.777  -29.637 0.0000000000
16226  -16.955  -64.617  -29.661 0.0000000000
16227  -17.512  -64.420  -30.435 0.0000000000
16236  -9.914  -64.195  -30.032 0.0000000000
16247  -10.919  -64.342  -32.132 0.0000000000
16249  -17.145  -64.398  -31.967 0.0000000000
16250  -17.781  -64.174  -31.197 0.0000000000
16253  -7.933  -64.144  -32.624 0.0000000000
16254  -11.190  -64.026  -33.165 0.0000000000
16264  -13.610  -64.842  -34.194 0.0000000000
16265  -14.413  -64.718  -33.962 0.0000000000
16272  -13.224  -64.138  -34.486 0.0000000000
16282  -8.219  -64.334  -34.898 0.0000000000
16290  -11.390  -64.694  -36.594 0.0000000000
16295  -8.588  -64.191  -36.752 0.0000000000
16313  -9.252  -64.233  -37.752 0.0000000000
16329  -8.928  -63.887  -38.881 0.0000000000
16349  -13.139  -64.968  -40.401 0.0000000000
16363  -13.016  -64.762  -41.299 0.0000000000
16375  -9.130  -64.416  -42.033 0.0000000000
16413  -11.310  -63.916  -45.922 0.0000000000
16414  -12.078  -63.853  -45.744 0.0000000000
16429  -11.100  -64.338  -46.525 0.0000000000
16430  -11.503  -63.911  -46.321 0.0000000000
16431  -12.179  -63.711  -46.703 0.0000000000
16432  -15.718  -64.244  -47.209 0.0000000000
16444  -13.308  -64.030  -47.337 0.0000000000
16445  -14.164  -64.216  -47.602 0.0000000000
16967  -7.985  -63.478  -11.385 0.0000000000
16968  -8.249  -63.222  -10.873 0.0000000000
16969  -9.252  -63.093  -10.503 0.0000000000
16981  -11.517  -63.562  -10.918 0.0000000000
17010  -10.109  -63.567  -13.880 0.0000000000
17043  -11.412  -63.975  -16.493 0.0000000000
17059  -6.862  -64.045  -15.949 0.0000000000
17077  -6.600  -63.742  -16.769 0.0000000000
17175  -6.629  -63.106  -25.060 0.0000000000
17186  -9.450  -63.837  -26.432 0.0000000000
17187  -10.388  -63.653  -26.685 0.0000000000
17188  -11.106  -64.385  -26.459 0.0000000000
17189  -12.056  -64.244  -26.731 0.0000000000
17198  -8.816  -63.276  -26.946 0.0000000000
17199  -10.460  -63.017  -27.096 0.0000000000
17201  -12.598  -63.598  -27.291 0.0000000000
17211  -13.863  -63.300  -28.084 0.0000000000
17217  -7.885  -63.510  -29.590 0.0000000000
17219  -15.039  -63.052  -28.761 0.0000000000
17220  -15.909  -63.412  -28.825 0.0000000000
17226  -9.390  -63.511  -30.219 0.0000000000
17229  -18.361  -62.817  -30.448 0.0000000000
17241  -18.152  -63.552  -31.206 0.0000000000
17253  -7.927  -63.278  -33.064 0.0000000000
17255  -11.503  -63.648  -34.094 0.0000000000
17258  -15.147  -64.287  -33.588 0.0000000000
17268  -11.773  -63.113  -34.903 0.0000000000
17284  -8.349  -63.813  -35.221 0.0000000000
17299  -8.719  -63.401  -35.713 0.0000000000
17316  -11.939  -64.424  -36.901 0.0000000000
17317  -12.580  -64.579  -37.617 0.0000000000
17337  -12.814  -64.346  -38.556 0.0000000000
17373  -12.059  -63.164  -40.426 0.0000000000
17477  -13.354  -63.428  -46.645 0.0000000000
17478  -14.360  -63.604  -46.950 0.0000000000
17479  -15.179  -63.919  -47.111 0.0000000000
17490  -12.893  -63.647  -46.982 0.0000000000
17998  -8.987  -62.563  -10.950 0.0000000000
18000  -10.918  -62.744  -10.200 0.0000000000
18009  -9.243  -62.095  -11.548 0.0000000000
18020  -8.285  -62.944  -11.837 0.0000000000
18023  -12.901  -62.595  -12.994 0.0000000000
18056  -6.930  -62.026  -14.726 0.0000000000
18058  -10.554  -62.144  -15.510 0.0000000000
18070  -6.970  -63.307  -15.523 0.0000000000
18073  -10.445  -62.463  -16.267 0.0000000000
18229  -7.468  -62.564  -26.733 0.0000000000
18248  -9.603  -62.111  -28.431 0.0000000000
18257  -8.232  -62.990  -29.815 0.0000000000
18258  -11.841  -61.840  -29.291 0.0000000000
18259  -12.729  -61.986  -29.372 0.0000000000
18260  -13.645  -62.124  -29.337 0.0000000000
18261  -14.535  -62.286  -29.193 0.0000000000
18264  -17.864  -63.163  -29.818 0.0000000000
18268  -8.018  -62.602  -30.387 0.0000000000
18269  -8.604  -62.570  -30.248 0.0000000000
18270  -9.084  -62.635  -30.363 0.0000000000
18271  -18.552  -62.124  -30.472 0.0000000000
18277  -7.824  -62.300  -30.943 0.0000000000
18279  -9.237  -62.229  -31.161 0.0000000000
18281  -18.214  -62.966  -31.506 0.0000000000
18289  -7.660  -62.425  -31.574 0.0000000000
18306  -7.730  -61.386  -32.781 0.0000000000
18329  -11.453  -62.307  -35.085 0.0000000000
18357  -9.528  -62.499  -36.453 0.0000000000
18373  -10.824  -63.110  -36.875 0.0000000000
18387  -10.972  -62.515  -37.825 0.0000000000
18388  -11.698  -62.849  -38.494 0.0000000000
18403  -11.566  -62.524  -39.758 0.0000000000
19029  -10.989  -62.120  -10.339 0.0000000000
19043  -11.600  -61.593  -10.820 0.0000000000
19056  -9.998  -60.824  -12.501 0.0000000000
19083  -6.971  -61.224  -14.455 0.0000000000
19108  -10.215  -61.669  -16.004 0.0000000000
19120  -6.669  -61.377  -16.893 0.0000000000
19121  -9.183  -61.411  -15.973 0.0000000000
19122  -9.864  -61.594  -16.160 0.0000000000
19280  -7.760  -61.443  -28.970 0.0000000000
19281  -8.870  -61.809  -28.897 0.0000000000
19282  -9.924  -61.669  -28.982 0.0000000000
19283  -10.890  -61.619  -29.167 0.0000000000
19286  -7.971  -60.984  -29.731 0.0000000000
19288  -10.915  -61.088  -29.814 0.0000000000
19293  -17.922  -61.579  -29.688 0.0000000000
19298  -8.315  -62.139  -30.757 0.0000000000
19302  -18.850  -61.556  -30.774 0.0000000000
19314  -9.037  -61.451  -31.639 0.0000000000
19315  -18.230  -62.206  -31.854 0.0000000000
19330  -8.525  -61.137  -31.876 0.0000000000
19331  -9.153  -61.019  -32.522 0.0000000000
19336  -18.160  -61.516  -32.163 0.0000000000
19351  -7.975  -60.766  -33.077 0.0000000000
19353  -13.076  -61.731  -34.068 0.0000000000
19354  -13.824  -61.672  -33.648 0.0000000000
19355  -14.636  -61.608  -33.441 0.0000000000
19356  -15.083  -62.260  -33.421 0.0000000000
19369  -8.114  -61.093  -34.313 0.0000000000
19372  -12.343  -61.727  -35.116 0.0000000000
19385  -11.205  -60.614  -35.412 0.0000000000
19397  -8.639  -61.171  -35.918 0.0000000000
19428  -9.889  -61.046  -38.926 0.0000000000
20114  -11.585  -60.061  -11.475 0.0000000000
20115  -12.081  -59.900  -11.852 0.0000000000
20129  -9.807  -60.188  -12.789 0.0000000000
20145  -7.144  -59.694  -13.874 0.0000000000
20161  -7.314  -60.235  -14.256 0.0000000000
20162  -8.557  -59.981  -14.384 0.0000000000
20212  -6.777  -60.493  -17.069 0.0000000000
20367  -12.756  -60.727  -29.856 0.0000000000
20370  -15.056  -61.070  -29.421 0.0000000000
20378  -7.600  -60.381  -29.931 0.0000000000
20379  -8.200  -60.541  -30.438 0.0000000000
20380  -9.033  -60.603  -30.884 0.0000000000
20382  -11.411  -60.261  -30.745 0.0000000000
20408  -9.079  -60.494  -33.602 0.0000000000
20412  -17.024  -60.670  -33.007 0.0000000000
20427  -10.061  -60.671  -34.924 0.0000000000
20428  -11.917  -60.077  -33.693 0.0000000000
20441  -8.712  -60.556  -34.505 0.0000000000
20443  -10.588  -60.128  -35.535 0.0000000000
20444  -11.572  -60.439  -35.062 0.0000000000
20458  -8.754  -60.621  -35.539 0.0000000000
20472  -8.774  -60.601  -36.372 0.0000000000
20503  -9.014  -60.246  -38.087 0.0000000000
20515  -9.807  -60.468  -39.411 0.0000000000
21184  -9.076  -59.083  -12.527 0.0000000000
21186  -10.619  -59.038  -11.968 0.0000000000
21187  -11.908  -59.133  -12.276 0.0000000000
21189  -13.110  -59.366  -13.055 0.0000000000
21205  -7.315  -59.150  -13.359 0.0000000000
21221  -6.820  -59.689  -14.366 0.0000000000
21235  -6.716  -59.926  -15.251 0.0000000000
21430  -7.035  -59.693  -28.850 0.0000000000
21435  -14.122  -59.963  -29.561 0.0000000000
21439  -18.045  -59.776  -29.604 0.0000000000
21449  -9.351  -59.797  -31.267 0.0000000000
21450  -11.161  -59.565  -30.895 0.0000000000
21452  -12.674  -59.400  -29.781 0.0000000000
21478  -14.838  -59.617  -33.469 0.0000000000
21494  -10.873  -58.862  -33.730 0.0000000000
21506  -10.382  -59.310  -35.112 0.0000000000
21507  -11.095  -59.718  -34.100 0.0000000000
21523  -9.586  -59.319  -36.243 0.0000000000
21539  -9.065  -59.942  -36.384 0.0000000000
21540  -9.416  -58.901  -36.574 0.0000000000
22183  -11.306  -59.018  -12.035 0.0000000000
22197  -9.312  -58.565  -12.450 0.0000000000
22199  -13.403  -58.041  -13.212 0.0000000000
22215  -7.134  -58.557  -13.314 0.0000000000
22435  -6.925  -59.163  -28.100 0.0000000000
22446  -15.927  -58.350  -29.411 0.0000000000
22448  -18.035  -58.258  -29.524 0.0000000000
22449  -18.921  -58.268  -29.717 0.0000000000
22463  -12.116  -58.895  -29.826 0.0000000000
22486  -16.217  -59.082  -33.533 0.0000000000
22502  -11.234  -58.189  -33.362 0.0000000000
22503  -12.053  -58.424  -33.192 0.0000000000
22505  -14.786  -58.688  -33.795 0.0000000000
22506  -15.685  -58.667  -33.810 0.0000000000
22523  -9.888  -58.264  -35.431 0.0000000000
23239  -8.885  -57.921  -12.666 0.0000000000
23241  -11.536  -57.504  -12.941 0.0000000000
23258  -9.750  -57.246  -12.976 0.0000000000
23271  -7.115  -56.993  -13.982 0.0000000000
23484  -7.008  -58.128  -29.499 0.0000000000
23486  -7.364  -57.895  -30.286 0.0000000000
23489  -12.928  -56.923  -28.818 0.0000000000
23502  -7.743  -57.292  -30.601 0.0000000000
23504  -10.259  -57.538  -30.110 0.0000000000
23515  -8.069  -57.438  -31.003 0.0000000000
23516  -8.425  -57.534  -31.141 0.0000000000
23517  -8.773  -57.120  -31.057 0.0000000000
23536  -10.276  -57.307  -34.368 0.0000000000
23539  -12.672  -58.195  -33.589 0.0000000000
23565  -9.828  -57.533  -35.070 0.0000000000
23566  -10.914  -57.066  -34.119 0.0000000000
23590  -9.643  -57.112  -35.567 0.0000000000
23593  -12.032  -57.173  -34.876 0.0000000000
23623  -9.460  -57.453  -37.213 0.0000000000
24287  -9.297  -56.609  -13.676 0.0000000000
24302  -7.732  -56.407  -14.260 0.0000000000
24303  -8.820  -56.108  -14.263 0.0000000000
24312  -6.574  -56.180  -15.181 0.0000000000
24471  -6.906  -56.027  -27.154 0.0000000000
24474  -7.003  -56.708  -28.704 0.0000000000
24478  -10.264  -56.036  -29.420 0.0000000000
24479  -11.024  -56.164  -28.801 0.0000000000
24480  -12.156  -56.279  -28.713 0.0000000000
24482  -14.595  -55.967  -29.299 0.0000000000
24483  -15.490  -56.178  -29.435 0.0000000000
24484  -16.386  -56.347  -29.519 0.0000000000
24495  -9.157  -56.485  -30.726 0.0000000000
24505  -8.665  -56.485  -30.686 0.0000000000
24544  -10.364  -56.742  -34.872 0.0000000000
24558  -9.942  -56.490  -35.522 0.0000000000
24559  -10.524  -56.234  -35.570 0.0000000000
25237  -12.217  -55.886  -13.316 0.0000000000
25238  -12.765  -55.301  -13.220 0.0000000000
25254  -10.821  -55.577  -13.938 0.0000000000
25265  -6.429  -55.480  -15.657 0.0000000000
25284  -7.275  -55.676  -14.802 0.0000000000
25309  -5.737  -55.549  -17.973 0.0000000000
25339  -31.166  -55.565  -19.982 0.0000000000
25363  -31.233  -55.104  -20.072 0.0000000000
25381  -31.190  -54.626  -19.968 0.0000000000
25494  -7.471  -56.185  -29.538 0.0000000000
25513  -10.303  -55.212  -30.148 0.0000000000
25515  -12.332  -55.034  -29.868 0.0000000000
25517  -14.857  -54.770  -29.916 0.0000000000
25529  -8.272  -56.198  -30.362 0.0000000000
26262  -11.345  -54.050  -13.812 0.0000000000
26264  -12.671  -54.564  -13.191 0.0000000000
26278  -8.631  -54.695  -14.856 0.0000000000
26280  -10.648  -54.684  -14.203 0.0000000000
26293  -7.905  -53.854  -15.049 0.0000000000
26294  -15.400  -54.342  -15.470 0.0000000000
26295  -16.182  -54.580  -16.044 0.0000000000
26328  -24.129  -53.900  -18.309 0.0000000000
26334  -31.601  -55.192  -18.929 0.0000000000
26335  -31.648  -54.753  -19.265 0.0000000000
26371  -31.476  -54.259  -19.512 0.0000000000
26448  -7.157  -54.456  -26.306 0.0000000000
26464  -7.716  -54.534  -28.050 0.0000000000
26466  -8.019  -54.690  -28.874 0.0000000000
26471  -8.482  -54.922  -29.591 0.0000000000
26485  -15.980  -54.302  -30.548 0.0000000000
26498  -10.739  -54.279  -30.727 0.0000000000
26503  -15.494  -53.917  -31.188 0.0000000000
26518  -11.991  -54.335  -32.709 0.0000000000
27248  -13.059  -54.148  -13.209 0.0000000000
27259  -13.217  -53.419  -13.262 0.0000000000
27269  -14.187  -53.350  -13.980 0.0000000000
27270  -14.689  -52.953  -14.769 0.0000000000
27295  -19.378  -53.860  -17.981 0.0000000000
27296  -22.683  -52.339  -17.579 0.0000000000
27299  -25.192  -52.428  -17.718 0.0000000000
27335  -29.633  -52.503  -19.004 0.0000000000
27354  -29.393  -52.008  -19.811 0.0000000000
27402  -29.402  -53.360  -23.519 0.0000000000
27438  -9.236  -53.607  -29.306 0.0000000000
27448  -9.574  -53.771  -29.803 0.0000000000
27461  -11.346  -53.971  -31.931 0.0000000000
27473  -11.308  -53.038  -32.506 0.0000000000
27490  -11.356  -53.696  -34.165 0.0000000000
27506  -11.206  -53.154  -34.372 0.0000000000
27507  -11.602  -53.584  -34.935 0.0000000000
27508  -12.563  -53.806  -35.644 0.0000000000
27527  -12.010  -53.072  -35.811 0.0000000000
28207  -12.599  -51.962  -13.307 0.0000000000
28215  -8.734  -52.341  -14.984 0.0000000000
28218  -14.823  -51.981  -14.771 0.0000000000
28222  -6.597  -51.947  -16.324 0.0000000000
28245  -21.361  -51.220  -17.405 0.0000000000
28249  -24.697  -51.887  -17.690 0.0000000000
28251  -25.858  -52.174  -18.117 0.0000000000
28266  -28.418  -51.615  -18.803 0.0000000000
28284  -28.076  -51.550  -18.915 0.0000000000
28341  -29.568  -52.834  -24.410 0.0000000000
28372  -8.548  -53.741  -27.980 0.0000000000
28396  -11.219  -52.557  -31.366 0.0000000000
28437  -12.459  -52.888  -36.391 0.0000000000
29105  -12.065  -51.430  -13.447 0.0000000000
29114  -12.096  -50.629  -13.729 0.0000000000
29116  -15.043  -51.034  -14.728 0.0000000000
29120  -7.963  -50.956  -15.742 0.0000000000
29121  -9.259  -51.866  -14.917 0.0000000000
29137  -18.684  -51.577  -17.080 0.0000000000
29143  -24.303  -51.492  -17.807 0.0000000000
29144  -24.931  -51.753  -17.921 0.0000000000
29146  -32.488  -52.623  -15.681 0.0000000000
29153  -19.806  -52.337  -18.099 0.0000000000
29156  -24.630  -51.520  -18.089 0.0000000000
29158  -26.778  -52.020  -18.598 0.0000000000
29213  -29.190  -51.580  -23.006 0.0000000000
29241  -8.985  -51.515  -26.132 0.0000000000
29243  -12.343  -51.933  -27.055 0.0000000000
29254  -8.498  -52.883  -26.895 0.0000000000
29263  -9.410  -53.300  -28.418 0.0000000000
29265  -10.438  -52.866  -28.347 0.0000000000
29266  -11.141  -52.250  -28.522 0.0000000000
29273  -9.921  -52.610  -29.417 0.0000000000
29274  -10.816  -51.682  -29.756 0.0000000000
29283  -10.473  -52.063  -29.668 0.0000000000
29284  -10.882  -51.765  -30.010 0.0000000000
29285  -11.451  -51.200  -30.490 0.0000000000
30094  -13.422  -50.463  -13.932 0.0000000000
30102  -16.636  -49.762  -15.199 0.0000000000
30111  -7.791  -49.903  -16.759 0.0000000000
30126  -23.278  -50.704  -17.910 0.0000000000
30215  -12.999  -51.118  -26.744 0.0000000000
30222  -10.407  -51.920  -26.436 0.0000000000
30231  -14.131  -50.627  -28.020 0.0000000000
30241  -11.307  -51.177  -30.057 0.0000000000
30269  -11.893  -50.704  -31.058 0.0000000000
30285  -12.510  -50.705  -32.291 0.0000000000
31087  -13.442  -49.610  -14.357 0.0000000000
31096  -8.457  -49.704  -16.334 0.0000000000
31102  -15.810  -48.975  -15.093 0.0000000000
31104  -17.056  -49.205  -15.377 0.0000000000
31115  -16.969  -48.736  -15.617 0.0000000000
31122  -20.138  -48.999  -17.199 0.0000000000
31133  -20.532  -49.427  -19.251 0.0000000000
31142  -32.277  -49.022  -20.115 0.0000000000
31166  -28.177  -50.286  -22.689 0.0000000000
31169  -8.812  -49.293  -24.074 0.0000000000
31183  -9.453  -49.405  -25.212 0.0000000000
31199  -10.531  -49.642  -25.776 0.0000000000
31212  -14.388  -50.074  -27.606 0.0000000000
31217  -14.316  -49.905  -28.881 0.0000000000
31250  -12.244  -49.928  -30.838 0.0000000000
32052  -10.277  -48.512  -16.062 0.0000000000
32058  -32.158  -49.695  -13.526 0.0000000000
32064  -12.625  -47.773  -16.174 0.0000000000
32067  -15.164  -47.816  -16.685 0.0000000000
32070  -18.184  -48.841  -16.442 0.0000000000
32199  -10.118  -49.251  -25.612 0.0000000000
32200  -10.788  -48.635  -25.848 0.0000000000
32202  -12.241  -49.052  -26.208 0.0000000000
32208  -14.536  -49.208  -27.515 0.0000000000
32212  -14.722  -48.738  -28.388 0.0000000000
33140  -9.595  -47.289  -24.707 0.0000000000
33178  -14.181  -47.661  -27.040 0.0000000000
33189  -14.487  -47.812  -28.095 0.0000000000
33208  -14.585  -48.075  -29.079 0.0000000000
33236  -14.078  -47.376  -32.516 0.0000000000
34166  -9.221  -46.114  -23.754 0.0000000000
34198  -11.205  -46.338  -25.755 0.0000000000
35138  -32.332  -45.142  -16.510 0.0000000000
35150  -32.089  -45.215  -17.572 0.0000000000
35151  -32.356  -45.533  -17.243 0.0000000000
35265  -9.235  -45.262  -23.399 0.0000000000
35287  -11.565  -45.499  -25.584 0.0000000000
35300  -13.433  -45.594  -27.112 0.0000000000
35323  -13.312  -45.652  -28.104 0.0000000000
36293  -31.699  -44.307  -16.328 0.0000000000
36294  -32.148  -44.721  -16.499 0.0000000000
36422  -10.609  -44.465  -24.801 0.0000000000
36423  -11.201  -44.183  -25.102 0.0000000000
36493  -13.342  -44.357  -29.116 0.0000000000
36511  -14.332  -44.046  -30.942 0.0000000000
37659  -14.825  -42.667  -30.481 0.0000000000
37695  -15.076  -43.790  -31.439 0.0000000000
38583  -10.509  -42.839  -23.748 0.0000000000
38585  -11.997  -41.859  -25.133 0.0000000000
38684  -15.087  -42.230  -30.258 0.0000000000
38701  -15.180  -42.672  -30.426 0.0000000000
39655  -15.151  -40.718  -28.689 0.0000000000
39671  -15.016  -40.787  -29.188 0.0000000000
40530  -11.051  -39.541  -22.114 0.0000000000
40556  -12.110  -40.466  -24.914 0.0000000000
40610  -14.219  -40.308  -27.370 0.0000000000
40612  -15.053  -40.450  -28.014 0.0000000000
40628  -14.753  -40.564  -28.491 0.0000000000
41542  -11.815  -38.897  -23.455 0.0000000000
41559  -11.582  -39.618  -23.466 0.0000000000
41601  -14.129  -39.712  -26.673 0.0000000000
41602  -14.602  -39.352  -26.553 0.0000000000
41603  -14.997  -38.935  -26.548 0.0000000000
42669  -17.797  -38.028  -27.605 0.0000000000
42670  -18.550  -38.210  -27.670 0.0000000000
43569  -12.644  -36.654  -22.858 0.0000000000
43588  -13.399  -36.858  -24.676 0.0000000000
43642  -18.217  -36.843  -27.493 0.0000000000
44577  -12.967  -36.133  -22.067 0.0000000000
44586  -13.188  -35.758  -23.192 0.0000000000
44607  -16.909  -35.411  -25.098 0.0000000000
44636  -15.705  -35.673  -26.002 0.0000000000
44646  -17.939  -36.296  -27.303 0.0000000000
44647  -18.480  -36.476  -27.232 0.0000000000
45574  -13.312  -35.794  -22.450 0.0000000000
45587  -13.531  -35.310  -22.924 0.0000000000
45588  -14.309  -34.987  -23.402 0.0000000000
45622  -14.975  -34.916  -24.843 0.0000000000
45623  -16.207  -35.039  -25.547 0.0000000000
45630  -16.322  -35.424  -26.110 0.0000000000
45631  -16.739  -35.418  -26.201 0.0000000000
123632  -11.869  -46.778  -17.741 0.0000000000
124396  -9.135  -49.636  -15.875 0.0000000000
124398  -9.789  -84.609  -23.206 0.0000000000
124613  -7.334  -75.083  -15.340 0.0000000000
124623  -32.155  -53.575  -18.554 0.0000000000
124868  -6.579  -61.785  -15.711 0.0000000000
124869  -17.612  -73.837  -46.958 0.0000000000
124873  -10.220  -54.927  -30.285 0.0000000000
125167  -8.244  -73.878  -13.648 0.0000000000
125190  -7.176  -79.679  -18.315 0.0000000000
125447  -14.322  -86.528  -16.882 0.0000000000
125606  -12.103  -68.489  -47.321 0.0000000000
125642  -18.124  -48.469  -19.805 0.0000000000
125740  -15.463  -78.716  -25.391 0.0000000000
125869  -9.545  -60.386  -35.435 0.0000000000
126074  -7.864  -62.246  -33.518 0.0000000000
126205  -15.401  -57.693  -29.371 0.0000000000
126349  -14.514  -57.701  -29.298 0.0000000000
126424  -7.665  -70.267  -41.001 0.0000000000
126702  -7.750  -70.124  -42.198 0.0000000000
126948  -6.827  -61.027  -14.571 0.0000000000
126973  -8.557  -61.851  -35.430 0.0000000000
127004  -12.041  -74.427  -19.672 0.0000000000
127109  -13.602  -59.052  -29.512 0.0000000000
127168  -12.108  -90.696  -29.708 0.0000000000
127214  -9.782  -61.597  -13.028 0.0000000000
127237  -22.534  -53.788  -18.522 0.0000000000
127269  -30.121  -50.364  -22.040 0.0000000000
127314  -13.119  -77.985  -25.516 0.0000000000
127323  -11.474  -75.365  -26.208 0.0000000000
127328  -25.342  -71.259  -54.576 0.0000000000
127658  -18.170  -83.662  -35.777 0.0000000000
127811  -32.466  -48.006  -15.907 0.0000000000
128016  -15.104  -41.497  -29.778 0.0000000000
128062  -8.350  -56.502  -30.570 0.0000000000
128321  -11.930  -53.410  -13.309 0.0000000000
128363  -6.814  -62.546  -15.150 0.0000000000
128367  -14.760  -47.212  -18.439 0.0000000000
128376  -12.302  -86.973  -27.463 0.0000000000
128411  -32.483  -48.878  -17.881 0.0000000000
128563  -16.493  -90.722  -30.204 0.0000000000
128598  -15.036  -65.817  -31.008 0.0000000000
128646  -7.822  -79.194  -11.017 0.0000000000
128781  -17.984  -38.436  -27.717 0.0000000000
128864  -10.850  -91.288  -27.587 0.0000000000
128995  -7.732  -53.005  -15.251 0.0000000000
129083  -9.758  -76.974  -24.969 0.0000000000
129085  -12.711  -76.437  -21.848 0.0000000000
129159  -7.548  -76.798  -18.461 0.0000000000
129194  -14.862  -89.088  -16.933 0.0000000000
129247  -7.374  -65.731  -29.538 0.0000000000
129315  -7.293  -80.903  -16.865 0.0000000000
129365  -10.449  -83.101  -17.985 0.0000000000
129466  -22.359  -51.474  -19.762 0.0000000000
129497  -11.103  -66.734  -47.687 0.0000000000
129629  -9.984  -75.787  -13.257 0.0000000000
129710  -10.198  -71.911  -45.980 0.0000000000
129796  -6.458  -57.734  -14.877 0.0000000000
129900  -16.554  -59.001  -29.421 0.0000000000
129980  -14.490  -91.394  -23.617 0.0000000000
129989  -7.450  -77.971  -21.463 0.0000000000
130125  -8.816  -80.408  -13.255 0.0000000000
130154  -6.190  -53.510  -15.951 0.0000000000
130580  -8.497  -68.237  -38.127 0.0000000000
130620  -15.742  -83.943  -23.405 0.0000000000
130632  -7.923  -62.038  -15.180 0.0000000000
130903  -12.779  -60.128  -33.362 0.0000000000
130922  -10.556  -67.976  -47.665 0.0000000000
131000  -9.385  -52.298  -26.601 0.0000000000
131030  -19.165  -82.238  -37.651 0.0000000000
131116  -20.937  -71.469  -49.504 0.0000000000
131145  -25.232  -79.014  -47.597 0.0000000000
131167  -15.171  -72.156  -42.884 0.0000000000
131225  -11.403  -50.425  -14.290 0.0000000000
131323  -12.515  -58.351  -12.877 0.0000000000
131878  -11.869  -61.858  -35.327 0.0000000000
131941  -9.607  -63.785  -10.296 0.0000000000
131983  -6.826  -58.088  -26.536 0.0000000000
132113  -10.437  -79.764  -21.843 0.0000000000
132210  -11.177  -76.997  -18.000 0.0000000000
132343  -8.499  -71.172  -43.882 0.0000000000
132353  -8.981  -60.891  -37.666 0.0000000000
132425  -7.260  -63.360  -15.509 0.0000000000
132466  -7.794  -65.942  -35.150 0.0000000000
132645  -21.559  -77.281  -46.738 0.0000000000
132746  -11.716  -67.861  -41.734 0.0000000000
132839  -22.100  -89.642  -32.572 0.0000000000
132902  -11.232  -54.237  -31.311 0.0000000000
132976  -22.567  -88.436  -27.554 0.0000000000
132985  -14.425  -84.160  -20.639 0.0000000000
132986  -22.094  -76.091  -44.927 0.0000000000
133102  -8.811  -66.942  -33.343 0.0000000000
133119  -15.976  -62.110  -29.285 0.0000000000
133139  -9.527  -61.341  -37.971 0.0000000000
133237  -10.192  -65.034  -45.858 0.0000000000
133531  -9.260  -71.455  -44.951 0.0000000000
133569  -7.972  -79.481  -10.138 0.0000000000
133573  -11.645  -47.144  -17.068 0.0000000000
133693  -10.290  -86.052  -22.904 0.0000000000
133719  -13.828  -86.095  -37.297 0.0000000000
133738  -19.052  -86.430  -39.667 0.0000000000
133864  -7.595  -63.236  -31.310 0.0000000000
133947  -7.836  -72.102  -41.986 0.0000000000
134022  -24.258  -72.492  -54.503 0.0000000000
134159  -7.602  -65.595  -31.058 0.0000000000
134178  -11.891  -47.675  -16.348 0.0000000000
134294  -7.640  -76.532  -9.674 0.0000000000
134334  -7.385  -73.894  -14.857 0.0000000000
134608  -10.353  -76.435  -22.943 0.0000000000
134620  -9.517  -64.251  -39.735 0.0000000000
134763  -8.824  -60.564  -35.092 0.0000000000
134786  -8.044  -52.236  -26.005 0.0000000000
134893  -6.929  -59.904  -26.607 0.0000000000
134960  -15.111  -81.661  -15.913 0.0000000000
135046  -8.088  -81.467  -25.502 0.0000000000
135125  -22.506  -51.390  -17.438 0.0000000000
135223  -7.353  -79.383  -20.532 0.0000000000
135243  -16.370  -38.001  -26.529 0.0000000000
135261  -18.444  -83.048  -17.550 0.0000000000
135316  -8.004  -68.871  -39.471 0.0000000000
135439  -7.613  -77.637  -22.214 0.0000000000
135454  -12.873  -42.804  -26.275 0.0000000000
135851  -7.728  -68.527  -17.755 0.0000000000
135865  -7.661  -69.399  -43.691 0.0000000000
135882  -9.837  -59.611  -12.310 0.0000000000
136031  -6.703  -58.211  -13.947 0.0000000000
136182  -24.733  -84.689  -40.633 0.0000000000
136323  -13.374  -43.528  -28.918 0.0000000000
136406  -10.226  -76.844  -21.187 0.0000000000
136481  -18.075  -84.955  -38.754 0.0000000000
136625  -9.800  -87.729  -28.319 0.0000000000
136632  -15.463  -38.138  -26.364 0.0000000000
136660  -11.400  -60.733  -11.215 0.0000000000
136836  -8.236  -69.487  -45.237 0.0000000000
136857  -13.509  -42.722  -28.865 0.0000000000
136860  -12.660  -71.100  -17.415 0.0000000000
136873  -31.936  -52.619  -18.758 0.0000000000
137079  -15.724  -81.657  -15.497 0.0000000000
137119  -9.620  -85.230  -25.289 0.0000000000
137168  -12.739  -56.006  -13.282 0.0000000000
137230  -13.299  -74.584  -17.648 0.0000000000
137271  -11.418  -65.672  -28.840 0.0000000000
137283  -15.038  -48.045  -15.882 0.0000000000
137357  -13.865  -90.245  -17.936 0.0000000000
137443  -17.338  -60.244  -29.513 0.0000000000
137461  -7.871  -79.954  -12.852 0.0000000000
137681  -32.442  -49.050  -17.037 0.0000000000
137850  -21.074  -81.730  -48.177 0.0000000000
137939  -8.697  -76.099  -14.744 0.0000000000
137993  -11.481  -79.567  -18.284 0.0000000000
138124  -8.339  -76.220  -17.835 0.0000000000
138194  -12.168  -81.360  -16.993 0.0000000000
138308  -12.214  -68.026  -18.583 0.0000000000
138350  -7.074  -52.427  -15.634 0.0000000000
138610  -13.506  -49.284  -30.408 0.0000000000
138684  -13.514  -85.151  -35.901 0.0000000000
138707  -10.209  -63.772  -36.345 0.0000000000
138785  -14.557  -78.399  -24.608 0.0000000000
138835  -22.015  -86.976  -19.564 0.0000000000
138877  -15.903  -91.124  -29.109 0.0000000000
138908  -17.118  -73.558  -47.658 0.0000000000
138955  -10.848  -73.059  -15.197 0.0000000000
139002  -14.809  -90.167  -28.152 0.0000000000
139028  -7.720  -61.675  -32.084 0.0000000000
139051  -24.821  -78.822  -48.247 0.0000000000
139135  -8.326  -88.629  -27.388 0.0000000000
139424  -13.524  -41.449  -27.861 0.0000000000
139535  -8.938  -68.357  -18.206 0.0000000000
139611  -15.631  -89.767  -33.244 0.0000000000
139760  -9.673  -76.561  -29.890 0.0000000000
139788  -7.786  -81.608  -15.924 0.0000000000
139812  -8.001  -78.901  -14.095 0.0000000000
139884  -8.705  -91.001  -29.152 0.0000000000
139962  -12.792  -70.092  -17.097 0.0000000000
140027  -15.251  -69.912  -43.672 0.0000000000
140110  -9.273  -71.779  -18.575 0.0000000000
140153  -19.205  -73.828  -42.576 0.0000000000
140202  -17.396  -88.438  -37.009 0.0000000000
140206  -6.832  -56.074  -26.212 0.0000000000
140308  -20.494  -73.359  -46.033 0.0000000000
140320  -9.085  -90.040  -27.986 0.0000000000
140369  -14.265  -63.106  -33.983 0.0000000000
140520  -25.188  -84.642  -42.308 0.0000000000
140530  -6.316  -57.109  -15.680 0.0000000000
140544  -8.360  -66.915  -35.793 0.0000000000
140547  -7.991  -61.710  -34.134 0.0000000000
140584  -14.515  -91.122  -18.325 0.0000000000
140608  -10.549  -80.822  -26.741 0.0000000000
140663  -16.946  -72.026  -50.104 0.0000000000
140777  -11.625  -82.840  -24.184 0.0000000000
140807  -9.618  -76.735  -26.427 0.0000000000
140948  -10.214  -89.072  -21.595 0.0000000000
141010  -14.172  -73.344  -43.347 0.0000000000
141018  -7.405  -77.749  -17.647 0.0000000000
141173  -14.990  -87.497  -19.509 0.0000000000
141187  -11.736  -56.699  -13.241 0.0000000000
141258  -6.978  -60.899  -27.237 0.0000000000
141320  -13.430  -63.463  -46.088 0.0000000000
141389  -15.105  -90.515  -28.499 0.0000000000
141442  -13.868  -89.096  -33.571 0.0000000000
141457  -10.316  -59.579  -31.160 0.0000000000
141659  -12.231  -46.711  -18.694 0.0000000000
142080  -11.849  -75.882  -25.114 0.0000000000
142091  -9.157  -55.142  -30.095 0.0000000000
142244  -13.859  -85.213  -35.145 0.0000000000
142292  -21.711  -77.589  -48.118 0.0000000000
142445  -22.373  -50.807  -19.077 0.0000000000
142581  -11.890  -71.479  -46.435 0.0000000000
142628  -10.459  -61.946  -14.751 0.0000000000
142743  -31.406  -54.879  -19.767 0.0000000000
142925  -16.899  -37.331  -26.792 0.0000000000
142966  -21.322  -85.720  -40.560 0.0000000000
142971  -10.901  -89.580  -32.915 0.0000000000
143001  -14.995  -79.976  -25.987 0.0000000000
143042  -19.476  -51.139  -17.297 0.0000000000
143075  -16.311  -79.272  -24.534 0.0000000000
143218  -23.542  -82.044  -45.971 0.0000000000
143329  -15.228  -60.228  -33.408 0.0000000000
143750  -15.303  -85.636  -17.685 0.0000000000
143785  -9.409  -66.670  -12.352 0.0000000000
143837  -12.561  -63.424  -46.582 0.0000000000
143983  -25.219  -76.203  -48.696 0.0000000000
143997  -15.662  -79.194  -21.984 0.0000000000
144058  -16.738  -60.641  -29.447 0.0000000000
144103  -18.896  -84.866  -20.052 0.0000000000
144129  -8.007  -70.125  -43.748 0.0000000000
144222  -20.271  -85.720  -42.539 0.0000000000
144227  -12.104  -89.322  -32.139 0.0000000000
144252  -17.618  -84.172  -32.291 0.0000000000
144301  -8.770  -53.822  -28.725 0.0000000000
144333  -6.560  -60.949  -16.189 0.0000000000
144342  -10.923  -63.241  -16.209 0.0000000000
144352  -24.719  -85.228  -41.894 0.0000000000
144376  -7.905  -79.782  -26.243 0.0000000000
144396  -23.594  -51.279  -18.930 0.0000000000
144495  -8.983  -53.121  -27.357 0.0000000000
144510  -8.327  -62.472  -27.761 0.0000000000
144529  -11.507  -84.429  -23.389 0.0000000000
144586  -9.739  -56.651  -37.207 0.0000000000
144693  -8.922  -76.166  -11.286 0.0000000000
144718  -12.921  -60.843  -12.840 0.0000000000
144766  -9.132  -59.737  -38.275 0.0000000000
144826  -9.552  -74.446  -19.966 0.0000000000
144876  -18.154  -87.887  -22.511 0.0000000000
144953  -15.142  -66.441  -48.136 0.0000000000
144964  -19.652  -86.554  -30.637 0.0000000000
144975  -23.877  -87.709  -35.513 0.0000000000
144984  -13.607  -75.262  -48.461 0.0000000000
145249  -10.458  -65.130  -13.364 0.0000000000
145479  -21.801  -88.817  -27.326 0.0000000000
145498  -17.152  -80.852  -22.571 0.0000000000
145542  -30.902  -52.200  -21.232 0.0000000000
145560  -14.386  -64.946  -27.756 0.0000000000
145561  -10.476  -70.174  -47.142 0.0000000000
145662  -11.270  -54.495  -31.120 0.0000000000
145671  -14.469  -89.432  -33.166 0.0000000000
145732  -25.259  -82.134  -39.323 0.0000000000
146127  -24.428  -88.729  -32.988 0.0000000000
146183  -9.747  -77.554  -13.677 0.0000000000
146247  -24.610  -83.743  -43.795 0.0000000000
146275  -15.984  -91.606  -24.943 0.0000000000
146327  -23.195  -70.452  -54.551 0.0000000000
146383  -9.440  -67.831  -35.213 0.0000000000
146409  -11.329  -53.587  -32.446 0.0000000000
146564  -16.015  -81.492  -16.969 0.0000000000
146587  -13.718  -77.899  -27.326 0.0000000000
146636  -19.618  -70.564  -53.200 0.0000000000
146715  -11.435  -51.772  -13.879 0.0000000000
147025  -20.836  -68.188  -52.953 0.0000000000
147071  -8.699  -61.966  -15.932 0.0000000000
147116  -12.413  -67.668  -46.679 0.0000000000
147138  -7.167  -84.852  -23.437 0.0000000000
147391  -18.365  -68.729  -52.159 0.0000000000
147443  -11.295  -53.472  -33.401 0.0000000000
147483  -11.808  -70.091  -47.410 0.0000000000
147790  -16.481  -63.637  -29.028 0.0000000000
147944  -10.238  -59.644  -35.676 0.0000000000
147946  -9.707  -71.227  -15.587 0.0000000000
148023  -15.777  -70.926  -50.481 0.0000000000
148198  -9.056  -69.038  -18.390 0.0000000000
148253  -13.835  -50.628  -14.155 0.0000000000
148341  -6.376  -57.674  -15.593 0.0000000000
148360  -18.131  -84.157  -36.557 0.0000000000
148549  -7.803  -68.408  -41.583 0.0000000000
148566  -16.355  -63.146  -32.901 0.0000000000
148663  -20.321  -81.454  -48.541 0.0000000000
148753  -16.605  -90.732  -31.669 0.0000000000
148798  -14.163  -75.364  -25.982 0.0000000000
148815  -13.685  -46.992  -31.730 0.0000000000
148818  -16.913  -61.227  -32.944 0.0000000000
148938  -15.104  -65.760  -31.829 0.0000000000
149238  -9.163  -76.964  -20.095 0.0000000000
149295  -14.070  -76.322  -19.782 0.0000000000
149356  -17.190  -62.940  -29.428 0.0000000000
149423  -26.251  -74.620  -48.972 0.0000000000
149540  -17.945  -74.052  -51.589 0.0000000000
149574  -12.394  -79.496  -20.320 0.0000000000
149738  -11.128  -60.082  -11.423 0.0000000000
149742  -8.867  -50.132  -15.673 0.0000000000
149770  -15.785  -90.466  -27.397 0.0000000000
149796  -9.314  -48.228  -24.370 0.0000000000
149821  -10.265  -41.704  -22.652 0.0000000000
149946  -7.921  -76.476  -18.362 0.0000000000
149972  -10.131  -50.404  -25.811 0.0000000000
150038  -12.274  -57.022  -28.770 0.0000000000
150073  -12.757  -79.440  -22.628 0.0000000000
150096  -23.898  -88.600  -29.023 0.0000000000
150132  -17.249  -63.156  -32.371 0.0000000000
150231  -9.070  -49.310  -24.688 0.0000000000
150241  -12.933  -86.892  -17.508 0.0000000000
150250  -14.329  -77.964  -26.174 0.0000000000
150319  -10.308  -77.473  -25.362 0.0000000000
150344  -23.877  -84.743  -43.024 0.0000000000
150362  -8.774  -61.794  -35.856 0.0000000000
150364  -18.299  -85.851  -30.596 0.0000000000
150585  -11.600  -88.334  -34.198 0.0000000000
150672  -10.623  -64.221  -31.426 0.0000000000
150716  -17.934  -88.824  -38.761 0.0000000000
150791  -7.605  -70.659  -39.706 0.0000000000
150894  -8.730  -81.127  -24.894 0.0000000000
151014  -13.628  -51.096  -28.122 0.0000000000
151049  -7.992  -65.723  -43.478 0.0000000000
