#!ascii label  , from subject sub-v1s11x0050147_ses-1 vox2ras=TkReg
3313
425  11.059  -95.805  -5.474 0.8999999762
595  12.298  -94.345  -6.896 0.8999999762
435  9.575  -95.152  -7.347 0.8999999762
415  12.186  -95.979  -5.587 0.8999999762
134924  12.255  -95.293  -6.006 0.8999999762
594  13.079  -94.123  -6.953 0.8999999762
1372  6.856  -92.496  -11.263 0.5000000000
142092  9.057  -95.337  -5.238 0.8000000119
847  8.498  -93.569  -11.693 0.6999999881
598  8.557  -94.447  -7.215 0.8000000119
406  10.506  -95.445  -3.644 0.8000000119
272  11.032  -96.094  -4.116 0.8000000119
284  11.516  -96.553  -4.340 0.8999999762
819  13.182  -93.326  -7.999 0.8999999762
140115  12.087  -96.896  -5.061 0.8999999762
424  12.830  -95.281  -6.267 0.8999999762
21  15.016  -99.773  -6.684 0.6999999881
95  12.947  -98.560  -6.325 0.8000000119
437  13.475  -95.107  -7.673 0.8999999762
104  12.193  -98.018  -9.109 0.6999999881
139562  13.723  -98.911  -8.786 0.8000000119
794  8.277  -94.339  -3.563 0.8000000119
1029  8.777  -93.438  -4.773 0.8000000119
801  8.382  -94.182  -5.838 0.8000000119
580  8.463  -94.104  -6.672 0.8000000119
630  8.979  -94.399  -11.521 0.6999999881
573  8.914  -95.016  -3.445 0.6999999881
603  9.246  -94.936  -8.139 0.8000000119
566  10.647  -94.935  -2.609 0.8000000119
572  10.062  -95.068  -3.231 0.6999999881
408  9.286  -95.259  -4.035 0.8000000119
123455  9.614  -95.581  -5.779 0.8999999762
621  10.213  -95.216  -10.118 0.8000000119
571  11.474  -94.845  -3.191 0.8000000119
602  10.628  -94.760  -8.397 0.8999999762
279  11.815  -96.712  -4.153 0.8000000119
433  13.438  -94.620  -7.122 0.8999999762
131975  14.919  -98.360  -4.496 0.6999999881
278  13.425  -96.999  -4.099 0.6999999881
434  13.261  -95.395  -6.685 0.8999999762
24  13.052  -99.065  -5.528 0.8000000119
126649  12.645  -97.219  -5.890 0.8999999762
112  11.913  -98.126  -10.301 0.6999999881
1358  6.439  -92.184  -10.465 0.6000000238
1696  8.491  -90.882  -10.395 0.8999999762
121420  8.658  -92.516  -2.091 0.8000000119
1348  9.450  -91.294  -10.022 1.0000000000
1020  8.002  -93.714  -2.309 0.8000000119
532  11.829  -95.229  1.161 0.5000000000
134178  9.786  -95.104  -1.914 0.6999999881
576  8.641  -94.745  -4.173 0.8000000119
611  8.926  -94.318  -10.232 0.8000000119
597  8.940  -94.885  -7.323 0.8999999762
622  9.203  -94.656  -10.715 0.8000000119
393  12.536  -96.634  -0.774 0.6000000238
439  9.826  -95.112  -8.285 0.8999999762
609  10.594  -94.793  -9.285 0.8999999762
142802  16.955  -97.658  -4.041 0.6000000238
820  12.702  -93.245  -8.304 0.8999999762
80  17.637  -98.110  -4.558 0.5000000000
81  16.815  -98.198  -4.577 0.6000000238
138400  15.874  -99.696  -6.581 0.6999999881
290  12.672  -96.283  -5.810 0.8999999762
600  13.541  -94.113  -7.749 0.8999999762
14  16.983  -99.205  -5.841 0.6000000238
91  13.007  -99.040  -4.611 0.8000000119
442  13.572  -94.627  -8.553 0.8000000119
443  13.229  -95.432  -9.196 0.8000000119
23  13.601  -99.310  -6.275 0.8000000119
25  17.401  -99.246  -7.548 0.4000000060
28  14.815  -99.771  -7.551 0.8000000119
107  12.560  -98.307  -9.313 0.8000000119
4390  8.273  -84.234  6.243 0.6999999881
4391  7.506  -84.507  6.366 0.6999999881
4402  8.266  -83.863  5.264 0.8000000119
4415  7.719  -84.386  4.846 0.8000000119
126262  7.417  -87.075  3.253 0.8000000119
4413  9.575  -83.890  4.235 0.8000000119
4414  8.631  -84.260  4.396 0.8000000119
4424  9.299  -84.545  3.567 0.8000000119
131256  8.397  -85.766  3.172 0.8000000119
3394  7.581  -87.035  2.316 0.8000000119
1313  5.462  -92.203  -5.536 0.8999999762
1609  9.055  -90.638  -1.439 0.6000000238
139551  9.133  -91.131  -10.411 0.8999999762
1025  8.542  -93.463  -3.787 0.8999999762
132887  9.615  -91.686  -9.510 1.0000000000
1064  9.278  -92.329  -10.101 0.8000000119
555  9.570  -95.290  -0.691 0.8000000119
134402  8.681  -93.629  -6.308 0.8000000119
1054  9.220  -92.763  -9.039 0.8000000119
554  10.745  -95.292  -1.609 0.6999999881
427  9.217  -95.205  -6.624 0.8000000119
565  11.793  -94.866  -2.652 0.6999999881
134784  11.408  -93.880  -10.798 0.8000000119
77  17.414  -97.704  -3.712 0.6000000238
564  12.650  -94.796  -3.227 0.6999999881
842  12.028  -93.136  -10.011 0.8000000119
283  12.245  -97.240  -4.401 0.8999999762
135128  13.899  -93.258  -9.424 0.6999999881
607  13.714  -93.638  -8.676 0.8000000119
94  18.348  -98.695  -6.542 0.5000000000
88  18.031  -98.502  -5.412 0.5000000000
89  16.389  -98.913  -5.157 0.6999999881
11  14.835  -99.132  -4.760 0.6999999881
18  13.453  -99.253  -5.223 0.8000000119
301  12.504  -96.437  -9.625 0.6999999881
30  13.434  -99.008  -6.923 0.8999999762
101  16.523  -98.929  -8.465 0.5000000000
32  16.220  -99.424  -8.219 0.5000000000
311  11.812  -97.313  -11.011 0.6999999881
3879  7.835  -86.309  7.551 0.6000000238
4389  9.262  -84.383  6.426 0.6999999881
4401  9.848  -83.769  5.735 0.8000000119
130022  8.911  -83.819  5.756 0.8000000119
4931  10.618  -83.649  5.287 0.8000000119
4423  10.216  -84.071  3.447 0.8000000119
4436  9.086  -85.219  2.926 0.8000000119
3928  7.807  -86.320  3.446 0.8000000119
4435  9.826  -84.663  2.762 0.8000000119
3926  9.494  -85.109  2.069 0.8000000119
120952  8.047  -86.368  2.708 0.8000000119
1338  6.800  -91.344  -9.213 0.8999999762
1350  7.171  -91.411  -10.163 0.6999999881
1267  10.186  -91.769  0.436 0.6000000238
1371  8.007  -92.152  -11.426 0.8000000119
771  7.988  -93.513  -0.056 0.6000000238
623  8.754  -93.952  -10.939 0.8000000119
854  8.680  -93.983  -12.345 0.6999999881
1035  8.824  -93.474  -5.623 0.6999999881
790  8.382  -94.444  -2.644 0.8000000119
822  8.868  -94.277  -9.490 0.8999999762
394  11.109  -96.236  -0.165 0.6999999881
126110  8.494  -94.640  -5.042 0.8000000119
142314  9.792  -95.213  -9.757 0.8000000119
610  9.314  -94.823  -9.788 0.8000000119
553  11.746  -95.629  -1.501 0.6999999881
620  11.186  -94.302  -9.863 0.8000000119
370  13.171  -96.646  0.924 0.5000000000
399  12.667  -95.075  -2.469 0.6999999881
132900  10.603  -94.892  -10.856 0.8000000119
166  18.707  -97.486  -3.115 0.3000000119
137227  13.020  -97.242  0.141 0.5000000000
138979  12.487  -92.719  -9.548 0.8000000119
403  14.308  -95.368  -3.561 0.6999999881
404  13.442  -94.978  -3.546 0.6999999881
268  15.327  -96.327  -4.152 0.6000000238
175  15.574  -97.177  -4.257 0.6000000238
177  13.228  -98.288  -4.234 0.6999999881
180  12.612  -98.029  -4.669 0.8999999762
619  13.966  -93.574  -10.356 0.6000000238
96  18.683  -98.351  -7.685 0.4000000060
27  15.803  -99.796  -7.535 0.6000000238
186  19.343  -97.465  -7.970 0.4000000060
145604  17.547  -97.233  -8.071 0.4000000060
31  17.068  -99.109  -8.129 0.4000000060
35  14.395  -99.399  -8.288 0.8000000119
144924  14.228  -98.972  -9.095 0.8000000119
4950  11.143  -83.702  3.751 0.8000000119
123116  12.478  -87.009  3.352 0.5000000000
3384  12.220  -86.886  2.508 0.5000000000
3383  12.942  -86.094  3.017 0.5000000000
3927  8.704  -85.695  2.310 0.8000000119
2916  10.577  -87.905  1.458 0.5000000000
3402  12.585  -86.366  1.691 0.5000000000
3393  8.231  -86.274  1.802 0.8000000119
2915  11.747  -87.113  1.642 0.5000000000
3413  12.525  -86.405  0.966 0.5000000000
2428  10.026  -88.778  1.752 0.5000000000
2927  10.678  -87.782  0.485 0.5000000000
1684  7.698  -90.487  -9.021 0.8999999762
1579  9.221  -90.488  0.114 0.5000000000
1008  8.006  -92.943  -0.728 0.6000000238
1293  9.882  -92.037  -2.814 0.8000000119
1019  8.611  -93.000  -2.898 0.8999999762
1330  10.605  -90.929  -8.237 1.0000000000
1034  10.055  -92.753  -5.417 0.8999999762
1045  9.612  -92.884  -6.474 0.8999999762
809  8.837  -93.415  -7.070 0.8999999762
641  9.386  -94.801  -12.086 0.6999999881
382  13.771  -95.706  0.510 0.5000000000
639  10.364  -94.908  -12.241 0.6999999881
846  11.487  -93.573  -11.531 0.8000000119
156  16.600  -97.621  -1.402 0.4000000060
392  13.341  -95.661  -2.138 0.6999999881
265  14.155  -95.714  -2.565 0.6000000238
164  15.727  -97.265  -2.339 0.5000000000
142166  16.314  -97.282  -3.109 0.5000000000
258  14.452  -96.904  -1.571 0.5000000000
277  14.821  -95.979  -4.245 0.6999999881
263  15.572  -96.435  -3.672 0.6000000238
97  17.822  -98.722  -7.978 0.4000000060
90  15.635  -99.167  -5.124 0.6999999881
132548  16.021  -97.170  -8.414 0.5000000000
4356  5.992  -85.651  11.643 0.4000000060
137908  7.584  -86.850  9.473 0.4000000060
3840  5.214  -86.149  12.074 0.4000000060
4400  10.827  -83.977  5.894 0.6000000238
3897  13.382  -85.653  5.220 0.4000000060
3916  13.247  -85.492  3.398 0.6000000238
3924  13.232  -84.810  3.263 0.6000000238
1055  5.487  -92.055  -8.628 0.8000000119
1949  9.536  -89.387  3.318 0.4000000060
145706  5.854  -92.212  -10.059 0.6000000238
1974  9.940  -89.433  0.771 0.4000000060
1266  10.873  -90.889  0.373 0.4000000060
1268  9.194  -91.424  0.309 0.6000000238
1697  8.543  -90.477  -9.611 0.8999999762
1277  8.576  -91.938  0.126 0.6000000238
1283  8.586  -91.391  -0.693 0.6000000238
1695  9.419  -90.822  -9.731 0.8999999762
761  8.580  -92.941  0.552 0.6000000238
1027  11.104  -92.148  -4.263 0.8999999762
1682  10.082  -90.693  -8.803 1.0000000000
128849  11.065  -92.354  -4.898 0.8999999762
1043  11.423  -91.533  -6.533 0.8999999762
1048  9.722  -92.411  -7.581 0.8999999762
1312  12.129  -91.231  -5.777 0.8999999762
127780  11.840  -92.713  -11.894 0.8000000119
151  15.379  -97.602  -0.559 0.5000000000
153  14.245  -97.446  -0.691 0.5000000000
161  18.297  -97.396  -2.018 0.3000000119
150  16.590  -97.276  -0.806 0.4000000060
145276  18.248  -96.624  -7.789 0.4000000060
452  15.638  -96.200  -10.103 0.6000000238
197  19.453  -97.151  -11.097 0.6000000238
475  21.238  -93.894  -15.084 0.4000000060
673  21.526  -94.206  -16.829 0.5000000000
3857  7.682  -85.851  9.921 0.3000000119
3908  7.272  -85.283  4.525 0.8000000119
144728  12.347  -88.101  4.327 0.4000000060
143786  12.779  -87.111  3.967 0.4000000060
4421  13.142  -84.510  3.952 0.6999999881
2895  11.502  -87.647  3.082 0.5000000000
3907  8.039  -84.930  4.239 0.8000000119
143559  4.822  -91.461  -8.525 0.6000000238
2409  10.955  -88.237  3.472 0.4000000060
1056  5.252  -91.980  -8.779 0.6999999881
132966  4.773  -91.999  -7.030 0.8000000119
1942  9.426  -89.663  4.186 0.4000000060
1332  5.152  -92.365  -6.994 0.8000000119
121698  4.998  -92.441  -6.726 0.8000000119
1331  5.780  -92.062  -7.513 0.8000000119
142746  6.534  -90.593  -4.762 1.0000000000
2896  10.337  -88.369  2.356 0.5000000000
1675  7.599  -90.308  -8.007 0.8999999762
1664  7.327  -90.341  -6.933 0.8999999762
1685  6.636  -91.251  -8.246 0.8999999762
1554  9.504  -89.838  2.696 0.4000000060
1339  5.996  -92.001  -8.455 0.8000000119
2437  9.417  -89.025  -0.229 0.5000000000
130927  12.704  -90.562  2.612 0.4000000060
1663  8.762  -89.856  -7.495 1.0000000000
1294  9.784  -91.088  -2.290 0.6000000238
1299  11.056  -91.747  -3.642 0.8999999762
1674  9.827  -90.207  -8.183 0.8999999762
1631  10.888  -91.095  -3.048 0.8000000119
1304  11.972  -91.825  -4.879 0.8999999762
1647  12.121  -90.363  -5.977 0.8999999762
1673  10.540  -90.565  -7.934 1.0000000000
1323  11.623  -90.883  -6.693 0.8999999762
1328  11.134  -90.784  -7.426 0.8999999762
154  19.021  -96.968  -1.554 0.3000000119
149  17.392  -96.982  -1.007 0.4000000060
249  16.007  -97.198  -0.417 0.4000000060
257  18.856  -96.637  -1.182 0.3000000119
246  19.002  -96.316  -0.979 0.3000000119
303  21.810  -96.160  -10.955 0.4000000060
599  16.334  -94.840  -8.234 0.4000000060
618  16.541  -94.821  -9.841 0.5000000000
122111  18.957  -96.329  -10.874 0.6000000238
449  17.934  -95.594  -10.732 0.6000000238
644  21.651  -93.982  -13.842 0.4000000060
663  22.285  -93.683  -14.713 0.4000000060
144462  21.428  -95.122  -18.161 0.5000000000
4878  6.356  -84.134  11.615 0.3000000119
122877  8.577  -86.083  9.368 0.3000000119
127273  6.874  -84.704  10.857 0.3000000119
3321  6.561  -87.084  10.329 0.4000000060
125733  5.869  -87.283  10.776 0.4000000060
132583  10.329  -84.617  6.500 0.6000000238
123322  7.603  -87.294  8.569 0.4000000060
3361  6.437  -87.177  8.593 0.6000000238
3892  7.084  -85.012  6.960 0.6999999881
138834  4.140  -89.954  -3.558 1.0000000000
123891  4.253  -90.609  -4.729 0.8999999762
145719  13.404  -85.659  4.564 0.4000000060
4399  11.513  -83.773  5.229 0.8000000119
3899  6.971  -84.676  5.280 0.8000000119
1611  5.209  -91.226  -1.447 0.8999999762
1677  4.512  -90.850  -7.549 0.8000000119
4412  12.274  -83.884  4.767 0.8000000119
2439  6.201  -89.631  1.152 0.8000000119
2013  4.406  -90.835  -3.066 1.0000000000
2399  11.539  -88.479  4.307 0.3000000119
2905  7.009  -87.987  2.883 0.8000000119
132320  4.842  -91.234  -1.776 1.0000000000
1307  4.915  -92.299  -4.628 1.0000000000
4948  12.389  -83.867  3.297 0.6999999881
4434  11.053  -83.999  2.982 0.8000000119
2917  7.172  -87.884  1.945 0.8000000119
2918  6.541  -88.831  2.486 0.8000000119
1986  5.738  -90.532  -0.265 0.8999999762
1632  5.593  -91.339  -2.988 1.0000000000
1306  5.069  -92.337  -4.604 1.0000000000
2904  11.120  -87.711  2.352 0.5000000000
4962  11.866  -83.816  2.927 0.8000000119
3404  7.654  -86.892  1.365 0.8000000119
2453  6.301  -89.679  -1.022 0.8999999762
1997  5.764  -90.789  -1.307 0.8999999762
3925  13.203  -85.235  2.662 0.6000000238
3940  9.024  -85.527  1.270 0.8000000119
1305  5.730  -91.779  -4.613 1.0000000000
1544  9.416  -90.359  3.149 0.4000000060
3401  13.005  -85.555  1.236 0.6000000238
121676  11.401  -84.147  2.121 0.8000000119
4451  10.032  -84.867  1.215 0.8000000119
2928  7.187  -87.668  0.977 0.8000000119
124036  13.037  -84.998  0.845 0.6999999881
3414  8.373  -86.202  -0.104 0.8000000119
1649  6.350  -91.165  -5.444 0.8999999762
2934  11.197  -87.640  -0.358 0.5000000000
2041  7.212  -90.015  -5.548 1.0000000000
1958  10.702  -89.637  1.987 0.4000000060
140008  8.194  -89.069  -4.940 0.8999999762
1995  10.236  -89.105  -1.623 0.5000000000
1973  12.215  -89.725  0.615 0.4000000060
1593  11.787  -90.228  0.338 0.4000000060
1577  10.946  -90.093  0.772 0.4000000060
1608  9.889  -90.036  -1.967 0.6000000238
129010  9.481  -89.471  -5.672 0.8999999762
2054  10.438  -89.745  -6.300 0.8999999762
1623  10.656  -90.409  -2.558 0.8000000119
2023  12.615  -89.362  -4.692 0.8999999762
2053  11.508  -90.000  -6.288 0.8999999762
1630  12.045  -90.944  -3.735 0.8999999762
1646  12.559  -90.511  -5.279 0.8999999762
1640  12.660  -90.602  -4.759 0.8999999762
376  19.157  -95.840  -1.010 0.3000000119
138215  19.964  -95.301  -0.929 0.3000000119
1710  22.574  -90.623  -11.184 0.6000000238
816  17.172  -93.307  -8.195 0.4000000060
654  22.917  -93.656  -13.976 0.4000000060
837  19.640  -93.596  -10.363 0.6000000238
839  17.828  -93.876  -10.144 0.6000000238
461  22.385  -95.697  -11.355 0.5000000000
141004  18.521  -94.341  -10.500 0.6000000238
142809  23.261  -93.648  -14.701 0.5000000000
643  22.533  -94.195  -12.621 0.4000000060
483  23.568  -95.091  -17.048 0.6000000238
672  22.954  -94.585  -16.333 0.6000000238
125551  23.120  -95.567  -17.770 0.6000000238
489  22.407  -95.740  -18.324 0.6000000238
348  22.070  -96.466  -20.012 0.6000000238
127582  21.233  -96.423  -21.151 0.5000000000
360  22.478  -96.236  -21.425 0.6000000238
508  22.276  -96.119  -22.338 0.5000000000
136851  9.160  -86.649  8.001 0.3000000119
3846  5.447  -86.673  11.383 0.4000000060
2506  4.007  -88.340  -6.693 0.6000000238
3880  6.762  -86.076  7.757 0.6999999881
3893  5.985  -85.119  6.721 0.6999999881
2042  4.186  -90.153  -5.687 0.8999999762
1666  4.410  -90.982  -6.506 0.8000000119
1612  4.894  -91.072  -1.144 1.0000000000
2070  4.319  -89.896  -8.176 0.6000000238
1326  4.850  -92.367  -6.138 0.8000000119
1315  4.570  -91.771  -5.277 0.8999999762
1642  4.617  -91.778  -4.247 1.0000000000
2442  6.344  -89.505  0.072 0.8000000119
144399  5.468  -91.179  -1.746 1.0000000000
1300  4.950  -92.165  -3.947 1.0000000000
4432  12.720  -84.302  2.397 0.6999999881
2438  6.727  -88.523  0.596 0.8000000119
2004  5.895  -90.818  -2.256 0.8999999762
143689  6.837  -88.235  -0.234 0.8000000119
2012  6.350  -90.178  -3.222 1.0000000000
127577  9.042  -89.942  3.644 0.4000000060
2410  10.103  -88.687  3.044 0.4000000060
4449  12.155  -84.223  1.237 0.8000000119
3415  7.730  -86.789  0.411 0.8000000119
2452  6.739  -88.457  -0.950 0.8999999762
2467  6.380  -89.619  -2.058 0.8999999762
126923  7.409  -89.603  -4.953 1.0000000000
1236  10.381  -90.989  3.400 0.4000000060
1960  9.573  -89.470  2.830 0.4000000060
4462  12.653  -84.711  0.468 0.8000000119
3949  8.946  -85.656  0.268 0.8000000119
122452  10.291  -90.094  2.615 0.4000000060
3948  10.178  -84.954  -0.300 0.8000000119
1957  11.851  -89.680  1.867 0.4000000060
2473  9.134  -87.895  -4.060 0.8999999762
2024  9.182  -89.110  -5.017 0.8999999762
135818  11.305  -88.656  -4.783 0.8999999762
2038  11.174  -89.461  -5.623 0.8999999762
1622  11.724  -90.262  -3.091 0.8999999762
2492  11.807  -89.084  -5.117 0.8999999762
2010  12.549  -90.015  -3.693 0.8999999762
2022  12.782  -90.006  -4.718 0.8999999762
1681  19.576  -90.669  -8.120 0.4000000060
1336  18.526  -91.910  -7.783 0.4000000060
826  20.854  -93.526  -10.199 0.6999999881
123339  18.046  -93.152  -9.705 0.6000000238
613  23.020  -94.522  -10.402 0.6000000238
624  23.445  -94.431  -10.769 0.6000000238
669  25.463  -94.020  -16.263 0.4000000060
127771  25.162  -94.523  -16.947 0.5000000000
482  24.354  -94.874  -16.967 0.4000000060
488  23.925  -95.413  -17.780 0.6000000238
499  23.748  -95.616  -19.522 0.6000000238
346  23.223  -95.981  -20.080 0.6000000238
4236  6.754  -84.522  -25.963 0.6999999881
4213  5.892  -85.133  -25.327 0.6000000238
690  24.154  -94.941  -20.097 0.6000000238
506  23.137  -95.734  -20.947 0.6000000238
511  22.666  -95.424  -22.797 0.6999999881
903  22.204  -93.520  -21.121 0.6000000238
518  22.026  -95.295  -23.756 0.5000000000
703  20.236  -94.817  -23.898 0.5000000000
3871  5.502  -86.905  9.844 0.5000000000
3362  5.793  -87.009  8.847 0.6000000238
3890  9.594  -85.539  7.093 0.5000000000
3881  5.754  -85.860  7.934 0.6999999881
3900  6.115  -84.970  5.708 0.6999999881
3909  6.400  -85.318  5.027 0.8000000119
3376  7.058  -86.621  4.150 0.8000000119
2897  6.556  -88.010  3.885 0.8000000119
2005  4.395  -90.750  -2.248 1.0000000000
2430  6.115  -89.571  1.982 0.8000000119
1633  5.045  -91.907  -3.192 1.0000000000
2476  6.676  -89.077  -2.940 0.8999999762
131290  7.250  -87.526  0.055 0.8000000119
4463  11.833  -84.375  0.270 0.8000000119
3420  7.785  -86.759  -0.503 0.8000000119
2466  6.926  -88.354  -2.419 0.8999999762
3412  12.917  -85.603  0.354 0.6000000238
3419  8.433  -86.237  -0.962 0.8000000119
3428  7.837  -86.796  -1.395 0.8000000119
2025  7.518  -88.987  -4.422 0.8999999762
1235  11.450  -91.757  3.700 0.3000000119
3418  12.529  -86.466  0.111 0.5000000000
3953  12.666  -85.409  -0.828 0.8000000119
4469  11.177  -84.626  -0.414 0.8000000119
2485  7.674  -88.432  -3.943 0.8999999762
1553  11.779  -89.977  2.420 0.4000000060
2941  10.743  -88.056  -0.803 0.5000000000
4468  12.078  -84.611  -0.488 0.8000000119
3965  10.009  -85.457  -1.579 0.8000000119
2483  9.537  -88.510  -4.589 0.8999999762
1983  13.020  -89.620  0.169 0.4000000060
2450  12.369  -87.824  -2.186 0.6999999881
2465  11.804  -88.753  -2.321 0.6000000238
2981  11.390  -88.003  -4.425 0.8999999762
2481  12.188  -88.579  -4.553 0.8999999762
2002  12.374  -89.366  -3.128 0.8999999762
140370  12.770  -89.251  -3.942 0.8999999762
2480  12.751  -88.520  -4.092 0.8999999762
1058  22.372  -92.253  -9.865 0.6000000238
140234  20.519  -92.440  -9.858 0.5000000000
1347  18.697  -91.895  -8.519 0.5000000000
836  22.314  -93.785  -10.163 0.6000000238
124476  23.723  -93.231  -12.846 0.5000000000
844  23.681  -93.948  -10.580 0.4000000060
849  23.658  -93.735  -11.570 0.4000000060
631  23.339  -94.152  -11.666 0.4000000060
127313  23.785  -93.244  -13.828 0.5000000000
678  25.512  -94.509  -17.791 0.5000000000
670  24.748  -94.380  -16.239 0.4000000060
3705  6.832  -86.142  -25.124 0.5000000000
900  24.971  -93.848  -19.864 0.6000000238
683  25.054  -94.620  -19.226 0.5000000000
122797  24.039  -94.345  -20.281 0.6000000238
124256  23.068  -94.012  -20.759 0.6000000238
700  22.677  -94.636  -23.110 0.6999999881
507  22.766  -95.572  -21.879 0.6999999881
701  22.374  -94.519  -23.760 0.6000000238
915  22.500  -93.491  -23.731 0.5000000000
917  21.117  -93.917  -24.450 0.5000000000
921  22.010  -93.051  -24.873 0.6000000238
2486  4.114  -88.455  -4.611 0.8999999762
3882  5.286  -85.785  8.041 0.6999999881
2495  4.105  -88.806  -5.918 0.8999999762
122510  4.134  -89.620  -4.266 1.0000000000
3385  6.154  -87.568  4.522 0.8000000119
1976  5.745  -89.943  1.382 0.8999999762
1988  4.670  -90.601  -0.506 1.0000000000
2886  5.684  -88.396  4.513 0.8000000119
2943  7.244  -87.640  -1.778 0.8999999762
141278  9.690  -85.151  0.434 0.8000000119
2954  7.525  -87.572  -2.573 0.8999999762
4464  10.665  -84.632  0.371 0.8000000119
3427  8.554  -86.315  -1.762 0.8000000119
2475  7.384  -88.140  -3.218 0.8999999762
2011  6.977  -88.998  -3.692 0.8999999762
3426  9.347  -85.943  -2.048 0.8000000119
2942  8.016  -86.891  -2.282 0.8999999762
144215  12.750  -86.228  -1.301 0.6999999881
2940  11.964  -87.545  -1.269 0.6000000238
3964  11.111  -85.244  -1.717 0.8000000119
126888  8.796  -87.381  -3.527 0.8999999762
2474  8.226  -87.877  -3.743 0.8999999762
2939  12.679  -86.779  -1.926 0.6999999881
2982  10.158  -87.874  -4.290 0.8999999762
2952  12.739  -87.686  -3.185 0.8999999762
2967  12.064  -87.458  -3.894 0.8999999762
6347  12.688  -81.014  -25.146 0.6000000238
6362  14.421  -80.226  -25.219 0.6999999881
6332  14.214  -81.169  -24.189 0.5000000000
5748  13.142  -81.401  -24.400 0.5000000000
6364  12.030  -81.430  -25.715 0.6000000238
7028  15.153  -80.167  -25.344 0.6000000238
5763  11.580  -82.247  -25.753 0.6000000238
5239  11.169  -83.073  -25.795 0.6000000238
1077  23.752  -93.440  -11.137 0.6000000238
825  21.737  -92.803  -9.958 0.6000000238
5240  10.335  -83.290  -26.335 0.6000000238
4717  9.231  -84.448  -26.229 0.6000000238
4234  8.211  -85.376  -25.941 0.6000000238
887  26.118  -93.478  -16.418 0.5000000000
4718  8.393  -84.631  -26.361 0.6999999881
3691  6.304  -86.362  -24.408 0.5000000000
123802  25.235  -92.495  -20.457 0.4000000060
128497  23.662  -85.842  -26.770 0.5000000000
3720  23.007  -86.018  -26.927 0.6000000238
1446  23.033  -91.462  -19.849 0.5000000000
1163  24.561  -93.384  -20.149 0.6000000238
1166  21.654  -92.738  -20.745 0.5000000000
3722  21.465  -85.575  -27.064 0.6999999881
1156  21.744  -92.239  -20.171 0.5000000000
1164  23.398  -93.344  -20.378 0.6000000238
908  22.108  -93.703  -21.898 0.5000000000
3713  22.924  -86.527  -26.563 0.5000000000
3721  22.250  -85.975  -27.014 0.6999999881
3223  21.525  -87.401  -26.345 0.6999999881
1175  22.650  -93.042  -23.428 0.5000000000
2731  20.145  -88.749  -25.744 0.6999999881
1181  22.901  -92.436  -24.468 0.5000000000
916  22.287  -93.627  -24.370 0.6000000238
1187  21.358  -92.272  -25.035 0.6999999881
4881  4.007  -84.918  12.607 0.3000000119
5977  4.402  -82.271  11.194 0.3000000119
127665  4.051  -88.802  -3.697 0.8999999762
2468  3.996  -89.685  -2.081 1.0000000000
128628  4.094  -88.278  -5.350 0.8000000119
126557  5.413  -87.701  4.867 0.8000000119
1977  5.338  -90.303  0.987 0.8999999762
2454  3.967  -89.645  -1.133 1.0000000000
2421  5.770  -89.301  2.961 0.8000000119
1970  5.007  -89.988  1.213 0.8999999762
3436  8.765  -86.485  -2.410 0.8999999762
3963  12.113  -85.227  -1.666 0.8000000119
3971  10.459  -85.769  -2.361 0.8000000119
3425  12.770  -85.961  -1.519 0.8000000119
3445  10.589  -86.709  -3.355 0.8999999762
3433  12.376  -86.353  -2.729 0.8000000119
3444  11.735  -86.779  -3.421 0.8999999762
6363  13.204  -80.384  -25.454 0.6000000238
7041  14.238  -79.796  -25.745 0.5000000000
6346  13.733  -80.674  -24.850 0.6000000238
6365  11.476  -81.698  -26.183 0.6000000238
6372  16.691  -81.374  -25.780 0.5000000000
5764  10.922  -82.327  -26.400 0.6999999881
5221  22.549  -83.986  -25.206 0.6000000238
5246  9.502  -83.048  -26.770 0.6000000238
4711  24.087  -84.732  -26.665 0.5000000000
4712  23.604  -84.206  -26.059 0.6000000238
145959  22.965  -83.594  -26.843 0.6000000238
5769  17.404  -82.625  -26.155 0.6000000238
4726  8.560  -83.960  -26.677 0.6000000238
4722  18.130  -84.773  -26.141 0.5000000000
4237  24.020  -85.216  -26.896 0.5000000000
5242  23.078  -83.924  -27.084 0.6999999881
4729  22.387  -84.065  -27.365 0.6999999881
4721  18.934  -84.344  -26.554 0.6000000238
4235  7.258  -85.028  -26.135 0.6999999881
4225  6.624  -85.174  -25.776 0.6999999881
139798  22.974  -85.404  -27.239 0.6999999881
4239  20.419  -85.747  -26.710 0.6999999881
124717  19.317  -85.805  -26.188 0.6000000238
3717  18.519  -86.300  -25.745 0.6000000238
3718  17.648  -86.074  -25.694 0.5000000000
4241  17.433  -85.293  -25.883 0.4000000060
904  21.826  -93.231  -21.226 0.5000000000
3715  21.244  -86.545  -26.704 0.6999999881
3716  20.050  -86.531  -26.222 0.6000000238
141404  19.223  -86.560  -25.869 0.6000000238
3707  17.910  -86.818  -25.495 0.5000000000
3216  22.551  -87.034  -26.160 0.5000000000
2736  21.478  -87.930  -26.135 0.6999999881
3224  20.521  -87.340  -26.190 0.6000000238
1798  21.471  -90.934  -19.358 0.5000000000
1157  21.253  -91.642  -19.800 0.5000000000
1460  20.706  -91.432  -21.064 0.5000000000
145536  21.409  -88.749  -25.850 0.6000000238
3217  18.924  -87.696  -25.494 0.4000000060
2734  17.791  -88.020  -25.257 0.5000000000
1473  22.814  -91.543  -24.867 0.6000000238
131966  20.812  -89.801  -25.702 0.8000000119
2278  19.673  -89.332  -25.456 0.5000000000
1475  20.728  -91.425  -25.122 0.6999999881
1828  20.345  -90.004  -25.542 0.6000000238
2270  19.422  -89.943  -25.086 0.5000000000
5401  3.887  -83.268  13.240 0.3000000119
4357  4.484  -85.469  11.855 0.3000000119
5426  4.198  -83.246  11.272 0.3000000119
5964  4.022  -81.971  11.968 0.3000000119
4907  5.136  -84.099  8.889 0.5000000000
2955  3.821  -88.511  -1.949 1.0000000000
131099  3.922  -88.650  -2.834 0.8999999762
2988  4.033  -87.432  -5.024 0.8999999762
3435  9.551  -86.300  -2.635 0.8000000119
3969  12.541  -85.785  -2.027 0.8000000119
3970  11.768  -85.626  -2.332 0.8000000119
7029  13.766  -80.011  -25.615 0.5000000000
140035  12.414  -80.756  -25.744 0.6000000238
144779  16.482  -80.655  -25.882 0.5000000000
7030  12.608  -80.186  -25.989 0.6000000238
143645  17.112  -81.556  -26.168 0.6000000238
132138  16.474  -81.884  -25.289 0.5000000000
131173  17.094  -82.093  -25.947 0.5000000000
5772  10.314  -81.683  -26.901 0.6000000238
5767  22.173  -82.483  -26.935 0.6999999881
5768  18.248  -82.376  -26.802 0.6000000238
5203  3.805  -83.909  -24.251 0.6000000238
5235  22.988  -83.611  -26.301 0.6000000238
5759  22.555  -83.101  -26.656 0.6000000238
5778  21.506  -82.381  -27.400 0.6999999881
5252  21.137  -83.235  -27.416 0.6999999881
5245  16.918  -83.436  -25.680 0.6000000238
5247  8.717  -83.219  -26.784 0.6999999881
5766  22.623  -83.343  -27.017 0.6999999881
5253  20.221  -82.875  -27.268 0.6000000238
5254  18.888  -83.302  -26.845 0.6000000238
5243  17.992  -83.909  -26.292 0.6000000238
4243  23.448  -84.909  -27.243 0.6999999881
4730  21.418  -83.982  -27.332 0.6999999881
4731  20.127  -83.949  -27.062 0.6000000238
5248  8.054  -83.405  -26.619 0.6999999881
3692  5.578  -85.726  -24.536 0.6000000238
4201  4.781  -85.572  -23.542 0.4000000060
4676  4.053  -84.562  -23.690 0.4000000060
4238  23.514  -85.449  -27.058 0.5000000000
4245  21.872  -84.760  -27.326 0.6999999881
4246  20.808  -84.865  -27.068 0.6000000238
4247  19.727  -84.988  -26.673 0.6000000238
126887  18.895  -85.080  -26.294 0.5000000000
4719  7.295  -84.304  -26.193 0.6999999881
3714  22.257  -86.698  -26.680 0.6000000238
1459  21.375  -92.013  -21.821 0.5000000000
2720  21.149  -88.421  -23.572 0.6000000238
2726  21.569  -88.413  -24.523 0.6000000238
136365  21.737  -88.905  -25.041 0.6000000238
138082  22.293  -91.468  -23.249 0.5000000000
1469  22.897  -91.514  -24.478 0.6000000238
3226  18.697  -87.012  -25.567 0.5000000000
1825  22.183  -90.539  -25.161 0.6000000238
1826  21.801  -90.165  -25.473 0.6000000238
2277  20.440  -89.402  -25.715 0.6999999881
2732  19.113  -88.522  -25.408 0.5000000000
2279  18.821  -89.216  -25.029 0.5000000000
130730  23.171  -92.003  -24.708 0.4000000060
1474  22.059  -91.444  -25.200 0.6999999881
1824  20.096  -90.658  -25.182 0.5000000000
7252  4.376  -79.989  13.832 0.3000000119
4890  4.232  -84.324  11.297 0.3000000119
5439  4.694  -83.465  10.393 0.3000000119
144428  5.075  -81.380  11.195 0.3000000119
4368  4.905  -84.947  9.656 0.5000000000
4385  4.794  -84.622  7.402 0.5000000000
4919  5.758  -83.317  8.110 0.5000000000
4393  4.517  -84.511  6.485 0.6999999881
3372  4.371  -86.438  5.038 0.6999999881
2993  3.971  -87.698  -6.015 0.8000000119
2956  3.745  -87.524  -1.804 0.8999999762
3458  3.870  -86.478  -5.110 0.8999999762
7750  16.611  -79.397  -26.280 0.6000000238
135021  16.936  -80.087  -26.384 0.6000000238
135057  16.058  -80.647  -25.538 0.5000000000
128829  12.513  -79.822  -26.524 0.6000000238
132772  11.150  -80.499  -27.079 0.6999999881
5761  21.477  -81.846  -25.797 0.5000000000
7026  22.007  -80.356  -26.838 0.6000000238
7038  18.471  -80.557  -27.039 0.6000000238
6373  16.275  -81.047  -25.382 0.6000000238
7035  21.923  -80.392  -27.003 0.6999999881
7048  20.440  -80.319  -27.391 0.6999999881
6370  18.291  -81.447  -26.981 0.6000000238
6378  21.796  -81.488  -27.099 0.6999999881
6380  20.344  -81.121  -27.414 0.6000000238
6381  19.278  -81.709  -27.194 0.6000000238
6376  9.242  -81.394  -27.014 0.6999999881
6336  3.559  -81.597  -24.392 0.6000000238
5779  20.388  -81.951  -27.363 0.6999999881
141975  9.584  -79.613  -27.449 0.6999999881
5780  19.356  -82.458  -27.115 0.6000000238
5204  3.363  -83.293  -23.481 0.4000000060
4244  22.772  -84.763  -27.372 0.6999999881
4214  5.077  -85.027  -24.808 0.6000000238
134978  21.265  -88.343  -22.260 0.5000000000
141843  21.993  -87.785  -25.680 0.6000000238
2735  21.835  -87.861  -25.898 0.6000000238
2707  21.080  -88.232  -22.976 0.6000000238
3222  22.157  -87.270  -26.278 0.6000000238
2738  19.816  -87.966  -25.797 0.6999999881
1819  20.946  -89.547  -23.303 0.6000000238
2280  21.556  -88.734  -25.609 0.6000000238
2737  20.833  -88.126  -26.039 0.6000000238
5249  7.522  -83.500  -26.231 0.6000000238
1818  21.826  -90.323  -24.008 0.6000000238
1817  22.415  -90.674  -24.891 0.6000000238
2276  21.549  -89.389  -25.615 0.6999999881
2246  20.675  -89.366  -21.566 0.5000000000
1477  22.194  -90.844  -25.268 0.6999999881
1827  21.324  -90.611  -25.463 0.6000000238
4903  4.780  -84.134  9.991 0.4000000060
5438  5.552  -83.195  9.280 0.3000000119
6582  4.268  -81.291  12.232 0.3000000119
5425  4.959  -82.683  10.355 0.3000000119
5990  5.809  -82.357  9.629 0.3000000119
4925  4.686  -83.757  6.692 0.6999999881
4908  4.976  -84.049  7.785 0.6000000238
126186  4.197  -85.178  5.326 0.6999999881
3903  4.026  -85.058  4.770 0.6999999881
4405  4.123  -84.373  4.963 0.6999999881
2983  4.034  -87.724  -4.116 0.8999999762
2907  4.815  -88.601  2.745 0.8000000119
3471  3.762  -86.207  -5.862 0.6000000238
2944  3.830  -88.246  -0.958 1.0000000000
2972  3.804  -87.548  -2.755 0.8999999762
3457  3.856  -86.744  -4.238 0.8999999762
7749  17.722  -79.202  -26.536 0.6999999881
7751  15.631  -79.515  -26.045 0.6999999881
7752  14.624  -79.479  -26.008 0.6000000238
7043  11.927  -80.149  -26.773 0.6999999881
7748  20.069  -78.852  -27.094 0.6999999881
131440  17.624  -80.301  -26.697 0.6000000238
7753  13.680  -79.372  -26.217 0.6000000238
7744  21.892  -79.804  -26.961 0.6999999881
131239  11.216  -79.710  -27.210 0.6999999881
5760  22.062  -82.423  -26.324 0.6000000238
126567  21.137  -80.630  -27.420 0.6999999881
6371  17.508  -81.911  -26.442 0.5000000000
143546  4.017  -82.258  -25.166 0.6000000238
6379  21.323  -81.277  -27.401 0.6999999881
7045  9.091  -80.174  -27.180 0.8000000119
5217  4.328  -83.607  -25.153 0.6000000238
124523  8.422  -81.757  -26.650 0.8000000119
5251  22.005  -83.286  -27.408 0.6999999881
4706  4.815  -83.706  -25.294 0.6999999881
5776  7.889  -82.900  -26.402 0.6000000238
4705  6.199  -84.246  -25.640 0.6999999881
3206  22.135  -87.441  -24.693 0.6000000238
3194  21.593  -87.795  -23.670 0.6000000238
142174  5.318  -83.354  7.168 0.6000000238
3919  4.008  -86.237  4.089 0.8000000119
3930  4.375  -86.337  3.170 0.8000000119
2929  5.020  -86.914  0.787 1.0000000000
8502  19.115  -78.275  -26.608 0.6999999881
8505  15.100  -78.666  -26.083 0.6999999881
8507  13.111  -78.360  -26.403 0.6999999881
8506  14.100  -78.571  -26.194 0.6999999881
128457  4.602  -80.777  -25.250 0.6000000238
7037  19.623  -79.911  -27.248 0.6999999881
5229  4.910  -83.233  -25.415 0.6999999881
7006  3.418  -81.050  -23.550 0.6000000238
5740  3.280  -82.441  -24.060 0.5000000000
4690  5.057  -84.037  -25.193 0.6999999881
3929  5.134  -86.319  2.135 0.8000000119
3998  3.664  -85.395  -6.014 0.6000000238
134440  4.053  -87.336  -0.520 1.0000000000
3437  3.693  -86.568  -2.233 0.8999999762
3448  3.767  -86.613  -3.279 0.8000000119
3986  3.723  -85.651  -5.245 0.6999999881
144203  18.141  -78.326  -26.410 0.6000000238
8503  17.344  -78.252  -26.234 0.5000000000
8504  16.153  -78.575  -26.115 0.6999999881
9256  13.455  -77.405  -26.065 0.6000000238
137007  21.556  -79.131  -26.577 0.5000000000
132913  20.897  -78.733  -27.055 0.6999999881
9255  14.516  -77.636  -25.972 0.6000000238
8508  12.082  -78.106  -26.628 0.6999999881
9235  6.131  -77.808  -24.683 0.6000000238
9254  15.597  -77.682  -25.901 0.6000000238
7734  5.561  -79.509  -25.035 0.6000000238
7016  4.593  -79.969  -25.061 0.6000000238
6360  21.608  -80.822  -26.111 0.5000000000
7027  21.695  -79.885  -26.363 0.6000000238
7747  21.459  -79.354  -27.045 0.6999999881
7005  3.958  -80.701  -24.562 0.6000000238
7756  10.639  -78.765  -27.296 0.6999999881
7015  5.160  -80.145  -25.233 0.6000000238
9257  12.382  -77.133  -26.135 0.6000000238
8510  10.007  -77.824  -27.097 0.6999999881
7757  9.702  -78.767  -27.401 0.6999999881
6351  4.711  -81.572  -25.331 0.6000000238
8498  9.801  -77.452  -26.275 0.6999999881
8511  9.252  -78.140  -26.927 0.6999999881
7032  8.611  -79.782  -26.690 0.6999999881
7031  8.339  -79.598  -25.850 0.6999999881
6366  8.116  -81.185  -26.264 0.6999999881
4704  6.875  -83.795  -25.870 0.6999999881
4689  5.676  -84.337  -25.171 0.6999999881
4688  6.446  -83.699  -24.986 0.6999999881
5751  7.572  -82.632  -26.014 0.6999999881
5228  7.267  -83.165  -25.810 0.6999999881
123024  6.759  -83.639  -25.253 0.6999999881
132081  7.882  -81.823  -25.806 0.6999999881
143697  3.569  -84.424  -4.758 0.6000000238
125555  3.486  -83.824  -4.903 0.5000000000
12263  7.191  -73.235  -20.733 0.6999999881
8501  20.410  -78.025  -26.522 0.6000000238
9253  16.669  -77.512  -25.908 0.5000000000
9219  6.581  -76.869  -24.492 0.6000000238
9220  5.847  -77.095  -24.547 0.6000000238
127018  4.038  -79.493  -23.328 0.6000000238
7014  5.887  -79.988  -25.024 0.6000000238
8485  5.211  -78.752  -24.761 0.6000000238
7724  4.674  -79.217  -24.489 0.6000000238
8509  10.989  -77.837  -26.936 0.6000000238
141793  5.448  -81.572  -25.064 0.6000000238
6991  3.159  -80.970  -22.545 0.5000000000
8483  9.915  -77.472  -25.350 0.6999999881
7013  8.245  -80.427  -25.515 0.6999999881
5227  7.702  -82.845  -25.083 0.6999999881
6335  8.316  -81.697  -24.720 0.6999999881
4658  9.896  -84.869  -21.097 0.5000000000
4996  3.447  -83.273  -3.326 0.8000000119
9987  6.947  -75.912  -24.337 0.6999999881
9218  7.226  -76.402  -24.289 0.6999999881
129996  6.621  -77.660  -24.501 0.6999999881
8450  4.021  -78.163  -21.889 0.5000000000
132554  6.180  -79.253  -24.813 0.6999999881
8471  4.874  -78.379  -24.177 0.6000000238
140239  4.367  -78.858  -23.439 0.6000000238
6975  3.668  -79.775  -22.451 0.5000000000
9248  11.815  -76.382  -25.399 0.6000000238
8497  10.547  -77.218  -26.349 0.6000000238
10012  12.689  -75.849  -25.009 0.6000000238
5724  5.740  -82.885  -24.025 0.6999999881
8482  10.744  -77.058  -24.995 0.6000000238
7732  9.494  -78.396  -24.753 0.6999999881
7733  8.751  -78.861  -25.260 0.6999999881
121028  5.821  -83.612  -24.970 0.6999999881
7731  10.420  -78.153  -24.463 0.6999999881
4687  7.513  -83.786  -24.210 0.6999999881
133763  3.715  -82.521  -4.199 0.6000000238
12275  7.162  -73.348  -21.584 0.6999999881
12276  6.472  -72.941  -21.012 0.8000000119
10715  7.099  -74.536  -23.544 0.6000000238
144421  6.390  -74.563  -23.318 0.6000000238
9988  6.176  -76.120  -24.377 0.6000000238
11497  4.970  -74.714  -22.124 0.6999999881
10731  7.287  -75.140  -24.009 0.6999999881
10700  4.499  -75.643  -22.123 0.6000000238
9970  4.864  -75.921  -23.189 0.6000000238
9989  5.369  -76.392  -24.013 0.6000000238
6321  6.178  -81.508  -23.778 0.6000000238
9207  4.311  -77.443  -22.680 0.6000000238
6322  5.733  -82.262  -24.101 0.6000000238
4674  6.357  -83.916  -23.562 0.6999999881
4673  6.483  -83.823  -24.278 0.6999999881
7722  9.194  -79.192  -24.355 0.6999999881
6348  8.711  -80.784  -24.385 0.6999999881
5215  8.137  -83.354  -24.158 0.6999999881
6319  10.144  -81.365  -22.647 0.5000000000
6140  5.007  -81.929  -4.175 0.6000000238
6129  6.977  -81.813  -3.742 0.6000000238
7429  8.779  -79.564  -2.630 0.5000000000
140982  8.699  -79.442  -1.687 0.6999999881
7398  6.800  -79.305  -1.099 0.6000000238
11437  6.893  -73.977  -18.809 0.6999999881
11451  7.139  -73.537  -19.742 0.6999999881
11509  6.683  -74.041  -22.947 0.6000000238
11496  5.805  -74.406  -22.714 0.6000000238
138253  5.622  -75.502  -23.794 0.6000000238
9247  12.786  -76.321  -25.507 0.5000000000
8461  7.052  -78.022  -24.023 0.6999999881
123674  6.819  -78.980  -24.164 0.6999999881
9958  4.330  -76.630  -22.373 0.5000000000
121955  4.073  -76.561  -21.378 0.6000000238
7723  6.515  -79.842  -24.374 0.6999999881
122513  3.812  -78.029  -20.885 0.5000000000
7700  3.642  -78.861  -21.141 0.5000000000
129897  6.258  -82.306  -22.917 0.6999999881
5723  6.155  -83.179  -22.808 0.6999999881
8481  11.762  -76.822  -24.667 0.5000000000
9234  11.359  -76.623  -25.328 0.6000000238
4212  7.479  -84.386  -23.545 0.6999999881
7002  9.444  -80.052  -23.921 0.6999999881
6333  9.565  -80.971  -23.418 0.6999999881
6334  9.019  -81.665  -23.756 0.6999999881
5188  9.786  -83.824  -21.708 0.6000000238
135976  9.372  -82.917  -22.673 0.6000000238
124393  6.151  -81.792  -4.493 0.5000000000
127774  7.710  -81.843  -2.686 0.6999999881
6118  8.767  -81.462  -2.965 0.6999999881
6138  7.942  -81.238  -4.557 0.5000000000
6127  9.004  -80.882  -3.687 0.6999999881
6719  9.681  -80.709  -2.548 0.8000000119
6728  9.270  -80.380  -3.356 0.6999999881
7413  9.991  -80.402  -1.973 0.8000000119
131141  10.167  -79.996  -1.227 0.8999999762
13710  5.213  -70.614  -14.734 0.6000000238
132795  5.393  -71.470  -15.198 0.8000000119
12227  6.411  -72.843  -18.498 0.6999999881
13015  5.749  -71.677  -18.504 0.8000000119
14490  4.713  -70.434  -15.873 0.6000000238
13031  5.949  -71.961  -19.370 0.8000000119
13779  4.984  -71.135  -18.216 0.6999999881
13046  6.062  -72.238  -19.994 0.8000000119
13032  5.225  -71.703  -19.123 0.6999999881
13048  4.737  -72.171  -19.720 0.6000000238
13061  5.239  -72.620  -20.462 0.6000000238
11479  7.938  -73.602  -22.276 0.6999999881
12285  6.414  -73.360  -21.675 0.6999999881
12277  5.798  -72.981  -21.119 0.6999999881
11481  5.413  -73.984  -21.911 0.6999999881
11467  4.310  -73.919  -20.679 0.6000000238
129368  4.546  -72.983  -20.342 0.6000000238
10714  8.142  -74.740  -23.696 0.6999999881
9205  7.885  -76.589  -23.853 0.6999999881
136661  4.463  -75.023  -21.540 0.6000000238
130138  3.955  -76.530  -20.458 0.6000000238
133971  7.019  -78.576  -22.735 0.6000000238
6989  6.659  -80.552  -23.517 0.6000000238
135538  3.822  -77.835  -20.173 0.6000000238
6974  6.717  -80.204  -22.164 0.6999999881
141076  6.470  -82.659  -22.000 0.6999999881
8468  11.390  -77.995  -24.297 0.6000000238
4199  7.600  -85.083  -22.618 0.6999999881
5189  6.335  -83.891  -22.524 0.6999999881
7721  10.097  -79.275  -23.862 0.5000000000
5737  9.227  -82.356  -23.171 0.6999999881
131192  8.181  -84.542  -23.200 0.6999999881
6320  9.576  -81.675  -23.002 0.6999999881
5214  8.871  -83.245  -23.341 0.6999999881
5709  9.695  -83.055  -22.126 0.6000000238
4198  8.393  -85.203  -22.485 0.6000000238
6729  8.733  -80.229  -4.224 0.5000000000
122206  9.251  -81.386  -2.436 0.8000000119
144737  9.049  -79.774  -3.240 0.6000000238
6103  9.492  -81.443  -1.621 0.8999999762
7414  9.535  -79.815  -1.947 0.8000000119
7397  7.960  -79.289  -0.973 0.6999999881
7412  10.386  -80.723  -1.207 0.8999999762
7396  9.228  -79.492  -0.901 0.8999999762
8155  7.096  -78.900  0.567 0.6999999881
136200  6.135  -78.926  0.724 0.6000000238
126265  5.216  -69.987  -12.541 0.6999999881
14410  4.499  -69.759  -11.656 0.6000000238
14452  3.773  -69.690  -13.793 0.6000000238
128350  5.623  -73.421  -15.943 0.6999999881
123769  5.519  -72.378  -15.624 0.6999999881
121835  5.669  -72.041  -16.750 0.6999999881
123132  6.557  -74.465  -17.876 0.6000000238
12228  6.035  -72.334  -17.674 0.8000000119
10660  7.032  -75.196  -18.234 0.6000000238
12278  5.074  -73.367  -21.152 0.6000000238
11452  3.955  -73.722  -19.902 0.6000000238
125996  3.931  -75.666  -20.219 0.6000000238
9949  4.160  -75.721  -21.092 0.6000000238
123234  3.886  -77.244  -19.880 0.5000000000
7699  6.765  -79.149  -21.684 0.6000000238
5710  6.517  -83.347  -21.679 0.6999999881
4659  6.692  -84.721  -21.956 0.6999999881
5201  9.209  -83.854  -22.585 0.6000000238
3657  9.133  -85.850  -20.507 0.5000000000
4180  8.272  -85.651  -21.824 0.6000000238
7394  10.546  -80.340  0.154 0.8999999762
123677  8.223  -79.109  -0.009 0.8999999762
7385  7.241  -79.170  -0.310 0.8000000119
13675  5.599  -70.380  -11.579 0.8000000119
14470  3.421  -70.046  -14.316 0.6000000238
14469  4.099  -69.926  -14.628 0.6000000238
14511  4.217  -70.518  -15.887 0.6000000238
11422  6.160  -74.714  -16.845 0.6999999881
11423  5.951  -73.372  -16.840 0.6000000238
11450  7.796  -74.101  -20.084 0.6999999881
11478  8.671  -74.075  -22.957 0.6999999881
9937  3.872  -76.518  -19.578 0.5000000000
130466  10.212  -79.710  1.561 0.8999999762
8124  9.853  -79.139  3.218 0.8000000119
8825  9.495  -78.392  4.672 0.8000000119
8136  8.500  -78.685  1.515 0.8999999762
8154  8.023  -78.810  0.848 0.8999999762
7371  9.469  -79.155  1.540 0.8999999762
8126  8.031  -78.219  2.146 0.8999999762
8875  6.966  -78.059  1.934 0.8999999762
8138  6.472  -78.510  1.270 0.8000000119
8877  4.871  -77.811  1.613 0.8000000119
8857  8.576  -77.945  2.985 0.8000000119
9640  3.446  -76.032  2.040 0.6999999881
12952  5.886  -71.962  -13.512 0.8000000119
130699  5.332  -70.915  -8.757 0.6999999881
122632  5.717  -70.827  -9.743 0.8000000119
12177  6.003  -73.168  -13.542 0.6999999881
126108  6.155  -70.926  -10.795 0.8000000119
11390  5.840  -74.406  -14.423 0.8000000119
12938  6.713  -72.196  -12.484 0.8000000119
13685  6.157  -71.153  -12.321 0.8000000119
13736  4.030  -70.813  -16.639 0.6000000238
10610  6.206  -75.175  -14.771 0.6999999881
12951  6.359  -72.684  -12.999 0.6999999881
13752  5.024  -70.798  -17.341 0.6999999881
13735  4.646  -70.685  -16.654 0.6000000238
13018  3.612  -72.042  -17.835 0.5000000000
10625  6.491  -75.725  -15.334 0.6999999881
12161  7.057  -73.174  -12.598 0.8000000119
12937  7.478  -72.667  -12.120 0.6999999881
13672  8.120  -72.097  -11.003 0.8000000119
13753  4.575  -70.922  -17.428 0.5000000000
12247  3.500  -72.798  -18.197 0.5000000000
10647  6.716  -75.670  -17.279 0.6000000238
12936  8.453  -72.993  -11.905 0.8000000119
13034  3.931  -71.986  -18.448 0.5000000000
11436  7.452  -74.663  -19.082 0.6000000238
12174  8.409  -74.196  -12.936 0.8000000119
12160  8.006  -73.525  -12.376 0.8000000119
11465  8.844  -73.926  -21.877 0.8000000119
12173  9.954  -73.419  -13.550 0.8000000119
11438  3.427  -74.277  -18.463 0.5000000000
10662  3.529  -75.218  -18.449 0.5000000000
10698  10.100  -75.383  -22.777 0.6999999881
10699  9.556  -74.531  -22.469 0.8000000119
10713  9.224  -74.939  -23.300 0.6999999881
9969  8.632  -75.702  -23.724 0.6000000238
12983  9.959  -72.361  -15.261 0.6000000238
10661  3.750  -75.640  -19.225 0.5000000000
139278  3.708  -76.011  -18.362 0.5000000000
9203  9.469  -76.916  -22.912 0.6999999881
9204  8.748  -76.735  -23.278 0.6999999881
9191  7.515  -77.410  -23.605 0.6000000238
9188  9.680  -77.482  -22.188 0.6000000238
9189  8.642  -77.554  -22.480 0.6999999881
9190  7.980  -77.491  -22.927 0.6999999881
6310  6.679  -81.861  -21.810 0.6999999881
15263  9.978  -69.189  -14.948 0.6000000238
8447  8.480  -78.145  -21.549 0.6000000238
8436  7.539  -78.547  -20.745 0.6999999881
7689  6.865  -78.990  -20.551 0.6999999881
126320  6.675  -80.930  -21.453 0.6999999881
8446  9.358  -78.214  -21.357 0.5000000000
6298  6.744  -81.577  -20.896 0.6999999881
5695  7.001  -83.127  -20.591 0.6000000238
5176  6.703  -84.191  -21.305 0.6000000238
8435  8.612  -78.546  -20.578 0.6000000238
7676  7.156  -79.252  -19.731 0.6000000238
139595  6.797  -81.371  -20.157 0.6000000238
6937  7.162  -80.059  -19.099 0.6000000238
6282  7.181  -81.039  -18.906 0.5000000000
130216  7.565  -82.982  -19.138 0.6000000238
4154  8.042  -85.563  -20.223 0.6000000238
5175  7.199  -84.109  -20.295 0.6000000238
4166  7.881  -85.868  -20.984 0.6000000238
4181  7.783  -85.618  -21.668 0.6000000238
4179  9.034  -85.731  -21.456 0.6000000238
7370  9.985  -79.422  2.300 0.8000000119
8125  9.169  -78.638  2.434 0.8000000119
8111  9.383  -78.366  3.476 0.8000000119
8838  9.470  -78.159  4.224 0.6999999881
8858  7.560  -77.623  2.615 0.8000000119
9636  7.129  -76.900  3.012 0.8999999762
8859  6.510  -77.421  2.344 0.8000000119
8840  8.166  -77.221  3.405 0.8000000119
9637  6.071  -76.699  2.706 0.8999999762
9638  5.070  -76.534  2.480 0.8000000119
9639  4.174  -76.303  2.228 0.8000000119
10397  3.212  -75.338  1.998 0.6000000238
13658  6.883  -71.256  -10.150 0.8000000119
13644  6.514  -71.131  -9.178 0.6999999881
11389  6.605  -74.936  -14.020 0.8000000119
12176  6.589  -73.675  -13.083 0.8000000119
10609  7.000  -75.578  -14.572 0.6999999881
12175  7.457  -74.024  -12.831 0.8000000119
12928  7.793  -72.311  -11.585 0.8999999762
13657  8.024  -71.639  -10.300 0.8999999762
10659  7.716  -75.557  -18.537 0.6999999881
10687  9.500  -74.509  -21.429 0.8000000119
10672  8.133  -75.074  -19.365 0.6999999881
11387  8.534  -74.568  -13.827 0.8000000119
12926  10.581  -72.536  -12.124 0.8000000119
12198  9.118  -73.818  -15.401 0.6999999881
14467  11.094  -70.603  -15.094 0.6000000238
9957  10.170  -76.426  -22.702 0.6000000238
13001  9.112  -72.889  -16.249 0.4000000060
136393  10.875  -69.744  -14.625 0.6000000238
5694  7.345  -83.333  -19.790 0.6000000238
5160  7.696  -84.042  -19.374 0.6000000238
6654  10.193  -80.390  3.154 0.8000000119
7321  9.563  -79.017  4.699 0.8999999762
8815  9.077  -77.427  5.689 0.8000000119
8839  9.070  -77.643  3.851 0.8000000119
125248  8.956  -76.825  5.255 0.6999999881
9619  8.689  -76.946  4.325 0.8000000119
144130  8.638  -76.394  5.473 0.6999999881
9622  5.668  -76.010  2.953 0.8999999762
128213  6.127  -75.565  3.445 0.8999999762
135796  3.909  -75.009  2.512 0.8000000119
13632  6.193  -71.015  -8.362 0.6000000238
12915  8.985  -72.071  -10.627 0.8000000119
12927  8.794  -72.507  -11.350 0.8000000119
13643  7.614  -71.306  -9.405 0.8000000119
11372  7.801  -74.508  -13.332 0.8000000119
12935  9.566  -72.929  -11.910 0.8000000119
13629  9.320  -70.941  -8.775 0.8999999762
10624  7.271  -76.049  -15.210 0.6999999881
13641  9.712  -71.233  -9.337 0.8000000119
14401  10.076  -70.475  -8.691 0.8000000119
9884  8.203  -76.298  -16.005 0.6999999881
10658  8.518  -75.730  -18.753 0.6999999881
9916  7.940  -76.420  -17.349 0.6999999881
124794  11.216  -72.024  -13.979 0.6999999881
15249  11.382  -69.863  -12.666 0.6999999881
15235  9.986  -68.998  -12.162 0.6999999881
121854  9.615  -75.068  -20.425 0.6000000238
9903  9.547  -76.008  -16.696 0.6000000238
10670  10.458  -75.426  -20.441 0.6000000238
9914  9.471  -76.184  -17.439 0.6999999881
11408  9.361  -75.133  -16.314 0.5000000000
12214  9.124  -73.976  -16.143 0.5000000000
15262  10.250  -69.413  -13.994 0.6999999881
13722  10.333  -71.321  -15.702 0.5000000000
5159  8.247  -84.230  -18.804 0.5000000000
10364  7.805  -75.436  5.204 0.8000000119
11136  7.212  -74.834  5.558 0.6999999881
10365  7.042  -75.044  4.606 0.6999999881
124232  5.821  -74.202  4.297 0.8000000119
10395  4.781  -75.842  2.686 0.8999999762
10383  4.650  -75.118  2.854 0.8000000119
11175  3.655  -74.280  2.294 0.6999999881
11176  2.866  -74.268  1.308 0.5000000000
14384  6.768  -70.329  -7.508 0.6000000238
14392  8.734  -70.256  -7.919 0.6000000238
130629  8.194  -75.077  -14.410 0.6999999881
13656  9.932  -71.663  -10.158 0.8000000119
145101  10.046  -72.270  -11.118 0.8000000119
13640  10.578  -71.019  -9.543 0.8000000119
11399  8.356  -75.354  -15.093 0.6999999881
13655  10.835  -71.472  -10.513 0.8000000119
9904  8.723  -76.349  -16.699 0.6999999881
12199  8.706  -74.586  -14.741 0.6999999881
12187  9.300  -73.867  -14.451 0.8000000119
9936  9.551  -75.676  -19.193 0.6999999881
143232  9.830  -73.115  -14.626 0.8000000119
14510  9.758  -70.314  -17.007 0.5000000000
139183  5.708  -74.165  6.428 0.6999999881
11137  6.368  -74.301  5.891 0.6999999881
11160  6.200  -74.834  3.891 0.8000000119
10382  5.428  -75.322  3.204 0.8999999762
11161  5.280  -74.410  3.560 0.8999999762
11162  4.453  -74.255  2.986 0.8999999762
14383  7.933  -70.074  -7.570 0.6000000238
15902  6.291  -69.082  -7.370 0.6000000238
15166  9.586  -70.065  -8.094 0.6999999881
13670  11.635  -71.300  -11.863 0.8000000119
14400  10.723  -70.232  -9.305 0.8000000119
10635  8.812  -75.882  -15.871 0.6999999881
13698  11.477  -71.733  -13.320 0.6999999881
14420  11.723  -70.665  -11.520 0.8000000119
13683  11.720  -71.254  -12.780 0.8000000119
15996  8.763  -68.599  -15.091 0.6999999881
11890  4.248  -73.887  7.439 0.6999999881
11124  5.496  -74.317  7.137 0.6999999881
11905  4.784  -73.810  6.518 0.6999999881
11149  5.686  -73.990  5.065 0.6999999881
124612  3.459  -72.653  1.832 0.6999999881
15168  7.967  -69.336  -7.747 0.6000000238
15181  10.176  -69.755  -8.595 0.8000000119
136080  8.769  -69.065  -8.184 0.6999999881
15198  11.159  -69.918  -10.055 0.8000000119
15954  10.063  -69.034  -9.245 0.8000000119
18119  9.047  -66.200  -11.690 0.4000000060
15218  10.478  -69.166  -10.301 0.8000000119
15217  11.182  -69.625  -11.025 0.6999999881
15966  9.612  -68.683  -11.311 0.6999999881
15273  9.615  -68.970  -15.957 0.6000000238
11891  2.981  -72.956  7.481 0.6999999881
11906  3.616  -73.171  6.642 0.6999999881
12696  2.753  -72.165  7.739 0.6999999881
11138  5.283  -73.872  5.784 0.6999999881
11941  5.202  -73.767  4.359 0.8000000119
11942  4.636  -73.553  3.653 0.8999999762
11955  3.945  -73.274  2.749 0.8999999762
12753  3.235  -72.205  0.730 0.6000000238
15901  7.032  -68.732  -7.776 0.5000000000
15921  7.802  -68.512  -8.364 0.6000000238
17413  8.215  -66.397  -11.109 0.5000000000
17400  7.341  -66.496  -10.738 0.6000000238
16693  8.380  -67.773  -10.956 0.5000000000
16679  8.281  -67.891  -9.890 0.6999999881
15939  8.607  -68.356  -8.850 0.8000000119
16666  7.575  -67.839  -9.231 0.6000000238
17399  8.153  -67.038  -11.301 0.5000000000
15955  9.254  -68.417  -10.324 0.6999999881
17411  9.146  -66.138  -12.233 0.5000000000
17412  8.587  -66.767  -12.094 0.6000000238
15967  8.791  -68.277  -11.574 0.6000000238
123714  8.250  -67.128  -12.638 0.6000000238
15979  8.395  -68.305  -12.544 0.6000000238
15978  8.924  -68.706  -12.300 0.6000000238
15997  8.019  -68.443  -14.390 0.6000000238
15988  7.982  -68.268  -13.314 0.6999999881
11907  2.958  -72.248  6.903 0.6999999881
11918  4.247  -73.299  5.830 0.6999999881
11927  4.816  -73.482  5.084 0.8000000119
15922  6.038  -68.385  -7.852 0.5000000000
16694  7.699  -67.259  -10.584 0.6999999881
16680  7.369  -67.493  -10.027 0.6999999881
16667  6.563  -67.954  -8.741 0.5000000000
16706  8.390  -67.606  -12.002 0.6000000238
17423  7.775  -66.810  -13.463 0.6000000238
123733  2.989  -71.531  6.371 0.6999999881
12717  3.085  -71.778  5.539 0.8000000119
11919  3.785  -72.737  5.199 0.8000000119
11928  4.357  -73.081  4.370 0.8999999762
12731  3.895  -72.636  3.631 0.8999999762
128416  3.182  -71.636  1.838 0.8000000119
16695  6.823  -66.882  -10.311 0.5000000000
134845  5.748  -67.298  -9.405 0.5000000000
18120  8.313  -65.737  -10.883 0.4000000060
16681  6.608  -67.382  -9.710 0.5000000000
18837  9.786  -65.183  -10.247 0.4000000060
18109  6.970  -65.586  -10.684 0.5000000000
17422  8.610  -66.396  -12.745 0.5000000000
13494  2.958  -70.917  5.811 0.6999999881
13491  8.149  -71.541  5.581 0.5000000000
12732  3.132  -71.566  3.885 0.8999999762
141509  2.727  -71.061  2.987 0.8999999762
14297  2.621  -69.502  0.078 0.6000000238
133394  2.407  -70.064  1.046 0.6000000238
17401  6.211  -66.100  -10.621 0.5000000000
17402  5.257  -65.836  -10.519 0.5000000000
125496  6.313  -64.698  -10.771 0.5000000000
18839  7.337  -64.866  -10.544 0.5000000000
18822  8.874  -64.615  -9.756 0.4000000060
18809  10.083  -64.446  -8.955 0.4000000060
14240  5.997  -70.178  4.531 0.5000000000
14228  3.359  -70.490  5.887 0.8000000119
14242  3.446  -70.040  5.204 0.8000000119
14239  7.932  -70.652  4.442 0.5000000000
14225  7.564  -71.112  5.074 0.5000000000
14241  4.938  -70.082  4.894 0.6999999881
130865  2.920  -70.632  4.022 0.8999999762
18683  18.195  -64.656  1.127 0.6000000238
140873  17.182  -64.350  2.754 0.6000000238
18675  15.056  -63.288  3.029 0.8000000119
19422  15.841  -62.421  2.955 0.6999999881
19423  15.391  -62.492  2.830 0.8000000119
18677  13.802  -64.829  1.875 0.8000000119
130385  2.493  -70.531  2.023 0.8000000119
18824  6.385  -63.941  -10.561 0.5000000000
18110  5.553  -65.135  -10.826 0.6000000238
17388  4.705  -65.992  -10.096 0.6000000238
18840  5.607  -64.294  -10.986 0.5000000000
19583  5.866  -63.231  -10.303 0.5000000000
14238  8.826  -70.518  4.304 0.4000000060
14250  3.147  -70.069  4.464 0.8999999762
17956  18.900  -65.009  0.802 0.5000000000
17943  17.711  -64.655  1.803 0.6000000238
14985  6.632  -69.901  3.863 0.6999999881
18666  14.795  -63.980  3.124 0.8000000119
137084  7.481  -70.239  4.032 0.6000000238
18697  18.422  -63.728  0.840 0.6999999881
120743  13.033  -65.478  1.855 0.8000000119
17962  8.933  -65.648  -0.353 0.6000000238
14998  5.841  -69.259  3.388 0.8000000119
14263  2.262  -69.845  1.968 0.8000000119
17959  11.323  -65.624  0.625 0.6999999881
17286  7.974  -65.668  -1.239 0.6999999881
15067  3.410  -68.445  -1.011 0.6000000238
14281  2.256  -69.460  1.142 0.6999999881
15032  2.323  -68.909  0.681 0.8000000119
18825  4.430  -64.411  -10.450 0.5000000000
17942  18.403  -65.546  1.591 0.5000000000
17928  17.774  -65.344  2.632 0.5000000000
142024  19.645  -65.391  0.701 0.4000000060
18664  16.168  -64.123  3.806 0.8000000119
14995  9.367  -69.271  3.354 0.5000000000
14996  8.547  -69.472  3.365 0.6000000238
14986  5.389  -69.739  4.121 0.8000000119
15000  3.414  -69.726  3.574 0.8000000119
138502  2.919  -70.173  3.532 0.8999999762
17955  20.367  -65.348  0.529 0.4000000060
17930  13.790  -65.260  2.402 0.8000000119
14999  4.556  -69.307  3.559 0.8000000119
19421  16.464  -63.009  2.887 0.6999999881
17945  12.203  -65.638  1.269 0.8000000119
15764  7.963  -69.041  2.857 0.8000000119
128487  7.656  -69.692  3.507 0.6000000238
15014  3.461  -68.986  2.657 0.8000000119
18695  20.725  -64.527  0.383 0.6000000238
18698  17.687  -62.644  1.368 0.6999999881
17241  10.769  -66.201  1.064 0.8000000119
17960  10.401  -65.767  0.353 0.6000000238
17265  8.156  -66.057  0.179 0.6999999881
17266  7.134  -65.984  -0.465 0.6999999881
15013  4.984  -68.763  2.819 0.8000000119
15015  2.460  -69.083  1.638 0.8999999762
19430  16.967  -62.266  2.138 0.6999999881
17264  9.179  -66.203  0.785 0.6999999881
16556  4.750  -66.749  -0.434 0.6999999881
15822  3.039  -67.544  -0.256 0.8000000119
144440  5.635  -66.387  -0.538 0.6999999881
17941  19.230  -65.900  1.106 0.3000000119
18665  15.422  -63.902  3.486 0.8000000119
15763  8.844  -68.770  2.830 0.6999999881
17931  12.320  -66.026  1.761 0.8000000119
17242  9.995  -66.471  1.245 0.8000000119
15011  7.367  -68.461  2.506 0.8000000119
15012  6.231  -68.580  2.642 0.8000000119
19440  21.347  -63.888  0.291 0.6000000238
18696  19.622  -64.359  0.547 0.6000000238
18676  14.543  -63.992  2.687 0.8000000119
17263  10.044  -66.216  0.786 0.8000000119
16530  8.319  -67.106  1.607 0.8000000119
15776  6.058  -67.857  1.962 0.8000000119
15779  3.135  -68.383  1.567 0.8000000119
19453  22.056  -63.365  0.171 0.6000000238
19442  19.059  -62.728  0.720 0.6000000238
18674  16.102  -63.235  3.360 0.8000000119
15799  3.665  -67.563  0.843 0.6999999881
15778  4.239  -68.229  2.023 0.8000000119
16534  3.844  -67.003  -0.069 0.6999999881
17240  18.871  -66.451  1.656 0.4000000060
136024  17.282  -65.018  3.615 0.6000000238
17929  14.416  -64.683  2.833 0.8000000119
133869  21.200  -65.377  0.408 0.3000000119
17223  13.114  -65.859  2.259 0.8000000119
15774  9.152  -68.008  2.402 0.6999999881
18694  21.511  -64.762  0.326 0.4000000060
145312  11.158  -66.323  1.416 0.8000000119
18692  23.472  -64.870  0.281 0.3000000119
18693  22.320  -64.537  0.258 0.4000000060
131717  9.139  -66.833  1.499 0.8000000119
16512  7.750  -67.650  1.967 0.8000000119
18708  23.047  -63.776  0.137 0.5000000000
15777  5.332  -68.241  2.249 0.8000000119
19441  20.260  -63.177  0.431 0.6000000238
16531  7.556  -66.932  1.409 0.8000000119
15798  4.967  -67.639  1.523 0.8000000119
19454  21.168  -62.681  0.310 0.6000000238
17243  8.294  -66.520  1.152 0.6999999881
17244  7.339  -66.345  0.685 0.6999999881
16555  5.593  -66.589  0.281 0.8000000119
16533  4.693  -66.972  0.521 0.6999999881
21301  4.967  -61.385  -9.024 0.6000000238
22274  6.849  -60.750  -8.815 0.5000000000
20398  5.817  -62.201  -8.522 0.6000000238
20400  4.191  -62.782  -8.973 0.6000000238
19571  3.976  -63.455  -8.852 0.5000000000
20397  6.798  -62.558  -7.924 0.6000000238
132506  21.999  -65.410  0.333 0.3000000119
17262  20.079  -66.183  0.793 0.3000000119
17923  14.047  -65.675  2.807 0.8000000119
17225  11.587  -66.440  1.810 0.8000000119
17226  10.728  -66.611  1.623 0.8000000119
17951  23.768  -65.771  0.589 0.3000000119
17227  9.964  -66.890  1.626 0.8000000119
16510  9.532  -67.366  1.972 0.8000000119
18690  25.432  -64.377  0.820 0.5000000000
16513  6.835  -67.390  1.659 0.8000000119
19439  25.220  -63.841  0.390 0.5000000000
19437  26.295  -63.307  1.108 0.5000000000
124492  22.645  -62.646  0.056 0.6000000238
16532  5.802  -67.141  1.187 0.8000000119
21300  6.156  -61.546  -8.482 0.6000000238
22259  7.878  -60.968  -8.230 0.5000000000
21288  7.115  -61.631  -7.899 0.6000000238
18670  25.680  -64.230  1.883 0.3000000119
123784  26.542  -61.170  3.293 0.4000000060
22113  26.598  -60.417  3.659 0.4000000060
20258  26.564  -62.245  2.294 0.4000000060
21152  26.786  -61.488  2.662 0.4000000060
23287  4.847  -58.729  -9.791 0.6000000238
23272  4.189  -59.357  -9.034 0.6000000238
23271  7.478  -59.787  -9.645 0.6000000238
22288  5.132  -59.602  -9.897 0.6000000238
22287  6.219  -59.749  -10.043 0.6000000238
22275  5.557  -60.585  -9.337 0.6000000238
22276  4.489  -60.330  -9.255 0.6000000238
24274  6.460  -58.099  -10.408 0.6000000238
23284  7.693  -58.887  -10.088 0.6000000238
144459  7.722  -60.442  -8.867 0.5000000000
24082  26.657  -58.039  4.746 0.3000000119
25219  5.799  -56.912  -8.791 0.5000000000
24236  5.357  -57.512  -8.243 0.6000000238
24275  5.501  -58.073  -10.023 0.6000000238
24259  4.829  -57.935  -9.068 0.6000000238
133424  7.196  -57.086  -10.310 0.6000000238
23286  5.800  -58.875  -10.341 0.6000000238
24273  7.328  -58.039  -10.493 0.6000000238
26970  7.873  -55.226  -9.640 0.6000000238
144997  7.902  -56.585  -10.280 0.6000000238
27763  8.074  -54.418  -9.235 0.6000000238
24257  8.298  -58.322  -10.002 0.6000000238
25217  9.819  -56.978  -8.967 0.5000000000
26105  9.350  -56.136  -9.312 0.5000000000
26946  9.620  -55.348  -8.993 0.4000000060
26968  10.055  -54.506  -8.648 0.5000000000
25929  25.735  -55.943  5.145 0.3000000119
26133  6.415  -56.587  -9.417 0.5000000000
25238  6.151  -57.267  -9.861 0.6000000238
28558  9.110  -53.025  -8.778 0.5000000000
26106  6.782  -55.906  -9.243 0.5000000000
26132  7.057  -56.351  -9.862 0.6000000238
26131  7.640  -56.119  -10.003 0.6000000238
25236  8.650  -56.698  -9.919 0.6000000238
26130  8.353  -55.812  -9.840 0.6000000238
26758  26.301  -55.472  5.075 0.3000000119
29234  24.297  -52.676  3.605 0.3000000119
26922  7.024  -55.136  -9.027 0.6000000238
26947  7.638  -54.802  -9.193 0.6000000238
27745  8.289  -53.715  -8.893 0.6000000238
27762  8.942  -53.998  -8.952 0.5000000000
28557  10.534  -53.030  -8.823 0.5000000000
27723  7.977  -53.663  -7.759 0.5000000000
29361  8.950  -52.128  -7.107 0.6000000238
126093  8.511  -52.594  -8.360 0.6000000238
29391  10.094  -52.340  -8.847 0.5000000000
28369  25.566  -53.358  4.583 0.3000000119
28514  9.537  -53.013  -6.589 0.5000000000
29360  10.161  -52.376  -6.151 0.6000000238
30266  8.866  -51.567  -7.618 0.5000000000
30295  9.292  -51.804  -8.635 0.5000000000
30265  9.572  -51.593  -6.670 0.6000000238
30263  12.037  -51.056  -5.890 0.6000000238
130521  10.089  -50.979  -6.329 0.5000000000
30284  9.179  -50.924  -7.610 0.4000000060
30294  9.600  -51.108  -8.671 0.4000000060
31012  26.784  -50.497  4.558 0.4000000060
30100  24.920  -51.171  4.404 0.4000000060
127189  24.583  -51.956  4.088 0.3000000119
29217  25.085  -52.614  4.312 0.3000000119
30264  10.662  -51.692  -5.900 0.6000000238
140918  10.101  -51.700  -9.019 0.4000000060
31906  24.923  -49.093  4.681 0.3000000119
129259  25.058  -49.812  4.585 0.3000000119
31013  24.477  -50.555  4.358 0.3000000119
31916  23.145  -50.110  3.779 0.3000000119
32820  26.300  -48.484  4.454 0.4000000060
31905  25.719  -49.098  4.656 0.4000000060
30102  23.713  -50.744  3.858 0.3000000119
30262  12.872  -51.096  -6.271 0.5000000000
131593  11.861  -49.828  -5.769 0.5000000000
32017  10.226  -49.622  -6.548 0.4000000060
31178  9.537  -50.364  -8.206 0.4000000060
31133  13.299  -50.294  -6.545 0.4000000060
144597  12.653  -49.823  -6.046 0.5000000000
32015  12.291  -49.173  -5.832 0.4000000060
32016  11.148  -49.163  -5.834 0.5000000000
125618  24.413  -48.613  4.667 0.3000000119
140338  22.691  -49.270  4.062 0.3000000119
32822  24.953  -47.676  4.721 0.4000000060
32823  23.816  -48.066  4.680 0.4000000060
31907  24.109  -49.728  4.450 0.3000000119
31917  22.447  -49.916  3.234 0.3000000119
130926  9.891  -49.877  -8.536 0.3000000119
32824  22.715  -48.354  4.388 0.3000000119
34795  24.584  -46.766  5.093 0.4000000060
32941  13.610  -48.657  -6.963 0.3000000119
32930  11.827  -48.416  -5.837 0.4000000060
32932  9.935  -48.311  -6.976 0.5000000000
32929  12.826  -48.495  -6.166 0.4000000060
35822  25.904  -46.408  2.415 0.3000000119
36903  25.049  -44.565  -4.049 0.4000000060
36912  24.903  -44.521  -4.717 0.4000000060
34923  13.470  -46.374  -7.419 0.3000000119
33930  14.590  -47.400  -7.973 0.4000000060
32927  20.573  -48.539  -7.239 0.4000000060
134778  14.812  -48.106  -8.081 0.3000000119
130289  13.194  -47.740  -6.701 0.4000000060
134564  12.368  -47.764  -6.164 0.4000000060
36869  24.570  -44.812  -1.903 0.3000000119
35891  25.653  -44.569  -1.917 0.4000000060
36904  24.308  -44.448  -3.417 0.3000000119
37779  24.013  -43.762  -4.065 0.4000000060
33928  16.189  -47.293  -8.401 0.4000000060
36890  24.707  -44.788  -2.598 0.4000000060
36916  24.682  -44.563  -5.314 0.5000000000
36915  25.333  -44.965  -5.104 0.5000000000
35915  24.266  -44.885  -5.923 0.4000000060
33929  15.269  -47.373  -8.260 0.4000000060
145368  19.017  -47.835  -7.856 0.3000000119
33917  14.046  -47.854  -7.547 0.4000000060
33908  12.929  -46.973  -6.814 0.3000000119
32954  16.892  -48.011  -8.338 0.4000000060
36911  25.411  -44.844  -4.619 0.5000000000
37789  24.377  -43.855  -4.844 0.5000000000
36919  23.802  -44.516  -6.199 0.3000000119
32938  18.466  -48.683  -7.774 0.4000000060
33927  17.692  -47.538  -8.297 0.4000000060
36926  21.864  -44.855  -7.976 0.3000000119
34918  21.454  -46.422  -7.776 0.4000000060
34921  18.998  -47.387  -8.079 0.3000000119
143387  17.571  -46.208  -8.611 0.4000000060
34938  14.273  -46.146  -7.921 0.3000000119
133206  16.442  -45.997  -8.571 0.3000000119
33916  18.488  -47.894  -8.018 0.4000000060
130060  17.001  -47.091  -8.405 0.4000000060
132492  15.685  -46.490  -8.388 0.3000000119
33926  18.330  -47.101  -8.334 0.4000000060
123811  17.639  -46.785  -8.464 0.4000000060
34922  14.138  -46.938  -7.694 0.3000000119
136448  19.474  -45.749  -8.726 0.3000000119
35944  15.704  -45.611  -8.552 0.3000000119
134729  14.992  -45.934  -8.271 0.3000000119
35941  18.664  -45.793  -8.799 0.4000000060
34937  17.055  -46.401  -8.536 0.3000000119
36939  19.132  -45.173  -9.109 0.3000000119
405  12.323  -95.041  -3.522 0.8000000119
85  12.999  -98.600  -4.381 0.8000000119
105  15.081  -98.339  -9.319 0.6000000238
1324  5.622  -92.171  -6.593 0.8999999762
814  9.050  -93.130  -8.025 0.8999999762
243  13.466  -97.162  0.624 0.5000000000
158  14.948  -97.545  -1.257 0.5000000000
128223  16.226  -97.726  -1.980 0.4000000060
155  17.473  -97.338  -1.421 0.4000000060
1665  6.340  -91.375  -6.286 0.8999999762
1329  11.180  -91.086  -7.435 1.0000000000
251  14.259  -97.188  0.295 0.5000000000
440  16.113  -95.086  -9.269 0.4000000060
2055  9.219  -89.688  -6.425 1.0000000000
126115  18.933  -95.183  -10.740 0.6999999881
1592  12.553  -89.938  -0.078 0.4000000060
448  19.887  -95.879  -10.857 0.6000000238
361  21.793  -96.527  -21.729 0.6000000238
3370  5.495  -85.704  5.396 0.8000000119
126497  5.739  -90.272  0.665 0.8999999762
4448  12.812  -84.599  1.590 0.6999999881
4433  12.335  -84.082  2.130 0.8000000119
2026  6.744  -89.852  -4.187 0.8999999762
125407  11.701  -87.187  0.067 0.5000000000
2494  9.973  -88.970  -4.904 0.8999999762
143804  23.448  -95.678  -18.140 0.6000000238
3446  9.764  -86.622  -3.123 0.8999999762
6345  14.917  -80.628  -24.731 0.5000000000
694  23.168  -95.180  -21.447 0.6999999881
135826  5.138  -86.803  5.141 0.8000000119
3947  12.831  -85.199  -0.028 0.8000000119
1162  25.628  -93.142  -20.113 0.5000000000
132110  3.852  -84.042  12.321 0.3000000119
128983  4.551  -84.977  10.692 0.4000000060
7040  15.282  -80.023  -25.662 0.6000000238
7039  16.224  -80.300  -25.969 0.5000000000
5218  3.730  -83.153  -24.749 0.5000000000
2708  20.784  -88.756  -22.376 0.6000000238
3910  4.068  -85.942  4.900 0.6999999881
123728  3.695  -85.781  -3.839 0.8999999762
7759  20.763  -79.414  -27.278 0.6999999881
2919  4.871  -88.087  1.735 1.0000000000
7758  9.105  -79.139  -27.154 0.6999999881
3951  5.296  -86.053  0.187 1.0000000000
2936  3.820  -86.944  -1.269 0.8999999762
9249  11.033  -76.710  -25.735 0.6000000238
8499  9.140  -77.990  -25.857 0.6999999881
6119  6.486  -81.996  -2.623 0.8000000119
6130  5.816  -81.886  -3.749 0.6000000238
122205  4.364  -69.555  -13.196 0.6000000238
12245  6.575  -72.808  -19.476 0.8000000119
12967  5.575  -71.674  -14.304 0.6999999881
12200  5.503  -73.553  -15.001 0.6999999881
12985  5.356  -71.232  -16.202 0.5000000000
7383  10.013  -79.614  0.684 0.8999999762
7384  8.927  -79.056  0.759 0.8999999762
8137  7.477  -78.510  1.403 0.8999999762
13659  4.649  -70.069  -10.566 0.6999999881
13699  5.547  -70.684  -13.905 0.8000000119
123017  3.596  -70.796  -15.729 0.5000000000
8448  7.757  -78.138  -21.874 0.6999999881
134162  6.664  -80.739  -20.482 0.6999999881
6938  6.743  -79.879  -19.988 0.6000000238
13673  7.191  -71.625  -11.116 0.8000000119
9906  6.989  -76.300  -16.455 0.6999999881
10686  10.369  -75.009  -21.729 0.6999999881
7369  10.483  -80.040  1.998 0.8999999762
12929  6.948  -71.867  -11.898 0.8000000119
9927  8.141  -76.154  -18.069 0.6999999881
10381  6.713  -75.467  3.909 0.8000000119
13631  7.253  -71.039  -8.531 0.6000000238
12950  10.891  -72.658  -13.169 0.8000000119
11148  6.435  -74.447  4.867 0.8000000119
18118  9.657  -65.694  -11.892 0.4000000060
12716  3.285  -72.463  6.081 0.6999999881
12723  3.441  -72.122  4.602 0.8999999762
18821  9.714  -64.717  -9.492 0.4000000060
138693  6.732  -70.907  5.327 0.5000000000
12724  2.931  -71.082  4.958 0.8000000119
137131  6.910  -70.541  4.616 0.6000000238
18684  17.656  -63.764  1.370 0.6999999881
20412  5.294  -62.721  -9.387 0.6999999881
17954  20.933  -66.087  0.552 0.3000000119
16509  10.390  -67.277  2.104 0.6999999881
16511  8.693  -67.492  1.966 0.8000000119
23270  8.448  -59.292  -9.425 0.6000000238
24256  9.174  -58.703  -9.147 0.5000000000
25218  8.979  -57.665  -9.647 0.5000000000
25237  8.007  -57.333  -10.390 0.6000000238
26969  8.618  -54.865  -9.317 0.5000000000
30098  27.213  -51.837  4.511 0.4000000060
29215  26.898  -52.573  4.606 0.4000000060
143493  25.231  -50.465  4.538 0.4000000060
30118  23.942  -51.998  3.416 0.3000000119
143382  11.080  -51.029  -5.782 0.5000000000
132576  11.037  -49.883  -5.829 0.4000000060
31158  9.728  -50.274  -7.099 0.4000000060
32028  9.661  -49.710  -7.795 0.4000000060
32014  13.153  -49.337  -6.363 0.4000000060
33797  22.350  -47.612  4.375 0.4000000060
135131  9.805  -49.023  -7.497 0.3000000119
34920  19.725  -47.081  -8.055 0.4000000060
36889  25.075  -44.703  -3.307 0.4000000060
82  15.742  -98.690  -4.771 0.6000000238
140958  5.232  -70.026  -13.410 0.6999999881
1063  13.428  -92.371  -9.441 0.6999999881
1072  12.940  -91.722  -10.508 0.6999999881
196  12.006  -97.865  -9.467 0.6999999881
139515  12.124  -92.633  -10.848 0.8000000119
535  9.052  -94.294  1.058 0.6000000238
534  9.951  -94.750  1.260 0.6000000238
385  10.075  -95.519  0.706 0.6000000238
544  9.181  -94.952  0.429 0.6999999881
543  12.802  -94.270  0.321 0.5000000000
134628  11.776  -96.695  -0.122 0.6000000238
39  13.083  -98.697  -9.631 0.6999999881
110  14.219  -98.542  -10.671 0.6000000238
758  12.156  -93.915  0.560 0.5000000000
309  15.375  -96.876  -10.381 0.6999999881
987  10.326  -92.817  0.810 0.5000000000
381  14.813  -96.652  0.306 0.5000000000
308  16.077  -96.411  -10.638 0.6999999881
306  17.880  -96.409  -10.904 0.6000000238
997  11.281  -92.062  0.258 0.5000000000
380  15.652  -96.588  -0.185 0.4000000060
4387  12.368  -84.321  5.405 0.4000000060
1276  12.001  -90.858  -0.054 0.4000000060
3841  4.918  -86.030  12.180 0.4000000060
3876  11.231  -85.962  7.282 0.3000000119
3359  8.395  -86.874  7.944 0.4000000060
3889  10.536  -85.499  7.058 0.4000000060
2884  12.949  -87.674  4.539 0.4000000060
1237  9.280  -91.208  3.791 0.4000000060
1566  12.661  -89.848  1.929 0.4000000060
1327  19.164  -91.479  -7.134 0.4000000060
4868  4.078  -84.219  13.214 0.3000000119
4349  4.666  -85.571  12.612 0.4000000060
3901  5.153  -85.335  6.022 0.6999999881
1936  8.928  -90.389  4.803 0.4000000060
962  10.267  -91.889  4.069 0.4000000060
1345  20.195  -90.879  -8.783 0.4000000060
1070  22.668  -91.899  -10.019 0.5000000000
139812  20.933  -91.194  -9.291 0.5000000000
124371  20.227  -91.639  -9.282 0.5000000000
1096  23.978  -92.951  -12.998 0.6000000238
1057  23.078  -92.654  -10.107 0.6000000238
1105  24.127  -92.834  -14.068 0.6000000238
877  25.415  -93.570  -15.842 0.5000000000
652  24.468  -93.560  -15.267 0.5000000000
4350  4.513  -85.585  12.498 0.4000000060
133658  4.917  -86.021  10.742 0.5000000000
121504  4.662  -85.289  5.871 0.6999999881
893  26.495  -93.583  -18.810 0.5000000000
3872  5.115  -85.729  9.247 0.6000000238
3883  5.075  -85.397  8.102 0.6000000238
2440  4.313  -89.218  0.309 1.0000000000
2402  5.025  -88.865  4.427 0.8000000119
1968  5.453  -89.543  2.362 0.8000000119
2920  4.636  -88.281  1.051 1.0000000000
2443  4.147  -89.477  -0.266 1.0000000000
5236  22.251  -83.224  -25.753 0.6000000238
1799  20.838  -90.986  -19.637 0.5000000000
3894  4.476  -85.043  6.020 0.6999999881
2908  4.671  -88.470  3.663 0.8000000119
132866  4.064  -88.393  -0.092 1.0000000000
1785  21.029  -90.123  -19.268 0.6000000238
2697  20.932  -88.721  -21.655 0.6000000238
3422  4.050  -86.251  -0.876 0.8999999762
143052  3.684  -85.689  -2.153 0.8999999762
143688  3.655  -85.155  -3.313 0.8000000119
3973  3.682  -84.915  -3.871 0.8000000119
4486  3.521  -84.196  -4.219 0.8000000119
4480  3.572  -84.229  -3.358 0.8000000119
5005  3.474  -83.215  -4.252 0.5000000000
5531  3.591  -82.616  -3.464 0.8000000119
6121  4.867  -81.929  -3.196 0.8000000119
6105  7.768  -81.892  -1.638 0.8000000119
6104  8.622  -81.674  -2.144 0.8000000119
6102  10.295  -81.143  -1.040 0.8000000119
6701  10.604  -80.959  -0.333 0.8999999762
4629  8.274  -85.044  -19.317 0.4000000060
6691  10.667  -80.859  0.649 0.8999999762
9577  8.183  -76.099  6.408 0.8000000119
11122  7.189  -74.920  6.457 0.6999999881
15261  11.092  -69.797  -13.660 0.6999999881
15250  10.380  -69.396  -12.996 0.6999999881
15251  9.098  -69.080  -13.039 0.6999999881
126852  9.002  -69.066  -14.041 0.6999999881
16007  7.841  -67.917  -15.202 0.6000000238
16006  8.667  -68.161  -16.036 0.5000000000
15286  9.145  -68.703  -16.938 0.5000000000
18127  9.238  -65.572  -12.674 0.5000000000
16726  6.913  -66.908  -14.832 0.5000000000
126114  3.391  -71.002  7.192 0.6000000238
138210  3.121  -70.886  6.531 0.6999999881
13479  3.875  -70.666  6.582 0.6000000238
13492  7.150  -71.363  5.903 0.5000000000
14227  4.677  -70.430  5.794 0.6000000238
14987  4.088  -69.799  4.344 0.8999999762
18823  7.724  -64.275  -10.105 0.6000000238
19596  5.312  -63.652  -10.837 0.6000000238
19580  9.158  -64.198  -9.051 0.4000000060
18112  4.377  -64.891  -10.499 0.6000000238
19582  7.005  -63.432  -9.876 0.6000000238
138645  5.155  -63.317  -10.430 0.6999999881
19584  4.763  -63.738  -10.589 0.6000000238
19570  6.276  -62.772  -8.932 0.6999999881
20413  4.622  -63.076  -9.624 0.6999999881
143890  4.221  -63.289  -9.430 0.6000000238
19549  7.791  -62.851  -7.771 0.5000000000
19569  7.461  -63.151  -8.840 0.6000000238
15762  9.666  -68.567  2.868 0.6999999881
14997  6.962  -69.241  3.076 0.8000000119
145790  6.904  -68.021  2.154 0.8000000119
15775  8.301  -68.211  2.397 0.8000000119
19452  23.637  -62.911  -0.034 0.5000000000
20384  8.424  -62.439  -7.465 0.5000000000
138982  13.164  -66.456  2.602 0.6999999881
16507  11.860  -66.828  2.332 0.6999999881
16508  11.211  -67.013  2.193 0.6999999881
22273  8.463  -60.201  -8.720 0.5000000000
141581  24.905  -65.308  1.368 0.3000000119
23269  9.260  -59.614  -8.669 0.5000000000
23115  27.004  -58.918  4.178 0.4000000060
25038  26.651  -56.997  4.945 0.3000000119
126222  26.032  -54.111  4.895 0.3000000119
129814  25.624  -51.791  4.515 0.4000000060
128802  11.678  -51.695  -5.822 0.5000000000
33805  26.277  -46.900  4.962 0.4000000060
33793  25.595  -47.304  4.692 0.4000000060
35780  25.190  -46.825  5.131 0.4000000060
35803  26.469  -46.766  4.623 0.4000000060
125275  26.703  -46.840  3.697 0.4000000060
34803  23.940  -46.767  4.433 0.4000000060
128610  23.516  -46.391  4.176 0.4000000060
140493  25.748  -46.640  3.528 0.3000000119
123713  27.534  -46.764  3.160 0.4000000060
33914  20.346  -47.624  -7.612 0.3000000119
35850  25.350  -45.548  1.013 0.3000000119
35874  25.569  -45.440  -0.551 0.3000000119
35910  25.877  -45.387  -4.838 0.5000000000
36920  23.273  -44.625  -6.721 0.4000000060
34917  22.371  -46.431  -7.305 0.5000000000
36870  23.585  -44.649  -1.770 0.3000000119
109  14.777  -98.400  -11.180 0.5000000000
135632  11.853  -93.027  0.302 0.5000000000
200  15.853  -97.287  -11.017 0.6000000238
996  12.299  -91.907  -0.391 0.4000000060
1275  12.971  -90.538  -0.663 0.4000000060
143210  5.015  -85.194  6.950 0.6999999881
136756  4.807  -85.047  7.067 0.6999999881
3379  4.320  -86.988  4.640 0.8000000119
2422  5.151  -89.239  3.323 0.8000000119
145029  4.971  -89.139  2.421 0.8000000119
6091  9.750  -81.471  -0.603 0.8999999762
10336  7.638  -75.631  6.793 0.8000000119
16732  7.189  -67.206  -15.205 0.5000000000
124982  5.569  -71.280  7.262 0.5000000000
13477  6.330  -71.299  6.622 0.5000000000
13478  5.181  -70.852  6.601 0.5000000000
19568  8.515  -63.476  -8.566 0.3000000119
15761  10.509  -68.355  2.904 0.6999999881
34802  26.875  -46.475  5.456 0.4000000060
35794  25.877  -46.842  4.804 0.4000000060
125099  23.740  -46.180  3.827 0.3000000119
136098  21.919  -46.495  4.137 0.3000000119
36839  24.884  -44.246  -0.885 0.3000000119
123245  23.664  -44.679  -0.581 0.3000000119
19548  8.909  -63.097  -7.774 0.4000000060
589  11.686  -95.023  -6.284 0.8999999762
417  9.865  -95.846  -4.917 0.8000000119
285  10.790  -96.079  -4.516 0.8000000119
601  11.827  -94.112  -7.712 0.8999999762
596  10.761  -94.890  -7.231 0.8999999762
426  10.203  -95.463  -6.478 0.8999999762
418  9.152  -95.327  -4.576 0.8000000119
848  7.946  -93.241  -12.165 0.6999999881
1074  8.682  -92.128  -11.197 0.6999999881
1065  9.017  -92.409  -10.824 0.8000000119
821  8.716  -93.787  -8.379 0.8000000119
829  13.662  -92.935  -9.015 0.8999999762
145952  12.777  -98.121  -7.303 0.8000000119
92  12.842  -98.696  -4.998 0.8999999762
189  12.639  -97.642  -7.637 0.8000000119
297  12.879  -96.750  -6.722 0.8999999762
299  12.594  -97.064  -8.030 0.6999999881
36  13.140  -98.607  -8.598 0.8000000119
193  12.295  -97.710  -8.694 0.6999999881
128604  13.656  -99.052  -7.898 0.8000000119
124062  8.049  -93.900  -3.052 0.8999999762
1028  9.905  -92.714  -4.411 0.8000000119
136541  8.751  -94.875  -1.698 0.6999999881
444  10.015  -95.233  -9.213 0.8000000119
142775  9.824  -95.208  -11.176 0.8000000119
831  12.198  -93.233  -9.202 0.8999999762
270  12.825  -96.004  -3.915 0.6999999881
178  12.556  -97.454  -4.276 0.6999999881
83  13.892  -99.000  -4.385 0.6999999881
176  14.647  -97.159  -4.322 0.6999999881
1021  7.966  -93.308  -1.499 0.6999999881
568  8.020  -94.290  -1.526 0.6999999881
759  11.343  -94.113  1.076 0.5000000000
372  11.214  -95.978  1.222 0.6000000238
371  12.218  -96.501  0.986 0.5000000000
259  13.592  -97.008  -0.969 0.6000000238
244  12.806  -97.094  0.824 0.5000000000
76  18.171  -97.731  -3.872 0.3000000119
143660  16.297  -99.706  -7.142 0.5000000000
138135  17.644  -98.907  -5.895 0.4000000060
124514  13.665  -94.419  -9.615 0.6999999881
454  13.017  -95.608  -10.188 0.6000000238
132847  18.010  -98.871  -7.355 0.4000000060
33  15.313  -99.561  -8.287 0.6000000238
136715  8.713  -86.083  7.378 0.5000000000
4392  6.802  -84.550  6.060 0.6999999881
1984  9.452  -89.161  -0.900 0.5000000000
1594  8.839  -90.462  -0.516 0.6000000238
1024  9.909  -92.440  -3.585 0.8999999762
122600  9.890  -91.754  -8.633 1.0000000000
75  17.268  -97.643  -2.805 0.4000000060
398  13.504  -94.955  -3.113 0.6999999881
310  12.253  -96.551  -10.595 0.6999999881
191  16.673  -98.083  -8.442 0.4000000060
192  15.368  -97.322  -9.045 0.5000000000
102  15.553  -99.117  -8.772 0.6000000238
3360  7.378  -87.142  8.282 0.5000000000
121830  10.395  -84.573  1.979 0.8000000119
135855  9.827  -90.986  0.349 0.6000000238
988  9.343  -92.379  0.627 0.6000000238
384  10.819  -96.114  0.836 0.6000000238
162  17.362  -97.617  -2.069 0.3000000119
264  15.098  -96.022  -2.956 0.5000000000
99  18.212  -98.205  -8.150 0.4000000060
188  16.834  -97.097  -8.117 0.4000000060
34  14.801  -99.111  -9.044 0.6999999881
106  14.450  -98.556  -9.831 0.6999999881
41  13.508  -98.715  -10.350 0.6999999881
1967  9.992  -89.198  1.608 0.4000000060
138970  9.828  -88.948  1.066 0.5000000000
124799  9.971  -88.501  0.860 0.5000000000
1578  9.923  -90.281  0.498 0.5000000000
1033  11.396  -92.064  -5.607 0.8999999762
298  15.700  -96.483  -8.646 0.5000000000
3335  7.251  -87.507  9.314 0.4000000060
4388  11.622  -84.372  5.971 0.4000000060
4411  12.871  -84.359  4.705 0.5000000000
1555  9.181  -89.921  3.150 0.4000000060
1966  11.112  -89.737  1.337 0.4000000060
134630  9.387  -93.635  1.117 0.6000000238
248  16.774  -96.948  -0.670 0.4000000060
300  15.334  -96.645  -9.602 0.5000000000
451  16.194  -95.558  -10.144 0.6000000238
198  18.456  -97.197  -11.034 0.5000000000
304  20.825  -96.322  -10.971 0.4000000060
126104  21.866  -93.846  -15.743 0.5000000000
137760  20.668  -94.209  -16.992 0.5000000000
680  22.093  -95.082  -17.652 0.5000000000
4367  7.672  -84.630  10.200 0.3000000119
2441  10.016  -88.599  -0.879 0.5000000000
247  18.254  -96.630  -1.104 0.3000000119
142282  16.603  -94.227  -8.096 0.4000000060
447  20.623  -95.673  -10.739 0.5000000000
614  21.708  -94.744  -10.386 0.6999999881
446  22.483  -95.332  -10.731 0.4000000060
828  17.197  -93.556  -9.267 0.6000000238
617  17.859  -94.695  -10.486 0.6999999881
140138  21.367  -95.585  -18.750 0.5000000000
2858  6.171  -87.690  9.505 0.4000000060
3336  5.740  -87.752  9.689 0.5000000000
1987  5.290  -90.725  0.205 0.8999999762
2906  6.346  -88.770  3.301 0.8000000119
2451  11.164  -88.296  -1.493 0.6000000238
2040  8.407  -89.478  -5.524 1.0000000000
1379  22.769  -91.267  -11.896 0.6000000238
1353  23.107  -92.208  -10.275 0.6000000238
1365  23.521  -92.706  -10.779 0.6000000238
1052  17.590  -92.847  -7.978 0.4000000060
1061  18.389  -92.498  -9.185 0.5000000000
642  23.427  -93.541  -12.641 0.5000000000
125436  19.997  -95.099  -10.731 0.5000000000
615  20.385  -94.419  -10.481 0.6999999881
838  18.680  -93.660  -10.299 0.6000000238
140938  19.812  -92.877  -10.103 0.6999999881
653  23.756  -93.586  -14.902 0.5000000000
671  23.948  -94.615  -16.220 0.6000000238
3711  7.636  -85.957  -25.601 0.5000000000
493  23.054  -95.902  -18.485 0.6000000238
353  22.624  -96.332  -20.542 0.6000000238
3858  5.362  -86.838  11.039 0.5000000000
2057  4.149  -89.430  -6.585 0.6999999881
3956  8.979  -85.733  -0.545 0.8000000119
1042  18.623  -92.573  -7.045 0.4000000060
1346  19.432  -91.421  -8.637 0.5000000000
1335  18.994  -91.304  -7.966 0.4000000060
827  18.936  -92.924  -9.983 0.6000000238
835  23.385  -93.847  -10.217 0.6999999881
4716  10.060  -84.171  -25.931 0.6000000238
487  24.753  -94.974  -17.714 0.6000000238
127882  24.401  -95.270  -18.355 0.6000000238
504  23.693  -95.437  -20.226 0.6999999881
498  24.142  -95.220  -19.760 0.6999999881
901  24.713  -94.437  -19.716 0.6000000238
691  23.641  -95.107  -20.707 0.6999999881
907  22.840  -94.506  -21.586 0.6999999881
902  23.384  -94.765  -20.941 0.6000000238
702  21.591  -94.736  -24.140 0.6000000238
2449  12.672  -87.466  -2.699 0.8000000119
1059  21.329  -91.890  -9.631 0.5000000000
1344  21.860  -91.356  -9.662 0.5000000000
1060  19.369  -92.197  -9.442 0.5000000000
1085  23.751  -93.260  -12.138 0.5000000000
867  24.169  -93.268  -14.651 0.5000000000
132590  23.636  -93.510  -10.493 0.6000000238
896  25.669  -93.854  -19.529 0.6000000238
895  26.494  -92.938  -19.962 0.4000000060
1454  22.653  -92.348  -20.150 0.5000000000
912  22.644  -94.216  -22.794 0.6999999881
920  22.741  -92.646  -24.744 0.4000000060
5412  3.786  -83.037  12.374 0.3000000119
1378  23.652  -92.744  -11.734 0.6000000238
1453  23.902  -92.347  -20.304 0.5000000000
1445  24.096  -91.315  -20.106 0.5000000000
1447  21.955  -91.635  -19.677 0.5000000000
1167  21.111  -92.204  -20.817 0.5000000000
1176  22.349  -92.614  -22.696 0.5000000000
1170  21.637  -92.879  -21.374 0.5000000000
1463  22.979  -92.140  -24.030 0.5000000000
2281  20.920  -88.968  -25.898 0.6999999881
133879  19.132  -90.584  -24.585 0.5000000000
131851  23.460  -84.054  -26.800 0.6000000238
5244  17.231  -83.495  -25.949 0.5000000000
3225  19.521  -87.190  -25.821 0.5000000000
1811  20.532  -90.413  -21.280 0.6000000238
6564  4.220  -80.548  13.263 0.3000000119
4215  4.545  -84.783  -24.427 0.6000000238
4691  4.422  -84.139  -24.865 0.6000000238
1464  21.019  -91.004  -22.082 0.6000000238
2261  21.818  -89.658  -24.735 0.6000000238
2262  21.175  -89.125  -23.905 0.6000000238
2263  20.782  -88.856  -23.112 0.6000000238
1814  21.150  -90.332  -22.913 0.6000000238
5444  6.437  -82.493  7.967 0.4000000060
6359  22.002  -81.291  -26.795 0.6999999881
134749  18.730  -79.515  -26.934 0.6999999881
132826  10.354  -79.655  -27.438 0.8000000119
2254  20.688  -89.466  -22.572 0.6000000238
2236  20.579  -89.755  -20.447 0.5000000000
5216  5.288  -83.400  -25.206 0.6999999881
3405  5.207  -86.656  1.445 1.0000000000
5739  5.309  -82.746  -25.088 0.6000000238
6349  8.173  -81.153  -25.323 0.6999999881
7001  10.346  -80.446  -23.175 0.6999999881
7711  6.860  -79.586  -23.199 0.6000000238
14434  4.170  -69.553  -12.405 0.6000000238
11453  3.687  -73.563  -19.159 0.6000000238
8449  7.440  -78.052  -22.649 0.6000000238
8876  5.935  -77.942  1.730 0.6999999881
8861  4.484  -77.040  1.978 0.8000000119
8860  5.473  -77.249  2.154 0.8000000119
13686  5.841  -70.819  -13.135 0.8000000119
122935  10.149  -73.183  -12.641 0.8000000119
13723  9.408  -72.147  -16.068 0.5000000000
12984  9.392  -73.005  -15.396 0.5000000000
15272  10.586  -69.727  -15.645 0.6000000238
15285  10.044  -69.666  -16.627 0.5000000000
10380  7.448  -75.747  4.296 0.8000000119
11398  8.883  -74.747  -15.530 0.6999999881
14466  11.546  -71.164  -14.093 0.6000000238
10350  7.865  -75.379  6.069 0.8000000119
12742  3.455  -72.179  2.815 0.8999999762
16720  7.511  -67.490  -14.050 0.6000000238
15001  2.628  -69.766  2.719 0.8999999762
15053  2.474  -68.567  -0.183 0.6000000238
14226  5.924  -70.473  5.209 0.5000000000
17922  15.075  -64.899  3.443 0.6999999881
135974  22.437  -66.087  0.426 0.3000000119
18707  24.224  -64.090  0.197 0.4000000060
17939  24.909  -65.168  0.892 0.3000000119
20399  4.722  -62.159  -9.059 0.6000000238
142152  6.666  -62.147  -7.879 0.6000000238
19429  25.907  -64.030  1.128 0.3000000119
19438  25.885  -63.562  0.747 0.4000000060
19451  24.679  -63.011  -0.009 0.5000000000
19428  26.360  -63.042  1.938 0.3000000119
18682  25.393  -64.729  1.262 0.3000000119
127722  26.936  -59.665  3.729 0.3000000119
26948  7.370  -55.587  -9.521 0.6000000238
27746  7.828  -53.965  -8.726 0.6000000238
26945  10.737  -55.140  -8.567 0.4000000060
123929  25.050  -54.113  4.486 0.3000000119
143184  7.682  -54.064  -8.134 0.5000000000
28530  8.337  -52.655  -7.702 0.6000000238
130945  26.028  -49.918  4.622 0.4000000060
30099  26.610  -51.334  4.591 0.4000000060
130117  26.508  -52.026  4.602 0.4000000060
30101  24.153  -51.330  3.943 0.3000000119
32821  25.455  -48.224  4.654 0.4000000060
31908  23.440  -49.015  4.438 0.3000000119
35851  24.257  -45.047  0.608 0.3000000119
32931  10.809  -48.336  -6.089 0.5000000000
32830  22.054  -48.937  3.899 0.3000000119
33795  24.548  -47.539  4.700 0.4000000060
34796  23.263  -46.973  4.487 0.4000000060
32955  15.752  -48.242  -8.336 0.3000000119
134021  11.404  -47.656  -6.097 0.3000000119
35823  24.863  -45.747  2.821 0.3000000119
140059  24.558  -44.244  -4.197 0.4000000060
132534  14.797  -46.706  -8.118 0.3000000119
33915  19.495  -47.736  -7.766 0.3000000119
145546  16.491  -46.632  -8.464 0.3000000119
37794  23.871  -43.558  -5.376 0.3000000119
35925  22.116  -45.624  -7.642 0.4000000060
35926  21.454  -45.627  -8.051 0.3000000119
35927  20.802  -45.992  -8.264 0.4000000060
34919  20.556  -46.782  -7.966 0.4000000060
34935  19.044  -46.553  -8.446 0.4000000060
35943  17.146  -45.780  -8.742 0.3000000119
35939  21.050  -45.169  -8.381 0.3000000119
34934  19.979  -46.297  -8.390 0.4000000060
194  14.847  -97.534  -9.932 0.6000000238
13493  6.048  -70.827  5.945 0.5000000000
28368  26.561  -53.365  4.720 0.4000000060
143612  12.902  -98.721  -10.625 0.8000000119
201  15.080  -97.663  -10.758 0.6999999881
40  13.984  -98.650  -11.000 0.6000000238
199  17.068  -97.015  -11.060 0.6000000238
1104  24.475  -93.002  -14.668 0.5000000000
1148  27.073  -92.825  -19.322 0.4000000060
18671  25.020  -64.959  2.163 0.3000000119
208  16.732  -98.129  -11.317 0.6000000238
1410  25.089  -92.278  -15.469 0.4000000060
123412  24.460  -92.564  -14.888 0.5000000000
111  12.378  -98.462  -10.333 0.6000000238
133472  25.086  -91.384  -15.566 0.4000000060
1401  24.306  -91.369  -15.161 0.4000000060
1116  25.788  -93.042  -15.866 0.4000000060
1409  25.878  -91.958  -16.021 0.4000000060
142801  23.599  -90.852  -14.700 0.5000000000
886  26.653  -93.080  -16.944 0.3000000119
1392  23.444  -92.149  -13.431 0.5000000000
141790  26.453  -93.513  -17.300 0.3000000119
1739  23.400  -90.013  -14.428 0.4000000060
1730  22.972  -90.953  -14.095 0.5000000000
139916  23.231  -91.996  -12.387 0.5000000000
1393  22.710  -90.912  -13.009 0.5000000000
1796  23.354  -90.685  -19.429 0.4000000060
1702  22.297  -89.936  -10.545 0.5000000000
144414  22.530  -90.403  -12.142 0.5000000000
2122  23.518  -89.098  -13.949 0.4000000060
2123  22.830  -89.976  -13.655 0.5000000000
1784  21.785  -90.189  -18.805 0.4000000060
2092  22.434  -89.450  -11.676 0.4000000060
1719  22.610  -89.729  -12.714 0.4000000060
4952  4.093  -83.527  3.767 0.6999999881
4416  4.045  -84.348  4.274 0.6999999881
4964  4.548  -83.248  2.825 0.6999999881
4439  4.292  -83.616  3.320 0.6999999881
4426  4.148  -84.374  3.642 0.6999999881
4963  5.218  -84.136  2.351 0.8999999762
4437  4.986  -85.284  2.520 0.6999999881
3941  5.564  -85.719  1.444 0.8999999762
4983  5.909  -83.685  0.355 0.8999999762
5500  5.790  -82.902  1.761 0.8999999762
4974  5.775  -83.776  1.493 0.8999999762
4452  5.656  -84.788  1.600 0.8999999762
4465  5.844  -84.457  0.646 0.8999999762
3950  5.550  -85.919  0.739 0.8999999762
4471  4.492  -83.841  -0.977 0.8000000119
124622  3.947  -82.664  3.839 0.6999999881
131077  5.350  -83.336  2.242 0.8999999762
5511  6.114  -83.050  0.832 0.8000000119
121927  6.190  -82.825  -0.018 0.6999999881
145695  5.613  -83.497  -0.303 0.8000000119
4470  5.450  -84.101  -0.314 0.8000000119
3957  5.551  -85.209  0.086 0.8999999762
5518  5.492  -82.656  -0.816 0.6999999881
4986  4.998  -83.186  -0.802 0.6999999881
3958  4.549  -85.535  -0.626 0.8000000119
5523  4.149  -82.573  -1.956 0.6999999881
140685  4.061  -83.785  -1.381 0.6999999881
4476  3.859  -84.355  -1.706 0.6999999881
3429  3.792  -85.962  -1.522 0.8000000119
5527  4.563  -82.101  -2.364 0.6999999881
4993  3.621  -83.739  -2.540 0.6999999881
4478  3.674  -84.896  -2.535 0.6999999881
5521  6.018  -82.273  -1.214 0.6999999881
5522  5.041  -82.276  -1.641 0.6999999881
6120  5.432  -82.017  -2.451 0.6999999881
5517  6.360  -82.424  -0.381 0.8000000119
143900  5.922  -82.087  -1.917 0.6999999881
6059  4.479  -81.858  2.857 0.6999999881
5510  6.531  -82.482  0.516 0.8000000119
5499  6.352  -82.471  1.333 0.8999999762
6042  5.633  -81.283  2.937 0.8999999762
6058  5.259  -81.809  2.604 0.8999999762
127754  6.952  -82.133  1.020 0.8000000119
145455  6.677  -81.953  1.736 0.8000000119
5490  5.917  -82.251  2.058 0.8999999762
6082  7.191  -82.040  0.053 0.8000000119
6093  6.963  -82.064  -0.933 0.6999999881
6057  6.327  -81.608  2.440 0.8999999762
126372  8.249  -81.760  0.007 0.8000000119
6081  7.750  -81.817  0.810 0.8000000119
132196  7.372  -81.819  1.472 0.8000000119
145729  8.540  -81.738  -1.403 0.6999999881
6067  8.160  -81.687  1.541 0.8000000119
6056  7.488  -81.608  2.234 0.8000000119
6657  7.663  -81.056  3.726 0.8000000119
6659  5.040  -80.793  3.448 0.6999999881
6080  8.833  -81.667  0.779 0.8000000119
6040  8.192  -81.385  3.070 0.8000000119
6646  5.668  -80.350  4.105 0.6999999881
6644  8.213  -80.596  4.443 0.8000000119
6645  7.020  -80.506  4.281 0.8000000119
7336  6.283  -79.822  4.786 0.6000000238
127962  9.141  -81.649  -0.057 0.8000000119
139003  9.604  -81.484  1.199 0.8000000119
6054  9.694  -81.360  2.060 0.8000000119
6039  9.260  -81.297  3.006 0.8000000119
8089  5.161  -78.610  5.882 0.5000000000
6643  9.215  -80.443  4.373 0.8000000119
7335  7.641  -80.052  5.055 0.8000000119
6065  10.278  -81.225  1.183 0.8000000119
6670  10.396  -80.527  2.437 0.8000000119
6655  9.656  -80.752  3.568 0.6999999881
8076  4.758  -78.161  6.457 0.5000000000
7334  8.707  -80.008  5.050 0.8000000119
7324  7.030  -79.333  5.498 0.6999999881
8796  4.167  -77.602  7.718 0.5000000000
7333  9.413  -79.710  4.733 0.8000000119
8087  7.734  -78.781  6.127 0.6000000238
8075  5.988  -78.056  6.492 0.5000000000
8085  9.312  -78.292  5.376 0.6999999881
8795  5.100  -77.094  7.682 0.5000000000
8073  8.268  -78.072  6.410 0.6999999881
8074  7.248  -78.070  6.529 0.6000000238
8805  5.499  -77.514  7.060 0.5000000000
7322  9.155  -79.211  5.325 0.8000000119
8803  7.865  -77.400  6.784 0.6000000238
9565  5.878  -76.283  8.180 0.6000000238
8794  6.374  -76.748  7.608 0.5000000000
9578  7.845  -76.208  6.939 0.6999999881
8793  7.424  -76.598  7.214 0.6999999881
143927  8.773  -77.245  6.198 0.6999999881
9552  5.379  -75.840  8.603 0.6999999881
10307  6.383  -75.437  7.923 0.6999999881
9564  6.768  -76.018  7.827 0.6999999881
10308  5.675  -75.151  8.346 0.6999999881
11104  6.147  -74.836  7.652 0.6000000238
11105  5.324  -74.523  7.843 0.6000000238
127406  4.581  -74.450  8.387 0.6000000238
11085  3.719  -74.171  9.090 0.6000000238
11876  3.313  -73.542  8.298 0.6000000238
12663  2.381  -72.621  9.373 0.5000000000
127516  2.576  -72.798  8.157 0.5000000000
13462  3.022  -71.407  7.641 0.6000000238
17430  7.313  -65.941  -13.878 0.5000000000
17919  17.256  -65.566  4.398 0.3000000119
17202  16.447  -66.504  5.041 0.3000000119
17213  15.917  -65.764  4.260 0.4000000060
17915  16.982  -65.780  4.875 0.4000000060
17920  16.654  -65.212  4.326 0.4000000060
18663  16.801  -64.839  4.016 0.4000000060
134506  21.844  -62.340  0.165 0.5000000000
19443  18.107  -61.836  1.240 0.6000000238
19455  20.253  -61.656  0.570 0.5000000000
20270  18.530  -60.870  1.203 0.6000000238
20280  22.187  -61.421  0.059 0.5000000000
20281  21.103  -61.170  0.338 0.5000000000
20282  20.071  -60.363  0.673 0.6000000238
16491  15.661  -66.823  4.587 0.4000000060
16497  14.774  -67.366  3.878 0.5000000000
136182  12.114  -68.326  3.309 0.5000000000
17214  14.974  -66.279  3.552 0.6000000238
17215  14.018  -66.811  3.118 0.6000000238
15760  11.368  -68.335  3.125 0.5000000000
14993  10.997  -69.019  3.548 0.5000000000
19450  25.569  -62.795  0.260 0.5000000000
20271  17.878  -60.767  1.328 0.6000000238
20277  24.963  -61.997  -0.066 0.5000000000
20278  24.111  -61.870  -0.132 0.5000000000
20269  19.317  -60.507  0.979 0.6000000238
20268  25.668  -61.303  -0.000 0.5000000000
131509  22.691  -60.336  -0.100 0.5000000000
144033  13.225  -67.200  2.929 0.6000000238
16501  10.953  -67.704  2.589 0.6000000238
16500  11.813  -67.575  2.748 0.6000000238
17921  16.040  -64.828  4.116 0.6000000238
19444  17.368  -61.444  1.518 0.6000000238
20267  26.294  -62.417  0.658 0.4000000060
128969  26.778  -61.590  0.913 0.5000000000
21164  26.426  -60.977  0.371 0.6000000238
21162  27.317  -60.316  0.847 0.6000000238
22257  9.719  -60.794  -7.482 0.3000000119
21287  8.137  -61.669  -7.587 0.4000000060
21151  27.169  -61.022  2.217 0.4000000060
23114  27.440  -59.252  3.307 0.4000000060
23130  27.641  -59.497  2.315 0.6000000238
24118  27.864  -58.731  2.553 0.6000000238
23255  10.664  -59.502  -7.758 0.4000000060
22272  9.272  -60.280  -8.090 0.3000000119
19424  14.947  -63.082  2.558 0.6000000238
17944  12.967  -65.085  0.976 0.6000000238
140749  10.773  -65.066  -0.423 0.5000000000
17979  9.793  -65.159  -0.912 0.5000000000
18686  13.682  -64.514  0.633 0.6000000238
17958  12.171  -65.119  0.218 0.5000000000
22112  27.239  -60.024  3.101 0.3000000119
25037  27.317  -57.330  4.451 0.3000000119
131784  27.850  -56.865  4.078 0.3000000119
125603  28.079  -56.143  3.940 0.3000000119
26774  27.679  -55.426  4.355 0.3000000119
23268  9.964  -59.103  -8.423 0.4000000060
24255  10.696  -58.593  -8.165 0.4000000060
138039  27.321  -58.089  4.189 0.3000000119
25945  27.347  -56.351  4.588 0.3000000119
27565  27.294  -54.718  4.632 0.3000000119
142440  27.109  -53.638  4.640 0.3000000119
130335  27.312  -53.170  4.483 0.3000000119
126978  9.908  -58.100  -8.750 0.4000000060
25216  10.780  -57.497  -8.444 0.4000000060
26775  27.007  -55.493  4.879 0.3000000119
132612  26.871  -54.089  4.785 0.3000000119
29213  28.186  -52.273  3.851 0.4000000060
30097  27.875  -51.630  4.204 0.3000000119
31951  28.335  -49.586  1.947 0.4000000060
32885  29.007  -48.148  -0.426 0.4000000060
142704  10.578  -56.743  -8.607 0.4000000060
30117  28.322  -51.446  3.662 0.4000000060
31045  28.499  -50.345  2.658 0.4000000060
31010  28.021  -50.836  4.072 0.4000000060
134938  28.546  -50.479  1.647 0.4000000060
31938  28.236  -49.416  2.768 0.4000000060
31011  27.533  -50.245  4.282 0.3000000119
31964  28.450  -48.964  0.485 0.4000000060
32868  28.052  -48.270  1.960 0.4000000060
33854  28.456  -47.172  2.507 0.4000000060
33868  29.566  -46.927  0.837 0.4000000060
34861  29.581  -46.557  1.324 0.4000000060
33879  29.636  -47.038  0.181 0.5000000000
32887  28.638  -47.177  -0.166 0.5000000000
32898  28.214  -47.187  -0.833 0.5000000000
32904  28.870  -47.588  -1.535 0.5000000000
32910  28.994  -48.496  -3.130 0.5000000000
32915  27.469  -47.977  -4.706 0.5000000000
32828  27.516  -48.563  3.490 0.4000000060
32851  27.775  -48.166  2.873 0.4000000060
32867  28.341  -48.003  0.942 0.5000000000
33853  29.112  -46.888  1.631 0.4000000060
33869  29.576  -46.505  1.486 0.4000000060
35820  29.165  -46.488  2.013 0.4000000060
33881  28.828  -47.171  0.219 0.5000000000
34876  29.014  -47.159  0.791 0.4000000060
33882  27.862  -46.694  -0.351 0.5000000000
32899  27.663  -46.521  -1.554 0.5000000000
124319  28.591  -47.328  -3.002 0.5000000000
32912  27.636  -46.696  -3.781 0.5000000000
33897  26.963  -46.902  -5.072 0.5000000000
32918  26.727  -47.795  -5.117 0.5000000000
125463  25.027  -48.063  -5.622 0.4000000060
32921  23.681  -48.179  -6.233 0.4000000060
33792  26.173  -47.888  4.405 0.4000000060
34801  27.607  -46.316  4.780 0.4000000060
34811  28.402  -45.829  3.766 0.4000000060
35801  28.050  -45.903  3.918 0.4000000060
35821  28.657  -45.986  3.169 0.4000000060
35848  27.858  -46.886  1.285 0.4000000060
35872  27.403  -46.645  0.224 0.3000000119
34888  26.556  -45.772  -1.178 0.4000000060
32888  27.867  -46.705  -0.711 0.5000000000
32906  27.644  -46.498  -2.591 0.5000000000
33898  26.857  -46.414  -4.895 0.4000000060
34905  26.100  -46.300  -5.329 0.4000000060
33903  24.497  -47.723  -5.879 0.4000000060
32924  22.815  -48.025  -6.599 0.3000000119
32925  22.268  -48.503  -6.658 0.4000000060
33907  21.244  -47.879  -7.300 0.3000000119
127468  26.634  -46.157  0.249 0.3000000119
34878  27.080  -46.332  -0.529 0.4000000060
128245  25.662  -44.665  -1.276 0.3000000119
33892  26.986  -46.143  -2.143 0.4000000060
34896  26.226  -45.574  -2.188 0.4000000060
34903  26.565  -45.593  -4.291 0.4000000060
35909  26.557  -46.041  -5.090 0.4000000060
34906  25.206  -46.188  -5.580 0.4000000060
34911  23.246  -46.369  -6.715 0.4000000060
139244  21.076  -47.189  -7.612 0.3000000119
35890  26.094  -44.706  -1.579 0.3000000119
35919  23.636  -45.369  -6.464 0.4000000060
6658  6.381  -80.933  3.465 0.8999999762
136819  15.369  -62.325  2.334 0.6000000238
19432  15.904  -61.887  2.037 0.6000000238
132586  11.876  -98.427  -11.181 0.6000000238
8802  8.472  -77.485  6.442 0.6999999881
19431  16.254  -61.987  2.344 0.6000000238
20261  26.606  -62.437  1.340 0.3000000119
21157  26.962  -61.564  1.672 0.4000000060
27566  26.530  -54.812  4.938 0.3000000119
32819  27.000  -48.864  4.202 0.4000000060
31903  27.564  -49.454  3.999 0.4000000060
35849  26.763  -46.352  1.484 0.3000000119
132197  26.071  -45.436  -3.217 0.4000000060
129138  25.628  -45.005  -3.940 0.4000000060
35914  24.875  -45.360  -5.567 0.4000000060
35913  25.752  -45.596  -5.219 0.4000000060
35918  24.200  -45.688  -6.094 0.4000000060
35920  22.884  -45.547  -7.077 0.3000000119
1138  26.977  -93.019  -17.973 0.3000000119
21286  9.278  -61.760  -7.201 0.3000000119
33804  27.017  -47.138  4.125 0.4000000060
35802  27.371  -46.422  4.528 0.3000000119
33906  22.069  -47.956  -6.980 0.3000000119
126112  22.638  -47.253  -6.948 0.4000000060
6066  9.010  -81.602  1.600 0.8000000119
7325  5.646  -79.191  5.327 0.5000000000
20279  23.147  -61.676  -0.077 0.5000000000
15759  12.811  -67.892  3.185 0.6000000238
129864  24.590  -60.782  -0.206 0.5000000000
134222  27.137  -61.035  1.054 0.6000000238
21156  27.316  -60.725  1.500 0.6000000238
22125  27.400  -60.330  2.246 0.5000000000
24100  27.615  -58.471  3.512 0.4000000060
121580  27.985  -58.099  2.834 0.4000000060
125422  28.153  -58.114  1.948 0.5000000000
25983  28.209  -56.810  3.301 0.4000000060
25965  28.393  -55.966  2.978 0.4000000060
28384  28.441  -53.001  3.349 0.5000000000
131935  28.443  -49.773  0.980 0.4000000060
130205  29.139  -47.721  -0.178 0.4000000060
31976  28.857  -48.969  -0.269 0.4000000060
126255  28.992  -48.147  -0.795 0.4000000060
134986  28.613  -51.253  2.936 0.4000000060
31914  28.303  -49.962  3.265 0.4000000060
31915  27.997  -49.373  3.425 0.4000000060
32886  29.285  -47.258  0.070 0.4000000060
143997  29.022  -47.922  -2.459 0.5000000000
33894  27.445  -47.082  -4.652 0.5000000000
33888  27.137  -46.278  -1.126 0.4000000060
33895  27.230  -46.318  -3.200 0.4000000060
34902  26.848  -46.320  -5.105 0.4000000060
33901  26.405  -47.003  -5.315 0.4000000060
32919  25.796  -47.918  -5.416 0.5000000000
33902  25.371  -47.144  -5.604 0.4000000060
138560  24.010  -47.344  -6.126 0.4000000060
33905  23.395  -47.303  -6.477 0.4000000060
33899  27.087  -46.113  -3.970 0.4000000060
34909  24.558  -46.130  -5.876 0.4000000060
34900  26.656  -45.820  -3.166 0.4000000060
144697  23.763  -46.000  -6.393 0.4000000060
1659  19.668  -90.949  -6.976 0.3000000119
129766  21.614  -89.845  -9.485 0.4000000060
1694  20.187  -90.004  -8.398 0.4000000060
1354  22.516  -91.139  -10.354 0.4000000060
10298  3.977  -75.025  9.775 0.4000000060
10309  4.675  -75.250  9.013 0.5000000000
144886  3.512  -74.123  9.629 0.5000000000
21176  22.152  -59.355  -0.402 0.4000000060
138829  21.199  -59.176  -0.136 0.5000000000
144343  20.001  -59.123  0.333 0.5000000000
137545  19.050  -59.444  0.486 0.5000000000
21166  18.691  -59.915  0.984 0.5000000000
22150  24.502  -59.623  -0.647 0.4000000060
22151  23.588  -59.379  -0.756 0.4000000060
133042  23.171  -59.576  -0.442 0.5000000000
21167  18.164  -60.195  1.147 0.5000000000
22149  25.458  -59.897  -0.483 0.4000000060
21168  17.879  -60.550  0.858 0.5000000000
20272  17.348  -61.145  1.307 0.5000000000
20263  16.651  -61.565  1.744 0.5000000000
142379  27.326  -59.189  -0.204 0.4000000060
23145  26.951  -59.621  -0.123 0.4000000060
21163  26.951  -60.633  0.636 0.5000000000
21173  25.827  -60.212  -0.075 0.5000000000
20285  16.734  -61.708  0.549 0.5000000000
23155  26.325  -59.874  -0.564 0.4000000060
22135  27.586  -59.773  1.288 0.4000000060
19445  15.498  -62.681  1.166 0.5000000000
126949  27.658  -59.068  0.701 0.4000000060
20273  16.100  -62.047  0.926 0.5000000000
24129  27.836  -58.456  0.456 0.4000000060
18685  14.388  -64.075  1.657 0.5000000000
19433  14.934  -63.341  1.416 0.5000000000
135436  27.893  -58.821  1.416 0.5000000000
19446  14.991  -63.615  0.075 0.5000000000
25081  28.129  -57.999  0.978 0.4000000060
18699  14.348  -64.015  0.349 0.5000000000
25080  28.334  -57.389  1.544 0.4000000060
25075  28.231  -57.481  2.569 0.4000000060
26818  28.545  -55.736  1.843 0.4000000060
25982  28.428  -56.685  2.238 0.4000000060
25989  28.438  -56.609  1.158 0.4000000060
129482  28.528  -55.069  2.713 0.4000000060
140068  28.647  -54.850  1.954 0.4000000060
123840  28.636  -54.194  2.454 0.4000000060
32920  24.446  -48.602  -5.894 0.4000000060
1692  22.072  -90.713  -9.829 0.4000000060
47  13.383  -98.772  -11.414 0.6000000238
129444  23.647  -60.571  -0.187 0.5000000000
22142  27.068  -59.937  0.320 0.4000000060
22153  21.574  -58.860  -0.658 0.5000000000
22154  20.528  -58.903  -0.081 0.4000000060
21202  19.269  -59.485  -0.365 0.5000000000
21174  24.984  -59.977  -0.177 0.4000000060
22148  26.426  -59.967  0.036 0.4000000060
138945  28.511  -53.756  3.131 0.5000000000
1797  22.312  -90.825  -19.244 0.3000000119
3887  12.451  -85.125  6.173 0.3000000119
779  14.692  -93.133  -1.654 0.3000000119
778  15.489  -93.479  -1.909 0.3000000119
540  15.200  -95.465  -0.457 0.3000000119
542  13.585  -94.542  -0.080 0.4000000060
134516  15.802  -94.503  -1.433 0.3000000119
541  14.368  -94.857  -0.352 0.3000000119
390  17.016  -95.770  -1.180 0.3000000119
8056  4.020  -78.418  8.371 0.3000000119
7303  4.111  -79.395  7.144 0.4000000060
6616  4.000  -79.709  6.467 0.4000000060
6615  4.567  -80.186  6.686 0.4000000060
6031  3.884  -81.311  4.194 0.5000000000
6025  3.984  -81.310  4.819 0.4000000060
135853  4.043  -82.535  4.373 0.6000000238
142651  3.921  -81.788  4.389 0.6000000238
5482  3.890  -82.051  3.481 0.6000000238
8055  4.752  -78.679  8.580 0.3000000119
6614  5.925  -80.816  7.080 0.3000000119
7302  5.185  -79.844  7.362 0.4000000060
5452  5.945  -82.576  7.244 0.3000000119
6625  4.273  -80.608  5.993 0.4000000060
6626  3.963  -80.029  5.782 0.4000000060
5459  5.127  -82.534  6.390 0.5000000000
6016  4.925  -81.494  6.130 0.4000000060
6044  4.004  -81.567  3.299 0.6000000238
5460  4.534  -82.976  5.699 0.5000000000
7293  4.006  -78.750  7.642 0.4000000060
6605  6.479  -80.185  7.821 0.3000000119
7326  4.046  -79.669  5.628 0.4000000060
6604  7.112  -80.428  8.431 0.3000000119
6647  4.486  -80.443  4.112 0.4000000060
5995  7.010  -81.303  8.532 0.3000000119
7312  3.932  -79.325  6.293 0.4000000060
7337  4.899  -79.751  4.681 0.5000000000
5437  6.432  -82.264  8.702 0.3000000119
8066  3.929  -78.481  7.363 0.4000000060
8786  3.792  -77.652  8.663 0.4000000060
143089  4.428  -79.247  5.497 0.4000000060
8047  3.790  -77.893  8.933 0.4000000060
8797  3.904  -77.924  7.866 0.4000000060
9554  3.691  -77.015  9.208 0.4000000060
9543  3.805  -76.343  9.944 0.3000000119
9553  4.381  -76.368  9.008 0.4000000060
10299  3.757  -75.433  10.473 0.3000000119
9542  4.142  -75.955  9.500 0.5000000000
11086  2.739  -73.287  9.399 0.4000000060
11853  2.474  -72.962  10.223 0.4000000060
11827  4.796  -72.439  10.713 0.3000000119
12653  2.554  -72.618  10.387 0.4000000060
137962  2.994  -73.442  8.864 0.4000000060
12661  5.172  -72.234  9.692 0.3000000119
12662  3.449  -72.143  10.179 0.4000000060
125943  3.705  -71.842  9.352 0.4000000060
12695  4.677  -71.476  8.210 0.4000000060
12676  6.299  -72.386  8.809 0.4000000060
12678  2.728  -71.993  8.981 0.4000000060
13447  2.926  -71.675  8.239 0.4000000060
125218  7.419  -72.782  8.447 0.4000000060
12677  4.956  -71.821  8.792 0.4000000060
11852  6.953  -73.199  10.046 0.3000000119
13446  3.764  -71.564  8.597 0.4000000060
13461  3.822  -71.254  7.853 0.4000000060
121658  6.882  -72.262  7.895 0.4000000060
12708  7.327  -72.159  7.251 0.4000000060
13459  6.564  -71.750  7.289 0.4000000060
12693  7.784  -72.579  7.652 0.3000000119
12692  8.659  -72.831  7.398 0.3000000119
12706  9.094  -72.523  6.650 0.3000000119
12707  8.083  -72.310  6.803 0.3000000119
13476  7.244  -71.795  6.675 0.4000000060
132272  7.860  -71.848  6.186 0.4000000060
13489  10.061  -71.472  5.452 0.3000000119
13488  11.001  -71.371  5.574 0.3000000119
14237  9.512  -70.275  4.217 0.3000000119
13474  9.580  -72.050  6.019 0.3000000119
14224  8.523  -71.127  4.881 0.4000000060
14213  11.893  -71.192  5.761 0.3000000119
14222  10.564  -70.874  4.946 0.3000000119
14974  13.042  -69.980  4.992 0.3000000119
13490  9.095  -71.557  5.439 0.3000000119
14223  9.556  -70.917  4.761 0.3000000119
14221  11.440  -70.776  5.152 0.3000000119
14236  11.056  -70.245  4.563 0.3000000119
136983  10.199  -70.284  4.395 0.3000000119
14983  9.074  -69.922  3.797 0.3000000119
14981  11.475  -69.598  4.162 0.3000000119
14982  9.834  -69.749  3.869 0.4000000060
15758  13.537  -68.364  3.768 0.4000000060
15751  11.855  -68.962  3.701 0.4000000060
15748  14.389  -68.234  4.363 0.3000000119
15750  12.853  -68.825  3.808 0.4000000060
24235  11.374  -59.066  -7.622 0.3000000119
14994  10.170  -69.117  3.418 0.4000000060
24234  12.145  -58.835  -7.495 0.3000000119
26102  12.214  -56.421  -8.708 0.3000000119
135580  11.198  -55.640  -8.568 0.4000000060
1738  24.125  -90.251  -14.984 0.3000000119
145946  14.475  -95.894  0.261 0.4000000060
7291  5.738  -79.380  8.116 0.3000000119
6024  4.436  -81.638  5.479 0.5000000000
6006  6.438  -81.760  7.403 0.3000000119
14235  12.035  -70.220  4.800 0.3000000119
14979  13.373  -69.321  4.613 0.3000000119
4933  4.361  -83.891  5.984 0.5000000000
15743  14.224  -68.925  5.036 0.3000000119
769  12.719  -93.047  -0.369 0.4000000060
4934  4.257  -83.445  5.141 0.6000000238
8077  4.108  -78.451  6.554 0.4000000060
21177  20.474  -59.529  0.366 0.4000000060
136803  21.649  -60.016  0.128 0.4000000060
26793  28.235  -55.285  3.640 0.4000000060
24254  11.509  -58.220  -8.002 0.4000000060
8078  3.914  -78.734  6.699 0.4000000060
27584  28.390  -54.445  3.349 0.4000000060
768  14.173  -93.765  -0.902 0.4000000060
552  14.953  -94.166  -1.190 0.3000000119
6634  4.075  -80.744  5.342 0.4000000060
6648  4.056  -80.828  4.203 0.6000000238
123148  3.602  -75.865  11.163 0.3000000119
12694  5.747  -71.739  8.004 0.4000000060
13475  8.639  -72.035  6.070 0.3000000119
1941  10.696  -89.252  4.692 0.3000000119
1538  8.662  -90.840  4.587 0.3000000119
995  13.205  -91.892  -1.105 0.3000000119
1282  13.803  -90.668  -1.375 0.3000000119
142808  13.950  -91.644  -1.642 0.3000000119
143193  13.311  -92.790  -0.920 0.3000000119
126682  13.434  -93.479  -0.597 0.3000000119
28366  27.942  -53.094  4.089 0.3000000119
26944  11.589  -55.038  -8.744 0.3000000119
12  14.105  -99.282  -4.924 0.8000000119
13  13.414  -99.082  -4.530 0.8000000119
15  16.143  -99.398  -5.791 0.6000000238
16  15.095  -99.475  -5.603 0.6999999881
17  14.221  -99.511  -5.883 0.6999999881
19  17.560  -99.152  -6.659 0.4000000060
20  16.755  -99.518  -6.738 0.5000000000
22  14.290  -99.636  -6.767 0.8000000119
26  16.653  -99.528  -7.641 0.5000000000
29  14.011  -99.479  -7.315 0.8000000119
37  14.086  -98.725  -9.893 0.6999999881
38  13.736  -98.768  -9.533 0.8000000119
46  14.306  -98.950  -11.921 0.6000000238
84  13.238  -98.903  -4.252 0.8000000119
98  13.119  -98.542  -7.562 0.8999999762
100  17.397  -98.595  -8.264 0.4000000060
103  12.625  -98.105  -8.344 0.8000000119
108  12.146  -98.143  -9.693 0.6999999881
148  18.254  -97.012  -1.266 0.4000000060
152  14.581  -97.473  -0.311 0.5000000000
157  15.747  -97.719  -1.252 0.5000000000
163  16.785  -97.675  -2.357 0.4000000060
167  17.859  -97.622  -2.874 0.3000000119
168  16.829  -97.536  -3.450 0.6000000238
169  16.039  -96.993  -3.962 0.6000000238
174  16.246  -97.767  -4.362 0.6000000238
183  12.637  -98.030  -5.546 0.8999999762
187  18.426  -97.477  -8.119 0.4000000060
190  17.632  -97.950  -8.304 0.4000000060
195  12.208  -97.221  -9.077 0.6999999881
202  11.630  -98.037  -11.035 0.6000000238
209  15.591  -98.231  -11.342 0.6000000238
250  15.096  -97.211  -0.096 0.5000000000
252  13.823  -97.411  -0.045 0.5000000000
253  12.269  -97.032  0.452 0.5000000000
256  19.390  -96.402  -1.111 0.3000000119
269  15.004  -95.692  -3.991 0.6000000238
271  11.850  -96.235  -3.870 0.8000000119
296  16.392  -96.346  -8.022 0.4000000060
302  11.938  -97.488  -10.136 0.6999999881
305  19.918  -96.563  -11.030 0.6000000238
307  16.964  -95.955  -10.720 0.6999999881
342  22.370  -96.151  -19.139 0.6000000238
347  22.684  -96.301  -19.784 0.6000000238
354  21.936  -96.548  -20.879 0.6000000238
373  10.604  -95.555  1.207 0.6000000238
378  17.448  -96.560  -0.950 0.3000000119
379  16.534  -96.588  -0.590 0.4000000060
383  11.557  -96.549  0.691 0.6000000238
395  10.439  -95.814  -0.073 0.6999999881
407  9.743  -95.360  -3.741 0.8000000119
411  14.266  -95.498  -3.967 0.6999999881
412  10.015  -95.766  -4.168 0.8000000119
416  11.386  -96.322  -5.006 0.8999999762
423  13.222  -94.622  -6.780 0.8999999762
438  12.900  -96.145  -8.497 0.8000000119
441  15.691  -95.844  -9.426 0.4000000060
445  9.566  -95.048  -9.044 0.8000000119
450  17.015  -95.084  -10.395 0.6000000238
455  10.069  -95.286  -11.029 0.8000000119
456  9.726  -95.167  -10.569 0.8000000119
457  22.347  -95.833  -10.976 0.4000000060
460  9.881  -95.178  -11.742 0.6999999881
491  24.429  -95.206  -19.128 0.6000000238
492  23.746  -95.652  -18.640 0.6000000238
500  23.151  -96.042  -19.245 0.6000000238
517  22.498  -95.200  -23.394 0.6999999881
519  21.194  -95.582  -23.702 0.5000000000
531  12.862  -95.607  0.851 0.5000000000
533  10.839  -95.058  1.350 0.6000000238
545  8.464  -94.330  0.150 0.6000000238
549  19.022  -94.895  -1.503 0.3000000119
556  8.550  -94.769  -0.732 0.6999999881
557  7.986  -94.207  -0.683 0.6000000238
567  9.235  -95.055  -2.615 0.6999999881
579  8.707  -94.938  -5.946 0.8000000119
588  12.728  -94.682  -6.487 0.8999999762
590  8.631  -94.736  -6.687 0.8000000119
592  16.914  -94.570  -7.631 0.4000000060
593  13.358  -94.227  -7.178 0.8999999762
604  8.698  -94.477  -7.977 0.8000000119
605  17.084  -94.315  -9.968 0.5000000000
606  16.514  -94.273  -9.082 0.6000000238
608  11.508  -94.107  -8.753 0.8999999762
612  23.540  -94.213  -10.407 0.6999999881
616  19.354  -94.373  -10.574 0.6000000238
625  22.821  -95.147  -10.840 0.4000000060
627  10.882  -94.506  -11.604 0.8000000119
628  10.307  -95.095  -11.525 0.8000000119
629  9.506  -94.990  -11.313 0.8000000119
632  22.836  -94.857  -11.458 0.5000000000
660  24.938  -93.881  -15.745 0.5000000000
661  24.297  -94.059  -15.596 0.5000000000
662  23.286  -93.987  -15.381 0.5000000000
674  20.922  -94.497  -17.605 0.5000000000
679  22.819  -95.062  -17.124 0.5000000000
684  25.018  -94.848  -18.505 0.5000000000
687  24.512  -94.894  -19.620 0.6999999881
695  22.865  -94.959  -22.312 0.6999999881
760  10.440  -94.013  1.241 0.5000000000
770  8.580  -93.741  0.796 0.6000000238
780  13.878  -92.706  -1.330 0.3000000119
781  7.836  -93.717  -0.931 0.6999999881
798  8.278  -94.135  -4.397 0.8000000119
810  17.553  -93.357  -7.584 0.4000000060
812  13.306  -93.759  -7.538 0.8999999762
813  12.864  -93.714  -7.477 0.8999999762
815  8.563  -93.954  -7.492 0.8000000119
817  16.803  -93.797  -8.395 0.6000000238
818  13.443  -93.390  -8.231 0.8999999762
823  23.367  -93.316  -10.198 0.6000000238
824  22.829  -93.090  -10.037 0.6000000238
830  12.938  -92.493  -9.183 0.8000000119
832  8.860  -93.609  -9.314 0.8999999762
833  8.875  -93.478  -10.358 0.8000000119
834  23.586  -93.750  -10.337 0.6999999881
841  12.670  -92.307  -9.914 0.8000000119
843  8.643  -92.995  -11.198 0.6999999881
857  24.099  -93.103  -14.036 0.5000000000
866  24.491  -93.256  -14.968 0.5000000000
878  24.870  -93.495  -15.470 0.5000000000
891  26.187  -93.975  -17.924 0.5000000000
894  25.731  -94.294  -18.675 0.5000000000
986  11.072  -93.202  0.807 0.5000000000
998  8.198  -92.655  -0.077 0.6000000238
1007  8.383  -92.309  -1.206 0.6000000238
1044  10.629  -91.847  -7.072 0.8999999762
1046  18.118  -92.628  -7.520 0.4000000060
1047  10.602  -91.379  -7.918 1.0000000000
1049  5.310  -92.157  -7.826 0.8000000119
1050  5.176  -92.112  -8.148 0.8000000119
1051  18.057  -92.373  -8.263 0.4000000060
1053  13.270  -92.888  -8.662 0.8999999762
1062  17.635  -92.861  -8.779 0.5000000000
1066  6.061  -92.059  -9.464 0.8000000119
1069  23.367  -93.021  -10.273 0.6000000238
1071  13.591  -91.898  -10.158 0.6999999881
1073  9.130  -91.666  -10.660 0.8000000119
1081  8.143  -92.855  -11.571 0.6999999881
1117  24.989  -93.173  -15.310 0.5000000000
1127  26.492  -92.812  -16.455 0.3000000119
1165  22.371  -93.050  -20.539 0.5000000000
1185  23.095  -92.148  -24.786 0.4000000060
1186  22.670  -92.235  -25.023 0.4000000060
1224  8.610  -91.411  5.017 0.3000000119
1227  8.758  -91.317  4.376 0.3000000119
1238  8.915  -90.536  3.795 0.4000000060
1246  11.688  -90.707  3.127 0.4000000060
1284  8.336  -92.211  -0.513 0.6000000238
1297  12.388  -91.134  -4.453 0.8999999762
1298  11.838  -91.646  -4.184 0.8999999762
1311  12.479  -91.134  -5.038 0.8999999762
1314  4.978  -92.521  -5.351 1.0000000000
1322  18.695  -91.989  -7.274 0.4000000060
1325  5.049  -92.484  -6.192 0.8000000119
1333  5.066  -92.233  -7.509 0.8000000119
1337  9.958  -91.001  -9.283 1.0000000000
1340  4.969  -91.710  -8.994 0.6000000238
1349  7.773  -90.704  -9.781 0.8999999762
1356  8.632  -91.474  -10.923 0.6999999881
1357  7.710  -91.619  -10.990 0.6999999881
1366  23.057  -91.668  -10.871 0.6000000238
1402  23.711  -91.789  -14.483 0.5000000000
1455  20.820  -91.634  -20.176 0.5000000000
1591  13.245  -89.772  -0.288 0.4000000060
1595  5.263  -90.999  -0.699 0.8999999762
1610  5.182  -91.444  -2.223 1.0000000000
1624  4.859  -91.458  -2.614 1.0000000000
1629  12.685  -90.284  -4.273 0.8999999762
1634  4.773  -91.706  -3.448 1.0000000000
1641  5.246  -92.066  -3.850 1.0000000000
1648  7.008  -90.424  -6.124 1.0000000000
1660  11.470  -90.504  -6.712 0.8999999762
1661  10.978  -90.254  -7.134 1.0000000000
1662  10.083  -89.975  -7.369 0.8999999762
1671  19.475  -90.867  -7.520 0.3000000119
1672  18.950  -91.505  -7.525 0.4000000060
1676  6.476  -91.296  -7.243 0.8999999762
1683  8.996  -90.170  -8.819 0.8999999762
1693  21.109  -90.413  -9.221 0.4000000060
1783  22.621  -90.110  -18.688 0.3000000119
1807  20.524  -90.778  -20.332 0.5000000000
1943  8.908  -90.282  4.181 0.4000000060
1959  9.846  -89.427  2.232 0.4000000060
1964  13.135  -89.593  0.687 0.4000000060
1965  12.464  -89.640  1.319 0.4000000060
1969  5.405  -89.937  1.637 0.8999999762
1975  9.413  -89.661  0.277 0.5000000000
1978  4.780  -90.138  0.474 1.0000000000
1985  9.105  -89.728  -0.339 0.5000000000
1996  9.258  -89.773  -1.185 0.5000000000
1998  4.428  -90.666  -1.419 1.0000000000
2003  11.115  -89.648  -2.422 0.8000000119
2027  4.310  -90.817  -3.860 0.8999999762
2036  12.604  -89.974  -5.260 0.8999999762
2037  12.158  -89.704  -5.552 0.8999999762
2039  10.143  -89.303  -5.377 0.8999999762
2056  7.984  -89.821  -6.353 1.0000000000
2063  4.231  -89.788  -7.363 0.6000000238
2269  21.985  -89.738  -24.933 0.6000000238
2275  21.725  -89.677  -25.393 0.6000000238
2398  12.704  -88.357  4.924 0.4000000060
2400  10.265  -88.880  3.821 0.4000000060
2401  5.294  -88.862  4.409 0.8000000119
2411  9.690  -89.096  2.965 0.4000000060
2412  5.786  -88.886  3.939 0.8000000119
2413  5.232  -89.050  3.991 0.8000000119
2414  4.929  -88.973  4.135 0.8000000119
2420  9.875  -88.971  2.599 0.4000000060
2429  6.661  -88.727  1.552 0.8000000119
2431  4.939  -89.352  1.695 0.8999999762
2432  4.633  -89.364  0.903 1.0000000000
2436  9.542  -88.987  0.485 0.5000000000
2464  12.715  -88.322  -3.084 0.8000000119
2472  12.762  -88.286  -3.606 0.8999999762
2477  4.078  -89.770  -2.915 1.0000000000
2482  10.465  -88.539  -4.688 0.8999999762
2484  8.480  -88.530  -4.423 0.8999999762
2493  10.746  -89.029  -5.054 0.8999999762
2521  4.080  -88.772  -7.329 0.6000000238
2849  6.081  -87.680  9.801 0.5000000000
2869  6.187  -87.672  9.410 0.5000000000
2885  12.049  -87.784  3.789 0.4000000060
2887  5.097  -88.441  4.650 0.8000000119
2888  4.735  -88.217  4.432 0.8000000119
2926  11.602  -87.183  0.803 0.5000000000
2930  4.413  -87.642  0.271 1.0000000000
2933  12.460  -86.753  -0.795 0.5000000000
2935  7.273  -87.506  -0.828 0.8000000119
2953  8.955  -86.804  -3.039 0.8999999762
2968  10.920  -87.322  -3.871 0.8999999762
2969  9.720  -87.219  -3.636 0.8999999762
2970  8.133  -87.261  -3.049 0.8999999762
2971  3.943  -87.945  -3.426 0.8999999762
2980  12.698  -87.842  -3.723 0.8999999762
3218  18.194  -87.495  -25.392 0.5000000000
3322  6.086  -87.626  10.074 0.4000000060
3323  5.909  -87.444  10.464 0.5000000000
3334  8.024  -87.025  8.872 0.4000000060
3350  8.541  -86.815  8.303 0.4000000060
3351  6.623  -87.622  8.986 0.4000000060
3352  6.276  -87.631  9.167 0.5000000000
3366  12.116  -85.860  6.891 0.3000000119
3371  4.665  -86.070  5.325 0.8000000119
3377  6.048  -86.515  4.837 0.8000000119
3378  4.803  -87.340  4.852 0.8000000119
3382  13.225  -86.207  3.969 0.6000000238
3386  4.298  -87.357  3.900 0.8000000119
3392  12.977  -85.811  2.124 0.5000000000
3395  4.730  -87.461  2.615 0.8000000119
3403  8.330  -86.192  0.824 0.8000000119
3417  12.826  -85.846  -0.632 0.6999999881
3421  4.562  -86.645  -0.132 1.0000000000
3432  12.689  -86.979  -2.668 0.8000000119
3434  11.259  -86.159  -2.924 0.8999999762
3443  12.561  -87.164  -3.288 0.8999999762
3447  3.889  -87.285  -3.587 0.8999999762
3470  3.900  -86.911  -5.688 0.8000000119
3481  3.828  -86.815  -6.438 0.6000000238
3658  8.414  -85.910  -21.184 0.6000000238
3845  5.823  -86.728  11.301 0.4000000060
3847  4.894  -86.240  11.821 0.5000000000
3878  9.340  -86.406  7.710 0.5000000000
3888  11.343  -85.100  6.631 0.4000000060
3891  8.006  -85.100  6.951 0.6000000238
3902  4.364  -85.700  5.379 0.6999999881
3906  13.276  -85.038  4.640 0.4000000060
3915  13.353  -85.241  3.979 0.4000000060
3917  8.569  -85.085  3.678 0.8000000119
3918  7.910  -85.705  3.871 0.8000000119
3920  3.948  -85.229  4.180 0.8000000119
3938  13.037  -84.634  2.433 0.6000000238
3939  13.164  -84.992  1.752 0.6000000238
3954  10.606  -84.985  -1.027 0.8000000119
3955  9.691  -85.347  -0.845 0.8000000119
3959  3.980  -85.263  -1.229 0.8000000119
3962  12.520  -85.485  -1.426 0.8000000119
3966  9.135  -85.803  -1.315 0.8000000119
3967  3.800  -85.228  -1.772 0.8999999762
3977  3.677  -85.107  -4.553 0.8000000119
4153  8.759  -85.649  -19.832 0.4000000060
4165  8.449  -85.848  -20.578 0.6000000238
4167  7.038  -84.937  -20.920 0.6000000238
4182  7.320  -85.391  -21.420 0.6000000238
4200  7.069  -84.885  -22.498 0.6999999881
4233  9.100  -85.189  -25.836 0.6000000238
4240  18.327  -85.543  -25.968 0.5000000000
4344  4.212  -84.988  12.955 0.4000000060
4355  6.784  -85.878  10.755 0.3000000119
4378  4.988  -84.800  8.496 0.5000000000
4403  7.531  -84.240  5.614 0.8000000119
4404  4.278  -84.459  5.699 0.6999999881
4422  12.855  -84.228  3.130 0.6999999881
4425  4.187  -85.285  3.441 0.6999999881
4438  4.453  -84.304  3.040 0.6999999881
4450  11.137  -84.374  1.163 0.8000000119
4467  12.559  -84.883  -0.344 0.8000000119
4474  12.371  -84.982  -1.025 0.8000000119
4475  11.652  -84.821  -1.110 0.8000000119
4630  7.550  -84.937  -20.073 0.6000000238
4642  9.655  -85.567  -20.625 0.5000000000
4671  9.205  -84.873  -22.062 0.6000000238
4672  8.704  -84.624  -22.717 0.6000000238
4675  5.878  -83.447  -24.387 0.6999999881
4703  7.283  -83.338  -25.090 0.6999999881
4720  23.624  -84.504  -27.123 0.6999999881
4724  16.827  -84.180  -25.697 0.5000000000
4727  7.841  -84.104  -26.560 0.6999999881
4728  23.055  -84.300  -27.266 0.6999999881
4869  3.869  -84.239  13.043 0.3000000119
4880  4.504  -84.895  13.032 0.4000000060
4932  9.148  -83.655  5.044 0.8000000119
4938  12.562  -83.910  3.987 0.6999999881
4939  11.743  -83.653  4.359 0.8000000119
4940  10.892  -83.589  4.630 0.8000000119
4941  10.044  -83.566  4.867 0.8000000119
4942  4.111  -83.481  4.372 0.6999999881
4949  11.958  -83.689  3.667 0.8000000119
4951  10.349  -83.704  4.191 0.8000000119
4961  12.482  -84.004  2.745 0.6999999881
4965  4.129  -82.819  3.336 0.6999999881
4985  5.851  -83.154  -0.187 0.6999999881
4989  4.270  -83.164  -1.374 0.6999999881
4990  3.862  -83.331  -1.878 0.6999999881
5146  8.031  -83.408  -18.734 0.5000000000
5202  8.491  -84.015  -23.336 0.6999999881
5241  9.410  -83.716  -26.538 0.6000000238
5250  22.585  -83.659  -27.236 0.6999999881
5467  4.212  -82.251  4.909 0.6000000238
5474  3.793  -81.906  3.951 0.6000000238
5491  5.079  -82.510  2.497 0.6999999881
5492  4.209  -82.257  3.003 0.6999999881
5519  4.644  -82.696  -1.284 0.6999999881
5524  3.624  -82.845  -2.637 0.6999999881
5528  3.912  -82.186  -2.844 0.6999999881
5530  4.050  -82.079  -3.748 0.6000000238
5681  7.230  -82.516  -19.688 0.6000000238
5682  6.957  -82.099  -20.352 0.6999999881
5722  9.819  -82.220  -22.361 0.6000000238
5738  8.501  -82.545  -24.164 0.6999999881
5750  7.901  -82.290  -25.182 0.6999999881
5752  4.874  -82.508  -25.309 0.6999999881
5765  7.996  -82.182  -26.377 0.6000000238
5770  17.076  -82.750  -25.802 0.4000000060
5773  9.936  -82.406  -26.829 0.6000000238
5774  8.919  -82.403  -26.842 0.6999999881
5775  8.245  -82.654  -26.633 0.8000000119
5777  22.141  -82.870  -27.209 0.6999999881
5976  5.422  -81.867  10.337 0.3000000119
6005  6.797  -81.803  8.003 0.3000000119
6015  5.703  -81.703  6.694 0.5000000000
6041  7.097  -81.356  3.005 0.8999999762
6043  4.623  -81.345  3.050 0.6000000238
6045  3.840  -81.581  3.714 0.5000000000
6053  10.283  -81.090  2.054 0.8000000119
6055  8.663  -81.545  2.291 0.8000000119
6078  10.469  -81.150  0.284 0.8000000119
6079  9.888  -81.459  0.347 0.8000000119
6090  10.333  -81.219  -0.297 0.8999999762
6092  7.901  -81.845  -0.775 0.8000000119
6117  9.417  -81.019  -2.957 0.6999999881
6128  8.234  -81.454  -3.694 0.6999999881
6137  8.570  -80.839  -4.294 0.5000000000
6283  6.846  -80.769  -19.621 0.6000000238
6323  3.108  -81.713  -23.201 0.6000000238
6350  5.108  -80.931  -25.355 0.6000000238
6361  15.678  -80.613  -25.144 0.5000000000
6374  11.817  -80.915  -26.353 0.6000000238
6375  11.053  -81.373  -26.748 0.6999999881
6377  8.579  -80.748  -26.709 0.6999999881
6613  6.817  -81.036  7.779 0.3000000119
6624  5.089  -80.975  6.494 0.4000000060
6635  4.022  -80.557  4.962 0.4000000060
6656  8.767  -81.061  3.795 0.8000000119
6660  4.165  -80.988  3.583 0.6000000238
6661  3.909  -81.261  3.756 0.5000000000
6671  10.039  -81.027  2.778 0.6999999881
6680  10.568  -80.703  1.589 0.8999999762
6710  10.089  -81.023  -1.830 0.8000000119
6736  8.273  -80.470  -4.849 0.5000000000
6957  6.615  -79.896  -20.969 0.6999999881
6990  3.625  -80.297  -23.213 0.6000000238
7003  6.082  -80.638  -24.650 0.6000000238
7004  5.530  -80.624  -25.150 0.6000000238
7012  8.663  -79.770  -24.790 0.6999999881
7036  21.764  -79.975  -27.111 0.6999999881
7042  13.218  -79.769  -26.044 0.6000000238
7044  10.104  -80.644  -27.209 0.6999999881
7046  21.662  -80.520  -27.265 0.6999999881
7047  21.336  -79.995  -27.313 0.6999999881
7049  19.361  -80.855  -27.283 0.6999999881
7290  6.971  -79.643  8.627 0.3000000119
7292  4.381  -79.035  7.854 0.4000000060
7304  3.875  -79.081  6.955 0.4000000060
7323  8.250  -79.415  5.602 0.8000000119
7338  4.214  -80.085  4.843 0.4000000060
7349  9.923  -79.756  3.900 0.8000000119
7360  10.301  -79.843  2.858 0.8999999762
7382  10.540  -80.214  1.118 0.8999999762
7395  10.144  -79.807  -0.368 0.8999999762
7428  9.490  -79.997  -2.874 0.6999999881
7735  5.121  -79.378  -25.052 0.6000000238
7746  8.664  -78.812  -26.379 0.6999999881
7754  12.787  -79.259  -26.567 0.6999999881
7755  11.792  -79.121  -26.975 0.6999999881
8057  3.922  -78.197  8.139 0.4000000060
8086  8.733  -78.636  5.915 0.6999999881
8088  6.472  -78.682  5.982 0.5000000000
8090  3.995  -78.955  6.094 0.4000000060
8110  9.697  -78.817  4.079 0.8000000119
8423  7.829  -78.857  -19.805 0.6000000238
8437  7.158  -78.555  -21.535 0.6999999881
8469  6.407  -78.420  -24.609 0.6999999881
8470  5.514  -78.033  -24.624 0.6000000238
8484  5.697  -78.753  -24.856 0.6000000238
8500  21.074  -78.562  -26.618 0.6999999881
8778  3.646  -77.491  9.285 0.4000000060
8804  6.831  -77.391  7.035 0.5000000000
8806  4.379  -77.823  7.011 0.5000000000
8807  3.966  -78.182  7.130 0.4000000060
8826  9.347  -77.633  4.823 0.6999999881
9177  10.343  -77.888  -21.536 0.5000000000
9178  3.907  -77.282  -20.700 0.6000000238
9192  4.034  -77.380  -21.610 0.5000000000
9206  7.114  -77.144  -24.272 0.6999999881
9221  4.972  -77.449  -23.900 0.6000000238
9233  12.187  -76.056  -24.986 0.6000000238
9250  10.530  -76.984  -25.659 0.6000000238
9258  11.359  -77.050  -26.231 0.6000000238
9551  6.113  -75.758  8.220 0.6999999881
9563  7.408  -75.976  7.326 0.6999999881
9566  4.733  -76.720  8.340 0.5000000000
9567  3.958  -77.339  8.448 0.4000000060
9591  8.712  -76.676  5.990 0.8000000119
9603  8.345  -76.171  4.860 0.6999999881
9620  7.779  -76.474  3.851 0.8000000119
9621  6.675  -76.131  3.443 0.8999999762
9652  3.605  -76.686  1.783 0.6999999881
9885  7.502  -76.318  -15.839 0.6999999881
9886  6.888  -76.222  -15.755 0.6999999881
9905  7.766  -76.420  -16.537 0.6999999881
9915  8.647  -76.348  -17.556 0.6999999881
9917  7.249  -76.282  -17.131 0.6999999881
9926  8.978  -76.124  -18.185 0.6999999881
9928  3.862  -76.596  -18.693 0.5000000000
9968  9.503  -75.987  -23.230 0.6999999881
9986  7.717  -75.714  -24.100 0.6999999881
10321  6.959  -75.313  7.362 0.8000000119
10363  8.351  -75.970  5.704 0.6999999881
10396  3.942  -75.639  2.367 0.8000000119
10608  7.716  -75.572  -14.763 0.6999999881
10623  8.001  -76.025  -15.394 0.6999999881
10626  5.728  -74.514  -15.362 0.6999999881
10634  10.024  -75.462  -17.043 0.6000000238
10636  6.423  -75.773  -16.265 0.6999999881
10637  5.979  -75.113  -15.890 0.6999999881
10646  7.380  -75.983  -17.822 0.6999999881
10671  8.868  -75.274  -19.559 0.6999999881
10673  3.888  -74.710  -20.048 0.6000000238
10674  3.659  -74.544  -19.212 0.5000000000
10688  8.703  -74.495  -20.502 0.8000000119
10689  4.185  -74.859  -20.860 0.6000000238
10716  5.209  -75.087  -22.942 0.6000000238
10732  6.490  -75.140  -23.919 0.6000000238
10733  5.897  -74.847  -23.383 0.6000000238
11073  3.316  -74.052  10.218 0.5000000000
11123  6.397  -74.591  6.855 0.6999999881
11373  7.004  -74.463  -13.394 0.8000000119
11374  6.171  -74.128  -13.659 0.8000000119
11375  5.680  -73.507  -14.150 0.6999999881
11388  7.603  -75.066  -13.955 0.8000000119
11409  5.788  -74.294  -16.174 0.6999999881
11466  7.965  -73.687  -21.206 0.6999999881
11480  6.188  -73.766  -22.253 0.6999999881
11482  4.687  -74.274  -21.417 0.6000000238
11495  7.655  -73.898  -23.100 0.6999999881
11877  2.453  -72.951  8.738 0.6000000238
11956  3.417  -73.515  1.848 0.6999999881
12159  9.189  -73.616  -12.590 0.8000000119
12188  9.176  -74.073  -13.394 0.8000000119
12246  3.923  -72.542  -19.013 0.6000000238
12264  6.537  -72.780  -20.300 0.8000000119
12265  4.134  -72.889  -19.698 0.6000000238
12286  5.776  -73.477  -21.660 0.6999999881
12660  6.397  -72.731  9.618 0.4000000060
12679  2.519  -72.466  8.550 0.5000000000
12939  6.217  -71.750  -12.883 0.8000000119
12966  10.532  -72.665  -14.283 0.8000000119
13002  5.318  -71.076  -16.975 0.6999999881
13016  5.434  -71.300  -17.680 0.8000000119
13017  4.295  -71.362  -18.085 0.5000000000
13033  4.613  -71.682  -18.802 0.6999999881
13047  5.501  -72.117  -19.874 0.8000000119
13060  5.884  -72.546  -20.464 0.8000000119
13460  4.882  -71.272  7.736 0.4000000060
13480  2.944  -71.447  7.113 0.6000000238
13528  3.074  -71.132  0.700 0.6000000238
13630  8.430  -70.909  -8.527 0.6000000238
13642  8.682  -71.359  -9.395 0.8999999762
13654  11.488  -71.142  -10.979 0.8000000119
13671  11.096  -71.835  -11.464 0.8000000119
13674  6.423  -71.231  -11.587 0.8000000119
13684  11.326  -71.946  -12.435 0.8000000119
13697  11.628  -70.545  -13.334 0.8000000119
13709  10.986  -71.671  -14.823 0.6999999881
13724  5.076  -70.644  -15.659 0.6000000238
13725  3.156  -70.711  -14.860 0.6000000238
13734  5.040  -70.728  -16.529 0.5000000000
13754  3.810  -71.394  -17.294 0.5000000000
14243  3.012  -70.358  5.172 0.8000000119
14391  9.328  -70.467  -8.322 0.6999999881
14393  7.723  -70.536  -7.894 0.6000000238
14394  6.821  -70.776  -7.938 0.6000000238
14408  11.538  -70.315  -10.855 0.8000000119
14409  11.181  -70.725  -10.119 0.8000000119
14433  11.764  -70.562  -12.317 0.8000000119
14451  4.752  -69.822  -14.166 0.6000000238
14453  3.134  -69.945  -13.574 0.6000000238
14468  4.710  -70.201  -15.077 0.6000000238
14489  10.413  -70.382  -16.107 0.5000000000
14491  4.328  -70.286  -15.278 0.6000000238
14492  3.794  -70.290  -15.095 0.6000000238
14980  12.413  -69.516  4.319 0.3000000119
14984  8.265  -70.129  3.858 0.6000000238
15052  2.901  -69.049  -0.916 0.6000000238
15156  7.085  -69.633  -7.386 0.6000000238
15167  8.839  -69.831  -7.796 0.6000000238
15199  10.637  -69.630  -9.390 0.8000000119
15233  11.576  -69.975  -11.730 0.8000000119
15234  11.005  -69.437  -11.980 0.6999999881
15749  13.686  -68.792  4.285 0.3000000119
15773  9.933  -67.857  2.458 0.6999999881
15800  2.611  -68.173  0.571 0.8000000119
15823  2.730  -68.123  -0.764 0.6000000238
15920  9.505  -68.989  -8.642 0.8000000119
15938  9.220  -68.462  -9.307 0.8000000119
15987  8.240  -68.738  -13.561 0.6999999881
15998  7.427  -67.695  -14.643 0.5000000000
16498  13.826  -67.716  3.467 0.6000000238
16499  12.493  -67.034  2.645 0.6000000238
16714  8.051  -67.693  -12.988 0.6000000238
16744  7.239  -66.906  -15.454 0.5000000000
17224  12.385  -66.402  2.214 0.8000000119
17245  6.394  -66.305  0.018 0.6999999881
17261  21.490  -66.654  0.586 0.3000000119
17387  5.699  -66.644  -10.086 0.5000000000
17916  16.622  -65.715  4.675 0.4000000060
17946  11.558  -66.091  1.302 0.8000000119
17950  24.336  -65.710  0.861 0.3000000119
17952  22.879  -65.553  0.363 0.3000000119
17953  21.725  -66.086  0.435 0.3000000119
17961  9.673  -65.850  0.234 0.6000000238
18108  9.345  -65.641  -11.112 0.4000000060
18111  4.642  -65.267  -10.589 0.6000000238
18134  8.303  -65.897  -13.332 0.5000000000
18673  16.601  -64.099  3.530 0.6000000238
18691  24.358  -65.140  0.540 0.3000000119
18820  10.464  -64.832  -9.650 0.4000000060
18838  8.604  -65.155  -10.479 0.4000000060
18841  4.781  -64.396  -10.896 0.6000000238
19416  15.652  -63.082  3.243 0.8000000119
19581  8.123  -63.843  -9.388 0.5000000000
19585  4.292  -63.830  -9.817 0.6000000238
20262  16.843  -61.536  1.867 0.6000000238
20385  7.391  -62.300  -7.629 0.6000000238
20401  3.950  -62.703  -8.226 0.5000000000
21165  19.502  -59.560  0.601 0.5000000000
21175  24.085  -59.785  -0.378 0.4000000060
21178  19.741  -59.053  0.222 0.5000000000
22126  27.020  -60.778  2.927 0.4000000060
22177  20.291  -58.971  -0.456 0.4000000060
22258  8.801  -60.914  -7.787 0.5000000000
23144  27.363  -59.464  0.369 0.4000000060
23256  9.942  -59.951  -7.937 0.3000000119
23285  6.762  -58.878  -10.412 0.6000000238
24258  5.425  -57.480  -9.241 0.6000000238
25057  27.848  -57.614  3.631 0.4000000060
25195  6.067  -56.978  -7.953 0.5000000000
25255  6.710  -56.839  -9.943 0.5000000000
26103  11.273  -56.441  -8.527 0.4000000060
26104  10.408  -56.045  -8.692 0.4000000060
26921  7.459  -54.575  -8.435 0.5000000000
28547  8.122  -53.165  -8.359 0.6000000238
29214  27.618  -52.429  4.320 0.4000000060
29216  26.035  -52.617  4.663 0.4000000060
29374  8.578  -52.000  -8.137 0.6000000238
29380  8.986  -52.339  -8.633 0.5000000000
30285  8.943  -51.463  -8.188 0.5000000000
31026  28.359  -50.648  3.450 0.4000000060
31027  28.009  -50.084  3.792 0.4000000060
31134  12.418  -50.429  -6.007 0.5000000000
31135  11.523  -50.437  -5.791 0.5000000000
31136  10.586  -50.367  -6.027 0.4000000060
31904  26.963  -49.660  4.454 0.3000000119
31939  27.948  -48.716  2.919 0.4000000060
32829  26.859  -48.022  3.909 0.4000000060
32877  28.643  -48.030  0.233 0.4000000060
32897  29.020  -47.421  -0.330 0.5000000000
32905  28.070  -46.996  -2.239 0.5000000000
32936  19.858  -48.200  -7.517 0.3000000119
32937  19.155  -48.315  -7.657 0.3000000119
33794  25.589  -46.882  5.399 0.4000000060
33796  23.217  -47.657  4.545 0.4000000060
33803  27.660  -47.370  3.266 0.4000000060
33827  27.961  -46.467  3.822 0.4000000060
33855  28.577  -46.465  2.941 0.4000000060
33880  29.715  -46.734  0.706 0.5000000000
34793  26.163  -46.905  5.625 0.4000000060
34794  25.544  -46.911  5.557 0.4000000060
34804  22.809  -46.553  4.285 0.4000000060
34837  29.416  -46.362  1.796 0.4000000060
34838  28.882  -46.360  2.611 0.4000000060
34877  28.065  -46.970  0.227 0.5000000000
34910  23.956  -46.546  -6.219 0.4000000060
34936  18.178  -46.364  -8.571 0.4000000060
35779  25.950  -46.866  5.534 0.4000000060
35792  27.585  -46.276  4.716 0.3000000119
35793  26.672  -46.531  5.535 0.4000000060
35795  24.684  -46.776  4.379 0.4000000060
35847  28.641  -47.065  1.135 0.4000000060
35873  26.495  -45.638  -0.698 0.3000000119
35900  25.789  -44.598  -2.555 0.4000000060
36941  17.456  -45.172  -9.140 0.3000000119
120947  4.158  -79.925  -24.201 0.6000000238
121054  3.903  -79.006  -22.346 0.5000000000
121130  6.751  -82.425  -21.188 0.6999999881
121472  4.132  -89.264  -5.111 0.8999999762
121548  6.645  -81.257  -22.567 0.6000000238
121669  3.662  -85.799  -2.901 0.8000000119
121710  5.513  -72.605  -14.666 0.6999999881
122252  10.566  -84.307  2.650 0.8000000119
122307  17.853  -83.122  -26.394 0.6000000238
122455  6.584  -66.674  0.966 0.8000000119
123105  4.811  -91.669  -7.877 0.8000000119
123894  12.350  -97.436  -5.122 0.8999999762
123916  25.886  -94.052  -17.041 0.3000000119
123926  8.430  -68.701  -12.927 0.6999999881
124160  12.708  -97.793  -6.552 0.8000000119
124701  13.118  -92.026  -9.785 0.6999999881
125270  23.738  -92.758  -12.541 0.6000000238
125801  13.199  -96.045  -7.388 0.8999999762
125805  16.865  -81.994  -25.656 0.5000000000
125927  5.781  -85.251  0.856 0.8999999762
125928  9.047  -71.653  -9.972 0.8000000119
126479  10.525  -69.113  -11.340 0.6999999881
126973  27.429  -51.051  4.435 0.3000000119
127316  4.144  -81.390  -25.095 0.6000000238
127684  19.485  -61.803  0.753 0.5000000000
128413  4.425  -70.966  7.235 0.6000000238
128573  15.801  -98.209  -8.742 0.5000000000
129279  21.480  -95.692  -10.707 0.4000000060
129362  9.011  -94.684  -8.815 0.8000000119
129431  6.265  -73.580  -17.558 0.6000000238
129580  29.435  -46.180  2.138 0.4000000060
129643  9.320  -79.392  0.036 0.8999999762
129765  7.035  -73.622  -22.338 0.6000000238
130101  11.289  -95.524  -3.691 0.8000000119
130389  5.954  -91.163  -3.832 1.0000000000
130719  23.182  -94.664  -10.586 0.6000000238
131874  6.679  -88.655  -1.693 0.8999999762
132060  7.627  -79.410  -19.198 0.6000000238
132065  4.855  -84.659  -0.663 0.8000000119
132535  8.780  -85.063  6.872 0.6999999881
132919  8.321  -93.976  -5.108 0.8000000119
133319  16.880  -80.891  -26.203 0.5000000000
133387  17.208  -98.645  -5.185 0.6999999881
133541  4.396  -62.297  -8.864 0.6000000238
133966  4.337  -78.197  -23.079 0.6000000238
134141  24.587  -46.850  -5.883 0.4000000060
134143  8.861  -81.706  -0.756 0.8000000119
134204  5.387  -86.260  8.739 0.6000000238
134223  7.046  -81.630  -19.554 0.6000000238
134611  10.068  -88.361  -0.052 0.5000000000
134674  10.288  -86.281  -2.894 0.8000000119
134738  10.620  -69.661  4.003 0.4000000060
134838  20.635  -90.270  -19.810 0.5000000000
134987  7.764  -68.190  -13.987 0.6000000238
135459  10.297  -48.926  -6.463 0.5000000000
135893  7.530  -85.441  -20.701 0.6000000238
135900  4.366  -88.546  0.493 1.0000000000
136297  3.471  -73.424  -18.524 0.5000000000
136639  9.688  -81.116  -2.334 0.8000000119
136657  8.963  -77.849  6.096 0.6999999881
136810  16.024  -97.625  -0.752 0.4000000060
137210  8.278  -76.797  6.623 0.6999999881
137324  14.011  -96.686  0.671 0.5000000000
137394  4.981  -92.024  -8.273 0.6999999881
137640  17.557  -81.159  -26.644 0.6000000238
137732  16.992  -97.309  -1.116 0.4000000060
137827  28.624  -51.081  2.201 0.4000000060
137864  23.128  -92.471  -10.172 0.6000000238
138401  4.142  -84.535  -1.091 0.8000000119
138490  4.698  -76.779  -23.261 0.6000000238
138716  2.500  -70.308  2.891 0.8999999762
138784  3.475  -83.686  -3.774 0.8000000119
138837  25.851  -50.861  4.580 0.4000000060
139016  18.950  -97.897  -8.009 0.4000000060
139017  5.736  -89.674  1.977 0.8000000119
139192  13.758  -98.606  -4.288 0.6999999881
139246  5.680  -72.664  -13.990 0.6999999881
139257  8.478  -94.488  -6.278 0.8000000119
139874  3.394  -80.322  -22.170 0.5000000000
139926  18.972  -91.984  -6.939 0.4000000060
140061  2.606  -68.017  -0.251 0.8000000119
140187  8.928  -91.590  -1.679 0.6000000238
140452  10.438  -67.771  2.513 0.6999999881
140532  13.575  -47.176  -7.247 0.3000000119
140679  27.750  -46.955  2.118 0.4000000060
140702  8.843  -91.135  -0.080 0.6000000238
140846  21.261  -92.084  -20.270 0.5000000000
140921  6.802  -82.022  -1.824 0.6999999881
140931  15.694  -62.078  2.594 0.6000000238
141552  24.891  -64.592  0.545 0.5000000000
141589  20.856  -95.171  -10.565 0.5000000000
141984  10.732  -92.220  -6.226 0.8999999762
142115  11.685  -71.182  -13.411 0.6000000238
142192  6.018  -75.195  -15.326 0.6999999881
142242  8.751  -94.227  -8.719 0.8999999762
142284  26.431  -49.182  4.531 0.4000000060
142566  6.364  -89.931  -2.633 0.8999999762
142860  5.381  -91.794  -3.404 1.0000000000
142942  12.658  -47.366  -6.468 0.4000000060
142967  4.684  -85.055  6.447 0.6999999881
143175  8.082  -53.120  -7.743 0.6000000238
143260  21.888  -87.868  -24.904 0.6000000238
143277  9.336  -91.834  -2.276 0.8000000119
143323  4.342  -78.677  6.066 0.4000000060
143478  3.620  -84.709  -5.320 0.6000000238
143537  17.214  -63.707  2.074 0.6999999881
143566  22.291  -85.311  -27.262 0.6999999881
143574  20.650  -90.121  -22.106 0.6000000238
143625  10.743  -88.123  2.880 0.4000000060
143704  6.138  -82.839  8.492 0.4000000060
143762  11.372  -70.339  -14.196 0.6000000238
143826  6.748  -85.928  4.606 0.8000000119
143915  9.472  -85.363  -0.203 0.8000000119
143920  22.221  -90.463  -10.141 0.4000000060
143941  7.258  -78.841  -20.147 0.6000000238
143950  26.676  -45.886  -1.685 0.4000000060
144005  3.766  -85.964  -4.599 0.6999999881
144047  9.473  -69.591  -8.170 0.8000000119
144072  6.380  -81.291  2.946 0.8999999762
144160  12.362  -88.012  -4.199 0.8999999762
144165  13.353  -95.326  -8.506 0.8000000119
144237  5.417  -85.052  -25.185 0.6000000238
144312  23.315  -92.067  -11.503 0.6000000238
144375  2.726  -72.225  9.645 0.4000000060
144618  7.734  -84.685  -26.323 0.6999999881
144846  14.199  -64.775  2.468 0.8000000119
144849  28.253  -48.953  1.235 0.4000000060
144875  5.953  -81.971  -3.153 0.8000000119
144892  8.435  -86.833  -2.696 0.8999999762
145017  24.836  -91.848  -20.591 0.4000000060
145141  26.585  -93.560  -17.977 0.3000000119
145305  4.384  -83.011  -25.347 0.6000000238
145429  12.328  -84.602  -0.057 0.8000000119
145483  8.897  -86.485  8.711 0.3000000119
145497  22.610  -92.918  -24.416 0.5000000000
145530  14.988  -98.960  -9.241 0.6000000238
145556  19.207  -96.653  -1.289 0.3000000119
145732  12.659  -86.351  -2.178 0.8000000119
145764  8.265  -80.329  -26.306 0.6999999881
145868  10.465  -80.360  -0.632 0.8999999762
145891  9.667  -69.255  -13.509 0.6999999881
145919  11.020  -84.467  6.274 0.6000000238
145975  14.575  -98.149  -10.469 0.6000000238
145997  13.210  -99.028  -6.216 0.8000000119
