
Thu Mar 12 10:55:24 CET 2026
cd /out/sourcedata/freesurfer/sub-v1s11x0050160_ses-1
setenv SUBJECTS_DIR /out/sourcedata/freesurfer
/opt/freesurfer/bin/recon-all -autorecon1 -i /work/fmriprep_25_2_wf/sub_v1s11x0050160_ses_1_wf/anat_fit_wf/anat_validate/sub-v1s11x0050160_ses-1_T1w_noise_corrected_ras_valid.nii.gz -noskullstrip -noT2pial -noFLAIRpial -openmp 16 -subjid sub-v1s11x0050160_ses-1 -sd /out/sourcedata/freesurfer

subjid sub-v1s11x0050160_ses-1
setenv SUBJECTS_DIR /out/sourcedata/freesurfer
FREESURFER_HOME /opt/freesurfer
Actual FREESURFER_HOME /opt/freesurfer
build-stamp.txt: freesurfer-linux-ubuntu22_x86_64-7.3.2-20220804-6354275
Linux dna017 5.14.0-427.37.1.el9_4.x86_64 #1 SMP PREEMPT_DYNAMIC Fri Sep 13 12:41:50 EDT 2024 x86_64 x86_64 x86_64 GNU/Linux
cputime      unlimited
filesize     unlimited
datasize     unlimited
stacksize    8192 kbytes
coredumpsize 0 kbytes
memoryuse    67108864 kbytes
vmemoryuse   unlimited
descriptors  1024 
memorylocked unlimited
maxproc      2061970 
maxlocks     unlimited
maxsignal    2061970 
maxmessage   819200 
maxnice      0 
maxrtprio    0 
maxrttime    unlimited

               total        used        free      shared  buff/cache   available
Mem:           503Gi        50Gi       398Gi        13Gi        54Gi       436Gi
Swap:             0B          0B          0B

########################################
program versions used
7.3.2 (freesurfer-linux-ubuntu22_x86_64-7.3.2-20220804-6354275)
7.3.2

ProgramName: lta_convert  ProgramArguments: lta_convert -all-info  ProgramVersion: 7.3.2  TimeStamp: 2026/03/12-09:55:24-GMT  BuildTime: Aug  4 2022 06:17:15  BuildStamp: freesurfer-linux-ubuntu22_x86_64-7.3.2-20220804-6354275  User: oesteban  Machine: dna017  Platform: Linux  PlatformVersion: 5.14.0-427.37.1.el9_4.x86_64  CompilerName: GCC  CompilerVersion: 8.4.0
ProgramName: mri_and  ProgramArguments: mri_and -all-info  ProgramVersion: 7.3.2  TimeStamp: 2026/03/12-09:55:24-GMT  BuildTime: Aug  4 2022 06:17:15  BuildStamp: freesurfer-linux-ubuntu22_x86_64-7.3.2-20220804-6354275  User: oesteban  Machine: dna017  Platform: Linux  PlatformVersion: 5.14.0-427.37.1.el9_4.x86_64  CompilerName: GCC  CompilerVersion: 8.4.0
ProgramName: mri_annotation2label  ProgramArguments: mri_annotation2label -all-info  ProgramVersion: 7.3.2  TimeStamp: 2026/03/12-09:55:24-GMT  BuildTime: Aug  4 2022 06:17:15  BuildStamp: freesurfer-linux-ubuntu22_x86_64-7.3.2-20220804-6354275  User: oesteban  Machine: dna017  Platform: Linux  PlatformVersion: 5.14.0-427.37.1.el9_4.x86_64  CompilerName: GCC  CompilerVersion: 8.4.0
ProgramName: mri_aparc2aseg  ProgramArguments: mri_aparc2aseg -all-info  ProgramVersion: 7.3.2  TimeStamp: 2026/03/12-09:55:24-GMT  BuildTime: Aug  4 2022 06:17:15  BuildStamp: freesurfer-linux-ubuntu22_x86_64-7.3.2-20220804-6354275  User: oesteban  Machine: dna017  Platform: Linux  PlatformVersion: 5.14.0-427.37.1.el9_4.x86_64  CompilerName: GCC  CompilerVersion: 8.4.0
ProgramName: mri_surf2volseg  ProgramArguments: mri_surf2volseg -all-info  ProgramVersion: 7.3.2  TimeStamp: 2026/03/12-09:55:24-GMT  BuildTime: Aug  4 2022 06:17:15  BuildStamp: freesurfer-linux-ubuntu22_x86_64-7.3.2-20220804-6354275  User: oesteban  Machine: dna017  Platform: Linux  PlatformVersion: 5.14.0-427.37.1.el9_4.x86_64  CompilerName: GCC  CompilerVersion: 8.4.0
ProgramName: mri_binarize  ProgramArguments: mri_binarize -all-info  ProgramVersion: 7.3.2  TimeStamp: 2026/03/12-09:55:24-GMT  BuildTime: Aug  4 2022 06:17:15  BuildStamp: freesurfer-linux-ubuntu22_x86_64-7.3.2-20220804-6354275  User: oesteban  Machine: dna017  Platform: Linux  PlatformVersion: 5.14.0-427.37.1.el9_4.x86_64  CompilerName: GCC  CompilerVersion: 8.4.0
ProgramName: mri_ca_label  ProgramArguments: mri_ca_label -all-info  ProgramVersion: 7.3.2  TimeStamp: 2026/03/12-09:55:24-GMT  BuildTime: Aug  4 2022 06:17:15  BuildStamp: freesurfer-linux-ubuntu22_x86_64-7.3.2-20220804-6354275  User: oesteban  Machine: dna017  Platform: Linux  PlatformVersion: 5.14.0-427.37.1.el9_4.x86_64  CompilerName: GCC  CompilerVersion: 8.4.0
ProgramName: mri_ca_normalize  ProgramArguments: mri_ca_normalize -all-info  ProgramVersion: 7.3.2  TimeStamp: 2026/03/12-09:55:24-GMT  BuildTime: Aug  4 2022 06:17:15  BuildStamp: freesurfer-linux-ubuntu22_x86_64-7.3.2-20220804-6354275  User: oesteban  Machine: dna017  Platform: Linux  PlatformVersion: 5.14.0-427.37.1.el9_4.x86_64  CompilerName: GCC  CompilerVersion: 8.4.0
ProgramName: mri_ca_register  ProgramArguments: mri_ca_register -all-info  ProgramVersion: 7.3.2  TimeStamp: 2026/03/12-09:55:24-GMT  BuildTime: Aug  4 2022 06:17:15  BuildStamp: freesurfer-linux-ubuntu22_x86_64-7.3.2-20220804-6354275  User: oesteban  Machine: dna017  Platform: Linux  PlatformVersion: 5.14.0-427.37.1.el9_4.x86_64  CompilerName: GCC  CompilerVersion: 8.4.0
ProgramName: mri_cc  ProgramArguments: mri_cc -all-info  ProgramVersion: 7.3.2  TimeStamp: 2026/03/12-09:55:24-GMT  BuildTime: Aug  4 2022 06:17:15  BuildStamp: freesurfer-linux-ubuntu22_x86_64-7.3.2-20220804-6354275  User: oesteban  Machine: dna017  Platform: Linux  PlatformVersion: 5.14.0-427.37.1.el9_4.x86_64  CompilerName: GCC  CompilerVersion: 8.4.0
ProgramName: mri_compute_overlap  ProgramArguments: mri_compute_overlap -all-info  ProgramVersion: 7.3.2  TimeStamp: 2026/03/12-09:55:24-GMT  BuildTime: Aug  4 2022 06:17:15  BuildStamp: freesurfer-linux-ubuntu22_x86_64-7.3.2-20220804-6354275  User: oesteban  Machine: dna017  Platform: Linux  PlatformVersion: 5.14.0-427.37.1.el9_4.x86_64  CompilerName: GCC  CompilerVersion: 8.4.0
ProgramName: mri_compute_seg_overlap  ProgramArguments: mri_compute_seg_overlap -all-info  ProgramVersion: 7.3.2  TimeStamp: 2026/03/12-09:55:24-GMT  BuildTime: Aug  4 2022 06:17:15  BuildStamp: freesurfer-linux-ubuntu22_x86_64-7.3.2-20220804-6354275  User: oesteban  Machine: dna017  Platform: Linux  PlatformVersion: 5.14.0-427.37.1.el9_4.x86_64  CompilerName: GCC  CompilerVersion: 8.4.0
ProgramName: mri_concat  ProgramArguments: mri_concat -all-info  ProgramVersion: 7.3.2  TimeStamp: 2026/03/12-09:55:24-GMT  BuildTime: Aug  4 2022 06:17:15  BuildStamp: freesurfer-linux-ubuntu22_x86_64-7.3.2-20220804-6354275  User: oesteban  Machine: dna017  Platform: Linux  PlatformVersion: 5.14.0-427.37.1.el9_4.x86_64  CompilerName: GCC  CompilerVersion: 8.4.0
ProgramName: mri_concatenate_lta  ProgramArguments: mri_concatenate_lta -all-info  ProgramVersion: 7.3.2  TimeStamp: 2026/03/12-09:55:24-GMT  BuildTime: Aug  4 2022 06:17:15  BuildStamp: freesurfer-linux-ubuntu22_x86_64-7.3.2-20220804-6354275  User: oesteban  Machine: dna017  Platform: Linux  PlatformVersion: 5.14.0-427.37.1.el9_4.x86_64  CompilerName: GCC  CompilerVersion: 8.4.0
mri_convert -all-info 
ProgramName: mri_convert  ProgramArguments: mri_convert -all-info  ProgramVersion: 7.3.2  TimeStamp: 2026/03/12-09:55:24-GMT  BuildTime: Aug  4 2022 06:17:15  BuildStamp: freesurfer-linux-ubuntu22_x86_64-7.3.2-20220804-6354275  User: oesteban  Machine: dna017  Platform: Linux  PlatformVersion: 5.14.0-427.37.1.el9_4.x86_64  CompilerName: GCC  CompilerVersion: 8.4.0
ProgramName: mri_diff  ProgramArguments: mri_diff -all-info  ProgramVersion: 7.3.2  TimeStamp: 2026/03/12-09:55:24-GMT  BuildTime: Aug  4 2022 06:17:15  BuildStamp: freesurfer-linux-ubuntu22_x86_64-7.3.2-20220804-6354275  User: oesteban  Machine: dna017  Platform: Linux  PlatformVersion: 5.14.0-427.37.1.el9_4.x86_64  CompilerName: GCC  CompilerVersion: 8.4.0
ProgramName: mri_edit_wm_with_aseg  ProgramArguments: mri_edit_wm_with_aseg -all-info  ProgramVersion: 7.3.2  TimeStamp: 2026/03/12-09:55:24-GMT  BuildTime: Aug  4 2022 06:17:15  BuildStamp: freesurfer-linux-ubuntu22_x86_64-7.3.2-20220804-6354275  User: oesteban  Machine: dna017  Platform: Linux  PlatformVersion: 5.14.0-427.37.1.el9_4.x86_64  CompilerName: GCC  CompilerVersion: 8.4.0
ProgramName: mri_em_register  ProgramArguments: mri_em_register -all-info  ProgramVersion: 7.3.2  TimeStamp: 2026/03/12-09:55:24-GMT  BuildTime: Aug  4 2022 06:17:15  BuildStamp: freesurfer-linux-ubuntu22_x86_64-7.3.2-20220804-6354275  User: oesteban  Machine: dna017  Platform: Linux  PlatformVersion: 5.14.0-427.37.1.el9_4.x86_64  CompilerName: GCC  CompilerVersion: 8.4.0
ProgramName: mri_fill  ProgramArguments: mri_fill -all-info  ProgramVersion: 7.3.2  TimeStamp: 2026/03/12-09:55:24-GMT  BuildTime: Aug  4 2022 06:17:15  BuildStamp: freesurfer-linux-ubuntu22_x86_64-7.3.2-20220804-6354275  User: oesteban  Machine: dna017  Platform: Linux  PlatformVersion: 5.14.0-427.37.1.el9_4.x86_64  CompilerName: GCC  CompilerVersion: 8.4.0
ProgramName: mri_fuse_segmentations  ProgramArguments: mri_fuse_segmentations -all-info  ProgramVersion: 7.3.2  TimeStamp: 2026/03/12-09:55:24-GMT  BuildTime: Aug  4 2022 06:17:15  BuildStamp: freesurfer-linux-ubuntu22_x86_64-7.3.2-20220804-6354275  User: oesteban  Machine: dna017  Platform: Linux  PlatformVersion: 5.14.0-427.37.1.el9_4.x86_64  CompilerName: GCC  CompilerVersion: 8.4.0
ProgramName: mri_fwhm  ProgramArguments: mri_fwhm -all-info  ProgramVersion: 7.3.2  TimeStamp: 2026/03/12-09:55:24-GMT  BuildTime: Aug  4 2022 06:17:15  BuildStamp: freesurfer-linux-ubuntu22_x86_64-7.3.2-20220804-6354275  User: oesteban  Machine: dna017  Platform: Linux  PlatformVersion: 5.14.0-427.37.1.el9_4.x86_64  CompilerName: GCC  CompilerVersion: 8.4.0
ProgramName: mri_gcut  ProgramArguments: mri_gcut -all-info  ProgramVersion: 7.3.2  TimeStamp: 2026/03/12-09:55:24-GMT  BuildTime: Aug  4 2022 06:17:15  BuildStamp: freesurfer-linux-ubuntu22_x86_64-7.3.2-20220804-6354275  User: oesteban  Machine: dna017  Platform: Linux  PlatformVersion: 5.14.0-427.37.1.el9_4.x86_64  CompilerName: GCC  CompilerVersion: 8.4.0
ProgramName: mri_info  ProgramArguments: mri_info -all-info  ProgramVersion: 7.3.2  TimeStamp: 2026/03/12-09:55:24-GMT  BuildTime: Aug  4 2022 06:17:15  BuildStamp: freesurfer-linux-ubuntu22_x86_64-7.3.2-20220804-6354275  User: oesteban  Machine: dna017  Platform: Linux  PlatformVersion: 5.14.0-427.37.1.el9_4.x86_64  CompilerName: GCC  CompilerVersion: 8.4.0
ProgramName: mri_label2label  ProgramArguments: mri_label2label -all-info  ProgramVersion: 7.3.2  TimeStamp: 2026/03/12-09:55:24-GMT  BuildTime: Aug  4 2022 06:17:15  BuildStamp: freesurfer-linux-ubuntu22_x86_64-7.3.2-20220804-6354275  User: oesteban  Machine: dna017  Platform: Linux  PlatformVersion: 5.14.0-427.37.1.el9_4.x86_64  CompilerName: GCC  CompilerVersion: 8.4.0
ProgramName: mri_label2vol  ProgramArguments: mri_label2vol -all-info  ProgramVersion: 7.3.2  TimeStamp: 2026/03/12-09:55:24-GMT  BuildTime: Aug  4 2022 06:17:15  BuildStamp: freesurfer-linux-ubuntu22_x86_64-7.3.2-20220804-6354275  User: oesteban  Machine: dna017  Platform: Linux  PlatformVersion: 5.14.0-427.37.1.el9_4.x86_64  CompilerName: GCC  CompilerVersion: 8.4.0
ProgramName: mri_log_likelihood  ProgramArguments: mri_log_likelihood -all-info  ProgramVersion: 7.3.2  TimeStamp: 2026/03/12-09:55:24-GMT  BuildTime: Aug  4 2022 06:17:15  BuildStamp: freesurfer-linux-ubuntu22_x86_64-7.3.2-20220804-6354275  User: oesteban  Machine: dna017  Platform: Linux  PlatformVersion: 5.14.0-427.37.1.el9_4.x86_64  CompilerName: GCC  CompilerVersion: 8.4.0
ProgramName: mri_mask  ProgramArguments: mri_mask -all-info  ProgramVersion: 7.3.2  TimeStamp: 2026/03/12-09:55:24-GMT  BuildTime: Aug  4 2022 06:17:15  BuildStamp: freesurfer-linux-ubuntu22_x86_64-7.3.2-20220804-6354275  User: oesteban  Machine: dna017  Platform: Linux  PlatformVersion: 5.14.0-427.37.1.el9_4.x86_64  CompilerName: GCC  CompilerVersion: 8.4.0
ProgramName: mri_matrix_multiply  ProgramArguments: mri_matrix_multiply -all-info  ProgramVersion: 7.3.2  TimeStamp: 2026/03/12-09:55:24-GMT  BuildTime: Aug  4 2022 06:17:15  BuildStamp: freesurfer-linux-ubuntu22_x86_64-7.3.2-20220804-6354275  User: oesteban  Machine: dna017  Platform: Linux  PlatformVersion: 5.14.0-427.37.1.el9_4.x86_64  CompilerName: GCC  CompilerVersion: 8.4.0
ProgramName: mri_normalize  ProgramArguments: mri_normalize -all-info  ProgramVersion: 7.3.2  TimeStamp: 2026/03/12-09:55:24-GMT  BuildTime: Aug  4 2022 06:17:15  BuildStamp: freesurfer-linux-ubuntu22_x86_64-7.3.2-20220804-6354275  User: oesteban  Machine: dna017  Platform: Linux  PlatformVersion: 5.14.0-427.37.1.el9_4.x86_64  CompilerName: GCC  CompilerVersion: 8.4.0
ProgramName: mri_normalize_tp2  ProgramArguments: mri_normalize_tp2 -all-info  ProgramVersion: 7.3.2  TimeStamp: 2026/03/12-09:55:24-GMT  BuildTime: Aug  4 2022 06:17:15  BuildStamp: freesurfer-linux-ubuntu22_x86_64-7.3.2-20220804-6354275  User: oesteban  Machine: dna017  Platform: Linux  PlatformVersion: 5.14.0-427.37.1.el9_4.x86_64  CompilerName: GCC  CompilerVersion: 8.4.0
ProgramName: mri_or  ProgramArguments: mri_or -all-info  ProgramVersion: 7.3.2  TimeStamp: 2026/03/12-09:55:24-GMT  BuildTime: Aug  4 2022 06:17:15  BuildStamp: freesurfer-linux-ubuntu22_x86_64-7.3.2-20220804-6354275  User: oesteban  Machine: dna017  Platform: Linux  PlatformVersion: 5.14.0-427.37.1.el9_4.x86_64  CompilerName: GCC  CompilerVersion: 8.4.0
ProgramName: mri_relabel_hypointensities  ProgramArguments: mri_relabel_hypointensities -all-info  ProgramVersion: 7.3.2  TimeStamp: 2026/03/12-09:55:24-GMT  BuildTime: Aug  4 2022 06:17:15  BuildStamp: freesurfer-linux-ubuntu22_x86_64-7.3.2-20220804-6354275  User: oesteban  Machine: dna017  Platform: Linux  PlatformVersion: 5.14.0-427.37.1.el9_4.x86_64  CompilerName: GCC  CompilerVersion: 8.4.0
ProgramName: mri_relabel_nonwm_hypos  ProgramArguments: mri_relabel_nonwm_hypos -all-info  ProgramVersion: 7.3.2  TimeStamp: 2026/03/12-09:55:24-GMT  BuildTime: Aug  4 2022 06:17:15  BuildStamp: freesurfer-linux-ubuntu22_x86_64-7.3.2-20220804-6354275  User: oesteban  Machine: dna017  Platform: Linux  PlatformVersion: 5.14.0-427.37.1.el9_4.x86_64  CompilerName: GCC  CompilerVersion: 8.4.0
ProgramName: mri_remove_neck  ProgramArguments: mri_remove_neck -all-info  ProgramVersion: 7.3.2  TimeStamp: 2026/03/12-09:55:24-GMT  BuildTime: Aug  4 2022 06:17:15  BuildStamp: freesurfer-linux-ubuntu22_x86_64-7.3.2-20220804-6354275  User: oesteban  Machine: dna017  Platform: Linux  PlatformVersion: 5.14.0-427.37.1.el9_4.x86_64  CompilerName: GCC  CompilerVersion: 8.4.0
7.3.2

ProgramName: mri_robust_register  ProgramArguments: mri_robust_register -all-info  ProgramVersion: 7.3.2  TimeStamp: 2026/03/12-09:55:24-GMT  BuildTime: Aug  4 2022 06:17:15  BuildStamp: freesurfer-linux-ubuntu22_x86_64-7.3.2-20220804-6354275  User: oesteban  Machine: dna017  Platform: Linux  PlatformVersion: 5.14.0-427.37.1.el9_4.x86_64  CompilerName: GCC  CompilerVersion: 8.4.0
7.3.2

ProgramName: mri_robust_template  ProgramArguments: mri_robust_template -all-info  ProgramVersion: 7.3.2  TimeStamp: 2026/03/12-09:55:24-GMT  BuildTime: Aug  4 2022 06:17:15  BuildStamp: freesurfer-linux-ubuntu22_x86_64-7.3.2-20220804-6354275  User: oesteban  Machine: dna017  Platform: Linux  PlatformVersion: 5.14.0-427.37.1.el9_4.x86_64  CompilerName: GCC  CompilerVersion: 8.4.0
ProgramName: mris_anatomical_stats  ProgramArguments: mris_anatomical_stats -all-info  ProgramVersion: 7.3.2  TimeStamp: 2026/03/12-09:55:24-GMT  BuildTime: Aug  4 2022 06:17:15  BuildStamp: freesurfer-linux-ubuntu22_x86_64-7.3.2-20220804-6354275  User: oesteban  Machine: dna017  Platform: Linux  PlatformVersion: 5.14.0-427.37.1.el9_4.x86_64  CompilerName: GCC  CompilerVersion: 8.4.0
ProgramName: mris_ca_label  ProgramArguments: mris_ca_label -all-info  ProgramVersion: 7.3.2  TimeStamp: 2026/03/12-09:55:24-GMT  BuildTime: Aug  4 2022 06:17:15  BuildStamp: freesurfer-linux-ubuntu22_x86_64-7.3.2-20220804-6354275  User: oesteban  Machine: dna017  Platform: Linux  PlatformVersion: 5.14.0-427.37.1.el9_4.x86_64  CompilerName: GCC  CompilerVersion: 8.4.0
ProgramName: mris_calc  ProgramArguments: mris_calc -all-info  ProgramVersion: 7.3.2  TimeStamp: 2026/03/12-09:55:24-GMT  BuildTime: Aug  4 2022 06:17:15  BuildStamp: freesurfer-linux-ubuntu22_x86_64-7.3.2-20220804-6354275  User: oesteban  Machine: dna017  Platform: Linux  PlatformVersion: 5.14.0-427.37.1.el9_4.x86_64  CompilerName: GCC  CompilerVersion: 8.4.0
ProgramName: mris_convert  ProgramArguments: mris_convert -all-info  ProgramVersion: 7.3.2  TimeStamp: 2026/03/12-09:55:24-GMT  BuildTime: Aug  4 2022 06:17:15  BuildStamp: freesurfer-linux-ubuntu22_x86_64-7.3.2-20220804-6354275  User: oesteban  Machine: dna017  Platform: Linux  PlatformVersion: 5.14.0-427.37.1.el9_4.x86_64  CompilerName: GCC  CompilerVersion: 8.4.0
ProgramName: mris_curvature  ProgramArguments: mris_curvature -all-info  ProgramVersion: 7.3.2  TimeStamp: 2026/03/12-09:55:24-GMT  BuildTime: Aug  4 2022 06:17:15  BuildStamp: freesurfer-linux-ubuntu22_x86_64-7.3.2-20220804-6354275  User: oesteban  Machine: dna017  Platform: Linux  PlatformVersion: 5.14.0-427.37.1.el9_4.x86_64  CompilerName: GCC  CompilerVersion: 8.4.0
ProgramName: mris_curvature_stats  ProgramArguments: mris_curvature_stats -all-info  ProgramVersion: 7.3.2  TimeStamp: 2026/03/12-09:55:24-GMT  BuildTime: Aug  4 2022 06:17:15  BuildStamp: freesurfer-linux-ubuntu22_x86_64-7.3.2-20220804-6354275  User: oesteban  Machine: dna017  Platform: Linux  PlatformVersion: 5.14.0-427.37.1.el9_4.x86_64  CompilerName: GCC  CompilerVersion: 8.4.0
ProgramName: mris_diff  ProgramArguments: mris_diff -all-info  ProgramVersion: 7.3.2  TimeStamp: 2026/03/12-09:55:24-GMT  BuildTime: Aug  4 2022 06:17:15  BuildStamp: freesurfer-linux-ubuntu22_x86_64-7.3.2-20220804-6354275  User: oesteban  Machine: dna017  Platform: Linux  PlatformVersion: 5.14.0-427.37.1.el9_4.x86_64  CompilerName: GCC  CompilerVersion: 8.4.0
ProgramName: mris_divide_parcellation  ProgramArguments: mris_divide_parcellation -all-info  ProgramVersion: 7.3.2  TimeStamp: 2026/03/12-09:55:24-GMT  BuildTime: Aug  4 2022 06:17:15  BuildStamp: freesurfer-linux-ubuntu22_x86_64-7.3.2-20220804-6354275  User: oesteban  Machine: dna017  Platform: Linux  PlatformVersion: 5.14.0-427.37.1.el9_4.x86_64  CompilerName: GCC  CompilerVersion: 8.4.0
ProgramName: mri_segment  ProgramArguments: mri_segment -all-info  ProgramVersion: 7.3.2  TimeStamp: 2026/03/12-09:55:24-GMT  BuildTime: Aug  4 2022 06:17:15  BuildStamp: freesurfer-linux-ubuntu22_x86_64-7.3.2-20220804-6354275  User: oesteban  Machine: dna017  Platform: Linux  PlatformVersion: 5.14.0-427.37.1.el9_4.x86_64  CompilerName: GCC  CompilerVersion: 8.4.0
ProgramName: mri_segstats  ProgramArguments: mri_segstats -all-info  ProgramVersion: 7.3.2  TimeStamp: 2026/03/12-09:55:24-GMT  BuildTime: Aug  4 2022 06:17:15  BuildStamp: freesurfer-linux-ubuntu22_x86_64-7.3.2-20220804-6354275  User: oesteban  Machine: dna017  Platform: Linux  PlatformVersion: 5.14.0-427.37.1.el9_4.x86_64  CompilerName: GCC  CompilerVersion: 8.4.0
ProgramName: mris_euler_number  ProgramArguments: mris_euler_number -all-info  ProgramVersion: 7.3.2  TimeStamp: 2026/03/12-09:55:24-GMT  BuildTime: Aug  4 2022 06:17:15  BuildStamp: freesurfer-linux-ubuntu22_x86_64-7.3.2-20220804-6354275  User: oesteban  Machine: dna017  Platform: Linux  PlatformVersion: 5.14.0-427.37.1.el9_4.x86_64  CompilerName: GCC  CompilerVersion: 8.4.0
ProgramName: mris_fix_topology  ProgramArguments: mris_fix_topology -all-info  ProgramVersion: 7.3.2  TimeStamp: 2026/03/12-09:55:24-GMT  BuildTime: Aug  4 2022 06:17:15  BuildStamp: freesurfer-linux-ubuntu22_x86_64-7.3.2-20220804-6354275  User: oesteban  Machine: dna017  Platform: Linux  PlatformVersion: 5.14.0-427.37.1.el9_4.x86_64  CompilerName: GCC  CompilerVersion: 8.4.0
ProgramName: mris_topo_fixer  ProgramArguments: mris_topo_fixer -all-info  ProgramVersion: 7.3.2  TimeStamp: 2026/03/12-09:55:25-GMT  BuildTime: Aug  4 2022 06:17:15  BuildStamp: freesurfer-linux-ubuntu22_x86_64-7.3.2-20220804-6354275  User: oesteban  Machine: dna017  Platform: Linux  PlatformVersion: 5.14.0-427.37.1.el9_4.x86_64  CompilerName: GCC  CompilerVersion: 8.4.0
ProgramName: mris_jacobian  ProgramArguments: mris_jacobian -all-info  ProgramVersion: 7.3.2  TimeStamp: 2026/03/12-09:55:25-GMT  BuildTime: Aug  4 2022 06:17:15  BuildStamp: freesurfer-linux-ubuntu22_x86_64-7.3.2-20220804-6354275  User: oesteban  Machine: dna017  Platform: Linux  PlatformVersion: 5.14.0-427.37.1.el9_4.x86_64  CompilerName: GCC  CompilerVersion: 8.4.0
ProgramName: mris_label2annot  ProgramArguments: mris_label2annot -all-info  ProgramVersion: 7.3.2  TimeStamp: 2026/03/12-09:55:25-GMT  BuildTime: Aug  4 2022 06:17:15  BuildStamp: freesurfer-linux-ubuntu22_x86_64-7.3.2-20220804-6354275  User: oesteban  Machine: dna017  Platform: Linux  PlatformVersion: 5.14.0-427.37.1.el9_4.x86_64  CompilerName: GCC  CompilerVersion: 8.4.0
ProgramName: mris_left_right_register  ProgramArguments: mris_left_right_register -all-info  ProgramVersion: 7.3.2  TimeStamp: 2026/03/12-09:55:25-GMT  BuildTime: Aug  4 2022 06:17:15  BuildStamp: freesurfer-linux-ubuntu22_x86_64-7.3.2-20220804-6354275  User: oesteban  Machine: dna017  Platform: Linux  PlatformVersion: 5.14.0-427.37.1.el9_4.x86_64  CompilerName: GCC  CompilerVersion: 8.4.0
ProgramName: mris_place_surface  ProgramArguments: mris_place_surface -all-info  ProgramVersion: 7.3.2  TimeStamp: 2026/03/12-09:55:25-GMT  BuildTime: Aug  4 2022 06:17:15  BuildStamp: freesurfer-linux-ubuntu22_x86_64-7.3.2-20220804-6354275  User: oesteban  Machine: dna017  Platform: Linux  PlatformVersion: 5.14.0-427.37.1.el9_4.x86_64  CompilerName: GCC  CompilerVersion: 8.4.0
ProgramName: mrisp_paint  ProgramArguments: mrisp_paint -all-info  ProgramVersion: 7.3.2  TimeStamp: 2026/03/12-09:55:25-GMT  BuildTime: Aug  4 2022 06:17:15  BuildStamp: freesurfer-linux-ubuntu22_x86_64-7.3.2-20220804-6354275  User: oesteban  Machine: dna017  Platform: Linux  PlatformVersion: 5.14.0-427.37.1.el9_4.x86_64  CompilerName: GCC  CompilerVersion: 8.4.0
ProgramName: mris_register  ProgramArguments: mris_register -all-info  ProgramVersion: 7.3.2  TimeStamp: 2026/03/12-09:55:25-GMT  BuildTime: Aug  4 2022 06:17:15  BuildStamp: freesurfer-linux-ubuntu22_x86_64-7.3.2-20220804-6354275  User: oesteban  Machine: dna017  Platform: Linux  PlatformVersion: 5.14.0-427.37.1.el9_4.x86_64  CompilerName: GCC  CompilerVersion: 8.4.0
ProgramName: mris_smooth  ProgramArguments: mris_smooth -all-info  ProgramVersion: 7.3.2  TimeStamp: 2026/03/12-09:55:25-GMT  BuildTime: Aug  4 2022 06:17:15  BuildStamp: freesurfer-linux-ubuntu22_x86_64-7.3.2-20220804-6354275  User: oesteban  Machine: dna017  Platform: Linux  PlatformVersion: 5.14.0-427.37.1.el9_4.x86_64  CompilerName: GCC  CompilerVersion: 8.4.0
ProgramName: mris_sphere  ProgramArguments: mris_sphere -all-info  ProgramVersion: 7.3.2  TimeStamp: 2026/03/12-09:55:25-GMT  BuildTime: Aug  4 2022 06:17:15  BuildStamp: freesurfer-linux-ubuntu22_x86_64-7.3.2-20220804-6354275  User: oesteban  Machine: dna017  Platform: Linux  PlatformVersion: 5.14.0-427.37.1.el9_4.x86_64  CompilerName: GCC  CompilerVersion: 8.4.0
ProgramName: mris_surface_stats  ProgramArguments: mris_surface_stats -all-info  ProgramVersion: 7.3.2  TimeStamp: 2026/03/12-09:55:25-GMT  BuildTime: Aug  4 2022 06:17:15  BuildStamp: freesurfer-linux-ubuntu22_x86_64-7.3.2-20220804-6354275  User: oesteban  Machine: dna017  Platform: Linux  PlatformVersion: 5.14.0-427.37.1.el9_4.x86_64  CompilerName: GCC  CompilerVersion: 8.4.0
ProgramName: mri_stats2seg  ProgramArguments: mri_stats2seg -all-info  ProgramVersion: 7.3.2  TimeStamp: 2026/03/12-09:55:25-GMT  BuildTime: Aug  4 2022 06:17:15  BuildStamp: freesurfer-linux-ubuntu22_x86_64-7.3.2-20220804-6354275  User: oesteban  Machine: dna017  Platform: Linux  PlatformVersion: 5.14.0-427.37.1.el9_4.x86_64  CompilerName: GCC  CompilerVersion: 8.4.0
ProgramName: mris_thickness  ProgramArguments: mris_thickness -all-info  ProgramVersion: 7.3.2  TimeStamp: 2026/03/12-09:55:25-GMT  BuildTime: Aug  4 2022 06:17:15  BuildStamp: freesurfer-linux-ubuntu22_x86_64-7.3.2-20220804-6354275  User: oesteban  Machine: dna017  Platform: Linux  PlatformVersion: 5.14.0-427.37.1.el9_4.x86_64  CompilerName: GCC  CompilerVersion: 8.4.0
ProgramName: mris_thickness_diff  ProgramArguments: mris_thickness_diff -all-info  ProgramVersion: 7.3.2  TimeStamp: 2026/03/12-09:55:25-GMT  BuildTime: Aug  4 2022 06:17:15  BuildStamp: freesurfer-linux-ubuntu22_x86_64-7.3.2-20220804-6354275  User: oesteban  Machine: dna017  Platform: Linux  PlatformVersion: 5.14.0-427.37.1.el9_4.x86_64  CompilerName: GCC  CompilerVersion: 8.4.0
ProgramName: mris_topo_fixer  ProgramArguments: mris_topo_fixer -all-info  ProgramVersion: 7.3.2  TimeStamp: 2026/03/12-09:55:25-GMT  BuildTime: Aug  4 2022 06:17:15  BuildStamp: freesurfer-linux-ubuntu22_x86_64-7.3.2-20220804-6354275  User: oesteban  Machine: dna017  Platform: Linux  PlatformVersion: 5.14.0-427.37.1.el9_4.x86_64  CompilerName: GCC  CompilerVersion: 8.4.0
ProgramName: mri_surf2surf  ProgramArguments: mri_surf2surf -all-info  ProgramVersion: 7.3.2  TimeStamp: 2026/03/12-09:55:25-GMT  BuildTime: Aug  4 2022 06:17:15  BuildStamp: freesurfer-linux-ubuntu22_x86_64-7.3.2-20220804-6354275  User: oesteban  Machine: dna017  Platform: Linux  PlatformVersion: 5.14.0-427.37.1.el9_4.x86_64  CompilerName: GCC  CompilerVersion: 8.4.0
ProgramName: mri_surf2vol  ProgramArguments: mri_surf2vol -all-info  ProgramVersion: 7.3.2  TimeStamp: 2026/03/12-09:55:25-GMT  BuildTime: Aug  4 2022 06:17:15  BuildStamp: freesurfer-linux-ubuntu22_x86_64-7.3.2-20220804-6354275  User: oesteban  Machine: dna017  Platform: Linux  PlatformVersion: 5.14.0-427.37.1.el9_4.x86_64  CompilerName: GCC  CompilerVersion: 8.4.0
ProgramName: mri_surfcluster  ProgramArguments: mri_surfcluster -all-info  ProgramVersion: 7.3.2  TimeStamp: 2026/03/12-09:55:25-GMT  BuildTime: Aug  4 2022 06:17:15  BuildStamp: freesurfer-linux-ubuntu22_x86_64-7.3.2-20220804-6354275  User: oesteban  Machine: dna017  Platform: Linux  PlatformVersion: 5.14.0-427.37.1.el9_4.x86_64  CompilerName: GCC  CompilerVersion: 8.4.0
ProgramName: mris_volmask  ProgramArguments: mris_volmask -all-info  ProgramVersion: 7.3.2  TimeStamp: 2026/03/12-09:55:25-GMT  BuildTime: Aug  4 2022 06:17:15  BuildStamp: freesurfer-linux-ubuntu22_x86_64-7.3.2-20220804-6354275  User: oesteban  Machine: dna017  Platform: Linux  PlatformVersion: 5.14.0-427.37.1.el9_4.x86_64  CompilerName: GCC  CompilerVersion: 8.4.0
ProgramName: mri_tessellate  ProgramArguments: mri_tessellate -all-info  ProgramVersion: 7.3.2  TimeStamp: 2026/03/12-09:55:25-GMT  BuildTime: Aug  4 2022 06:17:15  BuildStamp: freesurfer-linux-ubuntu22_x86_64-7.3.2-20220804-6354275  User: oesteban  Machine: dna017  Platform: Linux  PlatformVersion: 5.14.0-427.37.1.el9_4.x86_64  CompilerName: GCC  CompilerVersion: 8.4.0
ProgramName: mri_vol2surf  ProgramArguments: mri_vol2surf -all-info  ProgramVersion: 7.3.2  TimeStamp: 2026/03/12-09:55:25-GMT  BuildTime: Aug  4 2022 06:17:15  BuildStamp: freesurfer-linux-ubuntu22_x86_64-7.3.2-20220804-6354275  User: oesteban  Machine: dna017  Platform: Linux  PlatformVersion: 5.14.0-427.37.1.el9_4.x86_64  CompilerName: GCC  CompilerVersion: 8.4.0
ProgramName: mri_vol2vol  ProgramArguments: mri_vol2vol -all-info  ProgramVersion: 7.3.2  TimeStamp: 2026/03/12-09:55:25-GMT  BuildTime: Aug  4 2022 06:17:15  BuildStamp: freesurfer-linux-ubuntu22_x86_64-7.3.2-20220804-6354275  User: oesteban  Machine: dna017  Platform: Linux  PlatformVersion: 5.14.0-427.37.1.el9_4.x86_64  CompilerName: GCC  CompilerVersion: 8.4.0
ProgramName: mri_voldiff  ProgramArguments: mri_voldiff -all-info  ProgramVersion: 7.3.2  TimeStamp: 2026/03/12-09:55:25-GMT  BuildTime: Aug  4 2022 06:17:15  BuildStamp: freesurfer-linux-ubuntu22_x86_64-7.3.2-20220804-6354275  User: oesteban  Machine: dna017  Platform: Linux  PlatformVersion: 5.14.0-427.37.1.el9_4.x86_64  CompilerName: GCC  CompilerVersion: 8.4.0
ProgramName: mri_watershed  ProgramArguments: mri_watershed -all-info  ProgramVersion: 7.3.2  TimeStamp: 2026/03/12-09:55:25-GMT  BuildTime: Aug  4 2022 06:17:15  BuildStamp: freesurfer-linux-ubuntu22_x86_64-7.3.2-20220804-6354275  User: oesteban  Machine: dna017  Platform: Linux  PlatformVersion: 5.14.0-427.37.1.el9_4.x86_64  CompilerName: GCC  CompilerVersion: 8.4.0
ProgramName: tkregister2  ProgramArguments: tkregister2_cmdl -all-info  ProgramVersion: 7.3.2  TimeStamp: 2026/03/12-09:55:25-GMT  BuildTime: Aug  4 2022 06:17:15  BuildStamp: freesurfer-linux-ubuntu22_x86_64-7.3.2-20220804-6354275  User: oesteban  Machine: dna017  Platform: Linux  PlatformVersion: 5.14.0-427.37.1.el9_4.x86_64  CompilerName: GCC  CompilerVersion: 8.4.0
mri_motion_correct.fsl 7.3.2
mri_convert -all-info 
ProgramName: mri_convert  ProgramArguments: mri_convert -all-info  ProgramVersion: 7.3.2  TimeStamp: 2026/03/12-09:55:25-GMT  BuildTime: Aug  4 2022 06:17:15  BuildStamp: freesurfer-linux-ubuntu22_x86_64-7.3.2-20220804-6354275  User: oesteban  Machine: dna017  Platform: Linux  PlatformVersion: 5.14.0-427.37.1.el9_4.x86_64  CompilerName: GCC  CompilerVersion: 8.4.0
Program nu_correct, built from:
Package MNI N3, version 1.12.0, compiled by nicks@terrier (x86_64-unknown-linux-gnu) on 2015-06-19 at 01:25:34
#######################################
GCADIR /opt/freesurfer/average
GCA RB_all_2020-01-02.gca
GCASkull RB_all_withskull_2020_01_02.gca
AvgCurvTif folding.atlas.acfb40.noaparc.i12.2016-08-02.tif
GCSDIR /opt/freesurfer/average
GCS DKaparc.atlas.acfb40.noaparc.i12.2016-08-02.gcs
#######################################
/out/sourcedata/freesurfer/sub-v1s11x0050160_ses-1

 mri_convert /work/fmriprep_25_2_wf/sub_v1s11x0050160_ses_1_wf/anat_fit_wf/anat_validate/sub-v1s11x0050160_ses-1_T1w_noise_corrected_ras_valid.nii.gz /out/sourcedata/freesurfer/sub-v1s11x0050160_ses-1/mri/orig/001.mgz 

mri_convert /work/fmriprep_25_2_wf/sub_v1s11x0050160_ses_1_wf/anat_fit_wf/anat_validate/sub-v1s11x0050160_ses-1_T1w_noise_corrected_ras_valid.nii.gz /out/sourcedata/freesurfer/sub-v1s11x0050160_ses-1/mri/orig/001.mgz 
reading from /work/fmriprep_25_2_wf/sub_v1s11x0050160_ses_1_wf/anat_fit_wf/anat_validate/sub-v1s11x0050160_ses-1_T1w_noise_corrected_ras_valid.nii.gz...
TR=0.00, TE=0.00, TI=0.00, flip angle=0.00
i_ras = (0.995396, 0, 0.0958457)
j_ras = (0, 1, 0)
k_ras = (-0.0958457, 0, 0.995396)
writing to /out/sourcedata/freesurfer/sub-v1s11x0050160_ses-1/mri/orig/001.mgz...
#--------------------------------------------
#@# MotionCor Thu Mar 12 10:55:27 CET 2026
Found 1 runs
/out/sourcedata/freesurfer/sub-v1s11x0050160_ses-1/mri/orig/001.mgz
Checking for (invalid) multi-frame inputs...
Only one run found so motion
correction will not be performed. I'll
copy the run to rawavg and continue.

 cp /out/sourcedata/freesurfer/sub-v1s11x0050160_ses-1/mri/orig/001.mgz /out/sourcedata/freesurfer/sub-v1s11x0050160_ses-1/mri/rawavg.mgz 


 mri_info /out/sourcedata/freesurfer/sub-v1s11x0050160_ses-1/mri/rawavg.mgz 

rawavg.mgz ========================================
Volume information for /out/sourcedata/freesurfer/sub-v1s11x0050160_ses-1/mri/rawavg.mgz
          type: MGH
    dimensions: 160 x 239 x 200
   voxel sizes: 1.100000, 1.000000, 1.000000
          type: FLOAT (3)
           fov: 239.000
           dof: 1
        xstart: -88.0, xend: 88.0
        ystart: -119.5, yend: 119.5
        zstart: -100.0, zend: 100.0
            TR: 0.00 msec, TE: 0.00 msec, TI: 0.00 msec, flip angle: 0.00 degrees
       nframes: 1
       PhEncDir: UNKNOWN
       FieldStrength: 0.000000
ras xform present
    xform info: x_r =   0.9954, y_r =   0.0000, z_r =  -0.0958, c_r =     7.5458
              : x_a =   0.0000, y_a =   1.0000, z_a =   0.0000, c_a =    13.5125
              : x_s =   0.0958, y_s =   0.0000, z_s =   0.9954, c_s =    13.2000

talairach xfm : 
Orientation   : RAS
Primary Slice Direction: axial

voxel to ras transform:
                1.0949   0.0000  -0.0958   -70.4645
                0.0000   1.0000   0.0000  -105.9875
                0.1054   0.0000   0.9954   -94.7741
                0.0000   0.0000   0.0000     1.0000

voxel-to-ras determinant 1.1

ras to voxel transform:
                0.9049   0.0000   0.0871    72.0217
                0.0000   1.0000   0.0000   105.9875
               -0.0958   0.0000   0.9954    87.5840
                0.0000   0.0000   0.0000     1.0000
/out/sourcedata/freesurfer/sub-v1s11x0050160_ses-1

 mri_convert /out/sourcedata/freesurfer/sub-v1s11x0050160_ses-1/mri/rawavg.mgz /out/sourcedata/freesurfer/sub-v1s11x0050160_ses-1/mri/orig.mgz --conform 

mri_convert /out/sourcedata/freesurfer/sub-v1s11x0050160_ses-1/mri/rawavg.mgz /out/sourcedata/freesurfer/sub-v1s11x0050160_ses-1/mri/orig.mgz --conform 
reading from /out/sourcedata/freesurfer/sub-v1s11x0050160_ses-1/mri/rawavg.mgz...
TR=0.00, TE=0.00, TI=0.00, flip angle=0.00
i_ras = (0.995396, 0, 0.0958457)
j_ras = (0, 1, 0)
k_ras = (-0.0958457, 0, 0.995396)
changing data type from float to uchar (noscale = 0)...
MRIchangeType: Building histogram -0.000495911 899.674 1000, flo=0, fhi=0.999, dest_type=0
Reslicing using trilinear interpolation 
writing to /out/sourcedata/freesurfer/sub-v1s11x0050160_ses-1/mri/orig.mgz...

 mri_add_xform_to_header -c /out/sourcedata/freesurfer/sub-v1s11x0050160_ses-1/mri/transforms/talairach.xfm /out/sourcedata/freesurfer/sub-v1s11x0050160_ses-1/mri/orig.mgz /out/sourcedata/freesurfer/sub-v1s11x0050160_ses-1/mri/orig.mgz 

INFO: extension is mgz

 mri_info /out/sourcedata/freesurfer/sub-v1s11x0050160_ses-1/mri/orig.mgz 

orig.mgz ========================================
Volume information for /out/sourcedata/freesurfer/sub-v1s11x0050160_ses-1/mri/orig.mgz
          type: MGH
    dimensions: 256 x 256 x 256
   voxel sizes: 1.000000, 1.000000, 1.000000
          type: UCHAR (0)
           fov: 256.000
           dof: 1
        xstart: -128.0, xend: 128.0
        ystart: -128.0, yend: 128.0
        zstart: -128.0, zend: 128.0
            TR: 0.00 msec, TE: 0.00 msec, TI: 0.00 msec, flip angle: 0.00 degrees
       nframes: 1
       PhEncDir: UNKNOWN
       FieldStrength: 0.000000
ras xform present
    xform info: x_r =  -1.0000, y_r =   0.0000, z_r =   0.0000, c_r =     7.5458
              : x_a =   0.0000, y_a =   0.0000, z_a =   1.0000, c_a =    13.5125
              : x_s =   0.0000, y_s =  -1.0000, z_s =   0.0000, c_s =    13.2000

talairach xfm : /out/sourcedata/freesurfer/sub-v1s11x0050160_ses-1/mri/transforms/talairach.xfm
Orientation   : LIA
Primary Slice Direction: coronal

voxel to ras transform:
               -1.0000   0.0000   0.0000   135.5458
                0.0000   0.0000   1.0000  -114.4875
                0.0000  -1.0000   0.0000   141.2000
                0.0000   0.0000   0.0000     1.0000

voxel-to-ras determinant -1

ras to voxel transform:
               -1.0000  -0.0000  -0.0000   135.5458
               -0.0000  -0.0000  -1.0000   141.2000
               -0.0000   1.0000  -0.0000   114.4875
               -0.0000  -0.0000  -0.0000     1.0000
#--------------------------------------------
#@# Talairach Thu Mar 12 10:55:33 CET 2026
/out/sourcedata/freesurfer/sub-v1s11x0050160_ses-1/mri

 mri_nu_correct.mni --no-rescale --i orig.mgz --o orig_nu.mgz --ants-n4 --n 1 --proto-iters 1000 --distance 50 

/usr/bin/bc
/out/sourcedata/freesurfer/sub-v1s11x0050160_ses-1/mri
/opt/freesurfer/bin/mri_nu_correct.mni
--no-rescale --i orig.mgz --o orig_nu.mgz --ants-n4 --n 1 --proto-iters 1000 --distance 50
nIters 1
mri_nu_correct.mni 7.3.2
Linux dna017 5.14.0-427.37.1.el9_4.x86_64 #1 SMP PREEMPT_DYNAMIC Fri Sep 13 12:41:50 EDT 2024 x86_64 x86_64 x86_64 GNU/Linux
Thu Mar 12 10:55:33 CET 2026
tmpdir is ./tmp.mri_nu_correct.mni.1523949
cd /out/sourcedata/freesurfer/sub-v1s11x0050160_ses-1/mri
AntsN4BiasFieldCorrectionFs -i orig.mgz -o ./tmp.mri_nu_correct.mni.1523949/nu0.mgz --dtype uchar
AntsN4BiasFieldCorrectionFs done
mri_convert ./tmp.mri_nu_correct.mni.1523949/nu0.mgz orig_nu.mgz --like orig.mgz --conform
mri_convert ./tmp.mri_nu_correct.mni.1523949/nu0.mgz orig_nu.mgz --like orig.mgz --conform 
reading from ./tmp.mri_nu_correct.mni.1523949/nu0.mgz...
TR=0.00, TE=0.00, TI=0.00, flip angle=0.00
i_ras = (-1, 0, 0)
j_ras = (0, 0, -1)
k_ras = (0, 1, 0)
INFO: transform src into the like-volume: orig.mgz
writing to orig_nu.mgz...
 
 
Thu Mar 12 10:58:27 CET 2026
mri_nu_correct.mni done

 talairach_avi --i orig_nu.mgz --xfm transforms/talairach.auto.xfm 

talairach_avi log file is transforms/talairach_avi.log...
mv -f /out/sourcedata/freesurfer/sub-v1s11x0050160_ses-1/mri/talsrcimg_to_711-2C_as_mni_average_305_t4_vox2vox.txt /out/sourcedata/freesurfer/sub-v1s11x0050160_ses-1/mri/transforms/talsrcimg_to_711-2C_as_mni_average_305_t4_vox2vox.txt
Started at Thu Mar 12 10:58:27 CET 2026
Ended   at Thu Mar 12 10:59:56 CET 2026
talairach_avi done

 cp transforms/talairach.auto.xfm transforms/talairach.xfm 

lta_convert --src orig.mgz --trg /opt/freesurfer/average/mni305.cor.mgz --inxfm transforms/talairach.xfm --outlta transforms/talairach.xfm.lta --subject fsaverage --ltavox2vox
7.3.2

--src: orig.mgz src image (geometry).
--trg: /opt/freesurfer/average/mni305.cor.mgz trg image (geometry).
--inmni: transforms/talairach.xfm input MNI/XFM transform.
--outlta: transforms/talairach.xfm.lta output LTA.
--s: fsaverage subject name
--ltavox2vox: output LTA as VOX_TO_VOX transform.
 LTA read, type : 1
 1.05960   0.07946   0.07649  -8.11386;
-0.09605   1.00405   0.08216  -27.55327;
-0.09572  -0.02912   1.13438  -24.57738;
 0.00000   0.00000   0.00000   1.00000;
setting subject to fsaverage
Writing  LTA to file transforms/talairach.xfm.lta...
lta_convert successful.
#--------------------------------------------
#@# Talairach Failure Detection Thu Mar 12 10:59:58 CET 2026
/out/sourcedata/freesurfer/sub-v1s11x0050160_ses-1/mri

 talairach_afd -T 0.005 -xfm transforms/talairach.xfm 

talairach_afd: Talairach Transform: transforms/talairach.xfm OK (p=0.6606, pval=0.3663 >= threshold=0.0050)

 awk -f /opt/freesurfer/bin/extract_talairach_avi_QA.awk /out/sourcedata/freesurfer/sub-v1s11x0050160_ses-1/mri/transforms/talairach_avi.log 


 tal_QC_AZS /out/sourcedata/freesurfer/sub-v1s11x0050160_ses-1/mri/transforms/talairach_avi.log 

TalAviQA: 0.97643
z-score: 0
#--------------------------------------------
#@# Nu Intensity Correction Thu Mar 12 10:59:58 CET 2026

 mri_nu_correct.mni --i orig.mgz --o nu.mgz --uchar transforms/talairach.xfm --n 2 --ants-n4 

/usr/bin/bc
/out/sourcedata/freesurfer/sub-v1s11x0050160_ses-1/mri
/opt/freesurfer/bin/mri_nu_correct.mni
--i orig.mgz --o nu.mgz --uchar transforms/talairach.xfm --n 2 --ants-n4
nIters 2
mri_nu_correct.mni 7.3.2
Linux dna017 5.14.0-427.37.1.el9_4.x86_64 #1 SMP PREEMPT_DYNAMIC Fri Sep 13 12:41:50 EDT 2024 x86_64 x86_64 x86_64 GNU/Linux
Thu Mar 12 10:59:58 CET 2026
tmpdir is ./tmp.mri_nu_correct.mni.1525320
cd /out/sourcedata/freesurfer/sub-v1s11x0050160_ses-1/mri
AntsN4BiasFieldCorrectionFs -i orig.mgz -o ./tmp.mri_nu_correct.mni.1525320/nu0.mgz --dtype uchar
AntsN4BiasFieldCorrectionFs done
mri_binarize --i ./tmp.mri_nu_correct.mni.1525320/nu0.mgz --min -1 --o ./tmp.mri_nu_correct.mni.1525320/ones.mgz

7.3.2
cwd /out/sourcedata/freesurfer/sub-v1s11x0050160_ses-1/mri
cmdline mri_binarize --i ./tmp.mri_nu_correct.mni.1525320/nu0.mgz --min -1 --o ./tmp.mri_nu_correct.mni.1525320/ones.mgz 
sysname  Linux
hostname dna017
machine  x86_64
user     oesteban

input      ./tmp.mri_nu_correct.mni.1525320/nu0.mgz
frame      0
nErode3d   0
nErode2d   0
output     ./tmp.mri_nu_correct.mni.1525320/ones.mgz
Binarizing based on threshold
min        -1
max        +infinity
binval        1
binvalnot     0
fstart = 0, fend = 0, nframes = 1
Starting parallel 1
Found 16777216 values in range
Counting number of voxels in first frame
Found 16777215 voxels in final mask
Writing output to ./tmp.mri_nu_correct.mni.1525320/ones.mgz
Count: 16777215 16777215.000000 16777216 99.999994
mri_binarize done
mri_segstats --id 1 --seg ./tmp.mri_nu_correct.mni.1525320/ones.mgz --i orig.mgz --sum ./tmp.mri_nu_correct.mni.1525320/sum.junk --avgwf ./tmp.mri_nu_correct.mni.1525320/input.mean.dat

7.3.2
cwd 
cmdline mri_segstats --id 1 --seg ./tmp.mri_nu_correct.mni.1525320/ones.mgz --i orig.mgz --sum ./tmp.mri_nu_correct.mni.1525320/sum.junk --avgwf ./tmp.mri_nu_correct.mni.1525320/input.mean.dat 
sysname  Linux
hostname dna017
machine  x86_64
user     oesteban
whitesurfname  white
UseRobust  0
Loading ./tmp.mri_nu_correct.mni.1525320/ones.mgz
Loading orig.mgz
Voxel Volume is 1 mm^3
Generating list of segmentation ids
Found   1 segmentations
Computing statistics for each segmentation

Reporting on   1 segmentations
Using PrintSegStat
Computing spatial average of each frame

Writing to ./tmp.mri_nu_correct.mni.1525320/input.mean.dat
mri_segstats done
mri_segstats --id 1 --seg ./tmp.mri_nu_correct.mni.1525320/ones.mgz --i ./tmp.mri_nu_correct.mni.1525320/nu0.mgz --sum ./tmp.mri_nu_correct.mni.1525320/sum.junk --avgwf ./tmp.mri_nu_correct.mni.1525320/output.mean.dat

7.3.2
cwd 
cmdline mri_segstats --id 1 --seg ./tmp.mri_nu_correct.mni.1525320/ones.mgz --i ./tmp.mri_nu_correct.mni.1525320/nu0.mgz --sum ./tmp.mri_nu_correct.mni.1525320/sum.junk --avgwf ./tmp.mri_nu_correct.mni.1525320/output.mean.dat 
sysname  Linux
hostname dna017
machine  x86_64
user     oesteban
whitesurfname  white
UseRobust  0
Loading ./tmp.mri_nu_correct.mni.1525320/ones.mgz
Loading ./tmp.mri_nu_correct.mni.1525320/nu0.mgz
Voxel Volume is 1 mm^3
Generating list of segmentation ids
Found   1 segmentations
Computing statistics for each segmentation

Reporting on   1 segmentations
Using PrintSegStat
Computing spatial average of each frame

Writing to ./tmp.mri_nu_correct.mni.1525320/output.mean.dat
mri_segstats done
mris_calc -o ./tmp.mri_nu_correct.mni.1525320/nu0.mgz ./tmp.mri_nu_correct.mni.1525320/nu0.mgz mul 1.31415601435924708921
Saving result to './tmp.mri_nu_correct.mni.1525320/nu0.mgz' (type = MGH )                       [ ok ]
mri_convert ./tmp.mri_nu_correct.mni.1525320/nu0.mgz nu.mgz --like orig.mgz
mri_convert ./tmp.mri_nu_correct.mni.1525320/nu0.mgz nu.mgz --like orig.mgz 
reading from ./tmp.mri_nu_correct.mni.1525320/nu0.mgz...
TR=0.00, TE=0.00, TI=0.00, flip angle=0.00
i_ras = (-1, 0, 0)
j_ras = (0, 0, -1)
k_ras = (0, 1, 0)
INFO: transform src into the like-volume: orig.mgz
writing to nu.mgz...
mri_make_uchar nu.mgz transforms/talairach.xfm nu.mgz
type change took 0 minutes and 6 seconds.
FIRST_PERCENTILE 0.010000
WM_PERCENTILE    0.900000
MAX_R 50.000000
i1 = 6, i2 = 75
#mri_make_uchar# mapping 15 193 to  3 110  :  b -6.79348 m 0.604578 : thresh 11.2367 maxsat 433.019 : nzero 13976909 nsat 0
 
 
Thu Mar 12 11:03:13 CET 2026
mri_nu_correct.mni done

 mri_add_xform_to_header -c /out/sourcedata/freesurfer/sub-v1s11x0050160_ses-1/mri/transforms/talairach.xfm nu.mgz nu.mgz 

INFO: extension is mgz
#--------------------------------------------
#@# Intensity Normalization Thu Mar 12 11:03:13 CET 2026
/out/sourcedata/freesurfer/sub-v1s11x0050160_ses-1/mri

 mri_normalize -g 1 -seed 1234 -mprage nu.mgz T1.mgz 

using max gradient = 1.000
setting seed for random number genererator to 1234
assuming input volume is MGH (Van der Kouwe) MP-RAGE
reading mri_src from nu.mgz...
normalizing image...
NOT doing gentle normalization with control points/label
talairach transform
 1.05960   0.07946   0.07649  -8.11386;
-0.09605   1.00405   0.08216  -27.55327;
-0.09572  -0.02912   1.13438  -24.57738;
 0.00000   0.00000   0.00000   1.00000;
processing without aseg, no1d=0
MRInormInit(): 
INFO: Modifying talairach volume c_(r,a,s) based on average_305
MRInormalize(): 
MRIsplineNormalize(): npeaks = 19
Starting OpenSpline(): npoints = 19
building Voronoi diagram...
performing soap bubble smoothing, sigma = 8...

Iterating 2 times
---------------------------------
3d normalization pass 1 of 2
white matter peak found at 110
white matter peak found at 110
gm peak at 69 (69), valley at 43 (43)
csf peak at 35, setting threshold to 57
building Voronoi diagram...
performing soap bubble smoothing, sigma = 8...
---------------------------------
3d normalization pass 2 of 2
white matter peak found at 110
white matter peak found at 110
gm peak at 71 (71), valley at 41 (41)
csf peak at 36, setting threshold to 59
building Voronoi diagram...
performing soap bubble smoothing, sigma = 8...
Done iterating ---------------------------------
writing output to T1.mgz
3D bias adjustment took 1 minutes and 36 seconds.

Started at Thu Mar 12 10:55:24 CET 2026 
Ended   at Thu Mar 12 11:04:49 CET 2026
#@#%# recon-all-run-time-hours 0.157
recon-all -s sub-v1s11x0050160_ses-1 finished without error at Thu Mar 12 11:04:49 CET 2026



#New# invocation of recon-all 




Thu Mar 12 11:11:45 CET 2026
cd /out/sourcedata/freesurfer/sub-v1s11x0050160_ses-1
setenv SUBJECTS_DIR /out/sourcedata/freesurfer
/opt/freesurfer/bin/recon-all -openmp 16 -subjid sub-v1s11x0050160_ses-1 -sd /out/sourcedata/freesurfer -gcareg

subjid sub-v1s11x0050160_ses-1
setenv SUBJECTS_DIR /out/sourcedata/freesurfer
FREESURFER_HOME /opt/freesurfer
Actual FREESURFER_HOME /opt/freesurfer
build-stamp.txt: freesurfer-linux-ubuntu22_x86_64-7.3.2-20220804-6354275
Linux dna017 5.14.0-427.37.1.el9_4.x86_64 #1 SMP PREEMPT_DYNAMIC Fri Sep 13 12:41:50 EDT 2024 x86_64 x86_64 x86_64 GNU/Linux
cputime      unlimited
filesize     unlimited
datasize     unlimited
stacksize    8192 kbytes
coredumpsize 0 kbytes
memoryuse    67108864 kbytes
vmemoryuse   unlimited
descriptors  1024 
memorylocked unlimited
maxproc      2061970 
maxlocks     unlimited
maxsignal    2061970 
maxmessage   819200 
maxnice      0 
maxrtprio    0 
maxrttime    unlimited

               total        used        free      shared  buff/cache   available
Mem:           503Gi        49Gi       398Gi        13Gi        55Gi       437Gi
Swap:             0B          0B          0B

########################################
program versions used
7.3.2 (freesurfer-linux-ubuntu22_x86_64-7.3.2-20220804-6354275)
7.3.2

ProgramName: lta_convert  ProgramArguments: lta_convert -all-info  ProgramVersion: 7.3.2  TimeStamp: 2026/03/12-10:11:45-GMT  BuildTime: Aug  4 2022 06:17:15  BuildStamp: freesurfer-linux-ubuntu22_x86_64-7.3.2-20220804-6354275  User: oesteban  Machine: dna017  Platform: Linux  PlatformVersion: 5.14.0-427.37.1.el9_4.x86_64  CompilerName: GCC  CompilerVersion: 8.4.0
ProgramName: mri_and  ProgramArguments: mri_and -all-info  ProgramVersion: 7.3.2  TimeStamp: 2026/03/12-10:11:45-GMT  BuildTime: Aug  4 2022 06:17:15  BuildStamp: freesurfer-linux-ubuntu22_x86_64-7.3.2-20220804-6354275  User: oesteban  Machine: dna017  Platform: Linux  PlatformVersion: 5.14.0-427.37.1.el9_4.x86_64  CompilerName: GCC  CompilerVersion: 8.4.0
ProgramName: mri_annotation2label  ProgramArguments: mri_annotation2label -all-info  ProgramVersion: 7.3.2  TimeStamp: 2026/03/12-10:11:45-GMT  BuildTime: Aug  4 2022 06:17:15  BuildStamp: freesurfer-linux-ubuntu22_x86_64-7.3.2-20220804-6354275  User: oesteban  Machine: dna017  Platform: Linux  PlatformVersion: 5.14.0-427.37.1.el9_4.x86_64  CompilerName: GCC  CompilerVersion: 8.4.0
ProgramName: mri_aparc2aseg  ProgramArguments: mri_aparc2aseg -all-info  ProgramVersion: 7.3.2  TimeStamp: 2026/03/12-10:11:45-GMT  BuildTime: Aug  4 2022 06:17:15  BuildStamp: freesurfer-linux-ubuntu22_x86_64-7.3.2-20220804-6354275  User: oesteban  Machine: dna017  Platform: Linux  PlatformVersion: 5.14.0-427.37.1.el9_4.x86_64  CompilerName: GCC  CompilerVersion: 8.4.0
ProgramName: mri_surf2volseg  ProgramArguments: mri_surf2volseg -all-info  ProgramVersion: 7.3.2  TimeStamp: 2026/03/12-10:11:45-GMT  BuildTime: Aug  4 2022 06:17:15  BuildStamp: freesurfer-linux-ubuntu22_x86_64-7.3.2-20220804-6354275  User: oesteban  Machine: dna017  Platform: Linux  PlatformVersion: 5.14.0-427.37.1.el9_4.x86_64  CompilerName: GCC  CompilerVersion: 8.4.0
ProgramName: mri_binarize  ProgramArguments: mri_binarize -all-info  ProgramVersion: 7.3.2  TimeStamp: 2026/03/12-10:11:45-GMT  BuildTime: Aug  4 2022 06:17:15  BuildStamp: freesurfer-linux-ubuntu22_x86_64-7.3.2-20220804-6354275  User: oesteban  Machine: dna017  Platform: Linux  PlatformVersion: 5.14.0-427.37.1.el9_4.x86_64  CompilerName: GCC  CompilerVersion: 8.4.0
ProgramName: mri_ca_label  ProgramArguments: mri_ca_label -all-info  ProgramVersion: 7.3.2  TimeStamp: 2026/03/12-10:11:45-GMT  BuildTime: Aug  4 2022 06:17:15  BuildStamp: freesurfer-linux-ubuntu22_x86_64-7.3.2-20220804-6354275  User: oesteban  Machine: dna017  Platform: Linux  PlatformVersion: 5.14.0-427.37.1.el9_4.x86_64  CompilerName: GCC  CompilerVersion: 8.4.0
ProgramName: mri_ca_normalize  ProgramArguments: mri_ca_normalize -all-info  ProgramVersion: 7.3.2  TimeStamp: 2026/03/12-10:11:45-GMT  BuildTime: Aug  4 2022 06:17:15  BuildStamp: freesurfer-linux-ubuntu22_x86_64-7.3.2-20220804-6354275  User: oesteban  Machine: dna017  Platform: Linux  PlatformVersion: 5.14.0-427.37.1.el9_4.x86_64  CompilerName: GCC  CompilerVersion: 8.4.0
ProgramName: mri_ca_register  ProgramArguments: mri_ca_register -all-info  ProgramVersion: 7.3.2  TimeStamp: 2026/03/12-10:11:45-GMT  BuildTime: Aug  4 2022 06:17:15  BuildStamp: freesurfer-linux-ubuntu22_x86_64-7.3.2-20220804-6354275  User: oesteban  Machine: dna017  Platform: Linux  PlatformVersion: 5.14.0-427.37.1.el9_4.x86_64  CompilerName: GCC  CompilerVersion: 8.4.0
ProgramName: mri_cc  ProgramArguments: mri_cc -all-info  ProgramVersion: 7.3.2  TimeStamp: 2026/03/12-10:11:45-GMT  BuildTime: Aug  4 2022 06:17:15  BuildStamp: freesurfer-linux-ubuntu22_x86_64-7.3.2-20220804-6354275  User: oesteban  Machine: dna017  Platform: Linux  PlatformVersion: 5.14.0-427.37.1.el9_4.x86_64  CompilerName: GCC  CompilerVersion: 8.4.0
ProgramName: mri_compute_overlap  ProgramArguments: mri_compute_overlap -all-info  ProgramVersion: 7.3.2  TimeStamp: 2026/03/12-10:11:45-GMT  BuildTime: Aug  4 2022 06:17:15  BuildStamp: freesurfer-linux-ubuntu22_x86_64-7.3.2-20220804-6354275  User: oesteban  Machine: dna017  Platform: Linux  PlatformVersion: 5.14.0-427.37.1.el9_4.x86_64  CompilerName: GCC  CompilerVersion: 8.4.0
ProgramName: mri_compute_seg_overlap  ProgramArguments: mri_compute_seg_overlap -all-info  ProgramVersion: 7.3.2  TimeStamp: 2026/03/12-10:11:45-GMT  BuildTime: Aug  4 2022 06:17:15  BuildStamp: freesurfer-linux-ubuntu22_x86_64-7.3.2-20220804-6354275  User: oesteban  Machine: dna017  Platform: Linux  PlatformVersion: 5.14.0-427.37.1.el9_4.x86_64  CompilerName: GCC  CompilerVersion: 8.4.0
ProgramName: mri_concat  ProgramArguments: mri_concat -all-info  ProgramVersion: 7.3.2  TimeStamp: 2026/03/12-10:11:45-GMT  BuildTime: Aug  4 2022 06:17:15  BuildStamp: freesurfer-linux-ubuntu22_x86_64-7.3.2-20220804-6354275  User: oesteban  Machine: dna017  Platform: Linux  PlatformVersion: 5.14.0-427.37.1.el9_4.x86_64  CompilerName: GCC  CompilerVersion: 8.4.0
ProgramName: mri_concatenate_lta  ProgramArguments: mri_concatenate_lta -all-info  ProgramVersion: 7.3.2  TimeStamp: 2026/03/12-10:11:45-GMT  BuildTime: Aug  4 2022 06:17:15  BuildStamp: freesurfer-linux-ubuntu22_x86_64-7.3.2-20220804-6354275  User: oesteban  Machine: dna017  Platform: Linux  PlatformVersion: 5.14.0-427.37.1.el9_4.x86_64  CompilerName: GCC  CompilerVersion: 8.4.0
mri_convert -all-info 
ProgramName: mri_convert  ProgramArguments: mri_convert -all-info  ProgramVersion: 7.3.2  TimeStamp: 2026/03/12-10:11:45-GMT  BuildTime: Aug  4 2022 06:17:15  BuildStamp: freesurfer-linux-ubuntu22_x86_64-7.3.2-20220804-6354275  User: oesteban  Machine: dna017  Platform: Linux  PlatformVersion: 5.14.0-427.37.1.el9_4.x86_64  CompilerName: GCC  CompilerVersion: 8.4.0
ProgramName: mri_diff  ProgramArguments: mri_diff -all-info  ProgramVersion: 7.3.2  TimeStamp: 2026/03/12-10:11:45-GMT  BuildTime: Aug  4 2022 06:17:15  BuildStamp: freesurfer-linux-ubuntu22_x86_64-7.3.2-20220804-6354275  User: oesteban  Machine: dna017  Platform: Linux  PlatformVersion: 5.14.0-427.37.1.el9_4.x86_64  CompilerName: GCC  CompilerVersion: 8.4.0
ProgramName: mri_edit_wm_with_aseg  ProgramArguments: mri_edit_wm_with_aseg -all-info  ProgramVersion: 7.3.2  TimeStamp: 2026/03/12-10:11:45-GMT  BuildTime: Aug  4 2022 06:17:15  BuildStamp: freesurfer-linux-ubuntu22_x86_64-7.3.2-20220804-6354275  User: oesteban  Machine: dna017  Platform: Linux  PlatformVersion: 5.14.0-427.37.1.el9_4.x86_64  CompilerName: GCC  CompilerVersion: 8.4.0
ProgramName: mri_em_register  ProgramArguments: mri_em_register -all-info  ProgramVersion: 7.3.2  TimeStamp: 2026/03/12-10:11:45-GMT  BuildTime: Aug  4 2022 06:17:15  BuildStamp: freesurfer-linux-ubuntu22_x86_64-7.3.2-20220804-6354275  User: oesteban  Machine: dna017  Platform: Linux  PlatformVersion: 5.14.0-427.37.1.el9_4.x86_64  CompilerName: GCC  CompilerVersion: 8.4.0
ProgramName: mri_fill  ProgramArguments: mri_fill -all-info  ProgramVersion: 7.3.2  TimeStamp: 2026/03/12-10:11:45-GMT  BuildTime: Aug  4 2022 06:17:15  BuildStamp: freesurfer-linux-ubuntu22_x86_64-7.3.2-20220804-6354275  User: oesteban  Machine: dna017  Platform: Linux  PlatformVersion: 5.14.0-427.37.1.el9_4.x86_64  CompilerName: GCC  CompilerVersion: 8.4.0
ProgramName: mri_fuse_segmentations  ProgramArguments: mri_fuse_segmentations -all-info  ProgramVersion: 7.3.2  TimeStamp: 2026/03/12-10:11:45-GMT  BuildTime: Aug  4 2022 06:17:15  BuildStamp: freesurfer-linux-ubuntu22_x86_64-7.3.2-20220804-6354275  User: oesteban  Machine: dna017  Platform: Linux  PlatformVersion: 5.14.0-427.37.1.el9_4.x86_64  CompilerName: GCC  CompilerVersion: 8.4.0
ProgramName: mri_fwhm  ProgramArguments: mri_fwhm -all-info  ProgramVersion: 7.3.2  TimeStamp: 2026/03/12-10:11:45-GMT  BuildTime: Aug  4 2022 06:17:15  BuildStamp: freesurfer-linux-ubuntu22_x86_64-7.3.2-20220804-6354275  User: oesteban  Machine: dna017  Platform: Linux  PlatformVersion: 5.14.0-427.37.1.el9_4.x86_64  CompilerName: GCC  CompilerVersion: 8.4.0
ProgramName: mri_gcut  ProgramArguments: mri_gcut -all-info  ProgramVersion: 7.3.2  TimeStamp: 2026/03/12-10:11:45-GMT  BuildTime: Aug  4 2022 06:17:15  BuildStamp: freesurfer-linux-ubuntu22_x86_64-7.3.2-20220804-6354275  User: oesteban  Machine: dna017  Platform: Linux  PlatformVersion: 5.14.0-427.37.1.el9_4.x86_64  CompilerName: GCC  CompilerVersion: 8.4.0
ProgramName: mri_info  ProgramArguments: mri_info -all-info  ProgramVersion: 7.3.2  TimeStamp: 2026/03/12-10:11:45-GMT  BuildTime: Aug  4 2022 06:17:15  BuildStamp: freesurfer-linux-ubuntu22_x86_64-7.3.2-20220804-6354275  User: oesteban  Machine: dna017  Platform: Linux  PlatformVersion: 5.14.0-427.37.1.el9_4.x86_64  CompilerName: GCC  CompilerVersion: 8.4.0
ProgramName: mri_label2label  ProgramArguments: mri_label2label -all-info  ProgramVersion: 7.3.2  TimeStamp: 2026/03/12-10:11:45-GMT  BuildTime: Aug  4 2022 06:17:15  BuildStamp: freesurfer-linux-ubuntu22_x86_64-7.3.2-20220804-6354275  User: oesteban  Machine: dna017  Platform: Linux  PlatformVersion: 5.14.0-427.37.1.el9_4.x86_64  CompilerName: GCC  CompilerVersion: 8.4.0
ProgramName: mri_label2vol  ProgramArguments: mri_label2vol -all-info  ProgramVersion: 7.3.2  TimeStamp: 2026/03/12-10:11:45-GMT  BuildTime: Aug  4 2022 06:17:15  BuildStamp: freesurfer-linux-ubuntu22_x86_64-7.3.2-20220804-6354275  User: oesteban  Machine: dna017  Platform: Linux  PlatformVersion: 5.14.0-427.37.1.el9_4.x86_64  CompilerName: GCC  CompilerVersion: 8.4.0
ProgramName: mri_log_likelihood  ProgramArguments: mri_log_likelihood -all-info  ProgramVersion: 7.3.2  TimeStamp: 2026/03/12-10:11:45-GMT  BuildTime: Aug  4 2022 06:17:15  BuildStamp: freesurfer-linux-ubuntu22_x86_64-7.3.2-20220804-6354275  User: oesteban  Machine: dna017  Platform: Linux  PlatformVersion: 5.14.0-427.37.1.el9_4.x86_64  CompilerName: GCC  CompilerVersion: 8.4.0
ProgramName: mri_mask  ProgramArguments: mri_mask -all-info  ProgramVersion: 7.3.2  TimeStamp: 2026/03/12-10:11:45-GMT  BuildTime: Aug  4 2022 06:17:15  BuildStamp: freesurfer-linux-ubuntu22_x86_64-7.3.2-20220804-6354275  User: oesteban  Machine: dna017  Platform: Linux  PlatformVersion: 5.14.0-427.37.1.el9_4.x86_64  CompilerName: GCC  CompilerVersion: 8.4.0
ProgramName: mri_matrix_multiply  ProgramArguments: mri_matrix_multiply -all-info  ProgramVersion: 7.3.2  TimeStamp: 2026/03/12-10:11:45-GMT  BuildTime: Aug  4 2022 06:17:15  BuildStamp: freesurfer-linux-ubuntu22_x86_64-7.3.2-20220804-6354275  User: oesteban  Machine: dna017  Platform: Linux  PlatformVersion: 5.14.0-427.37.1.el9_4.x86_64  CompilerName: GCC  CompilerVersion: 8.4.0
ProgramName: mri_normalize  ProgramArguments: mri_normalize -all-info  ProgramVersion: 7.3.2  TimeStamp: 2026/03/12-10:11:45-GMT  BuildTime: Aug  4 2022 06:17:15  BuildStamp: freesurfer-linux-ubuntu22_x86_64-7.3.2-20220804-6354275  User: oesteban  Machine: dna017  Platform: Linux  PlatformVersion: 5.14.0-427.37.1.el9_4.x86_64  CompilerName: GCC  CompilerVersion: 8.4.0
ProgramName: mri_normalize_tp2  ProgramArguments: mri_normalize_tp2 -all-info  ProgramVersion: 7.3.2  TimeStamp: 2026/03/12-10:11:45-GMT  BuildTime: Aug  4 2022 06:17:15  BuildStamp: freesurfer-linux-ubuntu22_x86_64-7.3.2-20220804-6354275  User: oesteban  Machine: dna017  Platform: Linux  PlatformVersion: 5.14.0-427.37.1.el9_4.x86_64  CompilerName: GCC  CompilerVersion: 8.4.0
ProgramName: mri_or  ProgramArguments: mri_or -all-info  ProgramVersion: 7.3.2  TimeStamp: 2026/03/12-10:11:45-GMT  BuildTime: Aug  4 2022 06:17:15  BuildStamp: freesurfer-linux-ubuntu22_x86_64-7.3.2-20220804-6354275  User: oesteban  Machine: dna017  Platform: Linux  PlatformVersion: 5.14.0-427.37.1.el9_4.x86_64  CompilerName: GCC  CompilerVersion: 8.4.0
ProgramName: mri_relabel_hypointensities  ProgramArguments: mri_relabel_hypointensities -all-info  ProgramVersion: 7.3.2  TimeStamp: 2026/03/12-10:11:45-GMT  BuildTime: Aug  4 2022 06:17:15  BuildStamp: freesurfer-linux-ubuntu22_x86_64-7.3.2-20220804-6354275  User: oesteban  Machine: dna017  Platform: Linux  PlatformVersion: 5.14.0-427.37.1.el9_4.x86_64  CompilerName: GCC  CompilerVersion: 8.4.0
ProgramName: mri_relabel_nonwm_hypos  ProgramArguments: mri_relabel_nonwm_hypos -all-info  ProgramVersion: 7.3.2  TimeStamp: 2026/03/12-10:11:45-GMT  BuildTime: Aug  4 2022 06:17:15  BuildStamp: freesurfer-linux-ubuntu22_x86_64-7.3.2-20220804-6354275  User: oesteban  Machine: dna017  Platform: Linux  PlatformVersion: 5.14.0-427.37.1.el9_4.x86_64  CompilerName: GCC  CompilerVersion: 8.4.0
ProgramName: mri_remove_neck  ProgramArguments: mri_remove_neck -all-info  ProgramVersion: 7.3.2  TimeStamp: 2026/03/12-10:11:45-GMT  BuildTime: Aug  4 2022 06:17:15  BuildStamp: freesurfer-linux-ubuntu22_x86_64-7.3.2-20220804-6354275  User: oesteban  Machine: dna017  Platform: Linux  PlatformVersion: 5.14.0-427.37.1.el9_4.x86_64  CompilerName: GCC  CompilerVersion: 8.4.0
7.3.2

ProgramName: mri_robust_register  ProgramArguments: mri_robust_register -all-info  ProgramVersion: 7.3.2  TimeStamp: 2026/03/12-10:11:45-GMT  BuildTime: Aug  4 2022 06:17:15  BuildStamp: freesurfer-linux-ubuntu22_x86_64-7.3.2-20220804-6354275  User: oesteban  Machine: dna017  Platform: Linux  PlatformVersion: 5.14.0-427.37.1.el9_4.x86_64  CompilerName: GCC  CompilerVersion: 8.4.0
7.3.2

ProgramName: mri_robust_template  ProgramArguments: mri_robust_template -all-info  ProgramVersion: 7.3.2  TimeStamp: 2026/03/12-10:11:45-GMT  BuildTime: Aug  4 2022 06:17:15  BuildStamp: freesurfer-linux-ubuntu22_x86_64-7.3.2-20220804-6354275  User: oesteban  Machine: dna017  Platform: Linux  PlatformVersion: 5.14.0-427.37.1.el9_4.x86_64  CompilerName: GCC  CompilerVersion: 8.4.0
ProgramName: mris_anatomical_stats  ProgramArguments: mris_anatomical_stats -all-info  ProgramVersion: 7.3.2  TimeStamp: 2026/03/12-10:11:45-GMT  BuildTime: Aug  4 2022 06:17:15  BuildStamp: freesurfer-linux-ubuntu22_x86_64-7.3.2-20220804-6354275  User: oesteban  Machine: dna017  Platform: Linux  PlatformVersion: 5.14.0-427.37.1.el9_4.x86_64  CompilerName: GCC  CompilerVersion: 8.4.0
ProgramName: mris_ca_label  ProgramArguments: mris_ca_label -all-info  ProgramVersion: 7.3.2  TimeStamp: 2026/03/12-10:11:45-GMT  BuildTime: Aug  4 2022 06:17:15  BuildStamp: freesurfer-linux-ubuntu22_x86_64-7.3.2-20220804-6354275  User: oesteban  Machine: dna017  Platform: Linux  PlatformVersion: 5.14.0-427.37.1.el9_4.x86_64  CompilerName: GCC  CompilerVersion: 8.4.0
ProgramName: mris_calc  ProgramArguments: mris_calc -all-info  ProgramVersion: 7.3.2  TimeStamp: 2026/03/12-10:11:45-GMT  BuildTime: Aug  4 2022 06:17:15  BuildStamp: freesurfer-linux-ubuntu22_x86_64-7.3.2-20220804-6354275  User: oesteban  Machine: dna017  Platform: Linux  PlatformVersion: 5.14.0-427.37.1.el9_4.x86_64  CompilerName: GCC  CompilerVersion: 8.4.0
ProgramName: mris_convert  ProgramArguments: mris_convert -all-info  ProgramVersion: 7.3.2  TimeStamp: 2026/03/12-10:11:45-GMT  BuildTime: Aug  4 2022 06:17:15  BuildStamp: freesurfer-linux-ubuntu22_x86_64-7.3.2-20220804-6354275  User: oesteban  Machine: dna017  Platform: Linux  PlatformVersion: 5.14.0-427.37.1.el9_4.x86_64  CompilerName: GCC  CompilerVersion: 8.4.0
ProgramName: mris_curvature  ProgramArguments: mris_curvature -all-info  ProgramVersion: 7.3.2  TimeStamp: 2026/03/12-10:11:45-GMT  BuildTime: Aug  4 2022 06:17:15  BuildStamp: freesurfer-linux-ubuntu22_x86_64-7.3.2-20220804-6354275  User: oesteban  Machine: dna017  Platform: Linux  PlatformVersion: 5.14.0-427.37.1.el9_4.x86_64  CompilerName: GCC  CompilerVersion: 8.4.0
ProgramName: mris_curvature_stats  ProgramArguments: mris_curvature_stats -all-info  ProgramVersion: 7.3.2  TimeStamp: 2026/03/12-10:11:45-GMT  BuildTime: Aug  4 2022 06:17:15  BuildStamp: freesurfer-linux-ubuntu22_x86_64-7.3.2-20220804-6354275  User: oesteban  Machine: dna017  Platform: Linux  PlatformVersion: 5.14.0-427.37.1.el9_4.x86_64  CompilerName: GCC  CompilerVersion: 8.4.0
ProgramName: mris_diff  ProgramArguments: mris_diff -all-info  ProgramVersion: 7.3.2  TimeStamp: 2026/03/12-10:11:45-GMT  BuildTime: Aug  4 2022 06:17:15  BuildStamp: freesurfer-linux-ubuntu22_x86_64-7.3.2-20220804-6354275  User: oesteban  Machine: dna017  Platform: Linux  PlatformVersion: 5.14.0-427.37.1.el9_4.x86_64  CompilerName: GCC  CompilerVersion: 8.4.0
ProgramName: mris_divide_parcellation  ProgramArguments: mris_divide_parcellation -all-info  ProgramVersion: 7.3.2  TimeStamp: 2026/03/12-10:11:45-GMT  BuildTime: Aug  4 2022 06:17:15  BuildStamp: freesurfer-linux-ubuntu22_x86_64-7.3.2-20220804-6354275  User: oesteban  Machine: dna017  Platform: Linux  PlatformVersion: 5.14.0-427.37.1.el9_4.x86_64  CompilerName: GCC  CompilerVersion: 8.4.0
ProgramName: mri_segment  ProgramArguments: mri_segment -all-info  ProgramVersion: 7.3.2  TimeStamp: 2026/03/12-10:11:45-GMT  BuildTime: Aug  4 2022 06:17:15  BuildStamp: freesurfer-linux-ubuntu22_x86_64-7.3.2-20220804-6354275  User: oesteban  Machine: dna017  Platform: Linux  PlatformVersion: 5.14.0-427.37.1.el9_4.x86_64  CompilerName: GCC  CompilerVersion: 8.4.0
ProgramName: mri_segstats  ProgramArguments: mri_segstats -all-info  ProgramVersion: 7.3.2  TimeStamp: 2026/03/12-10:11:45-GMT  BuildTime: Aug  4 2022 06:17:15  BuildStamp: freesurfer-linux-ubuntu22_x86_64-7.3.2-20220804-6354275  User: oesteban  Machine: dna017  Platform: Linux  PlatformVersion: 5.14.0-427.37.1.el9_4.x86_64  CompilerName: GCC  CompilerVersion: 8.4.0
ProgramName: mris_euler_number  ProgramArguments: mris_euler_number -all-info  ProgramVersion: 7.3.2  TimeStamp: 2026/03/12-10:11:45-GMT  BuildTime: Aug  4 2022 06:17:15  BuildStamp: freesurfer-linux-ubuntu22_x86_64-7.3.2-20220804-6354275  User: oesteban  Machine: dna017  Platform: Linux  PlatformVersion: 5.14.0-427.37.1.el9_4.x86_64  CompilerName: GCC  CompilerVersion: 8.4.0
ProgramName: mris_fix_topology  ProgramArguments: mris_fix_topology -all-info  ProgramVersion: 7.3.2  TimeStamp: 2026/03/12-10:11:45-GMT  BuildTime: Aug  4 2022 06:17:15  BuildStamp: freesurfer-linux-ubuntu22_x86_64-7.3.2-20220804-6354275  User: oesteban  Machine: dna017  Platform: Linux  PlatformVersion: 5.14.0-427.37.1.el9_4.x86_64  CompilerName: GCC  CompilerVersion: 8.4.0
ProgramName: mris_topo_fixer  ProgramArguments: mris_topo_fixer -all-info  ProgramVersion: 7.3.2  TimeStamp: 2026/03/12-10:11:45-GMT  BuildTime: Aug  4 2022 06:17:15  BuildStamp: freesurfer-linux-ubuntu22_x86_64-7.3.2-20220804-6354275  User: oesteban  Machine: dna017  Platform: Linux  PlatformVersion: 5.14.0-427.37.1.el9_4.x86_64  CompilerName: GCC  CompilerVersion: 8.4.0
ProgramName: mris_jacobian  ProgramArguments: mris_jacobian -all-info  ProgramVersion: 7.3.2  TimeStamp: 2026/03/12-10:11:45-GMT  BuildTime: Aug  4 2022 06:17:15  BuildStamp: freesurfer-linux-ubuntu22_x86_64-7.3.2-20220804-6354275  User: oesteban  Machine: dna017  Platform: Linux  PlatformVersion: 5.14.0-427.37.1.el9_4.x86_64  CompilerName: GCC  CompilerVersion: 8.4.0
ProgramName: mris_label2annot  ProgramArguments: mris_label2annot -all-info  ProgramVersion: 7.3.2  TimeStamp: 2026/03/12-10:11:45-GMT  BuildTime: Aug  4 2022 06:17:15  BuildStamp: freesurfer-linux-ubuntu22_x86_64-7.3.2-20220804-6354275  User: oesteban  Machine: dna017  Platform: Linux  PlatformVersion: 5.14.0-427.37.1.el9_4.x86_64  CompilerName: GCC  CompilerVersion: 8.4.0
ProgramName: mris_left_right_register  ProgramArguments: mris_left_right_register -all-info  ProgramVersion: 7.3.2  TimeStamp: 2026/03/12-10:11:45-GMT  BuildTime: Aug  4 2022 06:17:15  BuildStamp: freesurfer-linux-ubuntu22_x86_64-7.3.2-20220804-6354275  User: oesteban  Machine: dna017  Platform: Linux  PlatformVersion: 5.14.0-427.37.1.el9_4.x86_64  CompilerName: GCC  CompilerVersion: 8.4.0
ProgramName: mris_place_surface  ProgramArguments: mris_place_surface -all-info  ProgramVersion: 7.3.2  TimeStamp: 2026/03/12-10:11:45-GMT  BuildTime: Aug  4 2022 06:17:15  BuildStamp: freesurfer-linux-ubuntu22_x86_64-7.3.2-20220804-6354275  User: oesteban  Machine: dna017  Platform: Linux  PlatformVersion: 5.14.0-427.37.1.el9_4.x86_64  CompilerName: GCC  CompilerVersion: 8.4.0
ProgramName: mrisp_paint  ProgramArguments: mrisp_paint -all-info  ProgramVersion: 7.3.2  TimeStamp: 2026/03/12-10:11:45-GMT  BuildTime: Aug  4 2022 06:17:15  BuildStamp: freesurfer-linux-ubuntu22_x86_64-7.3.2-20220804-6354275  User: oesteban  Machine: dna017  Platform: Linux  PlatformVersion: 5.14.0-427.37.1.el9_4.x86_64  CompilerName: GCC  CompilerVersion: 8.4.0
ProgramName: mris_register  ProgramArguments: mris_register -all-info  ProgramVersion: 7.3.2  TimeStamp: 2026/03/12-10:11:45-GMT  BuildTime: Aug  4 2022 06:17:15  BuildStamp: freesurfer-linux-ubuntu22_x86_64-7.3.2-20220804-6354275  User: oesteban  Machine: dna017  Platform: Linux  PlatformVersion: 5.14.0-427.37.1.el9_4.x86_64  CompilerName: GCC  CompilerVersion: 8.4.0
ProgramName: mris_smooth  ProgramArguments: mris_smooth -all-info  ProgramVersion: 7.3.2  TimeStamp: 2026/03/12-10:11:45-GMT  BuildTime: Aug  4 2022 06:17:15  BuildStamp: freesurfer-linux-ubuntu22_x86_64-7.3.2-20220804-6354275  User: oesteban  Machine: dna017  Platform: Linux  PlatformVersion: 5.14.0-427.37.1.el9_4.x86_64  CompilerName: GCC  CompilerVersion: 8.4.0
ProgramName: mris_sphere  ProgramArguments: mris_sphere -all-info  ProgramVersion: 7.3.2  TimeStamp: 2026/03/12-10:11:45-GMT  BuildTime: Aug  4 2022 06:17:15  BuildStamp: freesurfer-linux-ubuntu22_x86_64-7.3.2-20220804-6354275  User: oesteban  Machine: dna017  Platform: Linux  PlatformVersion: 5.14.0-427.37.1.el9_4.x86_64  CompilerName: GCC  CompilerVersion: 8.4.0
ProgramName: mris_surface_stats  ProgramArguments: mris_surface_stats -all-info  ProgramVersion: 7.3.2  TimeStamp: 2026/03/12-10:11:45-GMT  BuildTime: Aug  4 2022 06:17:15  BuildStamp: freesurfer-linux-ubuntu22_x86_64-7.3.2-20220804-6354275  User: oesteban  Machine: dna017  Platform: Linux  PlatformVersion: 5.14.0-427.37.1.el9_4.x86_64  CompilerName: GCC  CompilerVersion: 8.4.0
ProgramName: mri_stats2seg  ProgramArguments: mri_stats2seg -all-info  ProgramVersion: 7.3.2  TimeStamp: 2026/03/12-10:11:45-GMT  BuildTime: Aug  4 2022 06:17:15  BuildStamp: freesurfer-linux-ubuntu22_x86_64-7.3.2-20220804-6354275  User: oesteban  Machine: dna017  Platform: Linux  PlatformVersion: 5.14.0-427.37.1.el9_4.x86_64  CompilerName: GCC  CompilerVersion: 8.4.0
ProgramName: mris_thickness  ProgramArguments: mris_thickness -all-info  ProgramVersion: 7.3.2  TimeStamp: 2026/03/12-10:11:45-GMT  BuildTime: Aug  4 2022 06:17:15  BuildStamp: freesurfer-linux-ubuntu22_x86_64-7.3.2-20220804-6354275  User: oesteban  Machine: dna017  Platform: Linux  PlatformVersion: 5.14.0-427.37.1.el9_4.x86_64  CompilerName: GCC  CompilerVersion: 8.4.0
ProgramName: mris_thickness_diff  ProgramArguments: mris_thickness_diff -all-info  ProgramVersion: 7.3.2  TimeStamp: 2026/03/12-10:11:45-GMT  BuildTime: Aug  4 2022 06:17:15  BuildStamp: freesurfer-linux-ubuntu22_x86_64-7.3.2-20220804-6354275  User: oesteban  Machine: dna017  Platform: Linux  PlatformVersion: 5.14.0-427.37.1.el9_4.x86_64  CompilerName: GCC  CompilerVersion: 8.4.0
ProgramName: mris_topo_fixer  ProgramArguments: mris_topo_fixer -all-info  ProgramVersion: 7.3.2  TimeStamp: 2026/03/12-10:11:45-GMT  BuildTime: Aug  4 2022 06:17:15  BuildStamp: freesurfer-linux-ubuntu22_x86_64-7.3.2-20220804-6354275  User: oesteban  Machine: dna017  Platform: Linux  PlatformVersion: 5.14.0-427.37.1.el9_4.x86_64  CompilerName: GCC  CompilerVersion: 8.4.0
ProgramName: mri_surf2surf  ProgramArguments: mri_surf2surf -all-info  ProgramVersion: 7.3.2  TimeStamp: 2026/03/12-10:11:45-GMT  BuildTime: Aug  4 2022 06:17:15  BuildStamp: freesurfer-linux-ubuntu22_x86_64-7.3.2-20220804-6354275  User: oesteban  Machine: dna017  Platform: Linux  PlatformVersion: 5.14.0-427.37.1.el9_4.x86_64  CompilerName: GCC  CompilerVersion: 8.4.0
ProgramName: mri_surf2vol  ProgramArguments: mri_surf2vol -all-info  ProgramVersion: 7.3.2  TimeStamp: 2026/03/12-10:11:45-GMT  BuildTime: Aug  4 2022 06:17:15  BuildStamp: freesurfer-linux-ubuntu22_x86_64-7.3.2-20220804-6354275  User: oesteban  Machine: dna017  Platform: Linux  PlatformVersion: 5.14.0-427.37.1.el9_4.x86_64  CompilerName: GCC  CompilerVersion: 8.4.0
ProgramName: mri_surfcluster  ProgramArguments: mri_surfcluster -all-info  ProgramVersion: 7.3.2  TimeStamp: 2026/03/12-10:11:45-GMT  BuildTime: Aug  4 2022 06:17:15  BuildStamp: freesurfer-linux-ubuntu22_x86_64-7.3.2-20220804-6354275  User: oesteban  Machine: dna017  Platform: Linux  PlatformVersion: 5.14.0-427.37.1.el9_4.x86_64  CompilerName: GCC  CompilerVersion: 8.4.0
ProgramName: mris_volmask  ProgramArguments: mris_volmask -all-info  ProgramVersion: 7.3.2  TimeStamp: 2026/03/12-10:11:45-GMT  BuildTime: Aug  4 2022 06:17:15  BuildStamp: freesurfer-linux-ubuntu22_x86_64-7.3.2-20220804-6354275  User: oesteban  Machine: dna017  Platform: Linux  PlatformVersion: 5.14.0-427.37.1.el9_4.x86_64  CompilerName: GCC  CompilerVersion: 8.4.0
ProgramName: mri_tessellate  ProgramArguments: mri_tessellate -all-info  ProgramVersion: 7.3.2  TimeStamp: 2026/03/12-10:11:45-GMT  BuildTime: Aug  4 2022 06:17:15  BuildStamp: freesurfer-linux-ubuntu22_x86_64-7.3.2-20220804-6354275  User: oesteban  Machine: dna017  Platform: Linux  PlatformVersion: 5.14.0-427.37.1.el9_4.x86_64  CompilerName: GCC  CompilerVersion: 8.4.0
ProgramName: mri_vol2surf  ProgramArguments: mri_vol2surf -all-info  ProgramVersion: 7.3.2  TimeStamp: 2026/03/12-10:11:45-GMT  BuildTime: Aug  4 2022 06:17:15  BuildStamp: freesurfer-linux-ubuntu22_x86_64-7.3.2-20220804-6354275  User: oesteban  Machine: dna017  Platform: Linux  PlatformVersion: 5.14.0-427.37.1.el9_4.x86_64  CompilerName: GCC  CompilerVersion: 8.4.0
ProgramName: mri_vol2vol  ProgramArguments: mri_vol2vol -all-info  ProgramVersion: 7.3.2  TimeStamp: 2026/03/12-10:11:45-GMT  BuildTime: Aug  4 2022 06:17:15  BuildStamp: freesurfer-linux-ubuntu22_x86_64-7.3.2-20220804-6354275  User: oesteban  Machine: dna017  Platform: Linux  PlatformVersion: 5.14.0-427.37.1.el9_4.x86_64  CompilerName: GCC  CompilerVersion: 8.4.0
ProgramName: mri_voldiff  ProgramArguments: mri_voldiff -all-info  ProgramVersion: 7.3.2  TimeStamp: 2026/03/12-10:11:45-GMT  BuildTime: Aug  4 2022 06:17:15  BuildStamp: freesurfer-linux-ubuntu22_x86_64-7.3.2-20220804-6354275  User: oesteban  Machine: dna017  Platform: Linux  PlatformVersion: 5.14.0-427.37.1.el9_4.x86_64  CompilerName: GCC  CompilerVersion: 8.4.0
ProgramName: mri_watershed  ProgramArguments: mri_watershed -all-info  ProgramVersion: 7.3.2  TimeStamp: 2026/03/12-10:11:45-GMT  BuildTime: Aug  4 2022 06:17:15  BuildStamp: freesurfer-linux-ubuntu22_x86_64-7.3.2-20220804-6354275  User: oesteban  Machine: dna017  Platform: Linux  PlatformVersion: 5.14.0-427.37.1.el9_4.x86_64  CompilerName: GCC  CompilerVersion: 8.4.0
ProgramName: tkregister2  ProgramArguments: tkregister2_cmdl -all-info  ProgramVersion: 7.3.2  TimeStamp: 2026/03/12-10:11:45-GMT  BuildTime: Aug  4 2022 06:17:15  BuildStamp: freesurfer-linux-ubuntu22_x86_64-7.3.2-20220804-6354275  User: oesteban  Machine: dna017  Platform: Linux  PlatformVersion: 5.14.0-427.37.1.el9_4.x86_64  CompilerName: GCC  CompilerVersion: 8.4.0
mri_motion_correct.fsl 7.3.2
mri_convert -all-info 
ProgramName: mri_convert  ProgramArguments: mri_convert -all-info  ProgramVersion: 7.3.2  TimeStamp: 2026/03/12-10:11:45-GMT  BuildTime: Aug  4 2022 06:17:15  BuildStamp: freesurfer-linux-ubuntu22_x86_64-7.3.2-20220804-6354275  User: oesteban  Machine: dna017  Platform: Linux  PlatformVersion: 5.14.0-427.37.1.el9_4.x86_64  CompilerName: GCC  CompilerVersion: 8.4.0
Program nu_correct, built from:
Package MNI N3, version 1.12.0, compiled by nicks@terrier (x86_64-unknown-linux-gnu) on 2015-06-19 at 01:25:34
#######################################
GCADIR /opt/freesurfer/average
GCA RB_all_2020-01-02.gca
GCASkull RB_all_withskull_2020_01_02.gca
AvgCurvTif folding.atlas.acfb40.noaparc.i12.2016-08-02.tif
GCSDIR /opt/freesurfer/average
GCS DKaparc.atlas.acfb40.noaparc.i12.2016-08-02.gcs
#######################################
#-------------------------------------
#@# EM Registration Thu Mar 12 11:11:45 CET 2026
/out/sourcedata/freesurfer/sub-v1s11x0050160_ses-1/mri

 mri_em_register -uns 3 -mask brainmask.mgz nu.mgz /opt/freesurfer/average/RB_all_2020-01-02.gca transforms/talairach.lta 

setting unknown_nbr_spacing = 3
using MR volume brainmask.mgz to mask input volume...

== Number of threads available to mri_em_register for OpenMP = 16 == 
reading 1 input volumes...
logging results to talairach.log
reading '/opt/freesurfer/average/RB_all_2020-01-02.gca'...
GCAread took 0 minutes and 1 seconds.
average std = 7.2   using min determinant for regularization = 5.2
0 singular and 884 ill-conditioned covariance matrices regularized
reading 'nu.mgz'...
MRImask(): AllowDiffGeom = 1
MRImask(): AllowDiffGeom = 1
MRImask(): AllowDiffGeom = 1
MRImask(): AllowDiffGeom = 1
MRImask(): AllowDiffGeom = 1
freeing gibbs priors...done.
accounting for voxel sizes in initial transform
bounding unknown intensity as < 5.9 or > 519.0 
total sample mean = 79.1 (1017 zeros)
************************************************
spacing=8, using 2841 sample points, tol=1.00e-05...
************************************************
register_mri: find_optimal_transform
find_optimal_transform: nsamples 2841, passno 0, spacing 8
resetting wm mean[0]: 98 --> 107
resetting gm mean[0]: 61 --> 61
input volume #1 is the most T1-like
using real data threshold=30.1
skull bounding box = (61, 50, 33) --> (195, 163, 213)
finding center of left hemi white matter
using (106, 88, 123) as brain centroid of Right_Cerebral_White_Matter...
MRImask(): AllowDiffGeom = 1
mean wm in atlas = 107, using box (90,74,101) --> (122, 101,145) to find MRI wm
before smoothing, mri peak at 108
robust fit to distribution - 109 +- 3.6
after smoothing, mri peak at 110, scaling input intensities by 0.973
scaling channel 0 by 0.972727
initial log_p = -4.093
************************************************
First Search limited to translation only.
************************************************
max log p =    -3.847362 @ (-10.526, 10.526, -10.526)
max log p =    -3.718733 @ (5.263, -5.263, -5.263)
max log p =    -3.617768 @ (2.632, 2.632, 2.632)
max log p =    -3.617768 @ (0.000, 0.000, 0.000)
max log p =    -3.597907 @ (-0.658, -0.658, 0.658)
max log p =    -3.597907 @ (0.000, 0.000, 0.000)
max log p =    -3.597907 @ (0.000, 0.000, 0.000)
max log p =    -3.597907 @ (0.000, 0.000, 0.000)
Found translation: (-3.3, 7.2, -12.5): log p = -3.598
****************************************
Nine parameter search.  iteration 0 nscales = 0 ...
****************************************
Result so far: scale 1.000: max_log_p=-3.349, old_max_log_p =-3.598 (thresh=-3.6)
 1.06580   0.16136   0.00000  -29.93121;
-0.14032   1.22567   0.00000   0.20320;
 0.00000   0.00000   0.92500  -3.65594;
 0.00000   0.00000   0.00000   1.00000;
iteration took 0 minutes and 12 seconds.
****************************************
Nine parameter search.  iteration 1 nscales = 0 ...
****************************************
Result so far: scale 1.000: max_log_p=-3.323, old_max_log_p =-3.349 (thresh=-3.3)
 1.06580   0.16136   0.00000  -29.93121;
-0.12979   1.13375   0.00000   9.13473;
 0.00000   0.00000   0.99438  -11.83671;
 0.00000   0.00000   0.00000   1.00000;
iteration took 0 minutes and 12 seconds.
****************************************
Nine parameter search.  iteration 2 nscales = 0 ...
****************************************
Result so far: scale 1.000: max_log_p=-3.323, old_max_log_p =-3.323 (thresh=-3.3)
 1.06580   0.16136   0.00000  -29.93121;
-0.12979   1.13375   0.00000   9.13473;
 0.00000   0.00000   0.99438  -11.83671;
 0.00000   0.00000   0.00000   1.00000;
reducing scale to 0.2500
iteration took 0 minutes and 12 seconds.
****************************************
Nine parameter search.  iteration 3 nscales = 1 ...
****************************************
Result so far: scale 0.250: max_log_p=-3.219, old_max_log_p =-3.323 (thresh=-3.3)
 1.04597   0.08573  -0.09666  -7.47848;
-0.05877   1.16218   0.02753  -6.53646;
 0.10535  -0.02547   0.98928  -22.08776;
 0.00000   0.00000   0.00000   1.00000;
iteration took 0 minutes and 12 seconds.
****************************************
Nine parameter search.  iteration 4 nscales = 1 ...
****************************************
Result so far: scale 0.250: max_log_p=-3.219, old_max_log_p =-3.219 (thresh=-3.2)
 1.06852   0.08645  -0.06544  -16.04819;
-0.05987   1.18397   0.02804  -8.89570;
 0.06974  -0.02774   0.97332  -13.44382;
 0.00000   0.00000   0.00000   1.00000;
reducing scale to 0.0625
iteration took 0 minutes and 12 seconds.
****************************************
Nine parameter search.  iteration 5 nscales = 2 ...
****************************************
Result so far: scale 0.062: max_log_p=-3.185, old_max_log_p =-3.219 (thresh=-3.2)
 1.06807   0.11520  -0.04130  -20.61270;
-0.08648   1.17752   0.02129  -3.41579;
 0.04324  -0.02043   0.97367  -12.22807;
 0.00000   0.00000   0.00000   1.00000;
iteration took 0 minutes and 11 seconds.
****************************************
Nine parameter search.  iteration 6 nscales = 2 ...
****************************************
Result so far: scale 0.062: max_log_p=-3.185, old_max_log_p =-3.185 (thresh=-3.2)
 1.06807   0.11520  -0.04130  -20.61270;
-0.08648   1.17752   0.02129  -3.41579;
 0.04324  -0.02043   0.97367  -12.22807;
 0.00000   0.00000   0.00000   1.00000;
min search scale 0.025000 reached
***********************************************
Computing MAP estimate using 2841 samples...
***********************************************
dt = 5.00e-06, momentum=0.80, tol=1.00e-05
l_intensity = 1.0000
Aligning input volume to GCA...
Transform matrix
 1.06807   0.11520  -0.04130  -20.61270;
-0.08648   1.17752   0.02129  -3.41579;
 0.04324  -0.02043   0.97367  -12.22807;
 0.00000   0.00000   0.00000   1.00000;
nsamples 2841
Quasinewton: input matrix
 1.06807   0.11520  -0.04130  -20.61270;
-0.08648   1.17752   0.02129  -3.41579;
 0.04324  -0.02043   0.97367  -12.22807;
 0.00000   0.00000   0.00000   1.00000;
 IFLAG= -1  LINE SEARCH FAILED. SEE DOCUMENTATION OF ROUTINE MCSRCH ERROR RETURN OF LINE SEARCH: INFO= 3 POSSIBLE CAUSES: FUNCTION OR GRADIENT ARE INCORRECT OR INCORRECT TOLERANCESoutof QuasiNewtonEMA: 009: -log(p) =   -0.0  tol 0.000010
Resulting transform:
 1.06807   0.11520  -0.04130  -20.61270;
-0.08648   1.17752   0.02129  -3.41579;
 0.04324  -0.02043   0.97367  -12.22807;
 0.00000   0.00000   0.00000   1.00000;

pass 1, spacing 8: log(p) = -3.185 (old=-4.093)
transform before final EM align:
 1.06807   0.11520  -0.04130  -20.61270;
-0.08648   1.17752   0.02129  -3.41579;
 0.04324  -0.02043   0.97367  -12.22807;
 0.00000   0.00000   0.00000   1.00000;

**************************************************
 EM alignment process ...
 Computing final MAP estimate using 315638 samples. 
**************************************************
dt = 5.00e-06, momentum=0.80, tol=1.00e-07
l_intensity = 1.0000
Aligning input volume to GCA...
Transform matrix
 1.06807   0.11520  -0.04130  -20.61270;
-0.08648   1.17752   0.02129  -3.41579;
 0.04324  -0.02043   0.97367  -12.22807;
 0.00000   0.00000   0.00000   1.00000;
nsamples 315638
Quasinewton: input matrix
 1.06807   0.11520  -0.04130  -20.61270;
-0.08648   1.17752   0.02129  -3.41579;
 0.04324  -0.02043   0.97367  -12.22807;
 0.00000   0.00000   0.00000   1.00000;
 IFLAG= -1  LINE SEARCH FAILED. SEE DOCUMENTATION OF ROUTINE MCSRCH ERROR RETURN OF LINE SEARCH: INFO= 6 POSSIBLE CAUSES: FUNCTION OR GRADIENT ARE INCORRECT OR INCORRECT TOLERANCESoutof QuasiNewtonEMA: 011: -log(p) =    3.8  tol 0.000000
final transform:
 1.06807   0.11520  -0.04130  -20.61270;
-0.08648   1.17752   0.02129  -3.41579;
 0.04324  -0.02043   0.97367  -12.22807;
 0.00000   0.00000   0.00000   1.00000;

writing output transformation to transforms/talairach.lta...
#VMPC# mri_em_register VmPeak  891288
FSRUNTIME@ mri_em_register  0.0320 hours 16 threads
registration took 1 minutes and 55 seconds.

Started at Thu Mar 12 11:11:45 CET 2026 
Ended   at Thu Mar 12 11:13:40 CET 2026
#@#%# recon-all-run-time-hours 0.032
recon-all -s sub-v1s11x0050160_ses-1 finished without error at Thu Mar 12 11:13:40 CET 2026



#New# invocation of recon-all 




Thu Mar 12 11:13:43 CET 2026
cd /out/sourcedata/freesurfer/sub-v1s11x0050160_ses-1
setenv SUBJECTS_DIR /out/sourcedata/freesurfer
/opt/freesurfer/bin/recon-all -autorecon2-volonly -openmp 16 -subjid sub-v1s11x0050160_ses-1 -sd /out/sourcedata/freesurfer -nogcareg

subjid sub-v1s11x0050160_ses-1
setenv SUBJECTS_DIR /out/sourcedata/freesurfer
FREESURFER_HOME /opt/freesurfer
Actual FREESURFER_HOME /opt/freesurfer
build-stamp.txt: freesurfer-linux-ubuntu22_x86_64-7.3.2-20220804-6354275
Linux dna017 5.14.0-427.37.1.el9_4.x86_64 #1 SMP PREEMPT_DYNAMIC Fri Sep 13 12:41:50 EDT 2024 x86_64 x86_64 x86_64 GNU/Linux
cputime      unlimited
filesize     unlimited
datasize     unlimited
stacksize    8192 kbytes
coredumpsize 0 kbytes
memoryuse    67108864 kbytes
vmemoryuse   unlimited
descriptors  1024 
memorylocked unlimited
maxproc      2061970 
maxlocks     unlimited
maxsignal    2061970 
maxmessage   819200 
maxnice      0 
maxrtprio    0 
maxrttime    unlimited

               total        used        free      shared  buff/cache   available
Mem:           503Gi        49Gi       398Gi        13Gi        55Gi       437Gi
Swap:             0B          0B          0B

########################################
program versions used
7.3.2 (freesurfer-linux-ubuntu22_x86_64-7.3.2-20220804-6354275)
7.3.2

ProgramName: lta_convert  ProgramArguments: lta_convert -all-info  ProgramVersion: 7.3.2  TimeStamp: 2026/03/12-10:13:43-GMT  BuildTime: Aug  4 2022 06:17:15  BuildStamp: freesurfer-linux-ubuntu22_x86_64-7.3.2-20220804-6354275  User: oesteban  Machine: dna017  Platform: Linux  PlatformVersion: 5.14.0-427.37.1.el9_4.x86_64  CompilerName: GCC  CompilerVersion: 8.4.0
ProgramName: mri_and  ProgramArguments: mri_and -all-info  ProgramVersion: 7.3.2  TimeStamp: 2026/03/12-10:13:43-GMT  BuildTime: Aug  4 2022 06:17:15  BuildStamp: freesurfer-linux-ubuntu22_x86_64-7.3.2-20220804-6354275  User: oesteban  Machine: dna017  Platform: Linux  PlatformVersion: 5.14.0-427.37.1.el9_4.x86_64  CompilerName: GCC  CompilerVersion: 8.4.0
ProgramName: mri_annotation2label  ProgramArguments: mri_annotation2label -all-info  ProgramVersion: 7.3.2  TimeStamp: 2026/03/12-10:13:43-GMT  BuildTime: Aug  4 2022 06:17:15  BuildStamp: freesurfer-linux-ubuntu22_x86_64-7.3.2-20220804-6354275  User: oesteban  Machine: dna017  Platform: Linux  PlatformVersion: 5.14.0-427.37.1.el9_4.x86_64  CompilerName: GCC  CompilerVersion: 8.4.0
ProgramName: mri_aparc2aseg  ProgramArguments: mri_aparc2aseg -all-info  ProgramVersion: 7.3.2  TimeStamp: 2026/03/12-10:13:43-GMT  BuildTime: Aug  4 2022 06:17:15  BuildStamp: freesurfer-linux-ubuntu22_x86_64-7.3.2-20220804-6354275  User: oesteban  Machine: dna017  Platform: Linux  PlatformVersion: 5.14.0-427.37.1.el9_4.x86_64  CompilerName: GCC  CompilerVersion: 8.4.0
ProgramName: mri_surf2volseg  ProgramArguments: mri_surf2volseg -all-info  ProgramVersion: 7.3.2  TimeStamp: 2026/03/12-10:13:43-GMT  BuildTime: Aug  4 2022 06:17:15  BuildStamp: freesurfer-linux-ubuntu22_x86_64-7.3.2-20220804-6354275  User: oesteban  Machine: dna017  Platform: Linux  PlatformVersion: 5.14.0-427.37.1.el9_4.x86_64  CompilerName: GCC  CompilerVersion: 8.4.0
ProgramName: mri_binarize  ProgramArguments: mri_binarize -all-info  ProgramVersion: 7.3.2  TimeStamp: 2026/03/12-10:13:43-GMT  BuildTime: Aug  4 2022 06:17:15  BuildStamp: freesurfer-linux-ubuntu22_x86_64-7.3.2-20220804-6354275  User: oesteban  Machine: dna017  Platform: Linux  PlatformVersion: 5.14.0-427.37.1.el9_4.x86_64  CompilerName: GCC  CompilerVersion: 8.4.0
ProgramName: mri_ca_label  ProgramArguments: mri_ca_label -all-info  ProgramVersion: 7.3.2  TimeStamp: 2026/03/12-10:13:43-GMT  BuildTime: Aug  4 2022 06:17:15  BuildStamp: freesurfer-linux-ubuntu22_x86_64-7.3.2-20220804-6354275  User: oesteban  Machine: dna017  Platform: Linux  PlatformVersion: 5.14.0-427.37.1.el9_4.x86_64  CompilerName: GCC  CompilerVersion: 8.4.0
ProgramName: mri_ca_normalize  ProgramArguments: mri_ca_normalize -all-info  ProgramVersion: 7.3.2  TimeStamp: 2026/03/12-10:13:43-GMT  BuildTime: Aug  4 2022 06:17:15  BuildStamp: freesurfer-linux-ubuntu22_x86_64-7.3.2-20220804-6354275  User: oesteban  Machine: dna017  Platform: Linux  PlatformVersion: 5.14.0-427.37.1.el9_4.x86_64  CompilerName: GCC  CompilerVersion: 8.4.0
ProgramName: mri_ca_register  ProgramArguments: mri_ca_register -all-info  ProgramVersion: 7.3.2  TimeStamp: 2026/03/12-10:13:43-GMT  BuildTime: Aug  4 2022 06:17:15  BuildStamp: freesurfer-linux-ubuntu22_x86_64-7.3.2-20220804-6354275  User: oesteban  Machine: dna017  Platform: Linux  PlatformVersion: 5.14.0-427.37.1.el9_4.x86_64  CompilerName: GCC  CompilerVersion: 8.4.0
ProgramName: mri_cc  ProgramArguments: mri_cc -all-info  ProgramVersion: 7.3.2  TimeStamp: 2026/03/12-10:13:43-GMT  BuildTime: Aug  4 2022 06:17:15  BuildStamp: freesurfer-linux-ubuntu22_x86_64-7.3.2-20220804-6354275  User: oesteban  Machine: dna017  Platform: Linux  PlatformVersion: 5.14.0-427.37.1.el9_4.x86_64  CompilerName: GCC  CompilerVersion: 8.4.0
ProgramName: mri_compute_overlap  ProgramArguments: mri_compute_overlap -all-info  ProgramVersion: 7.3.2  TimeStamp: 2026/03/12-10:13:43-GMT  BuildTime: Aug  4 2022 06:17:15  BuildStamp: freesurfer-linux-ubuntu22_x86_64-7.3.2-20220804-6354275  User: oesteban  Machine: dna017  Platform: Linux  PlatformVersion: 5.14.0-427.37.1.el9_4.x86_64  CompilerName: GCC  CompilerVersion: 8.4.0
ProgramName: mri_compute_seg_overlap  ProgramArguments: mri_compute_seg_overlap -all-info  ProgramVersion: 7.3.2  TimeStamp: 2026/03/12-10:13:43-GMT  BuildTime: Aug  4 2022 06:17:15  BuildStamp: freesurfer-linux-ubuntu22_x86_64-7.3.2-20220804-6354275  User: oesteban  Machine: dna017  Platform: Linux  PlatformVersion: 5.14.0-427.37.1.el9_4.x86_64  CompilerName: GCC  CompilerVersion: 8.4.0
ProgramName: mri_concat  ProgramArguments: mri_concat -all-info  ProgramVersion: 7.3.2  TimeStamp: 2026/03/12-10:13:43-GMT  BuildTime: Aug  4 2022 06:17:15  BuildStamp: freesurfer-linux-ubuntu22_x86_64-7.3.2-20220804-6354275  User: oesteban  Machine: dna017  Platform: Linux  PlatformVersion: 5.14.0-427.37.1.el9_4.x86_64  CompilerName: GCC  CompilerVersion: 8.4.0
ProgramName: mri_concatenate_lta  ProgramArguments: mri_concatenate_lta -all-info  ProgramVersion: 7.3.2  TimeStamp: 2026/03/12-10:13:43-GMT  BuildTime: Aug  4 2022 06:17:15  BuildStamp: freesurfer-linux-ubuntu22_x86_64-7.3.2-20220804-6354275  User: oesteban  Machine: dna017  Platform: Linux  PlatformVersion: 5.14.0-427.37.1.el9_4.x86_64  CompilerName: GCC  CompilerVersion: 8.4.0
mri_convert -all-info 
ProgramName: mri_convert  ProgramArguments: mri_convert -all-info  ProgramVersion: 7.3.2  TimeStamp: 2026/03/12-10:13:43-GMT  BuildTime: Aug  4 2022 06:17:15  BuildStamp: freesurfer-linux-ubuntu22_x86_64-7.3.2-20220804-6354275  User: oesteban  Machine: dna017  Platform: Linux  PlatformVersion: 5.14.0-427.37.1.el9_4.x86_64  CompilerName: GCC  CompilerVersion: 8.4.0
ProgramName: mri_diff  ProgramArguments: mri_diff -all-info  ProgramVersion: 7.3.2  TimeStamp: 2026/03/12-10:13:43-GMT  BuildTime: Aug  4 2022 06:17:15  BuildStamp: freesurfer-linux-ubuntu22_x86_64-7.3.2-20220804-6354275  User: oesteban  Machine: dna017  Platform: Linux  PlatformVersion: 5.14.0-427.37.1.el9_4.x86_64  CompilerName: GCC  CompilerVersion: 8.4.0
ProgramName: mri_edit_wm_with_aseg  ProgramArguments: mri_edit_wm_with_aseg -all-info  ProgramVersion: 7.3.2  TimeStamp: 2026/03/12-10:13:43-GMT  BuildTime: Aug  4 2022 06:17:15  BuildStamp: freesurfer-linux-ubuntu22_x86_64-7.3.2-20220804-6354275  User: oesteban  Machine: dna017  Platform: Linux  PlatformVersion: 5.14.0-427.37.1.el9_4.x86_64  CompilerName: GCC  CompilerVersion: 8.4.0
ProgramName: mri_em_register  ProgramArguments: mri_em_register -all-info  ProgramVersion: 7.3.2  TimeStamp: 2026/03/12-10:13:43-GMT  BuildTime: Aug  4 2022 06:17:15  BuildStamp: freesurfer-linux-ubuntu22_x86_64-7.3.2-20220804-6354275  User: oesteban  Machine: dna017  Platform: Linux  PlatformVersion: 5.14.0-427.37.1.el9_4.x86_64  CompilerName: GCC  CompilerVersion: 8.4.0
ProgramName: mri_fill  ProgramArguments: mri_fill -all-info  ProgramVersion: 7.3.2  TimeStamp: 2026/03/12-10:13:43-GMT  BuildTime: Aug  4 2022 06:17:15  BuildStamp: freesurfer-linux-ubuntu22_x86_64-7.3.2-20220804-6354275  User: oesteban  Machine: dna017  Platform: Linux  PlatformVersion: 5.14.0-427.37.1.el9_4.x86_64  CompilerName: GCC  CompilerVersion: 8.4.0
ProgramName: mri_fuse_segmentations  ProgramArguments: mri_fuse_segmentations -all-info  ProgramVersion: 7.3.2  TimeStamp: 2026/03/12-10:13:43-GMT  BuildTime: Aug  4 2022 06:17:15  BuildStamp: freesurfer-linux-ubuntu22_x86_64-7.3.2-20220804-6354275  User: oesteban  Machine: dna017  Platform: Linux  PlatformVersion: 5.14.0-427.37.1.el9_4.x86_64  CompilerName: GCC  CompilerVersion: 8.4.0
ProgramName: mri_fwhm  ProgramArguments: mri_fwhm -all-info  ProgramVersion: 7.3.2  TimeStamp: 2026/03/12-10:13:43-GMT  BuildTime: Aug  4 2022 06:17:15  BuildStamp: freesurfer-linux-ubuntu22_x86_64-7.3.2-20220804-6354275  User: oesteban  Machine: dna017  Platform: Linux  PlatformVersion: 5.14.0-427.37.1.el9_4.x86_64  CompilerName: GCC  CompilerVersion: 8.4.0
ProgramName: mri_gcut  ProgramArguments: mri_gcut -all-info  ProgramVersion: 7.3.2  TimeStamp: 2026/03/12-10:13:43-GMT  BuildTime: Aug  4 2022 06:17:15  BuildStamp: freesurfer-linux-ubuntu22_x86_64-7.3.2-20220804-6354275  User: oesteban  Machine: dna017  Platform: Linux  PlatformVersion: 5.14.0-427.37.1.el9_4.x86_64  CompilerName: GCC  CompilerVersion: 8.4.0
ProgramName: mri_info  ProgramArguments: mri_info -all-info  ProgramVersion: 7.3.2  TimeStamp: 2026/03/12-10:13:43-GMT  BuildTime: Aug  4 2022 06:17:15  BuildStamp: freesurfer-linux-ubuntu22_x86_64-7.3.2-20220804-6354275  User: oesteban  Machine: dna017  Platform: Linux  PlatformVersion: 5.14.0-427.37.1.el9_4.x86_64  CompilerName: GCC  CompilerVersion: 8.4.0
ProgramName: mri_label2label  ProgramArguments: mri_label2label -all-info  ProgramVersion: 7.3.2  TimeStamp: 2026/03/12-10:13:43-GMT  BuildTime: Aug  4 2022 06:17:15  BuildStamp: freesurfer-linux-ubuntu22_x86_64-7.3.2-20220804-6354275  User: oesteban  Machine: dna017  Platform: Linux  PlatformVersion: 5.14.0-427.37.1.el9_4.x86_64  CompilerName: GCC  CompilerVersion: 8.4.0
ProgramName: mri_label2vol  ProgramArguments: mri_label2vol -all-info  ProgramVersion: 7.3.2  TimeStamp: 2026/03/12-10:13:43-GMT  BuildTime: Aug  4 2022 06:17:15  BuildStamp: freesurfer-linux-ubuntu22_x86_64-7.3.2-20220804-6354275  User: oesteban  Machine: dna017  Platform: Linux  PlatformVersion: 5.14.0-427.37.1.el9_4.x86_64  CompilerName: GCC  CompilerVersion: 8.4.0
ProgramName: mri_log_likelihood  ProgramArguments: mri_log_likelihood -all-info  ProgramVersion: 7.3.2  TimeStamp: 2026/03/12-10:13:43-GMT  BuildTime: Aug  4 2022 06:17:15  BuildStamp: freesurfer-linux-ubuntu22_x86_64-7.3.2-20220804-6354275  User: oesteban  Machine: dna017  Platform: Linux  PlatformVersion: 5.14.0-427.37.1.el9_4.x86_64  CompilerName: GCC  CompilerVersion: 8.4.0
ProgramName: mri_mask  ProgramArguments: mri_mask -all-info  ProgramVersion: 7.3.2  TimeStamp: 2026/03/12-10:13:43-GMT  BuildTime: Aug  4 2022 06:17:15  BuildStamp: freesurfer-linux-ubuntu22_x86_64-7.3.2-20220804-6354275  User: oesteban  Machine: dna017  Platform: Linux  PlatformVersion: 5.14.0-427.37.1.el9_4.x86_64  CompilerName: GCC  CompilerVersion: 8.4.0
ProgramName: mri_matrix_multiply  ProgramArguments: mri_matrix_multiply -all-info  ProgramVersion: 7.3.2  TimeStamp: 2026/03/12-10:13:43-GMT  BuildTime: Aug  4 2022 06:17:15  BuildStamp: freesurfer-linux-ubuntu22_x86_64-7.3.2-20220804-6354275  User: oesteban  Machine: dna017  Platform: Linux  PlatformVersion: 5.14.0-427.37.1.el9_4.x86_64  CompilerName: GCC  CompilerVersion: 8.4.0
ProgramName: mri_normalize  ProgramArguments: mri_normalize -all-info  ProgramVersion: 7.3.2  TimeStamp: 2026/03/12-10:13:43-GMT  BuildTime: Aug  4 2022 06:17:15  BuildStamp: freesurfer-linux-ubuntu22_x86_64-7.3.2-20220804-6354275  User: oesteban  Machine: dna017  Platform: Linux  PlatformVersion: 5.14.0-427.37.1.el9_4.x86_64  CompilerName: GCC  CompilerVersion: 8.4.0
ProgramName: mri_normalize_tp2  ProgramArguments: mri_normalize_tp2 -all-info  ProgramVersion: 7.3.2  TimeStamp: 2026/03/12-10:13:43-GMT  BuildTime: Aug  4 2022 06:17:15  BuildStamp: freesurfer-linux-ubuntu22_x86_64-7.3.2-20220804-6354275  User: oesteban  Machine: dna017  Platform: Linux  PlatformVersion: 5.14.0-427.37.1.el9_4.x86_64  CompilerName: GCC  CompilerVersion: 8.4.0
ProgramName: mri_or  ProgramArguments: mri_or -all-info  ProgramVersion: 7.3.2  TimeStamp: 2026/03/12-10:13:43-GMT  BuildTime: Aug  4 2022 06:17:15  BuildStamp: freesurfer-linux-ubuntu22_x86_64-7.3.2-20220804-6354275  User: oesteban  Machine: dna017  Platform: Linux  PlatformVersion: 5.14.0-427.37.1.el9_4.x86_64  CompilerName: GCC  CompilerVersion: 8.4.0
ProgramName: mri_relabel_hypointensities  ProgramArguments: mri_relabel_hypointensities -all-info  ProgramVersion: 7.3.2  TimeStamp: 2026/03/12-10:13:43-GMT  BuildTime: Aug  4 2022 06:17:15  BuildStamp: freesurfer-linux-ubuntu22_x86_64-7.3.2-20220804-6354275  User: oesteban  Machine: dna017  Platform: Linux  PlatformVersion: 5.14.0-427.37.1.el9_4.x86_64  CompilerName: GCC  CompilerVersion: 8.4.0
ProgramName: mri_relabel_nonwm_hypos  ProgramArguments: mri_relabel_nonwm_hypos -all-info  ProgramVersion: 7.3.2  TimeStamp: 2026/03/12-10:13:43-GMT  BuildTime: Aug  4 2022 06:17:15  BuildStamp: freesurfer-linux-ubuntu22_x86_64-7.3.2-20220804-6354275  User: oesteban  Machine: dna017  Platform: Linux  PlatformVersion: 5.14.0-427.37.1.el9_4.x86_64  CompilerName: GCC  CompilerVersion: 8.4.0
ProgramName: mri_remove_neck  ProgramArguments: mri_remove_neck -all-info  ProgramVersion: 7.3.2  TimeStamp: 2026/03/12-10:13:43-GMT  BuildTime: Aug  4 2022 06:17:15  BuildStamp: freesurfer-linux-ubuntu22_x86_64-7.3.2-20220804-6354275  User: oesteban  Machine: dna017  Platform: Linux  PlatformVersion: 5.14.0-427.37.1.el9_4.x86_64  CompilerName: GCC  CompilerVersion: 8.4.0
7.3.2

ProgramName: mri_robust_register  ProgramArguments: mri_robust_register -all-info  ProgramVersion: 7.3.2  TimeStamp: 2026/03/12-10:13:43-GMT  BuildTime: Aug  4 2022 06:17:15  BuildStamp: freesurfer-linux-ubuntu22_x86_64-7.3.2-20220804-6354275  User: oesteban  Machine: dna017  Platform: Linux  PlatformVersion: 5.14.0-427.37.1.el9_4.x86_64  CompilerName: GCC  CompilerVersion: 8.4.0
7.3.2

ProgramName: mri_robust_template  ProgramArguments: mri_robust_template -all-info  ProgramVersion: 7.3.2  TimeStamp: 2026/03/12-10:13:43-GMT  BuildTime: Aug  4 2022 06:17:15  BuildStamp: freesurfer-linux-ubuntu22_x86_64-7.3.2-20220804-6354275  User: oesteban  Machine: dna017  Platform: Linux  PlatformVersion: 5.14.0-427.37.1.el9_4.x86_64  CompilerName: GCC  CompilerVersion: 8.4.0
ProgramName: mris_anatomical_stats  ProgramArguments: mris_anatomical_stats -all-info  ProgramVersion: 7.3.2  TimeStamp: 2026/03/12-10:13:43-GMT  BuildTime: Aug  4 2022 06:17:15  BuildStamp: freesurfer-linux-ubuntu22_x86_64-7.3.2-20220804-6354275  User: oesteban  Machine: dna017  Platform: Linux  PlatformVersion: 5.14.0-427.37.1.el9_4.x86_64  CompilerName: GCC  CompilerVersion: 8.4.0
ProgramName: mris_ca_label  ProgramArguments: mris_ca_label -all-info  ProgramVersion: 7.3.2  TimeStamp: 2026/03/12-10:13:43-GMT  BuildTime: Aug  4 2022 06:17:15  BuildStamp: freesurfer-linux-ubuntu22_x86_64-7.3.2-20220804-6354275  User: oesteban  Machine: dna017  Platform: Linux  PlatformVersion: 5.14.0-427.37.1.el9_4.x86_64  CompilerName: GCC  CompilerVersion: 8.4.0
ProgramName: mris_calc  ProgramArguments: mris_calc -all-info  ProgramVersion: 7.3.2  TimeStamp: 2026/03/12-10:13:43-GMT  BuildTime: Aug  4 2022 06:17:15  BuildStamp: freesurfer-linux-ubuntu22_x86_64-7.3.2-20220804-6354275  User: oesteban  Machine: dna017  Platform: Linux  PlatformVersion: 5.14.0-427.37.1.el9_4.x86_64  CompilerName: GCC  CompilerVersion: 8.4.0
ProgramName: mris_convert  ProgramArguments: mris_convert -all-info  ProgramVersion: 7.3.2  TimeStamp: 2026/03/12-10:13:43-GMT  BuildTime: Aug  4 2022 06:17:15  BuildStamp: freesurfer-linux-ubuntu22_x86_64-7.3.2-20220804-6354275  User: oesteban  Machine: dna017  Platform: Linux  PlatformVersion: 5.14.0-427.37.1.el9_4.x86_64  CompilerName: GCC  CompilerVersion: 8.4.0
ProgramName: mris_curvature  ProgramArguments: mris_curvature -all-info  ProgramVersion: 7.3.2  TimeStamp: 2026/03/12-10:13:43-GMT  BuildTime: Aug  4 2022 06:17:15  BuildStamp: freesurfer-linux-ubuntu22_x86_64-7.3.2-20220804-6354275  User: oesteban  Machine: dna017  Platform: Linux  PlatformVersion: 5.14.0-427.37.1.el9_4.x86_64  CompilerName: GCC  CompilerVersion: 8.4.0
ProgramName: mris_curvature_stats  ProgramArguments: mris_curvature_stats -all-info  ProgramVersion: 7.3.2  TimeStamp: 2026/03/12-10:13:43-GMT  BuildTime: Aug  4 2022 06:17:15  BuildStamp: freesurfer-linux-ubuntu22_x86_64-7.3.2-20220804-6354275  User: oesteban  Machine: dna017  Platform: Linux  PlatformVersion: 5.14.0-427.37.1.el9_4.x86_64  CompilerName: GCC  CompilerVersion: 8.4.0
ProgramName: mris_diff  ProgramArguments: mris_diff -all-info  ProgramVersion: 7.3.2  TimeStamp: 2026/03/12-10:13:43-GMT  BuildTime: Aug  4 2022 06:17:15  BuildStamp: freesurfer-linux-ubuntu22_x86_64-7.3.2-20220804-6354275  User: oesteban  Machine: dna017  Platform: Linux  PlatformVersion: 5.14.0-427.37.1.el9_4.x86_64  CompilerName: GCC  CompilerVersion: 8.4.0
ProgramName: mris_divide_parcellation  ProgramArguments: mris_divide_parcellation -all-info  ProgramVersion: 7.3.2  TimeStamp: 2026/03/12-10:13:43-GMT  BuildTime: Aug  4 2022 06:17:15  BuildStamp: freesurfer-linux-ubuntu22_x86_64-7.3.2-20220804-6354275  User: oesteban  Machine: dna017  Platform: Linux  PlatformVersion: 5.14.0-427.37.1.el9_4.x86_64  CompilerName: GCC  CompilerVersion: 8.4.0
ProgramName: mri_segment  ProgramArguments: mri_segment -all-info  ProgramVersion: 7.3.2  TimeStamp: 2026/03/12-10:13:43-GMT  BuildTime: Aug  4 2022 06:17:15  BuildStamp: freesurfer-linux-ubuntu22_x86_64-7.3.2-20220804-6354275  User: oesteban  Machine: dna017  Platform: Linux  PlatformVersion: 5.14.0-427.37.1.el9_4.x86_64  CompilerName: GCC  CompilerVersion: 8.4.0
ProgramName: mri_segstats  ProgramArguments: mri_segstats -all-info  ProgramVersion: 7.3.2  TimeStamp: 2026/03/12-10:13:43-GMT  BuildTime: Aug  4 2022 06:17:15  BuildStamp: freesurfer-linux-ubuntu22_x86_64-7.3.2-20220804-6354275  User: oesteban  Machine: dna017  Platform: Linux  PlatformVersion: 5.14.0-427.37.1.el9_4.x86_64  CompilerName: GCC  CompilerVersion: 8.4.0
ProgramName: mris_euler_number  ProgramArguments: mris_euler_number -all-info  ProgramVersion: 7.3.2  TimeStamp: 2026/03/12-10:13:43-GMT  BuildTime: Aug  4 2022 06:17:15  BuildStamp: freesurfer-linux-ubuntu22_x86_64-7.3.2-20220804-6354275  User: oesteban  Machine: dna017  Platform: Linux  PlatformVersion: 5.14.0-427.37.1.el9_4.x86_64  CompilerName: GCC  CompilerVersion: 8.4.0
ProgramName: mris_fix_topology  ProgramArguments: mris_fix_topology -all-info  ProgramVersion: 7.3.2  TimeStamp: 2026/03/12-10:13:43-GMT  BuildTime: Aug  4 2022 06:17:15  BuildStamp: freesurfer-linux-ubuntu22_x86_64-7.3.2-20220804-6354275  User: oesteban  Machine: dna017  Platform: Linux  PlatformVersion: 5.14.0-427.37.1.el9_4.x86_64  CompilerName: GCC  CompilerVersion: 8.4.0
ProgramName: mris_topo_fixer  ProgramArguments: mris_topo_fixer -all-info  ProgramVersion: 7.3.2  TimeStamp: 2026/03/12-10:13:43-GMT  BuildTime: Aug  4 2022 06:17:15  BuildStamp: freesurfer-linux-ubuntu22_x86_64-7.3.2-20220804-6354275  User: oesteban  Machine: dna017  Platform: Linux  PlatformVersion: 5.14.0-427.37.1.el9_4.x86_64  CompilerName: GCC  CompilerVersion: 8.4.0
ProgramName: mris_jacobian  ProgramArguments: mris_jacobian -all-info  ProgramVersion: 7.3.2  TimeStamp: 2026/03/12-10:13:43-GMT  BuildTime: Aug  4 2022 06:17:15  BuildStamp: freesurfer-linux-ubuntu22_x86_64-7.3.2-20220804-6354275  User: oesteban  Machine: dna017  Platform: Linux  PlatformVersion: 5.14.0-427.37.1.el9_4.x86_64  CompilerName: GCC  CompilerVersion: 8.4.0
ProgramName: mris_label2annot  ProgramArguments: mris_label2annot -all-info  ProgramVersion: 7.3.2  TimeStamp: 2026/03/12-10:13:43-GMT  BuildTime: Aug  4 2022 06:17:15  BuildStamp: freesurfer-linux-ubuntu22_x86_64-7.3.2-20220804-6354275  User: oesteban  Machine: dna017  Platform: Linux  PlatformVersion: 5.14.0-427.37.1.el9_4.x86_64  CompilerName: GCC  CompilerVersion: 8.4.0
ProgramName: mris_left_right_register  ProgramArguments: mris_left_right_register -all-info  ProgramVersion: 7.3.2  TimeStamp: 2026/03/12-10:13:43-GMT  BuildTime: Aug  4 2022 06:17:15  BuildStamp: freesurfer-linux-ubuntu22_x86_64-7.3.2-20220804-6354275  User: oesteban  Machine: dna017  Platform: Linux  PlatformVersion: 5.14.0-427.37.1.el9_4.x86_64  CompilerName: GCC  CompilerVersion: 8.4.0
ProgramName: mris_place_surface  ProgramArguments: mris_place_surface -all-info  ProgramVersion: 7.3.2  TimeStamp: 2026/03/12-10:13:43-GMT  BuildTime: Aug  4 2022 06:17:15  BuildStamp: freesurfer-linux-ubuntu22_x86_64-7.3.2-20220804-6354275  User: oesteban  Machine: dna017  Platform: Linux  PlatformVersion: 5.14.0-427.37.1.el9_4.x86_64  CompilerName: GCC  CompilerVersion: 8.4.0
ProgramName: mrisp_paint  ProgramArguments: mrisp_paint -all-info  ProgramVersion: 7.3.2  TimeStamp: 2026/03/12-10:13:43-GMT  BuildTime: Aug  4 2022 06:17:15  BuildStamp: freesurfer-linux-ubuntu22_x86_64-7.3.2-20220804-6354275  User: oesteban  Machine: dna017  Platform: Linux  PlatformVersion: 5.14.0-427.37.1.el9_4.x86_64  CompilerName: GCC  CompilerVersion: 8.4.0
ProgramName: mris_register  ProgramArguments: mris_register -all-info  ProgramVersion: 7.3.2  TimeStamp: 2026/03/12-10:13:43-GMT  BuildTime: Aug  4 2022 06:17:15  BuildStamp: freesurfer-linux-ubuntu22_x86_64-7.3.2-20220804-6354275  User: oesteban  Machine: dna017  Platform: Linux  PlatformVersion: 5.14.0-427.37.1.el9_4.x86_64  CompilerName: GCC  CompilerVersion: 8.4.0
ProgramName: mris_smooth  ProgramArguments: mris_smooth -all-info  ProgramVersion: 7.3.2  TimeStamp: 2026/03/12-10:13:43-GMT  BuildTime: Aug  4 2022 06:17:15  BuildStamp: freesurfer-linux-ubuntu22_x86_64-7.3.2-20220804-6354275  User: oesteban  Machine: dna017  Platform: Linux  PlatformVersion: 5.14.0-427.37.1.el9_4.x86_64  CompilerName: GCC  CompilerVersion: 8.4.0
ProgramName: mris_sphere  ProgramArguments: mris_sphere -all-info  ProgramVersion: 7.3.2  TimeStamp: 2026/03/12-10:13:43-GMT  BuildTime: Aug  4 2022 06:17:15  BuildStamp: freesurfer-linux-ubuntu22_x86_64-7.3.2-20220804-6354275  User: oesteban  Machine: dna017  Platform: Linux  PlatformVersion: 5.14.0-427.37.1.el9_4.x86_64  CompilerName: GCC  CompilerVersion: 8.4.0
ProgramName: mris_surface_stats  ProgramArguments: mris_surface_stats -all-info  ProgramVersion: 7.3.2  TimeStamp: 2026/03/12-10:13:43-GMT  BuildTime: Aug  4 2022 06:17:15  BuildStamp: freesurfer-linux-ubuntu22_x86_64-7.3.2-20220804-6354275  User: oesteban  Machine: dna017  Platform: Linux  PlatformVersion: 5.14.0-427.37.1.el9_4.x86_64  CompilerName: GCC  CompilerVersion: 8.4.0
ProgramName: mri_stats2seg  ProgramArguments: mri_stats2seg -all-info  ProgramVersion: 7.3.2  TimeStamp: 2026/03/12-10:13:43-GMT  BuildTime: Aug  4 2022 06:17:15  BuildStamp: freesurfer-linux-ubuntu22_x86_64-7.3.2-20220804-6354275  User: oesteban  Machine: dna017  Platform: Linux  PlatformVersion: 5.14.0-427.37.1.el9_4.x86_64  CompilerName: GCC  CompilerVersion: 8.4.0
ProgramName: mris_thickness  ProgramArguments: mris_thickness -all-info  ProgramVersion: 7.3.2  TimeStamp: 2026/03/12-10:13:43-GMT  BuildTime: Aug  4 2022 06:17:15  BuildStamp: freesurfer-linux-ubuntu22_x86_64-7.3.2-20220804-6354275  User: oesteban  Machine: dna017  Platform: Linux  PlatformVersion: 5.14.0-427.37.1.el9_4.x86_64  CompilerName: GCC  CompilerVersion: 8.4.0
ProgramName: mris_thickness_diff  ProgramArguments: mris_thickness_diff -all-info  ProgramVersion: 7.3.2  TimeStamp: 2026/03/12-10:13:43-GMT  BuildTime: Aug  4 2022 06:17:15  BuildStamp: freesurfer-linux-ubuntu22_x86_64-7.3.2-20220804-6354275  User: oesteban  Machine: dna017  Platform: Linux  PlatformVersion: 5.14.0-427.37.1.el9_4.x86_64  CompilerName: GCC  CompilerVersion: 8.4.0
ProgramName: mris_topo_fixer  ProgramArguments: mris_topo_fixer -all-info  ProgramVersion: 7.3.2  TimeStamp: 2026/03/12-10:13:43-GMT  BuildTime: Aug  4 2022 06:17:15  BuildStamp: freesurfer-linux-ubuntu22_x86_64-7.3.2-20220804-6354275  User: oesteban  Machine: dna017  Platform: Linux  PlatformVersion: 5.14.0-427.37.1.el9_4.x86_64  CompilerName: GCC  CompilerVersion: 8.4.0
ProgramName: mri_surf2surf  ProgramArguments: mri_surf2surf -all-info  ProgramVersion: 7.3.2  TimeStamp: 2026/03/12-10:13:43-GMT  BuildTime: Aug  4 2022 06:17:15  BuildStamp: freesurfer-linux-ubuntu22_x86_64-7.3.2-20220804-6354275  User: oesteban  Machine: dna017  Platform: Linux  PlatformVersion: 5.14.0-427.37.1.el9_4.x86_64  CompilerName: GCC  CompilerVersion: 8.4.0
ProgramName: mri_surf2vol  ProgramArguments: mri_surf2vol -all-info  ProgramVersion: 7.3.2  TimeStamp: 2026/03/12-10:13:43-GMT  BuildTime: Aug  4 2022 06:17:15  BuildStamp: freesurfer-linux-ubuntu22_x86_64-7.3.2-20220804-6354275  User: oesteban  Machine: dna017  Platform: Linux  PlatformVersion: 5.14.0-427.37.1.el9_4.x86_64  CompilerName: GCC  CompilerVersion: 8.4.0
ProgramName: mri_surfcluster  ProgramArguments: mri_surfcluster -all-info  ProgramVersion: 7.3.2  TimeStamp: 2026/03/12-10:13:43-GMT  BuildTime: Aug  4 2022 06:17:15  BuildStamp: freesurfer-linux-ubuntu22_x86_64-7.3.2-20220804-6354275  User: oesteban  Machine: dna017  Platform: Linux  PlatformVersion: 5.14.0-427.37.1.el9_4.x86_64  CompilerName: GCC  CompilerVersion: 8.4.0
ProgramName: mris_volmask  ProgramArguments: mris_volmask -all-info  ProgramVersion: 7.3.2  TimeStamp: 2026/03/12-10:13:43-GMT  BuildTime: Aug  4 2022 06:17:15  BuildStamp: freesurfer-linux-ubuntu22_x86_64-7.3.2-20220804-6354275  User: oesteban  Machine: dna017  Platform: Linux  PlatformVersion: 5.14.0-427.37.1.el9_4.x86_64  CompilerName: GCC  CompilerVersion: 8.4.0
ProgramName: mri_tessellate  ProgramArguments: mri_tessellate -all-info  ProgramVersion: 7.3.2  TimeStamp: 2026/03/12-10:13:43-GMT  BuildTime: Aug  4 2022 06:17:15  BuildStamp: freesurfer-linux-ubuntu22_x86_64-7.3.2-20220804-6354275  User: oesteban  Machine: dna017  Platform: Linux  PlatformVersion: 5.14.0-427.37.1.el9_4.x86_64  CompilerName: GCC  CompilerVersion: 8.4.0
ProgramName: mri_vol2surf  ProgramArguments: mri_vol2surf -all-info  ProgramVersion: 7.3.2  TimeStamp: 2026/03/12-10:13:43-GMT  BuildTime: Aug  4 2022 06:17:15  BuildStamp: freesurfer-linux-ubuntu22_x86_64-7.3.2-20220804-6354275  User: oesteban  Machine: dna017  Platform: Linux  PlatformVersion: 5.14.0-427.37.1.el9_4.x86_64  CompilerName: GCC  CompilerVersion: 8.4.0
ProgramName: mri_vol2vol  ProgramArguments: mri_vol2vol -all-info  ProgramVersion: 7.3.2  TimeStamp: 2026/03/12-10:13:43-GMT  BuildTime: Aug  4 2022 06:17:15  BuildStamp: freesurfer-linux-ubuntu22_x86_64-7.3.2-20220804-6354275  User: oesteban  Machine: dna017  Platform: Linux  PlatformVersion: 5.14.0-427.37.1.el9_4.x86_64  CompilerName: GCC  CompilerVersion: 8.4.0
ProgramName: mri_voldiff  ProgramArguments: mri_voldiff -all-info  ProgramVersion: 7.3.2  TimeStamp: 2026/03/12-10:13:43-GMT  BuildTime: Aug  4 2022 06:17:15  BuildStamp: freesurfer-linux-ubuntu22_x86_64-7.3.2-20220804-6354275  User: oesteban  Machine: dna017  Platform: Linux  PlatformVersion: 5.14.0-427.37.1.el9_4.x86_64  CompilerName: GCC  CompilerVersion: 8.4.0
ProgramName: mri_watershed  ProgramArguments: mri_watershed -all-info  ProgramVersion: 7.3.2  TimeStamp: 2026/03/12-10:13:43-GMT  BuildTime: Aug  4 2022 06:17:15  BuildStamp: freesurfer-linux-ubuntu22_x86_64-7.3.2-20220804-6354275  User: oesteban  Machine: dna017  Platform: Linux  PlatformVersion: 5.14.0-427.37.1.el9_4.x86_64  CompilerName: GCC  CompilerVersion: 8.4.0
ProgramName: tkregister2  ProgramArguments: tkregister2_cmdl -all-info  ProgramVersion: 7.3.2  TimeStamp: 2026/03/12-10:13:43-GMT  BuildTime: Aug  4 2022 06:17:15  BuildStamp: freesurfer-linux-ubuntu22_x86_64-7.3.2-20220804-6354275  User: oesteban  Machine: dna017  Platform: Linux  PlatformVersion: 5.14.0-427.37.1.el9_4.x86_64  CompilerName: GCC  CompilerVersion: 8.4.0
mri_motion_correct.fsl 7.3.2
mri_convert -all-info 
ProgramName: mri_convert  ProgramArguments: mri_convert -all-info  ProgramVersion: 7.3.2  TimeStamp: 2026/03/12-10:13:43-GMT  BuildTime: Aug  4 2022 06:17:15  BuildStamp: freesurfer-linux-ubuntu22_x86_64-7.3.2-20220804-6354275  User: oesteban  Machine: dna017  Platform: Linux  PlatformVersion: 5.14.0-427.37.1.el9_4.x86_64  CompilerName: GCC  CompilerVersion: 8.4.0
Program nu_correct, built from:
Package MNI N3, version 1.12.0, compiled by nicks@terrier (x86_64-unknown-linux-gnu) on 2015-06-19 at 01:25:34
#######################################
GCADIR /opt/freesurfer/average
GCA RB_all_2020-01-02.gca
GCASkull RB_all_withskull_2020_01_02.gca
AvgCurvTif folding.atlas.acfb40.noaparc.i12.2016-08-02.tif
GCSDIR /opt/freesurfer/average
GCS DKaparc.atlas.acfb40.noaparc.i12.2016-08-02.gcs
#######################################
#--------------------------------------
#@# CA Normalize Thu Mar 12 11:13:43 CET 2026
/out/sourcedata/freesurfer/sub-v1s11x0050160_ses-1/mri

 mri_ca_normalize -c ctrl_pts.mgz -mask brainmask.mgz nu.mgz /opt/freesurfer/average/RB_all_2020-01-02.gca transforms/talairach.lta norm.mgz 

writing control point volume to ctrl_pts.mgz
using MR volume brainmask.mgz to mask input volume...
reading 1 input volume
reading atlas from '/opt/freesurfer/average/RB_all_2020-01-02.gca'...
reading transform from 'transforms/talairach.lta'...
reading input volume from nu.mgz...
resetting wm mean[0]: 98 --> 107
resetting gm mean[0]: 61 --> 61
input volume #1 is the most T1-like
using real data threshold=30.1
skull bounding box = (61, 50, 33) --> (195, 163, 213)
finding center of left hemi white matter
using (106, 88, 123) as brain centroid of Right_Cerebral_White_Matter...
mean wm in atlas = 107, using box (90,74,101) --> (122, 101,145) to find MRI wm
before smoothing, mri peak at 108
robust fit to distribution - 109 +- 3.6
after smoothing, mri peak at 110, scaling input intensities by 0.973
scaling channel 0 by 0.972727
using 246437 sample points...
INFO: compute sample coordinates transform
 1.06807   0.11520  -0.04130  -20.61270;
-0.08648   1.17752   0.02129  -3.41579;
 0.04324  -0.02043   0.97367  -12.22807;
 0.00000   0.00000   0.00000   1.00000;
INFO: transform used
finding control points in Left_Cerebral_White_Matter....
found 40230 control points for structure...
bounding box (124, 56, 35) --> (193, 157, 208)
Left_Cerebral_White_Matter: limiting intensities to 93.0 --> 130.0
9 of 9722 (0.1%) samples deleted
finding control points in Right_Cerebral_White_Matter....
found 39478 control points for structure...
bounding box (68, 54, 37) --> (135, 154, 209)
Right_Cerebral_White_Matter: limiting intensities to 93.0 --> 130.0
7 of 9277 (0.1%) samples deleted
finding control points in Left_Cerebellum_White_Matter....
found 3105 control points for structure...
bounding box (126, 125, 58) --> (170, 166, 114)
Left_Cerebellum_White_Matter: limiting intensities to 97.0 --> 130.0
2 of 789 (0.3%) samples deleted
finding control points in Right_Cerebellum_White_Matter....
found 2710 control points for structure...
bounding box (83, 124, 58) --> (127, 162, 117)
Right_Cerebellum_White_Matter: limiting intensities to 97.0 --> 130.0
1 of 518 (0.2%) samples deleted
finding control points in Brain_Stem....
found 3475 control points for structure...
bounding box (111, 120, 96) --> (144, 179, 127)
Brain_Stem: limiting intensities to 92.0 --> 130.0
0 of 1306 (0.0%) samples deleted
using 21612 total control points for intensity normalization...
bias field = 0.973 +- 0.078
8 of 21593 control points discarded
finding control points in Left_Cerebral_White_Matter....
found 40230 control points for structure...
bounding box (124, 56, 35) --> (193, 157, 208)
Left_Cerebral_White_Matter: limiting intensities to 91.0 --> 121.0
3 of 9736 (0.0%) samples deleted
finding control points in Right_Cerebral_White_Matter....
found 39478 control points for structure...
bounding box (68, 54, 37) --> (135, 154, 209)
Right_Cerebral_White_Matter: limiting intensities to 90.0 --> 121.0
5 of 9316 (0.1%) samples deleted
finding control points in Left_Cerebellum_White_Matter....
found 3105 control points for structure...
bounding box (126, 125, 58) --> (170, 166, 114)
Left_Cerebellum_White_Matter: limiting intensities to 88.0 --> 121.0
9 of 816 (1.1%) samples deleted
finding control points in Right_Cerebellum_White_Matter....
found 2710 control points for structure...
bounding box (83, 124, 58) --> (127, 162, 117)
Right_Cerebellum_White_Matter: limiting intensities to 88.0 --> 121.0
8 of 528 (1.5%) samples deleted
finding control points in Brain_Stem....
found 3475 control points for structure...
bounding box (111, 120, 96) --> (144, 179, 127)
Brain_Stem: limiting intensities to 88.0 --> 121.0
144 of 1336 (10.8%) samples deleted
using 21732 total control points for intensity normalization...
bias field = 1.007 +- 0.052
19 of 21502 control points discarded
finding control points in Left_Cerebral_White_Matter....
found 40230 control points for structure...
bounding box (124, 56, 35) --> (193, 157, 208)
Left_Cerebral_White_Matter: limiting intensities to 91.0 --> 120.0
4 of 9791 (0.0%) samples deleted
finding control points in Right_Cerebral_White_Matter....
found 39478 control points for structure...
bounding box (68, 54, 37) --> (135, 154, 209)
Right_Cerebral_White_Matter: limiting intensities to 90.0 --> 120.0
6 of 9318 (0.1%) samples deleted
finding control points in Left_Cerebellum_White_Matter....
found 3105 control points for structure...
bounding box (126, 125, 58) --> (170, 166, 114)
Left_Cerebellum_White_Matter: limiting intensities to 88.0 --> 120.0
84 of 827 (10.2%) samples deleted
finding control points in Right_Cerebellum_White_Matter....
found 2710 control points for structure...
bounding box (83, 124, 58) --> (127, 162, 117)
Right_Cerebellum_White_Matter: limiting intensities to 88.0 --> 120.0
119 of 547 (21.8%) samples deleted
finding control points in Brain_Stem....
found 3475 control points for structure...
bounding box (111, 120, 96) --> (144, 179, 127)
Brain_Stem: limiting intensities to 88.0 --> 120.0
425 of 1345 (31.6%) samples deleted
using 21828 total control points for intensity normalization...
bias field = 1.005 +- 0.042
20 of 21036 control points discarded
writing normalized volume to norm.mgz...
writing control points to ctrl_pts.mgz
freeing GCA...done.
normalization took 1 minutes and 22 seconds.
#--------------------------------------
#@# CA Reg Thu Mar 12 11:15:05 CET 2026
/out/sourcedata/freesurfer/sub-v1s11x0050160_ses-1/mri

 mri_ca_register -nobigventricles -T transforms/talairach.lta -align-after -mask brainmask.mgz norm.mgz /opt/freesurfer/average/RB_all_2020-01-02.gca transforms/talairach.m3z 

not handling expanded ventricles...
using previously computed transform transforms/talairach.lta
renormalizing sequences with structure alignment, equivalent to:
	-renormalize
	-regularize_mean 0.500
	-regularize 0.500
using MR volume brainmask.mgz to mask input volume...

== Number of threads available to mri_ca_register for OpenMP = 16 == 
reading 1 input volumes...
logging results to talairach.log
reading input volume 'norm.mgz'...
reading GCA '/opt/freesurfer/average/RB_all_2020-01-02.gca'...
label assignment complete, 0 changed (0.00%)
freeing gibbs priors...done.
average std[0] = 5.0
Starting GCAMregister()
label assignment complete, 0 changed (0.00%)
npasses = 1, nlevels = 6
#pass# 1 of 1 ************************
enabling zero nodes
setting smoothness cost coefficient to 0.156

#GCAMreg# pass 0 level1 5 level2 0 tsec 0 sigma 2
l_jacobian=1.00 l_label=1.00 l_log_likelihood=0.20 l_smoothness=0.16 
tol=2.50e-01, dt=5.00e-02, exp_k=20.0, momentum=0.90, levels=6, niter=500, lbl_dist=10.00, avgs=256, sigma=2.0,type=2, relabel=0, neg=no

blurring input image with Gaussian with sigma=2.000...
GCAMRegisterLevel(): init RMS 0.751994
#FOTS# QuadFit found better minimum quadopt=(dt=219.24,rms=0.692256) vs oldopt=(dt=92.48,rms=0.710431)
#GCMRL#    0 dt 219.239669 rms  0.692  7.944% neg 0  invalid 762 tFOTS 5.4540 tGradient 3.4990 tsec 9.3490
#FOTS# QuadFit found better minimum quadopt=(dt=157.016,rms=0.677782) vs oldopt=(dt=92.48,rms=0.680589)
#GCMRL#    1 dt 157.016077 rms  0.678  2.091% neg 0  invalid 762 tFOTS 5.0340 tGradient 3.1690 tsec 8.6100
#FOTS# QuadFit found better minimum quadopt=(dt=295.936,rms=0.67121) vs oldopt=(dt=369.92,rms=0.67231)
#GCMRL#    2 dt 295.936000 rms  0.671  0.970% neg 0  invalid 762 tFOTS 4.4240 tGradient 2.9760 tsec 7.7500
#FOTS# QuadFit found better minimum quadopt=(dt=129.472,rms=0.666937) vs oldopt=(dt=92.48,rms=0.667209)
#GCMRL#    3 dt 129.472000 rms  0.667  0.637% neg 0  invalid 762 tFOTS 5.4460 tGradient 2.6730 tsec 8.4780
#FOTS# QuadFit found better minimum quadopt=(dt=295.936,rms=0.663814) vs oldopt=(dt=369.92,rms=0.663971)
#GCMRL#    4 dt 295.936000 rms  0.664  0.468% neg 0  invalid 762 tFOTS 5.1270 tGradient 2.9460 tsec 8.4620
#FOTS# QuadFit found better minimum quadopt=(dt=129.472,rms=0.661767) vs oldopt=(dt=92.48,rms=0.661921)
#GCMRL#    5 dt 129.472000 rms  0.662  0.308% neg 0  invalid 762 tFOTS 5.8990 tGradient 3.0050 tsec 9.3570
#FOTS# QuadFit found better minimum quadopt=(dt=295.936,rms=0.660074) vs oldopt=(dt=369.92,rms=0.660163)
#GCMRL#    6 dt 295.936000 rms  0.660  0.256% neg 0  invalid 762 tFOTS 5.2310 tGradient 3.3770 tsec 8.9850
#FOTS# QuadFit found better minimum quadopt=(dt=129.472,rms=0.658623) vs oldopt=(dt=92.48,rms=0.658761)
#GCMRL#    7 dt 129.472000 rms  0.659  0.000% neg 0  invalid 762 tFOTS 5.0410 tGradient 2.8600 tsec 8.3440
#GCMRL#    8 dt 129.472000 rms  0.658  0.121% neg 0  invalid 762 tFOTS 0.0000 tGradient 3.1030 tsec 3.4450
#GCMRL#    9 dt 129.472000 rms  0.657  0.182% neg 0  invalid 762 tFOTS 0.0000 tGradient 2.8630 tsec 3.2210
#GCMRL#   10 dt 129.472000 rms  0.655  0.282% neg 0  invalid 762 tFOTS 0.0000 tGradient 3.0330 tsec 3.4960
#GCMRL#   11 dt 129.472000 rms  0.653  0.272% neg 0  invalid 762 tFOTS 0.0000 tGradient 3.5610 tsec 3.9270
#GCMRL#   12 dt 129.472000 rms  0.651  0.308% neg 0  invalid 762 tFOTS 0.0000 tGradient 3.4020 tsec 3.7480
#GCMRL#   13 dt 129.472000 rms  0.649  0.287% neg 0  invalid 762 tFOTS 0.0000 tGradient 2.9830 tsec 3.3210
#GCMRL#   14 dt 129.472000 rms  0.647  0.251% neg 0  invalid 762 tFOTS 0.0000 tGradient 2.9000 tsec 3.2380
#GCMRL#   15 dt 129.472000 rms  0.646  0.231% neg 0  invalid 762 tFOTS 0.0000 tGradient 3.1540 tsec 3.5470
#GCMRL#   16 dt 129.472000 rms  0.645  0.174% neg 0  invalid 762 tFOTS 0.0000 tGradient 3.0190 tsec 3.3520
#GCMRL#   17 dt 129.472000 rms  0.644  0.154% neg 0  invalid 762 tFOTS 0.0000 tGradient 2.9330 tsec 3.2740
#GCMRL#   18 dt 129.472000 rms  0.643  0.122% neg 0  invalid 762 tFOTS 0.0000 tGradient 3.0260 tsec 3.3690
#GCMRL#   19 dt 129.472000 rms  0.642  0.120% neg 0  invalid 762 tFOTS 0.0000 tGradient 3.6870 tsec 4.0350
#FOTS# QuadFit found better minimum quadopt=(dt=295.936,rms=0.641967) vs oldopt=(dt=369.92,rms=0.641998)
#GCMRL#   20 dt 295.936000 rms  0.642  0.000% neg 0  invalid 762 tFOTS 5.5790 tGradient 3.2070 tsec 9.1520

#GCAMreg# pass 0 level1 5 level2 1 tsec 133.818 sigma 0.5
l_jacobian=1.00 l_label=1.00 l_log_likelihood=0.20 l_smoothness=0.16 
tol=2.50e-01, dt=5.00e-02, exp_k=20.0, momentum=0.90, levels=6, niter=500, lbl_dist=10.00, avgs=256, sigma=0.5,type=2, relabel=0, neg=no

blurring input image with Gaussian with sigma=0.500...
GCAMRegisterLevel(): init RMS 0.642481
#FOTS# QuadFit found better minimum quadopt=(dt=221.952,rms=0.640282) vs oldopt=(dt=369.92,rms=0.640717)
#GCMRL#   22 dt 221.952000 rms  0.640  0.342% neg 0  invalid 762 tFOTS 4.8950 tGradient 3.0960 tsec 8.3490
#FOTS# QuadFit found better minimum quadopt=(dt=129.472,rms=0.639839) vs oldopt=(dt=92.48,rms=0.639903)
#GCMRL#   23 dt 129.472000 rms  0.640  0.000% neg 0  invalid 762 tFOTS 4.4640 tGradient 3.0130 tsec 7.8550
#GCMRL#   24 dt 129.472000 rms  0.640  0.041% neg 0  invalid 762 tFOTS 0.0000 tGradient 2.9460 tsec 3.2710
#GCMRL#   25 dt 129.472000 rms  0.639  0.054% neg 0  invalid 762 tFOTS 0.0000 tGradient 2.9640 tsec 3.2800
#GCMRL#   26 dt 129.472000 rms  0.639  0.089% neg 0  invalid 762 tFOTS 0.0000 tGradient 2.9870 tsec 3.3030
#GCMRL#   27 dt 129.472000 rms  0.638  0.100% neg 0  invalid 762 tFOTS 0.0000 tGradient 2.8520 tsec 3.1730
#GCMRL#   28 dt 129.472000 rms  0.637  0.093% neg 0  invalid 762 tFOTS 0.0000 tGradient 2.9760 tsec 3.2920
#GCMRL#   29 dt 129.472000 rms  0.637  0.083% neg 0  invalid 762 tFOTS 0.0000 tGradient 2.9590 tsec 3.3040
#FOTS# QuadFit found better minimum quadopt=(dt=517.888,rms=0.636783) vs oldopt=(dt=369.92,rms=0.636797)
setting smoothness cost coefficient to 0.615

#GCAMreg# pass 0 level1 4 level2 0 tsec 0 sigma 2
l_jacobian=1.00 l_label=1.00 l_log_likelihood=0.20 l_smoothness=0.62 
tol=2.50e-01, dt=5.00e-02, exp_k=20.0, momentum=0.90, levels=6, niter=500, lbl_dist=10.00, avgs=64, sigma=2.0,type=2, relabel=0, neg=no

blurring input image with Gaussian with sigma=2.000...
GCAMRegisterLevel(): init RMS 0.646794
#FOTS# QuadFit found better minimum quadopt=(dt=77.6063,rms=0.642993) vs oldopt=(dt=103.68,rms=0.643343)
#GCMRL#   31 dt  77.606299 rms  0.643  0.588% neg 0  invalid 762 tFOTS 4.4530 tGradient 2.3410 tsec 7.1320
#FOTS# QuadFit found better minimum quadopt=(dt=331.776,rms=0.631734) vs oldopt=(dt=414.72,rms=0.632215)
#GCMRL#   32 dt 331.776000 rms  0.632  1.751% neg 0  invalid 762 tFOTS 4.2640 tGradient 2.3960 tsec 7.0000
#FOTS# QuadFit found better minimum quadopt=(dt=36.288,rms=0.630635) vs oldopt=(dt=25.92,rms=0.630759)
#GCMRL#   33 dt  36.288000 rms  0.631  0.000% neg 0  invalid 762 tFOTS 4.3620 tGradient 2.3160 tsec 7.0390
#GCMRL#   34 dt  36.288000 rms  0.630  0.066% neg 0  invalid 762 tFOTS 0.0000 tGradient 2.1960 tsec 2.5050
#GCMRL#   35 dt  36.288000 rms  0.630  0.077% neg 0  invalid 762 tFOTS 0.0000 tGradient 2.1880 tsec 2.5050
#GCMRL#   36 dt  36.288000 rms  0.629  0.139% neg 0  invalid 762 tFOTS 0.0000 tGradient 2.3430 tsec 2.6590
#GCMRL#   37 dt  36.288000 rms  0.627  0.237% neg 0  invalid 762 tFOTS 0.0000 tGradient 2.1990 tsec 2.5140
#GCMRL#   38 dt  36.288000 rms  0.625  0.301% neg 0  invalid 762 tFOTS 0.0000 tGradient 2.3270 tsec 2.6610
#GCMRL#   39 dt  36.288000 rms  0.624  0.287% neg 0  invalid 762 tFOTS 0.0000 tGradient 2.3580 tsec 2.6820
#GCMRL#   40 dt  36.288000 rms  0.622  0.215% neg 0  invalid 762 tFOTS 0.0000 tGradient 2.4440 tsec 2.7580
#GCMRL#   41 dt  36.288000 rms  0.622  0.131% neg 0  invalid 762 tFOTS 0.0000 tGradient 2.2450 tsec 2.5800
#GCMRL#   42 dt  36.288000 rms  0.621  0.061% neg 0  invalid 762 tFOTS 0.0000 tGradient 2.2720 tsec 2.5870
#GCMRL#   43 dt  36.288000 rms  0.621  0.058% neg 0  invalid 762 tFOTS 0.0000 tGradient 2.3110 tsec 2.6800
#FOTS# QuadFit found better minimum quadopt=(dt=331.776,rms=0.618331) vs oldopt=(dt=414.72,rms=0.618625)
#GCMRL#   44 dt 331.776000 rms  0.618  0.395% neg 0  invalid 762 tFOTS 4.8480 tGradient 2.2990 tsec 7.5060
#FOTS# QuadFit found better minimum quadopt=(dt=9.072,rms=0.618237) vs oldopt=(dt=6.48,rms=0.618261)
#GCMRL#   45 dt   9.072000 rms  0.618  0.000% neg 0  invalid 762 tFOTS 4.8960 tGradient 2.3310 tsec 7.6310
#GCMRL#   46 dt   9.072000 rms  0.618  0.004% neg 0  invalid 762 tFOTS 0.0000 tGradient 2.3510 tsec 2.6690

#GCAMreg# pass 0 level1 4 level2 1 tsec 77.264 sigma 0.5
l_jacobian=1.00 l_label=1.00 l_log_likelihood=0.20 l_smoothness=0.62 
tol=2.50e-01, dt=5.00e-02, exp_k=20.0, momentum=0.90, levels=6, niter=500, lbl_dist=10.00, avgs=64, sigma=0.5,type=2, relabel=0, neg=no

blurring input image with Gaussian with sigma=0.500...
GCAMRegisterLevel(): init RMS 0.618868
#GCMRL#   48 dt  25.920000 rms  0.618  0.139% neg 0  invalid 762 tFOTS 4.8280 tGradient 2.2020 tsec 7.3890
#FOTS# QuadFit found better minimum quadopt=(dt=0.00189844,rms=0.617974) vs oldopt=(dt=0.00158203,rms=0.617974)
#GCMRL#   49 dt   0.001898 rms  0.618  0.000% neg 0  invalid 762 tFOTS 6.5310 tGradient 2.1550 tsec 9.1310
setting smoothness cost coefficient to 2.353

#GCAMreg# pass 0 level1 3 level2 0 tsec 0 sigma 2
l_jacobian=1.00 l_label=1.00 l_log_likelihood=0.20 l_smoothness=2.35 
tol=2.50e-01, dt=5.00e-02, exp_k=20.0, momentum=0.90, levels=6, niter=500, lbl_dist=10.00, avgs=16, sigma=2.0,type=2, relabel=0, neg=no

blurring input image with Gaussian with sigma=2.000...
GCAMRegisterLevel(): init RMS 0.647205
#FOTS# QuadFit found better minimum quadopt=(dt=2.8,rms=0.645857) vs oldopt=(dt=2,rms=0.645958)
#GCMRL#   51 dt   2.800000 rms  0.646  0.208% neg 0  invalid 762 tFOTS 4.6390 tGradient 2.1170 tsec 7.1240
#FOTS# QuadFit found better minimum quadopt=(dt=0.7,rms=0.645829) vs oldopt=(dt=0.5,rms=0.64584)
#GCMRL#   52 dt   0.700000 rms  0.646  0.000% neg 0  invalid 762 tFOTS 4.8760 tGradient 2.1370 tsec 7.4030
#GCMRL#   53 dt   0.700000 rms  0.646  0.004% neg 0  invalid 762 tFOTS 0.0000 tGradient 2.0450 tsec 2.3820

#GCAMreg# pass 0 level1 3 level2 1 tsec 28.825 sigma 0.5
l_jacobian=1.00 l_label=1.00 l_log_likelihood=0.20 l_smoothness=2.35 
tol=2.50e-01, dt=5.00e-02, exp_k=20.0, momentum=0.90, levels=6, niter=500, lbl_dist=10.00, avgs=16, sigma=0.5,type=2, relabel=0, neg=no

blurring input image with Gaussian with sigma=0.500...
GCAMRegisterLevel(): init RMS 0.646406
#GCMRL#   55 dt   0.500000 rms  0.646  0.095% neg 0  invalid 762 tFOTS 4.7180 tGradient 1.9400 tsec 7.0170
#FOTS# QuadFit found better minimum quadopt=(dt=0.0375,rms=0.645786) vs oldopt=(dt=0.03125,rms=0.645786)
#GCMRL#   56 dt   0.037500 rms  0.646  0.000% neg 0  invalid 762 tFOTS 4.7820 tGradient 1.9910 tsec 7.1670
setting smoothness cost coefficient to 8.000

#GCAMreg# pass 0 level1 2 level2 0 tsec 0 sigma 2
l_jacobian=1.00 l_label=1.00 l_log_likelihood=0.20 l_smoothness=8.00 
tol=2.50e-01, dt=5.00e-02, exp_k=20.0, momentum=0.90, levels=6, niter=500, lbl_dist=10.00, avgs=4, sigma=2.0,type=2, relabel=0, neg=no

blurring input image with Gaussian with sigma=2.000...
GCAMRegisterLevel(): init RMS 0.714841
#FOTS# QuadFit found better minimum quadopt=(dt=2.65482,rms=0.693182) vs oldopt=(dt=2.88,rms=0.693339)
#GCMRL#   58 dt   2.654822 rms  0.693  3.030% neg 0  invalid 762 tFOTS 5.0100 tGradient 1.8350 tsec 7.2680
#FOTS# QuadFit found better minimum quadopt=(dt=2.58213,rms=0.688679) vs oldopt=(dt=2.88,rms=0.688741)
#GCMRL#   59 dt   2.582133 rms  0.689  0.649% neg 0  invalid 762 tFOTS 5.0610 tGradient 1.8970 tsec 7.3630
#FOTS# QuadFit found better minimum quadopt=(dt=2.61224,rms=0.686751) vs oldopt=(dt=2.88,rms=0.686774)
#GCMRL#   60 dt   2.612245 rms  0.687  0.280% neg 0  invalid 762 tFOTS 5.1440 tGradient 1.8490 tsec 7.3910
#FOTS# QuadFit found better minimum quadopt=(dt=1.008,rms=0.686624) vs oldopt=(dt=0.72,rms=0.686635)
#GCMRL#   61 dt   1.008000 rms  0.687  0.000% neg 0  invalid 762 tFOTS 5.4370 tGradient 2.0960 tsec 7.9150
#GCMRL#   62 dt   1.008000 rms  0.687  0.015% neg 0  invalid 762 tFOTS 0.0000 tGradient 1.9980 tsec 2.4000

#GCAMreg# pass 0 level1 2 level2 1 tsec 44.443 sigma 0.5
l_jacobian=1.00 l_label=1.00 l_log_likelihood=0.20 l_smoothness=8.00 
tol=2.50e-01, dt=5.00e-02, exp_k=20.0, momentum=0.90, levels=6, niter=500, lbl_dist=10.00, avgs=4, sigma=0.5,type=2, relabel=0, neg=no

blurring input image with Gaussian with sigma=0.500...
GCAMRegisterLevel(): init RMS 0.687034
#GCMRL#   64 dt   0.000000 rms  0.687  0.074% neg 0  invalid 762 tFOTS 4.6730 tGradient 1.8280 tsec 6.8670
setting smoothness cost coefficient to 20.000

#GCAMreg# pass 0 level1 1 level2 0 tsec 0 sigma 2
l_jacobian=1.00 l_label=1.00 l_log_likelihood=0.20 l_smoothness=20.00 
tol=2.50e-01, dt=5.00e-02, exp_k=20.0, momentum=0.90, levels=6, niter=500, lbl_dist=10.00, avgs=1, sigma=2.0,type=2, relabel=0, neg=no

blurring input image with Gaussian with sigma=2.000...
GCAMRegisterLevel(): init RMS 0.723404
#FOTS# QuadFit found better minimum quadopt=(dt=0.096,rms=0.72283) vs oldopt=(dt=0.08,rms=0.722832)
#GCMRL#   66 dt   0.096000 rms  0.723  0.079% neg 0  invalid 762 tFOTS 4.8860 tGradient 1.6970 tsec 6.9980
#FOTS# QuadFit found better minimum quadopt=(dt=0.112,rms=0.722718) vs oldopt=(dt=0.08,rms=0.722736)
#GCMRL#   67 dt   0.112000 rms  0.723  0.000% neg 0  invalid 762 tFOTS 4.7980 tGradient 1.7220 tsec 6.9260
#GCMRL#   68 dt   0.112000 rms  0.723  0.029% neg 0  invalid 762 tFOTS 0.0000 tGradient 1.6860 tsec 2.0400
#GCMRL#   69 dt   0.112000 rms  0.722  0.047% neg 0  invalid 762 tFOTS 0.0000 tGradient 1.5870 tsec 1.9350
#GCMRL#   70 dt   0.112000 rms  0.722  0.066% neg 0  invalid 762 tFOTS 0.0000 tGradient 1.8700 tsec 2.2170
#GCMRL#   71 dt   0.112000 rms  0.721  0.099% neg 0  invalid 762 tFOTS 0.0000 tGradient 1.7190 tsec 2.1270
#GCMRL#   72 dt   0.112000 rms  0.720  0.138% neg 0  invalid 762 tFOTS 0.0000 tGradient 1.7820 tsec 2.1370
#GCMRL#   73 dt   0.112000 rms  0.719  0.158% neg 0  invalid 762 tFOTS 0.0000 tGradient 1.6930 tsec 2.0690
#GCMRL#   74 dt   0.112000 rms  0.718  0.152% neg 0  invalid 762 tFOTS 0.0000 tGradient 1.9060 tsec 2.2660
#GCMRL#   75 dt   0.112000 rms  0.717  0.123% neg 0  invalid 762 tFOTS 0.0000 tGradient 1.7420 tsec 2.0960
#GCMRL#   76 dt   0.112000 rms  0.716  0.086% neg 0  invalid 762 tFOTS 0.0000 tGradient 1.6080 tsec 1.9720
#GCMRL#   77 dt   1.280000 rms  0.715  0.151% neg 0  invalid 762 tFOTS 4.8130 tGradient 1.5590 tsec 6.7420
#FOTS# QuadFit found better minimum quadopt=(dt=0.448,rms=0.713154) vs oldopt=(dt=0.32,rms=0.713468)
#GCMRL#   78 dt   0.448000 rms  0.713  0.282% neg 0  invalid 762 tFOTS 4.6880 tGradient 1.6150 tsec 6.6720
#FOTS# QuadFit found better minimum quadopt=(dt=0.007,rms=0.713156) vs oldopt=(dt=0.005,rms=0.713156)
#GCMRL#   79 dt   0.007000 rms  0.713  0.000% neg 0  invalid 762 tFOTS 5.3940 tGradient 1.7590 tsec 7.8280
#GCMRL#   80 dt   0.007000 rms  0.713  0.000% neg 0  invalid 762 tFOTS 0.0000 tGradient 1.8790 tsec 2.2660

#GCAMreg# pass 0 level1 1 level2 1 tsec 68.248 sigma 0.5
l_jacobian=1.00 l_label=1.00 l_log_likelihood=0.20 l_smoothness=20.00 
tol=2.50e-01, dt=5.00e-02, exp_k=20.0, momentum=0.90, levels=6, niter=500, lbl_dist=10.00, avgs=1, sigma=0.5,type=2, relabel=0, neg=no

blurring input image with Gaussian with sigma=0.500...
GCAMRegisterLevel(): init RMS 0.713667
#FOTS# QuadFit found better minimum quadopt=(dt=0.096,rms=0.713096) vs oldopt=(dt=0.08,rms=0.713098)
#GCMRL#   82 dt   0.096000 rms  0.713  0.080% neg 0  invalid 762 tFOTS 4.7040 tGradient 1.8620 tsec 6.9400
#GCMRL#   83 dt   0.100000 rms  0.713  0.000% neg 0  invalid 762 tFOTS 4.3290 tGradient 1.6840 tsec 6.4150
resetting metric properties...
setting smoothness cost coefficient to 40.000

#GCAMreg# pass 0 level1 0 level2 0 tsec 0 sigma 2
l_jacobian=1.00 l_label=1.00 l_log_likelihood=0.20 l_smoothness=40.00 
tol=2.50e-01, dt=5.00e-02, exp_k=20.0, momentum=0.90, levels=6, niter=500, lbl_dist=10.00, avgs=0, sigma=2.0,type=2, relabel=0, neg=no

blurring input image with Gaussian with sigma=2.000...
GCAMRegisterLevel(): init RMS 0.686932
#FOTS# QuadFit found better minimum quadopt=(dt=0.133413,rms=0.683604) vs oldopt=(dt=0.08,rms=0.684353)
#GCMRL#   85 dt   0.133413 rms  0.684  0.484% neg 0  invalid 762 tFOTS 5.2350 tGradient 1.1080 tsec 6.7590
#GCMRL#   86 dt   0.005000 rms  0.684  0.000% neg 0  invalid 762 tFOTS 5.3350 tGradient 1.2940 tsec 7.3640
#GCMRL#   87 dt   0.005000 rms  0.684  0.001% neg 0  invalid 762 tFOTS 0.0000 tGradient 1.3200 tsec 1.7520

#GCAMreg# pass 0 level1 0 level2 1 tsec 27.338 sigma 0.5
l_jacobian=1.00 l_label=1.00 l_log_likelihood=0.20 l_smoothness=40.00 
tol=2.50e-01, dt=5.00e-02, exp_k=20.0, momentum=0.90, levels=6, niter=500, lbl_dist=10.00, avgs=0, sigma=0.5,type=2, relabel=0, neg=no

blurring input image with Gaussian with sigma=0.500...
GCAMRegisterLevel(): init RMS 0.68413
#FOTS# QuadFit found better minimum quadopt=(dt=0.006,rms=0.683596) vs oldopt=(dt=0.005,rms=0.683597)
#GCMRL#   89 dt   0.006000 rms  0.684  0.078% neg 0  invalid 762 tFOTS 4.8230 tGradient 1.1780 tsec 6.4410
#FOTS# QuadFit found better minimum quadopt=(dt=0.0004375,rms=0.683592) vs oldopt=(dt=0.0003125,rms=0.683592)
#GCMRL#   90 dt   0.000438 rms  0.684  0.000% neg 0  invalid 762 tFOTS 5.2370 tGradient 1.2780 tsec 6.9730
#GCMRL#   91 dt   0.000438 rms  0.684  0.000% neg 0  invalid 762 tFOTS 0.0000 tGradient 1.2880 tsec 1.7170
GCAMregister done in 8.58868 min
Starting GCAmapRenormalizeWithAlignment() without scales
renormalizing by structure alignment....
renormalizing input #0
gca peak = 0.10253 (16)
mri peak = 0.14815 (26)
Left_Lateral_Ventricle (4): linear fit = 1.41 x + 0.0 (630 voxels, overlap=0.439)
Left_Lateral_Ventricle (4): linear fit = 1.41 x + 0.0 (630 voxels, peak = 23), gca=22.6
gca peak = 0.17690 (16)
mri peak = 0.20621 (22)
Right_Lateral_Ventricle (43): linear fit = 1.34 x + 0.0 (727 voxels, overlap=0.311)
Right_Lateral_Ventricle (43): linear fit = 1.34 x + 0.0 (727 voxels, peak = 21), gca=21.4
gca peak = 0.28275 (96)
mri peak = 0.13693 (96)
Right_Pallidum (52): linear fit = 1.00 x + 0.0 (959 voxels, overlap=0.997)
Right_Pallidum (52): linear fit = 1.00 x + 0.0 (959 voxels, peak = 96), gca=95.5
gca peak = 0.18948 (93)
mri peak = 0.13789 (101)
Left_Pallidum (13): linear fit = 1.05 x + 0.0 (876 voxels, overlap=0.624)
Left_Pallidum (13): linear fit = 1.05 x + 0.0 (876 voxels, peak = 98), gca=98.1
gca peak = 0.20755 (55)
mri peak = 0.13490 (68)
Right_Hippocampus (53): linear fit = 1.20 x + 0.0 (1028 voxels, overlap=0.010)
Right_Hippocampus (53): linear fit = 1.20 x + 0.0 (1028 voxels, peak = 66), gca=65.7
gca peak = 0.31831 (58)
mri peak = 0.14884 (70)
Left_Hippocampus (17): linear fit = 1.22 x + 0.0 (1050 voxels, overlap=0.005)
Left_Hippocampus (17): linear fit = 1.22 x + 0.0 (1050 voxels, peak = 70), gca=70.5
gca peak = 0.11957 (102)
mri peak = 0.12188 (107)
Right_Cerebral_White_Matter (41): linear fit = 1.03 x + 0.0 (64804 voxels, overlap=0.576)
Right_Cerebral_White_Matter (41): linear fit = 1.03 x + 0.0 (64804 voxels, peak = 106), gca=105.6
gca peak = 0.11429 (102)
mri peak = 0.12945 (108)
Left_Cerebral_White_Matter (2): linear fit = 1.04 x + 0.0 (67231 voxels, overlap=0.450)
Left_Cerebral_White_Matter (2): linear fit = 1.04 x + 0.0 (67231 voxels, peak = 107), gca=106.6
gca peak = 0.14521 (59)
mri peak = 0.03911 (65)
Left_Cerebral_Cortex (3): linear fit = 1.10 x + 0.0 (37838 voxels, overlap=0.909)
Left_Cerebral_Cortex (3): linear fit = 1.10 x + 0.0 (37838 voxels, peak = 65), gca=64.6
gca peak = 0.14336 (58)
mri peak = 0.04754 (68)
Right_Cerebral_Cortex (42): linear fit = 1.15 x + 0.0 (35886 voxels, overlap=0.686)
Right_Cerebral_Cortex (42): linear fit = 1.15 x + 0.0 (35886 voxels, peak = 67), gca=67.0
gca peak = 0.13305 (70)
mri peak = 0.18367 (81)
Right_Caudate (50): linear fit = 1.17 x + 0.0 (1085 voxels, overlap=0.015)
Right_Caudate (50): linear fit = 1.17 x + 0.0 (1085 voxels, peak = 82), gca=82.2
gca peak = 0.15761 (71)
mri peak = 0.10638 (81)
Left_Caudate (11): linear fit = 1.11 x + 0.0 (1046 voxels, overlap=0.342)
Left_Caudate (11): linear fit = 1.11 x + 0.0 (1046 voxels, peak = 78), gca=78.5
gca peak = 0.13537 (57)
mri peak = 0.05334 (65)
Left_Cerebellum_Cortex (8): linear fit = 1.12 x + 0.0 (32974 voxels, overlap=0.759)
Left_Cerebellum_Cortex (8): linear fit = 1.12 x + 0.0 (32974 voxels, peak = 64), gca=63.6
gca peak = 0.13487 (56)
mri peak = 0.05681 (67)
Right_Cerebellum_Cortex (47): linear fit = 1.21 x + 0.0 (30486 voxels, overlap=0.110)
Right_Cerebellum_Cortex (47): linear fit = 1.21 x + 0.0 (30486 voxels, peak = 67), gca=67.5
gca peak = 0.19040 (84)
mri peak = 0.12418 (90)
Left_Cerebellum_White_Matter (7): linear fit = 1.08 x + 0.0 (10454 voxels, overlap=0.305)
Left_Cerebellum_White_Matter (7): linear fit = 1.08 x + 0.0 (10454 voxels, peak = 90), gca=90.3
gca peak = 0.18871 (83)
mri peak = 0.10613 (90)
Right_Cerebellum_White_Matter (46): linear fit = 1.08 x + 0.0 (8784 voxels, overlap=0.215)
Right_Cerebellum_White_Matter (46): linear fit = 1.08 x + 0.0 (8784 voxels, peak = 89), gca=89.2
gca peak = 0.24248 (57)
mri peak = 0.20503 (72)
Left_Amygdala (18): linear fit = 1.26 x + 0.0 (491 voxels, overlap=0.032)
Left_Amygdala (18): linear fit = 1.26 x + 0.0 (491 voxels, peak = 72), gca=72.1
gca peak = 0.35833 (56)
mri peak = 0.11775 (70)
Right_Amygdala (54): linear fit = 1.23 x + 0.0 (554 voxels, overlap=0.018)
Right_Amygdala (54): linear fit = 1.23 x + 0.0 (554 voxels, peak = 69), gca=68.6
gca peak = 0.12897 (85)
mri peak = 0.06940 (91)
Left_Thalamus (10): linear fit = 1.07 x + 0.0 (5519 voxels, overlap=0.789)
Left_Thalamus (10): linear fit = 1.07 x + 0.0 (5519 voxels, peak = 91), gca=90.5
gca peak = 0.13127 (83)
mri peak = 0.08284 (90)
Right_Thalamus (49): linear fit = 1.07 x + 0.0 (4767 voxels, overlap=0.732)
Right_Thalamus (49): linear fit = 1.07 x + 0.0 (4767 voxels, peak = 88), gca=88.4
gca peak = 0.12974 (78)
mri peak = 0.09763 (88)
Left_Putamen (12): linear fit = 1.14 x + 0.0 (2381 voxels, overlap=0.173)
Left_Putamen (12): linear fit = 1.14 x + 0.0 (2381 voxels, peak = 89), gca=89.3
gca peak = 0.17796 (79)
mri peak = 0.11312 (90)
Right_Putamen (51): linear fit = 1.14 x + 0.0 (2543 voxels, overlap=0.054)
Right_Putamen (51): linear fit = 1.14 x + 0.0 (2543 voxels, peak = 90), gca=90.5
gca peak = 0.10999 (80)
mri peak = 0.11030 (90)
Brain_Stem (16): linear fit = 1.12 x + 0.0 (12529 voxels, overlap=0.416)
Brain_Stem (16): linear fit = 1.12 x + 0.0 (12529 voxels, peak = 90), gca=90.0
gca peak = 0.13215 (88)
mri peak = 0.15857 (96)
Right_VentralDC (60): linear fit = 1.09 x + 0.0 (1577 voxels, overlap=0.421)
Right_VentralDC (60): linear fit = 1.09 x + 0.0 (1577 voxels, peak = 95), gca=95.5
gca peak = 0.11941 (89)
mri peak = 0.11464 (97)
Left_VentralDC (28): linear fit = 1.10 x + 0.0 (1653 voxels, overlap=0.279)
Left_VentralDC (28): linear fit = 1.10 x + 0.0 (1653 voxels, peak = 97), gca=97.5
gca peak = 0.20775 (25)
mri peak = 0.31579 (50)
gca peak = 0.13297 (21)
mri peak = 0.18428 (26)
Fourth_Ventricle (15): linear fit = 1.37 x + 0.0 (495 voxels, overlap=0.393)
Fourth_Ventricle (15): linear fit = 1.37 x + 0.0 (495 voxels, peak = 29), gca=28.7
gca peak Unknown = 0.94777 ( 0)
gca peak Left_Inf_Lat_Vent = 0.19087 (28)
gca peak Third_Ventricle = 0.20775 (25)
gca peak CSF = 0.16821 (33)
gca peak Left_Accumbens_area = 0.32850 (63)
gca peak Left_undetermined = 0.98480 (28)
gca peak Left_vessel = 0.40887 (53)
gca peak Left_choroid_plexus = 0.10898 (46)
gca peak Right_Inf_Lat_Vent = 0.17798 (26)
gca peak Right_Accumbens_area = 0.30137 (64)
gca peak Right_vessel = 0.47828 (52)
gca peak Right_choroid_plexus = 0.11612 (45)
gca peak Fifth_Ventricle = 0.59466 (35)
gca peak WM_hypointensities = 0.10053 (78)
gca peak non_WM_hypointensities = 0.07253 (60)
gca peak Optic_Chiasm = 0.25330 (73)
not using caudate to estimate GM means
estimating mean gm scale to be 1.19 x + 0.0
estimating mean wm scale to be 1.04 x + 0.0
estimating mean csf scale to be 1.37 x + 0.0
saving intensity scales to talairach.label_intensities.txt
GCAmapRenormalizeWithAlignment() took 3.66683 min
noneg pre
Starting GCAMregister()
label assignment complete, 0 changed (0.00%)
npasses = 1, nlevels = 6
#pass# 1 of 1 ************************
enabling zero nodes
setting smoothness cost coefficient to 0.008

#GCAMreg# pass 0 level1 5 level2 0 tsec 0 sigma 2
l_jacobian=1.00 l_label=1.00 l_log_likelihood=0.20 l_smoothness=0.01 
tol=5.00e-02, dt=5.00e-02, exp_k=20.0, momentum=0.90, levels=6, niter=500, lbl_dist=10.00, avgs=256, sigma=2.0,type=2, relabel=0, neg=no

blurring input image with Gaussian with sigma=2.000...
GCAMRegisterLevel(): init RMS 0.681457
#FOTS# QuadFit found better minimum quadopt=(dt=182.36,rms=0.655312) vs oldopt=(dt=92.48,rms=0.662161)
#GCMRL#   93 dt 182.360494 rms  0.655  3.837% neg 0  invalid 762 tFOTS 4.7240 tGradient 2.9590 tsec 8.0490
#FOTS# QuadFit found better minimum quadopt=(dt=295.936,rms=0.64466) vs oldopt=(dt=369.92,rms=0.644678)
#GCMRL#   94 dt 295.936000 rms  0.645  1.626% neg 0  invalid 762 tFOTS 4.4430 tGradient 2.9500 tsec 7.7490
#FOTS# QuadFit found better minimum quadopt=(dt=138.085,rms=0.641148) vs oldopt=(dt=92.48,rms=0.641723)
#GCMRL#   95 dt 138.084848 rms  0.641  0.545% neg 0  invalid 762 tFOTS 4.6840 tGradient 2.7190 tsec 7.7440
#FOTS# QuadFit found better minimum quadopt=(dt=517.888,rms=0.63502) vs oldopt=(dt=369.92,rms=0.636029)
#GCMRL#   96 dt 517.888000 rms  0.635  0.956% neg 0  invalid 762 tFOTS 4.6820 tGradient 2.7110 tsec 7.7380
#FOTS# QuadFit found better minimum quadopt=(dt=110.976,rms=0.633115) vs oldopt=(dt=92.48,rms=0.633169)
#GCMRL#   97 dt 110.976000 rms  0.633  0.300% neg 0  invalid 762 tFOTS 5.1880 tGradient 2.8590 tsec 8.3890
#FOTS# QuadFit found better minimum quadopt=(dt=443.904,rms=0.630916) vs oldopt=(dt=369.92,rms=0.631018)
#GCMRL#   98 dt 443.904000 rms  0.631  0.347% neg 0  invalid 762 tFOTS 4.8070 tGradient 2.6020 tsec 7.7590
#FOTS# QuadFit found better minimum quadopt=(dt=110.976,rms=0.629368) vs oldopt=(dt=92.48,rms=0.62942)
#GCMRL#   99 dt 110.976000 rms  0.629  0.245% neg 0  invalid 762 tFOTS 5.1740 tGradient 2.7150 tsec 8.2430
#GCMRL#  100 dt 369.920000 rms  0.628  0.214% neg 0  invalid 762 tFOTS 4.7070 tGradient 2.8580 tsec 7.8890
#FOTS# QuadFit found better minimum quadopt=(dt=110.976,rms=0.626875) vs oldopt=(dt=92.48,rms=0.626914)
#GCMRL#  101 dt 110.976000 rms  0.627  0.183% neg 0  invalid 762 tFOTS 4.6450 tGradient 2.4260 tsec 7.3960
#GCMRL#  102 dt 369.920000 rms  0.626  0.155% neg 0  invalid 762 tFOTS 4.6440 tGradient 2.4780 tsec 7.4710
#FOTS# QuadFit found better minimum quadopt=(dt=110.976,rms=0.624976) vs oldopt=(dt=92.48,rms=0.625013)
#GCMRL#  103 dt 110.976000 rms  0.625  0.148% neg 0  invalid 762 tFOTS 4.8350 tGradient 2.4940 tsec 7.7410
#GCMRL#  104 dt 369.920000 rms  0.624  0.124% neg 0  invalid 762 tFOTS 5.0140 tGradient 2.7340 tsec 8.0830
#FOTS# QuadFit found better minimum quadopt=(dt=110.976,rms=0.623436) vs oldopt=(dt=92.48,rms=0.623465)
#GCMRL#  105 dt 110.976000 rms  0.623  0.122% neg 0  invalid 762 tFOTS 4.8100 tGradient 2.7190 tsec 7.8850
#GCMRL#  106 dt 369.920000 rms  0.623  0.100% neg 0  invalid 762 tFOTS 4.9290 tGradient 2.4760 tsec 7.7610
#FOTS# QuadFit found better minimum quadopt=(dt=110.976,rms=0.622169) vs oldopt=(dt=92.48,rms=0.622197)
#GCMRL#  107 dt 110.976000 rms  0.622  0.104% neg 0  invalid 762 tFOTS 4.7630 tGradient 2.5290 tsec 7.6280
#GCMRL#  108 dt 369.920000 rms  0.622  0.087% neg 0  invalid 762 tFOTS 4.6450 tGradient 2.5010 tsec 7.4750
#FOTS# QuadFit found better minimum quadopt=(dt=110.976,rms=0.621085) vs oldopt=(dt=92.48,rms=0.621111)
#GCMRL#  109 dt 110.976000 rms  0.621  0.088% neg 0  invalid 762 tFOTS 4.8560 tGradient 2.5580 tsec 7.7700
#GCMRL#  110 dt 369.920000 rms  0.621  0.078% neg 0  invalid 762 tFOTS 5.3660 tGradient 2.4480 tsec 8.1820
#FOTS# QuadFit found better minimum quadopt=(dt=110.976,rms=0.620121) vs oldopt=(dt=92.48,rms=0.620144)
#GCMRL#  111 dt 110.976000 rms  0.620  0.077% neg 0  invalid 762 tFOTS 4.6320 tGradient 2.7870 tsec 7.7650
#GCMRL#  112 dt 369.920000 rms  0.620  0.067% neg 0  invalid 762 tFOTS 5.4670 tGradient 2.6950 tsec 8.5260
#FOTS# QuadFit found better minimum quadopt=(dt=110.976,rms=0.619269) vs oldopt=(dt=92.48,rms=0.619292)
#GCMRL#  113 dt 110.976000 rms  0.619  0.071% neg 0  invalid 762 tFOTS 4.6640 tGradient 3.1470 tsec 8.2180
#GCMRL#  114 dt 369.920000 rms  0.619  0.060% neg 0  invalid 762 tFOTS 5.1350 tGradient 2.9890 tsec 8.4700
#FOTS# QuadFit found better minimum quadopt=(dt=110.976,rms=0.618489) vs oldopt=(dt=92.48,rms=0.618507)
#GCMRL#  115 dt 110.976000 rms  0.618  0.066% neg 0  invalid 762 tFOTS 4.8840 tGradient 2.7590 tsec 7.9980
#GCMRL#  116 dt 369.920000 rms  0.618  0.054% neg 0  invalid 762 tFOTS 5.5250 tGradient 2.5830 tsec 8.4690
#FOTS# QuadFit found better minimum quadopt=(dt=110.976,rms=0.6178) vs oldopt=(dt=92.48,rms=0.617817)
#GCMRL#  117 dt 110.976000 rms  0.618  0.058% neg 0  invalid 762 tFOTS 4.7910 tGradient 2.8130 tsec 7.9590
#GCMRL#  118 dt 369.920000 rms  0.617  0.052% neg 0  invalid 762 tFOTS 4.9950 tGradient 2.8310 tsec 8.1730
#FOTS# QuadFit found better minimum quadopt=(dt=110.976,rms=0.617154) vs oldopt=(dt=92.48,rms=0.617167)
#GCMRL#  119 dt 110.976000 rms  0.617  0.052% neg 0  invalid 762 tFOTS 4.7080 tGradient 2.8020 tsec 7.9450
#GCMRL#  120 dt 369.920000 rms  0.617  0.000% neg 0  invalid 762 tFOTS 4.7220 tGradient 2.7630 tsec 7.8980

#GCAMreg# pass 0 level1 5 level2 1 tsec 235.289 sigma 0.5
l_jacobian=1.00 l_label=1.00 l_log_likelihood=0.20 l_smoothness=0.01 
tol=5.00e-02, dt=5.00e-02, exp_k=20.0, momentum=0.90, levels=6, niter=500, lbl_dist=10.00, avgs=256, sigma=0.5,type=2, relabel=0, neg=no

blurring input image with Gaussian with sigma=0.500...
GCAMRegisterLevel(): init RMS 0.617127
#FOTS# QuadFit found better minimum quadopt=(dt=129.472,rms=0.61617) vs oldopt=(dt=92.48,rms=0.616283)
#GCMRL#  122 dt 129.472000 rms  0.616  0.155% neg 0  invalid 762 tFOTS 4.7570 tGradient 2.6310 tsec 7.7670
#FOTS# QuadFit found better minimum quadopt=(dt=517.888,rms=0.615457) vs oldopt=(dt=369.92,rms=0.615505)
#GCMRL#  123 dt 517.888000 rms  0.615  0.116% neg 0  invalid 762 tFOTS 5.1310 tGradient 2.6020 tsec 8.0800
#FOTS# QuadFit found better minimum quadopt=(dt=129.472,rms=0.614894) vs oldopt=(dt=92.48,rms=0.614945)
#GCMRL#  124 dt 129.472000 rms  0.615  0.091% neg 0  invalid 762 tFOTS 4.7650 tGradient 2.5910 tsec 7.6960
#FOTS# QuadFit found better minimum quadopt=(dt=295.936,rms=0.614595) vs oldopt=(dt=369.92,rms=0.614616)
#GCMRL#  125 dt 295.936000 rms  0.615  0.000% neg 0  invalid 762 tFOTS 5.2090 tGradient 2.4740 tsec 8.0350
#GCMRL#  126 dt 295.936000 rms  0.615  0.010% neg 0  invalid 762 tFOTS 0.0000 tGradient 2.3640 tsec 2.6800
#GCMRL#  127 dt 295.936000 rms  0.614  0.141% neg 0  invalid 762 tFOTS 0.0000 tGradient 2.3550 tsec 2.6680
#GCMRL#  128 dt 295.936000 rms  0.613  0.185% neg 0  invalid 762 tFOTS 0.0000 tGradient 2.4530 tsec 2.7730
#GCMRL#  129 dt 295.936000 rms  0.612  0.114% neg 0  invalid 762 tFOTS 0.0000 tGradient 2.3290 tsec 2.6570
#GCMRL#  130 dt 295.936000 rms  0.611  0.148% neg 0  invalid 762 tFOTS 0.0000 tGradient 2.6200 tsec 2.9370
#GCMRL#  131 dt 295.936000 rms  0.610  0.226% neg 0  invalid 762 tFOTS 0.0000 tGradient 2.5080 tsec 2.8150
#GCMRL#  132 dt 295.936000 rms  0.609  0.160% neg 0  invalid 762 tFOTS 0.0000 tGradient 2.4750 tsec 2.8040
#GCMRL#  133 dt 295.936000 rms  0.608  0.110% neg 0  invalid 762 tFOTS 0.0000 tGradient 2.5130 tsec 2.8360
#GCMRL#  134 dt 295.936000 rms  0.607  0.179% neg 0  invalid 762 tFOTS 0.0000 tGradient 2.6100 tsec 2.9260
#GCMRL#  135 dt 295.936000 rms  0.606  0.163% neg 0  invalid 762 tFOTS 0.0000 tGradient 2.5610 tsec 2.8930
#GCMRL#  136 dt 295.936000 rms  0.605  0.115% neg 0  invalid 762 tFOTS 0.0000 tGradient 2.5160 tsec 2.8280
#GCMRL#  137 dt 295.936000 rms  0.604  0.145% neg 0  invalid 762 tFOTS 0.0000 tGradient 2.6830 tsec 3.0120
#GCMRL#  138 dt 295.936000 rms  0.603  0.149% neg 0  invalid 762 tFOTS 0.0000 tGradient 2.6050 tsec 2.9500
#GCMRL#  139 dt 295.936000 rms  0.603  0.132% neg 0  invalid 762 tFOTS 0.0000 tGradient 2.7060 tsec 3.0530
#GCMRL#  140 dt 295.936000 rms  0.602  0.121% neg 0  invalid 762 tFOTS 0.0000 tGradient 2.7320 tsec 3.0840
#GCMRL#  141 dt 295.936000 rms  0.601  0.118% neg 0  invalid 762 tFOTS 0.0000 tGradient 2.6950 tsec 3.0410
#GCMRL#  142 dt 295.936000 rms  0.600  0.142% neg 0  invalid 762 tFOTS 0.0000 tGradient 2.3540 tsec 2.6620
#GCMRL#  143 dt 295.936000 rms  0.599  0.141% neg 0  invalid 762 tFOTS 0.0000 tGradient 2.4490 tsec 2.7520
#GCMRL#  144 dt 295.936000 rms  0.599  0.121% neg 0  invalid 762 tFOTS 0.0000 tGradient 2.5520 tsec 2.8760
#GCMRL#  145 dt 295.936000 rms  0.598  0.132% neg 0  invalid 762 tFOTS 0.0000 tGradient 2.3950 tsec 2.7050
#GCMRL#  146 dt 295.936000 rms  0.597  0.133% neg 0  invalid 762 tFOTS 0.0000 tGradient 2.7020 tsec 3.0370
#GCMRL#  147 dt 295.936000 rms  0.596  0.124% neg 0  invalid 762 tFOTS 0.0000 tGradient 2.6030 tsec 2.9500
#GCMRL#  148 dt 295.936000 rms  0.596  0.113% neg 0  invalid 762 tFOTS 0.0000 tGradient 2.3020 tsec 2.6200
#GCMRL#  149 dt 295.936000 rms  0.595  0.113% neg 0  invalid 762 tFOTS 0.0000 tGradient 2.2750 tsec 2.5850
#GCMRL#  150 dt 295.936000 rms  0.594  0.125% neg 0  invalid 762 tFOTS 0.0000 tGradient 2.3380 tsec 2.6470
#GCMRL#  151 dt 295.936000 rms  0.594  0.098% neg 0  invalid 762 tFOTS 0.0000 tGradient 2.2500 tsec 2.5600
#GCMRL#  152 dt 295.936000 rms  0.593  0.084% neg 0  invalid 762 tFOTS 0.0000 tGradient 2.2970 tsec 2.6120
#GCMRL#  153 dt 295.936000 rms  0.593  0.083% neg 0  invalid 762 tFOTS 0.0000 tGradient 2.3080 tsec 2.6310
#GCMRL#  154 dt 295.936000 rms  0.592  0.088% neg 0  invalid 762 tFOTS 0.0000 tGradient 2.3010 tsec 2.6130
#GCMRL#  155 dt 295.936000 rms  0.592  0.090% neg 0  invalid 762 tFOTS 0.0000 tGradient 2.3950 tsec 2.7400
#GCMRL#  156 dt 295.936000 rms  0.591  0.080% neg 0  invalid 762 tFOTS 0.0000 tGradient 2.4040 tsec 2.7510
#GCMRL#  157 dt 295.936000 rms  0.591  0.068% neg 0  invalid 762 tFOTS 0.0000 tGradient 2.3390 tsec 2.6780
#GCMRL#  158 dt 295.936000 rms  0.590  0.071% neg 0  invalid 762 tFOTS 0.0000 tGradient 2.3890 tsec 2.7080
#GCMRL#  159 dt 295.936000 rms  0.590  0.059% neg 0  invalid 762 tFOTS 0.0000 tGradient 2.3890 tsec 2.7140
#GCMRL#  160 dt 295.936000 rms  0.590  0.061% neg 0  invalid 762 tFOTS 0.0000 tGradient 2.5620 tsec 2.8630
#GCMRL#  161 dt 295.936000 rms  0.589  0.055% neg 0  invalid 762 tFOTS 0.0000 tGradient 2.5130 tsec 2.8260
#GCMRL#  162 dt 295.936000 rms  0.589  0.050% neg 0  invalid 762 tFOTS 0.0000 tGradient 2.4700 tsec 2.7800
#GCMRL#  163 dt 295.936000 rms  0.589  0.062% neg 0  invalid 762 tFOTS 0.0000 tGradient 2.3920 tsec 2.7040
#GCMRL#  164 dt 295.936000 rms  0.588  0.053% neg 0  invalid 762 tFOTS 0.0000 tGradient 2.4040 tsec 2.7130
#GCMRL#  165 dt 295.936000 rms  0.588  0.053% neg 0  invalid 762 tFOTS 0.0000 tGradient 2.3670 tsec 2.6810
#GCMRL#  166 dt 295.936000 rms  0.588  0.054% neg 0  invalid 762 tFOTS 0.0000 tGradient 2.4800 tsec 2.7860
#GCMRL#  167 dt 295.936000 rms  0.587  0.040% neg 0  invalid 762 tFOTS 0.0000 tGradient 2.5220 tsec 2.8320
#GCMRL#  168 dt 295.936000 rms  0.587  0.040% neg 0  invalid 762 tFOTS 0.0000 tGradient 2.4110 tsec 2.7280
#GCMRL#  169 dt 295.936000 rms  0.587  0.046% neg 0  invalid 762 tFOTS 0.0000 tGradient 2.5750 tsec 2.8860
#GCMRL#  170 dt 295.936000 rms  0.587  0.042% neg 0  invalid 762 tFOTS 0.0000 tGradient 2.4340 tsec 2.7500
#GCMRL#  171 dt 295.936000 rms  0.586  0.044% neg 0  invalid 762 tFOTS 0.0000 tGradient 2.5600 tsec 2.8700
#GCMRL#  172 dt 295.936000 rms  0.586  0.035% neg 0  invalid 762 tFOTS 0.0000 tGradient 2.4250 tsec 2.7400
#GCMRL#  173 dt 295.936000 rms  0.586  0.039% neg 0  invalid 762 tFOTS 0.0000 tGradient 2.3810 tsec 2.6870
#GCMRL#  174 dt 295.936000 rms  0.586  0.045% neg 0  invalid 762 tFOTS 0.0000 tGradient 2.4190 tsec 2.7410
#GCMRL#  175 dt 295.936000 rms  0.585  0.046% neg 0  invalid 762 tFOTS 0.0000 tGradient 2.4540 tsec 2.7680
#GCMRL#  176 dt 295.936000 rms  0.585  0.046% neg 0  invalid 762 tFOTS 0.0000 tGradient 2.4870 tsec 2.7920
#GCMRL#  177 dt 295.936000 rms  0.585  0.029% neg 0  invalid 762 tFOTS 0.0000 tGradient 2.5500 tsec 2.8620
#GCMRL#  178 dt 295.936000 rms  0.585  0.036% neg 0  invalid 762 tFOTS 0.0000 tGradient 2.3960 tsec 2.7130
#GCMRL#  179 dt 295.936000 rms  0.585  0.035% neg 0  invalid 762 tFOTS 0.0000 tGradient 2.4570 tsec 2.7680
#GCMRL#  180 dt 295.936000 rms  0.584  0.034% neg 0  invalid 762 tFOTS 0.0000 tGradient 2.4630 tsec 2.7790
#GCMRL#  181 dt 295.936000 rms  0.584  0.030% neg 0  invalid 762 tFOTS 0.0000 tGradient 2.5290 tsec 2.8480
#GCMRL#  182 dt 295.936000 rms  0.584  0.026% neg 0  invalid 762 tFOTS 0.0000 tGradient 2.5800 tsec 2.9080
#GCMRL#  183 dt 295.936000 rms  0.584  0.035% neg 0  invalid 762 tFOTS 0.0000 tGradient 2.3980 tsec 2.7220
#GCMRL#  184 dt 295.936000 rms  0.584  0.027% neg 0  invalid 762 tFOTS 0.0000 tGradient 2.3670 tsec 2.6870
#GCMRL#  185 dt 295.936000 rms  0.584  0.024% neg 0  invalid 762 tFOTS 0.0000 tGradient 2.4170 tsec 2.7540
#GCMRL#  186 dt 295.936000 rms  0.583  0.027% neg 0  invalid 762 tFOTS 0.0000 tGradient 2.6500 tsec 3.0130
#GCMRL#  187 dt 295.936000 rms  0.583  0.024% neg 0  invalid 762 tFOTS 0.0000 tGradient 2.4720 tsec 2.8150
#GCMRL#  188 dt 295.936000 rms  0.583  0.031% neg 0  invalid 762 tFOTS 0.0000 tGradient 2.4050 tsec 2.7470
#GCMRL#  189 dt 295.936000 rms  0.583  0.025% neg 0  invalid 762 tFOTS 0.0000 tGradient 2.3910 tsec 2.7330
#GCMRL#  190 dt 295.936000 rms  0.583  0.020% neg 0  invalid 762 tFOTS 0.0000 tGradient 2.3780 tsec 2.7360
#FOTS# QuadFit found better minimum quadopt=(dt=517.888,rms=0.582823) vs oldopt=(dt=369.92,rms=0.58283)
#GCMRL#  191 dt 517.888000 rms  0.583  0.000% neg 0  invalid 762 tFOTS 4.9670 tGradient 2.3890 tsec 7.7530
setting smoothness cost coefficient to 0.031

#GCAMreg# pass 0 level1 4 level2 0 tsec 0 sigma 2
l_jacobian=1.00 l_label=1.00 l_log_likelihood=0.20 l_smoothness=0.03 
tol=5.00e-02, dt=5.00e-02, exp_k=20.0, momentum=0.90, levels=6, niter=500, lbl_dist=10.00, avgs=64, sigma=2.0,type=2, relabel=0, neg=no

blurring input image with Gaussian with sigma=2.000...
GCAMRegisterLevel(): init RMS 0.585148
#FOTS# QuadFit found better minimum quadopt=(dt=124.343,rms=0.582717) vs oldopt=(dt=103.68,rms=0.582747)
#GCMRL#  193 dt 124.342857 rms  0.583  0.415% neg 0  invalid 762 tFOTS 5.1310 tGradient 2.1500 tsec 7.6580
#FOTS# QuadFit found better minimum quadopt=(dt=145.152,rms=0.57863) vs oldopt=(dt=103.68,rms=0.579325)
#GCMRL#  194 dt 145.152000 rms  0.579  0.701% neg 0  invalid 762 tFOTS 4.8210 tGradient 2.0340 tsec 7.2130
#FOTS# QuadFit found better minimum quadopt=(dt=75.9607,rms=0.576834) vs oldopt=(dt=103.68,rms=0.577068)
#GCMRL#  195 dt  75.960656 rms  0.577  0.310% neg 0  invalid 762 tFOTS 4.7990 tGradient 1.9010 tsec 7.0380
#FOTS# QuadFit found better minimum quadopt=(dt=145.152,rms=0.574316) vs oldopt=(dt=103.68,rms=0.574725)
#GCMRL#  196 dt 145.152000 rms  0.574  0.437% neg 0  invalid 762 tFOTS 4.6370 tGradient 2.0090 tsec 6.9910
#FOTS# QuadFit found better minimum quadopt=(dt=81.0187,rms=0.572586) vs oldopt=(dt=103.68,rms=0.572717)
#GCMRL#  197 dt  81.018727 rms  0.573  0.301% neg 0  invalid 762 tFOTS 4.6890 tGradient 1.9380 tsec 7.0130
#FOTS# QuadFit found better minimum quadopt=(dt=124.416,rms=0.5709) vs oldopt=(dt=103.68,rms=0.570961)
#GCMRL#  198 dt 124.416000 rms  0.571  0.294% neg 0  invalid 762 tFOTS 4.6540 tGradient 1.9580 tsec 6.9560
#FOTS# QuadFit found better minimum quadopt=(dt=76.3259,rms=0.569338) vs oldopt=(dt=103.68,rms=0.569519)
#GCMRL#  199 dt  76.325926 rms  0.569  0.274% neg 0  invalid 762 tFOTS 5.0390 tGradient 2.0230 tsec 7.4290
#FOTS# QuadFit found better minimum quadopt=(dt=124.416,rms=0.567983) vs oldopt=(dt=103.68,rms=0.568037)
#GCMRL#  200 dt 124.416000 rms  0.568  0.238% neg 0  invalid 762 tFOTS 5.0490 tGradient 2.0560 tsec 7.4680
#FOTS# QuadFit found better minimum quadopt=(dt=79.8532,rms=0.566567) vs oldopt=(dt=103.68,rms=0.566688)
#GCMRL#  201 dt  79.853211 rms  0.567  0.249% neg 0  invalid 762 tFOTS 5.0520 tGradient 2.0120 tsec 7.4280
#GCMRL#  202 dt 103.680000 rms  0.565  0.190% neg 0  invalid 762 tFOTS 4.9460 tGradient 2.0000 tsec 7.3040
#FOTS# QuadFit found better minimum quadopt=(dt=92.5538,rms=0.564272) vs oldopt=(dt=103.68,rms=0.564289)
#GCMRL#  203 dt  92.553846 rms  0.564  0.215% neg 0  invalid 762 tFOTS 4.9100 tGradient 2.0040 tsec 7.2800
#FOTS# QuadFit found better minimum quadopt=(dt=82.944,rms=0.563389) vs oldopt=(dt=103.68,rms=0.56342)
#GCMRL#  204 dt  82.944000 rms  0.563  0.156% neg 0  invalid 762 tFOTS 5.0000 tGradient 2.0540 tsec 7.4450
#FOTS# QuadFit found better minimum quadopt=(dt=124.416,rms=0.562256) vs oldopt=(dt=103.68,rms=0.562268)
#GCMRL#  205 dt 124.416000 rms  0.562  0.201% neg 0  invalid 762 tFOTS 5.0720 tGradient 2.2920 tsec 7.7470
#FOTS# QuadFit found better minimum quadopt=(dt=62.232,rms=0.56139) vs oldopt=(dt=103.68,rms=0.561664)
#GCMRL#  206 dt  62.232044 rms  0.561  0.154% neg 0  invalid 762 tFOTS 5.3560 tGradient 2.3510 tsec 8.1200
#FOTS# QuadFit found better minimum quadopt=(dt=145.152,rms=0.560095) vs oldopt=(dt=103.68,rms=0.560327)
#GCMRL#  207 dt 145.152000 rms  0.560  0.231% neg 0  invalid 762 tFOTS 5.1960 tGradient 2.2600 tsec 7.8180
#FOTS# QuadFit found better minimum quadopt=(dt=82.944,rms=0.559445) vs oldopt=(dt=103.68,rms=0.559529)
#GCMRL#  208 dt  82.944000 rms  0.559  0.116% neg 0  invalid 762 tFOTS 4.9770 tGradient 2.0490 tsec 7.3960
#GCMRL#  209 dt 103.680000 rms  0.559  0.162% neg 0  invalid 762 tFOTS 5.0190 tGradient 2.1250 tsec 7.5100
#FOTS# QuadFit found better minimum quadopt=(dt=62.208,rms=0.557904) vs oldopt=(dt=103.68,rms=0.55807)
#GCMRL#  210 dt  62.208000 rms  0.558  0.113% neg 0  invalid 762 tFOTS 4.6440 tGradient 2.0390 tsec 7.0500
#FOTS# QuadFit found better minimum quadopt=(dt=145.152,rms=0.556801) vs oldopt=(dt=103.68,rms=0.557006)
#GCMRL#  211 dt 145.152000 rms  0.557  0.198% neg 0  invalid 762 tFOTS 5.0830 tGradient 2.1020 tsec 7.5670
#FOTS# QuadFit found better minimum quadopt=(dt=82.944,rms=0.556233) vs oldopt=(dt=103.68,rms=0.5563)
#GCMRL#  212 dt  82.944000 rms  0.556  0.102% neg 0  invalid 762 tFOTS 4.8140 tGradient 2.0150 tsec 7.1880
#GCMRL#  213 dt 103.680000 rms  0.555  0.137% neg 0  invalid 762 tFOTS 5.1920 tGradient 2.0030 tsec 7.5870
#FOTS# QuadFit found better minimum quadopt=(dt=62.208,rms=0.554908) vs oldopt=(dt=103.68,rms=0.555034)
#GCMRL#  214 dt  62.208000 rms  0.555  0.101% neg 0  invalid 762 tFOTS 5.0870 tGradient 1.9870 tsec 7.4980
#FOTS# QuadFit found better minimum quadopt=(dt=145.152,rms=0.553979) vs oldopt=(dt=103.68,rms=0.554155)
#GCMRL#  215 dt 145.152000 rms  0.554  0.167% neg 0  invalid 762 tFOTS 5.4730 tGradient 2.4450 tsec 8.3190
#FOTS# QuadFit found better minimum quadopt=(dt=82.944,rms=0.553452) vs oldopt=(dt=103.68,rms=0.553484)
#GCMRL#  216 dt  82.944000 rms  0.553  0.095% neg 0  invalid 762 tFOTS 5.3230 tGradient 2.3730 tsec 8.0730
#GCMRL#  217 dt 103.680000 rms  0.553  0.120% neg 0  invalid 762 tFOTS 5.2240 tGradient 2.0340 tsec 7.6430
#FOTS# QuadFit found better minimum quadopt=(dt=82.944,rms=0.552293) vs oldopt=(dt=103.68,rms=0.552342)
#GCMRL#  218 dt  82.944000 rms  0.552  0.089% neg 0  invalid 762 tFOTS 5.2900 tGradient 2.0090 tsec 7.7050
#GCMRL#  219 dt 103.680000 rms  0.552  0.109% neg 0  invalid 762 tFOTS 5.5560 tGradient 2.3160 tsec 8.2540
#FOTS# QuadFit found better minimum quadopt=(dt=82.944,rms=0.551218) vs oldopt=(dt=103.68,rms=0.551281)
#GCMRL#  220 dt  82.944000 rms  0.551  0.086% neg 0  invalid 762 tFOTS 4.9850 tGradient 2.0990 tsec 7.4510
#FOTS# QuadFit found better minimum quadopt=(dt=82.944,rms=0.550679) vs oldopt=(dt=103.68,rms=0.550683)
#GCMRL#  221 dt  82.944000 rms  0.551  0.098% neg 0  invalid 762 tFOTS 5.1870 tGradient 2.0270 tsec 7.6020
#FOTS# QuadFit found better minimum quadopt=(dt=124.416,rms=0.550198) vs oldopt=(dt=103.68,rms=0.550201)
#GCMRL#  222 dt 124.416000 rms  0.550  0.087% neg 0  invalid 762 tFOTS 5.1910 tGradient 2.2190 tsec 7.8440
#FOTS# QuadFit found better minimum quadopt=(dt=62.208,rms=0.54965) vs oldopt=(dt=103.68,rms=0.549768)
#GCMRL#  223 dt  62.208000 rms  0.550  0.100% neg 0  invalid 762 tFOTS 4.9820 tGradient 2.3970 tsec 7.7440
#FOTS# QuadFit found better minimum quadopt=(dt=145.152,rms=0.549049) vs oldopt=(dt=103.68,rms=0.549166)
#GCMRL#  224 dt 145.152000 rms  0.549  0.109% neg 0  invalid 762 tFOTS 5.0100 tGradient 2.0470 tsec 7.4270
#FOTS# QuadFit found better minimum quadopt=(dt=82.944,rms=0.548594) vs oldopt=(dt=103.68,rms=0.54861)
#GCMRL#  225 dt  82.944000 rms  0.549  0.083% neg 0  invalid 762 tFOTS 5.3420 tGradient 2.1040 tsec 7.8550
#GCMRL#  226 dt 103.680000 rms  0.548  0.076% neg 0  invalid 762 tFOTS 5.3030 tGradient 2.3080 tsec 7.9860
#FOTS# QuadFit found better minimum quadopt=(dt=82.944,rms=0.54776) vs oldopt=(dt=103.68,rms=0.547797)
#GCMRL#  227 dt  82.944000 rms  0.548  0.076% neg 0  invalid 762 tFOTS 5.0370 tGradient 2.0410 tsec 7.4550
#GCMRL#  228 dt 103.680000 rms  0.547  0.072% neg 0  invalid 762 tFOTS 5.0950 tGradient 2.0810 tsec 7.5500
#FOTS# QuadFit found better minimum quadopt=(dt=82.944,rms=0.54696) vs oldopt=(dt=103.68,rms=0.547014)
#GCMRL#  229 dt  82.944000 rms  0.547  0.074% neg 0  invalid 762 tFOTS 5.0060 tGradient 2.0440 tsec 7.3970
#GCMRL#  230 dt 103.680000 rms  0.547  0.069% neg 0  invalid 762 tFOTS 5.0020 tGradient 2.4070 tsec 7.7580
#FOTS# QuadFit found better minimum quadopt=(dt=62.208,rms=0.546197) vs oldopt=(dt=103.68,rms=0.546266)
#GCMRL#  231 dt  62.208000 rms  0.546  0.070% neg 0  invalid 762 tFOTS 4.6590 tGradient 2.0810 tsec 7.0820
#FOTS# QuadFit found better minimum quadopt=(dt=248.832,rms=0.545545) vs oldopt=(dt=414.72,rms=0.545728)
#GCMRL#  232 dt 248.832000 rms  0.546  0.119% neg 0  invalid 762 tFOTS 4.5230 tGradient 2.0380 tsec 6.8990
#FOTS# QuadFit found better minimum quadopt=(dt=36.288,rms=0.545048) vs oldopt=(dt=25.92,rms=0.545141)
#GCMRL#  233 dt  36.288000 rms  0.545  0.091% neg 0  invalid 762 tFOTS 4.3200 tGradient 2.0030 tsec 6.6690
#FOTS# QuadFit found better minimum quadopt=(dt=248.832,rms=0.544454) vs oldopt=(dt=414.72,rms=0.544615)
#GCMRL#  234 dt 248.832000 rms  0.544  0.109% neg 0  invalid 762 tFOTS 4.5560 tGradient 1.9780 tsec 6.8850
#FOTS# QuadFit found better minimum quadopt=(dt=36.288,rms=0.543997) vs oldopt=(dt=25.92,rms=0.544092)
#GCMRL#  235 dt  36.288000 rms  0.544  0.084% neg 0  invalid 762 tFOTS 4.1810 tGradient 1.9210 tsec 6.4920
#FOTS# QuadFit found better minimum quadopt=(dt=331.776,rms=0.543282) vs oldopt=(dt=414.72,rms=0.543344)
#GCMRL#  236 dt 331.776000 rms  0.543  0.131% neg 0  invalid 762 tFOTS 4.6860 tGradient 1.9230 tsec 6.9440
#FOTS# QuadFit found better minimum quadopt=(dt=36.288,rms=0.54265) vs oldopt=(dt=25.92,rms=0.542759)
#GCMRL#  237 dt  36.288000 rms  0.543  0.116% neg 0  invalid 762 tFOTS 4.4190 tGradient 2.0490 tsec 6.7980
#FOTS# QuadFit found better minimum quadopt=(dt=145.152,rms=0.542312) vs oldopt=(dt=103.68,rms=0.542342)
#GCMRL#  238 dt 145.152000 rms  0.542  0.062% neg 0  invalid 762 tFOTS 4.7450 tGradient 2.3650 tsec 7.4570
#FOTS# QuadFit found better minimum quadopt=(dt=82.944,rms=0.541965) vs oldopt=(dt=103.68,rms=0.542015)
#GCMRL#  239 dt  82.944000 rms  0.542  0.064% neg 0  invalid 762 tFOTS 4.4620 tGradient 1.9120 tsec 6.6960
#FOTS# QuadFit found better minimum quadopt=(dt=82.944,rms=0.54169) vs oldopt=(dt=103.68,rms=0.541728)
#GCMRL#  240 dt  82.944000 rms  0.542  0.051% neg 0  invalid 762 tFOTS 4.6990 tGradient 1.8960 tsec 6.9450
#GCMRL#  241 dt 103.680000 rms  0.541  0.057% neg 0  invalid 762 tFOTS 5.0600 tGradient 2.2750 tsec 7.7120
#FOTS# QuadFit found better minimum quadopt=(dt=62.208,rms=0.541123) vs oldopt=(dt=103.68,rms=0.541183)
#GCMRL#  242 dt  62.208000 rms  0.541  0.000% neg 0  invalid 762 tFOTS 5.1180 tGradient 2.3700 tsec 7.8560
#GCMRL#  243 dt  62.208000 rms  0.541  0.040% neg 0  invalid 762 tFOTS 0.0000 tGradient 1.9430 tsec 2.2850
#GCMRL#  244 dt  62.208000 rms  0.541  0.063% neg 0  invalid 762 tFOTS 0.0000 tGradient 2.1500 tsec 2.4720
#GCMRL#  245 dt  62.208000 rms  0.540  0.097% neg 0  invalid 762 tFOTS 0.0000 tGradient 1.9060 tsec 2.2330
#GCMRL#  246 dt  62.208000 rms  0.539  0.110% neg 0  invalid 762 tFOTS 0.0000 tGradient 2.1280 tsec 2.4420
#GCMRL#  247 dt  62.208000 rms  0.539  0.133% neg 0  invalid 762 tFOTS 0.0000 tGradient 1.9560 tsec 2.2690
#GCMRL#  248 dt  62.208000 rms  0.538  0.148% neg 0  invalid 762 tFOTS 0.0000 tGradient 1.9290 tsec 2.2550
#GCMRL#  249 dt  62.208000 rms  0.537  0.154% neg 0  invalid 762 tFOTS 0.0000 tGradient 1.9980 tsec 2.3280
#GCMRL#  250 dt  62.208000 rms  0.536  0.160% neg 0  invalid 762 tFOTS 0.0000 tGradient 2.0080 tsec 2.3320
#GCMRL#  251 dt  62.208000 rms  0.535  0.155% neg 0  invalid 762 tFOTS 0.0000 tGradient 2.1850 tsec 2.5130
#GCMRL#  252 dt  62.208000 rms  0.535  0.158% neg 0  invalid 762 tFOTS 0.0000 tGradient 2.1380 tsec 2.4680
#GCMRL#  253 dt  62.208000 rms  0.534  0.154% neg 0  invalid 762 tFOTS 0.0000 tGradient 1.9510 tsec 2.2980
#GCMRL#  254 dt  62.208000 rms  0.533  0.148% neg 0  invalid 762 tFOTS 0.0000 tGradient 2.1620 tsec 2.4900
#GCMRL#  255 dt  62.208000 rms  0.532  0.140% neg 0  invalid 762 tFOTS 0.0000 tGradient 1.9630 tsec 2.2820
#GCMRL#  256 dt  62.208000 rms  0.531  0.135% neg 0  invalid 762 tFOTS 0.0000 tGradient 2.4810 tsec 2.9180
#GCMRL#  257 dt  62.208000 rms  0.531  0.129% neg 0  invalid 762 tFOTS 0.0000 tGradient 2.3210 tsec 2.7110
#GCMRL#  258 dt  62.208000 rms  0.530  0.124% neg 0  invalid 762 tFOTS 0.0000 tGradient 2.2340 tsec 2.6000
#GCMRL#  259 dt  62.208000 rms  0.530  0.120% neg 0  invalid 762 tFOTS 0.0000 tGradient 2.0080 tsec 2.3380
#GCMRL#  260 dt  62.208000 rms  0.529  0.113% neg 0  invalid 762 tFOTS 0.0000 tGradient 1.9390 tsec 2.2550
#GCMRL#  261 dt  62.208000 rms  0.528  0.106% neg 0  invalid 762 tFOTS 0.0000 tGradient 1.9420 tsec 2.2580
#GCMRL#  262 dt  62.208000 rms  0.528  0.101% neg 0  invalid 762 tFOTS 0.0000 tGradient 1.9770 tsec 2.3080
#GCMRL#  263 dt  62.208000 rms  0.527  0.094% neg 0  invalid 762 tFOTS 0.0000 tGradient 1.8920 tsec 2.2370
#GCMRL#  264 dt  62.208000 rms  0.527  0.087% neg 0  invalid 762 tFOTS 0.0000 tGradient 1.9830 tsec 2.3180
#GCMRL#  265 dt  62.208000 rms  0.526  0.084% neg 0  invalid 762 tFOTS 0.0000 tGradient 1.9320 tsec 2.2670
#GCMRL#  266 dt  62.208000 rms  0.526  0.082% neg 0  invalid 762 tFOTS 0.0000 tGradient 1.9870 tsec 2.3090
#GCMRL#  267 dt  62.208000 rms  0.526  0.077% neg 0  invalid 762 tFOTS 0.0000 tGradient 1.9210 tsec 2.2550
#GCMRL#  268 dt  62.208000 rms  0.525  0.069% neg 0  invalid 762 tFOTS 0.0000 tGradient 2.0180 tsec 2.3420
#GCMRL#  269 dt  62.208000 rms  0.525  0.063% neg 0  invalid 762 tFOTS 0.0000 tGradient 1.9460 tsec 2.2830
#GCMRL#  270 dt  62.208000 rms  0.525  0.059% neg 0  invalid 762 tFOTS 0.0000 tGradient 1.9180 tsec 2.2640
#GCMRL#  271 dt  62.208000 rms  0.524  0.057% neg 0  invalid 762 tFOTS 0.0000 tGradient 1.9990 tsec 2.3310
#GCMRL#  272 dt  62.208000 rms  0.524  0.059% neg 0  invalid 762 tFOTS 0.0000 tGradient 2.0230 tsec 2.3510
#GCMRL#  273 dt  62.208000 rms  0.524  0.056% neg 0  invalid 762 tFOTS 0.0000 tGradient 1.9500 tsec 2.2890
#GCMRL#  274 dt  62.208000 rms  0.523  0.054% neg 0  invalid 762 tFOTS 0.0000 tGradient 1.9740 tsec 2.3170
#GCMRL#  275 dt  62.208000 rms  0.523  0.049% neg 0  invalid 762 tFOTS 0.0000 tGradient 1.9480 tsec 2.3500
#GCMRL#  276 dt  62.208000 rms  0.523  0.044% neg 0  invalid 762 tFOTS 0.0000 tGradient 1.9820 tsec 2.3150
#GCMRL#  277 dt  62.208000 rms  0.523  0.052% neg 0  invalid 762 tFOTS 0.0000 tGradient 1.9860 tsec 2.3250
#GCMRL#  278 dt  62.208000 rms  0.522  0.052% neg 0  invalid 762 tFOTS 0.0000 tGradient 1.9460 tsec 2.2860
#GCMRL#  279 dt  62.208000 rms  0.522  0.051% neg 0  invalid 762 tFOTS 0.0000 tGradient 2.2120 tsec 2.5680
#GCMRL#  280 dt  62.208000 rms  0.522  0.048% neg 0  invalid 762 tFOTS 0.0000 tGradient 1.9830 tsec 2.3670
#GCMRL#  281 dt  62.208000 rms  0.522  0.042% neg 0  invalid 762 tFOTS 0.0000 tGradient 1.9600 tsec 2.3070
#GCMRL#  282 dt  62.208000 rms  0.521  0.039% neg 0  invalid 762 tFOTS 0.0000 tGradient 1.9770 tsec 2.3270
#GCMRL#  283 dt  62.208000 rms  0.521  0.039% neg 0  invalid 762 tFOTS 0.0000 tGradient 1.9720 tsec 2.3100
#GCMRL#  284 dt  62.208000 rms  0.521  0.043% neg 0  invalid 762 tFOTS 0.0000 tGradient 1.9860 tsec 2.3060
#GCMRL#  285 dt  62.208000 rms  0.521  0.041% neg 0  invalid 762 tFOTS 0.0000 tGradient 1.9630 tsec 2.3080
#GCMRL#  286 dt  62.208000 rms  0.521  0.036% neg 0  invalid 762 tFOTS 0.0000 tGradient 2.1020 tsec 2.4510
#GCMRL#  287 dt  62.208000 rms  0.520  0.033% neg 0  invalid 762 tFOTS 0.0000 tGradient 2.0390 tsec 2.3740
#GCMRL#  288 dt  62.208000 rms  0.520  0.029% neg 0  invalid 762 tFOTS 0.0000 tGradient 2.0460 tsec 2.3870
#GCMRL#  289 dt  62.208000 rms  0.520  0.037% neg 0  invalid 762 tFOTS 0.0000 tGradient 1.9630 tsec 2.2830
#GCMRL#  290 dt  62.208000 rms  0.520  0.038% neg 0  invalid 762 tFOTS 0.0000 tGradient 2.0050 tsec 2.3310
#GCMRL#  291 dt  62.208000 rms  0.520  0.037% neg 0  invalid 762 tFOTS 0.0000 tGradient 2.0270 tsec 2.3620
#GCMRL#  292 dt  62.208000 rms  0.520  0.029% neg 0  invalid 762 tFOTS 0.0000 tGradient 1.9790 tsec 2.3580
#GCMRL#  293 dt  62.208000 rms  0.519  0.029% neg 0  invalid 762 tFOTS 0.0000 tGradient 2.0350 tsec 2.3760
#GCMRL#  294 dt  62.208000 rms  0.519  0.036% neg 0  invalid 762 tFOTS 0.0000 tGradient 1.9590 tsec 2.3070
#GCMRL#  295 dt  62.208000 rms  0.519  0.036% neg 0  invalid 762 tFOTS 0.0000 tGradient 2.0960 tsec 2.4270
#GCMRL#  296 dt  62.208000 rms  0.519  0.035% neg 0  invalid 762 tFOTS 0.0000 tGradient 2.0110 tsec 2.3370
#GCMRL#  297 dt  62.208000 rms  0.519  0.026% neg 0  invalid 762 tFOTS 0.0000 tGradient 1.9270 tsec 2.2650
#GCMRL#  298 dt  62.208000 rms  0.519  0.027% neg 0  invalid 762 tFOTS 0.0000 tGradient 2.0280 tsec 2.3830
#GCMRL#  299 dt  62.208000 rms  0.518  0.028% neg 0  invalid 762 tFOTS 0.0000 tGradient 2.1000 tsec 2.4700
#GCMRL#  300 dt  62.208000 rms  0.518  0.032% neg 0  invalid 762 tFOTS 0.0000 tGradient 2.2140 tsec 2.5500
#GCMRL#  301 dt  62.208000 rms  0.518  0.037% neg 0  invalid 762 tFOTS 0.0000 tGradient 2.0990 tsec 2.4360
#GCMRL#  302 dt  62.208000 rms  0.518  0.026% neg 0  invalid 762 tFOTS 0.0000 tGradient 2.0840 tsec 2.4180
#GCMRL#  303 dt  62.208000 rms  0.518  0.020% neg 0  invalid 762 tFOTS 0.0000 tGradient 2.1270 tsec 2.4490
#GCMRL#  304 dt  62.208000 rms  0.518  0.020% neg 0  invalid 762 tFOTS 0.0000 tGradient 2.2050 tsec 2.5560
#FOTS# QuadFit found better minimum quadopt=(dt=331.776,rms=0.517555) vs oldopt=(dt=414.72,rms=0.517561)
#GCMRL#  305 dt 331.776000 rms  0.518  0.031% neg 0  invalid 762 tFOTS 4.7670 tGradient 2.1090 tsec 7.2490
#FOTS# QuadFit found better minimum quadopt=(dt=9.072,rms=0.517553) vs oldopt=(dt=6.48,rms=0.517554)
#GCMRL#  306 dt   9.072000 rms  0.518  0.000% neg 0  invalid 762 tFOTS 4.6620 tGradient 2.0930 tsec 7.1540
#GCMRL#  307 dt   9.072000 rms  0.518  0.002% neg 0  invalid 762 tFOTS 0.0000 tGradient 2.1500 tsec 2.4710

#GCAMreg# pass 0 level1 4 level2 1 tsec 547.069 sigma 0.5
l_jacobian=1.00 l_label=1.00 l_log_likelihood=0.20 l_smoothness=0.03 
tol=5.00e-02, dt=5.00e-02, exp_k=20.0, momentum=0.90, levels=6, niter=500, lbl_dist=10.00, avgs=64, sigma=0.5,type=2, relabel=0, neg=no

blurring input image with Gaussian with sigma=0.500...
GCAMRegisterLevel(): init RMS 0.51806
#FOTS# QuadFit found better minimum quadopt=(dt=124.416,rms=0.516382) vs oldopt=(dt=103.68,rms=0.516394)
#GCMRL#  309 dt 124.416000 rms  0.516  0.324% neg 0  invalid 762 tFOTS 4.6330 tGradient 2.0920 tsec 7.0860
#FOTS# QuadFit found better minimum quadopt=(dt=82.944,rms=0.51566) vs oldopt=(dt=103.68,rms=0.515697)
#GCMRL#  310 dt  82.944000 rms  0.516  0.140% neg 0  invalid 762 tFOTS 4.5310 tGradient 2.1050 tsec 7.0170
#FOTS# QuadFit found better minimum quadopt=(dt=62.208,rms=0.515438) vs oldopt=(dt=103.68,rms=0.515495)
#GCMRL#  311 dt  62.208000 rms  0.515  0.000% neg 0  invalid 762 tFOTS 4.7940 tGradient 2.3090 tsec 7.4910
#GCMRL#  312 dt  62.208000 rms  0.515  0.038% neg 0  invalid 762 tFOTS 0.0000 tGradient 2.0150 tsec 2.3480
#GCMRL#  313 dt  62.208000 rms  0.515  0.062% neg 0  invalid 762 tFOTS 0.0000 tGradient 2.0380 tsec 2.3490
#GCMRL#  314 dt  62.208000 rms  0.515  0.066% neg 0  invalid 762 tFOTS 0.0000 tGradient 2.0300 tsec 2.3320
#GCMRL#  315 dt  62.208000 rms  0.514  0.056% neg 0  invalid 762 tFOTS 0.0000 tGradient 1.9320 tsec 2.2420
#GCMRL#  316 dt  62.208000 rms  0.514  0.057% neg 0  invalid 762 tFOTS 0.0000 tGradient 1.8950 tsec 2.2010
#GCMRL#  317 dt  62.208000 rms  0.514  0.055% neg 0  invalid 762 tFOTS 0.0000 tGradient 1.8820 tsec 2.1960
#GCMRL#  318 dt  62.208000 rms  0.514  0.043% neg 0  invalid 762 tFOTS 0.0000 tGradient 2.1610 tsec 2.5300
#GCMRL#  319 dt  62.208000 rms  0.513  0.031% neg 0  invalid 762 tFOTS 0.0000 tGradient 2.2350 tsec 2.5900
#GCMRL#  320 dt  62.208000 rms  0.513  0.026% neg 0  invalid 762 tFOTS 0.0000 tGradient 2.1510 tsec 2.4870
#GCMRL#  321 dt  62.208000 rms  0.513  0.034% neg 0  invalid 762 tFOTS 0.0000 tGradient 1.9040 tsec 2.2080
#GCMRL#  322 dt  62.208000 rms  0.513  0.033% neg 0  invalid 762 tFOTS 0.0000 tGradient 1.8900 tsec 2.1920
#GCMRL#  323 dt  62.208000 rms  0.513  0.026% neg 0  invalid 762 tFOTS 0.0000 tGradient 1.9170 tsec 2.2380
#GCMRL#  324 dt  62.208000 rms  0.513  0.028% neg 0  invalid 762 tFOTS 0.0000 tGradient 1.9270 tsec 2.2340
#GCMRL#  325 dt  62.208000 rms  0.512  0.029% neg 0  invalid 762 tFOTS 0.0000 tGradient 1.9440 tsec 2.2740
#GCMRL#  326 dt  62.208000 rms  0.512  0.040% neg 0  invalid 762 tFOTS 0.0000 tGradient 1.9180 tsec 2.2390
#GCMRL#  327 dt  62.208000 rms  0.512  0.035% neg 0  invalid 762 tFOTS 0.0000 tGradient 2.0120 tsec 2.3320
#GCMRL#  328 dt  62.208000 rms  0.512  0.030% neg 0  invalid 762 tFOTS 0.0000 tGradient 1.9720 tsec 2.2950
#GCMRL#  329 dt  62.208000 rms  0.512  0.041% neg 0  invalid 762 tFOTS 0.0000 tGradient 1.9470 tsec 2.2800
#GCMRL#  330 dt  62.208000 rms  0.511  0.044% neg 0  invalid 762 tFOTS 0.0000 tGradient 1.9910 tsec 2.3230
#GCMRL#  331 dt  62.208000 rms  0.511  0.038% neg 0  invalid 762 tFOTS 0.0000 tGradient 1.9850 tsec 2.3130
#GCMRL#  332 dt  62.208000 rms  0.511  0.034% neg 0  invalid 762 tFOTS 0.0000 tGradient 1.9710 tsec 2.3170
#GCMRL#  333 dt  62.208000 rms  0.511  0.029% neg 0  invalid 762 tFOTS 0.0000 tGradient 1.9900 tsec 2.3140
#GCMRL#  334 dt  62.208000 rms  0.511  0.030% neg 0  invalid 762 tFOTS 0.0000 tGradient 1.9030 tsec 2.2290
#GCMRL#  335 dt  62.208000 rms  0.511  0.038% neg 0  invalid 762 tFOTS 0.0000 tGradient 2.0440 tsec 2.3740
#GCMRL#  336 dt  62.208000 rms  0.510  0.040% neg 0  invalid 762 tFOTS 0.0000 tGradient 1.9550 tsec 2.2830
#GCMRL#  337 dt  62.208000 rms  0.510  0.032% neg 0  invalid 762 tFOTS 0.0000 tGradient 2.2300 tsec 2.5610
#GCMRL#  338 dt  62.208000 rms  0.510  0.032% neg 0  invalid 762 tFOTS 0.0000 tGradient 1.9180 tsec 2.2480
#GCMRL#  339 dt  62.208000 rms  0.510  0.025% neg 0  invalid 762 tFOTS 0.0000 tGradient 1.8950 tsec 2.2190
#GCMRL#  340 dt  62.208000 rms  0.510  0.021% neg 0  invalid 762 tFOTS 0.0000 tGradient 2.3290 tsec 2.7270
#FOTS# QuadFit found better minimum quadopt=(dt=124.416,rms=0.509732) vs oldopt=(dt=103.68,rms=0.509735)
#GCMRL#  341 dt 124.416000 rms  0.510  0.022% neg 0  invalid 762 tFOTS 4.6700 tGradient 1.9370 tsec 6.9650
#GCMRL#  342 dt  25.920000 rms  0.510  0.000% neg 0  invalid 762 tFOTS 4.8060 tGradient 2.0930 tsec 7.2750
setting smoothness cost coefficient to 0.118

#GCAMreg# pass 0 level1 3 level2 0 tsec 0 sigma 2
l_jacobian=1.00 l_label=1.00 l_log_likelihood=0.20 l_smoothness=0.12 
tol=5.00e-02, dt=5.00e-02, exp_k=20.0, momentum=0.90, levels=6, niter=500, lbl_dist=10.00, avgs=16, sigma=2.0,type=2, relabel=0, neg=no

blurring input image with Gaussian with sigma=2.000...
GCAMRegisterLevel(): init RMS 0.523196
#FOTS# QuadFit found better minimum quadopt=(dt=25.6,rms=0.521614) vs oldopt=(dt=32,rms=0.521708)
#GCMRL#  344 dt  25.600000 rms  0.522  0.302% neg 0  invalid 762 tFOTS 4.5080 tGradient 1.8440 tsec 6.7090
#FOTS# QuadFit found better minimum quadopt=(dt=83.5918,rms=0.519798) vs oldopt=(dt=32,rms=0.520168)
#GCMRL#  345 dt  83.591837 rms  0.520  0.348% neg 0  invalid 762 tFOTS 4.6860 tGradient 1.8830 tsec 6.9360
#FOTS# QuadFit found better minimum quadopt=(dt=76.8,rms=0.516351) vs oldopt=(dt=128,rms=0.516905)
#GCMRL#  346 dt  76.800000 rms  0.516  0.663% neg 0  invalid 762 tFOTS 4.5980 tGradient 1.7000 tsec 6.7080
#FOTS# QuadFit found better minimum quadopt=(dt=25.0547,rms=0.513686) vs oldopt=(dt=32,rms=0.513987)
#GCMRL#  347 dt  25.054662 rms  0.514  0.516% neg 0  invalid 762 tFOTS 4.8320 tGradient 1.7970 tsec 7.0240
#FOTS# QuadFit found better minimum quadopt=(dt=44.8,rms=0.512613) vs oldopt=(dt=32,rms=0.512755)
#GCMRL#  348 dt  44.800000 rms  0.513  0.209% neg 0  invalid 762 tFOTS 4.7610 tGradient 2.0510 tsec 7.1610
#FOTS# QuadFit found better minimum quadopt=(dt=44.8,rms=0.511036) vs oldopt=(dt=32,rms=0.511124)
#GCMRL#  349 dt  44.800000 rms  0.511  0.308% neg 0  invalid 762 tFOTS 4.4990 tGradient 1.7600 tsec 6.6170
#FOTS# QuadFit found better minimum quadopt=(dt=25.1429,rms=0.510075) vs oldopt=(dt=32,rms=0.510197)
#GCMRL#  350 dt  25.142857 rms  0.510  0.188% neg 0  invalid 762 tFOTS 4.7020 tGradient 1.7330 tsec 6.8200
#FOTS# QuadFit found better minimum quadopt=(dt=44.8,rms=0.508737) vs oldopt=(dt=32,rms=0.508979)
#GCMRL#  351 dt  44.800000 rms  0.509  0.262% neg 0  invalid 762 tFOTS 4.6880 tGradient 1.8890 tsec 6.9430
#FOTS# QuadFit found better minimum quadopt=(dt=25.6,rms=0.508098) vs oldopt=(dt=32,rms=0.508102)
#GCMRL#  352 dt  25.600000 rms  0.508  0.126% neg 0  invalid 762 tFOTS 4.5410 tGradient 1.6980 tsec 6.6060
#FOTS# QuadFit found better minimum quadopt=(dt=44.8,rms=0.507003) vs oldopt=(dt=32,rms=0.507194)
#GCMRL#  353 dt  44.800000 rms  0.507  0.215% neg 0  invalid 762 tFOTS 4.6990 tGradient 1.7360 tsec 6.7750
#FOTS# QuadFit found better minimum quadopt=(dt=25.6,rms=0.506434) vs oldopt=(dt=32,rms=0.506437)
#GCMRL#  354 dt  25.600000 rms  0.506  0.112% neg 0  invalid 762 tFOTS 4.5360 tGradient 1.6500 tsec 6.5310
#FOTS# QuadFit found better minimum quadopt=(dt=44.8,rms=0.505529) vs oldopt=(dt=32,rms=0.505667)
#GCMRL#  355 dt  44.800000 rms  0.506  0.179% neg 0  invalid 762 tFOTS 4.6650 tGradient 1.6780 tsec 6.6650
#FOTS# QuadFit found better minimum quadopt=(dt=25.6,rms=0.504988) vs oldopt=(dt=32,rms=0.504991)
#GCMRL#  356 dt  25.600000 rms  0.505  0.107% neg 0  invalid 762 tFOTS 4.5870 tGradient 1.9630 tsec 6.8770
#FOTS# QuadFit found better minimum quadopt=(dt=44.8,rms=0.504164) vs oldopt=(dt=32,rms=0.504287)
#GCMRL#  357 dt  44.800000 rms  0.504  0.163% neg 0  invalid 762 tFOTS 4.5890 tGradient 1.6470 tsec 6.5610
#FOTS# QuadFit found better minimum quadopt=(dt=25.6,rms=0.503721) vs oldopt=(dt=32,rms=0.503729)
#GCMRL#  358 dt  25.600000 rms  0.504  0.088% neg 0  invalid 762 tFOTS 4.6610 tGradient 1.6330 tsec 6.6600
#FOTS# QuadFit found better minimum quadopt=(dt=44.8,rms=0.502923) vs oldopt=(dt=32,rms=0.503045)
#GCMRL#  359 dt  44.800000 rms  0.503  0.158% neg 0  invalid 762 tFOTS 4.2330 tGradient 1.9130 tsec 6.4830
#GCMRL#  360 dt  32.000000 rms  0.503  0.079% neg 0  invalid 762 tFOTS 4.4750 tGradient 1.5990 tsec 6.3890
#FOTS# QuadFit found better minimum quadopt=(dt=38.4,rms=0.501907) vs oldopt=(dt=32,rms=0.501917)
#GCMRL#  361 dt  38.400000 rms  0.502  0.123% neg 0  invalid 762 tFOTS 4.4390 tGradient 1.6040 tsec 6.3840
#FOTS# QuadFit found better minimum quadopt=(dt=25.6,rms=0.501532) vs oldopt=(dt=32,rms=0.501551)
#GCMRL#  362 dt  25.600000 rms  0.502  0.075% neg 0  invalid 762 tFOTS 4.3560 tGradient 1.6460 tsec 6.3810
#FOTS# QuadFit found better minimum quadopt=(dt=44.8,rms=0.50088) vs oldopt=(dt=32,rms=0.50097)
#GCMRL#  363 dt  44.800000 rms  0.501  0.130% neg 0  invalid 762 tFOTS 4.1460 tGradient 1.6610 tsec 6.1860
#FOTS# QuadFit found better minimum quadopt=(dt=25.6,rms=0.500573) vs oldopt=(dt=32,rms=0.500587)
#GCMRL#  364 dt  25.600000 rms  0.501  0.061% neg 0  invalid 762 tFOTS 4.3940 tGradient 1.7260 tsec 6.4640
#FOTS# QuadFit found better minimum quadopt=(dt=44.8,rms=0.500009) vs oldopt=(dt=32,rms=0.500078)
#GCMRL#  365 dt  44.800000 rms  0.500  0.113% neg 0  invalid 762 tFOTS 4.1940 tGradient 1.7080 tsec 6.2280
#FOTS# QuadFit found better minimum quadopt=(dt=25.6,rms=0.499712) vs oldopt=(dt=32,rms=0.499728)
#GCMRL#  366 dt  25.600000 rms  0.500  0.059% neg 0  invalid 762 tFOTS 4.3720 tGradient 1.8520 tsec 6.5760
#FOTS# QuadFit found better minimum quadopt=(dt=44.8,rms=0.499207) vs oldopt=(dt=32,rms=0.499261)
#GCMRL#  367 dt  44.800000 rms  0.499  0.101% neg 0  invalid 762 tFOTS 4.4630 tGradient 1.6770 tsec 6.5050
#FOTS# QuadFit found better minimum quadopt=(dt=25.6,rms=0.498936) vs oldopt=(dt=32,rms=0.498964)
#GCMRL#  368 dt  25.600000 rms  0.499  0.054% neg 0  invalid 762 tFOTS 4.6490 tGradient 1.7630 tsec 6.7570
#FOTS# QuadFit found better minimum quadopt=(dt=38.4,rms=0.49851) vs oldopt=(dt=32,rms=0.498525)
#GCMRL#  369 dt  38.400000 rms  0.499  0.085% neg 0  invalid 762 tFOTS 4.7170 tGradient 1.7490 tsec 6.8260
#FOTS# QuadFit found better minimum quadopt=(dt=25.6,rms=0.498258) vs oldopt=(dt=32,rms=0.498278)
#GCMRL#  370 dt  25.600000 rms  0.498  0.050% neg 0  invalid 762 tFOTS 4.6050 tGradient 1.8220 tsec 6.7910
#FOTS# QuadFit found better minimum quadopt=(dt=38.4,rms=0.497845) vs oldopt=(dt=32,rms=0.497863)
#GCMRL#  371 dt  38.400000 rms  0.498  0.083% neg 0  invalid 762 tFOTS 4.2980 tGradient 1.6910 tsec 6.3300
#FOTS# QuadFit found better minimum quadopt=(dt=25.6,rms=0.497628) vs oldopt=(dt=32,rms=0.497644)
#GCMRL#  372 dt  25.600000 rms  0.498  0.000% neg 0  invalid 762 tFOTS 4.5580 tGradient 1.7310 tsec 6.6820
#GCMRL#  373 dt  25.600000 rms  0.497  0.062% neg 0  invalid 762 tFOTS 0.0000 tGradient 1.6620 tsec 1.9860
#GCMRL#  374 dt  25.600000 rms  0.497  0.088% neg 0  invalid 762 tFOTS 0.0000 tGradient 1.7310 tsec 2.0560
#GCMRL#  375 dt  25.600000 rms  0.496  0.118% neg 0  invalid 762 tFOTS 0.0000 tGradient 1.6740 tsec 1.9850
#GCMRL#  376 dt  25.600000 rms  0.496  0.141% neg 0  invalid 762 tFOTS 0.0000 tGradient 1.6660 tsec 1.9860
#GCMRL#  377 dt  25.600000 rms  0.495  0.171% neg 0  invalid 762 tFOTS 0.0000 tGradient 1.6430 tsec 1.9560
#GCMRL#  378 dt  25.600000 rms  0.495  0.037% neg 0  invalid 762 tFOTS 0.0000 tGradient 1.6590 tsec 2.1750
#GCMRL#  379 dt  25.600000 rms  0.494  0.057% neg 0  invalid 762 tFOTS 0.0000 tGradient 1.8410 tsec 2.1660
#GCMRL#  380 dt  25.600000 rms  0.494  0.080% neg 0  invalid 762 tFOTS 0.0000 tGradient 1.6380 tsec 1.9590
#GCMRL#  381 dt  25.600000 rms  0.493  0.101% neg 0  invalid 762 tFOTS 0.0000 tGradient 1.6790 tsec 1.9940
#GCMRL#  382 dt  25.600000 rms  0.493  0.116% neg 0  invalid 762 tFOTS 0.0000 tGradient 1.7010 tsec 2.0190
#GCMRL#  383 dt  25.600000 rms  0.492  0.139% neg 0  invalid 762 tFOTS 0.0000 tGradient 1.6990 tsec 2.0130
#GCMRL#  384 dt  25.600000 rms  0.491  0.144% neg 0  invalid 762 tFOTS 0.0000 tGradient 1.6580 tsec 1.9750
#GCMRL#  385 dt  25.600000 rms  0.491  0.151% neg 0  invalid 762 tFOTS 0.0000 tGradient 1.6730 tsec 1.9890
#GCMRL#  386 dt  25.600000 rms  0.490  0.147% neg 0  invalid 762 tFOTS 0.0000 tGradient 1.6710 tsec 1.9790
#GCMRL#  387 dt  25.600000 rms  0.489  0.142% neg 0  invalid 762 tFOTS 0.0000 tGradient 1.7810 tsec 2.1040
#GCMRL#  388 dt  25.600000 rms  0.489  0.135% neg 0  invalid 762 tFOTS 0.0000 tGradient 1.6270 tsec 1.9540
#GCMRL#  389 dt  25.600000 rms  0.489  0.010% neg 0  invalid 762 tFOTS 0.0000 tGradient 1.6150 tsec 2.1260
#GCMRL#  390 dt  25.600000 rms  0.488  0.018% neg 0  invalid 762 tFOTS 0.0000 tGradient 1.9540 tsec 2.3120
#GCMRL#  391 dt  25.600000 rms  0.488  0.009% neg 0  invalid 762 tFOTS 0.0000 tGradient 1.7710 tsec 2.3200
#GCMRL#  392 dt  32.000000 rms  0.488  0.010% neg 0  invalid 762 tFOTS 4.3860 tGradient 1.8640 tsec 6.5840
#FOTS# QuadFit found better minimum quadopt=(dt=11.2,rms=0.488342) vs oldopt=(dt=8,rms=0.48835)
#GCMRL#  393 dt  11.200000 rms  0.488  0.000% neg 0  invalid 762 tFOTS 4.4820 tGradient 1.7810 tsec 6.6130
#GCMRL#  394 dt  11.200000 rms  0.488  0.007% neg 0  invalid 762 tFOTS 0.0000 tGradient 1.6490 tsec 1.9660
#GCMRL#  395 dt  11.200000 rms  0.488  0.007% neg 0  invalid 762 tFOTS 0.0000 tGradient 1.6420 tsec 1.9660
#GCMRL#  396 dt  11.200000 rms  0.488  0.012% neg 0  invalid 762 tFOTS 0.0000 tGradient 1.6890 tsec 2.0060
#GCMRL#  397 dt  11.200000 rms  0.488  0.017% neg 0  invalid 762 tFOTS 0.0000 tGradient 1.8410 tsec 2.1650
#GCMRL#  398 dt  11.200000 rms  0.488  0.017% neg 0  invalid 762 tFOTS 0.0000 tGradient 1.6270 tsec 1.9480
#GCMRL#  399 dt  11.200000 rms  0.488  0.021% neg 0  invalid 762 tFOTS 0.0000 tGradient 1.6650 tsec 2.0020
#GCMRL#  400 dt  11.200000 rms  0.488  0.024% neg 0  invalid 762 tFOTS 0.0000 tGradient 1.6070 tsec 1.9260
#GCMRL#  401 dt  11.200000 rms  0.488  0.024% neg 0  invalid 762 tFOTS 0.0000 tGradient 1.6310 tsec 1.9570
#GCMRL#  402 dt  11.200000 rms  0.488  0.028% neg 0  invalid 762 tFOTS 0.0000 tGradient 1.7280 tsec 2.0450
#GCMRL#  403 dt  11.200000 rms  0.487  0.031% neg 0  invalid 762 tFOTS 0.0000 tGradient 1.7160 tsec 2.0440
#GCMRL#  404 dt  11.200000 rms  0.487  0.032% neg 0  invalid 762 tFOTS 0.0000 tGradient 1.7550 tsec 2.1030
#GCMRL#  405 dt  11.200000 rms  0.487  0.032% neg 0  invalid 762 tFOTS 0.0000 tGradient 2.0940 tsec 2.5060
#GCMRL#  406 dt  11.200000 rms  0.487  0.034% neg 0  invalid 762 tFOTS 0.0000 tGradient 2.0670 tsec 2.4070
#GCMRL#  407 dt  11.200000 rms  0.487  0.036% neg 0  invalid 762 tFOTS 0.0000 tGradient 1.7440 tsec 2.0640
#GCMRL#  408 dt  11.200000 rms  0.487  0.038% neg 0  invalid 762 tFOTS 0.0000 tGradient 1.6700 tsec 1.9990
#GCMRL#  409 dt  11.200000 rms  0.486  0.038% neg 0  invalid 762 tFOTS 0.0000 tGradient 1.7140 tsec 2.0270
#GCMRL#  410 dt  11.200000 rms  0.486  0.038% neg 0  invalid 762 tFOTS 0.0000 tGradient 1.6890 tsec 2.0190
#GCMRL#  411 dt  11.200000 rms  0.486  0.036% neg 0  invalid 762 tFOTS 0.0000 tGradient 1.7090 tsec 2.0420
#GCMRL#  412 dt  11.200000 rms  0.486  0.039% neg 0  invalid 762 tFOTS 0.0000 tGradient 1.8650 tsec 2.2350
#GCMRL#  413 dt  11.200000 rms  0.486  0.036% neg 0  invalid 762 tFOTS 0.0000 tGradient 1.7200 tsec 2.0360
#GCMRL#  414 dt  11.200000 rms  0.485  0.037% neg 0  invalid 762 tFOTS 0.0000 tGradient 1.7200 tsec 2.0380
#GCMRL#  415 dt  11.200000 rms  0.485  0.037% neg 0  invalid 762 tFOTS 0.0000 tGradient 1.7020 tsec 2.0280
#GCMRL#  416 dt  11.200000 rms  0.485  0.036% neg 0  invalid 762 tFOTS 0.0000 tGradient 1.6940 tsec 2.0150
#GCMRL#  417 dt  11.200000 rms  0.485  0.036% neg 0  invalid 762 tFOTS 0.0000 tGradient 1.6970 tsec 2.0250
#GCMRL#  418 dt  11.200000 rms  0.485  0.036% neg 0  invalid 762 tFOTS 0.0000 tGradient 1.6740 tsec 2.0000
#GCMRL#  419 dt  11.200000 rms  0.485  0.032% neg 0  invalid 762 tFOTS 0.0000 tGradient 1.6730 tsec 1.9960
#GCMRL#  420 dt  11.200000 rms  0.484  0.032% neg 0  invalid 762 tFOTS 0.0000 tGradient 1.7350 tsec 2.0620
#GCMRL#  421 dt  11.200000 rms  0.484  0.030% neg 0  invalid 762 tFOTS 0.0000 tGradient 1.6820 tsec 2.0030
#GCMRL#  422 dt  11.200000 rms  0.484  0.029% neg 0  invalid 762 tFOTS 0.0000 tGradient 1.9270 tsec 2.2990
#GCMRL#  423 dt  11.200000 rms  0.484  0.030% neg 0  invalid 762 tFOTS 0.0000 tGradient 2.0250 tsec 2.3980
#GCMRL#  424 dt  11.200000 rms  0.484  0.030% neg 0  invalid 762 tFOTS 0.0000 tGradient 1.7480 tsec 2.0700
#GCMRL#  425 dt  11.200000 rms  0.484  0.027% neg 0  invalid 762 tFOTS 0.0000 tGradient 1.7180 tsec 2.0480
#GCMRL#  426 dt  11.200000 rms  0.484  0.027% neg 0  invalid 762 tFOTS 0.0000 tGradient 1.7560 tsec 2.0880
#GCMRL#  427 dt  11.200000 rms  0.484  0.028% neg 0  invalid 762 tFOTS 0.0000 tGradient 1.8520 tsec 2.1740
#GCMRL#  428 dt  11.200000 rms  0.483  0.025% neg 0  invalid 762 tFOTS 0.0000 tGradient 1.7510 tsec 2.0700
#GCMRL#  429 dt  11.200000 rms  0.483  0.026% neg 0  invalid 762 tFOTS 0.0000 tGradient 1.7880 tsec 2.1250
#GCMRL#  430 dt  11.200000 rms  0.483  0.025% neg 0  invalid 762 tFOTS 0.0000 tGradient 1.7680 tsec 2.1090
#GCMRL#  431 dt  11.200000 rms  0.483  0.024% neg 0  invalid 762 tFOTS 0.0000 tGradient 2.0030 tsec 2.3450
#GCMRL#  432 dt  11.200000 rms  0.483  0.022% neg 0  invalid 762 tFOTS 0.0000 tGradient 1.8180 tsec 2.1760
#FOTS# QuadFit found better minimum quadopt=(dt=44.8,rms=0.482881) vs oldopt=(dt=32,rms=0.482887)
#GCMRL#  433 dt  44.800000 rms  0.483  0.000% neg 0  invalid 762 tFOTS 4.6110 tGradient 1.8210 tsec 6.8310

#GCAMreg# pass 0 level1 3 level2 1 tsec 344.884 sigma 0.5
l_jacobian=1.00 l_label=1.00 l_log_likelihood=0.20 l_smoothness=0.12 
tol=5.00e-02, dt=5.00e-02, exp_k=20.0, momentum=0.90, levels=6, niter=500, lbl_dist=10.00, avgs=16, sigma=0.5,type=2, relabel=0, neg=no

blurring input image with Gaussian with sigma=0.500...
GCAMRegisterLevel(): init RMS 0.483286
#FOTS# QuadFit found better minimum quadopt=(dt=38.4,rms=0.481317) vs oldopt=(dt=32,rms=0.48139)
#GCMRL#  435 dt  38.400000 rms  0.481  0.408% neg 0  invalid 762 tFOTS 4.6270 tGradient 1.7770 tsec 6.7480
#GCMRL#  436 dt  32.000000 rms  0.481  0.150% neg 0  invalid 762 tFOTS 4.9250 tGradient 1.7420 tsec 7.0640
#FOTS# QuadFit found better minimum quadopt=(dt=11.2,rms=0.480423) vs oldopt=(dt=8,rms=0.480458)
#GCMRL#  437 dt  11.200000 rms  0.480  0.000% neg 0  invalid 762 tFOTS 4.5140 tGradient 1.7680 tsec 6.6520
#GCMRL#  438 dt  11.200000 rms  0.480  0.025% neg 0  invalid 762 tFOTS 0.0000 tGradient 1.7480 tsec 2.0680
#GCMRL#  439 dt  11.200000 rms  0.480  0.036% neg 0  invalid 762 tFOTS 0.0000 tGradient 1.7100 tsec 2.0220
#GCMRL#  440 dt  11.200000 rms  0.480  0.047% neg 0  invalid 762 tFOTS 0.0000 tGradient 1.7310 tsec 2.0520
#GCMRL#  441 dt  11.200000 rms  0.480  0.050% neg 0  invalid 762 tFOTS 0.0000 tGradient 1.7000 tsec 2.0310
#GCMRL#  442 dt  11.200000 rms  0.479  0.046% neg 0  invalid 762 tFOTS 0.0000 tGradient 1.7090 tsec 2.0370
#GCMRL#  443 dt  11.200000 rms  0.479  0.033% neg 0  invalid 762 tFOTS 0.0000 tGradient 1.7590 tsec 2.0810
#GCMRL#  444 dt  11.200000 rms  0.479  0.024% neg 0  invalid 762 tFOTS 0.0000 tGradient 1.6950 tsec 2.0320
#GCMRL#  445 dt  11.200000 rms  0.479  0.020% neg 0  invalid 762 tFOTS 0.0000 tGradient 1.7090 tsec 2.0740
#FOTS# QuadFit found better minimum quadopt=(dt=76.8,rms=0.478837) vs oldopt=(dt=128,rms=0.478879)
#GCMRL#  446 dt  76.800000 rms  0.479  0.048% neg 0  invalid 762 tFOTS 4.5830 tGradient 1.7050 tsec 6.6130
#FOTS# QuadFit found better minimum quadopt=(dt=25.6,rms=0.478699) vs oldopt=(dt=32,rms=0.4787)
#GCMRL#  447 dt  25.600000 rms  0.479  0.000% neg 0  invalid 762 tFOTS 4.2020 tGradient 1.7030 tsec 6.2700
#GCMRL#  448 dt  25.600000 rms  0.479  0.025% neg 0  invalid 762 tFOTS 0.0000 tGradient 1.7680 tsec 2.1000
#GCMRL#  449 dt  25.600000 rms  0.478  0.023% neg 0  invalid 762 tFOTS 0.0000 tGradient 1.6940 tsec 2.0100
#GCMRL#  450 dt  25.600000 rms  0.478  0.040% neg 0  invalid 762 tFOTS 0.0000 tGradient 1.7340 tsec 2.0770
#GCMRL#  451 dt  25.600000 rms  0.478  0.045% neg 0  invalid 762 tFOTS 0.0000 tGradient 2.0710 tsec 2.4550
#GCMRL#  452 dt  25.600000 rms  0.478  0.051% neg 0  invalid 762 tFOTS 0.0000 tGradient 1.7650 tsec 2.0920
#GCMRL#  453 dt  25.600000 rms  0.478  0.043% neg 0  invalid 762 tFOTS 0.0000 tGradient 1.7410 tsec 2.0730
#GCMRL#  454 dt  25.600000 rms  0.477  0.040% neg 0  invalid 762 tFOTS 0.0000 tGradient 1.7290 tsec 2.0640
#GCMRL#  455 dt  25.600000 rms  0.477  0.041% neg 0  invalid 762 tFOTS 0.0000 tGradient 1.7460 tsec 2.0740
#GCMRL#  456 dt  25.600000 rms  0.477  0.052% neg 0  invalid 762 tFOTS 0.0000 tGradient 1.7020 tsec 2.0340
#GCMRL#  457 dt  25.600000 rms  0.477  0.038% neg 0  invalid 762 tFOTS 0.0000 tGradient 1.8440 tsec 2.1880
#GCMRL#  458 dt  25.600000 rms  0.477  0.033% neg 0  invalid 762 tFOTS 0.0000 tGradient 1.7530 tsec 2.0950
#GCMRL#  459 dt  25.600000 rms  0.476  0.034% neg 0  invalid 762 tFOTS 0.0000 tGradient 1.7610 tsec 2.0960
#GCMRL#  460 dt  25.600000 rms  0.476  0.037% neg 0  invalid 762 tFOTS 0.0000 tGradient 1.7560 tsec 2.1100
#GCMRL#  461 dt  25.600000 rms  0.476  0.032% neg 0  invalid 762 tFOTS 0.0000 tGradient 1.9560 tsec 2.3350
#GCMRL#  462 dt  25.600000 rms  0.476  0.031% neg 0  invalid 762 tFOTS 0.0000 tGradient 2.0220 tsec 2.4330
#GCMRL#  463 dt  25.600000 rms  0.476  0.029% neg 0  invalid 762 tFOTS 0.0000 tGradient 2.0150 tsec 2.4320
#GCMRL#  464 dt  25.600000 rms  0.476  0.031% neg 0  invalid 762 tFOTS 0.0000 tGradient 1.9810 tsec 2.3240
#GCMRL#  465 dt  25.600000 rms  0.476  0.029% neg 0  invalid 762 tFOTS 0.0000 tGradient 1.7020 tsec 2.0460
#GCMRL#  466 dt  25.600000 rms  0.475  0.028% neg 0  invalid 762 tFOTS 0.0000 tGradient 1.6950 tsec 2.0170
#GCMRL#  467 dt  25.600000 rms  0.475  0.037% neg 0  invalid 762 tFOTS 0.0000 tGradient 1.6680 tsec 1.9810
#GCMRL#  468 dt  25.600000 rms  0.475  0.030% neg 0  invalid 762 tFOTS 0.0000 tGradient 1.6370 tsec 1.9550
#GCMRL#  469 dt  25.600000 rms  0.475  0.028% neg 0  invalid 762 tFOTS 0.0000 tGradient 1.5950 tsec 1.9160
#GCMRL#  470 dt  25.600000 rms  0.475  0.035% neg 0  invalid 762 tFOTS 0.0000 tGradient 1.6850 tsec 2.0140
#GCMRL#  471 dt  25.600000 rms  0.475  0.029% neg 0  invalid 762 tFOTS 0.0000 tGradient 1.6850 tsec 2.0130
#GCMRL#  472 dt  25.600000 rms  0.475  0.023% neg 0  invalid 762 tFOTS 0.0000 tGradient 1.6080 tsec 1.9270
#GCMRL#  473 dt  25.600000 rms  0.474  0.033% neg 0  invalid 762 tFOTS 0.0000 tGradient 1.6380 tsec 1.9510
#GCMRL#  474 dt  25.600000 rms  0.474  0.031% neg 0  invalid 762 tFOTS 0.0000 tGradient 1.6690 tsec 1.9820
#GCMRL#  475 dt  25.600000 rms  0.474  0.026% neg 0  invalid 762 tFOTS 0.0000 tGradient 1.6560 tsec 1.9750
#GCMRL#  476 dt  25.600000 rms  0.474  0.028% neg 0  invalid 762 tFOTS 0.0000 tGradient 1.6370 tsec 1.9560
#GCMRL#  477 dt  25.600000 rms  0.474  0.028% neg 0  invalid 762 tFOTS 0.0000 tGradient 1.6300 tsec 1.9600
#GCMRL#  478 dt  25.600000 rms  0.474  0.029% neg 0  invalid 762 tFOTS 0.0000 tGradient 1.6250 tsec 1.9460
#GCMRL#  479 dt  25.600000 rms  0.474  0.023% neg 0  invalid 762 tFOTS 0.0000 tGradient 1.6300 tsec 1.9430
#GCMRL#  480 dt  25.600000 rms  0.474  0.025% neg 0  invalid 762 tFOTS 0.0000 tGradient 1.6310 tsec 1.9540
#GCMRL#  481 dt  25.600000 rms  0.473  0.026% neg 0  invalid 762 tFOTS 0.0000 tGradient 1.6390 tsec 1.9820
#GCMRL#  482 dt  25.600000 rms  0.473  0.024% neg 0  invalid 762 tFOTS 0.0000 tGradient 1.9450 tsec 2.3240
#GCMRL#  483 dt  25.600000 rms  0.473  0.019% neg 0  invalid 762 tFOTS 0.0000 tGradient 1.7140 tsec 2.0760
#FOTS# QuadFit found better minimum quadopt=(dt=44.8,rms=0.473164) vs oldopt=(dt=32,rms=0.473171)
#GCMRL#  484 dt  44.800000 rms  0.473  0.000% neg 0  invalid 762 tFOTS 4.6720 tGradient 1.7480 tsec 6.8370
setting smoothness cost coefficient to 0.400

#GCAMreg# pass 0 level1 2 level2 0 tsec 0 sigma 2
l_jacobian=1.00 l_label=1.00 l_log_likelihood=0.20 l_smoothness=0.40 
tol=5.00e-02, dt=5.00e-02, exp_k=20.0, momentum=0.90, levels=6, niter=500, lbl_dist=10.00, avgs=4, sigma=2.0,type=2, relabel=0, neg=no

blurring input image with Gaussian with sigma=2.000...
GCAMRegisterLevel(): init RMS 0.501165
#GCMRL#  486 dt   0.000000 rms  0.501  0.075% neg 0  invalid 762 tFOTS 3.8100 tGradient 1.5750 tsec 5.7540
#GCMRL#  487 dt   0.150000 rms  0.501  0.000% neg 0  invalid 762 tFOTS 3.8450 tGradient 1.4270 tsec 5.8630

#GCAMreg# pass 0 level1 2 level2 1 tsec 23.135 sigma 0.5
l_jacobian=1.00 l_label=1.00 l_log_likelihood=0.20 l_smoothness=0.40 
tol=5.00e-02, dt=5.00e-02, exp_k=20.0, momentum=0.90, levels=6, niter=500, lbl_dist=10.00, avgs=4, sigma=0.5,type=2, relabel=0, neg=no

blurring input image with Gaussian with sigma=0.500...
GCAMRegisterLevel(): init RMS 0.501165
#GCMRL#  489 dt   0.000000 rms  0.501  0.075% neg 0  invalid 762 tFOTS 4.7440 tGradient 1.5400 tsec 6.6740
#GCMRL#  490 dt   0.150000 rms  0.501  0.000% neg 0  invalid 762 tFOTS 4.4350 tGradient 1.6240 tsec 6.6650
setting smoothness cost coefficient to 1.000

#GCAMreg# pass 0 level1 1 level2 0 tsec 0 sigma 2
l_jacobian=1.00 l_label=1.00 l_log_likelihood=0.20 l_smoothness=1.00 
tol=5.00e-02, dt=5.00e-02, exp_k=20.0, momentum=0.90, levels=6, niter=500, lbl_dist=10.00, avgs=1, sigma=2.0,type=2, relabel=0, neg=no

blurring input image with Gaussian with sigma=2.000...
GCAMRegisterLevel(): init RMS 0.555262
#FOTS# QuadFit found better minimum quadopt=(dt=1.792,rms=0.548412) vs oldopt=(dt=1.28,rms=0.548977)
#GCMRL#  492 dt   1.792000 rms  0.548  1.234% neg 0  invalid 762 tFOTS 4.2930 tGradient 1.4180 tsec 6.0610
#FOTS# QuadFit found better minimum quadopt=(dt=0.448,rms=0.548202) vs oldopt=(dt=0.32,rms=0.548224)
#GCMRL#  493 dt   0.448000 rms  0.548  0.000% neg 0  invalid 762 tFOTS 4.3740 tGradient 1.4290 tsec 6.1670

#GCAMreg# pass 0 level1 1 level2 1 tsec 23.642 sigma 0.5
l_jacobian=1.00 l_label=1.00 l_log_likelihood=0.20 l_smoothness=1.00 
tol=5.00e-02, dt=5.00e-02, exp_k=20.0, momentum=0.90, levels=6, niter=500, lbl_dist=10.00, avgs=1, sigma=0.5,type=2, relabel=0, neg=no

blurring input image with Gaussian with sigma=0.500...
GCAMRegisterLevel(): init RMS 0.548544
#FOTS# QuadFit found better minimum quadopt=(dt=0.448,rms=0.547875) vs oldopt=(dt=0.32,rms=0.547939)
#GCMRL#  495 dt   0.448000 rms  0.548  0.122% neg 0  invalid 762 tFOTS 4.6970 tGradient 1.5800 tsec 6.6540
#FOTS# QuadFit found better minimum quadopt=(dt=0.448,rms=0.547761) vs oldopt=(dt=0.32,rms=0.547768)
#GCMRL#  496 dt   0.448000 rms  0.548  0.000% neg 0  invalid 762 tFOTS 4.1530 tGradient 1.5520 tsec 6.1030
resetting metric properties...
setting smoothness cost coefficient to 2.000

#GCAMreg# pass 0 level1 0 level2 0 tsec 0 sigma 2
l_jacobian=1.00 l_label=1.00 l_log_likelihood=0.20 l_smoothness=2.00 
tol=5.00e-02, dt=5.00e-02, exp_k=20.0, momentum=0.90, levels=6, niter=500, lbl_dist=10.00, avgs=0, sigma=2.0,type=2, relabel=0, neg=no

blurring input image with Gaussian with sigma=2.000...
GCAMRegisterLevel(): init RMS 0.491314
#FOTS# QuadFit found better minimum quadopt=(dt=0.448,rms=0.480594) vs oldopt=(dt=0.32,rms=0.483384)
#GCMRL#  498 dt   0.448000 rms  0.481  2.182% neg 0  invalid 762 tFOTS 3.9220 tGradient 1.0030 tsec 5.2560
#GCMRL#  499 dt   1.280000 rms  0.474  1.403% neg 0  invalid 762 tFOTS 4.2730 tGradient 0.9150 tsec 5.5230
#FOTS# QuadFit found better minimum quadopt=(dt=0.448,rms=0.473612) vs oldopt=(dt=0.32,rms=0.473654)
#GCMRL#  500 dt   0.448000 rms  0.474  0.000% neg 0  invalid 762 tFOTS 3.9260 tGradient 0.9060 tsec 5.2020
#GCMRL#  501 dt   0.448000 rms  0.473  0.027% neg 0  invalid 762 tFOTS 0.0000 tGradient 0.8970 tsec 1.2390
#GCMRL#  502 dt   0.448000 rms  0.473  0.084% neg 0  invalid 762 tFOTS 0.0000 tGradient 0.8950 tsec 1.2890
#GCMRL#  503 dt   0.448000 rms  0.473  0.097% neg 0  invalid 762 tFOTS 0.0000 tGradient 0.8790 tsec 1.4140
#GCMRL#  504 dt   0.448000 rms  0.472  0.132% neg 0  invalid 762 tFOTS 0.0000 tGradient 0.8910 tsec 1.2580
#GCMRL#  505 dt   0.448000 rms  0.471  0.120% neg 0  invalid 762 tFOTS 0.0000 tGradient 0.9010 tsec 1.2330
#GCMRL#  506 dt   0.448000 rms  0.471  0.096% neg 0  invalid 762 tFOTS 0.0000 tGradient 1.0130 tsec 1.3560
#GCMRL#  507 dt   0.448000 rms  0.471  0.086% neg 0  invalid 762 tFOTS 0.0000 tGradient 0.9150 tsec 1.2470
#GCMRL#  508 dt   0.448000 rms  0.470  0.082% neg 0  invalid 762 tFOTS 0.0000 tGradient 0.9040 tsec 1.2470
#GCMRL#  509 dt   0.448000 rms  0.470  0.071% neg 0  invalid 762 tFOTS 0.0000 tGradient 0.9110 tsec 1.2470
#GCMRL#  510 dt   0.448000 rms  0.470  0.045% neg 0  invalid 762 tFOTS 0.0000 tGradient 0.9070 tsec 1.2420
#GCMRL#  511 dt   0.448000 rms  0.470  0.016% neg 0  invalid 762 tFOTS 0.0000 tGradient 0.9210 tsec 1.3090
#GCMRL#  512 dt   0.448000 rms  0.470 -0.007% neg 0  invalid 762 tFOTS 0.0000 tGradient 0.9820 tsec 1.5920

#GCAMreg# pass 0 level1 0 level2 1 tsec 46.636 sigma 0.5
l_jacobian=1.00 l_label=1.00 l_log_likelihood=0.20 l_smoothness=2.00 
tol=5.00e-02, dt=5.00e-02, exp_k=20.0, momentum=0.90, levels=6, niter=500, lbl_dist=10.00, avgs=0, sigma=0.5,type=2, relabel=0, neg=no

blurring input image with Gaussian with sigma=0.500...
GCAMRegisterLevel(): init RMS 0.470005
#FOTS# QuadFit found better minimum quadopt=(dt=0.448,rms=0.467441) vs oldopt=(dt=0.32,rms=0.467992)
#GCMRL#  514 dt   0.448000 rms  0.467  0.546% neg 0  invalid 762 tFOTS 4.0690 tGradient 0.9090 tsec 5.3230
#FOTS# QuadFit found better minimum quadopt=(dt=0.448,rms=0.467174) vs oldopt=(dt=0.32,rms=0.467237)
#GCMRL#  515 dt   0.448000 rms  0.467  0.057% neg 0  invalid 762 tFOTS 4.0410 tGradient 0.9140 tsec 5.3100
#FOTS# QuadFit found better minimum quadopt=(dt=0.448,rms=0.467098) vs oldopt=(dt=0.32,rms=0.467118)
#GCMRL#  516 dt   0.448000 rms  0.467  0.000% neg 0  invalid 762 tFOTS 4.6610 tGradient 0.9970 tsec 6.0920
#GCMRL#  517 dt   0.448000 rms  0.467  0.005% neg 0  invalid 762 tFOTS 0.0000 tGradient 1.0460 tsec 1.4430
#GCMRL#  518 dt   0.448000 rms  0.467  0.002% neg 0  invalid 762 tFOTS 0.0000 tGradient 1.0050 tsec 1.3530
GCAMregister done in 29.0608 min
********************* ALLOWING NEGATIVE NODES IN DEFORMATION********************************
noneg post
Starting GCAMregister()
label assignment complete, 0 changed (0.00%)
npasses = 1, nlevels = 6
#pass# 1 of 1 ************************
enabling zero nodes
setting smoothness cost coefficient to 0.008

#GCAMreg# pass 0 level1 5 level2 0 tsec 0 sigma 2
l_jacobian=1.00 l_label=1.00 l_log_likelihood=0.20 l_smoothness=0.01 
tol=2.50e-01, dt=5.00e-02, exp_k=20.0, momentum=0.90, levels=6, niter=500, lbl_dist=10.00, avgs=256, sigma=2.0,type=2, relabel=0, neg=yes

blurring input image with Gaussian with sigma=2.000...
GCAMRegisterLevel(): init RMS 0.464875
#FOTS# QuadFit found better minimum quadopt=(dt=32.368,rms=0.464437) vs oldopt=(dt=23.12,rms=0.464438)
#GCMRL#  520 dt  32.368000 rms  0.464  0.094% neg 0  invalid 762 tFOTS 5.3950 tGradient 2.4920 tsec 8.2550
#FOTS# QuadFit found better minimum quadopt=(dt=32.368,rms=0.464428) vs oldopt=(dt=23.12,rms=0.464429)
#GCMRL#  521 dt  32.368000 rms  0.464  0.000% neg 0  invalid 762 tFOTS 5.2760 tGradient 2.4120 tsec 8.0910
#GCMRL#  522 dt  32.368000 rms  0.464  0.001% neg 0  invalid 762 tFOTS 0.0000 tGradient 2.5870 tsec 2.9410
#GCMRL#  523 dt  32.368000 rms  0.464  0.000% neg 0  invalid 762 tFOTS 0.0000 tGradient 2.3300 tsec 2.6740

#GCAMreg# pass 0 level1 5 level2 1 tsec 34.233 sigma 0.5
l_jacobian=1.00 l_label=1.00 l_log_likelihood=0.20 l_smoothness=0.01 
tol=2.50e-01, dt=5.00e-02, exp_k=20.0, momentum=0.90, levels=6, niter=500, lbl_dist=10.00, avgs=256, sigma=0.5,type=2, relabel=0, neg=yes

blurring input image with Gaussian with sigma=0.500...
GCAMRegisterLevel(): init RMS 0.464846
#FOTS# QuadFit found better minimum quadopt=(dt=129.472,rms=0.463981) vs oldopt=(dt=92.48,rms=0.464065)
#GCMRL#  525 dt 129.472000 rms  0.464  0.186% neg 0  invalid 762 tFOTS 5.0800 tGradient 2.4450 tsec 7.8830
#FOTS# QuadFit found better minimum quadopt=(dt=129.472,rms=0.463871) vs oldopt=(dt=92.48,rms=0.463883)
#GCMRL#  526 dt 129.472000 rms  0.464  0.000% neg 0  invalid 762 tFOTS 5.2050 tGradient 2.4300 tsec 8.0200
#GCMRL#  527 dt 129.472000 rms  0.464  0.031% neg 0  invalid 762 tFOTS 0.0000 tGradient 2.3550 tsec 2.7450
#GCMRL#  528 dt 129.472000 rms  0.463  0.050% neg 0  invalid 762 tFOTS 0.0000 tGradient 2.3790 tsec 2.7280
#GCMRL#  529 dt 129.472000 rms  0.463  0.031% neg 0  invalid 762 tFOTS 0.0000 tGradient 2.3320 tsec 2.6970
#GCMRL#  530 dt 129.472000 rms  0.463  0.038% neg 0  invalid 762 tFOTS 0.0000 tGradient 2.4740 tsec 2.8810
setting smoothness cost coefficient to 0.031

#GCAMreg# pass 0 level1 4 level2 0 tsec 0 sigma 2
l_jacobian=1.00 l_label=1.00 l_log_likelihood=0.20 l_smoothness=0.03 
tol=2.50e-01, dt=5.00e-02, exp_k=20.0, momentum=0.90, levels=6, niter=500, lbl_dist=10.00, avgs=64, sigma=2.0,type=2, relabel=0, neg=yes

blurring input image with Gaussian with sigma=2.000...
GCAMRegisterLevel(): init RMS 0.463511
#GCMRL#  532 dt  25.920000 rms  0.463  0.117% neg 0  invalid 762 tFOTS 5.3220 tGradient 1.8700 tsec 7.5630
#FOTS# QuadFit found better minimum quadopt=(dt=20.736,rms=0.462934) vs oldopt=(dt=25.92,rms=0.462935)
#GCMRL#  533 dt  20.736000 rms  0.463  0.000% neg 0  invalid 762 tFOTS 5.3630 tGradient 1.9510 tsec 7.7040
#GCMRL#  534 dt  20.736000 rms  0.463  0.009% neg 0  invalid 762 tFOTS 0.0000 tGradient 1.9470 tsec 2.3220
#GCMRL#  535 dt  20.736000 rms  0.463  0.002% neg 0  invalid 762 tFOTS 0.0000 tGradient 1.9260 tsec 2.2770

#GCAMreg# pass 0 level1 4 level2 1 tsec 31.813 sigma 0.5
l_jacobian=1.00 l_label=1.00 l_log_likelihood=0.20 l_smoothness=0.03 
tol=2.50e-01, dt=5.00e-02, exp_k=20.0, momentum=0.90, levels=6, niter=500, lbl_dist=10.00, avgs=64, sigma=0.5,type=2, relabel=0, neg=yes

blurring input image with Gaussian with sigma=0.500...
GCAMRegisterLevel(): init RMS 0.463307
#FOTS# QuadFit found better minimum quadopt=(dt=95.3263,rms=0.461274) vs oldopt=(dt=103.68,rms=0.461293)
#GCMRL#  537 dt  95.326316 rms  0.461  0.439% neg 0  invalid 762 tFOTS 5.7550 tGradient 1.9220 tsec 8.0570
#FOTS# QuadFit found better minimum quadopt=(dt=36.288,rms=0.460661) vs oldopt=(dt=25.92,rms=0.460756)
#GCMRL#  538 dt  36.288000 rms  0.461  0.000% neg 0  invalid 762 tFOTS 5.6190 tGradient 2.0210 tsec 8.0660
#GCMRL#  539 dt  36.288000 rms  0.460  0.055% neg 0  invalid 762 tFOTS 0.0000 tGradient 2.0010 tsec 2.3460
#GCMRL#  540 dt  36.288000 rms  0.460  0.096% neg 0  invalid 762 tFOTS 0.0000 tGradient 1.9040 tsec 2.2360
#GCMRL#  541 dt  36.288000 rms  0.459  0.121% neg 0  invalid 762 tFOTS 0.0000 tGradient 1.9390 tsec 2.2720
#GCMRL#  542 dt  36.288000 rms  0.459  0.133% neg 0  invalid 762 tFOTS 0.0000 tGradient 1.9280 tsec 2.2760
#GCMRL#  543 dt  36.288000 rms  0.458  0.134% neg 0  invalid 762 tFOTS 0.0000 tGradient 1.9100 tsec 2.2820
#GCMRL#  544 dt  36.288000 rms  0.458  0.122% neg 0  invalid 762 tFOTS 0.0000 tGradient 1.8710 tsec 2.2430
#GCMRL#  545 dt  36.288000 rms  0.457  0.109% neg 0  invalid 762 tFOTS 0.0000 tGradient 1.8770 tsec 2.2760
#FOTS# QuadFit found better minimum quadopt=(dt=331.776,rms=0.456779) vs oldopt=(dt=414.72,rms=0.456814)
#GCMRL#  546 dt 331.776000 rms  0.457  0.000% neg 0  invalid 762 tFOTS 5.1380 tGradient 1.8410 tsec 7.3470
setting smoothness cost coefficient to 0.118

#GCAMreg# pass 0 level1 3 level2 0 tsec 0 sigma 2
l_jacobian=1.00 l_label=1.00 l_log_likelihood=0.20 l_smoothness=0.12 
tol=2.50e-01, dt=5.00e-02, exp_k=20.0, momentum=0.90, levels=6, niter=500, lbl_dist=10.00, avgs=16, sigma=2.0,type=2, relabel=0, neg=yes

blurring input image with Gaussian with sigma=2.000...
GCAMRegisterLevel(): init RMS 0.45764
#FOTS# QuadFit found better minimum quadopt=(dt=36.8889,rms=0.455171) vs oldopt=(dt=32,rms=0.455173)
iter 0, gcam->neg = 4
after 0 iterations, nbhd size=0, neg = 0
#GCMRL#  548 dt  36.888889 rms  0.455  0.539% neg 0  invalid 762 tFOTS 5.4780 tGradient 1.6070 tsec 8.5920
#FOTS# QuadFit found better minimum quadopt=(dt=38.4,rms=0.452552) vs oldopt=(dt=32,rms=0.452647)
#GCMRL#  549 dt  38.400000 rms  0.453  0.575% neg 0  invalid 762 tFOTS 5.3080 tGradient 1.5100 tsec 7.1720
#FOTS# QuadFit found better minimum quadopt=(dt=23.6218,rms=0.451318) vs oldopt=(dt=32,rms=0.451522)
iter 0, gcam->neg = 2
after 1 iterations, nbhd size=0, neg = 0
#GCMRL#  550 dt  23.621818 rms  0.451  0.272% neg 0  invalid 762 tFOTS 5.2890 tGradient 1.5080 tsec 8.7490
#FOTS# QuadFit found better minimum quadopt=(dt=44.8,rms=0.449721) vs oldopt=(dt=32,rms=0.44986)
iter 0, gcam->neg = 2
after 8 iterations, nbhd size=1, neg = 0
#GCMRL#  551 dt  44.800000 rms  0.450  0.353% neg 0  invalid 762 tFOTS 5.4920 tGradient 1.5140 tsec 12.4910
#FOTS# QuadFit found better minimum quadopt=(dt=23.1784,rms=0.448969) vs oldopt=(dt=32,rms=0.449141)
iter 0, gcam->neg = 1
after 3 iterations, nbhd size=0, neg = 0
#GCMRL#  552 dt  23.178378 rms  0.449  0.000% neg 0  invalid 762 tFOTS 5.3270 tGradient 1.5040 tsec 9.7950
iter 0, gcam->neg = 1
after 0 iterations, nbhd size=0, neg = 0
#GCMRL#  553 dt  23.178378 rms  0.448  0.180% neg 0  invalid 762 tFOTS 0.0000 tGradient 1.5110 tsec 2.9760
iter 0, gcam->neg = 2
after 4 iterations, nbhd size=0, neg = 0
#GCMRL#  554 dt  23.178378 rms  0.447  0.223% neg 0  invalid 762 tFOTS 0.0000 tGradient 1.5600 tsec 5.0450
iter 0, gcam->neg = 2
after 3 iterations, nbhd size=0, neg = 0
#GCMRL#  555 dt  23.178378 rms  0.446  0.244% neg 0  invalid 762 tFOTS 0.0000 tGradient 1.5740 tsec 4.5160
iter 0, gcam->neg = 9
after 17 iterations, nbhd size=1, neg = 0
#GCMRL#  556 dt  23.178378 rms  0.445  0.252% neg 0  invalid 762 tFOTS 0.0000 tGradient 1.5050 tsec 11.4860
iter 0, gcam->neg = 7
after 4 iterations, nbhd size=0, neg = 0
#GCMRL#  557 dt  23.178378 rms  0.444  0.227% neg 0  invalid 762 tFOTS 0.0000 tGradient 1.7720 tsec 5.2110
iter 0, gcam->neg = 15
after 17 iterations, nbhd size=1, neg = 0
#GCMRL#  558 dt  23.178378 rms  0.443  0.212% neg 0  invalid 762 tFOTS 0.0000 tGradient 1.5440 tsec 11.5650
iter 0, gcam->neg = 12
after 9 iterations, nbhd size=1, neg = 0
#GCMRL#  559 dt  23.178378 rms  0.442  0.167% neg 0  invalid 762 tFOTS 0.0000 tGradient 1.5440 tsec 7.6130
iter 0, gcam->neg = 14
after 3 iterations, nbhd size=0, neg = 0
#GCMRL#  560 dt  23.178378 rms  0.442  0.170% neg 0  invalid 762 tFOTS 0.0000 tGradient 1.5570 tsec 4.5420
iter 0, gcam->neg = 15
after 13 iterations, nbhd size=1, neg = 0
#GCMRL#  561 dt  23.178378 rms  0.441  0.137% neg 0  invalid 762 tFOTS 0.0000 tGradient 1.6850 tsec 9.6730
iter 0, gcam->neg = 11
after 18 iterations, nbhd size=1, neg = 0
#GCMRL#  562 dt  23.178378 rms  0.440  0.132% neg 0  invalid 762 tFOTS 0.0000 tGradient 1.5450 tsec 12.0730
iter 0, gcam->neg = 6
after 5 iterations, nbhd size=0, neg = 0
#GCMRL#  563 dt  23.178378 rms  0.440  0.127% neg 0  invalid 762 tFOTS 0.0000 tGradient 1.5210 tsec 5.4850
iter 0, gcam->neg = 7
after 9 iterations, nbhd size=0, neg = 0
#GCMRL#  564 dt  23.178378 rms  0.439  0.129% neg 0  invalid 762 tFOTS 0.0000 tGradient 1.6060 tsec 7.7160
iter 0, gcam->neg = 7
after 6 iterations, nbhd size=0, neg = 0
#GCMRL#  565 dt  23.178378 rms  0.439  0.078% neg 0  invalid 762 tFOTS 0.0000 tGradient 1.5090 tsec 5.9680
iter 0, gcam->neg = 5
after 2 iterations, nbhd size=0, neg = 0
#GCMRL#  566 dt  23.178378 rms  0.439  0.067% neg 0  invalid 762 tFOTS 0.0000 tGradient 1.5610 tsec 4.0720
iter 0, gcam->neg = 1
after 0 iterations, nbhd size=0, neg = 0
#GCMRL#  567 dt  32.000000 rms  0.438  0.000% neg 0  invalid 762 tFOTS 5.3670 tGradient 1.5340 tsec 8.4250

#GCAMreg# pass 0 level1 3 level2 1 tsec 164.808 sigma 0.5
l_jacobian=1.00 l_label=1.00 l_log_likelihood=0.20 l_smoothness=0.12 
tol=2.50e-01, dt=5.00e-02, exp_k=20.0, momentum=0.90, levels=6, niter=500, lbl_dist=10.00, avgs=16, sigma=0.5,type=2, relabel=0, neg=yes

blurring input image with Gaussian with sigma=0.500...
GCAMRegisterLevel(): init RMS 0.438648
#FOTS# QuadFit found better minimum quadopt=(dt=38.4,rms=0.436047) vs oldopt=(dt=32,rms=0.436118)
#GCMRL#  569 dt  38.400000 rms  0.436  0.593% neg 0  invalid 762 tFOTS 5.3380 tGradient 1.5390 tsec 7.2270
#FOTS# QuadFit found better minimum quadopt=(dt=25.6,rms=0.435032) vs oldopt=(dt=32,rms=0.435127)
#GCMRL#  570 dt  25.600000 rms  0.435  0.000% neg 0  invalid 762 tFOTS 5.8100 tGradient 1.5800 tsec 7.8370
#GCMRL#  571 dt  25.600000 rms  0.435  0.083% neg 0  invalid 762 tFOTS 0.0000 tGradient 1.7690 tsec 2.1230
#GCMRL#  572 dt  25.600000 rms  0.434  0.162% neg 0  invalid 762 tFOTS 0.0000 tGradient 1.6390 tsec 1.9980
iter 0, gcam->neg = 2
after 1 iterations, nbhd size=0, neg = 0
#GCMRL#  573 dt  25.600000 rms  0.433  0.155% neg 0  invalid 762 tFOTS 0.0000 tGradient 1.5490 tsec 3.5410
#GCMRL#  574 dt  25.600000 rms  0.433  0.095% neg 0  invalid 762 tFOTS 0.0000 tGradient 1.5660 tsec 1.9100
iter 0, gcam->neg = 2
after 1 iterations, nbhd size=0, neg = 0
#GCMRL#  575 dt  25.600000 rms  0.433  0.011% neg 0  invalid 762 tFOTS 0.0000 tGradient 1.5770 tsec 3.5810
#FOTS# QuadFit found better minimum quadopt=(dt=11.2,rms=0.432526) vs oldopt=(dt=8,rms=0.432588)
#GCMRL#  576 dt  11.200000 rms  0.433  0.071% neg 0  invalid 762 tFOTS 5.2400 tGradient 1.5550 tsec 7.1590
#FOTS# QuadFit found better minimum quadopt=(dt=44.8,rms=0.432226) vs oldopt=(dt=32,rms=0.43227)
#GCMRL#  577 dt  44.800000 rms  0.432  0.000% neg 0  invalid 762 tFOTS 5.0930 tGradient 1.5650 tsec 7.0650
setting smoothness cost coefficient to 0.400

#GCAMreg# pass 0 level1 2 level2 0 tsec 0 sigma 2
l_jacobian=1.00 l_label=1.00 l_log_likelihood=0.20 l_smoothness=0.40 
tol=2.50e-01, dt=5.00e-02, exp_k=20.0, momentum=0.90, levels=6, niter=500, lbl_dist=10.00, avgs=4, sigma=2.0,type=2, relabel=0, neg=yes

blurring input image with Gaussian with sigma=2.000...
GCAMRegisterLevel(): init RMS 0.440869
#FOTS# QuadFit found better minimum quadopt=(dt=1.008,rms=0.440463) vs oldopt=(dt=0.72,rms=0.440471)
#GCMRL#  579 dt   1.008000 rms  0.440  0.092% neg 0  invalid 762 tFOTS 5.5270 tGradient 1.5560 tsec 7.4610
#GCMRL#  580 dt   0.720000 rms  0.440  0.000% neg 0  invalid 762 tFOTS 5.4460 tGradient 1.4960 tsec 7.3420

#GCAMreg# pass 0 level1 2 level2 1 tsec 26.257 sigma 0.5
l_jacobian=1.00 l_label=1.00 l_log_likelihood=0.20 l_smoothness=0.40 
tol=2.50e-01, dt=5.00e-02, exp_k=20.0, momentum=0.90, levels=6, niter=500, lbl_dist=10.00, avgs=4, sigma=0.5,type=2, relabel=0, neg=yes

blurring input image with Gaussian with sigma=0.500...
GCAMRegisterLevel(): init RMS 0.440828
#FOTS# QuadFit found better minimum quadopt=(dt=4.032,rms=0.440134) vs oldopt=(dt=2.88,rms=0.440164)
#GCMRL#  582 dt   4.032000 rms  0.440  0.158% neg 0  invalid 762 tFOTS 5.7640 tGradient 1.4720 tsec 7.5940
#FOTS# QuadFit found better minimum quadopt=(dt=3.27273,rms=0.440023) vs oldopt=(dt=2.88,rms=0.440024)
#GCMRL#  583 dt   3.272727 rms  0.440  0.000% neg 0  invalid 762 tFOTS 5.3210 tGradient 1.7030 tsec 7.3900
#GCMRL#  584 dt   3.272727 rms  0.440  0.009% neg 0  invalid 762 tFOTS 0.0000 tGradient 1.4700 tsec 1.7990
setting smoothness cost coefficient to 1.000

#GCAMreg# pass 0 level1 1 level2 0 tsec 0 sigma 2
l_jacobian=1.00 l_label=1.00 l_log_likelihood=0.20 l_smoothness=1.00 
tol=2.50e-01, dt=5.00e-02, exp_k=20.0, momentum=0.90, levels=6, niter=500, lbl_dist=10.00, avgs=1, sigma=2.0,type=2, relabel=0, neg=yes

blurring input image with Gaussian with sigma=2.000...
GCAMRegisterLevel(): init RMS 0.451271
#FOTS# QuadFit found better minimum quadopt=(dt=0.448,rms=0.450697) vs oldopt=(dt=0.32,rms=0.450719)
#GCMRL#  586 dt   0.448000 rms  0.451  0.127% neg 0  invalid 762 tFOTS 5.4950 tGradient 1.6510 tsec 7.5250
#FOTS# QuadFit found better minimum quadopt=(dt=0.256,rms=0.450661) vs oldopt=(dt=0.32,rms=0.450662)
#GCMRL#  587 dt   0.256000 rms  0.451  0.000% neg 0  invalid 762 tFOTS 5.1620 tGradient 1.3980 tsec 6.9610

#GCAMreg# pass 0 level1 1 level2 1 tsec 25.889 sigma 0.5
l_jacobian=1.00 l_label=1.00 l_log_likelihood=0.20 l_smoothness=1.00 
tol=2.50e-01, dt=5.00e-02, exp_k=20.0, momentum=0.90, levels=6, niter=500, lbl_dist=10.00, avgs=1, sigma=0.5,type=2, relabel=0, neg=yes

blurring input image with Gaussian with sigma=0.500...
GCAMRegisterLevel(): init RMS 0.451098
#GCMRL#  589 dt   1.280000 rms  0.450  0.222% neg 0  invalid 762 tFOTS 5.4770 tGradient 1.4480 tsec 7.2900
#FOTS# QuadFit found better minimum quadopt=(dt=0.448,rms=0.450036) vs oldopt=(dt=0.32,rms=0.450049)
iter 0, gcam->neg = 1
after 2 iterations, nbhd size=0, neg = 0
#GCMRL#  590 dt   0.448000 rms  0.450  0.000% neg 0  invalid 762 tFOTS 5.4410 tGradient 1.4140 tsec 9.4730
#GCMRL#  591 dt   0.448000 rms  0.450  0.007% neg 0  invalid 762 tFOTS 0.0000 tGradient 1.6690 tsec 2.0700
resetting metric properties...
setting smoothness cost coefficient to 2.000

#GCAMreg# pass 0 level1 0 level2 0 tsec 0 sigma 2
l_jacobian=1.00 l_label=1.00 l_log_likelihood=0.20 l_smoothness=2.00 
tol=2.50e-01, dt=5.00e-02, exp_k=20.0, momentum=0.90, levels=6, niter=500, lbl_dist=10.00, avgs=0, sigma=2.0,type=2, relabel=0, neg=yes

blurring input image with Gaussian with sigma=2.000...
GCAMRegisterLevel(): init RMS 0.43948
#FOTS# QuadFit found better minimum quadopt=(dt=2.03613,rms=0.417519) vs oldopt=(dt=1.28,rms=0.420655)
iter 0, gcam->neg = 373
after 15 iterations, nbhd size=1, neg = 0
#GCMRL#  593 dt   2.036127 rms  0.418  4.944% neg 0  invalid 762 tFOTS 5.3340 tGradient 0.8950 tsec 15.4370
#FOTS# QuadFit found better minimum quadopt=(dt=0.048,rms=0.417638) vs oldopt=(dt=0.08,rms=0.41766)
#GCMRL#  594 dt   0.048000 rms  0.418  0.000% neg 0  invalid 762 tFOTS 5.4760 tGradient 1.0030 tsec 6.8880

#GCAMreg# pass 0 level1 0 level2 1 tsec 33.196 sigma 0.5
l_jacobian=1.00 l_label=1.00 l_log_likelihood=0.20 l_smoothness=2.00 
tol=2.50e-01, dt=5.00e-02, exp_k=20.0, momentum=0.90, levels=6, niter=500, lbl_dist=10.00, avgs=0, sigma=0.5,type=2, relabel=0, neg=yes

blurring input image with Gaussian with sigma=0.500...
GCAMRegisterLevel(): init RMS 0.41817
#FOTS# QuadFit found better minimum quadopt=(dt=0.064,rms=0.417545) vs oldopt=(dt=0.08,rms=0.417559)
#GCMRL#  596 dt   0.064000 rms  0.418  0.150% neg 0  invalid 762 tFOTS 5.6150 tGradient 0.9640 tsec 6.9520
#GCMRL#  597 dt   0.050000 rms  0.418  0.000% neg 0  invalid 762 tFOTS 5.1760 tGradient 1.0070 tsec 6.6300
label assignment complete, 0 changed (0.00%)
GCAMregister done in 8.25612 min
Starting GCAMcomputeMaxPriorLabels()
Morphing with label term set to 0 *******************************
Starting GCAMregister()
label assignment complete, 0 changed (0.00%)
npasses = 1, nlevels = 6
#pass# 1 of 1 ************************
enabling zero nodes
setting smoothness cost coefficient to 0.008

#GCAMreg# pass 0 level1 5 level2 0 tsec 0 sigma 2
l_jacobian=1.00 l_log_likelihood=0.20 l_smoothness=0.01 
tol=2.50e-01, dt=5.00e-02, exp_k=20.0, momentum=0.90, levels=6, niter=500, lbl_dist=10.00, avgs=256, sigma=2.0,type=2, relabel=0, neg=yes

blurring input image with Gaussian with sigma=2.000...
GCAMRegisterLevel(): init RMS 0.405731

#GCAMreg# pass 0 level1 5 level2 1 tsec 15.958 sigma 0.5
l_jacobian=1.00 l_log_likelihood=0.20 l_smoothness=0.01 
tol=2.50e-01, dt=5.00e-02, exp_k=20.0, momentum=0.90, levels=6, niter=500, lbl_dist=10.00, avgs=256, sigma=0.5,type=2, relabel=0, neg=yes

blurring input image with Gaussian with sigma=0.500...
GCAMRegisterLevel(): init RMS 0.405731
#FOTS# QuadFit found better minimum quadopt=(dt=0.00289,rms=0.405731) vs oldopt=(dt=0.0036125,rms=0.405731)
#GCMRL#  600 dt   0.002890 rms  0.406  0.000% neg 0  invalid 762 tFOTS 6.1850 tGradient 1.3320 tsec 7.8410
setting smoothness cost coefficient to 0.031

#GCAMreg# pass 0 level1 4 level2 0 tsec 0 sigma 2
l_jacobian=1.00 l_log_likelihood=0.20 l_smoothness=0.03 
tol=2.50e-01, dt=5.00e-02, exp_k=20.0, momentum=0.90, levels=6, niter=500, lbl_dist=10.00, avgs=64, sigma=2.0,type=2, relabel=0, neg=yes

blurring input image with Gaussian with sigma=2.000...
GCAMRegisterLevel(): init RMS 0.405875

#GCAMreg# pass 0 level1 4 level2 1 tsec 15.538 sigma 0.5
l_jacobian=1.00 l_log_likelihood=0.20 l_smoothness=0.03 
tol=2.50e-01, dt=5.00e-02, exp_k=20.0, momentum=0.90, levels=6, niter=500, lbl_dist=10.00, avgs=64, sigma=0.5,type=2, relabel=0, neg=yes

blurring input image with Gaussian with sigma=0.500...
GCAMRegisterLevel(): init RMS 0.405875
#FOTS# QuadFit found better minimum quadopt=(dt=36.288,rms=0.40572) vs oldopt=(dt=25.92,rms=0.405747)
#GCMRL#  603 dt  36.288000 rms  0.406  0.038% neg 0  invalid 762 tFOTS 4.6040 tGradient 1.1380 tsec 6.0760
#FOTS# QuadFit found better minimum quadopt=(dt=145.152,rms=0.405475) vs oldopt=(dt=103.68,rms=0.405488)
#GCMRL#  604 dt 145.152000 rms  0.405  0.060% neg 0  invalid 762 tFOTS 4.6920 tGradient 1.1470 tsec 6.1760
#FOTS# QuadFit found better minimum quadopt=(dt=145.152,rms=0.405031) vs oldopt=(dt=103.68,rms=0.405101)
#GCMRL#  605 dt 145.152000 rms  0.405  0.109% neg 0  invalid 762 tFOTS 4.6910 tGradient 1.1400 tsec 6.1690
#FOTS# QuadFit found better minimum quadopt=(dt=9.072,rms=0.405024) vs oldopt=(dt=6.48,rms=0.405025)
#GCMRL#  606 dt   9.072000 rms  0.405  0.000% neg 0  invalid 762 tFOTS 4.9340 tGradient 1.1310 tsec 6.4340
#GCMRL#  607 dt   9.072000 rms  0.405  0.001% neg 0  invalid 762 tFOTS 0.0000 tGradient 1.2530 tsec 1.6210
setting smoothness cost coefficient to 0.118

#GCAMreg# pass 0 level1 3 level2 0 tsec 0 sigma 2
l_jacobian=1.00 l_log_likelihood=0.20 l_smoothness=0.12 
tol=2.50e-01, dt=5.00e-02, exp_k=20.0, momentum=0.90, levels=6, niter=500, lbl_dist=10.00, avgs=16, sigma=2.0,type=2, relabel=0, neg=yes

blurring input image with Gaussian with sigma=2.000...
GCAMRegisterLevel(): init RMS 0.40558
#FOTS# QuadFit found better minimum quadopt=(dt=11.2,rms=0.405323) vs oldopt=(dt=8,rms=0.405357)
#GCMRL#  609 dt  11.200000 rms  0.405  0.063% neg 0  invalid 762 tFOTS 4.9560 tGradient 1.0330 tsec 6.3300
#FOTS# QuadFit found better minimum quadopt=(dt=11.2,rms=0.405171) vs oldopt=(dt=8,rms=0.405196)
#GCMRL#  610 dt  11.200000 rms  0.405  0.000% neg 0  invalid 762 tFOTS 4.7280 tGradient 1.0230 tsec 6.0920
iter 0, gcam->neg = 2
after 7 iterations, nbhd size=1, neg = 0
#GCMRL#  611 dt  11.200000 rms  0.405  0.029% neg 0  invalid 762 tFOTS 0.0000 tGradient 1.0120 tsec 5.9150
iter 0, gcam->neg = 4
after 9 iterations, nbhd size=1, neg = 0
#GCMRL#  612 dt  11.200000 rms  0.405  0.010% neg 0  invalid 762 tFOTS 0.0000 tGradient 1.0140 tsec 6.9650
iter 0, gcam->neg = 7
after 1 iterations, nbhd size=0, neg = 0

#GCAMreg# pass 0 level1 3 level2 1 tsec 37.709 sigma 0.5
l_jacobian=1.00 l_log_likelihood=0.20 l_smoothness=0.12 
tol=2.50e-01, dt=5.00e-02, exp_k=20.0, momentum=0.90, levels=6, niter=500, lbl_dist=10.00, avgs=16, sigma=0.5,type=2, relabel=0, neg=yes

blurring input image with Gaussian with sigma=0.500...
GCAMRegisterLevel(): init RMS 0.405014
#FOTS# QuadFit found better minimum quadopt=(dt=44.6197,rms=0.402106) vs oldopt=(dt=32,rms=0.402277)
iter 0, gcam->neg = 1
after 0 iterations, nbhd size=0, neg = 0
#GCMRL#  614 dt  44.619718 rms  0.402  0.718% neg 0  invalid 762 tFOTS 4.7000 tGradient 1.0180 tsec 7.1710
#FOTS# QuadFit found better minimum quadopt=(dt=25.6,rms=0.401175) vs oldopt=(dt=32,rms=0.401259)
#GCMRL#  615 dt  25.600000 rms  0.401  0.000% neg 0  invalid 762 tFOTS 4.9250 tGradient 1.0170 tsec 6.2950
#GCMRL#  616 dt  25.600000 rms  0.401  0.130% neg 0  invalid 762 tFOTS 0.0000 tGradient 1.0240 tsec 1.3350
iter 0, gcam->neg = 3
after 8 iterations, nbhd size=1, neg = 0
#GCMRL#  617 dt  25.600000 rms  0.400  0.170% neg 0  invalid 762 tFOTS 0.0000 tGradient 1.0280 tsec 6.4040
iter 0, gcam->neg = 4
after 8 iterations, nbhd size=1, neg = 0
#GCMRL#  618 dt  25.600000 rms  0.399  0.234% neg 0  invalid 762 tFOTS 0.0000 tGradient 1.0170 tsec 6.5170
iter 0, gcam->neg = 6
after 10 iterations, nbhd size=1, neg = 0
#GCMRL#  619 dt  25.600000 rms  0.398  0.185% neg 0  invalid 762 tFOTS 0.0000 tGradient 1.0390 tsec 7.4880
iter 0, gcam->neg = 6
after 10 iterations, nbhd size=1, neg = 0
#GCMRL#  620 dt  25.600000 rms  0.398  0.188% neg 0  invalid 762 tFOTS 0.0000 tGradient 1.0170 tsec 7.3710
iter 0, gcam->neg = 8
after 3 iterations, nbhd size=0, neg = 0
#GCMRL#  621 dt  25.600000 rms  0.397  0.165% neg 0  invalid 762 tFOTS 0.0000 tGradient 1.0300 tsec 3.9670
iter 0, gcam->neg = 11
after 13 iterations, nbhd size=1, neg = 0
#GCMRL#  622 dt  25.600000 rms  0.396  0.117% neg 0  invalid 762 tFOTS 0.0000 tGradient 1.0140 tsec 8.9610
iter 0, gcam->neg = 8
after 5 iterations, nbhd size=0, neg = 0
#GCMRL#  623 dt  25.600000 rms  0.396  0.125% neg 0  invalid 762 tFOTS 0.0000 tGradient 1.0090 tsec 4.8890
iter 0, gcam->neg = 6
after 13 iterations, nbhd size=1, neg = 0
#GCMRL#  624 dt  25.600000 rms  0.396  0.086% neg 0  invalid 762 tFOTS 0.0000 tGradient 1.1670 tsec 9.2460
iter 0, gcam->neg = 3
after 5 iterations, nbhd size=0, neg = 0
#GCMRL#  625 dt  25.600000 rms  0.395  0.084% neg 0  invalid 762 tFOTS 0.0000 tGradient 1.2780 tsec 5.3980
#FOTS# QuadFit found better minimum quadopt=(dt=44.8,rms=0.395115) vs oldopt=(dt=32,rms=0.39514)
iter 0, gcam->neg = 2
after 2 iterations, nbhd size=0, neg = 0
#GCMRL#  626 dt  44.800000 rms  0.395  0.000% neg 0  invalid 762 tFOTS 4.6370 tGradient 1.1960 tsec 8.3260
iter 0, gcam->neg = 2
after 0 iterations, nbhd size=0, neg = 0
#GCMRL#  627 dt  44.800000 rms  0.395  0.012% neg 0  invalid 762 tFOTS 0.0000 tGradient 1.0280 tsec 2.4470
iter 0, gcam->neg = 2
after 3 iterations, nbhd size=0, neg = 0
#GCMRL#  628 dt  44.800000 rms  0.395  0.025% neg 0  invalid 762 tFOTS 0.0000 tGradient 1.0380 tsec 3.9480
iter 0, gcam->neg = 3
after 3 iterations, nbhd size=0, neg = 0
#GCMRL#  629 dt  44.800000 rms  0.395  0.007% neg 0  invalid 762 tFOTS 0.0000 tGradient 1.0190 tsec 3.9340
iter 0, gcam->neg = 5
after 4 iterations, nbhd size=0, neg = 0
setting smoothness cost coefficient to 0.400

#GCAMreg# pass 0 level1 2 level2 0 tsec 0 sigma 2
l_jacobian=1.00 l_log_likelihood=0.20 l_smoothness=0.40 
tol=2.50e-01, dt=5.00e-02, exp_k=20.0, momentum=0.90, levels=6, niter=500, lbl_dist=10.00, avgs=4, sigma=2.0,type=2, relabel=0, neg=yes

blurring input image with Gaussian with sigma=2.000...
GCAMRegisterLevel(): init RMS 0.399425
#FOTS# QuadFit found better minimum quadopt=(dt=0.00027,rms=0.399425) vs oldopt=(dt=0.00045,rms=0.399425)
#GCMRL#  631 dt   0.000270 rms  0.399  0.000% neg 0  invalid 762 tFOTS 6.3160 tGradient 0.9760 tsec 7.6360

#GCAMreg# pass 0 level1 2 level2 1 tsec 23.658 sigma 0.5
l_jacobian=1.00 l_log_likelihood=0.20 l_smoothness=0.40 
tol=2.50e-01, dt=5.00e-02, exp_k=20.0, momentum=0.90, levels=6, niter=500, lbl_dist=10.00, avgs=4, sigma=0.5,type=2, relabel=0, neg=yes

blurring input image with Gaussian with sigma=0.500...
GCAMRegisterLevel(): init RMS 0.399425
#FOTS# QuadFit found better minimum quadopt=(dt=4.032,rms=0.399321) vs oldopt=(dt=2.88,rms=0.399327)
iter 0, gcam->neg = 1
after 0 iterations, nbhd size=0, neg = 0
#GCMRL#  633 dt   4.032000 rms  0.399  0.026% neg 0  invalid 762 tFOTS 4.8590 tGradient 0.9870 tsec 7.2690
#FOTS# QuadFit found better minimum quadopt=(dt=3.456,rms=0.399276) vs oldopt=(dt=2.88,rms=0.399277)
#GCMRL#  634 dt   3.456000 rms  0.399  0.000% neg 0  invalid 762 tFOTS 4.9530 tGradient 0.9850 tsec 6.2950
iter 0, gcam->neg = 1
after 4 iterations, nbhd size=0, neg = 0
#GCMRL#  635 dt   3.456000 rms  0.399  0.007% neg 0  invalid 762 tFOTS 0.0000 tGradient 0.9970 tsec 4.5050
setting smoothness cost coefficient to 1.000

#GCAMreg# pass 0 level1 1 level2 0 tsec 0 sigma 2
l_jacobian=1.00 l_log_likelihood=0.20 l_smoothness=1.00 
tol=2.50e-01, dt=5.00e-02, exp_k=20.0, momentum=0.90, levels=6, niter=500, lbl_dist=10.00, avgs=1, sigma=2.0,type=2, relabel=0, neg=yes

blurring input image with Gaussian with sigma=2.000...
GCAMRegisterLevel(): init RMS 0.406842
#GCMRL#  637 dt   0.000050 rms  0.407  0.000% neg 0  invalid 762 tFOTS 6.3910 tGradient 0.9470 tsec 7.6650

#GCAMreg# pass 0 level1 1 level2 1 tsec 23.67 sigma 0.5
l_jacobian=1.00 l_log_likelihood=0.20 l_smoothness=1.00 
tol=2.50e-01, dt=5.00e-02, exp_k=20.0, momentum=0.90, levels=6, niter=500, lbl_dist=10.00, avgs=1, sigma=0.5,type=2, relabel=0, neg=yes

blurring input image with Gaussian with sigma=0.500...
GCAMRegisterLevel(): init RMS 0.406842
resetting metric properties...
setting smoothness cost coefficient to 2.000

#GCAMreg# pass 0 level1 0 level2 0 tsec 0 sigma 2
l_jacobian=1.00 l_log_likelihood=0.20 l_smoothness=2.00 
tol=2.50e-01, dt=5.00e-02, exp_k=20.0, momentum=0.90, levels=6, niter=500, lbl_dist=10.00, avgs=0, sigma=2.0,type=2, relabel=0, neg=yes

blurring input image with Gaussian with sigma=2.000...
GCAMRegisterLevel(): init RMS 0.3941
#FOTS# QuadFit found better minimum quadopt=(dt=1.05117,rms=0.387072) vs oldopt=(dt=1.28,rms=0.387384)
iter 0, gcam->neg = 396
after 15 iterations, nbhd size=1, neg = 0
#GCMRL#  640 dt   1.051167 rms  0.388  1.642% neg 0  invalid 762 tFOTS 4.8210 tGradient 0.4140 tsec 14.2390
#FOTS# QuadFit found better minimum quadopt=(dt=2.73438e-05,rms=0.387628) vs oldopt=(dt=1.95313e-05,rms=0.387628)
#GCMRL#  641 dt   0.000027 rms  0.388  0.000% neg 0  invalid 762 tFOTS 6.3470 tGradient 0.4160 tsec 7.1360

#GCAMreg# pass 0 level1 0 level2 1 tsec 31.771 sigma 0.5
l_jacobian=1.00 l_log_likelihood=0.20 l_smoothness=2.00 
tol=2.50e-01, dt=5.00e-02, exp_k=20.0, momentum=0.90, levels=6, niter=500, lbl_dist=10.00, avgs=0, sigma=0.5,type=2, relabel=0, neg=yes

blurring input image with Gaussian with sigma=0.500...
GCAMRegisterLevel(): init RMS 0.387628
#FOTS# QuadFit found better minimum quadopt=(dt=0.112,rms=0.387459) vs oldopt=(dt=0.08,rms=0.387472)
#GCMRL#  643 dt   0.112000 rms  0.387  0.044% neg 0  invalid 762 tFOTS 4.9890 tGradient 0.4050 tsec 5.7300
#FOTS# QuadFit found better minimum quadopt=(dt=0.096,rms=0.387385) vs oldopt=(dt=0.08,rms=0.387388)
#GCMRL#  644 dt   0.096000 rms  0.387  0.000% neg 0  invalid 762 tFOTS 4.9920 tGradient 0.4080 tsec 5.7600
#GCMRL#  645 dt   0.096000 rms  0.387  0.015% neg 0  invalid 762 tFOTS 0.0000 tGradient 0.4120 tsec 0.7440
GCAMregister done in 5.59275 min
writing output transformation to transforms/talairach.m3z...
GCAMwrite
Calls to gcamLogLikelihoodEnergy 4963 tmin = 2.13655
Calls to gcamLabelEnergy         4402 tmin = 1.80758
Calls to gcamJacobianEnergy      4963 tmin = 1.03188
Calls to gcamSmoothnessEnergy    4963 tmin = 6.19617
Calls to gcamLogLikelihoodTerm 647 tmin = 1.22487
Calls to gcamLabelTerm         599 tmin = 6.1951
Calls to gcamJacobianTerm      647 tmin = 1.38095
Calls to gcamSmoothnessTerm    647 tmin = 0.5513
Calls to gcamComputeGradient    647 tmin = 20.7716
Calls to gcamComputeMetricProperties    6919 tmin = 2.58573
mri_ca_register took 0 hours, 55 minutes and 24 seconds.
#VMPC# mri_ca_register VmPeak  3122672
FSRUNTIME@ mri_ca_register  0.9234 hours 16 threads
#--------------------------------------
#@# SubCort Seg Thu Mar 12 12:10:29 CET 2026

 mri_ca_label -relabel_unlikely 9 .3 -prior 0.5 -align norm.mgz transforms/talairach.m3z /opt/freesurfer/average/RB_all_2020-01-02.gca aseg.auto_noCCseg.mgz 

sysname  Linux
hostname dna017
machine  x86_64

setenv SUBJECTS_DIR /out/sourcedata/freesurfer
cd /out/sourcedata/freesurfer/sub-v1s11x0050160_ses-1/mri
mri_ca_label -relabel_unlikely 9 .3 -prior 0.5 -align norm.mgz transforms/talairach.m3z /opt/freesurfer/average/RB_all_2020-01-02.gca aseg.auto_noCCseg.mgz 

relabeling unlikely voxels with window_size = 9 and prior threshold 0.30
using Gibbs prior factor = 0.500
renormalizing sequences with structure alignment, equivalent to:
	-renormalize
	-renormalize_mean 0.500
	-regularize 0.500

== Number of threads available to for OpenMP = 16 == 
reading 1 input volumes
reading classifier array from /opt/freesurfer/average/RB_all_2020-01-02.gca
reading input volume from norm.mgz
average std[0] = 7.2
reading transform from transforms/talairach.m3z
setting orig areas to linear transform determinant scaled 6.47
Atlas used for the 3D morph was /opt/freesurfer/average/RB_all_2020-01-02.gca
average std = 7.2   using min determinant for regularization = 5.2
0 singular and 0 ill-conditioned covariance matrices regularized
labeling volume...
renormalizing by structure alignment....
renormalizing input #0
gca peak = 0.15521 (20)
mri peak = 0.14254 (22)
Left_Lateral_Ventricle (4): linear fit = 1.17 x + 0.0 (664 voxels, overlap=0.724)
Left_Lateral_Ventricle (4): linear fit = 1.17 x + 0.0 (664 voxels, peak = 24), gca=23.5
gca peak = 0.20380 (13)
mri peak = 0.20172 (22)
Right_Lateral_Ventricle (43): linear fit = 1.59 x + 0.0 (400 voxels, overlap=0.315)
Right_Lateral_Ventricle (43): linear fit = 1.50 x + 0.0 (400 voxels, peak = 21), gca=19.5
gca peak = 0.26283 (96)
mri peak = 0.16723 (96)
Right_Pallidum (52): linear fit = 1.00 x + 0.0 (891 voxels, overlap=1.004)
Right_Pallidum (52): linear fit = 1.00 x + 0.0 (891 voxels, peak = 96), gca=95.5
gca peak = 0.15814 (97)
mri peak = 0.17580 (101)
Left_Pallidum (13): linear fit = 1.05 x + 0.0 (917 voxels, overlap=0.487)
Left_Pallidum (13): linear fit = 1.05 x + 0.0 (917 voxels, peak = 102), gca=102.3
gca peak = 0.27624 (56)
mri peak = 0.18595 (69)
Right_Hippocampus (53): linear fit = 1.21 x + 0.0 (1451 voxels, overlap=0.017)
Right_Hippocampus (53): linear fit = 1.21 x + 0.0 (1451 voxels, peak = 67), gca=67.5
gca peak = 0.28723 (59)
mri peak = 0.19700 (70)
Left_Hippocampus (17): linear fit = 1.21 x + 0.0 (1222 voxels, overlap=0.014)
Left_Hippocampus (17): linear fit = 1.21 x + 0.0 (1222 voxels, peak = 71), gca=71.1
gca peak = 0.07623 (103)
mri peak = 0.15220 (107)
Right_Cerebral_White_Matter (41): linear fit = 1.02 x + 0.0 (47796 voxels, overlap=0.516)
Right_Cerebral_White_Matter (41): linear fit = 1.02 x + 0.0 (47796 voxels, peak = 106), gca=105.6
gca peak = 0.07837 (105)
mri peak = 0.15102 (108)
Left_Cerebral_White_Matter (2): linear fit = 1.02 x + 0.0 (50863 voxels, overlap=0.421)
Left_Cerebral_White_Matter (2): linear fit = 1.02 x + 0.0 (50863 voxels, peak = 108), gca=107.6
gca peak = 0.10165 (58)
mri peak = 0.04783 (62)
Left_Cerebral_Cortex (3): linear fit = 1.10 x + 0.0 (48967 voxels, overlap=0.865)
Left_Cerebral_Cortex (3): linear fit = 1.10 x + 0.0 (48967 voxels, peak = 64), gca=63.5
gca peak = 0.11113 (58)
mri peak = 0.05235 (68)
Right_Cerebral_Cortex (42): linear fit = 1.12 x + 0.0 (47960 voxels, overlap=0.669)
Right_Cerebral_Cortex (42): linear fit = 1.12 x + 0.0 (47960 voxels, peak = 65), gca=64.7
gca peak = 0.27796 (67)
mri peak = 0.25000 (81)
Right_Caudate (50): linear fit = 1.17 x + 0.0 (870 voxels, overlap=0.013)
Right_Caudate (50): linear fit = 1.17 x + 0.0 (870 voxels, peak = 79), gca=78.7
gca peak = 0.14473 (69)
mri peak = 0.14586 (81)
Left_Caudate (11): linear fit = 1.10 x + 0.0 (857 voxels, overlap=0.336)
Left_Caudate (11): linear fit = 1.10 x + 0.0 (857 voxels, peak = 76), gca=75.6
gca peak = 0.14301 (56)
mri peak = 0.07032 (65)
Left_Cerebellum_Cortex (8): linear fit = 1.13 x + 0.0 (29149 voxels, overlap=0.505)
Left_Cerebellum_Cortex (8): linear fit = 1.13 x + 0.0 (29149 voxels, peak = 64), gca=63.6
gca peak = 0.14610 (55)
mri peak = 0.08905 (67)
Right_Cerebellum_Cortex (47): linear fit = 1.21 x + 0.0 (31432 voxels, overlap=0.098)
Right_Cerebellum_Cortex (47): linear fit = 1.21 x + 0.0 (31432 voxels, peak = 66), gca=66.3
gca peak = 0.16309 (85)
mri peak = 0.15965 (91)
Left_Cerebellum_White_Matter (7): linear fit = 1.05 x + 0.0 (8276 voxels, overlap=0.426)
Left_Cerebellum_White_Matter (7): linear fit = 1.05 x + 0.0 (8276 voxels, peak = 90), gca=89.7
gca peak = 0.15172 (84)
mri peak = 0.18051 (90)
Right_Cerebellum_White_Matter (46): linear fit = 1.08 x + 0.0 (6744 voxels, overlap=0.365)
Right_Cerebellum_White_Matter (46): linear fit = 1.08 x + 0.0 (6744 voxels, peak = 90), gca=90.3
gca peak = 0.30461 (58)
mri peak = 0.21499 (72)
Left_Amygdala (18): linear fit = 1.25 x + 0.0 (705 voxels, overlap=0.041)
Left_Amygdala (18): linear fit = 1.25 x + 0.0 (705 voxels, peak = 72), gca=72.2
gca peak = 0.32293 (57)
mri peak = 0.13770 (70)
Right_Amygdala (54): linear fit = 1.22 x + 0.0 (726 voxels, overlap=0.043)
Right_Amygdala (54): linear fit = 1.22 x + 0.0 (726 voxels, peak = 69), gca=69.3
gca peak = 0.11083 (90)
mri peak = 0.08737 (91)
Left_Thalamus (10): linear fit = 1.04 x + 0.0 (4830 voxels, overlap=0.842)
Left_Thalamus (10): linear fit = 1.04 x + 0.0 (4830 voxels, peak = 94), gca=94.0
gca peak = 0.11393 (83)
mri peak = 0.10038 (90)
Right_Thalamus (49): linear fit = 1.08 x + 0.0 (4987 voxels, overlap=0.836)
Right_Thalamus (49): linear fit = 1.08 x + 0.0 (4987 voxels, peak = 89), gca=89.2
gca peak = 0.08575 (81)
mri peak = 0.09302 (92)
Left_Putamen (12): linear fit = 1.15 x + 0.0 (2576 voxels, overlap=0.221)
Left_Putamen (12): linear fit = 1.15 x + 0.0 (2576 voxels, peak = 94), gca=93.6
gca peak = 0.08618 (78)
mri peak = 0.10894 (90)
Right_Putamen (51): linear fit = 1.12 x + 0.0 (2616 voxels, overlap=0.487)
Right_Putamen (51): linear fit = 1.12 x + 0.0 (2616 voxels, peak = 88), gca=87.8
gca peak = 0.08005 (78)
mri peak = 0.11200 (90)
Brain_Stem (16): linear fit = 1.10 x + 0.0 (11516 voxels, overlap=0.492)
Brain_Stem (16): linear fit = 1.10 x + 0.0 (11516 voxels, peak = 85), gca=85.4
gca peak = 0.12854 (88)
mri peak = 0.13806 (96)
Right_VentralDC (60): linear fit = 1.09 x + 0.0 (1703 voxels, overlap=0.502)
Right_VentralDC (60): linear fit = 1.09 x + 0.0 (1703 voxels, peak = 95), gca=95.5
gca peak = 0.15703 (87)
mri peak = 0.11430 (97)
Left_VentralDC (28): linear fit = 1.11 x + 0.0 (1700 voxels, overlap=0.244)
Left_VentralDC (28): linear fit = 1.11 x + 0.0 (1700 voxels, peak = 96), gca=96.1
gca peak = 0.17522 (25)
mri peak = 0.04576 (30)
gca peak = 0.17113 (14)
mri peak = 0.28292 (26)
Fourth_Ventricle (15): linear fit = 1.59 x + 0.0 (241 voxels, overlap=0.138)
Fourth_Ventricle (15): linear fit = 1.59 x + 0.0 (241 voxels, peak = 22), gca=22.2
gca peak Unknown = 0.94777 ( 0)
gca peak Left_Inf_Lat_Vent = 0.16627 (28)
gca peak Third_Ventricle = 0.17522 (25)
gca peak Fourth_Ventricle = 0.17113 (14)
gca peak CSF = 0.20346 (36)
gca peak Left_Accumbens_area = 0.70646 (62)
gca peak Left_undetermined = 1.00000 (28)
gca peak Left_vessel = 0.89917 (53)
gca peak Left_choroid_plexus = 0.11689 (35)
gca peak Right_Inf_Lat_Vent = 0.25504 (23)
gca peak Right_Accumbens_area = 0.31650 (65)
gca peak Right_vessel = 0.77268 (52)
gca peak Right_choroid_plexus = 0.13275 (38)
gca peak Fifth_Ventricle = 0.60973 (33)
gca peak WM_hypointensities = 0.11013 (77)
gca peak non_WM_hypointensities = 0.11354 (41)
gca peak Optic_Chiasm = 0.51646 (76)
not using caudate to estimate GM means
estimating mean gm scale to be 1.18 x + 0.0
estimating mean wm scale to be 1.02 x + 0.0
estimating mean csf scale to be 1.34 x + 0.0
saving intensity scales to aseg.auto_noCCseg.label_intensities.txt
renormalizing by structure alignment....
renormalizing input #0
gca peak = 0.15407 (22)
mri peak = 0.14254 (22)
Left_Lateral_Ventricle (4): linear fit = 1.02 x + 0.0 (664 voxels, overlap=0.860)
Left_Lateral_Ventricle (4): linear fit = 1.02 x + 0.0 (664 voxels, peak = 23), gca=22.5
gca peak = 0.16381 (19)
mri peak = 0.20172 (22)
Right_Lateral_Ventricle (43): linear fit = 1.12 x + 0.0 (400 voxels, overlap=0.717)
Right_Lateral_Ventricle (43): linear fit = 1.12 x + 0.0 (400 voxels, peak = 21), gca=21.4
gca peak = 0.22127 (94)
mri peak = 0.16723 (96)
Right_Pallidum (52): linear fit = 1.01 x + 0.0 (891 voxels, overlap=0.997)
Right_Pallidum (52): linear fit = 1.01 x + 0.0 (891 voxels, peak = 95), gca=95.4
gca peak = 0.16048 (100)
mri peak = 0.17580 (101)
Left_Pallidum (13): linear fit = 1.00 x + 0.0 (917 voxels, overlap=0.993)
Left_Pallidum (13): linear fit = 1.00 x + 0.0 (917 voxels, peak = 100), gca=99.5
gca peak = 0.27315 (67)
mri peak = 0.18595 (69)
Right_Hippocampus (53): linear fit = 1.00 x + 0.0 (1451 voxels, overlap=1.000)
Right_Hippocampus (53): linear fit = 1.00 x + 0.0 (1451 voxels, peak = 67), gca=67.0
gca peak = 0.31683 (68)
mri peak = 0.19700 (70)
Left_Hippocampus (17): linear fit = 1.01 x + 0.0 (1222 voxels, overlap=0.997)
Left_Hippocampus (17): linear fit = 1.01 x + 0.0 (1222 voxels, peak = 69), gca=69.0
gca peak = 0.07779 (106)
mri peak = 0.15220 (107)
Right_Cerebral_White_Matter (41): linear fit = 1.00 x + 0.0 (47796 voxels, overlap=0.613)
Right_Cerebral_White_Matter (41): linear fit = 1.00 x + 0.0 (47796 voxels, peak = 106), gca=106.0
gca peak = 0.07733 (107)
mri peak = 0.15102 (108)
Left_Cerebral_White_Matter (2): linear fit = 1.00 x + 0.0 (50863 voxels, overlap=0.548)
Left_Cerebral_White_Matter (2): linear fit = 1.00 x + 0.0 (50863 voxels, peak = 107), gca=107.0
gca peak = 0.08811 (63)
mri peak = 0.04783 (62)
Left_Cerebral_Cortex (3): linear fit = 0.99 x + 0.0 (48967 voxels, overlap=0.978)
Left_Cerebral_Cortex (3): linear fit = 0.99 x + 0.0 (48967 voxels, peak = 62), gca=62.1
gca peak = 0.10275 (65)
mri peak = 0.05235 (68)
Right_Cerebral_Cortex (42): linear fit = 1.01 x + 0.0 (47960 voxels, overlap=0.956)
Right_Cerebral_Cortex (42): linear fit = 1.01 x + 0.0 (47960 voxels, peak = 66), gca=66.0
gca peak = 0.21887 (78)
mri peak = 0.25000 (81)
Right_Caudate (50): linear fit = 1.00 x + 0.0 (870 voxels, overlap=0.998)
Right_Caudate (50): linear fit = 1.00 x + 0.0 (870 voxels, peak = 78), gca=78.0
gca peak = 0.14712 (85)
mri peak = 0.14586 (81)
Left_Caudate (11): linear fit = 1.01 x + 0.0 (857 voxels, overlap=0.830)
Left_Caudate (11): linear fit = 1.01 x + 0.0 (857 voxels, peak = 86), gca=86.3
gca peak = 0.12392 (64)
mri peak = 0.07032 (65)
Left_Cerebellum_Cortex (8): linear fit = 1.00 x + 0.0 (29149 voxels, overlap=0.973)
Left_Cerebellum_Cortex (8): linear fit = 1.00 x + 0.0 (29149 voxels, peak = 64), gca=64.0
gca peak = 0.12691 (67)
mri peak = 0.08905 (67)
Right_Cerebellum_Cortex (47): linear fit = 1.00 x + 0.0 (31432 voxels, overlap=0.965)
Right_Cerebellum_Cortex (47): linear fit = 1.00 x + 0.0 (31432 voxels, peak = 67), gca=67.0
gca peak = 0.14626 (89)
mri peak = 0.15965 (91)
Left_Cerebellum_White_Matter (7): linear fit = 1.01 x + 0.0 (8276 voxels, overlap=0.847)
Left_Cerebellum_White_Matter (7): linear fit = 1.01 x + 0.0 (8276 voxels, peak = 90), gca=90.3
gca peak = 0.15383 (91)
mri peak = 0.18051 (90)
Right_Cerebellum_White_Matter (46): linear fit = 1.00 x + 0.0 (6744 voxels, overlap=0.849)
Right_Cerebellum_White_Matter (46): linear fit = 1.00 x + 0.0 (6744 voxels, peak = 91), gca=91.0
gca peak = 0.27366 (72)
mri peak = 0.21499 (72)
Left_Amygdala (18): linear fit = 1.00 x + 0.0 (705 voxels, overlap=0.999)
Left_Amygdala (18): linear fit = 1.00 x + 0.0 (705 voxels, peak = 72), gca=72.0
gca peak = 0.31416 (69)
mri peak = 0.13770 (70)
Right_Amygdala (54): linear fit = 1.00 x + 0.0 (726 voxels, overlap=1.003)
Right_Amygdala (54): linear fit = 1.00 x + 0.0 (726 voxels, peak = 69), gca=69.0
gca peak = 0.10786 (92)
mri peak = 0.08737 (91)
Left_Thalamus (10): linear fit = 0.98 x + 0.0 (4830 voxels, overlap=0.969)
Left_Thalamus (10): linear fit = 0.98 x + 0.0 (4830 voxels, peak = 90), gca=89.7
gca peak = 0.10739 (87)
mri peak = 0.10038 (90)
Right_Thalamus (49): linear fit = 0.99 x + 0.0 (4987 voxels, overlap=0.950)
Right_Thalamus (49): linear fit = 0.99 x + 0.0 (4987 voxels, peak = 86), gca=85.7
gca peak = 0.08982 (87)
mri peak = 0.09302 (92)
Left_Putamen (12): linear fit = 1.00 x + 0.0 (2576 voxels, overlap=0.822)
Left_Putamen (12): linear fit = 1.00 x + 0.0 (2576 voxels, peak = 87), gca=87.0
gca peak = 0.09115 (87)
mri peak = 0.10894 (90)
Right_Putamen (51): linear fit = 1.00 x + 0.0 (2616 voxels, overlap=0.900)
Right_Putamen (51): linear fit = 1.00 x + 0.0 (2616 voxels, peak = 87), gca=87.0
gca peak = 0.08548 (86)
mri peak = 0.11200 (90)
Brain_Stem (16): linear fit = 1.01 x + 0.0 (11516 voxels, overlap=0.770)
Brain_Stem (16): linear fit = 1.01 x + 0.0 (11516 voxels, peak = 87), gca=87.3
gca peak = 0.11762 (97)
mri peak = 0.13806 (96)
Right_VentralDC (60): linear fit = 1.00 x + 0.0 (1703 voxels, overlap=0.817)
Right_VentralDC (60): linear fit = 1.00 x + 0.0 (1703 voxels, peak = 97), gca=96.5
gca peak = 0.15206 (96)
mri peak = 0.11430 (97)
Left_VentralDC (28): linear fit = 1.00 x + 0.0 (1700 voxels, overlap=0.818)
Left_VentralDC (28): linear fit = 1.00 x + 0.0 (1700 voxels, peak = 96), gca=95.5
gca peak = 0.12726 (34)
mri peak = 0.04576 (30)
gca peak = 0.14791 (20)
mri peak = 0.28292 (26)
Fourth_Ventricle (15): linear fit = 1.17 x + 0.0 (241 voxels, overlap=0.394)
Fourth_Ventricle (15): linear fit = 1.17 x + 0.0 (241 voxels, peak = 24), gca=23.5
gca peak Unknown = 0.94777 ( 0)
gca peak Left_Inf_Lat_Vent = 0.18371 (34)
gca peak Third_Ventricle = 0.12726 (34)
gca peak CSF = 0.19346 (48)
gca peak Left_Accumbens_area = 0.78259 (68)
gca peak Left_undetermined = 1.00000 (28)
gca peak Left_vessel = 0.89837 (53)
gca peak Left_choroid_plexus = 0.10623 (35)
gca peak Right_Inf_Lat_Vent = 0.26261 (28)
gca peak Right_Accumbens_area = 0.31713 (76)
gca peak Right_vessel = 0.77268 (52)
gca peak Right_choroid_plexus = 0.13290 (38)
gca peak Fifth_Ventricle = 0.77755 (43)
gca peak WM_hypointensities = 0.10321 (78)
gca peak non_WM_hypointensities = 0.11377 (42)
gca peak Optic_Chiasm = 0.61266 (76)
not using caudate to estimate GM means
estimating mean gm scale to be 1.00 x + 0.0
estimating mean wm scale to be 1.00 x + 0.0
estimating mean csf scale to be 1.11 x + 0.0
saving intensity scales to aseg.auto_noCCseg.label_intensities.txt
saving sequentially combined intensity scales to aseg.auto_noCCseg.label_intensities.txt
30108 voxels changed in iteration 0 of unlikely voxel relabeling
117 voxels changed in iteration 1 of unlikely voxel relabeling
7 voxels changed in iteration 2 of unlikely voxel relabeling
0 voxels changed in iteration 3 of unlikely voxel relabeling
32735 gm and wm labels changed (%31 to gray, %69 to white out of all changed labels)
313 hippocampal voxels changed.
0 amygdala voxels changed.
Reclassifying using Gibbs Priors
pass 1: 50187 changed. image ll: -2.073, PF=0.500
pass 2: 11049 changed. image ll: -2.072, PF=0.500
pass 3: 3893 changed.
21270 voxels changed in iteration 0 of unlikely voxel relabeling
203 voxels changed in iteration 1 of unlikely voxel relabeling
12 voxels changed in iteration 2 of unlikely voxel relabeling
3 voxels changed in iteration 3 of unlikely voxel relabeling
0 voxels changed in iteration 4 of unlikely voxel relabeling
5707 voxels changed in iteration 0 of unlikely voxel relabeling
76 voxels changed in iteration 1 of unlikely voxel relabeling
10 voxels changed in iteration 2 of unlikely voxel relabeling
1 voxels changed in iteration 3 of unlikely voxel relabeling
0 voxels changed in iteration 4 of unlikely voxel relabeling
5390 voxels changed in iteration 0 of unlikely voxel relabeling
167 voxels changed in iteration 1 of unlikely voxel relabeling
32 voxels changed in iteration 2 of unlikely voxel relabeling
1 voxels changed in iteration 3 of unlikely voxel relabeling
0 voxels changed in iteration 4 of unlikely voxel relabeling
4671 voxels changed in iteration 0 of unlikely voxel relabeling
37 voxels changed in iteration 1 of unlikely voxel relabeling
2 voxels changed in iteration 2 of unlikely voxel relabeling
0 voxels changed in iteration 3 of unlikely voxel relabeling
 !!!!!!!!! ventricle segment 0 with volume 4703 above threshold 100 - not erasing !!!!!!!!!!
 !!!!!!!!! ventricle segment 4 with volume 3651 above threshold 100 - not erasing !!!!!!!!!!
 !!!!!!!!! ventricle segment 1 with volume 196 above threshold 100 - not erasing !!!!!!!!!!
 !!!!!!!!! ventricle segment 2 with volume 449 above threshold 100 - not erasing !!!!!!!!!!
writing labeled volume to aseg.auto_noCCseg.mgz
mri_ca_label utimesec    1743.223918
mri_ca_label stimesec    3.422805
mri_ca_label ru_maxrss   2113348
mri_ca_label ru_ixrss    0
mri_ca_label ru_idrss    0
mri_ca_label ru_isrss    0
mri_ca_label ru_minflt   4141876
mri_ca_label ru_majflt   10
mri_ca_label ru_nswap    0
mri_ca_label ru_inblock  1142
mri_ca_label ru_oublock  632
mri_ca_label ru_msgsnd   0
mri_ca_label ru_msgrcv   0
mri_ca_label ru_nsignals 0
mri_ca_label ru_nvcsw    3408
mri_ca_label ru_nivcsw   2034
auto-labeling took 27 minutes and 34 seconds.
#--------------------------------------
#@# CC Seg Thu Mar 12 12:38:04 CET 2026

 mri_cc -aseg aseg.auto_noCCseg.mgz -o aseg.auto.mgz -lta /out/sourcedata/freesurfer/sub-v1s11x0050160_ses-1/mri/transforms/cc_up.lta sub-v1s11x0050160_ses-1 

will read input aseg from aseg.auto_noCCseg.mgz
writing aseg with cc labels to aseg.auto.mgz
will write lta as /out/sourcedata/freesurfer/sub-v1s11x0050160_ses-1/mri/transforms/cc_up.lta
reading aseg from /out/sourcedata/freesurfer/sub-v1s11x0050160_ses-1/mri/aseg.auto_noCCseg.mgz
reading norm from /out/sourcedata/freesurfer/sub-v1s11x0050160_ses-1/mri/norm.mgz
50196 voxels in left wm, 106383 in right wm, xrange [122, 137]
searching rotation angles z=[-11  3], y=[-11  3]
searching scale 1 Z rot -11.1  searching scale 1 Z rot -10.8  searching scale 1 Z rot -10.6  searching scale 1 Z rot -10.3  searching scale 1 Z rot -10.1  searching scale 1 Z rot -9.8  searching scale 1 Z rot -9.6  searching scale 1 Z rot -9.3  searching scale 1 Z rot -9.1  searching scale 1 Z rot -8.8  searching scale 1 Z rot -8.6  searching scale 1 Z rot -8.3  searching scale 1 Z rot -8.1  searching scale 1 Z rot -7.8  searching scale 1 Z rot -7.6  searching scale 1 Z rot -7.3  searching scale 1 Z rot -7.1  searching scale 1 Z rot -6.8  searching scale 1 Z rot -6.6  searching scale 1 Z rot -6.3  searching scale 1 Z rot -6.1  searching scale 1 Z rot -5.8  searching scale 1 Z rot -5.6  searching scale 1 Z rot -5.3  searching scale 1 Z rot -5.1  searching scale 1 Z rot -4.8  searching scale 1 Z rot -4.6  searching scale 1 Z rot -4.3  searching scale 1 Z rot -4.1  searching scale 1 Z rot -3.8  searching scale 1 Z rot -3.6  searching scale 1 Z rot -3.3  searching scale 1 Z rot -3.1  searching scale 1 Z rot -2.8  searching scale 1 Z rot -2.6  searching scale 1 Z rot -2.3  searching scale 1 Z rot -2.1  searching scale 1 Z rot -1.8  searching scale 1 Z rot -1.6  searching scale 1 Z rot -1.3  searching scale 1 Z rot -1.1  searching scale 1 Z rot -0.8  searching scale 1 Z rot -0.6  searching scale 1 Z rot -0.3  searching scale 1 Z rot -0.1  searching scale 1 Z rot 0.2  searching scale 1 Z rot 0.4  searching scale 1 Z rot 0.7  searching scale 1 Z rot 0.9  searching scale 1 Z rot 1.2  searching scale 1 Z rot 1.4  searching scale 1 Z rot 1.7  searching scale 1 Z rot 1.9  searching scale 1 Z rot 2.2  searching scale 1 Z rot 2.4  searching scale 1 Z rot 2.7  global minimum found at slice 131.5, rotations (-4.13, -4.07)
final transformation (x=131.5, yr=-4.125, zr=-4.068):
 0.99490   0.07094  -0.07176  -1.00153;
-0.07076   0.99748   0.00510   40.93249;
 0.07194   0.00000   0.99741  -2.14955;
 0.00000   0.00000   0.00000   1.00000;
updating x range to be [126, 131] in xformed coordinates
best xformed slice 128
min_x_fornix = 140
min_x_fornix = 143
min_x_fornix = 146
min_x_fornix = 145
min_x_fornix = 142
cc center is found at 128 96 121
eigenvectors:
-0.00086  -0.00871   0.99996;
 0.10325  -0.99462  -0.00857;
 0.99465   0.10324   0.00175;
writing aseg with callosum to /out/sourcedata/freesurfer/sub-v1s11x0050160_ses-1/mri/aseg.auto.mgz...
corpus callosum segmentation took 0.8 minutes
#VMPC# mri_cc VmPeak  556056
mri_cc done
#--------------------------------------
#@# Merge ASeg Thu Mar 12 12:38:50 CET 2026

 cp aseg.auto.mgz aseg.presurf.mgz 

#--------------------------------------------
#@# Intensity Normalization2 Thu Mar 12 12:38:50 CET 2026
/out/sourcedata/freesurfer/sub-v1s11x0050160_ses-1/mri

 mri_normalize -seed 1234 -mprage -aseg aseg.presurf.mgz -mask brainmask.mgz norm.mgz brain.mgz 

setting seed for random number genererator to 1234
assuming input volume is MGH (Van der Kouwe) MP-RAGE
using segmentation for initial intensity normalization
using MR volume brainmask.mgz to mask input volume...
reading mri_src from norm.mgz...
Reading aseg aseg.presurf.mgz
normalizing image...
NOT doing gentle normalization with control points/label
processing with aseg
removing outliers in the aseg WM...
343 control points removed
Building bias image
building Voronoi diagram...
performing soap bubble smoothing, sigma = 0...
Smoothing with sigma 8
Applying bias correction
building Voronoi diagram...
performing soap bubble smoothing, sigma = 8...

Iterating 2 times
---------------------------------
3d normalization pass 1 of 2
white matter peak found at 110
white matter peak found at 110
gm peak at 72 (72), valley at 42 (42)
csf peak at 37, setting threshold to 60
building Voronoi diagram...
performing soap bubble smoothing, sigma = 8...
---------------------------------
3d normalization pass 2 of 2
white matter peak found at 110
white matter peak found at 110
gm peak at 73 (73), valley at  0 (-1)
csf peak at 36, setting threshold to 60
building Voronoi diagram...
performing soap bubble smoothing, sigma = 8...
Done iterating ---------------------------------
writing output to brain.mgz
3D bias adjustment took 2 minutes and 18 seconds.
#--------------------------------------------
#@# Mask BFS Thu Mar 12 12:41:09 CET 2026
/out/sourcedata/freesurfer/sub-v1s11x0050160_ses-1/mri

 mri_mask -T 5 brain.mgz brainmask.mgz brain.finalsurfs.mgz 

threshold mask volume at 5
DoAbs = 0
Found 1539342 voxels in mask (pct=  9.18)
Writing masked volume to brain.finalsurfs.mgz...done.
#--------------------------------------------
#@# WM Segmentation Thu Mar 12 12:41:10 CET 2026

 AntsDenoiseImageFs -i brain.mgz -o antsdn.brain.mgz 


 mri_segment -wsizemm 13 -mprage antsdn.brain.mgz wm.seg.mgz 

wsizemm = 13, voxres = 1, wsize = 13
Widening wm low from 89 to 79
assuming input volume is MGH (Van der Kouwe) MP-RAGE
wm mean:  110
wsize:    13
wm low:   79
wm hi:    125
gray low: 30
gray hi:  99
Doing initial trinary intensity segmentation 
Using local statistics to label ambiguous voxels
Autodetecting stats
Computing class statistics for intensity windows...
CCS WM (101.0): 100.7 +- 6.0 [79.0 --> 125.0]
CCS GM (77.0) : 76.7 +- 8.0 [30.0 --> 95.0]
 white_mean 100.713
 white_sigma 5.99219
 gray_mean 76.7114
 gray_sigma 8.04817
setting bottom of white matter range wm_low to 84.8
setting top of gray matter range gray_hi to 92.8
 wm_low 84.7595
 wm_hi  125
 gray_low 30
 gray_hi  92.8077
Redoing initial intensity segmentation...
Recomputing local statistics to label ambiguous voxels...
 wm_low 84.7595
 wm_hi  125
 gray_low 30
 gray_hi  92.8077
using local geometry to label remaining ambiguous voxels...
polvwsize = 5, polvlen = 3, gray_hi = 92.8077, wm_low = 84.7595
MRIcpolvMedianCurveSegment(): wsize=5, len=3, gmhi=92.8077, wmlow=84.7595
    127940 voxels processed (0.76%)
     51686 voxels white (0.31%)
     76254 voxels non-white (0.45%)

Reclassifying voxels using Gaussian border classifier niter=1
MRIreclassify(): wm_low=79.7595, gray_hi=92.8077, wsize=13
    261658 voxels tested (1.56%)
     44196 voxels changed (0.26%)
     65918 multi-scale searches  (0.39%)
Recovering bright white
MRIrecoverBrightWhite()
 wm_low 84.7595
 wm_hi 125
 slack 5.99219
 pct_thresh 0.33
 intensity_thresh 130.992
 nvox_thresh 8.58
        1 voxels tested (0.00%)
        1 voxels changed (0.00%)

removing voxels with positive offset direction...
MRIremoveWrongDirection() wsize=3, lowthr=79.7595, hithr=92.8077
  smoothing input volume with sigma = 0.250
    68050 voxels tested (0.41%)
    13718 voxels changed (0.08%)
thicken = 1
removing 1-dimensional structures...
MRIremove1dStructures(): max_iter=10000, thresh=2, WM_MIN_VAL=5
 1011 sparsely connected voxels removed in 1 iterations
thickening thin strands....
thickness 4
nsegments 20
wm_hi 125
963 diagonally connected voxels added...
MRIthickenThinWMStrands(): thickness=4, nsegments=20
  20 segments, 3729 filled
MRIfindBrightNonWM(): 0 bright non-wm voxels segmented.
MRIfilterMorphology() WM_MIN_VAL=5, DIAGONAL_FILL=230
white matter segmentation took 1.0 minutes
writing output to wm.seg.mgz...

 mri_edit_wm_with_aseg -keep-in wm.seg.mgz brain.mgz aseg.presurf.mgz wm.asegedit.mgz 

preserving editing changes in input volume...
auto filling took 0.42 minutes
reading wm segmentation from wm.seg.mgz...
0 voxels added to wm to prevent paths from MTL structures to cortex
2351 additional wm voxels added
0 additional wm voxels added
SEG EDIT: 28481 voxels turned on, 52962 voxels turned off.
propagating editing to output volume from wm.seg.mgz
writing edited volume to wm.asegedit.mgz....

 mri_pretess wm.asegedit.mgz wm norm.mgz wm.mgz 


Iteration Number : 1
pass   1 (xy+):  16 found -  16 modified     |    TOTAL:  16
pass   2 (xy+):   0 found -  16 modified     |    TOTAL:  16
pass   1 (xy-):  12 found -  12 modified     |    TOTAL:  28
pass   2 (xy-):   0 found -  12 modified     |    TOTAL:  28
pass   1 (yz+):  16 found -  16 modified     |    TOTAL:  44
pass   2 (yz+):   0 found -  16 modified     |    TOTAL:  44
pass   1 (yz-):  15 found -  15 modified     |    TOTAL:  59
pass   2 (yz-):   0 found -  15 modified     |    TOTAL:  59
pass   1 (xz+):  10 found -  10 modified     |    TOTAL:  69
pass   2 (xz+):   0 found -  10 modified     |    TOTAL:  69
pass   1 (xz-):   4 found -   4 modified     |    TOTAL:  73
pass   2 (xz-):   0 found -   4 modified     |    TOTAL:  73
Iteration Number : 1
pass   1 (+++):   2 found -   2 modified     |    TOTAL:   2
pass   2 (+++):   0 found -   2 modified     |    TOTAL:   2
pass   1 (+++):   7 found -   7 modified     |    TOTAL:   9
pass   2 (+++):   0 found -   7 modified     |    TOTAL:   9
pass   1 (+++):   2 found -   2 modified     |    TOTAL:  11
pass   2 (+++):   0 found -   2 modified     |    TOTAL:  11
pass   1 (+++):  12 found -  12 modified     |    TOTAL:  23
pass   2 (+++):   0 found -  12 modified     |    TOTAL:  23
Iteration Number : 1
pass   1 (++):  53 found -  53 modified     |    TOTAL:  53
pass   2 (++):   0 found -  53 modified     |    TOTAL:  53
pass   1 (+-):  67 found -  67 modified     |    TOTAL: 120
pass   2 (+-):   0 found -  67 modified     |    TOTAL: 120
pass   1 (--):  48 found -  48 modified     |    TOTAL: 168
pass   2 (--):   0 found -  48 modified     |    TOTAL: 168
pass   1 (-+):  76 found -  76 modified     |    TOTAL: 244
pass   2 (-+):   0 found -  76 modified     |    TOTAL: 244
Iteration Number : 2
pass   1 (xy+):   4 found -   4 modified     |    TOTAL:   4
pass   2 (xy+):   0 found -   4 modified     |    TOTAL:   4
pass   1 (xy-):   1 found -   1 modified     |    TOTAL:   5
pass   2 (xy-):   0 found -   1 modified     |    TOTAL:   5
pass   1 (yz+):   0 found -   0 modified     |    TOTAL:   5
pass   1 (yz-):   5 found -   5 modified     |    TOTAL:  10
pass   2 (yz-):   0 found -   5 modified     |    TOTAL:  10
pass   1 (xz+):   0 found -   0 modified     |    TOTAL:  10
pass   1 (xz-):   3 found -   3 modified     |    TOTAL:  13
pass   2 (xz-):   0 found -   3 modified     |    TOTAL:  13
Iteration Number : 2
pass   1 (+++):   0 found -   0 modified     |    TOTAL:   0
pass   1 (+++):   0 found -   0 modified     |    TOTAL:   0
pass   1 (+++):   0 found -   0 modified     |    TOTAL:   0
pass   1 (+++):   2 found -   2 modified     |    TOTAL:   2
pass   2 (+++):   0 found -   2 modified     |    TOTAL:   2
Iteration Number : 2
pass   1 (++):   2 found -   2 modified     |    TOTAL:   2
pass   2 (++):   0 found -   2 modified     |    TOTAL:   2
pass   1 (+-):   0 found -   0 modified     |    TOTAL:   2
pass   1 (--):   1 found -   1 modified     |    TOTAL:   3
pass   2 (--):   0 found -   1 modified     |    TOTAL:   3
pass   1 (-+):   0 found -   0 modified     |    TOTAL:   3
Iteration Number : 3
pass   1 (xy+):   0 found -   0 modified     |    TOTAL:   0
pass   1 (xy-):   0 found -   0 modified     |    TOTAL:   0
pass   1 (yz+):   0 found -   0 modified     |    TOTAL:   0
pass   1 (yz-):   0 found -   0 modified     |    TOTAL:   0
pass   1 (xz+):   1 found -   1 modified     |    TOTAL:   1
pass   2 (xz+):   0 found -   1 modified     |    TOTAL:   1
pass   1 (xz-):   0 found -   0 modified     |    TOTAL:   1
Iteration Number : 3
pass   1 (+++):   0 found -   0 modified     |    TOTAL:   0
pass   1 (+++):   0 found -   0 modified     |    TOTAL:   0
pass   1 (+++):   0 found -   0 modified     |    TOTAL:   0
pass   1 (+++):   0 found -   0 modified     |    TOTAL:   0
Iteration Number : 3
pass   1 (++):   0 found -   0 modified     |    TOTAL:   0
pass   1 (+-):   0 found -   0 modified     |    TOTAL:   0
pass   1 (--):   0 found -   0 modified     |    TOTAL:   0
pass   1 (-+):   0 found -   0 modified     |    TOTAL:   0
Iteration Number : 4
pass   1 (xy+):   0 found -   0 modified     |    TOTAL:   0
pass   1 (xy-):   0 found -   0 modified     |    TOTAL:   0
pass   1 (yz+):   0 found -   0 modified     |    TOTAL:   0
pass   1 (yz-):   0 found -   0 modified     |    TOTAL:   0
pass   1 (xz+):   0 found -   0 modified     |    TOTAL:   0
pass   1 (xz-):   0 found -   0 modified     |    TOTAL:   0
Iteration Number : 4
pass   1 (+++):   0 found -   0 modified     |    TOTAL:   0
pass   1 (+++):   0 found -   0 modified     |    TOTAL:   0
pass   1 (+++):   0 found -   0 modified     |    TOTAL:   0
pass   1 (+++):   0 found -   0 modified     |    TOTAL:   0
Iteration Number : 4
pass   1 (++):   0 found -   0 modified     |    TOTAL:   0
pass   1 (+-):   0 found -   0 modified     |    TOTAL:   0
pass   1 (--):   0 found -   0 modified     |    TOTAL:   0
pass   1 (-+):   0 found -   0 modified     |    TOTAL:   0

Total Number of Modified Voxels = 359 (out of 574461: 0.062493)
binarizing input wm segmentation...
Ambiguous edge configurations... 

mri_pretess done

#--------------------------------------------
#@# Fill Thu Mar 12 12:43:08 CET 2026
/out/sourcedata/freesurfer/sub-v1s11x0050160_ses-1/mri

 mri_fill -a ../scripts/ponscc.cut.log -xform transforms/talairach.lta -segmentation aseg.presurf.mgz -ctab /opt/freesurfer/SubCorticalMassLUT.txt wm.mgz filled.mgz 

logging cutting plane coordinates to ../scripts/ponscc.cut.log...
INFO: Using transforms/talairach.lta and its offset for Talairach volume ...
using segmentation aseg.presurf.mgz...
reading input volume...done.
searching for cutting planes...voxel to talairach voxel transform
 1.06807   0.11520  -0.04130  -20.61270;
-0.08648   1.17752   0.02129  -3.41579;
 0.04324  -0.02043   0.97367  -12.22806;
 0.00000   0.00000   0.00000   1.00000;
voxel to talairach voxel transform
 1.06807   0.11520  -0.04130  -20.61270;
-0.08648   1.17752   0.02129  -3.41579;
 0.04324  -0.02043   0.97367  -12.22806;
 0.00000   0.00000   0.00000   1.00000;
reading segmented volume aseg.presurf.mgz
removing CC from segmentation
Looking for area (min, max) = (350, 1400)
area[0] = 1271 (min = 350, max = 1400), aspect = 0.50 (min = 0.10, max = 0.75)
no need to search
using seed (128, 122, 152), TAL = (0.0, 24.0, 6.0)
talairach voxel to voxel transform
 0.92731  -0.09000   0.04130   19.31195;
 0.06882   0.84224  -0.01550   4.10605;
-0.03974   0.02167   1.02488   11.78726;
 0.00000   0.00000   0.00000   1.00000;
segmentation indicates cc at (128,  122,  152) --> (0.0, 24.0, 6.0)
done.
filling took 1.0 minutes
talairach cc position changed to (0.00, 24.00, 6.00)
Erasing brainstem...done.
seed_search_size = 9, min_neighbors = 5
search rh wm seed point around talairach space:(18.00, 24.00, 6.00) SRC: (116.61, 112.07, 165.84)
search lh wm seed point around talairach space (-18.00, 24.00, 6.00), SRC: (150.00, 114.55, 164.41)
compute mri_fill using aseg
Erasing Brain Stem and Cerebellum ...
Define left and right masks using aseg:
Building Voronoi diagram ...
Using the Voronoi diagram for separating WM into two hemispheres ...
Find the largest connected component for each hemisphere ...
Embedding colortable
mri_fill done, writing output to filled.mgz...
 cp filled.mgz filled.auto.mgz

Started at Thu Mar 12 11:13:43 CET 2026 
Ended   at Thu Mar 12 12:44:09 CET 2026
#@#%# recon-all-run-time-hours 1.507
recon-all -s sub-v1s11x0050160_ses-1 finished without error at Thu Mar 12 12:44:09 CET 2026



#New# invocation of recon-all 




Thu Mar 12 13:33:00 CET 2026
cd /out/sourcedata/freesurfer/sub-v1s11x0050160_ses-1
setenv SUBJECTS_DIR /out/sourcedata/freesurfer
/opt/freesurfer/bin/recon-all -parallel -subjid sub-v1s11x0050160_ses-1 -sd /out/sourcedata/freesurfer -cortribbon

subjid sub-v1s11x0050160_ses-1
setenv SUBJECTS_DIR /out/sourcedata/freesurfer
FREESURFER_HOME /opt/freesurfer
Actual FREESURFER_HOME /opt/freesurfer
build-stamp.txt: freesurfer-linux-ubuntu22_x86_64-7.3.2-20220804-6354275
Linux dna017 5.14.0-427.37.1.el9_4.x86_64 #1 SMP PREEMPT_DYNAMIC Fri Sep 13 12:41:50 EDT 2024 x86_64 x86_64 x86_64 GNU/Linux
cputime      unlimited
filesize     unlimited
datasize     unlimited
stacksize    8192 kbytes
coredumpsize 0 kbytes
memoryuse    67108864 kbytes
vmemoryuse   unlimited
descriptors  1024 
memorylocked unlimited
maxproc      2061970 
maxlocks     unlimited
maxsignal    2061970 
maxmessage   819200 
maxnice      0 
maxrtprio    0 
maxrttime    unlimited

               total        used        free      shared  buff/cache   available
Mem:           503Gi        59Gi       400Gi        13Gi        43Gi       427Gi
Swap:             0B          0B          0B

########################################
program versions used
7.3.2 (freesurfer-linux-ubuntu22_x86_64-7.3.2-20220804-6354275)
7.3.2

ProgramName: lta_convert  ProgramArguments: lta_convert -all-info  ProgramVersion: 7.3.2  TimeStamp: 2026/03/12-12:33:00-GMT  BuildTime: Aug  4 2022 06:17:15  BuildStamp: freesurfer-linux-ubuntu22_x86_64-7.3.2-20220804-6354275  User: oesteban  Machine: dna017  Platform: Linux  PlatformVersion: 5.14.0-427.37.1.el9_4.x86_64  CompilerName: GCC  CompilerVersion: 8.4.0
ProgramName: mri_and  ProgramArguments: mri_and -all-info  ProgramVersion: 7.3.2  TimeStamp: 2026/03/12-12:33:00-GMT  BuildTime: Aug  4 2022 06:17:15  BuildStamp: freesurfer-linux-ubuntu22_x86_64-7.3.2-20220804-6354275  User: oesteban  Machine: dna017  Platform: Linux  PlatformVersion: 5.14.0-427.37.1.el9_4.x86_64  CompilerName: GCC  CompilerVersion: 8.4.0
ProgramName: mri_annotation2label  ProgramArguments: mri_annotation2label -all-info  ProgramVersion: 7.3.2  TimeStamp: 2026/03/12-12:33:00-GMT  BuildTime: Aug  4 2022 06:17:15  BuildStamp: freesurfer-linux-ubuntu22_x86_64-7.3.2-20220804-6354275  User: oesteban  Machine: dna017  Platform: Linux  PlatformVersion: 5.14.0-427.37.1.el9_4.x86_64  CompilerName: GCC  CompilerVersion: 8.4.0
ProgramName: mri_aparc2aseg  ProgramArguments: mri_aparc2aseg -all-info  ProgramVersion: 7.3.2  TimeStamp: 2026/03/12-12:33:00-GMT  BuildTime: Aug  4 2022 06:17:15  BuildStamp: freesurfer-linux-ubuntu22_x86_64-7.3.2-20220804-6354275  User: oesteban  Machine: dna017  Platform: Linux  PlatformVersion: 5.14.0-427.37.1.el9_4.x86_64  CompilerName: GCC  CompilerVersion: 8.4.0
ProgramName: mri_surf2volseg  ProgramArguments: mri_surf2volseg -all-info  ProgramVersion: 7.3.2  TimeStamp: 2026/03/12-12:33:00-GMT  BuildTime: Aug  4 2022 06:17:15  BuildStamp: freesurfer-linux-ubuntu22_x86_64-7.3.2-20220804-6354275  User: oesteban  Machine: dna017  Platform: Linux  PlatformVersion: 5.14.0-427.37.1.el9_4.x86_64  CompilerName: GCC  CompilerVersion: 8.4.0
ProgramName: mri_binarize  ProgramArguments: mri_binarize -all-info  ProgramVersion: 7.3.2  TimeStamp: 2026/03/12-12:33:00-GMT  BuildTime: Aug  4 2022 06:17:15  BuildStamp: freesurfer-linux-ubuntu22_x86_64-7.3.2-20220804-6354275  User: oesteban  Machine: dna017  Platform: Linux  PlatformVersion: 5.14.0-427.37.1.el9_4.x86_64  CompilerName: GCC  CompilerVersion: 8.4.0
ProgramName: mri_ca_label  ProgramArguments: mri_ca_label -all-info  ProgramVersion: 7.3.2  TimeStamp: 2026/03/12-12:33:00-GMT  BuildTime: Aug  4 2022 06:17:15  BuildStamp: freesurfer-linux-ubuntu22_x86_64-7.3.2-20220804-6354275  User: oesteban  Machine: dna017  Platform: Linux  PlatformVersion: 5.14.0-427.37.1.el9_4.x86_64  CompilerName: GCC  CompilerVersion: 8.4.0
ProgramName: mri_ca_normalize  ProgramArguments: mri_ca_normalize -all-info  ProgramVersion: 7.3.2  TimeStamp: 2026/03/12-12:33:00-GMT  BuildTime: Aug  4 2022 06:17:15  BuildStamp: freesurfer-linux-ubuntu22_x86_64-7.3.2-20220804-6354275  User: oesteban  Machine: dna017  Platform: Linux  PlatformVersion: 5.14.0-427.37.1.el9_4.x86_64  CompilerName: GCC  CompilerVersion: 8.4.0
ProgramName: mri_ca_register  ProgramArguments: mri_ca_register -all-info  ProgramVersion: 7.3.2  TimeStamp: 2026/03/12-12:33:00-GMT  BuildTime: Aug  4 2022 06:17:15  BuildStamp: freesurfer-linux-ubuntu22_x86_64-7.3.2-20220804-6354275  User: oesteban  Machine: dna017  Platform: Linux  PlatformVersion: 5.14.0-427.37.1.el9_4.x86_64  CompilerName: GCC  CompilerVersion: 8.4.0
ProgramName: mri_cc  ProgramArguments: mri_cc -all-info  ProgramVersion: 7.3.2  TimeStamp: 2026/03/12-12:33:00-GMT  BuildTime: Aug  4 2022 06:17:15  BuildStamp: freesurfer-linux-ubuntu22_x86_64-7.3.2-20220804-6354275  User: oesteban  Machine: dna017  Platform: Linux  PlatformVersion: 5.14.0-427.37.1.el9_4.x86_64  CompilerName: GCC  CompilerVersion: 8.4.0
ProgramName: mri_compute_overlap  ProgramArguments: mri_compute_overlap -all-info  ProgramVersion: 7.3.2  TimeStamp: 2026/03/12-12:33:00-GMT  BuildTime: Aug  4 2022 06:17:15  BuildStamp: freesurfer-linux-ubuntu22_x86_64-7.3.2-20220804-6354275  User: oesteban  Machine: dna017  Platform: Linux  PlatformVersion: 5.14.0-427.37.1.el9_4.x86_64  CompilerName: GCC  CompilerVersion: 8.4.0
ProgramName: mri_compute_seg_overlap  ProgramArguments: mri_compute_seg_overlap -all-info  ProgramVersion: 7.3.2  TimeStamp: 2026/03/12-12:33:00-GMT  BuildTime: Aug  4 2022 06:17:15  BuildStamp: freesurfer-linux-ubuntu22_x86_64-7.3.2-20220804-6354275  User: oesteban  Machine: dna017  Platform: Linux  PlatformVersion: 5.14.0-427.37.1.el9_4.x86_64  CompilerName: GCC  CompilerVersion: 8.4.0
ProgramName: mri_concat  ProgramArguments: mri_concat -all-info  ProgramVersion: 7.3.2  TimeStamp: 2026/03/12-12:33:00-GMT  BuildTime: Aug  4 2022 06:17:15  BuildStamp: freesurfer-linux-ubuntu22_x86_64-7.3.2-20220804-6354275  User: oesteban  Machine: dna017  Platform: Linux  PlatformVersion: 5.14.0-427.37.1.el9_4.x86_64  CompilerName: GCC  CompilerVersion: 8.4.0
ProgramName: mri_concatenate_lta  ProgramArguments: mri_concatenate_lta -all-info  ProgramVersion: 7.3.2  TimeStamp: 2026/03/12-12:33:00-GMT  BuildTime: Aug  4 2022 06:17:15  BuildStamp: freesurfer-linux-ubuntu22_x86_64-7.3.2-20220804-6354275  User: oesteban  Machine: dna017  Platform: Linux  PlatformVersion: 5.14.0-427.37.1.el9_4.x86_64  CompilerName: GCC  CompilerVersion: 8.4.0
mri_convert -all-info 
ProgramName: mri_convert  ProgramArguments: mri_convert -all-info  ProgramVersion: 7.3.2  TimeStamp: 2026/03/12-12:33:00-GMT  BuildTime: Aug  4 2022 06:17:15  BuildStamp: freesurfer-linux-ubuntu22_x86_64-7.3.2-20220804-6354275  User: oesteban  Machine: dna017  Platform: Linux  PlatformVersion: 5.14.0-427.37.1.el9_4.x86_64  CompilerName: GCC  CompilerVersion: 8.4.0
ProgramName: mri_diff  ProgramArguments: mri_diff -all-info  ProgramVersion: 7.3.2  TimeStamp: 2026/03/12-12:33:00-GMT  BuildTime: Aug  4 2022 06:17:15  BuildStamp: freesurfer-linux-ubuntu22_x86_64-7.3.2-20220804-6354275  User: oesteban  Machine: dna017  Platform: Linux  PlatformVersion: 5.14.0-427.37.1.el9_4.x86_64  CompilerName: GCC  CompilerVersion: 8.4.0
ProgramName: mri_edit_wm_with_aseg  ProgramArguments: mri_edit_wm_with_aseg -all-info  ProgramVersion: 7.3.2  TimeStamp: 2026/03/12-12:33:00-GMT  BuildTime: Aug  4 2022 06:17:15  BuildStamp: freesurfer-linux-ubuntu22_x86_64-7.3.2-20220804-6354275  User: oesteban  Machine: dna017  Platform: Linux  PlatformVersion: 5.14.0-427.37.1.el9_4.x86_64  CompilerName: GCC  CompilerVersion: 8.4.0
ProgramName: mri_em_register  ProgramArguments: mri_em_register -all-info  ProgramVersion: 7.3.2  TimeStamp: 2026/03/12-12:33:00-GMT  BuildTime: Aug  4 2022 06:17:15  BuildStamp: freesurfer-linux-ubuntu22_x86_64-7.3.2-20220804-6354275  User: oesteban  Machine: dna017  Platform: Linux  PlatformVersion: 5.14.0-427.37.1.el9_4.x86_64  CompilerName: GCC  CompilerVersion: 8.4.0
ProgramName: mri_fill  ProgramArguments: mri_fill -all-info  ProgramVersion: 7.3.2  TimeStamp: 2026/03/12-12:33:00-GMT  BuildTime: Aug  4 2022 06:17:15  BuildStamp: freesurfer-linux-ubuntu22_x86_64-7.3.2-20220804-6354275  User: oesteban  Machine: dna017  Platform: Linux  PlatformVersion: 5.14.0-427.37.1.el9_4.x86_64  CompilerName: GCC  CompilerVersion: 8.4.0
ProgramName: mri_fuse_segmentations  ProgramArguments: mri_fuse_segmentations -all-info  ProgramVersion: 7.3.2  TimeStamp: 2026/03/12-12:33:00-GMT  BuildTime: Aug  4 2022 06:17:15  BuildStamp: freesurfer-linux-ubuntu22_x86_64-7.3.2-20220804-6354275  User: oesteban  Machine: dna017  Platform: Linux  PlatformVersion: 5.14.0-427.37.1.el9_4.x86_64  CompilerName: GCC  CompilerVersion: 8.4.0
ProgramName: mri_fwhm  ProgramArguments: mri_fwhm -all-info  ProgramVersion: 7.3.2  TimeStamp: 2026/03/12-12:33:00-GMT  BuildTime: Aug  4 2022 06:17:15  BuildStamp: freesurfer-linux-ubuntu22_x86_64-7.3.2-20220804-6354275  User: oesteban  Machine: dna017  Platform: Linux  PlatformVersion: 5.14.0-427.37.1.el9_4.x86_64  CompilerName: GCC  CompilerVersion: 8.4.0
ProgramName: mri_gcut  ProgramArguments: mri_gcut -all-info  ProgramVersion: 7.3.2  TimeStamp: 2026/03/12-12:33:00-GMT  BuildTime: Aug  4 2022 06:17:15  BuildStamp: freesurfer-linux-ubuntu22_x86_64-7.3.2-20220804-6354275  User: oesteban  Machine: dna017  Platform: Linux  PlatformVersion: 5.14.0-427.37.1.el9_4.x86_64  CompilerName: GCC  CompilerVersion: 8.4.0
ProgramName: mri_info  ProgramArguments: mri_info -all-info  ProgramVersion: 7.3.2  TimeStamp: 2026/03/12-12:33:00-GMT  BuildTime: Aug  4 2022 06:17:15  BuildStamp: freesurfer-linux-ubuntu22_x86_64-7.3.2-20220804-6354275  User: oesteban  Machine: dna017  Platform: Linux  PlatformVersion: 5.14.0-427.37.1.el9_4.x86_64  CompilerName: GCC  CompilerVersion: 8.4.0
ProgramName: mri_label2label  ProgramArguments: mri_label2label -all-info  ProgramVersion: 7.3.2  TimeStamp: 2026/03/12-12:33:00-GMT  BuildTime: Aug  4 2022 06:17:15  BuildStamp: freesurfer-linux-ubuntu22_x86_64-7.3.2-20220804-6354275  User: oesteban  Machine: dna017  Platform: Linux  PlatformVersion: 5.14.0-427.37.1.el9_4.x86_64  CompilerName: GCC  CompilerVersion: 8.4.0
ProgramName: mri_label2vol  ProgramArguments: mri_label2vol -all-info  ProgramVersion: 7.3.2  TimeStamp: 2026/03/12-12:33:00-GMT  BuildTime: Aug  4 2022 06:17:15  BuildStamp: freesurfer-linux-ubuntu22_x86_64-7.3.2-20220804-6354275  User: oesteban  Machine: dna017  Platform: Linux  PlatformVersion: 5.14.0-427.37.1.el9_4.x86_64  CompilerName: GCC  CompilerVersion: 8.4.0
ProgramName: mri_log_likelihood  ProgramArguments: mri_log_likelihood -all-info  ProgramVersion: 7.3.2  TimeStamp: 2026/03/12-12:33:00-GMT  BuildTime: Aug  4 2022 06:17:15  BuildStamp: freesurfer-linux-ubuntu22_x86_64-7.3.2-20220804-6354275  User: oesteban  Machine: dna017  Platform: Linux  PlatformVersion: 5.14.0-427.37.1.el9_4.x86_64  CompilerName: GCC  CompilerVersion: 8.4.0
ProgramName: mri_mask  ProgramArguments: mri_mask -all-info  ProgramVersion: 7.3.2  TimeStamp: 2026/03/12-12:33:00-GMT  BuildTime: Aug  4 2022 06:17:15  BuildStamp: freesurfer-linux-ubuntu22_x86_64-7.3.2-20220804-6354275  User: oesteban  Machine: dna017  Platform: Linux  PlatformVersion: 5.14.0-427.37.1.el9_4.x86_64  CompilerName: GCC  CompilerVersion: 8.4.0
ProgramName: mri_matrix_multiply  ProgramArguments: mri_matrix_multiply -all-info  ProgramVersion: 7.3.2  TimeStamp: 2026/03/12-12:33:00-GMT  BuildTime: Aug  4 2022 06:17:15  BuildStamp: freesurfer-linux-ubuntu22_x86_64-7.3.2-20220804-6354275  User: oesteban  Machine: dna017  Platform: Linux  PlatformVersion: 5.14.0-427.37.1.el9_4.x86_64  CompilerName: GCC  CompilerVersion: 8.4.0
ProgramName: mri_normalize  ProgramArguments: mri_normalize -all-info  ProgramVersion: 7.3.2  TimeStamp: 2026/03/12-12:33:00-GMT  BuildTime: Aug  4 2022 06:17:15  BuildStamp: freesurfer-linux-ubuntu22_x86_64-7.3.2-20220804-6354275  User: oesteban  Machine: dna017  Platform: Linux  PlatformVersion: 5.14.0-427.37.1.el9_4.x86_64  CompilerName: GCC  CompilerVersion: 8.4.0
ProgramName: mri_normalize_tp2  ProgramArguments: mri_normalize_tp2 -all-info  ProgramVersion: 7.3.2  TimeStamp: 2026/03/12-12:33:00-GMT  BuildTime: Aug  4 2022 06:17:15  BuildStamp: freesurfer-linux-ubuntu22_x86_64-7.3.2-20220804-6354275  User: oesteban  Machine: dna017  Platform: Linux  PlatformVersion: 5.14.0-427.37.1.el9_4.x86_64  CompilerName: GCC  CompilerVersion: 8.4.0
ProgramName: mri_or  ProgramArguments: mri_or -all-info  ProgramVersion: 7.3.2  TimeStamp: 2026/03/12-12:33:00-GMT  BuildTime: Aug  4 2022 06:17:15  BuildStamp: freesurfer-linux-ubuntu22_x86_64-7.3.2-20220804-6354275  User: oesteban  Machine: dna017  Platform: Linux  PlatformVersion: 5.14.0-427.37.1.el9_4.x86_64  CompilerName: GCC  CompilerVersion: 8.4.0
ProgramName: mri_relabel_hypointensities  ProgramArguments: mri_relabel_hypointensities -all-info  ProgramVersion: 7.3.2  TimeStamp: 2026/03/12-12:33:00-GMT  BuildTime: Aug  4 2022 06:17:15  BuildStamp: freesurfer-linux-ubuntu22_x86_64-7.3.2-20220804-6354275  User: oesteban  Machine: dna017  Platform: Linux  PlatformVersion: 5.14.0-427.37.1.el9_4.x86_64  CompilerName: GCC  CompilerVersion: 8.4.0
ProgramName: mri_relabel_nonwm_hypos  ProgramArguments: mri_relabel_nonwm_hypos -all-info  ProgramVersion: 7.3.2  TimeStamp: 2026/03/12-12:33:00-GMT  BuildTime: Aug  4 2022 06:17:15  BuildStamp: freesurfer-linux-ubuntu22_x86_64-7.3.2-20220804-6354275  User: oesteban  Machine: dna017  Platform: Linux  PlatformVersion: 5.14.0-427.37.1.el9_4.x86_64  CompilerName: GCC  CompilerVersion: 8.4.0
ProgramName: mri_remove_neck  ProgramArguments: mri_remove_neck -all-info  ProgramVersion: 7.3.2  TimeStamp: 2026/03/12-12:33:00-GMT  BuildTime: Aug  4 2022 06:17:15  BuildStamp: freesurfer-linux-ubuntu22_x86_64-7.3.2-20220804-6354275  User: oesteban  Machine: dna017  Platform: Linux  PlatformVersion: 5.14.0-427.37.1.el9_4.x86_64  CompilerName: GCC  CompilerVersion: 8.4.0
7.3.2

ProgramName: mri_robust_register  ProgramArguments: mri_robust_register -all-info  ProgramVersion: 7.3.2  TimeStamp: 2026/03/12-12:33:00-GMT  BuildTime: Aug  4 2022 06:17:15  BuildStamp: freesurfer-linux-ubuntu22_x86_64-7.3.2-20220804-6354275  User: oesteban  Machine: dna017  Platform: Linux  PlatformVersion: 5.14.0-427.37.1.el9_4.x86_64  CompilerName: GCC  CompilerVersion: 8.4.0
7.3.2

ProgramName: mri_robust_template  ProgramArguments: mri_robust_template -all-info  ProgramVersion: 7.3.2  TimeStamp: 2026/03/12-12:33:00-GMT  BuildTime: Aug  4 2022 06:17:15  BuildStamp: freesurfer-linux-ubuntu22_x86_64-7.3.2-20220804-6354275  User: oesteban  Machine: dna017  Platform: Linux  PlatformVersion: 5.14.0-427.37.1.el9_4.x86_64  CompilerName: GCC  CompilerVersion: 8.4.0
ProgramName: mris_anatomical_stats  ProgramArguments: mris_anatomical_stats -all-info  ProgramVersion: 7.3.2  TimeStamp: 2026/03/12-12:33:00-GMT  BuildTime: Aug  4 2022 06:17:15  BuildStamp: freesurfer-linux-ubuntu22_x86_64-7.3.2-20220804-6354275  User: oesteban  Machine: dna017  Platform: Linux  PlatformVersion: 5.14.0-427.37.1.el9_4.x86_64  CompilerName: GCC  CompilerVersion: 8.4.0
ProgramName: mris_ca_label  ProgramArguments: mris_ca_label -all-info  ProgramVersion: 7.3.2  TimeStamp: 2026/03/12-12:33:00-GMT  BuildTime: Aug  4 2022 06:17:15  BuildStamp: freesurfer-linux-ubuntu22_x86_64-7.3.2-20220804-6354275  User: oesteban  Machine: dna017  Platform: Linux  PlatformVersion: 5.14.0-427.37.1.el9_4.x86_64  CompilerName: GCC  CompilerVersion: 8.4.0
ProgramName: mris_calc  ProgramArguments: mris_calc -all-info  ProgramVersion: 7.3.2  TimeStamp: 2026/03/12-12:33:00-GMT  BuildTime: Aug  4 2022 06:17:15  BuildStamp: freesurfer-linux-ubuntu22_x86_64-7.3.2-20220804-6354275  User: oesteban  Machine: dna017  Platform: Linux  PlatformVersion: 5.14.0-427.37.1.el9_4.x86_64  CompilerName: GCC  CompilerVersion: 8.4.0
ProgramName: mris_convert  ProgramArguments: mris_convert -all-info  ProgramVersion: 7.3.2  TimeStamp: 2026/03/12-12:33:00-GMT  BuildTime: Aug  4 2022 06:17:15  BuildStamp: freesurfer-linux-ubuntu22_x86_64-7.3.2-20220804-6354275  User: oesteban  Machine: dna017  Platform: Linux  PlatformVersion: 5.14.0-427.37.1.el9_4.x86_64  CompilerName: GCC  CompilerVersion: 8.4.0
ProgramName: mris_curvature  ProgramArguments: mris_curvature -all-info  ProgramVersion: 7.3.2  TimeStamp: 2026/03/12-12:33:00-GMT  BuildTime: Aug  4 2022 06:17:15  BuildStamp: freesurfer-linux-ubuntu22_x86_64-7.3.2-20220804-6354275  User: oesteban  Machine: dna017  Platform: Linux  PlatformVersion: 5.14.0-427.37.1.el9_4.x86_64  CompilerName: GCC  CompilerVersion: 8.4.0
ProgramName: mris_curvature_stats  ProgramArguments: mris_curvature_stats -all-info  ProgramVersion: 7.3.2  TimeStamp: 2026/03/12-12:33:00-GMT  BuildTime: Aug  4 2022 06:17:15  BuildStamp: freesurfer-linux-ubuntu22_x86_64-7.3.2-20220804-6354275  User: oesteban  Machine: dna017  Platform: Linux  PlatformVersion: 5.14.0-427.37.1.el9_4.x86_64  CompilerName: GCC  CompilerVersion: 8.4.0
ProgramName: mris_diff  ProgramArguments: mris_diff -all-info  ProgramVersion: 7.3.2  TimeStamp: 2026/03/12-12:33:00-GMT  BuildTime: Aug  4 2022 06:17:15  BuildStamp: freesurfer-linux-ubuntu22_x86_64-7.3.2-20220804-6354275  User: oesteban  Machine: dna017  Platform: Linux  PlatformVersion: 5.14.0-427.37.1.el9_4.x86_64  CompilerName: GCC  CompilerVersion: 8.4.0
ProgramName: mris_divide_parcellation  ProgramArguments: mris_divide_parcellation -all-info  ProgramVersion: 7.3.2  TimeStamp: 2026/03/12-12:33:00-GMT  BuildTime: Aug  4 2022 06:17:15  BuildStamp: freesurfer-linux-ubuntu22_x86_64-7.3.2-20220804-6354275  User: oesteban  Machine: dna017  Platform: Linux  PlatformVersion: 5.14.0-427.37.1.el9_4.x86_64  CompilerName: GCC  CompilerVersion: 8.4.0
ProgramName: mri_segment  ProgramArguments: mri_segment -all-info  ProgramVersion: 7.3.2  TimeStamp: 2026/03/12-12:33:00-GMT  BuildTime: Aug  4 2022 06:17:15  BuildStamp: freesurfer-linux-ubuntu22_x86_64-7.3.2-20220804-6354275  User: oesteban  Machine: dna017  Platform: Linux  PlatformVersion: 5.14.0-427.37.1.el9_4.x86_64  CompilerName: GCC  CompilerVersion: 8.4.0
ProgramName: mri_segstats  ProgramArguments: mri_segstats -all-info  ProgramVersion: 7.3.2  TimeStamp: 2026/03/12-12:33:00-GMT  BuildTime: Aug  4 2022 06:17:15  BuildStamp: freesurfer-linux-ubuntu22_x86_64-7.3.2-20220804-6354275  User: oesteban  Machine: dna017  Platform: Linux  PlatformVersion: 5.14.0-427.37.1.el9_4.x86_64  CompilerName: GCC  CompilerVersion: 8.4.0
ProgramName: mris_euler_number  ProgramArguments: mris_euler_number -all-info  ProgramVersion: 7.3.2  TimeStamp: 2026/03/12-12:33:00-GMT  BuildTime: Aug  4 2022 06:17:15  BuildStamp: freesurfer-linux-ubuntu22_x86_64-7.3.2-20220804-6354275  User: oesteban  Machine: dna017  Platform: Linux  PlatformVersion: 5.14.0-427.37.1.el9_4.x86_64  CompilerName: GCC  CompilerVersion: 8.4.0
ProgramName: mris_fix_topology  ProgramArguments: mris_fix_topology -all-info  ProgramVersion: 7.3.2  TimeStamp: 2026/03/12-12:33:00-GMT  BuildTime: Aug  4 2022 06:17:15  BuildStamp: freesurfer-linux-ubuntu22_x86_64-7.3.2-20220804-6354275  User: oesteban  Machine: dna017  Platform: Linux  PlatformVersion: 5.14.0-427.37.1.el9_4.x86_64  CompilerName: GCC  CompilerVersion: 8.4.0
ProgramName: mris_topo_fixer  ProgramArguments: mris_topo_fixer -all-info  ProgramVersion: 7.3.2  TimeStamp: 2026/03/12-12:33:00-GMT  BuildTime: Aug  4 2022 06:17:15  BuildStamp: freesurfer-linux-ubuntu22_x86_64-7.3.2-20220804-6354275  User: oesteban  Machine: dna017  Platform: Linux  PlatformVersion: 5.14.0-427.37.1.el9_4.x86_64  CompilerName: GCC  CompilerVersion: 8.4.0
ProgramName: mris_jacobian  ProgramArguments: mris_jacobian -all-info  ProgramVersion: 7.3.2  TimeStamp: 2026/03/12-12:33:00-GMT  BuildTime: Aug  4 2022 06:17:15  BuildStamp: freesurfer-linux-ubuntu22_x86_64-7.3.2-20220804-6354275  User: oesteban  Machine: dna017  Platform: Linux  PlatformVersion: 5.14.0-427.37.1.el9_4.x86_64  CompilerName: GCC  CompilerVersion: 8.4.0
ProgramName: mris_label2annot  ProgramArguments: mris_label2annot -all-info  ProgramVersion: 7.3.2  TimeStamp: 2026/03/12-12:33:00-GMT  BuildTime: Aug  4 2022 06:17:15  BuildStamp: freesurfer-linux-ubuntu22_x86_64-7.3.2-20220804-6354275  User: oesteban  Machine: dna017  Platform: Linux  PlatformVersion: 5.14.0-427.37.1.el9_4.x86_64  CompilerName: GCC  CompilerVersion: 8.4.0
ProgramName: mris_left_right_register  ProgramArguments: mris_left_right_register -all-info  ProgramVersion: 7.3.2  TimeStamp: 2026/03/12-12:33:00-GMT  BuildTime: Aug  4 2022 06:17:15  BuildStamp: freesurfer-linux-ubuntu22_x86_64-7.3.2-20220804-6354275  User: oesteban  Machine: dna017  Platform: Linux  PlatformVersion: 5.14.0-427.37.1.el9_4.x86_64  CompilerName: GCC  CompilerVersion: 8.4.0
ProgramName: mris_place_surface  ProgramArguments: mris_place_surface -all-info  ProgramVersion: 7.3.2  TimeStamp: 2026/03/12-12:33:00-GMT  BuildTime: Aug  4 2022 06:17:15  BuildStamp: freesurfer-linux-ubuntu22_x86_64-7.3.2-20220804-6354275  User: oesteban  Machine: dna017  Platform: Linux  PlatformVersion: 5.14.0-427.37.1.el9_4.x86_64  CompilerName: GCC  CompilerVersion: 8.4.0
ProgramName: mrisp_paint  ProgramArguments: mrisp_paint -all-info  ProgramVersion: 7.3.2  TimeStamp: 2026/03/12-12:33:00-GMT  BuildTime: Aug  4 2022 06:17:15  BuildStamp: freesurfer-linux-ubuntu22_x86_64-7.3.2-20220804-6354275  User: oesteban  Machine: dna017  Platform: Linux  PlatformVersion: 5.14.0-427.37.1.el9_4.x86_64  CompilerName: GCC  CompilerVersion: 8.4.0
ProgramName: mris_register  ProgramArguments: mris_register -all-info  ProgramVersion: 7.3.2  TimeStamp: 2026/03/12-12:33:00-GMT  BuildTime: Aug  4 2022 06:17:15  BuildStamp: freesurfer-linux-ubuntu22_x86_64-7.3.2-20220804-6354275  User: oesteban  Machine: dna017  Platform: Linux  PlatformVersion: 5.14.0-427.37.1.el9_4.x86_64  CompilerName: GCC  CompilerVersion: 8.4.0
ProgramName: mris_smooth  ProgramArguments: mris_smooth -all-info  ProgramVersion: 7.3.2  TimeStamp: 2026/03/12-12:33:00-GMT  BuildTime: Aug  4 2022 06:17:15  BuildStamp: freesurfer-linux-ubuntu22_x86_64-7.3.2-20220804-6354275  User: oesteban  Machine: dna017  Platform: Linux  PlatformVersion: 5.14.0-427.37.1.el9_4.x86_64  CompilerName: GCC  CompilerVersion: 8.4.0
ProgramName: mris_sphere  ProgramArguments: mris_sphere -all-info  ProgramVersion: 7.3.2  TimeStamp: 2026/03/12-12:33:00-GMT  BuildTime: Aug  4 2022 06:17:15  BuildStamp: freesurfer-linux-ubuntu22_x86_64-7.3.2-20220804-6354275  User: oesteban  Machine: dna017  Platform: Linux  PlatformVersion: 5.14.0-427.37.1.el9_4.x86_64  CompilerName: GCC  CompilerVersion: 8.4.0
ProgramName: mris_surface_stats  ProgramArguments: mris_surface_stats -all-info  ProgramVersion: 7.3.2  TimeStamp: 2026/03/12-12:33:00-GMT  BuildTime: Aug  4 2022 06:17:15  BuildStamp: freesurfer-linux-ubuntu22_x86_64-7.3.2-20220804-6354275  User: oesteban  Machine: dna017  Platform: Linux  PlatformVersion: 5.14.0-427.37.1.el9_4.x86_64  CompilerName: GCC  CompilerVersion: 8.4.0
ProgramName: mri_stats2seg  ProgramArguments: mri_stats2seg -all-info  ProgramVersion: 7.3.2  TimeStamp: 2026/03/12-12:33:00-GMT  BuildTime: Aug  4 2022 06:17:15  BuildStamp: freesurfer-linux-ubuntu22_x86_64-7.3.2-20220804-6354275  User: oesteban  Machine: dna017  Platform: Linux  PlatformVersion: 5.14.0-427.37.1.el9_4.x86_64  CompilerName: GCC  CompilerVersion: 8.4.0
ProgramName: mris_thickness  ProgramArguments: mris_thickness -all-info  ProgramVersion: 7.3.2  TimeStamp: 2026/03/12-12:33:00-GMT  BuildTime: Aug  4 2022 06:17:15  BuildStamp: freesurfer-linux-ubuntu22_x86_64-7.3.2-20220804-6354275  User: oesteban  Machine: dna017  Platform: Linux  PlatformVersion: 5.14.0-427.37.1.el9_4.x86_64  CompilerName: GCC  CompilerVersion: 8.4.0
ProgramName: mris_thickness_diff  ProgramArguments: mris_thickness_diff -all-info  ProgramVersion: 7.3.2  TimeStamp: 2026/03/12-12:33:00-GMT  BuildTime: Aug  4 2022 06:17:15  BuildStamp: freesurfer-linux-ubuntu22_x86_64-7.3.2-20220804-6354275  User: oesteban  Machine: dna017  Platform: Linux  PlatformVersion: 5.14.0-427.37.1.el9_4.x86_64  CompilerName: GCC  CompilerVersion: 8.4.0
ProgramName: mris_topo_fixer  ProgramArguments: mris_topo_fixer -all-info  ProgramVersion: 7.3.2  TimeStamp: 2026/03/12-12:33:00-GMT  BuildTime: Aug  4 2022 06:17:15  BuildStamp: freesurfer-linux-ubuntu22_x86_64-7.3.2-20220804-6354275  User: oesteban  Machine: dna017  Platform: Linux  PlatformVersion: 5.14.0-427.37.1.el9_4.x86_64  CompilerName: GCC  CompilerVersion: 8.4.0
ProgramName: mri_surf2surf  ProgramArguments: mri_surf2surf -all-info  ProgramVersion: 7.3.2  TimeStamp: 2026/03/12-12:33:00-GMT  BuildTime: Aug  4 2022 06:17:15  BuildStamp: freesurfer-linux-ubuntu22_x86_64-7.3.2-20220804-6354275  User: oesteban  Machine: dna017  Platform: Linux  PlatformVersion: 5.14.0-427.37.1.el9_4.x86_64  CompilerName: GCC  CompilerVersion: 8.4.0
ProgramName: mri_surf2vol  ProgramArguments: mri_surf2vol -all-info  ProgramVersion: 7.3.2  TimeStamp: 2026/03/12-12:33:00-GMT  BuildTime: Aug  4 2022 06:17:15  BuildStamp: freesurfer-linux-ubuntu22_x86_64-7.3.2-20220804-6354275  User: oesteban  Machine: dna017  Platform: Linux  PlatformVersion: 5.14.0-427.37.1.el9_4.x86_64  CompilerName: GCC  CompilerVersion: 8.4.0
ProgramName: mri_surfcluster  ProgramArguments: mri_surfcluster -all-info  ProgramVersion: 7.3.2  TimeStamp: 2026/03/12-12:33:00-GMT  BuildTime: Aug  4 2022 06:17:15  BuildStamp: freesurfer-linux-ubuntu22_x86_64-7.3.2-20220804-6354275  User: oesteban  Machine: dna017  Platform: Linux  PlatformVersion: 5.14.0-427.37.1.el9_4.x86_64  CompilerName: GCC  CompilerVersion: 8.4.0
ProgramName: mris_volmask  ProgramArguments: mris_volmask -all-info  ProgramVersion: 7.3.2  TimeStamp: 2026/03/12-12:33:00-GMT  BuildTime: Aug  4 2022 06:17:15  BuildStamp: freesurfer-linux-ubuntu22_x86_64-7.3.2-20220804-6354275  User: oesteban  Machine: dna017  Platform: Linux  PlatformVersion: 5.14.0-427.37.1.el9_4.x86_64  CompilerName: GCC  CompilerVersion: 8.4.0
ProgramName: mri_tessellate  ProgramArguments: mri_tessellate -all-info  ProgramVersion: 7.3.2  TimeStamp: 2026/03/12-12:33:00-GMT  BuildTime: Aug  4 2022 06:17:15  BuildStamp: freesurfer-linux-ubuntu22_x86_64-7.3.2-20220804-6354275  User: oesteban  Machine: dna017  Platform: Linux  PlatformVersion: 5.14.0-427.37.1.el9_4.x86_64  CompilerName: GCC  CompilerVersion: 8.4.0
ProgramName: mri_vol2surf  ProgramArguments: mri_vol2surf -all-info  ProgramVersion: 7.3.2  TimeStamp: 2026/03/12-12:33:00-GMT  BuildTime: Aug  4 2022 06:17:15  BuildStamp: freesurfer-linux-ubuntu22_x86_64-7.3.2-20220804-6354275  User: oesteban  Machine: dna017  Platform: Linux  PlatformVersion: 5.14.0-427.37.1.el9_4.x86_64  CompilerName: GCC  CompilerVersion: 8.4.0
ProgramName: mri_vol2vol  ProgramArguments: mri_vol2vol -all-info  ProgramVersion: 7.3.2  TimeStamp: 2026/03/12-12:33:00-GMT  BuildTime: Aug  4 2022 06:17:15  BuildStamp: freesurfer-linux-ubuntu22_x86_64-7.3.2-20220804-6354275  User: oesteban  Machine: dna017  Platform: Linux  PlatformVersion: 5.14.0-427.37.1.el9_4.x86_64  CompilerName: GCC  CompilerVersion: 8.4.0
ProgramName: mri_voldiff  ProgramArguments: mri_voldiff -all-info  ProgramVersion: 7.3.2  TimeStamp: 2026/03/12-12:33:00-GMT  BuildTime: Aug  4 2022 06:17:15  BuildStamp: freesurfer-linux-ubuntu22_x86_64-7.3.2-20220804-6354275  User: oesteban  Machine: dna017  Platform: Linux  PlatformVersion: 5.14.0-427.37.1.el9_4.x86_64  CompilerName: GCC  CompilerVersion: 8.4.0
ProgramName: mri_watershed  ProgramArguments: mri_watershed -all-info  ProgramVersion: 7.3.2  TimeStamp: 2026/03/12-12:33:00-GMT  BuildTime: Aug  4 2022 06:17:15  BuildStamp: freesurfer-linux-ubuntu22_x86_64-7.3.2-20220804-6354275  User: oesteban  Machine: dna017  Platform: Linux  PlatformVersion: 5.14.0-427.37.1.el9_4.x86_64  CompilerName: GCC  CompilerVersion: 8.4.0
ProgramName: tkregister2  ProgramArguments: tkregister2_cmdl -all-info  ProgramVersion: 7.3.2  TimeStamp: 2026/03/12-12:33:00-GMT  BuildTime: Aug  4 2022 06:17:15  BuildStamp: freesurfer-linux-ubuntu22_x86_64-7.3.2-20220804-6354275  User: oesteban  Machine: dna017  Platform: Linux  PlatformVersion: 5.14.0-427.37.1.el9_4.x86_64  CompilerName: GCC  CompilerVersion: 8.4.0
mri_motion_correct.fsl 7.3.2
mri_convert -all-info 
ProgramName: mri_convert  ProgramArguments: mri_convert -all-info  ProgramVersion: 7.3.2  TimeStamp: 2026/03/12-12:33:00-GMT  BuildTime: Aug  4 2022 06:17:15  BuildStamp: freesurfer-linux-ubuntu22_x86_64-7.3.2-20220804-6354275  User: oesteban  Machine: dna017  Platform: Linux  PlatformVersion: 5.14.0-427.37.1.el9_4.x86_64  CompilerName: GCC  CompilerVersion: 8.4.0
Program nu_correct, built from:
Package MNI N3, version 1.12.0, compiled by nicks@terrier (x86_64-unknown-linux-gnu) on 2015-06-19 at 01:25:34
#######################################
GCADIR /opt/freesurfer/average
GCA RB_all_2020-01-02.gca
GCASkull RB_all_withskull_2020_01_02.gca
AvgCurvTif folding.atlas.acfb40.noaparc.i12.2016-08-02.tif
GCSDIR /opt/freesurfer/average
GCS DKaparc.atlas.acfb40.noaparc.i12.2016-08-02.gcs
#######################################
#@# white curv lh Thu Mar 12 13:33:00 CET 2026
cd /out/sourcedata/freesurfer/sub-v1s11x0050160_ses-1/mri
mris_place_surface --curv-map ../surf/lh.white 2 10 ../surf/lh.curv
   Update not needed
#@# white area lh Thu Mar 12 13:33:00 CET 2026
cd /out/sourcedata/freesurfer/sub-v1s11x0050160_ses-1/mri
mris_place_surface --area-map ../surf/lh.white ../surf/lh.area
   Update not needed
#@# pial curv lh Thu Mar 12 13:33:00 CET 2026
cd /out/sourcedata/freesurfer/sub-v1s11x0050160_ses-1/mri
mris_place_surface --curv-map ../surf/lh.pial 2 10 ../surf/lh.curv.pial
   Update not needed
#@# pial area lh Thu Mar 12 13:33:00 CET 2026
cd /out/sourcedata/freesurfer/sub-v1s11x0050160_ses-1/mri
mris_place_surface --area-map ../surf/lh.pial ../surf/lh.area.pial
   Update not needed
#@# thickness lh Thu Mar 12 13:33:00 CET 2026
cd /out/sourcedata/freesurfer/sub-v1s11x0050160_ses-1/mri
mris_place_surface --thickness ../surf/lh.white ../surf/lh.pial 20 5 ../surf/lh.thickness
   Update not needed
#@# area and vertex vol lh Thu Mar 12 13:33:00 CET 2026
cd /out/sourcedata/freesurfer/sub-v1s11x0050160_ses-1/mri
mris_place_surface --thickness ../surf/lh.white ../surf/lh.pial 20 5 ../surf/lh.thickness
   Update not needed
#@# white curv rh Thu Mar 12 13:33:00 CET 2026
cd /out/sourcedata/freesurfer/sub-v1s11x0050160_ses-1/mri
mris_place_surface --curv-map ../surf/rh.white 2 10 ../surf/rh.curv
   Update not needed
#@# white area rh Thu Mar 12 13:33:00 CET 2026
cd /out/sourcedata/freesurfer/sub-v1s11x0050160_ses-1/mri
mris_place_surface --area-map ../surf/rh.white ../surf/rh.area
   Update not needed
#@# pial curv rh Thu Mar 12 13:33:00 CET 2026
cd /out/sourcedata/freesurfer/sub-v1s11x0050160_ses-1/mri
mris_place_surface --curv-map ../surf/rh.pial 2 10 ../surf/rh.curv.pial
   Update not needed
#@# pial area rh Thu Mar 12 13:33:00 CET 2026
cd /out/sourcedata/freesurfer/sub-v1s11x0050160_ses-1/mri
mris_place_surface --area-map ../surf/rh.pial ../surf/rh.area.pial
   Update not needed
#@# thickness rh Thu Mar 12 13:33:00 CET 2026
cd /out/sourcedata/freesurfer/sub-v1s11x0050160_ses-1/mri
mris_place_surface --thickness ../surf/rh.white ../surf/rh.pial 20 5 ../surf/rh.thickness
   Update not needed
#@# area and vertex vol rh Thu Mar 12 13:33:00 CET 2026
cd /out/sourcedata/freesurfer/sub-v1s11x0050160_ses-1/mri
mris_place_surface --thickness ../surf/rh.white ../surf/rh.pial 20 5 ../surf/rh.thickness
   Update not needed
#--------------------------------------------
#@# Cortical ribbon mask Thu Mar 12 13:33:00 CET 2026
/out/sourcedata/freesurfer/sub-v1s11x0050160_ses-1/mri

 mris_volmask --aseg_name aseg.presurf --label_left_white 2 --label_left_ribbon 3 --label_right_white 41 --label_right_ribbon 42 --save_ribbon sub-v1s11x0050160_ses-1 

SUBJECTS_DIR is /out/sourcedata/freesurfer
loading input data...
Running hemis serially
Processing left hemi
computing distance to left white surface 
computing distance to left pial surface 
Processing right hemi
computing distance to right white surface 
computing distance to right pial surface 
 hemi masks overlap voxels = 240
writing volume /out/sourcedata/freesurfer/sub-v1s11x0050160_ses-1/mri/ribbon.mgz
mris_volmask took 4.33 minutes
 writing ribbon files

Started at Thu Mar 12 13:33:00 CET 2026 
Ended   at Thu Mar 12 13:37:20 CET 2026
#@#%# recon-all-run-time-hours 0.072
recon-all -s sub-v1s11x0050160_ses-1 finished without error at Thu Mar 12 13:37:20 CET 2026



#New# invocation of recon-all 




Thu Mar 12 13:44:49 CET 2026
cd /out/sourcedata/freesurfer/sub-v1s11x0050160_ses-1
setenv SUBJECTS_DIR /out/sourcedata/freesurfer
/opt/freesurfer/bin/recon-all -autorecon3 -openmp 16 -subjid sub-v1s11x0050160_ses-1 -sd /out/sourcedata/freesurfer -nosphere -nosurfreg -nojacobian_white -noavgcurv -nocortparc -nopial -noparcstats -nocortparc2 -noparcstats2 -nocortparc3 -noparcstats3 -nopctsurfcon -nocortribbon -nobalabels

subjid sub-v1s11x0050160_ses-1
setenv SUBJECTS_DIR /out/sourcedata/freesurfer
FREESURFER_HOME /opt/freesurfer
Actual FREESURFER_HOME /opt/freesurfer
build-stamp.txt: freesurfer-linux-ubuntu22_x86_64-7.3.2-20220804-6354275
Linux dna017 5.14.0-427.37.1.el9_4.x86_64 #1 SMP PREEMPT_DYNAMIC Fri Sep 13 12:41:50 EDT 2024 x86_64 x86_64 x86_64 GNU/Linux
cputime      unlimited
filesize     unlimited
datasize     unlimited
stacksize    8192 kbytes
coredumpsize 0 kbytes
memoryuse    67108864 kbytes
vmemoryuse   unlimited
descriptors  1024 
memorylocked unlimited
maxproc      2061970 
maxlocks     unlimited
maxsignal    2061970 
maxmessage   819200 
maxnice      0 
maxrtprio    0 
maxrttime    unlimited

               total        used        free      shared  buff/cache   available
Mem:           503Gi        60Gi       399Gi        13Gi        43Gi       426Gi
Swap:             0B          0B          0B

########################################
program versions used
7.3.2 (freesurfer-linux-ubuntu22_x86_64-7.3.2-20220804-6354275)
7.3.2

ProgramName: lta_convert  ProgramArguments: lta_convert -all-info  ProgramVersion: 7.3.2  TimeStamp: 2026/03/12-12:44:49-GMT  BuildTime: Aug  4 2022 06:17:15  BuildStamp: freesurfer-linux-ubuntu22_x86_64-7.3.2-20220804-6354275  User: oesteban  Machine: dna017  Platform: Linux  PlatformVersion: 5.14.0-427.37.1.el9_4.x86_64  CompilerName: GCC  CompilerVersion: 8.4.0
ProgramName: mri_and  ProgramArguments: mri_and -all-info  ProgramVersion: 7.3.2  TimeStamp: 2026/03/12-12:44:49-GMT  BuildTime: Aug  4 2022 06:17:15  BuildStamp: freesurfer-linux-ubuntu22_x86_64-7.3.2-20220804-6354275  User: oesteban  Machine: dna017  Platform: Linux  PlatformVersion: 5.14.0-427.37.1.el9_4.x86_64  CompilerName: GCC  CompilerVersion: 8.4.0
ProgramName: mri_annotation2label  ProgramArguments: mri_annotation2label -all-info  ProgramVersion: 7.3.2  TimeStamp: 2026/03/12-12:44:49-GMT  BuildTime: Aug  4 2022 06:17:15  BuildStamp: freesurfer-linux-ubuntu22_x86_64-7.3.2-20220804-6354275  User: oesteban  Machine: dna017  Platform: Linux  PlatformVersion: 5.14.0-427.37.1.el9_4.x86_64  CompilerName: GCC  CompilerVersion: 8.4.0
ProgramName: mri_aparc2aseg  ProgramArguments: mri_aparc2aseg -all-info  ProgramVersion: 7.3.2  TimeStamp: 2026/03/12-12:44:49-GMT  BuildTime: Aug  4 2022 06:17:15  BuildStamp: freesurfer-linux-ubuntu22_x86_64-7.3.2-20220804-6354275  User: oesteban  Machine: dna017  Platform: Linux  PlatformVersion: 5.14.0-427.37.1.el9_4.x86_64  CompilerName: GCC  CompilerVersion: 8.4.0
ProgramName: mri_surf2volseg  ProgramArguments: mri_surf2volseg -all-info  ProgramVersion: 7.3.2  TimeStamp: 2026/03/12-12:44:49-GMT  BuildTime: Aug  4 2022 06:17:15  BuildStamp: freesurfer-linux-ubuntu22_x86_64-7.3.2-20220804-6354275  User: oesteban  Machine: dna017  Platform: Linux  PlatformVersion: 5.14.0-427.37.1.el9_4.x86_64  CompilerName: GCC  CompilerVersion: 8.4.0
ProgramName: mri_binarize  ProgramArguments: mri_binarize -all-info  ProgramVersion: 7.3.2  TimeStamp: 2026/03/12-12:44:49-GMT  BuildTime: Aug  4 2022 06:17:15  BuildStamp: freesurfer-linux-ubuntu22_x86_64-7.3.2-20220804-6354275  User: oesteban  Machine: dna017  Platform: Linux  PlatformVersion: 5.14.0-427.37.1.el9_4.x86_64  CompilerName: GCC  CompilerVersion: 8.4.0
ProgramName: mri_ca_label  ProgramArguments: mri_ca_label -all-info  ProgramVersion: 7.3.2  TimeStamp: 2026/03/12-12:44:49-GMT  BuildTime: Aug  4 2022 06:17:15  BuildStamp: freesurfer-linux-ubuntu22_x86_64-7.3.2-20220804-6354275  User: oesteban  Machine: dna017  Platform: Linux  PlatformVersion: 5.14.0-427.37.1.el9_4.x86_64  CompilerName: GCC  CompilerVersion: 8.4.0
ProgramName: mri_ca_normalize  ProgramArguments: mri_ca_normalize -all-info  ProgramVersion: 7.3.2  TimeStamp: 2026/03/12-12:44:49-GMT  BuildTime: Aug  4 2022 06:17:15  BuildStamp: freesurfer-linux-ubuntu22_x86_64-7.3.2-20220804-6354275  User: oesteban  Machine: dna017  Platform: Linux  PlatformVersion: 5.14.0-427.37.1.el9_4.x86_64  CompilerName: GCC  CompilerVersion: 8.4.0
ProgramName: mri_ca_register  ProgramArguments: mri_ca_register -all-info  ProgramVersion: 7.3.2  TimeStamp: 2026/03/12-12:44:49-GMT  BuildTime: Aug  4 2022 06:17:15  BuildStamp: freesurfer-linux-ubuntu22_x86_64-7.3.2-20220804-6354275  User: oesteban  Machine: dna017  Platform: Linux  PlatformVersion: 5.14.0-427.37.1.el9_4.x86_64  CompilerName: GCC  CompilerVersion: 8.4.0
ProgramName: mri_cc  ProgramArguments: mri_cc -all-info  ProgramVersion: 7.3.2  TimeStamp: 2026/03/12-12:44:49-GMT  BuildTime: Aug  4 2022 06:17:15  BuildStamp: freesurfer-linux-ubuntu22_x86_64-7.3.2-20220804-6354275  User: oesteban  Machine: dna017  Platform: Linux  PlatformVersion: 5.14.0-427.37.1.el9_4.x86_64  CompilerName: GCC  CompilerVersion: 8.4.0
ProgramName: mri_compute_overlap  ProgramArguments: mri_compute_overlap -all-info  ProgramVersion: 7.3.2  TimeStamp: 2026/03/12-12:44:49-GMT  BuildTime: Aug  4 2022 06:17:15  BuildStamp: freesurfer-linux-ubuntu22_x86_64-7.3.2-20220804-6354275  User: oesteban  Machine: dna017  Platform: Linux  PlatformVersion: 5.14.0-427.37.1.el9_4.x86_64  CompilerName: GCC  CompilerVersion: 8.4.0
ProgramName: mri_compute_seg_overlap  ProgramArguments: mri_compute_seg_overlap -all-info  ProgramVersion: 7.3.2  TimeStamp: 2026/03/12-12:44:49-GMT  BuildTime: Aug  4 2022 06:17:15  BuildStamp: freesurfer-linux-ubuntu22_x86_64-7.3.2-20220804-6354275  User: oesteban  Machine: dna017  Platform: Linux  PlatformVersion: 5.14.0-427.37.1.el9_4.x86_64  CompilerName: GCC  CompilerVersion: 8.4.0
ProgramName: mri_concat  ProgramArguments: mri_concat -all-info  ProgramVersion: 7.3.2  TimeStamp: 2026/03/12-12:44:49-GMT  BuildTime: Aug  4 2022 06:17:15  BuildStamp: freesurfer-linux-ubuntu22_x86_64-7.3.2-20220804-6354275  User: oesteban  Machine: dna017  Platform: Linux  PlatformVersion: 5.14.0-427.37.1.el9_4.x86_64  CompilerName: GCC  CompilerVersion: 8.4.0
ProgramName: mri_concatenate_lta  ProgramArguments: mri_concatenate_lta -all-info  ProgramVersion: 7.3.2  TimeStamp: 2026/03/12-12:44:49-GMT  BuildTime: Aug  4 2022 06:17:15  BuildStamp: freesurfer-linux-ubuntu22_x86_64-7.3.2-20220804-6354275  User: oesteban  Machine: dna017  Platform: Linux  PlatformVersion: 5.14.0-427.37.1.el9_4.x86_64  CompilerName: GCC  CompilerVersion: 8.4.0
mri_convert -all-info 
ProgramName: mri_convert  ProgramArguments: mri_convert -all-info  ProgramVersion: 7.3.2  TimeStamp: 2026/03/12-12:44:49-GMT  BuildTime: Aug  4 2022 06:17:15  BuildStamp: freesurfer-linux-ubuntu22_x86_64-7.3.2-20220804-6354275  User: oesteban  Machine: dna017  Platform: Linux  PlatformVersion: 5.14.0-427.37.1.el9_4.x86_64  CompilerName: GCC  CompilerVersion: 8.4.0
ProgramName: mri_diff  ProgramArguments: mri_diff -all-info  ProgramVersion: 7.3.2  TimeStamp: 2026/03/12-12:44:49-GMT  BuildTime: Aug  4 2022 06:17:15  BuildStamp: freesurfer-linux-ubuntu22_x86_64-7.3.2-20220804-6354275  User: oesteban  Machine: dna017  Platform: Linux  PlatformVersion: 5.14.0-427.37.1.el9_4.x86_64  CompilerName: GCC  CompilerVersion: 8.4.0
ProgramName: mri_edit_wm_with_aseg  ProgramArguments: mri_edit_wm_with_aseg -all-info  ProgramVersion: 7.3.2  TimeStamp: 2026/03/12-12:44:49-GMT  BuildTime: Aug  4 2022 06:17:15  BuildStamp: freesurfer-linux-ubuntu22_x86_64-7.3.2-20220804-6354275  User: oesteban  Machine: dna017  Platform: Linux  PlatformVersion: 5.14.0-427.37.1.el9_4.x86_64  CompilerName: GCC  CompilerVersion: 8.4.0
ProgramName: mri_em_register  ProgramArguments: mri_em_register -all-info  ProgramVersion: 7.3.2  TimeStamp: 2026/03/12-12:44:49-GMT  BuildTime: Aug  4 2022 06:17:15  BuildStamp: freesurfer-linux-ubuntu22_x86_64-7.3.2-20220804-6354275  User: oesteban  Machine: dna017  Platform: Linux  PlatformVersion: 5.14.0-427.37.1.el9_4.x86_64  CompilerName: GCC  CompilerVersion: 8.4.0
ProgramName: mri_fill  ProgramArguments: mri_fill -all-info  ProgramVersion: 7.3.2  TimeStamp: 2026/03/12-12:44:49-GMT  BuildTime: Aug  4 2022 06:17:15  BuildStamp: freesurfer-linux-ubuntu22_x86_64-7.3.2-20220804-6354275  User: oesteban  Machine: dna017  Platform: Linux  PlatformVersion: 5.14.0-427.37.1.el9_4.x86_64  CompilerName: GCC  CompilerVersion: 8.4.0
ProgramName: mri_fuse_segmentations  ProgramArguments: mri_fuse_segmentations -all-info  ProgramVersion: 7.3.2  TimeStamp: 2026/03/12-12:44:49-GMT  BuildTime: Aug  4 2022 06:17:15  BuildStamp: freesurfer-linux-ubuntu22_x86_64-7.3.2-20220804-6354275  User: oesteban  Machine: dna017  Platform: Linux  PlatformVersion: 5.14.0-427.37.1.el9_4.x86_64  CompilerName: GCC  CompilerVersion: 8.4.0
ProgramName: mri_fwhm  ProgramArguments: mri_fwhm -all-info  ProgramVersion: 7.3.2  TimeStamp: 2026/03/12-12:44:49-GMT  BuildTime: Aug  4 2022 06:17:15  BuildStamp: freesurfer-linux-ubuntu22_x86_64-7.3.2-20220804-6354275  User: oesteban  Machine: dna017  Platform: Linux  PlatformVersion: 5.14.0-427.37.1.el9_4.x86_64  CompilerName: GCC  CompilerVersion: 8.4.0
ProgramName: mri_gcut  ProgramArguments: mri_gcut -all-info  ProgramVersion: 7.3.2  TimeStamp: 2026/03/12-12:44:49-GMT  BuildTime: Aug  4 2022 06:17:15  BuildStamp: freesurfer-linux-ubuntu22_x86_64-7.3.2-20220804-6354275  User: oesteban  Machine: dna017  Platform: Linux  PlatformVersion: 5.14.0-427.37.1.el9_4.x86_64  CompilerName: GCC  CompilerVersion: 8.4.0
ProgramName: mri_info  ProgramArguments: mri_info -all-info  ProgramVersion: 7.3.2  TimeStamp: 2026/03/12-12:44:49-GMT  BuildTime: Aug  4 2022 06:17:15  BuildStamp: freesurfer-linux-ubuntu22_x86_64-7.3.2-20220804-6354275  User: oesteban  Machine: dna017  Platform: Linux  PlatformVersion: 5.14.0-427.37.1.el9_4.x86_64  CompilerName: GCC  CompilerVersion: 8.4.0
ProgramName: mri_label2label  ProgramArguments: mri_label2label -all-info  ProgramVersion: 7.3.2  TimeStamp: 2026/03/12-12:44:49-GMT  BuildTime: Aug  4 2022 06:17:15  BuildStamp: freesurfer-linux-ubuntu22_x86_64-7.3.2-20220804-6354275  User: oesteban  Machine: dna017  Platform: Linux  PlatformVersion: 5.14.0-427.37.1.el9_4.x86_64  CompilerName: GCC  CompilerVersion: 8.4.0
ProgramName: mri_label2vol  ProgramArguments: mri_label2vol -all-info  ProgramVersion: 7.3.2  TimeStamp: 2026/03/12-12:44:49-GMT  BuildTime: Aug  4 2022 06:17:15  BuildStamp: freesurfer-linux-ubuntu22_x86_64-7.3.2-20220804-6354275  User: oesteban  Machine: dna017  Platform: Linux  PlatformVersion: 5.14.0-427.37.1.el9_4.x86_64  CompilerName: GCC  CompilerVersion: 8.4.0
ProgramName: mri_log_likelihood  ProgramArguments: mri_log_likelihood -all-info  ProgramVersion: 7.3.2  TimeStamp: 2026/03/12-12:44:49-GMT  BuildTime: Aug  4 2022 06:17:15  BuildStamp: freesurfer-linux-ubuntu22_x86_64-7.3.2-20220804-6354275  User: oesteban  Machine: dna017  Platform: Linux  PlatformVersion: 5.14.0-427.37.1.el9_4.x86_64  CompilerName: GCC  CompilerVersion: 8.4.0
ProgramName: mri_mask  ProgramArguments: mri_mask -all-info  ProgramVersion: 7.3.2  TimeStamp: 2026/03/12-12:44:49-GMT  BuildTime: Aug  4 2022 06:17:15  BuildStamp: freesurfer-linux-ubuntu22_x86_64-7.3.2-20220804-6354275  User: oesteban  Machine: dna017  Platform: Linux  PlatformVersion: 5.14.0-427.37.1.el9_4.x86_64  CompilerName: GCC  CompilerVersion: 8.4.0
ProgramName: mri_matrix_multiply  ProgramArguments: mri_matrix_multiply -all-info  ProgramVersion: 7.3.2  TimeStamp: 2026/03/12-12:44:49-GMT  BuildTime: Aug  4 2022 06:17:15  BuildStamp: freesurfer-linux-ubuntu22_x86_64-7.3.2-20220804-6354275  User: oesteban  Machine: dna017  Platform: Linux  PlatformVersion: 5.14.0-427.37.1.el9_4.x86_64  CompilerName: GCC  CompilerVersion: 8.4.0
ProgramName: mri_normalize  ProgramArguments: mri_normalize -all-info  ProgramVersion: 7.3.2  TimeStamp: 2026/03/12-12:44:49-GMT  BuildTime: Aug  4 2022 06:17:15  BuildStamp: freesurfer-linux-ubuntu22_x86_64-7.3.2-20220804-6354275  User: oesteban  Machine: dna017  Platform: Linux  PlatformVersion: 5.14.0-427.37.1.el9_4.x86_64  CompilerName: GCC  CompilerVersion: 8.4.0
ProgramName: mri_normalize_tp2  ProgramArguments: mri_normalize_tp2 -all-info  ProgramVersion: 7.3.2  TimeStamp: 2026/03/12-12:44:49-GMT  BuildTime: Aug  4 2022 06:17:15  BuildStamp: freesurfer-linux-ubuntu22_x86_64-7.3.2-20220804-6354275  User: oesteban  Machine: dna017  Platform: Linux  PlatformVersion: 5.14.0-427.37.1.el9_4.x86_64  CompilerName: GCC  CompilerVersion: 8.4.0
ProgramName: mri_or  ProgramArguments: mri_or -all-info  ProgramVersion: 7.3.2  TimeStamp: 2026/03/12-12:44:49-GMT  BuildTime: Aug  4 2022 06:17:15  BuildStamp: freesurfer-linux-ubuntu22_x86_64-7.3.2-20220804-6354275  User: oesteban  Machine: dna017  Platform: Linux  PlatformVersion: 5.14.0-427.37.1.el9_4.x86_64  CompilerName: GCC  CompilerVersion: 8.4.0
ProgramName: mri_relabel_hypointensities  ProgramArguments: mri_relabel_hypointensities -all-info  ProgramVersion: 7.3.2  TimeStamp: 2026/03/12-12:44:49-GMT  BuildTime: Aug  4 2022 06:17:15  BuildStamp: freesurfer-linux-ubuntu22_x86_64-7.3.2-20220804-6354275  User: oesteban  Machine: dna017  Platform: Linux  PlatformVersion: 5.14.0-427.37.1.el9_4.x86_64  CompilerName: GCC  CompilerVersion: 8.4.0
ProgramName: mri_relabel_nonwm_hypos  ProgramArguments: mri_relabel_nonwm_hypos -all-info  ProgramVersion: 7.3.2  TimeStamp: 2026/03/12-12:44:49-GMT  BuildTime: Aug  4 2022 06:17:15  BuildStamp: freesurfer-linux-ubuntu22_x86_64-7.3.2-20220804-6354275  User: oesteban  Machine: dna017  Platform: Linux  PlatformVersion: 5.14.0-427.37.1.el9_4.x86_64  CompilerName: GCC  CompilerVersion: 8.4.0
ProgramName: mri_remove_neck  ProgramArguments: mri_remove_neck -all-info  ProgramVersion: 7.3.2  TimeStamp: 2026/03/12-12:44:49-GMT  BuildTime: Aug  4 2022 06:17:15  BuildStamp: freesurfer-linux-ubuntu22_x86_64-7.3.2-20220804-6354275  User: oesteban  Machine: dna017  Platform: Linux  PlatformVersion: 5.14.0-427.37.1.el9_4.x86_64  CompilerName: GCC  CompilerVersion: 8.4.0
7.3.2

ProgramName: mri_robust_register  ProgramArguments: mri_robust_register -all-info  ProgramVersion: 7.3.2  TimeStamp: 2026/03/12-12:44:49-GMT  BuildTime: Aug  4 2022 06:17:15  BuildStamp: freesurfer-linux-ubuntu22_x86_64-7.3.2-20220804-6354275  User: oesteban  Machine: dna017  Platform: Linux  PlatformVersion: 5.14.0-427.37.1.el9_4.x86_64  CompilerName: GCC  CompilerVersion: 8.4.0
7.3.2

ProgramName: mri_robust_template  ProgramArguments: mri_robust_template -all-info  ProgramVersion: 7.3.2  TimeStamp: 2026/03/12-12:44:49-GMT  BuildTime: Aug  4 2022 06:17:15  BuildStamp: freesurfer-linux-ubuntu22_x86_64-7.3.2-20220804-6354275  User: oesteban  Machine: dna017  Platform: Linux  PlatformVersion: 5.14.0-427.37.1.el9_4.x86_64  CompilerName: GCC  CompilerVersion: 8.4.0
ProgramName: mris_anatomical_stats  ProgramArguments: mris_anatomical_stats -all-info  ProgramVersion: 7.3.2  TimeStamp: 2026/03/12-12:44:49-GMT  BuildTime: Aug  4 2022 06:17:15  BuildStamp: freesurfer-linux-ubuntu22_x86_64-7.3.2-20220804-6354275  User: oesteban  Machine: dna017  Platform: Linux  PlatformVersion: 5.14.0-427.37.1.el9_4.x86_64  CompilerName: GCC  CompilerVersion: 8.4.0
ProgramName: mris_ca_label  ProgramArguments: mris_ca_label -all-info  ProgramVersion: 7.3.2  TimeStamp: 2026/03/12-12:44:49-GMT  BuildTime: Aug  4 2022 06:17:15  BuildStamp: freesurfer-linux-ubuntu22_x86_64-7.3.2-20220804-6354275  User: oesteban  Machine: dna017  Platform: Linux  PlatformVersion: 5.14.0-427.37.1.el9_4.x86_64  CompilerName: GCC  CompilerVersion: 8.4.0
ProgramName: mris_calc  ProgramArguments: mris_calc -all-info  ProgramVersion: 7.3.2  TimeStamp: 2026/03/12-12:44:49-GMT  BuildTime: Aug  4 2022 06:17:15  BuildStamp: freesurfer-linux-ubuntu22_x86_64-7.3.2-20220804-6354275  User: oesteban  Machine: dna017  Platform: Linux  PlatformVersion: 5.14.0-427.37.1.el9_4.x86_64  CompilerName: GCC  CompilerVersion: 8.4.0
ProgramName: mris_convert  ProgramArguments: mris_convert -all-info  ProgramVersion: 7.3.2  TimeStamp: 2026/03/12-12:44:49-GMT  BuildTime: Aug  4 2022 06:17:15  BuildStamp: freesurfer-linux-ubuntu22_x86_64-7.3.2-20220804-6354275  User: oesteban  Machine: dna017  Platform: Linux  PlatformVersion: 5.14.0-427.37.1.el9_4.x86_64  CompilerName: GCC  CompilerVersion: 8.4.0
ProgramName: mris_curvature  ProgramArguments: mris_curvature -all-info  ProgramVersion: 7.3.2  TimeStamp: 2026/03/12-12:44:49-GMT  BuildTime: Aug  4 2022 06:17:15  BuildStamp: freesurfer-linux-ubuntu22_x86_64-7.3.2-20220804-6354275  User: oesteban  Machine: dna017  Platform: Linux  PlatformVersion: 5.14.0-427.37.1.el9_4.x86_64  CompilerName: GCC  CompilerVersion: 8.4.0
ProgramName: mris_curvature_stats  ProgramArguments: mris_curvature_stats -all-info  ProgramVersion: 7.3.2  TimeStamp: 2026/03/12-12:44:49-GMT  BuildTime: Aug  4 2022 06:17:15  BuildStamp: freesurfer-linux-ubuntu22_x86_64-7.3.2-20220804-6354275  User: oesteban  Machine: dna017  Platform: Linux  PlatformVersion: 5.14.0-427.37.1.el9_4.x86_64  CompilerName: GCC  CompilerVersion: 8.4.0
ProgramName: mris_diff  ProgramArguments: mris_diff -all-info  ProgramVersion: 7.3.2  TimeStamp: 2026/03/12-12:44:49-GMT  BuildTime: Aug  4 2022 06:17:15  BuildStamp: freesurfer-linux-ubuntu22_x86_64-7.3.2-20220804-6354275  User: oesteban  Machine: dna017  Platform: Linux  PlatformVersion: 5.14.0-427.37.1.el9_4.x86_64  CompilerName: GCC  CompilerVersion: 8.4.0
ProgramName: mris_divide_parcellation  ProgramArguments: mris_divide_parcellation -all-info  ProgramVersion: 7.3.2  TimeStamp: 2026/03/12-12:44:49-GMT  BuildTime: Aug  4 2022 06:17:15  BuildStamp: freesurfer-linux-ubuntu22_x86_64-7.3.2-20220804-6354275  User: oesteban  Machine: dna017  Platform: Linux  PlatformVersion: 5.14.0-427.37.1.el9_4.x86_64  CompilerName: GCC  CompilerVersion: 8.4.0
ProgramName: mri_segment  ProgramArguments: mri_segment -all-info  ProgramVersion: 7.3.2  TimeStamp: 2026/03/12-12:44:49-GMT  BuildTime: Aug  4 2022 06:17:15  BuildStamp: freesurfer-linux-ubuntu22_x86_64-7.3.2-20220804-6354275  User: oesteban  Machine: dna017  Platform: Linux  PlatformVersion: 5.14.0-427.37.1.el9_4.x86_64  CompilerName: GCC  CompilerVersion: 8.4.0
ProgramName: mri_segstats  ProgramArguments: mri_segstats -all-info  ProgramVersion: 7.3.2  TimeStamp: 2026/03/12-12:44:49-GMT  BuildTime: Aug  4 2022 06:17:15  BuildStamp: freesurfer-linux-ubuntu22_x86_64-7.3.2-20220804-6354275  User: oesteban  Machine: dna017  Platform: Linux  PlatformVersion: 5.14.0-427.37.1.el9_4.x86_64  CompilerName: GCC  CompilerVersion: 8.4.0
ProgramName: mris_euler_number  ProgramArguments: mris_euler_number -all-info  ProgramVersion: 7.3.2  TimeStamp: 2026/03/12-12:44:49-GMT  BuildTime: Aug  4 2022 06:17:15  BuildStamp: freesurfer-linux-ubuntu22_x86_64-7.3.2-20220804-6354275  User: oesteban  Machine: dna017  Platform: Linux  PlatformVersion: 5.14.0-427.37.1.el9_4.x86_64  CompilerName: GCC  CompilerVersion: 8.4.0
ProgramName: mris_fix_topology  ProgramArguments: mris_fix_topology -all-info  ProgramVersion: 7.3.2  TimeStamp: 2026/03/12-12:44:49-GMT  BuildTime: Aug  4 2022 06:17:15  BuildStamp: freesurfer-linux-ubuntu22_x86_64-7.3.2-20220804-6354275  User: oesteban  Machine: dna017  Platform: Linux  PlatformVersion: 5.14.0-427.37.1.el9_4.x86_64  CompilerName: GCC  CompilerVersion: 8.4.0
ProgramName: mris_topo_fixer  ProgramArguments: mris_topo_fixer -all-info  ProgramVersion: 7.3.2  TimeStamp: 2026/03/12-12:44:49-GMT  BuildTime: Aug  4 2022 06:17:15  BuildStamp: freesurfer-linux-ubuntu22_x86_64-7.3.2-20220804-6354275  User: oesteban  Machine: dna017  Platform: Linux  PlatformVersion: 5.14.0-427.37.1.el9_4.x86_64  CompilerName: GCC  CompilerVersion: 8.4.0
ProgramName: mris_jacobian  ProgramArguments: mris_jacobian -all-info  ProgramVersion: 7.3.2  TimeStamp: 2026/03/12-12:44:49-GMT  BuildTime: Aug  4 2022 06:17:15  BuildStamp: freesurfer-linux-ubuntu22_x86_64-7.3.2-20220804-6354275  User: oesteban  Machine: dna017  Platform: Linux  PlatformVersion: 5.14.0-427.37.1.el9_4.x86_64  CompilerName: GCC  CompilerVersion: 8.4.0
ProgramName: mris_label2annot  ProgramArguments: mris_label2annot -all-info  ProgramVersion: 7.3.2  TimeStamp: 2026/03/12-12:44:49-GMT  BuildTime: Aug  4 2022 06:17:15  BuildStamp: freesurfer-linux-ubuntu22_x86_64-7.3.2-20220804-6354275  User: oesteban  Machine: dna017  Platform: Linux  PlatformVersion: 5.14.0-427.37.1.el9_4.x86_64  CompilerName: GCC  CompilerVersion: 8.4.0
ProgramName: mris_left_right_register  ProgramArguments: mris_left_right_register -all-info  ProgramVersion: 7.3.2  TimeStamp: 2026/03/12-12:44:49-GMT  BuildTime: Aug  4 2022 06:17:15  BuildStamp: freesurfer-linux-ubuntu22_x86_64-7.3.2-20220804-6354275  User: oesteban  Machine: dna017  Platform: Linux  PlatformVersion: 5.14.0-427.37.1.el9_4.x86_64  CompilerName: GCC  CompilerVersion: 8.4.0
ProgramName: mris_place_surface  ProgramArguments: mris_place_surface -all-info  ProgramVersion: 7.3.2  TimeStamp: 2026/03/12-12:44:49-GMT  BuildTime: Aug  4 2022 06:17:15  BuildStamp: freesurfer-linux-ubuntu22_x86_64-7.3.2-20220804-6354275  User: oesteban  Machine: dna017  Platform: Linux  PlatformVersion: 5.14.0-427.37.1.el9_4.x86_64  CompilerName: GCC  CompilerVersion: 8.4.0
ProgramName: mrisp_paint  ProgramArguments: mrisp_paint -all-info  ProgramVersion: 7.3.2  TimeStamp: 2026/03/12-12:44:49-GMT  BuildTime: Aug  4 2022 06:17:15  BuildStamp: freesurfer-linux-ubuntu22_x86_64-7.3.2-20220804-6354275  User: oesteban  Machine: dna017  Platform: Linux  PlatformVersion: 5.14.0-427.37.1.el9_4.x86_64  CompilerName: GCC  CompilerVersion: 8.4.0
ProgramName: mris_register  ProgramArguments: mris_register -all-info  ProgramVersion: 7.3.2  TimeStamp: 2026/03/12-12:44:49-GMT  BuildTime: Aug  4 2022 06:17:15  BuildStamp: freesurfer-linux-ubuntu22_x86_64-7.3.2-20220804-6354275  User: oesteban  Machine: dna017  Platform: Linux  PlatformVersion: 5.14.0-427.37.1.el9_4.x86_64  CompilerName: GCC  CompilerVersion: 8.4.0
ProgramName: mris_smooth  ProgramArguments: mris_smooth -all-info  ProgramVersion: 7.3.2  TimeStamp: 2026/03/12-12:44:49-GMT  BuildTime: Aug  4 2022 06:17:15  BuildStamp: freesurfer-linux-ubuntu22_x86_64-7.3.2-20220804-6354275  User: oesteban  Machine: dna017  Platform: Linux  PlatformVersion: 5.14.0-427.37.1.el9_4.x86_64  CompilerName: GCC  CompilerVersion: 8.4.0
ProgramName: mris_sphere  ProgramArguments: mris_sphere -all-info  ProgramVersion: 7.3.2  TimeStamp: 2026/03/12-12:44:49-GMT  BuildTime: Aug  4 2022 06:17:15  BuildStamp: freesurfer-linux-ubuntu22_x86_64-7.3.2-20220804-6354275  User: oesteban  Machine: dna017  Platform: Linux  PlatformVersion: 5.14.0-427.37.1.el9_4.x86_64  CompilerName: GCC  CompilerVersion: 8.4.0
ProgramName: mris_surface_stats  ProgramArguments: mris_surface_stats -all-info  ProgramVersion: 7.3.2  TimeStamp: 2026/03/12-12:44:49-GMT  BuildTime: Aug  4 2022 06:17:15  BuildStamp: freesurfer-linux-ubuntu22_x86_64-7.3.2-20220804-6354275  User: oesteban  Machine: dna017  Platform: Linux  PlatformVersion: 5.14.0-427.37.1.el9_4.x86_64  CompilerName: GCC  CompilerVersion: 8.4.0
ProgramName: mri_stats2seg  ProgramArguments: mri_stats2seg -all-info  ProgramVersion: 7.3.2  TimeStamp: 2026/03/12-12:44:50-GMT  BuildTime: Aug  4 2022 06:17:15  BuildStamp: freesurfer-linux-ubuntu22_x86_64-7.3.2-20220804-6354275  User: oesteban  Machine: dna017  Platform: Linux  PlatformVersion: 5.14.0-427.37.1.el9_4.x86_64  CompilerName: GCC  CompilerVersion: 8.4.0
ProgramName: mris_thickness  ProgramArguments: mris_thickness -all-info  ProgramVersion: 7.3.2  TimeStamp: 2026/03/12-12:44:50-GMT  BuildTime: Aug  4 2022 06:17:15  BuildStamp: freesurfer-linux-ubuntu22_x86_64-7.3.2-20220804-6354275  User: oesteban  Machine: dna017  Platform: Linux  PlatformVersion: 5.14.0-427.37.1.el9_4.x86_64  CompilerName: GCC  CompilerVersion: 8.4.0
ProgramName: mris_thickness_diff  ProgramArguments: mris_thickness_diff -all-info  ProgramVersion: 7.3.2  TimeStamp: 2026/03/12-12:44:50-GMT  BuildTime: Aug  4 2022 06:17:15  BuildStamp: freesurfer-linux-ubuntu22_x86_64-7.3.2-20220804-6354275  User: oesteban  Machine: dna017  Platform: Linux  PlatformVersion: 5.14.0-427.37.1.el9_4.x86_64  CompilerName: GCC  CompilerVersion: 8.4.0
ProgramName: mris_topo_fixer  ProgramArguments: mris_topo_fixer -all-info  ProgramVersion: 7.3.2  TimeStamp: 2026/03/12-12:44:50-GMT  BuildTime: Aug  4 2022 06:17:15  BuildStamp: freesurfer-linux-ubuntu22_x86_64-7.3.2-20220804-6354275  User: oesteban  Machine: dna017  Platform: Linux  PlatformVersion: 5.14.0-427.37.1.el9_4.x86_64  CompilerName: GCC  CompilerVersion: 8.4.0
ProgramName: mri_surf2surf  ProgramArguments: mri_surf2surf -all-info  ProgramVersion: 7.3.2  TimeStamp: 2026/03/12-12:44:50-GMT  BuildTime: Aug  4 2022 06:17:15  BuildStamp: freesurfer-linux-ubuntu22_x86_64-7.3.2-20220804-6354275  User: oesteban  Machine: dna017  Platform: Linux  PlatformVersion: 5.14.0-427.37.1.el9_4.x86_64  CompilerName: GCC  CompilerVersion: 8.4.0
ProgramName: mri_surf2vol  ProgramArguments: mri_surf2vol -all-info  ProgramVersion: 7.3.2  TimeStamp: 2026/03/12-12:44:50-GMT  BuildTime: Aug  4 2022 06:17:15  BuildStamp: freesurfer-linux-ubuntu22_x86_64-7.3.2-20220804-6354275  User: oesteban  Machine: dna017  Platform: Linux  PlatformVersion: 5.14.0-427.37.1.el9_4.x86_64  CompilerName: GCC  CompilerVersion: 8.4.0
ProgramName: mri_surfcluster  ProgramArguments: mri_surfcluster -all-info  ProgramVersion: 7.3.2  TimeStamp: 2026/03/12-12:44:50-GMT  BuildTime: Aug  4 2022 06:17:15  BuildStamp: freesurfer-linux-ubuntu22_x86_64-7.3.2-20220804-6354275  User: oesteban  Machine: dna017  Platform: Linux  PlatformVersion: 5.14.0-427.37.1.el9_4.x86_64  CompilerName: GCC  CompilerVersion: 8.4.0
ProgramName: mris_volmask  ProgramArguments: mris_volmask -all-info  ProgramVersion: 7.3.2  TimeStamp: 2026/03/12-12:44:50-GMT  BuildTime: Aug  4 2022 06:17:15  BuildStamp: freesurfer-linux-ubuntu22_x86_64-7.3.2-20220804-6354275  User: oesteban  Machine: dna017  Platform: Linux  PlatformVersion: 5.14.0-427.37.1.el9_4.x86_64  CompilerName: GCC  CompilerVersion: 8.4.0
ProgramName: mri_tessellate  ProgramArguments: mri_tessellate -all-info  ProgramVersion: 7.3.2  TimeStamp: 2026/03/12-12:44:50-GMT  BuildTime: Aug  4 2022 06:17:15  BuildStamp: freesurfer-linux-ubuntu22_x86_64-7.3.2-20220804-6354275  User: oesteban  Machine: dna017  Platform: Linux  PlatformVersion: 5.14.0-427.37.1.el9_4.x86_64  CompilerName: GCC  CompilerVersion: 8.4.0
ProgramName: mri_vol2surf  ProgramArguments: mri_vol2surf -all-info  ProgramVersion: 7.3.2  TimeStamp: 2026/03/12-12:44:50-GMT  BuildTime: Aug  4 2022 06:17:15  BuildStamp: freesurfer-linux-ubuntu22_x86_64-7.3.2-20220804-6354275  User: oesteban  Machine: dna017  Platform: Linux  PlatformVersion: 5.14.0-427.37.1.el9_4.x86_64  CompilerName: GCC  CompilerVersion: 8.4.0
ProgramName: mri_vol2vol  ProgramArguments: mri_vol2vol -all-info  ProgramVersion: 7.3.2  TimeStamp: 2026/03/12-12:44:50-GMT  BuildTime: Aug  4 2022 06:17:15  BuildStamp: freesurfer-linux-ubuntu22_x86_64-7.3.2-20220804-6354275  User: oesteban  Machine: dna017  Platform: Linux  PlatformVersion: 5.14.0-427.37.1.el9_4.x86_64  CompilerName: GCC  CompilerVersion: 8.4.0
ProgramName: mri_voldiff  ProgramArguments: mri_voldiff -all-info  ProgramVersion: 7.3.2  TimeStamp: 2026/03/12-12:44:50-GMT  BuildTime: Aug  4 2022 06:17:15  BuildStamp: freesurfer-linux-ubuntu22_x86_64-7.3.2-20220804-6354275  User: oesteban  Machine: dna017  Platform: Linux  PlatformVersion: 5.14.0-427.37.1.el9_4.x86_64  CompilerName: GCC  CompilerVersion: 8.4.0
ProgramName: mri_watershed  ProgramArguments: mri_watershed -all-info  ProgramVersion: 7.3.2  TimeStamp: 2026/03/12-12:44:50-GMT  BuildTime: Aug  4 2022 06:17:15  BuildStamp: freesurfer-linux-ubuntu22_x86_64-7.3.2-20220804-6354275  User: oesteban  Machine: dna017  Platform: Linux  PlatformVersion: 5.14.0-427.37.1.el9_4.x86_64  CompilerName: GCC  CompilerVersion: 8.4.0
ProgramName: tkregister2  ProgramArguments: tkregister2_cmdl -all-info  ProgramVersion: 7.3.2  TimeStamp: 2026/03/12-12:44:50-GMT  BuildTime: Aug  4 2022 06:17:15  BuildStamp: freesurfer-linux-ubuntu22_x86_64-7.3.2-20220804-6354275  User: oesteban  Machine: dna017  Platform: Linux  PlatformVersion: 5.14.0-427.37.1.el9_4.x86_64  CompilerName: GCC  CompilerVersion: 8.4.0
mri_motion_correct.fsl 7.3.2
mri_convert -all-info 
ProgramName: mri_convert  ProgramArguments: mri_convert -all-info  ProgramVersion: 7.3.2  TimeStamp: 2026/03/12-12:44:50-GMT  BuildTime: Aug  4 2022 06:17:15  BuildStamp: freesurfer-linux-ubuntu22_x86_64-7.3.2-20220804-6354275  User: oesteban  Machine: dna017  Platform: Linux  PlatformVersion: 5.14.0-427.37.1.el9_4.x86_64  CompilerName: GCC  CompilerVersion: 8.4.0
Program nu_correct, built from:
Package MNI N3, version 1.12.0, compiled by nicks@terrier (x86_64-unknown-linux-gnu) on 2015-06-19 at 01:25:34
#######################################
GCADIR /opt/freesurfer/average
GCA RB_all_2020-01-02.gca
GCASkull RB_all_withskull_2020_01_02.gca
AvgCurvTif folding.atlas.acfb40.noaparc.i12.2016-08-02.tif
GCSDIR /opt/freesurfer/average
GCS DKaparc.atlas.acfb40.noaparc.i12.2016-08-02.gcs
#######################################
#--------------------------------------------
#@# WhiteSurfs lh Thu Mar 12 13:44:50 CET 2026
cd /out/sourcedata/freesurfer/sub-v1s11x0050160_ses-1/mri
mris_place_surface --adgws-in ../surf/autodet.gw.stats.lh.dat --seg aseg.presurf.mgz --threads 16 --wm wm.mgz --invol brain.finalsurfs.mgz --lh --i ../surf/lh.white.preaparc --o ../surf/lh.white --white --nsmooth 0 --rip-label ../label/lh.cortex.label --rip-bg --rip-surf ../surf/lh.white.preaparc --aparc ../label/lh.aparc.annot
   Update not needed
#--------------------------------------------
#@# WhiteSurfs rh Thu Mar 12 13:44:50 CET 2026
cd /out/sourcedata/freesurfer/sub-v1s11x0050160_ses-1/mri
mris_place_surface --adgws-in ../surf/autodet.gw.stats.rh.dat --seg aseg.presurf.mgz --threads 16 --wm wm.mgz --invol brain.finalsurfs.mgz --rh --i ../surf/rh.white.preaparc --o ../surf/rh.white --white --nsmooth 0 --rip-label ../label/rh.cortex.label --rip-bg --rip-surf ../surf/rh.white.preaparc --aparc ../label/rh.aparc.annot
   Update not needed
#@# white curv lh Thu Mar 12 13:44:50 CET 2026
cd /out/sourcedata/freesurfer/sub-v1s11x0050160_ses-1/mri
mris_place_surface --curv-map ../surf/lh.white 2 10 ../surf/lh.curv
   Update not needed
#@# white area lh Thu Mar 12 13:44:50 CET 2026
cd /out/sourcedata/freesurfer/sub-v1s11x0050160_ses-1/mri
mris_place_surface --area-map ../surf/lh.white ../surf/lh.area
   Update not needed
#@# pial curv lh Thu Mar 12 13:44:50 CET 2026
cd /out/sourcedata/freesurfer/sub-v1s11x0050160_ses-1/mri
mris_place_surface --curv-map ../surf/lh.pial 2 10 ../surf/lh.curv.pial
   Update not needed
#@# pial area lh Thu Mar 12 13:44:50 CET 2026
cd /out/sourcedata/freesurfer/sub-v1s11x0050160_ses-1/mri
mris_place_surface --area-map ../surf/lh.pial ../surf/lh.area.pial
   Update not needed
#@# thickness lh Thu Mar 12 13:44:50 CET 2026
cd /out/sourcedata/freesurfer/sub-v1s11x0050160_ses-1/mri
mris_place_surface --thickness ../surf/lh.white ../surf/lh.pial 20 5 ../surf/lh.thickness
   Update not needed
#@# area and vertex vol lh Thu Mar 12 13:44:50 CET 2026
cd /out/sourcedata/freesurfer/sub-v1s11x0050160_ses-1/mri
mris_place_surface --thickness ../surf/lh.white ../surf/lh.pial 20 5 ../surf/lh.thickness
   Update not needed
#@# white curv rh Thu Mar 12 13:44:50 CET 2026
cd /out/sourcedata/freesurfer/sub-v1s11x0050160_ses-1/mri
mris_place_surface --curv-map ../surf/rh.white 2 10 ../surf/rh.curv
   Update not needed
#@# white area rh Thu Mar 12 13:44:50 CET 2026
cd /out/sourcedata/freesurfer/sub-v1s11x0050160_ses-1/mri
mris_place_surface --area-map ../surf/rh.white ../surf/rh.area
   Update not needed
#@# pial curv rh Thu Mar 12 13:44:50 CET 2026
cd /out/sourcedata/freesurfer/sub-v1s11x0050160_ses-1/mri
mris_place_surface --curv-map ../surf/rh.pial 2 10 ../surf/rh.curv.pial
   Update not needed
#@# pial area rh Thu Mar 12 13:44:50 CET 2026
cd /out/sourcedata/freesurfer/sub-v1s11x0050160_ses-1/mri
mris_place_surface --area-map ../surf/rh.pial ../surf/rh.area.pial
   Update not needed
#@# thickness rh Thu Mar 12 13:44:50 CET 2026
cd /out/sourcedata/freesurfer/sub-v1s11x0050160_ses-1/mri
mris_place_surface --thickness ../surf/rh.white ../surf/rh.pial 20 5 ../surf/rh.thickness
   Update not needed
#@# area and vertex vol rh Thu Mar 12 13:44:50 CET 2026
cd /out/sourcedata/freesurfer/sub-v1s11x0050160_ses-1/mri
mris_place_surface --thickness ../surf/rh.white ../surf/rh.pial 20 5 ../surf/rh.thickness
   Update not needed

#-----------------------------------------
#@# Curvature Stats lh Thu Mar 12 13:44:50 CET 2026
/out/sourcedata/freesurfer/sub-v1s11x0050160_ses-1/surf

 mris_curvature_stats -m --writeCurvatureFiles -G -o ../stats/lh.curv.stats -F smoothwm sub-v1s11x0050160_ses-1 lh curv sulc 

             Toggling save flag on curvature files                       [ ok ]
                 Outputting results using filestem   [ ../stats/lh.curv.stats ]
             Toggling save flag on curvature files                       [ ok ]
                                   Setting surface [ sub-v1s11x0050160_ses-1/lh.smoothwm ]
                                Reading surface...                       [ ok ]
                                   Setting texture                     [ curv ]
                                Reading texture...                       [ ok ]
                                   Setting texture                     [ sulc ]
                                Reading texture...Gb_filter = 0
                       [ ok ]
      Calculating Discrete Principal Curvatures...
      Determining geometric order for vno faces... [####################] [ ok ]
                      Determining KH curvatures... [####################] [ ok ]
                    Determining k1k2 curvatures... [####################] [ ok ]
                                   deltaViolations                      [ 264 ]
Gb_filter = 0

#-----------------------------------------
#@# Curvature Stats rh Thu Mar 12 13:44:52 CET 2026
/out/sourcedata/freesurfer/sub-v1s11x0050160_ses-1/surf

 mris_curvature_stats -m --writeCurvatureFiles -G -o ../stats/rh.curv.stats -F smoothwm sub-v1s11x0050160_ses-1 rh curv sulc 

             Toggling save flag on curvature files                       [ ok ]
                 Outputting results using filestem   [ ../stats/rh.curv.stats ]
             Toggling save flag on curvature files                       [ ok ]
                                   Setting surface [ sub-v1s11x0050160_ses-1/rh.smoothwm ]
                                Reading surface...                       [ ok ]
                                   Setting texture                     [ curv ]
                                Reading texture...                       [ ok ]
                                   Setting texture                     [ sulc ]
                                Reading texture...Gb_filter = 0
                       [ ok ]
      Calculating Discrete Principal Curvatures...
      Determining geometric order for vno faces... [####################] [ ok ]
                      Determining KH curvatures... [####################] [ ok ]
                    Determining k1k2 curvatures... [####################] [ ok ]
                                   deltaViolations                      [ 254 ]
Gb_filter = 0
#-----------------------------------------
#@# Relabel Hypointensities Thu Mar 12 13:44:55 CET 2026
/out/sourcedata/freesurfer/sub-v1s11x0050160_ses-1/mri

 mri_relabel_hypointensities aseg.presurf.mgz ../surf aseg.presurf.hypos.mgz 

reading input surface ../surf/lh.white...
relabeling lh hypointensities...
2942 voxels changed to hypointensity...
reading input surface ../surf/rh.white...
relabeling rh hypointensities...
2593 voxels changed to hypointensity...
5562 hypointense voxels neighboring cortex changed
#-----------------------------------------
#@# APas-to-ASeg Thu Mar 12 13:45:12 CET 2026
/out/sourcedata/freesurfer/sub-v1s11x0050160_ses-1/mri

 mri_surf2volseg --o aseg.mgz --i aseg.presurf.hypos.mgz --fix-presurf-with-ribbon /out/sourcedata/freesurfer/sub-v1s11x0050160_ses-1/mri/ribbon.mgz --threads 16 --lh-cortex-mask /out/sourcedata/freesurfer/sub-v1s11x0050160_ses-1/label/lh.cortex.label --lh-white /out/sourcedata/freesurfer/sub-v1s11x0050160_ses-1/surf/lh.white --lh-pial /out/sourcedata/freesurfer/sub-v1s11x0050160_ses-1/surf/lh.pial --rh-cortex-mask /out/sourcedata/freesurfer/sub-v1s11x0050160_ses-1/label/rh.cortex.label --rh-white /out/sourcedata/freesurfer/sub-v1s11x0050160_ses-1/surf/rh.white --rh-pial /out/sourcedata/freesurfer/sub-v1s11x0050160_ses-1/surf/rh.pial 

SUBJECTS_DIR /out/sourcedata/freesurfer
outvol aseg.mgz
16 avail.processors, using 16
Loading aseg.presurf.hypos.mgz
Loading /out/sourcedata/freesurfer/sub-v1s11x0050160_ses-1/mri/ribbon.mgz
Loading /out/sourcedata/freesurfer/sub-v1s11x0050160_ses-1/surf/lh.white
Loading /out/sourcedata/freesurfer/sub-v1s11x0050160_ses-1/surf/lh.pial
Loading /out/sourcedata/freesurfer/sub-v1s11x0050160_ses-1/label/lh.cortex.label
Loading /out/sourcedata/freesurfer/sub-v1s11x0050160_ses-1/surf/rh.white
Loading /out/sourcedata/freesurfer/sub-v1s11x0050160_ses-1/surf/rh.pial
Loading /out/sourcedata/freesurfer/sub-v1s11x0050160_ses-1/label/rh.cortex.label
Done loading
  0  80  96 192 224 144 112 128 176 240 208  48  32 160  64  16  33 241  65   1 209  17  81 193  49 177  97 113 161 225 129 145   2 242  34 210  66  18  82 194 178  35   3 243 211  98  67 162  50  19 
146  83 226 195 130 114  36   4 244 212 179 
 68  20  99 
 84 196 163  37   5 245 213 147 227  69  21 180  85 197  38   6 246 214  51 100 131 164 115  22 148  70  39 
  7 247 215 198  86 228 181  23 101  40   8 248 216 165 199 
 52  71 149  87  24 182  41   9 249 217 229 132 200 116 102 166  72  25  88 150  10 250 218  42 201 183  26 103 230  11  53 251 219 
 43 202  89 167  73 151 117 133  27 184  12 252 220  44 203 104  90 231  74 152 168  13  54 185 221  28 253  45 204 118 232 105  14 222  29 254  46 186 205  75 169 153 134 233  55 223  15  30 255 206  47 187 119 
 91 106  76 234 170 154  31 207 188 235  56  77 107 120 155 171 236 189  92 135  57  78 237 108 190 156 172  58 121  93  79 
238  59 
191 109 157 173 239 
136  94  60 122 110  61 174 158  95 123  62 175 111 159 
137  63 124 125 138 126 139 
127 140 141 142 143 
nrelabeled = 153686
ndotcheck = 0
Starting Surf2VolSeg free
free done
#VMPC# mri_surf2volseg VmPeak  1953616
mri_surf2volseg done

 mri_brainvol_stats sub-v1s11x0050160_ses-1 

ComputeBrainVolumeStats2 VoxelVol=1, KeepCSF=1
  #CBVS2 MaskVol              1542426.0
  #CBVS2 BrainSegVol          1273589.0
  #CBVS2 BrainSegVolNotVent   1260979.0
  #CBVS2 SupraTentVol         1129083.0
  #CBVS2 SupraTentVolNotVent  1116473.0
  #CBVS2 lhCtxGM               282303.1
  #CBVS2 rhCtxGM               279714.1
  #CBVS2 lhCerebralWM          248752.5
  #CBVS2 rhCerebralWM          240898.5
  #CBVS2 SubCortGMVol           65505.0
  #CBVS2 CerebellumVol         144506.0
  #CBVS2 CerebellumGMVol       112247.0
  #CBVS2 VentChorVol             9908.0
  #CBVS2 3rd4th5thCSF            2702.0
  #CBVS2 AllCSF                 12610.0
  #CBVS2 CCVol                   4417.0
#-----------------------------------------
#@# AParc-to-ASeg aparc Thu Mar 12 13:45:22 CET 2026
/out/sourcedata/freesurfer/sub-v1s11x0050160_ses-1/mri

 mri_surf2volseg --o aparc+aseg.mgz --label-cortex --i aseg.mgz --threads 16 --lh-annot /out/sourcedata/freesurfer/sub-v1s11x0050160_ses-1/label/lh.aparc.annot 1000 --lh-cortex-mask /out/sourcedata/freesurfer/sub-v1s11x0050160_ses-1/label/lh.cortex.label --lh-white /out/sourcedata/freesurfer/sub-v1s11x0050160_ses-1/surf/lh.white --lh-pial /out/sourcedata/freesurfer/sub-v1s11x0050160_ses-1/surf/lh.pial --rh-annot /out/sourcedata/freesurfer/sub-v1s11x0050160_ses-1/label/rh.aparc.annot 2000 --rh-cortex-mask /out/sourcedata/freesurfer/sub-v1s11x0050160_ses-1/label/rh.cortex.label --rh-white /out/sourcedata/freesurfer/sub-v1s11x0050160_ses-1/surf/rh.white --rh-pial /out/sourcedata/freesurfer/sub-v1s11x0050160_ses-1/surf/rh.pial 

SUBJECTS_DIR /out/sourcedata/freesurfer
outvol aparc+aseg.mgz
16 avail.processors, using 16
Loading aseg.mgz
Loading /out/sourcedata/freesurfer/sub-v1s11x0050160_ses-1/surf/lh.white
Loading /out/sourcedata/freesurfer/sub-v1s11x0050160_ses-1/surf/lh.pial
Loading /out/sourcedata/freesurfer/sub-v1s11x0050160_ses-1/label/lh.cortex.label
Ripping lh vertices labeled not in lh.cortex.label
  ripped 8780 vertices from lh hemi
Loading /out/sourcedata/freesurfer/sub-v1s11x0050160_ses-1/label/lh.aparc.annot
Loading /out/sourcedata/freesurfer/sub-v1s11x0050160_ses-1/surf/rh.white
Loading /out/sourcedata/freesurfer/sub-v1s11x0050160_ses-1/surf/rh.pial
Loading /out/sourcedata/freesurfer/sub-v1s11x0050160_ses-1/label/rh.cortex.label
Ripping rh vertices labeled not in rh.cortex.label
  ripped 8761 vertices from rh hemi
Loading /out/sourcedata/freesurfer/sub-v1s11x0050160_ses-1/label/rh.aparc.annot
Done loading
 64 240  96 192 176 208 128 144 112  32  80   0  48 160 224  16  17   1 241  33  49 225 209 242  18   2  34  50 226 210 243  19 
  3 227 211 244  20  35   4 228 212 245 229 213  21  51   5 246 230 214  36  22   6 247  65 231 215  52  23   7 248 232 216  37 249  24   8 233  53 217 250  25   9 234 218  54  38 251  26  10 235 219 
 55 252 236  27  11 220  56 253  39 
237 221  28  12  57 254 238 222  29  13  58 255  40 239 
223  30  14  59 
 31  15  60  41  61  42  62  43  63  44  45  46  47  66 193 194  67 195 196 197 198 199 
200 201 202 203 204 205 206 207 113  68 161  97  81 177 129  69 145 114 162  70  98  82 178 130  71 146 115 163  72  83  99 
116 179 
147 131 164  73 117  84 100 148  74 180 165 132 118 149  75  85 101 181 119 
166 150 133  76  86 102 120 151 182  77 167 134 121  87 152 103 183  78 122 168 135 104  88 153 184  79 
123 105 185 154 136 169  89 124 106 186 187  90 155 170 137 107 188 125 189 108  91 190 171 156 138 126 191 109  92 172 139 
110 157  93 127 111 173  94 140 158  95 174 159 
141 175 142 143 
nrelabeled = 561304
ndotcheck = 44766
Starting Surf2VolSeg free
free done
#VMPC# mri_surf2volseg VmPeak  1937968
mri_surf2volseg done
#-----------------------------------------
#@# AParc-to-ASeg aparc.a2009s Thu Mar 12 13:46:10 CET 2026
/out/sourcedata/freesurfer/sub-v1s11x0050160_ses-1/mri

 mri_surf2volseg --o aparc.a2009s+aseg.mgz --label-cortex --i aseg.mgz --threads 16 --lh-annot /out/sourcedata/freesurfer/sub-v1s11x0050160_ses-1/label/lh.aparc.a2009s.annot 11100 --lh-cortex-mask /out/sourcedata/freesurfer/sub-v1s11x0050160_ses-1/label/lh.cortex.label --lh-white /out/sourcedata/freesurfer/sub-v1s11x0050160_ses-1/surf/lh.white --lh-pial /out/sourcedata/freesurfer/sub-v1s11x0050160_ses-1/surf/lh.pial --rh-annot /out/sourcedata/freesurfer/sub-v1s11x0050160_ses-1/label/rh.aparc.a2009s.annot 12100 --rh-cortex-mask /out/sourcedata/freesurfer/sub-v1s11x0050160_ses-1/label/rh.cortex.label --rh-white /out/sourcedata/freesurfer/sub-v1s11x0050160_ses-1/surf/rh.white --rh-pial /out/sourcedata/freesurfer/sub-v1s11x0050160_ses-1/surf/rh.pial 

SUBJECTS_DIR /out/sourcedata/freesurfer
outvol aparc.a2009s+aseg.mgz
16 avail.processors, using 16
Loading aseg.mgz
Loading /out/sourcedata/freesurfer/sub-v1s11x0050160_ses-1/surf/lh.white
Loading /out/sourcedata/freesurfer/sub-v1s11x0050160_ses-1/surf/lh.pial
Loading /out/sourcedata/freesurfer/sub-v1s11x0050160_ses-1/label/lh.cortex.label
Ripping lh vertices labeled not in lh.cortex.label
  ripped 8780 vertices from lh hemi
Loading /out/sourcedata/freesurfer/sub-v1s11x0050160_ses-1/label/lh.aparc.a2009s.annot
Loading /out/sourcedata/freesurfer/sub-v1s11x0050160_ses-1/surf/rh.white
Loading /out/sourcedata/freesurfer/sub-v1s11x0050160_ses-1/surf/rh.pial
Loading /out/sourcedata/freesurfer/sub-v1s11x0050160_ses-1/label/rh.cortex.label
Ripping rh vertices labeled not in rh.cortex.label
  ripped 8761 vertices from rh hemi
Loading /out/sourcedata/freesurfer/sub-v1s11x0050160_ses-1/label/rh.aparc.a2009s.annot
Done loading
176  96  16 240  32 144 192 112  80 128 160  48 208   0  64 224 209  17   1  33 225 241  49  18 210 242   2  34 226  50  19 
211 243   3  20  35 227 212 244  51   4  21 228 245  36 213  52  22 246   5  37 229 214  65  53  23 247 215   6  38 230  24 248  54 216   7  25 231 249  39 
217  55  26 250   8 232 218  40 251  56  27   9 233 219 
 41 252  28  57  10 253  29 234 220  42  58 254  30 221  11 235  43 255  31  59 
222  12 236  44 223  60  13 237  45  61  14 238  46  15  62  47 239 
 63  66 193 194  67 195 196 197 198 199 
200 201 202 203 204 205 206 207  68 113 161 177  97  81  69 145 129  70 114 162  98 178 146  71  82 130 115 163  72  99 
147 179 
116  83  73 131 164 148 100 117  74 180 149  84 132 165 101 150 118  75 181 151 119 
102  76 133  85 166 182 152 120  77 103 134 153 121 183  86 167 104  78 135 122 154 184 105  79 
 87 123 168 185 155 136 106 186 107 124  88 156 137 187 169 108 188 125 189 157 138 109  89 190 170 191 126 110 139 
158  90 171 111 127 159 
140  91 172 141  92 173  93 174 142  94 175 143  95 
nrelabeled = 561304
ndotcheck = 44766
Starting Surf2VolSeg free
free done
#VMPC# mri_surf2volseg VmPeak  1937944
mri_surf2volseg done
#-----------------------------------------
#@# AParc-to-ASeg aparc.DKTatlas Thu Mar 12 13:46:57 CET 2026
/out/sourcedata/freesurfer/sub-v1s11x0050160_ses-1/mri

 mri_surf2volseg --o aparc.DKTatlas+aseg.mgz --label-cortex --i aseg.mgz --threads 16 --lh-annot /out/sourcedata/freesurfer/sub-v1s11x0050160_ses-1/label/lh.aparc.DKTatlas.annot 1000 --lh-cortex-mask /out/sourcedata/freesurfer/sub-v1s11x0050160_ses-1/label/lh.cortex.label --lh-white /out/sourcedata/freesurfer/sub-v1s11x0050160_ses-1/surf/lh.white --lh-pial /out/sourcedata/freesurfer/sub-v1s11x0050160_ses-1/surf/lh.pial --rh-annot /out/sourcedata/freesurfer/sub-v1s11x0050160_ses-1/label/rh.aparc.DKTatlas.annot 2000 --rh-cortex-mask /out/sourcedata/freesurfer/sub-v1s11x0050160_ses-1/label/rh.cortex.label --rh-white /out/sourcedata/freesurfer/sub-v1s11x0050160_ses-1/surf/rh.white --rh-pial /out/sourcedata/freesurfer/sub-v1s11x0050160_ses-1/surf/rh.pial 

SUBJECTS_DIR /out/sourcedata/freesurfer
outvol aparc.DKTatlas+aseg.mgz
16 avail.processors, using 16
Loading aseg.mgz
Loading /out/sourcedata/freesurfer/sub-v1s11x0050160_ses-1/surf/lh.white
Loading /out/sourcedata/freesurfer/sub-v1s11x0050160_ses-1/surf/lh.pial
Loading /out/sourcedata/freesurfer/sub-v1s11x0050160_ses-1/label/lh.cortex.label
Ripping lh vertices labeled not in lh.cortex.label
  ripped 8780 vertices from lh hemi
Loading /out/sourcedata/freesurfer/sub-v1s11x0050160_ses-1/label/lh.aparc.DKTatlas.annot
Loading /out/sourcedata/freesurfer/sub-v1s11x0050160_ses-1/surf/rh.white
Loading /out/sourcedata/freesurfer/sub-v1s11x0050160_ses-1/surf/rh.pial
Loading /out/sourcedata/freesurfer/sub-v1s11x0050160_ses-1/label/rh.cortex.label
Ripping rh vertices labeled not in rh.cortex.label
  ripped 8761 vertices from rh hemi
Loading /out/sourcedata/freesurfer/sub-v1s11x0050160_ses-1/label/rh.aparc.DKTatlas.annot
Done loading
  0  32  48  16 112 240  96 160  64 208 176 192 144  80 128 224 241 225  17  49  33   1 242  50 209  18   2  34 243 226  51   3  19 
244  35 227  52   4 210 245 228  20  36  53   5 246 211  37   6  54 247 229 212   7  55 248  38 230  56 213 249  21  39 
  8  57 214 250   9  58  65  40 231  22 215 251  59 
232  41  23  60  10 216 252  42  61 253  24 217 233  62  43 254  11  25 218 255  44 234  63 219 
 26  12  45 220  27 235  46  13 221  28  47  14 236 222  29  15 223  30 237  31 238 239 
 66 193 194  67 195 196 197 198 199 
200 201 202 203 204 205 206 207  68 113 161  81  97 177  69 129 145  70 114 162  98  82 178  71 146 130 115 163  72  99 
 83 179 
147  73 116 164 131 100  84 148  74 180 117 165 149 101  75 132  85 118 181 150  76 166 102 151 133 119 
 86  77 182 103 152 167 120 134  78  87 104 183 153 121  79 
105 135 168  88 184 154 122 106 185 136 169  89 155 123 107 186 108 187 137  90 156 170 124 188 109 189  91 138 190 171 157 110 125 191  92 111 139 
172 158 126  93 140 173 159 
 94 127 174 141  95 175 142 143 
nrelabeled = 561304
ndotcheck = 44766
Starting Surf2VolSeg free
free done
#VMPC# mri_surf2volseg VmPeak  1937972
mri_surf2volseg done
#-----------------------------------------
#@# WMParc Thu Mar 12 13:47:45 CET 2026
/out/sourcedata/freesurfer/sub-v1s11x0050160_ses-1/mri

 mri_surf2volseg --o wmparc.mgz --label-wm --i aparc+aseg.mgz --threads 16 --lh-annot /out/sourcedata/freesurfer/sub-v1s11x0050160_ses-1/label/lh.aparc.annot 3000 --lh-cortex-mask /out/sourcedata/freesurfer/sub-v1s11x0050160_ses-1/label/lh.cortex.label --lh-white /out/sourcedata/freesurfer/sub-v1s11x0050160_ses-1/surf/lh.white --lh-pial /out/sourcedata/freesurfer/sub-v1s11x0050160_ses-1/surf/lh.pial --rh-annot /out/sourcedata/freesurfer/sub-v1s11x0050160_ses-1/label/rh.aparc.annot 4000 --rh-cortex-mask /out/sourcedata/freesurfer/sub-v1s11x0050160_ses-1/label/rh.cortex.label --rh-white /out/sourcedata/freesurfer/sub-v1s11x0050160_ses-1/surf/rh.white --rh-pial /out/sourcedata/freesurfer/sub-v1s11x0050160_ses-1/surf/rh.pial 

SUBJECTS_DIR /out/sourcedata/freesurfer
outvol wmparc.mgz
16 avail.processors, using 16
Loading aparc+aseg.mgz
Loading /out/sourcedata/freesurfer/sub-v1s11x0050160_ses-1/surf/lh.white
Loading /out/sourcedata/freesurfer/sub-v1s11x0050160_ses-1/surf/lh.pial
Loading /out/sourcedata/freesurfer/sub-v1s11x0050160_ses-1/label/lh.cortex.label
Ripping lh vertices labeled not in lh.cortex.label
  ripped 8780 vertices from lh hemi
Loading /out/sourcedata/freesurfer/sub-v1s11x0050160_ses-1/label/lh.aparc.annot
Loading /out/sourcedata/freesurfer/sub-v1s11x0050160_ses-1/surf/rh.white
Loading /out/sourcedata/freesurfer/sub-v1s11x0050160_ses-1/surf/rh.pial
Loading /out/sourcedata/freesurfer/sub-v1s11x0050160_ses-1/label/rh.cortex.label
Ripping rh vertices labeled not in rh.cortex.label
  ripped 8761 vertices from rh hemi
Loading /out/sourcedata/freesurfer/sub-v1s11x0050160_ses-1/label/rh.aparc.annot
Done loading
 96 208  32  16 176 224 192 160 240 128  48  64 112 144   0  80   1  65 225 209 241  49  33  17 193   2  66 226 210 242 194  50  34  18   3  67   4 195 227 211 243  51  19 
 35   5 196 228 212  68 244  52  20  36   6 197 229 213 245  53  21  37   7 198  69   8 230 214 246 199 
 54  38  22   9 215 200 247 231  55  39 
 23  10 216 201 248 232  56  11  40  24  70  12 217 202 249 233  57  41  25  13 218 203 250  58 234  42  26  14 219 
204 251  59 
 15 235  27  43  71 205 220 252  60 236  28  44 206 221  81 253  61 237  29  45 207 129 254 222  62  30 238  46 255 223  72  63  31 239 
 47  73  97 177  82  74 161  75 130 178  76  83  98 113  77 179 
 84 162 145  78 131  99 
 79 
180  85 181  86 163 132 100 114 133 182  87 183 134 101 164 146  88 184 135 185  89 136 186 115 187 102 165 188  90 189 137 190 191 147  91 166 103 138 116  92 139 
167 104  93 117 148 140 168  94 169 141 118 105  95 170 149 142 119 
106 171 120 172 143 107 150 121 173 122 108 174 151 175 123 152 124 109 153 125 126 154 110 127 155 156 111 157 158 159 

nrelabeled = 485234
ndotcheck = 4195
Starting Surf2VolSeg free
free done
#VMPC# mri_surf2volseg VmPeak  1937968
mri_surf2volseg done

 mri_segstats --seed 1234 --seg mri/wmparc.mgz --sum stats/wmparc.stats --pv mri/norm.mgz --excludeid 0 --brainmask mri/brainmask.mgz --in mri/norm.mgz --in-intensity-name norm --in-intensity-units MR --subject sub-v1s11x0050160_ses-1 --surf-wm-vol --ctab /opt/freesurfer/WMParcStatsLUT.txt --etiv 

setting seed for random number genererator to 1234

7.3.2
cwd 
cmdline mri_segstats --seed 1234 --seg mri/wmparc.mgz --sum stats/wmparc.stats --pv mri/norm.mgz --excludeid 0 --brainmask mri/brainmask.mgz --in mri/norm.mgz --in-intensity-name norm --in-intensity-units MR --subject sub-v1s11x0050160_ses-1 --surf-wm-vol --ctab /opt/freesurfer/WMParcStatsLUT.txt --etiv 
sysname  Linux
hostname dna017
machine  x86_64
user     oesteban
whitesurfname  white
UseRobust  0
atlas_icv (eTIV) = 1590290 mm^3    (det: 1.225000 )
Loading mri/wmparc.mgz
Getting Brain Volume Statistics
Loading mri/norm.mgz
Loading mri/norm.mgz
Voxel Volume is 1 mm^3
Generating list of segmentation ids
Found 390 segmentations
Computing statistics for each segmentation

Reporting on  70 segmentations
Using PrintSegStat
mri_segstats done
#--------------------------------------------
#@# ASeg Stats Thu Mar 12 13:51:51 CET 2026
/out/sourcedata/freesurfer/sub-v1s11x0050160_ses-1

 mri_segstats --seed 1234 --seg mri/aseg.mgz --sum stats/aseg.stats --pv mri/norm.mgz --empty --brainmask mri/brainmask.mgz --brain-vol-from-seg --excludeid 0 --excl-ctxgmwm --supratent --subcortgray --in mri/norm.mgz --in-intensity-name norm --in-intensity-units MR --etiv --surf-wm-vol --surf-ctx-vol --totalgray --euler --ctab /opt/freesurfer/ASegStatsLUT.txt --subject sub-v1s11x0050160_ses-1 

setting seed for random number genererator to 1234

7.3.2
cwd 
cmdline mri_segstats --seed 1234 --seg mri/aseg.mgz --sum stats/aseg.stats --pv mri/norm.mgz --empty --brainmask mri/brainmask.mgz --brain-vol-from-seg --excludeid 0 --excl-ctxgmwm --supratent --subcortgray --in mri/norm.mgz --in-intensity-name norm --in-intensity-units MR --etiv --surf-wm-vol --surf-ctx-vol --totalgray --euler --ctab /opt/freesurfer/ASegStatsLUT.txt --subject sub-v1s11x0050160_ses-1 
sysname  Linux
hostname dna017
machine  x86_64
user     oesteban
whitesurfname  white
UseRobust  0
atlas_icv (eTIV) = 1590290 mm^3    (det: 1.225000 )
Computing euler number
orig.nofix lheno =  -16, rheno = -14
orig.nofix lhholes =    9, rhholes = 8
Loading mri/aseg.mgz
Getting Brain Volume Statistics
Loading mri/norm.mgz
Loading mri/norm.mgz
Voxel Volume is 1 mm^3
Generating list of segmentation ids
Found  50 segmentations
Computing statistics for each segmentation

Reporting on  45 segmentations
Using PrintSegStat
mri_segstats done

Started at Thu Mar 12 13:44:49 CET 2026 
Ended   at Thu Mar 12 13:52:35 CET 2026
#@#%# recon-all-run-time-hours 0.129
recon-all -s sub-v1s11x0050160_ses-1 finished without error at Thu Mar 12 13:52:35 CET 2026
