
Thu Mar 12 12:44:15 CET 2026
cd /out/sourcedata/freesurfer/sub-v1s11x0050160_ses-1
setenv SUBJECTS_DIR /out/sourcedata/freesurfer
/opt/freesurfer/bin/recon-all -autorecon-hemi lh -noparcstats -noparcstats2 -noparcstats3 -nohyporelabel -nobalabels -lh-only -openmp 16 -subjid sub-v1s11x0050160_ses-1 -sd /out/sourcedata/freesurfer

subjid sub-v1s11x0050160_ses-1
setenv SUBJECTS_DIR /out/sourcedata/freesurfer
FREESURFER_HOME /opt/freesurfer
Actual FREESURFER_HOME /opt/freesurfer
build-stamp.txt: freesurfer-linux-ubuntu22_x86_64-7.3.2-20220804-6354275
Linux dna017 5.14.0-427.37.1.el9_4.x86_64 #1 SMP PREEMPT_DYNAMIC Fri Sep 13 12:41:50 EDT 2024 x86_64 x86_64 x86_64 GNU/Linux
cputime      unlimited
filesize     unlimited
datasize     unlimited
stacksize    8192 kbytes
coredumpsize 0 kbytes
memoryuse    67108864 kbytes
vmemoryuse   unlimited
descriptors  1024 
memorylocked unlimited
maxproc      2061970 
maxlocks     unlimited
maxsignal    2061970 
maxmessage   819200 
maxnice      0 
maxrtprio    0 
maxrttime    unlimited

               total        used        free      shared  buff/cache   available
Mem:           503Gi        48Gi       412Gi        13Gi        42Gi       438Gi
Swap:             0B          0B          0B

########################################
program versions used
7.3.2 (freesurfer-linux-ubuntu22_x86_64-7.3.2-20220804-6354275)
7.3.2

ProgramName: lta_convert  ProgramArguments: lta_convert -all-info  ProgramVersion: 7.3.2  TimeStamp: 2026/03/12-11:44:15-GMT  BuildTime: Aug  4 2022 06:17:15  BuildStamp: freesurfer-linux-ubuntu22_x86_64-7.3.2-20220804-6354275  User: oesteban  Machine: dna017  Platform: Linux  PlatformVersion: 5.14.0-427.37.1.el9_4.x86_64  CompilerName: GCC  CompilerVersion: 8.4.0
ProgramName: mri_and  ProgramArguments: mri_and -all-info  ProgramVersion: 7.3.2  TimeStamp: 2026/03/12-11:44:15-GMT  BuildTime: Aug  4 2022 06:17:15  BuildStamp: freesurfer-linux-ubuntu22_x86_64-7.3.2-20220804-6354275  User: oesteban  Machine: dna017  Platform: Linux  PlatformVersion: 5.14.0-427.37.1.el9_4.x86_64  CompilerName: GCC  CompilerVersion: 8.4.0
ProgramName: mri_annotation2label  ProgramArguments: mri_annotation2label -all-info  ProgramVersion: 7.3.2  TimeStamp: 2026/03/12-11:44:15-GMT  BuildTime: Aug  4 2022 06:17:15  BuildStamp: freesurfer-linux-ubuntu22_x86_64-7.3.2-20220804-6354275  User: oesteban  Machine: dna017  Platform: Linux  PlatformVersion: 5.14.0-427.37.1.el9_4.x86_64  CompilerName: GCC  CompilerVersion: 8.4.0
ProgramName: mri_aparc2aseg  ProgramArguments: mri_aparc2aseg -all-info  ProgramVersion: 7.3.2  TimeStamp: 2026/03/12-11:44:15-GMT  BuildTime: Aug  4 2022 06:17:15  BuildStamp: freesurfer-linux-ubuntu22_x86_64-7.3.2-20220804-6354275  User: oesteban  Machine: dna017  Platform: Linux  PlatformVersion: 5.14.0-427.37.1.el9_4.x86_64  CompilerName: GCC  CompilerVersion: 8.4.0
ProgramName: mri_surf2volseg  ProgramArguments: mri_surf2volseg -all-info  ProgramVersion: 7.3.2  TimeStamp: 2026/03/12-11:44:15-GMT  BuildTime: Aug  4 2022 06:17:15  BuildStamp: freesurfer-linux-ubuntu22_x86_64-7.3.2-20220804-6354275  User: oesteban  Machine: dna017  Platform: Linux  PlatformVersion: 5.14.0-427.37.1.el9_4.x86_64  CompilerName: GCC  CompilerVersion: 8.4.0
ProgramName: mri_binarize  ProgramArguments: mri_binarize -all-info  ProgramVersion: 7.3.2  TimeStamp: 2026/03/12-11:44:15-GMT  BuildTime: Aug  4 2022 06:17:15  BuildStamp: freesurfer-linux-ubuntu22_x86_64-7.3.2-20220804-6354275  User: oesteban  Machine: dna017  Platform: Linux  PlatformVersion: 5.14.0-427.37.1.el9_4.x86_64  CompilerName: GCC  CompilerVersion: 8.4.0
ProgramName: mri_ca_label  ProgramArguments: mri_ca_label -all-info  ProgramVersion: 7.3.2  TimeStamp: 2026/03/12-11:44:15-GMT  BuildTime: Aug  4 2022 06:17:15  BuildStamp: freesurfer-linux-ubuntu22_x86_64-7.3.2-20220804-6354275  User: oesteban  Machine: dna017  Platform: Linux  PlatformVersion: 5.14.0-427.37.1.el9_4.x86_64  CompilerName: GCC  CompilerVersion: 8.4.0
ProgramName: mri_ca_normalize  ProgramArguments: mri_ca_normalize -all-info  ProgramVersion: 7.3.2  TimeStamp: 2026/03/12-11:44:15-GMT  BuildTime: Aug  4 2022 06:17:15  BuildStamp: freesurfer-linux-ubuntu22_x86_64-7.3.2-20220804-6354275  User: oesteban  Machine: dna017  Platform: Linux  PlatformVersion: 5.14.0-427.37.1.el9_4.x86_64  CompilerName: GCC  CompilerVersion: 8.4.0
ProgramName: mri_ca_register  ProgramArguments: mri_ca_register -all-info  ProgramVersion: 7.3.2  TimeStamp: 2026/03/12-11:44:15-GMT  BuildTime: Aug  4 2022 06:17:15  BuildStamp: freesurfer-linux-ubuntu22_x86_64-7.3.2-20220804-6354275  User: oesteban  Machine: dna017  Platform: Linux  PlatformVersion: 5.14.0-427.37.1.el9_4.x86_64  CompilerName: GCC  CompilerVersion: 8.4.0
ProgramName: mri_cc  ProgramArguments: mri_cc -all-info  ProgramVersion: 7.3.2  TimeStamp: 2026/03/12-11:44:15-GMT  BuildTime: Aug  4 2022 06:17:15  BuildStamp: freesurfer-linux-ubuntu22_x86_64-7.3.2-20220804-6354275  User: oesteban  Machine: dna017  Platform: Linux  PlatformVersion: 5.14.0-427.37.1.el9_4.x86_64  CompilerName: GCC  CompilerVersion: 8.4.0
ProgramName: mri_compute_overlap  ProgramArguments: mri_compute_overlap -all-info  ProgramVersion: 7.3.2  TimeStamp: 2026/03/12-11:44:15-GMT  BuildTime: Aug  4 2022 06:17:15  BuildStamp: freesurfer-linux-ubuntu22_x86_64-7.3.2-20220804-6354275  User: oesteban  Machine: dna017  Platform: Linux  PlatformVersion: 5.14.0-427.37.1.el9_4.x86_64  CompilerName: GCC  CompilerVersion: 8.4.0
ProgramName: mri_compute_seg_overlap  ProgramArguments: mri_compute_seg_overlap -all-info  ProgramVersion: 7.3.2  TimeStamp: 2026/03/12-11:44:15-GMT  BuildTime: Aug  4 2022 06:17:15  BuildStamp: freesurfer-linux-ubuntu22_x86_64-7.3.2-20220804-6354275  User: oesteban  Machine: dna017  Platform: Linux  PlatformVersion: 5.14.0-427.37.1.el9_4.x86_64  CompilerName: GCC  CompilerVersion: 8.4.0
ProgramName: mri_concat  ProgramArguments: mri_concat -all-info  ProgramVersion: 7.3.2  TimeStamp: 2026/03/12-11:44:15-GMT  BuildTime: Aug  4 2022 06:17:15  BuildStamp: freesurfer-linux-ubuntu22_x86_64-7.3.2-20220804-6354275  User: oesteban  Machine: dna017  Platform: Linux  PlatformVersion: 5.14.0-427.37.1.el9_4.x86_64  CompilerName: GCC  CompilerVersion: 8.4.0
ProgramName: mri_concatenate_lta  ProgramArguments: mri_concatenate_lta -all-info  ProgramVersion: 7.3.2  TimeStamp: 2026/03/12-11:44:15-GMT  BuildTime: Aug  4 2022 06:17:15  BuildStamp: freesurfer-linux-ubuntu22_x86_64-7.3.2-20220804-6354275  User: oesteban  Machine: dna017  Platform: Linux  PlatformVersion: 5.14.0-427.37.1.el9_4.x86_64  CompilerName: GCC  CompilerVersion: 8.4.0
mri_convert -all-info 
ProgramName: mri_convert  ProgramArguments: mri_convert -all-info  ProgramVersion: 7.3.2  TimeStamp: 2026/03/12-11:44:15-GMT  BuildTime: Aug  4 2022 06:17:15  BuildStamp: freesurfer-linux-ubuntu22_x86_64-7.3.2-20220804-6354275  User: oesteban  Machine: dna017  Platform: Linux  PlatformVersion: 5.14.0-427.37.1.el9_4.x86_64  CompilerName: GCC  CompilerVersion: 8.4.0
ProgramName: mri_diff  ProgramArguments: mri_diff -all-info  ProgramVersion: 7.3.2  TimeStamp: 2026/03/12-11:44:15-GMT  BuildTime: Aug  4 2022 06:17:15  BuildStamp: freesurfer-linux-ubuntu22_x86_64-7.3.2-20220804-6354275  User: oesteban  Machine: dna017  Platform: Linux  PlatformVersion: 5.14.0-427.37.1.el9_4.x86_64  CompilerName: GCC  CompilerVersion: 8.4.0
ProgramName: mri_edit_wm_with_aseg  ProgramArguments: mri_edit_wm_with_aseg -all-info  ProgramVersion: 7.3.2  TimeStamp: 2026/03/12-11:44:15-GMT  BuildTime: Aug  4 2022 06:17:15  BuildStamp: freesurfer-linux-ubuntu22_x86_64-7.3.2-20220804-6354275  User: oesteban  Machine: dna017  Platform: Linux  PlatformVersion: 5.14.0-427.37.1.el9_4.x86_64  CompilerName: GCC  CompilerVersion: 8.4.0
ProgramName: mri_em_register  ProgramArguments: mri_em_register -all-info  ProgramVersion: 7.3.2  TimeStamp: 2026/03/12-11:44:15-GMT  BuildTime: Aug  4 2022 06:17:15  BuildStamp: freesurfer-linux-ubuntu22_x86_64-7.3.2-20220804-6354275  User: oesteban  Machine: dna017  Platform: Linux  PlatformVersion: 5.14.0-427.37.1.el9_4.x86_64  CompilerName: GCC  CompilerVersion: 8.4.0
ProgramName: mri_fill  ProgramArguments: mri_fill -all-info  ProgramVersion: 7.3.2  TimeStamp: 2026/03/12-11:44:15-GMT  BuildTime: Aug  4 2022 06:17:15  BuildStamp: freesurfer-linux-ubuntu22_x86_64-7.3.2-20220804-6354275  User: oesteban  Machine: dna017  Platform: Linux  PlatformVersion: 5.14.0-427.37.1.el9_4.x86_64  CompilerName: GCC  CompilerVersion: 8.4.0
ProgramName: mri_fuse_segmentations  ProgramArguments: mri_fuse_segmentations -all-info  ProgramVersion: 7.3.2  TimeStamp: 2026/03/12-11:44:15-GMT  BuildTime: Aug  4 2022 06:17:15  BuildStamp: freesurfer-linux-ubuntu22_x86_64-7.3.2-20220804-6354275  User: oesteban  Machine: dna017  Platform: Linux  PlatformVersion: 5.14.0-427.37.1.el9_4.x86_64  CompilerName: GCC  CompilerVersion: 8.4.0
ProgramName: mri_fwhm  ProgramArguments: mri_fwhm -all-info  ProgramVersion: 7.3.2  TimeStamp: 2026/03/12-11:44:15-GMT  BuildTime: Aug  4 2022 06:17:15  BuildStamp: freesurfer-linux-ubuntu22_x86_64-7.3.2-20220804-6354275  User: oesteban  Machine: dna017  Platform: Linux  PlatformVersion: 5.14.0-427.37.1.el9_4.x86_64  CompilerName: GCC  CompilerVersion: 8.4.0
ProgramName: mri_gcut  ProgramArguments: mri_gcut -all-info  ProgramVersion: 7.3.2  TimeStamp: 2026/03/12-11:44:15-GMT  BuildTime: Aug  4 2022 06:17:15  BuildStamp: freesurfer-linux-ubuntu22_x86_64-7.3.2-20220804-6354275  User: oesteban  Machine: dna017  Platform: Linux  PlatformVersion: 5.14.0-427.37.1.el9_4.x86_64  CompilerName: GCC  CompilerVersion: 8.4.0
ProgramName: mri_info  ProgramArguments: mri_info -all-info  ProgramVersion: 7.3.2  TimeStamp: 2026/03/12-11:44:15-GMT  BuildTime: Aug  4 2022 06:17:15  BuildStamp: freesurfer-linux-ubuntu22_x86_64-7.3.2-20220804-6354275  User: oesteban  Machine: dna017  Platform: Linux  PlatformVersion: 5.14.0-427.37.1.el9_4.x86_64  CompilerName: GCC  CompilerVersion: 8.4.0
ProgramName: mri_label2label  ProgramArguments: mri_label2label -all-info  ProgramVersion: 7.3.2  TimeStamp: 2026/03/12-11:44:15-GMT  BuildTime: Aug  4 2022 06:17:15  BuildStamp: freesurfer-linux-ubuntu22_x86_64-7.3.2-20220804-6354275  User: oesteban  Machine: dna017  Platform: Linux  PlatformVersion: 5.14.0-427.37.1.el9_4.x86_64  CompilerName: GCC  CompilerVersion: 8.4.0
ProgramName: mri_label2vol  ProgramArguments: mri_label2vol -all-info  ProgramVersion: 7.3.2  TimeStamp: 2026/03/12-11:44:15-GMT  BuildTime: Aug  4 2022 06:17:15  BuildStamp: freesurfer-linux-ubuntu22_x86_64-7.3.2-20220804-6354275  User: oesteban  Machine: dna017  Platform: Linux  PlatformVersion: 5.14.0-427.37.1.el9_4.x86_64  CompilerName: GCC  CompilerVersion: 8.4.0
ProgramName: mri_log_likelihood  ProgramArguments: mri_log_likelihood -all-info  ProgramVersion: 7.3.2  TimeStamp: 2026/03/12-11:44:15-GMT  BuildTime: Aug  4 2022 06:17:15  BuildStamp: freesurfer-linux-ubuntu22_x86_64-7.3.2-20220804-6354275  User: oesteban  Machine: dna017  Platform: Linux  PlatformVersion: 5.14.0-427.37.1.el9_4.x86_64  CompilerName: GCC  CompilerVersion: 8.4.0
ProgramName: mri_mask  ProgramArguments: mri_mask -all-info  ProgramVersion: 7.3.2  TimeStamp: 2026/03/12-11:44:15-GMT  BuildTime: Aug  4 2022 06:17:15  BuildStamp: freesurfer-linux-ubuntu22_x86_64-7.3.2-20220804-6354275  User: oesteban  Machine: dna017  Platform: Linux  PlatformVersion: 5.14.0-427.37.1.el9_4.x86_64  CompilerName: GCC  CompilerVersion: 8.4.0
ProgramName: mri_matrix_multiply  ProgramArguments: mri_matrix_multiply -all-info  ProgramVersion: 7.3.2  TimeStamp: 2026/03/12-11:44:15-GMT  BuildTime: Aug  4 2022 06:17:15  BuildStamp: freesurfer-linux-ubuntu22_x86_64-7.3.2-20220804-6354275  User: oesteban  Machine: dna017  Platform: Linux  PlatformVersion: 5.14.0-427.37.1.el9_4.x86_64  CompilerName: GCC  CompilerVersion: 8.4.0
ProgramName: mri_normalize  ProgramArguments: mri_normalize -all-info  ProgramVersion: 7.3.2  TimeStamp: 2026/03/12-11:44:15-GMT  BuildTime: Aug  4 2022 06:17:15  BuildStamp: freesurfer-linux-ubuntu22_x86_64-7.3.2-20220804-6354275  User: oesteban  Machine: dna017  Platform: Linux  PlatformVersion: 5.14.0-427.37.1.el9_4.x86_64  CompilerName: GCC  CompilerVersion: 8.4.0
ProgramName: mri_normalize_tp2  ProgramArguments: mri_normalize_tp2 -all-info  ProgramVersion: 7.3.2  TimeStamp: 2026/03/12-11:44:15-GMT  BuildTime: Aug  4 2022 06:17:15  BuildStamp: freesurfer-linux-ubuntu22_x86_64-7.3.2-20220804-6354275  User: oesteban  Machine: dna017  Platform: Linux  PlatformVersion: 5.14.0-427.37.1.el9_4.x86_64  CompilerName: GCC  CompilerVersion: 8.4.0
ProgramName: mri_or  ProgramArguments: mri_or -all-info  ProgramVersion: 7.3.2  TimeStamp: 2026/03/12-11:44:15-GMT  BuildTime: Aug  4 2022 06:17:15  BuildStamp: freesurfer-linux-ubuntu22_x86_64-7.3.2-20220804-6354275  User: oesteban  Machine: dna017  Platform: Linux  PlatformVersion: 5.14.0-427.37.1.el9_4.x86_64  CompilerName: GCC  CompilerVersion: 8.4.0
ProgramName: mri_relabel_hypointensities  ProgramArguments: mri_relabel_hypointensities -all-info  ProgramVersion: 7.3.2  TimeStamp: 2026/03/12-11:44:15-GMT  BuildTime: Aug  4 2022 06:17:15  BuildStamp: freesurfer-linux-ubuntu22_x86_64-7.3.2-20220804-6354275  User: oesteban  Machine: dna017  Platform: Linux  PlatformVersion: 5.14.0-427.37.1.el9_4.x86_64  CompilerName: GCC  CompilerVersion: 8.4.0
ProgramName: mri_relabel_nonwm_hypos  ProgramArguments: mri_relabel_nonwm_hypos -all-info  ProgramVersion: 7.3.2  TimeStamp: 2026/03/12-11:44:15-GMT  BuildTime: Aug  4 2022 06:17:15  BuildStamp: freesurfer-linux-ubuntu22_x86_64-7.3.2-20220804-6354275  User: oesteban  Machine: dna017  Platform: Linux  PlatformVersion: 5.14.0-427.37.1.el9_4.x86_64  CompilerName: GCC  CompilerVersion: 8.4.0
ProgramName: mri_remove_neck  ProgramArguments: mri_remove_neck -all-info  ProgramVersion: 7.3.2  TimeStamp: 2026/03/12-11:44:15-GMT  BuildTime: Aug  4 2022 06:17:15  BuildStamp: freesurfer-linux-ubuntu22_x86_64-7.3.2-20220804-6354275  User: oesteban  Machine: dna017  Platform: Linux  PlatformVersion: 5.14.0-427.37.1.el9_4.x86_64  CompilerName: GCC  CompilerVersion: 8.4.0
7.3.2

ProgramName: mri_robust_register  ProgramArguments: mri_robust_register -all-info  ProgramVersion: 7.3.2  TimeStamp: 2026/03/12-11:44:15-GMT  BuildTime: Aug  4 2022 06:17:15  BuildStamp: freesurfer-linux-ubuntu22_x86_64-7.3.2-20220804-6354275  User: oesteban  Machine: dna017  Platform: Linux  PlatformVersion: 5.14.0-427.37.1.el9_4.x86_64  CompilerName: GCC  CompilerVersion: 8.4.0
7.3.2

ProgramName: mri_robust_template  ProgramArguments: mri_robust_template -all-info  ProgramVersion: 7.3.2  TimeStamp: 2026/03/12-11:44:15-GMT  BuildTime: Aug  4 2022 06:17:15  BuildStamp: freesurfer-linux-ubuntu22_x86_64-7.3.2-20220804-6354275  User: oesteban  Machine: dna017  Platform: Linux  PlatformVersion: 5.14.0-427.37.1.el9_4.x86_64  CompilerName: GCC  CompilerVersion: 8.4.0
ProgramName: mris_anatomical_stats  ProgramArguments: mris_anatomical_stats -all-info  ProgramVersion: 7.3.2  TimeStamp: 2026/03/12-11:44:15-GMT  BuildTime: Aug  4 2022 06:17:15  BuildStamp: freesurfer-linux-ubuntu22_x86_64-7.3.2-20220804-6354275  User: oesteban  Machine: dna017  Platform: Linux  PlatformVersion: 5.14.0-427.37.1.el9_4.x86_64  CompilerName: GCC  CompilerVersion: 8.4.0
ProgramName: mris_ca_label  ProgramArguments: mris_ca_label -all-info  ProgramVersion: 7.3.2  TimeStamp: 2026/03/12-11:44:15-GMT  BuildTime: Aug  4 2022 06:17:15  BuildStamp: freesurfer-linux-ubuntu22_x86_64-7.3.2-20220804-6354275  User: oesteban  Machine: dna017  Platform: Linux  PlatformVersion: 5.14.0-427.37.1.el9_4.x86_64  CompilerName: GCC  CompilerVersion: 8.4.0
ProgramName: mris_calc  ProgramArguments: mris_calc -all-info  ProgramVersion: 7.3.2  TimeStamp: 2026/03/12-11:44:15-GMT  BuildTime: Aug  4 2022 06:17:15  BuildStamp: freesurfer-linux-ubuntu22_x86_64-7.3.2-20220804-6354275  User: oesteban  Machine: dna017  Platform: Linux  PlatformVersion: 5.14.0-427.37.1.el9_4.x86_64  CompilerName: GCC  CompilerVersion: 8.4.0
ProgramName: mris_convert  ProgramArguments: mris_convert -all-info  ProgramVersion: 7.3.2  TimeStamp: 2026/03/12-11:44:15-GMT  BuildTime: Aug  4 2022 06:17:15  BuildStamp: freesurfer-linux-ubuntu22_x86_64-7.3.2-20220804-6354275  User: oesteban  Machine: dna017  Platform: Linux  PlatformVersion: 5.14.0-427.37.1.el9_4.x86_64  CompilerName: GCC  CompilerVersion: 8.4.0
ProgramName: mris_curvature  ProgramArguments: mris_curvature -all-info  ProgramVersion: 7.3.2  TimeStamp: 2026/03/12-11:44:15-GMT  BuildTime: Aug  4 2022 06:17:15  BuildStamp: freesurfer-linux-ubuntu22_x86_64-7.3.2-20220804-6354275  User: oesteban  Machine: dna017  Platform: Linux  PlatformVersion: 5.14.0-427.37.1.el9_4.x86_64  CompilerName: GCC  CompilerVersion: 8.4.0
ProgramName: mris_curvature_stats  ProgramArguments: mris_curvature_stats -all-info  ProgramVersion: 7.3.2  TimeStamp: 2026/03/12-11:44:15-GMT  BuildTime: Aug  4 2022 06:17:15  BuildStamp: freesurfer-linux-ubuntu22_x86_64-7.3.2-20220804-6354275  User: oesteban  Machine: dna017  Platform: Linux  PlatformVersion: 5.14.0-427.37.1.el9_4.x86_64  CompilerName: GCC  CompilerVersion: 8.4.0
ProgramName: mris_diff  ProgramArguments: mris_diff -all-info  ProgramVersion: 7.3.2  TimeStamp: 2026/03/12-11:44:15-GMT  BuildTime: Aug  4 2022 06:17:15  BuildStamp: freesurfer-linux-ubuntu22_x86_64-7.3.2-20220804-6354275  User: oesteban  Machine: dna017  Platform: Linux  PlatformVersion: 5.14.0-427.37.1.el9_4.x86_64  CompilerName: GCC  CompilerVersion: 8.4.0
ProgramName: mris_divide_parcellation  ProgramArguments: mris_divide_parcellation -all-info  ProgramVersion: 7.3.2  TimeStamp: 2026/03/12-11:44:15-GMT  BuildTime: Aug  4 2022 06:17:15  BuildStamp: freesurfer-linux-ubuntu22_x86_64-7.3.2-20220804-6354275  User: oesteban  Machine: dna017  Platform: Linux  PlatformVersion: 5.14.0-427.37.1.el9_4.x86_64  CompilerName: GCC  CompilerVersion: 8.4.0
ProgramName: mri_segment  ProgramArguments: mri_segment -all-info  ProgramVersion: 7.3.2  TimeStamp: 2026/03/12-11:44:15-GMT  BuildTime: Aug  4 2022 06:17:15  BuildStamp: freesurfer-linux-ubuntu22_x86_64-7.3.2-20220804-6354275  User: oesteban  Machine: dna017  Platform: Linux  PlatformVersion: 5.14.0-427.37.1.el9_4.x86_64  CompilerName: GCC  CompilerVersion: 8.4.0
ProgramName: mri_segstats  ProgramArguments: mri_segstats -all-info  ProgramVersion: 7.3.2  TimeStamp: 2026/03/12-11:44:15-GMT  BuildTime: Aug  4 2022 06:17:15  BuildStamp: freesurfer-linux-ubuntu22_x86_64-7.3.2-20220804-6354275  User: oesteban  Machine: dna017  Platform: Linux  PlatformVersion: 5.14.0-427.37.1.el9_4.x86_64  CompilerName: GCC  CompilerVersion: 8.4.0
ProgramName: mris_euler_number  ProgramArguments: mris_euler_number -all-info  ProgramVersion: 7.3.2  TimeStamp: 2026/03/12-11:44:15-GMT  BuildTime: Aug  4 2022 06:17:15  BuildStamp: freesurfer-linux-ubuntu22_x86_64-7.3.2-20220804-6354275  User: oesteban  Machine: dna017  Platform: Linux  PlatformVersion: 5.14.0-427.37.1.el9_4.x86_64  CompilerName: GCC  CompilerVersion: 8.4.0
ProgramName: mris_fix_topology  ProgramArguments: mris_fix_topology -all-info  ProgramVersion: 7.3.2  TimeStamp: 2026/03/12-11:44:15-GMT  BuildTime: Aug  4 2022 06:17:15  BuildStamp: freesurfer-linux-ubuntu22_x86_64-7.3.2-20220804-6354275  User: oesteban  Machine: dna017  Platform: Linux  PlatformVersion: 5.14.0-427.37.1.el9_4.x86_64  CompilerName: GCC  CompilerVersion: 8.4.0
ProgramName: mris_topo_fixer  ProgramArguments: mris_topo_fixer -all-info  ProgramVersion: 7.3.2  TimeStamp: 2026/03/12-11:44:15-GMT  BuildTime: Aug  4 2022 06:17:15  BuildStamp: freesurfer-linux-ubuntu22_x86_64-7.3.2-20220804-6354275  User: oesteban  Machine: dna017  Platform: Linux  PlatformVersion: 5.14.0-427.37.1.el9_4.x86_64  CompilerName: GCC  CompilerVersion: 8.4.0
ProgramName: mris_jacobian  ProgramArguments: mris_jacobian -all-info  ProgramVersion: 7.3.2  TimeStamp: 2026/03/12-11:44:15-GMT  BuildTime: Aug  4 2022 06:17:15  BuildStamp: freesurfer-linux-ubuntu22_x86_64-7.3.2-20220804-6354275  User: oesteban  Machine: dna017  Platform: Linux  PlatformVersion: 5.14.0-427.37.1.el9_4.x86_64  CompilerName: GCC  CompilerVersion: 8.4.0
ProgramName: mris_label2annot  ProgramArguments: mris_label2annot -all-info  ProgramVersion: 7.3.2  TimeStamp: 2026/03/12-11:44:15-GMT  BuildTime: Aug  4 2022 06:17:15  BuildStamp: freesurfer-linux-ubuntu22_x86_64-7.3.2-20220804-6354275  User: oesteban  Machine: dna017  Platform: Linux  PlatformVersion: 5.14.0-427.37.1.el9_4.x86_64  CompilerName: GCC  CompilerVersion: 8.4.0
ProgramName: mris_left_right_register  ProgramArguments: mris_left_right_register -all-info  ProgramVersion: 7.3.2  TimeStamp: 2026/03/12-11:44:15-GMT  BuildTime: Aug  4 2022 06:17:15  BuildStamp: freesurfer-linux-ubuntu22_x86_64-7.3.2-20220804-6354275  User: oesteban  Machine: dna017  Platform: Linux  PlatformVersion: 5.14.0-427.37.1.el9_4.x86_64  CompilerName: GCC  CompilerVersion: 8.4.0
ProgramName: mris_place_surface  ProgramArguments: mris_place_surface -all-info  ProgramVersion: 7.3.2  TimeStamp: 2026/03/12-11:44:15-GMT  BuildTime: Aug  4 2022 06:17:15  BuildStamp: freesurfer-linux-ubuntu22_x86_64-7.3.2-20220804-6354275  User: oesteban  Machine: dna017  Platform: Linux  PlatformVersion: 5.14.0-427.37.1.el9_4.x86_64  CompilerName: GCC  CompilerVersion: 8.4.0
ProgramName: mrisp_paint  ProgramArguments: mrisp_paint -all-info  ProgramVersion: 7.3.2  TimeStamp: 2026/03/12-11:44:15-GMT  BuildTime: Aug  4 2022 06:17:15  BuildStamp: freesurfer-linux-ubuntu22_x86_64-7.3.2-20220804-6354275  User: oesteban  Machine: dna017  Platform: Linux  PlatformVersion: 5.14.0-427.37.1.el9_4.x86_64  CompilerName: GCC  CompilerVersion: 8.4.0
ProgramName: mris_register  ProgramArguments: mris_register -all-info  ProgramVersion: 7.3.2  TimeStamp: 2026/03/12-11:44:15-GMT  BuildTime: Aug  4 2022 06:17:15  BuildStamp: freesurfer-linux-ubuntu22_x86_64-7.3.2-20220804-6354275  User: oesteban  Machine: dna017  Platform: Linux  PlatformVersion: 5.14.0-427.37.1.el9_4.x86_64  CompilerName: GCC  CompilerVersion: 8.4.0
ProgramName: mris_smooth  ProgramArguments: mris_smooth -all-info  ProgramVersion: 7.3.2  TimeStamp: 2026/03/12-11:44:15-GMT  BuildTime: Aug  4 2022 06:17:15  BuildStamp: freesurfer-linux-ubuntu22_x86_64-7.3.2-20220804-6354275  User: oesteban  Machine: dna017  Platform: Linux  PlatformVersion: 5.14.0-427.37.1.el9_4.x86_64  CompilerName: GCC  CompilerVersion: 8.4.0
ProgramName: mris_sphere  ProgramArguments: mris_sphere -all-info  ProgramVersion: 7.3.2  TimeStamp: 2026/03/12-11:44:15-GMT  BuildTime: Aug  4 2022 06:17:15  BuildStamp: freesurfer-linux-ubuntu22_x86_64-7.3.2-20220804-6354275  User: oesteban  Machine: dna017  Platform: Linux  PlatformVersion: 5.14.0-427.37.1.el9_4.x86_64  CompilerName: GCC  CompilerVersion: 8.4.0
ProgramName: mris_surface_stats  ProgramArguments: mris_surface_stats -all-info  ProgramVersion: 7.3.2  TimeStamp: 2026/03/12-11:44:15-GMT  BuildTime: Aug  4 2022 06:17:15  BuildStamp: freesurfer-linux-ubuntu22_x86_64-7.3.2-20220804-6354275  User: oesteban  Machine: dna017  Platform: Linux  PlatformVersion: 5.14.0-427.37.1.el9_4.x86_64  CompilerName: GCC  CompilerVersion: 8.4.0
ProgramName: mri_stats2seg  ProgramArguments: mri_stats2seg -all-info  ProgramVersion: 7.3.2  TimeStamp: 2026/03/12-11:44:15-GMT  BuildTime: Aug  4 2022 06:17:15  BuildStamp: freesurfer-linux-ubuntu22_x86_64-7.3.2-20220804-6354275  User: oesteban  Machine: dna017  Platform: Linux  PlatformVersion: 5.14.0-427.37.1.el9_4.x86_64  CompilerName: GCC  CompilerVersion: 8.4.0
ProgramName: mris_thickness  ProgramArguments: mris_thickness -all-info  ProgramVersion: 7.3.2  TimeStamp: 2026/03/12-11:44:15-GMT  BuildTime: Aug  4 2022 06:17:15  BuildStamp: freesurfer-linux-ubuntu22_x86_64-7.3.2-20220804-6354275  User: oesteban  Machine: dna017  Platform: Linux  PlatformVersion: 5.14.0-427.37.1.el9_4.x86_64  CompilerName: GCC  CompilerVersion: 8.4.0
ProgramName: mris_thickness_diff  ProgramArguments: mris_thickness_diff -all-info  ProgramVersion: 7.3.2  TimeStamp: 2026/03/12-11:44:15-GMT  BuildTime: Aug  4 2022 06:17:15  BuildStamp: freesurfer-linux-ubuntu22_x86_64-7.3.2-20220804-6354275  User: oesteban  Machine: dna017  Platform: Linux  PlatformVersion: 5.14.0-427.37.1.el9_4.x86_64  CompilerName: GCC  CompilerVersion: 8.4.0
ProgramName: mris_topo_fixer  ProgramArguments: mris_topo_fixer -all-info  ProgramVersion: 7.3.2  TimeStamp: 2026/03/12-11:44:15-GMT  BuildTime: Aug  4 2022 06:17:15  BuildStamp: freesurfer-linux-ubuntu22_x86_64-7.3.2-20220804-6354275  User: oesteban  Machine: dna017  Platform: Linux  PlatformVersion: 5.14.0-427.37.1.el9_4.x86_64  CompilerName: GCC  CompilerVersion: 8.4.0
ProgramName: mri_surf2surf  ProgramArguments: mri_surf2surf -all-info  ProgramVersion: 7.3.2  TimeStamp: 2026/03/12-11:44:15-GMT  BuildTime: Aug  4 2022 06:17:15  BuildStamp: freesurfer-linux-ubuntu22_x86_64-7.3.2-20220804-6354275  User: oesteban  Machine: dna017  Platform: Linux  PlatformVersion: 5.14.0-427.37.1.el9_4.x86_64  CompilerName: GCC  CompilerVersion: 8.4.0
ProgramName: mri_surf2vol  ProgramArguments: mri_surf2vol -all-info  ProgramVersion: 7.3.2  TimeStamp: 2026/03/12-11:44:15-GMT  BuildTime: Aug  4 2022 06:17:15  BuildStamp: freesurfer-linux-ubuntu22_x86_64-7.3.2-20220804-6354275  User: oesteban  Machine: dna017  Platform: Linux  PlatformVersion: 5.14.0-427.37.1.el9_4.x86_64  CompilerName: GCC  CompilerVersion: 8.4.0
ProgramName: mri_surfcluster  ProgramArguments: mri_surfcluster -all-info  ProgramVersion: 7.3.2  TimeStamp: 2026/03/12-11:44:15-GMT  BuildTime: Aug  4 2022 06:17:15  BuildStamp: freesurfer-linux-ubuntu22_x86_64-7.3.2-20220804-6354275  User: oesteban  Machine: dna017  Platform: Linux  PlatformVersion: 5.14.0-427.37.1.el9_4.x86_64  CompilerName: GCC  CompilerVersion: 8.4.0
ProgramName: mris_volmask  ProgramArguments: mris_volmask -all-info  ProgramVersion: 7.3.2  TimeStamp: 2026/03/12-11:44:15-GMT  BuildTime: Aug  4 2022 06:17:15  BuildStamp: freesurfer-linux-ubuntu22_x86_64-7.3.2-20220804-6354275  User: oesteban  Machine: dna017  Platform: Linux  PlatformVersion: 5.14.0-427.37.1.el9_4.x86_64  CompilerName: GCC  CompilerVersion: 8.4.0
ProgramName: mri_tessellate  ProgramArguments: mri_tessellate -all-info  ProgramVersion: 7.3.2  TimeStamp: 2026/03/12-11:44:15-GMT  BuildTime: Aug  4 2022 06:17:15  BuildStamp: freesurfer-linux-ubuntu22_x86_64-7.3.2-20220804-6354275  User: oesteban  Machine: dna017  Platform: Linux  PlatformVersion: 5.14.0-427.37.1.el9_4.x86_64  CompilerName: GCC  CompilerVersion: 8.4.0
ProgramName: mri_vol2surf  ProgramArguments: mri_vol2surf -all-info  ProgramVersion: 7.3.2  TimeStamp: 2026/03/12-11:44:15-GMT  BuildTime: Aug  4 2022 06:17:15  BuildStamp: freesurfer-linux-ubuntu22_x86_64-7.3.2-20220804-6354275  User: oesteban  Machine: dna017  Platform: Linux  PlatformVersion: 5.14.0-427.37.1.el9_4.x86_64  CompilerName: GCC  CompilerVersion: 8.4.0
ProgramName: mri_vol2vol  ProgramArguments: mri_vol2vol -all-info  ProgramVersion: 7.3.2  TimeStamp: 2026/03/12-11:44:15-GMT  BuildTime: Aug  4 2022 06:17:15  BuildStamp: freesurfer-linux-ubuntu22_x86_64-7.3.2-20220804-6354275  User: oesteban  Machine: dna017  Platform: Linux  PlatformVersion: 5.14.0-427.37.1.el9_4.x86_64  CompilerName: GCC  CompilerVersion: 8.4.0
ProgramName: mri_voldiff  ProgramArguments: mri_voldiff -all-info  ProgramVersion: 7.3.2  TimeStamp: 2026/03/12-11:44:15-GMT  BuildTime: Aug  4 2022 06:17:15  BuildStamp: freesurfer-linux-ubuntu22_x86_64-7.3.2-20220804-6354275  User: oesteban  Machine: dna017  Platform: Linux  PlatformVersion: 5.14.0-427.37.1.el9_4.x86_64  CompilerName: GCC  CompilerVersion: 8.4.0
ProgramName: mri_watershed  ProgramArguments: mri_watershed -all-info  ProgramVersion: 7.3.2  TimeStamp: 2026/03/12-11:44:15-GMT  BuildTime: Aug  4 2022 06:17:15  BuildStamp: freesurfer-linux-ubuntu22_x86_64-7.3.2-20220804-6354275  User: oesteban  Machine: dna017  Platform: Linux  PlatformVersion: 5.14.0-427.37.1.el9_4.x86_64  CompilerName: GCC  CompilerVersion: 8.4.0
ProgramName: tkregister2  ProgramArguments: tkregister2_cmdl -all-info  ProgramVersion: 7.3.2  TimeStamp: 2026/03/12-11:44:15-GMT  BuildTime: Aug  4 2022 06:17:15  BuildStamp: freesurfer-linux-ubuntu22_x86_64-7.3.2-20220804-6354275  User: oesteban  Machine: dna017  Platform: Linux  PlatformVersion: 5.14.0-427.37.1.el9_4.x86_64  CompilerName: GCC  CompilerVersion: 8.4.0
mri_motion_correct.fsl 7.3.2
mri_convert -all-info 
ProgramName: mri_convert  ProgramArguments: mri_convert -all-info  ProgramVersion: 7.3.2  TimeStamp: 2026/03/12-11:44:15-GMT  BuildTime: Aug  4 2022 06:17:15  BuildStamp: freesurfer-linux-ubuntu22_x86_64-7.3.2-20220804-6354275  User: oesteban  Machine: dna017  Platform: Linux  PlatformVersion: 5.14.0-427.37.1.el9_4.x86_64  CompilerName: GCC  CompilerVersion: 8.4.0
Program nu_correct, built from:
Package MNI N3, version 1.12.0, compiled by nicks@terrier (x86_64-unknown-linux-gnu) on 2015-06-19 at 01:25:34
#######################################
GCADIR /opt/freesurfer/average
GCA RB_all_2020-01-02.gca
GCASkull RB_all_withskull_2020_01_02.gca
AvgCurvTif folding.atlas.acfb40.noaparc.i12.2016-08-02.tif
GCSDIR /opt/freesurfer/average
GCS DKaparc.atlas.acfb40.noaparc.i12.2016-08-02.gcs
#######################################
#--------------------------------------------
#@# Tessellate lh Thu Mar 12 12:44:15 CET 2026
/out/sourcedata/freesurfer/sub-v1s11x0050160_ses-1/scripts

 mri_pretess ../mri/filled.mgz 255 ../mri/norm.mgz ../mri/filled-pretess255.mgz 


Iteration Number : 1
pass   1 (xy+):   2 found -   2 modified     |    TOTAL:   2
pass   2 (xy+):   0 found -   2 modified     |    TOTAL:   2
pass   1 (xy-):   1 found -   1 modified     |    TOTAL:   3
pass   2 (xy-):   0 found -   1 modified     |    TOTAL:   3
pass   1 (yz+):  14 found -  14 modified     |    TOTAL:  17
pass   2 (yz+):   0 found -  14 modified     |    TOTAL:  17
pass   1 (yz-):   5 found -   5 modified     |    TOTAL:  22
pass   2 (yz-):   0 found -   5 modified     |    TOTAL:  22
pass   1 (xz+):   0 found -   0 modified     |    TOTAL:  22
pass   1 (xz-):   2 found -   2 modified     |    TOTAL:  24
pass   2 (xz-):   0 found -   2 modified     |    TOTAL:  24
Iteration Number : 1
pass   1 (+++):   0 found -   0 modified     |    TOTAL:   0
pass   1 (+++):   0 found -   0 modified     |    TOTAL:   0
pass   1 (+++):   0 found -   0 modified     |    TOTAL:   0
pass   1 (+++):   0 found -   0 modified     |    TOTAL:   0
Iteration Number : 1
pass   1 (++):   0 found -   0 modified     |    TOTAL:   0
pass   1 (+-):   0 found -   0 modified     |    TOTAL:   0
pass   1 (--):   0 found -   0 modified     |    TOTAL:   0
pass   1 (-+):   0 found -   0 modified     |    TOTAL:   0
Iteration Number : 2
pass   1 (xy+):   0 found -   0 modified     |    TOTAL:   0
pass   1 (xy-):   0 found -   0 modified     |    TOTAL:   0
pass   1 (yz+):   0 found -   0 modified     |    TOTAL:   0
pass   1 (yz-):   0 found -   0 modified     |    TOTAL:   0
pass   1 (xz+):   0 found -   0 modified     |    TOTAL:   0
pass   1 (xz-):   0 found -   0 modified     |    TOTAL:   0
Iteration Number : 2
pass   1 (+++):   0 found -   0 modified     |    TOTAL:   0
pass   1 (+++):   0 found -   0 modified     |    TOTAL:   0
pass   1 (+++):   0 found -   0 modified     |    TOTAL:   0
pass   1 (+++):   0 found -   0 modified     |    TOTAL:   0
Iteration Number : 2
pass   1 (++):   0 found -   0 modified     |    TOTAL:   0
pass   1 (+-):   0 found -   0 modified     |    TOTAL:   0
pass   1 (--):   0 found -   0 modified     |    TOTAL:   0
pass   1 (-+):   0 found -   0 modified     |    TOTAL:   0

Total Number of Modified Voxels = 24 (out of 280353: 0.008561)
Ambiguous edge configurations... 

mri_pretess done


 mri_tessellate ../mri/filled-pretess255.mgz 255 ../surf/lh.orig.nofix 

7.3.2
  7.3.2
slice 40: 901 vertices, 980 faces
slice 50: 5392 vertices, 5611 faces
slice 60: 12626 vertices, 12899 faces
slice 70: 22033 vertices, 22375 faces
slice 80: 32676 vertices, 33056 faces
slice 90: 43028 vertices, 43382 faces
slice 100: 53655 vertices, 54056 faces
slice 110: 65175 vertices, 65557 faces
slice 120: 76293 vertices, 76661 faces
slice 130: 86931 vertices, 87294 faces
slice 140: 97005 vertices, 97371 faces
slice 150: 105670 vertices, 105972 faces
slice 160: 113030 vertices, 113283 faces
slice 170: 119539 vertices, 119762 faces
slice 180: 125307 vertices, 125511 faces
slice 190: 130431 vertices, 130625 faces
slice 200: 134065 vertices, 134194 faces
slice 210: 134914 vertices, 134930 faces
slice 220: 134914 vertices, 134930 faces
slice 230: 134914 vertices, 134930 faces
slice 240: 134914 vertices, 134930 faces
slice 250: 134914 vertices, 134930 faces
using the conformed surface RAS to save vertex points...
writing ../surf/lh.orig.nofix
using vox2ras matrix:
-1.00000   0.00000   0.00000   128.00000;
 0.00000   0.00000   1.00000  -128.00000;
 0.00000  -1.00000   0.00000   128.00000;
 0.00000   0.00000   0.00000   1.00000;

 rm -f ../mri/filled-pretess255.mgz 


 mris_extract_main_component ../surf/lh.orig.nofix ../surf/lh.orig.nofix 


counting number of connected components...
   134914 voxel in cpt #1: X=-16 [v=134914,e=404790,f=269860] located at (-29.772730, -14.692115, 20.106543)
For the whole surface: X=-16 [v=134914,e=404790,f=269860]
One single component has been found
nothing to do
done

#--------------------------------------------
#@# Smooth1 lh Thu Mar 12 12:44:19 CET 2026
/out/sourcedata/freesurfer/sub-v1s11x0050160_ses-1/scripts

 mris_smooth -nw -seed 1234 ../surf/lh.orig.nofix ../surf/lh.smoothwm.nofix 

setting seed for random number generator to 1234
smoothing surface tessellation for 10 iterations...
smoothing complete - recomputing first and second fundamental forms...
#--------------------------------------------
#@# Inflation1 lh Thu Mar 12 12:44:22 CET 2026
/out/sourcedata/freesurfer/sub-v1s11x0050160_ses-1/scripts

 mris_inflate -no-save-sulc ../surf/lh.smoothwm.nofix ../surf/lh.inflated.nofix 

Not saving sulc
Reading ../surf/lh.smoothwm.nofix
avg radius = 47.8 mm, total surface area = 73489 mm^2
step 000: RMS=0.144 (target=0.015)   step 005: RMS=0.109 (target=0.015)   step 010: RMS=0.079 (target=0.015)   step 015: RMS=0.064 (target=0.015)   step 020: RMS=0.054 (target=0.015)   step 025: RMS=0.046 (target=0.015)   step 030: RMS=0.040 (target=0.015)   step 035: RMS=0.035 (target=0.015)   step 040: RMS=0.032 (target=0.015)   step 045: RMS=0.030 (target=0.015)   step 050: RMS=0.029 (target=0.015)   step 055: RMS=0.028 (target=0.015)   step 060: RMS=0.028 (target=0.015)   writing inflated surface to ../surf/lh.inflated.nofix
inflation took 0.3 minutes

inflation complete.
Not saving sulc
mris_inflate utimesec    75.193351
mris_inflate stimesec    2.514609
mris_inflate ru_maxrss   215488
mris_inflate ru_ixrss    0
mris_inflate ru_idrss    0
mris_inflate ru_isrss    0
mris_inflate ru_minflt   626556
mris_inflate ru_majflt   45
mris_inflate ru_nswap    0
mris_inflate ru_inblock  1672
mris_inflate ru_oublock  9496
mris_inflate ru_msgsnd   0
mris_inflate ru_msgrcv   0
mris_inflate ru_nsignals 0
mris_inflate ru_nvcsw    17365
mris_inflate ru_nivcsw   356
#--------------------------------------------
#@# QSphere lh Thu Mar 12 12:44:37 CET 2026
/out/sourcedata/freesurfer/sub-v1s11x0050160_ses-1/scripts

 mris_sphere -q -p 6 -a 128 -seed 1234 ../surf/lh.inflated.nofix ../surf/lh.qsphere.nofix 

doing quick spherical unfolding.
limitting unfolding to 6 passes
using n_averages = 128
setting seed for random number genererator to 1234
version: 7.3.2
available threads: 16
scaling brain by 0.300...
inflating...
projecting onto sphere...
surface projected - minimizing metric distortion...
vertex spacing 1.00 +- 0.58 (0.00-->7.10) (max @ vno 50852 --> 50853)
face area 0.02 +- 0.03 (-0.17-->0.63)
Entering MRISinflateToSphere()
inflating to sphere (rms error < 2.00)
000: dt: 0.0000, rms radial error=177.274, avgs=0
005/300: dt: 0.9000, rms radial error=177.017, avgs=0
010/300: dt: 0.9000, rms radial error=176.461, avgs=0
015/300: dt: 0.9000, rms radial error=175.730, avgs=0
020/300: dt: 0.9000, rms radial error=174.897, avgs=0
025/300: dt: 0.9000, rms radial error=174.007, avgs=0
030/300: dt: 0.9000, rms radial error=173.086, avgs=0
035/300: dt: 0.9000, rms radial error=172.148, avgs=0
040/300: dt: 0.9000, rms radial error=171.203, avgs=0
045/300: dt: 0.9000, rms radial error=170.256, avgs=0
050/300: dt: 0.9000, rms radial error=169.310, avgs=0
055/300: dt: 0.9000, rms radial error=168.367, avgs=0
060/300: dt: 0.9000, rms radial error=167.427, avgs=0
065/300: dt: 0.9000, rms radial error=166.491, avgs=0
070/300: dt: 0.9000, rms radial error=165.561, avgs=0
075/300: dt: 0.9000, rms radial error=164.635, avgs=0
080/300: dt: 0.9000, rms radial error=163.714, avgs=0
085/300: dt: 0.9000, rms radial error=162.798, avgs=0
090/300: dt: 0.9000, rms radial error=161.886, avgs=0
095/300: dt: 0.9000, rms radial error=160.980, avgs=0
100/300: dt: 0.9000, rms radial error=160.079, avgs=0
105/300: dt: 0.9000, rms radial error=159.182, avgs=0
110/300: dt: 0.9000, rms radial error=158.291, avgs=0
115/300: dt: 0.9000, rms radial error=157.404, avgs=0
120/300: dt: 0.9000, rms radial error=156.521, avgs=0
125/300: dt: 0.9000, rms radial error=155.644, avgs=0
130/300: dt: 0.9000, rms radial error=154.771, avgs=0
135/300: dt: 0.9000, rms radial error=153.903, avgs=0
140/300: dt: 0.9000, rms radial error=153.040, avgs=0
145/300: dt: 0.9000, rms radial error=152.181, avgs=0
150/300: dt: 0.9000, rms radial error=151.327, avgs=0
155/300: dt: 0.9000, rms radial error=150.478, avgs=0
160/300: dt: 0.9000, rms radial error=149.633, avgs=0
165/300: dt: 0.9000, rms radial error=148.793, avgs=0
170/300: dt: 0.9000, rms radial error=147.958, avgs=0
175/300: dt: 0.9000, rms radial error=147.127, avgs=0
180/300: dt: 0.9000, rms radial error=146.300, avgs=0
185/300: dt: 0.9000, rms radial error=145.478, avgs=0
190/300: dt: 0.9000, rms radial error=144.661, avgs=0
195/300: dt: 0.9000, rms radial error=143.848, avgs=0
200/300: dt: 0.9000, rms radial error=143.039, avgs=0
205/300: dt: 0.9000, rms radial error=142.235, avgs=0
210/300: dt: 0.9000, rms radial error=141.435, avgs=0
215/300: dt: 0.9000, rms radial error=140.640, avgs=0
220/300: dt: 0.9000, rms radial error=139.849, avgs=0
225/300: dt: 0.9000, rms radial error=139.063, avgs=0
230/300: dt: 0.9000, rms radial error=138.280, avgs=0
235/300: dt: 0.9000, rms radial error=137.503, avgs=0
240/300: dt: 0.9000, rms radial error=136.729, avgs=0
245/300: dt: 0.9000, rms radial error=135.959, avgs=0
250/300: dt: 0.9000, rms radial error=135.194, avgs=0
255/300: dt: 0.9000, rms radial error=134.433, avgs=0
260/300: dt: 0.9000, rms radial error=133.676, avgs=0
265/300: dt: 0.9000, rms radial error=132.924, avgs=0
270/300: dt: 0.9000, rms radial error=132.175, avgs=0
275/300: dt: 0.9000, rms radial error=131.431, avgs=0
280/300: dt: 0.9000, rms radial error=130.691, avgs=0
285/300: dt: 0.9000, rms radial error=129.955, avgs=0
290/300: dt: 0.9000, rms radial error=129.223, avgs=0
295/300: dt: 0.9000, rms radial error=128.496, avgs=0
300/300: dt: 0.9000, rms radial error=127.772, avgs=0

spherical inflation complete.
epoch 1 (K=10.0), pass 1, starting sse = 15891.55
taking momentum steps...
taking momentum steps...
taking momentum steps...
taking momentum steps...
pass 1 complete, delta sse/iter = 0.00/13 = 0.00030
epoch 2 (K=40.0), pass 1, starting sse = 2637.51
taking momentum steps...
taking momentum steps...
taking momentum steps...
taking momentum steps...
pass 1 complete, delta sse/iter = 0.00/13 = 0.00010
epoch 3 (K=160.0), pass 1, starting sse = 252.83
taking momentum steps...
taking momentum steps...
taking momentum steps...
taking momentum steps...
pass 1 complete, delta sse/iter = 0.10/15 = 0.00634
epoch 4 (K=640.0), pass 1, starting sse = 12.09
taking momentum steps...
taking momentum steps...
taking momentum steps...
taking momentum steps...
pass 1 complete, delta sse/iter = 0.13/22 = 0.00576
final distance error %100000.00
writing spherical brain to ../surf/lh.qsphere.nofix
spherical transformation took 0.0249 hours
FSRUNTIME@ mris_sphere  0.0249 hours 16 threads
#VMPC# mris_sphere VmPeak  1891252
mris_sphere done
#@# Fix Topology lh Thu Mar 12 12:46:07 CET 2026

 mris_fix_topology -mgz -sphere qsphere.nofix -inflated inflated.nofix -orig orig.nofix -out orig.premesh -ga -seed 1234 sub-v1s11x0050160_ses-1 lh 

reading spherical homeomorphism from 'qsphere.nofix'
reading inflated coordinates from 'inflated.nofix'
reading original coordinates from 'orig.nofix'
using genetic algorithm with optimized parameters
setting seed for random number genererator to 1234

*************************************************************
Topology Correction Parameters
retessellation mode:           genetic search
number of patches/generation : 10
number of generations :        10
surface mri loglikelihood coefficient :         1.0
volume mri loglikelihood coefficient :          10.0
normal dot loglikelihood coefficient :          1.0
quadratic curvature loglikelihood coefficient : 1.0
volume resolution :                             2
eliminate vertices during search :              1
initial patch selection :                       1
select all defect vertices :                    0
ordering dependant retessellation:              0
use precomputed edge table :                    0
smooth retessellated patch :                    2
match retessellated patch :                     1
verbose mode :                                  0

*************************************************************
INFO: assuming .mgz format
writing corrected surface to 'orig.premesh'
7.3.2
  7.3.2
before topology correction, eno=-16 (nv=134914, nf=269860, ne=404790, g=9)
using quasi-homeomorphic spherical map to tessellate cortical surface...

Correction of the Topology
Finding true center and radius of Spherical Surface...done
Surface centered at (0,0,0) with radius 100.0 in 7 iterations
marking ambiguous vertices...
2710 ambiguous faces found in tessellation
segmenting defects...
13 defects found, arbitrating ambiguous regions...
analyzing neighboring defects...
13 defects to be corrected 
0 vertices coincident
reading input surface /out/sourcedata/freesurfer/sub-v1s11x0050160_ses-1/surf/lh.qsphere.nofix...
reading brain volume from brain...
reading wm segmentation from wm...
Reading original properties of orig.nofix
Reading vertex positions of inflated.nofix
Computing Initial Surface Statistics
      -face       loglikelihood: -8.8574  (-4.4287)
      -vertex     loglikelihood: -5.7015  (-2.8508)
      -normal dot loglikelihood: -3.6013  (-3.6013)
      -quad curv  loglikelihood: -6.3237  (-3.1618)
      Total Loglikelihood : -24.4839
CORRECTING DEFECT 0 (vertices=720, convex hull=241, v0=49766)
After retessellation of defect 0 (v0=49766), euler #=-10 (133361,399711,266340) : difference with theory (-10) = 0 
CORRECTING DEFECT 1 (vertices=16, convex hull=23, v0=61414)
After retessellation of defect 1 (v0=61414), euler #=-9 (133362,399722,266351) : difference with theory (-9) = 0 
CORRECTING DEFECT 2 (vertices=8, convex hull=38, v0=63790)
After retessellation of defect 2 (v0=63790), euler #=-8 (133367,399747,266372) : difference with theory (-8) = 0 
CORRECTING DEFECT 3 (vertices=5, convex hull=24, v0=70449)
After retessellation of defect 3 (v0=70449), euler #=-7 (133368,399755,266380) : difference with theory (-7) = 0 
CORRECTING DEFECT 4 (vertices=33, convex hull=63, v0=70744)
After retessellation of defect 4 (v0=70744), euler #=-6 (133379,399815,266430) : difference with theory (-6) = 0 
CORRECTING DEFECT 5 (vertices=24, convex hull=26, v0=84412)
After retessellation of defect 5 (v0=84412), euler #=-5 (133384,399839,266450) : difference with theory (-5) = 0 
CORRECTING DEFECT 6 (vertices=18, convex hull=65, v0=89746)
After retessellation of defect 6 (v0=89746), euler #=-4 (133393,399893,266496) : difference with theory (-4) = 0 
CORRECTING DEFECT 7 (vertices=81, convex hull=101, v0=95651)
After retessellation of defect 7 (v0=95651), euler #=-3 (133403,399969,266563) : difference with theory (-3) = 0 
CORRECTING DEFECT 8 (vertices=247, convex hull=158, v0=97695)
After retessellation of defect 8 (v0=97695), euler #=-2 (133449,400178,266727) : difference with theory (-2) = 0 
CORRECTING DEFECT 9 (vertices=17, convex hull=47, v0=100680)
After retessellation of defect 9 (v0=100680), euler #=-1 (133458,400223,266764) : difference with theory (-1) = 0 
CORRECTING DEFECT 10 (vertices=10, convex hull=16, v0=102050)
After retessellation of defect 10 (v0=102050), euler #=0 (133459,400230,266771) : difference with theory (0) = 0 
CORRECTING DEFECT 11 (vertices=28, convex hull=63, v0=104792)
After retessellation of defect 11 (v0=104792), euler #=1 (133468,400287,266820) : difference with theory (1) = 0 
CORRECTING DEFECT 12 (vertices=361, convex hull=226, v0=108622)
After retessellation of defect 12 (v0=108622), euler #=2 (133543,400623,267082) : difference with theory (2) = 0 
computing original vertex metric properties...
storing new metric properties...
computing tessellation statistics...
vertex spacing 0.89 +- 0.25 (0.07-->21.04) (max @ vno 51916 --> 55463)
face area -nan +- -nan (1000.00-->-1.00)
performing soap bubble on retessellated vertices for 0 iterations...
vertex spacing 0.89 +- 0.25 (0.07-->21.04) (max @ vno 51916 --> 55463)
face area -nan +- -nan (1000.00-->-1.00)
tessellation finished, orienting corrected surface...
71 mutations (33.3%), 142 crossovers (66.7%), 277 vertices were eliminated
building final representation...
1371 vertices and 0 faces have been removed from triangulation
after topology correction, eno=2 (nv=133543, nf=267082, ne=400623, g=0)
writing corrected surface to /out/sourcedata/freesurfer/sub-v1s11x0050160_ses-1/surf/lh.orig.premesh...

0.000 % of the vertices (0 vertices) exhibit an orientation change
removing intersecting faces
000: 194 intersecting
001: 26 intersecting
terminating search with 0 intersecting
topology fixing took 1.6 minutes
FSRUNTIME@ mris_fix_topology lh  0.0265 hours 16 threads
#VMPC# mris_fix_topology VmPeak  1850456

 mris_euler_number ../surf/lh.orig.premesh 

euler # = v-e+f = 2g-2: 133543 - 400623 + 267082 = 2 --> 0 holes
      F =2V-4:          267082 = 267086-4 (0)
      2E=3F:            801246 = 801246 (0)

total defect index = 0
Thu Mar 12 12:47:43 CET 2026

setenv SUBJECTS_DIR /out/sourcedata/freesurfer
cd /out/sourcedata/freesurfer/sub-v1s11x0050160_ses-1/scripts
/opt/freesurfer/bin/defect2seg --s sub-v1s11x0050160_ses-1 --lh-only --cortex

freesurfer-linux-ubuntu22_x86_64-7.3.2-20220804-6354275
defect2seg 7.3.2
Linux dna017 5.14.0-427.37.1.el9_4.x86_64 #1 SMP PREEMPT_DYNAMIC Fri Sep 13 12:41:50 EDT 2024 x86_64 x86_64 x86_64 GNU/Linux
pid 1553623
mri_label2label --label-cortex /out/sourcedata/freesurfer/sub-v1s11x0050160_ses-1/surf/lh.orig.nofix /out/sourcedata/freesurfer/sub-v1s11x0050160_ses-1/mri/aseg.presurf.mgz 0 /out/sourcedata/freesurfer/sub-v1s11x0050160_ses-1/label/lh.nofix.cortex.label

 Generating cortex label... RemoveHipAmgy=0
 NucAccIsMedialWall=0
 mris->useRealRAS=0
12 non-cortical segments detected
only using segment with 7871 vertices
erasing segment 1 (vno[0] = 78885)
erasing segment 2 (vno[0] = 95653)
erasing segment 3 (vno[0] = 96607)
erasing segment 4 (vno[0] = 96701)
erasing segment 5 (vno[0] = 97667)
erasing segment 6 (vno[0] = 97710)
erasing segment 7 (vno[0] = 98738)
erasing segment 8 (vno[0] = 98739)
erasing segment 9 (vno[0] = 101352)
erasing segment 10 (vno[0] = 102050)
erasing segment 11 (vno[0] = 102933)
mri_label2vol --defects /out/sourcedata/freesurfer/sub-v1s11x0050160_ses-1/surf/lh.orig.nofix /out/sourcedata/freesurfer/sub-v1s11x0050160_ses-1/surf/lh.defect_labels /out/sourcedata/freesurfer/sub-v1s11x0050160_ses-1/mri/orig.mgz 1000 0 /out/sourcedata/freesurfer/sub-v1s11x0050160_ses-1/mri/lh.surface.defects.mgz /out/sourcedata/freesurfer/sub-v1s11x0050160_ses-1/label/lh.nofix.cortex.label
mri_label2vol supposed to be reproducible but seed not set
Contraining to label /out/sourcedata/freesurfer/sub-v1s11x0050160_ses-1/label/lh.nofix.cortex.label
Changing input type 0 to MRI_INT
Converting defects to volume: offset=1000, merge=0
Writing to /out/sourcedata/freesurfer/sub-v1s11x0050160_ses-1/mri/lh.surface.defects.mgz
mris_defects_pointset -s /out/sourcedata/freesurfer/sub-v1s11x0050160_ses-1/surf/lh.orig.nofix -d /out/sourcedata/freesurfer/sub-v1s11x0050160_ses-1/surf/lh.defect_labels -o /out/sourcedata/freesurfer/sub-v1s11x0050160_ses-1/surf/lh.defects.pointset --label /out/sourcedata/freesurfer/sub-v1s11x0050160_ses-1/label/lh.nofix.cortex.label
Reading in surface /out/sourcedata/freesurfer/sub-v1s11x0050160_ses-1/surf/lh.orig.nofix
Reading in defect segmentation /out/sourcedata/freesurfer/sub-v1s11x0050160_ses-1/surf/lh.defect_labels
Reading in label /out/sourcedata/freesurfer/sub-v1s11x0050160_ses-1/label/lh.nofix.cortex.label
#VMPC# mris_defects_pointset 1299452
mris_defects_pointset done
 
Started at Thu Mar 12 12:47:43 CET 2026 
Ended   at Thu Mar 12 12:48:00 CET 2026
Defect2seg-Run-Time-Sec 17
Defect2seg-Run-Time-Min 0.34
Defect2seg-Run-Time-Hours 0.00
 
tkmeditfv sub-v1s11x0050160_ses-1 brain.finalsurfs.mgz -defect
defect2seg Done

 mris_remesh --remesh --iters 3 --input /out/sourcedata/freesurfer/sub-v1s11x0050160_ses-1/surf/lh.orig.premesh --output /out/sourcedata/freesurfer/sub-v1s11x0050160_ses-1/surf/lh.orig 

iters = 3
standard remeshing without target
   adjusted l: 0.71272
remeshing to edge length 0.71272 with 3 iterations

avg qual before   : 0.89099  after: 0.971205

Removing intersections
removing intersecting faces
000: 3 intersecting
terminating search with 0 intersecting
Remeshed surface quality stats nv0 = 133543  nv = 139849  1.04722
Area    279694  0.30386  0.03383 0.011262   0.4856
Corner  839082 60.00000  8.80550 8.530935 150.5638
Edge    419541  0.84568  0.08256 0.128712   1.3377
Hinge   419541  9.35282  9.91369 0.000000 140.0356
mris_remesh done
/out/sourcedata/freesurfer/sub-v1s11x0050160_ses-1/scripts

 mris_remove_intersection ../surf/lh.orig ../surf/lh.orig 

intersection removal took 0.00 hours
writing corrected surface to ../surf/lh.orig

 rm -f ../surf/lh.inflated 

#--------------------------------------------
#@# AutoDetGWStats lh Thu Mar 12 12:48:35 CET 2026
cd /out/sourcedata/freesurfer/sub-v1s11x0050160_ses-1/mri
mris_autodet_gwstats --o ../surf/autodet.gw.stats.lh.dat --i brain.finalsurfs.mgz --wm wm.mgz --surf ../surf/lh.orig.premesh
7.3.2

cd /out/sourcedata/freesurfer/sub-v1s11x0050160_ses-1/mri
setenv SUBJECTS_DIR /out/sourcedata/freesurfer
mris_autodet_gwstats --o ../surf/autodet.gw.stats.lh.dat --i brain.finalsurfs.mgz --wm wm.mgz --surf ../surf/lh.orig.premesh 

border white:    250585 voxels (1.49%)
border gray      273530 voxels (1.63%)
Reading in intensity volume brain.finalsurfs.mgz
Reading in wm volume wm.mgz
Reading in surf ../surf/lh.orig.premesh
Auto detecting stats
MRIclipBrightWM(): nthresh=15212, wmmin=5, clip=110 
Binarizing thresholding at 5
computing class statistics... low=30, hi=110.000000
CCS WM (100.0): 99.9 +- 7.0 [70.0 --> 110.0]
CCS GM (79.0) : 78.6 +- 8.1 [30.0 --> 110.0]
white_mean = 99.8548 +/- 7.01866, gray_mean = 78.5774 +/- 8.05163
using class modes intead of means, discounting robust sigmas....
MRIScomputeClassModes(): min=0 max=119 nbins=120
intensity peaks found at WM=103+-4.3,    GM=74+-5.2
white_mode = 103, gray_mode = 74
std_scale = 1
Applying sanity checks, max_scale_down = 0.2
setting MIN_GRAY_AT_WHITE_BORDER to 65.9 (was 70.000000)
setting MAX_BORDER_WHITE to 110.0 (was 105.000000)
setting MIN_BORDER_WHITE to 74.0 (was 85.000000)
setting MAX_CSF to 57.9 (was 40.000000)
setting MAX_GRAY to 96.0 (was 95.000000)
setting MAX_GRAY_AT_CSF_BORDER to 65.9 (was 75.000000)
setting MIN_GRAY_AT_CSF_BORDER to 49.8 (was 40.000000)
When placing the white surface
  white_border_hi   = 110.019;
  white_border_low  = 74;
  white_outside_low = 65.9484;
  white_inside_hi   = 120;
  white_outside_hi  = 110.019;
When placing the pial surface
  pial_border_hi   = 65.9484;
  pial_border_low  = 49.8451;
  pial_outside_low = 10;
  pial_inside_hi   = 95.9813;
  pial_outside_hi  = 61.9226;
#VMPC# mris_autodet_gwstats VmPeak  1335136
mris_autodet_gwstats done
#--------------------------------------------
#@# WhitePreAparc lh Thu Mar 12 12:48:38 CET 2026
cd /out/sourcedata/freesurfer/sub-v1s11x0050160_ses-1/mri
mris_place_surface --adgws-in ../surf/autodet.gw.stats.lh.dat --wm wm.mgz --threads 16 --invol brain.finalsurfs.mgz --lh --i ../surf/lh.orig --o ../surf/lh.white.preaparc --white --seg aseg.presurf.mgz --nsmooth 5
7.3.2
7.3.2

cd /out/sourcedata/freesurfer/sub-v1s11x0050160_ses-1/mri
setenv SUBJECTS_DIR /out/sourcedata/freesurfer
mris_place_surface --adgws-in ../surf/autodet.gw.stats.lh.dat --wm wm.mgz --threads 16 --invol brain.finalsurfs.mgz --lh --i ../surf/lh.orig --o ../surf/lh.white.preaparc --white --seg aseg.presurf.mgz --nsmooth 5 

Reading in input surface ../surf/lh.orig
Smoothing surface before ripping with 5 iterations
Area    279694  0.26954  0.06256 0.006436   0.5575
Corner  839082 60.00000  9.44316 8.482744 147.5699
Edge    419541  0.79289  0.11305 0.094156   1.3560
Hinge   419541  6.28610  6.27968 0.000010 123.8545
Not reading in aparc
Reading in input volume brain.finalsurfs.mgz
Reading in wm volume wm.mgz
MRIclipBrightWM(): nthresh=15212, wmmin=5, clip=110 
MRIfindBrightNonWM(): 0 bright non-wm voxels segmented.
Masking bright non-wm for white surface
MRImask(): AllowDiffGeom = 1
MRImask(): AllowDiffGeom = 1
Reading in seg volume aseg.presurf.mgz
Ripping frozen voxels
INFO: rip surface needed but not specified, so using input surface
Freezing midline and others
Entering: MRISripMidline(): inhibiting deformation at non-cortical midline structures...
  which=1, fix_mtl=0, using annot = 0
#FML0# MRISripMidline(): nripped=0
removing 3 vertices from ripped group in thread:0
removing 4 vertices from ripped group in thread:0
#FML# MRISripMidline(): nmarked=6219, nmarked2=21, nripped=6219
Ripping segs (eg, WMSA, BG, frozen)
Starting MRISripSegs() d = (-2 2 0.5) segnos: 247 
MRISripSegs(): -2 2 0.5 ripped 0
vertex 69925: xyz = (-48.9887,-3.50977,22.2592) oxyz = (-48.9887,-3.50977,22.2592) wxzy = (-48.9887,-3.50977,22.2592) pxyz = (0,0,0) 
CBVO Creating mask 139849
n_averages 4
Iteration 0 =========================================
n_averages=4, current_sigma=2
Freezing midline and others
Ripping frozen voxels
INFO: rip surface needed but not specified, so using input surface
Freezing midline and others
Entering: MRISripMidline(): inhibiting deformation at non-cortical midline structures...
  which=1, fix_mtl=0, using annot = 0
#FML0# MRISripMidline(): nripped=6219
removing 3 vertices from ripped group in thread:0
removing 4 vertices from ripped group in thread:0
#FML# MRISripMidline(): nmarked=6219, nmarked2=21, nripped=6219
Ripping segs (eg, WMSA, BG, frozen)
Starting MRISripSegs() d = (-2 2 0.5) segnos: 247 247 
MRISripSegs(): -2 2 0.5 ripped 0
Computing target border values 
Entering MRIScomputeBorderValues_new(): 
  inside_hi   = 120.0000000;
  border_hi   = 110.0186610;
  border_low  =  74.0000000;
  outside_low =  65.9483720;
  outside_hi  = 110.0186610;
  sigma = 2;
  max_thickness = 10;
  step_size=0.5;
  STEP_SIZE=0.1;
  which = 1
  thresh = 0
  flags = 0
  CBVfindFirstPeakD1=0
  CBVfindFirstPeakD2=0
  nvertices=139849
  Gdiag_no=-1
  vno start=0, stop=139849
Replacing 255s with 0s
#SI# sigma=2 had to be increased for 67 vertices, nripped=6219
mean border=85.6, 36 (36) missing vertices, mean dist 0.2 [0.6 (%43.1)->0.8 (%56.9))]
%81 local maxima, %15 large gradients and % 0 min vals, 0 gradients ignored
nFirstPeakD1 0
MRIScomputeBorderValues_new() finished in 0.0168 min


Finding expansion regions
mean absolute distance = 0.69 +- 0.90
4832 vertices more than 2 sigmas from mean.
Averaging target values for 5 iterations...
Positioning Surface: tspring = 0.3, nspring = 0.3, spring = 0, niters = 100 l_repulse = 5, l_surf_repulse = 0, checktol = 0
Positioning pial surface
Entering MRISpositionSurface()
  max_mm = 0.3
  MAX_REDUCTIONS = 2, REDUCTION_PCT = 0.5
  parms->check_tol = 0, niterations = 100
tol=1.0e-04, sigma=2.0, host=dna01, nav=4, nbrs=2, l_repulse=5.000, l_tspring=0.300, l_nspring=0.300, l_intensity=0.200, l_curv=1.000
mom=0.00, dt=0.50
complete_dist_mat 0
rms 0
smooth_averages 0
remove_neg 0
ico_order 0
which_surface 0
target_radius 0.000000
nfields 0
scale 0.000000
desired_rms_height 0.000000
momentum 0.000000
nbhd_size 0
max_nbrs 0
niterations 100
nsurfaces 0
SURFACES 3
flags 0 (0)
use curv 0
no sulc 0
no rigid align 0
mris->nsize 2
mris->hemisphere 0
randomSeed 0

000: dt: 0.0000, sse=1992617.2, rms=8.295
001: dt: 0.5000, sse=1084533.4, rms=5.911 (28.741%)
002: dt: 0.5000, sse=682960.8, rms=4.465 (24.463%)
003: dt: 0.5000, sse=494464.6, rms=3.586 (19.689%)
004: dt: 0.5000, sse=393703.9, rms=3.010 (16.047%)
005: dt: 0.5000, sse=342508.9, rms=2.665 (11.483%)
006: dt: 0.5000, sse=313794.1, rms=2.448 (8.121%)
007: dt: 0.5000, sse=302514.8, rms=2.351 (3.966%)
008: dt: 0.5000, sse=294468.3, rms=2.280 (3.033%)
rms = 2.2653/2.2798, sse=294382.8/294468.3, time step reduction 1 of 3 to 0.250  0 0 1
009: dt: 0.5000, sse=294382.8, rms=2.265 (0.636%)
010: dt: 0.2500, sse=199012.6, rms=1.220 (46.129%)
011: dt: 0.2500, sse=190727.6, rms=1.074 (11.972%)
rms = 1.0366/1.0742, sse=188335.8/190727.6, time step reduction 2 of 3 to 0.125  0 0 1
012: dt: 0.2500, sse=188335.8, rms=1.037 (3.504%)
rms = 1.0167/1.0366, sse=189543.2/188335.8, time step reduction 3 of 3 to 0.062  0 1 1
013: dt: 0.1250, sse=189543.2, rms=1.017 (1.921%)
  maximum number of reductions reached, breaking from loop
positioning took 1.2 minutes
Iteration 1 =========================================
n_averages=2, current_sigma=1
Freezing midline and others
Ripping frozen voxels
INFO: rip surface needed but not specified, so using input surface
Freezing midline and others
Entering: MRISripMidline(): inhibiting deformation at non-cortical midline structures...
  which=1, fix_mtl=0, using annot = 0
#FML0# MRISripMidline(): nripped=6219
removing 4 vertices from ripped group in thread:0
removing 4 vertices from ripped group in thread:0
removing 2 vertices from ripped group in thread:0
#FML# MRISripMidline(): nmarked=6388, nmarked2=22, nripped=6388
Ripping segs (eg, WMSA, BG, frozen)
Starting MRISripSegs() d = (-2 2 0.5) segnos: 247 247 247 
MRISripSegs(): -2 2 0.5 ripped 0
Computing target border values 
Entering MRIScomputeBorderValues_new(): 
  inside_hi   = 120.0000000;
  border_hi   = 110.0186610;
  border_low  =  74.0000000;
  outside_low =  65.9483720;
  outside_hi  = 110.0186610;
  sigma = 1;
  max_thickness = 10;
  step_size=0.5;
  STEP_SIZE=0.1;
  which = 1
  thresh = 0
  flags = 0
  CBVfindFirstPeakD1=0
  CBVfindFirstPeakD2=0
  nvertices=139849
  Gdiag_no=-1
  vno start=0, stop=139849
Replacing 255s with 0s
#SI# sigma=1 had to be increased for 48 vertices, nripped=6388
mean border=87.7, 32 (4) missing vertices, mean dist -0.2 [0.3 (%74.5)->0.3 (%25.5))]
%87 local maxima, % 8 large gradients and % 0 min vals, 0 gradients ignored
nFirstPeakD1 0
MRIScomputeBorderValues_new() finished in 0.0110 min


Finding expansion regions
mean absolute distance = 0.31 +- 0.58
2175 vertices more than 2 sigmas from mean.
Averaging target values for 5 iterations...
Positioning Surface: tspring = 0.3, nspring = 0.3, spring = 0, niters = 100 l_repulse = 5, l_surf_repulse = 0, checktol = 0
Positioning pial surface
Entering MRISpositionSurface()
  max_mm = 0.3
  MAX_REDUCTIONS = 2, REDUCTION_PCT = 0.5
  parms->check_tol = 0, niterations = 100
tol=1.0e-04, sigma=1.0, host=dna01, nav=2, nbrs=2, l_repulse=5.000, l_tspring=0.300, l_nspring=0.300, l_intensity=0.200, l_curv=1.000
mom=0.00, dt=0.50
000: dt: 0.0000, sse=531370.3, rms=3.469
014: dt: 0.5000, sse=318897.5, rms=2.035 (41.348%)
015: dt: 0.5000, sse=289218.5, rms=1.749 (14.020%)
016: dt: 0.5000, sse=277219.2, rms=1.622 (7.300%)
rms = 1.7006/1.6216, sse=284261.4/277219.2, time step reduction 1 of 3 to 0.250  0 1 1
   RMS increased, rejecting step
017: dt: 0.2500, sse=244303.8, rms=1.172 (27.745%)
018: dt: 0.2500, sse=232574.7, rms=0.952 (18.734%)
rms = 0.9062/0.9522, sse=231357.9/232574.7, time step reduction 2 of 3 to 0.125  0 0 1
019: dt: 0.2500, sse=231357.9, rms=0.906 (4.834%)
rms = 0.8903/0.9062, sse=232650.4/231357.9, time step reduction 3 of 3 to 0.062  0 1 1
020: dt: 0.1250, sse=232650.4, rms=0.890 (1.754%)
  maximum number of reductions reached, breaking from loop
positioning took 0.7 minutes
Iteration 2 =========================================
n_averages=1, current_sigma=0.5
Freezing midline and others
Ripping frozen voxels
INFO: rip surface needed but not specified, so using input surface
Freezing midline and others
Entering: MRISripMidline(): inhibiting deformation at non-cortical midline structures...
  which=1, fix_mtl=0, using annot = 0
#FML0# MRISripMidline(): nripped=6388
removing 3 vertices from ripped group in thread:0
removing 2 vertices from ripped group in thread:0
removing 4 vertices from ripped group in thread:0
removing 2 vertices from ripped group in thread:0
#FML# MRISripMidline(): nmarked=6447, nmarked2=22, nripped=6447
Ripping segs (eg, WMSA, BG, frozen)
Starting MRISripSegs() d = (-2 2 0.5) segnos: 247 247 247 247 
MRISripSegs(): -2 2 0.5 ripped 0
Computing target border values 
Entering MRIScomputeBorderValues_new(): 
  inside_hi   = 120.0000000;
  border_hi   = 110.0186610;
  border_low  =  74.0000000;
  outside_low =  65.9483720;
  outside_hi  = 110.0186610;
  sigma = 0.5;
  max_thickness = 10;
  step_size=0.5;
  STEP_SIZE=0.1;
  which = 1
  thresh = 0
  flags = 0
  CBVfindFirstPeakD1=0
  CBVfindFirstPeakD2=0
  nvertices=139849
  Gdiag_no=-1
  vno start=0, stop=139849
Replacing 255s with 0s
#SI# sigma=0.5 had to be increased for 37 vertices, nripped=6447
mean border=89.1, 33 (1) missing vertices, mean dist -0.1 [0.2 (%70.0)->0.2 (%30.0))]
%91 local maxima, % 5 large gradients and % 0 min vals, 0 gradients ignored
nFirstPeakD1 0
MRIScomputeBorderValues_new() finished in 0.0064 min


Finding expansion regions
mean absolute distance = 0.23 +- 0.41
2584 vertices more than 2 sigmas from mean.
Averaging target values for 5 iterations...
Positioning Surface: tspring = 0.3, nspring = 0.3, spring = 0, niters = 100 l_repulse = 5, l_surf_repulse = 0, checktol = 0
Positioning pial surface
Entering MRISpositionSurface()
  max_mm = 0.3
  MAX_REDUCTIONS = 2, REDUCTION_PCT = 0.5
  parms->check_tol = 0, niterations = 100
tol=1.0e-04, sigma=0.5, host=dna01, nav=1, nbrs=2, l_repulse=5.000, l_tspring=0.300, l_nspring=0.300, l_intensity=0.200, l_curv=1.000
mom=0.00, dt=0.50
000: dt: 0.0000, sse=330668.2, rms=2.124
021: dt: 0.5000, sse=269969.8, rms=1.502 (29.280%)
rms = 1.5007/1.5023, sse=270727.5/269969.8, time step reduction 1 of 3 to 0.250  0 1 1
022: dt: 0.5000, sse=270727.5, rms=1.501 (0.112%)
023: dt: 0.2500, sse=234873.7, rms=0.898 (40.137%)
024: dt: 0.2500, sse=227183.2, rms=0.823 (8.433%)
rms = 0.8163/0.8226, sse=229394.8/227183.2, time step reduction 2 of 3 to 0.125  0 1 1
025: dt: 0.2500, sse=229394.8, rms=0.816 (0.758%)
rms = 0.8049/0.8163, sse=231548.0/229394.8, time step reduction 3 of 3 to 0.062  0 1 1
026: dt: 0.1250, sse=231548.0, rms=0.805 (1.405%)
  maximum number of reductions reached, breaking from loop
positioning took 0.5 minutes
Iteration 3 =========================================
n_averages=0, current_sigma=0.25
Freezing midline and others
Ripping frozen voxels
INFO: rip surface needed but not specified, so using input surface
Freezing midline and others
Entering: MRISripMidline(): inhibiting deformation at non-cortical midline structures...
  which=1, fix_mtl=0, using annot = 0
#FML0# MRISripMidline(): nripped=6447
removing 3 vertices from ripped group in thread:0
removing 2 vertices from ripped group in thread:0
removing 4 vertices from ripped group in thread:0
removing 2 vertices from ripped group in thread:0
#FML# MRISripMidline(): nmarked=6462, nmarked2=22, nripped=6462
Ripping segs (eg, WMSA, BG, frozen)
Starting MRISripSegs() d = (-2 2 0.5) segnos: 247 247 247 247 247 
MRISripSegs(): -2 2 0.5 ripped 0
Computing target border values 
Entering MRIScomputeBorderValues_new(): 
  inside_hi   = 120.0000000;
  border_hi   = 110.0186610;
  border_low  =  74.0000000;
  outside_low =  65.9483720;
  outside_hi  = 110.0186610;
  sigma = 0.25;
  max_thickness = 10;
  step_size=0.5;
  STEP_SIZE=0.1;
  which = 1
  thresh = 0
  flags = 0
  CBVfindFirstPeakD1=0
  CBVfindFirstPeakD2=0
  nvertices=139849
  Gdiag_no=-1
  vno start=0, stop=139849
Replacing 255s with 0s
#SI# sigma=0.25 had to be increased for 34 vertices, nripped=6462
mean border=89.6, 39 (1) missing vertices, mean dist -0.0 [0.2 (%56.3)->0.2 (%43.7))]
%92 local maxima, % 3 large gradients and % 0 min vals, 0 gradients ignored
nFirstPeakD1 0
MRIScomputeBorderValues_new() finished in 0.0041 min


Finding expansion regions
mean absolute distance = 0.20 +- 0.35
2955 vertices more than 2 sigmas from mean.
Averaging target values for 5 iterations...
Positioning Surface: tspring = 0.3, nspring = 0.3, spring = 0, niters = 100 l_repulse = 5, l_surf_repulse = 0, checktol = 0
Positioning pial surface
Entering MRISpositionSurface()
  max_mm = 0.3
  MAX_REDUCTIONS = 2, REDUCTION_PCT = 0.5
  parms->check_tol = 0, niterations = 100
tol=1.0e-04, sigma=0.2, host=dna01, nav=0, nbrs=2, l_repulse=5.000, l_tspring=0.300, l_nspring=0.300, l_intensity=0.200, l_curv=1.000
mom=0.00, dt=0.50
000: dt: 0.0000, sse=243233.2, rms=1.075
027: dt: 0.5000, sse=230285.8, rms=0.862 (19.811%)
rms = 1.0557/0.8624, sse=237893.0/230285.8, time step reduction 1 of 3 to 0.250  0 1 1
   RMS increased, rejecting step
028: dt: 0.2500, sse=222596.5, rms=0.692 (19.706%)
rms = 0.6534/0.6925, sse=219931.9/222596.5, time step reduction 2 of 3 to 0.125  0 0 1
029: dt: 0.2500, sse=219931.9, rms=0.653 (5.646%)
rms = 0.6444/0.6534, sse=218577.8/219931.9, time step reduction 3 of 3 to 0.062  0 0 1
030: dt: 0.1250, sse=218577.8, rms=0.644 (1.371%)
  maximum number of reductions reached, breaking from loop
positioning took 0.4 minutes


Writing output to ../surf/lh.white.preaparc
#ET# mris_place_surface  2.98 minutes
#VMPC# mris_place_surfaces VmPeak  3146624
mris_place_surface done
#--------------------------------------------
#@# CortexLabel lh Thu Mar 12 12:51:43 CET 2026
cd /out/sourcedata/freesurfer/sub-v1s11x0050160_ses-1/mri
mri_label2label --label-cortex ../surf/lh.white.preaparc aseg.presurf.mgz 0 ../label/lh.cortex.label

 Generating cortex label... RemoveHipAmgy=0
 NucAccIsMedialWall=0
 mris->useRealRAS=0
2 non-cortical segments detected
only using segment with 8525 vertices
erasing segment 1 (vno[0] = 82506)
#--------------------------------------------
#@# CortexLabel+HipAmyg lh Thu Mar 12 12:51:59 CET 2026
cd /out/sourcedata/freesurfer/sub-v1s11x0050160_ses-1/mri
mri_label2label --label-cortex ../surf/lh.white.preaparc aseg.presurf.mgz 1 ../label/lh.cortex+hipamyg.label

 Generating cortex label... RemoveHipAmgy=1
 NucAccIsMedialWall=0
 mris->useRealRAS=0
5 non-cortical segments detected
only using segment with 5728 vertices
erasing segment 1 (vno[0] = 50588)
erasing segment 2 (vno[0] = 70249)
erasing segment 3 (vno[0] = 83338)
erasing segment 4 (vno[0] = 131204)
#--------------------------------------------
#@# Smooth2 lh Thu Mar 12 12:52:14 CET 2026
/out/sourcedata/freesurfer/sub-v1s11x0050160_ses-1/scripts

 mris_smooth -n 3 -nw -seed 1234 ../surf/lh.white.preaparc ../surf/lh.smoothwm 

smoothing for 3 iterations
setting seed for random number generator to 1234
smoothing surface tessellation for 3 iterations...
smoothing complete - recomputing first and second fundamental forms...
#--------------------------------------------
#@# Inflation2 lh Thu Mar 12 12:52:17 CET 2026
/out/sourcedata/freesurfer/sub-v1s11x0050160_ses-1/scripts

 mris_inflate ../surf/lh.smoothwm ../surf/lh.inflated 

Reading ../surf/lh.smoothwm
avg radius = 47.8 mm, total surface area = 88202 mm^2
step 000: RMS=0.168 (target=0.015)   step 005: RMS=0.112 (target=0.015)   step 010: RMS=0.083 (target=0.015)   step 015: RMS=0.068 (target=0.015)   step 020: RMS=0.057 (target=0.015)   step 025: RMS=0.046 (target=0.015)   step 030: RMS=0.038 (target=0.015)   step 035: RMS=0.032 (target=0.015)   step 040: RMS=0.027 (target=0.015)   step 045: RMS=0.024 (target=0.015)   step 050: RMS=0.021 (target=0.015)   step 055: RMS=0.019 (target=0.015)   step 060: RMS=0.018 (target=0.015)   writing inflated surface to ../surf/lh.inflated
writing sulcal depths to ../surf/lh.sulc

inflation complete.
inflation took 0.2 minutes
mris_inflate utimesec    64.829860
mris_inflate stimesec    0.685686
mris_inflate ru_maxrss   217816
mris_inflate ru_ixrss    0
mris_inflate ru_idrss    0
mris_inflate ru_isrss    0
mris_inflate ru_minflt   109837
mris_inflate ru_majflt   10
mris_inflate ru_nswap    0
mris_inflate ru_inblock  130
mris_inflate ru_oublock  10936
mris_inflate ru_msgsnd   0
mris_inflate ru_msgrcv   0
mris_inflate ru_nsignals 0
mris_inflate ru_nvcsw    9890
mris_inflate ru_nivcsw   183
#--------------------------------------------
#@# Curv .H and .K lh Thu Mar 12 12:52:32 CET 2026
/out/sourcedata/freesurfer/sub-v1s11x0050160_ses-1/surf

 mris_curvature -w -seed 1234 lh.white.preaparc 

setting seed for random number generator to 1234
total integrated curvature = 23.617*4pi (296.779) --> -23 handles
ICI = 134.6, FI = 1437.3, variation=22157.778
writing Gaussian curvature to ./lh.white.preaparc.K...done.
writing mean curvature to ./lh.white.preaparc.H...done.
rm -f lh.white.H
ln -s lh.white.preaparc.H lh.white.H
rm -f lh.white.K
ln -s lh.white.preaparc.K lh.white.K

 mris_curvature -seed 1234 -thresh .999 -n -a 5 -w -distances 10 10 lh.inflated 

setting seed for random number generator to 1234
normalizing curvature values.
averaging curvature patterns 5 times.
sampling 10 neighbors out to a distance of 10 mm
259 vertices thresholded to be in k1 ~ [-0.21 0.29], k2 ~ [-0.09 0.05]
total integrated curvature = 0.694*4pi (8.719) --> 0 handles
ICI = 1.6, FI = 9.7, variation=166.450
140 vertices thresholded to be in [-0.01 0.02]
writing Gaussian curvature to ./lh.inflated.K...thresholding curvature at 99.90% level
curvature mean = 0.000, std = 0.001
173 vertices thresholded to be in [-0.14 0.15]
done.
writing mean curvature to ./lh.inflated.H...curvature mean = -0.015, std = 0.022
done.
#--------------------------------------------
#@# Sphere lh Thu Mar 12 12:53:18 CET 2026
/out/sourcedata/freesurfer/sub-v1s11x0050160_ses-1/scripts

 mris_sphere -seed 1234 ../surf/lh.inflated ../surf/lh.sphere 

setting seed for random number genererator to 1234
version: 7.3.2
available threads: 16
reading original vertex positions...
projecting onto sphere...
surface projected - minimizing metric distortion...
scaling brain by 0.272...
MRISunfold() max_passes = 1 -------
tol=5.0e-01, sigma=0.0, host=dna01, nav=1024, nbrs=2, l_area=1.000, l_dist=1.000
using quadratic fit line minimization
complete_dist_mat 0
rms 0
smooth_averages 0
remove_neg 0
ico_order 0
which_surface 0
target_radius 0.000000
nfields 0
scale 1.000000
desired_rms_height -1.000000
momentum 0.900000
nbhd_size 7
max_nbrs 8
niterations 25
nsurfaces 0
SURFACES 3
flags 0 (0)
use curv 0
no sulc 0
no rigid align 0
mris->nsize 2
mris->hemisphere 0
randomSeed 1234

singular matrix in quadratic form
singular matrix in quadratic form
singular matrix in quadratic form
singular matrix in quadratic form
singular matrix in quadratic form
singular matrix in quadratic form
--------------------
  mrisRemoveNegativeArea()
pass 1: epoch 1 of 3 starting distance error %20.11
pass 1: epoch 2 of 3 starting distance error %20.06
unfolding complete - removing small folds...
starting distance error %20.05
removing remaining folds...
final distance error %20.07
MRISunfold() return, current seed 1234
-01: dt=0.0000,   1 negative triangles  VmPeak 2280564
158: dt=0.9900,   1 negative triangles
writing spherical brain to ../surf/lh.sphere
spherical transformation took 0.0622 hours
FSRUNTIME@ mris_sphere  0.0622 hours 16 threads
#VMPC# mris_sphere VmPeak  2280564
mris_sphere done
#--------------------------------------------
#@# Surf Reg lh Thu Mar 12 12:57:02 CET 2026
/out/sourcedata/freesurfer/sub-v1s11x0050160_ses-1/scripts

 mris_register -curv ../surf/lh.sphere /opt/freesurfer/average/lh.folding.atlas.acfb40.noaparc.i12.2016-08-02.tif ../surf/lh.sphere.reg 

using smoothwm curvature for final alignment

cwd /out/sourcedata/freesurfer/sub-v1s11x0050160_ses-1/scripts
cmdline mris_register -curv ../surf/lh.sphere /opt/freesurfer/average/lh.folding.atlas.acfb40.noaparc.i12.2016-08-02.tif ../surf/lh.sphere.reg 

0 inflated.H
1 sulc
2 smoothwm (computed)
7.3.2
  7.3.2
reading surface from ../surf/lh.sphere...
reading template parameterization from /opt/freesurfer/average/lh.folding.atlas.acfb40.noaparc.i12.2016-08-02.tif...
MRISregister() -------
max_passes = 4 
min_degrees = 0.500000 
max_degrees = 64.000000 
nangles = 8 
tol=5.0e-01, sigma=0.0, host=dna01, nav=1024, nbrs=1, l_extern=10000.000, l_parea=0.200, l_nlarea=1.000, l_corr=1.000, l_dist=5.000
using quadratic fit line minimization
complete_dist_mat 0
rms 0
smooth_averages 0
remove_neg 0
ico_order 0
which_surface 0
target_radius 0.000000
nfields 0
scale 0.000000
desired_rms_height -1.000000
momentum 0.950000
nbhd_size -10
max_nbrs 10
niterations 25
nsurfaces 0
SURFACES 3
flags 16 (10)
use curv 16
no sulc 0
no rigid align 0
mris->nsize 1
mris->hemisphere 0
randomSeed 0

tol=5.0e-01, sigma=0.0, host=dna01, nav=1024, nbrs=1, l_extern=10000.000, l_parea=0.200, l_nlarea=1.000, l_corr=1.000, l_dist=5.000
using quadratic fit line minimization
--------------------
1 Reading lh.sulc
tol=1.0e+00, sigma=0.5, host=dna01, nav=1024, nbrs=1, l_extern=10000.000, l_parea=0.200, l_nlarea=1.000, l_corr=0.050, l_spring=0.500, l_dist=5.000
using quadratic fit line minimization
curvature mean = -0.000, std = 5.627
curvature mean = 0.040, std = 0.819
curvature mean = 0.008, std = 0.863
Starting MRISrigidBodyAlignGlobal()
Starting new MRISrigidBodyAlignGlobal_findMinSSE()
  new MRISrigidBodyAlignGlobal_findMinSSE min @ (6.00, -10.50, 8.50) sse = 266688.9, elapsed since starting=0.1223 min
MRISrigidBodyAlignGlobal() done   0.12 min
curvature mean = 0.019, std = 0.830
curvature mean = 0.004, std = 0.950
curvature mean = 0.016, std = 0.840
curvature mean = 0.002, std = 0.981
curvature mean = 0.014, std = 0.842
curvature mean = 0.000, std = 0.993
2 Reading smoothwm
curvature mean = -0.016, std = 0.254
curvature mean = 0.044, std = 0.247
curvature mean = 0.052, std = 0.380
curvature mean = 0.041, std = 0.304
curvature mean = 0.029, std = 0.579
curvature mean = 0.040, std = 0.332
curvature mean = 0.016, std = 0.722
curvature mean = 0.040, std = 0.343
curvature mean = 0.005, std = 0.826
MRISregister() return, current seed 0
writing registered surface to ../surf/lh.sphere.reg...
-01: dt=0.0000,   0 negative triangles  VmPeak 1607544
registration took 0.07 hours
#VMPC# mris_register VmPeak  1607544
FSRUNTIME@ mris_register  0.0745 hours 16 threads

 ln -sf lh.sphere.reg lh.fsaverage.sphere.reg 

#--------------------------------------------
#@# Jacobian white lh Thu Mar 12 13:01:31 CET 2026
/out/sourcedata/freesurfer/sub-v1s11x0050160_ses-1/scripts

 mris_jacobian ../surf/lh.white.preaparc ../surf/lh.sphere.reg ../surf/lh.jacobian_white 

reading surface from ../surf/lh.white.preaparc...
writing curvature file ../surf/lh.jacobian_white
#--------------------------------------------
#@# AvgCurv lh Thu Mar 12 13:01:32 CET 2026
/out/sourcedata/freesurfer/sub-v1s11x0050160_ses-1/scripts

 mrisp_paint -a 5 /opt/freesurfer/average/lh.folding.atlas.acfb40.noaparc.i12.2016-08-02.tif#6 ../surf/lh.sphere.reg ../surf/lh.avg_curv 

averaging curvature patterns 5 times...
reading surface from ../surf/lh.sphere.reg...
reading template parameterization from /opt/freesurfer/average/lh.folding.atlas.acfb40.noaparc.i12.2016-08-02.tif...
writing curvature file to ../surf/lh.avg_curv...
#-----------------------------------------
#@# Cortical Parc lh Thu Mar 12 13:01:33 CET 2026
/out/sourcedata/freesurfer/sub-v1s11x0050160_ses-1/scripts

 mris_ca_label -l ../label/lh.cortex.label -aseg ../mri/aseg.presurf.mgz -seed 1234 sub-v1s11x0050160_ses-1 lh ../surf/lh.sphere.reg /opt/freesurfer/average/lh.DKaparc.atlas.acfb40.noaparc.i12.2016-08-02.gcs ../label/lh.aparc.annot 

setting seed for random number generator to 1234
using ../mri/aseg.presurf.mgz aseg volume to correct midline
7.3.2
  7.3.2
reading atlas from /opt/freesurfer/average/lh.DKaparc.atlas.acfb40.noaparc.i12.2016-08-02.gcs...
reading color table from GCSA file....
average std = 0.8   using min determinant for regularization = 0.006
0 singular and 342 ill-conditioned covariance matrices regularized
input 0: MEAN CURVATURE, flags 0, avgs 5, name mean_curvature
labeling surface...
1282 labels changed using aseg
relabeling using gibbs priors...
000:   3203 changed, 139849 examined...
001:    716 changed, 13400 examined...
002:    178 changed, 3992 examined...
003:     61 changed, 1121 examined...
004:     22 changed, 389 examined...
005:      7 changed, 129 examined...
006:      2 changed, 48 examined...
007:      2 changed, 12 examined...
008:      0 changed, 15 examined...
230 labels changed using aseg
000: 105 total segments, 65 labels (178 vertices) changed
001: 41 total segments, 1 labels (2 vertices) changed
002: 40 total segments, 0 labels (0 vertices) changed
10 filter iterations complete (10 requested, 6 changed)
rationalizing unknown annotations with cortex label
relabeling unknown label...
relabeling corpuscallosum label...
1695 vertices marked for relabeling...
1695 labels changed in reclassification.
writing output to ../label/lh.aparc.annot...
classification took 0 minutes and 10 seconds.
#--------------------------------------------
#@# WhiteSurfs lh Thu Mar 12 13:01:42 CET 2026
cd /out/sourcedata/freesurfer/sub-v1s11x0050160_ses-1/mri
mris_place_surface --adgws-in ../surf/autodet.gw.stats.lh.dat --seg aseg.presurf.mgz --threads 16 --wm wm.mgz --invol brain.finalsurfs.mgz --lh --i ../surf/lh.white.preaparc --o ../surf/lh.white --white --nsmooth 0 --rip-label ../label/lh.cortex.label --rip-bg --rip-surf ../surf/lh.white.preaparc --aparc ../label/lh.aparc.annot
7.3.2
7.3.2

cd /out/sourcedata/freesurfer/sub-v1s11x0050160_ses-1/mri
setenv SUBJECTS_DIR /out/sourcedata/freesurfer
mris_place_surface --adgws-in ../surf/autodet.gw.stats.lh.dat --seg aseg.presurf.mgz --threads 16 --wm wm.mgz --invol brain.finalsurfs.mgz --lh --i ../surf/lh.white.preaparc --o ../surf/lh.white --white --nsmooth 0 --rip-label ../label/lh.cortex.label --rip-bg --rip-surf ../surf/lh.white.preaparc --aparc ../label/lh.aparc.annot 

Reading in input surface ../surf/lh.white.preaparc
Not smoothing input surface
Area    279694  0.34433  0.11460 0.001667   2.0695
Corner  839082 60.00000 12.88197 0.405141 178.8413
Edge    419541  0.90107  0.18881 0.029890   3.3988
Hinge   419541  8.94840  9.86086 0.000057 179.8958
Reading in aparc ../label/lh.aparc.annot
Reading in input volume brain.finalsurfs.mgz
Reading in wm volume wm.mgz
MRIclipBrightWM(): nthresh=15212, wmmin=5, clip=110 
MRIfindBrightNonWM(): 0 bright non-wm voxels segmented.
Masking bright non-wm for white surface
MRImask(): AllowDiffGeom = 1
MRImask(): AllowDiffGeom = 1
Reading in seg volume aseg.presurf.mgz
Ripping frozen voxels
Ripping vertices not in label ../label/lh.cortex.label
MRISripNotLabel() ripped 8780/139849 vertices (131069 unripped)
Reading in ripping surface ../surf/lh.white.preaparc
Reading in aparc ../label/lh.aparc.annot for ripsurf
Ripping BG
MRISripBasalGanglia(): 1 -2 2 0.5 ripped 372
Ripping segs (eg, WMSA, BG, frozen)
Starting MRISripSegs() d = (-2 2 0.5) segnos: 247 
MRISripSegs(): -2 2 0.5 ripped 0
vertex 69925: xyz = (-49.1638,-3.43383,22.5544) oxyz = (-49.1638,-3.43383,22.5544) wxzy = (-49.1638,-3.43383,22.5544) pxyz = (0,0,0) 
CBVO Creating mask 139849
n_averages 4
Iteration 0 =========================================
n_averages=4, current_sigma=2
Computing target border values 
Entering MRIScomputeBorderValues_new(): 
  inside_hi   = 120.0000000;
  border_hi   = 110.0186610;
  border_low  =  74.0000000;
  outside_low =  65.9483720;
  outside_hi  = 110.0186610;
  sigma = 2;
  max_thickness = 10;
  step_size=0.5;
  STEP_SIZE=0.1;
  which = 1
  thresh = 0
  flags = 0
  CBVfindFirstPeakD1=0
  CBVfindFirstPeakD2=0
  nvertices=139849
  Gdiag_no=-1
  vno start=0, stop=139849
Replacing 255s with 0s
#SI# sigma=2 had to be increased for 82 vertices, nripped=9152
mean border=84.9, 49 (49) missing vertices, mean dist 0.3 [1.0 (%13.5)->0.5 (%86.5))]
%75 local maxima, %19 large gradients and % 0 min vals, 0 gradients ignored
nFirstPeakD1 0
MRIScomputeBorderValues_new() finished in 0.0148 min


Finding expansion regions
mean absolute distance = 0.55 +- 0.90
2596 vertices more than 2 sigmas from mean.
Averaging target values for 5 iterations...
Positioning Surface: tspring = 0.3, nspring = 0.3, spring = 0, niters = 100 l_repulse = 5, l_surf_repulse = 0, checktol = 0
Positioning pial surface
Entering MRISpositionSurface()
  max_mm = 0.3
  MAX_REDUCTIONS = 2, REDUCTION_PCT = 0.5
  parms->check_tol = 0, niterations = 100
tol=1.0e-04, sigma=2.0, host=dna01, nav=4, nbrs=2, l_repulse=5.000, l_tspring=0.300, l_nspring=0.300, l_intensity=0.200, l_curv=1.000
mom=0.00, dt=0.50
complete_dist_mat 0
rms 0
smooth_averages 0
remove_neg 0
ico_order 0
which_surface 0
target_radius 0.000000
nfields 0
scale 0.000000
desired_rms_height 0.000000
momentum 0.000000
nbhd_size 0
max_nbrs 0
niterations 100
nsurfaces 0
SURFACES 3
flags 0 (0)
use curv 0
no sulc 0
no rigid align 0
mris->nsize 2
mris->hemisphere 0
randomSeed 0

000: dt: 0.0000, sse=1130892.2, rms=5.969
001: dt: 0.5000, sse=493225.8, rms=3.359 (43.723%)
002: dt: 0.5000, sse=330925.4, rms=2.248 (33.063%)
003: dt: 0.5000, sse=290261.3, rms=1.852 (17.629%)
004: dt: 0.5000, sse=272478.2, rms=1.659 (10.426%)
rms = 1.6837/1.6589, sse=277106.9/272478.2, time step reduction 1 of 3 to 0.250  0 1 1
   RMS increased, rejecting step
005: dt: 0.2500, sse=242022.2, rms=1.248 (24.747%)
006: dt: 0.2500, sse=229994.3, rms=1.041 (16.622%)
007: dt: 0.2500, sse=227713.8, rms=0.986 (5.284%)
rms = 0.9654/0.9859, sse=226980.3/227713.8, time step reduction 2 of 3 to 0.125  0 0 1
008: dt: 0.2500, sse=226980.3, rms=0.965 (2.076%)
rms = 0.9517/0.9654, sse=226534.3/226980.3, time step reduction 3 of 3 to 0.062  0 0 1
009: dt: 0.1250, sse=226534.3, rms=0.952 (1.415%)
  maximum number of reductions reached, breaking from loop
positioning took 1.0 minutes
Iteration 1 =========================================
n_averages=2, current_sigma=1
Computing target border values 
Entering MRIScomputeBorderValues_new(): 
  inside_hi   = 120.0000000;
  border_hi   = 110.0186610;
  border_low  =  74.0000000;
  outside_low =  65.9483720;
  outside_hi  = 110.0186610;
  sigma = 1;
  max_thickness = 10;
  step_size=0.5;
  STEP_SIZE=0.1;
  which = 1
  thresh = 0
  flags = 0
  CBVfindFirstPeakD1=0
  CBVfindFirstPeakD2=0
  nvertices=139849
  Gdiag_no=-1
  vno start=0, stop=139849
Replacing 255s with 0s
#SI# sigma=1 had to be increased for 53 vertices, nripped=9152
mean border=87.3, 50 (19) missing vertices, mean dist -0.2 [0.3 (%77.3)->0.3 (%22.7))]
%85 local maxima, % 9 large gradients and % 0 min vals, 0 gradients ignored
nFirstPeakD1 0
MRIScomputeBorderValues_new() finished in 0.0110 min


Finding expansion regions
mean absolute distance = 0.32 +- 0.61
1964 vertices more than 2 sigmas from mean.
Averaging target values for 5 iterations...
Positioning Surface: tspring = 0.3, nspring = 0.3, spring = 0, niters = 100 l_repulse = 5, l_surf_repulse = 0, checktol = 0
Positioning pial surface
Entering MRISpositionSurface()
  max_mm = 0.3
  MAX_REDUCTIONS = 2, REDUCTION_PCT = 0.5
  parms->check_tol = 0, niterations = 100
tol=1.0e-04, sigma=1.0, host=dna01, nav=2, nbrs=2, l_repulse=5.000, l_tspring=0.300, l_nspring=0.300, l_intensity=0.200, l_curv=1.000
mom=0.00, dt=0.50
000: dt: 0.0000, sse=528600.8, rms=3.468
010: dt: 0.5000, sse=310487.3, rms=1.923 (44.551%)
011: dt: 0.5000, sse=280465.3, rms=1.602 (16.719%)
012: dt: 0.5000, sse=270897.5, rms=1.480 (7.577%)
rms = 1.5744/1.4803, sse=278135.4/270897.5, time step reduction 1 of 3 to 0.250  0 1 1
   RMS increased, rejecting step
013: dt: 0.2500, sse=242950.8, rms=1.051 (29.021%)
014: dt: 0.2500, sse=233353.4, rms=0.850 (19.106%)
rms = 0.8201/0.8500, sse=231920.4/233353.4, time step reduction 2 of 3 to 0.125  0 0 1
015: dt: 0.2500, sse=231920.4, rms=0.820 (3.520%)
rms = 0.8106/0.8201, sse=231634.3/231920.4, time step reduction 3 of 3 to 0.062  0 0 1
016: dt: 0.1250, sse=231634.3, rms=0.811 (1.158%)
  maximum number of reductions reached, breaking from loop
positioning took 0.7 minutes
Iteration 2 =========================================
n_averages=1, current_sigma=0.5
Computing target border values 
Entering MRIScomputeBorderValues_new(): 
  inside_hi   = 120.0000000;
  border_hi   = 110.0186610;
  border_low  =  74.0000000;
  outside_low =  65.9483720;
  outside_hi  = 110.0186610;
  sigma = 0.5;
  max_thickness = 10;
  step_size=0.5;
  STEP_SIZE=0.1;
  which = 1
  thresh = 0
  flags = 0
  CBVfindFirstPeakD1=0
  CBVfindFirstPeakD2=0
  nvertices=139849
  Gdiag_no=-1
  vno start=0, stop=139849
Replacing 255s with 0s
#SI# sigma=0.5 had to be increased for 45 vertices, nripped=9152
mean border=88.9, 55 (10) missing vertices, mean dist -0.1 [0.2 (%70.7)->0.2 (%29.3))]
%89 local maxima, % 4 large gradients and % 0 min vals, 0 gradients ignored
nFirstPeakD1 0
MRIScomputeBorderValues_new() finished in 0.0089 min


Finding expansion regions
mean absolute distance = 0.23 +- 0.42
2453 vertices more than 2 sigmas from mean.
Averaging target values for 5 iterations...
Positioning Surface: tspring = 0.3, nspring = 0.3, spring = 0, niters = 100 l_repulse = 5, l_surf_repulse = 0, checktol = 0
Positioning pial surface
Entering MRISpositionSurface()
  max_mm = 0.3
  MAX_REDUCTIONS = 2, REDUCTION_PCT = 0.5
  parms->check_tol = 0, niterations = 100
tol=1.0e-04, sigma=0.5, host=dna01, nav=1, nbrs=2, l_repulse=5.000, l_tspring=0.300, l_nspring=0.300, l_intensity=0.200, l_curv=1.000
mom=0.00, dt=0.50
000: dt: 0.0000, sse=328508.8, rms=2.134
017: dt: 0.5000, sse=268198.7, rms=1.462 (31.522%)
rms = 1.4457/1.4615, sse=265766.2/268198.7, time step reduction 1 of 3 to 0.250  0 0 1
018: dt: 0.5000, sse=265766.2, rms=1.446 (1.081%)
019: dt: 0.2500, sse=228990.2, rms=0.833 (42.381%)
020: dt: 0.2500, sse=225672.1, rms=0.763 (8.460%)
rms = 0.7620/0.7625, sse=225998.3/225672.1, time step reduction 2 of 3 to 0.125  0 1 1
021: dt: 0.2500, sse=225998.3, rms=0.762 (0.070%)
rms = 0.7534/0.7620, sse=225260.7/225998.3, time step reduction 3 of 3 to 0.062  0 0 1
022: dt: 0.1250, sse=225260.7, rms=0.753 (1.130%)
  maximum number of reductions reached, breaking from loop
positioning took 0.5 minutes
Iteration 3 =========================================
n_averages=0, current_sigma=0.25
Computing target border values 
Entering MRIScomputeBorderValues_new(): 
  inside_hi   = 120.0000000;
  border_hi   = 110.0186610;
  border_low  =  74.0000000;
  outside_low =  65.9483720;
  outside_hi  = 110.0186610;
  sigma = 0.25;
  max_thickness = 10;
  step_size=0.5;
  STEP_SIZE=0.1;
  which = 1
  thresh = 0
  flags = 0
  CBVfindFirstPeakD1=0
  CBVfindFirstPeakD2=0
  nvertices=139849
  Gdiag_no=-1
  vno start=0, stop=139849
Replacing 255s with 0s
#SI# sigma=0.25 had to be increased for 42 vertices, nripped=9152
mean border=89.4, 54 (6) missing vertices, mean dist -0.0 [0.2 (%56.4)->0.2 (%43.6))]
%90 local maxima, % 3 large gradients and % 0 min vals, 0 gradients ignored
nFirstPeakD1 0
MRIScomputeBorderValues_new() finished in 0.0042 min


Finding expansion regions
mean absolute distance = 0.20 +- 0.33
2759 vertices more than 2 sigmas from mean.
Averaging target values for 5 iterations...
Positioning Surface: tspring = 0.3, nspring = 0.3, spring = 0, niters = 100 l_repulse = 5, l_surf_repulse = 0, checktol = 0
Positioning pial surface
Entering MRISpositionSurface()
  max_mm = 0.3
  MAX_REDUCTIONS = 2, REDUCTION_PCT = 0.5
  parms->check_tol = 0, niterations = 100
tol=1.0e-04, sigma=0.2, host=dna01, nav=0, nbrs=2, l_repulse=5.000, l_tspring=0.300, l_nspring=0.300, l_intensity=0.200, l_curv=1.000
mom=0.00, dt=0.50
000: dt: 0.0000, sse=236000.6, rms=1.039
023: dt: 0.5000, sse=229564.6, rms=0.831 (20.060%)
rms = 1.0093/0.8309, sse=236834.7/229564.6, time step reduction 1 of 3 to 0.250  0 1 1
   RMS increased, rejecting step
024: dt: 0.2500, sse=222274.5, rms=0.659 (20.661%)
rms = 0.6146/0.6592, sse=219795.0/222274.5, time step reduction 2 of 3 to 0.125  0 0 1
025: dt: 0.2500, sse=219795.0, rms=0.615 (6.768%)
rms = 0.6077/0.6146, sse=219217.0/219795.0, time step reduction 3 of 3 to 0.062  0 0 1
026: dt: 0.1250, sse=219217.0, rms=0.608 (1.118%)
  maximum number of reductions reached, breaking from loop
positioning took 0.4 minutes


Writing output to ../surf/lh.white
#ET# mris_place_surface  2.69 minutes
#VMPC# mris_place_surfaces VmPeak  3089788
mris_place_surface done
#--------------------------------------------
#@# T1PialSurf lh Thu Mar 12 13:04:30 CET 2026
cd /out/sourcedata/freesurfer/sub-v1s11x0050160_ses-1/mri
mris_place_surface --adgws-in ../surf/autodet.gw.stats.lh.dat --seg aseg.presurf.mgz --threads 16 --wm wm.mgz --invol brain.finalsurfs.mgz --lh --i ../surf/lh.white --o ../surf/lh.pial.T1 --pial --nsmooth 0 --rip-label ../label/lh.cortex+hipamyg.label --pin-medial-wall ../label/lh.cortex.label --aparc ../label/lh.aparc.annot --repulse-surf ../surf/lh.white --white-surf ../surf/lh.white
7.3.2
7.3.2

cd /out/sourcedata/freesurfer/sub-v1s11x0050160_ses-1/mri
setenv SUBJECTS_DIR /out/sourcedata/freesurfer
mris_place_surface --adgws-in ../surf/autodet.gw.stats.lh.dat --seg aseg.presurf.mgz --threads 16 --wm wm.mgz --invol brain.finalsurfs.mgz --lh --i ../surf/lh.white --o ../surf/lh.pial.T1 --pial --nsmooth 0 --rip-label ../label/lh.cortex+hipamyg.label --pin-medial-wall ../label/lh.cortex.label --aparc ../label/lh.aparc.annot --repulse-surf ../surf/lh.white --white-surf ../surf/lh.white 

Reading in input surface ../surf/lh.white
Not smoothing input surface
Area    279694  0.34729  0.12815 0.000197   2.0695
Corner  839082 60.00000 14.34021 0.333371 179.0798
Edge    419541  0.90624  0.20761 0.028604   4.1034
Hinge   419541  9.02225 10.04698 0.000040 179.8958
Reading white surface coordinates from ../surf/lh.white
Reading repulsion surface coordinates from ../surf/lh.white
Reading in aparc ../label/lh.aparc.annot
Reading in input volume brain.finalsurfs.mgz
Reading in wm volume wm.mgz
MRIclipBrightWM(): nthresh=15212, wmmin=5, clip=110 
MRIfindBrightNonWM(): 0 bright non-wm voxels segmented.
Masking bright non-wm for pial surface mid_gray = 72.9132
MRImask(): AllowDiffGeom = 1
MRImask(): AllowDiffGeom = 1
MRImask(): AllowDiffGeom = 1
Reading in seg volume aseg.presurf.mgz
Ripping frozen voxels
Ripping vertices not in label ../label/lh.cortex+hipamyg.label
MRISripNotLabel() ripped 6118/139849 vertices (133731 unripped)
INFO: rip surface needed but not specified, so using input surface
Ripping segs (eg, WMSA, BG, frozen)
Starting MRISripSegs() d = (-2 2 0.5) segnos: 247 
MRISripSegs(): -2 2 0.5 ripped 0
vertex 69925: xyz = (-49.2188,-3.47012,22.5528) oxyz = (-49.2188,-3.47012,22.5528) wxzy = (-49.2188,-3.47012,22.5528) pxyz = (-49.2188,-3.47012,22.5528) 
CBVO Creating mask 139849
n_averages 16
Iteration 0 =========================================
n_averages=16, current_sigma=2
Computing target border values 
Entering MRIScomputeBorderValues_new(): 
  inside_hi   =  95.9813390;
  border_hi   =  65.9483720;
  border_low  =  49.8451080;
  outside_low =  10.0000000;
  outside_hi  =  61.9225540;
  sigma = 2;
  max_thickness = 10;
  step_size=0.5;
  STEP_SIZE=0.1;
  which = 2
  thresh = 0
  flags = 0
  CBVfindFirstPeakD1=0
  CBVfindFirstPeakD2=0
  nvertices=139849
  Gdiag_no=-1
  vno start=0, stop=139849
Replacing 255s with 0s
#SI# sigma=2 had to be increased for 109 vertices, nripped=6118
mean border=65.1, 58 (58) missing vertices, mean dist 1.5 [0.2 (%0.0)->3.3 (%100.0))]
%13 local maxima, %31 large gradients and %52 min vals, 0 gradients ignored
nFirstPeakD1 0
MRIScomputeBorderValues_new() finished in 0.0129 min


Averaging target values for 5 iterations...
Positioning Surface: tspring = 0.3, nspring = 0.3, spring = 0, niters = 100 l_repulse = 0, l_surf_repulse = 5, checktol = 0
Positioning pial surface
Entering MRISpositionSurface()
  max_mm = 0.3
  MAX_REDUCTIONS = 2, REDUCTION_PCT = 0.5
  parms->check_tol = 0, niterations = 100
tol=1.0e-04, sigma=2.0, host=dna01, nav=16, nbrs=2, l_surf_repulse=5.000, l_tspring=0.300, l_nspring=0.300, l_intensity=0.200, l_curv=1.000
mom=0.00, dt=0.50
complete_dist_mat 0
rms 0
smooth_averages 0
remove_neg 0
ico_order 0
which_surface 0
target_radius 0.000000
nfields 0
scale 0.000000
desired_rms_height 0.000000
momentum 0.000000
nbhd_size 0
max_nbrs 0
niterations 100
nsurfaces 0
SURFACES 3
flags 0 (0)
use curv 0
no sulc 0
no rigid align 0
mris->nsize 2
mris->hemisphere 0
randomSeed 0

000: dt: 0.0000, sse=16901824.0, rms=24.990
001: dt: 0.5000, sse=11780884.0, rms=20.807 (16.738%)
002: dt: 0.5000, sse=8122221.0, rms=17.206 (17.309%)
003: dt: 0.5000, sse=5712809.5, rms=14.347 (16.616%)
004: dt: 0.5000, sse=4182748.0, rms=12.186 (15.062%)
005: dt: 0.5000, sse=3166016.2, rms=10.504 (13.798%)
006: dt: 0.5000, sse=2447358.5, rms=9.128 (13.103%)
007: dt: 0.5000, sse=1907241.5, rms=7.935 (13.068%)
008: dt: 0.5000, sse=1490246.8, rms=6.871 (13.406%)
009: dt: 0.5000, sse=1177948.0, rms=5.949 (13.428%)
010: dt: 0.5000, sse=943641.5, rms=5.146 (13.485%)
011: dt: 0.5000, sse=779618.5, rms=4.497 (12.611%)
012: dt: 0.5000, sse=663755.1, rms=3.974 (11.645%)
013: dt: 0.5000, sse=585281.4, rms=3.573 (10.072%)
014: dt: 0.5000, sse=532800.8, rms=3.277 (8.295%)
015: dt: 0.5000, sse=500611.8, rms=3.079 (6.034%)
016: dt: 0.5000, sse=480589.0, rms=2.948 (4.257%)
017: dt: 0.5000, sse=466781.8, rms=2.852 (3.262%)
018: dt: 0.5000, sse=458746.1, rms=2.793 (2.057%)
rms = 2.7435/2.7934, sse=452069.6/458746.1, time step reduction 1 of 3 to 0.250  0 0 1
019: dt: 0.5000, sse=452069.6, rms=2.744 (1.785%)
020: dt: 0.2500, sse=407473.4, rms=2.398 (12.586%)
021: dt: 0.2500, sse=397582.0, rms=2.316 (3.426%)
rms = 2.3010/2.3161, sse=396018.2/397582.0, time step reduction 2 of 3 to 0.125  0 0 1
022: dt: 0.2500, sse=396018.2, rms=2.301 (0.652%)
rms = 2.2566/2.3010, sse=391105.5/396018.2, time step reduction 3 of 3 to 0.062  0 0 1
023: dt: 0.1250, sse=391105.5, rms=2.257 (1.929%)
  maximum number of reductions reached, breaking from loop
positioning took 2.0 minutes
Iteration 1 =========================================
n_averages=8, current_sigma=1
Computing target border values 
Entering MRIScomputeBorderValues_new(): 
  inside_hi   =  95.9813390;
  border_hi   =  65.9483720;
  border_low  =  49.8451080;
  outside_low =  10.0000000;
  outside_hi  =  61.9225540;
  sigma = 1;
  max_thickness = 10;
  step_size=0.5;
  STEP_SIZE=0.1;
  which = 2
  thresh = 0
  flags = 0
  CBVfindFirstPeakD1=0
  CBVfindFirstPeakD2=0
  nvertices=139849
  Gdiag_no=-1
  vno start=0, stop=139849
Replacing 255s with 0s
#SI# sigma=1 had to be increased for 16594 vertices, nripped=6118
mean border=64.2, 2170 (10) missing vertices, mean dist 0.1 [0.2 (%39.5)->0.6 (%60.5))]
%22 local maxima, %26 large gradients and %47 min vals, 0 gradients ignored
nFirstPeakD1 0
MRIScomputeBorderValues_new() finished in 0.0053 min


Averaging target values for 5 iterations...
Positioning Surface: tspring = 0.3, nspring = 0.3, spring = 0, niters = 100 l_repulse = 0, l_surf_repulse = 5, checktol = 0
Positioning pial surface
Entering MRISpositionSurface()
  max_mm = 0.3
  MAX_REDUCTIONS = 2, REDUCTION_PCT = 0.5
  parms->check_tol = 0, niterations = 100
tol=1.0e-04, sigma=1.0, host=dna01, nav=8, nbrs=2, l_surf_repulse=5.000, l_tspring=0.300, l_nspring=0.300, l_intensity=0.200, l_curv=1.000
mom=0.00, dt=0.50
000: dt: 0.0000, sse=508562.0, rms=2.793
024: dt: 0.5000, sse=478439.6, rms=2.577 (7.721%)
rms = 2.5430/2.5771, sse=472409.4/478439.6, time step reduction 1 of 3 to 0.250  0 0 1
025: dt: 0.5000, sse=472409.4, rms=2.543 (1.322%)
026: dt: 0.2500, sse=432967.9, rms=2.216 (12.861%)
027: dt: 0.2500, sse=427090.2, rms=2.163 (2.387%)
rms = 2.1491/2.1631, sse=425602.1/427090.2, time step reduction 2 of 3 to 0.125  0 0 1
028: dt: 0.2500, sse=425602.1, rms=2.149 (0.645%)
029: dt: 0.1250, sse=419648.2, rms=2.093 (2.623%)
rms = 2.0795/2.0927, sse=418244.6/419648.3, time step reduction 3 of 3 to 0.062  0 0 1
030: dt: 0.1250, sse=418244.6, rms=2.080 (0.631%)
  maximum number of reductions reached, breaking from loop
positioning took 0.5 minutes
Iteration 2 =========================================
n_averages=4, current_sigma=0.5
Computing target border values 
Entering MRIScomputeBorderValues_new(): 
  inside_hi   =  95.9813390;
  border_hi   =  65.9483720;
  border_low  =  49.8451080;
  outside_low =  10.0000000;
  outside_hi  =  61.9225540;
  sigma = 0.5;
  max_thickness = 10;
  step_size=0.5;
  STEP_SIZE=0.1;
  which = 2
  thresh = 0
  flags = 0
  CBVfindFirstPeakD1=0
  CBVfindFirstPeakD2=0
  nvertices=139849
  Gdiag_no=-1
  vno start=0, stop=139849
Replacing 255s with 0s
#SI# sigma=0.5 had to be increased for 19093 vertices, nripped=6118
mean border=63.8, 2480 (8) missing vertices, mean dist 0.1 [0.2 (%37.9)->0.4 (%62.1))]
%30 local maxima, %17 large gradients and %47 min vals, 0 gradients ignored
nFirstPeakD1 0
MRIScomputeBorderValues_new() finished in 0.0040 min


Averaging target values for 5 iterations...
Positioning Surface: tspring = 0.3, nspring = 0.3, spring = 0, niters = 100 l_repulse = 0, l_surf_repulse = 5, checktol = 0
Positioning pial surface
Entering MRISpositionSurface()
  max_mm = 0.3
  MAX_REDUCTIONS = 2, REDUCTION_PCT = 0.5
  parms->check_tol = 0, niterations = 100
tol=1.0e-04, sigma=0.5, host=dna01, nav=4, nbrs=2, l_surf_repulse=5.000, l_tspring=0.300, l_nspring=0.300, l_intensity=0.200, l_curv=1.000
mom=0.00, dt=0.50
000: dt: 0.0000, sse=442032.8, rms=2.245
rms = 2.2844/2.2451, sse=446587.6/442032.7, time step reduction 1 of 3 to 0.250  0 1 1
   RMS increased, rejecting step
031: dt: 0.2500, sse=431120.1, rms=2.150 (4.252%)
032: dt: 0.2500, sse=424469.5, rms=2.090 (2.766%)
rms = 2.0772/2.0902, sse=422980.2/424469.5, time step reduction 2 of 3 to 0.125  0 0 1
033: dt: 0.2500, sse=422980.2, rms=2.077 (0.624%)
rms = 2.0402/2.0772, sse=419157.8/422980.2, time step reduction 3 of 3 to 0.062  0 0 1
034: dt: 0.1250, sse=419157.8, rms=2.040 (1.781%)
  maximum number of reductions reached, breaking from loop
positioning took 0.4 minutes
Iteration 3 =========================================
n_averages=2, current_sigma=0.25
Computing target border values 
Entering MRIScomputeBorderValues_new(): 
  inside_hi   =  95.9813390;
  border_hi   =  65.9483720;
  border_low  =  49.8451080;
  outside_low =  10.0000000;
  outside_hi  =  61.9225540;
  sigma = 0.25;
  max_thickness = 10;
  step_size=0.5;
  STEP_SIZE=0.1;
  which = 2
  thresh = 0
  flags = 0
  CBVfindFirstPeakD1=0
  CBVfindFirstPeakD2=0
  nvertices=139849
  Gdiag_no=-1
  vno start=0, stop=139849
Replacing 255s with 0s
#SI# sigma=0.25 had to be increased for 16197 vertices, nripped=6118
mean border=63.4, 6622 (7) missing vertices, mean dist 0.1 [0.2 (%39.4)->0.3 (%60.6))]
%34 local maxima, %13 large gradients and %45 min vals, 0 gradients ignored
nFirstPeakD1 0
MRIScomputeBorderValues_new() finished in 0.0023 min


Averaging target values for 5 iterations...
Positioning Surface: tspring = 0.3, nspring = 0.3, spring = 0, niters = 100 l_repulse = 0, l_surf_repulse = 5, checktol = 0
Positioning pial surface
Entering MRISpositionSurface()
  max_mm = 0.3
  MAX_REDUCTIONS = 2, REDUCTION_PCT = 0.5
  parms->check_tol = 0, niterations = 100
tol=1.0e-04, sigma=0.2, host=dna01, nav=2, nbrs=2, l_surf_repulse=5.000, l_tspring=0.300, l_nspring=0.300, l_intensity=0.200, l_curv=1.000
mom=0.00, dt=0.50
000: dt: 0.0000, sse=429421.6, rms=2.128
rms = 2.1939/2.1285, sse=435549.6/429421.6, time step reduction 1 of 3 to 0.250  0 1 1
   RMS increased, rejecting step
035: dt: 0.2500, sse=423045.8, rms=2.071 (2.692%)
rms = 2.0355/2.0712, sse=418608.5/423045.9, time step reduction 2 of 3 to 0.125  0 0 1
036: dt: 0.2500, sse=418608.5, rms=2.036 (1.721%)
rms = 2.0014/2.0355, sse=415109.6/418608.5, time step reduction 3 of 3 to 0.062  0 0 1
037: dt: 0.1250, sse=415109.6, rms=2.001 (1.677%)
  maximum number of reductions reached, breaking from loop
positioning took 0.3 minutes
Pinning medial wall to white surface
removing intersecting faces
000: 3 intersecting
001: 2 intersecting
terminating search with 0 intersecting


Writing output to ../surf/lh.pial.T1
#ET# mris_place_surface  3.43 minutes
#VMPC# mris_place_surfaces VmPeak  2416888
mris_place_surface done
#@# white curv lh Thu Mar 12 13:08:03 CET 2026
cd /out/sourcedata/freesurfer/sub-v1s11x0050160_ses-1/mri
mris_place_surface --curv-map ../surf/lh.white 2 10 ../surf/lh.curv
insurf  ../surf/lh.white, nbrs 2, curvature_avgs 10
writing curvature file ../surf/lh.curv
#@# white area lh Thu Mar 12 13:08:05 CET 2026
cd /out/sourcedata/freesurfer/sub-v1s11x0050160_ses-1/mri
mris_place_surface --area-map ../surf/lh.white ../surf/lh.area
writing curvature file ../surf/lh.area
#@# pial curv lh Thu Mar 12 13:08:06 CET 2026
cd /out/sourcedata/freesurfer/sub-v1s11x0050160_ses-1/mri
mris_place_surface --curv-map ../surf/lh.pial 2 10 ../surf/lh.curv.pial
insurf  ../surf/lh.pial, nbrs 2, curvature_avgs 10
writing curvature file ../surf/lh.curv.pial
#@# pial area lh Thu Mar 12 13:08:08 CET 2026
cd /out/sourcedata/freesurfer/sub-v1s11x0050160_ses-1/mri
mris_place_surface --area-map ../surf/lh.pial ../surf/lh.area.pial
writing curvature file ../surf/lh.area.pial
#@# thickness lh Thu Mar 12 13:08:09 CET 2026
cd /out/sourcedata/freesurfer/sub-v1s11x0050160_ses-1/mri
mris_place_surface --thickness ../surf/lh.white ../surf/lh.pial 20 5 ../surf/lh.thickness
0 of 139849 vertices processed
25000 of 139849 vertices processed
50000 of 139849 vertices processed
75000 of 139849 vertices processed
100000 of 139849 vertices processed
125000 of 139849 vertices processed
0 of 139849 vertices processed
25000 of 139849 vertices processed
50000 of 139849 vertices processed
75000 of 139849 vertices processed
100000 of 139849 vertices processed
125000 of 139849 vertices processed
thickness calculation complete, 529:1170 truncations.
57324 vertices at 0 distance
110306 vertices at 1 distance
68917 vertices at 2 distance
26405 vertices at 3 distance
9858 vertices at 4 distance
3979 vertices at 5 distance
1566 vertices at 6 distance
679 vertices at 7 distance
287 vertices at 8 distance
122 vertices at 9 distance
75 vertices at 10 distance
41 vertices at 11 distance
31 vertices at 12 distance
28 vertices at 13 distance
17 vertices at 14 distance
14 vertices at 15 distance
4 vertices at 16 distance
7 vertices at 17 distance
17 vertices at 18 distance
8 vertices at 19 distance
13 vertices at 20 distance
writing curvature file ../surf/lh.thickness
#@# area and vertex vol lh Thu Mar 12 13:08:40 CET 2026
cd /out/sourcedata/freesurfer/sub-v1s11x0050160_ses-1/mri
mris_place_surface --thickness ../surf/lh.white ../surf/lh.pial 20 5 ../surf/lh.thickness
/out/sourcedata/freesurfer/sub-v1s11x0050160_ses-1/surf
mris_calc -o lh.area.mid lh.area add lh.area.pial
Saving result to 'lh.area.mid' (type = MRI_CURV_FILE)                       [ ok ]
mris_calc -o lh.area.mid lh.area.mid div 2
Saving result to 'lh.area.mid' (type = MRI_CURV_FILE)                       [ ok ]
mris_convert --volume sub-v1s11x0050160_ses-1 lh /out/sourcedata/freesurfer/sub-v1s11x0050160_ses-1/surf/lh.volume
masking with /out/sourcedata/freesurfer/sub-v1s11x0050160_ses-1/label/lh.cortex.label
Total face volume 282101
Total vertex volume 281855 (mask=0)
#@# sub-v1s11x0050160_ses-1 lh 281855
 
vertexvol Done

#-----------------------------------------
#@# Curvature Stats lh Thu Mar 12 13:08:42 CET 2026
/out/sourcedata/freesurfer/sub-v1s11x0050160_ses-1/surf

 mris_curvature_stats -m --writeCurvatureFiles -G -o ../stats/lh.curv.stats -F smoothwm sub-v1s11x0050160_ses-1 lh curv sulc 

             Toggling save flag on curvature files                       [ ok ]
                 Outputting results using filestem   [ ../stats/lh.curv.stats ]
             Toggling save flag on curvature files                       [ ok ]
                                   Setting surface [ sub-v1s11x0050160_ses-1/lh.smoothwm ]
                                Reading surface...                       [ ok ]
                                   Setting texture                     [ curv ]
                                Reading texture...                       [ ok ]
                                   Setting texture                     [ sulc ]
                                Reading texture...Gb_filter = 0
                       [ ok ]
      Calculating Discrete Principal Curvatures...
      Determining geometric order for vno faces... [####################] [ ok ]
                      Determining KH curvatures... [####################] [ ok ]
                    Determining k1k2 curvatures... [####################] [ ok ]
                                   deltaViolations                      [ 264 ]
Gb_filter = 0
#-----------------------------------------
#@# Cortical Parc 2 lh Thu Mar 12 13:08:44 CET 2026
/out/sourcedata/freesurfer/sub-v1s11x0050160_ses-1/scripts

 mris_ca_label -l ../label/lh.cortex.label -aseg ../mri/aseg.presurf.mgz -seed 1234 sub-v1s11x0050160_ses-1 lh ../surf/lh.sphere.reg /opt/freesurfer/average/lh.CDaparc.atlas.acfb40.noaparc.i12.2016-08-02.gcs ../label/lh.aparc.a2009s.annot 

setting seed for random number generator to 1234
using ../mri/aseg.presurf.mgz aseg volume to correct midline
7.3.2
  7.3.2
reading atlas from /opt/freesurfer/average/lh.CDaparc.atlas.acfb40.noaparc.i12.2016-08-02.gcs...
reading color table from GCSA file....
average std = 3.0   using min determinant for regularization = 0.088
0 singular and 0 ill-conditioned covariance matrices regularized
input 0: MEAN CURVATURE, flags 0, avgs 5, name mean_curvature
labeling surface...
58 labels changed using aseg
relabeling using gibbs priors...
000:   9195 changed, 139849 examined...
001:   2086 changed, 35792 examined...
002:    633 changed, 11211 examined...
003:    263 changed, 3675 examined...
004:    123 changed, 1551 examined...
005:     77 changed, 728 examined...
006:     41 changed, 429 examined...
007:     15 changed, 226 examined...
008:     12 changed, 82 examined...
009:      8 changed, 74 examined...
010:      0 changed, 47 examined...
15 labels changed using aseg
000: 242 total segments, 158 labels (2107 vertices) changed
001: 88 total segments, 5 labels (8 vertices) changed
002: 83 total segments, 0 labels (0 vertices) changed
10 filter iterations complete (10 requested, 30 changed)
rationalizing unknown annotations with cortex label
relabeling Medial_wall label...
1062 vertices marked for relabeling...
1062 labels changed in reclassification.
writing output to ../label/lh.aparc.a2009s.annot...
classification took 0 minutes and 13 seconds.
#-----------------------------------------
#@# Cortical Parc 3 lh Thu Mar 12 13:08:57 CET 2026
/out/sourcedata/freesurfer/sub-v1s11x0050160_ses-1/scripts

 mris_ca_label -l ../label/lh.cortex.label -aseg ../mri/aseg.presurf.mgz -seed 1234 sub-v1s11x0050160_ses-1 lh ../surf/lh.sphere.reg /opt/freesurfer/average/lh.DKTaparc.atlas.acfb40.noaparc.i12.2016-08-02.gcs ../label/lh.aparc.DKTatlas.annot 

setting seed for random number generator to 1234
using ../mri/aseg.presurf.mgz aseg volume to correct midline
7.3.2
  7.3.2
reading atlas from /opt/freesurfer/average/lh.DKTaparc.atlas.acfb40.noaparc.i12.2016-08-02.gcs...
reading color table from GCSA file....
average std = 1.4   using min determinant for regularization = 0.020
0 singular and 383 ill-conditioned covariance matrices regularized
input 0: MEAN CURVATURE, flags 0, avgs 5, name mean_curvature
labeling surface...
1778 labels changed using aseg
relabeling using gibbs priors...
000:   1985 changed, 139849 examined...
001:    464 changed, 9300 examined...
002:    129 changed, 2691 examined...
003:     68 changed, 788 examined...
004:     34 changed, 389 examined...
005:     17 changed, 199 examined...
006:     11 changed, 103 examined...
007:      6 changed, 66 examined...
008:      4 changed, 38 examined...
009:      3 changed, 18 examined...
010:      1 changed, 16 examined...
011:      1 changed, 7 examined...
012:      1 changed, 7 examined...
013:      1 changed, 8 examined...
014:      1 changed, 7 examined...
015:      0 changed, 7 examined...
270 labels changed using aseg
000: 44 total segments, 11 labels (200 vertices) changed
001: 33 total segments, 0 labels (0 vertices) changed
10 filter iterations complete (10 requested, 1 changed)
rationalizing unknown annotations with cortex label
relabeling unknown label...
relabeling corpuscallosum label...
722 vertices marked for relabeling...
722 labels changed in reclassification.
writing output to ../label/lh.aparc.DKTatlas.annot...
classification took 0 minutes and 12 seconds.
#-----------------------------------------
#@# WM/GM Contrast lh Thu Mar 12 13:09:09 CET 2026
/out/sourcedata/freesurfer/sub-v1s11x0050160_ses-1/scripts

 pctsurfcon --s sub-v1s11x0050160_ses-1 --lh-only 

Log file is /out/sourcedata/freesurfer/sub-v1s11x0050160_ses-1/scripts/pctsurfcon.log
Thu Mar 12 13:09:09 CET 2026
setenv SUBJECTS_DIR /out/sourcedata/freesurfer
cd /out/sourcedata/freesurfer/sub-v1s11x0050160_ses-1/scripts
/opt/freesurfer/bin/pctsurfcon
pctsurfcon 7.3.2
Linux dna017 5.14.0-427.37.1.el9_4.x86_64 #1 SMP PREEMPT_DYNAMIC Fri Sep 13 12:41:50 EDT 2024 x86_64 x86_64 x86_64 GNU/Linux
FREESURFER_HOME /opt/freesurfer
mri_vol2surf --mov /out/sourcedata/freesurfer/sub-v1s11x0050160_ses-1/mri/rawavg.mgz --hemi lh --noreshape --interp trilinear --projdist -1 --o /out/sourcedata/freesurfer/sub-v1s11x0050160_ses-1/surf/tmp.pctsurfcon.1560244/lh.wm.mgh --regheader sub-v1s11x0050160_ses-1 --cortex
srcvol = /out/sourcedata/freesurfer/sub-v1s11x0050160_ses-1/mri/rawavg.mgz
srcreg unspecified
srcregold = 0
srcwarp unspecified
surf = white
hemi = lh
ProjDist = -1
reshape = 0
interp = trilinear
float2int = round
GetProjMax = 0
INFO: float2int code = 0
Done loading volume
Computing registration from header.
  Using /out/sourcedata/freesurfer/sub-v1s11x0050160_ses-1/mri/orig.mgz as target reference.
-------- original matrix -----------
-0.99540   0.00000  -0.09585  -0.00002;
-0.09585   0.00000   0.99540   0.00000;
 0.00000  -1.00000   0.00000   0.00000;
 0.00000   0.00000   0.00000   1.00000;
-------- original matrix -----------
Loading label /out/sourcedata/freesurfer/sub-v1s11x0050160_ses-1/label/lh.cortex.label
Reading surface /out/sourcedata/freesurfer/sub-v1s11x0050160_ses-1/surf/lh.white
Done reading source surface
Mapping Source Volume onto Source Subject Surface
Projecting -1 -1 1
 1 -1 -1 -1
using old
Done mapping volume to surface
Number of source voxels hit = 80219
Masking with /out/sourcedata/freesurfer/sub-v1s11x0050160_ses-1/label/lh.cortex.label
Writing to /out/sourcedata/freesurfer/sub-v1s11x0050160_ses-1/surf/tmp.pctsurfcon.1560244/lh.wm.mgh
Dim: 139849 1 1
mri_vol2surf --mov /out/sourcedata/freesurfer/sub-v1s11x0050160_ses-1/mri/rawavg.mgz --hemi lh --noreshape --interp trilinear --o /out/sourcedata/freesurfer/sub-v1s11x0050160_ses-1/surf/tmp.pctsurfcon.1560244/lh.gm.mgh --projfrac 0.3 --regheader sub-v1s11x0050160_ses-1 --cortex
srcvol = /out/sourcedata/freesurfer/sub-v1s11x0050160_ses-1/mri/rawavg.mgz
srcreg unspecified
srcregold = 0
srcwarp unspecified
surf = white
hemi = lh
ProjFrac = 0.3
thickness = thickness
reshape = 0
interp = trilinear
float2int = round
GetProjMax = 0
INFO: float2int code = 0
Done loading volume
Computing registration from header.
  Using /out/sourcedata/freesurfer/sub-v1s11x0050160_ses-1/mri/orig.mgz as target reference.
-------- original matrix -----------
-0.99540   0.00000  -0.09585  -0.00002;
-0.09585   0.00000   0.99540   0.00000;
 0.00000  -1.00000   0.00000   0.00000;
 0.00000   0.00000   0.00000   1.00000;
-------- original matrix -----------
Loading label /out/sourcedata/freesurfer/sub-v1s11x0050160_ses-1/label/lh.cortex.label
Reading surface /out/sourcedata/freesurfer/sub-v1s11x0050160_ses-1/surf/lh.white
Done reading source surface
Reading thickness /out/sourcedata/freesurfer/sub-v1s11x0050160_ses-1/surf/lh.thickness
Done
Mapping Source Volume onto Source Subject Surface
Projecting 0.3 0.3 1
 1 0.3 0.3 0.3
using old
Done mapping volume to surface
Number of source voxels hit = 91632
Masking with /out/sourcedata/freesurfer/sub-v1s11x0050160_ses-1/label/lh.cortex.label
Writing to /out/sourcedata/freesurfer/sub-v1s11x0050160_ses-1/surf/tmp.pctsurfcon.1560244/lh.gm.mgh
Dim: 139849 1 1
mri_concat /out/sourcedata/freesurfer/sub-v1s11x0050160_ses-1/surf/tmp.pctsurfcon.1560244/lh.wm.mgh /out/sourcedata/freesurfer/sub-v1s11x0050160_ses-1/surf/tmp.pctsurfcon.1560244/lh.gm.mgh --paired-diff-norm --mul 100 --o /out/sourcedata/freesurfer/sub-v1s11x0050160_ses-1/surf/lh.w-g.pct.mgh
ninputs = 2
Checking inputs
nframestot = 2
Allocing output
Done allocing
Combining pairs
nframes = 1
Multiplying by 100.000000
Writing to /out/sourcedata/freesurfer/sub-v1s11x0050160_ses-1/surf/lh.w-g.pct.mgh
mri_segstats --in /out/sourcedata/freesurfer/sub-v1s11x0050160_ses-1/surf/lh.w-g.pct.mgh --annot sub-v1s11x0050160_ses-1 lh aparc --sum /out/sourcedata/freesurfer/sub-v1s11x0050160_ses-1/stats/lh.w-g.pct.stats --snr

7.3.2
cwd 
cmdline mri_segstats --in /out/sourcedata/freesurfer/sub-v1s11x0050160_ses-1/surf/lh.w-g.pct.mgh --annot sub-v1s11x0050160_ses-1 lh aparc --sum /out/sourcedata/freesurfer/sub-v1s11x0050160_ses-1/stats/lh.w-g.pct.stats --snr 
sysname  Linux
hostname dna017
machine  x86_64
user     oesteban
whitesurfname  white
UseRobust  0
Constructing seg from annotation

Reading annotation /out/sourcedata/freesurfer/sub-v1s11x0050160_ses-1/label/lh.aparc.annot
Seg base 1000
Loading /out/sourcedata/freesurfer/sub-v1s11x0050160_ses-1/surf/lh.w-g.pct.mgh
Vertex Area is 0.694574 mm^3
Generating list of segmentation ids
Found  36 segmentations
Computing statistics for each segmentation

Reporting on  35 segmentations
Using PrintSegStat
mri_segstats done
Cleaning up

Started at Thu Mar 12 12:44:15 CET 2026 
Ended   at Thu Mar 12 13:09:12 CET 2026
#@#%# recon-all-run-time-hours 0.416
recon-all -s sub-v1s11x0050160_ses-1 finished without error at Thu Mar 12 13:09:12 CET 2026



#New# invocation of recon-all 




Thu Mar 12 13:37:24 CET 2026
cd /out/sourcedata/freesurfer/sub-v1s11x0050160_ses-1
setenv SUBJECTS_DIR /out/sourcedata/freesurfer
/opt/freesurfer/bin/recon-all -autorecon-hemi lh -nohyporelabel -lh-only -openmp 16 -subjid sub-v1s11x0050160_ses-1 -sd /out/sourcedata/freesurfer -notessellate -nosmooth1 -noinflate1 -noqsphere -nofix -nowhite -nosmooth2 -noinflate2 -nocurvHK -nocurvstats -nosphere -nosurfreg -nojacobian_white -noavgcurv -nocortparc -nopial -nocortparc2 -nocortparc3 -nopctsurfcon

subjid sub-v1s11x0050160_ses-1
setenv SUBJECTS_DIR /out/sourcedata/freesurfer
FREESURFER_HOME /opt/freesurfer
Actual FREESURFER_HOME /opt/freesurfer
build-stamp.txt: freesurfer-linux-ubuntu22_x86_64-7.3.2-20220804-6354275
Linux dna017 5.14.0-427.37.1.el9_4.x86_64 #1 SMP PREEMPT_DYNAMIC Fri Sep 13 12:41:50 EDT 2024 x86_64 x86_64 x86_64 GNU/Linux
cputime      unlimited
filesize     unlimited
datasize     unlimited
stacksize    8192 kbytes
coredumpsize 0 kbytes
memoryuse    67108864 kbytes
vmemoryuse   unlimited
descriptors  1024 
memorylocked unlimited
maxproc      2061970 
maxlocks     unlimited
maxsignal    2061970 
maxmessage   819200 
maxnice      0 
maxrtprio    0 
maxrttime    unlimited

               total        used        free      shared  buff/cache   available
Mem:           503Gi        59Gi       400Gi        13Gi        43Gi       427Gi
Swap:             0B          0B          0B

########################################
program versions used
7.3.2 (freesurfer-linux-ubuntu22_x86_64-7.3.2-20220804-6354275)
7.3.2

ProgramName: lta_convert  ProgramArguments: lta_convert -all-info  ProgramVersion: 7.3.2  TimeStamp: 2026/03/12-12:37:24-GMT  BuildTime: Aug  4 2022 06:17:15  BuildStamp: freesurfer-linux-ubuntu22_x86_64-7.3.2-20220804-6354275  User: oesteban  Machine: dna017  Platform: Linux  PlatformVersion: 5.14.0-427.37.1.el9_4.x86_64  CompilerName: GCC  CompilerVersion: 8.4.0
ProgramName: mri_and  ProgramArguments: mri_and -all-info  ProgramVersion: 7.3.2  TimeStamp: 2026/03/12-12:37:24-GMT  BuildTime: Aug  4 2022 06:17:15  BuildStamp: freesurfer-linux-ubuntu22_x86_64-7.3.2-20220804-6354275  User: oesteban  Machine: dna017  Platform: Linux  PlatformVersion: 5.14.0-427.37.1.el9_4.x86_64  CompilerName: GCC  CompilerVersion: 8.4.0
ProgramName: mri_annotation2label  ProgramArguments: mri_annotation2label -all-info  ProgramVersion: 7.3.2  TimeStamp: 2026/03/12-12:37:24-GMT  BuildTime: Aug  4 2022 06:17:15  BuildStamp: freesurfer-linux-ubuntu22_x86_64-7.3.2-20220804-6354275  User: oesteban  Machine: dna017  Platform: Linux  PlatformVersion: 5.14.0-427.37.1.el9_4.x86_64  CompilerName: GCC  CompilerVersion: 8.4.0
ProgramName: mri_aparc2aseg  ProgramArguments: mri_aparc2aseg -all-info  ProgramVersion: 7.3.2  TimeStamp: 2026/03/12-12:37:24-GMT  BuildTime: Aug  4 2022 06:17:15  BuildStamp: freesurfer-linux-ubuntu22_x86_64-7.3.2-20220804-6354275  User: oesteban  Machine: dna017  Platform: Linux  PlatformVersion: 5.14.0-427.37.1.el9_4.x86_64  CompilerName: GCC  CompilerVersion: 8.4.0
ProgramName: mri_surf2volseg  ProgramArguments: mri_surf2volseg -all-info  ProgramVersion: 7.3.2  TimeStamp: 2026/03/12-12:37:24-GMT  BuildTime: Aug  4 2022 06:17:15  BuildStamp: freesurfer-linux-ubuntu22_x86_64-7.3.2-20220804-6354275  User: oesteban  Machine: dna017  Platform: Linux  PlatformVersion: 5.14.0-427.37.1.el9_4.x86_64  CompilerName: GCC  CompilerVersion: 8.4.0
ProgramName: mri_binarize  ProgramArguments: mri_binarize -all-info  ProgramVersion: 7.3.2  TimeStamp: 2026/03/12-12:37:24-GMT  BuildTime: Aug  4 2022 06:17:15  BuildStamp: freesurfer-linux-ubuntu22_x86_64-7.3.2-20220804-6354275  User: oesteban  Machine: dna017  Platform: Linux  PlatformVersion: 5.14.0-427.37.1.el9_4.x86_64  CompilerName: GCC  CompilerVersion: 8.4.0
ProgramName: mri_ca_label  ProgramArguments: mri_ca_label -all-info  ProgramVersion: 7.3.2  TimeStamp: 2026/03/12-12:37:24-GMT  BuildTime: Aug  4 2022 06:17:15  BuildStamp: freesurfer-linux-ubuntu22_x86_64-7.3.2-20220804-6354275  User: oesteban  Machine: dna017  Platform: Linux  PlatformVersion: 5.14.0-427.37.1.el9_4.x86_64  CompilerName: GCC  CompilerVersion: 8.4.0
ProgramName: mri_ca_normalize  ProgramArguments: mri_ca_normalize -all-info  ProgramVersion: 7.3.2  TimeStamp: 2026/03/12-12:37:24-GMT  BuildTime: Aug  4 2022 06:17:15  BuildStamp: freesurfer-linux-ubuntu22_x86_64-7.3.2-20220804-6354275  User: oesteban  Machine: dna017  Platform: Linux  PlatformVersion: 5.14.0-427.37.1.el9_4.x86_64  CompilerName: GCC  CompilerVersion: 8.4.0
ProgramName: mri_ca_register  ProgramArguments: mri_ca_register -all-info  ProgramVersion: 7.3.2  TimeStamp: 2026/03/12-12:37:24-GMT  BuildTime: Aug  4 2022 06:17:15  BuildStamp: freesurfer-linux-ubuntu22_x86_64-7.3.2-20220804-6354275  User: oesteban  Machine: dna017  Platform: Linux  PlatformVersion: 5.14.0-427.37.1.el9_4.x86_64  CompilerName: GCC  CompilerVersion: 8.4.0
ProgramName: mri_cc  ProgramArguments: mri_cc -all-info  ProgramVersion: 7.3.2  TimeStamp: 2026/03/12-12:37:24-GMT  BuildTime: Aug  4 2022 06:17:15  BuildStamp: freesurfer-linux-ubuntu22_x86_64-7.3.2-20220804-6354275  User: oesteban  Machine: dna017  Platform: Linux  PlatformVersion: 5.14.0-427.37.1.el9_4.x86_64  CompilerName: GCC  CompilerVersion: 8.4.0
ProgramName: mri_compute_overlap  ProgramArguments: mri_compute_overlap -all-info  ProgramVersion: 7.3.2  TimeStamp: 2026/03/12-12:37:24-GMT  BuildTime: Aug  4 2022 06:17:15  BuildStamp: freesurfer-linux-ubuntu22_x86_64-7.3.2-20220804-6354275  User: oesteban  Machine: dna017  Platform: Linux  PlatformVersion: 5.14.0-427.37.1.el9_4.x86_64  CompilerName: GCC  CompilerVersion: 8.4.0
ProgramName: mri_compute_seg_overlap  ProgramArguments: mri_compute_seg_overlap -all-info  ProgramVersion: 7.3.2  TimeStamp: 2026/03/12-12:37:24-GMT  BuildTime: Aug  4 2022 06:17:15  BuildStamp: freesurfer-linux-ubuntu22_x86_64-7.3.2-20220804-6354275  User: oesteban  Machine: dna017  Platform: Linux  PlatformVersion: 5.14.0-427.37.1.el9_4.x86_64  CompilerName: GCC  CompilerVersion: 8.4.0
ProgramName: mri_concat  ProgramArguments: mri_concat -all-info  ProgramVersion: 7.3.2  TimeStamp: 2026/03/12-12:37:24-GMT  BuildTime: Aug  4 2022 06:17:15  BuildStamp: freesurfer-linux-ubuntu22_x86_64-7.3.2-20220804-6354275  User: oesteban  Machine: dna017  Platform: Linux  PlatformVersion: 5.14.0-427.37.1.el9_4.x86_64  CompilerName: GCC  CompilerVersion: 8.4.0
ProgramName: mri_concatenate_lta  ProgramArguments: mri_concatenate_lta -all-info  ProgramVersion: 7.3.2  TimeStamp: 2026/03/12-12:37:24-GMT  BuildTime: Aug  4 2022 06:17:15  BuildStamp: freesurfer-linux-ubuntu22_x86_64-7.3.2-20220804-6354275  User: oesteban  Machine: dna017  Platform: Linux  PlatformVersion: 5.14.0-427.37.1.el9_4.x86_64  CompilerName: GCC  CompilerVersion: 8.4.0
mri_convert -all-info 
ProgramName: mri_convert  ProgramArguments: mri_convert -all-info  ProgramVersion: 7.3.2  TimeStamp: 2026/03/12-12:37:24-GMT  BuildTime: Aug  4 2022 06:17:15  BuildStamp: freesurfer-linux-ubuntu22_x86_64-7.3.2-20220804-6354275  User: oesteban  Machine: dna017  Platform: Linux  PlatformVersion: 5.14.0-427.37.1.el9_4.x86_64  CompilerName: GCC  CompilerVersion: 8.4.0
ProgramName: mri_diff  ProgramArguments: mri_diff -all-info  ProgramVersion: 7.3.2  TimeStamp: 2026/03/12-12:37:24-GMT  BuildTime: Aug  4 2022 06:17:15  BuildStamp: freesurfer-linux-ubuntu22_x86_64-7.3.2-20220804-6354275  User: oesteban  Machine: dna017  Platform: Linux  PlatformVersion: 5.14.0-427.37.1.el9_4.x86_64  CompilerName: GCC  CompilerVersion: 8.4.0
ProgramName: mri_edit_wm_with_aseg  ProgramArguments: mri_edit_wm_with_aseg -all-info  ProgramVersion: 7.3.2  TimeStamp: 2026/03/12-12:37:24-GMT  BuildTime: Aug  4 2022 06:17:15  BuildStamp: freesurfer-linux-ubuntu22_x86_64-7.3.2-20220804-6354275  User: oesteban  Machine: dna017  Platform: Linux  PlatformVersion: 5.14.0-427.37.1.el9_4.x86_64  CompilerName: GCC  CompilerVersion: 8.4.0
ProgramName: mri_em_register  ProgramArguments: mri_em_register -all-info  ProgramVersion: 7.3.2  TimeStamp: 2026/03/12-12:37:24-GMT  BuildTime: Aug  4 2022 06:17:15  BuildStamp: freesurfer-linux-ubuntu22_x86_64-7.3.2-20220804-6354275  User: oesteban  Machine: dna017  Platform: Linux  PlatformVersion: 5.14.0-427.37.1.el9_4.x86_64  CompilerName: GCC  CompilerVersion: 8.4.0
ProgramName: mri_fill  ProgramArguments: mri_fill -all-info  ProgramVersion: 7.3.2  TimeStamp: 2026/03/12-12:37:24-GMT  BuildTime: Aug  4 2022 06:17:15  BuildStamp: freesurfer-linux-ubuntu22_x86_64-7.3.2-20220804-6354275  User: oesteban  Machine: dna017  Platform: Linux  PlatformVersion: 5.14.0-427.37.1.el9_4.x86_64  CompilerName: GCC  CompilerVersion: 8.4.0
ProgramName: mri_fuse_segmentations  ProgramArguments: mri_fuse_segmentations -all-info  ProgramVersion: 7.3.2  TimeStamp: 2026/03/12-12:37:24-GMT  BuildTime: Aug  4 2022 06:17:15  BuildStamp: freesurfer-linux-ubuntu22_x86_64-7.3.2-20220804-6354275  User: oesteban  Machine: dna017  Platform: Linux  PlatformVersion: 5.14.0-427.37.1.el9_4.x86_64  CompilerName: GCC  CompilerVersion: 8.4.0
ProgramName: mri_fwhm  ProgramArguments: mri_fwhm -all-info  ProgramVersion: 7.3.2  TimeStamp: 2026/03/12-12:37:24-GMT  BuildTime: Aug  4 2022 06:17:15  BuildStamp: freesurfer-linux-ubuntu22_x86_64-7.3.2-20220804-6354275  User: oesteban  Machine: dna017  Platform: Linux  PlatformVersion: 5.14.0-427.37.1.el9_4.x86_64  CompilerName: GCC  CompilerVersion: 8.4.0
ProgramName: mri_gcut  ProgramArguments: mri_gcut -all-info  ProgramVersion: 7.3.2  TimeStamp: 2026/03/12-12:37:24-GMT  BuildTime: Aug  4 2022 06:17:15  BuildStamp: freesurfer-linux-ubuntu22_x86_64-7.3.2-20220804-6354275  User: oesteban  Machine: dna017  Platform: Linux  PlatformVersion: 5.14.0-427.37.1.el9_4.x86_64  CompilerName: GCC  CompilerVersion: 8.4.0
ProgramName: mri_info  ProgramArguments: mri_info -all-info  ProgramVersion: 7.3.2  TimeStamp: 2026/03/12-12:37:24-GMT  BuildTime: Aug  4 2022 06:17:15  BuildStamp: freesurfer-linux-ubuntu22_x86_64-7.3.2-20220804-6354275  User: oesteban  Machine: dna017  Platform: Linux  PlatformVersion: 5.14.0-427.37.1.el9_4.x86_64  CompilerName: GCC  CompilerVersion: 8.4.0
ProgramName: mri_label2label  ProgramArguments: mri_label2label -all-info  ProgramVersion: 7.3.2  TimeStamp: 2026/03/12-12:37:24-GMT  BuildTime: Aug  4 2022 06:17:15  BuildStamp: freesurfer-linux-ubuntu22_x86_64-7.3.2-20220804-6354275  User: oesteban  Machine: dna017  Platform: Linux  PlatformVersion: 5.14.0-427.37.1.el9_4.x86_64  CompilerName: GCC  CompilerVersion: 8.4.0
ProgramName: mri_label2vol  ProgramArguments: mri_label2vol -all-info  ProgramVersion: 7.3.2  TimeStamp: 2026/03/12-12:37:24-GMT  BuildTime: Aug  4 2022 06:17:15  BuildStamp: freesurfer-linux-ubuntu22_x86_64-7.3.2-20220804-6354275  User: oesteban  Machine: dna017  Platform: Linux  PlatformVersion: 5.14.0-427.37.1.el9_4.x86_64  CompilerName: GCC  CompilerVersion: 8.4.0
ProgramName: mri_log_likelihood  ProgramArguments: mri_log_likelihood -all-info  ProgramVersion: 7.3.2  TimeStamp: 2026/03/12-12:37:24-GMT  BuildTime: Aug  4 2022 06:17:15  BuildStamp: freesurfer-linux-ubuntu22_x86_64-7.3.2-20220804-6354275  User: oesteban  Machine: dna017  Platform: Linux  PlatformVersion: 5.14.0-427.37.1.el9_4.x86_64  CompilerName: GCC  CompilerVersion: 8.4.0
ProgramName: mri_mask  ProgramArguments: mri_mask -all-info  ProgramVersion: 7.3.2  TimeStamp: 2026/03/12-12:37:24-GMT  BuildTime: Aug  4 2022 06:17:15  BuildStamp: freesurfer-linux-ubuntu22_x86_64-7.3.2-20220804-6354275  User: oesteban  Machine: dna017  Platform: Linux  PlatformVersion: 5.14.0-427.37.1.el9_4.x86_64  CompilerName: GCC  CompilerVersion: 8.4.0
ProgramName: mri_matrix_multiply  ProgramArguments: mri_matrix_multiply -all-info  ProgramVersion: 7.3.2  TimeStamp: 2026/03/12-12:37:24-GMT  BuildTime: Aug  4 2022 06:17:15  BuildStamp: freesurfer-linux-ubuntu22_x86_64-7.3.2-20220804-6354275  User: oesteban  Machine: dna017  Platform: Linux  PlatformVersion: 5.14.0-427.37.1.el9_4.x86_64  CompilerName: GCC  CompilerVersion: 8.4.0
ProgramName: mri_normalize  ProgramArguments: mri_normalize -all-info  ProgramVersion: 7.3.2  TimeStamp: 2026/03/12-12:37:24-GMT  BuildTime: Aug  4 2022 06:17:15  BuildStamp: freesurfer-linux-ubuntu22_x86_64-7.3.2-20220804-6354275  User: oesteban  Machine: dna017  Platform: Linux  PlatformVersion: 5.14.0-427.37.1.el9_4.x86_64  CompilerName: GCC  CompilerVersion: 8.4.0
ProgramName: mri_normalize_tp2  ProgramArguments: mri_normalize_tp2 -all-info  ProgramVersion: 7.3.2  TimeStamp: 2026/03/12-12:37:24-GMT  BuildTime: Aug  4 2022 06:17:15  BuildStamp: freesurfer-linux-ubuntu22_x86_64-7.3.2-20220804-6354275  User: oesteban  Machine: dna017  Platform: Linux  PlatformVersion: 5.14.0-427.37.1.el9_4.x86_64  CompilerName: GCC  CompilerVersion: 8.4.0
ProgramName: mri_or  ProgramArguments: mri_or -all-info  ProgramVersion: 7.3.2  TimeStamp: 2026/03/12-12:37:24-GMT  BuildTime: Aug  4 2022 06:17:15  BuildStamp: freesurfer-linux-ubuntu22_x86_64-7.3.2-20220804-6354275  User: oesteban  Machine: dna017  Platform: Linux  PlatformVersion: 5.14.0-427.37.1.el9_4.x86_64  CompilerName: GCC  CompilerVersion: 8.4.0
ProgramName: mri_relabel_hypointensities  ProgramArguments: mri_relabel_hypointensities -all-info  ProgramVersion: 7.3.2  TimeStamp: 2026/03/12-12:37:24-GMT  BuildTime: Aug  4 2022 06:17:15  BuildStamp: freesurfer-linux-ubuntu22_x86_64-7.3.2-20220804-6354275  User: oesteban  Machine: dna017  Platform: Linux  PlatformVersion: 5.14.0-427.37.1.el9_4.x86_64  CompilerName: GCC  CompilerVersion: 8.4.0
ProgramName: mri_relabel_nonwm_hypos  ProgramArguments: mri_relabel_nonwm_hypos -all-info  ProgramVersion: 7.3.2  TimeStamp: 2026/03/12-12:37:24-GMT  BuildTime: Aug  4 2022 06:17:15  BuildStamp: freesurfer-linux-ubuntu22_x86_64-7.3.2-20220804-6354275  User: oesteban  Machine: dna017  Platform: Linux  PlatformVersion: 5.14.0-427.37.1.el9_4.x86_64  CompilerName: GCC  CompilerVersion: 8.4.0
ProgramName: mri_remove_neck  ProgramArguments: mri_remove_neck -all-info  ProgramVersion: 7.3.2  TimeStamp: 2026/03/12-12:37:24-GMT  BuildTime: Aug  4 2022 06:17:15  BuildStamp: freesurfer-linux-ubuntu22_x86_64-7.3.2-20220804-6354275  User: oesteban  Machine: dna017  Platform: Linux  PlatformVersion: 5.14.0-427.37.1.el9_4.x86_64  CompilerName: GCC  CompilerVersion: 8.4.0
7.3.2

ProgramName: mri_robust_register  ProgramArguments: mri_robust_register -all-info  ProgramVersion: 7.3.2  TimeStamp: 2026/03/12-12:37:24-GMT  BuildTime: Aug  4 2022 06:17:15  BuildStamp: freesurfer-linux-ubuntu22_x86_64-7.3.2-20220804-6354275  User: oesteban  Machine: dna017  Platform: Linux  PlatformVersion: 5.14.0-427.37.1.el9_4.x86_64  CompilerName: GCC  CompilerVersion: 8.4.0
7.3.2

ProgramName: mri_robust_template  ProgramArguments: mri_robust_template -all-info  ProgramVersion: 7.3.2  TimeStamp: 2026/03/12-12:37:24-GMT  BuildTime: Aug  4 2022 06:17:15  BuildStamp: freesurfer-linux-ubuntu22_x86_64-7.3.2-20220804-6354275  User: oesteban  Machine: dna017  Platform: Linux  PlatformVersion: 5.14.0-427.37.1.el9_4.x86_64  CompilerName: GCC  CompilerVersion: 8.4.0
ProgramName: mris_anatomical_stats  ProgramArguments: mris_anatomical_stats -all-info  ProgramVersion: 7.3.2  TimeStamp: 2026/03/12-12:37:24-GMT  BuildTime: Aug  4 2022 06:17:15  BuildStamp: freesurfer-linux-ubuntu22_x86_64-7.3.2-20220804-6354275  User: oesteban  Machine: dna017  Platform: Linux  PlatformVersion: 5.14.0-427.37.1.el9_4.x86_64  CompilerName: GCC  CompilerVersion: 8.4.0
ProgramName: mris_ca_label  ProgramArguments: mris_ca_label -all-info  ProgramVersion: 7.3.2  TimeStamp: 2026/03/12-12:37:24-GMT  BuildTime: Aug  4 2022 06:17:15  BuildStamp: freesurfer-linux-ubuntu22_x86_64-7.3.2-20220804-6354275  User: oesteban  Machine: dna017  Platform: Linux  PlatformVersion: 5.14.0-427.37.1.el9_4.x86_64  CompilerName: GCC  CompilerVersion: 8.4.0
ProgramName: mris_calc  ProgramArguments: mris_calc -all-info  ProgramVersion: 7.3.2  TimeStamp: 2026/03/12-12:37:24-GMT  BuildTime: Aug  4 2022 06:17:15  BuildStamp: freesurfer-linux-ubuntu22_x86_64-7.3.2-20220804-6354275  User: oesteban  Machine: dna017  Platform: Linux  PlatformVersion: 5.14.0-427.37.1.el9_4.x86_64  CompilerName: GCC  CompilerVersion: 8.4.0
ProgramName: mris_convert  ProgramArguments: mris_convert -all-info  ProgramVersion: 7.3.2  TimeStamp: 2026/03/12-12:37:24-GMT  BuildTime: Aug  4 2022 06:17:15  BuildStamp: freesurfer-linux-ubuntu22_x86_64-7.3.2-20220804-6354275  User: oesteban  Machine: dna017  Platform: Linux  PlatformVersion: 5.14.0-427.37.1.el9_4.x86_64  CompilerName: GCC  CompilerVersion: 8.4.0
ProgramName: mris_curvature  ProgramArguments: mris_curvature -all-info  ProgramVersion: 7.3.2  TimeStamp: 2026/03/12-12:37:24-GMT  BuildTime: Aug  4 2022 06:17:15  BuildStamp: freesurfer-linux-ubuntu22_x86_64-7.3.2-20220804-6354275  User: oesteban  Machine: dna017  Platform: Linux  PlatformVersion: 5.14.0-427.37.1.el9_4.x86_64  CompilerName: GCC  CompilerVersion: 8.4.0
ProgramName: mris_curvature_stats  ProgramArguments: mris_curvature_stats -all-info  ProgramVersion: 7.3.2  TimeStamp: 2026/03/12-12:37:24-GMT  BuildTime: Aug  4 2022 06:17:15  BuildStamp: freesurfer-linux-ubuntu22_x86_64-7.3.2-20220804-6354275  User: oesteban  Machine: dna017  Platform: Linux  PlatformVersion: 5.14.0-427.37.1.el9_4.x86_64  CompilerName: GCC  CompilerVersion: 8.4.0
ProgramName: mris_diff  ProgramArguments: mris_diff -all-info  ProgramVersion: 7.3.2  TimeStamp: 2026/03/12-12:37:24-GMT  BuildTime: Aug  4 2022 06:17:15  BuildStamp: freesurfer-linux-ubuntu22_x86_64-7.3.2-20220804-6354275  User: oesteban  Machine: dna017  Platform: Linux  PlatformVersion: 5.14.0-427.37.1.el9_4.x86_64  CompilerName: GCC  CompilerVersion: 8.4.0
ProgramName: mris_divide_parcellation  ProgramArguments: mris_divide_parcellation -all-info  ProgramVersion: 7.3.2  TimeStamp: 2026/03/12-12:37:24-GMT  BuildTime: Aug  4 2022 06:17:15  BuildStamp: freesurfer-linux-ubuntu22_x86_64-7.3.2-20220804-6354275  User: oesteban  Machine: dna017  Platform: Linux  PlatformVersion: 5.14.0-427.37.1.el9_4.x86_64  CompilerName: GCC  CompilerVersion: 8.4.0
ProgramName: mri_segment  ProgramArguments: mri_segment -all-info  ProgramVersion: 7.3.2  TimeStamp: 2026/03/12-12:37:24-GMT  BuildTime: Aug  4 2022 06:17:15  BuildStamp: freesurfer-linux-ubuntu22_x86_64-7.3.2-20220804-6354275  User: oesteban  Machine: dna017  Platform: Linux  PlatformVersion: 5.14.0-427.37.1.el9_4.x86_64  CompilerName: GCC  CompilerVersion: 8.4.0
ProgramName: mri_segstats  ProgramArguments: mri_segstats -all-info  ProgramVersion: 7.3.2  TimeStamp: 2026/03/12-12:37:24-GMT  BuildTime: Aug  4 2022 06:17:15  BuildStamp: freesurfer-linux-ubuntu22_x86_64-7.3.2-20220804-6354275  User: oesteban  Machine: dna017  Platform: Linux  PlatformVersion: 5.14.0-427.37.1.el9_4.x86_64  CompilerName: GCC  CompilerVersion: 8.4.0
ProgramName: mris_euler_number  ProgramArguments: mris_euler_number -all-info  ProgramVersion: 7.3.2  TimeStamp: 2026/03/12-12:37:24-GMT  BuildTime: Aug  4 2022 06:17:15  BuildStamp: freesurfer-linux-ubuntu22_x86_64-7.3.2-20220804-6354275  User: oesteban  Machine: dna017  Platform: Linux  PlatformVersion: 5.14.0-427.37.1.el9_4.x86_64  CompilerName: GCC  CompilerVersion: 8.4.0
ProgramName: mris_fix_topology  ProgramArguments: mris_fix_topology -all-info  ProgramVersion: 7.3.2  TimeStamp: 2026/03/12-12:37:24-GMT  BuildTime: Aug  4 2022 06:17:15  BuildStamp: freesurfer-linux-ubuntu22_x86_64-7.3.2-20220804-6354275  User: oesteban  Machine: dna017  Platform: Linux  PlatformVersion: 5.14.0-427.37.1.el9_4.x86_64  CompilerName: GCC  CompilerVersion: 8.4.0
ProgramName: mris_topo_fixer  ProgramArguments: mris_topo_fixer -all-info  ProgramVersion: 7.3.2  TimeStamp: 2026/03/12-12:37:24-GMT  BuildTime: Aug  4 2022 06:17:15  BuildStamp: freesurfer-linux-ubuntu22_x86_64-7.3.2-20220804-6354275  User: oesteban  Machine: dna017  Platform: Linux  PlatformVersion: 5.14.0-427.37.1.el9_4.x86_64  CompilerName: GCC  CompilerVersion: 8.4.0
ProgramName: mris_jacobian  ProgramArguments: mris_jacobian -all-info  ProgramVersion: 7.3.2  TimeStamp: 2026/03/12-12:37:24-GMT  BuildTime: Aug  4 2022 06:17:15  BuildStamp: freesurfer-linux-ubuntu22_x86_64-7.3.2-20220804-6354275  User: oesteban  Machine: dna017  Platform: Linux  PlatformVersion: 5.14.0-427.37.1.el9_4.x86_64  CompilerName: GCC  CompilerVersion: 8.4.0
ProgramName: mris_label2annot  ProgramArguments: mris_label2annot -all-info  ProgramVersion: 7.3.2  TimeStamp: 2026/03/12-12:37:24-GMT  BuildTime: Aug  4 2022 06:17:15  BuildStamp: freesurfer-linux-ubuntu22_x86_64-7.3.2-20220804-6354275  User: oesteban  Machine: dna017  Platform: Linux  PlatformVersion: 5.14.0-427.37.1.el9_4.x86_64  CompilerName: GCC  CompilerVersion: 8.4.0
ProgramName: mris_left_right_register  ProgramArguments: mris_left_right_register -all-info  ProgramVersion: 7.3.2  TimeStamp: 2026/03/12-12:37:24-GMT  BuildTime: Aug  4 2022 06:17:15  BuildStamp: freesurfer-linux-ubuntu22_x86_64-7.3.2-20220804-6354275  User: oesteban  Machine: dna017  Platform: Linux  PlatformVersion: 5.14.0-427.37.1.el9_4.x86_64  CompilerName: GCC  CompilerVersion: 8.4.0
ProgramName: mris_place_surface  ProgramArguments: mris_place_surface -all-info  ProgramVersion: 7.3.2  TimeStamp: 2026/03/12-12:37:24-GMT  BuildTime: Aug  4 2022 06:17:15  BuildStamp: freesurfer-linux-ubuntu22_x86_64-7.3.2-20220804-6354275  User: oesteban  Machine: dna017  Platform: Linux  PlatformVersion: 5.14.0-427.37.1.el9_4.x86_64  CompilerName: GCC  CompilerVersion: 8.4.0
ProgramName: mrisp_paint  ProgramArguments: mrisp_paint -all-info  ProgramVersion: 7.3.2  TimeStamp: 2026/03/12-12:37:24-GMT  BuildTime: Aug  4 2022 06:17:15  BuildStamp: freesurfer-linux-ubuntu22_x86_64-7.3.2-20220804-6354275  User: oesteban  Machine: dna017  Platform: Linux  PlatformVersion: 5.14.0-427.37.1.el9_4.x86_64  CompilerName: GCC  CompilerVersion: 8.4.0
ProgramName: mris_register  ProgramArguments: mris_register -all-info  ProgramVersion: 7.3.2  TimeStamp: 2026/03/12-12:37:24-GMT  BuildTime: Aug  4 2022 06:17:15  BuildStamp: freesurfer-linux-ubuntu22_x86_64-7.3.2-20220804-6354275  User: oesteban  Machine: dna017  Platform: Linux  PlatformVersion: 5.14.0-427.37.1.el9_4.x86_64  CompilerName: GCC  CompilerVersion: 8.4.0
ProgramName: mris_smooth  ProgramArguments: mris_smooth -all-info  ProgramVersion: 7.3.2  TimeStamp: 2026/03/12-12:37:24-GMT  BuildTime: Aug  4 2022 06:17:15  BuildStamp: freesurfer-linux-ubuntu22_x86_64-7.3.2-20220804-6354275  User: oesteban  Machine: dna017  Platform: Linux  PlatformVersion: 5.14.0-427.37.1.el9_4.x86_64  CompilerName: GCC  CompilerVersion: 8.4.0
ProgramName: mris_sphere  ProgramArguments: mris_sphere -all-info  ProgramVersion: 7.3.2  TimeStamp: 2026/03/12-12:37:24-GMT  BuildTime: Aug  4 2022 06:17:15  BuildStamp: freesurfer-linux-ubuntu22_x86_64-7.3.2-20220804-6354275  User: oesteban  Machine: dna017  Platform: Linux  PlatformVersion: 5.14.0-427.37.1.el9_4.x86_64  CompilerName: GCC  CompilerVersion: 8.4.0
ProgramName: mris_surface_stats  ProgramArguments: mris_surface_stats -all-info  ProgramVersion: 7.3.2  TimeStamp: 2026/03/12-12:37:24-GMT  BuildTime: Aug  4 2022 06:17:15  BuildStamp: freesurfer-linux-ubuntu22_x86_64-7.3.2-20220804-6354275  User: oesteban  Machine: dna017  Platform: Linux  PlatformVersion: 5.14.0-427.37.1.el9_4.x86_64  CompilerName: GCC  CompilerVersion: 8.4.0
ProgramName: mri_stats2seg  ProgramArguments: mri_stats2seg -all-info  ProgramVersion: 7.3.2  TimeStamp: 2026/03/12-12:37:24-GMT  BuildTime: Aug  4 2022 06:17:15  BuildStamp: freesurfer-linux-ubuntu22_x86_64-7.3.2-20220804-6354275  User: oesteban  Machine: dna017  Platform: Linux  PlatformVersion: 5.14.0-427.37.1.el9_4.x86_64  CompilerName: GCC  CompilerVersion: 8.4.0
ProgramName: mris_thickness  ProgramArguments: mris_thickness -all-info  ProgramVersion: 7.3.2  TimeStamp: 2026/03/12-12:37:24-GMT  BuildTime: Aug  4 2022 06:17:15  BuildStamp: freesurfer-linux-ubuntu22_x86_64-7.3.2-20220804-6354275  User: oesteban  Machine: dna017  Platform: Linux  PlatformVersion: 5.14.0-427.37.1.el9_4.x86_64  CompilerName: GCC  CompilerVersion: 8.4.0
ProgramName: mris_thickness_diff  ProgramArguments: mris_thickness_diff -all-info  ProgramVersion: 7.3.2  TimeStamp: 2026/03/12-12:37:24-GMT  BuildTime: Aug  4 2022 06:17:15  BuildStamp: freesurfer-linux-ubuntu22_x86_64-7.3.2-20220804-6354275  User: oesteban  Machine: dna017  Platform: Linux  PlatformVersion: 5.14.0-427.37.1.el9_4.x86_64  CompilerName: GCC  CompilerVersion: 8.4.0
ProgramName: mris_topo_fixer  ProgramArguments: mris_topo_fixer -all-info  ProgramVersion: 7.3.2  TimeStamp: 2026/03/12-12:37:24-GMT  BuildTime: Aug  4 2022 06:17:15  BuildStamp: freesurfer-linux-ubuntu22_x86_64-7.3.2-20220804-6354275  User: oesteban  Machine: dna017  Platform: Linux  PlatformVersion: 5.14.0-427.37.1.el9_4.x86_64  CompilerName: GCC  CompilerVersion: 8.4.0
ProgramName: mri_surf2surf  ProgramArguments: mri_surf2surf -all-info  ProgramVersion: 7.3.2  TimeStamp: 2026/03/12-12:37:24-GMT  BuildTime: Aug  4 2022 06:17:15  BuildStamp: freesurfer-linux-ubuntu22_x86_64-7.3.2-20220804-6354275  User: oesteban  Machine: dna017  Platform: Linux  PlatformVersion: 5.14.0-427.37.1.el9_4.x86_64  CompilerName: GCC  CompilerVersion: 8.4.0
ProgramName: mri_surf2vol  ProgramArguments: mri_surf2vol -all-info  ProgramVersion: 7.3.2  TimeStamp: 2026/03/12-12:37:24-GMT  BuildTime: Aug  4 2022 06:17:15  BuildStamp: freesurfer-linux-ubuntu22_x86_64-7.3.2-20220804-6354275  User: oesteban  Machine: dna017  Platform: Linux  PlatformVersion: 5.14.0-427.37.1.el9_4.x86_64  CompilerName: GCC  CompilerVersion: 8.4.0
ProgramName: mri_surfcluster  ProgramArguments: mri_surfcluster -all-info  ProgramVersion: 7.3.2  TimeStamp: 2026/03/12-12:37:24-GMT  BuildTime: Aug  4 2022 06:17:15  BuildStamp: freesurfer-linux-ubuntu22_x86_64-7.3.2-20220804-6354275  User: oesteban  Machine: dna017  Platform: Linux  PlatformVersion: 5.14.0-427.37.1.el9_4.x86_64  CompilerName: GCC  CompilerVersion: 8.4.0
ProgramName: mris_volmask  ProgramArguments: mris_volmask -all-info  ProgramVersion: 7.3.2  TimeStamp: 2026/03/12-12:37:24-GMT  BuildTime: Aug  4 2022 06:17:15  BuildStamp: freesurfer-linux-ubuntu22_x86_64-7.3.2-20220804-6354275  User: oesteban  Machine: dna017  Platform: Linux  PlatformVersion: 5.14.0-427.37.1.el9_4.x86_64  CompilerName: GCC  CompilerVersion: 8.4.0
ProgramName: mri_tessellate  ProgramArguments: mri_tessellate -all-info  ProgramVersion: 7.3.2  TimeStamp: 2026/03/12-12:37:24-GMT  BuildTime: Aug  4 2022 06:17:15  BuildStamp: freesurfer-linux-ubuntu22_x86_64-7.3.2-20220804-6354275  User: oesteban  Machine: dna017  Platform: Linux  PlatformVersion: 5.14.0-427.37.1.el9_4.x86_64  CompilerName: GCC  CompilerVersion: 8.4.0
ProgramName: mri_vol2surf  ProgramArguments: mri_vol2surf -all-info  ProgramVersion: 7.3.2  TimeStamp: 2026/03/12-12:37:24-GMT  BuildTime: Aug  4 2022 06:17:15  BuildStamp: freesurfer-linux-ubuntu22_x86_64-7.3.2-20220804-6354275  User: oesteban  Machine: dna017  Platform: Linux  PlatformVersion: 5.14.0-427.37.1.el9_4.x86_64  CompilerName: GCC  CompilerVersion: 8.4.0
ProgramName: mri_vol2vol  ProgramArguments: mri_vol2vol -all-info  ProgramVersion: 7.3.2  TimeStamp: 2026/03/12-12:37:24-GMT  BuildTime: Aug  4 2022 06:17:15  BuildStamp: freesurfer-linux-ubuntu22_x86_64-7.3.2-20220804-6354275  User: oesteban  Machine: dna017  Platform: Linux  PlatformVersion: 5.14.0-427.37.1.el9_4.x86_64  CompilerName: GCC  CompilerVersion: 8.4.0
ProgramName: mri_voldiff  ProgramArguments: mri_voldiff -all-info  ProgramVersion: 7.3.2  TimeStamp: 2026/03/12-12:37:24-GMT  BuildTime: Aug  4 2022 06:17:15  BuildStamp: freesurfer-linux-ubuntu22_x86_64-7.3.2-20220804-6354275  User: oesteban  Machine: dna017  Platform: Linux  PlatformVersion: 5.14.0-427.37.1.el9_4.x86_64  CompilerName: GCC  CompilerVersion: 8.4.0
ProgramName: mri_watershed  ProgramArguments: mri_watershed -all-info  ProgramVersion: 7.3.2  TimeStamp: 2026/03/12-12:37:24-GMT  BuildTime: Aug  4 2022 06:17:15  BuildStamp: freesurfer-linux-ubuntu22_x86_64-7.3.2-20220804-6354275  User: oesteban  Machine: dna017  Platform: Linux  PlatformVersion: 5.14.0-427.37.1.el9_4.x86_64  CompilerName: GCC  CompilerVersion: 8.4.0
ProgramName: tkregister2  ProgramArguments: tkregister2_cmdl -all-info  ProgramVersion: 7.3.2  TimeStamp: 2026/03/12-12:37:24-GMT  BuildTime: Aug  4 2022 06:17:15  BuildStamp: freesurfer-linux-ubuntu22_x86_64-7.3.2-20220804-6354275  User: oesteban  Machine: dna017  Platform: Linux  PlatformVersion: 5.14.0-427.37.1.el9_4.x86_64  CompilerName: GCC  CompilerVersion: 8.4.0
mri_motion_correct.fsl 7.3.2
mri_convert -all-info 
ProgramName: mri_convert  ProgramArguments: mri_convert -all-info  ProgramVersion: 7.3.2  TimeStamp: 2026/03/12-12:37:24-GMT  BuildTime: Aug  4 2022 06:17:15  BuildStamp: freesurfer-linux-ubuntu22_x86_64-7.3.2-20220804-6354275  User: oesteban  Machine: dna017  Platform: Linux  PlatformVersion: 5.14.0-427.37.1.el9_4.x86_64  CompilerName: GCC  CompilerVersion: 8.4.0
Program nu_correct, built from:
Package MNI N3, version 1.12.0, compiled by nicks@terrier (x86_64-unknown-linux-gnu) on 2015-06-19 at 01:25:34
#######################################
GCADIR /opt/freesurfer/average
GCA RB_all_2020-01-02.gca
GCASkull RB_all_withskull_2020_01_02.gca
AvgCurvTif folding.atlas.acfb40.noaparc.i12.2016-08-02.tif
GCSDIR /opt/freesurfer/average
GCS DKaparc.atlas.acfb40.noaparc.i12.2016-08-02.gcs
#######################################
#--------------------------------------------
#@# AutoDetGWStats lh Thu Mar 12 13:37:24 CET 2026
cd /out/sourcedata/freesurfer/sub-v1s11x0050160_ses-1/mri
mris_autodet_gwstats --o ../surf/autodet.gw.stats.lh.dat --i brain.finalsurfs.mgz --wm wm.mgz --surf ../surf/lh.orig.premesh
  Update not needed
#--------------------------------------------
#@# WhitePreAparc lh Thu Mar 12 13:37:24 CET 2026
cd /out/sourcedata/freesurfer/sub-v1s11x0050160_ses-1/mri
mris_place_surface --adgws-in ../surf/autodet.gw.stats.lh.dat --wm wm.mgz --threads 16 --invol brain.finalsurfs.mgz --lh --i ../surf/lh.orig --o ../surf/lh.white.preaparc --white --seg aseg.presurf.mgz --nsmooth 5
   Update not needed
#--------------------------------------------
#@# CortexLabel lh Thu Mar 12 13:37:24 CET 2026
cd /out/sourcedata/freesurfer/sub-v1s11x0050160_ses-1/mri
mri_label2label --label-cortex ../surf/lh.white.preaparc aseg.presurf.mgz 0 ../label/lh.cortex.label
   Update not needed
#--------------------------------------------
#@# CortexLabel+HipAmyg lh Thu Mar 12 13:37:24 CET 2026
cd /out/sourcedata/freesurfer/sub-v1s11x0050160_ses-1/mri
mri_label2label --label-cortex ../surf/lh.white.preaparc aseg.presurf.mgz 1 ../label/lh.cortex+hipamyg.label
   Update not needed
#@# white curv lh Thu Mar 12 13:37:24 CET 2026
cd /out/sourcedata/freesurfer/sub-v1s11x0050160_ses-1/mri
mris_place_surface --curv-map ../surf/lh.white 2 10 ../surf/lh.curv
   Update not needed
#@# white area lh Thu Mar 12 13:37:24 CET 2026
cd /out/sourcedata/freesurfer/sub-v1s11x0050160_ses-1/mri
mris_place_surface --area-map ../surf/lh.white ../surf/lh.area
   Update not needed
#@# pial curv lh Thu Mar 12 13:37:24 CET 2026
cd /out/sourcedata/freesurfer/sub-v1s11x0050160_ses-1/mri
mris_place_surface --curv-map ../surf/lh.pial 2 10 ../surf/lh.curv.pial
   Update not needed
#@# pial area lh Thu Mar 12 13:37:24 CET 2026
cd /out/sourcedata/freesurfer/sub-v1s11x0050160_ses-1/mri
mris_place_surface --area-map ../surf/lh.pial ../surf/lh.area.pial
   Update not needed
#@# thickness lh Thu Mar 12 13:37:24 CET 2026
cd /out/sourcedata/freesurfer/sub-v1s11x0050160_ses-1/mri
mris_place_surface --thickness ../surf/lh.white ../surf/lh.pial 20 5 ../surf/lh.thickness
   Update not needed
#@# area and vertex vol lh Thu Mar 12 13:37:24 CET 2026
cd /out/sourcedata/freesurfer/sub-v1s11x0050160_ses-1/mri
mris_place_surface --thickness ../surf/lh.white ../surf/lh.pial 20 5 ../surf/lh.thickness
   Update not needed
#-----------------------------------------
#@# Parcellation Stats lh Thu Mar 12 13:37:24 CET 2026
/out/sourcedata/freesurfer/sub-v1s11x0050160_ses-1/scripts

 mris_anatomical_stats -th3 -mgz -noglobal -cortex ../label/lh.cortex.label -f ../stats/lh.aparc.stats -b -a ../label/lh.aparc.annot -c ../label/aparc.annot.ctab sub-v1s11x0050160_ses-1 lh white 

computing statistics for each annotation in ../label/lh.aparc.annot.
reading volume /out/sourcedata/freesurfer/sub-v1s11x0050160_ses-1/mri/wm.mgz...
reading input surface /out/sourcedata/freesurfer/sub-v1s11x0050160_ses-1/surf/lh.white...
reading input pial surface /out/sourcedata/freesurfer/sub-v1s11x0050160_ses-1/surf/lh.pial...
reading input white surface /out/sourcedata/freesurfer/sub-v1s11x0050160_ses-1/surf/lh.white...
INFO: using TH3 volume calc
INFO: assuming MGZ format for volumes.
INFO: not computing global stats
INFO: using ../label/lh.cortex.label as mask to calc cortex NumVert, SurfArea and MeanThickness.
Using TH3 vertex volume calc
Total face volume 282101
Total vertex volume 281855 (mask=0)
Saving annotation colortable ../label/aparc.annot.ctab

table columns are:
    number of vertices
    total surface area (mm^2)
    total gray matter volume (mm^3)
    average cortical thickness +- standard deviation (mm)
    integrated rectified mean curvature
    integrated rectified Gaussian curvature
    folding index
    intrinsic curvature index
    structure name

 1567   1096   2755  2.744 0.409     0.099     0.015        9     1.0  bankssts
  981    637   1993  2.875 0.706     0.107     0.014       11     0.7  caudalanteriorcingulate
 3761   2692   7921  2.731 0.431     0.109     0.017       32     3.0  caudalmiddlefrontal
 2532   1763   3225  1.821 0.472     0.135     0.026       28     2.9  cuneus
  716    455   2389  3.489 0.854     0.091     0.019        5     0.5  entorhinal
 4698   3235   9969  2.890 0.531     0.118     0.021       50     4.3  fusiform
 6674   4778  14842  2.847 0.456     0.114     0.021       67     5.9  inferiorparietal
 5668   4021  13889  2.999 0.632     0.116     0.022       63     5.0  inferiortemporal
 1507   1041   3179  2.592 0.904     0.117     0.024       20     1.4  isthmuscingulate
 8337   5612  14676  2.383 0.541     0.127     0.025       93     8.7  lateraloccipital
 3829   2578   7964  2.933 0.834     0.117     0.023       39     3.8  lateralorbitofrontal
 4644   3207   6585  2.044 0.666     0.125     0.025       50     4.9  lingual
 2573   1773   5044  2.595 0.765     0.114     0.025       32     2.7  medialorbitofrontal
 5237   3889  14663  3.168 0.595     0.122     0.024       66     5.5  middletemporal
 1071    646   2479  3.225 0.766     0.078     0.012        5     0.5  parahippocampal
 2139   1346   4115  2.895 0.542     0.085     0.014       10     1.3  paracentral
 2444   1729   6067  2.940 0.582     0.109     0.021       20     2.1  parsopercularis
  773    624   2415  2.987 0.547     0.142     0.027       12     0.9  parsorbitalis
 1675   1205   3805  2.806 0.499     0.123     0.020       19     1.5  parstriangularis
 2145   1485   1909  1.524 0.440     0.131     0.028       23     2.5  pericalcarine
 6395   4341  11942  2.449 0.722     0.109     0.016       57     4.7  postcentral
 1611   1113   3571  2.923 0.904     0.109     0.019       17     1.4  posteriorcingulate
 6759   4606  13714  2.745 0.470     0.106     0.018       55     4.9  precentral
 6590   4452  13782  2.866 0.524     0.113     0.019       61     5.4  precuneus
 1404    960   3594  3.170 0.629     0.115     0.019       18     1.1  rostralanteriorcingulate
 8663   6569  19706  2.618 0.618     0.131     0.026      124     9.9  rostralmiddlefrontal
10749   7787  26829  3.151 0.530     0.122     0.023      107    10.4  superiorfrontal
 8151   5660  16615  2.643 0.482     0.113     0.019       78     6.7  superiorparietal
 6108   4097  15042  3.248 0.624     0.099     0.018       46     4.5  superiortemporal
 6179   4487  14354  2.918 0.549     0.121     0.023       67     6.0  supramarginal
  378    289   1268  3.211 0.583     0.171     0.045        7     0.8  frontalpole
  602    444   2377  3.839 0.772     0.128     0.024        7     0.6  temporalpole
  743    506   1247  2.285 0.517     0.128     0.020        7     0.6  transversetemporal
 3766   2516   7929  3.212 0.826     0.104     0.025       36     3.7  insula

 mris_anatomical_stats -th3 -mgz -noglobal -cortex ../label/lh.cortex.label -f ../stats/lh.aparc.pial.stats -b -a ../label/lh.aparc.annot -c ../label/aparc.annot.ctab sub-v1s11x0050160_ses-1 lh pial 

computing statistics for each annotation in ../label/lh.aparc.annot.
reading volume /out/sourcedata/freesurfer/sub-v1s11x0050160_ses-1/mri/wm.mgz...
reading input surface /out/sourcedata/freesurfer/sub-v1s11x0050160_ses-1/surf/lh.pial...
reading input pial surface /out/sourcedata/freesurfer/sub-v1s11x0050160_ses-1/surf/lh.pial...
reading input white surface /out/sourcedata/freesurfer/sub-v1s11x0050160_ses-1/surf/lh.white...
INFO: using TH3 volume calc
INFO: assuming MGZ format for volumes.
INFO: not computing global stats
INFO: using ../label/lh.cortex.label as mask to calc cortex NumVert, SurfArea and MeanThickness.
Using TH3 vertex volume calc
Total face volume 282101
Total vertex volume 281855 (mask=0)
Saving annotation colortable ../label/aparc.annot.ctab

table columns are:
    number of vertices
    total surface area (mm^2)
    total gray matter volume (mm^3)
    average cortical thickness +- standard deviation (mm)
    integrated rectified mean curvature
    integrated rectified Gaussian curvature
    folding index
    intrinsic curvature index
    structure name

 1567    939   2755  2.744 0.409     0.093     0.021       24     1.4  bankssts
  981    753   1993  2.875 0.706     0.137     0.054       36     1.6  caudalanteriorcingulate
 3761   3114   7921  2.731 0.431     0.127     0.022     1621     3.7  caudalmiddlefrontal
 2532   1989   3225  1.821 0.472     0.135     0.035       68     3.6  cuneus
  716    919   2389  3.489 0.854     0.256     0.062       16     2.5  entorhinal
 4698   3701   9969  2.890 0.531     0.127     0.179       68     5.8  fusiform
 6674   5655  14842  2.847 0.456     0.138     0.029      252     8.2  inferiorparietal
 5668   5216  13889  2.999 0.632     0.133     0.029      104     7.0  inferiortemporal
 1507   1427   3179  2.592 0.904     0.166     0.044      441     2.3  isthmuscingulate
 8337   6782  14676  2.383 0.541     0.122     0.035      244     9.0  lateraloccipital
 3829   2808   7964  2.933 0.834     0.121     0.030      163     4.8  lateralorbitofrontal
 4644   3597   6585  2.044 0.666     0.123     0.031       96     6.1  lingual
 2573   2242   5044  2.595 0.765     0.131     0.031       40     2.8  medialorbitofrontal
 5237   5330  14663  3.168 0.595     0.160     0.035      100     7.6  middletemporal
 1071    936   2479  3.225 0.766     0.153     0.035       13     1.9  parahippocampal
 2139   1496   4115  2.895 0.542     0.101     0.024       26     2.2  paracentral
 2444   2275   6067  2.940 0.582     0.147     0.033       26     3.5  parsopercularis
  773    985   2415  2.987 0.547     0.196     0.043       11     1.3  parsorbitalis
 1675   1487   3805  2.806 0.499     0.145     0.026       35     2.0  parstriangularis
 2145   1168   1909  1.524 0.440     0.095     0.028       86     1.8  pericalcarine
 6395   5349  11942  2.449 0.722     0.126     0.024       78     6.7  postcentral
 1611   1363   3571  2.923 0.904     0.154     0.046      104     2.8  posteriorcingulate
 6759   5323  13714  2.745 0.470     0.115     0.022       92     6.0  precentral
 6590   5072  13782  2.866 0.524     0.130     0.032      128     8.8  precuneus
 1404   1332   3594  3.170 0.629     0.159     0.037       54     1.9  rostralanteriorcingulate
 8663   8315  19706  2.618 0.618     0.162     0.034      226    12.4  rostralmiddlefrontal
10749   9111  26829  3.151 0.530     0.137     0.032      260    13.1  superiorfrontal
 8151   6839  16615  2.643 0.482     0.130     0.026      130     8.9  superiorparietal
 6108   5081  15042  3.248 0.624     0.130     0.030      119     7.0  superiortemporal
 6179   5336  14354  2.918 0.549     0.137     0.033      103     7.9  supramarginal
  378    495   1268  3.211 0.583     0.232     0.045        7     0.8  frontalpole
  602    800   2377  3.839 0.772     0.204     0.036       13     1.0  temporalpole
  743    635   1247  2.285 0.517     0.135     0.031       22     1.1  transversetemporal
 3766   2365   7929  3.212 0.826     0.126     0.042      145     4.8  insula
#-----------------------------------------
#@# Parcellation Stats 2 lh Thu Mar 12 13:37:44 CET 2026
/out/sourcedata/freesurfer/sub-v1s11x0050160_ses-1/scripts

 mris_anatomical_stats -th3 -mgz -noglobal -cortex ../label/lh.cortex.label -f ../stats/lh.aparc.a2009s.stats -b -a ../label/lh.aparc.a2009s.annot -c ../label/aparc.annot.a2009s.ctab sub-v1s11x0050160_ses-1 lh white 

computing statistics for each annotation in ../label/lh.aparc.a2009s.annot.
reading volume /out/sourcedata/freesurfer/sub-v1s11x0050160_ses-1/mri/wm.mgz...
reading input surface /out/sourcedata/freesurfer/sub-v1s11x0050160_ses-1/surf/lh.white...
reading input pial surface /out/sourcedata/freesurfer/sub-v1s11x0050160_ses-1/surf/lh.pial...
reading input white surface /out/sourcedata/freesurfer/sub-v1s11x0050160_ses-1/surf/lh.white...
INFO: using TH3 volume calc
INFO: assuming MGZ format for volumes.
INFO: not computing global stats
INFO: using ../label/lh.cortex.label as mask to calc cortex NumVert, SurfArea and MeanThickness.
Using TH3 vertex volume calc
Total face volume 282101
Total vertex volume 281855 (mask=0)
Saving annotation colortable ../label/aparc.annot.a2009s.ctab

table columns are:
    number of vertices
    total surface area (mm^2)
    total gray matter volume (mm^3)
    average cortical thickness +- standard deviation (mm)
    integrated rectified mean curvature
    integrated rectified Gaussian curvature
    folding index
    intrinsic curvature index
    structure name

 1446   1087   3127  2.478 0.743     0.146     0.032       29     2.0  G_and_S_frontomargin
 1977   1393   4333  2.687 0.498     0.134     0.027       23     2.2  G_and_S_occipital_inf
 1676   1042   3292  2.720 0.530     0.105     0.019       14     1.4  G_and_S_paracentral
 1551   1090   4031  3.137 0.534     0.131     0.022       21     1.4  G_and_S_subcentral
  856    664   2436  2.680 0.662     0.159     0.038       20     1.3  G_and_S_transv_frontopol
 2682   1863   6098  3.077 0.544     0.113     0.020       28     2.2  G_and_S_cingul-Ant
 1253    819   2459  3.069 0.521     0.089     0.012        7     0.7  G_and_S_cingul-Mid-Ant
 1304    872   2960  3.365 0.560     0.100     0.019        8     1.1  G_and_S_cingul-Mid-Post
  593    425   2008  3.386 0.574     0.147     0.031       10     0.7  G_cingul-Post-dorsal
  325    217    733  2.721 0.730     0.126     0.026        5     0.3  G_cingul-Post-ventral
 2244   1592   2925  1.671 0.506     0.145     0.028       28     2.8  G_cuneus
 1459   1045   4661  3.198 0.568     0.118     0.024       16     1.4  G_front_inf-Opercular
  333    256   1150  3.177 0.372     0.143     0.029        6     0.3  G_front_inf-Orbital
  876    659   2526  2.893 0.463     0.142     0.027       15     1.0  G_front_inf-Triangul
 4775   3815  13297  2.741 0.556     0.141     0.026       77     5.8  G_front_middle
 7109   5283  20943  3.287 0.517     0.133     0.026       87     7.9  G_front_sup
  693    483   1570  3.271 0.653     0.140     0.037       12     1.0  G_Ins_lg_and_S_cent_ins
  699    483   2484  3.803 0.725     0.101     0.024        9     0.7  G_insular_short
 2443   1687   6046  2.782 0.507     0.133     0.027       36     2.7  G_occipital_middle
 1483   1007   2860  2.384 0.522     0.121     0.025       14     1.5  G_occipital_sup
 1905   1276   4711  3.019 0.614     0.129     0.025       26     2.1  G_oc-temp_lat-fusifor
 3078   2137   4481  1.926 0.682     0.141     0.031       41     4.0  G_oc-temp_med-Lingual
 1293    779   3965  3.432 0.799     0.084     0.017        7     0.9  G_oc-temp_med-Parahip
 2348   1656   6282  2.918 0.920     0.128     0.029       32     2.9  G_orbital
 2668   2031   7755  2.914 0.494     0.135     0.027       43     2.8  G_pariet_inf-Angular
 2845   2148   8466  3.086 0.575     0.130     0.026       37     3.2  G_pariet_inf-Supramar
 2939   2145   7720  2.793 0.513     0.127     0.025       40     2.8  G_parietal_sup
 2270   1562   5176  2.597 0.594     0.122     0.018       26     1.9  G_postcentral
 2251   1550   5817  2.836 0.399     0.111     0.019       23     1.8  G_precentral
 3352   2302   8998  3.011 0.538     0.124     0.023       42     3.2  G_precuneus
 1110    757   2489  2.447 0.809     0.133     0.036       22     1.9  G_rectus
  707    433   1100  2.535 1.048     0.088     0.030        8     0.8  G_subcallosal
  525    346   1048  2.345 0.552     0.114     0.021        5     0.4  G_temp_sup-G_T_transv
 2001   1378   6990  3.469 0.522     0.133     0.029       28     2.4  G_temp_sup-Lateral
  799    509   2217  3.816 0.732     0.071     0.013        3     0.4  G_temp_sup-Plan_polar
 1170    797   2661  3.118 0.594     0.082     0.011        5     0.6  G_temp_sup-Plan_tempo
 2665   1943   8012  3.136 0.666     0.129     0.026       39     2.8  G_temporal_inf
 2821   2219   9970  3.316 0.565     0.142     0.031       52     3.7  G_temporal_middle
  333    237    662  2.739 0.453     0.107     0.011        3     0.2  Lat_Fis-ant-Horizont
  257    190    454  2.487 0.531     0.103     0.016        1     0.2  Lat_Fis-ant-Vertical
 1157    773   1579  2.717 0.470     0.106     0.018        7     0.9  Lat_Fis-post
 2156   1372   2781  1.873 0.448     0.128     0.025       26     2.5  Pole_occipital
 1764   1307   5892  3.368 0.636     0.125     0.027       24     1.9  Pole_temporal
 2511   1710   2821  1.890 0.684     0.117     0.024       23     2.5  S_calcarine
 3002   2015   3625  2.079 0.611     0.092     0.015       14     1.8  S_central
 1180    779   1798  2.713 0.525     0.085     0.010        5     0.6  S_cingul-Marginalis
  444    300    808  3.199 0.532     0.093     0.018        2     0.3  S_circular_insula_ant
 1434    973   2375  3.186 0.708     0.084     0.013        5     0.7  S_circular_insula_inf
 1888   1232   2884  3.043 0.570     0.095     0.015        8     1.3  S_circular_insula_sup
 1314    900   2316  2.845 0.453     0.101     0.014       11     0.8  S_collat_transv_ant
  726    504    997  2.278 0.450     0.142     0.030        8     0.9  S_collat_transv_post
 2387   1713   4271  2.643 0.466     0.120     0.024       21     2.5  S_front_inf
 1714   1163   2396  2.419 0.568     0.104     0.019       10     1.4  S_front_middle
 2976   2079   5556  2.791 0.404     0.097     0.015       17     1.8  S_front_sup
  615    412    818  2.419 0.481     0.099     0.012        3     0.4  S_interm_prim-Jensen
 3067   2063   4743  2.628 0.444     0.095     0.013       17     1.8  S_intrapariet_and_P_trans
 1418    968   2005  2.432 0.366     0.107     0.020        8     1.2  S_oc_middle_and_Lunatus
 1352    905   1979  2.476 0.390     0.100     0.018        8     0.9  S_oc_sup_and_transversal
  808    555   1437  2.541 0.422     0.109     0.015        7     0.5  S_occipital_ant
 1045    713   1626  2.739 0.432     0.096     0.015        5     0.7  S_oc-temp_lat
 2295   1566   3532  2.626 0.593     0.096     0.013       13     1.3  S_oc-temp_med_and_Lingual
  275    188    358  2.357 0.484     0.088     0.009        1     0.1  S_orbital_lateral
  773    528   1029  2.377 0.526     0.109     0.014        5     0.4  S_orbital_med-olfact
 1442    986   2977  3.123 0.685     0.110     0.018       12     1.2  S_orbital-H_Shaped
 2408   1625   3647  2.566 0.483     0.099     0.014       17     1.5  S_parieto_occipital
 1084    717   1039  1.770 0.596     0.102     0.017       16     0.9  S_pericallosal
 3128   2157   4982  2.649 0.448     0.109     0.018       24     2.7  S_postcentral
 1506   1038   2608  2.732 0.382     0.096     0.013       10     0.8  S_precentral-inf-part
 1421    951   2101  2.723 0.413     0.094     0.013        6     0.9  S_precentral-sup-part
  635    434    995  2.765 0.705     0.101     0.012        3     0.3  S_suborbital
 1230    830   1986  2.826 0.367     0.103     0.016        7     0.9  S_subparietal
 1966   1349   2966  2.703 0.513     0.101     0.015       11     1.3  S_temporal_inf
 6426   4379  11377  2.885 0.479     0.099     0.016       39     4.5  S_temporal_sup
  408    288    636  2.723 0.553     0.125     0.017        3     0.3  S_temporal_transverse
#-----------------------------------------
#@# Parcellation Stats 3 lh Thu Mar 12 13:37:54 CET 2026
/out/sourcedata/freesurfer/sub-v1s11x0050160_ses-1/scripts

 mris_anatomical_stats -th3 -mgz -noglobal -cortex ../label/lh.cortex.label -f ../stats/lh.aparc.DKTatlas.stats -b -a ../label/lh.aparc.DKTatlas.annot -c ../label/aparc.annot.DKTatlas.ctab sub-v1s11x0050160_ses-1 lh white 

computing statistics for each annotation in ../label/lh.aparc.DKTatlas.annot.
reading volume /out/sourcedata/freesurfer/sub-v1s11x0050160_ses-1/mri/wm.mgz...
reading input surface /out/sourcedata/freesurfer/sub-v1s11x0050160_ses-1/surf/lh.white...
reading input pial surface /out/sourcedata/freesurfer/sub-v1s11x0050160_ses-1/surf/lh.pial...
reading input white surface /out/sourcedata/freesurfer/sub-v1s11x0050160_ses-1/surf/lh.white...
INFO: using TH3 volume calc
INFO: assuming MGZ format for volumes.
INFO: not computing global stats
INFO: using ../label/lh.cortex.label as mask to calc cortex NumVert, SurfArea and MeanThickness.
Using TH3 vertex volume calc
Total face volume 282101
Total vertex volume 281855 (mask=0)
Saving annotation colortable ../label/aparc.annot.DKTatlas.ctab

table columns are:
    number of vertices
    total surface area (mm^2)
    total gray matter volume (mm^3)
    average cortical thickness +- standard deviation (mm)
    integrated rectified mean curvature
    integrated rectified Gaussian curvature
    folding index
    intrinsic curvature index
    structure name

 1912   1222   3923  3.016 0.679     0.100     0.016       18     1.2  caudalanteriorcingulate
 4029   2880   8372  2.715 0.446     0.108     0.017       33     3.2  caudalmiddlefrontal
 3413   2352   4661  1.983 0.539     0.127     0.023       36     3.5  cuneus
  652    408   2231  3.491 0.879     0.090     0.018        4     0.4  entorhinal
 4296   2945   8884  2.874 0.537     0.118     0.021       44     3.9  fusiform
 6881   4933  15356  2.836 0.464     0.115     0.021       71     6.2  inferiorparietal
 5692   4049  14478  3.024 0.628     0.117     0.022       67     5.2  inferiortemporal
 1516   1048   3178  2.605 0.898     0.117     0.024       20     1.4  isthmuscingulate
 8281   5569  14732  2.393 0.535     0.126     0.025       90     8.6  lateraloccipital
 4280   2940   9298  2.873 0.857     0.120     0.025       51     4.6  lateralorbitofrontal
 4843   3344   6792  2.027 0.652     0.126     0.025       53     5.2  lingual
 2457   1657   4622  2.503 0.790     0.112     0.028       35     3.0  medialorbitofrontal
 6726   4941  17207  3.052 0.601     0.117     0.022       75     6.3  middletemporal
 1115    674   2560  3.230 0.754     0.077     0.012        6     0.5  parahippocampal
 2500   1594   4898  2.945 0.527     0.089     0.015       13     1.6  paracentral
 2321   1625   5730  2.948 0.589     0.110     0.021       20     2.0  parsopercularis
  808    616   2047  2.937 0.419     0.124     0.022        8     0.7  parsorbitalis
 2152   1580   4999  2.796 0.500     0.126     0.022       28     2.2  parstriangularis
 2130   1475   1904  1.530 0.449     0.133     0.028       22     2.6  pericalcarine
 7262   4964  13889  2.522 0.742     0.112     0.018       66     5.8  postcentral
 1718   1196   3858  2.957 0.875     0.112     0.020       19     1.6  posteriorcingulate
 6685   4549  13486  2.748 0.467     0.106     0.018       54     4.8  precentral
 6311   4293  13739  2.893 0.531     0.115     0.020       61     5.3  precuneus
 1926   1315   4574  3.068 0.737     0.114     0.019       22     1.7  rostralanteriorcingulate
 6063   4660  14458  2.679 0.615     0.136     0.027       83     7.2  rostralmiddlefrontal
11535   8496  28791  3.033 0.594     0.125     0.024      129    11.6  superiorfrontal
 6559   4535  13162  2.644 0.455     0.111     0.019       62     5.0  superiorparietal
 7916   5361  19613  3.253 0.655     0.103     0.019       62     6.2  superiortemporal
 5530   4019  12708  2.917 0.543     0.122     0.023       58     5.4  supramarginal
  727    496   1213  2.275 0.513     0.128     0.020        7     0.6  transversetemporal
 2833   1910   6493  3.397 0.659     0.102     0.020       25     2.2  insula
/out/sourcedata/freesurfer/sub-v1s11x0050160_ses-1/label
#--------------------------------------------
#@# BA_exvivo Labels lh Thu Mar 12 13:38:04 CET 2026

 mri_label2label --srcsubject fsaverage --srclabel /out/sourcedata/freesurfer/fsaverage/label/lh.BA1_exvivo.label --trgsubject sub-v1s11x0050160_ses-1 --trglabel ./lh.BA1_exvivo.label --hemi lh --regmethod surface 


srclabel = /out/sourcedata/freesurfer/fsaverage/label/lh.BA1_exvivo.label
srcsubject = fsaverage
trgsubject = sub-v1s11x0050160_ses-1
trglabel = ./lh.BA1_exvivo.label
regmethod = surface

srchemi = lh
trghemi = lh
trgsurface = white
srcsurfreg = sphere.reg
trgsurfreg = sphere.reg
usehash = 1
Use ProjAbs  = 0, 0
Use ProjFrac = 0, 0
DoPaint 0

SUBJECTS_DIR    /out/sourcedata/freesurfer
FREESURFER_HOME /opt/freesurfer
Loading source label.
Found 4129 points in source label.
Starting surface-based mapping
Reading source registration 
 /out/sourcedata/freesurfer/fsaverage/surf/lh.sphere.reg
Rescaling ...  original radius = 100
Reading target surface 
 /out/sourcedata/freesurfer/sub-v1s11x0050160_ses-1/surf/lh.white
Reading target registration 
 /out/sourcedata/freesurfer/sub-v1s11x0050160_ses-1/surf/lh.sphere.reg
Rescaling ...  original radius = 100
Building target registration hash (res=16).
Building source registration hash (res=16).
INFO: found  4129 nlabel points
Performing mapping from target back to the source label 139849
Number of reverse mapping hits = 117
Checking for and removing duplicates
Writing label file ./lh.BA1_exvivo.label 4246
mri_label2label: Done


 mri_label2label --srcsubject fsaverage --srclabel /out/sourcedata/freesurfer/fsaverage/label/lh.BA2_exvivo.label --trgsubject sub-v1s11x0050160_ses-1 --trglabel ./lh.BA2_exvivo.label --hemi lh --regmethod surface 


srclabel = /out/sourcedata/freesurfer/fsaverage/label/lh.BA2_exvivo.label
srcsubject = fsaverage
trgsubject = sub-v1s11x0050160_ses-1
trglabel = ./lh.BA2_exvivo.label
regmethod = surface

srchemi = lh
trghemi = lh
trgsurface = white
srcsurfreg = sphere.reg
trgsurfreg = sphere.reg
usehash = 1
Use ProjAbs  = 0, 0
Use ProjFrac = 0, 0
DoPaint 0

SUBJECTS_DIR    /out/sourcedata/freesurfer
FREESURFER_HOME /opt/freesurfer
Loading source label.
Found 7909 points in source label.
Starting surface-based mapping
Reading source registration 
 /out/sourcedata/freesurfer/fsaverage/surf/lh.sphere.reg
Rescaling ...  original radius = 100
Reading target surface 
 /out/sourcedata/freesurfer/sub-v1s11x0050160_ses-1/surf/lh.white
Reading target registration 
 /out/sourcedata/freesurfer/sub-v1s11x0050160_ses-1/surf/lh.sphere.reg
Rescaling ...  original radius = 100
Building target registration hash (res=16).
Building source registration hash (res=16).
INFO: found  7909 nlabel points
Performing mapping from target back to the source label 139849
Number of reverse mapping hits = 213
Checking for and removing duplicates
Writing label file ./lh.BA2_exvivo.label 8122
mri_label2label: Done


 mri_label2label --srcsubject fsaverage --srclabel /out/sourcedata/freesurfer/fsaverage/label/lh.BA3a_exvivo.label --trgsubject sub-v1s11x0050160_ses-1 --trglabel ./lh.BA3a_exvivo.label --hemi lh --regmethod surface 


srclabel = /out/sourcedata/freesurfer/fsaverage/label/lh.BA3a_exvivo.label
srcsubject = fsaverage
trgsubject = sub-v1s11x0050160_ses-1
trglabel = ./lh.BA3a_exvivo.label
regmethod = surface

srchemi = lh
trghemi = lh
trgsurface = white
srcsurfreg = sphere.reg
trgsurfreg = sphere.reg
usehash = 1
Use ProjAbs  = 0, 0
Use ProjFrac = 0, 0
DoPaint 0

SUBJECTS_DIR    /out/sourcedata/freesurfer
FREESURFER_HOME /opt/freesurfer
Loading source label.
Found 4077 points in source label.
Starting surface-based mapping
Reading source registration 
 /out/sourcedata/freesurfer/fsaverage/surf/lh.sphere.reg
Rescaling ...  original radius = 100
Reading target surface 
 /out/sourcedata/freesurfer/sub-v1s11x0050160_ses-1/surf/lh.white
Reading target registration 
 /out/sourcedata/freesurfer/sub-v1s11x0050160_ses-1/surf/lh.sphere.reg
Rescaling ...  original radius = 100
Building target registration hash (res=16).
Building source registration hash (res=16).
INFO: found  4077 nlabel points
Performing mapping from target back to the source label 139849
Number of reverse mapping hits = 18
Checking for and removing duplicates
Writing label file ./lh.BA3a_exvivo.label 4095
mri_label2label: Done


 mri_label2label --srcsubject fsaverage --srclabel /out/sourcedata/freesurfer/fsaverage/label/lh.BA3b_exvivo.label --trgsubject sub-v1s11x0050160_ses-1 --trglabel ./lh.BA3b_exvivo.label --hemi lh --regmethod surface 


srclabel = /out/sourcedata/freesurfer/fsaverage/label/lh.BA3b_exvivo.label
srcsubject = fsaverage
trgsubject = sub-v1s11x0050160_ses-1
trglabel = ./lh.BA3b_exvivo.label
regmethod = surface

srchemi = lh
trghemi = lh
trgsurface = white
srcsurfreg = sphere.reg
trgsurfreg = sphere.reg
usehash = 1
Use ProjAbs  = 0, 0
Use ProjFrac = 0, 0
DoPaint 0

SUBJECTS_DIR    /out/sourcedata/freesurfer
FREESURFER_HOME /opt/freesurfer
Loading source label.
Found 5983 points in source label.
Starting surface-based mapping
Reading source registration 
 /out/sourcedata/freesurfer/fsaverage/surf/lh.sphere.reg
Rescaling ...  original radius = 100
Reading target surface 
 /out/sourcedata/freesurfer/sub-v1s11x0050160_ses-1/surf/lh.white
Reading target registration 
 /out/sourcedata/freesurfer/sub-v1s11x0050160_ses-1/surf/lh.sphere.reg
Rescaling ...  original radius = 100
Building target registration hash (res=16).
Building source registration hash (res=16).
INFO: found  5983 nlabel points
Performing mapping from target back to the source label 139849
Number of reverse mapping hits = 110
Checking for and removing duplicates
Writing label file ./lh.BA3b_exvivo.label 6093
mri_label2label: Done


 mri_label2label --srcsubject fsaverage --srclabel /out/sourcedata/freesurfer/fsaverage/label/lh.BA4a_exvivo.label --trgsubject sub-v1s11x0050160_ses-1 --trglabel ./lh.BA4a_exvivo.label --hemi lh --regmethod surface 


srclabel = /out/sourcedata/freesurfer/fsaverage/label/lh.BA4a_exvivo.label
srcsubject = fsaverage
trgsubject = sub-v1s11x0050160_ses-1
trglabel = ./lh.BA4a_exvivo.label
regmethod = surface

srchemi = lh
trghemi = lh
trgsurface = white
srcsurfreg = sphere.reg
trgsurfreg = sphere.reg
usehash = 1
Use ProjAbs  = 0, 0
Use ProjFrac = 0, 0
DoPaint 0

SUBJECTS_DIR    /out/sourcedata/freesurfer
FREESURFER_HOME /opt/freesurfer
Loading source label.
Found 5784 points in source label.
Starting surface-based mapping
Reading source registration 
 /out/sourcedata/freesurfer/fsaverage/surf/lh.sphere.reg
Rescaling ...  original radius = 100
Reading target surface 
 /out/sourcedata/freesurfer/sub-v1s11x0050160_ses-1/surf/lh.white
Reading target registration 
 /out/sourcedata/freesurfer/sub-v1s11x0050160_ses-1/surf/lh.sphere.reg
Rescaling ...  original radius = 100
Building target registration hash (res=16).
Building source registration hash (res=16).
INFO: found  5784 nlabel points
Performing mapping from target back to the source label 139849
Number of reverse mapping hits = 46
Checking for and removing duplicates
Writing label file ./lh.BA4a_exvivo.label 5830
mri_label2label: Done


 mri_label2label --srcsubject fsaverage --srclabel /out/sourcedata/freesurfer/fsaverage/label/lh.BA4p_exvivo.label --trgsubject sub-v1s11x0050160_ses-1 --trglabel ./lh.BA4p_exvivo.label --hemi lh --regmethod surface 


srclabel = /out/sourcedata/freesurfer/fsaverage/label/lh.BA4p_exvivo.label
srcsubject = fsaverage
trgsubject = sub-v1s11x0050160_ses-1
trglabel = ./lh.BA4p_exvivo.label
regmethod = surface

srchemi = lh
trghemi = lh
trgsurface = white
srcsurfreg = sphere.reg
trgsurfreg = sphere.reg
usehash = 1
Use ProjAbs  = 0, 0
Use ProjFrac = 0, 0
DoPaint 0

SUBJECTS_DIR    /out/sourcedata/freesurfer
FREESURFER_HOME /opt/freesurfer
Loading source label.
Found 4070 points in source label.
Starting surface-based mapping
Reading source registration 
 /out/sourcedata/freesurfer/fsaverage/surf/lh.sphere.reg
Rescaling ...  original radius = 100
Reading target surface 
 /out/sourcedata/freesurfer/sub-v1s11x0050160_ses-1/surf/lh.white
Reading target registration 
 /out/sourcedata/freesurfer/sub-v1s11x0050160_ses-1/surf/lh.sphere.reg
Rescaling ...  original radius = 100
Building target registration hash (res=16).
Building source registration hash (res=16).
INFO: found  4070 nlabel points
Performing mapping from target back to the source label 139849
Number of reverse mapping hits = 20
Checking for and removing duplicates
Writing label file ./lh.BA4p_exvivo.label 4090
mri_label2label: Done


 mri_label2label --srcsubject fsaverage --srclabel /out/sourcedata/freesurfer/fsaverage/label/lh.BA6_exvivo.label --trgsubject sub-v1s11x0050160_ses-1 --trglabel ./lh.BA6_exvivo.label --hemi lh --regmethod surface 


srclabel = /out/sourcedata/freesurfer/fsaverage/label/lh.BA6_exvivo.label
srcsubject = fsaverage
trgsubject = sub-v1s11x0050160_ses-1
trglabel = ./lh.BA6_exvivo.label
regmethod = surface

srchemi = lh
trghemi = lh
trgsurface = white
srcsurfreg = sphere.reg
trgsurfreg = sphere.reg
usehash = 1
Use ProjAbs  = 0, 0
Use ProjFrac = 0, 0
DoPaint 0

SUBJECTS_DIR    /out/sourcedata/freesurfer
FREESURFER_HOME /opt/freesurfer
Loading source label.
Found 13589 points in source label.
Starting surface-based mapping
Reading source registration 
 /out/sourcedata/freesurfer/fsaverage/surf/lh.sphere.reg
Rescaling ...  original radius = 100
Reading target surface 
 /out/sourcedata/freesurfer/sub-v1s11x0050160_ses-1/surf/lh.white
Reading target registration 
 /out/sourcedata/freesurfer/sub-v1s11x0050160_ses-1/surf/lh.sphere.reg
Rescaling ...  original radius = 100
Building target registration hash (res=16).
Building source registration hash (res=16).
INFO: found  13589 nlabel points
Performing mapping from target back to the source label 139849
Number of reverse mapping hits = 382
Checking for and removing duplicates
Writing label file ./lh.BA6_exvivo.label 13971
mri_label2label: Done


 mri_label2label --srcsubject fsaverage --srclabel /out/sourcedata/freesurfer/fsaverage/label/lh.BA44_exvivo.label --trgsubject sub-v1s11x0050160_ses-1 --trglabel ./lh.BA44_exvivo.label --hemi lh --regmethod surface 


srclabel = /out/sourcedata/freesurfer/fsaverage/label/lh.BA44_exvivo.label
srcsubject = fsaverage
trgsubject = sub-v1s11x0050160_ses-1
trglabel = ./lh.BA44_exvivo.label
regmethod = surface

srchemi = lh
trghemi = lh
trgsurface = white
srcsurfreg = sphere.reg
trgsurfreg = sphere.reg
usehash = 1
Use ProjAbs  = 0, 0
Use ProjFrac = 0, 0
DoPaint 0

SUBJECTS_DIR    /out/sourcedata/freesurfer
FREESURFER_HOME /opt/freesurfer
Loading source label.
Found 4181 points in source label.
Starting surface-based mapping
Reading source registration 
 /out/sourcedata/freesurfer/fsaverage/surf/lh.sphere.reg
Rescaling ...  original radius = 100
Reading target surface 
 /out/sourcedata/freesurfer/sub-v1s11x0050160_ses-1/surf/lh.white
Reading target registration 
 /out/sourcedata/freesurfer/sub-v1s11x0050160_ses-1/surf/lh.sphere.reg
Rescaling ...  original radius = 100
Building target registration hash (res=16).
Building source registration hash (res=16).
INFO: found  4181 nlabel points
Performing mapping from target back to the source label 139849
Number of reverse mapping hits = 157
Checking for and removing duplicates
Writing label file ./lh.BA44_exvivo.label 4338
mri_label2label: Done


 mri_label2label --srcsubject fsaverage --srclabel /out/sourcedata/freesurfer/fsaverage/label/lh.BA45_exvivo.label --trgsubject sub-v1s11x0050160_ses-1 --trglabel ./lh.BA45_exvivo.label --hemi lh --regmethod surface 


srclabel = /out/sourcedata/freesurfer/fsaverage/label/lh.BA45_exvivo.label
srcsubject = fsaverage
trgsubject = sub-v1s11x0050160_ses-1
trglabel = ./lh.BA45_exvivo.label
regmethod = surface

srchemi = lh
trghemi = lh
trgsurface = white
srcsurfreg = sphere.reg
trgsurfreg = sphere.reg
usehash = 1
Use ProjAbs  = 0, 0
Use ProjFrac = 0, 0
DoPaint 0

SUBJECTS_DIR    /out/sourcedata/freesurfer
FREESURFER_HOME /opt/freesurfer
Loading source label.
Found 3422 points in source label.
Starting surface-based mapping
Reading source registration 
 /out/sourcedata/freesurfer/fsaverage/surf/lh.sphere.reg
Rescaling ...  original radius = 100
Reading target surface 
 /out/sourcedata/freesurfer/sub-v1s11x0050160_ses-1/surf/lh.white
Reading target registration 
 /out/sourcedata/freesurfer/sub-v1s11x0050160_ses-1/surf/lh.sphere.reg
Rescaling ...  original radius = 100
Building target registration hash (res=16).
Building source registration hash (res=16).
INFO: found  3422 nlabel points
Performing mapping from target back to the source label 139849
Number of reverse mapping hits = 298
Checking for and removing duplicates
Writing label file ./lh.BA45_exvivo.label 3720
mri_label2label: Done


 mri_label2label --srcsubject fsaverage --srclabel /out/sourcedata/freesurfer/fsaverage/label/lh.V1_exvivo.label --trgsubject sub-v1s11x0050160_ses-1 --trglabel ./lh.V1_exvivo.label --hemi lh --regmethod surface 


srclabel = /out/sourcedata/freesurfer/fsaverage/label/lh.V1_exvivo.label
srcsubject = fsaverage
trgsubject = sub-v1s11x0050160_ses-1
trglabel = ./lh.V1_exvivo.label
regmethod = surface

srchemi = lh
trghemi = lh
trgsurface = white
srcsurfreg = sphere.reg
trgsurfreg = sphere.reg
usehash = 1
Use ProjAbs  = 0, 0
Use ProjFrac = 0, 0
DoPaint 0

SUBJECTS_DIR    /out/sourcedata/freesurfer
FREESURFER_HOME /opt/freesurfer
Loading source label.
Found 4641 points in source label.
Starting surface-based mapping
Reading source registration 
 /out/sourcedata/freesurfer/fsaverage/surf/lh.sphere.reg
Rescaling ...  original radius = 100
Reading target surface 
 /out/sourcedata/freesurfer/sub-v1s11x0050160_ses-1/surf/lh.white
Reading target registration 
 /out/sourcedata/freesurfer/sub-v1s11x0050160_ses-1/surf/lh.sphere.reg
Rescaling ...  original radius = 100
Building target registration hash (res=16).
Building source registration hash (res=16).
INFO: found  4641 nlabel points
Performing mapping from target back to the source label 139849
Number of reverse mapping hits = 1078
Checking for and removing duplicates
Writing label file ./lh.V1_exvivo.label 5719
mri_label2label: Done


 mri_label2label --srcsubject fsaverage --srclabel /out/sourcedata/freesurfer/fsaverage/label/lh.V2_exvivo.label --trgsubject sub-v1s11x0050160_ses-1 --trglabel ./lh.V2_exvivo.label --hemi lh --regmethod surface 


srclabel = /out/sourcedata/freesurfer/fsaverage/label/lh.V2_exvivo.label
srcsubject = fsaverage
trgsubject = sub-v1s11x0050160_ses-1
trglabel = ./lh.V2_exvivo.label
regmethod = surface

srchemi = lh
trghemi = lh
trgsurface = white
srcsurfreg = sphere.reg
trgsurfreg = sphere.reg
usehash = 1
Use ProjAbs  = 0, 0
Use ProjFrac = 0, 0
DoPaint 0

SUBJECTS_DIR    /out/sourcedata/freesurfer
FREESURFER_HOME /opt/freesurfer
Loading source label.
Found 8114 points in source label.
Starting surface-based mapping
Reading source registration 
 /out/sourcedata/freesurfer/fsaverage/surf/lh.sphere.reg
Rescaling ...  original radius = 100
Reading target surface 
 /out/sourcedata/freesurfer/sub-v1s11x0050160_ses-1/surf/lh.white
Reading target registration 
 /out/sourcedata/freesurfer/sub-v1s11x0050160_ses-1/surf/lh.sphere.reg
Rescaling ...  original radius = 100
Building target registration hash (res=16).
Building source registration hash (res=16).
INFO: found  8114 nlabel points
Performing mapping from target back to the source label 139849
Number of reverse mapping hits = 2725
Checking for and removing duplicates
Writing label file ./lh.V2_exvivo.label 10839
mri_label2label: Done


 mri_label2label --srcsubject fsaverage --srclabel /out/sourcedata/freesurfer/fsaverage/label/lh.MT_exvivo.label --trgsubject sub-v1s11x0050160_ses-1 --trglabel ./lh.MT_exvivo.label --hemi lh --regmethod surface 


srclabel = /out/sourcedata/freesurfer/fsaverage/label/lh.MT_exvivo.label
srcsubject = fsaverage
trgsubject = sub-v1s11x0050160_ses-1
trglabel = ./lh.MT_exvivo.label
regmethod = surface

srchemi = lh
trghemi = lh
trgsurface = white
srcsurfreg = sphere.reg
trgsurfreg = sphere.reg
usehash = 1
Use ProjAbs  = 0, 0
Use ProjFrac = 0, 0
DoPaint 0

SUBJECTS_DIR    /out/sourcedata/freesurfer
FREESURFER_HOME /opt/freesurfer
Loading source label.
Found 2018 points in source label.
Starting surface-based mapping
Reading source registration 
 /out/sourcedata/freesurfer/fsaverage/surf/lh.sphere.reg
Rescaling ...  original radius = 100
Reading target surface 
 /out/sourcedata/freesurfer/sub-v1s11x0050160_ses-1/surf/lh.white
Reading target registration 
 /out/sourcedata/freesurfer/sub-v1s11x0050160_ses-1/surf/lh.sphere.reg
Rescaling ...  original radius = 100
Building target registration hash (res=16).
Building source registration hash (res=16).
INFO: found  2018 nlabel points
Performing mapping from target back to the source label 139849
Number of reverse mapping hits = 348
Checking for and removing duplicates
Writing label file ./lh.MT_exvivo.label 2366
mri_label2label: Done


 mri_label2label --srcsubject fsaverage --srclabel /out/sourcedata/freesurfer/fsaverage/label/lh.entorhinal_exvivo.label --trgsubject sub-v1s11x0050160_ses-1 --trglabel ./lh.entorhinal_exvivo.label --hemi lh --regmethod surface 


srclabel = /out/sourcedata/freesurfer/fsaverage/label/lh.entorhinal_exvivo.label
srcsubject = fsaverage
trgsubject = sub-v1s11x0050160_ses-1
trglabel = ./lh.entorhinal_exvivo.label
regmethod = surface

srchemi = lh
trghemi = lh
trgsurface = white
srcsurfreg = sphere.reg
trgsurfreg = sphere.reg
usehash = 1
Use ProjAbs  = 0, 0
Use ProjFrac = 0, 0
DoPaint 0

SUBJECTS_DIR    /out/sourcedata/freesurfer
FREESURFER_HOME /opt/freesurfer
Loading source label.
Found 1290 points in source label.
Starting surface-based mapping
Reading source registration 
 /out/sourcedata/freesurfer/fsaverage/surf/lh.sphere.reg
Rescaling ...  original radius = 100
Reading target surface 
 /out/sourcedata/freesurfer/sub-v1s11x0050160_ses-1/surf/lh.white
Reading target registration 
 /out/sourcedata/freesurfer/sub-v1s11x0050160_ses-1/surf/lh.sphere.reg
Rescaling ...  original radius = 100
Building target registration hash (res=16).
Building source registration hash (res=16).
INFO: found  1290 nlabel points
Performing mapping from target back to the source label 139849
Number of reverse mapping hits = 56
Checking for and removing duplicates
Writing label file ./lh.entorhinal_exvivo.label 1346
mri_label2label: Done


 mri_label2label --srcsubject fsaverage --srclabel /out/sourcedata/freesurfer/fsaverage/label/lh.perirhinal_exvivo.label --trgsubject sub-v1s11x0050160_ses-1 --trglabel ./lh.perirhinal_exvivo.label --hemi lh --regmethod surface 


srclabel = /out/sourcedata/freesurfer/fsaverage/label/lh.perirhinal_exvivo.label
srcsubject = fsaverage
trgsubject = sub-v1s11x0050160_ses-1
trglabel = ./lh.perirhinal_exvivo.label
regmethod = surface

srchemi = lh
trghemi = lh
trgsurface = white
srcsurfreg = sphere.reg
trgsurfreg = sphere.reg
usehash = 1
Use ProjAbs  = 0, 0
Use ProjFrac = 0, 0
DoPaint 0

SUBJECTS_DIR    /out/sourcedata/freesurfer
FREESURFER_HOME /opt/freesurfer
Loading source label.
Found 1199 points in source label.
Starting surface-based mapping
Reading source registration 
 /out/sourcedata/freesurfer/fsaverage/surf/lh.sphere.reg
Rescaling ...  original radius = 100
Reading target surface 
 /out/sourcedata/freesurfer/sub-v1s11x0050160_ses-1/surf/lh.white
Reading target registration 
 /out/sourcedata/freesurfer/sub-v1s11x0050160_ses-1/surf/lh.sphere.reg
Rescaling ...  original radius = 100
Building target registration hash (res=16).
Building source registration hash (res=16).
INFO: found  1199 nlabel points
Performing mapping from target back to the source label 139849
Number of reverse mapping hits = 39
Checking for and removing duplicates
Writing label file ./lh.perirhinal_exvivo.label 1238
mri_label2label: Done


 mri_label2label --srcsubject fsaverage --srclabel /out/sourcedata/freesurfer/fsaverage/label/lh.FG1.mpm.vpnl.label --trgsubject sub-v1s11x0050160_ses-1 --trglabel ./lh.FG1.mpm.vpnl.label --hemi lh --regmethod surface 


srclabel = /out/sourcedata/freesurfer/fsaverage/label/lh.FG1.mpm.vpnl.label
srcsubject = fsaverage
trgsubject = sub-v1s11x0050160_ses-1
trglabel = ./lh.FG1.mpm.vpnl.label
regmethod = surface

srchemi = lh
trghemi = lh
trgsurface = white
srcsurfreg = sphere.reg
trgsurfreg = sphere.reg
usehash = 1
Use ProjAbs  = 0, 0
Use ProjFrac = 0, 0
DoPaint 0

SUBJECTS_DIR    /out/sourcedata/freesurfer
FREESURFER_HOME /opt/freesurfer
Loading source label.
Found 414 points in source label.
Starting surface-based mapping
Reading source registration 
 /out/sourcedata/freesurfer/fsaverage/surf/lh.sphere.reg
Rescaling ...  original radius = 100
Reading target surface 
 /out/sourcedata/freesurfer/sub-v1s11x0050160_ses-1/surf/lh.white
Reading target registration 
 /out/sourcedata/freesurfer/sub-v1s11x0050160_ses-1/surf/lh.sphere.reg
Rescaling ...  original radius = 100
Building target registration hash (res=16).
Building source registration hash (res=16).
INFO: found  414 nlabel points
Performing mapping from target back to the source label 139849
Number of reverse mapping hits = 137
Checking for and removing duplicates
Writing label file ./lh.FG1.mpm.vpnl.label 551
mri_label2label: Done


 mri_label2label --srcsubject fsaverage --srclabel /out/sourcedata/freesurfer/fsaverage/label/lh.FG2.mpm.vpnl.label --trgsubject sub-v1s11x0050160_ses-1 --trglabel ./lh.FG2.mpm.vpnl.label --hemi lh --regmethod surface 


srclabel = /out/sourcedata/freesurfer/fsaverage/label/lh.FG2.mpm.vpnl.label
srcsubject = fsaverage
trgsubject = sub-v1s11x0050160_ses-1
trglabel = ./lh.FG2.mpm.vpnl.label
regmethod = surface

srchemi = lh
trghemi = lh
trgsurface = white
srcsurfreg = sphere.reg
trgsurfreg = sphere.reg
usehash = 1
Use ProjAbs  = 0, 0
Use ProjFrac = 0, 0
DoPaint 0

SUBJECTS_DIR    /out/sourcedata/freesurfer
FREESURFER_HOME /opt/freesurfer
Loading source label.
Found 703 points in source label.
Starting surface-based mapping
Reading source registration 
 /out/sourcedata/freesurfer/fsaverage/surf/lh.sphere.reg
Rescaling ...  original radius = 100
Reading target surface 
 /out/sourcedata/freesurfer/sub-v1s11x0050160_ses-1/surf/lh.white
Reading target registration 
 /out/sourcedata/freesurfer/sub-v1s11x0050160_ses-1/surf/lh.sphere.reg
Rescaling ...  original radius = 100
Building target registration hash (res=16).
Building source registration hash (res=16).
INFO: found  703 nlabel points
Performing mapping from target back to the source label 139849
Number of reverse mapping hits = 157
Checking for and removing duplicates
Writing label file ./lh.FG2.mpm.vpnl.label 860
mri_label2label: Done


 mri_label2label --srcsubject fsaverage --srclabel /out/sourcedata/freesurfer/fsaverage/label/lh.FG3.mpm.vpnl.label --trgsubject sub-v1s11x0050160_ses-1 --trglabel ./lh.FG3.mpm.vpnl.label --hemi lh --regmethod surface 


srclabel = /out/sourcedata/freesurfer/fsaverage/label/lh.FG3.mpm.vpnl.label
srcsubject = fsaverage
trgsubject = sub-v1s11x0050160_ses-1
trglabel = ./lh.FG3.mpm.vpnl.label
regmethod = surface

srchemi = lh
trghemi = lh
trgsurface = white
srcsurfreg = sphere.reg
trgsurfreg = sphere.reg
usehash = 1
Use ProjAbs  = 0, 0
Use ProjFrac = 0, 0
DoPaint 0

SUBJECTS_DIR    /out/sourcedata/freesurfer
FREESURFER_HOME /opt/freesurfer
Loading source label.
Found 1873 points in source label.
Starting surface-based mapping
Reading source registration 
 /out/sourcedata/freesurfer/fsaverage/surf/lh.sphere.reg
Rescaling ...  original radius = 100
Reading target surface 
 /out/sourcedata/freesurfer/sub-v1s11x0050160_ses-1/surf/lh.white
Reading target registration 
 /out/sourcedata/freesurfer/sub-v1s11x0050160_ses-1/surf/lh.sphere.reg
Rescaling ...  original radius = 100
Building target registration hash (res=16).
Building source registration hash (res=16).
INFO: found  1873 nlabel points
Performing mapping from target back to the source label 139849
Number of reverse mapping hits = 175
Checking for and removing duplicates
Writing label file ./lh.FG3.mpm.vpnl.label 2048
mri_label2label: Done


 mri_label2label --srcsubject fsaverage --srclabel /out/sourcedata/freesurfer/fsaverage/label/lh.FG4.mpm.vpnl.label --trgsubject sub-v1s11x0050160_ses-1 --trglabel ./lh.FG4.mpm.vpnl.label --hemi lh --regmethod surface 


srclabel = /out/sourcedata/freesurfer/fsaverage/label/lh.FG4.mpm.vpnl.label
srcsubject = fsaverage
trgsubject = sub-v1s11x0050160_ses-1
trglabel = ./lh.FG4.mpm.vpnl.label
regmethod = surface

srchemi = lh
trghemi = lh
trgsurface = white
srcsurfreg = sphere.reg
trgsurfreg = sphere.reg
usehash = 1
Use ProjAbs  = 0, 0
Use ProjFrac = 0, 0
DoPaint 0

SUBJECTS_DIR    /out/sourcedata/freesurfer
FREESURFER_HOME /opt/freesurfer
Loading source label.
Found 2101 points in source label.
Starting surface-based mapping
Reading source registration 
 /out/sourcedata/freesurfer/fsaverage/surf/lh.sphere.reg
Rescaling ...  original radius = 100
Reading target surface 
 /out/sourcedata/freesurfer/sub-v1s11x0050160_ses-1/surf/lh.white
Reading target registration 
 /out/sourcedata/freesurfer/sub-v1s11x0050160_ses-1/surf/lh.sphere.reg
Rescaling ...  original radius = 100
Building target registration hash (res=16).
Building source registration hash (res=16).
INFO: found  2101 nlabel points
Performing mapping from target back to the source label 139849
Number of reverse mapping hits = 583
Checking for and removing duplicates
Writing label file ./lh.FG4.mpm.vpnl.label 2684
mri_label2label: Done


 mri_label2label --srcsubject fsaverage --srclabel /out/sourcedata/freesurfer/fsaverage/label/lh.hOc1.mpm.vpnl.label --trgsubject sub-v1s11x0050160_ses-1 --trglabel ./lh.hOc1.mpm.vpnl.label --hemi lh --regmethod surface 


srclabel = /out/sourcedata/freesurfer/fsaverage/label/lh.hOc1.mpm.vpnl.label
srcsubject = fsaverage
trgsubject = sub-v1s11x0050160_ses-1
trglabel = ./lh.hOc1.mpm.vpnl.label
regmethod = surface

srchemi = lh
trghemi = lh
trgsurface = white
srcsurfreg = sphere.reg
trgsurfreg = sphere.reg
usehash = 1
Use ProjAbs  = 0, 0
Use ProjFrac = 0, 0
DoPaint 0

SUBJECTS_DIR    /out/sourcedata/freesurfer
FREESURFER_HOME /opt/freesurfer
Loading source label.
Found 3877 points in source label.
Starting surface-based mapping
Reading source registration 
 /out/sourcedata/freesurfer/fsaverage/surf/lh.sphere.reg
Rescaling ...  original radius = 100
Reading target surface 
 /out/sourcedata/freesurfer/sub-v1s11x0050160_ses-1/surf/lh.white
Reading target registration 
 /out/sourcedata/freesurfer/sub-v1s11x0050160_ses-1/surf/lh.sphere.reg
Rescaling ...  original radius = 100
Building target registration hash (res=16).
Building source registration hash (res=16).
INFO: found  3877 nlabel points
Performing mapping from target back to the source label 139849
Number of reverse mapping hits = 893
Checking for and removing duplicates
Writing label file ./lh.hOc1.mpm.vpnl.label 4770
mri_label2label: Done


 mri_label2label --srcsubject fsaverage --srclabel /out/sourcedata/freesurfer/fsaverage/label/lh.hOc2.mpm.vpnl.label --trgsubject sub-v1s11x0050160_ses-1 --trglabel ./lh.hOc2.mpm.vpnl.label --hemi lh --regmethod surface 


srclabel = /out/sourcedata/freesurfer/fsaverage/label/lh.hOc2.mpm.vpnl.label
srcsubject = fsaverage
trgsubject = sub-v1s11x0050160_ses-1
trglabel = ./lh.hOc2.mpm.vpnl.label
regmethod = surface

srchemi = lh
trghemi = lh
trgsurface = white
srcsurfreg = sphere.reg
trgsurfreg = sphere.reg
usehash = 1
Use ProjAbs  = 0, 0
Use ProjFrac = 0, 0
DoPaint 0

SUBJECTS_DIR    /out/sourcedata/freesurfer
FREESURFER_HOME /opt/freesurfer
Loading source label.
Found 2919 points in source label.
Starting surface-based mapping
Reading source registration 
 /out/sourcedata/freesurfer/fsaverage/surf/lh.sphere.reg
Rescaling ...  original radius = 100
Reading target surface 
 /out/sourcedata/freesurfer/sub-v1s11x0050160_ses-1/surf/lh.white
Reading target registration 
 /out/sourcedata/freesurfer/sub-v1s11x0050160_ses-1/surf/lh.sphere.reg
Rescaling ...  original radius = 100
Building target registration hash (res=16).
Building source registration hash (res=16).
INFO: found  2919 nlabel points
Performing mapping from target back to the source label 139849
Number of reverse mapping hits = 1013
Checking for and removing duplicates
Writing label file ./lh.hOc2.mpm.vpnl.label 3932
mri_label2label: Done


 mri_label2label --srcsubject fsaverage --srclabel /out/sourcedata/freesurfer/fsaverage/label/lh.hOc3v.mpm.vpnl.label --trgsubject sub-v1s11x0050160_ses-1 --trglabel ./lh.hOc3v.mpm.vpnl.label --hemi lh --regmethod surface 


srclabel = /out/sourcedata/freesurfer/fsaverage/label/lh.hOc3v.mpm.vpnl.label
srcsubject = fsaverage
trgsubject = sub-v1s11x0050160_ses-1
trglabel = ./lh.hOc3v.mpm.vpnl.label
regmethod = surface

srchemi = lh
trghemi = lh
trgsurface = white
srcsurfreg = sphere.reg
trgsurfreg = sphere.reg
usehash = 1
Use ProjAbs  = 0, 0
Use ProjFrac = 0, 0
DoPaint 0

SUBJECTS_DIR    /out/sourcedata/freesurfer
FREESURFER_HOME /opt/freesurfer
Loading source label.
Found 1286 points in source label.
Starting surface-based mapping
Reading source registration 
 /out/sourcedata/freesurfer/fsaverage/surf/lh.sphere.reg
Rescaling ...  original radius = 100
Reading target surface 
 /out/sourcedata/freesurfer/sub-v1s11x0050160_ses-1/surf/lh.white
Reading target registration 
 /out/sourcedata/freesurfer/sub-v1s11x0050160_ses-1/surf/lh.sphere.reg
Rescaling ...  original radius = 100
Building target registration hash (res=16).
Building source registration hash (res=16).
INFO: found  1286 nlabel points
Performing mapping from target back to the source label 139849
Number of reverse mapping hits = 716
Checking for and removing duplicates
Writing label file ./lh.hOc3v.mpm.vpnl.label 2002
mri_label2label: Done


 mri_label2label --srcsubject fsaverage --srclabel /out/sourcedata/freesurfer/fsaverage/label/lh.hOc4v.mpm.vpnl.label --trgsubject sub-v1s11x0050160_ses-1 --trglabel ./lh.hOc4v.mpm.vpnl.label --hemi lh --regmethod surface 


srclabel = /out/sourcedata/freesurfer/fsaverage/label/lh.hOc4v.mpm.vpnl.label
srcsubject = fsaverage
trgsubject = sub-v1s11x0050160_ses-1
trglabel = ./lh.hOc4v.mpm.vpnl.label
regmethod = surface

srchemi = lh
trghemi = lh
trgsurface = white
srcsurfreg = sphere.reg
trgsurfreg = sphere.reg
usehash = 1
Use ProjAbs  = 0, 0
Use ProjFrac = 0, 0
DoPaint 0

SUBJECTS_DIR    /out/sourcedata/freesurfer
FREESURFER_HOME /opt/freesurfer
Loading source label.
Found 1006 points in source label.
Starting surface-based mapping
Reading source registration 
 /out/sourcedata/freesurfer/fsaverage/surf/lh.sphere.reg
Rescaling ...  original radius = 100
Reading target surface 
 /out/sourcedata/freesurfer/sub-v1s11x0050160_ses-1/surf/lh.white
Reading target registration 
 /out/sourcedata/freesurfer/sub-v1s11x0050160_ses-1/surf/lh.sphere.reg
Rescaling ...  original radius = 100
Building target registration hash (res=16).
Building source registration hash (res=16).
INFO: found  1006 nlabel points
Performing mapping from target back to the source label 139849
Number of reverse mapping hits = 588
Checking for and removing duplicates
Writing label file ./lh.hOc4v.mpm.vpnl.label 1594
mri_label2label: Done


 mris_label2annot --s sub-v1s11x0050160_ses-1 --ctab /opt/freesurfer/average/colortable_vpnl.txt --hemi lh --a mpm.vpnl --maxstatwinner --noverbose --l lh.FG1.mpm.vpnl.label --l lh.FG2.mpm.vpnl.label --l lh.FG3.mpm.vpnl.label --l lh.FG4.mpm.vpnl.label --l lh.hOc1.mpm.vpnl.label --l lh.hOc2.mpm.vpnl.label --l lh.hOc3v.mpm.vpnl.label --l lh.hOc4v.mpm.vpnl.label 

Reading ctab /opt/freesurfer/average/colortable_vpnl.txt
Number of ctab entries 9

7.3.2
cwd /out/sourcedata/freesurfer/sub-v1s11x0050160_ses-1/label
cmdline mris_label2annot --s sub-v1s11x0050160_ses-1 --ctab /opt/freesurfer/average/colortable_vpnl.txt --hemi lh --a mpm.vpnl --maxstatwinner --noverbose --l lh.FG1.mpm.vpnl.label --l lh.FG2.mpm.vpnl.label --l lh.FG3.mpm.vpnl.label --l lh.FG4.mpm.vpnl.label --l lh.hOc1.mpm.vpnl.label --l lh.hOc2.mpm.vpnl.label --l lh.hOc3v.mpm.vpnl.label --l lh.hOc4v.mpm.vpnl.label 
sysname  Linux
hostname dna017
machine  x86_64
user     oesteban

subject sub-v1s11x0050160_ses-1
hemi    lh
SUBJECTS_DIR /out/sourcedata/freesurfer
ColorTable /opt/freesurfer/average/colortable_vpnl.txt
AnnotName  mpm.vpnl
nlables 8
LabelThresh 0 0.000000
Loading /out/sourcedata/freesurfer/sub-v1s11x0050160_ses-1/surf/lh.orig
 1 1376057 FG1
 2 16711935 FG2
 3 16711680 FG3
 4 1705837 FG4
 5 25600 hOc1
 6 255 hOc2
 7 16776960 hOc3v
 8 65535 hOc4v
Mapping unhit to unknown
Found 122671 unhit vertices
Writing annot to /out/sourcedata/freesurfer/sub-v1s11x0050160_ses-1/label/lh.mpm.vpnl.annot

 mri_label2label --srcsubject fsaverage --srclabel /out/sourcedata/freesurfer/fsaverage/label/lh.BA1_exvivo.thresh.label --trgsubject sub-v1s11x0050160_ses-1 --trglabel ./lh.BA1_exvivo.thresh.label --hemi lh --regmethod surface 


srclabel = /out/sourcedata/freesurfer/fsaverage/label/lh.BA1_exvivo.thresh.label
srcsubject = fsaverage
trgsubject = sub-v1s11x0050160_ses-1
trglabel = ./lh.BA1_exvivo.thresh.label
regmethod = surface

srchemi = lh
trghemi = lh
trgsurface = white
srcsurfreg = sphere.reg
trgsurfreg = sphere.reg
usehash = 1
Use ProjAbs  = 0, 0
Use ProjFrac = 0, 0
DoPaint 0

SUBJECTS_DIR    /out/sourcedata/freesurfer
FREESURFER_HOME /opt/freesurfer
Loading source label.
Found 1014 points in source label.
Starting surface-based mapping
Reading source registration 
 /out/sourcedata/freesurfer/fsaverage/surf/lh.sphere.reg
Rescaling ...  original radius = 100
Reading target surface 
 /out/sourcedata/freesurfer/sub-v1s11x0050160_ses-1/surf/lh.white
Reading target registration 
 /out/sourcedata/freesurfer/sub-v1s11x0050160_ses-1/surf/lh.sphere.reg
Rescaling ...  original radius = 100
Building target registration hash (res=16).
Building source registration hash (res=16).
INFO: found  1014 nlabel points
Performing mapping from target back to the source label 139849
Number of reverse mapping hits = 23
Checking for and removing duplicates
Writing label file ./lh.BA1_exvivo.thresh.label 1037
mri_label2label: Done


 mri_label2label --srcsubject fsaverage --srclabel /out/sourcedata/freesurfer/fsaverage/label/lh.BA2_exvivo.thresh.label --trgsubject sub-v1s11x0050160_ses-1 --trglabel ./lh.BA2_exvivo.thresh.label --hemi lh --regmethod surface 


srclabel = /out/sourcedata/freesurfer/fsaverage/label/lh.BA2_exvivo.thresh.label
srcsubject = fsaverage
trgsubject = sub-v1s11x0050160_ses-1
trglabel = ./lh.BA2_exvivo.thresh.label
regmethod = surface

srchemi = lh
trghemi = lh
trgsurface = white
srcsurfreg = sphere.reg
trgsurfreg = sphere.reg
usehash = 1
Use ProjAbs  = 0, 0
Use ProjFrac = 0, 0
DoPaint 0

SUBJECTS_DIR    /out/sourcedata/freesurfer
FREESURFER_HOME /opt/freesurfer
Loading source label.
Found 2092 points in source label.
Starting surface-based mapping
Reading source registration 
 /out/sourcedata/freesurfer/fsaverage/surf/lh.sphere.reg
Rescaling ...  original radius = 100
Reading target surface 
 /out/sourcedata/freesurfer/sub-v1s11x0050160_ses-1/surf/lh.white
Reading target registration 
 /out/sourcedata/freesurfer/sub-v1s11x0050160_ses-1/surf/lh.sphere.reg
Rescaling ...  original radius = 100
Building target registration hash (res=16).
Building source registration hash (res=16).
INFO: found  2092 nlabel points
Performing mapping from target back to the source label 139849
Number of reverse mapping hits = 59
Checking for and removing duplicates
Writing label file ./lh.BA2_exvivo.thresh.label 2151
mri_label2label: Done


 mri_label2label --srcsubject fsaverage --srclabel /out/sourcedata/freesurfer/fsaverage/label/lh.BA3a_exvivo.thresh.label --trgsubject sub-v1s11x0050160_ses-1 --trglabel ./lh.BA3a_exvivo.thresh.label --hemi lh --regmethod surface 


srclabel = /out/sourcedata/freesurfer/fsaverage/label/lh.BA3a_exvivo.thresh.label
srcsubject = fsaverage
trgsubject = sub-v1s11x0050160_ses-1
trglabel = ./lh.BA3a_exvivo.thresh.label
regmethod = surface

srchemi = lh
trghemi = lh
trgsurface = white
srcsurfreg = sphere.reg
trgsurfreg = sphere.reg
usehash = 1
Use ProjAbs  = 0, 0
Use ProjFrac = 0, 0
DoPaint 0

SUBJECTS_DIR    /out/sourcedata/freesurfer
FREESURFER_HOME /opt/freesurfer
Loading source label.
Found 1504 points in source label.
Starting surface-based mapping
Reading source registration 
 /out/sourcedata/freesurfer/fsaverage/surf/lh.sphere.reg
Rescaling ...  original radius = 100
Reading target surface 
 /out/sourcedata/freesurfer/sub-v1s11x0050160_ses-1/surf/lh.white
Reading target registration 
 /out/sourcedata/freesurfer/sub-v1s11x0050160_ses-1/surf/lh.sphere.reg
Rescaling ...  original radius = 100
Building target registration hash (res=16).
Building source registration hash (res=16).
INFO: found  1504 nlabel points
Performing mapping from target back to the source label 139849
Number of reverse mapping hits = 8
Checking for and removing duplicates
Writing label file ./lh.BA3a_exvivo.thresh.label 1512
mri_label2label: Done


 mri_label2label --srcsubject fsaverage --srclabel /out/sourcedata/freesurfer/fsaverage/label/lh.BA3b_exvivo.thresh.label --trgsubject sub-v1s11x0050160_ses-1 --trglabel ./lh.BA3b_exvivo.thresh.label --hemi lh --regmethod surface 


srclabel = /out/sourcedata/freesurfer/fsaverage/label/lh.BA3b_exvivo.thresh.label
srcsubject = fsaverage
trgsubject = sub-v1s11x0050160_ses-1
trglabel = ./lh.BA3b_exvivo.thresh.label
regmethod = surface

srchemi = lh
trghemi = lh
trgsurface = white
srcsurfreg = sphere.reg
trgsurfreg = sphere.reg
usehash = 1
Use ProjAbs  = 0, 0
Use ProjFrac = 0, 0
DoPaint 0

SUBJECTS_DIR    /out/sourcedata/freesurfer
FREESURFER_HOME /opt/freesurfer
Loading source label.
Found 1996 points in source label.
Starting surface-based mapping
Reading source registration 
 /out/sourcedata/freesurfer/fsaverage/surf/lh.sphere.reg
Rescaling ...  original radius = 100
Reading target surface 
 /out/sourcedata/freesurfer/sub-v1s11x0050160_ses-1/surf/lh.white
Reading target registration 
 /out/sourcedata/freesurfer/sub-v1s11x0050160_ses-1/surf/lh.sphere.reg
Rescaling ...  original radius = 100
Building target registration hash (res=16).
Building source registration hash (res=16).
INFO: found  1996 nlabel points
Performing mapping from target back to the source label 139849
Number of reverse mapping hits = 36
Checking for and removing duplicates
Writing label file ./lh.BA3b_exvivo.thresh.label 2032
mri_label2label: Done


 mri_label2label --srcsubject fsaverage --srclabel /out/sourcedata/freesurfer/fsaverage/label/lh.BA4a_exvivo.thresh.label --trgsubject sub-v1s11x0050160_ses-1 --trglabel ./lh.BA4a_exvivo.thresh.label --hemi lh --regmethod surface 


srclabel = /out/sourcedata/freesurfer/fsaverage/label/lh.BA4a_exvivo.thresh.label
srcsubject = fsaverage
trgsubject = sub-v1s11x0050160_ses-1
trglabel = ./lh.BA4a_exvivo.thresh.label
regmethod = surface

srchemi = lh
trghemi = lh
trgsurface = white
srcsurfreg = sphere.reg
trgsurfreg = sphere.reg
usehash = 1
Use ProjAbs  = 0, 0
Use ProjFrac = 0, 0
DoPaint 0

SUBJECTS_DIR    /out/sourcedata/freesurfer
FREESURFER_HOME /opt/freesurfer
Loading source label.
Found 2319 points in source label.
Starting surface-based mapping
Reading source registration 
 /out/sourcedata/freesurfer/fsaverage/surf/lh.sphere.reg
Rescaling ...  original radius = 100
Reading target surface 
 /out/sourcedata/freesurfer/sub-v1s11x0050160_ses-1/surf/lh.white
Reading target registration 
 /out/sourcedata/freesurfer/sub-v1s11x0050160_ses-1/surf/lh.sphere.reg
Rescaling ...  original radius = 100
Building target registration hash (res=16).
Building source registration hash (res=16).
INFO: found  2319 nlabel points
Performing mapping from target back to the source label 139849
Number of reverse mapping hits = 27
Checking for and removing duplicates
Writing label file ./lh.BA4a_exvivo.thresh.label 2346
mri_label2label: Done


 mri_label2label --srcsubject fsaverage --srclabel /out/sourcedata/freesurfer/fsaverage/label/lh.BA4p_exvivo.thresh.label --trgsubject sub-v1s11x0050160_ses-1 --trglabel ./lh.BA4p_exvivo.thresh.label --hemi lh --regmethod surface 


srclabel = /out/sourcedata/freesurfer/fsaverage/label/lh.BA4p_exvivo.thresh.label
srcsubject = fsaverage
trgsubject = sub-v1s11x0050160_ses-1
trglabel = ./lh.BA4p_exvivo.thresh.label
regmethod = surface

srchemi = lh
trghemi = lh
trgsurface = white
srcsurfreg = sphere.reg
trgsurfreg = sphere.reg
usehash = 1
Use ProjAbs  = 0, 0
Use ProjFrac = 0, 0
DoPaint 0

SUBJECTS_DIR    /out/sourcedata/freesurfer
FREESURFER_HOME /opt/freesurfer
Loading source label.
Found 1549 points in source label.
Starting surface-based mapping
Reading source registration 
 /out/sourcedata/freesurfer/fsaverage/surf/lh.sphere.reg
Rescaling ...  original radius = 100
Reading target surface 
 /out/sourcedata/freesurfer/sub-v1s11x0050160_ses-1/surf/lh.white
Reading target registration 
 /out/sourcedata/freesurfer/sub-v1s11x0050160_ses-1/surf/lh.sphere.reg
Rescaling ...  original radius = 100
Building target registration hash (res=16).
Building source registration hash (res=16).
INFO: found  1549 nlabel points
Performing mapping from target back to the source label 139849
Number of reverse mapping hits = 5
Checking for and removing duplicates
Writing label file ./lh.BA4p_exvivo.thresh.label 1554
mri_label2label: Done


 mri_label2label --srcsubject fsaverage --srclabel /out/sourcedata/freesurfer/fsaverage/label/lh.BA6_exvivo.thresh.label --trgsubject sub-v1s11x0050160_ses-1 --trglabel ./lh.BA6_exvivo.thresh.label --hemi lh --regmethod surface 


srclabel = /out/sourcedata/freesurfer/fsaverage/label/lh.BA6_exvivo.thresh.label
srcsubject = fsaverage
trgsubject = sub-v1s11x0050160_ses-1
trglabel = ./lh.BA6_exvivo.thresh.label
regmethod = surface

srchemi = lh
trghemi = lh
trgsurface = white
srcsurfreg = sphere.reg
trgsurfreg = sphere.reg
usehash = 1
Use ProjAbs  = 0, 0
Use ProjFrac = 0, 0
DoPaint 0

SUBJECTS_DIR    /out/sourcedata/freesurfer
FREESURFER_HOME /opt/freesurfer
Loading source label.
Found 7035 points in source label.
Starting surface-based mapping
Reading source registration 
 /out/sourcedata/freesurfer/fsaverage/surf/lh.sphere.reg
Rescaling ...  original radius = 100
Reading target surface 
 /out/sourcedata/freesurfer/sub-v1s11x0050160_ses-1/surf/lh.white
Reading target registration 
 /out/sourcedata/freesurfer/sub-v1s11x0050160_ses-1/surf/lh.sphere.reg
Rescaling ...  original radius = 100
Building target registration hash (res=16).
Building source registration hash (res=16).
INFO: found  7035 nlabel points
Performing mapping from target back to the source label 139849
Number of reverse mapping hits = 123
Checking for and removing duplicates
Writing label file ./lh.BA6_exvivo.thresh.label 7158
mri_label2label: Done


 mri_label2label --srcsubject fsaverage --srclabel /out/sourcedata/freesurfer/fsaverage/label/lh.BA44_exvivo.thresh.label --trgsubject sub-v1s11x0050160_ses-1 --trglabel ./lh.BA44_exvivo.thresh.label --hemi lh --regmethod surface 


srclabel = /out/sourcedata/freesurfer/fsaverage/label/lh.BA44_exvivo.thresh.label
srcsubject = fsaverage
trgsubject = sub-v1s11x0050160_ses-1
trglabel = ./lh.BA44_exvivo.thresh.label
regmethod = surface

srchemi = lh
trghemi = lh
trgsurface = white
srcsurfreg = sphere.reg
trgsurfreg = sphere.reg
usehash = 1
Use ProjAbs  = 0, 0
Use ProjFrac = 0, 0
DoPaint 0

SUBJECTS_DIR    /out/sourcedata/freesurfer
FREESURFER_HOME /opt/freesurfer
Loading source label.
Found 1912 points in source label.
Starting surface-based mapping
Reading source registration 
 /out/sourcedata/freesurfer/fsaverage/surf/lh.sphere.reg
Rescaling ...  original radius = 100
Reading target surface 
 /out/sourcedata/freesurfer/sub-v1s11x0050160_ses-1/surf/lh.white
Reading target registration 
 /out/sourcedata/freesurfer/sub-v1s11x0050160_ses-1/surf/lh.sphere.reg
Rescaling ...  original radius = 100
Building target registration hash (res=16).
Building source registration hash (res=16).
INFO: found  1912 nlabel points
Performing mapping from target back to the source label 139849
Number of reverse mapping hits = 69
Checking for and removing duplicates
Writing label file ./lh.BA44_exvivo.thresh.label 1981
mri_label2label: Done


 mri_label2label --srcsubject fsaverage --srclabel /out/sourcedata/freesurfer/fsaverage/label/lh.BA45_exvivo.thresh.label --trgsubject sub-v1s11x0050160_ses-1 --trglabel ./lh.BA45_exvivo.thresh.label --hemi lh --regmethod surface 


srclabel = /out/sourcedata/freesurfer/fsaverage/label/lh.BA45_exvivo.thresh.label
srcsubject = fsaverage
trgsubject = sub-v1s11x0050160_ses-1
trglabel = ./lh.BA45_exvivo.thresh.label
regmethod = surface

srchemi = lh
trghemi = lh
trgsurface = white
srcsurfreg = sphere.reg
trgsurfreg = sphere.reg
usehash = 1
Use ProjAbs  = 0, 0
Use ProjFrac = 0, 0
DoPaint 0

SUBJECTS_DIR    /out/sourcedata/freesurfer
FREESURFER_HOME /opt/freesurfer
Loading source label.
Found 1151 points in source label.
Starting surface-based mapping
Reading source registration 
 /out/sourcedata/freesurfer/fsaverage/surf/lh.sphere.reg
Rescaling ...  original radius = 100
Reading target surface 
 /out/sourcedata/freesurfer/sub-v1s11x0050160_ses-1/surf/lh.white
Reading target registration 
 /out/sourcedata/freesurfer/sub-v1s11x0050160_ses-1/surf/lh.sphere.reg
Rescaling ...  original radius = 100
Building target registration hash (res=16).
Building source registration hash (res=16).
INFO: found  1151 nlabel points
Performing mapping from target back to the source label 139849
Number of reverse mapping hits = 101
Checking for and removing duplicates
Writing label file ./lh.BA45_exvivo.thresh.label 1252
mri_label2label: Done


 mri_label2label --srcsubject fsaverage --srclabel /out/sourcedata/freesurfer/fsaverage/label/lh.V1_exvivo.thresh.label --trgsubject sub-v1s11x0050160_ses-1 --trglabel ./lh.V1_exvivo.thresh.label --hemi lh --regmethod surface 


srclabel = /out/sourcedata/freesurfer/fsaverage/label/lh.V1_exvivo.thresh.label
srcsubject = fsaverage
trgsubject = sub-v1s11x0050160_ses-1
trglabel = ./lh.V1_exvivo.thresh.label
regmethod = surface

srchemi = lh
trghemi = lh
trgsurface = white
srcsurfreg = sphere.reg
trgsurfreg = sphere.reg
usehash = 1
Use ProjAbs  = 0, 0
Use ProjFrac = 0, 0
DoPaint 0

SUBJECTS_DIR    /out/sourcedata/freesurfer
FREESURFER_HOME /opt/freesurfer
Loading source label.
Found 3405 points in source label.
Starting surface-based mapping
Reading source registration 
 /out/sourcedata/freesurfer/fsaverage/surf/lh.sphere.reg
Rescaling ...  original radius = 100
Reading target surface 
 /out/sourcedata/freesurfer/sub-v1s11x0050160_ses-1/surf/lh.white
Reading target registration 
 /out/sourcedata/freesurfer/sub-v1s11x0050160_ses-1/surf/lh.sphere.reg
Rescaling ...  original radius = 100
Building target registration hash (res=16).
Building source registration hash (res=16).
INFO: found  3405 nlabel points
Performing mapping from target back to the source label 139849
Number of reverse mapping hits = 759
Checking for and removing duplicates
Writing label file ./lh.V1_exvivo.thresh.label 4164
mri_label2label: Done


 mri_label2label --srcsubject fsaverage --srclabel /out/sourcedata/freesurfer/fsaverage/label/lh.V2_exvivo.thresh.label --trgsubject sub-v1s11x0050160_ses-1 --trglabel ./lh.V2_exvivo.thresh.label --hemi lh --regmethod surface 


srclabel = /out/sourcedata/freesurfer/fsaverage/label/lh.V2_exvivo.thresh.label
srcsubject = fsaverage
trgsubject = sub-v1s11x0050160_ses-1
trglabel = ./lh.V2_exvivo.thresh.label
regmethod = surface

srchemi = lh
trghemi = lh
trgsurface = white
srcsurfreg = sphere.reg
trgsurfreg = sphere.reg
usehash = 1
Use ProjAbs  = 0, 0
Use ProjFrac = 0, 0
DoPaint 0

SUBJECTS_DIR    /out/sourcedata/freesurfer
FREESURFER_HOME /opt/freesurfer
Loading source label.
Found 3334 points in source label.
Starting surface-based mapping
Reading source registration 
 /out/sourcedata/freesurfer/fsaverage/surf/lh.sphere.reg
Rescaling ...  original radius = 100
Reading target surface 
 /out/sourcedata/freesurfer/sub-v1s11x0050160_ses-1/surf/lh.white
Reading target registration 
 /out/sourcedata/freesurfer/sub-v1s11x0050160_ses-1/surf/lh.sphere.reg
Rescaling ...  original radius = 100
Building target registration hash (res=16).
Building source registration hash (res=16).
INFO: found  3334 nlabel points
Performing mapping from target back to the source label 139849
Number of reverse mapping hits = 1190
Checking for and removing duplicates
Writing label file ./lh.V2_exvivo.thresh.label 4524
mri_label2label: Done


 mri_label2label --srcsubject fsaverage --srclabel /out/sourcedata/freesurfer/fsaverage/label/lh.MT_exvivo.thresh.label --trgsubject sub-v1s11x0050160_ses-1 --trglabel ./lh.MT_exvivo.thresh.label --hemi lh --regmethod surface 


srclabel = /out/sourcedata/freesurfer/fsaverage/label/lh.MT_exvivo.thresh.label
srcsubject = fsaverage
trgsubject = sub-v1s11x0050160_ses-1
trglabel = ./lh.MT_exvivo.thresh.label
regmethod = surface

srchemi = lh
trghemi = lh
trgsurface = white
srcsurfreg = sphere.reg
trgsurfreg = sphere.reg
usehash = 1
Use ProjAbs  = 0, 0
Use ProjFrac = 0, 0
DoPaint 0

SUBJECTS_DIR    /out/sourcedata/freesurfer
FREESURFER_HOME /opt/freesurfer
Loading source label.
Found 513 points in source label.
Starting surface-based mapping
Reading source registration 
 /out/sourcedata/freesurfer/fsaverage/surf/lh.sphere.reg
Rescaling ...  original radius = 100
Reading target surface 
 /out/sourcedata/freesurfer/sub-v1s11x0050160_ses-1/surf/lh.white
Reading target registration 
 /out/sourcedata/freesurfer/sub-v1s11x0050160_ses-1/surf/lh.sphere.reg
Rescaling ...  original radius = 100
Building target registration hash (res=16).
Building source registration hash (res=16).
INFO: found  513 nlabel points
Performing mapping from target back to the source label 139849
Number of reverse mapping hits = 42
Checking for and removing duplicates
Writing label file ./lh.MT_exvivo.thresh.label 555
mri_label2label: Done


 mri_label2label --srcsubject fsaverage --srclabel /out/sourcedata/freesurfer/fsaverage/label/lh.entorhinal_exvivo.thresh.label --trgsubject sub-v1s11x0050160_ses-1 --trglabel ./lh.entorhinal_exvivo.thresh.label --hemi lh --regmethod surface 


srclabel = /out/sourcedata/freesurfer/fsaverage/label/lh.entorhinal_exvivo.thresh.label
srcsubject = fsaverage
trgsubject = sub-v1s11x0050160_ses-1
trglabel = ./lh.entorhinal_exvivo.thresh.label
regmethod = surface

srchemi = lh
trghemi = lh
trgsurface = white
srcsurfreg = sphere.reg
trgsurfreg = sphere.reg
usehash = 1
Use ProjAbs  = 0, 0
Use ProjFrac = 0, 0
DoPaint 0

SUBJECTS_DIR    /out/sourcedata/freesurfer
FREESURFER_HOME /opt/freesurfer
Loading source label.
Found 470 points in source label.
Starting surface-based mapping
Reading source registration 
 /out/sourcedata/freesurfer/fsaverage/surf/lh.sphere.reg
Rescaling ...  original radius = 100
Reading target surface 
 /out/sourcedata/freesurfer/sub-v1s11x0050160_ses-1/surf/lh.white
Reading target registration 
 /out/sourcedata/freesurfer/sub-v1s11x0050160_ses-1/surf/lh.sphere.reg
Rescaling ...  original radius = 100
Building target registration hash (res=16).
Building source registration hash (res=16).
INFO: found  470 nlabel points
Performing mapping from target back to the source label 139849
Number of reverse mapping hits = 24
Checking for and removing duplicates
Writing label file ./lh.entorhinal_exvivo.thresh.label 494
mri_label2label: Done


 mri_label2label --srcsubject fsaverage --srclabel /out/sourcedata/freesurfer/fsaverage/label/lh.perirhinal_exvivo.thresh.label --trgsubject sub-v1s11x0050160_ses-1 --trglabel ./lh.perirhinal_exvivo.thresh.label --hemi lh --regmethod surface 


srclabel = /out/sourcedata/freesurfer/fsaverage/label/lh.perirhinal_exvivo.thresh.label
srcsubject = fsaverage
trgsubject = sub-v1s11x0050160_ses-1
trglabel = ./lh.perirhinal_exvivo.thresh.label
regmethod = surface

srchemi = lh
trghemi = lh
trgsurface = white
srcsurfreg = sphere.reg
trgsurfreg = sphere.reg
usehash = 1
Use ProjAbs  = 0, 0
Use ProjFrac = 0, 0
DoPaint 0

SUBJECTS_DIR    /out/sourcedata/freesurfer
FREESURFER_HOME /opt/freesurfer
Loading source label.
Found 450 points in source label.
Starting surface-based mapping
Reading source registration 
 /out/sourcedata/freesurfer/fsaverage/surf/lh.sphere.reg
Rescaling ...  original radius = 100
Reading target surface 
 /out/sourcedata/freesurfer/sub-v1s11x0050160_ses-1/surf/lh.white
Reading target registration 
 /out/sourcedata/freesurfer/sub-v1s11x0050160_ses-1/surf/lh.sphere.reg
Rescaling ...  original radius = 100
Building target registration hash (res=16).
Building source registration hash (res=16).
INFO: found  450 nlabel points
Performing mapping from target back to the source label 139849
Number of reverse mapping hits = 12
Checking for and removing duplicates
Writing label file ./lh.perirhinal_exvivo.thresh.label 462
mri_label2label: Done


 mris_label2annot --s sub-v1s11x0050160_ses-1 --hemi lh --ctab /opt/freesurfer/average/colortable_BA.txt --l lh.BA1_exvivo.label --l lh.BA2_exvivo.label --l lh.BA3a_exvivo.label --l lh.BA3b_exvivo.label --l lh.BA4a_exvivo.label --l lh.BA4p_exvivo.label --l lh.BA6_exvivo.label --l lh.BA44_exvivo.label --l lh.BA45_exvivo.label --l lh.V1_exvivo.label --l lh.V2_exvivo.label --l lh.MT_exvivo.label --l lh.perirhinal_exvivo.label --l lh.entorhinal_exvivo.label --a BA_exvivo --maxstatwinner --noverbose 

Reading ctab /opt/freesurfer/average/colortable_BA.txt
Number of ctab entries 15

7.3.2
cwd /out/sourcedata/freesurfer/sub-v1s11x0050160_ses-1/label
cmdline mris_label2annot --s sub-v1s11x0050160_ses-1 --hemi lh --ctab /opt/freesurfer/average/colortable_BA.txt --l lh.BA1_exvivo.label --l lh.BA2_exvivo.label --l lh.BA3a_exvivo.label --l lh.BA3b_exvivo.label --l lh.BA4a_exvivo.label --l lh.BA4p_exvivo.label --l lh.BA6_exvivo.label --l lh.BA44_exvivo.label --l lh.BA45_exvivo.label --l lh.V1_exvivo.label --l lh.V2_exvivo.label --l lh.MT_exvivo.label --l lh.perirhinal_exvivo.label --l lh.entorhinal_exvivo.label --a BA_exvivo --maxstatwinner --noverbose 
sysname  Linux
hostname dna017
machine  x86_64
user     oesteban

subject sub-v1s11x0050160_ses-1
hemi    lh
SUBJECTS_DIR /out/sourcedata/freesurfer
ColorTable /opt/freesurfer/average/colortable_BA.txt
AnnotName  BA_exvivo
nlables 14
LabelThresh 0 0.000000
Loading /out/sourcedata/freesurfer/sub-v1s11x0050160_ses-1/surf/lh.orig
 1 1530880 BA1_exvivo
 2 16749699 BA2_exvivo
 3 16711680 BA3a_exvivo
 4 3368703 BA3b_exvivo
 5 1376196 BA4a_exvivo
 6 13382655 BA4p_exvivo
 7 10036737 BA6_exvivo
 8 2490521 BA44_exvivo
 9 39283 BA45_exvivo
10 3993 V1_exvivo
11 8508928 V2_exvivo
12 10027163 MT_exvivo
13 16422433 perirhinal_exvivo
14 16392598 entorhinal_exvivo
Mapping unhit to unknown
Found 99044 unhit vertices
Writing annot to /out/sourcedata/freesurfer/sub-v1s11x0050160_ses-1/label/lh.BA_exvivo.annot

 mris_label2annot --s sub-v1s11x0050160_ses-1 --hemi lh --ctab /opt/freesurfer/average/colortable_BA.txt --l lh.BA1_exvivo.thresh.label --l lh.BA2_exvivo.thresh.label --l lh.BA3a_exvivo.thresh.label --l lh.BA3b_exvivo.thresh.label --l lh.BA4a_exvivo.thresh.label --l lh.BA4p_exvivo.thresh.label --l lh.BA6_exvivo.thresh.label --l lh.BA44_exvivo.thresh.label --l lh.BA45_exvivo.thresh.label --l lh.V1_exvivo.thresh.label --l lh.V2_exvivo.thresh.label --l lh.MT_exvivo.thresh.label --l lh.perirhinal_exvivo.thresh.label --l lh.entorhinal_exvivo.thresh.label --a BA_exvivo.thresh --maxstatwinner --noverbose 

Reading ctab /opt/freesurfer/average/colortable_BA.txt
Number of ctab entries 15

7.3.2
cwd /out/sourcedata/freesurfer/sub-v1s11x0050160_ses-1/label
cmdline mris_label2annot --s sub-v1s11x0050160_ses-1 --hemi lh --ctab /opt/freesurfer/average/colortable_BA.txt --l lh.BA1_exvivo.thresh.label --l lh.BA2_exvivo.thresh.label --l lh.BA3a_exvivo.thresh.label --l lh.BA3b_exvivo.thresh.label --l lh.BA4a_exvivo.thresh.label --l lh.BA4p_exvivo.thresh.label --l lh.BA6_exvivo.thresh.label --l lh.BA44_exvivo.thresh.label --l lh.BA45_exvivo.thresh.label --l lh.V1_exvivo.thresh.label --l lh.V2_exvivo.thresh.label --l lh.MT_exvivo.thresh.label --l lh.perirhinal_exvivo.thresh.label --l lh.entorhinal_exvivo.thresh.label --a BA_exvivo.thresh --maxstatwinner --noverbose 
sysname  Linux
hostname dna017
machine  x86_64
user     oesteban

subject sub-v1s11x0050160_ses-1
hemi    lh
SUBJECTS_DIR /out/sourcedata/freesurfer
ColorTable /opt/freesurfer/average/colortable_BA.txt
AnnotName  BA_exvivo.thresh
nlables 14
LabelThresh 0 0.000000
Loading /out/sourcedata/freesurfer/sub-v1s11x0050160_ses-1/surf/lh.orig
 1 1530880 BA1_exvivo
 2 16749699 BA2_exvivo
 3 16711680 BA3a_exvivo
 4 3368703 BA3b_exvivo
 5 1376196 BA4a_exvivo
 6 13382655 BA4p_exvivo
 7 10036737 BA6_exvivo
 8 2490521 BA44_exvivo
 9 39283 BA45_exvivo
10 3993 V1_exvivo
11 8508928 V2_exvivo
12 10027163 MT_exvivo
13 16422433 perirhinal_exvivo
14 16392598 entorhinal_exvivo
Mapping unhit to unknown
Found 116205 unhit vertices
Writing annot to /out/sourcedata/freesurfer/sub-v1s11x0050160_ses-1/label/lh.BA_exvivo.thresh.annot

 mris_anatomical_stats -th3 -mgz -noglobal -f ../stats/lh.BA_exvivo.stats -b -a ./lh.BA_exvivo.annot -c ./BA_exvivo.ctab sub-v1s11x0050160_ses-1 lh white 

computing statistics for each annotation in ./lh.BA_exvivo.annot.
reading volume /out/sourcedata/freesurfer/sub-v1s11x0050160_ses-1/mri/wm.mgz...
reading input surface /out/sourcedata/freesurfer/sub-v1s11x0050160_ses-1/surf/lh.white...
reading input pial surface /out/sourcedata/freesurfer/sub-v1s11x0050160_ses-1/surf/lh.pial...
reading input white surface /out/sourcedata/freesurfer/sub-v1s11x0050160_ses-1/surf/lh.white...
INFO: using TH3 volume calc
INFO: assuming MGZ format for volumes.
INFO: not computing global stats
Using TH3 vertex volume calc
Total face volume 282101
Total vertex volume 281855 (mask=0)
Saving annotation colortable ./BA_exvivo.ctab

table columns are:
    number of vertices
    total surface area (mm^2)
    total gray matter volume (mm^3)
    average cortical thickness +- standard deviation (mm)
    integrated rectified mean curvature
    integrated rectified Gaussian curvature
    folding index
    intrinsic curvature index
    structure name

 1153    784   2727  2.733 0.527     0.135     0.020       15     1.1  BA1_exvivo
 4093   2840   7681  2.687 0.450     0.114     0.019       36     3.6  BA2_exvivo
  964    649    937  1.963 0.501     0.131     0.023        8     0.9  BA3a_exvivo
 2315   1568   3931  2.223 0.857     0.102     0.016       18     1.7  BA3b_exvivo
 1588    970   3356  2.969 0.403     0.092     0.016       10     1.1  BA4a_exvivo
 1119    752   1856  2.615 0.386     0.086     0.019        5     0.9  BA4p_exvivo
 8722   6242  21468  3.013 0.495     0.116     0.020       81     7.6  BA6_exvivo
 2380   1695   5941  2.967 0.588     0.114     0.020       23     2.1  BA44_exvivo
 2703   2018   6313  2.721 0.522     0.131     0.026       33     3.1  BA45_exvivo
 3644   2474   3533  1.515 0.428     0.125     0.026       37     4.0  V1_exvivo
 8837   6053  13104  2.088 0.558     0.136     0.028      103    10.9  V2_exvivo
 1966   1340   4283  2.760 0.449     0.121     0.021       21     1.8  MT_exvivo
  657    461   1754  3.343 0.683     0.101     0.020        5     0.4  perirhinal_exvivo
  664    390   2268  3.413 1.155     0.081     0.014        4     0.4  entorhinal_exvivo

 mris_anatomical_stats -th3 -mgz -f ../stats/lh.BA_exvivo.thresh.stats -noglobal -b -a ./lh.BA_exvivo.thresh.annot -c ./BA_exvivo.thresh.ctab sub-v1s11x0050160_ses-1 lh white 

computing statistics for each annotation in ./lh.BA_exvivo.thresh.annot.
reading volume /out/sourcedata/freesurfer/sub-v1s11x0050160_ses-1/mri/wm.mgz...
reading input surface /out/sourcedata/freesurfer/sub-v1s11x0050160_ses-1/surf/lh.white...
reading input pial surface /out/sourcedata/freesurfer/sub-v1s11x0050160_ses-1/surf/lh.pial...
reading input white surface /out/sourcedata/freesurfer/sub-v1s11x0050160_ses-1/surf/lh.white...
INFO: using TH3 volume calc
INFO: assuming MGZ format for volumes.
INFO: not computing global stats
Using TH3 vertex volume calc
Total face volume 282101
Total vertex volume 281855 (mask=0)
Saving annotation colortable ./BA_exvivo.thresh.ctab

table columns are:
    number of vertices
    total surface area (mm^2)
    total gray matter volume (mm^3)
    average cortical thickness +- standard deviation (mm)
    integrated rectified mean curvature
    integrated rectified Gaussian curvature
    folding index
    intrinsic curvature index
    structure name

  735    488   1763  2.674 0.369     0.126     0.018        9     0.6  BA1_exvivo
 1606   1082   3192  2.623 0.452     0.099     0.013       12     1.0  BA2_exvivo
  812    547    742  1.943 0.460     0.138     0.026        7     0.8  BA3a_exvivo
 1431    962   1772  1.706 0.523     0.085     0.012        7     0.8  BA3b_exvivo
 1501    929   3004  2.902 0.387     0.078     0.014        7     0.8  BA4a_exvivo
  928    626   1492  2.595 0.412     0.091     0.020        4     0.8  BA4p_exvivo
 4768   3387  11794  2.991 0.479     0.119     0.020       47     4.0  BA6_exvivo
 1519   1103   4057  2.976 0.606     0.121     0.024       18     1.5  BA44_exvivo
 1059    794   2867  2.856 0.465     0.134     0.027       14     1.2  BA45_exvivo
 3852   2593   3789  1.523 0.413     0.121     0.025       38     4.0  V1_exvivo
 4273   2956   5640  1.891 0.495     0.145     0.031       54     5.8  V2_exvivo
  457    322   1053  2.770 0.519     0.111     0.019        4     0.3  MT_exvivo
  294    198    665  3.172 0.723     0.079     0.015        1     0.2  perirhinal_exvivo
  409    247   1386  3.653 0.702     0.063     0.011        1     0.2  entorhinal_exvivo

Started at Thu Mar 12 13:37:24 CET 2026 
Ended   at Thu Mar 12 13:41:02 CET 2026
#@#%# recon-all-run-time-hours 0.061
recon-all -s sub-v1s11x0050160_ses-1 finished without error at Thu Mar 12 13:41:02 CET 2026
