#!ascii label  , from subject sub-v1s11x0050156_ses-1 vox2ras=TkReg
2537
40385  -1.499  -32.448  46.634 0.3333329856
40352  -1.452  -31.243  47.944 0.3333329856
42418  -3.002  -30.311  47.936 0.3333329856
41410  -3.529  -31.058  46.231 0.4444440007
42419  -3.791  -30.068  47.462 0.3333329856
42397  -4.306  -29.449  47.778 0.4444440007
128714  -4.493  -29.795  46.758 0.5555559993
43428  -4.938  -29.075  47.303 0.4444440007
43417  -5.338  -28.367  47.794 0.5555559993
129482  -5.972  -27.594  47.902 0.6666669846
44397  -6.541  -27.292  47.160 0.7777780294
39338  -0.786  -32.808  43.470 0.3333329856
39324  -2.019  -32.733  44.760 0.4444440007
40402  -2.804  -32.045  45.137 0.4444440007
40371  -1.982  -31.636  47.108 0.3333329856
40386  -2.697  -31.869  46.092 0.4444440007
40403  -3.331  -31.494  45.482 0.4444440007
148939  -3.917  -30.428  46.726 0.4444440007
149468  -4.230  -30.433  45.942 0.6666669846
43444  -5.116  -29.135  46.354 0.6666669846
141183  -5.438  -28.655  46.939 0.7777780294
43445  -5.646  -28.508  46.165 0.6666669846
44396  -5.943  -28.006  46.936 0.6666669846
44413  -6.430  -27.510  46.351 0.7777780294
45338  -7.038  -26.574  47.233 0.5555559993
45339  -7.510  -25.802  47.220 0.5555559993
40439  -0.624  -31.821  43.142 0.2222220004
40420  -1.828  -32.442  44.077 0.4444440007
40421  -2.662  -31.869  44.439 0.4444440007
40422  -3.368  -31.408  44.746 0.5555559993
41419  -3.841  -30.934  45.297 0.5555559993
41420  -4.332  -30.284  45.004 0.6666669846
42437  -4.747  -29.724  45.623 0.6666669846
42438  -5.276  -28.927  45.232 0.6666669846
43487  -5.479  -28.257  44.560 0.6666669846
44429  -5.803  -28.168  45.378 0.6666669846
44430  -6.342  -27.540  45.484 0.7777780294
45352  -6.860  -26.886  46.390 0.7777780294
45353  -7.315  -26.235  46.446 0.6666669846
45365  -6.836  -26.817  45.475 0.7777780294
150810  -7.104  -26.493  45.964 0.7777780294
46343  -7.721  -25.457  46.288 0.5555559993
48293  -8.329  -23.951  46.522 0.5555559993
48266  -8.233  -23.459  48.154 0.5555559993
49343  -8.641  -22.418  49.509 0.3333329856
45366  -7.367  -26.014  45.488 0.6666669846
47268  -8.337  -24.157  45.518 0.7777780294
48281  -8.387  -23.400  47.221 0.5555559993
49377  -8.527  -22.591  47.511 0.5555559993
49360  -8.506  -22.454  48.557 0.5555559993
50466  -8.790  -21.726  48.859 0.4444440007
50481  -8.767  -21.594  47.775 0.7777780294
50467  -9.095  -21.393  49.004 0.5555559993
40456  -0.306  -31.495  42.460 0.1111110002
41451  -0.449  -30.853  42.980 0.2222220004
40440  -1.425  -31.983  43.551 0.2222220004
40441  -2.266  -31.563  43.814 0.3333329856
41452  -1.331  -31.039  43.370 0.2222220004
41435  -3.751  -30.654  44.476 0.5555559993
41468  -0.281  -30.686  42.275 0.1111110002
42457  -4.634  -29.517  44.660 0.6666669846
44450  -5.575  -27.566  44.059 0.6666669846
140382  -5.955  -27.759  44.763 0.7777780294
44451  -6.364  -27.101  44.523 0.7777780294
45381  -6.904  -26.311  44.626 0.7777780294
46368  -7.353  -25.509  44.489 0.7777780294
46355  -7.884  -24.990  45.242 0.7777780294
131555  -8.602  -23.473  45.683 0.7777780294
49393  -8.685  -22.862  46.326 0.7777780294
50497  -8.780  -21.916  46.727 0.7777780294
49324  -10.071  -22.759  50.876 0.5555559993
51509  -8.911  -21.266  48.321 0.6666669846
50455  -9.613  -21.996  49.742 0.6666669846
48234  -10.663  -23.392  50.699 0.5555559993
51510  -9.288  -21.114  48.150 0.7777780294
132927  -9.534  -21.642  49.117 0.6666669846
132995  -10.170  -22.214  49.029 0.6666669846
42518  -0.350  -29.920  42.622 0.2222220004
42497  -0.766  -29.907  43.256 0.2222220004
41453  -2.459  -30.650  43.626 0.3333329856
42500  -3.387  -30.085  43.881 0.6666669846
41436  -4.092  -29.971  44.325 0.7777780294
42541  -0.481  -29.814  41.266 0.1111110002
148891  -4.130  -29.201  43.934 0.6666669846
43512  -4.514  -28.356  43.862 0.7777780294
43486  -4.904  -28.765  44.265 0.6666669846
44449  -5.088  -28.142  44.012 0.6666669846
45379  -5.831  -26.764  43.792 0.7777780294
45380  -6.407  -26.408  44.059 0.7777780294
46367  -6.702  -25.742  43.960 0.7777780294
47279  -7.720  -24.701  44.212 0.7777780294
48306  -8.636  -23.491  44.832 0.7777780294
49411  -8.971  -22.794  45.075 0.7777780294
128542  -9.281  -21.851  45.247 0.8888890147
146562  -9.281  -21.181  46.277 0.8888890147
51522  -9.263  -21.040  47.354 0.7777780294
48251  -10.640  -23.132  49.293 0.6666669846
134171  -10.977  -23.546  49.886 0.6666669846
50468  -10.060  -21.496  48.379 0.7777780294
48252  -11.355  -23.613  49.065 0.5555559993
42477  -1.101  -28.835  43.676 0.3333329856
134622  -0.337  -29.105  42.466 0.2222220004
42498  -1.491  -29.896  43.469 0.3333329856
43510  -3.242  -29.093  43.626 0.6666669846
43556  -0.394  -29.058  41.751 0.1111110002
43511  -3.823  -28.441  43.695 0.6666669846
44469  -4.792  -27.640  43.740 0.6666669846
45395  -5.134  -26.262  43.628 0.7777780294
46365  -4.565  -25.485  43.931 0.4444440007
47278  -4.901  -24.617  44.080 0.4444440007
47288  -5.858  -24.531  43.694 0.7777780294
48313  -5.458  -23.863  44.052 0.6666669846
46380  -7.070  -24.979  43.793 0.8888890147
47290  -7.403  -24.336  43.750 0.8888890147
49440  -7.635  -22.912  43.439 0.7777780294
50546  -7.839  -22.110  43.187 0.7777780294
49425  -8.840  -22.770  44.089 0.8888890147
49412  -9.186  -22.116  44.230 0.8888890147
51523  -9.761  -20.716  47.042 0.7777780294
51511  -9.815  -20.970  47.892 0.7777780294
49361  -10.913  -23.057  48.489 0.6666669846
48267  -11.712  -23.550  48.219 0.6666669846
48304  -4.409  -23.589  45.358 0.2222220004
48305  -5.153  -23.162  44.737 0.2222220004
49410  -5.165  -22.409  45.346 0.1111110002
48327  -6.164  -23.819  43.686 0.7777780294
48314  -5.917  -23.124  43.902 0.5555559993
50530  -6.386  -21.701  44.072 0.2222220004
48328  -6.821  -23.254  43.525 0.7777780294
129952  -7.165  -20.719  43.645 0.6666669846
50514  -8.684  -20.612  42.963 0.8888890147
51553  -8.688  -19.858  43.026 0.6666669846
50515  -9.383  -21.235  43.676 0.8888890147
130396  -9.735  -20.757  44.223 0.8888890147
50482  -10.464  -21.200  47.486 0.8888890147
49362  -11.381  -23.072  47.784 0.6666669846
135708  -13.118  -23.914  48.677 0.6666669846
48282  -12.044  -23.331  47.490 0.7777780294
48269  -13.459  -23.730  47.817 0.7777780294
48270  -14.333  -23.724  48.045 0.6666669846
51537  -6.525  -19.839  45.224 0.1111110002
52565  -7.536  -19.510  43.927 0.4444440007
128573  -9.909  -20.333  45.243 0.8888890147
51524  -10.304  -20.460  46.847 0.8888890147
50483  -11.321  -21.639  47.106 0.8888890147
48283  -12.837  -23.454  47.246 0.7777780294
48284  -14.134  -23.511  47.248 0.6666669846
146473  -13.509  -23.446  47.060 0.7777780294
154287  -14.735  -23.526  47.521 0.6666669846
49380  -16.000  -22.752  47.655 0.6666669846
49364  -16.374  -22.656  48.561 0.6666669846
53664  -8.030  -18.110  44.409 0.4444440007
53681  -7.552  -18.787  44.427 0.4444440007
131163  -9.256  -18.043  43.409 0.5555559993
52549  -8.766  -18.832  43.366 0.5555559993
52551  -10.698  -18.414  43.607 0.6666669846
52550  -9.815  -18.805  42.953 0.7777780294
51540  -11.028  -19.406  45.568 0.6666669846
51539  -10.361  -19.879  45.299 0.8888890147
51525  -11.074  -20.651  46.679 0.7777780294
49394  -12.110  -22.130  46.724 0.7777780294
48295  -13.179  -23.087  46.658 0.7777780294
49398  -15.545  -22.868  46.773 0.6666669846
50469  -16.721  -22.184  47.800 0.6666669846
50484  -17.437  -21.572  47.904 0.7777780294
50485  -18.132  -21.021  48.016 0.6666669846
51530  -17.762  -21.092  47.024 0.7777780294
149917  -18.686  -20.590  48.145 0.6666669846
52534  -5.813  -19.597  47.045 0.1111110002
53643  -6.505  -18.382  47.103 0.1111110002
53663  -6.887  -18.624  45.840 0.1111110002
53644  -7.394  -17.708  46.195 0.1111110002
127609  -8.687  -17.369  44.286 0.4444440007
53645  -8.383  -16.818  45.829 0.4444440007
53665  -10.000  -17.527  43.327 0.4444440007
52552  -11.431  -18.241  44.272 0.6666669846
52553  -11.820  -18.818  45.372 0.6666669846
148912  -11.875  -21.177  46.658 0.7777780294
128747  -12.857  -22.403  46.446 0.7777780294
48296  -13.952  -23.199  46.590 0.8888890147
49397  -14.767  -23.238  46.733 0.7777780294
144448  -15.135  -22.662  45.980 0.8888890147
141397  -16.283  -22.368  46.859 0.7777780294
50502  -16.967  -21.745  46.977 0.7777780294
49415  -15.541  -22.126  45.402 0.8888890147
50501  -16.394  -21.941  45.892 0.8888890147
151937  -17.151  -21.428  46.223 0.8888890147
51531  -18.504  -20.530  47.434 0.7777780294
150668  -30.249  -12.621  45.699 0.2222220004
51545  -17.612  -20.924  45.909 0.7777780294
52539  -18.972  -19.958  46.976 0.7777780294
52567  -18.535  -19.698  45.027 0.7777780294
52556  -18.799  -19.839  46.025 0.7777780294
59927  -30.136  -12.587  44.952 0.3333329856
59940  -29.689  -12.625  44.252 0.3333329856
59959  -28.520  -12.664  43.317 0.5555559993
59971  -29.234  -12.602  42.590 0.4444440007
53621  -6.184  -18.167  48.065 0.1111110002
54692  -6.769  -17.778  47.532 0.1111110002
139910  -9.515  -16.739  44.215 0.3333329856
53622  -9.601  -16.042  45.623 0.3333329856
53666  -11.153  -17.394  43.686 0.4444440007
52554  -12.258  -19.632  46.299 0.7777780294
50498  -12.591  -21.692  46.498 0.7777780294
50499  -13.326  -21.902  46.107 0.7777780294
49396  -14.426  -22.701  46.050 0.8888890147
49414  -14.843  -22.181  45.387 0.8888890147
59915  -31.864  -12.195  46.823 0.1111110002
50519  -16.826  -21.313  45.341 0.8888890147
59914  -31.169  -12.447  46.668 0.1111110002
51556  -17.287  -20.741  44.925 0.8888890147
51568  -17.724  -20.117  44.533 0.8888890147
51546  -18.102  -20.352  45.463 0.7777780294
59928  -30.885  -12.336  45.321 0.3333329856
128523  -30.707  -12.518  46.156 0.2222220004
52568  -19.151  -19.127  45.617 0.7777780294
135160  -30.939  -12.303  44.480 0.3333329856
60983  -31.659  -11.892  44.772 0.3333329856
53684  -19.348  -18.387  45.374 0.7777780294
59960  -29.419  -12.590  43.470 0.3333329856
151917  -30.410  -12.479  44.193 0.3333329856
59962  -30.920  -12.335  43.716 0.3333329856
59972  -30.058  -12.560  42.800 0.3333329856
59973  -30.722  -12.386  43.068 0.3333329856
129165  -29.859  -12.646  41.903 0.4444440007
137735  -30.771  -12.391  42.183 0.4444440007
59983  -29.478  -12.601  40.951 0.5555559993
130750  -26.574  -12.200  39.859 0.8888890147
59997  -26.950  -12.597  40.488 0.8888890147
60023  -27.743  -12.140  39.960 0.8888890147
54694  -8.385  -16.354  47.159 0.1111110002
53623  -11.206  -15.789  45.278 0.4444440007
53667  -11.927  -17.712  44.555 0.4444440007
150407  -12.243  -18.405  45.541 0.3333329856
149174  -12.343  -20.787  46.623 0.7777780294
51526  -12.780  -20.486  46.777 0.4444440007
127749  -12.987  -21.138  46.577 0.7777780294
50517  -15.348  -21.582  45.021 0.8888890147
50518  -16.008  -21.569  44.953 0.8888890147
51566  -16.272  -20.456  44.435 0.7777780294
51567  -16.859  -20.311  44.316 0.8888890147
52582  -17.271  -19.663  43.933 0.8888890147
60975  -32.454  -11.678  46.264 0.1111110002
52583  -18.121  -19.474  44.140 0.8888890147
53669  -19.635  -18.378  46.167 0.6666669846
60984  -32.369  -11.502  45.347 0.2222220004
53721  -18.085  -18.509  43.433 0.8888890147
52596  -18.344  -18.868  43.853 0.8888890147
53702  -19.262  -18.019  44.828 0.8888890147
54724  -19.720  -17.498  45.600 0.8888890147
55754  -20.547  -16.585  45.432 0.6666669846
55769  -20.969  -16.346  44.669 0.7777780294
60992  -31.447  -12.071  43.970 0.2222220004
55768  -20.095  -16.278  44.660 0.8888890147
143598  -21.790  -16.450  44.085 0.6666669846
61008  -31.533  -11.977  43.041 0.2222220004
60993  -32.056  -11.646  43.890 0.2222220004
55797  -21.467  -16.203  42.724 0.8888890147
55798  -22.342  -16.503  42.364 0.8888890147
55799  -23.147  -16.779  42.225 0.8888890147
55810  -22.348  -16.220  41.467 0.8888890147
55823  -22.862  -16.065  40.673 0.8888890147
57829  -23.015  -14.853  39.835 0.7777780294
59984  -30.351  -12.457  41.245 0.5555559993
58935  -23.827  -13.238  39.357 0.8888890147
60021  -24.308  -12.492  39.331 0.8888890147
60022  -24.926  -12.678  39.344 0.8888890147
137710  -25.630  -12.409  39.639 0.8888890147
59998  -28.688  -12.405  40.357 0.7777780294
62141  -24.617  -10.974  39.461 0.8888890147
61066  -24.976  -11.765  39.376 0.8888890147
61067  -26.026  -11.539  39.498 0.8888890147
61068  -27.057  -11.500  39.614 0.8888890147
54675  -10.256  -15.439  46.690 0.1111110002
51542  -13.584  -21.084  46.428 0.5555559993
50500  -13.971  -21.675  45.838 0.6666669846
50516  -14.689  -21.531  45.342 0.7777780294
51565  -15.962  -20.279  44.509 0.7777780294
52581  -16.539  -19.713  44.100 0.7777780294
52594  -16.975  -19.065  43.557 0.7777780294
53720  -17.439  -18.398  43.267 0.8888890147
139066  -32.366  -11.383  44.542 0.2222220004
62061  -33.497  -10.480  45.198 0.1111110002
54754  -18.105  -17.786  43.139 0.8888890147
54755  -18.870  -17.055  43.667 0.8888890147
54739  -19.380  -17.194  44.636 0.8888890147
55767  -19.544  -16.539  44.256 0.8888890147
55787  -21.170  -16.223  43.664 0.7777780294
62071  -32.772  -10.979  43.853 0.2222220004
62072  -33.515  -10.282  44.310 0.2222220004
146888  -18.971  -16.265  43.389 0.8888890147
55785  -19.682  -16.114  43.738 0.8888890147
55786  -20.308  -16.105  43.900 0.8888890147
61009  -32.326  -11.421  43.208 0.2222220004
55809  -21.725  -16.125  42.005 0.8888890147
62098  -23.637  -10.670  41.826 0.6666669846
149634  -24.473  -9.534  42.958 0.3333329856
63338  -26.061  -9.098  42.100 0.3333329856
149967  -27.872  -9.670  42.206 0.4444440007
62088  -32.824  -10.946  42.851 0.2222220004
56842  -22.164  -15.541  40.837 0.8888890147
57818  -22.307  -14.728  40.467 0.7777780294
58918  -22.801  -14.042  40.065 0.7777780294
62109  -23.672  -10.536  40.820 0.7777780294
63337  -25.130  -8.988  42.119 0.3333329856
63354  -26.578  -9.457  41.264 0.6666669846
63368  -27.130  -9.828  40.480 0.6666669846
62145  -28.264  -10.778  39.663 0.8888890147
134679  -28.882  -11.237  39.615 0.8888890147
59985  -31.583  -11.897  41.894 0.4444440007
61021  -32.241  -11.456  42.396 0.2222220004
61064  -23.732  -11.611  39.871 0.7777780294
61042  -23.988  -10.775  39.904 0.8888890147
63366  -25.141  -9.538  40.308 0.7777780294
62122  -26.757  -10.098  39.812 0.8888890147
62144  -27.392  -10.721  39.569 0.8888890147
60024  -28.786  -11.904  39.817 0.8888890147
61043  -30.274  -11.863  40.011 0.8888890147
61030  -30.766  -12.104  40.647 0.5555559993
62120  -24.789  -10.195  39.710 0.8888890147
62121  -25.774  -10.019  39.687 0.8888890147
62143  -26.422  -10.683  39.472 0.8888890147
137827  -31.473  -11.785  40.956 0.5555559993
51544  -14.969  -20.508  45.534 0.5555559993
52555  -15.478  -19.542  45.712 0.4444440007
52566  -15.626  -20.016  44.855 0.5555559993
51555  -15.394  -20.906  44.866 0.6666669846
52580  -16.156  -19.301  44.320 0.6666669846
62044  -25.427  -10.608  47.498 0.1111110002
142404  -16.512  -18.965  43.778 0.7777780294
54753  -16.359  -17.563  43.453 0.7777780294
62051  -25.312  -10.398  46.564 0.1111110002
53719  -16.750  -18.332  43.385 0.7777780294
59957  -23.582  -12.478  44.128 0.4444440007
59938  -24.009  -12.271  44.788 0.3333329856
60991  -24.339  -11.497  44.592 0.2222220004
62058  -24.788  -10.840  45.136 0.2222220004
63267  -25.583  -9.402  46.272 0.1111110002
59958  -23.958  -12.002  44.119 0.3333329856
63280  -25.462  -9.191  45.395 0.2222220004
141618  -19.103  -15.642  43.016 0.8888890147
138312  -19.796  -15.688  43.086 0.8888890147
56829  -20.564  -15.904  42.985 0.8888890147
61006  -23.679  -12.073  43.293 0.4444440007
61007  -24.126  -11.235  43.739 0.4444440007
62087  -24.251  -10.218  43.353 0.4444440007
137436  -30.205  -9.369  41.886 0.2222220004
62089  -33.384  -10.404  43.297 0.2222220004
56835  -21.024  -15.718  42.146 0.8888890147
62099  -24.031  -10.015  42.443 0.5555559993
63357  -29.522  -9.738  41.449 0.5555559993
62100  -32.770  -10.943  41.916 0.2222220004
57817  -21.554  -14.921  41.056 0.8888890147
58905  -21.861  -13.992  41.072 0.7777780294
59980  -23.055  -12.372  41.580 0.7777780294
61019  -23.452  -11.699  42.249 0.7777780294
63371  -30.086  -9.659  40.637 0.6666669846
62125  -29.495  -10.301  39.948 0.7777780294
62146  -29.778  -10.805  39.606 0.8888890147
61031  -32.155  -11.426  41.418 0.4444440007
58906  -22.384  -13.917  40.660 0.7777780294
61071  -30.568  -11.131  39.475 0.8888890147
61044  -31.102  -11.580  40.105 0.5555559993
51529  -14.650  -20.100  46.780 0.4444440007
53682  -15.862  -19.086  45.071 0.4444440007
54738  -15.951  -17.407  44.215 0.5555559993
139927  -24.321  -12.319  46.227 0.1111110002
60972  -24.728  -11.806  46.282 0.1111110002
53699  -16.040  -18.357  44.639 0.6666669846
60981  -24.504  -11.869  45.490 0.2222220004
153507  -16.082  -17.017  43.670 0.7777780294
58869  -23.200  -12.807  44.139 0.3333329856
64508  -34.390  -9.085  43.626 0.1111110002
55782  -16.431  -16.714  43.227 0.7777780294
55783  -17.242  -16.121  42.784 0.8888890147
63326  -33.931  -9.798  43.572 0.2222220004
63304  -34.173  -9.542  44.331 0.1111110002
55784  -18.258  -15.842  42.852 0.8888890147
56828  -19.313  -15.002  42.641 0.8888890147
57811  -20.362  -14.242  41.878 0.8888890147
59969  -23.217  -12.427  42.567 0.6666669846
64530  -30.864  -8.758  41.012 0.4444440007
62112  -33.303  -10.424  41.426 0.2222220004
62101  -33.338  -10.437  42.378 0.2222220004
63343  -34.195  -9.322  42.351 0.1111110002
56834  -20.862  -15.045  41.607 0.8888890147
143341  -22.378  -13.406  41.247 0.7777780294
58907  -22.744  -13.193  40.759 0.7777780294
63379  -30.268  -10.013  39.585 0.7777780294
62111  -32.672  -10.931  40.915 0.5555559993
63358  -33.813  -9.877  41.917 0.2222220004
63372  -30.547  -9.257  39.940 0.7777780294
62147  -30.677  -10.336  39.275 0.8888890147
62126  -31.553  -11.020  39.577 0.7777780294
62127  -32.435  -10.795  39.901 0.5555559993
62128  -33.235  -10.360  40.394 0.5555559993
62148  -31.226  -10.521  39.067 0.8888890147
62149  -32.078  -10.419  38.990 0.8888890147
54708  -15.858  -17.817  46.290 0.3333329856
150214  -15.948  -18.313  45.490 0.5555559993
55742  -15.718  -16.882  46.147 0.3333329856
55752  -15.749  -16.653  45.099 0.4444440007
58859  -22.995  -13.274  45.524 0.2222220004
58850  -23.881  -12.846  46.203 0.1111110002
133463  -24.136  -12.588  46.944 0.1111110002
56806  -15.747  -15.799  44.970 0.3333329856
56816  -15.950  -15.278  44.307 0.2222220004
149748  -22.667  -13.194  44.992 0.2222220004
58860  -23.549  -12.989  45.508 0.2222220004
149441  -15.893  -16.356  44.035 0.5555559993
134173  -16.437  -14.805  43.708 0.5555559993
58868  -22.740  -13.007  44.286 0.3333329856
130655  -23.198  -13.074  44.879 0.3333329856
56825  -16.379  -15.702  43.380 0.6666669846
56826  -17.776  -15.187  42.855 0.6666669846
58884  -22.682  -12.964  43.186 0.5555559993
147008  -18.219  -14.524  42.854 0.8888890147
58894  -21.669  -13.099  42.495 0.7777780294
58885  -23.134  -12.700  43.219 0.6666669846
152260  -31.487  -7.402  41.187 0.4444440007
148225  -21.562  -13.548  41.666 0.7777780294
58895  -22.270  -13.188  41.982 0.7777780294
58896  -22.683  -12.843  42.054 0.7777780294
65675  -31.360  -7.936  40.697 0.4444440007
65666  -31.458  -7.962  41.703 0.4444440007
57812  -21.118  -14.247  41.461 0.8888890147
65684  -31.083  -7.789  40.030 0.5555559993
63359  -34.230  -9.187  41.519 0.2222220004
65693  -30.757  -8.117  39.309 0.6666669846
64535  -30.875  -8.566  39.851 0.7777780294
63380  -30.825  -9.551  39.040 0.7777780294
63373  -33.823  -9.745  40.966 0.2222220004
65692  -29.959  -7.774  38.830 0.7777780294
64540  -30.869  -8.915  38.753 0.7777780294
62163  -31.127  -9.987  38.815 0.8888890147
62164  -31.584  -9.996  38.559 0.8888890147
62165  -32.102  -9.904  38.404 0.8888890147
62150  -33.022  -10.206  39.403 0.7777780294
63382  -33.780  -9.501  39.902 0.5555559993
63397  -31.348  -9.407  38.342 0.8888890147
63381  -32.736  -9.825  38.659 0.7777780294
56798  -15.661  -15.953  45.886 0.2222220004
56807  -15.787  -14.876  45.579 0.2222220004
143929  -16.051  -14.027  46.092 0.2222220004
57788  -16.198  -14.002  45.408 0.2222220004
59924  -21.282  -12.879  45.088 0.1111110002
57792  -16.272  -14.360  44.548 0.3333329856
58865  -16.584  -13.512  44.922 0.3333329856
59952  -17.743  -12.799  44.019 0.4444440007
59934  -19.124  -12.240  44.577 0.2222220004
152597  -19.751  -12.409  44.230 0.2222220004
59936  -21.187  -12.750  44.079 0.2222220004
58879  -16.767  -13.820  44.087 0.4444440007
58880  -17.484  -13.532  43.583 0.4444440007
59953  -18.301  -12.924  43.496 0.4444440007
59954  -19.167  -12.572  43.629 0.2222220004
59955  -20.220  -12.627  43.507 0.2222220004
58867  -22.043  -13.032  44.646 0.1111110002
57801  -16.924  -14.315  43.540 0.6666669846
132130  -18.921  -12.996  43.029 0.4444440007
59956  -21.098  -12.839  43.198 0.3333329856
129668  -22.015  -12.953  43.637 0.5555559993
67885  -29.924  -5.820  41.921 0.2222220004
142953  -30.382  -6.030  42.433 0.2222220004
58881  -18.360  -13.690  43.001 0.5555559993
58882  -19.661  -12.886  42.877 0.6666669846
58883  -20.550  -12.972  42.660 0.6666669846
66784  -30.317  -6.246  41.120 0.2222220004
66785  -31.158  -6.777  41.375 0.3333329856
57803  -18.863  -14.296  42.636 0.7777780294
57809  -19.240  -13.476  42.654 0.7777780294
58893  -20.041  -13.417  42.341 0.7777780294
140183  -20.854  -13.478  41.963 0.6666669846
66792  -30.046  -6.607  40.219 0.3333329856
66793  -31.072  -7.126  40.551 0.3333329856
66801  -29.452  -7.031  39.491 0.6666669846
65683  -30.528  -7.374  39.741 0.5555559993
63374  -34.262  -8.998  40.671 0.2222220004
65709  -30.499  -8.427  38.370 0.7777780294
64541  -33.844  -8.709  39.135 0.6666669846
154162  -29.282  -7.839  38.332 0.7777780294
64552  -30.485  -8.389  37.622 0.7777780294
64553  -31.007  -8.811  37.954 0.8888890147
63407  -32.118  -8.958  37.647 0.8888890147
63408  -32.708  -8.850  37.810 0.8888890147
63400  -33.214  -9.077  38.321 0.7777780294
130182  -28.724  -7.839  37.980 0.7777780294
65708  -29.693  -8.154  37.832 0.8888890147
64562  -31.010  -8.351  37.378 0.8888890147
67884  -29.053  -5.130  42.058 0.2222220004
67883  -28.753  -5.264  41.285 0.2222220004
67898  -29.343  -5.920  40.770 0.4444440007
67897  -28.395  -5.597  40.563 0.5555559993
66791  -28.927  -6.307  40.026 0.5555559993
67911  -27.889  -6.035  39.891 0.7777780294
66800  -28.326  -6.777  39.382 0.6666669846
66799  -27.370  -6.565  39.226 0.7777780294
65690  -27.782  -7.123  38.835 0.6666669846
65691  -28.750  -7.414  38.718 0.6666669846
65707  -27.842  -7.523  38.233 0.7777780294
64555  -33.087  -8.376  37.882 0.8888890147
65706  -26.973  -7.133  38.482 0.7777780294
65719  -30.164  -7.823  37.041 1.0000000000
65720  -31.018  -7.707  37.070 0.8888890147
65710  -32.546  -7.493  37.659 0.8888890147
65705  -26.512  -7.207  37.724 1.0000000000
65717  -27.154  -7.505  37.649 0.8888890147
65718  -28.057  -7.663  37.408 0.8888890147
132795  -29.044  -7.739  37.176 1.0000000000
130406  -31.010  -6.849  36.958 0.8888890147
66811  -31.779  -5.836  37.998 1.0000000000
65728  -26.538  -7.377  36.999 1.0000000000
65729  -27.390  -7.524  36.765 1.0000000000
65730  -28.355  -7.376  36.541 1.0000000000
65731  -29.302  -7.130  36.495 1.0000000000
66824  -30.121  -5.753  36.807 1.0000000000
67939  -30.853  -5.521  37.529 0.8888890147
139036  -26.783  -7.358  36.261 1.0000000000
66831  -28.717  -6.665  35.816 1.0000000000
66832  -29.502  -5.963  36.158 0.8888890147
66842  -29.265  -5.703  35.443 1.0000000000
68984  -28.503  -4.245  42.386 0.2222220004
68983  -28.265  -4.517  41.702 0.5555559993
70030  -27.857  -3.700  41.933 0.3333329856
68994  -27.940  -4.802  41.002 0.5555559993
67896  -27.520  -5.230  40.338 0.6666669846
67910  -26.964  -5.636  39.615 0.8888890147
66798  -26.615  -6.290  38.851 0.8888890147
66810  -26.255  -6.673  38.075 0.7777780294
67921  -32.143  -5.423  38.708 0.8888890147
66823  -25.986  -6.938  37.226 1.0000000000
67938  -30.267  -4.688  37.013 0.8888890147
139037  -30.683  -4.388  37.626 0.8888890147
66829  -26.002  -7.020  36.256 1.0000000000
66830  -27.629  -7.190  35.775 1.0000000000
67952  -29.762  -4.929  35.895 1.0000000000
69055  -30.167  -4.383  36.325 0.8888890147
70096  -30.662  -3.892  37.063 0.7777780294
66839  -25.939  -6.611  35.334 1.0000000000
131138  -26.599  -7.072  35.538 1.0000000000
66841  -28.363  -6.443  34.984 1.0000000000
69067  -30.287  -4.428  35.852 1.0000000000
70113  -31.075  -3.595  36.787 0.7777780294
67964  -29.200  -5.727  34.859 1.0000000000
67965  -29.851  -5.010  35.317 1.0000000000
69011  -26.910  -4.762  40.057 0.7777780294
147964  -27.241  -4.315  40.574 0.5555559993
67909  -26.418  -5.450  38.956 0.7777780294
67919  -26.087  -5.809  38.322 0.8888890147
67937  -25.787  -6.151  37.543 1.0000000000
66828  -25.575  -6.377  35.880 1.0000000000
130090  -26.465  -6.710  34.875 1.0000000000
66840  -27.248  -6.859  34.914 1.0000000000
67966  -30.452  -4.827  35.319 1.0000000000
69068  -30.882  -4.234  35.799 1.0000000000
67963  -25.451  -5.833  35.131 1.0000000000
66860  -26.087  -6.179  34.419 1.0000000000
66861  -26.901  -6.534  34.250 1.0000000000
128401  -27.744  -6.558  34.355 1.0000000000
66862  -28.615  -6.232  34.145 1.0000000000
67980  -29.508  -5.714  34.481 1.0000000000
67981  -30.085  -5.367  34.657 1.0000000000
67967  -31.307  -5.034  35.322 0.8888890147
69069  -31.751  -4.455  35.854 0.6666669846
67979  -25.651  -5.500  34.320 1.0000000000
68002  -26.065  -5.523  33.681 1.0000000000
136377  -26.682  -6.080  33.530 1.0000000000
66886  -28.326  -6.266  33.208 1.0000000000
66887  -29.142  -6.137  33.632 1.0000000000
148921  -29.790  -5.998  33.937 1.0000000000
66863  -30.552  -6.090  34.062 1.0000000000
67982  -30.885  -5.545  34.721 1.0000000000
66888  -30.292  -6.382  33.277 1.0000000000
150493  -27.005  -3.359  40.566 0.3333329856
142955  -26.702  -3.941  39.964 0.5555559993
70061  -26.374  -3.641  39.000 0.7777780294
69024  -26.074  -4.755  38.436 0.7777780294
70078  -26.279  -2.899  38.184 0.5555559993
133225  -25.776  -5.376  37.782 1.0000000000
69037  -25.670  -4.648  37.473 0.8888890147
67936  -25.468  -5.511  37.045 0.8888890147
67951  -25.320  -5.667  36.128 1.0000000000
69066  -25.233  -4.841  35.571 0.8888890147
69076  -25.368  -4.864  34.647 1.0000000000
68001  -25.623  -4.867  33.849 0.7777780294
67968  -32.316  -5.422  35.432 0.5555559993
68019  -26.592  -5.349  32.845 1.0000000000
140198  -27.872  -5.691  32.170 1.0000000000
66904  -28.863  -6.168  32.786 1.0000000000
149880  -29.558  -6.265  33.115 1.0000000000
67983  -31.918  -5.935  34.802 0.7777780294
67954  -33.621  -5.318  36.174 0.4444440007
68020  -27.295  -5.294  32.161 0.8888890147
68021  -28.571  -5.881  31.933 1.0000000000
66905  -29.335  -6.211  32.285 1.0000000000
66864  -31.502  -6.366  34.143 0.8888890147
66843  -32.905  -6.253  34.982 0.7777780294
66845  -34.717  -6.291  35.432 0.4444440007
68022  -29.288  -5.971  31.474 1.0000000000
66906  -30.037  -6.397  32.466 1.0000000000
66907  -30.903  -6.644  32.482 1.0000000000
66890  -32.038  -6.732  33.369 0.7777780294
66865  -32.602  -6.620  34.141 0.7777780294
66867  -34.425  -6.538  34.605 0.6666669846
66868  -35.316  -6.387  34.701 0.4444440007
66846  -35.516  -6.248  35.420 0.3333329856
133843  -31.637  -6.753  32.760 0.8888890147
128129  -32.931  -6.789  33.183 0.7777780294
66892  -34.211  -6.661  33.739 0.7777780294
67984  -35.526  -6.238  33.855 0.4444440007
70079  -26.492  -2.681  39.037 0.3333329856
69053  -25.649  -3.816  36.977 0.5555559993
69052  -25.348  -4.728  36.550 0.8888890147
70111  -25.362  -3.876  36.023 0.7777780294
70127  -25.322  -3.953  35.049 0.6666669846
70137  -25.480  -4.026  34.143 0.6666669846
69107  -26.308  -4.459  32.695 0.8888890147
70158  -26.735  -3.986  32.100 0.8888890147
69122  -27.338  -4.492  31.615 0.8888890147
68033  -27.923  -5.278  31.573 1.0000000000
146839  -27.147  -3.634  31.587 0.8888890147
69123  -28.044  -4.582  30.926 1.0000000000
68034  -28.680  -5.403  30.992 1.0000000000
66934  -29.957  -6.160  31.168 1.0000000000
66923  -30.419  -6.457  31.715 1.0000000000
66869  -36.075  -6.158  35.049 0.3333329856
143051  -29.147  -5.227  30.388 1.0000000000
146696  -29.694  -5.376  30.096 1.0000000000
66924  -31.234  -6.601  31.534 1.0000000000
66925  -32.103  -6.661  31.437 1.0000000000
66909  -33.280  -6.713  32.436 0.8888890147
66911  -34.882  -6.269  32.554 0.6666669846
66935  -30.699  -6.347  30.926 1.0000000000
66936  -31.562  -6.423  30.730 1.0000000000
66926  -33.124  -6.577  31.505 1.0000000000
66927  -33.999  -6.263  31.184 1.0000000000
66928  -34.751  -6.066  31.692 0.7777780294
71158  -26.529  -2.125  39.083 0.2222220004
141872  -26.190  -2.394  37.569 0.4444440007
71174  -26.345  -2.064  38.213 0.4444440007
71188  -26.013  -2.989  37.346 0.5555559993
72293  -26.221  -1.695  37.228 0.4444440007
132583  -26.044  -2.272  36.842 0.4444440007
70112  -25.728  -3.005  36.461 0.5555559993
70128  -25.580  -3.035  35.509 0.5555559993
71211  -25.923  -2.204  35.021 0.5555559993
70138  -25.621  -3.101  34.539 0.5555559993
70144  -25.803  -3.232  33.620 0.5555559993
71235  -26.198  -2.574  33.190 0.5555559993
140351  -26.236  -3.398  32.726 0.6666669846
70176  -26.792  -3.094  31.972 0.6666669846
71257  -27.062  -2.312  31.885 0.5555559993
139846  -27.360  -2.894  31.372 0.6666669846
71258  -28.112  -2.799  30.799 0.5555559993
70177  -27.649  -3.689  31.029 0.8888890147
70195  -28.406  -3.723  30.493 0.8888890147
70196  -29.172  -3.872  30.044 1.0000000000
70218  -30.383  -3.685  29.555 1.0000000000
148470  -30.383  -5.437  29.815 1.0000000000
68049  -32.758  -5.911  29.863 1.0000000000
66939  -33.996  -5.955  30.483 1.0000000000
68036  -35.380  -5.504  31.295 1.0000000000
68051  -34.375  -5.583  30.045 1.0000000000
68052  -35.217  -5.253  30.298 1.0000000000
72309  -26.180  -1.490  36.340 0.4444440007
136138  -26.746  0.098  36.678 0.2222220004
72328  -26.218  -1.452  35.446 0.3333329856
73438  -26.505  -0.749  35.772 0.3333329856
74560  -26.950  0.689  37.157 0.2222220004
73451  -26.654  -0.808  34.885 0.3333329856
73422  -26.817  -0.000  36.022 0.3333329856
71224  -26.121  -2.224  34.013 0.5555559993
73452  -27.210  -0.195  34.510 0.3333329856
134308  -27.681  0.423  34.911 0.3333329856
72352  -26.552  -1.793  33.231 0.5555559993
72353  -26.938  -0.981  33.374 0.5555559993
73464  -27.415  -0.370  33.734 0.3333329856
72363  -27.149  -1.481  32.433 0.5555559993
73478  -27.651  -0.627  32.884 0.3333329856
72364  -28.076  -0.918  32.012 0.5555559993
71259  -28.773  -1.975  30.830 0.5555559993
71271  -29.111  -2.836  30.328 0.7777780294
70197  -29.845  -3.282  29.877 1.0000000000
71272  -30.674  -2.848  29.732 1.0000000000
69147  -31.521  -4.640  29.204 1.0000000000
68062  -33.098  -5.251  29.195 1.0000000000
68050  -33.609  -5.749  29.877 1.0000000000
69148  -32.375  -4.638  28.962 1.0000000000
142016  -33.064  -4.543  28.759 1.0000000000
69150  -34.527  -4.793  29.007 1.0000000000
69151  -35.307  -4.708  29.398 1.0000000000
69164  -35.000  -4.388  28.696 1.0000000000
128924  -30.491  3.044  39.052 0.1111110002
129245  -31.161  3.107  39.051 0.1111110002
137355  -31.497  3.234  39.621 0.1111110002
74578  -27.270  0.642  36.358 0.3333329856
75668  -27.756  1.319  36.738 0.2222220004
148376  -29.237  2.197  36.875 0.1111110002
76831  -30.231  2.637  37.778 0.1111110002
76832  -30.737  2.678  37.620 0.1111110002
76811  -31.487  3.019  38.465 0.1111110002
74579  -27.961  1.110  36.054 0.3333329856
75687  -28.593  1.688  36.387 0.2222220004
75688  -29.503  2.102  36.288 0.1111110002
76857  -31.023  2.629  37.088 0.2222220004
74615  -28.449  0.832  34.564 0.2222220004
75713  -29.030  1.446  35.003 0.2222220004
75714  -29.724  1.946  35.503 0.1111110002
74638  -28.705  0.603  33.737 0.2222220004
74616  -29.269  1.205  34.183 0.2222220004
73465  -28.179  -0.021  33.335 0.2222220004
73466  -28.985  0.369  32.895 0.2222220004
73480  -29.876  -0.290  31.870 0.2222220004
147309  -28.970  -0.531  31.837 0.3333329856
72375  -28.752  -1.233  31.370 0.4444440007
72376  -29.657  -1.964  30.545 0.4444440007
72390  -30.641  -1.956  30.363 0.7777780294
153891  -31.662  -2.947  29.415 0.8888890147
70220  -31.922  -3.851  29.016 1.0000000000
139448  -32.467  -3.215  28.924 1.0000000000
69162  -33.508  -4.043  28.452 1.0000000000
69163  -34.333  -4.232  28.454 0.8888890147
70239  -35.076  -3.728  28.195 0.8888890147
70222  -36.379  -3.766  29.117 1.0000000000
71290  -36.737  -3.051  28.721 0.8888890147
71292  -38.240  -2.144  29.683 0.7777780294
76786  -31.607  3.186  38.988 0.1111110002
76833  -31.396  2.804  37.736 0.2222220004
131110  -32.036  2.833  37.302 0.2222220004
75689  -30.585  2.380  36.177 0.2222220004
75715  -30.633  2.140  35.108 0.2222220004
76881  -31.518  2.418  35.499 0.2222220004
75738  -29.887  1.726  34.664 0.2222220004
75739  -31.572  2.021  34.424 0.2222220004
74639  -29.592  0.941  33.319 0.2222220004
74617  -30.185  1.492  33.829 0.2222220004
75758  -31.139  1.573  33.672 0.2222220004
73498  -30.543  -0.761  31.427 0.3333329856
72377  -31.125  -1.301  30.981 0.5555559993
71273  -31.309  -2.291  29.939 0.7777780294
71289  -32.933  -2.465  28.793 0.8888890147
71303  -33.590  -2.583  28.076 0.8888890147
70238  -34.099  -3.403  28.040 0.8888890147
70253  -34.837  -2.952  27.738 0.8888890147
71306  -36.177  -2.587  28.034 0.8888890147
71307  -37.036  -2.200  28.488 0.8888890147
72405  -37.816  -1.738  28.971 0.8888890147
72412  -37.353  -1.327  28.328 0.8888890147
72413  -38.177  -0.930  28.684 0.8888890147
73528  -38.924  -0.562  28.902 0.8888890147
74640  -30.638  1.081  33.076 0.2222220004
75759  -32.128  1.393  33.656 0.2222220004
74641  -31.668  0.981  33.061 0.2222220004
74661  -32.061  0.363  32.694 0.3333329856
74662  -32.621  -0.073  32.683 0.3333329856
73467  -33.285  -0.292  32.961 0.3333329856
74660  -31.236  0.451  32.542 0.3333329856
73481  -30.893  -0.172  31.988 0.3333329856
73500  -32.552  -0.972  31.803 0.3333329856
72365  -33.387  -1.167  32.082 0.3333329856
73499  -31.562  -0.780  31.582 0.3333329856
137392  -32.447  -1.657  30.569 0.4444440007
71274  -32.015  -2.169  29.913 0.5555559993
72403  -32.698  -1.965  29.781 0.4444440007
71317  -33.998  -1.962  27.690 0.7777780294
72420  -35.292  -1.556  27.390 0.8888890147
72421  -36.092  -1.214  27.513 0.8888890147
74729  -40.401  -0.240  28.803 0.8888890147
72422  -36.878  -0.863  27.792 0.8888890147
73538  -37.724  -0.553  28.064 0.8888890147
130903  -37.279  -0.051  27.435 0.8888890147
73551  -38.213  -0.001  27.608 0.8888890147
72379  -33.061  -1.402  31.308 0.4444440007
72380  -33.848  -1.314  31.784 0.3333329856
72392  -33.695  -1.380  30.928 0.3333329856
137093  -33.246  -1.330  29.841 0.6666669846
72404  -33.059  -1.704  29.068 0.6666669846
72410  -33.483  -1.658  28.283 0.7777780294
73537  -33.689  -0.702  28.106 0.7777780294
72419  -34.495  -1.403  27.473 0.8888890147
147211  -34.895  -0.864  27.297 0.8888890147
129005  -40.700  -0.094  28.049 0.8888890147
73550  -36.353  -0.382  27.381 0.8888890147
73552  -39.052  -0.043  27.750 0.8888890147
74728  -39.864  -0.108  28.057 0.8888890147
74742  -38.012  0.424  26.951 0.8888890147
74743  -38.879  0.231  26.966 0.8888890147
75835  -39.229  1.226  25.910 0.8888890147
75845  -39.699  1.799  25.598 0.8888890147
76994  -39.232  2.550  25.612 0.8888890147
76995  -40.080  2.563  25.430 0.8888890147
78102  -40.426  3.513  25.254 0.8888890147
79196  -41.827  4.371  24.825 0.8888890147
79214  -43.424  4.874  24.758 0.8888890147
73527  -33.534  -0.451  29.279 0.5555559993
146905  -33.375  -0.968  28.780 0.7777780294
141911  -33.667  -0.115  28.499 0.6666669846
74738  -33.885  0.016  27.979 0.6666669846
73548  -34.958  -0.092  27.277 0.8888890147
74740  -35.770  0.191  27.208 0.8888890147
149203  -36.555  0.297  27.152 0.8888890147
74741  -37.141  0.671  26.877 0.8888890147
74753  -36.998  1.499  26.588 0.8888890147
74754  -37.810  1.098  26.509 0.8888890147
75834  -38.348  1.647  26.040 0.8888890147
75833  -37.574  1.810  26.304 0.8888890147
75844  -38.970  1.907  25.681 0.8888890147
78100  -38.751  3.226  25.805 0.8888890147
78101  -39.501  3.338  25.567 0.8888890147
131499  -40.990  4.173  24.977 0.8888890147
79212  -41.793  5.237  24.636 0.8888890147
79213  -42.543  5.016  24.592 0.8888890147
80354  -43.173  5.665  24.300 0.8888890147
80355  -44.088  5.387  24.594 0.7777780294
79199  -44.310  4.752  25.299 0.7777780294
79200  -45.251  5.024  25.687 0.6666669846
80322  -45.855  5.368  26.053 0.6666669846
80334  -44.917  5.424  25.016 0.6666669846
131593  -33.736  0.411  28.984 0.5555559993
74714  -34.047  1.081  28.858 0.5555559993
74727  -34.028  0.742  28.258 0.5555559993
75823  -34.604  1.507  27.754 0.6666669846
136289  -35.176  0.836  27.288 0.6666669846
75824  -35.502  1.784  27.231 0.6666669846
75825  -36.319  2.045  26.803 0.8888890147
76983  -37.042  2.338  26.494 0.8888890147
76984  -37.740  2.480  26.135 0.8888890147
78088  -38.061  3.178  26.111 0.8888890147
147791  -38.457  3.713  26.170 0.7777780294
78089  -39.024  3.906  25.904 0.8888890147
79194  -39.705  4.129  25.599 0.8888890147
79195  -40.370  4.497  25.284 0.8888890147
80332  -40.429  5.370  25.609 0.8888890147
131111  -41.031  5.082  24.888 0.8888890147
80333  -40.832  6.008  25.156 0.8888890147
80353  -42.245  5.808  24.449 0.8888890147
139668  -44.633  5.749  24.368 0.7777780294
80335  -45.700  5.668  25.494 0.6666669846
75815  -34.260  1.635  28.454 0.5555559993
76971  -34.612  2.194  28.193 0.5555559993
76972  -35.137  2.441  27.763 0.5555559993
152292  -36.062  3.646  27.901 0.5555559993
76973  -35.861  2.717  27.252 0.7777780294
78075  -36.442  3.538  27.501 0.5555559993
78076  -37.409  3.994  27.427 0.4444440007
78087  -37.263  3.199  26.662 0.7777780294
78077  -37.976  3.844  26.721 0.6666669846
79178  -38.768  4.269  26.708 0.6666669846
79180  -39.909  4.877  26.230 0.7777780294
79168  -40.137  5.103  27.551 0.4444440007
80311  -40.856  5.932  27.372 0.5555559993
81437  -40.652  6.054  25.898 0.5555559993
81449  -41.076  6.729  25.778 0.5555559993
82481  -41.570  7.385  25.959 0.5555559993
81464  -41.239  6.547  24.967 0.7777780294
82489  -41.577  7.173  25.169 0.5555559993
150921  -42.440  6.935  24.339 0.8888890147
139550  -42.663  6.434  24.241 0.8888890147
81467  -43.986  6.002  23.923 0.8888890147
137180  -36.221  2.224  31.918 0.3333329856
75807  -34.799  2.167  29.750 0.5555559993
76947  -35.341  2.664  30.220 0.4444440007
76956  -34.549  2.305  28.860 0.5555559993
76965  -35.035  2.818  28.450 0.5555559993
78057  -35.545  3.498  28.871 0.5555559993
78069  -36.912  4.219  28.068 0.5555559993
79165  -37.728  4.481  28.279 0.4444440007
79166  -38.242  4.359  27.533 0.4444440007
134127  -39.704  4.791  27.872 0.3333329856
80301  -40.705  5.262  28.407 0.1111110002
80310  -40.633  5.537  27.683 0.2222220004
81429  -41.309  6.398  27.588 0.4444440007
81430  -41.896  6.969  27.917 0.4444440007
81438  -40.883  6.361  26.698 0.5555559993
82471  -42.190  7.688  27.416 0.5555559993
82482  -42.042  7.803  26.465 0.5555559993
83474  -42.505  8.352  25.983 0.5555559993
82504  -42.262  7.455  24.663 0.5555559993
81480  -43.664  6.705  23.765 0.8888890147
81466  -43.286  6.375  23.999 0.8888890147
81468  -44.828  6.162  23.866 0.7777780294
81469  -46.054  6.163  24.270 0.6666669846
80336  -46.273  6.079  25.189 0.6666669846
78014  -37.990  3.789  34.623 0.1111110002
78025  -37.334  3.437  33.381 0.1111110002
138691  -35.632  2.420  30.894 0.4444440007
78034  -36.437  3.037  32.028 0.3333329856
78042  -36.549  3.945  31.501 0.1111110002
78035  -37.028  4.000  32.489 0.1111110002
76948  -35.798  3.091  30.722 0.2222220004
78050  -36.242  3.870  30.558 0.1111110002
79124  -36.786  4.387  30.883 0.1111110002
78049  -35.664  3.390  29.871 0.4444440007
78058  -36.169  4.061  29.477 0.3333329856
79139  -36.792  4.486  30.094 0.2222220004
79140  -37.503  4.777  29.849 0.2222220004
79152  -37.025  4.521  29.038 0.4444440007
79153  -38.185  4.791  29.254 0.3333329856
78068  -36.202  3.936  28.360 0.4444440007
79154  -38.649  4.637  28.408 0.4444440007
137145  -39.184  4.809  29.164 0.2222220004
135981  -39.939  4.866  29.134 0.2222220004
79129  -40.976  5.159  29.990 0.2222220004
138749  -42.094  5.542  29.768 0.1111110002
80294  -42.720  5.814  29.901 0.1111110002
81412  -43.324  6.335  29.984 0.1111110002
79155  -39.471  4.758  28.472 0.2222220004
79143  -40.604  5.058  29.172 0.1111110002
128383  -41.445  5.431  29.147 0.1111110002
80293  -42.235  5.948  29.232 0.1111110002
81411  -42.855  6.434  29.384 0.2222220004
81422  -43.003  7.146  28.962 0.1111110002
82447  -43.581  7.514  29.310 0.1111110002
80302  -41.767  6.159  28.444 0.1111110002
81421  -42.396  6.679  28.705 0.3333329856
82460  -43.192  7.894  28.614 0.2222220004
83463  -42.615  8.316  26.932 0.5555559993
82520  -43.836  7.392  23.638 0.8888890147
83496  -43.365  8.068  23.934 0.7777780294
83483  -43.159  8.535  24.643 0.5555559993
83482  -42.559  8.206  25.087 0.6666669846
82505  -42.990  7.188  24.046 0.8888890147
81482  -45.251  6.660  23.332 0.7777780294
81483  -46.185  6.372  23.476 0.6666669846
148512  -46.955  6.173  24.226 0.6666669846
151050  -46.948  6.186  25.122 0.5555559993
79077  -38.555  4.410  34.998 0.1111110002
151297  -37.563  4.184  33.146 0.1111110002
131857  -38.354  4.652  34.161 0.1111110002
79078  -39.044  5.147  34.524 0.1111110002
134388  -38.110  4.825  33.236 0.1111110002
154241  -37.601  4.742  32.076 0.1111110002
79103  -38.183  5.086  32.328 0.1111110002
79125  -37.425  4.771  30.642 0.1111110002
79112  -38.192  5.104  31.287 0.1111110002
133590  -38.850  5.182  30.538 0.1111110002
79126  -38.181  5.005  30.221 0.1111110002
79127  -39.563  5.171  30.369 0.1111110002
79114  -40.117  5.289  30.932 0.1111110002
135051  -40.665  5.401  31.394 0.1111110002
79141  -38.980  4.988  29.865 0.2222220004
79115  -40.842  5.261  30.792 0.1111110002
80285  -42.286  5.489  30.539 0.1111110002
79142  -39.725  5.001  29.745 0.2222220004
147597  -41.660  5.338  30.048 0.2222220004
80286  -43.212  5.806  30.667 0.1111110002
81402  -43.735  6.322  30.506 0.1111110002
81413  -43.889  6.977  30.054 0.1111110002
84477  -43.827  9.337  27.775 0.1111110002
83459  -44.081  9.095  28.652 0.1111110002
82461  -43.810  8.298  29.009 0.1111110002
84497  -43.647  9.327  25.877 0.4444440007
83470  -43.103  8.848  26.428 0.3333329856
83464  -43.217  8.816  27.365 0.3333329856
82472  -42.810  8.195  27.849 0.3333329856
83484  -43.840  8.812  24.184 0.5555559993
83475  -43.065  8.776  25.502 0.5555559993
83497  -44.207  8.224  23.555 0.8888890147
79090  -38.983  5.340  33.522 0.1111110002
129091  -39.885  5.575  33.892 0.1111110002
80259  -39.442  5.536  32.679 0.1111110002
80223  -40.595  5.716  34.524 0.1111110002
80274  -38.957  5.472  31.979 0.1111110002
133148  -40.275  5.625  32.866 0.1111110002
79113  -39.284  5.330  31.146 0.1111110002
80275  -39.927  5.574  31.835 0.1111110002
80260  -40.850  5.557  32.074 0.1111110002
152564  -41.518  5.506  32.219 0.1111110002
80276  -41.379  5.413  31.486 0.1111110002
80277  -42.204  5.466  32.081 0.1111110002
129561  -43.220  5.528  32.241 0.1111110002
141241  -42.007  5.418  31.252 0.1111110002
130925  -42.756  5.510  31.389 0.1111110002
80279  -44.878  6.074  32.122 0.1111110002
81391  -44.850  6.380  31.539 0.1111110002
80287  -43.857  6.029  31.000 0.1111110002
81404  -45.113  6.929  31.212 0.1111110002
83452  -44.490  8.669  29.410 0.1111110002
82449  -44.910  8.220  30.154 0.1111110002
82522  -45.430  7.328  22.824 0.8888890147
81491  -45.919  6.783  22.910 0.7777780294
129105  -44.130  5.753  32.196 0.1111110002
82533  -46.183  7.264  22.540 0.7777780294
81492  -46.628  6.703  22.802 0.7777780294
39297  -1.921  -32.706  45.565 0.2222220004
41409  -2.897  -31.286  46.845 0.3333329856
41399  -2.475  -30.937  47.564 0.3333329856
41400  -3.326  -30.709  47.165 0.3333329856
43416  -4.718  -28.875  48.044 0.5555559993
39323  -1.091  -33.410  44.292 0.2222220004
44412  -6.044  -27.956  46.074 0.6666669846
41434  -3.100  -31.085  44.040 0.5555559993
47261  -7.887  -24.818  47.115 0.6666669846
47267  -8.059  -24.696  46.156 0.7777780294
48280  -8.170  -24.032  47.438 0.5555559993
50453  -8.966  -21.873  49.682 0.4444440007
40438  -0.342  -31.605  42.807 0.1111110002
39355  -0.396  -32.212  42.003 0.1111110002
42496  -0.475  -29.906  42.952 0.2222220004
143268  -0.398  -30.604  41.570 0.1111110002
42540  -0.278  -29.889  42.053 0.1111110002
47280  -8.236  -24.161  44.581 0.7777780294
49344  -10.129  -22.709  50.062 0.6666669846
144395  -9.485  -21.293  48.555 0.6666669846
43509  -0.458  -28.902  43.066 0.2222220004
42499  -2.421  -29.627  43.554 0.5555559993
40490  -0.589  -31.267  41.135 0.1111110002
45396  -5.982  -25.962  43.698 0.8888890147
46379  -6.312  -25.147  43.688 0.8888890147
48315  -7.969  -23.997  43.841 0.8888890147
48316  -8.396  -23.437  44.022 0.8888890147
49378  -10.784  -22.174  47.883 0.7777780294
42478  -1.506  -28.968  43.707 0.3333329856
44470  -5.208  -27.054  43.657 0.7777780294
46366  -5.482  -25.355  43.689 0.7777780294
48312  -4.823  -23.907  44.626 0.4444440007
47289  -6.736  -24.262  43.609 0.7777780294
48329  -7.455  -23.687  43.593 0.7777780294
50545  -7.171  -21.846  43.433 0.7777780294
49439  -7.237  -22.503  43.414 0.6666669846
50533  -8.670  -21.798  43.277 0.8888890147
50532  -7.819  -21.164  43.137 0.8888890147
49424  -6.527  -22.447  43.727 0.5555559993
49423  -5.772  -22.375  44.450 0.2222220004
50513  -6.495  -20.977  44.338 0.2222220004
51551  -6.114  -20.647  45.262 0.1111110002
50512  -5.723  -21.563  45.079 0.1111110002
50531  -6.968  -21.234  43.626 0.5555559993
51564  -7.838  -20.293  43.277 0.4444440007
51552  -6.877  -20.264  44.263 0.4444440007
51554  -9.358  -20.295  43.006 0.7777780294
51538  -9.529  -19.655  42.986 0.8888890147
49379  -11.643  -22.594  47.240 0.7777780294
48268  -12.551  -23.742  48.007 0.7777780294
48294  -12.402  -22.896  46.891 0.7777780294
140132  -6.881  -19.213  45.197 0.1111110002
48285  -15.306  -23.276  47.515 0.6666669846
52548  -6.316  -19.399  46.130 0.1111110002
51541  -11.770  -20.084  46.180 0.7777780294
49395  -13.640  -22.602  46.203 0.7777780294
50470  -17.832  -21.481  48.747 0.4444440007
128635  -6.245  -18.989  46.821 0.1111110002
53646  -10.625  -16.532  44.021 0.4444440007
150671  -15.783  -22.433  46.126 0.8888890147
130592  -18.319  -20.456  46.497 0.7777780294
52540  -19.569  -19.455  47.439 0.6666669846
59961  -30.232  -12.509  43.587 0.3333329856
151324  -29.121  -12.645  41.763 0.4444440007
59970  -28.314  -12.623  42.301 0.4444440007
54693  -7.389  -17.076  47.526 0.1111110002
53647  -11.803  -16.612  44.479 0.4444440007
49413  -14.135  -22.100  45.698 0.7777780294
60974  -31.593  -12.096  45.890 0.1111110002
50535  -16.451  -20.936  44.644 0.8888890147
53683  -18.868  -18.877  44.628 0.8888890147
59982  -28.574  -12.630  41.220 0.5555559993
59999  -29.501  -12.190  40.110 0.7777780294
135250  -9.204  -15.811  47.175 0.1111110002
50534  -15.839  -20.994  44.650 0.7777780294
52595  -17.674  -19.049  43.587 0.8888890147
62060  -32.943  -10.919  44.845 0.2222220004
53701  -18.774  -18.094  43.936 0.8888890147
55753  -19.898  -16.710  45.184 0.6666669846
54725  -20.339  -16.969  45.998 0.6666669846
55755  -21.396  -16.651  45.509 0.6666669846
153094  -22.768  -16.566  41.848 0.7777780294
55811  -23.235  -16.604  41.348 0.8888890147
56841  -21.584  -15.623  41.484 0.8888890147
56851  -22.710  -15.418  40.291 0.8888890147
57830  -23.439  -14.068  39.564 0.7777780294
60020  -23.717  -12.370  39.597 0.8888890147
131131  -23.256  -13.190  39.838 0.7777780294
61065  -24.151  -11.622  39.478 0.8888890147
61069  -28.046  -11.435  39.643 0.8888890147
60000  -30.083  -12.340  40.547 0.6666669846
62142  -25.426  -10.790  39.421 0.8888890147
51527  -13.382  -20.249  46.947 0.3333329856
51543  -14.247  -20.979  46.129 0.4444440007
141400  -17.155  -17.440  42.929 0.8888890147
135362  -18.106  -16.788  42.875 0.8888890147
62110  -23.959  -9.823  41.473 0.5555559993
61029  -23.360  -11.434  41.193 0.7777780294
63336  -24.489  -9.400  42.206 0.5555559993
63319  -24.892  -9.009  42.985 0.3333329856
139521  -26.571  -9.128  42.940 0.1111110002
63339  -27.034  -9.418  42.150 0.3333329856
138566  -25.639  -8.865  42.940 0.3333329856
63356  -28.611  -9.844  41.667 0.4444440007
63355  -27.562  -9.708  41.411 0.6666669846
61041  -23.580  -11.271  40.383 0.7777780294
132638  -24.213  -9.863  40.475 0.8888890147
63352  -24.650  -9.318  41.254 0.7777780294
63353  -25.588  -9.237  41.191 0.6666669846
63367  -26.143  -9.619  40.344 0.8888890147
63369  -28.135  -10.017  40.688 0.6666669846
62123  -27.701  -10.295  39.967 0.8888890147
62124  -28.622  -10.418  40.048 0.8888890147
141623  -28.976  -10.762  39.735 0.8888890147
61070  -29.618  -11.552  39.683 0.8888890147
147532  -31.051  -12.196  41.363 0.5555559993
59995  -23.278  -12.209  40.373 0.8888890147
60973  -25.061  -11.343  46.806 0.1111110002
53700  -16.271  -18.339  43.884 0.7777780294
62059  -25.138  -10.077  45.724 0.2222220004
60982  -24.992  -11.129  45.957 0.1111110002
59937  -23.597  -12.725  44.844 0.3333329856
62069  -24.496  -10.453  44.269 0.4444440007
62070  -24.958  -9.763  44.844 0.2222220004
56833  -20.148  -15.141  42.320 0.8888890147
61020  -23.869  -10.990  42.821 0.5555559993
131303  -29.361  -9.689  42.146 0.2222220004
63342  -33.839  -9.916  42.772 0.2222220004
63370  -29.118  -10.052  40.754 0.6666669846
61045  -31.927  -11.329  40.420 0.5555559993
54723  -15.875  -17.569  45.328 0.4444440007
59925  -24.001  -12.562  45.500 0.3333329856
138978  -16.980  -15.069  43.104 0.6666669846
56827  -18.573  -15.059  42.807 0.8888890147
57810  -19.604  -14.234  42.296 0.8888890147
134071  -23.331  -13.220  46.185 0.1111110002
57802  -17.590  -14.388  43.109 0.6666669846
151438  -22.692  -12.918  42.660 0.6666669846
65676  -31.517  -7.208  41.814 0.3333329856
137110  -34.459  -8.699  41.991 0.2222220004
146458  -33.397  -9.506  39.039 0.7777780294
63398  -31.845  -9.488  38.068 0.8888890147
63399  -32.452  -9.405  38.094 0.8888890147
58856  -16.509  -13.293  45.904 0.3333329856
58866  -17.122  -13.079  44.378 0.4444440007
59933  -18.385  -12.444  44.218 0.3333329856
59932  -17.684  -12.523  44.738 0.4444440007
135671  -19.856  -12.332  45.026 0.2222220004
59935  -20.478  -12.553  44.568 0.2222220004
142656  -29.496  -5.655  41.446 0.2222220004
147984  -30.630  -6.280  41.759 0.2222220004
144043  -33.525  -8.314  38.417 0.7777780294
64554  -31.523  -8.910  37.744 0.8888890147
64563  -31.662  -8.329  37.427 0.8888890147
153000  -29.021  -4.721  42.752 0.2222220004
133453  -32.444  -8.258  37.572 0.8888890147
64564  -32.922  -7.960  37.699 0.8888890147
65721  -31.779  -7.615  37.326 0.8888890147
65711  -33.239  -7.637  38.140 0.8888890147
65732  -30.161  -6.964  36.675 1.0000000000
66825  -31.827  -6.722  37.500 0.8888890147
66812  -32.648  -6.585  38.214 0.8888890147
67922  -32.986  -5.948  39.086 0.7777780294
67953  -29.909  -5.028  36.450 0.8888890147
68995  -27.562  -3.952  41.231 0.4444440007
66822  -25.592  -6.352  36.674 1.0000000000
69054  -29.986  -4.564  35.836 1.0000000000
69056  -30.683  -3.956  36.339 0.8888890147
69010  -26.527  -4.703  39.374 0.6666669846
66885  -27.601  -6.386  33.655 1.0000000000
68003  -27.440  -5.968  32.782 1.0000000000
68004  -28.208  -5.995  32.552 1.0000000000
66889  -31.135  -6.597  33.394 1.0000000000
128610  -25.996  -3.766  37.918 0.6666669846
69088  -25.817  -4.156  33.341 0.7777780294
141039  -26.006  -4.920  33.236 1.0000000000
67969  -33.247  -5.744  35.592 0.6666669846
69108  -26.837  -4.749  32.263 0.8888890147
66866  -33.568  -6.617  34.420 0.6666669846
67970  -34.005  -5.937  35.738 0.5555559993
129928  -31.671  -6.730  32.109 1.0000000000
66891  -33.421  -6.736  33.707 0.7777780294
66893  -34.937  -6.426  33.369 0.5555559993
66908  -32.420  -6.771  32.387 1.0000000000
135896  -34.378  -6.561  32.961 0.6666669846
150312  -35.982  -6.087  34.345 0.5555559993
69135  -28.738  -4.623  30.391 1.0000000000
68046  -29.473  -5.699  30.739 1.0000000000
69136  -29.363  -4.733  29.962 1.0000000000
66910  -34.051  -6.536  32.171 0.7777780294
68047  -30.969  -6.007  30.203 1.0000000000
66938  -33.343  -6.211  30.549 1.0000000000
66937  -32.473  -6.388  30.619 1.0000000000
73399  -26.342  -1.113  37.695 0.3333329856
71200  -25.889  -2.189  35.960 0.4444440007
73421  -26.408  -0.724  36.705 0.3333329856
133251  -26.334  -1.498  34.629 0.5555559993
71245  -26.597  -2.399  32.531 0.5555559993
72374  -27.835  -1.891  31.460 0.5555559993
70217  -29.832  -4.179  29.670 1.0000000000
151968  -29.914  -4.916  29.681 1.0000000000
69146  -30.586  -4.606  29.449 1.0000000000
68060  -31.218  -5.416  29.586 1.0000000000
68048  -31.848  -6.016  29.970 1.0000000000
68061  -32.122  -5.371  29.392 1.0000000000
68035  -34.617  -5.782  30.834 1.0000000000
68064  -34.701  -5.167  29.591 1.0000000000
68063  -34.011  -5.254  29.371 1.0000000000
73400  -26.510  -0.197  37.329 0.2222220004
128953  -27.489  1.531  37.520 0.2222220004
73439  -26.999  -0.089  35.269 0.3333329856
74594  -27.482  0.546  35.650 0.3333329856
72341  -26.555  -1.356  33.963 0.5555559993
73453  -27.916  0.217  34.139 0.2222220004
73479  -28.504  -0.279  32.530 0.2222220004
139480  -29.983  -2.545  30.159 0.7777780294
70219  -31.095  -3.731  29.328 1.0000000000
69161  -32.724  -3.936  28.693 1.0000000000
69149  -33.755  -4.733  28.804 1.0000000000
69137  -35.957  -4.650  30.153 1.0000000000
70221  -35.645  -4.119  28.808 1.0000000000
69152  -36.006  -4.300  29.467 1.0000000000
76810  -30.801  2.858  38.307 0.1111110002
75669  -28.502  2.035  37.225 0.2222220004
75670  -29.506  2.458  37.509 0.1111110002
75671  -30.120  2.484  37.054 0.1111110002
152283  -28.415  1.363  35.900 0.2222220004
75712  -28.884  1.629  35.743 0.1111110002
74595  -28.246  1.069  35.399 0.3333329856
152321  -31.544  2.732  37.210 0.2222220004
76858  -31.636  2.656  36.568 0.2222220004
153221  -29.260  -0.031  32.303 0.2222220004
74659  -30.045  0.419  32.497 0.2222220004
73497  -29.607  -0.895  31.366 0.3333329856
135901  -30.159  -1.343  30.913 0.3333329856
71288  -32.332  -2.591  29.341 0.6666669846
70237  -33.206  -3.284  28.442 0.8888890147
71305  -35.482  -3.056  27.934 0.8888890147
70240  -35.943  -3.436  28.394 0.8888890147
71291  -37.490  -2.603  29.198 0.8888890147
148318  -30.670  1.855  34.324 0.2222220004
72391  -31.623  -1.763  30.499 0.5555559993
71304  -34.255  -2.639  27.760 0.8888890147
71318  -34.706  -2.191  27.510 0.8888890147
71319  -35.407  -2.416  27.628 0.8888890147
72411  -36.576  -1.713  27.929 0.8888890147
71320  -35.920  -1.933  27.628 0.8888890147
72406  -38.678  -1.243  29.432 0.8888890147
72407  -39.270  -1.123  30.000 0.7777780294
73482  -32.014  -0.256  32.219 0.3333329856
73483  -32.957  -0.642  32.412 0.3333329856
139862  -33.689  -0.825  32.631 0.3333329856
72378  -32.085  -1.368  31.169 0.4444440007
147316  -33.043  -1.597  30.556 0.4444440007
72418  -33.907  -1.233  27.764 0.7777780294
73540  -39.203  -0.252  28.399 0.8888890147
73539  -38.549  -0.350  28.270 0.8888890147
73547  -34.270  -0.531  27.604 0.7777780294
73549  -35.542  -0.664  27.307 0.8888890147
74744  -39.654  0.009  27.112 0.8888890147
74756  -39.598  0.482  26.409 0.8888890147
74755  -38.668  0.806  26.435 0.8888890147
74739  -34.424  0.442  27.667 0.7777780294
131352  -36.185  1.052  26.940 0.8888890147
76993  -38.483  2.504  25.804 0.7777780294
80352  -41.425  5.924  24.709 0.8888890147
75806  -34.329  1.615  29.257 0.5555559993
76982  -36.537  2.802  26.845 0.8888890147
79179  -39.367  4.398  26.220 0.8888890147
81465  -41.919  6.647  24.562 0.8888890147
78067  -35.659  3.321  27.934 0.6666669846
79167  -39.517  4.693  27.055 0.7777780294
130691  -39.072  4.585  27.679 0.4444440007
80321  -40.426  5.620  26.712 0.5555559993
82470  -41.444  7.146  26.872 0.5555559993
80356  -45.413  5.892  24.602 0.6666669846
76957  -35.085  2.865  29.341 0.5555559993
79156  -40.134  4.920  28.473 0.2222220004
134989  -41.144  5.751  28.132 0.2222220004
82459  -42.541  7.475  28.278 0.3333329856
82490  -42.035  7.783  25.537 0.5555559993
148477  -42.786  7.939  24.387 0.6666669846
81481  -44.353  6.681  23.570 0.7777780294
128177  -45.517  6.228  23.854 0.7777780294
79102  -37.661  4.597  32.681 0.1111110002
146618  -40.306  5.060  29.689 0.2222220004
82448  -44.229  7.834  29.716 0.1111110002
83458  -43.439  8.653  28.241 0.1111110002
84505  -43.617  9.197  24.979 0.5555559993
82521  -44.650  7.404  23.222 0.8888890147
80258  -38.730  5.340  32.738 0.1111110002
80284  -41.507  5.328  30.703 0.1111110002
81403  -44.364  6.535  30.874 0.1111110002
84487  -43.719  9.373  26.827 0.4444440007
151623  -39.669  5.545  33.234 0.1111110002
80239  -40.833  5.700  33.623 0.1111110002
129140  -41.186  5.593  32.829 0.1111110002
144435  -43.587  5.700  31.507 0.1111110002
81392  -45.520  6.541  31.997 0.1111110002
141924  -46.986  6.392  23.275 0.6666669846
81493  -47.495  6.639  22.770 0.5555559993
42476  -0.678  -28.924  43.356 0.1111110002
43483  -1.141  -27.992  44.308 0.2222220004
148574  -0.872  -28.301  43.840 0.1111110002
43462  -1.510  -27.726  44.651 0.4444440007
43485  -3.015  -28.268  43.783 0.5555559993
145762  -0.383  -27.923  43.349 0.1111110002
43533  -0.337  -28.277  42.299 0.1111110002
45394  -4.554  -26.903  43.672 0.6666669846
134471  -0.492  -28.204  41.405 0.1111110002
43482  -0.838  -27.851  44.156 0.1111110002
44426  -0.745  -27.259  44.701 0.1111110002
44446  -0.594  -27.287  44.401 0.1111110002
43484  -2.078  -28.486  43.894 0.3333329856
45376  -2.952  -27.037  44.402 0.6666669846
43481  -0.605  -28.028  43.745 0.1111110002
44447  -2.364  -27.625  44.404 0.5555559993
44448  -3.472  -27.640  43.872 0.5555559993
44490  -0.270  -27.529  43.101 0.1111110002
44491  -0.445  -27.265  42.085 0.1111110002
138535  -0.595  -26.509  41.495 0.1111110002
44409  -0.697  -26.580  45.209 0.2222220004
44427  -1.037  -27.242  44.990 0.2222220004
44410  -1.101  -26.608  45.487 0.2222220004
44428  -1.557  -27.156  45.174 0.2222220004
44467  -0.399  -27.385  43.943 0.1111110002
45363  -2.244  -26.838  45.139 0.4444440007
45392  -0.200  -26.693  43.823 0.1111110002
45377  -3.703  -26.801  43.999 0.6666669846
45408  -0.259  -26.540  42.956 0.1111110002
44425  -0.549  -26.848  44.861 0.1111110002
45375  -0.335  -26.717  44.603 0.1111110002
145365  -0.115  -26.102  44.335 0.1111110002
130714  -3.022  -26.304  44.821 0.2222220004
46378  -0.124  -25.686  43.626 0.1111110002
136868  -3.631  -26.211  44.280 0.4444440007
149721  -19.119  -20.125  47.818 0.5555559993
52557  -19.393  -19.254  46.562 0.6666669846
150282  -25.835  -16.853  42.038 0.5555559993
55800  -26.319  -16.609  42.290 0.6666669846
56836  -26.386  -15.811  41.991 0.6666669846
56844  -25.959  -15.306  41.223 0.7777780294
139074  -26.376  -14.951  41.923 0.7777780294
57819  -26.259  -14.253  41.441 0.7777780294
58920  -26.543  -13.173  40.976 0.7777780294
55813  -25.799  -16.308  41.479 0.6666669846
56843  -25.389  -15.838  40.661 0.7777780294
57833  -25.828  -14.588  40.747 0.7777780294
59996  -26.134  -12.909  40.168 0.7777780294
54779  -23.954  -16.916  41.911 0.7777780294
55812  -24.127  -16.714  41.040 0.7777780294
145598  -25.365  -16.765  41.635 0.6666669846
56852  -23.468  -15.682  40.043 0.7777780294
55825  -24.828  -15.966  40.282 0.7777780294
56855  -25.512  -15.142  40.509 0.7777780294
58937  -25.345  -13.392  39.695 0.7777780294
56867  -23.780  -14.875  39.559 0.6666669846
57846  -24.750  -14.013  39.546 0.7777780294
66772  -31.065  -6.591  42.105 0.1111110002
65694  -33.828  -7.771  38.944 0.6666669846
66813  -33.461  -6.904  38.892 0.7777780294
64521  -30.915  -8.716  42.254 0.2222220004
67871  -30.824  -6.308  42.956 0.1111110002
68972  -29.430  -4.645  43.392 0.1111110002
68963  -30.268  -4.604  44.743 0.1111110002
67869  -29.606  -5.390  42.667 0.1111110002
67870  -30.083  -5.575  43.263 0.1111110002
67913  -33.253  -5.352  39.918 0.4444440007
66802  -33.558  -6.341  39.555 0.5555559993
69998  -29.118  -3.673  43.704 0.1111110002
70014  -28.798  -3.961  43.012 0.2222220004
69999  -29.697  -4.124  44.201 0.1111110002
69986  -30.305  -3.998  45.437 0.1111110002
68037  -36.075  -5.134  31.802 0.7777780294
69125  -36.581  -4.586  31.436 0.6666669846
69138  -37.027  -4.124  30.977 0.6666669846
71119  -27.956  -2.756  42.681 0.2222220004
70046  -27.353  -3.160  41.322 0.2222220004
71135  -27.633  -2.968  42.012 0.2222220004
70013  -28.193  -3.442  42.560 0.2222220004
71120  -28.538  -3.190  43.212 0.2222220004
68023  -35.506  -5.735  32.171 0.8888890147
69124  -35.947  -4.919  30.972 0.8888890147
70198  -36.648  -4.058  30.068 0.6666669846
131931  -37.676  -3.700  31.309 0.6666669846
70200  -38.136  -3.148  30.825 0.6666669846
71260  -38.732  -2.648  31.193 0.5555559993
70223  -37.134  -3.373  29.553 0.7777780294
71275  -37.871  -2.933  30.006 0.6666669846
71276  -38.506  -2.472  30.437 0.6666669846
73331  -27.104  -0.984  43.346 0.1111110002
142206  -27.459  -1.833  42.346 0.1111110002
72224  -28.130  -1.982  43.595 0.1111110002
151589  -26.797  -2.819  40.231 0.2222220004
71134  -27.054  -2.230  41.150 0.2222220004
72251  -27.473  -2.326  42.011 0.2222220004
70062  -26.685  -3.071  39.782 0.3333329856
71149  -26.945  -2.654  40.698 0.2222220004
71277  -39.044  -2.088  30.783 0.6666669846
72393  -38.909  -1.755  30.154 0.6666669846
73529  -39.383  -0.668  29.524 0.6666669846
73530  -40.061  -0.386  29.596 0.7777780294
73343  -26.982  -1.168  42.330 0.1111110002
71159  -26.674  -2.469  39.837 0.1111110002
74716  -40.875  -0.305  29.516 0.7777780294
73541  -39.629  -0.336  28.897 0.7777780294
74717  -41.711  -0.282  29.480 0.5555559993
133326  -42.277  -0.132  28.763 0.5555559993
74730  -41.361  -0.183  28.593 0.7777780294
73470  -35.927  -0.215  33.428 0.2222220004
74644  -36.376  0.235  33.851 0.2222220004
75742  -37.174  1.444  34.708 0.1111110002
73501  -34.810  -0.803  32.058 0.2222220004
73486  -35.353  -0.522  32.830 0.2222220004
134218  -36.206  0.335  33.241 0.2222220004
75760  -36.539  1.054  33.430 0.2222220004
149055  -34.573  -0.856  31.478 0.2222220004
74685  -35.341  -0.073  32.046 0.2222220004
74703  -35.156  0.837  31.179 0.3333329856
74715  -33.934  -0.054  29.867 0.4444440007
74702  -34.493  0.338  30.492 0.4444440007
75799  -35.217  1.891  30.625 0.3333329856
75798  -34.666  1.312  30.158 0.4444440007
153441  -42.645  0.086  28.285 0.5555559993
74745  -40.509  -0.007  27.159 0.7777780294
74747  -42.162  0.345  27.117 0.7777780294
73441  -36.304  0.111  34.899 0.1111110002
73442  -36.500  0.311  34.566 0.1111110002
73457  -36.086  -0.242  34.208 0.1111110002
74645  -36.741  0.879  34.235 0.1111110002
72366  -34.370  -1.093  32.207 0.2222220004
73485  -34.805  -0.774  32.707 0.2222220004
153144  -36.451  1.547  32.838 0.3333329856
76918  -36.756  1.965  33.224 0.2222220004
72381  -34.316  -1.180  31.586 0.2222220004
75789  -35.770  1.781  31.467 0.3333329856
76930  -36.512  2.187  32.537 0.3333329856
139623  -40.075  0.136  26.701 0.7777780294
80323  -46.377  5.828  26.139 0.5555559993
80324  -47.158  5.971  26.613 0.3333329856
80337  -46.965  6.154  25.848 0.3333329856
73468  -34.042  -0.533  33.190 0.2222220004
73454  -34.414  -0.224  33.834 0.2222220004
73455  -35.118  -0.414  34.079 0.2222220004
73440  -36.040  0.187  35.163 0.1111110002
152719  -33.962  -1.155  32.299 0.3333329856
76931  -36.886  2.835  32.905 0.1111110002
76975  -44.566  2.328  27.310 0.6666669846
75836  -40.111  1.012  25.819 0.7777780294
75838  -42.108  1.028  26.272 0.7777780294
79182  -45.564  4.712  26.359 0.5555559993
74643  -33.595  0.149  33.537 0.2222220004
74620  -34.809  0.138  34.479 0.1111110002
132095  -35.172  0.515  34.985 0.1111110002
75837  -41.063  0.946  25.897 0.7777780294
75848  -42.503  1.971  25.846 0.7777780294
76985  -43.337  2.312  26.214 0.6666669846
76986  -44.138  2.694  26.600 0.6666669846
75846  -40.616  1.722  25.505 0.7777780294
75847  -41.576  1.767  25.582 0.7777780294
78090  -43.662  3.133  25.962 0.7777780294
78106  -43.969  3.952  25.744 0.6666669846
76997  -41.967  2.654  25.357 0.7777780294
76998  -42.837  2.843  25.618 0.7777780294
79181  -44.785  4.338  26.067 0.5555559993
78104  -42.341  3.505  25.156 0.7777780294
79198  -43.533  4.288  25.215 0.7777780294
82534  -47.093  7.336  22.292 0.6666669846
83512  -46.388  8.060  22.305 0.6666669846
83513  -47.086  8.315  22.015 0.5555559993
84548  -48.251  9.253  20.745 0.5555559993
84556  -48.701  9.705  20.152 0.6666669846
153557  -50.013  9.628  19.834 0.4444440007
85490  -50.394  10.050  19.622 0.4444440007
85501  -51.972  10.266  19.698 0.4444440007
76996  -41.044  2.567  25.241 0.7777780294
78103  -41.429  3.447  25.091 0.7777780294
79197  -42.797  4.259  24.914 0.7777780294
83511  -45.758  7.915  22.584 0.7777780294
83499  -45.903  8.670  22.646 0.6666669846
134309  -46.510  8.901  22.255 0.7777780294
84539  -47.042  9.117  21.749 0.7777780294
84546  -46.920  9.892  21.329 0.7777780294
84555  -47.828  9.788  20.558 0.7777780294
85499  -49.808  10.570  19.586 0.5555559993
85500  -51.217  10.559  19.575 0.4444440007
84527  -44.770  9.190  23.758 0.4444440007
84528  -45.655  9.281  23.164 0.5555559993
83498  -45.115  8.326  22.998 0.6666669846
84529  -46.170  9.458  22.687 0.6666669846
128176  -46.506  9.656  22.083 0.6666669846
85487  -47.244  10.366  20.625 0.7777780294
86431  -48.026  11.291  19.892 0.7777780294
86432  -49.741  11.366  19.579 0.6666669846
147565  -51.177  11.295  19.572 0.4444440007
86434  -51.481  11.976  19.697 0.4444440007
128498  -48.846  11.773  19.728 0.7777780294
86433  -50.632  11.768  19.636 0.4444440007
132197  -45.049  9.810  24.628 0.4444440007
84515  -45.805  9.848  23.940 0.5555559993
85463  -46.239  10.225  22.735 0.5555559993
85476  -46.304  10.393  21.787 0.6666669846
140116  -47.249  11.706  20.302 0.7777780294
87385  -47.459  12.502  20.330 0.7777780294
137755  -48.751  12.535  19.966 0.7777780294
133278  -49.797  12.452  19.837 0.4444440007
87388  -51.774  12.750  19.984 0.4444440007
137104  -51.219  13.222  20.279 0.4444440007
84507  -45.198  10.132  25.520 0.3333329856
84506  -44.323  9.631  25.312 0.4444440007
85440  -45.999  10.343  24.751 0.4444440007
88323  -49.097  13.162  20.192 0.5555559993
128552  -49.886  13.225  20.200 0.5555559993
88324  -50.505  13.622  20.476 0.5555559993
88322  -48.090  13.037  20.279 0.7777780294
89323  -48.604  13.812  20.543 0.7777780294
88315  -51.427  13.903  20.850 0.5555559993
146382  -50.437  14.466  21.038 0.5555559993
89311  -49.154  14.519  20.918 0.6666669846
90256  -50.812  15.244  21.794 0.5555559993
89312  -51.757  14.646  21.664 0.5555559993
90257  -51.693  15.299  22.243 0.5555559993
90232  -52.173  15.731  22.833 0.4444440007
90209  -52.716  16.250  23.408 0.5555559993
91279  -53.329  17.186  23.507 0.2222220004
92361  -53.163  17.858  23.288 0.3333329856
89322  -47.696  13.801  20.728 0.7777780294
136841  -48.232  14.399  20.932 0.6666669846
90255  -49.709  15.207  21.479 0.3333329856
90230  -50.123  15.855  22.103 0.3333329856
91296  -51.789  16.487  23.210 0.3333329856
91277  -52.292  17.278  23.645 0.3333329856
92347  -52.455  18.012  23.650 0.2222220004
153262  -52.507  16.726  23.566 0.3333329856
143344  -52.887  17.474  23.673 0.2222220004
93378  -52.679  18.588  23.281 0.2222220004
94390  -52.563  19.470  22.855 0.1111110002
91278  -53.058  16.856  23.678 0.3333329856
93393  -52.845  18.573  22.806 0.1111110002
94401  -52.426  19.215  21.889 0.1111110002
92368  -53.211  17.765  22.610 0.3333329856
92389  -52.522  18.239  21.848 0.1111110002
94407  -51.808  19.336  20.811 0.1111110002
93422  -51.195  18.657  20.197 0.1111110002
94420  -50.653  19.023  19.467 0.1111110002
94434  -49.821  18.839  18.060 0.1111110002
91295  -50.581  16.552  22.689 0.3333329856
92360  -51.120  17.258  23.292 0.3333329856
92346  -51.648  18.011  23.601 0.2222220004
93368  -52.423  18.608  23.490 0.2222220004
94382  -52.354  19.304  23.302 0.1111110002
95348  -52.277  20.735  23.034 0.1111110002
95361  -52.433  20.367  22.648 0.1111110002
143328  -52.368  21.078  22.438 0.1111110002
140632  -52.498  20.046  22.166 0.1111110002
94408  -52.240  20.135  21.327 0.1111110002
96285  -52.514  21.900  21.004 0.1111110002
94421  -51.315  19.601  19.992 0.1111110002
95381  -52.206  21.102  20.605 0.1111110002
96291  -52.419  22.238  20.026 0.1111110002
95386  -50.920  20.010  19.243 0.1111110002
96290  -51.969  21.583  19.532 0.1111110002
97197  -52.516  23.320  18.587 0.1111110002
94445  -50.175  19.828  17.763 0.1111110002
95398  -51.233  21.151  18.190 0.1111110002
97196  -52.287  22.644  18.130 0.1111110002
95409  -50.739  20.827  17.443 0.1111110002
94381  -52.068  19.334  23.521 0.1111110002
142020  -52.160  20.014  23.372 0.1111110002
96280  -52.412  21.741  21.870 0.1111110002
142522  -52.491  22.452  21.302 0.1111110002
97184  -52.512  22.907  20.433 0.1111110002
96321  -51.578  21.854  17.593 0.1111110002
79183  -46.203  5.168  26.588 0.4444440007
79169  -45.923  4.417  27.005 0.4444440007
78092  -45.204  3.960  26.720 0.4444440007
78091  -44.439  3.528  26.363 0.6666669846
78078  -44.869  3.159  27.033 0.6666669846
45393  -4.152  -27.381  43.724 0.6666669846
131233  -0.334  -28.342  42.746 0.1111110002
45378  -4.196  -26.199  43.900 0.5555559993
51513  -18.511  -20.952  48.746 0.3333329856
56853  -24.323  -15.542  39.874 0.7777780294
57845  -24.112  -14.068  39.374 0.7777780294
73515  -33.731  -0.850  30.147 0.3333329856
138512  -34.158  0.823  29.589 0.4444440007
148671  -23.576  -16.344  40.620 0.7777780294
141855  -36.446  -4.467  30.742 0.7777780294
44507  -0.651  -27.365  40.961 0.1111110002
55801  -26.804  -16.124  42.733 0.6666669846
58919  -25.998  -13.773  40.590 0.7777780294
152465  -26.375  -13.642  41.248 0.7777780294
56854  -25.019  -15.351  40.067 0.7777780294
57832  -25.299  -14.461  40.031 0.7777780294
131294  -24.969  -16.488  40.919 0.7777780294
54780  -24.757  -16.903  41.658 0.6666669846
55824  -24.235  -16.225  40.356 0.7777780294
57831  -24.539  -14.762  39.629 0.7777780294
66773  -31.393  -6.968  42.584 0.2222220004
68962  -29.986  -4.942  43.939 0.1111110002
69985  -29.946  -3.713  44.956 0.1111110002
69109  -36.735  -4.753  32.224 0.5555559993
72238  -27.813  -2.183  42.838 0.1111110002
153597  -27.257  -2.633  41.437 0.2222220004
70199  -37.429  -3.567  30.462 0.6666669846
70179  -38.338  -3.285  31.636 0.5555559993
72237  -27.577  -1.637  43.043 0.1111110002
72250  -27.141  -1.754  41.639 0.1111110002
74731  -42.160  0.033  27.982 0.6666669846
74746  -41.390  0.029  27.564 0.7777780294
73469  -35.451  -0.491  33.605 0.2222220004
74663  -35.850  0.103  32.736 0.2222220004
74686  -35.736  0.854  32.087 0.2222220004
73516  -34.279  -0.734  30.843 0.3333329856
74684  -34.790  -0.261  31.359 0.2222220004
75790  -36.167  1.589  32.246 0.3333329856
74748  -42.918  0.391  27.729 0.4444440007
74757  -40.467  0.414  26.365 0.7777780294
74758  -41.317  0.344  26.643 0.7777780294
75826  -42.765  0.789  26.951 0.7777780294
73456  -35.644  -0.322  34.245 0.1111110002
135263  -34.797  -0.623  33.311 0.2222220004
80312  -46.763  5.554  26.753 0.3333329856
74621  -35.515  -0.007  34.711 0.1111110002
76976  -45.296  2.786  27.657 0.5555559993
75839  -43.028  1.466  26.524 0.7777780294
74619  -33.956  0.715  34.241 0.1111110002
76974  -43.819  1.866  26.894 0.7777780294
78105  -43.193  3.629  25.392 0.7777780294
84547  -47.587  9.271  21.123 0.6666669846
151501  -47.376  9.814  20.882 0.6666669846
136795  -47.972  10.438  20.089 0.7777780294
85489  -49.568  9.945  19.746 0.6666669846
85491  -51.271  9.694  19.766 0.3333329856
86439  -50.482  10.910  19.528 0.4444440007
146477  -46.902  11.048  20.550 0.7777780294
85488  -48.921  10.699  19.706 0.6666669846
146511  -44.272  9.367  24.561 0.4444440007
84516  -46.179  9.967  23.366 0.5555559993
86430  -46.422  11.583  20.877 0.6666669846
128137  -47.439  10.962  20.236 0.7777780294
133495  -50.940  12.542  19.887 0.4444440007
150068  -46.332  10.498  24.079 0.5555559993
86423  -45.916  11.080  22.261 0.5555559993
87387  -50.469  13.026  20.110 0.5555559993
84498  -44.389  9.795  26.221 0.3333329856
85421  -45.248  10.255  26.490 0.2222220004
89324  -49.591  13.825  20.512 0.6666669846
90231  -51.187  15.857  22.478 0.3333329856
92348  -52.868  17.930  23.563 0.2222220004
142560  -52.384  19.961  23.128 0.1111110002
95380  -51.818  20.131  20.522 0.1111110002
95397  -50.733  20.386  18.403 0.1111110002
94435  -50.353  19.451  18.651 0.1111110002
95374  -52.397  20.926  21.768 0.1111110002
97179  -52.429  23.219  21.189 0.1111110002
95387  -51.603  20.559  19.806 0.1111110002
97190  -52.508  23.118  19.462 0.1111110002
135940  -51.358  20.914  18.962 0.1111110002
96302  -52.309  22.522  19.053 0.1111110002
96301  -51.787  21.825  18.589 0.1111110002
95347  -51.946  20.789  23.356 0.1111110002
97171  -52.320  22.528  22.026 0.1111110002
79170  -46.629  4.905  27.197 0.3333329856
78079  -45.617  3.604  27.352 0.3333329856
145989  -4.393  -28.523  49.232 0.1111110002
140832  -3.565  -29.715  48.299 0.2222220004
42376  -3.275  -29.377  49.109 0.1111110002
40369  -0.676  -32.555  48.131 0.1111110002
44376  -4.886  -28.010  49.368 0.1111110002
44384  -4.840  -28.459  48.644 0.3333329856
39286  -0.803  -32.927  47.263 0.1111110002
45320  -5.837  -26.532  50.476 0.1111110002
44385  -5.451  -27.857  48.678 0.3333329856
45328  -6.041  -27.167  48.769 0.3333329856
45325  -6.626  -26.096  49.483 0.1111110002
46292  -6.613  -25.413  50.684 0.1111110002
45329  -6.630  -26.475  48.837 0.2222220004
44386  -6.554  -26.879  48.004 0.3333329856
39296  -1.028  -33.324  46.352 0.3333329856
46309  -6.843  -25.509  49.808 0.1111110002
153983  -7.311  -25.037  49.479 0.2222220004
46333  -7.087  -26.129  48.062 0.3333329856
46321  -7.559  -25.305  48.058 0.3333329856
47238  -7.576  -24.148  50.454 0.1111110002
47246  -7.716  -24.274  49.609 0.2222220004
47256  -7.901  -24.426  48.077 0.2222220004
48250  -8.204  -23.294  49.291 0.3333329856
49285  -10.196  -23.279  52.738 0.1111110002
48182  -10.720  -23.542  53.397 0.1111110002
48167  -12.374  -23.949  54.475 0.1111110002
128266  -13.046  -23.989  53.885 0.1111110002
50439  -9.413  -22.265  50.426 0.4444440007
48166  -11.668  -23.848  54.214 0.1111110002
48184  -12.227  -23.981  53.704 0.1111110002
48183  -11.419  -23.791  53.555 0.1111110002
48200  -11.991  -23.958  52.940 0.1111110002
48185  -13.694  -23.864  53.272 0.2222220004
48186  -14.555  -23.731  53.398 0.1111110002
135155  -11.140  -23.720  52.814 0.1111110002
128265  -12.851  -23.974  53.101 0.2222220004
48217  -10.515  -23.349  51.393 0.2222220004
48199  -11.721  -23.949  52.151 0.2222220004
146948  -12.632  -24.021  52.287 0.2222220004
48202  -14.269  -23.769  52.707 0.1111110002
128264  -12.382  -24.045  51.480 0.3333329856
48201  -13.521  -23.909  52.469 0.2222220004
150468  -11.430  -23.799  50.468 0.4444440007
48220  -14.314  -23.792  51.825 0.2222220004
48235  -12.167  -24.010  50.680 0.3333329856
129260  -12.990  -24.029  50.859 0.2222220004
48236  -12.703  -24.008  50.203 0.3333329856
130699  -13.873  -23.895  50.936 0.2222220004
48253  -12.266  -23.847  48.864 0.5555559993
135709  -12.877  -23.991  49.508 0.3333329856
48238  -14.444  -23.789  50.087 0.2222220004
48254  -13.720  -23.849  49.349 0.3333329856
144101  -15.308  -23.600  49.617 0.2222220004
49305  -16.000  -23.264  50.951 0.2222220004
138390  -13.879  -23.840  48.566 0.4444440007
48255  -14.610  -23.727  48.970 0.4444440007
49325  -15.966  -23.217  50.053 0.3333329856
48256  -15.333  -23.522  48.873 0.5555559993
49345  -15.908  -23.126  49.182 0.4444440007
130469  -2.198  -26.090  45.714 0.1111110002
44411  -1.602  -26.468  45.660 0.1111110002
49326  -16.531  -22.879  50.456 0.2222220004
49327  -17.208  -22.470  50.394 0.2222220004
50440  -18.019  -21.894  50.431 0.2222220004
49346  -16.688  -22.643  49.565 0.2222220004
50456  -17.522  -21.982  49.560 0.2222220004
51484  -20.592  -20.337  51.137 0.1111110002
50457  -18.278  -21.422  49.500 0.2222220004
51492  -20.029  -20.605  50.541 0.1111110002
52499  -20.636  -19.785  50.314 0.1111110002
49365  -17.078  -22.031  48.714 0.4444440007
50441  -18.805  -21.335  50.175 0.2222220004
142304  -19.451  -20.811  49.986 0.2222220004
52487  -21.697  -19.180  51.399 0.1111110002
52474  -21.721  -19.636  52.454 0.1111110002
51485  -21.105  -19.990  51.748 0.1111110002
51500  -18.950  -20.889  49.396 0.2222220004
51501  -19.990  -20.219  49.755 0.1111110002
152521  -19.499  -20.479  49.344 0.2222220004
51514  -19.194  -20.400  48.662 0.3333329856
52524  -19.700  -19.732  48.239 0.2222220004
52465  -23.403  -18.986  53.331 0.1111110002
52488  -22.393  -18.925  52.004 0.1111110002
52475  -22.520  -19.142  52.868 0.1111110002
52486  -21.055  -19.658  51.033 0.1111110002
52512  -20.420  -19.507  49.430 0.1111110002
52525  -20.239  -19.253  48.661 0.3333329856
52511  -19.861  -19.971  48.997 0.2222220004
53552  -23.180  -18.778  52.387 0.1111110002
52500  -21.325  -19.097  50.549 0.1111110002
138164  -21.543  -18.533  50.090 0.1111110002
142601  -26.581  -18.540  49.314 0.1111110002
53633  -27.300  -18.743  48.739 0.1111110002
59912  -29.625  -12.897  45.658 0.2222220004
52513  -20.991  -18.964  49.829 0.1111110002
53632  -26.439  -18.379  48.386 0.1111110002
58861  -28.576  -13.923  45.569 0.2222220004
58862  -29.051  -13.361  45.617 0.2222220004
143277  -27.228  -18.636  47.943 0.1111110002
53654  -27.603  -18.611  47.111 0.1111110002
53672  -28.308  -18.357  46.483 0.2222220004
54717  -28.775  -17.759  46.059 0.2222220004
55758  -28.520  -16.517  45.213 0.2222220004
56818  -28.091  -15.543  44.929 0.3333329856
154076  -28.062  -13.955  45.044 0.2222220004
58870  -28.427  -13.315  44.874 0.3333329856
53670  -26.855  -18.437  46.496 0.1111110002
53687  -28.136  -18.141  45.709 0.2222220004
54730  -28.465  -17.471  45.366 0.2222220004
53704  -27.849  -17.879  45.053 0.2222220004
55773  -28.043  -16.396  44.580 0.2222220004
53572  -23.098  -18.487  51.533 0.1111110002
53573  -23.872  -18.421  51.418 0.1111110002
53571  -22.353  -18.646  51.291 0.1111110002
53588  -22.686  -18.274  50.814 0.1111110002
53589  -23.555  -18.122  50.724 0.1111110002
53591  -25.115  -18.317  50.524 0.1111110002
151462  -25.529  -18.358  50.200 0.1111110002
53587  -21.994  -18.499  50.653 0.1111110002
53608  -24.393  -18.025  50.233 0.1111110002
53609  -25.168  -18.119  49.773 0.1111110002
53606  -22.073  -18.018  49.918 0.1111110002
54666  -23.612  -17.828  49.729 0.1111110002
54668  -24.951  -17.871  48.887 0.1111110002
53631  -25.790  -18.208  49.116 0.1111110002
59926  -29.205  -12.872  44.978 0.2222220004
131162  -15.151  -19.703  46.486 0.1111110002
53628  -20.063  -18.948  47.928 0.3333329856
53604  -20.780  -18.738  49.069 0.2222220004
53605  -21.382  -18.281  49.441 0.1111110002
54686  -25.868  -18.048  47.727 0.1111110002
54703  -26.051  -18.077  46.859 0.1111110002
53629  -20.596  -18.505  48.326 0.3333329856
54680  -20.912  -17.871  47.918 0.3333329856
53653  -26.674  -18.431  47.411 0.1111110002
53685  -26.958  -18.337  45.650 0.2222220004
57793  -27.716  -14.546  44.599 0.3333329856
59939  -28.770  -12.786  44.194 0.2222220004
53652  -20.435  -18.294  47.715 0.4444440007
54697  -20.608  -17.764  47.242 0.4444440007
53686  -27.528  -18.227  45.488 0.2222220004
54745  -28.096  -17.210  44.705 0.2222220004
56817  -27.626  -15.702  44.102 0.2222220004
54709  -20.183  -17.631  46.509 0.5555559993
54665  -22.723  -17.763  49.401 0.1111110002
54683  -23.341  -17.663  48.975 0.1111110002
153928  -25.633  -18.032  48.435 0.1111110002
54664  -21.904  -17.745  48.927 0.2222220004
54684  -24.061  -17.716  48.947 0.1111110002
54681  -21.483  -17.614  48.100 0.2222220004
143672  -24.415  -17.691  48.319 0.1111110002
54702  -25.255  -17.792  47.202 0.1111110002
54715  -25.369  -17.816  46.302 0.1111110002
57804  -27.413  -13.859  43.973 0.3333329856
57805  -27.835  -13.682  44.540 0.3333329856
58887  -27.886  -13.048  43.976 0.2222220004
54698  -21.143  -17.409  47.401 0.4444440007
145482  -24.725  -17.623  46.748 0.2222220004
54714  -24.644  -17.590  46.073 0.2222220004
54716  -26.216  -18.128  45.961 0.2222220004
54729  -26.398  -18.096  45.066 0.2222220004
54744  -27.470  -17.601  44.392 0.2222220004
55772  -27.688  -16.834  44.084 0.2222220004
54741  -24.675  -17.518  44.215 0.4444440007
54743  -26.659  -17.804  44.153 0.3333329856
55790  -26.754  -16.918  42.999 0.4444440007
56830  -27.065  -15.395  43.352 0.4444440007
57814  -26.928  -14.255  43.225 0.4444440007
58886  -27.312  -13.292  43.275 0.4444440007
58899  -27.792  -12.794  43.111 0.4444440007
54742  -25.624  -17.807  44.453 0.3333329856
54758  -25.966  -17.633  43.513 0.4444440007
56837  -26.653  -15.117  42.621 0.5555559993
57813  -26.578  -14.224  42.338 0.5555559993
137088  -26.883  -13.547  42.676 0.5555559993
59981  -27.805  -12.653  41.625 0.4444440007
58897  -26.694  -13.443  41.837 0.5555559993
58898  -27.341  -12.904  42.380 0.5555559993
53668  -15.803  -18.674  46.100 0.2222220004
54682  -22.087  -17.470  48.180 0.2222220004
149952  -22.717  -17.555  48.573 0.1111110002
54700  -23.594  -17.549  48.203 0.1111110002
54699  -21.776  -17.338  47.532 0.2222220004
54710  -20.765  -17.195  46.731 0.4444440007
54713  -23.066  -17.279  46.832 0.2222220004
54726  -23.969  -17.369  45.738 0.2222220004
54727  -24.765  -17.605  45.218 0.3333329856
136620  -25.373  -17.425  42.956 0.4444440007
54771  -26.094  -17.250  42.705 0.4444440007
54770  -25.381  -17.096  42.221 0.4444440007
136846  -22.686  -17.383  47.672 0.2222220004
54711  -21.377  -17.080  46.867 0.2222220004
54712  -22.191  -17.134  46.911 0.2222220004
55746  -22.669  -17.037  46.208 0.3333329856
55744  -20.979  -16.826  46.172 0.4444440007
55756  -22.347  -16.848  45.506 0.3333329856
137734  -22.929  -16.904  44.781 0.4444440007
54740  -23.844  -17.232  44.788 0.4444440007
55771  -22.646  -16.729  43.955 0.5555559993
148695  -23.355  -16.988  44.189 0.4444440007
54757  -24.630  -17.366  43.335 0.4444440007
54769  -24.662  -17.160  42.476 0.4444440007
55789  -22.874  -16.799  43.040 0.5555559993
64531  -34.495  -8.482  41.310 0.1111110002
65685  -34.429  -7.521  40.490 0.1111110002
63383  -34.193  -8.691  39.961 0.2222220004
64542  -34.243  -8.014  39.744 0.3333329856
66786  -34.660  -6.288  41.366 0.1111110002
140606  -34.635  -7.132  41.215 0.1111110002
66795  -34.353  -6.723  40.614 0.1111110002
65695  -34.036  -7.080  39.737 0.4444440007
67872  -34.634  -4.838  41.789 0.1111110002
150597  -34.790  -5.613  41.759 0.1111110002
142295  -34.268  -6.011  40.800 0.1111110002
67899  -33.850  -5.287  40.661 0.1111110002
66794  -33.909  -6.181  40.204 0.1111110002
69025  -31.824  -4.465  38.986 0.5555559993
67912  -32.464  -4.896  39.398 0.4444440007
67920  -31.265  -4.668  38.313 0.5555559993
68974  -35.573  -3.958  43.012 0.1111110002
68973  -35.026  -4.402  42.365 0.1111110002
137539  -34.480  -3.884  41.814 0.1111110002
68998  -33.999  -4.345  41.221 0.1111110002
67900  -34.399  -5.414  41.252 0.1111110002
69013  -32.149  -3.891  39.383 0.4444440007
69014  -32.701  -4.304  39.867 0.3333329856
69012  -31.618  -3.639  38.635 0.4444440007
68006  -36.293  -5.664  33.613 0.3333329856
69077  -38.336  -4.331  34.457 0.2222220004
70139  -38.917  -3.707  34.264 0.2222220004
70147  -39.369  -3.030  33.602 0.2222220004
68007  -37.093  -5.147  33.903 0.3333329856
134262  -37.771  -4.702  34.195 0.2222220004
69091  -38.238  -4.129  33.740 0.2222220004
71238  -40.083  -2.347  33.743 0.2222220004
68005  -35.573  -5.958  33.038 0.4444440007
69089  -36.887  -4.952  33.057 0.3333329856
70145  -38.051  -3.959  32.917 0.2222220004
68024  -36.209  -5.381  32.647 0.3333329856
140399  -40.832  -1.959  35.051 0.2222220004
72356  -41.070  -1.256  33.923 0.1111110002
72355  -40.650  -1.439  33.341 0.1111110002
69110  -37.406  -4.375  32.573 0.3333329856
70159  -38.501  -3.391  32.453 0.2222220004
71237  -39.605  -2.496  33.079 0.2222220004
72354  -40.035  -1.889  32.832 0.2222220004
69126  -37.238  -4.241  31.775 0.3333329856
142717  -39.506  -2.296  32.364 0.2222220004
72367  -39.904  -1.570  32.031 0.3333329856
71246  -38.969  -2.809  31.969 0.3333329856
71261  -39.404  -2.044  31.468 0.3333329856
73471  -41.178  -0.896  33.445 0.1111110002
73487  -41.011  -0.724  32.795 0.1111110002
73489  -42.238  -0.016  32.940 0.1111110002
72368  -40.459  -1.160  32.439 0.1111110002
73502  -40.848  -0.582  32.016 0.1111110002
73503  -41.245  -0.369  31.619 0.1111110002
73488  -41.551  -0.306  32.319 0.1111110002
72382  -39.850  -1.301  31.358 0.4444440007
72394  -39.497  -1.375  30.698 0.4444440007
73519  -40.711  -0.514  31.268 0.1111110002
129684  -42.993  0.296  33.149 0.1111110002
74664  -42.224  -0.079  32.136 0.1111110002
74689  -43.572  0.000  31.912 0.1111110002
74688  -42.713  -0.131  31.469 0.1111110002
74687  -41.849  -0.230  31.572 0.1111110002
73518  -40.547  -0.435  30.398 0.4444440007
74705  -41.362  -0.343  30.904 0.1111110002
73517  -39.775  -0.700  30.224 0.4444440007
74690  -44.466  -0.074  31.546 0.1111110002
139723  -42.108  -0.254  30.952 0.1111110002
74707  -43.735  -0.155  30.798 0.1111110002
127961  -41.947  -0.290  30.265 0.2222220004
74719  -43.453  -0.148  29.709 0.2222220004
128311  -44.408  0.008  29.839 0.1111110002
74718  -42.545  -0.229  29.574 0.2222220004
74733  -44.120  0.284  28.952 0.2222220004
74720  -44.922  0.596  29.258 0.2222220004
74721  -45.530  0.829  29.542 0.2222220004
74732  -43.135  0.085  28.705 0.3333329856
75808  -45.424  1.264  28.990 0.2222220004
131252  -46.068  1.351  29.430 0.2222220004
75817  -44.703  1.142  28.476 0.3333329856
76919  -37.157  2.524  33.665 0.1111110002
76958  -45.952  1.932  28.822 0.2222220004
75816  -43.813  0.674  28.085 0.3333329856
75818  -45.363  1.737  28.480 0.2222220004
75827  -43.460  1.079  27.277 0.3333329856
76966  -44.981  1.984  27.972 0.3333329856
76967  -45.681  2.398  28.244 0.3333329856
75828  -44.256  1.473  27.648 0.4444440007
81485  -48.488  6.368  23.834 0.4444440007
81484  -47.710  6.350  23.496 0.4444440007
81494  -48.501  6.607  22.923 0.4444440007
82536  -49.048  7.165  22.272 0.4444440007
82545  -47.804  7.940  21.869 0.4444440007
82546  -48.647  7.804  21.761 0.4444440007
83531  -49.615  8.681  20.772 0.4444440007
146979  -47.567  8.637  21.596 0.4444440007
84557  -49.657  9.257  20.214 0.4444440007
85441  -46.843  10.791  24.851 0.3333329856
86427  -46.132  11.093  21.457 0.5555559993
86397  -46.668  10.944  24.224 0.4444440007
85450  -46.290  10.510  23.569 0.4444440007
86405  -46.209  10.893  23.276 0.4444440007
86426  -45.884  11.764  21.575 0.5555559993
87381  -46.202  12.441  21.185 0.5555559993
88320  -46.604  13.013  20.957 0.6666669846
87349  -45.551  12.457  23.391 0.2222220004
86422  -45.643  11.913  22.202 0.4444440007
88312  -45.637  13.152  22.123 0.3333329856
87380  -45.728  12.530  21.806 0.4444440007
88297  -45.802  13.860  22.147 0.3333329856
88314  -46.871  13.695  21.085 0.5555559993
89310  -47.405  14.571  21.345 0.4444440007
90254  -48.514  15.149  21.462 0.4444440007
128690  -9.280  -22.506  50.740 0.2222220004
49323  -9.265  -22.503  51.079 0.2222220004
50454  -9.210  -21.900  49.843 0.2222220004
49304  -9.999  -23.028  51.853 0.1111110002
50412  -9.102  -22.715  52.728 0.1111110002
50424  -9.081  -22.635  51.751 0.1111110002
49284  -9.387  -22.763  52.265 0.1111110002
40370  -0.982  -32.035  47.579 0.2222220004
41386  -1.141  -30.878  48.726 0.2222220004
42395  -2.689  -29.954  48.714 0.1111110002
41387  -2.081  -30.555  48.328 0.1111110002
39309  -1.130  -33.670  45.282 0.2222220004
135481  -7.932  -24.058  48.816 0.2222220004
50437  -8.853  -22.528  50.380 0.1111110002
49322  -8.368  -23.047  50.165 0.2222220004
48271  -15.026  -23.554  48.205 0.5555559993
49363  -15.660  -23.193  48.340 0.4444440007
128489  -27.814  -12.540  40.759 0.6666669846
55770  -22.026  -16.643  44.756 0.4444440007
55788  -22.059  -16.510  43.287 0.5555559993
64536  -34.433  -8.262  40.541 0.1111110002
69070  -32.721  -4.874  35.993 0.4444440007
129139  -47.863  6.254  24.242 0.4444440007
50438  -9.200  -22.245  50.219 0.2222220004
134577  -11.967  -23.940  49.802 0.3333329856
58908  -27.145  -12.822  41.392 0.6666669846
70178  -37.886  -3.844  32.106 0.3333329856
74704  -41.272  -0.330  30.125 0.2222220004
83530  -48.926  8.947  20.706 0.4444440007
88321  -47.215  13.105  20.606 0.6666669846
53651  -19.981  -18.511  47.107 0.5555559993
72395  -40.077  -0.782  30.958 0.4444440007
55791  -27.244  -16.434  43.444 0.3333329856
83518  -48.270  8.600  21.287 0.4444440007
86404  -45.693  11.699  22.918 0.4444440007
42396  -4.150  -29.048  48.677 0.1111110002
39285  -0.775  -33.288  47.723 0.1111110002
143160  -0.532  -32.280  49.009 0.1111110002
39295  -0.782  -33.642  46.906 0.2222220004
44377  -5.496  -27.415  49.488 0.2222220004
45324  -6.082  -26.698  49.628 0.1111110002
46320  -7.127  -25.650  48.950 0.2222220004
48218  -11.396  -23.803  51.274 0.3333329856
48219  -13.290  -23.954  51.641 0.2222220004
48237  -13.442  -23.958  50.168 0.2222220004
48239  -15.317  -23.600  50.539 0.2222220004
53610  -25.937  -18.415  49.866 0.1111110002
53671  -27.550  -18.419  46.149 0.2222220004
57794  -28.232  -14.640  45.345 0.2222220004
149965  -27.286  -14.727  43.893 0.4444440007
153372  -22.382  -18.156  50.402 0.1111110002
53607  -22.812  -17.944  50.196 0.1111110002
54667  -24.438  -17.885  49.520 0.1111110002
53630  -21.146  -18.046  48.661 0.2222220004
53703  -27.153  -18.114  44.935 0.2222220004
54760  -27.164  -17.268  43.659 0.2222220004
54685  -25.088  -17.807  48.021 0.1111110002
54701  -24.372  -17.594  47.505 0.2222220004
141203  -23.538  -17.438  47.374 0.2222220004
131325  -23.960  -17.448  46.637 0.2222220004
150851  -25.085  -17.712  45.770 0.2222220004
54728  -25.578  -17.884  45.459 0.2222220004
54759  -26.555  -17.413  43.390 0.4444440007
134757  -25.273  -17.586  43.681 0.3333329856
152627  -23.380  -17.246  46.184 0.2222220004
55757  -23.209  -17.081  45.532 0.3333329856
54756  -23.943  -17.209  43.835 0.4444440007
55745  -21.795  -16.891  46.227 0.3333329856
153628  -23.330  -16.945  43.588 0.4444440007
54768  -23.804  -16.997  42.920 0.4444440007
68997  -33.273  -4.141  40.459 0.2222220004
71225  -39.694  -3.046  34.465 0.2222220004
70146  -38.684  -3.510  33.295 0.2222220004
67986  -37.333  -5.305  34.738 0.1111110002
69090  -37.581  -4.533  33.387 0.3333329856
72343  -40.698  -1.819  34.228 0.1111110002
71236  -39.118  -2.943  32.788 0.3333329856
72383  -40.309  -0.927  31.669 0.1111110002
74665  -42.849  0.100  32.379 0.1111110002
74706  -42.745  -0.248  30.470 0.1111110002
133484  -49.135  6.548  23.524 0.4444440007
81495  -49.512  6.818  22.947 0.4444440007
82535  -48.093  7.128  22.239 0.4444440007
83519  -49.159  8.332  21.239 0.4444440007
86396  -46.099  11.548  23.807 0.3333329856
88313  -46.114  13.304  21.510 0.5555559993
87370  -45.537  12.533  22.540 0.3333329856
133784  -45.433  14.087  23.469 0.2222220004
89309  -46.447  14.233  21.674 0.4444440007
89282  -46.070  14.650  22.361 0.3333329856
135599  -9.162  -22.611  50.792 0.1111110002
49303  -9.392  -22.648  51.569 0.2222220004
50411  -8.676  -22.746  52.373 0.1111110002
38293  -0.811  -34.300  45.564 0.1111110002
39322  -0.483  -33.710  43.701 0.1111110002
141673  -0.345  -32.385  42.964 0.1111110002
39337  -0.332  -33.245  43.034 0.1111110002
48233  -7.977  -23.525  50.738 0.1111110002
58851  -29.806  -13.471  46.810 0.1111110002
58840  -30.246  -13.575  47.527 0.1111110002
59913  -30.003  -12.900  46.285 0.1111110002
63297  -24.773  -9.458  43.828 0.2222220004
63298  -25.357  -9.022  44.543 0.1111110002
63320  -25.417  -8.869  43.726 0.1111110002
64491  -25.879  -8.707  44.286 0.1111110002
63321  -26.168  -8.794  43.691 0.1111110002
70063  -32.310  -3.021  39.067 0.3333329856
69038  -31.046  -3.745  37.891 0.4444440007
70097  -31.306  -3.400  37.389 0.4444440007
70081  -31.949  -3.007  38.337 0.3333329856
71160  -33.065  -2.677  39.027 0.3333329856
70114  -31.706  -3.417  36.925 0.2222220004
71175  -32.573  -2.857  38.354 0.3333329856
70098  -32.046  -3.071  37.673 0.3333329856
70080  -31.513  -3.231  37.994 0.3333329856
70099  -33.488  -3.416  37.569 0.2222220004
70082  -33.458  -2.808  38.328 0.2222220004
70115  -32.661  -3.440  37.095 0.3333329856
69039  -33.501  -4.052  37.040 0.2222220004
132054  -32.179  -3.951  36.430 0.3333329856
70100  -34.418  -3.569  37.969 0.2222220004
69058  -33.128  -4.385  36.555 0.2222220004
69040  -34.208  -4.313  37.338 0.2222220004
67940  -34.831  -5.213  37.038 0.2222220004
67985  -36.615  -5.730  34.492 0.2222220004
69041  -35.205  -4.157  38.075 0.2222220004
81450  -47.633  6.250  25.165 0.3333329856
81471  -49.195  6.453  24.272 0.3333329856
83520  -50.002  8.238  21.194 0.3333329856
85492  -52.095  9.434  20.028 0.2222220004
152071  -52.496  10.771  19.628 0.3333329856
82547  -49.544  7.750  21.739 0.3333329856
86440  -51.921  11.240  19.631 0.3333329856
87394  -52.791  12.454  19.805 0.2222220004
87396  -54.346  12.741  19.364 0.2222220004
87390  -53.139  13.123  20.145 0.2222220004
88330  -54.484  13.512  20.042 0.2222220004
88327  -53.657  13.671  20.999 0.2222220004
88325  -52.059  13.418  20.524 0.2222220004
88326  -52.852  13.559  20.788 0.2222220004
88328  -54.477  13.825  20.983 0.2222220004
89325  -55.124  14.156  20.484 0.2222220004
88317  -53.316  14.045  21.637 0.2222220004
88318  -54.305  14.207  21.932 0.3333329856
129076  -55.210  14.418  21.643 0.2222220004
89326  -55.953  14.920  21.047 0.2222220004
89316  -55.694  14.924  21.994 0.3333329856
88316  -52.398  13.981  21.284 0.2222220004
89313  -52.825  14.494  22.037 0.3333329856
89314  -53.674  14.505  22.361 0.3333329856
133731  -54.341  14.680  22.595 0.3333329856
90258  -55.279  15.484  22.470 0.4444440007
90259  -55.955  15.433  21.615 0.4444440007
89285  -53.214  14.877  22.623 0.4444440007
89287  -54.629  15.160  22.939 0.4444440007
91308  -55.683  15.914  21.862 0.3333329856
91335  -56.009  16.124  20.954 0.3333329856
91306  -54.371  16.399  21.693 0.4444440007
89284  -52.483  15.069  22.439 0.4444440007
90233  -53.159  15.516  23.102 0.4444440007
90234  -54.077  15.687  23.376 0.4444440007
91298  -54.859  16.067  23.020 0.4444440007
91297  -54.387  16.495  22.818 0.4444440007
153642  -54.436  16.289  23.229 0.3333329856
92362  -53.714  17.160  23.121 0.3333329856
91305  -53.550  16.922  22.032 0.3333329856
69057  -31.303  -3.824  36.345 0.5555559993
67955  -34.564  -5.743  36.282 0.2222220004
67956  -35.477  -5.871  36.629 0.1111110002
84558  -50.495  9.329  19.992 0.3333329856
86441  -52.765  11.584  19.638 0.2222220004
86435  -52.208  12.166  19.752 0.3333329856
90210  -53.474  16.231  23.517 0.4444440007
83533  -51.319  8.893  20.395 0.2222220004
152388  -29.480  -13.301  46.169 0.1111110002
143511  -32.816  -2.964  37.776 0.2222220004
132247  -35.002  -4.620  37.639 0.2222220004
69059  -33.986  -4.878  36.750 0.2222220004
87389  -52.471  12.977  20.074 0.2222220004
87391  -53.838  13.257  20.140 0.2222220004
89315  -55.039  14.720  22.412 0.3333329856
89286  -53.883  15.017  22.931 0.4444440007
90235  -54.700  15.690  23.157 0.4444440007
90274  -56.307  15.720  20.765 0.4444440007
91307  -55.123  16.116  22.329 0.4444440007
91334  -55.233  16.216  21.352 0.3333329856
91333  -53.391  16.362  20.877 0.4444440007
90211  -53.924  16.260  23.517 0.3333329856
42394  -1.716  -30.177  49.076 0.1111110002
47273  -3.468  -24.813  45.300 0.1111110002
55747  -29.292  -16.460  46.341 0.1111110002
58857  -16.992  -12.773  45.279 0.2222220004
56808  -28.554  -15.508  45.635 0.1111110002
134335  -17.057  -12.647  46.077 0.1111110002
59921  -18.423  -12.186  45.096 0.2222220004
59907  -17.755  -12.428  46.627 0.1111110002
58811  -17.871  -12.702  49.990 0.1111110002
59869  -17.916  -12.612  49.085 0.1111110002
59870  -18.900  -12.393  49.022 0.1111110002
59884  -18.448  -12.507  48.457 0.1111110002
59895  -18.476  -12.466  47.743 0.1111110002
151642  -18.130  -12.403  47.213 0.1111110002
59896  -19.435  -12.459  47.491 0.1111110002
59908  -18.558  -12.219  46.074 0.1111110002
146913  -19.946  -12.502  45.789 0.1111110002
59922  -19.249  -12.234  45.513 0.1111110002
59897  -20.337  -12.723  47.236 0.1111110002
59923  -20.556  -12.669  45.496 0.1111110002
137291  -28.607  -9.627  42.746 0.1111110002
65651  -31.502  -7.472  43.113 0.1111110002
66763  -31.126  -6.686  43.658 0.1111110002
63322  -27.539  -9.450  42.920 0.1111110002
63340  -29.660  -9.499  42.802 0.2222220004
63341  -30.390  -9.200  42.765 0.1111110002
64522  -31.427  -8.146  42.710 0.1111110002
130098  -33.888  -2.602  40.340 0.1111110002
70047  -33.324  -2.987  40.309 0.1111110002
68996  -32.719  -3.426  39.796 0.2222220004
71162  -34.404  -2.452  39.893 0.1111110002
70064  -32.936  -2.864  39.580 0.1111110002
71161  -33.548  -2.663  39.687 0.1111110002
71151  -35.180  -2.341  40.456 0.1111110002
71163  -35.320  -2.524  39.764 0.1111110002
71177  -34.758  -2.661  39.165 0.1111110002
71176  -33.868  -2.590  39.127 0.1111110002
71164  -36.110  -2.952  39.839 0.1111110002
70065  -35.626  -3.144  39.228 0.1111110002
149175  -35.790  -2.467  40.281 0.1111110002
70084  -35.150  -3.475  38.583 0.1111110002
70083  -34.306  -2.883  38.611 0.1111110002
70048  -36.840  -3.490  40.144 0.1111110002
70049  -37.527  -4.066  40.603 0.1111110002
70066  -36.453  -3.907  39.401 0.1111110002
70085  -35.905  -3.899  38.853 0.1111110002
137394  -45.231  0.288  29.965 0.1111110002
147942  -38.023  -4.696  40.290 0.1111110002
154330  -36.859  -4.608  39.236 0.1111110002
69026  -35.754  -4.381  38.387 0.1111110002
130600  -46.715  2.145  29.294 0.1111110002
137373  -48.926  4.658  29.334 0.1111110002
80295  -48.715  5.421  28.605 0.1111110002
79144  -48.119  4.346  28.857 0.1111110002
78060  -47.819  3.437  29.247 0.1111110002
78061  -48.510  3.802  29.563 0.1111110002
80315  -48.918  6.166  28.125 0.1111110002
81423  -49.503  6.580  27.990 0.1111110002
78059  -47.122  3.079  28.962 0.1111110002
80303  -47.842  5.027  28.151 0.1111110002
81432  -50.147  6.953  27.800 0.1111110002
139574  -47.490  3.762  28.744 0.1111110002
76968  -46.393  2.749  28.604 0.1111110002
81433  -50.796  7.192  27.476 0.1111110002
82473  -51.545  7.264  27.038 0.1111110002
80314  -48.844  6.425  27.445 0.1111110002
81444  -51.709  7.003  26.162 0.1111110002
81443  -50.786  7.058  26.583 0.1111110002
79157  -47.104  4.578  27.833 0.1111110002
142505  -48.267  5.845  27.808 0.1111110002
134221  -50.224  7.023  27.187 0.1111110002
81431  -49.613  6.792  27.356 0.1111110002
81454  -52.021  6.950  25.315 0.1111110002
82491  -52.983  7.116  25.111 0.1111110002
78071  -46.845  3.688  28.324 0.1111110002
81453  -51.009  6.831  25.535 0.1111110002
81474  -52.307  7.107  24.616 0.1111110002
78070  -46.035  3.219  27.976 0.2222220004
80313  -47.386  5.489  27.349 0.1111110002
80325  -47.963  6.156  27.071 0.1111110002
145164  -49.194  6.713  26.869 0.1111110002
153011  -50.424  6.884  26.060 0.1111110002
82507  -52.901  7.320  24.216 0.1111110002
81472  -50.531  6.719  24.629 0.1111110002
81473  -51.490  6.964  24.505 0.1111110002
82527  -53.533  7.602  23.726 0.1111110002
146169  -54.111  7.863  23.354 0.1111110002
81440  -48.549  6.489  26.629 0.2222220004
153223  -50.014  6.712  25.528 0.1111110002
82526  -52.721  7.585  23.423 0.1111110002
82541  -53.426  7.929  22.886 0.1111110002
130995  -54.731  8.381  22.157 0.1111110002
81486  -50.851  6.973  23.807 0.1111110002
81487  -51.520  7.209  23.714 0.1111110002
128050  -53.858  8.246  22.159 0.1111110002
83525  -55.270  8.688  21.563 0.1111110002
84563  -57.439  9.965  20.785 0.1111110002
81439  -47.755  6.300  26.243 0.2222220004
81452  -49.214  6.476  25.164 0.2222220004
128446  -49.793  6.558  24.669 0.1111110002
84550  -56.962  9.437  21.307 0.1111110002
81470  -48.492  6.342  24.717 0.2222220004
128462  -49.938  6.663  23.819 0.2222220004
82525  -51.928  7.520  23.223 0.1111110002
83514  -53.133  8.090  22.160 0.1111110002
85481  -58.427  10.587  21.525 0.1111110002
82540  -52.467  7.848  22.556 0.1111110002
83524  -54.268  8.576  21.492 0.1111110002
84562  -55.484  9.343  20.381 0.1111110002
82538  -50.816  7.513  22.425 0.1111110002
82539  -51.604  7.678  22.517 0.1111110002
83522  -52.589  8.191  21.733 0.1111110002
83534  -53.705  8.834  20.879 0.1111110002
84568  -55.459  9.740  19.809 0.1111110002
85504  -55.201  10.278  19.345 0.1111110002
86443  -55.281  11.066  18.883 0.1111110002
82549  -51.269  7.900  21.809 0.1111110002
132850  -51.858  8.381  21.225 0.1111110002
136886  -52.782  8.632  21.025 0.1111110002
84559  -53.007  9.262  20.310 0.1111110002
84567  -54.493  9.952  19.683 0.1111110002
143966  -52.212  8.881  20.567 0.1111110002
84566  -53.526  9.936  19.783 0.1111110002
148803  -54.579  10.651  19.284 0.1111110002
86442  -54.199  11.534  19.227 0.1111110002
82537  -49.967  7.342  22.355 0.2222220004
82548  -50.429  7.803  21.757 0.2222220004
85502  -53.116  10.735  19.616 0.2222220004
85503  -53.878  10.655  19.485 0.1111110002
84565  -52.701  10.009  19.767 0.1111110002
132004  -53.446  11.380  19.496 0.1111110002
87395  -53.461  12.313  19.632 0.1111110002
89334  -56.262  15.505  20.033 0.1111110002
83532  -50.332  8.746  20.589 0.2222220004
134557  -55.638  14.582  19.458 0.2222220004
84488  -44.442  9.849  27.176 0.1111110002
85442  -47.310  10.939  25.587 0.1111110002
86389  -47.667  11.316  25.885 0.1111110002
87334  -47.757  11.690  25.926 0.1111110002
145527  -46.881  12.982  26.376 0.1111110002
88252  -46.835  13.514  27.113 0.1111110002
85431  -46.375  10.537  25.671 0.1111110002
86388  -47.254  11.258  25.250 0.1111110002
87325  -47.599  12.256  26.006 0.1111110002
89243  -46.330  14.470  27.528 0.1111110002
89242  -46.033  14.074  26.813 0.1111110002
91294  -48.805  17.157  22.854 0.2222220004
90229  -48.444  15.909  22.105 0.2222220004
134282  -49.346  16.464  22.398 0.2222220004
92359  -49.956  17.278  22.913 0.2222220004
149503  -53.582  16.624  23.551 0.2222220004
91280  -53.980  16.565  23.385 0.2222220004
91354  -52.421  16.201  20.090 0.1111110002
92390  -52.623  17.439  21.495 0.1111110002
91332  -52.695  16.762  21.001 0.1111110002
91331  -51.799  17.034  20.523 0.1111110002
93366  -51.101  18.719  23.555 0.1111110002
93367  -51.962  18.684  23.628 0.1111110002
92345  -50.521  17.989  23.356 0.1111110002
147696  -51.958  17.765  21.038 0.1111110002
92401  -50.952  17.119  19.785 0.1111110002
91353  -51.405  16.434  19.647 0.1111110002
90290  -51.913  15.801  19.116 0.1111110002
138439  -55.668  8.587  22.375 0.1111110002
152179  -55.109  8.298  22.763 0.1111110002
85495  -58.795  11.003  21.060 0.1111110002
82528  -54.368  7.693  24.002 0.1111110002
83526  -56.339  8.921  21.869 0.1111110002
135284  -57.194  10.774  19.210 0.1111110002
86444  -56.489  11.206  18.672 0.1111110002
59920  -17.694  -12.382  45.644 0.1111110002
65667  -31.593  -7.556  42.339 0.1111110002
134465  -49.215  15.736  21.889 0.3333329856
54731  -29.004  -17.006  45.793 0.1111110002
55759  -28.883  -16.229  45.849 0.1111110002
41366  -0.907  -30.619  49.563 0.1111110002
87341  -46.714  11.632  24.649 0.1111110002
142234  -35.588  -4.781  37.929 0.1111110002
82523  -50.399  7.067  23.065 0.2222220004
83521  -50.877  8.304  21.158 0.1111110002
67941  -35.728  -5.401  37.428 0.1111110002
54718  -29.352  -17.308  46.454 0.1111110002
59894  -17.616  -12.619  47.450 0.1111110002
134780  -18.663  -12.298  46.965 0.1111110002
59885  -19.246  -12.459  48.286 0.1111110002
59871  -19.871  -12.491  48.969 0.1111110002
59909  -19.544  -12.418  46.502 0.1111110002
64507  -31.269  -8.029  43.648 0.1111110002
65637  -31.264  -7.333  44.019 0.1111110002
69015  -37.344  -4.574  39.728 0.1111110002
69027  -36.457  -4.684  38.777 0.1111110002
79158  -47.486  4.279  28.381 0.1111110002
81442  -49.908  6.872  26.552 0.1111110002
78080  -46.351  4.079  27.639 0.2222220004
82506  -52.139  7.279  23.945 0.1111110002
81441  -49.217  6.643  26.102 0.2222220004
81451  -48.473  6.436  25.690 0.2222220004
83523  -53.377  8.414  21.562 0.1111110002
82524  -51.192  7.329  23.125 0.1111110002
84549  -55.902  9.057  20.977 0.1111110002
82550  -51.955  7.974  21.951 0.1111110002
83535  -54.779  8.990  20.774 0.1111110002
84569  -56.454  9.580  20.267 0.1111110002
84561  -54.852  9.461  20.167 0.1111110002
84560  -54.048  9.372  20.248 0.1111110002
87333  -47.248  11.926  25.348 0.1111110002
88262  -47.732  12.674  26.721 0.1111110002
153018  -46.388  13.528  26.634 0.1111110002
91355  -53.320  16.000  20.046 0.1111110002
134815  -33.755  2.969  37.021 0.1111110002
127880  -32.926  2.835  36.993 0.1111110002
76860  -33.925  2.625  36.274 0.1111110002
76836  -34.610  2.940  37.148 0.1111110002
76882  -32.402  2.586  35.791 0.1111110002
76883  -33.202  2.643  36.027 0.1111110002
75716  -32.428  2.220  34.868 0.1111110002
75690  -34.157  1.980  35.451 0.1111110002
74618  -33.042  1.042  33.831 0.1111110002
129731  -34.746  3.316  37.985 0.1111110002
77968  -34.542  3.511  39.125 0.1111110002
77969  -35.495  3.429  38.602 0.1111110002
76813  -33.690  3.191  37.766 0.1111110002
76859  -32.416  2.749  36.604 0.1111110002
76789  -33.501  3.358  38.758 0.1111110002
128180  -31.943  2.956  38.022 0.1111110002
76812  -32.369  3.111  38.308 0.1111110002
152021  -32.974  3.176  38.248 0.1111110002
76834  -32.421  2.956  37.676 0.1111110002
145877  -31.883  3.130  38.591 0.1111110002
76788  -32.655  3.245  38.828 0.1111110002
62052  -25.651  -9.685  47.018 0.1111110002
75740  -32.502  1.723  34.191 0.1111110002
74642  -32.656  0.506  33.186 0.1111110002
75717  -33.257  2.199  35.176 0.1111110002
75741  -33.213  1.623  34.457 0.1111110002
72283  -26.413  -1.397  38.673 0.1111110002
137202  -26.411  -0.473  38.113 0.1111110002
75634  -26.586  1.103  38.926 0.1111110002
74559  -26.565  0.261  37.779 0.1111110002
76763  -27.362  2.677  40.403 0.1111110002
76782  -27.917  2.725  39.626 0.1111110002
75648  -27.245  1.738  38.333 0.1111110002
74538  -26.768  0.961  37.986 0.1111110002
76808  -27.952  2.415  38.736 0.1111110002
90293  -56.623  16.015  19.201 0.1111110002
90275  -56.497  16.008  20.077 0.2222220004
91366  -56.584  16.506  18.352 0.2222220004
91336  -56.292  16.151  20.314 0.2222220004
154271  -45.621  14.191  22.752 0.2222220004
90227  -46.357  15.528  22.802 0.1111110002
91276  -47.781  16.911  22.966 0.1111110002
150965  -48.522  18.179  23.425 0.1111110002
93364  -48.884  18.674  23.538 0.1111110002
89283  -46.774  15.083  21.991 0.1111110002
91293  -47.718  16.133  22.458 0.1111110002
90228  -47.622  15.453  21.911 0.1111110002
91357  -56.330  16.244  19.521 0.2222220004
91356  -56.070  16.437  19.897 0.2222220004
93365  -50.003  18.716  23.461 0.1111110002
91292  -47.090  15.720  22.373 0.1111110002
92344  -49.269  17.964  23.247 0.1111110002
149752  -48.397  16.533  22.540 0.1111110002
144185  -48.236  17.703  23.273 0.1111110002
73383  -26.381  -0.573  38.894 0.1111110002
74537  -26.448  0.254  38.478 0.1111110002
75635  -27.101  2.001  39.151 0.1111110002
75626  -26.923  2.182  39.942 0.1111110002
90315  -56.907  16.087  18.017 0.1111110002
91367  -57.114  16.543  17.544 0.1111110002
133502  -47.035  16.300  22.880 0.1111110002
45364  -2.829  -25.479  45.543 0.1111110002
46354  -4.145  -24.952  44.553 0.1111110002
47274  -4.196  -24.299  44.979 0.1111110002
48203  -15.212  -23.580  52.561 0.1111110002
48221  -15.266  -23.577  51.459 0.1111110002
49267  -16.037  -23.317  53.402 0.1111110002
49286  -16.015  -23.273  51.855 0.1111110002
49287  -16.727  -22.921  52.165 0.1111110002
49306  -16.767  -22.839  51.247 0.1111110002
133652  -17.274  -22.658  51.736 0.1111110002
49307  -17.556  -22.410  51.131 0.1111110002
53624  -12.335  -16.095  45.891 0.2222220004
53648  -12.490  -17.351  45.549 0.2222220004
52536  -12.871  -19.779  47.006 0.2222220004
132288  -12.717  -17.957  46.955 0.1111110002
51528  -14.004  -20.205  46.966 0.2222220004
52522  -14.427  -19.555  47.714 0.2222220004
54696  -15.683  -17.120  47.255 0.1111110002
56792  -15.769  -15.475  47.430 0.1111110002
56799  -15.711  -15.400  46.574 0.1111110002
150029  -16.298  -13.674  46.675 0.1111110002
58846  -16.854  -12.961  46.900 0.1111110002
63324  -29.077  -9.404  43.657 0.1111110002
67971  -36.806  -5.829  35.325 0.1111110002
70129  -38.670  -4.272  35.130 0.1111110002
70130  -39.365  -3.627  35.188 0.1111110002
71212  -40.004  -2.998  35.300 0.1111110002
92465  -56.077  18.327  14.589 0.1111110002
90362  -56.375  16.809  14.574 0.1111110002
91441  -56.490  17.986  14.137 0.1111110002
90361  -55.874  16.172  14.903 0.1111110002
141459  -55.124  16.868  14.598 0.1111110002
91440  -54.493  17.123  14.501 0.1111110002
92441  -55.008  18.205  15.035 0.1111110002
92443  -56.540  18.520  14.954 0.1111110002
87340  -45.829  12.416  24.250 0.1111110002
88273  -45.622  13.247  24.703 0.1111110002
88279  -45.448  13.268  23.858 0.1111110002
88296  -45.453  13.391  22.868 0.1111110002
91365  -56.225  16.598  18.853 0.1111110002
91380  -56.869  17.029  17.442 0.1111110002
129997  -55.507  16.547  18.933 0.1111110002
128867  -56.065  17.018  18.238 0.1111110002
92416  -56.027  17.509  17.367 0.1111110002
92417  -56.546  17.592  16.962 0.1111110002
92426  -55.884  18.154  16.314 0.1111110002
92427  -56.511  18.242  15.960 0.1111110002
92463  -54.445  17.684  14.752 0.1111110002
92442  -55.731  18.464  15.178 0.1111110002
89255  -45.509  14.070  25.272 0.1111110002
136389  -45.390  14.022  24.338 0.1111110002
90273  -55.155  16.248  20.142 0.1111110002
90314  -54.467  16.101  19.088 0.1111110002
91378  -55.366  17.009  17.758 0.1111110002
92415  -55.241  17.700  16.706 0.1111110002
140685  -55.124  18.218  15.700 0.1111110002
92440  -53.999  17.593  15.376 0.1111110002
152506  -54.586  17.996  15.328 0.1111110002
90272  -54.189  16.124  20.595 0.1111110002
130263  -54.476  16.360  18.153 0.1111110002
91393  -54.467  17.010  17.076 0.1111110002
92425  -54.470  17.724  16.077 0.1111110002
90291  -52.896  15.757  19.308 0.1111110002
53649  -12.542  -18.844  46.596 0.2222220004
55743  -15.703  -16.191  46.882 0.1111110002
57782  -15.936  -14.533  46.874 0.1111110002
138387  -14.660  -23.724  50.977 0.1111110002
90292  -53.881  15.903  19.599 0.1111110002
87332  -46.303  12.475  24.998 0.1111110002
147361  -16.091  -23.262  52.686 0.1111110002
153596  -12.635  -16.926  46.257 0.2222220004
57776  -16.029  -14.653  48.020 0.1111110002
91417  -55.793  17.595  14.518 0.1111110002
92464  -55.192  17.923  14.636 0.1111110002
88266  -45.891  13.202  25.391 0.1111110002
91379  -56.434  17.015  17.882 0.1111110002
90313  -53.520  15.822  18.570 0.1111110002
52537  -13.363  -19.558  47.586 0.1111110002
51512  -13.826  -19.587  47.734 0.1111110002
40351  -0.762  -31.724  48.445 0.2222220004
41450  -0.358  -30.772  42.730 0.1111110002
44468  -4.186  -27.906  43.686 0.6666669846
47255  -7.640  -24.826  48.851 0.2222220004
48198  -10.824  -23.569  52.048 0.1111110002
48330  -7.990  -23.355  43.614 0.8888890147
49441  -8.253  -22.703  43.509 0.8888890147
58936  -24.507  -13.312  39.331 0.7777780294
66833  -35.292  -6.142  35.957 0.1111110002
66844  -33.813  -6.358  35.171 0.6666669846
66922  -29.789  -6.277  31.812 1.0000000000
72342  -26.849  -0.752  34.143 0.3333329856
73484  -34.321  -0.840  32.705 0.3333329856
74598  -35.689  0.496  35.353 0.1111110002
75777  -36.168  0.902  32.762 0.3333329856
76835  -32.970  3.027  37.675 0.1111110002
76939  -36.006  2.643  31.386 0.4444440007
79111  -37.201  4.569  31.506 0.1111110002
79128  -40.266  5.160  30.250 0.1111110002
80278  -44.313  5.997  31.515 0.1111110002
85486  -46.535  10.703  21.018 0.5555559993
87384  -46.800  12.406  20.644 0.5555559993
87386  -48.028  12.162  19.978 0.7777780294
90212  -54.370  16.103  23.379 0.4444440007
129804  -33.735  -6.717  33.020 0.7777780294
131255  -30.168  -5.887  30.454 1.0000000000
132786  -34.888  -6.525  34.067 0.5555559993
137600  -35.939  -0.112  34.643 0.1111110002
143761  -43.336  6.890  29.535 0.1111110002
145601  -29.381  -1.450  30.970 0.4444440007
147451  -36.169  3.360  31.247 0.2222220004
147624  -6.631  -27.201  45.942 0.7777780294
149812  -26.597  -1.082  34.406 0.5555559993
151825  -35.104  -0.660  33.123 0.2222220004
154499  -16.572  -14.314  43.927 0.4444440007
