
Thu Mar 12 09:55:31 CET 2026
cd /out/sourcedata/freesurfer/sub-v1s11x0050143_ses-1
setenv SUBJECTS_DIR /out/sourcedata/freesurfer
/opt/freesurfer/bin/recon-all -autorecon1 -i /work/fmriprep_25_2_wf/sub_v1s11x0050143_ses_1_wf/anat_fit_wf/anat_validate/sub-v1s11x0050143_ses-1_T1w_noise_corrected_ras_valid.nii.gz -noskullstrip -noT2pial -noFLAIRpial -openmp 16 -subjid sub-v1s11x0050143_ses-1 -sd /out/sourcedata/freesurfer

subjid sub-v1s11x0050143_ses-1
setenv SUBJECTS_DIR /out/sourcedata/freesurfer
FREESURFER_HOME /opt/freesurfer
Actual FREESURFER_HOME /opt/freesurfer
build-stamp.txt: freesurfer-linux-ubuntu22_x86_64-7.3.2-20220804-6354275
Linux dna059 5.14.0-427.37.1.el9_4.x86_64 #1 SMP PREEMPT_DYNAMIC Fri Sep 13 12:41:50 EDT 2024 x86_64 x86_64 x86_64 GNU/Linux
cputime      unlimited
filesize     unlimited
datasize     unlimited
stacksize    8192 kbytes
coredumpsize 0 kbytes
memoryuse    67108864 kbytes
vmemoryuse   unlimited
descriptors  1024 
memorylocked unlimited
maxproc      2061970 
maxlocks     unlimited
maxsignal    2061970 
maxmessage   819200 
maxnice      0 
maxrtprio    0 
maxrttime    unlimited

               total        used        free      shared  buff/cache   available
Mem:           503Gi        49Gi       405Gi        12Gi        48Gi       438Gi
Swap:             0B          0B          0B

########################################
program versions used
7.3.2 (freesurfer-linux-ubuntu22_x86_64-7.3.2-20220804-6354275)
7.3.2

ProgramName: lta_convert  ProgramArguments: lta_convert -all-info  ProgramVersion: 7.3.2  TimeStamp: 2026/03/12-08:55:31-GMT  BuildTime: Aug  4 2022 06:17:15  BuildStamp: freesurfer-linux-ubuntu22_x86_64-7.3.2-20220804-6354275  User: oesteban  Machine: dna059  Platform: Linux  PlatformVersion: 5.14.0-427.37.1.el9_4.x86_64  CompilerName: GCC  CompilerVersion: 8.4.0
ProgramName: mri_and  ProgramArguments: mri_and -all-info  ProgramVersion: 7.3.2  TimeStamp: 2026/03/12-08:55:31-GMT  BuildTime: Aug  4 2022 06:17:15  BuildStamp: freesurfer-linux-ubuntu22_x86_64-7.3.2-20220804-6354275  User: oesteban  Machine: dna059  Platform: Linux  PlatformVersion: 5.14.0-427.37.1.el9_4.x86_64  CompilerName: GCC  CompilerVersion: 8.4.0
ProgramName: mri_annotation2label  ProgramArguments: mri_annotation2label -all-info  ProgramVersion: 7.3.2  TimeStamp: 2026/03/12-08:55:31-GMT  BuildTime: Aug  4 2022 06:17:15  BuildStamp: freesurfer-linux-ubuntu22_x86_64-7.3.2-20220804-6354275  User: oesteban  Machine: dna059  Platform: Linux  PlatformVersion: 5.14.0-427.37.1.el9_4.x86_64  CompilerName: GCC  CompilerVersion: 8.4.0
ProgramName: mri_aparc2aseg  ProgramArguments: mri_aparc2aseg -all-info  ProgramVersion: 7.3.2  TimeStamp: 2026/03/12-08:55:31-GMT  BuildTime: Aug  4 2022 06:17:15  BuildStamp: freesurfer-linux-ubuntu22_x86_64-7.3.2-20220804-6354275  User: oesteban  Machine: dna059  Platform: Linux  PlatformVersion: 5.14.0-427.37.1.el9_4.x86_64  CompilerName: GCC  CompilerVersion: 8.4.0
ProgramName: mri_surf2volseg  ProgramArguments: mri_surf2volseg -all-info  ProgramVersion: 7.3.2  TimeStamp: 2026/03/12-08:55:31-GMT  BuildTime: Aug  4 2022 06:17:15  BuildStamp: freesurfer-linux-ubuntu22_x86_64-7.3.2-20220804-6354275  User: oesteban  Machine: dna059  Platform: Linux  PlatformVersion: 5.14.0-427.37.1.el9_4.x86_64  CompilerName: GCC  CompilerVersion: 8.4.0
ProgramName: mri_binarize  ProgramArguments: mri_binarize -all-info  ProgramVersion: 7.3.2  TimeStamp: 2026/03/12-08:55:31-GMT  BuildTime: Aug  4 2022 06:17:15  BuildStamp: freesurfer-linux-ubuntu22_x86_64-7.3.2-20220804-6354275  User: oesteban  Machine: dna059  Platform: Linux  PlatformVersion: 5.14.0-427.37.1.el9_4.x86_64  CompilerName: GCC  CompilerVersion: 8.4.0
ProgramName: mri_ca_label  ProgramArguments: mri_ca_label -all-info  ProgramVersion: 7.3.2  TimeStamp: 2026/03/12-08:55:31-GMT  BuildTime: Aug  4 2022 06:17:15  BuildStamp: freesurfer-linux-ubuntu22_x86_64-7.3.2-20220804-6354275  User: oesteban  Machine: dna059  Platform: Linux  PlatformVersion: 5.14.0-427.37.1.el9_4.x86_64  CompilerName: GCC  CompilerVersion: 8.4.0
ProgramName: mri_ca_normalize  ProgramArguments: mri_ca_normalize -all-info  ProgramVersion: 7.3.2  TimeStamp: 2026/03/12-08:55:31-GMT  BuildTime: Aug  4 2022 06:17:15  BuildStamp: freesurfer-linux-ubuntu22_x86_64-7.3.2-20220804-6354275  User: oesteban  Machine: dna059  Platform: Linux  PlatformVersion: 5.14.0-427.37.1.el9_4.x86_64  CompilerName: GCC  CompilerVersion: 8.4.0
ProgramName: mri_ca_register  ProgramArguments: mri_ca_register -all-info  ProgramVersion: 7.3.2  TimeStamp: 2026/03/12-08:55:31-GMT  BuildTime: Aug  4 2022 06:17:15  BuildStamp: freesurfer-linux-ubuntu22_x86_64-7.3.2-20220804-6354275  User: oesteban  Machine: dna059  Platform: Linux  PlatformVersion: 5.14.0-427.37.1.el9_4.x86_64  CompilerName: GCC  CompilerVersion: 8.4.0
ProgramName: mri_cc  ProgramArguments: mri_cc -all-info  ProgramVersion: 7.3.2  TimeStamp: 2026/03/12-08:55:31-GMT  BuildTime: Aug  4 2022 06:17:15  BuildStamp: freesurfer-linux-ubuntu22_x86_64-7.3.2-20220804-6354275  User: oesteban  Machine: dna059  Platform: Linux  PlatformVersion: 5.14.0-427.37.1.el9_4.x86_64  CompilerName: GCC  CompilerVersion: 8.4.0
ProgramName: mri_compute_overlap  ProgramArguments: mri_compute_overlap -all-info  ProgramVersion: 7.3.2  TimeStamp: 2026/03/12-08:55:31-GMT  BuildTime: Aug  4 2022 06:17:15  BuildStamp: freesurfer-linux-ubuntu22_x86_64-7.3.2-20220804-6354275  User: oesteban  Machine: dna059  Platform: Linux  PlatformVersion: 5.14.0-427.37.1.el9_4.x86_64  CompilerName: GCC  CompilerVersion: 8.4.0
ProgramName: mri_compute_seg_overlap  ProgramArguments: mri_compute_seg_overlap -all-info  ProgramVersion: 7.3.2  TimeStamp: 2026/03/12-08:55:31-GMT  BuildTime: Aug  4 2022 06:17:15  BuildStamp: freesurfer-linux-ubuntu22_x86_64-7.3.2-20220804-6354275  User: oesteban  Machine: dna059  Platform: Linux  PlatformVersion: 5.14.0-427.37.1.el9_4.x86_64  CompilerName: GCC  CompilerVersion: 8.4.0
ProgramName: mri_concat  ProgramArguments: mri_concat -all-info  ProgramVersion: 7.3.2  TimeStamp: 2026/03/12-08:55:31-GMT  BuildTime: Aug  4 2022 06:17:15  BuildStamp: freesurfer-linux-ubuntu22_x86_64-7.3.2-20220804-6354275  User: oesteban  Machine: dna059  Platform: Linux  PlatformVersion: 5.14.0-427.37.1.el9_4.x86_64  CompilerName: GCC  CompilerVersion: 8.4.0
ProgramName: mri_concatenate_lta  ProgramArguments: mri_concatenate_lta -all-info  ProgramVersion: 7.3.2  TimeStamp: 2026/03/12-08:55:31-GMT  BuildTime: Aug  4 2022 06:17:15  BuildStamp: freesurfer-linux-ubuntu22_x86_64-7.3.2-20220804-6354275  User: oesteban  Machine: dna059  Platform: Linux  PlatformVersion: 5.14.0-427.37.1.el9_4.x86_64  CompilerName: GCC  CompilerVersion: 8.4.0
mri_convert -all-info 
ProgramName: mri_convert  ProgramArguments: mri_convert -all-info  ProgramVersion: 7.3.2  TimeStamp: 2026/03/12-08:55:31-GMT  BuildTime: Aug  4 2022 06:17:15  BuildStamp: freesurfer-linux-ubuntu22_x86_64-7.3.2-20220804-6354275  User: oesteban  Machine: dna059  Platform: Linux  PlatformVersion: 5.14.0-427.37.1.el9_4.x86_64  CompilerName: GCC  CompilerVersion: 8.4.0
ProgramName: mri_diff  ProgramArguments: mri_diff -all-info  ProgramVersion: 7.3.2  TimeStamp: 2026/03/12-08:55:31-GMT  BuildTime: Aug  4 2022 06:17:15  BuildStamp: freesurfer-linux-ubuntu22_x86_64-7.3.2-20220804-6354275  User: oesteban  Machine: dna059  Platform: Linux  PlatformVersion: 5.14.0-427.37.1.el9_4.x86_64  CompilerName: GCC  CompilerVersion: 8.4.0
ProgramName: mri_edit_wm_with_aseg  ProgramArguments: mri_edit_wm_with_aseg -all-info  ProgramVersion: 7.3.2  TimeStamp: 2026/03/12-08:55:31-GMT  BuildTime: Aug  4 2022 06:17:15  BuildStamp: freesurfer-linux-ubuntu22_x86_64-7.3.2-20220804-6354275  User: oesteban  Machine: dna059  Platform: Linux  PlatformVersion: 5.14.0-427.37.1.el9_4.x86_64  CompilerName: GCC  CompilerVersion: 8.4.0
ProgramName: mri_em_register  ProgramArguments: mri_em_register -all-info  ProgramVersion: 7.3.2  TimeStamp: 2026/03/12-08:55:31-GMT  BuildTime: Aug  4 2022 06:17:15  BuildStamp: freesurfer-linux-ubuntu22_x86_64-7.3.2-20220804-6354275  User: oesteban  Machine: dna059  Platform: Linux  PlatformVersion: 5.14.0-427.37.1.el9_4.x86_64  CompilerName: GCC  CompilerVersion: 8.4.0
ProgramName: mri_fill  ProgramArguments: mri_fill -all-info  ProgramVersion: 7.3.2  TimeStamp: 2026/03/12-08:55:31-GMT  BuildTime: Aug  4 2022 06:17:15  BuildStamp: freesurfer-linux-ubuntu22_x86_64-7.3.2-20220804-6354275  User: oesteban  Machine: dna059  Platform: Linux  PlatformVersion: 5.14.0-427.37.1.el9_4.x86_64  CompilerName: GCC  CompilerVersion: 8.4.0
ProgramName: mri_fuse_segmentations  ProgramArguments: mri_fuse_segmentations -all-info  ProgramVersion: 7.3.2  TimeStamp: 2026/03/12-08:55:31-GMT  BuildTime: Aug  4 2022 06:17:15  BuildStamp: freesurfer-linux-ubuntu22_x86_64-7.3.2-20220804-6354275  User: oesteban  Machine: dna059  Platform: Linux  PlatformVersion: 5.14.0-427.37.1.el9_4.x86_64  CompilerName: GCC  CompilerVersion: 8.4.0
ProgramName: mri_fwhm  ProgramArguments: mri_fwhm -all-info  ProgramVersion: 7.3.2  TimeStamp: 2026/03/12-08:55:31-GMT  BuildTime: Aug  4 2022 06:17:15  BuildStamp: freesurfer-linux-ubuntu22_x86_64-7.3.2-20220804-6354275  User: oesteban  Machine: dna059  Platform: Linux  PlatformVersion: 5.14.0-427.37.1.el9_4.x86_64  CompilerName: GCC  CompilerVersion: 8.4.0
ProgramName: mri_gcut  ProgramArguments: mri_gcut -all-info  ProgramVersion: 7.3.2  TimeStamp: 2026/03/12-08:55:31-GMT  BuildTime: Aug  4 2022 06:17:15  BuildStamp: freesurfer-linux-ubuntu22_x86_64-7.3.2-20220804-6354275  User: oesteban  Machine: dna059  Platform: Linux  PlatformVersion: 5.14.0-427.37.1.el9_4.x86_64  CompilerName: GCC  CompilerVersion: 8.4.0
ProgramName: mri_info  ProgramArguments: mri_info -all-info  ProgramVersion: 7.3.2  TimeStamp: 2026/03/12-08:55:31-GMT  BuildTime: Aug  4 2022 06:17:15  BuildStamp: freesurfer-linux-ubuntu22_x86_64-7.3.2-20220804-6354275  User: oesteban  Machine: dna059  Platform: Linux  PlatformVersion: 5.14.0-427.37.1.el9_4.x86_64  CompilerName: GCC  CompilerVersion: 8.4.0
ProgramName: mri_label2label  ProgramArguments: mri_label2label -all-info  ProgramVersion: 7.3.2  TimeStamp: 2026/03/12-08:55:31-GMT  BuildTime: Aug  4 2022 06:17:15  BuildStamp: freesurfer-linux-ubuntu22_x86_64-7.3.2-20220804-6354275  User: oesteban  Machine: dna059  Platform: Linux  PlatformVersion: 5.14.0-427.37.1.el9_4.x86_64  CompilerName: GCC  CompilerVersion: 8.4.0
ProgramName: mri_label2vol  ProgramArguments: mri_label2vol -all-info  ProgramVersion: 7.3.2  TimeStamp: 2026/03/12-08:55:31-GMT  BuildTime: Aug  4 2022 06:17:15  BuildStamp: freesurfer-linux-ubuntu22_x86_64-7.3.2-20220804-6354275  User: oesteban  Machine: dna059  Platform: Linux  PlatformVersion: 5.14.0-427.37.1.el9_4.x86_64  CompilerName: GCC  CompilerVersion: 8.4.0
ProgramName: mri_log_likelihood  ProgramArguments: mri_log_likelihood -all-info  ProgramVersion: 7.3.2  TimeStamp: 2026/03/12-08:55:31-GMT  BuildTime: Aug  4 2022 06:17:15  BuildStamp: freesurfer-linux-ubuntu22_x86_64-7.3.2-20220804-6354275  User: oesteban  Machine: dna059  Platform: Linux  PlatformVersion: 5.14.0-427.37.1.el9_4.x86_64  CompilerName: GCC  CompilerVersion: 8.4.0
ProgramName: mri_mask  ProgramArguments: mri_mask -all-info  ProgramVersion: 7.3.2  TimeStamp: 2026/03/12-08:55:31-GMT  BuildTime: Aug  4 2022 06:17:15  BuildStamp: freesurfer-linux-ubuntu22_x86_64-7.3.2-20220804-6354275  User: oesteban  Machine: dna059  Platform: Linux  PlatformVersion: 5.14.0-427.37.1.el9_4.x86_64  CompilerName: GCC  CompilerVersion: 8.4.0
ProgramName: mri_matrix_multiply  ProgramArguments: mri_matrix_multiply -all-info  ProgramVersion: 7.3.2  TimeStamp: 2026/03/12-08:55:31-GMT  BuildTime: Aug  4 2022 06:17:15  BuildStamp: freesurfer-linux-ubuntu22_x86_64-7.3.2-20220804-6354275  User: oesteban  Machine: dna059  Platform: Linux  PlatformVersion: 5.14.0-427.37.1.el9_4.x86_64  CompilerName: GCC  CompilerVersion: 8.4.0
ProgramName: mri_normalize  ProgramArguments: mri_normalize -all-info  ProgramVersion: 7.3.2  TimeStamp: 2026/03/12-08:55:31-GMT  BuildTime: Aug  4 2022 06:17:15  BuildStamp: freesurfer-linux-ubuntu22_x86_64-7.3.2-20220804-6354275  User: oesteban  Machine: dna059  Platform: Linux  PlatformVersion: 5.14.0-427.37.1.el9_4.x86_64  CompilerName: GCC  CompilerVersion: 8.4.0
ProgramName: mri_normalize_tp2  ProgramArguments: mri_normalize_tp2 -all-info  ProgramVersion: 7.3.2  TimeStamp: 2026/03/12-08:55:31-GMT  BuildTime: Aug  4 2022 06:17:15  BuildStamp: freesurfer-linux-ubuntu22_x86_64-7.3.2-20220804-6354275  User: oesteban  Machine: dna059  Platform: Linux  PlatformVersion: 5.14.0-427.37.1.el9_4.x86_64  CompilerName: GCC  CompilerVersion: 8.4.0
ProgramName: mri_or  ProgramArguments: mri_or -all-info  ProgramVersion: 7.3.2  TimeStamp: 2026/03/12-08:55:31-GMT  BuildTime: Aug  4 2022 06:17:15  BuildStamp: freesurfer-linux-ubuntu22_x86_64-7.3.2-20220804-6354275  User: oesteban  Machine: dna059  Platform: Linux  PlatformVersion: 5.14.0-427.37.1.el9_4.x86_64  CompilerName: GCC  CompilerVersion: 8.4.0
ProgramName: mri_relabel_hypointensities  ProgramArguments: mri_relabel_hypointensities -all-info  ProgramVersion: 7.3.2  TimeStamp: 2026/03/12-08:55:31-GMT  BuildTime: Aug  4 2022 06:17:15  BuildStamp: freesurfer-linux-ubuntu22_x86_64-7.3.2-20220804-6354275  User: oesteban  Machine: dna059  Platform: Linux  PlatformVersion: 5.14.0-427.37.1.el9_4.x86_64  CompilerName: GCC  CompilerVersion: 8.4.0
ProgramName: mri_relabel_nonwm_hypos  ProgramArguments: mri_relabel_nonwm_hypos -all-info  ProgramVersion: 7.3.2  TimeStamp: 2026/03/12-08:55:31-GMT  BuildTime: Aug  4 2022 06:17:15  BuildStamp: freesurfer-linux-ubuntu22_x86_64-7.3.2-20220804-6354275  User: oesteban  Machine: dna059  Platform: Linux  PlatformVersion: 5.14.0-427.37.1.el9_4.x86_64  CompilerName: GCC  CompilerVersion: 8.4.0
ProgramName: mri_remove_neck  ProgramArguments: mri_remove_neck -all-info  ProgramVersion: 7.3.2  TimeStamp: 2026/03/12-08:55:31-GMT  BuildTime: Aug  4 2022 06:17:15  BuildStamp: freesurfer-linux-ubuntu22_x86_64-7.3.2-20220804-6354275  User: oesteban  Machine: dna059  Platform: Linux  PlatformVersion: 5.14.0-427.37.1.el9_4.x86_64  CompilerName: GCC  CompilerVersion: 8.4.0
7.3.2

ProgramName: mri_robust_register  ProgramArguments: mri_robust_register -all-info  ProgramVersion: 7.3.2  TimeStamp: 2026/03/12-08:55:31-GMT  BuildTime: Aug  4 2022 06:17:15  BuildStamp: freesurfer-linux-ubuntu22_x86_64-7.3.2-20220804-6354275  User: oesteban  Machine: dna059  Platform: Linux  PlatformVersion: 5.14.0-427.37.1.el9_4.x86_64  CompilerName: GCC  CompilerVersion: 8.4.0
7.3.2

ProgramName: mri_robust_template  ProgramArguments: mri_robust_template -all-info  ProgramVersion: 7.3.2  TimeStamp: 2026/03/12-08:55:31-GMT  BuildTime: Aug  4 2022 06:17:15  BuildStamp: freesurfer-linux-ubuntu22_x86_64-7.3.2-20220804-6354275  User: oesteban  Machine: dna059  Platform: Linux  PlatformVersion: 5.14.0-427.37.1.el9_4.x86_64  CompilerName: GCC  CompilerVersion: 8.4.0
ProgramName: mris_anatomical_stats  ProgramArguments: mris_anatomical_stats -all-info  ProgramVersion: 7.3.2  TimeStamp: 2026/03/12-08:55:31-GMT  BuildTime: Aug  4 2022 06:17:15  BuildStamp: freesurfer-linux-ubuntu22_x86_64-7.3.2-20220804-6354275  User: oesteban  Machine: dna059  Platform: Linux  PlatformVersion: 5.14.0-427.37.1.el9_4.x86_64  CompilerName: GCC  CompilerVersion: 8.4.0
ProgramName: mris_ca_label  ProgramArguments: mris_ca_label -all-info  ProgramVersion: 7.3.2  TimeStamp: 2026/03/12-08:55:31-GMT  BuildTime: Aug  4 2022 06:17:15  BuildStamp: freesurfer-linux-ubuntu22_x86_64-7.3.2-20220804-6354275  User: oesteban  Machine: dna059  Platform: Linux  PlatformVersion: 5.14.0-427.37.1.el9_4.x86_64  CompilerName: GCC  CompilerVersion: 8.4.0
ProgramName: mris_calc  ProgramArguments: mris_calc -all-info  ProgramVersion: 7.3.2  TimeStamp: 2026/03/12-08:55:31-GMT  BuildTime: Aug  4 2022 06:17:15  BuildStamp: freesurfer-linux-ubuntu22_x86_64-7.3.2-20220804-6354275  User: oesteban  Machine: dna059  Platform: Linux  PlatformVersion: 5.14.0-427.37.1.el9_4.x86_64  CompilerName: GCC  CompilerVersion: 8.4.0
ProgramName: mris_convert  ProgramArguments: mris_convert -all-info  ProgramVersion: 7.3.2  TimeStamp: 2026/03/12-08:55:31-GMT  BuildTime: Aug  4 2022 06:17:15  BuildStamp: freesurfer-linux-ubuntu22_x86_64-7.3.2-20220804-6354275  User: oesteban  Machine: dna059  Platform: Linux  PlatformVersion: 5.14.0-427.37.1.el9_4.x86_64  CompilerName: GCC  CompilerVersion: 8.4.0
ProgramName: mris_curvature  ProgramArguments: mris_curvature -all-info  ProgramVersion: 7.3.2  TimeStamp: 2026/03/12-08:55:31-GMT  BuildTime: Aug  4 2022 06:17:15  BuildStamp: freesurfer-linux-ubuntu22_x86_64-7.3.2-20220804-6354275  User: oesteban  Machine: dna059  Platform: Linux  PlatformVersion: 5.14.0-427.37.1.el9_4.x86_64  CompilerName: GCC  CompilerVersion: 8.4.0
ProgramName: mris_curvature_stats  ProgramArguments: mris_curvature_stats -all-info  ProgramVersion: 7.3.2  TimeStamp: 2026/03/12-08:55:31-GMT  BuildTime: Aug  4 2022 06:17:15  BuildStamp: freesurfer-linux-ubuntu22_x86_64-7.3.2-20220804-6354275  User: oesteban  Machine: dna059  Platform: Linux  PlatformVersion: 5.14.0-427.37.1.el9_4.x86_64  CompilerName: GCC  CompilerVersion: 8.4.0
ProgramName: mris_diff  ProgramArguments: mris_diff -all-info  ProgramVersion: 7.3.2  TimeStamp: 2026/03/12-08:55:31-GMT  BuildTime: Aug  4 2022 06:17:15  BuildStamp: freesurfer-linux-ubuntu22_x86_64-7.3.2-20220804-6354275  User: oesteban  Machine: dna059  Platform: Linux  PlatformVersion: 5.14.0-427.37.1.el9_4.x86_64  CompilerName: GCC  CompilerVersion: 8.4.0
ProgramName: mris_divide_parcellation  ProgramArguments: mris_divide_parcellation -all-info  ProgramVersion: 7.3.2  TimeStamp: 2026/03/12-08:55:31-GMT  BuildTime: Aug  4 2022 06:17:15  BuildStamp: freesurfer-linux-ubuntu22_x86_64-7.3.2-20220804-6354275  User: oesteban  Machine: dna059  Platform: Linux  PlatformVersion: 5.14.0-427.37.1.el9_4.x86_64  CompilerName: GCC  CompilerVersion: 8.4.0
ProgramName: mri_segment  ProgramArguments: mri_segment -all-info  ProgramVersion: 7.3.2  TimeStamp: 2026/03/12-08:55:31-GMT  BuildTime: Aug  4 2022 06:17:15  BuildStamp: freesurfer-linux-ubuntu22_x86_64-7.3.2-20220804-6354275  User: oesteban  Machine: dna059  Platform: Linux  PlatformVersion: 5.14.0-427.37.1.el9_4.x86_64  CompilerName: GCC  CompilerVersion: 8.4.0
ProgramName: mri_segstats  ProgramArguments: mri_segstats -all-info  ProgramVersion: 7.3.2  TimeStamp: 2026/03/12-08:55:31-GMT  BuildTime: Aug  4 2022 06:17:15  BuildStamp: freesurfer-linux-ubuntu22_x86_64-7.3.2-20220804-6354275  User: oesteban  Machine: dna059  Platform: Linux  PlatformVersion: 5.14.0-427.37.1.el9_4.x86_64  CompilerName: GCC  CompilerVersion: 8.4.0
ProgramName: mris_euler_number  ProgramArguments: mris_euler_number -all-info  ProgramVersion: 7.3.2  TimeStamp: 2026/03/12-08:55:31-GMT  BuildTime: Aug  4 2022 06:17:15  BuildStamp: freesurfer-linux-ubuntu22_x86_64-7.3.2-20220804-6354275  User: oesteban  Machine: dna059  Platform: Linux  PlatformVersion: 5.14.0-427.37.1.el9_4.x86_64  CompilerName: GCC  CompilerVersion: 8.4.0
ProgramName: mris_fix_topology  ProgramArguments: mris_fix_topology -all-info  ProgramVersion: 7.3.2  TimeStamp: 2026/03/12-08:55:31-GMT  BuildTime: Aug  4 2022 06:17:15  BuildStamp: freesurfer-linux-ubuntu22_x86_64-7.3.2-20220804-6354275  User: oesteban  Machine: dna059  Platform: Linux  PlatformVersion: 5.14.0-427.37.1.el9_4.x86_64  CompilerName: GCC  CompilerVersion: 8.4.0
ProgramName: mris_topo_fixer  ProgramArguments: mris_topo_fixer -all-info  ProgramVersion: 7.3.2  TimeStamp: 2026/03/12-08:55:31-GMT  BuildTime: Aug  4 2022 06:17:15  BuildStamp: freesurfer-linux-ubuntu22_x86_64-7.3.2-20220804-6354275  User: oesteban  Machine: dna059  Platform: Linux  PlatformVersion: 5.14.0-427.37.1.el9_4.x86_64  CompilerName: GCC  CompilerVersion: 8.4.0
ProgramName: mris_jacobian  ProgramArguments: mris_jacobian -all-info  ProgramVersion: 7.3.2  TimeStamp: 2026/03/12-08:55:31-GMT  BuildTime: Aug  4 2022 06:17:15  BuildStamp: freesurfer-linux-ubuntu22_x86_64-7.3.2-20220804-6354275  User: oesteban  Machine: dna059  Platform: Linux  PlatformVersion: 5.14.0-427.37.1.el9_4.x86_64  CompilerName: GCC  CompilerVersion: 8.4.0
ProgramName: mris_label2annot  ProgramArguments: mris_label2annot -all-info  ProgramVersion: 7.3.2  TimeStamp: 2026/03/12-08:55:31-GMT  BuildTime: Aug  4 2022 06:17:15  BuildStamp: freesurfer-linux-ubuntu22_x86_64-7.3.2-20220804-6354275  User: oesteban  Machine: dna059  Platform: Linux  PlatformVersion: 5.14.0-427.37.1.el9_4.x86_64  CompilerName: GCC  CompilerVersion: 8.4.0
ProgramName: mris_left_right_register  ProgramArguments: mris_left_right_register -all-info  ProgramVersion: 7.3.2  TimeStamp: 2026/03/12-08:55:31-GMT  BuildTime: Aug  4 2022 06:17:15  BuildStamp: freesurfer-linux-ubuntu22_x86_64-7.3.2-20220804-6354275  User: oesteban  Machine: dna059  Platform: Linux  PlatformVersion: 5.14.0-427.37.1.el9_4.x86_64  CompilerName: GCC  CompilerVersion: 8.4.0
ProgramName: mris_place_surface  ProgramArguments: mris_place_surface -all-info  ProgramVersion: 7.3.2  TimeStamp: 2026/03/12-08:55:31-GMT  BuildTime: Aug  4 2022 06:17:15  BuildStamp: freesurfer-linux-ubuntu22_x86_64-7.3.2-20220804-6354275  User: oesteban  Machine: dna059  Platform: Linux  PlatformVersion: 5.14.0-427.37.1.el9_4.x86_64  CompilerName: GCC  CompilerVersion: 8.4.0
ProgramName: mrisp_paint  ProgramArguments: mrisp_paint -all-info  ProgramVersion: 7.3.2  TimeStamp: 2026/03/12-08:55:31-GMT  BuildTime: Aug  4 2022 06:17:15  BuildStamp: freesurfer-linux-ubuntu22_x86_64-7.3.2-20220804-6354275  User: oesteban  Machine: dna059  Platform: Linux  PlatformVersion: 5.14.0-427.37.1.el9_4.x86_64  CompilerName: GCC  CompilerVersion: 8.4.0
ProgramName: mris_register  ProgramArguments: mris_register -all-info  ProgramVersion: 7.3.2  TimeStamp: 2026/03/12-08:55:31-GMT  BuildTime: Aug  4 2022 06:17:15  BuildStamp: freesurfer-linux-ubuntu22_x86_64-7.3.2-20220804-6354275  User: oesteban  Machine: dna059  Platform: Linux  PlatformVersion: 5.14.0-427.37.1.el9_4.x86_64  CompilerName: GCC  CompilerVersion: 8.4.0
ProgramName: mris_smooth  ProgramArguments: mris_smooth -all-info  ProgramVersion: 7.3.2  TimeStamp: 2026/03/12-08:55:31-GMT  BuildTime: Aug  4 2022 06:17:15  BuildStamp: freesurfer-linux-ubuntu22_x86_64-7.3.2-20220804-6354275  User: oesteban  Machine: dna059  Platform: Linux  PlatformVersion: 5.14.0-427.37.1.el9_4.x86_64  CompilerName: GCC  CompilerVersion: 8.4.0
ProgramName: mris_sphere  ProgramArguments: mris_sphere -all-info  ProgramVersion: 7.3.2  TimeStamp: 2026/03/12-08:55:31-GMT  BuildTime: Aug  4 2022 06:17:15  BuildStamp: freesurfer-linux-ubuntu22_x86_64-7.3.2-20220804-6354275  User: oesteban  Machine: dna059  Platform: Linux  PlatformVersion: 5.14.0-427.37.1.el9_4.x86_64  CompilerName: GCC  CompilerVersion: 8.4.0
ProgramName: mris_surface_stats  ProgramArguments: mris_surface_stats -all-info  ProgramVersion: 7.3.2  TimeStamp: 2026/03/12-08:55:31-GMT  BuildTime: Aug  4 2022 06:17:15  BuildStamp: freesurfer-linux-ubuntu22_x86_64-7.3.2-20220804-6354275  User: oesteban  Machine: dna059  Platform: Linux  PlatformVersion: 5.14.0-427.37.1.el9_4.x86_64  CompilerName: GCC  CompilerVersion: 8.4.0
ProgramName: mri_stats2seg  ProgramArguments: mri_stats2seg -all-info  ProgramVersion: 7.3.2  TimeStamp: 2026/03/12-08:55:31-GMT  BuildTime: Aug  4 2022 06:17:15  BuildStamp: freesurfer-linux-ubuntu22_x86_64-7.3.2-20220804-6354275  User: oesteban  Machine: dna059  Platform: Linux  PlatformVersion: 5.14.0-427.37.1.el9_4.x86_64  CompilerName: GCC  CompilerVersion: 8.4.0
ProgramName: mris_thickness  ProgramArguments: mris_thickness -all-info  ProgramVersion: 7.3.2  TimeStamp: 2026/03/12-08:55:31-GMT  BuildTime: Aug  4 2022 06:17:15  BuildStamp: freesurfer-linux-ubuntu22_x86_64-7.3.2-20220804-6354275  User: oesteban  Machine: dna059  Platform: Linux  PlatformVersion: 5.14.0-427.37.1.el9_4.x86_64  CompilerName: GCC  CompilerVersion: 8.4.0
ProgramName: mris_thickness_diff  ProgramArguments: mris_thickness_diff -all-info  ProgramVersion: 7.3.2  TimeStamp: 2026/03/12-08:55:31-GMT  BuildTime: Aug  4 2022 06:17:15  BuildStamp: freesurfer-linux-ubuntu22_x86_64-7.3.2-20220804-6354275  User: oesteban  Machine: dna059  Platform: Linux  PlatformVersion: 5.14.0-427.37.1.el9_4.x86_64  CompilerName: GCC  CompilerVersion: 8.4.0
ProgramName: mris_topo_fixer  ProgramArguments: mris_topo_fixer -all-info  ProgramVersion: 7.3.2  TimeStamp: 2026/03/12-08:55:31-GMT  BuildTime: Aug  4 2022 06:17:15  BuildStamp: freesurfer-linux-ubuntu22_x86_64-7.3.2-20220804-6354275  User: oesteban  Machine: dna059  Platform: Linux  PlatformVersion: 5.14.0-427.37.1.el9_4.x86_64  CompilerName: GCC  CompilerVersion: 8.4.0
ProgramName: mri_surf2surf  ProgramArguments: mri_surf2surf -all-info  ProgramVersion: 7.3.2  TimeStamp: 2026/03/12-08:55:31-GMT  BuildTime: Aug  4 2022 06:17:15  BuildStamp: freesurfer-linux-ubuntu22_x86_64-7.3.2-20220804-6354275  User: oesteban  Machine: dna059  Platform: Linux  PlatformVersion: 5.14.0-427.37.1.el9_4.x86_64  CompilerName: GCC  CompilerVersion: 8.4.0
ProgramName: mri_surf2vol  ProgramArguments: mri_surf2vol -all-info  ProgramVersion: 7.3.2  TimeStamp: 2026/03/12-08:55:31-GMT  BuildTime: Aug  4 2022 06:17:15  BuildStamp: freesurfer-linux-ubuntu22_x86_64-7.3.2-20220804-6354275  User: oesteban  Machine: dna059  Platform: Linux  PlatformVersion: 5.14.0-427.37.1.el9_4.x86_64  CompilerName: GCC  CompilerVersion: 8.4.0
ProgramName: mri_surfcluster  ProgramArguments: mri_surfcluster -all-info  ProgramVersion: 7.3.2  TimeStamp: 2026/03/12-08:55:31-GMT  BuildTime: Aug  4 2022 06:17:15  BuildStamp: freesurfer-linux-ubuntu22_x86_64-7.3.2-20220804-6354275  User: oesteban  Machine: dna059  Platform: Linux  PlatformVersion: 5.14.0-427.37.1.el9_4.x86_64  CompilerName: GCC  CompilerVersion: 8.4.0
ProgramName: mris_volmask  ProgramArguments: mris_volmask -all-info  ProgramVersion: 7.3.2  TimeStamp: 2026/03/12-08:55:31-GMT  BuildTime: Aug  4 2022 06:17:15  BuildStamp: freesurfer-linux-ubuntu22_x86_64-7.3.2-20220804-6354275  User: oesteban  Machine: dna059  Platform: Linux  PlatformVersion: 5.14.0-427.37.1.el9_4.x86_64  CompilerName: GCC  CompilerVersion: 8.4.0
ProgramName: mri_tessellate  ProgramArguments: mri_tessellate -all-info  ProgramVersion: 7.3.2  TimeStamp: 2026/03/12-08:55:31-GMT  BuildTime: Aug  4 2022 06:17:15  BuildStamp: freesurfer-linux-ubuntu22_x86_64-7.3.2-20220804-6354275  User: oesteban  Machine: dna059  Platform: Linux  PlatformVersion: 5.14.0-427.37.1.el9_4.x86_64  CompilerName: GCC  CompilerVersion: 8.4.0
ProgramName: mri_vol2surf  ProgramArguments: mri_vol2surf -all-info  ProgramVersion: 7.3.2  TimeStamp: 2026/03/12-08:55:31-GMT  BuildTime: Aug  4 2022 06:17:15  BuildStamp: freesurfer-linux-ubuntu22_x86_64-7.3.2-20220804-6354275  User: oesteban  Machine: dna059  Platform: Linux  PlatformVersion: 5.14.0-427.37.1.el9_4.x86_64  CompilerName: GCC  CompilerVersion: 8.4.0
ProgramName: mri_vol2vol  ProgramArguments: mri_vol2vol -all-info  ProgramVersion: 7.3.2  TimeStamp: 2026/03/12-08:55:31-GMT  BuildTime: Aug  4 2022 06:17:15  BuildStamp: freesurfer-linux-ubuntu22_x86_64-7.3.2-20220804-6354275  User: oesteban  Machine: dna059  Platform: Linux  PlatformVersion: 5.14.0-427.37.1.el9_4.x86_64  CompilerName: GCC  CompilerVersion: 8.4.0
ProgramName: mri_voldiff  ProgramArguments: mri_voldiff -all-info  ProgramVersion: 7.3.2  TimeStamp: 2026/03/12-08:55:31-GMT  BuildTime: Aug  4 2022 06:17:15  BuildStamp: freesurfer-linux-ubuntu22_x86_64-7.3.2-20220804-6354275  User: oesteban  Machine: dna059  Platform: Linux  PlatformVersion: 5.14.0-427.37.1.el9_4.x86_64  CompilerName: GCC  CompilerVersion: 8.4.0
ProgramName: mri_watershed  ProgramArguments: mri_watershed -all-info  ProgramVersion: 7.3.2  TimeStamp: 2026/03/12-08:55:31-GMT  BuildTime: Aug  4 2022 06:17:15  BuildStamp: freesurfer-linux-ubuntu22_x86_64-7.3.2-20220804-6354275  User: oesteban  Machine: dna059  Platform: Linux  PlatformVersion: 5.14.0-427.37.1.el9_4.x86_64  CompilerName: GCC  CompilerVersion: 8.4.0
ProgramName: tkregister2  ProgramArguments: tkregister2_cmdl -all-info  ProgramVersion: 7.3.2  TimeStamp: 2026/03/12-08:55:31-GMT  BuildTime: Aug  4 2022 06:17:15  BuildStamp: freesurfer-linux-ubuntu22_x86_64-7.3.2-20220804-6354275  User: oesteban  Machine: dna059  Platform: Linux  PlatformVersion: 5.14.0-427.37.1.el9_4.x86_64  CompilerName: GCC  CompilerVersion: 8.4.0
mri_motion_correct.fsl 7.3.2
mri_convert -all-info 
ProgramName: mri_convert  ProgramArguments: mri_convert -all-info  ProgramVersion: 7.3.2  TimeStamp: 2026/03/12-08:55:31-GMT  BuildTime: Aug  4 2022 06:17:15  BuildStamp: freesurfer-linux-ubuntu22_x86_64-7.3.2-20220804-6354275  User: oesteban  Machine: dna059  Platform: Linux  PlatformVersion: 5.14.0-427.37.1.el9_4.x86_64  CompilerName: GCC  CompilerVersion: 8.4.0
Program nu_correct, built from:
Package MNI N3, version 1.12.0, compiled by nicks@terrier (x86_64-unknown-linux-gnu) on 2015-06-19 at 01:25:34
#######################################
GCADIR /opt/freesurfer/average
GCA RB_all_2020-01-02.gca
GCASkull RB_all_withskull_2020_01_02.gca
AvgCurvTif folding.atlas.acfb40.noaparc.i12.2016-08-02.tif
GCSDIR /opt/freesurfer/average
GCS DKaparc.atlas.acfb40.noaparc.i12.2016-08-02.gcs
#######################################
/out/sourcedata/freesurfer/sub-v1s11x0050143_ses-1

 mri_convert /work/fmriprep_25_2_wf/sub_v1s11x0050143_ses_1_wf/anat_fit_wf/anat_validate/sub-v1s11x0050143_ses-1_T1w_noise_corrected_ras_valid.nii.gz /out/sourcedata/freesurfer/sub-v1s11x0050143_ses-1/mri/orig/001.mgz 

mri_convert /work/fmriprep_25_2_wf/sub_v1s11x0050143_ses_1_wf/anat_fit_wf/anat_validate/sub-v1s11x0050143_ses-1_T1w_noise_corrected_ras_valid.nii.gz /out/sourcedata/freesurfer/sub-v1s11x0050143_ses-1/mri/orig/001.mgz 
reading from /work/fmriprep_25_2_wf/sub_v1s11x0050143_ses_1_wf/anat_fit_wf/anat_validate/sub-v1s11x0050143_ses-1_T1w_noise_corrected_ras_valid.nii.gz...
TR=0.00, TE=0.00, TI=0.00, flip angle=0.00
i_ras = (0.993961, 0, -0.109734)
j_ras = (0, 1, 0)
k_ras = (0.109734, 0, 0.993961)
writing to /out/sourcedata/freesurfer/sub-v1s11x0050143_ses-1/mri/orig/001.mgz...
#--------------------------------------------
#@# MotionCor Thu Mar 12 09:55:33 CET 2026
Found 1 runs
/out/sourcedata/freesurfer/sub-v1s11x0050143_ses-1/mri/orig/001.mgz
Checking for (invalid) multi-frame inputs...
Only one run found so motion
correction will not be performed. I'll
copy the run to rawavg and continue.

 cp /out/sourcedata/freesurfer/sub-v1s11x0050143_ses-1/mri/orig/001.mgz /out/sourcedata/freesurfer/sub-v1s11x0050143_ses-1/mri/rawavg.mgz 


 mri_info /out/sourcedata/freesurfer/sub-v1s11x0050143_ses-1/mri/rawavg.mgz 

rawavg.mgz ========================================
Volume information for /out/sourcedata/freesurfer/sub-v1s11x0050143_ses-1/mri/rawavg.mgz
          type: MGH
    dimensions: 160 x 239 x 200
   voxel sizes: 1.100000, 1.000000, 1.000000
          type: FLOAT (3)
           fov: 239.000
           dof: 1
        xstart: -88.0, xend: 88.0
        ystart: -119.5, yend: 119.5
        zstart: -100.0, zend: 100.0
            TR: 0.00 msec, TE: 0.00 msec, TI: 0.00 msec, flip angle: 0.00 degrees
       nframes: 1
       PhEncDir: UNKNOWN
       FieldStrength: 0.000000
ras xform present
    xform info: x_r =   0.9940, y_r =   0.0000, z_r =   0.1097, c_r =    -0.2586
              : x_a =   0.0000, y_a =   1.0000, z_a =   0.0000, c_a =    17.9523
              : x_s =  -0.1097, y_s =   0.0000, z_s =   0.9940, c_s =    14.8438

talairach xfm : 
Orientation   : RAS
Primary Slice Direction: axial

voxel to ras transform:
                1.0934   0.0000   0.1097   -98.7006
                0.0000   1.0000   0.0000  -101.5477
               -0.1207   0.0000   0.9940   -74.8957
                0.0000   0.0000   0.0000     1.0000

voxel-to-ras determinant 1.1

ras to voxel transform:
                0.9036   0.0000  -0.0998    81.7145
                0.0000   1.0000   0.0000   101.5477
                0.1097   0.0000   0.9940    85.2742
                0.0000   0.0000   0.0000     1.0000
/out/sourcedata/freesurfer/sub-v1s11x0050143_ses-1

 mri_convert /out/sourcedata/freesurfer/sub-v1s11x0050143_ses-1/mri/rawavg.mgz /out/sourcedata/freesurfer/sub-v1s11x0050143_ses-1/mri/orig.mgz --conform 

mri_convert /out/sourcedata/freesurfer/sub-v1s11x0050143_ses-1/mri/rawavg.mgz /out/sourcedata/freesurfer/sub-v1s11x0050143_ses-1/mri/orig.mgz --conform 
reading from /out/sourcedata/freesurfer/sub-v1s11x0050143_ses-1/mri/rawavg.mgz...
TR=0.00, TE=0.00, TI=0.00, flip angle=0.00
i_ras = (0.993961, 0, -0.109734)
j_ras = (0, 1, 0)
k_ras = (0.109734, 0, 0.993961)
changing data type from float to uchar (noscale = 0)...
MRIchangeType: Building histogram -0.000261307 769.008 1000, flo=0, fhi=0.999, dest_type=0
Reslicing using trilinear interpolation 
writing to /out/sourcedata/freesurfer/sub-v1s11x0050143_ses-1/mri/orig.mgz...

 mri_add_xform_to_header -c /out/sourcedata/freesurfer/sub-v1s11x0050143_ses-1/mri/transforms/talairach.xfm /out/sourcedata/freesurfer/sub-v1s11x0050143_ses-1/mri/orig.mgz /out/sourcedata/freesurfer/sub-v1s11x0050143_ses-1/mri/orig.mgz 

INFO: extension is mgz

 mri_info /out/sourcedata/freesurfer/sub-v1s11x0050143_ses-1/mri/orig.mgz 

orig.mgz ========================================
Volume information for /out/sourcedata/freesurfer/sub-v1s11x0050143_ses-1/mri/orig.mgz
          type: MGH
    dimensions: 256 x 256 x 256
   voxel sizes: 1.000000, 1.000000, 1.000000
          type: UCHAR (0)
           fov: 256.000
           dof: 1
        xstart: -128.0, xend: 128.0
        ystart: -128.0, yend: 128.0
        zstart: -128.0, zend: 128.0
            TR: 0.00 msec, TE: 0.00 msec, TI: 0.00 msec, flip angle: 0.00 degrees
       nframes: 1
       PhEncDir: UNKNOWN
       FieldStrength: 0.000000
ras xform present
    xform info: x_r =  -1.0000, y_r =   0.0000, z_r =   0.0000, c_r =    -0.2586
              : x_a =   0.0000, y_a =   0.0000, z_a =   1.0000, c_a =    17.9523
              : x_s =  -0.0000, y_s =  -1.0000, z_s =   0.0000, c_s =    14.8438

talairach xfm : /out/sourcedata/freesurfer/sub-v1s11x0050143_ses-1/mri/transforms/talairach.xfm
Orientation   : LIA
Primary Slice Direction: coronal

voxel to ras transform:
               -1.0000   0.0000   0.0000   127.7414
                0.0000   0.0000   1.0000  -110.0477
               -0.0000  -1.0000   0.0000   142.8438
                0.0000   0.0000   0.0000     1.0000

voxel-to-ras determinant -1

ras to voxel transform:
               -1.0000  -0.0000  -0.0000   127.7414
                0.0000  -0.0000  -1.0000   142.8438
               -0.0000   1.0000  -0.0000   110.0477
               -0.0000  -0.0000  -0.0000     1.0000
#--------------------------------------------
#@# Talairach Thu Mar 12 09:55:40 CET 2026
/out/sourcedata/freesurfer/sub-v1s11x0050143_ses-1/mri

 mri_nu_correct.mni --no-rescale --i orig.mgz --o orig_nu.mgz --ants-n4 --n 1 --proto-iters 1000 --distance 50 

/usr/bin/bc
/out/sourcedata/freesurfer/sub-v1s11x0050143_ses-1/mri
/opt/freesurfer/bin/mri_nu_correct.mni
--no-rescale --i orig.mgz --o orig_nu.mgz --ants-n4 --n 1 --proto-iters 1000 --distance 50
nIters 1
mri_nu_correct.mni 7.3.2
Linux dna059 5.14.0-427.37.1.el9_4.x86_64 #1 SMP PREEMPT_DYNAMIC Fri Sep 13 12:41:50 EDT 2024 x86_64 x86_64 x86_64 GNU/Linux
Thu Mar 12 09:55:40 CET 2026
tmpdir is ./tmp.mri_nu_correct.mni.672388
cd /out/sourcedata/freesurfer/sub-v1s11x0050143_ses-1/mri
AntsN4BiasFieldCorrectionFs -i orig.mgz -o ./tmp.mri_nu_correct.mni.672388/nu0.mgz --dtype uchar
AntsN4BiasFieldCorrectionFs done
mri_convert ./tmp.mri_nu_correct.mni.672388/nu0.mgz orig_nu.mgz --like orig.mgz --conform
mri_convert ./tmp.mri_nu_correct.mni.672388/nu0.mgz orig_nu.mgz --like orig.mgz --conform 
reading from ./tmp.mri_nu_correct.mni.672388/nu0.mgz...
TR=0.00, TE=0.00, TI=0.00, flip angle=0.00
i_ras = (-1, 0, -7.45058e-09)
j_ras = (0, 0, -1)
k_ras = (0, 1, 0)
INFO: transform src into the like-volume: orig.mgz
writing to orig_nu.mgz...
 
 
Thu Mar 12 09:58:35 CET 2026
mri_nu_correct.mni done

 talairach_avi --i orig_nu.mgz --xfm transforms/talairach.auto.xfm 

talairach_avi log file is transforms/talairach_avi.log...
mv -f /out/sourcedata/freesurfer/sub-v1s11x0050143_ses-1/mri/talsrcimg_to_711-2C_as_mni_average_305_t4_vox2vox.txt /out/sourcedata/freesurfer/sub-v1s11x0050143_ses-1/mri/transforms/talsrcimg_to_711-2C_as_mni_average_305_t4_vox2vox.txt
Started at Thu Mar 12 09:58:35 CET 2026
Ended   at Thu Mar 12 10:00:08 CET 2026
talairach_avi done

 cp transforms/talairach.auto.xfm transforms/talairach.xfm 

lta_convert --src orig.mgz --trg /opt/freesurfer/average/mni305.cor.mgz --inxfm transforms/talairach.xfm --outlta transforms/talairach.xfm.lta --subject fsaverage --ltavox2vox
7.3.2

--src: orig.mgz src image (geometry).
--trg: /opt/freesurfer/average/mni305.cor.mgz trg image (geometry).
--inmni: transforms/talairach.xfm input MNI/XFM transform.
--outlta: transforms/talairach.xfm.lta output LTA.
--s: fsaverage subject name
--ltavox2vox: output LTA as VOX_TO_VOX transform.
 LTA read, type : 1
 1.02019  -0.02033  -0.12760   3.02720;
-0.00980   1.01938  -0.03256  -25.18882;
 0.10984   0.03640   1.05745  -19.98447;
 0.00000   0.00000   0.00000   1.00000;
setting subject to fsaverage
Writing  LTA to file transforms/talairach.xfm.lta...
lta_convert successful.
#--------------------------------------------
#@# Talairach Failure Detection Thu Mar 12 10:00:10 CET 2026
/out/sourcedata/freesurfer/sub-v1s11x0050143_ses-1/mri

 talairach_afd -T 0.005 -xfm transforms/talairach.xfm 

talairach_afd: Talairach Transform: transforms/talairach.xfm OK (p=0.5730, pval=0.2115 >= threshold=0.0050)

 awk -f /opt/freesurfer/bin/extract_talairach_avi_QA.awk /out/sourcedata/freesurfer/sub-v1s11x0050143_ses-1/mri/transforms/talairach_avi.log 


 tal_QC_AZS /out/sourcedata/freesurfer/sub-v1s11x0050143_ses-1/mri/transforms/talairach_avi.log 

TalAviQA: 0.97621
z-score: 0
#--------------------------------------------
#@# Nu Intensity Correction Thu Mar 12 10:00:10 CET 2026

 mri_nu_correct.mni --i orig.mgz --o nu.mgz --uchar transforms/talairach.xfm --n 2 --ants-n4 

/usr/bin/bc
/out/sourcedata/freesurfer/sub-v1s11x0050143_ses-1/mri
/opt/freesurfer/bin/mri_nu_correct.mni
--i orig.mgz --o nu.mgz --uchar transforms/talairach.xfm --n 2 --ants-n4
nIters 2
mri_nu_correct.mni 7.3.2
Linux dna059 5.14.0-427.37.1.el9_4.x86_64 #1 SMP PREEMPT_DYNAMIC Fri Sep 13 12:41:50 EDT 2024 x86_64 x86_64 x86_64 GNU/Linux
Thu Mar 12 10:00:10 CET 2026
tmpdir is ./tmp.mri_nu_correct.mni.673565
cd /out/sourcedata/freesurfer/sub-v1s11x0050143_ses-1/mri
AntsN4BiasFieldCorrectionFs -i orig.mgz -o ./tmp.mri_nu_correct.mni.673565/nu0.mgz --dtype uchar
AntsN4BiasFieldCorrectionFs done
mri_binarize --i ./tmp.mri_nu_correct.mni.673565/nu0.mgz --min -1 --o ./tmp.mri_nu_correct.mni.673565/ones.mgz

7.3.2
cwd /out/sourcedata/freesurfer/sub-v1s11x0050143_ses-1/mri
cmdline mri_binarize --i ./tmp.mri_nu_correct.mni.673565/nu0.mgz --min -1 --o ./tmp.mri_nu_correct.mni.673565/ones.mgz 
sysname  Linux
hostname dna059
machine  x86_64
user     oesteban

input      ./tmp.mri_nu_correct.mni.673565/nu0.mgz
frame      0
nErode3d   0
nErode2d   0
output     ./tmp.mri_nu_correct.mni.673565/ones.mgz
Binarizing based on threshold
min        -1
max        +infinity
binval        1
binvalnot     0
fstart = 0, fend = 0, nframes = 1
Starting parallel 1
Found 16777216 values in range
Counting number of voxels in first frame
Found 16777215 voxels in final mask
Writing output to ./tmp.mri_nu_correct.mni.673565/ones.mgz
Count: 16777215 16777215.000000 16777216 99.999994
mri_binarize done
mri_segstats --id 1 --seg ./tmp.mri_nu_correct.mni.673565/ones.mgz --i orig.mgz --sum ./tmp.mri_nu_correct.mni.673565/sum.junk --avgwf ./tmp.mri_nu_correct.mni.673565/input.mean.dat

7.3.2
cwd 
cmdline mri_segstats --id 1 --seg ./tmp.mri_nu_correct.mni.673565/ones.mgz --i orig.mgz --sum ./tmp.mri_nu_correct.mni.673565/sum.junk --avgwf ./tmp.mri_nu_correct.mni.673565/input.mean.dat 
sysname  Linux
hostname dna059
machine  x86_64
user     oesteban
whitesurfname  white
UseRobust  0
Loading ./tmp.mri_nu_correct.mni.673565/ones.mgz
Loading orig.mgz
Voxel Volume is 1 mm^3
Generating list of segmentation ids
Found   1 segmentations
Computing statistics for each segmentation

Reporting on   1 segmentations
Using PrintSegStat
Computing spatial average of each frame

Writing to ./tmp.mri_nu_correct.mni.673565/input.mean.dat
mri_segstats done
mri_segstats --id 1 --seg ./tmp.mri_nu_correct.mni.673565/ones.mgz --i ./tmp.mri_nu_correct.mni.673565/nu0.mgz --sum ./tmp.mri_nu_correct.mni.673565/sum.junk --avgwf ./tmp.mri_nu_correct.mni.673565/output.mean.dat

7.3.2
cwd 
cmdline mri_segstats --id 1 --seg ./tmp.mri_nu_correct.mni.673565/ones.mgz --i ./tmp.mri_nu_correct.mni.673565/nu0.mgz --sum ./tmp.mri_nu_correct.mni.673565/sum.junk --avgwf ./tmp.mri_nu_correct.mni.673565/output.mean.dat 
sysname  Linux
hostname dna059
machine  x86_64
user     oesteban
whitesurfname  white
UseRobust  0
Loading ./tmp.mri_nu_correct.mni.673565/ones.mgz
Loading ./tmp.mri_nu_correct.mni.673565/nu0.mgz
Voxel Volume is 1 mm^3
Generating list of segmentation ids
Found   1 segmentations
Computing statistics for each segmentation

Reporting on   1 segmentations
Using PrintSegStat
Computing spatial average of each frame

Writing to ./tmp.mri_nu_correct.mni.673565/output.mean.dat
mri_segstats done
mris_calc -o ./tmp.mri_nu_correct.mni.673565/nu0.mgz ./tmp.mri_nu_correct.mni.673565/nu0.mgz mul 1.21369286795695404885
Saving result to './tmp.mri_nu_correct.mni.673565/nu0.mgz' (type = MGH )                       [ ok ]
mri_convert ./tmp.mri_nu_correct.mni.673565/nu0.mgz nu.mgz --like orig.mgz
mri_convert ./tmp.mri_nu_correct.mni.673565/nu0.mgz nu.mgz --like orig.mgz 
reading from ./tmp.mri_nu_correct.mni.673565/nu0.mgz...
TR=0.00, TE=0.00, TI=0.00, flip angle=0.00
i_ras = (-1, 0, -7.45058e-09)
j_ras = (0, 0, -1)
k_ras = (0, 1, 0)
INFO: transform src into the like-volume: orig.mgz
writing to nu.mgz...
mri_make_uchar nu.mgz transforms/talairach.xfm nu.mgz
type change took 0 minutes and 6 seconds.
FIRST_PERCENTILE 0.010000
WM_PERCENTILE    0.900000
MAX_R 50.000000
i1 = 8, i2 = 77
#mri_make_uchar# mapping 21 198 to  3 110  :  b -9.90797 m 0.604578 : thresh 16.3882 maxsat 438.17 : nzero 13814068 nsat 0
 
 
Thu Mar 12 10:03:26 CET 2026
mri_nu_correct.mni done

 mri_add_xform_to_header -c /out/sourcedata/freesurfer/sub-v1s11x0050143_ses-1/mri/transforms/talairach.xfm nu.mgz nu.mgz 

INFO: extension is mgz
#--------------------------------------------
#@# Intensity Normalization Thu Mar 12 10:03:26 CET 2026
/out/sourcedata/freesurfer/sub-v1s11x0050143_ses-1/mri

 mri_normalize -g 1 -seed 1234 -mprage nu.mgz T1.mgz 

using max gradient = 1.000
setting seed for random number genererator to 1234
assuming input volume is MGH (Van der Kouwe) MP-RAGE
reading mri_src from nu.mgz...
normalizing image...
NOT doing gentle normalization with control points/label
talairach transform
 1.02019  -0.02033  -0.12760   3.02720;
-0.00980   1.01938  -0.03256  -25.18882;
 0.10984   0.03640   1.05745  -19.98447;
 0.00000   0.00000   0.00000   1.00000;
processing without aseg, no1d=0
MRInormInit(): 
INFO: Modifying talairach volume c_(r,a,s) based on average_305
MRInormalize(): 
MRIsplineNormalize(): npeaks = 20
Starting OpenSpline(): npoints = 20
building Voronoi diagram...
performing soap bubble smoothing, sigma = 8...

Iterating 2 times
---------------------------------
3d normalization pass 1 of 2
white matter peak found at 110
white matter peak found at 110
gm peak at 72 (72), valley at 33 (33)
csf peak at 36, setting threshold to 60
building Voronoi diagram...
performing soap bubble smoothing, sigma = 8...
---------------------------------
3d normalization pass 2 of 2
white matter peak found at 110
white matter peak found at 110
gm peak at 73 (73), valley at 34 (34)
csf peak at 37, setting threshold to 61
building Voronoi diagram...
performing soap bubble smoothing, sigma = 8...
Done iterating ---------------------------------
writing output to T1.mgz
3D bias adjustment took 1 minutes and 29 seconds.

Started at Thu Mar 12 09:55:30 CET 2026 
Ended   at Thu Mar 12 10:04:56 CET 2026
#@#%# recon-all-run-time-hours 0.157
recon-all -s sub-v1s11x0050143_ses-1 finished without error at Thu Mar 12 10:04:56 CET 2026



#New# invocation of recon-all 




Thu Mar 12 10:11:46 CET 2026
cd /out/sourcedata/freesurfer/sub-v1s11x0050143_ses-1
setenv SUBJECTS_DIR /out/sourcedata/freesurfer
/opt/freesurfer/bin/recon-all -openmp 16 -subjid sub-v1s11x0050143_ses-1 -sd /out/sourcedata/freesurfer -gcareg

subjid sub-v1s11x0050143_ses-1
setenv SUBJECTS_DIR /out/sourcedata/freesurfer
FREESURFER_HOME /opt/freesurfer
Actual FREESURFER_HOME /opt/freesurfer
build-stamp.txt: freesurfer-linux-ubuntu22_x86_64-7.3.2-20220804-6354275
Linux dna059 5.14.0-427.37.1.el9_4.x86_64 #1 SMP PREEMPT_DYNAMIC Fri Sep 13 12:41:50 EDT 2024 x86_64 x86_64 x86_64 GNU/Linux
cputime      unlimited
filesize     unlimited
datasize     unlimited
stacksize    8192 kbytes
coredumpsize 0 kbytes
memoryuse    67108864 kbytes
vmemoryuse   unlimited
descriptors  1024 
memorylocked unlimited
maxproc      2061970 
maxlocks     unlimited
maxsignal    2061970 
maxmessage   819200 
maxnice      0 
maxrtprio    0 
maxrttime    unlimited

               total        used        free      shared  buff/cache   available
Mem:           503Gi        51Gi       402Gi        12Gi        49Gi       436Gi
Swap:             0B          0B          0B

########################################
program versions used
7.3.2 (freesurfer-linux-ubuntu22_x86_64-7.3.2-20220804-6354275)
7.3.2

ProgramName: lta_convert  ProgramArguments: lta_convert -all-info  ProgramVersion: 7.3.2  TimeStamp: 2026/03/12-09:11:46-GMT  BuildTime: Aug  4 2022 06:17:15  BuildStamp: freesurfer-linux-ubuntu22_x86_64-7.3.2-20220804-6354275  User: oesteban  Machine: dna059  Platform: Linux  PlatformVersion: 5.14.0-427.37.1.el9_4.x86_64  CompilerName: GCC  CompilerVersion: 8.4.0
ProgramName: mri_and  ProgramArguments: mri_and -all-info  ProgramVersion: 7.3.2  TimeStamp: 2026/03/12-09:11:46-GMT  BuildTime: Aug  4 2022 06:17:15  BuildStamp: freesurfer-linux-ubuntu22_x86_64-7.3.2-20220804-6354275  User: oesteban  Machine: dna059  Platform: Linux  PlatformVersion: 5.14.0-427.37.1.el9_4.x86_64  CompilerName: GCC  CompilerVersion: 8.4.0
ProgramName: mri_annotation2label  ProgramArguments: mri_annotation2label -all-info  ProgramVersion: 7.3.2  TimeStamp: 2026/03/12-09:11:46-GMT  BuildTime: Aug  4 2022 06:17:15  BuildStamp: freesurfer-linux-ubuntu22_x86_64-7.3.2-20220804-6354275  User: oesteban  Machine: dna059  Platform: Linux  PlatformVersion: 5.14.0-427.37.1.el9_4.x86_64  CompilerName: GCC  CompilerVersion: 8.4.0
ProgramName: mri_aparc2aseg  ProgramArguments: mri_aparc2aseg -all-info  ProgramVersion: 7.3.2  TimeStamp: 2026/03/12-09:11:46-GMT  BuildTime: Aug  4 2022 06:17:15  BuildStamp: freesurfer-linux-ubuntu22_x86_64-7.3.2-20220804-6354275  User: oesteban  Machine: dna059  Platform: Linux  PlatformVersion: 5.14.0-427.37.1.el9_4.x86_64  CompilerName: GCC  CompilerVersion: 8.4.0
ProgramName: mri_surf2volseg  ProgramArguments: mri_surf2volseg -all-info  ProgramVersion: 7.3.2  TimeStamp: 2026/03/12-09:11:46-GMT  BuildTime: Aug  4 2022 06:17:15  BuildStamp: freesurfer-linux-ubuntu22_x86_64-7.3.2-20220804-6354275  User: oesteban  Machine: dna059  Platform: Linux  PlatformVersion: 5.14.0-427.37.1.el9_4.x86_64  CompilerName: GCC  CompilerVersion: 8.4.0
ProgramName: mri_binarize  ProgramArguments: mri_binarize -all-info  ProgramVersion: 7.3.2  TimeStamp: 2026/03/12-09:11:46-GMT  BuildTime: Aug  4 2022 06:17:15  BuildStamp: freesurfer-linux-ubuntu22_x86_64-7.3.2-20220804-6354275  User: oesteban  Machine: dna059  Platform: Linux  PlatformVersion: 5.14.0-427.37.1.el9_4.x86_64  CompilerName: GCC  CompilerVersion: 8.4.0
ProgramName: mri_ca_label  ProgramArguments: mri_ca_label -all-info  ProgramVersion: 7.3.2  TimeStamp: 2026/03/12-09:11:46-GMT  BuildTime: Aug  4 2022 06:17:15  BuildStamp: freesurfer-linux-ubuntu22_x86_64-7.3.2-20220804-6354275  User: oesteban  Machine: dna059  Platform: Linux  PlatformVersion: 5.14.0-427.37.1.el9_4.x86_64  CompilerName: GCC  CompilerVersion: 8.4.0
ProgramName: mri_ca_normalize  ProgramArguments: mri_ca_normalize -all-info  ProgramVersion: 7.3.2  TimeStamp: 2026/03/12-09:11:46-GMT  BuildTime: Aug  4 2022 06:17:15  BuildStamp: freesurfer-linux-ubuntu22_x86_64-7.3.2-20220804-6354275  User: oesteban  Machine: dna059  Platform: Linux  PlatformVersion: 5.14.0-427.37.1.el9_4.x86_64  CompilerName: GCC  CompilerVersion: 8.4.0
ProgramName: mri_ca_register  ProgramArguments: mri_ca_register -all-info  ProgramVersion: 7.3.2  TimeStamp: 2026/03/12-09:11:46-GMT  BuildTime: Aug  4 2022 06:17:15  BuildStamp: freesurfer-linux-ubuntu22_x86_64-7.3.2-20220804-6354275  User: oesteban  Machine: dna059  Platform: Linux  PlatformVersion: 5.14.0-427.37.1.el9_4.x86_64  CompilerName: GCC  CompilerVersion: 8.4.0
ProgramName: mri_cc  ProgramArguments: mri_cc -all-info  ProgramVersion: 7.3.2  TimeStamp: 2026/03/12-09:11:46-GMT  BuildTime: Aug  4 2022 06:17:15  BuildStamp: freesurfer-linux-ubuntu22_x86_64-7.3.2-20220804-6354275  User: oesteban  Machine: dna059  Platform: Linux  PlatformVersion: 5.14.0-427.37.1.el9_4.x86_64  CompilerName: GCC  CompilerVersion: 8.4.0
ProgramName: mri_compute_overlap  ProgramArguments: mri_compute_overlap -all-info  ProgramVersion: 7.3.2  TimeStamp: 2026/03/12-09:11:46-GMT  BuildTime: Aug  4 2022 06:17:15  BuildStamp: freesurfer-linux-ubuntu22_x86_64-7.3.2-20220804-6354275  User: oesteban  Machine: dna059  Platform: Linux  PlatformVersion: 5.14.0-427.37.1.el9_4.x86_64  CompilerName: GCC  CompilerVersion: 8.4.0
ProgramName: mri_compute_seg_overlap  ProgramArguments: mri_compute_seg_overlap -all-info  ProgramVersion: 7.3.2  TimeStamp: 2026/03/12-09:11:46-GMT  BuildTime: Aug  4 2022 06:17:15  BuildStamp: freesurfer-linux-ubuntu22_x86_64-7.3.2-20220804-6354275  User: oesteban  Machine: dna059  Platform: Linux  PlatformVersion: 5.14.0-427.37.1.el9_4.x86_64  CompilerName: GCC  CompilerVersion: 8.4.0
ProgramName: mri_concat  ProgramArguments: mri_concat -all-info  ProgramVersion: 7.3.2  TimeStamp: 2026/03/12-09:11:46-GMT  BuildTime: Aug  4 2022 06:17:15  BuildStamp: freesurfer-linux-ubuntu22_x86_64-7.3.2-20220804-6354275  User: oesteban  Machine: dna059  Platform: Linux  PlatformVersion: 5.14.0-427.37.1.el9_4.x86_64  CompilerName: GCC  CompilerVersion: 8.4.0
ProgramName: mri_concatenate_lta  ProgramArguments: mri_concatenate_lta -all-info  ProgramVersion: 7.3.2  TimeStamp: 2026/03/12-09:11:46-GMT  BuildTime: Aug  4 2022 06:17:15  BuildStamp: freesurfer-linux-ubuntu22_x86_64-7.3.2-20220804-6354275  User: oesteban  Machine: dna059  Platform: Linux  PlatformVersion: 5.14.0-427.37.1.el9_4.x86_64  CompilerName: GCC  CompilerVersion: 8.4.0
mri_convert -all-info 
ProgramName: mri_convert  ProgramArguments: mri_convert -all-info  ProgramVersion: 7.3.2  TimeStamp: 2026/03/12-09:11:46-GMT  BuildTime: Aug  4 2022 06:17:15  BuildStamp: freesurfer-linux-ubuntu22_x86_64-7.3.2-20220804-6354275  User: oesteban  Machine: dna059  Platform: Linux  PlatformVersion: 5.14.0-427.37.1.el9_4.x86_64  CompilerName: GCC  CompilerVersion: 8.4.0
ProgramName: mri_diff  ProgramArguments: mri_diff -all-info  ProgramVersion: 7.3.2  TimeStamp: 2026/03/12-09:11:46-GMT  BuildTime: Aug  4 2022 06:17:15  BuildStamp: freesurfer-linux-ubuntu22_x86_64-7.3.2-20220804-6354275  User: oesteban  Machine: dna059  Platform: Linux  PlatformVersion: 5.14.0-427.37.1.el9_4.x86_64  CompilerName: GCC  CompilerVersion: 8.4.0
ProgramName: mri_edit_wm_with_aseg  ProgramArguments: mri_edit_wm_with_aseg -all-info  ProgramVersion: 7.3.2  TimeStamp: 2026/03/12-09:11:46-GMT  BuildTime: Aug  4 2022 06:17:15  BuildStamp: freesurfer-linux-ubuntu22_x86_64-7.3.2-20220804-6354275  User: oesteban  Machine: dna059  Platform: Linux  PlatformVersion: 5.14.0-427.37.1.el9_4.x86_64  CompilerName: GCC  CompilerVersion: 8.4.0
ProgramName: mri_em_register  ProgramArguments: mri_em_register -all-info  ProgramVersion: 7.3.2  TimeStamp: 2026/03/12-09:11:46-GMT  BuildTime: Aug  4 2022 06:17:15  BuildStamp: freesurfer-linux-ubuntu22_x86_64-7.3.2-20220804-6354275  User: oesteban  Machine: dna059  Platform: Linux  PlatformVersion: 5.14.0-427.37.1.el9_4.x86_64  CompilerName: GCC  CompilerVersion: 8.4.0
ProgramName: mri_fill  ProgramArguments: mri_fill -all-info  ProgramVersion: 7.3.2  TimeStamp: 2026/03/12-09:11:46-GMT  BuildTime: Aug  4 2022 06:17:15  BuildStamp: freesurfer-linux-ubuntu22_x86_64-7.3.2-20220804-6354275  User: oesteban  Machine: dna059  Platform: Linux  PlatformVersion: 5.14.0-427.37.1.el9_4.x86_64  CompilerName: GCC  CompilerVersion: 8.4.0
ProgramName: mri_fuse_segmentations  ProgramArguments: mri_fuse_segmentations -all-info  ProgramVersion: 7.3.2  TimeStamp: 2026/03/12-09:11:46-GMT  BuildTime: Aug  4 2022 06:17:15  BuildStamp: freesurfer-linux-ubuntu22_x86_64-7.3.2-20220804-6354275  User: oesteban  Machine: dna059  Platform: Linux  PlatformVersion: 5.14.0-427.37.1.el9_4.x86_64  CompilerName: GCC  CompilerVersion: 8.4.0
ProgramName: mri_fwhm  ProgramArguments: mri_fwhm -all-info  ProgramVersion: 7.3.2  TimeStamp: 2026/03/12-09:11:46-GMT  BuildTime: Aug  4 2022 06:17:15  BuildStamp: freesurfer-linux-ubuntu22_x86_64-7.3.2-20220804-6354275  User: oesteban  Machine: dna059  Platform: Linux  PlatformVersion: 5.14.0-427.37.1.el9_4.x86_64  CompilerName: GCC  CompilerVersion: 8.4.0
ProgramName: mri_gcut  ProgramArguments: mri_gcut -all-info  ProgramVersion: 7.3.2  TimeStamp: 2026/03/12-09:11:46-GMT  BuildTime: Aug  4 2022 06:17:15  BuildStamp: freesurfer-linux-ubuntu22_x86_64-7.3.2-20220804-6354275  User: oesteban  Machine: dna059  Platform: Linux  PlatformVersion: 5.14.0-427.37.1.el9_4.x86_64  CompilerName: GCC  CompilerVersion: 8.4.0
ProgramName: mri_info  ProgramArguments: mri_info -all-info  ProgramVersion: 7.3.2  TimeStamp: 2026/03/12-09:11:46-GMT  BuildTime: Aug  4 2022 06:17:15  BuildStamp: freesurfer-linux-ubuntu22_x86_64-7.3.2-20220804-6354275  User: oesteban  Machine: dna059  Platform: Linux  PlatformVersion: 5.14.0-427.37.1.el9_4.x86_64  CompilerName: GCC  CompilerVersion: 8.4.0
ProgramName: mri_label2label  ProgramArguments: mri_label2label -all-info  ProgramVersion: 7.3.2  TimeStamp: 2026/03/12-09:11:46-GMT  BuildTime: Aug  4 2022 06:17:15  BuildStamp: freesurfer-linux-ubuntu22_x86_64-7.3.2-20220804-6354275  User: oesteban  Machine: dna059  Platform: Linux  PlatformVersion: 5.14.0-427.37.1.el9_4.x86_64  CompilerName: GCC  CompilerVersion: 8.4.0
ProgramName: mri_label2vol  ProgramArguments: mri_label2vol -all-info  ProgramVersion: 7.3.2  TimeStamp: 2026/03/12-09:11:46-GMT  BuildTime: Aug  4 2022 06:17:15  BuildStamp: freesurfer-linux-ubuntu22_x86_64-7.3.2-20220804-6354275  User: oesteban  Machine: dna059  Platform: Linux  PlatformVersion: 5.14.0-427.37.1.el9_4.x86_64  CompilerName: GCC  CompilerVersion: 8.4.0
ProgramName: mri_log_likelihood  ProgramArguments: mri_log_likelihood -all-info  ProgramVersion: 7.3.2  TimeStamp: 2026/03/12-09:11:46-GMT  BuildTime: Aug  4 2022 06:17:15  BuildStamp: freesurfer-linux-ubuntu22_x86_64-7.3.2-20220804-6354275  User: oesteban  Machine: dna059  Platform: Linux  PlatformVersion: 5.14.0-427.37.1.el9_4.x86_64  CompilerName: GCC  CompilerVersion: 8.4.0
ProgramName: mri_mask  ProgramArguments: mri_mask -all-info  ProgramVersion: 7.3.2  TimeStamp: 2026/03/12-09:11:46-GMT  BuildTime: Aug  4 2022 06:17:15  BuildStamp: freesurfer-linux-ubuntu22_x86_64-7.3.2-20220804-6354275  User: oesteban  Machine: dna059  Platform: Linux  PlatformVersion: 5.14.0-427.37.1.el9_4.x86_64  CompilerName: GCC  CompilerVersion: 8.4.0
ProgramName: mri_matrix_multiply  ProgramArguments: mri_matrix_multiply -all-info  ProgramVersion: 7.3.2  TimeStamp: 2026/03/12-09:11:46-GMT  BuildTime: Aug  4 2022 06:17:15  BuildStamp: freesurfer-linux-ubuntu22_x86_64-7.3.2-20220804-6354275  User: oesteban  Machine: dna059  Platform: Linux  PlatformVersion: 5.14.0-427.37.1.el9_4.x86_64  CompilerName: GCC  CompilerVersion: 8.4.0
ProgramName: mri_normalize  ProgramArguments: mri_normalize -all-info  ProgramVersion: 7.3.2  TimeStamp: 2026/03/12-09:11:46-GMT  BuildTime: Aug  4 2022 06:17:15  BuildStamp: freesurfer-linux-ubuntu22_x86_64-7.3.2-20220804-6354275  User: oesteban  Machine: dna059  Platform: Linux  PlatformVersion: 5.14.0-427.37.1.el9_4.x86_64  CompilerName: GCC  CompilerVersion: 8.4.0
ProgramName: mri_normalize_tp2  ProgramArguments: mri_normalize_tp2 -all-info  ProgramVersion: 7.3.2  TimeStamp: 2026/03/12-09:11:46-GMT  BuildTime: Aug  4 2022 06:17:15  BuildStamp: freesurfer-linux-ubuntu22_x86_64-7.3.2-20220804-6354275  User: oesteban  Machine: dna059  Platform: Linux  PlatformVersion: 5.14.0-427.37.1.el9_4.x86_64  CompilerName: GCC  CompilerVersion: 8.4.0
ProgramName: mri_or  ProgramArguments: mri_or -all-info  ProgramVersion: 7.3.2  TimeStamp: 2026/03/12-09:11:46-GMT  BuildTime: Aug  4 2022 06:17:15  BuildStamp: freesurfer-linux-ubuntu22_x86_64-7.3.2-20220804-6354275  User: oesteban  Machine: dna059  Platform: Linux  PlatformVersion: 5.14.0-427.37.1.el9_4.x86_64  CompilerName: GCC  CompilerVersion: 8.4.0
ProgramName: mri_relabel_hypointensities  ProgramArguments: mri_relabel_hypointensities -all-info  ProgramVersion: 7.3.2  TimeStamp: 2026/03/12-09:11:46-GMT  BuildTime: Aug  4 2022 06:17:15  BuildStamp: freesurfer-linux-ubuntu22_x86_64-7.3.2-20220804-6354275  User: oesteban  Machine: dna059  Platform: Linux  PlatformVersion: 5.14.0-427.37.1.el9_4.x86_64  CompilerName: GCC  CompilerVersion: 8.4.0
ProgramName: mri_relabel_nonwm_hypos  ProgramArguments: mri_relabel_nonwm_hypos -all-info  ProgramVersion: 7.3.2  TimeStamp: 2026/03/12-09:11:46-GMT  BuildTime: Aug  4 2022 06:17:15  BuildStamp: freesurfer-linux-ubuntu22_x86_64-7.3.2-20220804-6354275  User: oesteban  Machine: dna059  Platform: Linux  PlatformVersion: 5.14.0-427.37.1.el9_4.x86_64  CompilerName: GCC  CompilerVersion: 8.4.0
ProgramName: mri_remove_neck  ProgramArguments: mri_remove_neck -all-info  ProgramVersion: 7.3.2  TimeStamp: 2026/03/12-09:11:46-GMT  BuildTime: Aug  4 2022 06:17:15  BuildStamp: freesurfer-linux-ubuntu22_x86_64-7.3.2-20220804-6354275  User: oesteban  Machine: dna059  Platform: Linux  PlatformVersion: 5.14.0-427.37.1.el9_4.x86_64  CompilerName: GCC  CompilerVersion: 8.4.0
7.3.2

ProgramName: mri_robust_register  ProgramArguments: mri_robust_register -all-info  ProgramVersion: 7.3.2  TimeStamp: 2026/03/12-09:11:46-GMT  BuildTime: Aug  4 2022 06:17:15  BuildStamp: freesurfer-linux-ubuntu22_x86_64-7.3.2-20220804-6354275  User: oesteban  Machine: dna059  Platform: Linux  PlatformVersion: 5.14.0-427.37.1.el9_4.x86_64  CompilerName: GCC  CompilerVersion: 8.4.0
7.3.2

ProgramName: mri_robust_template  ProgramArguments: mri_robust_template -all-info  ProgramVersion: 7.3.2  TimeStamp: 2026/03/12-09:11:46-GMT  BuildTime: Aug  4 2022 06:17:15  BuildStamp: freesurfer-linux-ubuntu22_x86_64-7.3.2-20220804-6354275  User: oesteban  Machine: dna059  Platform: Linux  PlatformVersion: 5.14.0-427.37.1.el9_4.x86_64  CompilerName: GCC  CompilerVersion: 8.4.0
ProgramName: mris_anatomical_stats  ProgramArguments: mris_anatomical_stats -all-info  ProgramVersion: 7.3.2  TimeStamp: 2026/03/12-09:11:46-GMT  BuildTime: Aug  4 2022 06:17:15  BuildStamp: freesurfer-linux-ubuntu22_x86_64-7.3.2-20220804-6354275  User: oesteban  Machine: dna059  Platform: Linux  PlatformVersion: 5.14.0-427.37.1.el9_4.x86_64  CompilerName: GCC  CompilerVersion: 8.4.0
ProgramName: mris_ca_label  ProgramArguments: mris_ca_label -all-info  ProgramVersion: 7.3.2  TimeStamp: 2026/03/12-09:11:46-GMT  BuildTime: Aug  4 2022 06:17:15  BuildStamp: freesurfer-linux-ubuntu22_x86_64-7.3.2-20220804-6354275  User: oesteban  Machine: dna059  Platform: Linux  PlatformVersion: 5.14.0-427.37.1.el9_4.x86_64  CompilerName: GCC  CompilerVersion: 8.4.0
ProgramName: mris_calc  ProgramArguments: mris_calc -all-info  ProgramVersion: 7.3.2  TimeStamp: 2026/03/12-09:11:46-GMT  BuildTime: Aug  4 2022 06:17:15  BuildStamp: freesurfer-linux-ubuntu22_x86_64-7.3.2-20220804-6354275  User: oesteban  Machine: dna059  Platform: Linux  PlatformVersion: 5.14.0-427.37.1.el9_4.x86_64  CompilerName: GCC  CompilerVersion: 8.4.0
ProgramName: mris_convert  ProgramArguments: mris_convert -all-info  ProgramVersion: 7.3.2  TimeStamp: 2026/03/12-09:11:46-GMT  BuildTime: Aug  4 2022 06:17:15  BuildStamp: freesurfer-linux-ubuntu22_x86_64-7.3.2-20220804-6354275  User: oesteban  Machine: dna059  Platform: Linux  PlatformVersion: 5.14.0-427.37.1.el9_4.x86_64  CompilerName: GCC  CompilerVersion: 8.4.0
ProgramName: mris_curvature  ProgramArguments: mris_curvature -all-info  ProgramVersion: 7.3.2  TimeStamp: 2026/03/12-09:11:46-GMT  BuildTime: Aug  4 2022 06:17:15  BuildStamp: freesurfer-linux-ubuntu22_x86_64-7.3.2-20220804-6354275  User: oesteban  Machine: dna059  Platform: Linux  PlatformVersion: 5.14.0-427.37.1.el9_4.x86_64  CompilerName: GCC  CompilerVersion: 8.4.0
ProgramName: mris_curvature_stats  ProgramArguments: mris_curvature_stats -all-info  ProgramVersion: 7.3.2  TimeStamp: 2026/03/12-09:11:46-GMT  BuildTime: Aug  4 2022 06:17:15  BuildStamp: freesurfer-linux-ubuntu22_x86_64-7.3.2-20220804-6354275  User: oesteban  Machine: dna059  Platform: Linux  PlatformVersion: 5.14.0-427.37.1.el9_4.x86_64  CompilerName: GCC  CompilerVersion: 8.4.0
ProgramName: mris_diff  ProgramArguments: mris_diff -all-info  ProgramVersion: 7.3.2  TimeStamp: 2026/03/12-09:11:46-GMT  BuildTime: Aug  4 2022 06:17:15  BuildStamp: freesurfer-linux-ubuntu22_x86_64-7.3.2-20220804-6354275  User: oesteban  Machine: dna059  Platform: Linux  PlatformVersion: 5.14.0-427.37.1.el9_4.x86_64  CompilerName: GCC  CompilerVersion: 8.4.0
ProgramName: mris_divide_parcellation  ProgramArguments: mris_divide_parcellation -all-info  ProgramVersion: 7.3.2  TimeStamp: 2026/03/12-09:11:46-GMT  BuildTime: Aug  4 2022 06:17:15  BuildStamp: freesurfer-linux-ubuntu22_x86_64-7.3.2-20220804-6354275  User: oesteban  Machine: dna059  Platform: Linux  PlatformVersion: 5.14.0-427.37.1.el9_4.x86_64  CompilerName: GCC  CompilerVersion: 8.4.0
ProgramName: mri_segment  ProgramArguments: mri_segment -all-info  ProgramVersion: 7.3.2  TimeStamp: 2026/03/12-09:11:46-GMT  BuildTime: Aug  4 2022 06:17:15  BuildStamp: freesurfer-linux-ubuntu22_x86_64-7.3.2-20220804-6354275  User: oesteban  Machine: dna059  Platform: Linux  PlatformVersion: 5.14.0-427.37.1.el9_4.x86_64  CompilerName: GCC  CompilerVersion: 8.4.0
ProgramName: mri_segstats  ProgramArguments: mri_segstats -all-info  ProgramVersion: 7.3.2  TimeStamp: 2026/03/12-09:11:46-GMT  BuildTime: Aug  4 2022 06:17:15  BuildStamp: freesurfer-linux-ubuntu22_x86_64-7.3.2-20220804-6354275  User: oesteban  Machine: dna059  Platform: Linux  PlatformVersion: 5.14.0-427.37.1.el9_4.x86_64  CompilerName: GCC  CompilerVersion: 8.4.0
ProgramName: mris_euler_number  ProgramArguments: mris_euler_number -all-info  ProgramVersion: 7.3.2  TimeStamp: 2026/03/12-09:11:46-GMT  BuildTime: Aug  4 2022 06:17:15  BuildStamp: freesurfer-linux-ubuntu22_x86_64-7.3.2-20220804-6354275  User: oesteban  Machine: dna059  Platform: Linux  PlatformVersion: 5.14.0-427.37.1.el9_4.x86_64  CompilerName: GCC  CompilerVersion: 8.4.0
ProgramName: mris_fix_topology  ProgramArguments: mris_fix_topology -all-info  ProgramVersion: 7.3.2  TimeStamp: 2026/03/12-09:11:46-GMT  BuildTime: Aug  4 2022 06:17:15  BuildStamp: freesurfer-linux-ubuntu22_x86_64-7.3.2-20220804-6354275  User: oesteban  Machine: dna059  Platform: Linux  PlatformVersion: 5.14.0-427.37.1.el9_4.x86_64  CompilerName: GCC  CompilerVersion: 8.4.0
ProgramName: mris_topo_fixer  ProgramArguments: mris_topo_fixer -all-info  ProgramVersion: 7.3.2  TimeStamp: 2026/03/12-09:11:46-GMT  BuildTime: Aug  4 2022 06:17:15  BuildStamp: freesurfer-linux-ubuntu22_x86_64-7.3.2-20220804-6354275  User: oesteban  Machine: dna059  Platform: Linux  PlatformVersion: 5.14.0-427.37.1.el9_4.x86_64  CompilerName: GCC  CompilerVersion: 8.4.0
ProgramName: mris_jacobian  ProgramArguments: mris_jacobian -all-info  ProgramVersion: 7.3.2  TimeStamp: 2026/03/12-09:11:46-GMT  BuildTime: Aug  4 2022 06:17:15  BuildStamp: freesurfer-linux-ubuntu22_x86_64-7.3.2-20220804-6354275  User: oesteban  Machine: dna059  Platform: Linux  PlatformVersion: 5.14.0-427.37.1.el9_4.x86_64  CompilerName: GCC  CompilerVersion: 8.4.0
ProgramName: mris_label2annot  ProgramArguments: mris_label2annot -all-info  ProgramVersion: 7.3.2  TimeStamp: 2026/03/12-09:11:46-GMT  BuildTime: Aug  4 2022 06:17:15  BuildStamp: freesurfer-linux-ubuntu22_x86_64-7.3.2-20220804-6354275  User: oesteban  Machine: dna059  Platform: Linux  PlatformVersion: 5.14.0-427.37.1.el9_4.x86_64  CompilerName: GCC  CompilerVersion: 8.4.0
ProgramName: mris_left_right_register  ProgramArguments: mris_left_right_register -all-info  ProgramVersion: 7.3.2  TimeStamp: 2026/03/12-09:11:46-GMT  BuildTime: Aug  4 2022 06:17:15  BuildStamp: freesurfer-linux-ubuntu22_x86_64-7.3.2-20220804-6354275  User: oesteban  Machine: dna059  Platform: Linux  PlatformVersion: 5.14.0-427.37.1.el9_4.x86_64  CompilerName: GCC  CompilerVersion: 8.4.0
ProgramName: mris_place_surface  ProgramArguments: mris_place_surface -all-info  ProgramVersion: 7.3.2  TimeStamp: 2026/03/12-09:11:46-GMT  BuildTime: Aug  4 2022 06:17:15  BuildStamp: freesurfer-linux-ubuntu22_x86_64-7.3.2-20220804-6354275  User: oesteban  Machine: dna059  Platform: Linux  PlatformVersion: 5.14.0-427.37.1.el9_4.x86_64  CompilerName: GCC  CompilerVersion: 8.4.0
ProgramName: mrisp_paint  ProgramArguments: mrisp_paint -all-info  ProgramVersion: 7.3.2  TimeStamp: 2026/03/12-09:11:46-GMT  BuildTime: Aug  4 2022 06:17:15  BuildStamp: freesurfer-linux-ubuntu22_x86_64-7.3.2-20220804-6354275  User: oesteban  Machine: dna059  Platform: Linux  PlatformVersion: 5.14.0-427.37.1.el9_4.x86_64  CompilerName: GCC  CompilerVersion: 8.4.0
ProgramName: mris_register  ProgramArguments: mris_register -all-info  ProgramVersion: 7.3.2  TimeStamp: 2026/03/12-09:11:46-GMT  BuildTime: Aug  4 2022 06:17:15  BuildStamp: freesurfer-linux-ubuntu22_x86_64-7.3.2-20220804-6354275  User: oesteban  Machine: dna059  Platform: Linux  PlatformVersion: 5.14.0-427.37.1.el9_4.x86_64  CompilerName: GCC  CompilerVersion: 8.4.0
ProgramName: mris_smooth  ProgramArguments: mris_smooth -all-info  ProgramVersion: 7.3.2  TimeStamp: 2026/03/12-09:11:46-GMT  BuildTime: Aug  4 2022 06:17:15  BuildStamp: freesurfer-linux-ubuntu22_x86_64-7.3.2-20220804-6354275  User: oesteban  Machine: dna059  Platform: Linux  PlatformVersion: 5.14.0-427.37.1.el9_4.x86_64  CompilerName: GCC  CompilerVersion: 8.4.0
ProgramName: mris_sphere  ProgramArguments: mris_sphere -all-info  ProgramVersion: 7.3.2  TimeStamp: 2026/03/12-09:11:46-GMT  BuildTime: Aug  4 2022 06:17:15  BuildStamp: freesurfer-linux-ubuntu22_x86_64-7.3.2-20220804-6354275  User: oesteban  Machine: dna059  Platform: Linux  PlatformVersion: 5.14.0-427.37.1.el9_4.x86_64  CompilerName: GCC  CompilerVersion: 8.4.0
ProgramName: mris_surface_stats  ProgramArguments: mris_surface_stats -all-info  ProgramVersion: 7.3.2  TimeStamp: 2026/03/12-09:11:46-GMT  BuildTime: Aug  4 2022 06:17:15  BuildStamp: freesurfer-linux-ubuntu22_x86_64-7.3.2-20220804-6354275  User: oesteban  Machine: dna059  Platform: Linux  PlatformVersion: 5.14.0-427.37.1.el9_4.x86_64  CompilerName: GCC  CompilerVersion: 8.4.0
ProgramName: mri_stats2seg  ProgramArguments: mri_stats2seg -all-info  ProgramVersion: 7.3.2  TimeStamp: 2026/03/12-09:11:46-GMT  BuildTime: Aug  4 2022 06:17:15  BuildStamp: freesurfer-linux-ubuntu22_x86_64-7.3.2-20220804-6354275  User: oesteban  Machine: dna059  Platform: Linux  PlatformVersion: 5.14.0-427.37.1.el9_4.x86_64  CompilerName: GCC  CompilerVersion: 8.4.0
ProgramName: mris_thickness  ProgramArguments: mris_thickness -all-info  ProgramVersion: 7.3.2  TimeStamp: 2026/03/12-09:11:46-GMT  BuildTime: Aug  4 2022 06:17:15  BuildStamp: freesurfer-linux-ubuntu22_x86_64-7.3.2-20220804-6354275  User: oesteban  Machine: dna059  Platform: Linux  PlatformVersion: 5.14.0-427.37.1.el9_4.x86_64  CompilerName: GCC  CompilerVersion: 8.4.0
ProgramName: mris_thickness_diff  ProgramArguments: mris_thickness_diff -all-info  ProgramVersion: 7.3.2  TimeStamp: 2026/03/12-09:11:46-GMT  BuildTime: Aug  4 2022 06:17:15  BuildStamp: freesurfer-linux-ubuntu22_x86_64-7.3.2-20220804-6354275  User: oesteban  Machine: dna059  Platform: Linux  PlatformVersion: 5.14.0-427.37.1.el9_4.x86_64  CompilerName: GCC  CompilerVersion: 8.4.0
ProgramName: mris_topo_fixer  ProgramArguments: mris_topo_fixer -all-info  ProgramVersion: 7.3.2  TimeStamp: 2026/03/12-09:11:46-GMT  BuildTime: Aug  4 2022 06:17:15  BuildStamp: freesurfer-linux-ubuntu22_x86_64-7.3.2-20220804-6354275  User: oesteban  Machine: dna059  Platform: Linux  PlatformVersion: 5.14.0-427.37.1.el9_4.x86_64  CompilerName: GCC  CompilerVersion: 8.4.0
ProgramName: mri_surf2surf  ProgramArguments: mri_surf2surf -all-info  ProgramVersion: 7.3.2  TimeStamp: 2026/03/12-09:11:46-GMT  BuildTime: Aug  4 2022 06:17:15  BuildStamp: freesurfer-linux-ubuntu22_x86_64-7.3.2-20220804-6354275  User: oesteban  Machine: dna059  Platform: Linux  PlatformVersion: 5.14.0-427.37.1.el9_4.x86_64  CompilerName: GCC  CompilerVersion: 8.4.0
ProgramName: mri_surf2vol  ProgramArguments: mri_surf2vol -all-info  ProgramVersion: 7.3.2  TimeStamp: 2026/03/12-09:11:46-GMT  BuildTime: Aug  4 2022 06:17:15  BuildStamp: freesurfer-linux-ubuntu22_x86_64-7.3.2-20220804-6354275  User: oesteban  Machine: dna059  Platform: Linux  PlatformVersion: 5.14.0-427.37.1.el9_4.x86_64  CompilerName: GCC  CompilerVersion: 8.4.0
ProgramName: mri_surfcluster  ProgramArguments: mri_surfcluster -all-info  ProgramVersion: 7.3.2  TimeStamp: 2026/03/12-09:11:46-GMT  BuildTime: Aug  4 2022 06:17:15  BuildStamp: freesurfer-linux-ubuntu22_x86_64-7.3.2-20220804-6354275  User: oesteban  Machine: dna059  Platform: Linux  PlatformVersion: 5.14.0-427.37.1.el9_4.x86_64  CompilerName: GCC  CompilerVersion: 8.4.0
ProgramName: mris_volmask  ProgramArguments: mris_volmask -all-info  ProgramVersion: 7.3.2  TimeStamp: 2026/03/12-09:11:46-GMT  BuildTime: Aug  4 2022 06:17:15  BuildStamp: freesurfer-linux-ubuntu22_x86_64-7.3.2-20220804-6354275  User: oesteban  Machine: dna059  Platform: Linux  PlatformVersion: 5.14.0-427.37.1.el9_4.x86_64  CompilerName: GCC  CompilerVersion: 8.4.0
ProgramName: mri_tessellate  ProgramArguments: mri_tessellate -all-info  ProgramVersion: 7.3.2  TimeStamp: 2026/03/12-09:11:46-GMT  BuildTime: Aug  4 2022 06:17:15  BuildStamp: freesurfer-linux-ubuntu22_x86_64-7.3.2-20220804-6354275  User: oesteban  Machine: dna059  Platform: Linux  PlatformVersion: 5.14.0-427.37.1.el9_4.x86_64  CompilerName: GCC  CompilerVersion: 8.4.0
ProgramName: mri_vol2surf  ProgramArguments: mri_vol2surf -all-info  ProgramVersion: 7.3.2  TimeStamp: 2026/03/12-09:11:46-GMT  BuildTime: Aug  4 2022 06:17:15  BuildStamp: freesurfer-linux-ubuntu22_x86_64-7.3.2-20220804-6354275  User: oesteban  Machine: dna059  Platform: Linux  PlatformVersion: 5.14.0-427.37.1.el9_4.x86_64  CompilerName: GCC  CompilerVersion: 8.4.0
ProgramName: mri_vol2vol  ProgramArguments: mri_vol2vol -all-info  ProgramVersion: 7.3.2  TimeStamp: 2026/03/12-09:11:46-GMT  BuildTime: Aug  4 2022 06:17:15  BuildStamp: freesurfer-linux-ubuntu22_x86_64-7.3.2-20220804-6354275  User: oesteban  Machine: dna059  Platform: Linux  PlatformVersion: 5.14.0-427.37.1.el9_4.x86_64  CompilerName: GCC  CompilerVersion: 8.4.0
ProgramName: mri_voldiff  ProgramArguments: mri_voldiff -all-info  ProgramVersion: 7.3.2  TimeStamp: 2026/03/12-09:11:46-GMT  BuildTime: Aug  4 2022 06:17:15  BuildStamp: freesurfer-linux-ubuntu22_x86_64-7.3.2-20220804-6354275  User: oesteban  Machine: dna059  Platform: Linux  PlatformVersion: 5.14.0-427.37.1.el9_4.x86_64  CompilerName: GCC  CompilerVersion: 8.4.0
ProgramName: mri_watershed  ProgramArguments: mri_watershed -all-info  ProgramVersion: 7.3.2  TimeStamp: 2026/03/12-09:11:46-GMT  BuildTime: Aug  4 2022 06:17:15  BuildStamp: freesurfer-linux-ubuntu22_x86_64-7.3.2-20220804-6354275  User: oesteban  Machine: dna059  Platform: Linux  PlatformVersion: 5.14.0-427.37.1.el9_4.x86_64  CompilerName: GCC  CompilerVersion: 8.4.0
ProgramName: tkregister2  ProgramArguments: tkregister2_cmdl -all-info  ProgramVersion: 7.3.2  TimeStamp: 2026/03/12-09:11:46-GMT  BuildTime: Aug  4 2022 06:17:15  BuildStamp: freesurfer-linux-ubuntu22_x86_64-7.3.2-20220804-6354275  User: oesteban  Machine: dna059  Platform: Linux  PlatformVersion: 5.14.0-427.37.1.el9_4.x86_64  CompilerName: GCC  CompilerVersion: 8.4.0
mri_motion_correct.fsl 7.3.2
mri_convert -all-info 
ProgramName: mri_convert  ProgramArguments: mri_convert -all-info  ProgramVersion: 7.3.2  TimeStamp: 2026/03/12-09:11:46-GMT  BuildTime: Aug  4 2022 06:17:15  BuildStamp: freesurfer-linux-ubuntu22_x86_64-7.3.2-20220804-6354275  User: oesteban  Machine: dna059  Platform: Linux  PlatformVersion: 5.14.0-427.37.1.el9_4.x86_64  CompilerName: GCC  CompilerVersion: 8.4.0
Program nu_correct, built from:
Package MNI N3, version 1.12.0, compiled by nicks@terrier (x86_64-unknown-linux-gnu) on 2015-06-19 at 01:25:34
#######################################
GCADIR /opt/freesurfer/average
GCA RB_all_2020-01-02.gca
GCASkull RB_all_withskull_2020_01_02.gca
AvgCurvTif folding.atlas.acfb40.noaparc.i12.2016-08-02.tif
GCSDIR /opt/freesurfer/average
GCS DKaparc.atlas.acfb40.noaparc.i12.2016-08-02.gcs
#######################################
#-------------------------------------
#@# EM Registration Thu Mar 12 10:11:46 CET 2026
/out/sourcedata/freesurfer/sub-v1s11x0050143_ses-1/mri

 mri_em_register -uns 3 -mask brainmask.mgz nu.mgz /opt/freesurfer/average/RB_all_2020-01-02.gca transforms/talairach.lta 

setting unknown_nbr_spacing = 3
using MR volume brainmask.mgz to mask input volume...

== Number of threads available to mri_em_register for OpenMP = 16 == 
reading 1 input volumes...
logging results to talairach.log
reading '/opt/freesurfer/average/RB_all_2020-01-02.gca'...
GCAread took 0 minutes and 1 seconds.
average std = 7.2   using min determinant for regularization = 5.2
0 singular and 884 ill-conditioned covariance matrices regularized
reading 'nu.mgz'...
MRImask(): AllowDiffGeom = 1
MRImask(): AllowDiffGeom = 1
MRImask(): AllowDiffGeom = 1
MRImask(): AllowDiffGeom = 1
MRImask(): AllowDiffGeom = 1
freeing gibbs priors...done.
accounting for voxel sizes in initial transform
bounding unknown intensity as < 5.9 or > 519.0 
total sample mean = 79.1 (1017 zeros)
************************************************
spacing=8, using 2841 sample points, tol=1.00e-05...
************************************************
register_mri: find_optimal_transform
find_optimal_transform: nsamples 2841, passno 0, spacing 8
resetting wm mean[0]: 98 --> 107
resetting gm mean[0]: 61 --> 61
input volume #1 is the most T1-like
using real data threshold=30.2
skull bounding box = (59, 53, 30) --> (195, 167, 203)
finding center of left hemi white matter
using (104, 91, 117) as brain centroid of Right_Cerebral_White_Matter...
MRImask(): AllowDiffGeom = 1
mean wm in atlas = 107, using box (87,77,96) --> (120, 104,138) to find MRI wm
before smoothing, mri peak at 107
robust fit to distribution - 107 +- 3.7
after smoothing, mri peak at 107, scaling input intensities by 1.000
scaling channel 0 by 1
initial log_p = -3.796
************************************************
First Search limited to translation only.
************************************************
max log p =    -3.795665 @ (0.000, 0.000, 0.000)
max log p =    -3.753563 @ (-5.263, 5.263, -5.263)
max log p =    -3.626780 @ (2.632, -2.632, -2.632)
max log p =    -3.603530 @ (1.316, 1.316, 1.316)
max log p =    -3.578916 @ (0.658, -0.658, 0.658)
max log p =    -3.578916 @ (0.000, 0.000, 0.000)
max log p =    -3.578916 @ (0.000, 0.000, 0.000)
max log p =    -3.578916 @ (0.000, 0.000, 0.000)
Found translation: (-0.7, 3.3, -5.9): log p = -3.579
****************************************
Nine parameter search.  iteration 0 nscales = 0 ...
****************************************
Result so far: scale 1.000: max_log_p=-3.482, old_max_log_p =-3.579 (thresh=-3.6)
 0.99144  -0.15011   0.00000   17.84485;
 0.12074   1.05465   0.00000  -18.43902;
 0.00000   0.00000   1.00000  -5.92105;
 0.00000   0.00000   0.00000   1.00000;
iteration took 0 minutes and 11 seconds.
****************************************
Nine parameter search.  iteration 1 nscales = 0 ...
****************************************
Result so far: scale 1.000: max_log_p=-3.482, old_max_log_p =-3.482 (thresh=-3.5)
 0.99144  -0.15011   0.00000   17.84485;
 0.12074   1.05465   0.00000  -18.43902;
 0.00000   0.00000   1.00000  -5.92105;
 0.00000   0.00000   0.00000   1.00000;
reducing scale to 0.2500
iteration took 0 minutes and 12 seconds.
****************************************
Nine parameter search.  iteration 2 nscales = 1 ...
****************************************
Result so far: scale 0.250: max_log_p=-3.397, old_max_log_p =-3.482 (thresh=-3.5)
 1.03186  -0.11767   0.02919   5.68127;
 0.08957   1.07574  -0.06756  -9.39110;
-0.02606   0.07145   0.95992  -6.42584;
 0.00000   0.00000   0.00000   1.00000;
iteration took 0 minutes and 12 seconds.
****************************************
Nine parameter search.  iteration 3 nscales = 1 ...
****************************************
Result so far: scale 0.250: max_log_p=-3.397, old_max_log_p =-3.397 (thresh=-3.4)
 1.03186  -0.11767   0.02919   5.68127;
 0.08957   1.07574  -0.06756  -9.39110;
-0.02606   0.07145   0.95992  -6.42584;
 0.00000   0.00000   0.00000   1.00000;
reducing scale to 0.0625
iteration took 0 minutes and 11 seconds.
****************************************
Nine parameter search.  iteration 4 nscales = 2 ...
****************************************
Result so far: scale 0.062: max_log_p=-3.370, old_max_log_p =-3.397 (thresh=-3.4)
 1.02960  -0.11820   0.02132   7.38312;
 0.09012   1.07696  -0.08332  -8.31602;
-0.01614   0.08793   0.95891  -10.42636;
 0.00000   0.00000   0.00000   1.00000;
iteration took 0 minutes and 11 seconds.
****************************************
Nine parameter search.  iteration 5 nscales = 2 ...
****************************************
Result so far: scale 0.062: max_log_p=-3.368, old_max_log_p =-3.370 (thresh=-3.4)
 1.03151  -0.10953   0.02066   6.20476;
 0.08157   1.07663  -0.08340  -7.18410;
-0.01614   0.08793   0.95891  -10.42636;
 0.00000   0.00000   0.00000   1.00000;
min search scale 0.025000 reached
***********************************************
Computing MAP estimate using 2841 samples...
***********************************************
dt = 5.00e-06, momentum=0.80, tol=1.00e-05
l_intensity = 1.0000
Aligning input volume to GCA...
Transform matrix
 1.03151  -0.10953   0.02066   6.20476;
 0.08157   1.07663  -0.08340  -7.18410;
-0.01614   0.08793   0.95891  -10.42636;
 0.00000   0.00000   0.00000   1.00000;
nsamples 2841
Quasinewton: input matrix
 1.03151  -0.10953   0.02066   6.20476;
 0.08157   1.07663  -0.08340  -7.18410;
-0.01614   0.08793   0.95891  -10.42636;
 0.00000   0.00000   0.00000   1.00000;
 IFLAG= -1  LINE SEARCH FAILED. SEE DOCUMENTATION OF ROUTINE MCSRCH ERROR RETURN OF LINE SEARCH: INFO= 3 POSSIBLE CAUSES: FUNCTION OR GRADIENT ARE INCORRECT OR INCORRECT TOLERANCESoutof QuasiNewtonEMA: 008: -log(p) =   -0.0  tol 0.000010
Resulting transform:
 1.03151  -0.10953   0.02066   6.20476;
 0.08157   1.07663  -0.08340  -7.18410;
-0.01614   0.08793   0.95891  -10.42636;
 0.00000   0.00000   0.00000   1.00000;

pass 1, spacing 8: log(p) = -3.368 (old=-3.796)
transform before final EM align:
 1.03151  -0.10953   0.02066   6.20476;
 0.08157   1.07663  -0.08340  -7.18410;
-0.01614   0.08793   0.95891  -10.42636;
 0.00000   0.00000   0.00000   1.00000;

**************************************************
 EM alignment process ...
 Computing final MAP estimate using 315638 samples. 
**************************************************
dt = 5.00e-06, momentum=0.80, tol=1.00e-07
l_intensity = 1.0000
Aligning input volume to GCA...
Transform matrix
 1.03151  -0.10953   0.02066   6.20476;
 0.08157   1.07663  -0.08340  -7.18410;
-0.01614   0.08793   0.95891  -10.42636;
 0.00000   0.00000   0.00000   1.00000;
nsamples 315638
Quasinewton: input matrix
 1.03151  -0.10953   0.02066   6.20476;
 0.08157   1.07663  -0.08340  -7.18410;
-0.01614   0.08793   0.95891  -10.42636;
 0.00000   0.00000   0.00000   1.00000;
 IFLAG= -1  LINE SEARCH FAILED. SEE DOCUMENTATION OF ROUTINE MCSRCH ERROR RETURN OF LINE SEARCH: INFO= 6 POSSIBLE CAUSES: FUNCTION OR GRADIENT ARE INCORRECT OR INCORRECT TOLERANCESoutof QuasiNewtonEMA: 010: -log(p) =    3.9  tol 0.000000
final transform:
 1.03151  -0.10953   0.02066   6.20476;
 0.08157   1.07663  -0.08340  -7.18410;
-0.01614   0.08793   0.95891  -10.42636;
 0.00000   0.00000   0.00000   1.00000;

writing output transformation to transforms/talairach.lta...
#VMPC# mri_em_register VmPeak  891288
FSRUNTIME@ mri_em_register  0.0279 hours 16 threads
registration took 1 minutes and 41 seconds.

Started at Thu Mar 12 10:11:46 CET 2026 
Ended   at Thu Mar 12 10:13:27 CET 2026
#@#%# recon-all-run-time-hours 0.028
recon-all -s sub-v1s11x0050143_ses-1 finished without error at Thu Mar 12 10:13:27 CET 2026



#New# invocation of recon-all 




Thu Mar 12 10:13:29 CET 2026
cd /out/sourcedata/freesurfer/sub-v1s11x0050143_ses-1
setenv SUBJECTS_DIR /out/sourcedata/freesurfer
/opt/freesurfer/bin/recon-all -autorecon2-volonly -openmp 16 -subjid sub-v1s11x0050143_ses-1 -sd /out/sourcedata/freesurfer -nogcareg

subjid sub-v1s11x0050143_ses-1
setenv SUBJECTS_DIR /out/sourcedata/freesurfer
FREESURFER_HOME /opt/freesurfer
Actual FREESURFER_HOME /opt/freesurfer
build-stamp.txt: freesurfer-linux-ubuntu22_x86_64-7.3.2-20220804-6354275
Linux dna059 5.14.0-427.37.1.el9_4.x86_64 #1 SMP PREEMPT_DYNAMIC Fri Sep 13 12:41:50 EDT 2024 x86_64 x86_64 x86_64 GNU/Linux
cputime      unlimited
filesize     unlimited
datasize     unlimited
stacksize    8192 kbytes
coredumpsize 0 kbytes
memoryuse    67108864 kbytes
vmemoryuse   unlimited
descriptors  1024 
memorylocked unlimited
maxproc      2061970 
maxlocks     unlimited
maxsignal    2061970 
maxmessage   819200 
maxnice      0 
maxrtprio    0 
maxrttime    unlimited

               total        used        free      shared  buff/cache   available
Mem:           503Gi        51Gi       402Gi        12Gi        49Gi       435Gi
Swap:             0B          0B          0B

########################################
program versions used
7.3.2 (freesurfer-linux-ubuntu22_x86_64-7.3.2-20220804-6354275)
7.3.2

ProgramName: lta_convert  ProgramArguments: lta_convert -all-info  ProgramVersion: 7.3.2  TimeStamp: 2026/03/12-09:13:29-GMT  BuildTime: Aug  4 2022 06:17:15  BuildStamp: freesurfer-linux-ubuntu22_x86_64-7.3.2-20220804-6354275  User: oesteban  Machine: dna059  Platform: Linux  PlatformVersion: 5.14.0-427.37.1.el9_4.x86_64  CompilerName: GCC  CompilerVersion: 8.4.0
ProgramName: mri_and  ProgramArguments: mri_and -all-info  ProgramVersion: 7.3.2  TimeStamp: 2026/03/12-09:13:29-GMT  BuildTime: Aug  4 2022 06:17:15  BuildStamp: freesurfer-linux-ubuntu22_x86_64-7.3.2-20220804-6354275  User: oesteban  Machine: dna059  Platform: Linux  PlatformVersion: 5.14.0-427.37.1.el9_4.x86_64  CompilerName: GCC  CompilerVersion: 8.4.0
ProgramName: mri_annotation2label  ProgramArguments: mri_annotation2label -all-info  ProgramVersion: 7.3.2  TimeStamp: 2026/03/12-09:13:29-GMT  BuildTime: Aug  4 2022 06:17:15  BuildStamp: freesurfer-linux-ubuntu22_x86_64-7.3.2-20220804-6354275  User: oesteban  Machine: dna059  Platform: Linux  PlatformVersion: 5.14.0-427.37.1.el9_4.x86_64  CompilerName: GCC  CompilerVersion: 8.4.0
ProgramName: mri_aparc2aseg  ProgramArguments: mri_aparc2aseg -all-info  ProgramVersion: 7.3.2  TimeStamp: 2026/03/12-09:13:29-GMT  BuildTime: Aug  4 2022 06:17:15  BuildStamp: freesurfer-linux-ubuntu22_x86_64-7.3.2-20220804-6354275  User: oesteban  Machine: dna059  Platform: Linux  PlatformVersion: 5.14.0-427.37.1.el9_4.x86_64  CompilerName: GCC  CompilerVersion: 8.4.0
ProgramName: mri_surf2volseg  ProgramArguments: mri_surf2volseg -all-info  ProgramVersion: 7.3.2  TimeStamp: 2026/03/12-09:13:29-GMT  BuildTime: Aug  4 2022 06:17:15  BuildStamp: freesurfer-linux-ubuntu22_x86_64-7.3.2-20220804-6354275  User: oesteban  Machine: dna059  Platform: Linux  PlatformVersion: 5.14.0-427.37.1.el9_4.x86_64  CompilerName: GCC  CompilerVersion: 8.4.0
ProgramName: mri_binarize  ProgramArguments: mri_binarize -all-info  ProgramVersion: 7.3.2  TimeStamp: 2026/03/12-09:13:29-GMT  BuildTime: Aug  4 2022 06:17:15  BuildStamp: freesurfer-linux-ubuntu22_x86_64-7.3.2-20220804-6354275  User: oesteban  Machine: dna059  Platform: Linux  PlatformVersion: 5.14.0-427.37.1.el9_4.x86_64  CompilerName: GCC  CompilerVersion: 8.4.0
ProgramName: mri_ca_label  ProgramArguments: mri_ca_label -all-info  ProgramVersion: 7.3.2  TimeStamp: 2026/03/12-09:13:29-GMT  BuildTime: Aug  4 2022 06:17:15  BuildStamp: freesurfer-linux-ubuntu22_x86_64-7.3.2-20220804-6354275  User: oesteban  Machine: dna059  Platform: Linux  PlatformVersion: 5.14.0-427.37.1.el9_4.x86_64  CompilerName: GCC  CompilerVersion: 8.4.0
ProgramName: mri_ca_normalize  ProgramArguments: mri_ca_normalize -all-info  ProgramVersion: 7.3.2  TimeStamp: 2026/03/12-09:13:29-GMT  BuildTime: Aug  4 2022 06:17:15  BuildStamp: freesurfer-linux-ubuntu22_x86_64-7.3.2-20220804-6354275  User: oesteban  Machine: dna059  Platform: Linux  PlatformVersion: 5.14.0-427.37.1.el9_4.x86_64  CompilerName: GCC  CompilerVersion: 8.4.0
ProgramName: mri_ca_register  ProgramArguments: mri_ca_register -all-info  ProgramVersion: 7.3.2  TimeStamp: 2026/03/12-09:13:29-GMT  BuildTime: Aug  4 2022 06:17:15  BuildStamp: freesurfer-linux-ubuntu22_x86_64-7.3.2-20220804-6354275  User: oesteban  Machine: dna059  Platform: Linux  PlatformVersion: 5.14.0-427.37.1.el9_4.x86_64  CompilerName: GCC  CompilerVersion: 8.4.0
ProgramName: mri_cc  ProgramArguments: mri_cc -all-info  ProgramVersion: 7.3.2  TimeStamp: 2026/03/12-09:13:29-GMT  BuildTime: Aug  4 2022 06:17:15  BuildStamp: freesurfer-linux-ubuntu22_x86_64-7.3.2-20220804-6354275  User: oesteban  Machine: dna059  Platform: Linux  PlatformVersion: 5.14.0-427.37.1.el9_4.x86_64  CompilerName: GCC  CompilerVersion: 8.4.0
ProgramName: mri_compute_overlap  ProgramArguments: mri_compute_overlap -all-info  ProgramVersion: 7.3.2  TimeStamp: 2026/03/12-09:13:29-GMT  BuildTime: Aug  4 2022 06:17:15  BuildStamp: freesurfer-linux-ubuntu22_x86_64-7.3.2-20220804-6354275  User: oesteban  Machine: dna059  Platform: Linux  PlatformVersion: 5.14.0-427.37.1.el9_4.x86_64  CompilerName: GCC  CompilerVersion: 8.4.0
ProgramName: mri_compute_seg_overlap  ProgramArguments: mri_compute_seg_overlap -all-info  ProgramVersion: 7.3.2  TimeStamp: 2026/03/12-09:13:29-GMT  BuildTime: Aug  4 2022 06:17:15  BuildStamp: freesurfer-linux-ubuntu22_x86_64-7.3.2-20220804-6354275  User: oesteban  Machine: dna059  Platform: Linux  PlatformVersion: 5.14.0-427.37.1.el9_4.x86_64  CompilerName: GCC  CompilerVersion: 8.4.0
ProgramName: mri_concat  ProgramArguments: mri_concat -all-info  ProgramVersion: 7.3.2  TimeStamp: 2026/03/12-09:13:29-GMT  BuildTime: Aug  4 2022 06:17:15  BuildStamp: freesurfer-linux-ubuntu22_x86_64-7.3.2-20220804-6354275  User: oesteban  Machine: dna059  Platform: Linux  PlatformVersion: 5.14.0-427.37.1.el9_4.x86_64  CompilerName: GCC  CompilerVersion: 8.4.0
ProgramName: mri_concatenate_lta  ProgramArguments: mri_concatenate_lta -all-info  ProgramVersion: 7.3.2  TimeStamp: 2026/03/12-09:13:29-GMT  BuildTime: Aug  4 2022 06:17:15  BuildStamp: freesurfer-linux-ubuntu22_x86_64-7.3.2-20220804-6354275  User: oesteban  Machine: dna059  Platform: Linux  PlatformVersion: 5.14.0-427.37.1.el9_4.x86_64  CompilerName: GCC  CompilerVersion: 8.4.0
mri_convert -all-info 
ProgramName: mri_convert  ProgramArguments: mri_convert -all-info  ProgramVersion: 7.3.2  TimeStamp: 2026/03/12-09:13:29-GMT  BuildTime: Aug  4 2022 06:17:15  BuildStamp: freesurfer-linux-ubuntu22_x86_64-7.3.2-20220804-6354275  User: oesteban  Machine: dna059  Platform: Linux  PlatformVersion: 5.14.0-427.37.1.el9_4.x86_64  CompilerName: GCC  CompilerVersion: 8.4.0
ProgramName: mri_diff  ProgramArguments: mri_diff -all-info  ProgramVersion: 7.3.2  TimeStamp: 2026/03/12-09:13:29-GMT  BuildTime: Aug  4 2022 06:17:15  BuildStamp: freesurfer-linux-ubuntu22_x86_64-7.3.2-20220804-6354275  User: oesteban  Machine: dna059  Platform: Linux  PlatformVersion: 5.14.0-427.37.1.el9_4.x86_64  CompilerName: GCC  CompilerVersion: 8.4.0
ProgramName: mri_edit_wm_with_aseg  ProgramArguments: mri_edit_wm_with_aseg -all-info  ProgramVersion: 7.3.2  TimeStamp: 2026/03/12-09:13:29-GMT  BuildTime: Aug  4 2022 06:17:15  BuildStamp: freesurfer-linux-ubuntu22_x86_64-7.3.2-20220804-6354275  User: oesteban  Machine: dna059  Platform: Linux  PlatformVersion: 5.14.0-427.37.1.el9_4.x86_64  CompilerName: GCC  CompilerVersion: 8.4.0
ProgramName: mri_em_register  ProgramArguments: mri_em_register -all-info  ProgramVersion: 7.3.2  TimeStamp: 2026/03/12-09:13:29-GMT  BuildTime: Aug  4 2022 06:17:15  BuildStamp: freesurfer-linux-ubuntu22_x86_64-7.3.2-20220804-6354275  User: oesteban  Machine: dna059  Platform: Linux  PlatformVersion: 5.14.0-427.37.1.el9_4.x86_64  CompilerName: GCC  CompilerVersion: 8.4.0
ProgramName: mri_fill  ProgramArguments: mri_fill -all-info  ProgramVersion: 7.3.2  TimeStamp: 2026/03/12-09:13:29-GMT  BuildTime: Aug  4 2022 06:17:15  BuildStamp: freesurfer-linux-ubuntu22_x86_64-7.3.2-20220804-6354275  User: oesteban  Machine: dna059  Platform: Linux  PlatformVersion: 5.14.0-427.37.1.el9_4.x86_64  CompilerName: GCC  CompilerVersion: 8.4.0
ProgramName: mri_fuse_segmentations  ProgramArguments: mri_fuse_segmentations -all-info  ProgramVersion: 7.3.2  TimeStamp: 2026/03/12-09:13:29-GMT  BuildTime: Aug  4 2022 06:17:15  BuildStamp: freesurfer-linux-ubuntu22_x86_64-7.3.2-20220804-6354275  User: oesteban  Machine: dna059  Platform: Linux  PlatformVersion: 5.14.0-427.37.1.el9_4.x86_64  CompilerName: GCC  CompilerVersion: 8.4.0
ProgramName: mri_fwhm  ProgramArguments: mri_fwhm -all-info  ProgramVersion: 7.3.2  TimeStamp: 2026/03/12-09:13:29-GMT  BuildTime: Aug  4 2022 06:17:15  BuildStamp: freesurfer-linux-ubuntu22_x86_64-7.3.2-20220804-6354275  User: oesteban  Machine: dna059  Platform: Linux  PlatformVersion: 5.14.0-427.37.1.el9_4.x86_64  CompilerName: GCC  CompilerVersion: 8.4.0
ProgramName: mri_gcut  ProgramArguments: mri_gcut -all-info  ProgramVersion: 7.3.2  TimeStamp: 2026/03/12-09:13:29-GMT  BuildTime: Aug  4 2022 06:17:15  BuildStamp: freesurfer-linux-ubuntu22_x86_64-7.3.2-20220804-6354275  User: oesteban  Machine: dna059  Platform: Linux  PlatformVersion: 5.14.0-427.37.1.el9_4.x86_64  CompilerName: GCC  CompilerVersion: 8.4.0
ProgramName: mri_info  ProgramArguments: mri_info -all-info  ProgramVersion: 7.3.2  TimeStamp: 2026/03/12-09:13:29-GMT  BuildTime: Aug  4 2022 06:17:15  BuildStamp: freesurfer-linux-ubuntu22_x86_64-7.3.2-20220804-6354275  User: oesteban  Machine: dna059  Platform: Linux  PlatformVersion: 5.14.0-427.37.1.el9_4.x86_64  CompilerName: GCC  CompilerVersion: 8.4.0
ProgramName: mri_label2label  ProgramArguments: mri_label2label -all-info  ProgramVersion: 7.3.2  TimeStamp: 2026/03/12-09:13:30-GMT  BuildTime: Aug  4 2022 06:17:15  BuildStamp: freesurfer-linux-ubuntu22_x86_64-7.3.2-20220804-6354275  User: oesteban  Machine: dna059  Platform: Linux  PlatformVersion: 5.14.0-427.37.1.el9_4.x86_64  CompilerName: GCC  CompilerVersion: 8.4.0
ProgramName: mri_label2vol  ProgramArguments: mri_label2vol -all-info  ProgramVersion: 7.3.2  TimeStamp: 2026/03/12-09:13:30-GMT  BuildTime: Aug  4 2022 06:17:15  BuildStamp: freesurfer-linux-ubuntu22_x86_64-7.3.2-20220804-6354275  User: oesteban  Machine: dna059  Platform: Linux  PlatformVersion: 5.14.0-427.37.1.el9_4.x86_64  CompilerName: GCC  CompilerVersion: 8.4.0
ProgramName: mri_log_likelihood  ProgramArguments: mri_log_likelihood -all-info  ProgramVersion: 7.3.2  TimeStamp: 2026/03/12-09:13:30-GMT  BuildTime: Aug  4 2022 06:17:15  BuildStamp: freesurfer-linux-ubuntu22_x86_64-7.3.2-20220804-6354275  User: oesteban  Machine: dna059  Platform: Linux  PlatformVersion: 5.14.0-427.37.1.el9_4.x86_64  CompilerName: GCC  CompilerVersion: 8.4.0
ProgramName: mri_mask  ProgramArguments: mri_mask -all-info  ProgramVersion: 7.3.2  TimeStamp: 2026/03/12-09:13:30-GMT  BuildTime: Aug  4 2022 06:17:15  BuildStamp: freesurfer-linux-ubuntu22_x86_64-7.3.2-20220804-6354275  User: oesteban  Machine: dna059  Platform: Linux  PlatformVersion: 5.14.0-427.37.1.el9_4.x86_64  CompilerName: GCC  CompilerVersion: 8.4.0
ProgramName: mri_matrix_multiply  ProgramArguments: mri_matrix_multiply -all-info  ProgramVersion: 7.3.2  TimeStamp: 2026/03/12-09:13:30-GMT  BuildTime: Aug  4 2022 06:17:15  BuildStamp: freesurfer-linux-ubuntu22_x86_64-7.3.2-20220804-6354275  User: oesteban  Machine: dna059  Platform: Linux  PlatformVersion: 5.14.0-427.37.1.el9_4.x86_64  CompilerName: GCC  CompilerVersion: 8.4.0
ProgramName: mri_normalize  ProgramArguments: mri_normalize -all-info  ProgramVersion: 7.3.2  TimeStamp: 2026/03/12-09:13:30-GMT  BuildTime: Aug  4 2022 06:17:15  BuildStamp: freesurfer-linux-ubuntu22_x86_64-7.3.2-20220804-6354275  User: oesteban  Machine: dna059  Platform: Linux  PlatformVersion: 5.14.0-427.37.1.el9_4.x86_64  CompilerName: GCC  CompilerVersion: 8.4.0
ProgramName: mri_normalize_tp2  ProgramArguments: mri_normalize_tp2 -all-info  ProgramVersion: 7.3.2  TimeStamp: 2026/03/12-09:13:30-GMT  BuildTime: Aug  4 2022 06:17:15  BuildStamp: freesurfer-linux-ubuntu22_x86_64-7.3.2-20220804-6354275  User: oesteban  Machine: dna059  Platform: Linux  PlatformVersion: 5.14.0-427.37.1.el9_4.x86_64  CompilerName: GCC  CompilerVersion: 8.4.0
ProgramName: mri_or  ProgramArguments: mri_or -all-info  ProgramVersion: 7.3.2  TimeStamp: 2026/03/12-09:13:30-GMT  BuildTime: Aug  4 2022 06:17:15  BuildStamp: freesurfer-linux-ubuntu22_x86_64-7.3.2-20220804-6354275  User: oesteban  Machine: dna059  Platform: Linux  PlatformVersion: 5.14.0-427.37.1.el9_4.x86_64  CompilerName: GCC  CompilerVersion: 8.4.0
ProgramName: mri_relabel_hypointensities  ProgramArguments: mri_relabel_hypointensities -all-info  ProgramVersion: 7.3.2  TimeStamp: 2026/03/12-09:13:30-GMT  BuildTime: Aug  4 2022 06:17:15  BuildStamp: freesurfer-linux-ubuntu22_x86_64-7.3.2-20220804-6354275  User: oesteban  Machine: dna059  Platform: Linux  PlatformVersion: 5.14.0-427.37.1.el9_4.x86_64  CompilerName: GCC  CompilerVersion: 8.4.0
ProgramName: mri_relabel_nonwm_hypos  ProgramArguments: mri_relabel_nonwm_hypos -all-info  ProgramVersion: 7.3.2  TimeStamp: 2026/03/12-09:13:30-GMT  BuildTime: Aug  4 2022 06:17:15  BuildStamp: freesurfer-linux-ubuntu22_x86_64-7.3.2-20220804-6354275  User: oesteban  Machine: dna059  Platform: Linux  PlatformVersion: 5.14.0-427.37.1.el9_4.x86_64  CompilerName: GCC  CompilerVersion: 8.4.0
ProgramName: mri_remove_neck  ProgramArguments: mri_remove_neck -all-info  ProgramVersion: 7.3.2  TimeStamp: 2026/03/12-09:13:30-GMT  BuildTime: Aug  4 2022 06:17:15  BuildStamp: freesurfer-linux-ubuntu22_x86_64-7.3.2-20220804-6354275  User: oesteban  Machine: dna059  Platform: Linux  PlatformVersion: 5.14.0-427.37.1.el9_4.x86_64  CompilerName: GCC  CompilerVersion: 8.4.0
7.3.2

ProgramName: mri_robust_register  ProgramArguments: mri_robust_register -all-info  ProgramVersion: 7.3.2  TimeStamp: 2026/03/12-09:13:30-GMT  BuildTime: Aug  4 2022 06:17:15  BuildStamp: freesurfer-linux-ubuntu22_x86_64-7.3.2-20220804-6354275  User: oesteban  Machine: dna059  Platform: Linux  PlatformVersion: 5.14.0-427.37.1.el9_4.x86_64  CompilerName: GCC  CompilerVersion: 8.4.0
7.3.2

ProgramName: mri_robust_template  ProgramArguments: mri_robust_template -all-info  ProgramVersion: 7.3.2  TimeStamp: 2026/03/12-09:13:30-GMT  BuildTime: Aug  4 2022 06:17:15  BuildStamp: freesurfer-linux-ubuntu22_x86_64-7.3.2-20220804-6354275  User: oesteban  Machine: dna059  Platform: Linux  PlatformVersion: 5.14.0-427.37.1.el9_4.x86_64  CompilerName: GCC  CompilerVersion: 8.4.0
ProgramName: mris_anatomical_stats  ProgramArguments: mris_anatomical_stats -all-info  ProgramVersion: 7.3.2  TimeStamp: 2026/03/12-09:13:30-GMT  BuildTime: Aug  4 2022 06:17:15  BuildStamp: freesurfer-linux-ubuntu22_x86_64-7.3.2-20220804-6354275  User: oesteban  Machine: dna059  Platform: Linux  PlatformVersion: 5.14.0-427.37.1.el9_4.x86_64  CompilerName: GCC  CompilerVersion: 8.4.0
ProgramName: mris_ca_label  ProgramArguments: mris_ca_label -all-info  ProgramVersion: 7.3.2  TimeStamp: 2026/03/12-09:13:30-GMT  BuildTime: Aug  4 2022 06:17:15  BuildStamp: freesurfer-linux-ubuntu22_x86_64-7.3.2-20220804-6354275  User: oesteban  Machine: dna059  Platform: Linux  PlatformVersion: 5.14.0-427.37.1.el9_4.x86_64  CompilerName: GCC  CompilerVersion: 8.4.0
ProgramName: mris_calc  ProgramArguments: mris_calc -all-info  ProgramVersion: 7.3.2  TimeStamp: 2026/03/12-09:13:30-GMT  BuildTime: Aug  4 2022 06:17:15  BuildStamp: freesurfer-linux-ubuntu22_x86_64-7.3.2-20220804-6354275  User: oesteban  Machine: dna059  Platform: Linux  PlatformVersion: 5.14.0-427.37.1.el9_4.x86_64  CompilerName: GCC  CompilerVersion: 8.4.0
ProgramName: mris_convert  ProgramArguments: mris_convert -all-info  ProgramVersion: 7.3.2  TimeStamp: 2026/03/12-09:13:30-GMT  BuildTime: Aug  4 2022 06:17:15  BuildStamp: freesurfer-linux-ubuntu22_x86_64-7.3.2-20220804-6354275  User: oesteban  Machine: dna059  Platform: Linux  PlatformVersion: 5.14.0-427.37.1.el9_4.x86_64  CompilerName: GCC  CompilerVersion: 8.4.0
ProgramName: mris_curvature  ProgramArguments: mris_curvature -all-info  ProgramVersion: 7.3.2  TimeStamp: 2026/03/12-09:13:30-GMT  BuildTime: Aug  4 2022 06:17:15  BuildStamp: freesurfer-linux-ubuntu22_x86_64-7.3.2-20220804-6354275  User: oesteban  Machine: dna059  Platform: Linux  PlatformVersion: 5.14.0-427.37.1.el9_4.x86_64  CompilerName: GCC  CompilerVersion: 8.4.0
ProgramName: mris_curvature_stats  ProgramArguments: mris_curvature_stats -all-info  ProgramVersion: 7.3.2  TimeStamp: 2026/03/12-09:13:30-GMT  BuildTime: Aug  4 2022 06:17:15  BuildStamp: freesurfer-linux-ubuntu22_x86_64-7.3.2-20220804-6354275  User: oesteban  Machine: dna059  Platform: Linux  PlatformVersion: 5.14.0-427.37.1.el9_4.x86_64  CompilerName: GCC  CompilerVersion: 8.4.0
ProgramName: mris_diff  ProgramArguments: mris_diff -all-info  ProgramVersion: 7.3.2  TimeStamp: 2026/03/12-09:13:30-GMT  BuildTime: Aug  4 2022 06:17:15  BuildStamp: freesurfer-linux-ubuntu22_x86_64-7.3.2-20220804-6354275  User: oesteban  Machine: dna059  Platform: Linux  PlatformVersion: 5.14.0-427.37.1.el9_4.x86_64  CompilerName: GCC  CompilerVersion: 8.4.0
ProgramName: mris_divide_parcellation  ProgramArguments: mris_divide_parcellation -all-info  ProgramVersion: 7.3.2  TimeStamp: 2026/03/12-09:13:30-GMT  BuildTime: Aug  4 2022 06:17:15  BuildStamp: freesurfer-linux-ubuntu22_x86_64-7.3.2-20220804-6354275  User: oesteban  Machine: dna059  Platform: Linux  PlatformVersion: 5.14.0-427.37.1.el9_4.x86_64  CompilerName: GCC  CompilerVersion: 8.4.0
ProgramName: mri_segment  ProgramArguments: mri_segment -all-info  ProgramVersion: 7.3.2  TimeStamp: 2026/03/12-09:13:30-GMT  BuildTime: Aug  4 2022 06:17:15  BuildStamp: freesurfer-linux-ubuntu22_x86_64-7.3.2-20220804-6354275  User: oesteban  Machine: dna059  Platform: Linux  PlatformVersion: 5.14.0-427.37.1.el9_4.x86_64  CompilerName: GCC  CompilerVersion: 8.4.0
ProgramName: mri_segstats  ProgramArguments: mri_segstats -all-info  ProgramVersion: 7.3.2  TimeStamp: 2026/03/12-09:13:30-GMT  BuildTime: Aug  4 2022 06:17:15  BuildStamp: freesurfer-linux-ubuntu22_x86_64-7.3.2-20220804-6354275  User: oesteban  Machine: dna059  Platform: Linux  PlatformVersion: 5.14.0-427.37.1.el9_4.x86_64  CompilerName: GCC  CompilerVersion: 8.4.0
ProgramName: mris_euler_number  ProgramArguments: mris_euler_number -all-info  ProgramVersion: 7.3.2  TimeStamp: 2026/03/12-09:13:30-GMT  BuildTime: Aug  4 2022 06:17:15  BuildStamp: freesurfer-linux-ubuntu22_x86_64-7.3.2-20220804-6354275  User: oesteban  Machine: dna059  Platform: Linux  PlatformVersion: 5.14.0-427.37.1.el9_4.x86_64  CompilerName: GCC  CompilerVersion: 8.4.0
ProgramName: mris_fix_topology  ProgramArguments: mris_fix_topology -all-info  ProgramVersion: 7.3.2  TimeStamp: 2026/03/12-09:13:30-GMT  BuildTime: Aug  4 2022 06:17:15  BuildStamp: freesurfer-linux-ubuntu22_x86_64-7.3.2-20220804-6354275  User: oesteban  Machine: dna059  Platform: Linux  PlatformVersion: 5.14.0-427.37.1.el9_4.x86_64  CompilerName: GCC  CompilerVersion: 8.4.0
ProgramName: mris_topo_fixer  ProgramArguments: mris_topo_fixer -all-info  ProgramVersion: 7.3.2  TimeStamp: 2026/03/12-09:13:30-GMT  BuildTime: Aug  4 2022 06:17:15  BuildStamp: freesurfer-linux-ubuntu22_x86_64-7.3.2-20220804-6354275  User: oesteban  Machine: dna059  Platform: Linux  PlatformVersion: 5.14.0-427.37.1.el9_4.x86_64  CompilerName: GCC  CompilerVersion: 8.4.0
ProgramName: mris_jacobian  ProgramArguments: mris_jacobian -all-info  ProgramVersion: 7.3.2  TimeStamp: 2026/03/12-09:13:30-GMT  BuildTime: Aug  4 2022 06:17:15  BuildStamp: freesurfer-linux-ubuntu22_x86_64-7.3.2-20220804-6354275  User: oesteban  Machine: dna059  Platform: Linux  PlatformVersion: 5.14.0-427.37.1.el9_4.x86_64  CompilerName: GCC  CompilerVersion: 8.4.0
ProgramName: mris_label2annot  ProgramArguments: mris_label2annot -all-info  ProgramVersion: 7.3.2  TimeStamp: 2026/03/12-09:13:30-GMT  BuildTime: Aug  4 2022 06:17:15  BuildStamp: freesurfer-linux-ubuntu22_x86_64-7.3.2-20220804-6354275  User: oesteban  Machine: dna059  Platform: Linux  PlatformVersion: 5.14.0-427.37.1.el9_4.x86_64  CompilerName: GCC  CompilerVersion: 8.4.0
ProgramName: mris_left_right_register  ProgramArguments: mris_left_right_register -all-info  ProgramVersion: 7.3.2  TimeStamp: 2026/03/12-09:13:30-GMT  BuildTime: Aug  4 2022 06:17:15  BuildStamp: freesurfer-linux-ubuntu22_x86_64-7.3.2-20220804-6354275  User: oesteban  Machine: dna059  Platform: Linux  PlatformVersion: 5.14.0-427.37.1.el9_4.x86_64  CompilerName: GCC  CompilerVersion: 8.4.0
ProgramName: mris_place_surface  ProgramArguments: mris_place_surface -all-info  ProgramVersion: 7.3.2  TimeStamp: 2026/03/12-09:13:30-GMT  BuildTime: Aug  4 2022 06:17:15  BuildStamp: freesurfer-linux-ubuntu22_x86_64-7.3.2-20220804-6354275  User: oesteban  Machine: dna059  Platform: Linux  PlatformVersion: 5.14.0-427.37.1.el9_4.x86_64  CompilerName: GCC  CompilerVersion: 8.4.0
ProgramName: mrisp_paint  ProgramArguments: mrisp_paint -all-info  ProgramVersion: 7.3.2  TimeStamp: 2026/03/12-09:13:30-GMT  BuildTime: Aug  4 2022 06:17:15  BuildStamp: freesurfer-linux-ubuntu22_x86_64-7.3.2-20220804-6354275  User: oesteban  Machine: dna059  Platform: Linux  PlatformVersion: 5.14.0-427.37.1.el9_4.x86_64  CompilerName: GCC  CompilerVersion: 8.4.0
ProgramName: mris_register  ProgramArguments: mris_register -all-info  ProgramVersion: 7.3.2  TimeStamp: 2026/03/12-09:13:30-GMT  BuildTime: Aug  4 2022 06:17:15  BuildStamp: freesurfer-linux-ubuntu22_x86_64-7.3.2-20220804-6354275  User: oesteban  Machine: dna059  Platform: Linux  PlatformVersion: 5.14.0-427.37.1.el9_4.x86_64  CompilerName: GCC  CompilerVersion: 8.4.0
ProgramName: mris_smooth  ProgramArguments: mris_smooth -all-info  ProgramVersion: 7.3.2  TimeStamp: 2026/03/12-09:13:30-GMT  BuildTime: Aug  4 2022 06:17:15  BuildStamp: freesurfer-linux-ubuntu22_x86_64-7.3.2-20220804-6354275  User: oesteban  Machine: dna059  Platform: Linux  PlatformVersion: 5.14.0-427.37.1.el9_4.x86_64  CompilerName: GCC  CompilerVersion: 8.4.0
ProgramName: mris_sphere  ProgramArguments: mris_sphere -all-info  ProgramVersion: 7.3.2  TimeStamp: 2026/03/12-09:13:30-GMT  BuildTime: Aug  4 2022 06:17:15  BuildStamp: freesurfer-linux-ubuntu22_x86_64-7.3.2-20220804-6354275  User: oesteban  Machine: dna059  Platform: Linux  PlatformVersion: 5.14.0-427.37.1.el9_4.x86_64  CompilerName: GCC  CompilerVersion: 8.4.0
ProgramName: mris_surface_stats  ProgramArguments: mris_surface_stats -all-info  ProgramVersion: 7.3.2  TimeStamp: 2026/03/12-09:13:30-GMT  BuildTime: Aug  4 2022 06:17:15  BuildStamp: freesurfer-linux-ubuntu22_x86_64-7.3.2-20220804-6354275  User: oesteban  Machine: dna059  Platform: Linux  PlatformVersion: 5.14.0-427.37.1.el9_4.x86_64  CompilerName: GCC  CompilerVersion: 8.4.0
ProgramName: mri_stats2seg  ProgramArguments: mri_stats2seg -all-info  ProgramVersion: 7.3.2  TimeStamp: 2026/03/12-09:13:30-GMT  BuildTime: Aug  4 2022 06:17:15  BuildStamp: freesurfer-linux-ubuntu22_x86_64-7.3.2-20220804-6354275  User: oesteban  Machine: dna059  Platform: Linux  PlatformVersion: 5.14.0-427.37.1.el9_4.x86_64  CompilerName: GCC  CompilerVersion: 8.4.0
ProgramName: mris_thickness  ProgramArguments: mris_thickness -all-info  ProgramVersion: 7.3.2  TimeStamp: 2026/03/12-09:13:30-GMT  BuildTime: Aug  4 2022 06:17:15  BuildStamp: freesurfer-linux-ubuntu22_x86_64-7.3.2-20220804-6354275  User: oesteban  Machine: dna059  Platform: Linux  PlatformVersion: 5.14.0-427.37.1.el9_4.x86_64  CompilerName: GCC  CompilerVersion: 8.4.0
ProgramName: mris_thickness_diff  ProgramArguments: mris_thickness_diff -all-info  ProgramVersion: 7.3.2  TimeStamp: 2026/03/12-09:13:30-GMT  BuildTime: Aug  4 2022 06:17:15  BuildStamp: freesurfer-linux-ubuntu22_x86_64-7.3.2-20220804-6354275  User: oesteban  Machine: dna059  Platform: Linux  PlatformVersion: 5.14.0-427.37.1.el9_4.x86_64  CompilerName: GCC  CompilerVersion: 8.4.0
ProgramName: mris_topo_fixer  ProgramArguments: mris_topo_fixer -all-info  ProgramVersion: 7.3.2  TimeStamp: 2026/03/12-09:13:30-GMT  BuildTime: Aug  4 2022 06:17:15  BuildStamp: freesurfer-linux-ubuntu22_x86_64-7.3.2-20220804-6354275  User: oesteban  Machine: dna059  Platform: Linux  PlatformVersion: 5.14.0-427.37.1.el9_4.x86_64  CompilerName: GCC  CompilerVersion: 8.4.0
ProgramName: mri_surf2surf  ProgramArguments: mri_surf2surf -all-info  ProgramVersion: 7.3.2  TimeStamp: 2026/03/12-09:13:30-GMT  BuildTime: Aug  4 2022 06:17:15  BuildStamp: freesurfer-linux-ubuntu22_x86_64-7.3.2-20220804-6354275  User: oesteban  Machine: dna059  Platform: Linux  PlatformVersion: 5.14.0-427.37.1.el9_4.x86_64  CompilerName: GCC  CompilerVersion: 8.4.0
ProgramName: mri_surf2vol  ProgramArguments: mri_surf2vol -all-info  ProgramVersion: 7.3.2  TimeStamp: 2026/03/12-09:13:30-GMT  BuildTime: Aug  4 2022 06:17:15  BuildStamp: freesurfer-linux-ubuntu22_x86_64-7.3.2-20220804-6354275  User: oesteban  Machine: dna059  Platform: Linux  PlatformVersion: 5.14.0-427.37.1.el9_4.x86_64  CompilerName: GCC  CompilerVersion: 8.4.0
ProgramName: mri_surfcluster  ProgramArguments: mri_surfcluster -all-info  ProgramVersion: 7.3.2  TimeStamp: 2026/03/12-09:13:30-GMT  BuildTime: Aug  4 2022 06:17:15  BuildStamp: freesurfer-linux-ubuntu22_x86_64-7.3.2-20220804-6354275  User: oesteban  Machine: dna059  Platform: Linux  PlatformVersion: 5.14.0-427.37.1.el9_4.x86_64  CompilerName: GCC  CompilerVersion: 8.4.0
ProgramName: mris_volmask  ProgramArguments: mris_volmask -all-info  ProgramVersion: 7.3.2  TimeStamp: 2026/03/12-09:13:30-GMT  BuildTime: Aug  4 2022 06:17:15  BuildStamp: freesurfer-linux-ubuntu22_x86_64-7.3.2-20220804-6354275  User: oesteban  Machine: dna059  Platform: Linux  PlatformVersion: 5.14.0-427.37.1.el9_4.x86_64  CompilerName: GCC  CompilerVersion: 8.4.0
ProgramName: mri_tessellate  ProgramArguments: mri_tessellate -all-info  ProgramVersion: 7.3.2  TimeStamp: 2026/03/12-09:13:30-GMT  BuildTime: Aug  4 2022 06:17:15  BuildStamp: freesurfer-linux-ubuntu22_x86_64-7.3.2-20220804-6354275  User: oesteban  Machine: dna059  Platform: Linux  PlatformVersion: 5.14.0-427.37.1.el9_4.x86_64  CompilerName: GCC  CompilerVersion: 8.4.0
ProgramName: mri_vol2surf  ProgramArguments: mri_vol2surf -all-info  ProgramVersion: 7.3.2  TimeStamp: 2026/03/12-09:13:30-GMT  BuildTime: Aug  4 2022 06:17:15  BuildStamp: freesurfer-linux-ubuntu22_x86_64-7.3.2-20220804-6354275  User: oesteban  Machine: dna059  Platform: Linux  PlatformVersion: 5.14.0-427.37.1.el9_4.x86_64  CompilerName: GCC  CompilerVersion: 8.4.0
ProgramName: mri_vol2vol  ProgramArguments: mri_vol2vol -all-info  ProgramVersion: 7.3.2  TimeStamp: 2026/03/12-09:13:30-GMT  BuildTime: Aug  4 2022 06:17:15  BuildStamp: freesurfer-linux-ubuntu22_x86_64-7.3.2-20220804-6354275  User: oesteban  Machine: dna059  Platform: Linux  PlatformVersion: 5.14.0-427.37.1.el9_4.x86_64  CompilerName: GCC  CompilerVersion: 8.4.0
ProgramName: mri_voldiff  ProgramArguments: mri_voldiff -all-info  ProgramVersion: 7.3.2  TimeStamp: 2026/03/12-09:13:30-GMT  BuildTime: Aug  4 2022 06:17:15  BuildStamp: freesurfer-linux-ubuntu22_x86_64-7.3.2-20220804-6354275  User: oesteban  Machine: dna059  Platform: Linux  PlatformVersion: 5.14.0-427.37.1.el9_4.x86_64  CompilerName: GCC  CompilerVersion: 8.4.0
ProgramName: mri_watershed  ProgramArguments: mri_watershed -all-info  ProgramVersion: 7.3.2  TimeStamp: 2026/03/12-09:13:30-GMT  BuildTime: Aug  4 2022 06:17:15  BuildStamp: freesurfer-linux-ubuntu22_x86_64-7.3.2-20220804-6354275  User: oesteban  Machine: dna059  Platform: Linux  PlatformVersion: 5.14.0-427.37.1.el9_4.x86_64  CompilerName: GCC  CompilerVersion: 8.4.0
ProgramName: tkregister2  ProgramArguments: tkregister2_cmdl -all-info  ProgramVersion: 7.3.2  TimeStamp: 2026/03/12-09:13:30-GMT  BuildTime: Aug  4 2022 06:17:15  BuildStamp: freesurfer-linux-ubuntu22_x86_64-7.3.2-20220804-6354275  User: oesteban  Machine: dna059  Platform: Linux  PlatformVersion: 5.14.0-427.37.1.el9_4.x86_64  CompilerName: GCC  CompilerVersion: 8.4.0
mri_motion_correct.fsl 7.3.2
mri_convert -all-info 
ProgramName: mri_convert  ProgramArguments: mri_convert -all-info  ProgramVersion: 7.3.2  TimeStamp: 2026/03/12-09:13:30-GMT  BuildTime: Aug  4 2022 06:17:15  BuildStamp: freesurfer-linux-ubuntu22_x86_64-7.3.2-20220804-6354275  User: oesteban  Machine: dna059  Platform: Linux  PlatformVersion: 5.14.0-427.37.1.el9_4.x86_64  CompilerName: GCC  CompilerVersion: 8.4.0
Program nu_correct, built from:
Package MNI N3, version 1.12.0, compiled by nicks@terrier (x86_64-unknown-linux-gnu) on 2015-06-19 at 01:25:34
#######################################
GCADIR /opt/freesurfer/average
GCA RB_all_2020-01-02.gca
GCASkull RB_all_withskull_2020_01_02.gca
AvgCurvTif folding.atlas.acfb40.noaparc.i12.2016-08-02.tif
GCSDIR /opt/freesurfer/average
GCS DKaparc.atlas.acfb40.noaparc.i12.2016-08-02.gcs
#######################################
#--------------------------------------
#@# CA Normalize Thu Mar 12 10:13:30 CET 2026
/out/sourcedata/freesurfer/sub-v1s11x0050143_ses-1/mri

 mri_ca_normalize -c ctrl_pts.mgz -mask brainmask.mgz nu.mgz /opt/freesurfer/average/RB_all_2020-01-02.gca transforms/talairach.lta norm.mgz 

writing control point volume to ctrl_pts.mgz
using MR volume brainmask.mgz to mask input volume...
reading 1 input volume
reading atlas from '/opt/freesurfer/average/RB_all_2020-01-02.gca'...
reading transform from 'transforms/talairach.lta'...
reading input volume from nu.mgz...
resetting wm mean[0]: 98 --> 107
resetting gm mean[0]: 61 --> 61
input volume #1 is the most T1-like
using real data threshold=30.0
skull bounding box = (59, 53, 30) --> (195, 167, 203)
finding center of left hemi white matter
using (104, 91, 117) as brain centroid of Right_Cerebral_White_Matter...
mean wm in atlas = 107, using box (87,77,96) --> (120, 104,138) to find MRI wm
before smoothing, mri peak at 107
robust fit to distribution - 107 +- 3.7
after smoothing, mri peak at 107, scaling input intensities by 1.000
scaling channel 0 by 1
using 246437 sample points...
INFO: compute sample coordinates transform
 1.03151  -0.10953   0.02066   6.20476;
 0.08157   1.07663  -0.08340  -7.18410;
-0.01614   0.08793   0.95891  -10.42636;
 0.00000   0.00000   0.00000   1.00000;
INFO: transform used
finding control points in Left_Cerebral_White_Matter....
found 40230 control points for structure...
bounding box (124, 53, 29) --> (192, 163, 204)
Left_Cerebral_White_Matter: limiting intensities to 98.0 --> 129.0
9 of 7863 (0.1%) samples deleted
finding control points in Right_Cerebral_White_Matter....
found 39478 control points for structure...
bounding box (63, 54, 29) --> (127, 169, 204)
Right_Cerebral_White_Matter: limiting intensities to 96.0 --> 129.0
12 of 8015 (0.1%) samples deleted
finding control points in Left_Cerebellum_White_Matter....
found 3105 control points for structure...
bounding box (130, 127, 49) --> (180, 169, 106)
Left_Cerebellum_White_Matter: limiting intensities to 97.0 --> 129.0
3 of 716 (0.4%) samples deleted
finding control points in Right_Cerebellum_White_Matter....
found 2710 control points for structure...
bounding box (89, 128, 46) --> (131, 172, 107)
Right_Cerebellum_White_Matter: limiting intensities to 94.0 --> 129.0
0 of 657 (0.0%) samples deleted
finding control points in Brain_Stem....
found 3475 control points for structure...
bounding box (113, 125, 84) --> (148, 188, 118)
Brain_Stem: limiting intensities to 91.0 --> 129.0
0 of 1258 (0.0%) samples deleted
using 18509 total control points for intensity normalization...
bias field = 0.946 +- 0.077
69 of 18485 control points discarded
finding control points in Left_Cerebral_White_Matter....
found 40230 control points for structure...
bounding box (124, 53, 29) --> (192, 163, 204)
Left_Cerebral_White_Matter: limiting intensities to 91.0 --> 116.0
3 of 7977 (0.0%) samples deleted
finding control points in Right_Cerebral_White_Matter....
found 39478 control points for structure...
bounding box (63, 54, 29) --> (127, 169, 204)
Right_Cerebral_White_Matter: limiting intensities to 90.0 --> 116.0
10 of 8148 (0.1%) samples deleted
finding control points in Left_Cerebellum_White_Matter....
found 3105 control points for structure...
bounding box (130, 127, 49) --> (180, 169, 106)
Left_Cerebellum_White_Matter: limiting intensities to 88.0 --> 116.0
38 of 756 (5.0%) samples deleted
finding control points in Right_Cerebellum_White_Matter....
found 2710 control points for structure...
bounding box (89, 128, 46) --> (131, 172, 107)
Right_Cerebellum_White_Matter: limiting intensities to 88.0 --> 116.0
99 of 683 (14.5%) samples deleted
finding control points in Brain_Stem....
found 3475 control points for structure...
bounding box (113, 125, 84) --> (148, 188, 118)
Brain_Stem: limiting intensities to 88.0 --> 116.0
204 of 1342 (15.2%) samples deleted
using 18906 total control points for intensity normalization...
bias field = 1.016 +- 0.053
58 of 18443 control points discarded
finding control points in Left_Cerebral_White_Matter....
found 40230 control points for structure...
bounding box (124, 53, 29) --> (192, 163, 204)
Left_Cerebral_White_Matter: limiting intensities to 91.0 --> 115.0
4 of 8000 (0.1%) samples deleted
finding control points in Right_Cerebral_White_Matter....
found 39478 control points for structure...
bounding box (63, 54, 29) --> (127, 169, 204)
Right_Cerebral_White_Matter: limiting intensities to 90.0 --> 115.0
18 of 8157 (0.2%) samples deleted
finding control points in Left_Cerebellum_White_Matter....
found 3105 control points for structure...
bounding box (130, 127, 49) --> (180, 169, 106)
Left_Cerebellum_White_Matter: limiting intensities to 88.0 --> 115.0
267 of 761 (35.1%) samples deleted
finding control points in Right_Cerebellum_White_Matter....
found 2710 control points for structure...
bounding box (89, 128, 46) --> (131, 172, 107)
Right_Cerebellum_White_Matter: limiting intensities to 88.0 --> 115.0
508 of 688 (73.8%) samples deleted
finding control points in Brain_Stem....
found 3475 control points for structure...
bounding box (113, 125, 84) --> (148, 188, 118)
Brain_Stem: limiting intensities to 88.0 --> 115.0
656 of 1346 (48.7%) samples deleted
using 18952 total control points for intensity normalization...
bias field = 1.015 +- 0.039
9 of 17336 control points discarded
writing normalized volume to norm.mgz...
writing control points to ctrl_pts.mgz
freeing GCA...done.
normalization took 1 minutes and 20 seconds.
#--------------------------------------
#@# CA Reg Thu Mar 12 10:14:50 CET 2026
/out/sourcedata/freesurfer/sub-v1s11x0050143_ses-1/mri

 mri_ca_register -nobigventricles -T transforms/talairach.lta -align-after -mask brainmask.mgz norm.mgz /opt/freesurfer/average/RB_all_2020-01-02.gca transforms/talairach.m3z 

not handling expanded ventricles...
using previously computed transform transforms/talairach.lta
renormalizing sequences with structure alignment, equivalent to:
	-renormalize
	-regularize_mean 0.500
	-regularize 0.500
using MR volume brainmask.mgz to mask input volume...

== Number of threads available to mri_ca_register for OpenMP = 16 == 
reading 1 input volumes...
logging results to talairach.log
reading input volume 'norm.mgz'...
reading GCA '/opt/freesurfer/average/RB_all_2020-01-02.gca'...
label assignment complete, 0 changed (0.00%)
freeing gibbs priors...done.
average std[0] = 5.0
Starting GCAMregister()
label assignment complete, 0 changed (0.00%)
npasses = 1, nlevels = 6
#pass# 1 of 1 ************************
enabling zero nodes
setting smoothness cost coefficient to 0.156

#GCAMreg# pass 0 level1 5 level2 0 tsec 0 sigma 2
l_jacobian=1.00 l_label=1.00 l_log_likelihood=0.20 l_smoothness=0.16 
tol=2.50e-01, dt=5.00e-02, exp_k=20.0, momentum=0.90, levels=6, niter=500, lbl_dist=10.00, avgs=256, sigma=2.0,type=2, relabel=0, neg=no

blurring input image with Gaussian with sigma=2.000...
GCAMRegisterLevel(): init RMS 0.798601
#FOTS# QuadFit found better minimum quadopt=(dt=250.372,rms=0.710526) vs oldopt=(dt=369.92,rms=0.72446)
#GCMRL#    0 dt 250.372237 rms  0.711 11.029% neg 0  invalid 762 tFOTS 4.4560 tGradient 3.1420 tsec 7.9580
#FOTS# QuadFit found better minimum quadopt=(dt=189.919,rms=0.693737) vs oldopt=(dt=92.48,rms=0.698376)
#GCMRL#    1 dt 189.918699 rms  0.694  2.363% neg 0  invalid 762 tFOTS 4.8360 tGradient 3.1440 tsec 8.3630
#GCMRL#    2 dt 369.920000 rms  0.683  1.601% neg 0  invalid 762 tFOTS 4.7990 tGradient 3.3460 tsec 8.5010
#FOTS# QuadFit found better minimum quadopt=(dt=110.976,rms=0.678142) vs oldopt=(dt=92.48,rms=0.678347)
#GCMRL#    3 dt 110.976000 rms  0.678  0.658% neg 0  invalid 762 tFOTS 4.8600 tGradient 3.0750 tsec 8.3130
#FOTS# QuadFit found better minimum quadopt=(dt=517.888,rms=0.674118) vs oldopt=(dt=369.92,rms=0.674907)
#GCMRL#    4 dt 517.888000 rms  0.674  0.593% neg 0  invalid 762 tFOTS 5.0490 tGradient 3.0740 tsec 8.5400
#FOTS# QuadFit found better minimum quadopt=(dt=295.936,rms=0.671242) vs oldopt=(dt=369.92,rms=0.671323)
#GCMRL#    5 dt 295.936000 rms  0.671  0.427% neg 0  invalid 762 tFOTS 5.2140 tGradient 3.3070 tsec 8.9500
#FOTS# QuadFit found better minimum quadopt=(dt=110.976,rms=0.670365) vs oldopt=(dt=92.48,rms=0.670404)
#GCMRL#    6 dt 110.976000 rms  0.670  0.000% neg 0  invalid 762 tFOTS 5.5630 tGradient 3.3910 tsec 9.3830
#GCMRL#    7 dt 110.976000 rms  0.670  0.056% neg 0  invalid 762 tFOTS 0.0000 tGradient 3.5420 tsec 3.9340
#GCMRL#    8 dt 110.976000 rms  0.669  0.110% neg 0  invalid 762 tFOTS 0.0000 tGradient 3.5310 tsec 3.9270
#GCMRL#    9 dt 110.976000 rms  0.668  0.168% neg 0  invalid 762 tFOTS 0.0000 tGradient 3.5170 tsec 3.9040
#GCMRL#   10 dt 110.976000 rms  0.667  0.219% neg 0  invalid 762 tFOTS 0.0000 tGradient 3.6070 tsec 3.9940
#GCMRL#   11 dt 110.976000 rms  0.665  0.226% neg 0  invalid 762 tFOTS 0.0000 tGradient 3.5860 tsec 3.9720
#GCMRL#   12 dt 110.976000 rms  0.664  0.220% neg 0  invalid 762 tFOTS 0.0000 tGradient 3.5100 tsec 3.9010
#GCMRL#   13 dt 110.976000 rms  0.662  0.193% neg 0  invalid 762 tFOTS 0.0000 tGradient 3.4160 tsec 3.8160
#GCMRL#   14 dt 110.976000 rms  0.661  0.162% neg 0  invalid 762 tFOTS 0.0000 tGradient 3.3510 tsec 3.7500
#GCMRL#   15 dt 110.976000 rms  0.660  0.147% neg 0  invalid 762 tFOTS 0.0000 tGradient 3.3890 tsec 3.8080
#GCMRL#   16 dt 110.976000 rms  0.659  0.151% neg 0  invalid 762 tFOTS 0.0000 tGradient 3.2390 tsec 3.6300
#GCMRL#   17 dt 110.976000 rms  0.658  0.151% neg 0  invalid 762 tFOTS 0.0000 tGradient 3.2020 tsec 3.5900
#GCMRL#   18 dt 110.976000 rms  0.657  0.135% neg 0  invalid 762 tFOTS 0.0000 tGradient 3.3390 tsec 3.7270
#GCMRL#   19 dt 110.976000 rms  0.657  0.113% neg 0  invalid 762 tFOTS 0.0000 tGradient 3.2240 tsec 3.6090
#GCMRL#   20 dt 110.976000 rms  0.656  0.102% neg 0  invalid 762 tFOTS 0.0000 tGradient 3.2170 tsec 3.6320
#FOTS# QuadFit found better minimum quadopt=(dt=1183.74,rms=0.655663) vs oldopt=(dt=1479.68,rms=0.65574)
#GCMRL#   21 dt 1183.744000 rms  0.656  0.000% neg 0  invalid 762 tFOTS 5.7710 tGradient 3.1640 tsec 9.4120

#GCAMreg# pass 0 level1 5 level2 1 tsec 136.83 sigma 0.5
l_jacobian=1.00 l_label=1.00 l_log_likelihood=0.20 l_smoothness=0.16 
tol=2.50e-01, dt=5.00e-02, exp_k=20.0, momentum=0.90, levels=6, niter=500, lbl_dist=10.00, avgs=256, sigma=0.5,type=2, relabel=0, neg=no

blurring input image with Gaussian with sigma=0.500...
GCAMRegisterLevel(): init RMS 0.656176
#FOTS# QuadFit found better minimum quadopt=(dt=295.936,rms=0.653981) vs oldopt=(dt=369.92,rms=0.654153)
#GCMRL#   23 dt 295.936000 rms  0.654  0.334% neg 0  invalid 762 tFOTS 5.3420 tGradient 3.5890 tsec 9.3360
#FOTS# QuadFit found better minimum quadopt=(dt=129.472,rms=0.653552) vs oldopt=(dt=92.48,rms=0.653587)
#GCMRL#   24 dt 129.472000 rms  0.654  0.000% neg 0  invalid 762 tFOTS 5.6590 tGradient 3.6140 tsec 9.7020
#GCMRL#   25 dt 129.472000 rms  0.653  0.022% neg 0  invalid 762 tFOTS 0.0000 tGradient 3.4080 tsec 3.7970
#GCMRL#   26 dt 129.472000 rms  0.653  0.033% neg 0  invalid 762 tFOTS 0.0000 tGradient 3.2840 tsec 3.6560
#GCMRL#   27 dt 129.472000 rms  0.653  0.050% neg 0  invalid 762 tFOTS 0.0000 tGradient 3.4560 tsec 3.8290
#GCMRL#   28 dt 129.472000 rms  0.653  0.046% neg 0  invalid 762 tFOTS 0.0000 tGradient 3.9100 tsec 4.3110
#GCMRL#   29 dt 129.472000 rms  0.652  0.061% neg 0  invalid 762 tFOTS 0.0000 tGradient 3.5690 tsec 3.9340
#GCMRL#   30 dt 129.472000 rms  0.652  0.055% neg 0  invalid 762 tFOTS 0.0000 tGradient 3.4620 tsec 3.8570
setting smoothness cost coefficient to 0.615

#GCAMreg# pass 0 level1 4 level2 0 tsec 0 sigma 2
l_jacobian=1.00 l_label=1.00 l_log_likelihood=0.20 l_smoothness=0.62 
tol=2.50e-01, dt=5.00e-02, exp_k=20.0, momentum=0.90, levels=6, niter=500, lbl_dist=10.00, avgs=64, sigma=2.0,type=2, relabel=0, neg=no

blurring input image with Gaussian with sigma=2.000...
GCAMRegisterLevel(): init RMS 0.662332
#FOTS# QuadFit found better minimum quadopt=(dt=69.9259,rms=0.660192) vs oldopt=(dt=25.92,rms=0.66053)
#GCMRL#   32 dt  69.925926 rms  0.660  0.323% neg 0  invalid 762 tFOTS 5.3950 tGradient 3.1500 tsec 8.9310
#FOTS# QuadFit found better minimum quadopt=(dt=331.776,rms=0.653366) vs oldopt=(dt=414.72,rms=0.654521)
#GCMRL#   33 dt 331.776000 rms  0.653  1.034% neg 0  invalid 762 tFOTS 5.3940 tGradient 2.7020 tsec 8.4910
#FOTS# QuadFit found better minimum quadopt=(dt=130.645,rms=0.649422) vs oldopt=(dt=103.68,rms=0.649556)
#GCMRL#   34 dt 130.644628 rms  0.649  0.604% neg 0  invalid 762 tFOTS 5.2290 tGradient 2.9760 tsec 8.6480
#FOTS# QuadFit found better minimum quadopt=(dt=88.233,rms=0.647142) vs oldopt=(dt=103.68,rms=0.647225)
#GCMRL#   35 dt  88.233010 rms  0.647  0.351% neg 0  invalid 762 tFOTS 5.1490 tGradient 2.9230 tsec 8.4700
#FOTS# QuadFit found better minimum quadopt=(dt=36.288,rms=0.646816) vs oldopt=(dt=25.92,rms=0.646857)
#GCMRL#   36 dt  36.288000 rms  0.647  0.000% neg 0  invalid 762 tFOTS 5.5100 tGradient 2.6740 tsec 8.6050
#GCMRL#   37 dt  36.288000 rms  0.647  0.038% neg 0  invalid 762 tFOTS 0.0000 tGradient 2.6920 tsec 3.1330
#GCMRL#   38 dt  36.288000 rms  0.646  0.065% neg 0  invalid 762 tFOTS 0.0000 tGradient 2.8610 tsec 3.2390
#GCMRL#   39 dt  36.288000 rms  0.645  0.106% neg 0  invalid 762 tFOTS 0.0000 tGradient 2.6820 tsec 3.0660
#GCMRL#   40 dt  36.288000 rms  0.645  0.143% neg 0  invalid 762 tFOTS 0.0000 tGradient 2.6490 tsec 3.0280
#GCMRL#   41 dt  36.288000 rms  0.644  0.159% neg 0  invalid 762 tFOTS 0.0000 tGradient 3.0450 tsec 3.4240
#GCMRL#   42 dt  36.288000 rms  0.642  0.164% neg 0  invalid 762 tFOTS 0.0000 tGradient 2.7990 tsec 3.1790
#GCMRL#   43 dt  36.288000 rms  0.641  0.162% neg 0  invalid 762 tFOTS 0.0000 tGradient 2.6940 tsec 3.0740
#GCMRL#   44 dt  36.288000 rms  0.640  0.146% neg 0  invalid 762 tFOTS 0.0000 tGradient 2.7050 tsec 3.0690
#GCMRL#   45 dt  36.288000 rms  0.640  0.131% neg 0  invalid 762 tFOTS 0.0000 tGradient 2.7260 tsec 3.1040
#GCMRL#   46 dt  36.288000 rms  0.639  0.125% neg 0  invalid 762 tFOTS 0.0000 tGradient 3.0390 tsec 3.4370
#GCMRL#   47 dt  36.288000 rms  0.638  0.125% neg 0  invalid 762 tFOTS 0.0000 tGradient 3.0150 tsec 3.3880
#GCMRL#   48 dt  36.288000 rms  0.637  0.113% neg 0  invalid 762 tFOTS 0.0000 tGradient 2.8680 tsec 3.2380
#GCMRL#   49 dt  36.288000 rms  0.637  0.102% neg 0  invalid 762 tFOTS 0.0000 tGradient 2.8560 tsec 3.2520
#FOTS# QuadFit found better minimum quadopt=(dt=0.000151875,rms=0.636677) vs oldopt=(dt=0.000253125,rms=0.636677)
#GCMRL#   50 dt   0.000152 rms  0.637  0.000% neg 0  invalid 762 tFOTS 7.5420 tGradient 3.0050 tsec 10.9760

#GCAMreg# pass 0 level1 4 level2 1 tsec 109.228 sigma 0.5
l_jacobian=1.00 l_label=1.00 l_log_likelihood=0.20 l_smoothness=0.62 
tol=2.50e-01, dt=5.00e-02, exp_k=20.0, momentum=0.90, levels=6, niter=500, lbl_dist=10.00, avgs=64, sigma=0.5,type=2, relabel=0, neg=no

blurring input image with Gaussian with sigma=0.500...
GCAMRegisterLevel(): init RMS 0.637196
#FOTS# QuadFit found better minimum quadopt=(dt=36.288,rms=0.636455) vs oldopt=(dt=25.92,rms=0.636481)
#GCMRL#   52 dt  36.288000 rms  0.636  0.116% neg 0  invalid 762 tFOTS 5.8330 tGradient 2.8420 tsec 9.0730
#GCMRL#   53 dt   0.450000 rms  0.636  0.000% neg 0  invalid 762 tFOTS 5.3250 tGradient 2.8470 tsec 8.6000
setting smoothness cost coefficient to 2.353

#GCAMreg# pass 0 level1 3 level2 0 tsec 0 sigma 2
l_jacobian=1.00 l_label=1.00 l_log_likelihood=0.20 l_smoothness=2.35 
tol=2.50e-01, dt=5.00e-02, exp_k=20.0, momentum=0.90, levels=6, niter=500, lbl_dist=10.00, avgs=16, sigma=2.0,type=2, relabel=0, neg=no

blurring input image with Gaussian with sigma=2.000...
GCAMRegisterLevel(): init RMS 0.666622
#FOTS# QuadFit found better minimum quadopt=(dt=1.6,rms=0.665915) vs oldopt=(dt=2,rms=0.665916)
#GCMRL#   55 dt   1.600000 rms  0.666  0.106% neg 0  invalid 762 tFOTS 4.9750 tGradient 2.5080 tsec 7.8750
#FOTS# QuadFit found better minimum quadopt=(dt=0.4,rms=0.665911) vs oldopt=(dt=0.5,rms=0.665911)
#GCMRL#   56 dt   0.400000 rms  0.666  0.000% neg 0  invalid 762 tFOTS 5.3050 tGradient 2.5880 tsec 8.3250
#GCMRL#   57 dt   0.400000 rms  0.666  0.001% neg 0  invalid 762 tFOTS 0.0000 tGradient 2.3640 tsec 2.7470

#GCAMreg# pass 0 level1 3 level2 1 tsec 31.371 sigma 0.5
l_jacobian=1.00 l_label=1.00 l_log_likelihood=0.20 l_smoothness=2.35 
tol=2.50e-01, dt=5.00e-02, exp_k=20.0, momentum=0.90, levels=6, niter=500, lbl_dist=10.00, avgs=16, sigma=0.5,type=2, relabel=0, neg=no

blurring input image with Gaussian with sigma=0.500...
GCAMRegisterLevel(): init RMS 0.666426
#GCMRL#   59 dt   0.125000 rms  0.666  0.078% neg 0  invalid 762 tFOTS 4.8770 tGradient 2.5110 tsec 7.7760
#FOTS# QuadFit found better minimum quadopt=(dt=0.009375,rms=0.665908) vs oldopt=(dt=0.0078125,rms=0.665908)
setting smoothness cost coefficient to 8.000

#GCAMreg# pass 0 level1 2 level2 0 tsec 0 sigma 2
l_jacobian=1.00 l_label=1.00 l_log_likelihood=0.20 l_smoothness=8.00 
tol=2.50e-01, dt=5.00e-02, exp_k=20.0, momentum=0.90, levels=6, niter=500, lbl_dist=10.00, avgs=4, sigma=2.0,type=2, relabel=0, neg=no

blurring input image with Gaussian with sigma=2.000...
GCAMRegisterLevel(): init RMS 0.745059
#FOTS# QuadFit found better minimum quadopt=(dt=2.65484,rms=0.7194) vs oldopt=(dt=2.88,rms=0.719587)
#GCMRL#   61 dt   2.654839 rms  0.719  3.444% neg 0  invalid 762 tFOTS 4.8670 tGradient 2.3130 tsec 7.5760
#FOTS# QuadFit found better minimum quadopt=(dt=2.14918,rms=0.715567) vs oldopt=(dt=2.88,rms=0.716029)
#GCMRL#   62 dt   2.149184 rms  0.716  0.533% neg 0  invalid 762 tFOTS 4.9220 tGradient 2.0520 tsec 7.3730
#FOTS# QuadFit found better minimum quadopt=(dt=1.85806,rms=0.714562) vs oldopt=(dt=2.88,rms=0.714893)
#GCMRL#   63 dt   1.858065 rms  0.715  0.000% neg 0  invalid 762 tFOTS 4.9110 tGradient 2.0890 tsec 7.4300

#GCAMreg# pass 0 level1 2 level2 1 tsec 34.626 sigma 0.5
l_jacobian=1.00 l_label=1.00 l_log_likelihood=0.20 l_smoothness=8.00 
tol=2.50e-01, dt=5.00e-02, exp_k=20.0, momentum=0.90, levels=6, niter=500, lbl_dist=10.00, avgs=4, sigma=0.5,type=2, relabel=0, neg=no

blurring input image with Gaussian with sigma=0.500...
GCAMRegisterLevel(): init RMS 0.715052
#GCMRL#   65 dt   0.000000 rms  0.715  0.069% neg 0  invalid 762 tFOTS 5.1650 tGradient 2.1680 tsec 7.7930
setting smoothness cost coefficient to 20.000

#GCAMreg# pass 0 level1 1 level2 0 tsec 0 sigma 2
l_jacobian=1.00 l_label=1.00 l_log_likelihood=0.20 l_smoothness=20.00 
tol=2.50e-01, dt=5.00e-02, exp_k=20.0, momentum=0.90, levels=6, niter=500, lbl_dist=10.00, avgs=1, sigma=2.0,type=2, relabel=0, neg=no

blurring input image with Gaussian with sigma=2.000...
GCAMRegisterLevel(): init RMS 0.769283
#GCMRL#   67 dt   0.320000 rms  0.768  0.216% neg 0  invalid 762 tFOTS 4.8230 tGradient 1.9840 tsec 7.2880
#FOTS# QuadFit found better minimum quadopt=(dt=1.15009,rms=0.761523) vs oldopt=(dt=1.28,rms=0.76153)
#GCMRL#   68 dt   1.150090 rms  0.762  0.795% neg 0  invalid 762 tFOTS 4.6950 tGradient 1.8950 tsec 6.9810
#FOTS# QuadFit found better minimum quadopt=(dt=0.192,rms=0.760154) vs oldopt=(dt=0.32,rms=0.760522)
#GCMRL#   69 dt   0.192000 rms  0.760  0.000% neg 0  invalid 762 tFOTS 4.7700 tGradient 1.9470 tsec 7.1540
#GCMRL#   70 dt   0.192000 rms  0.759  0.098% neg 0  invalid 762 tFOTS 0.0000 tGradient 1.9420 tsec 2.3360
#GCMRL#   71 dt   0.192000 rms  0.758  0.148% neg 0  invalid 762 tFOTS 0.0000 tGradient 1.9950 tsec 2.3840
#GCMRL#   72 dt   0.192000 rms  0.756  0.244% neg 0  invalid 762 tFOTS 0.0000 tGradient 1.9150 tsec 2.3080
#GCMRL#   73 dt   0.192000 rms  0.754  0.285% neg 0  invalid 762 tFOTS 0.0000 tGradient 1.8560 tsec 2.2490
#GCMRL#   74 dt   0.192000 rms  0.753  0.203% neg 0  invalid 762 tFOTS 0.0000 tGradient 1.9540 tsec 2.3500
#GCMRL#   75 dt   0.192000 rms  0.752  0.086% neg 0  invalid 762 tFOTS 0.0000 tGradient 2.2000 tsec 2.6430
#GCMRL#   76 dt   0.192000 rms  0.752 -0.020% neg 0  invalid 762 tFOTS 0.0000 tGradient 2.0990 tsec 2.8410
#FOTS# QuadFit found better minimum quadopt=(dt=0.112,rms=0.752095) vs oldopt=(dt=0.08,rms=0.752098)
#GCMRL#   77 dt   0.112000 rms  0.752  0.004% neg 0  invalid 762 tFOTS 5.4730 tGradient 1.8740 tsec 7.7490
#FOTS# QuadFit found better minimum quadopt=(dt=0.448,rms=0.751883) vs oldopt=(dt=0.32,rms=0.751919)
#GCMRL#   78 dt   0.448000 rms  0.752  0.028% neg 0  invalid 762 tFOTS 5.0110 tGradient 1.9370 tsec 7.3490
#GCMRL#   79 dt   1.280000 rms  0.751  0.181% neg 0  invalid 762 tFOTS 5.0110 tGradient 1.8480 tsec 7.2660
#FOTS# QuadFit found better minimum quadopt=(dt=0.096,rms=0.750406) vs oldopt=(dt=0.08,rms=0.750409)

#GCAMreg# pass 0 level1 1 level2 1 tsec 77.786 sigma 0.5
l_jacobian=1.00 l_label=1.00 l_log_likelihood=0.20 l_smoothness=20.00 
tol=2.50e-01, dt=5.00e-02, exp_k=20.0, momentum=0.90, levels=6, niter=500, lbl_dist=10.00, avgs=1, sigma=0.5,type=2, relabel=0, neg=no

blurring input image with Gaussian with sigma=0.500...
GCAMRegisterLevel(): init RMS 0.750895
#FOTS# QuadFit found better minimum quadopt=(dt=0.112,rms=0.750326) vs oldopt=(dt=0.08,rms=0.750332)
#GCMRL#   81 dt   0.112000 rms  0.750  0.076% neg 0  invalid 762 tFOTS 4.9330 tGradient 1.8780 tsec 7.2050
#FOTS# QuadFit found better minimum quadopt=(dt=0.048,rms=0.750323) vs oldopt=(dt=0.08,rms=0.750325)
#GCMRL#   82 dt   0.048000 rms  0.750  0.000% neg 0  invalid 762 tFOTS 5.0300 tGradient 1.9200 tsec 7.4380
#GCMRL#   83 dt   0.048000 rms  0.750  0.001% neg 0  invalid 762 tFOTS 0.0000 tGradient 1.8310 tsec 2.2070
resetting metric properties...
setting smoothness cost coefficient to 40.000

#GCAMreg# pass 0 level1 0 level2 0 tsec 0 sigma 2
l_jacobian=1.00 l_label=1.00 l_log_likelihood=0.20 l_smoothness=40.00 
tol=2.50e-01, dt=5.00e-02, exp_k=20.0, momentum=0.90, levels=6, niter=500, lbl_dist=10.00, avgs=0, sigma=2.0,type=2, relabel=0, neg=no

blurring input image with Gaussian with sigma=2.000...
GCAMRegisterLevel(): init RMS 0.715071
#FOTS# QuadFit found better minimum quadopt=(dt=0.140046,rms=0.711424) vs oldopt=(dt=0.08,rms=0.712351)
#GCMRL#   85 dt   0.140046 rms  0.711  0.510% neg 0  invalid 762 tFOTS 4.6260 tGradient 1.3180 tsec 6.3120
#GCMRL#   86 dt   0.005000 rms  0.711  0.000% neg 0  invalid 762 tFOTS 4.6070 tGradient 1.2490 tsec 6.2550

#GCAMreg# pass 0 level1 0 level2 1 tsec 23.85 sigma 0.5
l_jacobian=1.00 l_label=1.00 l_log_likelihood=0.20 l_smoothness=40.00 
tol=2.50e-01, dt=5.00e-02, exp_k=20.0, momentum=0.90, levels=6, niter=500, lbl_dist=10.00, avgs=0, sigma=0.5,type=2, relabel=0, neg=no

blurring input image with Gaussian with sigma=0.500...
GCAMRegisterLevel(): init RMS 0.711923
#FOTS# QuadFit found better minimum quadopt=(dt=0.006,rms=0.711404) vs oldopt=(dt=0.005,rms=0.711404)
#GCMRL#   88 dt   0.006000 rms  0.711  0.073% neg 0  invalid 762 tFOTS 4.8000 tGradient 1.2430 tsec 6.4160
#FOTS# QuadFit found better minimum quadopt=(dt=0,rms=0.711404) vs oldopt=(dt=0,rms=0.711404)
#GCMRL#   89 dt   0.050000 rms  0.711  0.000% neg 0  invalid 762 tFOTS 4.3590 tGradient 1.2200 tsec 5.9810
GCAMregister done in 9.34823 min
Starting GCAmapRenormalizeWithAlignment() without scales
renormalizing by structure alignment....
renormalizing input #0
gca peak = 0.10253 (16)
mri peak = 0.19408 (22)
Left_Lateral_Ventricle (4): linear fit = 1.32 x + 0.0 (1250 voxels, overlap=0.462)
Left_Lateral_Ventricle (4): linear fit = 1.32 x + 0.0 (1250 voxels, peak = 21), gca=21.0
gca peak = 0.17690 (16)
mri peak = 0.25538 (22)
Right_Lateral_Ventricle (43): linear fit = 1.28 x + 0.0 (1367 voxels, overlap=0.442)
Right_Lateral_Ventricle (43): linear fit = 1.28 x + 0.0 (1367 voxels, peak = 21), gca=20.6
gca peak = 0.28275 (96)
mri peak = 0.09896 (98)
Right_Pallidum (52): linear fit = 1.02 x + 0.0 (1180 voxels, overlap=0.999)
Right_Pallidum (52): linear fit = 1.02 x + 0.0 (1180 voxels, peak = 98), gca=98.4
gca peak = 0.18948 (93)
mri peak = 0.12316 (100)
Left_Pallidum (13): linear fit = 1.04 x + 0.0 (961 voxels, overlap=0.968)
Left_Pallidum (13): linear fit = 1.04 x + 0.0 (961 voxels, peak = 97), gca=97.2
gca peak = 0.20755 (55)
mri peak = 0.13040 (69)
Right_Hippocampus (53): linear fit = 1.22 x + 0.0 (1335 voxels, overlap=0.011)
Right_Hippocampus (53): linear fit = 1.22 x + 0.0 (1335 voxels, peak = 67), gca=66.8
gca peak = 0.31831 (58)
mri peak = 0.10380 (69)
Left_Hippocampus (17): linear fit = 1.18 x + 0.0 (1271 voxels, overlap=0.006)
Left_Hippocampus (17): linear fit = 1.18 x + 0.0 (1271 voxels, peak = 69), gca=68.7
gca peak = 0.11957 (102)
mri peak = 0.10861 (107)
Right_Cerebral_White_Matter (41): linear fit = 1.04 x + 0.0 (76431 voxels, overlap=0.576)
Right_Cerebral_White_Matter (41): linear fit = 1.04 x + 0.0 (76431 voxels, peak = 107), gca=106.6
gca peak = 0.11429 (102)
mri peak = 0.13468 (108)
Left_Cerebral_White_Matter (2): linear fit = 1.05 x + 0.0 (77927 voxels, overlap=0.366)
Left_Cerebral_White_Matter (2): linear fit = 1.05 x + 0.0 (77927 voxels, peak = 108), gca=107.6
gca peak = 0.14521 (59)
mri peak = 0.04072 (68)
Left_Cerebral_Cortex (3): linear fit = 1.12 x + 0.0 (41401 voxels, overlap=0.689)
Left_Cerebral_Cortex (3): linear fit = 1.12 x + 0.0 (41401 voxels, peak = 66), gca=66.4
gca peak = 0.14336 (58)
mri peak = 0.04467 (70)
Right_Cerebral_Cortex (42): linear fit = 1.18 x + 0.0 (39125 voxels, overlap=0.152)
Right_Cerebral_Cortex (42): linear fit = 1.18 x + 0.0 (39125 voxels, peak = 69), gca=68.7
gca peak = 0.13305 (70)
mri peak = 0.12028 (80)
Right_Caudate (50): linear fit = 1.17 x + 0.0 (1279 voxels, overlap=0.019)
Right_Caudate (50): linear fit = 1.17 x + 0.0 (1279 voxels, peak = 82), gca=82.2
gca peak = 0.15761 (71)
mri peak = 0.14052 (80)
Left_Caudate (11): linear fit = 1.12 x + 0.0 (1260 voxels, overlap=0.339)
Left_Caudate (11): linear fit = 1.12 x + 0.0 (1260 voxels, peak = 79), gca=79.2
gca peak = 0.13537 (57)
mri peak = 0.05896 (66)
Left_Cerebellum_Cortex (8): linear fit = 1.16 x + 0.0 (37362 voxels, overlap=0.567)
Left_Cerebellum_Cortex (8): linear fit = 1.16 x + 0.0 (37362 voxels, peak = 66), gca=66.4
gca peak = 0.13487 (56)
mri peak = 0.07428 (64)
Right_Cerebellum_Cortex (47): linear fit = 1.16 x + 0.0 (40781 voxels, overlap=0.344)
Right_Cerebellum_Cortex (47): linear fit = 1.16 x + 0.0 (40781 voxels, peak = 65), gca=65.2
gca peak = 0.19040 (84)
mri peak = 0.13356 (87)
Left_Cerebellum_White_Matter (7): linear fit = 1.04 x + 0.0 (11851 voxels, overlap=0.541)
Left_Cerebellum_White_Matter (7): linear fit = 1.04 x + 0.0 (11851 voxels, peak = 88), gca=87.8
gca peak = 0.18871 (83)
mri peak = 0.15757 (86)
Right_Cerebellum_White_Matter (46): linear fit = 1.02 x + 0.0 (10151 voxels, overlap=0.695)
Right_Cerebellum_White_Matter (46): linear fit = 1.02 x + 0.0 (10151 voxels, peak = 85), gca=85.1
gca peak = 0.24248 (57)
mri peak = 0.21846 (74)
Left_Amygdala (18): linear fit = 1.25 x + 0.0 (547 voxels, overlap=0.032)
Left_Amygdala (18): linear fit = 1.25 x + 0.0 (547 voxels, peak = 72), gca=71.5
gca peak = 0.35833 (56)
mri peak = 0.22173 (71)
Right_Amygdala (54): linear fit = 1.23 x + 0.0 (664 voxels, overlap=0.018)
Right_Amygdala (54): linear fit = 1.23 x + 0.0 (664 voxels, peak = 69), gca=68.6
gca peak = 0.12897 (85)
mri peak = 0.06643 (91)
Left_Thalamus (10): linear fit = 1.07 x + 0.0 (6303 voxels, overlap=0.792)
Left_Thalamus (10): linear fit = 1.07 x + 0.0 (6303 voxels, peak = 91), gca=90.5
gca peak = 0.13127 (83)
mri peak = 0.07507 (91)
Right_Thalamus (49): linear fit = 1.09 x + 0.0 (5606 voxels, overlap=0.641)
Right_Thalamus (49): linear fit = 1.09 x + 0.0 (5606 voxels, peak = 90), gca=90.1
gca peak = 0.12974 (78)
mri peak = 0.10443 (87)
Left_Putamen (12): linear fit = 1.13 x + 0.0 (2787 voxels, overlap=0.262)
Left_Putamen (12): linear fit = 1.13 x + 0.0 (2787 voxels, peak = 89), gca=88.5
gca peak = 0.17796 (79)
mri peak = 0.06900 (84)
Right_Putamen (51): linear fit = 1.12 x + 0.0 (2870 voxels, overlap=0.596)
Right_Putamen (51): linear fit = 1.12 x + 0.0 (2870 voxels, peak = 89), gca=88.9
gca peak = 0.10999 (80)
mri peak = 0.08112 (90)
Brain_Stem (16): linear fit = 1.10 x + 0.0 (14140 voxels, overlap=0.416)
Brain_Stem (16): linear fit = 1.10 x + 0.0 (14140 voxels, peak = 88), gca=87.6
gca peak = 0.13215 (88)
mri peak = 0.10042 (99)
Right_VentralDC (60): linear fit = 1.12 x + 0.0 (1500 voxels, overlap=0.127)
Right_VentralDC (60): linear fit = 1.12 x + 0.0 (1500 voxels, peak = 98), gca=98.1
gca peak = 0.11941 (89)
mri peak = 0.10630 (95)
Left_VentralDC (28): linear fit = 1.09 x + 0.0 (1488 voxels, overlap=0.159)
Left_VentralDC (28): linear fit = 1.09 x + 0.0 (1488 voxels, peak = 97), gca=96.6
gca peak = 0.20775 (25)
mri peak = 0.15428 (27)
gca peak = 0.13297 (21)
mri peak = 0.23704 (24)
Fourth_Ventricle (15): linear fit = 1.41 x + 0.0 (682 voxels, overlap=0.348)
Fourth_Ventricle (15): linear fit = 1.41 x + 0.0 (682 voxels, peak = 30), gca=29.7
gca peak Unknown = 0.94777 ( 0)
gca peak Left_Inf_Lat_Vent = 0.19087 (28)
gca peak Third_Ventricle = 0.20775 (25)
gca peak CSF = 0.16821 (33)
gca peak Left_Accumbens_area = 0.32850 (63)
gca peak Left_undetermined = 0.98480 (28)
gca peak Left_vessel = 0.40887 (53)
gca peak Left_choroid_plexus = 0.10898 (46)
gca peak Right_Inf_Lat_Vent = 0.17798 (26)
gca peak Right_Accumbens_area = 0.30137 (64)
gca peak Right_vessel = 0.47828 (52)
gca peak Right_choroid_plexus = 0.11612 (45)
gca peak Fifth_Ventricle = 0.59466 (35)
gca peak WM_hypointensities = 0.10053 (78)
gca peak non_WM_hypointensities = 0.07253 (60)
gca peak Optic_Chiasm = 0.25330 (73)
not using caudate to estimate GM means
estimating mean gm scale to be 1.20 x + 0.0
estimating mean wm scale to be 1.05 x + 0.0
estimating mean csf scale to be 1.34 x + 0.0
saving intensity scales to talairach.label_intensities.txt
GCAmapRenormalizeWithAlignment() took 4.25907 min
noneg pre
Starting GCAMregister()
label assignment complete, 0 changed (0.00%)
npasses = 1, nlevels = 6
#pass# 1 of 1 ************************
enabling zero nodes
setting smoothness cost coefficient to 0.008

#GCAMreg# pass 0 level1 5 level2 0 tsec 0 sigma 2
l_jacobian=1.00 l_label=1.00 l_log_likelihood=0.20 l_smoothness=0.01 
tol=5.00e-02, dt=5.00e-02, exp_k=20.0, momentum=0.90, levels=6, niter=500, lbl_dist=10.00, avgs=256, sigma=2.0,type=2, relabel=0, neg=no

blurring input image with Gaussian with sigma=2.000...
GCAMRegisterLevel(): init RMS 0.726939
#FOTS# QuadFit found better minimum quadopt=(dt=200.132,rms=0.68127) vs oldopt=(dt=92.48,rms=0.694689)
#GCMRL#   91 dt 200.132013 rms  0.681  6.282% neg 0  invalid 762 tFOTS 4.7280 tGradient 3.6840 tsec 8.8410
#FOTS# QuadFit found better minimum quadopt=(dt=298.512,rms=0.668139) vs oldopt=(dt=369.92,rms=0.668835)
#GCMRL#   92 dt 298.511965 rms  0.668  1.927% neg 0  invalid 762 tFOTS 5.7540 tGradient 3.6680 tsec 9.8390
#FOTS# QuadFit found better minimum quadopt=(dt=166.575,rms=0.66361) vs oldopt=(dt=92.48,rms=0.664776)
#GCMRL#   93 dt 166.575342 rms  0.664  0.678% neg 0  invalid 762 tFOTS 5.4810 tGradient 3.4710 tsec 9.3450
#FOTS# QuadFit found better minimum quadopt=(dt=517.888,rms=0.657892) vs oldopt=(dt=369.92,rms=0.658875)
#GCMRL#   94 dt 517.888000 rms  0.658  0.862% neg 0  invalid 762 tFOTS 5.7890 tGradient 3.6840 tsec 9.9100
#FOTS# QuadFit found better minimum quadopt=(dt=129.472,rms=0.65638) vs oldopt=(dt=92.48,rms=0.65659)
#GCMRL#   95 dt 129.472000 rms  0.656  0.230% neg 0  invalid 762 tFOTS 5.0700 tGradient 3.4300 tsec 8.8880
#FOTS# QuadFit found better minimum quadopt=(dt=517.888,rms=0.653925) vs oldopt=(dt=369.92,rms=0.654325)
#GCMRL#   96 dt 517.888000 rms  0.654  0.374% neg 0  invalid 762 tFOTS 5.1230 tGradient 3.4220 tsec 8.9270
#FOTS# QuadFit found better minimum quadopt=(dt=129.472,rms=0.652704) vs oldopt=(dt=92.48,rms=0.6528)
#GCMRL#   97 dt 129.472000 rms  0.653  0.187% neg 0  invalid 762 tFOTS 5.3990 tGradient 3.6180 tsec 9.4390
#GCMRL#   98 dt 369.920000 rms  0.651  0.198% neg 0  invalid 762 tFOTS 5.3460 tGradient 3.8050 tsec 9.5750
#FOTS# QuadFit found better minimum quadopt=(dt=110.976,rms=0.650498) vs oldopt=(dt=92.48,rms=0.650529)
#GCMRL#   99 dt 110.976000 rms  0.650  0.140% neg 0  invalid 762 tFOTS 5.0070 tGradient 3.1860 tsec 8.5710
#FOTS# QuadFit found better minimum quadopt=(dt=887.808,rms=0.648342) vs oldopt=(dt=1479.68,rms=0.648793)
#GCMRL#  100 dt 887.808000 rms  0.648  0.331% neg 0  invalid 762 tFOTS 5.0730 tGradient 3.2330 tsec 8.6900
#GCMRL#  101 dt  92.480000 rms  0.647  0.208% neg 0  invalid 762 tFOTS 5.3400 tGradient 3.3170 tsec 9.0440
#FOTS# QuadFit found better minimum quadopt=(dt=2071.55,rms=0.643459) vs oldopt=(dt=1479.68,rms=0.643758)
#GCMRL#  102 dt 2071.552000 rms  0.643  0.546% neg 0  invalid 762 tFOTS 5.9250 tGradient 3.6090 tsec 9.9300
#FOTS# QuadFit found better minimum quadopt=(dt=129.472,rms=0.641416) vs oldopt=(dt=92.48,rms=0.641541)
#GCMRL#  103 dt 129.472000 rms  0.641  0.317% neg 0  invalid 762 tFOTS 5.5530 tGradient 3.2890 tsec 9.2390
#FOTS# QuadFit found better minimum quadopt=(dt=129.472,rms=0.641073) vs oldopt=(dt=92.48,rms=0.641103)
#GCMRL#  104 dt 129.472000 rms  0.641  0.053% neg 0  invalid 762 tFOTS 5.4120 tGradient 3.3550 tsec 9.1700
#FOTS# QuadFit found better minimum quadopt=(dt=517.888,rms=0.640537) vs oldopt=(dt=369.92,rms=0.640628)
#GCMRL#  105 dt 517.888000 rms  0.641  0.084% neg 0  invalid 762 tFOTS 5.6230 tGradient 3.1580 tsec 9.1670
#FOTS# QuadFit found better minimum quadopt=(dt=129.472,rms=0.640144) vs oldopt=(dt=92.48,rms=0.640194)
#GCMRL#  106 dt 129.472000 rms  0.640  0.061% neg 0  invalid 762 tFOTS 5.0680 tGradient 3.2090 tsec 8.6570
#FOTS# QuadFit found better minimum quadopt=(dt=517.888,rms=0.639393) vs oldopt=(dt=369.92,rms=0.639507)
#GCMRL#  107 dt 517.888000 rms  0.639  0.117% neg 0  invalid 762 tFOTS 5.3880 tGradient 3.7610 tsec 9.5290
#GCMRL#  108 dt  92.480000 rms  0.639  0.058% neg 0  invalid 762 tFOTS 5.0900 tGradient 3.3420 tsec 8.8140
#FOTS# QuadFit found better minimum quadopt=(dt=4734.98,rms=0.635952) vs oldopt=(dt=5918.72,rms=0.636329)
#GCMRL#  109 dt 4734.976000 rms  0.636  0.481% neg 0  invalid 762 tFOTS 5.4350 tGradient 3.1530 tsec 8.9760
#FOTS# QuadFit found better minimum quadopt=(dt=129.472,rms=0.633265) vs oldopt=(dt=92.48,rms=0.633455)
#GCMRL#  110 dt 129.472000 rms  0.633  0.423% neg 0  invalid 762 tFOTS 5.6640 tGradient 3.2730 tsec 9.3260
#FOTS# QuadFit found better minimum quadopt=(dt=295.936,rms=0.632589) vs oldopt=(dt=369.92,rms=0.632632)
#GCMRL#  111 dt 295.936000 rms  0.633  0.107% neg 0  invalid 762 tFOTS 5.3500 tGradient 3.2770 tsec 9.0120
#FOTS# QuadFit found better minimum quadopt=(dt=110.976,rms=0.632333) vs oldopt=(dt=92.48,rms=0.632346)
#GCMRL#  112 dt 110.976000 rms  0.632  0.000% neg 0  invalid 762 tFOTS 5.4010 tGradient 3.3230 tsec 9.1610
#GCMRL#  113 dt 110.976000 rms  0.632  0.018% neg 0  invalid 762 tFOTS 0.0000 tGradient 3.3210 tsec 3.7760
#GCMRL#  114 dt 110.976000 rms  0.632  0.027% neg 0  invalid 762 tFOTS 0.0000 tGradient 3.6140 tsec 4.0320
#GCMRL#  115 dt 110.976000 rms  0.632  0.042% neg 0  invalid 762 tFOTS 0.0000 tGradient 3.4440 tsec 3.8360
#GCMRL#  116 dt 110.976000 rms  0.631  0.055% neg 0  invalid 762 tFOTS 0.0000 tGradient 3.2630 tsec 3.6540
#GCMRL#  117 dt 110.976000 rms  0.631  0.065% neg 0  invalid 762 tFOTS 0.0000 tGradient 3.1960 tsec 3.6010
#GCMRL#  118 dt 110.976000 rms  0.631  0.073% neg 0  invalid 762 tFOTS 0.0000 tGradient 3.2850 tsec 3.6790
#GCMRL#  119 dt 110.976000 rms  0.630  0.078% neg 0  invalid 762 tFOTS 0.0000 tGradient 3.1550 tsec 3.5420
#GCMRL#  120 dt 110.976000 rms  0.630  0.080% neg 0  invalid 762 tFOTS 0.0000 tGradient 3.1600 tsec 3.5450
#GCMRL#  121 dt 110.976000 rms  0.629  0.082% neg 0  invalid 762 tFOTS 0.0000 tGradient 3.2080 tsec 3.5970
#GCMRL#  122 dt 110.976000 rms  0.629  0.079% neg 0  invalid 762 tFOTS 0.0000 tGradient 3.3740 tsec 3.7750
#GCMRL#  123 dt 110.976000 rms  0.628  0.078% neg 0  invalid 762 tFOTS 0.0000 tGradient 3.1870 tsec 3.5800
#GCMRL#  124 dt 110.976000 rms  0.628  0.079% neg 0  invalid 762 tFOTS 0.0000 tGradient 3.7970 tsec 4.2200
#GCMRL#  125 dt 110.976000 rms  0.627  0.082% neg 0  invalid 762 tFOTS 0.0000 tGradient 3.8230 tsec 4.2340
#GCMRL#  126 dt 110.976000 rms  0.627  0.084% neg 0  invalid 762 tFOTS 0.0000 tGradient 3.8400 tsec 4.2750
#GCMRL#  127 dt 110.976000 rms  0.626  0.076% neg 0  invalid 762 tFOTS 0.0000 tGradient 3.3090 tsec 3.7060
#GCMRL#  128 dt 110.976000 rms  0.626  0.077% neg 0  invalid 762 tFOTS 0.0000 tGradient 3.3760 tsec 3.7710
#GCMRL#  129 dt 110.976000 rms  0.625  0.073% neg 0  invalid 762 tFOTS 0.0000 tGradient 3.4340 tsec 3.8340
#GCMRL#  130 dt 110.976000 rms  0.625  0.072% neg 0  invalid 762 tFOTS 0.0000 tGradient 3.3750 tsec 3.7660
#GCMRL#  131 dt 110.976000 rms  0.624  0.071% neg 0  invalid 762 tFOTS 0.0000 tGradient 3.4350 tsec 3.8250
#GCMRL#  132 dt 110.976000 rms  0.624  0.070% neg 0  invalid 762 tFOTS 0.0000 tGradient 3.5010 tsec 3.8950
#GCMRL#  133 dt 110.976000 rms  0.623  0.076% neg 0  invalid 762 tFOTS 0.0000 tGradient 3.6780 tsec 4.0850
#GCMRL#  134 dt 110.976000 rms  0.623  0.068% neg 0  invalid 762 tFOTS 0.0000 tGradient 4.0620 tsec 4.4370
#GCMRL#  135 dt 110.976000 rms  0.623  0.062% neg 0  invalid 762 tFOTS 0.0000 tGradient 3.5010 tsec 3.8830
#GCMRL#  136 dt 110.976000 rms  0.622  0.058% neg 0  invalid 762 tFOTS 0.0000 tGradient 3.4950 tsec 3.9090
#GCMRL#  137 dt 110.976000 rms  0.622  0.055% neg 0  invalid 762 tFOTS 0.0000 tGradient 3.6640 tsec 4.1340
#GCMRL#  138 dt 110.976000 rms  0.621  0.051% neg 0  invalid 762 tFOTS 0.0000 tGradient 3.4970 tsec 4.0300
#GCMRL#  139 dt 110.976000 rms  0.621  0.050% neg 0  invalid 762 tFOTS 0.0000 tGradient 3.6550 tsec 4.1660
#GCMRL#  140 dt 110.976000 rms  0.621  0.053% neg 0  invalid 762 tFOTS 0.0000 tGradient 3.4330 tsec 3.8910
#GCMRL#  141 dt 110.976000 rms  0.621  0.053% neg 0  invalid 762 tFOTS 0.0000 tGradient 3.5570 tsec 3.9630
#GCMRL#  142 dt 110.976000 rms  0.620  0.055% neg 0  invalid 762 tFOTS 0.0000 tGradient 3.5590 tsec 3.9480
#GCMRL#  143 dt 110.976000 rms  0.620  0.055% neg 0  invalid 762 tFOTS 0.0000 tGradient 3.4590 tsec 3.8400
#GCMRL#  144 dt 110.976000 rms  0.620  0.052% neg 0  invalid 762 tFOTS 0.0000 tGradient 3.5310 tsec 3.9070
#GCMRL#  145 dt 110.976000 rms  0.619  0.046% neg 0  invalid 762 tFOTS 0.0000 tGradient 3.7420 tsec 4.1780
#GCMRL#  146 dt 110.976000 rms  0.619  0.051% neg 0  invalid 762 tFOTS 0.0000 tGradient 3.4320 tsec 3.8100
#GCMRL#  147 dt 110.976000 rms  0.619  0.046% neg 0  invalid 762 tFOTS 0.0000 tGradient 3.6560 tsec 4.1070
#GCMRL#  148 dt 110.976000 rms  0.618  0.045% neg 0  invalid 762 tFOTS 0.0000 tGradient 3.8910 tsec 4.2790
#GCMRL#  149 dt 110.976000 rms  0.618  0.044% neg 0  invalid 762 tFOTS 0.0000 tGradient 3.7350 tsec 4.1260
#GCMRL#  150 dt 110.976000 rms  0.618  0.045% neg 0  invalid 762 tFOTS 0.0000 tGradient 3.7770 tsec 4.1620
#GCMRL#  151 dt 110.976000 rms  0.618  0.044% neg 0  invalid 762 tFOTS 0.0000 tGradient 4.1310 tsec 4.5190
#GCMRL#  152 dt 110.976000 rms  0.617  0.042% neg 0  invalid 762 tFOTS 0.0000 tGradient 3.4860 tsec 3.8730
#GCMRL#  153 dt 110.976000 rms  0.617  0.039% neg 0  invalid 762 tFOTS 0.0000 tGradient 3.4630 tsec 3.9870
#GCMRL#  154 dt 110.976000 rms  0.617  0.035% neg 0  invalid 762 tFOTS 0.0000 tGradient 3.7680 tsec 4.3500
#GCMRL#  155 dt 110.976000 rms  0.617  0.035% neg 0  invalid 762 tFOTS 0.0000 tGradient 3.6010 tsec 3.9940
#GCMRL#  156 dt 110.976000 rms  0.616  0.035% neg 0  invalid 762 tFOTS 0.0000 tGradient 3.6600 tsec 4.1760
#GCMRL#  157 dt 110.976000 rms  0.616  0.036% neg 0  invalid 762 tFOTS 0.0000 tGradient 4.1840 tsec 4.7190
#GCMRL#  158 dt 110.976000 rms  0.616  0.036% neg 0  invalid 762 tFOTS 0.0000 tGradient 3.6250 tsec 4.0060
#GCMRL#  159 dt 110.976000 rms  0.616  0.032% neg 0  invalid 762 tFOTS 0.0000 tGradient 3.7330 tsec 4.2700
#GCMRL#  160 dt 110.976000 rms  0.616  0.032% neg 0  invalid 762 tFOTS 0.0000 tGradient 3.8490 tsec 4.3540
#GCMRL#  161 dt 110.976000 rms  0.615  0.032% neg 0  invalid 762 tFOTS 0.0000 tGradient 3.9590 tsec 4.4170
#GCMRL#  162 dt 110.976000 rms  0.615  0.034% neg 0  invalid 762 tFOTS 0.0000 tGradient 3.7560 tsec 4.2810
#GCMRL#  163 dt 110.976000 rms  0.615  0.031% neg 0  invalid 762 tFOTS 0.0000 tGradient 3.5810 tsec 4.1080
#GCMRL#  164 dt 110.976000 rms  0.615  0.030% neg 0  invalid 762 tFOTS 0.0000 tGradient 3.7340 tsec 4.1430
#GCMRL#  165 dt 110.976000 rms  0.615  0.030% neg 0  invalid 762 tFOTS 0.0000 tGradient 3.6790 tsec 4.1950
#GCMRL#  166 dt 110.976000 rms  0.614  0.030% neg 0  invalid 762 tFOTS 0.0000 tGradient 3.5100 tsec 4.0440
#GCMRL#  167 dt 110.976000 rms  0.614  0.029% neg 0  invalid 762 tFOTS 0.0000 tGradient 3.7400 tsec 4.2190
#GCMRL#  168 dt 110.976000 rms  0.614  0.028% neg 0  invalid 762 tFOTS 0.0000 tGradient 4.0260 tsec 4.5310
#GCMRL#  169 dt 110.976000 rms  0.614  0.029% neg 0  invalid 762 tFOTS 0.0000 tGradient 3.5760 tsec 4.0770
#GCMRL#  170 dt 110.976000 rms  0.614  0.026% neg 0  invalid 762 tFOTS 0.0000 tGradient 3.3680 tsec 3.8420
#GCMRL#  171 dt 110.976000 rms  0.614  0.027% neg 0  invalid 762 tFOTS 0.0000 tGradient 3.7500 tsec 4.2280
#GCMRL#  172 dt 110.976000 rms  0.613  0.025% neg 0  invalid 762 tFOTS 0.0000 tGradient 3.5770 tsec 4.0780
#GCMRL#  173 dt 110.976000 rms  0.613  0.027% neg 0  invalid 762 tFOTS 0.0000 tGradient 3.7560 tsec 4.2060
#GCMRL#  174 dt 110.976000 rms  0.613  0.025% neg 0  invalid 762 tFOTS 0.0000 tGradient 3.9850 tsec 4.3900
#GCMRL#  175 dt 110.976000 rms  0.613  0.026% neg 0  invalid 762 tFOTS 0.0000 tGradient 3.5500 tsec 4.0390
#GCMRL#  176 dt 110.976000 rms  0.613  0.025% neg 0  invalid 762 tFOTS 0.0000 tGradient 3.4870 tsec 3.8820
#GCMRL#  177 dt 110.976000 rms  0.613  0.025% neg 0  invalid 762 tFOTS 0.0000 tGradient 3.4490 tsec 3.8990
#GCMRL#  178 dt 110.976000 rms  0.612  0.022% neg 0  invalid 762 tFOTS 0.0000 tGradient 3.5040 tsec 3.8890
#GCMRL#  179 dt 110.976000 rms  0.612  0.022% neg 0  invalid 762 tFOTS 0.0000 tGradient 3.5140 tsec 4.0130
#GCMRL#  180 dt 110.976000 rms  0.612  0.021% neg 0  invalid 762 tFOTS 0.0000 tGradient 3.7510 tsec 4.2880
#FOTS# QuadFit found better minimum quadopt=(dt=2071.55,rms=0.612097) vs oldopt=(dt=1479.68,rms=0.612117)
#GCMRL#  181 dt 2071.552000 rms  0.612  0.000% neg 0  invalid 762 tFOTS 6.3970 tGradient 3.2550 tsec 10.0860

#GCAMreg# pass 0 level1 5 level2 1 tsec 500.098 sigma 0.5
l_jacobian=1.00 l_label=1.00 l_log_likelihood=0.20 l_smoothness=0.01 
tol=5.00e-02, dt=5.00e-02, exp_k=20.0, momentum=0.90, levels=6, niter=500, lbl_dist=10.00, avgs=256, sigma=0.5,type=2, relabel=0, neg=no

blurring input image with Gaussian with sigma=0.500...
GCAMRegisterLevel(): init RMS 0.612383
#FOTS# QuadFit found better minimum quadopt=(dt=129.472,rms=0.611614) vs oldopt=(dt=92.48,rms=0.611693)
#GCMRL#  183 dt 129.472000 rms  0.612  0.126% neg 0  invalid 762 tFOTS 6.8460 tGradient 3.4570 tsec 10.7530
#FOTS# QuadFit found better minimum quadopt=(dt=517.888,rms=0.610998) vs oldopt=(dt=369.92,rms=0.611105)
#GCMRL#  184 dt 517.888000 rms  0.611  0.101% neg 0  invalid 762 tFOTS 6.8270 tGradient 3.6330 tsec 11.0060
#GCMRL#  185 dt 369.920000 rms  0.611  0.000% neg 0  invalid 762 tFOTS 6.6590 tGradient 3.3840 tsec 10.5670
setting smoothness cost coefficient to 0.031

#GCAMreg# pass 0 level1 4 level2 0 tsec 0 sigma 2
l_jacobian=1.00 l_label=1.00 l_log_likelihood=0.20 l_smoothness=0.03 
tol=5.00e-02, dt=5.00e-02, exp_k=20.0, momentum=0.90, levels=6, niter=500, lbl_dist=10.00, avgs=64, sigma=2.0,type=2, relabel=0, neg=no

blurring input image with Gaussian with sigma=2.000...
GCAMRegisterLevel(): init RMS 0.613043
#FOTS# QuadFit found better minimum quadopt=(dt=248.832,rms=0.605637) vs oldopt=(dt=414.72,rms=0.606809)
#GCMRL#  187 dt 248.832000 rms  0.606  1.208% neg 0  invalid 762 tFOTS 5.9650 tGradient 3.4530 tsec 9.9310
#FOTS# QuadFit found better minimum quadopt=(dt=138.575,rms=0.59922) vs oldopt=(dt=103.68,rms=0.599569)
#GCMRL#  188 dt 138.575499 rms  0.599  1.059% neg 0  invalid 762 tFOTS 6.3960 tGradient 3.0610 tsec 10.0120
#FOTS# QuadFit found better minimum quadopt=(dt=89.1429,rms=0.596944) vs oldopt=(dt=25.92,rms=0.59746)
#GCMRL#  189 dt  89.142857 rms  0.597  0.380% neg 0  invalid 762 tFOTS 5.6860 tGradient 3.4640 tsec 9.5920
#FOTS# QuadFit found better minimum quadopt=(dt=96.4507,rms=0.594126) vs oldopt=(dt=103.68,rms=0.594155)
#GCMRL#  190 dt  96.450704 rms  0.594  0.472% neg 0  invalid 762 tFOTS 5.2950 tGradient 2.8490 tsec 8.5390
#FOTS# QuadFit found better minimum quadopt=(dt=82.944,rms=0.592177) vs oldopt=(dt=103.68,rms=0.592283)
#GCMRL#  191 dt  82.944000 rms  0.592  0.328% neg 0  invalid 762 tFOTS 5.6540 tGradient 2.9560 tsec 9.0080
#FOTS# QuadFit found better minimum quadopt=(dt=124.416,rms=0.589995) vs oldopt=(dt=103.68,rms=0.590072)
#GCMRL#  192 dt 124.416000 rms  0.590  0.369% neg 0  invalid 762 tFOTS 5.5790 tGradient 3.2100 tsec 9.3220
#FOTS# QuadFit found better minimum quadopt=(dt=74.4727,rms=0.588314) vs oldopt=(dt=103.68,rms=0.588547)
#GCMRL#  193 dt  74.472727 rms  0.588  0.285% neg 0  invalid 762 tFOTS 5.3300 tGradient 2.7380 tsec 8.5090
#FOTS# QuadFit found better minimum quadopt=(dt=145.152,rms=0.586374) vs oldopt=(dt=103.68,rms=0.586537)
#GCMRL#  194 dt 145.152000 rms  0.586  0.330% neg 0  invalid 762 tFOTS 5.9650 tGradient 3.1760 tsec 9.5600
#FOTS# QuadFit found better minimum quadopt=(dt=68,rms=0.584789) vs oldopt=(dt=103.68,rms=0.585144)
#GCMRL#  195 dt  68.000000 rms  0.585  0.270% neg 0  invalid 762 tFOTS 5.6910 tGradient 2.9370 tsec 9.0910
#FOTS# QuadFit found better minimum quadopt=(dt=145.152,rms=0.583104) vs oldopt=(dt=103.68,rms=0.583352)
#GCMRL#  196 dt 145.152000 rms  0.583  0.288% neg 0  invalid 762 tFOTS 5.7220 tGradient 2.9400 tsec 9.1080
#FOTS# QuadFit found better minimum quadopt=(dt=78.2979,rms=0.581792) vs oldopt=(dt=103.68,rms=0.581912)
#GCMRL#  197 dt  78.297872 rms  0.582  0.225% neg 0  invalid 762 tFOTS 5.8250 tGradient 2.9580 tsec 9.1790
#FOTS# QuadFit found better minimum quadopt=(dt=124.416,rms=0.580599) vs oldopt=(dt=103.68,rms=0.580613)
#GCMRL#  198 dt 124.416000 rms  0.581  0.205% neg 0  invalid 762 tFOTS 5.2030 tGradient 3.0410 tsec 8.6230
#FOTS# QuadFit found better minimum quadopt=(dt=75.6989,rms=0.579402) vs oldopt=(dt=103.68,rms=0.579551)
#GCMRL#  199 dt  75.698925 rms  0.579  0.206% neg 0  invalid 762 tFOTS 5.6490 tGradient 3.1570 tsec 9.1920
#FOTS# QuadFit found better minimum quadopt=(dt=124.416,rms=0.578284) vs oldopt=(dt=103.68,rms=0.578317)
#GCMRL#  200 dt 124.416000 rms  0.578  0.193% neg 0  invalid 762 tFOTS 5.0880 tGradient 2.9730 tsec 8.4430
#FOTS# QuadFit found better minimum quadopt=(dt=76.1519,rms=0.577299) vs oldopt=(dt=103.68,rms=0.577417)
#GCMRL#  201 dt  76.151899 rms  0.577  0.170% neg 0  invalid 762 tFOTS 6.2380 tGradient 2.6890 tsec 9.3810
#FOTS# QuadFit found better minimum quadopt=(dt=124.416,rms=0.576288) vs oldopt=(dt=103.68,rms=0.576321)
#GCMRL#  202 dt 124.416000 rms  0.576  0.175% neg 0  invalid 762 tFOTS 5.8830 tGradient 2.6230 tsec 8.9200
#FOTS# QuadFit found better minimum quadopt=(dt=78.4818,rms=0.575363) vs oldopt=(dt=103.68,rms=0.575458)
#GCMRL#  203 dt  78.481752 rms  0.575  0.160% neg 0  invalid 762 tFOTS 6.3300 tGradient 2.5630 tsec 9.3350
#GCMRL#  204 dt 103.680000 rms  0.575  0.147% neg 0  invalid 762 tFOTS 5.6440 tGradient 3.0290 tsec 9.1020
#GCMRL#  205 dt 103.680000 rms  0.574  0.136% neg 0  invalid 762 tFOTS 5.1910 tGradient 2.7710 tsec 8.3520
#FOTS# QuadFit found better minimum quadopt=(dt=75.8154,rms=0.572982) vs oldopt=(dt=103.68,rms=0.573079)
#GCMRL#  206 dt  75.815385 rms  0.573  0.131% neg 0  invalid 762 tFOTS 5.5480 tGradient 2.8250 tsec 8.7620
#FOTS# QuadFit found better minimum quadopt=(dt=124.416,rms=0.572205) vs oldopt=(dt=103.68,rms=0.572233)
#GCMRL#  207 dt 124.416000 rms  0.572  0.136% neg 0  invalid 762 tFOTS 5.8540 tGradient 2.9840 tsec 9.3190
#FOTS# QuadFit found better minimum quadopt=(dt=72.4341,rms=0.571453) vs oldopt=(dt=103.68,rms=0.571569)
#GCMRL#  208 dt  72.434109 rms  0.571  0.131% neg 0  invalid 762 tFOTS 6.1250 tGradient 2.7020 tsec 9.2950
#FOTS# QuadFit found better minimum quadopt=(dt=145.152,rms=0.570711) vs oldopt=(dt=103.68,rms=0.570759)
#GCMRL#  209 dt 145.152000 rms  0.571  0.130% neg 0  invalid 762 tFOTS 5.7610 tGradient 2.9070 tsec 9.0660
#FOTS# QuadFit found better minimum quadopt=(dt=36.288,rms=0.570131) vs oldopt=(dt=25.92,rms=0.570251)
#GCMRL#  210 dt  36.288000 rms  0.570  0.102% neg 0  invalid 762 tFOTS 5.6680 tGradient 2.7410 tsec 8.7960
#GCMRL#  211 dt 414.720000 rms  0.569  0.229% neg 0  invalid 762 tFOTS 5.9270 tGradient 2.7920 tsec 9.1520
#FOTS# QuadFit found better minimum quadopt=(dt=76.8,rms=0.567412) vs oldopt=(dt=25.92,rms=0.567729)
#GCMRL#  212 dt  76.800000 rms  0.567  0.249% neg 0  invalid 762 tFOTS 6.1640 tGradient 2.5180 tsec 9.1310
#FOTS# QuadFit found better minimum quadopt=(dt=36.288,rms=0.566927) vs oldopt=(dt=25.92,rms=0.567026)
#GCMRL#  213 dt  36.288000 rms  0.567  0.085% neg 0  invalid 762 tFOTS 6.2030 tGradient 2.9510 tsec 9.5470
#GCMRL#  214 dt 414.720000 rms  0.566  0.198% neg 0  invalid 762 tFOTS 6.4340 tGradient 2.9020 tsec 9.7460
#FOTS# QuadFit found better minimum quadopt=(dt=36.288,rms=0.564644) vs oldopt=(dt=25.92,rms=0.564861)
#GCMRL#  215 dt  36.288000 rms  0.565  0.205% neg 0  invalid 762 tFOTS 5.8970 tGradient 3.0410 tsec 9.3280
#FOTS# QuadFit found better minimum quadopt=(dt=124.416,rms=0.564105) vs oldopt=(dt=103.68,rms=0.564129)
#GCMRL#  216 dt 124.416000 rms  0.564  0.095% neg 0  invalid 762 tFOTS 5.2950 tGradient 2.6090 tsec 8.2860
#FOTS# QuadFit found better minimum quadopt=(dt=62.208,rms=0.563705) vs oldopt=(dt=103.68,rms=0.563797)
#GCMRL#  217 dt  62.208000 rms  0.564  0.071% neg 0  invalid 762 tFOTS 5.6250 tGradient 3.1110 tsec 9.1740
#FOTS# QuadFit found better minimum quadopt=(dt=331.776,rms=0.562813) vs oldopt=(dt=414.72,rms=0.562891)
#GCMRL#  218 dt 331.776000 rms  0.563  0.158% neg 0  invalid 762 tFOTS 5.2760 tGradient 2.6840 tsec 8.3500
#FOTS# QuadFit found better minimum quadopt=(dt=36.288,rms=0.562037) vs oldopt=(dt=25.92,rms=0.562172)
#GCMRL#  219 dt  36.288000 rms  0.562  0.138% neg 0  invalid 762 tFOTS 5.6460 tGradient 2.7350 tsec 8.8580
#FOTS# QuadFit found better minimum quadopt=(dt=145.152,rms=0.561627) vs oldopt=(dt=103.68,rms=0.561665)
#GCMRL#  220 dt 145.152000 rms  0.562  0.073% neg 0  invalid 762 tFOTS 5.5730 tGradient 2.9550 tsec 8.9230
#FOTS# QuadFit found better minimum quadopt=(dt=82.944,rms=0.561141) vs oldopt=(dt=103.68,rms=0.561183)
#GCMRL#  221 dt  82.944000 rms  0.561  0.087% neg 0  invalid 762 tFOTS 5.4680 tGradient 2.7100 tsec 8.5770
#FOTS# QuadFit found better minimum quadopt=(dt=82.944,rms=0.560845) vs oldopt=(dt=103.68,rms=0.560859)
#GCMRL#  222 dt  82.944000 rms  0.561  0.053% neg 0  invalid 762 tFOTS 5.5990 tGradient 2.7910 tsec 8.7890
#FOTS# QuadFit found better minimum quadopt=(dt=124.416,rms=0.560405) vs oldopt=(dt=103.68,rms=0.560425)
#GCMRL#  223 dt 124.416000 rms  0.560  0.078% neg 0  invalid 762 tFOTS 5.9380 tGradient 2.8450 tsec 9.1810
#FOTS# QuadFit found better minimum quadopt=(dt=62.208,rms=0.560118) vs oldopt=(dt=103.68,rms=0.5602)
#GCMRL#  224 dt  62.208000 rms  0.560  0.051% neg 0  invalid 762 tFOTS 5.9590 tGradient 2.7420 tsec 9.1470
#FOTS# QuadFit found better minimum quadopt=(dt=331.776,rms=0.559399) vs oldopt=(dt=414.72,rms=0.559451)
#GCMRL#  225 dt 331.776000 rms  0.559  0.128% neg 0  invalid 762 tFOTS 5.5270 tGradient 2.6260 tsec 8.5650
#FOTS# QuadFit found better minimum quadopt=(dt=36.288,rms=0.558818) vs oldopt=(dt=25.92,rms=0.558919)
#GCMRL#  226 dt  36.288000 rms  0.559  0.104% neg 0  invalid 762 tFOTS 5.7140 tGradient 2.8820 tsec 9.0070
#FOTS# QuadFit found better minimum quadopt=(dt=145.152,rms=0.558488) vs oldopt=(dt=103.68,rms=0.558522)
#GCMRL#  227 dt 145.152000 rms  0.558  0.059% neg 0  invalid 762 tFOTS 5.5560 tGradient 2.7500 tsec 8.7180
#FOTS# QuadFit found better minimum quadopt=(dt=82.944,rms=0.558111) vs oldopt=(dt=103.68,rms=0.558137)
#GCMRL#  228 dt  82.944000 rms  0.558  0.068% neg 0  invalid 762 tFOTS 5.4940 tGradient 2.7940 tsec 8.6850
#FOTS# QuadFit found better minimum quadopt=(dt=82.944,rms=0.557873) vs oldopt=(dt=103.68,rms=0.557881)
#GCMRL#  229 dt  82.944000 rms  0.558  0.000% neg 0  invalid 762 tFOTS 5.2310 tGradient 3.0090 tsec 8.6440
#GCMRL#  230 dt  82.944000 rms  0.558  0.055% neg 0  invalid 762 tFOTS 0.0000 tGradient 2.6800 tsec 3.0450
#GCMRL#  231 dt  82.944000 rms  0.557  0.085% neg 0  invalid 762 tFOTS 0.0000 tGradient 2.6040 tsec 2.9710
#GCMRL#  232 dt  82.944000 rms  0.556  0.121% neg 0  invalid 762 tFOTS 0.0000 tGradient 2.6970 tsec 3.0630
#GCMRL#  233 dt  82.944000 rms  0.556  0.142% neg 0  invalid 762 tFOTS 0.0000 tGradient 3.0470 tsec 3.4520
#GCMRL#  234 dt  82.944000 rms  0.555  0.177% neg 0  invalid 762 tFOTS 0.0000 tGradient 2.9760 tsec 3.3400
#GCMRL#  235 dt  82.944000 rms  0.554  0.174% neg 0  invalid 762 tFOTS 0.0000 tGradient 3.0720 tsec 3.4950
#GCMRL#  236 dt  82.944000 rms  0.553  0.190% neg 0  invalid 762 tFOTS 0.0000 tGradient 3.1520 tsec 3.5810
#GCMRL#  237 dt  82.944000 rms  0.552  0.186% neg 0  invalid 762 tFOTS 0.0000 tGradient 2.6640 tsec 3.1040
#GCMRL#  238 dt  82.944000 rms  0.550  0.205% neg 0  invalid 762 tFOTS 0.0000 tGradient 3.1280 tsec 3.5410
#GCMRL#  239 dt  82.944000 rms  0.549  0.184% neg 0  invalid 762 tFOTS 0.0000 tGradient 2.8780 tsec 3.2410
#GCMRL#  240 dt  82.944000 rms  0.548  0.178% neg 0  invalid 762 tFOTS 0.0000 tGradient 2.6550 tsec 3.0040
#GCMRL#  241 dt  82.944000 rms  0.548  0.169% neg 0  invalid 762 tFOTS 0.0000 tGradient 2.5780 tsec 2.9850
#GCMRL#  242 dt  82.944000 rms  0.547  0.171% neg 0  invalid 762 tFOTS 0.0000 tGradient 2.8380 tsec 3.2470
#GCMRL#  243 dt  82.944000 rms  0.546  0.158% neg 0  invalid 762 tFOTS 0.0000 tGradient 3.0120 tsec 3.4430
#GCMRL#  244 dt  82.944000 rms  0.545  0.142% neg 0  invalid 762 tFOTS 0.0000 tGradient 2.6930 tsec 3.0520
#GCMRL#  245 dt  82.944000 rms  0.544  0.127% neg 0  invalid 762 tFOTS 0.0000 tGradient 2.6820 tsec 3.0900
#GCMRL#  246 dt  82.944000 rms  0.544  0.128% neg 0  invalid 762 tFOTS 0.0000 tGradient 2.8810 tsec 3.2410
#GCMRL#  247 dt  82.944000 rms  0.543  0.118% neg 0  invalid 762 tFOTS 0.0000 tGradient 2.8880 tsec 3.3190
#GCMRL#  248 dt  82.944000 rms  0.542  0.102% neg 0  invalid 762 tFOTS 0.0000 tGradient 2.6860 tsec 3.1190
#GCMRL#  249 dt  82.944000 rms  0.542  0.096% neg 0  invalid 762 tFOTS 0.0000 tGradient 3.0130 tsec 3.4200
#GCMRL#  250 dt  82.944000 rms  0.541  0.093% neg 0  invalid 762 tFOTS 0.0000 tGradient 3.1830 tsec 3.5570
#GCMRL#  251 dt  82.944000 rms  0.541  0.102% neg 0  invalid 762 tFOTS 0.0000 tGradient 3.1580 tsec 3.4820
#GCMRL#  252 dt  82.944000 rms  0.540  0.093% neg 0  invalid 762 tFOTS 0.0000 tGradient 2.5780 tsec 2.8830
#GCMRL#  253 dt  82.944000 rms  0.540  0.088% neg 0  invalid 762 tFOTS 0.0000 tGradient 2.4330 tsec 2.7390
#GCMRL#  254 dt  82.944000 rms  0.539  0.077% neg 0  invalid 762 tFOTS 0.0000 tGradient 2.7780 tsec 3.1570
#GCMRL#  255 dt  82.944000 rms  0.539  0.079% neg 0  invalid 762 tFOTS 0.0000 tGradient 2.7990 tsec 3.1630
#GCMRL#  256 dt  82.944000 rms  0.539  0.076% neg 0  invalid 762 tFOTS 0.0000 tGradient 2.7890 tsec 3.1900
#GCMRL#  257 dt  82.944000 rms  0.538  0.074% neg 0  invalid 762 tFOTS 0.0000 tGradient 2.4410 tsec 2.7910
#GCMRL#  258 dt  82.944000 rms  0.538  0.073% neg 0  invalid 762 tFOTS 0.0000 tGradient 2.4140 tsec 2.7800
#GCMRL#  259 dt  82.944000 rms  0.537  0.074% neg 0  invalid 762 tFOTS 0.0000 tGradient 2.5980 tsec 2.9320
#GCMRL#  260 dt  82.944000 rms  0.537  0.068% neg 0  invalid 762 tFOTS 0.0000 tGradient 2.4570 tsec 2.7970
#GCMRL#  261 dt  82.944000 rms  0.537  0.059% neg 0  invalid 762 tFOTS 0.0000 tGradient 2.4290 tsec 2.7630
#GCMRL#  262 dt  82.944000 rms  0.536  0.060% neg 0  invalid 762 tFOTS 0.0000 tGradient 2.4670 tsec 2.8690
#GCMRL#  263 dt  82.944000 rms  0.536  0.060% neg 0  invalid 762 tFOTS 0.0000 tGradient 2.5560 tsec 2.8980
#GCMRL#  264 dt  82.944000 rms  0.536  0.060% neg 0  invalid 762 tFOTS 0.0000 tGradient 2.6140 tsec 2.9560
#GCMRL#  265 dt  82.944000 rms  0.535  0.055% neg 0  invalid 762 tFOTS 0.0000 tGradient 2.6280 tsec 2.9760
#GCMRL#  266 dt  82.944000 rms  0.535  0.054% neg 0  invalid 762 tFOTS 0.0000 tGradient 2.6200 tsec 2.9680
#GCMRL#  267 dt  82.944000 rms  0.535  0.053% neg 0  invalid 762 tFOTS 0.0000 tGradient 2.5900 tsec 2.9390
#GCMRL#  268 dt  82.944000 rms  0.535  0.048% neg 0  invalid 762 tFOTS 0.0000 tGradient 2.5880 tsec 2.9360
#GCMRL#  269 dt  82.944000 rms  0.534  0.045% neg 0  invalid 762 tFOTS 0.0000 tGradient 2.6140 tsec 2.9610
#GCMRL#  270 dt  82.944000 rms  0.534  0.045% neg 0  invalid 762 tFOTS 0.0000 tGradient 2.6860 tsec 3.0340
#GCMRL#  271 dt  82.944000 rms  0.534  0.044% neg 0  invalid 762 tFOTS 0.0000 tGradient 2.6250 tsec 2.9750
#GCMRL#  272 dt  82.944000 rms  0.534  0.055% neg 0  invalid 762 tFOTS 0.0000 tGradient 2.6180 tsec 2.9650
#GCMRL#  273 dt  82.944000 rms  0.533  0.047% neg 0  invalid 762 tFOTS 0.0000 tGradient 2.6200 tsec 2.9660
#GCMRL#  274 dt  82.944000 rms  0.533  0.042% neg 0  invalid 762 tFOTS 0.0000 tGradient 2.6080 tsec 2.9560
#GCMRL#  275 dt  82.944000 rms  0.533  0.042% neg 0  invalid 762 tFOTS 0.0000 tGradient 2.6130 tsec 2.9600
#GCMRL#  276 dt  82.944000 rms  0.533  0.041% neg 0  invalid 762 tFOTS 0.0000 tGradient 2.5710 tsec 2.9160
#GCMRL#  277 dt  82.944000 rms  0.532  0.046% neg 0  invalid 762 tFOTS 0.0000 tGradient 2.5820 tsec 2.9240
#GCMRL#  278 dt  82.944000 rms  0.532  0.045% neg 0  invalid 762 tFOTS 0.0000 tGradient 2.5980 tsec 2.9460
#GCMRL#  279 dt  82.944000 rms  0.532  0.038% neg 0  invalid 762 tFOTS 0.0000 tGradient 2.5780 tsec 2.9290
#GCMRL#  280 dt  82.944000 rms  0.532  0.037% neg 0  invalid 762 tFOTS 0.0000 tGradient 2.6800 tsec 3.0170
#GCMRL#  281 dt  82.944000 rms  0.532  0.038% neg 0  invalid 762 tFOTS 0.0000 tGradient 2.6030 tsec 2.9360
#GCMRL#  282 dt  82.944000 rms  0.531  0.038% neg 0  invalid 762 tFOTS 0.0000 tGradient 2.5400 tsec 2.8690
#GCMRL#  283 dt  82.944000 rms  0.531  0.035% neg 0  invalid 762 tFOTS 0.0000 tGradient 2.5770 tsec 2.8980
#GCMRL#  284 dt  82.944000 rms  0.531  0.035% neg 0  invalid 762 tFOTS 0.0000 tGradient 2.5570 tsec 2.8880
#GCMRL#  285 dt  82.944000 rms  0.531  0.034% neg 0  invalid 762 tFOTS 0.0000 tGradient 2.5450 tsec 2.8690
#GCMRL#  286 dt  82.944000 rms  0.531  0.028% neg 0  invalid 762 tFOTS 0.0000 tGradient 2.5480 tsec 2.8730
#GCMRL#  287 dt  82.944000 rms  0.531  0.029% neg 0  invalid 762 tFOTS 0.0000 tGradient 2.5480 tsec 2.8860
#GCMRL#  288 dt  82.944000 rms  0.530  0.033% neg 0  invalid 762 tFOTS 0.0000 tGradient 2.5400 tsec 2.8750
#GCMRL#  289 dt  82.944000 rms  0.530  0.030% neg 0  invalid 762 tFOTS 0.0000 tGradient 2.5540 tsec 2.8900
#GCMRL#  290 dt  82.944000 rms  0.530  0.030% neg 0  invalid 762 tFOTS 0.0000 tGradient 2.5380 tsec 2.8730
#GCMRL#  291 dt  82.944000 rms  0.530  0.029% neg 0  invalid 762 tFOTS 0.0000 tGradient 2.3470 tsec 2.6760
#GCMRL#  292 dt  82.944000 rms  0.530  0.031% neg 0  invalid 762 tFOTS 0.0000 tGradient 2.4040 tsec 2.7350
#GCMRL#  293 dt  82.944000 rms  0.530 -0.002% neg 0  invalid 762 tFOTS 0.0000 tGradient 2.4820 tsec 3.2600
#FOTS# QuadFit found better minimum quadopt=(dt=145.152,rms=0.529754) vs oldopt=(dt=103.68,rms=0.529755)
#GCMRL#  294 dt 145.152000 rms  0.530  0.002% neg 0  invalid 762 tFOTS 4.1820 tGradient 2.8050 tsec 7.3400
#FOTS# QuadFit found better minimum quadopt=(dt=124.416,rms=0.529713) vs oldopt=(dt=103.68,rms=0.529713)
#GCMRL#  295 dt 124.416000 rms  0.530  0.008% neg 0  invalid 762 tFOTS 4.8270 tGradient 2.5320 tsec 7.7120
#FOTS# QuadFit found better minimum quadopt=(dt=36.288,rms=0.529712) vs oldopt=(dt=25.92,rms=0.529714)

#GCAMreg# pass 0 level1 4 level2 1 tsec 614.653 sigma 0.5
l_jacobian=1.00 l_label=1.00 l_log_likelihood=0.20 l_smoothness=0.03 
tol=5.00e-02, dt=5.00e-02, exp_k=20.0, momentum=0.90, levels=6, niter=500, lbl_dist=10.00, avgs=64, sigma=0.5,type=2, relabel=0, neg=no

blurring input image with Gaussian with sigma=0.500...
GCAMRegisterLevel(): init RMS 0.530229
#FOTS# QuadFit found better minimum quadopt=(dt=145.152,rms=0.528351) vs oldopt=(dt=103.68,rms=0.528468)
#GCMRL#  297 dt 145.152000 rms  0.528  0.354% neg 0  invalid 762 tFOTS 4.6200 tGradient 2.3690 tsec 7.3510
#FOTS# QuadFit found better minimum quadopt=(dt=82.944,rms=0.52774) vs oldopt=(dt=103.68,rms=0.527767)
#GCMRL#  298 dt  82.944000 rms  0.528  0.116% neg 0  invalid 762 tFOTS 4.7820 tGradient 2.6300 tsec 7.8090
#FOTS# QuadFit found better minimum quadopt=(dt=36.288,rms=0.527657) vs oldopt=(dt=25.92,rms=0.527674)
#GCMRL#  299 dt  36.288000 rms  0.528  0.000% neg 0  invalid 762 tFOTS 4.9800 tGradient 2.5660 tsec 7.9300
#GCMRL#  300 dt  36.288000 rms  0.528  0.014% neg 0  invalid 762 tFOTS 0.0000 tGradient 2.5460 tsec 2.8640
#GCMRL#  301 dt  36.288000 rms  0.527  0.025% neg 0  invalid 762 tFOTS 0.0000 tGradient 2.5600 tsec 2.8790
#GCMRL#  302 dt  36.288000 rms  0.527  0.035% neg 0  invalid 762 tFOTS 0.0000 tGradient 2.4140 tsec 2.7380
#GCMRL#  303 dt  36.288000 rms  0.527  0.043% neg 0  invalid 762 tFOTS 0.0000 tGradient 2.3880 tsec 2.7170
#GCMRL#  304 dt  36.288000 rms  0.527  0.042% neg 0  invalid 762 tFOTS 0.0000 tGradient 2.2560 tsec 2.5850
#GCMRL#  305 dt  36.288000 rms  0.527  0.038% neg 0  invalid 762 tFOTS 0.0000 tGradient 2.2470 tsec 2.5690
#GCMRL#  306 dt  36.288000 rms  0.526  0.031% neg 0  invalid 762 tFOTS 0.0000 tGradient 2.2730 tsec 2.6020
#GCMRL#  307 dt  36.288000 rms  0.526  0.028% neg 0  invalid 762 tFOTS 0.0000 tGradient 2.5950 tsec 2.9870
#GCMRL#  308 dt  36.288000 rms  0.526  0.030% neg 0  invalid 762 tFOTS 0.0000 tGradient 2.7480 tsec 3.1240
#GCMRL#  309 dt  36.288000 rms  0.526  0.029% neg 0  invalid 762 tFOTS 0.0000 tGradient 2.9560 tsec 3.3650
#GCMRL#  310 dt  36.288000 rms  0.526  0.033% neg 0  invalid 762 tFOTS 0.0000 tGradient 2.7180 tsec 3.1030
#GCMRL#  311 dt  36.288000 rms  0.526  0.033% neg 0  invalid 762 tFOTS 0.0000 tGradient 3.4140 tsec 3.9050
#GCMRL#  312 dt  36.288000 rms  0.526  0.027% neg 0  invalid 762 tFOTS 0.0000 tGradient 2.6110 tsec 3.0600
#GCMRL#  313 dt  36.288000 rms  0.525  0.023% neg 0  invalid 762 tFOTS 0.0000 tGradient 2.5430 tsec 2.9660
#GCMRL#  314 dt  36.288000 rms  0.525  0.023% neg 0  invalid 762 tFOTS 0.0000 tGradient 3.2170 tsec 3.6610
#GCMRL#  315 dt  36.288000 rms  0.525  0.025% neg 0  invalid 762 tFOTS 0.0000 tGradient 2.7880 tsec 3.2670
#GCMRL#  316 dt  36.288000 rms  0.525  0.026% neg 0  invalid 762 tFOTS 0.0000 tGradient 2.8130 tsec 3.2430
#GCMRL#  317 dt  36.288000 rms  0.525  0.026% neg 0  invalid 762 tFOTS 0.0000 tGradient 3.0320 tsec 3.4850
#GCMRL#  318 dt  36.288000 rms  0.525  0.025% neg 0  invalid 762 tFOTS 0.0000 tGradient 2.8020 tsec 3.2360
#GCMRL#  319 dt  36.288000 rms  0.525  0.023% neg 0  invalid 762 tFOTS 0.0000 tGradient 3.0230 tsec 3.5100
#FOTS# QuadFit found better minimum quadopt=(dt=580.608,rms=0.524353) vs oldopt=(dt=414.72,rms=0.524388)
#GCMRL#  320 dt 580.608000 rms  0.524  0.048% neg 0  invalid 762 tFOTS 5.5740 tGradient 2.8490 tsec 8.8610
#FOTS# QuadFit found better minimum quadopt=(dt=36.288,rms=0.524308) vs oldopt=(dt=25.92,rms=0.524319)
#GCMRL#  321 dt  36.288000 rms  0.524  0.000% neg 0  invalid 762 tFOTS 4.9520 tGradient 2.5470 tsec 7.9510
#GCMRL#  322 dt  36.288000 rms  0.524  0.004% neg 0  invalid 762 tFOTS 0.0000 tGradient 2.7900 tsec 3.2010
#GCMRL#  323 dt  36.288000 rms  0.524  0.003% neg 0  invalid 762 tFOTS 0.0000 tGradient 2.7820 tsec 3.2040
#GCMRL#  324 dt  36.288000 rms  0.524  0.005% neg 0  invalid 762 tFOTS 0.0000 tGradient 2.6240 tsec 2.9660
#GCMRL#  325 dt  36.288000 rms  0.524  0.008% neg 0  invalid 762 tFOTS 0.0000 tGradient 2.4080 tsec 2.7480
#GCMRL#  326 dt  36.288000 rms  0.524  0.011% neg 0  invalid 762 tFOTS 0.0000 tGradient 2.4080 tsec 2.7430
#GCMRL#  327 dt  36.288000 rms  0.524  0.015% neg 0  invalid 762 tFOTS 0.0000 tGradient 2.3200 tsec 2.6620
setting smoothness cost coefficient to 0.118

#GCAMreg# pass 0 level1 3 level2 0 tsec 0 sigma 2
l_jacobian=1.00 l_label=1.00 l_log_likelihood=0.20 l_smoothness=0.12 
tol=5.00e-02, dt=5.00e-02, exp_k=20.0, momentum=0.90, levels=6, niter=500, lbl_dist=10.00, avgs=16, sigma=2.0,type=2, relabel=0, neg=no

blurring input image with Gaussian with sigma=2.000...
GCAMRegisterLevel(): init RMS 0.538648
#GCMRL#  329 dt  32.000000 rms  0.537  0.374% neg 0  invalid 762 tFOTS 4.8050 tGradient 2.1710 tsec 7.3840
#FOTS# QuadFit found better minimum quadopt=(dt=102.4,rms=0.532978) vs oldopt=(dt=128,rms=0.533159)
#GCMRL#  330 dt 102.400000 rms  0.533  0.681% neg 0  invalid 762 tFOTS 5.0290 tGradient 2.1820 tsec 7.5960
#FOTS# QuadFit found better minimum quadopt=(dt=102.4,rms=0.528329) vs oldopt=(dt=128,rms=0.52851)
#GCMRL#  331 dt 102.400000 rms  0.528  0.872% neg 0  invalid 762 tFOTS 5.1410 tGradient 2.1580 tsec 7.6500
#FOTS# QuadFit found better minimum quadopt=(dt=25.6,rms=0.524857) vs oldopt=(dt=32,rms=0.525137)
#GCMRL#  332 dt  25.600000 rms  0.525  0.657% neg 0  invalid 762 tFOTS 4.8810 tGradient 1.9920 tsec 7.2720
#FOTS# QuadFit found better minimum quadopt=(dt=44.8,rms=0.523504) vs oldopt=(dt=32,rms=0.523651)
#GCMRL#  333 dt  44.800000 rms  0.524  0.258% neg 0  invalid 762 tFOTS 5.3950 tGradient 2.1550 tsec 7.8900
#FOTS# QuadFit found better minimum quadopt=(dt=38.4,rms=0.522354) vs oldopt=(dt=32,rms=0.522378)
#GCMRL#  334 dt  38.400000 rms  0.522  0.220% neg 0  invalid 762 tFOTS 5.1670 tGradient 2.2540 tsec 7.7970
#FOTS# QuadFit found better minimum quadopt=(dt=38.4,rms=0.521207) vs oldopt=(dt=32,rms=0.521233)
#GCMRL#  335 dt  38.400000 rms  0.521  0.220% neg 0  invalid 762 tFOTS 4.9710 tGradient 2.1790 tsec 7.5510
#GCMRL#  336 dt  32.000000 rms  0.520  0.201% neg 0  invalid 762 tFOTS 5.4200 tGradient 2.2070 tsec 8.0250
#FOTS# QuadFit found better minimum quadopt=(dt=44.8,rms=0.51913) vs oldopt=(dt=32,rms=0.519235)
#GCMRL#  337 dt  44.800000 rms  0.519  0.198% neg 0  invalid 762 tFOTS 5.3040 tGradient 1.9910 tsec 7.6530
#GCMRL#  338 dt  32.000000 rms  0.518  0.171% neg 0  invalid 762 tFOTS 5.1010 tGradient 1.9820 tsec 7.4420
#FOTS# QuadFit found better minimum quadopt=(dt=44.8,rms=0.517382) vs oldopt=(dt=32,rms=0.517434)
#GCMRL#  339 dt  44.800000 rms  0.517  0.166% neg 0  invalid 762 tFOTS 5.2690 tGradient 1.9490 tsec 7.6300
#GCMRL#  340 dt  32.000000 rms  0.517  0.147% neg 0  invalid 762 tFOTS 5.1180 tGradient 2.2540 tsec 7.7800
#FOTS# QuadFit found better minimum quadopt=(dt=38.4,rms=0.515855) vs oldopt=(dt=32,rms=0.515881)
#GCMRL#  341 dt  38.400000 rms  0.516  0.148% neg 0  invalid 762 tFOTS 4.9820 tGradient 2.2700 tsec 7.6100
#GCMRL#  342 dt  32.000000 rms  0.515  0.129% neg 0  invalid 762 tFOTS 5.4040 tGradient 2.4290 tsec 8.2160
#FOTS# QuadFit found better minimum quadopt=(dt=44.8,rms=0.514555) vs oldopt=(dt=32,rms=0.514603)
#GCMRL#  343 dt  44.800000 rms  0.515  0.123% neg 0  invalid 762 tFOTS 5.0650 tGradient 2.2080 tsec 7.6270
#GCMRL#  344 dt  32.000000 rms  0.514  0.116% neg 0  invalid 762 tFOTS 4.8050 tGradient 1.9320 tsec 7.0860
#FOTS# QuadFit found better minimum quadopt=(dt=38.4,rms=0.513423) vs oldopt=(dt=32,rms=0.513426)
#GCMRL#  345 dt  38.400000 rms  0.513  0.104% neg 0  invalid 762 tFOTS 4.6020 tGradient 1.9700 tsec 6.9730
#GCMRL#  346 dt  32.000000 rms  0.513  0.111% neg 0  invalid 762 tFOTS 4.6780 tGradient 1.9880 tsec 7.0390
#FOTS# QuadFit found better minimum quadopt=(dt=38.4,rms=0.512403) vs oldopt=(dt=32,rms=0.512416)
#GCMRL#  347 dt  38.400000 rms  0.512  0.088% neg 0  invalid 762 tFOTS 4.9180 tGradient 2.0250 tsec 7.3190
#FOTS# QuadFit found better minimum quadopt=(dt=38.4,rms=0.511876) vs oldopt=(dt=32,rms=0.511887)
#GCMRL#  348 dt  38.400000 rms  0.512  0.103% neg 0  invalid 762 tFOTS 5.2510 tGradient 2.2690 tsec 7.9170
#GCMRL#  349 dt  32.000000 rms  0.511  0.080% neg 0  invalid 762 tFOTS 5.0050 tGradient 1.9600 tsec 7.3690
#FOTS# QuadFit found better minimum quadopt=(dt=44.8,rms=0.511) vs oldopt=(dt=32,rms=0.511025)
#GCMRL#  350 dt  44.800000 rms  0.511  0.091% neg 0  invalid 762 tFOTS 5.0960 tGradient 2.3860 tsec 7.8900
#FOTS# QuadFit found better minimum quadopt=(dt=25.6,rms=0.510578) vs oldopt=(dt=32,rms=0.510588)
#GCMRL#  351 dt  25.600000 rms  0.511  0.083% neg 0  invalid 762 tFOTS 5.0640 tGradient 2.1410 tsec 7.5800
#FOTS# QuadFit found better minimum quadopt=(dt=44.8,rms=0.510122) vs oldopt=(dt=32,rms=0.510203)
#GCMRL#  352 dt  44.800000 rms  0.510  0.089% neg 0  invalid 762 tFOTS 4.7600 tGradient 1.9990 tsec 7.1280
#FOTS# QuadFit found better minimum quadopt=(dt=38.4,rms=0.50974) vs oldopt=(dt=32,rms=0.509747)
#GCMRL#  353 dt  38.400000 rms  0.510  0.075% neg 0  invalid 762 tFOTS 5.1300 tGradient 2.0490 tsec 7.5250
#GCMRL#  354 dt  32.000000 rms  0.509  0.067% neg 0  invalid 762 tFOTS 4.5800 tGradient 1.8510 tsec 6.7750
#FOTS# QuadFit found better minimum quadopt=(dt=44.8,rms=0.509023) vs oldopt=(dt=32,rms=0.509051)
#GCMRL#  355 dt  44.800000 rms  0.509  0.074% neg 0  invalid 762 tFOTS 4.0970 tGradient 1.9650 tsec 6.4030
#GCMRL#  356 dt  32.000000 rms  0.509  0.066% neg 0  invalid 762 tFOTS 4.5690 tGradient 1.9180 tsec 6.8680
#GCMRL#  357 dt  32.000000 rms  0.508  0.054% neg 0  invalid 762 tFOTS 4.3870 tGradient 1.8260 tsec 6.5730
#FOTS# QuadFit found better minimum quadopt=(dt=44.8,rms=0.508051) vs oldopt=(dt=32,rms=0.508074)
#GCMRL#  358 dt  44.800000 rms  0.508  0.071% neg 0  invalid 762 tFOTS 4.4390 tGradient 2.1970 tsec 6.9900
#FOTS# QuadFit found better minimum quadopt=(dt=25.6,rms=0.507819) vs oldopt=(dt=32,rms=0.507851)
#GCMRL#  359 dt  25.600000 rms  0.508  0.000% neg 0  invalid 762 tFOTS 4.6100 tGradient 2.0360 tsec 7.0100
#GCMRL#  360 dt  25.600000 rms  0.508  0.057% neg 0  invalid 762 tFOTS 0.0000 tGradient 1.9270 tsec 2.2410
#GCMRL#  361 dt  25.600000 rms  0.507  0.078% neg 0  invalid 762 tFOTS 0.0000 tGradient 1.9240 tsec 2.2590
#GCMRL#  362 dt  25.600000 rms  0.507  0.109% neg 0  invalid 762 tFOTS 0.0000 tGradient 1.8130 tsec 2.1230
#GCMRL#  363 dt  25.600000 rms  0.506  0.127% neg 0  invalid 762 tFOTS 0.0000 tGradient 1.9000 tsec 2.2070
#GCMRL#  364 dt  25.600000 rms  0.505  0.145% neg 0  invalid 762 tFOTS 0.0000 tGradient 1.7600 tsec 2.0780
#GCMRL#  365 dt  25.600000 rms  0.504  0.157% neg 0  invalid 762 tFOTS 0.0000 tGradient 2.0500 tsec 2.4090
#GCMRL#  366 dt  25.600000 rms  0.504  0.169% neg 0  invalid 762 tFOTS 0.0000 tGradient 2.2290 tsec 2.5710
#GCMRL#  367 dt  25.600000 rms  0.503  0.175% neg 0  invalid 762 tFOTS 0.0000 tGradient 2.1700 tsec 2.5260
#GCMRL#  368 dt  25.600000 rms  0.502  0.172% neg 0  invalid 762 tFOTS 0.0000 tGradient 1.8140 tsec 2.1310
#GCMRL#  369 dt  25.600000 rms  0.501  0.162% neg 0  invalid 762 tFOTS 0.0000 tGradient 1.9080 tsec 2.2300
#GCMRL#  370 dt  25.600000 rms  0.500  0.154% neg 0  invalid 762 tFOTS 0.0000 tGradient 1.7340 tsec 2.0380
#GCMRL#  371 dt  25.600000 rms  0.499  0.147% neg 0  invalid 762 tFOTS 0.0000 tGradient 1.9340 tsec 2.2570
#GCMRL#  372 dt  25.600000 rms  0.499  0.140% neg 0  invalid 762 tFOTS 0.0000 tGradient 1.8480 tsec 2.2180
#GCMRL#  373 dt  25.600000 rms  0.498  0.130% neg 0  invalid 762 tFOTS 0.0000 tGradient 2.1050 tsec 2.4670
#GCMRL#  374 dt  25.600000 rms  0.498  0.123% neg 0  invalid 762 tFOTS 0.0000 tGradient 2.0070 tsec 2.3300
#GCMRL#  375 dt  25.600000 rms  0.497  0.110% neg 0  invalid 762 tFOTS 0.0000 tGradient 1.8180 tsec 2.1450
#GCMRL#  376 dt  25.600000 rms  0.496  0.106% neg 0  invalid 762 tFOTS 0.0000 tGradient 2.2330 tsec 2.6320
#GCMRL#  377 dt  25.600000 rms  0.496  0.094% neg 0  invalid 762 tFOTS 0.0000 tGradient 1.7550 tsec 2.0790
#GCMRL#  378 dt  25.600000 rms  0.496  0.079% neg 0  invalid 762 tFOTS 0.0000 tGradient 1.9920 tsec 2.3160
#GCMRL#  379 dt  25.600000 rms  0.495  0.076% neg 0  invalid 762 tFOTS 0.0000 tGradient 2.0790 tsec 2.4210
#GCMRL#  380 dt  25.600000 rms  0.495  0.073% neg 0  invalid 762 tFOTS 0.0000 tGradient 1.8320 tsec 2.1890
#GCMRL#  381 dt  25.600000 rms  0.495  0.066% neg 0  invalid 762 tFOTS 0.0000 tGradient 2.1620 tsec 2.5720
#GCMRL#  382 dt  25.600000 rms  0.494  0.055% neg 0  invalid 762 tFOTS 0.0000 tGradient 2.1510 tsec 2.4980
#GCMRL#  383 dt  25.600000 rms  0.494  0.053% neg 0  invalid 762 tFOTS 0.0000 tGradient 1.7130 tsec 2.0260
#GCMRL#  384 dt  25.600000 rms  0.494  0.050% neg 0  invalid 762 tFOTS 0.0000 tGradient 1.7720 tsec 2.0840
#GCMRL#  385 dt  25.600000 rms  0.494  0.042% neg 0  invalid 762 tFOTS 0.0000 tGradient 1.7140 tsec 2.0230
#GCMRL#  386 dt  25.600000 rms  0.493  0.042% neg 0  invalid 762 tFOTS 0.0000 tGradient 1.7270 tsec 2.0360
#GCMRL#  387 dt  25.600000 rms  0.493  0.033% neg 0  invalid 762 tFOTS 0.0000 tGradient 2.0690 tsec 2.4210
#GCMRL#  388 dt  25.600000 rms  0.493  0.041% neg 0  invalid 762 tFOTS 0.0000 tGradient 1.9300 tsec 2.2450
#GCMRL#  389 dt  25.600000 rms  0.493  0.038% neg 0  invalid 762 tFOTS 0.0000 tGradient 1.7970 tsec 2.0950
#GCMRL#  390 dt  25.600000 rms  0.493  0.038% neg 0  invalid 762 tFOTS 0.0000 tGradient 1.9620 tsec 2.3080
#GCMRL#  391 dt  25.600000 rms  0.492  0.030% neg 0  invalid 762 tFOTS 0.0000 tGradient 1.9950 tsec 2.3660
#GCMRL#  392 dt  25.600000 rms  0.492  0.038% neg 0  invalid 762 tFOTS 0.0000 tGradient 2.1640 tsec 2.5190
#GCMRL#  393 dt  25.600000 rms  0.492  0.034% neg 0  invalid 762 tFOTS 0.0000 tGradient 1.8520 tsec 2.1650
#GCMRL#  394 dt  25.600000 rms  0.492  0.030% neg 0  invalid 762 tFOTS 0.0000 tGradient 1.7720 tsec 2.0850
#GCMRL#  395 dt  25.600000 rms  0.492  0.026% neg 0  invalid 762 tFOTS 0.0000 tGradient 2.0010 tsec 2.3740
#GCMRL#  396 dt  25.600000 rms  0.492  0.029% neg 0  invalid 762 tFOTS 0.0000 tGradient 1.8110 tsec 2.1320
#GCMRL#  397 dt  25.600000 rms  0.492  0.028% neg 0  invalid 762 tFOTS 0.0000 tGradient 1.9270 tsec 2.2350
#GCMRL#  398 dt  25.600000 rms  0.491  0.022% neg 0  invalid 762 tFOTS 0.0000 tGradient 1.7790 tsec 2.1240
#GCMRL#  399 dt  25.600000 rms  0.491  0.024% neg 0  invalid 762 tFOTS 0.0000 tGradient 1.9330 tsec 2.2390
#GCMRL#  400 dt  25.600000 rms  0.491  0.030% neg 0  invalid 762 tFOTS 0.0000 tGradient 1.8450 tsec 2.1510
#GCMRL#  401 dt  25.600000 rms  0.491  0.023% neg 0  invalid 762 tFOTS 0.0000 tGradient 1.9140 tsec 2.2680
#GCMRL#  402 dt  25.600000 rms  0.491  0.022% neg 0  invalid 762 tFOTS 0.0000 tGradient 2.1350 tsec 2.5760
#FOTS# QuadFit found better minimum quadopt=(dt=25.6,rms=0.490949) vs oldopt=(dt=32,rms=0.490949)

#GCAMreg# pass 0 level1 3 level2 1 tsec 343.889 sigma 0.5
l_jacobian=1.00 l_label=1.00 l_log_likelihood=0.20 l_smoothness=0.12 
tol=5.00e-02, dt=5.00e-02, exp_k=20.0, momentum=0.90, levels=6, niter=500, lbl_dist=10.00, avgs=16, sigma=0.5,type=2, relabel=0, neg=no

blurring input image with Gaussian with sigma=0.500...
GCAMRegisterLevel(): init RMS 0.491408
#FOTS# QuadFit found better minimum quadopt=(dt=44.8,rms=0.489142) vs oldopt=(dt=32,rms=0.489395)
#GCMRL#  404 dt  44.800000 rms  0.489  0.461% neg 0  invalid 762 tFOTS 5.2760 tGradient 2.1410 tsec 7.8520
#FOTS# QuadFit found better minimum quadopt=(dt=38.4,rms=0.488609) vs oldopt=(dt=32,rms=0.488619)
#GCMRL#  405 dt  38.400000 rms  0.489  0.109% neg 0  invalid 762 tFOTS 5.1390 tGradient 2.1240 tsec 7.6440
#FOTS# QuadFit found better minimum quadopt=(dt=11.2,rms=0.488498) vs oldopt=(dt=8,rms=0.488514)
#GCMRL#  406 dt  11.200000 rms  0.488  0.000% neg 0  invalid 762 tFOTS 5.0140 tGradient 2.0880 tsec 7.4940
#GCMRL#  407 dt  11.200000 rms  0.488  0.014% neg 0  invalid 762 tFOTS 0.0000 tGradient 2.1300 tsec 2.4840
#GCMRL#  408 dt  11.200000 rms  0.488  0.018% neg 0  invalid 762 tFOTS 0.0000 tGradient 1.8740 tsec 2.2050
#GCMRL#  409 dt  11.200000 rms  0.488  0.024% neg 0  invalid 762 tFOTS 0.0000 tGradient 2.0320 tsec 2.3730
#GCMRL#  410 dt  11.200000 rms  0.488  0.025% neg 0  invalid 762 tFOTS 0.0000 tGradient 1.9800 tsec 2.4050
#GCMRL#  411 dt  11.200000 rms  0.488  0.022% neg 0  invalid 762 tFOTS 0.0000 tGradient 2.0710 tsec 2.4280
#GCMRL#  412 dt  11.200000 rms  0.488  0.013% neg 0  invalid 762 tFOTS 0.0000 tGradient 2.0670 tsec 2.4870
#FOTS# QuadFit found better minimum quadopt=(dt=25.6,rms=0.487904) vs oldopt=(dt=32,rms=0.487906)
#GCMRL#  413 dt  25.600000 rms  0.488  0.000% neg 0  invalid 762 tFOTS 5.3880 tGradient 2.1650 tsec 7.9730
#GCMRL#  414 dt  25.600000 rms  0.488  0.018% neg 0  invalid 762 tFOTS 0.0000 tGradient 2.0130 tsec 2.3490
#GCMRL#  415 dt  25.600000 rms  0.488  0.026% neg 0  invalid 762 tFOTS 0.0000 tGradient 1.9180 tsec 2.2900
#GCMRL#  416 dt  25.600000 rms  0.488  0.020% neg 0  invalid 762 tFOTS 0.0000 tGradient 2.1320 tsec 2.4550
#GCMRL#  417 dt  25.600000 rms  0.487  0.028% neg 0  invalid 762 tFOTS 0.0000 tGradient 2.0840 tsec 2.4270
#GCMRL#  418 dt  25.600000 rms  0.487  0.035% neg 0  invalid 762 tFOTS 0.0000 tGradient 2.1070 tsec 2.4560
#GCMRL#  419 dt  25.600000 rms  0.487  0.028% neg 0  invalid 762 tFOTS 0.0000 tGradient 1.9760 tsec 2.3120
#GCMRL#  420 dt  25.600000 rms  0.487  0.023% neg 0  invalid 762 tFOTS 0.0000 tGradient 2.2270 tsec 2.5740
#GCMRL#  421 dt  25.600000 rms  0.487  0.028% neg 0  invalid 762 tFOTS 0.0000 tGradient 2.2700 tsec 2.6490
#GCMRL#  422 dt  25.600000 rms  0.487  0.026% neg 0  invalid 762 tFOTS 0.0000 tGradient 2.1080 tsec 2.4770
#GCMRL#  423 dt  25.600000 rms  0.487  0.021% neg 0  invalid 762 tFOTS 0.0000 tGradient 2.1890 tsec 2.5070
#GCMRL#  424 dt  25.600000 rms  0.487  0.028% neg 0  invalid 762 tFOTS 0.0000 tGradient 1.8040 tsec 2.1500
#GCMRL#  425 dt  25.600000 rms  0.486  0.028% neg 0  invalid 762 tFOTS 0.0000 tGradient 1.8180 tsec 2.1500
#GCMRL#  426 dt  25.600000 rms  0.486  0.029% neg 0  invalid 762 tFOTS 0.0000 tGradient 1.7940 tsec 2.1220
#GCMRL#  427 dt  25.600000 rms  0.486  0.025% neg 0  invalid 762 tFOTS 0.0000 tGradient 1.8100 tsec 2.1440
#GCMRL#  428 dt  25.600000 rms  0.486  0.025% neg 0  invalid 762 tFOTS 0.0000 tGradient 1.7920 tsec 2.1170
#GCMRL#  429 dt  25.600000 rms  0.486  0.027% neg 0  invalid 762 tFOTS 0.0000 tGradient 1.8120 tsec 2.1430
#GCMRL#  430 dt  25.600000 rms  0.486  0.030% neg 0  invalid 762 tFOTS 0.0000 tGradient 1.8480 tsec 2.1750
#GCMRL#  431 dt  25.600000 rms  0.486  0.031% neg 0  invalid 762 tFOTS 0.0000 tGradient 1.8130 tsec 2.1460
#GCMRL#  432 dt  25.600000 rms  0.485  0.026% neg 0  invalid 762 tFOTS 0.0000 tGradient 1.8110 tsec 2.1350
#GCMRL#  433 dt  25.600000 rms  0.485  0.017% neg 0  invalid 762 tFOTS 0.0000 tGradient 1.7940 tsec 2.1290
#GCMRL#  434 dt  25.600000 rms  0.485  0.017% neg 0  invalid 762 tFOTS 0.0000 tGradient 2.1210 tsec 2.5420
#FOTS# QuadFit found better minimum quadopt=(dt=25.6,rms=0.485283) vs oldopt=(dt=32,rms=0.485283)
#GCMRL#  435 dt  25.600000 rms  0.485  0.000% neg 0  invalid 762 tFOTS 5.6760 tGradient 2.1360 tsec 8.2980
#GCMRL#  436 dt  25.600000 rms  0.485  0.005% neg 0  invalid 762 tFOTS 0.0000 tGradient 2.4760 tsec 2.8980
#GCMRL#  437 dt  25.600000 rms  0.485  0.004% neg 0  invalid 762 tFOTS 0.0000 tGradient 2.2230 tsec 2.6040
setting smoothness cost coefficient to 0.400

#GCAMreg# pass 0 level1 2 level2 0 tsec 0 sigma 2
l_jacobian=1.00 l_label=1.00 l_log_likelihood=0.20 l_smoothness=0.40 
tol=5.00e-02, dt=5.00e-02, exp_k=20.0, momentum=0.90, levels=6, niter=500, lbl_dist=10.00, avgs=4, sigma=2.0,type=2, relabel=0, neg=no

blurring input image with Gaussian with sigma=2.000...
GCAMRegisterLevel(): init RMS 0.51538
#GCMRL#  439 dt   0.000000 rms  0.515  0.085% neg 0  invalid 762 tFOTS 4.5210 tGradient 1.7200 tsec 6.6530
#GCMRL#  440 dt   0.150000 rms  0.515  0.000% neg 0  invalid 762 tFOTS 4.5520 tGradient 1.7780 tsec 6.9550

#GCAMreg# pass 0 level1 2 level2 1 tsec 25.35 sigma 0.5
l_jacobian=1.00 l_label=1.00 l_log_likelihood=0.20 l_smoothness=0.40 
tol=5.00e-02, dt=5.00e-02, exp_k=20.0, momentum=0.90, levels=6, niter=500, lbl_dist=10.00, avgs=4, sigma=0.5,type=2, relabel=0, neg=no

blurring input image with Gaussian with sigma=0.500...
GCAMRegisterLevel(): init RMS 0.51538
#GCMRL#  442 dt   0.000000 rms  0.515  0.085% neg 0  invalid 762 tFOTS 4.4680 tGradient 1.7250 tsec 6.5490
#GCMRL#  443 dt   0.150000 rms  0.515  0.000% neg 0  invalid 762 tFOTS 4.6930 tGradient 1.7130 tsec 7.0040
setting smoothness cost coefficient to 1.000

#GCAMreg# pass 0 level1 1 level2 0 tsec 0 sigma 2
l_jacobian=1.00 l_label=1.00 l_log_likelihood=0.20 l_smoothness=1.00 
tol=5.00e-02, dt=5.00e-02, exp_k=20.0, momentum=0.90, levels=6, niter=500, lbl_dist=10.00, avgs=1, sigma=2.0,type=2, relabel=0, neg=no

blurring input image with Gaussian with sigma=2.000...
GCAMRegisterLevel(): init RMS 0.573384
#FOTS# QuadFit found better minimum quadopt=(dt=1.792,rms=0.565858) vs oldopt=(dt=1.28,rms=0.566563)
#GCMRL#  445 dt   1.792000 rms  0.566  1.312% neg 0  invalid 762 tFOTS 4.9050 tGradient 1.6860 tsec 6.9520
#FOTS# QuadFit found better minimum quadopt=(dt=0.448,rms=0.565647) vs oldopt=(dt=0.32,rms=0.565672)
#GCMRL#  446 dt   0.448000 rms  0.566  0.000% neg 0  invalid 762 tFOTS 5.4110 tGradient 1.7120 tsec 7.5360

#GCAMreg# pass 0 level1 1 level2 1 tsec 26.241 sigma 0.5
l_jacobian=1.00 l_label=1.00 l_log_likelihood=0.20 l_smoothness=1.00 
tol=5.00e-02, dt=5.00e-02, exp_k=20.0, momentum=0.90, levels=6, niter=500, lbl_dist=10.00, avgs=1, sigma=0.5,type=2, relabel=0, neg=no

blurring input image with Gaussian with sigma=0.500...
GCAMRegisterLevel(): init RMS 0.566048
#FOTS# QuadFit found better minimum quadopt=(dt=0.448,rms=0.56531) vs oldopt=(dt=0.32,rms=0.565373)
#GCMRL#  448 dt   0.448000 rms  0.565  0.130% neg 0  invalid 762 tFOTS 5.3340 tGradient 1.7610 tsec 7.4850
#FOTS# QuadFit found better minimum quadopt=(dt=0.384,rms=0.565226) vs oldopt=(dt=0.32,rms=0.565227)
#GCMRL#  449 dt   0.384000 rms  0.565  0.000% neg 0  invalid 762 tFOTS 4.9820 tGradient 1.8960 tsec 7.3670
resetting metric properties...
setting smoothness cost coefficient to 2.000

#GCAMreg# pass 0 level1 0 level2 0 tsec 0 sigma 2
l_jacobian=1.00 l_label=1.00 l_log_likelihood=0.20 l_smoothness=2.00 
tol=5.00e-02, dt=5.00e-02, exp_k=20.0, momentum=0.90, levels=6, niter=500, lbl_dist=10.00, avgs=0, sigma=2.0,type=2, relabel=0, neg=no

blurring input image with Gaussian with sigma=2.000...
GCAMRegisterLevel(): init RMS 0.503687
#FOTS# QuadFit found better minimum quadopt=(dt=0.448,rms=0.492119) vs oldopt=(dt=0.32,rms=0.495136)
#GCMRL#  451 dt   0.448000 rms  0.492  2.297% neg 0  invalid 762 tFOTS 4.6600 tGradient 1.2410 tsec 6.2830
#FOTS# QuadFit found better minimum quadopt=(dt=0.448,rms=0.489313) vs oldopt=(dt=0.32,rms=0.490089)
#GCMRL#  452 dt   0.448000 rms  0.489  0.570% neg 0  invalid 762 tFOTS 4.7170 tGradient 1.0400 tsec 6.2020
#FOTS# QuadFit found better minimum quadopt=(dt=0.448,rms=0.487555) vs oldopt=(dt=0.32,rms=0.488048)
#GCMRL#  453 dt   0.448000 rms  0.488  0.359% neg 0  invalid 762 tFOTS 4.8460 tGradient 1.1670 tsec 6.4110
#FOTS# QuadFit found better minimum quadopt=(dt=0.448,rms=0.486394) vs oldopt=(dt=0.32,rms=0.48672)
#GCMRL#  454 dt   0.448000 rms  0.486  0.238% neg 0  invalid 762 tFOTS 4.7260 tGradient 1.0400 tsec 6.2060
#FOTS# QuadFit found better minimum quadopt=(dt=0.448,rms=0.485528) vs oldopt=(dt=0.32,rms=0.485772)
#GCMRL#  455 dt   0.448000 rms  0.486  0.178% neg 0  invalid 762 tFOTS 4.9930 tGradient 1.1640 tsec 6.5450
#FOTS# QuadFit found better minimum quadopt=(dt=0.448,rms=0.484871) vs oldopt=(dt=0.32,rms=0.485057)
#GCMRL#  456 dt   0.448000 rms  0.485  0.135% neg 0  invalid 762 tFOTS 4.6530 tGradient 1.1550 tsec 6.2380
#FOTS# QuadFit found better minimum quadopt=(dt=0.448,rms=0.484336) vs oldopt=(dt=0.32,rms=0.484485)
#GCMRL#  457 dt   0.448000 rms  0.484  0.110% neg 0  invalid 762 tFOTS 4.7160 tGradient 1.1750 tsec 6.3470
#FOTS# QuadFit found better minimum quadopt=(dt=0.448,rms=0.483922) vs oldopt=(dt=0.32,rms=0.48404)
#GCMRL#  458 dt   0.448000 rms  0.484  0.086% neg 0  invalid 762 tFOTS 4.8750 tGradient 1.2250 tsec 6.4780
#FOTS# QuadFit found better minimum quadopt=(dt=0.448,rms=0.483557) vs oldopt=(dt=0.32,rms=0.483657)
#GCMRL#  459 dt   0.448000 rms  0.484  0.075% neg 0  invalid 762 tFOTS 4.7950 tGradient 1.0990 tsec 6.2750
#FOTS# QuadFit found better minimum quadopt=(dt=0.448,rms=0.48326) vs oldopt=(dt=0.32,rms=0.483342)
#GCMRL#  460 dt   0.448000 rms  0.483  0.061% neg 0  invalid 762 tFOTS 4.9620 tGradient 1.1070 tsec 6.5480
#FOTS# QuadFit found better minimum quadopt=(dt=0.448,rms=0.482997) vs oldopt=(dt=0.32,rms=0.483069)
#GCMRL#  461 dt   0.448000 rms  0.483  0.054% neg 0  invalid 762 tFOTS 5.2320 tGradient 1.2410 tsec 6.9220
#FOTS# QuadFit found better minimum quadopt=(dt=0.448,rms=0.482786) vs oldopt=(dt=0.32,rms=0.482845)
#GCMRL#  462 dt   0.448000 rms  0.483  0.000% neg 0  invalid 762 tFOTS 5.0420 tGradient 1.2250 tsec 6.7520
#GCMRL#  463 dt   0.448000 rms  0.483  0.042% neg 0  invalid 762 tFOTS 0.0000 tGradient 1.1150 tsec 1.5170
#GCMRL#  464 dt   0.448000 rms  0.482  0.068% neg 0  invalid 762 tFOTS 0.0000 tGradient 1.0720 tsec 1.4940
#GCMRL#  465 dt   0.448000 rms  0.482  0.086% neg 0  invalid 762 tFOTS 0.0000 tGradient 1.0570 tsec 1.4530
#GCMRL#  466 dt   0.448000 rms  0.481  0.092% neg 0  invalid 762 tFOTS 0.0000 tGradient 1.0560 tsec 1.4520
#GCMRL#  467 dt   0.448000 rms  0.481  0.007% neg 0  invalid 762 tFOTS 0.0000 tGradient 1.0600 tsec 1.6780
#GCMRL#  468 dt   0.448000 rms  0.481  0.015% neg 0  invalid 762 tFOTS 0.0000 tGradient 1.0570 tsec 1.4530
#GCMRL#  469 dt   0.448000 rms  0.481  0.019% neg 0  invalid 762 tFOTS 0.0000 tGradient 1.0520 tsec 1.4470
#GCMRL#  470 dt   0.448000 rms  0.481  0.023% neg 0  invalid 762 tFOTS 0.0000 tGradient 1.0510 tsec 1.4500
#GCMRL#  471 dt   0.448000 rms  0.481  0.027% neg 0  invalid 762 tFOTS 0.0000 tGradient 1.0540 tsec 1.4480
#GCMRL#  472 dt   0.448000 rms  0.481  0.028% neg 0  invalid 762 tFOTS 0.0000 tGradient 1.0540 tsec 1.4580
#GCMRL#  473 dt   0.448000 rms  0.481  0.026% neg 0  invalid 762 tFOTS 0.0000 tGradient 1.1030 tsec 1.5400
#GCMRL#  474 dt   0.448000 rms  0.481  0.025% neg 0  invalid 762 tFOTS 0.0000 tGradient 1.0860 tsec 1.5190
#GCMRL#  475 dt   0.448000 rms  0.480  0.022% neg 0  invalid 762 tFOTS 0.0000 tGradient 1.0900 tsec 1.5340
#GCMRL#  476 dt   0.448000 rms  0.480  0.000% neg 0  invalid 762 tFOTS 0.0000 tGradient 1.1550 tsec 1.8540
#FOTS# QuadFit found better minimum quadopt=(dt=0.112,rms=0.480471) vs oldopt=(dt=0.08,rms=0.480472)
#GCMRL#  477 dt   0.112000 rms  0.480  0.000% neg 0  invalid 762 tFOTS 4.7860 tGradient 1.1130 tsec 6.3370
#GCMRL#  478 dt   0.112000 rms  0.480  0.001% neg 0  invalid 762 tFOTS 0.0000 tGradient 0.9970 tsec 1.3980
#GCMRL#  479 dt   0.112000 rms  0.480  0.000% neg 0  invalid 762 tFOTS 0.0000 tGradient 1.0590 tsec 1.4610

#GCAMreg# pass 0 level1 0 level2 1 tsec 118.956 sigma 0.5
l_jacobian=1.00 l_label=1.00 l_log_likelihood=0.20 l_smoothness=2.00 
tol=5.00e-02, dt=5.00e-02, exp_k=20.0, momentum=0.90, levels=6, niter=500, lbl_dist=10.00, avgs=0, sigma=0.5,type=2, relabel=0, neg=no

blurring input image with Gaussian with sigma=0.500...
GCAMRegisterLevel(): init RMS 0.480973
#FOTS# QuadFit found better minimum quadopt=(dt=0.384,rms=0.478357) vs oldopt=(dt=0.32,rms=0.478679)
#GCMRL#  481 dt   0.384000 rms  0.478  0.544% neg 0  invalid 762 tFOTS 4.6720 tGradient 1.0620 tsec 6.1290
#FOTS# QuadFit found better minimum quadopt=(dt=0.448,rms=0.477777) vs oldopt=(dt=0.32,rms=0.477935)
#GCMRL#  482 dt   0.448000 rms  0.478  0.121% neg 0  invalid 762 tFOTS 4.5470 tGradient 0.9830 tsec 5.9260
#FOTS# QuadFit found better minimum quadopt=(dt=0.448,rms=0.477653) vs oldopt=(dt=0.32,rms=0.477684)
#GCMRL#  483 dt   0.448000 rms  0.478  0.000% neg 0  invalid 762 tFOTS 4.6210 tGradient 1.0830 tsec 6.1490
#GCMRL#  484 dt   0.448000 rms  0.478  0.010% neg 0  invalid 762 tFOTS 0.0000 tGradient 1.0330 tsec 1.4340
#GCMRL#  485 dt   0.448000 rms  0.478  0.010% neg 0  invalid 762 tFOTS 0.0000 tGradient 1.1180 tsec 1.5270
#GCMRL#  486 dt   0.448000 rms  0.478  0.001% neg 0  invalid 762 tFOTS 0.0000 tGradient 1.1370 tsec 1.7940
GCAMregister done in 32.8209 min
********************* ALLOWING NEGATIVE NODES IN DEFORMATION********************************
noneg post
Starting GCAMregister()
label assignment complete, 0 changed (0.00%)
npasses = 1, nlevels = 6
#pass# 1 of 1 ************************
enabling zero nodes
setting smoothness cost coefficient to 0.008

#GCAMreg# pass 0 level1 5 level2 0 tsec 0 sigma 2
l_jacobian=1.00 l_label=1.00 l_log_likelihood=0.20 l_smoothness=0.01 
tol=2.50e-01, dt=5.00e-02, exp_k=20.0, momentum=0.90, levels=6, niter=500, lbl_dist=10.00, avgs=256, sigma=2.0,type=2, relabel=0, neg=yes

blurring input image with Gaussian with sigma=2.000...
GCAMRegisterLevel(): init RMS 0.475465
#GCMRL#  488 dt   0.000000 rms  0.475  0.106% neg 0  invalid 762 tFOTS 5.9270 tGradient 3.2160 tsec 9.5330

#GCAMreg# pass 0 level1 5 level2 1 tsec 28.078 sigma 0.5
l_jacobian=1.00 l_label=1.00 l_log_likelihood=0.20 l_smoothness=0.01 
tol=2.50e-01, dt=5.00e-02, exp_k=20.0, momentum=0.90, levels=6, niter=500, lbl_dist=10.00, avgs=256, sigma=0.5,type=2, relabel=0, neg=yes

blurring input image with Gaussian with sigma=0.500...
GCAMRegisterLevel(): init RMS 0.475465
#FOTS# QuadFit found better minimum quadopt=(dt=221.952,rms=0.47451) vs oldopt=(dt=369.92,rms=0.474615)
#GCMRL#  490 dt 221.952000 rms  0.475  0.201% neg 0  invalid 762 tFOTS 5.8630 tGradient 3.1120 tsec 9.4230
#FOTS# QuadFit found better minimum quadopt=(dt=129.472,rms=0.474359) vs oldopt=(dt=92.48,rms=0.474367)
#GCMRL#  491 dt 129.472000 rms  0.474  0.000% neg 0  invalid 762 tFOTS 5.7130 tGradient 2.8810 tsec 9.0600
#GCMRL#  492 dt 129.472000 rms  0.474  0.032% neg 0  invalid 762 tFOTS 0.0000 tGradient 3.5520 tsec 3.9590
#GCMRL#  493 dt 129.472000 rms  0.474  0.036% neg 0  invalid 762 tFOTS 0.0000 tGradient 2.9780 tsec 3.3820
#GCMRL#  494 dt 129.472000 rms  0.474  0.023% neg 0  invalid 762 tFOTS 0.0000 tGradient 2.9610 tsec 3.3460
#GCMRL#  495 dt 129.472000 rms  0.474  0.043% neg 0  invalid 762 tFOTS 0.0000 tGradient 2.9940 tsec 3.3810
setting smoothness cost coefficient to 0.031

#GCAMreg# pass 0 level1 4 level2 0 tsec 0 sigma 2
l_jacobian=1.00 l_label=1.00 l_log_likelihood=0.20 l_smoothness=0.03 
tol=2.50e-01, dt=5.00e-02, exp_k=20.0, momentum=0.90, levels=6, niter=500, lbl_dist=10.00, avgs=64, sigma=2.0,type=2, relabel=0, neg=yes

blurring input image with Gaussian with sigma=2.000...
GCAMRegisterLevel(): init RMS 0.474091
#FOTS# QuadFit found better minimum quadopt=(dt=36.288,rms=0.47332) vs oldopt=(dt=25.92,rms=0.473346)
#GCMRL#  497 dt  36.288000 rms  0.473  0.163% neg 0  invalid 762 tFOTS 5.2930 tGradient 2.6070 tsec 8.2800
#FOTS# QuadFit found better minimum quadopt=(dt=36.288,rms=0.473149) vs oldopt=(dt=25.92,rms=0.473185)
iter 0, gcam->neg = 1
after 0 iterations, nbhd size=0, neg = 0
#GCMRL#  498 dt  36.288000 rms  0.473  0.000% neg 0  invalid 762 tFOTS 5.7950 tGradient 2.3920 tsec 9.7560
#GCMRL#  499 dt  36.288000 rms  0.473  0.040% neg 0  invalid 762 tFOTS 0.0000 tGradient 2.1710 tsec 2.5560
#GCMRL#  500 dt  36.288000 rms  0.473  0.050% neg 0  invalid 762 tFOTS 0.0000 tGradient 1.9790 tsec 2.3620
#GCMRL#  501 dt  36.288000 rms  0.473  0.031% neg 0  invalid 762 tFOTS 0.0000 tGradient 1.9800 tsec 2.3680
iter 0, gcam->neg = 2
after 0 iterations, nbhd size=0, neg = 0

#GCAMreg# pass 0 level1 4 level2 1 tsec 38.247 sigma 0.5
l_jacobian=1.00 l_label=1.00 l_log_likelihood=0.20 l_smoothness=0.03 
tol=2.50e-01, dt=5.00e-02, exp_k=20.0, momentum=0.90, levels=6, niter=500, lbl_dist=10.00, avgs=64, sigma=0.5,type=2, relabel=0, neg=yes

blurring input image with Gaussian with sigma=0.500...
GCAMRegisterLevel(): init RMS 0.472997
#FOTS# QuadFit found better minimum quadopt=(dt=133.12,rms=0.469629) vs oldopt=(dt=103.68,rms=0.469746)
#GCMRL#  503 dt 133.120000 rms  0.470  0.712% neg 0  invalid 762 tFOTS 6.0790 tGradient 2.0940 tsec 8.5780
#FOTS# QuadFit found better minimum quadopt=(dt=36.288,rms=0.468939) vs oldopt=(dt=25.92,rms=0.469056)
#GCMRL#  504 dt  36.288000 rms  0.469  0.000% neg 0  invalid 762 tFOTS 5.6390 tGradient 2.0100 tsec 8.0830
#GCMRL#  505 dt  36.288000 rms  0.469  0.034% neg 0  invalid 762 tFOTS 0.0000 tGradient 2.0570 tsec 2.4600
#GCMRL#  506 dt  36.288000 rms  0.469  0.052% neg 0  invalid 762 tFOTS 0.0000 tGradient 2.0460 tsec 2.4510
#GCMRL#  507 dt  36.288000 rms  0.468  0.069% neg 0  invalid 762 tFOTS 0.0000 tGradient 2.1090 tsec 2.5130
#GCMRL#  508 dt  36.288000 rms  0.468  0.097% neg 0  invalid 762 tFOTS 0.0000 tGradient 2.3190 tsec 2.7270
#GCMRL#  509 dt  36.288000 rms  0.467  0.107% neg 0  invalid 762 tFOTS 0.0000 tGradient 2.0730 tsec 2.4670
#GCMRL#  510 dt  36.288000 rms  0.467  0.110% neg 0  invalid 762 tFOTS 0.0000 tGradient 2.0970 tsec 2.4960
#GCMRL#  511 dt  36.288000 rms  0.466  0.098% neg 0  invalid 762 tFOTS 0.0000 tGradient 2.0800 tsec 2.4820
#GCMRL#  512 dt  36.288000 rms  0.466  0.091% neg 0  invalid 762 tFOTS 0.0000 tGradient 2.0700 tsec 2.5090
setting smoothness cost coefficient to 0.118

#GCAMreg# pass 0 level1 3 level2 0 tsec 0 sigma 2
l_jacobian=1.00 l_label=1.00 l_log_likelihood=0.20 l_smoothness=0.12 
tol=2.50e-01, dt=5.00e-02, exp_k=20.0, momentum=0.90, levels=6, niter=500, lbl_dist=10.00, avgs=16, sigma=2.0,type=2, relabel=0, neg=yes

blurring input image with Gaussian with sigma=2.000...
GCAMRegisterLevel(): init RMS 0.466772
#FOTS# QuadFit found better minimum quadopt=(dt=44.8,rms=0.463801) vs oldopt=(dt=32,rms=0.463975)
iter 0, gcam->neg = 5
after 10 iterations, nbhd size=1, neg = 0
#GCMRL#  514 dt  44.800000 rms  0.464  0.625% neg 0  invalid 762 tFOTS 6.1700 tGradient 1.9030 tsec 15.0060
#FOTS# QuadFit found better minimum quadopt=(dt=96.8252,rms=0.458846) vs oldopt=(dt=128,rms=0.45938)
iter 0, gcam->neg = 12
after 10 iterations, nbhd size=1, neg = 0
#GCMRL#  515 dt  96.825215 rms  0.459  1.074% neg 0  invalid 762 tFOTS 6.1680 tGradient 1.9000 tsec 14.9750
#FOTS# QuadFit found better minimum quadopt=(dt=11.2,rms=0.457851) vs oldopt=(dt=8,rms=0.458101)
iter 0, gcam->neg = 1
after 1 iterations, nbhd size=0, neg = 0
#GCMRL#  516 dt  11.200000 rms  0.458  0.000% neg 0  invalid 762 tFOTS 6.1450 tGradient 1.9490 tsec 10.2230
iter 0, gcam->neg = 1
after 0 iterations, nbhd size=0, neg = 0
#GCMRL#  517 dt  11.200000 rms  0.457  0.113% neg 0  invalid 762 tFOTS 0.0000 tGradient 1.9390 tsec 3.5020
iter 0, gcam->neg = 1
after 4 iterations, nbhd size=0, neg = 0
#GCMRL#  518 dt  11.200000 rms  0.457  0.057% neg 0  invalid 762 tFOTS 0.0000 tGradient 1.9010 tsec 5.5980
iter 0, gcam->neg = 2
after 3 iterations, nbhd size=0, neg = 0
#GCMRL#  519 dt  11.200000 rms  0.457  0.018% neg 0  invalid 762 tFOTS 0.0000 tGradient 1.8450 tsec 5.0650
#FOTS# QuadFit found better minimum quadopt=(dt=44.8,rms=0.455362) vs oldopt=(dt=32,rms=0.455511)
iter 0, gcam->neg = 1
after 2 iterations, nbhd size=0, neg = 0
#GCMRL#  520 dt  44.800000 rms  0.455  0.357% neg 0  invalid 762 tFOTS 6.3110 tGradient 1.9800 tsec 10.9420
#FOTS# QuadFit found better minimum quadopt=(dt=11.2,rms=0.455053) vs oldopt=(dt=8,rms=0.455127)
iter 0, gcam->neg = 2
after 0 iterations, nbhd size=0, neg = 0
#GCMRL#  521 dt  11.200000 rms  0.455  0.000% neg 0  invalid 762 tFOTS 6.1920 tGradient 2.0890 tsec 9.8940
iter 0, gcam->neg = 1
after 0 iterations, nbhd size=0, neg = 0
#GCMRL#  522 dt  11.200000 rms  0.455  0.057% neg 0  invalid 762 tFOTS 0.0000 tGradient 1.9480 tsec 3.5040
iter 0, gcam->neg = 4
after 4 iterations, nbhd size=0, neg = 0
#GCMRL#  523 dt  11.200000 rms  0.455  0.047% neg 0  invalid 762 tFOTS 0.0000 tGradient 1.8460 tsec 5.5340
iter 0, gcam->neg = 2
after 2 iterations, nbhd size=0, neg = 0
#GCMRL#  524 dt  11.200000 rms  0.454  0.067% neg 0  invalid 762 tFOTS 0.0000 tGradient 1.9750 tsec 4.6140
iter 0, gcam->neg = 6
after 0 iterations, nbhd size=0, neg = 0
#GCMRL#  525 dt  11.200000 rms  0.454  0.116% neg 0  invalid 762 tFOTS 0.0000 tGradient 1.9250 tsec 3.4910
iter 0, gcam->neg = 2
after 3 iterations, nbhd size=0, neg = 0
#GCMRL#  526 dt  11.200000 rms  0.453  0.152% neg 0  invalid 762 tFOTS 0.0000 tGradient 1.9300 tsec 5.0950
iter 0, gcam->neg = 2
after 3 iterations, nbhd size=0, neg = 0
#GCMRL#  527 dt  11.200000 rms  0.452  0.147% neg 0  invalid 762 tFOTS 0.0000 tGradient 1.9150 tsec 5.0940
iter 0, gcam->neg = 6
after 11 iterations, nbhd size=1, neg = 0
#GCMRL#  528 dt  11.200000 rms  0.452  0.135% neg 0  invalid 762 tFOTS 0.0000 tGradient 1.8750 tsec 9.3700
iter 0, gcam->neg = 9
after 3 iterations, nbhd size=0, neg = 0
#GCMRL#  529 dt  11.200000 rms  0.451  0.133% neg 0  invalid 762 tFOTS 0.0000 tGradient 1.9220 tsec 5.1020
iter 0, gcam->neg = 4
after 9 iterations, nbhd size=1, neg = 0
#GCMRL#  530 dt  11.200000 rms  0.451  0.109% neg 0  invalid 762 tFOTS 0.0000 tGradient 1.9220 tsec 8.3370
iter 0, gcam->neg = 10
after 3 iterations, nbhd size=0, neg = 0
#GCMRL#  531 dt  11.200000 rms  0.450  0.105% neg 0  invalid 762 tFOTS 0.0000 tGradient 2.0340 tsec 5.2440
#FOTS# QuadFit found better minimum quadopt=(dt=44.8,rms=0.45008) vs oldopt=(dt=32,rms=0.450094)
iter 0, gcam->neg = 1
after 0 iterations, nbhd size=0, neg = 0
#GCMRL#  532 dt  44.800000 rms  0.450  0.000% neg 0  invalid 762 tFOTS 5.9820 tGradient 1.9870 tsec 9.5820
iter 0, gcam->neg = 2
after 0 iterations, nbhd size=0, neg = 0

#GCAMreg# pass 0 level1 3 level2 1 tsec 153.243 sigma 0.5
l_jacobian=1.00 l_label=1.00 l_log_likelihood=0.20 l_smoothness=0.12 
tol=2.50e-01, dt=5.00e-02, exp_k=20.0, momentum=0.90, levels=6, niter=500, lbl_dist=10.00, avgs=16, sigma=0.5,type=2, relabel=0, neg=yes

blurring input image with Gaussian with sigma=0.500...
GCAMRegisterLevel(): init RMS 0.450571
#FOTS# QuadFit found better minimum quadopt=(dt=54.6133,rms=0.447153) vs oldopt=(dt=32,rms=0.447514)
iter 0, gcam->neg = 2
after 1 iterations, nbhd size=0, neg = 0
#GCMRL#  534 dt  54.613333 rms  0.447  0.758% neg 0  invalid 762 tFOTS 6.0670 tGradient 1.8680 tsec 10.0210
#FOTS# QuadFit found better minimum quadopt=(dt=25.6,rms=0.446161) vs oldopt=(dt=32,rms=0.446228)
#GCMRL#  535 dt  25.600000 rms  0.446  0.000% neg 0  invalid 762 tFOTS 6.2570 tGradient 1.9320 tsec 8.6860
iter 0, gcam->neg = 1
after 0 iterations, nbhd size=0, neg = 0
#GCMRL#  536 dt  25.600000 rms  0.446  0.117% neg 0  invalid 762 tFOTS 0.0000 tGradient 1.9130 tsec 3.4760
#GCMRL#  537 dt  25.600000 rms  0.445  0.114% neg 0  invalid 762 tFOTS 0.0000 tGradient 1.9100 tsec 2.3090
#GCMRL#  538 dt  25.600000 rms  0.445  0.116% neg 0  invalid 762 tFOTS 0.0000 tGradient 1.9160 tsec 2.3150
iter 0, gcam->neg = 1
after 8 iterations, nbhd size=1, neg = 0
#GCMRL#  539 dt  25.600000 rms  0.444  0.093% neg 0  invalid 762 tFOTS 0.0000 tGradient 2.0100 tsec 7.9070
#FOTS# QuadFit found better minimum quadopt=(dt=25.6,rms=0.444044) vs oldopt=(dt=32,rms=0.444051)
setting smoothness cost coefficient to 0.400

#GCAMreg# pass 0 level1 2 level2 0 tsec 0 sigma 2
l_jacobian=1.00 l_label=1.00 l_log_likelihood=0.20 l_smoothness=0.40 
tol=2.50e-01, dt=5.00e-02, exp_k=20.0, momentum=0.90, levels=6, niter=500, lbl_dist=10.00, avgs=4, sigma=2.0,type=2, relabel=0, neg=yes

blurring input image with Gaussian with sigma=2.000...
GCAMRegisterLevel(): init RMS 0.450654
#FOTS# QuadFit found better minimum quadopt=(dt=1.728,rms=0.450017) vs oldopt=(dt=2.88,rms=0.450036)
#GCMRL#  541 dt   1.728000 rms  0.450  0.141% neg 0  invalid 762 tFOTS 6.0780 tGradient 1.7480 tsec 8.2390
#FOTS# QuadFit found better minimum quadopt=(dt=0.864,rms=0.45) vs oldopt=(dt=0.72,rms=0.45)
#GCMRL#  542 dt   0.864000 rms  0.450  0.000% neg 0  invalid 762 tFOTS 5.9710 tGradient 1.7480 tsec 8.1480
#GCMRL#  543 dt   0.864000 rms  0.450  0.000% neg 0  invalid 762 tFOTS 0.0000 tGradient 1.7230 tsec 2.1060

#GCAMreg# pass 0 level1 2 level2 1 tsec 30.425 sigma 0.5
l_jacobian=1.00 l_label=1.00 l_log_likelihood=0.20 l_smoothness=0.40 
tol=2.50e-01, dt=5.00e-02, exp_k=20.0, momentum=0.90, levels=6, niter=500, lbl_dist=10.00, avgs=4, sigma=0.5,type=2, relabel=0, neg=yes

blurring input image with Gaussian with sigma=0.500...
GCAMRegisterLevel(): init RMS 0.450553
#FOTS# QuadFit found better minimum quadopt=(dt=6.18182,rms=0.449657) vs oldopt=(dt=2.88,rms=0.449743)
#GCMRL#  545 dt   6.181818 rms  0.450  0.199% neg 0  invalid 762 tFOTS 5.8680 tGradient 1.8010 tsec 8.0550
#FOTS# QuadFit found better minimum quadopt=(dt=4.032,rms=0.449483) vs oldopt=(dt=2.88,rms=0.449519)
iter 0, gcam->neg = 1
after 2 iterations, nbhd size=0, neg = 0
#GCMRL#  546 dt   4.032000 rms  0.449  0.000% neg 0  invalid 762 tFOTS 5.8160 tGradient 1.7190 tsec 10.1580
#GCMRL#  547 dt   4.032000 rms  0.449  0.039% neg 0  invalid 762 tFOTS 0.0000 tGradient 1.7270 tsec 2.1260
#GCMRL#  548 dt   4.032000 rms  0.449  0.035% neg 0  invalid 762 tFOTS 0.0000 tGradient 1.7300 tsec 2.1360
iter 0, gcam->neg = 2
after 2 iterations, nbhd size=0, neg = 0
setting smoothness cost coefficient to 1.000

#GCAMreg# pass 0 level1 1 level2 0 tsec 0 sigma 2
l_jacobian=1.00 l_label=1.00 l_log_likelihood=0.20 l_smoothness=1.00 
tol=2.50e-01, dt=5.00e-02, exp_k=20.0, momentum=0.90, levels=6, niter=500, lbl_dist=10.00, avgs=1, sigma=2.0,type=2, relabel=0, neg=yes

blurring input image with Gaussian with sigma=2.000...
GCAMRegisterLevel(): init RMS 0.455573
#FOTS# QuadFit found better minimum quadopt=(dt=4e-05,rms=0.455053) vs oldopt=(dt=5e-05,rms=0.455053)
#GCMRL#  550 dt   0.000040 rms  0.455  0.114% neg 0  invalid 762 tFOTS 7.8980 tGradient 1.6400 tsec 9.9580
#GCMRL#  551 dt   0.100000 rms  0.455  0.000% neg 0  invalid 762 tFOTS 6.0960 tGradient 1.6270 tsec 8.1780

#GCAMreg# pass 0 level1 1 level2 1 tsec 29.865 sigma 0.5
l_jacobian=1.00 l_label=1.00 l_log_likelihood=0.20 l_smoothness=1.00 
tol=2.50e-01, dt=5.00e-02, exp_k=20.0, momentum=0.90, levels=6, niter=500, lbl_dist=10.00, avgs=1, sigma=0.5,type=2, relabel=0, neg=yes

blurring input image with Gaussian with sigma=0.500...
GCAMRegisterLevel(): init RMS 0.455573
#GCMRL#  553 dt   0.000000 rms  0.455  0.114% neg 0  invalid 762 tFOTS 5.9190 tGradient 1.6020 tsec 8.0170
resetting metric properties...
setting smoothness cost coefficient to 2.000

#GCAMreg# pass 0 level1 0 level2 0 tsec 0 sigma 2
l_jacobian=1.00 l_label=1.00 l_log_likelihood=0.20 l_smoothness=2.00 
tol=2.50e-01, dt=5.00e-02, exp_k=20.0, momentum=0.90, levels=6, niter=500, lbl_dist=10.00, avgs=0, sigma=2.0,type=2, relabel=0, neg=yes

blurring input image with Gaussian with sigma=2.000...
GCAMRegisterLevel(): init RMS 0.445618
#FOTS# QuadFit found better minimum quadopt=(dt=1.93675,rms=0.423108) vs oldopt=(dt=1.28,rms=0.42585)
iter 0, gcam->neg = 569
after 15 iterations, nbhd size=1, neg = 0
#GCMRL#  555 dt   1.936749 rms  0.424  4.930% neg 0  invalid 762 tFOTS 6.1020 tGradient 1.0350 tsec 16.7600
#FOTS# QuadFit found better minimum quadopt=(dt=0.024,rms=0.423586) vs oldopt=(dt=0.02,rms=0.423586)
#GCMRL#  556 dt   0.024000 rms  0.424  0.000% neg 0  invalid 762 tFOTS 6.1610 tGradient 1.1060 tsec 7.7020

#GCAMreg# pass 0 level1 0 level2 1 tsec 35.489 sigma 0.5
l_jacobian=1.00 l_label=1.00 l_log_likelihood=0.20 l_smoothness=2.00 
tol=2.50e-01, dt=5.00e-02, exp_k=20.0, momentum=0.90, levels=6, niter=500, lbl_dist=10.00, avgs=0, sigma=0.5,type=2, relabel=0, neg=yes

blurring input image with Gaussian with sigma=0.500...
GCAMRegisterLevel(): init RMS 0.424221
#FOTS# QuadFit found better minimum quadopt=(dt=0.048,rms=0.423499) vs oldopt=(dt=0.08,rms=0.423517)
#GCMRL#  558 dt   0.048000 rms  0.423  0.170% neg 0  invalid 762 tFOTS 6.1600 tGradient 1.0970 tsec 7.6560
#FOTS# QuadFit found better minimum quadopt=(dt=0.007,rms=0.423491) vs oldopt=(dt=0.005,rms=0.423492)
#GCMRL#  559 dt   0.007000 rms  0.423  0.000% neg 0  invalid 762 tFOTS 6.1500 tGradient 1.1000 tsec 7.6890
label assignment complete, 0 changed (0.00%)
GCAMregister done in 8.46602 min
Starting GCAMcomputeMaxPriorLabels()
Morphing with label term set to 0 *******************************
Starting GCAMregister()
label assignment complete, 0 changed (0.00%)
npasses = 1, nlevels = 6
#pass# 1 of 1 ************************
enabling zero nodes
setting smoothness cost coefficient to 0.008

#GCAMreg# pass 0 level1 5 level2 0 tsec 0 sigma 2
l_jacobian=1.00 l_log_likelihood=0.20 l_smoothness=0.01 
tol=2.50e-01, dt=5.00e-02, exp_k=20.0, momentum=0.90, levels=6, niter=500, lbl_dist=10.00, avgs=256, sigma=2.0,type=2, relabel=0, neg=yes

blurring input image with Gaussian with sigma=2.000...
GCAMRegisterLevel(): init RMS 0.41153

#GCAMreg# pass 0 level1 5 level2 1 tsec 17.198 sigma 0.5
l_jacobian=1.00 l_log_likelihood=0.20 l_smoothness=0.01 
tol=2.50e-01, dt=5.00e-02, exp_k=20.0, momentum=0.90, levels=6, niter=500, lbl_dist=10.00, avgs=256, sigma=0.5,type=2, relabel=0, neg=yes

blurring input image with Gaussian with sigma=0.500...
GCAMRegisterLevel(): init RMS 0.41153
#FOTS# QuadFit found better minimum quadopt=(dt=0.004335,rms=0.41153) vs oldopt=(dt=0.0036125,rms=0.41153)
#GCMRL#  562 dt   0.004335 rms  0.412  0.000% neg 0  invalid 762 tFOTS 6.8920 tGradient 1.8590 tsec 9.1370
setting smoothness cost coefficient to 0.031

#GCAMreg# pass 0 level1 4 level2 0 tsec 0 sigma 2
l_jacobian=1.00 l_log_likelihood=0.20 l_smoothness=0.03 
tol=2.50e-01, dt=5.00e-02, exp_k=20.0, momentum=0.90, levels=6, niter=500, lbl_dist=10.00, avgs=64, sigma=2.0,type=2, relabel=0, neg=yes

blurring input image with Gaussian with sigma=2.000...
GCAMRegisterLevel(): init RMS 0.411678

#GCAMreg# pass 0 level1 4 level2 1 tsec 16.723 sigma 0.5
l_jacobian=1.00 l_log_likelihood=0.20 l_smoothness=0.03 
tol=2.50e-01, dt=5.00e-02, exp_k=20.0, momentum=0.90, levels=6, niter=500, lbl_dist=10.00, avgs=64, sigma=0.5,type=2, relabel=0, neg=yes

blurring input image with Gaussian with sigma=0.500...
GCAMRegisterLevel(): init RMS 0.411678
#FOTS# QuadFit found better minimum quadopt=(dt=36.288,rms=0.411528) vs oldopt=(dt=25.92,rms=0.411555)
#GCMRL#  565 dt  36.288000 rms  0.412  0.036% neg 0  invalid 762 tFOTS 5.5420 tGradient 1.4550 tsec 7.3980
#GCMRL#  566 dt 103.680000 rms  0.411  0.040% neg 0  invalid 762 tFOTS 5.5250 tGradient 1.3950 tsec 7.3090
#FOTS# QuadFit found better minimum quadopt=(dt=248.832,rms=0.410935) vs oldopt=(dt=414.72,rms=0.411007)
#GCMRL#  567 dt 248.832000 rms  0.411  0.104% neg 0  invalid 762 tFOTS 5.6570 tGradient 1.3920 tsec 7.4360
#FOTS# QuadFit found better minimum quadopt=(dt=20.736,rms=0.410916) vs oldopt=(dt=25.92,rms=0.410917)
#GCMRL#  568 dt  20.736000 rms  0.411  0.000% neg 0  invalid 762 tFOTS 5.6000 tGradient 1.4540 tsec 7.4730
#GCMRL#  569 dt  20.736000 rms  0.411  0.001% neg 0  invalid 762 tFOTS 0.0000 tGradient 1.3940 tsec 1.7690
setting smoothness cost coefficient to 0.118

#GCAMreg# pass 0 level1 3 level2 0 tsec 0 sigma 2
l_jacobian=1.00 l_log_likelihood=0.20 l_smoothness=0.12 
tol=2.50e-01, dt=5.00e-02, exp_k=20.0, momentum=0.90, levels=6, niter=500, lbl_dist=10.00, avgs=16, sigma=2.0,type=2, relabel=0, neg=yes

blurring input image with Gaussian with sigma=2.000...
GCAMRegisterLevel(): init RMS 0.41149
#FOTS# QuadFit found better minimum quadopt=(dt=11.2,rms=0.411188) vs oldopt=(dt=8,rms=0.411234)
iter 0, gcam->neg = 2
after 1 iterations, nbhd size=0, neg = 0
#GCMRL#  571 dt  11.200000 rms  0.411  0.074% neg 0  invalid 762 tFOTS 5.6190 tGradient 1.2280 tsec 8.9620
#FOTS# QuadFit found better minimum quadopt=(dt=11.2,rms=0.411041) vs oldopt=(dt=8,rms=0.411063)
iter 0, gcam->neg = 2
after 0 iterations, nbhd size=0, neg = 0
#GCMRL#  572 dt  11.200000 rms  0.411  0.000% neg 0  invalid 762 tFOTS 5.5250 tGradient 1.3100 tsec 8.4110
#GCMRL#  573 dt  11.200000 rms  0.411  0.026% neg 0  invalid 762 tFOTS 0.0000 tGradient 1.4220 tsec 1.8510
iter 0, gcam->neg = 9
after 11 iterations, nbhd size=1, neg = 0

#GCAMreg# pass 0 level1 3 level2 1 tsec 37.325 sigma 0.5
l_jacobian=1.00 l_log_likelihood=0.20 l_smoothness=0.12 
tol=2.50e-01, dt=5.00e-02, exp_k=20.0, momentum=0.90, levels=6, niter=500, lbl_dist=10.00, avgs=16, sigma=0.5,type=2, relabel=0, neg=yes

blurring input image with Gaussian with sigma=0.500...
GCAMRegisterLevel(): init RMS 0.410935
#FOTS# QuadFit found better minimum quadopt=(dt=62.5714,rms=0.408126) vs oldopt=(dt=32,rms=0.408603)
iter 0, gcam->neg = 14
after 13 iterations, nbhd size=1, neg = 0
#GCMRL#  575 dt  62.571429 rms  0.408  0.669% neg 0  invalid 762 tFOTS 5.5930 tGradient 1.2230 tsec 15.3220
#FOTS# QuadFit found better minimum quadopt=(dt=25.6,rms=0.407086) vs oldopt=(dt=32,rms=0.407186)
iter 0, gcam->neg = 3
after 1 iterations, nbhd size=0, neg = 0
#GCMRL#  576 dt  25.600000 rms  0.407  0.270% neg 0  invalid 762 tFOTS 5.7110 tGradient 1.4490 tsec 9.2830
#FOTS# QuadFit found better minimum quadopt=(dt=44.8,rms=0.406509) vs oldopt=(dt=32,rms=0.406603)
iter 0, gcam->neg = 8
after 9 iterations, nbhd size=1, neg = 0
#GCMRL#  577 dt  44.800000 rms  0.407  0.000% neg 0  invalid 762 tFOTS 5.2740 tGradient 1.5220 tsec 13.2070
iter 0, gcam->neg = 10
after 1 iterations, nbhd size=0, neg = 0
#GCMRL#  578 dt  44.800000 rms  0.406  0.104% neg 0  invalid 762 tFOTS 0.0000 tGradient 1.5750 tsec 3.6880
iter 0, gcam->neg = 9
after 11 iterations, nbhd size=1, neg = 0
#GCMRL#  579 dt  44.800000 rms  0.405  0.261% neg 0  invalid 762 tFOTS 0.0000 tGradient 1.2100 tsec 8.6520
iter 0, gcam->neg = 19
after 11 iterations, nbhd size=1, neg = 0
#GCMRL#  580 dt  44.800000 rms  0.404  0.174% neg 0  invalid 762 tFOTS 0.0000 tGradient 1.5420 tsec 8.9150
iter 0, gcam->neg = 20
after 10 iterations, nbhd size=1, neg = 0
#GCMRL#  581 dt  44.800000 rms  0.404  0.190% neg 0  invalid 762 tFOTS 0.0000 tGradient 1.2550 tsec 8.6890
iter 0, gcam->neg = 21
after 12 iterations, nbhd size=1, neg = 0
#GCMRL#  582 dt  44.800000 rms  0.403  0.170% neg 0  invalid 762 tFOTS 0.0000 tGradient 1.3100 tsec 9.7870
iter 0, gcam->neg = 30
after 12 iterations, nbhd size=1, neg = 0
#GCMRL#  583 dt  44.800000 rms  0.402  0.122% neg 0  invalid 762 tFOTS 0.0000 tGradient 1.2280 tsec 9.7230
iter 0, gcam->neg = 46
after 20 iterations, nbhd size=1, neg = 0
#GCMRL#  584 dt  44.800000 rms  0.402  0.120% neg 0  invalid 762 tFOTS 0.0000 tGradient 1.5840 tsec 14.4840
#FOTS# QuadFit found better minimum quadopt=(dt=11.2,rms=0.401802) vs oldopt=(dt=8,rms=0.401825)
iter 0, gcam->neg = 1
after 8 iterations, nbhd size=1, neg = 0
#GCMRL#  585 dt  11.200000 rms  0.402  0.000% neg 0  invalid 762 tFOTS 5.5690 tGradient 1.3920 tsec 12.8250
iter 0, gcam->neg = 2
after 5 iterations, nbhd size=0, neg = 0
#GCMRL#  586 dt  11.200000 rms  0.402  0.010% neg 0  invalid 762 tFOTS 0.0000 tGradient 1.2250 tsec 5.4430
iter 0, gcam->neg = 2
after 1 iterations, nbhd size=0, neg = 0
#GCMRL#  587 dt  11.200000 rms  0.402  0.011% neg 0  invalid 762 tFOTS 0.0000 tGradient 1.3710 tsec 3.4440
iter 0, gcam->neg = 3
after 3 iterations, nbhd size=0, neg = 0
#GCMRL#  588 dt  11.200000 rms  0.402  0.009% neg 0  invalid 762 tFOTS 0.0000 tGradient 1.2740 tsec 4.6140
iter 0, gcam->neg = 2
after 4 iterations, nbhd size=0, neg = 0
setting smoothness cost coefficient to 0.400

#GCAMreg# pass 0 level1 2 level2 0 tsec 0 sigma 2
l_jacobian=1.00 l_log_likelihood=0.20 l_smoothness=0.40 
tol=2.50e-01, dt=5.00e-02, exp_k=20.0, momentum=0.90, levels=6, niter=500, lbl_dist=10.00, avgs=4, sigma=2.0,type=2, relabel=0, neg=yes

blurring input image with Gaussian with sigma=2.000...
GCAMRegisterLevel(): init RMS 0.406463
#FOTS# QuadFit found better minimum quadopt=(dt=1.76471,rms=0.406407) vs oldopt=(dt=2.88,rms=0.406422)
#GCMRL#  590 dt   1.764706 rms  0.406  0.014% neg 0  invalid 762 tFOTS 5.6110 tGradient 1.2950 tsec 7.2970
#GCMRL#  591 dt   0.720000 rms  0.406  0.000% neg 0  invalid 762 tFOTS 5.6180 tGradient 1.1250 tsec 7.1340
iter 0, gcam->neg = 2
after 1 iterations, nbhd size=0, neg = 0

#GCAMreg# pass 0 level1 2 level2 1 tsec 27.406 sigma 0.5
l_jacobian=1.00 l_log_likelihood=0.20 l_smoothness=0.40 
tol=2.50e-01, dt=5.00e-02, exp_k=20.0, momentum=0.90, levels=6, niter=500, lbl_dist=10.00, avgs=4, sigma=0.5,type=2, relabel=0, neg=yes

blurring input image with Gaussian with sigma=0.500...
GCAMRegisterLevel(): init RMS 0.406401
#FOTS# QuadFit found better minimum quadopt=(dt=8.21053,rms=0.405955) vs oldopt=(dt=11.52,rms=0.406037)
iter 0, gcam->neg = 3
after 1 iterations, nbhd size=0, neg = 0
#GCMRL#  593 dt   8.210526 rms  0.406  0.110% neg 0  invalid 762 tFOTS 5.7620 tGradient 1.4450 tsec 9.1290
#FOTS# QuadFit found better minimum quadopt=(dt=12.2,rms=0.405613) vs oldopt=(dt=11.52,rms=0.405613)
iter 0, gcam->neg = 7
after 8 iterations, nbhd size=1, neg = 0
#GCMRL#  594 dt  12.200000 rms  0.406  0.000% neg 0  invalid 762 tFOTS 5.3710 tGradient 1.1520 tsec 11.7940
iter 0, gcam->neg = 10
after 3 iterations, nbhd size=0, neg = 0
#GCMRL#  595 dt  12.200000 rms  0.405  0.089% neg 0  invalid 762 tFOTS 0.0000 tGradient 1.0360 tsec 4.0710
iter 0, gcam->neg = 36
after 8 iterations, nbhd size=0, neg = 0
#GCMRL#  596 dt  12.200000 rms  0.405  0.084% neg 0  invalid 762 tFOTS 0.0000 tGradient 1.2840 tsec 6.8660
iter 0, gcam->neg = 47
after 15 iterations, nbhd size=1, neg = 0
setting smoothness cost coefficient to 1.000

#GCAMreg# pass 0 level1 1 level2 0 tsec 0 sigma 2
l_jacobian=1.00 l_log_likelihood=0.20 l_smoothness=1.00 
tol=2.50e-01, dt=5.00e-02, exp_k=20.0, momentum=0.90, levels=6, niter=500, lbl_dist=10.00, avgs=1, sigma=2.0,type=2, relabel=0, neg=yes

blurring input image with Gaussian with sigma=2.000...
GCAMRegisterLevel(): init RMS 0.410495
#GCMRL#  598 dt   0.000050 rms  0.410  0.000% neg 0  invalid 762 tFOTS 6.9940 tGradient 1.0060 tsec 8.4570

#GCAMreg# pass 0 level1 1 level2 1 tsec 25.296 sigma 0.5
l_jacobian=1.00 l_log_likelihood=0.20 l_smoothness=1.00 
tol=2.50e-01, dt=5.00e-02, exp_k=20.0, momentum=0.90, levels=6, niter=500, lbl_dist=10.00, avgs=1, sigma=0.5,type=2, relabel=0, neg=yes

blurring input image with Gaussian with sigma=0.500...
GCAMRegisterLevel(): init RMS 0.410495
resetting metric properties...
setting smoothness cost coefficient to 2.000

#GCAMreg# pass 0 level1 0 level2 0 tsec 0 sigma 2
l_jacobian=1.00 l_log_likelihood=0.20 l_smoothness=2.00 
tol=2.50e-01, dt=5.00e-02, exp_k=20.0, momentum=0.90, levels=6, niter=500, lbl_dist=10.00, avgs=0, sigma=2.0,type=2, relabel=0, neg=yes

blurring input image with Gaussian with sigma=2.000...
GCAMRegisterLevel(): init RMS 0.400744
#FOTS# QuadFit found better minimum quadopt=(dt=1.07279,rms=0.39292) vs oldopt=(dt=1.28,rms=0.393199)
iter 0, gcam->neg = 524
after 15 iterations, nbhd size=1, neg = 0
#GCMRL#  601 dt   1.072786 rms  0.394  1.793% neg 0  invalid 762 tFOTS 5.9950 tGradient 0.5220 tsec 15.2680
#FOTS# QuadFit found better minimum quadopt=(dt=2.73438e-05,rms=0.393558) vs oldopt=(dt=1.95313e-05,rms=0.393558)
#GCMRL#  602 dt   0.000027 rms  0.394  0.000% neg 0  invalid 762 tFOTS 6.8530 tGradient 0.5260 tsec 7.7700

#GCAMreg# pass 0 level1 0 level2 1 tsec 33.522 sigma 0.5
l_jacobian=1.00 l_log_likelihood=0.20 l_smoothness=2.00 
tol=2.50e-01, dt=5.00e-02, exp_k=20.0, momentum=0.90, levels=6, niter=500, lbl_dist=10.00, avgs=0, sigma=0.5,type=2, relabel=0, neg=yes

blurring input image with Gaussian with sigma=0.500...
GCAMRegisterLevel(): init RMS 0.393558
#FOTS# QuadFit found better minimum quadopt=(dt=0.096,rms=0.393413) vs oldopt=(dt=0.08,rms=0.393418)
#GCMRL#  604 dt   0.096000 rms  0.393  0.037% neg 0  invalid 762 tFOTS 5.3210 tGradient 0.4200 tsec 6.0990
#GCMRL#  605 dt   0.080000 rms  0.393  0.000% neg 0  invalid 762 tFOTS 5.6670 tGradient 0.4220 tsec 6.4810
#GCMRL#  606 dt   0.080000 rms  0.393  0.009% neg 0  invalid 762 tFOTS 0.0000 tGradient 0.5080 tsec 0.8890
GCAMregister done in 6.89225 min
writing output transformation to transforms/talairach.m3z...
GCAMwrite
Calls to gcamLogLikelihoodEnergy 4846 tmin = 2.4192
Calls to gcamLabelEnergy         4275 tmin = 1.88377
Calls to gcamJacobianEnergy      4846 tmin = 1.22945
Calls to gcamSmoothnessEnergy    4846 tmin = 6.11058
Calls to gcamLogLikelihoodTerm 608 tmin = 1.05908
Calls to gcamLabelTerm         561 tmin = 7.50083
Calls to gcamJacobianTerm      608 tmin = 1.44725
Calls to gcamSmoothnessTerm    608 tmin = 0.5755
Calls to gcamComputeGradient    608 tmin = 24.3362
Calls to gcamComputeMetricProperties    6745 tmin = 2.98235
mri_ca_register took 1 hours, 2 minutes and 0 seconds.
#VMPC# mri_ca_register VmPeak  3384816
FSRUNTIME@ mri_ca_register  1.0335 hours 16 threads
#--------------------------------------
#@# SubCort Seg Thu Mar 12 11:16:50 CET 2026

 mri_ca_label -relabel_unlikely 9 .3 -prior 0.5 -align norm.mgz transforms/talairach.m3z /opt/freesurfer/average/RB_all_2020-01-02.gca aseg.auto_noCCseg.mgz 

sysname  Linux
hostname dna059
machine  x86_64

setenv SUBJECTS_DIR /out/sourcedata/freesurfer
cd /out/sourcedata/freesurfer/sub-v1s11x0050143_ses-1/mri
mri_ca_label -relabel_unlikely 9 .3 -prior 0.5 -align norm.mgz transforms/talairach.m3z /opt/freesurfer/average/RB_all_2020-01-02.gca aseg.auto_noCCseg.mgz 

relabeling unlikely voxels with window_size = 9 and prior threshold 0.30
using Gibbs prior factor = 0.500
renormalizing sequences with structure alignment, equivalent to:
	-renormalize
	-renormalize_mean 0.500
	-regularize 0.500

== Number of threads available to for OpenMP = 16 == 
reading 1 input volumes
reading classifier array from /opt/freesurfer/average/RB_all_2020-01-02.gca
reading input volume from norm.mgz
average std[0] = 7.2
reading transform from transforms/talairach.m3z
setting orig areas to linear transform determinant scaled 7.40
Atlas used for the 3D morph was /opt/freesurfer/average/RB_all_2020-01-02.gca
average std = 7.2   using min determinant for regularization = 5.2
0 singular and 0 ill-conditioned covariance matrices regularized
labeling volume...
renormalizing by structure alignment....
renormalizing input #0
gca peak = 0.15521 (20)
mri peak = 0.18386 (22)
Left_Lateral_Ventricle (4): linear fit = 1.07 x + 0.0 (762 voxels, overlap=0.838)
Left_Lateral_Ventricle (4): linear fit = 1.07 x + 0.0 (762 voxels, peak = 21), gca=21.3
gca peak = 0.20380 (13)
mri peak = 0.26565 (22)
Right_Lateral_Ventricle (43): linear fit = 1.41 x + 0.0 (989 voxels, overlap=0.336)
Right_Lateral_Ventricle (43): linear fit = 1.41 x + 0.0 (989 voxels, peak = 18), gca=18.4
gca peak = 0.26283 (96)
mri peak = 0.21760 (98)
Right_Pallidum (52): linear fit = 1.02 x + 0.0 (818 voxels, overlap=1.004)
Right_Pallidum (52): linear fit = 1.02 x + 0.0 (818 voxels, peak = 98), gca=98.4
gca peak = 0.15814 (97)
mri peak = 0.23291 (100)
Left_Pallidum (13): linear fit = 1.05 x + 0.0 (863 voxels, overlap=0.620)
Left_Pallidum (13): linear fit = 1.05 x + 0.0 (863 voxels, peak = 102), gca=102.3
gca peak = 0.27624 (56)
mri peak = 0.19628 (69)
Right_Hippocampus (53): linear fit = 1.22 x + 0.0 (1584 voxels, overlap=0.014)
Right_Hippocampus (53): linear fit = 1.22 x + 0.0 (1584 voxels, peak = 68), gca=68.0
gca peak = 0.28723 (59)
mri peak = 0.17652 (69)
Left_Hippocampus (17): linear fit = 1.20 x + 0.0 (1317 voxels, overlap=0.014)
Left_Hippocampus (17): linear fit = 1.20 x + 0.0 (1317 voxels, peak = 71), gca=70.5
gca peak = 0.07623 (103)
mri peak = 0.12470 (107)
Right_Cerebral_White_Matter (41): linear fit = 1.03 x + 0.0 (41118 voxels, overlap=0.516)
Right_Cerebral_White_Matter (41): linear fit = 1.03 x + 0.0 (41118 voxels, peak = 107), gca=106.6
gca peak = 0.07837 (105)
mri peak = 0.16525 (108)
Left_Cerebral_White_Matter (2): linear fit = 1.02 x + 0.0 (40010 voxels, overlap=0.421)
Left_Cerebral_White_Matter (2): linear fit = 1.02 x + 0.0 (40010 voxels, peak = 108), gca=107.6
gca peak = 0.10165 (58)
mri peak = 0.05319 (65)
Left_Cerebral_Cortex (3): linear fit = 1.12 x + 0.0 (58064 voxels, overlap=0.645)
Left_Cerebral_Cortex (3): linear fit = 1.12 x + 0.0 (58064 voxels, peak = 65), gca=64.7
gca peak = 0.11113 (58)
mri peak = 0.05243 (68)
Right_Cerebral_Cortex (42): linear fit = 1.14 x + 0.0 (54554 voxels, overlap=0.572)
Right_Cerebral_Cortex (42): linear fit = 1.14 x + 0.0 (54554 voxels, peak = 66), gca=66.4
gca peak = 0.27796 (67)
mri peak = 0.19729 (80)
Right_Caudate (50): linear fit = 1.17 x + 0.0 (1105 voxels, overlap=0.013)
Right_Caudate (50): linear fit = 1.17 x + 0.0 (1105 voxels, peak = 79), gca=78.7
gca peak = 0.14473 (69)
mri peak = 0.19224 (82)
Left_Caudate (11): linear fit = 1.07 x + 0.0 (1158 voxels, overlap=0.332)
Left_Caudate (11): linear fit = 1.07 x + 0.0 (1158 voxels, peak = 73), gca=73.5
gca peak = 0.14301 (56)
mri peak = 0.06936 (66)
Left_Cerebellum_Cortex (8): linear fit = 1.15 x + 0.0 (40318 voxels, overlap=0.505)
Left_Cerebellum_Cortex (8): linear fit = 1.15 x + 0.0 (40318 voxels, peak = 65), gca=64.7
gca peak = 0.14610 (55)
mri peak = 0.08365 (66)
Right_Cerebellum_Cortex (47): linear fit = 1.15 x + 0.0 (40960 voxels, overlap=0.255)
Right_Cerebellum_Cortex (47): linear fit = 1.15 x + 0.0 (40960 voxels, peak = 64), gca=63.5
gca peak = 0.16309 (85)
mri peak = 0.18955 (87)
Left_Cerebellum_White_Matter (7): linear fit = 1.03 x + 0.0 (6890 voxels, overlap=0.561)
Left_Cerebellum_White_Matter (7): linear fit = 1.03 x + 0.0 (6890 voxels, peak = 88), gca=88.0
gca peak = 0.15172 (84)
mri peak = 0.22742 (86)
Right_Cerebellum_White_Matter (46): linear fit = 1.01 x + 0.0 (6390 voxels, overlap=0.701)
Right_Cerebellum_White_Matter (46): linear fit = 1.01 x + 0.0 (6390 voxels, peak = 85), gca=85.3
gca peak = 0.30461 (58)
mri peak = 0.22753 (74)
Left_Amygdala (18): linear fit = 1.26 x + 0.0 (699 voxels, overlap=0.032)
Left_Amygdala (18): linear fit = 1.26 x + 0.0 (699 voxels, peak = 73), gca=73.4
gca peak = 0.32293 (57)
mri peak = 0.20946 (72)
Right_Amygdala (54): linear fit = 1.23 x + 0.0 (738 voxels, overlap=0.029)
Right_Amygdala (54): linear fit = 1.23 x + 0.0 (738 voxels, peak = 70), gca=69.8
gca peak = 0.11083 (90)
mri peak = 0.08606 (91)
Left_Thalamus (10): linear fit = 1.05 x + 0.0 (4894 voxels, overlap=0.842)
Left_Thalamus (10): linear fit = 1.05 x + 0.0 (4894 voxels, peak = 95), gca=94.9
gca peak = 0.11393 (83)
mri peak = 0.09994 (91)
Right_Thalamus (49): linear fit = 1.10 x + 0.0 (4776 voxels, overlap=0.757)
Right_Thalamus (49): linear fit = 1.10 x + 0.0 (4776 voxels, peak = 91), gca=90.9
gca peak = 0.08575 (81)
mri peak = 0.10443 (87)
Left_Putamen (12): linear fit = 1.12 x + 0.0 (2276 voxels, overlap=0.305)
Left_Putamen (12): linear fit = 1.12 x + 0.0 (2276 voxels, peak = 91), gca=91.1
gca peak = 0.08618 (78)
mri peak = 0.09684 (91)
Right_Putamen (51): linear fit = 1.12 x + 0.0 (2517 voxels, overlap=0.559)
Right_Putamen (51): linear fit = 1.12 x + 0.0 (2517 voxels, peak = 88), gca=87.8
gca peak = 0.08005 (78)
mri peak = 0.08219 (90)
Brain_Stem (16): linear fit = 1.10 x + 0.0 (13038 voxels, overlap=0.492)
Brain_Stem (16): linear fit = 1.10 x + 0.0 (13038 voxels, peak = 85), gca=85.4
gca peak = 0.12854 (88)
mri peak = 0.09938 (99)
Right_VentralDC (60): linear fit = 1.12 x + 0.0 (1968 voxels, overlap=0.342)
Right_VentralDC (60): linear fit = 1.12 x + 0.0 (1968 voxels, peak = 98), gca=98.1
gca peak = 0.15703 (87)
mri peak = 0.09452 (98)
Left_VentralDC (28): linear fit = 1.12 x + 0.0 (1889 voxels, overlap=0.177)
Left_VentralDC (28): linear fit = 1.12 x + 0.0 (1889 voxels, peak = 97), gca=97.0
gca peak = 0.17522 (25)
mri peak = 0.33577 (27)
Third_Ventricle (14): linear fit = 1.00 x + 0.0 (66 voxels, overlap=0.931)
Third_Ventricle (14): linear fit = 1.00 x + 0.0 (66 voxels, peak = 25), gca=25.0
gca peak = 0.17113 (14)
mri peak = 0.35532 (24)
Fourth_Ventricle (15): linear fit = 1.47 x + 0.0 (464 voxels, overlap=0.102)
Fourth_Ventricle (15): linear fit = 1.47 x + 0.0 (464 voxels, peak = 21), gca=20.5
gca peak Unknown = 0.94777 ( 0)
gca peak Left_Inf_Lat_Vent = 0.16627 (28)
gca peak CSF = 0.20346 (36)
gca peak Left_Accumbens_area = 0.70646 (62)
gca peak Left_undetermined = 1.00000 (28)
gca peak Left_vessel = 0.89917 (53)
gca peak Left_choroid_plexus = 0.11689 (35)
gca peak Right_Inf_Lat_Vent = 0.25504 (23)
gca peak Right_Accumbens_area = 0.31650 (65)
gca peak Right_vessel = 0.77268 (52)
gca peak Right_choroid_plexus = 0.13275 (38)
gca peak Fifth_Ventricle = 0.60973 (33)
gca peak WM_hypointensities = 0.11013 (77)
gca peak non_WM_hypointensities = 0.11354 (41)
gca peak Optic_Chiasm = 0.51646 (76)
not using caudate to estimate GM means
estimating mean gm scale to be 1.19 x + 0.0
estimating mean wm scale to be 1.03 x + 0.0
estimating mean csf scale to be 1.24 x + 0.0
saving intensity scales to aseg.auto_noCCseg.label_intensities.txt
renormalizing by structure alignment....
renormalizing input #0
gca peak = 0.15665 (20)
mri peak = 0.18386 (22)
Left_Lateral_Ventricle (4): linear fit = 1.02 x + 0.0 (762 voxels, overlap=0.888)
Left_Lateral_Ventricle (4): linear fit = 1.02 x + 0.0 (762 voxels, peak = 20), gca=20.5
gca peak = 0.17279 (18)
mri peak = 0.26565 (22)
Right_Lateral_Ventricle (43): linear fit = 1.02 x + 0.0 (989 voxels, overlap=0.597)
Right_Lateral_Ventricle (43): linear fit = 1.02 x + 0.0 (989 voxels, peak = 18), gca=18.4
gca peak = 0.21941 (98)
mri peak = 0.21760 (98)
Right_Pallidum (52): linear fit = 1.00 x + 0.0 (818 voxels, overlap=1.001)
Right_Pallidum (52): linear fit = 1.00 x + 0.0 (818 voxels, peak = 98), gca=98.0
gca peak = 0.16048 (100)
mri peak = 0.23291 (100)
Left_Pallidum (13): linear fit = 0.99 x + 0.0 (863 voxels, overlap=0.995)
Left_Pallidum (13): linear fit = 0.99 x + 0.0 (863 voxels, peak = 98), gca=98.5
gca peak = 0.23147 (68)
mri peak = 0.19628 (69)
Right_Hippocampus (53): linear fit = 1.00 x + 0.0 (1584 voxels, overlap=0.943)
Right_Hippocampus (53): linear fit = 1.00 x + 0.0 (1584 voxels, peak = 68), gca=68.0
gca peak = 0.23459 (67)
mri peak = 0.17652 (69)
Left_Hippocampus (17): linear fit = 1.01 x + 0.0 (1317 voxels, overlap=1.001)
Left_Hippocampus (17): linear fit = 1.01 x + 0.0 (1317 voxels, peak = 68), gca=68.0
gca peak = 0.07636 (107)
mri peak = 0.12470 (107)
Right_Cerebral_White_Matter (41): linear fit = 1.00 x + 0.0 (41118 voxels, overlap=0.647)
Right_Cerebral_White_Matter (41): linear fit = 1.00 x + 0.0 (41118 voxels, peak = 106), gca=106.5
gca peak = 0.07733 (107)
mri peak = 0.16525 (108)
Left_Cerebral_White_Matter (2): linear fit = 1.00 x + 0.0 (40010 voxels, overlap=0.547)
Left_Cerebral_White_Matter (2): linear fit = 1.00 x + 0.0 (40010 voxels, peak = 107), gca=107.0
gca peak = 0.08962 (65)
mri peak = 0.05319 (65)
Left_Cerebral_Cortex (3): linear fit = 1.00 x + 0.0 (58064 voxels, overlap=0.934)
Left_Cerebral_Cortex (3): linear fit = 1.00 x + 0.0 (58064 voxels, peak = 65), gca=65.0
gca peak = 0.10021 (67)
mri peak = 0.05243 (68)
Right_Cerebral_Cortex (42): linear fit = 1.00 x + 0.0 (54554 voxels, overlap=0.957)
Right_Cerebral_Cortex (42): linear fit = 1.00 x + 0.0 (54554 voxels, peak = 67), gca=67.0
gca peak = 0.21888 (78)
mri peak = 0.19729 (80)
Right_Caudate (50): linear fit = 1.01 x + 0.0 (1105 voxels, overlap=0.997)
Right_Caudate (50): linear fit = 1.01 x + 0.0 (1105 voxels, peak = 79), gca=79.2
gca peak = 0.12153 (73)
mri peak = 0.19224 (82)
Left_Caudate (11): linear fit = 1.00 x + 0.0 (1158 voxels, overlap=0.669)
Left_Caudate (11): linear fit = 1.00 x + 0.0 (1158 voxels, peak = 73), gca=73.0
gca peak = 0.11951 (65)
mri peak = 0.06936 (66)
Left_Cerebellum_Cortex (8): linear fit = 1.00 x + 0.0 (40318 voxels, overlap=0.984)
Left_Cerebellum_Cortex (8): linear fit = 1.00 x + 0.0 (40318 voxels, peak = 65), gca=65.0
gca peak = 0.13440 (64)
mri peak = 0.08365 (66)
Right_Cerebellum_Cortex (47): linear fit = 1.01 x + 0.0 (40960 voxels, overlap=0.967)
Right_Cerebellum_Cortex (47): linear fit = 1.01 x + 0.0 (40960 voxels, peak = 65), gca=65.0
gca peak = 0.16207 (88)
mri peak = 0.18955 (87)
Left_Cerebellum_White_Matter (7): linear fit = 1.00 x + 0.0 (6890 voxels, overlap=0.810)
Left_Cerebellum_White_Matter (7): linear fit = 1.00 x + 0.0 (6890 voxels, peak = 88), gca=88.0
gca peak = 0.15902 (85)
mri peak = 0.22742 (86)
Right_Cerebellum_White_Matter (46): linear fit = 1.00 x + 0.0 (6390 voxels, overlap=0.777)
Right_Cerebellum_White_Matter (46): linear fit = 1.00 x + 0.0 (6390 voxels, peak = 85), gca=85.0
gca peak = 0.27000 (73)
mri peak = 0.22753 (74)
Left_Amygdala (18): linear fit = 1.01 x + 0.0 (699 voxels, overlap=0.984)
Left_Amygdala (18): linear fit = 1.01 x + 0.0 (699 voxels, peak = 74), gca=74.1
gca peak = 0.24943 (70)
mri peak = 0.20946 (72)
Right_Amygdala (54): linear fit = 1.01 x + 0.0 (738 voxels, overlap=0.868)
Right_Amygdala (54): linear fit = 1.01 x + 0.0 (738 voxels, peak = 71), gca=71.0
gca peak = 0.11202 (93)
mri peak = 0.08606 (91)
Left_Thalamus (10): linear fit = 0.99 x + 0.0 (4894 voxels, overlap=0.976)
Left_Thalamus (10): linear fit = 0.99 x + 0.0 (4894 voxels, peak = 92), gca=91.6
gca peak = 0.10621 (91)
mri peak = 0.09994 (91)
Right_Thalamus (49): linear fit = 0.99 x + 0.0 (4776 voxels, overlap=0.935)
Right_Thalamus (49): linear fit = 0.99 x + 0.0 (4776 voxels, peak = 90), gca=89.6
gca peak = 0.07757 (91)
mri peak = 0.10443 (87)
Left_Putamen (12): linear fit = 1.00 x + 0.0 (2276 voxels, overlap=0.795)
Left_Putamen (12): linear fit = 1.00 x + 0.0 (2276 voxels, peak = 91), gca=91.0
gca peak = 0.09115 (87)
mri peak = 0.09684 (91)
Right_Putamen (51): linear fit = 0.99 x + 0.0 (2517 voxels, overlap=0.846)
Right_Putamen (51): linear fit = 0.99 x + 0.0 (2517 voxels, peak = 86), gca=85.7
gca peak = 0.08353 (86)
mri peak = 0.08219 (90)
Brain_Stem (16): linear fit = 1.01 x + 0.0 (13038 voxels, overlap=0.768)
Brain_Stem (16): linear fit = 1.01 x + 0.0 (13038 voxels, peak = 87), gca=87.3
gca peak = 0.12036 (98)
mri peak = 0.09938 (99)
Right_VentralDC (60): linear fit = 1.00 x + 0.0 (1968 voxels, overlap=0.824)
Right_VentralDC (60): linear fit = 1.00 x + 0.0 (1968 voxels, peak = 98), gca=98.0
gca peak = 0.14749 (95)
mri peak = 0.09452 (98)
Left_VentralDC (28): linear fit = 1.00 x + 0.0 (1889 voxels, overlap=0.879)
Left_VentralDC (28): linear fit = 1.00 x + 0.0 (1889 voxels, peak = 95), gca=95.0
gca peak = 0.17521 (25)
mri peak = 0.33577 (27)
Third_Ventricle (14): linear fit = 1.00 x + 0.0 (66 voxels, overlap=0.932)
Third_Ventricle (14): linear fit = 1.00 x + 0.0 (66 voxels, peak = 25), gca=25.0
gca peak = 0.12908 (21)
mri peak = 0.35532 (24)
Fourth_Ventricle (15): linear fit = 1.02 x + 0.0 (464 voxels, overlap=0.583)
Fourth_Ventricle (15): linear fit = 1.02 x + 0.0 (464 voxels, peak = 22), gca=21.5
gca peak Unknown = 0.94777 ( 0)
gca peak Left_Inf_Lat_Vent = 0.18211 (33)
gca peak CSF = 0.18403 (45)
gca peak Left_Accumbens_area = 0.61907 (66)
gca peak Left_undetermined = 1.00000 (28)
gca peak Left_vessel = 0.89837 (53)
gca peak Left_choroid_plexus = 0.10625 (35)
gca peak Right_Inf_Lat_Vent = 0.22945 (28)
gca peak Right_Accumbens_area = 0.31713 (76)
gca peak Right_vessel = 0.77268 (52)
gca peak Right_choroid_plexus = 0.13432 (38)
gca peak Fifth_Ventricle = 0.59466 (40)
gca peak WM_hypointensities = 0.10073 (79)
gca peak non_WM_hypointensities = 0.14635 (42)
gca peak Optic_Chiasm = 0.55072 (76)
not using caudate to estimate GM means
estimating mean gm scale to be 1.01 x + 0.0
estimating mean wm scale to be 1.00 x + 0.0
estimating mean csf scale to be 1.02 x + 0.0
saving intensity scales to aseg.auto_noCCseg.label_intensities.txt
saving sequentially combined intensity scales to aseg.auto_noCCseg.label_intensities.txt
47529 voxels changed in iteration 0 of unlikely voxel relabeling
279 voxels changed in iteration 1 of unlikely voxel relabeling
21 voxels changed in iteration 2 of unlikely voxel relabeling
0 voxels changed in iteration 3 of unlikely voxel relabeling
42201 gm and wm labels changed (%32 to gray, %68 to white out of all changed labels)
398 hippocampal voxels changed.
0 amygdala voxels changed.
Reclassifying using Gibbs Priors
pass 1: 60091 changed. image ll: -2.100, PF=0.500
pass 2: 15026 changed. image ll: -2.099, PF=0.500
pass 3: 5228 changed.
pass 4: 2201 changed.
33750 voxels changed in iteration 0 of unlikely voxel relabeling
267 voxels changed in iteration 1 of unlikely voxel relabeling
5 voxels changed in iteration 2 of unlikely voxel relabeling
0 voxels changed in iteration 3 of unlikely voxel relabeling
6931 voxels changed in iteration 0 of unlikely voxel relabeling
95 voxels changed in iteration 1 of unlikely voxel relabeling
5 voxels changed in iteration 2 of unlikely voxel relabeling
0 voxels changed in iteration 3 of unlikely voxel relabeling
6744 voxels changed in iteration 0 of unlikely voxel relabeling
79 voxels changed in iteration 1 of unlikely voxel relabeling
8 voxels changed in iteration 2 of unlikely voxel relabeling
0 voxels changed in iteration 3 of unlikely voxel relabeling
6200 voxels changed in iteration 0 of unlikely voxel relabeling
53 voxels changed in iteration 1 of unlikely voxel relabeling
2 voxels changed in iteration 2 of unlikely voxel relabeling
0 voxels changed in iteration 3 of unlikely voxel relabeling
 !!!!!!!!! ventricle segment 5 with volume 4679 above threshold 100 - not erasing !!!!!!!!!!
 !!!!!!!!! ventricle segment 3 with volume 5196 above threshold 100 - not erasing !!!!!!!!!!
 !!!!!!!!! ventricle segment 9 with volume 177 above threshold 100 - not erasing !!!!!!!!!!
writing labeled volume to aseg.auto_noCCseg.mgz
mri_ca_label utimesec    1969.260382
mri_ca_label stimesec    2.849551
mri_ca_label ru_maxrss   2101548
mri_ca_label ru_ixrss    0
mri_ca_label ru_idrss    0
mri_ca_label ru_isrss    0
mri_ca_label ru_minflt   4198949
mri_ca_label ru_majflt   10
mri_ca_label ru_nswap    0
mri_ca_label ru_inblock  1142
mri_ca_label ru_oublock  664
mri_ca_label ru_msgsnd   0
mri_ca_label ru_msgrcv   0
mri_ca_label ru_nsignals 0
mri_ca_label ru_nvcsw    2435
mri_ca_label ru_nivcsw   2006
auto-labeling took 31 minutes and 44 seconds.
#--------------------------------------
#@# CC Seg Thu Mar 12 11:48:35 CET 2026

 mri_cc -aseg aseg.auto_noCCseg.mgz -o aseg.auto.mgz -lta /out/sourcedata/freesurfer/sub-v1s11x0050143_ses-1/mri/transforms/cc_up.lta sub-v1s11x0050143_ses-1 

will read input aseg from aseg.auto_noCCseg.mgz
writing aseg with cc labels to aseg.auto.mgz
will write lta as /out/sourcedata/freesurfer/sub-v1s11x0050143_ses-1/mri/transforms/cc_up.lta
reading aseg from /out/sourcedata/freesurfer/sub-v1s11x0050143_ses-1/mri/aseg.auto_noCCseg.mgz
reading norm from /out/sourcedata/freesurfer/sub-v1s11x0050143_ses-1/mri/norm.mgz
54656 voxels in left wm, 70348 in right wm, xrange [119, 131]
searching rotation angles z=[-0 14], y=[-7  7]
searching scale 1 Z rot -0.0  searching scale 1 Z rot 0.2  searching scale 1 Z rot 0.5  searching scale 1 Z rot 0.7  searching scale 1 Z rot 1.0  searching scale 1 Z rot 1.2  searching scale 1 Z rot 1.5  searching scale 1 Z rot 1.7  searching scale 1 Z rot 2.0  searching scale 1 Z rot 2.2  searching scale 1 Z rot 2.5  searching scale 1 Z rot 2.7  searching scale 1 Z rot 3.0  searching scale 1 Z rot 3.2  searching scale 1 Z rot 3.5  searching scale 1 Z rot 3.7  searching scale 1 Z rot 4.0  searching scale 1 Z rot 4.2  searching scale 1 Z rot 4.5  searching scale 1 Z rot 4.7  searching scale 1 Z rot 5.0  searching scale 1 Z rot 5.2  searching scale 1 Z rot 5.5  searching scale 1 Z rot 5.7  searching scale 1 Z rot 6.0  searching scale 1 Z rot 6.2  searching scale 1 Z rot 6.5  searching scale 1 Z rot 6.7  searching scale 1 Z rot 7.0  searching scale 1 Z rot 7.2  searching scale 1 Z rot 7.5  searching scale 1 Z rot 7.7  searching scale 1 Z rot 8.0  searching scale 1 Z rot 8.2  searching scale 1 Z rot 8.5  searching scale 1 Z rot 8.7  searching scale 1 Z rot 9.0  searching scale 1 Z rot 9.2  searching scale 1 Z rot 9.5  searching scale 1 Z rot 9.7  searching scale 1 Z rot 10.0  searching scale 1 Z rot 10.2  searching scale 1 Z rot 10.5  searching scale 1 Z rot 10.7  searching scale 1 Z rot 11.0  searching scale 1 Z rot 11.2  searching scale 1 Z rot 11.5  searching scale 1 Z rot 11.7  searching scale 1 Z rot 12.0  searching scale 1 Z rot 12.2  searching scale 1 Z rot 12.5  searching scale 1 Z rot 12.7  searching scale 1 Z rot 13.0  searching scale 1 Z rot 13.2  searching scale 1 Z rot 13.5  searching scale 1 Z rot 13.7  global minimum found at slice 125.2, rotations (0.18, 6.98)
final transformation (x=125.2, yr=0.184, zr=6.979):
 0.99259  -0.12150   0.00319   15.54781;
 0.12150   0.99259   0.00039   13.48907;
-0.00321   0.00000   0.99999   12.40226;
 0.00000   0.00000   0.00000   1.00000;
updating x range to be [127, 131] in xformed coordinates
best xformed slice 129
min_x_fornix = 139
min_x_fornix = 143
min_x_fornix = 142
min_x_fornix = 142
min_x_fornix = 139
cc center is found at 129 100 116
eigenvectors:
 0.00117  -0.00203   1.00000;
 0.11960  -0.99282  -0.00216;
 0.99282   0.11960  -0.00092;
error in mid anterior detected - correcting...
writing aseg with callosum to /out/sourcedata/freesurfer/sub-v1s11x0050143_ses-1/mri/aseg.auto.mgz...
corpus callosum segmentation took 0.7 minutes
#VMPC# mri_cc VmPeak  554952
mri_cc done
#--------------------------------------
#@# Merge ASeg Thu Mar 12 11:49:16 CET 2026

 cp aseg.auto.mgz aseg.presurf.mgz 

#--------------------------------------------
#@# Intensity Normalization2 Thu Mar 12 11:49:16 CET 2026
/out/sourcedata/freesurfer/sub-v1s11x0050143_ses-1/mri

 mri_normalize -seed 1234 -mprage -aseg aseg.presurf.mgz -mask brainmask.mgz norm.mgz brain.mgz 

setting seed for random number genererator to 1234
assuming input volume is MGH (Van der Kouwe) MP-RAGE
using segmentation for initial intensity normalization
using MR volume brainmask.mgz to mask input volume...
reading mri_src from norm.mgz...
Reading aseg aseg.presurf.mgz
normalizing image...
NOT doing gentle normalization with control points/label
processing with aseg
removing outliers in the aseg WM...
533 control points removed
Building bias image
building Voronoi diagram...
performing soap bubble smoothing, sigma = 0...
Smoothing with sigma 8
Applying bias correction
building Voronoi diagram...
performing soap bubble smoothing, sigma = 8...

Iterating 2 times
---------------------------------
3d normalization pass 1 of 2
white matter peak found at 110
white matter peak found at 109
gm peak at 75 (75), valley at  0 (-1)
csf peak at 37, setting threshold to 62
building Voronoi diagram...
performing soap bubble smoothing, sigma = 8...
---------------------------------
3d normalization pass 2 of 2
white matter peak found at 110
white matter peak found at 110
gm peak at 74 (74), valley at  0 (-1)
csf peak at 37, setting threshold to 61
building Voronoi diagram...
performing soap bubble smoothing, sigma = 8...
Done iterating ---------------------------------
writing output to brain.mgz
3D bias adjustment took 2 minutes and 13 seconds.
#--------------------------------------------
#@# Mask BFS Thu Mar 12 11:51:30 CET 2026
/out/sourcedata/freesurfer/sub-v1s11x0050143_ses-1/mri

 mri_mask -T 5 brain.mgz brainmask.mgz brain.finalsurfs.mgz 

threshold mask volume at 5
DoAbs = 0
Found 1638939 voxels in mask (pct=  9.77)
Writing masked volume to brain.finalsurfs.mgz...done.
#--------------------------------------------
#@# WM Segmentation Thu Mar 12 11:51:31 CET 2026

 AntsDenoiseImageFs -i brain.mgz -o antsdn.brain.mgz 


 mri_segment -wsizemm 13 -mprage antsdn.brain.mgz wm.seg.mgz 

wsizemm = 13, voxres = 1, wsize = 13
Widening wm low from 89 to 79
assuming input volume is MGH (Van der Kouwe) MP-RAGE
wm mean:  110
wsize:    13
wm low:   79
wm hi:    125
gray low: 30
gray hi:  99
Doing initial trinary intensity segmentation 
Using local statistics to label ambiguous voxels
Autodetecting stats
Computing class statistics for intensity windows...
CCS WM (101.0): 100.4 +- 6.2 [79.0 --> 125.0]
CCS GM (76.0) : 76.5 +- 8.4 [30.0 --> 95.0]
 white_mean 100.44
 white_sigma 6.15727
 gray_mean 76.5465
 gray_sigma 8.36055
setting bottom of white matter range wm_low to 84.9
setting top of gray matter range gray_hi to 93.3
 wm_low 84.907
 wm_hi  125
 gray_low 30
 gray_hi  93.2676
Redoing initial intensity segmentation...
Recomputing local statistics to label ambiguous voxels...
 wm_low 84.907
 wm_hi  125
 gray_low 30
 gray_hi  93.2676
using local geometry to label remaining ambiguous voxels...
polvwsize = 5, polvlen = 3, gray_hi = 93.2676, wm_low = 84.907
MRIcpolvMedianCurveSegment(): wsize=5, len=3, gmhi=93.2676, wmlow=84.907
    157036 voxels processed (0.94%)
     66260 voxels white (0.39%)
     90776 voxels non-white (0.54%)

Reclassifying voxels using Gaussian border classifier niter=1
MRIreclassify(): wm_low=79.907, gray_hi=93.2676, wsize=13
    316391 voxels tested (1.89%)
     52297 voxels changed (0.31%)
     74243 multi-scale searches  (0.44%)
Recovering bright white
MRIrecoverBrightWhite()
 wm_low 84.907
 wm_hi 125
 slack 6.15727
 pct_thresh 0.33
 intensity_thresh 131.157
 nvox_thresh 8.58
       50 voxels tested (0.00%)
       50 voxels changed (0.00%)

removing voxels with positive offset direction...
MRIremoveWrongDirection() wsize=3, lowthr=79.907, hithr=93.2676
  smoothing input volume with sigma = 0.250
    93517 voxels tested (0.56%)
    15900 voxels changed (0.09%)
thicken = 1
removing 1-dimensional structures...
MRIremove1dStructures(): max_iter=10000, thresh=2, WM_MIN_VAL=5
 1467 sparsely connected voxels removed in 1 iterations
thickening thin strands....
thickness 4
nsegments 20
wm_hi 125
1189 diagonally connected voxels added...
MRIthickenThinWMStrands(): thickness=4, nsegments=20
  20 segments, 3042 filled
MRIfindBrightNonWM(): 0 bright non-wm voxels segmented.
MRIfilterMorphology() WM_MIN_VAL=5, DIAGONAL_FILL=230
white matter segmentation took 1.1 minutes
writing output to wm.seg.mgz...

 mri_edit_wm_with_aseg -keep-in wm.seg.mgz brain.mgz aseg.presurf.mgz wm.asegedit.mgz 

preserving editing changes in input volume...
auto filling took 0.44 minutes
reading wm segmentation from wm.seg.mgz...
0 voxels added to wm to prevent paths from MTL structures to cortex
2901 additional wm voxels added
0 additional wm voxels added
SEG EDIT: 32975 voxels turned on, 52672 voxels turned off.
propagating editing to output volume from wm.seg.mgz
writing edited volume to wm.asegedit.mgz....

 mri_pretess wm.asegedit.mgz wm norm.mgz wm.mgz 


Iteration Number : 1
pass   1 (xy+):  11 found -  11 modified     |    TOTAL:  11
pass   2 (xy+):   0 found -  11 modified     |    TOTAL:  11
pass   1 (xy-):   9 found -   9 modified     |    TOTAL:  20
pass   2 (xy-):   0 found -   9 modified     |    TOTAL:  20
pass   1 (yz+):  12 found -  12 modified     |    TOTAL:  32
pass   2 (yz+):   0 found -  12 modified     |    TOTAL:  32
pass   1 (yz-):  12 found -  12 modified     |    TOTAL:  44
pass   2 (yz-):   0 found -  12 modified     |    TOTAL:  44
pass   1 (xz+):   8 found -   8 modified     |    TOTAL:  52
pass   2 (xz+):   0 found -   8 modified     |    TOTAL:  52
pass   1 (xz-):  14 found -  14 modified     |    TOTAL:  66
pass   2 (xz-):   0 found -  14 modified     |    TOTAL:  66
Iteration Number : 1
pass   1 (+++):   2 found -   2 modified     |    TOTAL:   2
pass   2 (+++):   0 found -   2 modified     |    TOTAL:   2
pass   1 (+++):   2 found -   2 modified     |    TOTAL:   4
pass   2 (+++):   0 found -   2 modified     |    TOTAL:   4
pass   1 (+++):   6 found -   6 modified     |    TOTAL:  10
pass   2 (+++):   0 found -   6 modified     |    TOTAL:  10
pass   1 (+++):   5 found -   5 modified     |    TOTAL:  15
pass   2 (+++):   0 found -   5 modified     |    TOTAL:  15
Iteration Number : 1
pass   1 (++):  43 found -  43 modified     |    TOTAL:  43
pass   2 (++):   0 found -  43 modified     |    TOTAL:  43
pass   1 (+-):  67 found -  67 modified     |    TOTAL: 110
pass   2 (+-):   0 found -  67 modified     |    TOTAL: 110
pass   1 (--):  33 found -  33 modified     |    TOTAL: 143
pass   2 (--):   0 found -  33 modified     |    TOTAL: 143
pass   1 (-+):  48 found -  48 modified     |    TOTAL: 191
pass   2 (-+):   0 found -  48 modified     |    TOTAL: 191
Iteration Number : 2
pass   1 (xy+):   1 found -   1 modified     |    TOTAL:   1
pass   2 (xy+):   0 found -   1 modified     |    TOTAL:   1
pass   1 (xy-):   1 found -   1 modified     |    TOTAL:   2
pass   2 (xy-):   0 found -   1 modified     |    TOTAL:   2
pass   1 (yz+):   3 found -   3 modified     |    TOTAL:   5
pass   2 (yz+):   0 found -   3 modified     |    TOTAL:   5
pass   1 (yz-):   4 found -   4 modified     |    TOTAL:   9
pass   2 (yz-):   0 found -   4 modified     |    TOTAL:   9
pass   1 (xz+):   1 found -   1 modified     |    TOTAL:  10
pass   2 (xz+):   0 found -   1 modified     |    TOTAL:  10
pass   1 (xz-):   0 found -   0 modified     |    TOTAL:  10
Iteration Number : 2
pass   1 (+++):   0 found -   0 modified     |    TOTAL:   0
pass   1 (+++):   0 found -   0 modified     |    TOTAL:   0
pass   1 (+++):   0 found -   0 modified     |    TOTAL:   0
pass   1 (+++):   2 found -   2 modified     |    TOTAL:   2
pass   2 (+++):   0 found -   2 modified     |    TOTAL:   2
Iteration Number : 2
pass   1 (++):   2 found -   2 modified     |    TOTAL:   2
pass   2 (++):   0 found -   2 modified     |    TOTAL:   2
pass   1 (+-):   1 found -   1 modified     |    TOTAL:   3
pass   2 (+-):   0 found -   1 modified     |    TOTAL:   3
pass   1 (--):   1 found -   1 modified     |    TOTAL:   4
pass   2 (--):   0 found -   1 modified     |    TOTAL:   4
pass   1 (-+):   0 found -   0 modified     |    TOTAL:   4
Iteration Number : 3
pass   1 (xy+):   0 found -   0 modified     |    TOTAL:   0
pass   1 (xy-):   0 found -   0 modified     |    TOTAL:   0
pass   1 (yz+):   1 found -   1 modified     |    TOTAL:   1
pass   2 (yz+):   0 found -   1 modified     |    TOTAL:   1
pass   1 (yz-):   0 found -   0 modified     |    TOTAL:   1
pass   1 (xz+):   0 found -   0 modified     |    TOTAL:   1
pass   1 (xz-):   0 found -   0 modified     |    TOTAL:   1
Iteration Number : 3
pass   1 (+++):   0 found -   0 modified     |    TOTAL:   0
pass   1 (+++):   0 found -   0 modified     |    TOTAL:   0
pass   1 (+++):   0 found -   0 modified     |    TOTAL:   0
pass   1 (+++):   0 found -   0 modified     |    TOTAL:   0
Iteration Number : 3
pass   1 (++):   0 found -   0 modified     |    TOTAL:   0
pass   1 (+-):   0 found -   0 modified     |    TOTAL:   0
pass   1 (--):   0 found -   0 modified     |    TOTAL:   0
pass   1 (-+):   0 found -   0 modified     |    TOTAL:   0
Iteration Number : 4
pass   1 (xy+):   0 found -   0 modified     |    TOTAL:   0
pass   1 (xy-):   0 found -   0 modified     |    TOTAL:   0
pass   1 (yz+):   0 found -   0 modified     |    TOTAL:   0
pass   1 (yz-):   0 found -   0 modified     |    TOTAL:   0
pass   1 (xz+):   0 found -   0 modified     |    TOTAL:   0
pass   1 (xz-):   0 found -   0 modified     |    TOTAL:   0
Iteration Number : 4
pass   1 (+++):   0 found -   0 modified     |    TOTAL:   0
pass   1 (+++):   0 found -   0 modified     |    TOTAL:   0
pass   1 (+++):   0 found -   0 modified     |    TOTAL:   0
pass   1 (+++):   0 found -   0 modified     |    TOTAL:   0
Iteration Number : 4
pass   1 (++):   0 found -   0 modified     |    TOTAL:   0
pass   1 (+-):   0 found -   0 modified     |    TOTAL:   0
pass   1 (--):   0 found -   0 modified     |    TOTAL:   0
pass   1 (-+):   0 found -   0 modified     |    TOTAL:   0

Total Number of Modified Voxels = 289 (out of 576314: 0.050146)
binarizing input wm segmentation...
Ambiguous edge configurations... 

mri_pretess done

#--------------------------------------------
#@# Fill Thu Mar 12 11:53:37 CET 2026
/out/sourcedata/freesurfer/sub-v1s11x0050143_ses-1/mri

 mri_fill -a ../scripts/ponscc.cut.log -xform transforms/talairach.lta -segmentation aseg.presurf.mgz -ctab /opt/freesurfer/SubCorticalMassLUT.txt wm.mgz filled.mgz 

logging cutting plane coordinates to ../scripts/ponscc.cut.log...
INFO: Using transforms/talairach.lta and its offset for Talairach volume ...
using segmentation aseg.presurf.mgz...
reading input volume...done.
searching for cutting planes...voxel to talairach voxel transform
 1.03151  -0.10953   0.02066   6.20477;
 0.08157   1.07663  -0.08340  -7.18411;
-0.01614   0.08793   0.95891  -10.42636;
 0.00000   0.00000   0.00000   1.00000;
voxel to talairach voxel transform
 1.03151  -0.10953   0.02066   6.20477;
 0.08157   1.07663  -0.08340  -7.18411;
-0.01614   0.08793   0.95891  -10.42636;
 0.00000   0.00000   0.00000   1.00000;
reading segmented volume aseg.presurf.mgz
removing CC from segmentation
Looking for area (min, max) = (350, 1400)
area[0] = 890 (min = 350, max = 1400), aspect = 0.48 (min = 0.10, max = 0.75)
no need to search
using seed (128, 111, 94), TAL = (0.0, -34.0, 17.0)
talairach voxel to voxel transform
 0.96145   0.09881  -0.01212  -5.38214;
-0.07109   0.91497   0.08111   7.85993;
 0.02270  -0.08224   1.03521   10.06180;
 0.00000   0.00000   0.00000   1.00000;
segmentation indicates cc at (128,  111,  94) --> (0.0, -34.0, 17.0)
done.
filling took 1.0 minutes
talairach cc position changed to (0.00, -34.00, 17.00)
Erasing brainstem...done.
seed_search_size = 9, min_neighbors = 5
search rh wm seed point around talairach space:(18.00, -34.00, 17.00) SRC: (110.21, 109.23, 100.74)
search lh wm seed point around talairach space (-18.00, -34.00, 17.00), SRC: (144.82, 106.67, 101.56)
compute mri_fill using aseg
Erasing Brain Stem and Cerebellum ...
Define left and right masks using aseg:
Building Voronoi diagram ...
Using the Voronoi diagram for separating WM into two hemispheres ...
Find the largest connected component for each hemisphere ...
Embedding colortable
mri_fill done, writing output to filled.mgz...
 cp filled.mgz filled.auto.mgz

Started at Thu Mar 12 10:13:29 CET 2026 
Ended   at Thu Mar 12 11:54:38 CET 2026
#@#%# recon-all-run-time-hours 1.686
recon-all -s sub-v1s11x0050143_ses-1 finished without error at Thu Mar 12 11:54:38 CET 2026



#New# invocation of recon-all 




Thu Mar 12 12:48:36 CET 2026
cd /out/sourcedata/freesurfer/sub-v1s11x0050143_ses-1
setenv SUBJECTS_DIR /out/sourcedata/freesurfer
/opt/freesurfer/bin/recon-all -parallel -subjid sub-v1s11x0050143_ses-1 -sd /out/sourcedata/freesurfer -cortribbon

subjid sub-v1s11x0050143_ses-1
setenv SUBJECTS_DIR /out/sourcedata/freesurfer
FREESURFER_HOME /opt/freesurfer
Actual FREESURFER_HOME /opt/freesurfer
build-stamp.txt: freesurfer-linux-ubuntu22_x86_64-7.3.2-20220804-6354275
Linux dna059 5.14.0-427.37.1.el9_4.x86_64 #1 SMP PREEMPT_DYNAMIC Fri Sep 13 12:41:50 EDT 2024 x86_64 x86_64 x86_64 GNU/Linux
cputime      unlimited
filesize     unlimited
datasize     unlimited
stacksize    8192 kbytes
coredumpsize 0 kbytes
memoryuse    67108864 kbytes
vmemoryuse   unlimited
descriptors  1024 
memorylocked unlimited
maxproc      2061970 
maxlocks     unlimited
maxsignal    2061970 
maxmessage   819200 
maxnice      0 
maxrtprio    0 
maxrttime    unlimited

               total        used        free      shared  buff/cache   available
Mem:           503Gi        51Gi       408Gi        12Gi        43Gi       436Gi
Swap:             0B          0B          0B

########################################
program versions used
7.3.2 (freesurfer-linux-ubuntu22_x86_64-7.3.2-20220804-6354275)
7.3.2

ProgramName: lta_convert  ProgramArguments: lta_convert -all-info  ProgramVersion: 7.3.2  TimeStamp: 2026/03/12-11:48:36-GMT  BuildTime: Aug  4 2022 06:17:15  BuildStamp: freesurfer-linux-ubuntu22_x86_64-7.3.2-20220804-6354275  User: oesteban  Machine: dna059  Platform: Linux  PlatformVersion: 5.14.0-427.37.1.el9_4.x86_64  CompilerName: GCC  CompilerVersion: 8.4.0
ProgramName: mri_and  ProgramArguments: mri_and -all-info  ProgramVersion: 7.3.2  TimeStamp: 2026/03/12-11:48:36-GMT  BuildTime: Aug  4 2022 06:17:15  BuildStamp: freesurfer-linux-ubuntu22_x86_64-7.3.2-20220804-6354275  User: oesteban  Machine: dna059  Platform: Linux  PlatformVersion: 5.14.0-427.37.1.el9_4.x86_64  CompilerName: GCC  CompilerVersion: 8.4.0
ProgramName: mri_annotation2label  ProgramArguments: mri_annotation2label -all-info  ProgramVersion: 7.3.2  TimeStamp: 2026/03/12-11:48:36-GMT  BuildTime: Aug  4 2022 06:17:15  BuildStamp: freesurfer-linux-ubuntu22_x86_64-7.3.2-20220804-6354275  User: oesteban  Machine: dna059  Platform: Linux  PlatformVersion: 5.14.0-427.37.1.el9_4.x86_64  CompilerName: GCC  CompilerVersion: 8.4.0
ProgramName: mri_aparc2aseg  ProgramArguments: mri_aparc2aseg -all-info  ProgramVersion: 7.3.2  TimeStamp: 2026/03/12-11:48:36-GMT  BuildTime: Aug  4 2022 06:17:15  BuildStamp: freesurfer-linux-ubuntu22_x86_64-7.3.2-20220804-6354275  User: oesteban  Machine: dna059  Platform: Linux  PlatformVersion: 5.14.0-427.37.1.el9_4.x86_64  CompilerName: GCC  CompilerVersion: 8.4.0
ProgramName: mri_surf2volseg  ProgramArguments: mri_surf2volseg -all-info  ProgramVersion: 7.3.2  TimeStamp: 2026/03/12-11:48:36-GMT  BuildTime: Aug  4 2022 06:17:15  BuildStamp: freesurfer-linux-ubuntu22_x86_64-7.3.2-20220804-6354275  User: oesteban  Machine: dna059  Platform: Linux  PlatformVersion: 5.14.0-427.37.1.el9_4.x86_64  CompilerName: GCC  CompilerVersion: 8.4.0
ProgramName: mri_binarize  ProgramArguments: mri_binarize -all-info  ProgramVersion: 7.3.2  TimeStamp: 2026/03/12-11:48:36-GMT  BuildTime: Aug  4 2022 06:17:15  BuildStamp: freesurfer-linux-ubuntu22_x86_64-7.3.2-20220804-6354275  User: oesteban  Machine: dna059  Platform: Linux  PlatformVersion: 5.14.0-427.37.1.el9_4.x86_64  CompilerName: GCC  CompilerVersion: 8.4.0
ProgramName: mri_ca_label  ProgramArguments: mri_ca_label -all-info  ProgramVersion: 7.3.2  TimeStamp: 2026/03/12-11:48:36-GMT  BuildTime: Aug  4 2022 06:17:15  BuildStamp: freesurfer-linux-ubuntu22_x86_64-7.3.2-20220804-6354275  User: oesteban  Machine: dna059  Platform: Linux  PlatformVersion: 5.14.0-427.37.1.el9_4.x86_64  CompilerName: GCC  CompilerVersion: 8.4.0
ProgramName: mri_ca_normalize  ProgramArguments: mri_ca_normalize -all-info  ProgramVersion: 7.3.2  TimeStamp: 2026/03/12-11:48:36-GMT  BuildTime: Aug  4 2022 06:17:15  BuildStamp: freesurfer-linux-ubuntu22_x86_64-7.3.2-20220804-6354275  User: oesteban  Machine: dna059  Platform: Linux  PlatformVersion: 5.14.0-427.37.1.el9_4.x86_64  CompilerName: GCC  CompilerVersion: 8.4.0
ProgramName: mri_ca_register  ProgramArguments: mri_ca_register -all-info  ProgramVersion: 7.3.2  TimeStamp: 2026/03/12-11:48:36-GMT  BuildTime: Aug  4 2022 06:17:15  BuildStamp: freesurfer-linux-ubuntu22_x86_64-7.3.2-20220804-6354275  User: oesteban  Machine: dna059  Platform: Linux  PlatformVersion: 5.14.0-427.37.1.el9_4.x86_64  CompilerName: GCC  CompilerVersion: 8.4.0
ProgramName: mri_cc  ProgramArguments: mri_cc -all-info  ProgramVersion: 7.3.2  TimeStamp: 2026/03/12-11:48:36-GMT  BuildTime: Aug  4 2022 06:17:15  BuildStamp: freesurfer-linux-ubuntu22_x86_64-7.3.2-20220804-6354275  User: oesteban  Machine: dna059  Platform: Linux  PlatformVersion: 5.14.0-427.37.1.el9_4.x86_64  CompilerName: GCC  CompilerVersion: 8.4.0
ProgramName: mri_compute_overlap  ProgramArguments: mri_compute_overlap -all-info  ProgramVersion: 7.3.2  TimeStamp: 2026/03/12-11:48:36-GMT  BuildTime: Aug  4 2022 06:17:15  BuildStamp: freesurfer-linux-ubuntu22_x86_64-7.3.2-20220804-6354275  User: oesteban  Machine: dna059  Platform: Linux  PlatformVersion: 5.14.0-427.37.1.el9_4.x86_64  CompilerName: GCC  CompilerVersion: 8.4.0
ProgramName: mri_compute_seg_overlap  ProgramArguments: mri_compute_seg_overlap -all-info  ProgramVersion: 7.3.2  TimeStamp: 2026/03/12-11:48:36-GMT  BuildTime: Aug  4 2022 06:17:15  BuildStamp: freesurfer-linux-ubuntu22_x86_64-7.3.2-20220804-6354275  User: oesteban  Machine: dna059  Platform: Linux  PlatformVersion: 5.14.0-427.37.1.el9_4.x86_64  CompilerName: GCC  CompilerVersion: 8.4.0
ProgramName: mri_concat  ProgramArguments: mri_concat -all-info  ProgramVersion: 7.3.2  TimeStamp: 2026/03/12-11:48:36-GMT  BuildTime: Aug  4 2022 06:17:15  BuildStamp: freesurfer-linux-ubuntu22_x86_64-7.3.2-20220804-6354275  User: oesteban  Machine: dna059  Platform: Linux  PlatformVersion: 5.14.0-427.37.1.el9_4.x86_64  CompilerName: GCC  CompilerVersion: 8.4.0
ProgramName: mri_concatenate_lta  ProgramArguments: mri_concatenate_lta -all-info  ProgramVersion: 7.3.2  TimeStamp: 2026/03/12-11:48:36-GMT  BuildTime: Aug  4 2022 06:17:15  BuildStamp: freesurfer-linux-ubuntu22_x86_64-7.3.2-20220804-6354275  User: oesteban  Machine: dna059  Platform: Linux  PlatformVersion: 5.14.0-427.37.1.el9_4.x86_64  CompilerName: GCC  CompilerVersion: 8.4.0
mri_convert -all-info 
ProgramName: mri_convert  ProgramArguments: mri_convert -all-info  ProgramVersion: 7.3.2  TimeStamp: 2026/03/12-11:48:36-GMT  BuildTime: Aug  4 2022 06:17:15  BuildStamp: freesurfer-linux-ubuntu22_x86_64-7.3.2-20220804-6354275  User: oesteban  Machine: dna059  Platform: Linux  PlatformVersion: 5.14.0-427.37.1.el9_4.x86_64  CompilerName: GCC  CompilerVersion: 8.4.0
ProgramName: mri_diff  ProgramArguments: mri_diff -all-info  ProgramVersion: 7.3.2  TimeStamp: 2026/03/12-11:48:36-GMT  BuildTime: Aug  4 2022 06:17:15  BuildStamp: freesurfer-linux-ubuntu22_x86_64-7.3.2-20220804-6354275  User: oesteban  Machine: dna059  Platform: Linux  PlatformVersion: 5.14.0-427.37.1.el9_4.x86_64  CompilerName: GCC  CompilerVersion: 8.4.0
ProgramName: mri_edit_wm_with_aseg  ProgramArguments: mri_edit_wm_with_aseg -all-info  ProgramVersion: 7.3.2  TimeStamp: 2026/03/12-11:48:36-GMT  BuildTime: Aug  4 2022 06:17:15  BuildStamp: freesurfer-linux-ubuntu22_x86_64-7.3.2-20220804-6354275  User: oesteban  Machine: dna059  Platform: Linux  PlatformVersion: 5.14.0-427.37.1.el9_4.x86_64  CompilerName: GCC  CompilerVersion: 8.4.0
ProgramName: mri_em_register  ProgramArguments: mri_em_register -all-info  ProgramVersion: 7.3.2  TimeStamp: 2026/03/12-11:48:36-GMT  BuildTime: Aug  4 2022 06:17:15  BuildStamp: freesurfer-linux-ubuntu22_x86_64-7.3.2-20220804-6354275  User: oesteban  Machine: dna059  Platform: Linux  PlatformVersion: 5.14.0-427.37.1.el9_4.x86_64  CompilerName: GCC  CompilerVersion: 8.4.0
ProgramName: mri_fill  ProgramArguments: mri_fill -all-info  ProgramVersion: 7.3.2  TimeStamp: 2026/03/12-11:48:36-GMT  BuildTime: Aug  4 2022 06:17:15  BuildStamp: freesurfer-linux-ubuntu22_x86_64-7.3.2-20220804-6354275  User: oesteban  Machine: dna059  Platform: Linux  PlatformVersion: 5.14.0-427.37.1.el9_4.x86_64  CompilerName: GCC  CompilerVersion: 8.4.0
ProgramName: mri_fuse_segmentations  ProgramArguments: mri_fuse_segmentations -all-info  ProgramVersion: 7.3.2  TimeStamp: 2026/03/12-11:48:36-GMT  BuildTime: Aug  4 2022 06:17:15  BuildStamp: freesurfer-linux-ubuntu22_x86_64-7.3.2-20220804-6354275  User: oesteban  Machine: dna059  Platform: Linux  PlatformVersion: 5.14.0-427.37.1.el9_4.x86_64  CompilerName: GCC  CompilerVersion: 8.4.0
ProgramName: mri_fwhm  ProgramArguments: mri_fwhm -all-info  ProgramVersion: 7.3.2  TimeStamp: 2026/03/12-11:48:36-GMT  BuildTime: Aug  4 2022 06:17:15  BuildStamp: freesurfer-linux-ubuntu22_x86_64-7.3.2-20220804-6354275  User: oesteban  Machine: dna059  Platform: Linux  PlatformVersion: 5.14.0-427.37.1.el9_4.x86_64  CompilerName: GCC  CompilerVersion: 8.4.0
ProgramName: mri_gcut  ProgramArguments: mri_gcut -all-info  ProgramVersion: 7.3.2  TimeStamp: 2026/03/12-11:48:36-GMT  BuildTime: Aug  4 2022 06:17:15  BuildStamp: freesurfer-linux-ubuntu22_x86_64-7.3.2-20220804-6354275  User: oesteban  Machine: dna059  Platform: Linux  PlatformVersion: 5.14.0-427.37.1.el9_4.x86_64  CompilerName: GCC  CompilerVersion: 8.4.0
ProgramName: mri_info  ProgramArguments: mri_info -all-info  ProgramVersion: 7.3.2  TimeStamp: 2026/03/12-11:48:36-GMT  BuildTime: Aug  4 2022 06:17:15  BuildStamp: freesurfer-linux-ubuntu22_x86_64-7.3.2-20220804-6354275  User: oesteban  Machine: dna059  Platform: Linux  PlatformVersion: 5.14.0-427.37.1.el9_4.x86_64  CompilerName: GCC  CompilerVersion: 8.4.0
ProgramName: mri_label2label  ProgramArguments: mri_label2label -all-info  ProgramVersion: 7.3.2  TimeStamp: 2026/03/12-11:48:36-GMT  BuildTime: Aug  4 2022 06:17:15  BuildStamp: freesurfer-linux-ubuntu22_x86_64-7.3.2-20220804-6354275  User: oesteban  Machine: dna059  Platform: Linux  PlatformVersion: 5.14.0-427.37.1.el9_4.x86_64  CompilerName: GCC  CompilerVersion: 8.4.0
ProgramName: mri_label2vol  ProgramArguments: mri_label2vol -all-info  ProgramVersion: 7.3.2  TimeStamp: 2026/03/12-11:48:36-GMT  BuildTime: Aug  4 2022 06:17:15  BuildStamp: freesurfer-linux-ubuntu22_x86_64-7.3.2-20220804-6354275  User: oesteban  Machine: dna059  Platform: Linux  PlatformVersion: 5.14.0-427.37.1.el9_4.x86_64  CompilerName: GCC  CompilerVersion: 8.4.0
ProgramName: mri_log_likelihood  ProgramArguments: mri_log_likelihood -all-info  ProgramVersion: 7.3.2  TimeStamp: 2026/03/12-11:48:36-GMT  BuildTime: Aug  4 2022 06:17:15  BuildStamp: freesurfer-linux-ubuntu22_x86_64-7.3.2-20220804-6354275  User: oesteban  Machine: dna059  Platform: Linux  PlatformVersion: 5.14.0-427.37.1.el9_4.x86_64  CompilerName: GCC  CompilerVersion: 8.4.0
ProgramName: mri_mask  ProgramArguments: mri_mask -all-info  ProgramVersion: 7.3.2  TimeStamp: 2026/03/12-11:48:36-GMT  BuildTime: Aug  4 2022 06:17:15  BuildStamp: freesurfer-linux-ubuntu22_x86_64-7.3.2-20220804-6354275  User: oesteban  Machine: dna059  Platform: Linux  PlatformVersion: 5.14.0-427.37.1.el9_4.x86_64  CompilerName: GCC  CompilerVersion: 8.4.0
ProgramName: mri_matrix_multiply  ProgramArguments: mri_matrix_multiply -all-info  ProgramVersion: 7.3.2  TimeStamp: 2026/03/12-11:48:36-GMT  BuildTime: Aug  4 2022 06:17:15  BuildStamp: freesurfer-linux-ubuntu22_x86_64-7.3.2-20220804-6354275  User: oesteban  Machine: dna059  Platform: Linux  PlatformVersion: 5.14.0-427.37.1.el9_4.x86_64  CompilerName: GCC  CompilerVersion: 8.4.0
ProgramName: mri_normalize  ProgramArguments: mri_normalize -all-info  ProgramVersion: 7.3.2  TimeStamp: 2026/03/12-11:48:36-GMT  BuildTime: Aug  4 2022 06:17:15  BuildStamp: freesurfer-linux-ubuntu22_x86_64-7.3.2-20220804-6354275  User: oesteban  Machine: dna059  Platform: Linux  PlatformVersion: 5.14.0-427.37.1.el9_4.x86_64  CompilerName: GCC  CompilerVersion: 8.4.0
ProgramName: mri_normalize_tp2  ProgramArguments: mri_normalize_tp2 -all-info  ProgramVersion: 7.3.2  TimeStamp: 2026/03/12-11:48:36-GMT  BuildTime: Aug  4 2022 06:17:15  BuildStamp: freesurfer-linux-ubuntu22_x86_64-7.3.2-20220804-6354275  User: oesteban  Machine: dna059  Platform: Linux  PlatformVersion: 5.14.0-427.37.1.el9_4.x86_64  CompilerName: GCC  CompilerVersion: 8.4.0
ProgramName: mri_or  ProgramArguments: mri_or -all-info  ProgramVersion: 7.3.2  TimeStamp: 2026/03/12-11:48:36-GMT  BuildTime: Aug  4 2022 06:17:15  BuildStamp: freesurfer-linux-ubuntu22_x86_64-7.3.2-20220804-6354275  User: oesteban  Machine: dna059  Platform: Linux  PlatformVersion: 5.14.0-427.37.1.el9_4.x86_64  CompilerName: GCC  CompilerVersion: 8.4.0
ProgramName: mri_relabel_hypointensities  ProgramArguments: mri_relabel_hypointensities -all-info  ProgramVersion: 7.3.2  TimeStamp: 2026/03/12-11:48:36-GMT  BuildTime: Aug  4 2022 06:17:15  BuildStamp: freesurfer-linux-ubuntu22_x86_64-7.3.2-20220804-6354275  User: oesteban  Machine: dna059  Platform: Linux  PlatformVersion: 5.14.0-427.37.1.el9_4.x86_64  CompilerName: GCC  CompilerVersion: 8.4.0
ProgramName: mri_relabel_nonwm_hypos  ProgramArguments: mri_relabel_nonwm_hypos -all-info  ProgramVersion: 7.3.2  TimeStamp: 2026/03/12-11:48:36-GMT  BuildTime: Aug  4 2022 06:17:15  BuildStamp: freesurfer-linux-ubuntu22_x86_64-7.3.2-20220804-6354275  User: oesteban  Machine: dna059  Platform: Linux  PlatformVersion: 5.14.0-427.37.1.el9_4.x86_64  CompilerName: GCC  CompilerVersion: 8.4.0
ProgramName: mri_remove_neck  ProgramArguments: mri_remove_neck -all-info  ProgramVersion: 7.3.2  TimeStamp: 2026/03/12-11:48:36-GMT  BuildTime: Aug  4 2022 06:17:15  BuildStamp: freesurfer-linux-ubuntu22_x86_64-7.3.2-20220804-6354275  User: oesteban  Machine: dna059  Platform: Linux  PlatformVersion: 5.14.0-427.37.1.el9_4.x86_64  CompilerName: GCC  CompilerVersion: 8.4.0
7.3.2

ProgramName: mri_robust_register  ProgramArguments: mri_robust_register -all-info  ProgramVersion: 7.3.2  TimeStamp: 2026/03/12-11:48:36-GMT  BuildTime: Aug  4 2022 06:17:15  BuildStamp: freesurfer-linux-ubuntu22_x86_64-7.3.2-20220804-6354275  User: oesteban  Machine: dna059  Platform: Linux  PlatformVersion: 5.14.0-427.37.1.el9_4.x86_64  CompilerName: GCC  CompilerVersion: 8.4.0
7.3.2

ProgramName: mri_robust_template  ProgramArguments: mri_robust_template -all-info  ProgramVersion: 7.3.2  TimeStamp: 2026/03/12-11:48:36-GMT  BuildTime: Aug  4 2022 06:17:15  BuildStamp: freesurfer-linux-ubuntu22_x86_64-7.3.2-20220804-6354275  User: oesteban  Machine: dna059  Platform: Linux  PlatformVersion: 5.14.0-427.37.1.el9_4.x86_64  CompilerName: GCC  CompilerVersion: 8.4.0
ProgramName: mris_anatomical_stats  ProgramArguments: mris_anatomical_stats -all-info  ProgramVersion: 7.3.2  TimeStamp: 2026/03/12-11:48:36-GMT  BuildTime: Aug  4 2022 06:17:15  BuildStamp: freesurfer-linux-ubuntu22_x86_64-7.3.2-20220804-6354275  User: oesteban  Machine: dna059  Platform: Linux  PlatformVersion: 5.14.0-427.37.1.el9_4.x86_64  CompilerName: GCC  CompilerVersion: 8.4.0
ProgramName: mris_ca_label  ProgramArguments: mris_ca_label -all-info  ProgramVersion: 7.3.2  TimeStamp: 2026/03/12-11:48:36-GMT  BuildTime: Aug  4 2022 06:17:15  BuildStamp: freesurfer-linux-ubuntu22_x86_64-7.3.2-20220804-6354275  User: oesteban  Machine: dna059  Platform: Linux  PlatformVersion: 5.14.0-427.37.1.el9_4.x86_64  CompilerName: GCC  CompilerVersion: 8.4.0
ProgramName: mris_calc  ProgramArguments: mris_calc -all-info  ProgramVersion: 7.3.2  TimeStamp: 2026/03/12-11:48:36-GMT  BuildTime: Aug  4 2022 06:17:15  BuildStamp: freesurfer-linux-ubuntu22_x86_64-7.3.2-20220804-6354275  User: oesteban  Machine: dna059  Platform: Linux  PlatformVersion: 5.14.0-427.37.1.el9_4.x86_64  CompilerName: GCC  CompilerVersion: 8.4.0
ProgramName: mris_convert  ProgramArguments: mris_convert -all-info  ProgramVersion: 7.3.2  TimeStamp: 2026/03/12-11:48:36-GMT  BuildTime: Aug  4 2022 06:17:15  BuildStamp: freesurfer-linux-ubuntu22_x86_64-7.3.2-20220804-6354275  User: oesteban  Machine: dna059  Platform: Linux  PlatformVersion: 5.14.0-427.37.1.el9_4.x86_64  CompilerName: GCC  CompilerVersion: 8.4.0
ProgramName: mris_curvature  ProgramArguments: mris_curvature -all-info  ProgramVersion: 7.3.2  TimeStamp: 2026/03/12-11:48:36-GMT  BuildTime: Aug  4 2022 06:17:15  BuildStamp: freesurfer-linux-ubuntu22_x86_64-7.3.2-20220804-6354275  User: oesteban  Machine: dna059  Platform: Linux  PlatformVersion: 5.14.0-427.37.1.el9_4.x86_64  CompilerName: GCC  CompilerVersion: 8.4.0
ProgramName: mris_curvature_stats  ProgramArguments: mris_curvature_stats -all-info  ProgramVersion: 7.3.2  TimeStamp: 2026/03/12-11:48:36-GMT  BuildTime: Aug  4 2022 06:17:15  BuildStamp: freesurfer-linux-ubuntu22_x86_64-7.3.2-20220804-6354275  User: oesteban  Machine: dna059  Platform: Linux  PlatformVersion: 5.14.0-427.37.1.el9_4.x86_64  CompilerName: GCC  CompilerVersion: 8.4.0
ProgramName: mris_diff  ProgramArguments: mris_diff -all-info  ProgramVersion: 7.3.2  TimeStamp: 2026/03/12-11:48:36-GMT  BuildTime: Aug  4 2022 06:17:15  BuildStamp: freesurfer-linux-ubuntu22_x86_64-7.3.2-20220804-6354275  User: oesteban  Machine: dna059  Platform: Linux  PlatformVersion: 5.14.0-427.37.1.el9_4.x86_64  CompilerName: GCC  CompilerVersion: 8.4.0
ProgramName: mris_divide_parcellation  ProgramArguments: mris_divide_parcellation -all-info  ProgramVersion: 7.3.2  TimeStamp: 2026/03/12-11:48:36-GMT  BuildTime: Aug  4 2022 06:17:15  BuildStamp: freesurfer-linux-ubuntu22_x86_64-7.3.2-20220804-6354275  User: oesteban  Machine: dna059  Platform: Linux  PlatformVersion: 5.14.0-427.37.1.el9_4.x86_64  CompilerName: GCC  CompilerVersion: 8.4.0
ProgramName: mri_segment  ProgramArguments: mri_segment -all-info  ProgramVersion: 7.3.2  TimeStamp: 2026/03/12-11:48:36-GMT  BuildTime: Aug  4 2022 06:17:15  BuildStamp: freesurfer-linux-ubuntu22_x86_64-7.3.2-20220804-6354275  User: oesteban  Machine: dna059  Platform: Linux  PlatformVersion: 5.14.0-427.37.1.el9_4.x86_64  CompilerName: GCC  CompilerVersion: 8.4.0
ProgramName: mri_segstats  ProgramArguments: mri_segstats -all-info  ProgramVersion: 7.3.2  TimeStamp: 2026/03/12-11:48:36-GMT  BuildTime: Aug  4 2022 06:17:15  BuildStamp: freesurfer-linux-ubuntu22_x86_64-7.3.2-20220804-6354275  User: oesteban  Machine: dna059  Platform: Linux  PlatformVersion: 5.14.0-427.37.1.el9_4.x86_64  CompilerName: GCC  CompilerVersion: 8.4.0
ProgramName: mris_euler_number  ProgramArguments: mris_euler_number -all-info  ProgramVersion: 7.3.2  TimeStamp: 2026/03/12-11:48:36-GMT  BuildTime: Aug  4 2022 06:17:15  BuildStamp: freesurfer-linux-ubuntu22_x86_64-7.3.2-20220804-6354275  User: oesteban  Machine: dna059  Platform: Linux  PlatformVersion: 5.14.0-427.37.1.el9_4.x86_64  CompilerName: GCC  CompilerVersion: 8.4.0
ProgramName: mris_fix_topology  ProgramArguments: mris_fix_topology -all-info  ProgramVersion: 7.3.2  TimeStamp: 2026/03/12-11:48:36-GMT  BuildTime: Aug  4 2022 06:17:15  BuildStamp: freesurfer-linux-ubuntu22_x86_64-7.3.2-20220804-6354275  User: oesteban  Machine: dna059  Platform: Linux  PlatformVersion: 5.14.0-427.37.1.el9_4.x86_64  CompilerName: GCC  CompilerVersion: 8.4.0
ProgramName: mris_topo_fixer  ProgramArguments: mris_topo_fixer -all-info  ProgramVersion: 7.3.2  TimeStamp: 2026/03/12-11:48:36-GMT  BuildTime: Aug  4 2022 06:17:15  BuildStamp: freesurfer-linux-ubuntu22_x86_64-7.3.2-20220804-6354275  User: oesteban  Machine: dna059  Platform: Linux  PlatformVersion: 5.14.0-427.37.1.el9_4.x86_64  CompilerName: GCC  CompilerVersion: 8.4.0
ProgramName: mris_jacobian  ProgramArguments: mris_jacobian -all-info  ProgramVersion: 7.3.2  TimeStamp: 2026/03/12-11:48:36-GMT  BuildTime: Aug  4 2022 06:17:15  BuildStamp: freesurfer-linux-ubuntu22_x86_64-7.3.2-20220804-6354275  User: oesteban  Machine: dna059  Platform: Linux  PlatformVersion: 5.14.0-427.37.1.el9_4.x86_64  CompilerName: GCC  CompilerVersion: 8.4.0
ProgramName: mris_label2annot  ProgramArguments: mris_label2annot -all-info  ProgramVersion: 7.3.2  TimeStamp: 2026/03/12-11:48:36-GMT  BuildTime: Aug  4 2022 06:17:15  BuildStamp: freesurfer-linux-ubuntu22_x86_64-7.3.2-20220804-6354275  User: oesteban  Machine: dna059  Platform: Linux  PlatformVersion: 5.14.0-427.37.1.el9_4.x86_64  CompilerName: GCC  CompilerVersion: 8.4.0
ProgramName: mris_left_right_register  ProgramArguments: mris_left_right_register -all-info  ProgramVersion: 7.3.2  TimeStamp: 2026/03/12-11:48:36-GMT  BuildTime: Aug  4 2022 06:17:15  BuildStamp: freesurfer-linux-ubuntu22_x86_64-7.3.2-20220804-6354275  User: oesteban  Machine: dna059  Platform: Linux  PlatformVersion: 5.14.0-427.37.1.el9_4.x86_64  CompilerName: GCC  CompilerVersion: 8.4.0
ProgramName: mris_place_surface  ProgramArguments: mris_place_surface -all-info  ProgramVersion: 7.3.2  TimeStamp: 2026/03/12-11:48:36-GMT  BuildTime: Aug  4 2022 06:17:15  BuildStamp: freesurfer-linux-ubuntu22_x86_64-7.3.2-20220804-6354275  User: oesteban  Machine: dna059  Platform: Linux  PlatformVersion: 5.14.0-427.37.1.el9_4.x86_64  CompilerName: GCC  CompilerVersion: 8.4.0
ProgramName: mrisp_paint  ProgramArguments: mrisp_paint -all-info  ProgramVersion: 7.3.2  TimeStamp: 2026/03/12-11:48:36-GMT  BuildTime: Aug  4 2022 06:17:15  BuildStamp: freesurfer-linux-ubuntu22_x86_64-7.3.2-20220804-6354275  User: oesteban  Machine: dna059  Platform: Linux  PlatformVersion: 5.14.0-427.37.1.el9_4.x86_64  CompilerName: GCC  CompilerVersion: 8.4.0
ProgramName: mris_register  ProgramArguments: mris_register -all-info  ProgramVersion: 7.3.2  TimeStamp: 2026/03/12-11:48:36-GMT  BuildTime: Aug  4 2022 06:17:15  BuildStamp: freesurfer-linux-ubuntu22_x86_64-7.3.2-20220804-6354275  User: oesteban  Machine: dna059  Platform: Linux  PlatformVersion: 5.14.0-427.37.1.el9_4.x86_64  CompilerName: GCC  CompilerVersion: 8.4.0
ProgramName: mris_smooth  ProgramArguments: mris_smooth -all-info  ProgramVersion: 7.3.2  TimeStamp: 2026/03/12-11:48:36-GMT  BuildTime: Aug  4 2022 06:17:15  BuildStamp: freesurfer-linux-ubuntu22_x86_64-7.3.2-20220804-6354275  User: oesteban  Machine: dna059  Platform: Linux  PlatformVersion: 5.14.0-427.37.1.el9_4.x86_64  CompilerName: GCC  CompilerVersion: 8.4.0
ProgramName: mris_sphere  ProgramArguments: mris_sphere -all-info  ProgramVersion: 7.3.2  TimeStamp: 2026/03/12-11:48:36-GMT  BuildTime: Aug  4 2022 06:17:15  BuildStamp: freesurfer-linux-ubuntu22_x86_64-7.3.2-20220804-6354275  User: oesteban  Machine: dna059  Platform: Linux  PlatformVersion: 5.14.0-427.37.1.el9_4.x86_64  CompilerName: GCC  CompilerVersion: 8.4.0
ProgramName: mris_surface_stats  ProgramArguments: mris_surface_stats -all-info  ProgramVersion: 7.3.2  TimeStamp: 2026/03/12-11:48:36-GMT  BuildTime: Aug  4 2022 06:17:15  BuildStamp: freesurfer-linux-ubuntu22_x86_64-7.3.2-20220804-6354275  User: oesteban  Machine: dna059  Platform: Linux  PlatformVersion: 5.14.0-427.37.1.el9_4.x86_64  CompilerName: GCC  CompilerVersion: 8.4.0
ProgramName: mri_stats2seg  ProgramArguments: mri_stats2seg -all-info  ProgramVersion: 7.3.2  TimeStamp: 2026/03/12-11:48:36-GMT  BuildTime: Aug  4 2022 06:17:15  BuildStamp: freesurfer-linux-ubuntu22_x86_64-7.3.2-20220804-6354275  User: oesteban  Machine: dna059  Platform: Linux  PlatformVersion: 5.14.0-427.37.1.el9_4.x86_64  CompilerName: GCC  CompilerVersion: 8.4.0
ProgramName: mris_thickness  ProgramArguments: mris_thickness -all-info  ProgramVersion: 7.3.2  TimeStamp: 2026/03/12-11:48:36-GMT  BuildTime: Aug  4 2022 06:17:15  BuildStamp: freesurfer-linux-ubuntu22_x86_64-7.3.2-20220804-6354275  User: oesteban  Machine: dna059  Platform: Linux  PlatformVersion: 5.14.0-427.37.1.el9_4.x86_64  CompilerName: GCC  CompilerVersion: 8.4.0
ProgramName: mris_thickness_diff  ProgramArguments: mris_thickness_diff -all-info  ProgramVersion: 7.3.2  TimeStamp: 2026/03/12-11:48:36-GMT  BuildTime: Aug  4 2022 06:17:15  BuildStamp: freesurfer-linux-ubuntu22_x86_64-7.3.2-20220804-6354275  User: oesteban  Machine: dna059  Platform: Linux  PlatformVersion: 5.14.0-427.37.1.el9_4.x86_64  CompilerName: GCC  CompilerVersion: 8.4.0
ProgramName: mris_topo_fixer  ProgramArguments: mris_topo_fixer -all-info  ProgramVersion: 7.3.2  TimeStamp: 2026/03/12-11:48:36-GMT  BuildTime: Aug  4 2022 06:17:15  BuildStamp: freesurfer-linux-ubuntu22_x86_64-7.3.2-20220804-6354275  User: oesteban  Machine: dna059  Platform: Linux  PlatformVersion: 5.14.0-427.37.1.el9_4.x86_64  CompilerName: GCC  CompilerVersion: 8.4.0
ProgramName: mri_surf2surf  ProgramArguments: mri_surf2surf -all-info  ProgramVersion: 7.3.2  TimeStamp: 2026/03/12-11:48:36-GMT  BuildTime: Aug  4 2022 06:17:15  BuildStamp: freesurfer-linux-ubuntu22_x86_64-7.3.2-20220804-6354275  User: oesteban  Machine: dna059  Platform: Linux  PlatformVersion: 5.14.0-427.37.1.el9_4.x86_64  CompilerName: GCC  CompilerVersion: 8.4.0
ProgramName: mri_surf2vol  ProgramArguments: mri_surf2vol -all-info  ProgramVersion: 7.3.2  TimeStamp: 2026/03/12-11:48:36-GMT  BuildTime: Aug  4 2022 06:17:15  BuildStamp: freesurfer-linux-ubuntu22_x86_64-7.3.2-20220804-6354275  User: oesteban  Machine: dna059  Platform: Linux  PlatformVersion: 5.14.0-427.37.1.el9_4.x86_64  CompilerName: GCC  CompilerVersion: 8.4.0
ProgramName: mri_surfcluster  ProgramArguments: mri_surfcluster -all-info  ProgramVersion: 7.3.2  TimeStamp: 2026/03/12-11:48:36-GMT  BuildTime: Aug  4 2022 06:17:15  BuildStamp: freesurfer-linux-ubuntu22_x86_64-7.3.2-20220804-6354275  User: oesteban  Machine: dna059  Platform: Linux  PlatformVersion: 5.14.0-427.37.1.el9_4.x86_64  CompilerName: GCC  CompilerVersion: 8.4.0
ProgramName: mris_volmask  ProgramArguments: mris_volmask -all-info  ProgramVersion: 7.3.2  TimeStamp: 2026/03/12-11:48:36-GMT  BuildTime: Aug  4 2022 06:17:15  BuildStamp: freesurfer-linux-ubuntu22_x86_64-7.3.2-20220804-6354275  User: oesteban  Machine: dna059  Platform: Linux  PlatformVersion: 5.14.0-427.37.1.el9_4.x86_64  CompilerName: GCC  CompilerVersion: 8.4.0
ProgramName: mri_tessellate  ProgramArguments: mri_tessellate -all-info  ProgramVersion: 7.3.2  TimeStamp: 2026/03/12-11:48:36-GMT  BuildTime: Aug  4 2022 06:17:15  BuildStamp: freesurfer-linux-ubuntu22_x86_64-7.3.2-20220804-6354275  User: oesteban  Machine: dna059  Platform: Linux  PlatformVersion: 5.14.0-427.37.1.el9_4.x86_64  CompilerName: GCC  CompilerVersion: 8.4.0
ProgramName: mri_vol2surf  ProgramArguments: mri_vol2surf -all-info  ProgramVersion: 7.3.2  TimeStamp: 2026/03/12-11:48:36-GMT  BuildTime: Aug  4 2022 06:17:15  BuildStamp: freesurfer-linux-ubuntu22_x86_64-7.3.2-20220804-6354275  User: oesteban  Machine: dna059  Platform: Linux  PlatformVersion: 5.14.0-427.37.1.el9_4.x86_64  CompilerName: GCC  CompilerVersion: 8.4.0
ProgramName: mri_vol2vol  ProgramArguments: mri_vol2vol -all-info  ProgramVersion: 7.3.2  TimeStamp: 2026/03/12-11:48:36-GMT  BuildTime: Aug  4 2022 06:17:15  BuildStamp: freesurfer-linux-ubuntu22_x86_64-7.3.2-20220804-6354275  User: oesteban  Machine: dna059  Platform: Linux  PlatformVersion: 5.14.0-427.37.1.el9_4.x86_64  CompilerName: GCC  CompilerVersion: 8.4.0
ProgramName: mri_voldiff  ProgramArguments: mri_voldiff -all-info  ProgramVersion: 7.3.2  TimeStamp: 2026/03/12-11:48:36-GMT  BuildTime: Aug  4 2022 06:17:15  BuildStamp: freesurfer-linux-ubuntu22_x86_64-7.3.2-20220804-6354275  User: oesteban  Machine: dna059  Platform: Linux  PlatformVersion: 5.14.0-427.37.1.el9_4.x86_64  CompilerName: GCC  CompilerVersion: 8.4.0
ProgramName: mri_watershed  ProgramArguments: mri_watershed -all-info  ProgramVersion: 7.3.2  TimeStamp: 2026/03/12-11:48:36-GMT  BuildTime: Aug  4 2022 06:17:15  BuildStamp: freesurfer-linux-ubuntu22_x86_64-7.3.2-20220804-6354275  User: oesteban  Machine: dna059  Platform: Linux  PlatformVersion: 5.14.0-427.37.1.el9_4.x86_64  CompilerName: GCC  CompilerVersion: 8.4.0
ProgramName: tkregister2  ProgramArguments: tkregister2_cmdl -all-info  ProgramVersion: 7.3.2  TimeStamp: 2026/03/12-11:48:36-GMT  BuildTime: Aug  4 2022 06:17:15  BuildStamp: freesurfer-linux-ubuntu22_x86_64-7.3.2-20220804-6354275  User: oesteban  Machine: dna059  Platform: Linux  PlatformVersion: 5.14.0-427.37.1.el9_4.x86_64  CompilerName: GCC  CompilerVersion: 8.4.0
mri_motion_correct.fsl 7.3.2
mri_convert -all-info 
ProgramName: mri_convert  ProgramArguments: mri_convert -all-info  ProgramVersion: 7.3.2  TimeStamp: 2026/03/12-11:48:36-GMT  BuildTime: Aug  4 2022 06:17:15  BuildStamp: freesurfer-linux-ubuntu22_x86_64-7.3.2-20220804-6354275  User: oesteban  Machine: dna059  Platform: Linux  PlatformVersion: 5.14.0-427.37.1.el9_4.x86_64  CompilerName: GCC  CompilerVersion: 8.4.0
Program nu_correct, built from:
Package MNI N3, version 1.12.0, compiled by nicks@terrier (x86_64-unknown-linux-gnu) on 2015-06-19 at 01:25:34
#######################################
GCADIR /opt/freesurfer/average
GCA RB_all_2020-01-02.gca
GCASkull RB_all_withskull_2020_01_02.gca
AvgCurvTif folding.atlas.acfb40.noaparc.i12.2016-08-02.tif
GCSDIR /opt/freesurfer/average
GCS DKaparc.atlas.acfb40.noaparc.i12.2016-08-02.gcs
#######################################
#@# white curv lh Thu Mar 12 12:48:36 CET 2026
cd /out/sourcedata/freesurfer/sub-v1s11x0050143_ses-1/mri
mris_place_surface --curv-map ../surf/lh.white 2 10 ../surf/lh.curv
   Update not needed
#@# white area lh Thu Mar 12 12:48:36 CET 2026
cd /out/sourcedata/freesurfer/sub-v1s11x0050143_ses-1/mri
mris_place_surface --area-map ../surf/lh.white ../surf/lh.area
   Update not needed
#@# pial curv lh Thu Mar 12 12:48:36 CET 2026
cd /out/sourcedata/freesurfer/sub-v1s11x0050143_ses-1/mri
mris_place_surface --curv-map ../surf/lh.pial 2 10 ../surf/lh.curv.pial
   Update not needed
#@# pial area lh Thu Mar 12 12:48:36 CET 2026
cd /out/sourcedata/freesurfer/sub-v1s11x0050143_ses-1/mri
mris_place_surface --area-map ../surf/lh.pial ../surf/lh.area.pial
   Update not needed
#@# thickness lh Thu Mar 12 12:48:36 CET 2026
cd /out/sourcedata/freesurfer/sub-v1s11x0050143_ses-1/mri
mris_place_surface --thickness ../surf/lh.white ../surf/lh.pial 20 5 ../surf/lh.thickness
   Update not needed
#@# area and vertex vol lh Thu Mar 12 12:48:36 CET 2026
cd /out/sourcedata/freesurfer/sub-v1s11x0050143_ses-1/mri
mris_place_surface --thickness ../surf/lh.white ../surf/lh.pial 20 5 ../surf/lh.thickness
   Update not needed
#@# white curv rh Thu Mar 12 12:48:36 CET 2026
cd /out/sourcedata/freesurfer/sub-v1s11x0050143_ses-1/mri
mris_place_surface --curv-map ../surf/rh.white 2 10 ../surf/rh.curv
   Update not needed
#@# white area rh Thu Mar 12 12:48:36 CET 2026
cd /out/sourcedata/freesurfer/sub-v1s11x0050143_ses-1/mri
mris_place_surface --area-map ../surf/rh.white ../surf/rh.area
   Update not needed
#@# pial curv rh Thu Mar 12 12:48:36 CET 2026
cd /out/sourcedata/freesurfer/sub-v1s11x0050143_ses-1/mri
mris_place_surface --curv-map ../surf/rh.pial 2 10 ../surf/rh.curv.pial
   Update not needed
#@# pial area rh Thu Mar 12 12:48:36 CET 2026
cd /out/sourcedata/freesurfer/sub-v1s11x0050143_ses-1/mri
mris_place_surface --area-map ../surf/rh.pial ../surf/rh.area.pial
   Update not needed
#@# thickness rh Thu Mar 12 12:48:36 CET 2026
cd /out/sourcedata/freesurfer/sub-v1s11x0050143_ses-1/mri
mris_place_surface --thickness ../surf/rh.white ../surf/rh.pial 20 5 ../surf/rh.thickness
   Update not needed
#@# area and vertex vol rh Thu Mar 12 12:48:36 CET 2026
cd /out/sourcedata/freesurfer/sub-v1s11x0050143_ses-1/mri
mris_place_surface --thickness ../surf/rh.white ../surf/rh.pial 20 5 ../surf/rh.thickness
   Update not needed
#--------------------------------------------
#@# Cortical ribbon mask Thu Mar 12 12:48:36 CET 2026
/out/sourcedata/freesurfer/sub-v1s11x0050143_ses-1/mri

 mris_volmask --aseg_name aseg.presurf --label_left_white 2 --label_left_ribbon 3 --label_right_white 41 --label_right_ribbon 42 --save_ribbon sub-v1s11x0050143_ses-1 

SUBJECTS_DIR is /out/sourcedata/freesurfer
loading input data...
Running hemis serially
Processing left hemi
computing distance to left white surface 
computing distance to left pial surface 
Processing right hemi
computing distance to right white surface 
computing distance to right pial surface 
 hemi masks overlap voxels = 254
writing volume /out/sourcedata/freesurfer/sub-v1s11x0050143_ses-1/mri/ribbon.mgz
mris_volmask took 5.87 minutes
 writing ribbon files

Started at Thu Mar 12 12:48:36 CET 2026 
Ended   at Thu Mar 12 12:54:29 CET 2026
#@#%# recon-all-run-time-hours 0.098
recon-all -s sub-v1s11x0050143_ses-1 finished without error at Thu Mar 12 12:54:29 CET 2026



#New# invocation of recon-all 




Thu Mar 12 13:01:42 CET 2026
cd /out/sourcedata/freesurfer/sub-v1s11x0050143_ses-1
setenv SUBJECTS_DIR /out/sourcedata/freesurfer
/opt/freesurfer/bin/recon-all -autorecon3 -openmp 16 -subjid sub-v1s11x0050143_ses-1 -sd /out/sourcedata/freesurfer -nosphere -nosurfreg -nojacobian_white -noavgcurv -nocortparc -nopial -noparcstats -nocortparc2 -noparcstats2 -nocortparc3 -noparcstats3 -nopctsurfcon -nocortribbon -nobalabels

subjid sub-v1s11x0050143_ses-1
setenv SUBJECTS_DIR /out/sourcedata/freesurfer
FREESURFER_HOME /opt/freesurfer
Actual FREESURFER_HOME /opt/freesurfer
build-stamp.txt: freesurfer-linux-ubuntu22_x86_64-7.3.2-20220804-6354275
Linux dna059 5.14.0-427.37.1.el9_4.x86_64 #1 SMP PREEMPT_DYNAMIC Fri Sep 13 12:41:50 EDT 2024 x86_64 x86_64 x86_64 GNU/Linux
cputime      unlimited
filesize     unlimited
datasize     unlimited
stacksize    8192 kbytes
coredumpsize 0 kbytes
memoryuse    67108864 kbytes
vmemoryuse   unlimited
descriptors  1024 
memorylocked unlimited
maxproc      2061970 
maxlocks     unlimited
maxsignal    2061970 
maxmessage   819200 
maxnice      0 
maxrtprio    0 
maxrttime    unlimited

               total        used        free      shared  buff/cache   available
Mem:           503Gi        52Gi       406Gi        12Gi        44Gi       435Gi
Swap:             0B          0B          0B

########################################
program versions used
7.3.2 (freesurfer-linux-ubuntu22_x86_64-7.3.2-20220804-6354275)
7.3.2

ProgramName: lta_convert  ProgramArguments: lta_convert -all-info  ProgramVersion: 7.3.2  TimeStamp: 2026/03/12-12:01:42-GMT  BuildTime: Aug  4 2022 06:17:15  BuildStamp: freesurfer-linux-ubuntu22_x86_64-7.3.2-20220804-6354275  User: oesteban  Machine: dna059  Platform: Linux  PlatformVersion: 5.14.0-427.37.1.el9_4.x86_64  CompilerName: GCC  CompilerVersion: 8.4.0
ProgramName: mri_and  ProgramArguments: mri_and -all-info  ProgramVersion: 7.3.2  TimeStamp: 2026/03/12-12:01:42-GMT  BuildTime: Aug  4 2022 06:17:15  BuildStamp: freesurfer-linux-ubuntu22_x86_64-7.3.2-20220804-6354275  User: oesteban  Machine: dna059  Platform: Linux  PlatformVersion: 5.14.0-427.37.1.el9_4.x86_64  CompilerName: GCC  CompilerVersion: 8.4.0
ProgramName: mri_annotation2label  ProgramArguments: mri_annotation2label -all-info  ProgramVersion: 7.3.2  TimeStamp: 2026/03/12-12:01:42-GMT  BuildTime: Aug  4 2022 06:17:15  BuildStamp: freesurfer-linux-ubuntu22_x86_64-7.3.2-20220804-6354275  User: oesteban  Machine: dna059  Platform: Linux  PlatformVersion: 5.14.0-427.37.1.el9_4.x86_64  CompilerName: GCC  CompilerVersion: 8.4.0
ProgramName: mri_aparc2aseg  ProgramArguments: mri_aparc2aseg -all-info  ProgramVersion: 7.3.2  TimeStamp: 2026/03/12-12:01:42-GMT  BuildTime: Aug  4 2022 06:17:15  BuildStamp: freesurfer-linux-ubuntu22_x86_64-7.3.2-20220804-6354275  User: oesteban  Machine: dna059  Platform: Linux  PlatformVersion: 5.14.0-427.37.1.el9_4.x86_64  CompilerName: GCC  CompilerVersion: 8.4.0
ProgramName: mri_surf2volseg  ProgramArguments: mri_surf2volseg -all-info  ProgramVersion: 7.3.2  TimeStamp: 2026/03/12-12:01:42-GMT  BuildTime: Aug  4 2022 06:17:15  BuildStamp: freesurfer-linux-ubuntu22_x86_64-7.3.2-20220804-6354275  User: oesteban  Machine: dna059  Platform: Linux  PlatformVersion: 5.14.0-427.37.1.el9_4.x86_64  CompilerName: GCC  CompilerVersion: 8.4.0
ProgramName: mri_binarize  ProgramArguments: mri_binarize -all-info  ProgramVersion: 7.3.2  TimeStamp: 2026/03/12-12:01:42-GMT  BuildTime: Aug  4 2022 06:17:15  BuildStamp: freesurfer-linux-ubuntu22_x86_64-7.3.2-20220804-6354275  User: oesteban  Machine: dna059  Platform: Linux  PlatformVersion: 5.14.0-427.37.1.el9_4.x86_64  CompilerName: GCC  CompilerVersion: 8.4.0
ProgramName: mri_ca_label  ProgramArguments: mri_ca_label -all-info  ProgramVersion: 7.3.2  TimeStamp: 2026/03/12-12:01:42-GMT  BuildTime: Aug  4 2022 06:17:15  BuildStamp: freesurfer-linux-ubuntu22_x86_64-7.3.2-20220804-6354275  User: oesteban  Machine: dna059  Platform: Linux  PlatformVersion: 5.14.0-427.37.1.el9_4.x86_64  CompilerName: GCC  CompilerVersion: 8.4.0
ProgramName: mri_ca_normalize  ProgramArguments: mri_ca_normalize -all-info  ProgramVersion: 7.3.2  TimeStamp: 2026/03/12-12:01:42-GMT  BuildTime: Aug  4 2022 06:17:15  BuildStamp: freesurfer-linux-ubuntu22_x86_64-7.3.2-20220804-6354275  User: oesteban  Machine: dna059  Platform: Linux  PlatformVersion: 5.14.0-427.37.1.el9_4.x86_64  CompilerName: GCC  CompilerVersion: 8.4.0
ProgramName: mri_ca_register  ProgramArguments: mri_ca_register -all-info  ProgramVersion: 7.3.2  TimeStamp: 2026/03/12-12:01:42-GMT  BuildTime: Aug  4 2022 06:17:15  BuildStamp: freesurfer-linux-ubuntu22_x86_64-7.3.2-20220804-6354275  User: oesteban  Machine: dna059  Platform: Linux  PlatformVersion: 5.14.0-427.37.1.el9_4.x86_64  CompilerName: GCC  CompilerVersion: 8.4.0
ProgramName: mri_cc  ProgramArguments: mri_cc -all-info  ProgramVersion: 7.3.2  TimeStamp: 2026/03/12-12:01:42-GMT  BuildTime: Aug  4 2022 06:17:15  BuildStamp: freesurfer-linux-ubuntu22_x86_64-7.3.2-20220804-6354275  User: oesteban  Machine: dna059  Platform: Linux  PlatformVersion: 5.14.0-427.37.1.el9_4.x86_64  CompilerName: GCC  CompilerVersion: 8.4.0
ProgramName: mri_compute_overlap  ProgramArguments: mri_compute_overlap -all-info  ProgramVersion: 7.3.2  TimeStamp: 2026/03/12-12:01:42-GMT  BuildTime: Aug  4 2022 06:17:15  BuildStamp: freesurfer-linux-ubuntu22_x86_64-7.3.2-20220804-6354275  User: oesteban  Machine: dna059  Platform: Linux  PlatformVersion: 5.14.0-427.37.1.el9_4.x86_64  CompilerName: GCC  CompilerVersion: 8.4.0
ProgramName: mri_compute_seg_overlap  ProgramArguments: mri_compute_seg_overlap -all-info  ProgramVersion: 7.3.2  TimeStamp: 2026/03/12-12:01:42-GMT  BuildTime: Aug  4 2022 06:17:15  BuildStamp: freesurfer-linux-ubuntu22_x86_64-7.3.2-20220804-6354275  User: oesteban  Machine: dna059  Platform: Linux  PlatformVersion: 5.14.0-427.37.1.el9_4.x86_64  CompilerName: GCC  CompilerVersion: 8.4.0
ProgramName: mri_concat  ProgramArguments: mri_concat -all-info  ProgramVersion: 7.3.2  TimeStamp: 2026/03/12-12:01:42-GMT  BuildTime: Aug  4 2022 06:17:15  BuildStamp: freesurfer-linux-ubuntu22_x86_64-7.3.2-20220804-6354275  User: oesteban  Machine: dna059  Platform: Linux  PlatformVersion: 5.14.0-427.37.1.el9_4.x86_64  CompilerName: GCC  CompilerVersion: 8.4.0
ProgramName: mri_concatenate_lta  ProgramArguments: mri_concatenate_lta -all-info  ProgramVersion: 7.3.2  TimeStamp: 2026/03/12-12:01:42-GMT  BuildTime: Aug  4 2022 06:17:15  BuildStamp: freesurfer-linux-ubuntu22_x86_64-7.3.2-20220804-6354275  User: oesteban  Machine: dna059  Platform: Linux  PlatformVersion: 5.14.0-427.37.1.el9_4.x86_64  CompilerName: GCC  CompilerVersion: 8.4.0
mri_convert -all-info 
ProgramName: mri_convert  ProgramArguments: mri_convert -all-info  ProgramVersion: 7.3.2  TimeStamp: 2026/03/12-12:01:42-GMT  BuildTime: Aug  4 2022 06:17:15  BuildStamp: freesurfer-linux-ubuntu22_x86_64-7.3.2-20220804-6354275  User: oesteban  Machine: dna059  Platform: Linux  PlatformVersion: 5.14.0-427.37.1.el9_4.x86_64  CompilerName: GCC  CompilerVersion: 8.4.0
ProgramName: mri_diff  ProgramArguments: mri_diff -all-info  ProgramVersion: 7.3.2  TimeStamp: 2026/03/12-12:01:42-GMT  BuildTime: Aug  4 2022 06:17:15  BuildStamp: freesurfer-linux-ubuntu22_x86_64-7.3.2-20220804-6354275  User: oesteban  Machine: dna059  Platform: Linux  PlatformVersion: 5.14.0-427.37.1.el9_4.x86_64  CompilerName: GCC  CompilerVersion: 8.4.0
ProgramName: mri_edit_wm_with_aseg  ProgramArguments: mri_edit_wm_with_aseg -all-info  ProgramVersion: 7.3.2  TimeStamp: 2026/03/12-12:01:42-GMT  BuildTime: Aug  4 2022 06:17:15  BuildStamp: freesurfer-linux-ubuntu22_x86_64-7.3.2-20220804-6354275  User: oesteban  Machine: dna059  Platform: Linux  PlatformVersion: 5.14.0-427.37.1.el9_4.x86_64  CompilerName: GCC  CompilerVersion: 8.4.0
ProgramName: mri_em_register  ProgramArguments: mri_em_register -all-info  ProgramVersion: 7.3.2  TimeStamp: 2026/03/12-12:01:42-GMT  BuildTime: Aug  4 2022 06:17:15  BuildStamp: freesurfer-linux-ubuntu22_x86_64-7.3.2-20220804-6354275  User: oesteban  Machine: dna059  Platform: Linux  PlatformVersion: 5.14.0-427.37.1.el9_4.x86_64  CompilerName: GCC  CompilerVersion: 8.4.0
ProgramName: mri_fill  ProgramArguments: mri_fill -all-info  ProgramVersion: 7.3.2  TimeStamp: 2026/03/12-12:01:42-GMT  BuildTime: Aug  4 2022 06:17:15  BuildStamp: freesurfer-linux-ubuntu22_x86_64-7.3.2-20220804-6354275  User: oesteban  Machine: dna059  Platform: Linux  PlatformVersion: 5.14.0-427.37.1.el9_4.x86_64  CompilerName: GCC  CompilerVersion: 8.4.0
ProgramName: mri_fuse_segmentations  ProgramArguments: mri_fuse_segmentations -all-info  ProgramVersion: 7.3.2  TimeStamp: 2026/03/12-12:01:42-GMT  BuildTime: Aug  4 2022 06:17:15  BuildStamp: freesurfer-linux-ubuntu22_x86_64-7.3.2-20220804-6354275  User: oesteban  Machine: dna059  Platform: Linux  PlatformVersion: 5.14.0-427.37.1.el9_4.x86_64  CompilerName: GCC  CompilerVersion: 8.4.0
ProgramName: mri_fwhm  ProgramArguments: mri_fwhm -all-info  ProgramVersion: 7.3.2  TimeStamp: 2026/03/12-12:01:42-GMT  BuildTime: Aug  4 2022 06:17:15  BuildStamp: freesurfer-linux-ubuntu22_x86_64-7.3.2-20220804-6354275  User: oesteban  Machine: dna059  Platform: Linux  PlatformVersion: 5.14.0-427.37.1.el9_4.x86_64  CompilerName: GCC  CompilerVersion: 8.4.0
ProgramName: mri_gcut  ProgramArguments: mri_gcut -all-info  ProgramVersion: 7.3.2  TimeStamp: 2026/03/12-12:01:42-GMT  BuildTime: Aug  4 2022 06:17:15  BuildStamp: freesurfer-linux-ubuntu22_x86_64-7.3.2-20220804-6354275  User: oesteban  Machine: dna059  Platform: Linux  PlatformVersion: 5.14.0-427.37.1.el9_4.x86_64  CompilerName: GCC  CompilerVersion: 8.4.0
ProgramName: mri_info  ProgramArguments: mri_info -all-info  ProgramVersion: 7.3.2  TimeStamp: 2026/03/12-12:01:42-GMT  BuildTime: Aug  4 2022 06:17:15  BuildStamp: freesurfer-linux-ubuntu22_x86_64-7.3.2-20220804-6354275  User: oesteban  Machine: dna059  Platform: Linux  PlatformVersion: 5.14.0-427.37.1.el9_4.x86_64  CompilerName: GCC  CompilerVersion: 8.4.0
ProgramName: mri_label2label  ProgramArguments: mri_label2label -all-info  ProgramVersion: 7.3.2  TimeStamp: 2026/03/12-12:01:42-GMT  BuildTime: Aug  4 2022 06:17:15  BuildStamp: freesurfer-linux-ubuntu22_x86_64-7.3.2-20220804-6354275  User: oesteban  Machine: dna059  Platform: Linux  PlatformVersion: 5.14.0-427.37.1.el9_4.x86_64  CompilerName: GCC  CompilerVersion: 8.4.0
ProgramName: mri_label2vol  ProgramArguments: mri_label2vol -all-info  ProgramVersion: 7.3.2  TimeStamp: 2026/03/12-12:01:42-GMT  BuildTime: Aug  4 2022 06:17:15  BuildStamp: freesurfer-linux-ubuntu22_x86_64-7.3.2-20220804-6354275  User: oesteban  Machine: dna059  Platform: Linux  PlatformVersion: 5.14.0-427.37.1.el9_4.x86_64  CompilerName: GCC  CompilerVersion: 8.4.0
ProgramName: mri_log_likelihood  ProgramArguments: mri_log_likelihood -all-info  ProgramVersion: 7.3.2  TimeStamp: 2026/03/12-12:01:42-GMT  BuildTime: Aug  4 2022 06:17:15  BuildStamp: freesurfer-linux-ubuntu22_x86_64-7.3.2-20220804-6354275  User: oesteban  Machine: dna059  Platform: Linux  PlatformVersion: 5.14.0-427.37.1.el9_4.x86_64  CompilerName: GCC  CompilerVersion: 8.4.0
ProgramName: mri_mask  ProgramArguments: mri_mask -all-info  ProgramVersion: 7.3.2  TimeStamp: 2026/03/12-12:01:42-GMT  BuildTime: Aug  4 2022 06:17:15  BuildStamp: freesurfer-linux-ubuntu22_x86_64-7.3.2-20220804-6354275  User: oesteban  Machine: dna059  Platform: Linux  PlatformVersion: 5.14.0-427.37.1.el9_4.x86_64  CompilerName: GCC  CompilerVersion: 8.4.0
ProgramName: mri_matrix_multiply  ProgramArguments: mri_matrix_multiply -all-info  ProgramVersion: 7.3.2  TimeStamp: 2026/03/12-12:01:42-GMT  BuildTime: Aug  4 2022 06:17:15  BuildStamp: freesurfer-linux-ubuntu22_x86_64-7.3.2-20220804-6354275  User: oesteban  Machine: dna059  Platform: Linux  PlatformVersion: 5.14.0-427.37.1.el9_4.x86_64  CompilerName: GCC  CompilerVersion: 8.4.0
ProgramName: mri_normalize  ProgramArguments: mri_normalize -all-info  ProgramVersion: 7.3.2  TimeStamp: 2026/03/12-12:01:42-GMT  BuildTime: Aug  4 2022 06:17:15  BuildStamp: freesurfer-linux-ubuntu22_x86_64-7.3.2-20220804-6354275  User: oesteban  Machine: dna059  Platform: Linux  PlatformVersion: 5.14.0-427.37.1.el9_4.x86_64  CompilerName: GCC  CompilerVersion: 8.4.0
ProgramName: mri_normalize_tp2  ProgramArguments: mri_normalize_tp2 -all-info  ProgramVersion: 7.3.2  TimeStamp: 2026/03/12-12:01:42-GMT  BuildTime: Aug  4 2022 06:17:15  BuildStamp: freesurfer-linux-ubuntu22_x86_64-7.3.2-20220804-6354275  User: oesteban  Machine: dna059  Platform: Linux  PlatformVersion: 5.14.0-427.37.1.el9_4.x86_64  CompilerName: GCC  CompilerVersion: 8.4.0
ProgramName: mri_or  ProgramArguments: mri_or -all-info  ProgramVersion: 7.3.2  TimeStamp: 2026/03/12-12:01:42-GMT  BuildTime: Aug  4 2022 06:17:15  BuildStamp: freesurfer-linux-ubuntu22_x86_64-7.3.2-20220804-6354275  User: oesteban  Machine: dna059  Platform: Linux  PlatformVersion: 5.14.0-427.37.1.el9_4.x86_64  CompilerName: GCC  CompilerVersion: 8.4.0
ProgramName: mri_relabel_hypointensities  ProgramArguments: mri_relabel_hypointensities -all-info  ProgramVersion: 7.3.2  TimeStamp: 2026/03/12-12:01:42-GMT  BuildTime: Aug  4 2022 06:17:15  BuildStamp: freesurfer-linux-ubuntu22_x86_64-7.3.2-20220804-6354275  User: oesteban  Machine: dna059  Platform: Linux  PlatformVersion: 5.14.0-427.37.1.el9_4.x86_64  CompilerName: GCC  CompilerVersion: 8.4.0
ProgramName: mri_relabel_nonwm_hypos  ProgramArguments: mri_relabel_nonwm_hypos -all-info  ProgramVersion: 7.3.2  TimeStamp: 2026/03/12-12:01:42-GMT  BuildTime: Aug  4 2022 06:17:15  BuildStamp: freesurfer-linux-ubuntu22_x86_64-7.3.2-20220804-6354275  User: oesteban  Machine: dna059  Platform: Linux  PlatformVersion: 5.14.0-427.37.1.el9_4.x86_64  CompilerName: GCC  CompilerVersion: 8.4.0
ProgramName: mri_remove_neck  ProgramArguments: mri_remove_neck -all-info  ProgramVersion: 7.3.2  TimeStamp: 2026/03/12-12:01:42-GMT  BuildTime: Aug  4 2022 06:17:15  BuildStamp: freesurfer-linux-ubuntu22_x86_64-7.3.2-20220804-6354275  User: oesteban  Machine: dna059  Platform: Linux  PlatformVersion: 5.14.0-427.37.1.el9_4.x86_64  CompilerName: GCC  CompilerVersion: 8.4.0
7.3.2

ProgramName: mri_robust_register  ProgramArguments: mri_robust_register -all-info  ProgramVersion: 7.3.2  TimeStamp: 2026/03/12-12:01:42-GMT  BuildTime: Aug  4 2022 06:17:15  BuildStamp: freesurfer-linux-ubuntu22_x86_64-7.3.2-20220804-6354275  User: oesteban  Machine: dna059  Platform: Linux  PlatformVersion: 5.14.0-427.37.1.el9_4.x86_64  CompilerName: GCC  CompilerVersion: 8.4.0
7.3.2

ProgramName: mri_robust_template  ProgramArguments: mri_robust_template -all-info  ProgramVersion: 7.3.2  TimeStamp: 2026/03/12-12:01:42-GMT  BuildTime: Aug  4 2022 06:17:15  BuildStamp: freesurfer-linux-ubuntu22_x86_64-7.3.2-20220804-6354275  User: oesteban  Machine: dna059  Platform: Linux  PlatformVersion: 5.14.0-427.37.1.el9_4.x86_64  CompilerName: GCC  CompilerVersion: 8.4.0
ProgramName: mris_anatomical_stats  ProgramArguments: mris_anatomical_stats -all-info  ProgramVersion: 7.3.2  TimeStamp: 2026/03/12-12:01:42-GMT  BuildTime: Aug  4 2022 06:17:15  BuildStamp: freesurfer-linux-ubuntu22_x86_64-7.3.2-20220804-6354275  User: oesteban  Machine: dna059  Platform: Linux  PlatformVersion: 5.14.0-427.37.1.el9_4.x86_64  CompilerName: GCC  CompilerVersion: 8.4.0
ProgramName: mris_ca_label  ProgramArguments: mris_ca_label -all-info  ProgramVersion: 7.3.2  TimeStamp: 2026/03/12-12:01:42-GMT  BuildTime: Aug  4 2022 06:17:15  BuildStamp: freesurfer-linux-ubuntu22_x86_64-7.3.2-20220804-6354275  User: oesteban  Machine: dna059  Platform: Linux  PlatformVersion: 5.14.0-427.37.1.el9_4.x86_64  CompilerName: GCC  CompilerVersion: 8.4.0
ProgramName: mris_calc  ProgramArguments: mris_calc -all-info  ProgramVersion: 7.3.2  TimeStamp: 2026/03/12-12:01:42-GMT  BuildTime: Aug  4 2022 06:17:15  BuildStamp: freesurfer-linux-ubuntu22_x86_64-7.3.2-20220804-6354275  User: oesteban  Machine: dna059  Platform: Linux  PlatformVersion: 5.14.0-427.37.1.el9_4.x86_64  CompilerName: GCC  CompilerVersion: 8.4.0
ProgramName: mris_convert  ProgramArguments: mris_convert -all-info  ProgramVersion: 7.3.2  TimeStamp: 2026/03/12-12:01:42-GMT  BuildTime: Aug  4 2022 06:17:15  BuildStamp: freesurfer-linux-ubuntu22_x86_64-7.3.2-20220804-6354275  User: oesteban  Machine: dna059  Platform: Linux  PlatformVersion: 5.14.0-427.37.1.el9_4.x86_64  CompilerName: GCC  CompilerVersion: 8.4.0
ProgramName: mris_curvature  ProgramArguments: mris_curvature -all-info  ProgramVersion: 7.3.2  TimeStamp: 2026/03/12-12:01:42-GMT  BuildTime: Aug  4 2022 06:17:15  BuildStamp: freesurfer-linux-ubuntu22_x86_64-7.3.2-20220804-6354275  User: oesteban  Machine: dna059  Platform: Linux  PlatformVersion: 5.14.0-427.37.1.el9_4.x86_64  CompilerName: GCC  CompilerVersion: 8.4.0
ProgramName: mris_curvature_stats  ProgramArguments: mris_curvature_stats -all-info  ProgramVersion: 7.3.2  TimeStamp: 2026/03/12-12:01:42-GMT  BuildTime: Aug  4 2022 06:17:15  BuildStamp: freesurfer-linux-ubuntu22_x86_64-7.3.2-20220804-6354275  User: oesteban  Machine: dna059  Platform: Linux  PlatformVersion: 5.14.0-427.37.1.el9_4.x86_64  CompilerName: GCC  CompilerVersion: 8.4.0
ProgramName: mris_diff  ProgramArguments: mris_diff -all-info  ProgramVersion: 7.3.2  TimeStamp: 2026/03/12-12:01:42-GMT  BuildTime: Aug  4 2022 06:17:15  BuildStamp: freesurfer-linux-ubuntu22_x86_64-7.3.2-20220804-6354275  User: oesteban  Machine: dna059  Platform: Linux  PlatformVersion: 5.14.0-427.37.1.el9_4.x86_64  CompilerName: GCC  CompilerVersion: 8.4.0
ProgramName: mris_divide_parcellation  ProgramArguments: mris_divide_parcellation -all-info  ProgramVersion: 7.3.2  TimeStamp: 2026/03/12-12:01:42-GMT  BuildTime: Aug  4 2022 06:17:15  BuildStamp: freesurfer-linux-ubuntu22_x86_64-7.3.2-20220804-6354275  User: oesteban  Machine: dna059  Platform: Linux  PlatformVersion: 5.14.0-427.37.1.el9_4.x86_64  CompilerName: GCC  CompilerVersion: 8.4.0
ProgramName: mri_segment  ProgramArguments: mri_segment -all-info  ProgramVersion: 7.3.2  TimeStamp: 2026/03/12-12:01:42-GMT  BuildTime: Aug  4 2022 06:17:15  BuildStamp: freesurfer-linux-ubuntu22_x86_64-7.3.2-20220804-6354275  User: oesteban  Machine: dna059  Platform: Linux  PlatformVersion: 5.14.0-427.37.1.el9_4.x86_64  CompilerName: GCC  CompilerVersion: 8.4.0
ProgramName: mri_segstats  ProgramArguments: mri_segstats -all-info  ProgramVersion: 7.3.2  TimeStamp: 2026/03/12-12:01:42-GMT  BuildTime: Aug  4 2022 06:17:15  BuildStamp: freesurfer-linux-ubuntu22_x86_64-7.3.2-20220804-6354275  User: oesteban  Machine: dna059  Platform: Linux  PlatformVersion: 5.14.0-427.37.1.el9_4.x86_64  CompilerName: GCC  CompilerVersion: 8.4.0
ProgramName: mris_euler_number  ProgramArguments: mris_euler_number -all-info  ProgramVersion: 7.3.2  TimeStamp: 2026/03/12-12:01:42-GMT  BuildTime: Aug  4 2022 06:17:15  BuildStamp: freesurfer-linux-ubuntu22_x86_64-7.3.2-20220804-6354275  User: oesteban  Machine: dna059  Platform: Linux  PlatformVersion: 5.14.0-427.37.1.el9_4.x86_64  CompilerName: GCC  CompilerVersion: 8.4.0
ProgramName: mris_fix_topology  ProgramArguments: mris_fix_topology -all-info  ProgramVersion: 7.3.2  TimeStamp: 2026/03/12-12:01:42-GMT  BuildTime: Aug  4 2022 06:17:15  BuildStamp: freesurfer-linux-ubuntu22_x86_64-7.3.2-20220804-6354275  User: oesteban  Machine: dna059  Platform: Linux  PlatformVersion: 5.14.0-427.37.1.el9_4.x86_64  CompilerName: GCC  CompilerVersion: 8.4.0
ProgramName: mris_topo_fixer  ProgramArguments: mris_topo_fixer -all-info  ProgramVersion: 7.3.2  TimeStamp: 2026/03/12-12:01:42-GMT  BuildTime: Aug  4 2022 06:17:15  BuildStamp: freesurfer-linux-ubuntu22_x86_64-7.3.2-20220804-6354275  User: oesteban  Machine: dna059  Platform: Linux  PlatformVersion: 5.14.0-427.37.1.el9_4.x86_64  CompilerName: GCC  CompilerVersion: 8.4.0
ProgramName: mris_jacobian  ProgramArguments: mris_jacobian -all-info  ProgramVersion: 7.3.2  TimeStamp: 2026/03/12-12:01:42-GMT  BuildTime: Aug  4 2022 06:17:15  BuildStamp: freesurfer-linux-ubuntu22_x86_64-7.3.2-20220804-6354275  User: oesteban  Machine: dna059  Platform: Linux  PlatformVersion: 5.14.0-427.37.1.el9_4.x86_64  CompilerName: GCC  CompilerVersion: 8.4.0
ProgramName: mris_label2annot  ProgramArguments: mris_label2annot -all-info  ProgramVersion: 7.3.2  TimeStamp: 2026/03/12-12:01:42-GMT  BuildTime: Aug  4 2022 06:17:15  BuildStamp: freesurfer-linux-ubuntu22_x86_64-7.3.2-20220804-6354275  User: oesteban  Machine: dna059  Platform: Linux  PlatformVersion: 5.14.0-427.37.1.el9_4.x86_64  CompilerName: GCC  CompilerVersion: 8.4.0
ProgramName: mris_left_right_register  ProgramArguments: mris_left_right_register -all-info  ProgramVersion: 7.3.2  TimeStamp: 2026/03/12-12:01:42-GMT  BuildTime: Aug  4 2022 06:17:15  BuildStamp: freesurfer-linux-ubuntu22_x86_64-7.3.2-20220804-6354275  User: oesteban  Machine: dna059  Platform: Linux  PlatformVersion: 5.14.0-427.37.1.el9_4.x86_64  CompilerName: GCC  CompilerVersion: 8.4.0
ProgramName: mris_place_surface  ProgramArguments: mris_place_surface -all-info  ProgramVersion: 7.3.2  TimeStamp: 2026/03/12-12:01:42-GMT  BuildTime: Aug  4 2022 06:17:15  BuildStamp: freesurfer-linux-ubuntu22_x86_64-7.3.2-20220804-6354275  User: oesteban  Machine: dna059  Platform: Linux  PlatformVersion: 5.14.0-427.37.1.el9_4.x86_64  CompilerName: GCC  CompilerVersion: 8.4.0
ProgramName: mrisp_paint  ProgramArguments: mrisp_paint -all-info  ProgramVersion: 7.3.2  TimeStamp: 2026/03/12-12:01:42-GMT  BuildTime: Aug  4 2022 06:17:15  BuildStamp: freesurfer-linux-ubuntu22_x86_64-7.3.2-20220804-6354275  User: oesteban  Machine: dna059  Platform: Linux  PlatformVersion: 5.14.0-427.37.1.el9_4.x86_64  CompilerName: GCC  CompilerVersion: 8.4.0
ProgramName: mris_register  ProgramArguments: mris_register -all-info  ProgramVersion: 7.3.2  TimeStamp: 2026/03/12-12:01:42-GMT  BuildTime: Aug  4 2022 06:17:15  BuildStamp: freesurfer-linux-ubuntu22_x86_64-7.3.2-20220804-6354275  User: oesteban  Machine: dna059  Platform: Linux  PlatformVersion: 5.14.0-427.37.1.el9_4.x86_64  CompilerName: GCC  CompilerVersion: 8.4.0
ProgramName: mris_smooth  ProgramArguments: mris_smooth -all-info  ProgramVersion: 7.3.2  TimeStamp: 2026/03/12-12:01:42-GMT  BuildTime: Aug  4 2022 06:17:15  BuildStamp: freesurfer-linux-ubuntu22_x86_64-7.3.2-20220804-6354275  User: oesteban  Machine: dna059  Platform: Linux  PlatformVersion: 5.14.0-427.37.1.el9_4.x86_64  CompilerName: GCC  CompilerVersion: 8.4.0
ProgramName: mris_sphere  ProgramArguments: mris_sphere -all-info  ProgramVersion: 7.3.2  TimeStamp: 2026/03/12-12:01:42-GMT  BuildTime: Aug  4 2022 06:17:15  BuildStamp: freesurfer-linux-ubuntu22_x86_64-7.3.2-20220804-6354275  User: oesteban  Machine: dna059  Platform: Linux  PlatformVersion: 5.14.0-427.37.1.el9_4.x86_64  CompilerName: GCC  CompilerVersion: 8.4.0
ProgramName: mris_surface_stats  ProgramArguments: mris_surface_stats -all-info  ProgramVersion: 7.3.2  TimeStamp: 2026/03/12-12:01:42-GMT  BuildTime: Aug  4 2022 06:17:15  BuildStamp: freesurfer-linux-ubuntu22_x86_64-7.3.2-20220804-6354275  User: oesteban  Machine: dna059  Platform: Linux  PlatformVersion: 5.14.0-427.37.1.el9_4.x86_64  CompilerName: GCC  CompilerVersion: 8.4.0
ProgramName: mri_stats2seg  ProgramArguments: mri_stats2seg -all-info  ProgramVersion: 7.3.2  TimeStamp: 2026/03/12-12:01:42-GMT  BuildTime: Aug  4 2022 06:17:15  BuildStamp: freesurfer-linux-ubuntu22_x86_64-7.3.2-20220804-6354275  User: oesteban  Machine: dna059  Platform: Linux  PlatformVersion: 5.14.0-427.37.1.el9_4.x86_64  CompilerName: GCC  CompilerVersion: 8.4.0
ProgramName: mris_thickness  ProgramArguments: mris_thickness -all-info  ProgramVersion: 7.3.2  TimeStamp: 2026/03/12-12:01:42-GMT  BuildTime: Aug  4 2022 06:17:15  BuildStamp: freesurfer-linux-ubuntu22_x86_64-7.3.2-20220804-6354275  User: oesteban  Machine: dna059  Platform: Linux  PlatformVersion: 5.14.0-427.37.1.el9_4.x86_64  CompilerName: GCC  CompilerVersion: 8.4.0
ProgramName: mris_thickness_diff  ProgramArguments: mris_thickness_diff -all-info  ProgramVersion: 7.3.2  TimeStamp: 2026/03/12-12:01:42-GMT  BuildTime: Aug  4 2022 06:17:15  BuildStamp: freesurfer-linux-ubuntu22_x86_64-7.3.2-20220804-6354275  User: oesteban  Machine: dna059  Platform: Linux  PlatformVersion: 5.14.0-427.37.1.el9_4.x86_64  CompilerName: GCC  CompilerVersion: 8.4.0
ProgramName: mris_topo_fixer  ProgramArguments: mris_topo_fixer -all-info  ProgramVersion: 7.3.2  TimeStamp: 2026/03/12-12:01:42-GMT  BuildTime: Aug  4 2022 06:17:15  BuildStamp: freesurfer-linux-ubuntu22_x86_64-7.3.2-20220804-6354275  User: oesteban  Machine: dna059  Platform: Linux  PlatformVersion: 5.14.0-427.37.1.el9_4.x86_64  CompilerName: GCC  CompilerVersion: 8.4.0
ProgramName: mri_surf2surf  ProgramArguments: mri_surf2surf -all-info  ProgramVersion: 7.3.2  TimeStamp: 2026/03/12-12:01:42-GMT  BuildTime: Aug  4 2022 06:17:15  BuildStamp: freesurfer-linux-ubuntu22_x86_64-7.3.2-20220804-6354275  User: oesteban  Machine: dna059  Platform: Linux  PlatformVersion: 5.14.0-427.37.1.el9_4.x86_64  CompilerName: GCC  CompilerVersion: 8.4.0
ProgramName: mri_surf2vol  ProgramArguments: mri_surf2vol -all-info  ProgramVersion: 7.3.2  TimeStamp: 2026/03/12-12:01:42-GMT  BuildTime: Aug  4 2022 06:17:15  BuildStamp: freesurfer-linux-ubuntu22_x86_64-7.3.2-20220804-6354275  User: oesteban  Machine: dna059  Platform: Linux  PlatformVersion: 5.14.0-427.37.1.el9_4.x86_64  CompilerName: GCC  CompilerVersion: 8.4.0
ProgramName: mri_surfcluster  ProgramArguments: mri_surfcluster -all-info  ProgramVersion: 7.3.2  TimeStamp: 2026/03/12-12:01:42-GMT  BuildTime: Aug  4 2022 06:17:15  BuildStamp: freesurfer-linux-ubuntu22_x86_64-7.3.2-20220804-6354275  User: oesteban  Machine: dna059  Platform: Linux  PlatformVersion: 5.14.0-427.37.1.el9_4.x86_64  CompilerName: GCC  CompilerVersion: 8.4.0
ProgramName: mris_volmask  ProgramArguments: mris_volmask -all-info  ProgramVersion: 7.3.2  TimeStamp: 2026/03/12-12:01:42-GMT  BuildTime: Aug  4 2022 06:17:15  BuildStamp: freesurfer-linux-ubuntu22_x86_64-7.3.2-20220804-6354275  User: oesteban  Machine: dna059  Platform: Linux  PlatformVersion: 5.14.0-427.37.1.el9_4.x86_64  CompilerName: GCC  CompilerVersion: 8.4.0
ProgramName: mri_tessellate  ProgramArguments: mri_tessellate -all-info  ProgramVersion: 7.3.2  TimeStamp: 2026/03/12-12:01:42-GMT  BuildTime: Aug  4 2022 06:17:15  BuildStamp: freesurfer-linux-ubuntu22_x86_64-7.3.2-20220804-6354275  User: oesteban  Machine: dna059  Platform: Linux  PlatformVersion: 5.14.0-427.37.1.el9_4.x86_64  CompilerName: GCC  CompilerVersion: 8.4.0
ProgramName: mri_vol2surf  ProgramArguments: mri_vol2surf -all-info  ProgramVersion: 7.3.2  TimeStamp: 2026/03/12-12:01:42-GMT  BuildTime: Aug  4 2022 06:17:15  BuildStamp: freesurfer-linux-ubuntu22_x86_64-7.3.2-20220804-6354275  User: oesteban  Machine: dna059  Platform: Linux  PlatformVersion: 5.14.0-427.37.1.el9_4.x86_64  CompilerName: GCC  CompilerVersion: 8.4.0
ProgramName: mri_vol2vol  ProgramArguments: mri_vol2vol -all-info  ProgramVersion: 7.3.2  TimeStamp: 2026/03/12-12:01:42-GMT  BuildTime: Aug  4 2022 06:17:15  BuildStamp: freesurfer-linux-ubuntu22_x86_64-7.3.2-20220804-6354275  User: oesteban  Machine: dna059  Platform: Linux  PlatformVersion: 5.14.0-427.37.1.el9_4.x86_64  CompilerName: GCC  CompilerVersion: 8.4.0
ProgramName: mri_voldiff  ProgramArguments: mri_voldiff -all-info  ProgramVersion: 7.3.2  TimeStamp: 2026/03/12-12:01:42-GMT  BuildTime: Aug  4 2022 06:17:15  BuildStamp: freesurfer-linux-ubuntu22_x86_64-7.3.2-20220804-6354275  User: oesteban  Machine: dna059  Platform: Linux  PlatformVersion: 5.14.0-427.37.1.el9_4.x86_64  CompilerName: GCC  CompilerVersion: 8.4.0
ProgramName: mri_watershed  ProgramArguments: mri_watershed -all-info  ProgramVersion: 7.3.2  TimeStamp: 2026/03/12-12:01:42-GMT  BuildTime: Aug  4 2022 06:17:15  BuildStamp: freesurfer-linux-ubuntu22_x86_64-7.3.2-20220804-6354275  User: oesteban  Machine: dna059  Platform: Linux  PlatformVersion: 5.14.0-427.37.1.el9_4.x86_64  CompilerName: GCC  CompilerVersion: 8.4.0
ProgramName: tkregister2  ProgramArguments: tkregister2_cmdl -all-info  ProgramVersion: 7.3.2  TimeStamp: 2026/03/12-12:01:42-GMT  BuildTime: Aug  4 2022 06:17:15  BuildStamp: freesurfer-linux-ubuntu22_x86_64-7.3.2-20220804-6354275  User: oesteban  Machine: dna059  Platform: Linux  PlatformVersion: 5.14.0-427.37.1.el9_4.x86_64  CompilerName: GCC  CompilerVersion: 8.4.0
mri_motion_correct.fsl 7.3.2
mri_convert -all-info 
ProgramName: mri_convert  ProgramArguments: mri_convert -all-info  ProgramVersion: 7.3.2  TimeStamp: 2026/03/12-12:01:42-GMT  BuildTime: Aug  4 2022 06:17:15  BuildStamp: freesurfer-linux-ubuntu22_x86_64-7.3.2-20220804-6354275  User: oesteban  Machine: dna059  Platform: Linux  PlatformVersion: 5.14.0-427.37.1.el9_4.x86_64  CompilerName: GCC  CompilerVersion: 8.4.0
Program nu_correct, built from:
Package MNI N3, version 1.12.0, compiled by nicks@terrier (x86_64-unknown-linux-gnu) on 2015-06-19 at 01:25:34
#######################################
GCADIR /opt/freesurfer/average
GCA RB_all_2020-01-02.gca
GCASkull RB_all_withskull_2020_01_02.gca
AvgCurvTif folding.atlas.acfb40.noaparc.i12.2016-08-02.tif
GCSDIR /opt/freesurfer/average
GCS DKaparc.atlas.acfb40.noaparc.i12.2016-08-02.gcs
#######################################
#--------------------------------------------
#@# WhiteSurfs lh Thu Mar 12 13:01:42 CET 2026
cd /out/sourcedata/freesurfer/sub-v1s11x0050143_ses-1/mri
mris_place_surface --adgws-in ../surf/autodet.gw.stats.lh.dat --seg aseg.presurf.mgz --threads 16 --wm wm.mgz --invol brain.finalsurfs.mgz --lh --i ../surf/lh.white.preaparc --o ../surf/lh.white --white --nsmooth 0 --rip-label ../label/lh.cortex.label --rip-bg --rip-surf ../surf/lh.white.preaparc --aparc ../label/lh.aparc.annot
   Update not needed
#--------------------------------------------
#@# WhiteSurfs rh Thu Mar 12 13:01:42 CET 2026
cd /out/sourcedata/freesurfer/sub-v1s11x0050143_ses-1/mri
mris_place_surface --adgws-in ../surf/autodet.gw.stats.rh.dat --seg aseg.presurf.mgz --threads 16 --wm wm.mgz --invol brain.finalsurfs.mgz --rh --i ../surf/rh.white.preaparc --o ../surf/rh.white --white --nsmooth 0 --rip-label ../label/rh.cortex.label --rip-bg --rip-surf ../surf/rh.white.preaparc --aparc ../label/rh.aparc.annot
   Update not needed
#@# white curv lh Thu Mar 12 13:01:42 CET 2026
cd /out/sourcedata/freesurfer/sub-v1s11x0050143_ses-1/mri
mris_place_surface --curv-map ../surf/lh.white 2 10 ../surf/lh.curv
   Update not needed
#@# white area lh Thu Mar 12 13:01:42 CET 2026
cd /out/sourcedata/freesurfer/sub-v1s11x0050143_ses-1/mri
mris_place_surface --area-map ../surf/lh.white ../surf/lh.area
   Update not needed
#@# pial curv lh Thu Mar 12 13:01:42 CET 2026
cd /out/sourcedata/freesurfer/sub-v1s11x0050143_ses-1/mri
mris_place_surface --curv-map ../surf/lh.pial 2 10 ../surf/lh.curv.pial
   Update not needed
#@# pial area lh Thu Mar 12 13:01:42 CET 2026
cd /out/sourcedata/freesurfer/sub-v1s11x0050143_ses-1/mri
mris_place_surface --area-map ../surf/lh.pial ../surf/lh.area.pial
   Update not needed
#@# thickness lh Thu Mar 12 13:01:42 CET 2026
cd /out/sourcedata/freesurfer/sub-v1s11x0050143_ses-1/mri
mris_place_surface --thickness ../surf/lh.white ../surf/lh.pial 20 5 ../surf/lh.thickness
   Update not needed
#@# area and vertex vol lh Thu Mar 12 13:01:42 CET 2026
cd /out/sourcedata/freesurfer/sub-v1s11x0050143_ses-1/mri
mris_place_surface --thickness ../surf/lh.white ../surf/lh.pial 20 5 ../surf/lh.thickness
   Update not needed
#@# white curv rh Thu Mar 12 13:01:42 CET 2026
cd /out/sourcedata/freesurfer/sub-v1s11x0050143_ses-1/mri
mris_place_surface --curv-map ../surf/rh.white 2 10 ../surf/rh.curv
   Update not needed
#@# white area rh Thu Mar 12 13:01:42 CET 2026
cd /out/sourcedata/freesurfer/sub-v1s11x0050143_ses-1/mri
mris_place_surface --area-map ../surf/rh.white ../surf/rh.area
   Update not needed
#@# pial curv rh Thu Mar 12 13:01:42 CET 2026
cd /out/sourcedata/freesurfer/sub-v1s11x0050143_ses-1/mri
mris_place_surface --curv-map ../surf/rh.pial 2 10 ../surf/rh.curv.pial
   Update not needed
#@# pial area rh Thu Mar 12 13:01:42 CET 2026
cd /out/sourcedata/freesurfer/sub-v1s11x0050143_ses-1/mri
mris_place_surface --area-map ../surf/rh.pial ../surf/rh.area.pial
   Update not needed
#@# thickness rh Thu Mar 12 13:01:42 CET 2026
cd /out/sourcedata/freesurfer/sub-v1s11x0050143_ses-1/mri
mris_place_surface --thickness ../surf/rh.white ../surf/rh.pial 20 5 ../surf/rh.thickness
   Update not needed
#@# area and vertex vol rh Thu Mar 12 13:01:42 CET 2026
cd /out/sourcedata/freesurfer/sub-v1s11x0050143_ses-1/mri
mris_place_surface --thickness ../surf/rh.white ../surf/rh.pial 20 5 ../surf/rh.thickness
   Update not needed

#-----------------------------------------
#@# Curvature Stats lh Thu Mar 12 13:01:42 CET 2026
/out/sourcedata/freesurfer/sub-v1s11x0050143_ses-1/surf

 mris_curvature_stats -m --writeCurvatureFiles -G -o ../stats/lh.curv.stats -F smoothwm sub-v1s11x0050143_ses-1 lh curv sulc 

             Toggling save flag on curvature files                       [ ok ]
                 Outputting results using filestem   [ ../stats/lh.curv.stats ]
             Toggling save flag on curvature files                       [ ok ]
                                   Setting surface [ sub-v1s11x0050143_ses-1/lh.smoothwm ]
                                Reading surface...                       [ ok ]
                                   Setting texture                     [ curv ]
                                Reading texture...                       [ ok ]
                                   Setting texture                     [ sulc ]
                                Reading texture...Gb_filter = 0
                       [ ok ]
      Calculating Discrete Principal Curvatures...
      Determining geometric order for vno faces... [####################] [ ok ]
                      Determining KH curvatures... [####################] [ ok ]
                    Determining k1k2 curvatures... [####################] [ ok ]
                                   deltaViolations                      [ 261 ]
Gb_filter = 0

WARN:    S lookup   min:                          -0.065671
WARN:    S explicit min:                          0.000000	vertex = 790

#-----------------------------------------
#@# Curvature Stats rh Thu Mar 12 13:01:45 CET 2026
/out/sourcedata/freesurfer/sub-v1s11x0050143_ses-1/surf

 mris_curvature_stats -m --writeCurvatureFiles -G -o ../stats/rh.curv.stats -F smoothwm sub-v1s11x0050143_ses-1 rh curv sulc 

             Toggling save flag on curvature files                       [ ok ]
                 Outputting results using filestem   [ ../stats/rh.curv.stats ]
             Toggling save flag on curvature files                       [ ok ]
                                   Setting surface [ sub-v1s11x0050143_ses-1/rh.smoothwm ]
                                Reading surface...                       [ ok ]
                                   Setting texture                     [ curv ]
                                Reading texture...                       [ ok ]
                                   Setting texture                     [ sulc ]
                                Reading texture...Gb_filter = 0
                       [ ok ]
      Calculating Discrete Principal Curvatures...
      Determining geometric order for vno faces... [####################] [ ok ]
                      Determining KH curvatures... [####################] [ ok ]
                    Determining k1k2 curvatures... [####################] [ ok ]
                                   deltaViolations                      [ 272 ]
Gb_filter = 0

WARN:    S lookup   min:                          -0.090990
WARN:    S explicit min:                          0.000000	vertex = 251
#-----------------------------------------
#@# Relabel Hypointensities Thu Mar 12 13:01:48 CET 2026
/out/sourcedata/freesurfer/sub-v1s11x0050143_ses-1/mri

 mri_relabel_hypointensities aseg.presurf.mgz ../surf aseg.presurf.hypos.mgz 

reading input surface ../surf/lh.white...
relabeling lh hypointensities...
2912 voxels changed to hypointensity...
reading input surface ../surf/rh.white...
relabeling rh hypointensities...
3383 voxels changed to hypointensity...
6220 hypointense voxels neighboring cortex changed
#-----------------------------------------
#@# APas-to-ASeg Thu Mar 12 13:02:04 CET 2026
/out/sourcedata/freesurfer/sub-v1s11x0050143_ses-1/mri

 mri_surf2volseg --o aseg.mgz --i aseg.presurf.hypos.mgz --fix-presurf-with-ribbon /out/sourcedata/freesurfer/sub-v1s11x0050143_ses-1/mri/ribbon.mgz --threads 16 --lh-cortex-mask /out/sourcedata/freesurfer/sub-v1s11x0050143_ses-1/label/lh.cortex.label --lh-white /out/sourcedata/freesurfer/sub-v1s11x0050143_ses-1/surf/lh.white --lh-pial /out/sourcedata/freesurfer/sub-v1s11x0050143_ses-1/surf/lh.pial --rh-cortex-mask /out/sourcedata/freesurfer/sub-v1s11x0050143_ses-1/label/rh.cortex.label --rh-white /out/sourcedata/freesurfer/sub-v1s11x0050143_ses-1/surf/rh.white --rh-pial /out/sourcedata/freesurfer/sub-v1s11x0050143_ses-1/surf/rh.pial 

SUBJECTS_DIR /out/sourcedata/freesurfer
outvol aseg.mgz
16 avail.processors, using 16
Loading aseg.presurf.hypos.mgz
Loading /out/sourcedata/freesurfer/sub-v1s11x0050143_ses-1/mri/ribbon.mgz
Loading /out/sourcedata/freesurfer/sub-v1s11x0050143_ses-1/surf/lh.white
Loading /out/sourcedata/freesurfer/sub-v1s11x0050143_ses-1/surf/lh.pial
Loading /out/sourcedata/freesurfer/sub-v1s11x0050143_ses-1/label/lh.cortex.label
Loading /out/sourcedata/freesurfer/sub-v1s11x0050143_ses-1/surf/rh.white
Loading /out/sourcedata/freesurfer/sub-v1s11x0050143_ses-1/surf/rh.pial
Loading /out/sourcedata/freesurfer/sub-v1s11x0050143_ses-1/label/rh.cortex.label
Done loading
176  48   0 144  96  64 224  80 128 208  16 112 160  32 240 192 209   1 225  65 193 241  33  17  49 177  81  97 161   2 226 210 194  66 113  34 242  18  50 178  82 145 211 227 195   3  67  35 243 162  98  19 
 51 129  83 212 179 
228 196   4 146  36 244  68  20  52   5 213 229 197 163 114  84  37 180  99 
245  69 147  21   6 214 230 198  53  38 181 246  85  70 164  22   7 215 231 199 
130 100  54  39 
247 148 182  71 115  23   8 216 232 200  86  55  40 165 248  24   9 201 217 183 233 149  72 101  87  56  41 249  25  10 202 234 218 131 184  73  57  42 166 150 250  88  26  11 116 219 203 
235 102 185  58  43  74 251 132  12 220 236 204 151  27 167  89 186  59 
 44 252  13  75 221 237 205 103  28 133  60 187  45  90 152 168  14 253 206 222 238  76 117  29  61 188  46 104 223 207 239 
 91 254  15 134 153 169  30  77  62 189  47 255  92  31 105  63  78 135 154 190 170 118  93  79 
191 106 136 155 171  94 107 156 172 137 119 
 95 173 157 108 138 174 158 120 109 139 
175 159 
110 121 140 111 141 122 142 123 143 124 125 126 127 
nrelabeled = 185633
ndotcheck = 0
Starting Surf2VolSeg free
free done
#VMPC# mri_surf2volseg VmPeak  1988652
mri_surf2volseg done

 mri_brainvol_stats sub-v1s11x0050143_ses-1 

ComputeBrainVolumeStats2 VoxelVol=1, KeepCSF=1
  #CBVS2 MaskVol              1640711.0
  #CBVS2 BrainSegVol          1325865.0
  #CBVS2 BrainSegVolNotVent   1310660.0
  #CBVS2 SupraTentVol         1159244.0
  #CBVS2 SupraTentVolNotVent  1144039.0
  #CBVS2 lhCtxGM               296707.4
  #CBVS2 rhCtxGM               302496.9
  #CBVS2 lhCerebralWM          238700.0
  #CBVS2 rhCerebralWM          241421.0
  #CBVS2 SubCortGMVol           65818.0
  #CBVS2 CerebellumVol         166621.0
  #CBVS2 CerebellumGMVol       136348.0
  #CBVS2 VentChorVol            11052.0
  #CBVS2 3rd4th5thCSF            4153.0
  #CBVS2 AllCSF                 15205.0
  #CBVS2 CCVol                   3426.0
#-----------------------------------------
#@# AParc-to-ASeg aparc Thu Mar 12 13:02:13 CET 2026
/out/sourcedata/freesurfer/sub-v1s11x0050143_ses-1/mri

 mri_surf2volseg --o aparc+aseg.mgz --label-cortex --i aseg.mgz --threads 16 --lh-annot /out/sourcedata/freesurfer/sub-v1s11x0050143_ses-1/label/lh.aparc.annot 1000 --lh-cortex-mask /out/sourcedata/freesurfer/sub-v1s11x0050143_ses-1/label/lh.cortex.label --lh-white /out/sourcedata/freesurfer/sub-v1s11x0050143_ses-1/surf/lh.white --lh-pial /out/sourcedata/freesurfer/sub-v1s11x0050143_ses-1/surf/lh.pial --rh-annot /out/sourcedata/freesurfer/sub-v1s11x0050143_ses-1/label/rh.aparc.annot 2000 --rh-cortex-mask /out/sourcedata/freesurfer/sub-v1s11x0050143_ses-1/label/rh.cortex.label --rh-white /out/sourcedata/freesurfer/sub-v1s11x0050143_ses-1/surf/rh.white --rh-pial /out/sourcedata/freesurfer/sub-v1s11x0050143_ses-1/surf/rh.pial 

SUBJECTS_DIR /out/sourcedata/freesurfer
outvol aparc+aseg.mgz
16 avail.processors, using 16
Loading aseg.mgz
Loading /out/sourcedata/freesurfer/sub-v1s11x0050143_ses-1/surf/lh.white
Loading /out/sourcedata/freesurfer/sub-v1s11x0050143_ses-1/surf/lh.pial
Loading /out/sourcedata/freesurfer/sub-v1s11x0050143_ses-1/label/lh.cortex.label
Ripping lh vertices labeled not in lh.cortex.label
  ripped 8740 vertices from lh hemi
Loading /out/sourcedata/freesurfer/sub-v1s11x0050143_ses-1/label/lh.aparc.annot
Loading /out/sourcedata/freesurfer/sub-v1s11x0050143_ses-1/surf/rh.white
Loading /out/sourcedata/freesurfer/sub-v1s11x0050143_ses-1/surf/rh.pial
Loading /out/sourcedata/freesurfer/sub-v1s11x0050143_ses-1/label/rh.cortex.label
Ripping rh vertices labeled not in rh.cortex.label
  ripped 8511 vertices from rh hemi
Loading /out/sourcedata/freesurfer/sub-v1s11x0050143_ses-1/label/rh.aparc.annot
Done loading
224  96  32  80 112 160 208 240 128 192 144   0  48 176  16  64 225   1  17  33  49 241 209   2 226  18  34 242  50 210   3 227  19 
 35 243 211  51   4 228  20  36 244 212  52   5 229  21  37 245 213  53   6 230  38  22 246 214 231   7  54  39 
 23   8 247 215 232  55  40  24   9 248 233 216  56  41  25  10 249 234 217  57  42  26  11 250 235  58 218  43  27  12 251 236 219 
 59 
 44  28  13 252 237  45 220  60  14  29 238 253  46 221  15 239 
 30 254  47 222  31 255 223  61  62  65  63 193  66 194 145  97 195 161 177 129  81 196 197  67 198 199 
200 201 202 203 204 205 206 207 113 146  68  98 162 178 147  82 130  69  99 
114 148 163  70 179 
 83 100 149 131  71 115 164  84 180 101 150  72 116 102 132 181  85 165 151  73 103 117 152 182 133 166  86 104  74 153 183 167  87 105 118 134  75 154 184 106 168  88 155  76 185 135 119 
156 107 169 186  77  89 136 157 108 187 170  78 120  90 188 158 137 109 189  79 
171 190 159 
 91 138 121 110 191 172 139 
 92 111 173 140 122 174 141  93 142 175 123 143  94 124  95 125 126 127 
nrelabeled = 598049
ndotcheck = 39019
Starting Surf2VolSeg free
free done
#VMPC# mri_surf2volseg VmPeak  1972988
mri_surf2volseg done
#-----------------------------------------
#@# AParc-to-ASeg aparc.a2009s Thu Mar 12 13:03:02 CET 2026
/out/sourcedata/freesurfer/sub-v1s11x0050143_ses-1/mri

 mri_surf2volseg --o aparc.a2009s+aseg.mgz --label-cortex --i aseg.mgz --threads 16 --lh-annot /out/sourcedata/freesurfer/sub-v1s11x0050143_ses-1/label/lh.aparc.a2009s.annot 11100 --lh-cortex-mask /out/sourcedata/freesurfer/sub-v1s11x0050143_ses-1/label/lh.cortex.label --lh-white /out/sourcedata/freesurfer/sub-v1s11x0050143_ses-1/surf/lh.white --lh-pial /out/sourcedata/freesurfer/sub-v1s11x0050143_ses-1/surf/lh.pial --rh-annot /out/sourcedata/freesurfer/sub-v1s11x0050143_ses-1/label/rh.aparc.a2009s.annot 12100 --rh-cortex-mask /out/sourcedata/freesurfer/sub-v1s11x0050143_ses-1/label/rh.cortex.label --rh-white /out/sourcedata/freesurfer/sub-v1s11x0050143_ses-1/surf/rh.white --rh-pial /out/sourcedata/freesurfer/sub-v1s11x0050143_ses-1/surf/rh.pial 

SUBJECTS_DIR /out/sourcedata/freesurfer
outvol aparc.a2009s+aseg.mgz
16 avail.processors, using 16
Loading aseg.mgz
Loading /out/sourcedata/freesurfer/sub-v1s11x0050143_ses-1/surf/lh.white
Loading /out/sourcedata/freesurfer/sub-v1s11x0050143_ses-1/surf/lh.pial
Loading /out/sourcedata/freesurfer/sub-v1s11x0050143_ses-1/label/lh.cortex.label
Ripping lh vertices labeled not in lh.cortex.label
  ripped 8740 vertices from lh hemi
Loading /out/sourcedata/freesurfer/sub-v1s11x0050143_ses-1/label/lh.aparc.a2009s.annot
Loading /out/sourcedata/freesurfer/sub-v1s11x0050143_ses-1/surf/rh.white
Loading /out/sourcedata/freesurfer/sub-v1s11x0050143_ses-1/surf/rh.pial
Loading /out/sourcedata/freesurfer/sub-v1s11x0050143_ses-1/label/rh.cortex.label
Ripping rh vertices labeled not in rh.cortex.label
  ripped 8511 vertices from rh hemi
Loading /out/sourcedata/freesurfer/sub-v1s11x0050143_ses-1/label/rh.aparc.a2009s.annot
Done loading
  0  16 144  32 240  96 192 112 224 176 208  80 160  64 128  48  49 225 241   1 209  17  33 226  50   2 210  18  34 227  51 242   3 211  19 
 35   4 228  52 212  20  36   5 229 243 213  53  21  37   6 230 244 214  22  38  54   7  23  39 
231 245 215  55   8  24  40 232 246 216   9  56  25  41  10 233 247 217  57  26  42  11  27 234 248 218  58  43  12  28 235 249 219 
 59 
 44  13  29 236  45  14 250 220  30  60  46  15  31 237 251 221  47 238 252 222 239 
223 253 254 255  61  62  65  63 193  66 194 145 195 129  97 177 196 197  81 198 199 
200 161 201 202 113 203 204 205 206 207  67 146  68  98 147 178 162  82 130 114  69 148  99 
 83 115 163  70 179 
131 149 100  71  84 116 164 180 101 150 132  72 102 181  85 117 165 151 133  73 103 182  86 166 152 118 104 183  74 134 153  87 167 105 184 154 119 
 75 135 168 106  88 185 155  76 169 136 186 107 156 120  89 187  77 157 170 137 108 188  90 121  78 189 158 138 109 171 190 191  91  79 
159 
139 
110 172 122 140  92 173 111 141 123 174 142  93 143 124 175  94 125  95 126 127 
nrelabeled = 598049
ndotcheck = 39019
Starting Surf2VolSeg free
free done
#VMPC# mri_surf2volseg VmPeak  1973028
mri_surf2volseg done
#-----------------------------------------
#@# AParc-to-ASeg aparc.DKTatlas Thu Mar 12 13:03:46 CET 2026
/out/sourcedata/freesurfer/sub-v1s11x0050143_ses-1/mri

 mri_surf2volseg --o aparc.DKTatlas+aseg.mgz --label-cortex --i aseg.mgz --threads 16 --lh-annot /out/sourcedata/freesurfer/sub-v1s11x0050143_ses-1/label/lh.aparc.DKTatlas.annot 1000 --lh-cortex-mask /out/sourcedata/freesurfer/sub-v1s11x0050143_ses-1/label/lh.cortex.label --lh-white /out/sourcedata/freesurfer/sub-v1s11x0050143_ses-1/surf/lh.white --lh-pial /out/sourcedata/freesurfer/sub-v1s11x0050143_ses-1/surf/lh.pial --rh-annot /out/sourcedata/freesurfer/sub-v1s11x0050143_ses-1/label/rh.aparc.DKTatlas.annot 2000 --rh-cortex-mask /out/sourcedata/freesurfer/sub-v1s11x0050143_ses-1/label/rh.cortex.label --rh-white /out/sourcedata/freesurfer/sub-v1s11x0050143_ses-1/surf/rh.white --rh-pial /out/sourcedata/freesurfer/sub-v1s11x0050143_ses-1/surf/rh.pial 

SUBJECTS_DIR /out/sourcedata/freesurfer
outvol aparc.DKTatlas+aseg.mgz
16 avail.processors, using 16
Loading aseg.mgz
Loading /out/sourcedata/freesurfer/sub-v1s11x0050143_ses-1/surf/lh.white
Loading /out/sourcedata/freesurfer/sub-v1s11x0050143_ses-1/surf/lh.pial
Loading /out/sourcedata/freesurfer/sub-v1s11x0050143_ses-1/label/lh.cortex.label
Ripping lh vertices labeled not in lh.cortex.label
  ripped 8740 vertices from lh hemi
Loading /out/sourcedata/freesurfer/sub-v1s11x0050143_ses-1/label/lh.aparc.DKTatlas.annot
Loading /out/sourcedata/freesurfer/sub-v1s11x0050143_ses-1/surf/rh.white
Loading /out/sourcedata/freesurfer/sub-v1s11x0050143_ses-1/surf/rh.pial
Loading /out/sourcedata/freesurfer/sub-v1s11x0050143_ses-1/label/rh.cortex.label
Ripping rh vertices labeled not in rh.cortex.label
  ripped 8511 vertices from rh hemi
Loading /out/sourcedata/freesurfer/sub-v1s11x0050143_ses-1/label/rh.aparc.DKTatlas.annot
Done loading
  0 144 224 128  80  96  48 160 176  16 240 192 112  64  32 208   1  17 209 241  33 225  49  18 242 210  34 226  50  19 
243   2 211  35 227  51  20 244 212  36  21 228 245  52   3 213  37  22 229 246  53 214  38  23   4 230 247  54 215  39 
 24  55 231 248   5  25 216  40  56 232 249  26 217  41  57 233 250  27   6 218  42  58 234  28 251 219 
 43  29  59 
  7 235 252 220  30  44 253 236  60  31 221   8 254  45 237 255 222  46 238   9 223  47 239 
 10  11  12  13  14  61  15  62  65  63 193 194  66 145 195 177 161  97 129 196 197 198 199 
200 201 202 203 204 205 206 113 207  67  81 146  68 178 162  98 147 130 114  69  82 179 
 99 
148 163  70 115 131  83 100 149  71 180 164 116  84 132 101  72 181 150 165 102 117 182  85  73 133 151 103 166 183  74  86 118 104 152 134 184 167 105  75  87 153 185 119 
135 106 168  76  88 154 186 107 120  77 136 169 187 155  89 108 188  78 156 121 137 189 170 109  90  79 
190 157 191 110  91 138 171 122 111 158  92 139 
123 172 140 159 
 93 124 173 141  94 142 174 125  95 143 175 126 127 
nrelabeled = 598049
ndotcheck = 39019
Starting Surf2VolSeg free
free done
#VMPC# mri_surf2volseg VmPeak  1972968
mri_surf2volseg done
#-----------------------------------------
#@# WMParc Thu Mar 12 13:04:27 CET 2026
/out/sourcedata/freesurfer/sub-v1s11x0050143_ses-1/mri

 mri_surf2volseg --o wmparc.mgz --label-wm --i aparc+aseg.mgz --threads 16 --lh-annot /out/sourcedata/freesurfer/sub-v1s11x0050143_ses-1/label/lh.aparc.annot 3000 --lh-cortex-mask /out/sourcedata/freesurfer/sub-v1s11x0050143_ses-1/label/lh.cortex.label --lh-white /out/sourcedata/freesurfer/sub-v1s11x0050143_ses-1/surf/lh.white --lh-pial /out/sourcedata/freesurfer/sub-v1s11x0050143_ses-1/surf/lh.pial --rh-annot /out/sourcedata/freesurfer/sub-v1s11x0050143_ses-1/label/rh.aparc.annot 4000 --rh-cortex-mask /out/sourcedata/freesurfer/sub-v1s11x0050143_ses-1/label/rh.cortex.label --rh-white /out/sourcedata/freesurfer/sub-v1s11x0050143_ses-1/surf/rh.white --rh-pial /out/sourcedata/freesurfer/sub-v1s11x0050143_ses-1/surf/rh.pial 

SUBJECTS_DIR /out/sourcedata/freesurfer
outvol wmparc.mgz
16 avail.processors, using 16
Loading aparc+aseg.mgz
Loading /out/sourcedata/freesurfer/sub-v1s11x0050143_ses-1/surf/lh.white
Loading /out/sourcedata/freesurfer/sub-v1s11x0050143_ses-1/surf/lh.pial
Loading /out/sourcedata/freesurfer/sub-v1s11x0050143_ses-1/label/lh.cortex.label
Ripping lh vertices labeled not in lh.cortex.label
  ripped 8740 vertices from lh hemi
Loading /out/sourcedata/freesurfer/sub-v1s11x0050143_ses-1/label/lh.aparc.annot
Loading /out/sourcedata/freesurfer/sub-v1s11x0050143_ses-1/surf/rh.white
Loading /out/sourcedata/freesurfer/sub-v1s11x0050143_ses-1/surf/rh.pial
Loading /out/sourcedata/freesurfer/sub-v1s11x0050143_ses-1/label/rh.cortex.label
Ripping rh vertices labeled not in rh.cortex.label
  ripped 8511 vertices from rh hemi
Loading /out/sourcedata/freesurfer/sub-v1s11x0050143_ses-1/label/rh.aparc.annot
Done loading
 64 208 192  80  48 144 128 176 160 224  96  32   0 112  16 240  17 225   1 241  33  49 193  65   2 226 209 242  34  50   3  18 227 243  35  51   4 228 194 210 244  36  52   5 229  19 
 66 195 245 230  37   6  53 211 196 246 231  20  38   7  54 197 232  21 247  39 
  8  55  67 212 233 198 248  40   9  56 234  22 199 
213 249  41  10  57 235 200 214 250  42  11  58 236  23 201 251  12 237  43  59 
215 202  13 252 238  44  60  14 203 216 239 
253  68  61  24  45  15 204  62  25 254  46 177 217 205  63 255  47  26 206 218 207  27 219 
 28 129 220  69  29 221  30 222  31 223  70 178  97  81  71 130 161  72 179 
113 145 131  73 180  82  98  74 132 162 181  75 182  83  99 
133 183  76 114 146 184 163  77 185 134 186  84 187 188 189 100  78 190 191 164 135  85 115  79 
147 136 101  86 165 116 102  87 166 148 137 117  88 167 103 118 138 149 168  89 119 
104 169  90 120 139 
170 150 121 105 171  91 122 140 172 123 151 124  92 106 125 173 126 152 127 174 141  93 175 107 153  94 142 108 154 155  95 109 143 156 110 157 158 111 159 

nrelabeled = 476695
ndotcheck = 4218
Starting Surf2VolSeg free
free done
#VMPC# mri_surf2volseg VmPeak  1972988
mri_surf2volseg done

 mri_segstats --seed 1234 --seg mri/wmparc.mgz --sum stats/wmparc.stats --pv mri/norm.mgz --excludeid 0 --brainmask mri/brainmask.mgz --in mri/norm.mgz --in-intensity-name norm --in-intensity-units MR --subject sub-v1s11x0050143_ses-1 --surf-wm-vol --ctab /opt/freesurfer/WMParcStatsLUT.txt --etiv 

setting seed for random number genererator to 1234

7.3.2
cwd 
cmdline mri_segstats --seed 1234 --seg mri/wmparc.mgz --sum stats/wmparc.stats --pv mri/norm.mgz --excludeid 0 --brainmask mri/brainmask.mgz --in mri/norm.mgz --in-intensity-name norm --in-intensity-units MR --subject sub-v1s11x0050143_ses-1 --surf-wm-vol --ctab /opt/freesurfer/WMParcStatsLUT.txt --etiv 
sysname  Linux
hostname dna059
machine  x86_64
user     oesteban
whitesurfname  white
UseRobust  0
atlas_icv (eTIV) = 1746997 mm^3    (det: 1.115117 )
Loading mri/wmparc.mgz
Getting Brain Volume Statistics
Loading mri/norm.mgz
Loading mri/norm.mgz
Voxel Volume is 1 mm^3
Generating list of segmentation ids
Found 390 segmentations
Computing statistics for each segmentation

Reporting on  70 segmentations
Using PrintSegStat
mri_segstats done
#--------------------------------------------
#@# ASeg Stats Thu Mar 12 13:08:46 CET 2026
/out/sourcedata/freesurfer/sub-v1s11x0050143_ses-1

 mri_segstats --seed 1234 --seg mri/aseg.mgz --sum stats/aseg.stats --pv mri/norm.mgz --empty --brainmask mri/brainmask.mgz --brain-vol-from-seg --excludeid 0 --excl-ctxgmwm --supratent --subcortgray --in mri/norm.mgz --in-intensity-name norm --in-intensity-units MR --etiv --surf-wm-vol --surf-ctx-vol --totalgray --euler --ctab /opt/freesurfer/ASegStatsLUT.txt --subject sub-v1s11x0050143_ses-1 

setting seed for random number genererator to 1234

7.3.2
cwd 
cmdline mri_segstats --seed 1234 --seg mri/aseg.mgz --sum stats/aseg.stats --pv mri/norm.mgz --empty --brainmask mri/brainmask.mgz --brain-vol-from-seg --excludeid 0 --excl-ctxgmwm --supratent --subcortgray --in mri/norm.mgz --in-intensity-name norm --in-intensity-units MR --etiv --surf-wm-vol --surf-ctx-vol --totalgray --euler --ctab /opt/freesurfer/ASegStatsLUT.txt --subject sub-v1s11x0050143_ses-1 
sysname  Linux
hostname dna059
machine  x86_64
user     oesteban
whitesurfname  white
UseRobust  0
atlas_icv (eTIV) = 1746997 mm^3    (det: 1.115117 )
Computing euler number
orig.nofix lheno =  -28, rheno = -16
orig.nofix lhholes =   15, rhholes = 9
Loading mri/aseg.mgz
Getting Brain Volume Statistics
Loading mri/norm.mgz
Loading mri/norm.mgz
Voxel Volume is 1 mm^3
Generating list of segmentation ids
Found  50 segmentations
Computing statistics for each segmentation

Reporting on  45 segmentations
Using PrintSegStat
mri_segstats done

Started at Thu Mar 12 13:01:42 CET 2026 
Ended   at Thu Mar 12 13:09:28 CET 2026
#@#%# recon-all-run-time-hours 0.129
recon-all -s sub-v1s11x0050143_ses-1 finished without error at Thu Mar 12 13:09:28 CET 2026
