global_signal	global_signal_derivative1	global_signal_derivative1_power2	global_signal_power2	csf	csf_derivative1	csf_power2	csf_derivative1_power2	white_matter	white_matter_derivative1	white_matter_power2	white_matter_derivative1_power2	csf_wm	tcompcor	std_dvars	dvars	framewise_displacement	rmsd	t_comp_cor_00	t_comp_cor_01	t_comp_cor_02	t_comp_cor_03	t_comp_cor_04	t_comp_cor_05	c_comp_cor_00	c_comp_cor_01	c_comp_cor_02	c_comp_cor_03	c_comp_cor_04	c_comp_cor_05	w_comp_cor_00	w_comp_cor_01	w_comp_cor_02	w_comp_cor_03	w_comp_cor_04	w_comp_cor_05	w_comp_cor_06	w_comp_cor_07	w_comp_cor_08	w_comp_cor_09	w_comp_cor_10	w_comp_cor_11	w_comp_cor_12	w_comp_cor_13	w_comp_cor_14	w_comp_cor_15	w_comp_cor_16	w_comp_cor_17	w_comp_cor_18	a_comp_cor_00	a_comp_cor_01	a_comp_cor_02	a_comp_cor_03	a_comp_cor_04	a_comp_cor_05	a_comp_cor_06	a_comp_cor_07	a_comp_cor_08	a_comp_cor_09	a_comp_cor_10	a_comp_cor_11	a_comp_cor_12	a_comp_cor_13	a_comp_cor_14	edge_comp_00	edge_comp_01	edge_comp_02	edge_comp_03	edge_comp_04	edge_comp_05	edge_comp_06	edge_comp_07	edge_comp_08	edge_comp_09	edge_comp_10	edge_comp_11	edge_comp_12	edge_comp_13	edge_comp_14	edge_comp_15	edge_comp_16	edge_comp_17	edge_comp_18	edge_comp_19	edge_comp_20	edge_comp_21	edge_comp_22	edge_comp_23	cosine00	cosine01	trans_x	trans_x_derivative1	trans_x_power2	trans_x_derivative1_power2	trans_y	trans_y_derivative1	trans_y_derivative1_power2	trans_y_power2	trans_z	trans_z_derivative1	trans_z_derivative1_power2	trans_z_power2	rot_x	rot_x_derivative1	rot_x_power2	rot_x_derivative1_power2	rot_y	rot_y_derivative1	rot_y_power2	rot_y_derivative1_power2	rot_z	rot_z_derivative1	rot_z_derivative1_power2	rot_z_power2	motion_outlier00	motion_outlier01	motion_outlier02	motion_outlier03	motion_outlier04	motion_outlier05	motion_outlier06	motion_outlier07	motion_outlier08	motion_outlier09
883.1708698970828	n/a	n/a	779990.7854347698	1029.7598109877254	n/a	1060405.2683254755	n/a	843.2051605760006	n/a	710994.942821999	n/a	869.331452559234	682.6158950492128	n/a	n/a	n/a	n/a	-0.0164985869	-0.022200949	0.0538943579	-0.2401925941	0.0074070025	-0.1074874474	-0.0359665707	0.1852070653	-0.1762413059	0.2017081359	-0.2030121023	0.5101745672	-0.004826893	0.0181943283	-0.0867597608	0.0045934716	-0.0897232107	0.0817853814	-0.2233282652	0.1945573532	0.0036397761	-0.026081068	0.0074380682	-0.006454886	0.1653623962	-0.2717219062	0.0049631649	-0.2048497865	0.0811119	-0.1678422627	0.1838098619	-0.0124841827	0.0749333048	-0.0241782525	0.0659713926	-0.150820384	0.0597820278	-0.0678866723	0.2066061388	-0.1889451653	-0.1326448462	0.0136149069	-0.0065955463	0.0933121974	-0.0902674969	0.3100860627	-0.0087404204	0.003725503	-0.0665770707	0.1744717019	-0.0019868399	0.147090296	-0.0324537948	0.0391204117	-0.0846866775	0.0121287336	-0.1277841714	0.0255381307	-0.1271826155	0.027446783	-0.248959405	0.2357526265	-0.2496393362	0.1088918755	-0.0726576208	0.0399729017	-0.1062082394	0.2013785091	-0.1213816816	0.0703953777	0.1561451084	0.1560591586	-0.1083862449108892	n/a	0.0117475780858832	n/a	0.0326668146888806	n/a	n/a	0.0010671207819176	0.0123738078293769	n/a	n/a	0.0001531111201983	0.0034744279689999	n/a	1.2071649711768767e-05	n/a	0.001815797815976	n/a	3.2971217085032114e-06	n/a	-0.0015611618403966	n/a	n/a	2.437226291910499e-06	0.0	0.0	0.0	0.0	0.0	0.0	0.0	0.0	0.0	0.0
882.1489302448455	-1.021939652237279	1.0443606528148508	778186.7351321252	1008.3776492813984	-21.382161706327	1016825.4835702789	457.1968392355166	843.6497214869449	0.4445609109443467	711744.8525649997	0.1976344035396673	868.1534920492976	681.6952865063095	1.293907	19.803343	0.1299851464801724	0.0783889823742611	0.063358051	0.0875775313	-0.0902783704	0.0286854177	-0.1742804902	-0.0216641286	0.1495022934	-0.0621922029	-0.0295418804	0.000560992	-0.0416648875	0.1033151537	-0.1842619872	0.0519670868	0.0641811951	-0.0340804625	-0.1152763604	-0.1815812418	-0.075881252	-0.0372923679	0.1207925934	0.0145875528	0.0243663945	0.0383734489	0.0747956485	-0.0357711582	-0.1590467226	-0.3042030387	-0.115876872	0.1231973488	0.1592740697	-0.1901545182	-0.0048908356	-0.009258785	-0.0923193095	0.1881812309	0.0198249172	0.0186729876	0.1126431602	-0.0755306888	-0.0721735226	0.0295616947	-0.0265894059	0.0681149185	-0.1811558135	0.0717310948	0.0774360155	-0.0609305019	-0.004675939	0.117161158	-0.0248840611	-0.0160531557	0.0622547418	-0.1077331005	0.1448457465	0.156453077	-0.0203631024	-0.0357566018	0.0306172117	0.0723390176	-0.2606933539	0.2538618848	-0.2583651611	0.0180086776	0.0363413703	0.0776202065	-0.1658268128	-0.2881742863	0.0925577816	-0.1574319254	0.155915944	0.1551433414	-0.1015871253963069	0.0067991195145823	0.0103199440462849	4.6228026173573846e-05	0.0720840089990986	0.039417194310218	0.0015537152072894	0.0051961043533821	0.0769079523213491	0.0645341444919722	0.0041646558053107	0.0059148331302629	0.0033986779952764	-7.574997372349979e-05	1.1551012115576009e-05	5.738058519110908e-09	0.0016826499918303	-0.0001331478241456	2.8313109950065087e-06	1.7728343074734238e-08	-0.0013853658749978	0.0001757959653987	3.0904221450496026e-08	1.91923860760842e-06	0.0	0.0	0.0	0.0	0.0	0.0	0.0	0.0	0.0	0.0
879.8297684326088	-2.3191618122366435	5.378511511336753	774100.421420178	1012.0891749830132	3.711525701614846	1024324.4981177964	13.775423033747575	842.1232547157689	-1.526466771176047	709171.5761330798	2.3301008035046253	868.4512498837728	685.7039724040171	1.24379	19.036304	0.1049470964260011	0.0548089631242416	0.080549634	-0.1456607068	0.0425723423	-0.105103889	0.0843374295	0.0606251583	-0.097987826	0.0258657334	0.1083320411	0.1031462475	0.086084608	0.0468914707	-0.1003911079	-0.1462257244	-0.1044227879	0.1338797097	-0.0268671607	0.0148912356	-0.1691206015	0.0162666068	0.059911024	-0.2674098378	-0.0288823156	0.0713892519	0.0740493444	0.0308933116	0.0463628395	-0.0059966215	-0.1242351794	0.1743698949	-0.0447439928	-0.0376219595	-0.1204836966	0.012864974	0.1588293237	-0.048932805	0.1070624678	0.0188317836	0.1262881712	-0.0651419546	-0.0698528593	-0.1489362646	0.1089885177	-0.1027269818	-0.0552603248	0.0223370855	0.0882531183	-0.0522279053	0.0410649607	0.0503605899	-0.0694723964	0.0260268805	-0.0400799292	0.112810269	-0.1058512161	-0.0664912924	0.0015741303	-0.1382142701	-0.0658627258	0.1853484091	-0.0600516159	0.056761688	-0.2142035316	-0.1953873314	-0.0034148659	0.0410631798	-0.0030783413	-0.1524238078	-0.1503292243	-0.1329945329	0.1554579513	0.1533170814	-0.0903555966217055	0.0112315287746014	0.0081641338408643	0.0001261472386146	0.0326670269751048	-0.0394169820239938	0.0015536984718798	0.0010671346513922	0.1133761747840651	0.036468222462716	0.0013299312495901	0.0128541570086668	0.0034744077567971	7.572976152069987e-05	1.2071509260491856e-05	5.734996779982075e-09	0.0017837892024183	0.000101139210588	3.181903918664115e-06	1.0229139918363818e-08	-0.0015651041661829	-0.000179738291185	3.230585331813977e-08	2.4495510510030707e-06	0.0	0.0	0.0	0.0	0.0	0.0	0.0	0.0	0.0	0.0
876.7460347576713	-3.083733674937548	9.509413377943837	768683.6094632997	1003.752816757524	-8.33635822548922	1007519.7171486636	69.49486846368178	843.1701635528029	1.0469088370340387	710935.9247056604	1.096018113059963	867.386322807447	670.0218111568234	1.305025	19.973507	0.0132280453339667	0.0089984884344678	0.120803143	0.1114149309	0.0293387351	0.0161812332	0.0678857912	-0.113432627	0.1794114733	-0.0035875815	-0.0089468276	-0.1656668501	-0.0687117138	0.0027043711	-0.1023945258	-0.0067012683	-0.1201367515	-0.1168282537	0.1688676306	-0.018499929	0.094270534	0.1286453525	-0.128764034	0.0422691798	0.0975535892	0.0332239072	-0.1465787006	0.2927091399	0.3063410447	-0.0780774368	-0.0228514356	0.142408935	0.207799563	-0.1318469364	0.0217197758	-0.0526218603	-0.0050401394	-0.109891067	-0.0636241023	-0.1923660833	-0.0556390262	0.1324255383	0.2614624636	0.2300815007	0.0533236796	-0.0288143261	0.0078673143	-0.0502455215	0.1052312992	-0.0744162327	0.109662094	-0.004761969	-0.0768311998	-0.0085885488	-0.0792198152	-0.1003067532	-0.0334922433	-0.0425768745	-0.0759190015	0.1404057937	0.1961376146	0.0889237665	-0.1175114773	-0.075405277	-0.1020625352	-0.0990177697	-0.0571290188	-0.2749645769	-0.1520683791	0.1532413796	-0.1413319791	-0.145287996	0.1547718027	0.1505910958	-0.0904263996633574	-7.080304165189844e-05	0.0081769337560772	5.013070707160464e-09	0.0325939904136873	-7.303656141749437e-05	5.334339303691427e-09	0.0010623682110875	0.1217373069760725	0.0083611321920074	6.990853153222253e-05	0.0148199719097865	0.0034744285690999	2.0812302799991942e-08	1.2071653881777578e-05	4.331519478385522e-16	0.0018468438929095	6.305469049119991e-05	3.4108323647771164e-06	3.9758939929410165e-09	-0.0015337181981991	3.138596798379998e-05	9.850789862801172e-10	2.352291511487094e-06	0.0	0.0	0.0	0.0	0.0	0.0	0.0	0.0	0.0	0.0
876.245375829558	-0.5006589281132392	0.2506593622994976	767805.9586626834	1005.808163792254	2.0553470347300618	1011650.0623511458	4.224451433173658	841.2865474232456	-1.8836161295573677	707763.0548753248	3.5480097235286774	867.6463008090683	677.7942728352407	1.423166	21.781664	0.0602269107823138	0.0372433025005317	0.0686368329	0.010074284	-0.0702285201	0.070812402	0.126317854	0.2139244333	-0.0483505404	-0.1202869295	0.0487027458	0.1560066094	0.0684574307	-0.1927768696	-0.086978105	-0.2551051128	-0.1411210212	0.0202626568	-0.1678649152	0.0632958818	0.0408232784	-0.0898839807	0.0529971465	0.0559771265	-0.030304585	-0.0935136111	0.1062765335	-0.0131714672	0.0738581709	-0.0168463661	0.0948340737	-0.1009770443	0.0224229325	-0.0238143845	-0.1875174372	-0.1446633347	0.0890778051	0.0103463178	0.2707594656	0.1313527244	-0.0312711626	-0.014157518	-0.0981809285	0.0463064887	-0.0544227797	-0.0282176616	0.0576574643	0.0439108468	0.0907249448	-0.0402090878	-0.0077958314	-0.0154912045	-0.1603250517	-0.0892625376	0.1275981509	-0.0441680133	-0.006250864	-0.036180076	0.1383496049	-0.2018358783	-0.2088686228	-0.0310471152	-0.0221652815	0.0268833389	0.0124682904	-0.0480865038	0.0279322984	-0.1485187084	0.0953943223	-0.0040492487	-0.0937912458	0.0049088048	0.1538585052	0.1469813818	-0.1095628019126024	-0.0191364022492449	0.0120040075629401	0.0003662018910449	0.0327925372953927	0.0001985468817053	3.9420864234936925e-08	0.0010753505022697	0.122085573573571	0.0003482665974984	1.2128962293317874e-07	0.0149048872747878	0.0034761901264683	1.761557368399995e-06	1.2083897795355696e-05	3.103084362164316e-12	0.0022826976102887	0.0004358537173792	5.210708380017741e-06	1.899684629532676e-07	-0.0019069768245288	-0.0003732586263296	1.3932200212953457e-07	3.6365606092899455e-06	0.0	0.0	0.0	0.0	0.0	0.0	0.0	0.0	0.0	0.0
875.6490496236423	-0.596326205915716	0.3556049438618328	766761.258106788	1001.8208801315492	-3.987283660704861	1003645.0758675518	15.89843099092396	842.324560546875	1.038013123629412	709510.665300486	1.0774712448268888	866.5668335596059	663.1126626617988	1.207083	18.474504	0.0230044195020898	0.0141339591076121	0.1423205949	0.0375339288	0.016017914	-0.0807356226	0.209075939	-0.0352354064	-0.0036453904	-0.0637217042	0.1273235286	0.0257721072	-0.0557732313	-0.1148175138	-0.075049789	-0.1170766046	-0.1016011929	-0.0046493163	0.0899879923	0.0884195005	-0.0978571386	0.192609834	0.1248245351	0.0186007784	0.1493262238	0.0451133901	-0.115019524	0.0189254307	-0.1062724517	-0.0943076156	-0.1349996181	0.0142993993	-0.0807934992	-0.0703191438	-0.0782944251	-0.0505247865	0.1132073006	-0.1586206468	0.0180153573	-0.1525768614	0.0574857485	-0.1325874204	0.0885952496	-0.012203354	-0.0530156904	0.0317812311	0.0183830735	-0.0200356914	0.1223288155	-0.0319590457	0.0235832329	-0.0036442329	-0.1186788045	0.0626988594	0.0282390644	-0.0296411502	-0.1409144722	-0.171932777	-0.0188796451	0.0698317449	0.0361954609	-0.0507712039	0.0622037061	-0.0137981544	-0.1065664458	0.0343915813	-0.06967633	-0.1967243041	0.1324756788	0.0716757113	0.1151035048	-0.0499080542	0.152719399	0.1425091225	-0.1093810955144221	0.0001817063981802	0.0119642240559351	3.3017215139657e-08	0.0430462191234113	0.0102536818280185	0.0001051379910302	0.0018529769808207	0.12207379067965	-1.178289392099463e-05	1.3883658915341222e-10	0.014902010370899	0.0035360061203601	5.981599389179998e-05	1.2503339283224085e-05	3.577953125263852e-09	0.0020921372692219	-0.0001905603410668	4.377038353267269e-06	3.6313243587495154e-08	-0.001906208191848	7.686326807998436e-07	5.907961979935544e-13	3.633629670668422e-06	0.0	0.0	0.0	0.0	0.0	0.0	0.0	0.0	0.0	0.0
877.3235081605162	1.6744585368738854	2.803811391709833	769696.5379710754	1003.8199339487468	1.9990538171975916	1007654.4597928664	3.996216164052261	842.266882431298	-0.0576781155770049	709413.501240538	0.0033267650165143	867.3466744159932	672.9548116280841	1.147546	17.563276	0.0565625220427909	0.0298255240076518	0.1045950022	0.1482346465	-0.0275807865	0.1449434873	0.0264399783	0.1276605318	0.0787302853	-0.1210573511	0.0983765405	0.0261584387	0.0378140082	-0.1374075684	-0.183274539	-0.0318326134	-0.0955977057	0.0335068444	-0.1236786148	0.0278292191	0.1513139177	-0.0224932913	0.005590428	0.1338078594	-0.0174884023	-0.0348101062	0.1314568281	0.0134871202	-0.0671085791	0.1014048219	0.0192560569	0.1305010078	-0.1317628111	-0.1378995449	-0.0356268415	-0.0442823169	0.0060825781	0.0841720169	0.209208265	0.0414768649	-0.1409091139	-0.0214323135	-0.1148369365	0.0517904203	-0.0472827369	0.044095585	0.0793270437	-0.0199328652	0.091437477	-0.0425368098	-0.0434347206	-0.044615605	-0.0616820635	-0.0241820452	0.0890289142	-0.1012569584	0.0643138356	-0.0111970072	0.2307293619	-0.1488474114	-0.0679546126	-0.0570451591	0.0011264689	0.0272585982	0.0536424955	0.1166677783	-0.0092700453	-0.1783642354	0.1163857635	0.0934948173	-0.058996421	-0.1615876718	0.1513561561	0.1372005631	-0.1093483529840568	3.274253036529562e-05	0.0119570623003258	1.0720732947223054e-09	0.0327601483307233	-0.010286070792688	0.0001058032523521	0.0010732273186509	0.0990266222017624	-0.0230471684778876	0.0005311719748481	0.0098062719046905	0.0030740030051105	-0.0004620031152495	9.449494475428386e-06	2.134468785003349e-07	0.0020930826263871	9.453571652002188e-07	4.3809948808835216e-06	8.937001697953939e-13	-0.0019052258594258	9.82332422200076e-07	9.649769877054682e-13	3.629885575424778e-06	0.0	0.0	0.0	0.0	0.0	0.0	0.0	0.0	0.0	0.0
876.9245724141119	-0.3989357464042768	0.1591497297591375	768996.7057036731	1001.7610256700632	-2.058908278683589	1003525.152551537	4.239103300031819	842.1769978841146	-0.0898845471833738	709262.0957651	0.0080792318223601	866.8406616909571	669.3439507157835	1.172666	17.947744	0.0681270486513	0.0377232243221238	0.1013103301	-0.0439300288	-0.1021667376	-0.1151318622	0.1215349466	0.0434877561	0.0087485681	-0.0649050058	0.1099459399	0.0522787452	-0.0084461591	-0.1161323245	-0.0808631011	-0.0727410844	-0.0847827838	-0.033619814	-0.1177325826	0.0403181034	-0.1399130184	0.0145886932	0.1191388476	-0.1122773197	0.0566513016	-0.1053954535	-0.1690943309	-0.1314063427	0.0769122855	0.0631477435	0.0194009266	-0.0756887475	-0.1865551203	-0.0505991032	-0.0590200341	-0.0896635952	0.0386213733	-0.0673153167	0.1145986494	0.071933659	0.1152577482	-0.1317623235	0.1468052982	-0.1058985268	-0.1224851592	-0.1376894859	0.1029348818	0.0201401465	0.0842797046	0.0206617905	-0.0967684876	-0.0449077608	-0.0651432576	0.04565984	0.1248729566	-0.0453638371	-0.2345222614	-0.1482552617	0.0773051421	0.030087483	-0.0619633587	-0.0832372367	0.06385992	-0.0701756643	0.0925670114	-0.0867060073	-0.0430112936	0.0322646467	0.089518025	-0.0789542881	0.069373233	-0.0713425592	0.1497707771	0.1310868562	-0.123208727008361	-0.0138603740243041	0.0151803904110208	0.0001921099680936	0.0296051100588385	-0.0031550382718847	9.954266497057816e-06	0.0008764625415959	0.1051076948735385	0.0060810726717761	3.697944483942228e-05	0.0110476275216288	0.0030760039768037	2.0009716931996928e-06	9.461800465312176e-06	4.0038877169864456e-12	0.0025759439771764	0.0004828613507892	6.635487373551369e-06	2.331550840860672e-07	-0.00232097481061	-0.0004157489511842	1.7284719041076237e-07	5.3869240714861256e-06	0.0	0.0	0.0	0.0	0.0	0.0	0.0	0.0	0.0	0.0
878.8925123610934	1.96793994698146	3.872787634925391	772452.0482843947	1004.5364263258784	2.775400655815247	1009093.431815567	7.702848800299702	844.0142170153166	1.837219131202005	712359.9985239779	3.37537413605465	868.0136098712837	670.5556945502175	1.184476	18.128492	0.0533286621042745	0.0308334420488301	0.1297080863	0.086325819	-0.0396156648	0.1456604431	-0.077713986	-0.04584161	0.1078162152	-0.1465678747	0.0958873842	-0.1265677222	-0.1521352843	0.0444915156	-0.1884423798	0.0147171089	0.1473516712	0.0595001791	-0.008135012	-0.1205900488	0.1432455477	-0.0673584993	0.0954564604	0.0101550121	0.1757987933	0.0230941947	-0.0845677019	0.1008235543	0.0186998324	0.0199184623	-0.0406702907	-0.1954008235	-0.0364385687	-0.1616521529	-0.1116988914	0.0712518542	-0.0797686944	0.21085689	-0.0272254561	-0.0362682843	-0.0746092437	-0.1061354926	0.1572909962	0.0377706523	0.0387997641	-0.0190909384	0.0344471102	-0.0157912957	0.1057053636	0.0428057019	-0.1051115988	-0.084313255	0.0318079623	-0.0415467815	0.027064566	-0.0249943578	0.0492981406	-0.0640773146	0.1857548377	0.1016668005	0.056427352	-0.120868931	-0.0301514178	-0.0492709158	0.1741395432	0.0473887841	-0.0876817426	-0.0560866606	-0.0875437589	0.1089108214	0.1627168778	-0.1611380676	0.1479655889	0.1242038795	-0.1235906614315922	-0.0003819344232312	0.0152746515930984	1.458739036489498e-07	0.0446822763837388	0.0150771663249002	0.0002273209443887	0.0019965058228328	0.0967116635082305	-0.008396031365308	7.04933426872358e-05	0.0093531458585292	0.0031530797493543	7.707577255060011e-05	9.941911905788176e-06	5.940674714271842e-09	0.0025446005527369	-3.134342443950012e-05	6.474991972988936e-06	9.824102555946532e-10	-0.0028020262134366	-0.0004810514028265	2.314104521614397e-07	7.85135090078585e-06	0.0	0.0	0.0	0.0	0.0	0.0	0.0	0.0	0.0	0.0
881.6737148719733	2.781202510879893	7.735087406524624	777348.5394961457	1002.0717062892684	-2.464720036610061	1004147.7045454858	6.074844858867098	845.1905025013706	1.1762854860539846	714346.9855185193	1.3836475447012588	869.3085083579422	673.408158468407	1.208394	18.494562	0.0539201578079196	0.0293438320838046	0.1024828312	-0.0111191718	0.1678906994	0.0939026426	-0.1209983382	-0.0292394776	0.0184919614	-0.0411405027	0.2560629934	-0.1509160212	0.1407347911	-0.0015882106	-0.1544388768	0.1050300333	0.1881686496	0.1235362794	0.0834164112	0.0669160514	0.0380082117	-0.0585252795	-0.1239522659	-0.1184808569	-0.0039358801	-0.1636122771	-0.1560538847	-0.0073935757	0.0939388256	0.1298677051	-0.0782030281	-0.2775848149	-0.2632256184	-0.1286557679	-0.0117000064	0.2406848325	-0.0263433098	0.052518804	-0.0473579941	0.0387036687	0.0147398701	0.0448844084	0.1364702929	-0.0992451645	0.0778716199	-0.1904220036	0.1353329263	0.1707175708	0.0691396646	0.107651385	-0.160401882	-0.0966158234	0.0760522776	0.0395228884	-0.1538420149	0.0566250878	-0.0444443929	-0.0497982334	0.1972527935	0.0992601154	0.0688805687	-0.2022292544	0.0981904999	-0.0829824255	0.2220027398	-0.1446598178	-0.2480012441	0.1370893126	-0.1260339252	-0.1273634056	0.0211635157	-0.0995100118	0.1459432408	0.1165920251	-0.1312821592916577	-0.0076914978600655	0.0172350053482801	5.915913933139232e-05	0.0583841314748667	0.0137018550911279	0.0001877408329382	0.0034087068080745	0.0715324410566893	-0.0251792224515412	0.0006339932432641	0.0051168901235287	0.0030771781143695	-7.590163498480016e-05	9.46902514755463e-06	5.761058193365841e-09	0.002594670973635	5.0070420898100376e-05	6.732317461424e-06	2.507047048912927e-09	-0.0028230058056574	-2.097959222080014e-05	4.4014328975105774e-10	7.969361778775387e-06	0.0	0.0	0.0	0.0	0.0	0.0	0.0	0.0	0.0	0.0
884.927348266858	3.253633394884673	10.586130268308764	783096.4117106129	1011.408668426146	9.336962136877672	1022947.4945675498	87.17886194548728	846.5440868712308	1.3535843698601866	716636.8910166459	1.8321906463297983	871.1377735118092	683.9177629728373	1.274656	19.508701	0.0681584524500844	0.0381791189188833	0.0339941341	-0.141258435	-0.0682540156	0.0040141156	-0.2731361034	-0.1262764586	0.0647416621	0.0570954602	0.0668534176	-0.0357390899	0.2008397966	0.168616126	0.0189876421	0.111509296	0.2331534072	-0.0276070548	0.1529104938	0.030289129	-0.1897307417	-0.1773335049	-0.0434208122	-0.1098160585	-0.0047640846	-0.129445806	-0.1134661455	-0.0861570998	-0.0388477577	0.1348656317	-0.1164109541	-0.0452987123	0.0616858222	-0.014998145	-0.0093038543	0.1305477848	-0.1145840661	0.0377569433	-0.2392913	0.1797663688	0.0625264643	0.0458701557	0.1592499615	-0.1271434514	0.0093785632	-0.0808432034	0.1791044073	-0.002357885	0.0302198748	0.1011760262	-0.1945326895	0.0577285137	0.1425511224	-0.1012547379	0.0758223686	0.0900409265	-0.0387150744	0.1479963404	0.1100192598	0.0958389052	0.1223391231	-0.0187121096	-0.0065824114	-0.1076710191	0.1376144687	-0.0337939522	-0.0591389649	0.186440378	0.0130105327	-0.1589840968	-0.1022299563	0.143962698	0.1437067008	0.1082959623	-0.1364452266324036	-0.0051630673407458	0.0186172998707679	2.665726436507691e-05	0.059119810510765	0.0007356790358983	5.41223643860254e-07	0.0034951519948287	0.0416600628215491	-0.0298723782351401	0.0008923589814232	0.0017355608342954	0.0032660673838322	0.0001888892694627	1.0667196155732512e-05	3.5679156118152574e-08	0.0022651096314829	-0.0003295613421521	5.130721642636598e-06	1.086106782410938e-07	-0.0026937098605062	0.0001292959451512	1.671744143254215e-08	7.256072812588331e-06	0.0	0.0	0.0	0.0	0.0	0.0	0.0	0.0	0.0	0.0
883.2864909551523	-1.6408573117056449	2.692412717377876	780195.0251038664	1010.8588125849344	-0.5498558412116381	1021835.5389806236	0.3023414461145581	845.5980371307909	-0.9460497404398892	715036.0403994464	0.895010111386382	870.8464834826545	690.2821294702079	1.167103	17.862604	0.1025897813158256	0.0597485094364035	0.0222593468	-0.0819435339	0.1505813321	-0.1341118824	-0.1301591218	-0.125465118	0.0558466992	0.1210804529	0.1215961625	-0.0411413262	0.1120392268	0.1004227037	0.0472783568	0.0561942031	0.1058272756	-0.0184299743	0.1115618972	0.2131369133	-0.0397352697	-0.0649832873	-0.0423968711	0.1365454949	-0.0081579459	0.0164330284	-0.0800699847	-0.2130457172	-0.0372944399	0.0560652825	0.0448053663	0.074819333	-0.0148182762	0.0043576658	0.033888055	0.1178007557	-0.0082014448	-0.1414523579	-0.1548421985	0.1591788216	-0.049795927	-0.0274997645	0.0356377766	-0.0282542967	-0.0709676696	0.0892543441	0.1794184895	0.1189920868	0.0672327717	0.0506491283	-0.1098683103	0.0514210308	-0.0354436715	0.0169311504	-0.1069371052	0.084344138	-0.1217514483	0.1435008589	0.012712094	-0.0907766531	0.0885437963	0.1601424637	0.0823367359	0.0917317329	0.0903706375	0.0965661966	0.0687633814	0.0990315991	0.1807804614	-0.0072833641	0.0787985705	0.1921062176	0.1412592515	0.0993643757	-0.1115242984384821	0.0249209281939215	0.0124376691421956	0.0006210526620465	0.0590364067231803	-8.340378758470157e-05	6.95619178347402e-09	0.0034852973187847	0.0869016932174986	0.0452416303959495	0.0020468051208837	0.0075519042840682	0.0033018754678657	3.58080840334998e-05	1.0902381605293334e-05	1.2822188821501831e-09	0.002091786610028	-0.0001733230214548	4.375571221892432e-06	3.0040869766255695e-08	-0.0022559645872272	0.0004377452732789	1.916209242781064e-07	5.089376218823191e-06	0.0	0.0	0.0	0.0	0.0	0.0	0.0	0.0	0.0	0.0
882.3101068821326	-0.9763840730197444	0.9533258580466256	778471.1247063602	1007.3978258845318	-3.4609867004026	1014850.3795968816	11.978428940363676	845.0124489232113	-0.5855882075795762	714046.0388352028	0.3429135488562608	869.7054859205042	687.4399040207238	1.124374	17.208632	0.0280664333922924	0.0186545550875362	0.0177189758	0.042690474	-0.067548179	-0.1137116311	-0.1760170318	0.0413526665	0.0641631875	-0.1470990056	-0.0936002705	0.0820041293	0.1235127529	0.0931854937	0.0208450399	0.0715291443	-0.0521632708	-0.2097531036	0.0451800497	0.1586242522	0.0740444624	-0.1432633276	0.11475686	0.1996304445	0.0417973968	-0.0271760705	0.1443489836	-0.044817903	-0.0649397633	-0.0423506101	-0.0941266837	-0.0203742668	0.0228761549	-0.046791913	0.0789800397	-0.0992808465	-0.1379852511	-0.077148511	-0.0762540283	0.1604060408	-0.0659117675	-0.0702451988	-0.1450841078	0.0931752837	0.0084504347	0.1034118697	0.1131994512	0.0675503794	0.0726236914	0.0180746013	-0.0866876401	0.0893915506	0.0692909895	-0.0733290877	0.0342789605	-0.076887936	-0.0749389416	0.1303346078	0.1027349095	-0.0258839576	0.0908297723	0.1195354216	0.0838013871	-0.0314320507	0.0631257319	0.0881563613	0.1813948563	0.1030072528	0.0456229893	0.0378364296	0.0106045289	0.2296595559	0.1386044847	0.0898496795	-0.1120172034054434	-0.0004929049669612	0.0125478538587764	2.429553064551115e-07	0.0589749978991562	-6.140882402409786e-05	3.771043668022619e-09	0.0034780503772054	0.0867505975104165	-0.0001510957070821	2.2829912698641297e-08	0.0075256661684142	0.0034129276133729	0.0001110521455071	1.1648074894123236e-05	1.2332579021752316e-08	0.001975705145742	-0.0001160814642859	3.903410822911417e-06	1.3474906350781877e-08	-0.0019358777191359	0.0003200868680913	1.0245560312449733e-07	3.747622543446815e-06	0.0	0.0	0.0	0.0	0.0	0.0	0.0	0.0	0.0	0.0
880.1236600402285	-2.1864468419040577	4.780549792472227	774617.6569626078	1010.6580197897302	3.2601939051984345	1021429.6329652988	10.62886429949302	843.98898272598	-1.0234661972313006	712317.4029628346	1.0474830568750997	870.3782910873937	685.6773613856964	1.199323	18.355726	0.0470178934002523	0.0262424739218037	0.0548690801	-0.2098635343	0.0542396437	0.0544319201	0.0098549407	0.0443368187	-0.1086353326	0.0193976125	0.0902297106	0.1221459042	0.0035601049	0.0244863556	0.0599316829	-0.1753672432	0.0629947661	0.0729814007	0.1219007646	0.1492065723	0.0713306864	-0.0756132046	-0.0141969047	0.0715502593	-0.0808787726	0.0167996124	0.0308905431	-0.0345175438	0.0832305474	0.1663479353	0.0993894188	0.067975227	0.1227817913	0.0749843828	-0.1552087999	0.0437441288	0.0718513615	-0.1228438739	-0.0746750982	0.067253239	-0.0987963941	0.0331263227	-0.0482474346	-0.0002197215	-0.0196894455	0.0488993457	0.1366519925	-0.1621388534	0.0720784484	0.0754615294	-0.0175466079	-0.0277345582	-0.0537758748	-0.1279668919	-0.0571271179	0.1017173621	0.0289760189	-0.0365514031	-0.0273659416	-0.0297917193	0.0847436842	0.1384498755	0.0580796536	-0.0954764063	0.0466159235	0.0005095961	0.1289982237	0.1565314708	-0.0641827277	0.0840621389	-0.0442916077	0.2154092594	0.1357462967	0.0798077096	-0.1119620962320055	5.510717343790161e-05	0.0125355109926648	3.036800564314969e-09	0.0403392399296365	-0.0186357579695197	0.0003472914750985	0.0016272542781007	0.0865132827589718	-0.0002373147514447	5.631829125325998e-08	0.0074845480937338	0.0030741496459156	-0.0003387779674572	9.450396045483009e-06	1.1477051123449927e-07	0.0020928712665726	0.0001171661208306	4.380110138445199e-06	1.3727899870490762e-08	-0.002041727900965	-0.0001058501818291	1.1204260993253569e-08	4.168652821578946e-06	0.0	0.0	0.0	0.0	0.0	0.0	0.0	0.0	0.0	0.0
878.0336250748306	-2.0900349653978765	4.368246156585703	770943.0467620483	1007.5483509891004	-3.1096688006298336	1015153.6795808556	9.670040049610588	843.867566025048	-0.121416700932059	712112.4689890386	0.014742015265225	869.245563233184	677.7274509922632	1.289622	19.737757	0.1206435634179226	0.0552662510833133	0.0696142978	0.0789587398	-0.0824962316	0.0799504178	0.0205988273	0.0383539545	0.1302407283	0.0533816519	-0.0033598103	-0.0134402245	-0.0383071127	-0.1062366467	-0.0680170802	-0.0326038974	-0.0818914018	-0.0010182298	0.0331740316	0.0698307237	0.1509236365	-0.147913575	0.0145245545	0.0991861815	-0.0470430145	-0.0313601459	-0.1877622749	0.0806562367	-0.1584188707	0.0510271167	-0.1146693851	0.1309004414	0.1623967326	-0.0796565028	0.0116165778	-0.0078690447	0.0603346887	-0.027335854	0.0284493714	0.0587017793	-0.2195561862	0.1517742922	0.1142048759	0.1626675632	-0.0976287486	-0.0186238786	0.0362769099	-0.1736233047	0.102104765	-0.0396021709	0.0173910494	-0.0078995429	0.0529639562	-0.0956694827	-0.04144423	-0.2021804985	0.0575057008	0.0359694248	0.0780066621	0.0607088453	0.0475535984	0.1825638469	-0.0477916725	-0.1775125411	-0.109750082	0.0285361751	0.1453603494	-0.0236170712	-0.0422349077	0.1194213449	0.2947395725	0.1930330035	0.1326888823	0.0692973963	-0.0921819792388447	0.0197801169931607	0.0084975172963907	0.0003912530282631	0.0598291186677641	0.0194898787381276	0.0003798553732269	0.0035795234405613	0.124107187116536	0.0375939043575642	0.0014133016448456	0.0154025938939788	0.0032189519180472	0.0001448022721316	1.0361651450699748e-05	2.0967698014473973e-08	0.0017914137590053	-0.0003014575075673	3.209163255953499e-06	9.087662886868876e-08	-0.0016123944140825	0.0004293334868825	1.843272429586861e-07	2.599815746564448e-06	0.0	0.0	0.0	0.0	0.0	0.0	0.0	0.0	0.0	0.0
877.9807613100544	-0.0528637647762479	0.0027945776263184	770850.2172305827	1006.5999688757472	-0.9483821133532048	1013243.4973406552	0.8994286329282908	844.026107092071	0.1585410670230658	712380.0694529961	0.0251352699328122	870.1141118298708	662.6244815968254	1.477151	22.607906	0.0773001330360314	0.0379207883800228	0.0449517066	-0.1161898769	-0.0222695449	0.1042467655	0.1571940674	-0.2643611289	-0.059129228	-0.0326578097	0.0655024823	0.0794469594	-0.0295191112	-0.1410774799	0.0035276929	-0.1941180776	0.1663584786	-0.0114023999	-0.0708438235	-0.087964162	-0.063194557	0.1686654431	-0.0799226657	0.1985296946	-0.0461633932	0.1126249692	-0.0808905157	-0.0760971063	0.030215676	0.0072485637	0.0820656252	0.0702638574	-0.1870322918	0.0658576862	-0.2051586446	0.0279738729	-0.0211416042	-0.0587964884	0.0372497649	-0.0546823934	0.0802165746	0.0860304783	0.0157174018	0.0679183339	-0.2093943846	0.2277739893	-0.0984582476	-0.0622550024	0.0828132868	0.0894995581	0.0298512123	-0.033830581	-0.17901247	-0.24305919	0.0001039954	0.1531727303	0.0519281433	0.0394687486	-0.3527862182	-0.091522838	-0.1105129417	-0.1420564325	0.5762890207	-0.0503407964	-0.1551418517	0.2263143231	0.1422872076	0.074633356	-0.2311316085	0.0460713667	-0.1064557474	-0.1139713242	0.1294367287	0.0583804184	-0.1099408850192844	-0.0177589057804396	0.0120869981988235	0.0003153787345185	0.0307267225967109	-0.0291023960710532	0.0008469494570764	0.0009441314815352	0.1081087699996175	-0.0159984171169185	0.0002559493502469	0.0116875061508301	0.0030730812750972	-0.00014587064295	9.443828523353033e-06	2.127824447464647e-08	0.0018498966034918	5.8482844486499935e-05	3.4221174436104974e-06	3.420243099232136e-09	-0.0016968492079984	-8.445479391590012e-05	7.132612215377161e-09	2.8792972346847974e-06	0.0	0.0	0.0	0.0	0.0	0.0	0.0	0.0	0.0	0.0
883.573993266887	5.5932319568325966	31.2842437229334	780703.0015775928	1003.7289011528692	-2.871067722878024	1007471.7070095462	8.243029869352004	847.8602130019874	3.834105909916389	718866.9407917755	14.70036812845578	871.1660959202095	675.2122741669358	1.724519	26.393892	0.3116581975279089	0.1918290438460585	0.2501405207	0.1074655419	0.1207237722	-0.0079627142	-0.0765562106	-0.1665744258	0.2008875364	-0.0325292099	-0.0200803973	-0.1064586984	-0.0177978988	0.0361636764	-0.059032303	0.3094956444	0.3090835872	-0.1233410283	0.1433753922	0.1585916759	-0.0166213107	-0.0506156234	0.0032170369	0.1614280322	-0.0282589572	0.1636484026	0.0029103339	0.2474387094	-0.0269279773	-0.2391802945	0.271893367	-0.0108760742	-0.0993175782	-0.143129822	0.1437078682	0.2312377662	-0.2194677474	-0.109523655	-0.3069877323	0.0757137603	-0.0965906661	-0.1135307308	-0.1285745707	0.2164151138	-0.0142867236	0.1640629435	-0.3851215075	-0.1175638898	0.2577348102	0.1725855273	0.0134168707	0.1109157445	0.1445285471	0.110654138	-0.2260248127	-0.0465925927	0.4152451999	0.1175214365	-0.4390917505	0.3102007384	-0.1529020853	-0.1293949652	-0.0219430178	0.0211262549	0.2037005035	-0.0495089559	0.0411968271	-0.0434124696	0.2835498971	-0.078426376	-0.0259411633	-0.0365179239	0.1259946088	0.0471208409	-0.1095955868809426	0.0003452981383417	0.0120111926637782	1.192308043423061e-07	0.1073623792280784	0.0766356566313675	0.0058730238673208	0.0115266804735137	0.1160516418108272	0.0079428718112097	6.308921260930967e-05	0.0134679835669885	0.0063998426467851	0.0033267613716878	4.095798590360931e-05	1.1067341224154756e-05	0.0020819769185713	0.0002320803150795	4.334627889463645e-06	5.3861272647399996e-08	-0.0026726949401708	-0.0009758457321723	9.522748929990872e-07	7.143298243214596e-06	1.0	0.0	0.0	0.0	0.0	0.0	0.0	0.0	0.0	0.0
877.6766940815845	-5.897299185302472	34.7781376809692	770316.3793339793	1003.0678420468984	-0.6610591059708213	1006145.0957486214	0.4369991415869415	843.7657545658581	-4.094458436129344	711940.6485780919	16.76458988519075	871.7603318673887	693.5369318945301	2.338683	35.793728	0.4554732843897411	0.215430260030597	0.0628027534	-0.1362441904	0.0127572083	-0.0139820326	-0.1600069825	0.431143207	-0.4969813833	-0.265977554	-0.0034094723	-0.2505078664	0.3159356642	-0.0520889939	0.1971022036	-0.2617304605	0.1812869987	-0.3525804036	-0.2263335582	0.0199699663	0.0601530723	0.087408339	-0.3705513462	-0.1117997214	-0.0658227086	0.1850177889	0.2061709601	0.160532454	-0.012746438	0.0484978285	0.0199829193	-0.2405309078	0.1412326505	0.3069744839	-0.2261785787	-0.0604123956	-0.3769584145	-0.2457667058	0.1652562691	0.0027935371	-0.0439544712	0.240748779	-0.0134586864	-0.0960588812	0.4329802309	0.0529911995	-0.1423211157	-0.0835918589	-0.1285315492	0.4983440056	0.4132766833	-0.0930111282	0.2657672279	-0.0004856809	-0.0027088187	-0.1639736135	-0.0878315323	-0.0764567165	-0.1325231479	-0.4421851843	0.033087024	-0.0717437674	-0.2287550947	-0.2115406432	0.0670409699	0.1501749324	-0.1230804549	0.0627502956	-0.0081225483	0.0073244558	0.0068473928	-0.005261903	0.1223675745	0.0355847396	-0.1472034172804655	-0.0376078303995228	0.0216688460590468	0.0014143489073592	-0.0204590479554696	-0.127821427183548	0.016338317247239	0.0004185726432442	-0.0513558253914681	-0.1674074672022953	0.0280252600750875	0.0026374208016389	0.0052100505581616	-0.0011897920886234	2.71446268186e-05	1.415605214151069e-06	0.0032102209055075	0.0011282439869362	1.0305518262157393e-05	1.2729344940576922e-06	-0.0028073900566986	-0.0001346951165278	1.814277441643768e-08	7.88143893045017e-06	0.0	1.0	0.0	0.0	0.0	0.0	0.0	0.0	0.0	0.0
880.043508269088	2.3668141875034507	5.60180939816762	774476.5764465643	1015.0176560275526	11.9498139806542	1030260.842047667	142.79805417223855	846.8836178428248	3.117863276966773	717211.8621705518	9.721071413857985	874.5163698781913	670.3053824187725	2.138317	32.7271	0.38101446552021	0.2246169059291517	-0.3294076019	-0.0486784636	0.1063528408	0.1889932888	-0.0864621767	0.0057388869	-0.3658718201	0.1561350219	-0.2876062067	-0.3436967891	-0.0295008603	0.0392587693	0.2735021396	0.0746319864	0.2958694562	0.0409511734	-0.2744535842	-0.1551917522	0.0219485341	0.3754449901	-0.1628870879	0.0110325491	0.0809467811	-0.3791309255	0.042945397	-0.0296100924	-0.0302821411	0.1275533669	-0.0880837979	0.2433052234	-0.0500210466	0.4781859125	0.0625169497	0.2930786296	-0.2640344051	0.0704189143	0.2464215806	-0.2484366836	0.2317268484	0.0955361552	-0.0426737774	0.175060412	-0.1087781955	-0.213228903	0.1131403106	0.1035313399	-0.3966764676	0.3541814421	-0.1826895274	-0.3981562313	-0.0568528806	0.1459218173	0.2455475441	0.0208621612	0.1528426297	-0.1221200527	-0.1422472714	0.0470601097	0.2159622808	-0.0029672975	0.0929464617	0.3351148854	-0.1191091957	-0.206706136	0.0591624537	-0.1253272529	0.0413420952	-0.014406175	0.0096857879	0.1429496869	0.1185609488	0.023839813	-0.1434492798682214	0.003754137412244	0.0205776958947113	1.4093547710010758e-05	-0.0039816200297622	0.0164774279257074	0.0002715056310468	1.585329806140354e-05	-0.1869237371163166	-0.1355679117248485	0.0183786586894363	0.0349404834975298	0.0010711361510535	-0.0041389144071081	1.1473326540937065e-06	1.7130612469367e-05	0.0034510743995459	0.0002408534940384	1.1909914511201097e-05	5.8010405590505646e-08	-0.0026828581886969	0.0001245318680017	1.550818614799289e-08	7.19772806065801e-06	0.0	0.0	1.0	0.0	0.0	0.0	0.0	0.0	0.0	0.0
883.1424575316421	3.098949262554129	9.603486531884778	779940.6002950283	1015.0447532010364	0.0270971734838667	1030315.851000953	0.0007342568108147	846.2195642304002	-0.6640536124245955	716087.5508862885	0.4409672001741548	871.0693495449736	679.068320795048	1.980268	30.308147	0.404858013932375	0.2057963964732553	-0.278537375	-0.0041570723	0.0989098788	-0.0993302431	0.0759522991	-0.013451312	0.0913344	0.3118761838	-0.0131496686	0.0449572913	0.1468891039	-0.1481431133	0.1166148239	0.2785821462	-0.0644651132	0.2543621102	-0.1563025344	-0.0371755623	-0.0902320392	0.0201644833	0.0279686323	-0.1103306474	-0.4158677521	-0.1179694206	-0.1359539587	0.0989228312	0.0151001974	-0.0781974136	0.0605484265	-0.0407373287	0.1893326317	0.0413119097	0.2715473251	0.1440261467	0.1842640806	0.1134091378	-0.0401850793	0.1080535945	0.0775123357	0.223770434	0.0031961894	-0.2265240011	-0.2006860544	-0.1863252187	-0.3231407296	0.0541432571	-0.231668557	-0.0652276743	-0.1712385583	-0.2639232592	0.1057280764	0.0987969613	-0.0483055989	0.0422574879	-0.1029528563	0.141078292	-0.0125246652	0.1856802274	-0.2739407873	0.1404651438	-0.1765904066	-0.0100602003	0.1160830894	-0.0662024211	0.2521408421	-0.0071015403	-0.0564198095	0.092219612	-0.0450909047	0.0213640595	0.1145803187	0.0119549848	-0.0614309448564398	0.0820183350117816	0.0037737609859549	0.0067270072781048	0.0194188918655555	0.0234005118953177	0.0005475839569629	0.0003770933612861	-0.0488360939282159	0.1380876431881007	0.0190681972012442	0.0023849640701655	0.000606895353523	-0.0004642407975305	3.683219701278072e-07	2.1551951809175478e-07	0.0019130611990074	-0.0015380132005385	3.659803151147631e-06	2.3654846050306804e-06	-0.0014580817100224	0.0012247764786745	1.5000774227143076e-06	2.126002273101846e-06	0.0	0.0	0.0	1.0	0.0	0.0	0.0	0.0	0.0	0.0
879.180872584463	-3.9615849471790634	15.694155293715736	772959.0067183778	1007.9526056496494	-7.092147551387029	1015968.4552359176	50.29855689064503	845.3297999331826	-0.8897642972176527	714582.4706550745	0.7916805046032235	870.3351372789269	668.32246432519	1.427784	21.852348	0.3357985048710824	0.1661697650045265	-0.2765963777	0.0802298371	-0.1035353981	-0.0266626396	-0.0274727962	-0.0122324016	-0.0535787442	-0.066099301	-0.1781949018	-0.0577112463	-0.0152875034	-0.0055465508	0.1724426737	0.089036004	-0.111685394	-0.0717662392	0.0410528238	-0.2648713132	0.1446352857	0.126125897	0.0676517222	-0.0120367422	-0.3411841307	0.0791846261	-0.029387989	0.1292039652	-0.002133632	0.0490879804	-0.1460529444	0.027821642	-0.0982863761	0.1292611989	0.1333749683	-0.1669824542	-0.0668344203	0.1055875024	-0.0845526883	-0.1842623727	-0.0464948518	0.239428162	-0.0624146066	-0.1746912751	-0.1334246186	0.0111999068	-0.1013007906	0.0373701681	-0.2483833816	-0.2023753246	0.2121857107	-0.1565323291	0.151449289	0.0125709506	0.0416628856	0.0739603291	0.0123982605	0.1347838659	0.0102222893	0.1016680846	0.1197914139	0.2225691204	0.1088239088	0.007169289	0.1173080096	0.1955060184	0.106311173	0.0080726676	-0.1461050324	-0.2875505164	0.1332844601	-0.3850089183	0.1104315261	-0.0	0.0019463311607381	0.0633772760171779	3.78820498726012e-06	0.0040166791153575	0.0286686280207106	0.0092497361551551	8.555761893998349e-05	0.0008218902325898	-0.0070883775683512	0.0417477163598647	0.0017428718212637	5.0245096551504473e-05	-0.0005480063255378	-0.0011549016790608	3.0031093282944125e-07	1.3337978882974551e-06	-7.645236413389433e-05	-0.0019895135631412	5.8449639816615726e-09	3.958164217923168e-06	-0.0001740214254468	0.0012840602845756	1.6488108144243703e-06	3.028345651453617e-08	0.0	0.0	0.0	0.0	0.0	0.0	0.0	0.0	0.0	0.0
879.4274683910688	0.2465958066057965	0.0608094918355633	773392.6721607244	1015.883595753865	7.930990104215651	1032019.4801218024	62.90060403316661	846.104991069593	0.7751911364103989	715893.655912876	0.6009212979692458	872.9946154099225	679.0753702062916	1.38119	21.139217	0.122855777916894	0.0697008856450634	-0.1664285189	-0.0747614162	0.1371118153	0.1339950817	0.1585392855	0.0442698232	-0.0536172521	0.1701898072	0.019754494	0.1843733515	-0.0567779104	-0.161662243	0.1978796669	0.0135391645	-0.0802557287	0.1900563915	0.2159791394	0.0354159059	0.1423107772	-0.1341577865	0.0780977085	-0.0298955514	-0.1062517902	0.0809820167	0.1980634315	0.0886019288	0.0218159486	0.1408737971	-0.04124251	-0.1236708027	-0.077498817	0.1395576814	0.0509935996	0.0226996824	0.2363159907	0.0435364977	-0.1383991972	0.0428300236	-0.1564621541	0.0673978474	-0.2861087065	-0.0535455789	0.0790014845	-0.0164093116	0.0001033394	-0.1998919183	-0.1379933461	-0.1824588993	0.1076034165	-0.0650672589	-0.0184130515	-0.0117931299	-0.0953662919	0.240493395	0.181970357	0.0006614554	0.0513367089	-0.0588009951	-0.1137646175	0.0708645637	-0.0271660283	-0.0708825848	0.145444744	-0.0971029462	-0.0369638249	-0.1250188548	0.0378516117	-0.0037698922	-0.1274791206	0.1452302226	0.10612066	-0.0119549848	0.002126285972821	0.0001799548120828	4.521092038215346e-06	3.238373439179178e-08	0.0365650350867525	0.0078964070660418	6.235324455263638e-05	0.0013370017908954	0.0176599161551678	0.024748293723519	0.0006124780422255	0.0003118726386075	0.0007559476800852	0.001303954005623	5.714568950261959e-07	1.700296048780267e-06	-0.0001852123505396	-0.0001087599864057	3.430361479240367e-08	1.1828734642969284e-08	-0.0005619298797231	-0.0003879084542763	1.5047296889902837e-07	3.1576518972561765e-07	0.0	0.0	0.0	0.0	0.0	0.0	0.0	0.0	0.0	0.0
877.406626291389	-2.0208420996798395	4.083802791838423	769842.3878600372	1006.8539300022356	-9.029665751629407	1013754.8363609468	81.5348635861491	845.7853846499794	-0.3196064196135921	715352.9168875136	0.1021482634582195	870.9927173181826	664.0199474999116	1.324535	20.272112	0.0539227420444838	0.0266619482345651	-0.1867202649	0.1496984848	-0.0770304769	-0.0644417919	0.1076534673	0.0305978141	0.0740823411	-0.0224729661	-0.247907654	0.0100122306	0.0146046998	-0.1011757108	0.149061317	0.1247010466	-0.1925753091	-0.1522501822	0.0368234403	-0.0251900995	0.0292039324	0.0309828185	0.0324710642	0.0718887062	-0.0690782144	-0.0643060439	0.0401184225	0.0541892865	0.042765544	0.0669502589	0.0665097408	-0.0700133738	-0.0239411375	0.0835999513	0.2293851915	-0.1936813829	-0.0185737126	-0.0778793554	-0.0276373506	-0.0502153282	-0.0383816892	0.0910614867	-0.0573443019	0.0662498108	-0.0567573899	-0.0207215364	-0.0350227318	0.0120499291	-0.154410422	-0.1735921638	0.1824287217	0.0542355465	-0.019783769	0.0719109763	0.0528909464	-0.0967610716	-0.0233716861	0.0564776908	-0.0487410909	0.012183829	0.087132243	0.0662995563	0.1457524303	-0.055240006	0.1675992302	-0.0134900772	-0.0449671927	-0.0149377655	-0.0259344281	0.1363089556	0.0647537136	-0.0406024704	0.1016540472	-0.023839813	0.0021014572432989	-2.4828729522100024e-05	4.416122545413411e-06	6.164658096816012e-10	0.019554669275962	-0.0170103658107904	0.0002893525450169	0.0003823850904922	0.0344946493423918	0.0168347331872239	0.000283408241485	0.0011898808332545	0.0009769986932565	0.0002210510131712	9.545264466249084e-07	4.886355042405819e-08	-5.2745155687539125e-06	0.0001799378349708	2.7820514485027408e-11	3.2377624453995445e-08	-0.0005619973179199	-6.743819679999683e-08	4.547910387635103e-15	3.158409853491612e-07	0.0	0.0	0.0	0.0	0.0	0.0	0.0	0.0	0.0	0.0
877.5881265415052	0.1815002501161871	0.0329423407922384	770160.9198466289	1011.8940062005836	5.040076198347947	1023929.4797846668	25.40236808515349	844.8279588130482	-0.9574258369311792	713734.2799922215	0.916664233223369	871.3071326375876	673.1609007057145	1.288364	19.718504	0.0392437798985391	0.0217931125897336	-0.1201864498	-0.1380435296	-0.1687011383	0.1211230653	0.1705764601	0.0691539839	-0.0681274615	-0.0218242405	-0.1020583839	0.1478294024	-0.1940689252	-0.1346716517	0.1335200837	-0.1178364025	-0.0905392594	0.0328846956	0.1152713856	-0.1292064866	0.1167157331	-0.165022274	0.0817293591	-0.0056069624	-0.0323543189	-0.1686843085	0.0829616154	0.0493675024	0.0424197776	0.0170116824	0.1277783451	-0.0821509611	0.048374577	0.1232478561	-0.0649606248	-0.1662559402	0.1455254899	0.1654624842	-0.0958774107	0.0175593186	-0.086269622	0.0168024539	-0.1743244666	0.1708609413	0.006391996	-0.1517479495	-0.0499863549	-0.0377480166	-0.1035347419	-0.182963203	0.1512782647	0.0166722414	-0.0325340505	-0.1271230074	0.1228977828	0.1057417061	0.120667977	-0.0982770541	0.0181387452	0.0533817514	-0.1046959612	0.0417042518	-0.0335538062	-0.1097726543	0.1164804036	-0.1144619632	-0.013571883	0.0514432021	0.0055719743	-0.0292988218	-0.0631481079	0.1135457407	0.0970382431	-0.0355847396	0.0192561435039948	0.0171546862606959	0.0003707990626464	0.0002942832607029	0.0194897886197225	-6.488065623950004e-05	4.2094995540681754e-09	0.0003798518604414	0.0430963009958134	0.0086016516534216	7.39884111668106e-05	0.0018572911595217	0.0012230057923056	0.0002460070990491	1.495743168013048e-06	6.05194927825537e-08	1.7156289483288845e-05	2.243080505204276e-05	2.9433826883440743e-10	5.031410152827467e-10	-0.0005620106403824	-1.3322462500049184e-08	1.7748800706521671e-16	3.158559599030354e-07	0.0	0.0	0.0	0.0	0.0	0.0	0.0	0.0	0.0	0.0
876.4922328624797	-1.0958936790254938	1.200982955728032	768238.6342682553	1007.5547410896024	-4.33926511098116	1015166.5562921356	18.82922170337833	844.5750089946546	-0.2529498183936312	713306.9458183208	0.0639836106253709	869.7258564832928	658.3604445149521	1.409741	21.5762	0.0487637648025044	0.0237082870401399	-0.1531838921	0.210043565	0.0868911924	0.0208448147	0.2100802246	0.1134475995	0.023025668	0.1290535109	-0.0508317586	-0.1061828125	-0.173415632	-0.2009827395	0.0205740775	0.1080754186	-0.1982415027	0.0948119222	-0.0763763647	0.0087046899	0.0846186056	0.0432993298	-0.0059288561	-0.0795348457	0.1006557844	0.0225197162	-0.0452844466	0.0248635653	-0.1885877369	0.0801067906	0.0690282197	0.0756785793	0.1991985832	0.0298992665	0.1663315355	-0.029694443	0.1238388105	0.020045284	0.1602423358	-0.1309994216	-0.1629984497	-0.0387651023	0.1157169268	-0.0578866131	-0.0124345099	-0.033627139	-0.0130220116	-0.128247401	-0.1319413474	-0.1533830341	0.1523135078	0.0279218451	-0.117932345	0.1747716498	-0.1125959307	-0.1273527918	0.0141033343	-0.0065989532	-0.001211347	-0.0702530751	-0.0506911536	-0.0997230649	0.1559697516	0.0077915273	0.0406847602	-0.1384542062	-0.065479858	0.0463413501	0.0001914458	0.0699366418	0.1073604093	0.0900234063	0.092280022	-0.0471208409	0.0191548395999774	-0.0001013039040173	0.0003669078801008	1.026248096916652e-08	0.0196001303863084	0.0001103417665858	1.2175305453296982e-08	0.0003841651111602	0.0536472810151451	0.0105509800193316	0.0001113231793683	0.0028780307603179	0.0015159190476546	0.000292913255349	2.298010559042029e-06	8.579817515914854e-08	-0.0002001153205015	-0.0002172716099847	4.004614149941807e-08	4.720695250538219e-08	-0.0008118485573	-0.0002498379169175	6.241898472972557e-08	6.590980799900914e-07	0.0	0.0	0.0	0.0	0.0	0.0	0.0	0.0	0.0	0.0
879.3356586575252	2.843425795045505	8.085070251930162	773231.2005866637	1009.8008482599832	2.24610717038081	1019697.7531465816	5.04499742083609	844.9476906224301	0.3726816277754778	713936.5998881778	0.1388915956813798	870.7944847368921	663.6336015152605	1.289793	19.740381	0.0335210378943605	0.0231359661952609	-0.1539449704	7.80468e-05	-0.2073450557	0.0859698112	0.1380151037	-0.0468423337	0.0023899067	-0.024012734	-0.1088110564	0.1219908896	-0.0718817027	-0.1064839212	0.0572058842	-0.0599087722	-0.1264385274	0.0185547409	0.0404416943	-0.1679486029	0.035555008	-0.042244616	-0.0540779906	-0.028103233	-0.0093471556	-0.0061647263	0.070561709	-0.0682812227	-0.1471310359	-0.0515409976	0.0195388263	-0.025372204	-0.112282516	0.0400451442	0.0058485048	-0.1732269184	0.0835994608	0.1676808505	0.0140210695	-0.0130134279	0.0033504063	0.0366739194	-0.1030854772	0.0145893536	0.0589820974	-0.0162873865	-9.88341e-05	0.0082002305	-0.1162526761	-0.1678871243	0.1010729688	0.0436490849	0.002428255	-0.0477040559	0.1489792126	0.0187402358	0.1120499271	-0.0529074387	-0.0112057371	0.0218199175	-0.0372094899	-0.0746542928	-0.0601303878	-0.0034589043	-0.0094494006	0.1466270829	0.0002299906	0.0684594435	0.1217479431	0.0586182441	0.0047536293	0.1108457865	0.0873863672	-0.0583804184	0.019215280968055	6.0441368077597535e-05	0.0003692270226812	3.6531589750916255e-09	0.0197042913461018	0.0001041609597933	1.0849505545082289e-08	0.000388259097452	0.0432041818316406	-0.0104430991835045	0.0001090583205565	0.0018666013277414	0.0014549592524038	-6.095979525080008e-05	2.1169064261554244e-06	3.7160966370194676e-09	-0.0001998021200002	3.1320050129999264e-07	3.992088715657432e-08	9.809455401456669e-14	-0.0004148548253924	0.0003969937319075	1.5760402317392338e-07	1.7210452615135875e-07	0.0	0.0	0.0	0.0	0.0	0.0	0.0	0.0	0.0	0.0
878.0118686712066	-1.3237899863186158	1.7524199278774408	770904.8415275041	1011.635719666998	1.834871407014816	1023406.8293061652	3.366753080280531	845.1985193085252	0.250828686095133	714360.5370413234	0.0629150297682107	869.7772678053714	662.9007554996737	1.102349	16.871534	0.0590671357674745	0.0324508981783275	-0.1052382398	0.0942411235	0.0997653995	-0.0724527367	0.1728335	0.0191804009	-0.0140558325	0.0606368215	-0.0415541207	0.0574450177	-0.1580582002	-0.0505914213	0.0907702999	0.003419125	-0.1442796792	0.0727643716	0.1509691678	-0.0347933285	0.1127162471	0.09792401	-0.0474322501	-0.1178098185	0.0049859603	0.1621948552	0.1906556629	0.0111001309	-0.0066778446	-0.1882209812	-0.066471355	-0.0038645542	-0.1963892943	0.0440782268	0.081017003	-0.0736831572	0.143198526	0.0141784607	-0.021459217	-0.1884452589	-0.066216307	-0.0783895531	-0.15052058	-0.077791404	0.1665225534	0.0601214088	-0.0983724724	0.0461019745	-0.0979123601	-0.1316174841	0.1337587865	0.0106259666	-0.0946875407	0.1058383195	-0.0749259463	0.0226357685	-0.0422436105	-0.1162935348	-0.0199424366	-0.0180469327	-0.0053677526	-0.1894360083	0.017006292	0.0824175261	0.0437840354	0.1069741228	0.052715661	0.0585297603	0.1026791269	-0.0427752152	0.1010390555	0.043708305	0.0823644609	-0.0692973963	0.0022710519888278	-0.0169442289792271	5.157677135958706e-06	0.0002871068957004	0.019670695816842	-3.359552925980003e-05	1.1286595862460798e-09	0.0003869362739187	0.0659815655572231	0.0227773837255825	0.0005188092093824	0.0043535669933821	0.0014550278656145	6.86132107000862e-08	2.1171060897146874e-06	4.707772682574424e-15	0.0001101423937295	0.0003099445137297	1.2131346896464201e-08	9.60656015911402e-08	-0.0004910802491201	-7.622542372769992e-05	5.810315222467398e-09	2.4115981107585945e-07	0.0	0.0	0.0	0.0	0.0	0.0	0.0	0.0	0.0	0.0
880.3170409558126	2.3051722846059874	5.313819261715588	774958.0925971977	1012.2227576382188	0.5870379712207523	1024594.9110807204	0.3446135796549768	845.943951094778	0.745431786252766	715621.168393844	0.5556685479559894	870.4748206798541	663.55829570718	1.111974	17.01885	0.0534274557262672	0.0279477172075814	-0.0834754429	0.0366831923	-0.1500871313	0.0403228566	0.0307366525	-0.0319350612	0.0643839944	-0.0324766395	-0.074402357	0.0783661545	-0.1217489821	0.0325510768	0.0624159426	0.0531521352	-0.0804423661	-0.0118358039	0.0860953317	-0.143994586	-0.0116571216	-0.0258801547	0.0571290818	0.0016282338	0.1160569415	-0.0290190171	0.0224818643	-0.1131965064	-0.1506876695	0.0763292361	0.1026799188	-0.0201723783	-0.0800985112	-0.0136345908	0.0796063767	-0.1302097862	0.0202068364	0.1521626503	-0.0555118883	-0.0792623104	0.0622169548	-0.0833295923	-0.0997149417	-0.0325237723	-0.0216822388	0.0230300024	0.1736164384	-0.1068662072	-0.0713338223	-0.1597217511	0.0663980173	0.0431324586	-0.0120884911	-0.0277353634	0.1071771871	-0.0224675619	-0.0211422314	0.0423460276	-0.0264565986	0.0414006964	-0.0074049584	-0.1943980748	-0.0312346633	0.0605737815	0.0303177238	0.0155111865	-0.1109221445	0.165403143	0.0555258754	0.0520425436	-0.1342878758	0.1234775654	0.0772216734	-0.0798077096	0.0192722681356798	0.017001216146852	0.0003714203190935	0.0002890413504719	0.0403736933508298	0.0207029975339878	0.0004286141068923	0.0016300351147868	0.0693555314113183	0.0033739658540951	1.1383645584600284e-05	0.0048101897373463	0.0013290182301953	-0.0001260096354191	1.7662894561914477e-06	1.587842821847969e-08	6.012643671815532e-05	-5.001595701134469e-05	3.615188392422336e-09	2.5015959557606794e-09	-0.0005620401805162	-7.09599313961e-05	5.035311863739218e-09	3.158891645146826e-07	0.0	0.0	0.0	0.0	0.0	0.0	0.0	0.0	0.0	0.0
879.1816317875557	-1.1354091682568423	1.2891539793616946	772960.3416726292	1014.109287491764	1.8865298535451984	1028417.6469770533	3.558994888317268	845.4227649354098	-0.5211861593681988	714739.6514710331	0.2716350127169735	869.4983402851593	670.2831814760332	1.024194	15.675372	0.0271522966724301	0.01312333511961	-0.077478498	-0.0514226057	0.0144573138	-0.1655526186	0.1050294626	0.0016414812	-0.0422651952	0.089806463	-0.0082334937	0.1097183722	-0.0864412311	0.0765680658	0.100918738	-0.0259973242	-0.079277311	0.0224397672	0.1119001188	-0.0795882929	-0.1064531988	0.0881763438	0.054997202	-0.0808909525	0.059921163	0.1016197002	0.0117744984	0.0035671833	0.0992424571	0.0638904872	0.2104816708	-0.0472982784	0.1805063019	0.0530398947	0.0281825348	-0.0640613918	0.1099102415	-0.0410512623	-0.0855196288	-0.1655616399	0.1254769704	-0.0780471081	0.0516647438	-0.1178302662	-0.0093617892	0.1142011413	0.0476788022	-0.0874279825	-0.0676186172	-0.1152363642	0.0892828342	0.0614642688	-0.0761366184	0.0579411135	-0.0349846048	0.0660127727	-0.1633326592	-0.0381895995	-0.0801333085	0.0135813136	0.0899044746	-0.1260535869	-0.0235170677	0.0124023835	-0.0215923511	-0.0180918469	-0.0176889614	-0.0296196594	0.0350757063	-0.0935895793	-0.0012527878	0.126039456	0.0719655524	-0.0898496795	0.0121285009729348	-0.0071437671627449	0.0001471005358504	5.1033409275513725e-05	0.0405083496077196	0.0001346562568898	1.8132307519573132e-08	0.0016409263879412	0.0759749567070997	0.0066194252957813	4.381679124643064e-05	0.0057721940466456	0.0014549745819027	0.0001259563517073	2.116951033982937e-06	1.5865002535438233e-08	-7.890874076932342e-05	-0.0001390351774874	6.226589369800283e-09	1.9330780578974712e-08	-0.0005619427505708	9.742994539992981e-08	9.4925942606333e-15	3.157796549190764e-07	0.0	0.0	0.0	0.0	0.0	0.0	0.0	0.0	0.0	0.0
880.3783101588937	1.1966783713379527	1.432039124428055	775065.9689982291	1006.0088477766658	-8.100439715098219	1012053.8018049347	65.6171235779405	846.2456224943462	0.8228575589364482	716131.6535908435	0.6770945622988503	869.1812401651467	662.6163749470869	1.161589	17.778206	0.025992138587729	0.0143395464966149	-0.0606504492	0.1678900674	-0.0907589916	0.1120941805	-0.1386772799	-0.1051317378	0.0927555945	-0.1063789684	-0.0908294938	-0.1952615782	-0.1838655038	0.0671529543	-0.107169828	0.14066594	0.0230469902	0.0420164179	-0.0795054024	-0.3213602479	-0.0068082583	-0.1213754753	0.0014617982	-0.0486639087	0.1658923528	0.0673289775	-0.0095174975	-0.1661546829	0.216160135	0.070743978	0.1496984167	-0.0342051607	1.9102e-05	-0.1011427875	0.0461531511	-0.0069473078	-0.0943674441	0.331168459	0.0461499449	-0.1127596799	0.0830192429	-0.0971923103	0.082808555	-0.030462677	0.0955949875	0.1040599406	0.0647893618	-0.0034574938	-0.0735708439	-0.1203023886	0.0212794965	0.0660781753	-0.016828356	0.0068080367	0.1173398657	-0.0499887856	0.100689164	0.0279868397	0.0850637107	0.0115333436	0.1124743536	-0.2675633744	-0.0146559505	0.0792803042	-0.0238041074	0.0745416127	-0.0302076742	0.0087015215	0.0808096394	0.0920186522	-0.0091223185	0.0138735128	0.066603812	-0.0993643757	0.0192501943401168	0.007121693367182	0.0003705699821322	5.0718516416164095e-05	0.0404696216861282	-3.87279215914027e-05	1.4998519107898354e-09	0.0016377902794183	0.0642457185965952	-0.0117292381105044	0.0001375750266529	0.0041275123579928	0.0014030047310633	-5.196985083940004e-05	1.9684222753860027e-06	2.7008653962694892e-09	1.1105865173499652e-05	9.001460594282307e-05	1.2334024125195246e-10	8.102629283041718e-09	-0.0005620078775576	-6.512698680002926e-08	4.241524409651186e-15	3.158528544367984e-07	0.0	0.0	0.0	0.0	0.0	0.0	0.0	0.0	0.0	0.0
883.134083493283	2.755773334389346	7.594286670531375	779925.809427521	1017.1226236274445	11.113775850778666	1034538.431494776	123.51601366135104	846.8448568779125	0.5992343835663405	717146.2116205721	0.3590818464481321	871.7731133896652	681.7576247362708	1.258445	19.260593	0.0988023639259023	0.0444602858679799	-0.0347671437	-0.0852150676	0.1221217438	-0.1066219554	-0.1032038428	-0.1406668342	-0.0521662513	0.0586398339	0.1383555958	-0.081297036	0.0024578585	0.2602580844	0.0118676197	0.0639475408	0.0856230772	0.0558465232	0.1948298733	-0.0967018723	-0.1566686372	0.0720547728	-0.0426256675	-0.0779689575	0.0974541515	0.0583787515	0.1416878963	-0.1563180588	0.1278461056	-0.0714947806	-0.0394836777	0.053542112	-0.0260901743	-0.0188769514	-0.0033252519	0.1092443974	0.0368996845	0.0419544037	-0.1690847091	-0.1214643819	0.2087577824	-0.0060491558	-0.0722558977	-0.0780212619	0.2168836456	-0.0102607621	-0.0061459412	0.0270472181	-0.0562824013	-0.050355756	0.0243277706	0.0022780952	0.0406681212	0.0118005055	-0.1510481418	0.1899084456	-0.1411740242	0.0170712272	-0.0120263973	0.0256087951	0.066304025	-0.2480679606	-0.1257413828	-0.0496965403	-0.1178020554	0.0428826151	0.1239134505	-0.0036791933	-0.0943586728	-0.0926338132	-0.0344513407	-0.015511852	0.0611443214	-0.1082959623	0.0044931729866135	-0.0147570213535033	2.0188603487633283e-05	0.0002177696792277	0.0107178662764368	-0.0297517554096914	0.0008851669499581	0.0001148726575195	0.0728288301852728	0.0085831115886775	7.366980454369167e-05	0.0053040385061553	0.0018230946046446	0.0004200898735812	3.3236739374842503e-06	1.764755018855526e-07	0.0004010832664327	0.0003899774012592	1.6086778661232425e-07	1.5208237349287937e-07	-0.0004578656409175	0.0001041422366401	1.0845605452402592e-08	2.0964094513279306e-07	0.0	0.0	0.0	0.0	0.0	0.0	0.0	0.0	0.0	0.0
882.2824647011427	-0.8516187921403571	0.7252545671266007	778422.347519123	1013.2354034515748	-3.887220175869629	1026645.9828076756	15.110480695687912	846.4354394745409	-0.4094174033716626	716452.9531984591	0.1676226101835947	870.936020929533	673.8929528686165	1.155374	17.683081	0.1147849679302661	0.0655310318972239	-0.0550292149	0.0843052332	-0.0751038394	-0.0264430714	-0.2113771878	-0.0017825522	0.0238502483	-0.0219948213	-0.0366870752	-0.0659912288	0.072879465	0.1517793811	0.0261043747	0.1568048951	0.0062494148	-0.067264647	0.037652569	-0.015987338	0.0835710929	-0.093939402	0.0105123864	-0.157640842	-0.0474245489	0.056418527	0.1252365908	-0.2641384506	0.1379134584	0.0827092547	-0.1046719336	0.0908552348	0.0368782029	0.0010848766	0.0966353295	-0.0072044237	-0.137458273	0.0542621827	-0.0417755638	0.0174493428	-0.0645985167	-0.0063102926	-0.0791378772	-0.2195342053	0.0621150414	-0.0310419785	0.2350299594	-0.0014435975	-0.0740025869	-0.0348858079	-0.0218085865	0.0385065423	0.1899552079	-0.0316213082	-0.02704569	-0.0379270863	-0.0342307957	0.2366931572	0.0949822134	-0.0053663335	0.0402973002	-0.1791456294	-0.0560805964	-0.1268715169	-0.2131265354	-0.0682204787	0.155325863	0.0414846412	0.0130833911	-0.068747691	-0.1934408147	0.0597226034	0.055595093	-0.1165920251	-0.0065590166342701	-0.0110521896208836	4.302069920863187e-05	0.0001221508954159	0.0696862238175981	0.0589683575411613	0.0034772671911022	0.0048561697899563	0.0617050646119565	-0.0111237655733162	0.00012373816053	0.0038075149987657	0.0014550546480386	-0.0003680399566059	2.1171840287787345e-06	1.3545340965854624e-07	0.000201091057449	-0.0001999922089837	4.0437613385957015e-08	3.9996883654179946e-08	-0.0005626465792259	-0.0001047809383083	1.0979045032788718e-08	3.1657117311460695e-07	0.0	0.0	0.0	0.0	0.0	0.0	0.0	0.0	0.0	0.0
881.346951656321	-0.9355130448216188	0.8751846570314159	776772.4491938895	1013.2489521072572	0.0135486556823707	1026673.4389464548	0.0001835660707994	845.7338777240954	-0.7015617504455349	715265.7919302351	0.492188889688203	871.3979698443139	675.5889559631945	1.155987	17.692463	0.1057031945545261	0.0630669494286865	-0.0526956856	-0.1212304011	0.0685692521	-0.0903467831	-0.0016978362	-0.0779623763	-0.0919853991	0.0869107491	0.0669485663	0.0376866511	0.0420109268	0.0300534174	0.0974328744	-0.0017101879	0.0466608846	0.0494042588	-0.0187703153	0.0847001027	-0.0383596029	-0.0164959306	-0.0576945519	-0.0362150105	-0.1098735213	0.1945051003	-0.0668514993	-0.1540911072	0.1363250003	-0.0196725486	0.0989472691	0.217980713	0.0594344788	0.0974763841	-0.0200250702	0.048387851	0.0374679829	-0.0491198384	-0.0661350987	0.0857501804	-0.0173793544	-0.0014480531	0.016504198	-0.1577418766	0.0148537209	0.0407261576	-0.0291751794	0.0574187371	-0.0762177504	0.0178877429	-0.0260528314	0.0511339537	0.1317182571	0.0117494135	-0.1042009643	0.2557758549	-0.0867208944	0.0059602232	0.0229208924	-0.0636934822	-0.0864614607	0.0683255864	0.0617438718	-0.0228882644	-0.0937417785	-0.1268435314	-0.10492425	-0.1692884459	0.2936718845	0.0895978392	0.1323716716	-0.1506372745	0.0499642712	-0.1242038795	-0.0128752653721022	-0.0063162487378321	0.000165772458402	3.98949981181656e-05	0.0271269151359945	-0.0425593086816036	0.001811294755456	0.0007358695247954	0.0390857986407411	-0.0226192659712154	0.0005116311930765	0.0015276996553845	0.0020700395731043	0.0006149849250657	4.285063834217834e-06	3.782064580580648e-07	0.0001319181765544	-6.917288089459999e-05	1.740240530543785e-08	4.7848874512585164e-09	-0.0005626369619087	9.617317199995395e-09	9.249279012532727e-17	3.165603509058519e-07	0.0	0.0	0.0	0.0	0.0	0.0	0.0	0.0	0.0	0.0
882.3083546357074	0.961402979386321	0.9242956887728948	778468.0326599692	1009.815885268062	-3.433066839195249	1019728.1221397195	11.785947922382055	846.1061384234512	0.3722606993558202	715895.5974778443	0.1385780282848843	869.4691240943805	670.9969112224542	1.312693	20.090868	0.0752674576508244	0.0369581964320547	0.0003338487	0.1875494381	-0.0546029959	-0.085414941	-0.2216411538	-0.073442558	0.0959125661	-0.0946580252	-0.1479283156	-0.1628626164	0.0306143914	0.1377416314	-0.063901698	0.1762762486	0.0036046914	-0.1451265274	-0.097651178	-0.0952237304	-0.0104440472	0.0267971315	0.1810747785	-0.1104362573	0.2119383207	0.1322937297	0.0465179018	0.0451670388	-0.3008906384	0.220100496	0.1481200623	-0.008690614	0.1598510965	-0.0971330551	0.1367344731	-0.0499417162	-0.1935517653	0.082643784	0.0280739252	-0.1177291122	0.0951649673	-0.1165572811	0.0147783724	-0.1097076235	-0.0072814736	0.0725039534	0.0258966309	-0.3250981726	-0.0374894908	-0.000323226	-0.0018115725	0.1864030926	0.1290938211	0.134842414	-0.0283767466	-0.1011781119	-0.024891035	0.125640175	-0.0202297124	0.0795710992	0.1967881356	-0.0605638221	0.104445481	-0.0200267949	-0.1518228353	-0.2175252428	-0.0657509289	-0.002274188	0.0251875815	0.1982630363	-0.1598738302	-0.1649194713	0.0442601199	-0.1310868562	0.0193324241491268	0.032207689521229	0.0003737426234817	0.0010373352642958	0.0442927581234471	0.0171658429874526	0.0002946661654698	0.0019618484221821	0.049632632197742	0.0105468335570009	0.000111235698079	0.0024633981788763	0.0021340014464274	6.39618733231e-05	4.553962173354237e-06	4.091121239000292e-09	-9.708517127338112e-06	-0.0001416266936817	9.425530481181747e-11	2.0058120363220882e-08	-0.0006639902266067	-0.000101353264698	1.0272484264942865e-08	4.408830210292169e-07	0.0	0.0	0.0	0.0	0.0	0.0	0.0	0.0	0.0	0.0
884.0158603635721	1.7075057278647137	2.9155758106908056	781484.0413743466	1016.400182517178	6.584297249116048	1033069.3310209528	43.35297026471716	845.5931663111636	-0.5129721122875708	715027.8029121392	0.2631403879847721	871.488407019894	685.1683773779822	1.717374	26.284546	0.0810961595267995	0.0412164030144354	-0.0089500754	-0.3693168188	0.0017139722	0.0825143482	-0.0899534905	-0.051450521	-0.22270462	0.1030099674	0.0982528056	0.2465066459	0.0881441486	0.1169437659	0.0833149831	-0.2344381167	0.1410019266	0.1525521356	-0.0763299902	0.0142395928	-0.2363972774	-0.1716659766	0.0382573432	0.0281819047	0.0291515033	0.2147161414	-0.1291744306	0.2382016678	-0.0069206678	0.2176576684	0.0534200307	0.0921602613	-0.0236698338	0.1190155114	-0.2364308253	0.0751335157	0.1518236607	0.0254132084	-0.0111358003	0.2138234715	0.1683456232	0.0187725179	0.1973348373	0.0457875575	0.0190171102	0.0563272261	-0.1206322836	-0.3688534704	-0.0354052719	0.0871589195	-0.1305529875	0.230200886	-0.0015475384	-0.0514732656	0.1060387875	0.3615404699	0.0902370759	-0.0227506466	-0.0157170048	-0.0321472259	-0.0031850151	0.0731863899	-0.0874247965	-0.0514029515	-0.0446842388	-0.0007492267	-0.419779417	-0.0168582731	-0.0911544822	0.0235449004	0.1581465434	0.0883714469	0.0384910108	-0.1372005631	-0.0038594799053868	-0.0231919040545135	1.4895585140084503e-05	0.0005378644136737	0.0538788696231051	0.0095861114996579	9.189353368387529e-05	0.0029029325918635	0.0393693971306703	-0.0102632350670716	0.0001053339940419	0.0015499494304324	0.0025170319828347	0.0003830305364073	6.335450002612783e-06	1.4671239182046397e-07	5.827410228098629e-05	6.79826194083244e-05	3.395870996654851e-09	4.621636541617085e-09	-0.0009740752489022	-0.0003100850222954	9.615272105200072e-08	9.488225905238828e-07	0.0	0.0	0.0	0.0	1.0	0.0	0.0	0.0	0.0	0.0
884.3246816353343	0.3088212717622127	0.0953705778928304	782030.1425494354	1014.5572724859398	-1.842910031238148	1029326.4591541096	3.396317383238191	847.7980582253974	2.2048919142338264	718761.5475307544	4.861548353453707	872.1901273856427	675.7916303548794	1.627064	24.902338	0.1118909970246342	0.053360020059987	-0.0615207409	0.1108077515	0.2412743698	-0.1847964172	-0.1598080039	-0.1305419762	0.1089495286	0.2092381922	-0.1100610585	-0.1713670851	0.141004941	0.0825706153	0.0586942183	0.24884424	0.0283670713	0.0749894644	-0.0949948571	0.0843695734	-0.1178581346	0.056416799	-0.0706096807	0.0263258574	0.1481951983	0.2346232635	-0.0758582521	0.088907434	-0.0407418279	-0.0681514499	-0.0050639659	0.0097645787	-0.0141391154	0.0087112751	0.2527766357	0.1521702816	-0.0253497349	-0.067017267	0.0210573895	0.0508011679	0.0719655121	-0.0774026567	0.2231111483	0.0232074804	0.1047227957	0.1407734563	-0.1581316785	0.005904972	-0.0730187073	0.0462480599	-0.1807569249	0.2066618086	0.0126566029	0.2862032963	-0.0809398831	0.0480320589	-0.0600474364	0.0642628206	-0.0270247536	-0.0153928848	0.000147189	0.0321950811	0.0800609167	0.0298294214	-0.023035542	0.2796965662	-0.0841098903	0.0435802449	-0.1758172349	0.1424891687	0.2071290598	-0.0709075347	0.0326654109	-0.1425091225	-0.0039678115586667	-0.0001083316532798	1.5743528565089065e-05	1.1735747102356362e-08	0.0324515397858959	-0.0214273298372092	0.0004591304639525	0.0010531024344755	0.0225510067215708	-0.0168183904090995	0.0002828582559528	0.0005085479041563	0.001699042246336	-0.0008179897364987	2.886744554834481e-06	6.691072090172131e-07	0.0001931123592355	0.0001348382569545	3.72923832895008e-08	1.8181355538531464e-08	-0.0004561643398545	0.0005179109090477	2.68231709710615e-07	2.080859049548918e-07	0.0	0.0	0.0	0.0	0.0	1.0	0.0	0.0	0.0	0.0
883.7987347213308	-0.525946914003498	0.2766201563498029	781100.2034950253	1012.4042749060204	-2.152997579919429	1024962.415847985	4.635398579138918	846.9326412803248	-0.8654169450726386	717294.8988660673	0.7489464888188583	872.0990761747966	701.8825726817032	1.416368	21.677616	0.0971078448805212	0.0590851300057722	-0.0112157242	-0.0622149702	0.0575483463	-0.0105942156	-0.2577552559	0.2838439483	-0.0378615932	-0.0367355019	-0.1035824517	0.0644733114	0.1430519971	0.0881592105	0.1246511572	0.0063122971	0.0414541745	-0.0559217131	-0.0374423851	0.0983990293	0.067820481	-0.2673980893	-0.0631709014	-0.0304832455	0.1237455357	0.0525108636	0.2270688836	-0.0216023956	-0.0391907087	-0.143678987	-0.1618981861	0.004397089	-0.2378945313	0.0560881254	0.0445680003	-0.055831312	-0.0826652458	0.0503276769	-0.0778303979	0.2354977436	-0.1325783339	-0.1471189053	-0.0976705333	0.0016747335	0.2538200046	0.0530787118	0.0215226468	0.155548279	-0.029823478	0.0626846915	-0.0736666377	0.2137567383	0.0905163652	0.0806752095	0.014902911	-0.0213335129	0.267768776	-0.145979085	0.107516727	-0.1135076987	0.0123541546	0.2546903885	-0.0317546536	0.1224724884	0.1257230487	0.2055760754	0.0493844402	0.027356447	0.0594483397	-0.0720709672	-0.2027284876	-0.1399249317	0.0267918699	-0.1469813818	-0.0037973050658024	0.0001705064928642	1.441952576276857e-05	2.907246410888348e-08	0.0467845768026933	0.0143330370167974	0.0002054359501248	0.0021887966266071	0.0291325902973653	0.0065815835757944	4.3317242365167885e-05	0.0008487078174341	0.0027779653689592	0.0010789231226231	7.717091591136623e-06	1.1640751045309964e-06	-0.0001427803129925	-0.000335892672228	2.0386217778236267e-08	1.1282388725646665e-07	-0.0005618029009046	-0.00010563856105	1.1159505580735696e-08	3.156224994648238e-07	0.0	0.0	0.0	0.0	0.0	0.0	0.0	0.0	0.0	0.0
878.3219401992928	-5.476794522037949	29.995278236624884	771449.4306354502	1011.9126283346887	-0.4916465713316711	1023967.167383218	0.2417163511021879	845.3434129146108	-1.589228365714007	714605.4857581222	2.5256467983900133	871.8303027674013	678.456804637573	1.297213	19.853937	0.0698635234148565	0.0555463455722566	-0.0089581564	0.0896136034	-0.0197159273	-0.0429362126	-0.0329631695	0.2363753265	0.0239513209	-0.0073498381	-0.1618976342	0.01300137	0.0141540792	-0.1477998706	0.0639075575	0.0321231709	-0.156846997	-0.0213408494	-0.2259529194	0.2073000129	0.1343544031	-0.093649346	-0.0576190939	-0.0690087666	0.1603772488	-0.1811621221	-0.0626918915	0.1353858864	0.0789428405	-0.0613852705	-0.088735852	0.0872288979	0.0188343408	0.0480471562	0.1209612958	-0.1048576998	0.0097279317	-0.0822287719	0.1529036783	0.1219667489	-0.1914909968	-0.1944233411	0.1461817146	0.0954722596	0.0944714426	-0.1941566264	-0.0385890579	-0.0139606443	-0.0178998096	0.0482005684	-0.0910750661	0.1767124687	0.0071408751	0.1687263439	0.0211997413	-0.230142516	0.1259796993	-0.1761124585	0.0584017675	-0.0291202345	-0.1416311392	0.0747481642	0.0880130034	-0.1520279279	0.0073107005	-0.0924251933	-5.33285e-05	-0.0246129646	-0.2040717746	-0.176321491	0.0118799086	0.1162971989	0.0208790082	-0.1505910958	-0.0038495215300997	-5.221646429730016e-05	1.4818816010701136e-05	2.726559143711221e-09	0.0538476345045495	0.0070630577018561	4.988678409975013e-05	0.0028995677417355	0.0825992062832909	0.0534666159859256	0.0028586790249864	0.0068226288786296	0.002685990349008	-9.197501995119976e-05	7.214544154964118e-06	8.459404295023595e-09	-4.925478129225169e-05	9.352553170024832e-05	2.4260334801475475e-09	8.747025079814153e-09	-0.0005619350145087	-1.321136040999954e-07	1.745400438829032e-14	3.1577096053089284e-07	0.0	0.0	0.0	0.0	0.0	0.0	0.0	0.0	0.0	0.0
879.6036627276667	1.281722528373848	1.6428126397410496	773702.6034839269	1009.3381444172688	-2.5744839174199114	1018763.4897756956	6.627967441053773	845.9214461477179	0.578033233107135	715583.0930526464	0.3341224185762874	871.7635965337366	674.6023195494411	1.09487	16.757072	0.0225321979985873	0.0191244298277992	0.0206107306	-0.0571002901	-0.1826528859	0.1105149338	-0.0083204186	0.1028369571	-0.0648188677	-0.1016612844	-0.0803522638	0.0969546727	-0.1719628304	-0.0540489187	0.0718637361	-0.1010761958	0.0323424498	0.0125273391	-0.0793074341	-0.0356807779	0.0168069123	-0.2504724607	0.002462894	-0.1120477404	0.110455842	-0.1078701084	-0.0639550726	0.1698145876	-0.0657660247	-0.0492751487	-0.0839109451	0.0604446213	-0.0238058345	0.0731562683	-0.0963538315	-0.1023595756	0.0110743965	0.1692591856	0.0004676326	0.1241860585	-0.0933403687	-0.0907172322	0.0914211048	0.0831107059	0.0730884737	-0.1983866383	-0.0486663985	-0.0702742539	-0.0161575059	0.0342070554	-0.0549545497	0.0776673558	0.0830860348	-0.06394312	0.0817770121	-0.0533842834	0.1550767173	-0.2284591668	0.0554414144	-0.0051483895	-0.076757576	0.1003841013	0.0197781722	-0.1310067604	-0.117408565	-0.0832828465	0.1070798052	-0.0322385299	0.0039081968	-0.0433309639	0.0025896386	-0.0954278847	0.0149355036	-0.1533170814	-0.0038353262258397	1.4195304260000274e-05	1.4709727258613795e-05	2.0150666303398195e-10	0.0349990077435364	-0.0188486267610131	0.0003552707307759	0.0012249305430321	0.0824308630385104	-0.0001683432447805	2.833944806322828e-08	0.0067948471812736	0.0026159903630687	-6.99999859393001e-05	6.8434055796683086e-06	4.899998031502211e-09	-4.923492034447641e-05	1.9860947775285357e-08	2.4240773813269368e-09	3.9445724653261214e-16	-0.0005619358213923	-8.068836000827555e-10	6.510611440825084e-19	3.1577186736383895e-07	0.0	0.0	0.0	0.0	0.0	0.0	0.0	0.0	0.0	0.0
877.7140908463958	-1.8895718812708535	3.570481894489473	770382.0252703152	1009.997116042907	0.6589716256381735	1020094.1744149894	0.434243603396217	844.6431351511102	-1.278310996607729	713422.0257578966	1.6340790040482456	870.4308652212915	670.2569408006165	1.206862	18.471119	0.0656798874926584	0.0448427370038212	0.0238205157	0.1125518988	0.0759942025	-0.0386140708	0.1273609896	0.2160878135	0.0265794625	0.0821245016	-0.0261181796	-0.0518991777	-0.0047473752	-0.1689153501	-0.0274283252	-0.0517240177	-0.1431092714	0.0906289865	-0.1280043107	0.1504844653	0.1159867019	0.0829504387	-0.062263707	-0.0365794034	-0.0181459499	0.0282202374	-0.2061715573	0.0313272373	0.0099396299	-0.0853368554	0.1456890996	-0.0248976622	-0.0647335709	0.0007898007	0.046074725	-0.0171049212	0.1050238595	-0.1192595339	0.1824737253	-0.0342576496	-0.2096066035	-0.0303601337	0.1222454163	-0.0303732518	0.0052530174	-0.0015829778	-0.1054735545	0.1029092253	0.0088536123	0.0205020471	-0.00302644	0.0098631413	0.018067742	0.0908161371	-0.2070971041	-0.1308374928	-0.0277865598	-0.2101356048	0.0706127454	-0.0357473988	-0.2038355593	0.1055354033	0.1315350632	-0.0273523615	-0.0052954927	-0.121243453	0.0374202644	-0.0160216648	-0.0728018517	-0.0457779626	-0.0804459721	0.0083713675	0.0089700792	-0.1551433414	-0.0012903084033979	0.0025450178224417	1.6648957758792375e-06	6.4771157165464e-06	0.0256588439222582	-0.0093401638212781	8.723866020831413e-05	0.0006583762714268	0.1243123819922971	0.0418815189537867	0.0017540616298763	0.0154535683165987	0.0025759911314986	-3.99992315701001e-05	6.635730309559437e-06	1.5999385261984922e-09	-4.896876714344245e-05	2.6615320103395845e-07	2.3979401555486892e-09	7.08375264206227e-14	-0.0003639374682604	0.0001979983531319	3.9203347842944596e-08	1.3245048080378968e-07	0.0	0.0	0.0	0.0	0.0	0.0	0.0	0.0	0.0	0.0
878.3458016258911	0.631710779495279	0.3990585089305329	771491.3472338293	1008.2383888888072	-1.7587271540998015	1016544.6488290976	3.093121202567988	845.1822832074082	0.5391480562980178	714333.0918476876	0.2906806266099305	870.342383869977	654.8502686159018	1.35554	20.746651	0.0702642850704088	0.0372945312416024	0.0051725327	-0.1127046969	-0.241634493	0.0522531446	0.093285075	-0.1293251092	-0.014936079	-0.07308126	-0.0299844156	0.0913833397	-0.0973945362	-0.0756824443	0.0633635508	-0.1570221354	0.0023562908	-0.010067746	0.0515111504	-0.1388250717	-0.050166847	-0.0096370746	-0.0993345875	0.0677632958	-0.0202730909	-0.0605160545	-0.2508223361	-0.0126363384	-0.0619459947	-0.2376248409	0.0671055679	0.0667060996	-0.1425575802	0.0580990962	-0.1263034134	-0.1117762958	0.0588744679	0.0417413372	-0.1248410916	-0.0053040715	0.0086353071	0.1468991425	0.2327088754	0.1172120847	-0.0857368714	-0.0671487748	-0.064430885	0.1637968166	0.02112606	0.0084032633	-0.0142862492	-0.0301455794	0.0941896315	-0.2225780874	0.0948004085	-0.005352567	-0.0228092558	-0.1465014874	-0.0311476616	0.098481444	-0.0377072405	0.0586365489	0.0731651835	-0.072947375	-0.180244508	-0.0432931073	-0.0068797483	-0.0618189456	-0.0967024658	-0.0286393179	0.0262330913	0.0766827948	0.0029914899	-0.1560591586	0.0007169770182713	0.0020072854216691	5.140560447292041e-07	4.029194764045697e-06	0.045691439778551	0.0200325958562928	0.0004013048967415	0.0020877076690369	0.1243556655271618	4.328353486469927e-05	1.873464390383637e-09	0.0154643315487033	0.0021070679453914	-0.0004689231861071	4.439735326495936e-06	2.198889544689277e-07	0.0002469076192808	0.0002958763864242	6.09633724589125e-08	8.754283604346767e-08	-0.0005627603008806	-0.0001988228326201	3.9530518771120065e-08	3.166991562472235e-07	0.0	0.0	0.0	0.0	0.0	0.0	0.0	0.0	0.0	0.0
879.0525464729435	0.7067448470523914	0.4994882788351081	772733.3794605664	1007.787169490952	-0.4512193978551977	1015634.9789905848	0.2035989450008072	845.5580555698327	0.3757723624245273	714968.4253390364	0.1412048683621102	871.0534357394438	664.6706903162768	1.369923	20.966778	0.0869917419757821	0.0487965921000021	0.0083884117	0.0608894085	0.1802350554	0.1013716827	0.0774768846	-0.0172412818	0.0430594583	0.1343170735	0.1082194691	-0.0704894378	0.028994142	-0.1647031541	-0.0516206472	0.0026518879	-0.0674879	0.0719687736	-0.0245210779	0.1637005388	0.1877230611	-0.0283608481	-0.2374228364	0.0424352865	0.0924265449	0.0593598512	-0.1123056725	-0.205139636	-0.0843340176	-0.039603029	0.107325519	-0.0167556826	-0.0355523471	-0.0284523282	0.032445296	0.09483085	0.1083556464	-0.0983459074	0.0755347716	-0.0044413517	-0.2222887164	0.1040160732	0.0891714714	0.019871499	0.1088323066	0.1532415607	0.0806306604	0.1962828101	0.0297179587	0.0231990742	-0.0002848268	-0.1202062773	-0.0767351468	-0.0797017829	-0.2603023174	-0.0936284873	0.032897647	0.0302767046	0.0565426023	-0.0415124433	-0.1241726524	0.0005611177	-0.0408672271	-0.0072609192	-0.1362955571	-0.0137292064	0.121354016	-0.0805824511	0.0368865018	-0.117406467	0.2900957892	0.1026566561	-0.0029914899	-0.1560591586	-0.0013416092573521	-0.0020585862756234	1.7999153994128534e-06	4.237777454185022e-06	0.0484334080192923	0.0027419682407412	7.518389833233936e-06	0.0023457950123632	0.1546581826900706	0.0303025171629087	0.0009182425464083	0.0239191534729952	0.0021069854647941	-8.24805973000109e-08	4.4393877488536096e-06	6.803048930966565e-15	0.0006750494700304	0.0004281418507495	4.5569178698832397e-07	1.833054443632927e-07	4.678877370267232e-05	0.0006095490745832	3.715500743253237e-07	2.1891893445998806e-09	0.0	0.0	0.0	0.0	0.0	0.0	0.0	0.0	0.0	0.0
880.0066908817738	0.9541444088303024	0.9103915529021273	774411.7759966898	1010.8485049512012	3.061335460249211	1021814.6999620788	9.371774800179248	846.6300786603961	1.0720230905633343	716782.4900925084	1.149233506700963	871.9326779368516	661.052156690982	1.286464	19.689432	0.0446467533999238	0.0268190029890553	0.0389290245	-0.0864714308	-0.1843824119	-0.0218145773	0.0163502204	-0.1126737009	0.0401734946	-0.0580240068	-0.0698812888	0.1021858312	-0.026555516	0.0209010354	0.0502915947	-0.0180507478	0.0204363983	-0.1448427479	0.1035764721	-0.0024637632	-0.0353916705	-0.0523074151	0.0553322385	-0.1019382368	-0.0388352553	-0.2021724387	-0.1180865852	-0.0266766491	-0.1109592738	-0.0032187031	-0.0666247743	0.0656463009	-0.0368423292	0.0201047221	-0.0088855018	-0.1013514167	-0.0615614412	-0.0251724038	-0.1395169529	0.0349682092	0.0344066914	0.0842646265	0.029951431	0.0318730994	-0.1388133621	-0.1603329855	0.0939818124	0.0546992211	0.04905874	0.0156081544	-0.0027687159	-0.0245071656	0.1171748898	-0.1790126435	0.03353978	-0.0954368489	-0.1311455201	-0.0428936449	-0.0716456866	0.1381551125	0.008895766	0.0220261134	0.0077005932	-0.051930376	-0.2073587253	-0.0578033585	-0.0446828384	0.0860291091	0.0368359696	-0.0620239977	0.0826063343	0.0213206426	-0.0089700792	-0.1551433414	-0.009394442274754	-0.0080528330174019	8.825554565368512e-05	6.484811960615819e-05	0.0485861425905937	0.0001527345713013	2.3327849270621425e-08	0.0023606132518335	0.1491684909165087	-0.0054896917735619	3.01367157687132e-05	0.0222512386823085	0.0022621066638062	0.0001551211990121	5.1171265584364165e-06	2.4062586382951545e-08	0.0006021110961162	-7.293837391419999e-05	3.625377720662518e-07	5.320006389247651e-09	-0.0003441815341242	-0.0003909703078268	1.528577816022393e-07	1.1846092843208785e-07	0.0	0.0	0.0	0.0	0.0	0.0	0.0	0.0	0.0	0.0
881.5778249200553	1.571134038281457	2.4684621662465984	777179.4613907756	1009.762671918754	-1.0858330324472265	1019620.6536005012	1.1790333743535393	846.3663408245957	-0.2637378358003843	716335.9828808156	0.0695576460326704	871.3212813140202	671.0945816040039	1.289263	19.732275	0.0740311723045617	0.0379967023402443	0.0263491779	0.0032360368	0.17460255	0.1777665555	0.0215597282	-0.0695115177	0.0219193437	0.1419198586	0.1571437434	-0.0688172338	-0.0203799853	-0.0304615177	-0.0375200261	0.0092714298	0.0889751047	0.0559919361	0.1516774858	0.0925985853	0.0798763973	0.135814653	-0.0810778558	0.1781312869	-0.0562131315	-0.0706209192	-0.0497392267	-0.1032599597	-0.1580177721	-0.0579626133	-0.1462462646	0.1120880755	0.0794054691	-0.037519314	-0.0480395627	0.1589868936	0.0510421838	-0.0575382721	-0.0581577488	-0.0439510928	-0.0765956473	0.1661021394	-0.0182105243	0.0999774609	-0.1148024159	0.0701617455	0.1061257078	0.0843144974	0.0498790229	0.0184194012	-0.0182342052	-0.163269845	-0.1067002115	-0.1280676675	-0.1757561704	-0.0198818251	0.1125592897	0.0074205317	0.0135094442	0.0004973412	-0.0731131888	0.0288049605	-0.1425770677	0.1275591427	0.0523850465	0.1447480162	-0.112349131	0.0440039581	-0.1141281442	0.1703914374	-0.02323396	0.0517228393	-0.0149355036	-0.1533170814	0.0133272303866789	0.0227216726614329	0.0001776150697796	0.0005162744085333	0.048655117942232	6.897535163830071e-05	4.757599133627232e-09	0.0023673205019725	0.1787562602020642	0.0295877692855555	0.0008754360912952	0.031953800561428	0.0022861177396833	2.4011075877100174e-05	5.226334319694681e-06	5.765317647758617e-10	0.0004118566965127	-0.0001902543996034	1.6962593846235428e-07	3.619673656848825e-08	-0.0005629711587623	-0.000218789624638	4.786889984928068e-08	3.169365255981668e-07	0.0	0.0	0.0	0.0	0.0	0.0	0.0	0.0	0.0	0.0
880.8497365816713	-0.7280883383839409	0.5301126284906881	775896.2584359997	1009.0116945289705	-0.750977389783543	1018104.5996962244	0.5639670399661035	845.8546105100397	-0.5117303145559617	715470.022121091	0.2618679148355435	871.180491182484	674.940470447279	1.234063	18.887432	0.0796371729307619	0.0510225961474908	-0.0126994784	-0.0157251757	-0.0889207043	-0.1099587186	0.0528077535	0.0813100164	0.0494628162	-0.0827694675	-0.0415941828	0.1422327463	0.1572943452	-0.0579826174	-0.0201637828	-0.0013901301	-0.074105855	-0.1766378073	0.0671369046	0.0039815115	-0.1238152279	0.0063564054	0.0352934225	0.2299685979	-0.0981046553	-0.0868326766	-0.0898228482	-0.068350413	-0.0995458588	0.0238182734	-0.1040693372	-0.1962377346	0.0279982085	-0.0319570709	0.0271264624	-0.1210417135	-0.02357543	-0.0983861419	-0.0230825569	0.1066795511	0.1016062979	0.1388229346	-0.0601955353	0.0114444653	-0.178201139	0.0606514274	0.1097474964	0.056617309	0.0389236267	-0.0055412614	-0.0132139944	-0.1687888579	-0.0004901714	-0.2006930106	0.0143063578	-0.1431613816	-0.1612474514	0.118016548	-0.1014350748	0.0695770649	-0.1461643144	0.1504747249	-0.0103807247	0.1306856328	0.1034620279	-0.0449398558	-0.1766357616	0.2459533607	-0.0356749605	0.193498795	0.0279860576	-0.0795688192	-0.0208790082	-0.1505910958	0.0132246490491638	-0.0001025813375151	0.0001748913424735	1.0522930806386882e-08	0.047910320487972	-0.0007447974542599	5.54723247872171e-07	0.0022953988092601	0.1707343392011324	-0.0080219210009317	6.435121654519061e-05	0.0291502145824473	0.0015027944336562	-0.0007833233060271	2.2583911098280587e-06	6.135954017652261e-07	0.0010430773625655	0.0006312206660528	1.0880103842965998e-06	3.984395292521406e-07	-0.0005637846494435	-8.134906811999975e-07	6.61767088399236e-13	3.178531309481301e-07	0.0	0.0	0.0	0.0	0.0	0.0	0.0	0.0	0.0	0.0
879.0407737727079	-1.8089628089634289	3.2723464442128587	772712.681954921	1010.1461047436818	1.1344102147113515	1020395.1529288334	1.2868865352414551	845.8239337051124	-0.0306768049273387	715418.1268283903	0.0009410663605499	871.2439493423446	666.0503269352325	1.102324	16.871161	0.0650804572583637	0.0327809352611184	0.051033734	-0.0240152451	0.0768026684	0.1310624448	0.1321480878	-0.0185158418	-0.0081109106	0.0560192849	0.0985794714	-0.0057959373	-0.0922783158	-0.0351239765	-0.0339211487	-0.0415574479	0.0218294831	0.0979931419	0.067174698	-0.0268886298	-0.0392544283	0.0962572925	-0.0377326502	0.2012641101	-0.0383658176	-0.0253031586	0.0761563373	0.1143019753	-0.1296048247	-0.0384736333	0.1083216241	-0.0038194045	-0.0555465163	-0.0015305171	-0.0555471977	0.0572554149	0.0721860374	-0.064373804	-0.0190451299	-0.0803092078	0.0022884724	0.0404947897	-0.0917010124	0.1640516106	-0.0507664394	0.1017592606	-0.0489259635	0.0023433307	0.0479386852	0.0109641893	0.0295029374	-0.1079025183	-0.1596121856	-0.145033958	-0.0835390995	-0.0758916437	0.0199081061	0.0038937004	-0.0607996213	0.0166704332	0.0403471999	0.0926836046	-0.1032354048	0.0695380097	0.0668395831	-0.086169229	-0.1447569637	0.042015836	-0.0749202609	0.0103906651	0.0011312561	-0.1400714466	-0.0267918699	-0.1469813818	0.0107789027870239	-0.0024457462621398	0.0001161847452921	5.981674778771286e-06	0.0430934237017481	-0.0048168967862238	2.320249464913413e-05	0.0018570431663383	0.1909418617512273	0.0202075225500948	0.0004083439676125	0.0364587945690247	0.0018131744440301	0.0003103800103739	3.2876015644838627e-06	9.633575083970237e-08	0.0006019901663885	-0.000441087196177	3.6239216042845394e-07	1.945579146312873e-07	-0.0005630460227963	7.386266471999699e-07	5.455693239538687e-13	3.170208237867316e-07	0.0	0.0	0.0	0.0	0.0	0.0	0.0	0.0	0.0	0.0
880.7658653799792	1.725091607271338	2.9759410534780084	775748.5096185437	1008.5998416119312	-1.5462631317506066	1017273.6404996128	2.3909296726111937	845.264209948088	-0.5597237570243578	714471.5846191654	0.3132906841774623	870.9852713308027	670.2173368300944	0.954664	14.6112	0.0378839176667335	0.0217384256314504	-0.0017196511	0.0352431143	-0.0476954279	0.0165796655	0.0685673093	0.0307100917	0.0451757573	-0.0354312344	-0.0234716996	0.0539487195	0.1154418912	-0.1163225173	-0.0882473279	-0.0523261756	-0.0729775435	-0.0497590878	-0.112433687	0.0242580539	-0.0740401212	-0.0374839053	0.0098145161	0.2672191427	-0.1294821144	-0.133807525	0.0566617187	-0.06894476	-0.0831976863	0.1037138381	-0.1516083935	-0.0647511212	0.0353176114	-0.0411555291	-0.0070380757	-0.0475897174	0.0046025539	-0.0142901136	0.1576479117	0.1258449374	0.0808786845	0.1245835196	-0.0728500561	0.1287996379	-0.1643389555	0.0847274739	0.1032540881	-0.012597984	0.0335230013	-0.0040060164	-0.0156611455	-0.0433041459	-0.1041475888	-0.1406643185	0.055256588	-0.1394748908	-0.0548409578	0.0866644616	-0.059158792	-0.0583351157	-0.0691680199	0.0569188838	-0.0319577948	0.1201267164	0.1140238192	-0.0838216188	-0.155631699	0.0501567261	0.0513557057	0.0435692256	-0.0487160459	-0.1387885834	-0.0326654109	-0.1425091225	0.0056779668521897	-0.0051009359348342	3.2239307574565014e-05	2.601954741128286e-05	0.03076592166137	-0.0123275020403781	0.0001519673065555	0.0009465419356735	0.1790412510517711	-0.0119006106994561	0.00014162453502	0.0320557695781833	0.0019836721772511	0.000170497733221	3.93495530680012e-06	2.906947703349933e-08	0.0006019420699805	-4.8096408000069576e-08	3.6233425561240913e-07	2.313264462509156e-15	-0.0005635975730086	-5.515502122999854e-07	3.042076366881589e-13	3.1764222430118416e-07	0.0	0.0	0.0	0.0	0.0	0.0	0.0	0.0	0.0	0.0
878.4857141578783	-2.280151222100926	5.199089595648347	771737.1499794775	1011.7696239517396	3.169782339808421	1023677.7719514446	10.047520081761348	845.140401632744	-0.1238083153440356	714262.2984719558	0.0153284989483281	870.6369266887114	668.6079570187981	1.151029	17.616587	0.0920457455465507	0.049871832754983	0.0889534386	-0.0373726622	-0.0284472696	-0.1881374654	0.1853567177	0.0230894031	-0.0306610313	0.0080431041	-0.0259934899	0.0905563572	-0.0624357533	-0.0125554959	0.0181201396	-0.0638824713	-0.1485833537	-0.015975519	0.0844560452	0.0871266059	-0.1163987781	0.2672221311	0.2324686282	0.1646048612	-0.0316666134	-0.0329634051	-0.0318641866	0.099156715	0.207147897	-0.0172722688	0.0148861166	-0.063754171	-0.1613496257	-0.0035621412	-0.0036933839	-0.079344895	0.0967614253	-0.2230929032	0.015189827	-0.1559395226	0.1533348368	-0.1422497416	-0.0123749316	0.0875338465	-0.1791804086	0.0853049392	-0.0324633505	0.0099460309	0.1079815451	0.0255646394	0.0124753189	-0.0024109941	-0.1709068228	0.0125561128	0.0236173306	-0.1088234521	-0.2093151246	-0.0912205288	-0.1392395911	0.101232329	0.0503780827	0.0542195371	-0.0452392372	0.1007880948	0.0217539208	0.0003733848	0.028548337	-0.0174100545	0.1534945691	-0.1576725542	-0.0506978729	0.0606934651	-0.0384910108	-0.1372005631	0.0015375312334811	-0.0041404356187086	2.3640022939299133e-06	1.714320711267087e-05	0.0425695764176055	0.0118036547562354	0.0001393262656044	0.0018121688363743	0.2260009054129028	0.0469596543611317	0.0022052091377169	0.0510764092474518	0.0025661729354347	0.0005825007581835	6.585243534557545e-06	3.393071332844686e-07	0.00060177797339	-1.640965905000099e-07	3.621367292573755e-07	2.692769101372793e-14	-0.000563772734444	-1.751614354000321e-07	3.0681528451399606e-14	3.1783969610246494e-07	0.0	0.0	0.0	0.0	0.0	0.0	0.0	0.0	0.0	0.0
878.8305407046058	0.3448265467275178	0.118905347328025	772343.1192751499	1005.2528334008642	-6.516790550875385	1010533.2590604656	42.4685590839787	845.2711838036253	0.1307821708812753	714483.374168782	0.017103976220419	870.1799033062763	650.7214739178025	1.19636	18.310377	0.0656967304629861	0.03150440734606	0.1139729306	-0.0008213661	-0.2123209948	0.1370112586	0.0461489904	-0.1209294766	0.0395502772	-0.1699708641	0.0311279748	-0.1223269766	-0.1495301296	-0.0395919842	-0.153395917	-0.0750286087	0.0642030454	0.040117763	-0.0248121974	-0.1366719488	0.0992882364	0.0326320426	0.0785472719	0.0308931307	-0.0080222057	-0.0380627739	-0.0785174355	0.025118406	0.1464115649	-0.015332747	-0.0610114606	-0.1474540737	-0.0020888855	-0.1064809411	-0.1414073658	0.0130072395	-0.0478545066	0.1460171978	0.008744003	-0.0853694352	-0.0086443454	-0.045727698	0.1067928139	0.0555344455	-0.0687220429	-0.0366527383	-0.0162007695	0.1341590541	0.097978032	0.0177818786	-0.0501807506	-0.0685685278	-0.0646776718	-0.1329628846	0.184508018	-0.1003777484	0.0125258812	-0.0698691806	0.0213952891	0.1423361924	-0.0146659048	-0.1960465392	-0.1279167498	0.0037216375	0.0084753282	0.0735906649	-0.0062613094	0.0308983819	-0.0426072233	-0.1594434537	0.0428499732	0.0023406143	-0.0442601199	-0.1310868562	0.0176303449099464	0.0160928136764652	0.0003108290616436	0.0002589786520254	0.0473784704991544	0.0048088940815489	2.3125462287556044e-05	0.0022447194668392	0.2006612875268558	-0.0253396178860469	0.0006420962346108	0.0402649523119355	0.0023032044888179	-0.0002629684466168	5.304750917310924e-06	6.915240391605286e-08	0.0007278519632323	0.0001260739898423	5.297684803811134e-07	1.5894650914756367e-08	-0.0005638383943634	-6.565991939998933e-08	4.3112250156130946e-15	3.17913734958297e-07	0.0	0.0	0.0	0.0	0.0	0.0	0.0	0.0	0.0	0.0
881.7078842976169	2.877343593011119	8.279106152242136	777408.7932325798	1012.8898235458926	7.636990145028335	1025945.7946428292	58.32361847525991	846.0109130859375	0.7397292823122825	715734.4650605018	0.5471994111102446	870.4497269740586	671.1735828496705	1.285484	19.674431	0.0590056140345094	0.0276719945064478	0.0692790957	0.0180099382	0.166648018	-0.0296684892	0.0481794453	-0.0612125526	-0.0109745136	0.0679768218	0.1572371131	-0.0283704469	-0.0039984422	0.0339044094	-0.1006747263	-0.0308804126	-0.0340456663	0.1260250611	-0.0264315765	0.0168821618	-0.1087599329	0.0672948643	-0.0141579332	0.0353466613	0.0268272812	0.0776764166	0.1113579604	0.0111507487	0.1788742124	0.0939328398	-0.0490218387	0.0506243956	-0.0100990573	-0.0675879975	-0.0358592793	0.0867827659	0.1084504716	-0.0132326573	0.0744640038	-0.0411679501	0.0976682304	-0.0408995649	0.0134543902	-0.094095365	0.1230011383	0.1242263914	-0.0086518291	0.033443779	0.0580224794	0.0341365941	-0.0681937144	-0.0350483106	-0.0875486221	0.0622793052	-0.1184420689	0.0321832597	-0.1244474492	-0.0339473596	0.0603555555	-0.0374080344	0.020475563	-0.135240275	-0.0242493433	0.1755554318	0.0701865684	0.2176968948	0.0616211122	-0.0380834797	0.1060085808	-0.2322803249	0.0462362607	-0.0828498874	-0.0499642712	-0.1242038795	0.0043741937491006	-0.0132561511608458	1.9133570954670764e-05	0.0001757255435991	0.0308661672171837	-0.0165123032819706	0.0002726561596757	0.0009527202786791	0.1831830436399428	-0.0174782438869129	0.0003054890093704	0.0335560274771931	0.0021941726563328	-0.000109031832485	4.814393645798536e-06	1.1887940495058873e-08	0.0006018827889986	-0.0001259691742336	3.622628916927333e-07	1.5868232857120247e-08	-0.0005636610869866	1.7730737679997905e-07	3.143790586768975e-14	3.177138209829155e-07	0.0	0.0	0.0	0.0	0.0	0.0	0.0	0.0	0.0	0.0
882.1231812260424	0.415296928425505	0.172471538759659	778141.3068563533	1009.4211663855128	-3.4686571603797347	1018931.0911470891	12.031582496253604	846.4428946511787	0.4319815652411307	716465.5739054664	0.1866080727081772	870.871222441452	668.7876875405209	1.166415	17.85207	0.0436317808785175	0.0261922956772531	0.0819507978	0.0886221684	-0.1113728556	-0.038799894	-0.0918648149	0.0455630966	0.0366779216	-0.1219778363	-0.0180338855	-0.0646067061	0.0381759002	0.0718924134	-0.1127536603	0.0476759124	0.0865086377	-0.1227895981	-0.0357236673	-0.0581241534	-0.0218468535	0.0108708293	0.1291929479	-0.0022811456	-0.0271518731	-0.0830765165	0.0700161806	0.0191160605	0.0606854487	-0.0413017104	-0.1442197072	0.0437552552	0.0265538463	-0.0866293521	-0.0145659181	-0.0300728279	-0.2024881259	0.0724258596	0.0201862669	-0.0240913209	0.0289355832	-0.0702823943	-0.0368207984	-0.0501777106	-0.0691061132	-0.0040555061	0.1006704024	0.0293138294	0.0767835734	0.042953311	-0.067736675	-0.0214763609	0.08891434	-0.0019119444	0.0676218677	-0.0531449145	-0.0971152177	0.003161758	0.1205971638	-0.0188876784	0.0228231485	-0.1069331463	0.063308263	0.0901671897	-0.0037711915	0.0705603905	0.0483105418	-0.0594522014	0.0328978531	-0.0073604105	-0.2333252649	-0.0185336328	-0.055595093	-0.1165920251	0.0205193698567001	0.0161451761075995	0.000421044539316	0.0002606667115454	0.0499964301954207	0.019130262978237	0.0003659669616165	0.0024996430322855	0.1831846317688388	1.5881288960017947e-06	2.52215339031588e-12	0.033556609316285	0.002361169947724	0.0001669972913912	5.575123522034958e-06	2.7888095331997404e-08	0.0006018353270422	-4.746195640008885e-08	3.6220576087599177e-07	2.2526373053239346e-15	-0.0005637114069147	-5.0319928099991015e-08	2.5320951639882653e-15	3.177705502857505e-07	0.0	0.0	0.0	0.0	0.0	0.0	0.0	0.0	0.0	0.0
882.8071054499467	0.6839242239042278	0.4677523440430003	779348.3854329133	1014.2014406502964	4.780274264783543	1028604.5622171366	22.851022046551844	846.2239352042214	-0.2189594469572284	716094.9485125184	0.0479432394118153	871.8739211512158	677.8488257570509	1.127798	17.261034	0.0695287374955279	0.0331213208887235	0.0639854271	-0.0959743739	0.1422172255	0.0309991048	-0.004672369	-0.0372530849	-0.0560695236	0.0819905426	0.1878150424	0.0855793493	0.0125688935	0.0731286631	-0.0357793957	-0.0918025811	0.0866832279	0.0301812846	0.1685738783	0.1354261064	7.95056e-05	0.0558192093	-0.0241998183	-0.1061121523	-0.0696534414	0.0344600863	-0.0889075999	-0.0688275998	0.0767113001	0.1692951462	-0.1446664078	-0.0370798781	0.0581089452	-0.0252164573	-0.0982278254	0.1118672871	0.0631518594	-0.1155413047	-0.1221687707	0.0103196599	-0.0344071804	0.0385948205	-0.0136844453	-0.1692657929	-0.033838312	-0.0356261592	0.2233932274	-0.0071752455	0.0691704657	0.0390818658	-0.0407703312	-0.0798607602	0.0253515787	-0.0275263506	-0.1530852027	0.1102193422	-0.0637929509	-0.0068519094	0.0804141122	-0.0246542703	0.1093284418	0.0277678216	-0.0110916202	-0.0168074486	-0.0664199881	0.1265355849	0.0274273853	-0.1484102613	-0.0068671563	-0.0112411106	-0.1295470413	0.0906607354	-0.0611443214	-0.1082959623	-0.0004071965788483	-0.0209265664355484	1.658090538257598e-07	0.0004379211827814	0.0562879733162873	0.0062915431208665	3.9583514841723816e-05	0.003168335940055	0.1830942992810804	-9.033248775841551e-05	8.159958344624288e-09	0.0335235224292298	0.0024890060702152	0.0001278361224912	6.195151217568114e-06	1.634207421358509e-08	0.0004159592898578	-0.0001858760371843	1.7302213081900528e-07	3.4549901199376435e-08	-3.3017657563209814e-05	0.0005306937493514	2.816358556007423e-07	1.090165710961386e-09	0.0	0.0	0.0	0.0	0.0	0.0	0.0	0.0	0.0	0.0
880.6385144747024	-2.1685909752442285	4.702786817910714	775524.1931762107	1010.7817726824655	-3.419667967830833	1021679.7919871076	11.694129010208258	845.1711553205523	-1.0527798836691318	714314.2817858772	1.1083454834583906	869.9200131339908	674.4252533063496	1.109705	16.984119	0.0524436232711434	0.0246264442221871	0.0597493459	0.1326695499	-0.0778004253	0.0089248739	-0.0993560913	0.0233863427	0.1105607163	-0.0702473285	-0.0082722029	-0.0746531675	0.0740372562	0.0226311314	-0.1667283423	-0.0099910204	0.0066541959	-0.1134575011	-0.0563985312	-0.0211007094	0.1382711544	0.0671517767	-0.0102652975	-0.0156787823	-0.0789840896	0.0528291614	-0.006005654	-0.1656212395	0.0534444491	-0.0093693976	-0.0784754462	-0.0362272123	0.1258241901	-0.1361134209	-0.0211584438	-0.0287257227	-0.1268594501	-0.0091317128	0.0748487092	-0.0604570936	-0.0729849262	0.0654055452	-0.0721235757	-0.0651750863	-0.0459176997	0.0648736612	0.0506197555	0.1264076261	0.081893539	-0.0035505895	0.0188971674	-0.0481294401	0.1357539838	-0.040069368	0.0187981511	-0.0760434392	0.003721149	0.0880981385	0.1143079793	-0.0162991601	0.1275594669	0.1058370547	0.1133988698	0.1065645716	-0.0598662656	0.1252801856	0.0299528386	-0.1018789371	0.2244801566	0.0515425403	-0.013102037	0.0228682517	-0.066603812	-0.0993643757	0.0159172172414514	0.0163244138202997	0.0002533578047115	0.0002664864865763	0.0672286395056716	0.0109406661893842	0.0001196981766675	0.0045196899697835	0.1831009591855803	6.659904499911606e-06	4.435432794794287e-11	0.0335259612546795	0.0024901049719332	1.0989017179999054e-06	6.200622771246444e-06	1.2075849858231436e-12	0.0006020654522804	0.0001861061624226	3.624828088296026e-07	3.4635503691667177e-08	-0.0003492502605618	-0.0003162326029985	1.0000305919926397e-07	1.219757445024852e-07	0.0	0.0	0.0	0.0	0.0	0.0	0.0	0.0	0.0	0.0
881.9689358626101	1.330421387907677	1.7700210694021894	777869.2038266249	1011.7339712855328	0.9521986030672452	1023605.6286531952	0.9066821796832132	845.6265178479647	0.455362527412376	715084.2076876741	0.2073550313713869	871.00020044428	677.3632206627534	1.104835	16.909584	0.0398986943826077	0.01792410856219	0.0757000879	-0.07434664	0.1416716088	0.1635809509	-0.0085423226	-0.0634523194	-0.0460454325	0.0629742357	0.2078951378	-0.0344300562	0.0180826733	-0.0184586837	-0.151190908	-0.1131218485	0.1147334456	0.2018098754	-0.0397930827	0.0048524875	-0.0074910673	-0.0130855872	0.0339867041	0.1173257241	-0.0735958477	0.0949007342	0.133416823	-0.0276007256	0.0443816368	-0.005002052	-0.0872249591	-0.0009825934	0.2217307251	-0.0786262812	-0.1610448837	0.1852835916	0.0822899325	0.0666806734	0.0905982698	0.0478619555	0.0414021371	0.0604501073	-0.0681974503	-0.0176830808	0.005977943	0.1772108106	-0.0075146044	-0.0412819314	0.0685142954	0.0323565697	-0.0168991717	-0.0611193725	-0.0913240172	-0.0894706887	-0.093307833	0.165842109	0.0680211269	0.1179094826	0.0522438551	-0.1204463153	0.0737061237	0.0362979826	-0.0278742617	0.0389959919	0.0433847514	-0.0460121094	-0.0292802146	-0.061401321	-0.0234126348	0.0402776299	-0.1144774799	0.0447426025	-0.0719655524	-0.0898496795	0.0208989450123624	0.004981727770911	0.0004367659026297	2.481761158346588e-05	0.0604446991921179	-0.0067839403135536	4.602184617785897e-05	0.0036535616604256	0.1832118228046084	0.000110863619028	1.2290742024006672e-08	0.0335665720153872	0.0023211232821099	-0.0001689816898232	5.387613290752635e-06	2.8554811495537957e-08	0.0004243471297875	-0.0001777183224929	1.800704865588894e-07	3.1583802149690405e-08	-0.0005629935018279	-0.0002137432412661	4.568617318693824e-08	3.169616831004417e-07	0.0	0.0	0.0	0.0	0.0	0.0	0.0	0.0	0.0	0.0
881.7026594116656	-0.2662764509444741	0.0709031483275849	777399.5796136037	1008.7068136973552	-3.0271575881776016	1017489.4359994708	9.163683063661232	846.2526136967174	0.6260958487526977	716143.4861885256	0.391996011825361	871.0904704956308	680.5107832085596	1.155487	17.684816	0.0435286758821891	0.0252971550264902	0.0410476141	0.1163659026	-0.0303774925	-0.0942745556	-0.0839164885	0.0803614552	0.1010684615	-0.0937374497	-0.0586635545	-0.0626791075	0.1775670647	0.0449075884	-0.1158329685	0.0597239975	-0.0236974768	-0.1383531643	-0.0911139839	-0.0445954477	-0.0183413281	0.006897077	-0.0169247212	0.0414839703	-0.0502172553	0.0516136098	0.0258102725	0.0074291662	0.0754886559	0.0355236315	-0.0515226995	-0.139225987	0.0658450398	-0.1124135061	0.040215509	-0.0322769458	-0.139967576	-0.0413977596	0.1002652558	0.0668700601	0.0787841627	0.0854324664	-0.0143379977	0.0738957487	-0.0319902408	0.0214732307	-0.031048277	-0.005539035	0.0739574088	-0.0214723988	0.0165605244	-0.0066804348	0.0412180975	0.014159893	0.0806548423	-0.0890295536	-0.0275037339	0.1226600807	0.0142523782	-0.0487629161	0.123724458	0.1053249104	0.0414854164	0.0681266119	0.1278204922	-0.0300059697	0.0078957974	-0.0920045855	0.0298599673	0.1529234786	-0.0978384522	-0.0089896104	-0.0772216734	-0.0798077096	0.0396452271783545	0.0187462821659921	0.0015717440380233	0.0003514230950469	0.0585066227017279	-0.00193807649039	3.7561404826024327e-06	0.0034230248999623	0.1830145385585382	-0.0001972842460702	3.8921073747491874e-08	0.0334943213237946	0.0021940305507989	-0.000127092731311	4.813770057838925e-06	1.615256235209007e-08	9.88833220587626e-05	-0.0003254638077287	9.777911381376966e-09	1.0592669014128857e-07	-0.0005626093812729	3.841205549999852e-07	1.475486007734966e-13	3.165293158962754e-07	0.0	0.0	0.0	0.0	0.0	0.0	0.0	0.0	0.0	0.0
881.4652724688268	-0.2373869428388388	0.0563525606303701	776981.026568543	1013.1526492015424	4.445835504187244	1026478.2905841036	19.765453330291844	846.4383796558045	0.1857659590871208	716457.9305543439	0.0345089915555578	871.4806389466285	675.9687434754493	1.198681	18.345909	0.0656836596925294	0.0313217523685786	0.0520524004	-0.126605798	0.0671399849	0.1618844535	-0.0104206683	-0.1004925039	-0.098237489	0.0076612153	0.1943219918	-0.033748756	-0.0236633647	0.0651076378	-0.0808266312	-0.0931837206	0.1045553218	0.1050069062	0.0234918975	-0.0514467088	0.0267351734	-0.0303755126	-0.0303981117	0.0358229444	-0.0515897434	-0.0185586798	0.2042404642	0.0325784367	0.0776237266	-0.1873575407	-0.0923683627	0.0402749559	0.0645131502	-0.0351647212	-0.1672200071	0.1323924193	0.0325600715	0.0940631587	0.0054122621	0.0158812118	0.0454247775	0.0226318963	-0.1809499034	0.0857546953	0.0683090411	0.0545508497	-0.0468715327	0.1026509289	0.0554596682	0.0418872846	0.0111774197	0.0037773006	-0.1232489263	-0.121833296	0.0059010628	0.1823258318	0.0980813325	0.1313462937	-0.0013065571	-0.1406071537	0.1216911034	-0.1457616168	-0.1628100109	-0.1273300174	-0.0012693505	-0.1308384291	0.2153117254	-0.1147156072	-0.019443195	0.123978857	0.0678984662	-0.1433103332	-0.0823644609	-0.0692973963	0.0278156970173597	-0.0118295301609948	0.0007737130005615	0.0001399377838298	0.0452230414033039	-0.0132835812984239	0.0001764535321118	0.0020451234737649	0.190222500045067	0.0072079614865288	5.19547087912825e-05	0.0361845995233955	0.002640094349186	0.000446063798387	6.970098172603848e-06	1.9897291223152734e-07	0.0003197577598483	0.0002208744377895	1.022450249832031e-07	4.878551726884423e-08	-0.0005629228800279	-3.134987550000232e-07	9.828146938656457e-14	3.168821688589056e-07	0.0	0.0	0.0	0.0	0.0	0.0	0.0	0.0	0.0	0.0
882.5264655790778	1.061193110250997	1.1261308172441848	778852.9624474992	1010.0271070779088	-3.125542123633636	1020154.7570321696	9.76901356660826	846.0934063827782	-0.3449732730263122	715874.0523244131	0.1190065591024865	870.6824077562536	676.1347664013767	1.293888	19.803049	0.083898311974872	0.0384548486867646	0.000245474	0.1119857236	0.0753770398	-0.1868528535	-0.0836854482	0.0166963228	0.1039902298	-0.0033812729	-0.0476999542	-0.0916220818	0.1586758393	0.0868448837	-0.0688636288	0.102006125	-0.1005808238	-0.0830094262	-0.058778892	0.0337540437	-0.0836599405	0.0143237046	-0.0008046865	-0.0171855789	0.1075458728	0.0240621538	-0.081905509	0.1232475038	0.1513748625	0.0101438709	-0.1234856346	-0.1950054211	0.0979307355	-0.0882328407	0.1096912564	-0.0133804675	-0.0366225663	-0.0904006475	0.0850501041	0.0229265965	0.1224828497	0.0275407982	0.1638396647	0.0607806438	0.0587167102	-0.012629647	-0.0273868249	-0.0871460985	0.018287629	0.0076080192	-0.0747557284	0.0888695492	-0.022920023	0.067910281	-0.0336695029	-0.105314018	-0.1249491898	0.1329459831	-0.1065515797	-0.1429454032	0.0712034387	-0.1346365218	-0.0458335735	-0.0876687686	0.2075675101	-0.2347289353	0.2111857266	-0.0673520225	-0.2072582069	0.017665364	-0.0998022058	-0.033984204	-0.0873863672	-0.0583804184	0.0198013422784839	-0.0080143547388758	0.0003920931560296	6.422988188054103e-05	0.0662155639306973	0.0209925225273934	0.0004406860020631	0.0043845009066602	0.1635205835394941	-0.0267019165055728	0.0007129923450705	0.0267389812410966	0.002359170045854	-0.0002809243033319	5.565683305254765e-06	7.891846420256946e-08	0.0006018358245616	0.0002820780647133	3.62206359725741e-07	7.956803459240066e-08	-0.0005637108760432	-7.879960152999991e-07	6.209377201286765e-13	3.1776995176939205e-07	0.0	0.0	0.0	0.0	0.0	0.0	0.0	0.0	0.0	0.0
882.8702947214178	0.3438291423400414	0.1182184791222885	779459.9573014833	1011.686679012804	1.6595719348952116	1023509.9364919564	2.7541790070918366	846.9254661158511	0.8320597330729242	717282.7451555517	0.692323399401386	872.4376583357383	678.5833648935456	1.230022	18.825584	0.0265091957455828	0.019649197547922	0.0246928639	-0.1103913739	-0.1019108521	0.0419018856	-0.1665926114	-0.1061709865	-0.0276977705	-0.1160599734	0.0110611355	-0.0368687727	-0.0901193656	0.1024513131	-0.0264430483	-0.0360740016	0.0673241181	0.0198193943	0.0157875339	-0.132064715	-0.0915858475	-0.116651047	0.132716283	0.0081827412	0.167628969	-0.0142826727	-0.0667730911	-0.0038623869	0.0153473228	-0.0096520849	-0.0030274143	0.0669872903	0.1087107637	-0.0211101425	-0.100177044	-0.0243337988	-0.0337663647	0.166303924	-0.0725528384	0.0134517316	0.0721131586	-0.0987860564	0.1077339329	0.0533242776	0.0789940949	-0.0815305743	0.0321045784	-0.0611985255	0.0023223596	0.0193319779	-0.0579500369	0.1422868199	-0.0397618439	-0.0622355873	0.1591122305	0.0157146957	0.0588845065	0.0080560681	0.006608718	0.0086201733	0.1885399658	-0.0070488436	0.0103371518	-0.0313559606	0.0302895827	-0.0369003515	0.0473840703	0.056413822	-0.0081913365	-0.1077621556	0.1583982737	0.0031225666	-0.092280022	-0.0471208409	0.0112832717438209	-0.0085180705346629	0.0001273122212449	7.255752563349398e-05	0.0839407439097215	0.0177251799790242	0.0003141820052888	0.0070460484881174	0.1635364180680198	1.5834528525687785e-05	2.5073229363082016e-10	0.0267441600345181	0.0023641699742878	4.9999284337997815e-06	5.589299667323976e-06	2.4999284343119537e-11	0.0006018346216298	-1.202931799960602e-09	3.622049117922846e-07	1.447044915356454e-18	-0.000563711958745	-1.0827017999596315e-09	1.1722431876358262e-18	3.177711724321246e-07	0.0	0.0	0.0	0.0	0.0	0.0	0.0	0.0	0.0	0.0
882.1402881133782	-0.7300066080396164	0.5329096477815061	778171.487912754	1012.5227155570524	0.8360365442483726	1025202.2495190277	0.698957103318761	846.0818887275562	-0.8435773882948752	715854.5624327889	0.7116228100424026	871.6966007959086	680.711970543908	1.122336	17.177433	0.0768837021392961	0.0355019008619384	0.0363914423	-0.1223950713	-0.0099350858	-0.2073569515	0.0077867564	0.0105066652	-0.0309770365	-0.0296863057	-0.0459124216	0.1758747444	0.0711087105	0.0254552376	0.0526962884	-0.0797842836	-0.0085360781	-0.0360546029	-0.143328718	0.1788263521	-0.1119308417	-0.0910008955	0.0347917135	-0.0377719229	0.005208358	-0.1109704783	-0.0091086654	-0.0288848302	-0.024016879	-0.0120187539	0.3263654005	0.0484887027	0.0304493598	0.0575284017	-0.0249616811	-0.0447735911	0.0322616285	-0.0971353307	0.0627735175	0.1992549058	0.0652061117	-0.1865132339	-0.0377689205	0.023978176	-0.0848438957	-0.0719751935	-0.027830085	0.0284580671	0.0668599903	0.0196236389	-0.072304682	0.1290601095	-0.0551193583	0.0845762345	0.1701768122	0.0703054675	-0.0805416525	-0.082568189	-0.1420476375	-0.1430103379	-0.0631149094	0.0997778347	-0.0051505339	-0.0594892298	0.126033977	-0.0594517669	0.2016978673	-0.0140361368	0.1694515581	0.0102411866	0.0277839999	-0.0362081526	-0.0970382431	-0.0355847396	0.0172186521637769	0.0059353804199559	0.0002964819823371	3.522874072959705e-05	0.0693618370668218	-0.0145789068428997	0.0002125445247339	0.0048110644412843	0.1864522689938752	0.0229158509258554	0.000525136223656	0.0347644486129644	0.0028762190361713	0.0005120490618835	8.272635944034163e-06	2.6219424177577257e-07	0.000600966349888	-8.682717418000748e-07	3.61160553697706e-07	7.538958176085357e-13	-0.0007198659041314	-0.0001561539453864	2.4384054659738808e-08	5.182069199309181e-07	0.0	0.0	0.0	0.0	0.0	0.0	0.0	0.0	0.0	0.0
879.9069308385518	-2.2333572748264032	4.987884717020019	774236.2069377201	1005.7311989198248	-6.7915166372275735	1011495.2444807084	46.124698233738926	846.0300763046532	-0.0518124229030263	715766.8900120574	0.002684527167082	870.1160072064673	666.4966548464303	1.297428	19.857231	0.0698478266424303	0.0295891673993582	0.0934045842	0.0069521587	0.0037916181	0.1046878282	-0.0516392325	-0.0690025627	0.0355599772	-0.124996658	0.0663130985	-0.1471144037	-0.1918244157	0.0426555769	-0.0939432219	-0.0130803829	0.0746232228	-0.0181703532	0.0400185579	-0.0688755479	0.1838579687	0.0623525353	-0.0721769802	-0.0419876018	0.1308395505	-0.2200689394	-0.01007167	0.0134110242	0.0926652479	-0.2352003685	0.1296592616	-0.0587253565	-0.0310176734	-0.0748989026	-0.0656059205	0.0412062394	-0.0633379217	0.035092989	-0.0676200176	-0.1220102918	-0.0607708068	-0.065994216	-0.0209493068	0.2186418108	0.0718053455	-0.1592465859	-0.0949480216	0.2463880341	0.0841734187	0.0520831752	-0.0268299323	-0.0120801187	-0.0207352195	0.078289644	0.0739117032	0.0566434028	0.1395889383	-0.1399483889	0.0446627204	0.0997764295	0.0774273196	-0.0898424835	-0.0607595774	-0.0084966217	0.0529352669	-0.0160048734	0.1670092146	-0.035624786	-0.154872231	0.1947145451	0.1860915272	-0.0778680825	-0.1016540472	-0.023839813	0.002133197900207	-0.0150854542635699	4.550533281447553e-06	0.0002275709303382	0.0615815390384995	-0.0077802980283222	6.053303740951578e-05	0.0037922859503502	0.2025569727904184	0.0161047037965431	0.0002593614843743	0.0410293272260183	0.0031648395326466	0.0002886204964752	1.001620926740275e-05	8.330179098564865e-08	0.0007470740759847	0.0001461077260967	5.581196750083933e-07	2.1347467625148325e-08	-0.0009026850926393	-0.0001828191885078	3.342285568668704e-08	8.148403764732216e-07	0.0	0.0	0.0	0.0	0.0	0.0	0.0	0.0	0.0	0.0
883.8014878736659	3.894557035114076	15.167574499756542	781105.0699677056	1013.4729436391808	7.7417447193560065	1027127.407488666	59.93461129967661	845.7751629745751	-0.254913330078125	715335.6263046691	0.0649808058515191	871.6513110427777	678.6654371347446	1.252987	19.177055	0.068843314618587	0.039626267440552	0.0583021613	-0.0799057153	0.0634107718	-0.1471178702	0.0266214758	-0.0047451486	0.0026607176	0.0002592397	0.1069093766	0.1299906194	0.1363423223	0.0161687968	-0.1083378476	-0.0593912309	0.0327803811	0.0340760339	-0.0938213709	0.0627993433	-0.1375400912	-0.1207607721	-0.1358103377	-0.179919352	-0.1957509525	-0.0581914289	-0.0107525152	-0.0773479562	-0.0315037334	-0.1789404555	0.0407158115	-0.1439026939	0.0332052361	-0.0552419616	-0.0717038204	0.0577596453	0.0407240336	-0.0458050391	0.104078718	0.21217173	0.0803032561	0.042261923	-0.0528448447	-0.1058902456	0.0364015108	-0.1450882672	-0.164189327	0.2129792028	0.0871687323	0.0290472983	-0.0670897212	-0.0865052495	0.0359725694	0.1586684596	0.1156347533	0.1695746179	-0.073150314	0.0211388097	0.0388446617	-0.0942242033	-0.174003999	0.0102106994	-0.0667666483	0.0339336461	0.0325819922	0.0012570769	0.138005027	0.1604082248	-0.0637632327	0.1667312691	0.1020467533	-0.0660633136	-0.10612066	-0.0119549848	0.0222258450243231	0.0200926471241161	0.0004939881870452	0.0004037144684542	0.0504955554497854	-0.011085983588714	0.0001228990321292	0.0025498011201823	0.2024115620872066	-0.0001454107032118	2.1144272608552172e-08	0.040970440466583	0.0025318869543161	-0.0006329525783305	6.410451549436056e-06	4.006289664152281e-07	0.000760226977382	1.3152901397300008e-05	5.779450571393719e-07	1.7299881516709647e-10	-0.0010069650769624	-0.0001042799843231	1.0874315130426006e-08	1.0139786662218922e-06	0.0	0.0	0.0	0.0	0.0	0.0	0.0	0.0	0.0	0.0
878.7565794319376	-5.044908441728353	25.451101185422	772213.1258949192	1008.6727163935282	-4.80022724565265	1017420.6487966988	23.042181609906024	845.7895231548108	0.0143601802357125	715359.9174784422	0.0002062147764021	870.1446991443138	668.7948478803243	1.26628	19.380516	0.0771030065102162	0.0389452335543335	0.1603921478	0.025126633	0.1173790255	-0.0570644025	0.0918505293	0.0479576426	-0.0047607386	-0.1292888776	0.1365902754	0.0278464525	-0.1025391193	0.0526640581	-0.0579223559	-0.0693287677	0.0178450418	-0.0461863697	0.1461960718	0.0375742343	0.0111391409	0.2153500231	-0.0095014862	-0.2609235814	0.0013131001	-0.0738692738	0.0283870338	0.0990944214	-0.172309415	0.1031593021	0.0794598772	-0.1525075606	0.060258198	-0.0674317499	-0.0874613733	-0.0051933825	-0.0099165571	-0.1683643965	-0.0550132874	-0.22533292	-0.0073754756	-0.083688911	-0.0546852887	-0.1154869116	0.0159362666	-0.2160756194	-0.0846451814	-0.0477247204	0.1099283444	0.0266489293	0.056687779	-0.0967591358	-0.0059209391	0.157033651	-0.032572092	0.0921414056	-0.0362071691	-0.1452963045	0.0412874942	0.1114609976	0.1065853828	0.0557644935	0.0292582953	-0.1174947569	0.0321335512	0.0615478762	0.0448001629	-0.0563642759	0.0143558711	0.0206975717	-0.0866221105	-0.0658294143	-0.1104315261	-0.0	0.0400085437579065	0.0177826987335834	0.0016006835736283	0.0003162243742493	0.0503848462137597	-0.0001107092360256	1.2256534941394038e-08	0.0025386327279842	0.2359364689668837	0.0335249068796771	0.001123919381291	0.0556660173885612	0.0028853056052754	0.0003534186509593	8.324988435833642e-06	1.2490474284589169e-07	0.0006000490537438	-0.0001601779236382	3.600588668988297e-07	2.5656967221045052e-08	-0.0010068678183413	9.725862110013077e-08	9.459239378298802e-15	1.013782803611369e-06	0.0	0.0	0.0	0.0	0.0	0.0	0.0	0.0	0.0	0.0
882.6989609799741	3.9423815480365647	15.54237227029918	779157.4557151259	1013.225123945489	4.552407551960869	1026625.1517943516	20.72441451915035	846.7981351082785	1.008611953467721	717067.0816228583	1.017298072677972	872.1557976348591	666.7771754106196	1.15878	17.735222	0.0391142600365651	0.0236103853951294	0.1305458815	0.0944852391	-0.0139880411	-0.0194603482	0.0065327427	-0.0219619575	0.0979877907	-0.0392625354	0.0788596559	0.0339832423	0.1235730594	0.0250219988	-0.1337247418	0.0852052343	0.0090910073	-0.0971990038	-0.0262517543	0.0781546138	-0.0492971389	0.069800946	-0.0676047645	-0.1315494268	0.0059072767	0.008874447	0.0864090095	-0.0272818298	-0.0262328703	0.2400439426	0.030775278	-0.0179121591	-0.24259121	-0.1287561592	0.0323984545	0.0374159812	-0.1241283286	-0.0710627236	0.0818710486	0.0081801766	0.0541931958	0.0324701298	-0.0498276017	-0.1735954709	0.0460794144	-0.0782767316	0.0823455458	-0.1422927236	0.1128235385	0.0007000197	-0.0280501649	-0.1183793268	0.0925549178	0.1716093367	0.0528930651	0.1094066769	-0.0199119949	0.0917638005	0.055737529	-0.0626241546	-0.1543700717	-0.0064525631	0.1168474751	0.0153846581	-0.0354755816	-0.0319887745	-0.1256759482	-0.0383798281	-0.2230798826	-0.1073855728	-0.1222418275	0.0154910075	-0.1145803187	0.0119549848	0.0286258892177642	-0.0113826545401423	0.0008194415335077	0.0001295648243802	0.0656060170211816	0.0152211708074219	0.0002316840407487	0.0043041494693835	0.2358108578718827	-0.000125611095001	1.5778147187351444e-08	0.0556067606902732	0.0026378077707255	-0.0002474978345498	6.958029835299833e-06	6.12551781068896e-08	0.0006001735786798	1.245249360000509e-07	3.602083245453181e-07	1.5506459685816772e-14	-0.0010067937059472	7.411239409996738e-08	5.4926469592288786e-15	1.013633566334897e-06	0.0	0.0	0.0	0.0	0.0	0.0	0.0	0.0	0.0	0.0
881.4098577148741	-1.2891032651000387	1.6617872280915806	776883.3372769546	1011.52805075588	-1.697073189609	1023188.9974659904	2.8800574108896653	847.2594630191201	0.4613279108415327	717848.5976754477	0.2128234413214131	871.7265778381792	676.4107503648373	1.139647	17.442387	0.0568557104126025	0.0275619203243443	0.163916657	-0.0726436978	0.0763739875	-0.0909801695	0.0515153196	-0.0051742977	-0.0004013531	-0.049545217	0.0987054331	0.0710438194	-0.0758544008	0.2059758819	0.0035269948	-0.0235757808	0.0928784569	-0.074406861	0.1959522237	0.0696004626	-0.0917357305	0.134372117	0.1337971341	-0.0574250167	0.0409289332	-0.0080758893	-0.0354617371	0.121684021	-0.0782886712	0.0472517386	-0.0004917548	0.0864659301	0.0341810262	-0.0387858047	-0.0664981084	0.0405015042	-0.0415059473	-0.164017552	-0.1880984196	-0.1185094202	0.0546223496	-0.0898092724	0.0309433849	-0.0343993112	-0.0994698315	-0.1224232286	0.0189763378	-0.1559233157	0.1340059802	0.0313421973	0.1187057796	-0.059444278	-0.0387090732	0.1958945763	0.0442449559	0.116539723	-0.0628111093	0.0106748357	-0.0488963249	0.1251815734	0.1893225321	0.203929679	0.0097066941	-0.0961421089	-0.0630055962	-0.0129620884	-0.0367778725	0.0536395892	-0.0170972812	0.0003685734	-0.0351302825	0.0455537705	-0.1185609488	0.023839813	0.03221904722011	0.0035931580023457	0.0010380670037716	1.2910784429821658e-05	0.0659135249114655	0.0003075078902839	9.45611025868555e-08	0.0043445927662543	0.2510418186164855	0.0152309607446028	0.0002319821652036	0.0630219946942724	0.0030728981773415	0.0004350904066159	9.442703208308714e-06	1.8930366192927617e-07	0.0008440708956249	0.0002438973169451	7.124556768410209e-07	5.9485901213018574e-08	-0.0009312997540009	7.549395194629994e-05	5.6993367804702435e-09	8.67319231802137e-07	0.0	0.0	0.0	0.0	0.0	0.0	0.0	0.0	0.0	0.0
881.2524519776817	-0.1574057371923345	0.0247765661010622	776605.8841166763	1008.8388678079629	-2.6891829479171747	1017755.8612000524	7.231704927368506	846.2003523977179	-1.0591106214021693	716055.036398022	1.1217153083668892	872.1648365858318	672.2414319641202	1.299811	19.893709	0.0880692369971263	0.0450539161049418	0.1108625952	0.1940928222	-0.0563571701	0.0772025115	-0.0040269306	0.0544612419	0.1248907047	-0.0729182657	0.0806713247	-0.0396324429	0.0902706348	-0.0296356448	-0.1857075585	0.0350628352	-0.0046282357	-0.1128255631	-0.0377067449	0.0550503363	0.1176265885	-0.0002917574	0.134164236	-0.0820178049	-0.1490514534	-0.0423635144	0.1409432721	-0.0252691991	0.1370872672	0.1294795545	0.1244106183	0.2308164409	-0.1331581602	-0.1392501349	0.008200793	0.0165729418	-0.1267268444	-0.04939947	0.1225772061	0.0419460075	-0.1257261548	0.0104680612	-0.2440313933	-0.0065105189	-0.0793197962	-0.1015369448	0.0273940862	-0.06770799	0.1278047764	-0.0655734059	0.0950354566	-0.1226847738	-0.0100996724	0.1449638638	0.1388904395	-0.0544200766	0.1379130301	0.2037451819	0.0493532577	-0.1273499109	-0.0247683845	0.0216585699	0.0699480689	0.0142372782	-0.0628631504	0.0152542158	-0.0020463813	0.0421397548	0.0342577227	-0.0590813325	0.033051979	0.0095574772	-0.1223675745	0.0355847396	0.0458427610697214	0.0136237138496113	0.0021015587424955	0.000185605579056	0.0633158984557411	-0.0025976264557244	6.747663203479352e-06	0.0040089029972577	0.267116222903951	0.0160744042874654	0.0002583864731968	0.0713510765384732	0.0026351573964506	-0.0004377407808908	6.944054504068306e-06	1.916169912549749e-07	0.0006018480791205	-0.0002422228165044	3.622211103410356e-07	5.867189283532427e-08	-0.0004957935033097	0.0004355062506912	1.8966569439110637e-07	2.458111979241056e-07	0.0	0.0	0.0	0.0	0.0	0.0	0.0	0.0	0.0	0.0
879.736921691381	-1.5155302863007591	2.296832048694861	773937.051387027	1009.1477195096304	0.3088517016675496	1018379.1197914876	0.095389373622941	846.2324699535704	0.032117555852551	716109.3932037205	0.0010315373939417	872.023227767071	669.1984045995425	1.12947	17.286625	0.0271776266152613	0.0186353006839796	0.1235645325	-0.0673852578	0.0517326601	0.0131951946	0.1361908198	0.0268189512	-0.080964271	-0.0570634473	0.1015380834	0.0642674466	-0.0446142587	-0.0117796339	-0.0482923214	-0.0699227781	-0.0032662788	0.0356238117	0.0501519185	0.1518952441	-0.0105210047	0.0599974663	0.1685491663	-0.1152537396	-0.1058010537	-0.0975333447	0.1021482618	-0.0352435822	-0.1113546663	-0.031958291	0.1559919535	0.1814738611	-0.0137351757	-0.0024626707	-0.0896147676	0.0341838137	0.0480961259	-0.1294785081	0.0262040873	-0.0563041958	-0.0412977814	-0.1360641797	-0.1119439729	-0.077097887	-0.10523444	-0.0955096097	0.0064680133	-0.0743832561	0.0954002355	-0.0179406824	0.1386570166	-0.0496342626	-0.1851642741	0.1224594438	0.0711315857	0.0723672627	0.0269077426	0.0227790851	-0.0522914646	-0.0392029416	0.0667471343	0.0941215973	0.028428607	-0.0967618035	-0.0523050801	-0.1017183283	-0.128415586	0.0948346066	0.0871607522	-0.1521630894	0.0477154948	0.0731166456	-0.1259946088	0.0471208409	0.0360384754318516	-0.0098042856378697	0.0012987717114521	9.612401686893992e-05	0.0656700815293334	0.0023541830735923	5.542177943988529e-06	0.0043125596080692	0.2685147765295852	0.0013985536256342	1.955952243774666e-06	0.072100185214733	0.0026582265203873	2.306912393670001e-05	7.066168233690374e-06	5.321844792068251e-10	0.0006010115937353	-8.364853851999593e-07	3.612149358042453e-07	6.997077996531244e-13	-0.0007442999795511	-0.0002485064762413	6.175546873391748e-08	5.539824595597679e-07	0.0	0.0	0.0	0.0	0.0	0.0	0.0	0.0	0.0	0.0
882.25979765208	2.522875960699025	6.364903113073029	778382.3505530892	1009.260721827128	0.1130023174976031	1018607.2046230156	0.0127695237598291	847.749459999486	1.516990045915577	718679.1469294202	2.3012587994069444	873.0424300242413	665.7009652766696	1.168988	17.891445	0.0518826376497252	0.023625354663047	0.0705739882	0.195942029	-0.0185055806	0.0052738759	0.0421644869	-0.017901558	0.1473755537	-0.0309227795	-0.0570436414	-0.0654590151	0.0887492297	0.0158333202	-0.1033658844	0.1540889648	0.0030680181	-0.0404738083	-0.0639373467	0.0299921923	-0.0591716459	0.0146542186	0.0238403457	0.0003351627	-0.0556310313	0.0092925797	0.1952126137	0.1462500731	-0.0746720184	-0.0810298126	0.1336002183	0.0576214909	-0.2009905031	-0.1166565825	0.1089152993	0.0340083542	-0.1095076796	0.0040794058	0.1241681971	0.0356147866	0.026897614	-0.040647822	-0.1226022584	0.0189756405	-0.032913152	-0.0441559202	-0.1193781505	-0.1358766425	0.1080356418	-0.0762156075	0.0046556154	-0.0712581201	-0.0593941341	0.1618203289	0.1688578082	-0.0456963794	0.0920065381	0.0791824164	-0.0278605573	-0.1091993504	-0.112824659	-0.0955314614	-0.0029088492	0.0358728626	0.0195754466	0.0448036968	-0.0289071981	0.0392763346	-0.0691292418	-0.0602507066	0.0216916137	0.1012099892	-0.1294367287	0.0583804184	0.0303529527354555	-0.0056855226963961	0.0009213017397607	3.232516833123521e-05	0.0550172242285498	-0.0106528573007836	0.0001134833686708	0.0030268949618145	0.2561147068056897	-0.0124000697238955	0.0001537617291574	0.0655947430421644	0.0022932566359649	-0.0003649698844224	5.2590259983970505e-06	1.3320301653530008e-07	0.0006010349323457	2.3338610399955762e-08	3.612429898998002e-07	5.446907354009231e-16	-0.0008421905150913	-9.789053554019995e-05	9.582556948347152e-09	7.092848637097491e-07	0.0	0.0	0.0	0.0	0.0	0.0	0.0	0.0	0.0	0.0
880.5121289576012	-1.7476686944787616	3.054345865661099	775301.6092414474	1010.4486612526769	1.1879394255488478	1021006.497027327	1.4112000787733263	846.3907145182292	-1.358745481256847	716377.2416226785	1.8461892828359	872.3368778447083	678.0156494707977	1.314738	20.122158	0.075039127002113	0.0373066667216978	0.1361752528	-0.1277918105	0.0075818381	-0.0352540921	0.1356095218	0.0919322202	-0.0903175352	-0.1103131442	0.0845608489	0.0733108586	-0.126400286	0.1249328948	0.0196439442	-0.154155572	0.0822208294	0.0039760098	0.155120907	0.0406742319	-0.0099895241	0.0145356511	0.0282208082	-0.2083346361	0.0437375447	-0.0680337691	0.1118797144	0.1486894304	-0.1990422695	-0.0962034672	-0.1257157968	-0.0405801371	0.1163472083	0.031647712	-0.1717182183	-0.0012830923	0.0194182663	-0.085295781	-0.1234337038	-0.1125494231	-0.0329628075	-0.0731513612	-0.140308104	-0.0601086211	0.0696852934	-0.2066443821	-0.0784719637	-0.06571424	0.1023479217	0.0113288406	0.1938818182	-0.0905959738	-0.0303726219	0.1154681227	0.0413408488	0.1236848868	-0.0043437687	-0.1281653361	0.0110522288	0.1585996026	0.047577836	0.0573593106	-0.0700681617	-0.0788142082	-0.0502970292	0.0342795555	0.0248735256	0.2933028671	0.1191505664	0.0835181609	-0.0350687252	-0.025439208	-0.1326888823	0.0692973963	0.0331435077525128	0.0027905550170572	0.0010984921061408	7.787197303223649e-06	0.044610951512638	-0.0104062727159118	0.0001082905118379	0.0019901369948629	0.2791706605834037	0.0230559537777139	0.0005315770046	0.0779362577305739	0.0029033056327868	0.0006100489968219	8.429183597371562e-06	3.721597785234065e-07	0.0006000400158348	-9.949165108999803e-07	3.60048020603027e-07	9.89858863661391e-13	-0.0010068735115871	-0.0001646829964958	2.712048933483572e-08	1.013794268335738e-06	0.0	0.0	0.0	0.0	0.0	0.0	0.0	0.0	0.0	0.0
880.7838155708926	0.2716866132913083	0.0738136158417008	775780.12977162	1008.475211200944	-1.9734500517328115	1017022.2516067888	3.8945051066842367	847.043896484375	0.6531819661457803	717483.3625714325	0.4266466808980672	871.6531944790938	658.5303517377073	1.47357	22.553102	0.077700869107973	0.0503981691384088	0.1043902423	0.2245635669	-0.066930589	0.1125390043	0.0476142522	-0.1443910807	0.2232362397	0.0607259629	0.0850406538	-0.1284054485	-0.0158932138	-0.07943501	-0.1995530289	0.1663727924	0.0049699703	0.0024516189	0.0206632083	-0.0446412759	0.096294477	-0.0499735006	-0.2308953091	-0.0805045339	-0.1953638521	-0.0337405499	-0.0566455846	0.1837452478	0.0254819161	0.070699027	0.0028903325	0.1535040396	0.0224903263	-0.1884973609	0.0875311488	0.1279950122	-0.0386704471	0.0259392305	0.0599041579	-0.0181424034	-0.1490908972	0.2631341814	0.0132493924	0.0310353586	-0.0028647113	-0.2571728528	-0.1048282124	-0.1182840123	0.1460551135	-0.123624511	0.0602079255	-0.2239749228	0.2119617511	0.1532382811	0.0628516864	-0.0569019007	0.1667474533	0.1269074054	0.017346135	0.0197541038	-0.0773467641	-0.1035372879	-0.0089786397	-0.1029122357	-0.1718944319	0.0192571578	-0.1431273547	-0.0651877708	-0.0389843408	0.0249046947	0.0250967934	0.1284402522	-0.1357462967	0.0798077096	0.0573634117784109	0.0242199040258981	0.0032905610108595	0.0005866037510237	0.0866364372069199	0.0420254856942819	0.0017661414478402	0.0075058722519085	0.2782487407961156	-0.000921919787288	8.499360941932643e-07	0.0774223617546239	0.0026928041140073	-0.0002105015187794	7.251193996414641e-06	4.4310889408476166e-08	0.000600146513666	1.0649783120002601e-07	3.601758378654544e-07	1.1341788050309234e-14	-0.0010068103361877	6.317539940009846e-08	3.99113108936196e-15	1.0136670530543894e-06	0.0	0.0	0.0	0.0	0.0	0.0	0.0	0.0	0.0	0.0
881.9262867355944	1.142471164701874	1.3052403621752564	777793.9752352339	1005.15236806295	-3.3228431379940275	1010331.283022556	11.041286519713996	846.8918464526796	-0.152050031695353	717225.799588029	0.0231192121385578	873.3055639276891	689.9016256836296	2.248214	34.409081	0.450439701880837	0.2320355763528402	0.0928869499	-0.1809357221	-0.1377707259	-0.0274285028	-0.1326530861	0.310319704	-0.2317050279	-0.283808052	-0.0560184618	0.0001595032	0.0300050448	-0.0772014367	0.2097935779	-0.1282090336	0.2140576223	-0.2598691659	-0.149252524	0.0185114281	0.2047561495	0.0123903578	0.384365195	-0.0896365709	-0.1174539055	0.2230689943	-0.2372934472	-0.1335440717	0.0435272357	-0.0883839718	-0.0350554877	1.34137e-05	-0.0675297327	0.2271306603	-0.2023895834	-0.1625795393	-0.2653601455	0.0395428233	-0.1200788208	0.0575561458	-0.2162541334	-0.1578064826	0.1828187889	-0.2669325677	-0.2873190951	0.1751874364	-0.2303882505	0.1010266718	-0.0535174456	0.3583577438	0.444175254	0.2848057611	-0.0135288729	-0.0953575707	0.0973136459	0.1039824501	-0.1499812992	0.1618839238	0.2713357194	0.3379409829	-0.2789828762	-0.0237343372	0.0789483018	0.2519760867	0.0713686417	-0.0661068258	0.0900002443	-0.1881676394	-0.1044965783	-0.002319949	0.0614224501	0.076024098	-0.1386044847	0.0898496795	-0.0212054525835725	-0.0785688643619834	0.0004496712192741	0.0061730664471317	0.0366454090339516	-0.0499910281729682	0.0024991028977905	0.0013428860032656	0.1265340348966503	-0.1517147058994653	0.0230173519861612	0.0160108619872267	0.0044128725143498	0.0017200684003424	1.9473443827903924e-05	2.958635301856805e-06	0.0016839662936625	0.0010838197799964	2.835742478191417e-06	1.1746653155116613e-06	-0.0016062242247771	-0.0005994138885894	3.592970098338657e-07	2.579956260260796e-06	0.0	0.0	0.0	0.0	0.0	0.0	1.0	0.0	0.0	0.0
883.0553988549349	1.129112119340448	1.2748941780414778	779786.8374468482	1015.0613331622388	9.90896509928882	1030349.5100811016	98.18758933892391	848.9478293971011	2.055982944421544	720712.4170380495	4.227065867752281	876.7525545054742	675.191261530389	2.214593	33.89452	0.3890981900129202	0.1907481438524667	-0.2526832967	0.0105877111	0.1852524747	0.2460762922	-0.1066767753	0.0980112455	-0.2477670815	0.3160683138	-0.0901694801	-0.221156566	-0.025382494	-0.0955915637	0.2491863691	0.1541583437	0.1829767732	0.3345579613	-0.2057710237	0.185750444	0.1726264051	0.0712116212	0.2883303816	0.0981554033	0.1320825906	-0.027530813	0.0951597722	0.0447299826	0.1156603348	-0.0102394324	-0.1226647895	-0.1375592498	0.0556561628	0.3497097087	0.1645272327	0.3588788759	0.0484553066	0.1540723211	0.1214380911	0.0698423168	-0.1742693906	-0.3206345621	-0.0047807312	0.0593833391	-0.1679629335	0.0631090447	0.1135304264	-0.0722649643	-0.3428029185	0.2195783472	-0.1343255466	0.0467330389	-0.4474926463	0.0536383624	-0.0656470428	-0.1778952623	0.103877908	0.2456783103	0.1825320035	0.1249755019	-0.1004983245	0.0232156237	0.0278497268	-0.3499230426	-0.1861724245	0.1061254057	-0.0792029407	0.1182474974	0.1754688286	0.0252611608	-0.1174733526	-0.1344885091	-0.1412592515	0.0993643757	-0.038806652010038	-0.0176011994264655	0.0015059562402281	0.0003098022212502	-0.0294180408477302	-0.0660634498816818	0.0043643794102694	0.0008654211273187	0.0404746620771874	-0.0860593728194629	0.0074062156500793	0.0016381982702625	0.0009276618296123	-0.0034852106847374	8.605564701196398e-07	1.214669351700843e-05	0.0020899863205916	0.0004060200269291	4.368042820260014e-06	1.6485226226750708e-07	-0.0011099715787375	0.0004962526460396	2.462666887013046e-07	1.232036905605018e-06	0.0	0.0	0.0	0.0	0.0	0.0	0.0	1.0	0.0	0.0
884.7985878489268	1.7431889939919074	3.038707868774518	782868.541059455	1015.2646970634	0.2033639011611967	1030762.4051032376	0.0413568762955009	848.5274474026864	-0.4203819944146971	719998.8289957189	0.1767210212280784	873.3014735163313	677.4216391904947	2.058616	31.507275	0.2618484082965002	0.1320483650636504	-0.1756441722	-0.180196328	-0.1272727099	-0.2492784576	0.0674194376	-0.1660031292	0.0488487554	0.1059122466	-0.200832507	0.2115978395	0.2624787022	0.0501795571	0.2238731914	0.0829779889	-0.1092765524	-0.0089620829	0.0373402429	-0.0053981526	-0.3722309719	-0.1121750462	-0.0886604395	0.0705111008	-0.0202289876	-0.1171265769	0.040842464	0.0598055102	0.0532965969	-0.0732097672	-0.12324933	-0.0642954021	-0.0606655731	0.104583438	0.1638409111	-0.119886234	0.0986295992	-0.0126541416	-0.1538284176	0.2578140573	0.3209866108	0.0299423551	-0.0185203873	0.0870110593	0.0869454969	-0.0797961657	0.0033771452	0.0205571532	-0.1363669046	-0.0699989322	-0.1900160223	0.0087733344	0.0674353416	-0.0787162211	0.1821630251	0.0511678924	-0.1822693181	0.0254651915	-0.3100887401	0.0551614758	-0.201451464	-0.0040963773	-0.1862626216	-0.2710739739	0.0516593874	0.1701607525	-0.0293477866	-0.1958329729	0.0885091906	-0.0566384329	0.017812222	-0.1017301474	-0.1437067008	0.1082959623	-0.0098967539183831	0.0289098980916549	9.794573812103124e-05	0.0008357822076698	0.0501211503640064	0.0795391912117366	0.0063264829386171	0.0025121297138113	0.1273702365751461	0.0868955744979587	0.0075508408673302	0.0162231771652086	0.0010209652277822	9.330339816990004e-05	1.0423699963403594e-06	8.705524110050904e-09	0.0011640914181467	-0.0009258949024449	1.3551088298027949e-06	8.57281370373451e-07	-0.0007990949894493	0.0003108765892881	9.664425376746413e-08	6.385528021629769e-07	0.0	0.0	0.0	0.0	0.0	0.0	0.0	0.0	1.0	0.0
880.9514920056325	-3.8470958432942552	14.800146427491937	776075.5312669501	1013.6303538127116	-1.6343432506884028	1027446.494170483	2.6710778610707355	846.6926395884732	-1.834807814213264	716888.4259332961	3.366519715098054	871.5518872184634	674.529133996385	1.56365	23.931778	0.1500800734582666	0.0697218193561662	-0.0587853597	0.0266890736	0.189310404	0.0123096448	0.0322535158	0.0598796888	-0.0212505141	0.1219170683	0.0093746592	-0.0515663606	-0.0148013994	0.0159856905	0.0663606223	0.0299705773	-0.0869388507	0.0921576411	0.0815502843	0.0041239243	0.1580005035	0.1809412927	-0.0501546007	0.040408026	0.1429644082	0.004119466	-0.0396569348	-0.0957670107	-0.098239418	0.086487235	0.0696836726	-0.2206375768	0.0199104733	0.0429315578	0.0952244385	0.0328031128	0.1017936914	-0.0908000015	-0.0332641163	-0.2105231754	-0.0733867015	0.0105827547	0.0348020341	0.0158854278	0.0511426478	0.0564143507	0.1277021184	0.0464661697	-0.0886990777	-0.021037055	0.013862419	-0.0590603654	-0.0407238126	0.0038447563	-0.2603701795	-0.0637322958	-0.027765491	-0.1130652687	0.0091406756	0.1267315778	0.0623616474	0.0353392691	-0.0299472077	-0.025076301	0.0675259043	0.2019543783	-0.1077459894	-0.1095041683	-0.0714493701	-0.1506512397	-0.1881590486	0.1322801273	-0.1459432408	0.1165920251	-0.0052415815422079	0.0046551723761752	2.747417706361454e-05	2.1670629851904666e-05	0.0588609717621437	0.0087398213981373	7.638447807133868e-05	0.0034646139967838	0.1889537886728902	0.0615835520977441	0.0037925338889755	0.0357035342538392	0.0017608958315001	0.0007399306037179	3.100754129394429e-06	5.47497298318336e-07	0.0007120244392329	-0.0004520669789137	5.069788020649257e-07	2.0436455342425007e-07	-0.0011091279585418	-0.0003100329690925	9.61204419243111e-08	1.230164828419101e-06	0.0	0.0	0.0	0.0	0.0	0.0	0.0	0.0	0.0	1.0
881.801127771601	0.8496357659685145	0.7218809348129044	777573.2289392675	1007.85251474955	-5.77783906316165	1015766.6914869918	33.383424239796696	846.8709340948808	0.1782945064076102	717190.3790147359	0.0317889310151333	871.7355763319256	669.4508430346584	1.243783	19.036196	0.1058940317483362	0.0512498132077806	-0.0959484391	0.0947467462	-0.1472577176	-0.0049231185	-0.0287431411	-0.1104786622	0.0433820682	-0.0419235256	-0.0456522035	0.0510519332	0.0484849508	-0.1348791714	-0.0159991405	-0.0018743383	-0.0642798176	-0.0512466525	-0.056884877	-0.2095286822	-0.067006963	-0.0123828134	-0.0716845064	0.1413196522	-0.022805248	0.1389115701	0.0104878804	-0.0165896295	-0.0578815442	0.1701802402	-0.095170691	0.113636145	-0.0791710791	-0.0237483437	0.016350792	-0.1319168592	-0.0328027018	0.1339620855	0.074231125	-5.4693e-06	0.0902445615	0.1889165271	0.0032963971	-0.0657137474	0.0081180523	0.1574845884	0.026860242	-0.0428709089	-0.0560790186	-0.0657000037	-0.0907208568	-0.0173371157	0.1939602049	-0.1533836235	0.0295654939	-0.02732818	0.0182210001	0.0168366909	-0.0186144039	-0.0017615808	0.0089676348	0.0152640455	0.1425617852	-0.0035443621	-0.0334836101	0.1481425839	-0.1502995308	-0.2968799099	0.039024259	0.0180872263	0.0187934803	0.1119132467	-0.1479655889	0.1242038795	-0.0176538772949044	-0.0124122957526965	0.0003116593835435	0.0001540650858524	0.0991183982453804	0.0402574264832367	0.0016206603870532	0.0098244568707298	0.1726058368441272	-0.016347951828763	0.0002672555289955	0.0297927749126614	0.0018418321612384	8.093632973830002e-05	3.392345710172116e-06	6.550689471506828e-09	0.000952366008599	0.0002403415693661	9.070010143347908e-07	5.77640699653599e-08	-0.0006928787039734	0.0004162492545684	1.732634419287487e-07	4.800808984198585e-07	0.0	0.0	0.0	0.0	0.0	0.0	0.0	0.0	0.0	0.0
882.9608223714613	1.159694599860245	1.344891564945014	779619.8138428872	1010.1994353604604	2.346920610910388	1020502.8992025928	5.508036353915989	846.8187627424273	-0.0521713524534561	717102.0169326154	0.0027218500168227	871.645662043767	681.3239111853673	1.211227	18.537916	0.0874048789072623	0.0519551704544746	-0.091833553	-0.0343680197	0.1298241007	0.1808103777	-0.0898156767	-0.0627651991	-0.0611008755	0.0882611484	0.1136156957	-0.098336198	-0.0664754208	-0.0431300844	-0.0425147563	-0.0429689002	0.068610449	0.1659769923	-0.0178371052	-0.1232086962	-0.0046036845	-0.0434592231	-0.0872279307	0.2290541335	-0.0411830732	0.1021547283	0.0350827678	0.0251237988	-0.1417366109	0.1174178192	0.0174725866	-0.1282245483	0.0398553086	0.0001538921	-0.0843544262	0.1043672997	0.0799983505	0.16537795	0.0293911552	0.0057961714	0.0188953308	0.160735713	-0.0253290625	-0.0510828727	0.0488267672	0.2635043277	0.0004129311	-0.0089868324	-0.0937688335	0.0076073488	-0.0070125693	0.0445270417	-0.0642411583	-0.1645200001	-0.2098902538	0.075783662	0.1214424336	0.0776428992	0.0216601913	-0.1078303396	0.1226699738	-0.0340472751	-0.0379262431	0.053453784	0.0030785624	-0.1532133555	-0.0011540359	0.0052997843	0.0694445737	-0.0569191186	0.2292557342	-0.0509582585	-0.1497707771	0.1310868562	-0.0094577136087252	0.0081961636861792	8.944834670466585e-05	6.717709917064263e-05	0.0557960961220374	-0.043322302123343	0.0018768218612662	0.0031132043424596	0.1725962389964621	-9.597847665104853e-06	9.211867980255867e-11	0.0297894617157238	0.0022507262348368	0.0004088940735983	5.065768584182638e-06	1.6719436342389364e-07	0.0007127993621129	-0.0002395666464861	5.080829306285571e-07	5.7392178108596055e-08	-0.0006238031190564	6.907558491700007e-05	4.7714364316256885e-09	3.891303313444931e-07	0.0	0.0	0.0	0.0	0.0	0.0	0.0	0.0	0.0	0.0
883.7496500176904	0.7888276462291515	0.6222490554554233	781013.4439063903	1011.1976618939136	0.9982265334532484	1022520.7114197176	0.9964562120900896	847.6829381039269	0.8641753614995196	718566.3635525058	0.7467990554228253	873.1058743384576	684.3913115708561	1.196108	18.306526	0.0334619338221702	0.0254091201756674	-0.1415216373	-0.0084666618	-0.0324861626	-0.1808743868	-0.0673890496	-0.0364675584	0.04147036	0.02566479	-0.1678099868	0.0193076169	0.1664913839	0.0134842164	0.116973904	0.0654514699	-0.0837582881	-0.1873198595	0.0634097535	0.1222316539	-0.0593327517	-0.0687445622	-0.126710434	0.0692304199	0.0985490008	-0.0029484769	0.0058370577	-0.0111299131	0.2590519611	0.0290877593	-0.0285376425	0.0642801405	0.0675541013	0.0643768427	0.1560056723	-0.0958669999	-0.0448549816	-0.1545378537	-0.0684488255	0.1303896252	0.1001683838	0.0713460941	0.0658152192	0.1372484502	0.0969934768	0.0415073332	0.1570051608	-0.0030992351	-0.0858641269	-0.0728858393	-0.0544552307	0.1220099547	0.0479291037	-0.0533642875	-0.00599177	-0.09509225	-0.1032199002	0.0999516439	-0.1519973362	-0.0790310764	0.0836970755	0.0539667166	0.0164984783	0.0476193005	0.0929408643	-0.1186671614	-0.0732857163	-0.0442508629	-0.0142456995	-0.1813453884	0.0292090786	0.0315525236	-0.1513561561	0.1372005631	-0.0095613854478244	-0.0001036718390991	9.14200916818682e-05	1.0747850222210304e-08	0.0707129147914855	0.0149168186694481	0.0002225114792171	0.0050003163183078	0.1725921803582792	-4.0586381828966456e-06	1.6472543899666582e-11	0.0297880607208247	0.0018822245237614	-0.0003685017110754	3.542769157848829e-06	1.3579351106549757e-07	0.0007129135930712	1.1423095830007113e-07	5.082457911856886e-07	1.3048711834152591e-14	-0.0006236713675813	1.317514750999232e-07	1.7358451191005685e-14	3.8896597474072907e-07	0.0	0.0	0.0	0.0	0.0	0.0	0.0	0.0	0.0	0.0
881.8123285039007	-1.9373215137896975	3.753214647792406	777592.9827014713	1012.966260427452	1.768598533538352	1026100.6447643765	3.1279407728340094	847.5568926894874	-0.1260454144394316	718352.6863454593	0.015887446501208	873.3735239542982	680.4550284368885	1.109838	16.986156	0.0462166123665177	0.0334042381162498	-0.0715698891	-0.0454103412	0.0600346056	0.0475838724	-0.0163114002	-0.0138167598	-0.0379480878	0.0064893311	-0.0893383597	-0.0020391017	-0.124235637	0.0676449394	0.1058246577	-0.0389591576	-0.0422713618	-0.0170353775	0.1440585151	-0.0244623536	0.0714662662	0.0019526318	-0.1199524957	0.0815789364	0.2459024925	-0.0872990336	0.0466073251	-0.0780594713	0.0755848373	0.0474857704	0.007904154	0.2107954049	0.1345417463	0.0742046643	0.0118519325	-0.046256996	0.0186135019	-0.0090755162	-0.116154522	-0.097941587	-0.0520770677	-0.0419606658	0.0018456124	0.229781248	0.2021471831	0.0571487379	0.1581245219	0.0016982604	-0.0780735473	-0.050915487	0.0115918669	0.0700904522	-0.1167808747	-0.0776013733	-0.0795940297	-0.0347283144	0.0354516249	-0.1368962642	-0.0564379821	0.0051940723	0.155209583	0.0209974803	-0.1155809471	0.0430042436	0.0969559471	0.0969998646	0.0464048526	-0.0300342779	-0.0983292933	0.1070952144	-0.0833450603	0.0813135755	-0.152719399	0.1425091225	-0.0094611198606457	0.0001002655871787	8.95127890175045e-05	1.0053187972289528e-08	0.04347992480983	-0.0272329899816555	0.0007416357433409	0.0018905038614684	0.1725793471972707	-1.283316100850196e-05	1.64690021470135e-10	0.0297836310790361	0.0022092054961197	0.0003269809723583	4.880588924085491e-06	1.0691655628437945e-07	0.0007128673679102	-4.622516100005313e-08	5.081798842312164e-07	2.136765509480833e-15	-0.0005732880923671	5.038327521420005e-05	2.538474421309824e-09	3.286592368499086e-07	0.0	0.0	0.0	0.0	0.0	0.0	0.0	0.0	0.0	0.0
882.2552816957848	0.4429531918840439	0.1962075302002626	778374.3820801086	1011.612366986562	-1.3538934408899197	1023359.5810401548	1.8330274492847456	846.7942222193668	-0.7626704701206108	717060.4547841024	0.5816662459939935	872.3280703319347	675.5342557201647	1.023478	15.664404	0.0851442471285289	0.0520802741076022	-0.1387850078	0.105120578	-0.0082537583	-0.1115058653	-0.0299107946	0.0163722581	0.0190139687	-0.0020423435	-0.1808137378	0.0929313399	0.0312036722	-0.0935108347	0.0167779381	0.0508487591	-0.1209328957	-0.0459710358	-0.1473172758	-0.0122629637	-0.1135006616	-0.1007897054	-0.0149713454	0.1121567002	0.0162614531	-0.0489836101	0.0167111487	0.0594389844	-0.0216175377	0.1022776395	0.0744171196	0.0145472014	-0.0408377191	0.0138012735	0.1340955432	-0.1130805748	0.0092463371	0.0117519815	0.1458002576	0.0650466707	0.0945496015	-0.0045647539	0.0191685471	0.056232217	0.0108147005	0.0592434761	-0.0143006282	-0.1009027552	-0.0804847181	-0.0677026833	-0.0721737189	0.1209089567	0.0280968946	-0.020655877	0.00658114	-0.1325329333	-0.0041505937	0.0046678044	-0.1140214445	-0.1066628795	0.001708434	0.0006330506	0.1029567768	0.1232759093	0.1016064895	-0.0808589763	-0.079643347	-0.1066964249	-0.1387887391	0.0211996039	0.074929972	0.1039282856	-0.1538585052	0.1469813818	-0.0103717884497029	-0.0009106685890572	0.0001075739956453	8.293172790954323e-07	0.0852580312032813	0.0417781063934513	0.0017454101738225	0.0072689318846596	0.1726523864366811	7.303923941040513e-05	5.3347304936504785e-09	0.029808846542281	0.0018208527309605	-0.0003883527651592	3.315504667846311e-06	1.5081787020679685e-07	0.0011214294054064	0.0004085620374962	1.2576039113101518e-06	1.669229384830464e-07	-0.0006240219478439	-5.073385547680004e-05	2.573924091540833e-09	3.894033913908951e-07	0.0	0.0	0.0	0.0	0.0	0.0	0.0	0.0	0.0	0.0
882.0424099318162	-0.2128717639685646	0.0453143878950883	777998.8129183261	1009.8846327999988	-1.7277341865632252	1019866.9715655884	2.9850654194192896	846.190290484512	-0.6039317348547684	716038.0077102629	0.3647335403646902	872.01522169004	676.3535860662591	1.19279	18.255737	0.1450229851982012	0.0642111003081492	-0.0776540527	-0.1265838624	-0.1370771385	0.051787867	-0.0436457978	0.0357086904	-0.1018337314	-0.0398241002	-0.0911796322	0.0150616691	-0.1656574737	-0.0090419248	0.0751436006	-0.1285233046	-0.0554486458	0.0842555284	-0.0151483671	-0.2207513565	-0.0043327731	-0.0748866581	-0.0096632743	-0.0253632494	0.129321033	0.0002011698	-0.0532769908	0.0605193264	0.0428841575	-0.0901872848	0.0636456411	0.0184636983	-0.1178767199	0.079268102	-0.0884359131	-0.0997228664	0.0915180736	0.1746969667	-0.0086927524	-0.0790617462	0.0601959362	-0.0350994597	0.1164533402	0.1303300738	0.0879562692	-0.0034073621	-0.0931026896	0.0268920853	-0.1016928572	-0.0276390031	-0.0263721458	0.1181922402	0.0330596363	-0.1070472445	0.0550796213	-0.002351935	0.0652061203	-0.2605431695	0.0196451702	0.0671993103	0.035916208	-0.0595344696	-0.0739939628	0.036810139	0.0246092376	0.0270238095	0.1436925455	0.1561710164	-0.0946497743	0.0584904283	-0.1079049837	-0.0169509632	-0.1547718027	0.1505910958	0.0094118364124966	0.0197836248621995	8.858266465559685e-05	0.0003913918126882	0.0427028858385227	-0.0425551453647586	0.0018109403970157	0.0018235364589379	0.156121175198308	-0.016531211238373	0.0002732809450077	0.0243738213453007	0.0021279409011245	0.000307088170164	4.52813247867855e-06	9.43031442546739e-08	0.0007111934974126	-0.0004102359079938	5.057961907619659e-07	1.682935002074976e-07	-0.0012297579443435	-0.0006057359964996	3.669160974553634e-07	1.512304601675951e-06	0.0	0.0	0.0	0.0	0.0	0.0	0.0	0.0	0.0	0.0
881.8603012356666	-0.1821086961496121	0.0331635772133117	777677.5908954607	1012.6665973433528	2.781964543353979	1025493.6373749642	7.739326720478713	846.240111126816	0.0498206423039846	716122.325679926	0.0024820963995815	871.6840716946509	676.1895550543081	1.275907	19.527847	0.1077414248052219	0.0563991914428848	-0.0875430187	0.0646259458	0.127378362	-0.0291199894	0.0964371231	0.0652883432	0.0253135295	0.2583553007	0.0502970352	-0.0346589306	-0.0528605711	-0.0893962996	-0.0192168741	0.0435639062	-0.1459305272	0.1625680996	-0.0746700934	0.1082650588	0.030087811	0.0516251766	-0.1542151832	-0.1054410668	0.0126752129	0.2726516926	-0.1201274234	-0.0870652016	-0.1508490022	-0.0396183901	-0.2226058056	0.019521868	-0.1088788385	-0.0242684271	0.0968985576	0.0586647163	0.190447272	-0.03338494	0.121246237	-0.0152349514	-0.0865162334	0.0594013725	0.1625538655	-0.2010553793	0.1378469421	0.0961835555	-0.0323410356	0.0505064722	-0.0626930012	-0.0739817087	-0.0514432043	-0.0221620409	0.087773035	0.0656889948	-0.2253560113	-0.0378330896	-0.0753797102	-0.1137382615	0.0040434399	-0.1061184304	-0.0838232487	-0.080459161	0.0060545533	0.0648559833	-0.0808281858	-0.0390019751	0.0576433636	0.0963840223	0.004493948	0.0613408648	0.1597150657	0.0533993409	-0.1554579513	0.1533170814	0.0094333112555489	2.1474843052300335e-05	8.898736124406555e-05	4.6116888412093207e-10	0.0567802102855523	0.0140773244470296	0.0001981710635869	0.0032239922800715	0.191279803692538	0.0351586284942299	0.0012361291575952	0.0365879633006558	0.001820824213748	-0.0003071166873765	3.3154008173710224e-06	9.432065966511496e-08	0.0009954061846821	0.0002842126872695	9.90833472503375e-07	8.077685160495062e-08	-0.0006514073785713	0.0005783505657722	3.344893769290239e-07	4.243315728571329e-07	0.0	0.0	0.0	0.0	0.0	0.0	0.0	0.0	0.0	0.0
880.747203987649	-1.1130972480176524	1.2389854835444711	775715.6373320613	1010.5065091144608	-2.16008822889205	1021123.4049626938	4.6659811565979945	847.4150662606222	1.1749551338061792	718112.2945254947	1.3805195664574963	872.7479978198191	666.5507663047478	1.132823	17.337938	0.0580884146291441	0.0315137999204601	-0.1021849403	0.0567056759	-0.1808026191	-0.0424449006	-0.0004495938	-0.0558954704	0.0724044512	-0.0269629084	-0.1772801549	0.0388235539	-0.0145891223	-0.0323405983	0.1382376189	0.0800921789	-0.104616546	-0.0829689233	-0.0017219729	-0.1075549414	0.0443327115	-0.0768434498	-0.0054367768	-0.0322690415	-0.0418924325	0.1148556464	-0.1871472278	-0.1111602391	-0.0311128144	-0.1127616168	-0.0560178931	-0.0001957092	0.0418008096	0.0452042149	0.117991932	-0.2115078843	-0.0289328984	0.0697477358	-0.0930522288	-0.0201742355	-0.0863535252	0.0101353336	0.0874749937	-0.127347297	-0.016098335	0.0685263397	0.003709397	0.0944649871	-0.0794361856	-0.0465272977	-0.0214354244	0.0422218071	0.2421501677	-0.0690849253	-0.0666129923	-0.0854352718	-0.0363764263	-0.1302717562	0.0114784276	0.0336926496	0.0063131562	-0.029634741	0.1108042463	0.071898633	-0.0971895148	-0.043919504	0.0145488936	0.2214800741	0.1725489261	0.1317664784	0.0184720032	-0.1581224195	-0.155915944	0.1551433414	0.0015976654674574	-0.0078356457880915	2.552534945905872e-06	6.139734491643608e-05	0.060955521730321	0.0041753114447686	1.7433225660816446e-05	0.0037155756294156	0.168657521649294	-0.0226222820432439	0.000511767644844	0.028445359608882	0.0020614291043936	0.0002406048906456	4.249489952441001e-06	5.789071340258122e-08	0.0010881895154242	9.278333074210009e-05	1.1841564214791551e-06	8.608746463597935e-09	-0.0007871226642444	-0.0001357152856731	1.8418638765331142e-08	6.195620885672024e-07	0.0	0.0	0.0	0.0	0.0	0.0	0.0	0.0	0.0	0.0
882.3191597135375	1.5719557258885288	2.471044804153732	778487.0995976028	1008.3719405668328	-2.134568547627964	1016813.97052252	4.556382884522556	847.7225959643984	0.3075297037761402	718633.5997086186	0.0945745187046405	871.3991072512814	666.532562561931	1.109933	16.987608	0.0517983507451429	0.0294350002294589	-0.0477333031	-0.0495658471	-0.0340182151	0.1834518195	0.0372127538	0.0239673111	-0.0400699232	0.0364213389	0.0530296713	-0.0241960959	-0.1437283319	-0.0022879588	0.0687816505	0.0024073284	0.0779886251	0.074789587	0.1459644275	-0.1323331028	0.0996876858	-0.1161154324	-0.0275751755	0.0361950322	-0.1342836068	-0.0512392607	-0.0370615238	-0.1429220559	0.0013516935	-0.0567152804	0.240930073	-0.0561444625	0.0691297067	0.0346471759	-0.0527750879	0.0411490369	0.0627552843	0.1240800515	-0.1712308798	-0.0441109654	-0.073671663	0.1180234078	-0.0691285164	0.042339804	-0.0848370306	0.0232800865	0.019447898	0.0426728016	-0.0389952575	-0.048794607	-0.0020506727	-0.0388713117	0.1414293463	-0.1577727447	-0.1095697093	0.1023063872	0.1147099793	-0.1119851515	0.0782909955	-0.0893532318	-0.0833189977	-0.0552925785	0.0636096639	0.1267435841	-0.0678767275	-0.114417349	-0.0140374181	0.146303293	0.0926678017	-0.0305949555	-0.0986661873	-0.1162394899	-0.1561451084	0.1560591586	-0.0017180861828194	-0.0033157516502768	2.9518201315949366e-06	1.099420900631332e-05	0.0668881964407717	0.0059326747104506	3.519662922002126e-05	0.0044740308230992	0.1973991271631945	0.0287416055139004	0.0008260798875166	0.038966415404791	0.0021310324903676	6.960338597399984e-05	4.541299475002335e-06	4.844631339045597e-09	0.0012180765601612	0.0001298870447369	1.4837105064141414e-06	1.6870644390511413e-08	-0.0008637986109437	-7.667594669930001e-05	5.879200802233897e-09	7.461480402682655e-07	0.0	0.0	0.0	0.0	0.0	0.0	0.0	0.0	0.0	0.0
