global_signal	global_signal_derivative1	global_signal_derivative1_power2	global_signal_power2	csf	csf_derivative1	csf_power2	csf_derivative1_power2	white_matter	white_matter_derivative1	white_matter_power2	white_matter_derivative1_power2	csf_wm	tcompcor	std_dvars	dvars	framewise_displacement	rmsd	t_comp_cor_00	t_comp_cor_01	t_comp_cor_02	t_comp_cor_03	t_comp_cor_04	c_comp_cor_00	c_comp_cor_01	c_comp_cor_02	c_comp_cor_03	c_comp_cor_04	c_comp_cor_05	w_comp_cor_00	w_comp_cor_01	w_comp_cor_02	w_comp_cor_03	w_comp_cor_04	w_comp_cor_05	w_comp_cor_06	w_comp_cor_07	w_comp_cor_08	w_comp_cor_09	w_comp_cor_10	w_comp_cor_11	w_comp_cor_12	a_comp_cor_00	a_comp_cor_01	a_comp_cor_02	a_comp_cor_03	a_comp_cor_04	a_comp_cor_05	a_comp_cor_06	a_comp_cor_07	a_comp_cor_08	a_comp_cor_09	a_comp_cor_10	a_comp_cor_11	edge_comp_00	edge_comp_01	edge_comp_02	edge_comp_03	edge_comp_04	edge_comp_05	edge_comp_06	edge_comp_07	edge_comp_08	edge_comp_09	edge_comp_10	edge_comp_11	edge_comp_12	edge_comp_13	edge_comp_14	edge_comp_15	edge_comp_16	edge_comp_17	edge_comp_18	edge_comp_19	edge_comp_20	edge_comp_21	edge_comp_22	edge_comp_23	cosine00	cosine01	trans_x	trans_x_derivative1	trans_x_power2	trans_x_derivative1_power2	trans_y	trans_y_derivative1	trans_y_derivative1_power2	trans_y_power2	trans_z	trans_z_derivative1	trans_z_derivative1_power2	trans_z_power2	rot_x	rot_x_derivative1	rot_x_power2	rot_x_derivative1_power2	rot_y	rot_y_derivative1	rot_y_power2	rot_y_derivative1_power2	rot_z	rot_z_derivative1	rot_z_derivative1_power2	rot_z_power2	motion_outlier00	motion_outlier01	motion_outlier02	motion_outlier03	motion_outlier04	motion_outlier05	motion_outlier06	motion_outlier07	motion_outlier08	motion_outlier09	motion_outlier10	motion_outlier11	motion_outlier12	motion_outlier13	motion_outlier14	motion_outlier15	motion_outlier16
884.0850136297438	n/a	n/a	781606.3113247043	1008.8893886365388	n/a	1017857.798503409	n/a	845.5965965365855	n/a	715033.604074257	n/a	872.4985302982167	664.32962160801	n/a	n/a	n/a	n/a	-0.0916959233	-0.1643108271	0.2272848232	-0.0211978295	0.0129927534	-0.0489166307	-0.1716348575	0.1617728594	-0.2574230908	0.3816397713	-0.0228336102	-0.0167468447	-0.1134885639	0.1906444152	-0.0896257953	0.1107368941	-0.0377007974	0.0411151355	-0.039979837	0.0049730181	-0.0983498109	0.0596902141	-0.0507953539	0.1265717866	-0.0064713832	0.1610876616	-0.1102487819	0.063159184	-0.1737677834	0.0315144545	-0.0369448495	0.0137987767	0.0388850756	-0.0644457281	0.1117241926	-0.0226409523	-0.0908795139	-0.0572493567	0.0182653906	-0.0297451924	0.1215848513	-0.0127567107	0.0524313418	-0.0830600984	0.105547145	-0.076961315	0.0181671586	-0.0338965259	0.2346834588	-0.1160916764	0.0439070426	-0.1497238614	0.0071484016	-0.0045082366	0.0046016339	-0.1430839314	0.0198089089	-0.0257848177	0.1135229503	-0.0551089828	0.1561451084	0.1560591586	-0.0580403709614927	n/a	0.0033686846613476	n/a	-0.0165127841106595	n/a	n/a	0.0002726720390852	-0.1537322985835487	n/a	n/a	0.0236336196277813	-0.0011610026433461	n/a	1.3479271378566316e-06	n/a	1.1587763326659228e-06	n/a	1.3427625891466857e-12	n/a	-0.0011349998711517	n/a	n/a	1.2882247075143755e-06	0.0	0.0	0.0	0.0	0.0	0.0	0.0	0.0	0.0	0.0	0.0	0.0	0.0	0.0	0.0	0.0	0.0
881.8855533044871	-2.199460325256723	4.8376257223784105	777722.1291271613	1002.2703570984958	-6.619031538043032	1004545.8687183462	43.81157850160831	845.7886998666116	0.1921033300261569	715358.5248220533	0.0369036894071385	872.0729508359208	669.2147431084321	1.177615	21.207109	0.0703047640298074	0.0394616013436427	-0.0853623049	-0.0366398036	0.0080089828	-0.0044326463	0.2154179263	-0.0055041341	0.0073979691	0.1561330757	0.0897819825	0.1004756338	0.1340263158	0.0606948686	0.0795076226	0.0232156675	-0.0589749743	-0.0344645405	0.0271311912	0.1094220248	0.0118328871	-0.0354643967	-0.0729913108	0.0951479484	0.0950802999	0.0589985913	-0.0487750128	-0.0162200402	-0.0852135638	-0.0616715769	0.0596689512	0.0464766486	-0.0659343859	0.0302250458	-0.1027386383	-0.0948767883	-0.0762489787	-0.043344632	-0.0835652942	-0.0683806468	-0.0207882676	0.0038592305	0.097637671	0.0199097157	-0.0368959183	-0.0039835103	0.0139669135	0.1560671058	-0.0577238103	0.0067928342	0.1951395384	0.049750051	0.0877463155	-0.0963488909	-0.0380061258	0.0578096447	-0.1312569037	-0.1996932578	0.0309662607	-0.0454401751	0.234239546	-0.1658131044	0.155915944	0.1551433414	-0.0714750569741795	-0.0134346860126867	0.0051086837694622	0.0001804907882594	-0.0213856377487076	-0.004872853638048	2.374470257783857e-05	0.0004573455019189	-0.1342683779532052	0.0194639206303434	0.0003788442063043	0.0180279973181847	-0.0016650035852065	-0.0005040009418603	2.7722369387504986e-06	2.540169493961702e-07	1.8235030212476744e-06	6.647266885817515e-07	3.325163268499397e-12	4.418615705128609e-13	-0.0009889994647261	0.0001460004064256	2.13161186764404e-08	9.781199412285124e-07	0.0	0.0	0.0	0.0	0.0	0.0	0.0	0.0	0.0	0.0	0.0	0.0	0.0	0.0	0.0	0.0	0.0
880.9081952451952	-0.9773580592918734	0.955228776062777	775999.248450147	990.842578821015	-11.427778277480796	981769.0160046791	130.594116359262	847.1068011160219	1.318101249410233	717589.9324970194	1.737390903696818	872.5066410048395	660.7623546398783	1.214622	21.873554	0.1483081842639472	0.0732265302164772	-0.1147940095	-0.1497334324	0.1828976375	-0.0725230494	0.0910304103	-0.0269710777	0.0229683122	-0.0696004759	-0.1650076426	0.1218896131	0.0847671112	0.0274165695	0.1207549839	0.0735253821	0.0387441132	0.0972577329	-0.048798154	-0.1093833694	-0.0251591939	-0.009974319	-0.1909350889	0.1843393378	-0.1392072285	-0.0306696333	-0.0207070849	-0.0447633699	-0.1302972756	0.1237596543	-0.0630716666	-0.1441624796	-0.0390717595	-0.0250835524	0.083951533	-0.2180338385	-0.0828908054	-0.0292505821	-0.0923397364	-0.0709773213	0.0437604312	-0.0899111295	0.1021330994	-0.0566250227	0.0573206087	-0.0038185945	-0.0094755298	-0.1552094329	-0.0370981319	-0.1013422664	0.1451800488	-0.0749552935	0.1485469346	-0.175438318	0.0913954844	0.0913282085	0.1695653989	-0.0436959789	-0.0172989895	-0.1301414377	0.1003448185	-0.0193999533	0.1554579513	0.1533170814	-0.0990094365537146	-0.027534379579535	0.009802868526684	0.0007581420588299	-0.0019651754088414	0.0194204623398661	0.0003771543574941	3.861914387514964e-06	-0.1707076622249985	-0.0364392842717933	0.0013278214382405	0.0291411059423241	-0.0012428646427286	0.0004221389424779	1.5447125201448904e-06	1.7820128675635984e-07	0.0001580620658783	0.000156238562857	2.4983616669716053e-08	2.4410488523637093e-08	-0.0017089031208462	-0.00071990365612	5.182612740950871e-07	2.9203498764378816e-06	0.0	0.0	0.0	0.0	0.0	0.0	0.0	0.0	0.0	0.0	0.0	0.0	0.0	0.0	0.0	0.0	0.0
881.0440392882293	0.1358440430341261	0.0184536040278575	776238.599165319	1004.1757881209168	13.333209299901796	1008369.0134482644	177.77447023498777	845.4268603147029	-1.679940801318935	714746.5761415763	2.822201095936105	873.2265446980795	668.5805344221177	1.187725	21.389175	0.1866765257911042	0.1005789801758647	-0.0879193277	0.0316190952	-0.0173060225	-0.1735584542	0.2390603063	-0.0564318512	0.2213487024	0.189645172	-0.0185566036	-0.0239468525	0.1019906963	0.0894196377	0.0898318697	-0.0611814622	0.084910724	0.1032431565	-0.0896402073	0.0568573457	-0.2366925397	0.1468794263	0.0919569918	0.0912042261	0.0552460799	-0.1669065544	-0.1005375218	-0.1577359415	0.048607291	0.0936410175	-0.0095733186	0.0213611301	-0.1513947592	-0.0195204608	-0.2264160573	-0.0805610618	0.0718155938	0.0503689471	-0.1085568749	-0.029730612	0.1173160105	-0.1765297842	0.058995891	-0.0304198865	0.0440194311	0.1107243017	-0.093368492	0.1508335452	0.0327923482	0.0155185848	0.0139358702	-0.0484540465	0.1292086557	-0.0556397592	0.0207374763	0.0719985702	0.0161495271	0.0165200465	-0.0545578954	-0.0681797061	0.0113389279	0.0543779644	0.1547718027	0.1505910958	-0.1120210980356972	-0.0130116614819826	0.0125487264051232	0.0001693033345217	-0.0018920149164216	7.316049241979988e-05	5.352457651107596e-09	3.5797204439618342e-06	-0.2170298592003803	-0.0463221969753817	0.002145745932626	0.0471019597845368	-0.0002696543721241	0.0009732102706044	7.27134804056426e-08	9.47138230810084e-07	0.0012043068376696	0.0010462447717913	1.4503549592577522e-06	1.094628122500629e-06	-0.0022348382152768	-0.0005259350944306	2.766077235537244e-07	4.994501848461593e-06	0.0	0.0	0.0	0.0	0.0	0.0	0.0	0.0	0.0	0.0	0.0	0.0	0.0	0.0	0.0	0.0	0.0
878.3183619496133	-2.7256773386160376	7.429316954245006	771443.1449378519	996.7725538287248	-7.403234292191996	993555.524066238	54.80787798508753	844.9254630649492	-0.5013972497537225	713899.0381355189	0.2513992020605967	870.5437891055376	655.9438086507838	1.107943	19.952415	0.1315852177951366	0.0632165400774641	-0.076762584	0.0625543744	-0.0006328405	-0.1044946406	0.0604377499	-0.0689203016	0.1021761244	0.064994827	-0.0172590859	-0.0239080159	-0.1190108844	0.0734958052	-0.0162819595	-0.0372036565	0.0312277422	0.0597735648	-0.0141640542	0.0403234119	-0.1034313963	-0.0627343999	-0.0500421662	-0.0338775951	0.1217772734	0.0537469053	-0.0822930814	-0.0148103668	0.0627433715	0.024689656	0.0144869603	0.0936780317	0.1254977512	-0.0723416123	-0.101106002	-0.0574166715	0.0121642723	-0.0219330813	-0.0807443384	0.0158199886	0.0673261505	-0.1104405432	0.0667381786	0.0587185323	-0.0054894791	0.0662077135	-0.0409066775	0.0082295591	0.0280160172	0.0147953531	-0.0718741486	-0.1024254678	-0.0565036938	0.0173646503	0.1007746196	-0.0830688191	0.0383257003	0.1117719191	0.0178849466	-0.1507159013	0.035750618	-0.0960386941	0.1538585052	0.1469813818	-0.0933244524662626	0.0186966455694345	0.0087094534281277	0.000349564555549	-0.0023299541747974	-0.0004379392583757	1.917907940267457e-07	5.428686456655833e-06	-0.174130300492834	0.0428995587075462	0.0018403721373022	0.0303213615497246	0.0006090080220066	0.0008786623941307	3.708907708683914e-07	7.720476028594935e-07	0.0011079460390246	-9.636079864499994e-05	1.2275444253903005e-06	9.28540351550222e-09	-0.0018188399228569	0.0004159982924199	1.7305457929627266e-07	3.3081786649780944e-06	0.0	0.0	0.0	0.0	0.0	0.0	0.0	0.0	0.0	0.0	0.0	0.0	0.0	0.0	0.0	0.0	0.0
878.4055519056997	0.0871899560863767	0.0076020884423442	771596.3136187568	997.358746980366	0.5861931516412824	994724.4701782458	0.3436224110311395	843.2766138215683	-1.648849243380937	711115.4474183704	2.7187038273978885	870.8703468518379	655.9819073126507	1.022385	18.41165	0.063655996839919	0.0376490947947856	-0.0832173601	0.0385188267	0.0025653146	-0.0652298463	0.0073196661	-0.0782139616	-0.0033010976	-0.0280697389	0.1465366331	-0.0537798873	-0.123539462	0.0859413574	-0.0988066621	-0.088387351	-0.0689114863	0.1425430611	0.0246940068	0.0438790163	-0.2064083072	0.174248222	-0.0235348924	0.0101923269	0.1110987908	-0.1389669041	-0.0904296632	0.0101523092	0.1254452984	-0.0287395878	-0.108166002	0.1647405648	-0.1059257303	-0.1518609349	-0.0696654107	-0.0921813038	0.0805792715	0.1500146167	-0.0794909521	-0.0100585498	0.0417586277	-0.0844349208	0.0627307813	0.0354008892	0.0016522111	0.0072678229	-0.0406653152	0.0276057068	0.1735847165	0.0869741532	-0.008888659	0.0424677461	0.0719818039	0.0448456224	-0.0016378396	-0.0462432397	-0.0194248432	0.219412258	-0.0273178129	-0.0103450057	0.1034243829	-0.0280375691	0.152719399	0.1425091225	-0.076042695114836	0.0172817573514266	0.0057824914803279	0.0002986591371535	-0.0023669415985949	-3.698742379749974e-05	1.36806951917585e-09	5.602412531158979e-06	-0.1535491810133891	0.0205811194794449	0.0004235824790271	0.0235773509898825	0.0002689121471495	-0.000340095874857	7.231374288455435e-08	1.156652040948162e-07	0.0011087792645227	8.332254981000074e-07	1.2293914574354995e-06	6.942647306840053e-13	-0.0016446463715071	0.0001741935513498	3.0343393331855424e-08	2.7048616873114703e-06	0.0	0.0	0.0	0.0	0.0	0.0	0.0	0.0	0.0	0.0	0.0	0.0	0.0	0.0	0.0	0.0	0.0
873.8802183676742	-4.525333538025507	20.47864363037845	763666.6360543339	993.2432917544716	-4.115455225894493	986532.2366152584	16.936971716342295	843.6610750838664	0.3844612622981458	711764.0096116653	0.1478104622078836	869.624025654589	642.3266886964936	1.081336	19.47327	0.0972567396356165	0.0455992013803088	-0.1010573882	0.0718541967	-0.1442102349	-0.0694364045	-0.1346648068	-0.1057895119	-0.0374838505	-0.0447147286	-0.0359961179	-0.1505997848	-0.1555141861	0.1057814209	0.0314461771	-0.1588042065	-0.002644017	0.0258972015	0.0397583583	-0.0367294132	0.0577495029	-0.1108898939	0.0340906283	0.0047759056	0.0566389276	-0.1013932929	-0.1060757581	-0.0957091012	0.0919256724	-0.0560060727	-0.0503322071	0.0184063656	0.1813891678	-0.0034556193	0.0181312924	0.0433375507	-0.0491483655	0.0535712489	-0.0805942893	-0.0092145818	0.0526388891	-0.043871428	0.0392990005	0.0141643363	-0.1169668159	0.0648745349	-0.0764932713	0.0204653683	-0.0126909465	0.0332004208	-0.1197139934	0.1474510501	-0.0137364046	0.1906392596	-0.022409012	-0.0694884649	-0.0646615471	0.1443190811	0.0712322348	-0.060951603	0.0509733933	-0.1030067676	0.1513561561	0.1372005631	-0.061454175547368	0.0145885195674679	0.0037766156922067	0.0002128249031703	-0.034842572305223	-0.0324756307066281	0.0010546665897932	0.0012140048448446	-0.1469720500360125	0.0065771309773766	4.325865189356701e-05	0.0216007834917881	1.403543612282321e-05	-0.0002548767110266	1.969934671578506e-10	6.49621378237761e-08	0.0008039877542231	-0.0003047915102996	6.463963089407039e-07	9.289786475071117e-08	-0.0013320054251505	0.0003126409463566	9.774436133875054e-08	1.774238452630364e-06	0.0	0.0	0.0	0.0	0.0	0.0	0.0	0.0	0.0	0.0	0.0	0.0	0.0	0.0	0.0	0.0	0.0
876.3845524769777	2.5043341093035	6.271689331020953	768049.8838202724	989.8958077235528	-3.347484030918736	979893.710148665	11.205649337255949	844.2234417930589	0.5623667091924744	712713.2196729183	0.3162563156079731	871.0836164360372	637.9340441604883	1.019362	18.357204	0.067951657426617	0.0371855132470927	-0.0825844704	0.0049156058	-0.0454212141	0.0444872321	-0.1714437275	-0.0798414176	-0.0395032155	-0.1634531125	-0.0230926404	-0.1051585436	0.0322932542	0.0744222861	-0.0415985692	-0.0153868223	-0.0758522991	0.0782774368	0.044916768	0.0146375884	-0.0654530312	0.0698905243	-0.0180045934	-0.0386484847	0.0258573547	0.0832177184	-0.0737597852	0.0568771854	0.0262904709	-0.0335506685	-0.0808090956	0.0301073973	-0.0348840933	-0.1101173194	0.0484894137	-0.1157098879	-0.0114185178	-0.0533068324	-0.0727237299	-0.0347417483	0.013853778	-0.0081242495	0.0254667242	0.0117430866	-0.047336623	-0.0330384859	0.0220340539	-0.0841725659	0.0588579744	0.0332382559	-0.0175497782	0.1006372013	-0.0777173971	0.1072808648	0.0448502516	-0.0727423764	-0.068687321	0.1499174772	0.0196944856	-0.0269014735	-0.1108884669	0.0372228132	0.1497707771	0.1310868562	-0.052227720608414	0.009226454938954	0.0027277347999505	8.512747074054866e-05	-0.0348266682685647	1.5904036658298537e-05	2.529383820285037e-10	0.0012128968226886	-0.1283849113822839	0.0185871386537286	0.0003454817233329	0.0164826854706368	-0.0003367267009101	-0.0003507621370329	1.1338487110579997e-07	1.230340767759032e-07	0.0003972321463705	-0.0004067556078526	1.5779337811011437e-07	1.6545012451953813e-07	-0.0013769308762105	-4.492545106000003e-05	2.0182961529444573e-09	1.8959386378618152e-06	0.0	0.0	0.0	0.0	0.0	0.0	0.0	0.0	0.0	0.0	0.0	0.0	0.0	0.0	0.0	0.0	0.0
876.1092829456458	-0.2752695313319009	0.0757733148796843	767567.4756635336	992.7029692889654	2.807161565412571	985459.1852351286	7.880156054329555	844.3151598535677	0.0917180605088106	712868.0891585556	0.0084122026234978	869.8417417738173	642.6502293625923	0.881807	15.880043	0.1011707624240529	0.0499427121330284	-0.0624493979	0.0405567875	-0.0719118082	-0.0124435613	-0.0644661232	-0.0801321707	0.0087288649	-0.0737988436	0.0318643007	-0.1240461999	-0.0484384855	0.0614943493	-0.0352080851	-0.0515602648	-0.0653653098	0.0455370173	0.0219768537	-0.0047848234	-0.0396906372	-0.0669014239	0.12030364	-0.0612251961	0.0555664516	-0.0497142432	-0.0605692943	0.0178689331	0.0544186122	-0.0658502465	-0.0623347891	0.0256957767	0.0763278064	-0.055527536	-0.0598581753	0.0924574083	-0.0026299889	-0.0168907502	-0.0597337731	-0.0201029778	0.000658017	0.0236360272	-0.0261288694	0.0040343059	-0.0500658096	0.0293064613	-0.0732415358	-0.0270277505	0.0104825757	0.0206664655	-0.069391571	0.0981058138	0.0399281191	0.057021751	-0.068671637	-0.082177082	-0.0354956753	-0.0018856653	0.0231436285	-0.022490308	-0.1297643245	-0.0191637166	0.1479655889	0.1242038795	-0.0301704468257213	0.0220572737826926	0.0009102558616636	0.0004865233267246	0.002106589015355	0.0369332572839197	0.0013640654936002	4.437717279614349e-06	-0.1191232859566184	0.0092616254256654	8.577770552533336e-05	0.0141903572571022	-0.0002214169856637	0.0001153097152464	4.9025481540399134e-08	1.3296330430205856e-08	0.0001541199639683	-0.0002431121824022	2.3752963293590092e-08	5.9103533232360564e-08	-0.0010769806552236	0.0002999502209869	8.997013507009014e-08	1.1598873317258547e-06	0.0	0.0	0.0	0.0	0.0	0.0	0.0	0.0	0.0	0.0	0.0	0.0	0.0	0.0	0.0	0.0	0.0
878.2046909309174	2.095407985271663	4.390734624740251	771243.4791730682	992.496138723273	-0.2068305656923712	985048.5853806064	0.0427788829046262	845.7686715541047	1.4535117005369784	715324.645782395	2.1126962635978987	872.0341099307068	640.7174315443244	0.8754769999999998	15.766059	0.0659543585792964	0.0330917894855937	-0.0616147428	-0.0155142516	-0.0011827149	0.0176024081	-0.1566455567	-0.0707826125	-0.0333721968	-0.1098581771	-0.050747284	-0.0553324262	0.0460055636	0.0336524494	-0.0280685977	0.065356836	-0.0500850791	0.0711677048	-0.0354094943	-0.112335545	0.022829799	0.0273220453	0.0521250203	-0.0133057674	0.0061764963	0.1088169375	-0.0493194799	0.0593270404	-0.0307832421	0.0181541621	-0.113024719	-0.0858410238	-0.0068871501	-0.0771609569	0.0331385206	0.001476401	-0.0383612878	-0.0269704128	-0.0623037108	-0.0183315195	0.0075629786	-0.0069120715	0.0049578766	0.0319957156	-0.0261506968	-0.0480364547	0.0341677038	-0.0573945816	0.0348319089	0.086121416	-0.0365605132	0.0473042677	-0.0856135622	0.0558123214	0.0030177304	-0.0625022491	0.0162327063	0.0667845862	-0.0154013074	-0.002361842	-0.1203632053	0.0998623849	0.1459432408	0.1165920251	-0.0352983649115259	-0.0051279180858046	0.0012459745654272	2.629554389472193e-05	-0.0154189842651817	-0.0175255732805367	0.0003071457188114	0.0002377450757699	-0.1234946636215568	-0.0043713776649383	1.9108942689522225e-05	0.0152509319430014	-3.624489486836425e-05	0.0001851720907953	1.3136924040187774e-09	3.4288703209516066e-08	0.000345527523945	0.0001914075599767	1.1938926980356256e-07	3.6636854016234014e-08	-0.0014789907954119	-0.0004020101401883	1.6161215281421677e-07	2.187413772913125e-06	0.0	0.0	0.0	0.0	0.0	0.0	0.0	0.0	0.0	0.0	0.0	0.0	0.0	0.0	0.0	0.0	0.0
877.9860973940303	-0.2185935368871696	0.0477831343688424	770859.5872171996	998.554125200238	6.05798647696497	997110.3409544126	36.69920015509045	845.3055835134394	-0.4630880406652977	714541.5295189962	0.2144505334072244	872.2565857324845	647.4068072383418	0.953418	17.169662	0.069511449284092	0.0410309540662276	-0.0247119346	0.1321930875	-0.0981861206	0.0165885329	-0.0113537667	-0.0566666391	0.0414949672	0.0235666283	0.0636095347	-0.0535338178	-0.0162327985	0.0591644895	0.0068674431	-0.0469411525	0.0027171565	0.0010209799	0.03386592	0.1023013418	-0.0509411001	-0.0283334118	0.1545395228	-0.0898504801	-0.0035419658	0.0961286518	-0.0589437384	-0.0305884033	0.0503468602	-0.0399193291	0.0272478407	0.0986687249	0.0305606718	0.0094652136	-0.0561071614	0.0424455204	-0.0094444037	-0.0850767104	-0.0388463747	0.020123442	-0.0243923836	0.0299588306	-0.0463283555	0.0601220382	-0.0204401972	0.0586114816	-0.1339051094	0.0718540313	0.0099732895	0.016622966	-0.1146178583	0.0421667577	-0.0574668317	0.0418492382	-0.02440553	-0.0921556666	-0.0351865323	-0.0056917654	-0.0085603192	0.0293741295	-0.125887507	-0.0185030707	0.1437067008	0.1082959623	-0.0169569038909287	0.0183414610205972	0.0002875365895661	0.00033640919237	-0.0142020660546222	0.0012169182105594	1.4808899311913345e-06	0.0002016986802198	-0.0860457609479397	0.0374489026736171	0.001402420311458	0.0074038729771099	0.0001442432699099	0.0001804881647782	2.080612091430026e-08	3.2575977625025866e-08	0.0003448979110198	-6.296129251999981e-07	1.1895456902582189e-07	3.9641243557889844e-13	-0.001410025225529	6.896556988290003e-05	4.7562498292731674e-09	1.9881711366281077e-06	0.0	0.0	0.0	0.0	0.0	0.0	0.0	0.0	0.0	0.0	0.0	0.0	0.0	0.0	0.0	0.0	0.0
878.0915690589494	0.1054716649191505	0.0111242721008175	771044.8036524077	994.9843480963456	-3.56977710389242	989993.8529567098	12.743308571474556	847.0431734291741	1.737589915734702	717482.1376529658	3.0192187152629293	872.551868870727	637.0586919205996	0.987405	17.78171	0.0229185194430486	0.0171565551713652	-0.0558433665	-0.0321683663	0.0104797306	0.074560126	-0.1195842519	-0.0352692431	-0.1329477456	-0.0387959464	-0.0151803395	-0.0113647036	-0.0508702977	-0.0207968066	0.0208942234	0.0808465747	-0.0132530878	0.0131993313	0.0029942362	-0.0300158592	0.0382207526	-0.1946935317	-0.0417765586	-0.1453047998	-0.0651557791	0.0517276598	0.0069938593	0.0466173035	-0.101302255	-0.0005721223	-0.0208444849	-0.0418601129	0.1820873608	0.0433754389	0.0499578724	0.0357137466	0.0342312419	-0.1186692576	-0.0350297199	-0.0207900869	-0.0466201754	0.0205899591	-0.0430122432	0.0390860023	-0.0625113624	-0.0030730865	0.0045327289	-0.1396932052	-0.0838633484	-0.0480118226	-0.027617466	-0.1000419232	-0.1043765453	-0.0504228717	0.0898528777	0.0081009662	0.0386689496	-0.032984045	0.0527719839	-0.0052497941	-0.0791596787	0.0340308513	0.1412592515	0.0993643757	-0.0002787100323473	0.0166781938585814	7.767928213103304e-08	0.0002781621503844	-0.0142785964176823	-7.653036306009935e-05	5.856896470110618e-09	0.000203878315659	-0.0887822904513768	-0.002736529503437	7.488593723181695e-06	0.0078822950977926	0.0001442035537526	-3.9716157299984206e-08	2.0794664914879e-08	1.5773731506770888e-15	0.000291400035737	-5.349787528280002e-05	8.491398082752487e-08	2.862022659774025e-09	-0.0013950175026097	1.5007722919299984e-05	2.2523174722248203e-10	1.9460738325874045e-06	0.0	0.0	0.0	0.0	0.0	0.0	0.0	0.0	0.0	0.0	0.0	0.0	0.0	0.0	0.0	0.0	0.0
882.1235371632258	4.031968104276416	16.256766793902354	778141.9348173611	998.466033310918	3.481685214572394	996934.4196756392	12.12213193337202	847.4024973677912	0.3593239386170808	718090.9925451693	0.1291136928632916	873.1012451954377	652.2049794206414	1.051126	18.929235	0.0629664929079358	0.0300323333291392	-0.0252133505	-0.077054446	0.1282445829	0.0337254462	-0.0042473447	-0.0282777098	-0.0426659391	-0.032779313	0.0355968325	0.1080704172	-0.0163870527	-0.0341613823	-0.0142464227	0.1193825348	0.0049484818	0.0552376241	0.0382901376	0.0396731514	0.015330463	-0.0293799155	-0.0929450219	-0.0835237177	0.0007552831	0.0193777126	0.0130647381	0.0773172427	-0.0776060955	0.0598388792	-0.0240509684	0.041875643	-0.0205407421	0.0235407998	-0.0122782437	0.0372193559	0.0979084631	-0.0949515763	-0.0346560385	-0.016360732	-0.0271476301	0.0340968401	0.0008314507	0.0431458333	0.0663528452	-0.0110737516	-0.0159456267	-0.0418438357	0.0180595265	-0.021803998	0.1014571519	-0.0913096408	0.0703812212	-0.0956561547	-0.1094281903	-0.1528354484	-0.0009784114	-0.0591525694	-0.0021891758	0.1594988369	-0.0499831745	0.0070927789	0.1386044847	0.0898496795	-0.0130498721497502	-0.0127711621174029	0.0001702991631248	0.0001631025818289	-0.0098047350827101	0.0044738613349722	2.001543524455924e-05	9.613283004212624e-05	-0.1019108024488275	-0.0131285119974507	0.0001723578272672	0.0103858116557639	-0.0003597216722299	-0.0005039252259825	1.293996814718756e-07	2.539406333815137e-07	0.0004082449780606	0.0001168449423236	1.666639621116998e-07	1.3652740546605417e-08	-0.0013639285217536	3.108898085609998e-05	9.66524730670951e-10	1.860301012452961e-06	0.0	0.0	0.0	0.0	0.0	0.0	0.0	0.0	0.0	0.0	0.0	0.0	0.0	0.0	0.0	0.0	0.0
883.9587342104705	1.8351970472447192	3.3679482022157363	781383.0437869773	1002.3620693809108	3.896036069992874	1004729.718133582	15.17909705868552	848.1214209331289	0.7189235653377182	719309.9446456296	0.5168510927978963	874.4608520768646	667.0936612765616	1.031184	18.57011	0.067650694801069	0.0330882740978545	-0.0347944161	0.0065253397	0.0340278039	-0.0254744387	0.1526236523	0.0291738637	0.0165469108	0.1485365299	0.0600343209	0.1546838525	-0.0177811604	-0.0118577139	0.084589079	0.1148019826	0.0382212344	-0.014225958	-0.0520973185	0.02573365	-0.0208658095	-0.1319801477	0.1486165774	0.1240962793	0.0451766986	-0.0013765276	0.0007777012	-0.038632929	-0.1235148932	0.0287011476	0.0552539729	0.0528265689	0.0586580664	0.0333133378	-0.1144390753	-0.0010187874	-0.1087862518	0.1168762024	-0.0418073151	-0.0084354567	-0.027823954	0.0018573633	-0.0270680526	0.0649543048	0.0130178024	0.0307306448	-0.0130557181	0.0093157198	-0.0786986689	0.0946879092	-0.0063596582	-0.0678444304	0.0332866631	-0.019220756	0.0861299055	-0.0403263715	0.1578246442	-0.0334756595	0.0086109084	0.1262006916	0.058642142	0.0100262006	0.1357462967	0.0798077096	-0.0248141147476559	-0.0117642425979057	0.0006157402907098	0.0001383974039023	0.0131685294635417	0.0229732645462518	0.000527770883912	0.0001734101682321	-0.1011032619726535	0.0008075404761739	6.521216206593283e-07	0.010221869581511	3.820531531565166e-05	0.0003979269875455	1.4596461183683671e-09	1.5834588741707764e-07	0.0003479767132263	-6.0268264834299984e-05	1.2108779294777864e-07	3.6322637461373205e-09	-0.0011800108305187	0.0001839176912349	3.3825717149176035e-08	1.3924255601414322e-06	0.0	0.0	0.0	0.0	0.0	0.0	0.0	0.0	0.0	0.0	0.0	0.0	0.0	0.0	0.0	0.0	0.0
879.4819712769192	-4.476762933551299	20.04140636321884	773488.5378011358	1007.1485597933942	4.786490412483317	1014348.221493908	22.91049046879472	847.362774267925	-0.7586466652038553	718023.6712150344	0.5755447626249305	873.844240628756	656.8861821915539	1.061767	19.120857	0.0797176881265048	0.050093451192819	-0.0327567191	0.0752819525	-0.1207707798	-0.043146673	0.1132152449	-0.0390523445	0.010522986	0.1902014699	-0.0682715894	0.0141629014	-0.1047889131	0.0083575335	0.1349614423	-0.0432027897	0.0858008214	-0.0124192458	0.0409804592	0.1418232714	0.0775014613	-0.1237997056	0.1044627278	-0.0148318992	0.0433687264	0.0185174901	-0.0251087963	-0.1578966461	-0.0342724572	0.0009283763	0.0703401465	0.0472075987	0.1151550904	0.129833329	-0.000664257	0.0553869099	-0.0719129104	-0.122103718	-0.0334085248	-0.0301485945	-0.0135746516	0.0431544362	-0.0706081804	0.0085596629	-0.0737456437	0.0569143629	-0.107838235	0.0790124081	-0.1326947383	-0.0416895107	-0.018049978	-0.0230598739	0.0342258994	-0.0269430065	0.0192910391	-0.0158690958	-0.0222262417	-0.1533110135	0.0740191965	0.0957945187	0.0217840105	-0.0037118074	0.1326888823	0.0692973963	-0.019417376491404	0.0053967382562519	0.0003770345098089	2.9124783806492795e-05	-0.0317853155691665	-0.0449538450327082	0.0020208481832247	0.0010103062858314	-0.0969046768261563	0.0041985851464971	1.7628117232386865e-05	0.0093905163907817	-0.0003728489820476	-0.0004110542973632	1.3901636341393153e-07	1.689656353807965e-07	0.0002557201152975	-9.225659792880004e-05	6.539277736776669e-08	8.51127986139627e-09	-0.0011799513319898	5.949852889997227e-08	3.540074941260836e-15	1.3922851458645034e-06	0.0	0.0	0.0	0.0	0.0	0.0	0.0	0.0	0.0	0.0	0.0	0.0	0.0	0.0	0.0	0.0	0.0
879.3515908346546	-0.1303804422645953	0.0169990597251114	773259.2203034379	992.1255665383144	-15.022993255079768	984313.1397789712	225.69032634217223	846.7000024500791	-0.6627718178459645	716900.8941489639	0.4392664825308444	872.6154531576694	652.1986579521762	1.292052	23.267962	0.0814916613585579	0.0375424345067877	-0.0222396016	-0.1162150152	0.1269361811	0.0572256366	-0.1489363012	-0.0185953986	-0.1492680304	-0.102690038	-0.0463234988	0.0085948248	0.0256814696	-0.0195174606	-0.019886159	0.0965457425	-0.1238720444	0.0933683472	-0.1151674505	-0.144960351	0.1711603068	0.0285381041	-0.1142697486	-0.0006948204	-0.1166008542	0.0002254574	0.0132838594	0.078666985	-0.1058039959	-0.0165481245	-0.1632489042	-0.1574469359	-0.0201916464	0.0405093952	0.1667865417	0.0206659211	0.0296741642	0.1664089364	-0.0208381574	-0.029202557	-0.0377475604	0.0831686336	-0.0519403484	0.0454621192	-0.0725087313	-0.1072246914	0.1764750423	-0.1444786034	0.0688570418	0.0838209823	0.0004332811	-0.0891517876	-0.0506931089	0.0418654722	-0.0803974602	-0.0583900411	0.0439757508	-0.0429867516	0.0464670706	0.0678532938	0.0447357721	0.0214503864	0.1294367287	0.0583804184	-0.0130034574778505	0.0064139190135535	0.0001690899063782	4.1138357112423113e-05	-0.0488436032226928	-0.0170582876535263	0.0002909851776704	0.0023856975757758	-0.0772755653356682	0.0196291114904881	0.000385302017906	0.0059715129979471	-0.0003180566648065	5.47923172411e-05	1.0116004202783429e-07	3.0021980286493435e-09	-0.0001328639905937	-0.0003885841058912	1.76528399964828e-08	1.509976073512633e-07	-0.0008555208911023	0.0003244304408875	1.0525511097445765e-07	7.319159951124735e-07	0.0	0.0	0.0	0.0	0.0	0.0	0.0	0.0	0.0	0.0	0.0	0.0	0.0	0.0	0.0	0.0	0.0
877.1366690221588	-2.214921812495845	4.90587863546988	769368.7361432882	999.29677595172	7.171209413405563	998594.046427502	51.42624445091656	844.9957317670751	-1.704270683003983	714017.7867045747	2.904538560946864	872.3292733379918	646.3167324467414	1.279832	23.047886	0.1155137141663598	0.060791867557339	-0.0012668355	0.090936584	-0.1821962602	0.0855748993	-0.0191028335	-0.0289648966	0.0447805288	0.0195181449	0.0396384702	-0.1161772227	0.0058443162	0.0666749707	-0.0086410243	-0.074280699	-0.0508769338	-0.0227510183	0.1455367533	0.0694652328	0.0649838477	0.044648657	0.0335641513	-0.0645364244	-0.0254335779	0.1714926619	-0.042852354	-0.0149957857	0.0591525009	-0.074648424	0.0538274321	0.09522208	-0.0855392449	-0.0631490308	0.0842771109	0.015765113	-0.1150264028	-0.1052903964	0.0044299413	-0.0124889838	-0.0438420179	0.151179388	-0.1119903949	0.0269219613	0.0039459824	-0.0438279802	-0.0765821393	0.0930625312	0.0828747856	0.0036214648	-0.0267979112	0.1998314579	-0.1668127904	0.0395670255	-0.0295792548	-0.0431096274	-0.0483472145	-0.0305949204	-0.0346851152	0.1151733831	0.047188621	0.0362382859	0.1259946088	0.0471208409	-0.0046349237072007	0.0083685337706498	2.148251777157108e-05	7.003235747050615e-05	-0.0137496183215262	0.0350939849011666	0.0012315877762433	0.0001890520039876	-0.0344267534600248	0.0428488118756434	0.0018360206791542	0.0011852013537973	-0.0003521302315095	-3.4073566703000035e-05	1.2399569994293408e-07	1.1610079478637927e-09	-0.0004303934408842	-0.0002975294502905	1.8523851395614137e-07	8.852377379016714e-08	-0.0006030762357178	0.0002524446553845	6.372830403219898e-08	3.637009460875515e-07	0.0	0.0	0.0	0.0	0.0	0.0	0.0	0.0	0.0	0.0	0.0	0.0	0.0	0.0	0.0	0.0	0.0
879.1609348935835	2.024265871424745	4.097652318214984	772923.9494429599	995.2252033523648	-4.071572599355136	990473.205387756	16.57770343181954	846.4299838945243	1.4342521274492128	716443.7176356846	2.057079165092593	872.1010815057999	646.4110500686556	0.989723	17.823458	0.0537352656878238	0.0302434141074918	-0.0258007503	0.011589548	-0.0657162886	0.0907830193	-0.079170263	-0.0232309771	-0.0840889555	0.0013705605	-0.0220262269	-0.0029569038	-0.1372307736	0.009121429	0.0220793693	-0.0148213839	-0.0173812003	-0.0274093239	0.0451848355	0.0013597683	0.1027338279	-0.0897921461	0.015382102	-0.0806106188	0.0427096273	0.1163261956	-0.0014445893	0.0029348978	-0.0240733921	-0.0433239197	0.0057212332	0.049729576	0.1470165101	0.0110149751	0.093517887	0.0643313405	-0.0413141956	-0.0780860954	-0.00675359	-0.0174720408	-0.0629175619	0.1037749141	-0.1330562127	0.0242569594	-0.0472866936	-0.0467163726	0.0101528392	-0.0270503346	-0.0331126503	0.0054250363	-0.1328154785	-0.1092231603	-0.1297543578	0.0312335777	0.0798811625	-0.0927985344	0.0445545634	-0.0570882036	-0.0202707094	0.1127017228	-0.0603634434	0.0287638995	0.1223675745	0.0355847396	-0.0042405810020511	0.0003943427051495	1.798252723495671e-05	1.5550616910470433e-07	-0.007208461926865	0.0065411563946612	4.278672697941711e-05	5.196192335106227e-05	-0.0343466822999118	8.007116011300025e-05	6.411390681841722e-09	0.001179694585011	0.0001097217127684	0.0004618519442779	1.203885425283127e-08	2.1330721843327645e-07	-0.0006480470536107	-0.0002176536127264	4.199649836935095e-07	4.737309513289722e-08	-0.0008579645872714	-0.0002548883515536	6.49680717577116e-08	7.361032330117838e-07	0.0	0.0	0.0	0.0	0.0	0.0	0.0	0.0	0.0	0.0	0.0	0.0	0.0	0.0	0.0	0.0	0.0
877.2066482016029	-1.954286691980656	3.819236474452694	769491.5036490906	997.6770666468212	2.451863294456416	995359.5293130056	6.01163361470267	845.0432000981766	-1.386783796347686	714098.010032167	1.9231692978125	872.9236328907502	652.519066342169	0.978733	17.625544	0.0411010756642608	0.0183582308052344	0.0211654515	0.0172602625	-0.1178073035	0.0861157382	-0.0274385797	0.0134278633	0.0607071152	0.0337044786	0.1351498546	-0.1186193006	0.0524371604	0.0516338966	-0.0388307833	-0.0886227085	-0.1073588288	-0.0701707552	0.0592128558	-0.0408646572	0.0698708765	0.0892800325	0.0330636519	0.1401176226	-0.1002053205	0.0450281779	-0.0331434988	-0.0053920026	0.0731644289	-0.134391021	0.0281989429	0.0226901967	-0.1488081551	-0.0786693113	0.0730324203	0.0434228574	-0.0847021711	0.0978485201	0.0245988909	-0.0096607608	-0.031767102	0.1625612094	-0.1741434997	-0.0207780731	-0.0252589755	-0.0119657118	-0.0440331617	-0.0818833577	0.0554776608	-0.0309625705	0.0498866984	0.104548295	-0.0178594615	-0.0282884987	-0.0651113375	0.0116744559	0.0831427986	0.0242270697	-0.0536286375	0.1678516965	-0.02752533	0.2176168545	0.1185609488	0.023839813	-0.0110205070835149	-0.0067799260814638	0.0001214515763778	4.596739767011308e-05	-0.0189396090605669	-0.0117311471337018	0.0001376198130725	0.0003587087913671	-0.0261073371685967	0.0082393451313151	6.788680819292584e-05	0.0006815930540347	0.0001057068504158	-4.0148623525999925e-06	1.1173938224828316e-08	1.6119119710324746e-11	-0.0008030384484531	-0.0001549913948424	6.448707496939622e-07	2.4022332475192748e-08	-0.0007299576981108	0.0001280068891606	1.6385763672574143e-08	5.328382410312178e-07	0.0	0.0	0.0	0.0	0.0	0.0	0.0	0.0	0.0	0.0	0.0	0.0	0.0	0.0	0.0	0.0	0.0
876.5049206268536	-0.7017275747492704	0.4924215891634929	768260.8758830869	995.4498893336246	-2.2271773131966484	990920.4821743254	4.960318784417842	845.0409051546195	-0.0022949435571035	714094.1313845386	5.266765930291229e-06	871.5799508380074	638.2149331042444	1.12267	20.217636	0.0667382469649061	0.038269028996259	-0.0107298484	0.1108634218	-0.2678060679	0.1175611424	-0.0820681375	-0.0248205147	-0.0132187075	0.0942410228	-0.0098452219	-0.2307472661	0.070183394	0.0682945393	0.0801782665	-0.1555169894	-0.1191348289	-0.1122178238	-0.044851473	-0.0541011006	0.1149966181	-0.0619608218	0.238275673	0.1056243805	-0.0756827068	0.0252830929	-0.0511525467	-0.1111524767	0.0339901364	-0.2092463217	0.0343174932	-0.10581422	0.0607545062	0.0456964994	-0.0323834636	0.1362162581	-0.2273218735	-0.0063771341	0.0128852283	-0.0208807677	-0.079196464	0.138984963	-0.2534126309	0.0157794824	-0.1184906609	-0.0165621158	-0.0250003932	0.1270909738	-0.1421122835	0.0984087188	-0.1631238896	0.0441009323	-0.0860383593	0.0964219488	0.0321210617	0.1246983519	0.001642035	-0.128291886	0.0181858965	0.0789480013	0.0986119814	0.1738432855	0.1145803187	0.0119549848	-0.0045861639123501	0.0064343431711648	2.103289943094237e-05	4.14007720443151e-05	-0.0153796110945165	0.0035599979660503	1.2673585518282973e-05	0.0002365324374185	-0.0153756953731658	0.0107316417954309	0.0001151681356254	0.0002364120082083	0.0001629392546195	5.723240420370001e-05	2.654920069595825e-08	3.275548090935698e-09	-0.0010510085080706	-0.0002479700596175	1.1046188840367886e-06	6.148915046670655e-08	-0.0001149148812868	0.000615042816824	3.782776665268005e-07	1.3205429941159336e-08	0.0	0.0	0.0	0.0	0.0	0.0	0.0	0.0	0.0	0.0	0.0	0.0	0.0	0.0	0.0	0.0	0.0
876.3910149044892	-0.1139057223643931	0.0129745135873542	768061.2110053207	991.6509180347822	-3.798971298842389	983371.5432392264	14.432182929428228	846.3220260376194	1.2811208829998575	716260.9717564209	1.6412707168583351	872.6382335434612	631.1131760360211	1.510859	27.208353	0.0912715512316653	0.0565262293929575	0.0851673346	-0.0976584278	0.0192231346	0.1480306541	-0.2362141185	0.0185451491	-0.1595509451	-0.2187190521	-0.0914075395	-0.0876876453	0.1767250608	-0.0646523965	-0.1541501006	0.0385300785	-0.0726469613	-0.0586197612	-0.0046158596	-0.1244697063	0.1141228394	0.0386110939	-0.1410289527	-0.1354677602	-0.3212404375	0.0824121746	0.0671127006	0.1758107395	0.0292559303	-0.0397473839	-0.0470747381	-0.1202345497	-0.0401443889	0.015375358	0.227592572	-0.0044986852	0.0317932062	-0.1328582819	0.0778465219	0.0142624701	-0.0537311648	0.1386123283	-0.2227792351	-0.0145236178	0.0868204998	-0.0819269844	0.1470406995	-0.1849545402	0.2679873776	-0.3713630479	0.1244896105	0.1749844886	-0.2509639808	-0.0829727284	-0.0297222917	0.3985554008	-0.10770373	-0.1516952882	0.113928859	-0.1740882248	0.0203225693	-0.0417459465	0.1104315261	-0.0	0.0098566226397878	0.0144427865521379	9.71530098631774e-05	0.0002085940833906	0.0294846808027386	0.0448642918972551	0.0020128046874421	0.0008693464020393	-0.0154888975595781	-0.0001132021864123	1.281473500852518e-08	0.0002399059476111	0.0001189736007491	-4.396565387040001e-05	1.4154717675206248e-08	1.932978720251819e-09	-0.0004580063808596	0.000593002127211	2.0976984490810897e-07	3.516515228767712e-07	-0.0001149725121226	-5.7630835800009316e-08	3.3213132350076347e-15	1.3218678543781403e-08	1.0	0.0	0.0	0.0	0.0	0.0	0.0	0.0	0.0	0.0	0.0	0.0	0.0	0.0	0.0	0.0	0.0
886.2719709178583	9.880956013369088	97.63329173813472	785478.0064346251	1000.2161039832042	8.565185948422027	1000432.25466734	73.36241033104614	850.714084767533	4.392058729913629	723714.4540218613	19.29017988701052	876.9452635284163	654.1614544041703	1.784327	32.133099	0.230324507166139	0.1162761695524179	-0.0091796164	-0.1207024118	0.042181317	0.1627034986	0.0130653898	0.0412751661	-0.1123945545	0.0739219693	0.0669060703	0.0714648876	-0.0645572727	-0.0861430665	0.1513786288	0.2638616008	0.0101513818	-0.115819794	0.0843831731	0.1489417533	0.2101354815	-0.0763562764	0.0321595048	-0.0778499249	-0.2779098507	-0.2568110891	0.0702839452	-0.0226008135	-0.2934459948	0.0330550141	0.0885118196	0.1217537469	-0.0304643019	0.2247418543	0.0742380966	0.2051138308	0.0665863559	0.0388213267	0.0302753446	-0.0571788713	-0.0969584131	0.1545181882	-0.1185736274	-0.010653642	0.2593680241	-0.3532452211	0.324695969	0.453898232	-0.1916306832	-0.3386044424	-0.0785387073	-0.0715845809	0.277104936	0.0175055994	-0.0216497232	-0.0055094904	0.0677405589	0.3517736726	-0.0457228713	-0.1289342893	-0.0639879166	0.0321591646	0.10612066	-0.0119549848	-0.0232618817251761	-0.0331185043649639	0.000541115141396	0.0010968353313721	-0.0029638421753759	-0.0324485229781145	0.0010529066434612	8.784360440536948e-06	0.0090312812045425	0.0245201787641206	0.0006012391666244	8.156404019552262e-05	-0.0010445682470861	-0.0011635418478352	1.0911228228205274e-06	1.3538296316637516e-06	-0.0008012632913176	-0.000343256910458	6.420228620131131e-07	1.1782530657717145e-07	-0.0014129197750082	-0.0012979472628856	1.684667097232221e-06	1.9963422906092227e-06	0.0	1.0	0.0	0.0	0.0	0.0	0.0	0.0	0.0	0.0	0.0	0.0	0.0	0.0	0.0	0.0	0.0
872.6734283467297	-13.598542571128633	184.9203600587977	761558.9125424348	986.275796276784	-13.940307706420183	972739.9463214044	194.332178949678	845.713207725945	-5.000877041587955	715230.8297221075	25.0087711850815	871.5512333894387	655.6047916188398	3.593658	64.716484	0.8628811282592268	0.6845826449871808	0.406769433	0.2318347559	0.09840232	-0.3958452487	-0.1850148582	0.1750873661	0.3428222683	-0.2994753032	0.1372207018	-0.0205690751	-0.0628289638	-0.1250068569	-0.4274358867	-0.1953709959	0.4434591998	-0.0721432832	0.3280197718	-0.1397204455	0.2174775571	0.0156168737	-0.1528106342	0.223008464	0.0848716023	0.0865939623	0.1364364898	0.2123173475	0.4441737697	0.2891649249	0.258847025	0.0396785369	0.1404251162	0.0541234838	0.4105883658	-0.0336397247	-0.0863973554	0.2919214373	0.2543675189	0.4289304205	0.4749325925	0.423689009	0.4074830153	-0.092416744	-0.1828075299	-0.2587872484	-0.0831930228	0.029898218	-0.0294728608	0.0447280855	-0.0602942687	-0.0723903529	0.0218485695	0.0227029687	0.0004429032	0.0953619825	0.0361552604	-0.0445021227	-0.0094797631	-0.0361610904	-0.0313565184	0.0317332755	0.1016540472	-0.023839813	-0.0150028110663953	0.0082590706587808	0.0002250843398939	6.821224814673393e-05	-0.0148908923146677	-0.0119270501392917	0.0001422545250251	0.000221738673927	-0.2330136324009117	-0.2420449136054542	0.0585857402022717	0.0542953528846672	0.0098017414061089	0.010846309653195	9.607413459222966e-05	0.0001176424330929	-0.00171122269801	-0.0009099594066923	2.9282831221846235e-06	8.280261218279845e-07	-0.0016696525922348	-0.0002567328172265	6.591173944110677e-08	2.787739778756388e-06	0.0	0.0	1.0	0.0	0.0	0.0	0.0	0.0	0.0	0.0	0.0	0.0	0.0	0.0	0.0	0.0	0.0
877.9826112249464	5.3091828782166886	28.18742283434924	770853.4656133753	995.3023330956174	9.026536818833392	990626.7342655794	81.47836694175486	843.6953568399271	-2.017850886017982	711821.8551532519	4.071722198203554	871.4211827791654	662.4178919857495	2.600378	46.828976	0.4293795820718799	0.2287063535306447	0.3511886794	0.2751666938	0.1195127073	-0.2210288896	-0.0308296043	0.0911416635	0.0790475307	-0.1869867556	0.2286015161	-0.0491190464	0.1494744133	-0.0059168667	-0.3778471913	-0.2253441109	0.1726062731	-0.1356321202	-0.2128655865	0.2828090779	0.3241633509	0.1217175691	0.0655015938	-0.0959913582	0.0046480536	-0.2568402586	0.0393724877	0.1168773791	0.4502008085	0.0188455647	0.0688593286	0.0100389256	-0.2378043906	0.4900187719	-0.0350948265	0.1685898587	-0.0798869661	-0.1133303406	0.227851623	0.3902122219	0.2345397095	0.0605775572	-0.2591422591	0.1457184778	0.3514654168	0.5762461122	0.0732805348	-0.0813995468	-0.053057924	-0.1131502187	0.1447134535	0.0321988674	0.1299560098	0.0682276029	0.0657061655	-0.1003686109	-0.0479283494	0.0667904957	0.0236938304	-0.0227416152	0.0006265446	-0.0980675589	0.0970382431	-0.0355847396	-0.0310502233833744	-0.0160474123169791	0.0009641163721574	0.0002575194420711	0.1154665825133065	0.1303574748279742	0.0169930712435259	0.0133325316773022	-0.1293590869006351	0.1036545455002765	0.0107442648028689	0.016733773363766	0.0078748979482436	-0.0019268434578652	6.201401769525126e-05	3.7127257111183015e-06	-0.0002112057756955	0.0015000169223145	4.4607879687137865e-08	2.250050767229865e-06	-0.001829195200588	-0.0001595426083532	2.5453843880142562e-08	3.3459550818541737e-06	0.0	0.0	0.0	1.0	0.0	0.0	0.0	0.0	0.0	0.0	0.0	0.0	0.0	0.0	0.0	0.0	0.0
885.4467023258785	7.464091100932137	55.71265596301432	784015.8626597729	996.0342491105284	0.7319160149110076	992084.2254011742	0.5357010528832102	847.7510477882507	4.055690948323672	718681.839026077	16.448629068314567	870.1416601523375	656.3344627238533	2.228542	40.132767	0.4083939220347349	0.2353933647618347	0.3035565386	0.0789737572	0.1457979591	0.0204093127	-0.0120066274	0.178173409	-0.0143400447	-0.1476178703	0.0758780923	0.0648119841	0.0888941492	-0.100827159	-0.0628665843	0.0146142936	0.0344728641	-0.2857753911	-0.5248204466	-0.118878609	-0.1723634591	0.0503603857	0.1433468399	0.0992356297	-0.1073061609	0.1474618878	0.1455193599	0.1733153384	0.0064423727	-0.0641815948	0.1195915206	-0.3954345323	-0.0396606771	0.0625351105	-0.3789882476	-0.1479580494	-0.0409276088	0.0936341961	0.27093884	0.2670924621	-0.1609156516	-0.3136734947	-0.2345897477	0.0613747762	-0.0312233879	-0.1815722025	0.2509538863	0.0919302269	0.1125961281	0.45536835	-0.0430589375	-0.1582352939	0.1534768872	0.0295484187	0.2621916607	0.1322468597	-0.0870500271	-0.2161584102	0.0657879519	-0.1127438166	-0.1116778295	0.0627886708	0.092280022	-0.0471208409	0.0068370569299816	0.037887280313356	4.674534746380942e-05	0.0014354460095428	0.2485166934618803	0.1330501109485737	0.0177023320234277	0.0617605469292261	0.053593337470815	0.1829524243714501	0.0334715895833911	0.0028722458212606	0.0075278042484547	-0.0003470936997889	5.666783680305264e-05	1.2047403643314713e-07	-0.0002161662594186	-4.960483723099994e-06	4.6727851711029475e-08	2.460639876713997e-11	-0.0025672231451031	-0.0007380279445151	5.446852468851836e-07	6.590634676753053e-06	0.0	0.0	0.0	0.0	1.0	0.0	0.0	0.0	0.0	0.0	0.0	0.0	0.0	0.0	0.0	0.0	0.0
879.199847025274	-6.246855300604466	39.02320114669011	772992.3710092653	993.0258128740634	-3.0084362364650588	986100.2650341945	9.050688588876048	848.3913627339934	0.6403149457427162	719767.9043616424	0.4100032297414975	873.571241492899	653.4539102304238	1.782688	32.103577	0.4717462465046407	0.2500840954928055	0.3996227458	0.2226759151	0.0336352434	0.1588541102	0.0688670152	0.2056482449	0.1139840355	-0.0818181006	0.1723805802	0.0555077248	0.1962809156	-0.1994587665	-0.0182745498	-0.1397745702	0.1532174249	-0.4354396584	-0.1752088018	0.1236145371	-0.3590954364	-0.0664983555	-0.2580012654	-0.1826061688	0.0268005404	0.0523973446	0.226364298	0.0240304635	0.1371547182	-0.108511366	0.3642614009	-0.1359516797	0.0571493308	0.0559853092	-0.2246876607	-0.169808031	0.4597097033	-0.1071364316	0.3607844116	0.2895412025	-0.1986422841	-0.4661732276	0.0706153609	-0.0237490118	-0.2363927309	-0.1188125051	-0.1996040428	0.1043510418	-0.0385615885	-0.3452178925	0.1616524537	0.0534564659	-0.1679167898	-0.1264421144	-0.2044181276	-0.2178663958	-0.0421245137	0.0639429652	-0.0130176858	0.1034158507	0.0713396806	0.0743632407	0.0873863672	-0.0583804184	-0.0109752700697782	-0.0178123269997598	0.0001204565531045	0.0003172789931463	0.3046515355003549	0.0561348420384746	0.0031511204906844	0.092812558082724	0.2186438599679263	0.1650505224971112	0.0272416749765694	0.0478051375016741	0.0054283354967531	-0.0020994687517016	2.9466826265309725e-05	4.407769039371476e-06	0.0008896073005502	0.0011057735599688	7.914011491922139e-07	1.2227351659260735e-06	-0.0040169519328186	-0.0014497287877154	2.101713557931052e-06	1.6135902830575085e-05	0.0	0.0	0.0	0.0	0.0	1.0	0.0	0.0	0.0	0.0	0.0	0.0	0.0	0.0	0.0	0.0	0.0
884.0205540162779	4.820706991003817	23.23921589311308	781492.3399232469	990.5299169975416	-2.495895876521786	981149.5164671566	6.229496226438453	850.0285422289562	1.6371794949627656	722548.5226038843	2.6803566987265364	874.0477248053265	652.270823988196	2.539156	45.726463	1.018724478235738	0.4721799856664357	0.094706026	-0.1677648807	0.24246798	0.1442039672	-0.0353976203	0.1729488521	-0.2788864044	-0.1700902425	0.1249237115	0.1041734009	-0.2295108166	-0.2322939221	-0.0830013227	0.3114139111	-0.020910088	-0.0064126731	-0.022978449	0.0456020761	-0.0696430212	-0.0864341309	-0.0638977446	0.0215341822	0.3171037188	-0.3385399337	0.233031942	0.1649677132	-0.2244618061	0.0841959618	-0.11217728	0.1734940773	-0.0113955	0.1299431433	-0.1868739463	0.1567836641	0.0701106696	0.2180903462	0.112195167	-0.0698437343	-0.1526613136	-0.1527659518	0.4017448986	0.1287088711	0.1368806265	0.1513948137	0.2603556468	-0.0739877563	-0.1506958389	0.0704731777	-0.1115731439	-0.0127642009	-0.1278095154	0.3461010312	-0.2149245675	0.194016351	0.0098056587	0.1461816369	0.2385889666	-0.0217392414	0.031040415	0.0035001455	0.0823644609	-0.0692973963	-0.0661479717795856	-0.0551727017098074	0.0043755541705528	0.0030440270139593	-0.0566146085179184	-0.3612661440182733	0.1305132268138317	0.0032052138976371	0.1024544437252643	-0.1161894162426619	0.0134999804468105	0.0104969130390533	-0.0002649339162725	-0.0056932694130256	7.018997999148405e-08	3.2413316609292856e-05	0.0035063606424794	0.0026167533419292	1.229456495512855e-05	6.847398052497637e-06	-0.0026050503624735	0.001411901570345	1.993466044342959e-06	6.786287391023313e-06	0.0	0.0	0.0	0.0	0.0	0.0	1.0	0.0	0.0	0.0	0.0	0.0	0.0	0.0	0.0	0.0	0.0
886.7227869651676	2.7022329488897867	7.302062910065593	786277.3009232741	1004.346991734198	13.817074736656425	1008712.8798055332	190.91155427834917	849.9965561211216	-0.0319861078346548	722494.145417767	0.0010231110944101	875.5228761200212	671.4958763719771	1.669764	30.069998	0.3618735878316242	0.1798211441941229	0.102678349	-0.1379361603	-0.0006475496	0.1129652399	0.3094045838	0.2531298704	0.1033357707	0.1367890901	0.1033777521	0.167234637	0.0676862478	-0.1754978441	0.0581911461	0.1653157936	0.058711692	-0.122795888	0.2704821319	-0.0435868626	-0.1395273387	0.0954239672	0.2612996283	0.2067912497	0.1186008708	0.0123515796	0.1954483438	-0.002369012	-0.1418174911	0.0696280087	0.2024141082	0.1389165055	-0.1279124455	-0.219249549	-0.1001113906	0.0824994822	-0.2195271118	-0.0005048806	0.1193556305	-0.1213750016	-0.1597074438	0.0431335409	0.3041593198	-0.0180555331	0.2932745696	0.0912087709	-0.1932284263	0.1337287443	0.1555135514	0.1171820183	0.0232715334	0.114401485	0.0112671339	-0.1084149665	0.1214328157	0.2567914732	-0.0938510721	-0.042385929	0.0221592775	0.098274084	-0.1231795448	0.0316699092	0.0772216734	-0.0798077096	-0.0335429927622641	0.0326049790173215	0.0011251323634493	0.0010630846567199	0.0559388626829218	0.1125534712008402	0.0126682838793583	0.0031291563582587	0.1333430416041068	0.0308885978788424	0.0009541054789208	0.0177803667442345	-0.0020518760149056	-0.0017869420986331	4.210195180544886e-06	3.193162063867268e-06	0.0024268063593613	-0.0010795542831181	5.889389105836447e-06	1.165437450198635e-06	-0.0017550159495323	0.0008500344129411	7.225585031842902e-07	3.0800809831127605e-06	0.0	0.0	0.0	0.0	0.0	0.0	0.0	1.0	0.0	0.0	0.0	0.0	0.0	0.0	0.0	0.0	0.0
882.9528431240243	-3.769943841143345	14.212476565374637	779605.7231807979	1000.6387288054528	-3.708262928745171	1001277.8655853926	13.751213948705711	849.9040332204706	-0.0925229006509198	722336.8656844229	0.0085604871448599	875.9141878633418	668.7155534815182	1.539451	27.723244	0.2246166506571434	0.1144981307694378	0.1021010875	-0.0305393662	0.0601808748	0.1952285049	0.1926440311	0.1579661396	-0.0127650639	0.113402283	0.1566582264	0.1060880322	-0.0063154546	-0.1209301168	0.0966471615	0.1239137064	-0.0506107231	-0.177650652	0.0554670984	-0.0209284451	0.0437937625	0.0763607619	-0.1052930208	0.0034952088	-0.0402769275	-0.2908152774	0.1401628634	-0.0275494962	-0.1610396411	-0.080228346	0.1498927184	0.0141999677	-0.0138509124	0.0208158667	0.0709244096	0.1002954147	0.1956476883	0.2026575006	0.1179346555	-0.0573197551	-0.1991426493	0.0576905058	0.1088359919	0.0057265285	0.0018536822	0.1139305488	-0.0012425647	-0.0166903459	-0.1346123092	0.0792179003	-0.0739643634	-0.1591474634	-0.0574325113	-0.0991154808	-0.1522187128	0.0138885111	0.0818536876	-0.0122217847	-0.2649890383	-0.0196089813	-0.0502754962	-0.1405634785	0.0719655524	-0.0898496795	0.0007588056218139	0.034301798384078	5.757859716963796e-07	0.0011766133723819	-0.0101138312159747	-0.0660526938988965	0.0043629583713013	0.0001022895818652	0.1375662397226307	0.0042231981185239	1.7835402348304015e-05	0.0189244703114243	-0.000953009038292	0.0010988669766135	9.082262270662428e-07	1.207508632291914e-06	0.001128839895607	-0.0012979664637543	1.2742795099140226e-06	1.6847169410308425e-06	-0.0017589617142773	-3.945764744999955e-06	1.556905942288456e-11	3.0939463122933377e-06	0.0	0.0	0.0	0.0	0.0	0.0	0.0	0.0	1.0	0.0	0.0	0.0	0.0	0.0	0.0	0.0	0.0
880.2266487911272	-2.72619433289708	7.4321355407201555	774798.9532420584	996.0864385861404	-4.552290219312454	992188.1931352208	20.723346240847828	848.2139808017873	-1.690052418683308	719466.9572276148	2.8562771778973	873.991134284908	652.5510656651685	1.166071	20.999226	0.0713323166131798	0.0310408164625129	0.0774839685	-0.0527345869	-0.0443353507	0.211819595	0.0273873224	0.1529311291	-0.0943975706	-0.0136579709	0.0109280207	0.0121852743	-0.0953989875	-0.1190963974	0.0136671268	0.0252238134	-0.0328547263	-0.1176214269	0.2034635084	-0.0459888997	-0.1472961803	0.0685966004	-0.0171909155	0.0649191857	-0.0411110242	0.0517475886	0.1478249819	0.0266628417	-0.0483915481	-0.0625573055	0.1579170108	0.0972210534	0.0089538391	-0.209128006	0.0865211746	-0.0634419071	-0.0285691231	0.0104035445	0.1157570574	-0.0671840577	-0.1643963202	0.0757294203	0.1083303573	-0.0264936622	0.0855823664	0.0817812327	-0.0604471236	-0.0820047444	-0.0709237333	0.0159852316	-0.0180477566	0.0292618466	-0.1395412406	-0.0552415715	0.0278796186	0.1668070559	0.0350760525	0.0572178631	-0.1704003407	-0.0261259899	-0.0559771845	0.0012488054	0.066603812	-0.0993643757	-0.0193717161572664	-0.0201305217790803	0.0003752633868776	0.000405237907098	-0.0102222369778957	-0.0001084057619209	1.1751809217672352e-08	0.0001044941288322	0.1458899425870043	0.0083237028643735	6.928402937438108e-05	0.0212838753480394	-0.0005842994721882	0.0003687095661037	3.414058731994092e-07	1.3594674413645242e-07	0.0010049095468125	-0.0001239303487944	1.0098431972749045e-06	1.535873135232642e-08	-0.0013962079050195	0.0003627538092577	1.3159032613104422e-07	1.9493965140389413e-06	0.0	0.0	0.0	0.0	0.0	0.0	0.0	0.0	0.0	0.0	0.0	0.0	0.0	0.0	0.0	0.0	0.0
882.7111159636837	2.484467172556492	6.172577131510851	779178.9142458519	1000.5722563894172	4.485817803276859	1001144.8402562096	20.122561364195622	848.983903197158	0.7699223953707133	720773.6678878814	0.5927804948933769	874.304482590439	663.282594538948	1.079109	19.433165	0.1230717983165669	0.0627887593145827	0.0871998228	-0.0359413983	0.0454812379	0.1706056454	0.1002730422	0.1048000304	-0.1271120443	0.0784855805	-0.0241153041	0.1366325252	0.0289675742	-0.0989554625	0.0408686558	0.080087116	-0.0760566973	-0.0926694257	0.1222603564	0.0473530771	0.0335980207	0.0566113226	-0.0885306506	-0.1579029528	0.0165138872	-0.0616112347	0.1199357194	0.0449561729	-0.101451644	-0.0986461789	0.0601427123	0.0481337977	-0.0169058159	0.012053098	0.0972508746	0.0563652759	0.1368495212	-0.0924941165	0.1057687337	-0.0319538376	-0.1699568942	0.0798815181	0.0141972832	-0.0145519112	-0.0472152784	0.0406753497	0.0067503531	-0.0613759722	-0.1025099573	0.0777669422	-0.0369963968	-0.1895835977	0.0336897552	-0.1739645353	-0.1104598722	-0.0221179795	0.0235754621	-0.0614100272	-0.1603520874	0.0403745386	0.0100026357	-0.1224456477	0.0611443214	-0.1082959623	-0.0033028564244261	0.0160688597328403	1.090886056037276e-05	0.0002582082531136	0.0089288038191597	0.0191510407970554	0.0003667623636104	7.972353764104083e-05	0.099056138880698	-0.0468338037063063	0.0021934051696008	0.0098121186499521	-0.0001599593618417	0.0004243401103465	2.5586997440803915e-08	1.800645292488798e-07	0.0007186211909866	-0.0002862883558259	5.164164161349995e-07	8.196102268149714e-08	-0.0015059413204544	-0.0001097334154348	1.2041422463008328e-08	2.2678592606519417e-06	0.0	0.0	0.0	0.0	0.0	0.0	0.0	0.0	0.0	0.0	0.0	0.0	0.0	0.0	0.0	0.0	0.0
878.4759118962562	-4.235204067427503	17.936953492754466	771719.927781959	996.0411045899864	-4.531151799430859	992097.8820328402	20.53133662948551	846.7215511125527	-2.262352084605368	716937.3851184471	5.118236954718254	874.1214033436571	666.5909493216797	1.400758	25.225595	0.1550042902776176	0.0907316743523084	0.0530048522	0.0015048523	-0.0337396626	0.0556850389	0.1725904264	0.0728063264	0.2711466772	-0.0345662686	-0.0572237175	0.0072202801	0.0291305225	0.0011179017	0.0284977748	-0.0878313832	-0.0035094949	0.0294140332	0.1010212968	-0.2090354007	-0.0683412096	0.1861801144	-0.0262390949	0.0401813294	-0.0386517395	0.0763656349	0.0198818935	-0.0776727396	0.0856931306	0.0521422503	0.0343402742	-0.1263686292	-0.1985247056	-0.2727796225	0.0617804393	0.0312488234	-0.0716850887	-0.0175779802	0.0628586788	-0.0454656925	-0.0601813749	0.0187409281	-0.0248318149	-0.1346344626	0.1447701994	-0.0168240354	-0.1865411822	-0.1077059092	0.025894683	0.038695757	-0.0231320126	0.0101903268	0.0234177854	0.0054777119	-0.032207778	0.1560600615	0.0986468335	0.0777202696	-0.2998989802	0.0747686028	-0.1361030939	0.0283236364	0.055595093	-0.1165920251	-0.0396050312685218	-0.0363021748440957	0.0015685585017805	0.0013178478984112	-0.0082674389847596	-0.0171962428039193	0.0002957107665713	6.835054736672285e-05	0.0173781573959104	-0.0816779814847876	0.0066712926594293	0.000302000354477	-0.0003743936577145	-0.0002144342958727	1.401706109368422e-07	4.5982067246463525e-08	0.0007188167563034	1.95565316799917e-07	5.166975291425415e-07	3.82457931350519e-14	-0.0016878692821611	-0.0001819279617067	3.309778325075453e-08	2.8489027136630277e-06	0.0	0.0	0.0	0.0	0.0	0.0	0.0	0.0	0.0	0.0	0.0	0.0	0.0	0.0	0.0	0.0	0.0
878.2014475426467	-0.27446435360946	0.0753306814022586	771237.7824660002	996.9243952879432	0.8832906979567952	993858.2499202312	0.7802024570970023	847.8915823196221	1.170031207069428	718920.1353684725	1.3689730255163428	875.5139923421746	652.1282273906551	2.063678	37.163799	0.5709072247486278	0.3188296957053452	-0.1332935405	-0.1148671688	-0.0342953838	-0.3661056358	0.0569825505	-0.0785182836	0.4280387602	0.029148672	-0.3900039394	0.0141244219	-0.1626015057	0.039008734	0.1462996194	-0.1358296748	0.1947977133	0.2820854953	-0.098974284	-0.0743687569	-0.0011815229	0.1335575985	0.0193250631	-0.2084446315	-0.0138178865	-0.1941117589	-0.0922334873	-0.3658008521	0.1357366423	0.3186841383	-0.1932739583	-0.0623575961	-0.0484650032	-0.0130499322	-0.071193585	0.2689986445	0.2596165958	0.043132025	-0.1003065224	-0.1075448993	0.3364150632	-0.2743971703	-0.1028296571	-0.3386892874	0.0697699402	0.0344901685	0.0804146798	0.0523741911	-0.0047550347	-0.0974650831	-0.1166002983	-0.080097233	-0.0401751822	0.0370759803	-0.1802461577	0.159680392	0.0450501941	-0.1439643775	-0.1402741241	0.1660135242	-0.0401070749	0.0081054519	0.0499642712	-0.1242038795	-0.1070164989950512	-0.0674114677265294	0.0114525310571577	0.0045443059810449	-0.0256519631504659	-0.0173845241657063	0.000302221680468	0.0006580232134728	-0.2914846562129867	-0.3088628136088971	0.0953962376304043	0.084963304807603	-0.0019829618250152	-0.0016085681673006	3.932137599467613e-06	2.5874915488531325e-06	0.0013779425888165	0.0006591258325131	1.8987257780743177e-06	4.344468630860872e-07	-0.0029651436672972	-0.0012772743851361	1.6314298549248025e-06	8.792076967712688e-06	0.0	0.0	0.0	0.0	0.0	0.0	0.0	0.0	0.0	1.0	0.0	0.0	0.0	0.0	0.0	0.0	0.0
880.3643402356915	2.162892693044796	4.67810480162657	775041.3715586244	997.774078815304	0.8496835273608667	995553.1123557286	0.7219620966684047	849.5302215088325	1.6386391892103802	721701.597256846	2.6851383924160523	876.0852798885769	643.6683277794526	1.204822	21.697062	0.1676058100859944	0.094440793021652	-0.0834090954	-0.1221209537	0.0043529089	-0.3317832383	-0.0967820148	-0.0366706862	0.0789474023	0.0054321521	-0.3033290672	-0.1112188413	-0.0071997301	-0.0154581225	0.1167545291	-0.066214445	0.2401535075	0.288255815	-0.1020094027	0.0058552733	0.0265902137	0.0526203125	0.0346982405	0.0213348589	-0.0916509051	-0.0504605288	-0.0385103944	-0.2220858624	0.0522811977	0.315923311	-0.1539051474	-0.0961292354	0.0669114529	0.0392102952	0.006745394	-0.0800179121	0.0282103916	0.038900722	-0.0755851289	-0.0872525949	0.328662988	-0.2054470721	-0.0418288592	-0.2452586762	-0.0131660528	0.0510348588	0.1512070256	0.0410721423	-0.0915890583	0.0540387579	0.014708641	-0.0096339683	-0.1303204662	0.0182548766	-0.1366234375	0.0897871351	0.0415483263	-0.0687322955	-0.0325095409	-0.0539237295	-0.0220866869	0.1988354106	0.0442601199	-0.1310868562	-0.1111230499923152	-0.004106550997264	0.0123483322395945	1.6863761093130018e-05	-0.1039363373729003	-0.0782843742224344	0.0061284432473981	0.0108027622264933	-0.3143568161940777	-0.0228721599810909	0.0005231357022006	0.0988202078876771	-0.0014502598608708	0.0005327019641444	2.103253664052992e-06	2.837713826033016e-07	0.0019480493932804	0.0005701068044639	3.794896438660135e-06	3.250217684960397e-07	-0.0028210979382014	0.0001440457290958	2.07491720707406e-08	7.95859357692419e-06	0.0	0.0	0.0	0.0	0.0	0.0	0.0	0.0	0.0	0.0	0.0	0.0	0.0	0.0	0.0	0.0	0.0
882.1734454565212	1.8091052208296787	3.2728617000332005	778229.9878686299	1004.3160512823808	6.541972467076789	1008650.7308634338	42.79740375999077	849.3950982373307	-0.1351232715018113	721472.0329096046	0.0182582985013522	876.2777264586881	659.1827315686967	1.281903	23.08519	0.4193731779166484	0.1967957742442537	-0.0418993241	-0.0232197306	0.0420283052	-0.1801301928	0.0356368029	-0.0308970987	0.0113171816	0.0979893052	-0.1621955703	0.010914614	0.046736201	-0.0079449271	0.1436932849	-0.0538247547	0.1465793172	0.1390986331	-0.0576200295	-0.1198119392	0.0336639893	0.0926818109	-0.0506253123	-0.2204062328	-0.0440642751	0.0196511468	-0.0278549646	-0.1472736762	0.0105107635	0.165893931	-0.0277808278	-0.0812179116	0.0257351574	-0.0550738093	0.0796347537	-0.1008365951	0.1424397632	-0.0446832689	-0.0431860402	-0.0080484127	0.1578863048	-0.1255498046	-0.0938151054	-0.1227165881	0.0379938649	-0.0610398122	0.0580392521	-0.0221561417	0.1737768507	0.0531802493	-0.12951173	-0.0703209313	-0.1342989621	0.0807861533	0.1080564328	-0.0714490541	-0.0482495766	0.1316679853	-0.1695773844	0.1623550635	0.0349257916	-0.27836347	0.0384910108	-0.1372005631	-0.0819535150828869	0.0291695349094283	0.0067163786344409	0.0008508617668323	0.0166448344216689	0.1205811717945692	0.0145398189913514	0.0002770505129247	-0.1660145517415827	0.148342264452495	0.0220054274228939	0.0275608313899586	-4.378715837308157e-05	0.0014064727024977	1.917315238389327e-09	1.9781654628712355e-06	0.0015750480264487	-0.0003730013668317	2.480776285619945e-06	1.3913001965831657e-07	-0.0021749678723277	0.0006461300658737	4.174840620259521e-07	4.7304852456576826e-06	0.0	0.0	0.0	0.0	0.0	0.0	0.0	0.0	0.0	0.0	0.0	0.0	0.0	0.0	0.0	0.0	0.0
877.7316650180703	-4.441780438450905	19.72941346340512	770412.875775394	1003.1159865619146	-1.20006472046623	1006241.6824960832	1.4401553333076909	848.9268840024146	-0.468214234916104	720676.8543820491	0.2192245697780726	875.8690797854692	651.4928393429273	1.371157	24.692526	0.2648284264411801	0.2001054965820368	-0.0084116805	-0.0089118037	-0.0989801835	-0.0063660476	0.0133566842	-0.0361251246	-0.0462188533	0.1147626679	-0.0265583769	-0.1562139369	0.0056586404	-0.0048185985	0.2364627866	-0.1955874154	0.0708633258	-0.0679734195	-0.0646067438	-0.140342133	-0.0940879916	-0.0240947745	-0.1273201132	-0.047001845	-0.0611151455	0.0111829937	-0.0176600119	-0.2248222741	0.0147948137	-0.0581247247	0.0689653204	-0.1314964598	0.0887801393	-0.054121736	0.0435921132	-0.2161299355	0.120413177	0.0782302528	0.0605737799	-0.0177483895	-0.0038523234	-0.1597366337	-0.0277115254	-0.1124461964	-0.1251286202	-0.0917809315	-0.1289924876	-0.1131631759	0.2375827824	-0.0648842131	-0.1488273064	0.2194029518	0.2702813016	-0.0791850369	0.1877453597	0.0981694791	0.0128582832	0.2484477983	-0.0118489567	-0.0818737504	0.1482751989	-0.0743408868	0.0326654109	-0.1425091225	-0.0820402580112897	-8.674292840279985e-05	0.0067306039345589	7.524335627893261e-09	0.0621251075859135	0.0454802731642446	0.0020684552470943	0.0038595289925613	0.0245856042942591	0.1906001560358418	0.0363284194808872	0.0006044519385138	-0.0003134577000999	-0.0002696705417268	9.825572975191885e-08	7.272220107523571e-08	0.0018783443842276	0.0003032963577789	3.5281776257593616e-06	9.198868064194653e-08	-0.0021747096855796	2.581867480999992e-07	6.66603968944524e-14	4.7293622165537225e-06	0.0	0.0	0.0	0.0	0.0	0.0	0.0	0.0	0.0	0.0	0.0	0.0	0.0	0.0	0.0	0.0	0.0
877.9483150127344	0.2166499946640669	0.0469372201879402	770793.2438336995	999.3576001172876	-3.7583864446270354	998715.6129121844	14.125468667156248	847.7104467253067	-1.216437277107843	718613.0014872191	1.479719649137544	874.0238188393096	636.5622878956468	1.310712	23.603992	0.3105691352468268	0.1839047714754745	-0.0553363557	-0.1141241511	-0.1645648356	0.0374929691	-0.0414286216	-0.0110565287	-0.1030472954	0.0948705015	-0.0283054465	-0.1284073336	-0.0233781551	-0.0411060329	0.1068209575	-0.0422678217	-0.0943275352	0.0434654192	0.029225099	0.0528779987	-0.0118318171	-0.0257517047	-0.0708317571	-0.0474003392	0.1094299639	0.0645835999	0.02175127	-0.0891205134	-0.0485457559	-0.0986696287	-0.0580708851	0.0271104912	0.0634823667	-0.0532743148	0.0364995041	-0.064518139	0.0766268117	-0.0880786564	-0.0001695585	-0.1437635276	-0.0090386273	-0.0003405431	0.0829595344	-0.1009135362	-0.0652701405	0.0160284454	-0.0500965621	-0.0546367769	-0.0245242465	-0.0802292312	0.0448855388	-0.0307449827	0.1376544389	0.0780619558	0.0600376183	-0.1416110151	-0.1930536064	-0.0589747528	0.1246181568	-0.1880862631	-0.2973610637	0.0245459056	0.0267918699	-0.1469813818	-0.0558112317971364	0.0262290262141532	0.0031148935947136	0.0006879618161427	-0.0503776416727106	-0.1125027492586241	0.0126568685907488	0.002537906780504	0.0244901245631297	-9.547973112939907e-05	9.11637905654234e-09	0.0005997662011176	-0.0030518811258924	-0.0027384234257925	9.313978406578263e-06	7.498962858929132e-06	0.0020179772305999	0.0001396328463723	4.072232103219642e-06	1.949733178603037e-08	-0.001617928356886	0.0005567813286936	3.100054479818107e-07	2.617692168015832e-06	0.0	0.0	0.0	0.0	0.0	0.0	0.0	0.0	0.0	0.0	0.0	0.0	0.0	0.0	0.0	0.0	0.0
878.673051972955	0.724736960220639	0.5252436615098521	772066.3322634674	999.8327226694564	0.4751225521688411	999665.4733206182	0.2257414395794331	848.1169391313624	0.4064924060556905	719302.3424415512	0.1652360761809443	874.6948266477666	648.3953484537084	0.979757	17.643976	0.1053685299952587	0.0550104214212321	-0.0225616396	-0.073114856	-0.1188147865	-0.0105784945	0.0392668867	0.0254760986	-0.0017427453	0.0693564882	0.0761695158	-0.106384593	0.129765317	0.0066386285	0.1244909399	-0.0592132834	-0.0754641047	-0.0158651906	-0.0477230518	-0.0867542266	0.0137251256	0.0797336032	0.0217857224	0.0650907035	0.1285837016	0.0381258281	-0.0078332053	-0.1054017637	-0.0386633286	-0.0789710879	-0.0180519408	-0.0860856451	-0.0778153241	-0.0764163279	-0.0601944406	-0.0081537469	-0.0761293409	0.0359914711	0.0086079489	-0.0940613675	-0.0050050471	0.0173455678	-0.0025541326	-0.0698842973	-0.0813794899	0.0375674599	-0.0534002661	-0.1039167822	0.0364245214	0.0151944474	0.0471183283	0.0352703603	0.1652639726	-0.0055651938	0.0073095404	-0.0769562406	-0.0192219598	-0.0104638547	0.0457984344	-0.131155251	-0.1214355972	0.0986178925	0.0208790082	-0.1505910958	-0.0553373807670141	0.0004738510301223	0.0030622257101535	2.245347987479694e-07	-0.0133729931495594	0.0370046485231512	0.0013693440123219	0.0001788369457781	0.0299925642341349	0.0055024396710051	3.0276842333051786e-05	0.0008995539093387	-0.0023406115123302	0.0007112696135622	5.478462251652665e-06	5.059044631769217e-07	0.0018823685139333	-0.0001356087166666	3.54331122224746e-06	1.838972403596224e-08	-0.0020188018420768	-0.0004008734851908	1.6069955112901857e-07	4.0755608775726805e-06	0.0	0.0	0.0	0.0	0.0	0.0	0.0	0.0	0.0	0.0	0.0	0.0	0.0	0.0	0.0	0.0	0.0
875.2949767766589	-3.378075196296095	11.4113920318309	766141.2963704519	1000.95522437737	1.1225017079135569	1001911.3612083512	1.2600100842688522	847.2286166636601	-0.8883224677023236	717796.3288938191	0.7891168066247457	873.9738686716455	637.3386829995829	1.057865	19.050596	0.0729040646009616	0.0382702828896301	-0.0320025664	0.0511562128	-0.2778465568	0.0196795577	-0.0458376821	-0.048085592	-0.0155282354	0.1480312747	-0.0741678982	-0.2623199556	0.0430562746	0.0141843201	0.153226225	-0.1706000095	-0.0555203326	-0.052491708	0.007384995	-0.11308489	0.0709345344	-0.1312933884	0.0282938024	-0.0719288384	0.1772283474	-0.0508746895	-0.0189735804	-0.183148798	0.0293864228	-0.1507106652	-0.0084959795	-0.1536143488	0.1277409878	0.0261669037	0.027275864	0.0868374816	-0.0131470132	-0.0652919354	0.001908113	-0.0771594974	-0.0226962563	0.008488139	-0.0246401898	-0.0312812442	-0.124966544	0.0742900379	-0.1099093876	-0.0021819482	-0.1366550562	-0.0375318011	-0.0839637426	0.0757749886	0.1257404407	0.0983562413	-0.0088169443	-0.0327761408	-0.0997362388	-0.0375358986	0.0783274577	-0.1683678472	-0.0743998611	0.0232450678	0.0149355036	-0.1533170814	-0.0526352636420455	0.0027021171249685	0.0027704709786676	7.301436957048545e-06	-0.0229434210573771	-0.0095704279078177	9.159309033873592e-05	0.000526400569816	0.0510471718365153	0.0210546076023804	0.0004432965012902	0.0026058137525067	-0.0016682139901374	0.0006723975221927	2.782937916890145e-06	4.5211842785101677e-07	0.001881093072952	-1.2754409812998878e-06	3.5385111491079986e-06	1.626749696779221e-12	-0.001900936565935	0.0001178652761417	1.3892223319982756e-08	3.613559827708751e-06	0.0	0.0	0.0	0.0	0.0	0.0	0.0	0.0	0.0	0.0	0.0	0.0	0.0	0.0	0.0	0.0	0.0
877.58566398819	2.2906872115311216	5.2472479010722255	770156.5976375925	992.4784051103202	-8.476819267049791	985013.3846103247	71.85646488622656	847.4313690564984	0.2027523928383061	718139.9252609712	0.0411085328016588	873.473170728765	629.3815667773879	1.061873	19.122763	0.0625681749851206	0.0367818531838953	-0.0299219188	-0.0759364615	-0.0535413393	0.064209534	-0.1987457341	-0.0177368776	-0.121233576	-0.1140789467	-0.1556519374	-0.0963283608	0.16067044	-0.0182424175	-0.0290361931	0.0374955831	-0.1189591266	0.0850013878	-0.0569495614	-0.0917372207	0.1184811141	-0.0762977324	-0.0475054491	-0.0783550471	0.093368506	0.1081970531	0.0147762508	0.0628885658	-0.0486522479	-0.0418872678	-0.1638869434	-0.1248263235	0.0310247173	0.0087470284	0.0798294762	0.0104131503	-0.0835987091	-0.1076564799	-0.0017862054	-0.0571396629	-2.29547e-05	0.0266955763	-0.0177798513	-0.0232446123	-0.0998692026	0.0167752147	0.0733923428	-0.1796461098	-0.0979102997	-0.0083410471	0.0521385489	0.1288700911	0.0026274311	0.017362748	0.0174461468	-0.0837146258	-0.0239372897	0.0714074982	0.0658663448	-0.1044126828	0.073219785	0.1055848781	0.0089700792	-0.1551433414	-0.0451231896671089	0.0075120739749366	0.0020361022457338	5.643125540491984e-05	-0.0230041880068085	-6.0766949431398376e-05	3.6926221431981276e-09	0.0005291926658525	0.0241583985444577	-0.0268887732920575	0.0007230061291516	0.0005836282202328	-0.0013401633515718	0.0003280506385656	1.79603780889616e-06	1.0761722146329793e-07	0.0017948761188013	-8.621695415070014e-05	3.221580281843218e-06	7.433363183023929e-09	-0.0020488001885926	-0.0001478636226575	2.1863650905429054e-08	4.197582212777073e-06	0.0	0.0	0.0	0.0	0.0	0.0	0.0	0.0	0.0	0.0	0.0	0.0	0.0	0.0	0.0	0.0	0.0
881.9416557158514	4.355991727661376	18.97466393145434	777821.0840868175	999.6995794731274	7.221174362807233	999399.2491987478	52.145359178064446	848.9908002782249	1.559431221726527	720785.3789570607	2.4318257352954884	874.51033928863	648.8885575863305	0.996574	17.946825	0.0679241105645236	0.033175489090127	-0.0318659854	-0.0354289851	-0.0440298222	0.0016426275	0.0221781088	0.0081301274	-0.0388890111	0.0504645173	-0.0832976679	0.05003025	0.1258816682	-0.0233550168	0.0838171302	0.022976567	0.0049931177	0.0013460739	0.0358220367	-0.0069467336	0.0710004977	-0.1012091863	0.0484644698	-0.1074247353	0.0965506082	0.1685267309	0.0174538559	-0.0192694477	-0.0797071057	0.0107550202	-0.0130026097	-0.05092152	0.0560625126	0.0502194425	0.0523088047	0.0126476014	-0.0408557479	-0.2445111806	-0.0209982517	-0.0593009741	0.0015404901	0.0306899726	-0.0102628142	-0.0378894945	-0.0620529497	0.0178222341	0.0177052084	-0.0314995553	-0.0885589873	-0.028435145	0.0094434032	-0.0912288217	0.0969698338	-0.0230563098	0.0540472512	-0.1148536397	-0.0515845548	-0.0985118369	0.0965675755	0.0009996783	0.0075086765	-0.0460388023	0.0029914899	-0.1560591586	-0.0454731898830971	-0.0003500002159882	0.0020678109981442	1.225001511917885e-07	-0.0273297956762235	-0.004325607669415	1.871088170970188e-05	0.0007469177317041	0.0120496127896672	-0.0121087857547905	0.0001466226924554	0.0001451931683809	-0.0016697632172033	-0.0003295998656314	2.7881092015251145e-06	1.0863607142430281e-07	0.0015933057699817	-0.0002015703488195	2.538623276656978e-06	4.063060552325514e-08	-0.0015571760645571	0.0004916241240354	2.416942793336725e-07	2.4247972960295377e-06	0.0	0.0	0.0	0.0	0.0	0.0	0.0	0.0	0.0	0.0	0.0	0.0	0.0	0.0	0.0	0.0	0.0
879.6351253862188	-2.3065303296326647	5.320082161515368	773757.9538132288	995.9004544263696	-3.799125046757808	991817.7151266496	14.43335112090252	847.2073416294891	-1.7834586487358592	717760.2797109057	3.180724751750737	873.8973272274702	654.7460661550324	1.051338	18.933056	0.0546083266002941	0.0278309886720337	-0.0111829312	-0.0821884103	0.0305380676	-0.0176295017	-0.0174367335	0.0075069055	-0.0102351806	-0.0387507052	-0.0292673175	-0.0209698267	0.2109481745	0.0249623732	-0.0061211449	-0.0114898766	-0.1528075761	0.0477745951	-0.1295461367	-0.0921964861	0.0694681196	0.1822137915	-0.1172786779	0.1134671176	-0.0470982728	0.0478733677	-0.0113820999	0.0304755784	-0.0047929605	-0.0721024258	-0.1375214549	-0.1980889277	-0.2084047363	-0.0041333343	0.0858559835	-0.0877519437	0.0108013867	0.0493296368	-0.005869098	-0.050220263	0.0021041354	0.0519391188	-0.0085744638	-0.0228059658	-0.0783154142	-0.0129542433	0.0792671119	-0.1568563142	0.0638362665	0.0866449005	0.1145645655	-0.00914851	0.1369746265	-0.0257969323	-0.0855945529	-0.1258950147	-0.0158959377	0.0372262204	0.0448970194	-0.0126803075	0.0599163171	0.0709106537	-0.0029914899	-0.1560591586	-0.0453681883253693	0.0001050015577278	0.0020582725119261	1.1025327125264905e-08	-0.0083032697236831	0.0190265259525404	0.0003620086898226	6.894428810423242e-05	0.0241937186308831	0.0121441058412159	0.0001474793066826	0.0005853360211903	-0.0018192137406303	-0.000149450523427	3.3095386340980885e-06	2.2335458952604296e-08	0.0014700953785744	-0.0001232103914073	2.1611804221058085e-06	1.51808005507401e-08	-0.001751169014699	-0.0001939929501418	3.763326470475765e-08	3.0665929180418662e-06	0.0	0.0	0.0	0.0	0.0	0.0	0.0	0.0	0.0	0.0	0.0	0.0	0.0	0.0	0.0	0.0	0.0
878.1314478072638	-1.503677578954921	2.2610462614517326	771114.8396280813	997.4662405092116	1.5657860828420098	994938.9009555804	2.451686057221725	846.2367485412273	-0.9705930882618076	716116.6345816283	0.9420509429815932	872.9606863331591	641.740495625774	1.002611	18.055542	0.1051649687718553	0.0522048098773333	-0.0161842749	0.009793234	-0.1121525419	0.0512094992	-0.0576366753	-0.0099449067	-0.0433891416	-0.0202499828	0.0575770395	-0.1542475828	-0.0251806658	0.0148160647	-0.0602315841	-0.0626044713	-0.1644975124	-0.0005181137	0.0113320512	-0.0045705098	0.0069152066	-0.041673342	0.0304132542	-0.0682698765	0.0651055589	-0.0385832214	-0.0058741464	0.0362937848	0.0436805853	-0.1476554569	-0.0683640604	0.0043961752	0.0095879107	-0.0069016753	-0.0064640008	0.0670018342	-0.0168994015	-0.0464317741	-0.0122970758	-0.0424520823	-0.0266350061	0.0770552283	-0.0295078909	0.0020645906	-0.0500160377	0.0118982549	1.88173e-05	0.0304103732	-0.0282210764	0.0310582929	-0.0092102898	0.1139902771	0.0579383331	0.0491099559	-0.1100590261	-0.0858649678	-0.1133781704	-0.0660482345	0.0327472011	-0.0883617737	0.0746197015	-0.008409125	-0.0089700792	-0.1551433414	-0.0475943176387403	-0.002226129313371	0.0022652190714973	4.955651719849653e-06	-0.0232011040092317	-0.0148978342855485	0.0002219454663996	0.0005382912272471	0.0687101948235238	0.0445164761926407	0.0019817166526099	0.0047210908726865	-0.0016691080123001	0.0001501057283301	2.7859215567243908e-06	2.2531729677539797e-08	0.0019047288651157	0.0004346334865413	3.6279920496049434e-06	1.889062676230465e-07	-0.0014654176499646	0.0002857513647343	8.165384244757204e-08	2.147448888827771e-06	0.0	0.0	0.0	0.0	0.0	0.0	0.0	0.0	0.0	0.0	0.0	0.0	0.0	0.0	0.0	0.0	0.0
880.4650378633194	2.3335900560555274	5.44564254972124	775218.6828996564	994.9235826012684	-2.5426579079431804	989872.935216143	6.465109236825991	846.455542664333	0.2187941231057948	716486.9857071706	0.0478708683056337	871.7926792813163	645.6038696378645	0.875191	15.760905	0.0832160122610559	0.0419813115256527	0.0022414709	-0.066300877	0.05773125	0.058436661	-0.1112451072	0.0246966968	-0.0860388156	-0.1221595322	-0.0693956339	0.0376836147	0.0685122182	-0.0389339009	-0.1895366477	0.0639853665	-0.1374536952	0.0570110586	0.0225738605	-0.0919123126	-0.0860783491	0.004960474	0.0359023382	0.0228564934	0.0956250158	0.0385480545	0.0390791591	0.1844056005	0.0236271154	-0.0426729847	-0.1243831274	-0.0107360036	0.0055401065	-0.1147848668	0.0197040022	-0.0188177926	-0.0391973627	0.00412511	-0.0001432196	-0.0183479648	-0.0270720839	0.0795677763	-0.0022777255	0.0184554961	-0.0015111524	-0.0645465427	0.0781611518	-0.0807089558	0.0603169739	0.0713244222	0.0668649131	0.0879255182	-0.0430057046	0.0195550078	-0.0636540911	-0.1034957916	-0.0125864941	0.0148955361	-0.0010445598	-0.0086970483	0.1357840533	-0.0332472986	-0.0149355036	-0.1533170814	-0.0413557260089731	0.0062385916297671	0.0017102960737292	3.892002552300135e-05	0.0067305995494564	0.0299317035586881	0.0008959068779251	4.530097029514269e-05	0.0519590557672131	-0.0167511390563107	0.0002806006596838	0.0026997434762203	-0.0014378774235734	0.0002312305887267	2.067491485222079e-06	5.346758516289629e-08	0.0015310553045295	-0.0003736735605862	2.34413034552792e-06	1.396319298811685e-07	-0.0014664050609775	-9.874110128999664e-07	9.749805083961377e-13	2.1503438028604256e-06	0.0	0.0	0.0	0.0	0.0	0.0	0.0	0.0	0.0	0.0	0.0	0.0	0.0	0.0	0.0	0.0	0.0
880.7649692260824	0.2999313627630044	0.0899588223688729	775746.9310158219	995.8852037574812	0.9616211562128	991787.33906308	0.9247152480760424	847.1560704720804	0.7005278077473349	717673.4077376964	0.490739209427287	873.2018643403665	651.5504102361646	0.898815	16.186325	0.0594674394894943	0.0318305261085915	-0.0231122341	-0.0319894579	0.0774730208	0.0168942007	0.00778133	-0.0239817122	-0.0057067397	-0.0687876596	0.0907837459	-0.0044451143	-0.0368156924	0.0234527317	-0.0654756299	0.0381913267	-0.1186950606	0.0253845329	0.0367835377	0.0011421556	0.0100880625	0.0245351908	0.0371530658	-0.0511611419	-0.0272078223	-0.0407432187	-0.013908233	0.0607664603	0.0172980184	-0.0620725103	-0.0708900622	0.0389316186	-0.0955057467	-0.0247254735	-0.0144123262	0.1426581016	0.0213473991	-0.0383332909	-0.0288783139	-0.0063148123	-0.014677521	0.0518091682	-0.0435643918	0.0041025743	0.0791401351	-0.0346522168	-0.0069461934	0.0373636259	0.0690426758	0.0503000636	0.0131346385	-0.0103022362	0.0965517874	0.0039356613	-0.1737918215	-0.101931877	-0.0395754449	-0.0565598904	0.0059453164	0.1168653321	0.0281563511	-0.085870922	-0.0208790082	-0.1505910958	-0.0455744128999953	-0.0042186868910222	0.0020770271111792	1.7797319084482553e-05	0.0208671462950746	0.0141365467456181	0.000199841953891	0.0004354377945	0.0506981401963742	-0.0012609155708389	1.5899080767840023e-06	0.0025703014193712	-0.0011241154424998	0.0003137619810736	1.263635528066521e-06	9.844658076723017e-08	0.0014690622647222	-6.199303980730002e-05	2.1581439376307195e-06	3.843136984549485e-09	-0.0018876758457369	-0.0004212707847593	1.7746907409180065e-07	3.56332009857852e-06	0.0	0.0	0.0	0.0	0.0	0.0	0.0	0.0	0.0	0.0	0.0	0.0	0.0	0.0	0.0	0.0	0.0
883.6069581616363	2.8419889355539	8.07690110981079	780761.2565116596	1000.1459602668272	4.260756509345924	1000291.941838054	18.154046031933667	850.799812926704	3.6437424546236334	723860.3216761146	13.276859075626668	876.1445472668379	652.0117269952704	1.045552	18.828859	0.065703524517674	0.0452911308971754	-0.0128736975	-0.0808876738	0.122472648	-0.0139323944	-0.0585436446	0.0325498278	-0.0785212958	-0.0116256673	-0.0591805771	0.1113140242	-0.0572866032	-0.042400925	0.0067829132	0.1721195557	0.0661105963	-0.0079568141	-0.0951471464	-0.0316959568	0.2131080832	-0.1566406309	0.1769163763	0.1906493188	-0.1513047656	0.0571041983	0.0404144784	0.0519815287	-0.1482236967	0.1166726537	-0.012684587	-0.0603297112	0.1399928776	0.1311345235	-0.0055529502	0.0789485517	-0.2125353023	0.172744097	-0.0215757791	0.0086608603	0.0156710113	0.0447730544	0.001081621	0.0045280896	0.0322314671	-0.034699617	0.1144427269	0.0445638173	-0.0868746138	0.0728034496	0.0503307249	0.1043448517	-0.0621949669	0.0585101513	0.0264482125	-0.1463280693	0.1051435054	0.0265098778	-0.0163733074	0.2048126962	0.2884997959	-0.1516150597	-0.0267918699	-0.1469813818	-0.0454993988619776	7.501403801770529e-05	0.0020701952968013	5.627105899721734e-09	-0.0152580699473361	-0.0361252162424107	0.0013050312485609	0.0002328086985178	0.0426058321630336	-0.0080923080333406	6.548544930646882e-05	0.0018152569343045	-0.000697114719854	0.0004270007226458	4.859689326371209e-07	1.8232961714003546e-07	0.0014681572851789	-9.049795433001272e-07	2.155485814023878e-06	8.18987973791707e-13	-0.0018879898676259	-3.140218890001177e-07	9.860974677120225e-14	3.5645057402580634e-06	0.0	0.0	0.0	0.0	0.0	0.0	0.0	0.0	0.0	0.0	0.0	0.0	0.0	0.0	0.0	0.0	0.0
884.8366126458055	1.2296544841692594	1.5120501504375674	782935.8310785033	1002.1848373413086	2.0388770744814337	1004374.4481968252	4.15701972484597	850.0209573911732	-0.7788555355308517	722535.6280042066	0.6066159452270499	877.2701079539763	659.1219368204912	1.489107	26.816626	0.3312210546085667	0.15043162695458	-0.1006410469	-0.0062718241	-0.0353590832	-0.1143417431	0.2195339823	-0.0647111472	0.1722891414	0.1506834226	-0.0406078248	0.114777185	-0.1284069672	0.0515364079	0.1227455154	0.0557655527	0.1377247577	0.0600153536	0.0892302835	0.3108722049	0.1007394137	0.2595405713	0.0294208039	0.0941232552	0.0637473737	-0.0488433381	-0.0755659886	-0.1684806108	-0.0658103122	0.1696155228	0.0810171229	0.2724871661	-0.2337316789	0.1571689304	-0.0002458349	0.0309272618	-0.0447586097	-0.0327908257	-0.0819905896	-0.0837829683	0.0894197643	-0.031689716	0.1283487734	-0.0528482707	0.0865664664	0.0097224935	0.0516351829	0.275642437	-0.0963288727	-0.0073926348	0.297831871	0.0291874287	-0.2607477783	0.0014719459	0.2985816768	-0.1055014671	-0.1831664463	-0.0372698031	0.2095683171	0.1897797693	-0.0890636895	0.1622966677	-0.0326654109	-0.1425091225	-0.0629799696777695	-0.0174805708157919	0.0039664765806127	0.0003055703560459	-0.0763517473106958	-0.0610936773633597	0.0037324374137782	0.0058295893173963	-0.0260972974439965	-0.0687031296070301	0.0047201200178003	0.0006810689338804	-0.0029757612297642	-0.0022786465099101	8.855154896567743e-06	5.1922299171259335e-06	0.0027639747701122	0.0012958174849333	7.639556529816788e-06	1.6791429542588631e-06	-0.0019923994092301	-0.0001044095416042	1.090135237799918e-08	3.969655405900452e-06	0.0	0.0	0.0	0.0	0.0	0.0	0.0	0.0	0.0	0.0	0.0	0.0	0.0	0.0	0.0	0.0	0.0
883.7578287303742	-1.0787839154313588	1.163774736193413	781027.8998422254	1003.5956357097068	1.4107983683982184	1007204.2000155704	1.990352036275075	850.4741639159289	0.4532065247557284	723306.3034884983	0.2053961540811646	875.6621418977395	661.2429369993639	1.304835	23.498152	0.2832655892282172	0.1331424314584275	-0.052220976	-0.0274051812	0.0376488485	-0.0677716147	0.1289454287	-0.008434889	-0.0536387228	0.02586311	0.0566947229	0.0895203375	-0.2888605518	-0.0104038853	0.1462699708	0.0687336238	0.1103014442	0.018828321	0.1080884361	0.0048013331	-0.0542529425	-0.0656099799	-0.0233403739	0.0605280154	-0.0646390767	-0.0313736074	0.0041191837	-0.0733038308	-0.1199015497	0.0798013013	0.1326922389	0.0972264849	0.1287048846	-0.0447961734	0.0663431163	-0.0982330785	-0.0375647766	0.0187998663	-0.062553776	-0.0302999313	0.0253361943	-0.0040170294	0.0507517094	-0.0242056412	0.0222830965	-0.00358749	-0.0484007663	0.0754504343	0.0545098909	-0.0805019553	-0.0279168444	-0.0892860956	0.0167210319	-0.0420041957	0.0953938102	-0.0107867857	0.0007021869	-0.1394283553	0.1507243959	-0.036306526	-0.0102833922	-0.2937176226	-0.0384910108	-0.1372005631	-0.0743420908124221	-0.0113621211346525	0.0055267464663624	0.0001290977966785	0.0275315535754714	0.1038833008861672	0.0107917402030059	0.000757986442279	0.0427426121797509	0.0688399096237474	0.0047389331570057	0.0018269308959485	-0.0018156254003331	0.001160135829431	3.2964955943347296e-06	1.345915142729786e-06	0.0022979908671187	-0.0004659839029934	5.280762025360955e-06	2.1714099784905562e-07	-0.0016349139899817	0.0003574854192484	1.2779582497520442e-07	2.672943754637882e-06	0.0	0.0	0.0	0.0	0.0	0.0	0.0	0.0	0.0	0.0	0.0	0.0	0.0	0.0	0.0	0.0	0.0
880.4197923470762	-3.338036383298004	11.142486896221218	775139.0107564687	1001.3634666309022	-2.2321690788046453	1002728.792303058	4.982578796371579	846.7933458019954	-3.680818113933469	717058.9704945378	13.548421987860742	873.3911055540427	650.3939643867328	1.203279	21.669281	0.1423148405134935	0.0712129958607275	-0.0235987835	0.0634398148	0.0139712274	0.0738555916	-0.000974016	-0.0384131016	-0.0643562839	0.0073720457	0.1136721122	0.0025432928	-0.0872873803	0.0514361901	-0.066856359	0.0192262263	-0.1373783776	0.0195206187	-0.0531625461	0.0363866105	-0.0196013945	0.1674651353	0.004389032	0.020768055	0.0427205696	-0.0057982944	-0.0453595486	0.0520013404	0.0060556319	-0.0976765728	-0.0452623118	0.1075270421	-0.0887840259	-0.0678325348	0.0082419238	0.0024988743	0.0458097407	0.1831947291	-0.0296123016	0.0055797662	-0.0349530174	0.0390831359	0.0228468296	0.0542764807	0.0243325679	-0.0251104326	-0.013115751	-0.0259503668	0.0903527741	0.0482145656	-0.0103212539	-0.014885073	-0.0784508646	-0.0054130966	0.0454885189	-0.0013037068	0.0741645679	0.0882440366	0.0013612225	-0.0422368452	0.0160102493	0.0049315271	-0.0442601199	-0.1310868562	-0.0450330025647645	0.0293090882476576	0.002027971319998	0.0008590226539089	0.0230599590618254	-0.004471594513646	1.9995157494469005e-05	0.000531761711933	0.1085857617113958	0.0658431495316449	0.0043353203402465	0.011790867646444	-0.0012138348744994	0.0006017905258337	1.473395102550974e-06	3.621518369832011e-07	0.0022971527785946	-8.3808852409991e-07	5.276910888204891e-06	7.023923742279655e-13	-0.0018861055400348	-0.0002511915500531	6.30971948180791e-08	3.5573941081499645e-06	0.0	0.0	0.0	0.0	0.0	0.0	0.0	0.0	0.0	0.0	0.0	0.0	0.0	0.0	0.0	0.0	0.0
878.9154022444241	-1.5043901026521098	2.2631895809576257	772492.2843024777	999.9077437551398	-1.455722875762376	999815.4960214944	2.119129091017882	845.8921339668558	-0.901211835139634	715533.5023070012	0.8121827717957466	872.5841401581072	647.652925696625	0.968604	17.443132	0.0537779418705892	0.0337203679803259	-0.0416133659	0.0776740417	-0.1077246293	0.0492888727	-0.0139403237	-0.0454857741	-0.0335244277	0.0098366255	0.0760965894	-0.0909633684	-0.1269744121	0.070714907	-0.1131928815	-0.030553469	-0.114892105	0.0566181588	0.0592671466	0.0975700285	-0.1056456185	-0.0196024533	0.1876695744	0.0290586956	0.0824788089	-0.0103945826	-0.0530853953	0.0537819874	0.0823503393	-0.115490658	-0.057192076	0.1507152361	-0.0216254147	-0.0881020928	-0.1400598331	0.072667331	-0.0580464599	-0.0189849974	-0.0398499905	0.0023269499	-0.0223114014	0.0345643572	-0.016576955	0.0391836105	0.0383217481	0.0560060211	-0.1371213539	0.0460979207	0.0102275877	0.0193454156	-0.00767474	0.0801214553	0.0685289751	0.0006532086	-0.0073879345	-0.0252708058	0.0546657777	0.0046859578	0.0123422052	-0.0033196233	-0.0283974587	0.129850992	-0.0499642712	-0.1242038795	-0.0448442118341603	0.0001887907306042	0.002011003335027	3.5641939962068875e-08	0.0116778784758508	-0.0113820805859746	0.0001295517584656	0.0001363728456967	0.1360239722240663	0.0274382105126704	0.0007528553961376	0.0185025210196135	-0.0014062394024183	-0.0001924045279188	1.9775092569137773e-06	3.701950236369476e-08	0.0023998334188921	0.0001026806402974	5.759200438431345e-06	1.0543313891904557e-08	-0.0018858135074244	2.920326103998845e-07	8.528304553697073e-14	3.5562925847843177e-06	0.0	0.0	0.0	0.0	0.0	0.0	0.0	0.0	0.0	0.0	0.0	0.0	0.0	0.0	0.0	0.0	0.0
878.4820457922389	-0.433356452185194	0.1877978146505383	771730.7047793173	999.84365327177	-0.0640904833697959	999687.3309878394	0.004107590058574	846.2996542136157	0.4075202467598728	716223.1047220854	0.1660727515192276	871.565794129657	645.2633922675118	0.909714	16.382603	0.0608620376029587	0.031756544892547	-0.0323251677	0.0666972801	-0.0186007809	0.0454536479	-0.0139989946	-0.0562903761	-0.0608082043	0.0339128892	-0.0352381197	0.0377884587	-0.0477717356	0.050410388	-0.1371132579	-0.0201053355	-0.0870673577	0.0435344179	0.0639965458	0.0223332285	-0.0416307873	-0.2347529539	0.0625026932	-0.1128039098	0.0932091711	-0.0254607212	-0.0396553496	0.0939453066	0.0539148963	-0.0834564157	-0.0730906103	0.0520129988	0.2039627754	0.0157459134	-0.1044069314	0.1172327376	0.0210683572	-0.0917599753	-0.0403401735	0.0119004601	-0.0499639481	0.0297221985	-0.0375730415	0.0705834365	-0.0530567074	0.0642162379	-0.0767610264	0.0453581806	-0.1103547667	-0.103878321	-0.1155163401	-0.1258219493	0.0076419514	0.0421426837	-0.0150528221	0.0196939819	0.0442916019	-0.0824375083	0.0861548046	-0.0052650825	0.0160698091	-0.0251358462	-0.055595093	-0.1165920251	-0.0452039354825473	-0.000359723648387	0.0020433957831102	1.2940110320885626e-07	-0.0118549253249256	-0.0235328038007764	0.0005537928547258	0.0001405392544595	0.1510841747011966	0.0150602024771303	0.0002268096986521	0.0228264278451416	-0.0010718322233916	0.0003344071790267	1.1488243151005806e-06	1.118281613845954e-07	0.0022970143411857	-0.0001028190777064	5.276274883612775e-06	1.057176274039472e-08	-0.0018867734042246	-9.598968001998855e-07	9.21401867033979e-13	3.5599138788892856e-06	0.0	0.0	0.0	0.0	0.0	0.0	0.0	0.0	0.0	0.0	0.0	0.0	0.0	0.0	0.0	0.0	0.0
881.254826700223	2.7727809079841563	7.688313963681442	776610.0695824401	992.9132036354108	-6.930449636359185	985876.6299535348	48.03113216211116	847.0599125646994	0.7602583510837349	717510.4954741162	0.5779927603925594	871.5701444576948	642.06480704455	1.052823	18.959784	0.0782172706203494	0.0415944669803329	-0.0332054566	-0.0825122722	0.1529806545	0.0387737243	-0.1108577704	-0.0077010781	-0.0540429872	-0.1319461775	-0.0377099908	0.0164038456	0.1274802488	0.0250255495	-0.1797542274	0.0836896338	-0.0640456131	0.0680230848	-0.0544402737	-0.0265080696	-0.0240566349	-0.086897684	0.1195084847	0.0698027529	0.0621433941	0.1401060746	-0.0189729289	0.2206952718	0.0154317826	0.0229084323	-0.1247506156	-0.0770703266	0.0051346881	-0.0609690954	-0.1352338729	-0.0026190802	-0.1932772327	-0.1039900517	-0.0449794407	0.0173541618	-0.028320998	0.0385811984	0.0165093992	0.083878856	0.0311858625	-0.0086740599	0.0282831829	-0.0290548966	-0.0085569716	0.0339482708	0.1090928683	0.064344285	0.0907111107	-0.054841414	-0.0508824624	0.0096907722	0.0939448672	-0.0017507235	0.0295510405	0.0723143833	0.1931207104	0.1319527881	-0.0611443214	-0.1082959623	-0.0405437043849872	0.0046602310975601	0.0016437919652572	2.1717753882666213e-05	0.0191649712127173	0.0310198965376429	0.000962233981206	0.0003672961215842	0.1291401550726902	-0.0219440196285063	0.0004815399974562	0.0166771796521984	-0.0014818359525761	-0.0004100037291845	2.1958377903471174e-06	1.6810305794519684e-07	0.0022979018724751	8.875312894002577e-07	5.280353015524572e-06	7.87711789664484e-13	-0.0018858021975657	9.712066589000637e-07	9.432423742918242e-13	3.5562499283436237e-06	0.0	0.0	0.0	0.0	0.0	0.0	0.0	0.0	0.0	0.0	0.0	0.0	0.0	0.0	0.0	0.0	0.0
883.1847353084529	1.92990860822988	3.724547236119792	780015.276681862	1000.5267232259116	7.6135195905008	1001053.72388918	57.96568055493948	848.8619825996683	1.8020700349688925	720566.6655030396	3.247456410932785	875.050518345629	670.4932361759552	1.165967	20.997345	0.063969018274995	0.0334725045751503	-0.0220770226	0.102988364	0.061680533	0.0018284936	0.1762920578	-0.0202226039	0.0596576266	0.0640521045	-0.0125209855	0.2188903791	0.1656643773	0.0631045456	0.0160462469	0.0516581901	0.0832626462	-0.0895415541	0.0573328932	0.0808706812	-0.0457702543	-0.0573061183	-0.1236198046	0.015401841	0.0079251884	0.1422790753	-0.0461016285	0.0512300807	-0.0456444308	0.0242836865	0.1268530725	0.0260244507	0.0065543489	0.0776157688	0.0122399818	-0.1209115673	0.0362438498	-0.1720121033	-0.0562185105	0.0509445679	-0.0473338859	0.0311623794	0.0108936637	0.0728322345	-0.0507796159	0.0180752699	-0.0036729566	0.0724860289	-0.0190771747	-0.052879756	-0.0361248441	-0.1428475767	-0.1201787957	-0.0310624973	0.0808418988	0.0045828954	-0.0173860068	-0.0636705308	-0.0322721592	-0.0270145267	0.1175626121	-0.1822652094	-0.066603812	-0.0993643757	-0.0288161334517838	0.0117275709332034	0.000830369547111	0.0001375359199933	0.0115212662729646	-0.0076437049397527	5.842622520599986e-05	0.0001327395765325	0.1246464056727063	-0.0044937493999838	2.0193783669855647e-05	0.0155367264471248	-0.0009568940519487	0.0005249419006273	9.156462266548014e-07	2.75563999034307e-07	0.0021219513040295	-0.0001759505684456	4.502677336672495e-06	3.095860253632987e-08	-0.0019869895885338	-0.0001011873909681	1.0238888090931146e-08	3.94812762494172e-06	0.0	0.0	0.0	0.0	0.0	0.0	0.0	0.0	0.0	0.0	0.0	0.0	0.0	0.0	0.0	0.0	0.0
879.1079998595166	-4.076735448936347	16.619771920614237	772830.8754169998	999.487873902795	-1.038849323116665	998976.0100787294	1.0792079161399528	848.3237465135157	-0.5382360861525513	719653.1788987278	0.2896980844368165	874.4001781512529	646.0932884962825	1.079912	19.447632	0.0714923293933671	0.0370229355845924	-0.0696267884	0.0334902042	0.0410385302	0.0108394645	-0.0253629608	-0.080270294	0.0147720275	0.0172476725	0.0549789954	0.0024704742	0.020123571	0.0851654079	-0.0220058835	0.0425935904	0.0066820708	-0.06433847	-0.0549137133	-0.1122495884	0.0153929768	0.0601827047	-0.0156710985	0.0953439519	-0.0891697029	-0.0420667533	-0.0854986812	0.030480963	-0.024801678	0.0216279814	0.0488426326	-0.0487421459	-0.0300237119	-0.0428917209	0.0496057449	0.0229241577	-0.0499035613	0.146350655	-0.0856417321	0.0482582163	0.0009397825	0.01180683	0.0147750023	0.0492330663	0.0238806546	-0.0622604499	0.0369995237	0.0092968748	0.1068930678	0.0335605031	-0.0327834639	0.0778096491	-0.1166209277	0.0580161982	0.0644641952	0.0456052113	0.0645343158	0.0267991995	0.0133658991	-0.0144127965	0.1337722553	-0.1826991014	-0.0719655524	-0.0898496795	-0.0340945990157166	-0.0052784655639327	0.0011624416820425	2.7862198709624407e-05	0.0323829041034287	0.0208616378304641	0.0004352079329694	0.0010486524781718	0.0979888148113161	-0.0266575908613901	0.0007106271505332	0.0096018078281264	-0.0008578353887784	9.90586631703e-05	7.358815542405887e-07	9.812618749086948e-09	0.00229681266273	0.0001748613587004	5.275348407676872e-06	3.0576494766584915e-08	-0.001887016907653	9.997268088080012e-05	9.9945369224943e-09	3.5608328097682904e-06	0.0	0.0	0.0	0.0	0.0	0.0	0.0	0.0	0.0	0.0	0.0	0.0	0.0	0.0	0.0	0.0	0.0
883.9527976477592	4.8447977882426585	23.47206560896096	781372.5484693004	999.1765244690298	-0.3113494337651445	998353.7270500098	0.0969384699058761	848.4821787100702	0.1584321965544859	719922.0075885876	0.0251007609050792	874.5149389250665	659.8169926085351	1.064917	19.177586	0.0512117470220119	0.0318747683827985	-0.0825613882	0.0716948969	0.081333814	0.0112152319	0.087508077	-0.0528641332	0.0558025957	0.0073414993	0.0193806087	0.1570743156	0.1110120736	0.0749977193	0.0059803847	0.0257489844	0.0540673226	-0.0217508384	0.1086207577	0.1801112977	-0.1281694609	0.1271446728	0.0842801442	0.0174509677	-0.0168083228	0.2057350561	-0.0677927938	0.0474055701	-0.0018341465	0.0295204742	0.1271773321	0.1383458692	-0.1238704955	-0.088226625	0.012443502	-0.1800905661	-0.0806459089	-0.2020780996	-0.0945665924	0.0482395432	-0.0178817671	0.0120373731	0.039299269	0.0549874926	0.0324152682	-0.0567394385	-0.0279356055	0.0468130413	0.043183997	0.0331464174	0.1113770753	0.031287844	-0.0899151102	-0.0715757021	0.1877746785	-0.067690183	0.0218773958	0.150019226	-0.0724879941	0.0824296357	0.0020296115	0.0175583707	-0.0772216734	-0.0798077096	-0.0329193534780927	0.0011752455376238	0.0010836838334156	1.3812020737048784e-06	0.0098629933537921	-0.0225199107496366	0.0005071463801715	9.727863789694714e-05	0.1075930147115826	0.0096041999002664	9.224065572427894e-05	0.0115762568147268	-0.0012148355034567	-0.0003570001146782	1.4758253004588936e-06	1.2744908188031933e-07	0.0022971500718373	3.374091073001136e-07	5.276898452542112e-06	1.1384490568905954e-13	-0.0018861066147489	9.102929040998628e-07	8.286331712545619e-13	3.557398162199556e-06	0.0	0.0	0.0	0.0	0.0	0.0	0.0	0.0	0.0	0.0	0.0	0.0	0.0	0.0	0.0	0.0	0.0
880.9494487702431	-3.003348877516146	9.020104480077494	776071.9312885951	994.6498013323512	-4.526723136678584	989328.2272904858	20.491222356141197	846.7332413505703	-1.7489373594999051	716957.1820080432	3.0587818874545003	872.4992417392567	657.9568209918745	1.128912	20.33005	0.0640575718474943	0.0302321925754194	-0.0986729818	-0.0143112847	0.1493106793	-0.048393226	-0.0040238421	-0.1186411756	-0.0279138313	-0.0859629162	0.062658298	0.0789266624	-0.104067127	0.0947610163	-0.1406671076	0.0535620998	-0.1404710091	0.0628754321	-0.0066422911	-0.0272633255	-0.0365503661	-0.0038510293	-0.031777894	-0.0336658119	-0.0665734988	-0.1631375931	-0.0979411741	0.1281143311	0.0228350666	-0.0305089703	-0.1420568059	0.0810260715	-0.0003778922	-0.0469368421	-0.0074623934	0.0990728685	0.1298228079	0.1814817	-0.1067071357	0.0319280928	-0.0002208878	0.0128871531	0.0099910839	0.0443323294	0.0183154815	-0.0451875085	0.0129389509	-0.0566416362	0.104631921	0.0212286092	0.008416359	-0.0413411997	0.0962929147	0.0063580151	-0.1072184655	-0.0500471247	0.0901890719	-0.0237824388	0.0360104607	-0.1044400485	0.0099509953	-0.175510899	-0.0823644609	-0.0692973963	-0.0528197684099467	-0.0199004149318539	0.0027899279348804	0.0003960265144599	0.0258938461792013	0.0160308528254092	0.0002569882423099	0.0006704912699521	0.1187352145168887	0.0111421998053061	0.0001241486165013	0.0140980511663715	-0.0010880365490903	0.0001267989543663	1.1838235321563288e-06	1.6077974828412376e-08	0.0020850309899502	-0.0002121190818871	4.34735422905271e-06	4.4994504900626304e-08	-0.0018868706641939	-7.640494450000639e-07	5.837715544049056e-13	3.5602809033955296e-06	0.0	0.0	0.0	0.0	0.0	0.0	0.0	0.0	0.0	0.0	0.0	0.0	0.0	0.0	0.0	0.0	0.0
883.0338115231334	2.0843627528903426	4.344568085636607	779748.7122930727	1000.6882408543636	6.038439522012368	1001376.9553842008	36.46275186100095	848.8298635804632	2.096622229892887	720512.1373060278	4.395824774881022	874.9760551778679	647.3956129331644	1.184099	21.323883	0.0283758505155061	0.015952889906106	-0.100975393	0.1134067734	-0.006330949	-0.005975108	0.0313803921	-0.1185378106	-0.0041913575	0.0353479476	0.0472018437	0.0362645161	-0.0779804862	0.1293695571	0.0038389906	0.0601088612	0.0700043087	-0.0103596167	0.0517912312	0.1006106996	-0.0182359669	-0.1144307341	0.0979895433	-0.075920145	-0.0241823199	0.1234379368	-0.12987556	0.0504003761	-0.0471199973	0.0352746591	0.0979912885	0.1347576224	0.1137262591	-0.0342845344	-0.0335571402	-0.0255587913	-0.1117774648	-0.0992052506	-0.1236786484	0.0502385662	-0.0052506052	-0.005960948	-0.005468801	0.0417701911	-0.0027749565	0.0024696563	-0.0616443019	0.0134355708	-0.0815499479	-0.0160702591	0.0395953902	0.0288470984	-0.1244834224	-0.0909323482	0.2496373697	0.0093732233	0.1429056157	0.0673782563	0.0112534133	-0.0346668708	-0.1183586617	0.0402553797	-0.0873863672	-0.0583804184	-0.0479496901226355	0.0048700782873111	0.0022991727828567	2.371766252453995e-05	0.0299371403824864	0.0040432942032851	1.6348228014318892e-05	0.0008962323742806	0.1240759448026835	0.0053407302857947	2.8523399985605724e-05	0.0153948400786785	-0.0013119856636031	-0.0002239491145128	1.721306381500067e-06	5.0153205891067234e-08	0.0021427423444091	5.771135445890039e-05	4.591344754523807e-06	3.330600433480841e-09	-0.0018860961783833	7.744858106001253e-07	5.998282708209332e-13	3.557358794112089e-06	0.0	0.0	0.0	0.0	0.0	0.0	0.0	0.0	0.0	0.0	0.0	0.0	0.0	0.0	0.0	0.0	0.0
880.8056737669341	-2.2281377561993168	4.964597860600926	775818.6349400227	1002.9094161094978	2.221175255134199	1005827.2969210936	4.933619514020473	847.9840725344833	-0.8457910459799223	719076.9872721678	0.715362493459811	874.3108570392316	651.6841560287252	1.062353	19.131411	0.0710652675749729	0.0385178805389583	-0.1323725143	0.1068029443	-0.0722063881	-0.0766811147	0.0512977521	-0.1710094402	0.038060915	0.1489528682	0.0508996962	-0.0532940274	-0.0477303848	0.1765227774	0.0726362252	-0.0293155931	0.0445105747	0.0391417734	0.0045780952	0.0176493421	0.0730458668	-0.1351296331	-0.0682624728	0.1416399052	0.0283451623	-0.0606296937	-0.1843745854	-0.0845831169	-0.0134485171	-0.0251090186	0.011568985	0.0149494225	0.0308853311	0.0809945364	0.0061950006	-0.0294848838	-0.1254114931	0.0839463872	-0.1386402301	0.0432596028	0.0027592197	0.0199394334	-0.0487058323	0.038955085	-0.0632317019	0.0371715993	-0.0516893344	0.0560482115	-0.0671696484	0.0399464915	0.0795626036	0.0094575064	0.1218586622	-0.0605007295	-0.0067054623	0.105026177	0.0382755227	-0.0594680356	-0.0129974908	-0.0127392137	-0.0681127772	0.0742558668	-0.092280022	-0.0471208409	-0.0382054047228876	0.0097442853997479	0.0014596529500396	9.495109795174008e-05	0.0014468801992677	-0.0284902601832187	0.0008116949253074	2.093462311032939e-06	0.1228750891848022	-0.0012008556178813	1.4420542149970845e-06	0.015098287542173	-0.000955739048937	0.0003562466146661	9.134371296630012e-07	1.269116504610568e-07	0.0018674045099398	-0.0002753378344693	3.487199603743505e-06	7.581092309024374e-08	-0.0018871090567304	-1.012878347100019e-06	1.0259225460240665e-12	3.5611805919939e-06	0.0	0.0	0.0	0.0	0.0	0.0	0.0	0.0	0.0	0.0	0.0	0.0	0.0	0.0	0.0	0.0	0.0
880.8198204759857	0.0141467090516016	0.0002001293769906	775843.5561433476	996.2242641337434	-6.685151975754366	992462.7844488184	44.6912569389325	848.6976156827611	0.7135431482778358	720287.6428656037	0.5091438244542456	874.8388005525638	647.6584332012617	1.065308	19.18462	0.0370376494134293	0.0227690603408655	-0.1130716983	0.0812194937	0.074801008	0.0333166022	-0.1180035314	-0.1460043821	-0.0511771991	-0.0530975033	-0.0897685768	0.0674305387	0.1072303879	0.1295723445	-0.015446365	0.0884182779	0.043474863	0.0738360239	-0.0602692988	-0.0163591468	-0.0291986756	-0.01457361	-0.1825340196	0.1737052665	-0.1259723473	0.1311519081	-0.1326884082	0.0904691304	-0.0720193318	0.0777554035	-0.025772091	-0.0703504956	0.0440080726	0.0165801506	0.0879368148	-0.2334184851	-0.0133780098	0.0394995774	-0.1436507682	0.079466735	-0.0091707403	0.0083022334	-0.0188326637	0.0593604612	-0.0906977346	-0.0475507427	0.0728477918	-0.1205446596	-0.0493879691	-0.0173644241	0.0597728195	-0.0239059656	-0.095454705	-0.0337393789	0.0598112373	0.0656544231	0.0431147705	0.0374504047	-0.0269505832	-0.1278044343	0.0153899728	0.0221988341	-0.0970382431	-0.0355847396	-0.0203380075465702	0.0178673971763174	0.0004136345509643	0.0003192438818562	0.0024338706466409	0.0009869904473732	9.741501432059495e-07	5.923726324580193e-06	0.1206682067126934	-0.0022068824721087	4.870330245701004e-06	0.0145608161112573	-0.0006901891372489	0.0002655499116881	4.763610451763809e-07	7.051675559755773e-08	0.0018671755647943	-2.289451454999623e-07	3.4863445897649134e-06	5.2415879647998894e-14	-0.0019408577862494	-5.374872951900006e-05	2.888925924906628e-09	3.766928946444922e-06	0.0	0.0	0.0	0.0	0.0	0.0	0.0	0.0	0.0	0.0	0.0	0.0	0.0	0.0	0.0	0.0	0.0
879.5080549673784	-1.3117655086073228	1.7207287495718282	773534.418752501	1000.386952718099	4.162688584355578	1000774.055168604	17.327976250324248	846.2458653289091	-2.4517503538520486	716132.0645862741	6.011079797613646	873.7223130902673	654.1212689871891	1.063279	19.148081	0.0569328412771434	0.0273112109376431	-0.1063454597	0.142601951	0.0095185576	-0.032761104	0.0117756873	-0.1892150915	0.0694605288	0.0344477066	0.1385426846	-0.0764668902	0.0717012046	0.2117974076	-0.0463670697	-0.044224583	-0.0199464284	0.0145903672	0.0245259755	-0.0277632865	-0.0669060579	0.1598383504	-0.0666806366	-0.0113462686	0.0035467593	-0.0871938104	-0.212980777	0.021227701	0.0839296211	-0.0441857155	-0.0106723714	0.0101501737	-0.1873193263	-0.0600377073	0.0082456528	-0.0225996796	0.0494420674	0.0271675227	-0.1477191142	0.0855618846	0.0011295533	0.0231182144	-0.0264135484	0.0793072578	-0.0071717047	-0.0424864659	-0.0548252606	0.0953347372	0.1528594086	0.0799399568	0.1074438447	0.0394982342	0.0882978326	-0.0155041465	-0.1693958042	0.0259754063	-0.0891200405	0.0135748167	-0.0541441969	0.0111854355	-0.0615159448	0.075586813	-0.1016540472	-0.023839813	-0.0361724326623402	-0.01583442511577	0.0013084448847115	0.0002507290187469	0.006806492828943	0.0043726221823021	1.911982474916038e-05	4.6328344630452486e-05	0.1385424172583498	0.0178742105456563	0.0003194874026304	0.0191940013797866	-0.0007660053315513	-7.581619430240005e-05	5.867641679650171e-07	5.748095318499277e-09	0.0021152245957689	0.0002480490309746	4.474175090545707e-06	6.15283217674381e-08	-0.0018876913428581	5.316644339130013e-05	2.826670702880321e-09	3.5633786059014165e-06	0.0	0.0	0.0	0.0	0.0	0.0	0.0	0.0	0.0	0.0	0.0	0.0	0.0	0.0	0.0	0.0	0.0
877.180156950709	-2.3278980166693373	5.419109176013034	769445.0277480705	997.132780822397	-3.2541718957020294	994273.7825906064	10.58963472677694	847.1437898300469	0.8979245011378225	717652.6006476147	0.8062684097436075	873.4222328805516	642.0292690924703	1.118193	20.137007	0.0489934158541772	0.024452303847598	-0.1196788409	0.2446154174	-0.0623244405	-0.0196413573	-0.0642381386	-0.2138602973	0.0330582633	0.006019057	0.0792146167	-0.0419409954	-0.0212069279	0.2209215593	0.0272720654	-0.0646704646	0.0729323596	-0.0572402573	0.0179166847	0.0429363626	-0.0054866005	-0.2196142772	-0.0044105155	-0.0990750154	-0.0585685758	0.0039432975	-0.2238323962	-0.0248404126	0.0432653797	-0.0280204117	0.0888815499	-0.0026876819	0.1938951179	0.0758343755	-0.0375038535	0.0419078442	-0.0021476594	-0.0894838085	-0.1630387981	0.1200221949	-0.0108134305	-0.0174137305	-0.0560068468	0.0712422284	-0.066610886	0.0475113921	-0.1233400628	0.0977197341	-0.0415334494	-0.0663253475	-0.1717779931	-0.0034140934	-0.1023858539	0.0142563832	0.0255410651	0.0555441882	-0.0062171035	0.0183945114	-0.0169852914	-0.1069779372	-0.1296680568	-0.0767724304	-0.10612066	-0.0119549848	-0.0489255331026612	-0.0127531004403209	0.0023937077893795	0.0001626415708409	0.0078890543893948	0.0010825615604518	1.1719395321678377e-06	6.223717915882937e-05	0.1593457932862492	0.0208033760278994	0.0004327804541581	0.025391081838024	-0.0005759129626439	0.0001900923689074	3.3167574054127414e-07	3.613510871682708e-08	0.0022120465690396	9.682197327069968e-05	4.893150023599865e-06	9.374494508032085e-09	-0.0018878645571901	-1.7321433200007813e-07	3.0003204810233295e-14	3.564032586294572e-06	0.0	0.0	0.0	0.0	0.0	0.0	0.0	0.0	0.0	0.0	0.0	0.0	0.0	0.0	0.0	0.0	0.0
876.4148759236016	-0.7652810271074486	0.5856550504506315	768103.034740182	993.3602932043244	-3.772487618072546	986764.6721149812	14.231662828510672	845.8265657306353	-1.3172240994116464	715422.5792956806	1.735079328070823	872.1088524842874	636.9400154307864	1.05107	18.928228	0.0255912323970309	0.0144773106674788	-0.1181430935	0.0889905739	0.063125987	0.0478378641	-0.1910247737	-0.1909237229	-0.0740784135	-0.1062810584	0.1393849929	-0.006255298	-0.159602047	0.1507214035	-0.1371734324	-0.0436965474	-0.0747741678	0.0249516405	0.071332567	0.0352943329	-0.1155232234	-0.0810954589	-0.1409431779	-0.0687766682	-0.1075095313	-0.0757919703	-0.1624683941	0.1154916131	0.0648960513	-0.0645215359	-0.0644046451	0.1348897572	0.0943617798	-0.0109029321	0.0311602947	-0.0675589813	0.1459878587	0.047415184	-0.1529905731	0.0981717343	-0.0057707714	-0.0077031107	-0.0279219368	0.0876644283	-0.0268935598	-0.0146259567	-0.0067587503	-0.1498504579	0.0474182474	-0.0764226616	-0.0210100007	-0.202522371	0.003302843	-0.0896778743	-0.068118401	0.0090238969	0.0223852269	0.0868194957	0.0578001133	0.0184019679	-0.1875273955	0.1210062935	-0.1104315261	-0.0	-0.0469401803549658	0.0019853527476954	0.0022033805317567	3.94162553278168e-06	-0.0018820161002111	-0.0097710704896059	9.54738185128473e-05	3.5419846014537976e-06	0.1591780910507196	-0.0001677022355296	2.8124039801630592e-08	0.0253376646705511	-0.0007658370621135	-0.0001899240994696	5.865064057066369e-07	3.607116355933853e-08	0.0022947250496956	8.267848065600034e-05	5.265763053700474e-06	6.835731163584622e-09	-0.0018871249988317	7.395583583999152e-07	5.469465654791775e-13	3.561240761215544e-06	0.0	0.0	0.0	0.0	0.0	0.0	0.0	0.0	0.0	0.0	0.0	0.0	0.0	0.0	0.0	0.0	0.0
879.894424818159	3.4795488945574107	12.1072605096157	774214.1988260789	996.2719552558764	2.911662051551957	992557.8088293668	8.477775902447751	848.3931357890209	2.5665700583856506	719770.912853928	6.587281864601722	874.0161884340465	642.8933851443625	1.010308	18.194153	0.0819172435912279	0.0478449392080235	-0.1219410488	0.1440718259	0.1202889856	-0.0054305082	-0.1424825568	-0.2079935065	-0.0201750489	-0.0718447069	0.0378817884	0.0411615902	0.0044008742	0.1822099698	-0.0475242214	0.1243943234	0.0912791129	-0.001325795	-0.1793598554	0.1098220118	0.0489565261	-0.154709711	0.0735595567	0.1067861528	-0.0186772427	-0.0947635261	-0.1824459392	0.1099783454	-0.0450962153	0.0510137689	-0.030508382	-0.0017799966	0.0776798777	0.2179071472	-0.1864355463	-0.0121287288	-0.0273260314	0.0973614773	-0.1815999082	0.1444910348	-0.0051603045	-0.0624896369	0.0116478094	0.1660337221	-0.010209782	0.0570930189	0.0040344076	0.0359588716	-0.0988893523	-0.0306836286	-0.0255279041	0.013607488	0.0333109264	-0.0147914432	-0.1805275538	0.1269690762	0.0258155348	-0.018248581	-0.0180323192	-0.0580070795	0.02244348	0.1598580156	-0.1145803187	0.0119549848	-0.0512438750394892	-0.0043036946845234	0.0026259347290627	1.852178793759497e-05	-0.0014899092184492	0.0003921068817619	1.5374780672504077e-07	2.2198294792199056e-06	0.1599325804130273	0.0007544893623077	5.692541978354929e-07	0.0255784302775694	-0.0003700337942918	0.0003958032678217	1.3692500891798616e-07	1.5666022681833637e-07	0.0030139328412606	0.0007192077915649	9.083791171629192e-06	5.17259847447804e-07	-0.0023014529926977	-0.0004143279938659	1.71667686501024e-07	5.296685877597199e-06	0.0	0.0	0.0	0.0	0.0	0.0	0.0	0.0	0.0	0.0	0.0	0.0	0.0	0.0	0.0	0.0	0.0
882.0668362079485	2.172411389789545	4.719371246487342	778041.9035379	994.8601377163716	-1.4118175395047956	989746.6936170378	1.993228764853375	847.6970851213852	-0.6960506676357454	718590.3481232929	0.4844865319161669	873.209793840718	656.2218580861847	1.055341	19.005142	0.0742031131322147	0.0409612826824142	-0.0963244764	0.106584483	0.2116163088	-0.0305268963	-0.0785331046	-0.1319078797	0.0365393979	-0.0865798556	0.0968255668	0.1266079911	0.0354572706	0.1250094132	-0.1603029781	0.1078084136	0.0871279047	0.0814840833	-0.0693937228	0.1318470705	-0.1452835187	0.0044318257	-0.1685660559	0.1997613044	-0.0819787267	0.0021125429	-0.1345779356	0.1918709189	0.0125280496	0.0975509143	-0.0245887025	0.0722076731	-0.0668031213	0.0410305055	-0.0618366636	-0.2969827013	0.0411790965	0.1009716002	-0.1700256258	0.1496357382	0.0111930128	-0.0798084849	0.0895403038	0.175377742	0.0205810241	-0.0360857673	0.1032506986	-0.0503915054	0.1046465477	0.0878006223	0.0570001719	-0.0561572318	-0.0114215085	-0.0437646742	-0.1372049569	0.0828316623	0.0212351786	0.1050133944	0.0176426045	0.0349032083	0.0595113736	0.1795431099	-0.1185609488	0.023839813	-0.0513293553118927	-8.548027240350142e-05	0.0026347027167345	7.306876970176807e-09	0.0149883127629095	0.0164782219813587	0.0002715317996669	0.0002246495194787	0.1390464068486636	-0.0208861735643637	0.0004362322461607	0.019333903257524	9.286632059407694e-05	0.0004629001148858	8.624153500681877e-09	2.142765163613581e-07	0.0030658955748141	5.196273355350008e-05	9.39971567566468e-06	2.700125678352043e-09	-0.0025216548905401	-0.0002202018978423	4.848887581339476e-08	6.358743386984803e-06	0.0	0.0	0.0	0.0	0.0	0.0	0.0	0.0	0.0	0.0	0.0	0.0	0.0	0.0	0.0	0.0	0.0
881.6909873985611	-0.3758488093874348	0.1412623275179523	777378.9972598497	996.8663367555852	2.006199039213584	993742.4933564996	4.024834584941508	848.5809971214823	0.8839120000970979	720089.7086756891	0.781300423915652	874.9811965257694	657.4738743888422	1.09308	19.684753	0.0582138300712321	0.0479502724871067	-0.1254035567	0.2403504461	0.1392590551	-0.0248169673	0.0390610593	-0.1911418678	0.0453426399	-0.0362927028	0.1496474888	0.1253205335	-0.0371412906	0.2261615701	0.0216331632	0.0806294971	0.159983956	-0.0971021258	-0.051798847	0.1688160535	-0.1064175144	-0.0468573054	-0.0341202224	-0.1298559543	-0.0610665274	0.0393955072	-0.215573739	0.0396143432	-0.0250501342	0.0649992508	0.1775705781	0.0776767008	0.0080163044	0.1352392908	-0.115416595	-0.068343533	0.1017275194	-0.065336452	-0.1870624251	0.1890838504	-0.0296292439	-0.069690972	0.0088931162	0.1434150949	0.04174481	0.0285226543	-0.0860983617	0.1757407257	0.0519624822	-0.0313191362	-0.079332146	-0.0255559691	-0.0985220764	-0.0364098721	-0.0937331699	0.0784168155	-0.0513056117	-0.0296607543	-0.1522912968	-0.0714092609	-0.0553307331	-0.0377124524	-0.1223675745	0.0355847396	-0.0512803738740359	4.8981437856795984e-05	0.0026296767446609	2.3991812545191672e-09	0.0162456605401501	0.0012573477772406	1.5809234329318792e-06	0.0002639214863857	0.1852427782887531	0.0461963714400895	0.0021341047342307	0.0343148869081361	1.417438391167116e-05	-7.869193668240577e-05	2.0091315927544218e-10	6.1924208988277605e-09	0.0030129894461201	-5.290612869400004e-05	9.078105402431104e-06	2.799058453386094e-09	-0.0024390303675956	8.26245229445001e-05	6.826811791806223e-09	5.948869134053527e-06	0.0	0.0	0.0	0.0	0.0	0.0	0.0	0.0	0.0	0.0	0.0	0.0	0.0	0.0	0.0	0.0	0.0
876.3884623892789	-5.302525009282249	28.116771474063714	768056.7370090444	992.5419233221756	-4.324413433409518	985139.4695520836	18.700551543052693	846.6955751788341	-1.8854219426481225	716893.3970274167	3.554815901819019	871.8844603758591	643.4168152781149	2.186634	39.378056	0.7946462863794357	0.528218991555885	0.0738974934	-0.1203778969	-0.0213348671	-0.0235687163	-0.0704967021	0.0752898153	-0.0773223577	0.0205302732	-0.0158967065	0.0740829751	-0.3188940068	-0.1238288431	-0.0446250441	-0.2200648103	-0.1173466961	0.0239146753	0.2085996354	-0.0647345596	-0.2440282332	-0.2940003821	-0.0140775288	0.1373921993	-0.3216522354	-0.2738550582	0.1233968393	-0.0655460465	0.0975473089	-0.1410647449	-0.0353317034	0.1820127851	0.3678623903	-0.1096264913	0.0102596423	-0.0447609435	0.1449202258	0.1935451077	0.0849738872	-0.0696506787	0.0179836698	-0.0426076887	0.0648398153	0.0892912307	0.0291343308	0.0177341376	-0.1006584765	-0.0711947016	0.1756560067	-0.2553338282	-0.3573293388	-0.1876041732	0.1739009756	-0.01883718	0.1029253711	0.0984695953	0.1116846208	-0.0785800188	0.398383417	0.3582668665	0.1149042874	0.1119612765	-0.1259946088	0.0471208409	-0.0601601786913761	-0.0088798048173401	0.0036192471001783	7.88509335940581e-05	0.1304637283292891	0.114218067789139	0.0130457670094843	0.0170207844095785	0.6063962942562711	0.4211535159675179	0.1773702840118023	0.3677164656877381	-0.0037026898443909	-0.0037168642283025	1.3709912083755507e-05	1.3815079691635268e-05	0.002899847941143	-0.000113141504977	8.409118081751297e-06	1.2801000148483104e-08	-0.0012611381447665	0.001177892222829	1.3874300886012777e-06	1.5904694201850895e-06	0.0	0.0	0.0	0.0	0.0	0.0	0.0	0.0	0.0	0.0	1.0	0.0	0.0	0.0	0.0	0.0	0.0
877.7903625584759	1.401900169197006	1.9653240843945945	770515.9206005405	987.1028335972836	-5.439089724892028	974372.0040957866	29.58369703542604	850.2074850566858	3.511909877851622	722852.7676464146	12.333510990151794	874.0500197777382	630.6448121714732	2.040437	36.74527	1.239840834349155	0.8015579404876072	0.1412832099	-0.321757122	-0.1716632135	-0.2561794729	-0.1838191096	0.3270903226	-0.0040321001	-0.0491101751	-0.2871664315	-0.233630393	-0.1844830795	-0.4218054979	-0.0163482781	-0.2265067856	0.0863609534	0.3152658236	-0.0497623603	0.0162187675	-0.0368155792	-0.2572861029	0.0458939615	0.0521493568	-0.0365721561	0.0711398724	0.3813440811	-0.13795825	0.1944953799	0.1061813925	-0.2237628748	0.0800833258	0.2234265763	-0.0077866592	-0.1114358075	-0.1571790217	-0.2473717014	-0.0949924422	0.2467041439	-0.3059802304	0.3549366689	-0.1262955169	-0.148100144	0.4758125416	0.0210285526	-0.2592565314	-0.1169695013	-0.0758259191	-0.2505519579	0.1080110824	0.0423600327	0.155973459	-0.0279176881	-0.1570735005	-0.0953522796	0.1307548604	-0.119215541	0.0702416559	0.0616800306	0.0710038686	-0.1700310602	-0.261431878	-0.1294367287	0.0583804184	-0.035306293912896	0.0248538847784801	0.0012465343898637	0.0006177155885819	-0.0277831691569758	-0.1582468974862649	0.0250420805640284	0.0007719044884051	1.0250599182739109	0.4186636240176398	0.1752792300755836	1.0507478360517168	-0.0146074044973326	-0.0109047146529417	0.0002133762661486	0.000118912801662	0.0044739064571071	0.0015740585159641	2.001583898694461e-05	2.477660211679105e-06	-0.0009783827523369	0.0002827553924295	7.995061194801704e-08	9.57232810070328e-07	0.0	0.0	0.0	0.0	0.0	0.0	0.0	0.0	0.0	0.0	0.0	1.0	0.0	0.0	0.0	0.0	0.0
883.1591974247017	5.368834866225825	28.824387820802077	779970.1679958432	987.8410652116028	0.7382316143191474	975829.970118394	0.5449859163802544	851.648301119491	1.4408160628051974	725304.8287997151	2.0759509268374705	876.3639102348915	658.9608583692935	1.548334	27.883211	0.631651766038265	0.4180704249107069	0.1397323093	-0.2667342477	0.0353733908	-0.1182370295	0.0459076235	0.2879203207	0.0739266569	-0.0665212976	-0.0526938446	0.0388604042	-0.0617350017	-0.3140993972	0.0182828355	0.0304551352	0.0579025908	0.2482197021	-0.1320282423	0.1431351622	0.0132705329	0.0638586042	-0.0176653977	-0.032931534	-0.0220642469	0.1381856851	0.2843557457	-0.0688695743	0.0115762895	0.1658438797	-0.1987989812	0.0538558455	-0.0685602377	0.0788415092	-0.0488614867	-0.1288401317	-0.0098953518	-0.1484419283	0.1923025448	-0.2105852629	0.148040014	-0.0371403775	0.0321177833	0.1855226834	0.0790943194	0.0137062885	0.0328311513	-0.1124443224	-0.0112700881	-0.0594799739	-0.1059924701	-0.16991377	-0.0459930694	-0.0937062488	0.05756334	-0.1700727493	-0.0517240856	-0.048854221	-0.242227542	-0.1684684106	0.1548130652	0.2175282309	-0.1326888823	0.0692973963	-0.0264925867989518	0.0088137071139441	0.0007018571552999	7.768143309039057e-05	-0.0137766669842847	0.0140065021726911	0.0001961821031136	0.0001897965531958	0.8235070037307111	-0.2015529145431998	0.0406235773608584	0.6781637851935334	-0.0086499315079031	0.0059574729894295	7.482131509141479e-05	3.549148441978207e-05	0.0026071732830375	-0.0018667331740696	6.797352527784536e-06	3.484692743171964e-06	-0.0012997494330064	-0.0003213666806694	1.0327654344453234e-07	1.6893485886004584e-06	0.0	0.0	0.0	0.0	0.0	0.0	0.0	0.0	0.0	0.0	0.0	0.0	1.0	0.0	0.0	0.0	0.0
879.9525575955485	-3.2066398291532323	10.28253899391187	774316.503618947	993.3935973630314	5.552532151428636	986830.8392818646	30.83061329264872	848.4029131223634	-3.245387997127523	719787.5029945126	10.532543251899394	874.8062559437548	653.68941174188	1.209373	21.779018	0.2239705185537301	0.1423273548312383	0.1559020502	-0.1424931948	-0.1457904611	-0.0831389746	0.109301846	0.2111818141	0.0807483131	0.1313179891	-0.0217200172	-0.0426212013	0.070140639	-0.1736094919	0.0332682647	-0.1505572664	-0.0756978379	0.0561413581	-0.0587050362	0.1248179824	0.0134833721	0.1005469412	0.0017005571	0.1249301996	-0.0387336874	0.0091252861	0.17389435	-0.1202832773	0.0923414087	-0.0720875761	-0.0712594828	-0.0003852354	-0.1665915267	0.0211635537	-0.0794283344	-0.0800253717	-0.0551906839	0.0553306393	0.1865928922	-0.1595211923	0.0720965022	0.0127822783	-0.0097975204	0.0584124815	-0.0528515477	0.0679441979	-0.0302329847	0.1236061818	0.0769698077	0.0493734549	0.0155201888	0.0066925441	0.0194175311	0.053999081	0.0180890123	0.0245634125	-0.0022196874	0.0103344726	-0.1004462104	-0.0443138863	0.1976500625	0.2415107003	-0.1357462967	0.0798077096	-0.0160467067435234	0.0104458800554283	0.0002574967973126	0.0001091164101323	0.005456603801818	0.0192332707861027	0.0003699187051315	2.977452505001465e-05	0.763320709607072	-0.060186294123639	0.0036223900003371	0.582658505715044	-0.0065138482527034	0.0021360832551996	4.243021905924713e-05	4.562851673144545e-06	0.0023149317383757	-0.0002922415446618	5.358908953339141e-06	8.540512042631483e-08	-0.0010459727610967	0.0002537766719097	6.440259920556354e-08	1.0940590169562545e-06	0.0	0.0	0.0	0.0	0.0	0.0	0.0	0.0	0.0	0.0	0.0	0.0	0.0	0.0	0.0	0.0	0.0
879.2982493320484	-0.6543082635000701	0.4281193036844771	773165.4112784051	987.4675021255224	-5.926095237509003	975092.0677540186	35.118604764026884	848.5540268459287	0.1511137235652313	720043.936476441	0.0228353574497491	874.1923333681547	648.7231877321367	1.06192	19.123619	0.1625307924475492	0.0807463306340925	0.0805790646	-0.1513853382	-0.0653679403	-0.0066763201	-0.0015222546	0.1281858941	-0.0033127904	-0.0247261848	-0.020121625	-0.0367984623	-0.0705635195	-0.1496384473	0.0222948752	-0.0357018835	-0.0969284995	0.0136446493	0.0121089573	0.1433773292	-0.0212843562	0.1229832228	-0.0084751042	-0.1719576661	-0.0418021527	-0.0125857718	0.140540882	-0.0469178137	0.032339778	-0.0428174342	-0.076790688	0.126933768	-0.0997925246	-0.0208800485	0.0156632617	0.0215860585	0.1273997685	-0.1327100203	0.1254914114	-0.1336029284	0.0387236894	0.0469832053	0.0311601605	-0.0016880921	0.0332800744	0.035395892	0.0250092565	0.0512280147	0.1977450791	-0.0755396371	-0.0515681065	-0.1551969396	-0.1293536703	0.118571309	0.067701952	-0.1502769161	-0.1380889078	-0.0030803449	-0.127066532	-0.1489499748	0.0710582983	0.1320933857	-0.1386044847	0.0898496795	-0.0152989316749767	0.0007477750685467	0.0002340573103956	5.591675531400225e-07	-0.0155981982228041	-0.0210548020246221	0.000443304688296	0.0002433037877978	0.7223216655591216	-0.0409990440479504	0.0016809216128457	0.5217485885361035	-0.0058170889919677	0.0006967592607357	3.383852434047179e-05	4.854734674209596e-07	0.0014502941886267	-0.000864637549749	2.1033532335643778e-06	7.475980924359547e-07	-0.0006127861454528	0.0004331866156439	1.8765064397301601e-07	3.755068600589002e-07	0.0	0.0	0.0	0.0	0.0	0.0	0.0	0.0	0.0	0.0	0.0	0.0	0.0	0.0	0.0	0.0	0.0
880.7459422546475	1.447692922599117	2.0958147981435733	775713.4147980269	990.474369539852	3.0068674143295766	981039.4767153672	9.041251647357036	847.673185683906	-0.880841162022648	718549.8297275018	0.7758811527134087	872.8010673033885	652.1812332012415	0.964868	17.375851	0.1634013379074111	0.08928638929515	0.1150481769	-0.0969526466	-0.1356155055	-0.0035453213	0.0233900082	0.1726162636	-0.0154512654	0.067889105	0.0838115786	-0.1103783068	-0.0393169998	-0.1231493937	-0.0199252407	-0.0929421257	-0.1419705025	-0.0187180143	-0.0510140752	0.0702151274	0.0050023296	0.108488766	0.1880799886	-0.0058505007	-0.0302059602	-0.0384584823	0.1385087972	-0.0430238693	0.0790796277	-0.1291914945	-0.0452534659	0.0585386226	-0.083495657	-0.0585077354	-0.1006662193	0.0483093496	-0.0252072379	0.0753752375	0.1532798559	-0.0949208639	0.0153654272	0.0337073596	-0.0440674314	-0.0270977578	0.057333188	0.0213410213	-0.0299426195	0.1041480625	0.1529093063	0.0549179959	0.0407141	0.0544673199	-0.0452699829	0.1607591727	-0.0112207922	-0.0385012647	0.1632874374	-0.0206751341	0.0216913367	-0.0748106191	0.0646915352	0.065656485	-0.1412592515	0.0993643757	0.0080433852044592	0.0233423168794359	6.469604554731316e-05	0.0005448637572999	0.0659983662842336	0.0815965645070377	0.0066579993393511	0.0043557843521878	0.7433117785110142	0.0209901129518925	0.0004405848417332	0.552512400073207	-0.0054022247843968	0.0004148642075708	2.918403262115105e-05	1.721123107234306e-07	0.0012383387971488	-0.0002119553914779	1.5334829765239368e-06	4.4925087976549855e-08	-0.0004901588731207	0.0001226272723321	1.5037447919611033e-08	2.402557208989544e-07	0.0	0.0	0.0	0.0	0.0	0.0	0.0	0.0	0.0	0.0	0.0	0.0	0.0	0.0	0.0	0.0	0.0
879.7213915371206	-1.0245507175269497	1.049704172784987	773909.7267280078	988.4953316359492	-1.979037903902736	977123.0206660652	3.9165910250837337	848.0489341505468	0.3757484666407436	719186.9947138784	0.14118691018287	873.6501609117557	656.0797421442319	1.0274	18.501959	0.2136823699558943	0.1230738712246049	0.0465982372	-0.0261252698	-0.0691185874	0.041065214	0.0617531847	0.0640555271	0.0122521884	0.0253137819	-0.050414413	-0.0023894612	-0.0780510711	-0.0581695583	-0.0176220859	-0.0390506306	-0.1025826874	-0.0318027714	0.1146159673	0.0634114992	0.0289408862	0.0871216245	0.0394509096	-0.1595267213	-0.0562964352	0.150586278	0.0703868485	-0.0033841642	0.036591594	-0.0732970015	-0.0068074837	0.0844080692	-0.0305560879	-0.0583929282	0.0862007259	0.0770934138	0.0710831587	-0.1635567832	0.0747088315	-0.0653292814	-0.0309872837	0.0907282109	-0.0284970973	-0.1086653594	0.0220964514	0.0636200443	-0.0440525368	0.0522376477	0.0724994485	-0.0420957498	-0.0350817899	-0.1793747162	-0.0804617319	0.0096427645	0.0837709085	-0.1217668661	-0.0478005219	-0.0236010206	-0.0341845214	-0.0912265161	0.0628887726	-0.0778508891	-0.1437067008	0.1082959623	0.0107764957445652	0.002733110540106	0.0001161328605326	7.469893224438513e-06	0.0335831908049044	-0.0324151754793292	0.0010507436013557	0.0011278307046386	0.661680159720035	-0.0816316187909791	0.0066637211864357	0.437820633767131	-0.0042074091588518	0.0011948156255449	1.7702291829990014e-05	1.4275843790464886e-06	0.0006686683449335	-0.0005696704522152	4.471173555161062e-07	3.245244241271843e-07	-0.0003165956479714	0.0001735632251492	3.01241931242266e-08	1.0023280431443063e-07	0.0	0.0	0.0	0.0	0.0	0.0	0.0	0.0	0.0	0.0	0.0	0.0	0.0	0.0	0.0	0.0	0.0
880.8022627288462	1.0808711917256917	1.1682825331025164	775812.6260282554	989.452237335562	0.9569056996127756	979015.7299683492	0.9156685179514156	848.2912571637711	0.2423230132243361	719598.0569804913	0.0587204427381217	873.7736829773993	643.9937169173926	1.286293	23.164246	0.1143676424401515	0.0562852788357427	0.0796321498	-0.1236913455	-0.0196208392	-0.003960867	-0.0585970493	0.0537413159	-0.041213508	-0.0476640125	-0.0344523018	-0.0252908856	-0.022905716	-0.0882813726	-0.0305949517	0.003843811	-0.1040376526	-0.045857734	-0.2034252493	-0.0755005112	0.0496499296	-0.0714908595	0.0526057826	0.1220638723	0.182102391	-0.1084009155	0.0840857546	0.0307572271	-0.0140107246	-0.0491629515	-0.1066224002	-0.0857511733	0.030934364	0.0498917187	-0.115269462	0.0749651319	0.008593988	0.2153636064	0.0926558019	-0.0263240413	-0.0286923727	-0.0595567395	0.0276240809	0.0073075839	-0.1062898058	-0.0296136043	0.084144015	0.0099549216	0.0441596765	-0.0948590969	0.1776682456	0.1711438452	0.0995142144	0.3658080344	0.0018674124	-0.0404697174	0.5085041718	-0.198222666	-0.0580914093	0.1051307869	-0.2289035074	-0.144169828	-0.1459432408	0.1165920251	0.0071500341553303	-0.0036264615892348	5.112298842238988e-05	1.3151223658196117e-05	0.059163004759398	0.0255798139544936	0.0006543268819465	0.0035002611321605	0.636399809788017	-0.0252803499320179	0.0006390960926852	0.4050047178982242	-0.0042309718400232	-2.356268117140008e-05	1.7901122711069306e-05	5.551999439850516e-10	0.0013611975534948	0.0006925292085613	1.8528587796402287e-06	4.795967047105406e-07	-0.0007981240975268	-0.0004815284495554	2.318696477312274e-07	6.370020750529689e-07	0.0	0.0	0.0	0.0	0.0	0.0	0.0	0.0	0.0	0.0	0.0	0.0	0.0	0.0	0.0	0.0	0.0
882.8118566088131	2.0095938799668147	4.0384675624000765	779356.7741690995	992.9033303288688	3.4510929933068155	985857.0233781588	11.910042848451395	850.3285030276907	2.0372458639195656	723058.5630613134	4.150370710057377	875.799192314474	657.1648923459585	1.173646	21.135633	0.0906238446721959	0.0415944110995113	0.0557139853	-0.0665701922	-0.0183699889	0.0090902529	0.0906842777	0.0852186442	0.030424451	0.0443512775	0.0105912934	0.0612687782	0.0046745116	-0.0775467209	0.0441529367	0.0631727614	0.0300723641	-0.0505543936	0.0105287964	0.0461506418	-0.0466413019	0.0687731849	-0.0463792475	0.0468312309	0.1088968389	0.0920898204	0.0745543409	-0.0095278514	-0.0641458255	0.0391579816	0.0601834155	0.0134581167	-0.0528391232	0.0070935824	0.0195761329	-0.0886545977	0.0022444906	-0.025074283	0.0779791877	-0.0366083898	-0.0486429076	-0.0315082075	0.0439916434	-0.0480906582	-0.024697694	-0.02475869	-0.0161528177	0.0008486397	0.0084582172	-0.0551365808	0.2171458586	-0.034730942	-0.0897920831	0.0862444907	0.122476076	-0.0170971961	0.2237753667	-0.061424881	-0.0363442761	-0.1715476057	-0.1567165151	-0.0621227887	-0.1479655889	0.1242038795	0.0270027593963106	0.0198527252409803	0.000729149015015	0.0003941306994938	0.0299421477321004	-0.0292208570272976	0.0008538584854097	0.0008965322108109	0.618226097732844	-0.018173712055173	0.0003302838098643	0.3822035079179799	-0.0042398476693681	-8.875829344899382e-06	1.7976308259446108e-05	7.878034655977697e-11	0.0012123525315592	-0.0001488450219356	1.469798660778001e-06	2.2154840555009287e-08	-0.0011079342532212	-0.0003098101556943	9.598233257138835e-08	1.227518309460818e-06	0.0	0.0	0.0	0.0	0.0	0.0	0.0	0.0	0.0	0.0	0.0	0.0	0.0	0.0	0.0	0.0	0.0
879.5297951570302	-3.282061451782852	10.77192737327896	773572.6605689675	994.5000888757538	1.5967585468849848	989030.4267738822	2.5496378570502483	848.2349166192552	-2.093586408435499	719502.4737720748	4.383104049585851	873.852030061249	653.4381900346909	1.212279	21.831358	0.0930317297780352	0.0417490182742115	0.0402917083	0.0031201057	-0.0785930524	0.0066804338	0.0987224679	0.0169809458	0.0179829657	0.1274762598	0.0530037222	-0.0547057076	0.1425596933	0.0152602671	0.0900309621	-0.0769780124	-0.0458147257	-0.0785342062	-0.0272193991	-0.0734576804	0.1507648656	0.0283286484	-0.1302290146	0.0983050363	0.3058226549	-0.0171460475	-0.0047137437	-0.0920009375	-0.0112463882	-0.099003944	0.0225545786	-0.1896245415	-0.0677122175	0.0672613169	0.0390988715	0.0593297542	-0.0160646808	0.0560310366	0.0400209469	-0.0363119574	-0.0298313355	0.0313967009	-0.0003360611	-0.0134727874	-0.1175902759	0.1015203528	-0.0155494917	-0.0020844402	-0.0843542932	-0.0663769946	0.1126785039	0.0370124387	0.2446750251	0.1596385462	0.0531608779	0.1233706991	-0.1269726316	-0.0158864923	-0.187864946	0.1831805743	0.0230250309	-0.0104173423	-0.1497707771	0.1310868562	0.0038496690624469	-0.0231530903338637	1.4819951890360796e-05	0.000536065592008	0.0365817578765614	0.0066396101444609	4.4084422870429415e-05	0.0013382250093393	0.6204727958050995	0.0022466980722555	5.047652227876698e-06	0.3849864903341967	-0.0045408445797353	-0.0003009969103672	2.061926949731145e-05	9.05991400506005e-08	0.0017802307898675	0.0005678782583083	3.169221665192263e-06	3.224857162592684e-07	-0.0007569627973476	0.0003509714558736	1.2318096283803438e-07	5.729926765683037e-07	0.0	0.0	0.0	0.0	0.0	0.0	0.0	0.0	0.0	0.0	0.0	0.0	0.0	0.0	0.0	0.0	0.0
879.5728962117531	0.0431010547229107	0.0018577009182273	773648.4797503314	989.8699704443502	-4.630118431403616	979842.5583874988	21.437996688823485	848.7518779964685	0.5169613772133062	720379.750402532	0.2672490655302782	874.1307587338309	655.9662307918421	1.248504	22.483723	0.4432643065528999	0.2913502667286933	-0.0368378201	0.03184727	0.075572223	0.1007099506	-0.0040484744	-0.0446179735	-0.0454146906	-0.0465399905	-0.1053604362	0.0574174189	0.1918550338	0.0297604618	0.0120717439	0.0738046166	-0.0029411946	-0.0362127302	-0.0751345706	-0.118847542	0.189827671	-0.0030820471	-0.2103289525	-0.0915586993	0.2018288226	0.0433339503	-0.0271779916	0.0628191197	-0.0786681025	0.0177331008	-0.0110551777	-0.2109287604	-0.0227648745	0.09847126	0.1179591717	0.0365789542	0.0836920135	-0.0676552526	-0.0440796975	0.0821291709	-0.0705694052	-0.010407176	0.0712115519	-0.1017514784	-0.1790684664	0.0356369832	0.2326265922	-0.2307770284	-0.2317562862	-0.1043022661	0.02659473	0.0154719814	0.0880797109	0.0390844177	0.2892094317	0.1505426656	-0.273998056	0.1863996971	-0.1970860344	0.2922306535	-0.0272007554	-0.0161286852	-0.1513561561	0.1372005631	0.0077266768614236	0.0038770077989767	5.970153532085885e-05	1.5031189473326156e-05	0.0004463735466515	-0.0361353843299099	0.0013057660006702	1.992493431502389e-07	0.4864373146889562	-0.1340354811161433	0.017965510198036	0.2366212611218026	-0.0003788479184461	0.0041619966612892	1.4352574531094284e-07	1.7322216208582448e-05	0.00104723762511	-0.0007329931647575	1.0967066434460328e-06	5.372789795812157e-07	-0.0012463016374583	-0.0004893388401106	2.394525004408852e-07	1.5532677715312397e-06	0.0	0.0	0.0	0.0	0.0	0.0	0.0	0.0	0.0	0.0	0.0	0.0	0.0	0.0	0.0	0.0	0.0
879.7009527052688	0.1280564935157144	0.0163984655315402	773873.7661905576	997.934481414438	8.064510970087781	995873.2291959032	65.03633718666616	848.6141800821146	-0.1376979143539074	720146.0266364396	0.018960715617416	875.3018162719205	646.288788730151	1.337863	24.092945	0.2454266481054243	0.1469585215357377	-0.0183477432	0.0164453365	-0.0588686997	0.039220943	0.0143573835	-0.0618120109	0.018138182	0.1213163907	0.1387181665	-0.023043915	0.1766226331	0.0591327555	0.0682279988	-0.0128019032	-0.0027471376	-0.0382067166	0.0623445714	-0.2030897824	-0.0046075453	-0.0152261606	-0.1922796345	0.0346985107	0.125380907	-0.1405791507	-0.0582925474	-0.0438240171	-0.0539525655	-0.034073077	0.0586443858	-0.1372780177	-0.0129661992	-0.0482068563	0.0630266267	0.0634170873	0.103513958	0.0440638169	-0.034575469	0.0185236785	-0.0707678395	0.0435325132	0.0516597556	-0.0441749696	-0.0080309571	-0.0329424688	0.0045236693	0.0882804736	0.1768028964	0.0253641068	0.0811687303	-0.0169401993	0.1401287994	0.16106221	-0.1514138617	0.0498995098	-0.3425628077	-0.1371447433	-0.1208281002	0.0818805295	-0.0184324202	-0.0939449053	-0.152719399	0.1425091225	-0.0083547962994572	-0.0160814731608808	6.980262120542372e-05	0.0002586137790241	0.0362614827396186	0.0358151091929671	0.0012827220465041	0.0013148951304756	0.5247509362346676	0.0383136215457114	0.001467933595948	0.2753635450791602	-0.0027108038483804	-0.0023319559299343	7.348457504393987e-06	5.438018459155747e-06	0.0015072678381697	0.0004600302130597	2.2718563359807607e-06	2.11627796927753e-07	-0.000933958896335	0.0003123427411232	9.755798793241677e-08	8.722792200432912e-07	0.0	0.0	0.0	0.0	0.0	0.0	0.0	0.0	0.0	0.0	0.0	0.0	0.0	0.0	0.0	0.0	0.0
883.3615425970031	3.660589891734276	13.399918355467156	780327.6149393569	994.3316842240896	-3.602797190348383	988695.4982519146	12.980147594782204	851.6625332603658	3.048353178251205	725329.0705594636	9.29245709935422	876.577366119776	649.7663501955992	1.585635	28.554956	0.2209638999109967	0.0897945620799675	0.0546629417	0.0464956328	0.1688223333	0.0486238631	-0.0289863276	0.0194473043	-0.1673790332	-0.0067685173	-0.1717065487	0.1290077332	0.1942647327	-0.0527259921	0.099493543	0.1659706585	0.1795635549	-0.0178708283	0.0182980731	-0.0339053666	0.0506125833	-0.0598254997	-0.0198871486	-0.0959351642	0.105970804	0.0853244453	0.0488020396	0.0154920663	-0.1892152053	0.1801462115	0.084170286	-0.0846744514	0.0695375304	0.0844835267	0.0550172561	0.0047121027	-0.0968489325	-0.0410854729	-0.0032506999	0.0900741638	-0.0312164744	-0.0433536963	0.1810916646	-0.0728256891	0.0722459886	0.0618986524	0.3189594539	0.0049099383	-0.0710037214	-0.0242010593	-0.4029173419	0.4915907613	0.0129466568	-0.3326151602	0.0416223693	-0.2080423386	0.012208914	-0.2963765342	-0.0768763278	-0.0656514151	-0.0441594606	0.0078370933	-0.1538585052	0.1469813818	-0.0451374741969914	-0.0367826778975342	0.002037391576884	0.0013529653933137	0.0602625883779666	0.024001105638348	0.0005760530718631	0.0036315795580122	0.5690894058430871	0.0443384696084194	0.0019658998872167	0.3238627518428379	-0.0015539988851253	0.0011568049632551	2.4149125349706755e-06	1.3381977230116334e-06	0.0022860273507996	0.0007787595126298	5.225921048603837e-06	6.064663785115591e-07	-0.0013152273557839	-0.0003812684594488	1.453656381705375e-07	1.7298229974023091e-06	0.0	0.0	0.0	0.0	0.0	0.0	0.0	0.0	0.0	0.0	0.0	0.0	0.0	1.0	0.0	0.0	0.0
885.0749968546681	1.713454257665035	2.935925493110435	783357.7500572908	998.074169872797	3.742485648707429	996152.048567273	14.006198830781068	851.2580644461867	-0.4044688141790402	724640.2922846682	0.1635950216433989	877.7168371901553	669.5344858916072	1.680578	30.264732	0.552708346586981	0.2773658245402876	0.0991189468	0.0190847676	-0.0326959205	-0.004547797	0.1716292255	0.156013571	-0.0179768035	0.2408615762	0.0894205822	-0.0077522864	-0.0364579573	-0.0658848316	0.1623500463	0.0755456849	0.0563252988	-0.0728472423	0.1149414545	0.006587741	0.0390486281	0.1906081387	0.0444143305	0.0968039017	-0.1501996226	-0.0310659156	0.0695432942	-0.142422218	-0.1148047874	0.0133284864	0.153185309	0.0690711294	-0.1980682775	0.0012995975	0.1491802469	-0.0245102287	-0.0508758908	0.1419530374	0.1125821877	-0.0183869371	0.0030400834	0.0618595423	-0.0516263382	-0.2490600792	0.0543083311	0.1100010137	0.048211607	0.0811452449	0.0595905883	0.2420196909	0.052119622	0.0229704298	0.0055320115	-0.3787322748	-0.1109619949	-0.0808342646	0.1428672479	0.2527545189	0.223966644	0.1108287271	-0.1514684546	-0.0286971592	-0.1547718027	0.1505910958	0.0280574504136978	0.0731949246106892	0.0007872205237171	0.0053574969887644	0.0913722448587179	0.0311096564807512	0.0009678107263503	0.0083488871305215	0.7339242340084127	0.1648348281653255	0.0271705205762924	0.5386447812648353	-0.0028380566498805	-0.0012840577647551	8.054565547930926e-06	1.64880434322812e-06	-0.0008988418239535	-0.0031848691747531	8.079166244880546e-07	1.0143391660292491e-05	-0.0001127755486879	0.0012024518070959	1.4458903483884357e-06	1.2718324381856904e-08	0.0	0.0	0.0	0.0	0.0	0.0	0.0	0.0	0.0	0.0	0.0	0.0	0.0	0.0	1.0	0.0	0.0
876.3142244032858	-8.760772451382309	76.75113394489918	767926.6198915323	987.8828593471594	-10.191310525637618	975912.5437919196	103.86281022997213	846.8331800769108	-4.424884369275901	717126.4348791736	19.57960168146219	872.770068160489	654.877142385494	1.521497	27.399927	0.1342415065569997	0.0860436013285285	0.0376662701	0.1255007889	-0.2238960381	0.0187501867	0.0941355841	0.033484705	0.084961187	0.0708580228	0.0803793803	-0.2207359897	0.0055750965	0.0797691505	0.1705371089	-0.241314438	-0.0551138392	-0.2547635274	0.0147650091	-0.0343944877	0.1587659841	0.0356425084	0.1037712193	0.1251643318	-0.0331345498	0.0002293199	-0.0455470279	-0.2106755862	0.0614058264	-0.2342884677	0.182292103	-0.1231563201	0.0136368002	0.0450104233	0.0497957699	0.053401	-0.1874551259	0.1197037366	0.0815094089	-0.0057957878	-0.0469634342	0.0499753318	-0.1518320536	-0.2744828373	-0.2105314734	0.1378146358	-0.1113019932	0.1181044953	-0.2182832196	0.1393931201	0.0316293989	-0.011799013	-0.0687830033	-0.0474071781	-0.0339108219	0.2406067543	0.0669959417	0.1544611938	0.178959624	-0.1797819625	0.2616824279	-0.0830221763	-0.1554579513	0.1533170814	0.0382004189587661	0.0101429685450683	0.0014592720086252	0.0001028798109062	0.0337850765094316	-0.0575871683492862	0.003316281958489	0.0011414313947481	0.7357419903373028	0.0018177563288901	3.3042380712201627e-06	0.5413162763454957	-0.0016970612508964	0.0011409953989841	2.880016889294053e-06	1.3018705005028857e-06	-0.0007948637908126	0.0001039780331408	6.318084459449767e-07	1.0811431375850092e-08	-0.000161674383238	-4.889883455010001e-05	2.391096020358054e-09	2.6138606195387697e-08	0.0	0.0	0.0	0.0	0.0	0.0	0.0	0.0	0.0	0.0	0.0	0.0	0.0	0.0	0.0	1.0	0.0
874.9565656673132	-1.3576587359726773	1.843237243362928	765548.9918043392	983.9927072134632	-3.890152133696233	968241.6478492804	15.133283623301356	848.1064078024395	1.2732277255287272	719284.4789555579	1.6211088410550558	874.0101935720851	629.4997813305043	1.459101	26.276251	0.1756121772429798	0.0828613363790022	0.0904176648	-0.036141431	-0.0877210586	0.1279305469	-0.2149657352	0.0162748219	-0.2126859993	-0.0819696265	-0.1364396882	-0.1897859924	0.0805585934	-0.079956243	-0.0835413353	0.0342745012	-0.1470463713	-0.0337560423	0.0854823445	0.0089468415	0.1062280351	0.1090203741	0.011787903	-0.2179893044	-0.1136558157	0.0151448621	0.0685224651	0.0479019174	-0.004638257	-0.1031351659	-0.1300014394	0.0043011931	-0.040492354	0.0545240842	0.2565512333	0.1105693082	0.1572697041	-0.1551122468	0.0821899207	0.0010316899	-0.0433497216	0.0849588582	-0.0513011395	-0.180022076	-0.0673939551	0.0366667	0.1542157034	-0.0446756095	0.1033675378	-0.0129269944	-0.0180760202	-0.1311873206	-0.1141580786	-0.0470746422	-0.2350653098	-0.0362337139	-0.1762870445	0.1235664881	0.1889967623	0.0402602367	-0.1900845761	-0.114104133	-0.155915944	0.1551433414	0.0338755214649779	-0.0043248974937881	0.0011475509545241	1.8704738331775444e-05	0.0176691744915018	-0.0161159020179297	0.0002597222978515	0.0003121997272111	0.679365596584276	-0.0563763937530268	0.0031782977725963	0.4615376138223092	-0.0029930338036236	-0.0012959725527272	8.958251349633553e-06	1.6795448574222552e-06	-0.0002230971207151	0.0005717666700975	4.9772325271367914e-08	3.2691712503438336e-07	-0.000269834839978	-0.00010816045674	1.1698684402205414e-08	7.281084086595289e-08	0.0	0.0	0.0	0.0	0.0	0.0	0.0	0.0	0.0	0.0	0.0	0.0	0.0	0.0	0.0	0.0	0.0
881.9437333249366	6.987167657623445	48.8205118757391	777824.7487511269	979.5911726031388	-4.401534610324347	959598.8654419924	19.373506925883103	849.8425200819757	1.7361122795362007	722232.3089392834	3.0140858471563834	873.1057790120443	662.9755329362567	2.234614	40.242104	0.6807684968088419	0.4022586425049362	-0.059396154	0.0538362354	0.2490319443	0.1027556446	0.0649084786	-0.0834592361	0.2774479497	-0.3996817388	-0.0869747844	0.1694153022	-0.0677999062	0.0601115537	-0.1477478527	0.1788938559	0.2941889515	-0.0368757309	0.0270372126	-0.4542912371	-0.1340316924	0.1079588624	0.3599860094	-0.2666467667	-0.0091604962	-0.0959395043	-0.0406885739	0.1803772054	0.0568123781	0.3537221946	0.206338759	-0.195388186	0.0481906647	-0.4190942325	-0.1582006336	0.4076835669	0.0334606233	-0.1125743129	-0.0540897784	0.1781382728	-0.0869432757	-0.0771906521	-0.0609668326	-0.2645407158	0.5143037315	-0.3517470679	-0.3127766027	-0.2849388492	-0.2811757381	0.0859522112	-0.0296943602	0.0143042117	-0.0106948877	0.1909182869	-0.0216793535	-0.1127208595	-0.0913567177	-0.082208445	0.0954116298	-0.0554576856	0.1257686281	0.0431555652	-0.1561451084	0.1560591586	0.0205720740634092	-0.0133034474015687	0.0004232102312703	0.0001769817127663	0.1367902381262524	0.1191210636347506	0.0141898278014743	0.0187115692466368	0.4013487358737535	-0.2780168607105224	0.077293374839334	0.1610808077874599	0.0007728475778906	0.0037658813815142	5.97293378651367e-07	1.41818625796353e-05	0.0007121237384439	0.000935220859159	5.071202188553161e-07	8.746380554060982e-07	-0.0009752751005448	-0.0007054402605668	4.976459612285547e-07	9.511615217426696e-07	0.0	0.0	0.0	0.0	0.0	0.0	0.0	0.0	0.0	0.0	0.0	0.0	0.0	0.0	0.0	0.0	1.0
