global_signal	global_signal_derivative1	global_signal_derivative1_power2	global_signal_power2	csf	csf_derivative1	csf_power2	csf_derivative1_power2	white_matter	white_matter_derivative1	white_matter_power2	white_matter_derivative1_power2	csf_wm	tcompcor	std_dvars	dvars	framewise_displacement	rmsd	t_comp_cor_00	t_comp_cor_01	t_comp_cor_02	t_comp_cor_03	t_comp_cor_04	t_comp_cor_05	t_comp_cor_06	c_comp_cor_00	c_comp_cor_01	c_comp_cor_02	c_comp_cor_03	c_comp_cor_04	c_comp_cor_05	c_comp_cor_06	w_comp_cor_00	w_comp_cor_01	w_comp_cor_02	w_comp_cor_03	w_comp_cor_04	w_comp_cor_05	w_comp_cor_06	w_comp_cor_07	w_comp_cor_08	w_comp_cor_09	w_comp_cor_10	w_comp_cor_11	w_comp_cor_12	w_comp_cor_13	w_comp_cor_14	w_comp_cor_15	w_comp_cor_16	w_comp_cor_17	w_comp_cor_18	a_comp_cor_00	a_comp_cor_01	a_comp_cor_02	a_comp_cor_03	a_comp_cor_04	a_comp_cor_05	a_comp_cor_06	a_comp_cor_07	a_comp_cor_08	a_comp_cor_09	a_comp_cor_10	a_comp_cor_11	a_comp_cor_12	a_comp_cor_13	a_comp_cor_14	a_comp_cor_15	edge_comp_00	edge_comp_01	edge_comp_02	edge_comp_03	edge_comp_04	edge_comp_05	edge_comp_06	edge_comp_07	edge_comp_08	edge_comp_09	edge_comp_10	edge_comp_11	edge_comp_12	edge_comp_13	edge_comp_14	edge_comp_15	edge_comp_16	edge_comp_17	edge_comp_18	edge_comp_19	edge_comp_20	edge_comp_21	edge_comp_22	edge_comp_23	cosine00	cosine01	trans_x	trans_x_derivative1	trans_x_power2	trans_x_derivative1_power2	trans_y	trans_y_derivative1	trans_y_derivative1_power2	trans_y_power2	trans_z	trans_z_derivative1	trans_z_derivative1_power2	trans_z_power2	rot_x	rot_x_derivative1	rot_x_power2	rot_x_derivative1_power2	rot_y	rot_y_derivative1	rot_y_power2	rot_y_derivative1_power2	rot_z	rot_z_derivative1	rot_z_derivative1_power2	rot_z_power2	motion_outlier00	motion_outlier01	motion_outlier02	motion_outlier03	motion_outlier04	motion_outlier05	motion_outlier06	motion_outlier07	motion_outlier08	motion_outlier09	motion_outlier10	motion_outlier11
876.1990725005835	n/a	n/a	767724.8146508827	1019.423498273577	n/a	1039224.2688323376	n/a	847.6265676286486	n/a	718470.7981499239	n/a	874.9967208862305	659.8332015812746	n/a	n/a	n/a	n/a	-0.1053519815	0.0034747293	-0.1252181935	0.0788961437	-0.0640805235	0.0795805349	-0.1653143255	0.2257498375	-0.1494995838	0.0544999782	-0.0158979363	0.0053452344	-0.3542769555	0.2495567455	-0.0368672421	-0.0244164218	0.1024724822	-0.0246494333	0.1398312577	-0.0592629812	-0.1438481362	0.059252632	-0.0797974205	0.2960834125	-0.034624047	0.1458572226	-0.0753857685	0.0416827298	-0.0885135212	0.0729598855	-0.1763186901	0.2114971136	-0.0301490724	-0.0167130404	0.0269915397	-0.0903704972	0.0060239004	-0.1692002254	0.0238389694	-0.0435896311	0.1205881418	-0.1977345266	0.1936805556	-0.0597146085	0.1345335664	-0.0480321233	0.038355093	-0.2171324759	0.2336635477	-0.015637328	-0.1694658665	0.0354258389	-0.213460236	0.1095964578	-0.0598022672	0.0639164143	-0.1168619636	-0.0012496836	0.13024376	-0.1754730743	0.1875599802	-0.170808301	0.0880125163	-0.3310924571	0.2368225556	-0.0202511158	0.1660965162	-0.0234861347	0.0753293915	-0.0502597775	0.0213652924	-0.0530919594	0.1204042972	0.1561451084	0.1560591586	-0.1074885445183326	n/a	0.0115537872026695	n/a	0.0001783906726586	n/a	n/a	3.1823232091587774e-08	0.0566466167932588	n/a	n/a	0.0032088391941223	0.0004530432838897	n/a	2.052482170775633e-07	n/a	0.0019972674122805	n/a	3.989077116157646e-06	n/a	-0.0010439543117501	n/a	n/a	1.0898406050216251e-06	0.0	0.0	0.0	0.0	0.0	0.0	0.0	0.0	0.0	0.0	0.0	0.0
876.7978989133961	0.5988264128126275	0.3585930726820394	768774.5555389461	1002.534358040946	-16.889140232631007	1005075.1390525716	285.24305779747533	847.901123046875	0.2745554182264413	718936.3144641519	0.0753806776774961	874.3214298366271	648.6882866009867	1.251619	21.282795	0.1057084437821137	0.0655171181086747	0.0432467294	-0.0636304425	-0.0668407771	-0.1120729746	-0.122352437	0.0635279554	0.09959992	0.0072810611	0.0953800802	0.0010941776	0.1208026862	0.0630740518	0.027741791	-0.1037904832	0.0177287686	0.07539654	0.0502864323	-0.0408032131	-0.0266734141	0.0675537573	-0.1135629533	0.1991346957	-0.0427086972	0.0708827907	-0.1857578317	0.057260368	-0.0433984057	-0.024055137	-0.0027153169	0.1436724384	0.0574232475	-0.081254576	0.1921415246	-0.0443790009	0.0364050729	0.0128306217	-0.1340009064	0.0067920157	-0.0114474334	0.1386961573	0.1781596201	0.0206502126	0.0869248605	0.0048252882	0.1155187852	-0.0123447474	0.1236406044	-0.147120663	0.0096018331	-0.0518007934	-0.1383033752	0.045014677	-0.2040176009	0.0374746402	-0.0086711136	-0.128947611	-0.0741645358	-0.0412604015	0.0460572411	-0.0370065896	0.0633850188	-0.1826844363	0.0376710937	-0.0481722937	0.0368428295	-0.1096302318	-0.1197532554	0.0853102328	-0.0795237538	0.0573130753	-0.0485410173	-0.167142174	-0.1601989186	0.155915944	0.1551433414	-0.0872417809670196	0.020246763551313	0.0076111283462974	0.0004099314343027	-0.0042303833445913	-0.0044087740172499	1.9437288335177824e-05	1.7896143242195472e-05	-0.003465537296762	-0.0601121540900208	0.0036134710693424	1.2009948755248469e-05	0.0003857491311674	-6.72941527223e-05	1.4880239219640394e-07	4.528502990612236e-09	0.0023137945582292	0.0003165271459486	5.353645257691059e-06	1.0018943412242949e-07	-0.0010789480555497	-3.499374379959991e-05	1.224562105112037e-09	1.1641289065744783e-06	0.0	0.0	0.0	0.0	0.0	0.0	0.0	0.0	0.0	0.0	0.0	0.0
874.8160435003058	-1.9818554130903292	3.927750878395441	765303.109965529	1010.492300415039	7.957942374093022	1021094.6891980777	63.32884682938529	845.1489724583096	-2.752150588565428	714276.7856473365	7.574332862141031	872.2643799929275	664.1406271638926	1.258213	21.394917	0.183575590959233	0.0852066442490362	0.067643877	-0.163619409	0.0915187142	0.1464561933	0.123880514	-0.1408905366	-0.0110139881	-0.1041783067	-0.0560788804	-0.1795834471	0.0059404387	0.1733067213	-0.0666475194	-0.2384612831	-0.1829453629	0.0001602051	0.0950594748	-0.0940699634	0.0089817924	0.0952674617	0.1747034669	0.0649509448	0.0211413415	0.1845188754	-0.1284290413	-0.0855316904	-0.0084775216	-0.1188796024	-0.0813622541	-0.0948063747	0.0711362376	-0.2166927262	0.0908136372	0.1281878114	0.0643068193	-0.1396166611	-0.0084067767	-0.0037902223	-0.0261044791	0.1874857551	-0.0894699913	0.1802735122	-0.0012629352	-0.1836808779	0.2169924322	0.1081257154	-0.1434464373	-0.0583028176	-0.1071693988	0.0734859181	-0.1561024585	0.0974669859	-0.1064662957	-0.0429047996	0.0786385063	0.0461738896	0.0629783613	0.0030351059	0.1230482895	0.0512111159	-0.008926458	0.0452013111	0.1477679438	0.039480966	0.0784194603	0.0484061086	-0.226564065	0.0595270199	-0.0711797624	0.1460458502	0.1580638763	0.0137862768	-0.1508455363	0.1554579513	0.1533170814	-0.0609669190426274	0.0262748619243921	0.0037169652175502	0.0006903683691458	0.0030413735564991	0.0072717569010903	5.287844842855585e-05	9.249953110171984e-06	0.0593303537907985	0.0627958910875605	0.0039433239374807	0.0035200908809413	0.0008379821851824	0.000452233054015	7.022141426830702e-07	2.0451473514373402e-07	0.0014242168757043	-0.0008895776825249	2.028393709040917e-06	7.913484532463718e-07	-0.0006760971711658	0.0004028508843838	1.622888350488903e-07	4.571073848583971e-07	0.0	0.0	0.0	0.0	0.0	0.0	0.0	0.0	0.0	0.0	0.0	0.0
871.610770801676	-3.205272698629756	10.273773072581276	759705.3357774918	1004.3002923583985	-6.192008056640589	1008619.0772311646	38.34096377350196	845.4114720026652	0.2624995443555917	714720.5569937131	0.0689060107868932	872.2553125283152	634.9416984349896	1.15923	19.711792	0.0134129078725841	0.0083498559182907	-0.0890452269	-0.1116194315	0.1668565204	-0.0014189714	-0.0129529111	0.0882073819	-0.0586260742	-0.0518549607	-0.0480542959	0.0618538476	-0.1899140987	0.0557579314	0.0924464081	-0.0407591611	-0.1952612652	-0.0108941287	0.0265605549	0.1560235645	0.0801236409	-0.0049385234	0.007374295	-0.0499748716	-0.2004925227	-0.048401835	-0.2189643433	-0.046313477	-0.0007232429	-0.0421902874	-0.0461921531	-0.0363558107	0.044664734	-0.0644414066	-0.2163591536	0.108803079	0.0782806711	-0.0361912512	0.1620564221	-0.1136151478	-0.0589815529	-0.0702225838	-0.0007764487	0.1903357057	0.1468451423	-0.0062076429	0.0333150132	0.0959391234	-0.0180355495	-0.0866937323	-0.1383690258	0.0713150952	-0.1236666906	0.0380419448	0.0082120627	0.1236009793	0.1014851419	-0.0223752504	0.1467821899	-0.0826109844	-0.0928401215	0.054745826	-0.0413999411	-0.0465299714	-0.0815497902	-0.1129275559	0.0294634795	-0.028803548	-0.1891017961	0.1767439583	0.0341916506	-0.0989559393	-0.0919784874	0.114770063	0.0512563665	0.1547718027	0.1505910958	-0.0641742189184952	-0.0032072998758677	0.0041183303737989	1.0286772493741596e-05	0.0030471262296742	5.752673175100226e-06	3.3093248659517707e-11	9.284978259568508e-06	0.0593742327770598	4.387898626129899e-05	1.9253654353192652e-09	0.0035252995178644	0.0007599395721537	-7.804261302870002e-05	5.775081533251486e-07	6.090649448347418e-09	0.0012992431080729	-0.0001249737676313	1.6880326538749295e-06	1.5618442595987132e-08	-0.0006759940250803	1.0314608550002909e-07	1.0639114953979307e-14	4.569679219442653e-07	0.0	0.0	0.0	0.0	0.0	0.0	0.0	0.0	0.0	0.0	0.0	0.0
875.3431343488836	3.73236354720757	13.93053764852387	766225.6028517277	1001.9467875889368	-2.353504769461665	1003897.36515979	5.538984699878806	846.6933659447564	1.2818939420911877	716889.655934861	1.6432520787700846	872.7293958683604	644.8483986956799	1.087007	18.483694	0.1823086642244933	0.0794812078600807	-0.0577850213	-0.1260060506	-0.0452757079	-0.0567852229	-0.0964329757	-0.0032561616	-0.0899479475	-0.0171182169	-0.0107204001	0.0959325386	0.0420326166	-0.0124282976	0.160914857	-0.2126276101	-0.0529215093	0.0973876756	0.0564402562	-0.0902810032	0.002628536	0.1472473669	0.0010956968	-0.0134360926	0.0010517352	0.0762274217	0.024076305	0.0311218665	0.0100621977	0.0100912472	-0.0272379014	0.0690818701	-0.0533501759	-0.1257964291	-0.005857226	0.0024628882	0.08237448	-0.014853446	-0.1123751045	-0.0402035305	-0.1189176947	0.0589265548	-0.076940455	-0.0888035362	0.0442402706	-0.073985175	0.0472952182	-0.0484565423	0.0087371831	-0.1126564315	-0.1548116834	0.0258512919	-0.1453723305	0.0284628017	-0.0675223108	0.0520101294	0.0262393861	0.0090043435	-0.0690861916	0.0749257814	0.1472678029	0.0221520694	0.0819557776	0.0871479841	-0.0764986284	-0.1407036858	-0.0429088216	-0.102923676	-0.1537388369	0.0721438198	-0.0206639844	0.1475992873	-0.0505309515	-0.0573411486	0.0152445854	0.1538585052	0.1469813818	-0.0836630968714047	-0.0194888779529095	0.006999513778114	0.0003798163638634	0.0386114934917145	0.0355643672620403	0.0012648242187492	0.0014908474296607	0.0091620442760813	-0.0502121885009785	0.0025212638740577	8.394305531687411e-05	-0.0002029220700178	-0.0009628616421715	4.1177366500308934e-08	9.271025419651976e-07	0.0018320664955846	0.0005328233875117	3.356467644243637e-06	2.839007622794432e-07	-0.0006308144445922	4.517958048809998e-05	2.0411944930807043e-09	3.979268635061658e-07	0.0	0.0	0.0	0.0	0.0	0.0	0.0	0.0	0.0	0.0	0.0	0.0
875.0666108544768	-0.2765234944067742	0.0764652429589333	765741.5734323404	1004.2640435791016	2.317255990164768	1008546.2692258476	5.369675323954496	848.5738795068529	1.880513562096553	720077.6289813109	3.536331257229066	874.5654516397063	649.6132023534348	1.132403	19.255629	0.1033771631628008	0.0462259600692206	-0.0273841859	0.0890818576	0.054720599	-0.0263033954	0.0813229019	0.0633514798	0.1597410387	-0.0070131118	0.1050623492	-0.0180543779	0.0034008564	0.1184010812	0.0922458906	0.1360905704	0.0619635664	-0.0853501331	-0.0695401514	0.1385686643	0.0602308136	-0.0271653838	0.0533102142	0.0093604208	0.1017296236	-0.1524434785	-0.0823475955	0.1023736001	-0.0192660567	0.0562287599	0.0053468913	0.1432360071	-0.3141441633	-0.0107153827	0.0196717393	0.01658645	-0.0727378192	0.0819322373	0.0950635632	0.0227126636	0.1028698609	0.0565472795	-0.1064309218	-0.0265376984	-0.0066280186	0.1582243203	-0.1040942268	-0.0368486043	0.036900295	-0.0589643149	-0.0331677964	-0.045638438	0.014066202	-0.1232965813	0.0038824385	0.1340640838	0.0717426675	-0.0034581514	-0.0155021832	0.0284603958	-0.0762209588	-0.077316352	0.1023778341	-0.1453687211	0.0675112783	-0.1287792757	-0.0010987725	-0.1628817125	-0.1748066285	-0.0130269954	-0.0501082818	-0.103589421	-0.019305859	-0.0325889523	0.0409785524	0.152719399	0.1425091225	-0.0667298951078976	0.0169332017635071	0.004452878901111	0.0002867333219636	0.0029733892977361	-0.0356381041939784	0.0012700744705408	8.841043915891577e-06	-0.006549477685624	-0.0157115219617052	0.0002468519223531	4.289565795448671e-05	-0.0003649556544806	-0.0001620335844628	1.331926297373631e-07	2.6254882493863345e-08	0.0014251393218784	-0.0004069271737062	2.031022086764026e-06	1.6558972470051596e-07	-0.0007637403912954	-0.0001329259467031	1.7669307306941962e-08	5.832993852960507e-07	0.0	0.0	0.0	0.0	0.0	0.0	0.0	0.0	0.0	0.0	0.0	0.0
876.8690342875025	1.8024234330256377	3.2487302319199256	768899.3032922972	1009.254781842913	4.990738263811409	1018595.2146727858	24.907468417871318	848.0832010904948	-0.4906784163581505	719245.1159719005	0.2407653082797425	874.1651136417979	647.9720695971513	1.361324	23.148249	0.2101999185040901	0.1024453575740989	0.0246471746	-0.1763808912	-0.1226810426	-0.0733969479	-0.0037257555	0.0883070761	-0.121243064	0.1046172738	-0.0084763391	0.0278890129	-0.1169521255	-0.1378652343	0.1490569971	-0.052051287	0.0412771848	0.0783105377	0.0742771492	0.0332471274	-0.0370859621	0.0196062194	0.0096635552	0.0005961356	-0.054300214	0.1746274831	0.1048102398	-0.1289205406	-0.1107702313	0.2784529938	0.1106763999	-0.0722944219	0.0126651461	0.0228358361	-0.0851287569	-0.1097533286	0.0510669695	-0.0651361259	0.102546872	0.0863087122	-0.0655923904	-0.0699029729	-0.0161720676	-0.1222456989	0.150857803	-0.0479696096	0.1304566678	-0.1407198031	-0.0065684677	0.1706404895	-0.0051720832	0.1731113609	-0.0231417392	0.0621346793	0.0119033727	-0.1107434045	-0.0279336268	-0.1200014334	0.0729338141	0.0939431186	0.180396019	-0.0026480646	-0.0169004942	0.0011615393	-0.2360172102	-0.1212271911	-0.1349281033	0.0551242769	0.0931743147	0.1761295576	-0.06987431	-0.06619526	-0.0466421746	0.3670986695	-0.2508168903	0.1513561561	0.1372005631	-0.0634155255705906	0.003314369537307	0.0040215288833942	1.0985045429828631e-05	0.0548260787924022	0.0518526894946661	0.0026887014078302	0.0030058989157506	0.0375418267472298	0.0440913044328538	0.0019440431265905	0.001409388755519	-1.4001994645305548e-05	0.0003509536598352	1.9605585404716526e-10	1.231684713517876e-07	-1.1997628180271391e-05	-0.0014371369500586	1.4394308195204222e-10	2.06536261322394e-06	-0.0003329999004041	0.0004307404908913	1.855373704932781e-07	1.1088893366914053e-07	0.0	0.0	0.0	0.0	0.0	0.0	0.0	0.0	0.0	0.0	0.0	0.0
875.553939942804	-1.315094344698423	1.7294731354577744	766594.7017493673	1010.8006071254184	1.5458252825054617	1021717.8673651144	2.3895758040330897	846.7447882758247	-1.3384128146700505	716976.7364722711	1.791348862473007	873.7167674113795	649.6813582667598	1.485344	25.257101	0.1893361453619897	0.0997635014754028	-0.1126773392	0.0893256579	0.1854777869	0.2960562025	0.0637550119	-0.0543514173	0.0614018247	-0.099849631	-0.0053422975	0.0481885065	-0.105220939	0.0947071125	-0.3222752372	0.1384171918	-0.1338888365	-0.1570191587	-0.0583998873	-0.1247201456	0.2199802717	-0.0706131085	0.1840061429	-0.1782986353	-0.12733105	-0.1087850491	0.1158251567	0.0410563157	-0.1276247291	-0.0949300184	-0.1741411901	-0.028480364	-0.0050919527	-0.0638714414	-0.1423387246	0.1809609442	-0.0513562034	-0.0594701557	0.0232799671	-0.1665634562	0.1911145624	-0.0906851072	-0.2079686958	0.1291437658	-0.1172748577	-0.1646368092	-0.1300320203	-0.0423908218	-0.0020883514	-0.0657068407	0.171914766	0.0467922458	0.0145490639	0.0879018239	0.2073853154	0.2558369441	-0.0648935361	0.2260439028	0.1128156344	-0.0445204726	0.0750171693	0.0912721305	-0.0129699004	0.1410388194	0.1858257291	-0.0546857279	-0.0483134218	0.1183649318	-0.0118378273	0.1018638248	0.0435808948	-0.1246584004	0.0544932529	0.1525241153	-0.1358472554	0.1497707771	0.1310868562	-0.0281115895217425	0.0353039360488481	0.0007902614654389	0.0012463679005411	-0.0234971139721409	-0.0783231927645431	0.0061345225248317	0.0005521143650197	-0.0057133461136089	-0.0432551728608387	0.001871009979221	3.2642323813889924e-05	0.0002039954982084	0.0002179974928537	4.161416328929333e-08	4.75229068905014e-08	-1.2078287456862569e-05	-8.065927659117733e-08	1.4588502789060366e-10	6.505918900212048e-15	-0.000763998622029	-0.0004309987216249	1.8575989804229806e-07	5.836938944622108e-07	0.0	0.0	0.0	0.0	0.0	0.0	0.0	0.0	0.0	0.0	0.0	0.0
874.0018430386002	-1.552096904203836	2.4090048000391318	763879.2216348699	1004.2301445225308	-6.570462602887574	1008478.1831677431	43.17097881594415	847.7023088667128	0.9575205908880662	718599.2044579557	0.9168456819746316	871.8727808293607	636.7643755936948	1.461658	24.854343	0.0993459280066031	0.049709038213225	0.0333578419	-0.0536051695	0.0053082212	-0.2154146183	-0.0814258037	0.0235965903	0.2947926112	0.0276791978	0.0494211613	0.0571342401	0.0496911523	0.0498484394	0.2103998049	0.089575422	-0.0174333681	-0.0083013031	-0.0168911765	-0.0117379136	-0.0856032039	0.0516787154	0.0187437037	-0.051074343	-0.0703147639	-0.3178477099	0.0793506609	0.1523422927	-0.1279734513	0.1740883181	0.1296119305	-0.0777223256	0.1112011455	0.0869096128	0.0432193322	-0.0046579264	0.0081978584	0.0395422709	-0.0621456354	0.0132745214	-0.131011879	-0.0332157317	-0.0423427772	0.1072766925	-0.029485188	0.2594404533	-0.1592813746	-0.064383928	0.192995697	-0.0267678122	0.0739781926	-0.02451029	0.0983686146	0.0115995619	0.1798350826	0.0308789091	0.1327321825	-0.1297816114	-0.067298952	0.115349814	0.046719415	0.0212524121	-0.0507105183	-0.227200104	-0.0824491887	0.1698768917	-0.0008153022	-0.0920495737	0.0262318353	-0.0822176553	0.0559236865	-0.0917069388	-0.0635151217	-0.0628975697	-0.0175863158	0.1479655889	0.1242038795	-0.031551732685898	-0.0034401431641554	0.0009955118354823	1.18345849898858e-05	-0.0019175501605133	0.0215795638116275	0.0004656775743001	3.676998618084583e-06	-0.0454413954012409	-0.0397280492876319	0.0015783179002005	0.0020649204160119	-7.484675235329955e-05	-0.0002788422505616	5.602036337836152e-09	7.775300069831365e-08	0.0004010289336098	0.0004131072210666	1.6082420559221337e-07	1.706575760974204e-07	-0.0007639846587936	1.3963235400067144e-08	1.9497194283768824e-16	5.836725588719734e-07	0.0	0.0	0.0	0.0	0.0	0.0	0.0	0.0	0.0	0.0	0.0	0.0
877.0367550100178	3.034911971417614	9.210690674253948	769193.469638502	1006.633117893764	2.4029733712332018	1013310.2340405206	5.774281022855859	848.917846414778	1.2155375480651855	720661.5099615045	1.4775315307563233	874.16145190996	647.4505229154294	1.296919	22.053093	0.107559413436581	0.0601243906128163	-0.0226781265	0.0874876825	0.1022843081	0.0548512391	-0.0186664704	-0.0982440475	0.0577756685	-0.0245267816	0.0530277506	-0.0752196923	-0.0168571187	-0.0198872139	0.0048311321	-0.0831086024	0.0349123971	-0.122770827	-0.0064025514	-0.0316110236	0.063026676	-0.0679259352	0.1020148665	-0.0538557899	0.1350509311	0.1386329348	0.0082815096	0.1503392934	-0.1070382359	-0.0277818552	0.0078644857	0.0456487355	-0.007674404	0.0585843822	0.0266093487	0.0189698656	-0.0582997827	-0.0014888748	-0.0163339751	0.0327793628	0.0562762274	0.0256971405	-0.1322720967	-0.0671401461	-0.1914975279	-0.1972056076	-0.0544298379	-0.0484253532	0.0781353726	-0.2383883166	-0.080155132	0.0037714274	0.0890085813	-0.0246995363	0.0250977001	0.022436462	-0.0301312747	0.0899808786	0.1085175667	0.0146482527	0.1525842363	0.0554286543	0.0508367145	0.0579885648	0.2143244253	0.0884758788	0.133663363	0.0663865091	0.0561970496	-0.1184193077	-0.0640294755	0.1323442747	0.0969287733	-0.0829950182	0.1094163888	0.1459432408	0.1165920251	-0.0374259058290107	-0.0058741731431127	0.0014006984271219	3.45059101152666e-05	-0.0373994946239406	-0.0354819444634273	0.0012589683829057	0.0013987221981261	-0.0058739271987349	0.039567468202506	0.0015655845399563	3.4503020736037634e-05	-0.0004618466078601	-0.0003869998555068	2.13302289191881e-07	1.4976888816228446e-07	0.0004561557545952	5.512682098540001e-05	2.0807807245031635e-07	3.038966391956339e-09	-0.0006733947827351	9.058987605849992e-05	8.206525644294375e-09	4.534605334148526e-07	0.0	0.0	0.0	0.0	0.0	0.0	0.0	0.0	0.0	0.0	0.0	0.0
875.0378507703157	-1.998904239702142	3.995618159499199	765691.2402807332	1003.0643182809011	-3.568799612862904	1006138.0266083288	12.736330676770413	849.2567329936558	0.3388865788778048	721236.9985350575	0.1148441133435026	874.0436223059586	651.1131985015571	1.237647	21.045204	0.1323364590772195	0.0717401160443318	0.0817330162	-0.1064861548	0.0323510387	0.0133066408	-0.0821916287	-0.1215233739	0.2699328129	0.0295315675	0.1053808274	-0.0284165202	0.06947206	0.1447859838	-0.0645444061	-0.0355926026	0.1033857252	-0.1369908286	0.1035056042	-0.0124863715	0.0100890341	0.0385788088	0.0383772493	-0.01935109	0.017444232	-0.2711919364	-0.1182360158	-0.0322163216	0.1007788628	0.1353769292	-0.0898636633	0.1207093965	-0.0153620612	-0.1003157101	-0.0443607816	-0.0660408395	-0.1434695063	-0.1141848797	-0.0109503283	-0.0454711322	0.0638151206	0.0361137971	0.0180993442	0.1804547144	-0.0402435015	0.2988515109	-0.0945705204	-0.067920484	-0.0759916212	-0.0430178728	-0.0926190237	0.0843066596	0.1199138583	0.0501910074	0.1954791972	0.0192814738	0.1056221958	0.0513225965	-0.1486498571	-0.016523926	-0.0244398468	-0.0817657575	-0.1041436231	-0.1400411656	-0.0829825603	0.2104590444	0.0105057204	-0.1065414526	-0.0075447562	-0.052747774	0.0657567272	-0.0847192861	-0.2146785953	-0.0221379749	-0.0560178573	0.1437067008	0.1082959623	-0.0051869431178204	0.0322389627111903	2.6904378907504418e-05	0.0010393507166935	0.0124874557693743	0.0498869503933149	0.002488707819545	0.000155936551592	-0.0084015269680719	-0.0025275997693369	6.388760593952454e-06	7.058565539523941e-05	-0.0004620013940114	-1.5478615129996829e-07	2.1344528806847685e-07	2.3958752634256676e-14	-1.1956611131846984e-05	-0.000468112365727	1.4296054975820718e-10	2.191291869465726e-07	-0.0001880030105459	0.0004853917721892	2.356051725089723e-07	3.5345131974321785e-08	0.0	0.0	0.0	0.0	0.0	0.0	0.0	0.0	0.0	0.0	0.0	0.0
873.9937079686956	-1.044142801620069	1.0902341901750066	763865.0015688696	1009.0701305280412	6.005812247140057	1018222.528323878	36.0697807478975	846.859944820404	-2.396788173251707	717171.7661412178	5.744593547439255	873.1429931483318	648.0363031353867	1.239011	21.068405	0.1269662338514038	0.0619568872865873	-0.0343441364	-0.0851889379	-0.0238374402	-0.1365562281	0.0999176287	-0.1353340916	0.053532799	-0.0833336017	-0.0191503481	-0.0852624986	-0.019570964	0.2117444587	-0.0094555212	-0.0799375654	-0.0985079647	-0.0746215464	0.1026460279	0.0245595001	-0.0856529785	0.2394560342	0.0689811871	0.1896975041	0.2137032993	-0.0351379465	-0.0625921944	-0.0343644526	-0.0378164324	-0.1467210396	0.0722346728	-0.295873648	0.1249236677	0.049875612	-0.0207896966	0.1005619268	-0.007213319	-0.1206378746	-0.0183806849	0.0881837442	-0.0656609279	0.3215856875	0.0357377295	0.0930305025	-0.076914457	-0.0435823685	0.046414596	0.0190937434	-0.0913496651	0.0185222593	0.159778504	-0.0034271507	0.0813249136	0.0186048307	0.0514601118	0.0086785363	0.0794685466	-0.101807457	0.0424262455	0.1437734843	0.1227832047	0.0874221562	0.0083790212	0.2028096665	0.0604405317	0.2889753441	0.1496379152	-0.0041520998	0.0196193233	-0.0897865808	0.056587581	-0.0535218412	0.0595934326	-0.068101109	0.0596633731	0.1412592515	0.0993643757	-0.0344304197967773	-0.0292434766789569	0.0011854538073823	0.0008551809282726	-0.0129268405888751	-0.0254142963582494	0.0006458864593849	0.0001671032076101	-0.0333257367498021	-0.0249242097817301	0.0006212162332436	0.0011106047299171	-0.0004618628802115	1.385137998999829e-07	2.133173201172624e-07	1.9186072762732502e-14	0.0003596758868074	0.0003716324979392	1.293667435506896e-07	1.3811071352456438e-07	-0.0007639170194561	-0.0005759140089101	3.316769456590179e-07	5.835692126146914e-07	0.0	0.0	0.0	0.0	0.0	0.0	0.0	0.0	0.0	0.0	0.0	0.0
873.2295291765992	-0.7641787920964589	0.5839692262900029	762529.810625985	1006.8855461774554	-2.184584350585851	1013818.5031010726	4.772408784824605	846.6235618061489	-0.2363830142551251	716771.45540533	0.0558769294283386	873.8973227746708	644.8654431646098	1.191165	20.254829	0.0848841047305277	0.0488087689029009	-0.020024538	-0.0837413754	0.1252897182	-0.0864699421	-0.0229645509	-0.1397147627	-0.0016887243	-0.0673977162	-0.0376387178	0.0997590727	0.0153365826	0.1255008087	0.0184687626	-0.1602781751	-0.0887998777	0.0435384583	0.0139186064	-0.0815730475	-0.173555804	0.1887007906	0.0374203224	-0.0582056913	-0.0515899586	-0.1458307763	0.0002957668	-0.0189732568	0.0327167628	-0.0304242615	-0.1273904137	0.0775872866	0.199458053	0.0610489964	0.2761643617	0.0769897061	0.013671141	-0.0327527959	-0.1298605598	-0.0282375626	-0.1926520434	0.0476086071	-0.0163464113	0.13235408	-0.0268980096	0.0822165117	-0.0518234248	-0.0461781872	-0.0913684223	0.04941497	-0.1105157786	-0.0687161638	0.0585615934	0.0041662124	0.132517067	-0.0409604445	0.1959546164	0.1409832524	-0.0194212418	0.0785670956	0.0821282739	0.0751318528	-0.132275071	-0.0831554822	-0.0462187185	0.0625958242	0.1294765949	-0.0445162564	0.0573823837	-0.3006866954	0.1482795782	0.2122268774	0.0271890588	0.1801506557	-0.0189112583	0.1386044847	0.0898496795	-0.0273826999487312	0.007047719848046	0.0007498122564822	4.967035505654293e-05	-0.0515103566954593	-0.0385835161065842	0.001488687715147	0.0026533168468934	-0.0501899027171646	-0.0168641659673625	0.0002844000937747	0.0025190263347584	-0.0004611919865747	6.708936368000082e-07	2.1269804848071825e-07	4.5009827189874134e-13	0.000806676263835	0.0004470003770276	6.507265946347944e-07	1.9980933706281654e-07	-0.0007638142339498	1.0278550629995877e-07	1.056486030533886e-14	5.834121839843198e-07	0.0	0.0	0.0	0.0	0.0	0.0	0.0	0.0	0.0	0.0	0.0	0.0
878.0842106269823	4.854681450383168	23.56793198469442	771031.8809524106	1008.8581929234095	1.9726467459541936	1017794.8534286874	3.891335184323669	848.7876680162218	2.164106210072873	720440.5053764159	4.683355688475975	874.4443425286677	633.460540206344	1.352696	23.001528	0.164432085154856	0.0809304285362665	-0.0992031127	0.1568906343	-0.0862605171	-0.0615584343	-0.0384228727	0.0311290538	-0.0755193399	0.0358517648	0.0641861091	-0.0055302179	-0.0313670388	0.0502323184	0.0427062334	0.0807181097	0.0216864239	-0.0102605906	-0.2003945951	-0.1095585099	0.107917566	0.0663644296	0.2063504506	0.0397415593	0.0030078698	0.0232540483	0.0688521639	-0.126116516	-0.011094644	-0.0614968502	0.3349657243	-0.1180943513	-0.1479109218	0.0554817887	0.0533161899	0.0016489431	-0.0480282996	0.1105604934	-0.0370873895	0.091714109	0.0506776746	0.0659471281	-0.2961046923	-0.0085115553	0.083096287	-0.0206173213	-0.0273475319	0.0402634433	0.1393292951	0.3468781984	0.0633016701	-0.16293593	-0.0308788873	-0.0067752136	0.1659904536	-0.0963106435	0.1082990611	0.0068244423	0.3161160548	0.1725666651	-0.0922790048	-0.1122664305	0.2022558958	0.2155890022	0.0708127739	-0.0944098672	-0.2844080741	-0.0274447328	0.3761993885	-0.1590731837	0.0139528773	-0.1519174854	-0.137305782	-0.0910762012	-0.2631401014	0.1357462967	0.0798077096	-0.0529576094390904	-0.0255749094903591	0.0028045083975032	0.00065407599544	0.0003724294256244	0.0518827861210837	0.0026918234956861	1.387036770709205e-07	-0.0754862489863228	-0.0252963462691581	0.0006399051345691	0.0056981737860251	-0.000236209747486	0.0002249822390887	5.5795044807399884e-08	5.061700790536497e-08	0.0010031845186044	0.0001965082547694	1.0063791783675416e-06	3.861549419251541e-08	-0.0015758846055768	-0.0008120703716269	6.594582884744137e-07	2.4834122900939462e-06	0.0	0.0	0.0	0.0	0.0	0.0	0.0	0.0	0.0	0.0	0.0	0.0
877.8660824308087	-0.2181281961736658	0.0475799099659772	770648.8586824153	1012.0867690168108	3.228576093401216	1024319.6280188872	10.423703590881855	848.4839224285549	-0.3037455876668673	719924.9666197461	0.0922613820270905	874.333961943007	661.3421542593378	1.299309	22.093731	0.1945610543934222	0.1028470407605442	0.1228139222	0.059489873	0.0483244527	-0.0828310941	0.1407515428	0.0389150408	-0.0888153498	-0.1088516267	-0.0767580932	-0.1098542965	-0.1011203825	-0.190252666	0.0342690265	-0.0009616598	0.0224194629	-0.0933557641	-0.1941776131	0.20459368	-0.2077562648	-0.1444348381	0.0595495003	0.1751580024	-0.107941363	0.1699978596	-0.0717555611	0.1662190914	0.2101572083	0.0709441585	-0.0135670882	-0.1163336601	0.0361860316	-0.0184144078	0.2866322808	0.0883786053	-0.1102015868	0.103715774	0.165707643	0.2673392382	-0.0580918615	-0.1232731574	0.0005248888	-0.0046649594	0.2277300042	0.1254741578	0.0934155588	-0.0613343947	-0.16497948	-0.00544996	-0.1287305906	-0.2025512355	-0.0753811746	-0.0075292737	-0.0801132703	-0.259598937	0.1224133849	-0.2132236013	0.3151341598	-0.150696876	-0.4369153675	-0.0538114207	0.1506324155	0.0899308287	-0.003961158	-0.0740398609	0.0890023437	-0.0564476308	0.0266147598	-0.0389709454	-0.0437168877	0.0946860719	0.0951075598	-0.1746711286	0.1162745296	0.1326888823	0.0692973963	-0.0626660600933064	-0.009708450654216	0.0039270350876178	9.425401410534712e-05	-8.742155999641454e-05	-0.0004598509856208	2.114629289764346e-07	7.642529152206708e-09	-0.0581828983735874	0.0173033506127353	0.0002994059424272	0.0033852496631511	0.0006559818470867	0.0008921915945727	4.303121837072786e-07	7.96005841426177e-07	0.0026242582697131	0.0016210737511087	6.886731466157593e-06	2.6278801065336315e-06	-0.0007473619084412	0.0008285226971356	6.864498596688491e-07	5.585498221888726e-07	0.0	0.0	0.0	0.0	0.0	0.0	0.0	0.0	0.0	0.0	0.0	0.0
878.2375671566557	0.3714847258470399	0.1380009015376504	771301.2243652414	1009.961585824149	-2.12518319266178	1020022.40484043	4.516403602372115	849.5366159015232	1.052693472968258	721712.4617574122	1.1081635480299723	876.2660901099136	652.0297913765118	1.408684	23.953554	0.2142104452677941	0.1127238478713205	-0.1264394301	-0.0169566072	-0.130777773	-0.0004574565	-0.0082109571	0.10500659	-0.2300510389	0.0916696069	-0.0466650783	0.1486548925	0.0743909611	-0.21744239	-0.0767209066	0.060543532	0.0832757641	0.0300241137	0.03466949	0.0245419829	0.0364177537	0.0093986677	-0.2593351777	-0.0227112825	0.0816072504	0.0925928009	0.1961282953	-0.0168566193	0.0296915073	-0.0295976276	-0.1979231676	0.0543875574	0.1070531527	-0.0882654256	0.1004570614	-0.0790048271	-0.024034664	0.0124818757	-0.0259453034	-0.081849771	0.0657796443	0.000573925	0.1822195334	-0.3185898351	0.0454305783	-0.1453331181	-0.0206974481	-0.0510694346	-0.0924657912	-0.0514667198	-0.0895611917	0.0093768453	-0.078027583	-0.0577851978	-0.1767381748	-0.0157911341	-0.1064694211	0.0062680289	-0.2381882348	0.0716795362	0.041512891	0.1004157824	0.0470604356	0.0589597916	-0.0701894467	0.0482168894	0.0189116146	-0.0808919576	0.0523739717	-0.0166462611	-0.1992579171	0.1340333647	0.0228895429	0.009807284	-0.0035720973	0.1294367287	0.0583804184	-0.0466777599671104	0.015988300126196	0.0021788132755471	0.0002556257409253	0.0407670910452111	0.0408545126052075	0.001669091200209	0.0016619557122885	0.009707461324794	0.0678903596983814	0.0046091009399756	9.423480537237128e-05	-1.5938252384383963e-05	-0.000671920099471	2.540278890683211e-10	4.5147662007323133e-07	0.0015085065477848	-0.0011157517219283	2.2755920047096142e-06	1.2449019049859663e-06	-0.0007454882730804	1.8736353607999969e-06	3.5105094652401346e-12	5.55752765300397e-07	0.0	0.0	0.0	0.0	0.0	0.0	0.0	0.0	0.0	0.0	0.0	0.0
878.0411215451021	-0.1964456115535995	0.0385908782986677	770956.2111241808	1005.6149576677597	-4.346628156389329	1011261.44308513	18.893176329916496	848.7914514541626	-0.7451644473605938	720446.9280616641	0.5552700536102192	874.4724842189513	656.8162014145136	1.362683	23.171347	0.1469978920693377	0.0647857318913216	0.0719775479	0.0447362716	0.0198438229	0.1627066589	-0.1503841263	0.0303779035	0.0859402816	0.090843607	0.0894445207	0.0245741815	0.0585888942	0.0340883455	-0.0164919233	0.0651108861	0.0736755649	0.059535234	-0.0289581954	-0.0184777493	0.0271194205	-0.0847257814	-0.0887315197	0.0697654812	-0.0722669642	-0.1865996154	-0.1749556153	-0.0888849095	0.2207235462	-0.0316814173	0.1018470505	0.0011691108	-0.0498083788	-0.0976162469	-0.101169037	-0.0929012942	0.0100429305	0.0386970799	-0.0229250708	-0.0066485226	0.1239839159	-0.0349601821	0.1033440539	0.2017174324	0.046761066	0.210695521	0.0248686685	0.1509907608	-0.1792462163	0.1521539235	-0.0107836264	0.0145426442	-0.0398778119	0.1619172181	-0.0383839125	-0.1654122854	0.0543773724	-0.0024421104	0.0535491155	-0.2101056967	-0.2094097905	0.1157832936	-0.1890974548	-0.1100522414	0.0979872997	0.1529524456	-0.1650932098	0.1079428523	-0.1488397605	0.1168091187	0.2891887937	0.1179789091	0.0469777577	-0.1956206393	-0.0203277019	0.1259946088	0.0471208409	-0.0302835840069093	0.0163941759602011	0.0009170954603035	0.000268769005414	0.0243758847790047	-0.0163912062662063	0.0002686716428613	0.0005941837587593	0.028424732371775	0.018717271046981	0.0003503362354461	0.000807965410407	0.0008306535085653	0.0008465917609496	6.899852512918429e-07	7.167176097078868e-07	0.0008133436838826	-0.0006951628639021	6.615279481117188e-07	4.832514073487085e-07	-0.0003773381220133	0.0003681501510671	1.3553453373072858e-07	1.4238405832452406e-07	0.0	0.0	0.0	0.0	0.0	0.0	0.0	0.0	0.0	0.0	0.0	0.0
879.8634138827806	1.8222923376785047	3.3207493639617893	774159.6270894613	1010.3703642054968	4.755406537737144	1020848.2728647484	22.613891339153174	849.038701163398	0.2472497092353478	720866.7160732298	0.061132418716964	874.8106045909764	661.8532898365638	1.295839	22.034714	0.2401512820132285	0.1370717587771319	0.0370359131	0.1152186085	-0.154815174	-0.0512246607	-0.0309166214	-0.0540019098	-0.0338715752	-0.1092378424	-0.0240352558	-0.0671842969	0.092965408	-0.0242833272	0.0352175144	0.0150400066	0.0915423369	0.1160731149	-0.1978807527	-0.0904165797	-0.1593235186	-0.049639063	-0.1629222164	0.0224115408	-0.010820934	0.0874410406	0.1355063779	0.1324790409	-0.0298738958	-0.1279378643	0.0793031342	0.0089818008	-0.1813038096	-0.1891429587	-0.168974849	-0.0240856339	0.0490180013	0.1360219886	-0.1501572913	0.1866604632	-0.0171987157	-0.0268555731	0.1166599191	-0.0659314813	0.0129516588	-0.0769149008	-0.0508122233	0.3574767923	0.020523103	-0.0518068817	0.177084512	-0.1779158712	0.0023019541	0.1312821931	-0.18408786	-0.0190283112	-0.0890372269	-0.0535086311	-0.0689754631	-0.0655886638	0.0330785423	0.1030202527	-0.4560119946	0.0703265145	0.1772024052	-0.1486597766	-0.0524981669	0.1602646278	0.2179837738	0.0175725468	0.2068055097	-0.1406050526	-0.0378137071	0.0876762873	0.2414266764	0.1223675745	0.0355847396	-0.0260113981664034	0.0042721858405058	0.0006765928345711	1.825157185581909e-05	-0.0739930681664873	-0.098368952945492	0.0096764509035924	0.0054749741366904	-0.0334172705843656	-0.0618420029561406	0.0038244333296273	0.0011167139733087	0.0011741318973188	0.0003434783887534	1.378585712301445e-06	1.1797740354070043e-07	0.0008120951973984	-1.2484864841999551e-06	6.594986096375463e-07	1.5587185012299653e-12	-0.0015459740521974	-0.0011686359301841	1.3657099373172569e-06	2.390035770067649e-06	0.0	0.0	0.0	0.0	0.0	0.0	0.0	0.0	0.0	0.0	0.0	0.0
879.7968361076039	-0.0665777751767109	0.0044326001474806	774042.47282495	1010.1090800258092	-0.26128417968755	1020320.3535505868	0.0682694225549959	850.0056218041314	0.966920640733406	722509.557098628	0.9349355254763002	875.139727846126	658.0276126973113	1.330623	22.62619	0.2786555098391803	0.1704903301794313	0.1020686129	0.0553324947	0.0292590695	-0.0396110344	-0.0425514333	0.148719591	0.0039553373	0.0470354302	-0.1896582229	0.0018769974	0.1344469986	-0.1290514284	0.0735736119	-0.0193650829	0.1721400261	0.1433381895	-0.1176734251	0.0677033449	-0.0095673008	-0.0912756432	-0.0623927114	-0.1956279917	-0.0757111411	0.1220421197	-0.0168161908	0.0633117172	0.2042554241	-0.1307043573	0.0939722454	-0.0446490744	0.1147991963	-0.0737253386	-0.1324156638	-0.1686564649	-0.0229338859	0.2254466731	0.050840037	-0.1074224406	-0.0971742231	-0.1713137733	-0.00914293	-0.0035670161	-0.0454936638	-0.1294168878	0.0651166385	0.2198593304	-0.027924703	-0.0065742409	-0.0906990332	-0.0295307403	-0.1278291995	-0.1684035	0.0795105061	-0.0648183925	-0.0707862219	-0.0132877211	-0.0816396661	-0.0314504617	-0.1738937629	0.0913157981	0.1233213481	-0.0347930148	-0.1223381446	0.0849811051	0.0045007278	0.056187817	0.182639802	0.0069683455	-0.3098776198	-0.0552224818	0.1435507908	0.1703557825	0.3082695326	0.1185609488	0.023839813	-0.0199394576761022	0.0060719404903012	0.000397581972417	3.686846131775918e-05	0.0693241499651264	0.1433172181316137	0.0205398250129845	0.0048058377683873	-0.0132079850964288	0.0202092854879368	0.0004084152199329	0.0001744508703074	5.1828307100227104e-05	-0.0011223035902185	2.6861734168754514e-09	1.2595653486174983e-06	0.0009889849124369	0.0001768897150384	9.780911570278227e-07	3.128997128640171e-08	-0.0006640260428679	0.0008819480093295	7.778322911602678e-07	4.409305856068021e-07	0.0	0.0	0.0	0.0	0.0	0.0	0.0	0.0	0.0	0.0	0.0	0.0
881.4048372327527	1.6080011251488031	2.5856676184798166	776874.4870972952	1010.3179870605468	0.2089070347375354	1020742.4349780752	0.0436421491628298	849.5367495218912	-0.4688722822401132	721712.6887882205	0.2198412170530524	875.0587422243099	666.3877239487557	1.052952	17.904623	0.1439362500882088	0.0706581371981865	0.0860383201	0.0691646261	-0.2053326358	-0.0306534208	-0.0099013599	0.0344068701	-0.1403611713	0.0814385349	0.0420973683	-0.0969965734	0.0488993645	-0.1820628957	0.1271388965	-0.050491074	0.136845681	0.1242914829	-0.0277345324	0.0004097307	-0.034823637	-0.0690298948	0.0680031674	0.1157157108	0.1378945006	0.1154942241	0.0112066094	-0.0298488628	0.0754658943	-0.0272728076	-0.1766306096	-0.0205526377	-0.0689584936	0.0155916812	0.0088248606	-0.1491208627	0.0754227414	0.0822936627	0.023705634	0.1620003257	-0.003545957	-0.0205711081	-0.0869111799	-0.1607520221	0.034695891	-0.0962991827	-0.0315537499	-0.0841990744	-0.1091032071	-0.0275818138	-0.0736730168	-0.0169637912	0.0057862677	0.0115231864	-0.0277276778	-0.1480314308	-0.0699164391	-0.0312640385	-0.1338883623	0.1063970612	-0.0645906836	0.019781041	-0.1093885895	0.0276983014	0.0390117055	0.0805151661	-0.1165830866	0.016931783	-0.0328073815	0.0244520609	-0.1541593974	-0.0078804269	-0.1123364144	0.130581674	0.2866240159	0.1145803187	0.0119549848	-0.0020940917040803	0.0178453659720219	4.385220065097934e-06	0.0003184570866753	0.0216788374749086	-0.0476453124902177	0.0022700758022905	0.0004699719942635	-0.0107253534141733	0.0024826316822554	6.1634600697387705e-06	0.0001150332058589	0.0006810731794767	0.0006292448723764	4.6386067580250123e-07	3.959491094120837e-07	0.0003778686653166	-0.0006111162471203	1.4278472822814865e-07	3.734630674943996e-07	-0.0003851283634904	0.0002788976793774	7.778391556215476e-08	1.483238563647937e-07	0.0	0.0	0.0	0.0	0.0	0.0	0.0	0.0	0.0	0.0	0.0	0.0
878.7537093434308	-2.651127889321856	7.028479085540159	772208.081684839	1014.0043638392856	3.686376778738804	1028204.8498851142	13.589373754824685	849.7685561180115	0.2318065961202364	722106.59896689	0.0537342980048504	875.2963543606787	665.6319761369195	1.293409	21.993393	0.0505307598616748	0.0392502253666598	0.0752869727	0.1369086255	0.1438377411	0.2279428156	0.0062285921	-0.0166925233	0.0961017662	0.0322987919	-0.0046099396	-0.1157652131	-0.03972517	0.0015739423	-0.152095285	0.1900806275	0.079220676	-0.1797671507	0.033400461	-0.0091449278	0.1573749376	-0.1035651548	0.0628360404	-0.1263284425	-0.0576360218	-0.0684306472	0.0387194401	0.0365816194	0.047617847	-0.0515225622	-0.1116946982	-0.0905223896	-0.0382798114	0.0875072019	-0.0518226566	-0.0220242354	-0.172769776	-0.0353568752	0.1067503043	-0.1193623742	0.1229527399	-0.1232792523	-0.0942028796	0.0913026614	-0.1239375635	0.0048168179	-0.0299864377	0.0071614038	0.0417079123	-0.0636692283	0.085969184	0.0009264762	-0.0004787673	-0.1220978435	0.198742374	0.0626443965	-0.0434036125	0.1771303249	-0.03681733	-0.1035352583	-0.194689403	-0.0262363871	0.012036148	0.0089272076	0.0846167091	0.0634810346	-0.1165144925	0.0380859837	-0.0391219915	-0.0900420514	-0.1673656225	-0.0517786039	-0.1207612192	0.1514971229	0.053511145	0.1104315261	-0.0	-0.0043768122786076	-0.0022827205745273	1.9156485722170256e-05	5.210813221370249e-06	0.02178339867109	0.0001045611961813	1.0933043746884602e-08	0.0004745164576636	-0.0145678652114753	-0.003842511797302	1.4764896912405048e-05	0.0002122226968197	-6.695374572798278e-05	-0.0007480269252046	4.482804067007372e-09	5.59544280831172e-07	0.0002400129788229	-0.0001378556864937	5.7606230003441846e-08	1.9004190298649305e-08	-0.0003849916493155	1.367141748999639e-07	1.869076561857792e-14	1.4821857004266898e-07	0.0	0.0	0.0	0.0	0.0	0.0	0.0	0.0	0.0	0.0	0.0	0.0
877.623001929913	-1.1307074135178254	1.2784992549841707	770222.1335164721	1005.5321347481864	-8.472229091099166	1011094.874011245	71.778665772067	848.5466684765286	-1.2218876414829083	720031.4485826157	1.4930094084086645	874.5880008343569	651.2992139225117	1.222098	20.780806	0.1251564310156939	0.0568879322094955	-0.0300112594	0.0728559864	-0.1462906383	0.1168161336	-0.0067518473	0.0009617393	0.0545341309	-0.0020368289	0.1281112657	-0.0474604985	-0.0764161449	0.0367613719	0.000404954	0.0508547941	0.0063231685	0.0334678725	0.0745460602	-0.0276584252	0.061373356	-0.0526383222	-0.0172623594	0.0340538837	-0.0297891551	-0.0782582737	0.0934428851	0.067683193	0.0158172647	-0.0065490622	0.2079844681	0.161226115	0.0072071074	0.2187970148	0.027090219	-0.0216139675	0.0476687993	-0.077632405	0.023825185	0.0411609692	0.0757160042	-0.0147244276	-0.0119678276	-0.0212901926	0.0647796254	0.145462972	-0.0770375642	0.0856613108	0.1960595876	0.1174431616	0.1456695954	0.0490862842	0.0142673244	0.0855778823	-0.0271520834	-0.0060831308	-0.020625149	0.0516503417	-0.150216715	0.0770044579	-0.0918941289	-0.0249817573	-0.0067928478	0.0426334821	0.0109731399	0.1228040386	-0.1636995506	0.0486706259	0.016034037	0.0483650776	-0.0327790037	-0.0610531796	-0.1090111662	-0.0812192536	0.1486096595	0.10612066	-0.0119549848	-0.0120404426787388	-0.0076636304001311	0.0001449722598999	5.873123090981508e-05	0.0599589329751637	0.0381755343040737	0.0014573714194015	0.0035950736435201	0.0203466078641696	0.0349144730756449	0.0012190204301499	0.0004139844515782	0.0004809807136824	0.0005479344594103	2.3134244693443085e-07	3.002321718093485e-07	-0.0001000925556471	-0.00034010553447	1.0018519695967811e-08	1.1567177457712437e-07	-0.000384975778479	1.5870836500044005e-08	2.51883451211129e-16	1.4820635001551205e-07	0.0	0.0	0.0	0.0	0.0	0.0	0.0	0.0	0.0	0.0	0.0	0.0
877.9388778960353	0.3158759661222348	0.0997776259736552	770776.6733213495	1005.3503885759626	-0.1817461722238249	1010729.4038098388	0.0330316711180122	847.6059551239014	-0.9407133526271992	718435.8551615011	0.8849416118111051	874.9452659056359	662.9620448404353	1.48297	25.216736	0.4165436607952644	0.197746809824373	0.0119195874	0.3238613802	0.0590202066	-0.1685540919	0.1129131004	-0.004699647	0.0954668808	-0.3452766761	-0.0122111282	0.0507721577	0.0667553732	-0.0757146726	0.0424823862	0.2390821517	-0.1597277647	-0.1018996599	-0.2784913069	-0.0107811074	-0.0129013203	-0.0654206781	-0.2324760988	-0.0361346668	0.1408006127	-0.0641003616	0.0907637062	0.1058763099	-0.1238293849	-0.0547193092	0.0068969063	-0.0406706433	0.2911518784	0.361525333	-0.0285422839	0.3031805602	-0.0275859049	0.1838455476	-0.0986782375	0.103753371	0.1013535996	-0.0946106183	0.1484374545	-0.1554738181	-0.0507837411	0.0588533325	-0.1041944082	0.0573636496	0.0563525787	-0.0404405081	0.3702308491	-0.3136413616	0.237380484	-0.043432728	-0.0220337926	0.2449145492	-0.1575978209	-0.1087927714	-0.1158730778	-0.1416212358	0.1266752766	0.0543677361	0.0533050862	0.0780611948	-0.1098346812	0.0642042122	-0.0689120284	-0.0664659809	0.1318803945	0.1335257742	0.1449282347	-0.025290494	-0.1172351625	-0.2441099283	-0.0522985002	0.1016540472	-0.023839813	-0.0506554797700573	-0.0386150370913185	0.0025659776307346	0.0014911210895639	-0.0602477987212353	-0.120206731696399	0.01444965834513	0.0036297972507544	-0.1327367607052423	-0.1530833685694119	0.0234345177325584	0.0176190476425207	-0.0008149071361055	-0.0012958878497879	6.64073640475668e-07	1.6793253192279071e-06	0.0002148529852461	0.0003149455408932	4.616180526916087e-08	9.91906937285103e-08	-0.0008669128565606	-0.0004819370780816	2.322633472298302e-07	7.515379008700594e-07	0.0	0.0	0.0	0.0	0.0	0.0	0.0	0.0	0.0	0.0	0.0	0.0
881.1290986702026	3.190220774167301	10.177508587928614	776388.4885233636	1009.9791768537248	4.628788277762169	1020057.9376781274	21.425680920348466	850.3992684682211	2.7933133443197	723178.9158112855	7.802599439554503	875.3057996454927	662.1400427009627	1.770376	30.103857	0.3471923629009003	0.1866146002809043	0.2265505028	-0.0868111704	0.0733365176	-0.0517517229	-0.1622986853	-0.0114171476	-0.1133032908	0.0921193603	-0.2357682606	0.0863870499	0.2488606497	-0.1425092099	-0.0089596757	-0.1152179785	0.2148938304	0.0788751896	-0.0485322171	-0.0670366604	-0.1784760303	0.2373988028	-0.1701287309	-0.2166747382	0.0206213421	-0.0948656157	-0.1095403061	-0.1180916434	0.0891667187	-0.1314548565	-0.1045284525	-0.2058161695	0.0835409445	0.0693883013	-0.1119920891	-0.1907831915	-0.0978956761	0.1329962466	-0.1745512943	-0.1566625332	-0.2479923642	-0.0179208045	0.0976284359	-0.006274818	-0.1682177992	-0.0136321754	-0.0303471136	0.0397339507	-0.2562287078	0.0890149522	0.0301552861	-0.0219261658	-0.0497006562	-0.1818647787	0.1415462629	-0.197561263	-0.0048671823	0.0154808066	-0.2862573649	-0.1318235279	0.0402549228	0.1405451509	-0.0568553423	0.1056408711	-0.1685658455	-0.0470931998	-0.0750616201	0.0377912787	-0.0111545124	-0.1811035825	-0.1317925126	0.1586434136	0.1361635942	-0.0850878874	-0.0932503708	0.0970382431	-0.0355847396	-0.0149605911404506	0.0356948886296067	0.0002238192872717	0.00127412507428	0.0831195713424648	0.1433673700637001	0.0205542027989819	0.006908863140155	-0.0224343348028384	0.1103024259024038	0.0121666251599553	0.0005032993780458	-0.0004930149778422	0.0003218921582633	2.430637683767449e-07	1.0361456155140545e-07	-8.891709068659104e-05	-0.0003037700759326	7.906249016167455e-09	9.227625903215289e-08	-0.0003360215246528	0.0005308913319078	2.818456062948379e-07	1.1291046502999227e-07	1.0	0.0	0.0	0.0	0.0	0.0	0.0	0.0	0.0	0.0	0.0	0.0
878.9461931095689	-2.182905560633685	4.765076686645463	772546.4103818035	1007.3155249023438	-2.6636519513809844	1014684.5667092844	7.095041718095726	849.1783143149482	-1.220954153272828	721103.8095027771	1.4907290443941683	874.5265380544761	663.4331957424826	1.372521	23.33864	0.1696173452314165	0.1030451311293507	-0.0007572929	0.0883023017	-0.120687053	-0.0297838786	0.0647589704	-0.1586950857	-0.1707262784	0.0171646724	0.1154888623	-0.0797056314	0.0569166792	-0.0393253237	-0.0820687518	-0.0979336149	0.0615553816	0.0808907841	-0.0433395975	-0.0214170684	-0.0566059784	0.0649445249	0.0728652018	0.1024889632	0.2476674819	-0.1153989078	-0.002616278	-0.127970184	0.0711985914	0.1555368795	0.0338957865	0.0720479519	-0.0629663562	0.0573807686	0.0440975756	-0.0638256089	0.0468466809	0.0008307916	-0.0727722607	0.1354107664	0.0286629338	0.129358686	-0.0355586738	-0.0129015951	-0.0914188699	0.0290919944	-0.0546123706	-0.0550145824	-0.1250353617	0.1980701135	-0.0682859551	-0.0247374347	0.1633589883	-0.0348013072	-0.059070448	-0.1192721092	-0.0907456712	-0.0045115263	-0.0438716085	0.0830459099	-0.0758813102	-0.1844953876	-0.0097775892	0.1488799658	0.0186789131	0.1759611734	0.0111858246	-0.0488414138	-0.1547328491	0.1657688764	0.0407067933	0.2848579638	-0.1355467489	0.1606850311	0.0477338893	0.092280022	-0.0471208409	0.0024792152992034	0.017439806439654	6.146508499804204e-06	0.0003041468486525	-0.0130726686205377	-0.0961922399630025	0.0092529470290998	0.0001708946648623	-0.0059765011730235	0.0164578336298149	0.0002708602877866	3.571856627115128e-05	-6.305018280000513e-05	0.0004299647950421	3.975325551114062e-09	1.8486972497567665e-07	-0.0003784918845766	-0.00028957479389	1.4325610669034634e-07	8.385356125644118e-08	-0.0002650118096061	7.100971504669999e-05	5.042379631013531e-09	7.02312592306998e-08	0.0	0.0	0.0	0.0	0.0	0.0	0.0	0.0	0.0	0.0	0.0	0.0
878.5665139752848	-0.3796791342840606	0.1441562450106937	771879.1194786843	1013.277400163923	5.961875261579166	1026731.0896829588	35.54395663462965	849.5859271155464	0.4076128005981445	721796.2475527825	0.1661481952114627	875.8339152857201	654.8824200416401	1.295748	22.033167	0.2132536989265978	0.12621468071936	0.0381693663	0.1223047757	0.1374243749	-0.1336792467	0.2282972161	0.1199028335	-0.1346794538	-0.0786082562	-0.1657122452	-0.1512825942	-0.1083911382	-0.0339017643	0.0177895186	0.0280080708	0.0273607951	-0.1510610118	-0.0097176713	0.2990712783	-0.083828615	-0.0928788314	0.1193200736	-0.170655799	0.1937286599	0.0420268224	0.1817814105	-0.082650232	-0.0705530042	0.2601535776	0.1876077677	0.0541797168	0.0491072838	-0.1241998094	0.1423313364	0.0664735604	-0.1820011508	0.0831275855	0.2707985255	0.0785834381	-0.0539780292	0.0116931658	0.0207019739	-0.1356861093	-0.249192	0.0369880146	-0.0100606311	-0.1164481435	0.2169523521	0.1557647765	-0.209912995	0.0019417007	0.1848305835	-0.3428262844	0.0006280384	0.0901326523	-0.2836894705	-0.0775183797	0.200522768	0.004380756	-0.0212438656	-0.3167712706	-0.0836948568	0.007021108	-0.0259068994	0.0197588143	0.0927710977	-0.1163467113	0.1319046183	0.2012888365	0.1988460981	0.2856134746	0.0040511821	0.2277373144	-0.0444740608	0.0873863672	-0.0583804184	-0.020607727513962	-0.0230869428131654	0.0004246784332897	0.0005330069284583	-0.036448429206942	-0.0233757605864043	0.0005464261829928	0.0013284879916534	0.0242457808049749	0.0302222819779984	0.0009133863279576	0.0005878578868428	-0.0020691669853495	-0.0020061168025494	4.281452013260337e-06	4.024504625471409e-06	-0.0010516729608764	-0.0006731810762997	1.1060160166385338e-06	4.531727614881571e-07	-0.0003170882017374	-5.20763921313e-05	2.7119506174129246e-09	1.0054492768105809e-07	0.0	0.0	0.0	0.0	0.0	0.0	0.0	0.0	0.0	0.0	0.0	0.0
880.895644007509	2.329130032224157	5.424846707008502	775977.135631404	1012.8408684866768	-0.4365316772461938	1025846.6248768456	0.1905599052393751	850.725699265798	1.1397721502515878	723734.215391281	1.2990805544891282	876.7033270137827	658.8662134806315	1.514671	25.755783	0.3418752581638883	0.1704565648169843	-0.0138322416	0.0791521359	0.1462105438	0.2561972074	-0.0982519115	0.11671587	-0.1944455031	0.0817585781	0.0170417704	0.0771722471	-0.165054833	-0.3028017977	-0.1394872184	0.0860215639	0.1301533403	-0.1045496657	0.0818303931	-0.0279801541	0.0292724948	-0.1073613478	-0.1160090374	-0.1326323521	-0.1847492017	0.007050928	0.2337357777	-0.0317689196	-0.0998970739	-0.1487887861	-0.0612502235	0.0454945693	-0.1083413049	0.0147828691	0.0364388965	-0.0864746908	-0.1199328229	-0.0965487955	0.0713951688	-0.0743425589	0.0575808706	-0.2985929097	0.0802357912	-0.0224999766	-0.0309142844	-0.0777006518	-0.107195151	0.0596810492	0.096379955	0.0379320962	0.1235536365	0.1427508506	-0.0160001754	-0.0015094323	0.0420618602	0.0373824887	-0.1760980309	0.1978627863	-0.1533648143	-0.2526073428	-0.026469701	0.0319621808	0.0142910057	0.1218642874	-0.0459040155	-0.0688190502	-0.1710519069	-0.0156817758	0.0393651779	0.057880946	-0.0279752319	-0.1087533507	0.1429947017	-0.1654099872	-0.1825204929	0.0823644609	-0.0692973963	0.0108699822123412	0.0314777097263032	0.0001181565132966	0.0009908462096134	0.1016595527726451	0.1381079819795871	0.0190738146864739	0.0103346646699342	0.068779879574663	0.0445340987696881	0.0019832859532283	0.0047306718343051	-0.0002508518042004	0.001818315181149	6.292662767059584e-08	3.3062700979972837e-06	-0.0012290327803756	-0.0001773598194992	1.5105215752377778e-06	3.1456505572788825e-08	0.0002423461513805	0.0005594343531179	3.129667954484432e-07	5.873165708894021e-08	0.0	1.0	0.0	0.0	0.0	0.0	0.0	0.0	0.0	0.0	0.0	0.0
877.0724933884738	-3.8231506190351183	14.616480655828608	769256.1586586745	1007.9252535574776	-4.915614929199137	1015913.3167589057	24.16327013216544	849.2409262127346	-1.4847730530633498	721210.1507546634	2.2045510191030613	875.9280707762414	665.9002657289858	1.409787	23.972311	0.2177431855452844	0.1094413665758117	0.0122244931	-0.1572886212	-0.1311439119	0.1287247546	0.1987753665	0.1000339387	0.0704986046	0.1285278713	-0.0296464812	0.0584198615	-0.0329486526	0.0537419279	-0.0393941424	-0.0075170505	0.0233831169	0.0234771816	0.1745323151	0.1177703643	0.081764347	-0.1080950847	-0.153838107	0.0729923071	-0.0509911257	-0.0420326999	0.0804026448	-0.0990283382	-0.002110881	0.1453977946	0.084956118	-0.1191106864	-0.0007580894	-0.0784164893	-0.1263728694	-0.0910392837	0.0356088072	-0.1170236114	0.0925978823	-0.0970307548	0.0870551787	0.0521578032	0.186079526	-0.0777276398	0.0419876337	0.1120634625	-0.001978751	-0.0522471545	0.0897152913	0.1382294414	0.0081353402	0.2167058469	0.0963411719	-0.0335451119	-0.0520666843	0.0581253391	-0.0691580963	-0.1060842066	-0.0159329332	0.0061799354	-0.1679393771	-0.201662397	-0.1476920147	-0.0240436557	-0.0684878045	0.0809413903	0.0180132241	0.0213995591	-0.0579828764	-0.0887170204	0.0405487764	-0.1016866848	0.0577743838	-0.1343933782	-0.0419333529	0.0772216734	-0.0798077096	0.0474592771486896	0.0365892949363484	0.0022523829874761	0.001338776503939	0.0117119513372045	-0.0899476014354406	0.0080905710039888	0.000137169804125	0.1058357314379634	0.0370558518633004	0.0013731361573148	0.0112012020490087	0.0002749152492517	0.0005257670534521	7.557839427112433e-08	2.764309944957035e-07	-0.001459920011253	-0.0002308872308774	2.13136643925696e-06	5.3308913382233835e-08	0.0005687006132549	0.0003263544618744	1.0650723478532921e-07	3.2342038751649935e-07	0.0	0.0	0.0	0.0	0.0	0.0	0.0	0.0	0.0	0.0	0.0	0.0
876.3856092339174	-0.6868841545564237	0.4718098417806929	768051.7360723047	1003.0127971976144	-4.912456359863199	1006034.6713421828	24.1322274875604	848.0220703548855	-1.218855857849121	719141.4318089864	1.4856096022131169	873.6317112401589	639.2871424282736	1.144881	19.467793	0.0629903467852719	0.0359525136582618	-0.1423885545	-0.0868258437	-0.025394482	0.0058470566	-0.0894714648	0.0836758529	-0.1421662508	0.1472798397	0.073009562	0.1613046111	-0.130935295	-0.0776586296	0.0725757394	0.0111977848	-0.0378849208	0.2374019652	0.1128117773	-0.032908979	0.0292975971	-0.1543928017	-0.1804192716	-0.0943583049	-0.0695079566	-0.0301032615	0.1931283567	-0.1625890677	-0.1020714198	0.0417812286	-0.0050461349	-0.098551427	-0.0636373793	-0.0532889258	-0.0629170356	-0.1164003585	0.2756496657	-0.0717994362	0.0263851174	-0.0752884189	0.003380971	-0.1703057629	0.0911673969	-0.0849507467	-0.0037160209	-0.0896625685	-9.8969e-05	-0.0082759013	0.0543805442	0.1256479159	0.0388288086	0.2109731972	0.0748791355	-0.00547118	-0.0916438438	0.0307892403	-0.1355583016	0.0693695271	0.065147598	-0.0654896445	0.0452095009	-0.0745493845	-0.1067240207	0.0068709047	-0.2004210469	-0.0979059058	-0.1589897907	-0.1220238749	0.0784456632	-0.1594596231	0.0845868474	-0.0461052619	0.1767490902	-0.142694972	0.1670154034	0.0719655524	-0.0898496795	0.0473027539767372	-0.0001565231719524	0.0022375505337837	2.4499503358041328e-08	0.0280866337006386	0.016374682363434	0.0002681302225033	0.0007888589926338	0.1232161587099938	0.0173804272720304	0.0003020792521583	0.0151822217672463	-0.0001240634156669	-0.0003989786649186	1.5391731106938012e-08	1.591839750602285e-07	-0.0013535395099453	0.0001063805013077	1.8320692049829624e-06	1.1316811058477582e-08	0.0006449157265857	7.621511333079996e-05	5.808743500026682e-09	4.159162943975613e-07	0.0	0.0	0.0	0.0	0.0	0.0	0.0	0.0	0.0	0.0	0.0	0.0
880.7640787890946	4.378469555177162	19.170995645613296	775745.3624852024	1006.7053747122628	3.6925775146484057	1013455.7114745576	13.635128701686996	848.9723602930704	0.9502899381849376	720754.068541587	0.9030509666155324	874.3034305297223	663.1153447930111	1.219095	20.729752	0.2009123853206215	0.1044196826949059	0.0118064316	0.0101333873	-0.1621350651	0.1670323639	0.049968267	0.1016231935	0.0772968003	0.1429899275	0.0559135469	-0.020530656	0.1361990232	0.0915749786	0.0493702434	0.1105339056	0.0529931858	0.2270813122	0.0521504495	0.0007678065	0.1865306278	0.0164721516	0.0524710267	-0.0480801821	0.175429669	0.1938132672	-0.1504357252	-0.0906347948	0.0850610861	0.0638409433	0.1379349371	-0.0023661401	-0.1057544073	0.3701965759	-0.0715180923	-0.1388720099	0.1385862118	0.0917194118	0.0019512391	-0.1071188079	0.1187863867	0.1088514941	-0.0687248536	-0.0499779348	-0.1245526579	0.0346841896	0.2825181078	-0.1053076205	0.0077356618	0.1328818074	0.1067302431	0.0765770881	-0.0621680039	-0.1074613741	-0.1021898653	-0.0595437055	-0.0960939053	0.0385618871	0.0068679952	0.095758145	-0.0461191282	-0.1145686373	0.0191092647	-0.1108203398	0.1649696291	0.0455105242	0.0791050108	0.2879617317	0.062545888	-0.0614906792	0.1258803759	-0.0301352603	0.2455005849	-0.0078894353	-0.0334457299	0.066603812	-0.0993643757	-0.0167417847270883	-0.0640445387038255	0.0002802873558481	0.0041017029377858	0.0280744184061632	-1.2215294475398377e-05	1.4921341912069807e-10	0.0007881729688443	0.0851297193304532	-0.0380864393795406	0.0014505768646114	0.0072470691132817	0.0002369513594115	0.0003610147750784	5.6145946726957856e-08	1.3033166782490777e-07	-0.0005580200478487	0.0007955194620965	3.113863738010655e-07	6.328512145744636e-07	-0.0001739338750949	-0.0008188496016806	6.705146701724772e-07	3.0252992905528285e-08	0.0	0.0	0.0	0.0	0.0	0.0	0.0	0.0	0.0	0.0	0.0	0.0
879.2231547053058	-1.5409240837888092	2.374447032000381	773033.3557699501	1009.2961102294922	2.5907355172294046	1018678.6381243832	6.711910520233911	849.3088334401449	0.3364731470744573	721325.4945594597	0.1132141787021893	875.1179813188376	661.986663253219	1.143377	19.442219	0.0787877411457952	0.0411012990935548	0.0678881035	-0.0484627025	-0.0130900518	0.0362051229	-0.0172832277	-0.0480355137	-0.1424301564	0.0480761709	0.1114325427	-0.0820691882	-0.1787289537	-0.0789184675	0.1234024288	0.0314320305	0.0519498202	0.0452563452	0.0880326539	0.010604351	-0.1922016633	-0.1502585139	0.0636215466	-0.0195555889	-0.0511274707	0.1267174883	-0.0637527074	-0.1493815112	0.0214187424	0.0270679957	-0.0904242732	0.1699612278	0.0658663073	0.0890340449	-0.1604028742	-0.0606007465	0.0818373887	-0.1117852448	0.0686747207	0.2031906469	-0.0743943709	-0.1507447982	0.0162872405	-0.0251879177	0.0261627764	-0.0030739104	0.0582897547	-0.0704671699	0.0151679223	-0.0074106754	0.083509598	0.1071249794	-0.0098384003	0.0169313635	-0.0933625833	-0.1441355859	-0.0188263027	0.0760670237	0.1353186048	-0.0919100512	0.12912023	-0.0261539776	-0.0051925546	0.0155703388	-0.0838222545	0.0444919105	-0.0057501155	0.0817516378	-0.0343095374	-0.013202683	-0.0927532624	-0.1388360908	0.0335244658	0.0005153484	-0.0168700043	0.0611443214	-0.1082959623	0.004612119266838	0.0213539039939263	2.1271644131538293e-05	0.0004559892157818	0.0281673203305956	9.290192443239809e-05	8.630767563243005e-09	0.0007933979346063	0.1081831205002998	0.0230534011698465	0.0005314593054978	0.0117035875611823	0.0008729475544934	0.0006359961950819	7.620374328960076e-07	4.044911601586542e-07	-0.0006070755358977	-4.905548804899997e-05	3.685407062854797e-07	2.406440907725579e-09	-0.000173234877074	6.989980209000119e-07	4.885982332221335e-13	3.0010322634843894e-08	0.0	0.0	0.0	0.0	0.0	0.0	0.0	0.0	0.0	0.0	0.0	0.0
880.2727673148878	1.0496126095820273	1.1016866301935933	774880.1448762106	1005.6919979531424	-3.604112276349838	1011416.3947469832	12.98962530053561	850.9675106472439	1.6586772070990037	724145.7041771672	2.751210077349751	876.5057111445161	669.5324911299737	1.175954	19.996176	0.1428889637552099	0.0687124297298662	-0.0063713479	-0.1033631715	-0.1520414042	0.152195081	0.0328225068	0.0353698674	0.0428240699	0.1915678167	0.0248880597	-0.0310771427	0.0570040582	0.06391682	-0.0458709161	-0.060250456	0.1472631212	-0.0357305646	0.2121222715	-0.0359079983	0.2107259326	0.0003343791	-0.0121717681	0.0663251945	0.0110482935	0.0451257024	-0.0646799612	-0.0427811013	-0.0996472998	0.1079664973	0.0084445756	0.0924686495	0.1801895099	-0.0254290212	0.0908386335	-0.182934663	-0.0697921797	-0.1325451657	0.0181392024	-0.1329115218	0.1277336427	0.1054624636	0.0282240857	-0.0394588024	-0.008183894	0.0541934342	0.1308803546	-0.0787721652	0.2389996062	-0.0246844485	-0.1292941196	0.1720211331	-0.039208055	-0.0401565474	-0.0308970571	-0.0300549601	-0.0942395056	-0.0383881846	-0.0386982486	0.099800063	-0.0830245784	-0.0917388404	-0.0343452193	-0.1143226517	0.0626266621	-0.0213647204	0.059693543	0.3101221283	0.0200938817	-0.1166012396	-0.0280011231	-0.0909605601	-0.097739279	-0.0224874549	-0.1932115606	0.055595093	-0.1165920251	0.0244356260114955	0.0198235067446575	0.0005970998185736	0.0003929714196554	0.0475155702650624	0.0193482499344668	0.0003743547755265	0.002257729417614	0.0853183700712492	-0.0228647504290505	0.0005227968121827	0.0072792242716146	0.0009438669726976	7.091941820420002e-05	8.90884862149332e-07	5.029563878422217e-09	-0.001486768478202	-0.0008796929423043	2.210480507775091e-06	7.738596727399964e-07	0.0004932018953582	0.0006664367724322	4.441379716498479e-07	2.432481095849209e-07	0.0	0.0	0.0	0.0	0.0	0.0	0.0	0.0	0.0	0.0	0.0	0.0
874.4514374909468	-5.821329823941028	33.88788091910528	764665.3165299832	1005.6860923985072	-0.0059055546352055	1011404.5164437788	3.487557554939823e-05	847.1272270414564	-3.840283605787477	717624.5387949472	14.747778172880064	873.7441674301305	663.9046622307909	1.562785	26.573927	0.093499422951877	0.0602246746909864	-0.037578989	-0.1188858157	-0.0846134646	-0.0649351889	0.1899382622	-0.2006805059	0.0324681507	-0.0504206609	0.233947689	-0.1039940554	-0.2431588126	0.0041193389	0.0811656873	-0.0972857631	-0.2177494898	-0.0111791104	0.1507921173	-0.013358484	-0.1733546208	-0.2404629372	-0.036611652	0.1784338706	-0.0440368602	0.0746717499	-0.007051323	-0.2635584899	0.039191431	0.0009701832	0.1367033274	-0.0460878354	0.1141962225	-0.1333517249	-0.1690678995	0.1235652898	0.1913815828	-0.2437220675	0.0574615713	0.2491198029	0.0515320591	-0.0776331324	0.1491156049	0.0583290528	0.0776909483	-0.0877768079	0.1162590417	0.0313640419	0.0069955101	0.1747636563	-0.0893207226	0.1547605259	0.1467020405	0.1625343139	-0.2311875636	-0.1655178284	0.0682831975	-0.0165746571	0.2159799554	-0.0369685137	0.1203254104	-0.0236269616	0.1156526234	0.0479006424	-0.2959919896	0.1662765246	-0.0531456127	-0.0113236877	-0.1294040344	0.036596991	-0.0054826985	-0.2140314233	0.0956256653	0.0358436618	-0.0310861842	0.0499642712	-0.1242038795	0.0255797452068264	0.0011441191953308	0.0006543233648461	1.3090087331246255e-06	0.0697211611284416	0.0222055908633791	0.0004930882655917	0.0048610403090981	0.1425344908112862	0.0572161207400369	0.0032736844725384	0.0203160810708326	0.0010839010417703	0.0001400340690727	1.1748414683507418e-06	1.960954050105773e-08	-0.0016047373448178	-0.0001179688666157	2.5751819458528825e-06	1.3916653490616396e-08	0.0004938708027323	6.689073741000112e-07	4.4743707512537243e-13	2.439083697914464e-07	0.0	0.0	1.0	0.0	0.0	0.0	0.0	0.0	0.0	0.0	0.0	0.0
871.2304063694339	-3.2210311215128518	10.375041485754338	759042.420982649	993.54493913923	-12.14115325927719	987131.5460891762	147.4076024652571	844.2998230722216	-2.827403969234865	712842.1912397846	7.99421320524507	871.4900390939614	642.8371911597299	1.967513	33.456001	0.8129893005324098	0.4247704565914139	-0.2363308042	0.4109817775	0.0580213667	-0.2210616547	0.0934718429	-0.1653353605	0.1161378334	-0.6436608843	0.2580019557	0.2136628157	0.1569151755	-0.1817552657	-0.0321647659	0.1380486954	-0.4432087529	-0.0767156693	-0.3900463855	-0.1614797693	-0.1382466997	-0.1872998248	-0.2863174563	0.0213219983	0.0517606495	-0.0739095099	-0.1297617827	-0.2048959802	-0.0269469898	0.0275132558	-0.0666242154	0.1299215395	-0.1367530045	0.0186834667	0.1043752519	0.5275555447	0.0615999851	0.1891889677	-0.3479228192	-0.016579162	0.2063748024	-0.2116733179	0.281650252	-0.022485038	-0.0961405808	0.0454917575	0.112390834	-0.0734281365	0.007998008	0.0768015541	-0.2738456728	-0.4984198511	0.3599178181	0.1415950754	-0.2415584442	0.1747262531	0.0784919237	0.1014980083	-0.0207512394	-0.1226956186	-0.0392325717	0.0876672884	0.1642739781	-0.1020877328	-0.2162086241	-0.0331509273	0.0471948649	0.1995193762	-0.086136921	-0.0944817332	-0.1191239594	-0.0834612136	0.0797511287	0.209110024	-0.0643371992	0.0442601199	-0.1310868562	-0.0653254091938606	-0.090905154400687	0.0042674090863453	0.0082637470966127	-0.1379556418169443	-0.2076768029453859	0.0431296544816166	0.019031759109125	-0.1778101376130507	-0.3203446284243368	0.1026206809603264	0.031616445037972	0.0011058482937633	2.1947251992999843e-05	1.2229004488192017e-06	4.816818700442354e-10	0.0006073634587773	0.0022121008035951	3.6889037105792497e-07	4.893389965266087e-06	-0.0011533354369196	-0.0016472062396519	2.7132883959481524e-06	1.3301826300545249e-06	0.0	0.0	0.0	1.0	0.0	0.0	0.0	0.0	0.0	0.0	0.0	0.0
880.513668381405	9.283262011971033	86.17895358290447	775304.3202064788	1012.520476335798	18.975537196567984	1025197.7149992712	360.07101189833514	850.8033888075087	6.503565735287111	723866.4064063408	42.29636727320058	877.7680641882198	660.4481358518842	2.370241	40.304085	0.6725146412438896	0.3555437266050404	0.1611544917	-0.1158080649	0.0792502185	-0.2115151346	0.0007770199	0.2050780231	-0.0601011294	-0.0054097544	-0.5223203059	0.1684349008	0.2981289917	0.0108364002	0.0502464185	-0.0270389231	0.1564685388	0.0293054811	-0.059430138	0.2113225729	0.0393091404	0.2516363834	-0.1859201578	-0.165872519	0.0626252553	-0.0398811089	0.1303163631	0.0492864963	0.0687394126	-0.1462986046	-0.0269853928	0.0854263464	0.0067653101	-0.0946830492	0.0287944173	-0.1150332242	-0.1588796495	0.239830099	0.0423252297	-0.271273663	-0.2055185534	0.0772824432	0.1637093626	-0.1274350766	-0.0705933975	-0.1420487171	-0.1613982295	0.1004780316	-0.1150390042	0.0481350417	-0.1214751695	-0.0351779276	-0.1248337187	-0.31733597	0.1236583375	-0.0927868152	-0.0309431707	-0.1920736918	-0.0918786979	-0.0402981981	0.0017113372	0.2876516042	-0.0264254667	0.1030664243	-0.1480014306	-0.1548584569	0.1340765825	0.1227093835	-0.0268228886	-0.0423402301	0.1529058113	-0.0117294362	0.0365491881	-0.0388988934	-0.1949232357	0.0384910108	-0.1372005631	0.010373316220253	0.0756987254141136	0.0001076056894053	0.0057302970293213	0.1060176508627819	0.2439732926797262	0.0595229675409873	0.0112397422944627	0.0286923507479031	0.2065024883609538	0.0426432776992658	0.0008232509914406	4.977771656617877e-05	-0.0010560705771971	2.477821066542828e-09	1.1152850640214606e-06	-0.0007240151372025	-0.0013313785959798	5.241979188983548e-07	1.7725689658331437e-06	-0.0006139819143146	0.000539353522605	2.9090222234642224e-07	3.769737911054209e-07	0.0	0.0	0.0	0.0	1.0	0.0	0.0	0.0	0.0	0.0	0.0	0.0
877.2435887519706	-3.270079629434349	10.69342078284149	769556.3140064365	1004.8545959036692	-7.665880432128802	1009732.7589087264	58.76572279969526	848.6436139212715	-2.1597748862371877	720195.983449356	4.664627559220855	874.2239613326554	658.9496639021191	1.542914	26.23604	0.1938740198466217	0.1136426989098471	-0.0436113276	0.0252776831	0.0682823489	0.0469029589	0.022045602	-0.2394994997	-0.0499924397	-0.0633202451	0.1216441292	-0.0316870339	-0.0630570706	-0.0699299553	-0.0754194834	-0.1724041903	-0.0573589427	-0.0392134757	-0.0025874705	-0.1071568918	-0.0429560466	-0.0388131587	0.1810229363	-0.0124809106	0.1143826614	-0.0498822802	0.0745391286	-0.0169389436	0.1025460065	-0.0914030962	-0.0364197737	0.11984176	-0.1019113313	0.0768894741	-0.0073401057	0.0581552959	0.0350396088	-0.1037883886	-0.0596533697	0.0652962309	0.0145253772	-0.0246140265	-0.142243397	0.0175004585	-0.1149466079	-0.0955205646	-0.1083688536	-0.0016487424	-0.1646066822	0.0491863038	0.0284407152	-0.0123869536	0.0958655693	0.0321991471	-0.0382427637	-0.0904842231	0.0547288435	0.1896878607	0.0227375448	0.0376141792	0.0183018434	-0.0112350932	0.0596200683	0.084387261	0.0594097849	0.0509023395	0.1680590725	0.0613682254	-0.049635672	0.1098992575	-0.014836188	0.050046968	0.0913963735	0.0063323278	-0.031441701	0.0326654109	-0.1425091225	0.0106920935845522	0.0003187773642991	0.0001143208652208	1.0161900798954452e-07	0.0045862314301103	-0.1014314194326716	0.0102883328481265	2.103351873053157e-05	0.044886869246028	0.0161945184981249	0.0002622624293861	0.00201483103071	0.0007989148743249	0.0007491371577587	6.382649764175707e-07	5.612064811348152e-07	-0.0010430656980893	-0.0003190505608868	1.0879860505305188e-06	1.0179326040218173e-07	-0.0001635835419296	0.000450398372385	2.028586938470572e-07	2.67595751902332e-08	0.0	0.0	0.0	0.0	0.0	1.0	0.0	0.0	0.0	0.0	0.0	0.0
875.242745260716	-2.0008434912546136	4.003374676495951	766049.8631315146	1011.929312133789	7.074716230119861	1024000.9327555634	50.05160973672138	848.1234276029799	-0.5201863182916213	719313.348449027	0.2705938057377919	874.9392316365979	647.9294825697039	1.221637	20.772968	0.0926319097958384	0.0506807413583843	-0.0140711503	-0.0716436526	0.1780297067	-0.1282397425	0.0596795987	0.0535874823	0.0106817361	-0.0711355026	-0.2230970113	0.0775409492	-0.1270957571	0.0645225919	-0.0069725929	-0.0457936332	-0.0790945728	-0.0693306868	0.0662853678	0.1152222166	-0.0739519584	0.1373776459	0.0513451353	-0.1201679711	-0.0895168385	0.0186695001	-0.0045339245	0.0448149249	0.0819617223	-0.1275541153	-0.0899823353	0.1510014231	0.0455216235	0.0802837486	-0.0817593714	0.1077195899	-0.0674429631	-0.0133240446	0.115901456	-0.1417504864	-0.1906799418	0.0019286637	0.010456802	0.0414413003	-0.0578516607	0.0081483346	-0.0534629165	0.0445570172	0.0282503291	-0.0438338888	0.0346035194	0.0136476327	-0.0025429495	-0.191085501	0.0962457796	0.0747336346	0.0662771478	0.0358594637	0.0602909582	0.0167001439	0.035112982	0.0956284467	-0.0335518789	0.0248340204	-0.051390455	-0.0464245878	0.3031634212	0.0157115909	-0.0773867545	0.0147694322	0.1350583888	-0.165405964	-0.0781559962	-0.0887471844	0.0752256546	0.0267918699	-0.1469813818	-0.0079925790893042	-0.0186846726738564	6.388132049878277e-05	0.0003491169929291	0.0076788572135058	0.0030926257833954	9.564334236122629e-06	5.896484810541006e-05	0.0690817056212296	0.0241948363752016	0.0005853901072227	0.0047722820515382	0.0002938796326565	-0.0005050352416684	8.636523849031936e-08	2.550605953270592e-07	-0.001471026072676	-0.0004279603745867	2.163917706492577e-06	1.8315008221638857e-07	-0.0001637834249422	-1.998830126000129e-07	3.995321872605692e-14	2.682501028579726e-08	0.0	0.0	0.0	0.0	0.0	0.0	0.0	0.0	0.0	0.0	0.0	0.0
876.8759107631344	1.633165502418365	2.6672295582894296	768911.3628766764	1001.1312004961286	-10.79811163766044	1002263.6806068196	116.59921493937784	849.0570095909966	0.9335819880167264	720897.8055356056	0.8715753283492631	873.8477980466233	643.2335034048813	1.187016	20.184273	0.0966237070450374	0.0487651290783238	-0.174859803	-0.0409811999	-0.0253650631	-0.0790898341	-0.1275792493	-0.1773140113	-0.0140327326	0.0548100921	0.1196357907	0.0803769565	0.0202321737	0.0225133149	0.008958087	-0.1863161838	-0.0097946292	0.0451145721	0.0742934389	-0.1348874477	-0.0103594782	-0.0145615563	0.1562334454	0.0472963823	0.1530609652	-0.0921228855	0.0800735051	0.0597642689	-0.005342987	-0.1165851302	0.0607765658	0.230030173	0.0612915491	-0.1225017269	-0.0192446515	-0.0393511637	0.0808690069	-0.1055627053	-0.129309716	0.0305738192	0.0060532817	0.0523554163	-0.1446972523	-0.0228731482	-0.1318417057	0.0284791746	-0.1505456773	0.0513376185	0.0151760597	-0.0141250566	-0.1418627016	0.0736642719	0.1139609284	0.0357997114	-0.0243541647	-0.0777332472	0.0627011236	0.0913260818	0.0467167545	0.1255292397	0.0484739955	0.0366236785	0.1069525462	-0.0141467114	-0.0317525695	-0.0075476516	0.0276968892	0.0866357645	-0.0131119308	0.120217996	0.0303876382	0.0698096924	-0.1058107727	-0.1626302273	0.0396065522	0.0208790082	-0.1505910958	0.0151516536872406	0.0231442327765448	0.000229572609458	0.0005356555108148	0.0294134657951588	0.021734608581653	0.0004723932101976	0.0008651519700829	0.0700765682783242	0.0009948626570946	9.89751706481328e-07	0.0049107254216666	0.0004078031401152	0.0001139235074587	1.663034010878175e-07	1.2978565551692486e-08	-0.0018869342570699	-0.0004159081843938	3.5605208905039357e-06	1.7297961784583026e-07	0.0003213849438001	0.0004851683687423	2.3538834602806443e-07	1.0328828210139345e-07	0.0	0.0	0.0	0.0	0.0	0.0	0.0	0.0	0.0	0.0	0.0	0.0
877.5420233836011	0.6661126204667198	0.4437060231450403	770080.0028041847	1012.2771761648996	11.14597566877103	1024705.0813843831	124.2327736088358	848.0477831098768	-1.0092264811197538	719185.0424375767	1.0185380901933607	875.1149190057184	660.0259017349451	1.206719	20.519306	0.0794649843444491	0.0391818369642291	0.0288550493	-0.0867469342	0.1454173864	-0.0195962259	0.1048407816	0.1393728837	-0.03860659	-0.0322270125	-0.2019362017	-0.0526423809	-0.1407021438	0.0955219474	0.0897523781	0.0316584817	-0.0762470343	0.0441522197	0.0792757827	0.2094310578	-0.0115669533	0.1226561843	0.1966555865	-0.0337265606	-0.1647249411	-0.0023445743	0.002613145	-0.0419062038	0.065328057	-0.2026787367	0.0331797383	0.0520831817	0.0270113491	-0.0973669311	0.0185932853	0.0554392742	0.0364226964	0.0415491718	0.2144355381	-0.0500543819	-0.1676246222	0.0827162259	-0.0160813569	0.1701477472	0.0190604021	-0.0868540988	-0.0694261353	0.0454131825	0.0303366024	0.0601146734	-0.0390849385	0.1043135547	-0.0295765091	-0.0896415109	0.1263687936	0.1299488198	0.0251086447	-0.0691777012	0.1091765597	-0.0016366333	0.0253062455	0.0991313859	-0.0104360253	-0.0055907407	0.0012886224	-0.0232308546	0.1292508446	0.0111380374	-0.092731787	0.0007707436	-0.0830438864	-0.1231579468	-0.0830995381	-0.0503292519	0.1350338444	0.0149355036	-0.1533170814	0.0238426996509417	0.008691045963701	0.000568474326645	7.553427994316514e-05	0.030086057731907	0.0006725919367482	4.523799133786947e-07	0.0009051708698476	0.090167173757564	0.0200906054792397	0.0004036324285224	0.0081301192234267	0.0010810223187073	0.0006732191785921	1.1686092535433072e-06	4.532240624242218e-07	-0.0020162239321082	-0.0001292896750382	4.0651589444058505e-06	1.6715820071509183e-08	0.0005190909094649	0.0001977059656648	3.908764885945109e-08	2.694553722890971e-07	0.0	0.0	0.0	0.0	0.0	0.0	0.0	0.0	0.0	0.0	0.0	0.0
878.2845853467891	0.7425619631879954	0.5513982691736098	771383.8128577812	1001.308291909354	-10.968884255545618	1002618.295446428	120.31642181155654	849.3743050893148	1.3265219794379846	721436.7101459565	1.7596605619320689	874.2928304770558	643.4574318582784	1.226212	20.850777	0.0694285304358956	0.0408498454968585	-0.1065785587	-0.0369277385	-0.0543362534	0.0153454315	-0.2393815917	-0.1056014873	-0.0472960668	0.1400067125	0.1283640481	0.1046722746	-0.0325952725	-0.0317021286	0.0468206387	-0.1220561342	0.0241695215	0.0349790192	0.1071827218	-0.1952305419	0.0031804378	-0.1034115334	0.0525861104	-0.0194313463	-0.0297495902	-0.0196414436	0.1079663076	0.0748907052	-0.0829219008	0.0691054444	-0.0831712918	0.1370649681	0.0254859918	-0.1613220033	0.0358268498	-0.0930562447	0.0721743911	-0.1408598778	-0.1149174071	0.0144846219	-0.0090039054	-0.1103398581	-0.1812978073	-0.0854415477	-0.0249441953	0.0424246384	-0.1024432116	0.0420767508	0.1763951108	-0.1232629021	-0.1179240857	0.0948951422	0.0723968982	0.1098077799	0.0859712464	0.0507844856	0.004444913	0.112073951	-0.0025905777	0.0346862238	-0.0220582402	-0.1314715766	0.0211402889	-0.0157261443	-0.0636269598	-0.2693484748	-0.16250617	-0.0805194267	-0.0837784362	0.009648634	-0.0344879348	0.0112068288	-0.1354839703	-0.0864042925	0.221828302	0.0089700792	-0.1551433414	0.0505731504244835	0.0267304507735418	0.0025576435438574	0.0007145169985567	0.0546470344993963	0.0245609767674893	0.0006032415797731	0.0029862983795782	0.0880982453557095	-0.0020689284018545	4.280464732000239e-06	0.0077613008347547	0.0011282293280505	4.720700934320011e-05	1.272901416673283e-06	2.228501731128982e-09	-0.0019640856038878	5.213832822039983e-05	3.857632259399304e-06	2.718405269618141e-09	0.0007411090617615	0.0002220181522965	4.9292059949196256e-08	5.492426414250108e-07	0.0	0.0	0.0	0.0	0.0	0.0	0.0	0.0	0.0	0.0	0.0	0.0
879.9680086514986	1.6834233047095497	2.833914022839221	774343.696250084	1009.435827723912	8.127535814557973	1018960.6902926592	66.05683841692253	848.9446384641859	-0.4296666251289025	720706.9991770873	0.1846134087496608	875.2835139952984	667.0457762035943	1.219576	20.737932	0.0920341342351745	0.0453788028176417	-0.0302766079	0.03813932	-0.042586426	0.0602690894	0.1857709543	0.1387364504	0.1596418088	0.0117318335	-0.0583936546	-0.114006159	0.0005010102	0.1312276174	0.1205837319	0.2008385143	-0.0365484815	0.0467519919	-0.046229643	0.2245102768	0.1259056506	-0.0160221328	0.0877418322	0.0987342031	-0.0310652407	-0.1335931257	0.0861267745	0.0007557977	-0.079512178	0.0361596723	-0.0767301998	-0.233056408	-0.0273223546	-0.0147789636	0.028858395	0.0384783883	0.0631866919	0.142788156	0.1894973511	0.0228441792	0.099947448	0.1414997105	0.0079888446	0.0351073641	0.0002709092	0.0118613953	-0.1273721972	-0.1363690058	0.0281399924	-0.0537844564	0.06448712	0.0599046729	0.0671213466	-0.0057347607	0.1037620271	0.1715124254	-0.0905933348	-0.1477523908	0.0133373166	0.0801903867	0.0167674192	0.067128505	0.1062819593	0.0060547018	0.1417478342	-0.0093759383	0.0017025596	-0.0092293735	-0.0568439869	0.0186228278	-0.1019806577	-0.1005882192	0.1011626407	-0.0936026471	0.0573951075	0.0029914899	-0.1560591586	0.0364277313108374	-0.014145419113646	0.0013269796084545	0.0002000928819007	0.0518361073986	-0.0028109271007962	7.90131116599109e-06	0.0026869820302391	0.0524534743790923	-0.0356447709766171	0.0012705496979754	0.002751366974438	0.0009676635876206	-0.0001605657404299	9.363728188067704e-07	2.5781356999802058e-08	-0.0024022348778889	-0.0004381492740011	5.770732408545899e-06	1.919747863076911e-07	0.0005511637353102	-0.0001899453264512	3.6079227040690925e-08	3.037814631210922e-07	0.0	0.0	0.0	0.0	0.0	0.0	0.0	0.0	0.0	0.0	0.0	0.0
879.0344722871317	-0.933536364366887	0.8714901435953453	772701.6034691161	1006.0566116768972	-3.379216047014779	1012149.9058987992	11.41910109240219	849.2185688018799	0.2739303376939688	721172.1775979132	0.0750378299091317	874.3017667475435	660.2622100056728	1.13855	19.360147	0.0695033174500384	0.0411117626169924	0.0257082532	0.013147517	0.0964144115	0.0607589249	-0.1181487141	-0.115059513	-0.0489509838	0.0241409175	0.0666769406	0.0630645375	-0.0138252941	-0.1273996368	-0.0443390899	0.0004647203	0.0087642291	0.0121997226	0.0692613299	-0.1517194135	-0.1392363115	-0.0278232031	0.0938714028	-0.013941061	-0.1105017618	-0.0878663287	0.0368298719	0.0578065974	-0.0527078538	0.085811796	-0.0513842606	0.0309445946	-0.0447990857	0.1008193366	0.0659306689	-0.0249939187	0.0325551158	-0.094668679	-0.103361982	0.0247877501	-0.083820127	-0.1584753425	-0.0086234133	0.0774122082	-0.019194058	0.0129698969	-0.0955980842	-0.182815071	-0.0439732783	-0.0359181096	-0.0396521207	0.042167012	0.1257957497	0.1176415292	0.1401562282	-0.0491868825	0.0760634209	0.0794879858	-0.0274676961	-0.0704381394	0.012303084	-0.0524635254	-0.0161821948	-0.0864934787	0.0870417237	-0.1388808235	0.0234328191	-0.0637596939	-0.058283794	0.0278897304	-0.0896046919	0.0973385075	0.0890546571	-0.0067414213	0.0149685488	-0.0029914899	-0.1560591586	0.0436770907734711	0.0072493594626336	0.001907688258434	5.255321261847676e-05	0.0220694972297081	-0.0297666101688919	0.0008860510809467	0.000487062707972	0.0524661436173801	1.266923828779909e-05	1.6050959879303437e-10	0.0027526962260795	0.0014088878186531	0.0004412242310324	1.98496488554909e-06	1.9467882205022088e-07	-0.0023849833742657	1.7251503623200246e-05	5.688145695523804e-06	2.9761437726129116e-10	0.000742181572259	0.0001910178369488	3.648781403259834e-08	5.508334862008413e-07	0.0	0.0	0.0	0.0	0.0	0.0	0.0	0.0	0.0	0.0	0.0	0.0
879.1800742292384	0.145601942106623	0.0211999255452204	772957.6029217291	1008.7761003330776	2.719488656180374	1017629.2206032114	7.395618551093738	848.9155229992336	-0.3030458026462383	720657.5651890624	0.0918367585015028	875.4280396923576	672.7998414216219	1.100552	18.714012	0.0503481561085025	0.0352731660145891	0.0242202316	-0.0656639522	-0.1368675715	0.0331725111	0.1217846262	-0.010497301	0.2030457964	0.0385783388	0.0165600798	-0.021953246	0.0695108218	0.0545744144	-0.0401373459	0.0194742382	-0.0042374171	0.0898305427	-0.0101390075	0.0336002702	0.0644492606	0.1588427405	0.0630700963	0.1147793857	0.0584911613	-0.1110254438	-0.0075744087	0.0557418248	-0.1260353268	0.0077972299	0.023239495	0.0163019199	0.0226650996	0.0662204923	-0.0518433317	-0.0374625414	0.061178151	0.0390733722	-0.0337889651	-0.0225961318	0.0087087332	0.2315642024	0.0060258018	0.0162623165	0.0017876805	0.0311140945	-0.1250940402	-0.0435908897	0.0887739515	0.0377810002	0.0872142619	0.061724093	0.0604108207	0.0444732273	0.0870483332	0.0582174101	0.0302742446	-0.1675427111	-0.0671461352	0.1333741457	-0.0602943563	0.0055255504	0.079587895	-0.0871014236	0.0882586277	-0.0698465375	0.0472301487	-0.0021690017	-0.0133379754	-0.0727954879	-0.0493421502	0.0480402841	-0.0408651175	0.0448024685	-0.0718277029	-0.0089700792	-0.1551433414	0.0434468534512149	-0.0002302373222562	0.0018876290748113	5.3009224559706256e-08	0.0544115231188868	0.0323420258891787	0.0010460066386163	0.0029606138481171	0.0524602954801025	-5.848137277594812e-06	3.4200709617594046e-11	0.0027520826018596	0.001465038154128	5.615033547490007e-05	2.1463367930507776e-06	3.152860173943821e-09	-0.0023771723384751	7.811035790600013e-06	5.650948326811174e-06	6.101228012203437e-11	0.0004507420483287	-0.0002914395239303	8.493699610871992e-08	2.031683941315521e-07	0.0	0.0	0.0	0.0	0.0	0.0	0.0	0.0	0.0	0.0	0.0	0.0
876.2354906923823	-2.944583536856044	8.670572205523648	767788.63514892	1004.918437826974	-3.8576625061035656	1009861.0666846058	14.881560010997244	847.8480615615845	-1.0674614376491718	718846.3354937363	1.139473920868037	873.8220467164344	662.2256678159241	0.996535	16.945292	0.0794374858608212	0.0396977443564123	-0.0778665685	-0.098061882	-0.0521441077	-0.0513485647	0.0405846764	-0.154265027	0.0622089121	0.0131068912	0.0822556994	0.0183407238	-0.03318703	0.0553035805	-0.0356524984	-0.0616968702	-0.1387383	0.0544836465	0.0905393626	-0.1836868716	0.006219884	0.0125876001	0.1183142703	0.0194904014	0.0922317166	-0.0294771545	-0.0479413415	0.0881835425	0.0306825709	-0.001288464	-0.017760956	0.0049720786	0.0417416059	-0.0437992437	-0.0715087428	0.0639168381	0.121908508	-0.114242281	-0.0970705402	-0.0264542608	-0.0242735203	0.05432462	-0.1505243572	-0.0355680698	-0.0560686434	0.0047387391	0.0186591988	-0.0685838087	-0.0316589355	-0.0409091337	-0.106081052	0.0420314736	0.1036731516	0.0948801953	0.0197393205	-0.0493043043	0.1265211528	-0.0321046413	0.037863109	0.1487651358	0.0302250841	0.0916967316	0.0097881821	0.002997118	0.0327064176	-0.1681202475	0.040978692	0.0915936369	-0.0591161172	-0.0122543512	0.0534949841	0.1516819442	-0.0486885141	-0.0400907701	0.0446230197	-0.0149355036	-0.1533170814	0.0352030949710098	-0.0082437584802051	0.0012392578955379	6.795955387995353e-05	0.0402078846044133	-0.0142036385144734	0.0002017433470498	0.0016166739843618	0.0815789927911652	0.0291186973110627	0.0008478985330932	0.0066551320648209	0.0014648065356593	-2.316184686999238e-07	2.1456581869102e-06	5.3647115042897574e-14	-0.0019647786442817	0.0004123936941933	3.860355121025435e-06	1.700685590104794e-07	0.0003059395298892	-0.0001448025184395	2.0967769346421744e-08	9.359899594882469e-08	0.0	0.0	0.0	0.0	0.0	0.0	0.0	0.0	0.0	0.0	0.0	0.0
878.43067755914	2.1951868667576946	4.818845379985464	771640.4552770098	1004.5364371708462	-0.3820006561278433	1009093.4536038974	0.1459245012821027	848.3419825236002	0.4939209620157498	719684.1193120724	0.2439579167185638	874.2809009512675	651.9597981547752	0.985732	16.761597	0.0296379614788719	0.0159994871943193	-0.114833233	-0.0400212128	-0.0291918988	-0.0100690795	-0.0563890301	0.1314864373	0.2460924565	0.0937439662	0.0793573917	0.0344232274	0.0425089467	0.1534123456	0.0966474391	0.2167413774	-0.0543085311	0.1092108498	-0.0011754312	0.0919355543	0.1339637666	-0.0573025667	0.0378630106	0.0004011985	-0.0185661677	-0.1486437239	-0.1255127786	0.1790427133	-0.0229553145	0.0980235471	-0.0290776971	-0.0759324359	-0.0975777107	-0.0042476607	0.0429228336	-0.0237561504	0.154749501	0.0924034414	0.0902986727	-0.0542736801	0.1199237109	0.0716395965	-0.0311934361	0.0741232297	0.0255473385	0.1674649345	-0.0392628654	-0.0670299029	-0.0248046879	-0.1566517705	0.0653161731	0.0629736315	0.0352920238	0.0607812392	0.053225442	0.1307303394	0.0008097488	-0.1552746235	0.0371266945	0.0803664706	-0.0204656823	0.1420159869	0.0783438289	-0.1442427096	0.1173109756	-0.0510388669	-0.0814762507	-0.0532014939	0.0443363308	0.0121528653	-0.0160311796	0.1880049134	-0.0117139718	-0.0188775075	0.0112047236	-0.0208790082	-0.1505910958	0.0472545161928081	0.0120514212217983	0.0022329893006163	0.0001452367534652	0.0435130348244001	0.0033051502199867	1.0924017976678788e-05	0.0018933841996294	0.0801838380791934	-0.0013951547119718	1.946456670337145e-06	0.0064294478891103	0.0015148323218518	5.002578619249997e-05	2.294716963326916e-06	2.502579284177721e-09	-0.0021717716338855	-0.0002069929896037	4.716592029749694e-06	4.284609774511884e-08	0.0003066454605952	7.059307059999946e-07	4.983381616736508e-13	9.403143850364235e-08	0.0	0.0	0.0	0.0	0.0	0.0	0.0	0.0	0.0	0.0	0.0	0.0
879.5047017336636	1.074024174523629	1.1535279274611627	773528.5203716207	1009.3291017804828	4.792664609636631	1018745.2357009962	22.96963406046344	849.2503032684326	0.9083207448323948	721226.0776015248	0.8250465754928762	874.392588931998	670.8346981398079	1.073374	18.251883	0.0611190952057627	0.031684165430173	0.097333715	-0.0611727005	-0.0045576105	-0.0068199364	-0.0172428056	-0.1282663707	0.0146012979	0.0645607105	0.0738566642	-0.0917694993	-0.0151688174	-0.1022297149	0.020420464	0.0277328645	-0.0007968941	0.0511337905	0.1078479835	-0.0668038094	-0.1551940106	-0.1490015521	0.1113439042	0.0561744668	0.0242552237	-0.0489026752	0.0336941697	0.1418792489	0.0939346916	0.1273849531	-0.1412584261	-0.1981485601	-0.0445744722	0.0602516766	0.0232819948	-0.0410760055	0.1106693382	-0.0829538465	0.0035730138	0.1395905525	-0.0684828837	-0.0711838748	-0.0194178728	0.0045619024	-0.0554473613	0.0325763685	-0.0456611899	-0.1748349657	-0.1301661678	-0.1167626758	0.0272433594	0.0697481556	0.1020786573	0.1017607401	0.0364489726	-0.1009340761	0.1069734159	-0.0686952401	-0.0112283381	-0.0789442877	0.011369889	-0.0333713533	-0.0509638866	-0.0132427887	0.0657726417	-0.2427580074	-0.0175194425	-0.1677380932	0.0141899826	-0.0246457459	-0.0440429404	0.0926548574	-0.05773786	0.0417951471	-0.0322898109	-0.0267918699	-0.1469813818	0.0527836737311133	0.0055291575383051	0.0027861162125526	3.057158308339721e-05	0.055462217776693	0.0119491829522929	0.0001427829732273	0.0030760576007093	0.0964108550727331	0.0162270169935397	0.0002633160805086	0.0092950529758555	0.0013131849180172	-0.0002016474038345	1.7244546289078403e-06	4.0661675473234246e-08	-0.002207095081447	-3.532344756149988e-05	4.871268698547539e-06	1.2477459476300315e-09	0.0006179493636316	0.0003113039030364	9.691012004569637e-08	3.818614160126994e-07	0.0	0.0	0.0	0.0	0.0	0.0	0.0	0.0	0.0	0.0	0.0	0.0
878.31847609806	-1.1862256356035914	1.4071312585631444	771443.3454552185	1007.8515803745814	-1.4775214059013706	1015764.8080635414	2.1830695048967628	849.0949383841621	-0.1553648842705115	720962.214389604	0.0241382472643894	874.0025615967426	656.8568539387069	1.151383	19.578367	0.035839875347911	0.0263971555684758	-0.0985653041	0.0512873751	0.0863851837	0.1043640689	-0.0809978933	0.0791625823	0.1673038581	0.0512797162	-0.0071027886	0.007280486	0.0414441219	0.0559443009	-0.1222470415	0.2405014436	-0.0206506035	0.0034266844	-0.0578616	0.1172768411	0.1331643031	-0.1459143024	0.1014763885	0.0349445927	0.0331549226	-0.1321245595	-0.083440737	0.0041331283	0.0025667061	-0.0399630175	-0.1683147423	-0.1652021928	0.0553494305	-0.0294501106	0.1019920034	0.0006956786	0.0506383369	0.0656639727	0.1275733883	-0.0394454744	0.2058993697	-0.014959264	-0.0025201923	0.1489198067	-0.0355510569	-0.0096386459	-0.0080148612	-0.0908679261	-0.2033340654	-0.1689883809	0.0216315729	0.0793571654	-0.0162183158	0.0901164964	0.0467267377	0.1336083913	-0.0379527661	-0.100123442	0.059920986	-0.0505725794	-0.0335991993	0.2102662384	0.1592247923	-0.163273886	0.1273402673	0.0699091169	-0.1103954876	-0.0711419069	0.1288147178	0.0696958548	-0.1089824119	0.1771172852	0.0748922574	0.1311158972	-0.0363444328	-0.0326654109	-0.1425091225	0.0528146419173225	3.096818620920011e-05	0.0027893864008549	9.590285570876918e-10	0.0577468344785785	0.0022846167018854	5.219473474534168e-06	0.0033346968922963	0.0986487715488095	0.0022379164760763	5.008270153894181e-06	0.0097315801280892	0.0018161867881072	0.0005030018700899	3.298534449295147e-06	2.530108813140372e-07	-0.0023049658553697	-9.787077392270012e-05	5.312867594420173e-06	9.57868838822828e-09	0.0005930945279695	-2.48548356621e-05	6.17762855789998e-10	3.51761119107364e-07	0.0	0.0	0.0	0.0	0.0	0.0	0.0	0.0	0.0	0.0	0.0	0.0
881.8989427245359	3.580466626475868	12.819741263307485	777745.7451786543	1011.2936083330428	3.442027958461381	1022714.7622552658	11.847556466829822	850.4005278481377	1.3055894639755934	723181.0577643912	1.7045638484440773	875.704916161606	665.0861229998791	1.407241	23.929016	0.113820290708439	0.0552412138248967	0.1966001474	-0.0217369561	0.0411539136	-0.1967417827	-0.1370078098	-0.0568612197	0.0199748722	-0.0084749423	-0.0184174171	-0.0746397219	0.0305228305	-0.1882857551	0.0943461791	-0.0623299368	0.1172827936	0.1004712491	-0.0941164881	-0.011218821	-0.3395346439	-0.0002510598	0.0531058163	0.0375604734	-0.1858535332	0.0518519722	0.0431054668	0.2413589821	-0.1880756139	-0.0095446189	0.1577598721	-0.2493001946	-0.0477865024	0.003394798	-0.0074563168	-0.0771569153	-0.0094233583	0.0970047541	-0.0890828768	0.2348712968	-0.2619790388	-0.0875217788	0.0783183946	0.0757731539	0.105368455	0.0570559229	-0.0330526274	0.0319148725	0.0509413947	-0.1876347653	0.0982490721	-0.0722541008	0.0047169852	0.1198663159	0.0710129859	-0.2476155861	0.1492449786	-0.0997182692	0.0003844642	-0.084277552	0.1913256686	-0.0013509373	-0.215088253	-0.1729638584	0.1613931726	-0.0457748375	0.0845970986	-0.2477324826	0.3137876492	0.1547924684	-0.0877661577	-0.1685529347	0.1929619162	0.096411362	0.014316536	-0.0384910108	-0.1372005631	0.0472746614325245	-0.005539980484798	0.0022348936135598	3.0691383771942686e-05	0.0444350597155391	-0.0133117747630394	0.0001772033473418	0.0019744745319235	0.0565603507929211	-0.0420884207558883	0.0017714351617246	0.0031990732818182	0.0015860029051963	-0.0002301838829108	2.515405215291104e-06	5.298461995193887e-08	-0.0020700007848428	0.0002349650705269	4.284903249249808e-06	5.520858436771111e-08	6.411873130337999e-07	-0.0005924533406564	3.510009608550068e-07	4.111211703955042e-13	0.0	0.0	0.0	0.0	0.0	0.0	0.0	0.0	0.0	0.0	0.0	0.0
884.0309433503465	2.132000625810633	4.545426668456932	781510.7088009036	1004.1183298165456	-7.175278516497201	1008253.620273569	51.484621789306274	851.1374583774143	0.7369305292766057	724434.9730531647	0.5430666049798982	876.7630035085776	664.3215225658454	1.738547	29.56262	0.2948840400132506	0.1753097716898717	0.052343231	0.227611718	-0.1861106839	0.0894895548	-0.1965517404	0.1389659465	-0.0546007359	-0.0242081663	0.0653290396	0.0433602639	0.3052186422	-0.0873964743	-0.052162072	-0.0545231631	0.1610721433	-0.0093749165	-0.4165501323	-0.1267618928	0.2996671544	0.1025791983	0.1530897047	0.286969187	-0.3007715128	0.1169783867	0.0902617079	-0.1846599843	-0.0361722426	-0.06955053	-0.0116184293	-0.0057987621	0.0830355457	-0.0898248416	0.108569696	-0.0951231057	-0.1409993018	0.2580384038	-0.204620678	0.0257002015	0.222328234	-0.0213506835	-0.1999087384	0.2130449201	0.5022580967	-0.3304879088	-0.0599336557	-0.03095113	0.0952820555	0.0713819583	-0.0689177919	-0.3171913651	-0.3119932211	0.3970847081	0.2281086762	-0.0241856955	-0.5126258692	0.0899346181	0.1556362488	0.2378010171	-0.0454209116	-0.0329659808	-0.1917369177	-0.0510106689	-0.1640507195	0.0453287237	0.1633598156	-0.1293346286	-0.1494910727	-0.1181927263	-0.0792413764	0.0243382788	0.0123349556	-0.0672618469	-0.1037866458	-0.0442601199	-0.1310868562	0.0362133954188834	-0.011061266013641	0.0013114100077644	0.0001223516058245	0.0280714851596286	-0.0163635745559105	0.0002677665722468	0.0007880082790672	-0.0571099545746562	-0.1136703053675773	0.0129209383223582	0.0032615469115192	0.0032838414977736	0.0016978385925773	1.078361498249996e-05	2.882655886444867e-06	-0.0010160349242498	0.0010539658605929	1.0323269672952968e-06	1.110844035295543e-06	-0.0003233322410391	-0.0003239734283521	1.0495878227823517e-07	1.0454373809536667e-07	0.0	0.0	0.0	0.0	0.0	0.0	1.0	0.0	0.0	0.0	0.0	0.0
886.71584870924	2.684905358893502	7.208716786215046	786264.9963521479	1010.382746146066	6.2644163295203725	1020873.2937096657	39.242911949561496	852.4342000749376	1.2967416975233164	726644.0654573988	1.681539030095652	875.9835083401081	679.4794288880644	1.623611	27.608219	0.3677041138188544	0.2276407947720669	0.359563333	0.1197305058	-0.1539735134	0.0845298777	-0.2630519312	0.1365244149	0.0513746574	0.1244336236	0.0354123679	-0.2708540894	0.2565704727	-0.0521517179	0.0368821764	0.1076184719	0.2684122171	-0.0172112861	-0.0874441835	-0.1095236534	0.0268963045	0.0855941826	-0.0627494744	0.0077552319	-0.1282316552	0.0478876733	-0.2668422711	-0.2386938881	-0.1001436498	0.2045483263	-0.2061631502	0.0237435222	-0.0017462901	0.0555295736	0.0497765343	-0.2280701629	-0.1807894338	0.0940361072	-0.1148234498	0.0299716806	0.098669639	-0.0134576193	0.0650172475	0.1933635384	0.0039826128	-0.0216835923	0.3561103922	-0.2305549724	-0.087078223	-0.0585569399	0.0403779826	-0.082175126	-0.2888031981	0.0459116214	0.16591012	-0.1846040367	-0.0867230439	-0.0764559649	-0.1386147749	-0.1318178426	0.1305296392	-0.0690313261	0.449625676	-0.1130310381	0.0177796806	0.1617391986	-0.0685978059	0.0159355218	-0.0832760685	0.0888813895	0.4394491774	-0.1734616648	-0.0336949024	0.2174918621	0.1744054487	-0.0499642712	-0.1242038795	0.0317048879125962	-0.0045085075062872	0.0010051999175502	2.032663993424804e-05	0.1839573336150834	0.1558858484554548	0.024300397748677	0.033840300590771	0.0709891451949999	0.1280990997696561	0.0164093793617963	0.0050394587355167	0.0020129971420436	-0.00127084435573	4.0521574938757006e-06	1.6150453764907995e-06	-0.0010110161812133	5.0187430365000296e-06	1.0221537186751242e-06	2.5187781666417535e-11	-1.4982178056474268e-05	0.0003083500629826	9.507976134138925e-08	2.2446565931589907e-10	0.0	0.0	0.0	0.0	0.0	0.0	0.0	1.0	0.0	0.0	0.0	0.0
883.6930445827824	-3.022804126457686	9.137344786929614	780913.3970439874	1019.6842492239816	9.30150307791564	1039755.968115475	86.51795950847414	850.8156028323704	-1.6185972425672617	723887.1900230098	2.619857033646343	879.1453447322256	706.4570874071028	1.662329	28.266596	0.1567336959955061	0.1191428719289815	0.2538251705	0.0937371698	-0.1528770445	0.100210917	0.3163507047	-0.1800188951	-0.074575743	-0.0773212571	-0.0566775	-0.4150924517	-0.0243869821	0.0583092948	-0.1151734303	-0.1317655419	0.0417366808	-0.1852694935	0.1228895836	0.0578525088	-0.1211805414	0.1195700185	-0.1164419107	0.2450124579	0.1932073895	0.1023269649	0.0589991853	0.0403260452	-0.1007547832	-0.2260188092	-0.0159825607	-0.0014041769	-0.2529827451	-0.0950664841	0.0285672003	0.0387169493	-0.1770080077	-0.1825370625	0.0538386843	0.2651234173	-0.0236275428	0.2545623395	0.1059081324	-0.0936359892	0.0141006018	-0.1197472299	-0.0312168727	0.2119604905	-0.0095427284	-0.0864608396	-0.0801814716	-0.063992884	0.0080712539	0.0061879502	-0.1275519428	-0.0805390447	0.0042075761	-0.1127085338	-0.1848118642	-0.0410786232	0.0703304856	-0.1125408737	-0.0058725079	0.2989072756	0.3062087064	0.0815215306	0.1040192236	-0.1409045783	-0.1176260016	-0.0629028613	-0.129301014	-0.2007587777	-0.137002433	0.0462607627	-0.1337864479	-0.055595093	-0.1165920251	0.0346719237236357	0.0029670358110394	0.0012021422946976	8.80330150399082e-06	0.0670499824204142	-0.1169073511946692	0.0136673287633537	0.0044957001425778	0.0710349373674574	4.579217245750944e-05	2.096923058378286e-09	0.0050459623267985	0.0014179750613971	-0.0005950220806464	2.0106532747441093e-06	3.540512764568898e-07	-0.0011180400010573	-0.0001070238198439	1.250013443964207e-06	1.1454098014000948e-08	-4.920661391277206e-05	-3.422443585629779e-05	1.1713120096818422e-09	2.421290852760613e-09	0.0	0.0	0.0	0.0	0.0	0.0	0.0	0.0	1.0	0.0	0.0	0.0
876.5412872156141	-7.151757367168216	51.14763343884485	768324.6281936058	1007.998236694336	-11.686012529645607	1016060.4451788906	136.56288884303416	849.9563279681736	-0.8592748641967773	722425.7594531415	0.7383532922403901	876.2459167480469	657.1642444863421	1.563156	26.580231	0.1882523973344892	0.1381358341803201	0.0035734249	-0.1068781066	0.1296458019	0.105729018	0.0071623228	-0.1007160257	-0.0138887872	-0.0157600281	-0.0175976764	0.0526965496	-0.0943340611	0.0873304775	-0.2923303265	-0.1066893851	-0.0655045158	-0.2340782125	0.1718953205	-0.0089053567	0.1070985349	0.0389496844	-0.1676674473	-0.1855523983	0.0871503594	0.0857677723	-0.0282804523	-0.2524232034	0.072219237	-0.1497599727	0.0110957877	-0.2230255043	-0.0655926363	0.0303843934	0.2583737439	0.0834256034	-0.1451023915	-0.2194769089	0.0563811079	-0.2056938167	0.0751439323	0.008604722	0.0818617679	-0.0310335109	-0.0716240025	-0.1683597046	0.1869445195	0.0408438209	-0.1028663361	0.1619411425	0.1361474863	0.0531713962	-0.1308450002	-0.0605759087	-0.1268677948	0.0821981514	0.0607293634	0.152565763	0.0928517045	-0.174946189	0.0292157652	-0.0744507512	0.0690415134	0.0867422749	0.0198302197	0.046154309	0.101528018	-0.1678993649	-0.0105952436	-0.3398103778	0.1418175361	0.0344877446	-0.0787107753	0.1389881344	0.0437908327	-0.0611443214	-0.1082959623	0.043445661998632	0.0087737382749963	0.0018875255464993	7.697848331813505e-05	0.0626653686716594	-0.0043846137487548	1.922483772576965e-05	0.0039269484307549	0.196672354243347	0.1256374168758895	0.015784760519246	0.0386800149236205	0.0008586376087211	-0.000559337452676	7.372585431102888e-07	3.128583859660766e-07	-0.0010098857014062	0.0001081542996511	1.0198691299046925e-06	1.169735253301993e-08	0.0002724342024571	0.0003216408163698	1.0345281475507777e-07	7.422039466843618e-08	0.0	0.0	0.0	0.0	0.0	0.0	0.0	0.0	0.0	1.0	0.0	0.0
877.5492667020992	1.0079794864850555	1.0160226451746763	770092.715489392	1003.0119597952706	-4.986276899065388	1006032.9914923497	24.86295731415314	849.2046099768745	-0.7517179912990741	721148.4696059756	0.5650799384427149	875.6496314766481	658.1925832291096	1.092612	18.578999	0.071825646468875	0.0415876995138371	-0.12494828	-0.1048421386	-0.0137747122	0.0798057654	-0.0915764903	0.006527491	0.1486183374	0.0653421958	0.077909032	0.0887966069	0.0096773084	0.2293571144	-0.0900194381	0.065233068	-0.0304635397	0.068185536	0.0465943571	0.0699440411	0.170475199	0.0050143406	-0.19342168	0.0166240387	0.092737394	-0.1071049364	-0.135656288	0.0591957799	-0.0656037791	-0.1902287803	0.1718710162	-0.0227830846	-0.1148535094	0.0595334643	0.1277582963	-0.0334154538	0.0971721195	-0.0413898606	0.0362657514	-0.0596583143	0.1197361518	0.1299208935	0.1290006435	0.0498940439	0.0460373956	0.0737737213	-0.0181714819	0.2761887932	-0.0414551595	0.0025842537	0.1610988178	0.0896202068	-0.1090640293	0.0777763012	-0.2459751004	0.1704988246	0.0146237127	-0.071535556	-0.0475865345	-0.1017480916	-0.0311642964	0.0377674548	0.0041909099	-0.0388686414	0.0762347724	0.120018072	-0.1007452756	-0.1513434568	0.1417132094	-0.2392269568	0.0823463336	0.0605938726	0.0126121596	0.013302606	-0.1647188085	-0.066603812	-0.0993643757	0.0442007742086332	0.0007551122100011	0.0019537084406425	5.701944496928952e-07	0.0819283282261693	0.0192629595545099	0.0003710616107986	0.0067122509659349	0.1966551742749231	-1.717996842390268e-05	2.9515131504629314e-10	0.0386732575691003	0.0015322910077523	0.0006736533990312	2.347915732438559e-06	4.5380890202628925e-07	-0.0011326069921309	-0.0001227212907247	1.2827985986238046e-06	1.5060515197136356e-08	0.00051186740742	0.0002394332049629	5.7328259638806085e-08	2.620082427788723e-07	0.0	0.0	0.0	0.0	0.0	0.0	0.0	0.0	0.0	0.0	0.0	0.0
878.3857052097763	0.8364385076771441	0.6996293771251679	771561.4471168761	1003.2961654445104	0.284205649239766	1006603.1955956584	0.0807728510597969	849.006099541982	-0.1985104348924551	720811.3570594899	0.0394063927611916	875.0428088473291	658.2942280685693	1.638173	27.855837	0.2815937712010757	0.1556940721613539	0.1751460452	-0.0930601503	0.1832657951	-0.1922645716	-0.0911778874	0.1393381931	0.1052877613	-0.2013568724	-0.1018753035	0.0248411468	0.0673253259	0.1625075531	0.011551235	-0.1258635181	-0.0859880396	-0.13864344	-0.1300267845	0.0259815359	-0.07037192	0.3937165424	-0.0021100864	-0.1951563252	-0.1099230687	0.0954759479	-0.0406462451	-0.0995196672	-0.161604713	0.3024315423	0.0414904174	0.1019578608	-0.1446064131	0.0153150201	-0.1136825963	0.1899371569	-0.2262787265	0.150917848	-0.1173968547	-0.0894869575	-0.2853017083	0.1317286054	-0.031425389	0.0924971359	0.01965896	0.0163264794	0.2384141746	-0.1941538858	0.2491414404	0.0522521915	0.1363554479	-0.2025936403	-0.2429498735	-0.1253833638	0.0957836189	0.1793293456	0.2121717956	-0.1721539001	0.1274779151	-0.1437992561	0.3828910641	-0.3783150388	-0.1561577008	-0.0977094923	-0.0430291313	0.1188498836	-0.2633145001	0.3309324873	-0.0721769866	-0.0521156039	-0.1861391847	0.1683067416	0.0174856709	-0.1192510656	0.0812842332	-0.0719655524	-0.0898496795	0.0463905361324918	0.0021897619238585	0.00215208184266	4.795057283180914e-06	0.0161988562675219	-0.0657294719586474	0.0043203634839626	0.0002624029443758	0.0749676254156384	-0.1216875488592847	0.0148078595473808	0.0056201448604594	0.0016743810924372	0.0001420900846849	2.8035520427111918e-06	2.018959216576206e-08	-0.000465934946056	0.0006666720460749	2.170953739562077e-07	4.4445161701769365e-07	-0.0005191102310059	-0.0010309776384259	1.0629148909342458e-06	2.6947543193499885e-07	0.0	0.0	0.0	0.0	0.0	0.0	0.0	0.0	0.0	0.0	1.0	0.0
881.2257040450647	2.839998835288384	8.065593384439376	776558.74146972	1012.10959790911	8.8134324645996	1024365.8381797404	77.67659180805819	852.7480040656196	3.741904523637572	727179.158437898	14.001849464019328	879.4646543994393	661.0500450952244	1.604108	27.276592	0.1824160938978839	0.090367936851648	0.0247256525	0.0873187271	0.1472077917	-0.0531091453	-0.0441326848	-0.2815661528	-0.221578316	-0.0580907358	0.0401237758	-0.0494527729	0.0048231358	0.0385312781	-0.2276875136	-0.1476585779	0.1544325133	-0.4111880755	-0.064642646	-0.1837905182	-0.0646877628	0.0168302432	0.010981488	0.0038294865	0.0928321869	0.0209015587	-0.0945814599	0.0618005842	0.0783248071	-0.0239233849	0.2226882491	0.012358775	0.0800116692	-0.118463104	-0.2831062003	0.0546787627	-0.3892833307	-0.1499815999	-0.1534430704	0.095287524	0.0291945782	0.0376433163	-0.1726940339	-0.1118241662	0.0294230756	0.0934611971	-0.0539525549	0.1987226671	-0.0703364085	0.0676829381	0.0279784203	-0.1860499567	-0.0363101379	-0.0881476243	0.1283675905	-0.0977672017	0.1683408318	0.202076009	-0.1272412247	0.0029480088	0.0119918687	-0.1252686284	0.0154516141	0.2004113435	0.1290102975	-0.0689930742	-0.090472045	-0.0852657419	-0.1062264786	0.2160616888	0.0177410931	-0.0007682921	0.083865465	-0.0992989208	-0.056816826	-0.0772216734	-0.0798077096	0.0506686015996251	0.0042780654671333	0.0025673071880615	1.830184414107848e-05	0.0820809376784978	0.0658820814109759	0.0043404486510424	0.0067372803301814	0.0499117577372487	-0.0250558676783896	0.0006277965051169	0.0024911835604218	0.0007394377676243	-0.0009349433248129	5.467682121892082e-07	8.741190206121999e-07	-0.0008950518958319	-0.0004291169497758	8.011178962322783e-07	1.8414135658497226e-07	-0.000139168918767	0.0003799413122389	1.443554007458173e-07	1.9367987950775843e-08	0.0	0.0	0.0	0.0	0.0	0.0	0.0	0.0	0.0	0.0	0.0	1.0
877.9812589931465	-3.244445051918205	10.526423694916527	770851.0911431906	1007.4388135637556	-4.670784345354377	1014932.9630747476	21.81622640080752	850.7873219384087	-1.96068212721093	723839.0671711295	3.8442744039643775	877.0179669409683	669.7913693582337	1.447472	24.613115	0.1380338672929467	0.0663273196973549	-0.0027771196	-0.1228989846	0.060882244	0.1529311086	0.0063715818	-0.0337106361	0.0817164964	0.0176705588	-0.0345376285	-0.0054167699	0.0148407849	0.0342519628	-0.1234009249	-0.1299151389	0.0536012116	-0.1694139225	0.0644246884	0.0419189589	0.0298983527	0.0045847489	-0.1155802879	0.2108674642	-0.1192811305	-0.0163716282	-0.0118208969	0.1802795477	0.2396188352	0.023554283	-0.1272880406	0.020715465	-0.1315016693	0.0391932675	-0.068125906	-0.020001512	-0.1564593086	-0.1507309013	0.0298930085	-0.0420756505	0.0732160148	0.0281411818	0.1419962611	0.0004036612	0.2352246394	0.0432382454	-0.0976171501	0.0257772	-0.2016026417	-0.0886342253	-0.0237165277	0.0041175354	-0.1019867628	0.0749437814	-0.0398040687	0.0959978246	0.1057685937	0.029553805	-0.2167813023	-0.0720406732	-0.1972699368	-0.058826472	-0.0036890521	-0.0264670365	-0.0614098337	0.1321828577	0.1130656177	-0.0238433843	0.1488208487	0.1242164745	0.0277626778	0.0914665389	-0.0837263897	0.0034482914	-0.1827146544	-0.0823644609	-0.0692973963	0.0585245961546547	0.0078559945550295	0.0034251283550654	6.171665044865467e-05	0.0721543583210291	-0.0099265793574687	9.853697774012396e-05	0.0052062514247194	0.1101625861503521	0.0602508284131034	0.0036301623244652	0.0121357953873337	0.0012640760134218	0.0005246382457975	1.5978881677083503e-06	2.752452889534781e-07	-0.001312924676299	-0.000417872780467	1.7237712056348338e-06	1.746176606553051e-07	0.0001183293543153	0.0002574982730823	6.630536064036673e-08	1.4001836092675806e-08	0.0	0.0	0.0	0.0	0.0	0.0	0.0	0.0	0.0	0.0	0.0	0.0
874.22574406987	-3.755514923276564	14.10389233895298	764270.6515945178	1005.5756787981304	-1.8631347656252049	1011182.4457903208	3.4712711548812862	847.8600936465793	-2.9272282918293517	718866.7383983863	8.568665472486181	874.9000483247422	641.1658127842359	1.270895	21.610565	0.0969401153051781	0.0430137324690863	-0.1715658786	-0.0348676532	0.0187124212	0.0001754621	0.0761342114	0.1028868853	-0.1031349716	-0.1134147002	-0.1208827348	0.1162109431	-0.109705375	0.1932560255	-0.0221859733	-0.018311343	-0.1661145163	-0.0590675514	0.0203745363	0.0485374654	0.0470412381	0.1294720829	-0.0762780572	0.0322393846	0.006700616	0.0856382632	-0.003729151	0.1484210093	-0.01553994	0.0299478036	0.0611095557	-0.0199214376	0.1036227693	-0.0937165399	-0.0871708947	0.1626561314	0.0070955958	-0.0169432759	0.0364527303	-0.1389933064	-0.0526438564	0.1287460534	-0.0554403231	-0.0778085859	0.0937787198	0.0271720023	0.0189489553	0.0997548278	0.0477482425	-0.0511220584	-0.0493973145	-0.0348273231	-0.1048227064	-0.0329177782	-0.0822958426	0.1295085383	0.1327054613	0.0755045978	-0.0282333499	0.1662474477	-0.0896724033	-0.0136010834	-0.0956462211	0.1554154086	-0.0034866427	0.0134366617	-0.0683747534	-0.049791756	0.0325170377	0.0651012829	0.0451911032	-0.0561020231	-0.0611676758	-0.0084640899	0.0259237793	-0.0873863672	-0.0583804184	0.0700975036169779	0.0115729074623232	0.0049136600133322	0.0001339321871314	0.0537070736985896	-0.0184472846224394	0.0003403023099412	0.0028844497652657	0.1428016489128225	0.0326390627624703	0.0010653084180124	0.020392310932221	0.0014851429076979	0.0002210668942761	2.205649456285373e-06	4.8870571744880384e-08	-0.0010097952948324	0.0003031293814665	1.0196865374656535e-06	9.188742190832344e-08	0.0002797502877315	0.0001614209334162	2.6056717744957284e-08	7.826022348585707e-08	0.0	0.0	0.0	0.0	0.0	0.0	0.0	0.0	0.0	0.0	0.0	0.0
878.0787481135793	3.853004043709348	14.845640160840585	771022.2878887106	1002.9592922537668	-2.6163865443636496	1005927.3419181769	6.84547854952716	848.7644211451212	0.9043274985418748	720401.0426018127	0.8178082246190045	874.5619697806761	656.0791843183789	1.061	18.041475	0.0496629663526773	0.035265957787997	-0.1166930934	-0.0463670071	0.0362623071	-0.0041836132	0.0493449402	0.2326641332	-0.0833729704	0.0119371148	-0.0487812542	0.0873827407	-0.059466329	0.0577428592	0.1215355496	0.0591645196	-0.0425612106	0.1267040938	-0.1203913177	0.1081105333	0.0079113537	0.083159629	-0.0220254895	0.00803399	-0.0072217382	0.024702823	0.0667937563	0.0587393969	0.2434648615	0.0042661446	0.0283320059	0.1530836858	0.0328332334	-0.0613992054	-0.0648932685	0.0060457493	0.1296643228	0.1521617004	0.0978070742	-0.0281978864	-0.041460875	-0.0362781271	-0.0695845105	-0.033373863	0.0903540475	0.0213154463	-0.1025346343	0.1136009168	-0.1095343016	0.0263202223	-0.0353009043	0.0017649548	-0.1580074548	0.0099174754	-0.0841773475	0.113658504	0.0408021388	-0.0616741895	0.0076860166	0.0364796911	-0.148554269	0.1436385132	-0.0170249429	0.0466560734	-0.0892585951	0.0070292933	-0.1239110279	-0.0017921493	0.0865505203	0.1381710368	0.0558583557	0.0947314534	0.0238677387	0.0720206241	-0.0460630751	-0.092280022	-0.0471208409	0.0715432064043568	0.0014457027873788	0.0051184303826164	2.090056549435096e-06	0.0844920393750072	0.0307849656764176	0.0009477141116982	0.0071389047177477	0.1478759719056483	0.0050743229928258	2.5748753835520724e-05	0.02186730306704	0.0012381426115139	-0.0002470002961839	1.5329971264464604e-06	6.100914631498368e-08	-0.0010098297524541	-3.4457621699967446e-08	1.0197561289415087e-06	1.1873276932180669e-15	0.0002796255436161	-1.247441154000493e-07	1.5561094326940822e-14	7.819044464259942e-08	0.0	0.0	0.0	0.0	0.0	0.0	0.0	0.0	0.0	0.0	0.0	0.0
875.7808696751425	-2.2978784384367827	5.280245317832667	766992.131688949	1005.3970431518554	2.437750898088666	1010823.2143784938	5.942629441132097	848.2822598351372	-0.4821613099840078	719582.7923510072	0.2324795288454945	874.2929544350536	669.3062865497076	1.078399	18.337326	0.0699826356904537	0.039774773616521	-0.0167104473	-0.1694727609	-0.1188740737	-0.1104718019	0.1487591218	0.0493492087	-0.1613934498	0.0251899995	-0.0337283321	0.1323548038	-0.1365051403	-0.0111367525	0.1092013341	0.0370773317	-0.1213056179	0.052531595	0.0372367741	0.0234617689	0.043711748	0.1009989477	-0.032117191	0.011331714	0.0070324736	0.0794926017	-0.0665038474	0.1002754505	0.1219322672	0.1327106699	-0.1440878456	-0.055166683	0.07844253	0.1462875056	-0.1121021792	0.0789171859	0.081775674	0.0021668541	0.0674295037	-0.0639345654	-0.1154209819	0.0514376601	-0.0454856862	-0.1352968766	0.1256853185	0.1165020615	0.0697766424	-0.1467303859	-0.0700395198	-0.0242928872	0.1419992764	-0.0174611004	-0.0876194435	-0.0243473239	-0.0968676513	0.0147063506	0.1819674997	-0.1203029141	-0.0166344474	0.137526765	-0.0576750405	-0.0653364405	-0.1407835854	0.0982815837	-0.1070010889	-0.0323864838	0.0847578287	0.0088984657	0.0065266188	0.0365629146	-0.07566795	-0.0677593024	-0.000532694	0.1480069722	0.0102761945	-0.0970382431	-0.0355847396	0.0653890012778504	-0.0061542051265063	0.0042757214881147	3.787424073911764e-05	0.0537102536860771	-0.0307817856889301	0.0009475183301992	0.0028847913510227	0.1514561992851355	0.0035802273794872	1.281802808882986e-05	0.0229389803018986	0.0016371717816016	0.0003990291700876	2.680331442472557e-06	1.592242785808786e-07	-0.0011997722719023	-0.0001899425194481	1.4394535044256064e-06	3.6078160694329826e-08	0.0002799822039908	3.566603747000405e-07	1.2720662288117332e-13	7.839003455154596e-08	0.0	0.0	0.0	0.0	0.0	0.0	0.0	0.0	0.0	0.0	0.0	0.0
876.359504918093	0.5786352429504404	0.3348187443843152	768005.981860285	1004.5747191510882	-0.822324000767253	1009170.3663574876	0.6762167622378611	848.4231227238973	0.1408628887601253	719821.7951725693	0.0198423534298474	874.8244728638954	643.901777007194	1.248838	21.235504	0.0358968135424996	0.0222110532591741	-0.1183475895	-0.0530803353	0.1900192654	0.0210252234	-0.1489735716	0.1090952293	-0.1152899846	-0.0138577951	-0.0706958994	0.1369627914	-0.1422339376	0.0720168522	0.052795759	-0.0908642925	-0.0871075593	-0.0583942728	0.0433108098	0.0264652342	0.0231230603	0.0122099936	0.0307041302	0.0221691976	-0.1945978443	0.0240368812	-0.0523037979	0.0125742371	0.0536461309	0.0510767405	0.0246680794	0.0966176977	0.0583264341	-0.0006996075	0.004010479	0.0644597623	0.0237180744	-0.0513104134	0.0686193334	-0.0719461707	-0.0612012942	-0.0547768611	-0.0388465633	0.1215439261	0.1297824522	0.0371587292	-0.0552290699	0.0358102139	-0.0021353594	-0.1037548274	-0.0474280397	0.0238846283	-0.1179421029	0.0279165083	0.0031627632	0.1331940596	0.1022962534	0.1141848348	0.0498351504	-0.0662245028	-0.0471202683	0.0768925855	-0.0391991235	0.0269463631	-0.0670593205	0.095395727	-0.0321385437	-0.0154707157	0.0862445708	0.1278447375	0.0089669432	0.1299643502	0.0109941057	0.0403170202	0.0521576667	-0.1016540472	-0.023839813	0.0655749539904064	0.000185952712556	0.0043000745908439	3.4578411306935645e-08	0.0689543373955814	0.0152440837095043	0.0002323820881423	0.0047547006456636	0.1597666856110748	0.0083104863259392	6.906418297362378e-05	0.025525393831148	0.0014311703562565	-0.0002060014253451	2.0482485886273573e-06	4.2436587244212816e-08	-0.0012367991866881	-3.702691478580018e-05	1.529672228192346e-06	1.3709924185549079e-09	0.0002798847282317	-9.747575910003985e-08	9.501523612129002e-15	7.833546109733255e-08	0.0	0.0	0.0	0.0	0.0	0.0	0.0	0.0	0.0	0.0	0.0	0.0
877.3407459003132	0.9812409822202426	0.9628338651885464	769726.784416918	1003.3089139665876	-1.2658051845005502	1006628.7768448136	1.602262765108472	848.352771335178	-0.0703513887193594	719702.4246320768	0.0049493178947424	874.5197480978425	656.6477989137289	1.197508	20.362679	0.0563261134751609	0.0245027960896272	-0.0314889118	-0.1342966136	-0.0953825943	0.0392944021	0.1195942756	0.0399403366	0.0308093603	0.016582103	-0.033615966	0.0754970454	-0.0466548454	-0.0153611401	0.1428479588	-0.0926317355	-0.0648820595	-0.0001659788	0.091501737	0.0183842321	0.0289193922	0.1019071022	-0.0978337166	0.0515154831	-0.0549018924	0.121074238	-0.012222457	0.1221793803	0.073316626	0.1062399194	0.2234924859	0.1626477761	0.0694347744	0.0237198976	0.1626104114	0.023562496	0.0115709225	-0.0359936456	-0.0044549887	-0.0753366722	-0.1194319804	0.0289190128	0.00478137	-0.0804655507	0.1508730889	0.0716194765	0.0406025198	0.015357938	0.1926586801	-0.0113117453	-0.0816066485	0.0006282648	-0.1100314992	-0.0064476834	-0.0818540515	0.0600227752	0.1257031821	0.0069106834	-0.10147528	0.1350773138	-0.1004382419	-0.1040510467	-0.0518455571	0.0793020174	-0.0423948798	0.0011092916	0.0162068512	-0.0043998937	-0.0085820131	0.0056431387	-0.002678153	-0.0740721111	-0.0034794793	0.0022286675	-0.0373088429	-0.10612066	-0.0119549848	0.057113166324882	-0.0084617876655243	0.0032619137676536	7.160185049642084e-05	0.072784731577812	0.0038303941822305	1.467191959126597e-05	0.0052976171508541	0.1710619575704157	0.0112952719593409	0.0001275831686354	0.0292621933278227	0.0012442623269438	-0.0001869080293127	1.5481887382516e-06	3.4934611421557134e-08	-0.0010096777887604	0.0002271213979277	1.0194492371160909e-06	5.158412939663273e-08	0.0005206284943526	0.0002407437661208	5.7957560926074595e-08	2.710540291318552e-07	0.0	0.0	0.0	0.0	0.0	0.0	0.0	0.0	0.0	0.0	0.0	0.0
874.1549291596987	-3.185816740614541	10.14942830477986	764146.8401741978	1005.7082124110632	2.399298444475562	1011449.0085110562	5.756633025662852	846.983563847012	-1.369207488166012	717381.1574269854	1.87472914564988	873.4350061003695	648.3673747770968	1.186814	20.180834	0.0629264075826324	0.0372057851746264	-0.2596213802	-0.164734978	0.0076184295	-0.012883035	0.0538217578	-0.0522940133	-0.0522498882	-0.0213001424	-0.0383729712	0.2009139554	-0.1751444414	0.0385601214	-0.0464879475	-0.0329766785	-0.2101356399	-0.0343873179	0.0266470097	-0.1101624865	0.1016053169	0.1063609298	0.0373589436	-0.0903713007	-0.0098352083	0.2333598536	0.1317773701	0.1401255337	-0.1070058385	0.0671601569	-0.0678199075	-0.186779213	-0.0154419895	-0.0425187185	-0.0886335736	0.1716419126	0.0884858504	-0.0883332287	0.003376239	-0.1319930487	-0.0639762725	0.030701313	-0.1794511007	-0.129723247	0.0811081638	-0.1437516625	0.0542615606	-0.0555716159	-0.025334458	-0.145969885	0.07842605	0.0660786447	-0.105067728	0.0680703851	-0.0620348533	0.1703299494	0.0547049301	0.0453977685	0.0725402171	0.1260284544	0.0898790159	0.1555839761	0.0167226367	0.2664821225	-0.0901446562	0.0480032304	0.0338530353	0.0324374573	0.0925450888	0.0414820131	0.0652067001	0.0802660008	0.0752666787	-0.0003821203	0.1042716742	-0.1104315261	-0.0	0.0701246502983963	0.0130114839735143	0.0049174665794723	0.000169298715193	0.0729446081667788	0.0001598765889667	2.5560523699657595e-08	0.0053209158606048	0.1992246155061821	0.0281626579357663	0.0007931353020069	0.039690447423586	0.0012448494520072	5.87125063399984e-07	1.5496501581626263e-06	3.447158400724353e-13	-0.0014171926918313	-0.0004075149030709	2.008435125780046e-06	1.6606839622488509e-07	0.0004968827407992	-2.3745753553399947e-05	5.638608118188061e-10	2.46892458104125e-07	0.0	0.0	0.0	0.0	0.0	0.0	0.0	0.0	0.0	0.0	0.0	0.0
876.7303968277058	2.5754676680071498	6.633033708950186	768656.1887216665	1000.5989188058036	-5.109293605259609	1001198.1963153431	26.10488114474673	849.1908155017429	2.2072516547309533	721125.0411325152	4.871959867312532	874.8282157504682	639.1742405212879	1.48269	25.211983	0.2308950142435146	0.0991002489353645	-0.1720386455	0.0821157723	0.0200144982	-0.1840338599	-0.1073320088	0.0977812211	0.1114034277	0.0148274146	0.0584179978	0.1336759815	0.0706516725	0.2000431399	0.2339622621	0.1157367211	0.0369604393	0.0672475332	-0.1207650691	-0.0191168738	0.1218562779	-0.0739612522	-0.0735910792	-0.175716222	0.2040607017	0.0467672485	-0.3293934072	0.2218436198	-0.0770035622	0.1593905131	-0.0177599474	-0.1431642114	-0.0795794259	-0.301178969	-0.0600834005	-0.0111693332	0.0211928536	0.1537493161	-0.0230791632	-0.057587946	0.085635555	0.019535105	-0.1430149499	-0.1185578477	-0.0394497755	0.3574636795	0.2798430219	0.2350887093	-0.1341000154	-0.2086103663	-0.0857112848	-0.1256499431	0.0037739201	-0.2191811419	-0.0922739066	-0.0278681286	0.1088015137	0.1330228579	0.0063180501	0.2261049834	-0.0432928776	0.1708908174	-0.0946161468	-0.2323105984	0.0820556629	-0.0119996422	-0.25026595	-0.1405991716	-0.2289043158	-0.0977481719	0.136071784	-0.1246588699	0.1085188203	0.0781741923	-0.0159135585	-0.1145803187	0.0119549848	0.0600920389495058	-0.0100326113488905	0.0036110531451089	0.0001006532904778	0.0219293182171895	-0.0510152899495892	0.0026025598086406	0.0004808949974707	0.150270491535494	-0.0489541239706881	0.0023965062537374	0.0225812206263189	-6.192699662533515e-05	-0.0013067764486325	3.834952911034271e-09	1.7076646867006608e-06	-0.0005250088389503	0.000892183852881	2.75634280975942e-07	7.959920273415859e-07	0.0002779832628258	-0.0002188994779734	4.791698145702703e-08	7.727469441127781e-08	0.0	0.0	0.0	0.0	0.0	0.0	0.0	0.0	0.0	0.0	0.0	0.0
882.2287567101795	5.498359882473665	30.23196139719581	778327.5791663891	1013.5384858049664	12.93956699916282	1027260.262207824	167.43239412582352	850.6490118238661	1.4581963221231715	723603.7413169199	2.126336513853545	876.9624203868748	654.188474465532	1.278859	21.745995	0.146074468422871	0.0848508875502476	-0.0275881616	0.2491581436	0.0661792341	-0.1415900798	0.1025518395	0.1039088267	-0.1250795109	0.0034282338	-0.0430202015	-0.2189430782	-0.1012713335	-0.0503144815	0.1748327134	0.1600420688	0.0846173772	-0.0103546567	-0.1219237363	0.1142841756	-0.0642454251	-0.1687486804	0.1617348186	-0.2195403477	0.2395688173	0.2048959873	-0.0397004394	-0.0932958819	0.0063712945	0.043025782	-0.0882759754	0.0545929562	0.153521843	-0.0829029673	0.1269877407	0.0085139931	-0.089708242	0.1547344689	0.2491853072	0.2201408384	0.0573217512	-0.0724159444	-0.1693973856	-0.1602938362	-0.1685668575	0.007309032	0.2917738534	0.0797169324	-0.0328940836	0.0513730325	0.0118767506	-0.110668951	0.039707208	-0.3469061204	-0.1794738451	-0.1304608686	-0.1902711657	0.1233256867	0.1672858035	0.1006665489	0.0990534867	0.1117011141	-0.0674435865	-0.1583249544	0.116864422	0.0013023049	-0.1776754844	-0.1972816885	-0.1093503553	0.0413649219	-0.0448692104	-0.0412843165	0.0232529653	-0.0006678404	-0.0840096957	-0.1185609488	0.023839813	0.0720155125491004	0.0119234735995945	0.0051862340477096	0.0001421692226802	0.0267145152964616	0.0047851970792721	2.2898111087474245e-05	0.0007136653275248	0.1740624628678801	0.0237919713323861	0.000566057899881	0.0302977409796321	-0.001337453401362	-0.0012755264047366	1.7887816008147831e-06	1.6269676091804423e-06	-0.0001359851452007	0.0003890236937495	1.849195971525546e-08	1.5133943429858254e-07	0.0007249096925719	0.0004469264297461	1.997432336055957e-07	5.254940623846866e-07	0.0	0.0	0.0	0.0	0.0	0.0	0.0	0.0	0.0	0.0	0.0	0.0
881.0796317170696	-1.149124993109922	1.320488249789878	776301.3174266869	1013.7119201660156	0.1734343610492033	1027611.8570866704	0.0300794775925454	850.4546143213907	-0.1943975024753399	723273.0510205455	0.0377903889686497	876.6283036694084	667.3928850110743	1.315647	22.371542	0.1565966886511533	0.0844602532820298	0.0817243171	0.0442904102	0.1094991113	0.0620136912	0.0225474128	0.0514808079	-0.0930466794	0.0076994432	-0.0788820874	-0.0680390195	-0.1458544832	-0.2759279331	-0.0175185745	0.0116163154	0.0611027028	-0.1461921561	0.0319239271	0.0350567178	-0.060682054	-0.0993937879	0.0023833265	-0.0249373604	-0.1343291989	0.0483941686	-0.0253416176	0.0976391532	0.1062390216	0.0449723751	0.0109624238	0.0025137467	0.0681710991	0.1632362664	0.13232898	0.0054117595	-0.1392408618	-0.0855389458	0.0871018226	0.0397308568	-0.053925485	-0.2068708955	0.0031432089	-0.0323223677	0.0751700561	0.0748477946	0.0054879415	-0.0535931462	0.0471121053	-0.0529804683	0.0019490364	-0.0197614775	-0.0440972858	-0.095325376	-0.0110451655	-0.0657312477	-0.0096614783	0.1509914316	0.015211911	-0.1227996076	-0.0405344099	-0.0775205711	-0.0709227333	-0.1283253858	-0.0520118445	-0.0113660294	0.2178602346	0.0459903286	0.1228680723	0.1816078757	-0.1368184221	-0.0670727403	-0.1528696119	-0.0990304018	-0.0302496657	-0.1223675745	0.0355847396	0.0887068556363459	0.0166913430872455	0.0078689062368875	0.0002786009340561	0.0419938115191058	0.0152792962226442	0.0002334568930593	0.0017634802059021	0.1716650932613816	-0.0023973696064985	5.747381030162775e-06	0.0294689042444388	1.3206501129002997e-05	0.001350659902491	1.7441167207035743e-10	1.824282172197006e-06	-0.0009429952011257	-0.000807010055925	8.892399493460995e-07	6.512652303640717e-07	0.0004380060562926	-0.0002869036362793	8.23136965102849e-08	1.918493053489963e-07	0.0	0.0	0.0	0.0	0.0	0.0	0.0	0.0	0.0	0.0	0.0	0.0
879.0200640850983	-2.059567631971277	4.241818830663772	772676.2730641703	1011.77455884661	-1.937361319405568	1023687.7579292523	3.753368881928883	849.5168518490261	-0.937762472364625	721678.8815754802	0.879398454575414	876.7111467341787	652.9724523607518	1.065011	18.109667	0.0810440145754334	0.0458712386102816	-0.1151315355	-0.0090832697	-0.0725990749	-0.006355299	0.0196241631	0.0460750669	-0.1229151227	0.0765932219	-0.002360877	0.0222112984	-0.069446634	-0.0337380819	0.0028169669	-0.0488499279	0.005006442	0.0081468111	-0.011735193	-0.0988520303	0.1264437827	-0.1204483434	-0.0746134369	-0.050539923	0.0498183332	0.0756311089	0.0653178462	0.0928521231	0.0282743706	-0.0589331399	0.0232715072	-0.0360573599	0.3174424389	-0.056936867	0.0718777252	-0.0180320094	0.0193274856	-0.031486967	-0.0043270912	-0.0248339553	0.0749530125	-0.0707002273	-0.1079263902	-0.2254500281	0.0288517163	0.0010609518	0.0550558107	0.146212504	0.0371789762	-0.0231468856	-0.0952801638	0.0035961724	-0.0387410598	-0.1108727577	-0.0992196198	-0.0699572002	-0.0525051455	0.1394021605	0.0256705864	0.1363930292	0.0207448252	0.0347924534	0.0377952545	-0.0662735997	-0.0675252962	-0.0099680314	-0.0031626917	0.077588293	0.0470868358	-0.0228683285	-0.0037206336	-0.0252633794	-0.0920648631	-0.0806625356	0.0037695869	-0.1259946088	0.0471208409	0.0803537922400181	-0.0083530633963277	0.0064567319273519	6.977366810307129e-05	0.076630046327935	0.0346362348088292	0.0011996687617323	0.0058721640002214	0.1979151281733777	0.026250034911996	0.000689064332881	0.0391703979598845	-4.3871550812004826e-05	-5.707805194100782e-05	1.924712970650321e-09	3.257904013380387e-09	-0.0009240059882795	1.8989212846200047e-05	8.537870663763755e-07	3.6059020451828886e-10	0.0002779796919142	-0.0001600263643783	2.5608437296168442e-08	7.727270911671355e-08	0.0	0.0	0.0	0.0	0.0	0.0	0.0	0.0	0.0	0.0	0.0	0.0
877.9955382412403	-1.0245258438579867	1.04965320473292	770876.1651715252	1009.775321219308	-1.9992376273020227	1019646.1993435568	3.996951090420221	848.511802037557	-1.0050498114691209	719972.2781970223	1.010125123534115	873.683330984214	653.8329813773172	1.002348	17.044134	0.1183196732833373	0.0546115219091123	-0.0536592615	0.0402253027	0.1956915402	0.1141120287	-0.0250737475	-0.0057147751	0.0744593743	0.0212856654	-0.0336045607	-0.0577680763	-0.1153236805	0.026856621	-0.0667128531	0.1663459009	-0.0374960823	0.0556554466	-0.0336542923	0.0067679935	0.0356748673	-0.1090444758	0.0920652004	-0.2286487245	-0.0290391945	-0.077275198	-0.085759054	-0.0430492581	0.0840970412	-0.1054488218	0.224664645	0.0795100619	0.0312155285	-0.0155588251	0.0150508312	0.0194850256	0.0672609611	0.0176223394	0.0622428805	-0.075986774	0.0379482203	-0.1729386564	-0.0703493007	0.1877134101	-0.1597146773	-0.0088089718	0.0558556487	0.1487710112	0.0172166939	0.0734444703	-0.0178514217	0.036509935	-0.0038749614	-0.030587014	-0.0061839187	-0.0005855761	0.012547212	0.222257887	0.0767711501	-0.1573618693	-0.0649666101	0.0526575705	-0.0463202745	-0.1398586447	0.0243974047	0.0554898857	0.0610917812	0.0882560043	0.0639227621	0.0636905434	-0.1038211161	-0.0309031044	-0.1134911896	0.04033712	-0.0851226131	-0.1294367287	0.0583804184	0.0902241651487685	0.0098703729087504	0.0081403999767922	9.742426135779404e-05	0.0498987741456034	-0.0267312721823316	0.0007145609124858	0.0024898876612339	0.2059557239839478	0.00804059581057	6.465118098895736e-05	0.042417760241752	0.0004655667970843	0.0005094383478963	2.167524425473338e-07	2.595274303073165e-07	-0.0012817966440004	-0.0003577906557209	1.6430026365706885e-06	1.2801415332119166e-07	0.0008842993359307	0.0006063196440165	3.676235107202953e-07	7.81985315527477e-07	0.0	0.0	0.0	0.0	0.0	0.0	0.0	0.0	0.0	0.0	0.0	0.0
877.2999471074461	-0.6955911337942098	0.4838470254131142	769655.1971947277	1002.7321058436804	-7.043215375627597	1005471.676089702	49.60688282747699	847.4183954662747	-1.093406571282344	718117.9369746355	1.1955379301234117	873.5142538955531	646.6919274506746	1.008909	17.155706	0.0366736177922172	0.0197869896488141	-0.1028343943	-0.0442328512	-0.1113243954	0.0004869189	-0.0885440673	0.0378937304	0.0201570974	0.0829300381	0.0986988633	0.0373128811	-0.0263558887	0.0724940692	0.1420212357	-0.0575100789	-0.0532227244	0.3190535119	0.0124027629	-0.0857663112	0.0362030816	0.0696120758	0.0346915802	-0.076116587	-0.0720983036	-0.0092978041	-0.0113498072	0.0314420235	-0.0463792499	-0.1217370171	0.1211367735	0.0729622169	0.0274591809	0.0163009038	0.1395727535	-0.0641074634	0.2482304761	0.0598634772	-0.0801360979	-0.0584050614	-0.0898719359	0.0265500224	-0.0733181728	0.0802281596	0.0075412786	0.0100984725	0.0490885569	0.1875882994	0.1603279066	0.1327841397	0.0376759365	0.0337001217	-0.0164047791	0.0003881614	-0.0796396662	-0.0331568219	0.004010043	0.0612188173	0.0379430159	0.1210174999	-0.0341966666	0.0278234218	0.0439288745	-0.0560640981	-0.0341523467	-0.01826109	-0.0221892716	0.1311366748	0.0401738895	-0.122058565	-0.0188564351	0.0362389999	-0.2025200031	-0.0097813279	0.0572465373	-0.1326888823	0.0692973963	0.0783566884868349	-0.0118674766619336	0.0061397706306228	0.0001408370023215	0.0624543851120193	0.0125556109664159	0.0001576433667399	0.0039005502197204	0.205881402619525	-7.432136442278581e-05	5.523665209664532e-09	0.0423871519445829	0.0004509853704965	-1.458142658779997e-05	2.0338780440186538e-07	2.1261800133539988e-10	-0.0010727971198345	0.0002089995241659	1.1508936603251988e-06	4.3680801101572616e-08	0.0009042425611659	1.994322523519998e-05	3.9773223278191727e-10	8.176546094238663e-07	0.0	0.0	0.0	0.0	0.0	0.0	0.0	0.0	0.0	0.0	0.0	0.0
878.370171051804	1.0702239443579629	1.145379291077116	771534.1573935755	1011.30017351423	8.568067670549567	1022728.0409499116	73.41178360711669	848.0280142890083	0.609618822733637	719151.5130189585	0.3716351090311455	873.7340126116251	651.8936230546085	1.041828	17.715466	0.0315975656622322	0.0212153640828075	0.0040069505	0.0469946697	0.1547710221	-0.0307247297	0.0145201478	0.0576149121	0.024712015	-0.0478264925	-0.1070723924	-0.126626641	-0.1053643572	-0.06992958	0.1050992463	0.0653404743	-0.0595249193	0.1146778697	-0.039916339	0.0916880616	-0.1152659911	-0.078072938	0.1887824571	-0.1494228581	0.0223419709	0.0921896655	-0.0662671634	-0.0101204805	-0.1132557809	-0.1885882583	-0.1130650346	0.094770339	-0.1826739598	0.1136902174	-0.0734874352	0.0433852445	0.1185034564	0.0899687771	0.101044847	0.1073857185	-0.1031552111	-0.0944474924	-0.0636546949	0.1152925034	-0.1677797358	-0.1600295628	0.0325367144	0.0302373691	0.0225376617	-0.1237935557	0.0975260332	0.0482032969	0.0035887822	-0.0223753675	0.0041490908	-0.0465521457	-0.0173104946	0.0693600601	0.1887045122	-0.1307574657	0.0961107907	0.2092721765	0.023497852	-0.0025414421	0.064015785	0.1532689198	0.1054663812	-0.032109586	0.0944766115	0.0725501205	-0.0803432874	0.0267430637	-0.2242157797	-0.1450226848	0.0846112736	-0.1357462967	0.0798077096	0.0818698041648389	0.0035131156780039	0.006702664833989	1.2341981767037486e-05	0.0642580517063748	0.0018036665943555	3.2532131835939845e-06	0.0041290972090991	0.2060739560098028	0.0001925533902777	3.7076808107472566e-08	0.0424664753455301	0.0002511577358928	-0.0001998276346037	6.308020829879747e-08	3.9931083551309855e-08	-0.0010728451210659	-4.800123139985305e-08	1.1509966537949054e-06	2.304118215902238e-15	0.0012261315253227	0.0003218889641567	1.0361250524593765e-07	1.5033985173901708e-06	0.0	0.0	0.0	0.0	0.0	0.0	0.0	0.0	0.0	0.0	0.0	0.0
881.0331365242054	2.6629654724013108	7.091385107201536	776219.3876536791	1001.0563844081332	-10.243789106096756	1002113.8847642842	104.93521525018656	851.1051698260837	3.0771555370754413	724380.0101046868	9.468886199354047	873.852269367336	649.8002636037608	1.27732	21.719818	0.1037156233423296	0.0469748226843015	0.0507503336	-0.0306270274	-0.1519088094	-0.2087058629	-0.2911045189	-0.1700268332	0.021071803	0.1375908273	0.1692710077	0.0758009569	0.1773249285	-0.1100706383	0.0502487684	-0.1803075	0.1899583638	0.0733777709	0.0910383043	-0.192724107	-0.1037056633	-0.0583033244	-0.0453874818	-0.022426482	-0.0465238681	-0.0947952641	-0.1892132032	0.0518724104	-0.1506802177	-0.0411680382	-0.0039530604	-0.0691202409	0.1436699645	0.0461313844	0.0205375217	-0.2190420455	0.0184957946	-0.0730354989	-0.2382993424	0.0809151748	-0.0544837992	-0.0840126502	0.046229888	0.0747759399	-0.1614213094	0.0614467485	0.0752306089	-0.0116510492	0.0872492397	-0.1527468921	0.0793185057	0.0232813673	0.063467568	0.0309541778	-0.0363470476	-0.2031815567	-0.0542396336	0.014216485	-0.0749677139	0.0279736535	0.1877782146	0.0570616045	0.0807733669	-0.0795607237	-0.134339258	0.0061400737	-0.0320085026	-0.0513314505	0.1510972206	-0.0474799191	0.0328407202	0.1013170897	-0.2202176975	-0.150885477	0.0478765832	-0.1386044847	0.0898496795	0.0794555981155866	-0.0024142060492522	0.0063131920719056	5.828390848246392e-06	0.0838486106553233	0.0195905589489484	0.0003837899999322	0.0070305895088279	0.167783855923929	-0.0382901000858738	0.0014661317645862	0.0281514223087017	-0.0001482924660043	-0.0003994502018971	2.1990655473636473e-08	1.5956046379563397e-07	-0.0013580783611766	-0.0002852332401107	1.84437683509612e-06	8.135800126404834e-08	0.0010423998021654	-0.0001837317231573	3.3757346094350736e-08	1.086597347554465e-06	0.0	0.0	0.0	0.0	0.0	0.0	0.0	0.0	0.0	0.0	0.0	0.0
884.9212385950988	3.88810207089341	15.117337713685624	783085.5985166837	1009.431108834403	8.374724426269722	1018951.1634826524	70.13600921595872	850.9535026550293	-0.1516671710544415	724121.8636808629	0.0230029307756572	876.7958793561484	678.2005130849619	1.221396	20.768871	0.0724998348140779	0.0519481228326208	0.089156706	0.1415200262	-0.1532672846	-0.0061461673	0.0420699663	-0.0186442172	-0.0562786921	-0.0595178907	0.0561713894	-0.2372876091	0.2047703612	-0.0257107554	-0.0190025366	0.022500029	0.1228647464	-0.0434551734	-0.048831094	0.1191277283	-0.0590672798	-0.0724204019	-0.0155453125	0.155579358	0.0760531084	-0.0553186579	-0.0719917829	0.0176104393	-0.3929189598	-0.1350931897	-0.1262705974	0.2255807818	0.1027817708	0.0042156299	-0.1118282559	-0.0753459644	-0.052137414	0.0880900531	-0.0096341082	0.1561303356	0.1612513138	0.1509489909	0.1689705631	0.0152559339	-0.1448675913	-0.1702246174	-0.1105207805	-0.0515242253	0.1533745099	-0.2427481007	-0.1551998239	0.0014989294	0.0868656725	0.0083277046	-0.0369935198	-0.0712500671	-0.1801364359	-0.1902770778	0.0202358732	-0.0263707137	0.0889220702	0.1168092602	0.0250695841	0.1084646711	0.1489028984	-0.0906966699	-0.0567634299	0.1639379759	-0.0925052454	0.0492578572	-0.0320437004	-0.0157352672	-0.1677526923	-0.0009622829	0.0379204959	-0.1412592515	0.0993643757	0.0804428394065297	0.0009872412909431	0.0064710504117847	9.74645366543004e-07	0.0643322994199593	-0.019516311235364	0.0003808864042355	0.0041386447486592	0.1691175271450049	0.0013336712210758	1.7786789259260509e-06	0.0286007379876414	0.0007407739522783	0.0008890664182826	5.48746048374013e-07	7.90439096117851e-07	-0.0014756160143041	-0.0001175376531274	2.1774426216707176e-06	1.3815099902720465e-08	0.0010490479520892	6.648149923800095e-06	4.41978974093232e-11	1.1005016057825444e-06	0.0	0.0	0.0	0.0	0.0	0.0	0.0	0.0	0.0	0.0	0.0	0.0
881.8885026245159	-3.0327359705828485	9.197487467267091	777727.3310613108	1013.0800756835938	3.648966849190856	1026331.2397470762	13.314959066493843	850.7904943890042	-0.1630082660251446	723844.4653426862	0.0265716947925243	876.2039432171694	673.2641995970965	1.117491	19.00206	0.0288496386839309	0.0181982153252168	0.1679986094	0.0950837666	0.1098843714	0.1702979418	-0.0748281551	-0.0899758488	-0.0071823672	-0.0011589053	-0.0303802775	-0.1370409978	0.0244995144	-0.0682328449	-0.1614277721	0.0230987656	0.0987733805	-0.1457166097	0.0897379703	-0.0330563349	0.0035214229	-0.0882514828	-0.034038251	-0.0230617051	-0.06101408	-0.0866999809	-0.0570099304	-0.1398381321	-0.1659774537	-0.0282811605	0.1922530626	-0.0469796929	-0.0897337262	-0.0548637221	0.168587466	-0.0677840516	-0.1426818888	-0.1145014548	-0.0001090951	-0.0052379512	0.0972543686	-0.1133881875	0.1216719752	0.1919331488	-0.0980406656	-0.027829043	0.02830008	0.0780640742	0.1529429542	0.0256723548	-0.1105376847	0.0195554724	0.0735717368	0.0616017711	0.0666313034	-0.0695293056	-0.0670023971	-0.0119831287	0.0392033375	-0.2649187972	-0.0441869164	0.0410017083	0.0071808971	-0.0062798525	0.0797338327	-0.140593026	-0.027492738	0.1479806297	-0.1081032439	-0.1647691102	0.0273785146	0.1089002597	-0.1602008377	0.1423961469	-0.0745966942	-0.1437067008	0.1082959623	0.0853029814808792	0.0048601420743494	0.0072765986495272	2.3620980982862227e-05	0.0641501334921059	-0.0001821659278534	3.318442527069132e-08	0.004115239627055	0.1831388224368879	0.014021295291883	0.0001965967216621	0.0335398282835699	0.0007579054348899	1.713148261160008e-05	5.744206482356485e-07	2.9348769647155587e-10	-0.0014750404964953	5.755178088000159e-07	2.1757444663011007e-06	3.3122074824597164e-13	0.0012270616594657	0.0001780137073764	3.1688880013926136e-08	1.5056803161307173e-06	0.0	0.0	0.0	0.0	0.0	0.0	0.0	0.0	0.0	0.0	0.0	0.0
881.0868526393876	-0.8016499851282788	0.6426426986561696	776314.041893982	1006.3915338570732	-6.688541826520577	1012823.9194191926	44.73659176511522	849.5746801164415	-1.2158142725626249	721777.1370949539	1.4782043453669846	875.6918766139709	681.821526034766	1.131008	19.231901	0.0510913435643311	0.029686119498003	0.1398574834	-0.0412753548	-0.1656562534	-0.0100473799	0.1139561136	-0.0771561245	0.0776030481	-0.0158466322	0.0374465206	-0.1022317802	0.0987393009	-0.0010371139	-0.0188701312	-0.0881610818	0.0359320075	0.0716583772	0.0298479568	-0.0096459474	-0.0901726821	0.0158572086	-0.0209230227	0.1281474611	0.0654178945	-0.0106289313	0.0582349217	-0.1409286853	-0.0935525566	-0.0014433442	0.0371685771	-0.0510706532	0.0604530653	0.0283691783	-0.1502071031	-0.0463318514	0.0244616462	-0.0277138695	-0.0837309104	0.1010304179	-0.0234342984	0.1563576005	0.1061857521	0.0265666357	-0.0348315362	-0.0132849837	0.0011160112	0.0187184216	0.0959345045	0.1456689723	0.0315756589	-0.0035019161	0.0797690608	0.0350606152	0.0109622211	-0.0564495568	-0.0245295059	-0.2113663298	-0.0892295987	-0.0038890719	-0.0618354988	-0.0477607655	-0.0365855788	0.0158628491	0.0111580495	-0.0905562838	0.0511271962	0.1340972348	-0.0733482499	-0.0857255957	0.0208006871	-0.0257065434	-0.0862615663	0.0567933686	-0.0981030627	-0.1459432408	0.1165920251	0.093208531574362	0.0079055500934828	0.0086878303582488	6.249772228056595e-05	0.0710078296682326	0.0068576961761267	4.702799684406286e-05	0.0050421118741927	0.1564463300314713	-0.0266924924054166	0.0007124891508132	0.024475454180316	0.0007577642393434	-1.4119554650005118e-07	5.742066424276815e-07	1.9936182351448108e-14	-0.0014756104283093	-5.699318140000523e-07	2.177426136135156e-06	3.2482227260939025e-13	0.0010350606890401	-0.0001920009704256	3.686437264437213e-08	1.0713506299961664e-06	0.0	0.0	0.0	0.0	0.0	0.0	0.0	0.0	0.0	0.0	0.0	0.0
877.8393847856618	-3.24746785372588	10.54604746098297	770601.9854808692	1007.2204299490792	0.828896092005948	1014492.994506808	0.687068731342733	847.0819399091932	-2.492740207248289	717547.8129203221	6.213753740832243	873.8715024495863	667.5351941971286	0.960774	16.3372	0.0741455117032559	0.0403758871345045	0.0289762803	-0.0715909279	-0.0598107055	-0.043526931	0.0413544613	-0.141852679	0.0487663213	-0.0229084845	0.0029089331	0.048608901	0.0049439578	0.0655810887	-0.041574395	-0.1210734947	-0.1064046989	0.1436439156	0.052947882	-0.1580470791	-0.0631035401	0.0903970146	-0.0504118269	-0.0268483411	0.0814037748	-0.065095824	0.0922505518	-0.0090918123	0.0801247549	0.1124932582	-0.1038238018	0.0151588417	-0.1334119191	-0.1703673079	0.1330349679	0.0274425671	0.1474310905	-0.0581369242	-0.1305111976	-0.0469640509	-0.0978219066	0.0162353453	0.0086609167	-0.0507043602	-0.0449732049	-0.0204564735	-0.0243144252	-0.0280058169	-0.0882860883	0.0990462026	-0.1471656996	0.0102345832	0.05460171	0.0482009098	0.0236765997	-0.0876673067	0.0290092357	0.0129848805	-0.0325271667	0.0664698616	0.0632062313	-0.0934890924	0.0549263855	0.071621148	-0.0979159068	-0.0238998913	-0.0081174895	-0.0364460214	-0.0156599424	-0.0318212118	0.0361499882	0.0486823286	0.0799036956	-0.0149028559	-0.0168204982	-0.1479655889	0.1242038795	0.0894344631122123	-0.0037740684621496	0.0079985231921696	1.4243592756992993e-05	0.0806975268946672	0.0096896972264345	9.38902323399742e-05	0.0065120908469155	0.174537118331358	0.0180907882998866	0.0003272766213113	0.0304632056754144	0.0002530430195851	-0.0005047212197583	6.40307697607453e-08	2.5474350967430613e-07	-0.0013723991968142	0.000103211231495	1.883479555416261e-06	1.0652558306735116e-08	0.0007911739859978	-0.0002438867030422	5.948072392084301e-08	6.259562761196469e-07	0.0	0.0	0.0	0.0	0.0	0.0	0.0	0.0	0.0	0.0	0.0	0.0
881.44325966329	3.6038748776281855	12.987914133599576	776942.220005846	1003.9758165631976	-3.244613385881621	1007967.4402437392	10.527516023842198	849.7222764756945	2.640336566501219	722027.9471390365	6.971377184403445	875.1617603734596	658.1342866760016	1.010853	17.188759	0.0612934241343976	0.0394641222559068	-0.0540590925	0.1407033004	-0.1485399231	0.0149514214	0.0111575286	0.0735211243	0.0455365756	-0.0114990177	0.0718115087	-0.0147090022	0.1488469817	0.0788652067	0.0800517227	0.1360415856	0.050975333	0.111507309	-0.0895419473	0.0551683841	0.0238101526	0.016943136	0.0733882028	0.0815950308	0.0929924544	-0.0129240141	0.2055610865	-0.1047314532	0.0581654978	0.0359658322	-0.129281588	-0.058107084	-0.0924879476	0.0851692238	-0.0320222286	-0.0502051279	0.1019034393	0.1510985976	-0.0214091139	0.0336998338	0.0955601762	0.0720588009	0.0070269445	-0.0396576676	-0.08628033	-0.0728106196	-0.1136054298	-0.1973205558	-0.1274920853	0.0748036668	0.1450856093	-0.0035085418	0.1168236988	0.0474642574	0.0649939431	-0.0197001192	-0.0797400086	-0.0628564818	-0.0983652443	0.0929779886	0.0073599312	-0.0328587855	0.092100396	0.0190809292	0.0716087715	0.0541712046	-0.0679740565	0.0475371829	0.0213986301	0.0480808044	-0.0283514861	-0.0066844071	0.2271118053	-0.0035270972	0.0623871705	-0.1497707771	0.1310868562	0.0943020383178776	0.0048675752056653	0.0088928744309064	2.369328838280762e-05	0.080453324071243	-0.0002442028234241	5.963501896834558e-08	0.0064727373541124	0.1444189800144499	-0.0301181383169081	0.0009071022556764	0.020856841788414	0.0002532492838122	2.0626422710004306e-07	6.413519975139224e-08	4.2544931381178135e-14	-0.0018933978995416	-0.0005209987027274	3.584955605988543e-06	2.714396482436339e-07	0.0007912391748113	6.518881350003891e-08	4.249581405542855e-15	6.260594317560669e-07	0.0	0.0	0.0	0.0	0.0	0.0	0.0	0.0	0.0	0.0	0.0	0.0
880.4110742485674	-1.0321854147225622	1.0654067303659878	775123.6596595164	1012.310903363909	8.335086800711451	1024773.3650694536	69.47367197539425	849.5532650417751	-0.1690114339193087	721740.7501431407	0.0285648647954608	875.5405605198182	671.7991058989111	1.082645	18.409527	0.105686553402286	0.0581507242788059	0.1694343475	-0.0276237679	0.0899770263	0.0729623381	0.0394814048	-0.1155646488	-0.0318783696	-0.0356369584	-0.0439688737	-0.0692706832	-0.0509314722	-0.0995327405	-0.1096982083	-0.0866220044	0.0274229304	-0.0537887435	0.0652249979	-0.0235748955	-0.1288069001	0.009641005	0.0927628848	-0.0494344461	-0.0449333279	-0.040203505	-0.0145736926	-0.0869553094	0.0481185751	-0.1078081628	-0.0633487412	-0.1631170992	-0.1804374364	0.1046631022	0.0750276884	-0.0031079946	-0.0591476031	-0.0770360065	0.0097340642	0.071685218	-0.0932156055	-0.0555212529	0.0652754049	0.1169578279	-0.0525682765	-0.1299059419	-0.0133879701	-0.062762255	-0.1169827771	0.0726165591	0.1409429573	0.0439051194	0.0664579479	0.0180001105	0.0725042595	-0.019813642	-0.0375904052	0.0040730665	-0.0114152521	-0.1592713598	0.0556843118	-0.0808507388	-0.0018947358	0.0906725806	0.0238613762	0.0359013572	0.0556581419	-0.1402995182	-0.0389541569	-0.1264567422	-0.041685404	0.0035340004	0.1150715754	0.0422128904	-0.0345636559	-0.1513561561	0.1372005631	0.0920876390604377	-0.0022143992574399	0.0084801332677254	4.903564071350418e-06	0.0663724856326837	-0.0140808384385592	0.0001982700111328	0.0044053068490608	0.1939547564733317	0.0495357764588818	0.0024537931493843	0.0376184475586294	0.0002538636749227	6.143911104999618e-07	6.444676544525829e-08	3.774764366613762e-13	-0.0014758506540859	0.0004175472454557	2.178135153165778e-06	1.743457021876427e-07	0.0011701883231932	0.0003789491483819	1.436024570593673e-07	1.3693407117377131e-06	0.0	0.0	0.0	0.0	0.0	0.0	0.0	0.0	0.0	0.0	0.0	0.0
879.6611700638624	-0.7499041847049739	0.5623562862380316	773803.7741181235	1002.80973979405	-9.501163569859044	1005627.3742258102	90.27210918121668	849.5914943483141	0.0382293065389376	721805.7072690014	0.001461479878448	875.1663266997977	649.9601488429436	0.997316	16.958567	0.0641698850365909	0.0274233133745958	-0.0809184358	0.0451640234	-0.109713749	0.0896964295	-0.0455023586	-0.0088216538	0.045121512	0.0622603924	0.1003670016	0.0173987465	0.0953120302	0.0917181773	-0.0668224539	0.096753384	0.0190920013	-0.0114350517	0.0601701395	-0.0006119218	0.0929150159	-0.0956947126	-0.024073945	0.08659543	0.0258765924	0.01797267	0.0506009881	-0.0090753305	-0.0424803742	-0.0653871433	0.0147160313	0.0694213427	-0.0121110515	0.1240398363	-0.041767757	-0.0436490978	0.0281329991	-0.0470073666	-0.0110465323	-0.0309535909	0.1703642603	0.0714625263	0.0635878357	-0.0308899792	-0.0259679933	-0.0276729104	-0.0453429667	-0.0019740458	0.0859132675	0.0295865724	0.018040121	0.057838147	0.0607031337	0.0688421348	-0.0409103721	0.0453444575	-0.0959127183	-0.0278276106	-0.0297252373	0.0136881405	-0.0692775776	-0.0585784784	0.0617509121	0.0353216541	0.0698480221	0.0201476575	-0.0929037052	0.0344458081	0.0052439439	-0.1597398192	0.023621143	0.0191520441	0.1237874194	0.0069882119	0.1122860276	-0.152719399	0.1425091225	0.1014587771739314	0.0093711381134937	0.0102938834656294	8.78182295421743e-05	0.0772544561071555	0.0108819704744718	0.0001184172814072	0.0059682509884124	0.2044277734798072	0.0104730170064754	0.0001096840852179	0.0417907145699113	0.0005251072456978	0.0002712435707751	2.7573761948432973e-07	7.357307468682672e-08	-0.0018426854375315	-0.0003668347834455	3.3954896216906557e-06	1.3456775834558024e-07	0.0012009851578155	3.079683462229991e-05	9.484450227532902e-10	1.4423653492931212e-06	0.0	0.0	0.0	0.0	0.0	0.0	0.0	0.0	0.0	0.0	0.0	0.0
879.9846868022389	0.3235167383764974	0.104663080009767	774373.0490064345	1010.140490461077	7.330750667027019	1020383.8104689452	53.73990534211708	848.175300280253	-1.4161940680610314	719401.3400054974	2.0056056384112533	874.6400854051727	667.0544890093292	1.092424	18.575815	0.0458132418712292	0.0244917229565393	0.1708634467	-0.0610407217	0.1253235932	0.0166754894	0.0784539574	0.0807558646	-0.0572595865	-0.0672396057	-0.1559499982	-0.0575888455	-0.0414630743	-0.0986849378	0.1165925535	-0.0002484471	-0.0879802789	-0.0096770412	0.0765902635	0.2004798736	-0.0989322905	-0.0574015652	-0.019789551	-0.0117579027	-0.2074883665	0.0066411599	-0.1017003359	-0.0667299646	0.0103734479	-0.0660244861	0.0809984567	0.0586761931	-0.0635019729	0.033205225	-0.0190072515	0.0438789967	0.0123411176	0.0018284482	0.1687488439	-0.0228014438	-0.1087296223	-0.0676937505	0.1648267018	0.1090437641	0.0521556375	-0.0335130195	-0.0001339762	-0.0168476313	0.0658225496	0.0678360194	-0.0791759495	0.0369132891	-0.0050739697	-0.017904759	0.0623548342	0.0537429341	-0.034428835	-0.0872164207	0.069073458	-0.1876334915	0.0059451707	-0.0564298778	-0.0624266006	0.0415228564	-0.0869240325	0.0373667521	0.0841318266	-0.1495317558	-0.0655047656	-0.0448643143	-0.0631677065	-0.0671612529	0.0426852816	0.0532865793	0.0836640817	-0.1538585052	0.1469813818	0.1083039989112961	0.0068452217373647	0.011729756180178	4.685706063369033e-05	0.0641361039587025	-0.013118352148453	0.0001720911630908	0.0041134398310014	0.2049144542402388	0.0004866807604315	2.3685816257427645e-07	0.0419899335565749	0.0005573068795833	3.219963388549998e-05	3.105909580308749e-07	1.0368164223602384e-09	-0.0014756980478389	0.0003669873896925	2.1776847283955407e-06	1.3467974419338814e-07	0.001092912436894	-0.0001080727209214	1.1679713007376397e-08	1.1944575947175816e-06	0.0	0.0	0.0	0.0	0.0	0.0	0.0	0.0	0.0	0.0	0.0	0.0
878.4455062207833	-1.5391805814556392	2.3690768623301195	771666.5073994882	1003.0638527134488	-7.076637747628183	1006137.0926203472	50.07880181115608	848.8190542856852	0.6437540054321289	720493.786918445	0.4144192195099094	874.1287793660902	654.2902846791824	1.20294	20.455046	0.0626981663763213	0.0294658286974704	-0.1197214275	0.0713596067	-0.0748068319	0.1340735181	-0.0324833171	0.006580099	0.0081458962	0.0482711483	0.0916800651	0.190871686	0.0239852597	-0.1427046711	-0.0799302176	0.0768777741	-0.0320310655	0.0680907979	-0.0177896455	-0.0722010805	0.1088320875	-0.0386994451	-0.114843998	-0.0004399197	-0.0332851908	-0.1279550573	0.137918352	0.0267151233	0.1426330866	0.1030456564	0.0373523335	-0.0333093871	-0.082768202	-0.1031640117	0.0596811401	-0.0191156388	0.062923745	0.0079718052	-0.0826298489	-0.1446056534	0.0648549227	-0.0965138037	-0.0081885704	-0.0888696109	0.0636664	0.0400816548	-0.1273492286	-0.0720079751	0.025070797	0.0802121157	-0.1214021662	0.0328833058	0.0469147173	0.0774993734	-0.0033839943	0.0642365886	-0.0325408835	0.0782650136	-0.0675530496	0.0680693931	-0.096950083	-0.1408659622	0.0582819052	0.0102812713	0.0565274193	0.0163338389	-0.0048424053	0.0606104492	0.0371727166	0.034214104	0.0028375351	-0.0663979856	0.0633660503	0.010537428	0.0015004859	-0.1547718027	0.1505910958	0.0952040201832176	-0.0130999787280785	0.0090638054590465	0.0001716094426761	0.0693891166097131	0.0052530126510105	2.759414191167735e-05	0.0048148495038763	0.1889868153751166	-0.0159276388651221	0.0002536896798177	0.0357160163856284	0.0004391436495143	-0.000118163230069	1.9284714490873842e-07	1.3962548940339424e-08	-0.0016248309958566	-0.0001491329480176	2.6400757650963504e-06	2.2240636184449978e-08	0.0007918578923385	-0.0003010545445555	9.063383879751954e-08	6.270389216587715e-07	0.0	0.0	0.0	0.0	0.0	0.0	0.0	0.0	0.0	0.0	0.0	0.0
878.722378251791	0.2768720310077697	0.0766581215543673	772153.0180404837	1008.153492780413	5.0896400669641935	1016373.4650053462	25.90443601124728	848.7862138748169	-0.0328404108682889	720438.0368639464	0.001078492585998	875.9045011225435	670.0237717507644	1.227427	20.871435	0.0448094167104517	0.0266182862404462	0.0925266519	-0.0500484775	0.0426272018	-0.1019815829	0.179381491	0.1471667338	0.0531099881	-0.0782038071	-0.086010257	-0.0176850903	-0.0341687294	0.0195763521	0.106948669	0.0842234125	-0.03831743	0.0107884074	-0.0362570605	0.3014236599	-0.0300414165	0.0626693498	-0.05228586	0.0832404654	0.0011388163	-0.127466473	0.1396470097	-0.0930255798	-0.1078342417	0.0564397432	-0.1194351056	0.0244548993	0.0951130333	-0.0646427964	-0.0617426866	0.0534640959	0.0130057551	0.1284033915	0.2010336992	0.0332890221	-0.0013091207	0.0884586913	0.1620180526	-0.0174059302	0.049968066	0.030183826	-0.1680401643	-0.0999370291	-0.0149854261	0.0182768097	-0.0447680564	0.0227335784	0.0425666901	-0.0380312623	0.0596686866	0.1363005255	-0.0225707653	-0.2457789234	0.069995103	-0.06761894	-0.050048148	0.0976431154	-0.0863564325	0.0798689225	-0.0972594783	-0.0360521258	0.0017823592	-0.0913921598	-0.1205451607	0.017633952	0.0138059489	-0.1120197722	0.0817436221	-0.0114536219	0.0441193694	-0.1554579513	0.1533170814	0.1090643761432659	0.0138603559600483	0.0118950381435197	0.0001921094673392	0.0640795467827075	-0.0053095698270056	2.8191531747848307e-05	0.0041061883158771	0.1888858417981538	-0.0001009735769628	1.0195663244665536e-08	0.0356778612317971	0.0004803205111301	4.11768616158e-05	2.307077934122805e-07	1.6955339325267435e-09	-0.0014757348043425	0.000149096191514	2.1777932127477968e-06	2.2229674324009177e-08	0.0011123551861373	0.0003204972937987	1.027185153323543e-07	1.2373340601265472e-06	0.0	0.0	0.0	0.0	0.0	0.0	0.0	0.0	0.0	0.0	0.0	0.0
878.1056400138327	-0.616738237958316	0.3803660541599283	771069.5150241028	1009.1154041399276	0.9619113595146018	1018313.8988724892	0.9252734635632296	850.4696626663208	1.6834487915039062	723298.6471157655	2.8339998336159624	876.2074838854603	651.8032367698863	1.214266	20.64764	0.1285081517819769	0.0568291505541827	-0.0628747695	-0.0453275494	0.0543320737	-0.031619396	-0.0925629887	-0.1530549862	-0.125573752	0.0079625132	0.0248716028	0.1772141311	-0.0292027123	-0.1334723134	-0.1543501226	-0.0073683383	0.055038707	-0.1626584044	0.0067662789	-0.2073951523	-0.0714037429	0.0594933143	0.0177467405	-0.0481536213	-0.0055482389	-0.0131699497	0.1927684285	-0.0157054804	0.2308444714	0.0844968891	-0.0152436884	-0.0080399746	-0.0336900119	0.065904307	-0.0054925975	0.0239478985	-0.1680059295	-0.1211195039	-0.1333374527	-0.0256842802	-0.0916907474	-0.1305359946	-0.1051289031	-0.1534025069	0.0376592701	0.0584204305	-0.0879055577	-0.1330029947	-0.1514515308	0.104071636	0.110693319	-0.015223023	0.0813597093	0.0242880449	0.1553162469	-0.0321800774	0.061630143	0.1006115329	-0.0879516441	0.0391797296	-0.0304025013	-0.0522616923	-0.000232489	0.0417184216	-0.1632376261	-0.2282345256	0.0626226424	0.0809071467	0.017984914	0.0402297538	0.1732326574	0.0897348582	0.1794148583	-0.0206617554	0.0682566111	-0.155915944	0.1551433414	0.1091155621951713	5.118605190539138e-05	0.0119062059131682	2.620011909661421e-09	0.0891566688787719	0.0250771220960644	0.0006288620526209	0.0079489116055589	0.147217086470917	-0.0416687553272367	0.0017362851705211	0.0216728705489854	-1.925289097650605e-05	-0.0004995734021066	3.70673810953228e-10	2.495735840923687e-07	-0.001889010950631	-0.0004132761462884	3.568362371603834e-06	1.707971730910736e-07	0.000790982968397	-0.0003213722177402	1.0328010233531877e-07	6.256540562941295e-07	0.0	0.0	0.0	0.0	0.0	0.0	0.0	0.0	0.0	0.0	0.0	0.0
878.542643550279	0.437003536446241	0.1909720908665211	771837.1765363126	1003.9254466901508	-5.189957449776784	1007866.3025120188	26.935658330493546	849.7466690275404	-0.7229936387803946	722069.4015234003	0.5227198017169157	875.4411738916771	658.9018061230754	1.00098	17.020878	0.1021213855136244	0.0542795526334373	-0.0589077194	0.0114169207	-0.0058279879	-0.0269237641	0.0639577405	0.0104505568	0.1690374614	-0.0003645317	0.0487024683	0.047270175	0.0567069144	0.0914723775	-0.0307892033	-0.0307879823	0.0023780408	-0.012934946	-0.0770765861	0.0030849084	0.1156407826	-0.0067372882	0.0326493405	0.1684133665	0.1398924326	-0.0687072624	0.0545037679	-0.0859858512	0.1821106075	0.0182759539	-0.0028656741	-0.0053941501	0.1153690614	0.0725231546	-0.2288912568	0.0079674198	-0.0062010838	0.0345936372	-0.0172950129	-0.0129995232	0.1368535432	0.1100424321	-0.0457761637	-0.0342055378	0.0321307299	0.1003513047	-0.0971608864	-0.0663125785	-0.1370546525	0.1129049777	-0.0105509073	0.0108094503	0.1011343463	-0.0016768563	0.0689703399	0.0238152287	0.0289069299	-0.0458646717	-0.0161993915	0.1077112145	-0.0664548694	-0.0427098587	0.0365904956	-0.1848058829	0.004579934	0.131582245	0.0806898522	0.0769863994	0.0574807228	0.1559748587	-0.0235314551	-0.0691327238	0.2168119824	-0.135893099	-0.1142857398	-0.1561451084	0.1560591586	0.1129388861246241	0.0038233239294528	0.0127551919990708	1.4617805869526474e-05	0.0441802686946886	-0.0449764001840833	0.0020228765735188	0.0019518961419348	0.16153035857009	0.0143132720991729	0.0002048697581849	0.0260920567397818	0.0001891022598721	0.0002083551508486	3.5759664688735244e-08	4.3411868885145376e-08	-0.0017708842661954	0.0001181266844355	3.1360310842584207e-06	1.3953913575747792e-08	0.0012446689191311	0.000453685950734	2.0583094189350418e-07	1.5492007182509807e-06	0.0	0.0	0.0	0.0	0.0	0.0	0.0	0.0	0.0	0.0	0.0	0.0
