
Thu Mar 12 10:01:16 CET 2026
cd /out/sourcedata/freesurfer/sub-v1s11x0050147_ses-1
setenv SUBJECTS_DIR /out/sourcedata/freesurfer
/opt/freesurfer/bin/recon-all -autorecon1 -i /work/fmriprep_25_2_wf/sub_v1s11x0050147_ses_1_wf/anat_fit_wf/anat_validate/sub-v1s11x0050147_ses-1_T1w_noise_corrected_ras_valid.nii.gz -noskullstrip -noT2pial -noFLAIRpial -openmp 16 -subjid sub-v1s11x0050147_ses-1 -sd /out/sourcedata/freesurfer

subjid sub-v1s11x0050147_ses-1
setenv SUBJECTS_DIR /out/sourcedata/freesurfer
FREESURFER_HOME /opt/freesurfer
Actual FREESURFER_HOME /opt/freesurfer
build-stamp.txt: freesurfer-linux-ubuntu22_x86_64-7.3.2-20220804-6354275
Linux dna084 5.14.0-427.37.1.el9_4.x86_64 #1 SMP PREEMPT_DYNAMIC Fri Sep 13 12:41:50 EDT 2024 x86_64 x86_64 x86_64 GNU/Linux
cputime      unlimited
filesize     unlimited
datasize     unlimited
stacksize    8192 kbytes
coredumpsize 0 kbytes
memoryuse    67108864 kbytes
vmemoryuse   unlimited
descriptors  1024 
memorylocked unlimited
maxproc      2061970 
maxlocks     unlimited
maxsignal    2062029 
maxmessage   819200 
maxnice      0 
maxrtprio    0 
maxrttime    unlimited

               total        used        free      shared  buff/cache   available
Mem:           503Gi        50Gi       390Gi        25Gi        62Gi       423Gi
Swap:             0B          0B          0B

########################################
program versions used
7.3.2 (freesurfer-linux-ubuntu22_x86_64-7.3.2-20220804-6354275)
7.3.2

ProgramName: lta_convert  ProgramArguments: lta_convert -all-info  ProgramVersion: 7.3.2  TimeStamp: 2026/03/12-09:01:16-GMT  BuildTime: Aug  4 2022 06:17:15  BuildStamp: freesurfer-linux-ubuntu22_x86_64-7.3.2-20220804-6354275  User: oesteban  Machine: dna084  Platform: Linux  PlatformVersion: 5.14.0-427.37.1.el9_4.x86_64  CompilerName: GCC  CompilerVersion: 8.4.0
ProgramName: mri_and  ProgramArguments: mri_and -all-info  ProgramVersion: 7.3.2  TimeStamp: 2026/03/12-09:01:16-GMT  BuildTime: Aug  4 2022 06:17:15  BuildStamp: freesurfer-linux-ubuntu22_x86_64-7.3.2-20220804-6354275  User: oesteban  Machine: dna084  Platform: Linux  PlatformVersion: 5.14.0-427.37.1.el9_4.x86_64  CompilerName: GCC  CompilerVersion: 8.4.0
ProgramName: mri_annotation2label  ProgramArguments: mri_annotation2label -all-info  ProgramVersion: 7.3.2  TimeStamp: 2026/03/12-09:01:16-GMT  BuildTime: Aug  4 2022 06:17:15  BuildStamp: freesurfer-linux-ubuntu22_x86_64-7.3.2-20220804-6354275  User: oesteban  Machine: dna084  Platform: Linux  PlatformVersion: 5.14.0-427.37.1.el9_4.x86_64  CompilerName: GCC  CompilerVersion: 8.4.0
ProgramName: mri_aparc2aseg  ProgramArguments: mri_aparc2aseg -all-info  ProgramVersion: 7.3.2  TimeStamp: 2026/03/12-09:01:16-GMT  BuildTime: Aug  4 2022 06:17:15  BuildStamp: freesurfer-linux-ubuntu22_x86_64-7.3.2-20220804-6354275  User: oesteban  Machine: dna084  Platform: Linux  PlatformVersion: 5.14.0-427.37.1.el9_4.x86_64  CompilerName: GCC  CompilerVersion: 8.4.0
ProgramName: mri_surf2volseg  ProgramArguments: mri_surf2volseg -all-info  ProgramVersion: 7.3.2  TimeStamp: 2026/03/12-09:01:16-GMT  BuildTime: Aug  4 2022 06:17:15  BuildStamp: freesurfer-linux-ubuntu22_x86_64-7.3.2-20220804-6354275  User: oesteban  Machine: dna084  Platform: Linux  PlatformVersion: 5.14.0-427.37.1.el9_4.x86_64  CompilerName: GCC  CompilerVersion: 8.4.0
ProgramName: mri_binarize  ProgramArguments: mri_binarize -all-info  ProgramVersion: 7.3.2  TimeStamp: 2026/03/12-09:01:16-GMT  BuildTime: Aug  4 2022 06:17:15  BuildStamp: freesurfer-linux-ubuntu22_x86_64-7.3.2-20220804-6354275  User: oesteban  Machine: dna084  Platform: Linux  PlatformVersion: 5.14.0-427.37.1.el9_4.x86_64  CompilerName: GCC  CompilerVersion: 8.4.0
ProgramName: mri_ca_label  ProgramArguments: mri_ca_label -all-info  ProgramVersion: 7.3.2  TimeStamp: 2026/03/12-09:01:16-GMT  BuildTime: Aug  4 2022 06:17:15  BuildStamp: freesurfer-linux-ubuntu22_x86_64-7.3.2-20220804-6354275  User: oesteban  Machine: dna084  Platform: Linux  PlatformVersion: 5.14.0-427.37.1.el9_4.x86_64  CompilerName: GCC  CompilerVersion: 8.4.0
ProgramName: mri_ca_normalize  ProgramArguments: mri_ca_normalize -all-info  ProgramVersion: 7.3.2  TimeStamp: 2026/03/12-09:01:16-GMT  BuildTime: Aug  4 2022 06:17:15  BuildStamp: freesurfer-linux-ubuntu22_x86_64-7.3.2-20220804-6354275  User: oesteban  Machine: dna084  Platform: Linux  PlatformVersion: 5.14.0-427.37.1.el9_4.x86_64  CompilerName: GCC  CompilerVersion: 8.4.0
ProgramName: mri_ca_register  ProgramArguments: mri_ca_register -all-info  ProgramVersion: 7.3.2  TimeStamp: 2026/03/12-09:01:16-GMT  BuildTime: Aug  4 2022 06:17:15  BuildStamp: freesurfer-linux-ubuntu22_x86_64-7.3.2-20220804-6354275  User: oesteban  Machine: dna084  Platform: Linux  PlatformVersion: 5.14.0-427.37.1.el9_4.x86_64  CompilerName: GCC  CompilerVersion: 8.4.0
ProgramName: mri_cc  ProgramArguments: mri_cc -all-info  ProgramVersion: 7.3.2  TimeStamp: 2026/03/12-09:01:16-GMT  BuildTime: Aug  4 2022 06:17:15  BuildStamp: freesurfer-linux-ubuntu22_x86_64-7.3.2-20220804-6354275  User: oesteban  Machine: dna084  Platform: Linux  PlatformVersion: 5.14.0-427.37.1.el9_4.x86_64  CompilerName: GCC  CompilerVersion: 8.4.0
ProgramName: mri_compute_overlap  ProgramArguments: mri_compute_overlap -all-info  ProgramVersion: 7.3.2  TimeStamp: 2026/03/12-09:01:16-GMT  BuildTime: Aug  4 2022 06:17:15  BuildStamp: freesurfer-linux-ubuntu22_x86_64-7.3.2-20220804-6354275  User: oesteban  Machine: dna084  Platform: Linux  PlatformVersion: 5.14.0-427.37.1.el9_4.x86_64  CompilerName: GCC  CompilerVersion: 8.4.0
ProgramName: mri_compute_seg_overlap  ProgramArguments: mri_compute_seg_overlap -all-info  ProgramVersion: 7.3.2  TimeStamp: 2026/03/12-09:01:16-GMT  BuildTime: Aug  4 2022 06:17:15  BuildStamp: freesurfer-linux-ubuntu22_x86_64-7.3.2-20220804-6354275  User: oesteban  Machine: dna084  Platform: Linux  PlatformVersion: 5.14.0-427.37.1.el9_4.x86_64  CompilerName: GCC  CompilerVersion: 8.4.0
ProgramName: mri_concat  ProgramArguments: mri_concat -all-info  ProgramVersion: 7.3.2  TimeStamp: 2026/03/12-09:01:16-GMT  BuildTime: Aug  4 2022 06:17:15  BuildStamp: freesurfer-linux-ubuntu22_x86_64-7.3.2-20220804-6354275  User: oesteban  Machine: dna084  Platform: Linux  PlatformVersion: 5.14.0-427.37.1.el9_4.x86_64  CompilerName: GCC  CompilerVersion: 8.4.0
ProgramName: mri_concatenate_lta  ProgramArguments: mri_concatenate_lta -all-info  ProgramVersion: 7.3.2  TimeStamp: 2026/03/12-09:01:16-GMT  BuildTime: Aug  4 2022 06:17:15  BuildStamp: freesurfer-linux-ubuntu22_x86_64-7.3.2-20220804-6354275  User: oesteban  Machine: dna084  Platform: Linux  PlatformVersion: 5.14.0-427.37.1.el9_4.x86_64  CompilerName: GCC  CompilerVersion: 8.4.0
mri_convert -all-info 
ProgramName: mri_convert  ProgramArguments: mri_convert -all-info  ProgramVersion: 7.3.2  TimeStamp: 2026/03/12-09:01:16-GMT  BuildTime: Aug  4 2022 06:17:15  BuildStamp: freesurfer-linux-ubuntu22_x86_64-7.3.2-20220804-6354275  User: oesteban  Machine: dna084  Platform: Linux  PlatformVersion: 5.14.0-427.37.1.el9_4.x86_64  CompilerName: GCC  CompilerVersion: 8.4.0
ProgramName: mri_diff  ProgramArguments: mri_diff -all-info  ProgramVersion: 7.3.2  TimeStamp: 2026/03/12-09:01:16-GMT  BuildTime: Aug  4 2022 06:17:15  BuildStamp: freesurfer-linux-ubuntu22_x86_64-7.3.2-20220804-6354275  User: oesteban  Machine: dna084  Platform: Linux  PlatformVersion: 5.14.0-427.37.1.el9_4.x86_64  CompilerName: GCC  CompilerVersion: 8.4.0
ProgramName: mri_edit_wm_with_aseg  ProgramArguments: mri_edit_wm_with_aseg -all-info  ProgramVersion: 7.3.2  TimeStamp: 2026/03/12-09:01:16-GMT  BuildTime: Aug  4 2022 06:17:15  BuildStamp: freesurfer-linux-ubuntu22_x86_64-7.3.2-20220804-6354275  User: oesteban  Machine: dna084  Platform: Linux  PlatformVersion: 5.14.0-427.37.1.el9_4.x86_64  CompilerName: GCC  CompilerVersion: 8.4.0
ProgramName: mri_em_register  ProgramArguments: mri_em_register -all-info  ProgramVersion: 7.3.2  TimeStamp: 2026/03/12-09:01:16-GMT  BuildTime: Aug  4 2022 06:17:15  BuildStamp: freesurfer-linux-ubuntu22_x86_64-7.3.2-20220804-6354275  User: oesteban  Machine: dna084  Platform: Linux  PlatformVersion: 5.14.0-427.37.1.el9_4.x86_64  CompilerName: GCC  CompilerVersion: 8.4.0
ProgramName: mri_fill  ProgramArguments: mri_fill -all-info  ProgramVersion: 7.3.2  TimeStamp: 2026/03/12-09:01:16-GMT  BuildTime: Aug  4 2022 06:17:15  BuildStamp: freesurfer-linux-ubuntu22_x86_64-7.3.2-20220804-6354275  User: oesteban  Machine: dna084  Platform: Linux  PlatformVersion: 5.14.0-427.37.1.el9_4.x86_64  CompilerName: GCC  CompilerVersion: 8.4.0
ProgramName: mri_fuse_segmentations  ProgramArguments: mri_fuse_segmentations -all-info  ProgramVersion: 7.3.2  TimeStamp: 2026/03/12-09:01:16-GMT  BuildTime: Aug  4 2022 06:17:15  BuildStamp: freesurfer-linux-ubuntu22_x86_64-7.3.2-20220804-6354275  User: oesteban  Machine: dna084  Platform: Linux  PlatformVersion: 5.14.0-427.37.1.el9_4.x86_64  CompilerName: GCC  CompilerVersion: 8.4.0
ProgramName: mri_fwhm  ProgramArguments: mri_fwhm -all-info  ProgramVersion: 7.3.2  TimeStamp: 2026/03/12-09:01:16-GMT  BuildTime: Aug  4 2022 06:17:15  BuildStamp: freesurfer-linux-ubuntu22_x86_64-7.3.2-20220804-6354275  User: oesteban  Machine: dna084  Platform: Linux  PlatformVersion: 5.14.0-427.37.1.el9_4.x86_64  CompilerName: GCC  CompilerVersion: 8.4.0
ProgramName: mri_gcut  ProgramArguments: mri_gcut -all-info  ProgramVersion: 7.3.2  TimeStamp: 2026/03/12-09:01:16-GMT  BuildTime: Aug  4 2022 06:17:15  BuildStamp: freesurfer-linux-ubuntu22_x86_64-7.3.2-20220804-6354275  User: oesteban  Machine: dna084  Platform: Linux  PlatformVersion: 5.14.0-427.37.1.el9_4.x86_64  CompilerName: GCC  CompilerVersion: 8.4.0
ProgramName: mri_info  ProgramArguments: mri_info -all-info  ProgramVersion: 7.3.2  TimeStamp: 2026/03/12-09:01:16-GMT  BuildTime: Aug  4 2022 06:17:15  BuildStamp: freesurfer-linux-ubuntu22_x86_64-7.3.2-20220804-6354275  User: oesteban  Machine: dna084  Platform: Linux  PlatformVersion: 5.14.0-427.37.1.el9_4.x86_64  CompilerName: GCC  CompilerVersion: 8.4.0
ProgramName: mri_label2label  ProgramArguments: mri_label2label -all-info  ProgramVersion: 7.3.2  TimeStamp: 2026/03/12-09:01:17-GMT  BuildTime: Aug  4 2022 06:17:15  BuildStamp: freesurfer-linux-ubuntu22_x86_64-7.3.2-20220804-6354275  User: oesteban  Machine: dna084  Platform: Linux  PlatformVersion: 5.14.0-427.37.1.el9_4.x86_64  CompilerName: GCC  CompilerVersion: 8.4.0
ProgramName: mri_label2vol  ProgramArguments: mri_label2vol -all-info  ProgramVersion: 7.3.2  TimeStamp: 2026/03/12-09:01:17-GMT  BuildTime: Aug  4 2022 06:17:15  BuildStamp: freesurfer-linux-ubuntu22_x86_64-7.3.2-20220804-6354275  User: oesteban  Machine: dna084  Platform: Linux  PlatformVersion: 5.14.0-427.37.1.el9_4.x86_64  CompilerName: GCC  CompilerVersion: 8.4.0
ProgramName: mri_log_likelihood  ProgramArguments: mri_log_likelihood -all-info  ProgramVersion: 7.3.2  TimeStamp: 2026/03/12-09:01:17-GMT  BuildTime: Aug  4 2022 06:17:15  BuildStamp: freesurfer-linux-ubuntu22_x86_64-7.3.2-20220804-6354275  User: oesteban  Machine: dna084  Platform: Linux  PlatformVersion: 5.14.0-427.37.1.el9_4.x86_64  CompilerName: GCC  CompilerVersion: 8.4.0
ProgramName: mri_mask  ProgramArguments: mri_mask -all-info  ProgramVersion: 7.3.2  TimeStamp: 2026/03/12-09:01:17-GMT  BuildTime: Aug  4 2022 06:17:15  BuildStamp: freesurfer-linux-ubuntu22_x86_64-7.3.2-20220804-6354275  User: oesteban  Machine: dna084  Platform: Linux  PlatformVersion: 5.14.0-427.37.1.el9_4.x86_64  CompilerName: GCC  CompilerVersion: 8.4.0
ProgramName: mri_matrix_multiply  ProgramArguments: mri_matrix_multiply -all-info  ProgramVersion: 7.3.2  TimeStamp: 2026/03/12-09:01:17-GMT  BuildTime: Aug  4 2022 06:17:15  BuildStamp: freesurfer-linux-ubuntu22_x86_64-7.3.2-20220804-6354275  User: oesteban  Machine: dna084  Platform: Linux  PlatformVersion: 5.14.0-427.37.1.el9_4.x86_64  CompilerName: GCC  CompilerVersion: 8.4.0
ProgramName: mri_normalize  ProgramArguments: mri_normalize -all-info  ProgramVersion: 7.3.2  TimeStamp: 2026/03/12-09:01:17-GMT  BuildTime: Aug  4 2022 06:17:15  BuildStamp: freesurfer-linux-ubuntu22_x86_64-7.3.2-20220804-6354275  User: oesteban  Machine: dna084  Platform: Linux  PlatformVersion: 5.14.0-427.37.1.el9_4.x86_64  CompilerName: GCC  CompilerVersion: 8.4.0
ProgramName: mri_normalize_tp2  ProgramArguments: mri_normalize_tp2 -all-info  ProgramVersion: 7.3.2  TimeStamp: 2026/03/12-09:01:17-GMT  BuildTime: Aug  4 2022 06:17:15  BuildStamp: freesurfer-linux-ubuntu22_x86_64-7.3.2-20220804-6354275  User: oesteban  Machine: dna084  Platform: Linux  PlatformVersion: 5.14.0-427.37.1.el9_4.x86_64  CompilerName: GCC  CompilerVersion: 8.4.0
ProgramName: mri_or  ProgramArguments: mri_or -all-info  ProgramVersion: 7.3.2  TimeStamp: 2026/03/12-09:01:17-GMT  BuildTime: Aug  4 2022 06:17:15  BuildStamp: freesurfer-linux-ubuntu22_x86_64-7.3.2-20220804-6354275  User: oesteban  Machine: dna084  Platform: Linux  PlatformVersion: 5.14.0-427.37.1.el9_4.x86_64  CompilerName: GCC  CompilerVersion: 8.4.0
ProgramName: mri_relabel_hypointensities  ProgramArguments: mri_relabel_hypointensities -all-info  ProgramVersion: 7.3.2  TimeStamp: 2026/03/12-09:01:17-GMT  BuildTime: Aug  4 2022 06:17:15  BuildStamp: freesurfer-linux-ubuntu22_x86_64-7.3.2-20220804-6354275  User: oesteban  Machine: dna084  Platform: Linux  PlatformVersion: 5.14.0-427.37.1.el9_4.x86_64  CompilerName: GCC  CompilerVersion: 8.4.0
ProgramName: mri_relabel_nonwm_hypos  ProgramArguments: mri_relabel_nonwm_hypos -all-info  ProgramVersion: 7.3.2  TimeStamp: 2026/03/12-09:01:17-GMT  BuildTime: Aug  4 2022 06:17:15  BuildStamp: freesurfer-linux-ubuntu22_x86_64-7.3.2-20220804-6354275  User: oesteban  Machine: dna084  Platform: Linux  PlatformVersion: 5.14.0-427.37.1.el9_4.x86_64  CompilerName: GCC  CompilerVersion: 8.4.0
ProgramName: mri_remove_neck  ProgramArguments: mri_remove_neck -all-info  ProgramVersion: 7.3.2  TimeStamp: 2026/03/12-09:01:17-GMT  BuildTime: Aug  4 2022 06:17:15  BuildStamp: freesurfer-linux-ubuntu22_x86_64-7.3.2-20220804-6354275  User: oesteban  Machine: dna084  Platform: Linux  PlatformVersion: 5.14.0-427.37.1.el9_4.x86_64  CompilerName: GCC  CompilerVersion: 8.4.0
7.3.2

ProgramName: mri_robust_register  ProgramArguments: mri_robust_register -all-info  ProgramVersion: 7.3.2  TimeStamp: 2026/03/12-09:01:17-GMT  BuildTime: Aug  4 2022 06:17:15  BuildStamp: freesurfer-linux-ubuntu22_x86_64-7.3.2-20220804-6354275  User: oesteban  Machine: dna084  Platform: Linux  PlatformVersion: 5.14.0-427.37.1.el9_4.x86_64  CompilerName: GCC  CompilerVersion: 8.4.0
7.3.2

ProgramName: mri_robust_template  ProgramArguments: mri_robust_template -all-info  ProgramVersion: 7.3.2  TimeStamp: 2026/03/12-09:01:17-GMT  BuildTime: Aug  4 2022 06:17:15  BuildStamp: freesurfer-linux-ubuntu22_x86_64-7.3.2-20220804-6354275  User: oesteban  Machine: dna084  Platform: Linux  PlatformVersion: 5.14.0-427.37.1.el9_4.x86_64  CompilerName: GCC  CompilerVersion: 8.4.0
ProgramName: mris_anatomical_stats  ProgramArguments: mris_anatomical_stats -all-info  ProgramVersion: 7.3.2  TimeStamp: 2026/03/12-09:01:17-GMT  BuildTime: Aug  4 2022 06:17:15  BuildStamp: freesurfer-linux-ubuntu22_x86_64-7.3.2-20220804-6354275  User: oesteban  Machine: dna084  Platform: Linux  PlatformVersion: 5.14.0-427.37.1.el9_4.x86_64  CompilerName: GCC  CompilerVersion: 8.4.0
ProgramName: mris_ca_label  ProgramArguments: mris_ca_label -all-info  ProgramVersion: 7.3.2  TimeStamp: 2026/03/12-09:01:17-GMT  BuildTime: Aug  4 2022 06:17:15  BuildStamp: freesurfer-linux-ubuntu22_x86_64-7.3.2-20220804-6354275  User: oesteban  Machine: dna084  Platform: Linux  PlatformVersion: 5.14.0-427.37.1.el9_4.x86_64  CompilerName: GCC  CompilerVersion: 8.4.0
ProgramName: mris_calc  ProgramArguments: mris_calc -all-info  ProgramVersion: 7.3.2  TimeStamp: 2026/03/12-09:01:17-GMT  BuildTime: Aug  4 2022 06:17:15  BuildStamp: freesurfer-linux-ubuntu22_x86_64-7.3.2-20220804-6354275  User: oesteban  Machine: dna084  Platform: Linux  PlatformVersion: 5.14.0-427.37.1.el9_4.x86_64  CompilerName: GCC  CompilerVersion: 8.4.0
ProgramName: mris_convert  ProgramArguments: mris_convert -all-info  ProgramVersion: 7.3.2  TimeStamp: 2026/03/12-09:01:17-GMT  BuildTime: Aug  4 2022 06:17:15  BuildStamp: freesurfer-linux-ubuntu22_x86_64-7.3.2-20220804-6354275  User: oesteban  Machine: dna084  Platform: Linux  PlatformVersion: 5.14.0-427.37.1.el9_4.x86_64  CompilerName: GCC  CompilerVersion: 8.4.0
ProgramName: mris_curvature  ProgramArguments: mris_curvature -all-info  ProgramVersion: 7.3.2  TimeStamp: 2026/03/12-09:01:17-GMT  BuildTime: Aug  4 2022 06:17:15  BuildStamp: freesurfer-linux-ubuntu22_x86_64-7.3.2-20220804-6354275  User: oesteban  Machine: dna084  Platform: Linux  PlatformVersion: 5.14.0-427.37.1.el9_4.x86_64  CompilerName: GCC  CompilerVersion: 8.4.0
ProgramName: mris_curvature_stats  ProgramArguments: mris_curvature_stats -all-info  ProgramVersion: 7.3.2  TimeStamp: 2026/03/12-09:01:17-GMT  BuildTime: Aug  4 2022 06:17:15  BuildStamp: freesurfer-linux-ubuntu22_x86_64-7.3.2-20220804-6354275  User: oesteban  Machine: dna084  Platform: Linux  PlatformVersion: 5.14.0-427.37.1.el9_4.x86_64  CompilerName: GCC  CompilerVersion: 8.4.0
ProgramName: mris_diff  ProgramArguments: mris_diff -all-info  ProgramVersion: 7.3.2  TimeStamp: 2026/03/12-09:01:17-GMT  BuildTime: Aug  4 2022 06:17:15  BuildStamp: freesurfer-linux-ubuntu22_x86_64-7.3.2-20220804-6354275  User: oesteban  Machine: dna084  Platform: Linux  PlatformVersion: 5.14.0-427.37.1.el9_4.x86_64  CompilerName: GCC  CompilerVersion: 8.4.0
ProgramName: mris_divide_parcellation  ProgramArguments: mris_divide_parcellation -all-info  ProgramVersion: 7.3.2  TimeStamp: 2026/03/12-09:01:17-GMT  BuildTime: Aug  4 2022 06:17:15  BuildStamp: freesurfer-linux-ubuntu22_x86_64-7.3.2-20220804-6354275  User: oesteban  Machine: dna084  Platform: Linux  PlatformVersion: 5.14.0-427.37.1.el9_4.x86_64  CompilerName: GCC  CompilerVersion: 8.4.0
ProgramName: mri_segment  ProgramArguments: mri_segment -all-info  ProgramVersion: 7.3.2  TimeStamp: 2026/03/12-09:01:17-GMT  BuildTime: Aug  4 2022 06:17:15  BuildStamp: freesurfer-linux-ubuntu22_x86_64-7.3.2-20220804-6354275  User: oesteban  Machine: dna084  Platform: Linux  PlatformVersion: 5.14.0-427.37.1.el9_4.x86_64  CompilerName: GCC  CompilerVersion: 8.4.0
ProgramName: mri_segstats  ProgramArguments: mri_segstats -all-info  ProgramVersion: 7.3.2  TimeStamp: 2026/03/12-09:01:17-GMT  BuildTime: Aug  4 2022 06:17:15  BuildStamp: freesurfer-linux-ubuntu22_x86_64-7.3.2-20220804-6354275  User: oesteban  Machine: dna084  Platform: Linux  PlatformVersion: 5.14.0-427.37.1.el9_4.x86_64  CompilerName: GCC  CompilerVersion: 8.4.0
ProgramName: mris_euler_number  ProgramArguments: mris_euler_number -all-info  ProgramVersion: 7.3.2  TimeStamp: 2026/03/12-09:01:17-GMT  BuildTime: Aug  4 2022 06:17:15  BuildStamp: freesurfer-linux-ubuntu22_x86_64-7.3.2-20220804-6354275  User: oesteban  Machine: dna084  Platform: Linux  PlatformVersion: 5.14.0-427.37.1.el9_4.x86_64  CompilerName: GCC  CompilerVersion: 8.4.0
ProgramName: mris_fix_topology  ProgramArguments: mris_fix_topology -all-info  ProgramVersion: 7.3.2  TimeStamp: 2026/03/12-09:01:17-GMT  BuildTime: Aug  4 2022 06:17:15  BuildStamp: freesurfer-linux-ubuntu22_x86_64-7.3.2-20220804-6354275  User: oesteban  Machine: dna084  Platform: Linux  PlatformVersion: 5.14.0-427.37.1.el9_4.x86_64  CompilerName: GCC  CompilerVersion: 8.4.0
ProgramName: mris_topo_fixer  ProgramArguments: mris_topo_fixer -all-info  ProgramVersion: 7.3.2  TimeStamp: 2026/03/12-09:01:17-GMT  BuildTime: Aug  4 2022 06:17:15  BuildStamp: freesurfer-linux-ubuntu22_x86_64-7.3.2-20220804-6354275  User: oesteban  Machine: dna084  Platform: Linux  PlatformVersion: 5.14.0-427.37.1.el9_4.x86_64  CompilerName: GCC  CompilerVersion: 8.4.0
ProgramName: mris_jacobian  ProgramArguments: mris_jacobian -all-info  ProgramVersion: 7.3.2  TimeStamp: 2026/03/12-09:01:17-GMT  BuildTime: Aug  4 2022 06:17:15  BuildStamp: freesurfer-linux-ubuntu22_x86_64-7.3.2-20220804-6354275  User: oesteban  Machine: dna084  Platform: Linux  PlatformVersion: 5.14.0-427.37.1.el9_4.x86_64  CompilerName: GCC  CompilerVersion: 8.4.0
ProgramName: mris_label2annot  ProgramArguments: mris_label2annot -all-info  ProgramVersion: 7.3.2  TimeStamp: 2026/03/12-09:01:17-GMT  BuildTime: Aug  4 2022 06:17:15  BuildStamp: freesurfer-linux-ubuntu22_x86_64-7.3.2-20220804-6354275  User: oesteban  Machine: dna084  Platform: Linux  PlatformVersion: 5.14.0-427.37.1.el9_4.x86_64  CompilerName: GCC  CompilerVersion: 8.4.0
ProgramName: mris_left_right_register  ProgramArguments: mris_left_right_register -all-info  ProgramVersion: 7.3.2  TimeStamp: 2026/03/12-09:01:17-GMT  BuildTime: Aug  4 2022 06:17:15  BuildStamp: freesurfer-linux-ubuntu22_x86_64-7.3.2-20220804-6354275  User: oesteban  Machine: dna084  Platform: Linux  PlatformVersion: 5.14.0-427.37.1.el9_4.x86_64  CompilerName: GCC  CompilerVersion: 8.4.0
ProgramName: mris_place_surface  ProgramArguments: mris_place_surface -all-info  ProgramVersion: 7.3.2  TimeStamp: 2026/03/12-09:01:17-GMT  BuildTime: Aug  4 2022 06:17:15  BuildStamp: freesurfer-linux-ubuntu22_x86_64-7.3.2-20220804-6354275  User: oesteban  Machine: dna084  Platform: Linux  PlatformVersion: 5.14.0-427.37.1.el9_4.x86_64  CompilerName: GCC  CompilerVersion: 8.4.0
ProgramName: mrisp_paint  ProgramArguments: mrisp_paint -all-info  ProgramVersion: 7.3.2  TimeStamp: 2026/03/12-09:01:17-GMT  BuildTime: Aug  4 2022 06:17:15  BuildStamp: freesurfer-linux-ubuntu22_x86_64-7.3.2-20220804-6354275  User: oesteban  Machine: dna084  Platform: Linux  PlatformVersion: 5.14.0-427.37.1.el9_4.x86_64  CompilerName: GCC  CompilerVersion: 8.4.0
ProgramName: mris_register  ProgramArguments: mris_register -all-info  ProgramVersion: 7.3.2  TimeStamp: 2026/03/12-09:01:17-GMT  BuildTime: Aug  4 2022 06:17:15  BuildStamp: freesurfer-linux-ubuntu22_x86_64-7.3.2-20220804-6354275  User: oesteban  Machine: dna084  Platform: Linux  PlatformVersion: 5.14.0-427.37.1.el9_4.x86_64  CompilerName: GCC  CompilerVersion: 8.4.0
ProgramName: mris_smooth  ProgramArguments: mris_smooth -all-info  ProgramVersion: 7.3.2  TimeStamp: 2026/03/12-09:01:17-GMT  BuildTime: Aug  4 2022 06:17:15  BuildStamp: freesurfer-linux-ubuntu22_x86_64-7.3.2-20220804-6354275  User: oesteban  Machine: dna084  Platform: Linux  PlatformVersion: 5.14.0-427.37.1.el9_4.x86_64  CompilerName: GCC  CompilerVersion: 8.4.0
ProgramName: mris_sphere  ProgramArguments: mris_sphere -all-info  ProgramVersion: 7.3.2  TimeStamp: 2026/03/12-09:01:17-GMT  BuildTime: Aug  4 2022 06:17:15  BuildStamp: freesurfer-linux-ubuntu22_x86_64-7.3.2-20220804-6354275  User: oesteban  Machine: dna084  Platform: Linux  PlatformVersion: 5.14.0-427.37.1.el9_4.x86_64  CompilerName: GCC  CompilerVersion: 8.4.0
ProgramName: mris_surface_stats  ProgramArguments: mris_surface_stats -all-info  ProgramVersion: 7.3.2  TimeStamp: 2026/03/12-09:01:17-GMT  BuildTime: Aug  4 2022 06:17:15  BuildStamp: freesurfer-linux-ubuntu22_x86_64-7.3.2-20220804-6354275  User: oesteban  Machine: dna084  Platform: Linux  PlatformVersion: 5.14.0-427.37.1.el9_4.x86_64  CompilerName: GCC  CompilerVersion: 8.4.0
ProgramName: mri_stats2seg  ProgramArguments: mri_stats2seg -all-info  ProgramVersion: 7.3.2  TimeStamp: 2026/03/12-09:01:17-GMT  BuildTime: Aug  4 2022 06:17:15  BuildStamp: freesurfer-linux-ubuntu22_x86_64-7.3.2-20220804-6354275  User: oesteban  Machine: dna084  Platform: Linux  PlatformVersion: 5.14.0-427.37.1.el9_4.x86_64  CompilerName: GCC  CompilerVersion: 8.4.0
ProgramName: mris_thickness  ProgramArguments: mris_thickness -all-info  ProgramVersion: 7.3.2  TimeStamp: 2026/03/12-09:01:17-GMT  BuildTime: Aug  4 2022 06:17:15  BuildStamp: freesurfer-linux-ubuntu22_x86_64-7.3.2-20220804-6354275  User: oesteban  Machine: dna084  Platform: Linux  PlatformVersion: 5.14.0-427.37.1.el9_4.x86_64  CompilerName: GCC  CompilerVersion: 8.4.0
ProgramName: mris_thickness_diff  ProgramArguments: mris_thickness_diff -all-info  ProgramVersion: 7.3.2  TimeStamp: 2026/03/12-09:01:17-GMT  BuildTime: Aug  4 2022 06:17:15  BuildStamp: freesurfer-linux-ubuntu22_x86_64-7.3.2-20220804-6354275  User: oesteban  Machine: dna084  Platform: Linux  PlatformVersion: 5.14.0-427.37.1.el9_4.x86_64  CompilerName: GCC  CompilerVersion: 8.4.0
ProgramName: mris_topo_fixer  ProgramArguments: mris_topo_fixer -all-info  ProgramVersion: 7.3.2  TimeStamp: 2026/03/12-09:01:17-GMT  BuildTime: Aug  4 2022 06:17:15  BuildStamp: freesurfer-linux-ubuntu22_x86_64-7.3.2-20220804-6354275  User: oesteban  Machine: dna084  Platform: Linux  PlatformVersion: 5.14.0-427.37.1.el9_4.x86_64  CompilerName: GCC  CompilerVersion: 8.4.0
ProgramName: mri_surf2surf  ProgramArguments: mri_surf2surf -all-info  ProgramVersion: 7.3.2  TimeStamp: 2026/03/12-09:01:17-GMT  BuildTime: Aug  4 2022 06:17:15  BuildStamp: freesurfer-linux-ubuntu22_x86_64-7.3.2-20220804-6354275  User: oesteban  Machine: dna084  Platform: Linux  PlatformVersion: 5.14.0-427.37.1.el9_4.x86_64  CompilerName: GCC  CompilerVersion: 8.4.0
ProgramName: mri_surf2vol  ProgramArguments: mri_surf2vol -all-info  ProgramVersion: 7.3.2  TimeStamp: 2026/03/12-09:01:17-GMT  BuildTime: Aug  4 2022 06:17:15  BuildStamp: freesurfer-linux-ubuntu22_x86_64-7.3.2-20220804-6354275  User: oesteban  Machine: dna084  Platform: Linux  PlatformVersion: 5.14.0-427.37.1.el9_4.x86_64  CompilerName: GCC  CompilerVersion: 8.4.0
ProgramName: mri_surfcluster  ProgramArguments: mri_surfcluster -all-info  ProgramVersion: 7.3.2  TimeStamp: 2026/03/12-09:01:17-GMT  BuildTime: Aug  4 2022 06:17:15  BuildStamp: freesurfer-linux-ubuntu22_x86_64-7.3.2-20220804-6354275  User: oesteban  Machine: dna084  Platform: Linux  PlatformVersion: 5.14.0-427.37.1.el9_4.x86_64  CompilerName: GCC  CompilerVersion: 8.4.0
ProgramName: mris_volmask  ProgramArguments: mris_volmask -all-info  ProgramVersion: 7.3.2  TimeStamp: 2026/03/12-09:01:17-GMT  BuildTime: Aug  4 2022 06:17:15  BuildStamp: freesurfer-linux-ubuntu22_x86_64-7.3.2-20220804-6354275  User: oesteban  Machine: dna084  Platform: Linux  PlatformVersion: 5.14.0-427.37.1.el9_4.x86_64  CompilerName: GCC  CompilerVersion: 8.4.0
ProgramName: mri_tessellate  ProgramArguments: mri_tessellate -all-info  ProgramVersion: 7.3.2  TimeStamp: 2026/03/12-09:01:17-GMT  BuildTime: Aug  4 2022 06:17:15  BuildStamp: freesurfer-linux-ubuntu22_x86_64-7.3.2-20220804-6354275  User: oesteban  Machine: dna084  Platform: Linux  PlatformVersion: 5.14.0-427.37.1.el9_4.x86_64  CompilerName: GCC  CompilerVersion: 8.4.0
ProgramName: mri_vol2surf  ProgramArguments: mri_vol2surf -all-info  ProgramVersion: 7.3.2  TimeStamp: 2026/03/12-09:01:17-GMT  BuildTime: Aug  4 2022 06:17:15  BuildStamp: freesurfer-linux-ubuntu22_x86_64-7.3.2-20220804-6354275  User: oesteban  Machine: dna084  Platform: Linux  PlatformVersion: 5.14.0-427.37.1.el9_4.x86_64  CompilerName: GCC  CompilerVersion: 8.4.0
ProgramName: mri_vol2vol  ProgramArguments: mri_vol2vol -all-info  ProgramVersion: 7.3.2  TimeStamp: 2026/03/12-09:01:17-GMT  BuildTime: Aug  4 2022 06:17:15  BuildStamp: freesurfer-linux-ubuntu22_x86_64-7.3.2-20220804-6354275  User: oesteban  Machine: dna084  Platform: Linux  PlatformVersion: 5.14.0-427.37.1.el9_4.x86_64  CompilerName: GCC  CompilerVersion: 8.4.0
ProgramName: mri_voldiff  ProgramArguments: mri_voldiff -all-info  ProgramVersion: 7.3.2  TimeStamp: 2026/03/12-09:01:17-GMT  BuildTime: Aug  4 2022 06:17:15  BuildStamp: freesurfer-linux-ubuntu22_x86_64-7.3.2-20220804-6354275  User: oesteban  Machine: dna084  Platform: Linux  PlatformVersion: 5.14.0-427.37.1.el9_4.x86_64  CompilerName: GCC  CompilerVersion: 8.4.0
ProgramName: mri_watershed  ProgramArguments: mri_watershed -all-info  ProgramVersion: 7.3.2  TimeStamp: 2026/03/12-09:01:17-GMT  BuildTime: Aug  4 2022 06:17:15  BuildStamp: freesurfer-linux-ubuntu22_x86_64-7.3.2-20220804-6354275  User: oesteban  Machine: dna084  Platform: Linux  PlatformVersion: 5.14.0-427.37.1.el9_4.x86_64  CompilerName: GCC  CompilerVersion: 8.4.0
ProgramName: tkregister2  ProgramArguments: tkregister2_cmdl -all-info  ProgramVersion: 7.3.2  TimeStamp: 2026/03/12-09:01:17-GMT  BuildTime: Aug  4 2022 06:17:15  BuildStamp: freesurfer-linux-ubuntu22_x86_64-7.3.2-20220804-6354275  User: oesteban  Machine: dna084  Platform: Linux  PlatformVersion: 5.14.0-427.37.1.el9_4.x86_64  CompilerName: GCC  CompilerVersion: 8.4.0
mri_motion_correct.fsl 7.3.2
mri_convert -all-info 
ProgramName: mri_convert  ProgramArguments: mri_convert -all-info  ProgramVersion: 7.3.2  TimeStamp: 2026/03/12-09:01:17-GMT  BuildTime: Aug  4 2022 06:17:15  BuildStamp: freesurfer-linux-ubuntu22_x86_64-7.3.2-20220804-6354275  User: oesteban  Machine: dna084  Platform: Linux  PlatformVersion: 5.14.0-427.37.1.el9_4.x86_64  CompilerName: GCC  CompilerVersion: 8.4.0
Program nu_correct, built from:
Package MNI N3, version 1.12.0, compiled by nicks@terrier (x86_64-unknown-linux-gnu) on 2015-06-19 at 01:25:34
#######################################
GCADIR /opt/freesurfer/average
GCA RB_all_2020-01-02.gca
GCASkull RB_all_withskull_2020_01_02.gca
AvgCurvTif folding.atlas.acfb40.noaparc.i12.2016-08-02.tif
GCSDIR /opt/freesurfer/average
GCS DKaparc.atlas.acfb40.noaparc.i12.2016-08-02.gcs
#######################################
/out/sourcedata/freesurfer/sub-v1s11x0050147_ses-1

 mri_convert /work/fmriprep_25_2_wf/sub_v1s11x0050147_ses_1_wf/anat_fit_wf/anat_validate/sub-v1s11x0050147_ses-1_T1w_noise_corrected_ras_valid.nii.gz /out/sourcedata/freesurfer/sub-v1s11x0050147_ses-1/mri/orig/001.mgz 

mri_convert /work/fmriprep_25_2_wf/sub_v1s11x0050147_ses_1_wf/anat_fit_wf/anat_validate/sub-v1s11x0050147_ses-1_T1w_noise_corrected_ras_valid.nii.gz /out/sourcedata/freesurfer/sub-v1s11x0050147_ses-1/mri/orig/001.mgz 
reading from /work/fmriprep_25_2_wf/sub_v1s11x0050147_ses_1_wf/anat_fit_wf/anat_validate/sub-v1s11x0050147_ses-1_T1w_noise_corrected_ras_valid.nii.gz...
TR=0.00, TE=0.00, TI=0.00, flip angle=0.00
i_ras = (0.996658, 0.0627661, 0.0522878)
j_ras = (-0.062852, 0.998023, 1.92751e-08)
k_ras = (-0.0521844, -0.00328641, 0.998632)
writing to /out/sourcedata/freesurfer/sub-v1s11x0050147_ses-1/mri/orig/001.mgz...
#--------------------------------------------
#@# MotionCor Thu Mar 12 10:01:18 CET 2026
Found 1 runs
/out/sourcedata/freesurfer/sub-v1s11x0050147_ses-1/mri/orig/001.mgz
Checking for (invalid) multi-frame inputs...
Only one run found so motion
correction will not be performed. I'll
copy the run to rawavg and continue.

 cp /out/sourcedata/freesurfer/sub-v1s11x0050147_ses-1/mri/orig/001.mgz /out/sourcedata/freesurfer/sub-v1s11x0050147_ses-1/mri/rawavg.mgz 


 mri_info /out/sourcedata/freesurfer/sub-v1s11x0050147_ses-1/mri/rawavg.mgz 

rawavg.mgz ========================================
Volume information for /out/sourcedata/freesurfer/sub-v1s11x0050147_ses-1/mri/rawavg.mgz
          type: MGH
    dimensions: 160 x 239 x 200
   voxel sizes: 1.100000, 1.000000, 1.000000
          type: FLOAT (3)
           fov: 239.000
           dof: 1
        xstart: -88.0, xend: 88.0
        ystart: -119.5, yend: 119.5
        zstart: -100.0, zend: 100.0
            TR: 0.00 msec, TE: 0.00 msec, TI: 0.00 msec, flip angle: 0.00 degrees
       nframes: 1
       PhEncDir: UNKNOWN
       FieldStrength: 0.000000
ras xform present
    xform info: x_r =   0.9967, y_r =  -0.0629, z_r =  -0.0522, c_r =     1.2792
              : x_a =   0.0628, y_a =   0.9980, z_a =  -0.0033, c_a =    14.8406
              : x_s =   0.0523, y_s =   0.0000, z_s =   0.9986, c_s =    15.9564

talairach xfm : 
Orientation   : RAS
Primary Slice Direction: axial

voxel to ras transform:
                1.0963  -0.0629  -0.0522   -73.6974
                0.0690   0.9980  -0.0033  -109.6179
                0.0575   0.0000   0.9986   -88.5082
                0.0000   0.0000   0.0000     1.0000

voxel-to-ras determinant 1.1

ras to voxel transform:
                0.9061   0.0571   0.0475    77.2357
               -0.0629   0.9980   0.0000   104.7692
               -0.0522  -0.0033   0.9986    84.1810
                0.0000   0.0000   0.0000     1.0000
/out/sourcedata/freesurfer/sub-v1s11x0050147_ses-1

 mri_convert /out/sourcedata/freesurfer/sub-v1s11x0050147_ses-1/mri/rawavg.mgz /out/sourcedata/freesurfer/sub-v1s11x0050147_ses-1/mri/orig.mgz --conform 

mri_convert /out/sourcedata/freesurfer/sub-v1s11x0050147_ses-1/mri/rawavg.mgz /out/sourcedata/freesurfer/sub-v1s11x0050147_ses-1/mri/orig.mgz --conform 
reading from /out/sourcedata/freesurfer/sub-v1s11x0050147_ses-1/mri/rawavg.mgz...
TR=0.00, TE=0.00, TI=0.00, flip angle=0.00
i_ras = (0.996658, 0.0627661, 0.0522878)
j_ras = (-0.062852, 0.998023, 1.92751e-08)
k_ras = (-0.0521844, -0.00328641, 0.998632)
changing data type from float to uchar (noscale = 0)...
MRIchangeType: Building histogram -0.000377655 808.629 1000, flo=0, fhi=0.999, dest_type=0
Reslicing using trilinear interpolation 
writing to /out/sourcedata/freesurfer/sub-v1s11x0050147_ses-1/mri/orig.mgz...

 mri_add_xform_to_header -c /out/sourcedata/freesurfer/sub-v1s11x0050147_ses-1/mri/transforms/talairach.xfm /out/sourcedata/freesurfer/sub-v1s11x0050147_ses-1/mri/orig.mgz /out/sourcedata/freesurfer/sub-v1s11x0050147_ses-1/mri/orig.mgz 

INFO: extension is mgz

 mri_info /out/sourcedata/freesurfer/sub-v1s11x0050147_ses-1/mri/orig.mgz 

orig.mgz ========================================
Volume information for /out/sourcedata/freesurfer/sub-v1s11x0050147_ses-1/mri/orig.mgz
          type: MGH
    dimensions: 256 x 256 x 256
   voxel sizes: 1.000000, 1.000000, 1.000000
          type: UCHAR (0)
           fov: 256.000
           dof: 1
        xstart: -128.0, xend: 128.0
        ystart: -128.0, yend: 128.0
        zstart: -128.0, zend: 128.0
            TR: 0.00 msec, TE: 0.00 msec, TI: 0.00 msec, flip angle: 0.00 degrees
       nframes: 1
       PhEncDir: UNKNOWN
       FieldStrength: 0.000000
ras xform present
    xform info: x_r =  -1.0000, y_r =   0.0000, z_r =  -0.0000, c_r =     1.2792
              : x_a =  -0.0000, y_a =   0.0000, z_a =   1.0000, c_a =    14.8405
              : x_s =   0.0000, y_s =  -1.0000, z_s =   0.0000, c_s =    15.9564

talairach xfm : /out/sourcedata/freesurfer/sub-v1s11x0050147_ses-1/mri/transforms/talairach.xfm
Orientation   : LIA
Primary Slice Direction: coronal

voxel to ras transform:
               -1.0000   0.0000  -0.0000   129.2792
               -0.0000   0.0000   1.0000  -113.1595
                0.0000  -1.0000   0.0000   143.9564
                0.0000   0.0000   0.0000     1.0000

voxel-to-ras determinant -1

ras to voxel transform:
               -1.0000  -0.0000  -0.0000   129.2792
               -0.0000  -0.0000  -1.0000   143.9564
               -0.0000   1.0000   0.0000   113.1595
               -0.0000  -0.0000  -0.0000     1.0000
#--------------------------------------------
#@# Talairach Thu Mar 12 10:01:24 CET 2026
/out/sourcedata/freesurfer/sub-v1s11x0050147_ses-1/mri

 mri_nu_correct.mni --no-rescale --i orig.mgz --o orig_nu.mgz --ants-n4 --n 1 --proto-iters 1000 --distance 50 

/usr/bin/bc
/out/sourcedata/freesurfer/sub-v1s11x0050147_ses-1/mri
/opt/freesurfer/bin/mri_nu_correct.mni
--no-rescale --i orig.mgz --o orig_nu.mgz --ants-n4 --n 1 --proto-iters 1000 --distance 50
nIters 1
mri_nu_correct.mni 7.3.2
Linux dna084 5.14.0-427.37.1.el9_4.x86_64 #1 SMP PREEMPT_DYNAMIC Fri Sep 13 12:41:50 EDT 2024 x86_64 x86_64 x86_64 GNU/Linux
Thu Mar 12 10:01:24 CET 2026
tmpdir is ./tmp.mri_nu_correct.mni.2648939
cd /out/sourcedata/freesurfer/sub-v1s11x0050147_ses-1/mri
AntsN4BiasFieldCorrectionFs -i orig.mgz -o ./tmp.mri_nu_correct.mni.2648939/nu0.mgz --dtype uchar
AntsN4BiasFieldCorrectionFs done
mri_convert ./tmp.mri_nu_correct.mni.2648939/nu0.mgz orig_nu.mgz --like orig.mgz --conform
mri_convert ./tmp.mri_nu_correct.mni.2648939/nu0.mgz orig_nu.mgz --like orig.mgz --conform 
reading from ./tmp.mri_nu_correct.mni.2648939/nu0.mgz...
TR=0.00, TE=0.00, TI=0.00, flip angle=0.00
i_ras = (-1, -2.16824e-09, 3.72529e-09)
j_ras = (0, 2.32831e-10, -1)
k_ras = (-5.31145e-09, 1, 0)
INFO: transform src into the like-volume: orig.mgz
writing to orig_nu.mgz...
 
 
Thu Mar 12 10:03:57 CET 2026
mri_nu_correct.mni done

 talairach_avi --i orig_nu.mgz --xfm transforms/talairach.auto.xfm 

talairach_avi log file is transforms/talairach_avi.log...
mv -f /out/sourcedata/freesurfer/sub-v1s11x0050147_ses-1/mri/talsrcimg_to_711-2C_as_mni_average_305_t4_vox2vox.txt /out/sourcedata/freesurfer/sub-v1s11x0050147_ses-1/mri/transforms/talsrcimg_to_711-2C_as_mni_average_305_t4_vox2vox.txt
Started at Thu Mar 12 10:03:57 CET 2026
Ended   at Thu Mar 12 10:04:11 CET 2026
talairach_avi done

 cp transforms/talairach.auto.xfm transforms/talairach.xfm 

lta_convert --src orig.mgz --trg /opt/freesurfer/average/mni305.cor.mgz --inxfm transforms/talairach.xfm --outlta transforms/talairach.xfm.lta --subject fsaverage --ltavox2vox
7.3.2

--src: orig.mgz src image (geometry).
--trg: /opt/freesurfer/average/mni305.cor.mgz trg image (geometry).
--inmni: transforms/talairach.xfm input MNI/XFM transform.
--outlta: transforms/talairach.xfm.lta output LTA.
--s: fsaverage subject name
--ltavox2vox: output LTA as VOX_TO_VOX transform.
 LTA read, type : 1
 1.06110   0.04556   0.06308  -1.32629;
-0.06841   1.03370   0.15333  -18.18345;
-0.07788  -0.12871   1.08110  -10.80977;
 0.00000   0.00000   0.00000   1.00000;
setting subject to fsaverage
Writing  LTA to file transforms/talairach.xfm.lta...
lta_convert successful.
#--------------------------------------------
#@# Talairach Failure Detection Thu Mar 12 10:04:13 CET 2026
/out/sourcedata/freesurfer/sub-v1s11x0050147_ses-1/mri

 talairach_afd -T 0.005 -xfm transforms/talairach.xfm 

talairach_afd: Talairach Transform: transforms/talairach.xfm OK (p=0.7269, pval=0.6675 >= threshold=0.0050)

 awk -f /opt/freesurfer/bin/extract_talairach_avi_QA.awk /out/sourcedata/freesurfer/sub-v1s11x0050147_ses-1/mri/transforms/talairach_avi.log 


 tal_QC_AZS /out/sourcedata/freesurfer/sub-v1s11x0050147_ses-1/mri/transforms/talairach_avi.log 

TalAviQA: 0.97814
z-score: 0
#--------------------------------------------
#@# Nu Intensity Correction Thu Mar 12 10:04:13 CET 2026

 mri_nu_correct.mni --i orig.mgz --o nu.mgz --uchar transforms/talairach.xfm --n 2 --ants-n4 

/usr/bin/bc
/out/sourcedata/freesurfer/sub-v1s11x0050147_ses-1/mri
/opt/freesurfer/bin/mri_nu_correct.mni
--i orig.mgz --o nu.mgz --uchar transforms/talairach.xfm --n 2 --ants-n4
nIters 2
mri_nu_correct.mni 7.3.2
Linux dna084 5.14.0-427.37.1.el9_4.x86_64 #1 SMP PREEMPT_DYNAMIC Fri Sep 13 12:41:50 EDT 2024 x86_64 x86_64 x86_64 GNU/Linux
Thu Mar 12 10:04:13 CET 2026
tmpdir is ./tmp.mri_nu_correct.mni.2649543
cd /out/sourcedata/freesurfer/sub-v1s11x0050147_ses-1/mri
AntsN4BiasFieldCorrectionFs -i orig.mgz -o ./tmp.mri_nu_correct.mni.2649543/nu0.mgz --dtype uchar
AntsN4BiasFieldCorrectionFs done
mri_binarize --i ./tmp.mri_nu_correct.mni.2649543/nu0.mgz --min -1 --o ./tmp.mri_nu_correct.mni.2649543/ones.mgz

7.3.2
cwd /out/sourcedata/freesurfer/sub-v1s11x0050147_ses-1/mri
cmdline mri_binarize --i ./tmp.mri_nu_correct.mni.2649543/nu0.mgz --min -1 --o ./tmp.mri_nu_correct.mni.2649543/ones.mgz 
sysname  Linux
hostname dna084
machine  x86_64
user     oesteban

input      ./tmp.mri_nu_correct.mni.2649543/nu0.mgz
frame      0
nErode3d   0
nErode2d   0
output     ./tmp.mri_nu_correct.mni.2649543/ones.mgz
Binarizing based on threshold
min        -1
max        +infinity
binval        1
binvalnot     0
fstart = 0, fend = 0, nframes = 1
Starting parallel 1
Found 16777216 values in range
Counting number of voxels in first frame
Found 16777215 voxels in final mask
Writing output to ./tmp.mri_nu_correct.mni.2649543/ones.mgz
Count: 16777215 16777215.000000 16777216 99.999994
mri_binarize done
mri_segstats --id 1 --seg ./tmp.mri_nu_correct.mni.2649543/ones.mgz --i orig.mgz --sum ./tmp.mri_nu_correct.mni.2649543/sum.junk --avgwf ./tmp.mri_nu_correct.mni.2649543/input.mean.dat

7.3.2
cwd 
cmdline mri_segstats --id 1 --seg ./tmp.mri_nu_correct.mni.2649543/ones.mgz --i orig.mgz --sum ./tmp.mri_nu_correct.mni.2649543/sum.junk --avgwf ./tmp.mri_nu_correct.mni.2649543/input.mean.dat 
sysname  Linux
hostname dna084
machine  x86_64
user     oesteban
whitesurfname  white
UseRobust  0
Loading ./tmp.mri_nu_correct.mni.2649543/ones.mgz
Loading orig.mgz
Voxel Volume is 1 mm^3
Generating list of segmentation ids
Found   1 segmentations
Computing statistics for each segmentation

Reporting on   1 segmentations
Using PrintSegStat
Computing spatial average of each frame

Writing to ./tmp.mri_nu_correct.mni.2649543/input.mean.dat
mri_segstats done
mri_segstats --id 1 --seg ./tmp.mri_nu_correct.mni.2649543/ones.mgz --i ./tmp.mri_nu_correct.mni.2649543/nu0.mgz --sum ./tmp.mri_nu_correct.mni.2649543/sum.junk --avgwf ./tmp.mri_nu_correct.mni.2649543/output.mean.dat

7.3.2
cwd 
cmdline mri_segstats --id 1 --seg ./tmp.mri_nu_correct.mni.2649543/ones.mgz --i ./tmp.mri_nu_correct.mni.2649543/nu0.mgz --sum ./tmp.mri_nu_correct.mni.2649543/sum.junk --avgwf ./tmp.mri_nu_correct.mni.2649543/output.mean.dat 
sysname  Linux
hostname dna084
machine  x86_64
user     oesteban
whitesurfname  white
UseRobust  0
Loading ./tmp.mri_nu_correct.mni.2649543/ones.mgz
Loading ./tmp.mri_nu_correct.mni.2649543/nu0.mgz
Voxel Volume is 1 mm^3
Generating list of segmentation ids
Found   1 segmentations
Computing statistics for each segmentation

Reporting on   1 segmentations
Using PrintSegStat
Computing spatial average of each frame

Writing to ./tmp.mri_nu_correct.mni.2649543/output.mean.dat
mri_segstats done
mris_calc -o ./tmp.mri_nu_correct.mni.2649543/nu0.mgz ./tmp.mri_nu_correct.mni.2649543/nu0.mgz mul 1.34691125792352290903
Saving result to './tmp.mri_nu_correct.mni.2649543/nu0.mgz' (type = MGH )                       [ ok ]
mri_convert ./tmp.mri_nu_correct.mni.2649543/nu0.mgz nu.mgz --like orig.mgz
mri_convert ./tmp.mri_nu_correct.mni.2649543/nu0.mgz nu.mgz --like orig.mgz 
reading from ./tmp.mri_nu_correct.mni.2649543/nu0.mgz...
TR=0.00, TE=0.00, TI=0.00, flip angle=0.00
i_ras = (-1, -2.16824e-09, 3.72529e-09)
j_ras = (0, 2.32831e-10, -1)
k_ras = (-5.31145e-09, 1, 0)
INFO: transform src into the like-volume: orig.mgz
writing to nu.mgz...
mri_make_uchar nu.mgz transforms/talairach.xfm nu.mgz
type change took 0 minutes and 3 seconds.
FIRST_PERCENTILE 0.010000
WM_PERCENTILE    0.900000
MAX_R 50.000000
i1 = 18, i2 = 74
#mri_make_uchar# mapping 46 191 to  3 110  :  b -31.9875 m 0.744927 : thresh 42.9405 maxsat 385.256 : nzero 14393559 nsat 0
 
 
Thu Mar 12 10:06:57 CET 2026
mri_nu_correct.mni done

 mri_add_xform_to_header -c /out/sourcedata/freesurfer/sub-v1s11x0050147_ses-1/mri/transforms/talairach.xfm nu.mgz nu.mgz 

INFO: extension is mgz
#--------------------------------------------
#@# Intensity Normalization Thu Mar 12 10:06:58 CET 2026
/out/sourcedata/freesurfer/sub-v1s11x0050147_ses-1/mri

 mri_normalize -g 1 -seed 1234 -mprage nu.mgz T1.mgz 

using max gradient = 1.000
setting seed for random number genererator to 1234
assuming input volume is MGH (Van der Kouwe) MP-RAGE
reading mri_src from nu.mgz...
normalizing image...
NOT doing gentle normalization with control points/label
talairach transform
 1.06110   0.04556   0.06308  -1.32629;
-0.06841   1.03370   0.15333  -18.18345;
-0.07788  -0.12871   1.08110  -10.80977;
 0.00000   0.00000   0.00000   1.00000;
processing without aseg, no1d=0
MRInormInit(): 
INFO: Modifying talairach volume c_(r,a,s) based on average_305
MRInormalize(): 
MRIsplineNormalize(): npeaks = 19
Starting OpenSpline(): npoints = 19
building Voronoi diagram...
performing soap bubble smoothing, sigma = 8...

Iterating 2 times
---------------------------------
3d normalization pass 1 of 2
white matter peak found at 110
white matter peak found at 110
gm peak at 62 (62), valley at 28 (28)
csf peak at 31, setting threshold to 51
building Voronoi diagram...
performing soap bubble smoothing, sigma = 8...
---------------------------------
3d normalization pass 2 of 2
white matter peak found at 110
white matter peak found at 110
gm peak at 63 (63), valley at 17 (17)
csf peak at 32, setting threshold to 52
building Voronoi diagram...
performing soap bubble smoothing, sigma = 8...
Done iterating ---------------------------------
writing output to T1.mgz
3D bias adjustment took 0 minutes and 55 seconds.

Started at Thu Mar 12 10:01:16 CET 2026 
Ended   at Thu Mar 12 10:07:53 CET 2026
#@#%# recon-all-run-time-hours 0.110
recon-all -s sub-v1s11x0050147_ses-1 finished without error at Thu Mar 12 10:07:53 CET 2026



#New# invocation of recon-all 




Thu Mar 12 10:13:37 CET 2026
cd /out/sourcedata/freesurfer/sub-v1s11x0050147_ses-1
setenv SUBJECTS_DIR /out/sourcedata/freesurfer
/opt/freesurfer/bin/recon-all -openmp 16 -subjid sub-v1s11x0050147_ses-1 -sd /out/sourcedata/freesurfer -gcareg

subjid sub-v1s11x0050147_ses-1
setenv SUBJECTS_DIR /out/sourcedata/freesurfer
FREESURFER_HOME /opt/freesurfer
Actual FREESURFER_HOME /opt/freesurfer
build-stamp.txt: freesurfer-linux-ubuntu22_x86_64-7.3.2-20220804-6354275
Linux dna084 5.14.0-427.37.1.el9_4.x86_64 #1 SMP PREEMPT_DYNAMIC Fri Sep 13 12:41:50 EDT 2024 x86_64 x86_64 x86_64 GNU/Linux
cputime      unlimited
filesize     unlimited
datasize     unlimited
stacksize    8192 kbytes
coredumpsize 0 kbytes
memoryuse    67108864 kbytes
vmemoryuse   unlimited
descriptors  1024 
memorylocked unlimited
maxproc      2061970 
maxlocks     unlimited
maxsignal    2062029 
maxmessage   819200 
maxnice      0 
maxrtprio    0 
maxrttime    unlimited

               total        used        free      shared  buff/cache   available
Mem:           503Gi        51Gi       388Gi        25Gi        62Gi       422Gi
Swap:             0B          0B          0B

########################################
program versions used
7.3.2 (freesurfer-linux-ubuntu22_x86_64-7.3.2-20220804-6354275)
7.3.2

ProgramName: lta_convert  ProgramArguments: lta_convert -all-info  ProgramVersion: 7.3.2  TimeStamp: 2026/03/12-09:13:37-GMT  BuildTime: Aug  4 2022 06:17:15  BuildStamp: freesurfer-linux-ubuntu22_x86_64-7.3.2-20220804-6354275  User: oesteban  Machine: dna084  Platform: Linux  PlatformVersion: 5.14.0-427.37.1.el9_4.x86_64  CompilerName: GCC  CompilerVersion: 8.4.0
ProgramName: mri_and  ProgramArguments: mri_and -all-info  ProgramVersion: 7.3.2  TimeStamp: 2026/03/12-09:13:37-GMT  BuildTime: Aug  4 2022 06:17:15  BuildStamp: freesurfer-linux-ubuntu22_x86_64-7.3.2-20220804-6354275  User: oesteban  Machine: dna084  Platform: Linux  PlatformVersion: 5.14.0-427.37.1.el9_4.x86_64  CompilerName: GCC  CompilerVersion: 8.4.0
ProgramName: mri_annotation2label  ProgramArguments: mri_annotation2label -all-info  ProgramVersion: 7.3.2  TimeStamp: 2026/03/12-09:13:37-GMT  BuildTime: Aug  4 2022 06:17:15  BuildStamp: freesurfer-linux-ubuntu22_x86_64-7.3.2-20220804-6354275  User: oesteban  Machine: dna084  Platform: Linux  PlatformVersion: 5.14.0-427.37.1.el9_4.x86_64  CompilerName: GCC  CompilerVersion: 8.4.0
ProgramName: mri_aparc2aseg  ProgramArguments: mri_aparc2aseg -all-info  ProgramVersion: 7.3.2  TimeStamp: 2026/03/12-09:13:37-GMT  BuildTime: Aug  4 2022 06:17:15  BuildStamp: freesurfer-linux-ubuntu22_x86_64-7.3.2-20220804-6354275  User: oesteban  Machine: dna084  Platform: Linux  PlatformVersion: 5.14.0-427.37.1.el9_4.x86_64  CompilerName: GCC  CompilerVersion: 8.4.0
ProgramName: mri_surf2volseg  ProgramArguments: mri_surf2volseg -all-info  ProgramVersion: 7.3.2  TimeStamp: 2026/03/12-09:13:37-GMT  BuildTime: Aug  4 2022 06:17:15  BuildStamp: freesurfer-linux-ubuntu22_x86_64-7.3.2-20220804-6354275  User: oesteban  Machine: dna084  Platform: Linux  PlatformVersion: 5.14.0-427.37.1.el9_4.x86_64  CompilerName: GCC  CompilerVersion: 8.4.0
ProgramName: mri_binarize  ProgramArguments: mri_binarize -all-info  ProgramVersion: 7.3.2  TimeStamp: 2026/03/12-09:13:37-GMT  BuildTime: Aug  4 2022 06:17:15  BuildStamp: freesurfer-linux-ubuntu22_x86_64-7.3.2-20220804-6354275  User: oesteban  Machine: dna084  Platform: Linux  PlatformVersion: 5.14.0-427.37.1.el9_4.x86_64  CompilerName: GCC  CompilerVersion: 8.4.0
ProgramName: mri_ca_label  ProgramArguments: mri_ca_label -all-info  ProgramVersion: 7.3.2  TimeStamp: 2026/03/12-09:13:37-GMT  BuildTime: Aug  4 2022 06:17:15  BuildStamp: freesurfer-linux-ubuntu22_x86_64-7.3.2-20220804-6354275  User: oesteban  Machine: dna084  Platform: Linux  PlatformVersion: 5.14.0-427.37.1.el9_4.x86_64  CompilerName: GCC  CompilerVersion: 8.4.0
ProgramName: mri_ca_normalize  ProgramArguments: mri_ca_normalize -all-info  ProgramVersion: 7.3.2  TimeStamp: 2026/03/12-09:13:37-GMT  BuildTime: Aug  4 2022 06:17:15  BuildStamp: freesurfer-linux-ubuntu22_x86_64-7.3.2-20220804-6354275  User: oesteban  Machine: dna084  Platform: Linux  PlatformVersion: 5.14.0-427.37.1.el9_4.x86_64  CompilerName: GCC  CompilerVersion: 8.4.0
ProgramName: mri_ca_register  ProgramArguments: mri_ca_register -all-info  ProgramVersion: 7.3.2  TimeStamp: 2026/03/12-09:13:37-GMT  BuildTime: Aug  4 2022 06:17:15  BuildStamp: freesurfer-linux-ubuntu22_x86_64-7.3.2-20220804-6354275  User: oesteban  Machine: dna084  Platform: Linux  PlatformVersion: 5.14.0-427.37.1.el9_4.x86_64  CompilerName: GCC  CompilerVersion: 8.4.0
ProgramName: mri_cc  ProgramArguments: mri_cc -all-info  ProgramVersion: 7.3.2  TimeStamp: 2026/03/12-09:13:37-GMT  BuildTime: Aug  4 2022 06:17:15  BuildStamp: freesurfer-linux-ubuntu22_x86_64-7.3.2-20220804-6354275  User: oesteban  Machine: dna084  Platform: Linux  PlatformVersion: 5.14.0-427.37.1.el9_4.x86_64  CompilerName: GCC  CompilerVersion: 8.4.0
ProgramName: mri_compute_overlap  ProgramArguments: mri_compute_overlap -all-info  ProgramVersion: 7.3.2  TimeStamp: 2026/03/12-09:13:37-GMT  BuildTime: Aug  4 2022 06:17:15  BuildStamp: freesurfer-linux-ubuntu22_x86_64-7.3.2-20220804-6354275  User: oesteban  Machine: dna084  Platform: Linux  PlatformVersion: 5.14.0-427.37.1.el9_4.x86_64  CompilerName: GCC  CompilerVersion: 8.4.0
ProgramName: mri_compute_seg_overlap  ProgramArguments: mri_compute_seg_overlap -all-info  ProgramVersion: 7.3.2  TimeStamp: 2026/03/12-09:13:37-GMT  BuildTime: Aug  4 2022 06:17:15  BuildStamp: freesurfer-linux-ubuntu22_x86_64-7.3.2-20220804-6354275  User: oesteban  Machine: dna084  Platform: Linux  PlatformVersion: 5.14.0-427.37.1.el9_4.x86_64  CompilerName: GCC  CompilerVersion: 8.4.0
ProgramName: mri_concat  ProgramArguments: mri_concat -all-info  ProgramVersion: 7.3.2  TimeStamp: 2026/03/12-09:13:37-GMT  BuildTime: Aug  4 2022 06:17:15  BuildStamp: freesurfer-linux-ubuntu22_x86_64-7.3.2-20220804-6354275  User: oesteban  Machine: dna084  Platform: Linux  PlatformVersion: 5.14.0-427.37.1.el9_4.x86_64  CompilerName: GCC  CompilerVersion: 8.4.0
ProgramName: mri_concatenate_lta  ProgramArguments: mri_concatenate_lta -all-info  ProgramVersion: 7.3.2  TimeStamp: 2026/03/12-09:13:37-GMT  BuildTime: Aug  4 2022 06:17:15  BuildStamp: freesurfer-linux-ubuntu22_x86_64-7.3.2-20220804-6354275  User: oesteban  Machine: dna084  Platform: Linux  PlatformVersion: 5.14.0-427.37.1.el9_4.x86_64  CompilerName: GCC  CompilerVersion: 8.4.0
mri_convert -all-info 
ProgramName: mri_convert  ProgramArguments: mri_convert -all-info  ProgramVersion: 7.3.2  TimeStamp: 2026/03/12-09:13:37-GMT  BuildTime: Aug  4 2022 06:17:15  BuildStamp: freesurfer-linux-ubuntu22_x86_64-7.3.2-20220804-6354275  User: oesteban  Machine: dna084  Platform: Linux  PlatformVersion: 5.14.0-427.37.1.el9_4.x86_64  CompilerName: GCC  CompilerVersion: 8.4.0
ProgramName: mri_diff  ProgramArguments: mri_diff -all-info  ProgramVersion: 7.3.2  TimeStamp: 2026/03/12-09:13:37-GMT  BuildTime: Aug  4 2022 06:17:15  BuildStamp: freesurfer-linux-ubuntu22_x86_64-7.3.2-20220804-6354275  User: oesteban  Machine: dna084  Platform: Linux  PlatformVersion: 5.14.0-427.37.1.el9_4.x86_64  CompilerName: GCC  CompilerVersion: 8.4.0
ProgramName: mri_edit_wm_with_aseg  ProgramArguments: mri_edit_wm_with_aseg -all-info  ProgramVersion: 7.3.2  TimeStamp: 2026/03/12-09:13:37-GMT  BuildTime: Aug  4 2022 06:17:15  BuildStamp: freesurfer-linux-ubuntu22_x86_64-7.3.2-20220804-6354275  User: oesteban  Machine: dna084  Platform: Linux  PlatformVersion: 5.14.0-427.37.1.el9_4.x86_64  CompilerName: GCC  CompilerVersion: 8.4.0
ProgramName: mri_em_register  ProgramArguments: mri_em_register -all-info  ProgramVersion: 7.3.2  TimeStamp: 2026/03/12-09:13:37-GMT  BuildTime: Aug  4 2022 06:17:15  BuildStamp: freesurfer-linux-ubuntu22_x86_64-7.3.2-20220804-6354275  User: oesteban  Machine: dna084  Platform: Linux  PlatformVersion: 5.14.0-427.37.1.el9_4.x86_64  CompilerName: GCC  CompilerVersion: 8.4.0
ProgramName: mri_fill  ProgramArguments: mri_fill -all-info  ProgramVersion: 7.3.2  TimeStamp: 2026/03/12-09:13:37-GMT  BuildTime: Aug  4 2022 06:17:15  BuildStamp: freesurfer-linux-ubuntu22_x86_64-7.3.2-20220804-6354275  User: oesteban  Machine: dna084  Platform: Linux  PlatformVersion: 5.14.0-427.37.1.el9_4.x86_64  CompilerName: GCC  CompilerVersion: 8.4.0
ProgramName: mri_fuse_segmentations  ProgramArguments: mri_fuse_segmentations -all-info  ProgramVersion: 7.3.2  TimeStamp: 2026/03/12-09:13:37-GMT  BuildTime: Aug  4 2022 06:17:15  BuildStamp: freesurfer-linux-ubuntu22_x86_64-7.3.2-20220804-6354275  User: oesteban  Machine: dna084  Platform: Linux  PlatformVersion: 5.14.0-427.37.1.el9_4.x86_64  CompilerName: GCC  CompilerVersion: 8.4.0
ProgramName: mri_fwhm  ProgramArguments: mri_fwhm -all-info  ProgramVersion: 7.3.2  TimeStamp: 2026/03/12-09:13:37-GMT  BuildTime: Aug  4 2022 06:17:15  BuildStamp: freesurfer-linux-ubuntu22_x86_64-7.3.2-20220804-6354275  User: oesteban  Machine: dna084  Platform: Linux  PlatformVersion: 5.14.0-427.37.1.el9_4.x86_64  CompilerName: GCC  CompilerVersion: 8.4.0
ProgramName: mri_gcut  ProgramArguments: mri_gcut -all-info  ProgramVersion: 7.3.2  TimeStamp: 2026/03/12-09:13:37-GMT  BuildTime: Aug  4 2022 06:17:15  BuildStamp: freesurfer-linux-ubuntu22_x86_64-7.3.2-20220804-6354275  User: oesteban  Machine: dna084  Platform: Linux  PlatformVersion: 5.14.0-427.37.1.el9_4.x86_64  CompilerName: GCC  CompilerVersion: 8.4.0
ProgramName: mri_info  ProgramArguments: mri_info -all-info  ProgramVersion: 7.3.2  TimeStamp: 2026/03/12-09:13:37-GMT  BuildTime: Aug  4 2022 06:17:15  BuildStamp: freesurfer-linux-ubuntu22_x86_64-7.3.2-20220804-6354275  User: oesteban  Machine: dna084  Platform: Linux  PlatformVersion: 5.14.0-427.37.1.el9_4.x86_64  CompilerName: GCC  CompilerVersion: 8.4.0
ProgramName: mri_label2label  ProgramArguments: mri_label2label -all-info  ProgramVersion: 7.3.2  TimeStamp: 2026/03/12-09:13:37-GMT  BuildTime: Aug  4 2022 06:17:15  BuildStamp: freesurfer-linux-ubuntu22_x86_64-7.3.2-20220804-6354275  User: oesteban  Machine: dna084  Platform: Linux  PlatformVersion: 5.14.0-427.37.1.el9_4.x86_64  CompilerName: GCC  CompilerVersion: 8.4.0
ProgramName: mri_label2vol  ProgramArguments: mri_label2vol -all-info  ProgramVersion: 7.3.2  TimeStamp: 2026/03/12-09:13:37-GMT  BuildTime: Aug  4 2022 06:17:15  BuildStamp: freesurfer-linux-ubuntu22_x86_64-7.3.2-20220804-6354275  User: oesteban  Machine: dna084  Platform: Linux  PlatformVersion: 5.14.0-427.37.1.el9_4.x86_64  CompilerName: GCC  CompilerVersion: 8.4.0
ProgramName: mri_log_likelihood  ProgramArguments: mri_log_likelihood -all-info  ProgramVersion: 7.3.2  TimeStamp: 2026/03/12-09:13:37-GMT  BuildTime: Aug  4 2022 06:17:15  BuildStamp: freesurfer-linux-ubuntu22_x86_64-7.3.2-20220804-6354275  User: oesteban  Machine: dna084  Platform: Linux  PlatformVersion: 5.14.0-427.37.1.el9_4.x86_64  CompilerName: GCC  CompilerVersion: 8.4.0
ProgramName: mri_mask  ProgramArguments: mri_mask -all-info  ProgramVersion: 7.3.2  TimeStamp: 2026/03/12-09:13:37-GMT  BuildTime: Aug  4 2022 06:17:15  BuildStamp: freesurfer-linux-ubuntu22_x86_64-7.3.2-20220804-6354275  User: oesteban  Machine: dna084  Platform: Linux  PlatformVersion: 5.14.0-427.37.1.el9_4.x86_64  CompilerName: GCC  CompilerVersion: 8.4.0
ProgramName: mri_matrix_multiply  ProgramArguments: mri_matrix_multiply -all-info  ProgramVersion: 7.3.2  TimeStamp: 2026/03/12-09:13:37-GMT  BuildTime: Aug  4 2022 06:17:15  BuildStamp: freesurfer-linux-ubuntu22_x86_64-7.3.2-20220804-6354275  User: oesteban  Machine: dna084  Platform: Linux  PlatformVersion: 5.14.0-427.37.1.el9_4.x86_64  CompilerName: GCC  CompilerVersion: 8.4.0
ProgramName: mri_normalize  ProgramArguments: mri_normalize -all-info  ProgramVersion: 7.3.2  TimeStamp: 2026/03/12-09:13:37-GMT  BuildTime: Aug  4 2022 06:17:15  BuildStamp: freesurfer-linux-ubuntu22_x86_64-7.3.2-20220804-6354275  User: oesteban  Machine: dna084  Platform: Linux  PlatformVersion: 5.14.0-427.37.1.el9_4.x86_64  CompilerName: GCC  CompilerVersion: 8.4.0
ProgramName: mri_normalize_tp2  ProgramArguments: mri_normalize_tp2 -all-info  ProgramVersion: 7.3.2  TimeStamp: 2026/03/12-09:13:37-GMT  BuildTime: Aug  4 2022 06:17:15  BuildStamp: freesurfer-linux-ubuntu22_x86_64-7.3.2-20220804-6354275  User: oesteban  Machine: dna084  Platform: Linux  PlatformVersion: 5.14.0-427.37.1.el9_4.x86_64  CompilerName: GCC  CompilerVersion: 8.4.0
ProgramName: mri_or  ProgramArguments: mri_or -all-info  ProgramVersion: 7.3.2  TimeStamp: 2026/03/12-09:13:37-GMT  BuildTime: Aug  4 2022 06:17:15  BuildStamp: freesurfer-linux-ubuntu22_x86_64-7.3.2-20220804-6354275  User: oesteban  Machine: dna084  Platform: Linux  PlatformVersion: 5.14.0-427.37.1.el9_4.x86_64  CompilerName: GCC  CompilerVersion: 8.4.0
ProgramName: mri_relabel_hypointensities  ProgramArguments: mri_relabel_hypointensities -all-info  ProgramVersion: 7.3.2  TimeStamp: 2026/03/12-09:13:37-GMT  BuildTime: Aug  4 2022 06:17:15  BuildStamp: freesurfer-linux-ubuntu22_x86_64-7.3.2-20220804-6354275  User: oesteban  Machine: dna084  Platform: Linux  PlatformVersion: 5.14.0-427.37.1.el9_4.x86_64  CompilerName: GCC  CompilerVersion: 8.4.0
ProgramName: mri_relabel_nonwm_hypos  ProgramArguments: mri_relabel_nonwm_hypos -all-info  ProgramVersion: 7.3.2  TimeStamp: 2026/03/12-09:13:37-GMT  BuildTime: Aug  4 2022 06:17:15  BuildStamp: freesurfer-linux-ubuntu22_x86_64-7.3.2-20220804-6354275  User: oesteban  Machine: dna084  Platform: Linux  PlatformVersion: 5.14.0-427.37.1.el9_4.x86_64  CompilerName: GCC  CompilerVersion: 8.4.0
ProgramName: mri_remove_neck  ProgramArguments: mri_remove_neck -all-info  ProgramVersion: 7.3.2  TimeStamp: 2026/03/12-09:13:37-GMT  BuildTime: Aug  4 2022 06:17:15  BuildStamp: freesurfer-linux-ubuntu22_x86_64-7.3.2-20220804-6354275  User: oesteban  Machine: dna084  Platform: Linux  PlatformVersion: 5.14.0-427.37.1.el9_4.x86_64  CompilerName: GCC  CompilerVersion: 8.4.0
7.3.2

ProgramName: mri_robust_register  ProgramArguments: mri_robust_register -all-info  ProgramVersion: 7.3.2  TimeStamp: 2026/03/12-09:13:37-GMT  BuildTime: Aug  4 2022 06:17:15  BuildStamp: freesurfer-linux-ubuntu22_x86_64-7.3.2-20220804-6354275  User: oesteban  Machine: dna084  Platform: Linux  PlatformVersion: 5.14.0-427.37.1.el9_4.x86_64  CompilerName: GCC  CompilerVersion: 8.4.0
7.3.2

ProgramName: mri_robust_template  ProgramArguments: mri_robust_template -all-info  ProgramVersion: 7.3.2  TimeStamp: 2026/03/12-09:13:37-GMT  BuildTime: Aug  4 2022 06:17:15  BuildStamp: freesurfer-linux-ubuntu22_x86_64-7.3.2-20220804-6354275  User: oesteban  Machine: dna084  Platform: Linux  PlatformVersion: 5.14.0-427.37.1.el9_4.x86_64  CompilerName: GCC  CompilerVersion: 8.4.0
ProgramName: mris_anatomical_stats  ProgramArguments: mris_anatomical_stats -all-info  ProgramVersion: 7.3.2  TimeStamp: 2026/03/12-09:13:37-GMT  BuildTime: Aug  4 2022 06:17:15  BuildStamp: freesurfer-linux-ubuntu22_x86_64-7.3.2-20220804-6354275  User: oesteban  Machine: dna084  Platform: Linux  PlatformVersion: 5.14.0-427.37.1.el9_4.x86_64  CompilerName: GCC  CompilerVersion: 8.4.0
ProgramName: mris_ca_label  ProgramArguments: mris_ca_label -all-info  ProgramVersion: 7.3.2  TimeStamp: 2026/03/12-09:13:37-GMT  BuildTime: Aug  4 2022 06:17:15  BuildStamp: freesurfer-linux-ubuntu22_x86_64-7.3.2-20220804-6354275  User: oesteban  Machine: dna084  Platform: Linux  PlatformVersion: 5.14.0-427.37.1.el9_4.x86_64  CompilerName: GCC  CompilerVersion: 8.4.0
ProgramName: mris_calc  ProgramArguments: mris_calc -all-info  ProgramVersion: 7.3.2  TimeStamp: 2026/03/12-09:13:37-GMT  BuildTime: Aug  4 2022 06:17:15  BuildStamp: freesurfer-linux-ubuntu22_x86_64-7.3.2-20220804-6354275  User: oesteban  Machine: dna084  Platform: Linux  PlatformVersion: 5.14.0-427.37.1.el9_4.x86_64  CompilerName: GCC  CompilerVersion: 8.4.0
ProgramName: mris_convert  ProgramArguments: mris_convert -all-info  ProgramVersion: 7.3.2  TimeStamp: 2026/03/12-09:13:37-GMT  BuildTime: Aug  4 2022 06:17:15  BuildStamp: freesurfer-linux-ubuntu22_x86_64-7.3.2-20220804-6354275  User: oesteban  Machine: dna084  Platform: Linux  PlatformVersion: 5.14.0-427.37.1.el9_4.x86_64  CompilerName: GCC  CompilerVersion: 8.4.0
ProgramName: mris_curvature  ProgramArguments: mris_curvature -all-info  ProgramVersion: 7.3.2  TimeStamp: 2026/03/12-09:13:37-GMT  BuildTime: Aug  4 2022 06:17:15  BuildStamp: freesurfer-linux-ubuntu22_x86_64-7.3.2-20220804-6354275  User: oesteban  Machine: dna084  Platform: Linux  PlatformVersion: 5.14.0-427.37.1.el9_4.x86_64  CompilerName: GCC  CompilerVersion: 8.4.0
ProgramName: mris_curvature_stats  ProgramArguments: mris_curvature_stats -all-info  ProgramVersion: 7.3.2  TimeStamp: 2026/03/12-09:13:37-GMT  BuildTime: Aug  4 2022 06:17:15  BuildStamp: freesurfer-linux-ubuntu22_x86_64-7.3.2-20220804-6354275  User: oesteban  Machine: dna084  Platform: Linux  PlatformVersion: 5.14.0-427.37.1.el9_4.x86_64  CompilerName: GCC  CompilerVersion: 8.4.0
ProgramName: mris_diff  ProgramArguments: mris_diff -all-info  ProgramVersion: 7.3.2  TimeStamp: 2026/03/12-09:13:37-GMT  BuildTime: Aug  4 2022 06:17:15  BuildStamp: freesurfer-linux-ubuntu22_x86_64-7.3.2-20220804-6354275  User: oesteban  Machine: dna084  Platform: Linux  PlatformVersion: 5.14.0-427.37.1.el9_4.x86_64  CompilerName: GCC  CompilerVersion: 8.4.0
ProgramName: mris_divide_parcellation  ProgramArguments: mris_divide_parcellation -all-info  ProgramVersion: 7.3.2  TimeStamp: 2026/03/12-09:13:37-GMT  BuildTime: Aug  4 2022 06:17:15  BuildStamp: freesurfer-linux-ubuntu22_x86_64-7.3.2-20220804-6354275  User: oesteban  Machine: dna084  Platform: Linux  PlatformVersion: 5.14.0-427.37.1.el9_4.x86_64  CompilerName: GCC  CompilerVersion: 8.4.0
ProgramName: mri_segment  ProgramArguments: mri_segment -all-info  ProgramVersion: 7.3.2  TimeStamp: 2026/03/12-09:13:37-GMT  BuildTime: Aug  4 2022 06:17:15  BuildStamp: freesurfer-linux-ubuntu22_x86_64-7.3.2-20220804-6354275  User: oesteban  Machine: dna084  Platform: Linux  PlatformVersion: 5.14.0-427.37.1.el9_4.x86_64  CompilerName: GCC  CompilerVersion: 8.4.0
ProgramName: mri_segstats  ProgramArguments: mri_segstats -all-info  ProgramVersion: 7.3.2  TimeStamp: 2026/03/12-09:13:37-GMT  BuildTime: Aug  4 2022 06:17:15  BuildStamp: freesurfer-linux-ubuntu22_x86_64-7.3.2-20220804-6354275  User: oesteban  Machine: dna084  Platform: Linux  PlatformVersion: 5.14.0-427.37.1.el9_4.x86_64  CompilerName: GCC  CompilerVersion: 8.4.0
ProgramName: mris_euler_number  ProgramArguments: mris_euler_number -all-info  ProgramVersion: 7.3.2  TimeStamp: 2026/03/12-09:13:37-GMT  BuildTime: Aug  4 2022 06:17:15  BuildStamp: freesurfer-linux-ubuntu22_x86_64-7.3.2-20220804-6354275  User: oesteban  Machine: dna084  Platform: Linux  PlatformVersion: 5.14.0-427.37.1.el9_4.x86_64  CompilerName: GCC  CompilerVersion: 8.4.0
ProgramName: mris_fix_topology  ProgramArguments: mris_fix_topology -all-info  ProgramVersion: 7.3.2  TimeStamp: 2026/03/12-09:13:37-GMT  BuildTime: Aug  4 2022 06:17:15  BuildStamp: freesurfer-linux-ubuntu22_x86_64-7.3.2-20220804-6354275  User: oesteban  Machine: dna084  Platform: Linux  PlatformVersion: 5.14.0-427.37.1.el9_4.x86_64  CompilerName: GCC  CompilerVersion: 8.4.0
ProgramName: mris_topo_fixer  ProgramArguments: mris_topo_fixer -all-info  ProgramVersion: 7.3.2  TimeStamp: 2026/03/12-09:13:37-GMT  BuildTime: Aug  4 2022 06:17:15  BuildStamp: freesurfer-linux-ubuntu22_x86_64-7.3.2-20220804-6354275  User: oesteban  Machine: dna084  Platform: Linux  PlatformVersion: 5.14.0-427.37.1.el9_4.x86_64  CompilerName: GCC  CompilerVersion: 8.4.0
ProgramName: mris_jacobian  ProgramArguments: mris_jacobian -all-info  ProgramVersion: 7.3.2  TimeStamp: 2026/03/12-09:13:37-GMT  BuildTime: Aug  4 2022 06:17:15  BuildStamp: freesurfer-linux-ubuntu22_x86_64-7.3.2-20220804-6354275  User: oesteban  Machine: dna084  Platform: Linux  PlatformVersion: 5.14.0-427.37.1.el9_4.x86_64  CompilerName: GCC  CompilerVersion: 8.4.0
ProgramName: mris_label2annot  ProgramArguments: mris_label2annot -all-info  ProgramVersion: 7.3.2  TimeStamp: 2026/03/12-09:13:37-GMT  BuildTime: Aug  4 2022 06:17:15  BuildStamp: freesurfer-linux-ubuntu22_x86_64-7.3.2-20220804-6354275  User: oesteban  Machine: dna084  Platform: Linux  PlatformVersion: 5.14.0-427.37.1.el9_4.x86_64  CompilerName: GCC  CompilerVersion: 8.4.0
ProgramName: mris_left_right_register  ProgramArguments: mris_left_right_register -all-info  ProgramVersion: 7.3.2  TimeStamp: 2026/03/12-09:13:37-GMT  BuildTime: Aug  4 2022 06:17:15  BuildStamp: freesurfer-linux-ubuntu22_x86_64-7.3.2-20220804-6354275  User: oesteban  Machine: dna084  Platform: Linux  PlatformVersion: 5.14.0-427.37.1.el9_4.x86_64  CompilerName: GCC  CompilerVersion: 8.4.0
ProgramName: mris_place_surface  ProgramArguments: mris_place_surface -all-info  ProgramVersion: 7.3.2  TimeStamp: 2026/03/12-09:13:37-GMT  BuildTime: Aug  4 2022 06:17:15  BuildStamp: freesurfer-linux-ubuntu22_x86_64-7.3.2-20220804-6354275  User: oesteban  Machine: dna084  Platform: Linux  PlatformVersion: 5.14.0-427.37.1.el9_4.x86_64  CompilerName: GCC  CompilerVersion: 8.4.0
ProgramName: mrisp_paint  ProgramArguments: mrisp_paint -all-info  ProgramVersion: 7.3.2  TimeStamp: 2026/03/12-09:13:37-GMT  BuildTime: Aug  4 2022 06:17:15  BuildStamp: freesurfer-linux-ubuntu22_x86_64-7.3.2-20220804-6354275  User: oesteban  Machine: dna084  Platform: Linux  PlatformVersion: 5.14.0-427.37.1.el9_4.x86_64  CompilerName: GCC  CompilerVersion: 8.4.0
ProgramName: mris_register  ProgramArguments: mris_register -all-info  ProgramVersion: 7.3.2  TimeStamp: 2026/03/12-09:13:37-GMT  BuildTime: Aug  4 2022 06:17:15  BuildStamp: freesurfer-linux-ubuntu22_x86_64-7.3.2-20220804-6354275  User: oesteban  Machine: dna084  Platform: Linux  PlatformVersion: 5.14.0-427.37.1.el9_4.x86_64  CompilerName: GCC  CompilerVersion: 8.4.0
ProgramName: mris_smooth  ProgramArguments: mris_smooth -all-info  ProgramVersion: 7.3.2  TimeStamp: 2026/03/12-09:13:37-GMT  BuildTime: Aug  4 2022 06:17:15  BuildStamp: freesurfer-linux-ubuntu22_x86_64-7.3.2-20220804-6354275  User: oesteban  Machine: dna084  Platform: Linux  PlatformVersion: 5.14.0-427.37.1.el9_4.x86_64  CompilerName: GCC  CompilerVersion: 8.4.0
ProgramName: mris_sphere  ProgramArguments: mris_sphere -all-info  ProgramVersion: 7.3.2  TimeStamp: 2026/03/12-09:13:37-GMT  BuildTime: Aug  4 2022 06:17:15  BuildStamp: freesurfer-linux-ubuntu22_x86_64-7.3.2-20220804-6354275  User: oesteban  Machine: dna084  Platform: Linux  PlatformVersion: 5.14.0-427.37.1.el9_4.x86_64  CompilerName: GCC  CompilerVersion: 8.4.0
ProgramName: mris_surface_stats  ProgramArguments: mris_surface_stats -all-info  ProgramVersion: 7.3.2  TimeStamp: 2026/03/12-09:13:37-GMT  BuildTime: Aug  4 2022 06:17:15  BuildStamp: freesurfer-linux-ubuntu22_x86_64-7.3.2-20220804-6354275  User: oesteban  Machine: dna084  Platform: Linux  PlatformVersion: 5.14.0-427.37.1.el9_4.x86_64  CompilerName: GCC  CompilerVersion: 8.4.0
ProgramName: mri_stats2seg  ProgramArguments: mri_stats2seg -all-info  ProgramVersion: 7.3.2  TimeStamp: 2026/03/12-09:13:37-GMT  BuildTime: Aug  4 2022 06:17:15  BuildStamp: freesurfer-linux-ubuntu22_x86_64-7.3.2-20220804-6354275  User: oesteban  Machine: dna084  Platform: Linux  PlatformVersion: 5.14.0-427.37.1.el9_4.x86_64  CompilerName: GCC  CompilerVersion: 8.4.0
ProgramName: mris_thickness  ProgramArguments: mris_thickness -all-info  ProgramVersion: 7.3.2  TimeStamp: 2026/03/12-09:13:37-GMT  BuildTime: Aug  4 2022 06:17:15  BuildStamp: freesurfer-linux-ubuntu22_x86_64-7.3.2-20220804-6354275  User: oesteban  Machine: dna084  Platform: Linux  PlatformVersion: 5.14.0-427.37.1.el9_4.x86_64  CompilerName: GCC  CompilerVersion: 8.4.0
ProgramName: mris_thickness_diff  ProgramArguments: mris_thickness_diff -all-info  ProgramVersion: 7.3.2  TimeStamp: 2026/03/12-09:13:37-GMT  BuildTime: Aug  4 2022 06:17:15  BuildStamp: freesurfer-linux-ubuntu22_x86_64-7.3.2-20220804-6354275  User: oesteban  Machine: dna084  Platform: Linux  PlatformVersion: 5.14.0-427.37.1.el9_4.x86_64  CompilerName: GCC  CompilerVersion: 8.4.0
ProgramName: mris_topo_fixer  ProgramArguments: mris_topo_fixer -all-info  ProgramVersion: 7.3.2  TimeStamp: 2026/03/12-09:13:37-GMT  BuildTime: Aug  4 2022 06:17:15  BuildStamp: freesurfer-linux-ubuntu22_x86_64-7.3.2-20220804-6354275  User: oesteban  Machine: dna084  Platform: Linux  PlatformVersion: 5.14.0-427.37.1.el9_4.x86_64  CompilerName: GCC  CompilerVersion: 8.4.0
ProgramName: mri_surf2surf  ProgramArguments: mri_surf2surf -all-info  ProgramVersion: 7.3.2  TimeStamp: 2026/03/12-09:13:37-GMT  BuildTime: Aug  4 2022 06:17:15  BuildStamp: freesurfer-linux-ubuntu22_x86_64-7.3.2-20220804-6354275  User: oesteban  Machine: dna084  Platform: Linux  PlatformVersion: 5.14.0-427.37.1.el9_4.x86_64  CompilerName: GCC  CompilerVersion: 8.4.0
ProgramName: mri_surf2vol  ProgramArguments: mri_surf2vol -all-info  ProgramVersion: 7.3.2  TimeStamp: 2026/03/12-09:13:37-GMT  BuildTime: Aug  4 2022 06:17:15  BuildStamp: freesurfer-linux-ubuntu22_x86_64-7.3.2-20220804-6354275  User: oesteban  Machine: dna084  Platform: Linux  PlatformVersion: 5.14.0-427.37.1.el9_4.x86_64  CompilerName: GCC  CompilerVersion: 8.4.0
ProgramName: mri_surfcluster  ProgramArguments: mri_surfcluster -all-info  ProgramVersion: 7.3.2  TimeStamp: 2026/03/12-09:13:37-GMT  BuildTime: Aug  4 2022 06:17:15  BuildStamp: freesurfer-linux-ubuntu22_x86_64-7.3.2-20220804-6354275  User: oesteban  Machine: dna084  Platform: Linux  PlatformVersion: 5.14.0-427.37.1.el9_4.x86_64  CompilerName: GCC  CompilerVersion: 8.4.0
ProgramName: mris_volmask  ProgramArguments: mris_volmask -all-info  ProgramVersion: 7.3.2  TimeStamp: 2026/03/12-09:13:37-GMT  BuildTime: Aug  4 2022 06:17:15  BuildStamp: freesurfer-linux-ubuntu22_x86_64-7.3.2-20220804-6354275  User: oesteban  Machine: dna084  Platform: Linux  PlatformVersion: 5.14.0-427.37.1.el9_4.x86_64  CompilerName: GCC  CompilerVersion: 8.4.0
ProgramName: mri_tessellate  ProgramArguments: mri_tessellate -all-info  ProgramVersion: 7.3.2  TimeStamp: 2026/03/12-09:13:37-GMT  BuildTime: Aug  4 2022 06:17:15  BuildStamp: freesurfer-linux-ubuntu22_x86_64-7.3.2-20220804-6354275  User: oesteban  Machine: dna084  Platform: Linux  PlatformVersion: 5.14.0-427.37.1.el9_4.x86_64  CompilerName: GCC  CompilerVersion: 8.4.0
ProgramName: mri_vol2surf  ProgramArguments: mri_vol2surf -all-info  ProgramVersion: 7.3.2  TimeStamp: 2026/03/12-09:13:37-GMT  BuildTime: Aug  4 2022 06:17:15  BuildStamp: freesurfer-linux-ubuntu22_x86_64-7.3.2-20220804-6354275  User: oesteban  Machine: dna084  Platform: Linux  PlatformVersion: 5.14.0-427.37.1.el9_4.x86_64  CompilerName: GCC  CompilerVersion: 8.4.0
ProgramName: mri_vol2vol  ProgramArguments: mri_vol2vol -all-info  ProgramVersion: 7.3.2  TimeStamp: 2026/03/12-09:13:37-GMT  BuildTime: Aug  4 2022 06:17:15  BuildStamp: freesurfer-linux-ubuntu22_x86_64-7.3.2-20220804-6354275  User: oesteban  Machine: dna084  Platform: Linux  PlatformVersion: 5.14.0-427.37.1.el9_4.x86_64  CompilerName: GCC  CompilerVersion: 8.4.0
ProgramName: mri_voldiff  ProgramArguments: mri_voldiff -all-info  ProgramVersion: 7.3.2  TimeStamp: 2026/03/12-09:13:37-GMT  BuildTime: Aug  4 2022 06:17:15  BuildStamp: freesurfer-linux-ubuntu22_x86_64-7.3.2-20220804-6354275  User: oesteban  Machine: dna084  Platform: Linux  PlatformVersion: 5.14.0-427.37.1.el9_4.x86_64  CompilerName: GCC  CompilerVersion: 8.4.0
ProgramName: mri_watershed  ProgramArguments: mri_watershed -all-info  ProgramVersion: 7.3.2  TimeStamp: 2026/03/12-09:13:37-GMT  BuildTime: Aug  4 2022 06:17:15  BuildStamp: freesurfer-linux-ubuntu22_x86_64-7.3.2-20220804-6354275  User: oesteban  Machine: dna084  Platform: Linux  PlatformVersion: 5.14.0-427.37.1.el9_4.x86_64  CompilerName: GCC  CompilerVersion: 8.4.0
ProgramName: tkregister2  ProgramArguments: tkregister2_cmdl -all-info  ProgramVersion: 7.3.2  TimeStamp: 2026/03/12-09:13:37-GMT  BuildTime: Aug  4 2022 06:17:15  BuildStamp: freesurfer-linux-ubuntu22_x86_64-7.3.2-20220804-6354275  User: oesteban  Machine: dna084  Platform: Linux  PlatformVersion: 5.14.0-427.37.1.el9_4.x86_64  CompilerName: GCC  CompilerVersion: 8.4.0
mri_motion_correct.fsl 7.3.2
mri_convert -all-info 
ProgramName: mri_convert  ProgramArguments: mri_convert -all-info  ProgramVersion: 7.3.2  TimeStamp: 2026/03/12-09:13:37-GMT  BuildTime: Aug  4 2022 06:17:15  BuildStamp: freesurfer-linux-ubuntu22_x86_64-7.3.2-20220804-6354275  User: oesteban  Machine: dna084  Platform: Linux  PlatformVersion: 5.14.0-427.37.1.el9_4.x86_64  CompilerName: GCC  CompilerVersion: 8.4.0
Program nu_correct, built from:
Package MNI N3, version 1.12.0, compiled by nicks@terrier (x86_64-unknown-linux-gnu) on 2015-06-19 at 01:25:34
#######################################
GCADIR /opt/freesurfer/average
GCA RB_all_2020-01-02.gca
GCASkull RB_all_withskull_2020_01_02.gca
AvgCurvTif folding.atlas.acfb40.noaparc.i12.2016-08-02.tif
GCSDIR /opt/freesurfer/average
GCS DKaparc.atlas.acfb40.noaparc.i12.2016-08-02.gcs
#######################################
#-------------------------------------
#@# EM Registration Thu Mar 12 10:13:37 CET 2026
/out/sourcedata/freesurfer/sub-v1s11x0050147_ses-1/mri

 mri_em_register -uns 3 -mask brainmask.mgz nu.mgz /opt/freesurfer/average/RB_all_2020-01-02.gca transforms/talairach.lta 

setting unknown_nbr_spacing = 3
using MR volume brainmask.mgz to mask input volume...

== Number of threads available to mri_em_register for OpenMP = 16 == 
reading 1 input volumes...
logging results to talairach.log
reading '/opt/freesurfer/average/RB_all_2020-01-02.gca'...
GCAread took 0 minutes and 1 seconds.
average std = 7.2   using min determinant for regularization = 5.2
0 singular and 884 ill-conditioned covariance matrices regularized
reading 'nu.mgz'...
MRImask(): AllowDiffGeom = 1
MRImask(): AllowDiffGeom = 1
MRImask(): AllowDiffGeom = 1
MRImask(): AllowDiffGeom = 1
MRImask(): AllowDiffGeom = 1
freeing gibbs priors...done.
accounting for voxel sizes in initial transform
bounding unknown intensity as < 5.9 or > 519.0 
total sample mean = 79.1 (1017 zeros)
************************************************
spacing=8, using 2841 sample points, tol=1.00e-05...
************************************************
register_mri: find_optimal_transform
find_optimal_transform: nsamples 2841, passno 0, spacing 8
resetting wm mean[0]: 98 --> 107
resetting gm mean[0]: 61 --> 61
input volume #1 is the most T1-like
using real data threshold=26.0
skull bounding box = (60, 65, 29) --> (196, 181, 199)
finding center of left hemi white matter
using (105, 104, 114) as brain centroid of Right_Cerebral_White_Matter...
MRImask(): AllowDiffGeom = 1
mean wm in atlas = 107, using box (88,90,93) --> (121, 118,134) to find MRI wm
before smoothing, mri peak at 106
robust fit to distribution - 106 +- 4.1
after smoothing, mri peak at 106, scaling input intensities by 1.009
scaling channel 0 by 1.00943
initial log_p = -3.821
************************************************
First Search limited to translation only.
************************************************
max log p =    -3.828166 @ (0.000, 0.000, 0.000)
max log p =    -3.660025 @ (-5.263, -5.263, -5.263)
max log p =    -3.568091 @ (2.632, -2.632, 2.632)
max log p =    -3.568091 @ (0.000, 0.000, 0.000)
max log p =    -3.565518 @ (-0.658, 0.658, 1.974)
max log p =    -3.560735 @ (0.329, -0.987, -1.645)
max log p =    -3.560735 @ (0.000, 0.000, 0.000)
max log p =    -3.560735 @ (0.000, 0.000, 0.000)
Found translation: (-3.0, -8.2, -2.3): log p = -3.561
****************************************
Nine parameter search.  iteration 0 nscales = 0 ...
****************************************
Result so far: scale 1.000: max_log_p=-3.322, old_max_log_p =-3.561 (thresh=-3.6)
 1.06580   0.16136   0.00000  -32.07537;
-0.13053   1.14016   0.00000  -9.15883;
 0.00000   0.00000   1.00000  -2.30263;
 0.00000   0.00000   0.00000   1.00000;
iteration took 0 minutes and 16 seconds.
****************************************
Nine parameter search.  iteration 1 nscales = 0 ...
****************************************
Result so far: scale 1.000: max_log_p=-3.322, old_max_log_p =-3.322 (thresh=-3.3)
 1.06580   0.16136   0.00000  -32.07537;
-0.13053   1.14016   0.00000  -9.15883;
 0.00000   0.00000   1.00000  -2.30263;
 0.00000   0.00000   0.00000   1.00000;
reducing scale to 0.2500
iteration took 0 minutes and 12 seconds.
****************************************
Nine parameter search.  iteration 2 nscales = 1 ...
****************************************
Result so far: scale 0.250: max_log_p=-3.256, old_max_log_p =-3.322 (thresh=-3.3)
 1.04951   0.12041  -0.00323  -24.39019;
-0.09329   1.10129   0.03026  -10.41825;
 0.00676  -0.03917   1.01812  -0.13722;
 0.00000   0.00000   0.00000   1.00000;
iteration took 0 minutes and 10 seconds.
****************************************
Nine parameter search.  iteration 3 nscales = 1 ...
****************************************
Result so far: scale 0.250: max_log_p=-3.247, old_max_log_p =-3.256 (thresh=-3.3)
 1.02906   0.11934  -0.03585  -18.08689;
-0.09329   1.10129   0.03026  -10.41825;
 0.04186  -0.03587   1.03654  -7.09848;
 0.00000   0.00000   0.00000   1.00000;
iteration took 0 minutes and 11 seconds.
****************************************
Nine parameter search.  iteration 4 nscales = 1 ...
****************************************
Result so far: scale 0.250: max_log_p=-3.245, old_max_log_p =-3.247 (thresh=-3.2)
 1.03151   0.08330  -0.03793  -13.64719;
-0.05925   1.12352   0.06413  -21.28688;
 0.04405  -0.07053   1.01559  -0.76525;
 0.00000   0.00000   0.00000   1.00000;
reducing scale to 0.0625
iteration took 0 minutes and 11 seconds.
****************************************
Nine parameter search.  iteration 5 nscales = 2 ...
****************************************
Result so far: scale 0.062: max_log_p=-3.205, old_max_log_p =-3.245 (thresh=-3.2)
 1.02930   0.06333  -0.02256  -11.57992;
-0.04164   1.12605   0.08056  -27.08281;
 0.02810  -0.09015   1.01370   4.91637;
 0.00000   0.00000   0.00000   1.00000;
iteration took 0 minutes and 10 seconds.
****************************************
Nine parameter search.  iteration 6 nscales = 2 ...
****************************************
Result so far: scale 0.062: max_log_p=-3.205, old_max_log_p =-3.205 (thresh=-3.2)
 1.02930   0.06333  -0.02256  -11.57992;
-0.04164   1.12605   0.08056  -27.08281;
 0.02810  -0.09015   1.01370   4.91637;
 0.00000   0.00000   0.00000   1.00000;
min search scale 0.025000 reached
***********************************************
Computing MAP estimate using 2841 samples...
***********************************************
dt = 5.00e-06, momentum=0.80, tol=1.00e-05
l_intensity = 1.0000
Aligning input volume to GCA...
Transform matrix
 1.02930   0.06333  -0.02256  -11.57992;
-0.04164   1.12605   0.08056  -27.08281;
 0.02810  -0.09015   1.01370   4.91637;
 0.00000   0.00000   0.00000   1.00000;
nsamples 2841
Quasinewton: input matrix
 1.02930   0.06333  -0.02256  -11.57992;
-0.04164   1.12605   0.08056  -27.08281;
 0.02810  -0.09015   1.01370   4.91637;
 0.00000   0.00000   0.00000   1.00000;
 IFLAG= -1  LINE SEARCH FAILED. SEE DOCUMENTATION OF ROUTINE MCSRCH ERROR RETURN OF LINE SEARCH: INFO= 3 POSSIBLE CAUSES: FUNCTION OR GRADIENT ARE INCORRECT OR INCORRECT TOLERANCESoutof QuasiNewtonEMA: 009: -log(p) =   -0.0  tol 0.000010
Resulting transform:
 1.02930   0.06333  -0.02256  -11.57992;
-0.04164   1.12605   0.08056  -27.08281;
 0.02810  -0.09015   1.01370   4.91637;
 0.00000   0.00000   0.00000   1.00000;

pass 1, spacing 8: log(p) = -3.205 (old=-3.821)
transform before final EM align:
 1.02930   0.06333  -0.02256  -11.57992;
-0.04164   1.12605   0.08056  -27.08281;
 0.02810  -0.09015   1.01370   4.91637;
 0.00000   0.00000   0.00000   1.00000;

**************************************************
 EM alignment process ...
 Computing final MAP estimate using 315638 samples. 
**************************************************
dt = 5.00e-06, momentum=0.80, tol=1.00e-07
l_intensity = 1.0000
Aligning input volume to GCA...
Transform matrix
 1.02930   0.06333  -0.02256  -11.57992;
-0.04164   1.12605   0.08056  -27.08281;
 0.02810  -0.09015   1.01370   4.91637;
 0.00000   0.00000   0.00000   1.00000;
nsamples 315638
Quasinewton: input matrix
 1.02930   0.06333  -0.02256  -11.57992;
-0.04164   1.12605   0.08056  -27.08281;
 0.02810  -0.09015   1.01370   4.91637;
 0.00000   0.00000   0.00000   1.00000;
 IFLAG= -1  LINE SEARCH FAILED. SEE DOCUMENTATION OF ROUTINE MCSRCH ERROR RETURN OF LINE SEARCH: INFO= 6 POSSIBLE CAUSES: FUNCTION OR GRADIENT ARE INCORRECT OR INCORRECT TOLERANCESoutof QuasiNewtonEMA: 011: -log(p) =    3.7  tol 0.000000
final transform:
 1.02930   0.06333  -0.02256  -11.57992;
-0.04164   1.12605   0.08056  -27.08281;
 0.02810  -0.09015   1.01370   4.91637;
 0.00000   0.00000   0.00000   1.00000;

writing output transformation to transforms/talairach.lta...
#VMPC# mri_em_register VmPeak  891288
FSRUNTIME@ mri_em_register  0.0296 hours 16 threads
registration took 1 minutes and 47 seconds.

Started at Thu Mar 12 10:13:37 CET 2026 
Ended   at Thu Mar 12 10:15:24 CET 2026
#@#%# recon-all-run-time-hours 0.030
recon-all -s sub-v1s11x0050147_ses-1 finished without error at Thu Mar 12 10:15:24 CET 2026



#New# invocation of recon-all 




Thu Mar 12 10:15:25 CET 2026
cd /out/sourcedata/freesurfer/sub-v1s11x0050147_ses-1
setenv SUBJECTS_DIR /out/sourcedata/freesurfer
/opt/freesurfer/bin/recon-all -autorecon2-volonly -openmp 16 -subjid sub-v1s11x0050147_ses-1 -sd /out/sourcedata/freesurfer -nogcareg

subjid sub-v1s11x0050147_ses-1
setenv SUBJECTS_DIR /out/sourcedata/freesurfer
FREESURFER_HOME /opt/freesurfer
Actual FREESURFER_HOME /opt/freesurfer
build-stamp.txt: freesurfer-linux-ubuntu22_x86_64-7.3.2-20220804-6354275
Linux dna084 5.14.0-427.37.1.el9_4.x86_64 #1 SMP PREEMPT_DYNAMIC Fri Sep 13 12:41:50 EDT 2024 x86_64 x86_64 x86_64 GNU/Linux
cputime      unlimited
filesize     unlimited
datasize     unlimited
stacksize    8192 kbytes
coredumpsize 0 kbytes
memoryuse    67108864 kbytes
vmemoryuse   unlimited
descriptors  1024 
memorylocked unlimited
maxproc      2061970 
maxlocks     unlimited
maxsignal    2062029 
maxmessage   819200 
maxnice      0 
maxrtprio    0 
maxrttime    unlimited

               total        used        free      shared  buff/cache   available
Mem:           503Gi        51Gi       389Gi        25Gi        62Gi       423Gi
Swap:             0B          0B          0B

########################################
program versions used
7.3.2 (freesurfer-linux-ubuntu22_x86_64-7.3.2-20220804-6354275)
7.3.2

ProgramName: lta_convert  ProgramArguments: lta_convert -all-info  ProgramVersion: 7.3.2  TimeStamp: 2026/03/12-09:15:25-GMT  BuildTime: Aug  4 2022 06:17:15  BuildStamp: freesurfer-linux-ubuntu22_x86_64-7.3.2-20220804-6354275  User: oesteban  Machine: dna084  Platform: Linux  PlatformVersion: 5.14.0-427.37.1.el9_4.x86_64  CompilerName: GCC  CompilerVersion: 8.4.0
ProgramName: mri_and  ProgramArguments: mri_and -all-info  ProgramVersion: 7.3.2  TimeStamp: 2026/03/12-09:15:25-GMT  BuildTime: Aug  4 2022 06:17:15  BuildStamp: freesurfer-linux-ubuntu22_x86_64-7.3.2-20220804-6354275  User: oesteban  Machine: dna084  Platform: Linux  PlatformVersion: 5.14.0-427.37.1.el9_4.x86_64  CompilerName: GCC  CompilerVersion: 8.4.0
ProgramName: mri_annotation2label  ProgramArguments: mri_annotation2label -all-info  ProgramVersion: 7.3.2  TimeStamp: 2026/03/12-09:15:25-GMT  BuildTime: Aug  4 2022 06:17:15  BuildStamp: freesurfer-linux-ubuntu22_x86_64-7.3.2-20220804-6354275  User: oesteban  Machine: dna084  Platform: Linux  PlatformVersion: 5.14.0-427.37.1.el9_4.x86_64  CompilerName: GCC  CompilerVersion: 8.4.0
ProgramName: mri_aparc2aseg  ProgramArguments: mri_aparc2aseg -all-info  ProgramVersion: 7.3.2  TimeStamp: 2026/03/12-09:15:25-GMT  BuildTime: Aug  4 2022 06:17:15  BuildStamp: freesurfer-linux-ubuntu22_x86_64-7.3.2-20220804-6354275  User: oesteban  Machine: dna084  Platform: Linux  PlatformVersion: 5.14.0-427.37.1.el9_4.x86_64  CompilerName: GCC  CompilerVersion: 8.4.0
ProgramName: mri_surf2volseg  ProgramArguments: mri_surf2volseg -all-info  ProgramVersion: 7.3.2  TimeStamp: 2026/03/12-09:15:25-GMT  BuildTime: Aug  4 2022 06:17:15  BuildStamp: freesurfer-linux-ubuntu22_x86_64-7.3.2-20220804-6354275  User: oesteban  Machine: dna084  Platform: Linux  PlatformVersion: 5.14.0-427.37.1.el9_4.x86_64  CompilerName: GCC  CompilerVersion: 8.4.0
ProgramName: mri_binarize  ProgramArguments: mri_binarize -all-info  ProgramVersion: 7.3.2  TimeStamp: 2026/03/12-09:15:25-GMT  BuildTime: Aug  4 2022 06:17:15  BuildStamp: freesurfer-linux-ubuntu22_x86_64-7.3.2-20220804-6354275  User: oesteban  Machine: dna084  Platform: Linux  PlatformVersion: 5.14.0-427.37.1.el9_4.x86_64  CompilerName: GCC  CompilerVersion: 8.4.0
ProgramName: mri_ca_label  ProgramArguments: mri_ca_label -all-info  ProgramVersion: 7.3.2  TimeStamp: 2026/03/12-09:15:25-GMT  BuildTime: Aug  4 2022 06:17:15  BuildStamp: freesurfer-linux-ubuntu22_x86_64-7.3.2-20220804-6354275  User: oesteban  Machine: dna084  Platform: Linux  PlatformVersion: 5.14.0-427.37.1.el9_4.x86_64  CompilerName: GCC  CompilerVersion: 8.4.0
ProgramName: mri_ca_normalize  ProgramArguments: mri_ca_normalize -all-info  ProgramVersion: 7.3.2  TimeStamp: 2026/03/12-09:15:25-GMT  BuildTime: Aug  4 2022 06:17:15  BuildStamp: freesurfer-linux-ubuntu22_x86_64-7.3.2-20220804-6354275  User: oesteban  Machine: dna084  Platform: Linux  PlatformVersion: 5.14.0-427.37.1.el9_4.x86_64  CompilerName: GCC  CompilerVersion: 8.4.0
ProgramName: mri_ca_register  ProgramArguments: mri_ca_register -all-info  ProgramVersion: 7.3.2  TimeStamp: 2026/03/12-09:15:25-GMT  BuildTime: Aug  4 2022 06:17:15  BuildStamp: freesurfer-linux-ubuntu22_x86_64-7.3.2-20220804-6354275  User: oesteban  Machine: dna084  Platform: Linux  PlatformVersion: 5.14.0-427.37.1.el9_4.x86_64  CompilerName: GCC  CompilerVersion: 8.4.0
ProgramName: mri_cc  ProgramArguments: mri_cc -all-info  ProgramVersion: 7.3.2  TimeStamp: 2026/03/12-09:15:25-GMT  BuildTime: Aug  4 2022 06:17:15  BuildStamp: freesurfer-linux-ubuntu22_x86_64-7.3.2-20220804-6354275  User: oesteban  Machine: dna084  Platform: Linux  PlatformVersion: 5.14.0-427.37.1.el9_4.x86_64  CompilerName: GCC  CompilerVersion: 8.4.0
ProgramName: mri_compute_overlap  ProgramArguments: mri_compute_overlap -all-info  ProgramVersion: 7.3.2  TimeStamp: 2026/03/12-09:15:25-GMT  BuildTime: Aug  4 2022 06:17:15  BuildStamp: freesurfer-linux-ubuntu22_x86_64-7.3.2-20220804-6354275  User: oesteban  Machine: dna084  Platform: Linux  PlatformVersion: 5.14.0-427.37.1.el9_4.x86_64  CompilerName: GCC  CompilerVersion: 8.4.0
ProgramName: mri_compute_seg_overlap  ProgramArguments: mri_compute_seg_overlap -all-info  ProgramVersion: 7.3.2  TimeStamp: 2026/03/12-09:15:25-GMT  BuildTime: Aug  4 2022 06:17:15  BuildStamp: freesurfer-linux-ubuntu22_x86_64-7.3.2-20220804-6354275  User: oesteban  Machine: dna084  Platform: Linux  PlatformVersion: 5.14.0-427.37.1.el9_4.x86_64  CompilerName: GCC  CompilerVersion: 8.4.0
ProgramName: mri_concat  ProgramArguments: mri_concat -all-info  ProgramVersion: 7.3.2  TimeStamp: 2026/03/12-09:15:25-GMT  BuildTime: Aug  4 2022 06:17:15  BuildStamp: freesurfer-linux-ubuntu22_x86_64-7.3.2-20220804-6354275  User: oesteban  Machine: dna084  Platform: Linux  PlatformVersion: 5.14.0-427.37.1.el9_4.x86_64  CompilerName: GCC  CompilerVersion: 8.4.0
ProgramName: mri_concatenate_lta  ProgramArguments: mri_concatenate_lta -all-info  ProgramVersion: 7.3.2  TimeStamp: 2026/03/12-09:15:25-GMT  BuildTime: Aug  4 2022 06:17:15  BuildStamp: freesurfer-linux-ubuntu22_x86_64-7.3.2-20220804-6354275  User: oesteban  Machine: dna084  Platform: Linux  PlatformVersion: 5.14.0-427.37.1.el9_4.x86_64  CompilerName: GCC  CompilerVersion: 8.4.0
mri_convert -all-info 
ProgramName: mri_convert  ProgramArguments: mri_convert -all-info  ProgramVersion: 7.3.2  TimeStamp: 2026/03/12-09:15:25-GMT  BuildTime: Aug  4 2022 06:17:15  BuildStamp: freesurfer-linux-ubuntu22_x86_64-7.3.2-20220804-6354275  User: oesteban  Machine: dna084  Platform: Linux  PlatformVersion: 5.14.0-427.37.1.el9_4.x86_64  CompilerName: GCC  CompilerVersion: 8.4.0
ProgramName: mri_diff  ProgramArguments: mri_diff -all-info  ProgramVersion: 7.3.2  TimeStamp: 2026/03/12-09:15:25-GMT  BuildTime: Aug  4 2022 06:17:15  BuildStamp: freesurfer-linux-ubuntu22_x86_64-7.3.2-20220804-6354275  User: oesteban  Machine: dna084  Platform: Linux  PlatformVersion: 5.14.0-427.37.1.el9_4.x86_64  CompilerName: GCC  CompilerVersion: 8.4.0
ProgramName: mri_edit_wm_with_aseg  ProgramArguments: mri_edit_wm_with_aseg -all-info  ProgramVersion: 7.3.2  TimeStamp: 2026/03/12-09:15:25-GMT  BuildTime: Aug  4 2022 06:17:15  BuildStamp: freesurfer-linux-ubuntu22_x86_64-7.3.2-20220804-6354275  User: oesteban  Machine: dna084  Platform: Linux  PlatformVersion: 5.14.0-427.37.1.el9_4.x86_64  CompilerName: GCC  CompilerVersion: 8.4.0
ProgramName: mri_em_register  ProgramArguments: mri_em_register -all-info  ProgramVersion: 7.3.2  TimeStamp: 2026/03/12-09:15:25-GMT  BuildTime: Aug  4 2022 06:17:15  BuildStamp: freesurfer-linux-ubuntu22_x86_64-7.3.2-20220804-6354275  User: oesteban  Machine: dna084  Platform: Linux  PlatformVersion: 5.14.0-427.37.1.el9_4.x86_64  CompilerName: GCC  CompilerVersion: 8.4.0
ProgramName: mri_fill  ProgramArguments: mri_fill -all-info  ProgramVersion: 7.3.2  TimeStamp: 2026/03/12-09:15:25-GMT  BuildTime: Aug  4 2022 06:17:15  BuildStamp: freesurfer-linux-ubuntu22_x86_64-7.3.2-20220804-6354275  User: oesteban  Machine: dna084  Platform: Linux  PlatformVersion: 5.14.0-427.37.1.el9_4.x86_64  CompilerName: GCC  CompilerVersion: 8.4.0
ProgramName: mri_fuse_segmentations  ProgramArguments: mri_fuse_segmentations -all-info  ProgramVersion: 7.3.2  TimeStamp: 2026/03/12-09:15:25-GMT  BuildTime: Aug  4 2022 06:17:15  BuildStamp: freesurfer-linux-ubuntu22_x86_64-7.3.2-20220804-6354275  User: oesteban  Machine: dna084  Platform: Linux  PlatformVersion: 5.14.0-427.37.1.el9_4.x86_64  CompilerName: GCC  CompilerVersion: 8.4.0
ProgramName: mri_fwhm  ProgramArguments: mri_fwhm -all-info  ProgramVersion: 7.3.2  TimeStamp: 2026/03/12-09:15:25-GMT  BuildTime: Aug  4 2022 06:17:15  BuildStamp: freesurfer-linux-ubuntu22_x86_64-7.3.2-20220804-6354275  User: oesteban  Machine: dna084  Platform: Linux  PlatformVersion: 5.14.0-427.37.1.el9_4.x86_64  CompilerName: GCC  CompilerVersion: 8.4.0
ProgramName: mri_gcut  ProgramArguments: mri_gcut -all-info  ProgramVersion: 7.3.2  TimeStamp: 2026/03/12-09:15:25-GMT  BuildTime: Aug  4 2022 06:17:15  BuildStamp: freesurfer-linux-ubuntu22_x86_64-7.3.2-20220804-6354275  User: oesteban  Machine: dna084  Platform: Linux  PlatformVersion: 5.14.0-427.37.1.el9_4.x86_64  CompilerName: GCC  CompilerVersion: 8.4.0
ProgramName: mri_info  ProgramArguments: mri_info -all-info  ProgramVersion: 7.3.2  TimeStamp: 2026/03/12-09:15:25-GMT  BuildTime: Aug  4 2022 06:17:15  BuildStamp: freesurfer-linux-ubuntu22_x86_64-7.3.2-20220804-6354275  User: oesteban  Machine: dna084  Platform: Linux  PlatformVersion: 5.14.0-427.37.1.el9_4.x86_64  CompilerName: GCC  CompilerVersion: 8.4.0
ProgramName: mri_label2label  ProgramArguments: mri_label2label -all-info  ProgramVersion: 7.3.2  TimeStamp: 2026/03/12-09:15:25-GMT  BuildTime: Aug  4 2022 06:17:15  BuildStamp: freesurfer-linux-ubuntu22_x86_64-7.3.2-20220804-6354275  User: oesteban  Machine: dna084  Platform: Linux  PlatformVersion: 5.14.0-427.37.1.el9_4.x86_64  CompilerName: GCC  CompilerVersion: 8.4.0
ProgramName: mri_label2vol  ProgramArguments: mri_label2vol -all-info  ProgramVersion: 7.3.2  TimeStamp: 2026/03/12-09:15:25-GMT  BuildTime: Aug  4 2022 06:17:15  BuildStamp: freesurfer-linux-ubuntu22_x86_64-7.3.2-20220804-6354275  User: oesteban  Machine: dna084  Platform: Linux  PlatformVersion: 5.14.0-427.37.1.el9_4.x86_64  CompilerName: GCC  CompilerVersion: 8.4.0
ProgramName: mri_log_likelihood  ProgramArguments: mri_log_likelihood -all-info  ProgramVersion: 7.3.2  TimeStamp: 2026/03/12-09:15:25-GMT  BuildTime: Aug  4 2022 06:17:15  BuildStamp: freesurfer-linux-ubuntu22_x86_64-7.3.2-20220804-6354275  User: oesteban  Machine: dna084  Platform: Linux  PlatformVersion: 5.14.0-427.37.1.el9_4.x86_64  CompilerName: GCC  CompilerVersion: 8.4.0
ProgramName: mri_mask  ProgramArguments: mri_mask -all-info  ProgramVersion: 7.3.2  TimeStamp: 2026/03/12-09:15:25-GMT  BuildTime: Aug  4 2022 06:17:15  BuildStamp: freesurfer-linux-ubuntu22_x86_64-7.3.2-20220804-6354275  User: oesteban  Machine: dna084  Platform: Linux  PlatformVersion: 5.14.0-427.37.1.el9_4.x86_64  CompilerName: GCC  CompilerVersion: 8.4.0
ProgramName: mri_matrix_multiply  ProgramArguments: mri_matrix_multiply -all-info  ProgramVersion: 7.3.2  TimeStamp: 2026/03/12-09:15:25-GMT  BuildTime: Aug  4 2022 06:17:15  BuildStamp: freesurfer-linux-ubuntu22_x86_64-7.3.2-20220804-6354275  User: oesteban  Machine: dna084  Platform: Linux  PlatformVersion: 5.14.0-427.37.1.el9_4.x86_64  CompilerName: GCC  CompilerVersion: 8.4.0
ProgramName: mri_normalize  ProgramArguments: mri_normalize -all-info  ProgramVersion: 7.3.2  TimeStamp: 2026/03/12-09:15:25-GMT  BuildTime: Aug  4 2022 06:17:15  BuildStamp: freesurfer-linux-ubuntu22_x86_64-7.3.2-20220804-6354275  User: oesteban  Machine: dna084  Platform: Linux  PlatformVersion: 5.14.0-427.37.1.el9_4.x86_64  CompilerName: GCC  CompilerVersion: 8.4.0
ProgramName: mri_normalize_tp2  ProgramArguments: mri_normalize_tp2 -all-info  ProgramVersion: 7.3.2  TimeStamp: 2026/03/12-09:15:25-GMT  BuildTime: Aug  4 2022 06:17:15  BuildStamp: freesurfer-linux-ubuntu22_x86_64-7.3.2-20220804-6354275  User: oesteban  Machine: dna084  Platform: Linux  PlatformVersion: 5.14.0-427.37.1.el9_4.x86_64  CompilerName: GCC  CompilerVersion: 8.4.0
ProgramName: mri_or  ProgramArguments: mri_or -all-info  ProgramVersion: 7.3.2  TimeStamp: 2026/03/12-09:15:25-GMT  BuildTime: Aug  4 2022 06:17:15  BuildStamp: freesurfer-linux-ubuntu22_x86_64-7.3.2-20220804-6354275  User: oesteban  Machine: dna084  Platform: Linux  PlatformVersion: 5.14.0-427.37.1.el9_4.x86_64  CompilerName: GCC  CompilerVersion: 8.4.0
ProgramName: mri_relabel_hypointensities  ProgramArguments: mri_relabel_hypointensities -all-info  ProgramVersion: 7.3.2  TimeStamp: 2026/03/12-09:15:25-GMT  BuildTime: Aug  4 2022 06:17:15  BuildStamp: freesurfer-linux-ubuntu22_x86_64-7.3.2-20220804-6354275  User: oesteban  Machine: dna084  Platform: Linux  PlatformVersion: 5.14.0-427.37.1.el9_4.x86_64  CompilerName: GCC  CompilerVersion: 8.4.0
ProgramName: mri_relabel_nonwm_hypos  ProgramArguments: mri_relabel_nonwm_hypos -all-info  ProgramVersion: 7.3.2  TimeStamp: 2026/03/12-09:15:25-GMT  BuildTime: Aug  4 2022 06:17:15  BuildStamp: freesurfer-linux-ubuntu22_x86_64-7.3.2-20220804-6354275  User: oesteban  Machine: dna084  Platform: Linux  PlatformVersion: 5.14.0-427.37.1.el9_4.x86_64  CompilerName: GCC  CompilerVersion: 8.4.0
ProgramName: mri_remove_neck  ProgramArguments: mri_remove_neck -all-info  ProgramVersion: 7.3.2  TimeStamp: 2026/03/12-09:15:25-GMT  BuildTime: Aug  4 2022 06:17:15  BuildStamp: freesurfer-linux-ubuntu22_x86_64-7.3.2-20220804-6354275  User: oesteban  Machine: dna084  Platform: Linux  PlatformVersion: 5.14.0-427.37.1.el9_4.x86_64  CompilerName: GCC  CompilerVersion: 8.4.0
7.3.2

ProgramName: mri_robust_register  ProgramArguments: mri_robust_register -all-info  ProgramVersion: 7.3.2  TimeStamp: 2026/03/12-09:15:25-GMT  BuildTime: Aug  4 2022 06:17:15  BuildStamp: freesurfer-linux-ubuntu22_x86_64-7.3.2-20220804-6354275  User: oesteban  Machine: dna084  Platform: Linux  PlatformVersion: 5.14.0-427.37.1.el9_4.x86_64  CompilerName: GCC  CompilerVersion: 8.4.0
7.3.2

ProgramName: mri_robust_template  ProgramArguments: mri_robust_template -all-info  ProgramVersion: 7.3.2  TimeStamp: 2026/03/12-09:15:25-GMT  BuildTime: Aug  4 2022 06:17:15  BuildStamp: freesurfer-linux-ubuntu22_x86_64-7.3.2-20220804-6354275  User: oesteban  Machine: dna084  Platform: Linux  PlatformVersion: 5.14.0-427.37.1.el9_4.x86_64  CompilerName: GCC  CompilerVersion: 8.4.0
ProgramName: mris_anatomical_stats  ProgramArguments: mris_anatomical_stats -all-info  ProgramVersion: 7.3.2  TimeStamp: 2026/03/12-09:15:25-GMT  BuildTime: Aug  4 2022 06:17:15  BuildStamp: freesurfer-linux-ubuntu22_x86_64-7.3.2-20220804-6354275  User: oesteban  Machine: dna084  Platform: Linux  PlatformVersion: 5.14.0-427.37.1.el9_4.x86_64  CompilerName: GCC  CompilerVersion: 8.4.0
ProgramName: mris_ca_label  ProgramArguments: mris_ca_label -all-info  ProgramVersion: 7.3.2  TimeStamp: 2026/03/12-09:15:25-GMT  BuildTime: Aug  4 2022 06:17:15  BuildStamp: freesurfer-linux-ubuntu22_x86_64-7.3.2-20220804-6354275  User: oesteban  Machine: dna084  Platform: Linux  PlatformVersion: 5.14.0-427.37.1.el9_4.x86_64  CompilerName: GCC  CompilerVersion: 8.4.0
ProgramName: mris_calc  ProgramArguments: mris_calc -all-info  ProgramVersion: 7.3.2  TimeStamp: 2026/03/12-09:15:25-GMT  BuildTime: Aug  4 2022 06:17:15  BuildStamp: freesurfer-linux-ubuntu22_x86_64-7.3.2-20220804-6354275  User: oesteban  Machine: dna084  Platform: Linux  PlatformVersion: 5.14.0-427.37.1.el9_4.x86_64  CompilerName: GCC  CompilerVersion: 8.4.0
ProgramName: mris_convert  ProgramArguments: mris_convert -all-info  ProgramVersion: 7.3.2  TimeStamp: 2026/03/12-09:15:25-GMT  BuildTime: Aug  4 2022 06:17:15  BuildStamp: freesurfer-linux-ubuntu22_x86_64-7.3.2-20220804-6354275  User: oesteban  Machine: dna084  Platform: Linux  PlatformVersion: 5.14.0-427.37.1.el9_4.x86_64  CompilerName: GCC  CompilerVersion: 8.4.0
ProgramName: mris_curvature  ProgramArguments: mris_curvature -all-info  ProgramVersion: 7.3.2  TimeStamp: 2026/03/12-09:15:25-GMT  BuildTime: Aug  4 2022 06:17:15  BuildStamp: freesurfer-linux-ubuntu22_x86_64-7.3.2-20220804-6354275  User: oesteban  Machine: dna084  Platform: Linux  PlatformVersion: 5.14.0-427.37.1.el9_4.x86_64  CompilerName: GCC  CompilerVersion: 8.4.0
ProgramName: mris_curvature_stats  ProgramArguments: mris_curvature_stats -all-info  ProgramVersion: 7.3.2  TimeStamp: 2026/03/12-09:15:25-GMT  BuildTime: Aug  4 2022 06:17:15  BuildStamp: freesurfer-linux-ubuntu22_x86_64-7.3.2-20220804-6354275  User: oesteban  Machine: dna084  Platform: Linux  PlatformVersion: 5.14.0-427.37.1.el9_4.x86_64  CompilerName: GCC  CompilerVersion: 8.4.0
ProgramName: mris_diff  ProgramArguments: mris_diff -all-info  ProgramVersion: 7.3.2  TimeStamp: 2026/03/12-09:15:25-GMT  BuildTime: Aug  4 2022 06:17:15  BuildStamp: freesurfer-linux-ubuntu22_x86_64-7.3.2-20220804-6354275  User: oesteban  Machine: dna084  Platform: Linux  PlatformVersion: 5.14.0-427.37.1.el9_4.x86_64  CompilerName: GCC  CompilerVersion: 8.4.0
ProgramName: mris_divide_parcellation  ProgramArguments: mris_divide_parcellation -all-info  ProgramVersion: 7.3.2  TimeStamp: 2026/03/12-09:15:25-GMT  BuildTime: Aug  4 2022 06:17:15  BuildStamp: freesurfer-linux-ubuntu22_x86_64-7.3.2-20220804-6354275  User: oesteban  Machine: dna084  Platform: Linux  PlatformVersion: 5.14.0-427.37.1.el9_4.x86_64  CompilerName: GCC  CompilerVersion: 8.4.0
ProgramName: mri_segment  ProgramArguments: mri_segment -all-info  ProgramVersion: 7.3.2  TimeStamp: 2026/03/12-09:15:25-GMT  BuildTime: Aug  4 2022 06:17:15  BuildStamp: freesurfer-linux-ubuntu22_x86_64-7.3.2-20220804-6354275  User: oesteban  Machine: dna084  Platform: Linux  PlatformVersion: 5.14.0-427.37.1.el9_4.x86_64  CompilerName: GCC  CompilerVersion: 8.4.0
ProgramName: mri_segstats  ProgramArguments: mri_segstats -all-info  ProgramVersion: 7.3.2  TimeStamp: 2026/03/12-09:15:25-GMT  BuildTime: Aug  4 2022 06:17:15  BuildStamp: freesurfer-linux-ubuntu22_x86_64-7.3.2-20220804-6354275  User: oesteban  Machine: dna084  Platform: Linux  PlatformVersion: 5.14.0-427.37.1.el9_4.x86_64  CompilerName: GCC  CompilerVersion: 8.4.0
ProgramName: mris_euler_number  ProgramArguments: mris_euler_number -all-info  ProgramVersion: 7.3.2  TimeStamp: 2026/03/12-09:15:25-GMT  BuildTime: Aug  4 2022 06:17:15  BuildStamp: freesurfer-linux-ubuntu22_x86_64-7.3.2-20220804-6354275  User: oesteban  Machine: dna084  Platform: Linux  PlatformVersion: 5.14.0-427.37.1.el9_4.x86_64  CompilerName: GCC  CompilerVersion: 8.4.0
ProgramName: mris_fix_topology  ProgramArguments: mris_fix_topology -all-info  ProgramVersion: 7.3.2  TimeStamp: 2026/03/12-09:15:25-GMT  BuildTime: Aug  4 2022 06:17:15  BuildStamp: freesurfer-linux-ubuntu22_x86_64-7.3.2-20220804-6354275  User: oesteban  Machine: dna084  Platform: Linux  PlatformVersion: 5.14.0-427.37.1.el9_4.x86_64  CompilerName: GCC  CompilerVersion: 8.4.0
ProgramName: mris_topo_fixer  ProgramArguments: mris_topo_fixer -all-info  ProgramVersion: 7.3.2  TimeStamp: 2026/03/12-09:15:25-GMT  BuildTime: Aug  4 2022 06:17:15  BuildStamp: freesurfer-linux-ubuntu22_x86_64-7.3.2-20220804-6354275  User: oesteban  Machine: dna084  Platform: Linux  PlatformVersion: 5.14.0-427.37.1.el9_4.x86_64  CompilerName: GCC  CompilerVersion: 8.4.0
ProgramName: mris_jacobian  ProgramArguments: mris_jacobian -all-info  ProgramVersion: 7.3.2  TimeStamp: 2026/03/12-09:15:25-GMT  BuildTime: Aug  4 2022 06:17:15  BuildStamp: freesurfer-linux-ubuntu22_x86_64-7.3.2-20220804-6354275  User: oesteban  Machine: dna084  Platform: Linux  PlatformVersion: 5.14.0-427.37.1.el9_4.x86_64  CompilerName: GCC  CompilerVersion: 8.4.0
ProgramName: mris_label2annot  ProgramArguments: mris_label2annot -all-info  ProgramVersion: 7.3.2  TimeStamp: 2026/03/12-09:15:25-GMT  BuildTime: Aug  4 2022 06:17:15  BuildStamp: freesurfer-linux-ubuntu22_x86_64-7.3.2-20220804-6354275  User: oesteban  Machine: dna084  Platform: Linux  PlatformVersion: 5.14.0-427.37.1.el9_4.x86_64  CompilerName: GCC  CompilerVersion: 8.4.0
ProgramName: mris_left_right_register  ProgramArguments: mris_left_right_register -all-info  ProgramVersion: 7.3.2  TimeStamp: 2026/03/12-09:15:25-GMT  BuildTime: Aug  4 2022 06:17:15  BuildStamp: freesurfer-linux-ubuntu22_x86_64-7.3.2-20220804-6354275  User: oesteban  Machine: dna084  Platform: Linux  PlatformVersion: 5.14.0-427.37.1.el9_4.x86_64  CompilerName: GCC  CompilerVersion: 8.4.0
ProgramName: mris_place_surface  ProgramArguments: mris_place_surface -all-info  ProgramVersion: 7.3.2  TimeStamp: 2026/03/12-09:15:25-GMT  BuildTime: Aug  4 2022 06:17:15  BuildStamp: freesurfer-linux-ubuntu22_x86_64-7.3.2-20220804-6354275  User: oesteban  Machine: dna084  Platform: Linux  PlatformVersion: 5.14.0-427.37.1.el9_4.x86_64  CompilerName: GCC  CompilerVersion: 8.4.0
ProgramName: mrisp_paint  ProgramArguments: mrisp_paint -all-info  ProgramVersion: 7.3.2  TimeStamp: 2026/03/12-09:15:25-GMT  BuildTime: Aug  4 2022 06:17:15  BuildStamp: freesurfer-linux-ubuntu22_x86_64-7.3.2-20220804-6354275  User: oesteban  Machine: dna084  Platform: Linux  PlatformVersion: 5.14.0-427.37.1.el9_4.x86_64  CompilerName: GCC  CompilerVersion: 8.4.0
ProgramName: mris_register  ProgramArguments: mris_register -all-info  ProgramVersion: 7.3.2  TimeStamp: 2026/03/12-09:15:25-GMT  BuildTime: Aug  4 2022 06:17:15  BuildStamp: freesurfer-linux-ubuntu22_x86_64-7.3.2-20220804-6354275  User: oesteban  Machine: dna084  Platform: Linux  PlatformVersion: 5.14.0-427.37.1.el9_4.x86_64  CompilerName: GCC  CompilerVersion: 8.4.0
ProgramName: mris_smooth  ProgramArguments: mris_smooth -all-info  ProgramVersion: 7.3.2  TimeStamp: 2026/03/12-09:15:25-GMT  BuildTime: Aug  4 2022 06:17:15  BuildStamp: freesurfer-linux-ubuntu22_x86_64-7.3.2-20220804-6354275  User: oesteban  Machine: dna084  Platform: Linux  PlatformVersion: 5.14.0-427.37.1.el9_4.x86_64  CompilerName: GCC  CompilerVersion: 8.4.0
ProgramName: mris_sphere  ProgramArguments: mris_sphere -all-info  ProgramVersion: 7.3.2  TimeStamp: 2026/03/12-09:15:25-GMT  BuildTime: Aug  4 2022 06:17:15  BuildStamp: freesurfer-linux-ubuntu22_x86_64-7.3.2-20220804-6354275  User: oesteban  Machine: dna084  Platform: Linux  PlatformVersion: 5.14.0-427.37.1.el9_4.x86_64  CompilerName: GCC  CompilerVersion: 8.4.0
ProgramName: mris_surface_stats  ProgramArguments: mris_surface_stats -all-info  ProgramVersion: 7.3.2  TimeStamp: 2026/03/12-09:15:25-GMT  BuildTime: Aug  4 2022 06:17:15  BuildStamp: freesurfer-linux-ubuntu22_x86_64-7.3.2-20220804-6354275  User: oesteban  Machine: dna084  Platform: Linux  PlatformVersion: 5.14.0-427.37.1.el9_4.x86_64  CompilerName: GCC  CompilerVersion: 8.4.0
ProgramName: mri_stats2seg  ProgramArguments: mri_stats2seg -all-info  ProgramVersion: 7.3.2  TimeStamp: 2026/03/12-09:15:25-GMT  BuildTime: Aug  4 2022 06:17:15  BuildStamp: freesurfer-linux-ubuntu22_x86_64-7.3.2-20220804-6354275  User: oesteban  Machine: dna084  Platform: Linux  PlatformVersion: 5.14.0-427.37.1.el9_4.x86_64  CompilerName: GCC  CompilerVersion: 8.4.0
ProgramName: mris_thickness  ProgramArguments: mris_thickness -all-info  ProgramVersion: 7.3.2  TimeStamp: 2026/03/12-09:15:25-GMT  BuildTime: Aug  4 2022 06:17:15  BuildStamp: freesurfer-linux-ubuntu22_x86_64-7.3.2-20220804-6354275  User: oesteban  Machine: dna084  Platform: Linux  PlatformVersion: 5.14.0-427.37.1.el9_4.x86_64  CompilerName: GCC  CompilerVersion: 8.4.0
ProgramName: mris_thickness_diff  ProgramArguments: mris_thickness_diff -all-info  ProgramVersion: 7.3.2  TimeStamp: 2026/03/12-09:15:25-GMT  BuildTime: Aug  4 2022 06:17:15  BuildStamp: freesurfer-linux-ubuntu22_x86_64-7.3.2-20220804-6354275  User: oesteban  Machine: dna084  Platform: Linux  PlatformVersion: 5.14.0-427.37.1.el9_4.x86_64  CompilerName: GCC  CompilerVersion: 8.4.0
ProgramName: mris_topo_fixer  ProgramArguments: mris_topo_fixer -all-info  ProgramVersion: 7.3.2  TimeStamp: 2026/03/12-09:15:25-GMT  BuildTime: Aug  4 2022 06:17:15  BuildStamp: freesurfer-linux-ubuntu22_x86_64-7.3.2-20220804-6354275  User: oesteban  Machine: dna084  Platform: Linux  PlatformVersion: 5.14.0-427.37.1.el9_4.x86_64  CompilerName: GCC  CompilerVersion: 8.4.0
ProgramName: mri_surf2surf  ProgramArguments: mri_surf2surf -all-info  ProgramVersion: 7.3.2  TimeStamp: 2026/03/12-09:15:25-GMT  BuildTime: Aug  4 2022 06:17:15  BuildStamp: freesurfer-linux-ubuntu22_x86_64-7.3.2-20220804-6354275  User: oesteban  Machine: dna084  Platform: Linux  PlatformVersion: 5.14.0-427.37.1.el9_4.x86_64  CompilerName: GCC  CompilerVersion: 8.4.0
ProgramName: mri_surf2vol  ProgramArguments: mri_surf2vol -all-info  ProgramVersion: 7.3.2  TimeStamp: 2026/03/12-09:15:25-GMT  BuildTime: Aug  4 2022 06:17:15  BuildStamp: freesurfer-linux-ubuntu22_x86_64-7.3.2-20220804-6354275  User: oesteban  Machine: dna084  Platform: Linux  PlatformVersion: 5.14.0-427.37.1.el9_4.x86_64  CompilerName: GCC  CompilerVersion: 8.4.0
ProgramName: mri_surfcluster  ProgramArguments: mri_surfcluster -all-info  ProgramVersion: 7.3.2  TimeStamp: 2026/03/12-09:15:25-GMT  BuildTime: Aug  4 2022 06:17:15  BuildStamp: freesurfer-linux-ubuntu22_x86_64-7.3.2-20220804-6354275  User: oesteban  Machine: dna084  Platform: Linux  PlatformVersion: 5.14.0-427.37.1.el9_4.x86_64  CompilerName: GCC  CompilerVersion: 8.4.0
ProgramName: mris_volmask  ProgramArguments: mris_volmask -all-info  ProgramVersion: 7.3.2  TimeStamp: 2026/03/12-09:15:25-GMT  BuildTime: Aug  4 2022 06:17:15  BuildStamp: freesurfer-linux-ubuntu22_x86_64-7.3.2-20220804-6354275  User: oesteban  Machine: dna084  Platform: Linux  PlatformVersion: 5.14.0-427.37.1.el9_4.x86_64  CompilerName: GCC  CompilerVersion: 8.4.0
ProgramName: mri_tessellate  ProgramArguments: mri_tessellate -all-info  ProgramVersion: 7.3.2  TimeStamp: 2026/03/12-09:15:25-GMT  BuildTime: Aug  4 2022 06:17:15  BuildStamp: freesurfer-linux-ubuntu22_x86_64-7.3.2-20220804-6354275  User: oesteban  Machine: dna084  Platform: Linux  PlatformVersion: 5.14.0-427.37.1.el9_4.x86_64  CompilerName: GCC  CompilerVersion: 8.4.0
ProgramName: mri_vol2surf  ProgramArguments: mri_vol2surf -all-info  ProgramVersion: 7.3.2  TimeStamp: 2026/03/12-09:15:25-GMT  BuildTime: Aug  4 2022 06:17:15  BuildStamp: freesurfer-linux-ubuntu22_x86_64-7.3.2-20220804-6354275  User: oesteban  Machine: dna084  Platform: Linux  PlatformVersion: 5.14.0-427.37.1.el9_4.x86_64  CompilerName: GCC  CompilerVersion: 8.4.0
ProgramName: mri_vol2vol  ProgramArguments: mri_vol2vol -all-info  ProgramVersion: 7.3.2  TimeStamp: 2026/03/12-09:15:25-GMT  BuildTime: Aug  4 2022 06:17:15  BuildStamp: freesurfer-linux-ubuntu22_x86_64-7.3.2-20220804-6354275  User: oesteban  Machine: dna084  Platform: Linux  PlatformVersion: 5.14.0-427.37.1.el9_4.x86_64  CompilerName: GCC  CompilerVersion: 8.4.0
ProgramName: mri_voldiff  ProgramArguments: mri_voldiff -all-info  ProgramVersion: 7.3.2  TimeStamp: 2026/03/12-09:15:25-GMT  BuildTime: Aug  4 2022 06:17:15  BuildStamp: freesurfer-linux-ubuntu22_x86_64-7.3.2-20220804-6354275  User: oesteban  Machine: dna084  Platform: Linux  PlatformVersion: 5.14.0-427.37.1.el9_4.x86_64  CompilerName: GCC  CompilerVersion: 8.4.0
ProgramName: mri_watershed  ProgramArguments: mri_watershed -all-info  ProgramVersion: 7.3.2  TimeStamp: 2026/03/12-09:15:25-GMT  BuildTime: Aug  4 2022 06:17:15  BuildStamp: freesurfer-linux-ubuntu22_x86_64-7.3.2-20220804-6354275  User: oesteban  Machine: dna084  Platform: Linux  PlatformVersion: 5.14.0-427.37.1.el9_4.x86_64  CompilerName: GCC  CompilerVersion: 8.4.0
ProgramName: tkregister2  ProgramArguments: tkregister2_cmdl -all-info  ProgramVersion: 7.3.2  TimeStamp: 2026/03/12-09:15:25-GMT  BuildTime: Aug  4 2022 06:17:15  BuildStamp: freesurfer-linux-ubuntu22_x86_64-7.3.2-20220804-6354275  User: oesteban  Machine: dna084  Platform: Linux  PlatformVersion: 5.14.0-427.37.1.el9_4.x86_64  CompilerName: GCC  CompilerVersion: 8.4.0
mri_motion_correct.fsl 7.3.2
mri_convert -all-info 
ProgramName: mri_convert  ProgramArguments: mri_convert -all-info  ProgramVersion: 7.3.2  TimeStamp: 2026/03/12-09:15:25-GMT  BuildTime: Aug  4 2022 06:17:15  BuildStamp: freesurfer-linux-ubuntu22_x86_64-7.3.2-20220804-6354275  User: oesteban  Machine: dna084  Platform: Linux  PlatformVersion: 5.14.0-427.37.1.el9_4.x86_64  CompilerName: GCC  CompilerVersion: 8.4.0
Program nu_correct, built from:
Package MNI N3, version 1.12.0, compiled by nicks@terrier (x86_64-unknown-linux-gnu) on 2015-06-19 at 01:25:34
#######################################
GCADIR /opt/freesurfer/average
GCA RB_all_2020-01-02.gca
GCASkull RB_all_withskull_2020_01_02.gca
AvgCurvTif folding.atlas.acfb40.noaparc.i12.2016-08-02.tif
GCSDIR /opt/freesurfer/average
GCS DKaparc.atlas.acfb40.noaparc.i12.2016-08-02.gcs
#######################################
#--------------------------------------
#@# CA Normalize Thu Mar 12 10:15:26 CET 2026
/out/sourcedata/freesurfer/sub-v1s11x0050147_ses-1/mri

 mri_ca_normalize -c ctrl_pts.mgz -mask brainmask.mgz nu.mgz /opt/freesurfer/average/RB_all_2020-01-02.gca transforms/talairach.lta norm.mgz 

writing control point volume to ctrl_pts.mgz
using MR volume brainmask.mgz to mask input volume...
reading 1 input volume
reading atlas from '/opt/freesurfer/average/RB_all_2020-01-02.gca'...
reading transform from 'transforms/talairach.lta'...
reading input volume from nu.mgz...
resetting wm mean[0]: 98 --> 107
resetting gm mean[0]: 61 --> 61
input volume #1 is the most T1-like
using real data threshold=26.0
skull bounding box = (60, 65, 29) --> (196, 181, 199)
finding center of left hemi white matter
using (105, 104, 114) as brain centroid of Right_Cerebral_White_Matter...
mean wm in atlas = 107, using box (88,90,93) --> (121, 118,134) to find MRI wm
before smoothing, mri peak at 106
robust fit to distribution - 106 +- 4.1
after smoothing, mri peak at 106, scaling input intensities by 1.009
scaling channel 0 by 1.00943
using 246437 sample points...
INFO: compute sample coordinates transform
 1.02930   0.06333  -0.02256  -11.57992;
-0.04164   1.12605   0.08056  -27.08281;
 0.02810  -0.09015   1.01370   4.91637;
 0.00000   0.00000   0.00000   1.00000;
INFO: transform used
finding control points in Left_Cerebral_White_Matter....
found 40230 control points for structure...
bounding box (125, 68, 29) --> (193, 172, 194)
Left_Cerebral_White_Matter: limiting intensities to 95.0 --> 129.0
2 of 7537 (0.0%) samples deleted
finding control points in Right_Cerebral_White_Matter....
found 39478 control points for structure...
bounding box (65, 68, 30) --> (132, 171, 195)
Right_Cerebral_White_Matter: limiting intensities to 95.0 --> 129.0
5 of 7513 (0.1%) samples deleted
finding control points in Left_Cerebellum_White_Matter....
found 3105 control points for structure...
bounding box (127, 142, 53) --> (173, 185, 107)
Left_Cerebellum_White_Matter: limiting intensities to 91.0 --> 129.0
0 of 472 (0.0%) samples deleted
finding control points in Right_Cerebellum_White_Matter....
found 2710 control points for structure...
bounding box (82, 142, 52) --> (127, 182, 109)
Right_Cerebellum_White_Matter: limiting intensities to 103.0 --> 129.0
218 of 407 (53.6%) samples deleted
finding control points in Brain_Stem....
found 3475 control points for structure...
bounding box (110, 137, 89) --> (144, 198, 119)
Brain_Stem: limiting intensities to 88.0 --> 129.0
7 of 808 (0.9%) samples deleted
using 16737 total control points for intensity normalization...
bias field = 0.959 +- 0.066
117 of 16505 control points discarded
finding control points in Left_Cerebral_White_Matter....
found 40230 control points for structure...
bounding box (125, 68, 29) --> (193, 172, 194)
Left_Cerebral_White_Matter: limiting intensities to 91.0 --> 120.0
1 of 7706 (0.0%) samples deleted
finding control points in Right_Cerebral_White_Matter....
found 39478 control points for structure...
bounding box (65, 68, 30) --> (132, 171, 195)
Right_Cerebral_White_Matter: limiting intensities to 89.0 --> 120.0
6 of 7583 (0.1%) samples deleted
finding control points in Left_Cerebellum_White_Matter....
found 3105 control points for structure...
bounding box (127, 142, 53) --> (173, 185, 107)
Left_Cerebellum_White_Matter: limiting intensities to 88.0 --> 120.0
73 of 553 (13.2%) samples deleted
finding control points in Right_Cerebellum_White_Matter....
found 2710 control points for structure...
bounding box (82, 142, 52) --> (127, 182, 109)
Right_Cerebellum_White_Matter: limiting intensities to 88.0 --> 120.0
240 of 534 (44.9%) samples deleted
finding control points in Brain_Stem....
found 3475 control points for structure...
bounding box (110, 137, 89) --> (144, 198, 119)
Brain_Stem: limiting intensities to 88.0 --> 120.0
295 of 1015 (29.1%) samples deleted
using 17391 total control points for intensity normalization...
bias field = 1.005 +- 0.051
75 of 16723 control points discarded
finding control points in Left_Cerebral_White_Matter....
found 40230 control points for structure...
bounding box (125, 68, 29) --> (193, 172, 194)
Left_Cerebral_White_Matter: limiting intensities to 91.0 --> 121.0
0 of 7709 (0.0%) samples deleted
finding control points in Right_Cerebral_White_Matter....
found 39478 control points for structure...
bounding box (65, 68, 30) --> (132, 171, 195)
Right_Cerebral_White_Matter: limiting intensities to 89.0 --> 121.0
9 of 7626 (0.1%) samples deleted
finding control points in Left_Cerebellum_White_Matter....
found 3105 control points for structure...
bounding box (127, 142, 53) --> (173, 185, 107)
Left_Cerebellum_White_Matter: limiting intensities to 88.0 --> 121.0
184 of 594 (31.0%) samples deleted
finding control points in Right_Cerebellum_White_Matter....
found 2710 control points for structure...
bounding box (82, 142, 52) --> (127, 182, 109)
Right_Cerebellum_White_Matter: limiting intensities to 88.0 --> 121.0
375 of 584 (64.2%) samples deleted
finding control points in Brain_Stem....
found 3475 control points for structure...
bounding box (110, 137, 89) --> (144, 198, 119)
Brain_Stem: limiting intensities to 88.0 --> 121.0
649 of 1088 (59.7%) samples deleted
using 17601 total control points for intensity normalization...
bias field = 1.002 +- 0.042
10 of 16209 control points discarded
writing normalized volume to norm.mgz...
writing control points to ctrl_pts.mgz
freeing GCA...done.
normalization took 0 minutes and 52 seconds.
#--------------------------------------
#@# CA Reg Thu Mar 12 10:16:18 CET 2026
/out/sourcedata/freesurfer/sub-v1s11x0050147_ses-1/mri

 mri_ca_register -nobigventricles -T transforms/talairach.lta -align-after -mask brainmask.mgz norm.mgz /opt/freesurfer/average/RB_all_2020-01-02.gca transforms/talairach.m3z 

not handling expanded ventricles...
using previously computed transform transforms/talairach.lta
renormalizing sequences with structure alignment, equivalent to:
	-renormalize
	-regularize_mean 0.500
	-regularize 0.500
using MR volume brainmask.mgz to mask input volume...

== Number of threads available to mri_ca_register for OpenMP = 16 == 
reading 1 input volumes...
logging results to talairach.log
reading input volume 'norm.mgz'...
reading GCA '/opt/freesurfer/average/RB_all_2020-01-02.gca'...
label assignment complete, 0 changed (0.00%)
freeing gibbs priors...done.
average std[0] = 5.0
Starting GCAMregister()
label assignment complete, 0 changed (0.00%)
npasses = 1, nlevels = 6
#pass# 1 of 1 ************************
enabling zero nodes
setting smoothness cost coefficient to 0.156

#GCAMreg# pass 0 level1 5 level2 0 tsec 0 sigma 2
l_jacobian=1.00 l_label=1.00 l_log_likelihood=0.20 l_smoothness=0.16 
tol=2.50e-01, dt=5.00e-02, exp_k=20.0, momentum=0.90, levels=6, niter=500, lbl_dist=10.00, avgs=256, sigma=2.0,type=2, relabel=0, neg=no

blurring input image with Gaussian with sigma=2.000...
GCAMRegisterLevel(): init RMS 0.775558
#FOTS# QuadFit found better minimum quadopt=(dt=205.874,rms=0.70897) vs oldopt=(dt=92.48,rms=0.729305)
#GCMRL#    0 dt 205.874126 rms  0.709  8.586% neg 0  invalid 762 tFOTS 4.3940 tGradient 2.5140 tsec 7.2290
#FOTS# QuadFit found better minimum quadopt=(dt=145.985,rms=0.697501) vs oldopt=(dt=92.48,rms=0.699244)
#GCMRL#    1 dt 145.985401 rms  0.698  1.618% neg 0  invalid 762 tFOTS 4.0610 tGradient 2.8800 tsec 7.2580
#GCMRL#    2 dt 369.920000 rms  0.686  1.718% neg 0  invalid 762 tFOTS 3.8890 tGradient 2.5530 tsec 6.7610
#GCMRL#    3 dt  92.480000 rms  0.683  0.387% neg 0  invalid 762 tFOTS 4.5820 tGradient 2.9980 tsec 7.9090
#FOTS# QuadFit found better minimum quadopt=(dt=517.888,rms=0.679044) vs oldopt=(dt=369.92,rms=0.679641)
#GCMRL#    4 dt 517.888000 rms  0.679  0.560% neg 0  invalid 762 tFOTS 4.2970 tGradient 2.6710 tsec 7.2980
#FOTS# QuadFit found better minimum quadopt=(dt=129.472,rms=0.676061) vs oldopt=(dt=92.48,rms=0.676656)
#GCMRL#    5 dt 129.472000 rms  0.676  0.439% neg 0  invalid 762 tFOTS 4.0920 tGradient 3.0480 tsec 7.4910
#FOTS# QuadFit found better minimum quadopt=(dt=517.888,rms=0.674258) vs oldopt=(dt=369.92,rms=0.674459)
#GCMRL#    6 dt 517.888000 rms  0.674  0.267% neg 0  invalid 762 tFOTS 4.1590 tGradient 2.8530 tsec 7.3320
#FOTS# QuadFit found better minimum quadopt=(dt=129.472,rms=0.671885) vs oldopt=(dt=92.48,rms=0.672319)
#GCMRL#    7 dt 129.472000 rms  0.672  0.352% neg 0  invalid 762 tFOTS 4.4180 tGradient 2.8750 tsec 7.6320
#FOTS# QuadFit found better minimum quadopt=(dt=517.888,rms=0.670631) vs oldopt=(dt=369.92,rms=0.67073)
#GCMRL#    8 dt 517.888000 rms  0.671  0.000% neg 0  invalid 762 tFOTS 4.2590 tGradient 2.6030 tsec 7.2190

#GCAMreg# pass 0 level1 5 level2 1 tsec 77.562 sigma 0.5
l_jacobian=1.00 l_label=1.00 l_log_likelihood=0.20 l_smoothness=0.16 
tol=2.50e-01, dt=5.00e-02, exp_k=20.0, momentum=0.90, levels=6, niter=500, lbl_dist=10.00, avgs=256, sigma=0.5,type=2, relabel=0, neg=no

blurring input image with Gaussian with sigma=0.500...
GCAMRegisterLevel(): init RMS 0.671159
#FOTS# QuadFit found better minimum quadopt=(dt=129.472,rms=0.668429) vs oldopt=(dt=92.48,rms=0.668841)
#GCMRL#   10 dt 129.472000 rms  0.668  0.407% neg 0  invalid 762 tFOTS 4.0290 tGradient 3.0620 tsec 7.4140
#FOTS# QuadFit found better minimum quadopt=(dt=517.888,rms=0.667164) vs oldopt=(dt=369.92,rms=0.667325)
#GCMRL#   11 dt 517.888000 rms  0.667  0.000% neg 0  invalid 762 tFOTS 3.9570 tGradient 2.6370 tsec 6.9360
#GCMRL#   12 dt 517.888000 rms  0.666  0.179% neg 0  invalid 762 tFOTS 0.0000 tGradient 2.8240 tsec 3.0970
#GCMRL#   13 dt 517.888000 rms  0.666 -1.579% neg 0  invalid 762 tFOTS 0.0000 tGradient 2.7900 tsec 3.2450
#GCMRL#   14 dt  92.480000 rms  0.664  0.261% neg 0  invalid 762 tFOTS 4.1120 tGradient 2.6520 tsec 7.0280
#FOTS# QuadFit found better minimum quadopt=(dt=129.472,rms=0.664009) vs oldopt=(dt=92.48,rms=0.664038)
#GCMRL#   15 dt 129.472000 rms  0.664  0.000% neg 0  invalid 762 tFOTS 4.2210 tGradient 2.7670 tsec 7.3000
#GCMRL#   16 dt 129.472000 rms  0.664  0.064% neg 0  invalid 762 tFOTS 0.0000 tGradient 2.9270 tsec 3.1690
#GCMRL#   17 dt 129.472000 rms  0.663  0.113% neg 0  invalid 762 tFOTS 0.0000 tGradient 2.7490 tsec 2.9970
#GCMRL#   18 dt 129.472000 rms  0.662  0.148% neg 0  invalid 762 tFOTS 0.0000 tGradient 2.7080 tsec 3.0050
#GCMRL#   19 dt 129.472000 rms  0.661  0.172% neg 0  invalid 762 tFOTS 0.0000 tGradient 2.5880 tsec 2.8560
#GCMRL#   20 dt 129.472000 rms  0.660  0.184% neg 0  invalid 762 tFOTS 0.0000 tGradient 2.6660 tsec 2.9290
#GCMRL#   21 dt 129.472000 rms  0.658  0.203% neg 0  invalid 762 tFOTS 0.0000 tGradient 2.7380 tsec 3.0030
#GCMRL#   22 dt 129.472000 rms  0.657  0.206% neg 0  invalid 762 tFOTS 0.0000 tGradient 2.6870 tsec 2.9480
#GCMRL#   23 dt 129.472000 rms  0.656  0.198% neg 0  invalid 762 tFOTS 0.0000 tGradient 2.8460 tsec 3.1190
#GCMRL#   24 dt 129.472000 rms  0.654  0.184% neg 0  invalid 762 tFOTS 0.0000 tGradient 2.7470 tsec 3.0310
#GCMRL#   25 dt 129.472000 rms  0.653  0.167% neg 0  invalid 762 tFOTS 0.0000 tGradient 2.8120 tsec 3.0920
#GCMRL#   26 dt 129.472000 rms  0.652  0.164% neg 0  invalid 762 tFOTS 0.0000 tGradient 2.5760 tsec 2.8320
#GCMRL#   27 dt 129.472000 rms  0.651  0.149% neg 0  invalid 762 tFOTS 0.0000 tGradient 2.5810 tsec 2.8460
#GCMRL#   28 dt 129.472000 rms  0.650  0.135% neg 0  invalid 762 tFOTS 0.0000 tGradient 2.5100 tsec 2.7820
#GCMRL#   29 dt 129.472000 rms  0.650  0.120% neg 0  invalid 762 tFOTS 0.0000 tGradient 2.4660 tsec 2.7400
#GCMRL#   30 dt 129.472000 rms  0.649  0.115% neg 0  invalid 762 tFOTS 0.0000 tGradient 2.6400 tsec 2.9230
#FOTS# QuadFit found better minimum quadopt=(dt=1183.74,rms=0.648481) vs oldopt=(dt=1479.68,rms=0.648503)
#GCMRL#   31 dt 1183.744000 rms  0.648  0.000% neg 0  invalid 762 tFOTS 4.4180 tGradient 2.8450 tsec 7.5830
setting smoothness cost coefficient to 0.615

#GCAMreg# pass 0 level1 4 level2 0 tsec 0 sigma 2
l_jacobian=1.00 l_label=1.00 l_log_likelihood=0.20 l_smoothness=0.62 
tol=2.50e-01, dt=5.00e-02, exp_k=20.0, momentum=0.90, levels=6, niter=500, lbl_dist=10.00, avgs=64, sigma=2.0,type=2, relabel=0, neg=no

blurring input image with Gaussian with sigma=2.000...
GCAMRegisterLevel(): init RMS 0.657462
#FOTS# QuadFit found better minimum quadopt=(dt=63.0604,rms=0.654243) vs oldopt=(dt=103.68,rms=0.655166)
#GCMRL#   33 dt  63.060359 rms  0.654  0.490% neg 0  invalid 762 tFOTS 4.2590 tGradient 2.2890 tsec 6.8500
#FOTS# QuadFit found better minimum quadopt=(dt=145.152,rms=0.649673) vs oldopt=(dt=103.68,rms=0.650577)
#GCMRL#   34 dt 145.152000 rms  0.650  0.699% neg 0  invalid 762 tFOTS 4.0430 tGradient 2.0320 tsec 6.3790
#FOTS# QuadFit found better minimum quadopt=(dt=497.664,rms=0.641286) vs oldopt=(dt=414.72,rms=0.641289)
#GCMRL#   35 dt 497.664000 rms  0.641  1.291% neg 0  invalid 762 tFOTS 4.0460 tGradient 2.0740 tsec 6.4290
#FOTS# QuadFit found better minimum quadopt=(dt=55.8431,rms=0.637007) vs oldopt=(dt=25.92,rms=0.637959)
#GCMRL#   36 dt  55.843137 rms  0.637  0.667% neg 0  invalid 762 tFOTS 4.1270 tGradient 2.0020 tsec 6.4460
#FOTS# QuadFit found better minimum quadopt=(dt=0.00137868,rms=0.636998) vs oldopt=(dt=0.00158203,rms=0.636998)
#GCMRL#   37 dt   0.001379 rms  0.637  0.000% neg 0  invalid 762 tFOTS 5.6780 tGradient 2.0980 tsec 8.1020

#GCAMreg# pass 0 level1 4 level2 1 tsec 45.024 sigma 0.5
l_jacobian=1.00 l_label=1.00 l_log_likelihood=0.20 l_smoothness=0.62 
tol=2.50e-01, dt=5.00e-02, exp_k=20.0, momentum=0.90, levels=6, niter=500, lbl_dist=10.00, avgs=64, sigma=0.5,type=2, relabel=0, neg=no

blurring input image with Gaussian with sigma=0.500...
GCAMRegisterLevel(): init RMS 0.637526
#GCMRL#   39 dt   0.000000 rms  0.637  0.083% neg 0  invalid 762 tFOTS 4.1880 tGradient 2.1450 tsec 6.6610
setting smoothness cost coefficient to 2.353

#GCAMreg# pass 0 level1 3 level2 0 tsec 0 sigma 2
l_jacobian=1.00 l_label=1.00 l_log_likelihood=0.20 l_smoothness=2.35 
tol=2.50e-01, dt=5.00e-02, exp_k=20.0, momentum=0.90, levels=6, niter=500, lbl_dist=10.00, avgs=16, sigma=2.0,type=2, relabel=0, neg=no

blurring input image with Gaussian with sigma=2.000...
GCAMRegisterLevel(): init RMS 0.660886
#FOTS# QuadFit found better minimum quadopt=(dt=2.8,rms=0.660023) vs oldopt=(dt=2,rms=0.660046)
#GCMRL#   41 dt   2.800000 rms  0.660  0.131% neg 0  invalid 762 tFOTS 4.2500 tGradient 1.9940 tsec 6.5760
#FOTS# QuadFit found better minimum quadopt=(dt=0.3,rms=0.660014) vs oldopt=(dt=0.5,rms=0.660015)
#GCMRL#   42 dt   0.300000 rms  0.660  0.000% neg 0  invalid 762 tFOTS 4.1300 tGradient 2.1320 tsec 6.5850

#GCAMreg# pass 0 level1 3 level2 1 tsec 23.748 sigma 0.5
l_jacobian=1.00 l_label=1.00 l_log_likelihood=0.20 l_smoothness=2.35 
tol=2.50e-01, dt=5.00e-02, exp_k=20.0, momentum=0.90, levels=6, niter=500, lbl_dist=10.00, avgs=16, sigma=0.5,type=2, relabel=0, neg=no

blurring input image with Gaussian with sigma=0.500...
GCAMRegisterLevel(): init RMS 0.660535
#GCMRL#   44 dt   0.000000 rms  0.660  0.079% neg 0  invalid 762 tFOTS 3.8290 tGradient 2.0270 tsec 6.1910
setting smoothness cost coefficient to 8.000

#GCAMreg# pass 0 level1 2 level2 0 tsec 0 sigma 2
l_jacobian=1.00 l_label=1.00 l_log_likelihood=0.20 l_smoothness=8.00 
tol=2.50e-01, dt=5.00e-02, exp_k=20.0, momentum=0.90, levels=6, niter=500, lbl_dist=10.00, avgs=4, sigma=2.0,type=2, relabel=0, neg=no

blurring input image with Gaussian with sigma=2.000...
GCAMRegisterLevel(): init RMS 0.722765
#FOTS# QuadFit found better minimum quadopt=(dt=2.73367,rms=0.705043) vs oldopt=(dt=2.88,rms=0.705095)
#GCMRL#   46 dt   2.733668 rms  0.705  2.452% neg 0  invalid 762 tFOTS 3.8790 tGradient 1.7260 tsec 5.9170
#FOTS# QuadFit found better minimum quadopt=(dt=1.64706,rms=0.703776) vs oldopt=(dt=0.72,rms=0.7041)
#GCMRL#   47 dt   1.647059 rms  0.704  0.000% neg 0  invalid 762 tFOTS 4.0070 tGradient 1.7010 tsec 6.0750
#GCMRL#   48 dt   1.647059 rms  0.703  0.088% neg 0  invalid 762 tFOTS 0.0000 tGradient 1.7220 tsec 2.0180

#GCAMreg# pass 0 level1 2 level2 1 tsec 24.31 sigma 0.5
l_jacobian=1.00 l_label=1.00 l_log_likelihood=0.20 l_smoothness=8.00 
tol=2.50e-01, dt=5.00e-02, exp_k=20.0, momentum=0.90, levels=6, niter=500, lbl_dist=10.00, avgs=4, sigma=0.5,type=2, relabel=0, neg=no

blurring input image with Gaussian with sigma=0.500...
GCAMRegisterLevel(): init RMS 0.703712
#GCMRL#   50 dt   0.000000 rms  0.703  0.088% neg 0  invalid 762 tFOTS 3.8500 tGradient 1.7170 tsec 5.8670
setting smoothness cost coefficient to 20.000

#GCAMreg# pass 0 level1 1 level2 0 tsec 0 sigma 2
l_jacobian=1.00 l_label=1.00 l_log_likelihood=0.20 l_smoothness=20.00 
tol=2.50e-01, dt=5.00e-02, exp_k=20.0, momentum=0.90, levels=6, niter=500, lbl_dist=10.00, avgs=1, sigma=2.0,type=2, relabel=0, neg=no

blurring input image with Gaussian with sigma=2.000...
GCAMRegisterLevel(): init RMS 0.755761
#FOTS# QuadFit found better minimum quadopt=(dt=0.256,rms=0.754589) vs oldopt=(dt=0.32,rms=0.754646)
#GCMRL#   52 dt   0.256000 rms  0.755  0.155% neg 0  invalid 762 tFOTS 3.9820 tGradient 1.5080 tsec 5.8140
#GCMRL#   53 dt   1.280000 rms  0.750  0.603% neg 0  invalid 762 tFOTS 4.1630 tGradient 1.4830 tsec 5.9880
#FOTS# QuadFit found better minimum quadopt=(dt=0.256,rms=0.748596) vs oldopt=(dt=0.32,rms=0.748653)
#GCMRL#   54 dt   0.256000 rms  0.749  0.000% neg 0  invalid 762 tFOTS 4.1030 tGradient 1.5060 tsec 5.9440
#GCMRL#   55 dt   0.256000 rms  0.747  0.250% neg 0  invalid 762 tFOTS 0.0000 tGradient 1.8260 tsec 2.1140
#GCMRL#   56 dt   0.256000 rms  0.745  0.296% neg 0  invalid 762 tFOTS 0.0000 tGradient 1.6030 tsec 1.8980
#GCMRL#   57 dt   0.256000 rms  0.743  0.270% neg 0  invalid 762 tFOTS 0.0000 tGradient 1.4530 tsec 1.7280
#GCMRL#   58 dt   0.256000 rms  0.741  0.215% neg 0  invalid 762 tFOTS 0.0000 tGradient 1.4680 tsec 1.7730
#GCMRL#   59 dt   0.256000 rms  0.739  0.207% neg 0  invalid 762 tFOTS 0.0000 tGradient 1.4460 tsec 1.7230
#GCMRL#   60 dt   0.256000 rms  0.738  0.161% neg 0  invalid 762 tFOTS 0.0000 tGradient 1.4750 tsec 1.7510
#GCMRL#   61 dt   0.256000 rms  0.738  0.081% neg 0  invalid 762 tFOTS 0.0000 tGradient 1.4770 tsec 1.7620
#GCMRL#   62 dt   0.256000 rms  0.737  0.021% neg 0  invalid 762 tFOTS 0.0000 tGradient 1.5370 tsec 1.8460
#FOTS# QuadFit found better minimum quadopt=(dt=1.536,rms=0.735268) vs oldopt=(dt=1.28,rms=0.735283)
#GCMRL#   63 dt   1.536000 rms  0.735  0.293% neg 0  invalid 762 tFOTS 3.7480 tGradient 1.3570 tsec 5.4230
#FOTS# QuadFit found better minimum quadopt=(dt=0.112,rms=0.734361) vs oldopt=(dt=0.08,rms=0.734511)
#GCMRL#   64 dt   0.112000 rms  0.734  0.000% neg 0  invalid 762 tFOTS 3.7890 tGradient 1.4030 tsec 5.5240
#GCMRL#   65 dt   0.112000 rms  0.734  0.015% neg 0  invalid 762 tFOTS 0.0000 tGradient 1.4230 tsec 1.7120

#GCAMreg# pass 0 level1 1 level2 1 tsec 55.14 sigma 0.5
l_jacobian=1.00 l_label=1.00 l_log_likelihood=0.20 l_smoothness=20.00 
tol=2.50e-01, dt=5.00e-02, exp_k=20.0, momentum=0.90, levels=6, niter=500, lbl_dist=10.00, avgs=1, sigma=0.5,type=2, relabel=0, neg=no

blurring input image with Gaussian with sigma=0.500...
GCAMRegisterLevel(): init RMS 0.734897
#FOTS# QuadFit found better minimum quadopt=(dt=0.256,rms=0.734034) vs oldopt=(dt=0.32,rms=0.734043)
#GCMRL#   67 dt   0.256000 rms  0.734  0.117% neg 0  invalid 762 tFOTS 3.7770 tGradient 1.4280 tsec 5.5380
#FOTS# QuadFit found better minimum quadopt=(dt=0.448,rms=0.733923) vs oldopt=(dt=0.32,rms=0.73393)
#GCMRL#   68 dt   0.448000 rms  0.734  0.000% neg 0  invalid 762 tFOTS 3.7510 tGradient 1.4050 tsec 5.4890
#GCMRL#   69 dt   0.448000 rms  0.734  0.005% neg 0  invalid 762 tFOTS 0.0000 tGradient 1.4500 tsec 1.7630
#GCMRL#   70 dt   0.448000 rms  0.733  0.061% neg 0  invalid 762 tFOTS 0.0000 tGradient 1.3370 tsec 1.6220
#GCMRL#   71 dt   0.448000 rms  0.733  0.046% neg 0  invalid 762 tFOTS 0.0000 tGradient 1.4530 tsec 1.7500
resetting metric properties...
setting smoothness cost coefficient to 40.000

#GCAMreg# pass 0 level1 0 level2 0 tsec 0 sigma 2
l_jacobian=1.00 l_label=1.00 l_log_likelihood=0.20 l_smoothness=40.00 
tol=2.50e-01, dt=5.00e-02, exp_k=20.0, momentum=0.90, levels=6, niter=500, lbl_dist=10.00, avgs=0, sigma=2.0,type=2, relabel=0, neg=no

blurring input image with Gaussian with sigma=2.000...
GCAMRegisterLevel(): init RMS 0.712102
#FOTS# QuadFit found better minimum quadopt=(dt=0.201602,rms=0.707405) vs oldopt=(dt=0.32,rms=0.708457)
#GCMRL#   73 dt   0.201602 rms  0.707  0.660% neg 0  invalid 762 tFOTS 3.7300 tGradient 0.8420 tsec 4.8710
#GCMRL#   74 dt   0.020000 rms  0.707  0.000% neg 0  invalid 762 tFOTS 3.5710 tGradient 0.7690 tsec 4.6580

#GCAMreg# pass 0 level1 0 level2 1 tsec 18.743 sigma 0.5
l_jacobian=1.00 l_label=1.00 l_log_likelihood=0.20 l_smoothness=40.00 
tol=2.50e-01, dt=5.00e-02, exp_k=20.0, momentum=0.90, levels=6, niter=500, lbl_dist=10.00, avgs=0, sigma=0.5,type=2, relabel=0, neg=no

blurring input image with Gaussian with sigma=0.500...
GCAMRegisterLevel(): init RMS 0.707878
#FOTS# QuadFit found better minimum quadopt=(dt=0.007,rms=0.707186) vs oldopt=(dt=0.005,rms=0.707188)
#GCMRL#   76 dt   0.007000 rms  0.707  0.098% neg 0  invalid 762 tFOTS 3.5050 tGradient 0.8020 tsec 4.6080
GCAMregister done in 6.77958 min
Starting GCAmapRenormalizeWithAlignment() without scales
renormalizing by structure alignment....
renormalizing input #0
gca peak = 0.10253 (16)
mri peak = 0.26555 ( 7)
Left_Lateral_Ventricle (4): linear fit = 0.31 x + 0.0 (959 voxels, overlap=0.005)
Left_Lateral_Ventricle (4): linear fit = 0.40 x + 0.0 (959 voxels, peak =  5), gca=6.4
gca peak = 0.17690 (16)
mri peak = 0.19569 ( 7)
Right_Lateral_Ventricle (43): linear fit = 0.37 x + 0.0 (1022 voxels, overlap=0.005)
Right_Lateral_Ventricle (43): linear fit = 0.40 x + 0.0 (1022 voxels, peak =  6), gca=6.4
gca peak = 0.28275 (96)
mri peak = 0.10778 (93)
Right_Pallidum (52): linear fit = 0.98 x + 0.0 (1072 voxels, overlap=0.989)
Right_Pallidum (52): linear fit = 0.98 x + 0.0 (1072 voxels, peak = 94), gca=93.6
gca peak = 0.18948 (93)
mri peak = 0.09941 (97)
Left_Pallidum (13): linear fit = 1.01 x + 0.0 (921 voxels, overlap=1.001)
Left_Pallidum (13): linear fit = 1.01 x + 0.0 (921 voxels, peak = 94), gca=94.4
gca peak = 0.20755 (55)
mri peak = 0.15704 (61)
Right_Hippocampus (53): linear fit = 1.08 x + 0.0 (871 voxels, overlap=0.555)
Right_Hippocampus (53): linear fit = 1.08 x + 0.0 (871 voxels, peak = 59), gca=59.1
gca peak = 0.31831 (58)
mri peak = 0.11678 (60)
Left_Hippocampus (17): linear fit = 1.02 x + 0.0 (994 voxels, overlap=0.885)
Left_Hippocampus (17): linear fit = 1.02 x + 0.0 (994 voxels, peak = 59), gca=59.4
gca peak = 0.11957 (102)
mri peak = 0.09031 (108)
Right_Cerebral_White_Matter (41): linear fit = 1.07 x + 0.0 (62842 voxels, overlap=0.576)
Right_Cerebral_White_Matter (41): linear fit = 1.07 x + 0.0 (62842 voxels, peak = 109), gca=108.6
gca peak = 0.11429 (102)
mri peak = 0.10512 (109)
Left_Cerebral_White_Matter (2): linear fit = 1.08 x + 0.0 (63783 voxels, overlap=0.450)
Left_Cerebral_White_Matter (2): linear fit = 1.08 x + 0.0 (63783 voxels, peak = 110), gca=109.7
gca peak = 0.14521 (59)
mri peak = 0.04457 (55)
Left_Cerebral_Cortex (3): linear fit = 0.94 x + 0.0 (32334 voxels, overlap=0.966)
Left_Cerebral_Cortex (3): linear fit = 0.94 x + 0.0 (32334 voxels, peak = 56), gca=55.8
gca peak = 0.14336 (58)
mri peak = 0.04792 (60)
Right_Cerebral_Cortex (42): linear fit = 1.02 x + 0.0 (32755 voxels, overlap=0.989)
Right_Cerebral_Cortex (42): linear fit = 1.02 x + 0.0 (32755 voxels, peak = 59), gca=59.4
gca peak = 0.13305 (70)
mri peak = 0.11010 (74)
Right_Caudate (50): linear fit = 1.09 x + 0.0 (1085 voxels, overlap=0.649)
Right_Caudate (50): linear fit = 1.09 x + 0.0 (1085 voxels, peak = 76), gca=76.0
gca peak = 0.15761 (71)
mri peak = 0.15458 (75)
Left_Caudate (11): linear fit = 1.01 x + 0.0 (1147 voxels, overlap=0.823)
Left_Caudate (11): linear fit = 1.01 x + 0.0 (1147 voxels, peak = 72), gca=72.1
gca peak = 0.13537 (57)
mri peak = 0.05031 (56)
Left_Cerebellum_Cortex (8): linear fit = 1.04 x + 0.0 (29458 voxels, overlap=0.984)
Left_Cerebellum_Cortex (8): linear fit = 1.04 x + 0.0 (29458 voxels, peak = 60), gca=59.6
gca peak = 0.13487 (56)
mri peak = 0.06234 (59)
Right_Cerebellum_Cortex (47): linear fit = 1.04 x + 0.0 (32240 voxels, overlap=0.930)
Right_Cerebellum_Cortex (47): linear fit = 1.04 x + 0.0 (32240 voxels, peak = 59), gca=58.5
gca peak = 0.19040 (84)
mri peak = 0.08755 (88)
Left_Cerebellum_White_Matter (7): linear fit = 1.04 x + 0.0 (10154 voxels, overlap=0.746)
Left_Cerebellum_White_Matter (7): linear fit = 1.04 x + 0.0 (10154 voxels, peak = 88), gca=87.8
gca peak = 0.18871 (83)
mri peak = 0.06696 (81)
Right_Cerebellum_White_Matter (46): linear fit = 1.03 x + 0.0 (8817 voxels, overlap=0.935)
Right_Cerebellum_White_Matter (46): linear fit = 1.03 x + 0.0 (8817 voxels, peak = 86), gca=85.9
gca peak = 0.24248 (57)
mri peak = 0.12115 (67)
Left_Amygdala (18): linear fit = 1.18 x + 0.0 (487 voxels, overlap=0.045)
Left_Amygdala (18): linear fit = 1.18 x + 0.0 (487 voxels, peak = 68), gca=67.5
gca peak = 0.35833 (56)
mri peak = 0.15466 (65)
Right_Amygdala (54): linear fit = 1.13 x + 0.0 (565 voxels, overlap=0.052)
Right_Amygdala (54): linear fit = 1.13 x + 0.0 (565 voxels, peak = 64), gca=63.6
gca peak = 0.12897 (85)
mri peak = 0.08553 (87)
Left_Thalamus (10): linear fit = 1.01 x + 0.0 (5786 voxels, overlap=0.972)
Left_Thalamus (10): linear fit = 1.01 x + 0.0 (5786 voxels, peak = 86), gca=86.3
gca peak = 0.13127 (83)
mri peak = 0.07460 (86)
Right_Thalamus (49): linear fit = 1.02 x + 0.0 (5055 voxels, overlap=0.918)
Right_Thalamus (49): linear fit = 1.02 x + 0.0 (5055 voxels, peak = 85), gca=85.1
gca peak = 0.12974 (78)
mri peak = 0.10649 (85)
Left_Putamen (12): linear fit = 1.07 x + 0.0 (2605 voxels, overlap=0.703)
Left_Putamen (12): linear fit = 1.07 x + 0.0 (2605 voxels, peak = 83), gca=83.1
gca peak = 0.17796 (79)
mri peak = 0.10398 (84)
Right_Putamen (51): linear fit = 1.04 x + 0.0 (2577 voxels, overlap=0.981)
Right_Putamen (51): linear fit = 1.04 x + 0.0 (2577 voxels, peak = 83), gca=82.6
gca peak = 0.10999 (80)
mri peak = 0.09345 (84)
Brain_Stem (16): linear fit = 1.10 x + 0.0 (12656 voxels, overlap=0.415)
Brain_Stem (16): linear fit = 1.10 x + 0.0 (12656 voxels, peak = 88), gca=87.6
gca peak = 0.13215 (88)
mri peak = 0.07680 (87)
Right_VentralDC (60): linear fit = 1.03 x + 0.0 (1506 voxels, overlap=0.673)
Right_VentralDC (60): linear fit = 1.03 x + 0.0 (1506 voxels, peak = 91), gca=91.1
gca peak = 0.11941 (89)
mri peak = 0.08178 (91)
Left_VentralDC (28): linear fit = 1.02 x + 0.0 (1629 voxels, overlap=0.751)
Left_VentralDC (28): linear fit = 1.02 x + 0.0 (1629 voxels, peak = 91), gca=91.2
gca peak = 0.20775 (25)
mri peak = 0.02991 (16)
gca peak = 0.13297 (21)
mri peak = 0.36228 (10)
Fourth_Ventricle (15): linear fit = 0.44 x + 0.0 (343 voxels, overlap=0.014)
Fourth_Ventricle (15): linear fit = 0.44 x + 0.0 (343 voxels, peak =  9), gca=9.1
gca peak Unknown = 0.94777 ( 0)
gca peak Left_Inf_Lat_Vent = 0.19087 (28)
gca peak Third_Ventricle = 0.20775 (25)
gca peak Fourth_Ventricle = 0.13297 (21)
gca peak CSF = 0.16821 (33)
gca peak Left_Accumbens_area = 0.32850 (63)
gca peak Left_undetermined = 0.98480 (28)
gca peak Left_vessel = 0.40887 (53)
gca peak Left_choroid_plexus = 0.10898 (46)
gca peak Right_Inf_Lat_Vent = 0.17798 (26)
gca peak Right_Accumbens_area = 0.30137 (64)
gca peak Right_vessel = 0.47828 (52)
gca peak Right_choroid_plexus = 0.11612 (45)
gca peak Fifth_Ventricle = 0.59466 (35)
gca peak WM_hypointensities = 0.10053 (78)
gca peak non_WM_hypointensities = 0.07253 (60)
gca peak Optic_Chiasm = 0.25330 (73)
not using caudate to estimate GM means
estimating mean gm scale to be 1.07 x + 0.0
estimating mean wm scale to be 1.07 x + 0.0
estimating mean csf scale to be 0.40 x + 0.0
saving intensity scales to talairach.label_intensities.txt
GCAmapRenormalizeWithAlignment() took 2.1567 min
noneg pre
Starting GCAMregister()
label assignment complete, 0 changed (0.00%)
npasses = 1, nlevels = 6
#pass# 1 of 1 ************************
enabling zero nodes
setting smoothness cost coefficient to 0.008

#GCAMreg# pass 0 level1 5 level2 0 tsec 0 sigma 2
l_jacobian=1.00 l_label=1.00 l_log_likelihood=0.20 l_smoothness=0.01 
tol=5.00e-02, dt=5.00e-02, exp_k=20.0, momentum=0.90, levels=6, niter=500, lbl_dist=10.00, avgs=256, sigma=2.0,type=2, relabel=0, neg=no

blurring input image with Gaussian with sigma=2.000...
GCAMRegisterLevel(): init RMS 0.76323
#FOTS# QuadFit found better minimum quadopt=(dt=188.078,rms=0.737639) vs oldopt=(dt=92.48,rms=0.744588)
#GCMRL#   78 dt 188.077994 rms  0.738  3.353% neg 0  invalid 762 tFOTS 4.1770 tGradient 1.8920 tsec 6.3700
#FOTS# QuadFit found better minimum quadopt=(dt=174.748,rms=0.730426) vs oldopt=(dt=92.48,rms=0.732395)
#GCMRL#   79 dt 174.747826 rms  0.730  0.978% neg 0  invalid 762 tFOTS 4.3940 tGradient 2.3000 tsec 7.0700
#FOTS# QuadFit found better minimum quadopt=(dt=221.952,rms=0.725106) vs oldopt=(dt=369.92,rms=0.726836)
#GCMRL#   80 dt 221.952000 rms  0.725  0.728% neg 0  invalid 762 tFOTS 4.0090 tGradient 1.9490 tsec 6.2740
#FOTS# QuadFit found better minimum quadopt=(dt=129.472,rms=0.722504) vs oldopt=(dt=92.48,rms=0.722723)
#GCMRL#   81 dt 129.472000 rms  0.723  0.359% neg 0  invalid 762 tFOTS 4.4090 tGradient 1.8330 tsec 6.5500
#GCMRL#   82 dt 369.920000 rms  0.719  0.498% neg 0  invalid 762 tFOTS 4.0620 tGradient 1.8800 tsec 6.2330
#FOTS# QuadFit found better minimum quadopt=(dt=110.976,rms=0.7165) vs oldopt=(dt=92.48,rms=0.716531)
#GCMRL#   83 dt 110.976000 rms  0.716  0.334% neg 0  invalid 762 tFOTS 4.3770 tGradient 1.8810 tsec 6.5430
#FOTS# QuadFit found better minimum quadopt=(dt=443.904,rms=0.713821) vs oldopt=(dt=369.92,rms=0.713923)
#GCMRL#   84 dt 443.904000 rms  0.714  0.374% neg 0  invalid 762 tFOTS 4.1480 tGradient 1.9240 tsec 6.3700
#FOTS# QuadFit found better minimum quadopt=(dt=110.976,rms=0.711797) vs oldopt=(dt=92.48,rms=0.711866)
#GCMRL#   85 dt 110.976000 rms  0.712  0.283% neg 0  invalid 762 tFOTS 4.3700 tGradient 1.8780 tsec 6.5510
#FOTS# QuadFit found better minimum quadopt=(dt=443.904,rms=0.710001) vs oldopt=(dt=369.92,rms=0.710031)
#GCMRL#   86 dt 443.904000 rms  0.710  0.252% neg 0  invalid 762 tFOTS 4.3220 tGradient 1.8840 tsec 6.5170
#FOTS# QuadFit found better minimum quadopt=(dt=110.976,rms=0.708104) vs oldopt=(dt=92.48,rms=0.708177)
#GCMRL#   87 dt 110.976000 rms  0.708  0.267% neg 0  invalid 762 tFOTS 4.5610 tGradient 1.8630 tsec 6.7410
#GCMRL#   88 dt 369.920000 rms  0.707  0.170% neg 0  invalid 762 tFOTS 4.3060 tGradient 1.9100 tsec 6.5400
#FOTS# QuadFit found better minimum quadopt=(dt=129.472,rms=0.705501) vs oldopt=(dt=92.48,rms=0.705571)
#GCMRL#   89 dt 129.472000 rms  0.706  0.198% neg 0  invalid 762 tFOTS 4.3200 tGradient 1.9370 tsec 6.5650
#FOTS# QuadFit found better minimum quadopt=(dt=129.472,rms=0.704816) vs oldopt=(dt=92.48,rms=0.704947)
#GCMRL#   90 dt 129.472000 rms  0.705  0.097% neg 0  invalid 762 tFOTS 4.3230 tGradient 1.9460 tsec 6.5950
#FOTS# QuadFit found better minimum quadopt=(dt=517.888,rms=0.703206) vs oldopt=(dt=369.92,rms=0.703406)
#GCMRL#   91 dt 517.888000 rms  0.703  0.228% neg 0  invalid 762 tFOTS 4.3440 tGradient 1.9210 tsec 6.5710
#FOTS# QuadFit found better minimum quadopt=(dt=110.976,rms=0.702108) vs oldopt=(dt=92.48,rms=0.702136)
#GCMRL#   92 dt 110.976000 rms  0.702  0.156% neg 0  invalid 762 tFOTS 4.2850 tGradient 1.9220 tsec 6.5230
#FOTS# QuadFit found better minimum quadopt=(dt=443.904,rms=0.701132) vs oldopt=(dt=369.92,rms=0.701136)
#GCMRL#   93 dt 443.904000 rms  0.701  0.139% neg 0  invalid 762 tFOTS 4.3300 tGradient 2.0340 tsec 6.6610
#FOTS# QuadFit found better minimum quadopt=(dt=110.976,rms=0.700091) vs oldopt=(dt=92.48,rms=0.700112)
#GCMRL#   94 dt 110.976000 rms  0.700  0.148% neg 0  invalid 762 tFOTS 4.3230 tGradient 1.9940 tsec 6.6350
#GCMRL#   95 dt 369.920000 rms  0.699  0.121% neg 0  invalid 762 tFOTS 4.3130 tGradient 1.9130 tsec 6.5360
#FOTS# QuadFit found better minimum quadopt=(dt=110.976,rms=0.69851) vs oldopt=(dt=92.48,rms=0.698532)
#GCMRL#   96 dt 110.976000 rms  0.699  0.105% neg 0  invalid 762 tFOTS 4.4050 tGradient 1.7880 tsec 6.5050
#FOTS# QuadFit found better minimum quadopt=(dt=443.904,rms=0.697668) vs oldopt=(dt=369.92,rms=0.697693)
#GCMRL#   97 dt 443.904000 rms  0.698  0.120% neg 0  invalid 762 tFOTS 4.2130 tGradient 1.9090 tsec 6.4200
#FOTS# QuadFit found better minimum quadopt=(dt=110.976,rms=0.696916) vs oldopt=(dt=92.48,rms=0.696931)
#GCMRL#   98 dt 110.976000 rms  0.697  0.108% neg 0  invalid 762 tFOTS 4.1960 tGradient 1.8360 tsec 6.3460
#GCMRL#   99 dt 369.920000 rms  0.696  0.098% neg 0  invalid 762 tFOTS 4.2170 tGradient 1.8720 tsec 6.3910
#FOTS# QuadFit found better minimum quadopt=(dt=110.976,rms=0.695649) vs oldopt=(dt=92.48,rms=0.695666)
#GCMRL#  100 dt 110.976000 rms  0.696  0.084% neg 0  invalid 762 tFOTS 4.1890 tGradient 1.7850 tsec 6.2760
#FOTS# QuadFit found better minimum quadopt=(dt=443.904,rms=0.695015) vs oldopt=(dt=369.92,rms=0.695024)
#GCMRL#  101 dt 443.904000 rms  0.695  0.091% neg 0  invalid 762 tFOTS 4.0740 tGradient 1.8430 tsec 6.2210
#FOTS# QuadFit found better minimum quadopt=(dt=110.976,rms=0.69433) vs oldopt=(dt=92.48,rms=0.694346)
#GCMRL#  102 dt 110.976000 rms  0.694  0.099% neg 0  invalid 762 tFOTS 4.0890 tGradient 1.8440 tsec 6.2400
#FOTS# QuadFit found better minimum quadopt=(dt=443.904,rms=0.693617) vs oldopt=(dt=369.92,rms=0.693628)
#GCMRL#  103 dt 443.904000 rms  0.694  0.103% neg 0  invalid 762 tFOTS 4.0990 tGradient 1.8430 tsec 6.2550
#FOTS# QuadFit found better minimum quadopt=(dt=110.976,rms=0.693027) vs oldopt=(dt=92.48,rms=0.693028)
#GCMRL#  104 dt 110.976000 rms  0.693  0.085% neg 0  invalid 762 tFOTS 4.0920 tGradient 1.8270 tsec 6.2300
#GCMRL#  105 dt 369.920000 rms  0.692  0.092% neg 0  invalid 762 tFOTS 4.0770 tGradient 1.8990 tsec 6.2670
#FOTS# QuadFit found better minimum quadopt=(dt=110.976,rms=0.691968) vs oldopt=(dt=92.48,rms=0.691978)
#GCMRL#  106 dt 110.976000 rms  0.692  0.061% neg 0  invalid 762 tFOTS 3.7930 tGradient 1.8580 tsec 5.9530
#FOTS# QuadFit found better minimum quadopt=(dt=443.904,rms=0.691294) vs oldopt=(dt=369.92,rms=0.691312)
#GCMRL#  107 dt 443.904000 rms  0.691  0.097% neg 0  invalid 762 tFOTS 4.0030 tGradient 1.9070 tsec 6.2270
#FOTS# QuadFit found better minimum quadopt=(dt=110.976,rms=0.690827) vs oldopt=(dt=92.48,rms=0.690829)
#GCMRL#  108 dt 110.976000 rms  0.691  0.068% neg 0  invalid 762 tFOTS 3.9890 tGradient 1.7960 tsec 6.0820
#GCMRL#  109 dt 369.920000 rms  0.690  0.064% neg 0  invalid 762 tFOTS 3.8780 tGradient 1.7930 tsec 5.9600
#FOTS# QuadFit found better minimum quadopt=(dt=110.976,rms=0.689925) vs oldopt=(dt=92.48,rms=0.689941)
#GCMRL#  110 dt 110.976000 rms  0.690  0.067% neg 0  invalid 762 tFOTS 4.2150 tGradient 1.8240 tsec 6.3350
#FOTS# QuadFit found better minimum quadopt=(dt=443.904,rms=0.689393) vs oldopt=(dt=369.92,rms=0.689404)
#GCMRL#  111 dt 443.904000 rms  0.689  0.077% neg 0  invalid 762 tFOTS 4.1480 tGradient 1.7780 tsec 6.2250
#FOTS# QuadFit found better minimum quadopt=(dt=110.976,rms=0.688922) vs oldopt=(dt=92.48,rms=0.688926)
#GCMRL#  112 dt 110.976000 rms  0.689  0.068% neg 0  invalid 762 tFOTS 4.0880 tGradient 1.8220 tsec 6.2080
#GCMRL#  113 dt 369.920000 rms  0.688  0.063% neg 0  invalid 762 tFOTS 4.1350 tGradient 1.9090 tsec 6.3400
#FOTS# QuadFit found better minimum quadopt=(dt=110.976,rms=0.688113) vs oldopt=(dt=92.48,rms=0.688119)
#GCMRL#  114 dt 110.976000 rms  0.688  0.054% neg 0  invalid 762 tFOTS 4.1650 tGradient 1.8690 tsec 6.3560
#GCMRL#  115 dt 369.920000 rms  0.688  0.061% neg 0  invalid 762 tFOTS 4.3130 tGradient 2.2310 tsec 6.8540
#FOTS# QuadFit found better minimum quadopt=(dt=110.976,rms=0.687378) vs oldopt=(dt=92.48,rms=0.687388)
#GCMRL#  116 dt 110.976000 rms  0.687  0.000% neg 0  invalid 762 tFOTS 4.4050 tGradient 2.2780 tsec 6.9940
#GCMRL#  117 dt 110.976000 rms  0.687  0.027% neg 0  invalid 762 tFOTS 0.0000 tGradient 1.9290 tsec 2.1930
#GCMRL#  118 dt 110.976000 rms  0.687  0.043% neg 0  invalid 762 tFOTS 0.0000 tGradient 1.9350 tsec 2.1940
#GCMRL#  119 dt 110.976000 rms  0.686  0.065% neg 0  invalid 762 tFOTS 0.0000 tGradient 2.0120 tsec 2.2740
#GCMRL#  120 dt 110.976000 rms  0.686  0.077% neg 0  invalid 762 tFOTS 0.0000 tGradient 1.9230 tsec 2.1880
#GCMRL#  121 dt 110.976000 rms  0.685  0.088% neg 0  invalid 762 tFOTS 0.0000 tGradient 1.8960 tsec 2.1560
#GCMRL#  122 dt 110.976000 rms  0.685  0.097% neg 0  invalid 762 tFOTS 0.0000 tGradient 1.9200 tsec 2.1800
#GCMRL#  123 dt 110.976000 rms  0.684  0.101% neg 0  invalid 762 tFOTS 0.0000 tGradient 1.9330 tsec 2.1960
#GCMRL#  124 dt 110.976000 rms  0.683  0.101% neg 0  invalid 762 tFOTS 0.0000 tGradient 1.8040 tsec 2.0580
#GCMRL#  125 dt 110.976000 rms  0.683  0.107% neg 0  invalid 762 tFOTS 0.0000 tGradient 1.7500 tsec 2.0100
#GCMRL#  126 dt 110.976000 rms  0.682  0.108% neg 0  invalid 762 tFOTS 0.0000 tGradient 1.7730 tsec 2.0470
#GCMRL#  127 dt 110.976000 rms  0.681  0.107% neg 0  invalid 762 tFOTS 0.0000 tGradient 1.7620 tsec 2.0310
#GCMRL#  128 dt 110.976000 rms  0.680  0.105% neg 0  invalid 762 tFOTS 0.0000 tGradient 1.8200 tsec 2.0810
#GCMRL#  129 dt 110.976000 rms  0.680  0.104% neg 0  invalid 762 tFOTS 0.0000 tGradient 1.7960 tsec 2.0700
#GCMRL#  130 dt 110.976000 rms  0.679  0.102% neg 0  invalid 762 tFOTS 0.0000 tGradient 1.9810 tsec 2.2530
#GCMRL#  131 dt 110.976000 rms  0.678  0.098% neg 0  invalid 762 tFOTS 0.0000 tGradient 1.9700 tsec 2.2260
#GCMRL#  132 dt 110.976000 rms  0.678  0.096% neg 0  invalid 762 tFOTS 0.0000 tGradient 1.8870 tsec 2.1570
#GCMRL#  133 dt 110.976000 rms  0.677  0.092% neg 0  invalid 762 tFOTS 0.0000 tGradient 1.9780 tsec 2.2540
#GCMRL#  134 dt 110.976000 rms  0.676  0.093% neg 0  invalid 762 tFOTS 0.0000 tGradient 1.8970 tsec 2.1600
#GCMRL#  135 dt 110.976000 rms  0.676  0.090% neg 0  invalid 762 tFOTS 0.0000 tGradient 1.8650 tsec 2.1260
#GCMRL#  136 dt 110.976000 rms  0.675  0.086% neg 0  invalid 762 tFOTS 0.0000 tGradient 1.8740 tsec 2.1430
#GCMRL#  137 dt 110.976000 rms  0.675  0.084% neg 0  invalid 762 tFOTS 0.0000 tGradient 1.8250 tsec 2.0970
#GCMRL#  138 dt 110.976000 rms  0.674  0.083% neg 0  invalid 762 tFOTS 0.0000 tGradient 1.8190 tsec 2.0800
#GCMRL#  139 dt 110.976000 rms  0.674  0.081% neg 0  invalid 762 tFOTS 0.0000 tGradient 1.8830 tsec 2.1610
#GCMRL#  140 dt 110.976000 rms  0.673  0.081% neg 0  invalid 762 tFOTS 0.0000 tGradient 1.8660 tsec 2.1470
#GCMRL#  141 dt 110.976000 rms  0.672  0.078% neg 0  invalid 762 tFOTS 0.0000 tGradient 1.9220 tsec 2.2010
#GCMRL#  142 dt 110.976000 rms  0.672  0.075% neg 0  invalid 762 tFOTS 0.0000 tGradient 2.0230 tsec 2.2760
#GCMRL#  143 dt 110.976000 rms  0.671  0.073% neg 0  invalid 762 tFOTS 0.0000 tGradient 1.8260 tsec 2.0970
#GCMRL#  144 dt 110.976000 rms  0.671  0.073% neg 0  invalid 762 tFOTS 0.0000 tGradient 1.7680 tsec 2.0360
#GCMRL#  145 dt 110.976000 rms  0.670  0.073% neg 0  invalid 762 tFOTS 0.0000 tGradient 1.7510 tsec 2.0180
#GCMRL#  146 dt 110.976000 rms  0.670  0.069% neg 0  invalid 762 tFOTS 0.0000 tGradient 1.8110 tsec 2.0660
#GCMRL#  147 dt 110.976000 rms  0.670  0.066% neg 0  invalid 762 tFOTS 0.0000 tGradient 1.8600 tsec 2.1420
#GCMRL#  148 dt 110.976000 rms  0.669  0.063% neg 0  invalid 762 tFOTS 0.0000 tGradient 2.1460 tsec 2.4380
#GCMRL#  149 dt 110.976000 rms  0.669  0.062% neg 0  invalid 762 tFOTS 0.0000 tGradient 1.7950 tsec 2.0500
#GCMRL#  150 dt 110.976000 rms  0.668  0.059% neg 0  invalid 762 tFOTS 0.0000 tGradient 1.8340 tsec 2.1040
#GCMRL#  151 dt 110.976000 rms  0.668  0.055% neg 0  invalid 762 tFOTS 0.0000 tGradient 1.8810 tsec 2.1470
#GCMRL#  152 dt 110.976000 rms  0.668  0.053% neg 0  invalid 762 tFOTS 0.0000 tGradient 1.8260 tsec 2.1020
#GCMRL#  153 dt 110.976000 rms  0.667  0.050% neg 0  invalid 762 tFOTS 0.0000 tGradient 2.1150 tsec 2.3920
#GCMRL#  154 dt 110.976000 rms  0.667  0.049% neg 0  invalid 762 tFOTS 0.0000 tGradient 1.7650 tsec 2.0240
#GCMRL#  155 dt 110.976000 rms  0.667  0.050% neg 0  invalid 762 tFOTS 0.0000 tGradient 1.7560 tsec 2.0210
#GCMRL#  156 dt 110.976000 rms  0.666  0.050% neg 0  invalid 762 tFOTS 0.0000 tGradient 1.7560 tsec 2.0070
#GCMRL#  157 dt 110.976000 rms  0.666  0.052% neg 0  invalid 762 tFOTS 0.0000 tGradient 2.1800 tsec 2.4440
#GCMRL#  158 dt 110.976000 rms  0.666  0.051% neg 0  invalid 762 tFOTS 0.0000 tGradient 1.8440 tsec 2.1500
#GCMRL#  159 dt 110.976000 rms  0.665  0.051% neg 0  invalid 762 tFOTS 0.0000 tGradient 1.9970 tsec 2.2630
#GCMRL#  160 dt 110.976000 rms  0.665  0.049% neg 0  invalid 762 tFOTS 0.0000 tGradient 1.8880 tsec 2.1510
#GCMRL#  161 dt 110.976000 rms  0.665  0.048% neg 0  invalid 762 tFOTS 0.0000 tGradient 1.8490 tsec 2.1060
#GCMRL#  162 dt 110.976000 rms  0.664  0.048% neg 0  invalid 762 tFOTS 0.0000 tGradient 1.8280 tsec 2.0920
#GCMRL#  163 dt 110.976000 rms  0.664  0.048% neg 0  invalid 762 tFOTS 0.0000 tGradient 2.2660 tsec 2.5640
#GCMRL#  164 dt 110.976000 rms  0.664  0.047% neg 0  invalid 762 tFOTS 0.0000 tGradient 2.1750 tsec 2.4660
#GCMRL#  165 dt 110.976000 rms  0.663  0.046% neg 0  invalid 762 tFOTS 0.0000 tGradient 2.1940 tsec 2.4920
#GCMRL#  166 dt 110.976000 rms  0.663  0.045% neg 0  invalid 762 tFOTS 0.0000 tGradient 2.3000 tsec 2.5910
#GCMRL#  167 dt 110.976000 rms  0.663  0.044% neg 0  invalid 762 tFOTS 0.0000 tGradient 2.3100 tsec 2.6040
#GCMRL#  168 dt 110.976000 rms  0.663  0.043% neg 0  invalid 762 tFOTS 0.0000 tGradient 2.1740 tsec 2.4530
#GCMRL#  169 dt 110.976000 rms  0.662  0.040% neg 0  invalid 762 tFOTS 0.0000 tGradient 2.1130 tsec 2.3650
#GCMRL#  170 dt 110.976000 rms  0.662  0.041% neg 0  invalid 762 tFOTS 0.0000 tGradient 2.3540 tsec 2.6310
#GCMRL#  171 dt 110.976000 rms  0.662  0.038% neg 0  invalid 762 tFOTS 0.0000 tGradient 2.1920 tsec 2.4790
#GCMRL#  172 dt 110.976000 rms  0.661  0.038% neg 0  invalid 762 tFOTS 0.0000 tGradient 1.9560 tsec 2.2090
#GCMRL#  173 dt 110.976000 rms  0.661  0.037% neg 0  invalid 762 tFOTS 0.0000 tGradient 1.8550 tsec 2.1130
#GCMRL#  174 dt 110.976000 rms  0.661  0.037% neg 0  invalid 762 tFOTS 0.0000 tGradient 1.8860 tsec 2.1410
#GCMRL#  175 dt 110.976000 rms  0.661  0.036% neg 0  invalid 762 tFOTS 0.0000 tGradient 1.8480 tsec 2.1050
#GCMRL#  176 dt 110.976000 rms  0.661  0.035% neg 0  invalid 762 tFOTS 0.0000 tGradient 1.8320 tsec 2.0910
#GCMRL#  177 dt 110.976000 rms  0.660  0.034% neg 0  invalid 762 tFOTS 0.0000 tGradient 1.9130 tsec 2.1730
#GCMRL#  178 dt 110.976000 rms  0.660  0.033% neg 0  invalid 762 tFOTS 0.0000 tGradient 1.9340 tsec 2.1950
#GCMRL#  179 dt 110.976000 rms  0.660  0.031% neg 0  invalid 762 tFOTS 0.0000 tGradient 1.8490 tsec 2.1120
#GCMRL#  180 dt 110.976000 rms  0.660  0.030% neg 0  invalid 762 tFOTS 0.0000 tGradient 1.9270 tsec 2.1920
#GCMRL#  181 dt 110.976000 rms  0.659  0.033% neg 0  invalid 762 tFOTS 0.0000 tGradient 2.1070 tsec 2.3700
#GCMRL#  182 dt 110.976000 rms  0.659  0.024% neg 0  invalid 762 tFOTS 0.0000 tGradient 1.8890 tsec 2.1520
#GCMRL#  183 dt 110.976000 rms  0.659  0.029% neg 0  invalid 762 tFOTS 0.0000 tGradient 2.1120 tsec 2.3850
#GCMRL#  184 dt 110.976000 rms  0.659  0.032% neg 0  invalid 762 tFOTS 0.0000 tGradient 2.3740 tsec 2.6360
#GCMRL#  185 dt 110.976000 rms  0.659  0.027% neg 0  invalid 762 tFOTS 0.0000 tGradient 2.1440 tsec 2.3870
#GCMRL#  186 dt 110.976000 rms  0.659  0.021% neg 0  invalid 762 tFOTS 0.0000 tGradient 1.8690 tsec 2.1220
#GCMRL#  187 dt 110.976000 rms  0.658  0.026% neg 0  invalid 762 tFOTS 0.0000 tGradient 1.9200 tsec 2.1840
#GCMRL#  188 dt 110.976000 rms  0.658  0.031% neg 0  invalid 762 tFOTS 0.0000 tGradient 2.0870 tsec 2.3510
#GCMRL#  189 dt 110.976000 rms  0.658  0.027% neg 0  invalid 762 tFOTS 0.0000 tGradient 2.0450 tsec 2.3020
#GCMRL#  190 dt 110.976000 rms  0.658  0.024% neg 0  invalid 762 tFOTS 0.0000 tGradient 1.9950 tsec 2.2440
#GCMRL#  191 dt 110.976000 rms  0.658  0.027% neg 0  invalid 762 tFOTS 0.0000 tGradient 1.9800 tsec 2.2460
#GCMRL#  192 dt 110.976000 rms  0.657  0.032% neg 0  invalid 762 tFOTS 0.0000 tGradient 2.1100 tsec 2.3790
#GCMRL#  193 dt 110.976000 rms  0.657  0.022% neg 0  invalid 762 tFOTS 0.0000 tGradient 1.9660 tsec 2.2210
#GCMRL#  194 dt 110.976000 rms  0.657  0.025% neg 0  invalid 762 tFOTS 0.0000 tGradient 2.0850 tsec 2.3440
#GCMRL#  195 dt 110.976000 rms  0.657  0.030% neg 0  invalid 762 tFOTS 0.0000 tGradient 2.1260 tsec 2.4090
#GCMRL#  196 dt 110.976000 rms  0.657  0.021% neg 0  invalid 762 tFOTS 0.0000 tGradient 2.2410 tsec 2.5130
#GCMRL#  197 dt 110.976000 rms  0.657  0.025% neg 0  invalid 762 tFOTS 0.0000 tGradient 1.9860 tsec 2.2530
#GCMRL#  198 dt 110.976000 rms  0.656  0.027% neg 0  invalid 762 tFOTS 0.0000 tGradient 2.0840 tsec 2.3490
#GCMRL#  199 dt 110.976000 rms  0.656  0.023% neg 0  invalid 762 tFOTS 0.0000 tGradient 2.0050 tsec 2.2660
#GCMRL#  200 dt 110.976000 rms  0.656  0.019% neg 0  invalid 762 tFOTS 0.0000 tGradient 1.8280 tsec 2.1030
#FOTS# QuadFit found better minimum quadopt=(dt=2071.55,rms=0.656019) vs oldopt=(dt=1479.68,rms=0.656058)
#GCMRL#  201 dt 2071.552000 rms  0.656  0.030% neg 0  invalid 762 tFOTS 3.9990 tGradient 1.8620 tsec 6.1350
#FOTS# QuadFit found better minimum quadopt=(dt=73.984,rms=0.655925) vs oldopt=(dt=92.48,rms=0.655925)
#GCMRL#  202 dt  73.984000 rms  0.656  0.000% neg 0  invalid 762 tFOTS 3.7860 tGradient 1.9410 tsec 6.0220
#GCMRL#  203 dt  73.984000 rms  0.656  0.001% neg 0  invalid 762 tFOTS 0.0000 tGradient 1.9240 tsec 2.1910

#GCAMreg# pass 0 level1 5 level2 1 tsec 463.708 sigma 0.5
l_jacobian=1.00 l_label=1.00 l_log_likelihood=0.20 l_smoothness=0.01 
tol=5.00e-02, dt=5.00e-02, exp_k=20.0, momentum=0.90, levels=6, niter=500, lbl_dist=10.00, avgs=256, sigma=0.5,type=2, relabel=0, neg=no

blurring input image with Gaussian with sigma=0.500...
GCAMRegisterLevel(): init RMS 0.656723
#GCMRL#  205 dt 369.920000 rms  0.655  0.238% neg 0  invalid 762 tFOTS 4.0700 tGradient 1.9310 tsec 6.2850
#FOTS# QuadFit found better minimum quadopt=(dt=129.472,rms=0.654836) vs oldopt=(dt=92.48,rms=0.654886)
#GCMRL#  206 dt 129.472000 rms  0.655  0.000% neg 0  invalid 762 tFOTS 3.9350 tGradient 1.8750 tsec 6.1070
#GCMRL#  207 dt 129.472000 rms  0.655  0.016% neg 0  invalid 762 tFOTS 0.0000 tGradient 1.8570 tsec 2.1220
#GCMRL#  208 dt 129.472000 rms  0.655  0.028% neg 0  invalid 762 tFOTS 0.0000 tGradient 1.9370 tsec 2.2110
#GCMRL#  209 dt 129.472000 rms  0.654  0.038% neg 0  invalid 762 tFOTS 0.0000 tGradient 1.8520 tsec 2.1040
#GCMRL#  210 dt 129.472000 rms  0.654  0.039% neg 0  invalid 762 tFOTS 0.0000 tGradient 1.9510 tsec 2.2290
#GCMRL#  211 dt 129.472000 rms  0.654  0.040% neg 0  invalid 762 tFOTS 0.0000 tGradient 1.9640 tsec 2.2300
#GCMRL#  212 dt 129.472000 rms  0.654  0.038% neg 0  invalid 762 tFOTS 0.0000 tGradient 1.9630 tsec 2.2430
#GCMRL#  213 dt 129.472000 rms  0.653  0.030% neg 0  invalid 762 tFOTS 0.0000 tGradient 1.8890 tsec 2.1490
#GCMRL#  214 dt 129.472000 rms  0.653  0.029% neg 0  invalid 762 tFOTS 0.0000 tGradient 1.9090 tsec 2.1670
#GCMRL#  215 dt 129.472000 rms  0.653  0.024% neg 0  invalid 762 tFOTS 0.0000 tGradient 2.0760 tsec 2.3410
#GCMRL#  216 dt 129.472000 rms  0.653  0.022% neg 0  invalid 762 tFOTS 0.0000 tGradient 1.9290 tsec 2.2340
#GCMRL#  217 dt 369.920000 rms  0.653  0.000% neg 0  invalid 762 tFOTS 4.4200 tGradient 2.0060 tsec 6.7890
setting smoothness cost coefficient to 0.031

#GCAMreg# pass 0 level1 4 level2 0 tsec 0 sigma 2
l_jacobian=1.00 l_label=1.00 l_log_likelihood=0.20 l_smoothness=0.03 
tol=5.00e-02, dt=5.00e-02, exp_k=20.0, momentum=0.90, levels=6, niter=500, lbl_dist=10.00, avgs=64, sigma=2.0,type=2, relabel=0, neg=no

blurring input image with Gaussian with sigma=2.000...
GCAMRegisterLevel(): init RMS 0.655815
#FOTS# QuadFit found better minimum quadopt=(dt=210.526,rms=0.648677) vs oldopt=(dt=103.68,rms=0.650141)
#GCMRL#  219 dt 210.526316 rms  0.649  1.088% neg 0  invalid 762 tFOTS 4.1100 tGradient 1.8540 tsec 6.2630
#FOTS# QuadFit found better minimum quadopt=(dt=106.081,rms=0.642221) vs oldopt=(dt=103.68,rms=0.642221)
#GCMRL#  220 dt 106.080775 rms  0.642  0.995% neg 0  invalid 762 tFOTS 4.0880 tGradient 1.5690 tsec 5.9490
#FOTS# QuadFit found better minimum quadopt=(dt=72.313,rms=0.638689) vs oldopt=(dt=103.68,rms=0.639281)
#GCMRL#  221 dt  72.312989 rms  0.639  0.550% neg 0  invalid 762 tFOTS 4.1390 tGradient 1.7060 tsec 6.1480
#FOTS# QuadFit found better minimum quadopt=(dt=158.591,rms=0.635013) vs oldopt=(dt=103.68,rms=0.635391)
#GCMRL#  222 dt 158.591195 rms  0.635  0.576% neg 0  invalid 762 tFOTS 4.0770 tGradient 1.7870 tsec 6.1610
#FOTS# QuadFit found better minimum quadopt=(dt=70.2609,rms=0.6319) vs oldopt=(dt=25.92,rms=0.632796)
#GCMRL#  223 dt  70.260870 rms  0.632  0.490% neg 0  invalid 762 tFOTS 3.9840 tGradient 1.8690 tsec 6.1790
#GCMRL#  224 dt 103.680000 rms  0.629  0.393% neg 0  invalid 762 tFOTS 4.1650 tGradient 1.9210 tsec 6.3810
#FOTS# QuadFit found better minimum quadopt=(dt=70.1124,rms=0.627395) vs oldopt=(dt=103.68,rms=0.627786)
#GCMRL#  225 dt  70.112360 rms  0.627  0.321% neg 0  invalid 762 tFOTS 3.8960 tGradient 1.6890 tsec 5.8770
#FOTS# QuadFit found better minimum quadopt=(dt=145.152,rms=0.624918) vs oldopt=(dt=103.68,rms=0.625145)
#GCMRL#  226 dt 145.152000 rms  0.625  0.395% neg 0  invalid 762 tFOTS 3.6960 tGradient 1.6120 tsec 5.6000
#FOTS# QuadFit found better minimum quadopt=(dt=36.288,rms=0.623246) vs oldopt=(dt=25.92,rms=0.623559)
#GCMRL#  227 dt  36.288000 rms  0.623  0.267% neg 0  invalid 762 tFOTS 3.9160 tGradient 1.7160 tsec 5.9180
#GCMRL#  228 dt 414.720000 rms  0.619  0.621% neg 0  invalid 762 tFOTS 3.6950 tGradient 1.6460 tsec 5.6300
#FOTS# QuadFit found better minimum quadopt=(dt=65.8824,rms=0.615589) vs oldopt=(dt=25.92,rms=0.616573)
#GCMRL#  229 dt  65.882353 rms  0.616  0.611% neg 0  invalid 762 tFOTS 3.9550 tGradient 1.5810 tsec 5.8290
#FOTS# QuadFit found better minimum quadopt=(dt=36.288,rms=0.61469) vs oldopt=(dt=25.92,rms=0.614851)
#GCMRL#  230 dt  36.288000 rms  0.615  0.146% neg 0  invalid 762 tFOTS 3.9450 tGradient 1.5910 tsec 5.8250
#FOTS# QuadFit found better minimum quadopt=(dt=580.608,rms=0.610381) vs oldopt=(dt=414.72,rms=0.611015)
#GCMRL#  231 dt 580.608000 rms  0.610  0.701% neg 0  invalid 762 tFOTS 3.9170 tGradient 1.6950 tsec 5.8970
#FOTS# QuadFit found better minimum quadopt=(dt=64,rms=0.607918) vs oldopt=(dt=25.92,rms=0.60844)
#GCMRL#  232 dt  64.000000 rms  0.608  0.404% neg 0  invalid 762 tFOTS 4.0180 tGradient 1.5730 tsec 5.8910
#FOTS# QuadFit found better minimum quadopt=(dt=36.288,rms=0.607314) vs oldopt=(dt=25.92,rms=0.607415)
#GCMRL#  233 dt  36.288000 rms  0.607  0.099% neg 0  invalid 762 tFOTS 3.8690 tGradient 1.6780 tsec 5.8400
#FOTS# QuadFit found better minimum quadopt=(dt=580.608,rms=0.604582) vs oldopt=(dt=414.72,rms=0.604936)
#GCMRL#  234 dt 580.608000 rms  0.605  0.450% neg 0  invalid 762 tFOTS 4.2110 tGradient 1.7580 tsec 6.3200
#FOTS# QuadFit found better minimum quadopt=(dt=70.7879,rms=0.602581) vs oldopt=(dt=25.92,rms=0.602996)
#GCMRL#  235 dt  70.787879 rms  0.603  0.331% neg 0  invalid 762 tFOTS 4.4480 tGradient 1.7700 tsec 6.5360
#FOTS# QuadFit found better minimum quadopt=(dt=36.288,rms=0.601941) vs oldopt=(dt=25.92,rms=0.60203)
#GCMRL#  236 dt  36.288000 rms  0.602  0.106% neg 0  invalid 762 tFOTS 4.3000 tGradient 1.9100 tsec 6.5520
#GCMRL#  237 dt 414.720000 rms  0.601  0.230% neg 0  invalid 762 tFOTS 4.4510 tGradient 1.7180 tsec 6.5080
#FOTS# QuadFit found better minimum quadopt=(dt=36.288,rms=0.5993) vs oldopt=(dt=25.92,rms=0.599538)
#GCMRL#  238 dt  36.288000 rms  0.599  0.209% neg 0  invalid 762 tFOTS 4.7150 tGradient 1.7370 tsec 6.7870
#FOTS# QuadFit found better minimum quadopt=(dt=248.832,rms=0.598177) vs oldopt=(dt=414.72,rms=0.598455)
#GCMRL#  239 dt 248.832000 rms  0.598  0.187% neg 0  invalid 762 tFOTS 4.3120 tGradient 1.7300 tsec 6.3710
#FOTS# QuadFit found better minimum quadopt=(dt=36.288,rms=0.597569) vs oldopt=(dt=25.92,rms=0.597658)
#GCMRL#  240 dt  36.288000 rms  0.598  0.102% neg 0  invalid 762 tFOTS 4.2380 tGradient 1.7630 tsec 6.3280
#FOTS# QuadFit found better minimum quadopt=(dt=145.152,rms=0.597034) vs oldopt=(dt=103.68,rms=0.597142)
#GCMRL#  241 dt 145.152000 rms  0.597  0.089% neg 0  invalid 762 tFOTS 4.2950 tGradient 1.7330 tsec 6.3630
#GCMRL#  242 dt 103.680000 rms  0.596  0.101% neg 0  invalid 762 tFOTS 4.3190 tGradient 1.7050 tsec 6.3580
#FOTS# QuadFit found better minimum quadopt=(dt=36.288,rms=0.596167) vs oldopt=(dt=25.92,rms=0.59622)
#GCMRL#  243 dt  36.288000 rms  0.596  0.000% neg 0  invalid 762 tFOTS 4.5870 tGradient 1.7260 tsec 6.6580
#GCMRL#  244 dt  36.288000 rms  0.596  0.029% neg 0  invalid 762 tFOTS 0.0000 tGradient 1.7790 tsec 2.0450
#GCMRL#  245 dt  36.288000 rms  0.596  0.051% neg 0  invalid 762 tFOTS 0.0000 tGradient 1.7760 tsec 2.0840
#GCMRL#  246 dt  36.288000 rms  0.595  0.078% neg 0  invalid 762 tFOTS 0.0000 tGradient 1.6390 tsec 1.9410
#GCMRL#  247 dt  36.288000 rms  0.595  0.100% neg 0  invalid 762 tFOTS 0.0000 tGradient 1.6880 tsec 1.9880
#GCMRL#  248 dt  36.288000 rms  0.594  0.114% neg 0  invalid 762 tFOTS 0.0000 tGradient 1.7140 tsec 2.0050
#GCMRL#  249 dt  36.288000 rms  0.593  0.128% neg 0  invalid 762 tFOTS 0.0000 tGradient 1.7360 tsec 2.0390
#GCMRL#  250 dt  36.288000 rms  0.592  0.137% neg 0  invalid 762 tFOTS 0.0000 tGradient 1.7370 tsec 2.0450
#GCMRL#  251 dt  36.288000 rms  0.592  0.141% neg 0  invalid 762 tFOTS 0.0000 tGradient 1.6540 tsec 1.9390
#GCMRL#  252 dt  36.288000 rms  0.591  0.148% neg 0  invalid 762 tFOTS 0.0000 tGradient 1.7300 tsec 2.0330
#GCMRL#  253 dt  36.288000 rms  0.590  0.154% neg 0  invalid 762 tFOTS 0.0000 tGradient 1.8230 tsec 2.0880
#GCMRL#  254 dt  36.288000 rms  0.589  0.153% neg 0  invalid 762 tFOTS 0.0000 tGradient 1.7620 tsec 2.0670
#GCMRL#  255 dt  36.288000 rms  0.588  0.159% neg 0  invalid 762 tFOTS 0.0000 tGradient 1.8350 tsec 2.1450
#GCMRL#  256 dt  36.288000 rms  0.587  0.156% neg 0  invalid 762 tFOTS 0.0000 tGradient 1.8840 tsec 2.1890
#GCMRL#  257 dt  36.288000 rms  0.586  0.152% neg 0  invalid 762 tFOTS 0.0000 tGradient 1.8160 tsec 2.1210
#GCMRL#  258 dt  36.288000 rms  0.585  0.146% neg 0  invalid 762 tFOTS 0.0000 tGradient 1.8030 tsec 2.1090
#GCMRL#  259 dt  36.288000 rms  0.584  0.143% neg 0  invalid 762 tFOTS 0.0000 tGradient 1.8210 tsec 2.1190
#GCMRL#  260 dt  36.288000 rms  0.584  0.138% neg 0  invalid 762 tFOTS 0.0000 tGradient 1.9120 tsec 2.1990
#GCMRL#  261 dt  36.288000 rms  0.583  0.134% neg 0  invalid 762 tFOTS 0.0000 tGradient 1.7750 tsec 2.0770
#GCMRL#  262 dt  36.288000 rms  0.582  0.124% neg 0  invalid 762 tFOTS 0.0000 tGradient 1.8480 tsec 2.1530
#GCMRL#  263 dt  36.288000 rms  0.581  0.115% neg 0  invalid 762 tFOTS 0.0000 tGradient 1.8350 tsec 2.1370
#GCMRL#  264 dt  36.288000 rms  0.581  0.111% neg 0  invalid 762 tFOTS 0.0000 tGradient 1.9040 tsec 2.2040
#GCMRL#  265 dt  36.288000 rms  0.580  0.111% neg 0  invalid 762 tFOTS 0.0000 tGradient 1.7900 tsec 2.0760
#GCMRL#  266 dt  36.288000 rms  0.580  0.110% neg 0  invalid 762 tFOTS 0.0000 tGradient 1.8800 tsec 2.1720
#GCMRL#  267 dt  36.288000 rms  0.579  0.105% neg 0  invalid 762 tFOTS 0.0000 tGradient 1.8270 tsec 2.1100
#GCMRL#  268 dt  36.288000 rms  0.578  0.100% neg 0  invalid 762 tFOTS 0.0000 tGradient 1.8580 tsec 2.1400
#GCMRL#  269 dt  36.288000 rms  0.578  0.096% neg 0  invalid 762 tFOTS 0.0000 tGradient 1.8630 tsec 2.1770
#GCMRL#  270 dt  36.288000 rms  0.577  0.091% neg 0  invalid 762 tFOTS 0.0000 tGradient 1.7990 tsec 2.0960
#GCMRL#  271 dt  36.288000 rms  0.577  0.085% neg 0  invalid 762 tFOTS 0.0000 tGradient 1.8720 tsec 2.1730
#GCMRL#  272 dt  36.288000 rms  0.576  0.085% neg 0  invalid 762 tFOTS 0.0000 tGradient 1.8880 tsec 2.1690
#GCMRL#  273 dt  36.288000 rms  0.576  0.085% neg 0  invalid 762 tFOTS 0.0000 tGradient 1.7450 tsec 2.0290
#GCMRL#  274 dt  36.288000 rms  0.575  0.080% neg 0  invalid 762 tFOTS 0.0000 tGradient 1.8980 tsec 2.1940
#GCMRL#  275 dt  36.288000 rms  0.575  0.076% neg 0  invalid 762 tFOTS 0.0000 tGradient 1.8910 tsec 2.1970
#GCMRL#  276 dt  36.288000 rms  0.574  0.071% neg 0  invalid 762 tFOTS 0.0000 tGradient 1.7940 tsec 2.1020
#GCMRL#  277 dt  36.288000 rms  0.574  0.068% neg 0  invalid 762 tFOTS 0.0000 tGradient 1.7460 tsec 2.0390
#GCMRL#  278 dt  36.288000 rms  0.574  0.067% neg 0  invalid 762 tFOTS 0.0000 tGradient 1.7910 tsec 2.0910
#GCMRL#  279 dt  36.288000 rms  0.573  0.065% neg 0  invalid 762 tFOTS 0.0000 tGradient 1.8620 tsec 2.1400
#GCMRL#  280 dt  36.288000 rms  0.573  0.061% neg 0  invalid 762 tFOTS 0.0000 tGradient 1.8790 tsec 2.1860
#GCMRL#  281 dt  36.288000 rms  0.573  0.059% neg 0  invalid 762 tFOTS 0.0000 tGradient 1.9080 tsec 2.2190
#GCMRL#  282 dt  36.288000 rms  0.572  0.057% neg 0  invalid 762 tFOTS 0.0000 tGradient 1.7820 tsec 2.0750
#GCMRL#  283 dt  36.288000 rms  0.572  0.058% neg 0  invalid 762 tFOTS 0.0000 tGradient 1.8660 tsec 2.1760
#GCMRL#  284 dt  36.288000 rms  0.572  0.055% neg 0  invalid 762 tFOTS 0.0000 tGradient 1.7920 tsec 2.0820
#GCMRL#  285 dt  36.288000 rms  0.571  0.050% neg 0  invalid 762 tFOTS 0.0000 tGradient 1.8250 tsec 2.1280
#GCMRL#  286 dt  36.288000 rms  0.571  0.052% neg 0  invalid 762 tFOTS 0.0000 tGradient 1.7880 tsec 2.0700
#GCMRL#  287 dt  36.288000 rms  0.571  0.055% neg 0  invalid 762 tFOTS 0.0000 tGradient 1.8630 tsec 2.1610
#GCMRL#  288 dt  36.288000 rms  0.570  0.052% neg 0  invalid 762 tFOTS 0.0000 tGradient 1.7150 tsec 2.0210
#GCMRL#  289 dt  36.288000 rms  0.570  0.053% neg 0  invalid 762 tFOTS 0.0000 tGradient 1.7270 tsec 2.0230
#GCMRL#  290 dt  36.288000 rms  0.570  0.050% neg 0  invalid 762 tFOTS 0.0000 tGradient 1.8000 tsec 2.1030
#GCMRL#  291 dt  36.288000 rms  0.570  0.046% neg 0  invalid 762 tFOTS 0.0000 tGradient 1.8090 tsec 2.1010
#GCMRL#  292 dt  36.288000 rms  0.569  0.047% neg 0  invalid 762 tFOTS 0.0000 tGradient 1.7690 tsec 2.0840
#GCMRL#  293 dt  36.288000 rms  0.569  0.045% neg 0  invalid 762 tFOTS 0.0000 tGradient 1.8260 tsec 2.1330
#GCMRL#  294 dt  36.288000 rms  0.569  0.046% neg 0  invalid 762 tFOTS 0.0000 tGradient 1.6420 tsec 1.9340
#GCMRL#  295 dt  36.288000 rms  0.569  0.047% neg 0  invalid 762 tFOTS 0.0000 tGradient 1.7830 tsec 2.0820
#GCMRL#  296 dt  36.288000 rms  0.568  0.044% neg 0  invalid 762 tFOTS 0.0000 tGradient 1.7590 tsec 2.0320
#GCMRL#  297 dt  36.288000 rms  0.568  0.044% neg 0  invalid 762 tFOTS 0.0000 tGradient 1.6720 tsec 1.9500
#GCMRL#  298 dt  36.288000 rms  0.568  0.040% neg 0  invalid 762 tFOTS 0.0000 tGradient 1.6300 tsec 1.9060
#GCMRL#  299 dt  36.288000 rms  0.568  0.040% neg 0  invalid 762 tFOTS 0.0000 tGradient 1.6710 tsec 1.9550
#GCMRL#  300 dt  36.288000 rms  0.567  0.039% neg 0  invalid 762 tFOTS 0.0000 tGradient 1.6700 tsec 1.9480
#GCMRL#  301 dt  36.288000 rms  0.567  0.035% neg 0  invalid 762 tFOTS 0.0000 tGradient 1.6820 tsec 1.9520
#GCMRL#  302 dt  36.288000 rms  0.567  0.036% neg 0  invalid 762 tFOTS 0.0000 tGradient 1.5770 tsec 1.8540
#GCMRL#  303 dt  36.288000 rms  0.567  0.036% neg 0  invalid 762 tFOTS 0.0000 tGradient 1.7400 tsec 2.0230
#GCMRL#  304 dt  36.288000 rms  0.567  0.034% neg 0  invalid 762 tFOTS 0.0000 tGradient 1.6750 tsec 1.9560
#GCMRL#  305 dt  36.288000 rms  0.566  0.035% neg 0  invalid 762 tFOTS 0.0000 tGradient 1.6280 tsec 1.9090
#GCMRL#  306 dt  36.288000 rms  0.566  0.036% neg 0  invalid 762 tFOTS 0.0000 tGradient 1.7210 tsec 2.0170
#GCMRL#  307 dt  36.288000 rms  0.566  0.032% neg 0  invalid 762 tFOTS 0.0000 tGradient 1.6350 tsec 1.9120
#GCMRL#  308 dt  36.288000 rms  0.566  0.033% neg 0  invalid 762 tFOTS 0.0000 tGradient 1.7520 tsec 2.0600
#GCMRL#  309 dt  36.288000 rms  0.566  0.030% neg 0  invalid 762 tFOTS 0.0000 tGradient 1.8010 tsec 2.1050
#GCMRL#  310 dt  36.288000 rms  0.565  0.030% neg 0  invalid 762 tFOTS 0.0000 tGradient 1.7650 tsec 2.0770
#GCMRL#  311 dt  36.288000 rms  0.565  0.028% neg 0  invalid 762 tFOTS 0.0000 tGradient 1.7690 tsec 2.0620
#GCMRL#  312 dt  36.288000 rms  0.565  0.029% neg 0  invalid 762 tFOTS 0.0000 tGradient 1.8120 tsec 2.1430
#GCMRL#  313 dt  36.288000 rms  0.565  0.028% neg 0  invalid 762 tFOTS 0.0000 tGradient 1.7090 tsec 2.0360
#GCMRL#  314 dt  36.288000 rms  0.565  0.026% neg 0  invalid 762 tFOTS 0.0000 tGradient 1.6910 tsec 2.0120
#GCMRL#  315 dt  36.288000 rms  0.565  0.028% neg 0  invalid 762 tFOTS 0.0000 tGradient 1.7780 tsec 2.1310
#GCMRL#  316 dt  36.288000 rms  0.565  0.027% neg 0  invalid 762 tFOTS 0.0000 tGradient 1.8000 tsec 2.1350
#GCMRL#  317 dt  36.288000 rms  0.564  0.025% neg 0  invalid 762 tFOTS 0.0000 tGradient 1.7200 tsec 2.0240
#GCMRL#  318 dt  36.288000 rms  0.564  0.024% neg 0  invalid 762 tFOTS 0.0000 tGradient 1.6410 tsec 1.9690
#FOTS# QuadFit found better minimum quadopt=(dt=497.664,rms=0.564193) vs oldopt=(dt=414.72,rms=0.564195)
#GCMRL#  319 dt 497.664000 rms  0.564  0.000% neg 0  invalid 762 tFOTS 4.5770 tGradient 1.5600 tsec 6.4880

#GCAMreg# pass 0 level1 4 level2 1 tsec 327.363 sigma 0.5
l_jacobian=1.00 l_label=1.00 l_log_likelihood=0.20 l_smoothness=0.03 
tol=5.00e-02, dt=5.00e-02, exp_k=20.0, momentum=0.90, levels=6, niter=500, lbl_dist=10.00, avgs=64, sigma=0.5,type=2, relabel=0, neg=no

blurring input image with Gaussian with sigma=0.500...
GCAMRegisterLevel(): init RMS 0.565182
#FOTS# QuadFit found better minimum quadopt=(dt=124.416,rms=0.562749) vs oldopt=(dt=103.68,rms=0.562773)
#GCMRL#  321 dt 124.416000 rms  0.563  0.430% neg 0  invalid 762 tFOTS 4.4000 tGradient 1.5800 tsec 6.3160
#FOTS# QuadFit found better minimum quadopt=(dt=36.288,rms=0.562357) vs oldopt=(dt=25.92,rms=0.562424)
#GCMRL#  322 dt  36.288000 rms  0.562  0.070% neg 0  invalid 762 tFOTS 4.5000 tGradient 1.7930 tsec 6.6430
#FOTS# QuadFit found better minimum quadopt=(dt=145.152,rms=0.562012) vs oldopt=(dt=103.68,rms=0.562058)
#GCMRL#  323 dt 145.152000 rms  0.562  0.061% neg 0  invalid 762 tFOTS 4.2550 tGradient 1.8870 tsec 6.4950
#FOTS# QuadFit found better minimum quadopt=(dt=145.152,rms=0.561544) vs oldopt=(dt=103.68,rms=0.561595)
#GCMRL#  324 dt 145.152000 rms  0.562  0.083% neg 0  invalid 762 tFOTS 4.3160 tGradient 1.7000 tsec 6.3530
#FOTS# QuadFit found better minimum quadopt=(dt=36.288,rms=0.561396) vs oldopt=(dt=25.92,rms=0.561423)
#GCMRL#  325 dt  36.288000 rms  0.561  0.000% neg 0  invalid 762 tFOTS 4.6510 tGradient 1.9010 tsec 6.9000
#GCMRL#  326 dt  36.288000 rms  0.561  0.014% neg 0  invalid 762 tFOTS 0.0000 tGradient 1.9150 tsec 2.2180
#GCMRL#  327 dt  36.288000 rms  0.561  0.020% neg 0  invalid 762 tFOTS 0.0000 tGradient 2.1780 tsec 2.5020
#GCMRL#  328 dt  36.288000 rms  0.561  0.026% neg 0  invalid 762 tFOTS 0.0000 tGradient 1.5480 tsec 1.8320
#GCMRL#  329 dt  36.288000 rms  0.561  0.038% neg 0  invalid 762 tFOTS 0.0000 tGradient 1.6260 tsec 1.8990
#GCMRL#  330 dt  36.288000 rms  0.561  0.045% neg 0  invalid 762 tFOTS 0.0000 tGradient 1.7420 tsec 2.0450
#GCMRL#  331 dt  36.288000 rms  0.560  0.045% neg 0  invalid 762 tFOTS 0.0000 tGradient 1.6740 tsec 1.9460
#GCMRL#  332 dt  36.288000 rms  0.560  0.043% neg 0  invalid 762 tFOTS 0.0000 tGradient 1.8910 tsec 2.1800
#GCMRL#  333 dt  36.288000 rms  0.560  0.041% neg 0  invalid 762 tFOTS 0.0000 tGradient 2.0560 tsec 2.3840
#GCMRL#  334 dt  36.288000 rms  0.560  0.037% neg 0  invalid 762 tFOTS 0.0000 tGradient 1.9310 tsec 2.2450
#GCMRL#  335 dt  36.288000 rms  0.559  0.032% neg 0  invalid 762 tFOTS 0.0000 tGradient 1.5660 tsec 1.8560
#GCMRL#  336 dt  36.288000 rms  0.559  0.032% neg 0  invalid 762 tFOTS 0.0000 tGradient 1.6240 tsec 1.9230
#GCMRL#  337 dt  36.288000 rms  0.559  0.034% neg 0  invalid 762 tFOTS 0.0000 tGradient 1.6000 tsec 1.8950
#GCMRL#  338 dt  36.288000 rms  0.559  0.035% neg 0  invalid 762 tFOTS 0.0000 tGradient 1.5760 tsec 1.8700
#GCMRL#  339 dt  36.288000 rms  0.559  0.037% neg 0  invalid 762 tFOTS 0.0000 tGradient 1.8060 tsec 2.1100
#GCMRL#  340 dt  36.288000 rms  0.559  0.038% neg 0  invalid 762 tFOTS 0.0000 tGradient 1.7160 tsec 2.0210
#GCMRL#  341 dt  36.288000 rms  0.558  0.037% neg 0  invalid 762 tFOTS 0.0000 tGradient 1.6840 tsec 1.9770
#GCMRL#  342 dt  36.288000 rms  0.558  0.033% neg 0  invalid 762 tFOTS 0.0000 tGradient 1.8990 tsec 2.2130
#GCMRL#  343 dt  36.288000 rms  0.558  0.032% neg 0  invalid 762 tFOTS 0.0000 tGradient 1.9830 tsec 2.2660
#GCMRL#  344 dt  36.288000 rms  0.558  0.033% neg 0  invalid 762 tFOTS 0.0000 tGradient 1.6630 tsec 1.9420
#GCMRL#  345 dt  36.288000 rms  0.558  0.031% neg 0  invalid 762 tFOTS 0.0000 tGradient 1.7130 tsec 2.0100
#GCMRL#  346 dt  36.288000 rms  0.557  0.031% neg 0  invalid 762 tFOTS 0.0000 tGradient 1.6240 tsec 1.9110
#GCMRL#  347 dt  36.288000 rms  0.557  0.033% neg 0  invalid 762 tFOTS 0.0000 tGradient 1.7120 tsec 2.0190
#GCMRL#  348 dt  36.288000 rms  0.557  0.032% neg 0  invalid 762 tFOTS 0.0000 tGradient 1.7400 tsec 2.0460
#GCMRL#  349 dt  36.288000 rms  0.557  0.032% neg 0  invalid 762 tFOTS 0.0000 tGradient 1.7570 tsec 2.0740
#GCMRL#  350 dt  36.288000 rms  0.557  0.031% neg 0  invalid 762 tFOTS 0.0000 tGradient 2.0580 tsec 2.3710
#GCMRL#  351 dt  36.288000 rms  0.557  0.027% neg 0  invalid 762 tFOTS 0.0000 tGradient 1.8330 tsec 2.1170
#GCMRL#  352 dt  36.288000 rms  0.556  0.030% neg 0  invalid 762 tFOTS 0.0000 tGradient 1.6640 tsec 1.9500
#GCMRL#  353 dt  36.288000 rms  0.556  0.025% neg 0  invalid 762 tFOTS 0.0000 tGradient 1.6420 tsec 1.9280
#GCMRL#  354 dt  36.288000 rms  0.556  0.024% neg 0  invalid 762 tFOTS 0.0000 tGradient 1.6080 tsec 1.8930
#GCMRL#  355 dt  36.288000 rms  0.556  0.023% neg 0  invalid 762 tFOTS 0.0000 tGradient 1.9530 tsec 2.2950
#FOTS# QuadFit found better minimum quadopt=(dt=145.152,rms=0.555937) vs oldopt=(dt=103.68,rms=0.555945)
#GCMRL#  356 dt 145.152000 rms  0.556  0.000% neg 0  invalid 762 tFOTS 4.2280 tGradient 1.5370 tsec 6.0920
#GCMRL#  357 dt 145.152000 rms  0.556  0.008% neg 0  invalid 762 tFOTS 0.0000 tGradient 1.6110 tsec 1.8890
#GCMRL#  358 dt 145.152000 rms  0.556  0.028% neg 0  invalid 762 tFOTS 0.0000 tGradient 1.6670 tsec 1.9500
#GCMRL#  359 dt 145.152000 rms  0.556 -0.010% neg 0  invalid 762 tFOTS 0.0000 tGradient 1.5320 tsec 2.0530
#FOTS# QuadFit found better minimum quadopt=(dt=0.0354375,rms=0.555741) vs oldopt=(dt=0.0253125,rms=0.555741)
#GCMRL#  360 dt   0.035437 rms  0.556  0.000% neg 0  invalid 762 tFOTS 4.5080 tGradient 1.5410 tsec 6.3670
setting smoothness cost coefficient to 0.118

#GCAMreg# pass 0 level1 3 level2 0 tsec 0 sigma 2
l_jacobian=1.00 l_label=1.00 l_log_likelihood=0.20 l_smoothness=0.12 
tol=5.00e-02, dt=5.00e-02, exp_k=20.0, momentum=0.90, levels=6, niter=500, lbl_dist=10.00, avgs=16, sigma=2.0,type=2, relabel=0, neg=no

blurring input image with Gaussian with sigma=2.000...
GCAMRegisterLevel(): init RMS 0.570122
#FOTS# QuadFit found better minimum quadopt=(dt=38.4,rms=0.566844) vs oldopt=(dt=32,rms=0.566882)
#GCMRL#  362 dt  38.400000 rms  0.567  0.575% neg 0  invalid 762 tFOTS 4.2380 tGradient 1.4320 tsec 5.9820
#FOTS# QuadFit found better minimum quadopt=(dt=96.3596,rms=0.561044) vs oldopt=(dt=128,rms=0.561606)
#GCMRL#  363 dt  96.359551 rms  0.561  1.023% neg 0  invalid 762 tFOTS 4.1900 tGradient 1.4370 tsec 5.9500
#FOTS# QuadFit found better minimum quadopt=(dt=21.9454,rms=0.557812) vs oldopt=(dt=32,rms=0.558466)
#GCMRL#  364 dt  21.945355 rms  0.558  0.576% neg 0  invalid 762 tFOTS 4.2590 tGradient 1.4100 tsec 5.9940
#FOTS# QuadFit found better minimum quadopt=(dt=192.151,rms=0.550619) vs oldopt=(dt=128,rms=0.551286)
#GCMRL#  365 dt 192.150588 rms  0.551  1.290% neg 0  invalid 762 tFOTS 4.2580 tGradient 1.4130 tsec 5.9960
#FOTS# QuadFit found better minimum quadopt=(dt=19.2,rms=0.54543) vs oldopt=(dt=32,rms=0.547319)
#GCMRL#  366 dt  19.200000 rms  0.545  0.942% neg 0  invalid 762 tFOTS 3.9730 tGradient 1.5140 tsec 5.8060
#FOTS# QuadFit found better minimum quadopt=(dt=153.6,rms=0.542429) vs oldopt=(dt=128,rms=0.542502)
#GCMRL#  367 dt 153.600000 rms  0.542  0.550% neg 0  invalid 762 tFOTS 3.9600 tGradient 1.4420 tsec 5.7150
#FOTS# QuadFit found better minimum quadopt=(dt=28.878,rms=0.540578) vs oldopt=(dt=32,rms=0.540629)
#GCMRL#  368 dt  28.878049 rms  0.541  0.341% neg 0  invalid 762 tFOTS 4.1810 tGradient 1.3730 tsec 5.8760
#FOTS# QuadFit found better minimum quadopt=(dt=38.4,rms=0.539532) vs oldopt=(dt=32,rms=0.539555)
#GCMRL#  369 dt  38.400000 rms  0.540  0.194% neg 0  invalid 762 tFOTS 4.3370 tGradient 1.4250 tsec 6.1010
#GCMRL#  370 dt  32.000000 rms  0.539  0.178% neg 0  invalid 762 tFOTS 4.3390 tGradient 1.5110 tsec 6.1730
#FOTS# QuadFit found better minimum quadopt=(dt=25.6,rms=0.537907) vs oldopt=(dt=32,rms=0.537953)
#GCMRL#  371 dt  25.600000 rms  0.538  0.124% neg 0  invalid 762 tFOTS 4.3890 tGradient 1.4660 tsec 6.2050
#FOTS# QuadFit found better minimum quadopt=(dt=44.8,rms=0.537228) vs oldopt=(dt=32,rms=0.537291)
#GCMRL#  372 dt  44.800000 rms  0.537  0.126% neg 0  invalid 762 tFOTS 4.3680 tGradient 1.4930 tsec 6.1790
#FOTS# QuadFit found better minimum quadopt=(dt=25.5105,rms=0.536544) vs oldopt=(dt=32,rms=0.536638)
#GCMRL#  373 dt  25.510490 rms  0.537  0.127% neg 0  invalid 762 tFOTS 4.3750 tGradient 1.3980 tsec 6.1290
#FOTS# QuadFit found better minimum quadopt=(dt=38.4,rms=0.535967) vs oldopt=(dt=32,rms=0.535992)
#GCMRL#  374 dt  38.400000 rms  0.536  0.107% neg 0  invalid 762 tFOTS 4.3600 tGradient 1.4120 tsec 6.1150
#FOTS# QuadFit found better minimum quadopt=(dt=25.6,rms=0.535366) vs oldopt=(dt=32,rms=0.535402)
#GCMRL#  375 dt  25.600000 rms  0.535  0.112% neg 0  invalid 762 tFOTS 4.4000 tGradient 1.4570 tsec 6.2070
#FOTS# QuadFit found better minimum quadopt=(dt=44.8,rms=0.534904) vs oldopt=(dt=32,rms=0.534935)
#GCMRL#  376 dt  44.800000 rms  0.535  0.086% neg 0  invalid 762 tFOTS 4.3670 tGradient 1.4720 tsec 6.1760
#FOTS# QuadFit found better minimum quadopt=(dt=25.6,rms=0.534277) vs oldopt=(dt=32,rms=0.534332)
#GCMRL#  377 dt  25.600000 rms  0.534  0.117% neg 0  invalid 762 tFOTS 4.3220 tGradient 1.4220 tsec 6.0890
#FOTS# QuadFit found better minimum quadopt=(dt=44.8,rms=0.533822) vs oldopt=(dt=32,rms=0.533846)
#GCMRL#  378 dt  44.800000 rms  0.534  0.085% neg 0  invalid 762 tFOTS 4.2900 tGradient 1.4090 tsec 6.0570
#FOTS# QuadFit found better minimum quadopt=(dt=25.6,rms=0.533273) vs oldopt=(dt=32,rms=0.533341)
#GCMRL#  379 dt  25.600000 rms  0.533  0.103% neg 0  invalid 762 tFOTS 4.3160 tGradient 1.4330 tsec 6.0770
#GCMRL#  380 dt  32.000000 rms  0.533  0.064% neg 0  invalid 762 tFOTS 4.2510 tGradient 1.3760 tsec 5.9620
#GCMRL#  381 dt  32.000000 rms  0.532  0.098% neg 0  invalid 762 tFOTS 4.1450 tGradient 1.4200 tsec 5.9070
#GCMRL#  382 dt  32.000000 rms  0.532  0.056% neg 0  invalid 762 tFOTS 4.2480 tGradient 1.4040 tsec 6.0030
#GCMRL#  383 dt  32.000000 rms  0.532  0.090% neg 0  invalid 762 tFOTS 4.2480 tGradient 1.4430 tsec 6.0150
#GCMRL#  384 dt  32.000000 rms  0.531  0.055% neg 0  invalid 762 tFOTS 4.0290 tGradient 1.4120 tsec 5.7860
#GCMRL#  385 dt  32.000000 rms  0.531  0.081% neg 0  invalid 762 tFOTS 4.3210 tGradient 1.4330 tsec 6.0850
#GCMRL#  386 dt  32.000000 rms  0.531  0.000% neg 0  invalid 762 tFOTS 4.0460 tGradient 1.4370 tsec 5.8320
#GCMRL#  387 dt  32.000000 rms  0.530  0.079% neg 0  invalid 762 tFOTS 0.0000 tGradient 1.4170 tsec 1.7090
#GCMRL#  388 dt  32.000000 rms  0.530  0.114% neg 0  invalid 762 tFOTS 0.0000 tGradient 1.4410 tsec 1.7360
#GCMRL#  389 dt  32.000000 rms  0.529  0.150% neg 0  invalid 762 tFOTS 0.0000 tGradient 1.4210 tsec 1.7220
#GCMRL#  390 dt  32.000000 rms  0.528  0.221% neg 0  invalid 762 tFOTS 0.0000 tGradient 1.4100 tsec 1.7060
#GCMRL#  391 dt  32.000000 rms  0.527  0.213% neg 0  invalid 762 tFOTS 0.0000 tGradient 1.4410 tsec 1.7400
#GCMRL#  392 dt  32.000000 rms  0.525  0.233% neg 0  invalid 762 tFOTS 0.0000 tGradient 1.4180 tsec 1.7080
#GCMRL#  393 dt  32.000000 rms  0.524  0.219% neg 0  invalid 762 tFOTS 0.0000 tGradient 1.3960 tsec 1.7040
#GCMRL#  394 dt  32.000000 rms  0.523  0.266% neg 0  invalid 762 tFOTS 0.0000 tGradient 1.4090 tsec 1.7120
#GCMRL#  395 dt  32.000000 rms  0.522  0.213% neg 0  invalid 762 tFOTS 0.0000 tGradient 1.4120 tsec 1.7160
#GCMRL#  396 dt  32.000000 rms  0.521  0.206% neg 0  invalid 762 tFOTS 0.0000 tGradient 1.5120 tsec 1.8140
#GCMRL#  397 dt  32.000000 rms  0.519  0.231% neg 0  invalid 762 tFOTS 0.0000 tGradient 1.3830 tsec 1.6770
#GCMRL#  398 dt  32.000000 rms  0.518  0.200% neg 0  invalid 762 tFOTS 0.0000 tGradient 1.4450 tsec 1.7520
#GCMRL#  399 dt  32.000000 rms  0.518  0.160% neg 0  invalid 762 tFOTS 0.0000 tGradient 1.4300 tsec 1.7370
#GCMRL#  400 dt  32.000000 rms  0.517  0.152% neg 0  invalid 762 tFOTS 0.0000 tGradient 1.4660 tsec 1.7740
#GCMRL#  401 dt  32.000000 rms  0.516  0.159% neg 0  invalid 762 tFOTS 0.0000 tGradient 1.3730 tsec 1.6650
#GCMRL#  402 dt  32.000000 rms  0.515  0.123% neg 0  invalid 762 tFOTS 0.0000 tGradient 1.3840 tsec 1.6840
#GCMRL#  403 dt  32.000000 rms  0.515  0.104% neg 0  invalid 762 tFOTS 0.0000 tGradient 1.4170 tsec 1.7160
#GCMRL#  404 dt  32.000000 rms  0.514  0.117% neg 0  invalid 762 tFOTS 0.0000 tGradient 1.4120 tsec 1.7150
#GCMRL#  405 dt  32.000000 rms  0.514  0.110% neg 0  invalid 762 tFOTS 0.0000 tGradient 1.3950 tsec 1.6940
#GCMRL#  406 dt   8.000000 rms  0.514  0.002% neg 0  invalid 762 tFOTS 0.0000 tGradient 1.3880 tsec 2.2020
#GCMRL#  407 dt   4.000000 rms  0.514 -0.000% neg 0  invalid 762 tFOTS 0.0000 tGradient 1.3530 tsec 2.2970
#FOTS# QuadFit found better minimum quadopt=(dt=2.8,rms=0.513553) vs oldopt=(dt=2,rms=0.513553)
#GCMRL#  408 dt   2.800000 rms  0.514  0.000% neg 0  invalid 762 tFOTS 3.6610 tGradient 1.4320 tsec 5.4340
#FOTS# QuadFit found better minimum quadopt=(dt=2.8,rms=0.513549) vs oldopt=(dt=2,rms=0.51355)
#GCMRL#  409 dt   2.800000 rms  0.514  0.001% neg 0  invalid 762 tFOTS 3.6560 tGradient 1.4410 tsec 5.4420
#FOTS# QuadFit found better minimum quadopt=(dt=0.7,rms=0.513548) vs oldopt=(dt=0.5,rms=0.513548)

#GCAMreg# pass 0 level1 3 level2 1 tsec 213.602 sigma 0.5
l_jacobian=1.00 l_label=1.00 l_log_likelihood=0.20 l_smoothness=0.12 
tol=5.00e-02, dt=5.00e-02, exp_k=20.0, momentum=0.90, levels=6, niter=500, lbl_dist=10.00, avgs=16, sigma=0.5,type=2, relabel=0, neg=no

blurring input image with Gaussian with sigma=0.500...
GCAMRegisterLevel(): init RMS 0.514352
#FOTS# QuadFit found better minimum quadopt=(dt=44.8,rms=0.511911) vs oldopt=(dt=32,rms=0.512074)
#GCMRL#  411 dt  44.800000 rms  0.512  0.475% neg 0  invalid 762 tFOTS 4.1570 tGradient 1.3880 tsec 5.8950
#GCMRL#  412 dt  32.000000 rms  0.511  0.087% neg 0  invalid 762 tFOTS 4.4410 tGradient 1.4110 tsec 6.1920
#GCMRL#  413 dt  32.000000 rms  0.511  0.058% neg 0  invalid 762 tFOTS 4.4530 tGradient 1.4500 tsec 6.2530
#FOTS# QuadFit found better minimum quadopt=(dt=19.2,rms=0.510918) vs oldopt=(dt=32,rms=0.51098)
#GCMRL#  414 dt  19.200000 rms  0.511  0.000% neg 0  invalid 762 tFOTS 4.4300 tGradient 1.4400 tsec 6.2250
#GCMRL#  415 dt  19.200000 rms  0.511  0.024% neg 0  invalid 762 tFOTS 0.0000 tGradient 1.4480 tsec 1.7480
#GCMRL#  416 dt  19.200000 rms  0.511  0.040% neg 0  invalid 762 tFOTS 0.0000 tGradient 1.4670 tsec 1.7830
#GCMRL#  417 dt  19.200000 rms  0.510  0.056% neg 0  invalid 762 tFOTS 0.0000 tGradient 1.4990 tsec 1.8260
#GCMRL#  418 dt  19.200000 rms  0.510  0.040% neg 0  invalid 762 tFOTS 0.0000 tGradient 1.4950 tsec 1.8080
#GCMRL#  419 dt  19.200000 rms  0.510  0.035% neg 0  invalid 762 tFOTS 0.0000 tGradient 1.4890 tsec 1.7990
#GCMRL#  420 dt  19.200000 rms  0.510  0.043% neg 0  invalid 762 tFOTS 0.0000 tGradient 1.4800 tsec 1.7990
#GCMRL#  421 dt  19.200000 rms  0.510  0.038% neg 0  invalid 762 tFOTS 0.0000 tGradient 1.4420 tsec 1.7580
#GCMRL#  422 dt  19.200000 rms  0.509  0.027% neg 0  invalid 762 tFOTS 0.0000 tGradient 1.5100 tsec 1.8260
#GCMRL#  423 dt  19.200000 rms  0.509  0.024% neg 0  invalid 762 tFOTS 0.0000 tGradient 1.5100 tsec 1.8310
#GCMRL#  424 dt  19.200000 rms  0.509  0.029% neg 0  invalid 762 tFOTS 0.0000 tGradient 1.4890 tsec 1.7840
#GCMRL#  425 dt  19.200000 rms  0.509  0.037% neg 0  invalid 762 tFOTS 0.0000 tGradient 1.5270 tsec 1.8550
#GCMRL#  426 dt  19.200000 rms  0.509  0.032% neg 0  invalid 762 tFOTS 0.0000 tGradient 1.4880 tsec 1.7920
#GCMRL#  427 dt  19.200000 rms  0.509  0.020% neg 0  invalid 762 tFOTS 0.0000 tGradient 1.4860 tsec 1.7930
#GCMRL#  428 dt  19.200000 rms  0.509  0.023% neg 0  invalid 762 tFOTS 0.0000 tGradient 1.4850 tsec 1.8100
#GCMRL#  429 dt  19.200000 rms  0.508  0.025% neg 0  invalid 762 tFOTS 0.0000 tGradient 1.4970 tsec 1.7990
#GCMRL#  430 dt  19.200000 rms  0.508  0.027% neg 0  invalid 762 tFOTS 0.0000 tGradient 1.5210 tsec 1.8390
#GCMRL#  431 dt  19.200000 rms  0.508  0.025% neg 0  invalid 762 tFOTS 0.0000 tGradient 1.5100 tsec 1.8320
#GCMRL#  432 dt  19.200000 rms  0.508  0.026% neg 0  invalid 762 tFOTS 0.0000 tGradient 1.4850 tsec 1.7910
#GCMRL#  433 dt  19.200000 rms  0.508  0.035% neg 0  invalid 762 tFOTS 0.0000 tGradient 1.5110 tsec 1.8270
#GCMRL#  434 dt  19.200000 rms  0.508  0.039% neg 0  invalid 762 tFOTS 0.0000 tGradient 1.5280 tsec 1.8650
#GCMRL#  435 dt  19.200000 rms  0.507  0.035% neg 0  invalid 762 tFOTS 0.0000 tGradient 1.4730 tsec 1.7900
#GCMRL#  436 dt  19.200000 rms  0.507  0.033% neg 0  invalid 762 tFOTS 0.0000 tGradient 1.5120 tsec 1.8200
#GCMRL#  437 dt  19.200000 rms  0.507  0.035% neg 0  invalid 762 tFOTS 0.0000 tGradient 1.5000 tsec 1.8140
#GCMRL#  438 dt  19.200000 rms  0.507  0.030% neg 0  invalid 762 tFOTS 0.0000 tGradient 1.4920 tsec 1.8030
#GCMRL#  439 dt  19.200000 rms  0.507  0.030% neg 0  invalid 762 tFOTS 0.0000 tGradient 1.4910 tsec 1.8080
#GCMRL#  440 dt  19.200000 rms  0.507  0.035% neg 0  invalid 762 tFOTS 0.0000 tGradient 1.4860 tsec 1.7900
#GCMRL#  441 dt  19.200000 rms  0.506  0.038% neg 0  invalid 762 tFOTS 0.0000 tGradient 1.4970 tsec 1.8210
#GCMRL#  442 dt  19.200000 rms  0.506  0.036% neg 0  invalid 762 tFOTS 0.0000 tGradient 1.4750 tsec 1.7940
#GCMRL#  443 dt  19.200000 rms  0.506  0.038% neg 0  invalid 762 tFOTS 0.0000 tGradient 1.4520 tsec 1.7550
#GCMRL#  444 dt  19.200000 rms  0.506  0.041% neg 0  invalid 762 tFOTS 0.0000 tGradient 1.4680 tsec 1.7630
#GCMRL#  445 dt  19.200000 rms  0.506  0.039% neg 0  invalid 762 tFOTS 0.0000 tGradient 1.4800 tsec 1.7980
#GCMRL#  446 dt  19.200000 rms  0.505  0.036% neg 0  invalid 762 tFOTS 0.0000 tGradient 1.4710 tsec 1.7960
#GCMRL#  447 dt  19.200000 rms  0.505  0.030% neg 0  invalid 762 tFOTS 0.0000 tGradient 1.5110 tsec 1.8310
#GCMRL#  448 dt  19.200000 rms  0.505  0.027% neg 0  invalid 762 tFOTS 0.0000 tGradient 1.4790 tsec 1.8000
#GCMRL#  449 dt  19.200000 rms  0.505  0.030% neg 0  invalid 762 tFOTS 0.0000 tGradient 1.4800 tsec 1.7970
#GCMRL#  450 dt  19.200000 rms  0.505  0.030% neg 0  invalid 762 tFOTS 0.0000 tGradient 1.4950 tsec 1.8080
#GCMRL#  451 dt  19.200000 rms  0.505  0.028% neg 0  invalid 762 tFOTS 0.0000 tGradient 1.4960 tsec 1.8080
#GCMRL#  452 dt  19.200000 rms  0.505  0.019% neg 0  invalid 762 tFOTS 0.0000 tGradient 1.4720 tsec 1.7670
#GCMRL#  453 dt  19.200000 rms  0.505  0.027% neg 0  invalid 762 tFOTS 0.0000 tGradient 1.5030 tsec 1.8290
#GCMRL#  454 dt  19.200000 rms  0.504  0.033% neg 0  invalid 762 tFOTS 0.0000 tGradient 1.4880 tsec 1.7990
#GCMRL#  455 dt  19.200000 rms  0.504  0.025% neg 0  invalid 762 tFOTS 0.0000 tGradient 1.5150 tsec 1.8320
#GCMRL#  456 dt  19.200000 rms  0.504  0.024% neg 0  invalid 762 tFOTS 0.0000 tGradient 1.4550 tsec 1.7710
#GCMRL#  457 dt  19.200000 rms  0.504  0.027% neg 0  invalid 762 tFOTS 0.0000 tGradient 1.4780 tsec 1.8180
#GCMRL#  458 dt  19.200000 rms  0.504  0.026% neg 0  invalid 762 tFOTS 0.0000 tGradient 1.4390 tsec 1.7370
#GCMRL#  459 dt  19.200000 rms  0.504  0.028% neg 0  invalid 762 tFOTS 0.0000 tGradient 1.4750 tsec 1.7720
#GCMRL#  460 dt  19.200000 rms  0.504  0.017% neg 0  invalid 762 tFOTS 0.0000 tGradient 1.4620 tsec 1.7560
#GCMRL#  461 dt  19.200000 rms  0.504  0.018% neg 0  invalid 762 tFOTS 0.0000 tGradient 1.4780 tsec 1.7780
#GCMRL#  462 dt  19.200000 rms  0.503  0.023% neg 0  invalid 762 tFOTS 0.0000 tGradient 1.4640 tsec 1.7610
#GCMRL#  463 dt  19.200000 rms  0.503  0.024% neg 0  invalid 762 tFOTS 0.0000 tGradient 1.4680 tsec 1.7650
#GCMRL#  464 dt  19.200000 rms  0.503  0.020% neg 0  invalid 762 tFOTS 0.0000 tGradient 1.4780 tsec 1.8050
#FOTS# QuadFit found better minimum quadopt=(dt=19.2,rms=0.503156) vs oldopt=(dt=32,rms=0.503158)
#GCMRL#  465 dt  19.200000 rms  0.503  0.000% neg 0  invalid 762 tFOTS 3.9470 tGradient 1.4860 tsec 5.7970
setting smoothness cost coefficient to 0.400

#GCAMreg# pass 0 level1 2 level2 0 tsec 0 sigma 2
l_jacobian=1.00 l_label=1.00 l_log_likelihood=0.20 l_smoothness=0.40 
tol=5.00e-02, dt=5.00e-02, exp_k=20.0, momentum=0.90, levels=6, niter=500, lbl_dist=10.00, avgs=4, sigma=2.0,type=2, relabel=0, neg=no

blurring input image with Gaussian with sigma=2.000...
GCAMRegisterLevel(): init RMS 0.534954
#GCMRL#  467 dt   0.000000 rms  0.534  0.144% neg 0  invalid 762 tFOTS 4.4520 tGradient 1.5050 tsec 6.3190
#GCMRL#  468 dt   0.150000 rms  0.534  0.000% neg 0  invalid 762 tFOTS 4.1590 tGradient 1.4840 tsec 6.2130

#GCAMreg# pass 0 level1 2 level2 1 tsec 23.522 sigma 0.5
l_jacobian=1.00 l_label=1.00 l_log_likelihood=0.20 l_smoothness=0.40 
tol=5.00e-02, dt=5.00e-02, exp_k=20.0, momentum=0.90, levels=6, niter=500, lbl_dist=10.00, avgs=4, sigma=0.5,type=2, relabel=0, neg=no

blurring input image with Gaussian with sigma=0.500...
GCAMRegisterLevel(): init RMS 0.534954
#GCMRL#  470 dt   0.000000 rms  0.534  0.144% neg 0  invalid 762 tFOTS 3.9760 tGradient 1.4150 tsec 5.7320
#GCMRL#  471 dt   0.150000 rms  0.534  0.000% neg 0  invalid 762 tFOTS 4.0460 tGradient 1.4420 tsec 6.0750
setting smoothness cost coefficient to 1.000

#GCAMreg# pass 0 level1 1 level2 0 tsec 0 sigma 2
l_jacobian=1.00 l_label=1.00 l_log_likelihood=0.20 l_smoothness=1.00 
tol=5.00e-02, dt=5.00e-02, exp_k=20.0, momentum=0.90, levels=6, niter=500, lbl_dist=10.00, avgs=1, sigma=2.0,type=2, relabel=0, neg=no

blurring input image with Gaussian with sigma=2.000...
GCAMRegisterLevel(): init RMS 0.595451
#FOTS# QuadFit found better minimum quadopt=(dt=1.536,rms=0.589862) vs oldopt=(dt=1.28,rms=0.589938)
#GCMRL#  473 dt   1.536000 rms  0.590  0.939% neg 0  invalid 762 tFOTS 4.0550 tGradient 1.3510 tsec 5.7490
#FOTS# QuadFit found better minimum quadopt=(dt=0.112,rms=0.58983) vs oldopt=(dt=0.08,rms=0.589835)
#GCMRL#  474 dt   0.112000 rms  0.590  0.000% neg 0  invalid 762 tFOTS 4.0500 tGradient 1.3030 tsec 5.7140
#GCMRL#  475 dt   0.112000 rms  0.590  0.000% neg 0  invalid 762 tFOTS 0.0000 tGradient 1.3060 tsec 1.6120

#GCAMreg# pass 0 level1 1 level2 1 tsec 24.003 sigma 0.5
l_jacobian=1.00 l_label=1.00 l_log_likelihood=0.20 l_smoothness=1.00 
tol=5.00e-02, dt=5.00e-02, exp_k=20.0, momentum=0.90, levels=6, niter=500, lbl_dist=10.00, avgs=1, sigma=0.5,type=2, relabel=0, neg=no

blurring input image with Gaussian with sigma=0.500...
GCAMRegisterLevel(): init RMS 0.590511
#FOTS# QuadFit found better minimum quadopt=(dt=0.384,rms=0.589689) vs oldopt=(dt=0.32,rms=0.589691)
#GCMRL#  477 dt   0.384000 rms  0.590  0.139% neg 0  invalid 762 tFOTS 4.0520 tGradient 1.3170 tsec 5.7160
#FOTS# QuadFit found better minimum quadopt=(dt=0.028,rms=0.589685) vs oldopt=(dt=0.02,rms=0.589685)
#GCMRL#  478 dt   0.028000 rms  0.590  0.000% neg 0  invalid 762 tFOTS 4.0700 tGradient 1.3180 tsec 5.7680
resetting metric properties...
setting smoothness cost coefficient to 2.000

#GCAMreg# pass 0 level1 0 level2 0 tsec 0 sigma 2
l_jacobian=1.00 l_label=1.00 l_log_likelihood=0.20 l_smoothness=2.00 
tol=5.00e-02, dt=5.00e-02, exp_k=20.0, momentum=0.90, levels=6, niter=500, lbl_dist=10.00, avgs=0, sigma=2.0,type=2, relabel=0, neg=no

blurring input image with Gaussian with sigma=2.000...
GCAMRegisterLevel(): init RMS 0.51617
#FOTS# QuadFit found better minimum quadopt=(dt=0.448,rms=0.50192) vs oldopt=(dt=0.32,rms=0.505589)
#GCMRL#  480 dt   0.448000 rms  0.502  2.761% neg 0  invalid 762 tFOTS 3.7610 tGradient 0.7830 tsec 4.9060
#FOTS# QuadFit found better minimum quadopt=(dt=0.448,rms=0.498614) vs oldopt=(dt=0.32,rms=0.499531)
#GCMRL#  481 dt   0.448000 rms  0.499  0.659% neg 0  invalid 762 tFOTS 3.5650 tGradient 0.8210 tsec 4.6870
#FOTS# QuadFit found better minimum quadopt=(dt=0.448,rms=0.496619) vs oldopt=(dt=0.32,rms=0.497178)
#GCMRL#  482 dt   0.448000 rms  0.497  0.400% neg 0  invalid 762 tFOTS 3.3050 tGradient 0.6720 tsec 4.2660
#FOTS# QuadFit found better minimum quadopt=(dt=0.448,rms=0.495351) vs oldopt=(dt=0.32,rms=0.495702)
#GCMRL#  483 dt   0.448000 rms  0.495  0.255% neg 0  invalid 762 tFOTS 3.3180 tGradient 0.6740 tsec 4.2870
#FOTS# QuadFit found better minimum quadopt=(dt=0.448,rms=0.49441) vs oldopt=(dt=0.32,rms=0.494673)
#GCMRL#  484 dt   0.448000 rms  0.494  0.190% neg 0  invalid 762 tFOTS 3.3460 tGradient 0.6660 tsec 4.3100
#FOTS# QuadFit found better minimum quadopt=(dt=0.448,rms=0.493729) vs oldopt=(dt=0.32,rms=0.493916)
#GCMRL#  485 dt   0.448000 rms  0.494  0.138% neg 0  invalid 762 tFOTS 3.2910 tGradient 0.6210 tsec 4.2080
#FOTS# QuadFit found better minimum quadopt=(dt=0.448,rms=0.493163) vs oldopt=(dt=0.32,rms=0.493317)
#GCMRL#  486 dt   0.448000 rms  0.493  0.115% neg 0  invalid 762 tFOTS 3.5650 tGradient 0.6560 tsec 4.5430
#FOTS# QuadFit found better minimum quadopt=(dt=0.448,rms=0.492732) vs oldopt=(dt=0.32,rms=0.492845)
#GCMRL#  487 dt   0.448000 rms  0.493  0.087% neg 0  invalid 762 tFOTS 3.5280 tGradient 0.6790 tsec 4.5310
#FOTS# QuadFit found better minimum quadopt=(dt=0.448,rms=0.492345) vs oldopt=(dt=0.32,rms=0.492447)
#GCMRL#  488 dt   0.448000 rms  0.492  0.078% neg 0  invalid 762 tFOTS 3.5220 tGradient 0.6390 tsec 4.4570
#FOTS# QuadFit found better minimum quadopt=(dt=0.448,rms=0.492059) vs oldopt=(dt=0.32,rms=0.49213)
#GCMRL#  489 dt   0.448000 rms  0.492  0.058% neg 0  invalid 762 tFOTS 3.5160 tGradient 0.6220 tsec 4.4400
#FOTS# QuadFit found better minimum quadopt=(dt=0.448,rms=0.491775) vs oldopt=(dt=0.32,rms=0.491846)
#GCMRL#  490 dt   0.448000 rms  0.492  0.058% neg 0  invalid 762 tFOTS 3.7840 tGradient 0.6900 tsec 4.8080
#FOTS# QuadFit found better minimum quadopt=(dt=0.448,rms=0.491571) vs oldopt=(dt=0.32,rms=0.491617)
#GCMRL#  491 dt   0.448000 rms  0.492  0.000% neg 0  invalid 762 tFOTS 3.7710 tGradient 0.6700 tsec 4.7930
#GCMRL#  492 dt   0.448000 rms  0.491  0.042% neg 0  invalid 762 tFOTS 0.0000 tGradient 0.6940 tsec 0.9970
#GCMRL#  493 dt   0.448000 rms  0.491  0.070% neg 0  invalid 762 tFOTS 0.0000 tGradient 0.6930 tsec 0.9840
#GCMRL#  494 dt   0.448000 rms  0.491  0.023% neg 0  invalid 762 tFOTS 0.0000 tGradient 0.6720 tsec 1.1490
#GCMRL#  495 dt   0.448000 rms  0.491  0.049% neg 0  invalid 762 tFOTS 0.0000 tGradient 0.7240 tsec 1.0400
#GCMRL#  496 dt   0.224000 rms  0.491  0.013% neg 0  invalid 762 tFOTS 0.0000 tGradient 0.6830 tsec 1.3010
#GCMRL#  497 dt   0.224000 rms  0.491  0.010% neg 0  invalid 762 tFOTS 0.0000 tGradient 0.6640 tsec 1.1470
#FOTS# QuadFit found better minimum quadopt=(dt=0.384,rms=0.490466) vs oldopt=(dt=0.32,rms=0.49048)
#GCMRL#  498 dt   0.384000 rms  0.490  0.018% neg 0  invalid 762 tFOTS 3.7410 tGradient 0.6980 tsec 4.7560
#FOTS# QuadFit found better minimum quadopt=(dt=0.384,rms=0.490399) vs oldopt=(dt=0.32,rms=0.490409)
#GCMRL#  499 dt   0.384000 rms  0.490  0.000% neg 0  invalid 762 tFOTS 3.7420 tGradient 0.6910 tsec 4.7500
#GCMRL#  500 dt   0.384000 rms  0.490  0.012% neg 0  invalid 762 tFOTS 0.0000 tGradient 0.6450 tsec 0.9140
#GCMRL#  501 dt   0.384000 rms  0.490  0.021% neg 0  invalid 762 tFOTS 0.0000 tGradient 0.6360 tsec 0.9110
#GCMRL#  502 dt   0.384000 rms  0.490  0.012% neg 0  invalid 762 tFOTS 0.0000 tGradient 0.6380 tsec 1.0620

#GCAMreg# pass 0 level1 0 level2 1 tsec 83.307 sigma 0.5
l_jacobian=1.00 l_label=1.00 l_log_likelihood=0.20 l_smoothness=2.00 
tol=5.00e-02, dt=5.00e-02, exp_k=20.0, momentum=0.90, levels=6, niter=500, lbl_dist=10.00, avgs=0, sigma=0.5,type=2, relabel=0, neg=no

blurring input image with Gaussian with sigma=0.500...
GCAMRegisterLevel(): init RMS 0.490981
#FOTS# QuadFit found better minimum quadopt=(dt=0.384,rms=0.487768) vs oldopt=(dt=0.32,rms=0.488132)
#GCMRL#  504 dt   0.384000 rms  0.488  0.654% neg 0  invalid 762 tFOTS 3.6450 tGradient 0.6930 tsec 4.6660
#FOTS# QuadFit found better minimum quadopt=(dt=0.384,rms=0.487238) vs oldopt=(dt=0.32,rms=0.487319)
#GCMRL#  505 dt   0.384000 rms  0.487  0.109% neg 0  invalid 762 tFOTS 3.7270 tGradient 0.6780 tsec 4.7300
#FOTS# QuadFit found better minimum quadopt=(dt=0.384,rms=0.487051) vs oldopt=(dt=0.32,rms=0.487076)
#GCMRL#  506 dt   0.384000 rms  0.487  0.000% neg 0  invalid 762 tFOTS 3.8840 tGradient 0.6410 tsec 4.8680
#GCMRL#  507 dt   0.384000 rms  0.487  0.015% neg 0  invalid 762 tFOTS 0.0000 tGradient 0.6890 tsec 0.9910
#GCMRL#  508 dt   0.384000 rms  0.487  0.024% neg 0  invalid 762 tFOTS 0.0000 tGradient 0.6960 tsec 0.9870
#GCMRL#  509 dt   0.192000 rms  0.487  0.003% neg 0  invalid 762 tFOTS 0.0000 tGradient 0.6570 tsec 1.2690
#GCMRL#  510 dt   0.192000 rms  0.487  0.005% neg 0  invalid 762 tFOTS 0.0000 tGradient 0.6790 tsec 0.9820
#GCMRL#  511 dt   0.192000 rms  0.487  0.007% neg 0  invalid 762 tFOTS 0.0000 tGradient 0.6830 tsec 0.9730
#GCMRL#  512 dt   0.192000 rms  0.487  0.009% neg 0  invalid 762 tFOTS 0.0000 tGradient 0.6510 tsec 0.9380
#GCMRL#  513 dt   0.192000 rms  0.487  0.009% neg 0  invalid 762 tFOTS 0.0000 tGradient 0.7210 tsec 0.9930
#GCMRL#  514 dt   0.192000 rms  0.487  0.009% neg 0  invalid 762 tFOTS 0.0000 tGradient 0.7100 tsec 1.0150
#FOTS# QuadFit found better minimum quadopt=(dt=0.384,rms=0.486612) vs oldopt=(dt=0.32,rms=0.486615)
GCAMregister done in 24.7021 min
********************* ALLOWING NEGATIVE NODES IN DEFORMATION********************************
noneg post
Starting GCAMregister()
label assignment complete, 0 changed (0.00%)
npasses = 1, nlevels = 6
#pass# 1 of 1 ************************
enabling zero nodes
setting smoothness cost coefficient to 0.008

#GCAMreg# pass 0 level1 5 level2 0 tsec 0 sigma 2
l_jacobian=1.00 l_label=1.00 l_log_likelihood=0.20 l_smoothness=0.01 
tol=2.50e-01, dt=5.00e-02, exp_k=20.0, momentum=0.90, levels=6, niter=500, lbl_dist=10.00, avgs=256, sigma=2.0,type=2, relabel=0, neg=yes

blurring input image with Gaussian with sigma=2.000...
GCAMRegisterLevel(): init RMS 0.485117
#GCMRL#  516 dt   0.000000 rms  0.484  0.172% neg 0  invalid 762 tFOTS 4.3650 tGradient 1.7230 tsec 6.4260

#GCAMreg# pass 0 level1 5 level2 1 tsec 21.938 sigma 0.5
l_jacobian=1.00 l_label=1.00 l_log_likelihood=0.20 l_smoothness=0.01 
tol=2.50e-01, dt=5.00e-02, exp_k=20.0, momentum=0.90, levels=6, niter=500, lbl_dist=10.00, avgs=256, sigma=0.5,type=2, relabel=0, neg=yes

blurring input image with Gaussian with sigma=0.500...
GCAMRegisterLevel(): init RMS 0.485117
#FOTS# QuadFit found better minimum quadopt=(dt=295.936,rms=0.483793) vs oldopt=(dt=369.92,rms=0.483871)
#GCMRL#  518 dt 295.936000 rms  0.484  0.273% neg 0  invalid 762 tFOTS 4.1690 tGradient 1.6010 tsec 6.0570
#GCMRL#  519 dt  92.480000 rms  0.484  0.000% neg 0  invalid 762 tFOTS 4.1150 tGradient 1.6020 tsec 6.0430
#GCMRL#  520 dt  92.480000 rms  0.484  0.018% neg 0  invalid 762 tFOTS 0.0000 tGradient 1.6120 tsec 1.8670
#GCMRL#  521 dt  92.480000 rms  0.484  0.011% neg 0  invalid 762 tFOTS 0.0000 tGradient 1.6860 tsec 1.9310
#GCMRL#  522 dt  92.480000 rms  0.483  0.014% neg 0  invalid 762 tFOTS 0.0000 tGradient 1.7190 tsec 1.9790
#GCMRL#  523 dt  92.480000 rms  0.483  0.014% neg 0  invalid 762 tFOTS 0.0000 tGradient 1.6490 tsec 1.9020
#GCMRL#  524 dt  92.480000 rms  0.483  0.019% neg 0  invalid 762 tFOTS 0.0000 tGradient 1.7070 tsec 1.9610
#GCMRL#  525 dt  92.480000 rms  0.483  0.015% neg 0  invalid 762 tFOTS 0.0000 tGradient 1.6910 tsec 1.9490
#FOTS# QuadFit found better minimum quadopt=(dt=73.984,rms=0.48322) vs oldopt=(dt=92.48,rms=0.48322)
setting smoothness cost coefficient to 0.031

#GCAMreg# pass 0 level1 4 level2 0 tsec 0 sigma 2
l_jacobian=1.00 l_label=1.00 l_log_likelihood=0.20 l_smoothness=0.03 
tol=2.50e-01, dt=5.00e-02, exp_k=20.0, momentum=0.90, levels=6, niter=500, lbl_dist=10.00, avgs=64, sigma=2.0,type=2, relabel=0, neg=yes

blurring input image with Gaussian with sigma=2.000...
GCAMRegisterLevel(): init RMS 0.484089
iter 0, gcam->neg = 1
after 0 iterations, nbhd size=0, neg = 0
#GCMRL#  527 dt  25.920000 rms  0.483  0.198% neg 0  invalid 762 tFOTS 4.2440 tGradient 1.4420 tsec 6.5520
#FOTS# QuadFit found better minimum quadopt=(dt=36.288,rms=0.483032) vs oldopt=(dt=25.92,rms=0.483038)
iter 0, gcam->neg = 1
after 0 iterations, nbhd size=0, neg = 0
#GCMRL#  528 dt  36.288000 rms  0.483  0.000% neg 0  invalid 762 tFOTS 4.5810 tGradient 1.4820 tsec 6.9550
iter 0, gcam->neg = 2
after 1 iterations, nbhd size=0, neg = 0
#GCMRL#  529 dt  36.288000 rms  0.483  0.032% neg 0  invalid 762 tFOTS 0.0000 tGradient 1.4670 tsec 2.5490
#GCMRL#  530 dt  36.288000 rms  0.483  0.027% neg 0  invalid 762 tFOTS 0.0000 tGradient 1.5170 tsec 1.7720
iter 0, gcam->neg = 2
after 0 iterations, nbhd size=0, neg = 0

#GCAMreg# pass 0 level1 4 level2 1 tsec 28.913 sigma 0.5
l_jacobian=1.00 l_label=1.00 l_log_likelihood=0.20 l_smoothness=0.03 
tol=2.50e-01, dt=5.00e-02, exp_k=20.0, momentum=0.90, levels=6, niter=500, lbl_dist=10.00, avgs=64, sigma=0.5,type=2, relabel=0, neg=yes

blurring input image with Gaussian with sigma=0.500...
GCAMRegisterLevel(): init RMS 0.483538
#FOTS# QuadFit found better minimum quadopt=(dt=106.947,rms=0.480202) vs oldopt=(dt=103.68,rms=0.480203)
#GCMRL#  532 dt 106.947368 rms  0.480  0.690% neg 0  invalid 762 tFOTS 4.2320 tGradient 1.5460 tsec 6.0620
#FOTS# QuadFit found better minimum quadopt=(dt=36.288,rms=0.479672) vs oldopt=(dt=25.92,rms=0.479704)
#GCMRL#  533 dt  36.288000 rms  0.480  0.000% neg 0  invalid 762 tFOTS 4.1990 tGradient 1.4200 tsec 5.8950
#GCMRL#  534 dt  36.288000 rms  0.479  0.045% neg 0  invalid 762 tFOTS 0.0000 tGradient 1.4440 tsec 1.6760
iter 0, gcam->neg = 2
after 0 iterations, nbhd size=0, neg = 0
#GCMRL#  535 dt  36.288000 rms  0.479  0.060% neg 0  invalid 762 tFOTS 0.0000 tGradient 1.4570 tsec 2.2840
#GCMRL#  536 dt  36.288000 rms  0.479  0.082% neg 0  invalid 762 tFOTS 0.0000 tGradient 1.4510 tsec 1.7260
iter 0, gcam->neg = 2
after 9 iterations, nbhd size=1, neg = 0
#GCMRL#  537 dt  36.288000 rms  0.478  0.084% neg 0  invalid 762 tFOTS 0.0000 tGradient 1.4590 tsec 4.8480
iter 0, gcam->neg = 2
after 0 iterations, nbhd size=0, neg = 0
#GCMRL#  538 dt  36.288000 rms  0.478  0.108% neg 0  invalid 762 tFOTS 0.0000 tGradient 1.4730 tsec 2.2760
iter 0, gcam->neg = 4
after 11 iterations, nbhd size=1, neg = 0
#GCMRL#  539 dt  36.288000 rms  0.477  0.091% neg 0  invalid 762 tFOTS 0.0000 tGradient 1.4200 tsec 5.3450
iter 0, gcam->neg = 1
after 0 iterations, nbhd size=0, neg = 0
#GCMRL#  540 dt  36.288000 rms  0.477  0.092% neg 0  invalid 762 tFOTS 0.0000 tGradient 1.4730 tsec 2.2990
iter 0, gcam->neg = 1
after 0 iterations, nbhd size=0, neg = 0
#GCMRL#  541 dt  36.288000 rms  0.477  0.081% neg 0  invalid 762 tFOTS 0.0000 tGradient 1.5600 tsec 2.3650
#FOTS# QuadFit found better minimum quadopt=(dt=124.416,rms=0.476512) vs oldopt=(dt=103.68,rms=0.476514)
iter 0, gcam->neg = 2
after 0 iterations, nbhd size=0, neg = 0
setting smoothness cost coefficient to 0.118

#GCAMreg# pass 0 level1 3 level2 0 tsec 0 sigma 2
l_jacobian=1.00 l_label=1.00 l_log_likelihood=0.20 l_smoothness=0.12 
tol=2.50e-01, dt=5.00e-02, exp_k=20.0, momentum=0.90, levels=6, niter=500, lbl_dist=10.00, avgs=16, sigma=2.0,type=2, relabel=0, neg=yes

blurring input image with Gaussian with sigma=2.000...
GCAMRegisterLevel(): init RMS 0.477725
#FOTS# QuadFit found better minimum quadopt=(dt=44.8,rms=0.473897) vs oldopt=(dt=32,rms=0.47421)
iter 0, gcam->neg = 1
after 1 iterations, nbhd size=0, neg = 0
#GCMRL#  543 dt  44.800000 rms  0.474  0.801% neg 0  invalid 762 tFOTS 4.3420 tGradient 1.3780 tsec 6.8860
#FOTS# QuadFit found better minimum quadopt=(dt=86.1392,rms=0.469416) vs oldopt=(dt=128,rms=0.47031)
iter 0, gcam->neg = 5
after 7 iterations, nbhd size=1, neg = 0
#GCMRL#  544 dt  86.139165 rms  0.469  0.929% neg 0  invalid 762 tFOTS 3.9460 tGradient 1.3100 tsec 8.1820
#FOTS# QuadFit found better minimum quadopt=(dt=11.2,rms=0.468482) vs oldopt=(dt=8,rms=0.468707)
#GCMRL#  545 dt  11.200000 rms  0.468  0.000% neg 0  invalid 762 tFOTS 4.4380 tGradient 1.3390 tsec 6.0960
#GCMRL#  546 dt  11.200000 rms  0.468  0.098% neg 0  invalid 762 tFOTS 0.0000 tGradient 1.3330 tsec 1.6020
iter 0, gcam->neg = 4
after 2 iterations, nbhd size=0, neg = 0
#GCMRL#  547 dt  11.200000 rms  0.468  0.035% neg 0  invalid 762 tFOTS 0.0000 tGradient 1.3410 tsec 2.7020
iter 0, gcam->neg = 6
after 4 iterations, nbhd size=0, neg = 0
#GCMRL#  548 dt  11.200000 rms  0.468  0.055% neg 0  invalid 762 tFOTS 0.0000 tGradient 1.2930 tsec 3.2600
iter 0, gcam->neg = 7
after 8 iterations, nbhd size=0, neg = 0
#GCMRL#  549 dt  11.200000 rms  0.467  0.153% neg 0  invalid 762 tFOTS 0.0000 tGradient 1.2810 tsec 4.3340
iter 0, gcam->neg = 12
after 9 iterations, nbhd size=0, neg = 0
#GCMRL#  550 dt  11.200000 rms  0.466  0.224% neg 0  invalid 762 tFOTS 0.0000 tGradient 1.2700 tsec 4.6500
iter 0, gcam->neg = 7
after 5 iterations, nbhd size=0, neg = 0
#GCMRL#  551 dt  11.200000 rms  0.465  0.247% neg 0  invalid 762 tFOTS 0.0000 tGradient 1.2710 tsec 3.5880
iter 0, gcam->neg = 9
after 8 iterations, nbhd size=0, neg = 0
#GCMRL#  552 dt  11.200000 rms  0.464  0.226% neg 0  invalid 762 tFOTS 0.0000 tGradient 1.2820 tsec 4.5470
iter 0, gcam->neg = 20
after 8 iterations, nbhd size=0, neg = 0
#GCMRL#  553 dt  11.200000 rms  0.463  0.171% neg 0  invalid 762 tFOTS 0.0000 tGradient 1.2960 tsec 4.5310
iter 0, gcam->neg = 36
after 7 iterations, nbhd size=0, neg = 0
#GCMRL#  554 dt  11.200000 rms  0.462  0.145% neg 0  invalid 762 tFOTS 0.0000 tGradient 1.2990 tsec 4.0850
iter 0, gcam->neg = 47
after 15 iterations, nbhd size=1, neg = 0
#GCMRL#  555 dt  11.200000 rms  0.462  0.099% neg 0  invalid 762 tFOTS 0.0000 tGradient 1.2770 tsec 6.3710
iter 0, gcam->neg = 77
after 7 iterations, nbhd size=0, neg = 0
#GCMRL#  556 dt  11.200000 rms  0.461  0.056% neg 0  invalid 762 tFOTS 0.0000 tGradient 1.2540 tsec 4.1880
#GCMRL#  557 dt  32.000000 rms  0.461  0.076% neg 0  invalid 762 tFOTS 5.0300 tGradient 1.2610 tsec 6.6340
#FOTS# QuadFit found better minimum quadopt=(dt=11.2,rms=0.460885) vs oldopt=(dt=8,rms=0.460924)
#GCMRL#  558 dt  11.200000 rms  0.461  0.000% neg 0  invalid 762 tFOTS 5.0780 tGradient 1.4050 tsec 6.9060
#GCMRL#  559 dt  11.200000 rms  0.461  0.024% neg 0  invalid 762 tFOTS 0.0000 tGradient 1.5010 tsec 1.8090
#GCMRL#  560 dt  11.200000 rms  0.461  0.027% neg 0  invalid 762 tFOTS 0.0000 tGradient 1.4270 tsec 1.7260
iter 0, gcam->neg = 5
after 6 iterations, nbhd size=0, neg = 0
#GCMRL#  561 dt  11.200000 rms  0.460  0.043% neg 0  invalid 762 tFOTS 0.0000 tGradient 1.5120 tsec 4.4220
iter 0, gcam->neg = 10
after 5 iterations, nbhd size=0, neg = 0
#GCMRL#  562 dt  11.200000 rms  0.460  0.035% neg 0  invalid 762 tFOTS 0.0000 tGradient 1.5550 tsec 3.9090
iter 0, gcam->neg = 15
after 8 iterations, nbhd size=0, neg = 0
#GCMRL#  563 dt  11.200000 rms  0.460  0.040% neg 0  invalid 762 tFOTS 0.0000 tGradient 1.4240 tsec 4.7530
iter 0, gcam->neg = 14
after 8 iterations, nbhd size=0, neg = 0
#GCMRL#  564 dt  11.200000 rms  0.460  0.051% neg 0  invalid 762 tFOTS 0.0000 tGradient 1.5410 tsec 4.8030
iter 0, gcam->neg = 15
after 3 iterations, nbhd size=0, neg = 0

#GCAMreg# pass 0 level1 3 level2 1 tsec 112.175 sigma 0.5
l_jacobian=1.00 l_label=1.00 l_log_likelihood=0.20 l_smoothness=0.12 
tol=2.50e-01, dt=5.00e-02, exp_k=20.0, momentum=0.90, levels=6, niter=500, lbl_dist=10.00, avgs=16, sigma=0.5,type=2, relabel=0, neg=yes

blurring input image with Gaussian with sigma=0.500...
GCAMRegisterLevel(): init RMS 0.460537
#FOTS# QuadFit found better minimum quadopt=(dt=44.8,rms=0.456918) vs oldopt=(dt=32,rms=0.457227)
#GCMRL#  566 dt  44.800000 rms  0.457  0.786% neg 0  invalid 762 tFOTS 5.3880 tGradient 1.4290 tsec 7.1750
#FOTS# QuadFit found better minimum quadopt=(dt=24.2162,rms=0.456123) vs oldopt=(dt=32,rms=0.456256)
iter 0, gcam->neg = 1
after 4 iterations, nbhd size=0, neg = 0
#GCMRL#  567 dt  24.216216 rms  0.456  0.000% neg 0  invalid 762 tFOTS 5.2300 tGradient 1.5090 tsec 9.1250
#GCMRL#  568 dt  24.216216 rms  0.456  0.103% neg 0  invalid 762 tFOTS 0.0000 tGradient 1.5220 tsec 1.8310
iter 0, gcam->neg = 1
after 1 iterations, nbhd size=0, neg = 0
#GCMRL#  569 dt  24.216216 rms  0.455  0.168% neg 0  invalid 762 tFOTS 0.0000 tGradient 1.3640 tsec 2.6110
iter 0, gcam->neg = 6
after 4 iterations, nbhd size=0, neg = 0
#GCMRL#  570 dt  24.216216 rms  0.454  0.134% neg 0  invalid 762 tFOTS 0.0000 tGradient 1.3260 tsec 3.3200
iter 0, gcam->neg = 6
after 2 iterations, nbhd size=0, neg = 0
#GCMRL#  571 dt  24.216216 rms  0.454  0.112% neg 0  invalid 762 tFOTS 0.0000 tGradient 1.3120 tsec 2.7320
iter 0, gcam->neg = 21
after 8 iterations, nbhd size=0, neg = 0
#GCMRL#  572 dt  24.216216 rms  0.453  0.079% neg 0  invalid 762 tFOTS 0.0000 tGradient 1.3060 tsec 4.3600
#FOTS# QuadFit found better minimum quadopt=(dt=11.2,rms=0.453119) vs oldopt=(dt=8,rms=0.453168)
iter 0, gcam->neg = 1
after 1 iterations, nbhd size=0, neg = 0
#GCMRL#  573 dt  11.200000 rms  0.453  0.000% neg 0  invalid 762 tFOTS 4.6150 tGradient 1.3090 tsec 7.1900
#GCMRL#  574 dt  11.200000 rms  0.453  0.020% neg 0  invalid 762 tFOTS 0.0000 tGradient 1.4180 tsec 1.7130
#GCMRL#  575 dt  11.200000 rms  0.453  0.025% neg 0  invalid 762 tFOTS 0.0000 tGradient 1.3320 tsec 1.6230
#GCMRL#  576 dt  11.200000 rms  0.453  0.029% neg 0  invalid 762 tFOTS 0.0000 tGradient 1.3780 tsec 1.6730
#GCMRL#  577 dt  11.200000 rms  0.453  0.027% neg 0  invalid 762 tFOTS 0.0000 tGradient 1.3190 tsec 1.6170
setting smoothness cost coefficient to 0.400

#GCAMreg# pass 0 level1 2 level2 0 tsec 0 sigma 2
l_jacobian=1.00 l_label=1.00 l_log_likelihood=0.20 l_smoothness=0.40 
tol=2.50e-01, dt=5.00e-02, exp_k=20.0, momentum=0.90, levels=6, niter=500, lbl_dist=10.00, avgs=4, sigma=2.0,type=2, relabel=0, neg=yes

blurring input image with Gaussian with sigma=2.000...
GCAMRegisterLevel(): init RMS 0.459241
#FOTS# QuadFit found better minimum quadopt=(dt=1.008,rms=0.458351) vs oldopt=(dt=0.72,rms=0.458355)
#GCMRL#  579 dt   1.008000 rms  0.458  0.194% neg 0  invalid 762 tFOTS 5.6220 tGradient 1.3730 tsec 7.3590
#GCMRL#  580 dt   0.720000 rms  0.458  0.000% neg 0  invalid 762 tFOTS 5.5140 tGradient 1.4770 tsec 7.4080
#GCMRL#  581 dt   0.720000 rms  0.458  0.001% neg 0  invalid 762 tFOTS 0.0000 tGradient 1.2680 tsec 1.5870

#GCAMreg# pass 0 level1 2 level2 1 tsec 28.27 sigma 0.5
l_jacobian=1.00 l_label=1.00 l_log_likelihood=0.20 l_smoothness=0.40 
tol=2.50e-01, dt=5.00e-02, exp_k=20.0, momentum=0.90, levels=6, niter=500, lbl_dist=10.00, avgs=4, sigma=0.5,type=2, relabel=0, neg=yes

blurring input image with Gaussian with sigma=0.500...
GCAMRegisterLevel(): init RMS 0.459195
#FOTS# QuadFit found better minimum quadopt=(dt=4.032,rms=0.458164) vs oldopt=(dt=2.88,rms=0.458176)
#GCMRL#  583 dt   4.032000 rms  0.458  0.224% neg 0  invalid 762 tFOTS 5.1300 tGradient 1.3690 tsec 6.7980
#FOTS# QuadFit found better minimum quadopt=(dt=4.032,rms=0.458038) vs oldopt=(dt=2.88,rms=0.458051)
iter 0, gcam->neg = 1
after 1 iterations, nbhd size=0, neg = 0
#GCMRL#  584 dt   4.032000 rms  0.458  0.000% neg 0  invalid 762 tFOTS 4.9730 tGradient 1.3000 tsec 7.6410
#GCMRL#  585 dt   4.032000 rms  0.458  0.033% neg 0  invalid 762 tFOTS 0.0000 tGradient 1.3820 tsec 1.6770
#GCMRL#  586 dt   4.032000 rms  0.458  0.018% neg 0  invalid 762 tFOTS 0.0000 tGradient 1.2210 tsec 1.4900
iter 0, gcam->neg = 4
after 3 iterations, nbhd size=0, neg = 0
setting smoothness cost coefficient to 1.000

#GCAMreg# pass 0 level1 1 level2 0 tsec 0 sigma 2
l_jacobian=1.00 l_label=1.00 l_log_likelihood=0.20 l_smoothness=1.00 
tol=2.50e-01, dt=5.00e-02, exp_k=20.0, momentum=0.90, levels=6, niter=500, lbl_dist=10.00, avgs=1, sigma=2.0,type=2, relabel=0, neg=yes

blurring input image with Gaussian with sigma=2.000...
GCAMRegisterLevel(): init RMS 0.465518
#GCMRL#  588 dt   0.000000 rms  0.465  0.180% neg 0  invalid 762 tFOTS 4.4180 tGradient 1.1540 tsec 5.8800

#GCAMreg# pass 0 level1 1 level2 1 tsec 20.461 sigma 0.5
l_jacobian=1.00 l_label=1.00 l_log_likelihood=0.20 l_smoothness=1.00 
tol=2.50e-01, dt=5.00e-02, exp_k=20.0, momentum=0.90, levels=6, niter=500, lbl_dist=10.00, avgs=1, sigma=0.5,type=2, relabel=0, neg=yes

blurring input image with Gaussian with sigma=0.500...
GCAMRegisterLevel(): init RMS 0.465518
#GCMRL#  590 dt   0.000000 rms  0.465  0.180% neg 0  invalid 762 tFOTS 4.1860 tGradient 1.0670 tsec 5.5590
resetting metric properties...
setting smoothness cost coefficient to 2.000

#GCAMreg# pass 0 level1 0 level2 0 tsec 0 sigma 2
l_jacobian=1.00 l_label=1.00 l_log_likelihood=0.20 l_smoothness=2.00 
tol=2.50e-01, dt=5.00e-02, exp_k=20.0, momentum=0.90, levels=6, niter=500, lbl_dist=10.00, avgs=0, sigma=2.0,type=2, relabel=0, neg=yes

blurring input image with Gaussian with sigma=2.000...
GCAMRegisterLevel(): init RMS 0.454039
#FOTS# QuadFit found better minimum quadopt=(dt=1.9189,rms=0.427054) vs oldopt=(dt=1.28,rms=0.430166)
iter 0, gcam->neg = 959
after 14 iterations, nbhd size=1, neg = 0
#GCMRL#  592 dt   1.918905 rms  0.427  5.963% neg 0  invalid 762 tFOTS 4.4290 tGradient 0.6710 tsec 10.3330
#GCMRL#  593 dt   0.000013 rms  0.427  0.000% neg 0  invalid 762 tFOTS 5.9320 tGradient 0.7300 tsec 7.0150

#GCAMreg# pass 0 level1 0 level2 1 tsec 27.612 sigma 0.5
l_jacobian=1.00 l_label=1.00 l_log_likelihood=0.20 l_smoothness=2.00 
tol=2.50e-01, dt=5.00e-02, exp_k=20.0, momentum=0.90, levels=6, niter=500, lbl_dist=10.00, avgs=0, sigma=0.5,type=2, relabel=0, neg=yes

blurring input image with Gaussian with sigma=0.500...
GCAMRegisterLevel(): init RMS 0.427944
#FOTS# QuadFit found better minimum quadopt=(dt=0.048,rms=0.426835) vs oldopt=(dt=0.08,rms=0.426865)
#GCMRL#  595 dt   0.048000 rms  0.427  0.259% neg 0  invalid 762 tFOTS 4.7250 tGradient 0.7450 tsec 5.8040
#GCMRL#  596 dt   0.001250 rms  0.427  0.000% neg 0  invalid 762 tFOTS 4.2120 tGradient 0.6770 tsec 5.4040
#GCMRL#  597 dt   0.001250 rms  0.427  0.000% neg 0  invalid 762 tFOTS 0.0000 tGradient 0.6920 tsec 1.0020
#GCMRL#  598 dt   0.001250 rms  0.427  0.000% neg 0  invalid 762 tFOTS 0.0000 tGradient 0.7340 tsec 1.0340
label assignment complete, 0 changed (0.00%)
GCAMregister done in 6.84173 min
Starting GCAMcomputeMaxPriorLabels()
Morphing with label term set to 0 *******************************
Starting GCAMregister()
label assignment complete, 0 changed (0.00%)
npasses = 1, nlevels = 6
#pass# 1 of 1 ************************
enabling zero nodes
setting smoothness cost coefficient to 0.008

#GCAMreg# pass 0 level1 5 level2 0 tsec 0 sigma 2
l_jacobian=1.00 l_log_likelihood=0.20 l_smoothness=0.01 
tol=2.50e-01, dt=5.00e-02, exp_k=20.0, momentum=0.90, levels=6, niter=500, lbl_dist=10.00, avgs=256, sigma=2.0,type=2, relabel=0, neg=yes

blurring input image with Gaussian with sigma=2.000...
GCAMRegisterLevel(): init RMS 0.413904

#GCAMreg# pass 0 level1 5 level2 1 tsec 14.444 sigma 0.5
l_jacobian=1.00 l_log_likelihood=0.20 l_smoothness=0.01 
tol=2.50e-01, dt=5.00e-02, exp_k=20.0, momentum=0.90, levels=6, niter=500, lbl_dist=10.00, avgs=256, sigma=0.5,type=2, relabel=0, neg=yes

blurring input image with Gaussian with sigma=0.500...
GCAMRegisterLevel(): init RMS 0.413904
#FOTS# QuadFit found better minimum quadopt=(dt=1.156,rms=0.413904) vs oldopt=(dt=1.445,rms=0.413904)
#GCMRL#  601 dt   1.156000 rms  0.414  0.000% neg 0  invalid 762 tFOTS 3.9100 tGradient 1.5980 tsec 5.7930
setting smoothness cost coefficient to 0.031

#GCAMreg# pass 0 level1 4 level2 0 tsec 0 sigma 2
l_jacobian=1.00 l_log_likelihood=0.20 l_smoothness=0.03 
tol=2.50e-01, dt=5.00e-02, exp_k=20.0, momentum=0.90, levels=6, niter=500, lbl_dist=10.00, avgs=64, sigma=2.0,type=2, relabel=0, neg=yes

blurring input image with Gaussian with sigma=2.000...
GCAMRegisterLevel(): init RMS 0.414068

#GCAMreg# pass 0 level1 4 level2 1 tsec 13.986 sigma 0.5
l_jacobian=1.00 l_log_likelihood=0.20 l_smoothness=0.03 
tol=2.50e-01, dt=5.00e-02, exp_k=20.0, momentum=0.90, levels=6, niter=500, lbl_dist=10.00, avgs=64, sigma=0.5,type=2, relabel=0, neg=yes

blurring input image with Gaussian with sigma=0.500...
GCAMRegisterLevel(): init RMS 0.414068
#FOTS# QuadFit found better minimum quadopt=(dt=20.736,rms=0.414023) vs oldopt=(dt=25.92,rms=0.414026)
#GCMRL#  604 dt  20.736000 rms  0.414  0.011% neg 0  invalid 762 tFOTS 3.7680 tGradient 1.1140 tsec 5.1740
#FOTS# QuadFit found better minimum quadopt=(dt=9.072,rms=0.414019) vs oldopt=(dt=6.48,rms=0.41402)
#GCMRL#  605 dt   9.072000 rms  0.414  0.000% neg 0  invalid 762 tFOTS 3.9380 tGradient 1.0750 tsec 5.3030
#GCMRL#  606 dt   9.072000 rms  0.414  0.000% neg 0  invalid 762 tFOTS 0.0000 tGradient 1.0720 tsec 1.3240
setting smoothness cost coefficient to 0.118

#GCAMreg# pass 0 level1 3 level2 0 tsec 0 sigma 2
l_jacobian=1.00 l_log_likelihood=0.20 l_smoothness=0.12 
tol=2.50e-01, dt=5.00e-02, exp_k=20.0, momentum=0.90, levels=6, niter=500, lbl_dist=10.00, avgs=16, sigma=2.0,type=2, relabel=0, neg=yes

blurring input image with Gaussian with sigma=2.000...
GCAMRegisterLevel(): init RMS 0.414636
#FOTS# QuadFit found better minimum quadopt=(dt=11.2,rms=0.414218) vs oldopt=(dt=8,rms=0.414293)
#GCMRL#  608 dt  11.200000 rms  0.414  0.101% neg 0  invalid 762 tFOTS 4.0130 tGradient 0.9630 tsec 5.2590
#FOTS# QuadFit found better minimum quadopt=(dt=11.2,rms=0.414036) vs oldopt=(dt=8,rms=0.414064)
iter 0, gcam->neg = 3
after 7 iterations, nbhd size=1, neg = 0
#GCMRL#  609 dt  11.200000 rms  0.414  0.000% neg 0  invalid 762 tFOTS 3.8210 tGradient 0.9160 tsec 7.6800
iter 0, gcam->neg = 15
after 7 iterations, nbhd size=1, neg = 0
#GCMRL#  610 dt  11.200000 rms  0.414  0.012% neg 0  invalid 762 tFOTS 0.0000 tGradient 0.8750 tsec 3.6980
iter 0, gcam->neg = 16
after 9 iterations, nbhd size=1, neg = 0

#GCAMreg# pass 0 level1 3 level2 1 tsec 29.797 sigma 0.5
l_jacobian=1.00 l_log_likelihood=0.20 l_smoothness=0.12 
tol=2.50e-01, dt=5.00e-02, exp_k=20.0, momentum=0.90, levels=6, niter=500, lbl_dist=10.00, avgs=16, sigma=0.5,type=2, relabel=0, neg=yes

blurring input image with Gaussian with sigma=0.500...
GCAMRegisterLevel(): init RMS 0.414031
#FOTS# QuadFit found better minimum quadopt=(dt=44.8,rms=0.411929) vs oldopt=(dt=32,rms=0.412156)
iter 0, gcam->neg = 8
after 3 iterations, nbhd size=0, neg = 0
#GCMRL#  612 dt  44.800000 rms  0.412  0.506% neg 0  invalid 762 tFOTS 3.8640 tGradient 0.8900 tsec 6.4910
#FOTS# QuadFit found better minimum quadopt=(dt=25.6,rms=0.411316) vs oldopt=(dt=32,rms=0.41134)
iter 0, gcam->neg = 4
after 13 iterations, nbhd size=1, neg = 0
#GCMRL#  613 dt  25.600000 rms  0.411  0.000% neg 0  invalid 762 tFOTS 3.8350 tGradient 0.9010 tsec 9.3550
iter 0, gcam->neg = 5
after 2 iterations, nbhd size=0, neg = 0
#GCMRL#  614 dt  25.600000 rms  0.411  0.117% neg 0  invalid 762 tFOTS 0.0000 tGradient 0.9050 tsec 2.3040
iter 0, gcam->neg = 13
after 5 iterations, nbhd size=0, neg = 0
#GCMRL#  615 dt  25.600000 rms  0.410  0.145% neg 0  invalid 762 tFOTS 0.0000 tGradient 0.8680 tsec 3.1310
iter 0, gcam->neg = 9
after 1 iterations, nbhd size=0, neg = 0
#GCMRL#  616 dt  25.600000 rms  0.410  0.163% neg 0  invalid 762 tFOTS 0.0000 tGradient 0.9510 tsec 2.0280
iter 0, gcam->neg = 16
after 3 iterations, nbhd size=0, neg = 0
#GCMRL#  617 dt  25.600000 rms  0.409  0.136% neg 0  invalid 762 tFOTS 0.0000 tGradient 0.8690 tsec 2.5090
iter 0, gcam->neg = 11
after 1 iterations, nbhd size=0, neg = 0
#GCMRL#  618 dt  25.600000 rms  0.408  0.149% neg 0  invalid 762 tFOTS 0.0000 tGradient 0.8760 tsec 2.0320
iter 0, gcam->neg = 18
after 16 iterations, nbhd size=1, neg = 0
#GCMRL#  619 dt  25.600000 rms  0.408  0.060% neg 0  invalid 762 tFOTS 0.0000 tGradient 0.9050 tsec 6.8390
iter 0, gcam->neg = 12
after 3 iterations, nbhd size=0, neg = 0
#GCMRL#  620 dt  25.600000 rms  0.408  0.120% neg 0  invalid 762 tFOTS 0.0000 tGradient 1.0720 tsec 2.8130
iter 0, gcam->neg = 22
after 18 iterations, nbhd size=2, neg = 0
#GCMRL#  621 dt  25.600000 rms  0.408  0.041% neg 0  invalid 762 tFOTS 0.0000 tGradient 1.0340 tsec 7.2390
#FOTS# QuadFit found better minimum quadopt=(dt=44.8,rms=0.407287) vs oldopt=(dt=32,rms=0.407309)
iter 0, gcam->neg = 11
after 13 iterations, nbhd size=1, neg = 0
#GCMRL#  622 dt  44.800000 rms  0.407  0.042% neg 0  invalid 762 tFOTS 4.0450 tGradient 0.9030 tsec 9.8310
#FOTS# QuadFit found better minimum quadopt=(dt=19.2,rms=0.407246) vs oldopt=(dt=32,rms=0.40728)
iter 0, gcam->neg = 3
after 0 iterations, nbhd size=0, neg = 0
#GCMRL#  623 dt  19.200000 rms  0.407  0.000% neg 0  invalid 762 tFOTS 4.1630 tGradient 0.9050 tsec 6.0010
iter 0, gcam->neg = 1
after 1 iterations, nbhd size=0, neg = 0
#GCMRL#  624 dt  19.200000 rms  0.407  0.018% neg 0  invalid 762 tFOTS 0.0000 tGradient 0.9220 tsec 2.0280
iter 0, gcam->neg = 2
after 0 iterations, nbhd size=0, neg = 0
#GCMRL#  625 dt  19.200000 rms  0.407  0.026% neg 0  invalid 762 tFOTS 0.0000 tGradient 0.9090 tsec 1.7510
iter 0, gcam->neg = 3
after 1 iterations, nbhd size=0, neg = 0
#GCMRL#  626 dt  19.200000 rms  0.407  0.024% neg 0  invalid 762 tFOTS 0.0000 tGradient 0.9150 tsec 2.0280
iter 0, gcam->neg = 5
after 1 iterations, nbhd size=0, neg = 0
setting smoothness cost coefficient to 0.400

#GCAMreg# pass 0 level1 2 level2 0 tsec 0 sigma 2
l_jacobian=1.00 l_log_likelihood=0.20 l_smoothness=0.40 
tol=2.50e-01, dt=5.00e-02, exp_k=20.0, momentum=0.90, levels=6, niter=500, lbl_dist=10.00, avgs=4, sigma=2.0,type=2, relabel=0, neg=yes

blurring input image with Gaussian with sigma=2.000...
GCAMRegisterLevel(): init RMS 0.411148
#FOTS# QuadFit found better minimum quadopt=(dt=3.33333,rms=0.41102) vs oldopt=(dt=2.88,rms=0.411022)
iter 0, gcam->neg = 2
after 0 iterations, nbhd size=0, neg = 0
#GCMRL#  628 dt   3.333333 rms  0.411  0.029% neg 0  invalid 762 tFOTS 4.3170 tGradient 0.8720 tsec 6.1580
#FOTS# QuadFit found better minimum quadopt=(dt=1.008,rms=0.411012) vs oldopt=(dt=0.72,rms=0.411016)
iter 0, gcam->neg = 2
after 0 iterations, nbhd size=0, neg = 0
#GCMRL#  629 dt   1.008000 rms  0.411  0.000% neg 0  invalid 762 tFOTS 4.0890 tGradient 0.7950 tsec 5.8390
iter 0, gcam->neg = 3
after 4 iterations, nbhd size=0, neg = 0

#GCAMreg# pass 0 level1 2 level2 1 tsec 23.88 sigma 0.5
l_jacobian=1.00 l_log_likelihood=0.20 l_smoothness=0.40 
tol=2.50e-01, dt=5.00e-02, exp_k=20.0, momentum=0.90, levels=6, niter=500, lbl_dist=10.00, avgs=4, sigma=0.5,type=2, relabel=0, neg=yes

blurring input image with Gaussian with sigma=0.500...
GCAMRegisterLevel(): init RMS 0.411013
#FOTS# QuadFit found better minimum quadopt=(dt=13.8082,rms=0.410191) vs oldopt=(dt=11.52,rms=0.410213)
iter 0, gcam->neg = 16
after 10 iterations, nbhd size=1, neg = 0
#GCMRL#  631 dt  13.808219 rms  0.410  0.197% neg 0  invalid 762 tFOTS 4.1180 tGradient 0.8610 tsec 9.0640
#FOTS# QuadFit found better minimum quadopt=(dt=33.635,rms=0.408733) vs oldopt=(dt=46.08,rms=0.408971)
iter 0, gcam->neg = 78
after 14 iterations, nbhd size=1, neg = 0
#GCMRL#  632 dt  33.635036 rms  0.409  0.354% neg 0  invalid 762 tFOTS 4.2190 tGradient 0.8330 tsec 10.4800
#FOTS# QuadFit found better minimum quadopt=(dt=9.73585,rms=0.408258) vs oldopt=(dt=11.52,rms=0.408279)
iter 0, gcam->neg = 19
after 12 iterations, nbhd size=1, neg = 0
#GCMRL#  633 dt   9.735849 rms  0.408  0.000% neg 0  invalid 762 tFOTS 4.1930 tGradient 0.8830 tsec 9.8090
iter 0, gcam->neg = 6
after 5 iterations, nbhd size=0, neg = 0
#GCMRL#  634 dt   9.735849 rms  0.408  0.090% neg 0  invalid 762 tFOTS 0.0000 tGradient 0.8430 tsec 3.1160
iter 0, gcam->neg = 21
after 6 iterations, nbhd size=0, neg = 0
#GCMRL#  635 dt   9.735849 rms  0.408  0.100% neg 0  invalid 762 tFOTS 0.0000 tGradient 0.8590 tsec 3.5310
iter 0, gcam->neg = 46
after 21 iterations, nbhd size=1, neg = 0
#GCMRL#  636 dt   9.735849 rms  0.407  0.067% neg 0  invalid 762 tFOTS 0.0000 tGradient 0.8540 tsec 9.0710
iter 0, gcam->neg = 52
after 17 iterations, nbhd size=1, neg = 0
#GCMRL#  637 dt   9.735849 rms  0.407  0.070% neg 0  invalid 762 tFOTS 0.0000 tGradient 0.9040 tsec 7.2370
iter 0, gcam->neg = 77
after 16 iterations, nbhd size=1, neg = 0
#GCMRL#  638 dt   9.735849 rms  0.407  0.056% neg 0  invalid 762 tFOTS 0.0000 tGradient 0.9260 tsec 6.8170
iter 0, gcam->neg = 22
after 15 iterations, nbhd size=1, neg = 0
setting smoothness cost coefficient to 1.000

#GCAMreg# pass 0 level1 1 level2 0 tsec 0 sigma 2
l_jacobian=1.00 l_log_likelihood=0.20 l_smoothness=1.00 
tol=2.50e-01, dt=5.00e-02, exp_k=20.0, momentum=0.90, levels=6, niter=500, lbl_dist=10.00, avgs=1, sigma=2.0,type=2, relabel=0, neg=yes

blurring input image with Gaussian with sigma=2.000...
GCAMRegisterLevel(): init RMS 0.413087
#GCMRL#  640 dt   0.000050 rms  0.413  0.000% neg 0  invalid 762 tFOTS 5.9350 tGradient 0.7610 tsec 7.0530

#GCAMreg# pass 0 level1 1 level2 1 tsec 22.001 sigma 0.5
l_jacobian=1.00 l_log_likelihood=0.20 l_smoothness=1.00 
tol=2.50e-01, dt=5.00e-02, exp_k=20.0, momentum=0.90, levels=6, niter=500, lbl_dist=10.00, avgs=1, sigma=0.5,type=2, relabel=0, neg=yes

blurring input image with Gaussian with sigma=0.500...
GCAMRegisterLevel(): init RMS 0.413087
resetting metric properties...
setting smoothness cost coefficient to 2.000

#GCAMreg# pass 0 level1 0 level2 0 tsec 0 sigma 2
l_jacobian=1.00 l_log_likelihood=0.20 l_smoothness=2.00 
tol=2.50e-01, dt=5.00e-02, exp_k=20.0, momentum=0.90, levels=6, niter=500, lbl_dist=10.00, avgs=0, sigma=2.0,type=2, relabel=0, neg=yes

blurring input image with Gaussian with sigma=2.000...
GCAMRegisterLevel(): init RMS 0.402201
#FOTS# QuadFit found better minimum quadopt=(dt=1.024,rms=0.393746) vs oldopt=(dt=1.28,rms=0.394454)
iter 0, gcam->neg = 751
after 16 iterations, nbhd size=1, neg = 0
#GCMRL#  643 dt   1.024000 rms  0.395  1.877% neg 0  invalid 762 tFOTS 4.3410 tGradient 0.2770 tsec 10.8500
#FOTS# QuadFit found better minimum quadopt=(dt=2.73438e-05,rms=0.394652) vs oldopt=(dt=1.95313e-05,rms=0.394652)
#GCMRL#  644 dt   0.000027 rms  0.395  0.000% neg 0  invalid 762 tFOTS 5.3770 tGradient 0.2730 tsec 5.9560

#GCAMreg# pass 0 level1 0 level2 1 tsec 26.462 sigma 0.5
l_jacobian=1.00 l_log_likelihood=0.20 l_smoothness=2.00 
tol=2.50e-01, dt=5.00e-02, exp_k=20.0, momentum=0.90, levels=6, niter=500, lbl_dist=10.00, avgs=0, sigma=0.5,type=2, relabel=0, neg=yes

blurring input image with Gaussian with sigma=0.500...
GCAMRegisterLevel(): init RMS 0.394652
#FOTS# QuadFit found better minimum quadopt=(dt=0.096,rms=0.39448) vs oldopt=(dt=0.08,rms=0.394487)
#GCMRL#  646 dt   0.096000 rms  0.394  0.043% neg 0  invalid 762 tFOTS 4.1710 tGradient 0.2560 tsec 4.7130
#GCMRL#  647 dt   0.080000 rms  0.394  0.000% neg 0  invalid 762 tFOTS 4.2860 tGradient 0.2620 tsec 4.8510
#GCMRL#  648 dt   0.080000 rms  0.394  0.010% neg 0  invalid 762 tFOTS 0.0000 tGradient 0.2540 tsec 0.5210
GCAMregister done in 5.27628 min
writing output transformation to transforms/talairach.m3z...
GCAMwrite
Calls to gcamLogLikelihoodEnergy 4826 tmin = 1.73102
Calls to gcamLabelEnergy         4253 tmin = 1.1517
Calls to gcamJacobianEnergy      4826 tmin = 1.13408
Calls to gcamSmoothnessEnergy    4826 tmin = 4.96198
Calls to gcamLogLikelihoodTerm 650 tmin = 0.592417
Calls to gcamLabelTerm         600 tmin = 6.00238
Calls to gcamJacobianTerm      650 tmin = 1.04095
Calls to gcamSmoothnessTerm    650 tmin = 0.462
Calls to gcamComputeGradient    650 tmin = 17.2917
Calls to gcamComputeMetricProperties    6989 tmin = 3.08957
mri_ca_register took 0 hours, 45 minutes and 55 seconds.
#VMPC# mri_ca_register VmPeak  3118308
FSRUNTIME@ mri_ca_register  0.7653 hours 16 threads
#--------------------------------------
#@# SubCort Seg Thu Mar 12 11:02:13 CET 2026

 mri_ca_label -relabel_unlikely 9 .3 -prior 0.5 -align norm.mgz transforms/talairach.m3z /opt/freesurfer/average/RB_all_2020-01-02.gca aseg.auto_noCCseg.mgz 

sysname  Linux
hostname dna084
machine  x86_64

setenv SUBJECTS_DIR /out/sourcedata/freesurfer
cd /out/sourcedata/freesurfer/sub-v1s11x0050147_ses-1/mri
mri_ca_label -relabel_unlikely 9 .3 -prior 0.5 -align norm.mgz transforms/talairach.m3z /opt/freesurfer/average/RB_all_2020-01-02.gca aseg.auto_noCCseg.mgz 

relabeling unlikely voxels with window_size = 9 and prior threshold 0.30
using Gibbs prior factor = 0.500
renormalizing sequences with structure alignment, equivalent to:
	-renormalize
	-renormalize_mean 0.500
	-regularize 0.500

== Number of threads available to for OpenMP = 16 == 
reading 1 input volumes
reading classifier array from /opt/freesurfer/average/RB_all_2020-01-02.gca
reading input volume from norm.mgz
average std[0] = 7.2
reading transform from transforms/talairach.m3z
setting orig areas to linear transform determinant scaled 6.75
Atlas used for the 3D morph was /opt/freesurfer/average/RB_all_2020-01-02.gca
average std = 7.2   using min determinant for regularization = 5.2
0 singular and 0 ill-conditioned covariance matrices regularized
labeling volume...
renormalizing by structure alignment....
renormalizing input #0
gca peak = 0.15521 (20)
mri peak = 0.14275 ( 6)
Left_Lateral_Ventricle (4): linear fit = 0.23 x + 0.0 (1930 voxels, overlap=0.006)
Left_Lateral_Ventricle (4): linear fit = 0.40 x + 0.0 (1930 voxels, peak =  5), gca=8.0
gca peak = 0.20380 (13)
mri peak = 0.12762 ( 5)
Right_Lateral_Ventricle (43): linear fit = 0.31 x + 0.0 (1468 voxels, overlap=0.008)
Right_Lateral_Ventricle (43): linear fit = 0.40 x + 0.0 (1468 voxels, peak =  4), gca=5.2
gca peak = 0.26283 (96)
mri peak = 0.15567 (94)
Right_Pallidum (52): linear fit = 0.99 x + 0.0 (803 voxels, overlap=1.000)
Right_Pallidum (52): linear fit = 0.99 x + 0.0 (803 voxels, peak = 95), gca=94.6
gca peak = 0.15814 (97)
mri peak = 0.18149 (97)
Left_Pallidum (13): linear fit = 1.02 x + 0.0 (821 voxels, overlap=0.856)
Left_Pallidum (13): linear fit = 1.02 x + 0.0 (821 voxels, peak = 99), gca=99.4
gca peak = 0.27624 (56)
mri peak = 0.14806 (63)
Right_Hippocampus (53): linear fit = 1.09 x + 0.0 (1236 voxels, overlap=0.480)
Right_Hippocampus (53): linear fit = 1.09 x + 0.0 (1236 voxels, peak = 61), gca=60.8
gca peak = 0.28723 (59)
mri peak = 0.12342 (62)
Left_Hippocampus (17): linear fit = 1.04 x + 0.0 (1222 voxels, overlap=0.764)
Left_Hippocampus (17): linear fit = 1.04 x + 0.0 (1222 voxels, peak = 62), gca=61.7
gca peak = 0.07623 (103)
mri peak = 0.11798 (108)
Right_Cerebral_White_Matter (41): linear fit = 1.04 x + 0.0 (32172 voxels, overlap=0.516)
Right_Cerebral_White_Matter (41): linear fit = 1.04 x + 0.0 (32172 voxels, peak = 108), gca=107.6
gca peak = 0.07837 (105)
mri peak = 0.13160 (109)
Left_Cerebral_White_Matter (2): linear fit = 1.05 x + 0.0 (34936 voxels, overlap=0.421)
Left_Cerebral_White_Matter (2): linear fit = 1.05 x + 0.0 (34936 voxels, peak = 111), gca=110.8
gca peak = 0.10165 (58)
mri peak = 0.04838 (56)
Left_Cerebral_Cortex (3): linear fit = 0.96 x + 0.0 (48127 voxels, overlap=0.979)
Left_Cerebral_Cortex (3): linear fit = 0.96 x + 0.0 (48127 voxels, peak = 56), gca=56.0
gca peak = 0.11113 (58)
mri peak = 0.05045 (60)
Right_Cerebral_Cortex (42): linear fit = 1.02 x + 0.0 (49213 voxels, overlap=0.966)
Right_Cerebral_Cortex (42): linear fit = 1.02 x + 0.0 (49213 voxels, peak = 59), gca=59.4
gca peak = 0.27796 (67)
mri peak = 0.14851 (74)
Right_Caudate (50): linear fit = 1.10 x + 0.0 (1239 voxels, overlap=0.422)
Right_Caudate (50): linear fit = 1.10 x + 0.0 (1239 voxels, peak = 73), gca=73.4
gca peak = 0.14473 (69)
mri peak = 0.15260 (74)
Left_Caudate (11): linear fit = 1.02 x + 0.0 (1172 voxels, overlap=0.791)
Left_Caudate (11): linear fit = 1.02 x + 0.0 (1172 voxels, peak = 71), gca=70.7
gca peak = 0.14301 (56)
mri peak = 0.06326 (59)
Left_Cerebellum_Cortex (8): linear fit = 1.04 x + 0.0 (31581 voxels, overlap=0.981)
Left_Cerebellum_Cortex (8): linear fit = 1.04 x + 0.0 (31581 voxels, peak = 59), gca=58.5
gca peak = 0.14610 (55)
mri peak = 0.07014 (60)
Right_Cerebellum_Cortex (47): linear fit = 1.04 x + 0.0 (34285 voxels, overlap=0.949)
Right_Cerebellum_Cortex (47): linear fit = 1.04 x + 0.0 (34285 voxels, peak = 57), gca=57.5
gca peak = 0.16309 (85)
mri peak = 0.13754 (88)
Left_Cerebellum_White_Matter (7): linear fit = 1.04 x + 0.0 (5675 voxels, overlap=0.819)
Left_Cerebellum_White_Matter (7): linear fit = 1.04 x + 0.0 (5675 voxels, peak = 89), gca=88.8
gca peak = 0.15172 (84)
mri peak = 0.09587 (87)
Right_Cerebellum_White_Matter (46): linear fit = 1.03 x + 0.0 (5252 voxels, overlap=0.918)
Right_Cerebellum_White_Matter (46): linear fit = 1.03 x + 0.0 (5252 voxels, peak = 87), gca=86.9
gca peak = 0.30461 (58)
mri peak = 0.15246 (67)
Left_Amygdala (18): linear fit = 1.16 x + 0.0 (718 voxels, overlap=0.041)
Left_Amygdala (18): linear fit = 1.16 x + 0.0 (718 voxels, peak = 68), gca=67.6
gca peak = 0.32293 (57)
mri peak = 0.16066 (67)
Right_Amygdala (54): linear fit = 1.16 x + 0.0 (666 voxels, overlap=0.040)
Right_Amygdala (54): linear fit = 1.16 x + 0.0 (666 voxels, peak = 66), gca=66.4
gca peak = 0.11083 (90)
mri peak = 0.09709 (87)
Left_Thalamus (10): linear fit = 0.99 x + 0.0 (5208 voxels, overlap=1.000)
Left_Thalamus (10): linear fit = 0.99 x + 0.0 (5208 voxels, peak = 89), gca=88.7
gca peak = 0.11393 (83)
mri peak = 0.09578 (87)
Right_Thalamus (49): linear fit = 1.04 x + 0.0 (5076 voxels, overlap=0.979)
Right_Thalamus (49): linear fit = 1.04 x + 0.0 (5076 voxels, peak = 87), gca=86.7
gca peak = 0.08575 (81)
mri peak = 0.13632 (85)
Left_Putamen (12): linear fit = 1.03 x + 0.0 (2607 voxels, overlap=0.651)
Left_Putamen (12): linear fit = 1.03 x + 0.0 (2607 voxels, peak = 84), gca=83.8
gca peak = 0.08618 (78)
mri peak = 0.10764 (81)
Right_Putamen (51): linear fit = 1.02 x + 0.0 (2876 voxels, overlap=0.819)
Right_Putamen (51): linear fit = 1.02 x + 0.0 (2876 voxels, peak = 80), gca=79.9
gca peak = 0.08005 (78)
mri peak = 0.09983 (84)
Brain_Stem (16): linear fit = 1.05 x + 0.0 (12418 voxels, overlap=0.491)
Brain_Stem (16): linear fit = 1.05 x + 0.0 (12418 voxels, peak = 82), gca=82.3
gca peak = 0.12854 (88)
mri peak = 0.07755 (95)
Right_VentralDC (60): linear fit = 1.04 x + 0.0 (1387 voxels, overlap=0.790)
Right_VentralDC (60): linear fit = 1.04 x + 0.0 (1387 voxels, peak = 92), gca=92.0
gca peak = 0.15703 (87)
mri peak = 0.07407 (94)
Left_VentralDC (28): linear fit = 1.07 x + 0.0 (1420 voxels, overlap=0.880)
Left_VentralDC (28): linear fit = 1.07 x + 0.0 (1420 voxels, peak = 93), gca=92.7
gca peak = 0.17522 (25)
mri peak = 1.00000 (16)
gca peak = 0.17113 (14)
mri peak = 0.39099 (10)
Fourth_Ventricle (15): linear fit = 0.57 x + 0.0 (227 voxels, overlap=0.014)
Fourth_Ventricle (15): linear fit = 0.57 x + 0.0 (227 voxels, peak =  8), gca=8.1
gca peak Unknown = 0.94777 ( 0)
gca peak Left_Inf_Lat_Vent = 0.16627 (28)
gca peak Third_Ventricle = 0.17522 (25)
gca peak Fourth_Ventricle = 0.17113 (14)
gca peak CSF = 0.20346 (36)
gca peak Left_Accumbens_area = 0.70646 (62)
gca peak Left_undetermined = 1.00000 (28)
gca peak Left_vessel = 0.89917 (53)
gca peak Left_choroid_plexus = 0.11689 (35)
gca peak Right_Inf_Lat_Vent = 0.25504 (23)
gca peak Right_Accumbens_area = 0.31650 (65)
gca peak Right_vessel = 0.77268 (52)
gca peak Right_choroid_plexus = 0.13275 (38)
gca peak Fifth_Ventricle = 0.60973 (33)
gca peak WM_hypointensities = 0.11013 (77)
gca peak non_WM_hypointensities = 0.11354 (41)
gca peak Optic_Chiasm = 0.51646 (76)
not using caudate to estimate GM means
estimating mean gm scale to be 1.08 x + 0.0
estimating mean wm scale to be 1.05 x + 0.0
estimating mean csf scale to be 0.40 x + 0.0
saving intensity scales to aseg.auto_noCCseg.label_intensities.txt
renormalizing by structure alignment....
renormalizing input #0
gca peak = 0.31706 ( 7)
mri peak = 0.14275 ( 6)
Left_Lateral_Ventricle (4): linear fit = 0.60 x + 0.0 (1930 voxels, overlap=0.767)
Left_Lateral_Ventricle (4): linear fit = 0.60 x + 0.0 (1930 voxels, peak =  4), gca=4.2
gca peak = 0.29334 ( 5)
mri peak = 0.12762 ( 5)
Right_Lateral_Ventricle (43): linear fit = 0.63 x + 0.0 (1468 voxels, overlap=0.864)
Right_Lateral_Ventricle (43): linear fit = 0.63 x + 0.0 (1468 voxels, peak =  3), gca=3.2
gca peak = 0.22768 (92)
mri peak = 0.15567 (94)
Right_Pallidum (52): linear fit = 1.00 x + 0.0 (803 voxels, overlap=0.999)
Right_Pallidum (52): linear fit = 1.00 x + 0.0 (803 voxels, peak = 92), gca=91.5
gca peak = 0.16529 (99)
mri peak = 0.18149 (97)
Left_Pallidum (13): linear fit = 1.00 x + 0.0 (821 voxels, overlap=0.994)
Left_Pallidum (13): linear fit = 1.00 x + 0.0 (821 voxels, peak = 99), gca=99.0
gca peak = 0.27452 (60)
mri peak = 0.14806 (63)
Right_Hippocampus (53): linear fit = 1.02 x + 0.0 (1236 voxels, overlap=1.002)
Right_Hippocampus (53): linear fit = 1.02 x + 0.0 (1236 voxels, peak = 62), gca=61.5
gca peak = 0.33732 (59)
mri peak = 0.12342 (62)
Left_Hippocampus (17): linear fit = 1.00 x + 0.0 (1222 voxels, overlap=1.000)
Left_Hippocampus (17): linear fit = 1.00 x + 0.0 (1222 voxels, peak = 59), gca=59.0
gca peak = 0.07547 (108)
mri peak = 0.11798 (108)
Right_Cerebral_White_Matter (41): linear fit = 1.00 x + 0.0 (32172 voxels, overlap=0.721)
Right_Cerebral_White_Matter (41): linear fit = 1.00 x + 0.0 (32172 voxels, peak = 108), gca=108.0
gca peak = 0.07395 (111)
mri peak = 0.13160 (109)
Left_Cerebral_White_Matter (2): linear fit = 1.00 x + 0.0 (34936 voxels, overlap=0.676)
Left_Cerebral_White_Matter (2): linear fit = 1.00 x + 0.0 (34936 voxels, peak = 111), gca=111.0
gca peak = 0.10512 (56)
mri peak = 0.04838 (56)
Left_Cerebral_Cortex (3): linear fit = 1.02 x + 0.0 (48127 voxels, overlap=0.991)
Left_Cerebral_Cortex (3): linear fit = 1.02 x + 0.0 (48127 voxels, peak = 57), gca=57.4
gca peak = 0.11159 (60)
mri peak = 0.05045 (60)
Right_Cerebral_Cortex (42): linear fit = 0.96 x + 0.0 (49213 voxels, overlap=0.950)
Right_Cerebral_Cortex (42): linear fit = 0.96 x + 0.0 (49213 voxels, peak = 58), gca=57.9
gca peak = 0.22317 (73)
mri peak = 0.14851 (74)
Right_Caudate (50): linear fit = 1.00 x + 0.0 (1239 voxels, overlap=1.002)
Right_Caudate (50): linear fit = 1.00 x + 0.0 (1239 voxels, peak = 73), gca=73.0
gca peak = 0.12692 (70)
mri peak = 0.15260 (74)
Left_Caudate (11): linear fit = 0.96 x + 0.0 (1172 voxels, overlap=0.882)
Left_Caudate (11): linear fit = 0.96 x + 0.0 (1172 voxels, peak = 68), gca=67.5
gca peak = 0.13405 (58)
mri peak = 0.06326 (59)
Left_Cerebellum_Cortex (8): linear fit = 0.99 x + 0.0 (31581 voxels, overlap=0.999)
Left_Cerebellum_Cortex (8): linear fit = 0.99 x + 0.0 (31581 voxels, peak = 57), gca=57.1
gca peak = 0.15509 (58)
mri peak = 0.07014 (60)
Right_Cerebellum_Cortex (47): linear fit = 1.02 x + 0.0 (34285 voxels, overlap=0.988)
Right_Cerebellum_Cortex (47): linear fit = 1.02 x + 0.0 (34285 voxels, peak = 59), gca=59.4
gca peak = 0.15128 (88)
mri peak = 0.13754 (88)
Left_Cerebellum_White_Matter (7): linear fit = 1.00 x + 0.0 (5675 voxels, overlap=0.955)
Left_Cerebellum_White_Matter (7): linear fit = 1.00 x + 0.0 (5675 voxels, peak = 88), gca=88.0
gca peak = 0.14534 (87)
mri peak = 0.09587 (87)
Right_Cerebellum_White_Matter (46): linear fit = 1.00 x + 0.0 (5252 voxels, overlap=0.981)
Right_Cerebellum_White_Matter (46): linear fit = 1.00 x + 0.0 (5252 voxels, peak = 87), gca=87.0
gca peak = 0.20940 (66)
mri peak = 0.15246 (67)
Left_Amygdala (18): linear fit = 1.00 x + 0.0 (718 voxels, overlap=0.935)
Left_Amygdala (18): linear fit = 1.00 x + 0.0 (718 voxels, peak = 66), gca=66.0
gca peak = 0.26232 (67)
mri peak = 0.16066 (67)
Right_Amygdala (54): linear fit = 1.00 x + 0.0 (666 voxels, overlap=0.995)
Right_Amygdala (54): linear fit = 1.00 x + 0.0 (666 voxels, peak = 67), gca=67.0
gca peak = 0.10743 (88)
mri peak = 0.09709 (87)
Left_Thalamus (10): linear fit = 1.01 x + 0.0 (5208 voxels, overlap=0.972)
Left_Thalamus (10): linear fit = 1.01 x + 0.0 (5208 voxels, peak = 89), gca=89.3
gca peak = 0.09538 (86)
mri peak = 0.09578 (87)
Right_Thalamus (49): linear fit = 0.99 x + 0.0 (5076 voxels, overlap=0.949)
Right_Thalamus (49): linear fit = 0.99 x + 0.0 (5076 voxels, peak = 85), gca=84.7
gca peak = 0.08071 (86)
mri peak = 0.13632 (85)
Left_Putamen (12): linear fit = 1.01 x + 0.0 (2607 voxels, overlap=0.777)
Left_Putamen (12): linear fit = 1.01 x + 0.0 (2607 voxels, peak = 87), gca=87.3
gca peak = 0.08450 (82)
mri peak = 0.10764 (81)
Right_Putamen (51): linear fit = 1.01 x + 0.0 (2876 voxels, overlap=0.825)
Right_Putamen (51): linear fit = 1.01 x + 0.0 (2876 voxels, peak = 83), gca=83.2
gca peak = 0.08462 (83)
mri peak = 0.09983 (84)
Brain_Stem (16): linear fit = 1.00 x + 0.0 (12418 voxels, overlap=0.724)
Brain_Stem (16): linear fit = 1.00 x + 0.0 (12418 voxels, peak = 83), gca=82.6
gca peak = 0.11719 (92)
mri peak = 0.07755 (95)
Right_VentralDC (60): linear fit = 1.00 x + 0.0 (1387 voxels, overlap=0.860)
Right_VentralDC (60): linear fit = 1.00 x + 0.0 (1387 voxels, peak = 92), gca=91.5
gca peak = 0.16090 (91)
mri peak = 0.07407 (94)
Left_VentralDC (28): linear fit = 0.98 x + 0.0 (1420 voxels, overlap=0.940)
Left_VentralDC (28): linear fit = 0.98 x + 0.0 (1420 voxels, peak = 89), gca=88.7
gca peak = 0.32031 (10)
mri peak = 1.00000 (16)
gca peak = 0.46125 ( 6)
mri peak = 0.39099 (10)
Fourth_Ventricle (15): linear fit = 1.43 x + 0.0 (227 voxels, overlap=0.817)
Fourth_Ventricle (15): linear fit = 1.43 x + 0.0 (227 voxels, peak =  9), gca=8.6
gca peak Unknown = 0.94777 ( 0)
gca peak Left_Inf_Lat_Vent = 0.17817 (29)
gca peak Third_Ventricle = 0.32031 (10)
gca peak CSF = 0.27891 (15)
gca peak Left_Accumbens_area = 0.56262 (64)
gca peak Left_undetermined = 1.00000 (28)
gca peak Left_vessel = 0.89385 (53)
gca peak Left_choroid_plexus = 0.11689 (35)
gca peak Right_Inf_Lat_Vent = 0.23712 (25)
gca peak Right_Accumbens_area = 0.29157 (71)
gca peak Right_vessel = 0.77268 (52)
gca peak Right_choroid_plexus = 0.13275 (38)
gca peak Fifth_Ventricle = 0.92085 (13)
gca peak WM_hypointensities = 0.11275 (80)
gca peak non_WM_hypointensities = 0.11377 (43)
gca peak Optic_Chiasm = 0.51855 (76)
not using caudate to estimate GM means
estimating mean gm scale to be 1.00 x + 0.0
estimating mean wm scale to be 1.00 x + 0.0
estimating mean csf scale to be 0.89 x + 0.0
saving intensity scales to aseg.auto_noCCseg.label_intensities.txt
saving sequentially combined intensity scales to aseg.auto_noCCseg.label_intensities.txt
38457 voxels changed in iteration 0 of unlikely voxel relabeling
136 voxels changed in iteration 1 of unlikely voxel relabeling
4 voxels changed in iteration 2 of unlikely voxel relabeling
0 voxels changed in iteration 3 of unlikely voxel relabeling
26409 gm and wm labels changed (%26 to gray, %74 to white out of all changed labels)
455 hippocampal voxels changed.
0 amygdala voxels changed.
Reclassifying using Gibbs Priors
pass 1: 55163 changed. image ll: -2.094, PF=0.500
pass 2: 13936 changed. image ll: -2.094, PF=0.500
pass 3: 4714 changed.
22818 voxels changed in iteration 0 of unlikely voxel relabeling
66 voxels changed in iteration 1 of unlikely voxel relabeling
2 voxels changed in iteration 2 of unlikely voxel relabeling
0 voxels changed in iteration 3 of unlikely voxel relabeling
5568 voxels changed in iteration 0 of unlikely voxel relabeling
58 voxels changed in iteration 1 of unlikely voxel relabeling
0 voxels changed in iteration 2 of unlikely voxel relabeling
5590 voxels changed in iteration 0 of unlikely voxel relabeling
54 voxels changed in iteration 1 of unlikely voxel relabeling
0 voxels changed in iteration 2 of unlikely voxel relabeling
4592 voxels changed in iteration 0 of unlikely voxel relabeling
37 voxels changed in iteration 1 of unlikely voxel relabeling
1 voxels changed in iteration 2 of unlikely voxel relabeling
0 voxels changed in iteration 3 of unlikely voxel relabeling
 !!!!!!!!! ventricle segment 0 with volume 8408 above threshold 100 - not erasing !!!!!!!!!!
 !!!!!!!!! ventricle segment 5 with volume 218 above threshold 100 - not erasing !!!!!!!!!!
 !!!!!!!!! ventricle segment 3 with volume 6657 above threshold 100 - not erasing !!!!!!!!!!
 !!!!!!!!! ventricle segment 2 with volume 252 above threshold 100 - not erasing !!!!!!!!!!
writing labeled volume to aseg.auto_noCCseg.mgz
mri_ca_label utimesec    1226.991410
mri_ca_label stimesec    2.943672
mri_ca_label ru_maxrss   2126212
mri_ca_label ru_ixrss    0
mri_ca_label ru_idrss    0
mri_ca_label ru_isrss    0
mri_ca_label ru_minflt   3247036
mri_ca_label ru_majflt   13
mri_ca_label ru_nswap    0
mri_ca_label ru_inblock  1142
mri_ca_label ru_oublock  664
mri_ca_label ru_msgsnd   0
mri_ca_label ru_msgrcv   0
mri_ca_label ru_nsignals 0
mri_ca_label ru_nvcsw    2632
mri_ca_label ru_nivcsw   1826
auto-labeling took 19 minutes and 38 seconds.
#--------------------------------------
#@# CC Seg Thu Mar 12 11:21:51 CET 2026

 mri_cc -aseg aseg.auto_noCCseg.mgz -o aseg.auto.mgz -lta /out/sourcedata/freesurfer/sub-v1s11x0050147_ses-1/mri/transforms/cc_up.lta sub-v1s11x0050147_ses-1 

will read input aseg from aseg.auto_noCCseg.mgz
writing aseg with cc labels to aseg.auto.mgz
will write lta as /out/sourcedata/freesurfer/sub-v1s11x0050147_ses-1/mri/transforms/cc_up.lta
reading aseg from /out/sourcedata/freesurfer/sub-v1s11x0050147_ses-1/mri/aseg.auto_noCCseg.mgz
reading norm from /out/sourcedata/freesurfer/sub-v1s11x0050147_ses-1/mri/norm.mgz
35808 voxels in left wm, 72300 in right wm, xrange [123, 134]
searching rotation angles z=[-10  4], y=[-9  5]
searching scale 1 Z rot -10.2  searching scale 1 Z rot -10.0  searching scale 1 Z rot -9.7  searching scale 1 Z rot -9.5  searching scale 1 Z rot -9.2  searching scale 1 Z rot -9.0  searching scale 1 Z rot -8.7  searching scale 1 Z rot -8.5  searching scale 1 Z rot -8.2  searching scale 1 Z rot -8.0  searching scale 1 Z rot -7.7  searching scale 1 Z rot -7.5  searching scale 1 Z rot -7.2  searching scale 1 Z rot -7.0  searching scale 1 Z rot -6.7  searching scale 1 Z rot -6.5  searching scale 1 Z rot -6.2  searching scale 1 Z rot -6.0  searching scale 1 Z rot -5.7  searching scale 1 Z rot -5.5  searching scale 1 Z rot -5.2  searching scale 1 Z rot -5.0  searching scale 1 Z rot -4.7  searching scale 1 Z rot -4.5  searching scale 1 Z rot -4.2  searching scale 1 Z rot -4.0  searching scale 1 Z rot -3.7  searching scale 1 Z rot -3.5  searching scale 1 Z rot -3.2  searching scale 1 Z rot -3.0  searching scale 1 Z rot -2.7  searching scale 1 Z rot -2.5  searching scale 1 Z rot -2.2  searching scale 1 Z rot -2.0  searching scale 1 Z rot -1.7  searching scale 1 Z rot -1.5  searching scale 1 Z rot -1.2  searching scale 1 Z rot -1.0  searching scale 1 Z rot -0.7  searching scale 1 Z rot -0.5  searching scale 1 Z rot -0.2  searching scale 1 Z rot 0.0  searching scale 1 Z rot 0.3  searching scale 1 Z rot 0.5  searching scale 1 Z rot 0.8  searching scale 1 Z rot 1.0  searching scale 1 Z rot 1.3  searching scale 1 Z rot 1.5  searching scale 1 Z rot 1.8  searching scale 1 Z rot 2.0  searching scale 1 Z rot 2.3  searching scale 1 Z rot 2.5  searching scale 1 Z rot 2.8  searching scale 1 Z rot 3.0  searching scale 1 Z rot 3.3  searching scale 1 Z rot 3.5  global minimum found at slice 129.6, rotations (-2.30, -3.24)
final transformation (x=129.6, yr=-2.297, zr=-3.237):
 0.99760   0.05647  -0.04002  -3.28539;
-0.05642   0.99840   0.00226   23.24647;
 0.04008   0.00000   0.99920   14.89275;
 0.00000   0.00000   0.00000   1.00000;
updating x range to be [127, 131] in xformed coordinates
best xformed slice 128
min_x_fornix = 130
min_x_fornix = 136
min_x_fornix = 134
min_x_fornix = 134
min_x_fornix = 129
cc center is found at 128 112 108
eigenvectors:
 0.00003  -0.00345   0.99999;
-0.01389  -0.99990  -0.00344;
 0.99990  -0.01389  -0.00007;
error in mid anterior detected - correcting...
writing aseg with callosum to /out/sourcedata/freesurfer/sub-v1s11x0050147_ses-1/mri/aseg.auto.mgz...
corpus callosum segmentation took 0.4 minutes
#VMPC# mri_cc VmPeak  554360
mri_cc done
#--------------------------------------
#@# Merge ASeg Thu Mar 12 11:22:15 CET 2026

 cp aseg.auto.mgz aseg.presurf.mgz 

#--------------------------------------------
#@# Intensity Normalization2 Thu Mar 12 11:22:15 CET 2026
/out/sourcedata/freesurfer/sub-v1s11x0050147_ses-1/mri

 mri_normalize -seed 1234 -mprage -aseg aseg.presurf.mgz -mask brainmask.mgz norm.mgz brain.mgz 

setting seed for random number genererator to 1234
assuming input volume is MGH (Van der Kouwe) MP-RAGE
using segmentation for initial intensity normalization
using MR volume brainmask.mgz to mask input volume...
reading mri_src from norm.mgz...
Reading aseg aseg.presurf.mgz
normalizing image...
NOT doing gentle normalization with control points/label
processing with aseg
removing outliers in the aseg WM...
397 control points removed
Building bias image
building Voronoi diagram...
performing soap bubble smoothing, sigma = 0...
Smoothing with sigma 8
Applying bias correction
building Voronoi diagram...
performing soap bubble smoothing, sigma = 8...

Iterating 2 times
---------------------------------
3d normalization pass 1 of 2
white matter peak found at 110
white matter peak found at 110
gm peak at 63 (63), valley at  0 (-1)
csf peak at 31, setting threshold to 52
building Voronoi diagram...
performing soap bubble smoothing, sigma = 8...
---------------------------------
3d normalization pass 2 of 2
white matter peak found at 110
white matter peak found at 110
gm peak at 64 (64), valley at  0 (-1)
csf peak at 32, setting threshold to 53
building Voronoi diagram...
performing soap bubble smoothing, sigma = 8...
Done iterating ---------------------------------
writing output to brain.mgz
3D bias adjustment took 1 minutes and 28 seconds.
#--------------------------------------------
#@# Mask BFS Thu Mar 12 11:23:44 CET 2026
/out/sourcedata/freesurfer/sub-v1s11x0050147_ses-1/mri

 mri_mask -T 5 brain.mgz brainmask.mgz brain.finalsurfs.mgz 

threshold mask volume at 5
DoAbs = 0
Found 1556448 voxels in mask (pct=  9.28)
Writing masked volume to brain.finalsurfs.mgz...done.
#--------------------------------------------
#@# WM Segmentation Thu Mar 12 11:23:45 CET 2026

 AntsDenoiseImageFs -i brain.mgz -o antsdn.brain.mgz 


 mri_segment -wsizemm 13 -mprage antsdn.brain.mgz wm.seg.mgz 

wsizemm = 13, voxres = 1, wsize = 13
Widening wm low from 89 to 79
assuming input volume is MGH (Van der Kouwe) MP-RAGE
wm mean:  110
wsize:    13
wm low:   79
wm hi:    125
gray low: 30
gray hi:  99
Doing initial trinary intensity segmentation 
Using local statistics to label ambiguous voxels
Autodetecting stats
Computing class statistics for intensity windows...
CCS WM (103.0): 103.6 +- 4.9 [79.0 --> 125.0]
CCS GM (73.0) : 71.8 +- 9.0 [30.0 --> 95.0]
 white_mean 103.639
 white_sigma 4.92306
 gray_mean 71.8476
 gray_sigma 9.03249
setting bottom of white matter range wm_low to 80.9
setting top of gray matter range gray_hi to 89.9
 wm_low 80.8801
 wm_hi  125
 gray_low 30
 gray_hi  89.9126
Redoing initial intensity segmentation...
Recomputing local statistics to label ambiguous voxels...
 wm_low 80.8801
 wm_hi  125
 gray_low 30
 gray_hi  89.9126
using local geometry to label remaining ambiguous voxels...
polvwsize = 5, polvlen = 3, gray_hi = 89.9126, wm_low = 80.8801
MRIcpolvMedianCurveSegment(): wsize=5, len=3, gmhi=89.9126, wmlow=80.8801
    120845 voxels processed (0.72%)
     53049 voxels white (0.32%)
     67796 voxels non-white (0.40%)

Reclassifying voxels using Gaussian border classifier niter=1
MRIreclassify(): wm_low=75.8801, gray_hi=89.9126, wsize=13
    215698 voxels tested (1.29%)
     42914 voxels changed (0.26%)
     55578 multi-scale searches  (0.33%)
Recovering bright white
MRIrecoverBrightWhite()
 wm_low 80.8801
 wm_hi 125
 slack 4.92306
 pct_thresh 0.33
 intensity_thresh 129.923
 nvox_thresh 8.58
        0 voxels tested (0.00%)
        0 voxels changed (0.00%)

removing voxels with positive offset direction...
MRIremoveWrongDirection() wsize=3, lowthr=75.8801, hithr=89.9126
  smoothing input volume with sigma = 0.250
    63797 voxels tested (0.38%)
    12652 voxels changed (0.08%)
thicken = 1
removing 1-dimensional structures...
MRIremove1dStructures(): max_iter=10000, thresh=2, WM_MIN_VAL=5
 1672 sparsely connected voxels removed in 1 iterations
thickening thin strands....
thickness 4
nsegments 20
wm_hi 125
1073 diagonally connected voxels added...
MRIthickenThinWMStrands(): thickness=4, nsegments=20
  20 segments, 5265 filled
MRIfindBrightNonWM(): 0 bright non-wm voxels segmented.
MRIfilterMorphology() WM_MIN_VAL=5, DIAGONAL_FILL=230
white matter segmentation took 0.7 minutes
writing output to wm.seg.mgz...

 mri_edit_wm_with_aseg -keep-in wm.seg.mgz brain.mgz aseg.presurf.mgz wm.asegedit.mgz 

preserving editing changes in input volume...
auto filling took 0.34 minutes
reading wm segmentation from wm.seg.mgz...
0 voxels added to wm to prevent paths from MTL structures to cortex
2601 additional wm voxels added
0 additional wm voxels added
SEG EDIT: 43518 voxels turned on, 42092 voxels turned off.
propagating editing to output volume from wm.seg.mgz
writing edited volume to wm.asegedit.mgz....

 mri_pretess wm.asegedit.mgz wm norm.mgz wm.mgz 


Iteration Number : 1
pass   1 (xy+):  14 found -  14 modified     |    TOTAL:  14
pass   2 (xy+):   0 found -  14 modified     |    TOTAL:  14
pass   1 (xy-):  13 found -  13 modified     |    TOTAL:  27
pass   2 (xy-):   0 found -  13 modified     |    TOTAL:  27
pass   1 (yz+):  13 found -  13 modified     |    TOTAL:  40
pass   2 (yz+):   0 found -  13 modified     |    TOTAL:  40
pass   1 (yz-):  13 found -  13 modified     |    TOTAL:  53
pass   2 (yz-):   0 found -  13 modified     |    TOTAL:  53
pass   1 (xz+):   6 found -   6 modified     |    TOTAL:  59
pass   2 (xz+):   0 found -   6 modified     |    TOTAL:  59
pass   1 (xz-):   3 found -   3 modified     |    TOTAL:  62
pass   2 (xz-):   0 found -   3 modified     |    TOTAL:  62
Iteration Number : 1
pass   1 (+++):  10 found -  10 modified     |    TOTAL:  10
pass   2 (+++):   0 found -  10 modified     |    TOTAL:  10
pass   1 (+++):   4 found -   4 modified     |    TOTAL:  14
pass   2 (+++):   0 found -   4 modified     |    TOTAL:  14
pass   1 (+++):   8 found -   8 modified     |    TOTAL:  22
pass   2 (+++):   0 found -   8 modified     |    TOTAL:  22
pass   1 (+++):   4 found -   4 modified     |    TOTAL:  26
pass   2 (+++):   0 found -   4 modified     |    TOTAL:  26
Iteration Number : 1
pass   1 (++): 103 found - 103 modified     |    TOTAL: 103
pass   2 (++):   0 found - 103 modified     |    TOTAL: 103
pass   1 (+-):  66 found -  66 modified     |    TOTAL: 169
pass   2 (+-):   0 found -  66 modified     |    TOTAL: 169
pass   1 (--):  76 found -  76 modified     |    TOTAL: 245
pass   2 (--):   0 found -  76 modified     |    TOTAL: 245
pass   1 (-+):  82 found -  82 modified     |    TOTAL: 327
pass   2 (-+):   0 found -  82 modified     |    TOTAL: 327
Iteration Number : 2
pass   1 (xy+):   2 found -   2 modified     |    TOTAL:   2
pass   2 (xy+):   0 found -   2 modified     |    TOTAL:   2
pass   1 (xy-):   3 found -   3 modified     |    TOTAL:   5
pass   2 (xy-):   0 found -   3 modified     |    TOTAL:   5
pass   1 (yz+):   1 found -   1 modified     |    TOTAL:   6
pass   2 (yz+):   0 found -   1 modified     |    TOTAL:   6
pass   1 (yz-):   1 found -   1 modified     |    TOTAL:   7
pass   2 (yz-):   0 found -   1 modified     |    TOTAL:   7
pass   1 (xz+):   1 found -   1 modified     |    TOTAL:   8
pass   2 (xz+):   0 found -   1 modified     |    TOTAL:   8
pass   1 (xz-):   1 found -   1 modified     |    TOTAL:   9
pass   2 (xz-):   0 found -   1 modified     |    TOTAL:   9
Iteration Number : 2
pass   1 (+++):   0 found -   0 modified     |    TOTAL:   0
pass   1 (+++):   0 found -   0 modified     |    TOTAL:   0
pass   1 (+++):   0 found -   0 modified     |    TOTAL:   0
pass   1 (+++):   0 found -   0 modified     |    TOTAL:   0
Iteration Number : 2
pass   1 (++):   0 found -   0 modified     |    TOTAL:   0
pass   1 (+-):   1 found -   1 modified     |    TOTAL:   1
pass   2 (+-):   0 found -   1 modified     |    TOTAL:   1
pass   1 (--):   1 found -   1 modified     |    TOTAL:   2
pass   2 (--):   0 found -   1 modified     |    TOTAL:   2
pass   1 (-+):   0 found -   0 modified     |    TOTAL:   2
Iteration Number : 3
pass   1 (xy+):   0 found -   0 modified     |    TOTAL:   0
pass   1 (xy-):   0 found -   0 modified     |    TOTAL:   0
pass   1 (yz+):   0 found -   0 modified     |    TOTAL:   0
pass   1 (yz-):   0 found -   0 modified     |    TOTAL:   0
pass   1 (xz+):   0 found -   0 modified     |    TOTAL:   0
pass   1 (xz-):   0 found -   0 modified     |    TOTAL:   0
Iteration Number : 3
pass   1 (+++):   0 found -   0 modified     |    TOTAL:   0
pass   1 (+++):   0 found -   0 modified     |    TOTAL:   0
pass   1 (+++):   0 found -   0 modified     |    TOTAL:   0
pass   1 (+++):   0 found -   0 modified     |    TOTAL:   0
Iteration Number : 3
pass   1 (++):   0 found -   0 modified     |    TOTAL:   0
pass   1 (+-):   0 found -   0 modified     |    TOTAL:   0
pass   1 (--):   0 found -   0 modified     |    TOTAL:   0
pass   1 (-+):   0 found -   0 modified     |    TOTAL:   0

Total Number of Modified Voxels = 426 (out of 552498: 0.077104)
binarizing input wm segmentation...
Ambiguous edge configurations... 

mri_pretess done

#--------------------------------------------
#@# Fill Thu Mar 12 11:25:15 CET 2026
/out/sourcedata/freesurfer/sub-v1s11x0050147_ses-1/mri

 mri_fill -a ../scripts/ponscc.cut.log -xform transforms/talairach.lta -segmentation aseg.presurf.mgz -ctab /opt/freesurfer/SubCorticalMassLUT.txt wm.mgz filled.mgz 

logging cutting plane coordinates to ../scripts/ponscc.cut.log...
INFO: Using transforms/talairach.lta and its offset for Talairach volume ...
using segmentation aseg.presurf.mgz...
reading input volume...done.
searching for cutting planes...voxel to talairach voxel transform
 1.02930   0.06333  -0.02256  -11.57993;
-0.04164   1.12605   0.08056  -27.08281;
 0.02810  -0.09015   1.01370   4.91637;
 0.00000   0.00000   0.00000   1.00000;
voxel to talairach voxel transform
 1.02930   0.06333  -0.02256  -11.57993;
-0.04164   1.12605   0.08056  -27.08281;
 0.02810  -0.09015   1.01370   4.91637;
 0.00000   0.00000   0.00000   1.00000;
reading segmented volume aseg.presurf.mgz
removing CC from segmentation
Looking for area (min, max) = (350, 1400)
area[0] = 1481 (min = 350, max = 1400), aspect = 0.55 (min = 0.10, max = 0.75)
need search nearby
using seed (126, 115, 91), TAL = (2.0, -37.0, 13.0)
talairach voxel to voxel transform
 0.96871  -0.05242   0.02573   9.67143;
 0.03751   0.88042  -0.06914   24.61845;
-0.02352   0.07975   0.97962  -2.92865;
 0.00000   0.00000   0.00000   1.00000;
segmentation indicates cc at (126,  115,  91) --> (2.0, -37.0, 13.0)
done.
filling took 0.6 minutes
talairach cc position changed to (2.00, -37.00, 13.00)
Erasing brainstem...done.
seed_search_size = 9, min_neighbors = 5
search rh wm seed point around talairach space:(20.00, -37.00, 13.00) SRC: (110.61, 123.63, 92.85)
search lh wm seed point around talairach space (-16.00, -37.00, 13.00), SRC: (145.48, 124.98, 92.00)
compute mri_fill using aseg
Erasing Brain Stem and Cerebellum ...
Define left and right masks using aseg:
Building Voronoi diagram ...
Using the Voronoi diagram for separating WM into two hemispheres ...
Find the largest connected component for each hemisphere ...
Embedding colortable
mri_fill done, writing output to filled.mgz...
 cp filled.mgz filled.auto.mgz

Started at Thu Mar 12 10:15:25 CET 2026 
Ended   at Thu Mar 12 11:25:53 CET 2026
#@#%# recon-all-run-time-hours 1.174
recon-all -s sub-v1s11x0050147_ses-1 finished without error at Thu Mar 12 11:25:53 CET 2026



#New# invocation of recon-all 




Thu Mar 12 12:04:36 CET 2026
cd /out/sourcedata/freesurfer/sub-v1s11x0050147_ses-1
setenv SUBJECTS_DIR /out/sourcedata/freesurfer
/opt/freesurfer/bin/recon-all -parallel -subjid sub-v1s11x0050147_ses-1 -sd /out/sourcedata/freesurfer -cortribbon

subjid sub-v1s11x0050147_ses-1
setenv SUBJECTS_DIR /out/sourcedata/freesurfer
FREESURFER_HOME /opt/freesurfer
Actual FREESURFER_HOME /opt/freesurfer
build-stamp.txt: freesurfer-linux-ubuntu22_x86_64-7.3.2-20220804-6354275
Linux dna084 5.14.0-427.37.1.el9_4.x86_64 #1 SMP PREEMPT_DYNAMIC Fri Sep 13 12:41:50 EDT 2024 x86_64 x86_64 x86_64 GNU/Linux
cputime      unlimited
filesize     unlimited
datasize     unlimited
stacksize    8192 kbytes
coredumpsize 0 kbytes
memoryuse    67108864 kbytes
vmemoryuse   unlimited
descriptors  1024 
memorylocked unlimited
maxproc      2061970 
maxlocks     unlimited
maxsignal    2062029 
maxmessage   819200 
maxnice      0 
maxrtprio    0 
maxrttime    unlimited

               total        used        free      shared  buff/cache   available
Mem:           503Gi        52Gi       388Gi        26Gi        62Gi       421Gi
Swap:             0B          0B          0B

########################################
program versions used
7.3.2 (freesurfer-linux-ubuntu22_x86_64-7.3.2-20220804-6354275)
7.3.2

ProgramName: lta_convert  ProgramArguments: lta_convert -all-info  ProgramVersion: 7.3.2  TimeStamp: 2026/03/12-11:04:36-GMT  BuildTime: Aug  4 2022 06:17:15  BuildStamp: freesurfer-linux-ubuntu22_x86_64-7.3.2-20220804-6354275  User: oesteban  Machine: dna084  Platform: Linux  PlatformVersion: 5.14.0-427.37.1.el9_4.x86_64  CompilerName: GCC  CompilerVersion: 8.4.0
ProgramName: mri_and  ProgramArguments: mri_and -all-info  ProgramVersion: 7.3.2  TimeStamp: 2026/03/12-11:04:36-GMT  BuildTime: Aug  4 2022 06:17:15  BuildStamp: freesurfer-linux-ubuntu22_x86_64-7.3.2-20220804-6354275  User: oesteban  Machine: dna084  Platform: Linux  PlatformVersion: 5.14.0-427.37.1.el9_4.x86_64  CompilerName: GCC  CompilerVersion: 8.4.0
ProgramName: mri_annotation2label  ProgramArguments: mri_annotation2label -all-info  ProgramVersion: 7.3.2  TimeStamp: 2026/03/12-11:04:36-GMT  BuildTime: Aug  4 2022 06:17:15  BuildStamp: freesurfer-linux-ubuntu22_x86_64-7.3.2-20220804-6354275  User: oesteban  Machine: dna084  Platform: Linux  PlatformVersion: 5.14.0-427.37.1.el9_4.x86_64  CompilerName: GCC  CompilerVersion: 8.4.0
ProgramName: mri_aparc2aseg  ProgramArguments: mri_aparc2aseg -all-info  ProgramVersion: 7.3.2  TimeStamp: 2026/03/12-11:04:36-GMT  BuildTime: Aug  4 2022 06:17:15  BuildStamp: freesurfer-linux-ubuntu22_x86_64-7.3.2-20220804-6354275  User: oesteban  Machine: dna084  Platform: Linux  PlatformVersion: 5.14.0-427.37.1.el9_4.x86_64  CompilerName: GCC  CompilerVersion: 8.4.0
ProgramName: mri_surf2volseg  ProgramArguments: mri_surf2volseg -all-info  ProgramVersion: 7.3.2  TimeStamp: 2026/03/12-11:04:36-GMT  BuildTime: Aug  4 2022 06:17:15  BuildStamp: freesurfer-linux-ubuntu22_x86_64-7.3.2-20220804-6354275  User: oesteban  Machine: dna084  Platform: Linux  PlatformVersion: 5.14.0-427.37.1.el9_4.x86_64  CompilerName: GCC  CompilerVersion: 8.4.0
ProgramName: mri_binarize  ProgramArguments: mri_binarize -all-info  ProgramVersion: 7.3.2  TimeStamp: 2026/03/12-11:04:36-GMT  BuildTime: Aug  4 2022 06:17:15  BuildStamp: freesurfer-linux-ubuntu22_x86_64-7.3.2-20220804-6354275  User: oesteban  Machine: dna084  Platform: Linux  PlatformVersion: 5.14.0-427.37.1.el9_4.x86_64  CompilerName: GCC  CompilerVersion: 8.4.0
ProgramName: mri_ca_label  ProgramArguments: mri_ca_label -all-info  ProgramVersion: 7.3.2  TimeStamp: 2026/03/12-11:04:36-GMT  BuildTime: Aug  4 2022 06:17:15  BuildStamp: freesurfer-linux-ubuntu22_x86_64-7.3.2-20220804-6354275  User: oesteban  Machine: dna084  Platform: Linux  PlatformVersion: 5.14.0-427.37.1.el9_4.x86_64  CompilerName: GCC  CompilerVersion: 8.4.0
ProgramName: mri_ca_normalize  ProgramArguments: mri_ca_normalize -all-info  ProgramVersion: 7.3.2  TimeStamp: 2026/03/12-11:04:36-GMT  BuildTime: Aug  4 2022 06:17:15  BuildStamp: freesurfer-linux-ubuntu22_x86_64-7.3.2-20220804-6354275  User: oesteban  Machine: dna084  Platform: Linux  PlatformVersion: 5.14.0-427.37.1.el9_4.x86_64  CompilerName: GCC  CompilerVersion: 8.4.0
ProgramName: mri_ca_register  ProgramArguments: mri_ca_register -all-info  ProgramVersion: 7.3.2  TimeStamp: 2026/03/12-11:04:36-GMT  BuildTime: Aug  4 2022 06:17:15  BuildStamp: freesurfer-linux-ubuntu22_x86_64-7.3.2-20220804-6354275  User: oesteban  Machine: dna084  Platform: Linux  PlatformVersion: 5.14.0-427.37.1.el9_4.x86_64  CompilerName: GCC  CompilerVersion: 8.4.0
ProgramName: mri_cc  ProgramArguments: mri_cc -all-info  ProgramVersion: 7.3.2  TimeStamp: 2026/03/12-11:04:36-GMT  BuildTime: Aug  4 2022 06:17:15  BuildStamp: freesurfer-linux-ubuntu22_x86_64-7.3.2-20220804-6354275  User: oesteban  Machine: dna084  Platform: Linux  PlatformVersion: 5.14.0-427.37.1.el9_4.x86_64  CompilerName: GCC  CompilerVersion: 8.4.0
ProgramName: mri_compute_overlap  ProgramArguments: mri_compute_overlap -all-info  ProgramVersion: 7.3.2  TimeStamp: 2026/03/12-11:04:36-GMT  BuildTime: Aug  4 2022 06:17:15  BuildStamp: freesurfer-linux-ubuntu22_x86_64-7.3.2-20220804-6354275  User: oesteban  Machine: dna084  Platform: Linux  PlatformVersion: 5.14.0-427.37.1.el9_4.x86_64  CompilerName: GCC  CompilerVersion: 8.4.0
ProgramName: mri_compute_seg_overlap  ProgramArguments: mri_compute_seg_overlap -all-info  ProgramVersion: 7.3.2  TimeStamp: 2026/03/12-11:04:36-GMT  BuildTime: Aug  4 2022 06:17:15  BuildStamp: freesurfer-linux-ubuntu22_x86_64-7.3.2-20220804-6354275  User: oesteban  Machine: dna084  Platform: Linux  PlatformVersion: 5.14.0-427.37.1.el9_4.x86_64  CompilerName: GCC  CompilerVersion: 8.4.0
ProgramName: mri_concat  ProgramArguments: mri_concat -all-info  ProgramVersion: 7.3.2  TimeStamp: 2026/03/12-11:04:36-GMT  BuildTime: Aug  4 2022 06:17:15  BuildStamp: freesurfer-linux-ubuntu22_x86_64-7.3.2-20220804-6354275  User: oesteban  Machine: dna084  Platform: Linux  PlatformVersion: 5.14.0-427.37.1.el9_4.x86_64  CompilerName: GCC  CompilerVersion: 8.4.0
ProgramName: mri_concatenate_lta  ProgramArguments: mri_concatenate_lta -all-info  ProgramVersion: 7.3.2  TimeStamp: 2026/03/12-11:04:36-GMT  BuildTime: Aug  4 2022 06:17:15  BuildStamp: freesurfer-linux-ubuntu22_x86_64-7.3.2-20220804-6354275  User: oesteban  Machine: dna084  Platform: Linux  PlatformVersion: 5.14.0-427.37.1.el9_4.x86_64  CompilerName: GCC  CompilerVersion: 8.4.0
mri_convert -all-info 
ProgramName: mri_convert  ProgramArguments: mri_convert -all-info  ProgramVersion: 7.3.2  TimeStamp: 2026/03/12-11:04:36-GMT  BuildTime: Aug  4 2022 06:17:15  BuildStamp: freesurfer-linux-ubuntu22_x86_64-7.3.2-20220804-6354275  User: oesteban  Machine: dna084  Platform: Linux  PlatformVersion: 5.14.0-427.37.1.el9_4.x86_64  CompilerName: GCC  CompilerVersion: 8.4.0
ProgramName: mri_diff  ProgramArguments: mri_diff -all-info  ProgramVersion: 7.3.2  TimeStamp: 2026/03/12-11:04:36-GMT  BuildTime: Aug  4 2022 06:17:15  BuildStamp: freesurfer-linux-ubuntu22_x86_64-7.3.2-20220804-6354275  User: oesteban  Machine: dna084  Platform: Linux  PlatformVersion: 5.14.0-427.37.1.el9_4.x86_64  CompilerName: GCC  CompilerVersion: 8.4.0
ProgramName: mri_edit_wm_with_aseg  ProgramArguments: mri_edit_wm_with_aseg -all-info  ProgramVersion: 7.3.2  TimeStamp: 2026/03/12-11:04:36-GMT  BuildTime: Aug  4 2022 06:17:15  BuildStamp: freesurfer-linux-ubuntu22_x86_64-7.3.2-20220804-6354275  User: oesteban  Machine: dna084  Platform: Linux  PlatformVersion: 5.14.0-427.37.1.el9_4.x86_64  CompilerName: GCC  CompilerVersion: 8.4.0
ProgramName: mri_em_register  ProgramArguments: mri_em_register -all-info  ProgramVersion: 7.3.2  TimeStamp: 2026/03/12-11:04:36-GMT  BuildTime: Aug  4 2022 06:17:15  BuildStamp: freesurfer-linux-ubuntu22_x86_64-7.3.2-20220804-6354275  User: oesteban  Machine: dna084  Platform: Linux  PlatformVersion: 5.14.0-427.37.1.el9_4.x86_64  CompilerName: GCC  CompilerVersion: 8.4.0
ProgramName: mri_fill  ProgramArguments: mri_fill -all-info  ProgramVersion: 7.3.2  TimeStamp: 2026/03/12-11:04:36-GMT  BuildTime: Aug  4 2022 06:17:15  BuildStamp: freesurfer-linux-ubuntu22_x86_64-7.3.2-20220804-6354275  User: oesteban  Machine: dna084  Platform: Linux  PlatformVersion: 5.14.0-427.37.1.el9_4.x86_64  CompilerName: GCC  CompilerVersion: 8.4.0
ProgramName: mri_fuse_segmentations  ProgramArguments: mri_fuse_segmentations -all-info  ProgramVersion: 7.3.2  TimeStamp: 2026/03/12-11:04:36-GMT  BuildTime: Aug  4 2022 06:17:15  BuildStamp: freesurfer-linux-ubuntu22_x86_64-7.3.2-20220804-6354275  User: oesteban  Machine: dna084  Platform: Linux  PlatformVersion: 5.14.0-427.37.1.el9_4.x86_64  CompilerName: GCC  CompilerVersion: 8.4.0
ProgramName: mri_fwhm  ProgramArguments: mri_fwhm -all-info  ProgramVersion: 7.3.2  TimeStamp: 2026/03/12-11:04:36-GMT  BuildTime: Aug  4 2022 06:17:15  BuildStamp: freesurfer-linux-ubuntu22_x86_64-7.3.2-20220804-6354275  User: oesteban  Machine: dna084  Platform: Linux  PlatformVersion: 5.14.0-427.37.1.el9_4.x86_64  CompilerName: GCC  CompilerVersion: 8.4.0
ProgramName: mri_gcut  ProgramArguments: mri_gcut -all-info  ProgramVersion: 7.3.2  TimeStamp: 2026/03/12-11:04:36-GMT  BuildTime: Aug  4 2022 06:17:15  BuildStamp: freesurfer-linux-ubuntu22_x86_64-7.3.2-20220804-6354275  User: oesteban  Machine: dna084  Platform: Linux  PlatformVersion: 5.14.0-427.37.1.el9_4.x86_64  CompilerName: GCC  CompilerVersion: 8.4.0
ProgramName: mri_info  ProgramArguments: mri_info -all-info  ProgramVersion: 7.3.2  TimeStamp: 2026/03/12-11:04:36-GMT  BuildTime: Aug  4 2022 06:17:15  BuildStamp: freesurfer-linux-ubuntu22_x86_64-7.3.2-20220804-6354275  User: oesteban  Machine: dna084  Platform: Linux  PlatformVersion: 5.14.0-427.37.1.el9_4.x86_64  CompilerName: GCC  CompilerVersion: 8.4.0
ProgramName: mri_label2label  ProgramArguments: mri_label2label -all-info  ProgramVersion: 7.3.2  TimeStamp: 2026/03/12-11:04:36-GMT  BuildTime: Aug  4 2022 06:17:15  BuildStamp: freesurfer-linux-ubuntu22_x86_64-7.3.2-20220804-6354275  User: oesteban  Machine: dna084  Platform: Linux  PlatformVersion: 5.14.0-427.37.1.el9_4.x86_64  CompilerName: GCC  CompilerVersion: 8.4.0
ProgramName: mri_label2vol  ProgramArguments: mri_label2vol -all-info  ProgramVersion: 7.3.2  TimeStamp: 2026/03/12-11:04:36-GMT  BuildTime: Aug  4 2022 06:17:15  BuildStamp: freesurfer-linux-ubuntu22_x86_64-7.3.2-20220804-6354275  User: oesteban  Machine: dna084  Platform: Linux  PlatformVersion: 5.14.0-427.37.1.el9_4.x86_64  CompilerName: GCC  CompilerVersion: 8.4.0
ProgramName: mri_log_likelihood  ProgramArguments: mri_log_likelihood -all-info  ProgramVersion: 7.3.2  TimeStamp: 2026/03/12-11:04:36-GMT  BuildTime: Aug  4 2022 06:17:15  BuildStamp: freesurfer-linux-ubuntu22_x86_64-7.3.2-20220804-6354275  User: oesteban  Machine: dna084  Platform: Linux  PlatformVersion: 5.14.0-427.37.1.el9_4.x86_64  CompilerName: GCC  CompilerVersion: 8.4.0
ProgramName: mri_mask  ProgramArguments: mri_mask -all-info  ProgramVersion: 7.3.2  TimeStamp: 2026/03/12-11:04:36-GMT  BuildTime: Aug  4 2022 06:17:15  BuildStamp: freesurfer-linux-ubuntu22_x86_64-7.3.2-20220804-6354275  User: oesteban  Machine: dna084  Platform: Linux  PlatformVersion: 5.14.0-427.37.1.el9_4.x86_64  CompilerName: GCC  CompilerVersion: 8.4.0
ProgramName: mri_matrix_multiply  ProgramArguments: mri_matrix_multiply -all-info  ProgramVersion: 7.3.2  TimeStamp: 2026/03/12-11:04:36-GMT  BuildTime: Aug  4 2022 06:17:15  BuildStamp: freesurfer-linux-ubuntu22_x86_64-7.3.2-20220804-6354275  User: oesteban  Machine: dna084  Platform: Linux  PlatformVersion: 5.14.0-427.37.1.el9_4.x86_64  CompilerName: GCC  CompilerVersion: 8.4.0
ProgramName: mri_normalize  ProgramArguments: mri_normalize -all-info  ProgramVersion: 7.3.2  TimeStamp: 2026/03/12-11:04:36-GMT  BuildTime: Aug  4 2022 06:17:15  BuildStamp: freesurfer-linux-ubuntu22_x86_64-7.3.2-20220804-6354275  User: oesteban  Machine: dna084  Platform: Linux  PlatformVersion: 5.14.0-427.37.1.el9_4.x86_64  CompilerName: GCC  CompilerVersion: 8.4.0
ProgramName: mri_normalize_tp2  ProgramArguments: mri_normalize_tp2 -all-info  ProgramVersion: 7.3.2  TimeStamp: 2026/03/12-11:04:36-GMT  BuildTime: Aug  4 2022 06:17:15  BuildStamp: freesurfer-linux-ubuntu22_x86_64-7.3.2-20220804-6354275  User: oesteban  Machine: dna084  Platform: Linux  PlatformVersion: 5.14.0-427.37.1.el9_4.x86_64  CompilerName: GCC  CompilerVersion: 8.4.0
ProgramName: mri_or  ProgramArguments: mri_or -all-info  ProgramVersion: 7.3.2  TimeStamp: 2026/03/12-11:04:36-GMT  BuildTime: Aug  4 2022 06:17:15  BuildStamp: freesurfer-linux-ubuntu22_x86_64-7.3.2-20220804-6354275  User: oesteban  Machine: dna084  Platform: Linux  PlatformVersion: 5.14.0-427.37.1.el9_4.x86_64  CompilerName: GCC  CompilerVersion: 8.4.0
ProgramName: mri_relabel_hypointensities  ProgramArguments: mri_relabel_hypointensities -all-info  ProgramVersion: 7.3.2  TimeStamp: 2026/03/12-11:04:36-GMT  BuildTime: Aug  4 2022 06:17:15  BuildStamp: freesurfer-linux-ubuntu22_x86_64-7.3.2-20220804-6354275  User: oesteban  Machine: dna084  Platform: Linux  PlatformVersion: 5.14.0-427.37.1.el9_4.x86_64  CompilerName: GCC  CompilerVersion: 8.4.0
ProgramName: mri_relabel_nonwm_hypos  ProgramArguments: mri_relabel_nonwm_hypos -all-info  ProgramVersion: 7.3.2  TimeStamp: 2026/03/12-11:04:36-GMT  BuildTime: Aug  4 2022 06:17:15  BuildStamp: freesurfer-linux-ubuntu22_x86_64-7.3.2-20220804-6354275  User: oesteban  Machine: dna084  Platform: Linux  PlatformVersion: 5.14.0-427.37.1.el9_4.x86_64  CompilerName: GCC  CompilerVersion: 8.4.0
ProgramName: mri_remove_neck  ProgramArguments: mri_remove_neck -all-info  ProgramVersion: 7.3.2  TimeStamp: 2026/03/12-11:04:36-GMT  BuildTime: Aug  4 2022 06:17:15  BuildStamp: freesurfer-linux-ubuntu22_x86_64-7.3.2-20220804-6354275  User: oesteban  Machine: dna084  Platform: Linux  PlatformVersion: 5.14.0-427.37.1.el9_4.x86_64  CompilerName: GCC  CompilerVersion: 8.4.0
7.3.2

ProgramName: mri_robust_register  ProgramArguments: mri_robust_register -all-info  ProgramVersion: 7.3.2  TimeStamp: 2026/03/12-11:04:36-GMT  BuildTime: Aug  4 2022 06:17:15  BuildStamp: freesurfer-linux-ubuntu22_x86_64-7.3.2-20220804-6354275  User: oesteban  Machine: dna084  Platform: Linux  PlatformVersion: 5.14.0-427.37.1.el9_4.x86_64  CompilerName: GCC  CompilerVersion: 8.4.0
7.3.2

ProgramName: mri_robust_template  ProgramArguments: mri_robust_template -all-info  ProgramVersion: 7.3.2  TimeStamp: 2026/03/12-11:04:36-GMT  BuildTime: Aug  4 2022 06:17:15  BuildStamp: freesurfer-linux-ubuntu22_x86_64-7.3.2-20220804-6354275  User: oesteban  Machine: dna084  Platform: Linux  PlatformVersion: 5.14.0-427.37.1.el9_4.x86_64  CompilerName: GCC  CompilerVersion: 8.4.0
ProgramName: mris_anatomical_stats  ProgramArguments: mris_anatomical_stats -all-info  ProgramVersion: 7.3.2  TimeStamp: 2026/03/12-11:04:36-GMT  BuildTime: Aug  4 2022 06:17:15  BuildStamp: freesurfer-linux-ubuntu22_x86_64-7.3.2-20220804-6354275  User: oesteban  Machine: dna084  Platform: Linux  PlatformVersion: 5.14.0-427.37.1.el9_4.x86_64  CompilerName: GCC  CompilerVersion: 8.4.0
ProgramName: mris_ca_label  ProgramArguments: mris_ca_label -all-info  ProgramVersion: 7.3.2  TimeStamp: 2026/03/12-11:04:36-GMT  BuildTime: Aug  4 2022 06:17:15  BuildStamp: freesurfer-linux-ubuntu22_x86_64-7.3.2-20220804-6354275  User: oesteban  Machine: dna084  Platform: Linux  PlatformVersion: 5.14.0-427.37.1.el9_4.x86_64  CompilerName: GCC  CompilerVersion: 8.4.0
ProgramName: mris_calc  ProgramArguments: mris_calc -all-info  ProgramVersion: 7.3.2  TimeStamp: 2026/03/12-11:04:36-GMT  BuildTime: Aug  4 2022 06:17:15  BuildStamp: freesurfer-linux-ubuntu22_x86_64-7.3.2-20220804-6354275  User: oesteban  Machine: dna084  Platform: Linux  PlatformVersion: 5.14.0-427.37.1.el9_4.x86_64  CompilerName: GCC  CompilerVersion: 8.4.0
ProgramName: mris_convert  ProgramArguments: mris_convert -all-info  ProgramVersion: 7.3.2  TimeStamp: 2026/03/12-11:04:36-GMT  BuildTime: Aug  4 2022 06:17:15  BuildStamp: freesurfer-linux-ubuntu22_x86_64-7.3.2-20220804-6354275  User: oesteban  Machine: dna084  Platform: Linux  PlatformVersion: 5.14.0-427.37.1.el9_4.x86_64  CompilerName: GCC  CompilerVersion: 8.4.0
ProgramName: mris_curvature  ProgramArguments: mris_curvature -all-info  ProgramVersion: 7.3.2  TimeStamp: 2026/03/12-11:04:36-GMT  BuildTime: Aug  4 2022 06:17:15  BuildStamp: freesurfer-linux-ubuntu22_x86_64-7.3.2-20220804-6354275  User: oesteban  Machine: dna084  Platform: Linux  PlatformVersion: 5.14.0-427.37.1.el9_4.x86_64  CompilerName: GCC  CompilerVersion: 8.4.0
ProgramName: mris_curvature_stats  ProgramArguments: mris_curvature_stats -all-info  ProgramVersion: 7.3.2  TimeStamp: 2026/03/12-11:04:36-GMT  BuildTime: Aug  4 2022 06:17:15  BuildStamp: freesurfer-linux-ubuntu22_x86_64-7.3.2-20220804-6354275  User: oesteban  Machine: dna084  Platform: Linux  PlatformVersion: 5.14.0-427.37.1.el9_4.x86_64  CompilerName: GCC  CompilerVersion: 8.4.0
ProgramName: mris_diff  ProgramArguments: mris_diff -all-info  ProgramVersion: 7.3.2  TimeStamp: 2026/03/12-11:04:36-GMT  BuildTime: Aug  4 2022 06:17:15  BuildStamp: freesurfer-linux-ubuntu22_x86_64-7.3.2-20220804-6354275  User: oesteban  Machine: dna084  Platform: Linux  PlatformVersion: 5.14.0-427.37.1.el9_4.x86_64  CompilerName: GCC  CompilerVersion: 8.4.0
ProgramName: mris_divide_parcellation  ProgramArguments: mris_divide_parcellation -all-info  ProgramVersion: 7.3.2  TimeStamp: 2026/03/12-11:04:36-GMT  BuildTime: Aug  4 2022 06:17:15  BuildStamp: freesurfer-linux-ubuntu22_x86_64-7.3.2-20220804-6354275  User: oesteban  Machine: dna084  Platform: Linux  PlatformVersion: 5.14.0-427.37.1.el9_4.x86_64  CompilerName: GCC  CompilerVersion: 8.4.0
ProgramName: mri_segment  ProgramArguments: mri_segment -all-info  ProgramVersion: 7.3.2  TimeStamp: 2026/03/12-11:04:36-GMT  BuildTime: Aug  4 2022 06:17:15  BuildStamp: freesurfer-linux-ubuntu22_x86_64-7.3.2-20220804-6354275  User: oesteban  Machine: dna084  Platform: Linux  PlatformVersion: 5.14.0-427.37.1.el9_4.x86_64  CompilerName: GCC  CompilerVersion: 8.4.0
ProgramName: mri_segstats  ProgramArguments: mri_segstats -all-info  ProgramVersion: 7.3.2  TimeStamp: 2026/03/12-11:04:36-GMT  BuildTime: Aug  4 2022 06:17:15  BuildStamp: freesurfer-linux-ubuntu22_x86_64-7.3.2-20220804-6354275  User: oesteban  Machine: dna084  Platform: Linux  PlatformVersion: 5.14.0-427.37.1.el9_4.x86_64  CompilerName: GCC  CompilerVersion: 8.4.0
ProgramName: mris_euler_number  ProgramArguments: mris_euler_number -all-info  ProgramVersion: 7.3.2  TimeStamp: 2026/03/12-11:04:36-GMT  BuildTime: Aug  4 2022 06:17:15  BuildStamp: freesurfer-linux-ubuntu22_x86_64-7.3.2-20220804-6354275  User: oesteban  Machine: dna084  Platform: Linux  PlatformVersion: 5.14.0-427.37.1.el9_4.x86_64  CompilerName: GCC  CompilerVersion: 8.4.0
ProgramName: mris_fix_topology  ProgramArguments: mris_fix_topology -all-info  ProgramVersion: 7.3.2  TimeStamp: 2026/03/12-11:04:36-GMT  BuildTime: Aug  4 2022 06:17:15  BuildStamp: freesurfer-linux-ubuntu22_x86_64-7.3.2-20220804-6354275  User: oesteban  Machine: dna084  Platform: Linux  PlatformVersion: 5.14.0-427.37.1.el9_4.x86_64  CompilerName: GCC  CompilerVersion: 8.4.0
ProgramName: mris_topo_fixer  ProgramArguments: mris_topo_fixer -all-info  ProgramVersion: 7.3.2  TimeStamp: 2026/03/12-11:04:36-GMT  BuildTime: Aug  4 2022 06:17:15  BuildStamp: freesurfer-linux-ubuntu22_x86_64-7.3.2-20220804-6354275  User: oesteban  Machine: dna084  Platform: Linux  PlatformVersion: 5.14.0-427.37.1.el9_4.x86_64  CompilerName: GCC  CompilerVersion: 8.4.0
ProgramName: mris_jacobian  ProgramArguments: mris_jacobian -all-info  ProgramVersion: 7.3.2  TimeStamp: 2026/03/12-11:04:36-GMT  BuildTime: Aug  4 2022 06:17:15  BuildStamp: freesurfer-linux-ubuntu22_x86_64-7.3.2-20220804-6354275  User: oesteban  Machine: dna084  Platform: Linux  PlatformVersion: 5.14.0-427.37.1.el9_4.x86_64  CompilerName: GCC  CompilerVersion: 8.4.0
ProgramName: mris_label2annot  ProgramArguments: mris_label2annot -all-info  ProgramVersion: 7.3.2  TimeStamp: 2026/03/12-11:04:36-GMT  BuildTime: Aug  4 2022 06:17:15  BuildStamp: freesurfer-linux-ubuntu22_x86_64-7.3.2-20220804-6354275  User: oesteban  Machine: dna084  Platform: Linux  PlatformVersion: 5.14.0-427.37.1.el9_4.x86_64  CompilerName: GCC  CompilerVersion: 8.4.0
ProgramName: mris_left_right_register  ProgramArguments: mris_left_right_register -all-info  ProgramVersion: 7.3.2  TimeStamp: 2026/03/12-11:04:36-GMT  BuildTime: Aug  4 2022 06:17:15  BuildStamp: freesurfer-linux-ubuntu22_x86_64-7.3.2-20220804-6354275  User: oesteban  Machine: dna084  Platform: Linux  PlatformVersion: 5.14.0-427.37.1.el9_4.x86_64  CompilerName: GCC  CompilerVersion: 8.4.0
ProgramName: mris_place_surface  ProgramArguments: mris_place_surface -all-info  ProgramVersion: 7.3.2  TimeStamp: 2026/03/12-11:04:36-GMT  BuildTime: Aug  4 2022 06:17:15  BuildStamp: freesurfer-linux-ubuntu22_x86_64-7.3.2-20220804-6354275  User: oesteban  Machine: dna084  Platform: Linux  PlatformVersion: 5.14.0-427.37.1.el9_4.x86_64  CompilerName: GCC  CompilerVersion: 8.4.0
ProgramName: mrisp_paint  ProgramArguments: mrisp_paint -all-info  ProgramVersion: 7.3.2  TimeStamp: 2026/03/12-11:04:36-GMT  BuildTime: Aug  4 2022 06:17:15  BuildStamp: freesurfer-linux-ubuntu22_x86_64-7.3.2-20220804-6354275  User: oesteban  Machine: dna084  Platform: Linux  PlatformVersion: 5.14.0-427.37.1.el9_4.x86_64  CompilerName: GCC  CompilerVersion: 8.4.0
ProgramName: mris_register  ProgramArguments: mris_register -all-info  ProgramVersion: 7.3.2  TimeStamp: 2026/03/12-11:04:36-GMT  BuildTime: Aug  4 2022 06:17:15  BuildStamp: freesurfer-linux-ubuntu22_x86_64-7.3.2-20220804-6354275  User: oesteban  Machine: dna084  Platform: Linux  PlatformVersion: 5.14.0-427.37.1.el9_4.x86_64  CompilerName: GCC  CompilerVersion: 8.4.0
ProgramName: mris_smooth  ProgramArguments: mris_smooth -all-info  ProgramVersion: 7.3.2  TimeStamp: 2026/03/12-11:04:36-GMT  BuildTime: Aug  4 2022 06:17:15  BuildStamp: freesurfer-linux-ubuntu22_x86_64-7.3.2-20220804-6354275  User: oesteban  Machine: dna084  Platform: Linux  PlatformVersion: 5.14.0-427.37.1.el9_4.x86_64  CompilerName: GCC  CompilerVersion: 8.4.0
ProgramName: mris_sphere  ProgramArguments: mris_sphere -all-info  ProgramVersion: 7.3.2  TimeStamp: 2026/03/12-11:04:36-GMT  BuildTime: Aug  4 2022 06:17:15  BuildStamp: freesurfer-linux-ubuntu22_x86_64-7.3.2-20220804-6354275  User: oesteban  Machine: dna084  Platform: Linux  PlatformVersion: 5.14.0-427.37.1.el9_4.x86_64  CompilerName: GCC  CompilerVersion: 8.4.0
ProgramName: mris_surface_stats  ProgramArguments: mris_surface_stats -all-info  ProgramVersion: 7.3.2  TimeStamp: 2026/03/12-11:04:36-GMT  BuildTime: Aug  4 2022 06:17:15  BuildStamp: freesurfer-linux-ubuntu22_x86_64-7.3.2-20220804-6354275  User: oesteban  Machine: dna084  Platform: Linux  PlatformVersion: 5.14.0-427.37.1.el9_4.x86_64  CompilerName: GCC  CompilerVersion: 8.4.0
ProgramName: mri_stats2seg  ProgramArguments: mri_stats2seg -all-info  ProgramVersion: 7.3.2  TimeStamp: 2026/03/12-11:04:36-GMT  BuildTime: Aug  4 2022 06:17:15  BuildStamp: freesurfer-linux-ubuntu22_x86_64-7.3.2-20220804-6354275  User: oesteban  Machine: dna084  Platform: Linux  PlatformVersion: 5.14.0-427.37.1.el9_4.x86_64  CompilerName: GCC  CompilerVersion: 8.4.0
ProgramName: mris_thickness  ProgramArguments: mris_thickness -all-info  ProgramVersion: 7.3.2  TimeStamp: 2026/03/12-11:04:36-GMT  BuildTime: Aug  4 2022 06:17:15  BuildStamp: freesurfer-linux-ubuntu22_x86_64-7.3.2-20220804-6354275  User: oesteban  Machine: dna084  Platform: Linux  PlatformVersion: 5.14.0-427.37.1.el9_4.x86_64  CompilerName: GCC  CompilerVersion: 8.4.0
ProgramName: mris_thickness_diff  ProgramArguments: mris_thickness_diff -all-info  ProgramVersion: 7.3.2  TimeStamp: 2026/03/12-11:04:36-GMT  BuildTime: Aug  4 2022 06:17:15  BuildStamp: freesurfer-linux-ubuntu22_x86_64-7.3.2-20220804-6354275  User: oesteban  Machine: dna084  Platform: Linux  PlatformVersion: 5.14.0-427.37.1.el9_4.x86_64  CompilerName: GCC  CompilerVersion: 8.4.0
ProgramName: mris_topo_fixer  ProgramArguments: mris_topo_fixer -all-info  ProgramVersion: 7.3.2  TimeStamp: 2026/03/12-11:04:36-GMT  BuildTime: Aug  4 2022 06:17:15  BuildStamp: freesurfer-linux-ubuntu22_x86_64-7.3.2-20220804-6354275  User: oesteban  Machine: dna084  Platform: Linux  PlatformVersion: 5.14.0-427.37.1.el9_4.x86_64  CompilerName: GCC  CompilerVersion: 8.4.0
ProgramName: mri_surf2surf  ProgramArguments: mri_surf2surf -all-info  ProgramVersion: 7.3.2  TimeStamp: 2026/03/12-11:04:36-GMT  BuildTime: Aug  4 2022 06:17:15  BuildStamp: freesurfer-linux-ubuntu22_x86_64-7.3.2-20220804-6354275  User: oesteban  Machine: dna084  Platform: Linux  PlatformVersion: 5.14.0-427.37.1.el9_4.x86_64  CompilerName: GCC  CompilerVersion: 8.4.0
ProgramName: mri_surf2vol  ProgramArguments: mri_surf2vol -all-info  ProgramVersion: 7.3.2  TimeStamp: 2026/03/12-11:04:36-GMT  BuildTime: Aug  4 2022 06:17:15  BuildStamp: freesurfer-linux-ubuntu22_x86_64-7.3.2-20220804-6354275  User: oesteban  Machine: dna084  Platform: Linux  PlatformVersion: 5.14.0-427.37.1.el9_4.x86_64  CompilerName: GCC  CompilerVersion: 8.4.0
ProgramName: mri_surfcluster  ProgramArguments: mri_surfcluster -all-info  ProgramVersion: 7.3.2  TimeStamp: 2026/03/12-11:04:36-GMT  BuildTime: Aug  4 2022 06:17:15  BuildStamp: freesurfer-linux-ubuntu22_x86_64-7.3.2-20220804-6354275  User: oesteban  Machine: dna084  Platform: Linux  PlatformVersion: 5.14.0-427.37.1.el9_4.x86_64  CompilerName: GCC  CompilerVersion: 8.4.0
ProgramName: mris_volmask  ProgramArguments: mris_volmask -all-info  ProgramVersion: 7.3.2  TimeStamp: 2026/03/12-11:04:36-GMT  BuildTime: Aug  4 2022 06:17:15  BuildStamp: freesurfer-linux-ubuntu22_x86_64-7.3.2-20220804-6354275  User: oesteban  Machine: dna084  Platform: Linux  PlatformVersion: 5.14.0-427.37.1.el9_4.x86_64  CompilerName: GCC  CompilerVersion: 8.4.0
ProgramName: mri_tessellate  ProgramArguments: mri_tessellate -all-info  ProgramVersion: 7.3.2  TimeStamp: 2026/03/12-11:04:36-GMT  BuildTime: Aug  4 2022 06:17:15  BuildStamp: freesurfer-linux-ubuntu22_x86_64-7.3.2-20220804-6354275  User: oesteban  Machine: dna084  Platform: Linux  PlatformVersion: 5.14.0-427.37.1.el9_4.x86_64  CompilerName: GCC  CompilerVersion: 8.4.0
ProgramName: mri_vol2surf  ProgramArguments: mri_vol2surf -all-info  ProgramVersion: 7.3.2  TimeStamp: 2026/03/12-11:04:36-GMT  BuildTime: Aug  4 2022 06:17:15  BuildStamp: freesurfer-linux-ubuntu22_x86_64-7.3.2-20220804-6354275  User: oesteban  Machine: dna084  Platform: Linux  PlatformVersion: 5.14.0-427.37.1.el9_4.x86_64  CompilerName: GCC  CompilerVersion: 8.4.0
ProgramName: mri_vol2vol  ProgramArguments: mri_vol2vol -all-info  ProgramVersion: 7.3.2  TimeStamp: 2026/03/12-11:04:36-GMT  BuildTime: Aug  4 2022 06:17:15  BuildStamp: freesurfer-linux-ubuntu22_x86_64-7.3.2-20220804-6354275  User: oesteban  Machine: dna084  Platform: Linux  PlatformVersion: 5.14.0-427.37.1.el9_4.x86_64  CompilerName: GCC  CompilerVersion: 8.4.0
ProgramName: mri_voldiff  ProgramArguments: mri_voldiff -all-info  ProgramVersion: 7.3.2  TimeStamp: 2026/03/12-11:04:36-GMT  BuildTime: Aug  4 2022 06:17:15  BuildStamp: freesurfer-linux-ubuntu22_x86_64-7.3.2-20220804-6354275  User: oesteban  Machine: dna084  Platform: Linux  PlatformVersion: 5.14.0-427.37.1.el9_4.x86_64  CompilerName: GCC  CompilerVersion: 8.4.0
ProgramName: mri_watershed  ProgramArguments: mri_watershed -all-info  ProgramVersion: 7.3.2  TimeStamp: 2026/03/12-11:04:36-GMT  BuildTime: Aug  4 2022 06:17:15  BuildStamp: freesurfer-linux-ubuntu22_x86_64-7.3.2-20220804-6354275  User: oesteban  Machine: dna084  Platform: Linux  PlatformVersion: 5.14.0-427.37.1.el9_4.x86_64  CompilerName: GCC  CompilerVersion: 8.4.0
ProgramName: tkregister2  ProgramArguments: tkregister2_cmdl -all-info  ProgramVersion: 7.3.2  TimeStamp: 2026/03/12-11:04:36-GMT  BuildTime: Aug  4 2022 06:17:15  BuildStamp: freesurfer-linux-ubuntu22_x86_64-7.3.2-20220804-6354275  User: oesteban  Machine: dna084  Platform: Linux  PlatformVersion: 5.14.0-427.37.1.el9_4.x86_64  CompilerName: GCC  CompilerVersion: 8.4.0
mri_motion_correct.fsl 7.3.2
mri_convert -all-info 
ProgramName: mri_convert  ProgramArguments: mri_convert -all-info  ProgramVersion: 7.3.2  TimeStamp: 2026/03/12-11:04:36-GMT  BuildTime: Aug  4 2022 06:17:15  BuildStamp: freesurfer-linux-ubuntu22_x86_64-7.3.2-20220804-6354275  User: oesteban  Machine: dna084  Platform: Linux  PlatformVersion: 5.14.0-427.37.1.el9_4.x86_64  CompilerName: GCC  CompilerVersion: 8.4.0
Program nu_correct, built from:
Package MNI N3, version 1.12.0, compiled by nicks@terrier (x86_64-unknown-linux-gnu) on 2015-06-19 at 01:25:34
#######################################
GCADIR /opt/freesurfer/average
GCA RB_all_2020-01-02.gca
GCASkull RB_all_withskull_2020_01_02.gca
AvgCurvTif folding.atlas.acfb40.noaparc.i12.2016-08-02.tif
GCSDIR /opt/freesurfer/average
GCS DKaparc.atlas.acfb40.noaparc.i12.2016-08-02.gcs
#######################################
#@# white curv lh Thu Mar 12 12:04:36 CET 2026
cd /out/sourcedata/freesurfer/sub-v1s11x0050147_ses-1/mri
mris_place_surface --curv-map ../surf/lh.white 2 10 ../surf/lh.curv
   Update not needed
#@# white area lh Thu Mar 12 12:04:36 CET 2026
cd /out/sourcedata/freesurfer/sub-v1s11x0050147_ses-1/mri
mris_place_surface --area-map ../surf/lh.white ../surf/lh.area
   Update not needed
#@# pial curv lh Thu Mar 12 12:04:36 CET 2026
cd /out/sourcedata/freesurfer/sub-v1s11x0050147_ses-1/mri
mris_place_surface --curv-map ../surf/lh.pial 2 10 ../surf/lh.curv.pial
   Update not needed
#@# pial area lh Thu Mar 12 12:04:36 CET 2026
cd /out/sourcedata/freesurfer/sub-v1s11x0050147_ses-1/mri
mris_place_surface --area-map ../surf/lh.pial ../surf/lh.area.pial
   Update not needed
#@# thickness lh Thu Mar 12 12:04:36 CET 2026
cd /out/sourcedata/freesurfer/sub-v1s11x0050147_ses-1/mri
mris_place_surface --thickness ../surf/lh.white ../surf/lh.pial 20 5 ../surf/lh.thickness
   Update not needed
#@# area and vertex vol lh Thu Mar 12 12:04:36 CET 2026
cd /out/sourcedata/freesurfer/sub-v1s11x0050147_ses-1/mri
mris_place_surface --thickness ../surf/lh.white ../surf/lh.pial 20 5 ../surf/lh.thickness
   Update not needed
#@# white curv rh Thu Mar 12 12:04:36 CET 2026
cd /out/sourcedata/freesurfer/sub-v1s11x0050147_ses-1/mri
mris_place_surface --curv-map ../surf/rh.white 2 10 ../surf/rh.curv
   Update not needed
#@# white area rh Thu Mar 12 12:04:36 CET 2026
cd /out/sourcedata/freesurfer/sub-v1s11x0050147_ses-1/mri
mris_place_surface --area-map ../surf/rh.white ../surf/rh.area
   Update not needed
#@# pial curv rh Thu Mar 12 12:04:36 CET 2026
cd /out/sourcedata/freesurfer/sub-v1s11x0050147_ses-1/mri
mris_place_surface --curv-map ../surf/rh.pial 2 10 ../surf/rh.curv.pial
   Update not needed
#@# pial area rh Thu Mar 12 12:04:36 CET 2026
cd /out/sourcedata/freesurfer/sub-v1s11x0050147_ses-1/mri
mris_place_surface --area-map ../surf/rh.pial ../surf/rh.area.pial
   Update not needed
#@# thickness rh Thu Mar 12 12:04:36 CET 2026
cd /out/sourcedata/freesurfer/sub-v1s11x0050147_ses-1/mri
mris_place_surface --thickness ../surf/rh.white ../surf/rh.pial 20 5 ../surf/rh.thickness
   Update not needed
#@# area and vertex vol rh Thu Mar 12 12:04:36 CET 2026
cd /out/sourcedata/freesurfer/sub-v1s11x0050147_ses-1/mri
mris_place_surface --thickness ../surf/rh.white ../surf/rh.pial 20 5 ../surf/rh.thickness
   Update not needed
#--------------------------------------------
#@# Cortical ribbon mask Thu Mar 12 12:04:36 CET 2026
/out/sourcedata/freesurfer/sub-v1s11x0050147_ses-1/mri

 mris_volmask --aseg_name aseg.presurf --label_left_white 2 --label_left_ribbon 3 --label_right_white 41 --label_right_ribbon 42 --save_ribbon sub-v1s11x0050147_ses-1 

SUBJECTS_DIR is /out/sourcedata/freesurfer
loading input data...
Running hemis serially
Processing left hemi
computing distance to left white surface 
computing distance to left pial surface 
Processing right hemi
computing distance to right white surface 
computing distance to right pial surface 
 hemi masks overlap voxels = 338
writing volume /out/sourcedata/freesurfer/sub-v1s11x0050147_ses-1/mri/ribbon.mgz
mris_volmask took 4.93 minutes
 writing ribbon files

Started at Thu Mar 12 12:04:36 CET 2026 
Ended   at Thu Mar 12 12:09:32 CET 2026
#@#%# recon-all-run-time-hours 0.082
recon-all -s sub-v1s11x0050147_ses-1 finished without error at Thu Mar 12 12:09:32 CET 2026



#New# invocation of recon-all 




Thu Mar 12 12:15:02 CET 2026
cd /out/sourcedata/freesurfer/sub-v1s11x0050147_ses-1
setenv SUBJECTS_DIR /out/sourcedata/freesurfer
/opt/freesurfer/bin/recon-all -autorecon3 -openmp 16 -subjid sub-v1s11x0050147_ses-1 -sd /out/sourcedata/freesurfer -nosphere -nosurfreg -nojacobian_white -noavgcurv -nocortparc -nopial -noparcstats -nocortparc2 -noparcstats2 -nocortparc3 -noparcstats3 -nopctsurfcon -nocortribbon -nobalabels

subjid sub-v1s11x0050147_ses-1
setenv SUBJECTS_DIR /out/sourcedata/freesurfer
FREESURFER_HOME /opt/freesurfer
Actual FREESURFER_HOME /opt/freesurfer
build-stamp.txt: freesurfer-linux-ubuntu22_x86_64-7.3.2-20220804-6354275
Linux dna084 5.14.0-427.37.1.el9_4.x86_64 #1 SMP PREEMPT_DYNAMIC Fri Sep 13 12:41:50 EDT 2024 x86_64 x86_64 x86_64 GNU/Linux
cputime      unlimited
filesize     unlimited
datasize     unlimited
stacksize    8192 kbytes
coredumpsize 0 kbytes
memoryuse    67108864 kbytes
vmemoryuse   unlimited
descriptors  1024 
memorylocked unlimited
maxproc      2061970 
maxlocks     unlimited
maxsignal    2062029 
maxmessage   819200 
maxnice      0 
maxrtprio    0 
maxrttime    unlimited

               total        used        free      shared  buff/cache   available
Mem:           503Gi        52Gi       389Gi        26Gi        61Gi       421Gi
Swap:             0B          0B          0B

########################################
program versions used
7.3.2 (freesurfer-linux-ubuntu22_x86_64-7.3.2-20220804-6354275)
7.3.2

ProgramName: lta_convert  ProgramArguments: lta_convert -all-info  ProgramVersion: 7.3.2  TimeStamp: 2026/03/12-11:15:02-GMT  BuildTime: Aug  4 2022 06:17:15  BuildStamp: freesurfer-linux-ubuntu22_x86_64-7.3.2-20220804-6354275  User: oesteban  Machine: dna084  Platform: Linux  PlatformVersion: 5.14.0-427.37.1.el9_4.x86_64  CompilerName: GCC  CompilerVersion: 8.4.0
ProgramName: mri_and  ProgramArguments: mri_and -all-info  ProgramVersion: 7.3.2  TimeStamp: 2026/03/12-11:15:02-GMT  BuildTime: Aug  4 2022 06:17:15  BuildStamp: freesurfer-linux-ubuntu22_x86_64-7.3.2-20220804-6354275  User: oesteban  Machine: dna084  Platform: Linux  PlatformVersion: 5.14.0-427.37.1.el9_4.x86_64  CompilerName: GCC  CompilerVersion: 8.4.0
ProgramName: mri_annotation2label  ProgramArguments: mri_annotation2label -all-info  ProgramVersion: 7.3.2  TimeStamp: 2026/03/12-11:15:02-GMT  BuildTime: Aug  4 2022 06:17:15  BuildStamp: freesurfer-linux-ubuntu22_x86_64-7.3.2-20220804-6354275  User: oesteban  Machine: dna084  Platform: Linux  PlatformVersion: 5.14.0-427.37.1.el9_4.x86_64  CompilerName: GCC  CompilerVersion: 8.4.0
ProgramName: mri_aparc2aseg  ProgramArguments: mri_aparc2aseg -all-info  ProgramVersion: 7.3.2  TimeStamp: 2026/03/12-11:15:02-GMT  BuildTime: Aug  4 2022 06:17:15  BuildStamp: freesurfer-linux-ubuntu22_x86_64-7.3.2-20220804-6354275  User: oesteban  Machine: dna084  Platform: Linux  PlatformVersion: 5.14.0-427.37.1.el9_4.x86_64  CompilerName: GCC  CompilerVersion: 8.4.0
ProgramName: mri_surf2volseg  ProgramArguments: mri_surf2volseg -all-info  ProgramVersion: 7.3.2  TimeStamp: 2026/03/12-11:15:02-GMT  BuildTime: Aug  4 2022 06:17:15  BuildStamp: freesurfer-linux-ubuntu22_x86_64-7.3.2-20220804-6354275  User: oesteban  Machine: dna084  Platform: Linux  PlatformVersion: 5.14.0-427.37.1.el9_4.x86_64  CompilerName: GCC  CompilerVersion: 8.4.0
ProgramName: mri_binarize  ProgramArguments: mri_binarize -all-info  ProgramVersion: 7.3.2  TimeStamp: 2026/03/12-11:15:02-GMT  BuildTime: Aug  4 2022 06:17:15  BuildStamp: freesurfer-linux-ubuntu22_x86_64-7.3.2-20220804-6354275  User: oesteban  Machine: dna084  Platform: Linux  PlatformVersion: 5.14.0-427.37.1.el9_4.x86_64  CompilerName: GCC  CompilerVersion: 8.4.0
ProgramName: mri_ca_label  ProgramArguments: mri_ca_label -all-info  ProgramVersion: 7.3.2  TimeStamp: 2026/03/12-11:15:02-GMT  BuildTime: Aug  4 2022 06:17:15  BuildStamp: freesurfer-linux-ubuntu22_x86_64-7.3.2-20220804-6354275  User: oesteban  Machine: dna084  Platform: Linux  PlatformVersion: 5.14.0-427.37.1.el9_4.x86_64  CompilerName: GCC  CompilerVersion: 8.4.0
ProgramName: mri_ca_normalize  ProgramArguments: mri_ca_normalize -all-info  ProgramVersion: 7.3.2  TimeStamp: 2026/03/12-11:15:02-GMT  BuildTime: Aug  4 2022 06:17:15  BuildStamp: freesurfer-linux-ubuntu22_x86_64-7.3.2-20220804-6354275  User: oesteban  Machine: dna084  Platform: Linux  PlatformVersion: 5.14.0-427.37.1.el9_4.x86_64  CompilerName: GCC  CompilerVersion: 8.4.0
ProgramName: mri_ca_register  ProgramArguments: mri_ca_register -all-info  ProgramVersion: 7.3.2  TimeStamp: 2026/03/12-11:15:02-GMT  BuildTime: Aug  4 2022 06:17:15  BuildStamp: freesurfer-linux-ubuntu22_x86_64-7.3.2-20220804-6354275  User: oesteban  Machine: dna084  Platform: Linux  PlatformVersion: 5.14.0-427.37.1.el9_4.x86_64  CompilerName: GCC  CompilerVersion: 8.4.0
ProgramName: mri_cc  ProgramArguments: mri_cc -all-info  ProgramVersion: 7.3.2  TimeStamp: 2026/03/12-11:15:02-GMT  BuildTime: Aug  4 2022 06:17:15  BuildStamp: freesurfer-linux-ubuntu22_x86_64-7.3.2-20220804-6354275  User: oesteban  Machine: dna084  Platform: Linux  PlatformVersion: 5.14.0-427.37.1.el9_4.x86_64  CompilerName: GCC  CompilerVersion: 8.4.0
ProgramName: mri_compute_overlap  ProgramArguments: mri_compute_overlap -all-info  ProgramVersion: 7.3.2  TimeStamp: 2026/03/12-11:15:02-GMT  BuildTime: Aug  4 2022 06:17:15  BuildStamp: freesurfer-linux-ubuntu22_x86_64-7.3.2-20220804-6354275  User: oesteban  Machine: dna084  Platform: Linux  PlatformVersion: 5.14.0-427.37.1.el9_4.x86_64  CompilerName: GCC  CompilerVersion: 8.4.0
ProgramName: mri_compute_seg_overlap  ProgramArguments: mri_compute_seg_overlap -all-info  ProgramVersion: 7.3.2  TimeStamp: 2026/03/12-11:15:02-GMT  BuildTime: Aug  4 2022 06:17:15  BuildStamp: freesurfer-linux-ubuntu22_x86_64-7.3.2-20220804-6354275  User: oesteban  Machine: dna084  Platform: Linux  PlatformVersion: 5.14.0-427.37.1.el9_4.x86_64  CompilerName: GCC  CompilerVersion: 8.4.0
ProgramName: mri_concat  ProgramArguments: mri_concat -all-info  ProgramVersion: 7.3.2  TimeStamp: 2026/03/12-11:15:02-GMT  BuildTime: Aug  4 2022 06:17:15  BuildStamp: freesurfer-linux-ubuntu22_x86_64-7.3.2-20220804-6354275  User: oesteban  Machine: dna084  Platform: Linux  PlatformVersion: 5.14.0-427.37.1.el9_4.x86_64  CompilerName: GCC  CompilerVersion: 8.4.0
ProgramName: mri_concatenate_lta  ProgramArguments: mri_concatenate_lta -all-info  ProgramVersion: 7.3.2  TimeStamp: 2026/03/12-11:15:02-GMT  BuildTime: Aug  4 2022 06:17:15  BuildStamp: freesurfer-linux-ubuntu22_x86_64-7.3.2-20220804-6354275  User: oesteban  Machine: dna084  Platform: Linux  PlatformVersion: 5.14.0-427.37.1.el9_4.x86_64  CompilerName: GCC  CompilerVersion: 8.4.0
mri_convert -all-info 
ProgramName: mri_convert  ProgramArguments: mri_convert -all-info  ProgramVersion: 7.3.2  TimeStamp: 2026/03/12-11:15:02-GMT  BuildTime: Aug  4 2022 06:17:15  BuildStamp: freesurfer-linux-ubuntu22_x86_64-7.3.2-20220804-6354275  User: oesteban  Machine: dna084  Platform: Linux  PlatformVersion: 5.14.0-427.37.1.el9_4.x86_64  CompilerName: GCC  CompilerVersion: 8.4.0
ProgramName: mri_diff  ProgramArguments: mri_diff -all-info  ProgramVersion: 7.3.2  TimeStamp: 2026/03/12-11:15:02-GMT  BuildTime: Aug  4 2022 06:17:15  BuildStamp: freesurfer-linux-ubuntu22_x86_64-7.3.2-20220804-6354275  User: oesteban  Machine: dna084  Platform: Linux  PlatformVersion: 5.14.0-427.37.1.el9_4.x86_64  CompilerName: GCC  CompilerVersion: 8.4.0
ProgramName: mri_edit_wm_with_aseg  ProgramArguments: mri_edit_wm_with_aseg -all-info  ProgramVersion: 7.3.2  TimeStamp: 2026/03/12-11:15:02-GMT  BuildTime: Aug  4 2022 06:17:15  BuildStamp: freesurfer-linux-ubuntu22_x86_64-7.3.2-20220804-6354275  User: oesteban  Machine: dna084  Platform: Linux  PlatformVersion: 5.14.0-427.37.1.el9_4.x86_64  CompilerName: GCC  CompilerVersion: 8.4.0
ProgramName: mri_em_register  ProgramArguments: mri_em_register -all-info  ProgramVersion: 7.3.2  TimeStamp: 2026/03/12-11:15:02-GMT  BuildTime: Aug  4 2022 06:17:15  BuildStamp: freesurfer-linux-ubuntu22_x86_64-7.3.2-20220804-6354275  User: oesteban  Machine: dna084  Platform: Linux  PlatformVersion: 5.14.0-427.37.1.el9_4.x86_64  CompilerName: GCC  CompilerVersion: 8.4.0
ProgramName: mri_fill  ProgramArguments: mri_fill -all-info  ProgramVersion: 7.3.2  TimeStamp: 2026/03/12-11:15:02-GMT  BuildTime: Aug  4 2022 06:17:15  BuildStamp: freesurfer-linux-ubuntu22_x86_64-7.3.2-20220804-6354275  User: oesteban  Machine: dna084  Platform: Linux  PlatformVersion: 5.14.0-427.37.1.el9_4.x86_64  CompilerName: GCC  CompilerVersion: 8.4.0
ProgramName: mri_fuse_segmentations  ProgramArguments: mri_fuse_segmentations -all-info  ProgramVersion: 7.3.2  TimeStamp: 2026/03/12-11:15:02-GMT  BuildTime: Aug  4 2022 06:17:15  BuildStamp: freesurfer-linux-ubuntu22_x86_64-7.3.2-20220804-6354275  User: oesteban  Machine: dna084  Platform: Linux  PlatformVersion: 5.14.0-427.37.1.el9_4.x86_64  CompilerName: GCC  CompilerVersion: 8.4.0
ProgramName: mri_fwhm  ProgramArguments: mri_fwhm -all-info  ProgramVersion: 7.3.2  TimeStamp: 2026/03/12-11:15:02-GMT  BuildTime: Aug  4 2022 06:17:15  BuildStamp: freesurfer-linux-ubuntu22_x86_64-7.3.2-20220804-6354275  User: oesteban  Machine: dna084  Platform: Linux  PlatformVersion: 5.14.0-427.37.1.el9_4.x86_64  CompilerName: GCC  CompilerVersion: 8.4.0
ProgramName: mri_gcut  ProgramArguments: mri_gcut -all-info  ProgramVersion: 7.3.2  TimeStamp: 2026/03/12-11:15:02-GMT  BuildTime: Aug  4 2022 06:17:15  BuildStamp: freesurfer-linux-ubuntu22_x86_64-7.3.2-20220804-6354275  User: oesteban  Machine: dna084  Platform: Linux  PlatformVersion: 5.14.0-427.37.1.el9_4.x86_64  CompilerName: GCC  CompilerVersion: 8.4.0
ProgramName: mri_info  ProgramArguments: mri_info -all-info  ProgramVersion: 7.3.2  TimeStamp: 2026/03/12-11:15:02-GMT  BuildTime: Aug  4 2022 06:17:15  BuildStamp: freesurfer-linux-ubuntu22_x86_64-7.3.2-20220804-6354275  User: oesteban  Machine: dna084  Platform: Linux  PlatformVersion: 5.14.0-427.37.1.el9_4.x86_64  CompilerName: GCC  CompilerVersion: 8.4.0
ProgramName: mri_label2label  ProgramArguments: mri_label2label -all-info  ProgramVersion: 7.3.2  TimeStamp: 2026/03/12-11:15:02-GMT  BuildTime: Aug  4 2022 06:17:15  BuildStamp: freesurfer-linux-ubuntu22_x86_64-7.3.2-20220804-6354275  User: oesteban  Machine: dna084  Platform: Linux  PlatformVersion: 5.14.0-427.37.1.el9_4.x86_64  CompilerName: GCC  CompilerVersion: 8.4.0
ProgramName: mri_label2vol  ProgramArguments: mri_label2vol -all-info  ProgramVersion: 7.3.2  TimeStamp: 2026/03/12-11:15:02-GMT  BuildTime: Aug  4 2022 06:17:15  BuildStamp: freesurfer-linux-ubuntu22_x86_64-7.3.2-20220804-6354275  User: oesteban  Machine: dna084  Platform: Linux  PlatformVersion: 5.14.0-427.37.1.el9_4.x86_64  CompilerName: GCC  CompilerVersion: 8.4.0
ProgramName: mri_log_likelihood  ProgramArguments: mri_log_likelihood -all-info  ProgramVersion: 7.3.2  TimeStamp: 2026/03/12-11:15:02-GMT  BuildTime: Aug  4 2022 06:17:15  BuildStamp: freesurfer-linux-ubuntu22_x86_64-7.3.2-20220804-6354275  User: oesteban  Machine: dna084  Platform: Linux  PlatformVersion: 5.14.0-427.37.1.el9_4.x86_64  CompilerName: GCC  CompilerVersion: 8.4.0
ProgramName: mri_mask  ProgramArguments: mri_mask -all-info  ProgramVersion: 7.3.2  TimeStamp: 2026/03/12-11:15:02-GMT  BuildTime: Aug  4 2022 06:17:15  BuildStamp: freesurfer-linux-ubuntu22_x86_64-7.3.2-20220804-6354275  User: oesteban  Machine: dna084  Platform: Linux  PlatformVersion: 5.14.0-427.37.1.el9_4.x86_64  CompilerName: GCC  CompilerVersion: 8.4.0
ProgramName: mri_matrix_multiply  ProgramArguments: mri_matrix_multiply -all-info  ProgramVersion: 7.3.2  TimeStamp: 2026/03/12-11:15:02-GMT  BuildTime: Aug  4 2022 06:17:15  BuildStamp: freesurfer-linux-ubuntu22_x86_64-7.3.2-20220804-6354275  User: oesteban  Machine: dna084  Platform: Linux  PlatformVersion: 5.14.0-427.37.1.el9_4.x86_64  CompilerName: GCC  CompilerVersion: 8.4.0
ProgramName: mri_normalize  ProgramArguments: mri_normalize -all-info  ProgramVersion: 7.3.2  TimeStamp: 2026/03/12-11:15:02-GMT  BuildTime: Aug  4 2022 06:17:15  BuildStamp: freesurfer-linux-ubuntu22_x86_64-7.3.2-20220804-6354275  User: oesteban  Machine: dna084  Platform: Linux  PlatformVersion: 5.14.0-427.37.1.el9_4.x86_64  CompilerName: GCC  CompilerVersion: 8.4.0
ProgramName: mri_normalize_tp2  ProgramArguments: mri_normalize_tp2 -all-info  ProgramVersion: 7.3.2  TimeStamp: 2026/03/12-11:15:02-GMT  BuildTime: Aug  4 2022 06:17:15  BuildStamp: freesurfer-linux-ubuntu22_x86_64-7.3.2-20220804-6354275  User: oesteban  Machine: dna084  Platform: Linux  PlatformVersion: 5.14.0-427.37.1.el9_4.x86_64  CompilerName: GCC  CompilerVersion: 8.4.0
ProgramName: mri_or  ProgramArguments: mri_or -all-info  ProgramVersion: 7.3.2  TimeStamp: 2026/03/12-11:15:02-GMT  BuildTime: Aug  4 2022 06:17:15  BuildStamp: freesurfer-linux-ubuntu22_x86_64-7.3.2-20220804-6354275  User: oesteban  Machine: dna084  Platform: Linux  PlatformVersion: 5.14.0-427.37.1.el9_4.x86_64  CompilerName: GCC  CompilerVersion: 8.4.0
ProgramName: mri_relabel_hypointensities  ProgramArguments: mri_relabel_hypointensities -all-info  ProgramVersion: 7.3.2  TimeStamp: 2026/03/12-11:15:02-GMT  BuildTime: Aug  4 2022 06:17:15  BuildStamp: freesurfer-linux-ubuntu22_x86_64-7.3.2-20220804-6354275  User: oesteban  Machine: dna084  Platform: Linux  PlatformVersion: 5.14.0-427.37.1.el9_4.x86_64  CompilerName: GCC  CompilerVersion: 8.4.0
ProgramName: mri_relabel_nonwm_hypos  ProgramArguments: mri_relabel_nonwm_hypos -all-info  ProgramVersion: 7.3.2  TimeStamp: 2026/03/12-11:15:02-GMT  BuildTime: Aug  4 2022 06:17:15  BuildStamp: freesurfer-linux-ubuntu22_x86_64-7.3.2-20220804-6354275  User: oesteban  Machine: dna084  Platform: Linux  PlatformVersion: 5.14.0-427.37.1.el9_4.x86_64  CompilerName: GCC  CompilerVersion: 8.4.0
ProgramName: mri_remove_neck  ProgramArguments: mri_remove_neck -all-info  ProgramVersion: 7.3.2  TimeStamp: 2026/03/12-11:15:02-GMT  BuildTime: Aug  4 2022 06:17:15  BuildStamp: freesurfer-linux-ubuntu22_x86_64-7.3.2-20220804-6354275  User: oesteban  Machine: dna084  Platform: Linux  PlatformVersion: 5.14.0-427.37.1.el9_4.x86_64  CompilerName: GCC  CompilerVersion: 8.4.0
7.3.2

ProgramName: mri_robust_register  ProgramArguments: mri_robust_register -all-info  ProgramVersion: 7.3.2  TimeStamp: 2026/03/12-11:15:02-GMT  BuildTime: Aug  4 2022 06:17:15  BuildStamp: freesurfer-linux-ubuntu22_x86_64-7.3.2-20220804-6354275  User: oesteban  Machine: dna084  Platform: Linux  PlatformVersion: 5.14.0-427.37.1.el9_4.x86_64  CompilerName: GCC  CompilerVersion: 8.4.0
7.3.2

ProgramName: mri_robust_template  ProgramArguments: mri_robust_template -all-info  ProgramVersion: 7.3.2  TimeStamp: 2026/03/12-11:15:02-GMT  BuildTime: Aug  4 2022 06:17:15  BuildStamp: freesurfer-linux-ubuntu22_x86_64-7.3.2-20220804-6354275  User: oesteban  Machine: dna084  Platform: Linux  PlatformVersion: 5.14.0-427.37.1.el9_4.x86_64  CompilerName: GCC  CompilerVersion: 8.4.0
ProgramName: mris_anatomical_stats  ProgramArguments: mris_anatomical_stats -all-info  ProgramVersion: 7.3.2  TimeStamp: 2026/03/12-11:15:02-GMT  BuildTime: Aug  4 2022 06:17:15  BuildStamp: freesurfer-linux-ubuntu22_x86_64-7.3.2-20220804-6354275  User: oesteban  Machine: dna084  Platform: Linux  PlatformVersion: 5.14.0-427.37.1.el9_4.x86_64  CompilerName: GCC  CompilerVersion: 8.4.0
ProgramName: mris_ca_label  ProgramArguments: mris_ca_label -all-info  ProgramVersion: 7.3.2  TimeStamp: 2026/03/12-11:15:02-GMT  BuildTime: Aug  4 2022 06:17:15  BuildStamp: freesurfer-linux-ubuntu22_x86_64-7.3.2-20220804-6354275  User: oesteban  Machine: dna084  Platform: Linux  PlatformVersion: 5.14.0-427.37.1.el9_4.x86_64  CompilerName: GCC  CompilerVersion: 8.4.0
ProgramName: mris_calc  ProgramArguments: mris_calc -all-info  ProgramVersion: 7.3.2  TimeStamp: 2026/03/12-11:15:02-GMT  BuildTime: Aug  4 2022 06:17:15  BuildStamp: freesurfer-linux-ubuntu22_x86_64-7.3.2-20220804-6354275  User: oesteban  Machine: dna084  Platform: Linux  PlatformVersion: 5.14.0-427.37.1.el9_4.x86_64  CompilerName: GCC  CompilerVersion: 8.4.0
ProgramName: mris_convert  ProgramArguments: mris_convert -all-info  ProgramVersion: 7.3.2  TimeStamp: 2026/03/12-11:15:02-GMT  BuildTime: Aug  4 2022 06:17:15  BuildStamp: freesurfer-linux-ubuntu22_x86_64-7.3.2-20220804-6354275  User: oesteban  Machine: dna084  Platform: Linux  PlatformVersion: 5.14.0-427.37.1.el9_4.x86_64  CompilerName: GCC  CompilerVersion: 8.4.0
ProgramName: mris_curvature  ProgramArguments: mris_curvature -all-info  ProgramVersion: 7.3.2  TimeStamp: 2026/03/12-11:15:02-GMT  BuildTime: Aug  4 2022 06:17:15  BuildStamp: freesurfer-linux-ubuntu22_x86_64-7.3.2-20220804-6354275  User: oesteban  Machine: dna084  Platform: Linux  PlatformVersion: 5.14.0-427.37.1.el9_4.x86_64  CompilerName: GCC  CompilerVersion: 8.4.0
ProgramName: mris_curvature_stats  ProgramArguments: mris_curvature_stats -all-info  ProgramVersion: 7.3.2  TimeStamp: 2026/03/12-11:15:02-GMT  BuildTime: Aug  4 2022 06:17:15  BuildStamp: freesurfer-linux-ubuntu22_x86_64-7.3.2-20220804-6354275  User: oesteban  Machine: dna084  Platform: Linux  PlatformVersion: 5.14.0-427.37.1.el9_4.x86_64  CompilerName: GCC  CompilerVersion: 8.4.0
ProgramName: mris_diff  ProgramArguments: mris_diff -all-info  ProgramVersion: 7.3.2  TimeStamp: 2026/03/12-11:15:02-GMT  BuildTime: Aug  4 2022 06:17:15  BuildStamp: freesurfer-linux-ubuntu22_x86_64-7.3.2-20220804-6354275  User: oesteban  Machine: dna084  Platform: Linux  PlatformVersion: 5.14.0-427.37.1.el9_4.x86_64  CompilerName: GCC  CompilerVersion: 8.4.0
ProgramName: mris_divide_parcellation  ProgramArguments: mris_divide_parcellation -all-info  ProgramVersion: 7.3.2  TimeStamp: 2026/03/12-11:15:02-GMT  BuildTime: Aug  4 2022 06:17:15  BuildStamp: freesurfer-linux-ubuntu22_x86_64-7.3.2-20220804-6354275  User: oesteban  Machine: dna084  Platform: Linux  PlatformVersion: 5.14.0-427.37.1.el9_4.x86_64  CompilerName: GCC  CompilerVersion: 8.4.0
ProgramName: mri_segment  ProgramArguments: mri_segment -all-info  ProgramVersion: 7.3.2  TimeStamp: 2026/03/12-11:15:02-GMT  BuildTime: Aug  4 2022 06:17:15  BuildStamp: freesurfer-linux-ubuntu22_x86_64-7.3.2-20220804-6354275  User: oesteban  Machine: dna084  Platform: Linux  PlatformVersion: 5.14.0-427.37.1.el9_4.x86_64  CompilerName: GCC  CompilerVersion: 8.4.0
ProgramName: mri_segstats  ProgramArguments: mri_segstats -all-info  ProgramVersion: 7.3.2  TimeStamp: 2026/03/12-11:15:02-GMT  BuildTime: Aug  4 2022 06:17:15  BuildStamp: freesurfer-linux-ubuntu22_x86_64-7.3.2-20220804-6354275  User: oesteban  Machine: dna084  Platform: Linux  PlatformVersion: 5.14.0-427.37.1.el9_4.x86_64  CompilerName: GCC  CompilerVersion: 8.4.0
ProgramName: mris_euler_number  ProgramArguments: mris_euler_number -all-info  ProgramVersion: 7.3.2  TimeStamp: 2026/03/12-11:15:02-GMT  BuildTime: Aug  4 2022 06:17:15  BuildStamp: freesurfer-linux-ubuntu22_x86_64-7.3.2-20220804-6354275  User: oesteban  Machine: dna084  Platform: Linux  PlatformVersion: 5.14.0-427.37.1.el9_4.x86_64  CompilerName: GCC  CompilerVersion: 8.4.0
ProgramName: mris_fix_topology  ProgramArguments: mris_fix_topology -all-info  ProgramVersion: 7.3.2  TimeStamp: 2026/03/12-11:15:02-GMT  BuildTime: Aug  4 2022 06:17:15  BuildStamp: freesurfer-linux-ubuntu22_x86_64-7.3.2-20220804-6354275  User: oesteban  Machine: dna084  Platform: Linux  PlatformVersion: 5.14.0-427.37.1.el9_4.x86_64  CompilerName: GCC  CompilerVersion: 8.4.0
ProgramName: mris_topo_fixer  ProgramArguments: mris_topo_fixer -all-info  ProgramVersion: 7.3.2  TimeStamp: 2026/03/12-11:15:02-GMT  BuildTime: Aug  4 2022 06:17:15  BuildStamp: freesurfer-linux-ubuntu22_x86_64-7.3.2-20220804-6354275  User: oesteban  Machine: dna084  Platform: Linux  PlatformVersion: 5.14.0-427.37.1.el9_4.x86_64  CompilerName: GCC  CompilerVersion: 8.4.0
ProgramName: mris_jacobian  ProgramArguments: mris_jacobian -all-info  ProgramVersion: 7.3.2  TimeStamp: 2026/03/12-11:15:02-GMT  BuildTime: Aug  4 2022 06:17:15  BuildStamp: freesurfer-linux-ubuntu22_x86_64-7.3.2-20220804-6354275  User: oesteban  Machine: dna084  Platform: Linux  PlatformVersion: 5.14.0-427.37.1.el9_4.x86_64  CompilerName: GCC  CompilerVersion: 8.4.0
ProgramName: mris_label2annot  ProgramArguments: mris_label2annot -all-info  ProgramVersion: 7.3.2  TimeStamp: 2026/03/12-11:15:02-GMT  BuildTime: Aug  4 2022 06:17:15  BuildStamp: freesurfer-linux-ubuntu22_x86_64-7.3.2-20220804-6354275  User: oesteban  Machine: dna084  Platform: Linux  PlatformVersion: 5.14.0-427.37.1.el9_4.x86_64  CompilerName: GCC  CompilerVersion: 8.4.0
ProgramName: mris_left_right_register  ProgramArguments: mris_left_right_register -all-info  ProgramVersion: 7.3.2  TimeStamp: 2026/03/12-11:15:02-GMT  BuildTime: Aug  4 2022 06:17:15  BuildStamp: freesurfer-linux-ubuntu22_x86_64-7.3.2-20220804-6354275  User: oesteban  Machine: dna084  Platform: Linux  PlatformVersion: 5.14.0-427.37.1.el9_4.x86_64  CompilerName: GCC  CompilerVersion: 8.4.0
ProgramName: mris_place_surface  ProgramArguments: mris_place_surface -all-info  ProgramVersion: 7.3.2  TimeStamp: 2026/03/12-11:15:02-GMT  BuildTime: Aug  4 2022 06:17:15  BuildStamp: freesurfer-linux-ubuntu22_x86_64-7.3.2-20220804-6354275  User: oesteban  Machine: dna084  Platform: Linux  PlatformVersion: 5.14.0-427.37.1.el9_4.x86_64  CompilerName: GCC  CompilerVersion: 8.4.0
ProgramName: mrisp_paint  ProgramArguments: mrisp_paint -all-info  ProgramVersion: 7.3.2  TimeStamp: 2026/03/12-11:15:02-GMT  BuildTime: Aug  4 2022 06:17:15  BuildStamp: freesurfer-linux-ubuntu22_x86_64-7.3.2-20220804-6354275  User: oesteban  Machine: dna084  Platform: Linux  PlatformVersion: 5.14.0-427.37.1.el9_4.x86_64  CompilerName: GCC  CompilerVersion: 8.4.0
ProgramName: mris_register  ProgramArguments: mris_register -all-info  ProgramVersion: 7.3.2  TimeStamp: 2026/03/12-11:15:02-GMT  BuildTime: Aug  4 2022 06:17:15  BuildStamp: freesurfer-linux-ubuntu22_x86_64-7.3.2-20220804-6354275  User: oesteban  Machine: dna084  Platform: Linux  PlatformVersion: 5.14.0-427.37.1.el9_4.x86_64  CompilerName: GCC  CompilerVersion: 8.4.0
ProgramName: mris_smooth  ProgramArguments: mris_smooth -all-info  ProgramVersion: 7.3.2  TimeStamp: 2026/03/12-11:15:02-GMT  BuildTime: Aug  4 2022 06:17:15  BuildStamp: freesurfer-linux-ubuntu22_x86_64-7.3.2-20220804-6354275  User: oesteban  Machine: dna084  Platform: Linux  PlatformVersion: 5.14.0-427.37.1.el9_4.x86_64  CompilerName: GCC  CompilerVersion: 8.4.0
ProgramName: mris_sphere  ProgramArguments: mris_sphere -all-info  ProgramVersion: 7.3.2  TimeStamp: 2026/03/12-11:15:02-GMT  BuildTime: Aug  4 2022 06:17:15  BuildStamp: freesurfer-linux-ubuntu22_x86_64-7.3.2-20220804-6354275  User: oesteban  Machine: dna084  Platform: Linux  PlatformVersion: 5.14.0-427.37.1.el9_4.x86_64  CompilerName: GCC  CompilerVersion: 8.4.0
ProgramName: mris_surface_stats  ProgramArguments: mris_surface_stats -all-info  ProgramVersion: 7.3.2  TimeStamp: 2026/03/12-11:15:02-GMT  BuildTime: Aug  4 2022 06:17:15  BuildStamp: freesurfer-linux-ubuntu22_x86_64-7.3.2-20220804-6354275  User: oesteban  Machine: dna084  Platform: Linux  PlatformVersion: 5.14.0-427.37.1.el9_4.x86_64  CompilerName: GCC  CompilerVersion: 8.4.0
ProgramName: mri_stats2seg  ProgramArguments: mri_stats2seg -all-info  ProgramVersion: 7.3.2  TimeStamp: 2026/03/12-11:15:02-GMT  BuildTime: Aug  4 2022 06:17:15  BuildStamp: freesurfer-linux-ubuntu22_x86_64-7.3.2-20220804-6354275  User: oesteban  Machine: dna084  Platform: Linux  PlatformVersion: 5.14.0-427.37.1.el9_4.x86_64  CompilerName: GCC  CompilerVersion: 8.4.0
ProgramName: mris_thickness  ProgramArguments: mris_thickness -all-info  ProgramVersion: 7.3.2  TimeStamp: 2026/03/12-11:15:02-GMT  BuildTime: Aug  4 2022 06:17:15  BuildStamp: freesurfer-linux-ubuntu22_x86_64-7.3.2-20220804-6354275  User: oesteban  Machine: dna084  Platform: Linux  PlatformVersion: 5.14.0-427.37.1.el9_4.x86_64  CompilerName: GCC  CompilerVersion: 8.4.0
ProgramName: mris_thickness_diff  ProgramArguments: mris_thickness_diff -all-info  ProgramVersion: 7.3.2  TimeStamp: 2026/03/12-11:15:02-GMT  BuildTime: Aug  4 2022 06:17:15  BuildStamp: freesurfer-linux-ubuntu22_x86_64-7.3.2-20220804-6354275  User: oesteban  Machine: dna084  Platform: Linux  PlatformVersion: 5.14.0-427.37.1.el9_4.x86_64  CompilerName: GCC  CompilerVersion: 8.4.0
ProgramName: mris_topo_fixer  ProgramArguments: mris_topo_fixer -all-info  ProgramVersion: 7.3.2  TimeStamp: 2026/03/12-11:15:02-GMT  BuildTime: Aug  4 2022 06:17:15  BuildStamp: freesurfer-linux-ubuntu22_x86_64-7.3.2-20220804-6354275  User: oesteban  Machine: dna084  Platform: Linux  PlatformVersion: 5.14.0-427.37.1.el9_4.x86_64  CompilerName: GCC  CompilerVersion: 8.4.0
ProgramName: mri_surf2surf  ProgramArguments: mri_surf2surf -all-info  ProgramVersion: 7.3.2  TimeStamp: 2026/03/12-11:15:02-GMT  BuildTime: Aug  4 2022 06:17:15  BuildStamp: freesurfer-linux-ubuntu22_x86_64-7.3.2-20220804-6354275  User: oesteban  Machine: dna084  Platform: Linux  PlatformVersion: 5.14.0-427.37.1.el9_4.x86_64  CompilerName: GCC  CompilerVersion: 8.4.0
ProgramName: mri_surf2vol  ProgramArguments: mri_surf2vol -all-info  ProgramVersion: 7.3.2  TimeStamp: 2026/03/12-11:15:02-GMT  BuildTime: Aug  4 2022 06:17:15  BuildStamp: freesurfer-linux-ubuntu22_x86_64-7.3.2-20220804-6354275  User: oesteban  Machine: dna084  Platform: Linux  PlatformVersion: 5.14.0-427.37.1.el9_4.x86_64  CompilerName: GCC  CompilerVersion: 8.4.0
ProgramName: mri_surfcluster  ProgramArguments: mri_surfcluster -all-info  ProgramVersion: 7.3.2  TimeStamp: 2026/03/12-11:15:02-GMT  BuildTime: Aug  4 2022 06:17:15  BuildStamp: freesurfer-linux-ubuntu22_x86_64-7.3.2-20220804-6354275  User: oesteban  Machine: dna084  Platform: Linux  PlatformVersion: 5.14.0-427.37.1.el9_4.x86_64  CompilerName: GCC  CompilerVersion: 8.4.0
ProgramName: mris_volmask  ProgramArguments: mris_volmask -all-info  ProgramVersion: 7.3.2  TimeStamp: 2026/03/12-11:15:02-GMT  BuildTime: Aug  4 2022 06:17:15  BuildStamp: freesurfer-linux-ubuntu22_x86_64-7.3.2-20220804-6354275  User: oesteban  Machine: dna084  Platform: Linux  PlatformVersion: 5.14.0-427.37.1.el9_4.x86_64  CompilerName: GCC  CompilerVersion: 8.4.0
ProgramName: mri_tessellate  ProgramArguments: mri_tessellate -all-info  ProgramVersion: 7.3.2  TimeStamp: 2026/03/12-11:15:02-GMT  BuildTime: Aug  4 2022 06:17:15  BuildStamp: freesurfer-linux-ubuntu22_x86_64-7.3.2-20220804-6354275  User: oesteban  Machine: dna084  Platform: Linux  PlatformVersion: 5.14.0-427.37.1.el9_4.x86_64  CompilerName: GCC  CompilerVersion: 8.4.0
ProgramName: mri_vol2surf  ProgramArguments: mri_vol2surf -all-info  ProgramVersion: 7.3.2  TimeStamp: 2026/03/12-11:15:02-GMT  BuildTime: Aug  4 2022 06:17:15  BuildStamp: freesurfer-linux-ubuntu22_x86_64-7.3.2-20220804-6354275  User: oesteban  Machine: dna084  Platform: Linux  PlatformVersion: 5.14.0-427.37.1.el9_4.x86_64  CompilerName: GCC  CompilerVersion: 8.4.0
ProgramName: mri_vol2vol  ProgramArguments: mri_vol2vol -all-info  ProgramVersion: 7.3.2  TimeStamp: 2026/03/12-11:15:02-GMT  BuildTime: Aug  4 2022 06:17:15  BuildStamp: freesurfer-linux-ubuntu22_x86_64-7.3.2-20220804-6354275  User: oesteban  Machine: dna084  Platform: Linux  PlatformVersion: 5.14.0-427.37.1.el9_4.x86_64  CompilerName: GCC  CompilerVersion: 8.4.0
ProgramName: mri_voldiff  ProgramArguments: mri_voldiff -all-info  ProgramVersion: 7.3.2  TimeStamp: 2026/03/12-11:15:02-GMT  BuildTime: Aug  4 2022 06:17:15  BuildStamp: freesurfer-linux-ubuntu22_x86_64-7.3.2-20220804-6354275  User: oesteban  Machine: dna084  Platform: Linux  PlatformVersion: 5.14.0-427.37.1.el9_4.x86_64  CompilerName: GCC  CompilerVersion: 8.4.0
ProgramName: mri_watershed  ProgramArguments: mri_watershed -all-info  ProgramVersion: 7.3.2  TimeStamp: 2026/03/12-11:15:02-GMT  BuildTime: Aug  4 2022 06:17:15  BuildStamp: freesurfer-linux-ubuntu22_x86_64-7.3.2-20220804-6354275  User: oesteban  Machine: dna084  Platform: Linux  PlatformVersion: 5.14.0-427.37.1.el9_4.x86_64  CompilerName: GCC  CompilerVersion: 8.4.0
ProgramName: tkregister2  ProgramArguments: tkregister2_cmdl -all-info  ProgramVersion: 7.3.2  TimeStamp: 2026/03/12-11:15:02-GMT  BuildTime: Aug  4 2022 06:17:15  BuildStamp: freesurfer-linux-ubuntu22_x86_64-7.3.2-20220804-6354275  User: oesteban  Machine: dna084  Platform: Linux  PlatformVersion: 5.14.0-427.37.1.el9_4.x86_64  CompilerName: GCC  CompilerVersion: 8.4.0
mri_motion_correct.fsl 7.3.2
mri_convert -all-info 
ProgramName: mri_convert  ProgramArguments: mri_convert -all-info  ProgramVersion: 7.3.2  TimeStamp: 2026/03/12-11:15:02-GMT  BuildTime: Aug  4 2022 06:17:15  BuildStamp: freesurfer-linux-ubuntu22_x86_64-7.3.2-20220804-6354275  User: oesteban  Machine: dna084  Platform: Linux  PlatformVersion: 5.14.0-427.37.1.el9_4.x86_64  CompilerName: GCC  CompilerVersion: 8.4.0
Program nu_correct, built from:
Package MNI N3, version 1.12.0, compiled by nicks@terrier (x86_64-unknown-linux-gnu) on 2015-06-19 at 01:25:34
#######################################
GCADIR /opt/freesurfer/average
GCA RB_all_2020-01-02.gca
GCASkull RB_all_withskull_2020_01_02.gca
AvgCurvTif folding.atlas.acfb40.noaparc.i12.2016-08-02.tif
GCSDIR /opt/freesurfer/average
GCS DKaparc.atlas.acfb40.noaparc.i12.2016-08-02.gcs
#######################################
#--------------------------------------------
#@# WhiteSurfs lh Thu Mar 12 12:15:02 CET 2026
cd /out/sourcedata/freesurfer/sub-v1s11x0050147_ses-1/mri
mris_place_surface --adgws-in ../surf/autodet.gw.stats.lh.dat --seg aseg.presurf.mgz --threads 16 --wm wm.mgz --invol brain.finalsurfs.mgz --lh --i ../surf/lh.white.preaparc --o ../surf/lh.white --white --nsmooth 0 --rip-label ../label/lh.cortex.label --rip-bg --rip-surf ../surf/lh.white.preaparc --aparc ../label/lh.aparc.annot
   Update not needed
#--------------------------------------------
#@# WhiteSurfs rh Thu Mar 12 12:15:02 CET 2026
cd /out/sourcedata/freesurfer/sub-v1s11x0050147_ses-1/mri
mris_place_surface --adgws-in ../surf/autodet.gw.stats.rh.dat --seg aseg.presurf.mgz --threads 16 --wm wm.mgz --invol brain.finalsurfs.mgz --rh --i ../surf/rh.white.preaparc --o ../surf/rh.white --white --nsmooth 0 --rip-label ../label/rh.cortex.label --rip-bg --rip-surf ../surf/rh.white.preaparc --aparc ../label/rh.aparc.annot
   Update not needed
#@# white curv lh Thu Mar 12 12:15:02 CET 2026
cd /out/sourcedata/freesurfer/sub-v1s11x0050147_ses-1/mri
mris_place_surface --curv-map ../surf/lh.white 2 10 ../surf/lh.curv
   Update not needed
#@# white area lh Thu Mar 12 12:15:02 CET 2026
cd /out/sourcedata/freesurfer/sub-v1s11x0050147_ses-1/mri
mris_place_surface --area-map ../surf/lh.white ../surf/lh.area
   Update not needed
#@# pial curv lh Thu Mar 12 12:15:02 CET 2026
cd /out/sourcedata/freesurfer/sub-v1s11x0050147_ses-1/mri
mris_place_surface --curv-map ../surf/lh.pial 2 10 ../surf/lh.curv.pial
   Update not needed
#@# pial area lh Thu Mar 12 12:15:02 CET 2026
cd /out/sourcedata/freesurfer/sub-v1s11x0050147_ses-1/mri
mris_place_surface --area-map ../surf/lh.pial ../surf/lh.area.pial
   Update not needed
#@# thickness lh Thu Mar 12 12:15:02 CET 2026
cd /out/sourcedata/freesurfer/sub-v1s11x0050147_ses-1/mri
mris_place_surface --thickness ../surf/lh.white ../surf/lh.pial 20 5 ../surf/lh.thickness
   Update not needed
#@# area and vertex vol lh Thu Mar 12 12:15:02 CET 2026
cd /out/sourcedata/freesurfer/sub-v1s11x0050147_ses-1/mri
mris_place_surface --thickness ../surf/lh.white ../surf/lh.pial 20 5 ../surf/lh.thickness
   Update not needed
#@# white curv rh Thu Mar 12 12:15:02 CET 2026
cd /out/sourcedata/freesurfer/sub-v1s11x0050147_ses-1/mri
mris_place_surface --curv-map ../surf/rh.white 2 10 ../surf/rh.curv
   Update not needed
#@# white area rh Thu Mar 12 12:15:02 CET 2026
cd /out/sourcedata/freesurfer/sub-v1s11x0050147_ses-1/mri
mris_place_surface --area-map ../surf/rh.white ../surf/rh.area
   Update not needed
#@# pial curv rh Thu Mar 12 12:15:02 CET 2026
cd /out/sourcedata/freesurfer/sub-v1s11x0050147_ses-1/mri
mris_place_surface --curv-map ../surf/rh.pial 2 10 ../surf/rh.curv.pial
   Update not needed
#@# pial area rh Thu Mar 12 12:15:02 CET 2026
cd /out/sourcedata/freesurfer/sub-v1s11x0050147_ses-1/mri
mris_place_surface --area-map ../surf/rh.pial ../surf/rh.area.pial
   Update not needed
#@# thickness rh Thu Mar 12 12:15:02 CET 2026
cd /out/sourcedata/freesurfer/sub-v1s11x0050147_ses-1/mri
mris_place_surface --thickness ../surf/rh.white ../surf/rh.pial 20 5 ../surf/rh.thickness
   Update not needed
#@# area and vertex vol rh Thu Mar 12 12:15:02 CET 2026
cd /out/sourcedata/freesurfer/sub-v1s11x0050147_ses-1/mri
mris_place_surface --thickness ../surf/rh.white ../surf/rh.pial 20 5 ../surf/rh.thickness
   Update not needed

#-----------------------------------------
#@# Curvature Stats lh Thu Mar 12 12:15:02 CET 2026
/out/sourcedata/freesurfer/sub-v1s11x0050147_ses-1/surf

 mris_curvature_stats -m --writeCurvatureFiles -G -o ../stats/lh.curv.stats -F smoothwm sub-v1s11x0050147_ses-1 lh curv sulc 

             Toggling save flag on curvature files                       [ ok ]
                 Outputting results using filestem   [ ../stats/lh.curv.stats ]
             Toggling save flag on curvature files                       [ ok ]
                                   Setting surface [ sub-v1s11x0050147_ses-1/lh.smoothwm ]
                                Reading surface...                       [ ok ]
                                   Setting texture                     [ curv ]
                                Reading texture...                       [ ok ]
                                   Setting texture                     [ sulc ]
                                Reading texture...Gb_filter = 0
                       [ ok ]
      Calculating Discrete Principal Curvatures...
      Determining geometric order for vno faces... [####################] [ ok ]
                      Determining KH curvatures... [####################] [ ok ]
                    Determining k1k2 curvatures... [####################] [ ok ]
                                   deltaViolations                      [ 288 ]
Gb_filter = 0

WARN:    S lookup   min:                          -0.273719
WARN:    S explicit min:                          0.000000	vertex = 84

#-----------------------------------------
#@# Curvature Stats rh Thu Mar 12 12:15:04 CET 2026
/out/sourcedata/freesurfer/sub-v1s11x0050147_ses-1/surf

 mris_curvature_stats -m --writeCurvatureFiles -G -o ../stats/rh.curv.stats -F smoothwm sub-v1s11x0050147_ses-1 rh curv sulc 

             Toggling save flag on curvature files                       [ ok ]
                 Outputting results using filestem   [ ../stats/rh.curv.stats ]
             Toggling save flag on curvature files                       [ ok ]
                                   Setting surface [ sub-v1s11x0050147_ses-1/rh.smoothwm ]
                                Reading surface...                       [ ok ]
                                   Setting texture                     [ curv ]
                                Reading texture...                       [ ok ]
                                   Setting texture                     [ sulc ]
                                Reading texture...Gb_filter = 0
                       [ ok ]
      Calculating Discrete Principal Curvatures...
      Determining geometric order for vno faces... [####################] [ ok ]
                      Determining KH curvatures... [####################] [ ok ]
                    Determining k1k2 curvatures... [####################] [ ok ]
                                   deltaViolations                      [ 262 ]
Gb_filter = 0

WARN:    S lookup   min:                          -0.262009
WARN:    S explicit min:                          0.000000	vertex = 787
#-----------------------------------------
#@# Relabel Hypointensities Thu Mar 12 12:15:06 CET 2026
/out/sourcedata/freesurfer/sub-v1s11x0050147_ses-1/mri

 mri_relabel_hypointensities aseg.presurf.mgz ../surf aseg.presurf.hypos.mgz 

reading input surface ../surf/lh.white...
relabeling lh hypointensities...
3636 voxels changed to hypointensity...
reading input surface ../surf/rh.white...
relabeling rh hypointensities...
3679 voxels changed to hypointensity...
7489 hypointense voxels neighboring cortex changed
#-----------------------------------------
#@# APas-to-ASeg Thu Mar 12 12:15:17 CET 2026
/out/sourcedata/freesurfer/sub-v1s11x0050147_ses-1/mri

 mri_surf2volseg --o aseg.mgz --i aseg.presurf.hypos.mgz --fix-presurf-with-ribbon /out/sourcedata/freesurfer/sub-v1s11x0050147_ses-1/mri/ribbon.mgz --threads 16 --lh-cortex-mask /out/sourcedata/freesurfer/sub-v1s11x0050147_ses-1/label/lh.cortex.label --lh-white /out/sourcedata/freesurfer/sub-v1s11x0050147_ses-1/surf/lh.white --lh-pial /out/sourcedata/freesurfer/sub-v1s11x0050147_ses-1/surf/lh.pial --rh-cortex-mask /out/sourcedata/freesurfer/sub-v1s11x0050147_ses-1/label/rh.cortex.label --rh-white /out/sourcedata/freesurfer/sub-v1s11x0050147_ses-1/surf/rh.white --rh-pial /out/sourcedata/freesurfer/sub-v1s11x0050147_ses-1/surf/rh.pial 

SUBJECTS_DIR /out/sourcedata/freesurfer
outvol aseg.mgz
16 avail.processors, using 16
Loading aseg.presurf.hypos.mgz
Loading /out/sourcedata/freesurfer/sub-v1s11x0050147_ses-1/mri/ribbon.mgz
Loading /out/sourcedata/freesurfer/sub-v1s11x0050147_ses-1/surf/lh.white
Loading /out/sourcedata/freesurfer/sub-v1s11x0050147_ses-1/surf/lh.pial
Loading /out/sourcedata/freesurfer/sub-v1s11x0050147_ses-1/label/lh.cortex.label
Loading /out/sourcedata/freesurfer/sub-v1s11x0050147_ses-1/surf/rh.white
Loading /out/sourcedata/freesurfer/sub-v1s11x0050147_ses-1/surf/rh.pial
Loading /out/sourcedata/freesurfer/sub-v1s11x0050147_ses-1/label/rh.cortex.label
Done loading
 16  96 224   0  64 160 112 176 240  48 192  80 208 128 144  32  17   1 209  49 225  33 241  18  34  50   2 210 226  19 
242  35   3  51  20 227 211  36   4 243  52  21  37 228   5 212  53  38  22 244 229   6  39 
 23  65 213 245 230   7  40  24 214 193   8 246  41 231  25  66 215   9  42  26  81 247 232  54  10  43  27 216 248  55 233  11  97 194  44  28 217  56  67 249  12 234  29 218  13  30 250 235  14  82 219 
 31 251 236 195  15  68 161 220  45 252 237 177  46 221 253 238  57  47 222 196 254 239 
 69  83  98  58 113 223 255  59 
197  60  70 198 162  61 145 199 
 84  62  71 200  99 
201  63  72 178 202 203 129 204  85 146 163 205  73 206 100 207  86 147 164 101  74 179 
114  87 148 165  75 102 180  88  76 166 149 103 130 181  89 150 104  77 167 115 151 182 105  90  78 168 152  79 
106  91 183 116 153 169  92 107 131 154 184  93 108 170 117 185 155  94 186 109 171  95 156 187 118 110 188 157 172 189 190 158 111 173 119 
132 191 159 
174 120 121 175 122 123 133 124 125 134 126 135 127 136 137 138 139 
140 141 142 143 
nrelabeled = 160543
ndotcheck = 0
Starting Surf2VolSeg free
free done
#VMPC# mri_surf2volseg VmPeak  1973416
mri_surf2volseg done

 mri_brainvol_stats sub-v1s11x0050147_ses-1 

ComputeBrainVolumeStats2 VoxelVol=1, KeepCSF=1
  #CBVS2 MaskVol              1567756.0
  #CBVS2 BrainSegVol          1308577.0
  #CBVS2 BrainSegVolNotVent   1289053.0
  #CBVS2 SupraTentVol         1163265.0
  #CBVS2 SupraTentVolNotVent  1143741.0
  #CBVS2 lhCtxGM               305189.5
  #CBVS2 rhCtxGM               306308.2
  #CBVS2 lhCerebralWM          233111.5
  #CBVS2 rhCerebralWM          232315.5
  #CBVS2 SubCortGMVol           67836.0
  #CBVS2 CerebellumVol         145312.0
  #CBVS2 CerebellumGMVol       120515.0
  #CBVS2 VentChorVol            17066.0
  #CBVS2 3rd4th5thCSF            2458.0
  #CBVS2 AllCSF                 19524.0
  #CBVS2 CCVol                   3463.0
#-----------------------------------------
#@# AParc-to-ASeg aparc Thu Mar 12 12:15:24 CET 2026
/out/sourcedata/freesurfer/sub-v1s11x0050147_ses-1/mri

 mri_surf2volseg --o aparc+aseg.mgz --label-cortex --i aseg.mgz --threads 16 --lh-annot /out/sourcedata/freesurfer/sub-v1s11x0050147_ses-1/label/lh.aparc.annot 1000 --lh-cortex-mask /out/sourcedata/freesurfer/sub-v1s11x0050147_ses-1/label/lh.cortex.label --lh-white /out/sourcedata/freesurfer/sub-v1s11x0050147_ses-1/surf/lh.white --lh-pial /out/sourcedata/freesurfer/sub-v1s11x0050147_ses-1/surf/lh.pial --rh-annot /out/sourcedata/freesurfer/sub-v1s11x0050147_ses-1/label/rh.aparc.annot 2000 --rh-cortex-mask /out/sourcedata/freesurfer/sub-v1s11x0050147_ses-1/label/rh.cortex.label --rh-white /out/sourcedata/freesurfer/sub-v1s11x0050147_ses-1/surf/rh.white --rh-pial /out/sourcedata/freesurfer/sub-v1s11x0050147_ses-1/surf/rh.pial 

SUBJECTS_DIR /out/sourcedata/freesurfer
outvol aparc+aseg.mgz
16 avail.processors, using 16
Loading aseg.mgz
Loading /out/sourcedata/freesurfer/sub-v1s11x0050147_ses-1/surf/lh.white
Loading /out/sourcedata/freesurfer/sub-v1s11x0050147_ses-1/surf/lh.pial
Loading /out/sourcedata/freesurfer/sub-v1s11x0050147_ses-1/label/lh.cortex.label
Ripping lh vertices labeled not in lh.cortex.label
  ripped 8641 vertices from lh hemi
Loading /out/sourcedata/freesurfer/sub-v1s11x0050147_ses-1/label/lh.aparc.annot
Loading /out/sourcedata/freesurfer/sub-v1s11x0050147_ses-1/surf/rh.white
Loading /out/sourcedata/freesurfer/sub-v1s11x0050147_ses-1/surf/rh.pial
Loading /out/sourcedata/freesurfer/sub-v1s11x0050147_ses-1/label/rh.cortex.label
Ripping rh vertices labeled not in rh.cortex.label
  ripped 8423 vertices from rh hemi
Loading /out/sourcedata/freesurfer/sub-v1s11x0050147_ses-1/label/rh.aparc.annot
Done loading
 16   0 144 160  32 240  96  48 128 176 208 112  80 224  64 192   1  17 241  33 209  49 225  18   2 242  34 210  50 226  19 
  3 243  35 211  51  20   4 227 244  36 212  52  21   5 228  37 245 213  53  22   6 229  38 246 214  54  23   7  39 
230 215 247  55  24   8  40 231 216 248  56  25   9  41 232 217 249  57  42  26  10 233 218 250  58  27  43  11 234 251 219 
 59 
 44  28  12 235 252 220  60  45  29  13 236 221 253  46  30  14  61 254 237 222  47  31  15 255 238 223  62 239 
 63  65 193 194 195 196 197 198 199 
200 201 202 203 204 205 206 207  66  67 113  68 129 145 114  69 161  97 177 115  81  70 130 146 116  71 131 178  98 117  72 162 147 118 132  73  82 179 
148  99 
119 
133  74 149 163 180 120  75 134 150 100 181  83 121  76 151 135 164 182 122  77 101 152 183 136  84 123 153  78 102 184 165 154 124  79 
185 137 186 155  85 125 103 187 166 156 188 138 126 104 157 189  86 190 158 167 191 139 
105 127 159 
140 106  87 168 107 169 141 108  88 170 109 142 171 110  89 111 172 143 173 174  90 175  91  92  93  94  95 
nrelabeled = 610448
ndotcheck = 44685
Starting Surf2VolSeg free
free done
#VMPC# mri_surf2volseg VmPeak  1957680
mri_surf2volseg done
#-----------------------------------------
#@# AParc-to-ASeg aparc.a2009s Thu Mar 12 12:15:59 CET 2026
/out/sourcedata/freesurfer/sub-v1s11x0050147_ses-1/mri

 mri_surf2volseg --o aparc.a2009s+aseg.mgz --label-cortex --i aseg.mgz --threads 16 --lh-annot /out/sourcedata/freesurfer/sub-v1s11x0050147_ses-1/label/lh.aparc.a2009s.annot 11100 --lh-cortex-mask /out/sourcedata/freesurfer/sub-v1s11x0050147_ses-1/label/lh.cortex.label --lh-white /out/sourcedata/freesurfer/sub-v1s11x0050147_ses-1/surf/lh.white --lh-pial /out/sourcedata/freesurfer/sub-v1s11x0050147_ses-1/surf/lh.pial --rh-annot /out/sourcedata/freesurfer/sub-v1s11x0050147_ses-1/label/rh.aparc.a2009s.annot 12100 --rh-cortex-mask /out/sourcedata/freesurfer/sub-v1s11x0050147_ses-1/label/rh.cortex.label --rh-white /out/sourcedata/freesurfer/sub-v1s11x0050147_ses-1/surf/rh.white --rh-pial /out/sourcedata/freesurfer/sub-v1s11x0050147_ses-1/surf/rh.pial 

SUBJECTS_DIR /out/sourcedata/freesurfer
outvol aparc.a2009s+aseg.mgz
16 avail.processors, using 16
Loading aseg.mgz
Loading /out/sourcedata/freesurfer/sub-v1s11x0050147_ses-1/surf/lh.white
Loading /out/sourcedata/freesurfer/sub-v1s11x0050147_ses-1/surf/lh.pial
Loading /out/sourcedata/freesurfer/sub-v1s11x0050147_ses-1/label/lh.cortex.label
Ripping lh vertices labeled not in lh.cortex.label
  ripped 8641 vertices from lh hemi
Loading /out/sourcedata/freesurfer/sub-v1s11x0050147_ses-1/label/lh.aparc.a2009s.annot
Loading /out/sourcedata/freesurfer/sub-v1s11x0050147_ses-1/surf/rh.white
Loading /out/sourcedata/freesurfer/sub-v1s11x0050147_ses-1/surf/rh.pial
Loading /out/sourcedata/freesurfer/sub-v1s11x0050147_ses-1/label/rh.cortex.label
Ripping rh vertices labeled not in rh.cortex.label
  ripped 8423 vertices from rh hemi
Loading /out/sourcedata/freesurfer/sub-v1s11x0050147_ses-1/label/rh.aparc.a2009s.annot
Done loading
 80  16 128 192   0 144 240  48 224 112 176 160 208  64  32  96 241  17 209 225  33  49 226 210  18  34 227  50 211  19 
228  35 212 229  51  36 213 230  52  37 231 214   1 242 232  38 215 233  39 
  2 243 216 234  40  53   3 244 235  41 217  20  54 236   4  42 218  21  55 237  43 219 
  5 238  56  22  44 220 239 
  6  57  23 221 245  58   7 222 246  24  59 
247 223   8 248  60  45  25 249   9  46  26 250  61  10  47 251  27  62 252  11  28 253 254  12  29 255  13  30  14  31  15  63 193  65 194 195 196 197 198 199 
200 201 202 203 204 205 206 207  66 113  67  97 129 114 145  68 161 177  81 130 115  98  69 131 146 116 178  70 162  99 
132  82 117 147 179 
 71 133 118 100 180 163  72 148 134  83 119 
101 181 149  73 135 120 164 182 102  84 136 150 183  74 121 103 184 165  75 151 185 122 137  85 186  76 104 166 187 152  77 138 123 188 105 167 189  86 153  78 190 139 
191 106 124 168 154  79 
140  87 155 107 169 125 141 156 108 170 142  88 157 126 109 171 143 158 110 172  89 159 
127 111 173 174  90 175  91  92  93  94  95 
nrelabeled = 610448
ndotcheck = 44685
Starting Surf2VolSeg free
free done
#VMPC# mri_surf2volseg VmPeak  1957716
mri_surf2volseg done
#-----------------------------------------
#@# AParc-to-ASeg aparc.DKTatlas Thu Mar 12 12:16:32 CET 2026
/out/sourcedata/freesurfer/sub-v1s11x0050147_ses-1/mri

 mri_surf2volseg --o aparc.DKTatlas+aseg.mgz --label-cortex --i aseg.mgz --threads 16 --lh-annot /out/sourcedata/freesurfer/sub-v1s11x0050147_ses-1/label/lh.aparc.DKTatlas.annot 1000 --lh-cortex-mask /out/sourcedata/freesurfer/sub-v1s11x0050147_ses-1/label/lh.cortex.label --lh-white /out/sourcedata/freesurfer/sub-v1s11x0050147_ses-1/surf/lh.white --lh-pial /out/sourcedata/freesurfer/sub-v1s11x0050147_ses-1/surf/lh.pial --rh-annot /out/sourcedata/freesurfer/sub-v1s11x0050147_ses-1/label/rh.aparc.DKTatlas.annot 2000 --rh-cortex-mask /out/sourcedata/freesurfer/sub-v1s11x0050147_ses-1/label/rh.cortex.label --rh-white /out/sourcedata/freesurfer/sub-v1s11x0050147_ses-1/surf/rh.white --rh-pial /out/sourcedata/freesurfer/sub-v1s11x0050147_ses-1/surf/rh.pial 

SUBJECTS_DIR /out/sourcedata/freesurfer
outvol aparc.DKTatlas+aseg.mgz
16 avail.processors, using 16
Loading aseg.mgz
Loading /out/sourcedata/freesurfer/sub-v1s11x0050147_ses-1/surf/lh.white
Loading /out/sourcedata/freesurfer/sub-v1s11x0050147_ses-1/surf/lh.pial
Loading /out/sourcedata/freesurfer/sub-v1s11x0050147_ses-1/label/lh.cortex.label
Ripping lh vertices labeled not in lh.cortex.label
  ripped 8641 vertices from lh hemi
Loading /out/sourcedata/freesurfer/sub-v1s11x0050147_ses-1/label/lh.aparc.DKTatlas.annot
Loading /out/sourcedata/freesurfer/sub-v1s11x0050147_ses-1/surf/rh.white
Loading /out/sourcedata/freesurfer/sub-v1s11x0050147_ses-1/surf/rh.pial
Loading /out/sourcedata/freesurfer/sub-v1s11x0050147_ses-1/label/rh.cortex.label
Ripping rh vertices labeled not in rh.cortex.label
  ripped 8423 vertices from rh hemi
Loading /out/sourcedata/freesurfer/sub-v1s11x0050147_ses-1/label/rh.aparc.DKTatlas.annot
Done loading
  0 128 240  48 112  96 192  80 160 208  64  16  32 144 176 224  17 209 241  49 225   1  33  18 210  50   2 242 226  34  19 
 51 211   3 243  35 227  52  20 212   4 244  36 228  53 213  21   5 245  37  54 229 214  22   6  55 246  38 230 215  23  56   7 247  39 
231  57 216   8  24 248  40 232  58   9 217 249  25  59 
 41 233  10 218 250  60  26 234  42  11 219 
251 235  27  43  61  12 220 252 236  28  44  13  62 221 253 237  45  29  14 222 254 238  46  15  30 223 255 239 
 47  31  63 193  65 194 195 196 197 198 199 
200 201 202 203 204 205 206 207  66 113 145 129  97  67 114 161  81 177  68 115 130  98 146 116 162  69 131  99 
117 147  82 178  70 163 118 132 100  71 148 164  83 119 
101 179 
 72 165 133 120 149  84 102  73 166 121 103 180  85  74 134 150 122 167 104  75  86 123 168 105 151 181 135  76  87 106 124 152 182 107 169  77 125  88 136 108 153 183 126  78 109 170 154 184  89 110 185 137 127  79 
155 111 171 186  90 187 156 188 172 138 189 157 190  91 173 191 158 139 
174  92 159 
140 175 141  93 142  94 143  95 
nrelabeled = 610448
ndotcheck = 44685
Starting Surf2VolSeg free
free done
#VMPC# mri_surf2volseg VmPeak  1957664
mri_surf2volseg done
#-----------------------------------------
#@# WMParc Thu Mar 12 12:17:01 CET 2026
/out/sourcedata/freesurfer/sub-v1s11x0050147_ses-1/mri

 mri_surf2volseg --o wmparc.mgz --label-wm --i aparc+aseg.mgz --threads 16 --lh-annot /out/sourcedata/freesurfer/sub-v1s11x0050147_ses-1/label/lh.aparc.annot 3000 --lh-cortex-mask /out/sourcedata/freesurfer/sub-v1s11x0050147_ses-1/label/lh.cortex.label --lh-white /out/sourcedata/freesurfer/sub-v1s11x0050147_ses-1/surf/lh.white --lh-pial /out/sourcedata/freesurfer/sub-v1s11x0050147_ses-1/surf/lh.pial --rh-annot /out/sourcedata/freesurfer/sub-v1s11x0050147_ses-1/label/rh.aparc.annot 4000 --rh-cortex-mask /out/sourcedata/freesurfer/sub-v1s11x0050147_ses-1/label/rh.cortex.label --rh-white /out/sourcedata/freesurfer/sub-v1s11x0050147_ses-1/surf/rh.white --rh-pial /out/sourcedata/freesurfer/sub-v1s11x0050147_ses-1/surf/rh.pial 

SUBJECTS_DIR /out/sourcedata/freesurfer
outvol wmparc.mgz
16 avail.processors, using 16
Loading aparc+aseg.mgz
Loading /out/sourcedata/freesurfer/sub-v1s11x0050147_ses-1/surf/lh.white
Loading /out/sourcedata/freesurfer/sub-v1s11x0050147_ses-1/surf/lh.pial
Loading /out/sourcedata/freesurfer/sub-v1s11x0050147_ses-1/label/lh.cortex.label
Ripping lh vertices labeled not in lh.cortex.label
  ripped 8641 vertices from lh hemi
Loading /out/sourcedata/freesurfer/sub-v1s11x0050147_ses-1/label/lh.aparc.annot
Loading /out/sourcedata/freesurfer/sub-v1s11x0050147_ses-1/surf/rh.white
Loading /out/sourcedata/freesurfer/sub-v1s11x0050147_ses-1/surf/rh.pial
Loading /out/sourcedata/freesurfer/sub-v1s11x0050147_ses-1/label/rh.cortex.label
Ripping rh vertices labeled not in rh.cortex.label
  ripped 8423 vertices from rh hemi
Loading /out/sourcedata/freesurfer/sub-v1s11x0050147_ses-1/label/rh.aparc.annot
Done loading
 16   0 112 240  96 192 208 224 144 160  32 176  48  80   1 128  33  64 225 241  49  17  34   2  65  50 226  18 242  35  51  19 
193   3 227  66 243  52  20 209 194  53   4 228  21 244  54  67  22 210 195 229   5  55 245  23  56 211 196 230  24   6 246  57 212 197  36 231  68   7 247  25 198  58 232  37   8 248 199 
 26 233  38   9  59 249 
200 234  27  10  69  39 
 60 213 235 250  11  28  40  61 251 214 236  12  62 252 237 215  13  41 201 253  63 238 216  14  42 202 254 239 
 15  43 217 255 203  44 218  29  45 219 
 30 204  46 220 129  31 205  47 221  70 206 222 207 223  71  72 130  81 177  73 131  74 161 178  82  75 113 132  97 133  76 145 179 
 83 134  77 162 180 135  78  84 181  98 114 136  79 
163 182  85 146 137 183 184  99 
115 164  86 185 186 187 138 188 147 189  87 190 191 165 116 100  88 139 
166 148 117  89 140 101 167 149  90 118 168 102 141  91 150 119 
169 103  92 142 170 151 120  93 104 171 143 121 152 172  94 105 122 173 153  95 106 123 174 124 107 154 175 125 108 126 155 127 109 156 157 110 158 111 159 

nrelabeled = 461964
ndotcheck = 3643
Starting Surf2VolSeg free
free done
#VMPC# mri_surf2volseg VmPeak  1957680
mri_surf2volseg done

 mri_segstats --seed 1234 --seg mri/wmparc.mgz --sum stats/wmparc.stats --pv mri/norm.mgz --excludeid 0 --brainmask mri/brainmask.mgz --in mri/norm.mgz --in-intensity-name norm --in-intensity-units MR --subject sub-v1s11x0050147_ses-1 --surf-wm-vol --ctab /opt/freesurfer/WMParcStatsLUT.txt --etiv 

setting seed for random number genererator to 1234

7.3.2
cwd 
cmdline mri_segstats --seed 1234 --seg mri/wmparc.mgz --sum stats/wmparc.stats --pv mri/norm.mgz --excludeid 0 --brainmask mri/brainmask.mgz --in mri/norm.mgz --in-intensity-name norm --in-intensity-units MR --subject sub-v1s11x0050147_ses-1 --surf-wm-vol --ctab /opt/freesurfer/WMParcStatsLUT.txt --etiv 
sysname  Linux
hostname dna084
machine  x86_64
user     oesteban
whitesurfname  white
UseRobust  0
atlas_icv (eTIV) = 1603092 mm^3    (det: 1.215217 )
Loading mri/wmparc.mgz
Getting Brain Volume Statistics
Loading mri/norm.mgz
Loading mri/norm.mgz
Voxel Volume is 1 mm^3
Generating list of segmentation ids
Found 390 segmentations
Computing statistics for each segmentation

Reporting on  70 segmentations
Using PrintSegStat
mri_segstats done
#--------------------------------------------
#@# ASeg Stats Thu Mar 12 12:18:43 CET 2026
/out/sourcedata/freesurfer/sub-v1s11x0050147_ses-1

 mri_segstats --seed 1234 --seg mri/aseg.mgz --sum stats/aseg.stats --pv mri/norm.mgz --empty --brainmask mri/brainmask.mgz --brain-vol-from-seg --excludeid 0 --excl-ctxgmwm --supratent --subcortgray --in mri/norm.mgz --in-intensity-name norm --in-intensity-units MR --etiv --surf-wm-vol --surf-ctx-vol --totalgray --euler --ctab /opt/freesurfer/ASegStatsLUT.txt --subject sub-v1s11x0050147_ses-1 

setting seed for random number genererator to 1234

7.3.2
cwd 
cmdline mri_segstats --seed 1234 --seg mri/aseg.mgz --sum stats/aseg.stats --pv mri/norm.mgz --empty --brainmask mri/brainmask.mgz --brain-vol-from-seg --excludeid 0 --excl-ctxgmwm --supratent --subcortgray --in mri/norm.mgz --in-intensity-name norm --in-intensity-units MR --etiv --surf-wm-vol --surf-ctx-vol --totalgray --euler --ctab /opt/freesurfer/ASegStatsLUT.txt --subject sub-v1s11x0050147_ses-1 
sysname  Linux
hostname dna084
machine  x86_64
user     oesteban
whitesurfname  white
UseRobust  0
atlas_icv (eTIV) = 1603092 mm^3    (det: 1.215217 )
Computing euler number
orig.nofix lheno =  -10, rheno = -4
orig.nofix lhholes =    6, rhholes = 3
Loading mri/aseg.mgz
Getting Brain Volume Statistics
Loading mri/norm.mgz
Loading mri/norm.mgz
Voxel Volume is 1 mm^3
Generating list of segmentation ids
Found  50 segmentations
Computing statistics for each segmentation

Reporting on  45 segmentations
Using PrintSegStat
mri_segstats done

Started at Thu Mar 12 12:15:02 CET 2026 
Ended   at Thu Mar 12 12:19:01 CET 2026
#@#%# recon-all-run-time-hours 0.066
recon-all -s sub-v1s11x0050147_ses-1 finished without error at Thu Mar 12 12:19:01 CET 2026
