global_signal	global_signal_derivative1	global_signal_derivative1_power2	global_signal_power2	csf	csf_derivative1	csf_power2	csf_derivative1_power2	white_matter	white_matter_derivative1	white_matter_derivative1_power2	white_matter_power2	csf_wm	tcompcor	std_dvars	dvars	framewise_displacement	rmsd	t_comp_cor_00	t_comp_cor_01	t_comp_cor_02	t_comp_cor_03	t_comp_cor_04	t_comp_cor_05	t_comp_cor_06	c_comp_cor_00	c_comp_cor_01	c_comp_cor_02	c_comp_cor_03	c_comp_cor_04	c_comp_cor_05	c_comp_cor_06	w_comp_cor_00	w_comp_cor_01	w_comp_cor_02	w_comp_cor_03	w_comp_cor_04	w_comp_cor_05	w_comp_cor_06	w_comp_cor_07	w_comp_cor_08	w_comp_cor_09	w_comp_cor_10	w_comp_cor_11	w_comp_cor_12	w_comp_cor_13	w_comp_cor_14	w_comp_cor_15	w_comp_cor_16	w_comp_cor_17	w_comp_cor_18	a_comp_cor_00	a_comp_cor_01	a_comp_cor_02	a_comp_cor_03	a_comp_cor_04	a_comp_cor_05	a_comp_cor_06	a_comp_cor_07	a_comp_cor_08	a_comp_cor_09	a_comp_cor_10	a_comp_cor_11	a_comp_cor_12	a_comp_cor_13	a_comp_cor_14	a_comp_cor_15	a_comp_cor_16	edge_comp_00	edge_comp_01	edge_comp_02	edge_comp_03	edge_comp_04	edge_comp_05	edge_comp_06	edge_comp_07	edge_comp_08	edge_comp_09	edge_comp_10	edge_comp_11	edge_comp_12	edge_comp_13	edge_comp_14	edge_comp_15	edge_comp_16	edge_comp_17	edge_comp_18	edge_comp_19	edge_comp_20	edge_comp_21	edge_comp_22	edge_comp_23	cosine00	cosine01	trans_x	trans_x_derivative1	trans_x_power2	trans_x_derivative1_power2	trans_y	trans_y_derivative1	trans_y_derivative1_power2	trans_y_power2	trans_z	trans_z_derivative1	trans_z_power2	trans_z_derivative1_power2	rot_x	rot_x_derivative1	rot_x_derivative1_power2	rot_x_power2	rot_y	rot_y_derivative1	rot_y_power2	rot_y_derivative1_power2	rot_z	rot_z_derivative1	rot_z_derivative1_power2	rot_z_power2	motion_outlier00	motion_outlier01	motion_outlier02	motion_outlier03	motion_outlier04	motion_outlier05	motion_outlier06	motion_outlier07	motion_outlier08	motion_outlier09	motion_outlier10	motion_outlier11	motion_outlier12	motion_outlier13	motion_outlier14	motion_outlier15	motion_outlier16	motion_outlier17
825.702733844066	n/a	n/a	681785.0046775645	875.6326993719324	n/a	766732.624209377	n/a	761.5752646661574	n/a	n/a	579996.8837513278	761.3352662413719	609.0206618718735	n/a	n/a	n/a	n/a	-0.1261212774	-0.0465058056	0.0329629721	-0.1115475104	0.038663885	-0.0831850889	0.0723137119	-0.1092139856	-0.0164348239	0.1451417802	-0.0916935353	0.0027435074	-0.1787092471	0.1388043897	-0.1081983292	0.0725957313	-0.0487641988	0.1024272988	-0.0578463875	0.0958186867	-0.0501520041	0.0266945687	-0.0473999201	0.0433898377	-0.0522601314	0.219101933	-0.0319356879	0.1567740026	-0.0713017259	0.0704125237	-0.0419829993	0.0261381534	-0.0524643616	-0.1231663077	0.0754294218	-0.0129476448	0.0848781109	-0.0191055131	0.0578729243	-0.1192824021	0.0146157634	-0.019764985	0.052719091	-0.0625616755	0.0679243795	-0.1286903547	0.0736007133	-0.0285088068	0.0086619355	-0.1139281433	-0.0981874772	-0.147179595	0.0323365254	-0.0448551659	0.0794400805	-0.0322733731	0.0153345287	-0.0025033918	-0.1127072326	0.1049402304	-0.1261494529	0.0602353257	-0.0023307271	0.0025096161	-0.0292768964	0.022874139	-0.0284517495	0.1182324056	-0.0551257769	0.0357453696	-0.1303260454	0.0961206586	-0.1089778745	0.0363545835	0.1561451084	0.1560591586	0.0059721839121777	n/a	3.566698068087414e-05	n/a	-0.0413035303932218	n/a	n/a	0.0017059816229437	0.0658677252886832	n/a	0.0043385572347054	n/a	0.001731367405362	n/a	n/a	2.997633092349944e-06	-0.0005084550962544	n/a	2.585265849070712e-07	n/a	-0.0005250602116813	n/a	n/a	2.756882258908116e-07	0.0	0.0	0.0	0.0	0.0	0.0	0.0	0.0	0.0	0.0	0.0	0.0	0.0	0.0	0.0	0.0	0.0	0.0
826.5737107613863	0.8709769173203767	0.7586007905049064	683224.099321848	863.504868990415	-12.127830381517356	745640.6587701539	147.0842697628554	761.1553380166331	-0.4199266495243137	0.1763383909807157	579357.448591215	760.5419042853468	601.2259128420619	1.196626	19.794991	0.075136853895282	0.0414012632215601	-0.0940347076	-0.0840726831	-0.1693164741	-0.123622241	-0.0257549498	-0.1515960321	0.0229554727	-0.1192853514	-0.0225912926	-0.0575354418	-0.068688733	0.075469298	0.1306668057	-0.0711003022	-0.1098917534	-0.0071740583	-0.1697232036	-0.0066241426	0.1070249575	0.1368180146	-0.0034800894	-0.0551767338	0.0533718291	-0.0130822249	0.0365817252	0.1428468809	0.0856682581	0.001767356	0.0222795564	0.1456788867	-0.066183604	-0.0688836441	0.1481954775	-0.0904413989	0.1418980099	0.1185767985	-0.0207646419	0.0443026868	0.0850398057	-0.115904613	-0.0983883438	-0.034426332	-0.015788171	0.0877969661	-0.1227519093	-0.0694961884	-0.057725752	-0.0774040584	0.2032924666	0.032335749	-0.0851765458	-0.1484897882	-0.0437343474	-0.0492307825	-0.0091650183	0.0646737957	0.1058883341	-0.0370332948	-0.0582240342	-0.0115592916	-0.0037268957	0.0574388021	-0.0677635455	0.0369848068	-0.0286274212	-0.0906253476	-0.0595672915	0.0492188305	-0.0512554842	0.048438734	-0.1231824762	0.0965680981	0.0428949117	0.0582717073	0.155915944	0.1551433414	0.0162183042533143	0.0102461203411365	0.000263033392853	0.000104982982045	-0.0744165229799023	-0.0331129925866805	0.0010964702780455	0.0055378188924183	0.0414937508800932	-0.02437397440859	0.0017217313620992	0.0005940906284706	0.0016058742030689	-0.000125493202293	1.5748543821776914e-08	2.5788319560821745e-06	-0.0004864220918368	2.2033004417599937e-05	2.3660645142688834e-07	4.854532836659783e-10	-0.0005256093361481	-5.491244668000099e-07	3.015376800383952e-13	2.762651742460465e-07	0.0	0.0	0.0	0.0	0.0	0.0	0.0	0.0	0.0	0.0	0.0	0.0	0.0	0.0	0.0	0.0	0.0	0.0
826.5505627400487	-0.0231480213376471	0.0005358308918481	683185.8327658912	869.8126213271896	6.30775233677457	756573.9962200769	39.78773954208505	760.3528930664063	-0.8024449502267998	0.6439178981444913	578136.5219944539	761.3495082474956	622.8523200382044	1.217456	20.13957	0.08354956113576	0.0520613584150404	-0.1017580972	0.081249447	0.0905059336	-0.0168801153	-0.0670337032	0.0054277187	0.1242953577	-0.0524491955	-0.0254138051	0.0818191118	0.1008157589	0.0063249432	0.0512342516	0.11940975	-0.1559334683	-0.0861036346	-0.0785119432	0.0786384355	-0.0578440461	0.0334159799	0.0128033412	-0.020577454	-0.1285010282	-0.0228944327	-0.0652807292	0.0361524115	-0.0640363285	-0.0745202424	-0.0491211233	-0.0156306949	-0.0707091355	0.0771028233	0.040108906	-0.1169669398	0.0130063222	0.1428386484	0.1275347935	-0.0055840708	-0.00686881	-0.0265259274	0.1131253036	0.0108761269	-0.0112808036	0.1123307021	0.07426476	0.00362043	-0.1360119365	-0.0005843986	-0.0427287125	-0.0514362164	-0.0746725731	-0.1336295484	-0.0482792006	-0.0784780829	-0.0108421462	-0.0335024637	0.0118770219	0.071818484	0.1068909046	0.0410788025	0.0139249775	-0.0658914927	-0.0186466342	-0.1005383571	-0.021906864	-0.0838851845	0.0857109824	0.0599637159	-0.0379617929	-0.0230028536	0.0483026886	0.0794069982	0.0529313367	0.0876660313	0.1554579513	0.1533170814	0.0082828206874552	-0.0079354835658591	6.860511854053584e-05	6.297189942401984e-05	-0.0244654514187345	0.0499510715611677	0.0024951095501089	0.0005985583131224	0.0418426256441364	0.0003488747640431	0.0017508053207953	1.2171360098619554e-07	0.0019998468058565	0.0003939726027876	1.552144117472361e-07	3.9993872468944455e-06	-0.0005980252482531	-0.0001116031564162	3.576341975481819e-07	1.2455264522081125e-08	-0.0005249024704582	7.068656899000304e-07	4.99659103557846e-13	2.755226034931216e-07	0.0	0.0	0.0	0.0	0.0	0.0	0.0	0.0	0.0	0.0	0.0	0.0	0.0	0.0	0.0	0.0	0.0	0.0
826.540718516629	-0.0098442234196909	9.690873473679148e-05	683169.5593659853	866.1594405731597	-3.653180754029904	750232.176494009	13.3457296216145	761.1878734465569	0.8349803801505686	0.6971922352363881	579406.9786820915	760.6081904984721	617.7207485910308	1.045981	17.302967	0.067005096776636	0.0395867725344783	-0.0727151034	0.0076770512	-0.0221152053	-0.011460216	0.1531834967	0.0192329372	0.111139994	-0.0735937582	-0.0529429834	-0.0605051077	-0.0482584612	0.0020169748	0.075094922	0.1531348568	-0.0757090373	-0.0062366863	-0.0520962613	0.0253950196	0.0680786674	0.0400138929	0.0903207321	-0.0557852495	0.0975960144	-0.0036362299	0.0653047622	0.0104500762	0.0294964181	0.0772274543	0.0366229041	0.1274935147	0.1214816741	-0.1999281729	-0.0065189302	-0.0822180819	0.0465849764	0.064010108	-0.0173938166	0.0746605894	0.1224785889	0.0110533098	-0.0663907304	0.0071048032	0.066787786	0.0109371822	-0.0288884922	-0.0762208609	0.1121133483	-0.0612321491	0.1437168378	0.0016519572	-0.0640929404	-0.12825465	-0.0560267662	-0.056351462	-0.0371619964	-0.049331093	0.0602544443	-0.035785384	-0.0548554227	0.0677455957	-0.0929107282	0.0395708847	-0.089195118	-0.0757171481	0.0050718208	-0.0476942978	-0.0570422276	0.0375377672	-0.0238534479	0.0561112505	0.0045779259	-0.0069286004	0.1219716848	0.0400257116	0.1547718027	0.1505910958	0.0166000611780248	0.0083172404905695	0.0002755620311141	6.917648937797043e-05	-0.044910961741678	-0.0204455103229435	0.0004180188923655	0.0020169944845624	0.0117605580780235	-0.0300820675661128	0.0001383107263065	0.0009049307890521	0.0019998895056878	4.2699831300126174e-08	1.8232755930592345e-15	3.999558034960194e-06	-0.0004350252237268	0.0001630000245263	1.892469452785524e-07	2.65690079955744e-08	-0.0005250653140408	-1.6284358259999014e-07	2.651803239399981e-14	2.756935840087639e-07	0.0	0.0	0.0	0.0	0.0	0.0	0.0	0.0	0.0	0.0	0.0	0.0	0.0	0.0	0.0	0.0	0.0	0.0
826.1296996760649	-0.4110188405641111	0.1689364872986661	682490.2806868652	871.8344324780749	5.674991904915146	760095.2776543669	32.20553312085244	761.3014939831149	0.1136205365580735	0.0129096263277445	579579.9647409228	761.72658782991	627.467942644081	1.318931	21.818192	0.111885791250105	0.0781145515544723	-0.0596415664	0.0554563254	-0.0887664782	0.1319131372	-0.1311756303	-0.0254085446	-0.202883313	0.0258351711	-0.0760347872	0.1390339081	0.1343725198	-0.0291784694	-0.0710799875	-0.1998527707	-0.0756861294	-0.007826461	0.0758474597	0.0379674998	-0.152506923	-0.1291739264	0.0923817958	0.0346870951	-0.0359768123	-0.047848414	0.0462152377	0.0718866756	0.2430048098	-0.0067781073	0.1007997874	0.0034061811	0.0604057219	-0.0246599011	0.0136939255	-0.0894788838	-0.0780878895	-0.0243857786	0.1361796821	0.0119762221	-0.1733514101	-0.0053239732	0.0720716924	-0.1073327806	-0.0195951174	0.1017563929	-0.1423078997	-0.0948759043	0.0543914431	-0.0128119163	-0.0404357724	0.0394958256	-0.0573647175	-0.0320873468	-0.0033749817	-0.0390463061	0.1000701196	0.1114642987	0.0791128221	-0.1574341441	0.087225573	0.0260053009	0.145005214	0.0364095927	0.0407716969	0.0300558546	-0.048930374	0.0288129607	0.0456087992	0.0594442502	-0.086138083	0.0455489338	0.1750634922	-0.0591815763	0.0833556909	-0.0433211099	0.1538585052	0.1469813818	0.0164987825223477	-0.000101278655677	0.0002722098247197	1.0257366095760421e-08	0.0241204856724976	0.0690314474141756	0.004765340732096	0.0005817978290771	0.0404815545437458	0.0287209964657223	0.0016387562582782	0.000824895637984	0.0017548963290316	-0.0002449931766562	6.002165660809606e-08	3.079661125648586e-06	-0.0003999609784381	3.506424528870001e-05	1.599687842731623e-07	1.229501297666121e-09	-0.0005256492663865	-5.839523456999856e-07	3.410003420485155e-13	2.7630715125266565e-07	0.0	0.0	0.0	0.0	0.0	0.0	0.0	0.0	0.0	0.0	0.0	0.0	0.0	0.0	0.0	0.0	0.0	0.0
828.0362126726477	1.9065129965828191	3.6347918061392006	685643.9694972623	876.9241351338176	5.0897026557427125	768995.9387801939	25.90507312387442	764.2766990415512	2.975205058436245	8.85184513974462	584118.8726978498	765.5438277253575	617.2779424308205	1.13228	18.730549	0.1384278761860356	0.1036920222500252	-0.0932005945	-0.0422046517	-0.0553702821	0.0181864031	-0.0792323071	-0.0370941384	-0.0640845173	-0.0234331477	-0.0494371655	0.0484369037	-0.0877318556	-0.0410295593	-0.0988765621	-0.1362300538	0.0338298862	0.149686459	0.0776931041	0.0272129022	-0.0849452967	0.050226501	-0.1483606774	0.017621978	-0.0893059637	-0.0682393722	0.0520703425	0.0830219981	-0.0386723549	-0.0632102145	-0.0699676618	0.0236614138	-0.1119228774	0.0242005457	0.0968512303	-0.016860728	-0.0019309301	-0.1852450549	0.0255299325	-0.0032737568	-0.0869005065	-0.0979371461	0.0322280566	0.0073001699	0.0407698535	-0.048177657	0.01679936	-0.0457078348	-0.1954686135	0.1290682061	-0.1086648291	-0.1517218376	-0.0574358963	0.0177457197	0.0961388982	-0.0886434191	0.2431654473	0.0094665073	-0.002572244	-0.1081052575	0.0544808756	0.044785112	0.1378267742	-0.0110197956	-0.0078580194	0.0838381973	0.0778444756	-0.0792120264	0.1419523324	-0.0426890591	-0.0644397255	-0.1030359883	0.014925565	0.0133920041	-0.0665783591	-0.0633079124	0.152719399	0.1425091225	0.016437923132571	-6.085938977670041e-05	0.0002702053169123	3.703865323992346e-09	0.1042256736232332	0.0801051879507356	0.0064168411366226	0.0108629910422167	0.0421434506852591	0.0016618961415132	0.0017760704356608	2.761898785176785e-06	0.000690912808957	-0.0010639835200746	1.1320609309903368e-06	4.773605095808521e-07	-0.0003321816849453	6.777929349280001e-05	1.1034467181309855e-07	4.594032626383122e-09	-0.0005258851068993	-2.3584051279999885e-07	5.562074747776642e-14	2.765551456584882e-07	0.0	0.0	0.0	0.0	0.0	0.0	0.0	0.0	0.0	0.0	0.0	0.0	0.0	0.0	0.0	0.0	0.0	0.0
825.9684488460802	-2.067763826567557	4.2756472424613055	682223.8784891997	867.7120169354723	-9.212118198345252	752924.1443342254	84.86312170028377	763.0805843722436	-1.1961146693075762	1.4306903021327722	582291.9782458848	763.1208009669813	611.798678110461	1.340704	22.178379	0.3390451566718656	0.2889628966883742	-0.0626166164	-0.0338595126	-0.0272133478	-0.052881566	-0.0028730565	-0.0625665827	0.1033525923	-0.0537150728	-0.0372195874	0.0589015519	-0.0610578642	0.0679319351	-0.0695259356	0.0359616333	-0.0486501388	0.0864490917	-0.0566140625	-0.0287564934	0.0353580787	-0.0121534064	-0.0706261271	-0.0834919499	-0.1473729791	0.1469554468	-0.0918051606	0.0376483819	0.0452677667	0.0017263013	-0.0218893146	-0.000418817	-0.3012513441	-0.0808575288	-0.0168931303	-0.073905983	0.0489539188	-0.0474556317	0.0082693503	-0.05951907	-0.0360747161	-0.0758024047	-0.0371321787	-0.0108455938	0.0142194332	0.1494941696	0.1201438996	-0.0444849993	0.0569290466	-0.1742752627	-0.0590880845	-0.2104746109	-0.0818191714	-0.1827202567	-0.0431390442	0.0574046849	-0.174442133	0.0028265891	-0.0454271951	0.0266107669	-0.1299789174	-0.0999627858	-0.1723763376	0.1467289533	0.1454983586	-0.0601125416	-0.0660719509	-0.1284136765	0.0113055277	-0.0372457688	0.1191727595	0.0460067674	-0.0797455968	-0.0107832681	0.0774033492	0.1711714315	0.1513561561	0.1372005631	0.0068660815602612	-0.0095718415723098	4.714307599215888e-05	9.162015108539812e-05	-0.1781487319595385	-0.2823744055827717	0.0797353049282236	0.0317369706987915	0.037506394655125	-0.004637056030134	0.0014067296400259	2.1502288626602997e-05	0.0014049359184087	0.0007140231094516	5.098290008310742e-07	1.9738449348348973e-06	-0.0003342757319935	-2.094047048199982e-06	1.1174026499979023e-07	4.385033040075058e-12	-0.0003927651936662	0.0001331199132331	1.7720911299188073e-08	1.542644973556476e-07	0.0	0.0	0.0	0.0	0.0	0.0	0.0	0.0	0.0	0.0	0.0	0.0	0.0	0.0	0.0	0.0	0.0	0.0
825.814267509839	-0.1541813362410948	0.0237718844450895	681969.204422812	879.3346266808447	11.622609745372417	773229.3856799406	135.08505729322584	761.0951464745306	-1.985437897713041	3.941963645675179	579265.8219870871	762.2154353683168	618.4232140772957	1.414785	23.403847	0.1837065096757796	0.1301706454283296	-0.0880404833	-0.0802115906	-0.0635642241	0.0193448009	-0.0467596412	-0.0046129676	-0.0724045566	-0.0267023833	-0.0836915466	-0.057923428	0.0688921453	-0.1746134795	0.0392022772	-0.1822219846	-0.0780655973	-0.0499418788	-0.045450466	-0.0242867566	-0.1164314543	0.0647051084	0.0304947223	0.0152350897	0.1413923634	0.2099127969	0.1555215353	-0.1093743589	0.029943652	-0.0489795061	-0.0390340483	0.0363775811	0.045824763	0.0129918545	0.108916645	-0.072837593	-0.0075613942	0.0672351843	0.0032258236	0.1580807724	-0.0182851845	-0.0438537439	-0.0023183312	-0.2273053895	-0.0581234098	-0.1366918622	-0.0601157563	0.1731867329	-0.0657489304	0.0197920201	-0.1188093125	0.1958280936	-0.0758530427	-0.0651558457	-0.0234879642	-0.016725804	0.0382401042	0.1670192395	0.0850024941	2.09375e-05	-0.0481868675	-0.055035071	0.0457607191	-0.0548807723	-0.0239866893	0.185630878	0.0067256866	0.2667239565	-0.01796397	-0.0887933225	0.056239502	0.0054055638	0.1435303945	-0.0752109751	-0.1378587819	0.1902974762	0.1497707771	0.1310868562	-0.0030928584559006	-0.0099589400161618	9.565773428235842e-06	9.91804862455088e-05	-0.0540221795684061	0.1241265523911324	0.0154074010085085	0.0029183958853211	0.0511502184993304	0.0136438238442054	0.0026163448525292	0.0001861539290917	0.00096187481289	-0.0004430611055186	1.9630314322345253e-07	9.252031556721726e-07	-0.0004777531607178	-0.0001434774287243	2.2824808257584807e-07	2.058577255333659e-08	-0.0005257705279088	-0.0001330053342425	1.7690418936985734e-08	2.764346480174982e-07	0.0	0.0	0.0	0.0	0.0	0.0	0.0	0.0	0.0	0.0	0.0	0.0	0.0	0.0	0.0	0.0	0.0	0.0
826.457898264204	0.6436307543649491	0.4142605479643934	683032.6576032854	866.3947012517359	-12.939925429108824	750639.7783570847	167.44167011089723	761.344952934019	0.2498064594884681	0.0624032672021636	579646.1373581036	759.9664436332326	608.8555599453244	1.208866	19.997473	0.0648158097007382	0.0419065701783843	-0.0591618107	0.0061574891	0.1071202028	-0.014404981	0.0909149003	-0.023616502	0.0557085078	-0.0259001226	-0.021867674	-0.1221734398	0.0230658531	0.0238029699	0.1236701273	0.0375584091	-0.0800692141	-0.0512802985	-0.0977647705	-0.0094933525	0.0823128292	0.0557852772	-0.0176001406	0.0210958711	0.2183851668	-0.0142906281	-0.0829676302	-0.1531273789	-0.1830762192	-0.0323401889	-0.0638365184	0.1778936622	-0.0429284054	-0.0855321453	-0.0420968454	-0.0605177862	0.0533641131	0.1145476147	-0.0779330952	0.0570008102	0.1229541914	0.0236802806	-0.0079971126	0.1311371116	-0.0306539679	-0.1765360233	0.0503301986	0.0120607127	0.0162009218	0.0258075015	-0.0049771195	-0.1782803598	-0.0415079081	-0.0553271179	-0.0192518025	-0.0134635265	0.0270164504	-0.0792713629	-0.0424588778	0.071893058	0.0033233394	0.0637153207	-0.0031282398	-0.0899457142	-0.0824486095	-0.0280153636	0.1006107997	0.0467572268	0.0207714168	-0.1320683793	0.0376532059	0.0369615478	0.0975466726	0.1014468283	0.1225890732	-0.0044064976	0.1479655889	0.1242038795	-0.001933046164126	0.0011598122917745	3.7366674726422423e-06	1.3451645521514495e-06	-0.0195997633949076	0.0344224161734985	0.0011849027352215	0.0003841507251363	0.0280442515488203	-0.0231059669505101	0.0007864800449335	0.000533885708718	0.000867382095416	-9.449271747400008e-05	8.9288736556212e-09	7.523516994482509e-07	-0.000449728079205	2.802508151279997e-05	2.0225534522541883e-07	7.854051937990826e-10	-0.0005258050146211	-3.448671230001348e-08	1.1893333252639013e-15	2.764709134006952e-07	0.0	0.0	0.0	0.0	0.0	0.0	0.0	0.0	0.0	0.0	0.0	0.0	0.0	0.0	0.0	0.0	0.0	0.0
828.113118687429	1.655220423225046	2.7397546494613003	685771.33734222	871.8102385285613	5.415537276825376	760053.092003227	29.328043996685203	762.5141794512349	1.1692265172158611	1.3670906485607328	581427.8738641901	763.249341166157	611.5290164023475	1.15312	19.075302	0.0441634255118681	0.025480740573338	-0.0203034899	-0.0659907686	-0.1620612714	-0.0496026581	0.015133871	-0.0439220986	0.0760503334	0.0276948782	-0.0050138267	-0.0272962577	-0.0758281338	0.1402924523	-0.0833108161	-0.0108101983	-0.0291872715	0.0072312283	-0.0616307628	0.0244747327	0.0587499286	0.1445388274	-0.1101102424	0.0281022241	-0.0675125477	0.0355415823	0.0512459499	-0.0191357034	0.2237290671	0.1513206486	-0.0647696232	-0.1105620039	0.0575937944	0.083892388	0.0699847281	-0.0163821583	0.0549885399	0.0451084238	-0.0575781915	-0.1556045709	0.0158741617	-0.2181519558	-0.0261172499	-0.0527393691	-0.0736155803	-0.0285883356	0.0344216638	0.0318344375	0.092389797	0.059650237	-0.1915980184	0.1398640153	-0.0250391679	-0.0323581265	-0.0223249661	-0.0092288294	0.0095542085	0.0224955139	0.0254851646	-0.0549750265	0.002629123	-0.0192132478	0.047338752	0.0685218749	-0.0487914763	0.0315261368	-0.0250794366	0.0013336096	-0.0997535409	-0.0838893664	-0.0025543347	0.0565950027	0.0370559481	-0.0040220337	-0.0025041732	0.0008620646	0.1459432408	0.1165920251	0.0035481715282656	0.0054812176923916	1.2589521193994642e-05	3.004374739138669e-05	-0.0367589963980776	-0.01715923300317	0.000294439277257	0.0013512238161938	0.0118249481497088	-0.0162193033991115	0.0001398293987433	0.0002630658027524	0.0008674093581718	2.7262755800073687e-08	7.432578538144515e-16	7.52398994644014e-07	-0.0003437282147387	0.0001059998644663	1.1814908560745385e-07	1.123597126687398e-08	-0.0005258513157429	-4.6301121799986224e-08	2.1437938799371595e-15	2.765196062685391e-07	0.0	0.0	0.0	0.0	0.0	0.0	0.0	0.0	0.0	0.0	0.0	0.0	0.0	0.0	0.0	0.0	0.0	0.0
827.5606551554429	-0.5524635319861773	0.3052159541746419	684856.6379613058	867.1962249062278	-4.614013622333459	752029.2924916128	21.28912170707873	762.9436338855375	0.4294544343025563	0.1844311111421287	582082.988486469	762.8258718228415	618.1497211717818	1.331568	22.027248	0.0431703116598751	0.0237616621361398	-0.0163619776	0.1455008398	0.1234938631	0.0064508359	-0.2141558826	-0.0305842403	0.0640522311	-0.0454307651	-0.0070070094	-0.0142284981	0.0537212064	-0.0541456345	0.0928156939	-0.0743694901	-0.0211134529	0.0296827407	-0.025417955	0.1598970568	-0.0547447982	-0.0879971432	0.046114818	0.0396382386	-0.0490540306	-0.1000842833	-0.1016516586	-0.066599194	-0.0747670569	-0.2192971298	-0.0162360413	-0.0714161847	-0.048477932	-0.1002665538	-0.0647939086	-0.0262571013	0.0436382962	-0.0088062621	0.1292175294	-0.0278364217	-0.0567784308	0.1043567065	0.0115416318	0.0080459166	-0.0293864536	-5.89827e-05	0.1231425784	-0.0455252473	-0.0528805341	0.2003233124	-0.0491173958	-0.1044246505	-0.0200336582	-0.0373589912	-0.012301331	-0.0640105185	-0.0271647657	-0.0815142663	-0.0889434366	0.0992644089	0.1356895223	-0.0165005045	0.1341066838	-0.013862555	0.1248018779	-0.0473155706	0.0011567251	-0.0193437453	0.057844303	-0.103049795	-0.032496527	-0.0684916275	0.0053802941	-0.040381766	0.0954714224	0.1711803894	0.1437067008	0.1082959623	-0.0020978824926771	-0.0056460540209427	4.401110953081083e-06	3.187792600740323e-05	-0.0176484355959303	0.0191105608021473	0.0003652135341725	0.0003114672789836	0.011889441042868	6.449289315920044e-05	0.0001413588083118	4.159333268044043e-09	0.0009119793651386	4.457000696679993e-05	1.986485521020594e-09	8.317063624386038e-07	-9.22074025084818e-05	0.0002515208122302	8.502205077361177e-09	6.326271898494866e-08	-0.0004549580560674	7.089325967549995e-05	5.025854267417867e-09	2.069868327806275e-07	0.0	0.0	0.0	0.0	0.0	0.0	0.0	0.0	0.0	0.0	0.0	0.0	0.0	0.0	0.0	0.0	0.0	0.0
828.1966676949777	0.6360125395348177	0.404511950445528	685909.7203810653	875.1636664650657	7.967441558837891	765911.4431005768	63.48012499349716	763.6369688956968	0.6933350101593305	0.4807134363126389	583141.4202642074	763.840834722689	614.9821592041953	1.393964	23.059414	0.0912323548953016	0.0534130110207878	-0.0195017847	-0.0043831888	0.1220623382	-0.1392593373	0.2313323428	0.0666568	0.0979201183	-0.0778041347	-0.0034414139	0.0665705783	-0.0307180679	-0.0890990726	-0.0218200649	0.1822050092	0.0145783482	0.1023227768	0.0513010727	0.0574631676	-0.0227687872	0.1157969058	-0.0286453371	-0.0090758576	0.0634065333	0.0252453814	0.044853931	-0.1693457895	0.0308337489	0.0207868051	0.087118177	-0.1081211751	-0.0475025074	-0.1471927931	-0.0258905546	-0.012943966	0.0524164112	-0.0918768954	0.0306370645	0.0380454145	0.1715179111	-0.0235992424	0.0335399144	0.0646275361	0.0496027184	-0.0848733674	-0.0025957805	0.0601618373	0.0758883784	-0.0994081502	-0.0879899896	0.1481031058	-0.0255746161	-0.0164897191	0.0622321588	-0.0210307349	0.0550385897	-0.1498326158	-0.0529989585	0.0626732661	-0.1340715128	0.1220239081	-0.0689752538	0.0272457667	-0.0308242094	-0.0219704516	0.0902962948	0.0789192702	-0.0346683532	-0.1418711154	0.0217961461	-0.047353183	-0.0137220473	0.0224212032	-0.0022792068	-0.1159371935	0.1412592515	0.0993643757	-0.0020644851904734	3.339730220370011e-05	4.262099101683991e-06	1.1153797944852723e-09	0.0064382576038894	0.0240866931998197	0.0005801687893022	4.145116097403968e-05	0.0436449215435885	0.0317554805007204	0.0019048791765459	0.0010084105418316	0.0003579970088238	-0.0005539823563147	3.068964511080979e-07	1.2816185832678798e-07	-1.0094124305526364e-05	8.211327820295544e-05	1.0189134549541809e-10	6.742590457235957e-09	-0.0005259980994008	-7.104004333340004e-05	5.046687756811356e-09	2.766740005732539e-07	0.0	0.0	0.0	0.0	0.0	0.0	0.0	0.0	0.0	0.0	0.0	0.0	0.0	0.0	0.0	0.0	0.0	0.0
829.5571040984988	1.3604364035211347	1.85078720802552	688164.9889602877	869.4758855150892	-5.6877809499765135	755988.3154922485	32.35085213491573	763.6867001441217	0.049731248424905	0.0024731970698996	583217.3759770177	762.8290272699699	620.7205705625265	1.401199	23.179096	0.081576542968053	0.0490501577697962	-0.0259248065	0.049614819	-0.1525106845	-0.0568515888	-0.0780554417	-0.0842227969	0.1182097312	-0.1218944741	0.0685267918	-0.0951005226	-0.0062996317	-0.0290070902	0.014726011	-0.0654461634	0.0169823761	0.0797153073	-0.0879503069	-0.0400885454	-0.0822181383	0.0446510466	0.050566153	0.0012462578	0.0085246599	-0.0382604215	0.1823918438	0.0259488883	0.0263969061	0.0816515226	-0.0111968932	-0.0270270827	0.0467111288	0.0477872737	0.0069741928	-0.0109523496	0.1335301606	-0.0287749658	-0.0130746758	0.1021071745	0.0147080316	-0.0328509588	-0.0071132236	-0.1127945961	-0.0054722658	-0.0238442828	-0.0496764099	-0.0298626216	0.0519677018	0.0176380626	0.0202456795	0.1330845885	-0.0301104832	-0.0361268823	0.023574108	-0.0033611721	-0.0181725626	0.1232931558	0.0454811671	0.0236289011	-0.0104919618	-0.012598364	-0.0277569104	0.1189623349	0.035267116	-0.0116125942	0.0599148668	0.0900822491	-0.2217850847	-0.0556847084	-0.123857887	-0.09220836	-0.0669490313	-0.0537030669	-0.1269416067	-0.1703459537	0.1386044847	0.0898496795	-0.0022144610027936	-0.0001499758123201	4.9038375328936364e-06	2.2492744281103838e-08	-0.0368821609435769	-0.0433204185474663	0.0018766586631276	0.0013602937958679	0.0441019445352424	0.0004570229916539	0.0019449815117895	2.088700149002864e-07	0.0006919942327182	0.0003339972238944	1.1155414556916596e-07	4.788560181152504e-07	-6.905740099227842e-05	-5.896327668675205e-05	4.768924631808336e-09	3.4766679976384783e-09	-0.0001659760876497	0.0003600220117511	1.2961584894530925e-07	2.7548061671500896e-08	0.0	0.0	0.0	0.0	0.0	0.0	0.0	0.0	0.0	0.0	0.0	0.0	0.0	0.0	0.0	0.0	0.0	0.0
828.1950435366272	-1.362060561871658	1.855208974206137	685907.0301386358	869.411099371972	-0.0647861431172032	755875.659711181	0.0041972443400027	763.0219766432239	-0.6647235008978214	0.4418573326458559	582202.5368405324	762.2587877815943	614.3339124676079	1.318358	21.808727	0.1352954994203059	0.0788677965196517	0.0042156434	0.107837249	0.0092808363	-0.0094648359	-0.0793230917	0.0453022397	-0.1249298885	0.0020354402	0.0798457884	-0.1019136445	0.1060315009	0.1671327616	0.1443766059	-0.1140115019	0.0216125563	-0.0281008069	-0.0466186788	-0.1117340732	0.0099101409	0.0079184459	0.1519058689	0.1246024288	0.1367216737	-0.0500895774	-0.0302848201	0.0387113479	0.064867834	-0.1804650486	-0.0961466944	-0.1074174684	0.1273930546	0.058416329	-0.1882888258	0.0212666529	0.0330690426	0.0469311941	-0.0631684902	0.0721004373	0.0356736444	0.1084641317	0.0615242764	-0.0561714352	-0.2211777496	-0.0400319319	-0.0514320929	-0.0905035966	-0.0859365823	0.1632509371	0.0236522823	0.1673602488	0.0072617629	0.0870753868	-0.0187341684	-0.0342299715	0.0211419206	0.0912199565	0.074836003	0.0670492426	0.1198901781	-0.0424255886	0.2320908584	-0.1443896397	-0.0319486854	0.011698462	0.0668544078	-0.0096741029	-0.004284883	-0.068361687	0.0041026602	0.1263084959	0.0599681627	0.0070317758	0.0193325655	-0.086147009	0.1357462967	0.0798077096	-0.0042943080485429	-0.0020798470457493	1.844108161578033e-05	4.32576373371209e-06	0.0352676679163295	0.0721498288599064	0.0052055978045137	0.0012438084002564	0.017214281356729	-0.0268876631785134	0.0002963314826286	0.0007229464312011	0.0003689816992063	-0.0003230125335119	1.0433709680577632e-07	1.3614749434916845e-07	-6.959701766251492e-05	-5.39616670236498e-07	4.843744867516413e-09	2.9118615079712543e-13	-0.0005259871441903	-0.0003600110565406	1.296079608314791e-07	2.7666247585346745e-07	0.0	0.0	0.0	0.0	0.0	0.0	0.0	0.0	0.0	0.0	0.0	0.0	0.0	0.0	0.0	0.0	0.0	0.0
830.8585948086009	2.663551271973688	7.094505378432651	690326.0045673228	876.1071304717622	6.6960310997901615	767563.7040634652	44.83683248935704	764.1800910211379	1.1581143779139893	1.3412289123311063	583971.2115130746	763.7374003231213	616.9418101336881	1.49695	24.763044	0.0638360603399203	0.032813815887467	-0.0170440942	0.0993195206	0.1554435956	-0.0353905576	0.1812716614	-0.0726099337	0.1429779122	-0.1322965381	0.0512444611	0.0991250828	-0.0081778316	0.0491419569	-0.0440837449	0.0511066164	0.0446696278	0.0956100204	-0.0874007523	0.0932468417	-0.0763753423	0.0012437754	0.068854887	0.2255637834	0.1117458283	-0.0724027034	0.0630424783	-0.1384400009	-0.1840615288	0.1343913682	0.0986316782	0.0051231758	-0.0838991863	0.1211159884	-0.1028513126	0.001384664	0.132954671	-0.0716231344	0.0841142038	-0.0769514497	0.056796307	0.0678603266	0.1482791128	0.0439930924	0.0247017072	-0.2610307484	0.0018209978	0.0071717055	0.1881538635	-0.0946039164	0.1111945538	-0.0718918029	-0.0147531649	0.0035012287	0.1176454376	-0.0852700588	0.0510064695	-0.2297085644	-0.1151383149	0.0924701341	-0.0486707511	0.0874447178	-0.0558736582	0.0140026874	-0.0156138623	-0.0664417077	0.0988472418	0.0651227095	0.0081742046	-0.1615465747	-0.0058769031	-0.0748056066	-0.0353785454	0.0979587382	-0.0126549344	-0.199626373	0.1326888823	0.0692973963	0.0018731798056705	0.0061674878542134	3.508802584371772e-06	3.803790643186981e-05	0.0253643665240588	-0.0099033013922707	9.807537846615082e-05	0.0006433510891667	0.0445531514119466	0.0273388700552176	0.0019849833007358	0.000747413815896	0.0002429998103837	-0.0001259818888226	1.587143631130995e-08	5.9048907846514154e-08	-1.0378936008414996e-06	6.855912406167342e-05	1.0772231266677342e-12	4.700353492103927e-09	-0.0003120001363102	0.0002139870078801	4.5790439541477994e-08	9.734408505758337e-08	0.0	0.0	0.0	0.0	0.0	0.0	0.0	0.0	0.0	0.0	0.0	0.0	0.0	0.0	0.0	0.0	0.0	0.0
830.6324524612733	-0.2261423473275954	0.0511403612548348	689950.2710818293	867.1792115545892	-8.927918917172974	751999.7849524389	79.70773619161506	764.8637094805317	0.6836184593938697	0.4673341980240478	585016.4940803192	764.9450801116848	624.6452508687537	1.506033	24.913296	0.1851171789971031	0.1235316866425274	0.0475114158	0.0807368673	-0.153407027	-0.1336989569	-0.0264997499	0.1673786635	0.1210828053	-0.0704541148	0.0735500574	-0.123698551	-0.0835098191	0.10878401	0.0152771937	0.0352627735	0.0733220898	0.1036964861	8.8611e-06	-0.1074787946	0.0283934353	-0.1158962364	0.2679428633	-0.1012948849	-0.0889305468	-0.0324041916	-0.0693492811	0.2784626859	-0.0164698902	0.0876317158	-0.0354205841	-0.1012898069	0.1851153706	-0.1016849756	-0.3377337759	0.0450015067	0.0814687172	-0.0695614957	-0.1379383989	0.0730971757	0.0346470256	0.0880852387	-0.0224522089	-0.0891040005	0.0534684894	0.2490660832	0.0783303314	-0.1123839226	0.1641133117	0.215843163	0.3142828554	0.0517251738	0.0126050962	0.0416521503	-0.01485823	0.0472098246	-0.1400284044	0.1630407041	0.0831139299	0.0491012075	-0.0786265864	-0.1209980846	-0.0809868937	0.0846566593	0.0073828541	-0.0831515942	0.0596554209	-0.0803583251	-0.1541139645	0.0392034563	-0.0043620609	-0.0505254268	-0.1088047525	-0.0683114891	-0.1295580404	-0.0760970099	0.1294367287	0.0583804184	-0.0021662960218833	-0.0040394758275538	4.692838454427411e-06	1.631736496139146e-05	-0.0806030355233815	-0.1059674020474402	0.0112290902966838	0.0064968493355834	-0.0114312730405004	-0.055984424452447	0.0001306740033264	0.0031342557812717	0.0004250265942008	0.0001820267838171	3.3133750026797274e-08	1.806476057779315e-07	0.0001444218438515	0.0001454597374523	2.0857668981467052e-08	2.115853521970412e-08	-0.000367031148434	-5.503101212379999e-05	3.028412295369821e-09	1.3471186392078093e-07	1.0	0.0	0.0	0.0	0.0	0.0	0.0	0.0	0.0	0.0	0.0	0.0	0.0	0.0	0.0	0.0	0.0	0.0
829.1706136137473	-1.4618388475259962	2.136972816136133	687523.9064805981	871.6978473415622	4.51863578697305	759857.1370599136	20.418069375313557	763.9218475834016	-0.9418618971301383	0.8871038332655835	583576.5892152379	763.3967083093377	623.9292644966237	1.414226	23.394594	0.1642370443543279	0.1207596760989538	0.0545617522	0.1825038875	0.0154196628	0.1278422275	-0.1297726295	-0.0221822105	-0.1889756322	0.0031694312	0.0600023669	-0.153281028	0.1960397909	0.0192150405	0.0552299712	-0.1423907111	0.0643598185	-0.0073118643	0.185129003	-0.0222497209	-0.0639829861	-0.1830184303	0.1774999834	0.0126958551	-0.0765835234	0.0206712442	0.0212355285	0.0252902648	0.1415571374	-0.1294791256	-0.0640347006	-0.0888595016	0.1621153036	-0.0932984303	0.0791484906	0.0650826138	-0.1388215952	-0.0719641784	0.01555383	0.1042445207	-0.0706609812	0.22969223	-0.0752464742	-0.080482608	-0.1411754655	0.1160026364	-0.0429396524	-0.059546935	-0.0074277923	0.2099009193	-0.0122145373	0.0851089414	0.0507682784	0.1435661073	-0.0341251504	-0.0168937641	-0.0687021606	0.0374233548	0.0344900702	0.039566309	0.1827400159	-0.0748292365	0.1704115123	-0.06744055	0.0325102947	-0.0992886352	0.0914936731	-0.0638315217	-0.0100052022	0.0094910246	-0.0530843656	0.048865041	0.0046558381	-0.0130623542	0.0379146353	0.022652326	0.1259946088	0.0471208409	0.0134661415712145	0.0156324375930978	0.0001813369688159	0.000244373105102	0.0396668970535643	0.1202699325769457	0.014464856682063	0.001573462721858	-0.0273622288997898	-0.0159309558592894	0.0007486915703644	0.0002537953545906	0.0005140379813601	8.901138715930001e-05	7.9230270440228e-09	2.6423504628076656e-07	0.0001443651052914	-5.6738560100000645e-08	2.0841283625797013e-08	3.2192642022213844e-15	-0.0005260373892145	-0.0001590062407804	2.528298460714633e-08	2.767153348516073e-07	0.0	0.0	0.0	0.0	0.0	0.0	0.0	0.0	0.0	0.0	0.0	0.0	0.0	0.0	0.0	0.0	0.0	0.0
826.9755974595469	-2.1950161542004025	4.818095917200726	683888.6387935745	871.7480684255625	0.0502210840002135	759944.6948036992	0.0025221572781565	763.4608484083607	-0.4609991750409108	0.2125202393884003	582872.4670524138	763.7379105238699	618.9062801466564	1.470341	24.322866	0.0761057051361713	0.052573331029902	0.0869856028	-0.0396111277	0.0548785663	0.2021913633	0.2235569564	-0.0298422359	0.0137260215	0.1913486265	-0.0283457546	0.0864998756	0.1637234354	0.0487627803	-0.0686546462	0.1616965701	0.0466107939	-0.0806002031	0.2089752534	0.1084608911	0.0754134929	-0.0073685289	-0.0522928496	0.148845785	0.0896798068	-0.0868676659	-0.0682422056	-0.0716725207	-0.0689575697	-0.0988746526	0.1955617254	-0.0199769127	0.0285956624	0.1658853364	0.0462910286	0.0623131205	-0.2176846713	-0.0397457334	0.1246223818	-0.1291818153	0.055369732	0.0557642172	-0.0280462054	0.1234672093	-0.0497438987	-0.0989528048	-0.0792632595	0.058210983	-0.1231616018	-0.0823347173	0.0956824298	0.1336450585	0.0699866251	0.1506628631	-0.0666047023	0.0613491272	-0.0678737134	-0.0907813125	-0.022679009	-0.042717274	0.0476733999	0.0318998304	-0.0785019151	-0.0272104121	-0.0702349668	-0.0240965429	0.0413704797	0.0005755434	-0.0774130396	0.0024909271	0.0139503773	0.0582401891	-0.0075528509	0.0346207953	0.0177280408	0.1605426015	0.1223675745	0.0355847396	0.0153439392724266	0.001877797701212	0.0002354364723959	3.5261242066774446e-06	-0.009496508625844	-0.0491634056794083	0.002417040457998	9.018367608072951e-05	-0.0435766223987457	-0.0162143934989558	0.0018989220196828	0.0002629065565389	0.0004850766602212	-2.896132113890001e-05	8.387581221104967e-10	2.3529936629135355e-07	0.0002923725011114	0.0001480073958199	8.54816794061356e-08	2.1906189217418152e-08	-0.0005260708373875	-3.3448172999991234e-08	1.1187802770373421e-15	2.767505259495855e-07	0.0	0.0	0.0	0.0	0.0	0.0	0.0	0.0	0.0	0.0	0.0	0.0	0.0	0.0	0.0	0.0	0.0	0.0
826.6536996020411	-0.3218978575057463	0.1036182306667897	683356.3390657416	866.9791538684399	-4.768914557122571	751652.853242436	22.74254605313557	762.9903871105563	-0.4704612978043769	0.2213338327317786	582154.3308231166	763.3480679330896	620.458926495512	1.476961	24.432383	0.0943232219719457	0.0528727732751895	0.0973477466	-0.0308870201	-0.108248442	0.1027003437	-0.2107212974	0.1292938372	0.0050903461	0.1391784766	-0.034758361	-0.0010718788	0.0618640321	-0.085727877	-0.2734950491	0.1019894878	0.010255289	-0.052745647	0.1412320159	-0.0035930294	-0.0987361786	-0.2401877087	-0.2971006505	0.1068345307	-0.0934831087	0.008569309	-0.0689471623	-0.0862971934	-0.0163706973	0.0985250455	0.1919221161	-0.1329270167	-0.0474766971	-0.0325232456	0.1681655228	0.03787701	-0.1765546418	-0.0438051872	0.0447725577	-0.0831035028	-0.3151221272	-0.0303827916	-0.0474347493	0.1730460641	0.0300525962	-0.0978260728	0.1617135743	0.1132112989	0.0561877212	-0.0841167369	-0.0690950385	0.234167282	0.0711566468	0.1283712157	-0.0027029766	0.0572111809	-0.0334247744	-0.1607085186	-0.0811243433	-0.1465928153	0.1357759263	-0.0072040815	0.021609197	0.2125859484	0.227375376	-0.0637589721	-0.136474648	0.0081482991	-0.0005596689	0.0487353534	-0.1020576952	0.047072541	0.0505664926	-0.0114156029	0.0510601129	-0.0245858373	0.1185609488	0.023839813	0.0110313047134837	-0.0043126345589429	0.0001216896836817	1.859881683898862e-05	0.0218961295860822	0.0313926382119262	0.0009854977339048	0.0004794404908505	-0.0207450544663032	0.0228315679324425	0.0004303572848098	0.0005212804942537	1.0474248947174244e-06	-0.0004840292353264	2.3428430065073945e-07	1.0970989100738076e-12	0.0003069998100355	1.4627308924100026e-05	9.42488833618331e-08	2.1395816636105624e-10	-0.0003089997562654	0.000217071081122	4.711985425951732e-08	9.54808493720766e-08	0.0	0.0	0.0	0.0	0.0	0.0	0.0	0.0	0.0	0.0	0.0	0.0	0.0	0.0	0.0	0.0	0.0	0.0
825.5820883694641	-1.07161123257697	1.1483506337851328	681585.7846364857	869.8127354460877	2.8335815776478057	756574.1947442057	8.029184557185028	762.5042160034179	-0.4861711071383752	0.2363623454161535	581412.679422987	763.6255918584866	626.2578248581024	1.422607	23.533234	0.1109359026243133	0.0652227188868531	0.0441289146	-0.0223770579	0.1170285568	0.0562724653	-0.1166497198	0.2166863548	-0.1084446563	0.0793014518	-0.0820702339	-0.1475666741	-0.0020627008	-0.3452907722	-0.0480184574	-0.0261065466	-0.0014681149	-0.1090277369	0.086535766	-0.1467847522	-0.0990548545	-0.1583071704	0.0161039285	-0.1834678714	0.1442360079	0.0385616015	0.0489340811	-0.0587402753	-0.0401105569	-0.0088652227	0.0155756615	-0.02853621	0.0021657662	-0.0590694097	-0.1443783755	0.0354581581	-0.1462587991	0.0351418476	-0.1013388993	0.2951781494	-0.1030158061	0.1077227044	-0.0945356139	0.0351896398	0.1920485533	0.0118672515	-0.1033586416	0.0948417856	-0.022665824	-0.0426764386	0.1202927424	0.0132245938	0.0507339197	0.1539581513	-0.0411974318	0.1341737378	-0.0562932256	0.06092592	0.0293476292	0.0763169928	-0.0036163049	0.032667811	-0.1300213114	-0.00842409	0.1504734962	-0.086819569	0.0691874676	0.168629144	0.0967112725	0.126313527	0.024997565	-0.2155844325	0.1007498835	-0.1445802273	-0.2175330696	0.0519333617	0.1145803187	0.0119549848	-0.0020003255814344	-0.0130316302949181	4.00130243174087e-06	0.0001698233881434	-0.0387191961585671	-0.0606153257446493	0.0036742177151299	0.0014991761511655	-0.0094531371306914	0.0112919173356117	8.936180161165645e-05	0.0001275073971142	0.0003110167000913	0.0003099692751965	9.608095156589472e-08	9.673138773568165e-08	0.0002939822795899	-1.301753044560003e-05	8.642558071287413e-08	1.6945609890212368e-10	-0.0001120459769249	0.0001969537793405	3.8790791196506366e-08	1.2554300945055224e-08	0.0	0.0	0.0	0.0	0.0	0.0	0.0	0.0	0.0	0.0	0.0	0.0	0.0	0.0	0.0	0.0	0.0	0.0
825.1433451178499	-0.4387432516142553	0.1924956408370497	680861.5399922752	863.8804229389538	-5.932312507133929	746289.3851371856	35.19233168229764	763.0204295989006	0.5162135954826681	0.2664764761611436	582200.1759852908	762.8905680317193	609.2331472070823	1.31154	21.695934	0.1149334926292923	0.0758207453798623	0.080596751	-0.1475217845	0.1071715213	0.1328531619	0.1466113479	0.1510589886	-0.1320548836	0.1956838815	-0.0210084702	-0.1942512422	-0.0514205886	0.0483621537	0.1040063899	0.0792383396	0.0428704028	-0.1697554553	0.0421641889	-0.1779244024	0.1075160381	0.0991123294	-0.1072302592	-0.035508095	0.153184069	0.0084891345	-0.1913427208	0.0087613186	-0.0021878345	-0.0360232699	-0.1627324116	-0.0751711246	-0.1550731934	0.1366740338	0.0860239375	0.0818509914	-0.1501458976	0.0861373923	-0.2369853945	0.0137695439	0.1245751216	0.0167389391	0.0142968494	0.2485425337	-0.0597523699	-0.0575828322	0.0928413863	-0.0398753388	-0.0589385352	-0.0513151464	-0.0807601002	-0.1432656638	0.0916694104	0.2093516686	-0.0774775618	0.120642034	-0.0070346689	-0.0482342281	0.0024080943	-0.0499537206	0.0171724352	0.0767490212	-0.069223558	-0.161588744	-0.0758188443	0.0143434238	0.0125923013	-0.0022354204	0.0738413999	-0.007626727	0.1096345684	0.127024473	0.0887349246	0.0296839112	0.0671019678	0.0286725188	0.1104315261	-0.0	0.0010470948945879	0.0030474204760223	1.0964077182720454e-06	9.286771557679982e-06	0.0312985109921584	0.0700177071507255	0.0049024793146447	0.0009795967903262	-0.0185778730756709	-0.0091247359449794	0.0003451373680157	8.326080606560089e-05	-0.0001469604643746	-0.0004579771644659	2.09743083172226e-07	2.159737808919807e-08	0.0002730210515065	-2.096122808339999e-05	7.454049456571493e-08	4.3937308276431645e-10	-0.0002879801655269	-0.000175934188602	3.0952838719044106e-08	8.293257573690073e-08	0.0	0.0	0.0	0.0	0.0	0.0	0.0	0.0	0.0	0.0	0.0	0.0	0.0	0.0	0.0	0.0	0.0	0.0
826.1582005372285	1.0148554193785913	1.0299315222420964	682537.3723149115	872.0007129025149	8.120289963561163	760385.2433024943	65.93910909231215	763.9088628461284	0.8884332472277947	0.7893136347797238	583556.750734865	765.5580041491097	612.7997080525707	1.245956	20.611023	0.1011118047481181	0.0663445756220989	0.0851400297	-0.1995970058	0.0368855718	0.084309615	-0.0130407831	0.0221255185	-0.1047749593	0.2195207743	-0.0410190231	0.0653938393	-0.080766336	0.1703395009	-0.0539772199	-0.0278659108	0.0324849653	-0.0914470981	0.1200496308	0.0357233548	0.2284792911	-0.0948205352	-0.0767955814	-0.0041872368	-0.2704076016	-0.0171239568	0.1125563252	-0.1301917344	-0.0131996718	0.222325172	-0.0589187791	-0.098554854	-0.069707934	0.1271681605	-0.0524996637	0.0646008986	-0.1532942343	0.0219672527	-0.0694049341	-0.3085869027	-0.0587629478	-0.0122400285	-0.0839557921	-0.0699537357	0.0828563478	0.0888515057	0.0658922946	0.0437695744	0.1426076822	0.0681520598	-0.1972649017	-0.036230815	0.0843799486	0.1707569143	-0.0302078656	0.1260301101	-0.0030175611	-0.0991606341	-0.028045454	-0.1023827112	0.0835660344	-0.0535959435	-0.0390526273	0.1450862789	0.0660168873	0.1801539261	-0.0138719906	0.0461650122	0.093369	0.0368899638	0.0337100783	0.0021351495	-0.1161277812	-0.0165870367	-0.0393152332	-0.0899457482	0.10612066	-0.0119549848	-0.0067071117223065	-0.0077542066168944	4.498534765550127e-05	6.012772025748889e-05	-0.0329960293125992	-0.0642945403047575	0.004133787913	0.0010887379503979	0.0001338916322453	0.0187117647079161	1.7926969185310658e-08	0.0003501301384844	-0.0002259728883907	-7.90124240161e-05	6.242963148899977e-09	5.1063746287635764e-08	0.0002960206945283	2.2999643021800036e-05	8.762825158901712e-08	5.28983579130235e-10	-0.0001829663701938	0.000105013795333	1.1027897210262213e-08	3.3476692621894664e-08	0.0	0.0	0.0	0.0	0.0	0.0	0.0	0.0	0.0	0.0	0.0	0.0	0.0	0.0	0.0	0.0	0.0	0.0
829.5433348915817	3.385134354353226	11.459134597022436	688142.1444630469	866.6484383422058	-5.35227456030907	751079.5156809841	28.646842968931647	765.7587423016948	1.849879455566452	3.422054000126832	586386.4514114734	765.4496796038569	605.164207224872	1.283596	21.233679	0.0978427727463922	0.0616088028187897	0.1232518651	-0.1041501266	-0.1193325502	-0.0147014437	0.072397561	-0.0622398494	-0.1508337174	0.058859914	0.0712798861	-0.1014473739	-0.1475612758	0.1676942758	0.002685129	-0.0634084891	0.1322996933	0.0487592084	0.1271974168	-0.0081163489	0.2438669472	-0.1698200384	-0.0742052142	-0.1411653309	-0.0251372492	-0.0412803719	0.1277884238	-0.0439168799	0.1971572163	-0.0020039573	-0.1127978049	-0.0078504138	0.0541740045	-0.0682645002	-0.069011685	0.1245151304	-0.0462637458	-0.0962157843	-0.1361222059	-0.1587279567	-0.0342474807	0.0454981301	-0.3105034775	0.032601	0.0468793792	0.1017343215	-0.1554410858	-0.1052057909	0.0335565789	0.0410290238	-0.0732960444	0.020036157	0.1005329647	0.196873912	-0.0584255175	0.0957640718	-0.0822879633	-0.0326619362	0.0386805677	-0.0308971392	-0.1225443348	-0.1870274102	-0.0352627739	0.1116630649	-0.0089952579	0.025761346	0.0305687646	-0.1032674205	-0.0260124488	0.1170139764	0.1549021501	0.0872927422	-0.1818414737	-0.0556867708	0.0191198583	-0.0755445053	0.1016540472	-0.023839813	-0.0289719952088489	-0.0222648834865424	0.0008393765063815	0.0004957250366693	-0.0230781158709589	0.0099179134416403	9.836500703586936e-05	0.0005325994321534	-0.0543268668628798	-0.0544607584951251	0.002951408463137	0.0029659742158643	-4.497929565501089e-05	0.0001809935927356	3.2758680611372486e-08	2.023137037620881e-09	0.0002960032222589	-1.7472269400015897e-08	8.761790758765177e-08	3.0528019798673193e-16	-0.0001399930887372	4.29732814566e-05	1.846702919148161e-09	1.9598064894181552e-08	0.0	0.0	0.0	0.0	0.0	0.0	0.0	0.0	0.0	0.0	0.0	0.0	0.0	0.0	0.0	0.0	0.0	0.0
828.0094071500328	-1.5339277415489505	2.352934316293464	685599.5783289487	873.8058923498377	7.157454007631827	763536.7375052961	51.2291478713649	763.78376834008	-1.9749739616148645	3.900522149056712	583365.644779773	764.9134436944599	630.2563361947235	1.473149	24.369329	0.0851844769404909	0.0394203492918555	0.1210542934	0.0998350039	0.1478168347	0.209696616	-0.0681434798	0.0821025177	-0.2484811263	0.1053230411	-0.0104800048	0.2374407423	0.1577029486	-0.1691210227	0.0385679478	-0.0247856501	0.0597672421	-0.1475538776	0.1773190704	-0.0896019182	-0.0341513921	-0.144643711	0.070038994	0.0350015472	-0.0977079095	-0.0573800735	-0.1032208669	0.0105718901	-0.028357809	-0.1453609558	-0.080175063	0.0665556295	0.0124253031	0.1487886113	0.0861387946	0.0826195983	-0.2320895748	-0.0212098217	0.0659091345	-0.0673302682	-0.1451824945	0.2412666436	0.1739815281	0.0590748106	-0.025167221	0.1028977423	-0.0461805826	0.1058974077	-0.1830827173	-0.102943958	-0.0158805487	-0.1181867042	0.1160445255	0.2101499204	-0.0492532003	0.1071440688	-0.0747907606	0.0393500926	-0.0106301204	0.0317076041	0.1131789792	-0.0452615723	0.0642743452	-0.0700591007	0.0815430875	-0.1487798867	0.0360183362	-0.0608446527	0.0240952451	0.0971088752	0.0569912653	-0.0367213149	0.1514189142	-0.1574983526	-0.0322541685	0.0382148605	0.0970382431	-0.0355847396	-0.0171760548812613	0.0117959403275876	0.0002950168612841	0.000139144208212	-0.0036919168472593	0.0193861990236995	0.0003758247125864	1.3630250007077047e-05	-0.0386508925492705	0.0156759743136092	0.0014938914948552	0.0002457361706809	-0.0002840151904963	-0.0002390358948412	5.7138159022575817e-08	8.066462843264958e-08	-0.000118464127403	-0.0004144673496619	1.4033749481354215e-08	1.717831839357597e-07	-0.0002530171097459	-0.0001130240210087	1.2774429324975058e-08	6.40176578241688e-08	0.0	0.0	0.0	0.0	0.0	0.0	0.0	0.0	0.0	0.0	0.0	0.0	0.0	0.0	0.0	0.0	0.0	0.0
825.7207226288946	-2.28868452113818	5.238076837297498	681814.7117787838	872.3058881140374	-1.5000042358002474	760917.5624384196	2.2500127074186844	763.1999448714718	-0.583823468608216	0.3408498424977285	582474.1558518176	764.1397565459405	615.9927434276183	1.370807	22.67635	0.0399600723397452	0.0205442258837424	0.1060150975	-0.1207416926	0.2357485324	0.0630843384	0.1529090783	0.1206545839	-0.0290813568	0.210234049	-0.0168366322	0.0091074544	-0.0828142675	-0.1007543248	0.1397729092	0.1871026736	0.0463031464	-0.2155377979	0.1683121545	-0.0806566504	0.2172143401	-0.0714290043	-0.0071937722	-0.0736625654	0.1176924329	-0.0272634041	-0.012148691	-0.0863673378	-0.1650555862	0.0034065694	0.0887776977	0.0031502306	-0.0927653742	-0.0825934337	0.003036749	0.0949723839	-0.2181627132	0.0986463772	-0.1448576228	-0.0381180067	0.0778747542	0.1949053726	-0.0748489997	0.1155143775	0.1507872169	-0.0607050701	-0.0135129021	0.1056880564	-0.0595990847	-0.0422229716	0.0207216743	0.014387496	0.1172512059	0.2376686379	-0.1248636667	0.1086896999	-0.0821390713	-0.1028737835	-0.0339354616	0.0785780384	0.0098347573	0.052993089	-0.1295002145	-0.1018211563	-0.1441612708	0.0004246122	0.0773295606	0.0946077399	0.0552782117	0.0473872627	0.0212478011	-0.0797795131	-0.0358342699	0.0701773591	-0.0194107633	0.0325271073	0.092280022	-0.0471208409	-0.0240929218188625	-0.0069168669376011	0.0005804688817698	4.784304823248059e-05	0.0036030055194515	0.0072949223667107	5.321589233633749e-05	1.2981648773197972e-05	-0.0346242656698052	0.0040266268794653	0.0011988397731732	1.6213724026432496e-05	8.298700857772868e-05	0.000367002199074	1.3469061412517294e-07	6.886843592680014e-09	-8.901203647027067e-05	2.9452090932729325e-05	7.923142636584796e-09	8.674256603097568e-10	-0.0002909959428585	-3.797883311259999e-05	1.4423917645947215e-09	8.467863876010739e-08	0.0	0.0	0.0	0.0	0.0	0.0	0.0	0.0	0.0	0.0	0.0	0.0	0.0	0.0	0.0	0.0	0.0	0.0
827.7934056210001	2.0726829921055696	4.296014785763696	685241.9223896137	869.4807483623554	-2.825139751682059	755996.7717727616	7.981414616534165	765.2402503721175	2.040305500645786	4.1628465359654525	585592.6407895811	765.5470320550493	613.4472908258874	1.18032	19.525249	0.0912591603049335	0.0424491705841341	0.1288040527	-0.1045918447	0.0058259553	0.0281020223	0.1525194297	0.1806348192	-0.1036252382	0.1968998959	0.009651968	-0.0126063253	-0.1263411876	0.1669963513	-0.0754349424	0.0851423506	0.142055832	-0.1517914675	0.1169521552	-0.3158200648	0.1212125158	0.0931770593	0.004999054	0.0175070162	-0.1316957166	-0.0383310405	-0.1948768679	-0.0232995787	-0.1071189008	0.0904304908	0.1545506236	0.0422795922	0.0592173951	-0.0329240959	0.0148882072	0.1631913354	-0.1625060799	0.0331050516	-0.2696142715	-0.1189896435	0.028946986	-0.0098039696	0.1629303219	0.0721294642	-0.066925456	0.153153653	0.0040473617	0.0324087943	0.0359975091	-0.1356211403	-0.0111901276	0.0155639225	0.1318686948	0.1916518534	-0.0985668612	0.071654251	-0.0008667013	0.0072926025	0.0183476517	-0.0092213487	-0.0662917829	0.1762332275	-0.0481496556	0.0205607969	-0.1104464905	-0.0600877912	-0.0487151154	-0.1328987426	0.0883419171	-0.0912906482	-0.0145625445	0.1378522272	-0.0731017269	-0.1952390526	-0.0162603625	-0.202773638	0.0873863672	-0.0583804184	-0.0171408259505199	0.0069520958683425	0.000293807914266	4.833163696262621e-05	0.0199135842023565	0.016310578682905	0.0002660349769712	0.0003965508357843	-0.0012797738187799	0.0333444918510252	1.637821027234488e-06	0.001111855136803	0.0004739967145085	0.0003910097059307	1.528885901320683e-07	2.246728853648525e-07	-0.0001480111950995	-5.8999158629229336e-05	2.1907313874782256e-08	3.480900718956966e-09	-4.79649293652871e-05	0.0002430310134932	5.906407351953823e-08	2.30063444901698e-09	0.0	0.0	0.0	0.0	0.0	0.0	0.0	0.0	0.0	0.0	0.0	0.0	0.0	0.0	0.0	0.0	0.0	0.0
827.0950309533184	-0.6983746676817191	0.4877271764595515	684086.1902276707	865.3016035401976	-4.179144822157809	748746.8650892372	17.465251444568427	764.7717896492251	-0.4684607228924733	0.2194554488929386	584875.8902432786	765.3580763857863	605.5374123915022	1.293651	21.400015	0.1199260136887642	0.0747438400137501	0.1340977215	-0.1746557093	-0.0610435227	0.0141430878	0.0608777598	-0.1241216488	-0.0031950138	0.1800457475	0.0013752924	0.0349029577	-0.1528892803	0.1748057035	-0.0880328292	-0.031981594	0.1230827747	-0.0944292128	0.0306797733	-0.1752503735	0.182640977	-0.0661789433	-0.1756513353	0.1132624111	0.1368734623	-0.1251272574	0.0708412382	0.1907090589	0.0627452815	0.0170212584	0.1621300221	0.1565050291	0.0179582713	-0.0076077788	-0.0263726896	0.1424763365	-0.0676750734	0.0314914106	-0.1786556939	-0.2099806788	-0.0911884985	-0.0343996858	-0.0441022691	0.0381304004	0.0394967836	-0.1103749128	-0.1315825769	-0.1295782999	0.0390166821	-0.001039361	0.2397045088	-0.0191568063	0.1169362539	0.1318322935	-0.0520163726	0.0576645271	0.0437399221	-0.0006376962	-0.1031905692	-0.1165325348	-0.1033470197	-0.0325935239	0.0515370616	0.0021321951	-0.1268170467	0.215359565	-0.2111298352	-0.0871738199	-0.0721648899	0.0798445404	-0.211985165	-0.0439667637	-0.106183689	0.2130345038	0.0343460185	0.1581872008	0.0823644609	-0.0692973963	-0.0167463381088026	0.0003944878417173	0.0002804398400543	1.5562065726277544e-07	0.0383661228073464	0.0184525386049899	0.0003404961809686	0.0014719593792683	0.0117023901999715	0.0129821640187513	0.0001369459363923	0.0001685365826097	0.0005001305032316	2.613378872310003e-05	6.829749130236302e-10	2.501305202626935e-07	-0.0014061300558263	-0.0012581188607268	1.9772017338980736e-06	1.5828630677165014e-06	-0.0005256487443815	-0.0004776838150162	2.281818271284435e-07	2.763066024698475e-07	0.0	0.0	0.0	0.0	0.0	0.0	0.0	0.0	0.0	0.0	0.0	0.0	0.0	0.0	0.0	0.0	0.0	0.0
834.2687039740931	7.173673020774686	51.461584608990606	696004.270430613	878.2039391653879	12.90233562519029	771242.1587656043	166.4702645850545	768.1718793315272	3.4000896823021094	11.56060984769726	590088.0361957303	768.8002712573985	605.5400803219901	1.636655	27.074089	0.1902995897143786	0.1312584856432983	0.1283342671	0.0175579821	-0.0078035637	-0.2061804102	0.0733121688	0.0740048407	-0.2454735079	-0.0473378746	0.0709742662	0.0354406414	-0.2157581409	-0.1841160253	0.0469287032	-0.0877214811	0.2198087539	0.2269838624	-0.1184177334	-0.1878536916	-0.055767578	-0.009441682	-0.0885189544	0.1992728022	0.0336319996	0.0652873403	0.2657939437	-0.1144722797	-0.195990029	-0.0675658127	-0.2361388046	0.1957558798	0.0443519166	0.0819741714	0.0411537127	0.1877874294	0.1889897893	-0.2102548785	-0.1930828476	-0.0169437686	-0.1237617842	0.0366149486	0.0609602934	-0.1939457467	-0.0077748693	-0.3319996477	-0.146887284	0.2148859106	-0.0932138226	0.0226124366	-0.0334239015	-0.1873832341	0.0799549104	0.18844624	0.1761288142	0.0185801056	0.115378583	0.0353582052	-0.2386173078	0.0474810739	-0.4194273251	-0.1537713508	0.2610407698	-0.0986733577	-0.0206060966	0.0976593951	-0.1934725832	0.0316433118	-0.0582055615	0.0513428858	-0.0162643328	-0.2839621882	0.0890674016	0.1787710089	0.1000633985	0.0447082503	0.0772216734	-0.0798077096	-0.0247867474487577	-0.0080404093399551	0.0006143828490884	6.464818235403722e-05	0.0094870637369268	-0.0288790590704196	0.0008340000527927	9.000437834851148e-05	0.0101152673227176	-0.0015871228772538	0.00010231863301	2.5189590275026968e-06	-0.0020239012544166	-0.0025240317576482	6.370736313616663e-06	4.096176287629087e-06	-0.001096764080869	0.0003093659749573	1.2028914490844222e-06	9.57073064612808e-08	-0.000728110980311	-0.0002024622359295	4.099095697757254e-08	5.301455996494455e-07	0.0	1.0	0.0	0.0	0.0	0.0	0.0	0.0	0.0	0.0	0.0	0.0	0.0	0.0	0.0	0.0	0.0	0.0
836.9148884130727	2.646184438979617	7.00229208509787	700426.530447466	885.148744459276	6.94480529388818	783488.2998178328	48.23032057001729	768.5231571320564	0.3512778005292603	0.1233960931446747	590627.8430482235	769.5507661032901	635.2414365485992	1.67688	27.739504	0.2604416918988693	0.2048990282503644	0.0089706636	0.1820904872	-0.2529810429	0.0269770558	0.0337679431	-0.0534537369	-0.0603234198	-0.2494131504	0.1234048616	0.0206570541	0.0501522185	0.0065504805	-0.1976266305	-0.2265998967	0.1227173205	0.3593314761	-0.035740385	0.0184944457	-0.0434166989	0.0444275432	-0.0486939328	0.0133753118	-0.1463405049	0.0602815135	-0.0036234353	-0.0504950827	-0.084932598	0.0149271054	0.0955753164	0.0677339343	0.0617033011	0.178576378	-0.0658758279	0.0389775498	0.1943387616	-0.3339412389	0.0767401399	-0.0067169616	-0.0861012197	-0.1075239675	0.0027382006	0.0142002116	-0.1099283436	0.0944654563	0.0294720267	0.1154886666	-0.1090684365	-0.0567028509	0.0127737632	-0.077897936	-0.0562550637	0.0185426265	0.3160154008	-0.0975708109	0.2009119658	0.2243707	-0.0983346358	0.0298295155	0.0136152919	-0.2099917672	0.0183347968	0.035562927	0.0282248458	0.1012405433	-0.0004052516	-0.1191837584	0.0179834266	-0.1583613502	0.1728824053	-0.000414019	-0.0794229488	-0.0023845883	-0.2077997429	-0.0959539549	0.0719655524	-0.0898496795	-0.0322950866142122	-0.0075083391654545	0.0010429726194194	5.637515702349803e-05	0.0097540307011456	0.0002669669642188	7.127135998420242e-08	9.514111491889092e-05	0.2121466592659686	0.2020313919432509	0.0450062050377109	0.0408166833305275	-0.0016228967144533	0.0004010045399632	1.608046410711778e-07	2.6337937457833163e-06	-0.001509073909274	-0.000412309828405	2.277304063651513e-06	1.6999939459936058e-07	-0.0005287254721604	0.0001993855081506	3.9754580860472984e-08	2.79550624911238e-07	0.0	0.0	1.0	0.0	0.0	0.0	0.0	0.0	0.0	0.0	0.0	0.0	0.0	0.0	0.0	0.0	0.0	0.0
829.8502025444136	-7.064685868659126	49.90978642283195	688651.3586630042	870.3896709293514	-14.759073529924647	757578.1792605045	217.83025146172244	765.5739968576739	-2.949160274382507	8.697546323995903	586103.5446646337	764.4832447448282	623.6552178415128	1.607105	26.585266	0.2978513338730507	0.1849807640220201	-0.0551302417	0.2023129964	0.1727008392	0.0279877872	-0.014683468	-0.1279406688	0.0614299171	-0.1098389407	-0.0453173526	0.211333102	0.1160340894	-0.0546903159	0.1985458019	0.0921921772	-0.0496907405	0.186481003	0.0760707977	0.2882287735	0.0301410736	-0.0377245145	0.2091713126	-0.3454319969	-0.1021295132	-0.0406069663	-0.0370723047	0.0763977181	-0.1267744797	0.027755252	0.0982443901	0.1196465304	-0.1995527219	0.0817166095	0.1310878632	-0.0971951122	0.0352268683	-0.1370872697	0.2728772852	-0.0914055908	0.1572993971	0.1677861341	0.0154993285	-0.0459160435	0.3031633418	0.2635839346	0.0469747963	0.0175558277	0.0254846232	-0.090803534	-0.047542716	-0.0949462119	-0.0929990027	-0.170842076	0.1865680857	0.0197199644	-0.1513176992	0.0085164219	-0.2061306392	0.2039327894	0.1392811262	-0.1527323316	-0.1143883709	-0.105395557	-0.0297035224	0.1527757377	0.0614969465	-0.2242926948	0.274195511	0.1049504243	-0.0032768815	0.0558394356	-0.1706367089	0.0477071777	-0.2054816177	0.0372818322	0.066603812	-0.0993643757	-0.0308435210378092	0.001451565576403	0.0009513227900097	2.107042622598184e-06	-0.1351309686699977	-0.1448849993711433	0.0209916630427761	0.0182603786936918	0.246976252266208	0.0348295930002394	0.0609972691834616	0.0012131005485623	0.0001519571704109	0.0017748538848642	3.150106312617543e-06	2.3090981639287306e-08	-0.0020650415818657	-0.0005559676725916	4.264396734834391e-06	3.091000529670316e-07	-0.000525843511111	2.881961049400043e-06	8.305699490258996e-12	2.765113981775444e-07	0.0	0.0	0.0	1.0	0.0	0.0	0.0	0.0	0.0	0.0	0.0	0.0	0.0	0.0	0.0	0.0	0.0	0.0
830.4136791809999	0.5634766365863015	0.3175059199786109	689586.8785709246	876.6169288932504	6.227257963898978	768457.2400222339	38.77874174894325	766.2149955995621	0.640998741888211	0.4108793871022694	587085.4194816371	767.682061754769	633.5992141877058	1.571852	26.002108	0.2767527297017939	0.1439524023477311	-0.0552162783	0.0054750681	-0.0518564379	-0.068382098	-0.1061961892	0.2588355003	0.2192856089	-0.0508591502	-0.0011160027	0.02193822	-0.0614995557	0.0390400398	-0.0320259844	0.0625916864	0.0590096859	0.0471367229	-0.0707182491	-0.069748313	-0.0875385049	0.1592948546	0.0517431828	-0.1283504764	-0.2059188855	0.1427995882	-0.0931269275	0.1176121894	-0.2633613981	-0.0012619896	-0.0031146831	-0.079604776	0.1228287659	-0.0696115386	0.2727104006	0.0235367415	0.0719836972	-0.0350305775	-0.0491908352	0.0788547876	0.0856377954	-0.1247077473	0.1787767439	-0.0796849731	0.0603354604	0.161285298	0.2942519206	0.2354986724	-0.0971997925	0.1000365741	0.0779507886	0.1140839589	-0.0281314064	-0.2111954602	-0.0387291597	-0.0243590067	0.0701615049	0.1212106483	0.048190924	-0.026693472	-0.0894847947	0.0077953899	-0.0498562743	-0.0851483173	-0.0474392764	-0.1012784867	-0.1984211589	-0.2063194159	0.1334413995	0.1919609394	-0.0322202111	-0.0642214313	0.0622675049	-0.2714696388	-0.0254905946	-0.0510017141	0.0611443214	-0.1082959623	-0.021849518058346	0.0089940029794631	0.0004774014393819	8.08920895945929e-05	-0.0711158786648269	0.0640150900051707	0.0040979317483701	0.0050574681982703	0.1749375699788231	-0.0720386822873849	0.0306031533900956	0.0051895717457027	0.0021297993691603	0.0019778421987494	3.911859763153861e-06	4.536045352875612e-06	-0.0027160639687113	-0.0006510223868456	7.377003482131777e-06	4.238301481741422e-07	-0.0005206090081105	5.234503000499987e-06	2.7400021662243367e-11	2.7103373932579865e-07	0.0	0.0	0.0	0.0	1.0	0.0	0.0	0.0	0.0	0.0	0.0	0.0	0.0	0.0	0.0	0.0	0.0	0.0
827.0377052815447	-3.375973899455176	11.397199769802585	683991.3659573633	869.1002494019348	-7.516679491315585	755335.2435105052	56.50047057516433	762.366429433515	-3.848566166047135	14.811461534442744	581202.5727272066	762.9484489577014	628.0364237616224	1.384469	22.902349	0.1085859450542396	0.0575258449964505	-0.0358475218	-0.0964172215	-0.0842076982	0.1262602494	-0.0628791527	0.0194046818	0.0661231006	0.06367145	0.0005716167	-0.2807743025	0.1638838162	-0.0245471435	-0.0793026862	-0.0226885968	-0.1170723978	-0.13085128	-0.0133581378	-0.0182387864	-0.1090600961	0.0576717475	-0.1329553212	-0.1701748942	-0.0380870854	0.185687704	4.73995e-05	-0.1333730967	0.0804484148	-0.0537371861	-0.1337869365	0.0832484944	0.1465927132	0.0068736821	0.1795981075	-0.0650814384	-0.0947729642	0.1490261704	-0.0412999337	0.195017947	-0.0322050634	-0.1983052809	-0.1493673245	-0.0070756034	-0.1175094058	0.0903255345	0.0287108893	0.0872474053	0.0296532473	-0.0135726507	-0.0375046314	-0.1240322896	-0.0167099968	-0.1829702645	-0.0984832729	0.0176662334	0.0114504084	0.0609632304	0.0030045531	-0.0735871949	0.0484134494	-0.060758084	-0.1085788289	-0.1382365258	-0.007861986	-0.0402804295	-0.2561354435	0.0277012544	-0.0109508252	0.1707395218	0.1752790895	0.1144395127	0.2647120995	0.0946050804	0.0483593883	0.1083158892	0.055595093	-0.1165920251	-0.0213197715827817	0.0005297464755643	0.0004545326603419	2.806313283727984e-07	-0.1091253579366622	-0.0380094792718353	0.001444720514516	0.0119083437448046	0.2048530089867881	0.029915439007965	0.041964755290941	0.0008949334910392	0.0018868549927414	-0.0002429443764188	5.902197003356812e-08	3.5602217636331487e-06	-0.0030412208894663	-0.000325156920755	9.249024498526193e-06	1.057270231148734e-07	-0.0007551333169141	-0.0002345243088035	5.5001651419806314e-08	5.702263263136906e-07	0.0	0.0	0.0	0.0	0.0	0.0	0.0	0.0	0.0	0.0	0.0	0.0	0.0	0.0	0.0	0.0	0.0	0.0
824.5008758203968	-2.5368294611479314	6.435503714948104	679801.6942286014	874.7025347127543	5.602285310819525	765104.5242329171	31.38560070382422	762.3868057743196	0.020376340804546	0.000415195264583	581233.6416187701	763.9456040341356	622.5239777386297	1.2619	20.874769	0.1514793830814109	0.0914915371920993	-0.0549279894	-0.1469465243	0.0721443254	0.0700507139	-0.1631301306	-0.0233429568	0.1105401969	0.1798857226	-0.0911484015	0.0426316831	0.0460214663	-0.0775991221	0.0033960661	-0.0625558346	-0.0966278156	-0.2134059298	-0.0471832515	0.0841757349	-0.1250088265	0.1143410155	-0.0197330556	-0.005186635	-0.0635582189	0.1167043774	-0.0385467405	-0.0309987419	0.0001540211	0.0939499531	-0.0497678833	-0.0444982235	0.0690238999	0.0964935075	-0.0052857027	-0.0431556508	-0.0823631149	0.2135041389	0.0817386202	0.0377412427	-0.0128244397	-0.1585431019	0.0770804116	-0.0932298654	-0.0147763171	-0.0553750877	-0.002042328	0.1044336796	-0.003691421	0.0388242299	-0.1390767013	-0.1263879291	0.0139548473	-0.1173149388	-0.0560686388	0.0065897958	0.1846755185	0.0358285623	-0.0017290304	-0.0331613354	0.1865538346	0.1109693891	-0.0029579449	-0.1815407737	-0.089472756	0.0470230472	-0.2381244649	0.0802995877	0.0025392983	0.1683893031	0.026866882	-0.048688461	-0.1636616383	-0.1438931577	-0.1392033264	-0.2883244453	0.0499642712	-0.1242038795	-0.0370774674926224	-0.0157576959098406	0.0013747385956664	0.000248304980387	-0.0286841623371003	0.0804411955995619	0.0064707859494869	0.0008227811689811	0.2117542349857615	0.0069012259989734	0.0448398560344051	4.7626920288906605e-05	0.0015999645174793	-0.0002868904752621	8.230614479611363e-08	2.559886457192769e-06	-0.0027158305767209	0.0003253903127453	7.375735721452176e-06	1.0587885562854918e-07	-0.0003998287934609	0.0003553045234532	1.2624130438630554e-07	1.5986306408039904e-07	0.0	0.0	0.0	0.0	0.0	0.0	0.0	0.0	0.0	0.0	0.0	0.0	0.0	0.0	0.0	0.0	0.0	0.0
825.5626363473323	1.0617605269354726	1.1273354165582925	681553.6665327576	862.8790336212554	-11.823501091498883	744560.2266631516	139.79517806067528	763.3587690784085	0.9719633040889448	0.9447126644954986	582716.610328903	762.2014470135427	601.3671825764602	1.227505	20.305794	0.0889981657364167	0.0454369656536171	-0.0117252787	-0.1033129642	0.2008468284	-0.0741452107	-0.0962264426	-0.1136842654	0.1235377434	0.0848167799	-0.045266426	-0.0251512667	-0.1257067798	-0.0685918833	0.1340686568	0.0518988578	-0.0833438871	-0.1123735029	-0.1864753755	0.1652554077	-0.0393513925	0.0643430997	-0.0823287796	0.0404415862	-0.045580448	-0.1322716511	-0.0998218471	-0.0389621876	-0.1558188046	-0.0205051151	-0.0468064536	-0.0080212213	0.0571647126	-0.0372705679	-0.1744306943	-0.0244907961	0.0897394189	0.1974702542	0.0737468963	-0.0302270364	0.0359785869	-0.0491218981	0.0248759467	0.1369600402	0.0247622145	-0.1315765912	0.1051609189	-0.0012383214	0.0278534228	0.0913530349	-0.0028704063	-0.2351748827	0.0338299747	-0.158359936	-0.03314824	-0.0253129779	0.0499094446	-0.1877409257	-0.0877730531	0.0515239475	0.1037368389	0.0603714071	-0.0578046292	-0.158674331	0.0443661278	-0.01456036	-0.2236314847	0.0967537345	0.0865946769	0.1238994606	0.1425665391	-0.1559789651	-0.0613510579	0.0151879446	0.1187662296	-0.0473927269	0.0442601199	-0.1310868562	-0.0349673264582435	0.0021101410343788	0.0012227139196373	4.452695184969648e-06	-0.0655859064563912	-0.0369017441192909	0.0013617387190456	0.0043015111257064	0.1994325044442746	-0.0123217305414869	0.0397733238289156	0.000151825043537	0.0012795731228576	-0.0003203913946217	1.0265064574763795e-07	1.6373073767395509e-06	-0.0023117384785111	0.0004040920982098	5.344134793028815e-06	1.6329042383559874e-07	-0.0003710212854672	2.88075079937e-05	8.298725168070894e-10	1.376567942697335e-07	0.0	0.0	0.0	0.0	0.0	0.0	0.0	0.0	0.0	0.0	0.0	0.0	0.0	0.0	0.0	0.0	0.0	0.0
830.0268345354905	4.464198188158207	19.929065463155016	688944.5460490065	872.6985617303229	9.819528109067504	761602.7796461743	96.42313228476684	765.5025996054372	2.14383052702874	4.596009328620325	585994.2300026823	765.8454684630772	608.6662978707545	1.371555	22.688717	0.0617662054457524	0.0339510483955226	0.0130355411	-0.1009855349	0.0294457784	-0.1961954693	0.1528334255	0.0386647331	0.0403535267	-0.0214050605	0.0170923319	0.1059955556	-0.1206555256	-0.0540530182	0.042528581	0.101723061	0.0441924288	0.0732020927	-0.0602347759	-0.0220179048	-0.0088685295	0.1841495097	-0.0202415361	-0.0997692473	0.1375430169	-0.0001715709	0.1293987506	-0.1796854819	-0.000784159	-0.00483524	0.2272008882	-0.0517018946	0.1331543483	-0.1014735455	-0.1264472123	0.0368188713	0.1225980138	-0.0151626848	-0.0456196337	0.0020381929	0.1527302003	-0.0907656581	0.0457236979	-0.0437033744	0.1634724605	-0.0872054795	-0.174822293	0.167810926	0.0325079013	-0.1659318141	0.0276959175	0.1958794275	0.0168272159	-0.1052505528	0.055489568	-0.039759815	0.0661239921	-0.0359553859	0.0310174231	0.0354496614	-0.2842117742	-0.0149306436	-0.1545851241	0.0223857607	0.0073302984	0.0803580878	-0.0274955862	0.3216188986	0.0643613564	-0.0553717478	0.1162656408	-0.0386829742	0.1218448107	-0.1601041464	0.015289236	0.0161646357	0.0384910108	-0.1372005631	-0.0398003421509116	-0.004833015692668	0.0015840672353296	2.335804068557611e-05	-0.0592496332144065	0.0063362732419846	4.0148358597091294e-05	0.0035105190360417	0.1703757061358999	-0.0290567983083747	0.0290278812413065	0.0008442975279335	0.0011440724805075	-0.00013550064235	1.8360424077289705e-08	1.308901840654584e-06	-0.0020602374580824	0.0002515010204286	4.244578383685829e-06	6.325276327667732e-08	-0.0004148219867429	-4.3800701275700034e-05	1.9185014322431102e-09	1.720772806853267e-07	0.0	0.0	0.0	0.0	0.0	0.0	0.0	0.0	0.0	0.0	0.0	0.0	0.0	0.0	0.0	0.0	0.0	0.0
834.4586822246918	4.431847689201277	19.641273940278698	696321.2923401691	867.3634117919129	-5.335149938410041	752319.2881153075	28.46382486531666	767.1545690228862	1.6519694174489814	2.729002956186727	588526.1327726903	765.5613422213671	622.0429005526973	1.343512	22.224821	0.0976603497617917	0.0526779105428156	0.0801255123	0.0864436103	-0.1117834011	-0.1464213134	0.1406858679	-0.08843935	0.0140462427	-0.1240534758	0.1314400569	-0.0357076589	-0.0827804308	0.1510317485	0.1531589418	0.0210549945	0.1291669052	0.1299387536	-0.1727526263	-0.0167083831	0.0839733685	0.2042374069	0.0918921213	0.0460179197	0.0057155679	0.0985022798	0.0078126267	0.0529582534	0.2386479392	-0.1068808273	0.0946980514	-0.0317871901	-0.0915584864	0.1287808114	-0.0860449144	0.0990391792	0.2439813682	-0.0447728982	-0.0490701495	0.0107923026	0.1368216302	-0.0427618305	-0.0145433537	-0.0788401827	-0.1711322134	0.0622246716	-0.07300454	-0.053640077	-0.0968745159	-0.1653432087	0.0368214259	-0.0727118502	0.0538223316	-0.0376637151	0.05069238	-0.0528574085	-0.0205959275	0.1800797118	0.098672763	0.0384346456	-0.1822780289	-0.0878571083	-0.0318914707	-0.1035706632	-0.0856667476	-0.0298998041	0.0764310328	0.0379898899	-0.0661766822	-0.1146264311	0.0923945533	-0.0433145858	0.0371106377	0.0225934418	0.2062728629	-0.1419570924	0.0326654109	-0.1425091225	-0.0398301072736728	-2.976512276120502e-05	0.0015864374454322	8.859625329896051e-10	-0.0538131356984905	0.005436497515916	2.955550524056087e-05	0.0028958535737041	0.1382213929717153	-0.0321543131641846	0.0191051534750413	0.0010338998550604	0.0002742086481451	-0.0008698638323623	7.566630868522015e-07	7.519038271756327e-08	-0.0022370408318574	-0.0001768033737749	5.004351683397248e-06	3.1259432978222285e-08	-0.0002606937137017	0.0001541282730412	2.37555245506627e-08	6.796121236358394e-08	0.0	0.0	0.0	0.0	0.0	0.0	0.0	0.0	0.0	0.0	0.0	0.0	0.0	0.0	0.0	0.0	0.0	0.0
831.7769839192622	-2.6816983054295638	7.191505801343792	691852.9509778245	875.7115362093047	8.348124417391773	766870.6946500603	69.69118128825274	765.3350173950196	-1.8195516278666448	3.310768126472156	585737.688851035	766.1771663573707	631.798759184982	1.361087	22.515554	0.0723719319634025	0.0330801427877379	0.0735874208	0.1259522842	-0.0020795856	0.0019340409	-0.0640152156	-0.0352420421	-0.1556482354	-0.0298348178	0.1242340553	0.2161232394	0.1431822907	0.0823724677	0.0586423877	-0.0684182149	0.0325576423	0.017137424	-0.0926762048	0.1519993679	-0.0202144031	-0.1154666199	0.0484561915	0.0703198094	-0.1297881336	-0.0655668162	0.035107103	0.0181164277	0.0424934606	-0.1627825568	-0.0133123623	-0.1656109195	0.1368806171	0.0135749547	-0.0066483279	0.0417590719	0.0750029041	0.0199769544	0.1999239922	-0.0905949605	-0.0915985174	0.0648863967	0.0844298737	-0.0603244911	-0.0820996584	0.0993225033	0.0237998142	-0.1159518964	-0.1623398986	-0.0157661469	-0.1328195843	0.0978231906	0.0731329995	-0.0476427345	0.0196338178	-0.0623806861	-0.0557013168	0.0187009532	0.0633246614	0.0257430429	0.1031644209	-0.2362884654	0.1487106418	-0.0470173339	0.0021731998	-0.006135915	-0.0304393751	0.0036586891	0.0844507894	-0.0315312601	0.1670389115	0.2027133141	0.0028523809	0.0123364151	0.2403164691	-0.1778947214	0.0267918699	-0.1469813818	-0.0359867003677294	0.0038434069059434	0.0012950426033567	1.4771776644653451e-05	-0.0449605852743673	0.0088525504241232	7.83676490116439e-05	0.0020214542282136	0.1446757688352562	0.0064543758635409	0.0209310780880724	4.165896778785956e-05	0.0006940795573565	0.0004198709092114	1.7629158040200778e-07	4.81746431940195e-07	-0.0017996617876228	0.0004373790442345	3.238782549829692e-06	1.9130042833557202e-07	-0.0004678757356516	-0.0002071820219499	4.2924390219248847e-08	2.189077040115259e-07	0.0	0.0	0.0	0.0	0.0	0.0	0.0	0.0	0.0	0.0	0.0	0.0	0.0	0.0	0.0	0.0	0.0	0.0
832.3944950484599	0.6175111291977373	0.3813199946830646	692880.5953869806	877.1027510506766	1.3912148413719478	769309.2359006652	1.935478734853574	764.8304227767452	-0.5045946182743819	0.2546157287914692	584965.5756048549	764.4170406697805	621.7132143721502	1.29771	21.467154	0.0856066989510807	0.044291744062506	0.0430689573	0.1923112688	0.1552286618	-0.1077061502	-0.0396320043	-0.1814169118	0.050634254	-0.1120768569	0.1343210983	0.0726651248	-0.0032013027	-0.0863424708	0.1354618664	-0.0624371552	0.0233728727	0.0523648349	-0.1092872618	0.2089464137	0.1264645077	-0.2124308871	0.1079999494	0.0400468404	0.2945705283	-0.1485160165	-0.0063066938	0.0386839348	-0.0717401064	0.0429708003	-0.1765010923	0.0302911177	0.2345364299	0.0955702684	0.0987446072	0.0147948668	0.1504976089	0.047942737	0.1719674316	0.0152199142	0.0179087661	0.2627534653	-0.152674084	0.1540678398	0.0358242367	-0.1797117492	-0.0500319636	-0.1941029335	-0.0515020098	0.0743551964	0.0640860517	0.0439638973	0.0453072913	-0.1186328834	0.141501509	-0.1273435087	-0.173752884	-0.2182928708	-0.0128448457	0.0701356619	0.0244412141	-0.0409237012	0.1793643855	-0.1157105434	0.0264653764	0.0017045337	0.2266091547	0.1137351591	-0.209314318	0.16232048	0.1561907201	0.0999104409	-0.1969352996	0.0800188134	-0.0157654368	0.0730251692	0.0208790082	-0.1505910958	-0.028494531324867	0.0074921690428623	0.0008119383154238	5.613259696682565e-05	-0.0737310032116198	-0.0287704179372524	0.0008277369482841	0.0054362608345918	0.1626343002509571	0.0179585314157008	0.0264499156181184	0.0003225088506087	0.0007670371609746	7.295760361809996e-05	5.322811925695793e-09	5.883460063159745e-07	-0.0022916617267632	-0.0004919999391403	5.251713469911291e-06	2.420639401141572e-07	-0.0004051216673048	6.27540683468e-05	3.938073094074845e-09	1.6412356531982106e-07	0.0	0.0	0.0	0.0	0.0	0.0	0.0	0.0	0.0	0.0	0.0	0.0	0.0	0.0	0.0	0.0	0.0	0.0
830.3392691410106	-2.055225907449312	4.223953530650848	689463.3018776276	876.7293418289779	-0.3734092216986937	768654.3388238727	0.1394344468496242	764.6146991360572	-0.2157236406879974	0.0465366891516842	584635.6381349233	763.7833426156299	627.1663835375575	1.51532	25.066933	0.0895250901695683	0.0545726030940123	0.093406626	0.039223737	-0.101262941	0.1813184604	0.1506927431	-0.2345702393	0.1518506737	-0.0480550718	0.1086067213	0.1890042342	0.2352987961	0.0488219206	0.004484159	0.0573400481	0.0038645672	-0.0895879796	-0.0657914301	0.0935062416	-0.0325743226	0.220828756	0.0489503518	0.091201621	-0.0144770027	-0.0589878629	-0.0569453929	-0.0312462494	0.0718103859	0.0665249942	0.0241746216	-0.0087568223	0.0989672341	0.100367408	-0.1292378538	0.020494743	0.0121887581	0.0848784029	0.2156685635	-0.0522862412	0.1039017908	-0.0904356738	0.0948002352	0.0739601768	-0.1690716505	-0.0203409148	-0.115876914	0.0809425123	0.0461063397	-0.1645736842	0.1156548201	0.0434892809	0.0507198307	-0.0888538546	0.1152215807	-0.1538140121	-0.2458967552	-0.075818211	-0.0121125554	-0.3659611723	0.0637632909	0.2461644877	0.0578075058	-0.114369383	-0.0444037076	0.1857286653	0.2099400282	-0.1300711428	-0.3191791523	0.1247489938	0.0452111997	-0.2304643889	0.1865646013	-0.1337641184	-0.1582748478	-0.0248528945	0.0149355036	-0.1533170814	-0.0352116906967836	-0.0067171593719165	0.0012398631617259	4.512023002772699e-05	-0.0266765898832801	0.0470544133283396	0.0022141178136742	0.0007116404478007	0.1808784461069592	0.018244145856002	0.0327170122660681	0.000332848858015	0.0005891089472763	-0.0001779282136983	3.1658449229867906e-08	3.4704935176099044e-07	-0.0023870966390586	-9.543491229539996e-05	5.698230364204864e-06	9.10782248483068e-09	-0.0003282973610323	7.68243062725e-05	5.9019740342508845e-09	1.0777915726077233e-07	0.0	0.0	0.0	0.0	0.0	1.0	0.0	0.0	0.0	0.0	0.0	0.0	0.0	0.0	0.0	0.0	0.0	0.0
829.0072902246917	-1.331978916318917	1.7741678335181168	687253.0872456862	874.0652645408334	-2.66407728814454	763990.0866768371	7.097307797207566	765.3025374873991	0.6878383513419521	0.4731215975768148	585687.973884652	765.5453230706743	627.7417587126848	1.456791	24.098722	0.0551887038527202	0.0330341727490816	0.0494624203	0.0248007954	-0.0973770302	-0.0235534563	-0.2733353883	-0.0818007755	0.0489997579	0.0255364516	0.0585936965	-0.0504548594	0.0244946049	-0.1782216091	-0.1168766297	-0.0301898112	0.0272834769	-0.0365670384	-0.0284377805	0.0535151104	-0.2880856379	-0.0971819604	-0.135212035	0.0616968673	0.0152963376	0.0867979604	-0.0868802163	0.0470444748	-0.0098823808	-0.0209934683	0.0605743628	-0.0792744528	-0.0747016311	0.0752977668	0.0339273721	0.0346945216	-0.0043966799	0.0314739076	0.1388130976	0.127185777	-0.2389291607	-0.1092938506	0.0325998704	0.0213692318	0.0268329171	-0.0775825588	0.0831133027	0.035223909	0.0255146672	-0.0099689615	0.0057243797	0.121878642	0.0613747075	-0.0914262231	0.0471360464	-0.0124649729	0.0691970678	-0.0203895946	0.0051377472	-0.0177382118	0.1594239939	0.0612759725	0.0494106209	0.1463718237	0.2069511122	-0.0931856663	-0.1081602049	0.1260830492	0.0240066086	-0.0875600568	-0.1115140747	0.0424211969	-0.0362750155	0.0208542561	0.0503172459	-0.0794471267	0.0089700792	-0.1551433414	-0.0393954374056306	-0.0041837467088469	0.0015520004883809	1.750373652378808e-05	-0.0303534956310898	-0.0036769057478097	1.3519635878276014e-05	0.0009213346970265	0.2117921539430227	0.0309137078360635	0.044855916471825	0.0009556573321734	0.000759122679174	0.0001700137318977	2.8904669033783013e-08	5.762672420363117e-07	-0.0025176174177505	-0.0001305207786919	6.338397462160697e-06	1.7035673670340018e-08	-0.0003005450004219	2.7752360610399968e-05	7.701935194496796e-10	9.032729727859989e-08	0.0	0.0	0.0	0.0	0.0	0.0	0.0	0.0	0.0	0.0	0.0	0.0	0.0	0.0	0.0	0.0	0.0	0.0
827.4728021246058	-1.5344881000859232	2.3546537293053063	684711.238255947	869.8730962678984	-4.192168272934964	756679.2036107004	17.57427482860252	764.728654184649	-0.5738833027501187	0.3293420451753843	584809.9145310646	765.0233083526836	624.0759458594174	1.248452	20.652309	0.1350378419854159	0.071258318025068	0.024207563	-0.03080736	0.0242808854	-0.0073209386	-0.0310352802	-0.0500537458	0.1235596842	-0.0077931511	0.0458617919	-0.1195774598	0.0216848892	-0.1094225099	0.0066173405	0.0799456544	-0.0042934148	-0.0557484061	-0.091424824	0.0530744681	0.0308880821	-0.0249138427	-0.0572346192	-0.0151435121	0.1375026431	0.0664126012	-0.0724307279	0.1775112369	-0.0790084109	0.0114395968	0.1558849904	-0.0826869067	0.050492693	0.0021645919	-0.0551721243	0.009669997	0.0312621534	0.1049642198	0.0223811343	0.1030870649	0.0762458014	-0.031711933	-0.0966177184	0.1314506853	0.0012172339	-0.0235400048	0.1653098343	-0.1110831146	-0.0539074264	-0.069902946	0.1612827256	0.1935162315	0.0257824697	-0.1406747587	0.0095904353	0.0595476951	-0.0262055797	0.0075839179	-0.0125689166	-0.0261620505	0.0245120292	0.1972565653	-0.0535076403	0.1106066987	0.0676640166	0.0319070861	0.0567191259	-0.0750360615	-0.0789410837	-0.1285129294	-0.0861069602	0.0673522878	-0.0467828851	0.011216239	0.0442339477	-0.0237770508	0.0029914899	-0.1560591586	-0.0729461748145752	-0.0335507374089446	0.0053211444200785	0.0011256519806839	-0.0555261828478848	-0.0251726872167949	0.0006336641817145	0.0030831569816567	0.253090165695724	0.0412980117527013	0.064054631971889	0.0017055257747262	0.0008620585841724	0.0001029359049983	1.0595800537839624e-08	7.431450025453228e-07	-0.003100629363544	-0.0005830119457935	9.613902450071272e-06	3.3990292893792297e-07	-0.0002861647390743	1.438026134760001e-05	2.0679191642527882e-10	8.189025788946221e-08	0.0	0.0	0.0	0.0	0.0	0.0	0.0	0.0	0.0	0.0	0.0	0.0	0.0	0.0	0.0	0.0	0.0	0.0
827.2330966563622	-0.2397054682435282	0.0574587115058491	684314.5962036743	874.8401820195186	4.967085751620175	765345.3440759444	24.67194086394816	764.4013913062311	-0.3272628784179687	0.1071009915904142	584309.4870309018	763.501573176349	611.3941495919794	1.166209	19.291815	0.095451175304479	0.060837936195333	0.0567800202	-0.1133187635	-0.0126011293	-0.0779264516	-0.1036119429	-0.1245177972	-0.0536279667	0.0453533028	0.0544780061	-0.1009053373	0.0224994689	-0.1890471241	-0.0173187455	-0.1839745509	0.0344470345	-0.1273609455	-0.1134435345	0.0136559695	-0.1832841108	-0.0640933375	0.0030095026	-0.078564134	0.1187810501	0.0152741313	-0.0830823174	0.0194739841	0.1121428205	-0.0242385581	0.0977818441	0.0612648031	0.0848526564	-0.0084665202	0.1120312917	0.0477450927	0.0189513596	0.1270114307	0.0727299697	0.224153732	-0.1057539719	-0.0309356272	-0.0242077445	-0.023545819	-0.0328572391	-0.0340763462	-0.1253253493	-0.1037330532	0.0635678505	-0.0079510422	-0.055324481	0.0779162096	0.0708680955	-0.0818997191	-0.0168578755	0.0574943062	0.0355790243	0.0496158905	0.1093973391	0.0051615423	0.0556762431	0.0954523763	-0.0294876886	0.1412147872	0.0448728866	-0.0180798466	-0.0544750543	0.2603312041	-0.0571530631	-0.0524652267	-0.1709146916	0.0723214966	-0.0433072238	0.1971298395	-0.0737542901	0.0276180808	-0.0029914899	-0.1560591586	-0.0566409487055494	0.0163052261090258	0.0032081970702646	0.0002658603984664	-0.0556461027614716	-0.0001199199135867	1.4380785674665469e-08	0.0030964887525402	0.2035185609936576	-0.0495716047020664	0.0414198046689291	0.0024573439927379	0.0008042596663508	-5.7798917821599936e-05	3.340714901348062e-09	6.468336109187002e-07	-0.0026745790802258	0.0004260502833182	7.153373256381485e-06	1.815188439155188e-07	-0.0001809254486181	0.0001052392904562	1.1075308255724434e-08	3.273401795766074e-08	0.0	0.0	0.0	0.0	0.0	0.0	0.0	0.0	0.0	0.0	0.0	0.0	0.0	0.0	0.0	0.0	0.0	0.0
830.4108318779807	3.177735221618491	10.09800113871472	689582.14970028	873.7533852465741	-1.0867967729444672	763444.9782298482	1.1811272256825078	765.7411303120275	1.3397390057964458	1.794900603652449	586359.4786515415	765.4451466067015	622.2630855727675	1.275761	21.104059	0.0483140883563005	0.028792216840227	0.0721573257	0.0491732923	0.1074698904	-0.1013356735	0.0255319537	-0.0214172659	-0.0556736822	-0.084418334	0.0673029018	0.075987979	0.0034838752	-0.134246731	0.1775270507	-0.0374072118	0.0727512979	-0.0277630089	-0.092208654	0.0346015199	0.0782732048	-0.0048530997	0.1357538635	-0.1889585604	0.0636724239	0.0963718054	0.0520937712	-0.0669932311	0.1053022015	-0.1799739716	0.0326272197	-0.0102590615	-0.1058119775	0.0339386568	0.0537792185	0.0639852269	0.104094928	0.0671141306	0.0572510855	0.1050518575	0.1013869315	0.1303773896	-0.0162381085	-0.0505732892	0.1176089104	0.1305953126	-0.0983044321	-0.0419767552	-0.1779690809	-0.168770951	-0.0826001893	-0.0399690872	0.0735779738	-0.0711760832	-0.0132851796	0.0023937244	-0.1093568849	0.102840754	0.1574915309	0.0941724733	-0.0484507853	0.0734991557	-0.0314716294	-0.0054097264	-0.0095311786	0.0094552481	0.1040161524	0.0722082195	0.0162466425	-0.1473947684	-0.0844793209	-0.059689566	0.0049308398	0.0194367296	0.0966049027	-0.0229749186	-0.0089700792	-0.1551433414	-0.0528285542001896	0.0038123945053597	0.0027908561388823	1.453435186449759e-05	-0.0639559565279199	-0.0083098537664483	6.9053669619755e-05	0.0040903643754011	0.1767686791529001	-0.0267498818407574	0.0312471659294609	0.0007155561784944	0.000712292452962	-9.19672133888e-05	8.457968338501072e-09	5.073605385466231e-07	-0.0025975570240563	7.702205616949998e-05	6.747302493224221e-06	5.93239713657761e-09	-0.0001610755533017	1.984989531639999e-05	3.940183440720383e-10	2.59453338714488e-08	0.0	0.0	0.0	0.0	0.0	0.0	0.0	0.0	0.0	0.0	0.0	0.0	0.0	0.0	0.0	0.0	0.0	0.0
830.571586340248	0.1607544622672776	0.0258419971388415	689849.1600357561	882.8881498064313	9.134764559857215	779491.4850686236	83.44392356402342	765.2045214253087	-0.5366088867187955	0.2879490973055851	585537.9596097358	765.537247520679	626.0642279253582	1.223347	20.237013	0.061184904055904	0.0324215722076119	0.0864927805	0.0590118304	-0.0055122495	0.0847919463	0.0065915817	-0.1730944606	-0.0976895063	-0.0114439316	0.1507934082	0.1611196158	0.1113410892	0.1078223152	0.0011530937	-0.1589016507	0.030969558	-0.0677740898	-0.0683589317	0.0719503441	0.0177658236	-0.0492754527	0.0100195924	0.0730454774	-0.0222262164	-0.0170487384	-0.0756182066	0.1388005238	0.1487706503	0.0176606409	0.0551826696	0.0629900557	-0.0510374047	0.3034157343	0.0046291128	0.044162583	0.0246188865	0.0676290338	0.1358268961	-0.0305252495	-0.0866811553	0.0152259983	0.0577929216	0.083776769	-0.1636584576	0.1054385464	-0.0534202192	-0.2226020912	-0.030487944	-0.1037956438	-0.0370993944	-0.088368323	0.0917743463	-0.0340707661	-0.0076527497	-0.0248950119	0.0361368577	0.07038713	0.1462947872	-0.0248832347	0.1507950245	-0.036206538	0.0690286121	0.0291875436	0.0093262579	-0.0636169625	-0.0020721773	0.140902195	-0.0321405835	-0.0917115506	-0.035715834	0.131797238	-0.1040055798	0.105065954	0.1214307227	-0.0361279702	-0.0149355036	-0.1533170814	-0.0436053890777827	0.0092231651224069	0.0019014299566248	8.506677487518313e-05	-0.0354465459094086	0.0285094106185112	0.0008127864938148	0.0012564576169078	0.180631272512926	0.0038625933600258	0.0326276566096389	1.4919627464916136e-05	0.0005821964511613	-0.0001300960018007	1.6924969684527742e-08	3.389527077448121e-07	-0.0024260774459567	0.0001714795780995	5.885851773779785e-06	2.9405245705216768e-08	-0.0002512946725006	-9.021911919890002e-05	8.13948946902533e-09	6.314901242718383e-08	0.0	0.0	0.0	0.0	0.0	0.0	0.0	0.0	0.0	0.0	0.0	0.0	0.0	0.0	0.0	0.0	0.0	0.0
830.3468486347786	-0.2247377054694652	0.0505070362596801	689475.8890377078	874.5539338743532	-8.33421593207811	764844.5832551066	69.45915520250459	765.052864566926	-0.1516568583826938	0.0229998026945084	585305.8855820593	763.8678174013857	618.2423971688726	1.290961	21.355513	0.0342881852659087	0.0155545417230724	0.0722131354	0.0980982944	0.2560158387	-0.0175662667	-0.0390653168	-0.1277943844	0.0462829842	0.0249624716	0.0412983748	0.1594891964	0.0136956853	-0.0153665613	0.2283014096	0.1238512817	0.0310048773	-0.0741392535	0.0007008286	0.1609172757	0.0355957643	0.0763240288	0.2641401798	0.0811942984	0.0433574883	-0.047164875	0.0877943018	-0.112236378	-0.0148315875	0.1006026921	0.021049072	-0.1792566304	-0.1345856841	-0.1768227973	0.0856528062	0.0477440173	0.0130412744	0.0763083061	0.1508552709	-0.1128796695	0.1777861644	0.1806295258	0.1075566302	-0.1329921114	0.0556831877	-0.0453903192	0.0784532101	-0.0526835284	0.2379414301	0.130878329	-0.1392828541	0.1028070551	0.0859886195	-0.0488173797	0.0465237261	-0.0639949693	-0.0962006286	-0.0761878219	-0.0282120223	0.1682843293	0.0896155083	0.010907282	0.0611810756	-0.1059847867	-0.0369784108	0.1401954275	0.16409471	0.0011926231	0.1028771421	-0.0497310707	-0.1816479454	-0.0375675953	0.0825448136	-0.1210210973	0.0378048234	0.1014727473	-0.0208790082	-0.1505910958	-0.0455401554359156	-0.0019347663581329	0.0020739057571273	3.743320860562856e-06	-0.0424183927346462	-0.0069718468252375	4.8606648154575565e-05	0.0017993200421906	0.1791786091061027	-0.0014526634068232	0.0321049739611975	2.110230973523448e-06	0.0003348544994348	-0.0002473419517265	6.117804108387428e-08	1.1212753579173047e-07	-0.0023200243077732	0.0001060531381834	5.382512788658516e-06	1.1247268118568512e-08	-0.0001261115888963	0.0001251830836043	1.5670804420681165e-08	1.5904132853949382e-08	0.0	0.0	0.0	0.0	0.0	0.0	0.0	0.0	0.0	0.0	0.0	0.0	0.0	0.0	0.0	0.0	0.0	0.0
832.3946810479734	2.0478324131948966	4.193617592531634	692880.9050369575	871.4560158964875	-3.097917977865677	759435.5876421791	9.597095797583366	766.6038127283896	1.550948161463566	2.405440199547216	587681.4056897038	767.2097694581103	631.8030995572942	1.6247	26.876326	0.0489778376937913	0.03143098863035	0.1211430555	0.0640761724	-0.1376417944	-0.0953731877	-0.0119714177	0.3081980908	0.1379107548	-0.0155323986	0.161483007	-0.0776993825	-0.1338605764	0.0286230561	-0.2058642539	0.2025282328	0.1044780777	0.061676885	-0.0835453184	-0.0446494813	-0.1364152767	-0.0587615333	-0.1926685071	-0.1114803594	0.0160395873	-0.0816502246	-0.1840412436	0.1571555982	0.0664704779	0.0431744724	-0.0064408116	-0.0554130178	-0.0193140526	-0.2041935295	-0.002599083	0.1001140657	0.091574178	-0.0686464781	-0.0736171243	0.0805983126	-0.0785736362	-0.1344005954	0.0721983128	0.2331357459	0.1361209144	0.0582897152	0.2477841268	-0.1447690404	0.1151867333	0.0658405194	0.0673347852	0.0098609194	0.0804395232	-0.0639189142	0.1796048318	0.0112747799	-0.0551227993	-0.0558043423	0.0604175094	-0.1778454882	-0.1617778687	0.0819575676	-0.0008196545	0.1102808759	0.1798138481	-0.2125484529	0.0741648372	-0.114017624	-0.0402269019	0.0431814744	0.106965232	-0.0774091962	0.1566494854	-0.022433745	0.1614850809	0.0441624762	-0.0267918699	-0.1469813818	-0.0572622251642087	-0.0117220697282931	0.0032789624307565	0.0001374069187149	-0.0426592882250105	-0.0002408954903643	5.803063727785783e-08	0.0018198148718645	0.1792603118355629	8.170272946020352e-05	0.0321342593993832	6.675336001247208e-09	-0.0001999098828868	-0.0005347643823216	2.859729445998024e-07	3.9963961275814095e-08	-0.0023200054071816	1.8900591600059385e-08	5.382425089351862e-06	3.5723236283223543e-16	7.776852310397458e-05	0.0002038801120002	4.1567100069244516e-08	6.047943185773429e-09	0.0	0.0	0.0	0.0	0.0	0.0	1.0	0.0	0.0	0.0	0.0	0.0	0.0	0.0	0.0	0.0	0.0	0.0
829.5836096063044	-2.8110714416690143	7.902122650167111	688208.9653274253	876.2776492725719	4.821633376084378	767862.5186146646	23.24814841337084	765.1941044961253	-1.409708232264279	1.9872773001136788	585522.0175556272	766.2318308010682	635.3257570005204	1.58922	26.289406	0.1566268463892869	0.0867528045394989	0.0849761737	-0.081874028	-0.1719359386	0.1167610991	-0.0118142988	-0.0224999522	0.0937647603	0.0580674534	0.1111058074	-0.2449486559	0.1095236968	0.1081632876	-0.031509185	-0.0941333875	0.0333027442	-0.1120725583	0.085010641	0.114187475	0.1294967452	0.1872783229	-0.0182267643	-0.0658028189	-0.0345265927	0.1077985812	-0.0843969847	0.1239927694	0.1202976838	-0.0274837058	-0.1856927386	0.1731969871	-0.0872037271	-0.2227748729	-0.0798287411	0.0579675489	-0.0949783175	0.0651200698	0.019682247	0.0769398463	0.1673588301	-0.1803525237	-0.2715671151	-0.1122123267	-0.1081281538	0.1058108778	0.0244977444	0.0689121795	0.0113599173	0.1946281916	0.0098441546	-0.0941591011	0.0824601475	-0.0543369689	-0.0584037018	0.0098526607	-0.0491563685	0.1129955994	0.0357758791	-0.0590214556	0.0678931304	-0.058583155	-0.0711764753	0.0554526565	-0.0919496665	0.2060298287	-0.0730452446	0.0254005323	-0.0589524019	-0.0143819111	-0.1865384241	0.1618518606	-0.0302163555	-0.0546737589	-0.1032916972	0.207445333	-0.0326654109	-0.1425091225	-0.0565903984088009	0.0006718267554077	0.0032024731920668	4.513511892817708e-07	-0.0944603734072018	-0.0518010851821913	0.0026833524260526	0.0089227621442279	0.194647044537362	0.0153867327017991	0.0378874719471297	0.0002367515432366	0.0008553188784583	0.0010552287613451	1.113507738769914e-06	7.315703838471642e-07	-0.0028330629048747	-0.000513057497693	8.026245422977072e-06	2.6322799593910505e-07	-0.0001292892528556	-0.0002070577759595	4.287292258532538e-08	1.671571090395927e-08	0.0	0.0	0.0	0.0	0.0	0.0	0.0	1.0	0.0	0.0	0.0	0.0	0.0	0.0	0.0	0.0	0.0	0.0
831.6599615690832	2.076351962778745	4.311237473335145	691658.291677089	881.4266345036494	5.148985231077518	776912.91201243	26.5120489098544	767.6278839603547	2.43377946422936	5.923282480504551	589252.5682334517	768.4021381326137	621.5373631604629	1.379579	22.821463	0.175836239373186	0.1252622564615167	0.0801520972	-0.0301881967	-0.04008963	-0.1010924535	0.0012236346	0.0402112042	-0.0447419436	-0.0119042563	0.0918851549	0.2004937442	-0.1243272755	-0.1358481026	-0.1687923935	0.0590586374	0.1580157588	0.0477940531	0.0151316191	-0.0104468359	-0.1293498755	-0.0261025705	0.0332062086	-0.0095749559	-0.0353781143	-0.1054427068	0.0160417549	-0.0436206146	-0.0956446093	-0.0012499187	-0.0175661992	0.1846801445	-0.0052810252	-0.2176882575	-0.0306975989	0.1222841751	0.0336068392	-0.107221574	0.054810555	-0.0113469823	-0.0479779906	-0.0459154177	0.1222498619	-0.0137958489	0.1353287767	-0.0042983674	-0.0884944075	0.0976609417	0.0650469841	-0.0066172306	0.04556723	0.0040672671	0.0772541456	0.0045268633	0.1413360759	0.0082439599	0.0730011444	0.0240138969	-0.0343890333	0.0388123768	-0.099120179	0.1124902121	0.0425361938	0.0710160203	-0.0127531779	-0.0347978282	0.0824364479	-0.1036045315	0.235952008	-0.018103479	-0.281066243	0.1337544164	0.0455393136	-0.0398381447	-0.0342933514	0.129585926	-0.0384910108	-0.1372005631	-0.059104539466162	-0.002514141057361	0.0034933465855071	6.320905256308787e-06	0.0100735977856203	0.1045339711928221	0.0109273511333417	0.0001014773723464	0.2145759202240498	0.0199288756866878	0.0460428255399977	0.0003971600861354	-0.000112170106376	-0.0009674889848343	9.360349357757044e-07	1.2582132764403157e-08	-0.0028329972227587	6.568211600001608e-08	8.025873264158505e-06	4.314140362239569e-15	-0.0001196588910796	9.630361776e-06	9.274386793664187e-11	1.4318250214399577e-08	0.0	0.0	0.0	0.0	0.0	0.0	0.0	0.0	0.0	0.0	0.0	0.0	0.0	0.0	0.0	0.0	0.0	0.0
831.6696035949684	0.0096420258852276	9.296866317140038e-05	691674.3295438119	872.1776229065734	-9.249011597075992	760693.805898961	85.54421552284619	767.4135997649162	-0.2142841954384948	0.045917716414723	588923.6331041469	767.8057054837878	630.1613111652883	1.249989	20.677738	0.1902290037585311	0.1393480868570878	0.1136984147	0.032945673	-0.0219389662	-0.0135249301	-0.0624336918	0.2147758075	0.1404652566	-0.0039555909	0.1393482732	-0.1525328177	-0.069844363	0.015878705	-0.0654117273	0.0693185487	0.1513696872	0.0188458129	0.0047253667	-0.065225002	-0.0259880806	-0.0427307677	0.043638377	-0.0328342578	-0.1037835008	0.2165699829	-0.1099338819	-0.157861466	0.0022847787	0.1766791124	-0.0753286172	-0.0946852121	-0.0200073951	-0.0181507643	-0.1931446573	0.1481692805	0.003644865	-0.0621045186	-0.1224633184	0.0811887884	-0.0013183875	-0.0094142965	-0.0282469453	-0.0991021754	-0.0023184539	0.0822625581	0.2268432899	0.0674427862	0.2992889932	-0.0012414146	-0.0805889208	-0.0945674177	0.1014446376	-0.0520091609	-0.0062272494	0.0910880768	-0.187313016	0.1530623625	-0.0196462745	0.0674403841	-0.0580318627	-0.031972397	-0.1481491249	0.0351499953	0.0627460797	-0.0688021903	-0.0273333362	-0.0524451748	0.0417316665	-0.1218426735	-0.205712214	-0.0257239586	0.0123447042	0.0552705386	0.057393765	0.0844267268	-0.0442601199	-0.1310868562	-0.0546242912410406	0.0044802482251214	0.002983813193586	2.007262415870345e-05	-0.1201361988204325	-0.1302097966060528	0.0169545911321896	0.0144327062670224	0.1770133595898073	-0.0375625606342425	0.0313337294732704	0.0014109459614011	0.0002143774106097	0.0003265475169856	1.0663328084952601e-07	4.595767417971991e-08	-0.0028330159188556	-1.8696096900239906e-08	8.02597919648924e-06	3.4954403930316023e-16	-8.669713829991214e-05	3.2961752779687853e-05	1.0864771463092602e-09	7.516393789394093e-09	0.0	0.0	0.0	0.0	0.0	0.0	0.0	0.0	0.0	0.0	0.0	0.0	0.0	0.0	0.0	0.0	0.0	0.0
829.9564195288813	-1.7131840660871376	2.934999644294858	688827.6583172004	879.388505514566	7.210882607992517	773324.1436311419	51.99682798624896	766.7389389530305	-0.6746608118857012	0.4551672110942734	587888.600506819	767.3546997902902	630.5250317226598	1.694279	28.027328	0.448251822221748	0.2853018993516491	0.0145109135	-0.0400674795	-0.1574774863	-0.0259431562	0.1224926003	0.1959535342	-0.0576351816	0.0333098181	0.0282700512	-0.0578411486	-0.0065121428	0.0148036248	-0.2255987368	-0.1515272373	0.0985962594	0.0557476718	0.172259311	-0.039121518	-0.1847881042	0.1641471336	-0.0310535141	-0.1322336323	-0.0633126927	-0.2070846752	0.1103219789	-0.1987559519	0.0777347297	0.1571392228	-0.226232663	0.0851762584	-0.2313668561	0.0223811732	-0.1276839885	0.0608572565	-0.0685677316	-0.1529863891	-0.0075690287	0.151098028	0.1204209002	-0.1707597589	0.0942657257	0.0918096729	0.0768228367	0.0307896551	-0.2391646588	0.0268206256	0.0389942411	0.2843318563	-0.2595209019	-0.1117383649	0.0037892759	0.1471892184	0.2124301403	-0.0218098402	0.3540940395	0.1232809926	0.0954623753	-0.0812033352	-0.0195752165	0.2445923685	-0.0820581676	0.0054969921	0.0249994771	-0.0961528898	0.155661939	-0.170378706	0.1620225132	-0.0351920579	0.1562861182	0.0862093213	-0.111966063	0.1209806792	-0.0679232368	0.2272783398	-0.0499642712	-0.1242038795	-0.0642914644868142	-0.0096671732457736	0.0041333924058592	9.345423856380096e-05	0.1064922388866733	0.2266284377071057	0.0513604487775635	0.0113405969430962	0.3365120985934453	0.1594987390036379	0.1132403924997646	0.0254398477437506	-0.000459102457051	-0.0006734798676607	4.5357513214427394e-07	2.107750660702653e-07	-0.0024609787093932	0.0003720372094624	6.05641620808662e-06	1.3841168522456977e-07	-8.306477011839884e-05	3.632368181513308e-06	1.3194098606070292e-11	6.899756034822444e-09	0.0	0.0	0.0	0.0	0.0	0.0	0.0	0.0	1.0	0.0	0.0	0.0	0.0	0.0	0.0	0.0	0.0	0.0
831.2701154993146	1.313695970433287	1.7257971027326549	691010.0049222438	873.2123507214831	-6.176154793082901	762499.8094525384	38.144888028120896	762.3878172351468	-4.351121717883643	18.932260203838705	581235.1838685717	761.2695062563276	624.253487759578	2.523136	41.738564	0.8706262595335613	0.5018334017017783	-0.3639952453	0.1946809953	0.0026439662	-0.1722721308	0.1032055327	0.0455554392	-0.1005643817	-0.3843815963	-0.3632767001	0.0434429327	-0.1118810542	-0.0357942948	-0.1167211564	0.0211391706	-0.442447532	0.1381526244	-0.1368332438	-0.3490472726	-0.049480592	-0.0667634873	0.0667155987	-0.0551328124	-0.0448094496	-0.4231430884	-0.1596898428	-0.1344287884	0.0798999673	0.0169186949	-0.0996078148	-0.0382364595	-0.0460158614	0.0514749501	0.0096177364	-0.4658270232	0.1431414556	0.0519170467	-0.2132490021	-0.0051375925	-0.1128229388	0.1030437885	0.2175311712	0.3158967267	0.0214643044	0.1256046279	-0.3011957571	0.130263616	0.0380532604	0.260783786	-0.036195332	0.0403138787	-0.4270978741	0.3228529575	0.1396227271	-0.0610324379	0.0795687017	-0.1013454264	0.2654866022	0.4218842454	0.0736067545	0.177107033	-0.1164067952	0.0469088569	0.1953388265	0.1904201667	-0.2293989022	-0.1197905634	-0.2949937434	0.1271610595	-0.0096124924	0.0283029138	0.0934498263	-0.0847387238	0.1373601565	0.0746242154	-0.055595093	-0.1165920251	-0.1379532940021448	-0.0736618295153305	0.0190311113260421	0.0054260651275456	-0.0782956709325048	-0.1847879098191781	0.0341465716153406	0.006130212086771	0.804826358415113	0.4683142598216677	0.6477454671997319	0.2193182459523164	0.0011402485966462	0.0015993510536972	2.557923792962344e-06	1.3001668621536286e-06	-0.0014451961920298	0.0010157825173634	2.0885920334574342e-06	1.031814122581126e-06	-0.0003451764066055	-0.0002621116364871	6.870250998194627e-08	1.1914675167708549e-07	0.0	0.0	0.0	0.0	0.0	0.0	0.0	0.0	0.0	1.0	0.0	0.0	0.0	0.0	0.0	0.0	0.0	0.0
833.5942232319118	2.324107732597213	5.401476752718158	694879.3290056144	866.0466090115634	-7.165741709919644	750036.7289804278	51.3478542532821	764.8983399914157	2.5105227562688697	6.302724509743842	585069.4705216234	763.0406805080482	633.0344678693106	1.595914	26.400141	0.4349849459215775	0.2199221280472171	-0.3307185895	0.1819129788	-0.0922241063	-0.0268251721	0.2615146001	-0.0334627946	-0.1929301815	-0.2984221068	-0.2216699753	-0.082968056	0.06210305	0.2671806241	0.042190705	0.200212533	-0.3132214838	0.2957296841	-0.0627475069	-0.0429852293	0.3512369483	-0.0583193824	-0.1143340684	-0.0022532833	0.0636334137	0.1295114937	-0.1105319214	-0.1724331815	0.0929713603	0.0761861338	0.0773706696	-0.3156803038	0.0609722552	-0.0064272281	0.1664092808	-0.3742184254	0.1733712154	-0.0879952208	-0.1751546328	-0.1691379651	0.0536709582	0.1147505908	-0.252809202	0.1525624274	-0.1552002506	0.0549806977	0.1121456242	0.0615192721	0.054824111	-0.136950312	-0.2681000215	0.2636962349	-0.4118770233	0.1120860487	0.0732264026	-0.0190088797	-0.3743625915	-0.2379504082	0.2814088415	-0.1828011109	-0.0251020493	-0.0738069328	0.1050374226	0.0615389215	-0.2219011362	0.0409230841	-0.1663550601	0.005928735	0.3109418464	-0.2821936555	0.0184099071	-0.0671175756	0.1098742896	0.0924974058	-0.1822388701	-0.0794701494	-0.0611443214	-0.1082959623	-0.1453631010247136	-0.0074098070225687	0.021130431139521	5.490524011170988e-05	-0.1937676301413518	-0.115471959208847	0.0133337733635296	0.0375458944905957	0.6895116461655562	-0.1153147122495568	0.4754263101979351	0.013297482861198	0.0026149919341298	0.0014747433374836	2.174867911452267e-06	6.838182815563913e-06	-0.0037012352613399	-0.0022560390693101	1.3699142459785835e-05	5.089712282253581e-06	-0.0005501633486239	-0.0002049869420184	4.2019646398054896e-08	3.0267971016906297e-07	0.0	0.0	0.0	0.0	0.0	0.0	0.0	0.0	0.0	0.0	1.0	0.0	0.0	0.0	0.0	0.0	0.0	0.0
833.0494121697677	-0.5448110621440492	0.296819093434527	693971.3231163955	875.5595108131309	9.512901801567525	766604.4569753292	90.49530068626662	763.4065382434476	-1.4918017479681112	2.225472455240712	582789.5426328444	764.6120545106069	647.6318362164541	1.671701	27.653839	0.2807744750182853	0.145750875571617	-0.2427405378	0.2405533911	-0.1463178108	0.1274345178	0.041977245	0.0071346516	-0.013176391	-0.2107539641	-0.1670472434	-0.0867700832	0.2391275032	0.1360908909	-0.1170831665	-0.0454916488	-0.2937439172	0.1353494805	0.0760246108	-0.0896646518	-0.0067635096	-0.1056984759	0.0879021797	0.2894105183	-0.0733828303	0.1717500641	-0.1664890283	-0.0270744992	0.1465177852	-0.0520819248	0.0284732874	0.3361632258	-0.0914989839	-0.1348877855	-0.1377104241	-0.2928230178	-0.0220639598	-0.109161244	-0.0466032374	-0.002243665	-0.1997543691	0.0813019485	-0.0034580772	-0.061467385	-0.2700833929	-0.0056215681	0.0367462267	0.0713904753	0.1377701801	-0.0521701901	0.2263987013	-0.2851198529	-0.3422697466	0.1849633242	0.02856779	-0.213247273	-0.0771365974	0.2337923555	-0.3018750983	-0.1183007668	0.1153699909	0.0968982458	-0.0158843005	0.2159955188	-0.2877630506	-0.3249376173	0.0795989158	0.2715922225	0.0912299556	0.1958999074	0.0921103328	-0.0670818195	-0.1985507187	-0.0632413028	0.1813819422	0.0978668377	-0.066603812	-0.0993643757	-0.1335105409011845	0.011852560123529	0.0178250645317268	0.0001404831814818	-0.1081531069147843	0.0856145232265674	0.0073298465873124	0.0116970945353207	0.5800585187671174	-0.1094531273984387	0.3364678851943023	0.0119799870972988	0.0016731379228038	-0.000941854011326	8.87088978650877e-07	2.799390508724215e-06	-0.0041093670657925	-0.0004081318044525	1.688689768142006e-05	1.665715698057353e-07	-0.0004230638790075	0.0001270994696164	1.6154275176770203e-08	1.789830457208726e-07	0.0	0.0	0.0	0.0	0.0	0.0	0.0	0.0	0.0	0.0	0.0	1.0	0.0	0.0	0.0	0.0	0.0	0.0
826.9165848845396	-6.132827285228132	37.61157051043865	683791.03835711	873.5190509449352	-2.0404598681957395	763035.5323637403	4.163476473717375	763.5266553325038	0.1201170890561798	0.0144281150833302	582972.95340324	764.1469377195473	663.4509742966081	1.731226	28.638525	0.2015984647498915	0.111625490934041	-0.2635376458	0.045905119	-0.1110363062	0.3691126262	0.0582800551	0.1053182672	0.1620079025	0.0332406002	-0.2737309253	-0.0453322614	0.2898640833	-0.035303303	0.0071070403	0.2186804512	-0.2600868587	0.035926252	0.3367553276	0.1038979617	0.0666228691	0.0491657335	0.0278864698	-0.0079439368	-0.0986309079	0.1013623197	0.0303675649	-0.1431085879	-0.0757514057	-0.1242498585	-0.00403361	0.2769918901	0.3055334043	0.0539581779	-0.0378697619	-0.2716285498	-0.2688741647	-0.1241238942	0.1192180551	-0.0354597494	0.1157512496	0.0050072711	-0.1833486783	-0.1202649518	0.0059910361	0.0018117134	-0.0373191136	0.3326535402	-0.0814756158	-0.0129053292	0.2394386203	-0.0393625116	-0.2636662541	0.1239985617	-0.1461549315	-0.1664567738	0.0938912491	0.0660780163	-0.2227129928	-0.1818733801	0.0573145897	-0.3516131044	-0.380739116	-0.1686123551	0.1195368616	0.0660849234	0.2170348194	-0.0366815875	-0.1206847524	0.0072522216	-0.290906539	0.0536445759	0.1695961061	0.1201979807	0.1316566446	-0.1937023471	-0.0719655524	-0.0898496795	-0.1180902060804243	0.0154203348207602	0.013945296772117	0.0002377867259843	-0.0920196586080521	0.0161334483067322	0.000260288154266	0.0084676175703424	0.5166322355631934	-0.063426283203924	0.2669088668230229	0.0040228934010643	0.0028850940057131	0.0012119560829093	1.468837546900854e-06	8.323767421801662e-06	-0.0033638700601261	0.0007454970056664	1.1315621781412773e-05	5.557657854575684e-07	-0.0002481489992137	0.0001749148797937	3.059521517327949e-08	6.15779258107609e-08	0.0	0.0	0.0	0.0	0.0	0.0	0.0	0.0	0.0	0.0	0.0	0.0	1.0	0.0	0.0	0.0	0.0	0.0
823.4056919009648	-3.510892983574763	12.326369542114502	677996.9334549066	866.9745426425686	-6.54450830236658	751644.8575902911	42.8305889197451	765.5983786798292	2.0717233473254737	4.292037627853466	586140.8774371832	766.2112714641366	634.8436479062877	1.836336	30.377285	0.2699712213856001	0.1400676053933326	-0.344158288	-0.1514895945	0.0124668546	-0.0013533228	-0.0210064117	0.2201215759	-0.0123078283	0.0579386455	-0.421067666	-0.007833284	-0.1134423742	0.1045596152	-0.1005956553	-0.0693218375	-0.1751324727	0.1605474045	0.2354811845	-0.0498910148	-0.0282109943	0.1406463963	-0.2523491845	0.0378316712	0.0974495572	0.0167150794	0.1474262243	0.1944498862	-0.2153473494	-0.2305502184	-0.1817409366	-0.1595026684	0.0328701894	-0.0499466817	-0.0812397947	-0.2273901716	-0.1473181461	-0.2350659776	-0.1174323124	-0.025532467	0.0784280619	-0.1710122441	0.0390881557	-0.0384595007	0.0844445124	-0.2022810844	0.1471750087	-0.1796592591	-0.3210653329	0.0965561544	0.0479627447	0.0959352232	-0.2897043865	-0.0041676186	-0.1968507397	0.1926803168	0.0978649857	-0.118130184	0.1299986566	-0.258955456	-0.238843506	-0.0815948342	0.157121576	-0.3842327595	0.3540740522	-0.2153929027	0.0569089277	0.0667419798	0.0029341947	-0.0336654333	-0.0828664303	0.049532929	-0.3040935539	-0.0163497213	-0.14381512	0.0524203355	-0.0772216734	-0.0798077096	-0.122193584747464	-0.0041033786670397	0.0149312721534356	1.6837716485116555e-05	-0.1716108627661015	-0.0795912041580493	0.0063347597793282	0.0294502882193257	0.5896027287104744	0.0729704931472809	0.3476313777028372	0.0053246928701573	0.0043827226160488	0.0014976286103357	2.24289145449604e-06	1.920825752922564e-05	-0.0040383656812699	-0.0006744956211438	1.6308397375658505e-05	4.549443429421609e-07	-0.0001541503224286	9.399867678510004e-05	8.835751237349702e-09	2.3762321904841342e-08	0.0	0.0	0.0	0.0	0.0	0.0	0.0	0.0	0.0	0.0	0.0	0.0	0.0	1.0	0.0	0.0	0.0	0.0
823.4769631716867	0.0712712707219225	0.0050795940303175	678114.3088744635	871.1031556562943	4.128613013725726	758820.7077943542	17.045445417105423	764.591762862667	-1.006615817162242	1.013275403361208	584600.5638374408	764.9428637285423	618.7819585538651	1.810908	29.956642	0.4304629384407191	0.187146381256159	-0.2064208098	-0.1450928	0.189843314	0.107896115	-0.0624930006	-0.0520336445	-0.1518537063	-0.00577923	-0.272689758	-0.0685968448	0.0213976755	0.0220293891	0.1865969079	-0.2221976545	-0.1433259766	0.0434255546	0.2164001598	-0.1056048651	-0.0687105638	0.0501323449	0.126963477	0.0983204752	0.1425251406	0.264345136	0.1069693523	0.2630949353	-0.0314923588	0.1829732117	0.1925558667	0.0006026196	-0.1020277309	-0.1130044506	-0.0267778499	-0.1668418102	-0.2020749514	-0.1234289157	-0.1092708234	0.090479817	-0.0082720914	0.062273983	0.0417215192	-0.2593363615	-0.0969280347	-0.0856395012	0.076007603	-0.2495708348	0.1881100242	-0.2897395763	-0.0130107763	-0.081415006	-0.1927469012	-0.0885669161	-0.191870706	0.3648635377	-0.0941009192	0.156781991	-0.3222137043	0.124477784	0.0033766299	0.0997624789	0.2007876511	0.0369238731	-0.1441059901	0.0830950593	-0.1303780143	-0.039906084	-0.2129146411	-0.2533495391	0.127203517	-0.0266331247	-0.1007473787	-0.1271523406	0.0414869198	-0.000572761	-0.0823644609	-0.0692973963	-0.1373644906491762	-0.0151709059017121	0.0188690032913076	0.0002301563858786	-0.2531896935200564	-0.0815788307539548	0.0066551056271824	0.06410502090478	0.5122282729023624	-0.0773744558081119	0.262377803560537	0.0059868064116014	0.0013849624761557	-0.0029977601398931	8.986565856331899e-06	1.9181210603593275e-06	-0.0056782947844304	-0.0016399291031605	3.224303165888949e-05	2.6893674633928025e-06	0.0003349353540566	0.0004890856764852	2.392047989429857e-07	1.1218169139702e-07	0.0	0.0	0.0	0.0	0.0	0.0	0.0	0.0	0.0	0.0	0.0	0.0	0.0	0.0	1.0	0.0	0.0	0.0
821.4287495286917	-2.0482136429950515	4.19517912735106	674745.1905522702	868.0194864644633	-3.0836691918310635	753457.8288820306	9.509015684648045	764.105347418016	-0.4864154446510156	0.2365999847950452	583856.9819528069	764.4015595635237	612.7501876977506	1.567305	25.926891	0.3074972812085167	0.1789328049816193	-0.2031745223	-0.2507977402	0.0457561178	0.0817340455	-0.0168433509	-0.1344443203	-0.0176545566	0.1732182144	-0.226887054	0.0652378642	0.0106643932	0.0421871119	0.0501387771	-0.1155915377	-0.126567639	-0.0366104146	0.2353594931	0.1003673676	-0.1166237678	0.0124188991	-0.0010104307	0.0024202098	0.0859822523	-0.1529879598	0.2310496592	0.1299307787	0.1002112978	-0.0912034891	0.0343275078	-0.0232554451	-0.1127291562	0.2129443135	-0.0133904349	-0.1299643016	-0.2279436527	-0.0692055986	0.0818499778	-0.0234026065	0.0444987958	-0.0866834171	0.0579388427	-0.0916955911	0.1286640866	-0.0902789424	-0.0664799894	-0.2586292477	-0.0716609017	0.0370374057	0.0265015133	-0.0015332376	-0.1080842206	-0.0743957494	-0.1296935555	0.214286159	0.2564078777	-0.1021349829	-0.1230400692	-0.0520910819	0.0711509348	0.0639702302	0.0834861574	0.0480894508	-0.023215469	0.0770171277	0.21768182	-0.1070232544	-0.1055648755	-0.0914625972	0.2083837005	0.075665599	0.1041988275	0.0504117384	0.0565250225	0.1076026846	-0.0873863672	-0.0583804184	-0.1246662652566072	0.0126982253925689	0.0155416776930307	0.0001612449281204	-0.1030324182119812	0.1501572753080751	0.022547207327945	0.0106156792026085	0.4438182843934299	-0.0684099885089324	0.1969746695619274	0.0046799265277922	0.0017362296187137	0.000351267142558	1.2338860544086238e-07	3.01449328889872e-06	-0.004691065713793	0.0009872290706374	2.2006097531124228e-05	9.746212379115856e-07	0.00052107498084	0.0001861396267834	3.4647960659063446e-08	2.715191356574064e-07	0.0	0.0	0.0	0.0	0.0	0.0	0.0	0.0	0.0	0.0	0.0	0.0	0.0	0.0	0.0	1.0	0.0	0.0
826.6158428124367	5.187093283744957	26.905936734272043	683293.751588515	874.7849450049463	6.765458540482996	765248.7000073069	45.77142926299431	764.699046128796	0.5936987107800178	0.3524781591818552	584764.6311502905	765.3530997629556	606.723449649497	1.429483	23.646992	0.121475092153325	0.0894358377580056	-0.224315071	-0.2344873931	0.0886031203	-0.1271775079	-0.0368107401	-0.0322688523	-0.1163173476	0.0052311321	-0.2075060847	0.0376735457	-0.1880218215	-0.0826207661	-0.0355822353	-0.03041033	-0.1055379929	0.0397111916	0.0234350345	-0.0580082018	-0.0179051501	-0.0135684353	0.042797417	0.0448186129	0.1329237863	-0.0813573875	0.2536910884	0.0225381747	-0.0659673253	0.0609141498	0.025755577	-0.138688963	-0.1080020845	-0.0803807229	0.0461549235	-0.1269952071	-0.0050206998	-0.0166351254	-0.1137551864	-0.0804096308	0.0132077169	0.0222943095	0.0907233402	-0.2260127786	0.2277723726	-0.2253009274	-0.0623409914	-0.1726870551	0.0321060653	0.0150152082	-0.099893083	0.0198057055	-0.1303647692	-0.1012360577	-0.2009668737	0.1349252586	0.1399686161	-0.1619431538	-0.0360715748	0.0453647157	-0.1198790803	0.0242964115	0.2534263162	0.1724760495	-0.1698385644	0.0779413407	0.1753186216	-0.0255277079	0.1330529777	0.2455849745	-0.2342413371	0.0176193268	0.112918955	-0.0719927776	0.0195034602	0.0124911131	-0.092280022	-0.0471208409	-0.1248941443504634	-0.0002278790938562	0.0155985472930343	5.19288814167232e-08	-0.1156553988893307	-0.0126229806773495	0.0001593396411807	0.0133761712922501	0.4373964545317506	-0.0064218298616793	0.1913156584369457	4.123989877235635e-05	0.0032999882562641	0.0015637586375504	2.4453410765134837e-06	1.0889922491480977e-05	-0.0042807849282484	0.0004102807855445	1.8325119601918665e-05	1.6833032298709384e-07	0.0004510663535262	-7.000862731380001e-05	4.901207898362545e-09	2.034608552834228e-07	0.0	0.0	0.0	0.0	0.0	0.0	0.0	0.0	0.0	0.0	0.0	0.0	0.0	0.0	0.0	0.0	0.0	0.0
828.4215682415984	1.8057254291617253	3.2606443255212976	686282.2947278692	866.2911028428512	-8.49384216209512	750460.2748646833	72.14535467458471	765.1595241915795	0.4604780627835225	0.2120400463048657	585469.0974610844	764.9709030903899	623.8430221704068	1.517596	25.104588	0.2522166040223615	0.1200765779781325	-0.070940585	-0.0331918875	0.0092693483	-0.0562318564	-0.2020574738	0.1829280454	0.0648133578	-0.0037746822	-0.0140675279	-0.1363001745	-0.0825796003	0.0482276678	-0.1661580326	0.0841784916	-0.0034029724	0.0108099196	-0.0405432051	-0.1773998748	-0.086497716	-0.224322799	0.1336245752	-0.0858217526	-0.0175775733	-0.0098607133	0.1965620255	0.0586502891	-0.0998372353	0.1407164499	0.1308088585	-0.0308548649	-0.144231627	-0.040290441	0.088601768	-0.0160083744	0.0090955437	0.002298607	-0.1090811106	0.1206129614	-0.1914822219	0.1076797087	0.0458137561	-0.1150495873	0.1685282567	0.0612415944	0.0565843476	-0.1137482542	0.0843269099	0.0209656494	0.1520571764	0.1454351371	-0.0351095961	-0.0773342462	-0.1527891691	0.132167584	0.0437685112	0.1208977172	-0.0245213217	0.1776163292	-0.0022836515	-0.0178589783	0.0155733373	0.1946363763	0.0727310234	-0.1902588767	0.1435608241	-0.1294834597	0.0272440231	0.0043288606	0.0173854379	-0.2482081511	0.2099387972	0.0627992989	-0.1093185768	-0.2102111982	-0.0970382431	-0.0355847396	-0.109865502170507	0.0150286421799564	0.0120704285671776	0.0002258600857731	-0.1376159650181847	-0.021960566128854	0.0004822664646997	0.0189381538278862	0.3480564538028545	-0.089340000728896	0.1211432950338185	0.0079816357302391	0.0018169062986693	-0.0014830819575948	2.199532092943224e-06	3.301148498144176e-06	-0.0035763046893841	0.0007044802388643	1.2789955231310705e-05	4.962924069503015e-07	0.0007812520567602	0.000330185703234	1.0902259862013114e-07	6.103547761920428e-07	0.0	0.0	0.0	0.0	0.0	0.0	0.0	0.0	0.0	0.0	0.0	0.0	0.0	0.0	0.0	0.0	1.0	0.0
828.3608259397868	-0.0607423018116151	0.0036896272293733	686181.6579516457	874.1150703430176	7.823967500166418	764077.1562007786	61.214467443660354	763.7688524307744	-1.3906717608051622	1.9339679463009305	583342.859943422	764.2730354717371	619.9605155889034	1.254676	20.755264	0.2041676290905194	0.0968244412460394	-0.0429105225	0.0123291752	0.1620791907	-0.0288729346	-0.0632629817	0.0613598247	-0.0771906941	0.0521527286	-0.0242207534	-0.2138483934	0.0169727379	-0.0945592697	0.1217976625	-0.0061561803	-0.0744346205	-0.1539561484	-0.0089923772	-0.0207826417	-0.0115602578	-0.0345935645	0.0651057504	0.0131172336	0.0506407863	0.0908473551	0.0247552935	0.1712943107	-0.1956480822	0.0410776762	-0.2244334461	-0.1025406452	-0.0190759993	0.077248366	0.049520283	-0.0246711244	-0.0972527708	0.1418364549	-0.0448947857	0.1828902026	0.0641504839	0.1019772936	0.015702954	0.0160892126	-0.049938445	-0.0452951602	0.1539481955	-0.0304515037	-0.1921023422	0.0221817391	-0.0968138216	0.0169174533	0.0228930424	-0.0140395073	-0.1218022772	0.042038696	0.0560854101	0.0070184398	0.0810019777	0.1921628258	0.0704449651	-0.0611585544	-0.0247078775	-0.0260464625	-0.0697182974	-0.1255684256	0.087894505	0.0515856111	-0.1014354241	0.103410144	0.1184804657	0.0519768656	0.0986457803	0.1758011937	-0.2969955751	0.0224074215	-0.1016540472	-0.023839813	-0.0824439281811209	0.0274215739893861	0.0067970012939338	0.0007519427200553	-0.094656592080895	0.0429593729372897	0.0018455077231651	0.0089598704243689	0.2953798276805059	-0.0526766261223485	0.0872492426005653	0.0027748269396336	0.0016129744665394	-0.0002039318321299	4.1588192155857725e-08	2.6016866297080625e-06	-0.002575209374164	0.0010010953152201	6.63170332078214e-06	1.0021918301556314e-06	0.0003640780832803	-0.0004171739734799	1.740341241490083e-07	1.325528507250571e-07	0.0	0.0	0.0	0.0	0.0	0.0	0.0	0.0	0.0	0.0	0.0	0.0	0.0	0.0	0.0	0.0	0.0	0.0
826.9504026968125	-1.4104232429742751	1.9892937243220712	683846.9685204204	874.951318716074	0.8362483730563781	765539.8101229968	0.6993113414394393	765.517490854571	1.7486384237965922	3.0577363371778303	586017.0288042781	765.7553870730485	614.7035400401086	1.319781	21.832253	0.0740116368035625	0.0351840400697803	0.024046954	-0.1380453877	0.0238305958	0.1068413146	0.0729456676	-0.1495933144	0.0299600024	0.1940823988	0.0066391678	0.03578953	0.0496285803	0.1387371658	-0.0117866436	0.0392957667	0.0154300022	-0.0673903045	0.0025643212	0.0371150696	0.051402467	0.1463714687	-0.1588331549	0.0806283758	-0.0058755546	-0.1069798043	0.0451688078	0.0378108961	0.0635279869	-0.0033166979	0.0592182935	0.006972635	-0.0740603976	0.0293033163	-0.0446706968	0.0321820493	-0.0742983414	0.0535238376	0.0135652006	-0.1313825139	0.0370010388	-0.1767172862	0.0010118761	0.0608204805	-0.1170681598	-0.0246905123	-0.0920571377	-0.095426313	-0.0092843127	-0.0382498118	0.039357483	-0.0289965242	0.0655133828	-0.0338313427	-0.1085462132	-0.007279227	0.094641804	-0.1183577064	-0.0151487285	-0.0311817605	0.0950541938	-0.0392025177	-0.066205072	0.0914843778	-0.0389410047	0.0046591772	-0.0412726107	-0.119211918	-0.0533198644	-0.1124335903	0.1671431403	0.0148264237	0.1439492188	0.201290235	-0.0488707515	-0.0855115934	-0.10612066	-0.0119549848	-0.0790134863358815	0.0034304418452393	0.0062431310229505	1.176793125356949e-05	-0.0786899432620913	0.0159666488188036	0.000254933874503	0.0061921071705911	0.2783031080775515	-0.0170767196029544	0.0774526199656253	0.0002916143523979	0.0012291240721732	-0.0003838503943662	1.4734112525508733e-07	1.5107459847956296e-06	-0.0023691819469919	0.000206027427172	5.61302309795233e-06	4.244730074715493e-08	0.0005249567924733	0.000160878709193	2.5881959071605866e-08	2.755796339638554e-07	0.0	0.0	0.0	0.0	0.0	0.0	0.0	0.0	0.0	0.0	0.0	0.0	0.0	0.0	0.0	0.0	0.0	0.0
828.1347385098505	1.1843358130380466	1.4026513180444908	685807.1451267785	874.9578570576457	0.0065383415717406	765551.2516269076	4.274991050875137e-05	765.1610614407447	-0.3564294138262767	0.1270419270405432	585471.449945127	765.6032326248985	606.7068366934656	1.181472	19.54431	0.1070294467715612	0.0474306838833953	0.0322120938	-0.2079616705	-0.1336129352	-0.0584644904	-0.0684660995	-0.1587604814	0.0315554305	0.0565491607	0.0428677713	0.0105024999	-0.1833276887	-0.0657144567	-0.0555309539	-0.1376640961	0.0261511889	-0.043112937	-0.1513782511	0.0881310697	0.0431838969	-0.1213790387	-0.1918405085	-0.0205603745	0.073184646	-0.0249689424	0.180707518	0.0294899293	0.1215565992	0.0166334465	-0.0160016131	0.0632462179	-0.021309339	-0.0818456537	0.1137499588	0.0473090556	0.0725012581	0.1043383302	-0.0037827615	-0.1126226044	-0.172968292	-0.139931436	-0.193817939	-0.0328561078	0.079879585	-0.0725827083	-0.0937417749	-0.0597828615	0.0205221561	0.0257853174	-0.0542191494	0.0358532036	0.0609742201	-0.0264049349	-0.0109415273	0.019417202	0.0673454671	-0.1611660582	0.0300011348	-0.0613714344	0.0639072175	-0.1566248469	-0.0587408396	0.2751086224	0.0133771243	0.0568672732	-0.0343641662	0.0520124289	-0.0513576004	0.0370510929	0.1403271491	-0.0342532915	-0.0638123923	0.106380854	-0.2100846028	-0.0411531941	-0.1104315261	-0.0	-0.0763683585874019	0.0026451277484795	0.005832126193334	6.996700805776731e-06	-0.0983714476118535	-0.0196815043497621	0.0003873616134697	0.0096769417052516	0.2536437466649488	-0.0246593614126026	0.0643351502222327	0.0006080841052773	0.0008480847634113	-0.0003810393087618	1.4519095482174656e-07	7.192477659304008e-07	-0.0019899650378603	0.0003792169091315	3.959960851906346e-06	1.43805464171324e-07	8.434394515246423e-05	-0.0004406128473208	1.9413968122417415e-07	7.113901083881894e-09	0.0	0.0	0.0	0.0	0.0	0.0	0.0	0.0	0.0	0.0	0.0	0.0	0.0	0.0	0.0	0.0	0.0	0.0
832.246629303461	4.111890793610428	16.907645898578195	692634.4519869724	873.911034373494	-1.0468226841517208	763720.4959997502	1.095837732054613	766.1056978287236	0.9446363879789031	0.8923379054938291	586917.9402456356	764.828904335046	613.3110067552361	1.265863	20.940332	0.122345248368955	0.0736638092829232	0.0332510712	-0.0444575753	-0.0987856296	-0.1950453207	-0.0069497375	-0.048784987	-0.0001574718	-0.0551397633	0.1216340264	0.0452775484	-0.1402945599	0.0430786815	0.018668174	-0.0776595781	0.0789941437	0.0275524278	-0.103175251	0.077883566	0.1904967175	-0.1117949096	-0.0929707204	-0.0766282491	0.0384566146	0.0091657662	0.0383663113	0.0551687067	0.107299498	-0.2080969835	0.0088694234	0.162353315	-0.2432694426	0.0143545091	-0.0810211015	0.0629542663	0.137129546	0.0354070614	0.0043967999	-0.0765859195	-0.0690552676	0.0034036104	-0.2768330515	-0.0974534222	0.0665984473	0.0311032031	-0.113144046	0.0028099242	-0.1912766061	-0.0508143341	0.0189277107	-0.0937097548	0.0578020732	-0.0432308844	-0.1111482387	-0.1260894717	0.0007323776	-0.1005992753	0.1340518635	0.0603575575	-0.1720300866	-0.217621707	0.0298380108	0.1830936083	-0.1118400359	0.0467346609	0.108889843	-0.0506126869	0.0377411398	0.2436773684	0.0478388913	0.0420161129	0.0077319217	0.0126618413	0.0389227759	0.1127543227	-0.1145803187	0.0119549848	-0.0703114158995674	0.0060569426878345	0.0049436952058019	3.668655472371191e-05	-0.0951302668643876	0.0032411807474659	1.0505252637743642e-05	0.0090497676736896	0.2138425205833272	-0.0398012260816216	0.0457286236094307	0.0015841375976003	0.0019011109469093	0.001053026183498	1.1088641431323637e-06	3.614222832458375e-06	-0.002398919956513	-0.0004089549186526	5.754816957756334e-06	1.672441254902364e-07	8.728082004242472e-05	2.9368748899604867e-06	8.625234119280419e-12	7.617941547278129e-09	0.0	0.0	0.0	0.0	0.0	0.0	0.0	0.0	0.0	0.0	0.0	0.0	0.0	0.0	0.0	0.0	0.0	0.0
834.8015008215842	2.554871518123264	6.527368474117471	696893.5457739695	878.6845513876383	4.773517014144318	772086.5408472952	22.78646468432528	767.2343068768902	1.1286090481665951	1.2737583836035078	588648.4816488621	767.490301926764	629.756419950691	1.278843	21.155046	0.1323101373060915	0.0969120394296396	0.0617056023	0.1262148942	0.0442311873	-0.1268061704	0.0214393296	-0.0722549658	0.0988216757	-0.1473332173	0.1425193988	-0.106397377	-0.1005558449	0.0058645973	0.0636419724	0.037831508	0.1271939646	0.0486842526	-0.0702458219	0.0066386243	0.0156742757	0.0089340447	0.0731573101	0.2826502074	-0.0895216227	0.0527436681	-0.0163364465	0.0259209115	-0.0351660923	-0.1753679574	-0.1003506592	-0.1308584149	-0.0457603036	-0.2951091901	0.2555832698	0.1040210263	0.1226967842	-0.0280331841	-0.0269342007	-0.0301628851	0.0379499093	0.1140649362	0.0032433004	-0.1198405147	-0.204887819	-0.1276802681	0.1744086781	0.0008151101	-0.1623712064	0.1803619587	0.0752812964	0.0541520341	0.0880688766	0.0025419379	-0.0587924346	-0.2144356216	0.0884073986	-0.1498870032	-0.0209565419	0.1502637503	-0.0220937397	-0.025629678	0.0914046321	-0.0657162421	-0.2000425601	-0.2823083502	-0.1680852511	-0.0974209208	-0.1730897102	-0.0563801162	-0.1925343099	-0.0808842764	0.0022180069	0.0916815007	-0.105078304	-0.0184074395	-0.1185609488	0.023839813	-0.0620166765543359	0.0082947393452314	0.0038460681708451	6.880270080533135e-05	-0.0063208354630717	0.0888094314013158	0.007887115105825	3.995296095122484e-05	0.2117386242843935	-0.0021038962989337	0.0448332450138475	4.426379636666943e-06	0.0013841124623767	-0.0005169984845326	2.672874330090052e-07	1.915767308506492e-06	-0.002542941972851	-0.0001440220163379	6.466553877287335e-06	2.074234119006305e-08	8.625991570081464e-05	-1.0209043416100749e-06	1.0422456747183004e-12	7.440773056711648e-09	0.0	0.0	0.0	0.0	0.0	0.0	0.0	0.0	0.0	0.0	0.0	0.0	0.0	0.0	0.0	0.0	0.0	0.0
832.3632518607643	-2.43824896081992	5.945057994939416	692828.5830482262	881.9740037794237	3.289452391785403	777878.1433427068	10.820497037822708	766.173975101594	-1.060331775296163	1.1243034737027129	587022.560122978	766.0035003630087	638.1089402639888	1.277656	21.135406	0.062297767045895	0.0385925181488382	0.1216645423	0.1054563658	-0.036927872	0.1957906993	0.1241917221	-0.0438363614	0.106920736	0.0625361735	0.1209955914	0.0598388282	0.1745900341	0.1064655249	0.0060493706	0.1382265779	0.084944872	-0.0275727003	0.0493441229	0.0752430671	0.0580979156	0.0787112502	0.10017701	0.3019316259	-0.0876365152	-0.215214074	-0.0918852645	-0.0101180795	0.1449020167	0.1757500187	-0.1152099689	0.001602213	0.0780427623	-0.1663799644	0.1644374113	0.0889054635	-0.0379657777	-0.017555506	0.1356381988	-0.1427616471	0.106273847	0.0630396426	0.0287198005	0.0863659528	-0.2548224918	-0.0164890585	-0.127835921	0.0465805871	0.1490993351	0.1918543869	0.0832992815	0.0858701309	0.1314967589	0.0458348773	-0.0813130964	-0.1858452993	0.0253670426	-0.0549770104	0.0915711928	-0.0660637574	0.0731726317	0.0097879652	-0.0455291132	-0.0643630972	-0.1314078741	-0.112160154	-0.120915336	-0.1512037138	-0.1299049452	-0.097842558	-0.0933524186	-0.2246957491	-0.2445787819	-0.0007063534	0.0311295306	0.0505456922	-0.1223675745	0.0355847396	-0.0524253101255283	0.0095913664288076	0.0027484131417578	9.199430997165754e-05	-0.0130394147352888	-0.006718579272217	4.513930743706525e-05	0.0001700263366388	0.1819092704720191	-0.0298293538123743	0.0330909826836622	0.0008897903488638	0.0014070993100636	2.298684768690007e-05	5.28395166580743e-10	1.979928468381459e-06	-0.0022429413676854	0.0003000006051655	5.030785978874452e-06	9.000036309972614e-08	8.607801790339476e-05	-1.8189779741988046e-07	3.3086808706203865e-14	7.409425166177149e-09	0.0	0.0	0.0	0.0	0.0	0.0	0.0	0.0	0.0	0.0	0.0	0.0	0.0	0.0	0.0	0.0	0.0	0.0
830.4386623417494	-1.924589519014944	3.7040448167021736	689628.371911954	874.6837412351138	-7.29026254430994	765071.6471810554	53.14792796496843	766.146197312878	-0.02777778871598	0.0007716055459496	586979.9956569835	767.4961021719549	626.7183211663197	1.334235	22.07136	0.0865696950581788	0.0544959883719964	0.0550962759	-0.0419241643	-0.1848777975	-0.0241077432	-0.0303778746	-0.0048741851	-0.0194788181	0.0840245309	0.024213665	0.1355599291	-0.093161389	0.1946498287	0.0409583698	-0.1626238793	0.0494802842	-0.0411800094	-0.0590445769	-0.1295219932	0.0457571923	0.1150663772	-0.1097098284	-0.1096167944	-0.2576429789	-0.1773308559	0.1630245047	0.0967627904	0.0480710421	-0.2615224654	0.0814611081	-6.74332e-05	0.1418130605	-0.1024108365	0.0754538712	0.0721274469	0.0243812981	0.0543102085	-0.0776048734	-0.1520137753	-0.0600798238	-0.181534404	0.1065355996	-0.0291977324	0.005946795	0.2216033475	-0.0310523129	-0.0438904006	-0.2234512044	0.0953098879	0.1495928003	0.0700818558	0.0740370147	0.0353029404	-0.1213486705	-0.1180777936	0.0948664781	0.0844530576	0.2307953756	-0.0772067614	0.0151987581	-0.1343761559	-0.0128345211	0.0566216343	-0.0430986122	-0.0150554363	-0.0444502906	-0.1237314601	0.0355873976	-0.1049944748	0.1258948683	-0.1964584309	-0.0533668794	-0.1430621323	0.0406947796	0.1407626571	-0.1259946088	0.0471208409	-0.0546027362954788	-0.0021774261699505	0.0029814588109535	4.741184725585309e-06	-0.0283857141165952	-0.0153462993813064	0.0002355089047006	0.000805748765909	0.233486598809705	0.0515773283376858	0.0545159918237241	0.0026602207984534	0.001744597157259	0.0003374978471953	1.1390479686152953e-07	3.043619241116184e-06	-0.0022539279158839	-1.0986548198500205e-05	5.080191050000742e-06	1.207042413179681e-10	8.696644589421582e-05	8.884279908210561e-07	7.893042948743385e-13	7.563162711471568e-09	0.0	0.0	0.0	0.0	0.0	0.0	0.0	0.0	0.0	0.0	0.0	0.0	0.0	0.0	0.0	0.0	0.0	0.0
830.7709359544199	0.3322736126705194	0.1104057536771184	690180.3480265829	875.3000495960187	0.6163083609048954	766150.1768227927	0.3798359957212788	764.5124143046718	-1.633783008206251	2.669246917903467	584479.2316259581	764.032574600588	623.5694014367936	1.351742	22.360968	0.148755414735163	0.083066675393409	0.0031918666	0.081917057	0.0930323864	-0.0349224695	-0.2362488145	-0.0535525889	0.0076829136	-0.0017547312	0.0099876545	0.0765585431	-0.0811116829	0.0962918258	0.199513701	-0.0683760274	-0.0422032292	-0.0769715652	-0.2078309448	-0.1062770699	0.0672717852	-0.0868072442	0.1214318586	0.0298185079	-0.1823772368	-0.1047770087	0.066410493	-0.0479638314	-0.2149116862	0.0454469252	0.1489741436	0.2665432677	-0.0386002734	0.0978553003	0.1738184813	-0.0004901172	0.1298320186	0.1807193626	-0.0849894101	-0.2053412084	-0.0926871702	0.1697228957	0.160409902	-0.1009302761	0.0932714094	0.0122952912	-0.0255925217	0.1434927469	0.034452503	0.0297187905	0.1170168786	-0.107236441	0.0384910647	0.0048003117	-0.179854755	-0.2158526511	-0.0596247972	0.0324180327	0.0130238444	0.1592800207	0.0131025672	-0.0200200282	0.1895201897	0.0421546049	0.2851204203	0.1342685805	0.0708263654	-0.0296527326	0.1201465158	-0.0451385164	0.0501980483	-0.167837267	-0.1497708314	-0.0429999937	0.0286779474	0.0319702845	-0.1294367287	0.0583804184	-0.085353465663772	-0.0307507293682932	0.0072852141008167	0.000945607356682	-0.0957713834654754	-0.0673856693488802	0.0045408284335966	0.0091721578908911	0.2617310945724966	0.0282444957627916	0.0685031658661171	0.0007977515408943	0.0020641087645251	0.0003195116072661	1.0208766717776666e-07	4.260544991789335e-06	-0.0023809161196288	-0.0001269882037449	5.668761568708263e-06	1.612600389035625e-08	8.795703998717552e-05	9.90594092959698e-07	9.81276657006647e-13	7.736440883305593e-09	0.0	0.0	0.0	0.0	0.0	0.0	0.0	0.0	0.0	0.0	0.0	0.0	0.0	0.0	0.0	0.0	0.0	0.0
830.8383457381645	0.0674097837446652	0.0045440789445025	690292.3567489298	872.6487709144493	-2.651278681569352	761515.877378499	7.029278647344119	763.4617977019279	-1.050616602743844	1.103795245961016	582873.9165502596	764.0813850170667	633.9125514335562	1.33459	22.077238	0.0968323082536776	0.0495720546915868	0.0534643133	0.0632353645	0.0818143415	-0.0149977121	-6.06006e-05	0.0660001843	-0.0378879489	0.0036768801	0.0222021591	-0.0906944958	-0.1224130372	0.0268153653	0.2035894541	0.1294974574	-0.0609945914	-0.2265698226	-0.1630347043	-0.1765866727	0.0765932911	-0.0104653506	0.1013905242	0.1916038024	-0.2001519029	0.2419417077	0.1466435775	-0.0435510328	-0.0095606152	-0.1628027288	-0.0059019618	-0.1189499623	-0.0946329031	0.1359725926	-0.215173553	0.0161121233	0.0230982394	0.2958192201	-0.1915541124	-0.0623204278	-0.0378781457	0.0757970574	0.1427288952	-0.2095674542	-0.1363475417	0.0171685226	0.1307156926	0.0631906671	-0.0745970688	-0.0903998966	-0.0383460464	0.052314547	0.0450207596	0.1028806368	-0.3112088653	-0.4109556493	-0.200312686	0.2047252591	-0.1993088326	-0.0199902783	-0.1955587016	0.3353018037	0.0799576984	0.0119082037	0.2362990916	0.1517879277	-0.0961636311	-0.0261754871	0.1128022938	0.0320839329	0.1422206578	0.2191710071	0.0602163491	0.1834397219	-0.1594395025	-0.1080539971	-0.1326888823	0.0692973963	-0.0739195793383657	0.0114338863254063	0.0054641042095609	0.0001307337565023	-0.0620893057931795	0.0336820776722959	0.0011344823563225	0.0038550818938789	0.2338967005558174	-0.0278343940166791	0.0547076665308977	0.0007747534902757	0.0023093090949042	0.000245200330379	6.01232020180196e-08	5.332908495807255e-06	-0.0023227026500987	5.821346953010023e-05	5.394947600775524e-06	3.388808034731908e-09	0.0002621822448639	0.0001742252048767	3.0354422014336625e-08	6.873952952187402e-08	0.0	0.0	0.0	0.0	0.0	0.0	0.0	0.0	0.0	0.0	0.0	0.0	0.0	0.0	0.0	0.0	0.0	0.0
829.2299648531852	-1.6083808849793968	2.5868890711671075	687622.3346104147	875.8983636831308	3.2495927686815094	767197.9435027861	10.559853162267158	763.7827489545268	0.3209512525988884	0.1030097065447955	583364.0876005337	763.2252115127548	636.2753929333452	1.532612	25.352989	0.1418398008041631	0.0852197935258277	0.0293735483	0.052456041	-0.0062300574	0.2021172915	-0.0018730856	-0.1677446897	0.0820630921	0.0663438413	0.046752602	-0.0198453012	0.2290344309	-0.0429962009	0.0580112487	-0.0006575746	-0.0302957349	-0.1235329729	0.0144173291	0.087651184	-0.0263145193	-0.0958577452	0.0194459744	0.0758464932	0.0072818295	0.0859751048	0.0893370079	0.0749782664	0.0789762692	0.1914961417	-0.1858983392	0.0470901452	0.0545705879	0.0138378531	0.104200817	-0.0029864259	-0.0724738667	0.1155192204	0.1300088705	0.0192953113	-0.0554609916	0.0523319013	-0.0962729668	-0.0359290614	-0.1244446379	-0.0628466847	-0.0383035795	-0.0286564167	0.0813323952	0.0465483443	-0.0145554104	-0.0912806802	0.0620431426	0.0250393851	-0.0768508737	-0.1355333275	0.1455442086	-0.0066710437	0.0005577424	-0.0425271042	0.1398970616	-0.125177342	-0.0418129738	0.0026775254	-0.0395203276	0.0551771825	0.0084876113	0.2369284266	0.0039516388	-0.1682344225	0.0629825514	-0.0950786074	0.0590190282	-0.2013386088	-0.0099053466	0.2662305921	-0.1357462967	0.0798077096	-0.0724397576449007	0.001479821693465	0.0052475184876519	2.18987224444962e-06	-0.0048863791482602	0.0572029266449193	0.003272174816744	2.387670118055208e-05	0.2376905848132224	0.0037938842574049	0.0564968141088516	1.4393557758585363e-05	0.0013381252162374	-0.0009711838786667	9.431981261822892e-07	1.7905790943303886e-06	-0.002762948355037	-0.0004402457049383	7.633883612601665e-06	1.9381628071662082e-07	8.634846430152223e-05	-0.0001758337805623	3.091751838685842e-08	7.456057287231259e-09	0.0	0.0	0.0	0.0	0.0	0.0	0.0	0.0	0.0	0.0	0.0	0.0	0.0	0.0	0.0	0.0	0.0	1.0
827.0983638023481	-2.131601050837048	4.543723039929608	684091.7034045213	879.5865019265707	3.68813824343988	773672.4143714211	13.602363702723803	764.8866070655084	1.103858110981605	1.2185027291798771	585051.5216681855	764.9613404088856	627.912663663763	1.256508	20.785572	0.0845866010795415	0.0595200455823543	0.0675214662	-0.0471986075	0.1684445931	0.0222126609	0.0204902469	-0.0153089215	0.1958529288	0.0908731387	-0.0029154505	0.1868375954	-0.0176367477	-0.0720314001	0.0020102445	0.041497832	0.016280204	-0.0845342896	0.0153414302	0.0879142683	-0.0141108482	0.0982381006	-0.0335740872	0.1365541065	0.0280198961	-0.0680707522	-0.0497699696	-0.1119751357	-0.0590024317	0.0746132655	0.0794398105	-0.0382500217	-0.1103149361	-0.0910595426	-0.0996423521	0.0397392676	-0.0255908254	0.0525854222	0.0948867843	-0.0993844172	0.0915530775	-0.0282560697	0.112176298	0.0855810051	-0.0063804803	-0.1582731925	0.1188392169	0.0411362964	0.0901712489	0.0381658413	0.0207296817	-0.0204833376	0.0719391863	-0.0082257313	-0.073020676	-0.048592843	0.0374221228	-0.1185534293	-0.1224583032	0.0297331209	-0.0436083612	0.0158026234	-0.1515087292	-0.0837085382	0.1242341702	0.0920273812	-0.0463384815	0.0295677971	0.1038302608	-0.1777509352	-0.0067189363	-0.0224009113	-0.0321806087	-0.1508105187	0.0578407562	0.0390809453	-0.1386044847	0.0898496795	-0.0756368080018319	-0.0031970503569311	0.0057209267247059	1.0221130984753913e-05	-0.060390076560111	-0.0555036974118508	0.0030806604263862	0.003646961346936	0.2387572558229749	0.0010666710097525	0.0570050272081174	1.137787043046468e-06	0.001282102177862	-5.602303837540018e-05	3.138580828811561e-09	1.6437859944784833e-06	-0.0023229471008821	0.0004400012541549	5.396083233496554e-06	1.936011036578849e-07	8.598911081168315e-05	-3.593534898390857e-07	1.2913493065952988e-13	7.394127178183923e-09	0.0	0.0	0.0	0.0	0.0	0.0	0.0	0.0	0.0	0.0	0.0	0.0	0.0	0.0	0.0	0.0	0.0	0.0
828.40892436207	1.310560559721921	1.7175689806986347	686261.3459627219	871.4183685005485	-8.168133426022223	759369.9729601577	66.71840366530154	764.7934640207599	-0.0931430447485581	0.0086756267850319	584909.0426088733	763.968938901567	606.9774931257342	1.272739	21.05407	0.0760103342779716	0.0394198198795704	0.0625358044	-0.1025222032	0.0127948488	-0.1606382561	0.1485412124	-0.0595875006	-0.0076362203	0.0727921584	0.008874848	-0.0247945865	-0.1156364226	-0.0544990701	0.1510888578	0.1531812517	-0.0094891942	-0.0723521322	-0.0135217341	0.1436394663	0.1842283417	-0.0018540022	0.001311164	-0.1278816131	-0.0877257312	0.0874731658	0.124851491	-0.0526122859	-0.1271750875	0.131717961	-0.0145441824	-0.0183189667	0.1582165513	0.0419282829	0.0016385616	0.0109135955	-0.001137365	0.1102661107	0.0031957744	-0.0947444862	0.1465407415	0.0086274281	-0.1901961616	-0.0734503569	0.1131850422	0.0343426244	0.0091407355	0.0861335285	-0.0198779761	-0.0520569621	-0.0809719717	0.0127683966	0.0604119736	0.0208985709	-0.0263458827	-0.060392969	0.1060220411	-0.1689711777	0.0296695272	0.0858098414	-0.1363255311	0.0133965697	-0.1314500012	-0.0314537012	-0.1696314316	0.0665199718	0.055820071	0.0530334399	0.0709096966	0.0518051091	-0.0137662856	0.1981580939	-0.0050948138	-0.2333938316	0.0308442725	-0.2456131713	-0.1412592515	0.0993643757	-0.0777715471479183	-0.0021347391460864	0.0060484135457808	4.557111221833707e-06	-0.04274995380554	0.0176401227545709	0.0003111739307963	0.0018275585503758	0.2415767238328783	0.0028194680099033	0.0583593134978267	7.949399858868499e-06	0.001015912882576	-0.0002661892952859	7.085674092485723e-08	1.0320789849838775e-06	-0.0018737793833136	0.0004491677175685	3.511049177331095e-06	2.0175163850569598e-07	0.0004389521853054	0.0003529630744937	1.245829319560571e-07	1.926790209843862e-07	0.0	0.0	0.0	0.0	0.0	0.0	0.0	0.0	0.0	0.0	0.0	0.0	0.0	0.0	0.0	0.0	0.0	0.0
834.359227509259	5.950303147188947	35.40610754344669	696155.3205298474	875.4757688448027	4.0574003442542335	766457.8218343984	16.46249755355437	767.4934830696352	2.7000190488753333	7.2901028642896595	589046.2465543604	766.7926777122153	624.3754100485737	1.453116	24.037935	0.1529248659184792	0.0987578860811788	0.0782945339	0.111602269	-0.102443666	-0.2013851245	0.0115625864	-0.0558957272	-0.0070890116	-0.1501675094	0.1253254691	0.0598258693	-0.0768852543	0.0043089329	-0.0911226165	0.0096401355	0.0859847587	0.195011302	-0.0469605657	0.0674870623	0.1821560644	-0.2106087231	-0.1484284278	0.0240588759	0.0051293749	0.0871365065	-0.1471413861	0.1468571713	-0.1284048977	0.0699148947	-0.0732074909	0.0528871492	0.0430651374	0.1023721155	-0.1254309415	0.0399603251	0.1747674768	-0.1108185375	-0.029013294	-0.0655592738	-0.1179297917	0.0719849325	-0.2166932783	0.1503934925	0.0529673911	-0.0308626487	0.1512072362	-0.0232943618	-0.1321231923	-0.0332035151	-0.0196998845	-0.1018552033	0.0200706038	-0.0076997686	0.1951527534	-0.0425729405	-0.0285958133	-0.0765563692	-0.0766988705	0.0220055118	-0.1299146029	-0.0743587681	0.1483919738	0.0712313705	0.0548233921	-0.0890418339	-0.0346744585	0.0227294058	-0.1489471029	0.0460753732	0.0094718479	0.3141312987	-0.0317656155	-0.2721609684	0.0335521996	-0.0330868387	-0.1437067008	0.1082959623	-0.0741285309378412	0.003643016210077	0.0054950390990024	1.327156710688447e-05	-0.0519486647447706	-0.0091987109392305	8.461628294352061e-05	0.0026986637687645	0.2698394684802849	0.0282627446474066	0.0728133387497226	0.0007987827350045	-0.0005739918001387	-0.0015899046827147	2.5277969001181305e-06	3.294665866264654e-07	-0.0024901165142248	-0.0006163371309112	6.2006802544150685e-06	3.798714589398498e-07	0.000408786116496	-3.01660688094e-05	9.099917074134555e-10	1.671060890398813e-07	0.0	0.0	0.0	0.0	0.0	0.0	0.0	0.0	0.0	0.0	0.0	0.0	0.0	0.0	0.0	0.0	0.0	0.0
832.3984753416289	-1.960752167630062	3.8445490628659873	692887.2217510684	876.3952262680252	0.919457423222525	768068.5926253832	0.8454019531190055	767.7015403993668	0.2080573297315595	0.0432878524550268	589365.6551315605	767.9484706370303	641.2988210674614	1.419927	23.488911	0.0708978824130587	0.0405849278542492	0.1044543837	0.201290804	0.0059050374	0.1448260563	0.0360271316	0.1627554048	0.0264290349	-0.0598148519	0.1476262344	-0.0635517589	0.1873358832	0.0128911493	-0.2002716305	0.1767787369	0.1859730706	0.1569889542	0.1404084853	0.0227501988	-0.0890673238	0.0079243955	0.0355110444	0.0873483545	0.0954935849	0.1237654509	-0.1860036946	-0.1639683044	0.1407362224	-0.0509768418	0.1513360932	0.125788632	0.0557699183	0.0526284751	0.1506464076	0.1186366338	-0.0229292913	-0.2567290195	0.1152194736	0.0693985405	-0.0396572651	0.019782884	-0.0355762215	0.0316001838	-0.1683411492	-0.0164661202	0.0196769847	0.157926477	0.1398110717	-0.0734362709	0.0529085222	0.1758373824	0.0395021336	0.0222760751	0.1912209145	0.0015379802	-0.0769132347	-0.051268484	-0.1973972553	-0.038814995	0.0054758276	-0.0961344031	0.0396509682	-0.0273922452	0.0131877451	-0.2331338151	-0.1650185698	0.0190916499	-0.0695978252	-0.0923400651	-0.1098462585	0.1758175044	0.2156410019	-0.1496478936	-0.2280237061	0.0452114711	-0.1459432408	0.1165920251	-0.0711844412169853	0.0029440897208558	0.0050672246713744	8.66766428444937e-06	-0.080938482069925	-0.0289898173251544	0.0008404095085458	0.0065510378797835	0.2402876365766815	-0.0295518319036033	0.0577381482916073	0.0008733107688588	-0.000685415500586	-0.0001114237004473	1.2415241021369648e-08	4.69794408443557e-07	-0.0024776637947747	1.2452719450100224e-05	6.138817879937365e-06	1.5507022170290446e-10	0.0004731525658675	6.436644937150003e-05	4.143039804693876e-09	2.238733505869989e-07	0.0	0.0	0.0	0.0	0.0	0.0	0.0	0.0	0.0	0.0	0.0	0.0	0.0	0.0	0.0	0.0	0.0	0.0
827.2393531100565	-5.159122231572383	26.6165422003044	684324.9473339448	874.7641712040096	-1.6310550640156407	765212.3552222378	2.660340621851066	765.0865026658581	-2.615037733508643	6.838422347674022	585357.3565614742	765.643805456812	625.7923063874463	1.367021	22.61372	0.0579020806545456	0.027894049412268	0.0617538555	-0.0024659691	0.0370497221	0.0729880041	0.0130618264	0.0459116334	0.2396609177	0.0355014564	0.0315153288	-0.1010290503	0.1005647661	-0.0592688177	-0.0785173598	0.0906639158	0.0141851611	-0.0101657653	0.0989176692	0.124768462	0.0524174822	0.0302040328	-0.0087462127	-0.0381327274	0.0144046656	-0.1122180996	-0.1295709921	-0.0369113334	-0.0686433753	0.0377163533	-0.147396092	-0.0472492238	-0.0194137379	-0.1148194227	-0.088676069	0.033634795	-0.0682897969	-0.0505727485	0.058155864	0.0410021036	0.119456973	-0.0096305742	-0.1195455971	0.1183733805	0.0904347091	-0.0467859747	0.0470246953	0.0551896346	0.0933178956	0.2085980267	0.0883575301	-0.084861064	0.0348020725	0.0046555262	0.1397730119	0.0510182675	-0.0235268385	-0.0658722174	-0.1845018836	-0.0591175615	0.0717856843	-0.0079702853	-0.1092893873	-0.0305400651	0.0286503016	0.0674942718	-0.0058169355	-0.0097459073	-0.0784180621	-0.0357998665	-0.0165856373	-0.0043327403	-0.0750122917	-0.0732661631	-0.0541457368	0.1085267301	-0.1479655889	0.1242038795	-0.0740048830263475	-0.0028204418093621	0.0054767227117433	7.954891999998293e-06	-0.0906611390184224	-0.0097226569484974	9.45300581381648e-05	0.0082194421281177	0.2590235415979975	0.018735905021316	0.0670931951019695	0.0003510341369677	-0.0004100510413214	0.0002753644592646	7.582558542608557e-08	1.6814185648876449e-07	-0.0026065740922203	-0.0001289102974456	6.794228498234081e-06	1.6617864787513103e-08	0.0003449657850703	-0.0001281867807972	1.6431850771149413e-08	1.190013928691684e-07	0.0	0.0	0.0	0.0	0.0	0.0	0.0	0.0	0.0	0.0	0.0	0.0	0.0	0.0	0.0	0.0	0.0	0.0
827.2919058169942	0.0525527069377176	0.0027617870064816	684411.8974303144	875.4528813547902	0.6887101507805937	766417.7474724044	0.4743216717882281	763.7526871219758	-1.3338155438823378	1.7790639051021366	583318.1670860386	763.8730671613439	616.8749394146572	1.416298	23.428873	0.0513355451226475	0.0232399753588726	0.057812865	-0.1273822378	-0.144322054	-0.00349478	-0.0808857633	-0.0345912934	-0.1756475104	0.0661975424	0.0375181173	-0.0006892483	0.0126878357	-0.1098566825	-0.1852596762	-0.1037588104	-0.0478804744	-0.0560934955	-0.1221888399	-0.023389525	-0.225027479	-0.1032939037	-0.2336848146	-0.0716381573	0.003444308	0.0047645741	0.0068786073	0.0058295062	0.115181745	0.2324562062	0.0332768508	0.0928882824	0.2105720955	-0.0233352957	-0.1372316175	0.0021748386	0.0145616845	0.084334187	0.0556881789	0.1274863453	-0.2736635585	-0.2070415702	-0.0166875796	0.1307809099	0.030308565	-0.019544569	-0.1172999892	-0.0171632088	0.1319392413	-0.0957022687	-0.0045292803	0.0307568282	0.0388147634	0.0070217218	0.1499649092	0.1421904843	0.0117127735	0.0096422973	0.001477366	-0.1651868022	0.0400654365	0.0059835801	0.043200636	0.1433857645	0.055556	0.1084890851	-0.1094133462	0.1437365192	0.0604916908	0.1438827413	-0.0021688709	-0.0466632263	0.0378291783	0.1388297237	0.0766113023	-0.1100305427	-0.1497707771	0.1310868562	-0.0839817265154607	-0.0099768434891131	0.0070529303885176	9.953740600626032e-05	-0.0774933812523528	0.0131677577660695	0.0001733898445858	0.0060052241379225	0.2687356388350537	0.0097120972370561	0.0722188435800844	9.432483274203436e-05	-0.0003038933874464	0.000106157653875	1.12694474762443e-08	9.23511909336478e-08	-0.0026060163023173	5.577899029997682e-07	6.791320967943534e-06	3.1112957588849085e-13	8.210429624012808e-05	-0.0002628614888301	6.909616231001459e-08	6.741115461086709e-09	0.0	0.0	0.0	0.0	0.0	0.0	0.0	0.0	0.0	0.0	0.0	0.0	0.0	0.0	0.0	0.0	0.0	0.0
830.2005385062389	2.908632689244655	8.460144120942594	689232.934136049	870.0056684171999	-5.44721293759028	756909.8630780588	29.672128787450923	765.0159646803332	1.2632775583574585	1.595870189449582	585249.4262157809	764.2307796098003	612.3576893414179	1.219006	20.165199	0.0366392893809106	0.0200148335069497	0.047557307	0.0611320323	0.0089750544	-0.1753961764	-0.1772394366	-0.0256088756	-0.1412206472	-0.0851408155	0.0054889595	-0.0910218474	-0.0696039178	-0.2129580474	0.0975296818	-0.0602369646	0.0464430254	-0.0320993744	-0.0840620759	0.0187655137	-0.0977401173	-0.1956563865	0.000634785	-0.1343750135	0.060053622	0.1463936501	0.0077457649	-0.2319043137	0.0328992652	-0.0643300528	-0.1446044601	-0.0129278129	-0.060039485	-0.0323269316	-0.0893944308	0.0400318173	0.0900318806	0.064490601	0.0346852122	0.1773838692	-0.1229275331	0.1279109385	-0.1140409363	-0.0355009838	0.1220915204	-0.0065980727	-0.015735428	0.1372937696	-0.002358033	-0.0021365425	-0.1647276103	-0.0570412773	0.029142241	-0.0060396762	0.1155805192	0.0963205859	-0.0834935809	0.1185029236	0.0816825122	0.0991240251	0.052377256	-0.0298443962	0.1126401086	-0.0279082514	0.0641418342	0.0462859399	0.0329597022	0.1205170557	0.0388432066	0.1567092672	-0.1027772578	-0.0903087081	-0.0279640195	0.1241693854	0.1149457417	-0.1375595033	-0.1513561561	0.1372005631	-0.0825516176327596	0.001430108882701	0.0068147695737853	2.0452114163805662e-06	-0.0950827711388058	-0.0175893898864529	0.0003093866365776	0.0090407333674345	0.2590705468016239	-0.0096650920334298	0.0671175482200924	9.34140040146682e-05	-0.000363889596401	-5.999620895459997e-05	3.599545088924022e-09	1.3241563836888266e-07	-0.0027050175733829	-9.900127106559968e-05	7.317120072310312e-06	9.801251672604346e-09	8.200780469379328e-05	-9.64915463347977e-08	9.31061851408041e-15	6.725280030695343e-09	0.0	0.0	0.0	0.0	0.0	0.0	0.0	0.0	0.0	0.0	0.0	0.0	0.0	0.0	0.0	0.0	0.0	0.0
831.3130866689266	1.1125481626877445	1.237763414299876	691081.4480670183	878.2758620621322	8.270193644932306	771368.4898809815	68.3961029246787	767.3585120416457	2.342547361312427	5.487528139991814	588839.0860027685	766.5736977736321	620.7415203821506	1.211059	20.033743	0.0541645243467352	0.0348809317798512	0.0586910588	0.1318382629	0.0746497349	-0.0041534243	0.0884224351	-0.0174066533	-0.2166110794	-0.0743905118	0.094204503	-0.1333885336	0.0622506517	-0.0985967963	0.04752522	-0.0308657367	0.1388304266	0.131576781	0.1180814351	-0.1421179581	-0.0756571765	0.048727621	0.1495675778	-0.0827335464	0.1718949692	0.0129449058	-0.1655813817	-0.0043081598	0.0784500982	0.0184940168	-0.1839415198	-0.1201302106	-0.0664955042	0.234245635	0.1260937761	0.0907445588	-0.0347710633	-0.2061926112	-0.0758297286	0.2537935076	0.1229275157	0.1565728746	0.0958805124	0.1033901704	-0.1266127618	0.0442660962	-0.0519555256	-0.1068794622	0.0022511746	-0.0807013208	-0.2415504918	-0.0567887408	0.0317448472	0.0445165229	0.1287951182	0.0907149085	-0.0387723683	0.1616599457	0.0859355568	0.0756339122	-0.0088846386	0.0545003762	0.028319751	-0.1821093939	-0.0720143047	-0.1228074446	-0.0299237628	0.0798824855	-0.0280618035	0.0833972673	0.0056158163	0.1290044442	0.088523829	0.1751722098	-0.1595127126	0.0541244881	-0.152719399	0.1425091225	-0.0809096982854384	0.0016419193473212	0.0065463792766406	2.6958991431076925e-06	-0.0638660127302728	0.0312167584085329	0.0009744860055367	0.0040788675820633	0.2635452210221274	0.0044746742205035	0.0694560835236019	2.002270937963875e-05	-0.0004888994434296	-0.0001250098470286	1.5627461854113977e-08	2.390226657857727e-07	-0.002494021643268	0.0002109959301148	6.220143957089215e-06	4.4519282525051716e-08	8.139013442974281e-05	-6.176702640504634e-07	3.8151655509216924e-13	6.624353982491607e-09	0.0	0.0	0.0	0.0	0.0	0.0	0.0	0.0	0.0	0.0	0.0	0.0	0.0	0.0	0.0	0.0	0.0	0.0
830.0234288373769	-1.289657831549789	1.663217322477704	688938.892418956	879.357289995466	1.0814279333337709	773269.24346817	1.1694863749945508	767.0036954818233	-0.3548165598223249	0.1258947911241495	588294.6688827736	767.6895513064213	628.1542125157944	1.296138	21.441145	0.080532001972254	0.0424062907646293	0.0396375844	-0.0306736947	-0.0674370237	0.0885234773	0.1072839447	-0.0791185887	-0.0789050253	0.0111611256	0.0317698103	0.0670446519	0.0331809893	0.1163910762	0.0382108975	-0.1376040362	0.0954097348	0.0796026536	0.0811327449	-0.0819526738	0.0206197131	0.2130177867	-0.0203582825	-0.0360716265	0.0067151985	-0.0568792047	-0.0402664517	0.130089338	-0.0387996654	0.1066648474	0.0524155826	-0.0281739297	0.133726784	0.1207976047	0.0388162123	0.0672129425	-0.0412643064	-0.1295477868	-0.0508648261	-0.0408885953	0.1276258351	-0.1073807402	0.0764655264	0.0564406356	-0.0756957201	0.0604010763	-0.0904384859	-0.0662871096	0.0013173536	-0.0177451746	0.0446365668	0.0032035078	0.0246991373	-0.0076629493	0.0789219438	0.0762020047	-0.0489277783	0.0610062694	0.0464745021	-0.0894869347	0.0438334285	0.0163018636	-0.024624381	-0.1080524226	-0.0808791317	0.0400763703	-0.0304226252	-0.1600351686	0.0216994304	-0.0563125928	0.0892325429	0.0381260471	0.0338910713	0.0659495621	0.1473845395	-0.0316750203	-0.1538585052	0.1469813818	-0.0799312104677056	0.0009784878177327	0.0063889984068326	9.574384094514938e-07	-0.0827170823629614	-0.0188510696326885	0.0003553628262964	0.0068421157146409	0.2847123362839028	0.0211671152617753	0.0810611144322381	0.0004480467685052	7.611293504177214e-05	0.0005650123784713	3.1923898782587705e-07	5.793178880673025e-09	-0.002718002852504	-0.0002239812092359	7.38753950621988e-06	5.016758209082077e-08	8.310313192351675e-05	1.7129974937739404e-06	2.934360413675801e-12	6.9061305354974305e-09	0.0	0.0	0.0	0.0	0.0	0.0	0.0	0.0	0.0	0.0	0.0	0.0	0.0	0.0	0.0	0.0	0.0	0.0
827.9915212616108	-2.031907575766013	4.128648396455316	685569.9592811166	882.6994848870612	3.342194891595227	779158.3806198832	11.170266693405232	764.8721607823526	-2.1315346994707625	4.543440175047913	585029.422339865	767.0603233569567	633.0707451438556	1.178447	19.494272	0.0798389777260082	0.0521881419836632	0.0085754491	0.0022618197	0.0754614333	0.0290170479	-0.1333872175	0.0565024874	0.0436522713	-0.0116393874	-0.042055234	0.1730826918	0.002323217	-0.1225355583	-0.0867709096	-0.0145440139	-0.0234863984	-0.0056008387	-0.0063255216	0.1403415977	-0.1245894878	-0.0584971589	-0.1152978921	-0.031153052	-0.0569838983	-0.0322901913	-0.0865135285	-0.0339691406	-0.112749773	-0.208811462	0.1818765399	-0.1530910624	-0.0236593254	-0.041791223	-0.148394735	-0.0139797341	-0.0194116031	-0.0087459784	0.1425102017	-0.0283675875	-0.1272471023	-0.0352628817	0.0974443238	0.0796591854	0.1397569313	0.0155449589	0.1762648352	0.0528699683	-0.102971794	-0.0398089829	0.0166463368	0.0598867906	-0.0023431396	-0.0614898138	0.1106575615	0.1109197041	-0.0756522357	-0.0733732595	-0.0815813394	-0.0001201874	0.1103066142	0.0074921766	-0.0740141658	-0.0418003791	0.1106295646	-0.0639618245	-0.0599973674	-0.0582912006	0.1361596943	0.0681945323	0.0483412184	-0.1561225187	0.0195101807	0.068493518	0.1098683041	0.0010485698	-0.1547718027	0.1505910958	-0.0737238092877419	0.0062074011799636	0.0054352000558953	3.853182940901471e-05	-0.129607808707405	-0.0468907263444435	0.0021987402171094	0.0167981840779352	0.3045433532111445	0.0198310169272417	0.0927466539850879	0.0003932692323685	0.0002141131984136	0.0001380002633718	1.9044072690693857e-08	4.584446173490164e-08	-0.0027179943254349	8.527069099862478e-09	7.387493153096317e-06	7.271090743382947e-17	8.329100696977452e-05	1.8787504625776045e-07	3.529703300635562e-14	6.937391842039027e-09	0.0	0.0	0.0	0.0	0.0	0.0	0.0	0.0	0.0	0.0	0.0	0.0	0.0	0.0	0.0	0.0	0.0	0.0
828.2531263338253	0.2616050722144791	0.0684372138083428	686003.2412817556	877.2497399565461	-5.449744930515067	769567.1062538278	29.69971980767467	764.5713873094128	-0.3007734729397953	0.0904646820242657	584569.4062922401	764.8451230828684	622.5601325305332	1.171269	19.37553	0.0526295004999941	0.03264182876439	0.020375331	-0.0280114953	0.1690010767	-0.088431029	0.1123149429	0.1570050036	0.0480635946	0.0136248372	-0.0129732026	0.0031256267	0.0107357322	-0.129536557	0.0407160465	0.171720777	0.0059392919	-0.0620658873	-0.0534363402	-0.0214703955	-0.0251642002	0.0963279756	0.0725563749	-0.1106886907	0.2132292493	-0.0077837877	-0.2124431958	0.014300041	-0.0830825068	-0.056481635	0.0330143442	0.0630941157	-0.0236005566	0.0239441343	0.0448790483	0.015103769	0.0268806799	0.0647302245	-0.0079903109	0.1418373677	0.1524106349	0.0331374611	0.0665067906	0.1148079798	0.0776641082	-0.0258006603	-0.0046539933	0.1066161331	-0.0162446161	-0.143941082	0.1051949897	-0.0552634789	0.0216231041	-0.0373749564	0.0606223798	0.1212473377	-0.0864411083	0.006980531	0.0406488592	0.0802989756	-0.0669013728	0.1083635106	-0.1466951269	-0.1669028474	-0.0389289921	0.0361107558	0.0696747559	0.1183909959	0.0442906496	0.0257279232	-0.0111251155	-0.0336622295	-0.0789327304	0.0702763371	0.0632163322	-0.0085920822	-0.1554579513	0.1533170814	-0.0729989500291736	0.0007248592585683	0.0053288467053617	5.254209447321856e-07	-0.1141029837568083	0.0155048249505966	0.0002403995967486	0.0130194909022064	0.2775731333317992	-0.0269702198793452	0.0770468443476327	0.0007273927603402	0.0001566074993534	-5.750569906019999e-05	3.306905424402285e-09	2.4525908853725184e-08	-0.0025869957489939	0.000130998576441	6.692547005312509e-06	1.716062702956857e-08	8.320335424129714e-05	-8.765272847737557e-08	7.683000809528524e-15	6.922798157002779e-09	0.0	0.0	0.0	0.0	0.0	0.0	0.0	0.0	0.0	0.0	0.0	0.0	0.0	0.0	0.0	0.0	0.0	0.0
829.4626837674305	1.2095574336051411	1.463029185189456	688008.3437626683	879.0194559468852	1.769715990339023	772675.203933158	3.131894686461629	765.4155981248425	0.844210815429733	0.7126919008885346	585861.0378528105	766.4443018814198	624.9566399541154	1.114183	18.431187	0.0800622277290425	0.0484106329684069	0.0434596799	-0.0427211737	-0.0867000459	0.0615684729	0.1169995149	0.0929165653	-0.029369595	0.046336599	0.0106359578	0.0496890678	-0.0025561035	0.0999803368	-0.076337075	-0.0443378576	0.0380643476	0.0036525518	-0.0106567511	-0.1297522429	0.0294461647	0.0992988177	0.0279674595	-0.1656832645	0.0453210883	-0.037339189	0.027476843	-0.0962755854	0.0260455939	-0.0785016094	0.1173927351	-0.0284602118	0.1647785848	0.019820556	-0.0107958981	0.0447376743	-0.0136591193	-0.0353885985	-0.1041249978	0.0034797244	0.081215224	-0.065351512	0.1252140711	0.0511331281	0.0183831474	0.1267974772	-0.1233946406	-0.0712571119	-0.0445037495	-0.1538323259	-0.0564156406	0.0421440287	0.0106498299	0.0012964663	0.0815863616	0.1269557142	-0.038315341	0.1160440886	0.1149819935	-0.092947021	-0.0493750561	0.0865559066	-0.0688350346	-0.0422833374	-0.0713772868	0.0355859373	0.0149870837	-0.0708678703	-0.0339979653	-0.0266953145	-0.0083643975	-0.0013003928	-0.0519656141	0.0135829429	0.1110561616	-0.0412736882	-0.155915944	0.1551433414	-0.0826552296118308	-0.0096562795826572	0.0068318869821844	9.32437353784424e-05	-0.0707924127591326	0.0433105709976757	0.0018758055601447	0.0050115657042594	0.2910836767437956	0.0135105434119963	0.0847297068666864	0.0001825347832874	4.1024264971734094e-06	-0.0001525050728562	2.3257797246882983e-08	1.682990316471049e-11	-0.0024680024309011	0.0001189933180927	6.091035998933739e-06	1.415940975073426e-08	8.30050704560572e-05	-1.982837852399367e-07	3.9316459489077344e-14	6.88984172141502e-09	0.0	0.0	0.0	0.0	0.0	0.0	0.0	0.0	0.0	0.0	0.0	0.0	0.0	0.0	0.0	0.0	0.0	0.0
827.6571738160158	-1.805509951414706	3.259866184657534	685016.3973691146	873.2621991046063	-5.757256842278821	762586.8683850131	33.1460063479663	764.9048251244329	-0.5107730004095856	0.2608890579474106	585079.3914986394	764.5542297523394	628.5062724293041	1.106926	18.311146	0.0797294665172311	0.0385791067607885	-0.0325238245	-0.0344453244	-0.0352162052	0.0897746946	-0.0575783106	-0.0039102854	0.0054372622	0.0723720793	-0.0387432046	0.0545136986	0.0190864206	0.1376570948	0.0435989613	-0.1180264855	-0.0040464163	-0.0307938408	0.0420167093	0.0809113911	0.0007663916	0.0680011448	0.1452943869	-0.0783926809	-0.1182124258	-0.050340736	0.0560007825	0.0213341133	0.0702137362	-0.0315000499	0.1316102605	-0.028193139	-0.0166180332	0.0817809781	-0.041043689	-0.0130377099	-0.0336776042	0.0197730682	0.0743966376	-0.0729119352	0.0535832408	-0.0182574059	0.0447859032	-0.1225307586	0.064948911	0.1645273788	-0.065967101	-0.0207474378	0.0792402288	0.0736367959	-0.0306981075	0.0154407214	-0.0242581612	-0.0105544254	0.0458177298	0.0878814154	-0.0044465517	0.1191365579	0.0853738507	-0.0726860236	0.0983739391	0.0292778643	0.037949758	-0.0353745862	0.0021970693	0.1817415963	0.0995321433	0.010160156	-0.0039490604	0.1128462076	-0.0436502505	-0.0775762715	-0.0749108652	-0.103636543	0.0566159909	-0.0810562093	-0.1561451084	0.1560591586	-0.0956958647280998	-0.0130406351162689	0.0091576985260587	0.0001700581642356	-0.0702119205628832	0.0005804921962494	3.369711899064606e-07	0.0049297137891286	0.3159600420231498	0.0248763652793542	0.0998307481552706	0.0006188335495118	0.000191010421642	0.0001869079951448	3.493459864905852e-08	3.6484981175854624e-08	-0.0028279684685228	-0.0003599660376217	7.997405658959191e-06	1.295755482410673e-07	0.0003607705161967	0.0002777654457406	7.7153642847498e-08	1.301553653568334e-07	0.0	0.0	0.0	0.0	0.0	0.0	0.0	0.0	0.0	0.0	0.0	0.0	0.0	0.0	0.0	0.0	0.0	0.0
