global_signal	global_signal_derivative1	global_signal_derivative1_power2	global_signal_power2	csf	csf_derivative1	csf_power2	csf_derivative1_power2	white_matter	white_matter_derivative1	white_matter_derivative1_power2	white_matter_power2	csf_wm	tcompcor	std_dvars	dvars	framewise_displacement	rmsd	t_comp_cor_00	t_comp_cor_01	t_comp_cor_02	t_comp_cor_03	t_comp_cor_04	t_comp_cor_05	c_comp_cor_00	c_comp_cor_01	c_comp_cor_02	c_comp_cor_03	c_comp_cor_04	c_comp_cor_05	c_comp_cor_06	w_comp_cor_00	w_comp_cor_01	w_comp_cor_02	w_comp_cor_03	w_comp_cor_04	w_comp_cor_05	w_comp_cor_06	w_comp_cor_07	w_comp_cor_08	w_comp_cor_09	w_comp_cor_10	w_comp_cor_11	w_comp_cor_12	w_comp_cor_13	w_comp_cor_14	w_comp_cor_15	w_comp_cor_16	w_comp_cor_17	w_comp_cor_18	w_comp_cor_19	w_comp_cor_20	a_comp_cor_00	a_comp_cor_01	a_comp_cor_02	a_comp_cor_03	a_comp_cor_04	a_comp_cor_05	a_comp_cor_06	a_comp_cor_07	a_comp_cor_08	a_comp_cor_09	a_comp_cor_10	a_comp_cor_11	a_comp_cor_12	a_comp_cor_13	a_comp_cor_14	a_comp_cor_15	a_comp_cor_16	a_comp_cor_17	a_comp_cor_18	edge_comp_00	edge_comp_01	edge_comp_02	edge_comp_03	edge_comp_04	edge_comp_05	edge_comp_06	edge_comp_07	edge_comp_08	edge_comp_09	edge_comp_10	edge_comp_11	edge_comp_12	edge_comp_13	edge_comp_14	edge_comp_15	edge_comp_16	edge_comp_17	edge_comp_18	edge_comp_19	edge_comp_20	edge_comp_21	edge_comp_22	edge_comp_23	cosine00	cosine01	trans_x	trans_x_derivative1	trans_x_power2	trans_x_derivative1_power2	trans_y	trans_y_derivative1	trans_y_derivative1_power2	trans_y_power2	trans_z	trans_z_derivative1	trans_z_power2	trans_z_derivative1_power2	rot_x	rot_x_derivative1	rot_x_derivative1_power2	rot_x_power2	rot_y	rot_y_derivative1	rot_y_power2	rot_y_derivative1_power2	rot_z	rot_z_derivative1	rot_z_derivative1_power2	rot_z_power2	motion_outlier00	motion_outlier01	motion_outlier02	motion_outlier03	motion_outlier04	motion_outlier05	motion_outlier06	motion_outlier07	motion_outlier08	motion_outlier09	motion_outlier10	motion_outlier11	motion_outlier12	motion_outlier13	motion_outlier14	motion_outlier15	motion_outlier16	motion_outlier17	motion_outlier18	motion_outlier19	motion_outlier20
826.8196160469975	n/a	n/a	683630.6774801043	871.0749963419327	n/a	758771.649252098	n/a	764.6834695576042	n/a	n/a	584740.8086146554	763.789517690685	635.2530164508258	n/a	n/a	n/a	n/a	-0.2112954522	0.0118085878	0.1863263155	-0.2137960923	0.0287046345	-0.0358014607	-0.1319615995	0.2425727574	-0.0389861395	0.0249858137	-0.136429066	0.030012723	-0.0375691122	-0.1218863409	0.0403215634	-0.0073640261	0.2004895037	-0.2592631251	0.0273592881	0.1407439513	-0.0051012603	0.0227124595	-0.0104072006	0.1547787223	-0.0191867057	0.068260528	-0.0930695477	0.2845443803	-0.0200290458	0.0285428122	-0.0567983758	0.1091876454	-0.0915199829	-0.1193302377	0.1507684538	-0.0973774233	0.0252152349	-0.0805418611	0.2335172345	-0.1019958958	0.0584298942	-0.1507626531	0.1551450101	-0.0023931765	0.1590298706	-0.0807666629	0.0344558413	-0.100262645	0.050935164	-0.0939250737	0.1587870988	-0.1178791498	0.1567709006	-0.1990591329	0.1490401678	-0.2011314629	0.0578660833	-0.1273626139	0.0005184055	-0.030228908	0.0064459531	-0.2263520593	0.1348805298	-0.0271060115	0.1842049407	-0.0657105487	0.1143759791	-0.0398415539	0.0356981374	-0.2139321012	0.3151632642	-0.0074363824	0.0240055229	-0.0014535145	-0.1389437233	0.0207502273	-0.1408531232	0.1561451084	0.1560591586	0.0228417505053641	n/a	0.0005217455661493	n/a	0.0440795933191537	n/a	n/a	0.0019430105471819	0.218757517471019	n/a	0.0478548514500831	n/a	0.0056370733533618	n/a	n/a	3.177659599118165e-05	-0.0012121527211237	n/a	1.4693142193275905e-06	n/a	-0.0007610893116522	n/a	n/a	5.792569403112196e-07	0.0	0.0	0.0	0.0	0.0	0.0	0.0	0.0	0.0	0.0	0.0	0.0	0.0	0.0	0.0	0.0	0.0	0.0	0.0	0.0	0.0
825.5541698892209	-1.2654461577765233	1.6013539782313653	681539.6874214807	859.3879236638152	-11.687072678117488	738547.6033392034	136.58766778360027	764.3613626846414	-0.3221068729627632	0.1037528376098496	584248.292765122	762.911547226229	618.1908425504671	1.372044	20.251633	0.1126124373421967	0.059273355953705	-0.1878936561	-0.111094316	0.0876676508	-0.1281998844	0.035411473	0.0937284212	-0.0872951696	-0.0198240384	-0.1234208132	-0.0271312195	-0.1028542443	0.0557535603	-0.1285550388	-0.1799346382	-0.0508510814	-0.00488986	0.073306209	-0.0514244163	-0.1110197745	0.1446261325	0.0171472153	0.0611693412	-0.0451228185	0.1119270357	0.0311654632	-0.0335810131	-0.2028348551	0.0996101632	-0.0059534526	-0.1631018509	-0.1685045588	-0.007832196	-0.1482259501	0.1283017584	0.1881040207	0.0161640137	0.0104974209	-0.0819951086	0.0805673037	-0.1019471363	0.1197884826	-0.0484239319	0.1056291079	-0.1486257177	-0.0487055697	-0.042200395	-0.0737429577	-0.0524474064	-0.0380233639	0.1591786738	0.3735185293	-0.0333452052	0.0507209151	-0.1875554908	0.1852642044	-0.1509775056	0.1614102661	-0.0262859799	-0.0374249728	0.0817582716	0.0266705323	-0.0345552008	0.1027456313	0.0207467107	0.0624098649	-0.15579177	0.1269683592	0.0941501769	-0.0371082794	-0.0257456254	0.3597179239	-0.0379205204	0.1089921098	0.1390927973	0.0389658513	0.1644049028	-0.0448683263	0.155915944	0.1551433414	0.0177209581465689	-0.0051207923587951	0.0003140323576324	2.622251438189528e-05	-0.0113363206599217	-0.0554159139790753	0.0030709235221362	0.0001285121661045	0.1922617334462728	-0.0264957840247462	0.0369645741477656	0.0007020265710859	0.0054307503040794	-0.0002063230492823	4.256920066518757e-08	2.94930488652585e-05	-0.0012102497892794	1.902931844300097e-06	1.464704552450832e-06	3.6211496040513682e-12	-0.0004577163531873	0.0003033729584649	9.203515192774594e-08	2.0950425997508118e-07	0.0	0.0	0.0	0.0	0.0	0.0	0.0	0.0	0.0	0.0	0.0	0.0	0.0	0.0	0.0	0.0	0.0	0.0	0.0	0.0	0.0
826.0752026444311	0.5210327552101717	0.2714751320019026	682400.2404240379	851.2645021148076	-8.123421549007617	724651.2525607712	65.9899776628813	763.7845179071489	-0.5768447774925107	0.3327498973203842	583366.7897946559	761.0565707146676	601.9829243842294	1.551217	22.896254	0.2227052190568648	0.1111858215043452	-0.145147734	-0.1739393852	-0.1248198078	-0.1864662498	0.0817906761	-0.273841336	-0.116829887	-0.0647973457	-0.1880916376	-0.1979156034	-0.0188363765	0.3813484177	-0.0447112967	-0.1812502734	-0.1606362569	0.1511071278	-0.0398333677	-0.2128333657	0.1125948033	0.1520430091	-0.0115013451	0.1215237197	0.0988301122	0.0178733785	0.0030304096	-0.0883926102	0.2333875608	-0.0444120467	-0.1691897135	-0.0400738743	0.0515853756	-0.2167866254	-0.0032080307	0.1149909741	0.1184724436	0.1797721653	-0.1458885794	0.131542176	0.1462680333	0.0330389588	-0.1930002776	-0.2749935759	-0.1272762786	-0.0819305315	0.0909647901	-0.0749189648	0.0842047101	0.1162273941	0.1015695872	0.0061211314	0.1006148794	0.0931199256	-0.1554125201	-0.1308881931	0.1623946244	-0.1429010132	0.0380365633	0.107293185	0.0103221034	0.0331181589	0.1661528494	0.1036402338	0.1855049235	-0.0127622465	0.0440223139	-0.0815814776	0.1536806944	0.1839407045	-0.0078229235	-0.0822052784	0.0324399908	-0.0850935979	0.1270199081	-0.1169517606	0.0875010269	-0.0636963164	0.2417662805	0.1554579513	0.1533170814	0.0005165663226875	-0.0172043918238814	2.668407657348864e-07	0.0002959910980296	0.0579069420487741	0.0692432627086958	0.0047946294305454	0.00335321393744	0.1512052961121952	-0.0410564373340776	0.0228630415723766	0.001685631046567	0.0043639274686728	-0.0010668228354066	1.1381109621449776e-06	1.9043862951836996e-05	-0.0003780108838375	0.0008322389054419	1.4289222829960793e-07	6.926215957311317e-07	-0.000462677156143	-4.960802955700011e-06	2.4609565965281958e-11	2.14070150816574e-07	1.0	0.0	0.0	0.0	0.0	0.0	0.0	0.0	0.0	0.0	0.0	0.0	0.0	0.0	0.0	0.0	0.0	0.0	0.0	0.0	0.0
833.6836094947314	7.608406850300298	57.887854799696505	695028.3607401638	862.6240044145395	11.359502299731956	744120.1729921754	129.03829249761563	766.4459316935761	2.661413786427147	7.083123342584484	587439.3662096339	763.6094295375502	612.3309347769793	1.671788	24.675909	0.1084521663864651	0.050403707074695	0.0450638882	-0.1023332117	-0.0948039733	-0.1619221454	0.0795047111	-0.100512246	0.0634132133	-0.0061525328	-0.1814095893	0.0024113764	-0.1492855603	0.1421198991	0.2136340726	0.0330591729	-0.1932816403	0.1543186016	-0.0537648582	-0.0910406793	0.1779082142	0.0200731065	-0.1244992618	-0.1158736911	-0.0290969845	0.0151980711	0.1401511366	-0.0203803175	-0.0725904178	0.0455123725	-0.0185962832	-0.0631727724	-0.0867122014	0.1640309331	-0.0376085813	0.0002249491	-0.0991350112	0.1545039929	-0.0862779143	0.1024626553	0.2212491664	0.0846071503	-0.0896254441	-0.0146329734	-0.0369763801	0.0592363839	0.0230631045	0.047981281	-0.0012741893	-0.2534971883	0.1388534947	0.0320775634	0.0587086572	-0.0837763665	0.0319971909	-0.0646136394	0.2216729058	-0.015521946	-0.0167370603	0.0117762243	-0.0244184588	-0.1331963015	0.0799466734	0.045078944	0.0041916109	0.100145641	-0.0139608843	0.2659759986	-0.0115552737	0.1391708871	0.0572523957	0.0396387096	-0.089867584	0.1912378846	-0.1696062055	-0.1192005425	0.0889545127	-0.1793273227	-0.0680796348	0.1547718027	0.1505910958	-0.0182401887610694	-0.0187567550837569	0.0003327044860394	0.000351815861272	0.0629674529252071	0.005060510876433	2.5608770330496687e-05	0.0039649001278881	0.1241455183535293	-0.0270597777586658	0.0154121097272664	0.0007322315723483	0.0036500049249243	-0.0007139225437485	5.096853984723293e-07	1.3322535951971645e-05	-3.517150577181383e-05	0.0003428393780656	1.2370348182567334e-09	1.175388391524665e-07	-0.000367936624605	9.474053153799998e-05	8.975768316102769e-09	1.353773597257207e-07	0.0	1.0	0.0	0.0	0.0	0.0	0.0	0.0	0.0	0.0	0.0	0.0	0.0	0.0	0.0	0.0	0.0	0.0	0.0	0.0	0.0
833.3172597747403	-0.3663497199911489	0.1342121173375932	694417.655438482	865.382229432365	2.7582250178254526	748886.4030173303	7.607805248958218	766.8996686619639	0.4537369683878296	0.2058772364817783	588135.10179383	764.0208536349595	632.039259966682	1.500846	22.152767	0.0706105380972949	0.0408590718347757	0.0355647852	0.0945451726	-0.1240866059	0.0731246051	0.231430829	0.0138287475	0.006789061	0.0468186038	0.1818534705	0.1039029099	0.0658026943	0.2206935859	0.0737885145	0.0475156006	0.020639645	-0.001508907	0.116461427	-0.0138754171	0.0991434781	-0.1339074563	-0.0376835792	-0.0403312841	0.0108779442	-0.097282821	0.3709118883	-0.1818473131	-0.0666914666	0.1606271818	0.0468745818	0.0454306807	-0.0302262004	0.2149756916	0.1075310193	-0.060547179	-0.0348831445	-0.0957038989	0.0454833895	-0.0372246231	0.1367702379	0.1308563059	-0.27040728	0.0948009156	-0.0746435974	-0.0332137884	-0.055666275	-0.0597887631	-0.1705313307	-0.2728581354	0.054093789	0.1076512204	-0.1182949564	-0.3119262909	0.0283208201	-0.0763099351	0.2193315826	0.0226252766	-0.0682775463	-0.0831114715	0.1870247904	-0.1941014995	0.0705853904	0.1198733052	-0.0359533931	-0.0240025453	0.0685239025	0.0618307392	-0.1114810013	-0.1168364155	0.0658685374	0.0705162912	-0.1039627279	0.0556215163	0.0417424292	-0.0010902626	-0.1649035937	-0.1122208268	-0.0512667337	0.1538585052	0.1469813818	-0.018369161094867	-0.0001289723337976	0.0003374260793291	1.6633862885200117e-08	0.101776472018912	0.0388090190937049	0.0015061399630155	0.0103584502566163	0.131272031060476	0.0071265127069466	0.0172323461387425	5.078718336227274e-05	0.0038940468568694	0.0002440419319451	5.955646454749685e-08	1.5163600923494454e-05	0.0001977577855263	0.0002329292912981	3.9108141736266075e-08	5.4256054744641563e-08	-0.0003818860806187	-1.394945601369997e-05	1.9458732307815028e-10	1.4583697857031224e-07	0.0	0.0	1.0	0.0	0.0	0.0	0.0	0.0	0.0	0.0	0.0	0.0	0.0	0.0	0.0	0.0	0.0	0.0	0.0	0.0	0.0
833.5417657996251	0.2245060248848176	0.0504029552095823	694791.875332357	864.133238482949	-1.2489909494159974	746726.2538510292	1.5599783917230747	766.5641322862233	-0.3355363757406167	0.1125846594451483	587620.5689077304	764.7438791248562	624.5404294624049	1.507581	22.252184	0.1051155826011517	0.0595678767242448	-0.0093372962	0.1875936798	-0.0226195728	-0.2099377894	0.0533044219	-0.134857089	0.0994433087	0.1249053698	-0.1058996758	-0.0683183224	-0.1303356076	0.2396293919	-0.2424602283	0.0391878336	-0.0001074543	0.2079965968	0.0447832791	-0.1763677028	0.0715895521	0.0603163873	-0.0934687802	0.1205681037	0.1134899051	0.0770282204	-0.0917234114	-0.1858562109	-0.0237813077	0.0108840673	0.0609911642	0.0216075998	0.1340552471	-0.1060803675	-0.1950975514	-0.0169564593	-0.0832136022	-0.0169308578	-0.1190430671	0.0721944408	0.2063337357	-0.0812581066	-0.0744417936	-0.1833012655	-0.0270017452	-0.0241619692	0.1331562675	-0.1536487811	0.1335713982	0.1079026107	0.1059273146	0.0214275695	-0.1297160625	0.0136496546	0.1357599137	-0.1023401457	0.2309148303	0.0375939639	0.0240837385	0.0405163192	0.1270283882	0.0366239339	-0.1463585453	0.0543775516	-0.067587751	-0.0353238018	-0.0424552266	-0.0346238325	0.0529138559	-0.0913213251	-0.1094389047	0.0222235244	-0.2275870256	-0.0778023811	-0.0148922601	-0.027454094	0.0269132461	-0.0869844051	0.0233303127	0.152719399	0.1425091225	-0.0014209655236783	0.0169481955711887	2.0191430194823456e-06	0.0002872413331192	0.0519633092165463	-0.0498131628023657	0.0024813511883749	0.0027001855047344	0.1083960810043436	-0.0228759500561323	0.0117497103771002	0.0005233090909706	0.0040500409379259	0.0001559940810564	2.4334153324661777e-08	1.6402831598875702e-05	0.000127059428097	-7.06983574293e-05	1.6144098268336713e-08	4.998257743201059e-09	-0.0004647591255622	-8.28730449435e-05	6.867941578207371e-09	2.1600104479334083e-07	0.0	0.0	0.0	1.0	0.0	0.0	0.0	0.0	0.0	0.0	0.0	0.0	0.0	0.0	0.0	0.0	0.0	0.0	0.0	0.0	0.0
834.2183889181847	0.6766231185596325	0.4578188445693625	695920.3204092516	866.1508786030953	2.017640120146325	750217.3445049139	4.070871654424077	766.9855074850929	0.4213751988695549	0.1775570582223569	588266.7686921654	764.4488990482424	639.3232685888515	1.413567	20.864513	0.0412298760891731	0.025478188271136	0.0593558589	0.1358871099	0.1868345544	-0.09989292	0.1044715038	0.070847818	0.1091846926	-0.0497753605	0.1156141437	0.1162960758	-0.1321162603	0.1222735574	-0.0726702171	0.0687222692	0.0003635745	0.0352732567	0.0234034586	-0.063019511	-0.0931625152	0.0234847816	-0.0597954746	0.1599363648	-0.3188056312	0.0959602262	0.0553636131	-0.0093848979	0.0655964533	-0.1818194628	-0.0568996484	0.061581743	-0.1306017882	-0.0261483011	0.0705866236	-0.1492051855	-0.0774902652	-0.0080115446	-0.0146045984	-0.0799421269	0.1204018253	-0.1140369123	0.0277164642	0.1144336035	0.2387133597	-0.1886463734	-0.1247691188	-0.0652882394	-0.0648189717	-0.0162139832	0.0378081345	0.0640520473	-0.0676589551	0.0993348798	-0.2390779925	-0.065425276	0.2160259181	0.0682076506	0.041556239	0.1251898352	-0.0405656671	0.0059340959	-0.1429528391	-0.0937301224	-0.0832049804	0.043765155	-0.0546946882	0.0223175801	0.0883369494	-0.0894466009	-0.038795693	0.1863190579	-0.149520566	-0.0418683231	0.0404252957	-0.0059157973	-0.0495404136	0.008425272	0.0070793244	0.1513561561	0.1372005631	-0.0013764791824257	4.448634125260001e-05	1.894694939651324e-06	1.979034558042781e-09	0.0748079146382707	0.0228446054217244	0.0005218759968742	0.0055962240925267	0.0988323310161263	-0.0095637499882172	0.0097678296540811	9.146531383712634e-05	0.004020016026275	-3.002491165089976e-05	9.014953196443359e-10	1.616052885150784e-05	4.920182498602266e-05	-7.785760311097733e-05	2.4208195819552036e-09	6.0618063621864684e-09	-0.0003971009535645	6.76581719977e-05	4.577628238070356e-09	1.5768916732183517e-07	0.0	0.0	0.0	0.0	0.0	0.0	0.0	0.0	0.0	0.0	0.0	0.0	0.0	0.0	0.0	0.0	0.0	0.0	0.0	0.0	0.0
834.0870061537375	-0.131382764447153	0.017261430793776	695701.133834505	864.438707591682	-1.7121710114132611	747254.2791827775	2.931529572323909	767.049421398845	0.0639139137521169	0.004084988371113	588364.8148683029	766.4370406078555	631.7695967116777	1.299796	19.18523	0.0930426055026838	0.054551009929757	0.1576566938	-0.0300966313	0.068962407	-0.2341319699	0.0596554941	0.0537463636	0.1089906863	-0.0424540938	-0.0762560404	0.0389604547	-0.2046731821	0.0787406769	-0.0294668286	0.0714150881	-0.1421700556	0.0960902985	0.0355846283	-0.0602518953	-0.1285261949	0.1088624648	-0.1024917035	0.0954823171	-0.1159636298	-0.0624600802	0.0749460203	0.0416361703	-0.0400919519	0.0680015428	-0.1022641388	0.0290092322	-0.0644160284	-0.0746163899	0.1311034436	-0.0492685625	-0.0957775819	0.1013732122	-0.0709181206	-0.0576698096	0.0640269551	-0.1404290715	0.1066311536	-0.0619104217	0.090668991	-0.1112778804	-0.1191631579	-0.135580212	-0.0786096513	-0.152675358	-0.0307009399	0.0771156498	-0.0510458596	-0.0116880276	-0.0036352955	-0.0266163553	0.2876369905	0.0420171925	0.0258698659	0.1495758466	-0.0901760849	0.0320233434	-0.1142613873	-0.0098751027	-0.0605732001	0.0835180467	-0.04553451	0.0600735877	-0.0665765227	0.0155197838	0.1641156113	0.0273743962	-0.2523898315	0.0145161972	-0.0684650026	0.1185011672	0.0455792435	0.1424408201	-0.0617100991	0.1497707771	0.1310868562	-0.0017672061247253	-0.0003907269422996	3.123017487266613e-06	1.5266754343879497e-07	0.0905071374446322	0.0156992228063614	0.0002464655967237	0.0081915419284215	0.0595207672063224	-0.0393115638098039	0.0035427217288292	0.0015453990491722	0.0038836478294824	-0.0001363681967926	1.8596285096465282e-08	1.5082720463443356e-05	0.0005960968290976	0.0005468950041115	3.553314296602133e-07	2.990941455222022e-07	-0.0004666595915447	-6.955863798020003e-05	4.838404117660526e-09	2.1777117438066626e-07	0.0	0.0	0.0	0.0	0.0	0.0	0.0	0.0	0.0	0.0	0.0	0.0	0.0	0.0	0.0	0.0	0.0	0.0	0.0	0.0	0.0
833.6698995593192	-0.4171065944183283	0.1739779111072558	695005.5014312454	869.8003714353043	5.361663843622296	756552.6861489933	28.747439172006608	767.0808934091732	0.0314720103282297	0.0009904874341002	588413.0970334153	765.5940957247511	635.9612383281483	1.819513	26.856361	0.518811276637508	0.2921400248125449	0.1890280271	-0.0101140695	0.0690309096	0.1028961835	0.0424331672	0.1875124172	0.1226758918	-0.1266056031	0.1401268685	0.0066261809	0.0667814339	-0.1260482244	0.060445883	0.0716151786	-0.0191163557	-0.0519556418	-0.0269824291	0.1932958969	-0.0232302872	-0.2002300228	0.0650863284	-0.0695186401	-0.189785221	-0.0334498284	-0.0160055582	0.0010820753	0.0190091714	-0.2656938051	-0.2754861561	-0.1008669318	0.1530308379	0.0300338487	-0.1332328418	-0.1672698829	-0.0654186456	0.0099061837	-0.0087492265	-0.0766078959	-0.0846768188	0.1257641771	0.081910345	0.2404417833	0.0508175883	-0.0332977556	-0.0124660937	-0.0169508362	-0.1711290607	0.0200984788	-0.1075620111	-0.2042466694	-0.1603262886	0.1013842157	-0.1365328427	0.0376671278	-0.1654077607	0.2251059398	-0.0412714145	-0.0773320294	-0.2389121804	-0.2079787348	0.1052399622	-0.1171931126	-0.087745432	0.0141029455	0.1543312718	-0.2145121483	0.1306452381	-0.2107011558	-0.0273631384	0.1924057074	-0.1091993415	0.0677045343	0.1870136109	0.0865161284	0.1972218487	-0.1944143724	-0.2879933589	0.1479655889	0.1242038795	-0.0076662698461689	-0.0058990637214436	5.877169335427852e-05	3.4798952789652014e-05	-0.0101623287331307	-0.1006694661777629	0.0101343414205157	0.0001032729252802	0.1839978898310477	0.1244771226247253	0.0338552234622783	0.0154945540569308	-0.0004150101763661	-0.0042986580058485	1.84784606512454e-05	1.7223344648742146e-07	-0.0004419897547718	-0.0010380865838694	1.9535494332323595e-07	1.077623755609641e-06	-4.8091698991074085e-05	0.0004185678925536	1.751990806767838e-07	2.312811511848076e-09	0.0	0.0	0.0	0.0	1.0	0.0	0.0	0.0	0.0	0.0	0.0	0.0	0.0	0.0	0.0	0.0	0.0	0.0	0.0	0.0	0.0
831.6125887655955	-2.0573107937236728	4.232527701971929	691579.4977934156	866.231167243806	-3.569204191498329	750356.4351045666	12.739218560609242	766.5342135903062	-0.5466798188670055	0.2988588243564619	587574.7006045092	765.1371191588639	633.203332248856	1.374093	20.281872	0.1241874194153959	0.0719603449298759	0.1249152676	-0.0602132028	-0.1111518666	0.1941334347	-0.0038727408	0.1584753363	0.0763604418	-0.1236681985	0.0732449095	-0.1092412258	0.1090647161	-0.1770057803	0.0098564811	-0.0101062939	0.0756390075	-0.0324834779	-0.0226352501	0.2786770003	-0.0140344729	-0.1611399495	0.1060956585	0.0171178688	-0.0571537274	0.2044383588	-0.1576945821	-0.1244091559	-0.1220213517	0.1853657785	0.0167547529	-0.0277064756	0.355914652	-0.1241934558	0.0109104823	-0.0796462807	0.0042369081	0.0202594668	-0.0872186368	-0.0024060738	-0.1732317098	0.1720096959	0.0286469392	0.104710391	0.0375557316	0.0106000875	0.1667414381	-0.1706706703	-0.197999771	0.2967984637	-0.0093430332	-0.2052932506	-0.0053792401	0.0216035409	0.1636975601	0.0800175045	-0.2737025825	0.2418228384	-0.0537214111	0.0252547524	-0.1634067271	-0.1816832291	0.190917464	0.0354553054	0.0037616834	-0.1686470851	0.1792160548	-0.1188935775	0.2182581531	-0.0695233124	-0.0662251169	0.1560577154	0.0412042915	-0.0978704234	0.0421658311	-0.10732318	0.0046237596	0.2368714855	-0.1124066116	0.1459432408	0.1165920251	-0.0087336976085197	-0.0010674277623508	7.627747391706273e-05	1.1394020278372371e-06	0.0324912359728415	0.0426535647059722	0.0018193265821265	0.0010556804150428	0.1635415685041152	-0.0204563213269325	0.0267458446287862	0.0004184610822307	-0.0014049868156123	-0.0009899766392461	9.800537462532005e-07	1.973987952044391e-06	-0.0005700239312544	-0.0001280341764825	3.2492728220272095e-07	1.6392750347577558e-08	3.40995976829345e-05	8.219129667400859e-05	6.755409248954895e-09	1.162782562137992e-09	0.0	0.0	0.0	0.0	0.0	0.0	0.0	0.0	0.0	0.0	0.0	0.0	0.0	0.0	0.0	0.0	0.0	0.0	0.0	0.0	0.0
831.114982949433	-0.4976058161624905	0.2476115482787383	690752.1148830364	866.9997680108279	0.7686007670218942	751688.5977308294	0.590747139066644	766.143063981012	-0.3911496092941888	0.1529980168509966	586975.194486213	763.8564497907998	633.9204638004303	1.472652	21.736622	0.1944345825142056	0.1122069030087715	0.0546112764	-0.0742834215	-0.0607541886	0.2465226475	0.0897237138	0.0922759374	0.0095838693	-0.1502386499	0.0696729763	-0.0825306526	0.1993966784	-0.0908411227	-0.0643585766	-0.0471118726	-0.044470984	-0.1161375174	-0.0585183075	0.2128243183	0.0609788174	-0.256674501	-0.1468948603	-0.076632597	-0.012143984	-0.053028902	0.1061883311	-0.1147143422	-0.0944700914	0.0037152081	-0.0307176751	-0.0183651599	-0.0924372389	-0.2914689419	-0.0195029364	0.1938158433	0.0733619866	0.0586163342	0.0559722327	-0.0189056062	-0.1434009873	0.187910334	-0.0625188741	0.263833648	-0.1517285846	-0.1190409515	0.1147625706	-0.0823529673	-0.1583181427	0.0005122218	-0.1122118736	0.1598531619	0.0532657543	0.219718324	0.2359340852	0.0699276177	-0.0796683248	0.115191329	0.008170755	0.0310366637	-0.0210738703	-0.1034858996	0.1477275468	0.0861769351	-0.0746918177	-0.0425745857	0.0207078912	0.0412106682	-0.0357769183	-0.0945004341	0.0244080835	0.0121750367	0.1208549986	-0.0044837106	-0.1962990347	0.2349069121	0.0803088581	0.2722498602	0.3773587551	0.1437067008	0.1082959623	-0.0074236379834644	0.0013100596250553	5.511040090953538e-05	1.7162562212000348e-06	0.0133297395066875	-0.019161496466154	0.0003671629468224	0.0001776819553161	0.1256332557275925	-0.0379083127765226	0.0157837149447146	0.0014370401775626	0.0001730176913671	0.0015780045069794	2.490098224047299e-06	2.9935121526001066e-08	7.495986036953894e-05	0.0006449837916239	5.618980666620775e-09	4.160040914575927e-07	-0.0004640063766432	-0.0004981059743261	2.481095616593878e-07	2.153019175655512e-07	0.0	0.0	0.0	0.0	0.0	0.0	0.0	0.0	0.0	0.0	0.0	0.0	0.0	0.0	0.0	0.0	0.0	0.0	0.0	0.0	0.0
829.6897549713037	-1.4252279781293282	2.031274789642613	688385.0895043421	869.0642279820727	2.064459971244787	755272.632358076	4.261994972872027	765.8882990957096	-0.2547648853023929	0.0649051467831414	586584.8866917192	765.0523418967981	627.1868489174282	1.37653	20.31785	0.0553987646644292	0.0327999968740251	-0.0359418644	0.0112650573	-0.1757527451	0.1453339074	-0.080381087	0.0383185424	0.0095313016	0.0145380972	0.0649689483	-0.1070531235	0.1962817799	-0.0252175739	-0.0188032106	-0.0716783808	-0.0360643896	-0.07865957	-0.0718968942	0.0880276435	0.1318662609	-0.1059835257	-0.0292703993	0.0234196797	0.1233250394	0.0149018736	0.0168620445	0.1448232877	0.0256749874	0.005463512	-0.0128591604	0.2654075303	0.3586028594	0.0100775185	0.2104518963	0.1005584438	0.0629754692	0.0239652855	0.0500053635	0.1138654736	-0.0076068873	0.1517447549	-0.0642394951	0.0269798919	-0.1112312153	-0.0181542161	-0.0206817077	-0.0925092012	0.140904925	0.1269633381	-0.1521634424	-0.3282936532	-0.1293949599	-0.1002770613	0.1539695033	0.0736431647	-0.113348982	0.0873898788	-0.0028580575	-0.0337516383	0.0991372954	-0.0792120529	0.2248198659	0.0807460806	-0.0196957246	-0.0834120396	0.0073263183	0.0296921587	-0.0042329511	0.0195968371	0.0672643571	-0.2840398851	-0.0982568705	0.0295536039	-0.0301637552	-0.1119114378	-0.1055218446	-0.193051957	0.0832930283	0.1412592515	0.0993643757	-0.0074627796391979	-3.9141655733499967e-05	5.569307994322673e-05	1.5320692135598306e-09	0.0184104612326905	0.0050807217260029	2.581373325707889e-05	0.0003389450828003	0.1255973764449578	-3.587928263470985e-05	0.0157747009698564	1.287322922381392e-09	0.0006130747905249	0.0004400570991578	1.9365025051917786e-07	3.7586069877715e-07	0.0004849052362514	0.0004099453758818	2.351330881440261e-07	1.6805521120692038e-07	-0.0003091484116817	0.0001548579649615	2.398098931201717e-08	9.557274044531787e-08	0.0	0.0	0.0	0.0	0.0	0.0	0.0	0.0	0.0	0.0	0.0	0.0	0.0	0.0	0.0	0.0	0.0	0.0	0.0	0.0	0.0
831.4106865692503	1.72093159794656	2.9616055648109008	691243.7297415521	864.101066210412	-4.96316177166068	746670.6526259708	24.63297477167398	766.929615500747	1.041316405037378	1.0843398553999686	588181.0351321236	766.0696087718137	627.7500451592838	1.414355	20.876146	0.0815540771421036	0.037718753120738	0.0696515897	-0.1070406168	-0.0581085025	0.0465698821	-0.0443750562	-0.0475632888	0.0159424334	-0.0386009887	-0.0564417967	-0.0703000193	-0.0121448469	-0.0450774715	-0.0648028777	0.0179881745	-0.0235816873	0.0440644196	-0.0154203005	0.1474955015	-0.1504527884	0.018434165	0.0484135403	0.0111408345	0.2402583813	-0.0769967337	-0.0964619544	0.0399318733	-0.0667460348	-0.0050859737	-0.1247675713	0.068742455	0.0045592055	0.1135550041	0.1640465468	0.01251195	-0.030196622	0.0410172152	-0.0896223435	-0.0331035728	-0.1624740078	0.0020123722	0.0905889852	-0.0616532715	-0.0981046704	0.1245765144	-0.0439958985	-0.0378579845	0.0718917533	0.1597585707	-0.1537074732	0.0449735556	0.1286481819	-0.1005957949	0.0261810225	0.0658415704	-0.11738596	0.0608626369	-0.0094147063	-0.0441231775	-0.041464213	0.0882997809	-0.0366438262	0.0706603828	-0.063427376	-0.0214818387	0.0090970083	-0.0498142547	-0.0949119914	0.1781374115	0.1134928398	-0.0071216231	0.0172577458	0.1320672586	-0.0403785301	-0.0986640383	0.0658017656	0.0371130259	0.1936766903	0.1386044847	0.0898496795	-0.0121840873200369	-0.004721307680839	0.0001484519838222	2.2290746217149336e-05	0.0183225981482451	-8.786308444539911e-05	7.719921608259336e-09	0.000335717602902	0.0999955764412305	-0.0256018000037273	0.0099991153078139	0.0006554521634308	0.0001700140823547	-0.0004430607081702	1.9630279112427918e-07	2.890478819891072e-08	5.996055593016081e-05	-0.0004249446803212	3.595268267453942e-09	1.8057798133332017e-07	-0.0004640051506521	-0.0001548567389704	2.39806096045466e-08	2.15300779831678e-07	0.0	0.0	0.0	0.0	0.0	0.0	0.0	0.0	0.0	0.0	0.0	0.0	0.0	0.0	0.0	0.0	0.0	0.0	0.0	0.0	0.0
830.2914693930138	-1.119217176236475	1.252647087582749	689383.92414681	865.4492400466212	1.3481738362091846	749002.3870972742	1.8175726926389892	767.2441987801861	0.3145832794391481	0.0989626397026891	588663.6605618498	764.8596991312033	626.0105120364358	1.154928	17.046959	0.0631838791229198	0.0354639850485488	0.0575037347	-0.1030248956	-0.1094490669	0.2498726356	0.0184537086	-0.0523982062	0.026400335	-0.1902310797	0.0190318232	-0.1760091415	0.187147114	-0.1098604894	0.0751610169	-0.000118782	0.0344119317	-0.0211852042	-0.0790776656	0.1163661423	-0.1947453026	0.0199209088	0.0034736512	-0.0650121539	0.175823446	-0.0401839674	0.001015862	-0.027142266	0.0164746463	-0.0281547606	0.0911813917	-0.0806193816	-0.0309182693	0.0220679046	-0.0374980999	0.1741983434	0.0101239878	0.0643372101	-0.0585566281	-0.0252843299	-0.2988178082	-0.0530669886	-0.1208860736	0.0407693831	-0.1154960953	0.0572802265	0.0173391516	0.0598790302	0.0611884435	0.0201352707	0.0600564194	0.0165632116	0.0205728548	0.0736738418	-0.0481001517	0.1153130849	-0.1100323912	0.0358959644	0.0312214916	-0.0326433689	0.0283617031	0.0676423294	0.0344557464	0.1857646409	-0.0952684094	-0.0724501708	0.0874831457	-0.0166820418	-0.1181277545	0.0866695508	-0.0336483454	0.0545849864	0.1800436041	-0.0066591541	-0.046971953	0.0277473248	-0.1227871246	-0.0043769555	0.1915654988	0.1357462967	0.0798077096	-0.0074457819572018	0.0047383053628351	5.543966895419187e-05	2.2451537711471864e-05	0.0315171417927757	0.0131945436445305	0.0001740959819874	0.0009933302267859	0.0839895638132333	-0.0160060126279971	0.0070542468295371	0.0002561924402476	0.0001570901662831	-1.2923916071600004e-05	1.6702760662576088e-10	2.4677320342852013e-08	0.0005169722533659	0.0004570116974357	2.672603107502163e-07	2.088596915930956e-07	-0.0003490404144083	0.0001149647362437	1.3216890579606496e-08	1.218292108903178e-07	0.0	0.0	0.0	0.0	0.0	0.0	0.0	0.0	0.0	0.0	0.0	0.0	0.0	0.0	0.0	0.0	0.0	0.0	0.0	0.0	0.0
830.6469890022756	0.3555196092618189	0.1263941925696764	689974.4203385466	869.3572789880614	3.908038941440168	755782.0785295259	15.27276836781279	767.3952972715264	0.1510984913402353	0.0228307540852951	588895.5422744544	767.6468509442014	628.4146645559985	1.389118	20.503641	0.0475344679761092	0.0229955811572	0.1158725351	-0.1377161922	-0.0269900633	-0.0614410349	-0.1963155877	-0.0369116923	0.0141612754	0.018377734	-0.1408377906	0.0322133618	0.0224880987	-0.2262713235	0.2150507198	0.0558637483	-0.0239429722	-0.0392304224	-0.0715910391	0.0437744803	-0.2235543551	0.1123856014	-0.1314148731	-0.1406395555	-0.0296587823	-0.0104704419	-0.080647511	0.2191984407	0.0887232982	-0.1232332838	-0.043001272	-0.1052667149	0.0376296775	0.032640812	-0.0096869905	0.0673053783	-0.0574414337	0.0898563728	-0.0110229855	-0.0301334999	-0.2143023694	-0.1726763984	0.1546654152	-0.0807864822	-0.0435429613	0.0898925028	-0.0938855756	0.0009306733	0.0924673114	-0.191397812	0.0847191947	-0.2280855062	-0.0245250041	0.0990161657	0.003977937	0.1312528134	-0.0744856852	0.0387085971	-0.0002743485	0.0940650128	-0.0996232317	0.1772669674	-0.0845582621	0.0472596773	-0.1255111356	0.0718763694	-0.0210969565	-0.0768503936	-0.0479645316	0.1485538583	0.0390751544	-0.0549956416	0.0957659427	0.0273108721	-0.161034804	-0.0534894404	-0.0576617489	-0.0944489466	-0.0708906652	0.1326888823	0.0692973963	0.0089285300754937	0.0163743120326955	7.971864930899554e-05	0.000268118094544	0.0379424557815184	0.0064253139887427	4.128465985393264e-05	0.0014396299507324	0.069656423482769	-0.0143331403304643	0.0048520173324108	0.0002054389117327	9.55630516894662e-05	-6.15271145936338e-05	3.7855858302181455e-09	9.13229684820359e-09	0.0004189857260581	-9.798652730779996e-05	1.7554903864043326e-07	9.601359533842229e-09	-0.0003005200238256	4.85203905827e-05	2.354228302297763e-09	9.031228472013921e-08	0.0	0.0	0.0	0.0	0.0	0.0	0.0	0.0	0.0	0.0	0.0	0.0	0.0	0.0	0.0	0.0	0.0	0.0	0.0	0.0	0.0
832.2514881367255	1.6044991344498385	2.574417472450281	692642.5395057941	869.2749335181634	-0.082345469897973	755638.9100430073	0.0067807764127179	768.1117939727985	0.716496701272149	0.5133675229338712	589995.7280401109	766.230064351378	633.2752658970215	1.301257	19.206793	0.0465368207253841	0.0236799550289749	0.0541510519	0.019404213	0.0723246971	0.0486536161	-0.1602406686	-0.0415419113	0.0302675631	-0.0062866472	0.0324177609	0.0929808334	-0.0214916331	-0.1615327833	0.1022775908	0.115982404	0.0955552015	-0.0697106822	-0.0973061652	0.0504762946	-0.2444182165	-0.0401118962	0.1254311691	0.0548325815	-0.0676368239	0.1747730898	0.0530567315	0.0392356089	0.1040172603	-0.164278621	0.185764303	0.0504528532	0.0688027673	0.0994019336	-0.0632408141	0.1865225241	-0.0725851605	-0.0231535293	0.035676765	-0.0211176962	-0.2170770849	-0.1818464019	-0.0172054332	0.1490980137	0.1505150493	-0.0294313395	-0.0217784333	0.1319425252	0.0424324028	0.1446322266	0.1528789442	-0.0335920771	0.049902685	0.0147010507	0.0192643558	0.1386731795	-0.0751107942	0.0407600163	0.0124759227	0.0864563944	0.0456725527	0.1482319897	-0.1678393872	-0.0221509093	-0.1149616527	-0.0101099194	0.0458422025	-0.0544519851	-0.0133874342	-0.0381878676	-0.0333386967	-0.0304669855	0.0623749865	0.0252381669	-0.0801449185	-0.0857749197	-0.0040062184	0.0086966066	0.0494213823	0.1294367287	0.0583804184	0.0088329132884013	-9.56167870923997e-05	7.802035716041627e-05	9.142569973873292e-09	0.0578134724144092	0.0198710166328908	0.0003948573020246	0.0033423975926116	0.0645571642258175	-0.0050992592569514	0.0041676274528791	2.600244496960553e-05	1.363989380927656e-05	-8.192315788018964e-05	6.711403797062478e-09	1.86046703128341e-10	0.0006029968525353	0.0001840111264772	3.6360520416747846e-07	3.38600946674081e-08	-0.0004640043004372	-0.0001634842766115	2.6727108699218137e-08	2.1529999082421533e-07	0.0	0.0	0.0	0.0	0.0	0.0	0.0	0.0	0.0	0.0	0.0	0.0	0.0	0.0	0.0	0.0	0.0	0.0	0.0	0.0	0.0
832.747333134611	0.4958449978855697	0.2458622619281406	693468.1208428069	871.1428352507535	1.8679017325900984	758889.8394087214	3.489056882613092	768.5750731916617	0.4632792188631356	0.2146276346304371	590707.6431315681	766.4434411568983	627.2662032772513	1.143268	16.874853	0.0455055751934184	0.0221605152611541	0.0134366291	0.1759646237	0.07728578	0.005961855	-0.1687692637	-0.2019304276	0.0060127619	0.1640333067	0.0407993852	0.215931127	0.0120557289	-0.0796836691	0.0749546819	0.1274775769	0.1182202346	-0.0785317075	-0.0178364993	-0.0454972327	-0.1309772212	-0.0056544982	0.089992735	0.1236025785	-0.1202195789	-0.0242564616	-0.0214019391	0.2769975786	0.0893216984	0.0486281831	-0.0417558986	0.080039845	0.0861893876	-0.0773486738	-0.1067020867	0.0846896211	-0.0982156275	-0.1062175207	0.0887973959	0.0054427206	-0.0793784429	-0.169549101	0.0163214151	0.0023860028	0.0580417877	0.1685368006	-0.1465081658	0.0180238763	0.0203641158	0.0133518905	0.2028994398	-0.2536968383	-0.0418300384	0.0321076557	-0.0217566409	0.1131473604	-0.0729492134	0.0381458233	0.0364850445	0.0634673935	0.0947872394	0.1374852593	-0.1933662456	-0.0381762975	-0.1335707941	0.0253787124	-0.0575757978	0.0253275793	0.0515246368	-0.0268030467	-0.1280465883	0.0294795799	0.041495965	-0.0018414823	-0.1239025257	-0.134925913	-0.0102011601	-0.0955662414	0.0462448079	0.1259946088	0.0471208409	0.0062788692184909	-0.0025540440699104	3.942419866291253e-05	6.523141111044483e-06	0.0456517189534224	-0.0121617534609868	0.0001479082472458	0.0020840794434022	0.0643841816247174	-0.0001729826011001	0.0041453228434845	2.992298028335712e-08	0.0002681110921882	0.0002544711983789	6.475559080440541e-08	7.18835577543495e-08	0.0007809618723286	0.0001779650197933	6.099014460309925e-07	3.1671548270029665e-08	-0.000284104617381	0.0001798996830562	3.236389596372121e-08	8.07154336172044e-08	0.0	0.0	0.0	0.0	0.0	0.0	0.0	0.0	0.0	0.0	0.0	0.0	0.0	0.0	0.0	0.0	0.0	0.0	0.0	0.0	0.0
832.6748712663641	-0.0724618682469326	0.0052507223498358	693347.441238456	871.7618116669307	0.6189764161772473	759968.6562808092	0.3831318037836289	767.7614456075706	-0.813627584091023	0.6619898455937947	589457.6373614266	767.0205168668082	636.6078470664866	1.035253	15.280534	0.0478055273531555	0.0254386218975199	-3.79884e-05	0.2193657984	0.0005142108	0.0888966138	-0.1484212585	0.00076767	-0.0328709307	0.1217118177	0.0847163072	0.0908555182	0.0460970196	-0.1316078286	-0.0394315322	0.0738436701	0.1583739771	-0.1106583171	-0.1666294548	-0.1181245059	-0.0990023354	0.021029323	0.1487248159	-0.0066332487	-0.0164027802	0.0528588561	-0.0737884731	-0.0278842979	-0.0265191244	0.0236503244	0.0998239479	0.0621164295	-0.2045919163	0.0260414642	0.2893703784	0.1439943807	-0.0499773069	-0.1114508839	0.1230090076	0.1124005417	-0.1400201741	-0.2225144938	-0.049012775	0.026101932	0.113263646	-0.0728330046	-0.0481477694	0.1413456781	-0.0151984692	0.0896541409	-0.0855775129	0.0970833105	-0.0305668113	-0.0103333703	-0.0357356739	0.1381564026	-0.0745985269	0.0567689644	0.0385479808	0.118279215	0.1689894254	0.1216403392	-0.158874892	-0.0315387358	-0.078473075	-0.020213283	-0.0731201375	-0.0210912343	0.0110429235	-0.0506718137	-0.1790969979	0.0256314877	0.111219633	-0.0221925472	-0.1085260766	0.022259605	-0.0055715698	-0.0615768954	-0.0399971272	0.1223675745	0.0355847396	0.0088706362302417	0.0025917670117508	7.868818712927668e-05	6.717256243199672e-06	0.0402508083434014	-0.005400910610021	2.916983541743742e-05	0.0016201275722972	0.0468078298031287	-0.0175763518215887	0.0021909729308786	0.0003089281433562	-0.0001434023985744	-0.0004115134907626	1.6934335307962048e-07	2.0564247916891084e-08	0.0007810180000626	5.6127733999932455e-08	6.099891164217834e-07	3.150322523967173e-15	-0.0002509442776817	3.3160339699299954e-05	1.0996081289729687e-09	6.297303050119017e-08	0.0	0.0	0.0	0.0	0.0	0.0	0.0	0.0	0.0	0.0	0.0	0.0	0.0	0.0	0.0	0.0	0.0	0.0	0.0	0.0	0.0
833.8841077239681	1.209236457603993	1.4622528103986527	695362.7051145984	871.6743361365716	-0.0874755303591428	759816.1482791328	0.0076519684116133	768.2189331559946	0.4574875484239555	0.209294856962961	590160.3292593345	767.8488510604093	636.8662411763388	1.298279	19.16284	0.0743183454076108	0.0314953125564799	0.0277421518	0.1252403175	-0.0724155665	-0.0207375752	-0.1455965027	0.0935892943	0.0266754152	0.1498765361	-0.0913744916	0.0281866412	0.0684461813	-0.1042543401	0.009078764	0.0774691191	0.028160029	0.0192586976	0.0310231809	-0.1430089867	0.0440718767	0.0549131841	-0.1083459569	-0.184054435	0.0603329328	-0.2524346506	-0.2362333605	-0.0416504707	-0.1366400629	-0.1303533127	0.1560532148	-0.1794746964	0.0723362021	0.1335730788	-0.015673359	0.0693747261	-0.0934674875	-0.0623715521	0.0363585935	0.0532864923	0.0540021875	-0.1212055515	0.1468293041	-0.0981248747	-0.1928507162	0.1605993556	0.0030842213	0.0509254653	0.0316308224	-0.1306966969	-0.1272434349	0.1409846558	-0.2039899949	0.1728649008	-0.0007816426	0.1187273322	-0.0554257752	0.0304083667	-0.1517299197	-0.0656725768	0.1063278316	0.0716178637	-0.0171881199	0.0147165494	0.0351330864	0.3317134728	-0.3206336096	0.1200076384	-0.0412813492	-0.252134243	0.1466328149	-0.0804638255	0.210721118	-0.0572291459	0.129767563	0.4172048962	-0.0184764722	0.0154321687	-0.1802283914	0.1185609488	0.023839813	-0.0072823208737418	-0.0161529571039835	5.303219730813554e-05	0.0002609180232031	0.0546783846542098	0.0144275763108084	0.0002081549582041	0.0029897257483937	0.0606366362166426	0.0138288064135139	0.0036768016516694	0.0001912358868224	-0.0003729372845798	-0.0002295348860053	5.268626389351196e-08	1.3908221822975472e-07	0.0010220283714654	0.0002410103714028	1.0445419920802176e-06	5.8085999123715625e-08	-0.0001233094235038	0.0001276348541779	1.6290656001013802e-08	1.5205213924839506e-08	0.0	0.0	0.0	0.0	0.0	0.0	0.0	0.0	0.0	0.0	0.0	0.0	0.0	0.0	0.0	0.0	0.0	0.0	0.0	0.0	0.0
834.6865704872366	0.8024627632685224	0.6439464864325526	696701.6709517447	868.8000385713893	-2.874297565182246	754813.5070216476	8.261586493212588	769.0508792700357	0.8319461140411022	0.6921343366680907	591439.254906015	767.6311979833255	634.7695411513834	1.326739	19.58292	0.0709310538753809	0.0373332813992627	0.1182802786	0.0406656705	-0.0721906488	-0.0251670272	-0.0660295285	0.0022428608	0.118411303	-0.0013855738	0.0164181211	0.082228627	-0.0627724624	-0.0222225383	0.052248377	0.1752672613	0.0562459828	-0.0417327181	0.1017181532	-0.0772543175	-0.023756033	-0.1837632108	-0.102081535	-0.1036495037	0.0183011536	-0.1912247558	-0.0432541428	-0.0509897011	-0.0524431218	-0.1006375413	0.1260339178	0.0675602643	0.0485873217	-0.2499178386	-0.0022337576	-0.2015027404	-0.1358736332	-0.067829373	0.0698505906	-0.0992058577	-0.006991998	-0.1007810243	-0.002948415	0.1425915907	-0.1639875384	0.0455358209	0.0333867065	-0.0145855038	-0.0245126834	0.011670403	-0.1750025134	0.1570615367	-0.0624965341	0.1256925502	0.0350790786	0.0872188146	-0.0565638019	0.050792021	-0.0727911379	-0.1777744751	0.1117263462	-0.0566572763	-0.1063808185	0.1530406364	-0.0797847446	0.0727871007	-0.0073937203	-0.0295218228	-0.0929237433	-0.0463585395	0.3609433737	-0.0739159816	-0.0569298803	-0.1233069176	0.0146434806	-0.0352340592	-0.0482405901	0.0625348638	-0.0067042434	0.1145803187	0.0119549848	-0.0086837098798611	-0.0014013890061192	7.540681727759729e-05	1.963891146472039e-06	0.0383470970391783	-0.0163312876150314	0.0002667109551648	0.0014704998513321	0.0469061574159042	-0.0137304788007384	0.0022001876035255	0.0001885260480975	-1.828473969616508e-05	0.0003546525448836	1.2577842759243868e-07	3.3433170575651506e-10	0.0009280048786957	-9.402349276969998e-05	8.61193054883021e-07	8.840417192613824e-09	-0.0004639913549203	-0.0003406819314165	1.160641783936768e-07	2.152879774407758e-07	0.0	0.0	0.0	0.0	0.0	0.0	0.0	0.0	0.0	0.0	0.0	0.0	0.0	0.0	0.0	0.0	0.0	0.0	0.0	0.0	0.0
834.1845587461098	-0.5020117411268075	0.2520157882291687	695863.878050442	859.9572800389979	-8.842758532391485	739526.5234920714	78.19437846218241	769.4202776776244	0.3693984075887329	0.1364551835290916	592007.5637015126	765.8967976768599	628.2037684514243	1.760449	25.984564	0.130017720220181	0.0746307436199572	0.1311790441	0.1154923257	-0.1265686301	0.1326926225	0.0485402434	-0.1261721777	0.0565107836	0.0207637511	-0.0217795031	0.0953817439	0.3222377946	0.1797866003	0.0709566682	0.1338239075	-0.0113276263	-0.2827782938	-0.2714104419	0.1345602306	0.1834889264	0.1647368978	-0.0834965725	0.314605085	0.2379745989	0.0259034945	0.0769033438	-0.030023841	0.2124740959	0.0857959715	-0.021612655	-0.2044037234	-0.1059810825	0.0746381451	-0.1194525552	-0.1828649309	-0.1433738104	0.0258254504	0.2663882374	0.1801920157	-0.2372949415	0.3079568098	-0.1495854004	-0.1025499751	0.1030171774	-0.0169781445	-0.1079867932	-0.1042222754	0.2992512948	-0.0006459481	0.2738625629	0.1223277151	0.0166268544	-0.0466929917	-0.1811496405	0.1644864904	-0.0364620315	0.1163829256	0.0059625312	0.092961431	0.0245755535	-0.0506970596	0.0576032779	-0.0232999047	0.336879423	-0.230288315	-0.1153872255	0.163512903	-0.0365621628	0.3022012493	-0.2748890699	-0.3397910142	-0.3306220771	-0.1322857708	0.0627723282	0.2772191154	0.1307044414	0.0985024603	-0.1569343112	0.1104315261	-0.0	-0.0088804645110656	-0.0001967546312045	7.88626499322956e-05	3.871238490041901e-08	0.0337775464109597	-0.0045695506282186	2.0880792943853007e-05	0.0011409226415445	-0.0159785377339289	-0.0628846951498331	0.0002553136681145	0.0039544848840874	0.0002600066329849	0.000278291372681	7.744608810871147e-08	6.760344919614452e-08	3.29492834074685e-05	-0.0008950555952882	1.085655277065679e-09	8.011245186567705e-07	-0.0003900039266711	7.398742824920001e-05	5.474139538930521e-09	1.5210306281887673e-07	0.0	0.0	0.0	0.0	0.0	1.0	0.0	0.0	0.0	0.0	0.0	0.0	0.0	0.0	0.0	0.0	0.0	0.0	0.0	0.0	0.0
832.9446252556913	-1.2399334904184798	1.5374350606613545	693796.7487423441	873.3721090405193	13.414829001521412	762778.8408498847	179.95763714005994	768.0762091125084	-1.3440685651160038	1.8065203077329932	589941.0630046418	768.151264642575	650.9091873098822	1.674109	24.710169	0.1293462670084001	0.0773477311232669	0.1264242402	-0.0361069159	0.1044057529	0.1848104281	-0.1486819903	0.0785724736	0.0159624798	0.096145674	-0.0265591956	0.1462844182	0.1984880745	-0.1080382074	-0.014592356	0.0491016559	-0.0914228434	-0.2154413083	-0.0832795953	-0.0255879512	0.0584922164	0.0624279276	-0.1275719686	-0.0394094066	0.0689388081	-0.1037388428	-0.186722781	0.0220482071	0.1077524956	0.0887598271	-0.0191037964	0.1133148482	-0.0681259735	0.0501598612	0.1755061797	-0.1521502344	-0.0502273758	0.03506543	0.2527296825	0.0493731265	-0.0262054917	0.0618016788	0.2517347054	-0.1212229168	-0.0399494282	0.1712204299	0.0750154074	-0.134034326	0.1107517598	-0.0131403713	-0.1860816251	0.0814494417	0.0021951122	-0.1949644119	-0.116675684	0.2112940858	-0.0726346775	-0.0353832378	0.0028388019	-0.0220480331	-0.0940183618	0.0142636971	-0.0697401251	-0.2187756503	0.3032929554	0.099598565	0.0401261068	0.1581369989	-0.2087699671	0.007427601	0.0346231642	0.0589569374	0.0890269565	0.0546524328	0.2490491708	-0.1613761574	0.016506664	0.02316286	0.0352439675	0.10612066	-0.0119549848	-0.0067815475197647	0.0020989169913009	4.598938676282675e-05	4.405452536371626e-06	0.0815997257502374	0.0478221793392776	0.002286960836758	0.0066585152425139	0.010003470174368	0.0259820079082969	0.0001000694155294	0.0006750647349468	-0.0006040222040094	-0.0008640288369943	7.465458311577227e-07	3.648428229363733e-07	-9.785946901752496e-05	-0.0001308087524249	9.576475676391926e-09	1.711092971098323e-08	-0.0004640295926423	-7.402566597120003e-05	5.4797992224796835e-09	2.153234628477789e-07	0.0	0.0	0.0	0.0	0.0	0.0	1.0	0.0	0.0	0.0	0.0	0.0	0.0	0.0	0.0	0.0	0.0	0.0	0.0	0.0	0.0
832.1831337334086	-0.7614915222827676	0.5798693385085267	692528.7680703562	872.9351844534968	-0.4369245870224176	762015.8362568605	0.1909030947447102	768.8043997050911	0.7281905925826777	0.5302615391259113	591060.2050059055	767.5177808372799	630.0716480437447	1.475809	21.783218	0.0554882848307868	0.0289945391944865	-0.0067013519	0.1484753066	0.1014956447	0.04737796	-0.2064524797	-0.0175262505	-0.0078720349	0.2005317827	0.0525491983	0.1851733743	-0.0398926194	-0.2274063869	0.0047616083	0.1317474303	0.1114103934	-0.0263010413	-0.1020166586	-0.1514191918	0.0860787463	0.0567362877	0.2497961939	-0.0569307636	-0.0771623638	0.0860165366	-0.1819867206	-0.0102806447	-0.0726714705	-0.0867404515	0.1348367508	-0.1136029489	-0.1266139062	0.0081258573	-0.0002331033	0.0826286643	-0.1096642852	-0.0853276637	0.1218796474	0.1065809606	0.0041780867	-0.0982026148	0.0205903441	-0.0809036529	0.2207132338	-0.0059840695	0.1539406111	0.2549481095	-0.120027149	0.1048220732	-0.0672615759	0.0760299568	-0.0035556924	0.1270863134	0.0490492752	0.1308732004	-0.1196826962	-0.0434909146	-0.0844790018	0.088898535	0.1016751189	0.0299605108	-0.1327494169	-0.202675294	0.1088563687	0.0350910182	0.0259060943	-0.0386871874	-0.0679942728	0.0059865076	-0.1393369964	-0.0019538069	0.0388008039	-0.1022833198	-0.0255809008	-0.0392859869	-0.0385108566	-0.057692237	-0.0166867474	0.1016540472	-0.023839813	-0.0089078394895665	-0.0021262919698017	7.934960437188034e-05	4.521117540843616e-06	0.0817502887768881	0.0001505630266507	2.266922499421996e-08	0.0066831097151045	0.0303609846868511	0.0203575145124831	0.0009217893911552	0.0004144283971259	-0.0008709627461355	-0.0002669405421261	7.125725303057616e-08	7.585761051558915e-07	0.0002001617766662	0.0002980212456837	4.006473683816973e-08	8.881666287887916e-08	-0.0003719130740151	9.21165186272e-05	8.485453003995284e-09	1.3831933462336125e-07	0.0	0.0	0.0	0.0	0.0	0.0	0.0	0.0	0.0	0.0	0.0	0.0	0.0	0.0	0.0	0.0	0.0	0.0	0.0	0.0	0.0
830.8739481517698	-1.309185581638758	1.7139668871708127	690351.5177173099	867.9749786932737	-4.960205760223175	753380.5636375889	24.60364118375117	767.5760608193101	-1.2283388857809996	1.5088164183217077	589173.0091428893	766.1544851264424	613.0758840196273	1.450827	21.414488	0.1052099472572818	0.0794233037384364	-0.0349213932	0.1232581183	-0.1516415285	0.0789881	-0.1391705411	0.1463184296	0.0126135159	-0.0135710568	-0.0137696952	0.0790256767	0.2341173081	-0.0505916637	-0.1770156639	0.0059485317	-0.0002721405	-0.0576950365	-0.1662727547	-0.2221967731	0.0661870955	-0.1682155778	-0.055885339	0.0090685885	-0.0255408368	-0.2094843555	0.0183936206	0.2378972594	-0.0828757547	0.016606567	0.1614917999	0.0190902088	-0.1135602468	-0.0542538513	-0.1005132323	0.0063435348	-0.0208325538	-0.0087024246	0.1644758172	0.2130931639	0.0724635119	-0.127376027	0.0243115198	0.1366075588	-0.1184664932	0.0557590411	-0.1347970731	0.0490904125	0.0450573787	-0.0488504621	-0.245370635	0.0711452526	0.083427339	0.0824804767	-0.0542421482	0.1535603568	-0.0800608175	-0.0259053078	0.1194457513	-0.1103582307	0.1492157104	-0.0975343479	0.0182332933	-0.02082875	0.2030810136	0.0496372623	-0.157697484	0.0602811571	-0.0828883816	-0.0436498528	0.1214738687	0.0031491792	0.1176857137	0.0147859745	0.0696713814	-0.3052572047	0.0453496534	-0.0202303735	-0.1335104367	0.0970382431	-0.0355847396	-0.0087941400602886	0.0001136994292778	7.733689939997277e-05	1.2927560218120133e-08	0.0080624967003046	-0.0736877920765835	0.0054298907011218	6.500385304242256e-05	0.0348694557448965	0.0045084710580453	0.0012158789439452	2.0326311281232996e-05	-0.0005099335280372	0.0003610292180983	1.303420963206699e-07	2.600322030164658e-07	0.0002851181303489	8.495635368270003e-05	8.129234825365234e-08	7.217582031060019e-09	-0.0004639271961016	-9.20141220865e-05	8.466598663349326e-09	2.1522844328269242e-07	0.0	0.0	0.0	0.0	0.0	0.0	0.0	0.0	0.0	0.0	0.0	0.0	0.0	0.0	0.0	0.0	0.0	0.0	0.0	0.0	0.0
836.2267705328187	5.352822381048895	28.652707443057963	699275.2117557474	873.3093658851471	5.334387191873475	762669.2485427178	28.455686712823777	768.8981738058936	1.3221129865835335	1.7479827492928313	591204.4016820382	767.9931470286757	641.1688816477271	2.036346	30.056849	0.3610121881869342	0.1922407791313445	-0.0243508721	0.1158777474	-0.0352958118	-0.227513513	0.0904714351	0.1538025307	0.1961991235	0.1999298489	-0.0305642781	-0.1422914463	-0.1764242911	-0.0782112925	-0.0716038699	0.1534040131	0.1093414553	0.3411266043	-0.0901651624	0.0087535946	0.0808259831	0.1633177497	0.2774994584	-0.1856197119	-0.1265089856	0.0029330872	0.042294774	-0.0190110453	0.1250611248	0.0569099436	0.0670250459	0.1794610306	0.0716681055	0.0429944254	0.0489948949	-0.1079656554	-0.1730739679	-0.1347227834	-0.2531370416	0.148762103	0.0877438639	0.017116493	0.0645955883	-0.1394168793	0.0128035049	-0.0779454046	0.0414649765	0.3276145436	-0.1098566855	0.0695349582	0.001268055	-0.0675129404	0.0058018134	-0.1734921838	-0.1048346065	-0.1878869966	-0.1002264808	-0.0371066774	-0.3498686219	0.1213686373	0.0304043103	0.019092319	-0.0988321409	-0.0073436707	0.0158289831	0.0497093366	-0.1277523844	-0.1685212566	-0.0942913853	0.087092667	-0.1237397874	-0.1271926624	-0.0415996459	-0.0196159199	0.1538938714	-0.060388916	-0.0348093371	0.1033441932	0.0244233791	0.092280022	-0.0471208409	-0.012899646852702	-0.0041055067924134	0.0001664008889244	1.685518602255257e-05	0.1488823677143358	0.1408198710140312	0.0198302360724083	0.0221659594162266	0.1638662731317026	0.1289968173868061	0.0268521554700737	0.016640178895925	0.0008979889237584	0.0014079224517955	1.982245630270133e-06	8.063841071927695e-07	-4.870829213277084e-05	-0.0003338264224816	2.372497722491346e-09	1.1144008034691101e-07	-0.000463978181698	-5.0985596399986614e-08	2.599531040262328e-15	2.152757530917823e-07	0.0	0.0	0.0	0.0	0.0	0.0	0.0	1.0	0.0	0.0	0.0	0.0	0.0	0.0	0.0	0.0	0.0	0.0	0.0	0.0	0.0
837.5588110536776	1.332040520858868	1.7743319492099647	701504.76197365	872.1168474866854	-1.1925183984617431	760587.7956701145	1.4221001306697614	769.5965977851919	0.6984239792982407	0.4877960548587894	592278.9233225425	768.726904055861	639.1293137424133	1.630734	24.069939	0.2484571402900672	0.1419494442397863	0.0519457818	-0.0432318012	0.0673267603	-0.2178243703	0.3248362566	0.0746673473	0.1790762515	-0.0089573041	0.1558695642	-0.261422409	-0.1721875063	-0.010437281	0.2337672482	0.1399522489	0.0994301018	0.3177453606	0.2051719552	0.3609972601	0.3148161176	0.0249844504	0.1331898765	-0.0173598033	-0.0632796253	-0.0420022931	-0.0044531341	0.1163736658	0.1457674599	0.0841586947	-0.0568024678	-0.0291431655	-0.1385228144	0.0009352638	-0.1006319035	0.1210115995	-0.1230163284	-0.1944194114	-0.3429572374	-0.1555766745	0.0636482061	0.3973433974	0.0148733062	-0.0167747846	-0.0194398563	0.0471307842	-0.1538958551	0.2128063802	-0.0980391166	-0.0410573705	0.0101761908	-0.1042889816	-0.0421825572	0.0584305094	-0.0179841615	-0.3981905774	-0.1045261041	-0.0352796951	-0.3783730938	-0.1619373052	-0.2168494811	-0.1561968055	-0.0890034546	-0.0563490551	-0.0482828524	-0.1069649402	-0.3673863438	0.0628273009	-0.049223633	0.0763224184	-0.162275847	0.1547254235	0.1102649086	-0.0790093053	-0.0578399009	0.0042143588	-0.12882918	-0.0176926407	0.09229969	0.0873863672	-0.0583804184	-0.0273589392192548	-0.0144592923665528	0.0007485115552028	0.0002090711357414	0.1150257264371248	-0.033856641277211	0.0011462721585737	0.0132309177423882	0.2873277239199296	0.123461450788227	0.0825572209330073	0.0152427298307338	0.0015733301827408	0.0006753412589824	4.5608581608393326e-07	2.4753678639231995e-06	-0.0008468184205026	-0.0007981101283698	7.171014373025184e-07	6.369797770065052e-07	-0.0004038344518887	6.014372980929999e-05	3.6172682353740796e-09	1.6308226453224677e-07	0.0	0.0	0.0	0.0	0.0	0.0	0.0	0.0	1.0	0.0	0.0	0.0	0.0	0.0	0.0	0.0	0.0	0.0	0.0	0.0	0.0
830.070069373893	-7.488741679784539	56.08125194654216	689016.3200703796	872.273208870793	0.1563613841076403	760860.5509137502	0.024448882440057	767.1396246903779	-2.456973094813975	6.036716788639762	588503.2037700939	764.6148233973483	627.0782382944051	2.178353	32.152908	0.4404327818749051	0.2984058549600744	-0.0747649435	0.0544350017	0.165123062	0.0880658146	0.1877800187	-0.0528719538	-0.0311012065	-0.0929965806	0.3216531519	0.0285019992	0.0024313925	0.0626624196	0.110452312	-0.0525304888	0.0274509476	0.1757618981	0.1277383141	-0.0040688704	0.1376644224	-0.2272663536	0.1145452722	0.093357649	0.1470022209	0.1609081556	0.0482590289	0.0478651282	-0.0306927564	-0.1677690013	-0.0843993137	-0.0977301119	0.0385470907	0.227529766	-0.0230182758	-0.1420415389	0.0496866882	-0.1026483512	-0.1310151369	-0.1002160489	0.1666544104	0.1099762473	-0.1851241958	0.1732264504	0.1820914676	0.1640397775	-0.0309035958	-0.0107002409	0.1868954856	0.1324346093	-0.0855467364	-0.0744356292	0.0343935346	-0.0092214775	-0.2638376296	-0.1516424371	-0.0936832327	0.0363062843	0.3475702186	-0.3081477097	-0.0938529372	-0.0083011667	-0.1174647113	-0.0645115994	0.0111742282	-0.1694773632	-0.260593412	-0.0405119662	0.0284865427	0.0200971479	0.0284956953	0.019024665	-0.0827045131	0.0522192182	-0.0341376008	-0.0761919209	-0.0544917128	-0.0668096516	-0.1010903229	0.0823644609	-0.0692973963	-0.0110349491528864	0.0163239900663684	0.0001217701028067	0.0002664726516868	-0.1479134828643964	-0.2629392093015212	0.0691370277881091	0.021878398413076	0.1508523393288641	-0.1364753845910655	0.0227564282809907	0.0186255305992792	0.0015809316120431	7.601429302299964e-06	5.778172743786453e-11	2.499344761957195e-06	-0.0004642376688923	0.0003825807516103	2.1551661321855682e-07	1.463680315027021e-07	-0.0003001326744823	0.0001037017774064	1.0754058637246542e-08	9.007962229189825e-08	0.0	0.0	0.0	0.0	0.0	0.0	0.0	0.0	0.0	1.0	0.0	0.0	0.0	0.0	0.0	0.0	0.0	0.0	0.0	0.0	0.0
831.0774080250783	1.0073386511852505	1.0147311581717198	690689.6581296824	867.7363389627823	-4.536869908010772	752966.3539565325	20.583188562213667	765.1036050556511	-2.036019634726813	4.1453759529931045	585383.5264691537	763.9656499091182	631.6243202756433	1.53322	22.630619	0.3006002337218105	0.212831292949116	-0.0733778116	-0.089110633	0.2029830762	-0.0067366353	0.0922428924	0.1347541083	0.0205306297	-0.1375669497	0.1425343104	-0.1072391195	-0.0210830252	-0.054380644	-0.2765549821	-0.2418241278	-0.0715659094	0.1234950223	0.0538655213	0.0920302984	0.1440908004	-0.0398295485	0.0313936743	-0.0968963537	0.0051751866	-0.0531847972	-0.2371792945	-0.0687311185	-0.0326625225	-0.0818530116	-0.0344325838	0.3186338962	-0.1692044853	-0.0140599856	0.1148777817	0.0789609115	0.1778013633	0.0633770719	-0.1855563367	0.0169425758	0.1485201372	0.1391034745	0.1883074399	0.0593609009	0.0650069422	0.0689685089	-0.0462330742	0.1035964173	0.0646017467	0.1267945775	-0.1905105953	0.1700637237	-0.155804631	-0.0542567274	-0.0379258555	-0.129409878	-0.1096182738	-0.0578484561	0.0232394991	0.0314072928	-0.1694972199	0.0143486764	-0.038682744	-0.0915793186	0.0101717858	-0.0134913562	-0.0487276472	0.0285691702	-0.1272683409	0.0867913512	0.0265596807	0.1594081794	-0.1756460344	0.0527734303	0.1822607701	-0.0509540754	0.009162366	-0.0551880323	0.2920880407	0.0772216734	-0.0798077096	-0.0308260594308649	-0.0197911102779785	0.0009502459400352	0.0003916880460351	0.0513559946011525	0.1992694774655489	0.0397083246493929	0.0026374381814736	0.122769180017471	-0.0280831593113931	0.0150722715621622	0.000788663836909	0.0007274550934209	-0.0008534765186222	7.284221678394706e-07	5.291909129440104e-07	-0.0005450599050855	-8.082223619320001e-05	2.9709030013181426e-07	6.532233863269411e-09	-0.0001653016959599	0.0001348309785223	1.8179392769307883e-08	2.7324650687219223e-08	0.0	0.0	0.0	0.0	0.0	0.0	0.0	0.0	0.0	0.0	1.0	0.0	0.0	0.0	0.0	0.0	0.0	0.0	0.0	0.0	0.0
825.8646564725394	-5.212751552538862	27.172778748496317	682052.4308105055	865.9268904932287	-1.8094484695535584	749829.3796792721	3.274103763969715	763.9189536492556	-1.18465140639546	1.4033989546747414	583572.1677445736	761.9494653007646	640.1834289887372	1.836517	27.107344	0.1358138464222089	0.0825712732265502	-0.1668030094	0.0227455259	0.1197063637	0.3286747297	0.1882420629	-0.0882441014	-0.2655454794	-0.2183572153	0.3109649923	0.0333468	0.0209854337	0.1145543783	-0.1470407894	-0.3669074955	0.0634432092	-0.109440327	0.0187264271	0.0007400539	-0.0750099034	-0.1114088392	0.0355549725	0.2128121319	0.1014636389	-0.0616368966	0.0805791421	0.0074600826	-0.0438713345	-0.0398963296	0.1341584457	0.2561719708	-0.0394968418	0.11623767	0.0492540867	-0.2264805529	0.3907891579	0.008908362	0.0808681836	-0.0442564466	-0.0360177183	-0.0402811683	-0.1765143476	0.0901409306	0.1071389841	0.0725975283	-0.1825402701	0.0565920377	0.1571372394	-0.0366275404	-0.0423928557	0.1414554259	-0.2519392863	-0.2133646611	0.1396221817	-0.0142215721	-0.056912772	-0.1182657913	0.1890419098	-0.0654193043	0.0900466716	0.0270919188	-0.0044670265	-0.0432336275	0.0222128248	-0.1176992444	0.1712348862	0.133807007	-0.2015367798	-0.0036623782	-0.0921557287	0.1778401753	-0.1139091655	0.2592061178	0.0260810246	0.0974732941	-0.2535965603	0.1456043913	-0.0763253407	0.0719655524	-0.0898496795	-0.0146796826856814	0.0161463767451835	0.0002154930837522	0.0002607054819974	0.07407780242265	0.0227218078214975	0.000516280550677	0.0054875208117691	0.051945791437248	-0.070823388580223	0.002698365248042	0.0050159523699852	0.0008909864969285	0.0001635314035075	2.6742519933165463e-08	7.938569377089199e-07	-0.0002350518746663	0.0003100080304192	5.5249383784142015e-08	9.610497892439164e-08	-0.0001163956643806	4.89060315793e-05	2.391799924835489e-09	1.3547950686601276e-08	0.0	0.0	0.0	0.0	0.0	0.0	0.0	0.0	0.0	0.0	0.0	1.0	0.0	0.0	0.0	0.0	0.0	0.0	0.0	0.0	0.0
822.6966140983131	-3.1680423742262747	10.036492484893252	676829.7188488288	861.6774729545542	-4.249417538674493	742488.0673973465	18.057549417994384	766.8021899090697	2.883236259814112	8.313051329906868	587985.5984493451	765.3991820377117	632.4091615536634	1.786923	26.375317	0.1810988870583418	0.0990815570941856	-0.2858854408	-0.0509970359	0.2611574114	-0.0087076236	-0.1144863783	0.0109413906	-0.4333712676	0.027600245	-0.0170180878	0.0123051421	-0.1793165933	-0.2211524616	-0.1027378529	-0.1372565432	0.2141374914	-0.1820260089	0.1672251719	0.0549337741	0.0040779565	0.2506432386	-0.055189181	-0.0572680296	0.0855459389	-0.0022696822	-0.1819409394	-0.0042872351	0.0622336976	-0.1445413906	-0.0588282145	0.0530852227	0.0260869728	-0.0102869764	0.0270673098	-0.0041385537	0.2259729229	-0.155780834	0.1159318898	-0.1198688578	-0.0488357554	0.0006438312	0.2049820309	-0.1135609099	0.0205339102	-0.0961373841	0.1558547344	0.0925909541	0.1539315557	0.0714729974	0.1287436218	-0.0032531095	-0.3059783208	0.024840967	0.0538193017	-0.0719160829	-0.1423014559	-0.2211523801	-0.0091529041	0.1239993119	0.0114659007	0.1458492375	0.0353581515	-0.2323954893	0.0166839236	0.0411291295	0.3104752484	-0.01293635	0.0116581634	-0.0677204977	0.0026984451	0.0068327462	-0.1191857582	0.15026161	0.054558826	0.0946618609	0.0380654875	0.0047540712	0.0505176305	0.066603812	-0.0993643757	-0.0302825779371858	-0.0156028952515044	0.0009170345265217	0.0002434503402294	0.1243149897107827	0.0502371872881327	0.0025237749866229	0.015454216666792	0.1231324488266238	0.0711866573893758	0.0151615999540411	0.0050675401902723	0.0003020000101129	-0.0005889864868155	3.469050816513828e-07	9.120400610819173e-08	-5.899999272473977e-05	0.0001760518819415	3.4809991415193453e-09	3.0994265135165065e-08	8.909448819492943e-09	0.0001164045738294	1.3550024808408774e-08	7.937827826716417e-17	0.0	0.0	0.0	0.0	0.0	0.0	0.0	0.0	0.0	0.0	0.0	0.0	1.0	0.0	0.0	0.0	0.0	0.0	0.0	0.0	0.0
827.9975269422077	5.300912843894594	28.099676978566663	685579.904622412	864.1336057044023	2.4561327498480523	746726.8885076913	6.032588084876155	769.3148403546668	2.512650445597046	6.3134122617590345	591845.3235899265	768.0244357537562	607.1309199263068	1.724844	25.459021	0.1845748602195411	0.0961057739016958	-0.2901916083	-0.0012912677	-0.0563112663	-0.1317398345	-0.0937119546	0.1827341161	-0.218997364	0.1633531219	-0.0447486166	-0.1742623528	-0.2433934347	-0.2024342613	0.0170725841	0.0302984915	0.2924555018	-0.1257451839	0.173436641	0.1469570547	0.0339452298	0.0849402428	-0.0491874386	-0.1984116986	-0.0254285852	-0.0368218623	0.1526606595	0.1055123317	0.1269106413	0.1432861103	0.0124266804	0.0085666425	-0.06531437	-0.0266501325	-0.0693265858	-0.1523195703	0.0518404861	-0.2931021459	0.0460793139	-0.1079817154	-0.0628517039	0.0692686928	0.1609153871	0.0381190698	-0.1542692946	-0.1753305392	0.0793394169	0.2283151587	-0.0527183386	-0.1563067117	0.1824721899	-0.0588085226	0.0417500448	-0.1218289962	0.1782653778	-0.2025658211	-0.1808590487	-0.2036158259	-0.2672022367	0.0740602521	0.1243627824	0.0303610387	0.1272353896	-0.0339710447	-0.1260616112	0.0394854702	0.1362772515	-0.0251729614	0.0594199337	-0.0286825403	0.0138215494	-0.1325661567	-0.0811713596	0.1666508591	-0.2762902791	-0.0334723028	0.0828539524	-0.0490047038	-0.2088647451	0.0611443214	-0.1082959623	-0.0186231001930536	0.0116594777441321	0.0003468198608005	0.0001359434212659	0.1756285659537724	0.0513135762429897	0.0026330831068451	0.0308453931789785	0.187931963004317	0.0647995141776932	0.0353184227186559	0.004198977037665	-0.0003040216895002	-0.0006060216996131	3.672623004019505e-07	9.242918768655603e-08	0.0003449810637696	0.0004039810564943	1.1901193435960485e-07	1.6320069400628298e-07	0.0001260519944359	0.000126043084987	1.5886859273060397e-08	1.588910530126816e-08	0.0	0.0	0.0	0.0	0.0	0.0	0.0	0.0	0.0	0.0	0.0	0.0	0.0	1.0	0.0	0.0	0.0	0.0	0.0	0.0	0.0
825.4593835005434	-2.5381434416643742	6.442172130463875	681383.1938090972	858.2766335089475	-5.856972195454773	736638.7796274521	34.3041232983303	766.2134878903825	-3.101352464284332	9.6183871077225	587083.1090251453	765.2496516696926	614.1247245494058	1.710917	25.253454	0.393295256398263	0.3003059720767718	-0.2252345959	-0.1080221742	0.0428702713	0.0117663782	0.0594070495	-0.1068926103	-0.2969690912	-0.0662676131	0.0632789469	-0.0324170871	-0.0522728003	0.1060914461	0.2100518595	-0.2087267443	0.0745104045	-0.0073883349	0.1735092182	0.1392745192	0.0024496879	0.0704624706	-0.0737149066	-0.0418765402	-0.0096132059	-0.0623582353	0.0605604402	0.1574928549	-0.1837218665	0.0371259315	0.024438964	-0.0847996602	-0.0241454079	-0.0900787701	-0.0693509657	0.1553959061	0.244705072	-0.1179068194	-0.0331332268	-0.1702682599	-0.0516856673	0.1215655626	0.1398312797	-0.1165602126	-0.0343419874	0.144090243	-0.1075608825	-0.0382929109	0.0240275594	-0.1176527046	-0.0943466218	0.0222606134	0.3051455423	0.1676738334	-0.1329138048	-0.1528234334	-0.1511445403	-0.0929702921	0.2409851581	-0.1625771426	-0.0985234666	0.0951445117	0.0811172191	0.0516962179	-0.0424740042	-0.0947402062	-0.2026510828	-0.0146818667	0.0393736259	-0.0509703693	0.1070735615	-0.0884572978	-0.044842888	0.0039124781	-0.1523098472	0.0748840076	0.1698592386	0.1300155228	-0.0137113259	0.055595093	-0.1165920251	-0.0221724508362939	-0.0035493506432402	0.0004916175760878	1.2597889988670314e-05	-0.1138533093844387	-0.2894818753382111	0.0837997561493276	0.0129625760577887	0.1425703461071634	-0.0453616168971535	0.0203263035891163	0.0020576762875241	0.0002519994727379	0.0005560211622381	3.091595328566075e-07	6.350373426017963e-08	-5.900152430760031e-05	-0.0004039825880772	3.48117987062035e-09	1.6320193146955292e-07	-1.1992525641958538e-05	-0.0001380445200778	1.9056289523526287e-08	1.4382067127303304e-10	0.0	0.0	0.0	0.0	0.0	0.0	0.0	0.0	0.0	0.0	0.0	0.0	0.0	0.0	1.0	0.0	0.0	0.0	0.0	0.0	0.0
824.0038524542357	-1.4555310463076694	2.1185706267654987	678982.3488594218	860.6124700584159	2.335836549468354	740653.8236200478	5.456132385832226	765.3617480953798	-0.8517397950026862	0.7254606783912179	585778.6054476155	763.8215846954313	611.7089436685337	1.416332	20.905329	0.2407380501122424	0.1591356023201012	-0.2719548387	-0.1528683451	-0.1188186327	0.0325270457	-0.0662553733	-0.0361404355	-0.2321662808	-0.1851868031	-0.0490740876	-0.2079790257	0.094837957	0.0549337221	-0.0007938245	-0.2554892897	0.0642251792	-0.0369289094	-0.058827691	-0.0613550716	0.0145229909	0.0220895552	0.0589708237	-0.1625897498	0.0684656469	0.0670144332	0.2960645731	-0.1256524104	0.070728613	-0.0624116915	0.0595908989	-0.2425447829	0.1030255473	-0.1118086507	0.1378516984	-0.1759437205	0.2696335441	0.0372407931	0.0012957574	0.0930862282	-0.0709835099	-0.0225460028	-0.147927355	-0.0262904539	-0.1516871457	-0.199906435	0.0861856	0.1418494745	0.0772854823	0.0396072911	-0.0699065321	-0.0875893233	0.1804395905	0.0497857016	-0.1285649172	-0.0413276641	-0.101328633	-0.1544623761	0.1301602369	0.0524917023	0.0792553231	0.068858016	0.2248073179	0.0444473526	0.012126754	0.1022971967	-0.0238861513	0.0052980429	-0.0199336262	-0.0480558828	0.0653693765	0.0360032359	-0.0738572858	0.0676020795	0.0593347395	-0.0781514169	0.1212737173	-0.0708046252	0.0549227339	0.0499642712	-0.1242038795	-0.0304226589340288	-0.0082502080977349	0.0009255381766162	6.806593365593056e-05	0.0304993813072087	0.1443526906916474	0.0208376993099184	0.0009302122601225	0.0853848874361915	-0.0571854586709719	0.007290579002491	0.0032701766834094	7.099052694813549e-05	-0.0001810089457897	3.276423845592192e-08	5.039654916373951e-09	0.0003050017071357	0.0003640032314433	9.302604135569132e-08	1.3249835250116486e-07	6.198915016274046e-05	7.3981675804699e-05	5.473288354871585e-09	3.842654737898785e-09	0.0	0.0	0.0	0.0	0.0	0.0	0.0	0.0	0.0	0.0	0.0	0.0	0.0	0.0	0.0	0.0	0.0	0.0	0.0	0.0	0.0
829.508462685737	5.50461023150126	30.30073380074836	688084.2896672547	864.9864210924566	4.373951034040715	748201.5086743366	19.13144764818584	767.6017339340109	2.239985838631128	5.017536557267998	589212.4219385	766.7083023380699	620.1022108775728	1.397507	20.627474	0.1207306648349203	0.0835533109359827	-0.1800641591	-0.089374309	-0.1982440024	-0.0525314299	0.0101036783	0.030708303	-0.1122805661	0.0529791687	-0.1061118757	-0.1799733098	-0.0083644244	-0.0061699987	0.0806790864	-0.1045856929	0.087471913	0.0383566193	-0.0809368472	0.0242152664	-0.0097679364	0.0460785943	-0.0213605879	-0.1269257271	0.051835244	-0.1387570405	0.1571706299	0.0500235871	0.0925509108	0.0862573977	0.0863914911	-0.1722961252	0.0329570055	-0.0863060505	0.082715253	0.0460218164	0.1081261299	-0.0467906269	-0.0706716555	0.1251150538	-0.0888320899	-0.0150469742	0.0003798727	-0.0829492771	-0.2082329717	-0.0190452781	-0.094876302	0.1305685185	0.0424106564	-0.1529189243	0.0516557949	-0.0863064157	0.1317093142	0.0233527633	0.1393195511	-0.1142426152	-0.1318696701	-0.1671995681	-0.1355162016	0.0728691039	0.0876186931	0.0549624531	0.1059241604	0.1636701443	-0.0717776188	0.0091776385	0.0521854809	0.0081690398	-0.0440810492	-0.029307865	0.1027491952	-0.1228179745	-0.1020537933	-0.0092138159	0.021341358	0.0259987726	0.0656041607	0.0323322573	-0.0983675489	0.0442601199	-0.1310868562	-0.02591585775005	0.0045068011839788	0.0006716316829208	2.0311256911912733e-05	0.1106242150017777	0.080124833694569	0.0064199889745823	0.0122377169447595	0.1030859341882433	0.0177010467520517	0.0106267098274628	0.0003133270561183	-8.700231169394135e-05	-0.000157992838642	2.496173706218132e-08	7.569402240089723e-09	0.0004629995196017	0.000157997812466	2.14368555151405e-07	2.4963308744041313e-08	1.002013718440258e-05	-5.196901297833788e-05	2.7007783099426507e-09	1.0040314919424726e-10	0.0	0.0	0.0	0.0	0.0	0.0	0.0	0.0	0.0	0.0	0.0	0.0	0.0	0.0	0.0	0.0	0.0	0.0	0.0	0.0	0.0
826.0995559931503	-3.4089066925866973	11.620644838762376	682440.47641208	861.4234321796341	-3.562988912822448	742050.3295081407	12.694889992895687	766.3631061781322	-1.2386277558787242	1.5341987176331644	587312.4105109951	763.178828089825	616.4170417645398	1.697688	25.058201	0.2713130968952503	0.1785725208793645	-0.1847504395	-0.0270180949	0.1040160325	0.2200890556	0.0754694207	-0.0839017724	-0.2517517482	0.0456497115	0.1021989589	0.1500262685	0.0996141009	0.12002544	0.1390897018	-0.1674081938	0.072321051	-0.1202635245	0.0256691397	0.0700134364	-0.0351064267	-0.1499580285	0.1151524393	0.2049620769	-0.0128944052	0.121212968	0.0351587741	0.0243559859	-0.0374306272	-0.0692952723	0.0742108967	-0.0110123071	-0.2437045921	0.1347992739	-0.1459595538	0.0817262327	0.2030075543	-0.0615345986	0.1407105962	-0.0271251733	0.0081215014	0.054195999	-0.1702160485	0.1174318546	0.1906155919	0.1778924067	-0.0886947067	-0.0238770134	-0.0750695513	0.0273560637	0.1383035723	0.0717007901	0.1088631335	-0.0471859608	0.0083131648	-0.0178568913	-0.0651994824	-0.0954690319	0.2701821549	-0.0959429264	-0.0034067934	0.0930096188	-0.0085150276	-0.0632031269	-0.0191063296	-0.0598765315	-0.0832103491	0.103400845	0.0430259665	-0.1395279565	-0.0830594937	0.0377750701	-0.0602403797	0.0119724705	-0.1586681645	0.0387925001	-0.0204708451	0.0585900986	-0.0428221656	0.0384910108	-0.1372005631	-0.0101215753233532	0.0157942824266967	0.0001024462870263	0.0002494593573742	-0.0460192409599216	-0.1566434559616993	0.0245371722956248	0.0021177705385273	0.0320049121544343	-0.071081022033809	0.001024314402013	0.0050525116933708	0.0003859820144336	0.0004729843261275	2.237141727623244e-07	1.4898211546621977e-07	0.0004800146909116	1.7015171309899967e-05	2.304141034909589e-07	2.8951605470524293e-10	7.590736920786632e-05	6.588723202346374e-05	4.341127343713746e-09	5.761928700059332e-09	0.0	0.0	0.0	0.0	0.0	0.0	0.0	0.0	0.0	0.0	0.0	0.0	0.0	0.0	0.0	1.0	0.0	0.0	0.0	0.0	0.0
827.9648238620418	1.8652678688915785	3.479224222719331	685525.749552902	858.7260995069087	-2.697332672725452	737410.5139743492	7.275603547352229	766.7186420769092	0.3555358987770205	0.1264057753191838	587857.4761082596	764.5293733317926	610.0433369349031	1.561999	23.055403	0.1760168690428422	0.1121518461090647	-0.1570179383	0.0063419658	-0.0574169991	-0.1167490949	-0.182896574	0.1248821186	-0.1392753433	0.0434941302	-0.2226455982	-0.003924951	-0.0314575148	0.0131080177	-0.2038560627	-0.1416855846	-0.0284225646	-0.0425091331	0.2462681379	-0.1446697206	-0.030555208	-0.047365956	-0.1115445663	0.0960929282	-0.2040972588	-0.0239929537	-0.2164453263	-0.0989667382	0.3085741778	0.0903294155	0.0538629634	-0.0135316165	0.1157360012	-0.0333680395	-0.1469499999	-0.0029945005	0.1561764291	0.0103710934	0.0414198824	-0.0606296936	0.1924856998	-0.1626676094	0.1669450078	0.0181957618	-0.2194422628	0.0488955029	0.1033061931	-0.1588845773	-0.1726117061	0.2245381676	0.3048910738	0.0106485335	-0.1128421556	0.0270747117	-0.0468476022	-0.0066267612	0.0335927713	-0.1388688127	0.0624928964	0.0268492567	0.0540481057	0.0950402216	0.0559585749	0.0976457466	0.0131559935	0.2395536721	-0.0319071981	-0.0308165485	0.1474244962	-0.1340326365	0.0267696504	0.1524424604	-0.1240200872	-0.2842897576	0.0772438965	-0.0702908641	0.1617770444	0.1168796613	0.046028946	0.0326654109	-0.1425091225	-0.0062287370678291	0.0038928382555241	3.879716546014825e-05	1.5154189683671926e-05	0.0538433332642824	0.099862574224204	0.0099725337306846	0.0028991045370085	-0.0069762361584082	-0.0389811483128425	4.8667870937882e-05	0.0015195299237878	0.0001564123518243	-0.0002295696626092	5.2702229990547825e-08	2.4464823803208605e-08	0.0007610182262509	0.0002810035353393	5.79148740686066e-07	7.896298687318524e-08	0.0002309403362647	0.0001550329670568	2.4035220874445283e-08	5.333343891405272e-08	0.0	0.0	0.0	0.0	0.0	0.0	0.0	0.0	0.0	0.0	0.0	0.0	0.0	0.0	0.0	0.0	1.0	0.0	0.0	0.0	0.0
833.1481800639581	5.18335620191624	26.86718151594355	694135.8899438855	862.7031435429656	3.977044036056896	744256.7138789146	15.81687926473572	768.1342504640289	1.4156083871197325	2.0039471056837304	590030.2267359355	766.1336993825092	633.6800354508792	1.553496	22.929897	0.0542917566654572	0.0328046677361079	0.0212216993	-0.0552488347	-0.0315981257	0.0724105139	0.0821912953	0.1062749648	0.0336584148	-0.0584114169	-0.0478668876	0.0067598871	-0.1066630677	0.0574072639	-0.100005309	-0.0337478641	-0.0194633181	-0.0513382989	0.030795795	-0.0325491484	0.0129253372	-0.0870419679	-0.069285818	-0.096560587	-0.1692842711	-0.1746323414	-0.1000042479	-0.291492042	0.0800149948	-0.0767166424	-0.1618557444	-0.0615834908	-0.2085488364	0.0412889084	0.0582308385	0.0155245166	0.0258650555	0.0404004816	0.0024154495	-0.041922139	0.0410416495	-0.0243018006	0.0712825157	0.1905334663	-0.1548400482	-0.0231211296	0.059641716	-0.054447205	-0.1198690677	-0.0402924434	0.0441018939	0.217465395	0.0215351941	-0.0328959821	-0.2406905337	0.0079450789	0.0303172745	-0.0519392497	0.0074695489	0.0213739441	-0.0443052659	-0.0369176571	0.021210743	0.1292982276	-0.0432573238	0.1175590594	0.1096748298	0.1657770486	-0.0176962934	-0.0572354395	0.0348914691	0.1940329315	-0.1027280431	-0.1659373917	0.1627088793	0.0156278286	-0.1073277232	0.0896721181	0.044164946	0.0267918699	-0.1469813818	-0.0080834103009976	-0.0018546732331684	6.53415220942741e-05	3.4398128018316955e-06	0.0853718761611617	0.0315285428968792	0.0009940490172003	0.0072883572392767	-0.0088139532735738	-0.0018377171151656	7.768577230874231e-05	3.377204195372576e-06	0.0001189886033124	-3.74237485119e-05	1.4005369526819376e-09	1.4158287718235689e-08	0.0006100021644437	-0.0001510160618072	3.721026406259988e-07	2.280585092375605e-08	3.796367817892372e-05	-0.0001929766580857	3.723999056595461e-08	1.441240860872889e-09	0.0	0.0	0.0	0.0	0.0	0.0	0.0	0.0	0.0	0.0	0.0	0.0	0.0	0.0	0.0	0.0	0.0	1.0	0.0	0.0	0.0
830.1669758543668	-2.981204209591283	8.887578539284787	689177.2077991848	865.825947136279	3.1228035933133924	749654.5707344345	9.751902282411036	767.5137757055018	-0.6204747585271662	0.3849889259693451	589077.3958977152	765.2840616883692	635.3802843023749	1.290903	19.05397	0.061071207921058	0.0474835322154835	-0.0078694637	-0.1190614474	-0.0043061784	0.219106015	0.1009819012	-0.0358224034	-0.0632393835	0.0130961743	-0.1179738142	0.0723210909	0.085043459	0.0716683703	0.0018739256	-0.0801797555	-0.0880429857	-0.0727458349	-0.0530595982	0.0501116554	0.0518985654	0.1153683411	0.2086049677	-0.1151303694	0.0807623218	-0.0070372584	-0.1095095699	-0.2083108174	-0.0907893802	0.0883961552	-0.0695130226	0.0644264697	0.0496917276	0.1652925011	-0.0021753283	-0.0544268693	0.0605435792	0.0993119713	0.0866329141	0.0051865787	-0.072887788	0.1675893076	-0.080864667	-0.2305331359	0.1041026988	0.1524670845	0.2242044366	0.0145751414	-0.2492423832	-0.0266436519	0.0614946975	0.1444697297	-0.0957087346	-0.0206523273	-0.1265402411	0.047443073	0.0120172878	-0.1251065448	-0.0227762805	0.0740282528	-0.0550932097	-0.087017815	0.044357672	0.0816007067	0.0235967438	-0.0793219772	0.1739613896	0.2213236743	-0.0926187606	-0.0247273239	-0.1266988773	0.1286045824	0.0790077277	-0.1620809131	0.0214850382	0.1680024774	-0.176963063	0.0040680176	0.014050338	0.0208790082	-0.1505910958	-0.0060210203481005	0.002062389952897	3.625268603224026e-05	4.253452317810899e-06	0.1312053672139228	0.0458334910527611	0.0021007089020835	0.0172148483857403	-0.0065365604458378	0.002277392827736	4.272662246209126e-05	5.186518091823374e-06	0.0001429579086845	2.396930537209999e-05	5.745276000209814e-10	2.043696365544584e-08	0.000535010960083	-7.499120436069997e-05	2.862367274089334e-07	5.623680731468265e-09	0.0001569618501994	0.0001189981720204	1.4160564944214866e-08	2.4637022418018887e-08	0.0	0.0	0.0	0.0	0.0	0.0	0.0	0.0	0.0	0.0	0.0	0.0	0.0	0.0	0.0	0.0	0.0	0.0	0.0	0.0	0.0
830.1259861285674	-0.0409897257993634	0.001680157621107	689109.1528459266	865.2855318713662	-0.5404152649127809	748719.0516659131	0.2920486585507512	768.1979347380582	0.6841590325564084	0.4680735818285207	590128.0669358178	767.7602575865983	626.8134139951537	1.33596	19.719027	0.1783727924559042	0.0978115461247815	0.0038947566	-0.2105301352	-0.1295761605	0.012511358	-0.1022352031	-0.1905028608	-0.0346106711	-0.1480979211	-0.2980362915	0.0906164667	0.0938961472	0.0681285421	0.1365078394	-0.039882598	-0.2363339753	-0.0443378334	-0.0039158992	0.0814252122	-0.0045489913	0.0626407854	-0.0173468686	-0.1062248036	0.0298160773	-0.0879379048	-0.1436731953	0.0012027767	0.0016911479	-0.0918404049	0.0864646921	-0.0490594368	0.0772441007	0.134193408	-0.2977338811	-0.0114684097	0.0256391383	0.2624529664	0.0382243947	-0.0369017064	-0.0375194002	0.0527658956	0.0178171067	-0.130362071	-0.1474671442	0.1664061128	0.0369164114	0.0022739789	-0.0276363128	-0.0515098388	0.0335080773	-0.0751217552	-0.0961102596	0.1370535147	-0.0133853892	0.1130162582	0.0914972094	-0.1199923736	0.0465699732	-0.0635714989	-0.0725521584	-0.089676609	0.1734120934	0.1494471573	-0.0400665767	-0.0383045857	0.0025087179	0.074118105	0.0096531475	0.0352487178	-0.0527108217	0.0531929072	0.1187993145	-0.1261645573	-0.0944572953	0.1225100131	0.0498847384	-0.2082393489	0.028698322	0.0149355036	-0.1533170814	0.0105208436752093	0.0165418640233098	0.0001106881516381	0.0002736332653656	0.0488016067520504	-0.0824037604618724	0.0067903797382576	0.0023815968215817	-0.0490206303578872	-0.0424840699120494	0.0024030222006846	0.0018048961962919	-6.297887121156496e-05	-0.000205936779896	4.24099573139603e-08	3.9663382190828855e-09	0.0008620014564983	0.0003269904964153	7.430465110051907e-07	1.0692278474592435e-07	-4.8972834662688105e-05	-0.000205934684862	4.240909442924754e-08	2.398338534898985e-09	0.0	0.0	0.0	0.0	0.0	0.0	0.0	0.0	0.0	0.0	0.0	0.0	0.0	0.0	0.0	0.0	0.0	0.0	0.0	0.0	0.0
832.203327619126	2.077341490558524	4.315347668395911	692562.3785003463	859.1129301210113	-6.172601750354829	738075.0267011097	38.1010123684835	768.8708236391182	0.6728889010599914	0.4527794731697229	591162.3434434959	766.2245260786221	620.1284939331167	1.051261	15.516806	0.1488045564485165	0.07607630209003	0.0780188254	-0.1450921275	-0.0634115656	-0.0193295554	-0.1722713098	-0.1432977816	-0.0133465751	-0.1399564629	-0.2316753599	0.1176476172	-0.0266885755	0.044416428	0.0583809589	0.0441587857	-0.3213108526	-0.0136041017	-0.0867268735	-0.0490806218	0.048947901	-0.0303459032	0.1541517931	-0.0695870708	0.0362161492	0.0924659351	0.0134734151	0.059988501	0.0494309779	-0.0486060687	-0.0231470446	-0.0981530507	0.0820086996	0.099557683	-0.075992428	0.0418790212	-0.0865040187	0.2983896383	0.0530368136	-0.0083515545	0.0613845162	0.0381706323	-0.0854249969	-0.0049192326	0.0243774018	0.0711029351	0.1006047725	0.1616287003	-0.0459809639	-0.0273316494	0.0282164241	-0.0619450927	0.0568921022	0.0624387136	-0.0484412094	0.183252791	0.1108774195	-0.1498632174	-0.0403839684	-0.0026953285	-0.1246122592	-0.067616459	0.0464534089	0.0941517853	-0.0186449746	-0.0509026875	-0.0214183721	-0.0482879519	0.0508614099	0.0633827683	-0.0475138717	0.0287438391	0.1099651863	-0.1070308778	-0.0383110064	0.0236972113	0.0488366036	-0.2253380969	-0.0123324649	0.0089700792	-0.1551433414	0.0198273255702901	0.0093064818950808	0.0003931228392702	8.66106052634667e-05	0.0850681084697129	0.0362665017176625	0.0013152591468372	0.0072365830786148	-0.1036182691495781	-0.0545976387916909	0.0107367457015544	0.0029809021616279	-0.0004729235596438	-0.0004099446884322	1.6805464757380224e-07	2.2365669326616285e-07	0.0013610299301265	0.0004990284736282	1.8524024707001457e-06	2.490294174916912e-07	-0.0001126783534839	-6.370551882121189e-05	4.0583931282797826e-09	1.269641134384272e-08	0.0	0.0	0.0	0.0	0.0	0.0	0.0	0.0	0.0	0.0	0.0	0.0	0.0	0.0	0.0	0.0	0.0	0.0	0.0	0.0	0.0
834.7802647418665	2.57693712274056	6.640604934558396	696858.0904025007	866.1753323788674	7.0624022578560925	750259.7064216415	49.87752565177083	770.031157386224	1.160333747105824	1.3463744046726422	592947.9833455676	768.4884474193528	626.8895358758814	0.947752	13.989003	0.0649058873153451	0.0293445874632981	0.152545685	-0.1295143662	0.0482314351	-0.0778422312	-0.1758730844	-0.1486568363	0.10127843	-0.1486082716	-0.2019535041	0.1743725353	-0.0425345964	0.009933418	0.0362915148	0.122874986	-0.2800316519	-0.0266445259	-0.0294261731	-0.0101101276	-0.0249782667	-0.110900516	0.0816750079	-0.1165469525	-0.0052078203	-0.0465197578	0.0468941768	0.1205644785	0.0784815534	0.1174473258	0.0522857983	0.0128352588	-0.1313306433	-0.0125619509	-0.0777088875	0.0215353262	-0.164678018	0.2609427951	0.0783924347	-0.0580701532	0.0553423819	-0.0068081958	-0.0126616983	0.020850123	-0.0188248795	0.0404332456	-0.0143566562	0.1631807775	-0.0318654727	-0.0962671784	-0.0083149992	-0.0522153585	0.0142231065	-0.0627754758	0.0180787475	0.2019410931	0.1717441889	-0.0964671664	-0.0424393597	-0.0379435959	-0.1363190498	-0.0411178716	0.0056628371	-0.0128581341	-0.0813122037	-0.011137533	-0.0043587727	-0.1027285523	0.0217861422	0.1009515989	0.0092029055	0.0060281048	-0.0036941909	0.045321553	-0.0592405831	0.0197328372	0.0442265447	-0.1125276798	-0.0393853243	0.0029914899	-0.1560591586	0.0276978901338935	0.0078705645636034	0.0007671731178692	6.194578654984958e-05	0.098911253964232	0.0138431454945191	0.0001916326771824	0.0097834361607768	-0.1237458063752257	-0.0201275372256476	0.0153130245954548	0.0004051177547698	-0.0005831850613233	-0.0001102615016795	1.2157598752618388e-08	3.401048157506612e-07	0.0013616357288985	6.057987720000258e-07	1.8540518582129496e-06	3.669921521567393e-13	-0.0004631038536639	-0.00035042550018	1.227980311764032e-07	2.1446517927835493e-07	0.0	0.0	0.0	0.0	0.0	0.0	0.0	0.0	0.0	0.0	0.0	0.0	0.0	0.0	0.0	0.0	0.0	0.0	0.0	0.0	0.0
835.0619739004801	0.2817091586135802	0.0793600500467713	697328.5002545661	870.6443281363178	4.46899575745033	758021.5461159402	19.971923080109047	769.5459832703041	-0.4851741159199036	0.2353939227586601	592201.0203674592	768.0998243822487	637.6037192835528	0.982222	14.497789	0.0483132449754438	0.0243631332264498	0.1679113986	-0.0663932314	0.1075041592	0.0032826126	-0.1010654315	0.0442849021	0.1130415035	-0.0822833156	-4.02414e-05	0.1656875272	-0.0752181103	-0.0155133835	-0.0866321756	0.1050872641	-0.1799372174	-0.0538387565	0.0550401334	-0.0592368485	-0.1170135977	0.0819693743	0.0952141198	-0.1385207725	-0.0483787936	-0.0059715171	0.1997433006	0.0641193281	0.008348695	-0.0320824696	-0.1143884179	0.1954356046	-0.0845477241	-0.0168581856	-0.0374810367	-0.1650517669	-0.1168113998	0.1504998558	0.0842446606	-0.1497033077	0.0474944705	-0.0231653264	0.0086711384	0.0034780668	0.0682215261	-0.1906837844	0.0237160679	0.0628943141	-0.0017536386	-0.1170205606	-0.1136818889	-0.1058129523	-0.0346601511	-0.1314378799	-0.0778377958	0.1633979161	0.1178947836	-0.1234114975	-0.084666075	-0.0391570629	-0.125708321	-0.0363318056	-0.0975943613	0.0478825685	-0.085741646	-0.0725735358	0.0296347788	-0.1150330991	-0.0027113447	0.068956119	0.0209918288	-0.0246240482	-0.0078441471	-0.034996217	0.0679603415	0.0391392995	-0.0120267813	-0.0315615195	-0.0960299626	-0.0029914899	-0.1560591586	0.0226337365144502	-0.0050641536194433	0.0005122860286055	2.564565188132068e-05	0.1095687763464354	0.0106575223822033	0.0001135827833271	0.0120053167500551	-0.1034737652812936	0.0202720410939321	0.0107068201014882	0.000410955650114	-0.0004727772286357	0.0001104078326876	1.2189889518773076e-08	2.2351830791645297e-07	0.0013615784667286	-5.7262169900077285e-08	1.8538959210590048e-06	3.2789561016653164e-15	-0.0003271783909241	0.0001359254627398	1.847573142102876e-08	1.0704569948768321e-07	0.0	0.0	0.0	0.0	0.0	0.0	0.0	0.0	0.0	0.0	0.0	0.0	0.0	0.0	0.0	0.0	0.0	0.0	0.0	0.0	0.0
834.3193432352248	-0.7426306652553194	0.5515003049775583	696088.7664964568	868.3699315557417	-2.274396580576081	754066.3380301235	5.172879805736169	768.9577545772325	-0.5882286930715281	0.3460129953526381	591296.0283244594	767.7292303616616	639.7316835101913	0.933543	13.779264	0.0756496413557454	0.0359542995825627	0.1609371292	-0.0844624033	0.1242148814	-0.0333390505	-0.1212862611	-0.066223001	0.076447115	-0.1667556867	-0.0469531396	0.1528945533	-0.0071451055	-0.0104603544	-0.0208812972	0.0323776598	-0.2864201737	-0.0999476392	0.0564299473	-0.0202760837	-0.0858041029	0.0912237236	0.097663899	-0.0589900551	0.0013397262	0.0441232218	0.0527115859	0.0174695343	-0.2151598644	-0.0540315006	-0.1350692342	0.040052384	0.1082921416	-0.2362458451	-0.0045627549	-0.0771557162	-0.0599454554	0.2313208217	0.09223909	-0.1399315104	0.0560561178	-0.0170361804	-0.0034743256	-0.0557921953	0.0974932976	-0.1152968813	-0.0103000755	-0.024271644	0.005958298	0.0021570797	-0.1940499405	-0.1650694865	0.0579757541	-0.0326511858	0.0405791885	0.1925047237	0.1682668452	-0.0758082964	-0.0448865168	-0.1063227536	-0.1445108768	-0.0213394978	-0.0215986357	-0.0341353194	-0.130458339	-0.0700919563	0.002655144	-0.1679236673	0.0370135148	0.0865209483	-0.0249489144	-0.0287537363	-0.0171678659	0.0998547417	0.0069408905	0.0827199822	-0.0307849846	-0.0973109597	0.0149535293	-0.0089700792	-0.1551433414	0.0326303039739315	0.0099965674594812	0.0010647367374311	9.993136097196036e-05	0.085198458658894	-0.0243703176875414	0.0005939123841916	0.0072587773578512	-0.1237671342371413	-0.0202933689558477	0.0153183035172745	0.0004118208235781	-0.0006862413307338	-0.0002134641020981	4.556692288454807e-08	4.709271640072967e-07	0.0015626163726143	0.0002010379058857	2.441769927962273e-06	4.041623960290759e-08	-0.0003324641279978	-5.285737073699981e-06	2.7939016412286443e-11	1.1053239640533755e-07	0.0	0.0	0.0	0.0	0.0	0.0	0.0	0.0	0.0	0.0	0.0	0.0	0.0	0.0	0.0	0.0	0.0	0.0	0.0	0.0	0.0
834.6952444186712	0.3759011834464445	0.1413016997164375	696716.1510551453	872.302584768131	3.932653212389369	760911.7993931625	15.46576128891642	769.0647211137987	0.1069665365661194	0.0114418399449509	591460.5452618449	766.4684908285722	632.7122250444748	1.169168	17.257145	0.0545661935854617	0.0324569593702071	0.104510791	0.0384646837	0.1835449093	-0.0074405406	-0.1127132182	-0.0512510401	0.0663131653	-0.0570345028	-0.0051235443	0.1614708111	-0.1161283082	-0.0860677604	-0.0511503876	0.0159395909	-0.0854847037	-0.0487002237	0.0816865971	-0.1049692207	-0.1055383369	0.0028948242	-0.0069842518	-0.2042304746	-0.0368144432	0.3213439429	0.0659523994	-0.0139474769	-0.0488961331	0.0479517311	0.1144916591	-0.0163077321	0.0466037388	-0.0184119551	0.2140368783	0.185087931	-0.0379311948	0.1127781905	0.0431804498	-0.1198364068	0.0721031454	-0.1112004591	-0.0108187619	0.1137469415	0.0788753889	-0.1165026735	0.1962767227	0.0825769962	0.0497116586	-0.0153515934	0.0617500711	-0.0592392533	0.1676276743	0.0529577515	0.1164488129	0.1394438254	0.0691962908	-0.1260702073	-0.0763123413	-0.0113002849	-0.0844108132	-0.0353943973	-0.2308641465	0.0157878266	-0.0785766341	-0.0636885995	0.0295052419	-0.1057094886	0.119216281	-0.0520611872	0.010896849	-0.1459773236	-0.0378554635	-0.1480851871	0.1024323692	-0.1769158329	0.0983641164	0.1493715966	-0.0121317508	-0.0149355036	-0.1533170814	0.0252939491407175	-0.0073363548332139	0.0006397838631332	5.382210223882238e-05	0.0989273444609892	0.0137288858020952	0.0001884823053669	0.0097866194821032	-0.0978097016408838	0.0259574325962574	0.0095667377350787	0.0006737883069892	-0.0008252380200265	-0.0001389966892927	1.9320079634331393e-08	6.810177896972581e-07	0.0015551371688042	-7.479203810099996e-06	2.418451613796343e-06	5.5938489633014294e-11	-0.0003368586419729	-4.394513975100015e-06	1.931175307734933e-11	1.1347374467182644e-07	0.0	0.0	0.0	0.0	0.0	0.0	0.0	0.0	0.0	0.0	0.0	0.0	0.0	0.0	0.0	0.0	0.0	0.0	0.0	0.0	0.0
835.8484064324144	1.1531620137432128	1.3297826299403015	698642.5585356067	871.3081906173403	-0.994394150790754	759177.9630368634	0.9888197271268646	769.2351317753065	0.1704106615078444	0.0290397935555411	591722.6879573732	767.402911858981	632.4053275830605	1.381659	20.393543	0.1324863256374726	0.0599773031688685	0.1015393418	0.1212018331	0.0293420793	-0.0331975256	-0.1487868481	0.0360369897	0.1303374491	-0.078981343	-0.0687983136	0.1385930927	0.00534662	-0.0763108803	-0.1307077093	0.0253425442	-0.1645014655	-0.0520873752	0.2018156902	-0.0374276539	0.0742640852	-0.1676640761	-0.0350663007	0.1385516493	-0.1236770289	0.0554843199	0.0301668654	0.0273803586	0.1340469487	0.0398003093	0.2025695882	-0.1180463837	0.1199287679	-0.1647944059	0.1700973198	0.1162297893	-0.0436866108	0.0796746602	0.1067231755	-0.1006112211	0.2346204216	-0.0207364965	-0.0289184197	0.1733092072	-0.1848302479	-0.0552958955	-0.2145221174	-0.0416058007	0.0195235142	0.2017278378	0.1534618278	-0.1374344756	0.0455782272	0.0193610687	0.0875539741	0.1484494503	0.1555667118	0.165554683	-0.1081843288	-0.2228258876	0.0893885655	0.1580652004	0.2940120575	-0.1886964061	-0.239949176	0.1469643992	-0.1180964588	0.1372014077	0.4165054629	0.105803341	-0.122084257	-0.0889231385	-0.0519312102	0.1787889085	0.1545565379	-0.1088310751	-0.2497385968	0.2674113685	0.1202939431	-0.0208790082	-0.1505910958	0.0050840797324696	-0.0202098694082479	2.584786672610816e-05	0.0004084388214984	0.0687592385155966	-0.0301681059453926	0.0009101146163324	0.0047278328812447	-0.0905351451177267	0.0072745565231571	0.0081966125014878	5.291917260860755e-05	-0.0017413469504042	-0.0009161089303776	8.392555723177735e-07	3.032289201682007e-06	0.0019581407058528	0.0004030035370485	3.834315023917702e-06	1.6241185087368224e-07	-0.0001592952341857	0.0001775634077872	3.1528763785003485e-08	2.5374971634277003e-08	0.0	0.0	0.0	0.0	0.0	0.0	0.0	0.0	0.0	0.0	0.0	0.0	0.0	0.0	0.0	0.0	0.0	0.0	0.0	0.0	0.0
838.5167953753532	2.668388942938805	7.12029955079807	703110.416126552	874.3656189267998	3.0574283094595103	764515.2355612457	9.34786786748444	771.8510767450396	2.61594496973305	6.843168084671649	595754.084672477	771.7032333748572	646.1471461294328	1.712967	25.283724	0.1714168171562759	0.0816165871432799	0.1863670887	0.0966054626	-0.0999006366	-0.1456826402	-0.0017857262	0.0179473037	0.1707049344	0.1034324877	-0.018312709	-0.0226945109	-0.0275890197	0.0568189216	-0.120121325	0.2243006494	-0.0487864805	-0.0215163014	-0.0185353637	0.1861538495	0.0866712018	0.2256576325	0.0488687566	0.2963329386	0.0910397907	-0.0785978354	0.0469386946	-0.1761902037	-0.1413371043	-0.0797861396	0.0801945167	0.1544335487	-0.0462723829	-0.2397398781	0.0398408305	0.0519335279	-0.2321917783	-0.0290755032	0.0278712148	-0.006050152	-0.0935245565	0.1601264023	0.0927822423	-0.2393258829	0.0035650717	-0.2064404396	-0.2191993523	-0.0437685324	0.0088362367	0.2619180054	-0.0388162736	0.2741773653	0.0696893698	-0.1159577846	0.2706778479	0.0235469974	0.1725587979	0.1865138948	-0.2716428359	0.0717695759	0.0976053807	0.3571547036	0.0722007534	-0.0608561406	0.3401510781	-0.4484484503	-0.0421404629	-0.0360371969	0.1350226222	-0.0744791937	0.3936375555	0.2560004353	0.0268817065	0.0523519448	-0.1344240366	0.0373580494	-0.0289448023	0.0111780593	-0.053657159	-0.0267918699	-0.1469813818	0.0006128124057767	-0.0044712673266928	3.755390446738269e-07	1.9992231506751467e-05	0.1165162933871784	0.0477570548715818	0.0022807362900072	0.013576046624687	-0.0796475689726605	0.0108875761450662	0.0063437352432547	0.0001185393143146	-0.0005396992959212	0.001201647654483	1.4439570855244954e-06	2.9127533001783904e-07	0.0012981244630889	-0.0006600162427638	1.6851271216698449e-06	4.356214407121753e-07	-0.0004636497131975	-0.0003043544790118	9.263164889454423e-08	2.14971056548124e-07	0.0	0.0	0.0	0.0	0.0	0.0	0.0	0.0	0.0	0.0	0.0	0.0	0.0	0.0	0.0	0.0	0.0	0.0	1.0	0.0	0.0
837.4372482537697	-1.0795471215835732	1.1654219877193783	701301.1447628458	876.0307472683736	1.6651283415737907	767429.870159585	2.7726523939122827	771.4032819128984	-0.4477948321411986	0.2005202116923642	595063.0233459906	769.8769895213645	633.4450981476728	1.959705	28.925611	0.2468116496152027	0.1605286251108275	0.1129646575	0.0514464956	0.0033743154	0.0024025689	0.1671668395	-0.0342121993	0.1500074957	0.1073754524	0.1477305388	-0.1558631095	-0.0543960753	-0.1069224842	0.0948863133	0.2219484929	0.1863204842	0.1415761958	-0.0252906878	-0.1282445407	-0.1536019874	-0.3166500173	-0.0198676659	-0.0769550766	0.4422199063	0.1671501772	-0.0742451868	-0.1557815443	-0.0284744966	0.1543569038	-0.0923297007	-0.0431728332	-0.1432142197	-0.1570667394	-0.1654186427	-0.0151567281	-0.1790740097	-0.1854707785	-0.1686752949	-0.0215356879	-0.1106770923	-0.1100984313	-0.2914704096	0.1050567073	-0.0263483897	0.1987194572	0.4417371977	-0.0218501599	0.1349505317	0.0142645164	-0.1375128082	0.0921397617	0.0833888249	-0.1067931461	0.0542586269	-0.0953662478	-0.0878712595	0.1591096086	-0.0501468413	-0.1584950739	-0.0630996161	-0.0412934288	-0.4233999	0.3606087391	0.3419596187	0.2139066546	0.2284119133	0.2046640141	0.3945336658	0.0345893768	-0.0719548978	-0.0107229817	0.0333842388	0.2444722858	-0.1107433133	0.0288714136	0.1084104046	-0.0377667677	0.0563591347	-0.0326654109	-0.1425091225	0.0005439913943519	-6.882101142480007e-05	2.959266371289243e-07	4.736331613532461e-09	0.0521358226580019	-0.0643804707291764	0.0041448450113103	0.0027181440042266	0.050365481815831	0.1300130507884914	0.0025366817585408	0.0169033933753308	-0.0005859275948951	-4.6228298973899937e-05	2.137055626020278e-09	3.433111464595564e-07	0.0003521194168534	-0.0009460050462355	1.239880837251785e-07	8.949255475030304e-07	-0.0004088969166847	5.475279651279998e-05	2.997868725972081e-09	1.671966884742545e-07	0.0	0.0	0.0	0.0	0.0	0.0	0.0	0.0	0.0	0.0	0.0	0.0	0.0	0.0	0.0	0.0	0.0	0.0	0.0	1.0	0.0
836.7401312232836	-0.6971170304860834	0.4859721541937349	700134.0471995579	872.4635167153466	-3.5672305530270023	761192.5879993099	12.725133818449333	770.5286936980999	-0.8745882147984503	0.7649045454643402	593714.4678121003	769.9607772257183	642.015334185432	1.655582	24.436703	0.1840439101817751	0.0865264012428494	0.1010714814	0.0981894442	0.0126577372	-0.0910514314	0.1145444247	-0.0724012575	0.0614993112	0.1249966389	0.0422443373	0.0263775733	-0.0461387352	-0.0686386245	-0.0148033189	0.1467747588	0.0797829405	0.1334081151	0.2066787534	-0.1676494527	-0.2423585745	-0.1245884508	0.0682992063	0.2525498123	0.0815315457	-0.2163625858	-0.115550227	0.0525631108	-0.0622636359	-0.0132999102	-0.1444894719	-0.1282796615	0.1528342946	0.1305561768	0.1233639723	-0.120506814	-0.1319210739	-0.1507072001	-0.0948471769	-0.1545584983	0.0368596794	-0.2719899927	-0.0980731308	-0.1103890351	-0.018314452	0.324837858	-0.1587787767	-0.1933743155	-0.0644455826	0.1273118345	-0.0395060941	-0.0262814947	0.0514261876	-0.0709157964	0.0030938368	-0.1143855713	0.0672272204	0.2843106844	0.0515704283	-0.2650593271	0.073923165	0.0842153188	0.1095898655	-0.0876310437	0.1604609707	0.3632518059	0.1970234306	-0.3414523917	-0.2282212038	0.2536184768	-0.080647884	0.0730003911	-0.1265425993	-0.3137239245	-0.2916251558	-0.0082096267	-0.0910511306	0.0568719199	-0.0586692945	-0.0384910108	-0.1372005631	-0.0262981875282548	-0.0268421789226067	0.0006915946672712	0.0007205025693132	0.0026104519633207	-0.0495253706946812	0.0024527623424455	6.814459452804897e-06	0.0182578507799888	-0.0321076310358422	0.0003333491151043	0.0010308999707337	-0.0003526982373135	0.0002332293575815	5.4395933237925825e-08	1.2439604660404996e-07	-0.0004468436999707	-0.0007989631168241	1.9966929220350495e-07	6.383420620452806e-07	-0.0008880790328519	-0.0004791821161671	2.2961550045447595e-07	7.88684368591166e-07	0.0	0.0	0.0	0.0	0.0	0.0	0.0	0.0	0.0	0.0	0.0	0.0	0.0	0.0	0.0	0.0	0.0	0.0	0.0	0.0	1.0
836.5592091065676	-0.1809221167160331	0.0327328123170099	699831.3103410058	874.266293658326	1.802776942979449	764341.5522270664	3.250004706138327	769.5721181907401	-0.956575507359844	0.9150367012807428	592241.2450965825	768.4854622335037	644.6788016838186	1.457057	21.506433	0.1791251872462112	0.0772143581548733	0.1033989551	0.0208981196	0.1189982534	-0.1515724858	0.1759242758	-0.1211264741	0.1097317347	0.0097768358	0.0831777601	-0.1392051924	-0.1969433487	0.021468893	0.1505237601	0.0309315997	0.0625913081	0.2598451137	0.0670186103	0.0524514852	0.0575483426	0.1569671782	-0.3312521835	0.1052716306	0.1361292207	0.0778002201	-0.0072984073	0.2115114827	-0.0817815192	-0.2185365931	0.1831642922	-0.0542365197	0.0127449734	0.0401450371	0.1439431198	-0.0277153125	-0.033185405	-0.0675255589	-0.2510259865	-0.0795481954	0.0235262343	-0.0163501104	-0.0413068288	-0.0329643175	0.0804270495	-0.0743512848	-0.0953706337	-0.0929015129	0.2900623491	-0.1394941593	0.0679122189	0.15286474	-0.092378193	0.3864937874	0.1625864096	-0.1933390385	0.0924531047	0.3351257385	-0.0448086693	-0.1157496281	-0.0071473524	0.2787891478	0.0655730746	-0.1537188553	-0.1875987075	-0.1042264564	0.1784414284	0.3140453611	-0.2019923572	-0.0088587632	-0.0260618317	-0.0736747421	0.1898204529	-0.1592385828	0.173816502	-0.0877999553	0.3184759024	-0.2163969737	-0.010901859	-0.0442601199	-0.1310868562	-0.0083003748377166	0.0179978126905382	6.889622244659887e-05	0.0003239212616436	0.0559298969879478	0.0533194450246271	0.0028429632177342	0.0031281533770824	0.0495869310629615	0.0313290802829726	0.0024588637322428	0.0009815112713769	0.0002300178807036	0.0005827161180171	3.395580741969189e-07	5.2908225443375567e-08	7.594661544696457e-05	0.0005227903154176	5.767888397849118e-09	2.733097138945013e-07	-0.0004640084813252	0.0004240705515267	1.798358326721595e-07	2.153038707417185e-07	0.0	0.0	0.0	0.0	0.0	0.0	0.0	0.0	0.0	0.0	0.0	0.0	0.0	0.0	0.0	0.0	0.0	0.0	0.0	0.0	0.0
834.8563645980479	-1.7028445085196608	2.8996794201955653	696985.1495098687	872.4264428852409	-1.839850773085118	761127.8982453946	3.385050867221906	769.703354589197	0.1312363984569629	0.0172229922799547	592443.2540658632	768.66934863633	636.6789503763704	1.39924	20.653048	0.052585686756997	0.033829576786003	0.0256050018	0.1345105374	-0.0793646143	0.0069860145	0.1301213332	0.0276626882	0.0631804957	0.0715780091	0.0779481697	-0.1362891028	0.0254761369	0.1131758022	0.007618288	0.049617587	0.1148367191	0.1249503746	-0.0791459835	-0.0884668975	0.0010878124	0.0430578924	-0.1406634474	0.0323313196	0.0073441636	-0.0978830249	0.2632207962	-0.0828652566	-0.0633453763	-0.2532863738	-0.1416406402	0.0548497085	0.0149168045	0.0736731703	0.053275605	0.0867849041	-0.0363257869	-0.0945522963	-0.1104511654	0.084568291	0.0012583215	-0.0764778761	-0.1264621223	0.0341994828	-0.0469221355	-0.2061655523	-0.0452421049	-0.0804812072	0.0279245425	-0.1453197001	-0.0544784588	0.0684590019	-0.0678720409	0.0926566214	-0.0625488314	-0.1129992844	0.0702086815	0.2297805535	0.0597189726	0.083544439	0.1310827196	0.0110201677	0.0057694725	0.0927641646	-0.0999663163	0.0210105739	0.0195400285	0.008738698	-0.0305703488	-0.0734968162	-0.2257708143	-0.1360834512	0.1036881426	0.1706037603	0.191566506	0.0938276545	0.0160485121	-0.0589023052	-0.0208954073	-0.0499642712	-0.1242038795	0.0005439944090852	0.0088443692468018	2.959299171159559e-07	7.822286737377346e-05	0.0527296125859209	-0.0032002844020269	1.024182025385669e-05	0.0027804120434613	0.0300031203579749	-0.0195838107049865	0.0009001872312151	0.0003835256417287	0.0002301146126376	9.673193400000199e-08	9.357067055380738e-15	5.29527349493527e-08	0.0004949462217382	0.0004189996062912	2.449717624129194e-07	1.755606700722103e-07	-0.0004640565911636	-4.810983840003664e-08	2.31455655087764e-15	2.153485198023806e-07	0.0	0.0	0.0	0.0	0.0	0.0	0.0	0.0	0.0	0.0	0.0	0.0	0.0	0.0	0.0	0.0	0.0	0.0	0.0	0.0	0.0
834.3481768681453	-0.5081877299026019	0.2582547688235598	696136.8802431979	873.6678304356456	1.2413875504046246	763295.4779381279	1.5410430502995942	768.901212275423	-0.802142313774084	0.643432291546841	591209.074238615	766.9835138962134	625.4597677343032	1.361275	20.09268	0.0241701161150084	0.0171332155813583	0.031474546	-0.0569023637	-0.1453405767	-0.0232572827	0.2420881369	0.0210085267	0.0858465707	0.0364200233	0.0230784794	-0.1456771462	0.0571184486	0.1061172262	0.1016915621	-0.0620743812	0.0440363989	0.1661054435	-0.141979212	0.1275310214	-0.0459516548	0.0111394697	0.0004159043	0.1745487043	-0.193511536	-0.1493744175	-0.0889954495	-0.0032335276	-0.1260050059	0.207750215	-0.0876158503	-0.2230650468	-0.0103947332	-0.1192900504	0.1446828822	0.0181374078	0.0186134254	0.0123603481	-0.2020405399	0.1509889634	-0.1166579206	0.0176408964	0.0380645177	-0.0548596382	0.0708587246	0.030384518	-0.1126372668	-0.1979035284	-0.2548057568	0.0837080528	0.0691309324	0.0615754903	0.1314218479	0.084053846	-0.023005182	-0.1316816669	0.0497222757	0.1471344601	0.0738887682	0.2345061988	-0.0716990918	-0.0435230941	0.0419541663	0.1991156181	0.0368204644	-0.0306256086	-0.0262763184	-0.0385284979	-0.0951753177	-0.194600855	-0.0199694437	-0.079824543	0.0966090864	-0.0940841829	0.0030848306	-0.1118787617	0.0185319651	0.0636919916	0.0960317858	-0.055595093	-0.1165920251	0.0004877295124572	-5.626489662799997e-05	2.37880077321738e-07	3.1657385925595222e-09	0.0355549971462494	-0.0171746154396714	0.0002949674155006	0.0012641578220698	0.0317905094880188	0.0017873891300438	0.0010106364935078	3.194759902199088e-06	0.0002300894145428	-2.5198094800017813e-08	6.349439815506846e-16	5.294113868464846e-08	0.0004949582476074	1.20258691999834e-08	2.449836668745882e-07	1.4462153001510934e-16	-0.0003610568821543	0.0001029997090093	1.0608940056000486e-08	1.3036207215098408e-07	0.0	0.0	0.0	0.0	0.0	0.0	0.0	0.0	0.0	0.0	0.0	0.0	0.0	0.0	0.0	0.0	0.0	0.0	0.0	0.0	0.0
834.3858862303674	0.0377093622221309	0.0014219959991998	696199.8071404357	875.1070102666388	1.4391798309932256	765812.279417815	2.071238585937689	768.7076073450758	-0.1936049303471918	0.037482869054741	590911.3855901911	767.9276276123308	629.4839653618195	1.294705	19.11009	0.1003669851610494	0.0568514979438951	0.1231498402	-0.1680293724	-0.0652186782	-0.0342098476	0.1158683958	0.0574807204	0.1073955648	-0.079507034	-0.000168536	-0.0215687242	0.0404864026	0.0403343641	0.2298994476	-0.0394752892	-0.1519311663	0.1220535998	-0.1343622574	0.0828589566	0.0137854048	-0.0319074631	-0.1245459053	0.1693391435	-0.0854740084	0.0826381278	-0.0100828979	0.0771638522	-0.2328223784	0.0632689923	0.0378973213	-0.005477967	-0.0359890264	-0.0112819398	-0.0156068025	-0.1031948109	-0.0033257988	0.164519098	-0.1008229527	0.1141092417	-0.0085345177	0.0543342092	0.0238060843	0.0428320487	0.1532059716	0.033509998	-0.1055238125	-0.1733858136	-0.0067910858	-0.0426064426	-0.0355558168	-0.0029125605	0.0016574997	-0.0100027119	0.2637929122	-0.0411658903	0.1204117246	0.125873454	0.0854073389	0.1606550882	-0.1859989919	-0.1123054017	0.0756162869	0.0335959137	-0.0125750683	0.0169336687	0.0095085764	0.1092382336	-0.1120635825	-0.1232668198	-0.062630349	-0.1280894859	0.1151943307	0.0885696805	-0.1464824358	-0.125236646	-0.0672913843	0.095781991	-0.1131062908	-0.0611443214	-0.1082959623	0.0003665721261398	-0.0001211573863173	1.3437512366265344e-07	1.4679112259263702e-08	0.061930762450487	0.0263757653042376	0.0006956809953842	0.0038354193376986	-0.0077389365381606	-0.0395294460261794	5.989113874167718e-05	0.0015625771031366	0.0005841318446653	0.0003540424301225	1.2534604232704533e-07	3.412100119520862e-07	0.0007979038020826	0.0003029455544752	6.366504773778688e-07	9.177600897628639e-08	-0.0003312325378657	2.982434428859998e-05	8.894915122449463e-10	1.0971499414095239e-07	0.0	0.0	0.0	0.0	0.0	0.0	0.0	0.0	0.0	0.0	0.0	0.0	0.0	0.0	0.0	0.0	0.0	0.0	0.0	0.0	0.0
834.3537087394438	-0.0321774909235728	0.0010353909221366	696146.1112872647	872.8340744119606	-2.272935854678167	761839.321454584	5.1662373994815685	768.3073462682055	-0.4002610768702652	0.1602089296573443	590296.1783296922	767.1509653944344	636.3381231111639	1.122278	16.565033	0.1028285394088225	0.0478392244626693	0.0876891514	-0.1128489795	0.1240702261	-0.0762042011	0.0296186519	-0.043403746	0.1134099247	-0.0948787522	-0.0095838064	0.0980658153	-0.0002531046	0.0440381074	0.0043292845	-0.047424406	-0.0618270121	0.0904493654	-0.0776162295	0.0178733148	-0.0458202123	-0.0555426955	-0.0201765268	0.0761182064	-0.0791545155	0.239370947	-0.0710123293	-0.0674322698	-0.0450103657	-0.0896594234	0.0531042999	-0.0177344922	-0.1059179446	0.0031900698	0.0313944382	0.0246426494	0.0019034825	0.1173777995	-0.074267751	0.047209658	0.029856247	-0.0349004503	0.0363006258	0.1105411148	0.2740858637	-0.0619546285	0.0501941523	-0.0608092017	-0.0104486959	0.0583405625	0.0469632043	0.0280278654	-0.03386011	0.0590718705	0.099965131	-0.0179387246	0.1533900404	0.0909180185	0.1025049502	0.1656503304	-0.1674786038	-0.0593428867	-0.0637057899	-0.0667169749	-0.0252838253	-0.0370438492	-0.0048591984	-0.0879414608	-0.0975362764	-0.190275955	0.0083602901	-0.1519246281	0.0019725386	0.0474212245	-0.1274919767	-0.033930332	0.0821382825	0.1692483491	-0.0107198857	-0.066603812	-0.0993643757	0.0254126556553728	0.025046083529233	0.0006458030674585	0.0006273063001533	0.0519455401616397	-0.0099852222888473	9.970466415769296e-05	0.0026983391426845	-0.0424193532194578	-0.0346804166812972	0.0017994015275571	0.0012027313011883	0.000284238626318	-0.0002998932183473	8.99359424107014e-08	8.079159669114363e-08	0.0010269332123622	0.0002290294102795	1.0545918226525472e-06	5.245447077302133e-08	-0.0004646462474277	-0.000133413709562	1.7799217899093692e-08	2.158961352486434e-07	0.0	0.0	0.0	0.0	0.0	0.0	0.0	0.0	0.0	0.0	0.0	0.0	0.0	0.0	0.0	0.0	0.0	0.0	0.0	0.0	0.0
835.6951596811732	1.341450941729363	1.7994906290665948	698386.3999145416	871.3710203865506	-1.4630540254099742	759287.4551694985	2.140527081268329	770.1537435670563	1.8463972988507749	3.409182985203437	593136.788730351	768.3797337746798	635.162566872204	1.357796	20.041321	0.1610300019107151	0.0751861654641802	0.0728835799	0.0426049918	-0.0353820729	-0.0835255439	-0.0658427245	0.0728473346	0.1147549588	-0.0570561947	-0.0633102483	0.0270142096	0.100249797	0.0447020967	-0.0729866515	0.0778704839	-0.1074568261	-0.0487110638	-0.0008703806	-0.0154993073	0.0367857648	-0.1188898741	-0.0612198661	0.1588360573	0.0434380523	0.0244713489	0.0138502584	0.1793058767	0.2580390752	0.1760241408	-0.0794441422	0.0930597165	0.0212889923	0.138755935	0.0475485741	0.1373909211	-0.0932713312	0.0697424308	0.0477695686	0.0279141785	0.113544236	0.0151223159	0.0513562578	0.0879375645	-0.0776139488	0.0202530568	-0.072108072	-0.0081704077	0.042669285	0.0647346236	0.0340341222	-0.0354241309	-0.0544552397	-0.1681150799	0.0513883642	0.0543476011	0.0714127488	0.0882255794	-0.0316443896	0.0102844677	-0.0223923681	-0.1094476211	0.121891808	-0.1266219203	0.2439638903	0.1658217359	-0.1378991304	-0.3037249056	-0.1139074201	-0.1682698435	-0.0114715476	-0.0153208301	-0.0083205058	0.3371961237	-0.0161655178	0.176076839	0.0728856375	-0.1739326616	0.3169968717	-0.0719655524	-0.0898496795	-0.0081416319091687	-0.0335542875645415	6.628617014439397e-05	0.0011258902139639	0.0723885212643153	0.0204429811026756	0.0004179154763643	0.0052400980108342	-0.0743409878519258	-0.031921634632468	0.0055265824748001	0.0010189907576087	-0.0007413720611145	-0.0010256106874325	1.051877282175765e-06	5.496325330011619e-07	0.000551172100863	-0.0004757611114991	3.037906847697331e-07	2.2634863521495418e-07	-0.0004637960741388	8.501732888999873e-07	7.227946211590213e-13	2.151067983865633e-07	0.0	0.0	0.0	0.0	0.0	0.0	0.0	0.0	0.0	0.0	0.0	0.0	0.0	0.0	0.0	0.0	0.0	0.0	0.0	0.0	0.0
837.9242146879105	2.229055006737326	4.9686862230607405	702116.9895603516	872.1022782483637	0.7312578618131056	760562.3837259865	0.534738060463475	771.3684974821988	1.2147539151425235	1.4756270743540891	595009.3589079449	770.1742205217782	642.8467722990933	1.306685	19.286917	0.0818409531519905	0.0395027534273929	0.1364721303	0.0644738162	-0.0018388404	-0.0536440706	-0.0059740061	0.0801206159	0.110072573	0.0282687258	0.0525333213	0.0148310816	-0.0317431584	0.0419416114	-0.1406173255	0.147890586	0.0093439012	-0.0850728383	-0.1181328126	0.0381356907	0.0362307192	0.1073450882	-0.1162756062	-0.0137845505	-0.0416547185	0.1895276128	-0.1182958541	-0.0624280362	-0.0178009963	0.1154770227	-0.0313424117	-0.0099519906	0.0343072235	0.0244972222	0.1588866994	-0.1714366017	-0.1597528692	-0.0094364298	0.0317708682	0.06100858	-0.0389690499	0.0636637671	0.1346483516	0.0228617413	0.0801259278	-0.1098542828	0.067816064	-0.1100975487	0.1312428782	0.0010705454	0.025361547	-0.0257613573	0.0619993282	-0.0950762675	-0.0125012348	0.0492795266	0.0614082164	0.0028734393	-0.0479029316	0.0620014253	-0.0522225922	-0.1772276982	-0.0648680509	-0.0569004949	0.0625179226	-0.0287621737	-0.0071801605	0.0122474113	-0.0867932488	0.0065060354	0.0558140099	-0.0723247413	0.059663292	0.0742296384	0.0265772476	-0.305772531	-0.0730829191	0.1282076129	0.0143371329	-0.0772216734	-0.0798077096	-0.0017891243750938	0.0063525075340749	3.20096602955478e-06	4.035435197047837e-05	0.090460370169751	0.0180718489054357	0.0003265917228608	0.0081830785712483	-0.0525857648810159	0.0217552229709099	0.0027652626681214	0.000473289726514	-0.0009527570853432	-0.0002113850242287	4.468362846816809e-08	9.077460636716696e-07	0.0010522175309033	0.0005010454300403	1.107161732340237e-06	2.510465229642693e-07	-0.0004629990535764	7.970205624000079e-07	6.352417768884249e-13	2.143681236126421e-07	0.0	0.0	0.0	0.0	0.0	0.0	0.0	0.0	0.0	0.0	0.0	0.0	0.0	0.0	0.0	0.0	0.0	0.0	0.0	0.0	0.0
835.5088580156662	-2.415356672244343	5.833947854155266	698075.0518226427	869.4487444643943	-2.653533783969465	755941.1192507116	7.041241542667306	770.9569321183969	-0.4115653638018557	0.1693860486813538	594374.5911814105	768.5632852983831	637.4738140667187	1.490639	22.002108	0.1164948057380007	0.0585799458400006	0.0156211051	0.1563741941	0.0867443316	0.0617620314	0.1196612335	-0.1982274022	-0.0121663021	0.0195874444	0.1954869604	0.0700816858	-0.1564389042	0.1618033166	0.0131352333	0.1502990815	0.102035873	-0.0498549825	0.119972826	0.0217686262	-0.1314651944	0.1438795883	-0.0799322471	0.045718204	-0.1790142967	0.0157752964	0.0087082826	-0.1253708223	-0.0695859514	0.1237603871	0.0357517428	0.0697015655	0.0273468468	0.0079200577	-0.1387557304	-0.049012367	-0.0896668614	-0.1494565925	0.0406872312	-0.1951682584	-0.0993900778	0.0047056688	-0.0240072058	-0.0858085192	0.0541642662	-0.0681310861	0.037135297	-0.1322176794	-0.0676861034	-0.09687238	0.1336975032	-0.012372765	-0.0921588721	-0.044568402	-0.1114626471	-0.0234452655	0.0630080097	-0.0003937202	-0.0862469437	-0.0195268669	0.1733513949	-0.171194453	-0.1016022487	-0.0612654542	-0.0555285061	-0.0591062729	0.1373552295	-0.0605640823	-0.0878092985	-0.1067433861	-0.0137990546	-0.1031284128	-0.0073510935	0.0637260505	-0.1226313942	0.0215004293	-0.1371377597	0.123317155	-0.018356482	-0.0823644609	-0.0692973963	-0.0084059181472042	-0.0066167937721104	7.065945989749689e-05	4.378195982263898e-05	0.1236778321246134	0.0332174619548624	0.0011033997787227	0.015296206159044	-0.0094654472729729	0.0431203176080429	8.95946920774301e-05	0.0018593617906185	-0.0005673221474876	0.0003854349378555	1.4856009131975021e-07	3.218544190299422e-07	0.0007676319685774	-0.0002845855623259	5.892588391820145e-07	8.098894228434877e-08	-0.0004637832014546	-7.841478782000125e-07	6.148878948855818e-13	2.150948579514781e-07	0.0	0.0	0.0	0.0	0.0	0.0	0.0	0.0	0.0	0.0	0.0	0.0	0.0	0.0	0.0	0.0	0.0	0.0	0.0	0.0	0.0
833.6118576310778	-1.8970003845884091	3.598610459128573	694908.7291831363	873.3438069930929	3.895062528698645	762729.4052131887	15.171512102472285	769.8416878403417	-1.1152442780552292	1.2437697997349293	592656.2243368662	769.4458848267253	629.5277422541095	1.391334	20.536354	0.1480401249989661	0.1152667709342919	-0.0468056959	0.0942005987	-0.1657306765	-0.0201476857	0.0716103332	-0.0409116161	0.0298828391	0.0219815567	0.0890139768	-0.114745885	-0.0858967846	0.1516841177	0.0065506484	0.0403653872	0.0048468849	0.0341541695	-0.0688953972	-0.0635817205	-0.040103476	0.1342075746	-0.0906881975	-0.019270313	0.0554521335	-0.1105128555	0.0898041605	-0.1627432461	0.0764425575	0.0805020263	-0.1556881097	0.1102553634	0.1777639384	0.0819939129	-0.0728030674	0.3095070409	-0.0235836666	0.0013118025	-0.0665043401	0.0018482861	-0.0634020501	-0.0783961287	-0.1160901675	-0.1723883055	-0.1118641299	-0.2511416878	0.0627888402	-0.1567067089	-0.006261825	-0.0611993396	-0.1514621062	-0.0741165612	-0.1688536127	0.0085330352	-0.0982671404	-0.0648858183	0.0109343844	0.0366664051	0.1081129943	-0.0043492644	0.1872493051	-0.0808505848	-0.0283916533	0.2026286662	-0.0350194282	-0.1093968613	-0.0985956642	-0.1902851627	-0.0665867207	0.0634800231	0.0534362811	-0.0333290881	0.0546660142	0.0530219265	0.2075731738	-0.0487307958	0.0651039272	0.0736848306	-0.0964266582	-0.0873863672	-0.0583804184	0.0004797784989705	0.0088856966461747	2.301874080743861e-07	7.895560488784033e-05	0.0124947794914476	-0.1111830526331658	0.0123616711928293	0.0001561195145398	0.0023460325429027	0.0118114798158756	5.503868692358508e-06	0.0001395110554408	-0.0002448219921195	0.0003225001553681	1.0400635021244867e-07	5.993780782536053e-08	0.0007670569676949	-5.750008824999655e-07	5.883763916892949e-07	3.306260148757391e-13	-0.000463905963279	-1.2276182439997438e-07	1.5070465530010144e-14	2.152087427658169e-07	0.0	0.0	0.0	0.0	0.0	0.0	0.0	0.0	0.0	0.0	0.0	0.0	0.0	0.0	0.0	0.0	0.0	0.0	0.0	0.0	0.0
833.0539591658962	-0.5578984651815517	0.311250697451931	693978.8988819747	870.9948271947192	-2.3489797983737617	758631.9889999587	5.517706093168038	768.2857293640541	-1.5559584762876284	2.4210067799313184	590262.9619444566	766.7053192529505	636.5309645218008	1.100951	16.250242	0.0559480369713508	0.0390106320126104	-0.0587772526	0.0700855823	-0.1366173729	0.03288634	0.0954866182	-0.0836636484	0.045564374	0.0178110579	0.1208681298	-0.1232498521	0.1077790176	0.0591050894	-0.0676032056	-0.0767613186	0.0842206558	0.0428792171	-0.1189659475	-0.0569708815	-0.1065922413	0.004061101	0.0170279358	-0.0247685621	-0.071774407	0.0160064619	0.141987314	-0.0244171502	0.0426249869	-0.0453301222	0.0245315697	-0.0361076851	0.136291801	0.0439886335	-0.0089347894	-0.0657650317	0.0677860761	-0.0181230596	-0.0663735763	0.1397745295	-0.0701274021	-0.0972959338	-0.1294491217	0.0671573411	0.0195904865	-0.1361456882	-0.021632127	-0.0435757714	-0.040657143	-0.0838917716	-0.0385510677	-0.0842070076	0.0213568488	-0.0278886145	-0.0595880485	-0.0672646086	-0.0292091331	0.0603600573	0.1288653534	0.1137527926	0.164027838	-0.0745216894	-0.0308635397	0.0568748101	-0.0477818824	-0.0092397615	-0.0461084177	-0.1039939394	0.0021989081	0.1279454702	0.040882599	0.0563043408	0.0495411479	0.0856507985	0.1700993406	0.032399616	-0.0313513053	-0.0183925778	-0.0709676215	-0.092280022	-0.0471208409	0.0003794280238906	-0.0001003504750798	1.4396562531352577e-07	1.0070217848761629e-08	0.0423240846490955	0.0298293051576478	0.000889787446188	0.0017913281413838	0.0024780899699408	0.0001320574270381	6.140929899121196e-06	1.743916403592318e-08	-0.0005868891020837	-0.0003420671099642	1.1700990771926015e-07	3.444388181446117e-07	0.0007675848295449	5.278618499999534e-07	5.891864705474731e-07	2.7863813268537333e-13	-0.0002887744568615	0.0001751315064174	3.0671044540062845e-08	8.339068693565433e-08	0.0	0.0	0.0	0.0	0.0	0.0	0.0	0.0	0.0	0.0	0.0	0.0	0.0	0.0	0.0	0.0	0.0	0.0	0.0	0.0	0.0
831.6110489573283	-1.4429102085679233	2.081989869989528	691576.9367479079	871.682723367451	0.6878961727318256	759830.7702172961	0.4732011444590936	767.9100765203009	-0.3756528437531869	0.1411150590198563	589685.8856214144	766.5995618398823	630.7250257239622	0.95036	14.0275	0.0396142478773497	0.0232037381897388	-0.0865408036	0.0983160963	-0.1391784804	0.020476023	0.026206625	-0.016467971	-0.0552090771	0.1406098231	0.0678781345	-0.0630429645	0.1082985291	0.0270901019	0.0527025429	-0.1190045945	0.0912223295	0.0583502248	-0.1320244178	-0.1041374453	-0.0322655377	-0.0292167598	-0.0133673722	0.0038869928	0.0783851001	-0.0593597315	0.1086251481	0.1121360585	-0.0243653647	-0.0045312559	-0.1024548299	0.2052888205	0.1343222522	-0.0142929469	-0.2077043954	0.1012231915	0.1119075567	-0.0553243231	-0.0177801763	0.1874505298	-0.009125399	-0.0966275821	-0.152202671	-0.0448498931	-0.0067267066	-0.0329138941	-0.0191112942	-0.0557588267	-0.0142196363	-0.0826331426	-0.0961029584	-0.1345033555	-0.1084487988	-0.041213371	0.1280070321	-0.046742818	-0.043168322	0.0159684815	0.0842806484	0.14398606	0.1678187984	-0.0501719015	-0.0342624062	0.030565298	-0.0407561779	-0.0224199362	-0.0510049069	-0.06106523	0.0427996721	0.1062957225	-0.0036475165	0.1067377719	0.0549111727	0.0385794948	0.0642994176	0.0492944352	-0.0153768842	-0.0488834145	-0.1234902702	-0.0970382431	-0.0355847396	0.0005807332295546	0.0002013052056639	3.3725108390891574e-07	4.0523785827425326e-08	0.05928114325188	0.0169570586027845	0.0002875418364582	0.0035142539452499	0.0055535561951671	0.0030754662252262	3.0841986412878874e-05	9.458492502507704e-06	-0.0007489468843965	-0.0001620577823128	2.6262724808142872e-08	5.609214356472244e-07	0.0006710596075207	-9.65252220242e-05	4.503209968458359e-07	9.317118486821103e-09	-0.000159749104325	0.0001290253525365	1.6647541597168115e-08	2.551977633263973e-08	0.0	0.0	0.0	0.0	0.0	0.0	0.0	0.0	0.0	0.0	0.0	0.0	0.0	0.0	0.0	0.0	0.0	0.0	0.0	0.0	0.0
831.1330186872995	-0.478030270028853	0.2285129390638581	690782.0947522628	871.2457418378615	-0.4369815295895023	759069.1426706056	0.1909528572023811	768.2422070029555	0.3321304826546338	0.1103106575084	590196.088620772	767.1136277238486	631.6988164116354	0.998267	14.734611	0.0533832329208407	0.0268167438359472	-0.1295869696	0.0767642912	-0.0011142682	0.0236632826	-0.0480412946	0.0982708537	-0.0613054944	0.1667651193	0.0020331887	-8.53027e-05	0.1786268077	-0.0222519316	-0.0697463758	-0.0885195874	0.1234202023	0.0213904202	-0.1137648032	-0.115671896	0.0680292232	-0.0432240127	0.0834843658	0.0474573023	-0.1030216338	-0.0363007247	-0.0090613975	-0.0509812633	0.0113097433	-0.0222114046	-0.1805006133	-0.0854565003	0.051961636	-0.022578549	-0.0248293685	0.0262403873	0.0712837306	-0.0900545958	0.0284925382	0.2080405256	0.0529471054	-0.0575899192	-0.0289988376	0.0044504307	0.0609978429	0.0562864465	-0.0776327533	-0.021554049	-0.1109954202	-0.0242188236	0.0384595638	-0.1101927707	-0.0578966806	0.0405814139	-0.003322166	-0.0358322784	-0.0585166801	0.0113032061	0.0921584737	0.1426969862	0.1021575828	-0.0397915112	-0.0271651276	-0.1250071917	-0.0244462026	0.043121272	-0.0156365076	-0.0298025247	0.1296071732	0.0235338321	-0.0106936775	0.0636254312	0.0012181136	-0.0478634457	-0.0130107931	0.0583557499	-0.0249094452	-0.1279006422	0.0697718411	-0.1016540472	-0.023839813	-0.0015767132296815	-0.0021574464592361	2.4860246086526663e-06	4.654575224470385e-06	0.0377857238116945	-0.0214954194401855	0.0004620530569095	0.0014277609239736	0.0025084863606679	-0.0030450698344992	6.292503821656886e-06	9.272450296976985e-06	-0.0010719589541709	-0.0003230120697744	1.0433679721994189e-07	1.14909599942717e-06	0.0008310586448789	0.0001599990373582	6.906584712279536e-07	2.5599691955550697e-08	-0.0001090542677192	5.069483660579999e-05	2.5699664584887587e-09	1.1892833307770947e-08	0.0	0.0	0.0	0.0	0.0	0.0	0.0	0.0	0.0	0.0	0.0	0.0	0.0	0.0	0.0	0.0	0.0	0.0	0.0	0.0	0.0
831.8918151688672	0.7587964815677424	0.5757721004395852	692043.9921449528	871.2993634962878	0.0536216584263229	759162.5808290363	0.0028752822523892	769.4677104823637	1.2255034794081894	1.5018587780415784	592080.5574749707	768.2318309674014	616.1076673409518	0.945296	13.952742	0.0516060607318118	0.0310959637158434	-0.1239067113	0.0922759627	-0.0422887381	-0.0417710736	-0.0937089628	0.2294386758	-0.0420663021	0.1613056377	-0.0210780595	-0.0985862501	0.1240483466	-0.0369433392	-0.1371868096	-0.0335760674	0.1244912895	-0.0279339573	-0.1129759516	-0.0653883457	0.1060455963	0.1196913039	0.0115964698	-0.0087903674	0.02188396	-0.0156615997	-0.0366103267	0.0384951632	-0.0103484896	-0.0409895422	0.161406813	0.0739939071	0.0415920637	-0.1131081049	-0.1686093026	0.0169564342	0.0236549653	-0.1118881496	0.0350679711	0.2106627218	0.0719903422	0.0031330753	0.135458817	-0.0035446192	0.0083429167	0.0146394987	-0.0701160637	0.0510394151	0.0636936084	0.0470499011	-0.0222784128	-0.0058914893	-0.0133407723	-0.0677625185	-0.0072789675	-0.0330063287	-0.0631269742	-0.0098321326	0.0247521655	0.1456159412	0.0744346855	-0.0744909261	-0.0118841003	-0.1259357643	0.0153830632	0.0241403516	-0.0176044506	0.0264024393	0.0674961237	0.0013610903	0.060887895	0.0551678254	0.0109817422	-0.1057760359	-0.0517181019	-0.0420958587	-0.0009687671	-0.0503436001	0.0256863732	-0.10612066	-0.0119549848	0.0004321792794286	0.0020088925091101	1.867789295674239e-07	4.035649113158673e-06	0.0651333458162071	0.0273476220045126	0.0007478924293017	0.0042423527372136	0.014710495516482	0.0122020091558141	0.0002163986783404	0.0001488890274385	-0.0011574430337591	-8.54840795882e-05	7.307527863041712e-09	1.3396743763974692e-06	0.0007675939037561	-6.346474112280001e-05	5.89200401083529e-07	4.027773365784023e-09	-0.0001610561882557	-5.2001920536500005e-05	2.7041997394844612e-09	2.593909577545548e-08	0.0	0.0	0.0	0.0	0.0	0.0	0.0	0.0	0.0	0.0	0.0	0.0	0.0	0.0	0.0	0.0	0.0	0.0	0.0	0.0	0.0
835.1458288518579	3.254013682990717	10.58860504909081	697468.5554486568	866.1187300271546	-5.180633469133227	750161.6545038511	26.83896314150337	769.8377375823773	0.3700271000135444	0.1369200547444336	592650.1422059531	768.0599183333976	626.3777728185934	1.16722	17.228388	0.0413302041398167	0.0303784576752213	-0.0198502207	0.0955851306	-0.1300148568	-0.0617922065	-0.0190074534	0.2049742547	0.0747643403	0.0306943615	-0.045007092	-0.1582958891	0.148788722	0.0357430059	-0.2053063487	0.0166303461	0.0634350302	-0.0631015299	-0.0827746491	-0.0108234336	0.1971890465	-0.0675814516	-0.1205024383	0.0025030692	-0.1269941759	0.0525382053	0.0568600252	-0.0255737697	-0.0144356954	-0.0242386136	0.0602308734	-0.0948242656	0.1340074391	0.0972642753	-0.0012918486	0.0089794014	-0.0309190137	-0.0576145956	0.0367019969	0.1780836439	0.0828888643	0.0686708207	0.0879125975	0.1612664011	-0.1204715001	-0.1055626382	-0.0360589258	-0.0324006397	0.0655240013	0.0342134934	0.0386211271	-0.010439934	0.021356472	0.0613676684	-0.156502078	-0.0060598328	-0.0230091428	0.0355100045	0.0125172168	0.0979443127	0.1085710548	-0.1498026555	0.037355273	-0.0688688625	-0.01156818	0.0883784794	-0.1153579025	0.0181766233	0.0889826801	0.0780969133	0.0022854285	0.0762627599	-0.032998648	0.010873569	0.0708548398	-0.0266241068	-0.0198745805	-0.0584351492	-0.0235651707	-0.1104315261	-0.0	0.010689132741561	0.0102569534621324	0.0001142575587667	0.0001052050943243	0.0661300459629785	0.0009967001467714	9.934111825741378e-07	0.0043731829790656	-0.0135896152005159	-0.0283001107169979	0.000184677641298	0.0008008962665943	-0.0011574516533117	-8.619552599887365e-09	7.429668702222501e-17	1.3396943297539878e-06	0.000767073811573	-5.200921830999681e-07	5.884022324011303e-07	2.704958789216908e-13	-0.0001260561037131	3.500008454260001e-05	1.225005917989148e-09	1.5890141283327823e-08	0.0	0.0	0.0	0.0	0.0	0.0	0.0	0.0	0.0	0.0	0.0	0.0	0.0	0.0	0.0	0.0	0.0	0.0	0.0	0.0	0.0
834.952131041516	-0.1936978103418596	0.037518841731231	697145.061130769	867.6642113742449	1.5454813470903446	752841.1836996904	2.3885125942041863	770.2496530899149	0.4119155075376284	0.169674385349982	593284.5280851342	768.9721453329797	639.8414558102103	1.175475	17.350239	0.0389323671232097	0.0195105132852861	0.0148105404	0.1231760732	-0.0871322663	0.0229518591	0.0540555713	-0.0494719542	-0.0267749628	0.1654249199	0.0569405053	0.0468851369	0.0782110775	0.0527421464	0.0627953237	0.0517260209	0.1285975243	-0.154253595	-0.0537741824	-0.0400126724	0.1073748739	-0.0207838257	-0.0202950504	0.0702647179	-0.163583104	-0.0583759345	0.0064506854	0.0424015514	-0.2705103227	0.0964537029	-0.2367789749	0.0137216223	0.0016025434	0.1505503543	-0.0018381157	0.2074931854	-0.0265441889	-0.151077281	0.1423003449	0.0791794797	-0.0115054456	0.0804989306	-0.0051725179	-0.0082170044	0.0739695385	0.0470537543	-0.0243885027	-0.1579065139	-0.1859085665	-0.1378034567	-0.0390650022	-0.0289173619	0.0501308679	0.1135835202	0.0681114412	-0.0062133978	-0.0302883808	0.019785483	0.0144313645	0.0355605845	0.1060612157	-0.1650114943	-0.0504192049	-0.102259194	0.0302209739	-0.015819597	-0.0109197695	0.0733346229	0.0302172647	0.0186011961	0.0435516809	0.078789897	0.0305937881	-0.0959800781	-0.0697155321	0.0082177203	-0.1222840302	0.003598401	0.0662990543	-0.1145803187	0.0119549848	0.0174954194901459	0.0068062867485849	0.0003060897031361	4.632553930396242e-05	0.0719573690744113	0.0058273231114328	3.3957694645038885e-05	0.005177862964111	-0.0060132626188789	0.007576352581637	3.615932732360632e-05	5.740111844127764e-05	-0.0011573313496076	1.2030370410000098e-07	1.4472981220180586e-14	1.3394158527845488e-06	0.0007297683102398	-3.730550133320006e-05	5.325617866302529e-07	1.3917004297213912e-09	-0.0004630783923069	-0.0003370222885938	1.135840230090026e-07	2.1444159742154318e-07	0.0	0.0	0.0	0.0	0.0	0.0	0.0	0.0	0.0	0.0	0.0	0.0	0.0	0.0	0.0	0.0	0.0	0.0	0.0	0.0	0.0
832.5495345439112	-2.4025964976048044	5.772469930302873	693138.7274692833	868.7411838809386	1.0769725066936644	754711.2445708547	1.159869780174035	769.2088061705331	-1.0408469193818064	1.0833623095865963	591682.1874902968	767.9808119831879	632.0805583210553	0.974181	14.3791	0.0525321904074373	0.0271625710309675	-0.0709836816	0.1287622759	-0.0017502439	0.035791484	-0.0097903234	-0.1430513128	-0.0980225995	0.1550732005	0.0342472614	0.0609356937	0.0466095646	0.0305893583	0.0654988873	-0.0187681703	0.0960647735	-0.1091803846	0.0547155239	-0.0944172348	0.149473471	0.0037257719	0.1236680574	-0.0446618935	0.0023952433	0.0743533132	-0.0638331227	0.0241564467	-0.0749758355	0.1052703232	-0.1851906823	-0.1136483301	0.0344328801	0.0499928299	0.0265109109	0.0370984459	0.0423455724	-0.1216970227	0.1299283237	0.0294044944	0.0691195848	0.0594566592	-0.0325801217	-0.1323452677	0.0809259743	0.0437195303	0.1352569928	-0.0566373033	-0.1601190432	-0.0193749278	-0.0406662545	-0.1453176876	-0.0644146022	0.108200792	0.0347868005	0.0092578785	-0.0297734931	-0.0054348032	0.0427220076	0.0251279318	0.0968904042	-0.1350756904	-0.0285432868	-0.1427151319	-0.0066711429	-0.0431564146	0.00698199	0.0547108382	0.104919919	0.002926629	-0.0002245575	0.0192944469	0.0441689495	-0.0860512011	-0.1135888059	0.0887531809	-0.0337202877	-0.0737046435	0.1030327477	-0.1185609488	0.023839813	0.0175778279051996	8.240841505369884e-05	0.0003089800338648	6.791146871662697e-09	0.0534877911632349	-0.0184695779111764	0.000341125308217	0.0028609438035218	-0.0094723240641911	-0.0034590614453121	8.972492317705379e-05	1.1965106082445323e-05	-0.0011008986640976	5.643268551000003e-05	3.1846479938705676e-09	1.2119778686118805e-06	0.001024616093765	0.0002948477835252	1.0498381396022473e-06	8.69352154497232e-08	-0.0002039360086242	0.0002591423836826	6.715477502075167e-08	4.158989561356978e-08	0.0	0.0	0.0	0.0	0.0	0.0	0.0	0.0	0.0	0.0	0.0	0.0	0.0	0.0	0.0	0.0	0.0	0.0	0.0	0.0	0.0
832.7847743620629	0.2352398181516264	0.0553377720440102	693530.480409272	869.4132096246378	0.672025743699237	755879.3290698144	0.4516186001945125	769.2249234938464	0.016117323313324	0.0002597681107862	591706.9829241139	768.0872133757796	624.6786167621613	0.831624	12.274933	0.0366063948545153	0.0176755385880263	-0.0703779564	0.1093930331	-0.0239516592	-0.0097290869	-0.0753515785	-0.0194632156	-0.0771531619	0.1587679891	0.0197982219	0.0454861678	0.0312824861	-0.0215935149	0.1207024457	-0.0242370345	0.0541274606	-0.0749722083	-0.0274684608	-0.0686014331	0.1398706166	0.0194659755	0.0504920533	-0.0432059327	0.0093241753	-0.0883387151	-0.0513517625	0.129883311	0.0107513602	0.0855138373	-0.0475281786	0.0033986111	0.0339662744	-0.0157039165	0.0628919696	-0.064224064	0.0345793627	-0.0979731423	0.1151139769	0.0627761916	0.0355306131	0.0729320156	0.010511426	-0.0821337029	0.0438545348	0.0693659745	0.0284055627	-0.0113060323	-0.0813450814	-0.0933996806	-0.1133989785	-0.0453604813	-0.0404520872	0.1108069442	-0.0123819699	0.001771504	-0.0392696806	-0.0109018098	0.0165117117	-0.0121200263	0.0867155078	-0.1157544264	-0.0073042723	-0.1169825631	0.0170776486	-0.0312181968	0.0315623182	0.037436651	0.0840598487	-0.0096270536	0.0867161149	-0.0152614206	0.0422044212	-0.1641043269	-0.1195528631	0.0046498052	-0.0494066434	-0.150923933	0.0547098233	-0.1223675745	0.0355847396	0.017670786974449	9.295906924940144e-05	0.0003122567122963	8.641388555715014e-09	0.0447166148374833	-0.0087711763257515	7.69335341374253e-05	0.0019995756425238	0.0025427632745333	0.0120150873387244	6.465645070315311e-06	0.0001443623237571	-0.0010608232055108	4.007545858679992e-05	1.6060423809423155e-09	1.125345873350209e-06	0.001208660858708	0.0001840447649429	1.46086107137276e-06	3.3872475502924115e-08	-0.0002943592275102	-9.042321888599995e-05	8.176358513705461e-09	8.664735482040167e-08	0.0	0.0	0.0	0.0	0.0	0.0	0.0	0.0	0.0	0.0	0.0	0.0	0.0	0.0	0.0	0.0	0.0	0.0	0.0	0.0	0.0
832.5123858196364	-0.2723885424264836	0.0741955180452242	693076.8725431032	869.7927544701179	0.3795448454800407	756539.4357287148	0.144054289730468	768.4181244704897	-0.8067990233566888	0.6509246640893069	590466.414014745	767.2965059880895	619.7532375516261	1.003885	14.817538	0.0445266721058989	0.0231607165658763	-0.0859774149	0.1218135194	-0.1406484577	-0.0106123359	-0.0160052103	0.1292721094	-0.0238514845	0.1263686474	-0.0267273483	-0.1001873911	0.1157797223	-0.0015726973	-0.0858126685	-0.0711669821	0.1342809725	-0.0236742848	-0.1014979153	-0.0474477522	0.0734799128	-0.1199845945	-0.0290950007	-0.028917599	-0.1335611743	-0.0072349914	-0.0076536907	-0.1026175799	0.1215444028	-0.1201764975	0.0756826861	0.0728886362	-0.0090350598	-0.0917352719	-0.038195192	0.0366904198	0.0575681762	-0.1060701001	0.0244367606	0.1958722733	0.0389178446	-0.0023663921	0.0328504111	0.1157595177	-0.1091938822	-0.0812558113	-0.0215607996	-0.0230114806	-0.0752831663	0.0817312641	0.0411809401	-0.0029121488	0.0132032597	-0.0677735736	-0.0855564067	-0.0242347431	-0.0699013749	0.012001689	0.0185719285	0.0031381807	0.1414705681	-0.0994596439	0.0648086099	0.0211388493	0.0020868237	-0.0709031563	-0.0144171265	0.0473502235	0.1377460799	0.0576705665	0.0535722331	-0.0288543241	-0.026533647	-0.0912582498	-0.0059788384	-0.0634346491	-0.0260144156	-0.0910056705	-0.0030929448	-0.1259946088	0.0471208409	0.0100473853992184	-0.0076234015752306	0.0001009499533604	5.8116251577228414e-05	0.0486938155999041	0.0039772007624208	1.5818125904600595e-05	0.0023710876776774	0.0175547882053308	0.0150120249307974	0.000308170588934	0.0002253608925228	-0.0012764126416704	-0.0002155894361595	4.647880498361422e-08	1.629229231816009e-06	0.0012085989182146	-6.194049339994062e-08	1.4607113451095017e-06	3.836624722628086e-15	-0.0001517297074142	0.0001426295200959	2.0343180002815263e-08	2.3021904111998738e-08	0.0	0.0	0.0	0.0	0.0	0.0	0.0	0.0	0.0	0.0	0.0	0.0	0.0	0.0	0.0	0.0	0.0	0.0	0.0	0.0	0.0
834.6168903371422	2.104504517505802	4.428939264202329	696585.3536360413	870.2668685913086	0.4741141211907234	757364.4225677219	0.2247841999124519	769.5724412526516	1.1543167821619136	1.3324472335806343	592241.742335566	768.4824290402798	629.9053128887625	1.327052	19.58754	0.0599379882731055	0.0314952957282915	0.0233380859	-0.0625142405	-0.1527233699	-0.0045011632	0.091039416	0.1710431724	0.0346306564	0.102598013	-0.13521869	-0.1698597861	-0.0035801862	0.0538055454	0.0006074476	0.0247166639	0.0361823419	0.1209146949	-0.0747201063	0.0508414885	-0.1228665572	-0.0147125395	-0.1605250774	-0.1152768323	-0.0333191934	0.0317043572	0.0565423611	0.000215009	0.0960029474	0.2290205776	0.1214048869	-0.0383214844	-0.0047396639	0.0166404329	0.0763532695	-0.0578745641	-0.0450184286	-0.0061051689	-0.150603917	0.0803546671	-0.1034207477	-0.04797089	0.1323818309	0.0303748157	-0.1242198357	0.0632861611	0.03572807	-0.0829032903	0.001052063	-0.0493039546	0.051114766	-0.0212503039	0.1665255184	-0.2072792617	-0.1059100348	-0.0297174542	-0.056115552	0.0269095135	-0.0141948219	0.0170231576	-0.0005477216	-0.0059233755	0.006280094	0.1511243634	-0.0316758788	0.000791883	0.0659674834	-0.0102646841	-0.0350718028	0.2436100295	0.1538778557	0.0819845389	0.0519943487	0.0416458738	0.1112951257	0.0959266433	-0.0514675909	0.0597744585	-0.0323790577	-0.1294367287	0.0583804184	0.006982261533821	-0.0030651238653974	4.875197612667638e-05	9.394984310228704e-06	0.0684316897263812	0.019737874126477	0.0003895836750326	0.0046828961588077	0.0158374629583448	-0.0017173252469859	0.0002508252329569	2.9492060039355254e-06	-0.0010479277695064	0.000228484872164	5.2205336807799444e-08	1.0981526101026584e-06	0.0007660996782874	-0.0004424992399272	5.869087170720577e-07	1.9580557733614974e-07	-0.0001890988960079	-3.73691885937e-05	1.396456256151518e-09	3.5758392471406586e-08	0.0	0.0	0.0	0.0	0.0	0.0	0.0	0.0	0.0	0.0	0.0	0.0	0.0	0.0	0.0	0.0	0.0	0.0	0.0	0.0	0.0
835.0944774484046	0.4775871112624372	0.2280894488439996	697382.786264824	872.4474144992449	2.1805459079363345	761164.4910664173	4.754780456617893	769.8763542427922	0.3039129901405886	0.0923631055761935	592709.6008221733	769.0830078287847	639.8044568019754	1.22158	18.030748	0.0781677789065464	0.0393608938762306	0.0863021784	-0.0843641536	0.1198488614	0.0667749608	0.0498532546	0.2154641646	0.0521556429	-0.0794538986	0.0487736219	-0.0369900308	-0.0169039868	-0.0817742703	0.1574040762	0.0572008164	-0.0117015585	-0.0093410844	0.0529606549	0.1726588882	-0.1180675607	0.0158364031	-0.1639407556	-0.0545485591	-0.0782825182	0.0823559723	0.0531274046	-0.1042529139	-0.0033130854	-0.1330969671	0.0269750753	0.0990337311	-0.0893124815	0.2169645071	-0.1411476434	-0.0179140105	-0.0273664656	-0.0094803044	-0.0425101415	-0.1511916396	-0.1438406162	0.0204663224	0.0777404411	0.0961432227	-0.016527291	-0.0138783156	-0.0320250218	-0.0918341814	0.0738024688	-0.1469015036	0.0532116376	-0.020189654	-0.0168337022	-0.1258592354	-0.0698772374	-0.0218311192	-0.0224525824	0.0363030278	0.0192718856	-0.0418399079	-0.0869244422	0.059161251	-0.1082804249	0.0162746385	-0.1357366768	0.0208353609	0.0560084681	0.0101894362	-0.0734719124	0.1904826644	0.1121277331	0.0363106248	-0.0005935871	0.0624458317	0.0554509857	0.1290404636	-0.0270176421	-0.0551355094	-0.0589297593	-0.1326888823	0.0692973963	0.0177999250106069	0.0108176634767858	0.0003168373303832	0.0001170218430969	0.041269329603736	-0.0271623601226451	0.0007377938074322	0.0017031575659418	0.0091855867316894	-0.0066518762266553	8.437500360538837e-05	4.424745733474326e-05	-0.0008972664060078	0.0001506613634985	2.2698846451257247e-08	8.050870033501543e-07	0.0010122083754815	0.000246108697194	1.0245657953948972e-06	6.056949083457719e-08	-0.0004630464169244	-0.0002739475209165	7.504724421629621e-08	2.144119842265253e-07	0.0	0.0	0.0	0.0	0.0	0.0	0.0	0.0	0.0	0.0	0.0	0.0	0.0	0.0	0.0	0.0	0.0	0.0	0.0	0.0	0.0
831.9768598739806	-3.1176175744240027	9.719539340357402	692185.4953657693	868.2407339487644	-4.206680550480542	753841.9720878891	17.69616125379127	768.2500040925892	-1.6263501502030522	2.6450148110654905	590208.0687882632	767.4002442253055	640.2421633075265	0.994571	14.68005	0.0242244811637551	0.0127971216840516	0.009375178	-0.1120778692	0.147702644	0.0888322278	0.0279412141	0.1897272437	-0.0106144484	-0.1298819212	0.0298395288	-0.1284492953	-0.0176289221	-0.1539642623	0.0362539606	-0.0727951016	-0.0070144639	-0.0123533856	0.1082723176	0.0839759487	-0.2366721481	0.0664738521	-0.0676540143	-0.0214950368	0.0727332169	0.0447276281	0.0656103632	-0.1012883284	0.0934688227	0.0703263547	-0.1782466432	0.0875660425	0.0097370514	-0.0472172695	-0.0584540718	0.0692648158	0.1029305068	0.0273044159	-0.0647356792	-0.1873237439	-0.1456146207	-0.0473181761	0.0425234685	-0.0194476167	-0.0406761005	-0.1438886931	0.082736266	-0.1251918238	0.0249961125	0.0177344619	-0.047524917	-0.0264835878	0.0684191775	-0.2271850373	-0.0782966547	-0.0153975852	-0.0388087337	-0.0012182288	0.0301017236	0.0236483617	-0.078371413	0.0823865855	-0.0891845721	0.0108056695	-0.0991551147	-0.0383624211	0.062687515	-0.0665240521	-0.0328701898	0.166804171	0.1135330087	-0.014489369	0.0150306428	0.1047960733	0.0863761879	0.1385116981	-0.0220317808	0.0607678953	0.0100233678	-0.1357462967	0.0798077096	0.0175974863406338	-0.000202438669973	0.0003096715255087	4.0981415100476515e-08	0.0382268499789262	-0.0030424796248098	9.256682267382792e-06	0.0014612920593113	0.0025595175196571	-0.0066260692120323	6.551129933431634e-06	4.3904793202642354e-05	-0.0009187872891571	-2.152088314929992e-05	4.631484115258211e-10	8.441700827166524e-07	0.0011766706953524	0.0001644623198708	1.3845539253011002e-06	2.7047854657318212e-08	-0.0003619597468058	0.0001010866701186	1.021851487566666e-08	1.3101485830771886e-07	0.0	0.0	0.0	0.0	0.0	0.0	0.0	0.0	0.0	0.0	0.0	0.0	0.0	0.0	0.0	0.0	0.0	0.0	0.0	0.0	0.0
831.637315472114	-0.3395444018666467	0.1152904008389788	691620.6244856644	868.3288423651891	0.0881084164246885	753994.9784832693	0.0077630930448663	768.5410449804849	0.2910408878957469	0.0847047984271447	590655.3378196957	767.0642682282113	621.2169459707596	1.215008	17.933748	0.0883273857169318	0.0429334854954664	-0.0700583014	-0.0929924338	0.0738771953	-0.0480964994	-0.0793573102	0.036646658	-0.0430600506	-0.0107773538	-0.1114359392	-0.0490690597	-0.0074845421	-0.0913067373	0.0977649036	-0.0410900359	0.0402999174	0.0551845147	-0.0473481653	-0.0104834643	-0.0175488267	0.0213084591	0.0449338882	-0.0183260979	0.032723942	0.125767884	-0.0431255321	0.0316238767	0.2053264117	-0.097144481	-0.1068008217	0.0084227388	-0.18761976	-0.1718261112	-0.0170889198	-0.1652271006	0.0378555447	0.0145414805	-0.0512906526	0.0208235159	-0.0367114278	-0.056701148	0.0482740497	0.0405776276	0.0959960947	-3.087e-05	0.1225315537	0.1009374067	0.057927261	0.0444020021	0.1419981901	0.0452866719	0.0613292604	0.0552547936	-0.0774919678	-0.0267783367	-0.0676311845	0.0007823826	0.0580441243	0.1238996904	-0.0695886715	0.1015043953	-0.0390470185	-0.1135324282	-0.073563689	0.070871595	-0.0277313052	0.0133181424	0.1020367944	0.0715997489	0.0487429059	-0.0345216321	0.0070013246	-0.0233250212	-0.008424254	0.0495998285	0.11197341	-0.0413974344	0.0466336067	-0.1386044847	0.0898496795	0.017839866365648	0.0002423800250141	0.0003182608319441	5.8748076525883934e-08	0.0187752104667424	-0.0194516395121838	0.0003783662797119	0.0003525085280704	0.0288912088943646	0.0263316913747075	0.0008347019513778	0.0006933579706528	-0.0012720091058733	-0.0003532218167162	1.2476565180429288e-07	1.6180071654245925e-06	0.0010599930050305	-0.0001166776903218	1.1235851707135898e-06	1.3613683418853155e-08	1.4174242256627346e-05	0.0003761339890624	1.414767777280142e-07	2.0090914354956028e-10	0.0	0.0	0.0	0.0	0.0	0.0	0.0	0.0	0.0	0.0	0.0	0.0	0.0	0.0	0.0	0.0	0.0	0.0	0.0	0.0	0.0
834.0974626039948	2.460147131880831	6.052323910501478	695718.5771224225	873.1174688781334	4.788626512944347	762334.1144601583	22.93094388047354	768.7048973942434	0.1638524137584909	0.0268476134944837	590907.2192778942	767.3013120343871	634.1352955804151	1.060917	15.659332	0.0745524270002758	0.0396258050434182	-0.0487185656	0.0458566723	0.0924217607	0.0130420381	-0.0618245793	0.0702237037	0.0525342644	0.0609641182	-0.0687853533	-0.0322828444	0.0921501501	-0.0659422725	-0.0617131586	-0.0278508163	0.0380558198	0.0757521621	-0.1072727837	-0.0804478172	0.1114340173	-0.0247797457	0.0958129413	-0.0224481958	-0.0533282876	0.0720423543	-0.0398648113	0.1430240498	-0.0633044525	-0.0788975065	0.034719948	0.1443781046	0.0148615832	-0.078610917	-0.0224547446	-0.0575150524	-0.0206760636	-0.0163178543	-0.0196090703	0.1733092524	0.0986980136	0.0204702118	0.0777544867	0.0661905163	0.0716904067	0.1012824636	-0.0293193851	0.1450261638	0.0941259003	0.0575247252	0.0381980851	-0.0302336802	0.1228458969	0.0014797486	0.0509388399	-0.0066783548	-0.0589165859	0.0008429868	0.0396257728	0.0691605677	-0.0228522255	-0.0065000718	-0.051677567	-0.1235999291	-0.0013511024	-0.0029062507	-0.0256840573	0.0764255358	0.0631055371	0.0289969858	0.0517708608	-0.0007040667	-0.0280612304	-0.0843451517	-0.0184801398	0.0384481745	0.0487040624	0.0887925369	0.0610645679	-0.1412592515	0.0993643757	0.0178313482344094	-8.518131238602344e-06	0.0003179569798567	7.255855979805311e-11	0.0445352412254891	0.0257600307587467	0.0006635791846915	0.0019833877110125	0.0025579690362604	-0.0263332398581042	6.543205590466959e-06	0.0006934395214244	-0.0012208091711997	5.1199934673600055e-05	2.621433310580913e-09	1.4903750324852984e-06	0.0010392201720019	-2.077283302860016e-05	1.0799785658956585e-06	4.315105920341016e-10	-0.0003628657550849	-0.0003770399973415	1.4215915959529898e-07	1.3167155621333464e-07	0.0	0.0	0.0	0.0	0.0	0.0	0.0	0.0	0.0	0.0	0.0	0.0	0.0	0.0	0.0	0.0	0.0	0.0	0.0	0.0	0.0
832.2999000611289	-1.797562542865876	3.231231095514434	692723.1236417652	869.9857180008036	-3.131750877329864	756875.1495253737	9.807863557656374	768.1663415163558	-0.5385558778875748	0.2900424336072563	590079.5282386226	767.3240460667564	632.3923058790319	1.259708	18.593533	0.0206807682232534	0.0134319863664307	0.0577191039	-0.1440114605	0.0174517257	-0.0249089905	-0.0090343148	0.056577953	0.0218698108	0.0188315907	-0.0392534853	0.0155633243	0.0985149661	-0.040158417	0.0148500234	-0.0962223054	-0.0076753207	0.0062477636	-0.1403431389	0.0463913892	-0.0734478788	-0.0160169804	-0.0006469455	-0.1127433334	0.0409204536	-0.0991668388	-0.0650653026	0.1817356355	-0.1194696597	-0.0135907524	-0.1526066585	-0.0974645502	-0.0948538438	-0.1392553852	-0.0006079602	-0.1922977039	0.0548115898	0.0730847813	-0.0050038722	0.0942189134	-0.039933985	0.0316697426	0.1223805642	-0.0133223706	0.1361764887	0.0979284248	0.0209391006	0.0529452137	-0.0582028376	-0.1440424947	-0.1829066533	-0.0565602057	-0.0068518501	-0.0154334482	0.0390574796	0.01731772	-0.0297372176	0.0057753898	0.028214029	0.0921332012	-0.1678461538	-0.0129035931	0.031505528	-0.061045986	-0.0107366717	0.065548562	-0.0531890615	0.0639361919	-0.0140348391	0.0723688493	0.0977471277	0.0038603988	-0.0177569108	-0.0220877724	-0.0372109655	0.023026413	-0.0755140957	0.1113778848	-0.1533836323	-0.1437067008	0.1082959623	0.0178200761907021	-1.1272043707297869e-05	0.0003175551154424	1.2705896933923348e-10	0.0402896292143992	-0.0042456120110899	1.802522134871085e-05	0.0016232542222337	0.0027603412452066	0.0002023722089462	7.619483789988724e-06	4.0954510953764566e-08	-0.0010192922953647	0.000201516875835	4.060905124629885e-08	1.0389567833898386e-06	0.0011561791397531	0.0001169589677512	1.3367502032002182e-06	1.3679400137426251e-08	-0.0003569113594809	5.954395604000043e-06	3.545482700893504e-11	1.273857185265042e-07	0.0	0.0	0.0	0.0	0.0	0.0	0.0	0.0	0.0	0.0	0.0	0.0	0.0	0.0	0.0	0.0	0.0	0.0	0.0	0.0	0.0
833.9555135306155	1.655613469486525	2.7410559603452085	695481.7985481125	871.1513776968646	1.165659696061084	758904.7228631453	1.358762527021219	769.3265902285544	1.1602487121986087	1.34617707415853	591863.4024326941	767.3850266040325	627.656610632644	1.158188	17.095072	0.0463253336924261	0.0294404131628518	0.0085285192	-0.1411631626	0.0251189998	-0.1102936012	-0.0900007916	-0.0802537796	0.0415434453	-0.0229540291	-0.1255033223	0.0055127277	0.0148001303	-0.060572094	0.0045964983	0.0173814565	-0.0280753647	0.0043035889	-0.0921871586	-0.0335901508	0.0881512339	-0.0489718202	-0.1554129644	-0.0302220507	-0.0101084143	0.1006241464	-0.1127992211	-0.166429266	-1.13391e-05	0.0060603558	0.0295514782	0.1622757539	-0.048126479	0.0160447389	0.007976223	-0.0292555543	-0.034749404	0.0500898084	-0.0042961841	0.1042722761	0.0691670979	0.0530630177	0.1238655126	0.0904439452	0.0175326588	0.0133303384	0.2191232294	0.0008393021	0.0638907048	-0.0004957344	0.0935185783	0.198454564	-0.0746815764	0.0024073251	0.0420008701	0.0167998399	-0.0303026097	-0.0353627645	-0.0325295094	0.0242746949	-0.1222682212	-0.0700474612	0.018175873	-0.0883449971	-0.0138042801	0.0544931454	0.0012347228	0.1055861889	-0.0162140206	0.0133722984	0.1568517863	-0.0886031802	-0.0312168632	-0.0024048016	-0.0037844248	0.0019879312	0.10590862	0.011355286	0.0332068794	-0.1459432408	0.1165920251	0.0176839335554177	-0.0001361426352844	0.0003127215059924	1.8534817142181235e-08	0.0615628000747676	0.0212731708603684	0.0004525477984544	0.0037899783530458	0.0027657921706349	5.45092542829969e-06	7.649606331145312e-06	2.9712588024884147e-11	-0.001250406066529	-0.0002311137711643	5.3413575221784524e-08	1.5635153312125262e-06	0.001227099165864	7.092002611090004e-05	1.5057723628641243e-06	5.029650103570744e-09	-0.0001607337713292	0.0001961775881516	3.848564609301801e-08	2.5835345245707562e-08	0.0	0.0	0.0	0.0	0.0	0.0	0.0	0.0	0.0	0.0	0.0	0.0	0.0	0.0	0.0	0.0	0.0	0.0	0.0	0.0	0.0
835.339501147607	1.3839876169915897	1.9154217239860591	697792.082177533	870.3207591985235	-0.8306184983410958	757458.2238918944	0.6899270897864169	770.0605587990868	0.7339685705323973	0.5387098625293706	592993.2642179619	767.5268101972093	635.5745456709582	1.204028	17.771685	0.0543666657625867	0.0301121358470174	0.0269681375	0.0260449812	0.1639492627	0.0160617265	-0.0305870186	0.0316962037	0.0451506829	-0.0931209319	0.0347627803	0.05101798	-0.0237748491	-0.0084872624	-0.1305619084	0.0655734362	-0.020964646	-0.0692535464	0.0791298761	0.0243262595	0.0782280922	-0.0786217845	-0.1885524643	-0.1120160812	0.0784130265	0.1620910863	-0.1033951271	0.0747362809	0.051060914	-0.1318778137	-0.1233735023	-0.1043383099	-0.0256981854	0.1137290833	0.1544414661	0.0952652997	-0.04964464	-0.0164876851	0.0280337563	-0.0572813478	0.0886982914	0.086321997	0.10304434	0.1513493681	-0.036526751	0.0371833988	0.1250494962	-0.0705001616	0.2453108892	-0.0062125175	-0.0081105326	-0.01989268	-0.0063153817	0.1275124801	-0.0839194068	0.0240255296	-0.0139441506	-0.0381879531	-0.0194057357	-0.1800821572	-0.0561791431	-0.0741846693	-0.028460366	-0.0670297905	-0.0696953908	-0.0027690069	0.0714184223	0.0807695245	-0.0028544551	-0.0268259097	0.1100986949	-0.1843938239	-0.0343598519	-0.0249886638	0.014503782	0.0568449668	0.023277824	0.0017642838	0.0712269325	-0.1479655889	0.1242038795	0.0313645062483658	0.0136805726929481	0.0009837322522037	0.000187158069207	0.0356124897871126	-0.025950310287655	0.0006734186040255	0.0012682494288371	-0.0010502432272687	-0.0038160353979035	1.1030108364237742e-06	1.4562126158053284e-05	-0.0013613694873358	-0.0001109634208067	1.2312880757146965e-08	1.8533268810489391e-06	0.0012896417598682	6.254259400420006e-05	1.663175868795948e-06	3.911576064774201e-09	-0.0002056227041998	-4.48889328706e-05	2.015016294261233e-09	4.2280696482438463e-08	0.0	0.0	0.0	0.0	0.0	0.0	0.0	0.0	0.0	0.0	0.0	0.0	0.0	0.0	0.0	0.0	0.0	0.0	0.0	0.0	0.0
834.1456967979686	-1.1938043496384123	1.4251688252155932	695799.0434865686	873.0775526438327	2.7567934453092	762264.4129305446	7.599910100099765	768.9003762251494	-1.1601825739373908	1.3460236048679892	591207.7885591764	767.6207055872507	642.391159751836	1.019573	15.049085	0.0660962620562305	0.0422986646639493	-0.0135843361	0.0295864707	0.2078778728	0.0670850938	0.0346584535	-0.0858607883	-0.0321409069	-0.0970887109	0.1346393752	0.1160261033	-0.1878959617	-0.0545904445	-0.1939310131	-0.0146744305	-0.0430899076	-0.0353296721	0.1751309462	0.0263405606	0.0704942581	0.0184826904	-0.0399265095	-0.0581719142	0.1030344604	0.1251547128	-0.0057963353	0.1834197377	0.0314028742	-0.039297422	-0.0408178141	-0.0139099608	-0.0615030364	-0.1333913362	-0.0820934006	0.0054898793	0.0293421007	-0.0111113361	0.0286688063	-0.1517745837	0.0681402207	0.0914093115	0.0144351459	-0.0369116393	0.023016387	0.0270200071	0.0222889914	0.0178290704	0.1862512647	-0.0045615112	-0.0493353096	-0.1202557833	0.0490086429	0.0841596053	0.0550585983	-0.0169750525	-0.0406226269	-0.0245128776	-0.0264877736	-0.1565344906	-0.0493025576	0.0986648299	-0.0774878708	0.0451054884	0.0557795772	-0.0813479474	0.0959936499	-0.0502737365	0.0191534302	-0.2484831572	0.026280941	-0.2393703351	-0.1840564004	-0.13505502	0.077343884	0.0201680058	-0.1235751317	-0.0788938274	0.1365219161	-0.1497707771	0.1310868562	0.0341044233170748	0.0027399170687089	0.0011631116897902	7.507145543402909e-06	0.0109675253719103	-0.0246449644152023	0.0006073742710265	0.0001202866127834	-0.0015126545314529	-0.0004624113041842	2.2881237315249923e-06	2.138242142373328e-07	-0.0008062459275701	0.0005551235597657	3.081621666069428e-07	6.500324957233709e-07	0.0013191512787193	2.950951885109993e-05	1.7401600961467643e-06	8.708117028234222e-10	-0.0003859690109457	-0.0001803463067459	3.252479035688626e-08	1.489720774104019e-07	0.0	0.0	0.0	0.0	0.0	0.0	0.0	0.0	0.0	0.0	0.0	0.0	0.0	0.0	0.0	0.0	0.0	0.0	0.0	0.0	0.0
832.5210695804898	-1.62462721747886	2.6394135957731035	693091.3312954427	871.2574451774951	-1.8201074663376176	759089.535777216	3.3127911890179416	767.5002877949089	-1.400088430240544	1.9602476124934305	589056.691765268	766.8377855559423	636.8986055149752	1.151881	17.001986	0.0466544955416309	0.0246485424451974	-0.0345992773	-0.1078022792	0.1882656896	0.0744131933	0.046543114	0.0867815504	-0.0747723523	-0.1436202262	0.083933809	0.0414909937	-0.1028035756	-0.0940804226	-0.1186660042	-0.1108993982	-0.0269287678	0.0775132621	0.1012623723	0.0638447165	-0.1032640147	0.0407164417	0.115976239	-0.0252393854	0.0388736096	-0.0024828688	-0.0530800825	0.0998419222	0.0127841446	0.0420216585	0.0343114685	-0.0462334274	-0.0714030625	0.0260317983	0.1993024089	-0.0157409222	0.1174400836	0.0509113993	-0.0992408535	-0.1451910217	-0.0253633769	-0.0251455619	0.0311874772	-0.0643590855	0.0866731954	0.0217300192	-0.0480444648	0.0677712751	0.0182519638	0.0758539833	-0.1257046351	0.0094630427	-0.1054792738	-0.0845064568	-0.112196942	-0.0161163451	-0.0325284941	-0.0196902044	0.0280713376	-0.081253861	-0.1374670005	0.2014632599	-0.0119877214	0.0925179497	0.0696756866	-0.0198779149	0.0184478473	-0.0477472437	-0.0115541181	-0.2120458458	-0.0628426124	-0.098408351	-0.1231199128	-0.0384167295	0.1321060317	-0.0253124784	-0.2861125018	-0.176739175	0.0558238023	-0.1513561561	0.1372005631	0.0186343571235596	-0.0154700661935151	0.0003472392654083	0.0002393229480317	-0.0043724449973154	-0.0153399703692257	0.0002353146909287	1.911827525454847e-05	0.0026359276146621	0.004148582146115	6.948114389738228e-06	1.721073382306414e-05	-0.0009631953892945	-0.0001569494617244	2.4633133535578905e-08	9.277453579581834e-07	0.0013192231094332	7.18307138999376e-08	1.7403496124626003e-06	5.159651459374687e-15	-0.0004628652551629	-7.689624421719997e-05	5.913032374711261e-09	2.142442444370165e-07	0.0	0.0	0.0	0.0	0.0	0.0	0.0	0.0	0.0	0.0	0.0	0.0	0.0	0.0	0.0	0.0	0.0	0.0	0.0	0.0	0.0
831.4817412465783	-1.0393283339114987	1.0802033856712518	691361.8860264417	868.2509214135985	-3.0065237638966664	753859.6625355628	9.039185142875375	767.6439812262327	0.1436934313237543	0.0206478022055945	589277.2819128606	767.1667911036928	626.5523732550004	1.192782	17.605694	0.0675396928449566	0.0383263245449404	-0.008447627	-0.2192315075	-0.0680728124	0.0286084975	-0.0056302636	0.0104465049	-0.0892606266	-0.2445995606	-0.0321707784	-0.0906533193	-0.0665804048	-0.1562145545	-0.053978476	-0.1042828034	-0.0814750906	0.1390774564	-0.0566471408	0.135931734	-0.18327523	0.0457445512	0.1449360494	0.0584521615	0.065589782	-0.1150530148	-0.0257658962	-0.1041820883	0.0616561546	0.0119205894	0.1505758726	-0.0514825779	0.0393730279	0.0665049592	-0.0060677299	0.0004306708	0.092914582	0.1600150054	-0.1476179602	-0.0693464907	-0.1593314812	-0.080764363	-0.0268822173	-0.0269712656	0.0110192125	-0.0311591559	-0.0750546351	0.1915687639	-0.0448386879	0.0767382469	0.0005899292	0.1059654096	-0.1785538759	-0.0477450021	0.0209574603	0.0141493887	-0.047658139	-0.0361674334	-0.0016837865	0.077708664	-0.1522704714	0.2494517088	0.1145309848	0.207153277	0.1166150224	-0.0050002273	-0.0687617589	-0.0575258255	-0.0076780472	-0.0808897869	-0.1678859959	0.0409416471	0.0061963893	-0.0117627568	-0.0061105682	-0.0335151299	-0.2546431345	-0.1062592573	-0.1348542556	-0.152719399	0.1425091225	0.023238834505733	0.0046044773821734	0.0005400434291848	2.1201211962946404e-05	0.0203671683489972	0.0247396133463126	0.000612048468525	0.0004148215465563	-0.0064565115793868	-0.0090924391940489	4.168654177475583e-05	8.26724504974766e-05	-0.0011574492745919	-0.0001942538852974	3.7734571953135476e-08	1.3396888232533157e-06	0.0013190416924535	-1.8141697969982322e-07	1.739870986430594e-06	3.291212052340607e-14	-7.52372989915645e-05	0.0003876279561713	1.502554324055668e-07	5.660651159546072e-09	0.0	0.0	0.0	0.0	0.0	0.0	0.0	0.0	0.0	0.0	0.0	0.0	0.0	0.0	0.0	0.0	0.0	0.0	0.0	0.0	0.0
832.9269973963126	1.4452561497342913	2.088765338344788	693767.3829916369	867.0462046995858	-1.2047167140126476	751769.1210839561	1.451342361021431	767.9505424752141	0.3065612489814384	0.0939797993770594	589748.0356879756	766.5255793975537	618.4961675685995	1.083676	15.995266	0.0753937524110886	0.0415406474232192	0.0017649318	-0.2409241767	-0.1393366476	-0.031013134	-0.0607292791	-0.1202891888	-0.0675966307	-0.1830096288	-0.1328977934	-0.0186391501	-0.0162528443	-0.0605867267	0.1449820637	-0.1149207797	-0.1107526122	0.0748458579	-0.1443479316	0.0912964005	-0.0771953908	0.0003843385	0.0170227898	-0.003826149	-0.0670941406	-0.1555937964	-0.0821559008	-0.0272266393	0.0611705478	0.1069192601	0.2167690485	-0.0883472948	0.0604473326	0.1248852486	-0.09502316	-0.0879356923	0.0668642369	0.213739886	-0.0858006646	0.0520387543	-0.1247941527	-0.0235713315	0.0108077021	0.0086782003	-0.0257474619	0.1221640865	-0.0837502839	0.1099060691	-0.0951031956	-0.0788262279	0.2200698486	0.0639014028	-0.0786136903	0.0291732129	0.0137738437	0.0305107477	-0.0236771591	-0.0454428921	-0.0267830839	0.137636279	-0.1641323826	0.1238778765	0.1925713462	0.0821828072	0.066281666	0.1569087201	-0.14376004	0.0672134451	0.0030380517	0.0160649509	-0.0908658036	0.0253729793	0.0273804838	0.0624953195	-0.1401384953	-0.1315700223	-0.0397595079	0.0136365115	-0.1299655767	-0.1538585052	0.1469813818	0.0155286316560818	-0.0077102028496512	0.0002411384011102	5.944722798276951e-05	0.0527566558505441	0.0323894875015468	0.0010490789006128	0.0027832647365327	-0.0076686866429156	-0.0012121750635288	5.8808754827232135e-05	1.4693683846410516e-06	-0.0015653553615555	-0.0004079060869635	1.6638737578195597e-07	2.45033740795055e-06	0.0014686596733288	0.0001496179808752	2.1569612360622576e-06	2.2385540201201614e-08	-0.0001993509710799	-0.0001241136720883	1.540420359925087e-08	3.974080967049913e-08	0.0	0.0	0.0	0.0	0.0	0.0	0.0	0.0	0.0	0.0	0.0	0.0	0.0	0.0	0.0	0.0	0.0	0.0	0.0	0.0	0.0
836.5733695507575	3.646372154444976	13.296029888711692	699855.0026415084	872.8435436021413	5.7973389025554525	761855.8516079431	33.609138351082855	769.8018481526153	1.8513056774012284	3.427332711178021	592594.8854191822	768.23381457741	635.2183802338208	1.337422	19.740602	0.0828257782086566	0.0444837523018526	0.0679525578	-0.1033961609	-0.0802863767	-0.0360183543	-0.03525035	-0.0703075821	0.0287321333	-0.0281231888	-0.0958788436	0.0495648955	-0.1407983565	0.0194271826	0.0934348917	0.0634010404	-0.0724518902	0.0075332633	0.1248611309	-0.0095379784	-0.0080403651	-0.1910817496	0.0222652255	-0.0120163889	0.0346694552	-0.1704156473	-0.0290569022	-0.0074330762	-0.0006091071	0.1136589205	0.1419807946	0.151115014	-0.1127898377	0.0271904843	-0.0211812278	0.020099588	-0.0578391202	0.040286046	-0.0094577727	-0.1240292225	0.0417542165	-0.054383651	-0.0758129009	0.0918410049	-0.1556838792	0.1811647126	-0.0135188515	0.0848067651	-0.0300255521	-0.0264594004	0.0454092315	0.1233434008	0.0306689604	-0.0948380214	0.2217556431	0.0217371656	0.0288328794	-0.0791483782	-0.1183715522	-0.1049374646	-0.0206160425	0.0566965575	0.0485129321	0.0531683932	0.0451476983	0.1331865655	0.0296013821	0.0787469609	-0.1277985549	0.0032010286	-0.0569569448	0.1020222288	0.008081565	0.0758676601	-0.0226324267	-0.1242369607	0.10487042	0.1193268161	-0.1176664625	-0.1547718027	0.1505910958	0.0164173805516156	0.0008887488955337	0.0002695303841765	7.898745993125491e-07	0.09420377224383	0.0414471163932859	0.0017178634573185	0.0088743507049673	-0.0106131563424725	-0.0029444696995569	0.0001126390875497	8.669901811608702e-06	-0.0011952449530008	0.0003701104085546	1.3698171452052694e-07	1.4286104976738848e-06	0.0012882409168311	-0.0001804187564977	1.659564659797833e-06	3.2550927696176404e-08	-0.0003997306704331	-0.0002003796993531	4.015202391287881e-08	1.597846088848956e-07	0.0	0.0	0.0	0.0	0.0	0.0	0.0	0.0	0.0	0.0	0.0	0.0	0.0	0.0	0.0	0.0	0.0	0.0	0.0	0.0	0.0
836.1669182396608	-0.4064513110967027	0.1652026682922286	699175.1151584117	867.5933018362285	-5.250241765912733	752718.1373910891	27.565038600534454	770.7906013135089	0.988753160893566	0.977632813177018	594118.1510732406	767.9192352132075	633.0411358756178	1.359474	20.066092	0.096263369343506	0.0489264105523646	-0.0031404906	0.1352498681	0.069437609	0.0682866134	0.0154481164	-0.2081489356	-0.0169341291	0.0149798193	0.1000053591	0.2034149634	-0.0504441765	0.1568800656	0.0485854491	0.1348525717	-0.0337507793	-0.1479242558	0.1806591431	-0.0284059279	0.1081880702	0.1011985928	0.0726556138	-0.012118161	0.0489612253	0.0275185368	0.092161705	0.006186403	-0.2365776495	-0.0647621153	0.1584860146	0.014832417	0.1412797864	-0.0186942592	-0.1008413976	-0.0744539222	-0.0840981367	-0.0802802227	0.2003056843	-0.1683155234	0.0589937639	0.1111686535	-0.1187178679	-0.0660318413	0.0007914493	-8.67717e-05	-0.0167971235	0.094556298	0.0375845349	-0.0173693101	0.0383291485	0.0289412048	0.13518851	0.1351256687	0.0607316281	0.0615432357	0.0410645681	-0.1008910901	-0.0756188746	-0.2027145238	0.0850886758	-0.0315456507	-0.024870027	-0.0391761931	-0.0013348545	-0.0810972575	0.0214714708	0.0629822892	-0.1114036874	-0.041465054	-0.178733802	0.0689152529	0.040992085	0.0128372463	-0.0588321481	0.0438360895	0.2350014283	0.0937431361	0.0223438212	-0.1554579513	0.1533170814	0.0343464621347351	0.0179290815831195	0.0011796794611727	0.0003214519664141	0.0565594147068679	-0.0376443575369621	0.0014170976543706	0.0031989673919834	-0.034112705730152	-0.0234995493876795	0.0011636766922319	0.0005522288214239	-0.0013336726154055	-0.0001384276624046	1.916221771882956e-08	1.7786826450825466e-06	0.0014313060051407	0.0001430650883096	2.048636880351829e-06	2.046761949303365e-08	-0.0004620455364337	-6.23148660006e-05	3.8831425246727345e-09	2.1348607773830563e-07	0.0	0.0	0.0	0.0	0.0	0.0	0.0	0.0	0.0	0.0	0.0	0.0	0.0	0.0	0.0	0.0	0.0	0.0	0.0	0.0	0.0
834.3293797596225	-1.8375384800383472	3.376547665621639	696105.5139300764	869.2259605862447	1.6326587500161622	755553.7705570798	2.665574594004337	769.9304557951871	-0.860145518321815	0.7398503126891037	592792.9067609846	768.2392245590878	625.2106578139698	1.057993	15.616175	0.0406549968646369	0.0230585044686591	-0.0412324248	0.1443164435	-0.0418718875	0.0277898487	-0.0472141877	-0.1548520475	-0.0819718053	0.0370288585	0.034069813	0.1193634655	-0.0051670438	0.134795598	0.0201445576	0.0646244853	-0.0343374124	-0.1393540062	0.215357468	0.0019795776	0.0579287646	0.0231211146	0.151818602	0.0922111342	0.0534057689	-0.1256442549	0.0413634566	-0.1647392582	0.075848952	-0.144733532	0.0927564532	-0.1382146376	0.0026303332	0.0056467968	0.1433993062	0.0253181644	-0.0252270315	-0.0436185493	0.1514187499	-0.1666175053	0.0550917685	0.0239457949	-0.1448079959	-0.1404965653	-0.1430471173	-0.0724811703	-0.0982339035	0.0536651563	-0.0832422834	0.2014798398	-0.0294846416	0.0656391918	-0.0540074806	0.0879039926	-0.1007274082	0.0699232088	0.0586767147	-0.1151143717	-0.0779434903	-0.1743672004	0.1448946036	-0.0026360308	0.0300195006	0.0403936718	0.0090641048	-0.0721011369	-0.0413773847	-0.054496307	-0.0496473504	-0.0762963935	-0.1759868098	0.1250270549	0.0003033837	0.0403229774	-0.0432251357	-0.0732298314	0.2039056577	0.0760896099	0.0248910974	-0.155915944	0.1551433414	0.0341617157501161	-0.0001847463846189	0.0011670228229917	3.413122662978996e-08	0.0706784795129635	0.0141190648060955	0.0001993479909987	0.0049954474662644	-0.0488385038636494	-0.0147257981334973	0.0023851994596396	0.0002168491306685	-0.001224644267164	0.0001090283482415	1.1887180720269805e-08	1.4997535810976505e-06	0.001554782863061	0.0001234768579203	2.4173497512681603e-06	1.5246534441869975e-08	-0.0004620480810804	-2.5446467000049024e-09	6.47522682784584e-18	2.134884292300799e-07	0.0	0.0	0.0	0.0	0.0	0.0	0.0	0.0	0.0	0.0	0.0	0.0	0.0	0.0	0.0	0.0	0.0	0.0	0.0	0.0	0.0
834.3157477079637	-0.0136320516587602	0.0001858328324271	696082.7668734986	871.9790597119868	2.7530991257420965	760347.4805762006	7.579554796161896	769.5239405347811	-0.4065152604059676	0.1652546569429316	592167.0950561773	767.9207417458582	628.4927417390487	0.7749399999999999	11.438268	0.0463047294075889	0.0197152804404837	-0.0302896451	0.1398744259	-0.0585698067	0.04059391	-0.0379628783	-0.1219673189	-0.0768592353	0.0601058249	0.0118249037	0.1158240744	0.0096431547	0.0468473677	0.084096771	0.0544847914	-0.0553420182	-0.0654924676	0.0883028512	-0.0550227511	0.0355543424	0.0502030936	0.2766713573	0.0834491073	0.0659182061	-0.1242690977	0.1374797254	0.0128027952	0.0673123699	-0.0922338539	0.0003034519	-0.0796503554	-0.0896192922	-0.0836340573	0.0470246786	0.1061743234	-0.0218297686	-0.0021853425	0.1150262866	-0.0701144727	0.0500390299	-0.0556177083	-0.1870017961	-0.1380168212	-0.067836335	-0.050444703	-0.1311866799	0.154680522	-0.0665666725	0.1564259292	-0.1019875841	-0.0057556121	0.0816548833	0.0423859001	-0.0199273204	0.0681700021	0.0571578178	-0.0941069027	-0.0542980548	-0.0996033058	0.1558349664	0.0656157976	0.0006775126	0.0872005529	-0.0260767995	-0.1229660192	-0.0309239249	-0.0836082587	-0.0500390265	-0.0520626336	-0.1801016546	0.1601885579	-0.0445904499	0.0668041765	0.0261729375	-0.0255150987	0.2013649459	0.1082410719	0.0078362474	-0.1561451084	0.1560591586	0.0268508455897062	-0.0073108701604099	0.0007209679088822	5.344882250237194e-05	0.0595505784696115	-0.0111279010433519	0.0001238301816306	0.0035462713960653	-0.0554131078334165	-0.006574603969767	0.0030706125197578	4.3225417359277286e-05	-0.0011077197222396	0.0001169245449243	1.3671349205778011e-08	1.2270429830385769e-06	0.0017266813245824	0.0001718984615213	2.981428396661631e-06	2.9549081073424186e-08	-0.000325044002845	0.0001370040782354	1.8770117453131607e-08	1.0565360378550037e-07	0.0	0.0	0.0	0.0	0.0	0.0	0.0	0.0	0.0	0.0	0.0	0.0	0.0	0.0	0.0	0.0	0.0	0.0	0.0	0.0	0.0
