#!ascii label  , from subject sub-v1s11x0050149_ses-1 vox2ras=TkReg
3531
138214  -2.752  -78.074  -16.399 0.6999999881
133050  -2.940  -80.300  -16.432 0.6999999881
320  -2.024  -81.824  -14.127 0.6000000238
488  -3.438  -80.006  -12.557 0.8000000119
508  -2.608  -81.005  -16.479 0.5000000000
179  -2.440  -82.733  -14.669 0.5000000000
311  -2.807  -81.959  -12.646 0.8000000119
172  -2.960  -83.115  -12.516 0.8000000119
90  -1.899  -83.350  -14.663 0.6000000238
145836  -2.714  -75.240  -15.626 0.6999999881
1656  -3.951  -76.391  -15.475 0.8999999762
2072  -2.041  -76.160  -16.213 0.6999999881
139932  -4.378  -81.378  -8.458 0.6999999881
489  -5.351  -79.895  -11.928 0.8000000119
130366  -4.155  -82.156  -12.492 0.8000000119
4  -2.643  -84.163  -12.733 0.6000000238
173  -3.851  -83.513  -12.500 0.6999999881
39  -4.142  -84.142  -16.038 0.5000000000
280  -1.264  -81.912  -7.628 0.5000000000
641  -1.486  -80.596  -6.611 0.5000000000
150  -1.360  -81.994  -8.102 0.5000000000
286  -2.067  -81.724  -8.341 0.6000000238
139336  -2.960  -81.573  -8.020 0.5000000000
269  0.559  -81.953  -6.450 0.5000000000
295  -2.600  -81.411  -8.858 0.6999999881
277  0.598  -81.468  -8.024 0.6000000238
654  -2.984  -79.758  -10.049 0.6999999881
1671  -2.580  -76.725  -16.259 0.6999999881
925  -3.820  -78.145  -15.938 0.6999999881
140349  -1.888  -80.786  -12.867 0.8000000119
661  -3.458  -79.043  -10.767 0.8000000119
470  -4.233  -80.600  -9.405 0.6999999881
298  -6.114  -81.546  -8.725 0.6000000238
497  -3.179  -81.414  -14.840 0.6999999881
937  -3.220  -78.921  -16.348 0.6000000238
289  -6.583  -81.948  -8.277 0.6000000238
141474  -7.392  -81.794  -9.070 0.6999999881
79  -2.985  -83.877  -12.542 0.6000000238
312  -5.606  -81.903  -12.298 0.8000000119
301  -7.123  -81.226  -10.643 0.8000000119
174  -5.704  -83.341  -12.269 0.8000000119
166  -7.320  -82.669  -11.609 0.8000000119
148217  -7.203  -81.902  -16.083 0.6999999881
193  -5.494  -82.711  -16.369 0.5000000000
515  -6.616  -80.597  -17.849 0.6000000238
359  -7.571  -81.159  -17.936 0.6000000238
1891  3.053  -76.012  1.035 0.4000000060
1500  2.483  -76.398  0.676 0.4000000060
129354  3.520  -75.417  -0.254 0.6000000238
1911  2.795  -76.263  -0.820 0.6000000238
1517  2.187  -76.913  -0.632 0.6000000238
843  0.762  -78.912  -1.452 0.6000000238
147062  -0.855  -79.856  -4.765 0.3000000119
131661  2.306  -75.932  -2.654 0.6000000238
135388  2.355  -76.534  -1.750 0.6000000238
1143  1.427  -77.911  -1.892 0.6000000238
442  0.412  -81.309  -3.816 0.5000000000
640  -0.844  -80.675  -5.778 0.4000000060
144051  0.695  -81.641  -5.496 0.5000000000
441  0.951  -81.207  -4.755 0.6000000238
1532  2.012  -76.263  -3.506 0.6000000238
1161  1.671  -77.428  -4.601 0.6000000238
4603  1.336  -70.941  -10.674 0.8999999762
131134  1.265  -79.678  -7.355 0.6999999881
892  -1.785  -78.885  -11.020 0.6999999881
149740  -2.364  -79.795  -10.136 0.6999999881
1286  -3.208  -77.373  -16.217 0.8000000119
684  -3.811  -79.883  -14.952 0.6999999881
903  -2.114  -78.849  -12.196 0.8000000119
660  -2.557  -79.257  -10.544 0.6999999881
153  -7.018  -82.460  -7.357 0.6000000238
904  -3.105  -78.791  -12.020 0.8000000119
662  -4.463  -79.176  -10.946 0.6999999881
471  -5.144  -80.701  -9.432 0.6999999881
127741  -3.890  -79.087  -15.777 0.6999999881
496  -2.445  -81.153  -14.422 0.6999999881
124782  -3.773  -80.863  -12.563 0.8000000119
159  -7.461  -82.256  -8.230 0.6000000238
936  -2.031  -78.714  -16.584 0.6000000238
317  -1.406  -81.157  -13.727 0.6999999881
304  -6.541  -80.878  -11.357 0.8000000119
170  -1.715  -82.872  -13.109 0.6000000238
86  -1.288  -84.045  -13.247 0.5000000000
13  -3.244  -84.452  -12.958 0.6000000238
108  -3.719  -83.757  -17.216 0.5000000000
104  -4.203  -83.703  -16.683 0.5000000000
346  -7.282  -80.988  -17.196 0.6000000238
217  -8.537  -82.647  -19.699 0.6999999881
358  -6.704  -80.908  -18.964 0.6000000238
230  -7.894  -82.321  -21.612 0.6000000238
2298  3.000  -75.372  1.923 0.3000000119
2297  3.214  -75.566  1.505 0.4000000060
148696  2.560  -75.215  1.619 0.3000000119
136421  3.722  -73.879  -1.055 0.5000000000
1501  1.535  -76.855  0.461 0.4000000060
138849  3.476  -75.627  0.712 0.4000000060
3342  3.575  -72.818  -1.619 0.5000000000
2306  3.809  -74.878  -0.047 0.5000000000
3348  3.159  -72.758  -2.424 0.6000000238
148364  3.360  -73.375  -1.940 0.5000000000
2325  2.498  -75.148  -2.563 0.6000000238
2818  2.624  -73.504  -2.946 0.6000000238
631  -0.387  -81.178  -3.053 0.4000000060
1931  2.008  -75.669  -3.432 0.6000000238
147086  0.974  -80.149  -3.438 0.6000000238
2831  1.965  -73.504  -4.005 0.6999999881
129168  1.818  -75.651  -4.263 0.6000000238
634  1.316  -80.144  -5.274 0.6000000238
452  -2.377  -80.665  -7.209 0.5000000000
639  1.354  -79.740  -6.449 0.6000000238
129376  1.071  -81.440  -6.637 0.6000000238
287  -3.294  -81.534  -8.231 0.6000000238
465  0.546  -80.541  -8.814 0.6999999881
915  -4.365  -78.279  -14.988 0.8000000119
297  -5.380  -81.447  -8.563 0.6000000238
134243  -6.085  -82.530  -7.006 0.6000000238
141697  -4.204  -78.486  -15.379 0.6999999881
683  -2.983  -79.839  -14.559 0.8000000119
678  -0.708  -79.791  -13.794 0.8000000119
299  -6.873  -81.270  -9.526 0.6999999881
133857  -2.092  -80.466  -14.357 0.8000000119
129608  -5.012  -80.764  -12.391 0.8000000119
62  -8.069  -82.586  -7.853 0.6000000238
305  -6.986  -81.689  -11.487 0.8000000119
161  -8.094  -82.092  -9.334 0.6999999881
139425  -15.235  -79.772  -13.967 0.3000000119
712  -14.541  -79.621  -17.101 0.4000000060
80  -3.564  -84.202  -12.715 0.6000000238
167  -8.056  -82.867  -11.226 0.8000000119
1300  -13.451  -77.479  -18.015 0.5000000000
957  -13.983  -78.149  -18.653 0.6000000238
22  -4.556  -84.617  -14.174 0.5000000000
21  -3.452  -84.647  -14.438 0.5000000000
106  -5.980  -83.049  -15.725 0.6000000238
966  -12.964  -77.936  -19.979 0.6000000238
335  -5.892  -81.773  -16.684 0.5000000000
980  -13.309  -78.613  -20.361 0.6000000238
137322  -9.089  -82.683  -20.123 0.8999999762
368  -7.037  -81.916  -20.215 0.6000000238
386  -7.962  -82.002  -22.162 0.6999999881
385  -7.407  -81.590  -21.442 0.6000000238
149182  4.006  -74.093  2.963 0.3000000119
2782  2.685  -74.515  1.924 0.3000000119
135808  -1.086  -78.421  -1.310 0.4000000060
4604  0.179  -70.621  -9.948 1.0000000000
1125  -0.086  -77.852  -0.195 0.5000000000
128231  2.997  -73.374  -2.440 0.6000000238
1144  -1.069  -79.349  -1.751 0.4000000060
2338  2.801  -74.235  -2.450 0.6000000238
850  0.916  -79.685  -2.817 0.5000000000
869  -1.014  -79.618  -5.569 0.3000000119
3376  2.063  -72.238  -4.922 0.6999999881
3366  2.362  -72.418  -4.254 0.6999999881
147220  1.803  -77.160  -3.936 0.6000000238
5219  1.709  -69.515  -11.325 1.0000000000
129740  2.089  -76.167  -5.187 0.6000000238
450  1.258  -80.513  -7.052 0.6000000238
147  0.258  -81.649  -8.250 0.6999999881
294  -1.513  -81.590  -8.959 0.6999999881
467  -0.294  -80.776  -9.544 0.6999999881
477  -0.825  -80.324  -9.960 0.6999999881
133470  -4.322  -81.563  -7.738 0.5000000000
1657  -4.330  -76.801  -15.131 0.8999999762
1244  -3.514  -77.091  -13.991 0.8999999762
897  -1.399  -78.784  -11.846 0.8000000119
898  -2.498  -78.714  -11.591 0.6999999881
142630  -1.033  -78.682  -14.075 0.8000000119
56  -7.433  -82.526  -6.729 0.5000000000
72  -7.542  -83.538  -11.737 0.8000000119
306  -7.646  -81.982  -10.924 0.8000000119
81  -4.710  -84.063  -12.614 0.6000000238
6  -5.144  -84.502  -12.840 0.6000000238
101  -10.215  -83.105  -15.034 0.6000000238
141731  -14.127  -79.216  -16.381 0.4000000060
144639  -14.527  -79.994  -16.003 0.4000000060
91  -6.936  -83.788  -14.770 0.6000000238
100  -8.408  -83.296  -15.052 0.6000000238
197  -10.274  -82.672  -16.678 0.6999999881
1290  -13.244  -77.595  -16.921 0.5000000000
23  -5.471  -84.554  -13.962 0.5000000000
97  -5.618  -83.798  -15.283 0.6000000238
1319  -12.276  -77.626  -19.427 0.6000000238
967  -13.600  -78.077  -19.666 0.6000000238
336  -6.810  -81.411  -16.571 0.6000000238
338  -8.606  -82.020  -16.640 0.6999999881
347  -8.234  -81.585  -17.226 0.6000000238
750  -12.013  -80.616  -21.725 0.5000000000
559  -12.683  -81.046  -22.274 0.5000000000
241  -10.504  -82.125  -23.455 0.6999999881
403  -10.243  -81.873  -23.865 0.6999999881
545  -7.446  -80.507  -20.944 0.6000000238
761  -9.679  -80.434  -22.555 0.6999999881
141120  -8.321  -79.970  -21.035 0.6999999881
748  -9.105  -79.949  -21.513 0.6000000238
5083  4.217  -69.472  0.931 0.3000000119
4484  4.554  -71.229  2.403 0.3000000119
4497  4.000  -70.796  0.229 0.4000000060
3897  4.191  -71.768  0.561 0.5000000000
3317  4.384  -72.887  1.546 0.4000000060
2769  4.203  -73.888  2.469 0.4000000060
3903  3.848  -71.183  -0.295 0.5000000000
2780  4.286  -73.669  1.272 0.5000000000
135257  3.866  -73.176  -0.683 0.5000000000
1892  2.748  -75.968  1.345 0.4000000060
1900  1.446  -76.221  0.608 0.4000000060
5187  0.326  -69.902  -8.348 0.8999999762
143196  3.308  -72.233  -2.248 0.5000000000
2324  3.066  -74.876  -1.827 0.6000000238
1132  0.828  -78.387  -0.778 0.5000000000
839  -0.687  -79.177  -0.951 0.4000000060
6644  -1.554  -68.018  -10.417 0.8999999762
5918  -0.954  -68.741  -9.833 0.8999999762
4540  2.962  -70.909  -4.821 0.6000000238
844  0.368  -79.751  -1.763 0.5000000000
5937  0.027  -68.970  -11.424 0.8999999762
5210  -0.099  -69.882  -10.419 1.0000000000
3365  2.714  -71.927  -4.065 0.6000000238
2830  2.511  -72.817  -3.550 0.6000000238
2339  2.164  -74.678  -3.228 0.6000000238
1152  1.429  -78.076  -3.547 0.6000000238
1545  1.954  -76.525  -4.359 0.6000000238
635  -0.598  -80.826  -4.839 0.3000000119
5935  2.338  -68.717  -11.681 0.8000000119
142328  0.197  -81.706  -4.922 0.3000000119
6662  -0.106  -67.921  -12.418 0.8999999762
861  1.404  -78.621  -5.870 0.6999999881
446  -0.170  -81.589  -5.125 0.3000000119
5946  2.826  -67.953  -12.143 0.6999999881
475  0.357  -80.282  -9.533 0.6999999881
1641  -4.253  -76.730  -14.526 1.0000000000
666  0.235  -78.812  -11.364 0.6999999881
2472  -1.454  -74.110  -15.620 0.5000000000
130038  -2.426  -73.887  -15.429 0.6000000238
2473  -3.027  -74.570  -15.389 0.8999999762
128048  0.114  -77.594  -13.250 0.8999999762
896  -0.066  -78.721  -12.239 0.8000000119
2957  -3.330  -73.700  -15.173 0.6999999881
1242  -0.750  -77.424  -13.395 0.8999999762
906  0.439  -77.895  -13.244 0.8000000119
0  -7.327  -84.067  -12.016 0.8000000119
164  -8.261  -82.315  -10.331 0.6999999881
160  -8.508  -82.539  -8.741 0.6999999881
1  -8.086  -84.104  -12.051 0.8000000119
8  -7.284  -84.331  -12.650 0.8000000119
688  -14.558  -80.184  -14.239 0.3000000119
16  -6.399  -84.506  -12.985 0.6999999881
93  -9.309  -83.403  -14.699 0.6999999881
15  -5.639  -84.586  -13.202 0.5000000000
131293  -6.293  -84.461  -13.740 0.6000000238
25  -7.661  -84.086  -13.964 0.6999999881
92  -7.593  -83.716  -14.604 0.6000000238
194  -7.048  -82.632  -15.563 0.6000000238
184  -7.962  -82.836  -15.428 0.6999999881
195  -8.123  -82.235  -15.951 0.6999999881
196  -9.387  -82.555  -16.282 0.8000000119
360  -8.665  -82.109  -17.952 0.8000000119
211  -10.010  -82.623  -18.299 0.6999999881
716  -11.038  -79.181  -19.451 0.6000000238
149507  -10.188  -82.101  -20.485 0.8999999762
752  -13.458  -80.068  -21.411 0.5000000000
203  -9.421  -82.399  -17.201 0.8000000119
218  -9.518  -82.627  -19.284 0.8999999762
379  -10.455  -81.810  -21.139 0.6999999881
232  -9.303  -82.492  -21.981 0.8000000119
387  -10.885  -81.909  -22.021 0.8000000119
378  -6.912  -81.724  -20.961 0.5000000000
976  -6.344  -78.857  -20.885 0.6000000238
978  -7.756  -78.442  -20.721 0.5000000000
734  -8.720  -79.245  -20.824 0.6000000238
749  -10.139  -79.188  -21.710 0.6999999881
1348  -7.605  -77.474  -21.790 0.6000000238
1327  -8.232  -77.869  -20.784 0.6000000238
990  -9.385  -78.683  -20.917 0.6000000238
1712  -9.907  -76.526  -21.482 0.6000000238
5788  4.260  -68.671  1.269 0.3000000119
3890  4.468  -72.046  2.005 0.3000000119
138099  3.794  -70.175  -0.012 0.5000000000
3318  4.041  -72.799  0.169 0.5000000000
138947  3.535  -74.964  2.109 0.4000000060
2292  3.512  -74.600  2.565 0.4000000060
2307  1.314  -75.232  0.328 0.3000000119
5095  3.522  -69.861  -0.517 0.6000000238
3915  3.610  -71.082  -1.035 0.5000000000
2790  4.060  -74.031  0.331 0.5000000000
126105  3.556  -71.824  -1.571 0.5000000000
1518  0.132  -77.192  -0.118 0.4000000060
1510  0.636  -77.375  0.090 0.5000000000
1134  -0.679  -78.255  -0.669 0.4000000060
4533  2.892  -70.927  -3.884 0.6000000238
3931  2.837  -71.920  -3.562 0.6000000238
1940  1.833  -75.480  -5.059 0.6999999881
124891  2.129  -76.056  -5.450 0.6999999881
2819  2.206  -73.797  -3.449 0.6000000238
125125  0.152  -71.127  -9.123 0.8999999762
3428  1.060  -72.592  -9.175 0.8999999762
1171  1.702  -77.306  -5.626 0.6999999881
4009  0.751  -71.482  -9.882 0.8999999762
3433  2.002  -72.612  -10.447 0.8999999762
5208  2.173  -70.217  -11.245 1.0000000000
650  0.796  -79.839  -8.376 0.6999999881
5934  2.978  -68.778  -11.812 0.8000000119
5217  3.126  -69.486  -11.859 0.8000000119
4609  2.803  -70.127  -11.458 0.8999999762
4006  2.705  -70.777  -11.462 1.0000000000
3436  2.755  -72.529  -11.740 0.8000000119
2063  -4.291  -75.095  -14.710 1.0000000000
658  0.296  -79.519  -10.244 0.6999999881
4029  2.202  -71.245  -13.953 0.8000000119
145620  0.957  -72.064  -13.771 0.8999999762
139608  0.382  -80.358  -9.248 0.8000000119
4043  -0.365  -70.649  -14.313 0.8999999762
2956  -2.005  -73.020  -15.639 0.6000000238
2051  -4.485  -75.169  -14.147 1.0000000000
1635  -3.851  -76.286  -13.678 1.0000000000
1634  -2.833  -76.553  -13.245 0.8999999762
895  0.545  -78.373  -12.401 0.6999999881
1633  -1.540  -76.829  -13.012 0.8999999762
140  -5.280  -82.195  -6.326 0.5000000000
3491  -3.538  -72.758  -14.921 0.8999999762
3478  -4.052  -72.712  -14.304 1.0000000000
69  -9.472  -83.214  -10.003 0.6999999881
74  -8.978  -83.663  -11.437 0.6999999881
168  -8.815  -83.157  -10.770 0.6999999881
9  -8.208  -84.225  -12.780 0.8000000119
87  -9.182  -83.637  -13.952 0.6999999881
94  -10.100  -83.301  -14.305 0.6999999881
186  -10.159  -82.886  -15.792 0.6999999881
144383  -7.704  -84.314  -13.287 0.6999999881
18  -8.338  -84.025  -13.583 0.8000000119
1313  -12.747  -77.035  -18.584 0.6000000238
185  -8.918  -82.833  -15.622 0.6000000238
134903  -11.478  -77.760  -18.911 0.6000000238
955  -10.905  -78.531  -18.751 0.6000000238
736  -13.029  -79.315  -21.033 0.5000000000
204  -10.166  -82.629  -17.456 0.6999999881
212  -10.505  -82.253  -18.283 0.6999999881
219  -10.267  -82.300  -19.049 0.6999999881
735  -12.262  -79.642  -21.070 0.5000000000
131966  -10.581  -82.618  -16.153 0.6999999881
339  -10.754  -82.213  -16.544 0.6999999881
532  -10.519  -81.025  -19.735 0.6999999881
226  -9.877  -82.310  -21.063 0.8999999762
388  -11.672  -81.557  -22.443 0.5000000000
558  -8.949  -81.064  -22.467 0.8000000119
392  -8.559  -82.071  -22.830 0.8000000119
977  -7.018  -78.331  -20.887 0.6000000238
141803  -10.751  -81.036  -24.540 0.6999999881
1326  -7.639  -77.771  -20.979 0.5000000000
1002  -11.178  -78.782  -22.273 0.6000000238
763  -11.217  -79.567  -23.164 0.6000000238
1711  -9.099  -76.679  -21.637 0.6000000238
2101  -10.441  -75.928  -21.797 0.6000000238
1719  -9.090  -76.609  -22.562 0.6000000238
1720  -9.744  -76.154  -22.019 0.6000000238
1362  -9.338  -76.685  -23.796 0.6000000238
2525  -10.407  -74.606  -22.600 0.6000000238
8195  1.024  -65.303  -7.020 0.8000000119
8204  0.562  -65.776  -7.506 0.8000000119
5103  3.129  -69.554  -1.135 0.6000000238
5118  2.959  -70.127  -2.069 0.6000000238
3377  1.521  -73.322  -5.271 0.6999999881
6652  -1.180  -68.078  -11.989 0.8999999762
4549  2.960  -70.864  -5.670 0.6000000238
2371  2.353  -75.719  -6.668 0.6999999881
4570  1.296  -70.820  -7.184 0.6999999881
3388  1.291  -73.350  -6.109 0.6999999881
1564  2.268  -75.804  -6.584 0.6999999881
127816  1.080  -73.322  -7.025 0.6999999881
2372  2.130  -74.988  -6.680 0.6999999881
1960  2.306  -75.863  -6.332 0.6999999881
5949  -0.358  -68.478  -11.797 0.8999999762
148577  2.509  -74.404  -9.165 0.8999999762
1586  2.126  -75.983  -8.086 0.6999999881
1192  1.926  -76.382  -6.890 0.6999999881
1193  1.437  -77.465  -7.223 0.6999999881
146837  0.255  -67.378  -13.002 0.6000000238
124636  2.651  -73.133  -11.934 0.8000000119
3432  2.321  -73.265  -10.540 0.8999999762
1577  1.826  -76.439  -7.497 0.6999999881
881  1.119  -78.746  -7.713 0.6999999881
888  0.286  -79.192  -8.811 0.6999999881
3435  2.961  -71.920  -12.179 0.8000000119
124858  0.312  -79.544  -9.888 0.8000000119
4616  3.267  -70.320  -12.409 0.8000000119
3462  1.914  -72.224  -13.523 0.8000000119
2932  0.946  -72.868  -13.403 0.8999999762
651  0.470  -79.899  -9.066 0.8000000119
891  0.269  -78.846  -10.678 0.8000000119
1233  0.421  -77.735  -12.127 0.8000000119
5228  3.451  -69.283  -12.627 0.8000000119
4053  -2.692  -71.186  -14.989 0.8999999762
145771  -4.433  -73.623  -14.210 1.0000000000
1636  -4.349  -75.807  -14.034 1.0000000000
1623  -0.316  -77.318  -12.156 0.8999999762
4629  -0.850  -69.997  -14.741 0.8999999762
2042  -3.991  -75.132  -12.583 1.0000000000
1630  -3.442  -75.872  -12.833 1.0000000000
4032  -2.199  -71.178  -13.949 1.0000000000
2450  -4.360  -73.867  -12.806 1.0000000000
130662  -10.682  -83.111  -10.875 0.6999999881
137539  -3.687  -72.043  -14.069 1.0000000000
135562  -10.001  -83.436  -13.506 0.8000000119
125535  -10.714  -82.838  -14.732 0.6999999881
326  -10.708  -82.500  -15.561 0.6999999881
1684  -12.175  -76.693  -17.830 0.6000000238
503  -10.501  -81.439  -15.957 0.6999999881
205  -10.491  -82.370  -17.623 0.6000000238
525  -10.561  -80.917  -18.769 0.6999999881
722  -10.696  -80.045  -19.628 0.6000000238
707  -10.378  -80.475  -17.030 0.6000000238
145602  -10.590  -81.272  -16.603 0.6999999881
588  -11.185  -80.917  -24.951 0.6999999881
1000  -6.293  -78.243  -22.281 0.6000000238
762  -10.529  -79.902  -22.803 0.6999999881
991  -10.613  -78.024  -21.383 0.6000000238
1732  -9.467  -76.470  -24.709 0.5000000000
124875  -9.360  -75.056  -24.860 0.6000000238
6526  3.893  -67.920  0.824 0.4000000060
5084  3.805  -69.574  0.185 0.5000000000
10773  0.360  -63.143  -2.954 0.8000000119
5136  2.802  -70.283  -4.453 0.6000000238
2841  1.467  -74.273  -5.861 0.6999999881
124742  2.941  -70.272  -5.434 0.6000000238
5170  2.695  -69.568  -7.333 0.6000000238
146005  0.915  -72.424  -7.054 0.6999999881
2850  1.573  -74.117  -6.700 0.6999999881
5186  1.433  -69.428  -7.836 0.6999999881
141292  2.081  -73.829  -9.013 0.8999999762
133109  2.454  -75.381  -7.915 0.6999999881
5917  -0.297  -68.900  -9.110 1.0000000000
4593  -0.118  -70.244  -9.146 1.0000000000
2879  2.485  -73.905  -9.799 0.8999999762
133755  2.120  -75.739  -9.036 0.6999999881
1198  1.208  -77.700  -7.668 0.6999999881
1600  1.611  -76.392  -8.500 0.6999999881
1588  1.061  -77.374  -8.128 0.6999999881
3461  2.605  -72.561  -12.899 0.8000000119
2912  2.455  -73.179  -12.343 0.8000000119
1211  0.242  -78.189  -8.641 0.6999999881
1234  -0.642  -77.686  -10.928 0.8000000119
4622  2.862  -70.503  -13.752 0.8000000119
3464  -1.518  -71.940  -13.430 1.0000000000
3466  -3.424  -72.119  -13.541 1.0000000000
1629  -2.557  -76.337  -12.365 0.8000000119
2034  -3.486  -74.830  -11.734 1.0000000000
711  -10.146  -79.391  -17.520 0.6000000238
6866  3.331  -68.133  -29.733 0.6000000238
6127  3.629  -69.286  -28.750 0.5000000000
6144  3.138  -69.014  -30.231 0.6999999881
136402  3.603  -70.275  -28.938 0.5000000000
1335  -6.808  -77.857  -21.810 0.6000000238
134034  -11.416  -77.789  -21.836 0.6000000238
1350  -11.900  -77.072  -22.048 0.6000000238
1727  -9.771  -76.055  -22.956 0.5000000000
1739  -9.258  -76.473  -25.536 0.5000000000
2131  -8.711  -75.895  -26.771 0.5000000000
2123  -9.382  -75.793  -25.226 0.5000000000
146385  -8.595  -74.273  -27.021 0.5000000000
124605  3.325  -68.126  -0.060 0.5000000000
6545  2.756  -67.789  -0.822 0.6000000238
9894  0.818  -63.288  -3.892 0.8000000119
8196  -0.260  -65.508  -6.714 0.8000000119
9034  1.675  -64.553  -6.733 0.8000000119
5829  2.306  -68.571  -2.514 0.6000000238
8205  -0.655  -65.825  -7.384 0.8000000119
147851  1.622  -65.384  -7.805 0.8000000119
5839  2.269  -68.584  -4.239 0.6000000238
7327  2.434  -66.631  -2.300 0.6000000238
8221  -0.864  -66.136  -8.016 0.8000000119
5147  2.640  -69.320  -4.984 0.6000000238
6568  2.187  -67.762  -3.592 0.6000000238
145123  -1.249  -66.785  -9.084 0.8000000119
8220  0.278  -66.226  -8.110 0.8000000119
132151  1.162  -66.543  -8.618 0.8000000119
5904  2.877  -67.974  -8.033 0.8000000119
6576  2.460  -67.704  -4.574 0.6000000238
2397  2.338  -74.441  -8.320 0.6999999881
6633  -1.079  -67.858  -9.664 1.0000000000
6621  1.645  -66.906  -8.859 0.8999999762
126891  1.831  -68.466  -8.266 0.8000000119
5889  2.503  -68.818  -7.816 0.6999999881
6632  -0.152  -67.871  -9.221 1.0000000000
5906  1.593  -67.679  -8.708 0.8000000119
2396  2.593  -74.955  -8.716 0.6999999881
2447  1.931  -74.033  -11.727 0.8999999762
2413  2.489  -74.349  -10.398 0.8999999762
2013  2.524  -74.801  -9.911 0.8000000119
2014  2.091  -75.288  -9.812 0.8000000119
2001  1.314  -76.082  -9.208 0.6999999881
2032  1.716  -74.842  -10.617 0.8999999762
1212  -0.484  -77.778  -9.161 0.8000000119
2914  1.189  -73.620  -12.797 0.8999999762
2448  1.297  -74.086  -12.084 0.8000000119
2016  -0.691  -75.639  -9.728 0.8000000119
2915  -0.522  -73.312  -12.664 0.8999999762
2435  0.362  -74.465  -11.463 0.8999999762
148476  -0.837  -74.491  -10.845 0.8999999762
1612  -2.201  -75.640  -10.435 0.8999999762
2003  -0.950  -76.319  -9.446 0.8000000119
1603  -1.365  -76.822  -9.612 0.8000000119
1224  -0.697  -78.089  -9.926 0.8000000119
1624  -1.650  -77.092  -10.873 0.8000000119
2916  -1.485  -73.232  -12.369 0.8999999762
2917  -2.464  -73.153  -12.309 0.8999999762
2041  -3.257  -75.583  -11.834 0.8999999762
1628  -1.443  -76.851  -12.236 0.8000000119
3465  -2.615  -71.865  -13.461 1.0000000000
3447  -2.960  -72.541  -12.900 1.0000000000
132044  -3.197  -73.132  -12.422 1.0000000000
147334  -3.469  -74.196  -11.837 1.0000000000
1625  -2.511  -76.212  -11.075 0.8000000119
945  -10.329  -78.144  -17.815 0.6000000238
10180  2.095  -63.834  -30.406 0.6000000238
135384  2.143  -63.867  -31.411 0.6000000238
510  -10.018  -80.428  -16.302 0.6000000238
134558  1.691  -63.165  -30.938 0.6999999881
7664  2.815  -67.031  -30.727 0.6000000238
130836  3.171  -66.650  -29.175 0.6000000238
128308  0.729  -61.694  -31.203 0.6999999881
147854  2.537  -66.961  -31.493 0.6999999881
145925  2.933  -67.987  -30.513 0.6999999881
6898  1.590  -66.921  -32.180 0.6999999881
11892  0.463  -61.008  -30.816 0.6999999881
11936  0.400  -62.531  -33.381 0.6999999881
6161  2.347  -68.772  -30.694 0.8000000119
129113  0.893  -67.445  -31.334 0.6999999881
12779  0.143  -60.542  -31.039 0.6999999881
5406  2.968  -69.813  -30.257 0.8000000119
3652  3.209  -72.443  -28.230 0.5000000000
127187  -12.339  -77.051  -26.653 0.5000000000
1740  -12.575  -76.845  -25.392 0.5000000000
12780  -0.365  -60.662  -31.568 0.6000000238
4786  3.076  -70.505  -29.947 0.8000000119
2547  -12.019  -74.320  -25.188 0.5000000000
2119  -12.550  -75.395  -24.533 0.5000000000
2115  -12.720  -75.579  -23.572 0.6000000238
1722  -12.523  -76.643  -22.687 0.6000000238
4222  3.146  -71.122  -29.386 0.6000000238
3018  -11.866  -73.559  -23.143 0.5000000000
128579  -12.556  -74.918  -23.091 0.5000000000
2109  -11.896  -75.370  -22.149 0.6000000238
2108  -10.777  -75.191  -22.002 0.6000000238
11895  -4.503  -61.323  -31.147 0.6000000238
2559  2.395  -74.283  -26.472 0.5000000000
2571  2.098  -74.019  -26.904 0.6000000238
3032  -11.102  -73.028  -22.956 0.5000000000
2107  -10.213  -75.516  -22.321 0.6000000238
13746  -4.635  -59.759  -31.958 0.6000000238
3638  2.921  -72.972  -27.731 0.6000000238
2546  -9.351  -74.112  -24.277 0.6000000238
2592  -8.584  -74.454  -28.079 0.5000000000
2556  -8.949  -74.328  -25.415 0.5000000000
2555  -8.692  -74.091  -26.234 0.6000000238
3054  -8.811  -73.437  -25.734 0.6000000238
139157  -9.512  -72.689  -29.176 0.6999999881
6512  4.377  -67.172  2.250 0.3000000119
6517  3.917  -67.015  1.293 0.4000000060
6527  3.442  -67.294  0.430 0.4000000060
6534  2.687  -67.015  -0.752 0.6000000238
7307  2.476  -66.479  -1.442 0.6000000238
137247  2.814  -67.733  -5.412 0.6999999881
125527  2.632  -66.889  -4.159 0.6000000238
7397  0.563  -67.100  -8.862 0.8999999762
6620  2.435  -66.945  -8.758 0.8000000119
5916  0.529  -68.100  -8.931 0.8999999762
6619  2.911  -67.170  -8.507 0.8000000119
2434  1.473  -74.495  -11.399 0.8999999762
2414  0.897  -74.929  -10.866 0.8999999762
2002  -0.039  -76.284  -9.286 0.6999999881
2415  -0.239  -74.990  -10.413 0.8999999762
2416  -1.508  -75.060  -10.219 0.8999999762
2417  -2.439  -74.834  -10.712 0.8999999762
1611  -1.898  -76.541  -10.193 0.8000000119
138146  -2.496  -74.222  -11.188 0.8999999762
2437  -3.017  -74.523  -11.284 0.8999999762
9314  2.399  -64.572  -31.880 0.6000000238
10216  1.751  -63.885  -32.800 0.6000000238
7654  2.975  -66.251  -30.075 0.6000000238
7677  2.470  -66.178  -32.052 0.6000000238
7678  0.608  -66.676  -31.871 0.6999999881
7667  0.206  -66.672  -30.968 0.6000000238
6887  1.246  -67.328  -31.897 0.6999999881
7655  0.120  -66.801  -29.260 0.6000000238
6163  1.550  -67.984  -31.411 0.6999999881
133575  1.170  -68.186  -30.706 0.6999999881
12772  -0.298  -60.001  -30.805 0.6999999881
127313  -1.042  -60.256  -31.163 0.6000000238
5408  1.947  -69.940  -30.079 0.6999999881
4774  2.199  -70.920  -28.954 0.8000000119
147995  -12.543  -76.035  -25.081 0.5000000000
4787  2.428  -70.621  -29.788 0.8000000119
126166  -12.040  -73.541  -24.233 0.5000000000
4207  3.081  -71.872  -28.784 0.8000000119
3085  2.492  -73.322  -27.157 0.8000000119
2587  -0.190  -74.998  -29.009 0.6000000238
3583  -10.945  -72.277  -23.588 0.6000000238
3017  -11.505  -73.969  -22.617 0.5000000000
2527  -11.754  -74.702  -22.334 0.5000000000
2526  -11.070  -74.523  -22.263 0.6000000238
2572  1.154  -74.281  -27.148 0.8000000119
4140  -10.391  -71.905  -23.709 0.5000000000
3581  -9.965  -72.460  -23.362 0.5000000000
3593  -9.518  -72.628  -23.954 0.5000000000
129230  -10.091  -71.253  -27.940 0.6000000238
2588  -1.087  -75.165  -28.687 0.5000000000
3117  -1.797  -74.408  -29.646 0.5000000000
3131  -9.517  -73.950  -30.594 0.6000000238
134470  -9.941  -73.122  -30.821 0.6000000238
124363  1.120  -62.555  -2.630 0.8000000119
7269  3.986  -66.406  2.085 0.3000000119
140505  2.960  -66.152  0.744 0.4000000060
7278  3.461  -66.258  1.309 0.4000000060
7277  3.310  -66.618  0.667 0.5000000000
8132  2.255  -65.730  -1.361 0.6000000238
9923  0.695  -64.064  -5.213 0.8000000119
9017  1.144  -64.345  -5.942 0.8000000119
9922  1.987  -63.392  -5.736 0.8000000119
124306  2.664  -65.866  -3.036 0.6000000238
132658  2.807  -66.193  -3.817 0.6000000238
7336  2.471  -66.809  -3.231 0.6000000238
8218  2.378  -65.417  -8.153 0.8000000119
8202  2.904  -64.928  -7.679 0.8000000119
6575  2.873  -66.941  -5.061 0.8000000119
7385  2.289  -66.168  -8.753 0.8000000119
7374  3.251  -66.413  -7.884 0.8000000119
7352  3.332  -66.210  -5.718 0.8000000119
142224  2.890  -66.486  -8.577 0.8000000119
8449  2.574  -65.352  -31.513 0.6000000238
10200  1.175  -62.538  -32.171 0.6000000238
7702  0.973  -65.713  -33.012 0.6999999881
11085  0.519  -63.281  -33.852 0.6999999881
145627  2.147  -65.796  -32.581 0.6999999881
7691  0.651  -66.067  -32.617 0.6999999881
8471  -0.651  -64.975  -33.239 0.6000000238
11040  0.829  -61.857  -31.969 0.6000000238
11902  0.339  -61.162  -31.635 0.6999999881
12781  -1.120  -60.877  -32.077 0.6999999881
6856  0.522  -67.450  -28.791 0.6000000238
11904  -1.886  -61.218  -32.640 0.6999999881
6145  1.614  -69.109  -30.341 0.6999999881
130982  0.955  -68.357  -29.618 0.6999999881
127229  1.770  -71.652  -27.099 0.8000000119
4734  0.092  -71.185  -25.777 0.6999999881
12782  -2.081  -61.124  -31.686 0.6999999881
4181  -0.294  -71.698  -26.172 0.6999999881
139176  -0.577  -71.897  -26.751 0.6999999881
4179  1.355  -72.307  -26.714 0.6999999881
142841  0.871  -72.774  -26.715 0.6999999881
3086  1.708  -73.754  -27.071 0.8000000119
3087  0.751  -74.069  -27.862 0.8000000119
4154  -10.655  -71.310  -24.291 0.6000000238
2573  0.439  -74.439  -28.106 0.8000000119
2600  0.001  -74.672  -29.811 0.6000000238
3128  -2.007  -73.789  -30.409 0.6000000238
4184  -10.157  -70.810  -25.776 0.5000000000
3055  -9.046  -72.738  -25.186 0.5000000000
2586  0.197  -74.551  -29.078 0.6000000238
2610  -1.081  -74.363  -30.366 0.6000000238
126748  -10.337  -71.639  -29.427 0.5000000000
3631  -9.298  -72.062  -26.876 0.6999999881
127329  -9.694  -72.928  -30.070 0.6000000238
3696  -3.098  -71.506  -31.907 0.4000000060
3138  -10.553  -73.833  -32.369 0.5000000000
3150  -9.603  -74.086  -33.253 0.5000000000
11577  0.418  -61.718  -1.025 0.8000000119
8086  2.114  -65.745  2.928 0.5000000000
149780  3.013  -65.781  2.615 0.4000000060
8104  1.444  -65.333  1.382 0.5000000000
140379  1.638  -65.371  0.658 0.5000000000
9000  -0.285  -64.259  -5.048 0.8000000119
10790  2.343  -62.858  -5.096 0.8000000119
8121  2.009  -65.616  -0.533 0.6000000238
9019  -1.055  -64.408  -5.481 0.8000000119
8948  1.760  -64.931  -1.289 0.6000000238
8206  -1.364  -65.226  -6.866 0.8000000119
9936  2.839  -63.504  -6.202 0.8000000119
9935  3.257  -63.361  -5.910 0.8000000119
8984  2.864  -64.804  -3.283 0.6999999881
8148  2.559  -65.253  -2.581 0.6000000238
9033  2.734  -64.190  -6.935 0.8000000119
8163  3.258  -64.498  -4.151 0.6999999881
8164  3.040  -65.379  -3.990 0.6000000238
7364  3.230  -65.491  -7.419 0.8000000119
9366  -0.295  -63.806  -34.517 0.6999999881
9347  0.818  -64.634  -33.586 0.6999999881
8468  1.249  -65.213  -33.158 0.6999999881
9349  -0.580  -64.479  -34.234 0.6999999881
8461  -1.492  -64.879  -32.453 0.6000000238
147558  0.082  -62.752  -34.253 0.6999999881
143488  -0.017  -63.224  -34.567 0.6999999881
8444  -1.229  -65.412  -30.500 0.6000000238
11937  -0.200  -62.093  -34.041 0.6999999881
7679  -0.037  -66.121  -31.379 0.6000000238
7656  -0.155  -66.436  -30.023 0.6000000238
145187  -0.395  -66.132  -29.292 0.6000000238
11903  -0.113  -61.150  -32.202 0.6999999881
11086  -0.326  -62.636  -34.894 0.6999999881
6112  0.702  -68.244  -27.291 0.6999999881
6091  0.227  -68.466  -26.382 0.6000000238
6090  0.944  -69.096  -26.752 0.6000000238
5373  0.177  -69.499  -25.883 0.6000000238
5396  1.707  -70.123  -29.182 0.8000000119
4169  -0.653  -71.167  -25.826 0.6999999881
4195  -1.086  -71.559  -27.418 0.6999999881
4194  -0.391  -72.408  -27.403 0.6999999881
139690  -0.821  -71.091  -30.534 0.6999999881
130559  -0.155  -72.914  -28.089 0.6999999881
4737  -10.688  -70.568  -25.289 0.4000000060
3102  0.409  -74.140  -28.944 0.6999999881
4799  -0.551  -71.055  -31.503 0.6999999881
134945  -11.143  -70.308  -27.077 0.5000000000
144879  -10.616  -70.733  -27.681 0.5000000000
4196  -9.728  -71.410  -27.184 0.6000000238
4212  -10.746  -71.211  -29.114 0.5000000000
3133  -0.721  -73.405  -31.259 0.6999999881
3684  -2.525  -72.250  -31.490 0.4000000060
4255  -4.503  -71.002  -33.163 0.4000000060
4235  -11.048  -71.791  -30.667 0.5000000000
3671  -9.982  -72.179  -29.715 0.6999999881
4211  -9.829  -71.856  -28.781 0.6999999881
2631  -10.337  -73.784  -33.173 0.4000000060
3682  -10.617  -72.173  -30.848 0.5000000000
3688  -10.436  -72.841  -31.422 0.5000000000
3157  -10.912  -72.988  -33.596 0.4000000060
8087  1.084  -65.543  3.279 0.4000000060
10751  -0.038  -62.846  -2.102 0.8000000119
11597  1.857  -61.879  -2.383 0.8000000119
8096  1.257  -65.419  2.315 0.5000000000
8909  0.203  -64.405  3.283 0.4000000060
8097  0.508  -65.042  2.717 0.4000000060
8919  0.331  -64.378  2.368 0.4000000060
8937  0.649  -64.130  0.821 0.5000000000
11614  2.463  -62.080  -3.186 0.8000000119
11560  3.641  -61.268  -0.479 0.6000000238
126424  1.966  -62.708  -4.387 0.8000000119
10771  3.055  -62.158  -3.814 0.8000000119
8949  1.482  -64.222  -0.906 0.6000000238
10770  3.155  -62.422  -3.455 0.8000000119
9879  2.779  -63.666  -2.557 0.6999999881
8958  2.140  -64.143  -1.797 0.6000000238
9893  3.352  -62.976  -4.103 0.8000000119
8983  3.202  -63.851  -3.778 0.6999999881
149133  3.437  -65.383  -5.583 0.8000000119
9331  -1.490  -64.548  -33.505 0.6000000238
9333  -3.819  -64.358  -32.406 0.5000000000
10242  -0.506  -63.083  -35.127 0.6999999881
9367  -0.889  -63.615  -34.977 0.6999999881
9332  -2.302  -64.547  -32.678 0.6000000238
8460  0.040  -65.479  -32.917 0.6999999881
8451  -1.475  -65.172  -31.409 0.6000000238
11087  -1.287  -62.389  -35.515 0.6999999881
11953  -1.476  -61.842  -35.268 0.6999999881
6092  -0.540  -68.737  -25.799 0.5000000000
11939  -1.952  -61.346  -34.767 0.6999999881
6823  0.067  -67.629  -26.846 0.5000000000
5357  -0.656  -70.113  -25.574 0.6000000238
134476  -2.821  -69.691  -27.539 0.4000000060
6128  1.351  -69.185  -29.292 0.6999999881
6129  0.858  -68.246  -28.393 0.6999999881
11905  -2.844  -61.402  -32.526 0.6999999881
11921  -3.867  -61.066  -32.959 0.6000000238
6111  1.245  -69.234  -27.963 0.6999999881
5385  1.356  -69.921  -27.186 0.8000000119
4762  -2.236  -70.247  -27.246 0.6000000238
5410  -2.523  -69.417  -29.839 0.6000000238
130125  -1.746  -60.656  -30.810 0.6999999881
4760  1.689  -70.935  -27.765 0.8000000119
4761  -1.633  -70.710  -27.946 0.6999999881
4193  2.294  -72.634  -27.581 0.8000000119
3626  0.145  -72.511  -26.787 0.6999999881
4775  -1.590  -70.528  -28.965 0.6999999881
4788  -1.478  -70.464  -29.961 0.6999999881
6180  -3.128  -69.058  -32.222 0.5000000000
3103  0.339  -73.584  -28.589 0.6999999881
4210  -1.169  -71.349  -28.549 0.6999999881
5422  -1.571  -69.832  -31.492 0.6999999881
6204  -3.603  -68.482  -33.644 0.5000000000
3116  0.320  -73.544  -29.644 0.6999999881
3667  0.002  -72.584  -30.169 0.6999999881
4234  -0.564  -71.725  -30.099 0.6999999881
5432  -1.211  -69.815  -32.553 0.6999999881
6192  -2.517  -69.183  -32.923 0.6999999881
3127  0.308  -73.825  -30.625 0.5000000000
4240  -0.249  -71.777  -31.781 0.6999999881
6225  -5.124  -68.266  -36.774 0.6000000238
5474  -6.157  -68.384  -36.931 0.6000000238
138402  -10.873  -71.492  -29.840 0.5000000000
3139  -0.662  -72.845  -32.022 0.5000000000
3695  -2.101  -72.033  -32.183 0.6000000238
3711  -5.873  -71.847  -33.288 0.5000000000
4825  -7.343  -69.278  -35.776 0.5000000000
128090  -8.222  -70.225  -34.789 0.4000000060
3700  -11.771  -72.885  -32.634 0.5000000000
4242  -11.629  -72.161  -31.263 0.4000000060
3712  -6.509  -71.874  -33.372 0.4000000060
3714  -8.443  -71.675  -33.625 0.4000000060
3158  -11.688  -72.498  -33.574 0.5000000000
139468  -11.105  -73.246  -32.839 0.5000000000
3162  -11.512  -72.456  -34.109 0.5000000000
3704  -5.097  -71.439  -32.708 0.6000000238
12444  0.342  -60.715  0.152 0.8000000119
12443  1.912  -60.550  0.116 0.6999999881
8899  0.429  -64.647  4.936 0.3000000119
10750  0.711  -62.404  -1.936 0.8000000119
11562  1.010  -61.203  -0.450 0.8000000119
9816  0.445  -63.941  4.235 0.4000000060
137118  -0.925  -63.489  -4.071 0.8000000119
135167  0.508  -63.676  3.330 0.4000000060
133009  2.482  -63.129  4.915 0.4000000060
9001  -0.947  -63.887  -4.772 0.8000000119
10772  1.575  -62.635  -3.535 0.8000000119
10692  3.804  -61.932  0.612 0.4000000060
9833  0.833  -63.358  1.951 0.4000000060
9824  0.967  -63.167  2.806 0.4000000060
9803  2.377  -62.942  4.022 0.4000000060
9050  -1.688  -64.621  -7.130 0.6999999881
10748  3.077  -62.123  -2.649 0.8000000119
9843  1.913  -63.154  -0.346 0.6999999881
10694  1.661  -62.901  1.439 0.4000000060
9865  2.736  -63.103  -2.031 0.6999999881
9878  3.183  -63.240  -3.295 0.6999999881
135263  -1.543  -64.026  -34.476 0.6000000238
9350  -2.405  -64.200  -33.639 0.6000000238
9368  -1.577  -63.430  -35.214 0.6999999881
9351  -3.431  -63.982  -33.515 0.5000000000
10232  -4.254  -63.660  -33.765 0.5000000000
10247  -4.929  -63.197  -34.016 0.5000000000
9316  -2.948  -64.849  -31.235 0.5000000000
128527  -0.782  -65.781  -29.794 0.6000000238
11938  -1.062  -61.622  -34.204 0.6999999881
11954  -2.148  -61.477  -35.495 0.6999999881
11967  -3.241  -61.238  -36.138 0.6000000238
13792  -6.655  -59.539  -35.058 0.6000000238
125206  -6.478  -61.730  -34.502 0.4000000060
7643  -0.349  -66.213  -28.613 0.6000000238
8433  -1.537  -65.204  -29.498 0.5000000000
11941  -3.159  -60.689  -34.204 0.6000000238
4170  -1.213  -70.666  -25.734 0.6000000238
129074  -2.542  -69.467  -28.927 0.5000000000
6164  -3.174  -69.152  -30.284 0.5000000000
4747  1.022  -71.388  -26.162 0.6999999881
3640  0.264  -73.249  -27.635 0.6999999881
4209  -0.652  -72.195  -28.228 0.6999999881
6193  -3.078  -68.885  -32.955 0.5000000000
4778  -11.802  -70.767  -28.623 0.5000000000
3675  0.063  -72.613  -31.114 0.6999999881
3683  -0.060  -72.668  -31.744 0.6999999881
4806  -0.935  -70.432  -32.836 0.6999999881
6203  -3.172  -68.766  -33.667 0.5000000000
4243  -12.523  -72.216  -31.094 0.4000000060
4790  -11.472  -71.160  -29.377 0.5000000000
135685  -1.194  -71.543  -32.190 0.6999999881
4812  -2.985  -69.774  -34.021 0.6999999881
5452  -3.000  -69.032  -34.223 0.6000000238
5475  -7.123  -68.511  -37.032 0.6000000238
3163  -12.229  -72.184  -34.226 0.5000000000
3690  -12.357  -72.686  -31.995 0.4000000060
139338  -2.060  -71.060  -33.130 0.6999999881
4815  -5.295  -70.500  -34.273 0.4000000060
4827  -8.787  -69.896  -36.170 0.5000000000
3721  -11.668  -72.053  -34.810 0.5000000000
4249  -2.661  -71.213  -32.601 0.5000000000
4257  -4.022  -70.724  -33.729 0.5000000000
4819  -5.917  -69.705  -34.757 0.4000000060
4820  -6.933  -69.594  -34.836 0.4000000060
4821  -7.842  -69.741  -35.266 0.4000000060
126973  -9.520  -71.153  -34.993 0.4000000060
4263  -6.335  -70.428  -34.109 0.4000000060
4822  -8.564  -70.128  -35.615 0.4000000060
3716  -10.690  -72.501  -34.299 0.4000000060
3719  -9.149  -71.455  -34.202 0.4000000060
138228  0.676  -60.442  0.836 0.6999999881
11563  -0.080  -61.190  -0.562 0.8000000119
10735  -0.511  -62.307  -1.836 0.8000000119
12442  3.315  -60.681  -0.377 0.6000000238
9794  1.574  -63.711  6.297 0.3000000119
9778  2.659  -63.261  6.833 0.3000000119
9897  -1.420  -63.030  -3.915 0.8000000119
11575  2.974  -61.362  -1.690 0.8000000119
12455  2.689  -60.867  -0.931 0.6999999881
11561  3.331  -61.032  -0.997 0.6000000238
11538  3.993  -61.361  1.081 0.5000000000
9777  3.561  -62.932  6.339 0.3000000119
11595  2.910  -61.836  -2.347 0.6999999881
10719  3.457  -61.751  -0.999 0.6999999881
10645  3.507  -62.845  5.334 0.4000000060
10706  3.067  -62.401  0.082 0.6000000238
10682  2.756  -62.530  1.972 0.4000000060
10670  3.514  -62.470  3.495 0.4000000060
149694  3.018  -62.303  -2.204 0.6999999881
10720  3.140  -62.365  -0.793 0.6999999881
10693  2.961  -62.440  1.029 0.4000000060
10231  -3.528  -63.535  -34.440 0.5000000000
10245  -3.158  -62.948  -35.398 0.6000000238
11089  -3.990  -62.568  -35.417 0.5000000000
10233  -5.793  -63.110  -33.398 0.4000000060
10256  -2.478  -62.368  -35.946 0.6000000238
11103  -3.429  -62.016  -36.048 0.6000000238
127624  -4.741  -62.634  -34.943 0.5000000000
9299  -2.682  -64.865  -30.410 0.5000000000
11940  -2.639  -60.941  -35.258 0.6000000238
13791  -5.726  -59.517  -35.184 0.6000000238
13793  -7.621  -59.407  -34.963 0.5000000000
124004  -2.887  -64.748  -29.122 0.5000000000
8432  -0.863  -65.600  -28.944 0.6000000238
12760  -1.275  -59.878  -30.345 0.6999999881
137696  -3.729  -60.230  -33.673 0.6000000238
14703  -6.259  -59.027  -34.816 0.6000000238
15631  -6.801  -58.450  -34.367 0.6000000238
130480  -3.281  -61.487  -31.562 0.6999999881
14699  -5.764  -58.418  -34.213 0.6000000238
138748  -4.035  -61.520  -31.569 0.6999999881
11907  -4.328  -61.229  -32.019 0.6000000238
13764  -3.953  -59.148  -33.029 0.6000000238
14674  -4.285  -58.450  -32.204 0.6000000238
5409  -1.867  -69.839  -30.411 0.6999999881
4226  -12.135  -71.400  -29.922 0.4000000060
140271  -1.138  -69.837  -33.019 0.6999999881
6931  -3.556  -67.659  -35.634 0.5000000000
3154  -14.452  -72.533  -33.211 0.4000000060
4248  -1.263  -70.968  -33.054 0.6999999881
5467  -5.787  -68.764  -36.165 0.6000000238
3143  -13.178  -72.821  -33.053 0.4000000060
4268  -13.156  -71.803  -34.931 0.4000000060
4810  -3.280  -70.303  -33.368 0.6999999881
4813  -3.667  -70.122  -34.169 0.6999999881
5466  -4.750  -68.747  -36.136 0.5000000000
5468  -6.793  -68.832  -36.332 0.5000000000
4267  -11.011  -71.576  -35.519 0.5000000000
4824  -6.381  -69.202  -35.501 0.5000000000
4826  -8.137  -69.553  -36.080 0.5000000000
4272  -9.337  -70.649  -35.712 0.5000000000
14260  0.484  -58.946  1.707 0.5000000000
12445  -0.281  -60.443  -0.184 0.8000000119
12411  1.352  -59.882  2.121 0.5000000000
12428  1.507  -60.303  1.259 0.5000000000
11598  -0.911  -61.844  -2.186 0.8000000119
12427  3.067  -60.288  0.508 0.6999999881
12397  3.835  -61.031  2.998 0.4000000060
10753  -1.270  -62.223  -2.946 0.6999999881
10801  -1.666  -62.694  -5.144 0.6000000238
127351  3.588  -60.617  0.965 0.5000000000
142885  4.092  -61.674  3.182 0.4000000060
11528  4.014  -61.649  2.315 0.4000000060
10620  3.293  -62.728  8.116 0.3000000119
10813  -1.487  -63.128  -6.478 0.5000000000
125010  3.614  -62.224  2.590 0.4000000060
133364  4.083  -62.027  3.896 0.4000000060
10630  4.089  -62.429  6.830 0.3000000119
132576  -5.487  -62.607  -34.336 0.5000000000
11104  -4.447  -61.944  -35.718 0.6000000238
11956  -5.917  -61.449  -35.182 0.4000000060
11969  -5.151  -61.209  -35.837 0.6000000238
13702  -1.104  -58.976  -29.818 0.6999999881
12813  -3.765  -60.109  -35.600 0.6000000238
12761  -2.072  -60.672  -29.982 0.8000000119
11872  -2.823  -61.263  -29.566 0.6999999881
12803  -3.461  -59.808  -34.782 0.6000000238
13782  -3.846  -59.189  -34.173 0.6000000238
15615  -4.488  -57.951  -33.153 0.6000000238
4244  -13.491  -72.189  -30.918 0.4000000060
14664  -4.783  -58.776  -31.294 0.6000000238
5459  -3.790  -68.906  -35.262 0.6000000238
3153  -13.652  -72.536  -33.303 0.4000000060
4809  -2.462  -70.234  -33.271 0.6999999881
5453  -3.622  -69.302  -34.425 0.6000000238
3722  -12.482  -71.960  -34.898 0.4000000060
138649  -9.439  -70.203  -36.169 0.5000000000
3724  -11.878  -71.674  -35.496 0.5000000000
13276  1.902  -59.438  2.935 0.5000000000
12456  -0.609  -61.094  -1.530 0.8000000119
12398  3.409  -60.381  3.021 0.4000000060
12468  -0.768  -61.158  -2.367 0.8000000119
12481  -0.658  -60.998  -3.298 0.6000000238
11519  3.985  -61.159  3.863 0.4000000060
11640  -0.298  -61.116  -5.815 0.6999999881
11508  4.197  -61.443  4.700 0.4000000060
10658  4.102  -62.285  4.892 0.4000000060
11487  4.200  -61.681  7.177 0.3000000119
11968  -4.063  -61.235  -36.107 0.6000000238
11090  -5.281  -61.996  -35.139 0.6000000238
11970  -5.956  -60.870  -35.505 0.6000000238
13798  -6.953  -59.897  -35.133 0.5000000000
139716  -1.140  -57.708  -28.857 0.6999999881
13680  -2.081  -59.704  -28.510 0.8000000119
13790  -4.088  -59.426  -35.066 0.6000000238
12744  -2.498  -60.738  -28.877 0.8000000119
144813  -3.322  -61.295  -28.912 0.6999999881
11894  -3.808  -61.583  -30.767 0.6999999881
16571  -7.808  -57.035  -33.490 0.6000000238
11887  -4.379  -61.387  -30.144 0.6999999881
15609  -4.402  -57.789  -32.338 0.6000000238
14259  1.391  -58.430  2.227 0.5000000000
14251  1.964  -58.715  3.015 0.5000000000
13305  -0.262  -59.605  0.630 0.5000000000
139920  -0.472  -59.936  -0.219 0.8000000119
14274  -0.010  -58.765  0.768 0.6999999881
13333  -0.537  -60.385  -1.842 0.6999999881
13275  2.910  -59.608  3.447 0.4000000060
13249  3.735  -59.336  4.829 0.4000000060
12386  3.638  -60.138  3.896 0.4000000060
11630  -1.570  -62.008  -4.543 0.6000000238
12467  -0.292  -60.330  -2.826 0.6000000238
12374  3.978  -60.355  4.691 0.4000000060
127287  3.990  -59.595  6.286 0.4000000060
11457  3.555  -60.799  8.222 0.3000000119
12363  4.174  -60.676  5.665 0.4000000060
12350  4.118  -60.617  6.906 0.3000000119
11498  4.262  -61.645  6.298 0.3000000119
16529  -0.704  -56.534  -27.559 0.5000000000
142489  -4.472  -59.803  -35.567 0.6000000238
14632  -1.658  -57.715  -28.317 0.6999999881
141088  -1.978  -58.782  -28.242 0.8000000119
14702  -5.313  -58.959  -34.703 0.6000000238
15627  -6.240  -57.858  -33.648 0.6000000238
12730  -2.715  -60.488  -27.853 0.8000000119
15617  -5.744  -57.331  -32.861 0.6000000238
13704  -5.202  -60.193  -29.960 0.6000000238
15189  2.190  -57.568  1.914 0.5000000000
14250  3.088  -57.797  3.544 0.5000000000
14273  0.982  -57.966  1.244 0.6999999881
14242  3.267  -57.847  4.387 0.4000000060
144563  1.557  -58.749  6.448 0.3000000119
14287  -0.006  -58.642  -0.278 0.8000000119
13265  2.744  -58.818  3.628 0.4000000060
13250  3.524  -58.483  5.043 0.4000000060
14201  2.282  -59.023  6.759 0.3000000119
13332  0.116  -59.592  -2.472 0.6000000238
13264  3.321  -59.031  4.336 0.4000000060
14229  3.746  -58.851  5.428 0.4000000060
14200  3.176  -58.736  6.170 0.3000000119
13223  2.199  -59.451  7.571 0.3000000119
12480  0.127  -60.249  -3.725 0.6000000238
13210  3.726  -59.695  7.053 0.3000000119
13194  2.050  -59.867  8.200 0.3000000119
12338  3.807  -60.352  7.649 0.3000000119
14539  -4.916  -58.333  -22.996 0.6999999881
16570  -6.731  -57.237  -33.101 0.6000000238
14575  -4.978  -59.079  -24.267 0.6999999881
15571  -0.976  -56.922  -27.982 0.6000000238
15554  -1.655  -56.570  -27.249 0.6000000238
13597  -5.327  -59.403  -24.915 0.6000000238
17474  -7.653  -55.868  -32.299 0.6000000238
146027  -3.104  -61.004  -28.215 0.8000000119
128252  -5.178  -59.901  -26.245 0.6000000238
16558  -5.370  -56.930  -32.045 0.6000000238
12745  -3.842  -61.110  -28.259 0.6999999881
12721  -5.496  -59.827  -27.017 0.6000000238
16559  -6.215  -56.741  -32.340 0.6000000238
12733  -5.079  -60.246  -27.686 0.6000000238
13681  -5.371  -59.923  -28.509 0.6000000238
16552  -5.952  -56.489  -31.525 0.6000000238
17468  -7.231  -55.611  -31.543 0.6000000238
13705  -5.403  -59.434  -29.351 0.6000000238
14665  -5.071  -57.979  -30.663 0.6000000238
15603  -4.629  -57.808  -31.542 0.6000000238
16551  -5.386  -56.830  -31.180 0.6000000238
16546  -5.981  -56.402  -30.716 0.6000000238
15604  -5.137  -57.286  -30.928 0.6000000238
129263  -6.212  -56.563  -29.583 0.6000000238
15177  2.614  -57.777  2.737 0.5000000000
15162  3.390  -57.012  3.693 0.5000000000
15206  0.625  -57.943  0.173 0.6999999881
14286  0.791  -58.043  -0.870 0.6999999881
14216  2.148  -58.254  5.653 0.4000000060
14310  0.599  -58.853  -2.123 0.6000000238
15468  -6.310  -56.895  -22.112 0.6999999881
129586  -3.838  -58.396  -24.030 0.8000000119
16530  -1.106  -56.452  -27.542 0.5000000000
13662  -2.432  -59.665  -27.503 0.8000000119
13637  -3.587  -59.956  -26.263 0.8000000119
12718  -3.068  -60.266  -26.999 0.8000000119
12720  -4.735  -60.320  -26.870 0.6999999881
124580  -6.085  -58.552  -28.029 0.6000000238
149027  -5.158  -60.329  -29.129 0.6000000238
144999  -5.979  -57.456  -29.480 0.6000000238
15176  3.431  -57.010  2.957 0.5000000000
15188  3.089  -56.935  1.629 0.6000000238
16110  2.962  -56.581  4.142 0.5000000000
15148  3.202  -57.108  4.387 0.4000000060
15205  2.151  -57.227  1.012 0.6999999881
15224  1.503  -57.448  -0.478 0.6000000238
136095  3.205  -57.943  4.999 0.4000000060
15137  2.799  -57.580  5.069 0.4000000060
14296  1.022  -58.283  -1.706 0.6000000238
13345  1.402  -59.215  -3.797 0.6999999881
15466  -5.021  -57.555  -21.624 0.6999999881
15467  -5.887  -57.124  -21.411 0.6999999881
15485  -4.502  -57.826  -22.410 0.8000000119
17445  -1.032  -55.565  -26.469 0.5000000000
15555  -2.220  -57.007  -26.479 0.6000000238
13615  -3.383  -59.243  -25.595 0.8000000119
16482  -1.616  -55.547  -25.592 0.5000000000
14616  -2.527  -58.281  -26.247 0.6999999881
132678  -4.110  -59.750  -25.675 0.6999999881
17467  -6.511  -56.002  -31.116 0.6000000238
14657  -5.581  -58.259  -29.661 0.6000000238
17461  -6.170  -56.260  -29.952 0.6000000238
17457  -6.397  -56.052  -29.117 0.6000000238
15175  3.433  -56.640  2.316 0.5000000000
16121  3.259  -56.569  3.690 0.5000000000
15163  2.309  -56.459  4.117 0.5000000000
145662  0.434  -58.513  7.014 0.3000000119
16168  2.987  -56.617  0.718 0.6999999881
14230  1.576  -57.843  5.128 0.3000000119
16185  2.803  -56.557  -0.352 0.6000000238
15241  1.781  -57.632  -1.573 0.6999999881
14218  -0.188  -58.161  6.350 0.3000000119
134905  2.485  -57.123  -1.705 0.6000000238
14342  2.170  -58.858  -4.219 0.6999999881
15529  -3.200  -57.923  -24.606 0.8000000119
15543  -2.678  -57.580  -25.490 0.6000000238
14597  -3.065  -58.402  -25.301 0.6999999881
14576  -5.764  -58.896  -24.370 0.6000000238
13636  -2.795  -59.440  -26.567 0.8000000119
146915  -6.123  -59.071  -25.800 0.6000000238
14634  -6.039  -59.053  -27.209 0.6000000238
15588  -6.067  -57.943  -28.828 0.6000000238
129645  -6.300  -57.021  -28.736 0.6000000238
18469  -6.718  -55.036  -29.350 0.5000000000
16152  3.390  -56.338  1.567 0.5000000000
16134  3.216  -56.047  3.148 0.5000000000
15164  1.223  -56.821  4.079 0.5000000000
16205  2.807  -56.648  -1.274 0.6999999881
15151  -0.408  -57.741  4.591 0.3000000119
143113  0.297  -58.098  5.200 0.3000000119
15129  -1.078  -57.554  6.830 0.3000000119
16204  3.165  -56.198  -1.675 0.6999999881
16215  2.824  -56.850  -2.111 0.6999999881
15138  -0.741  -57.764  5.684 0.3000000119
127789  -1.827  -56.925  4.394 0.3000000119
147807  -3.976  -56.904  -21.304 0.8000000119
17400  -3.088  -55.653  -22.159 0.8000000119
15508  -3.422  -57.323  -23.306 0.8000000119
16483  -2.432  -56.267  -24.650 0.6000000238
14538  -4.012  -58.108  -23.178 0.8000000119
15486  -5.392  -57.908  -22.401 0.6999999881
17423  -1.856  -55.311  -24.734 0.6000000238
140944  -3.484  -57.826  -23.820 0.8000000119
15530  -6.399  -57.713  -24.210 0.6000000238
16500  -2.301  -56.573  -25.607 0.6000000238
14599  -6.360  -58.451  -25.520 0.6000000238
15557  -6.374  -57.546  -26.102 0.6000000238
14617  -6.271  -58.461  -26.533 0.6000000238
15556  -6.339  -57.329  -27.167 0.6000000238
15575  -6.247  -58.212  -27.408 0.6000000238
16531  -6.246  -56.227  -27.345 0.6000000238
16535  -6.372  -56.251  -28.068 0.6000000238
17080  3.360  -55.981  2.321 0.5000000000
16123  1.676  -56.220  3.667 0.5000000000
129467  3.351  -56.045  0.912 0.6000000238
16124  0.437  -56.626  3.440 0.5000000000
17151  3.410  -55.439  -1.177 0.6999999881
16135  2.271  -55.784  3.209 0.5000000000
15165  -0.051  -57.296  3.913 0.5000000000
127751  2.450  -57.534  -2.498 0.6999999881
15166  -1.112  -57.429  3.974 0.3000000119
14325  2.558  -58.270  -3.807 0.6999999881
17380  -2.957  -54.995  -20.754 0.5000000000
16442  -3.939  -56.452  -20.818 0.8000000119
137920  -2.531  -54.917  -22.493 0.6000000238
17399  -2.556  -55.476  -23.187 0.6000000238
17422  -1.122  -54.711  -25.082 0.5000000000
17410  -1.663  -54.711  -24.153 0.5000000000
17411  -2.329  -55.644  -24.063 0.6000000238
16453  -6.401  -56.870  -22.911 0.6000000238
15507  -3.063  -57.168  -24.141 0.6999999881
16465  -6.404  -56.909  -23.789 0.6000000238
16485  -6.349  -56.916  -24.691 0.6000000238
16501  -5.836  -55.931  -25.914 0.6000000238
16519  -6.192  -56.524  -26.527 0.6000000238
17099  3.028  -55.153  1.911 0.6000000238
17116  3.303  -55.359  0.613 0.6000000238
141911  3.104  -54.987  1.227 0.6000000238
17101  0.880  -55.083  1.940 0.5000000000
16136  1.004  -55.903  3.082 0.5000000000
145635  -2.049  -56.662  3.053 0.5000000000
16137  -0.205  -56.290  2.807 0.5000000000
15263  2.909  -57.388  -3.536 0.5000000000
17362  -3.079  -55.130  -19.814 0.8000000119
17344  -3.235  -55.201  -18.948 0.8000000119
133845  -5.197  -55.952  -19.207 0.6999999881
17363  -3.763  -55.663  -19.464 0.8000000119
17364  -4.529  -55.925  -19.252 0.8000000119
18371  -2.299  -54.319  -21.252 0.5000000000
17381  -3.537  -55.706  -20.333 0.6999999881
18383  -2.120  -54.302  -22.201 0.6000000238
17424  -6.008  -56.015  -24.369 0.6000000238
17100  2.093  -54.905  2.062 0.6000000238
18127  3.567  -54.542  -1.506 0.6999999881
18085  2.995  -54.470  0.627 0.5000000000
18060  2.419  -54.520  1.319 0.6000000238
17084  -0.766  -55.878  2.171 0.5000000000
16231  3.209  -56.328  -4.034 0.6000000238
135933  -2.614  -54.766  -19.272 0.8000000119
18325  -3.944  -54.544  -17.278 0.8000000119
18308  -4.759  -53.940  -16.684 0.6999999881
19295  -1.251  -53.301  -19.378 0.5000000000
17345  -4.071  -55.491  -18.688 0.8000000119
18342  -4.652  -55.056  -17.924 0.6999999881
19287  -5.860  -53.983  -17.096 0.6000000238
18357  -2.324  -54.384  -20.142 0.5000000000
18370  -1.642  -53.689  -20.932 0.5000000000
17391  -3.325  -55.699  -21.235 0.6000000238
147852  -1.767  -54.308  -23.186 0.5000000000
18062  0.200  -54.694  1.383 0.5000000000
18108  3.468  -54.693  -0.615 0.6999999881
18109  3.250  -54.124  -0.097 0.6000000238
18136  3.600  -54.360  -2.509 0.6999999881
124690  2.349  -54.009  0.747 0.6000000238
18061  1.282  -54.553  1.423 0.5000000000
17102  -0.196  -55.227  1.842 0.5000000000
130012  3.501  -55.018  -3.237 0.6000000238
129672  -0.673  -54.882  1.339 0.5000000000
17104  -2.624  -55.399  2.385 0.5000000000
17055  -2.664  -55.159  5.807 0.3000000119
20248  -1.374  -52.861  -16.460 0.6999999881
19269  -2.710  -53.632  -16.498 0.8000000119
19270  -3.843  -53.638  -16.284 0.8000000119
19284  -1.497  -53.569  -17.622 0.6999999881
143968  -1.070  -52.820  -17.210 0.6000000238
19286  -3.218  -54.154  -16.906 0.8000000119
18339  -1.906  -54.183  -19.079 0.6000000238
19268  -1.786  -53.438  -16.804 0.8000000119
20250  -5.025  -53.126  -15.961 0.6000000238
18341  -3.512  -55.002  -18.138 0.8000000119
145100  -1.331  -53.780  -22.655 0.6000000238
19078  3.526  -53.802  -0.802 0.6000000238
19079  3.104  -53.322  -0.283 0.6999999881
19064  1.897  -53.518  0.424 0.6000000238
18086  1.569  -54.026  0.885 0.5000000000
18020  -2.773  -54.695  4.498 0.4000000060
142028  3.490  -54.715  -3.988 0.6000000238
18005  -3.445  -54.137  5.285 0.4000000060
20259  -0.270  -51.815  -17.734 0.5000000000
19283  -0.794  -52.762  -18.119 0.6000000238
19272  -6.236  -53.116  -16.963 0.6000000238
20054  3.495  -52.822  -0.877 0.6000000238
18087  0.536  -54.121  0.885 0.5000000000
19088  3.655  -53.443  -1.770 0.6000000238
20037  1.420  -52.973  -0.030 0.6000000238
20055  2.846  -52.535  -0.473 0.8000000119
19066  -0.098  -53.546  0.404 0.5000000000
18063  -1.625  -54.733  1.208 0.5000000000
18039  -2.926  -54.714  3.408 0.5000000000
146227  -0.226  -50.420  -13.857 0.5000000000
21108  0.378  -49.862  -14.718 0.5000000000
21109  -1.131  -51.091  -13.495 0.6999999881
145574  -0.449  -50.946  -14.448 0.6000000238
21118  -2.787  -51.661  -14.053 0.6999999881
21119  -3.848  -51.497  -14.126 0.6999999881
20233  -0.437  -51.249  -16.159 0.5000000000
21125  -0.832  -51.576  -15.093 0.6000000238
21120  -4.656  -51.268  -14.440 0.5000000000
20247  -0.663  -52.167  -16.652 0.6000000238
20234  -1.332  -52.415  -15.695 0.6999999881
19256  -3.179  -53.165  -15.816 0.8000000119
20225  -3.246  -52.181  -14.626 0.6999999881
20226  -4.287  -52.002  -14.695 0.6000000238
20236  -3.729  -52.619  -15.214 0.8000000119
20249  -2.127  -53.137  -16.041 0.8000000119
20238  -5.502  -51.730  -15.631 0.6000000238
21138  -5.738  -51.805  -16.415 0.6000000238
20260  -6.072  -52.414  -16.985 0.6000000238
20063  3.686  -52.303  -1.590 0.6999999881
19097  3.702  -52.735  -2.542 0.6000000238
147676  2.592  -51.917  -0.721 0.6999999881
20947  1.797  -51.710  -0.828 0.8000000119
19048  -2.715  -53.830  1.257 0.5000000000
20039  -0.660  -52.870  -0.033 0.6000000238
18089  -1.774  -54.001  0.842 0.5000000000
19049  -3.281  -53.168  1.942 0.5000000000
22097  -1.931  -50.812  -12.710 0.6000000238
22098  -3.047  -50.662  -12.831 0.6999999881
21110  -2.370  -51.241  -13.391 0.6999999881
21112  -4.294  -50.701  -13.767 0.6999999881
20224  -2.026  -52.181  -14.725 0.6999999881
20235  -2.601  -52.664  -15.340 0.8000000119
23078  -4.653  -49.973  -14.616 0.6000000238
21121  -5.191  -51.128  -14.969 0.6000000238
22110  -5.385  -51.019  -15.528 0.6000000238
22122  -5.070  -50.649  -16.042 0.6000000238
149761  3.262  -51.281  -1.433 0.6999999881
19067  -1.152  -53.448  0.472 0.5000000000
19068  -2.204  -53.285  0.664 0.5000000000
20963  3.596  -51.024  -2.440 0.6000000238
20058  -0.148  -52.083  -0.531 0.6000000238
20059  -1.243  -52.152  -0.216 0.5000000000
20012  -3.420  -52.405  2.853 0.5000000000
19990  -3.858  -52.412  4.471 0.5000000000
21117  -1.556  -51.587  -14.151 0.6999999881
23073  -4.193  -49.995  -13.326 0.5000000000
23077  -4.299  -49.551  -13.971 0.6000000238
23074  -4.542  -50.136  -13.959 0.6000000238
132647  -4.119  -49.313  -14.884 0.6000000238
23082  -4.404  -49.902  -15.623 0.6000000238
20057  1.021  -52.307  -0.510 0.6000000238
20023  -3.018  -53.070  1.098 0.5000000000
21906  2.538  -50.315  -1.839 0.6999999881
20956  1.702  -50.916  -1.312 0.6999999881
20949  -0.181  -51.125  -1.029 0.6999999881
140902  -2.047  -52.109  0.104 0.6000000238
132781  -3.590  -52.387  3.888 0.5000000000
21917  2.160  -49.533  -2.332 0.8000000119
128776  -1.059  -51.436  -0.646 0.6999999881
20950  -1.925  -51.549  -0.252 0.6000000238
20041  -2.768  -52.443  0.602 0.5000000000
22902  2.389  -48.847  -3.172 0.8000000119
22088  -1.544  -50.356  -12.057 0.5000000000
22089  -2.589  -50.257  -12.204 0.6999999881
24004  -1.585  -48.997  -10.557 0.4000000060
23068  -2.791  -49.637  -11.994 0.6999999881
24021  -3.738  -49.176  -13.264 0.6999999881
22090  -3.487  -49.964  -12.620 0.6999999881
24025  -3.706  -48.826  -14.319 0.6000000238
140088  -3.515  -51.763  2.750 0.5000000000
20957  0.715  -50.566  -1.478 0.8000000119
20001  -4.093  -51.863  4.269 0.5000000000
133751  -1.794  -50.846  -0.629 0.6999999881
145709  -2.750  -51.623  0.249 0.6000000238
20938  -3.431  -51.605  1.020 0.5000000000
20002  -4.657  -51.972  3.948 0.5000000000
22903  1.510  -48.916  -2.687 0.6999999881
23872  1.487  -47.998  -4.372 0.6000000238
145737  0.963  -48.404  -2.940 0.8000000119
23873  0.999  -47.595  -4.041 0.6000000238
24017  -3.270  -49.267  -12.491 0.6999999881
25015  -2.494  -48.381  -11.682 0.6000000238
129989  -3.112  -48.518  -12.895 0.6000000238
24020  -3.131  -48.285  -13.893 0.6000000238
25991  -0.355  -45.826  -12.407 0.5000000000
129657  -5.359  -51.791  3.264 0.4000000060
21907  1.147  -49.732  -2.028 0.6999999881
20951  -2.651  -50.939  -0.192 0.6000000238
21869  -3.602  -50.646  1.591 0.6000000238
145198  -4.579  -50.891  3.658 0.5000000000
20014  -6.042  -52.309  2.304 0.4000000060
20958  -0.245  -50.298  -1.432 0.8000000119
21895  -1.010  -50.661  -1.069 0.8000000119
21853  -4.005  -50.600  3.483 0.5000000000
20915  -4.889  -51.197  3.608 0.5000000000
23858  -0.115  -47.585  -3.160 0.6000000238
24899  -0.870  -46.477  -3.920 0.6000000238
24996  -1.596  -48.128  -10.255 0.4000000060
25975  -1.709  -46.993  -10.630 0.5000000000
25998  -1.093  -46.449  -12.850 0.6000000238
27062  -1.240  -46.052  -11.235 0.5000000000
28146  -0.207  -44.633  -10.814 0.5000000000
22856  -3.992  -49.451  2.830 0.5000000000
22894  -0.293  -49.385  -1.889 0.8000000119
21883  -3.318  -50.854  0.512 0.6000000238
20916  -5.771  -50.965  2.809 0.5000000000
21908  -0.922  -49.962  -1.416 0.8000000119
124252  -3.600  -49.836  1.043 0.6000000238
22895  -1.246  -49.267  -1.686 0.8000000119
22886  -2.675  -49.634  -0.772 0.6999999881
21897  -3.209  -50.105  -0.107 0.6000000238
22864  -3.894  -49.084  2.007 0.6000000238
144085  -1.809  -47.592  -2.358 0.8000000119
22904  0.184  -48.474  -2.662 0.6999999881
24881  -0.513  -46.816  -3.590 0.6000000238
24882  -1.519  -46.598  -3.231 0.6999999881
135230  -1.590  -46.291  -10.142 0.4000000060
132294  -1.947  -47.444  -11.124 0.6000000238
27041  -1.220  -45.468  -10.511 0.5000000000
27061  -0.064  -45.256  -11.730 0.5000000000
27073  0.492  -45.308  -13.031 0.6000000238
22896  -2.165  -49.112  -1.425 0.8000000119
22887  -3.309  -49.181  -0.368 0.6999999881
136551  -3.665  -48.558  0.238 0.6999999881
22905  -0.681  -48.468  -2.340 0.6999999881
23844  -1.548  -48.378  -2.030 0.8000000119
23846  -3.186  -47.763  -1.289 0.8000000119
24828  -3.874  -47.731  0.196 0.6999999881
24900  -1.355  -46.119  -4.076 0.6999999881
24883  -2.663  -46.167  -2.692 0.6000000238
25885  -2.692  -45.195  -3.988 0.6999999881
29265  -0.545  -43.665  -10.080 0.5000000000
23845  -2.402  -48.193  -1.712 0.8000000119
24817  -5.145  -47.223  1.769 0.6000000238
142504  -3.895  -47.058  -0.423 0.8000000119
24829  -4.280  -47.115  0.632 0.6999999881
24866  -3.430  -46.682  -1.645 0.8000000119
25895  -2.654  -45.701  -4.706 0.6999999881
25871  -3.958  -45.022  -2.632 0.6000000238
24919  -3.425  -46.287  -5.220 0.6000000238
26971  -5.046  -44.381  -4.242 0.6999999881
21901  -14.642  -50.858  -0.312 0.6000000238
136265  -17.268  -50.139  0.179 0.5000000000
29247  -1.288  -42.870  -9.331 0.5000000000
26000  -0.045  -45.811  -13.462 0.6000000238
28145  0.674  -43.896  -11.095 0.4000000060
29264  0.775  -43.069  -10.934 0.4000000060
24830  -4.833  -46.844  1.000 0.6000000238
24846  -4.560  -46.581  0.071 0.8000000119
24831  -5.579  -46.896  1.219 0.6000000238
25846  -4.773  -46.130  -0.661 0.8000000119
24847  -5.085  -46.594  0.325 0.8000000119
133780  -11.537  -49.970  1.648 0.5000000000
26957  -4.429  -44.473  -3.278 0.6999999881
26975  -4.753  -44.737  -4.955 0.6999999881
24920  -4.583  -46.444  -5.391 0.6000000238
21898  -12.203  -49.854  0.010 0.6000000238
21900  -13.563  -50.678  0.063 0.6000000238
25899  -7.193  -45.111  -5.530 0.6000000238
134918  -12.706  -50.398  -0.554 0.6000000238
135158  -9.652  -46.482  -5.476 0.6000000238
23904  -11.491  -48.180  -4.914 0.6000000238
23922  -11.820  -47.595  -5.742 0.6000000238
125854  -12.709  -50.610  -4.095 0.6000000238
137749  -13.389  -50.558  -3.894 0.6000000238
30280  -1.424  -42.495  -8.953 0.4000000060
30302  0.695  -42.187  -10.873 0.4000000060
30303  0.148  -42.578  -10.103 0.5000000000
21884  -12.377  -50.303  1.264 0.5000000000
26958  -5.554  -44.560  -3.248 0.6999999881
25887  -6.765  -44.793  -4.639 0.6999999881
25888  -7.613  -45.308  -4.472 0.6999999881
25889  -8.415  -45.917  -4.690 0.6000000238
129546  -10.171  -47.111  -4.656 0.6000000238
21958  -11.936  -50.243  -4.259 0.6000000238
22926  -14.486  -49.816  -3.576 0.6000000238
134332  -15.362  -48.857  -3.950 0.5000000000
30291  -0.926  -41.988  -9.287 0.5000000000
149052  -5.537  -45.296  -2.311 0.8000000119
24884  -6.830  -46.648  -2.080 0.6999999881
128405  -8.218  -47.517  -1.614 0.6000000238
126041  -9.100  -47.525  -1.140 0.6000000238
24852  -10.619  -47.389  0.243 0.6000000238
23836  -11.415  -48.349  -0.247 0.6000000238
25872  -6.383  -45.387  -2.865 0.6999999881
25873  -7.321  -45.959  -3.190 0.6999999881
24885  -7.723  -47.091  -2.438 0.6999999881
24870  -9.706  -47.698  -1.877 0.6000000238
24872  -10.966  -47.869  -0.875 0.6000000238
21911  -13.255  -50.589  -1.140 0.5000000000
141645  -6.360  -44.764  -3.813 0.6999999881
24886  -8.696  -47.453  -2.646 0.6000000238
23861  -10.802  -48.727  -2.430 0.5000000000
23848  -11.072  -48.586  -1.327 0.5000000000
21925  -13.087  -50.690  -2.125 0.5000000000
149307  -14.417  -50.339  -1.512 0.5000000000
24902  -8.895  -46.733  -3.980 0.8000000119
139873  -9.505  -47.476  -3.290 0.6000000238
21924  -12.452  -50.670  -2.548 0.5000000000
142119  -15.289  -49.542  -1.712 0.5000000000
22899  -16.012  -49.205  -1.401 0.5000000000
24837  -16.933  -47.537  -0.173 0.4000000060
24854  -16.543  -47.126  -0.833 0.3000000119
23860  -10.418  -48.129  -3.083 0.6000000238
22925  -11.030  -49.665  -3.109 0.5000000000
21937  -11.540  -50.269  -3.451 0.6000000238
23849  -15.527  -48.713  -2.028 0.5000000000
146589  -16.477  -45.964  -1.252 0.3000000119
23878  -10.816  -48.617  -3.392 0.6000000238
139854  -11.331  -49.848  -3.930 0.6000000238
21939  -13.089  -50.671  -3.121 0.6000000238
22911  -14.967  -49.180  -2.440 0.5000000000
24874  -16.275  -47.544  -1.577 0.5000000000
138023  -16.600  -45.328  -1.437 0.3000000119
22910  -14.455  -49.737  -2.868 0.6000000238
21940  -13.902  -50.304  -3.361 0.6000000238
23862  -15.357  -48.418  -2.748 0.6000000238
26945  -16.459  -46.025  -1.928 0.5000000000
24906  -15.778  -47.667  -2.937 0.6000000238
31322  -0.246  -40.997  -9.204 0.4000000060
22909  -11.221  -49.688  -1.878 0.5000000000
24901  -8.129  -46.407  -3.582 0.6999999881
141672  -13.846  -50.337  -2.545 0.5000000000
28041  -16.592  -44.583  -0.930 0.3000000119
129405  -16.523  -46.307  -0.708 0.3000000119
32421  0.114  -40.110  -10.354 0.4000000060
33459  -0.703  -39.505  -10.727 0.4000000060
32440  -0.091  -40.319  -10.729 0.6000000238
32441  -0.721  -40.342  -11.045 0.6000000238
30237  -19.944  -42.524  -4.267 0.4000000060
29177  -17.723  -42.672  -4.088 0.4000000060
30236  -18.700  -42.821  -4.474 0.4000000060
144226  -20.850  -41.957  -4.115 0.4000000060
30220  -16.148  -42.186  -2.349 0.4000000060
31256  -15.473  -41.725  -3.031 0.4000000060
30229  -16.134  -41.643  -4.526 0.4000000060
138232  -22.931  -42.148  -5.164 0.4000000060
138295  -22.952  -42.101  -6.775 0.5000000000
31251  -13.831  -41.011  -2.053 0.3000000119
144646  -14.751  -41.507  -2.644 0.3000000119
30234  -17.046  -41.988  -4.355 0.4000000060
31271  -22.471  -41.752  -4.755 0.4000000060
31288  -22.819  -41.456  -6.381 0.4000000060
31255  -14.216  -41.202  -2.908 0.3000000119
31294  -22.426  -41.652  -7.215 0.5000000000
32341  -14.263  -41.035  -3.997 0.3000000119
147787  -15.531  -41.395  -4.751 0.5000000000
32370  -21.991  -40.184  -6.004 0.4000000060
32389  -20.657  -40.300  -8.675 0.5000000000
31293  -21.774  -41.202  -7.712 0.5000000000
32338  -13.857  -40.632  -3.065 0.3000000119
32377  -21.098  -39.846  -7.921 0.5000000000
127511  -19.600  -39.967  -9.603 0.5000000000
134645  -20.216  -39.902  -9.136 0.5000000000
132801  -20.404  -38.339  -7.944 0.4000000060
34435  -20.312  -38.644  -8.614 0.5000000000
33413  -20.507  -39.466  -8.617 0.5000000000
34451  -18.477  -38.859  -10.278 0.5000000000
126145  -19.388  -38.967  -9.766 0.5000000000
34434  -20.104  -37.778  -8.349 0.5000000000
34452  -19.844  -38.195  -9.276 0.5000000000
132846  -19.193  -38.100  -9.992 0.5000000000
34471  -18.379  -37.873  -10.411 0.5000000000
35533  -19.503  -37.390  -9.584 0.5000000000
35559  -18.370  -37.034  -10.458 0.5000000000
148592  -19.012  -37.377  -10.146 0.5000000000
37730  -18.504  -35.408  -10.500 0.4000000060
37718  -19.099  -35.752  -10.046 0.5000000000
36625  -17.497  -36.663  -10.866 0.5000000000
132211  -14.593  -35.258  -12.458 0.3000000119
37729  -17.690  -35.223  -11.011 0.4000000060
38709  -16.140  -35.055  -11.849 0.3000000119
37719  -19.564  -35.705  -9.267 0.3000000119
38690  -19.252  -34.887  -9.869 0.4000000060
38725  -15.816  -34.406  -12.266 0.3000000119
123797  -16.694  -34.278  -11.849 0.3000000119
77  -1.580  -83.735  -12.919 0.6000000238
140587  -0.785  -79.515  -13.216 0.8000000119
309  -1.405  -81.075  -13.369 0.8000000119
32  -5.186  -84.315  -14.779 0.5000000000
667  -0.606  -78.896  -11.486 0.6999999881
137747  -9.471  -83.124  -15.263 0.6000000238
3375  2.615  -71.593  -4.838 0.6999999881
5128  2.456  -69.482  -3.889 0.6000000238
5146  2.924  -69.510  -6.089 0.6000000238
5907  0.573  -68.889  -8.459 0.8000000119
126882  -10.437  -79.264  -18.204 0.6000000238
348  -10.705  -81.803  -17.927 0.6999999881
5858  2.855  -68.582  -5.768 0.6000000238
5928  -1.578  -68.253  -11.142 0.8999999762
1602  -0.730  -76.988  -9.146 0.6999999881
2894  -0.842  -73.896  -11.731 0.8999999762
3084  2.952  -73.296  -27.244 0.6000000238
144216  -2.204  -67.361  -10.388 0.8999999762
2015  0.773  -75.529  -10.024 0.8999999762
135444  -9.331  -71.834  -26.011 0.5000000000
9346  1.577  -64.581  -33.143 0.6999999881
4746  1.304  -70.657  -26.629 0.6999999881
4183  -9.681  -71.314  -26.359 0.6000000238
4182  -1.073  -71.275  -26.358 0.6999999881
4776  -2.052  -69.942  -28.447 0.6999999881
8927  0.614  -64.720  1.665 0.5000000000
126998  -1.951  -65.086  -7.553 0.6000000238
6842  0.368  -67.271  -27.730 0.6000000238
5397  -2.540  -69.657  -28.152 0.5000000000
127707  -3.162  -69.133  -31.296 0.6000000238
140071  -1.155  -70.406  -30.996 0.6999999881
4250  -3.851  -71.014  -32.447 0.5000000000
9020  -1.506  -63.955  -5.896 0.8000000119
5433  -2.222  -69.393  -31.956 0.6000000238
4264  -7.457  -70.212  -34.381 0.4000000060
10705  3.705  -61.793  -0.231 0.6000000238
9352  -4.272  -64.027  -32.983 0.5000000000
3164  -12.920  -72.037  -34.351 0.4000000060
11615  -1.196  -61.739  -2.992 0.6000000238
148497  3.834  -58.959  5.875 0.4000000060
14697  -4.091  -58.481  -33.652 0.6000000238
14686  -4.113  -58.267  -32.869 0.6000000238
14217  0.930  -58.493  5.841 0.3000000119
15484  -3.831  -57.512  -22.611 0.8000000119
15510  -6.272  -57.610  -23.402 0.6000000238
16452  -3.588  -56.461  -21.640 0.8000000119
17157  3.431  -55.458  -2.251 0.6999999881
16214  3.143  -56.443  -2.564 0.6999999881
16138  -1.423  -56.540  2.692 0.5000000000
18323  -1.979  -54.256  -18.048 0.6999999881
19285  -2.272  -54.031  -17.222 0.8000000119
17085  -1.853  -55.922  2.061 0.5000000000
149755  -2.127  -55.312  1.674 0.5000000000
20964  3.299  -50.658  -1.904 0.6000000238
125588  -0.588  -50.422  -12.912 0.4000000060
20042  -3.399  -52.292  1.700 0.5000000000
23857  0.747  -47.719  -3.492 0.6999999881
24916  -0.920  -46.600  -4.437 0.6000000238
25028  -1.748  -47.120  -13.203 0.6000000238
133570  -6.675  -51.523  1.679 0.5000000000
27032  -1.360  -45.607  -9.486 0.4000000060
28147  -1.251  -44.636  -9.809 0.4000000060
21902  -15.661  -50.615  -0.550 0.5000000000
21903  -16.463  -50.236  -0.392 0.5000000000
21913  -15.025  -50.331  -1.202 0.5000000000
24867  -5.376  -46.441  -0.628 0.8000000119
22877  -11.845  -48.704  1.295 0.6000000238
21885  -13.027  -50.720  0.905 0.5000000000
22889  -15.884  -49.982  -1.091 0.5000000000
22879  -17.003  -49.445  -0.334 0.5000000000
21923  -11.715  -50.389  -2.478 0.5000000000
30290  0.433  -41.667  -10.135 0.5000000000
125313  -4.832  -44.975  -2.378 0.6000000238
25857  -4.518  -45.646  -1.736 0.8000000119
25859  -5.847  -46.140  -1.751 0.8000000119
137068  -16.252  -46.982  -2.848 0.5000000000
31321  0.374  -40.831  -10.334 0.5000000000
24888  -16.167  -47.239  -2.286 0.6000000238
28031  -16.492  -44.620  -0.110 0.3000000119
29153  -16.687  -43.754  -1.297 0.3000000119
31265  -16.491  -41.528  -4.522 0.5000000000
138529  -14.752  -41.435  -3.702 0.3000000119
139782  -21.566  -40.497  -7.545 0.5000000000
33406  -21.068  -39.180  -7.164 0.4000000060
35501  -20.265  -37.819  -7.428 0.4000000060
148482  -19.785  -36.978  -8.365 0.4000000060
138193  -5.030  -81.776  -7.678 0.5000000000
152  -5.540  -82.365  -6.621 0.5000000000
138446  -4.040  -81.295  -7.375 0.5000000000
282  -3.976  -81.462  -7.696 0.5000000000
273  -4.730  -81.795  -6.958 0.5000000000
137  -6.039  -82.631  -5.702 0.5000000000
143  -6.610  -82.549  -6.308 0.5000000000
144382  0.269  -75.504  -0.997 0.4000000060
642  -2.752  -79.934  -7.001 0.5000000000
135  -5.451  -82.327  -5.503 0.5000000000
58  -9.199  -82.587  -7.489 0.6000000238
57  -8.410  -82.564  -7.114 0.6000000238
162  -8.813  -82.663  -9.716 0.6999999881
63  -9.077  -82.850  -8.360 0.6000000238
127979  0.664  -75.844  -0.041 0.3000000119
71  -10.802  -82.978  -10.166 0.6999999881
75  -9.996  -83.508  -11.067 0.6999999881
76  -10.468  -83.278  -11.746 0.6999999881
689  -14.822  -80.117  -13.941 0.3000000119
181  -10.763  -82.951  -14.012 0.6999999881
958  -14.516  -79.165  -18.263 0.5000000000
968  -14.301  -78.855  -19.396 0.6000000238
4636  -1.508  -70.260  -15.386 0.6999999881
325  -10.204  -81.434  -15.104 0.6999999881
770  -11.559  -79.727  -23.998 0.6999999881
138595  3.798  -71.304  -28.217 0.5000000000
4178  3.847  -72.088  -26.670 0.5000000000
2138  -8.559  -76.182  -27.672 0.5000000000
147152  -8.530  -75.069  -28.827 0.5000000000
694  -9.179  -79.532  -15.978 0.6000000238
944  -9.675  -78.341  -17.020 0.6000000238
10167  1.561  -63.157  -29.964 0.5000000000
1374  -12.629  -77.488  -24.751 0.6000000238
771  -12.189  -78.950  -24.067 0.6999999881
2124  -12.242  -75.287  -25.585 0.5000000000
147034  3.115  -73.856  -26.353 0.5000000000
3107  -9.016  -73.374  -28.491 0.6000000238
7387  -1.683  -66.131  -8.483 0.8000000119
9287  2.466  -64.576  -29.938 0.6999999881
3639  2.570  -73.138  -27.421 0.8000000119
3645  -9.123  -72.669  -27.673 0.6000000238
3121  -9.231  -73.627  -29.558 0.6999999881
2163  -9.667  -75.173  -31.994 0.5000000000
131987  0.450  -61.050  -30.067 0.6999999881
3625  1.747  -73.267  -27.119 0.8000000119
3594  -11.466  -71.785  -24.322 0.4000000060
4155  -11.368  -71.150  -24.460 0.4000000060
3706  -6.208  -72.683  -33.122 0.5000000000
3156  -9.960  -73.212  -33.802 0.4000000060
146413  -2.347  -70.324  -26.182 0.5000000000
3713  -7.551  -71.656  -33.421 0.4000000060
8887  0.715  -64.683  5.630 0.3000000119
13726  -0.730  -59.573  -30.292 0.6999999881
4749  -10.800  -70.346  -26.049 0.4000000060
9924  -1.461  -63.584  -5.298 0.6999999881
9938  -1.567  -63.898  -6.552 0.6000000238
9950  -1.693  -64.108  -7.467 0.6000000238
14644  -0.001  -58.259  -29.084 0.6999999881
5358  -1.418  -69.936  -25.493 0.5000000000
11655  -1.507  -62.531  -6.042 0.6000000238
14655  -0.929  -58.288  -29.344 0.6999999881
14309  1.645  -58.254  -2.535 0.6999999881
12491  1.574  -59.505  -4.637 0.6000000238
14326  1.910  -58.574  -3.452 0.6999999881
15264  2.703  -57.712  -3.347 0.6999999881
16222  2.889  -57.155  -2.900 0.6999999881
16221  3.090  -56.796  -3.355 0.6999999881
16093  -2.199  -56.394  6.579 0.3000000119
16417  -5.005  -56.391  -19.700 0.8000000119
15452  -5.240  -57.117  -20.859 0.8000000119
148485  -6.473  -55.789  -21.029 0.6000000238
17401  -6.412  -56.051  -22.317 0.6000000238
17413  -6.267  -56.086  -23.328 0.6000000238
18414  -6.100  -55.408  -22.916 0.6000000238
17176  3.357  -55.447  -3.970 0.5000000000
16125  -1.648  -56.943  3.431 0.4000000060
16112  -2.206  -55.938  5.180 0.3000000119
16101  -2.747  -55.716  6.232 0.3000000119
17346  -4.971  -55.603  -18.646 0.6999999881
18344  -6.305  -54.489  -18.445 0.6000000238
17070  -2.643  -55.581  3.454 0.4000000060
144866  -2.765  -54.696  5.322 0.3000000119
17994  -3.071  -54.569  5.685 0.3000000119
18139  3.621  -54.036  -3.581 0.6000000238
18088  -0.638  -54.224  0.891 0.5000000000
137030  -4.330  -54.854  4.975 0.3000000119
18006  -4.035  -54.019  5.139 0.4000000060
18065  -3.176  -53.952  2.201 0.5000000000
19039  -3.326  -53.113  3.137 0.5000000000
19020  -3.852  -53.337  4.712 0.4000000060
19021  -4.379  -53.378  4.587 0.4000000060
23089  -3.571  -49.692  -16.425 0.6000000238
19029  -4.214  -52.536  4.466 0.5000000000
23874  0.265  -47.079  -4.006 0.5000000000
22071  -2.089  -49.944  -11.546 0.6999999881
22847  -4.638  -49.877  3.324 0.6000000238
23809  -4.169  -48.239  1.786 0.6000000238
22859  -6.044  -49.139  2.790 0.6000000238
21864  -6.190  -50.056  2.716 0.5000000000
139040  -7.498  -51.827  0.916 0.5000000000
23810  -4.718  -47.936  2.160 0.6000000238
23812  -6.385  -48.055  2.519 0.6000000238
21886  -13.929  -51.074  0.375 0.5000000000
25897  -5.127  -45.343  -5.404 0.6000000238
26972  -5.937  -44.545  -4.442 0.6999999881
25898  -6.125  -44.999  -5.497 0.6000000238
25900  -8.028  -45.482  -5.451 0.6000000238
25901  -8.680  -46.031  -5.421 0.6000000238
22952  -12.305  -49.597  -5.060 0.6000000238
21960  -13.379  -50.480  -4.652 0.6000000238
21961  -14.098  -50.332  -4.204 0.6000000238
22953  -14.905  -49.654  -4.252 0.5000000000
138678  -6.837  -47.296  2.108 0.6000000238
23813  -7.538  -47.920  2.278 0.6000000238
22868  -10.077  -49.154  1.716 0.5000000000
24832  -6.703  -46.910  1.346 0.6999999881
22871  -11.911  -49.761  1.514 0.5000000000
22870  -11.510  -48.998  1.592 0.5000000000
147607  -11.817  -49.242  1.425 0.5000000000
24903  -9.574  -46.917  -4.351 0.6999999881
24848  -6.024  -46.989  0.285 0.8000000119
24868  -6.387  -47.068  -0.882 0.8000000119
23816  -10.929  -47.642  1.733 0.6000000238
24869  -7.422  -47.366  -1.230 0.6999999881
128334  -8.305  -47.272  -0.499 0.8000000119
24834  -9.586  -47.099  0.989 0.6000000238
23827  -17.174  -48.470  -0.128 0.5000000000
22890  -16.613  -48.861  -0.883 0.5000000000
31353  0.498  -41.796  -11.259 0.5000000000
31335  0.362  -40.991  -10.894 0.5000000000
29163  -16.971  -43.766  -2.144 0.4000000060
32354  -17.840  -41.442  -4.104 0.5000000000
31261  -18.618  -41.225  -3.836 0.4000000060
133874  -15.632  -41.197  -4.876 0.4000000060
33391  -21.327  -39.750  -4.756 0.4000000060
33399  -21.371  -39.417  -6.244 0.4000000060
33398  -20.832  -38.651  -6.405 0.4000000060
35500  -19.870  -37.168  -7.558 0.4000000060
36604  -19.235  -36.574  -9.934 0.5000000000
36605  -19.692  -36.691  -9.148 0.3000000119
147613  -19.630  -36.562  -7.712 0.3000000119
35534  -19.867  -37.400  -9.011 0.5000000000
143961  -3.213  -44.816  -4.110 0.6999999881
131769  -4.466  -81.199  -6.660 0.5000000000
134  -6.655  -82.446  -5.141 0.5000000000
266  -5.001  -81.887  -5.843 0.5000000000
141560  -10.513  -82.728  -8.770 0.6999999881
132667  -10.012  -83.334  -9.516 0.6999999881
3120  -8.746  -74.366  -29.083 0.6000000238
138137  -11.827  -72.230  -24.524 0.3000000119
3708  -8.151  -72.388  -33.244 0.4000000060
3155  -9.074  -72.311  -33.638 0.4000000060
13700  -0.052  -58.857  -29.543 0.6999999881
12508  0.159  -60.647  -5.161 0.6000000238
12507  1.091  -59.992  -5.389 0.6000000238
13364  0.846  -59.685  -4.044 0.6999999881
16430  -5.536  -56.588  -20.285 0.6999999881
17382  -6.363  -55.456  -20.046 0.6000000238
16103  -3.816  -56.074  5.727 0.3000000119
17057  -3.508  -55.366  5.850 0.3000000119
21872  -8.286  -50.098  1.071 0.5000000000
22866  -8.011  -49.046  1.996 0.6000000238
23814  -8.577  -48.118  2.081 0.6000000238
24819  -7.402  -47.110  1.828 0.6000000238
136119  -8.135  -47.319  1.738 0.6000000238
142291  -7.638  -46.922  1.252 0.6000000238
128386  -9.702  -48.207  1.980 0.6000000238
145622  -10.538  -48.492  1.975 0.6000000238
24849  -7.310  -47.049  0.222 0.6999999881
24820  -10.067  -47.533  1.681 0.6000000238
35492  -19.972  -37.343  -6.610 0.4000000060
21873  -9.533  -49.979  1.180 0.5000000000
23825  -9.079  -47.442  1.669 0.6000000238
334  -2.903  -81.673  -16.133 0.5000000000
501  -3.601  -80.708  -15.235 0.6999999881
704  -2.583  -79.571  -16.539 0.5000000000
324  -3.334  -81.506  -15.488 0.6999999881
176  -1.529  -82.136  -13.365 0.5000000000
125559  -2.581  -80.829  -12.707 0.8000000119
487  -2.386  -79.864  -12.667 0.8000000119
674  -3.586  -79.292  -12.209 0.8000000119
675  -4.426  -79.878  -12.337 0.8000000119
323  -2.942  -82.157  -15.637 0.5000000000
127332  -1.544  -83.454  -13.219 0.5000000000
310  -1.788  -81.784  -12.916 0.6999999881
2062  -3.697  -75.401  -15.331 0.8999999762
143569  -3.407  -76.750  -15.955 0.8000000119
138744  -1.985  -75.487  -15.943 0.6999999881
1270  -4.281  -77.772  -15.285 0.6999999881
130416  -4.277  -75.944  -15.071 0.8999999762
296  -3.519  -81.265  -8.818 0.6999999881
313  -5.935  -80.688  -11.975 0.8000000119
481  -6.497  -80.608  -10.468 0.8000000119
663  -5.308  -79.556  -11.145 0.8000000119
139110  -4.822  -83.063  -12.392 0.8000000119
5  -4.239  -84.546  -12.911 0.6000000238
12  -1.657  -84.278  -13.352 0.6000000238
105  -5.004  -83.595  -16.047 0.5000000000
40  -4.848  -84.088  -15.440 0.5000000000
270  -0.129  -82.063  -6.579 0.5000000000
451  -0.536  -81.561  -6.070 0.5000000000
156  -0.835  -82.041  -8.185 0.5000000000
458  -1.777  -81.349  -7.386 0.5000000000
133093  -1.338  -79.646  -6.189 0.3000000119
285  -1.072  -81.896  -8.493 0.6000000238
281  -2.034  -81.766  -7.931 0.5000000000
265  0.160  -81.963  -5.684 0.4000000060
469  -2.052  -80.588  -9.607 0.6999999881
647  1.056  -80.155  -7.918 0.6999999881
292  0.256  -81.223  -8.780 0.6999999881
478  -3.959  -79.704  -10.115 0.6999999881
672  -1.178  -80.208  -13.225 0.8000000119
136160  -1.124  -80.253  -14.128 0.8000000119
492  -1.098  -80.527  -13.823 0.8000000119
669  -4.584  -79.365  -11.777 0.8000000119
135268  -6.561  -82.312  -7.549 0.6000000238
157  -5.508  -82.241  -7.163 0.6000000238
472  -6.035  -80.895  -9.528 0.6999999881
126860  -3.253  -80.669  -14.751 0.8000000119
345  -6.337  -80.943  -17.174 0.5000000000
514  -5.746  -80.629  -17.808 0.5000000000
135905  -9.042  -82.642  -18.715 0.8000000119
369  -7.870  -82.059  -19.093 0.6999999881
1893  2.190  -76.284  0.890 0.4000000060
1922  2.737  -75.689  -1.796 0.6000000238
1123  1.422  -77.578  -0.327 0.5000000000
1142  1.757  -77.422  -1.258 0.6000000238
125140  1.198  -78.595  -2.423 0.6000000238
146259  -0.773  -80.689  -3.193 0.3000000119
855  -0.642  -80.847  -3.824 0.3000000119
1525  1.941  -77.033  -2.191 0.6000000238
630  1.047  -80.491  -4.088 0.5000000000
624  -0.157  -80.943  -2.525 0.5000000000
136748  1.353  -79.292  -4.863 0.6000000238
4007  2.405  -71.412  -11.280 0.8999999762
882  0.751  -79.117  -8.228 0.6999999881
868  1.341  -78.680  -7.061 0.6999999881
659  -0.482  -79.421  -10.652 0.6999999881
914  -3.809  -78.855  -14.711 0.8000000119
673  -2.663  -79.089  -12.310 0.8000000119
902  -0.769  -78.984  -12.649 0.8000000119
480  -5.754  -80.131  -10.365 0.8000000119
14  -4.832  -84.664  -13.322 0.5000000000
224  -8.226  -82.649  -20.766 0.6999999881
225  -9.165  -82.634  -20.916 0.8999999762
231  -8.463  -82.271  -22.272 0.8000000119
2804  3.277  -74.068  -1.848 0.5000000000
136718  3.841  -71.820  -0.557 0.5000000000
3356  2.810  -72.571  -3.106 0.6000000238
851  -0.783  -80.339  -2.535 0.4000000060
1950  2.256  -75.941  -5.992 0.6999999881
272  -2.963  -81.306  -7.658 0.5000000000
1254  -4.125  -77.758  -14.629 0.8999999762
1253  -2.973  -77.973  -14.226 0.8000000119
682  -1.358  -79.613  -14.205 0.8000000119
677  -0.536  -78.891  -13.748 0.8000000119
946  -13.986  -78.473  -17.338 0.5000000000
7  -6.496  -84.252  -12.449 0.6000000238
73  -8.152  -83.678  -11.586 0.8000000119
724  -13.947  -78.827  -20.123 0.6000000238
956  -11.587  -78.429  -19.622 0.6000000238
965  -12.491  -78.594  -20.342 0.5000000000
557  -8.230  -81.099  -21.762 0.8000000119
4594  -0.296  -69.924  -9.845 1.0000000000
1519  -0.404  -77.215  -0.680 0.4000000060
845  -0.349  -80.046  -1.752 0.5000000000
3963  1.265  -72.432  -6.390 0.6999999881
3953  2.514  -71.457  -5.468 0.6999999881
5220  0.474  -69.542  -11.087 0.8999999762
1181  2.032  -76.380  -6.142 0.6999999881
284  -0.304  -81.808  -8.487 0.6000000238
476  0.088  -80.164  -10.095 0.6999999881
151  -5.028  -82.038  -7.074 0.5000000000
1243  -2.139  -77.295  -13.561 0.8999999762
24  -6.960  -84.134  -14.252 0.6000000238
138234  -10.716  -82.220  -17.208 0.6999999881
380  -11.181  -81.195  -21.602 0.5000000000
751  -12.837  -80.197  -21.608 0.5000000000
394  -11.525  -81.917  -23.285 0.6000000238
402  -9.644  -81.905  -23.599 0.6999999881
393  -9.068  -82.010  -23.288 0.8000000119
404  -11.232  -81.771  -24.050 0.6999999881
571  -10.051  -80.839  -23.403 0.6999999881
733  -7.988  -79.262  -20.681 0.6000000238
4579  0.815  -70.343  -7.742 0.8000000119
3926  3.180  -71.574  -2.490 0.5000000000
5938  -0.875  -68.832  -11.130 0.8999999762
6634  -1.660  -67.246  -9.721 0.8999999762
5211  -0.668  -69.319  -10.293 1.0000000000
125697  2.827  -71.429  -4.161 0.6000000238
5947  1.789  -68.037  -11.983 0.8000000119
6661  1.042  -67.630  -12.467 0.6999999881
128049  0.284  -78.543  -11.648 0.8000000119
2955  -0.833  -73.484  -15.820 0.6000000238
2940  -3.980  -73.552  -14.717 1.0000000000
1237  0.478  -77.667  -12.844 0.8000000119
3490  -2.943  -72.136  -15.215 0.6999999881
723  -11.481  -79.382  -20.348 0.5000000000
533  -10.886  -80.299  -20.373 0.5000000000
546  -10.713  -81.034  -20.741 0.6999999881
737  -13.848  -79.588  -20.766 0.5000000000
547  -11.414  -80.273  -21.074 0.5000000000
989  -6.383  -78.335  -21.470 0.6000000238
148946  -10.017  -78.412  -21.172 0.6999999881
1337  -8.424  -77.299  -21.237 0.6000000238
1349  -8.430  -76.925  -21.841 0.5000000000
136244  -9.761  -77.785  -20.987 0.6999999881
1340  -11.080  -77.123  -21.486 0.6000000238
6516  4.336  -67.852  1.658 0.3000000119
5789  3.829  -68.783  0.464 0.4000000060
2791  1.155  -74.153  -0.341 0.3000000119
5802  3.424  -69.084  -0.324 0.6000000238
5127  2.754  -70.286  -3.460 0.6000000238
149041  2.808  -70.267  -2.792 0.6000000238
4524  2.958  -70.835  -2.854 0.6000000238
3996  1.338  -72.282  -9.855 0.8999999762
3982  0.387  -71.497  -8.403 0.8999999762
3399  0.831  -72.804  -7.772 0.8000000119
3973  0.685  -71.805  -7.554 0.8000000119
3427  1.883  -73.123  -9.681 0.8999999762
128020  2.366  -72.365  -11.111 0.8999999762
144407  3.121  -71.377  -12.666 0.8999999762
148237  1.478  -70.698  -14.238 0.8000000119
139383  1.300  -71.446  -14.053 0.8999999762
2933  -0.337  -72.579  -13.292 0.8999999762
4031  -0.673  -71.511  -13.805 1.0000000000
4044  -1.426  -70.733  -14.323 0.8999999762
134722  -4.565  -74.623  -13.668 1.0000000000
141  -5.625  -82.431  -5.977 0.5000000000
2919  -4.261  -73.224  -13.123 1.0000000000
1311  -11.000  -77.485  -18.208 0.6000000238
715  -10.585  -79.730  -18.798 0.6999999881
581  -10.750  -80.512  -23.882 0.6999999881
1003  -11.961  -77.999  -22.478 0.6000000238
1714  -11.390  -76.478  -21.689 0.6000000238
124090  -9.737  -75.995  -23.879 0.5000000000
3015  -10.171  -73.744  -22.907 0.6000000238
2114  -9.932  -75.303  -23.132 0.6000000238
5119  2.533  -69.543  -2.837 0.6000000238
5813  2.909  -68.671  -0.923 0.6000000238
6653  -2.046  -67.647  -11.758 0.8999999762
3962  2.122  -71.371  -6.114 0.6999999881
4556  2.833  -70.552  -6.251 0.6999999881
4569  2.491  -70.102  -7.042 0.6999999881
3971  1.821  -70.991  -6.730 0.6999999881
5171  2.493  -69.526  -7.437 0.6999999881
2857  1.767  -74.062  -7.486 0.8000000119
2913  1.935  -73.673  -12.275 0.8000000119
889  -0.175  -78.719  -9.408 0.8000000119
4045  -2.268  -70.808  -14.604 0.8999999762
511  -10.696  -81.530  -17.185 0.6999999881
516  -10.546  -80.519  -17.887 0.6000000238
138713  -12.451  -81.637  -23.790 0.6000000238
127471  3.105  -67.973  -7.343 0.6999999881
3445  -1.170  -72.746  -12.940 0.8999999762
127486  3.339  -67.411  -29.132 0.6000000238
7640  3.309  -67.002  -28.203 0.6000000238
142757  3.815  -70.627  -28.372 0.5000000000
4759  3.525  -71.042  -28.951 0.6000000238
1351  -12.418  -77.397  -22.763 0.6000000238
1721  -11.999  -76.151  -22.036 0.6000000238
2566  -8.820  -74.960  -26.350 0.5000000000
125617  -8.578  -75.203  -27.353 0.5000000000
3090  -8.745  -73.494  -27.476 0.6000000238
6546  2.469  -67.281  -1.555 0.6000000238
9908  1.339  -63.422  -4.770 0.8000000119
9018  -0.031  -64.741  -5.524 0.8000000119
149311  2.141  -68.145  -2.992 0.6000000238
140610  2.194  -68.703  -3.343 0.6000000238
147010  3.307  -67.105  -6.481 0.8000000119
2449  0.356  -73.842  -12.365 0.8999999762
7641  3.000  -66.127  -28.436 0.6000000238
8442  2.695  -65.369  -30.539 0.6000000238
6886  1.812  -67.573  -31.775 0.6999999881
11916  0.251  -61.730  -32.664 0.6999999881
5420  2.482  -69.437  -30.403 0.8000000119
3624  3.420  -72.818  -27.317 0.5000000000
135113  -12.344  -76.131  -26.021 0.5000000000
134402  -12.502  -74.656  -23.909 0.6000000238
1728  -12.759  -76.316  -23.320 0.6999999881
2110  -12.517  -75.704  -22.716 0.6000000238
1363  -12.714  -77.205  -23.570 0.6999999881
3044  -11.518  -72.626  -23.809 0.4000000060
4208  2.544  -71.859  -28.437 0.8000000119
3043  -9.316  -73.252  -24.209 0.6000000238
2135  0.625  -74.816  -27.536 0.5000000000
3630  -8.859  -72.827  -26.953 0.6000000238
3611  -8.980  -72.599  -26.094 0.5000000000
7285  2.728  -66.245  0.115 0.6000000238
8457  2.346  -65.282  -32.304 0.6999999881
7692  0.032  -65.825  -32.061 0.6999999881
140436  1.550  -70.247  -28.217 0.8000000119
2144  0.227  -74.892  -28.296 0.5000000000
3016  -10.740  -73.778  -22.611 0.5000000000
4172  -9.657  -71.359  -25.455 0.6000000238
140547  -9.781  -71.941  -23.940 0.5000000000
2601  -0.749  -74.907  -29.655 0.6000000238
2620  -10.017  -74.531  -31.987 0.6000000238
128114  3.757  -66.024  2.793 0.3000000119
8110  2.267  -65.766  0.362 0.5000000000
127824  2.485  -65.863  -2.111 0.6000000238
7343  3.129  -65.981  -4.740 0.6999999881
8194  3.197  -64.650  -6.882 0.8000000119
8469  0.580  -65.181  -33.459 0.6999999881
131179  -0.706  -65.338  -32.254 0.6000000238
11917  -0.469  -61.491  -33.017 0.6999999881
11920  -3.195  -61.237  -33.265 0.6999999881
3068  0.902  -73.474  -27.248 0.6999999881
2614  -0.502  -74.131  -30.782 0.5000000000
3134  -2.206  -73.067  -31.055 0.5000000000
2615  -1.324  -73.709  -31.041 0.5000000000
2623  -10.633  -73.467  -32.551 0.5000000000
2167  -9.939  -74.699  -32.564 0.5000000000
8936  0.957  -64.315  -0.106 0.6000000238
9907  2.994  -62.844  -5.564 0.8000000119
9016  3.457  -63.830  -5.628 0.6999999881
148950  -1.730  -65.172  -30.762 0.6000000238
4223  -0.622  -71.972  -29.256 0.6999999881
4804  -0.895  -70.397  -31.974 0.6999999881
4777  -11.135  -70.883  -28.742 0.5000000000
3674  0.156  -73.226  -31.042 0.6999999881
3140  -1.487  -72.898  -31.785 0.5000000000
4259  -5.562  -71.116  -33.655 0.5000000000
4814  -4.507  -70.314  -34.233 0.5000000000
3689  -11.490  -72.546  -31.884 0.5000000000
3699  -11.007  -72.898  -32.190 0.5000000000
2630  -10.906  -73.223  -33.154 0.5000000000
8072  0.157  -64.878  4.186 0.3000000119
10752  -0.831  -62.531  -2.427 0.8000000119
9844  1.022  -63.723  0.195 0.5000000000
131027  2.150  -63.303  -1.191 0.6999999881
6165  -3.905  -68.879  -30.754 0.5000000000
6907  -3.539  -68.193  -34.394 0.5000000000
3666  0.302  -73.396  -30.509 0.6999999881
5447  -2.695  -69.332  -33.357 0.6999999881
5465  -3.991  -68.731  -35.993 0.5000000000
4236  -11.865  -71.784  -30.564 0.4000000060
136051  -1.798  -71.490  -32.436 0.6999999881
3159  -12.559  -72.255  -33.792 0.5000000000
3151  -11.876  -72.542  -33.183 0.5000000000
127661  -10.831  -71.904  -34.865 0.5000000000
12412  0.569  -60.081  1.371 0.5000000000
9805  0.863  -63.970  5.301 0.3000000119
9815  1.152  -63.269  3.690 0.4000000060
9793  2.556  -63.231  5.831 0.3000000119
3701  -13.325  -73.030  -32.566 0.4000000060
5469  -7.651  -69.019  -36.552 0.4000000060
4818  -4.907  -69.867  -34.876 0.5000000000
4817  -4.048  -69.784  -34.879 0.5000000000
5470  -8.313  -69.195  -36.571 0.4000000060
10791  -1.573  -62.584  -4.211 0.6000000238
5460  -4.477  -69.174  -35.410 0.6000000238
4273  -10.265  -70.899  -36.079 0.5000000000
13679  -1.460  -58.523  -29.078 0.6999999881
11629  -1.174  -61.509  -3.909 0.6000000238
12493  -0.354  -60.758  -4.262 0.6000000238
11641  -0.901  -61.307  -4.971 0.6000000238
13324  -0.344  -59.459  -0.632 0.6999999881
15573  -2.041  -57.364  -27.391 0.6999999881
136742  3.183  -57.122  2.317 0.5000000000
14297  0.247  -58.779  -1.216 0.6000000238
14215  3.055  -58.171  5.571 0.4000000060
13331  0.997  -58.936  -3.025 0.6000000238
14555  -6.097  -58.305  -23.864 0.6000000238
13596  -4.358  -59.380  -24.942 0.6999999881
16518  -1.705  -56.129  -26.494 0.6000000238
12732  -4.288  -60.697  -27.571 0.6999999881
14574  -3.654  -58.779  -24.745 0.8000000119
15149  2.310  -56.983  4.571 0.4000000060
15223  2.199  -56.991  0.059 0.6000000238
15150  0.757  -57.575  4.526 0.3000000119
16167  3.256  -56.091  0.144 0.6000000238
148913  -6.325  -56.827  -27.929 0.6000000238
16184  3.155  -56.101  -0.768 0.6999999881
15139  -1.529  -57.021  6.326 0.3000000119
17082  1.584  -55.377  2.612 0.5000000000
18084  3.330  -54.810  0.069 0.6999999881
139890  -5.266  -55.335  -26.027 0.6000000238
16126  -2.268  -56.391  3.718 0.4000000060
17103  -1.219  -55.350  1.660 0.5000000000
19271  -5.667  -53.344  -16.539 0.6000000238
131221  -1.358  -53.511  -18.510 0.5000000000
129159  -2.621  -54.663  1.685 0.5000000000
20251  -5.835  -52.530  -16.285 0.6000000238
19080  2.355  -53.041  -0.002 0.8000000119
18021  -3.184  -53.910  4.612 0.4000000060
20038  0.397  -52.936  -0.103 0.6000000238
20071  3.703  -51.841  -2.380 0.6000000238
20081  3.726  -52.191  -3.338 0.6000000238
20948  0.786  -51.503  -0.985 0.8000000119
22916  2.306  -48.424  -3.949 0.6000000238
24005  -2.279  -49.207  -11.296 0.6000000238
20000  -3.986  -51.270  3.900 0.5000000000
20926  -3.566  -51.294  2.175 0.5000000000
21896  -2.437  -50.349  -0.577 0.6000000238
22885  -1.758  -50.023  -1.094 0.6999999881
25025  -2.046  -47.390  -12.030 0.6000000238
25026  -2.540  -47.969  -12.524 0.6000000238
25029  -2.436  -47.731  -13.542 0.6000000238
21855  -4.906  -50.508  3.534 0.5000000000
23859  -0.982  -47.512  -2.771 0.8000000119
25992  -1.476  -46.598  -11.788 0.6000000238
21863  -5.415  -49.877  3.196 0.5000000000
135650  -3.748  -48.798  1.083 0.6000000238
141373  -4.323  -48.699  2.542 0.6000000238
24865  -2.523  -47.197  -2.145 0.6999999881
22897  -2.954  -48.768  -1.052 0.8000000119
23823  -3.983  -47.891  0.961 0.6000000238
25869  -2.103  -45.749  -3.614 0.6000000238
26956  -3.435  -44.759  -3.519 0.6999999881
25870  -2.973  -45.289  -3.078 0.6999999881
29266  -1.388  -43.739  -9.233 0.4000000060
23824  -4.515  -47.440  1.450 0.6000000238
23811  -5.418  -47.822  2.392 0.6000000238
25845  -4.226  -46.238  -0.994 0.8000000119
25856  -3.679  -45.875  -2.137 0.6999999881
25896  -4.139  -45.355  -5.191 0.6000000238
21887  -15.126  -51.140  -0.106 0.5000000000
29287  0.822  -43.471  -11.917 0.5000000000
22898  -11.585  -49.421  -0.731 0.6000000238
21899  -12.726  -50.314  0.653 0.6000000238
21909  -11.881  -50.234  -1.249 0.5000000000
24904  -10.082  -47.561  -3.769 0.6999999881
22951  -11.680  -49.313  -4.603 0.5000000000
138015  -11.137  -48.943  -4.041 0.6000000238
24905  -10.740  -47.827  -4.341 0.5000000000
24923  -10.647  -47.062  -5.349 0.6000000238
21959  -12.808  -50.206  -5.152 0.6000000238
30279  -0.953  -42.088  -8.607 0.4000000060
22878  -12.184  -49.560  1.141 0.5000000000
21938  -12.142  -50.634  -3.341 0.6000000238
22927  -14.966  -49.081  -3.321 0.6000000238
23879  -15.527  -48.330  -3.424 0.6000000238
25858  -5.063  -45.694  -1.540 0.8000000119
24851  -10.045  -47.361  -0.576 0.6000000238
135240  -10.027  -47.169  0.354 0.6000000238
24850  -9.296  -47.148  0.025 0.6000000238
24836  -11.229  -47.518  1.011 0.6000000238
23826  -11.705  -48.026  0.801 0.6000000238
132172  -10.669  -47.598  -0.486 0.6000000238
22888  -11.846  -48.951  0.462 0.6000000238
24871  -10.431  -47.738  -1.315 0.6000000238
23847  -10.646  -48.063  -1.879 0.6000000238
21910  -12.440  -50.537  -1.718 0.5000000000
141110  -13.885  -50.450  -1.729 0.5000000000
24887  -10.136  -47.861  -2.522 0.5000000000
141698  -14.536  -49.957  -2.023 0.5000000000
23850  -16.153  -48.368  -1.521 0.5000000000
23837  -16.617  -47.987  -0.859 0.5000000000
124804  -16.583  -45.944  0.081 0.3000000119
25837  -16.716  -46.730  -0.058 0.3000000119
24873  -15.853  -47.957  -2.249 0.5000000000
136476  -16.522  -45.429  -0.592 0.3000000119
25860  -16.384  -46.688  -1.571 0.4000000060
141466  -16.346  -46.623  -2.287 0.5000000000
23880  -16.001  -47.864  -3.580 0.6000000238
29142  -16.460  -43.835  -0.442 0.3000000119
29141  -16.340  -43.067  -0.854 0.3000000119
30238  -21.067  -42.662  -4.274 0.4000000060
31267  -18.174  -42.031  -4.280 0.4000000060
31268  -19.162  -41.864  -4.027 0.4000000060
29181  -20.401  -43.359  -4.519 0.4000000060
30235  -17.881  -42.441  -4.264 0.4000000060
31266  -17.351  -41.849  -4.381 0.4000000060
29182  -21.424  -43.470  -4.423 0.4000000060
149772  -22.254  -42.243  -4.546 0.4000000060
31269  -20.237  -41.512  -3.937 0.4000000060
133875  -16.010  -42.380  -1.300 0.4000000060
30227  -16.803  -42.567  -2.946 0.4000000060
30226  -16.209  -41.980  -3.611 0.4000000060
31260  -15.481  -41.578  -4.276 0.3000000119
30240  -22.633  -42.643  -4.755 0.4000000060
31275  -22.805  -41.443  -5.462 0.4000000060
31276  -23.185  -42.200  -5.964 0.4000000060
30267  -22.643  -42.497  -7.466 0.5000000000
31262  -19.614  -40.931  -3.752 0.4000000060
135218  -20.540  -40.625  -3.914 0.4000000060
130781  -21.736  -41.912  -4.338 0.4000000060
31270  -21.910  -41.059  -4.547 0.4000000060
32371  -22.581  -40.864  -6.023 0.4000000060
32360  -21.920  -40.337  -4.982 0.4000000060
32379  -22.202  -40.759  -6.865 0.4000000060
31259  -14.951  -41.220  -4.772 0.4000000060
34420  -21.088  -39.039  -5.702 0.4000000060
33393  -21.489  -39.609  -5.383 0.4000000060
32378  -21.567  -39.957  -6.971 0.4000000060
32390  -21.235  -40.745  -8.231 0.5000000000
32410  -20.118  -40.669  -9.255 0.5000000000
133180  -20.663  -38.991  -7.946 0.5000000000
33431  -20.019  -39.180  -9.238 0.5000000000
34426  -20.609  -38.489  -7.290 0.5000000000
36626  -18.456  -36.212  -10.456 0.5000000000
140062  -17.801  -35.886  -10.791 0.5000000000
37728  -17.004  -35.920  -11.225 0.4000000060
37756  -15.401  -35.158  -12.199 0.3000000119
144966  -16.372  -35.608  -11.550 0.3000000119
37738  -15.772  -35.745  -11.790 0.4000000060
38723  -14.204  -34.524  -12.933 0.3000000119
123804  -18.461  -34.495  -10.665 0.3000000119
37739  -16.886  -35.097  -11.463 0.4000000060
37740  -17.541  -34.458  -11.301 0.3000000119
146157  -16.914  -33.519  -12.067 0.3000000119
142381  -16.440  -49.587  -0.859 0.5000000000
28053  -16.804  -44.551  -1.745 0.4000000060
37710  -19.649  -36.153  -8.376 0.4000000060
21870  -6.727  -49.743  2.428 0.6000000238
24833  -8.499  -46.980  0.828 0.6000000238
138761  -17.360  -47.820  0.392 0.4000000060
30221  -16.615  -42.953  -1.881 0.4000000060
780  -11.735  -79.820  -25.115 0.6000000238
1023  -12.187  -78.976  -24.992 0.6000000238
786  -11.504  -80.505  -25.318 0.5000000000
596  -11.711  -80.790  -25.474 0.5000000000
395  -12.534  -81.493  -22.967 0.5000000000
413  -12.050  -81.514  -24.535 0.5000000000
5244  0.640  -69.282  -14.989 0.6999999881
5235  3.095  -69.342  -13.800 0.6000000238
4627  1.194  -69.778  -14.537 0.6000000238
126152  1.618  -69.240  -14.810 0.5000000000
4628  0.110  -69.862  -14.673 0.8000000119
5245  -0.265  -69.517  -15.161 0.6999999881
5956  3.483  -68.415  -12.989 0.6000000238
6668  3.373  -67.632  -13.490 0.6000000238
141335  3.354  -68.394  -13.796 0.6000000238
6663  -1.810  -67.410  -12.565 0.6000000238
7411  -2.600  -66.721  -9.960 0.6999999881
6664  -2.547  -67.039  -12.413 0.6000000238
7388  -2.566  -65.742  -8.962 0.6999999881
7412  -3.244  -66.162  -10.255 0.6999999881
8223  -2.672  -65.097  -8.929 0.6000000238
9088  -2.956  -64.879  -10.345 0.6000000238
9963  -1.924  -64.091  -8.411 0.5000000000
7423  -3.383  -66.176  -11.735 0.6000000238
8245  -3.203  -65.407  -10.280 0.6000000238
9087  -2.469  -64.512  -9.936 0.5000000000
8250  -3.273  -65.691  -11.926 0.6000000238
129200  -3.040  -65.194  -11.175 0.5000000000
9065  -2.181  -64.748  -8.092 0.6999999881
9075  -1.776  -64.054  -9.430 0.5000000000
6654  -2.790  -67.143  -11.500 0.6999999881
132131  -12.180  -79.439  -25.815 0.5000000000
787  -11.887  -80.191  -25.822 0.5000000000
133  -5.906  -82.590  -4.879 0.3000000119
261  -5.515  -82.043  -3.807 0.3000000119
130  -5.834  -82.294  -3.975 0.3000000119
132  -5.611  -82.363  -4.769 0.4000000060
144362  -5.966  -81.822  -2.412 0.3000000119
262  -6.530  -82.186  -4.276 0.3000000119
138  -7.513  -82.151  -5.503 0.3000000119
263  -7.498  -81.776  -4.711 0.3000000119
144  -8.228  -82.315  -6.544 0.4000000060
453  -3.542  -80.684  -7.067 0.4000000060
454  -4.609  -80.889  -5.811 0.4000000060
447  -4.886  -81.477  -4.853 0.4000000060
133297  -4.796  -80.876  -3.942 0.4000000060
257  -5.322  -81.615  -2.580 0.3000000119
253  -5.588  -81.271  -1.279 0.3000000119
274  -8.836  -81.691  -6.287 0.4000000060
145  -9.187  -82.252  -7.031 0.4000000060
65  -10.200  -82.977  -8.482 0.5000000000
146  -9.954  -82.021  -7.408 0.4000000060
134173  -10.368  -81.774  -7.876 0.4000000060
493  -8.318  -80.063  -13.783 0.5000000000
137352  -8.955  -80.448  -14.534 0.5000000000
687  -8.621  -79.540  -15.182 0.5000000000
927  -8.580  -77.991  -15.632 0.5000000000
1271  -8.990  -77.249  -15.388 0.5000000000
502  -9.562  -80.432  -15.497 0.5000000000
938  -9.034  -78.547  -16.308 0.5000000000
1287  -9.338  -77.484  -16.325 0.5000000000
706  -9.699  -79.456  -16.746 0.5000000000
643  -3.706  -79.804  -6.652 0.4000000060
636  -4.696  -80.342  -5.020 0.4000000060
628  -4.708  -80.183  -3.122 0.3000000119
300  -10.658  -81.859  -9.076 0.4000000060
474  -10.243  -81.011  -8.940 0.3000000119
656  -9.531  -80.111  -8.936 0.3000000119
303  -10.380  -81.918  -10.578 0.6000000238
473  -9.752  -80.534  -9.583 0.4000000060
664  -9.319  -80.066  -10.160 0.3000000119
169  -10.837  -82.983  -11.629 0.6000000238
307  -9.732  -81.549  -11.849 0.6000000238
486  -9.058  -80.205  -10.906 0.5000000000
83  -8.939  -83.891  -12.260 0.6000000238
316  -10.798  -82.950  -12.516 0.6000000238
315  -10.258  -82.200  -12.552 0.6000000238
485  -8.801  -80.487  -11.941 0.5000000000
905  -8.463  -78.717  -11.979 0.5000000000
319  -10.707  -82.773  -13.354 0.6000000238
318  -9.950  -81.843  -13.431 0.6000000238
908  -8.207  -78.684  -12.894 0.5000000000
1245  -8.561  -78.145  -13.130 0.4000000060
177  -10.827  -83.004  -13.294 0.6000000238
321  -9.924  -81.535  -14.264 0.6000000238
916  -8.104  -78.469  -13.909 0.5000000000
926  -8.449  -77.797  -14.716 0.5000000000
1672  -9.702  -76.810  -15.852 0.5000000000
1682  -10.906  -76.549  -17.035 0.4000000060
1297  -10.539  -77.097  -17.452 0.5000000000
1312  -11.750  -77.009  -18.363 0.5000000000
3600  -17.371  -71.842  -24.855 0.3000000119
4146  -17.011  -70.656  -23.671 0.3000000119
4722  -17.091  -69.823  -23.517 0.3000000119
6067  -16.315  -68.383  -24.278 0.3000000119
2627  -9.187  -74.833  -33.011 0.4000000060
3489  -2.151  -71.712  -15.613 0.5000000000
491  -9.202  -81.187  -12.729 0.6000000238
1239  -8.840  -78.028  -12.247 0.4000000060
1246  -9.449  -77.586  -12.698 0.3000000119
1258  -10.131  -77.367  -13.889 0.3000000119
1272  -10.806  -77.442  -14.253 0.3000000119
1273  -11.418  -77.455  -14.874 0.3000000119
1674  -11.298  -76.602  -16.318 0.4000000060
1289  -12.059  -77.105  -16.029 0.3000000119
144425  -12.602  -77.068  -16.739 0.4000000060
3633  -17.271  -72.717  -26.401 0.3000000119
8419  2.688  -65.430  -28.677 0.5000000000
6085  -16.418  -67.853  -25.512 0.3000000119
2613  -9.241  -74.870  -30.787 0.4000000060
4635  -1.049  -69.910  -15.747 0.6000000238
928  -12.863  -78.698  -14.710 0.3000000119
939  -12.720  -77.791  -15.936 0.4000000060
725  -14.489  -79.651  -20.014 0.4000000060
548  -14.236  -80.542  -21.396 0.4000000060
561  -14.380  -80.761  -22.008 0.4000000060
396  -13.343  -81.263  -23.210 0.4000000060
3632  -16.525  -72.889  -25.989 0.3000000119
129290  2.019  -63.844  -29.265 0.4000000060
149169  -13.455  -79.272  -14.763 0.3000000119
128774  -14.993  -80.528  -16.621 0.3000000119
517  -14.991  -80.337  -17.854 0.4000000060
527  -15.506  -81.077  -18.043 0.5000000000
534  -15.051  -80.585  -19.570 0.5000000000
535  -15.414  -80.813  -19.984 0.5000000000
549  -15.018  -80.772  -21.036 0.4000000060
583  -14.553  -80.597  -23.160 0.4000000060
574  -15.262  -80.215  -22.578 0.4000000060
414  -12.844  -81.405  -24.621 0.4000000060
772  -14.595  -80.231  -24.051 0.4000000060
12729  0.512  -60.112  -28.163 0.4000000060
423  -13.081  -81.039  -25.391 0.4000000060
781  -14.537  -79.884  -24.966 0.4000000060
794  -13.285  -79.896  -26.443 0.4000000060
2595  -16.778  -74.735  -28.901 0.3000000119
11871  0.475  -61.019  -28.524 0.5000000000
9298  2.436  -64.567  -30.948 0.5000000000
1030  -12.514  -78.871  -26.557 0.4000000060
146561  -15.773  -73.669  -27.038 0.3000000119
11018  0.659  -61.613  -29.354 0.5000000000
11028  1.206  -62.540  -30.510 0.5000000000
3045  -11.834  -72.860  -24.888 0.4000000060
134826  -5.282  -71.582  -32.131 0.4000000060
551  -16.474  -80.825  -20.411 0.5000000000
563  -16.103  -80.678  -21.136 0.4000000060
144180  -15.771  -79.989  -22.309 0.4000000060
14631  0.447  -58.361  -28.294 0.5000000000
15586  -0.803  -57.338  -28.523 0.5000000000
764  -15.821  -79.284  -22.665 0.4000000060
13678  0.393  -59.153  -28.859 0.6000000238
782  -14.971  -79.282  -24.201 0.4000000060
126811  -13.013  -79.247  -26.680 0.4000000060
788  -14.368  -79.589  -25.966 0.4000000060
12759  0.201  -59.667  -29.622 0.6000000238
1036  -13.576  -79.023  -26.938 0.4000000060
2582  -15.792  -74.688  -28.444 0.3000000119
143189  -11.914  -74.575  -26.120 0.3000000119
3697  -4.314  -71.299  -31.909 0.4000000060
3710  -5.314  -71.460  -33.286 0.4000000060
1016  -16.238  -77.800  -23.257 0.4000000060
1025  -15.318  -78.231  -24.382 0.4000000060
1365  -16.774  -77.455  -23.622 0.3000000119
1760  -16.773  -76.623  -28.070 0.3000000119
1035  -12.952  -78.612  -27.228 0.4000000060
1041  -13.349  -78.196  -27.581 0.4000000060
1392  -14.741  -77.761  -26.585 0.3000000119
1768  -15.050  -76.085  -28.559 0.3000000119
1769  -16.255  -76.212  -28.473 0.3000000119
1040  -12.901  -77.933  -27.746 0.4000000060
1399  -13.106  -77.543  -28.233 0.4000000060
125130  -12.345  -76.901  -27.723 0.4000000060
127699  -12.083  -75.070  -27.562 0.3000000119
2133  -12.025  -75.306  -26.728 0.4000000060
3707  -7.011  -72.586  -33.232 0.5000000000
1376  -16.540  -77.313  -24.509 0.3000000119
1385  -16.266  -77.248  -25.602 0.3000000119
1750  -17.159  -76.984  -27.333 0.3000000119
9949  -1.162  -63.492  -7.974 0.5000000000
10812  -1.090  -62.525  -6.841 0.5000000000
17348  -6.148  -54.998  -18.813 0.5000000000
131132  -6.454  -55.207  -20.711 0.5000000000
18399  -6.163  -55.068  -22.211 0.5000000000
18372  -6.442  -54.763  -19.909 0.5000000000
19296  -6.461  -53.991  -18.711 0.5000000000
142960  -6.476  -53.991  -18.113 0.5000000000
143453  -3.423  -48.782  -15.193 0.5000000000
21928  3.393  -49.833  -3.404 0.6000000238
20973  3.609  -50.711  -3.300 0.5000000000
19103  3.725  -53.060  -3.533 0.5000000000
25031  -1.498  -47.009  -14.290 0.5000000000
21916  3.055  -49.637  -2.637 0.5000000000
26001  -0.740  -46.380  -13.920 0.5000000000
132157  0.041  -45.752  -14.420 0.4000000060
23906  -16.004  -48.370  -4.148 0.4000000060
24925  -16.597  -47.594  -4.144 0.5000000000
28167  0.771  -44.414  -11.827 0.5000000000
27082  0.791  -44.678  -13.286 0.5000000000
25891  -16.647  -46.834  -3.491 0.4000000060
25902  -17.225  -46.798  -4.209 0.4000000060
24907  -16.214  -47.377  -3.386 0.5000000000
28179  0.928  -44.141  -12.681 0.5000000000
25892  -17.165  -46.113  -3.618 0.4000000060
25874  -16.632  -46.186  -2.774 0.4000000060
29297  -0.140  -43.321  -12.972 0.5000000000
26978  -18.288  -45.300  -4.729 0.3000000119
130976  -17.650  -45.352  -3.880 0.4000000060
26959  -16.777  -45.344  -2.236 0.3000000119
26960  -17.136  -45.369  -3.058 0.4000000060
29296  0.667  -43.454  -12.755 0.5000000000
30340  0.004  -42.740  -12.240 0.4000000060
30341  -1.060  -42.958  -12.400 0.4000000060
28068  -18.581  -44.529  -4.829 0.3000000119
28067  -18.100  -44.587  -4.173 0.3000000119
28063  -17.578  -44.575  -3.392 0.3000000119
28054  -17.138  -44.557  -2.557 0.4000000060
30325  0.293  -42.271  -11.664 0.4000000060
148542  -0.988  -42.403  -11.868 0.4000000060
135417  -18.398  -43.964  -4.424 0.3000000119
29172  -17.946  -43.685  -3.853 0.3000000119
144829  -17.074  -43.191  -2.638 0.3000000119
29164  -17.392  -43.773  -2.975 0.3000000119
31354  0.066  -41.287  -11.250 0.5000000000
30326  -0.320  -41.946  -11.634 0.4000000060
30327  -1.582  -41.885  -11.464 0.4000000060
29178  -18.290  -43.230  -4.388 0.3000000119
29179  -18.796  -43.821  -4.782 0.3000000119
30230  -16.943  -42.227  -4.012 0.3000000119
29180  -19.386  -43.423  -4.707 0.3000000119
29183  -22.311  -43.475  -4.577 0.3000000119
29204  -23.276  -43.387  -6.375 0.4000000060
31355  -0.693  -41.210  -11.368 0.4000000060
31356  -1.637  -40.920  -11.294 0.4000000060
32442  -1.781  -39.963  -11.254 0.4000000060
31370  -2.420  -40.569  -11.565 0.3000000119
32346  -19.955  -40.089  -3.707 0.3000000119
32355  -20.580  -39.977  -3.988 0.3000000119
32353  -17.185  -41.180  -4.298 0.4000000060
32344  -18.045  -40.700  -3.775 0.3000000119
32345  -19.010  -40.332  -3.618 0.3000000119
33383  -18.400  -39.752  -3.583 0.3000000119
32352  -16.400  -40.853  -4.556 0.4000000060
33384  -19.351  -39.476  -3.613 0.3000000119
33385  -20.173  -39.424  -3.873 0.3000000119
33390  -20.760  -39.564  -4.352 0.3000000119
33392  -20.852  -39.093  -4.986 0.3000000119
34410  -18.729  -38.741  -3.531 0.3000000119
34411  -19.699  -38.773  -3.795 0.3000000119
34417  -20.341  -38.852  -4.275 0.3000000119
34416  -19.881  -38.306  -4.201 0.3000000119
35477  -19.294  -38.041  -3.849 0.3000000119
35490  -20.289  -38.202  -4.983 0.3000000119
35493  -20.407  -37.956  -5.965 0.3000000119
127902  -20.426  -38.016  -6.744 0.3000000119
35486  -18.979  -37.194  -4.154 0.3000000119
35487  -19.648  -37.612  -4.564 0.3000000119
35489  -19.860  -37.399  -5.524 0.3000000119
36562  -19.342  -36.809  -5.026 0.3000000119
36571  -19.441  -36.686  -6.037 0.3000000119
36582  -19.501  -36.616  -6.954 0.3000000119
940  -13.457  -78.642  -15.956 0.3000000119
560  -13.560  -80.769  -21.956 0.4000000060
165  -10.743  -82.833  -10.590 0.6000000238
126801  -10.660  -82.364  -9.803 0.5000000000
85  -10.743  -83.076  -12.539 0.6000000238
322  -10.609  -82.534  -14.125 0.6000000238
1683  -11.582  -76.646  -17.486 0.4000000060
1288  -10.124  -76.886  -16.673 0.5000000000
13725  -0.176  -59.455  -30.120 0.6000000238
149843  -12.196  -76.263  -26.987 0.4000000060
129641  -12.425  -77.849  -26.084 0.4000000060
3056  -11.939  -73.252  -25.750 0.3000000119
3149  -8.859  -73.245  -33.350 0.4000000060
3705  -5.943  -72.340  -32.857 0.4000000060
12521  0.652  -60.589  -6.008 0.5000000000
27083  0.519  -45.210  -13.868 0.5000000000
29188  -23.224  -43.465  -5.669 0.3000000119
146403  -22.962  -43.033  -7.353 0.4000000060
31308  -20.706  -41.174  -8.863 0.4000000060
31309  -21.367  -41.593  -8.438 0.4000000060
131  -5.290  -82.120  -4.753 0.4000000060
717  -14.805  -79.907  -19.015 0.5000000000
3502  -1.404  -71.302  -16.053 0.6000000238
11003  0.901  -62.380  -28.915 0.4000000060
31264  -15.010  -40.598  -5.069 0.4000000060
34419  -20.700  -38.562  -5.593 0.3000000119
572  -13.443  -81.009  -22.611 0.4000000060
29171  -17.435  -42.975  -3.438 0.3000000119
793  -12.538  -79.755  -26.236 0.4000000060
127923  -5.132  -81.719  -3.747 0.3000000119
259  -6.418  -81.902  -3.219 0.3000000119
148366  -4.188  -80.459  -6.426 0.4000000060
439  -4.884  -81.227  -2.749 0.3000000119
137276  -4.954  -80.960  -1.122 0.3000000119
275  -9.561  -81.477  -6.786 0.3000000119
490  -8.406  -80.250  -13.010 0.5000000000
679  -8.052  -79.370  -13.421 0.5000000000
494  -8.959  -80.865  -13.621 0.5000000000
1257  -9.092  -77.326  -14.398 0.4000000060
1658  -9.532  -76.966  -15.031 0.3000000119
483  -10.346  -81.451  -9.663 0.5000000000
308  -10.569  -82.514  -11.532 0.6000000238
127506  -8.818  -79.265  -10.500 0.3000000119
670  -8.571  -79.468  -11.493 0.5000000000
676  -8.281  -79.490  -12.487 0.5000000000
1240  -9.479  -77.275  -12.075 0.4000000060
1660  -10.768  -76.796  -15.453 0.3000000119
5343  -16.531  -69.388  -23.546 0.3000000119
3076  -16.641  -73.376  -26.977 0.3000000119
738  -14.768  -80.485  -20.540 0.4000000060
573  -14.070  -80.901  -22.763 0.4000000060
397  -13.917  -81.019  -23.354 0.4000000060
3093  -16.235  -74.107  -27.925 0.3000000119
135091  -15.442  -81.002  -19.037 0.5000000000
550  -15.666  -80.856  -20.639 0.5000000000
562  -15.243  -80.728  -21.481 0.4000000060
589  -13.635  -81.097  -24.651 0.4000000060
773  -15.115  -79.744  -23.332 0.4000000060
130135  -13.747  -80.758  -25.270 0.4000000060
125985  -15.894  -75.160  -28.751 0.3000000119
765  -16.302  -79.710  -22.069 0.4000000060
1015  -15.606  -78.513  -23.448 0.4000000060
1024  -14.866  -78.980  -25.129 0.4000000060
1037  -14.208  -78.936  -26.658 0.4000000060
2594  -14.854  -74.964  -28.488 0.3000000119
1004  -16.218  -78.336  -22.834 0.4000000060
1364  -15.886  -77.585  -23.883 0.3000000119
1032  -15.174  -78.083  -25.130 0.4000000060
1042  -13.991  -78.335  -27.337 0.3000000119
1400  -13.702  -77.633  -27.954 0.3000000119
1749  -16.231  -76.828  -27.432 0.3000000119
29308  0.408  -43.779  -13.580 0.5000000000
26977  -17.746  -46.079  -4.409 0.4000000060
32461  -2.862  -40.228  -12.529 0.4000000060
33389  -15.632  -40.405  -4.721 0.4000000060
138512  -1.577  -65.584  -7.690 0.6000000238
381  -15.983  -81.047  -19.868 0.4000000060
382  -16.862  -81.068  -19.694 0.4000000060
536  -17.951  -80.888  -19.420 0.4000000060
552  -17.565  -80.662  -20.191 0.4000000060
718  -18.069  -79.616  -17.995 0.3000000119
719  -18.720  -80.191  -18.436 0.3000000119
553  -18.728  -80.387  -19.876 0.3000000119
739  -18.313  -80.138  -20.611 0.4000000060
766  -17.259  -79.269  -21.770 0.4000000060
135919  -17.281  -78.568  -17.840 0.3000000119
959  -18.952  -79.561  -18.885 0.3000000119
971  -19.691  -79.336  -19.742 0.3000000119
740  -19.384  -79.777  -20.401 0.3000000119
992  -18.488  -79.059  -21.629 0.4000000060
137232  -16.701  -78.737  -22.359 0.4000000060
969  -17.813  -78.792  -18.638 0.3000000119
970  -18.903  -78.678  -19.559 0.3000000119
362  -15.837  -81.313  -18.594 0.4000000060
363  -16.699  -81.471  -18.152 0.3000000119
713  -18.193  -80.512  -17.422 0.3000000119
351  -17.380  -81.329  -17.313 0.3000000119
350  -16.477  -81.503  -17.110 0.3000000119
128363  -17.682  -79.423  -17.127 0.3000000119
519  -17.806  -81.041  -16.761 0.3000000119
137972  -15.966  -81.433  -17.808 0.4000000060
899  -8.672  -78.552  -11.154 0.3000000119
341  -17.106  -81.343  -16.205 0.3000000119
518  -15.405  -80.937  -17.128 0.3000000119
129341  -17.660  -80.871  -15.773 0.3000000119
327  -15.984  -81.356  -15.245 0.3000000119
137221  -13.016  -52.686  0.110 0.4000000060
19071  -13.907  -52.763  -0.085 0.4000000060
20047  -14.865  -52.916  -0.086 0.3000000119
20049  -16.549  -52.704  0.408 0.3000000119
20048  -15.752  -52.884  0.122 0.4000000060
21871  -7.378  -49.894  1.829 0.4000000060
133386  -8.488  -51.879  0.621 0.3000000119
132767  -9.510  -51.666  0.590 0.3000000119
20043  -11.159  -52.338  0.586 0.3000000119
20027  -10.920  -51.636  0.831 0.3000000119
20044  -11.869  -52.169  0.699 0.4000000060
142997  -12.300  -52.659  0.277 0.3000000119
20028  -12.142  -51.462  1.081 0.4000000060
20045  -12.530  -52.009  0.698 0.4000000060
138939  -16.041  -52.210  0.205 0.4000000060
20031  -17.971  -52.396  1.092 0.3000000119
20029  -12.690  -51.409  1.013 0.4000000060
134671  -14.300  -52.075  0.255 0.4000000060
136413  -15.256  -52.164  0.166 0.4000000060
127860  -11.745  -50.903  1.352 0.4000000060
20930  -12.432  -50.933  1.315 0.4000000060
20943  -17.613  -51.868  0.733 0.3000000119
21889  -17.641  -50.996  0.602 0.4000000060
20030  -13.126  -51.100  1.018 0.4000000060
20939  -13.808  -51.463  0.515 0.4000000060
20940  -14.663  -51.532  0.182 0.4000000060
20941  -15.810  -51.502  0.083 0.4000000060
21888  -16.678  -50.915  0.123 0.3000000119
21876  -12.572  -50.662  1.232 0.4000000060
22872  -18.057  -49.958  0.788 0.3000000119
24838  -17.111  -47.138  0.555 0.3000000119
32343  -17.322  -40.168  -3.787 0.3000000119
32342  -16.460  -40.003  -4.059 0.3000000119
142494  -10.385  -51.387  0.789 0.4000000060
20929  -10.997  -50.732  1.313 0.4000000060
138508  -16.003  -50.881  -0.162 0.4000000060
22880  -17.604  -49.234  0.387 0.3000000119
3606  3.688  -72.895  -26.079 0.4000000060
20928  -7.364  -50.817  1.161 0.4000000060
21874  -10.648  -49.979  1.550 0.4000000060
143683  -8.107  -51.098  0.702 0.4000000060
135400  -9.007  -50.888  0.635 0.4000000060
134864  -10.150  -50.728  0.964 0.4000000060
1005  -17.848  -78.472  -22.247 0.3000000119
134298  -17.028  -39.254  -3.621 0.3000000119
33388  -15.064  -39.839  -4.835 0.3000000119
564  -17.130  -80.422  -20.873 0.4000000060
364  -17.745  -81.263  -18.132 0.3000000119
537  -18.874  -80.458  -18.953 0.3000000119
741  -19.999  -79.294  -20.306 0.3000000119
340  -16.203  -81.485  -16.139 0.3000000119
20046  -13.315  -51.864  0.563 0.4000000060
19074  -17.087  -53.254  0.759 0.3000000119
20942  -16.808  -51.806  0.369 0.4000000060
20013  -5.376  -52.592  3.266 0.3000000119
19030  -4.828  -52.846  4.093 0.3000000119
134250  -5.055  -53.778  3.833 0.3000000119
18022  -5.393  -54.720  3.534 0.3000000119
17072  -5.749  -55.672  3.302 0.3000000119
19040  -5.962  -53.328  2.488 0.3000000119
11654  -0.861  -61.744  -6.298 0.4000000060
20024  -6.950  -52.577  1.409 0.3000000119
18007  -4.658  -54.279  4.457 0.3000000119
143195  -5.398  -53.356  3.282 0.3000000119
18041  -5.856  -54.209  2.820 0.3000000119
141756  -0.848  -77.611  -1.161 0.3000000119
128653  -0.870  -77.314  -2.037 0.3000000119
125872  -1.182  -78.183  -2.337 0.3000000119
1153  -1.225  -78.975  -2.917 0.3000000119
632  -4.675  -79.686  -4.241 0.3000000119
129157  -4.579  -79.343  -5.135 0.3000000119
132552  -1.946  -79.285  -6.822 0.3000000119
872  -3.110  -79.151  -6.919 0.3000000119
873  -3.938  -78.967  -6.414 0.3000000119
644  -4.336  -79.736  -5.889 0.3000000119
30339  0.616  -42.865  -12.129 0.3000000119
30324  0.737  -42.580  -11.551 0.3000000119
2  -1.191  -84.065  -13.606 0.5000000000
3  -1.828  -84.123  -12.852 0.6000000238
10  -9.081  -83.840  -13.111 0.8000000119
17  -7.053  -84.376  -13.469 0.6999999881
26  -8.371  -83.698  -14.345 0.6999999881
33  -6.168  -84.130  -14.595 0.5000000000
45  -3.681  -83.954  -16.788 0.5000000000
55  -6.694  -82.551  -6.836 0.6000000238
59  -7.680  -82.572  -7.224 0.6000000238
60  -8.831  -82.706  -7.702 0.6000000238
61  -9.696  -82.784  -7.910 0.6000000238
64  -9.624  -82.943  -8.211 0.6000000238
66  -9.327  -83.011  -9.178 0.6999999881
67  -9.910  -83.155  -8.800 0.6999999881
68  -10.542  -83.066  -9.386 0.6999999881
70  -10.263  -83.368  -10.221 0.6999999881
78  -2.244  -83.782  -12.633 0.6000000238
82  -6.667  -83.650  -12.063 0.8000000119
84  -10.008  -83.503  -12.597 0.6000000238
88  -10.609  -83.202  -13.183 0.6000000238
89  -1.048  -83.946  -13.785 0.5000000000
95  -10.675  -82.934  -14.571 0.6999999881
98  -6.530  -83.469  -15.195 0.6000000238
99  -7.404  -83.315  -15.106 0.6000000238
136  -5.683  -82.494  -5.376 0.3000000119
139  -8.087  -81.984  -5.973 0.4000000060
142  -5.985  -82.556  -6.408 0.5000000000
148  -0.293  -82.050  -7.963 0.5000000000
149  -0.901  -82.090  -7.879 0.5000000000
154  -9.702  -82.495  -7.598 0.4000000060
155  -10.251  -82.525  -8.063 0.5000000000
158  -6.026  -82.258  -7.450 0.6000000238
163  -10.675  -82.587  -9.264 0.6999999881
171  -2.076  -82.930  -12.756 0.6000000238
175  -6.503  -82.429  -11.990 0.8000000119
178  -1.918  -83.101  -13.952 0.5000000000
180  -3.014  -82.166  -15.002 0.6999999881
183  -2.520  -82.733  -15.254 0.5000000000
187  -10.591  -82.760  -15.325 0.6999999881
192  -4.754  -83.199  -16.695 0.5000000000
198  -10.516  -82.465  -16.894 0.6999999881
210  -9.554  -82.558  -17.956 0.8000000119
216  -7.710  -82.443  -20.223 0.6999999881
223  -7.373  -82.315  -20.978 0.5000000000
233  -10.239  -82.322  -21.988 0.6999999881
234  -10.828  -82.179  -22.718 0.8000000119
239  -9.092  -82.213  -22.900 0.8000000119
240  -9.927  -82.350  -22.837 0.8000000119
246  -9.645  -82.106  -23.469 0.8000000119
254  -5.590  -81.600  -2.053 0.3000000119
258  -5.695  -81.992  -2.941 0.3000000119
267  -8.407  -81.341  -5.343 0.4000000060
268  -9.151  -81.080  -5.995 0.3000000119
271  -0.978  -81.691  -6.901 0.5000000000
278  0.310  -82.022  -7.416 0.6999999881
279  -0.529  -82.047  -7.379 0.5000000000
283  0.424  -81.205  -8.543 0.6999999881
288  -5.741  -81.898  -7.869 0.6000000238
290  -10.582  -82.195  -8.577 0.4000000060
291  0.444  -80.871  -8.796 0.6999999881
293  -0.409  -81.479  -9.032 0.6000000238
302  -7.660  -81.629  -9.969 0.6999999881
314  -6.372  -81.435  -11.904 0.8000000119
328  -16.599  -81.364  -15.427 0.3000000119
337  -7.722  -81.555  -16.573 0.6000000238
349  -15.812  -81.310  -17.047 0.4000000060
352  -18.392  -80.806  -18.157 0.3000000119
361  -10.577  -81.835  -18.881 0.6999999881
370  -10.377  -81.843  -19.965 0.6999999881
371  -15.722  -81.115  -19.317 0.4000000060
372  -16.304  -81.308  -19.124 0.4000000060
373  -17.269  -81.275  -18.921 0.4000000060
374  -18.164  -81.039  -18.695 0.3000000119
405  -13.446  -81.323  -23.892 0.4000000060
412  -10.789  -81.395  -24.400 0.6999999881
421  -11.480  -81.304  -24.849 0.6999999881
422  -12.231  -81.186  -25.275 0.5000000000
435  -5.008  -81.245  -1.837 0.3000000119
438  0.012  -81.391  -3.152 0.4000000060
443  -0.073  -81.559  -3.996 0.3000000119
444  1.228  -80.919  -5.896 0.6000000238
445  0.381  -81.479  -4.556 0.5000000000
457  0.943  -80.992  -7.791 0.6000000238
462  0.591  -80.950  -8.564 0.6999999881
466  0.408  -80.644  -9.023 0.6999999881
468  -0.946  -81.076  -9.425 0.6999999881
479  -4.904  -79.813  -10.223 0.6999999881
482  -9.768  -80.873  -10.300 0.4000000060
484  -6.007  -80.135  -11.282 0.8000000119
495  -1.524  -80.785  -14.141 0.8000000119
509  -3.446  -80.755  -15.990 0.5000000000
512  -14.971  -80.672  -15.546 0.3000000119
520  -18.025  -81.091  -17.541 0.3000000119
526  -15.189  -80.696  -18.714 0.5000000000
538  -19.461  -79.823  -19.638 0.3000000119
569  -8.603  -81.829  -22.791 0.8000000119
570  -9.388  -81.539  -23.286 0.6999999881
575  -15.679  -80.415  -21.878 0.4000000060
580  -10.244  -81.444  -23.868 0.6999999881
582  -14.097  -80.880  -23.948 0.4000000060
590  -14.171  -80.569  -24.736 0.4000000060
597  -13.456  -80.510  -25.895 0.4000000060
598  -14.113  -80.302  -25.568 0.4000000060
605  -12.524  -80.528  -25.905 0.4000000060
627  0.461  -80.941  -3.003 0.5000000000
657  0.378  -79.892  -9.869 0.8000000119
665  0.290  -79.185  -10.663 0.8000000119
668  -3.836  -78.908  -11.618 0.8000000119
671  -0.337  -78.993  -13.368 0.8000000119
685  -4.187  -79.110  -15.172 0.6999999881
686  -8.172  -79.403  -14.310 0.5000000000
692  -3.837  -79.901  -15.529 0.6999999881
693  -8.232  -78.616  -14.941 0.5000000000
695  -13.940  -79.781  -14.316 0.3000000119
696  -14.443  -80.240  -14.974 0.4000000060
705  -3.481  -79.804  -16.173 0.6999999881
708  -13.963  -79.556  -15.392 0.3000000119
726  -19.407  -79.930  -19.040 0.3000000119
732  -6.992  -79.347  -20.699 0.6000000238
753  -16.667  -80.113  -21.457 0.4000000060
754  -17.797  -79.785  -21.202 0.4000000060
755  -19.028  -79.526  -21.059 0.4000000060
779  -11.207  -80.535  -24.770 0.5000000000
795  -13.914  -79.607  -26.521 0.4000000060
838  -0.008  -79.341  -1.008 0.5000000000
893  -2.755  -78.795  -11.006 0.6999999881
900  0.687  -78.096  -12.946 0.8000000119
901  0.259  -78.573  -12.951 0.8000000119
907  0.162  -78.346  -13.316 0.8000000119
912  -0.262  -78.061  -13.642 0.8999999762
913  -2.295  -78.857  -14.322 0.8000000119
918  -13.404  -79.211  -13.769 0.3000000119
979  -8.512  -78.483  -20.716 0.5000000000
982  -20.232  -78.913  -20.309 0.3000000119
1013  -11.858  -78.870  -23.131 0.6000000238
1014  -12.393  -78.082  -23.323 0.6999999881
1031  -14.751  -78.492  -25.893 0.4000000060
1124  0.593  -77.932  -0.163 0.5000000000
1133  -0.119  -78.598  -0.517 0.5000000000
1170  2.040  -76.439  -5.322 0.6999999881
1182  1.595  -77.367  -6.522 0.6999999881
1199  0.770  -78.432  -8.213 0.6999999881
1213  -1.063  -77.428  -9.502 0.8000000119
1223  0.287  -78.212  -11.452 0.8000000119
1225  -1.407  -77.355  -10.003 0.8000000119
1232  0.687  -78.042  -12.404 0.8000000119
1238  -0.357  -77.220  -12.934 0.8999999762
1252  -1.448  -78.021  -13.937 0.8000000119
1255  -4.388  -77.517  -14.960 0.8000000119
1256  -8.731  -77.782  -13.737 0.4000000060
1269  -3.999  -77.225  -15.669 0.8999999762
1296  -9.972  -77.496  -17.066 0.5000000000
1298  -11.147  -76.861  -17.715 0.5000000000
1299  -12.756  -76.934  -17.533 0.6000000238
1314  -13.422  -77.516  -18.945 0.6000000238
1320  -13.026  -77.508  -19.441 0.6000000238
1322  -17.556  -78.126  -19.263 0.3000000119
1328  -8.918  -77.752  -20.801 0.6000000238
1336  -7.067  -77.863  -21.317 0.5000000000
1338  -9.347  -77.062  -21.102 0.6999999881
1339  -10.239  -77.112  -21.218 0.6000000238
1352  -17.067  -77.817  -22.795 0.4000000060
1391  -12.491  -77.940  -27.335 0.5000000000
1393  -16.267  -77.083  -26.665 0.3000000119
1398  -12.691  -77.326  -28.184 0.4000000060
1508  1.933  -76.998  0.126 0.4000000060
1509  1.214  -77.412  0.125 0.4000000060
1524  2.114  -76.499  -2.689 0.6000000238
1526  -0.571  -76.639  -1.658 0.3000000119
1533  1.811  -77.179  -3.123 0.6000000238
1544  1.954  -76.136  -4.463 0.6000000238
1587  1.739  -76.468  -7.978 0.6999999881
1599  2.036  -76.021  -8.437 0.6999999881
1601  0.395  -77.049  -8.712 0.6999999881
1642  -4.328  -75.907  -14.675 1.0000000000
1655  -2.937  -76.016  -15.883 0.8000000119
1659  -10.153  -76.818  -15.198 0.3000000119
1673  -10.466  -76.628  -16.164 0.5000000000
1675  -12.045  -76.550  -17.019 0.4000000060
1713  -10.708  -76.464  -21.521 0.6000000238
1733  -12.757  -76.426  -24.241 0.5000000000
1748  -12.254  -75.886  -27.716 0.3000000119
1899  3.136  -76.082  0.129 0.4000000060
1901  0.700  -76.726  0.193 0.4000000060
1910  3.205  -75.518  -0.975 0.6000000238
1912  0.132  -76.481  -0.411 0.4000000060
1974  2.337  -75.603  -7.772 0.6999999881
1986  2.393  -75.500  -8.451 0.6999999881
2000  2.534  -75.128  -9.275 0.6999999881
2017  -1.526  -75.982  -9.819 0.8000000119
2031  2.289  -74.653  -10.307 0.8999999762
2033  -2.919  -75.253  -11.052 0.8999999762
2043  -4.455  -74.504  -13.017 1.0000000000
2046  -4.069  -75.635  -13.339 1.0000000000
2047  -4.405  -75.142  -13.473 1.0000000000
2102  -11.209  -75.751  -21.752 0.6000000238
2118  -9.648  -75.122  -24.002 0.6000000238
2132  -9.047  -75.801  -25.955 0.5000000000
2150  -15.045  -75.573  -28.708 0.3000000119
2151  -16.182  -75.690  -28.834 0.3000000119
2164  -9.993  -74.715  -32.205 0.5000000000
2172  -9.705  -74.982  -32.603 0.4000000060
2285  3.854  -74.211  2.876 0.3000000119
2291  3.859  -74.450  2.645 0.3000000119
2299  2.304  -75.730  1.176 0.3000000119
2314  3.487  -74.768  -1.060 0.5000000000
2350  1.734  -74.662  -4.045 0.6000000238
2360  1.945  -75.306  -5.881 0.6999999881
2385  2.412  -75.279  -7.269 0.6999999881
2386  2.252  -74.732  -7.463 0.6999999881
2406  2.562  -74.544  -9.693 0.8999999762
2433  2.166  -74.269  -11.043 0.8999999762
2436  -1.756  -74.325  -10.925 0.8999999762
2438  -3.988  -74.345  -12.339 1.0000000000
2455  -4.584  -73.887  -13.521 1.0000000000
2457  -4.275  -74.234  -14.563 1.0000000000
2458  -4.536  -74.435  -14.161 1.0000000000
2474  -3.864  -74.428  -15.026 1.0000000000
2528  -12.171  -74.379  -22.797 0.5000000000
2536  -9.812  -74.336  -23.312 0.6000000238
2537  -12.294  -74.232  -23.366 0.5000000000
2557  -11.802  -73.910  -26.029 0.3000000119
2567  -9.137  -75.185  -25.578 0.5000000000
2605  -9.051  -74.608  -29.989 0.4000000060
2609  0.058  -74.255  -30.426 0.5000000000
2619  -9.663  -74.721  -31.458 0.5000000000
2622  -10.257  -74.266  -32.529 0.6000000238
2628  -9.850  -74.543  -32.997 0.5000000000
2629  -10.259  -74.040  -32.723 0.4000000060
2759  3.938  -73.759  3.165 0.3000000119
2760  3.719  -74.107  2.956 0.3000000119
2781  4.068  -74.520  1.828 0.4000000060
2840  1.496  -74.332  -4.868 0.6999999881
2870  1.498  -73.620  -8.037 0.8999999762
2893  2.365  -73.664  -11.688 0.8000000119
2895  -2.018  -73.705  -11.639 0.8999999762
2896  -2.993  -73.728  -11.730 1.0000000000
2918  -3.756  -73.578  -12.412 1.0000000000
2931  1.915  -73.109  -12.893 0.8000000119
2934  -4.373  -73.145  -13.750 1.0000000000
3030  -9.697  -73.291  -23.423 0.5000000000
3031  -10.314  -73.040  -22.915 0.5000000000
3051  3.311  -73.669  -25.939 0.5000000000
3052  2.887  -74.193  -26.027 0.5000000000
3066  3.259  -73.442  -26.645 0.5000000000
3067  2.760  -73.819  -26.748 0.5000000000
3072  -8.712  -73.450  -26.597 0.6000000238
3115  0.396  -74.154  -29.965 0.5000000000
3132  -0.048  -73.750  -30.944 0.6999999881
3137  -10.030  -73.872  -31.497 0.5000000000
3142  -11.300  -73.129  -33.036 0.5000000000
3144  -14.120  -72.935  -32.923 0.4000000060
3152  -12.869  -72.481  -33.300 0.5000000000
3160  -13.272  -72.209  -33.867 0.4000000060
3165  -13.545  -71.909  -34.379 0.4000000060
3330  3.809  -72.460  -0.911 0.5000000000
3387  1.666  -72.322  -5.615 0.6999999881
3413  1.242  -73.097  -8.687 0.8000000119
3414  0.653  -72.320  -8.449 0.8999999762
3444  2.789  -72.635  -12.355 0.8000000119
3446  -2.051  -72.585  -12.912 0.8999999762
3448  -3.678  -72.771  -12.949 1.0000000000
3463  0.239  -72.102  -13.641 0.8999999762
3467  -4.010  -72.585  -13.611 1.0000000000
3582  -10.520  -72.536  -23.239 0.5000000000
3612  -9.276  -72.012  -25.307 0.5000000000
3617  -16.909  -72.444  -25.446 0.3000000119
3653  -0.034  -72.812  -29.039 0.6999999881
3658  -9.399  -72.466  -28.394 0.6000000238
3681  -10.197  -72.459  -30.506 0.6000000238
3691  -13.345  -72.692  -31.696 0.4000000060
3694  -1.258  -72.222  -32.152 0.6999999881
3715  -9.776  -72.269  -34.163 0.4000000060
3720  -10.014  -71.777  -34.676 0.4000000060
3941  2.816  -71.299  -4.904 0.6000000238
3961  2.837  -70.965  -5.936 0.6999999881
3972  1.293  -71.621  -6.752 0.6999999881
3997  0.580  -71.908  -9.131 0.8999999762
4008  1.768  -71.752  -10.674 0.8999999762
4014  2.978  -71.037  -11.932 0.8999999762
4015  2.707  -71.644  -11.557 0.8999999762
4018  2.915  -72.096  -12.755 0.8000000119
4027  3.199  -70.842  -13.127 0.8000000119
4028  2.843  -71.650  -13.319 0.8999999762
4030  0.326  -71.423  -14.019 0.8999999762
4033  -3.058  -71.423  -14.214 1.0000000000
4042  0.628  -70.614  -14.326 0.8000000119
4052  -1.935  -70.820  -15.532 0.6000000238
4054  -3.423  -71.922  -14.609 0.8999999762
4141  -10.938  -71.662  -24.018 0.6000000238
4153  -10.097  -71.473  -24.187 0.5000000000
4173  -10.232  -71.029  -24.830 0.6000000238
4180  0.509  -72.041  -26.171 0.6999999881
4191  3.672  -72.074  -27.885 0.5000000000
4192  2.911  -72.627  -28.144 0.8000000119
4197  -10.230  -70.773  -26.876 0.5000000000
4206  3.402  -71.707  -28.686 0.6000000238
4224  -1.090  -71.186  -29.547 0.6999999881
4225  -10.483  -71.900  -30.193 0.5000000000
4233  -0.219  -71.805  -30.974 0.6999999881
4237  -12.761  -71.776  -30.406 0.4000000060
4241  -10.954  -72.252  -31.433 0.5000000000
4247  -0.670  -72.138  -32.125 0.6999999881
4252  -2.011  -70.595  -33.177 0.6999999881
4253  -2.611  -70.706  -33.142 0.6999999881
4254  -3.545  -70.791  -32.981 0.5000000000
4258  -4.842  -70.968  -33.798 0.5000000000
4260  -7.047  -70.947  -33.683 0.4000000060
4261  -8.152  -70.872  -34.040 0.4000000060
4265  -8.867  -70.692  -34.891 0.4000000060
4266  -10.153  -71.343  -35.386 0.5000000000
4496  4.351  -71.030  1.176 0.3000000119
4504  3.674  -70.553  -0.501 0.5000000000
4512  3.378  -70.332  -1.219 0.6000000238
4557  2.669  -70.533  -6.426 0.6999999881
4568  2.756  -70.096  -6.786 0.6999999881
4571  0.238  -70.746  -8.417 0.8999999762
4602  2.347  -70.848  -11.267 1.0000000000
4608  2.991  -70.283  -11.668 0.8999999762
4621  3.310  -69.931  -13.168 0.8000000119
4626  2.322  -69.587  -14.316 0.6000000238
4630  -1.603  -70.263  -14.916 0.6999999881
4631  -2.069  -70.601  -15.084 0.8999999762
4645  -0.679  -69.986  -16.226 0.6000000238
4646  -1.304  -70.427  -15.962 0.6000000238
4721  -16.350  -70.073  -23.448 0.3000000119
4726  -11.023  -70.745  -24.785 0.4000000060
4735  -0.528  -70.731  -25.684 0.6999999881
4738  -11.349  -70.260  -25.320 0.4000000060
4748  -1.783  -70.664  -26.295 0.5000000000
4763  -11.196  -70.613  -28.069 0.5000000000
4772  3.317  -70.649  -29.490 0.6000000238
4773  2.831  -71.236  -29.374 0.8000000119
4789  -1.990  -69.817  -29.400 0.6999999881
4791  -12.408  -71.068  -29.212 0.4000000060
4805  -0.865  -71.242  -32.240 0.6999999881
4808  -1.412  -70.288  -33.136 0.6999999881
5104  2.641  -69.151  -1.833 0.6000000238
5158  2.865  -69.650  -6.960 0.6000000238
5172  1.736  -70.060  -7.446 0.6999999881
5197  -0.131  -69.556  -8.888 1.0000000000
5198  -0.421  -69.481  -9.539 1.0000000000
5209  0.882  -70.227  -10.819 1.0000000000
5218  2.699  -69.453  -11.542 0.8000000119
5221  -0.339  -69.362  -10.841 0.8999999762
5234  3.425  -69.040  -13.226 0.6000000238
5246  -1.026  -69.821  -15.291 0.6999999881
5257  -0.485  -69.605  -15.776 0.6000000238
5356  -0.058  -70.389  -25.698 0.6000000238
5371  0.960  -69.854  -26.411 0.6999999881
5372  0.651  -70.467  -25.945 0.6999999881
5395  3.338  -69.894  -29.748 0.8000000119
5407  2.616  -70.157  -30.117 0.8000000119
5419  2.742  -69.202  -30.403 0.8000000119
5421  2.153  -69.555  -30.396 0.8000000119
5423  -2.428  -69.438  -30.860 0.6999999881
5440  -1.761  -69.502  -32.701 0.6999999881
5441  -2.558  -69.198  -32.510 0.6999999881
5446  -1.926  -69.695  -32.895 0.6999999881
5458  -3.110  -68.861  -34.857 0.6000000238
5461  -5.359  -69.255  -35.481 0.5000000000
5814  2.460  -68.202  -1.655 0.6000000238
5848  2.548  -68.390  -4.987 0.6000000238
5872  3.005  -68.760  -6.747 0.6000000238
5888  2.833  -68.892  -7.511 0.6000000238
5905  2.486  -67.773  -8.428 0.8000000119
5936  1.187  -68.835  -11.578 0.8000000119
5945  3.313  -68.580  -12.311 0.8000000119
5948  0.617  -68.300  -11.951 0.8999999762
6054  -15.847  -68.772  -24.146 0.3000000119
6055  -16.374  -68.782  -23.783 0.3000000119
6076  -0.794  -69.462  -25.584 0.5000000000
6160  2.717  -68.655  -30.556 0.8000000119
6162  1.929  -68.821  -30.868 0.6999999881
6178  2.443  -68.154  -30.957 0.6999999881
6179  2.015  -68.208  -31.293 0.6999999881
6210  -3.319  -68.475  -34.541 0.5000000000
6217  -3.462  -68.284  -35.175 0.6000000238
6218  -3.711  -68.208  -35.903 0.5000000000
6224  -4.288  -68.163  -36.616 0.5000000000
6236  -5.539  -67.715  -37.327 0.6000000238
6237  -6.621  -67.777  -37.521 0.6000000238
6559  2.256  -67.609  -2.532 0.6000000238
6584  3.190  -67.047  -5.906 0.8000000119
6598  3.333  -67.158  -7.131 0.8000000119
6609  3.180  -67.249  -7.954 0.8000000119
6631  0.890  -67.463  -8.833 0.8999999762
6645  -2.229  -67.647  -10.979 0.8999999762
6646  -2.837  -66.971  -10.689 0.6999999881
6660  2.125  -67.377  -12.531 0.6999999881
6671  -0.975  -67.370  -13.113 0.6000000238
6867  0.584  -67.619  -29.740 0.6000000238
6884  2.593  -67.556  -31.068 0.6999999881
6885  2.249  -67.629  -31.516 0.6999999881
6897  2.159  -67.006  -32.028 0.6999999881
6899  1.060  -66.741  -32.296 0.6999999881
6920  -3.420  -67.980  -34.969 0.5000000000
7270  3.298  -65.926  1.986 0.4000000060
7284  2.971  -66.818  -0.027 0.5000000000
7294  2.536  -66.337  -0.639 0.6000000238
7375  2.912  -65.718  -8.234 0.8000000119
7386  -0.272  -66.699  -8.619 0.8000000119
7398  -0.584  -67.258  -9.154 1.0000000000
7399  -2.203  -66.472  -9.255 0.8000000119
7400  -3.013  -65.541  -9.583 0.6000000238
7422  -3.277  -66.489  -11.182 0.6999999881
7432  -3.266  -66.112  -12.517 0.6000000238
7627  2.978  -66.255  -27.534 0.6000000238
7628  -0.325  -66.438  -27.785 0.6000000238
7642  0.130  -66.763  -28.374 0.6000000238
7653  3.151  -67.245  -29.933 0.6000000238
7665  2.707  -66.196  -31.112 0.6000000238
7666  0.439  -67.224  -30.354 0.6000000238
7689  1.938  -66.380  -32.454 0.6999999881
7690  1.306  -66.314  -32.608 0.6999999881
8071  0.772  -65.560  4.155 0.3000000119
8088  0.407  -65.193  3.520 0.3000000119
8095  2.300  -65.687  2.053 0.4000000060
8103  2.577  -65.778  1.198 0.4000000060
8111  1.310  -65.093  -0.036 0.6000000238
8122  1.381  -64.809  -0.631 0.6000000238
8182  3.438  -64.584  -6.026 0.8000000119
8203  2.188  -64.854  -7.519 0.8000000119
8219  1.506  -65.878  -8.274 0.8000000119
8222  -2.241  -65.352  -8.239 0.6000000238
8246  -3.409  -65.860  -11.043 0.6000000238
8255  -3.052  -65.699  -12.852 0.6000000238
8431  2.738  -65.366  -29.566 0.6000000238
8434  -2.359  -64.867  -29.671 0.5000000000
8443  -0.425  -65.965  -30.637 0.6000000238
8445  -2.195  -65.027  -30.971 0.6000000238
8450  -0.637  -65.600  -31.341 0.6000000238
8452  -2.269  -64.871  -31.780 0.6000000238
8458  1.612  -65.802  -32.818 0.6999999881
8459  0.476  -65.478  -33.136 0.6999999881
8470  0.080  -65.184  -33.742 0.6999999881
8926  0.918  -64.769  0.655 0.5000000000
8970  2.567  -64.525  -2.516 0.6999999881
8999  3.470  -63.610  -4.751 0.8000000119
9032  3.245  -63.915  -6.332 0.8000000119
9035  0.379  -65.127  -6.189 0.8000000119
9036  -0.784  -65.096  -6.044 0.8000000119
9037  -1.385  -64.554  -6.297 0.8000000119
9076  -2.462  -64.595  -9.027 0.5000000000
9077  -2.961  -64.960  -9.627 0.6000000238
9288  -3.022  -64.704  -29.846 0.5000000000
9315  2.125  -64.000  -32.179 0.6000000238
9330  2.110  -64.573  -32.573 0.6999999881
9348  0.147  -64.700  -34.079 0.6999999881
9804  1.316  -63.414  4.611 0.4000000060
9825  0.403  -63.790  2.560 0.4000000060
9834  0.416  -63.963  1.690 0.4000000060
9880  -0.564  -63.069  -2.815 0.8000000119
9881  -1.094  -62.697  -3.000 0.8000000119
9895  -0.277  -63.436  -3.527 0.8000000119
9896  -1.051  -63.093  -3.427 0.8000000119
9906  3.304  -62.839  -4.837 0.8000000119
9909  0.037  -63.825  -4.414 0.8000000119
9910  -1.481  -63.216  -4.561 0.8000000119
9921  3.351  -63.193  -5.415 0.8000000119
9937  2.157  -63.862  -6.420 0.8000000119
10199  1.688  -63.243  -31.987 0.6000000238
10217  1.096  -63.089  -32.922 0.6999999881
10230  1.125  -63.919  -33.503 0.6999999881
10241  0.321  -63.947  -34.016 0.6999999881
10243  -1.190  -62.929  -35.534 0.6999999881
10244  -2.049  -63.026  -35.677 0.6999999881
10246  -4.130  -63.155  -34.687 0.5000000000
10255  -1.762  -62.528  -35.750 0.6000000238
10619  3.967  -62.247  7.828 0.3000000119
10631  3.547  -62.908  7.363 0.3000000119
10644  4.079  -62.400  5.828 0.3000000119
10659  3.485  -62.678  4.403 0.4000000060
10669  4.060  -62.033  3.089 0.4000000060
10671  2.299  -62.754  2.989 0.4000000060
10681  3.750  -62.062  1.592 0.4000000060
10683  1.596  -62.898  2.232 0.4000000060
10707  1.745  -63.023  0.528 0.4000000060
10731  3.079  -61.828  -1.791 0.6999999881
10732  3.057  -62.341  -1.556 0.6999999881
10733  1.171  -61.903  -1.613 0.8000000119
10734  0.081  -62.313  -1.503 0.8000000119
10749  3.105  -62.746  -2.739 0.6999999881
10774  -1.368  -62.604  -3.521 0.8000000119
10788  3.155  -62.532  -4.180 0.8000000119
10789  2.917  -62.450  -4.628 0.8000000119
10826  -1.344  -63.335  -7.125 0.5000000000
11017  1.073  -62.432  -29.683 0.5000000000
11029  0.773  -61.777  -30.347 0.6999999881
11039  1.183  -62.442  -31.377 0.6999999881
11049  0.750  -62.321  -32.589 0.6999999881
11066  -0.771  -62.238  -35.031 0.6999999881
11067  -6.192  -62.389  -33.919 0.4000000060
11088  -2.048  -61.923  -35.808 0.6999999881
11474  4.050  -61.207  7.783 0.3000000119
11551  3.911  -61.483  0.231 0.5000000000
11564  -0.436  -60.953  -0.866 0.8000000119
11576  1.951  -61.265  -1.380 0.8000000119
11578  -0.401  -61.663  -1.343 0.8000000119
11596  2.780  -61.740  -2.466 0.8000000119
11613  3.015  -62.038  -3.043 0.8000000119
11616  -1.488  -62.122  -3.653 0.6000000238
11642  -1.430  -61.927  -5.459 0.6000000238
11873  -4.176  -61.356  -29.139 0.6999999881
11885  0.422  -60.585  -29.498 0.6999999881
11886  -3.561  -61.496  -29.791 0.6999999881
11893  -2.766  -61.333  -30.563 0.6999999881
11906  -3.726  -61.403  -32.288 0.6999999881
11918  -1.140  -61.204  -33.003 0.6999999881
11919  -2.127  -61.234  -33.591 0.6999999881
11955  -3.134  -60.692  -35.851 0.6000000238
11957  -6.674  -60.957  -35.085 0.4000000060
12339  3.140  -59.935  7.799 0.3000000119
12399  2.556  -59.976  2.690 0.4000000060
12409  3.646  -60.725  1.972 0.4000000060
12410  2.828  -60.173  1.511 0.5000000000
12426  3.780  -60.872  0.241 0.6000000238
12429  -0.005  -60.190  0.672 0.5000000000
12430  -0.384  -59.960  0.238 0.8000000119
12492  0.588  -60.101  -4.546 0.6999999881
12719  -3.861  -60.453  -26.838 0.6999999881
12731  -3.439  -60.725  -27.574 0.6999999881
12743  0.388  -60.096  -28.944 0.6000000238
12746  -4.680  -60.725  -28.518 0.6999999881
12762  -4.801  -60.933  -29.555 0.6999999881
12771  0.222  -60.239  -30.354 0.6999999881
12773  -4.962  -60.928  -30.584 0.6000000238
12783  -4.840  -60.811  -31.592 0.6000000238
12787  -0.610  -61.039  -32.322 0.6999999881
12788  -4.336  -60.606  -32.547 0.6000000238
12814  -7.237  -60.281  -35.077 0.5000000000
12819  -3.703  -60.701  -36.055 0.6000000238
12820  -4.555  -60.478  -35.876 0.6000000238
12821  -5.563  -60.466  -35.617 0.6000000238
12822  -6.398  -60.394  -35.330 0.6000000238
13221  3.646  -59.066  6.312 0.3000000119
13222  3.139  -59.358  6.918 0.3000000119
13236  3.970  -59.534  5.458 0.4000000060
13277  1.124  -59.256  2.331 0.5000000000
13288  0.634  -59.615  1.758 0.5000000000
13304  0.101  -59.612  1.232 0.5000000000
13316  -0.365  -59.399  0.103 0.8000000119
13325  -0.522  -60.301  -0.886 0.8000000119
13346  0.520  -59.629  -3.357 0.6000000238
13616  -4.833  -59.730  -25.568 0.6999999881
13617  -5.603  -59.500  -25.641 0.6000000238
13638  -4.368  -60.073  -26.210 0.6999999881
13639  -5.865  -59.382  -26.402 0.6000000238
13663  -5.691  -59.481  -27.851 0.6000000238
13701  -0.608  -58.869  -29.709 0.6999999881
13703  -1.610  -59.681  -29.541 0.6999999881
13727  -5.143  -60.032  -31.001 0.6000000238
13796  -5.199  -59.921  -35.543 0.6000000238
13797  -6.081  -59.962  -35.363 0.6000000238
14214  3.519  -58.533  5.635 0.4000000060
14308  2.348  -58.061  -3.149 0.6999999881
14553  -4.555  -58.607  -23.713 0.6999999881
14554  -5.384  -58.640  -23.665 0.6000000238
14577  -6.265  -58.434  -24.655 0.6000000238
14598  -6.065  -59.097  -25.091 0.6000000238
14633  -2.192  -58.567  -27.365 0.6999999881
14645  -0.631  -57.852  -29.036 0.6999999881
14646  -5.729  -58.919  -28.714 0.6000000238
14654  -0.485  -58.384  -29.333 0.6999999881
14656  -5.200  -59.073  -30.304 0.6000000238
14698  -4.863  -58.377  -33.996 0.6000000238
14701  -4.476  -58.917  -34.513 0.6000000238
14704  -7.306  -58.969  -34.876 0.6000000238
15152  -1.324  -57.373  5.006 0.3000000119
15240  2.332  -57.049  -0.928 0.6000000238
15453  -5.944  -56.684  -20.869 0.6999999881
15465  -4.022  -57.284  -21.814 0.8000000119
15487  -6.127  -57.501  -22.650 0.6999999881
15509  -5.809  -58.134  -23.110 0.6999999881
15544  -6.451  -57.693  -25.104 0.6000000238
15570  -0.366  -56.990  -27.926 0.5000000000
15572  -1.420  -56.963  -27.894 0.6000000238
15574  -6.264  -57.616  -28.050 0.6000000238
15585  -0.140  -57.617  -28.588 0.5000000000
15587  -1.182  -57.268  -28.356 0.6000000238
15597  -5.570  -57.401  -30.143 0.6000000238
15610  -4.838  -57.264  -31.749 0.6000000238
15616  -4.953  -57.483  -32.595 0.6000000238
15626  -5.294  -57.876  -33.430 0.6000000238
16102  -3.197  -55.753  6.215 0.3000000119
16111  -1.895  -56.469  5.737 0.3000000119
16122  2.786  -56.217  3.720 0.5000000000
16133  3.418  -56.535  3.013 0.5000000000
16139  -2.296  -56.235  2.783 0.5000000000
16416  -4.238  -56.196  -19.964 0.8000000119
16429  -4.703  -56.748  -20.390 0.8000000119
16431  -6.281  -56.038  -20.555 0.6000000238
16443  -4.457  -57.097  -21.090 0.8000000119
16444  -6.355  -56.310  -21.392 0.6000000238
16451  -3.340  -56.622  -22.607 0.8000000119
16464  -2.875  -56.443  -23.642 0.6999999881
16484  -6.028  -56.244  -25.176 0.6000000238
16502  -6.250  -56.812  -25.603 0.6000000238
16516  -0.639  -55.994  -27.022 0.5000000000
16517  -1.216  -56.088  -27.047 0.5000000000
16528  -0.146  -56.383  -27.280 0.5000000000
16539  -6.390  -56.449  -28.849 0.6000000238
16545  -5.775  -56.849  -30.303 0.6000000238
16560  -7.208  -56.568  -32.644 0.6000000238
17056  -3.100  -55.121  5.987 0.3000000119
17062  -2.516  -55.388  4.675 0.3000000119
17081  2.745  -55.500  2.586 0.5000000000
17083  0.365  -55.620  2.409 0.5000000000
17098  3.304  -55.637  1.462 0.6000000238
17131  3.363  -55.442  -0.281 0.6999999881
17166  3.303  -55.951  -3.205 0.6000000238
17347  -5.703  -55.501  -18.978 0.5000000000
17365  -5.834  -55.957  -19.692 0.6999999881
17366  -6.248  -55.230  -19.413 0.5000000000
17390  -2.802  -54.944  -21.698 0.5000000000
17392  -6.431  -55.518  -21.506 0.5000000000
17412  -5.689  -55.330  -23.696 0.6000000238
17444  -0.339  -55.430  -26.276 0.5000000000
17446  -5.722  -55.454  -26.673 0.6000000238
17453  -6.118  -55.488  -27.360 0.6000000238
17455  -6.373  -55.684  -28.106 0.6000000238
17458  -6.455  -55.678  -29.595 0.5000000000
17462  -6.397  -55.836  -30.371 0.6000000238
17473  -6.727  -56.168  -31.901 0.6000000238
17995  -3.585  -54.720  5.559 0.3000000119
18004  -2.984  -54.287  5.253 0.3000000119
18040  -3.171  -53.864  3.397 0.5000000000
18064  -2.990  -54.594  2.505 0.5000000000
18324  -2.865  -54.532  -17.657 0.8000000119
18326  -4.946  -54.473  -17.271 0.6999999881
18327  -6.179  -54.333  -17.789 0.6000000238
18328  -6.356  -53.628  -17.599 0.5000000000
18340  -2.634  -54.718  -18.511 0.8000000119
18343  -5.722  -55.034  -18.242 0.6000000238
18356  -1.509  -53.570  -20.068 0.5000000000
18358  -6.359  -54.556  -19.143 0.5000000000
18382  -1.469  -53.724  -21.856 0.6000000238
19028  -3.490  -53.064  4.259 0.5000000000
19063  2.703  -53.722  0.273 0.6000000238
19065  0.936  -53.567  0.362 0.6000000238
19084  -13.483  -53.418  -0.332 0.3000000119
19257  -4.140  -53.044  -15.664 0.8000000119
19303  -6.366  -54.077  -19.522 0.5000000000
20040  -1.652  -52.722  0.244 0.5000000000
20056  2.028  -52.370  -0.334 0.8000000119
20064  3.315  -51.865  -0.999 0.6999999881
20227  -4.986  -51.694  -14.966 0.6000000238
20237  -4.814  -52.396  -15.354 0.6000000238
20908  -4.347  -51.306  3.852 0.5000000000
20914  -3.723  -51.114  3.234 0.5000000000
20927  -6.683  -50.523  2.064 0.5000000000
20954  3.539  -51.449  -1.710 0.6000000238
20955  2.744  -51.199  -1.224 0.6999999881
21111  -3.452  -51.078  -13.455 0.6999999881
21137  -5.325  -51.266  -16.603 0.6000000238
21854  -4.328  -50.639  3.583 0.5000000000
21861  -3.782  -50.308  2.854 0.5000000000
21862  -4.153  -49.964  3.292 0.5000000000
21875  -12.129  -50.392  1.456 0.5000000000
21912  -14.181  -50.642  -0.944 0.5000000000
21915  3.434  -50.300  -2.676 0.6000000238
22070  -1.201  -49.996  -11.504 0.5000000000
22096  0.437  -49.754  -13.799 0.5000000000
22099  -3.781  -50.452  -13.149 0.6999999881
22105  -4.788  -50.605  -14.458 0.6000000238
22109  -5.024  -50.526  -15.171 0.6000000238
22123  -5.516  -51.243  -16.005 0.6000000238
22857  -4.458  -49.280  3.037 0.6000000238
22858  -5.100  -49.116  3.128 0.5000000000
22865  -7.093  -48.967  2.464 0.6000000238
22867  -9.000  -49.087  1.693 0.5000000000
22869  -11.105  -48.271  1.952 0.6000000238
22893  0.608  -49.178  -2.321 0.6999999881
22941  1.970  -48.616  -4.800 0.6000000238
23081  -3.570  -49.166  -15.825 0.6000000238
23801  -4.875  -48.495  2.785 0.6000000238
23802  -5.531  -48.467  2.806 0.6000000238
23815  -10.538  -47.946  2.036 0.6000000238
23817  -11.540  -48.048  1.569 0.5000000000
23835  -3.503  -48.231  -0.500 0.6999999881
23856  1.602  -48.101  -3.567 0.6999999881
24016  -2.858  -48.870  -12.046 0.6000000238
24818  -6.002  -47.164  2.021 0.6000000238
24835  -10.462  -47.251  1.066 0.6000000238
24853  -11.148  -47.729  0.080 0.6000000238
24915  -0.421  -46.708  -4.131 0.6000000238
24924  -11.262  -47.466  -5.295 0.6000000238
25014  -2.159  -48.340  -11.003 0.6000000238
25886  -3.966  -44.599  -4.327 0.6999999881
25890  -9.093  -46.265  -4.804 0.6000000238
26976  -5.440  -44.657  -4.999 0.6999999881
27072  0.753  -44.892  -12.542 0.6000000238
29203  -23.080  -43.608  -7.127 0.4000000060
29232  -1.285  -42.947  -8.715 0.4000000060
29248  -1.558  -43.135  -8.960 0.4000000060
29307  0.800  -44.071  -13.320 0.5000000000
29309  -0.340  -43.533  -13.657 0.5000000000
30239  -21.975  -42.730  -4.401 0.4000000060
30242  -23.116  -42.793  -5.356 0.4000000060
30243  -23.317  -42.902  -6.023 0.4000000060
30253  -23.181  -42.795  -6.751 0.4000000060
31274  -22.388  -41.063  -4.963 0.4000000060
31305  -1.032  -41.806  -8.857 0.4000000060
31334  0.603  -41.477  -10.826 0.5000000000
32356  -21.250  -40.314  -4.338 0.3000000119
32361  -22.393  -40.789  -5.460 0.4000000060
36554  -18.674  -36.403  -4.609 0.3000000119
123872  3.916  -70.434  -27.430 0.5000000000
124001  2.474  -73.289  -11.260 0.8000000119
124051  2.231  -65.094  -1.981 0.6000000238
124112  -8.292  -77.172  -22.572 0.5000000000
124564  -1.593  -63.302  -5.892 0.6000000238
124743  -2.606  -61.266  -35.934 0.6000000238
124752  -3.882  -84.686  -13.442 0.5000000000
124810  -1.957  -65.075  -30.281 0.6000000238
124839  1.344  -63.801  -0.459 0.5000000000
124843  -6.947  -45.083  -3.807 0.6999999881
125189  -11.829  -73.527  -25.331 0.4000000060
125393  -2.085  -74.710  -15.610 0.6999999881
125672  0.847  -63.581  1.064 0.4000000060
125696  -14.810  -80.670  -22.283 0.4000000060
126071  -3.741  -49.815  2.167 0.6000000238
126156  2.510  -73.927  -10.459 0.8999999762
126784  3.295  -70.939  -1.895 0.5000000000
127034  -2.777  -84.534  -13.467 0.6000000238
127167  3.136  -67.771  -6.367 0.6999999881
127336  -3.071  -64.682  -32.071 0.5000000000
127400  -0.786  -62.627  -35.316 0.6999999881
127745  2.506  -58.585  6.073 0.3000000119
127791  2.527  -62.314  -3.966 0.8000000119
127813  1.284  -78.985  -4.071 0.6000000238
127825  -10.748  -82.820  -9.857 0.5000000000
127964  -7.324  -57.788  -33.885 0.6000000238
128119  -2.633  -61.097  -34.263 0.6999999881
128282  -10.642  -70.972  -28.404 0.5000000000
128325  -0.717  -56.983  3.282 0.4000000060
128352  2.224  -75.996  -5.871 0.6999999881
128777  -3.096  -60.286  -35.284 0.6000000238
129095  3.398  -66.375  -6.735 0.8000000119
129218  -21.172  -41.178  -4.134 0.4000000060
129431  -4.866  -59.392  -35.188 0.6000000238
129515  -0.232  -59.560  -1.510 0.6999999881
129742  1.669  -50.205  -1.761 0.6999999881
130312  1.132  -79.418  -7.786 0.6999999881
130546  -9.854  -82.367  -20.072 0.8999999762
130673  -9.162  -79.643  -9.696 0.3000000119
130704  -2.361  -84.325  -12.949 0.6000000238
130795  -9.696  -71.607  -24.654 0.6000000238
131078  2.982  -65.947  -29.197 0.6000000238
131228  -5.741  -84.148  -12.524 0.6000000238
131934  -10.675  -83.087  -13.833 0.6000000238
132506  0.357  -49.871  -1.797 0.8000000119
132843  -6.157  -71.304  -33.590 0.4000000060
132946  3.468  -64.749  -4.984 0.6999999881
132968  3.020  -72.112  -2.892 0.6000000238
133365  -8.554  -74.139  -33.092 0.4000000060
133774  -10.979  -49.131  1.788 0.6000000238
133833  0.777  -81.669  -7.261 0.5000000000
133959  -8.803  -78.082  -11.578 0.3000000119
134088  -12.509  -78.169  -24.284 0.6000000238
134111  3.791  -75.088  1.176 0.4000000060
134466  -3.167  -66.604  -12.067 0.6000000238
134633  -3.034  -64.347  -32.830 0.6000000238
134805  -1.706  -79.655  -10.320 0.6999999881
134886  -4.287  -58.867  -24.327 0.8000000119
134923  1.635  -63.474  5.387 0.3000000119
135258  -11.437  -71.511  -30.084 0.5000000000
135671  1.454  -78.254  -5.044 0.6000000238
135762  -11.577  -51.640  0.942 0.4000000060
135834  -12.129  -72.763  -33.009 0.5000000000
135957  -3.249  -80.598  -9.428 0.6999999881
136098  1.410  -57.455  0.427 0.6999999881
136539  -12.389  -78.471  -25.451 0.5000000000
136547  -7.409  -68.103  -37.413 0.6000000238
136558  -2.753  -57.123  -24.878 0.8000000119
136617  -5.846  -84.461  -12.766 0.6000000238
136696  0.724  -80.521  -8.577 0.6999999881
137070  -14.413  -77.511  -27.463 0.3000000119
137141  2.498  -74.964  -7.908 0.6999999881
137281  0.238  -80.891  -9.157 0.6999999881
137404  -2.358  -55.809  6.083 0.3000000119
137549  1.934  -65.225  -32.853 0.6999999881
137818  2.925  -70.082  -6.156 0.6999999881
138244  -8.542  -82.555  -21.550 0.8000000119
138409  -3.236  -45.213  -4.696 0.6999999881
138410  -9.535  -71.898  -27.825 0.6999999881
138484  -8.744  -78.847  -9.873 0.3000000119
138494  2.349  -75.625  -7.137 0.6999999881
138592  -5.842  -57.475  -21.997 0.6999999881
138621  -6.103  -56.974  -29.573 0.6000000238
138642  2.931  -71.492  -3.341 0.6000000238
138704  0.347  -73.320  -12.987 0.8999999762
138764  -6.380  -82.188  -16.110 0.5000000000
138804  -9.046  -73.448  -24.894 0.6000000238
138854  2.353  -61.527  -1.993 0.8000000119
139223  -5.516  -54.615  -17.618 0.6999999881
139282  3.311  -61.372  -1.157 0.6999999881
139553  -0.974  -79.645  -3.852 0.3000000119
139703  -1.604  -79.422  -12.646 0.8000000119
139740  -15.947  -68.486  -24.847 0.3000000119
139951  4.273  -61.761  5.436 0.3000000119
140106  -12.609  -72.983  -32.847 0.5000000000
140451  -1.498  -71.286  -13.858 1.0000000000
141056  3.244  -67.744  -12.799 0.6000000238
141084  -9.624  -81.105  -11.133 0.6000000238
141258  -1.152  -68.688  -10.578 0.8999999762
141417  -9.664  -83.598  -11.777 0.6999999881
141460  -5.240  -81.285  -1.553 0.3000000119
141589  0.554  -71.051  -7.791 0.8999999762
141629  -0.361  -74.558  -30.255 0.5000000000
141786  2.863  -70.768  -29.826 0.8000000119
141912  -11.463  -76.502  -17.006 0.4000000060
141953  2.444  -73.913  -10.992 0.8999999762
142012  -12.290  -74.999  -22.576 0.5000000000
142026  -3.659  -51.776  3.548 0.5000000000
142403  0.182  -80.593  -2.190 0.5000000000
142532  -6.795  -82.539  -5.785 0.3000000119
142596  -13.901  -80.095  -26.221 0.4000000060
142637  3.427  -65.383  -6.456 0.8000000119
142652  2.216  -75.824  -7.331 0.6999999881
142771  -6.424  -53.468  -18.200 0.5000000000
142886  2.815  -71.174  -5.433 0.6999999881
142932  -9.526  -83.424  -10.706 0.6999999881
143058  4.152  -70.193  0.622 0.4000000060
143229  -7.405  -82.425  -6.160 0.3000000119
143468  -11.259  -72.266  -34.498 0.5000000000
143789  2.892  -64.041  -3.068 0.6999999881
143886  -5.875  -62.040  -34.605 0.5000000000
143919  3.687  -51.453  -3.088 0.6000000238
144002  -7.396  -82.076  -21.520 0.6000000238
144121  -9.583  -75.735  -24.555 0.5000000000
144170  -9.621  -77.537  -13.375 0.3000000119
144339  -2.883  -73.080  -15.310 0.6999999881
144662  3.451  -68.916  -29.485 0.6999999881
144967  -1.594  -70.895  -27.030 0.6000000238
145048  -2.527  -63.634  -34.700 0.6000000238
145165  -3.203  -78.742  -11.412 0.6999999881
145335  -8.580  -78.813  -15.659 0.5000000000
145811  -9.385  -72.253  -24.576 0.5000000000
145822  -10.619  -82.298  -14.781 0.6999999881
145904  -0.697  -70.950  -32.090 0.6999999881
146094  0.572  -80.326  -8.862 0.6999999881
146143  -2.890  -66.112  -9.553 0.6999999881
146347  -3.911  -54.143  -16.729 0.8000000119
146552  -0.916  -61.500  -5.648 0.6000000238
146882  1.787  -73.146  -4.566 0.6999999881
146932  -3.624  -81.521  -7.942 0.5000000000
146994  -3.789  -67.349  -35.602 0.5000000000
147087  0.352  -45.345  -12.460 0.6000000238
147354  -3.889  -51.897  4.198 0.5000000000
147380  -9.228  -72.847  -24.564 0.5000000000
147704  -2.065  -80.081  -6.946 0.5000000000
147759  3.114  -66.812  -8.323 0.8000000119
147777  -10.121  -81.789  -11.260 0.6000000238
147870  2.605  -76.621  -0.005 0.6000000238
147945  -10.307  -71.374  -28.752 0.5000000000
148133  -10.738  -73.621  -32.541 0.5000000000
148163  2.042  -70.330  -14.165 0.8000000119
148258  -0.291  -73.138  -31.310 0.6999999881
148437  -14.738  -72.788  -32.980 0.4000000060
148447  -4.650  -81.673  -7.398 0.5000000000
148730  -1.362  -84.080  -13.135 0.5000000000
148762  -2.520  -64.942  -11.661 0.5000000000
148805  0.913  -62.144  -30.845 0.6999999881
148942  -3.532  -49.357  0.307 0.6000000238
148962  -5.418  -52.451  -15.752 0.6000000238
148975  3.670  -53.541  -2.779 0.6000000238
149176  -6.987  -81.277  -21.020 0.6000000238
149361  -11.318  -75.084  -22.024 0.6000000238
149390  -2.213  -54.331  1.160 0.5000000000
149407  3.034  -67.399  -0.213 0.4000000060
149440  -2.734  -61.724  -36.058 0.6000000238
