#!ascii label  , from subject sub-v1s11x0050149_ses-1 vox2ras=TkReg
4386
49566  8.338  -19.520  62.540 0.6250000000
49571  8.573  -19.999  62.115 0.6250000000
49578  8.313  -20.540  61.474 0.6250000000
48530  8.854  -21.297  61.321 0.5000000000
48531  8.271  -21.369  60.867 0.6250000000
51791  9.299  -18.205  63.749 0.5000000000
144410  9.358  -19.028  63.197 0.5000000000
50681  8.801  -19.178  63.057 0.6250000000
51798  10.479  -18.257  62.729 0.5000000000
50679  10.211  -18.765  62.811 0.5000000000
50680  9.824  -19.016  63.033 0.5000000000
50678  10.474  -18.466  62.542 0.5000000000
50699  10.295  -19.292  62.125 0.5000000000
50688  10.234  -18.979  62.516 0.5000000000
49564  9.966  -19.286  62.677 0.5000000000
49565  9.472  -19.358  62.854 0.5000000000
141091  9.015  -19.715  62.547 0.5000000000
49569  10.027  -19.753  62.240 0.5000000000
49570  9.602  -19.775  62.401 0.5000000000
48523  9.130  -20.359  61.925 0.5000000000
48536  8.103  -21.334  60.051 0.6250000000
48556  7.692  -21.472  58.719 0.7500000000
55328  11.111  -14.809  65.399 0.7500000000
54161  10.296  -15.719  65.179 0.7500000000
54165  9.849  -16.027  65.229 0.7500000000
54166  9.305  -16.224  65.198 0.7500000000
52963  8.909  -17.117  64.948 0.6250000000
55327  11.719  -14.609  65.162 0.7500000000
129659  11.309  -15.273  64.874 0.7500000000
54164  10.481  -16.252  64.624 0.7500000000
137672  10.121  -16.397  64.881 0.7500000000
52962  9.616  -16.930  64.779 0.7500000000
52967  9.114  -17.713  64.331 0.5000000000
52968  8.545  -17.768  64.384 0.6250000000
149224  11.651  -15.020  64.743 0.7500000000
52960  10.536  -16.882  63.831 0.6250000000
128505  10.156  -17.516  63.801 0.6250000000
52961  10.128  -16.982  64.343 0.7500000000
52966  9.670  -17.672  63.997 0.5000000000
51792  8.765  -18.186  63.840 0.6250000000
50682  8.065  -18.981  62.920 0.6250000000
54169  11.391  -16.005  63.571 0.6250000000
52971  11.145  -16.751  63.093 0.6250000000
51789  10.412  -17.768  63.230 0.6250000000
50672  9.977  -18.707  63.210 0.5000000000
133607  11.231  -16.891  62.661 0.5000000000
52972  10.895  -17.432  62.660 0.5000000000
141096  10.699  -17.998  62.487 0.5000000000
143121  10.674  -17.801  62.704 0.5000000000
50700  7.793  -19.145  61.479 0.6250000000
128644  8.040  -19.759  61.754 0.6250000000
147624  11.355  -16.875  62.274 0.5000000000
52983  10.997  -17.524  62.367 0.5000000000
134213  7.846  -19.837  60.939 0.6250000000
140436  7.931  -20.611  60.642 0.6250000000
49595  7.803  -20.374  59.256 0.6250000000
138884  7.821  -20.794  59.707 0.6250000000
50735  7.986  -19.937  58.796 0.6250000000
49607  7.857  -20.690  58.601 0.6250000000
143441  7.690  -20.955  59.087 0.7500000000
49620  8.059  -20.623  58.147 0.6250000000
130629  7.687  -22.125  58.323 0.7500000000
48545  7.804  -21.453  59.312 0.7500000000
128726  8.158  -22.054  59.588 0.7500000000
48581  8.034  -21.719  57.602 0.6250000000
47488  7.739  -22.117  58.929 0.7500000000
127226  10.515  -14.895  65.591 0.7500000000
55330  9.594  -14.875  65.840 0.7500000000
55333  9.590  -15.572  65.486 0.7500000000
145939  11.428  -14.236  65.625 0.7500000000
57508  11.006  -13.607  66.461 0.7500000000
56470  10.024  -14.093  66.146 0.7500000000
56472  8.657  -13.937  65.873 0.8750000000
55336  7.878  -15.393  64.328 0.7500000000
52964  8.297  -17.104  64.690 0.6250000000
52969  7.895  -17.459  64.125 0.6250000000
56474  12.316  -14.148  65.163 0.7500000000
56467  11.992  -13.915  65.586 0.7500000000
124581  11.519  -13.687  66.061 0.7500000000
55339  6.792  -15.212  62.718 0.6250000000
52974  6.948  -17.084  62.838 0.6250000000
51801  7.790  -18.437  63.152 0.6250000000
140467  12.564  -14.488  64.345 0.7500000000
135570  5.956  -15.730  61.823 0.6250000000
52985  6.662  -17.115  62.068 0.6250000000
141583  7.645  -18.656  62.638 0.6250000000
54168  11.964  -15.252  63.838 0.7500000000
55367  7.042  -15.634  60.738 0.6250000000
54202  6.861  -16.425  61.127 0.6250000000
52996  6.847  -16.974  61.567 0.6250000000
52995  7.242  -17.751  61.739 0.6250000000
54185  11.714  -16.261  62.556 0.5000000000
54201  7.414  -16.504  60.236 0.6250000000
142161  7.698  -17.199  59.783 0.6250000000
51839  8.002  -18.927  59.626 0.6250000000
50712  7.889  -19.242  60.460 0.6250000000
132384  8.042  -19.341  58.979 0.6250000000
128308  8.327  -20.121  57.465 0.6250000000
133960  8.054  -19.293  58.369 0.6250000000
49636  8.429  -20.694  57.034 0.6250000000
48580  8.272  -21.578  57.082 0.6250000000
48601  8.663  -21.341  56.426 0.5000000000
47510  8.455  -22.291  56.381 0.6250000000
47539  9.226  -22.615  55.098 0.5000000000
46485  9.979  -23.763  54.553 0.5000000000
138540  9.955  -25.152  54.484 0.5000000000
59771  14.821  -11.503  65.628 0.7500000000
141636  14.490  -10.788  66.044 0.7500000000
59765  13.470  -11.485  66.666 0.7500000000
133092  15.196  -11.015  65.635 0.7500000000
59772  14.058  -11.413  66.162 0.7500000000
142643  12.603  -12.232  67.035 0.7500000000
59767  11.136  -11.863  67.326 0.8750000000
59768  10.391  -11.571  67.186 0.8750000000
58629  8.782  -12.007  66.444 0.7500000000
59774  7.963  -11.454  66.201 0.7500000000
60779  15.620  -10.760  65.354 0.7500000000
59779  15.731  -11.325  65.258 0.7500000000
57506  13.855  -12.448  65.587 0.8750000000
126726  13.406  -12.234  66.103 0.8750000000
144509  12.652  -12.623  66.551 0.7500000000
57503  11.733  -13.140  66.742 0.8750000000
57509  10.484  -13.459  66.490 0.8750000000
56471  9.315  -14.039  66.088 0.7500000000
58630  7.949  -12.459  66.124 0.8750000000
57519  14.677  -13.271  64.347 0.8750000000
56476  13.890  -13.312  64.812 0.7500000000
56466  12.689  -13.510  65.458 0.7500000000
57507  13.053  -12.806  65.802 0.7500000000
143845  6.845  -12.647  62.204 0.8750000000
57521  7.119  -12.976  63.832 0.8750000000
133224  13.879  -13.725  64.269 0.6250000000
56473  12.894  -13.868  64.884 0.7500000000
57538  6.799  -14.032  61.404 0.7500000000
56485  5.951  -14.129  61.987 0.8750000000
56483  13.613  -14.226  62.943 0.6250000000
56480  13.393  -14.208  63.748 0.6250000000
55338  12.663  -14.668  63.775 0.6250000000
56494  7.138  -14.900  60.573 0.7500000000
55357  6.544  -15.118  61.173 0.7500000000
135091  13.866  -14.155  62.058 0.6250000000
54184  12.361  -15.586  62.248 0.5000000000
55386  7.397  -15.727  58.177 0.7500000000
54209  7.394  -15.881  59.679 0.7500000000
143498  13.444  -14.636  61.444 0.6250000000
55354  13.138  -14.785  62.183 0.6250000000
53075  7.819  -17.559  57.049 0.6250000000
53054  7.806  -17.615  57.938 0.6250000000
141841  7.852  -17.449  58.913 0.6250000000
55365  13.467  -14.807  60.660 0.6250000000
55355  12.792  -15.349  61.276 0.6250000000
54192  11.884  -16.565  61.221 0.5000000000
51905  8.096  -17.873  56.593 0.6250000000
51886  8.079  -18.414  57.346 0.6250000000
54200  12.031  -16.657  60.520 0.3750000000
53006  11.773  -17.278  60.364 0.3750000000
134719  8.707  -19.120  56.279 0.5000000000
50762  8.512  -19.853  56.918 0.6250000000
49654  9.414  -20.242  55.538 0.5000000000
49655  8.871  -20.278  56.332 0.5000000000
48623  11.242  -21.350  54.117 0.5000000000
47537  10.860  -22.104  54.386 0.5000000000
48611  9.385  -21.776  55.318 0.5000000000
139193  11.612  -22.040  53.656 0.5000000000
46505  10.808  -23.622  54.276 0.5000000000
46504  11.692  -23.523  53.662 0.5000000000
129294  12.888  -23.535  51.548 0.5000000000
126905  15.269  -10.006  65.293 0.7500000000
149516  7.852  -11.121  65.019 0.7500000000
60778  16.381  -10.972  65.177 0.7500000000
124655  15.932  -11.651  64.969 0.6250000000
58633  15.326  -11.812  65.174 0.8750000000
58643  7.236  -12.168  62.766 1.0000000000
58639  7.597  -11.525  64.553 0.7500000000
59778  16.571  -11.367  64.950 0.6250000000
57513  15.008  -12.266  65.027 0.7500000000
59799  7.721  -11.521  62.224 0.8750000000
58647  7.117  -12.305  62.215 0.8750000000
57524  15.538  -13.047  64.049 0.7500000000
58656  7.822  -12.694  60.534 0.8750000000
58657  7.131  -13.402  61.292 0.7500000000
141860  14.911  -13.424  63.498 0.8750000000
57559  7.479  -14.891  58.540 0.7500000000
57543  7.276  -14.423  60.323 0.7500000000
56482  14.361  -13.740  62.783 0.6250000000
57558  7.729  -14.602  57.862 0.7500000000
57548  7.412  -14.723  59.399 0.7500000000
56486  14.693  -13.612  61.776 0.6250000000
56507  7.510  -15.567  56.763 0.8750000000
55393  7.426  -15.905  57.211 0.7500000000
56487  14.030  -14.162  61.119 0.6250000000
53110  7.647  -16.808  55.233 0.5000000000
53093  7.707  -17.111  56.052 0.6250000000
56490  14.185  -14.333  60.246 0.6250000000
51923  8.425  -17.814  55.168 0.5000000000
149101  8.646  -18.399  55.759 0.6250000000
49675  10.781  -19.893  54.075 0.6250000000
50784  9.521  -19.398  55.163 0.5000000000
48609  10.671  -20.719  54.441 0.5000000000
48632  12.171  -21.909  52.626 0.6250000000
146566  11.784  -21.231  53.217 0.6250000000
48655  12.482  -21.827  51.554 0.5000000000
47595  12.727  -22.613  51.167 0.5000000000
47576  12.550  -22.638  52.046 0.5000000000
61768  17.182  -10.324  64.331 0.6250000000
61760  15.937  -10.416  64.937 0.7500000000
60785  17.823  -10.749  64.859 0.7500000000
59776  18.215  -11.467  65.004 0.6250000000
141201  16.986  -11.638  64.723 0.6250000000
58638  15.698  -12.008  64.866 0.7500000000
59798  8.978  -11.507  61.422 1.0000000000
60805  7.801  -11.120  62.834 1.0000000000
133865  17.996  -11.907  64.353 0.7500000000
58637  17.046  -11.929  64.428 0.7500000000
57517  16.179  -12.152  64.549 0.7500000000
59827  9.014  -12.352  60.014 1.0000000000
58641  18.682  -12.005  63.950 0.7500000000
58642  17.625  -12.140  63.940 0.7500000000
149857  16.007  -12.548  64.258 0.7500000000
57572  8.077  -14.643  57.021 1.0000000000
57546  8.174  -13.845  58.312 1.0000000000
129179  15.583  -13.072  63.118 0.7500000000
125046  8.989  -14.134  56.947 1.0000000000
55401  7.565  -15.643  56.030 0.8750000000
57527  15.539  -13.139  62.132 0.6250000000
149677  7.836  -15.379  54.796 1.0000000000
56511  7.774  -15.382  55.377 0.7500000000
53126  7.652  -16.574  54.004 1.0000000000
141113  7.629  -16.552  54.625 0.8750000000
56489  14.731  -13.718  60.693 0.6250000000
51962  8.520  -17.394  53.492 0.6250000000
50800  9.872  -18.513  53.819 0.6250000000
56492  14.799  -13.920  59.827 0.6250000000
146273  14.283  -14.371  59.544 0.6250000000
51960  10.210  -18.473  52.695 0.6250000000
50799  10.739  -19.190  53.298 0.6250000000
57541  15.377  -13.595  59.300 0.6250000000
50811  10.963  -19.018  52.079 0.6250000000
49687  11.702  -20.467  52.783 0.6250000000
130888  11.844  -20.355  51.786 0.6250000000
48676  12.463  -21.922  50.891 0.5000000000
47614  11.193  -22.424  49.853 0.5000000000
46530  12.376  -23.025  50.505 0.5000000000
46536  11.771  -23.121  50.072 0.5000000000
145117  11.084  -24.699  49.698 0.5000000000
61778  19.214  -10.223  63.889 0.6250000000
148602  18.259  -10.207  63.701 0.6250000000
61766  19.545  -10.491  64.452 0.6250000000
60784  18.823  -10.812  64.933 0.6250000000
60776  18.117  -11.064  65.195 0.6250000000
59811  9.472  -11.844  60.681 0.8750000000
61789  20.862  -9.584  63.604 0.6250000000
59775  18.937  -11.263  65.068 0.5000000000
58636  18.752  -11.741  64.674 0.6250000000
59826  10.649  -11.959  59.830 0.8750000000
126974  8.913  -12.925  59.275 1.0000000000
61776  21.044  -9.853  64.137 0.5000000000
60783  19.833  -10.978  64.836 0.5000000000
125237  20.318  -11.474  64.442 0.5000000000
125112  18.077  -12.255  63.306 0.7500000000
57522  17.134  -12.476  63.157 0.7500000000
126052  9.922  -13.201  58.039 1.0000000000
58683  8.723  -13.374  58.672 1.0000000000
58635  19.599  -11.822  64.292 0.5000000000
58645  18.858  -12.101  62.932 0.7500000000
57526  16.276  -12.753  62.599 0.7500000000
57556  9.976  -13.471  57.237 1.0000000000
58646  17.921  -12.391  62.406 0.7500000000
57530  17.018  -12.567  61.978 0.6250000000
56517  7.867  -15.301  54.351 1.0000000000
58651  17.722  -12.404  61.346 0.6250000000
57534  16.860  -12.564  60.939 0.6250000000
57531  16.181  -12.784  61.540 0.6250000000
56525  8.037  -15.302  53.689 1.0000000000
57535  16.084  -12.864  60.552 0.6250000000
57536  15.433  -13.419  60.183 0.6250000000
131659  7.778  -16.683  52.310 0.8750000000
53141  8.065  -16.970  52.822 1.0000000000
53154  9.024  -17.649  51.460 0.7500000000
53140  8.760  -17.459  52.471 0.7500000000
56496  15.388  -13.867  58.441 0.6250000000
51981  10.352  -18.508  51.637 0.5000000000
50819  10.991  -19.014  51.078 0.5000000000
146687  11.836  -20.249  51.040 0.5000000000
48695  11.475  -21.558  50.090 0.5000000000
46537  10.692  -23.383  49.696 0.5000000000
136119  10.286  -25.102  49.614 0.3750000000
62784  22.105  -9.194  63.692 0.5000000000
62785  21.567  -9.379  63.671 0.6250000000
62794  20.727  -9.381  62.759 0.6250000000
60831  11.967  -10.769  60.732 0.8750000000
58680  11.243  -12.555  58.354 1.0000000000
141115  22.360  -9.801  63.821 0.5000000000
61775  21.725  -9.818  64.054 0.5000000000
61764  21.205  -10.418  64.260 0.5000000000
59787  20.224  -11.852  63.742 0.5000000000
141699  11.741  -12.755  56.751 0.8750000000
58713  10.915  -13.094  56.986 1.0000000000
60790  22.313  -10.390  63.616 0.5000000000
60791  21.757  -10.797  63.754 0.5000000000
59781  21.303  -11.022  64.199 0.5000000000
141355  19.663  -11.924  63.092 0.7500000000
58650  18.594  -12.184  61.795 0.7500000000
57569  11.140  -13.169  56.083 1.0000000000
57584  10.151  -13.653  55.751 1.0000000000
59793  21.326  -11.292  62.575 0.5000000000
59790  20.836  -11.624  63.171 0.3750000000
59791  20.172  -11.800  62.717 0.5000000000
59795  19.995  -11.698  61.739 0.5000000000
57594  10.318  -13.943  54.911 1.0000000000
58655  17.526  -12.431  60.351 0.6250000000
56524  8.856  -14.872  53.435 1.0000000000
55423  7.710  -15.787  53.233 1.0000000000
57539  16.744  -12.678  59.997 0.6250000000
57544  16.681  -12.796  59.025 0.6250000000
53155  8.144  -17.081  51.713 0.7500000000
133715  16.442  -13.257  58.142 0.6250000000
52001  9.188  -18.176  50.581 0.6250000000
52000  10.182  -18.639  50.783 0.5000000000
50826  9.655  -18.934  50.054 0.5000000000
50825  10.578  -19.346  50.328 0.5000000000
49724  10.972  -20.954  49.873 0.5000000000
49725  10.079  -20.755  49.665 0.5000000000
49726  8.874  -20.471  49.500 0.5000000000
48696  10.413  -21.737  49.675 0.5000000000
47615  10.277  -22.655  49.641 0.5000000000
47616  9.368  -22.455  49.525 0.3750000000
46538  9.873  -23.938  49.590 0.5000000000
132099  9.634  -23.289  49.567 0.3750000000
135950  8.157  -24.114  49.320 0.3750000000
134541  7.912  -23.304  49.194 0.3750000000
47626  7.655  -23.436  48.805 0.3750000000
59837  12.578  -11.513  58.592 0.8750000000
60841  12.733  -10.899  59.384 0.8750000000
63865  25.264  -8.045  62.612 0.3750000000
127961  24.632  -7.133  62.815 0.3750000000
63857  23.904  -7.500  63.220 0.3750000000
63858  23.317  -7.783  63.282 0.3750000000
62783  23.065  -8.644  63.470 0.3750000000
128875  22.581  -9.164  63.570 0.3750000000
62804  26.722  -8.605  62.016 0.2500000000
62791  25.986  -8.999  62.410 0.2500000000
63866  24.409  -8.129  63.129 0.2500000000
62782  23.750  -8.349  63.396 0.2500000000
60789  22.984  -10.071  63.536 0.5000000000
58698  12.290  -12.311  57.279 0.8750000000
58699  11.496  -12.670  57.546 0.8750000000
61786  26.849  -9.469  61.776 0.2500000000
143720  26.196  -9.798  62.116 0.2500000000
61787  25.389  -9.589  62.404 0.2500000000
61788  24.403  -9.506  62.980 0.2500000000
124793  12.126  -12.793  56.008 0.8750000000
60809  26.529  -10.267  61.337 0.2500000000
60796  25.024  -9.972  62.305 0.2500000000
60812  23.648  -10.328  62.482 0.3750000000
60813  22.810  -10.490  62.070 0.5000000000
149703  22.189  -10.685  62.079 0.5000000000
59806  21.088  -11.181  61.532 0.5000000000
59794  20.697  -11.574  62.193 0.5000000000
58653  19.200  -11.852  61.218 0.5000000000
58654  18.351  -12.149  60.737 0.5000000000
57583  11.007  -13.553  55.281 1.0000000000
142506  23.040  -10.499  61.095 0.5000000000
60828  21.585  -10.782  61.171 0.5000000000
59807  20.594  -11.214  60.833 0.5000000000
59808  19.890  -11.497  60.709 0.5000000000
58663  18.972  -11.751  60.167 0.3750000000
58664  18.095  -12.175  59.618 0.6250000000
141356  17.303  -12.493  59.554 0.6250000000
57609  10.527  -14.085  54.051 1.0000000000
59822  21.105  -10.807  60.468 0.5000000000
59823  20.368  -11.121  60.027 0.5000000000
59824  19.601  -11.389  59.630 0.3750000000
58665  17.462  -12.442  58.844 0.6250000000
145401  9.604  -14.694  53.079 1.0000000000
140093  17.024  -12.755  58.335 0.6250000000
54287  7.585  -16.295  52.023 0.8750000000
58679  17.568  -12.504  58.040 0.6250000000
57554  16.978  -12.878  57.650 0.6250000000
53156  7.841  -16.643  51.439 0.8750000000
53181  8.522  -17.463  50.788 0.7500000000
50832  9.890  -19.796  49.728 0.5000000000
50833  8.897  -19.386  49.617 0.6250000000
137063  8.114  -19.790  49.285 0.5000000000
47617  8.256  -22.275  49.343 0.3750000000
48699  7.812  -21.589  49.122 0.3750000000
48711  7.577  -21.739  48.710 0.5000000000
143206  7.484  -21.322  48.019 0.3750000000
47618  7.705  -22.479  49.049 0.3750000000
47638  7.646  -23.069  47.965 0.2500000000
61796  28.361  -9.830  61.176 0.2500000000
62802  28.233  -8.748  61.376 0.2500000000
63873  27.079  -7.815  61.782 0.3750000000
60851  13.199  -10.787  58.595 0.8750000000
60829  13.043  -10.197  59.884 0.8750000000
130146  27.664  -9.422  61.471 0.2500000000
62803  27.397  -8.672  61.641 0.2500000000
60807  28.059  -10.483  60.982 0.2500000000
61797  27.477  -10.033  61.325 0.2500000000
59848  13.323  -11.232  57.463 0.8750000000
59804  28.335  -10.906  60.164 0.2500000000
60808  27.295  -10.375  61.094 0.2500000000
147156  12.456  -12.420  56.583 0.8750000000
59861  13.035  -11.838  56.872 0.8750000000
59820  28.088  -11.147  59.592 0.3750000000
130644  27.098  -10.505  60.733 0.2500000000
60825  26.180  -10.415  60.814 0.3750000000
130022  25.344  -10.377  61.199 0.3750000000
126742  23.752  -10.446  61.478 0.3750000000
58725  11.755  -13.167  55.367 1.0000000000
58712  12.992  -12.267  55.946 0.8750000000
59830  28.595  -11.532  58.995 0.3750000000
59821  27.330  -10.933  59.436 0.6250000000
60824  26.818  -10.693  60.115 0.5000000000
144977  26.057  -10.598  60.001 0.5000000000
60836  24.644  -10.474  59.783 0.5000000000
60837  23.689  -10.498  60.287 0.5000000000
60838  22.698  -10.526  60.335 0.5000000000
60839  21.879  -10.581  60.434 0.5000000000
144877  11.524  -13.469  54.826 1.0000000000
58724  12.516  -12.757  55.279 1.0000000000
59843  27.606  -11.257  57.754 0.7500000000
60845  26.397  -10.710  58.261 0.3750000000
137129  25.471  -10.504  59.399 0.5000000000
132304  23.931  -10.524  59.133 0.6250000000
131745  23.079  -10.511  59.402 0.6250000000
127860  22.224  -10.526  59.530 0.6250000000
140257  20.631  -10.724  58.543 0.6250000000
59835  19.443  -11.295  58.688 0.3750000000
58695  18.805  -11.706  58.163 0.3750000000
58678  18.150  -12.104  58.570 0.5000000000
56523  10.337  -14.399  53.220 1.0000000000
58743  12.636  -13.076  53.902 1.0000000000
60864  26.081  -10.607  57.044 0.5000000000
140246  24.878  -10.486  57.966 0.6250000000
60858  23.083  -10.469  57.817 0.6250000000
59845  21.098  -10.595  57.824 0.6250000000
55430  8.727  -15.345  51.655 1.0000000000
56532  10.031  -14.653  52.508 1.0000000000
60867  21.862  -10.493  56.540 0.6250000000
60859  21.364  -10.542  57.147 0.6250000000
131097  20.685  -10.650  57.093 0.5000000000
141354  19.488  -11.254  57.719 0.3750000000
141179  18.768  -11.717  57.224 0.5000000000
58696  18.173  -12.169  57.640 0.5000000000
54299  7.946  -15.839  51.467 0.8750000000
55439  9.318  -15.332  51.076 0.8750000000
55447  9.732  -15.407  50.368 0.8750000000
59858  20.457  -10.789  56.256 0.5000000000
59859  19.615  -11.299  56.099 0.3750000000
58711  18.155  -12.289  56.608 0.5000000000
52002  8.303  -17.857  49.934 0.7500000000
54309  8.227  -15.963  50.187 0.7500000000
55456  9.052  -15.764  49.870 0.8750000000
55455  10.067  -15.602  49.593 0.8750000000
55466  9.415  -16.036  49.139 0.7500000000
58721  19.028  -11.780  55.546 0.2500000000
58722  18.541  -12.317  55.046 0.3750000000
52008  8.838  -18.585  49.875 0.6250000000
146855  7.788  -17.367  49.660 0.7500000000
53207  7.653  -17.018  49.404 0.7500000000
54321  8.456  -16.204  49.479 0.7500000000
54342  8.546  -16.620  48.125 0.6250000000
52009  7.726  -18.233  49.241 0.6250000000
140248  7.557  -17.736  48.908 0.6250000000
54367  7.695  -17.360  47.670 0.6250000000
54390  7.870  -17.395  46.938 0.6250000000
50834  8.165  -18.809  49.412 0.6250000000
50835  7.695  -19.180  49.036 0.6250000000
52014  7.491  -18.579  48.647 0.6250000000
53228  7.426  -17.979  48.041 0.6250000000
52034  7.429  -18.451  47.336 0.6250000000
53241  7.519  -17.867  46.974 0.6250000000
50842  7.481  -19.514  48.466 0.6250000000
52023  7.400  -18.898  47.903 0.5000000000
131677  7.431  -19.160  47.058 0.5000000000
141655  7.417  -18.549  46.558 0.5000000000
146327  7.645  -20.979  48.873 0.6250000000
49743  7.473  -20.517  48.310 0.6250000000
50852  7.394  -19.823  47.626 0.5000000000
50857  7.441  -20.063  46.540 0.5000000000
48723  7.567  -21.602  47.150 0.2500000000
49770  7.575  -21.006  46.433 0.2500000000
47647  7.789  -22.363  47.165 0.2500000000
62801  29.047  -8.901  60.904 0.2500000000
138945  13.543  -10.038  58.336 0.7500000000
149097  29.153  -9.826  60.773 0.2500000000
60806  28.815  -10.444  60.682 0.2500000000
60860  13.486  -10.690  57.913 0.8750000000
146705  13.612  -10.624  57.285 0.8750000000
60821  29.422  -10.865  60.245 0.1250000000
59803  29.051  -11.060  60.093 0.2500000000
59860  13.493  -11.554  56.204 0.8750000000
60879  13.972  -10.797  55.903 0.8750000000
59819  28.822  -11.280  59.667 0.2500000000
58723  13.224  -12.325  55.049 0.8750000000
59879  13.804  -11.777  54.653 0.8750000000
58676  29.190  -11.752  58.351 0.6250000000
59831  27.838  -11.287  58.764 0.6250000000
58742  13.441  -12.538  53.421 0.8750000000
58756  13.610  -12.621  52.550 0.7500000000
58771  13.763  -12.684  51.687 0.7500000000
58793  13.888  -12.724  50.828 0.7500000000
58693  28.976  -11.919  57.426 0.7500000000
59842  28.412  -11.525  58.051 0.7500000000
59844  26.769  -10.842  57.507 0.7500000000
57607  12.077  -13.618  53.202 0.8750000000
57625  12.341  -13.615  52.354 0.7500000000
57624  13.068  -13.198  52.051 0.7500000000
57644  13.233  -13.288  51.215 0.7500000000
57663  12.686  -13.830  50.740 0.7500000000
57662  13.364  -13.364  50.379 0.7500000000
59854  27.371  -11.190  56.630 0.6250000000
60855  25.425  -10.528  57.490 0.5000000000
60857  23.664  -10.433  57.113 0.5000000000
56531  11.238  -14.268  52.065 0.8750000000
57646  11.826  -14.010  51.835 0.7500000000
56538  12.018  -14.238  51.097 0.7500000000
56547  12.167  -14.391  50.273 0.7500000000
57674  12.848  -13.963  49.914 0.7500000000
56556  12.351  -14.563  49.433 0.7500000000
59856  26.068  -10.654  56.252 0.6250000000
139250  24.775  -10.433  56.329 0.5000000000
60866  22.799  -10.435  56.904 0.5000000000
129670  21.143  -10.586  55.963 0.6250000000
56539  11.265  -14.467  51.433 0.8750000000
56548  11.380  -14.689  50.624 0.8750000000
56557  11.587  -14.890  49.774 0.8750000000
56565  11.840  -15.151  48.951 0.8750000000
60877  21.834  -10.512  55.574 0.3750000000
142866  20.697  -10.757  55.689 0.5000000000
59867  19.589  -11.490  55.306 0.3750000000
55446  10.725  -15.173  50.119 0.8750000000
55454  11.013  -15.421  49.292 0.8750000000
55464  11.251  -15.635  48.457 0.8750000000
55475  11.375  -15.844  47.566 0.8750000000
59876  20.440  -11.169  54.582 0.6250000000
59877  19.866  -11.439  54.820 0.3750000000
55465  10.376  -15.853  48.795 0.7500000000
54341  9.647  -16.295  48.252 0.7500000000
142240  10.846  -16.171  47.524 0.7500000000
58740  19.817  -11.825  53.234 0.2500000000
131978  19.339  -12.043  53.885 0.3750000000
54366  8.291  -16.937  47.304 0.6250000000
144481  8.990  -16.874  46.543 0.6250000000
53253  8.250  -17.231  46.420 0.6250000000
53254  7.717  -17.647  46.208 0.5000000000
124778  7.402  -18.768  45.683 0.3750000000
149700  7.438  -19.236  46.277 0.3750000000
48748  7.814  -21.077  45.888 0.1250000000
48747  8.372  -21.250  45.795 0.1250000000
61804  29.664  -10.251  60.440 0.1250000000
59802  30.115  -11.142  59.921 0.1250000000
135998  29.525  -11.334  59.696 0.2500000000
61820  13.828  -9.189  56.289 0.7500000000
58675  29.939  -11.946  58.612 0.3750000000
58662  29.371  -11.625  59.161 0.2500000000
60878  14.128  -9.814  55.763 0.8750000000
59878  14.263  -11.147  54.218 0.8750000000
58707  29.540  -12.381  56.878 0.5000000000
58692  29.735  -12.159  57.772 0.6250000000
59890  14.396  -11.236  53.392 0.8750000000
58741  14.097  -11.961  52.998 0.8750000000
58755  14.269  -12.051  52.154 0.8750000000
58770  14.358  -12.052  51.284 0.7500000000
58709  28.091  -11.702  56.054 0.6250000000
60906  14.625  -10.611  52.060 0.7500000000
137128  26.749  -10.931  55.903 0.6250000000
56563  13.262  -14.193  48.195 0.7500000000
57673  13.512  -13.455  49.553 0.7500000000
58729  27.961  -11.962  54.235 0.6250000000
59872  27.380  -11.507  54.624 0.6250000000
129305  26.770  -11.014  54.989 0.6250000000
60885  25.350  -10.469  55.009 0.6250000000
60874  24.506  -10.395  55.571 0.5000000000
60875  23.617  -10.393  55.737 0.5000000000
146931  22.439  -10.476  55.159 0.5000000000
55474  12.142  -15.364  47.164 0.7500000000
55463  12.027  -15.329  48.083 0.8750000000
146005  25.920  -10.949  53.850 0.6250000000
129826  23.872  -10.382  55.064 0.5000000000
128661  23.148  -10.420  55.104 0.5000000000
60889  21.837  -10.597  54.746 0.3750000000
59865  21.015  -10.707  55.155 0.5000000000
55488  11.590  -15.886  46.648 0.7500000000
59887  21.318  -10.997  53.384 0.5000000000
59875  21.173  -10.876  54.244 0.6250000000
59889  19.871  -11.616  54.156 0.6250000000
54388  10.978  -16.382  46.124 0.7500000000
54363  10.903  -16.274  46.995 0.7500000000
59888  20.541  -11.323  53.743 0.2500000000
54411  10.207  -16.626  45.551 0.6250000000
54413  8.693  -17.095  45.876 0.6250000000
58753  20.072  -11.895  52.283 0.2500000000
128902  9.495  -16.775  45.072 0.5000000000
53268  8.077  -17.414  45.593 0.3750000000
128243  8.673  -17.077  45.092 0.3750000000
127938  7.371  -18.080  45.952 0.5000000000
52045  7.287  -18.378  44.225 0.1250000000
52041  7.360  -18.293  45.022 0.1250000000
50883  7.426  -19.002  44.819 0.1250000000
50867  7.528  -19.592  45.633 0.2500000000
50899  7.681  -19.093  43.925 0.1250000000
49808  7.782  -19.851  45.012 0.1250000000
49791  8.119  -20.629  45.435 0.1250000000
58661  30.852  -11.678  59.091 0.2500000000
59801  30.655  -11.064  59.779 0.1250000000
143366  31.024  -12.337  58.318 0.5000000000
59817  30.629  -11.352  59.498 0.1250000000
57565  30.998  -12.941  56.784 0.5000000000
58691  30.455  -12.303  58.088 0.5000000000
145913  14.211  -10.308  55.236 0.7500000000
60890  14.321  -10.346  54.542 0.8750000000
61852  13.862  -8.954  53.565 0.7500000000
57578  30.690  -13.170  55.811 0.5000000000
57566  30.144  -12.770  56.358 0.5000000000
60900  14.424  -10.419  53.732 0.8750000000
61866  14.402  -9.852  52.348 0.8750000000
141118  14.477  -10.012  51.479 0.8750000000
141724  31.343  -13.487  55.199 0.6250000000
141596  30.441  -13.222  54.909 0.6250000000
58718  29.402  -12.486  55.967 0.7500000000
58708  28.802  -12.077  56.485 0.6250000000
58792  14.480  -12.053  50.399 0.7500000000
57601  31.347  -13.472  53.486 0.6250000000
144203  30.634  -13.386  53.488 0.7500000000
57589  29.804  -12.910  54.743 0.7500000000
58728  28.618  -12.294  54.673 0.7500000000
58719  28.687  -12.194  55.564 0.6250000000
57672  14.151  -12.904  49.198 0.7500000000
136839  33.851  -13.132  52.284 0.7500000000
57618  32.301  -13.338  52.462 0.7500000000
57619  30.856  -13.434  52.708 0.7500000000
57603  30.067  -13.296  53.043 0.8750000000
57590  29.276  -12.676  54.248 0.7500000000
58737  28.556  -12.402  53.776 0.6250000000
142266  27.354  -11.714  53.877 0.6250000000
56583  12.843  -14.876  46.738 0.8750000000
57691  13.973  -13.531  47.869 0.8750000000
57635  34.034  -12.818  51.642 0.7500000000
136838  32.106  -13.143  51.765 0.7500000000
137124  31.505  -13.327  52.122 0.7500000000
57620  30.125  -13.353  52.261 0.7500000000
57621  29.589  -13.180  52.563 0.7500000000
57622  28.403  -12.542  52.873 0.7500000000
58738  27.795  -12.106  53.388 0.6250000000
58739  26.948  -11.733  53.124 0.6250000000
59882  26.137  -11.297  53.268 0.6250000000
59883  25.306  -10.912  53.298 0.5000000000
143159  24.416  -10.792  52.932 0.5000000000
60898  23.684  -10.622  53.332 0.5000000000
60888  22.639  -10.532  54.475 0.5000000000
55519  11.742  -15.844  44.797 0.6250000000
55501  11.702  -15.891  45.734 0.7500000000
57652  33.291  -12.589  51.052 0.7500000000
57653  32.338  -12.775  51.157 0.7500000000
57654  31.403  -13.058  51.265 0.7500000000
57637  30.728  -13.319  51.799 0.7500000000
131200  29.573  -13.252  52.000 0.6250000000
142966  28.258  -12.627  52.123 0.8750000000
58750  27.572  -12.252  52.438 0.6250000000
58751  26.258  -11.578  52.551 0.6250000000
144093  25.674  -11.282  52.738 0.5000000000
59894  25.006  -11.141  52.469 0.3750000000
59885  23.014  -10.731  52.809 0.6250000000
59886  22.159  -10.777  53.071 0.3750000000
59899  20.657  -11.419  52.852 0.5000000000
54437  11.036  -16.213  44.405 0.5000000000
54410  10.999  -16.280  45.201 0.5000000000
57651  34.255  -12.541  50.858 0.6250000000
57657  28.855  -12.956  50.782 0.5000000000
57658  28.128  -12.661  50.815 0.6250000000
58763  27.035  -12.174  51.635 0.5000000000
58764  26.300  -11.802  51.771 0.5000000000
58752  25.610  -11.473  52.060 0.5000000000
59895  24.205  -11.044  52.203 0.5000000000
59897  22.384  -11.037  52.276 0.5000000000
59909  20.879  -11.572  52.001 0.2500000000
54438  10.087  -16.526  44.567 0.5000000000
59917  24.056  -11.462  50.947 0.2500000000
59906  23.319  -11.322  51.238 0.3750000000
59907  22.572  -11.272  51.517 0.3750000000
59908  21.733  -11.372  51.749 0.3750000000
55569  8.389  -16.010  42.019 0.1250000000
126523  8.209  -16.420  42.808 0.3750000000
54439  8.968  -16.770  44.381 0.2500000000
59918  23.297  -11.497  50.477 0.2500000000
59920  21.954  -11.483  50.956 0.2500000000
54463  7.243  -16.254  41.930 0.1250000000
54457  8.126  -16.811  43.602 0.2500000000
144294  8.177  -17.124  44.283 0.3750000000
54473  7.084  -16.252  39.864 0.1250000000
54474  6.509  -16.139  40.476 0.1250000000
54468  6.409  -16.278  41.023 0.1250000000
54464  7.177  -16.911  42.649 0.1250000000
54440  7.496  -17.486  43.655 0.1250000000
53278  7.317  -17.915  44.373 0.2500000000
53311  6.969  -16.775  40.597 0.1250000000
146357  7.059  -17.336  41.437 0.1250000000
53286  6.816  -17.363  42.133 0.1250000000
52068  7.150  -17.764  42.890 0.1250000000
53282  7.177  -17.915  43.585 0.1250000000
52078  8.556  -17.934  41.622 0.1250000000
52067  7.696  -18.049  42.352 0.1250000000
52056  7.874  -18.602  43.228 0.1250000000
57576  33.805  -13.235  55.866 0.6250000000
57563  32.681  -13.048  56.702 0.6250000000
58690  31.554  -12.501  58.144 0.5000000000
124952  33.153  -13.542  55.206 0.6250000000
146271  32.991  -13.385  56.008 0.6250000000
57551  31.640  -12.767  57.463 0.5000000000
124949  32.716  -13.573  54.334 0.5000000000
129827  31.382  -13.317  56.109 0.5000000000
61867  13.928  -9.142  52.658 0.7500000000
57599  33.156  -13.518  53.698 0.6250000000
124948  31.800  -13.539  54.281 0.7500000000
136840  34.709  -13.071  52.206 0.7500000000
57617  33.250  -13.380  52.859 0.6250000000
57600  32.307  -13.493  53.410 0.6250000000
57602  30.913  -13.416  54.225 0.7500000000
58834  14.640  -12.146  48.227 0.7500000000
59926  14.690  -11.525  48.896 0.7500000000
57616  34.286  -13.286  52.865 0.6250000000
56604  13.825  -14.282  44.782 0.7500000000
57701  14.023  -13.916  46.272 0.7500000000
130914  14.281  -13.359  46.973 0.8750000000
57680  14.329  -12.902  48.431 0.7500000000
55584  12.122  -14.966  41.594 0.2500000000
55566  12.747  -14.773  42.342 0.1250000000
55544  12.607  -15.181  43.308 0.5000000000
127977  13.135  -14.940  44.920 0.7500000000
56582  13.426  -14.481  46.337 0.7500000000
58777  35.670  -12.588  49.948 0.6250000000
142111  35.089  -12.577  50.656 0.6250000000
130904  10.585  -14.714  40.106 0.1250000000
143572  11.297  -15.456  41.718 0.1250000000
55568  10.610  -15.822  42.250 0.1250000000
58798  36.581  -12.699  49.419 0.5000000000
55601  9.823  -15.137  40.506 0.1250000000
133899  9.538  -15.854  41.942 0.1250000000
54455  10.461  -16.286  43.697 0.3750000000
56659  8.225  -14.495  39.298 0.1250000000
54462  9.634  -16.176  42.782 0.3750000000
56684  8.803  -14.493  38.589 0.1250000000
55627  8.016  -14.669  38.863 0.1250000000
55603  7.360  -15.095  39.720 0.1250000000
54467  6.636  -15.937  41.167 0.2500000000
54497  8.946  -15.591  38.647 0.1250000000
54485  7.536  -15.653  39.315 0.1250000000
55647  11.394  -14.931  37.490 0.1250000000
55625  10.577  -15.205  37.842 0.1250000000
54496  10.240  -16.022  38.543 0.1250000000
54472  8.266  -16.453  39.502 0.1250000000
53324  9.274  -17.104  39.926 0.1250000000
57588  34.558  -13.321  54.753 0.6250000000
57561  34.435  -12.791  56.492 0.5000000000
57598  34.785  -13.318  53.525 0.5000000000
144974  33.687  -13.508  54.396 0.6250000000
61893  13.428  -9.011  50.365 0.8750000000
61880  14.106  -9.471  50.851 0.8750000000
57597  35.696  -13.107  53.613 0.5000000000
146450  33.908  -13.441  53.559 0.6250000000
61906  14.256  -9.920  48.876 0.8750000000
61892  14.111  -9.573  49.798 0.8750000000
134410  35.722  -12.969  52.177 0.7500000000
57615  35.258  -13.163  52.869 0.6250000000
57725  14.323  -13.380  44.439 0.6250000000
57716  14.595  -12.912  45.192 0.7500000000
141746  14.668  -12.012  47.545 0.8750000000
147663  14.700  -10.883  49.189 0.7500000000
56611  13.701  -13.989  43.152 0.5000000000
57717  14.251  -13.681  45.390 0.7500000000
142193  14.614  -12.400  46.775 0.8750000000
57650  35.911  -12.637  50.921 0.6250000000
57634  35.121  -12.793  51.460 0.7500000000
56672  10.415  -13.979  39.468 0.1250000000
56656  12.143  -13.861  40.724 0.1250000000
56624  13.361  -14.076  42.316 0.3750000000
143027  13.236  -14.542  42.974 0.5000000000
57649  36.685  -12.641  50.355 0.6250000000
57770  10.171  -13.314  38.774 0.1250000000
57761  11.278  -13.480  39.914 0.1250000000
56658  9.395  -14.502  39.672 0.1250000000
57769  10.401  -13.135  39.152 0.1250000000
58818  37.547  -12.708  48.219 0.5000000000
57780  10.197  -13.432  38.220 0.1250000000
56674  8.431  -14.371  38.949 0.1250000000
56694  10.563  -13.693  37.753 0.1250000000
56683  9.767  -14.162  37.993 0.1250000000
57797  12.501  -13.292  37.174 0.1250000000
56693  11.269  -14.124  37.448 0.1250000000
58989  13.162  -12.960  37.051 0.1250000000
57787  11.883  -13.732  37.310 0.1250000000
57596  37.386  -12.627  54.082 0.6250000000
57573  36.368  -12.718  55.263 0.3750000000
125641  37.249  -12.679  53.305 0.5000000000
142837  37.199  -12.647  52.671 0.6250000000
126273  36.355  -12.878  52.923 0.6250000000
57632  37.401  -12.527  51.512 0.6250000000
57732  14.054  -13.343  43.527 0.6250000000
58887  14.508  -12.163  45.012 0.7500000000
58776  38.180  -12.407  50.254 0.5000000000
132635  36.749  -12.630  51.228 0.7500000000
58939  13.086  -13.109  41.984 0.2500000000
58797  38.300  -12.398  49.197 0.6250000000
57648  37.507  -12.560  50.734 0.5000000000
57750  12.620  -13.472  41.395 0.1250000000
56639  12.773  -14.166  41.523 0.2500000000
127295  37.840  -12.704  48.800 0.6250000000
124316  37.238  -12.777  48.904 0.6250000000
145787  38.704  -12.234  47.889 0.6250000000
58981  12.542  -12.517  37.601 0.1250000000
58969  12.220  -11.866  38.319 0.1250000000
58960  10.727  -12.685  38.562 0.1250000000
58840  37.963  -12.029  46.536 0.5000000000
58970  11.487  -12.476  38.087 0.1250000000
57788  11.214  -13.485  37.571 0.1250000000
58982  11.689  -13.033  37.551 0.1250000000
58980  13.755  -12.365  37.239 0.1250000000
57586  37.449  -12.506  55.017 0.6250000000
141874  36.770  -12.724  54.494 0.6250000000
57613  38.297  -12.385  52.307 0.6250000000
58762  38.727  -12.193  51.734 0.6250000000
58775  38.606  -12.113  50.773 0.6250000000
57631  38.115  -12.395  51.343 0.6250000000
58911  13.829  -12.602  43.289 0.5000000000
58951  11.751  -12.781  40.594 0.1250000000
139724  38.705  -11.972  49.380 0.6250000000
125587  38.145  -12.331  47.388 0.6250000000
60951  39.231  -10.901  46.071 0.6250000000
58959  10.995  -12.210  39.216 0.1250000000
129840  11.021  -12.641  39.600 0.1250000000
60065  11.398  -11.990  38.765 0.1250000000
58727  38.113  -12.442  54.395 0.6250000000
131601  39.194  -11.985  54.063 0.6250000000
58735  38.587  -12.343  53.878 0.6250000000
58748  38.809  -12.219  52.636 0.6250000000
58761  39.044  -11.851  51.239 0.6250000000
58774  38.900  -11.870  50.302 0.6250000000
59925  39.128  -11.478  49.833 0.6250000000
130954  38.976  -11.597  48.846 0.6250000000
59929  39.044  -11.812  48.049 0.6250000000
59939  39.219  -11.171  46.945 0.6250000000
60950  39.556  -10.238  46.704 0.6250000000
60968  39.446  -10.595  45.105 0.3750000000
60982  39.491  -10.523  44.101 0.2500000000
128307  12.943  -11.275  38.680 0.1250000000
60064  12.069  -11.427  39.087 0.1250000000
127966  39.249  -11.947  53.117 0.6250000000
59904  39.568  -11.533  51.747 0.6250000000
59903  39.947  -11.057  51.348 0.7500000000
60926  39.529  -10.179  48.928 0.6250000000
60927  39.335  -10.999  48.326 0.6250000000
60939  39.421  -10.642  47.510 0.7500000000
61932  39.685  -9.469  46.248 0.7500000000
62976  39.414  -8.534  44.951 0.5000000000
61940  39.703  -9.562  45.345 0.5000000000
62983  38.070  -7.529  44.260 0.2500000000
61962  39.159  -9.171  43.234 0.2500000000
132029  37.903  -7.889  43.577 0.2500000000
64063  36.623  -7.821  43.331 0.2500000000
63010  37.010  -8.761  42.688 0.1250000000
61889  40.075  -10.043  50.430 0.7500000000
60917  39.624  -10.298  49.739 0.7500000000
61924  39.526  -9.266  47.728 0.7500000000
61925  39.665  -9.346  47.029 0.8750000000
60938  39.454  -10.026  48.085 0.7500000000
62975  39.574  -8.684  45.897 0.6250000000
64028  38.784  -7.530  45.196 0.3750000000
64055  37.136  -7.707  43.692 0.2500000000
64064  35.929  -7.985  42.968 0.1250000000
138980  35.315  -7.122  42.905 0.3750000000
64076  35.176  -7.806  42.541 0.1250000000
64077  34.484  -7.565  42.038 0.1250000000
143608  40.275  -9.166  50.595 0.6250000000
139678  39.641  -8.622  49.007 0.7500000000
146045  39.577  -8.225  47.099 0.8750000000
64012  39.347  -7.926  46.510 0.8750000000
65069  37.475  -6.874  45.039 0.5000000000
64054  37.223  -7.291  44.277 0.3750000000
65085  35.676  -6.205  43.742 0.3750000000
65100  35.802  -7.045  43.393 0.2500000000
63969  40.192  -7.776  50.590 0.6250000000
63987  39.453  -8.017  48.500 0.6250000000
63998  39.480  -8.151  47.665 0.8750000000
65037  38.772  -7.071  46.925 0.8750000000
64013  38.737  -7.218  46.031 0.8750000000
133880  37.534  -6.366  45.757 0.8750000000
65070  36.665  -6.525  44.755 0.3750000000
66182  36.045  -6.068  44.391 0.3750000000
65101  35.237  -6.299  43.063 0.3750000000
65114  34.718  -6.639  42.427 0.2500000000
65115  34.104  -6.572  41.700 0.1250000000
63975  39.671  -7.718  49.738 0.6250000000
65017  39.022  -6.700  48.570 0.8750000000
66142  37.603  -5.815  47.041 1.0000000000
65053  36.904  -6.175  45.486 0.6250000000
66155  37.201  -5.850  46.274 1.0000000000
66170  36.313  -5.841  45.056 0.5000000000
67298  36.028  -5.320  45.251 0.5000000000
66183  35.613  -5.619  44.023 0.5000000000
66193  35.238  -5.482  43.333 0.2500000000
66209  34.802  -5.639  42.590 0.2500000000
131656  34.366  -5.744  41.926 0.1250000000
65006  39.661  -6.724  50.126 0.6250000000
66126  38.723  -5.809  48.976 0.7500000000
129558  38.916  -6.930  47.740 0.8750000000
66136  37.736  -5.565  47.696 1.0000000000
67269  37.153  -5.453  46.952 1.0000000000
150190  36.459  -4.999  46.501 1.0000000000
67299  35.603  -5.024  44.726 0.5000000000
66171  35.808  -5.482  44.584 0.5000000000
67287  35.630  -4.755  45.400 0.5000000000
67318  35.011  -4.852  43.190 0.3750000000
66194  34.864  -5.016  42.736 0.2500000000
66117  39.071  -5.568  49.808 0.7500000000
129954  38.278  -5.269  48.921 0.6250000000
66135  38.219  -5.683  48.278 0.8750000000
67258  37.270  -5.152  47.596 1.0000000000
67270  36.809  -5.071  46.987 0.8750000000
68321  36.407  -4.652  46.907 1.0000000000
68337  35.997  -4.671  46.255 0.8750000000
68348  35.035  -4.469  44.468 0.5000000000
67311  34.784  -4.433  43.472 0.3750000000
67224  38.615  -4.554  50.162 0.5000000000
67235  38.662  -5.118  49.605 0.5000000000
67257  37.770  -5.101  48.419 0.7500000000
68304  37.266  -4.215  48.922 0.7500000000
67247  37.251  -4.664  48.242 1.0000000000
67259  36.805  -4.692  47.550 0.8750000000
149651  36.328  -4.304  47.425 0.8750000000
68322  35.736  -4.078  46.828 0.8750000000
68338  35.313  -4.180  45.948 0.7500000000
68339  34.561  -3.540  45.540 0.6250000000
128787  34.999  -4.203  45.219 0.6250000000
68349  34.436  -3.686  44.695 0.6250000000
68363  34.303  -3.817  43.824 0.5000000000
68291  38.096  -4.157  50.017 0.5000000000
68292  37.432  -3.757  49.799 0.6250000000
67246  38.124  -4.712  49.330 0.6250000000
134620  37.630  -4.618  48.859 0.6250000000
68293  36.748  -3.644  49.081 0.6250000000
68314  36.651  -4.137  48.191 0.8750000000
126438  35.871  -3.737  47.695 0.7500000000
69341  35.076  -3.231  47.215 0.8750000000
69351  34.843  -3.451  46.393 0.6250000000
69352  34.011  -2.595  45.949 0.7500000000
150811  36.774  -2.905  50.611 0.3750000000
70242  36.240  -2.417  50.661 0.3750000000
69309  36.636  -3.106  49.956 0.5000000000
69321  35.499  -2.693  48.813 0.6250000000
69333  35.241  -2.966  48.044 0.7500000000
69334  34.484  -2.210  47.496 0.8750000000
69342  34.452  -2.660  46.747 0.8750000000
70284  33.687  -1.469  45.845 0.7500000000
70243  35.378  -1.736  50.398 0.3750000000
70244  34.922  -1.584  49.624 0.5000000000
70268  34.792  -2.125  48.401 0.6250000000
70278  34.039  -1.824  46.640 0.8750000000
135013  34.179  -0.517  46.987 0.8750000000
72056  34.243  -0.187  46.383 0.8750000000
71179  33.882  -0.922  46.486 0.7500000000
71140  34.991  -1.033  50.946 0.3750000000
72024  34.653  0.501  49.687 0.5000000000
71152  34.829  -1.043  50.167 0.3750000000
71162  34.446  -0.582  48.450 0.5000000000
70257  34.632  -1.374  48.839 0.5000000000
129981  34.479  0.061  48.002 0.5000000000
70269  34.367  -1.344  48.028 0.6250000000
129498  34.115  -1.211  47.231 0.6250000000
73011  38.894  2.037  46.237 0.1250000000
74011  38.000  2.408  47.669 0.1250000000
72055  34.805  0.657  46.329 0.5000000000
74024  38.371  2.305  46.901 0.1250000000
72998  37.283  2.215  46.971 0.3750000000
73027  35.702  1.254  45.866 0.5000000000
73014  35.492  1.340  46.769 0.3750000000
73013  36.487  1.743  46.382 0.5000000000
71182  33.870  -0.625  45.703 0.8750000000
72063  34.373  0.087  45.553 0.5000000000
72008  34.729  0.769  50.640 0.3750000000
72037  34.536  0.265  48.765 0.5000000000
73001  34.724  0.839  48.047 0.5000000000
74023  39.476  2.391  47.140 0.2500000000
133226  38.829  2.469  47.564 0.2500000000
72046  34.875  0.926  47.198 0.5000000000
72047  34.489  0.203  47.211 0.5000000000
73010  39.893  2.070  46.388 0.1250000000
73023  40.217  1.843  45.707 0.2500000000
127483  36.242  2.522  50.431 0.2500000000
128331  35.873  2.529  51.278 0.3750000000
72959  35.053  1.630  50.902 0.3750000000
72958  35.448  2.041  50.247 0.2500000000
72973  35.265  1.731  49.368 0.3750000000
72974  34.866  1.345  49.966 0.3750000000
126525  37.829  2.716  49.496 0.2500000000
73983  36.982  2.657  49.988 0.2500000000
73984  35.968  2.333  49.619 0.3750000000
72987  34.742  1.107  49.053 0.3750000000
73998  36.732  2.411  48.918 0.2500000000
73999  35.743  2.079  48.882 0.2500000000
72986  35.205  1.539  48.518 0.5000000000
125891  38.698  2.566  48.258 0.2500000000
73997  37.834  2.506  48.549 0.2500000000
74012  36.993  2.309  47.885 0.3750000000
72985  35.980  1.996  48.153 0.5000000000
73000  35.313  1.438  47.650 0.5000000000
72999  36.227  1.859  47.273 0.5000000000
133755  39.760  1.637  44.970 0.3750000000
144963  40.052  1.543  44.540 0.5000000000
72083  39.562  1.256  43.335 0.3750000000
73982  38.627  3.147  49.939 0.2500000000
73996  38.684  2.753  49.093 0.2500000000
74010  39.466  2.629  48.000 0.2500000000
74022  40.458  2.563  47.132 0.2500000000
73057  40.091  1.425  44.011 0.5000000000
73009  40.669  2.242  46.369 0.2500000000
72097  39.853  1.039  42.462 0.3750000000
72112  39.100  0.817  41.721 0.6250000000
149944  39.110  0.686  40.948 0.6250000000
72144  38.762  0.471  39.677 0.6250000000
72082  40.298  1.297  43.381 0.5000000000
72129  39.899  0.761  41.326 0.8750000000
127914  39.505  0.579  40.260 0.6250000000
72159  38.918  0.340  38.870 0.6250000000
71242  38.664  0.095  38.142 0.6250000000
71257  38.503  -0.160  37.409 0.2500000000
131959  39.444  0.442  39.436 0.6250000000
145352  39.158  -0.136  37.627 0.5000000000
71299  42.390  -0.597  34.806 0.3750000000
71300  41.843  -0.980  34.345 0.1250000000
70363  41.504  -1.157  35.657 0.3750000000
70364  40.691  -1.262  35.443 0.3750000000
70350  40.017  -0.889  36.108 0.3750000000
71275  39.330  -0.461  36.854 0.2500000000
72111  40.489  0.886  41.997 0.6250000000
126118  40.540  0.623  40.522 0.8750000000
72143  40.280  0.462  39.589 0.8750000000
72158  39.888  0.282  38.811 0.6250000000
71240  40.474  -0.094  38.034 0.5000000000
71256  39.879  -0.264  37.486 0.3750000000
71241  39.478  0.063  38.170 0.6250000000
72195  43.524  0.869  34.972 0.3750000000
71298  42.917  -0.208  35.225 0.5000000000
70349  40.897  -0.931  36.226 0.3750000000
71274  40.299  -0.579  36.823 0.2500000000
73139  43.580  1.453  34.448 0.2500000000
71289  42.594  -0.720  35.558 0.5000000000
70377  42.014  -1.071  35.177 0.3750000000
74152  43.591  2.096  33.973 0.3750000000
72109  42.253  0.738  41.498 0.7500000000
72110  41.318  0.887  42.023 0.6250000000
72128  41.443  0.644  40.923 0.7500000000
127097  40.728  0.751  41.352 0.7500000000
72142  41.432  0.434  39.752 0.8750000000
72157  40.902  0.203  38.819 0.6250000000
139476  47.464  3.731  37.127 0.6250000000
75181  46.663  3.381  36.569 0.6250000000
71239  41.468  -0.185  38.060 0.7500000000
76319  47.767  4.446  36.848 0.6250000000
74139  45.848  2.991  35.988 0.7500000000
74130  45.603  2.215  36.509 0.8750000000
73129  44.998  1.746  36.108 0.7500000000
73119  44.687  1.036  36.492 0.6250000000
71287  43.801  -0.075  36.354 0.5000000000
71253  43.433  -0.459  37.328 0.5000000000
146175  42.000  -0.556  37.215 0.3750000000
71255  41.132  -0.357  37.507 0.5000000000
146548  40.581  -0.376  37.352 0.3750000000
77365  48.029  5.202  36.596 0.6250000000
75190  47.012  4.094  36.275 0.7500000000
146414  45.266  2.393  35.784 0.7500000000
72187  44.162  0.566  36.063 0.5000000000
71272  42.803  -0.751  36.244 0.5000000000
70337  42.343  -0.802  36.525 0.5000000000
75191  46.319  3.740  35.726 0.8750000000
74141  44.691  2.049  35.261 0.6250000000
72194  43.940  0.879  35.480 0.6250000000
70362  42.197  -0.975  35.925 0.5000000000
70348  41.705  -0.869  36.395 0.3750000000
71273  41.111  -0.588  36.905 0.3750000000
75192  45.745  3.476  35.268 0.8750000000
74140  45.210  2.894  35.104 0.6250000000
148979  44.619  2.568  34.650 0.6250000000
74151  44.153  2.033  34.540 0.5000000000
129957  44.178  2.691  34.091 0.6250000000
74164  42.817  2.105  33.526 0.3750000000
74163  43.467  2.934  33.518 0.3750000000
125775  43.018  0.664  41.214 0.7500000000
72126  43.577  0.539  40.651 0.8750000000
72127  42.509  0.496  40.443 0.7500000000
74105  47.126  2.107  38.818 0.7500000000
73097  47.546  1.911  39.756 0.6250000000
72141  42.533  0.259  39.355 0.8750000000
74118  46.717  2.360  37.861 0.7500000000
73106  46.306  1.702  38.230 0.8750000000
71226  42.694  -0.015  38.621 0.7500000000
76318  48.544  4.829  37.463 0.3750000000
74128  47.097  3.046  37.481 0.6250000000
73117  45.959  1.948  37.357 0.7500000000
72177  44.944  0.810  37.258 0.7500000000
71227  41.899  0.100  38.753 0.8750000000
74129  46.315  2.652  36.936 0.7500000000
73118  45.311  1.480  36.901 0.7500000000
72178  44.364  0.347  36.807 0.7500000000
71270  43.974  -0.206  37.081 0.7500000000
71238  42.383  -0.280  38.036 0.7500000000
71254  42.848  -0.695  36.902 0.5000000000
76333  47.336  4.802  35.998 0.6250000000
76334  46.621  4.469  35.459 0.7500000000
75203  45.989  4.085  34.956 0.6250000000
75204  45.393  3.631  34.609 0.6250000000
74150  44.783  3.177  34.334 0.6250000000
75212  44.967  3.856  33.894 0.5000000000
75213  44.288  3.410  33.682 0.3750000000
72154  46.078  1.116  39.330 0.7500000000
150720  43.995  0.224  39.272 0.8750000000
73098  46.639  1.538  39.115 0.8750000000
72155  45.365  0.705  38.793 0.8750000000
71236  44.062  0.033  38.585 0.8750000000
142719  43.378  0.317  39.769 0.8750000000
73107  45.583  1.276  37.722 0.8750000000
72167  45.188  0.674  38.018 0.8750000000
72156  44.681  0.277  38.309 0.8750000000
71225  43.337  0.105  38.924 0.8750000000
72168  44.538  0.248  37.550 0.7500000000
71237  43.294  -0.259  38.102 0.8750000000
77364  48.768  5.630  37.191 0.3750000000
71252  44.047  -0.174  37.816 0.8750000000
77377  48.319  5.965  36.316 0.3750000000
77378  47.605  5.555  35.764 0.6250000000
76349  46.924  5.206  35.245 0.6250000000
76350  46.259  4.911  34.577 0.6250000000
76351  45.585  4.348  34.187 0.6250000000
76361  45.724  5.117  33.698 0.6250000000
76362  45.107  4.585  33.462 0.6250000000
76363  44.447  4.140  33.264 0.6250000000
75224  43.742  3.752  33.101 0.5000000000
77428  45.221  5.316  32.993 0.7500000000
79291  49.656  8.076  36.290 0.5000000000
78359  49.418  7.296  36.743 0.6250000000
78348  49.030  6.426  36.922 0.5000000000
80187  50.578  9.327  35.450 0.5000000000
80188  49.696  8.947  34.887 0.5000000000
79292  48.930  7.549  35.710 0.5000000000
78370  48.233  7.031  35.118 0.6250000000
78361  47.900  6.299  35.477 0.6250000000
80189  48.868  8.491  34.354 0.7500000000
77394  47.210  5.918  35.020 0.6250000000
80197  49.261  9.143  33.918 0.7500000000
79308  48.140  8.048  33.871 0.6250000000
79302  47.790  7.368  34.298 0.6250000000
77395  46.677  5.592  34.627 0.6250000000
78380  47.117  6.942  33.886 0.6250000000
77409  46.839  6.224  34.295 0.6250000000
80199  47.765  8.328  33.062 0.6250000000
79309  47.449  7.646  33.456 0.7500000000
78381  46.498  6.476  33.489 0.7500000000
79319  47.119  7.939  32.680 0.6250000000
78395  46.783  7.247  33.084 0.6250000000
77427  45.839  5.952  33.075 0.7500000000
149440  45.249  5.931  32.584 0.5000000000
81065  50.280  9.576  34.388 0.6250000000
80198  48.471  8.714  33.476 0.8750000000
80214  48.085  8.976  32.696 0.7500000000
79320  46.456  7.580  32.356 0.6250000000
80227  47.159  8.844  31.599 0.6250000000
80215  47.417  8.608  32.330 0.6250000000
79333  46.790  8.239  31.985 0.6250000000
81075  50.538  10.026  33.650 0.8750000000
81076  49.672  9.677  33.426 0.8750000000
81077  48.825  9.352  33.075 0.8750000000
144708  50.031  10.050  32.960 0.8750000000
81102  48.983  10.114  31.872 0.7500000000
81094  48.484  9.572  32.303 0.7500000000
80226  47.761  9.244  31.967 0.6250000000
81103  48.252  9.764  31.515 0.7500000000
81983  51.470  10.351  33.841 0.5000000000
81999  51.934  10.657  33.089 0.5000000000
82000  50.820  10.345  32.976 0.6250000000
82001  49.958  10.320  32.207 0.7500000000
126894  51.021  10.603  32.196 0.6250000000
82010  49.502  10.412  31.447 0.8750000000
82009  50.306  10.588  31.418 0.7500000000
82017  49.656  10.545  30.735 0.7500000000
82025  49.028  10.386  30.046 0.7500000000
81114  49.588  10.279  29.366 0.6250000000
134303  49.737  9.864  28.615 0.8750000000
80239  48.984  9.402  28.172 0.6250000000
80251  49.480  8.650  27.450 0.7500000000
139556  51.892  10.793  32.176 0.5000000000
82016  50.570  10.644  30.617 0.6250000000
82024  49.967  10.555  29.951 0.7500000000
82023  50.780  10.554  29.916 0.6250000000
81113  50.475  10.252  29.156 0.6250000000
81135  50.003  9.219  27.840 0.8750000000
79353  49.837  7.783  26.921 0.6250000000
81998  52.616  11.054  32.581 0.3750000000
82007  52.430  10.903  31.590 0.5000000000
82008  51.356  10.725  31.346 0.6250000000
82015  51.508  10.646  30.432 0.6250000000
148947  52.030  10.563  30.044 0.6250000000
81124  50.594  9.662  28.287 0.6250000000
81134  50.888  9.024  27.636 0.6250000000
80250  50.412  8.385  27.277 0.8750000000
79351  51.644  7.837  26.569 0.6250000000
80256  52.620  8.617  26.537 0.3750000000
80248  52.208  8.368  27.095 0.5000000000
79361  52.147  8.145  26.400 0.5000000000
81144  53.094  9.600  25.927 0.3750000000
82014  52.487  10.736  30.620 0.5000000000
81112  51.544  10.384  29.512 0.5000000000
81123  51.326  9.916  28.652 0.6250000000
125790  51.989  9.503  28.159 0.5000000000
81122  52.752  9.616  28.214 0.5000000000
144620  51.286  9.444  28.028 0.6250000000
137724  52.993  9.374  27.716 0.5000000000
81133  51.736  8.917  27.604 0.6250000000
80247  52.848  8.988  27.184 0.3750000000
81132  52.434  9.136  27.621 0.5000000000
81138  53.184  9.308  26.674 0.3750000000
82013  53.443  10.875  30.301 0.3750000000
82022  52.659  10.475  29.635 0.5000000000
82021  53.671  10.649  29.389 0.3750000000
82029  53.128  10.162  28.785 0.3750000000
81121  53.442  9.759  28.120 0.3750000000
81120  53.996  10.044  27.857 0.3750000000
81131  53.400  9.532  27.449 0.3750000000
81137  53.786  9.939  27.104 0.3750000000
82035  54.355  10.575  27.448 0.3750000000
82038  53.531  9.960  26.402 0.3750000000
82044  53.571  10.482  25.721 0.3750000000
82028  53.911  10.359  28.570 0.2500000000
82037  54.017  10.580  26.589 0.3750000000
143650  10.064  -18.020  63.598 0.5000000000
55332  10.788  -15.514  65.053 0.7500000000
56468  10.964  -14.198  65.894 0.7500000000
55329  10.000  -15.313  65.590 0.7500000000
55331  12.095  -14.699  64.650 0.7500000000
54163  10.915  -15.965  64.380 0.7500000000
54162  11.450  -15.500  64.248 0.7500000000
52965  11.026  -16.413  63.684 0.6250000000
54173  11.596  -16.135  63.118 0.5000000000
128295  10.775  -17.217  63.119 0.5000000000
51807  10.710  -18.120  62.349 0.5000000000
51808  7.530  -18.545  62.046 0.6250000000
49585  7.867  -20.096  60.061 0.6250000000
50724  7.952  -19.695  59.506 0.6250000000
48568  7.879  -21.413  58.129 0.6250000000
50749  8.077  -19.985  58.295 0.6250000000
49637  8.188  -20.923  57.720 0.6250000000
147748  8.216  -22.778  56.552 0.6250000000
134895  10.130  -14.680  65.872 0.7500000000
55334  9.076  -15.386  65.467 0.7500000000
54167  8.557  -16.160  64.935 0.7500000000
57504  10.927  -13.081  67.004 0.7500000000
57505  10.294  -12.750  66.809 0.6250000000
57512  8.030  -13.317  65.995 0.8750000000
56475  8.726  -14.585  65.360 0.8750000000
57511  8.822  -13.100  66.306 0.8750000000
54171  7.398  -16.026  63.834 0.6250000000
54170  7.865  -16.525  64.313 0.6250000000
56478  8.184  -14.406  64.707 0.8750000000
52973  7.501  -17.770  63.389 0.6250000000
126888  12.268  -13.263  66.037 0.7500000000
54193  6.330  -16.386  61.699 0.6250000000
132167  7.117  -14.340  62.911 0.7500000000
55346  6.002  -15.147  62.138 0.8750000000
137163  7.002  -16.101  63.139 0.6250000000
52984  7.231  -17.991  62.570 0.6250000000
55337  7.249  -15.193  63.459 0.6250000000
55347  6.006  -15.046  61.658 0.7500000000
54172  12.200  -15.470  63.116 0.5000000000
55368  7.003  -15.275  60.784 0.7500000000
53007  7.504  -17.459  60.771 0.6250000000
51819  7.717  -18.416  61.207 0.6250000000
51829  7.901  -18.436  60.390 0.6250000000
53036  7.955  -18.015  59.719 0.6250000000
51851  8.034  -18.502  58.728 0.6250000000
136960  8.102  -19.219  57.853 0.6250000000
128084  8.190  -20.002  57.879 0.6250000000
50763  8.296  -19.067  57.134 0.6250000000
48612  8.892  -21.987  55.758 0.5000000000
47540  8.722  -22.701  55.692 0.6250000000
47538  10.159  -22.920  54.548 0.5000000000
131893  9.971  -22.001  54.831 0.5000000000
45421  10.378  -24.377  54.412 0.5000000000
44350  9.167  -25.319  54.731 0.5000000000
126768  14.065  -11.894  65.808 0.7500000000
141824  13.628  -11.795  66.278 0.7500000000
59766  11.988  -12.062  67.269 0.7500000000
140831  12.131  -12.608  67.071 0.8750000000
58624  10.662  -12.340  67.122 0.7500000000
58628  9.617  -12.411  66.624 0.7500000000
132093  7.803  -11.673  65.383 0.8750000000
58627  14.607  -12.102  65.404 0.8750000000
57515  13.485  -13.087  65.304 0.7500000000
57514  14.299  -12.649  65.205 0.8750000000
57520  7.799  -13.392  64.551 0.8750000000
146061  14.672  -12.754  64.880 0.8750000000
57518  15.405  -12.550  64.656 0.7500000000
56477  13.214  -14.038  64.363 0.7500000000
129548  7.491  -11.722  62.687 1.0000000000
56484  6.787  -13.720  62.496 0.8750000000
57533  6.344  -13.584  61.842 0.8750000000
138032  7.343  -14.163  63.880 0.8750000000
57525  7.191  -12.642  63.134 0.8750000000
129063  7.531  -12.403  64.455 0.8750000000
56479  14.156  -13.799  63.690 0.6250000000
58652  6.618  -13.248  61.780 0.8750000000
57537  7.167  -13.879  61.079 0.7500000000
138357  12.854  -14.783  63.029 0.6250000000
144815  7.250  -15.302  60.117 0.7500000000
54225  7.559  -16.882  57.276 0.7500000000
55377  7.385  -15.515  59.205 0.7500000000
54216  7.456  -16.096  58.641 0.7500000000
54215  7.622  -16.799  58.222 0.7500000000
54208  7.603  -16.617  59.225 0.7500000000
145570  12.193  -16.003  61.480 0.6250000000
54235  7.547  -16.781  56.426 0.6250000000
54191  12.334  -16.055  60.784 0.6250000000
51904  8.391  -18.203  56.129 0.6250000000
48610  9.844  -21.058  55.026 0.5000000000
146517  10.536  -21.453  54.566 0.5000000000
49674  11.340  -20.572  53.721 0.5000000000
47559  11.246  -22.836  54.053 0.5000000000
46515  12.437  -23.450  52.702 0.5000000000
46523  13.143  -24.073  50.985 0.5000000000
126123  16.224  -9.985  64.504 0.7500000000
60786  16.815  -10.665  64.801 0.7500000000
59785  7.391  -11.200  64.017 0.7500000000
60794  7.659  -10.898  63.615 0.8750000000
58632  16.372  -11.782  64.757 0.6250000000
59800  7.469  -11.767  62.376 0.7500000000
127646  7.353  -12.780  61.328 0.8750000000
124676  8.065  -11.738  61.649 0.8750000000
59792  7.680  -11.235  63.076 1.0000000000
57523  16.220  -12.705  63.616 0.7500000000
59812  8.497  -12.125  60.828 1.0000000000
147330  8.342  -12.435  60.242 1.0000000000
58669  7.358  -13.563  60.670 0.7500000000
134857  7.812  -12.281  61.266 0.8750000000
57542  7.473  -13.963  59.719 0.8750000000
58667  8.258  -12.797  59.821 0.8750000000
57547  7.672  -14.256  58.829 0.7500000000
56502  7.449  -15.326  57.764 0.7500000000
150316  15.008  -13.391  62.656 0.6250000000
56501  7.631  -15.102  57.122 1.0000000000
135475  7.560  -16.583  55.680 0.7500000000
50785  9.001  -18.665  55.380 0.6250000000
55409  7.540  -15.964  55.550 0.7500000000
53109  7.835  -17.046  54.643 0.5000000000
53092  7.977  -17.400  55.611 0.6250000000
145301  9.486  -18.732  54.662 0.5000000000
51922  8.978  -18.022  54.310 0.5000000000
50783  10.126  -19.225  54.393 0.6250000000
50798  11.305  -19.924  53.303 0.6250000000
48656  12.127  -21.103  52.141 0.6250000000
60777  17.238  -11.013  65.139 0.7500000000
61767  18.378  -10.454  64.311 0.6250000000
59777  17.451  -11.380  64.951 0.6250000000
58631  17.718  -11.719  64.669 0.7500000000
60803  9.053  -10.573  62.687 0.8750000000
60793  8.072  -10.566  63.461 0.8750000000
143040  16.702  -12.328  64.056 0.7500000000
127294  9.891  -12.059  60.082 1.0000000000
56506  7.747  -15.102  56.290 0.7500000000
58701  9.054  -13.574  57.902 1.0000000000
56510  8.187  -14.730  55.608 1.0000000000
57585  9.064  -14.152  55.891 1.0000000000
57532  15.406  -13.176  61.123 0.6250000000
51943  8.291  -17.386  54.287 0.5000000000
133327  7.591  -15.734  53.979 1.0000000000
53142  7.734  -16.586  53.147 0.8750000000
51961  9.340  -17.934  53.173 0.6250000000
50810  11.414  -19.730  52.449 0.6250000000
51982  9.600  -18.022  52.107 0.6250000000
57545  15.960  -13.329  58.785 0.6250000000
48677  12.077  -21.457  50.607 0.5000000000
61779  17.407  -9.990  63.818 0.6250000000
61777  20.217  -10.031  64.036 0.5000000000
61765  20.462  -10.468  64.373 0.5000000000
59783  19.560  -11.463  64.731 0.5000000000
59810  11.262  -11.419  60.271 0.8750000000
58682  9.516  -13.136  58.683 1.0000000000
60782  20.725  -10.961  64.531 0.5000000000
58644  19.473  -11.950  63.670 0.7500000000
58681  10.400  -12.868  58.605 1.0000000000
58700  10.666  -12.984  57.793 1.0000000000
57571  9.709  -13.727  56.452 1.0000000000
56516  8.491  -14.760  54.233 1.0000000000
56509  8.755  -14.482  55.025 1.0000000000
57540  16.042  -13.088  59.630 0.6250000000
55422  8.233  -15.410  52.903 0.8750000000
50824  11.339  -19.788  50.689 0.5000000000
63859  22.502  -8.605  63.342 0.3750000000
147526  21.366  -9.210  63.161 0.5000000000
59809  12.062  -11.229  59.928 0.8750000000
59825  11.478  -11.762  59.560 0.8750000000
127902  12.718  -10.110  60.578 0.8750000000
59838  11.768  -12.032  58.861 0.8750000000
60781  21.823  -10.398  64.106 0.5000000000
59782  20.862  -11.314  64.332 0.5000000000
59786  20.921  -11.572  64.024 0.5000000000
59789  21.391  -11.245  63.523 0.3750000000
58649  19.427  -11.937  62.246 0.7500000000
57595  9.557  -14.098  55.202 1.0000000000
60800  22.040  -10.787  62.882 0.5000000000
48697  9.181  -21.503  49.494 0.5000000000
46539  8.634  -23.250  49.450 0.3750000000
134222  9.029  -24.026  49.531 0.3750000000
132083  7.597  -22.570  48.591 0.2500000000
59849  12.787  -11.756  57.750 0.8750000000
144149  22.846  -8.030  63.252 0.3750000000
61774  23.030  -9.468  63.541 0.3750000000
142699  24.902  -8.884  62.799 0.2500000000
142545  24.230  -8.829  63.295 0.2500000000
61773  23.685  -9.138  63.439 0.3750000000
60795  25.972  -10.116  62.020 0.2500000000
60797  24.157  -10.065  62.790 0.1250000000
60788  23.627  -9.809  63.340 0.2500000000
60798  23.481  -10.179  63.145 0.3750000000
60799  22.919  -10.444  63.057 0.5000000000
61798  26.696  -10.049  61.568 0.2500000000
60810  25.684  -10.263  61.713 0.3750000000
60811  24.635  -10.296  61.904 0.3750000000
60814  21.723  -10.893  61.959 0.5000000000
141264  20.479  -11.455  61.399 0.5000000000
60827  22.242  -10.583  61.326 0.5000000000
58677  18.811  -11.670  59.141 0.3750000000
146243  21.525  -10.596  59.717 0.5000000000
59833  20.865  -10.732  59.441 0.6250000000
59834  20.107  -10.956  59.120 0.6250000000
55431  8.194  -15.468  52.152 1.0000000000
58697  17.524  -12.588  57.208 0.5000000000
141978  7.784  -16.331  51.231 0.7500000000
48698  8.303  -21.325  49.332 0.5000000000
49727  7.963  -20.728  49.196 0.5000000000
130000  7.584  -22.127  47.945 0.3750000000
49755  7.438  -20.751  47.323 0.3750000000
46560  7.690  -24.015  48.289 0.2500000000
60823  27.843  -10.646  60.654 0.3750000000
60822  28.563  -10.767  60.493 0.2500000000
59805  27.619  -10.786  60.175 0.3750000000
142774  25.399  -10.486  60.363 0.5000000000
60826  24.601  -10.470  60.865 0.2500000000
59832  27.069  -10.940  58.493 0.6250000000
60835  26.404  -10.675  59.168 0.5000000000
60847  24.760  -10.466  58.774 0.5000000000
57593  11.618  -13.640  54.103 1.0000000000
145740  12.774  -12.751  54.630 0.8750000000
60854  26.056  -10.627  57.735 0.3750000000
60846  25.615  -10.553  58.392 0.5000000000
60848  23.346  -10.493  58.593 0.6250000000
60849  22.563  -10.497  58.616 0.6250000000
60850  21.569  -10.566  58.752 0.6250000000
145135  19.953  -10.937  58.368 0.5000000000
57608  11.196  -14.036  53.301 1.0000000000
56522  10.862  -14.350  52.604 1.0000000000
60865  25.377  -10.501  56.686 0.6250000000
60856  24.597  -10.451  57.143 0.3750000000
133397  24.039  -10.441  58.067 0.6250000000
132028  22.053  -10.487  57.655 0.6250000000
59846  20.273  -10.789  57.752 0.6250000000
56541  9.686  -14.954  51.768 1.0000000000
56540  10.590  -14.581  51.898 1.0000000000
140375  19.920  -10.931  56.962 0.5000000000
59847  19.308  -11.361  56.871 0.3750000000
58710  18.862  -11.733  56.360 0.3750000000
55449  8.176  -15.847  50.764 0.8750000000
54310  7.924  -16.189  50.665 0.7500000000
55448  8.777  -15.634  50.540 0.8750000000
59866  20.221  -11.069  55.406 0.5000000000
134343  18.476  -12.161  55.826 0.5000000000
54322  7.893  -16.468  49.887 0.7500000000
147647  8.766  -16.364  48.790 0.6250000000
58731  19.255  -11.862  54.682 0.3750000000
136259  7.911  -16.673  48.928 0.6250000000
136799  7.886  -16.931  48.120 0.6250000000
54343  7.611  -17.280  48.529 0.6250000000
129547  29.927  -9.151  60.482 0.1250000000
130364  13.634  -9.263  57.965 0.7500000000
60868  13.884  -10.108  56.695 0.8750000000
61816  13.692  -9.287  57.141 0.7500000000
59868  14.086  -11.021  55.015 0.8750000000
59891  13.970  -11.885  53.841 0.8750000000
58813  14.030  -12.811  49.995 0.7500000000
58694  28.215  -11.589  57.054 0.6250000000
147741  27.415  -11.345  55.540 0.6250000000
59855  26.635  -10.807  56.659 0.6250000000
127666  24.084  -10.403  56.380 0.3750000000
56564  12.550  -14.726  48.578 0.7500000000
59864  26.093  -10.668  55.410 0.6250000000
60873  25.361  -10.496  55.871 0.6250000000
143579  23.379  -10.417  56.406 0.5000000000
60876  22.728  -10.430  55.916 0.6250000000
55476  10.675  -16.076  48.024 0.7500000000
54365  9.303  -16.621  47.375 0.6250000000
54389  10.055  -16.637  46.556 0.7500000000
57605  19.100  -12.429  53.288 0.2500000000
49792  7.661  -20.433  45.773 0.1250000000
60820  30.246  -10.756  60.116 0.1250000000
59818  30.033  -11.327  59.726 0.2500000000
133761  30.151  -11.630  59.269 0.3750000000
58674  30.654  -11.995  58.724 0.3750000000
57553  30.312  -12.563  57.267 0.5000000000
59900  14.521  -11.314  52.550 0.7500000000
139994  14.650  -10.698  51.329 0.7500000000
58720  28.034  -11.822  55.106 0.6250000000
57681  13.710  -13.539  48.728 0.7500000000
56572  12.720  -14.808  47.665 0.7500000000
59873  26.055  -10.775  54.556 0.6250000000
58730  26.654  -11.300  54.040 0.6250000000
60896  25.300  -10.639  54.172 0.5000000000
60886  24.517  -10.442  54.638 0.5000000000
60897  24.482  -10.587  53.761 0.5000000000
60887  23.597  -10.487  54.286 0.5000000000
59874  21.983  -10.698  53.919 0.3750000000
59898  21.509  -11.173  52.548 0.5000000000
54412  9.389  -16.858  45.780 0.6250000000
53269  7.564  -17.838  45.288 0.3750000000
50882  7.622  -19.282  44.452 0.1250000000
50881  8.248  -19.630  44.374 0.1250000000
129914  31.410  -12.034  58.724 0.3750000000
60819  31.050  -10.563  59.820 0.1250000000
57552  31.005  -12.640  57.716 0.5000000000
61827  13.878  -9.018  55.403 0.7500000000
61838  13.850  -8.922  54.495 0.7500000000
61851  14.303  -9.694  53.210 0.8750000000
62899  13.225  -8.544  52.980 0.7500000000
57579  29.957  -12.883  55.478 0.6250000000
132285  14.015  -9.341  51.773 0.8750000000
57577  32.145  -13.475  55.937 0.6250000000
57580  29.282  -12.590  55.109 0.7500000000
58812  14.520  -12.157  49.541 0.7500000000
60911  14.569  -10.291  50.505 0.7500000000
140856  30.060  -13.112  53.982 0.7500000000
57636  33.016  -13.024  51.891 0.7500000000
144486  31.655  -13.437  52.829 0.7500000000
57604  29.276  -12.873  53.247 0.7500000000
55487  12.296  -15.402  46.245 0.7500000000
57690  14.505  -12.736  47.639 0.8750000000
129959  30.509  -13.131  51.010 0.6250000000
136404  28.976  -12.956  52.248 0.7500000000
131618  26.823  -11.919  52.312 0.6250000000
59884  23.730  -10.793  52.644 0.6250000000
60899  22.842  -10.618  53.644 0.5000000000
55500  12.429  -15.422  45.319 0.7500000000
55518  12.528  -15.380  44.337 0.5000000000
57638  29.973  -13.304  51.512 0.6250000000
57639  29.252  -13.151  51.442 0.6250000000
57640  28.544  -12.833  51.489 0.6250000000
57641  27.815  -12.484  51.556 0.7500000000
59896  23.314  -11.031  52.025 0.5000000000
125550  11.630  -15.839  43.737 0.5000000000
58765  25.598  -11.719  51.238 0.3750000000
59905  24.762  -11.394  51.599 0.3750000000
144816  23.938  -11.244  51.598 0.3750000000
54456  9.253  -16.497  43.652 0.2500000000
58766  24.873  -11.675  50.678 0.2500000000
58786  24.106  -11.666  50.091 0.2500000000
59919  22.700  -11.424  50.864 0.2500000000
55585  10.274  -15.537  41.402 0.1250000000
55586  8.669  -15.471  41.175 0.1250000000
128286  6.667  -16.604  41.642 0.1250000000
150459  7.133  -17.491  42.892 0.1250000000
53310  8.132  -16.961  40.182 0.1250000000
55588  6.662  -15.768  40.466 0.1250000000
53296  6.560  -16.810  41.585 0.1250000000
53295  8.161  -17.464  40.864 0.1250000000
57562  33.540  -12.909  56.631 0.6250000000
57550  32.357  -12.758  57.405 0.5000000000
57564  31.856  -13.066  56.732 0.6250000000
134796  32.076  -12.621  57.952 0.5000000000
144494  33.985  -13.378  55.174 0.5000000000
124951  32.281  -13.592  55.079 0.6250000000
149894  34.418  -13.418  54.088 0.6250000000
60928  14.573  -10.666  48.606 0.8750000000
128971  14.727  -11.189  49.834 0.7500000000
56605  13.350  -14.659  43.909 0.6250000000
142186  13.436  -14.659  45.299 0.7500000000
57700  14.517  -13.130  46.063 0.7500000000
127772  12.092  -14.503  40.949 0.1250000000
55600  11.229  -15.078  40.861 0.1250000000
55567  11.787  -15.527  42.553 0.3750000000
55545  10.860  -15.977  43.023 0.2500000000
57666  37.540  -12.647  49.668 0.6250000000
55602  8.247  -14.897  40.105 0.1250000000
56660  7.803  -14.689  39.153 0.1250000000
56673  9.332  -13.889  39.024 0.1250000000
57771  9.420  -13.998  38.628 0.1250000000
55626  9.370  -15.014  38.229 0.1250000000
54498  7.962  -15.176  38.800 0.1250000000
55648  10.660  -14.411  37.633 0.1250000000
124950  35.143  -13.247  54.227 0.5000000000
128235  13.305  -9.143  49.647 0.8750000000
62917  12.518  -8.596  51.457 0.8750000000
126030  36.588  -12.838  53.789 0.6250000000
58899  14.183  -12.086  44.182 0.7500000000
59945  14.581  -11.437  47.078 0.8750000000
60940  14.468  -10.717  47.683 0.8750000000
140800  36.072  -12.782  51.594 0.7500000000
57633  36.754  -12.689  52.052 0.6250000000
57740  13.582  -13.372  42.634 0.5000000000
133042  10.578  -12.673  39.031 0.1250000000
58819  35.571  -12.393  48.416 0.3750000000
147057  36.509  -12.667  48.472 0.3750000000
57779  10.866  -13.054  37.901 0.1250000000
57614  37.841  -12.545  52.858 0.6250000000
126108  37.651  -12.505  52.140 0.6250000000
133791  38.574  -12.178  49.941 0.5000000000
58796  38.686  -12.155  48.513 0.6250000000
59948  38.665  -11.666  46.540 0.5000000000
143487  38.860  -12.212  53.373 0.6250000000
58747  39.215  -11.953  52.184 0.6250000000
135883  39.235  -11.357  47.645 0.6250000000
59940  38.917  -11.840  47.404 0.6250000000
60967  39.589  -10.199  45.834 0.7500000000
59893  39.703  -11.571  52.701 0.6250000000
59916  39.360  -11.473  50.809 0.7500000000
59924  39.350  -10.924  49.337 0.6250000000
61941  39.724  -9.639  44.482 0.2500000000
61951  39.375  -8.805  43.993 0.3750000000
60910  40.243  -10.523  51.058 0.7500000000
59915  39.644  -10.850  50.382 0.7500000000
61905  39.747  -9.458  49.598 0.7500000000
61916  39.565  -9.335  48.532 0.7500000000
149665  39.541  -9.856  47.418 0.8750000000
62966  39.665  -8.714  46.685 0.8750000000
125530  38.837  -7.877  44.407 0.3750000000
64042  38.222  -7.295  44.868 0.3750000000
62997  38.697  -8.249  43.648 0.2500000000
62999  37.545  -8.276  43.085 0.2500000000
62956  39.502  -8.666  48.059 0.7500000000
62957  39.595  -8.699  47.355 0.7500000000
144734  39.167  -7.974  45.710 0.8750000000
65052  38.126  -6.863  45.526 0.5000000000
65084  36.401  -6.955  44.008 0.3750000000
62935  39.908  -8.515  50.065 0.7500000000
63999  39.311  -7.687  47.319 0.8750000000
65038  38.011  -6.436  46.436 0.8750000000
63988  39.288  -7.517  48.066 0.6250000000
65016  39.360  -7.220  49.041 0.7500000000
65028  38.266  -6.217  47.474 1.0000000000
66156  36.550  -5.615  45.758 0.7500000000
67285  36.718  -5.374  46.421 1.0000000000
67286  36.227  -5.155  45.946 0.8750000000
67310  35.339  -5.040  43.965 0.3750000000
66116  39.603  -5.786  50.447 0.6250000000
67319  34.518  -4.444  42.601 0.3750000000
69320  36.140  -3.108  49.209 0.5000000000
69332  36.042  -3.432  48.506 0.6250000000
70256  35.681  -2.427  49.688 0.3750000000
71153  34.601  -0.564  49.415 0.3750000000
71141  34.733  -0.215  50.371 0.3750000000
72944  35.128  1.983  51.824 0.2500000000
133289  37.879  2.989  50.312 0.2500000000
73138  44.068  1.425  35.049 0.3750000000
71288  43.230  -0.458  35.920 0.5000000000
76293  48.273  4.095  37.762 0.5000000000
73130  44.435  1.277  35.732 0.6250000000
75214  42.738  2.854  33.153 0.2500000000
73099  45.843  1.153  38.539 0.8750000000
72140  44.774  0.418  39.211 0.8750000000
72124  45.298  0.780  40.234 0.8750000000
78360  48.618  6.758  36.038 0.5000000000
77410  46.306  5.691  33.944 0.6250000000
80181  50.103  8.702  35.871 0.5000000000
79300  49.277  8.270  35.311 0.7500000000
79301  48.532  7.784  34.752 0.6250000000
78371  47.499  6.627  34.678 0.6250000000
78396  46.173  6.821  32.694 0.7500000000
78397  45.514  6.550  32.381 0.6250000000
78398  44.876  6.301  32.109 0.6250000000
81093  49.282  9.877  32.641 0.7500000000
82018  48.797  10.287  30.977 0.6250000000
124258  48.899  10.041  29.126 0.6250000000
149864  51.934  10.759  31.000 0.3750000000
82030  52.237  10.030  28.824 0.5000000000
41163  9.297  -28.831  58.371 0.1250000000
130081  9.630  -28.536  58.522 0.1250000000
134538  9.261  -27.412  58.709 0.1250000000
42205  8.972  -28.074  58.607 0.1250000000
42206  8.260  -27.806  58.277 0.1250000000
43275  11.400  -26.714  57.677 0.1250000000
43264  10.588  -26.677  58.186 0.1250000000
44318  9.805  -26.162  58.711 0.1250000000
41177  8.211  -28.695  56.672 0.2500000000
145931  11.041  -26.015  57.958 0.1250000000
133679  8.367  -27.858  55.555 0.2500000000
44316  11.082  -25.195  58.114 0.1250000000
43266  9.212  -26.620  58.818 0.1250000000
125914  8.713  -27.167  58.713 0.1250000000
42207  8.244  -26.836  58.557 0.1250000000
44317  10.443  -25.654  58.438 0.1250000000
42217  7.967  -27.978  57.310 0.2500000000
42226  8.041  -27.977  56.244 0.3750000000
41193  8.802  -28.133  55.110 0.3750000000
138126  9.347  -27.947  54.778 0.2500000000
42238  9.041  -27.339  54.852 0.2500000000
129204  12.557  -27.854  53.735 0.2500000000
42243  11.816  -27.293  54.072 0.2500000000
44310  9.293  -25.687  58.883 0.1250000000
44311  8.999  -25.299  58.924 0.1250000000
43259  8.752  -26.162  58.834 0.1250000000
43260  8.359  -26.073  58.677 0.2500000000
44309  9.864  -25.191  58.859 0.1250000000
135502  7.890  -27.249  56.824 0.3750000000
43285  7.875  -26.444  56.417 0.3750000000
42227  8.139  -27.075  55.816 0.3750000000
45379  11.132  -24.390  58.439 0.1250000000
42232  8.594  -27.252  55.217 0.3750000000
43298  8.805  -26.564  54.958 0.2500000000
44356  10.506  -25.790  54.355 0.2500000000
42237  9.719  -27.324  54.599 0.2500000000
42236  10.642  -27.264  54.357 0.2500000000
42242  12.829  -27.224  53.254 0.3750000000
42247  13.585  -27.263  52.333 0.3750000000
44312  8.595  -25.344  58.864 0.1250000000
45375  8.900  -24.548  59.071 0.2500000000
43267  7.865  -26.300  58.210 0.2500000000
45373  10.047  -24.371  59.164 0.2500000000
43276  7.779  -26.633  57.331 0.2500000000
45372  10.510  -24.039  59.016 0.1250000000
43293  8.100  -26.220  55.752 0.3750000000
44351  8.642  -25.634  55.070 0.3750000000
43296  10.139  -26.571  54.438 0.2500000000
44349  9.634  -25.934  54.544 0.2500000000
44354  12.006  -25.683  53.652 0.3750000000
43307  13.192  -26.526  52.686 0.3750000000
44363  13.554  -25.370  51.417 0.3750000000
44359  13.541  -25.897  52.121 0.3750000000
45437  13.330  -24.874  50.823 0.3750000000
42258  13.461  -26.696  50.676 0.3750000000
43310  13.772  -26.240  51.334 0.3750000000
45440  12.853  -24.734  50.346 0.3750000000
45368  8.875  -23.637  59.384 0.3750000000
46427  8.809  -22.884  59.679 0.5000000000
136921  9.753  -23.142  59.854 0.3750000000
45376  8.396  -24.153  59.051 0.5000000000
45374  9.487  -24.658  59.034 0.2500000000
131877  7.782  -24.928  58.320 0.5000000000
46433  10.166  -23.759  59.436 0.2500000000
138992  7.728  -25.076  56.589 0.5000000000
46439  11.143  -23.668  58.695 0.1250000000
44344  8.241  -25.576  55.530 0.3750000000
45435  12.790  -24.263  52.388 0.3750000000
133636  11.695  -24.963  53.780 0.3750000000
44360  12.812  -25.757  52.891 0.3750000000
45438  13.244  -24.511  51.474 0.3750000000
46535  12.399  -23.839  50.303 0.3750000000
141244  12.970  -24.171  50.694 0.3750000000
45442  11.972  -24.666  49.910 0.3750000000
46426  9.291  -23.062  59.758 0.3750000000
139876  8.416  -22.655  59.546 0.5000000000
46428  8.401  -23.277  59.291 0.5000000000
145704  9.535  -22.639  60.263 0.3750000000
46434  7.960  -23.471  58.873 0.5000000000
45381  7.866  -24.224  58.615 0.5000000000
46425  10.069  -23.212  59.843 0.3750000000
47483  9.903  -22.542  60.484 0.3750000000
46440  7.660  -23.475  58.195 0.5000000000
45387  7.598  -24.203  57.767 0.5000000000
46432  10.572  -23.284  59.422 0.3750000000
45394  7.686  -24.214  56.737 0.3750000000
46453  7.942  -23.234  56.716 0.3750000000
150183  8.257  -24.397  55.657 0.3750000000
45408  8.480  -24.062  55.460 0.3750000000
138541  8.742  -24.705  55.024 0.3750000000
45422  9.405  -24.403  54.696 0.3750000000
45423  8.884  -23.986  55.024 0.3750000000
45433  11.299  -24.289  54.039 0.3750000000
47604  12.536  -22.624  50.783 0.3750000000
135320  11.431  -23.987  49.843 0.3750000000
46424  10.347  -22.629  60.101 0.3750000000
48535  10.684  -21.873  60.252 0.3750000000
132513  7.705  -22.767  58.569 0.6250000000
46445  7.659  -23.404  57.386 0.3750000000
46487  8.781  -23.353  55.316 0.3750000000
47477  9.384  -22.086  60.951 0.3750000000
46420  9.086  -22.485  60.239 0.3750000000
47479  8.417  -21.822  60.273 0.5000000000
47482  10.234  -22.102  60.724 0.3750000000
137986  8.007  -22.736  59.138 0.6250000000
131148  10.935  -20.951  60.228 0.2500000000
135393  7.682  -22.751  57.888 0.5000000000
49584  11.214  -20.225  60.158 0.2500000000
48544  11.250  -21.581  59.593 0.2500000000
48522  9.709  -20.290  61.972 0.3750000000
48529  9.543  -21.113  61.568 0.3750000000
47478  8.722  -21.989  60.705 0.3750000000
48527  10.445  -21.208  61.074 0.3750000000
47476  9.971  -21.762  61.228 0.3750000000
49576  10.783  -20.178  60.831 0.2500000000
49577  10.347  -20.080  61.644 0.3750000000
50711  11.187  -19.475  60.464 0.2500000000
50710  11.525  -18.890  59.929 0.2500000000
51838  11.889  -18.293  59.323 0.1250000000
54207  12.185  -16.801  59.870 0.2500000000
53035  12.298  -17.670  58.764 0.1250000000
54213  13.662  -15.738  58.033 0.2500000000
53034  12.720  -17.042  58.273 0.2500000000
51818  10.921  -18.323  61.691 0.3750000000
50698  10.738  -19.205  61.436 0.2500000000
143513  11.695  -17.075  60.969 0.3750000000
128540  11.385  -17.747  61.103 0.3750000000
51827  11.572  -18.030  60.175 0.2500000000
54206  12.573  -16.383  59.478 0.2500000000
55376  12.943  -15.776  59.512 0.2500000000
129152  14.115  -15.047  58.172 0.2500000000
55385  13.483  -15.329  58.802 0.2500000000
54214  12.956  -16.217  58.701 0.2500000000
149497  15.222  -14.300  57.818 0.3750000000
55392  14.164  -15.371  57.603 0.2500000000
52994  11.405  -17.144  61.703 0.3750000000
51817  11.074  -17.788  61.919 0.3750000000
55366  12.894  -15.534  60.310 0.3750000000
54199  12.470  -16.214  60.070 0.3750000000
53020  11.999  -17.480  59.603 0.2500000000
55375  13.582  -14.950  59.695 0.3750000000
135092  14.723  -14.091  59.029 0.5000000000
56493  14.064  -14.639  58.891 0.3750000000
56497  14.713  -14.465  58.306 0.3750000000
56503  15.974  -13.942  56.725 0.5000000000
132069  15.310  -14.371  57.097 0.3750000000
135629  11.759  -16.410  61.925 0.3750000000
56499  15.813  -13.805  57.666 0.5000000000
57568  16.673  -13.440  56.310 0.5000000000
58781  31.687  -12.594  50.518 0.6250000000
58802  30.968  -12.421  49.868 0.3750000000
147965  15.913  -13.569  58.253 0.5000000000
132847  16.945  -12.951  56.940 0.5000000000
57555  16.455  -13.368  57.234 0.5000000000
57656  29.662  -13.033  50.721 0.5000000000
58823  31.255  -11.800  49.161 0.1250000000
57567  17.364  -12.828  56.384 0.3750000000
131306  17.196  -13.212  55.722 0.3750000000
131230  31.907  -12.095  49.787 0.3750000000
59933  30.707  -11.581  48.470 0.1250000000
124970  30.311  -11.420  47.677 0.1250000000
59953  30.970  -10.893  47.014 0.1250000000
59784  7.822  -10.846  64.636 0.6250000000
142770  36.440  -12.321  47.068 0.2500000000
142626  29.860  -11.137  46.112 0.1250000000
136755  14.569  -11.775  46.337 0.6250000000
59975  14.174  -11.592  44.867 0.6250000000
59994  13.580  -11.375  44.396 0.5000000000
130231  10.839  -11.200  67.394 0.7500000000
59769  9.814  -11.193  66.966 0.7500000000
60775  8.199  -10.248  65.703 0.7500000000
61785  7.913  -10.498  63.823 0.7500000000
60802  10.139  -10.403  62.544 0.7500000000
59796  10.997  -11.157  61.076 0.7500000000
63925  9.725  -7.710  57.214 0.5000000000
62843  9.472  -8.006  56.619 0.5000000000
58780  32.600  -12.375  50.393 0.3750000000
124478  10.118  -8.030  55.971 0.5000000000
58822  32.893  -11.883  49.567 0.3750000000
62856  9.807  -8.442  55.253 0.5000000000
58778  34.520  -12.356  49.935 0.5000000000
58801  33.750  -12.037  49.562 0.3750000000
135577  32.112  -11.602  49.034 0.1250000000
62870  10.505  -8.407  54.614 0.5000000000
62886  10.398  -8.590  53.841 0.5000000000
62902  10.413  -8.776  53.053 0.5000000000
58821  33.520  -11.689  48.918 0.2500000000
145182  32.823  -11.521  48.790 0.1250000000
59931  32.338  -11.291  48.241 0.1250000000
62884  12.350  -8.304  53.261 0.6250000000
62885  11.327  -8.430  53.374 0.5000000000
143460  10.329  -8.910  52.393 0.5000000000
58800  35.104  -12.359  49.145 0.2500000000
58845  34.064  -11.700  48.284 0.2500000000
59943  32.600  -11.081  47.392 0.1250000000
59944  31.732  -11.020  47.642 0.1250000000
147888  11.795  -8.384  52.862 0.5000000000
62901  11.182  -8.577  52.481 0.5000000000
61868  9.801  -9.234  51.965 0.5000000000
59952  32.840  -10.950  46.516 0.1250000000
130069  31.025  -11.201  47.870 0.1250000000
62900  12.289  -8.440  52.373 0.6250000000
62919  10.636  -8.891  51.761 0.6250000000
61883  10.963  -8.964  50.984 0.5000000000
58842  36.037  -12.433  47.687 0.2500000000
59970  32.330  -10.772  45.837 0.1250000000
62918  11.562  -8.602  51.625 0.7500000000
62932  11.895  -8.684  50.809 0.7500000000
61896  10.410  -9.408  50.396 0.6250000000
59949  38.183  -11.771  45.974 0.5000000000
60952  14.267  -10.723  46.839 0.7500000000
130318  14.379  -11.533  45.650 0.6250000000
59976  13.796  -11.036  45.205 0.6250000000
60970  12.299  -10.567  45.365 0.6250000000
60984  12.931  -10.823  44.798 0.6250000000
60971  11.204  -10.710  45.252 0.6250000000
60985  11.761  -10.862  44.556 0.5000000000
61758  8.963  -9.574  66.326 0.7500000000
61759  8.471  -9.868  65.991 0.7500000000
61772  8.377  -10.119  64.455 0.7500000000
61762  8.819  -9.595  65.139 0.7500000000
60792  8.636  -10.263  63.429 0.7500000000
61770  8.923  -9.446  64.631 0.7500000000
61795  9.628  -10.010  63.280 0.7500000000
60801  11.149  -10.221  62.367 0.7500000000
60816  11.545  -10.502  61.597 0.7500000000
61809  13.333  -9.470  59.590 0.7500000000
60840  13.305  -10.143  59.118 0.7500000000
149270  10.940  -7.457  57.156 0.5000000000
63935  10.457  -7.666  56.758 0.5000000000
125688  9.142  -8.447  55.954 0.5000000000
62844  8.506  -8.289  56.620 0.5000000000
62840  12.996  -8.052  56.474 0.5000000000
62841  12.140  -7.747  56.238 0.5000000000
62842  11.127  -7.754  56.058 0.5000000000
62852  13.431  -8.511  55.923 0.6250000000
62853  12.786  -8.035  55.635 0.5000000000
62854  11.815  -7.913  55.438 0.5000000000
124544  9.465  -8.775  54.424 0.5000000000
62867  13.333  -8.449  55.038 0.6250000000
62868  12.488  -8.118  54.800 0.6250000000
62869  11.462  -8.182  54.722 0.5000000000
127665  12.008  -8.219  54.040 0.5000000000
62887  9.578  -8.980  53.514 0.5000000000
59932  31.517  -11.383  48.425 0.1250000000
62903  9.664  -9.146  52.727 0.5000000000
61869  8.929  -9.401  52.281 0.5000000000
127921  31.984  -10.783  46.752 0.1250000000
124946  30.512  -10.878  46.098 0.1250000000
61884  10.071  -9.371  51.182 0.5000000000
59971  31.411  -10.719  45.981 0.1250000000
59972  30.102  -10.980  45.519 0.1250000000
61882  12.724  -8.717  50.750 0.7500000000
61895  11.309  -9.055  50.188 0.7500000000
61911  9.991  -9.708  49.866 0.6250000000
126009  31.834  -10.758  45.052 0.1250000000
59989  30.821  -10.821  45.080 0.1250000000
61894  12.408  -8.883  50.006 0.7500000000
61910  10.694  -9.472  49.642 0.7500000000
61907  13.599  -9.446  49.006 0.7500000000
61908  12.637  -9.220  49.134 0.7500000000
60929  14.250  -10.214  48.177 0.7500000000
61918  12.908  -9.459  48.356 0.7500000000
61919  11.883  -9.481  48.503 0.7500000000
60941  13.862  -10.117  47.437 0.7500000000
61927  12.205  -9.705  47.619 0.7500000000
60943  10.715  -10.272  47.003 0.6250000000
60942  12.921  -9.883  46.987 0.7500000000
124659  11.801  -10.146  46.719 0.7500000000
131017  11.760  -10.449  45.910 0.7500000000
59957  14.012  -10.862  46.036 0.7500000000
60954  12.641  -10.242  46.179 0.7500000000
60955  10.889  -10.590  46.068 0.6250000000
61754  9.495  -9.584  66.811 0.7500000000
127391  10.107  -9.357  63.912 0.7500000000
62790  10.410  -8.465  64.397 0.7500000000
145305  11.561  -9.609  62.715 0.7500000000
62800  12.057  -8.437  63.115 0.7500000000
63863  11.502  -7.202  63.829 0.7500000000
60815  12.355  -9.964  61.339 0.7500000000
61793  12.170  -9.076  62.650 0.7500000000
64908  11.432  -6.475  61.376 0.5000000000
64922  11.221  -6.583  60.497 0.5000000000
64923  10.130  -6.442  60.186 0.5000000000
64911  7.892  -6.124  60.494 0.5000000000
61806  12.974  -9.227  60.947 0.7500000000
62809  12.856  -8.355  61.469 0.7500000000
63892  12.123  -7.062  60.920 0.5000000000
63901  11.049  -6.749  59.679 0.5000000000
64924  8.805  -6.625  59.886 0.5000000000
62816  13.255  -8.859  60.103 0.7500000000
62822  13.048  -8.035  59.776 0.6250000000
63900  12.435  -7.418  59.506 0.5000000000
126557  11.032  -7.020  58.962 0.5000000000
145282  9.167  -7.076  59.125 0.5000000000
63903  8.124  -7.078  59.281 0.5000000000
62821  13.341  -8.631  59.251 0.6250000000
62827  12.894  -7.861  58.814 0.6250000000
139218  12.014  -7.220  58.803 0.5000000000
63923  11.464  -7.409  57.495 0.5000000000
145898  9.364  -7.588  57.857 0.5000000000
62833  8.882  -7.923  57.265 0.5000000000
62826  13.389  -8.578  58.373 0.6250000000
138134  13.033  -8.033  57.864 0.6250000000
63934  11.427  -7.548  56.793 0.5000000000
62839  13.469  -8.616  56.757 0.6250000000
62871  8.804  -8.763  55.226 0.5000000000
61840  7.630  -9.248  54.275 0.5000000000
61839  8.643  -9.208  53.917 0.5000000000
61853  8.817  -9.323  53.107 0.5000000000
61870  8.114  -9.483  52.684 0.5000000000
61885  9.079  -9.567  51.413 0.5000000000
60912  8.565  -10.103  50.006 0.5000000000
60919  10.107  -9.814  49.296 0.6250000000
60931  9.728  -10.094  48.686 0.6250000000
60007  30.574  -10.970  43.881 0.1250000000
61920  10.769  -9.712  48.744 0.6250000000
124945  10.171  -10.127  47.857 0.6250000000
125104  9.587  -10.528  47.027 0.6250000000
150172  11.479  -9.967  47.300 0.6250000000
60956  9.907  -10.681  46.241 0.6250000000
126060  9.209  -10.680  45.879 0.3750000000
63870  12.197  -7.200  62.409 0.6250000000
63879  12.543  -7.531  61.680 0.6250000000
63880  12.069  -6.902  61.724 0.5000000000
132720  12.735  -7.730  61.016 0.5000000000
63916  7.737  -7.430  58.654 0.5000000000
128309  7.894  -8.083  57.324 0.5000000000
62858  7.147  -8.682  55.805 0.5000000000
133568  7.827  -8.928  55.132 0.5000000000
61898  8.227  -9.864  50.754 0.5000000000
60920  9.294  -10.059  49.504 0.6250000000
148770  9.128  -10.702  46.397 0.5000000000
69365  33.508  -2.382  44.495 0.5000000000
69353  33.541  -2.008  45.137 0.6250000000
70298  33.375  -1.434  43.424 0.5000000000
72188  43.535  0.246  35.566 0.3750000000
71190  33.605  -0.879  44.222 0.5000000000
71199  33.743  -0.662  43.547 0.3750000000
140958  33.690  -0.749  42.789 0.3750000000
71205  33.645  -0.822  42.013 0.2500000000
78347  49.625  6.802  37.465 0.2500000000
80180  50.687  9.122  36.384 0.3750000000
81109  46.833  9.227  29.934 0.6250000000
80235  46.125  8.834  29.574 0.6250000000
71189  33.958  -0.392  44.879 0.8750000000
71198  34.139  -0.235  44.057 0.6250000000
71204  34.342  -0.177  43.197 0.6250000000
71203  34.489  -0.229  42.157 0.6250000000
71208  34.868  -0.104  41.265 0.5000000000
125588  34.560  -0.348  40.439 0.5000000000
75169  47.903  3.434  38.119 0.6250000000
71220  34.658  -0.394  39.516 0.5000000000
71230  34.705  -0.440  38.724 0.3750000000
81104  47.600  9.405  31.175 0.6250000000
80230  46.979  9.062  30.804 0.6250000000
81107  48.098  9.907  30.720 0.6250000000
81116  47.469  9.528  29.475 0.6250000000
80242  45.954  8.752  28.731 0.2500000000
80243  45.207  8.379  28.405 0.1250000000
78443  43.925  7.252  27.479 0.1250000000
78458  43.531  6.619  26.705 0.1250000000
81117  46.752  9.168  29.003 0.5000000000
77489  43.227  6.022  25.962 0.1250000000
72123  46.180  1.110  40.113 0.6250000000
71224  44.278  0.432  40.003 0.7500000000
72115  35.619  0.156  40.706 0.5000000000
71219  35.523  -0.018  39.876 0.5000000000
72160  38.153  0.404  39.233 0.5000000000
71243  37.566  0.275  38.806 0.5000000000
71228  36.887  0.219  39.081 0.5000000000
71229  36.247  0.160  39.430 0.5000000000
135062  35.481  -0.137  39.131 0.5000000000
71244  36.864  0.074  38.277 0.5000000000
141723  36.165  0.011  38.753 0.5000000000
148724  35.460  -0.233  38.510 0.5000000000
124980  37.811  0.085  38.030 0.3750000000
71245  35.934  -0.182  38.052 0.3750000000
79357  45.278  8.038  27.680 0.2500000000
79358  44.533  7.971  27.955 0.2500000000
78457  44.385  6.753  26.590 0.1250000000
81126  47.495  9.338  28.751 0.5000000000
135313  46.528  8.815  28.321 0.5000000000
80254  45.995  8.426  27.855 0.3750000000
78442  45.007  7.348  27.100 0.2500000000
80253  46.888  8.499  27.749 0.3750000000
127446  45.875  7.675  27.193 0.3750000000
140355  45.235  6.635  26.305 0.2500000000
77488  44.634  6.216  25.892 0.1250000000
140550  43.957  6.307  26.117 0.1250000000
77503  44.008  5.770  25.563 0.1250000000
76438  44.040  4.996  24.864 0.1250000000
76437  45.125  4.877  24.676 0.1250000000
72101  35.251  0.276  42.849 0.6250000000
72130  38.638  0.574  40.387 0.5000000000
72131  38.007  0.587  40.536 0.5000000000
71218  36.382  0.309  40.117 0.5000000000
72145  38.052  0.480  39.913 0.5000000000
72146  37.479  0.384  39.488 0.5000000000
72147  36.880  0.336  39.661 0.5000000000
150052  47.557  8.624  27.731 0.3750000000
141233  48.377  7.787  26.971 0.3750000000
79366  47.178  7.270  26.675 0.3750000000
78455  46.697  6.726  26.312 0.2500000000
77502  45.427  6.016  25.687 0.2500000000
78453  48.666  6.370  26.083 0.3750000000
78454  47.643  6.457  26.135 0.3750000000
77486  46.963  5.941  25.653 0.2500000000
77487  46.058  6.349  26.025 0.2500000000
136504  44.818  5.563  25.297 0.2500000000
149357  48.151  5.731  25.378 0.3750000000
131669  47.355  5.401  25.082 0.2500000000
77501  46.582  5.344  25.105 0.1250000000
136432  45.706  5.395  25.163 0.2500000000
134627  47.761  5.378  24.779 0.1250000000
76436  46.097  4.843  24.585 0.1250000000
77524  47.978  5.686  23.789 0.1250000000
77518  47.701  5.321  24.257 0.1250000000
76435  47.009  5.052  24.473 0.1250000000
79385  49.663  7.605  23.687 0.2500000000
78481  48.658  6.217  23.925 0.1250000000
127079  47.396  5.904  23.140 0.1250000000
78488  47.228  6.490  22.398 0.1250000000
72132  37.296  0.469  40.240 0.6250000000
127443  36.583  0.451  40.955 0.6250000000
79363  50.120  6.969  26.411 0.6250000000
78452  49.576  6.430  26.059 0.3750000000
78466  49.126  6.040  25.528 0.2500000000
78450  50.828  6.952  25.698 0.6250000000
134976  49.761  6.300  25.592 0.5000000000
77499  49.493  6.075  25.137 0.2500000000
77500  48.850  5.694  25.002 0.2500000000
80267  51.524  8.444  24.850 0.8750000000
79380  50.818  7.307  24.997 0.7500000000
79381  50.090  6.977  24.507 0.2500000000
77516  49.128  6.037  24.601 0.2500000000
77517  48.470  5.692  24.456 0.2500000000
126953  48.261  5.516  24.783 0.2500000000
81153  51.715  9.217  24.515 0.7500000000
80271  50.622  8.577  23.861 0.5000000000
78480  49.369  6.698  24.131 0.3750000000
79386  48.720  7.251  23.236 0.1250000000
47484  8.659  -22.284  59.999 0.5000000000
50687  10.506  -18.655  62.252 0.3750000000
48528  10.029  -20.740  61.713 0.3750000000
47503  7.818  -22.188  57.719 0.5000000000
47511  8.054  -22.374  57.090 0.3750000000
46471  8.390  -23.203  56.014 0.5000000000
58626  9.450  -11.576  66.730 0.6250000000
59770  9.273  -10.857  66.758 0.7500000000
60773  9.089  -10.196  66.627 0.7500000000
137133  8.133  -10.675  66.204 0.7500000000
45432  12.149  -24.221  53.358 0.3750000000
60804  8.294  -10.741  62.919 0.7500000000
60818  9.503  -10.935  61.970 0.7500000000
137654  11.857  -26.057  49.825 0.3750000000
129839  10.380  -11.627  60.520 0.7500000000
59797  10.013  -11.361  61.273 0.7500000000
57581  17.854  -12.709  55.585 0.3750000000
62883  13.129  -8.376  54.013 0.6250000000
58779  33.541  -12.308  50.234 0.5000000000
58783  27.348  -12.376  50.838 0.3750000000
62916  13.283  -8.774  52.071 0.7500000000
58799  35.862  -12.579  49.094 0.2500000000
58841  36.961  -12.558  47.558 0.2500000000
69364  33.905  -2.889  45.007 0.6250000000
71183  33.607  -1.119  45.019 0.6250000000
72113  38.457  0.696  41.092 0.6250000000
149252  38.210  0.275  38.632 0.5000000000
79364  49.101  7.220  26.579 0.3750000000
133014  7.802  -22.760  57.351 0.3750000000
44355  11.288  -25.576  54.123 0.3750000000
60787  7.816  -10.579  64.123 0.7500000000
61784  8.302  -10.011  64.058 0.7500000000
62832  13.439  -8.633  57.548 0.6250000000
43265  9.833  -27.092  58.628 0.1250000000
42218  7.828  -27.208  57.921 0.2500000000
41185  8.406  -28.682  55.741 0.2500000000
40171  8.770  -29.416  55.658 0.2500000000
45380  10.468  -24.776  58.730 0.1250000000
43297  9.345  -26.643  54.680 0.2500000000
43302  12.342  -26.462  53.523 0.3750000000
44319  8.090  -25.547  58.594 0.3750000000
44335  7.730  -25.814  57.145 0.5000000000
44345  7.861  -25.647  56.101 0.3750000000
43292  8.432  -26.389  55.339 0.3750000000
43303  11.263  -26.379  54.157 0.2500000000
43306  13.743  -26.604  51.981 0.3750000000
141732  8.223  -24.871  58.851 0.5000000000
44325  7.714  -25.548  58.035 0.2500000000
45366  9.860  -23.811  59.455 0.2500000000
135106  7.614  -24.969  57.421 0.5000000000
133065  8.005  -24.811  55.941 0.3750000000
138952  8.394  -24.847  55.407 0.3750000000
44364  13.195  -25.089  52.232 0.3750000000
44370  12.436  -25.436  49.998 0.3750000000
45367  9.399  -23.809  59.406 0.3750000000
51828  11.254  -18.609  60.810 0.3750000000
53019  12.445  -16.928  59.116 0.2500000000
56500  14.661  -14.806  57.523 0.2500000000
61763  8.519  -9.930  65.287 0.7500000000
60772  9.618  -10.434  66.903 0.7500000000
61794  10.777  -9.715  63.148 0.7500000000
61801  11.956  -9.796  62.115 0.7500000000
63924  10.453  -7.451  57.608 0.5000000000
62855  10.800  -8.126  55.331 0.5000000000
146559  11.132  -8.336  54.113 0.5000000000
127039  34.289  -12.018  49.053 0.2500000000
59930  33.240  -11.421  48.048 0.1250000000
61897  9.379  -9.780  50.464 0.5000000000
61771  8.740  -9.704  64.592 0.7500000000
61783  9.044  -9.675  64.002 0.7500000000
62780  9.487  -8.487  65.082 0.7500000000
61782  10.960  -8.980  63.772 0.7500000000
63922  12.426  -7.719  57.156 0.5000000000
62857  8.112  -8.661  55.911 0.5000000000
61926  13.176  -9.691  47.711 0.7500000000
60930  11.198  -9.828  47.833 0.7500000000
60953  13.560  -10.334  46.514 0.7500000000
62789  11.453  -8.192  63.774 0.7500000000
61781  11.586  -9.030  63.253 0.7500000000
62788  12.058  -7.638  63.177 0.7500000000
61800  12.602  -9.144  61.884 0.7500000000
62799  12.529  -8.192  62.414 0.7500000000
133386  11.905  -6.979  60.001 0.5000000000
62817  13.040  -8.264  60.624 0.7500000000
63891  12.619  -7.548  60.302 0.5000000000
63902  10.057  -6.872  59.380 0.5000000000
144920  11.727  -7.022  59.358 0.5000000000
63913  11.222  -7.238  58.232 0.5000000000
63914  10.020  -7.257  58.528 0.5000000000
63915  8.792  -7.387  58.565 0.5000000000
63912  12.264  -7.492  58.061 0.5000000000
63926  8.307  -7.778  57.968 0.5000000000
60944  9.020  -10.459  47.894 0.6250000000
63862  11.718  -6.765  63.090 0.5000000000
70290  33.408  -1.661  44.349 0.5000000000
81108  47.501  9.578  30.334 0.6250000000
80241  47.180  8.985  28.266 0.5000000000
79356  46.654  7.872  27.223 0.3750000000
79367  46.458  7.326  26.773 0.3750000000
78456  45.886  7.031  26.586 0.2500000000
72114  37.592  0.640  41.206 0.6250000000
79355  47.558  7.961  27.180 0.3750000000
79365  48.086  7.168  26.580 0.3750000000
149106  46.149  5.797  25.542 0.2500000000
76453  46.323  4.426  23.969 0.1250000000
125920  47.956  6.462  23.223 0.1250000000
137699  50.740  6.952  26.173 0.7500000000
79362  51.294  7.301  26.116 0.7500000000
78465  50.200  6.546  25.251 0.2500000000
80268  51.000  8.127  24.561 0.6250000000
80266  52.014  8.785  25.198 0.6250000000
80270  51.181  8.888  24.191 0.7500000000
81156  51.437  9.623  23.745 0.6250000000
51849  12.639  -17.833  57.926 0.1250000000
54224  13.279  -16.491  57.771 0.1250000000
53053  13.031  -17.251  57.466 0.1250000000
136551  12.946  -17.982  57.189 0.1250000000
54234  13.461  -16.713  56.923 0.1250000000
137660  13.193  -18.252  56.480 0.1250000000
55399  14.854  -14.958  56.697 0.1250000000
54233  14.033  -16.366  56.356 0.1250000000
56508  16.184  -14.218  55.846 0.2500000000
56504  15.514  -14.612  56.266 0.1250000000
55408  15.081  -15.330  55.911 0.1250000000
144841  14.389  -15.308  57.079 0.1250000000
54223  13.913  -15.938  57.174 0.1250000000
55400  14.489  -15.662  56.482 0.1250000000
63851  9.265  -8.105  66.022 0.6250000000
63850  9.361  -7.258  65.939 0.6250000000
133816  9.495  -6.571  65.588 0.6250000000
62779  10.063  -7.733  64.919 0.6250000000
133021  10.927  -8.237  67.405 0.6250000000
63842  10.269  -7.502  67.331 0.6250000000
66050  21.504  -5.570  56.756 0.2500000000
64952  20.977  -6.385  56.679 0.2500000000
131229  20.304  -6.858  56.734 0.2500000000
64872  9.862  -6.887  67.043 0.6250000000
66051  21.083  -5.954  56.129 0.2500000000
65984  10.551  -5.415  66.797 0.6250000000
66060  21.313  -5.227  55.943 0.2500000000
64960  20.394  -6.506  55.991 0.2500000000
67099  10.269  -5.099  66.224 0.6250000000
67170  21.080  -4.981  55.180 0.2500000000
66061  20.863  -5.875  55.443 0.2500000000
64953  19.569  -6.984  56.383 0.2500000000
125837  9.784  -5.463  65.880 0.6250000000
133206  9.613  -5.816  65.472 0.6250000000
66069  20.602  -5.721  54.534 0.2500000000
64967  20.202  -6.430  55.098 0.2500000000
63854  10.339  -5.998  64.448 0.6250000000
67179  20.953  -4.690  54.387 0.2500000000
59966  38.750  -11.375  45.562 0.3750000000
127118  37.937  -11.665  45.232 0.2500000000
64932  21.632  -6.867  58.810 0.2500000000
63896  20.551  -7.720  59.318 0.2500000000
63888  19.311  -8.181  60.119 0.5000000000
60770  10.981  -10.549  67.423 0.6250000000
66042  21.845  -5.738  57.605 0.2500000000
64942  21.540  -6.457  57.927 0.2500000000
63910  20.840  -7.392  58.676 0.2500000000
63897  19.619  -7.850  59.426 0.5000000000
63889  18.358  -7.854  60.299 0.5000000000
61753  10.420  -9.910  67.292 0.6250000000
68200  22.028  -3.920  57.258 0.2500000000
67154  21.952  -4.863  57.343 0.2500000000
64933  21.074  -7.029  58.134 0.2500000000
64934  20.263  -7.268  58.053 0.2500000000
64935  18.984  -7.538  58.858 0.2500000000
64875  12.674  -6.028  66.632 0.6250000000
64869  12.424  -6.553  66.846 0.6250000000
67161  21.654  -4.468  56.527 0.2500000000
64951  21.405  -6.237  57.240 0.2500000000
64943  20.792  -6.842  57.413 0.2500000000
124510  19.334  -7.397  58.137 0.2500000000
65987  13.387  -5.145  65.607 0.5000000000
65977  11.957  -5.889  66.959 0.6250000000
68209  21.816  -3.607  56.532 0.2500000000
148961  21.595  -3.936  56.151 0.2500000000
148667  18.814  -7.276  57.630 0.2500000000
140731  18.450  -7.285  58.281 0.5000000000
64919  18.128  -7.286  59.031 0.5000000000
132787  15.155  -4.096  63.447 0.5000000000
67106  14.107  -4.415  64.556 0.5000000000
67100  13.109  -4.483  65.351 0.6250000000
65978  11.021  -5.865  67.175 0.6250000000
69256  21.901  -2.883  55.433 0.2500000000
68217  21.630  -3.537  55.756 0.2500000000
67169  21.418  -4.339  55.765 0.2500000000
64936  17.638  -6.862  58.436 0.5000000000
64921  16.830  -6.143  59.591 0.5000000000
66011  16.078  -5.250  61.103 0.5000000000
67116  15.608  -4.497  62.318 0.5000000000
68156  14.884  -3.361  63.142 0.3750000000
67107  13.494  -4.127  64.787 0.5000000000
67102  11.514  -4.234  65.847 0.6250000000
67178  21.300  -4.065  55.051 0.2500000000
64945  18.627  -7.086  56.872 0.2500000000
131112  18.015  -7.029  57.646 0.5000000000
66027  16.950  -6.240  58.709 0.5000000000
66028  16.398  -5.562  59.105 0.3750000000
67126  15.677  -4.540  61.454 0.5000000000
67117  15.323  -3.889  62.776 0.3750000000
68158  13.839  -3.130  63.921 0.3750000000
68152  12.587  -3.191  64.643 0.3750000000
67104  10.041  -4.725  65.481 0.3750000000
69261  21.742  -2.828  54.371 0.1250000000
68225  21.543  -3.356  54.978 0.1250000000
64961  19.557  -6.780  55.573 0.2500000000
64954  18.751  -6.903  55.960 0.2500000000
64946  17.732  -6.727  57.040 0.3750000000
66035  17.149  -6.358  57.699 0.3750000000
66036  16.506  -5.608  58.173 0.5000000000
67127  15.328  -3.908  61.916 0.3750000000
68161  14.581  -2.943  62.718 0.3750000000
69207  13.560  -2.570  63.395 0.3750000000
68150  10.330  -3.996  65.040 0.3750000000
68226  21.262  -3.735  54.202 0.2500000000
141721  19.486  -6.683  54.891 0.1250000000
64962  18.820  -6.801  55.168 0.2500000000
69208  12.616  -2.455  63.558 0.3750000000
69209  11.766  -2.504  63.671 0.3750000000
64893  11.018  -5.911  62.963 0.3750000000
68238  21.394  -3.174  53.583 0.1250000000
139236  20.898  -4.419  53.708 0.1250000000
66081  20.535  -5.255  53.646 0.1250000000
64968  19.854  -6.410  54.354 0.1250000000
64899  11.640  -6.478  62.246 0.3750000000
65993  23.769  -6.156  62.769 0.2500000000
64891  23.394  -6.478  62.586 0.2500000000
62792  22.605  -7.992  62.943 0.2500000000
62793  21.959  -8.679  63.003 0.3750000000
63874  26.271  -7.932  62.293 0.2500000000
66001  23.323  -5.984  62.205 0.2500000000
64892  23.078  -6.744  62.427 0.2500000000
129891  22.755  -7.336  62.468 0.2500000000
63867  22.337  -7.986  62.428 0.2500000000
129076  21.333  -8.943  62.495 0.3750000000
61790  19.872  -9.864  63.196 0.5000000000
137318  23.294  -5.678  61.740 0.2500000000
64897  22.898  -6.542  61.935 0.2500000000
63875  22.412  -7.471  61.811 0.2500000000
136901  21.676  -8.299  61.746 0.2500000000
62795  19.990  -9.514  62.251 0.5000000000
61791  18.633  -10.101  63.021 0.5000000000
61792  17.609  -9.768  63.122 0.5000000000
61755  14.947  -10.389  65.631 0.6250000000
59764  13.785  -10.918  66.557 0.6250000000
67130  23.257  -4.148  60.647 0.2500000000
136085  22.997  -5.937  61.136 0.2500000000
63885  22.550  -6.898  61.017 0.2500000000
147105  22.030  -7.596  61.027 0.2500000000
62813  20.873  -8.459  60.972 0.2500000000
61799  19.048  -9.762  62.176 0.5000000000
61780  16.464  -9.572  63.996 0.5000000000
62776  15.681  -9.008  64.333 0.5000000000
61769  15.477  -9.499  64.864 0.6250000000
61761  14.765  -9.627  65.625 0.6250000000
60767  13.852  -10.121  66.370 0.6250000000
138093  13.248  -11.026  66.942 0.6250000000
148306  22.966  -3.683  59.903 0.2500000000
66026  22.577  -5.580  59.461 0.2500000000
64917  22.591  -6.255  60.202 0.2500000000
64918  21.920  -7.190  59.993 0.2500000000
62814  19.980  -8.701  60.788 0.3750000000
62807  18.423  -9.076  61.475 0.5000000000
62797  17.044  -8.910  62.656 0.5000000000
62787  15.915  -8.615  63.744 0.5000000000
62777  15.019  -8.283  64.798 0.6250000000
62770  14.352  -8.790  65.886 0.6250000000
61757  13.797  -9.083  66.353 0.6250000000
61750  12.791  -9.686  66.924 0.6250000000
68192  22.579  -3.743  58.989 0.2500000000
67145  22.470  -4.888  58.771 0.2500000000
66034  22.195  -5.953  58.503 0.2500000000
63895  21.278  -7.426  59.291 0.2500000000
63887  20.449  -8.152  60.110 0.2500000000
62815  18.900  -8.600  60.772 0.5000000000
62808  17.453  -8.551  61.805 0.5000000000
62798  16.205  -8.262  63.069 0.5000000000
63860  15.656  -7.492  63.605 0.5000000000
63848  14.652  -7.261  64.961 0.6250000000
149226  13.894  -8.380  66.182 0.6250000000
128673  13.083  -8.894  66.718 0.6250000000
135104  12.343  -8.924  66.996 0.6250000000
68199  22.381  -3.422  58.000 0.2500000000
67146  22.214  -5.186  58.018 0.2500000000
63868  16.613  -7.927  62.304 0.5000000000
63869  16.021  -7.209  62.862 0.5000000000
63861  15.277  -6.726  64.156 0.5000000000
64877  14.827  -6.579  64.621 0.5000000000
64873  13.828  -6.670  65.896 0.6250000000
63839  12.876  -7.241  66.689 0.6250000000
62766  12.656  -8.077  66.820 0.6250000000
68208  22.167  -3.157  57.155 0.2500000000
63877  17.055  -7.471  61.455 0.5000000000
63878  16.453  -7.031  62.154 0.5000000000
64884  15.632  -6.435  63.454 0.5000000000
127762  15.017  -6.015  64.355 0.5000000000
65980  13.657  -5.862  65.777 0.5000000000
69253  21.995  -2.981  56.328 0.2500000000
63899  17.869  -7.278  59.819 0.5000000000
63890  17.576  -7.340  60.599 0.5000000000
64898  16.545  -6.528  61.618 0.5000000000
135047  16.056  -6.189  62.566 0.5000000000
65994  15.608  -5.490  63.272 0.5000000000
65990  14.527  -5.055  64.528 0.5000000000
69252  22.418  -2.484  56.016 0.2500000000
128959  17.171  -6.621  60.177 0.5000000000
64907  16.579  -6.074  60.845 0.5000000000
66002  15.823  -5.218  62.531 0.5000000000
66003  15.524  -4.625  63.079 0.5000000000
64920  17.423  -6.749  59.292 0.5000000000
144152  15.887  -5.023  61.857 0.5000000000
69255  22.425  -2.367  55.026 0.1250000000
67147  15.994  -4.944  58.561 0.3750000000
67137  15.891  -4.837  59.535 0.3750000000
67132  15.398  -3.976  60.955 0.3750000000
59871  39.542  -11.345  54.442 0.5000000000
66043  17.144  -6.236  56.716 0.3750000000
68169  14.566  -3.075  61.904 0.3750000000
68160  9.750  -3.402  63.691 0.3750000000
67111  9.584  -3.974  63.810 0.3750000000
61828  40.714  -9.122  53.479 0.5000000000
133515  40.002  -10.369  54.008 0.6250000000
125725  23.426  -1.552  53.804 0.1250000000
69268  22.469  -2.112  53.870 0.1250000000
64955  17.883  -6.713  56.308 0.3750000000
145810  16.147  -5.028  57.809 0.3750000000
67148  15.498  -4.243  58.946 0.3750000000
68184  15.026  -3.549  60.415 0.3750000000
69210  14.135  -2.688  62.324 0.3750000000
69213  11.864  -2.349  62.975 0.3750000000
68163  9.398  -3.590  63.115 0.3750000000
62889  41.073  -8.324  52.956 0.3750000000
62874  40.906  -8.476  53.232 0.3750000000
59880  40.226  -11.090  53.171 0.6250000000
64969  18.891  -6.657  54.316 0.1250000000
64963  18.025  -6.685  55.499 0.2500000000
66044  16.519  -5.519  57.208 0.3750000000
67155  16.017  -4.819  57.269 0.3750000000
66012  10.087  -5.348  62.525 0.3750000000
60891  40.919  -9.880  52.903 0.6250000000
59892  40.099  -11.070  52.281 0.6250000000
68239  21.044  -3.825  53.260 0.1250000000
66070  20.157  -5.988  53.839 0.1250000000
64978  19.476  -6.356  53.609 0.1250000000
63962  40.723  -7.499  52.148 0.6250000000
62905  40.903  -8.248  52.470 0.6250000000
61873  40.789  -8.981  52.065 0.5000000000
60905  40.355  -10.461  51.888 0.6250000000
69269  21.748  -2.592  53.292 0.1250000000
134176  40.582  -6.824  51.820 0.6250000000
62906  40.676  -8.220  51.764 0.6250000000
147384  40.559  -8.876  51.359 0.5000000000
63963  40.518  -7.551  51.389 0.5000000000
62921  40.422  -8.327  50.938 0.5000000000
64999  40.404  -6.215  51.530 0.5000000000
138815  40.225  -6.965  50.891 0.6250000000
63864  25.699  -7.107  62.493 0.2500000000
64889  25.204  -6.416  62.584 0.2500000000
64890  24.452  -6.032  62.772 0.2500000000
65999  24.060  -5.274  62.491 0.2500000000
64896  26.729  -6.888  61.993 0.2500000000
64888  26.018  -6.195  62.334 0.2500000000
138891  25.316  -5.609  62.504 0.2500000000
65998  24.703  -5.132  62.527 0.2500000000
66000  23.669  -5.584  62.330 0.2500000000
66009  23.678  -5.011  61.803 0.2500000000
67112  25.476  -4.601  62.332 0.2500000000
67114  24.432  -4.278  62.308 0.2500000000
67124  23.733  -3.986  61.695 0.2500000000
129847  23.290  -2.658  60.098 0.2500000000
67125  23.550  -4.262  61.363 0.2500000000
150253  23.465  -2.222  59.641 0.2500000000
69234  22.856  -3.026  59.629 0.2500000000
70176  23.490  -2.025  58.741 0.2500000000
148154  22.828  -2.463  58.501 0.2500000000
69241  22.573  -2.905  58.759 0.2500000000
69247  23.089  -2.213  57.657 0.2500000000
69248  22.523  -2.766  57.858 0.2500000000
126444  22.469  -2.614  56.949 0.2500000000
127663  24.340  -1.616  56.248 0.2500000000
138966  23.614  -1.785  56.193 0.2500000000
69251  23.011  -2.115  56.588 0.2500000000
135710  38.223  -12.291  55.079 0.5000000000
70187  24.068  -1.586  55.463 0.1250000000
70188  23.028  -1.954  55.685 0.2500000000
58715  38.503  -11.795  55.376 0.6250000000
70197  23.194  -1.810  54.729 0.1250000000
143410  39.550  -10.918  54.772 0.5000000000
58714  39.100  -11.622  54.853 0.5000000000
70196  24.176  -1.421  54.498 0.1250000000
67118  9.215  -4.085  62.898 0.3750000000
62861  40.010  -8.872  53.716 0.3750000000
60880  39.700  -10.550  54.379 0.3750000000
68177  14.627  -3.138  60.891 0.3750000000
130215  13.318  -2.449  61.820 0.3750000000
68162  9.809  -3.013  63.269 0.3750000000
64973  40.189  -6.296  53.230 0.3750000000
63949  40.074  -7.262  53.485 0.3750000000
70204  24.363  -1.164  53.723 0.1250000000
64970  17.884  -6.496  54.172 0.2500000000
141135  16.693  -5.771  55.711 0.2500000000
67162  16.114  -4.976  56.549 0.2500000000
67156  15.620  -4.394  57.885 0.3750000000
68193  15.048  -3.636  59.389 0.3750000000
63948  40.634  -7.177  53.158 0.3750000000
64909  10.441  -6.114  61.071 0.3750000000
64982  40.617  -6.356  52.634 0.3750000000
143681  40.797  -6.954  52.825 0.3750000000
70206  22.901  -1.572  52.978 0.1250000000
70214  22.190  -1.991  52.745 0.1250000000
67194  20.627  -4.619  53.032 0.1250000000
66085  40.425  -5.748  52.422 0.3750000000
66105  40.097  -5.676  51.255 0.5000000000
132059  27.910  -7.798  61.496 0.2500000000
146006  27.518  -7.112  61.627 0.2500000000
67115  23.891  -4.604  62.075 0.2500000000
67122  26.015  -3.736  61.918 0.2500000000
67113  25.117  -3.739  62.198 0.2500000000
68166  24.338  -3.030  61.768 0.2500000000
67123  23.988  -3.670  61.986 0.2500000000
129798  26.445  -3.038  61.357 0.2500000000
69215  25.960  -2.498  61.146 0.2500000000
69217  24.166  -2.804  61.399 0.2500000000
68167  23.835  -3.255  61.553 0.2500000000
69222  26.382  -2.398  60.371 0.2500000000
69233  24.905  -2.134  60.147 0.2500000000
125922  23.908  -2.296  60.292 0.2500000000
69232  25.913  -2.115  59.894 0.2500000000
70171  25.371  -1.796  59.308 0.2500000000
70172  24.243  -1.929  59.483 0.2500000000
69240  26.320  -1.789  59.053 0.2500000000
70174  25.745  -1.636  58.603 0.2500000000
70175  24.713  -1.704  58.512 0.2500000000
70180  23.943  -1.787  57.891 0.2500000000
131195  25.510  -1.638  58.000 0.2500000000
70179  24.826  -1.614  57.557 0.2500000000
70178  25.783  -1.540  57.281 0.2500000000
70183  25.037  -1.512  56.723 0.2500000000
126610  23.954  -1.834  56.970 0.2500000000
70185  25.912  -1.409  55.528 0.1250000000
70182  25.871  -1.495  56.395 0.2500000000
70184  26.377  -1.627  55.199 0.1250000000
70186  25.108  -1.448  55.891 0.1250000000
70194  26.032  -1.258  54.784 0.1250000000
124442  25.213  -1.238  54.980 0.1250000000
61821  39.314  -10.804  54.855 0.5000000000
70193  26.394  -1.574  54.417 0.1250000000
68164  8.981  -3.820  62.537 0.3750000000
70203  26.123  -1.236  54.170 0.1250000000
71105  25.692  -1.070  54.261 0.1250000000
70195  24.957  -1.118  54.255 0.1250000000
69225  14.153  -2.914  60.257 0.3750000000
69219  12.029  -2.354  61.900 0.3750000000
68170  9.336  -3.355  62.516 0.3750000000
66004  9.086  -4.535  62.492 0.3750000000
66062  17.465  -6.384  54.955 0.2500000000
68201  15.104  -3.696  58.379 0.2500000000
68185  14.620  -3.256  59.833 0.3750000000
66013  9.048  -5.027  62.143 0.3750000000
70202  26.302  -1.365  53.670 0.1250000000
71112  26.049  -0.865  53.520 0.1250000000
66082  19.994  -5.876  53.175 0.1250000000
64979  18.501  -6.484  53.310 0.1250000000
64910  9.152  -5.963  60.745 0.3750000000
64901  9.627  -5.539  61.655 0.3750000000
67188  39.406  -4.765  53.173 0.2500000000
66076  39.828  -5.462  53.178 0.2500000000
71114  24.719  -0.628  53.074 0.1250000000
70205  23.760  -1.147  52.986 0.1250000000
68254  21.156  -3.068  52.683 0.1250000000
68255  20.648  -3.975  52.340 0.1250000000
66091  20.287  -5.299  52.910 0.1250000000
68232  38.937  -4.163  53.007 0.2500000000
66075  40.368  -5.915  52.830 0.3750000000
67212  39.592  -4.572  51.883 0.2500000000
66097  40.370  -5.646  51.879 0.3750000000
129274  39.448  -4.706  51.199 0.3750000000
66098  39.959  -5.125  51.584 0.3750000000
64895  27.611  -6.240  61.550 0.2500000000
133539  26.764  -5.782  61.796 0.2500000000
145420  26.852  -3.703  61.468 0.2500000000
139820  27.337  -3.257  60.995 0.2500000000
67121  27.563  -4.093  61.200 0.2500000000
69231  26.692  -2.287  59.528 0.2500000000
68173  26.839  -2.729  60.714 0.2500000000
68172  27.419  -3.295  60.249 0.2500000000
69230  27.160  -2.767  59.228 0.2500000000
70173  26.274  -1.808  58.077 0.2500000000
69239  26.818  -2.103  58.723 0.2500000000
70177  26.352  -1.763  57.007 0.2500000000
128568  26.713  -2.170  57.721 0.2500000000
70181  26.278  -1.757  56.029 0.2500000000
69246  26.616  -2.042  56.637 0.2500000000
69250  26.525  -2.112  55.701 0.1250000000
137359  26.479  -2.742  56.300 0.1250000000
69245  12.154  -2.718  59.188 0.2500000000
69238  11.911  -2.605  59.998 0.2500000000
69254  26.554  -2.145  54.808 0.1250000000
69236  13.580  -2.666  59.589 0.2500000000
68187  10.140  -3.369  60.048 0.2500000000
68179  9.532  -3.347  61.028 0.3750000000
68210  15.134  -3.736  57.397 0.2500000000
68194  14.676  -3.236  58.822 0.2500000000
69226  13.460  -2.584  60.618 0.3750000000
69229  11.019  -2.656  61.554 0.3750000000
67133  7.743  -4.539  60.610 0.3750000000
130612  21.566  -2.352  52.336 0.1250000000
69280  21.099  -2.651  51.915 0.1250000000
69281  20.743  -3.211  51.809 0.1250000000
66071  16.933  -6.015  54.279 0.2500000000
67171  16.253  -5.237  55.622 0.2500000000
68171  8.619  -3.846  62.000 0.3750000000
66005  8.426  -4.807  61.736 0.3750000000
66021  7.438  -5.584  60.613 0.3750000000
64987  19.314  -6.246  52.759 0.1250000000
64902  8.357  -5.379  61.231 0.3750000000
68233  38.170  -3.822  53.372 0.2500000000
68250  38.514  -3.667  52.760 0.2500000000
68277  38.991  -4.122  51.483 0.3750000000
68265  38.315  -3.661  51.470 0.3750000000
66007  27.639  -5.155  61.385 0.2500000000
69221  26.976  -2.824  59.954 0.2500000000
71176  15.690  -0.518  47.465 0.1250000000
69338  15.254  -1.910  47.802 0.1250000000
69328  14.809  -2.244  48.438 0.1250000000
68300  14.752  -3.144  49.639 0.1250000000
71175  16.551  -1.106  47.473 0.1250000000
128338  15.831  -1.499  47.534 0.1250000000
69327  15.543  -2.583  48.085 0.1250000000
69314  15.122  -2.907  48.831 0.1250000000
71166  17.851  -0.904  48.062 0.1250000000
70273  17.315  -1.673  47.676 0.1250000000
68311  15.870  -3.247  48.492 0.1250000000
68299  15.489  -3.528  49.287 0.1250000000
150062  26.955  -2.569  58.501 0.2500000000
70262  18.544  -1.320  48.538 0.1250000000
69337  16.416  -2.773  47.880 0.1250000000
140864  26.730  -2.585  57.089 0.2500000000
71157  19.701  -0.702  49.622 0.1250000000
70249  19.573  -1.414  49.474 0.1250000000
69326  17.795  -2.483  47.980 0.1250000000
69336  17.101  -2.459  47.730 0.1250000000
68298  16.245  -3.868  48.941 0.1250000000
69313  18.632  -2.355  48.539 0.1250000000
68309  17.332  -3.228  48.146 0.1250000000
67252  17.077  -4.023  48.655 0.1250000000
71147  20.271  -0.209  49.932 0.1250000000
70248  20.219  -1.171  49.955 0.1250000000
69312  19.349  -2.209  49.246 0.1250000000
68296  19.296  -3.487  49.476 0.1250000000
68204  13.096  -2.777  58.106 0.1250000000
68195  12.341  -2.939  58.379 0.2500000000
134230  11.573  -3.167  58.736 0.2500000000
68207  26.559  -3.461  56.965 0.1250000000
141894  21.045  -0.039  50.270 0.1250000000
70235  20.948  -0.840  50.367 0.1250000000
70237  19.979  -2.033  49.882 0.1250000000
68285  19.773  -3.595  50.231 0.1250000000
68211  14.650  -3.328  56.968 0.1250000000
69249  13.734  -2.771  57.926 0.1250000000
69244  12.923  -2.633  58.929 0.2500000000
130715  11.524  -2.897  59.433 0.2500000000
71146  21.780  -0.415  50.650 0.1250000000
69293  20.783  -2.637  51.175 0.1250000000
68271  20.032  -4.067  50.993 0.1250000000
66083  16.604  -5.644  53.466 0.1250000000
150211  16.450  -5.506  54.120 0.1250000000
67181  15.646  -4.625  54.982 0.1250000000
69243  13.659  -2.691  58.653 0.2500000000
131842  9.174  -3.664  60.409 0.2500000000
70225  21.543  -1.357  50.944 0.1250000000
68270  20.421  -3.804  51.563 0.1250000000
67218  20.180  -4.467  51.645 0.1250000000
143613  19.161  -5.669  51.235 0.1250000000
66101  18.514  -6.006  51.490 0.1250000000
64980  17.461  -6.255  53.414 0.1250000000
130150  16.322  -5.378  54.700 0.1250000000
67163  15.597  -4.335  56.921 0.2500000000
68202  14.687  -3.254  57.871 0.1250000000
69235  14.223  -2.904  59.228 0.2500000000
70224  22.248  -0.995  51.312 0.1250000000
125771  21.902  -1.700  51.802 0.1250000000
67207  20.269  -4.914  52.313 0.1250000000
67172  15.616  -4.448  56.001 0.2500000000
66015  7.352  -5.085  60.734 0.3750000000
70213  22.579  -1.387  52.104 0.1250000000
66092  19.834  -5.640  52.438 0.1250000000
64912  6.967  -6.191  60.163 0.3750000000
70212  23.220  -1.084  52.351 0.1250000000
127416  37.302  -3.421  53.788 0.2500000000
68251  37.908  -3.233  53.169 0.2500000000
69262  37.251  -2.815  53.384 0.2500000000
69274  38.077  -3.378  52.293 0.2500000000
69287  37.563  -3.182  51.566 0.2500000000
68278  38.546  -4.047  50.758 0.2500000000
63883  29.621  -7.035  60.553 0.1250000000
63884  29.114  -6.472  60.704 0.2500000000
70252  12.754  -1.251  49.914 0.1250000000
70238  12.494  -1.911  50.599 0.1250000000
69295  12.222  -2.394  51.268 0.1250000000
63871  28.835  -7.678  61.003 0.2500000000
63872  28.309  -6.810  61.344 0.2500000000
64894  28.543  -5.654  60.909 0.2500000000
71159  13.231  -0.602  49.289 0.1250000000
68275  12.712  -2.845  51.644 0.1250000000
69282  12.011  -2.907  51.977 0.1250000000
143988  12.212  -3.378  52.652 0.1250000000
70265  13.941  -1.014  48.632 0.1250000000
70251  13.506  -1.510  49.375 0.1250000000
69306  13.303  -2.169  50.133 0.1250000000
69294  12.958  -2.608  50.984 0.1250000000
68259  12.842  -3.207  52.298 0.1250000000
66006  28.315  -4.609  60.670 0.2500000000
70276  14.479  -0.912  48.023 0.1250000000
70264  14.580  -1.528  48.184 0.1250000000
70250  14.153  -1.838  48.870 0.1250000000
69316  13.864  -2.153  49.508 0.1250000000
68288  13.721  -2.921  50.757 0.1250000000
68274  13.466  -3.168  51.684 0.1250000000
68244  11.873  -3.752  53.348 0.1250000000
68182  27.497  -3.395  59.739 0.2500000000
67120  27.960  -3.824  60.475 0.2500000000
69315  14.438  -2.509  49.207 0.1250000000
69305  14.078  -2.691  49.971 0.1250000000
68230  12.621  -3.679  54.036 0.1250000000
67135  28.071  -4.011  59.655 0.2500000000
130140  15.166  -3.701  50.122 0.1250000000
68287  14.455  -3.282  50.463 0.1250000000
68273  14.216  -3.548  52.118 0.1250000000
68258  13.606  -3.432  52.639 0.1250000000
130850  12.474  -3.729  54.761 0.1250000000
68190  27.491  -3.537  59.357 0.2500000000
67221  15.262  -4.185  51.479 0.1250000000
68257  14.307  -3.670  52.975 0.1250000000
147171  13.301  -3.511  53.970 0.1250000000
67144  26.949  -3.968  58.379 0.2500000000
68191  27.192  -3.273  58.771 0.2500000000
68272  14.917  -3.969  52.345 0.1250000000
68241  14.391  -3.683  53.862 0.1250000000
68229  13.867  -3.452  54.398 0.1250000000
125371  13.169  -3.487  54.711 0.1250000000
68221  12.715  -3.513  55.620 0.1250000000
68198  26.764  -3.130  57.916 0.2500000000
67244  15.893  -4.136  49.757 0.1250000000
67232  15.571  -4.272  50.627 0.1250000000
68256  14.898  -4.000  53.291 0.1250000000
125383  12.466  -3.422  56.810 0.1250000000
130155  11.600  -3.782  56.912 0.2500000000
67251  17.919  -3.990  48.634 0.1250000000
67230  17.154  -5.030  49.859 0.1250000000
67220  16.017  -4.882  51.284 0.1250000000
141072  15.510  -4.508  52.032 0.1250000000
67196  15.415  -4.469  53.613 0.1250000000
68228  14.555  -3.644  54.798 0.1250000000
68220  13.863  -3.327  55.492 0.1250000000
68213  13.309  -3.250  56.350 0.1250000000
68196  10.754  -3.700  58.418 0.2500000000
67152  26.587  -4.231  57.724 0.2500000000
67229  18.955  -4.897  50.092 0.1250000000
66122  17.850  -5.024  49.671 0.1250000000
66113  16.914  -5.360  50.708 0.1250000000
67209  16.001  -5.035  52.272 0.1250000000
68240  14.950  -4.012  54.106 0.1250000000
150691  14.531  -3.509  55.464 0.1250000000
68212  14.030  -3.123  56.585 0.1250000000
136574  12.607  -3.101  57.655 0.1250000000
68205  11.758  -3.455  57.759 0.2500000000
67240  19.171  -4.186  49.676 0.1250000000
66121  18.345  -5.136  49.959 0.1250000000
66112  17.761  -5.393  50.271 0.1250000000
66103  16.810  -5.633  51.774 0.1250000000
67195  15.919  -5.072  53.138 0.1250000000
68227  15.059  -3.845  55.495 0.1250000000
68219  14.575  -3.427  56.073 0.1250000000
124379  13.361  -2.986  57.252 0.1250000000
124782  10.201  -3.620  59.196 0.2500000000
133603  19.534  -4.473  50.448 0.1250000000
66110  19.362  -5.167  50.794 0.1250000000
66094  17.148  -5.994  52.645 0.1250000000
67180  15.942  -5.019  54.046 0.1250000000
68218  15.128  -3.776  56.465 0.1250000000
68189  8.469  -4.080  60.163 0.3750000000
67219  19.794  -4.721  51.077 0.1250000000
64997  17.732  -6.135  51.977 0.1250000000
67141  6.947  -5.021  60.169 0.3750000000
64925  7.468  -6.641  59.864 0.3750000000
141104  36.851  -2.766  53.980 0.2500000000
61855  7.437  -9.390  53.029 0.3750000000
61854  7.934  -9.413  53.463 0.3750000000
69275  37.490  -2.900  52.587 0.2500000000
69288  36.980  -2.576  52.039 0.2500000000
61887  7.420  -9.401  51.787 0.3750000000
61871  7.597  -9.470  52.371 0.3750000000
61886  8.105  -9.613  51.794 0.3750000000
69298  37.239  -3.243  50.631 0.2500000000
64905  29.413  -5.591  60.365 0.2500000000
66018  29.185  -4.867  60.258 0.2500000000
66017  29.750  -5.318  59.946 0.2500000000
141763  29.348  -4.776  59.924 0.2500000000
67129  28.779  -4.295  60.057 0.2500000000
67134  28.964  -4.489  59.836 0.2500000000
68181  28.138  -3.856  59.950 0.2500000000
67142  28.545  -4.635  59.486 0.2500000000
66032  28.439  -5.284  59.035 0.2500000000
67143  27.660  -4.335  58.981 0.2500000000
68214  11.798  -3.838  56.094 0.2500000000
67164  11.137  -4.350  55.593 0.2500000000
68215  11.041  -4.211  56.494 0.2500000000
68206  10.927  -3.990  57.394 0.2500000000
68197  9.729  -4.026  58.745 0.2500000000
67139  8.723  -4.303  59.233 0.2500000000
67140  7.676  -4.554  59.785 0.3750000000
67151  7.067  -5.102  59.460 0.3750000000
66022  6.791  -5.719  60.151 0.3750000000
64913  6.668  -6.218  59.876 0.3750000000
64927  6.681  -6.395  59.596 0.3750000000
62904  6.726  -8.713  52.977 0.3750000000
62888  6.579  -8.764  53.824 0.3750000000
63904  7.159  -6.970  59.293 0.3750000000
150788  35.900  -2.304  54.275 0.1250000000
63961  6.570  -8.024  52.519 0.3750000000
61841  6.866  -9.136  54.116 0.3750000000
62872  7.072  -8.855  54.908 0.3750000000
62828  7.309  -7.792  58.028 0.3750000000
70198  36.110  -1.844  53.635 0.1250000000
70211  35.599  -1.234  53.229 0.2500000000
137586  6.616  -8.114  51.674 0.3750000000
62920  6.759  -8.730  52.140 0.3750000000
61872  7.100  -9.186  52.511 0.3750000000
70210  36.320  -1.900  53.044 0.2500000000
70219  36.427  -2.049  52.377 0.2500000000
139835  6.867  -8.761  51.380 0.3750000000
70230  36.413  -2.193  51.580 0.2500000000
133741  7.215  -9.234  51.052 0.3750000000
149668  7.669  -9.584  51.165 0.3750000000
63882  30.416  -7.076  60.218 0.2500000000
64904  30.013  -6.165  60.175 0.2500000000
66016  30.141  -5.988  59.576 0.2500000000
66024  29.645  -5.397  59.676 0.2500000000
66025  29.227  -5.217  59.464 0.2500000000
67165  10.399  -4.683  56.024 0.2500000000
67174  10.414  -4.753  55.108 0.2500000000
67166  9.603  -4.928  56.464 0.2500000000
67157  10.268  -4.481  56.932 0.2500000000
67158  9.416  -4.758  57.366 0.2500000000
67149  10.072  -4.284  57.861 0.2500000000
141275  7.911  -4.833  58.807 0.2500000000
66030  6.601  -6.178  59.676 0.3750000000
63946  6.427  -8.021  54.250 0.3750000000
134754  6.494  -7.761  55.143 0.3750000000
63936  6.349  -7.585  56.098 0.3750000000
63905  6.715  -6.716  59.192 0.3750000000
62873  6.699  -8.540  54.597 0.3750000000
62859  6.710  -8.302  55.542 0.3750000000
62846  6.700  -8.007  56.561 0.3750000000
71102  35.045  -0.819  54.127 0.1250000000
62845  7.502  -8.346  56.606 0.3750000000
144354  35.989  -1.681  51.931 0.2500000000
126361  35.380  -1.089  51.779 0.2500000000
70231  35.722  -1.720  51.237 0.2500000000
142336  6.901  -8.885  50.712 0.3750000000
61899  7.469  -9.672  50.421 0.3750000000
60913  7.811  -10.074  49.863 0.3750000000
66054  8.822  -5.275  56.021 0.2500000000
67167  8.813  -5.202  56.887 0.2500000000
130322  7.885  -5.471  56.223 0.2500000000
67159  8.443  -5.070  57.773 0.2500000000
66066  7.141  -5.585  55.690 0.2500000000
150107  8.389  -5.368  56.560 0.2500000000
66056  6.994  -5.723  56.601 0.2500000000
66055  7.845  -5.483  57.111 0.3750000000
66045  7.309  -5.353  58.185 0.2500000000
150578  7.261  -5.214  58.873 0.3750000000
66057  6.415  -6.264  57.012 0.3750000000
66046  6.752  -5.775  57.535 0.3750000000
150569  6.525  -5.826  58.328 0.3750000000
66029  6.677  -5.670  59.676 0.3750000000
66047  6.280  -6.273  57.959 0.3750000000
66038  6.469  -6.165  58.911 0.3750000000
63906  6.589  -6.527  59.107 0.3750000000
64964  6.204  -6.746  56.449 0.3750000000
63928  6.314  -7.177  57.830 0.3750000000
63927  6.601  -7.539  58.005 0.3750000000
150284  6.575  -7.560  57.383 0.3750000000
71103  34.595  -0.076  54.174 0.1250000000
71108  35.136  -0.558  53.663 0.2500000000
71985  34.845  1.174  52.976 0.2500000000
71130  35.181  -0.526  52.339 0.2500000000
66067  6.438  -5.999  56.006 0.3750000000
71977  34.772  0.405  53.577 0.2500000000
73927  34.547  2.418  53.915 0.2500000000
71994  34.895  0.517  52.264 0.2500000000
125557  34.890  1.406  52.260 0.2500000000
71995  34.814  1.073  51.554 0.2500000000
72074  34.603  0.231  44.672 0.5000000000
72062  35.105  0.706  45.308 0.3750000000
72088  34.901  0.285  43.794 0.5000000000
72073  35.459  0.670  44.430 0.3750000000
72087  35.835  0.626  43.572 0.5000000000
72196  42.670  0.047  34.559 0.2500000000
72100  35.691  0.323  41.767 0.5000000000
78412  45.798  7.266  32.056 0.5000000000
79334  46.167  7.877  31.660 0.5000000000
78413  45.155  6.963  31.773 0.5000000000
73026  36.720  1.561  45.541 0.3750000000
72061  36.036  1.112  45.009 0.3750000000
73044  36.989  1.393  44.779 0.3750000000
72072  36.410  0.961  44.217 0.5000000000
71246  34.915  -0.467  37.903 0.1250000000
80228  46.558  8.468  31.245 0.5000000000
80231  46.331  8.716  30.439 0.3750000000
80236  45.328  8.489  29.272 0.3750000000
73043  37.929  1.513  44.726 0.5000000000
72071  37.390  1.172  44.088 0.5000000000
72085  37.781  1.029  43.380 0.3750000000
72086  36.816  0.856  43.435 0.5000000000
72099  38.109  0.898  42.663 0.5000000000
132911  36.823  0.620  41.883 0.5000000000
138279  37.230  0.782  42.684 0.5000000000
71260  35.635  -0.392  37.312 0.2500000000
149327  48.492  10.193  30.396 0.5000000000
81125  48.142  9.649  28.891 0.5000000000
132373  38.312  0.773  41.889 0.5000000000
71276  38.364  -0.519  36.546 0.1250000000
83827  53.608  11.973  32.347 0.2500000000
82912  53.193  11.345  32.068 0.2500000000
83845  53.977  12.460  31.806 0.1250000000
82911  53.775  11.711  31.611 0.1250000000
83858  54.208  12.193  31.129 0.1250000000
82915  53.258  11.126  31.205 0.1250000000
82913  54.449  11.969  30.339 0.1250000000
82921  54.189  11.197  29.949 0.1250000000
80249  51.344  8.247  27.168 0.6250000000
81064  51.182  9.869  35.079 0.3750000000
84831  53.613  12.908  32.326 0.1250000000
82904  53.068  11.527  32.840 0.2500000000
148468  53.922  13.240  31.806 0.1250000000
83857  54.500  12.782  30.641 0.1250000000
83844  54.235  12.999  31.307 0.1250000000
84854  53.994  13.862  31.380 0.1250000000
83875  54.850  12.718  29.804 0.1250000000
82920  54.704  11.739  29.461 0.1250000000
82020  54.395  10.966  29.049 0.1250000000
79371  51.808  7.791  25.997 0.7500000000
81139  52.781  8.950  26.089 0.2500000000
80259  52.301  8.407  25.877 0.5000000000
80260  51.741  8.073  25.465 0.7500000000
84853  54.395  13.595  30.824 0.1250000000
85866  53.553  14.774  31.305 0.1250000000
82027  54.520  10.689  28.235 0.2500000000
82947  54.924  11.248  27.737 0.1250000000
79372  51.334  7.499  25.591 0.7500000000
81145  52.557  9.179  25.517 0.2500000000
81152  52.311  9.539  24.805 0.5000000000
79389  48.975  8.109  22.587 0.1250000000
80274  50.192  8.982  23.057 0.1250000000
80275  49.586  8.419  22.997 0.1250000000
82946  55.300  11.922  27.094 0.1250000000
82959  55.155  11.876  26.087 0.1250000000
82043  54.281  11.206  25.984 0.1250000000
81151  52.897  9.982  25.178 0.2500000000
150117  53.947  11.166  25.281 0.2500000000
82048  53.404  10.815  24.716 0.2500000000
82049  52.667  10.296  24.364 0.2500000000
82053  51.785  10.281  23.254 0.5000000000
81160  50.636  9.642  22.502 0.1250000000
81161  50.070  9.268  22.135 0.1250000000
128465  49.081  8.811  21.088 0.1250000000
80282  48.749  8.575  20.307 0.1250000000
82974  54.632  11.634  25.313 0.1250000000
82992  53.679  11.370  24.062 0.2500000000
82055  52.925  11.099  22.991 0.3750000000
82056  52.265  10.763  22.703 0.3750000000
82057  51.669  10.443  22.418 0.5000000000
81164  50.611  9.783  21.386 0.1250000000
81165  49.811  9.266  21.218 0.1250000000
80280  50.315  9.476  20.377 0.1250000000
128827  50.090  9.005  19.406 0.1250000000
80286  49.126  8.590  19.534 0.1250000000
79404  48.942  7.422  18.064 0.1250000000
78520  50.317  6.585  16.993 0.1250000000
83005  54.419  11.873  23.778 0.2500000000
82060  52.168  10.775  21.879 0.3750000000
82061  51.368  10.233  21.205 0.2500000000
131832  52.028  10.533  21.183 0.2500000000
81168  51.185  9.883  20.360 0.2500000000
80293  49.523  8.278  18.695 0.1250000000
80292  50.489  8.510  18.493 0.1250000000
79403  50.014  7.794  17.963 0.1250000000
80298  50.878  8.092  17.799 0.1250000000
78519  51.125  6.980  16.842 0.1250000000
78535  52.162  7.006  15.528 0.1250000000
78528  51.915  6.775  16.111 0.1250000000
79431  52.413  8.136  15.594 0.1250000000
83032  53.521  11.450  21.659 0.3750000000
82059  52.795  10.992  21.185 0.2500000000
82065  52.426  10.501  20.471 0.1250000000
82066  51.783  10.271  20.623 0.1250000000
136204  51.520  9.606  19.441 0.1250000000
80285  50.820  9.447  19.694 0.1250000000
80284  51.005  9.124  18.957 0.1250000000
80297  51.391  8.641  18.170 0.1250000000
79410  51.395  7.780  17.261 0.1250000000
79418  52.073  7.649  16.188 0.1250000000
79409  51.981  8.049  16.865 0.1250000000
79439  52.410  7.603  14.866 0.1250000000
82069  53.515  10.573  19.525 0.1250000000
82070  52.763  10.319  19.690 0.1250000000
81167  51.975  10.110  19.923 0.1250000000
126051  53.770  10.434  18.900 0.1250000000
81170  53.156  10.094  18.945 0.1250000000
80291  51.797  9.257  18.680 0.1250000000
82074  53.640  10.075  18.175 0.1250000000
145666  52.808  9.537  18.262 0.1250000000
81176  53.191  9.557  17.485 0.1250000000
80300  52.784  9.130  16.907 0.1250000000
81177  52.660  9.173  17.567 0.1250000000
150182  51.376  8.252  17.665 0.1250000000
132267  52.943  9.255  16.137 0.1250000000
124325  51.791  8.401  17.512 0.1250000000
80310  52.897  9.050  15.298 0.1250000000
81175  53.878  10.032  17.174 0.1250000000
147294  53.290  9.542  16.782 0.1250000000
131795  53.699  9.819  16.233 0.1250000000
81189  53.487  9.599  15.555 0.1250000000
129711  11.714  -11.184  67.369 0.6250000000
144113  24.018  -6.732  63.014 0.2500000000
64882  23.528  -7.002  62.936 0.2500000000
64883  23.052  -7.327  62.873 0.2500000000
58726  38.710  -12.159  54.665 0.5000000000
59881  39.691  -11.528  53.629 0.5000000000
66106  39.195  -4.999  50.425 0.3750000000
67223  38.998  -4.437  50.801 0.3750000000
68279  37.922  -3.647  50.694 0.2500000000
69299  36.892  -2.758  51.182 0.2500000000
72007  34.889  -0.046  51.428 0.2500000000
76375  44.593  4.855  32.820 0.5000000000
80240  48.019  9.102  28.086 0.5000000000
82960  54.660  11.253  26.838 0.1250000000
60769  12.542  -10.574  67.160 0.6250000000
62786  16.687  -9.247  63.385 0.5000000000
60901  40.609  -10.488  52.737 0.5000000000
55407  15.682  -14.910  55.392 0.1250000000
141525  11.692  -10.376  67.346 0.6250000000
62768  9.611  -8.663  66.955 0.6250000000
62769  9.302  -8.981  66.533 0.6250000000
62772  8.825  -9.449  65.563 0.6250000000
63847  9.413  -8.244  66.524 0.6250000000
62775  9.104  -8.947  65.611 0.6250000000
136022  10.638  -9.097  67.386 0.6250000000
62767  10.044  -8.388  67.319 0.6250000000
62774  9.327  -8.249  65.660 0.6250000000
62778  10.806  -7.530  64.372 0.6250000000
80232  45.601  8.413  30.132 0.3750000000
81115  48.170  10.020  29.852 0.5000000000
80272  50.099  8.281  23.567 0.1250000000
81155  52.036  9.931  24.056 0.5000000000
144913  37.620  0.729  42.062 0.5000000000
81157  50.839  9.328  23.422 0.2500000000
81159  51.205  9.974  22.909 0.3750000000
53074  13.284  -17.465  56.696 0.1250000000
54244  14.632  -16.115  55.703 0.1250000000
63846  9.528  -7.245  66.506 0.6250000000
64876  9.769  -6.422  66.685 0.6250000000
64879  9.551  -6.332  66.126 0.6250000000
63855  10.041  -6.838  64.904 0.6250000000
136117  11.525  -8.998  67.278 0.6250000000
63840  12.180  -7.297  66.998 0.6250000000
64871  10.617  -6.640  67.290 0.6250000000
64944  19.680  -7.211  57.293 0.2500000000
65979  10.164  -6.075  67.012 0.6250000000
67098  10.998  -4.823  66.408 0.6250000000
67103  10.670  -4.423  65.767 0.6250000000
65988  9.740  -5.043  65.146 0.3750000000
126919  9.698  -5.363  64.860 0.6250000000
65991  10.067  -5.102  64.106 0.3750000000
64886  11.145  -6.378  63.778 0.5000000000
126676  21.166  -7.719  59.846 0.2500000000
61752  11.208  -9.792  67.376 0.6250000000
63911  19.922  -7.578  58.720 0.2500000000
63898  18.682  -7.662  59.592 0.5000000000
65981  13.019  -5.606  66.201 0.6250000000
65982  12.308  -5.408  66.558 0.6250000000
142312  13.626  -4.703  65.043 0.6250000000
67109  14.736  -3.726  63.662 0.5000000000
67105  14.778  -4.429  64.063 0.5000000000
67110  14.324  -3.719  64.058 0.5000000000
67097  11.899  -4.774  66.314 0.6250000000
67101  12.392  -4.275  65.670 0.5000000000
150318  16.740  -6.093  60.175 0.5000000000
66020  16.350  -5.514  60.117 0.5000000000
67131  15.789  -4.695  60.523 0.3750000000
68157  14.422  -3.241  63.562 0.5000000000
68168  14.962  -3.382  62.370 0.3750000000
68151  13.301  -3.355  64.435 0.3750000000
68148  12.074  -3.633  65.278 0.3750000000
147830  14.143  -2.842  63.420 0.3750000000
68149  11.139  -3.726  65.270 0.3750000000
69204  12.197  -2.721  64.189 0.3750000000
68153  11.675  -3.138  64.752 0.3750000000
68154  10.714  -3.314  64.607 0.3750000000
68176  15.009  -3.439  61.440 0.3750000000
69206  14.189  -2.633  63.013 0.3750000000
69211  13.703  -2.463  62.730 0.3750000000
68155  9.983  -3.620  64.315 0.3750000000
65992  9.816  -4.609  64.389 0.3750000000
69212  12.897  -2.310  62.768 0.3750000000
69205  11.220  -2.787  64.127 0.3750000000
65996  10.164  -5.226  63.319 0.3750000000
64900  10.820  -5.907  61.966 0.3750000000
62805  20.646  -9.013  61.739 0.2500000000
62796  17.965  -9.528  62.283 0.5000000000
61756  14.383  -9.815  65.993 0.6250000000
66010  23.424  -5.040  61.190 0.2500000000
68183  23.242  -3.237  60.459 0.2500000000
66019  23.015  -5.249  60.386 0.2500000000
63886  21.405  -7.921  60.601 0.2500000000
62806  19.517  -9.219  61.452 0.5000000000
62773  14.880  -9.045  65.323 0.6250000000
60768  13.289  -10.346  66.772 0.6250000000
67136  22.837  -4.533  59.694 0.2500000000
142366  22.229  -6.421  59.354 0.2500000000
63852  15.372  -7.883  64.209 0.5000000000
63849  14.506  -7.999  65.409 0.6250000000
61749  13.367  -9.629  66.619 0.6250000000
67153  22.320  -4.323  58.036 0.2500000000
63876  17.937  -8.153  61.025 0.5000000000
63853  14.993  -7.304  64.551 0.5000000000
63844  13.972  -7.688  65.970 0.6250000000
63845  13.399  -8.040  66.453 0.6250000000
145307  14.507  -6.556  65.008 0.5000000000
128714  14.202  -6.195  65.352 0.6250000000
135831  13.409  -7.062  66.353 0.6250000000
64874  13.265  -6.290  66.280 0.6250000000
64906  16.991  -6.795  60.928 0.5000000000
64885  15.322  -5.779  63.924 0.5000000000
65989  14.974  -5.316  64.257 0.5000000000
64880  14.597  -5.845  64.732 0.5000000000
125045  16.192  -5.688  61.777 0.5000000000
65995  15.270  -4.922  63.721 0.5000000000
67138  15.394  -4.148  59.960 0.3750000000
143807  39.695  -10.974  54.545 0.6250000000
66052  17.192  -6.238  55.802 0.3750000000
126975  10.804  -2.617  63.337 0.3750000000
63943  40.403  -8.022  53.472 0.3750000000
61843  40.556  -9.739  53.508 0.6250000000
61829  40.156  -9.675  53.782 0.3750000000
137568  18.200  -6.669  54.817 0.1250000000
69218  14.112  -2.767  61.336 0.3750000000
126993  10.958  -2.564  62.411 0.3750000000
65997  9.590  -4.525  63.441 0.3750000000
63954  40.869  -7.542  52.725 0.3750000000
61857  41.100  -9.037  52.749 0.6250000000
66053  16.635  -5.672  56.265 0.3750000000
135051  9.552  -4.842  62.836 0.3750000000
61858  40.779  -9.764  52.370 0.5000000000
145502  26.089  -5.354  62.238 0.2500000000
68174  23.696  -2.854  60.931 0.2500000000
68175  23.526  -3.550  61.174 0.2500000000
130230  22.960  -2.488  59.288 0.2500000000
138569  39.320  -11.014  55.028 0.6250000000
69214  10.090  -2.829  62.736 0.3750000000
64972  40.613  -6.500  52.886 0.2500000000
66063  16.767  -5.886  55.172 0.2500000000
67187  40.031  -5.237  52.738 0.2500000000
66008  26.642  -4.655  61.755 0.2500000000
68165  25.311  -3.028  61.770 0.2500000000
69223  25.476  -2.324  60.737 0.2500000000
69216  24.920  -2.623  61.351 0.2500000000
69224  24.479  -2.492  60.884 0.2500000000
136189  9.095  -3.461  61.770 0.3750000000
71113  25.276  -0.841  53.691 0.1250000000
69228  11.530  -2.629  60.851 0.3750000000
69227  12.522  -2.484  60.833 0.3750000000
69220  10.044  -3.009  61.857 0.3750000000
144198  26.411  -2.083  53.841 0.1250000000
67203  39.579  -4.604  52.565 0.2500000000
145064  38.626  -3.733  52.056 0.2500000000
69237  12.758  -2.537  59.834 0.2500000000
68186  11.076  -2.859  60.042 0.2500000000
124395  10.902  -3.297  59.304 0.2500000000
68178  10.562  -2.972  60.876 0.3750000000
68180  8.547  -3.885  61.128 0.3750000000
69242  14.257  -2.896  58.302 0.2500000000
66014  7.834  -5.095  61.166 0.3750000000
67128  8.085  -4.547  61.404 0.3750000000
69292  21.306  -2.098  51.423 0.1250000000
64988  18.531  -6.287  52.340 0.1250000000
64989  17.863  -6.321  52.714 0.1250000000
72052  16.663  -0.076  47.548 0.1250000000
70274  16.529  -1.970  47.577 0.1250000000
72051  17.399  -0.244  47.839 0.1250000000
70263  18.058  -1.770  48.059 0.1250000000
133580  19.070  -1.612  48.954 0.1250000000
71158  19.084  -0.791  49.143 0.1250000000
68310  16.592  -3.454  48.371 0.1250000000
68308  18.199  -3.197  48.397 0.1250000000
67243  16.680  -4.470  49.394 0.1250000000
138417  19.096  -2.983  49.027 0.1250000000
147503  18.676  -3.097  48.673 0.1250000000
67242  17.531  -4.586  49.193 0.1250000000
69304  19.625  -2.837  49.710 0.1250000000
67241  18.404  -4.561  49.378 0.1250000000
70236  20.732  -1.836  50.579 0.1250000000
69303  20.216  -2.708  50.432 0.1250000000
68203  14.187  -2.958  57.464 0.1250000000
68284  20.383  -3.345  51.010 0.1250000000
66095  16.487  -5.498  52.654 0.1250000000
68188  9.411  -3.814  59.611 0.3750000000
69263  36.680  -2.347  53.492 0.2500000000
68243  12.906  -3.507  53.194 0.1250000000
128592  14.232  -3.411  51.285 0.1250000000
68286  14.904  -3.750  50.946 0.1250000000
142639  14.707  -3.751  51.647 0.1250000000
68222  11.877  -4.006  55.170 0.1250000000
68242  13.762  -3.511  53.513 0.1250000000
67210  15.432  -4.483  52.786 0.1250000000
67231  16.356  -4.727  50.260 0.1250000000
149059  15.126  -4.062  54.730 0.1250000000
66102  17.699  -5.809  51.088 0.1250000000
70189  35.776  -1.865  54.121 0.1250000000
61856  6.930  -9.172  53.407 0.3750000000
133559  26.995  -4.694  58.269 0.2500000000
67150  9.092  -4.569  58.296 0.2500000000
70220  35.763  -1.391  52.551 0.2500000000
66031  29.779  -5.780  59.328 0.2500000000
67175  9.670  -5.036  55.562 0.2500000000
142001  35.375  -0.902  52.812 0.2500000000
71119  35.005  -0.218  52.993 0.2500000000
66064  8.952  -5.228  55.192 0.2500000000
132683  6.354  -7.305  57.004 0.3750000000
139829  33.725  1.303  54.285 0.1250000000
132035  34.640  1.485  53.707 0.2500000000
72926  34.259  1.614  54.245 0.2500000000
72939  35.134  2.200  52.635 0.2500000000
128246  36.267  0.605  42.690 0.5000000000
79335  45.514  7.564  31.378 0.5000000000
79337  45.913  8.134  30.930 0.5000000000
141095  37.531  1.659  45.292 0.3750000000
79338  45.197  7.845  30.666 0.5000000000
83828  53.196  12.337  32.994 0.2500000000
82914  53.941  11.464  30.800 0.1250000000
85867  52.966  15.207  31.758 0.1250000000
86787  53.137  15.448  31.173 0.1250000000
82931  55.314  12.030  27.990 0.1250000000
80277  49.417  8.782  22.053 0.1250000000
82975  54.128  11.506  24.631 0.2500000000
82052  52.440  10.560  23.539 0.5000000000
80281  49.499  9.048  20.308 0.1250000000
82051  53.098  10.929  23.826 0.2500000000
81163  51.145  10.158  22.017 0.2500000000
143400  51.656  10.451  21.735 0.3750000000
79398  48.615  7.978  18.933 0.1250000000
79412  49.692  7.019  17.462 0.1250000000
78521  49.525  6.217  17.154 0.1250000000
79411  50.586  7.376  17.387 0.1250000000
83020  52.790  11.214  22.132 0.3750000000
79419  51.704  7.339  16.611 0.1250000000
82064  53.201  10.763  20.284 0.2500000000
80301  52.431  8.516  16.401 0.1250000000
80296  52.315  8.690  17.205 0.1250000000
82063  53.951  11.030  20.036 0.2500000000
81171  52.346  9.743  19.071 0.1250000000
148917  52.299  9.375  18.497 0.1250000000
80290  52.205  8.956  18.009 0.1250000000
134700  54.269  10.412  17.844 0.1250000000
82080  54.664  10.529  17.240 0.1250000000
81179  54.447  10.296  16.383 0.1250000000
125387  37.830  -12.110  55.687 0.5000000000
58702  37.937  -11.704  55.970 0.5000000000
60869  38.749  -11.034  55.533 0.2500000000
59852  37.535  -11.480  56.427 0.3750000000
59853  37.232  -10.997  56.643 0.3750000000
58703  37.413  -11.902  56.381 0.3750000000
58686  36.369  -11.788  57.216 0.3750000000
60842  35.353  -11.131  57.746 0.3750000000
134419  35.949  -10.370  56.911 0.2500000000
61818  34.508  -9.366  57.153 0.1250000000
62818  33.157  -8.796  58.788 0.1250000000
62820  32.087  -8.043  59.337 0.1250000000
64928  31.184  -6.691  58.850 0.1250000000
62824  33.420  -8.441  58.206 0.1250000000
63929  32.261  -7.868  57.536 0.1250000000
143234  30.818  -7.272  57.819 0.1250000000
64939  29.820  -6.602  58.313 0.1250000000
66040  27.452  -6.008  57.865 0.1250000000
62837  31.952  -8.180  56.776 0.1250000000
63931  30.444  -7.784  56.942 0.1250000000
146268  29.336  -7.665  56.824 0.1250000000
64949  27.557  -7.132  56.658 0.1250000000
62864  30.530  -8.759  54.594 0.1250000000
63937  29.745  -8.198  55.993 0.1250000000
63933  27.632  -7.626  55.888 0.1250000000
62866  28.992  -8.516  54.137 0.1250000000
124978  27.887  -8.118  54.761 0.1250000000
63939  27.401  -7.793  55.194 0.1250000000
62896  28.231  -8.452  52.428 0.1250000000
62882  27.966  -8.349  53.111 0.1250000000
63951  27.218  -8.132  53.438 0.1250000000
125163  26.593  -7.673  54.037 0.1250000000
60011  13.403  -11.789  43.560 0.3750000000
62897  27.497  -8.288  52.572 0.1250000000
63958  26.765  -8.019  52.663 0.1250000000
58912  13.073  -12.167  42.844 0.3750000000
59995  12.401  -11.253  43.887 0.3750000000
60029  12.097  -11.699  42.535 0.3750000000
60957  8.598  -10.667  46.904 0.2500000000
60946  7.291  -10.377  47.231 0.1250000000
60958  7.637  -10.565  46.594 0.2500000000
60960  6.672  -10.122  46.308 0.1250000000
127583  8.429  -10.645  46.218 0.2500000000
60974  7.700  -10.491  45.988 0.2500000000
60972  10.188  -10.657  45.431 0.3750000000
131582  9.322  -10.456  45.390 0.1250000000
60973  8.405  -10.453  45.730 0.2500000000
60012  12.497  -11.633  43.180 0.3750000000
59977  10.926  -10.762  44.594 0.2500000000
60014  11.102  -10.870  44.010 0.1250000000
60986  10.373  -10.503  44.838 0.2500000000
60947  6.909  -10.127  47.051 0.2500000000
61928  6.685  -9.775  46.854 0.1250000000
60945  7.960  -10.583  47.522 0.3750000000
61942  7.348  -10.069  45.440 0.2500000000
61953  10.250  -10.099  44.620 0.1250000000
60987  8.448  -9.992  45.252 0.2500000000
60995  10.903  -10.509  44.163 0.2500000000
66210  34.411  -4.982  42.078 0.2500000000
61912  7.151  -9.973  48.562 0.2500000000
61921  6.916  -9.762  47.883 0.1250000000
60934  7.103  -10.129  47.747 0.2500000000
62962  6.795  -9.382  47.505 0.1250000000
62967  6.664  -9.106  46.567 0.1250000000
60932  8.162  -10.442  48.454 0.2500000000
61933  6.414  -9.736  46.011 0.1250000000
60976  6.503  -9.943  45.749 0.1250000000
61943  6.533  -9.747  45.340 0.1250000000
61955  7.452  -9.532  44.738 0.1250000000
61956  6.602  -9.567  44.839 0.1250000000
61954  8.723  -9.267  44.684 0.1250000000
62989  6.085  -9.310  44.572 0.1250000000
68364  33.645  -3.092  43.313 0.3750000000
68376  33.972  -3.841  42.208 0.2500000000
61900  7.015  -9.322  50.155 0.2500000000
130410  6.784  -8.717  50.043 0.2500000000
63983  7.004  -8.098  49.637 0.2500000000
63982  7.427  -7.482  49.117 0.1250000000
130734  7.295  -9.786  49.526 0.2500000000
61913  7.015  -9.406  49.117 0.2500000000
148999  6.932  -8.847  49.233 0.2500000000
62953  6.884  -9.166  48.410 0.2500000000
138023  6.991  -8.753  47.799 0.1250000000
62961  7.333  -8.147  47.148 0.1250000000
60922  7.598  -10.196  48.989 0.2500000000
64020  6.920  -8.249  46.212 0.1250000000
149445  6.500  -8.255  45.589 0.1250000000
139247  6.255  -9.358  45.608 0.1250000000
62977  5.973  -9.128  44.961 0.1250000000
62986  9.155  -8.317  44.266 0.1250000000
62987  7.619  -8.697  44.024 0.1250000000
62988  6.457  -9.189  44.147 0.1250000000
69381  33.755  -3.070  44.197 0.3750000000
69382  33.357  -2.329  43.781 0.3750000000
64956  6.213  -6.767  57.460 0.2500000000
147427  6.272  -6.415  55.841 0.2500000000
63941  6.272  -6.927  55.594 0.2500000000
64971  6.397  -6.190  55.237 0.2500000000
125051  6.538  -5.809  50.998 0.2500000000
66125  6.976  -5.935  50.188 0.2500000000
65005  6.757  -6.720  50.677 0.2500000000
65012  7.552  -6.486  49.369 0.1250000000
62933  6.784  -8.279  50.905 0.2500000000
65013  7.076  -7.061  49.929 0.2500000000
63995  7.475  -7.856  48.174 0.1250000000
64007  7.728  -7.456  46.597 0.1250000000
65044  6.981  -7.529  45.640 0.1250000000
63002  6.420  -8.595  43.582 0.1250000000
63003  5.963  -8.742  43.762 0.1250000000
64034  6.067  -8.334  44.879 0.1250000000
64057  8.342  -7.757  43.577 0.1250000000
64058  7.017  -7.989  43.224 0.1250000000
141156  6.125  -8.022  43.172 0.1250000000
130547  6.698  -5.733  55.259 0.2500000000
66074  6.596  -5.631  54.683 0.2500000000
141032  6.436  -6.080  54.510 0.2500000000
137597  6.414  -6.947  54.634 0.2500000000
139632  6.434  -4.100  51.669 0.1250000000
68290  6.473  -3.447  51.000 0.1250000000
138838  6.424  -7.329  53.824 0.2500000000
131869  6.491  -4.953  51.357 0.1250000000
67234  6.580  -4.419  50.787 0.1250000000
64981  6.435  -6.447  53.843 0.2500000000
66115  6.661  -5.188  50.666 0.2500000000
67233  6.985  -4.019  50.214 0.1250000000
67245  7.636  -4.573  49.597 0.1250000000
130713  6.547  -7.279  51.999 0.2500000000
63968  6.671  -7.428  51.174 0.2500000000
66124  7.592  -5.511  49.516 0.1250000000
66131  8.144  -6.037  48.798 0.1250000000
65022  8.458  -6.457  47.902 0.1250000000
64008  7.972  -7.280  47.532 0.1250000000
65033  8.496  -6.719  46.936 0.1250000000
65043  8.137  -6.746  46.078 0.1250000000
65058  8.526  -5.963  45.701 0.1250000000
65077  5.964  -7.075  43.597 0.1250000000
65060  6.472  -6.446  44.273 0.1250000000
64068  7.685  -7.207  42.912 0.1250000000
145146  5.958  -7.530  43.178 0.1250000000
65094  6.149  -6.814  43.008 0.1250000000
134507  6.409  -5.987  43.662 0.1250000000
66190  6.414  -5.464  43.186 0.1250000000
139674  6.681  -2.777  53.509 0.1250000000
131114  6.645  -3.859  53.478 0.1250000000
68263  6.467  -3.123  53.125 0.1250000000
69286  6.420  -2.559  52.486 0.1250000000
67211  6.426  -3.887  52.682 0.1250000000
68276  6.425  -3.288  52.097 0.1250000000
149377  6.490  -4.377  53.126 0.1250000000
67222  6.473  -4.662  52.317 0.2500000000
69297  6.483  -2.643  51.601 0.1250000000
66084  6.497  -5.499  53.962 0.2500000000
64990  6.545  -6.015  53.033 0.2500000000
145955  6.543  -6.496  52.287 0.2500000000
66104  6.506  -5.638  52.046 0.2500000000
128630  6.546  -7.078  52.978 0.2500000000
64998  6.569  -6.542  51.492 0.2500000000
68302  7.688  -3.661  49.709 0.1250000000
66123  8.265  -5.150  48.987 0.1250000000
139794  8.738  -5.635  48.255 0.1250000000
67254  8.493  -4.227  49.080 0.1250000000
67253  9.307  -4.335  48.329 0.1250000000
66140  9.307  -5.149  47.801 0.1250000000
66141  9.010  -5.967  47.324 0.1250000000
66146  9.505  -5.346  46.827 0.1250000000
66147  8.919  -6.054  46.417 0.1250000000
67265  9.874  -4.405  47.353 0.1250000000
65059  7.343  -6.447  45.172 0.1250000000
65107  6.660  -6.556  42.690 0.1250000000
66160  8.098  -5.562  45.086 0.1250000000
67293  7.062  -4.748  44.107 0.1250000000
125442  51.171  10.167  36.382 0.2500000000
81052  51.528  10.237  35.385 0.2500000000
81053  51.203  9.674  35.909 0.3750000000
67314  6.595  -4.510  43.155 0.1250000000
67305  6.892  -4.250  43.617 0.1250000000
67201  6.633  -4.617  53.737 0.2500000000
69273  6.485  -2.380  53.153 0.1250000000
66096  6.507  -5.092  53.067 0.2500000000
69308  6.630  -2.686  50.906 0.1250000000
68289  7.062  -3.148  50.339 0.1250000000
67274  9.930  -4.678  46.319 0.1250000000
81031  50.583  9.129  37.476 0.1250000000
80161  50.490  8.494  37.835 0.1250000000
79266  50.366  7.811  38.189 0.1250000000
81044  50.839  9.551  36.651 0.1250000000
79279  50.361  8.084  37.574 0.1250000000
80172  50.321  8.490  36.795 0.1250000000
82876  51.990  10.901  35.217 0.1250000000
81961  51.552  10.462  35.546 0.2500000000
81981  52.667  11.061  33.435 0.2500000000
82885  52.536  11.100  34.140 0.2500000000
81063  51.717  10.352  34.672 0.2500000000
136502  51.063  10.054  34.345 0.2500000000
73012  37.669  1.922  46.078 0.2500000000
81949  50.483  10.402  37.022 0.1250000000
81931  50.685  9.714  37.174 0.1250000000
78332  50.104  7.107  38.521 0.1250000000
77346  49.271  5.261  38.081 0.2500000000
144456  50.242  7.446  38.036 0.1250000000
83798  50.735  11.933  35.336 0.1250000000
82877  51.331  10.974  35.752 0.1250000000
83810  51.118  12.489  34.715 0.1250000000
82887  51.674  11.547  35.037 0.1250000000
83818  52.748  12.235  33.574 0.1250000000
83809  51.975  12.091  34.451 0.1250000000
81972  52.091  10.729  34.871 0.1250000000
82895  52.800  11.591  33.484 0.1250000000
83808  52.557  11.742  34.074 0.1250000000
75159  49.360  4.091  39.397 0.2500000000
75161  48.448  3.074  39.101 0.3750000000
74104  48.047  2.464  39.448 0.5000000000
76291  49.558  4.925  39.091 0.2500000000
75168  48.756  3.761  38.772 0.3750000000
82868  50.757  10.782  36.409 0.1250000000
81932  50.322  10.075  37.688 0.1250000000
77339  49.728  5.595  39.187 0.2500000000
74117  47.562  2.732  38.454 0.5000000000
83790  49.348  11.917  36.420 0.1250000000
82856  49.574  10.829  37.672 0.1250000000
83799  49.731  12.341  35.619 0.1250000000
83800  48.783  12.744  36.057 0.1250000000
84799  51.525  13.104  34.200 0.1250000000
83811  50.169  12.859  34.946 0.1250000000
84801  49.760  13.907  34.616 0.1250000000
84802  48.890  14.339  34.895 0.1250000000
86750  47.821  16.591  34.957 0.1250000000
84817  51.125  14.199  33.923 0.1250000000
85820  50.315  14.676  34.139 0.1250000000
85821  49.484  15.113  34.329 0.1250000000
86749  48.433  16.299  34.429 0.1250000000
86763  49.560  16.248  33.438 0.1250000000
73091  46.928  1.450  39.987 0.5000000000
75160  49.156  3.431  39.748 0.3750000000
77328  49.760  5.932  39.367 0.1250000000
78326  49.893  6.319  38.843 0.1250000000
83791  48.411  12.289  37.178 0.1250000000
85801  48.130  14.874  35.396 0.1250000000
84769  47.963  13.254  36.762 0.1250000000
84770  47.341  13.881  37.722 0.1250000000
79352  50.811  7.566  26.668 0.6250000000
64916  30.695  -6.396  59.155 0.1250000000
63893  32.276  -7.602  58.914 0.1250000000
62835  33.792  -8.808  57.217 0.1250000000
62829  34.127  -9.052  57.638 0.1250000000
61824  33.269  -9.274  55.776 0.1250000000
61819  33.956  -9.299  56.465 0.1250000000
62875  39.933  -8.280  53.651 0.2500000000
64915  31.252  -6.731  59.162 0.1250000000
66023  30.189  -6.097  59.286 0.1250000000
60862  37.459  -10.803  56.279 0.2500000000
62825  32.825  -7.995  58.554 0.1250000000
63909  31.579  -7.102  58.555 0.1250000000
59840  36.850  -11.418  56.949 0.3750000000
130645  35.708  -10.232  56.220 0.2500000000
62847  33.317  -8.849  56.527 0.1250000000
62836  32.908  -8.337  57.151 0.1250000000
61817  35.281  -9.847  57.018 0.1250000000
60844  33.991  -10.196  58.484 0.2500000000
61834  33.268  -9.576  54.863 0.1250000000
58923  13.350  -12.756  42.552 0.3750000000
130626  34.165  -3.824  42.928 0.3750000000
76292  49.035  4.473  38.434 0.3750000000
77363  49.446  6.108  37.755 0.2500000000
81982  52.250  10.683  34.093 0.2500000000
59996  11.390  -11.064  43.984 0.2500000000
130043  8.916  -10.303  48.781 0.2500000000
69393  33.253  -2.290  42.836 0.2500000000
79267  50.034  7.399  37.569 0.1250000000
59863  38.948  -11.268  55.282 0.5000000000
61831  38.938  -10.376  54.574 0.2500000000
61830  39.730  -10.001  54.173 0.2500000000
143810  39.842  -9.190  53.803 0.2500000000
60881  38.762  -10.850  55.237 0.1250000000
134535  26.091  -3.842  56.057 0.1250000000
67160  26.237  -4.603  56.914 0.1250000000
66033  27.540  -5.332  58.390 0.1250000000
66039  28.238  -6.035  58.360 0.1250000000
64931  29.289  -5.983  58.887 0.1250000000
66041  26.780  -5.347  57.614 0.1250000000
140394  6.503  -8.047  53.402 0.2500000000
64903  30.681  -6.513  59.629 0.1250000000
64947  6.337  -6.674  58.314 0.2500000000
64930  30.174  -6.224  58.931 0.1250000000
59851  38.314  -11.355  55.834 0.5000000000
60870  38.064  -10.809  55.789 0.3750000000
60882  38.217  -10.578  54.952 0.2500000000
58685  37.016  -11.751  56.816 0.3750000000
124321  35.967  -12.237  57.006 0.3750000000
58687  35.566  -11.955  57.585 0.3750000000
146850  35.734  -11.658  57.570 0.3750000000
60852  36.531  -10.831  57.002 0.3750000000
58670  35.067  -11.763  57.951 0.3750000000
60853  35.816  -10.628  57.312 0.3750000000
61810  35.151  -10.229  57.652 0.3750000000
61814  35.443  -10.095  57.283 0.2500000000
61815  34.771  -9.587  57.562 0.1250000000
63907  32.910  -7.881  58.132 0.1250000000
61812  33.751  -9.287  58.379 0.2500000000
61808  32.699  -9.181  59.189 0.2500000000
61807  33.179  -9.870  58.975 0.2500000000
63894  31.705  -7.392  59.281 0.1250000000
62810  31.413  -8.302  59.746 0.1250000000
61802  31.264  -9.537  59.880 0.1250000000
127884  32.006  -9.047  59.456 0.1250000000
64937  31.140  -6.751  58.674 0.1250000000
64914  31.682  -7.104  58.789 0.1250000000
64929  30.741  -6.425  58.917 0.1250000000
62831  32.771  -7.828  57.900 0.1250000000
62830  33.467  -8.412  57.813 0.1250000000
62823  34.071  -8.998  57.914 0.2500000000
126545  32.074  -7.455  58.099 0.1250000000
63919  31.322  -7.126  58.273 0.1250000000
150270  32.517  -7.638  58.149 0.1250000000
63930  31.443  -7.650  57.468 0.1250000000
64938  30.659  -6.741  58.449 0.1250000000
63920  30.099  -7.177  57.689 0.1250000000
64940  28.895  -6.587  57.994 0.1250000000
63921  29.363  -7.062  57.621 0.1250000000
66048  27.040  -6.346  57.195 0.1250000000
62848  32.509  -8.757  56.028 0.1250000000
62849  31.430  -8.541  55.802 0.1250000000
62838  31.151  -8.088  56.612 0.1250000000
62850  30.574  -8.326  55.991 0.1250000000
64948  28.561  -7.196  57.196 0.1250000000
63932  28.331  -7.687  56.314 0.1250000000
64941  27.942  -6.609  57.566 0.1250000000
62863  31.210  -8.889  54.886 0.1250000000
141400  30.096  -8.517  55.216 0.1250000000
133757  30.744  -8.629  55.297 0.1250000000
62851  29.313  -8.413  55.050 0.1250000000
62865  29.795  -8.615  54.361 0.1250000000
125032  28.875  -8.102  55.755 0.1250000000
63940  26.664  -7.521  54.873 0.1250000000
63938  28.531  -8.285  54.845 0.1250000000
63945  27.311  -7.979  54.379 0.1250000000
63944  28.091  -8.318  53.968 0.1250000000
60013  11.645  -11.228  43.305 0.2500000000
127334  9.456  -10.037  44.936 0.1250000000
64047  5.834  -8.685  44.201 0.1250000000
63974  6.814  -7.722  50.406 0.2500000000
66114  7.001  -4.927  50.147 0.1250000000
65023  7.894  -6.936  48.520 0.1250000000
132592  6.294  -7.307  44.590 0.1250000000
147675  5.787  -7.961  44.082 0.1250000000
64070  6.225  -7.316  42.961 0.1250000000
66161  7.014  -5.559  44.402 0.1250000000
66205  6.464  -5.858  42.818 0.1250000000
66130  8.852  -4.907  48.518 0.1250000000
67304  7.499  -4.139  44.070 0.1250000000
81043  51.390  9.985  36.038 0.2500000000
80171  50.547  8.850  37.168 0.1250000000
81032  50.422  9.486  37.931 0.1250000000
81021  50.483  8.859  38.161 0.1250000000
82878  50.339  11.521  36.061 0.1250000000
82869  49.919  11.153  36.761 0.1250000000
131444  49.700  5.819  38.581 0.2500000000
82886  52.296  11.247  34.672 0.1250000000
83819  52.278  12.646  33.915 0.1250000000
77329  49.657  5.066  39.738 0.2500000000
82870  49.131  11.556  37.184 0.1250000000
84780  49.246  13.262  35.241 0.1250000000
84781  48.377  13.719  35.688 0.1250000000
84800  50.665  13.524  34.425 0.1250000000
86737  48.036  16.055  35.206 0.1250000000
85822  48.706  15.605  34.652 0.1250000000
86748  49.225  16.132  34.085 0.1250000000
85835  49.979  15.782  33.797 0.1250000000
84782  47.691  14.300  36.443 0.1250000000
63881  31.116  -7.245  59.740 0.1250000000
63908  32.241  -7.520  58.402 0.1250000000
61811  34.504  -9.710  58.030 0.1250000000
61825  32.670  -9.237  55.214 0.1250000000
127877  34.029  -9.679  55.547 0.1250000000
61823  34.772  -9.731  56.363 0.1250000000
60863  36.699  -10.583  56.457 0.3750000000
60872  36.460  -10.427  55.665 0.2500000000
60832  33.301  -10.974  58.701 0.2500000000
59829  33.820  -11.640  58.541 0.2500000000
60843  34.674  -10.591  58.111 0.2500000000
61844  39.277  -9.681  53.961 0.1250000000
62811  30.668  -8.060  60.262 0.1250000000
143889  9.123  -30.260  56.277 0.1250000000
40184  11.878  -29.823  54.677 0.1250000000
40170  9.251  -29.403  55.335 0.1250000000
40185  10.855  -29.498  54.803 0.1250000000
137754  10.194  -28.886  54.772 0.1250000000
40183  12.729  -29.630  54.253 0.1250000000
41191  10.141  -28.098  54.597 0.1250000000
42235  11.044  -27.890  54.348 0.1250000000
40195  13.320  -29.458  53.558 0.1250000000
41198  11.859  -28.201  54.228 0.1250000000
40204  13.575  -29.371  51.487 0.1250000000
50723  11.548  -19.784  59.718 0.1250000000
135984  13.804  -27.921  51.965 0.2500000000
41203  13.329  -28.074  52.878 0.2500000000
41217  13.372  -28.686  50.810 0.1250000000
41202  13.749  -28.720  52.154 0.1250000000
138352  13.167  -27.790  50.503 0.2500000000
41224  12.441  -27.926  50.131 0.2500000000
42269  10.684  -27.874  49.717 0.1250000000
42259  12.726  -27.154  50.132 0.2500000000
43316  11.855  -26.759  49.851 0.2500000000
133402  10.125  -27.198  49.630 0.2500000000
139436  11.043  -27.148  49.744 0.2500000000
43318  9.647  -26.490  49.577 0.2500000000
134727  9.005  -27.296  49.519 0.1250000000
132541  9.208  -25.637  49.560 0.2500000000
43319  8.589  -26.559  49.421 0.1250000000
45445  8.554  -24.877  49.446 0.1250000000
45444  9.550  -24.659  49.570 0.2500000000
58820  34.802  -12.046  48.379 0.1250000000
58858  36.435  -11.966  46.391 0.1250000000
58843  35.294  -12.074  47.690 0.1250000000
128517  35.782  -12.094  47.021 0.1250000000
58844  34.573  -11.721  47.628 0.1250000000
58857  37.405  -11.886  46.097 0.1250000000
57582  16.760  -13.766  55.384 0.2500000000
132070  17.378  -13.372  54.994 0.2500000000
58732  18.701  -12.521  54.077 0.2500000000
57591  18.010  -12.941  54.592 0.2500000000
58782  30.976  -12.813  50.591 0.3750000000
57655  30.324  -12.753  50.299 0.1250000000
57668  29.633  -12.640  49.920 0.1250000000
57669  28.467  -12.734  50.143 0.2500000000
136467  29.098  -12.793  50.203 0.1250000000
138002  27.723  -12.597  50.125 0.2500000000
142563  33.887  -0.736  39.861 0.2500000000
73083  46.081  1.205  40.837 0.3750000000
72125  44.548  0.752  40.924 0.5000000000
71258  37.182  -0.053  37.613 0.1250000000
71259  36.488  -0.178  37.511 0.1250000000
75116  46.713  2.705  42.461 0.2500000000
74061  46.081  2.551  42.835 0.2500000000
74053  45.047  2.811  43.845 0.1250000000
73036  44.502  2.705  44.331 0.1250000000
75152  49.282  3.237  40.573 0.2500000000
74090  49.005  2.803  40.900 0.2500000000
73071  48.284  2.724  41.577 0.2500000000
74069  47.467  2.491  41.991 0.2500000000
73063  46.712  2.260  42.463 0.2500000000
73051  45.509  2.490  43.338 0.2500000000
129594  45.336  2.110  43.355 0.2500000000
129586  43.425  1.734  43.927 0.2500000000
130882  42.411  1.439  43.496 0.2500000000
74103  48.869  2.840  40.087 0.2500000000
74091  48.393  2.383  40.405 0.2500000000
73082  46.951  1.585  40.995 0.2500000000
143456  46.516  1.841  42.368 0.2500000000
73074  45.801  1.510  42.209 0.3750000000
72092  44.179  1.282  42.439 0.3750000000
72093  43.307  1.309  42.842 0.3750000000
72095  41.495  1.235  43.078 0.3750000000
72106  45.500  1.133  41.275 0.3750000000
72107  44.832  1.158  41.860 0.5000000000
72108  43.806  0.819  41.602 0.3750000000
75125  48.727  3.083  41.453 0.2500000000
75137  49.174  3.167  41.159 0.2500000000
74078  48.467  2.506  41.150 0.2500000000
73081  47.788  2.195  41.492 0.2500000000
73090  47.791  1.945  40.681 0.2500000000
72096  40.703  1.134  42.764 0.5000000000
75225  43.000  3.490  32.889 0.2500000000
76376  43.909  4.453  32.674 0.3750000000
146832  43.281  4.123  32.635 0.2500000000
77429  44.702  5.593  32.439 0.2500000000
77430  44.027  5.208  32.274 0.2500000000
77447  44.266  5.922  31.841 0.2500000000
78415  43.842  6.296  31.233 0.1250000000
76377  43.214  4.772  32.140 0.1250000000
77455  43.151  5.927  30.936 0.1250000000
78414  44.517  6.628  31.492 0.1250000000
78419  44.824  7.272  31.121 0.2500000000
78420  44.180  6.916  30.822 0.1250000000
78421  43.555  6.539  30.492 0.1250000000
43317  10.854  -26.414  49.673 0.2500000000
44372  10.239  -25.822  49.609 0.2500000000
128563  37.219  -12.235  46.815 0.1250000000
131551  43.019  0.871  41.959 0.3750000000
72094  42.263  1.057  42.480 0.3750000000
40159  8.499  -29.396  56.206 0.1250000000
41184  8.902  -28.894  55.306 0.1250000000
41192  9.438  -28.708  54.955 0.1250000000
41197  12.833  -28.700  53.828 0.1250000000
41190  10.946  -28.608  54.506 0.1250000000
44368  13.210  -25.600  50.467 0.2500000000
42251  13.561  -27.722  50.920 0.2500000000
42246  13.774  -27.239  51.407 0.2500000000
47487  10.922  -22.453  59.564 0.2500000000
57667  30.198  -12.436  49.676 0.1250000000
71209  34.005  -0.586  41.309 0.2500000000
41189  11.865  -29.052  54.432 0.1250000000
39140  11.300  -30.483  55.056 0.1250000000
40186  9.894  -29.445  55.094 0.1250000000
41209  13.675  -28.257  51.395 0.1250000000
136603  12.837  -29.362  50.514 0.2500000000
41218  12.650  -28.628  50.307 0.2500000000
135328  35.977  -11.758  45.733 0.1250000000
73073  46.388  1.485  41.674 0.2500000000
73064  45.983  2.087  42.863 0.2500000000
73052  44.926  2.389  43.815 0.1250000000
73053  44.206  2.227  44.251 0.1250000000
73072  47.127  1.896  42.014 0.2500000000
73065  45.175  1.614  42.782 0.2500000000
73066  44.458  1.764  43.445 0.2500000000
147922  43.550  1.039  42.178 0.3750000000
77448  43.537  5.556  31.633 0.1250000000
59985  38.864  -11.247  44.656 0.1250000000
58716  37.071  -12.342  55.970 0.2500000000
58717  36.226  -12.507  56.236 0.3750000000
57574  35.612  -12.807  55.701 0.3750000000
57575  34.728  -13.055  55.622 0.3750000000
58704  36.784  -12.089  56.764 0.2500000000
57560  35.349  -12.647  56.390 0.3750000000
58705  35.077  -12.401  57.183 0.3750000000
60871  37.271  -10.563  55.920 0.1250000000
58706  34.175  -12.534  57.296 0.2500000000
60893  37.782  -10.263  54.350 0.1250000000
60883  37.031  -10.464  55.132 0.1250000000
140914  33.999  -12.320  57.962 0.2500000000
58671  34.228  -11.955  58.351 0.2500000000
138928  39.521  -5.778  53.392 0.1250000000
59828  34.577  -11.448  58.237 0.2500000000
58689  32.695  -12.484  58.091 0.2500000000
67189  38.592  -4.479  53.443 0.1250000000
58658  33.081  -11.711  58.734 0.1250000000
139262  37.691  -4.208  53.692 0.1250000000
60833  32.504  -10.732  59.111 0.1250000000
58659  32.202  -11.765  58.833 0.1250000000
67190  36.778  -3.903  54.087 0.1250000000
58660  31.353  -11.510  59.116 0.1250000000
66072  8.360  -4.999  54.573 0.1250000000
66073  7.274  -5.358  54.847 0.1250000000
67173  11.148  -4.395  54.681 0.1250000000
67183  10.296  -4.597  54.212 0.1250000000
67184  9.523  -4.929  54.694 0.1250000000
67185  7.350  -4.789  54.387 0.1250000000
67186  6.765  -5.015  54.303 0.1250000000
72932  34.972  2.294  53.279 0.1250000000
68247  8.517  -3.939  53.629 0.1250000000
68248  7.568  -3.662  53.817 0.1250000000
67200  6.914  -4.189  54.012 0.1250000000
73938  35.603  2.977  52.974 0.1250000000
73952  36.739  3.302  51.873 0.1250000000
73953  35.792  2.832  52.252 0.1250000000
73970  37.161  3.075  50.960 0.1250000000
73980  39.441  3.252  49.351 0.1250000000
144897  39.318  2.798  48.667 0.1250000000
130978  40.092  2.699  47.773 0.1250000000
74998  34.535  3.023  53.832 0.1250000000
73926  35.105  3.013  53.481 0.1250000000
75010  35.593  3.626  53.031 0.1250000000
76101  36.145  4.075  52.458 0.1250000000
75023  37.086  3.963  52.077 0.1250000000
73951  37.570  3.686  51.437 0.1250000000
73969  38.236  3.533  50.732 0.1250000000
73041  40.447  1.715  45.060 0.3750000000
75024  34.537  3.986  53.005 0.1250000000
76102  35.317  4.101  52.893 0.1250000000
76110  35.789  4.374  52.211 0.1250000000
76109  36.677  4.377  51.906 0.1250000000
75022  38.132  4.217  51.145 0.1250000000
75036  38.605  3.970  50.685 0.1250000000
73981  39.031  3.681  50.112 0.1250000000
73995  40.008  3.017  48.515 0.1250000000
76125  35.148  4.381  51.442 0.1250000000
76124  36.137  4.552  51.383 0.1250000000
76122  37.791  4.554  50.863 0.1250000000
76121  38.557  4.391  50.383 0.1250000000
75035  39.213  4.077  50.077 0.1250000000
75049  39.648  3.817  49.582 0.1250000000
75060  39.969  3.564  49.020 0.1250000000
150582  40.488  1.575  44.523 0.3750000000
75048  40.103  3.962  49.079 0.1250000000
145137  41.020  2.649  46.815 0.1250000000
73056  40.732  1.469  44.089 0.3750000000
79342  44.865  8.057  29.862 0.1250000000
139080  48.716  8.784  27.616 0.2500000000
80252  48.192  8.413  27.441 0.2500000000
83054  54.713  11.263  19.854 0.1250000000
82072  55.053  11.121  18.985 0.1250000000
83019  53.492  11.523  22.483 0.1250000000
126386  54.079  11.781  22.083 0.1250000000
83031  54.463  11.701  21.335 0.1250000000
83043  54.405  11.404  20.510 0.1250000000
83044  53.695  11.262  20.822 0.1250000000
83053  55.428  11.519  19.734 0.1250000000
83060  55.829  11.303  18.177 0.1250000000
83951  55.103  12.326  23.098 0.1250000000
83006  53.605  11.481  23.325 0.1250000000
83961  54.850  12.124  22.212 0.1250000000
140077  55.259  11.735  20.571 0.1250000000
83052  56.956  12.158  19.467 0.1250000000
83981  56.216  12.237  20.971 0.1250000000
83058  57.477  12.209  18.728 0.1250000000
83042  56.146  11.941  20.066 0.1250000000
83062  58.436  12.323  17.229 0.1250000000
126053  57.505  11.964  17.847 0.1250000000
83059  56.736  11.789  18.554 0.1250000000
126050  56.022  11.601  19.181 0.1250000000
84012  58.979  12.710  16.931 0.1250000000
85006  59.435  13.012  16.201 0.1250000000
83940  55.398  12.377  23.945 0.1250000000
83950  56.027  12.634  23.433 0.1250000000
83959  56.781  12.932  23.081 0.1250000000
84958  57.380  13.305  21.831 0.1250000000
144846  56.304  12.526  21.734 0.1250000000
83968  57.608  13.002  20.993 0.1250000000
83969  56.968  12.725  21.398 0.1250000000
83970  55.489  12.170  21.546 0.1250000000
83992  58.101  13.048  19.691 0.1250000000
83979  57.710  12.859  20.148 0.1250000000
83980  57.042  12.479  20.438 0.1250000000
147760  57.403  12.536  19.863 0.1250000000
124568  58.695  12.817  17.744 0.1250000000
84003  58.131  12.528  18.307 0.1250000000
85999  58.905  14.257  16.552 0.1250000000
85007  59.189  13.390  16.832 0.1250000000
84966  57.963  13.386  20.450 0.1250000000
84976  58.260  13.466  19.586 0.1250000000
129004  58.532  13.429  18.855 0.1250000000
84984  58.709  13.177  18.062 0.1250000000
86930  58.960  15.203  15.130 0.1250000000
128290  31.911  -11.252  59.157 0.1250000000
57549  33.259  -12.619  57.500 0.2500000000
58673  32.882  -12.094  58.595 0.2500000000
144498  39.579  -9.680  43.732 0.1250000000
79354  48.950  8.122  27.141 0.2500000000
66065  8.109  -5.375  55.380 0.1250000000
73919  33.815  2.632  54.181 0.1250000000
134654  37.637  -10.591  55.396 0.1250000000
138302  32.327  -9.951  59.352 0.1250000000
59815  32.580  -11.351  58.926 0.1250000000
58672  33.524  -11.931  58.595 0.2500000000
60834  31.758  -10.691  59.416 0.1250000000
67198  9.188  -4.477  53.869 0.1250000000
67182  11.078  -4.231  53.792 0.1250000000
67199  7.994  -4.348  54.059 0.1250000000
73937  36.189  3.527  52.460 0.1250000000
76108  37.427  4.307  51.480 0.1250000000
76123  37.016  4.603  51.166 0.1250000000
83018  54.230  11.885  22.814 0.1250000000
83960  55.930  12.517  22.483 0.1250000000
83993  57.833  12.615  19.326 0.1250000000
84002  58.457  12.968  18.837 0.1250000000
84011  59.138  12.993  17.102 0.1250000000
140965  58.481  15.287  16.669 0.1250000000
85983  58.737  13.976  17.554 0.1250000000
47493  11.307  -22.942  58.891 0.1250000000
47492  12.024  -22.597  58.377 0.1250000000
57689  20.466  -13.472  47.464 0.1250000000
126863  16.325  -14.469  54.961 0.1250000000
56521  17.118  -14.246  53.755 0.1250000000
56512  16.922  -14.005  54.552 0.1250000000
127526  17.270  -14.464  52.975 0.1250000000
56529  17.780  -14.008  52.520 0.1250000000
57661  18.705  -13.788  50.830 0.1250000000
134548  19.015  -12.824  51.996 0.1250000000
57660  19.335  -13.289  50.437 0.1250000000
57642  19.135  -13.074  51.291 0.1250000000
57659  19.997  -12.803  50.100 0.1250000000
58833  20.923  -12.487  49.015 0.1250000000
57670  20.171  -12.938  49.238 0.1250000000
58865  24.206  -12.464  46.680 0.1250000000
128155  23.723  -12.324  47.254 0.1250000000
58866  23.358  -12.542  46.689 0.1250000000
57687  21.775  -12.939  46.915 0.1250000000
57688  21.044  -13.151  47.149 0.1250000000
57677  20.908  -12.933  47.763 0.1250000000
132112  25.032  -12.529  46.223 0.1250000000
58885  24.271  -12.736  45.775 0.1250000000
57696  22.950  -13.007  46.055 0.1250000000
57697  22.043  -13.416  46.083 0.1250000000
56520  17.679  -13.820  53.345 0.1250000000
57592  17.538  -13.598  54.159 0.1250000000
57623  18.768  -12.893  52.650 0.1250000000
57606  18.247  -13.414  52.923 0.1250000000
144441  28.117  -12.649  49.562 0.1250000000
58804  27.378  -12.613  49.322 0.1250000000
58791  19.801  -12.627  50.928 0.1250000000
58826  27.475  -12.639  48.528 0.1250000000
58827  26.748  -12.585  48.716 0.1250000000
58806  25.816  -12.366  48.985 0.1250000000
58811  20.735  -12.366  49.814 0.1250000000
125544  26.484  -12.539  47.330 0.1250000000
58828  25.200  -12.374  48.087 0.1250000000
58829  24.330  -12.125  48.360 0.1250000000
127922  25.059  -12.400  47.131 0.1250000000
58850  24.355  -12.286  47.583 0.1250000000
58851  23.070  -12.306  47.330 0.1250000000
58831  22.143  -12.148  48.279 0.1250000000
58832  21.244  -12.556  48.319 0.1250000000
128687  26.903  -12.447  50.085 0.1250000000
58805  26.575  -12.472  49.412 0.1250000000
58809  22.321  -11.792  49.160 0.1250000000
131479  21.613  -12.150  48.863 0.1250000000
127309  23.613  -12.098  47.948 0.1250000000
58830  22.858  -12.092  47.926 0.1250000000
128524  18.134  -13.204  53.739 0.1250000000
149881  18.590  -12.895  53.339 0.1250000000
58784  26.412  -12.081  50.849 0.2500000000
58768  20.315  -12.048  51.447 0.1250000000
58754  19.398  -12.391  52.531 0.1250000000
58769  19.616  -12.471  51.738 0.1250000000
58785  26.057  -12.241  49.929 0.1250000000
58789  21.345  -11.820  50.359 0.1250000000
58790  20.532  -12.203  50.628 0.1250000000
125092  25.068  -11.976  49.734 0.1250000000
58787  23.219  -11.642  49.594 0.1250000000
58810  21.521  -11.984  49.548 0.1250000000
124947  24.899  -12.178  48.867 0.1250000000
58808  23.149  -11.836  48.636 0.1250000000
58788  22.340  -11.623  50.135 0.1250000000
148818  23.799  -11.943  48.517 0.1250000000
58924  12.703  -12.438  42.170 0.1250000000
62985  9.934  -9.078  44.545 0.1250000000
72084  38.722  1.178  43.364 0.2500000000
72098  38.954  1.016  42.578 0.2500000000
73024  39.372  1.787  45.593 0.2500000000
73025  38.386  1.759  45.442 0.1250000000
73042  38.900  1.596  44.806 0.2500000000
72069  39.385  1.423  44.151 0.2500000000
72070  38.389  1.316  44.074 0.2500000000
72081  40.928  1.334  43.506 0.2500000000
75226  42.173  3.183  32.661 0.1250000000
74175  40.830  2.002  32.520 0.1250000000
76378  42.551  4.104  32.339 0.1250000000
141747  41.206  3.122  32.236 0.1250000000
73149  41.659  0.950  33.287 0.1250000000
73157  42.036  1.780  33.240 0.1250000000
74165  42.279  2.473  33.080 0.1250000000
73158  41.007  1.002  32.824 0.1250000000
74174  41.649  2.379  32.786 0.1250000000
72206  41.956  0.196  33.636 0.1250000000
73148  42.453  1.073  33.709 0.1250000000
72204  43.008  0.783  34.334 0.1250000000
72205  42.488  0.317  34.023 0.1250000000
71309  42.221  -0.340  34.097 0.1250000000
58767  21.103  -11.676  51.171 0.1250000000
58807  24.088  -11.859  49.111 0.1250000000
75238  41.827  3.781  32.163 0.1250000000
57671  19.503  -13.474  49.567 0.1250000000
57678  20.426  -13.100  48.318 0.1250000000
58886  23.654  -12.741  46.108 0.1250000000
58867  22.573  -12.713  46.743 0.1250000000
58852  22.323  -12.440  47.473 0.1250000000
58853  21.557  -12.657  47.643 0.1250000000
124822  26.178  -12.561  48.098 0.1250000000
58849  25.752  -12.479  47.483 0.1250000000
142115  25.604  -11.932  50.482 0.1250000000
133040  41.422  1.634  32.950 0.1250000000
132598  11.503  -28.553  49.920 0.1250000000
42270  9.539  -28.038  49.563 0.1250000000
61967  38.536  -9.702  42.577 0.1250000000
62998  38.367  -8.616  42.990 0.1250000000
63009  37.884  -8.909  42.613 0.1250000000
148941  34.173  -5.237  41.633 0.1250000000
67356  33.940  -4.771  41.298 0.1250000000
67333  34.033  -4.256  41.782 0.1250000000
67334  33.664  -4.072  41.098 0.1250000000
67357  33.450  -4.399  40.576 0.1250000000
67372  33.005  -4.072  39.745 0.1250000000
68390  33.468  -3.405  41.488 0.1250000000
68409  33.182  -3.483  40.478 0.1250000000
68425  32.853  -3.104  39.576 0.1250000000
67383  32.651  -4.115  38.958 0.1250000000
141626  33.084  -2.705  40.900 0.1250000000
139617  32.943  -2.486  40.117 0.1250000000
69421  32.896  -2.239  39.351 0.1250000000
69429  32.707  -2.646  38.756 0.1250000000
69403  33.106  -2.316  41.747 0.1250000000
133225  33.064  -1.871  40.756 0.1250000000
70303  33.292  -1.490  42.382 0.1250000000
70307  33.339  -1.322  41.456 0.1250000000
70317  33.246  -1.477  39.761 0.1250000000
70322  33.211  -1.584  38.697 0.1250000000
146992  33.415  -1.332  37.895 0.1250000000
75126  47.200  2.828  41.985 0.1250000000
76239  48.983  3.642  41.166 0.1250000000
75138  48.247  3.398  41.466 0.1250000000
136399  48.062  2.913  41.715 0.1250000000
77320  49.137  4.956  40.592 0.1250000000
75136  49.355  3.647  40.763 0.1250000000
75151  49.452  3.786  40.181 0.1250000000
70321  33.848  -0.815  39.107 0.1250000000
75117  45.951  3.000  42.768 0.1250000000
75106  45.491  2.859  43.306 0.1250000000
75140  46.428  3.417  41.250 0.1250000000
76241  47.440  3.738  41.008 0.1250000000
77319  49.478  5.092  40.206 0.1250000000
70316  33.579  -1.005  40.589 0.1250000000
70330  33.938  -0.816  38.266 0.1250000000
73037  43.417  2.181  44.723 0.1250000000
73039  41.957  1.826  44.928 0.1250000000
73054  42.580  1.776  44.454 0.1250000000
73040  41.130  1.752  44.888 0.1250000000
73022  40.955  1.998  45.702 0.1250000000
68377  33.529  -3.133  42.394 0.1250000000
75127  46.379  3.168  42.094 0.1250000000
73055  41.575  1.545  44.092 0.1250000000
61008  37.707  -10.047  42.221 0.1250000000
143032  33.601  -5.078  40.736 0.1250000000
75139  47.347  3.230  41.695 0.1250000000
73038  42.654  2.191  45.214 0.1250000000
42268  11.734  -27.561  49.872 0.2500000000
43312  12.756  -26.267  50.080 0.3750000000
44367  13.552  -25.748  50.876 0.3750000000
44371  11.253  -25.453  49.700 0.5000000000
45409  8.075  -23.965  56.006 0.3750000000
45431  12.511  -24.969  53.101 0.3750000000
45443  10.483  -24.301  49.640 0.3750000000
46486  9.315  -23.506  54.832 0.3750000000
46524  12.821  -23.382  50.811 0.3750000000
47577  12.035  -22.722  53.164 0.5000000000
47605  12.077  -22.264  50.392 0.5000000000
48600  9.160  -21.109  55.760 0.5000000000
49665  10.051  -20.079  54.804 0.5000000000
49701  12.276  -21.005  51.116 0.5000000000
49710  11.638  -20.702  50.463 0.5000000000
49711  10.838  -20.189  50.020 0.5000000000
49728  7.672  -20.119  48.907 0.6250000000
50673  9.565  -18.695  63.379 0.5000000000
50674  9.022  -18.699  63.488 0.5000000000
50689  7.843  -19.110  62.288 0.6250000000
50772  9.111  -19.536  55.828 0.5000000000
50818  11.480  -19.643  51.466 0.6250000000
50900  7.411  -18.833  44.200 0.1250000000
51790  9.802  -18.326  63.534 0.5000000000
51793  8.157  -18.131  63.768 0.6250000000
51799  10.189  -18.372  63.172 0.5000000000
51800  8.418  -18.654  63.431 0.6250000000
51868  7.990  -18.475  57.852 0.6250000000
52057  7.340  -18.403  43.710 0.1250000000
53125  7.942  -16.951  53.740 0.6250000000
53182  8.000  -17.071  50.630 0.7500000000
53183  7.860  -16.686  50.436 0.7500000000
53277  7.825  -17.531  44.686 0.3750000000
53312  6.484  -16.568  41.038 0.1250000000
54174  7.367  -16.878  63.656 0.6250000000
54226  7.454  -16.285  57.658 0.7500000000
54236  7.454  -16.371  56.776 0.6250000000
54245  7.577  -16.294  55.064 0.5000000000
54246  7.495  -16.331  56.016 0.7500000000
54262  7.536  -16.182  54.319 1.0000000000
54276  7.551  -16.205  53.598 1.0000000000
54364  10.278  -16.371  47.465 0.7500000000
55335  8.583  -15.195  64.960 0.8750000000
55356  6.336  -15.724  61.382 0.7500000000
55402  7.457  -15.995  56.351 0.8750000000
55415  7.652  -15.745  54.748 1.0000000000
55432  7.766  -15.830  52.394 0.8750000000
55440  8.531  -15.599  51.083 0.8750000000
55587  7.252  -15.420  40.639 0.1250000000
55604  6.960  -15.606  39.853 0.1250000000
55613  7.511  -15.029  39.253 0.1250000000
56469  10.516  -14.119  66.056 0.7500000000
56481  7.176  -13.430  63.042 0.7500000000
56488  6.434  -14.432  61.478 0.7500000000
56491  6.856  -14.755  61.087 0.7500000000
56495  7.099  -14.558  60.995 0.7500000000
56498  7.415  -15.237  58.819 0.7500000000
56505  8.343  -14.531  56.345 1.0000000000
56514  9.645  -14.453  53.696 1.0000000000
56515  9.472  -14.312  54.432 1.0000000000
56533  9.050  -15.077  52.502 1.0000000000
56549  10.396  -14.924  51.033 0.8750000000
56555  13.036  -14.098  49.075 0.7500000000
56571  13.507  -14.194  47.162 0.8750000000
56594  13.698  -14.363  45.656 0.7500000000
56595  13.064  -14.933  45.802 0.7500000000
56638  13.190  -13.674  41.935 0.2500000000
56657  11.454  -14.332  40.269 0.1250000000
57510  9.821  -13.308  66.426 0.6250000000
57516  8.398  -13.706  65.220 0.8750000000
57528  6.978  -12.910  62.576 0.8750000000
57529  6.453  -13.280  62.124 0.8750000000
57557  8.357  -14.152  57.588 1.0000000000
57570  10.387  -13.407  56.486 1.0000000000
57587  35.997  -12.985  54.391 0.6250000000
57626  11.595  -13.966  52.555 0.8750000000
57645  12.533  -13.703  51.551 0.7500000000
57724  14.482  -12.664  44.532 0.7500000000
57731  14.311  -12.790  43.948 0.7500000000
58622  13.152  -12.024  66.702 0.7500000000
58623  11.425  -12.588  67.195 0.7500000000
58625  10.048  -11.962  66.908 0.7500000000
58634  8.022  -12.690  65.160 0.8750000000
58640  7.213  -11.946  63.713 0.7500000000
58648  6.570  -12.900  62.023 0.8750000000
58666  9.928  -12.561  59.397 1.0000000000
58668  7.718  -13.250  59.941 0.8750000000
58684  8.061  -13.427  59.184 0.8750000000
58688  34.743  -12.133  57.860 0.3750000000
58733  13.321  -12.404  54.248 0.8750000000
58734  12.153  -13.170  54.692 1.0000000000
58736  37.965  -12.520  53.587 0.6250000000
58749  38.408  -12.384  53.103 0.6250000000
58757  12.893  -13.157  52.927 0.7500000000
58817  38.287  -12.508  48.289 0.7500000000
58868  14.632  -12.331  45.831 0.7500000000
59773  8.696  -11.175  66.537 0.7500000000
59780  7.871  -10.832  65.527 0.7500000000
59788  7.468  -11.449  63.336 0.8750000000
59813  7.454  -12.062  61.860 0.8750000000
59814  6.995  -12.635  61.977 0.7500000000
59836  13.161  -11.253  58.098 0.8750000000
59839  10.945  -12.367  59.148 1.0000000000
59841  36.166  -11.276  57.338 0.3750000000
59850  12.071  -12.191  58.087 0.8750000000
59857  21.097  -10.573  56.604 0.6250000000
59862  39.380  -11.172  54.919 0.6250000000
59869  13.636  -11.657  55.474 0.8750000000
59870  39.955  -10.947  53.965 0.5000000000
59910  14.606  -11.356  51.718 0.7500000000
59921  14.666  -11.279  50.852 0.7500000000
59934  14.690  -11.389  48.000 0.8750000000
60771  10.216  -10.711  67.210 0.7500000000
60774  8.496  -10.129  66.217 0.7500000000
60780  8.209  -10.409  64.918 0.7500000000
60817  10.585  -10.805  61.819 0.7500000000
60830  12.527  -10.665  60.120 0.8750000000
60861  37.958  -11.056  56.198 0.3750000000
60892  40.446  -10.429  53.446 0.6250000000
60904  14.522  -10.512  52.892 0.8750000000
60918  14.550  -10.364  49.453 0.8750000000
60921  8.341  -10.276  49.297 0.6250000000
60933  7.470  -10.305  48.082 0.2500000000
60959  7.020  -10.367  46.586 0.1250000000
60969  13.269  -10.563  45.665 0.6250000000
60975  6.932  -10.319  45.964 0.2500000000
61751  12.029  -9.735  67.204 0.6250000000
61805  13.116  -9.601  60.249 0.8750000000
61813  13.508  -9.327  58.782 0.7500000000
61826  14.194  -9.622  54.922 0.7500000000
61837  14.240  -9.596  54.074 0.8750000000
61842  41.018  -9.066  53.238 0.3750000000
61874  40.503  -9.726  51.394 0.7500000000
61881  13.425  -8.889  51.208 0.8750000000
61888  7.068  -9.096  51.785 0.3750000000
61909  11.603  -9.264  49.362 0.7500000000
61917  13.755  -9.758  48.255 0.7500000000
61944  6.268  -9.573  45.318 0.1250000000
62771  9.002  -8.961  66.021 0.7500000000
62781  9.268  -9.024  65.025 0.7500000000
62819  32.593  -8.362  59.093 0.1250000000
62834  7.002  -7.948  57.344 0.5000000000
62860  40.581  -8.701  53.499 0.3750000000
62876  39.329  -8.758  53.574 0.2500000000
62944  7.159  -8.421  48.773 0.2500000000
63841  11.267  -7.370  67.332 0.6250000000
63843  9.680  -7.771  67.020 0.6250000000
63856  9.555  -7.453  65.509 0.6250000000
63917  6.887  -7.295  58.660 0.3750000000
63918  6.478  -7.000  58.548 0.2500000000
63942  40.726  -7.980  53.254 0.3750000000
63947  40.900  -7.701  52.992 0.3750000000
64021  6.273  -8.828  45.587 0.1250000000
64069  6.703  -7.342  42.817 0.1250000000
64870  11.615  -6.550  67.186 0.6250000000
64878  14.308  -7.031  65.464 0.5000000000
64881  9.634  -6.046  65.127 0.6250000000
64887  10.641  -5.684  63.760 0.5000000000
64926  6.797  -6.486  59.688 0.3750000000
64991  40.711  -6.843  52.470 0.6250000000
64992  40.586  -6.233  52.179 0.3750000000
65007  39.228  -6.304  49.510 0.7500000000
65983  11.439  -5.310  66.801 0.6250000000
65985  9.919  -5.751  66.535 0.6250000000
65986  14.033  -5.318  65.073 0.5000000000
66037  6.783  -5.567  58.948 0.3750000000
66077  39.099  -5.135  53.488 0.2500000000
66093  19.221  -5.936  51.948 0.1250000000
66111  18.601  -5.523  50.639 0.1250000000
66134  38.619  -6.254  48.205 0.8750000000
66176  6.664  -5.068  43.686 0.1250000000
67096  12.712  -4.932  66.006 0.6250000000
67108  9.857  -4.306  64.693 0.3750000000
67119  8.667  -4.277  62.158 0.3750000000
67202  40.109  -5.105  52.179 0.2500000000
67208  19.726  -5.260  51.613 0.1250000000
67264  10.300  -3.914  46.563 0.1250000000
67292  7.824  -4.859  44.568 0.1250000000
68147  12.929  -3.801  64.962 0.3750000000
68159  10.272  -3.012  63.934 0.3750000000
68223  36.678  -3.194  54.168 0.2500000000
68264  39.069  -4.088  52.293 0.2500000000
68297  18.715  -3.709  48.940 0.1250000000
68303  37.728  -4.305  49.385 0.6250000000
68354  8.013  -3.379  43.990 0.1250000000
69203  13.082  -2.810  64.079 0.3750000000
69257  36.349  -2.296  54.017 0.1250000000
69276  36.892  -2.432  52.853 0.2500000000
70199  35.556  -1.282  53.873 0.1250000000
70275  15.065  -1.158  47.682 0.1250000000
71104  34.024  -0.208  54.420 0.1250000000
71170  34.293  -0.546  47.649 0.5000000000
71174  17.175  -0.807  47.637 0.1250000000
71177  14.820  -0.425  47.716 0.1250000000
71271  43.387  -0.514  36.638 0.5000000000
71972  34.113  0.642  54.352 0.1250000000
71978  34.454  0.797  54.092 0.2500000000
72139  45.554  0.802  39.499 0.8750000000
72927  33.834  2.041  54.305 0.2500000000
73147  43.126  1.478  33.952 0.2500000000
73918  34.220  2.792  54.163 0.1250000000
73939  33.564  2.949  53.730 0.1250000000
74999  34.086  3.228  53.972 0.1250000000
75037  38.130  3.904  51.178 0.1250000000
76238  49.266  4.234  40.687 0.1250000000
76256  49.510  4.280  40.285 0.1250000000
76273  49.556  4.376  39.821 0.2500000000
78313  49.712  6.403  39.530 0.1250000000
78325  49.986  6.726  39.066 0.1250000000
78333  49.922  6.738  38.167 0.2500000000
78451  50.279  6.563  25.900 0.5000000000
78474  49.707  6.359  24.750 0.2500000000
79379  51.322  7.842  25.111 0.7500000000
79384  50.412  7.802  24.207 0.6250000000
80152  50.377  8.230  38.443 0.1250000000
84022  59.261  12.767  16.296 0.1250000000
85976  58.602  13.713  18.333 0.1250000000
125261  12.145  -11.518  59.284 0.8750000000
125388  35.394  -13.057  54.993 0.3750000000
125461  58.906  13.348  17.582 0.1250000000
126838  6.517  -5.057  42.856 0.1250000000
127594  7.300  -15.024  59.762 0.7500000000
128192  13.613  -11.048  56.756 0.8750000000
129802  8.092  -15.000  54.864 1.0000000000
130014  13.784  -3.697  64.408 0.3750000000
130453  28.096  -8.001  55.463 0.1250000000
130996  11.024  -13.768  54.648 1.0000000000
131101  13.975  -13.954  43.919 0.6250000000
131231  32.149  -12.292  58.441 0.5000000000
132520  33.453  -12.252  58.290 0.2500000000
132626  11.871  -8.147  67.148 0.6250000000
134255  14.503  -12.339  48.864 0.7500000000
134413  42.830  -0.512  37.499 0.5000000000
134676  6.218  -6.269  43.182 0.1250000000
134811  33.200  -4.949  40.129 0.1250000000
137196  9.052  -26.032  54.773 0.2500000000
137692  8.716  -10.590  66.507 0.7500000000
138064  5.808  -8.074  43.572 0.1250000000
138371  10.868  -25.034  54.269 0.3750000000
138659  40.083  -6.231  50.880 0.5000000000
138959  12.751  -11.558  67.118 0.6250000000
139044  34.757  3.590  53.460 0.1250000000
139793  9.912  -9.252  67.187 0.6250000000
139797  24.541  -3.458  62.072 0.2500000000
140773  7.581  -16.222  52.839 1.0000000000
140869  14.393  -11.250  46.389 0.6250000000
141192  6.708  -17.153  42.259 0.1250000000
141416  29.642  -11.156  59.975 0.1250000000
141995  9.512  -9.083  64.476 0.7500000000
142110  9.717  -18.186  51.287 0.5000000000
142272  35.042  -2.074  49.088 0.5000000000
142615  10.858  -6.804  64.289 0.6250000000
142779  37.721  4.020  51.518 0.1250000000
142965  39.702  -5.225  51.001 0.3750000000
143031  9.872  -9.986  67.043 0.7500000000
143137  8.491  -14.886  38.559 0.1250000000
143255  8.358  -15.872  39.004 0.1250000000
143328  6.377  -16.174  62.246 0.6250000000
143449  6.552  -14.475  62.409 0.8750000000
143755  13.696  -10.002  57.568 0.7500000000
144271  48.814  2.888  41.381 0.2500000000
144317  7.230  -9.372  53.675 0.3750000000
144834  34.086  -11.005  58.415 0.2500000000
145053  49.809  8.881  22.567 0.1250000000
145451  15.399  -4.415  54.296 0.1250000000
145747  34.131  2.347  54.247 0.1250000000
145849  14.482  -2.935  63.185 0.3750000000
145872  12.950  -6.604  66.585 0.6250000000
145941  9.075  -14.611  65.763 0.7500000000
145979  7.734  -10.882  63.461 0.7500000000
146701  8.344  -11.081  62.197 0.8750000000
146742  37.531  -10.433  54.818 0.1250000000
146796  7.427  -15.759  41.398 0.2500000000
147064  43.115  0.350  34.932 0.2500000000
147065  7.536  -16.288  55.542 0.7500000000
147180  48.578  2.922  41.603 0.2500000000
147324  7.538  -21.135  48.539 0.5000000000
147523  9.080  -14.541  53.941 1.0000000000
147834  15.891  -2.198  47.631 0.1250000000
147975  52.625  8.740  15.867 0.1250000000
148075  32.631  -13.552  55.562 0.6250000000
148268  7.787  -12.044  64.850 0.8750000000
148652  37.415  -5.488  47.332 1.0000000000
149037  7.650  -16.498  52.602 0.8750000000
149137  8.460  -9.046  54.612 0.5000000000
149180  7.962  -20.188  61.220 0.6250000000
149597  13.390  -3.726  64.612 0.5000000000
149823  8.753  -5.479  45.446 0.1250000000
149996  49.242  7.862  23.138 0.1250000000
150420  13.136  -8.187  57.161 0.6250000000
150599  8.549  -24.759  58.973 0.3750000000
