#!ascii label  , from subject sub-v1s11x0050148_ses-1 vox2ras=TkReg
5266
103142  48.736  22.439  22.425 0.8999999762
135954  51.333  22.194  23.158 0.8999999762
103140  50.598  22.280  22.862 0.8999999762
103141  49.654  22.561  22.646 0.8999999762
103848  49.070  23.190  22.393 0.8999999762
102414  51.084  21.290  22.890 0.8999999762
102416  49.192  21.840  22.503 0.8999999762
150172  45.875  22.962  21.687 0.8000000119
103861  46.521  23.027  21.739 0.8000000119
103878  46.270  23.374  21.355 0.6999999881
103879  45.419  23.348  21.226 0.6000000238
144804  43.410  23.441  20.780 0.6000000238
103882  41.644  23.592  20.466 0.5000000000
104614  40.897  24.057  19.954 0.4000000060
103129  54.215  22.816  24.405 0.8999999762
103130  53.010  22.910  23.864 0.8999999762
103131  52.007  22.569  23.441 0.8999999762
103139  51.200  23.004  23.144 0.8999999762
103847  49.905  23.391  22.545 0.8999999762
103150  48.193  23.013  22.224 0.8999999762
150415  46.770  23.725  20.995 0.6000000238
103880  44.645  23.431  20.993 0.6000000238
103864  43.957  23.238  21.138 0.6000000238
104615  39.946  24.092  20.101 0.3000000119
104634  38.597  25.238  19.626 0.3000000119
104610  44.135  23.736  20.372 0.6000000238
104611  43.252  23.793  20.076 0.6000000238
104612  42.424  23.927  19.888 0.5000000000
104633  39.559  24.806  19.504 0.3000000119
104613  41.659  24.187  19.664 0.4000000060
150852  41.100  24.483  19.413 0.3000000119
103836  53.860  23.719  24.191 0.8999999762
103846  51.554  23.775  22.994 0.8999999762
127032  50.725  23.562  22.716 0.8999999762
106967  37.971  28.022  19.991 0.3000000119
107672  38.529  28.516  19.706 0.3000000119
103857  50.302  24.005  22.249 0.8999999762
103858  49.494  23.811  22.055 0.8999999762
104598  48.260  24.018  21.145 0.6999999881
133153  46.128  23.905  20.555 0.6000000238
106165  37.605  26.802  19.919 0.3000000119
106975  38.611  27.468  18.896 0.4000000060
107682  38.736  28.393  18.943 0.4000000060
104599  47.442  23.843  21.058 0.6000000238
104608  47.025  24.158  20.404 0.6000000238
104609  45.127  23.830  20.395 0.6000000238
105392  37.944  26.040  19.629 0.3000000119
106164  38.255  26.744  19.301 0.3000000119
106984  39.214  27.954  18.286 0.4000000060
107693  39.742  28.411  17.768 0.4000000060
104628  44.712  24.342  19.519 0.6000000238
130480  43.851  24.234  19.522 0.6000000238
104632  40.423  24.576  19.471 0.3000000119
105391  39.360  25.517  19.021 0.3000000119
105408  39.324  26.202  18.623 0.3000000119
106179  38.817  26.666  18.790 0.4000000060
146854  44.207  24.551  19.129 0.6000000238
104629  43.065  24.324  19.353 0.5000000000
104630  42.295  24.471  19.219 0.5000000000
104631  41.620  24.699  19.051 0.3000000119
105389  40.925  24.927  18.937 0.3000000119
105390  40.144  25.176  18.966 0.3000000119
105407  39.951  25.786  18.506 0.3000000119
104580  53.524  24.527  23.624 0.8999999762
104586  52.723  24.900  22.810 0.8999999762
104595  51.762  24.780  22.171 0.8999999762
103844  56.051  23.734  23.350 0.8999999762
103835  55.104  23.503  24.384 0.8999999762
103837  52.940  23.754  23.727 0.8999999762
104588  51.137  24.193  22.466 0.8999999762
104605  50.068  24.720  21.032 0.6999999881
104597  49.220  24.272  21.246 0.6999999881
139280  47.825  24.338  20.421 0.6000000238
107681  39.265  28.853  18.345 0.4000000060
129445  39.757  29.253  17.689 0.4000000060
104626  46.581  24.495  19.774 0.6000000238
106178  39.353  26.993  18.269 0.4000000060
152328  46.860  24.895  19.423 0.5000000000
104627  45.718  24.397  19.679 0.6000000238
106191  40.160  26.854  17.815 0.4000000060
105388  44.531  24.906  18.809 0.5000000000
104645  42.837  24.863  18.745 0.4000000060
148253  42.164  24.935  18.738 0.4000000060
105406  40.724  25.552  18.475 0.3000000119
136313  39.847  26.382  18.232 0.4000000060
104644  43.712  24.784  18.823 0.4000000060
148642  55.950  25.147  22.268 0.8999999762
105354  55.424  25.332  22.991 0.8999999762
105355  54.546  25.862  23.095 0.8999999762
104583  56.072  24.510  22.601 0.8999999762
104584  55.484  24.704  23.381 0.8999999762
104585  54.596  25.138  23.558 0.8999999762
129055  53.725  25.295  23.223 0.8999999762
105356  53.462  25.752  22.613 0.8999999762
105364  51.590  25.308  21.402 0.8000000119
104579  54.841  24.418  24.061 0.8999999762
105372  52.327  26.070  21.228 0.8000000119
104596  50.787  24.627  21.689 0.8999999762
108369  39.818  30.157  17.585 0.3000000119
103855  56.437  23.786  22.122 0.8999999762
103874  56.343  24.003  21.313 0.8999999762
152098  50.148  25.227  20.475 0.6000000238
107692  40.303  28.759  17.295 0.4000000060
104606  49.484  24.897  20.418 0.6000000238
104607  48.655  24.556  20.424 0.6000000238
104624  48.153  24.811  19.868 0.5000000000
105384  47.952  25.362  19.359 0.6000000238
104625  47.374  24.733  19.724 0.5000000000
105387  45.376  24.940  18.940 0.5000000000
106192  39.861  27.613  17.786 0.4000000060
105404  43.285  25.469  18.323 0.4000000060
105405  42.458  25.441  18.350 0.4000000060
139211  41.599  25.331  18.489 0.4000000060
106177  40.484  26.188  18.069 0.4000000060
106190  40.999  26.716  17.625 0.4000000060
109716  45.802  31.134  15.805 0.4000000060
109060  45.240  30.614  15.806 0.4000000060
109050  46.703  30.788  16.231 0.4000000060
109061  44.454  30.457  15.706 0.4000000060
109052  45.124  29.957  16.096 0.5000000000
108395  43.770  29.859  15.930 0.5000000000
109062  43.525  30.595  15.667 0.4000000060
105362  54.315  26.501  22.519 0.8999999762
108396  43.042  30.032  15.830 0.4000000060
109053  42.287  29.881  16.094 0.4000000060
109063  42.698  30.630  15.777 0.4000000060
105360  56.215  25.293  21.569 0.8999999762
106145  53.106  26.969  21.253 0.8999999762
108379  43.059  29.304  16.240 0.5000000000
149994  41.572  30.094  16.295 0.4000000060
109055  41.161  30.649  16.403 0.3000000119
104594  56.381  24.481  21.712 0.8999999762
105371  56.364  25.369  20.679 0.8999999762
105363  53.262  26.315  21.904 0.8000000119
105373  51.439  25.845  20.653 0.8000000119
105382  50.422  26.416  19.612 0.6000000238
108380  41.615  29.413  16.456 0.4000000060
108381  40.953  29.884  16.583 0.4000000060
108368  40.324  29.603  17.089 0.3000000119
109043  40.391  30.577  16.878 0.3000000119
104603  56.449  24.633  20.939 0.8999999762
104620  56.365  24.755  20.103 0.8999999762
105365  50.780  25.206  20.864 0.6999999881
105374  50.629  25.742  20.226 0.6000000238
105375  49.839  25.588  19.906 0.6000000238
107707  40.935  29.034  16.788 0.4000000060
104604  55.989  24.187  20.541 0.8999999762
104639  56.231  24.829  19.241 0.8999999762
106163  48.518  26.041  19.019 0.6000000238
105399  47.632  25.963  18.809 0.6000000238
105401  45.886  25.675  18.532 0.5000000000
145907  40.276  28.088  17.470 0.4000000060
104640  55.169  24.593  19.010 0.8999999762
105420  54.231  25.190  17.604 0.8999999762
105376  48.883  25.288  19.686 0.6000000238
105386  46.344  25.050  19.113 0.5000000000
106173  44.566  26.157  18.002 0.5000000000
106174  43.723  26.092  17.926 0.4000000060
143008  42.008  25.858  17.995 0.4000000060
106189  41.897  26.513  17.593 0.4000000060
106995  40.631  27.480  17.478 0.4000000060
105402  44.993  25.569  18.434 0.5000000000
105403  44.140  25.496  18.373 0.4000000060
106176  41.278  25.984  17.967 0.4000000060
109048  48.455  31.172  16.824 0.6000000238
133089  47.646  31.744  16.420 0.5000000000
109049  47.607  30.736  16.564 0.5000000000
109051  45.833  30.303  16.138 0.5000000000
141885  55.254  27.081  21.387 0.8999999762
106153  54.565  27.630  21.603 0.8999999762
106144  54.048  27.162  21.929 0.8999999762
105381  56.476  25.401  19.716 0.8999999762
140036  52.968  27.821  20.763 0.8999999762
106155  52.070  26.775  20.533 0.8999999762
107705  42.675  28.537  16.577 0.4000000060
105396  56.081  24.947  18.455 0.8999999762
106156  51.175  26.329  20.118 0.6000000238
105383  49.425  26.161  19.305 0.6000000238
142440  42.263  29.121  16.394 0.5000000000
106170  47.234  26.608  18.383 0.5000000000
107706  41.748  28.490  16.690 0.4000000060
106213  51.638  26.415  14.209 0.6000000238
105400  46.774  25.834  18.660 0.5000000000
106172  45.439  26.291  18.086 0.5000000000
106187  44.130  26.712  17.624 0.5000000000
106994  41.605  27.462  17.194 0.4000000060
129497  55.160  25.382  16.817 0.8999999762
105431  53.903  25.631  16.307 0.8000000119
143124  43.404  26.642  17.572 0.4000000060
109715  46.525  31.871  15.953 0.4000000060
107668  54.055  28.971  20.228 0.8999999762
108346  53.574  29.494  19.618 0.8999999762
106971  54.980  28.015  19.905 0.8999999762
106972  54.409  28.434  20.732 0.8999999762
107664  53.710  28.681  20.801 0.8999999762
107669  53.322  29.465  20.186 0.8999999762
147895  51.987  29.030  19.720 0.6999999881
107671  51.146  28.644  19.285 0.6999999881
108374  47.157  29.905  16.714 0.5000000000
140098  46.385  29.939  16.454 0.5000000000
106965  55.049  27.701  20.864 0.8999999762
106154  53.832  27.877  21.369 0.8999999762
145184  52.158  27.660  20.188 0.8000000119
106980  50.202  28.265  18.758 0.6000000238
108377  44.911  29.252  16.423 0.5000000000
106970  55.893  26.891  19.081 0.8999999762
106978  56.186  26.691  18.160 0.8999999762
106161  51.362  27.061  19.823 0.6999999881
106974  50.620  27.491  19.254 0.6000000238
106981  49.755  27.447  18.780 0.6000000238
108378  44.050  29.085  16.345 0.5000000000
105395  56.560  25.402  18.810 0.8999999762
106167  56.619  25.999  18.480 0.8999999762
106986  56.282  26.737  17.336 0.8999999762
106162  49.850  26.845  19.086 0.6000000238
106168  49.041  26.876  18.696 0.6000000238
106982  48.212  27.754  18.101 0.6000000238
106989  47.595  27.936  17.825 0.6000000238
106990  46.829  27.359  17.891 0.5000000000
127356  46.107  27.867  17.466 0.5000000000
107689  44.779  28.067  16.979 0.5000000000
107704  44.030  28.331  16.709 0.4000000060
131414  43.409  28.619  16.537 0.5000000000
105418  56.530  25.496  18.003 0.8999999762
141790  56.736  26.089  16.721 0.8999999762
140686  56.832  25.785  16.135 0.8999999762
106169  48.099  26.675  18.552 0.6000000238
106983  47.727  27.279  18.187 0.6000000238
106185  45.844  27.067  17.774 0.5000000000
106186  44.962  26.856  17.699 0.5000000000
106991  45.299  27.570  17.399 0.5000000000
106992  44.477  27.371  17.355 0.5000000000
128651  56.490  25.653  17.030 0.8999999762
129901  56.199  25.494  16.148 0.8999999762
105439  55.822  25.492  15.399 0.8999999762
136468  43.662  27.239  17.282 0.5000000000
107690  44.035  27.763  17.019 0.5000000000
106993  43.263  27.893  16.853 0.4000000060
107006  42.389  27.864  16.853 0.4000000060
105419  55.807  25.150  17.698 0.8999999762
106205  54.567  25.772  15.117 0.8999999762
128819  52.993  26.404  13.956 0.6999999881
106188  42.713  27.094  17.290 0.4000000060
106221  52.222  26.499  13.572 0.6999999881
109040  49.944  31.186  17.871 0.6000000238
109041  49.000  30.691  17.361 0.6000000238
108347  52.972  29.996  19.604 0.8999999762
108357  51.290  30.275  18.934 0.8000000119
109032  51.023  30.799  18.582 0.6999999881
147624  49.475  30.341  17.758 0.6000000238
109042  48.111  30.235  16.979 0.6000000238
106979  55.283  27.687  18.731 0.8999999762
107675  54.388  28.657  19.260 0.8999999762
107684  54.719  28.228  18.107 0.8999999762
107670  52.609  29.681  19.833 0.8000000119
107677  51.758  29.786  19.412 0.6999999881
107678  50.760  29.320  18.882 0.6000000238
108364  49.579  29.719  18.029 0.6000000238
108365  48.715  29.720  17.532 0.6000000238
137156  55.280  27.686  17.167 0.8999999762
107680  49.068  27.968  18.351 0.6000000238
107686  48.943  28.920  17.927 0.6000000238
148312  48.258  28.984  17.598 0.6000000238
108366  47.797  29.408  17.241 0.6000000238
108367  46.999  29.066  17.178 0.5000000000
108375  46.491  29.392  16.775 0.5000000000
108376  45.757  29.441  16.525 0.5000000000
106987  55.573  27.429  17.880 0.8999999762
106988  48.279  28.348  17.862 0.6000000238
107687  47.627  28.657  17.525 0.6000000238
107701  46.167  28.695  17.049 0.5000000000
107703  44.635  28.673  16.637 0.5000000000
106204  57.140  26.023  15.388 0.8999999762
106202  56.957  26.102  15.981 0.8999999762
107013  55.779  27.452  15.663 0.8999999762
107698  54.895  28.004  16.170 0.8999999762
130498  46.888  28.267  17.495 0.6000000238
107688  45.550  28.185  17.145 0.5000000000
107702  45.322  28.699  16.771 0.5000000000
105438  56.726  25.653  15.594 0.8999999762
129046  57.038  25.808  15.204 0.8999999762
106210  55.519  25.603  14.632 0.8999999762
106220  53.901  26.232  13.873 0.8000000119
106232  53.741  26.341  12.288 0.8000000119
106253  51.666  26.635  11.460 0.6999999881
106211  53.424  26.191  14.677 0.6999999881
126552  53.278  26.407  13.221 0.8000000119
126607  50.855  26.788  11.169 0.6000000238
106273  49.209  27.199  10.677 0.4000000060
106234  51.727  26.616  12.263 0.6000000238
126610  50.174  26.896  11.777 0.4000000060
109706  49.443  31.664  17.398 0.8000000119
107676  53.827  29.111  18.561 0.8999999762
108354  53.163  30.010  19.038 0.8999999762
108362  52.580  30.351  18.503 0.8000000119
109031  51.642  30.781  18.798 0.8000000119
109039  50.821  31.369  18.228 0.8000000119
109705  50.525  32.003  17.696 0.6999999881
139769  51.587  31.289  17.887 0.8000000119
109704  51.171  31.697  18.030 0.8999999762
128277  54.078  28.581  17.244 0.8999999762
128053  50.605  32.804  17.617 0.8999999762
110375  50.837  33.493  17.375 0.8999999762
105447  57.081  25.796  14.500 0.8999999762
144606  57.021  26.374  14.831 0.8999999762
107016  56.039  27.431  14.861 0.8999999762
132026  55.103  27.965  15.297 0.8999999762
107720  54.903  28.214  14.526 0.8999999762
107721  53.900  28.670  14.282 0.8999999762
107722  53.151  28.824  14.824 0.8999999762
106218  56.450  25.539  13.988 0.8999999762
106209  57.300  26.056  14.085 0.8999999762
107015  56.767  26.938  14.091 0.8999999762
107018  55.734  27.829  13.905 0.8999999762
107727  53.154  29.019  14.099 0.8999999762
106219  55.080  25.799  13.857 0.8999999762
136576  55.849  25.615  13.133 0.8000000119
126612  52.451  26.545  11.775 0.6999999881
107725  54.698  28.544  13.460 0.8999999762
126608  53.502  26.347  10.434 0.6999999881
106252  52.496  26.522  10.957 0.6999999881
106271  51.621  26.636  10.594 0.5000000000
126603  49.870  27.035  10.012 0.4000000060
126604  53.510  26.293  9.551 0.8000000119
126905  52.068  26.358  8.753 0.6999999881
126601  51.590  26.578  9.609 0.6000000238
126600  49.645  26.911  9.112 0.4000000060
107058  45.764  27.294  8.902 0.4000000060
106300  51.418  26.339  8.187 0.6000000238
145283  51.197  26.541  8.852 0.6999999881
106286  50.562  26.745  9.374 0.6999999881
106289  47.221  27.393  9.501 0.4000000060
107047  46.236  27.436  9.674 0.4000000060
107059  44.916  27.192  8.984 0.3000000119
107685  53.198  29.523  17.947 0.8999999762
108363  52.054  30.838  18.068 0.8999999762
108373  51.764  30.476  16.883 0.8999999762
109047  51.302  31.463  17.284 0.8999999762
109712  50.946  32.156  17.532 0.8999999762
107717  54.085  28.445  15.282 0.8999999762
110388  51.009  32.890  16.391 0.8999999762
105455  57.121  25.679  12.783 0.8999999762
147005  56.390  27.429  13.422 0.8999999762
106249  56.388  25.619  11.623 0.8999999762
107025  57.072  26.342  11.612 0.8999999762
107020  56.506  27.398  12.705 0.8999999762
107730  54.985  28.650  12.344 0.8999999762
107726  53.624  29.013  13.446 0.8999999762
106269  54.751  26.072  9.854 0.8000000119
106251  54.505  26.146  10.798 0.6999999881
106302  48.708  27.116  8.923 0.4000000060
106301  49.318  26.766  8.210 0.4000000060
129575  48.234  26.895  8.023 0.4000000060
149663  47.213  27.313  8.846 0.4000000060
127467  52.339  26.113  8.010 0.6999999881
106318  49.922  26.408  7.465 0.4000000060
128253  47.152  27.110  8.206 0.4000000060
106303  46.155  27.095  8.166 0.4000000060
105513  52.323  25.828  7.297 0.8000000119
106316  51.674  26.101  7.609 0.6000000238
106317  50.899  26.261  7.531 0.6000000238
107699  53.817  28.572  16.212 0.8999999762
107700  53.114  29.095  16.766 0.8999999762
108372  52.475  29.926  17.388 0.8999999762
108392  52.355  29.483  16.212 0.8999999762
108393  51.743  29.888  15.515 0.8999999762
109058  51.239  30.761  15.925 0.8999999762
109721  50.832  32.051  15.588 0.8999999762
108411  53.374  29.434  12.753 0.8999999762
110393  51.005  32.775  15.361 0.8999999762
108412  52.929  30.035  12.313 0.8999999762
148991  53.361  31.799  11.189 0.8000000119
106268  55.509  25.829  10.456 0.8000000119
106266  56.606  25.922  10.807 0.8999999762
107026  56.562  27.252  10.953 0.8999999762
109091  52.816  31.009  11.783 0.8999999762
109742  52.743  31.911  11.741 0.8000000119
110397  53.075  32.891  11.506 0.8000000119
126476  55.973  25.769  9.867 0.8000000119
106282  56.511  26.243  10.042 0.8000000119
107736  55.922  28.122  11.143 0.8999999762
107737  55.222  28.793  11.323 0.8999999762
108418  53.738  30.622  11.224 0.8999999762
110406  53.856  32.623  10.535 0.8000000119
111058  54.097  34.311  10.450 0.6999999881
106284  54.434  26.075  9.069 0.8000000119
105500  55.561  25.646  8.021 0.8000000119
107046  56.358  26.977  9.275 0.8999999762
107746  55.398  28.905  10.396 1.0000000000
108426  55.130  29.715  9.604 0.8000000119
109100  53.965  31.747  10.533 0.8000000119
110405  54.228  33.712  10.129 0.6999999881
106299  53.421  26.123  8.572 0.8000000119
105501  54.499  25.665  7.823 0.8999999762
106332  49.431  26.180  6.689 0.5000000000
143156  48.555  26.263  6.682 0.4000000060
106320  47.442  26.673  7.390 0.2000000030
106321  46.512  26.719  7.438 0.2000000030
106337  44.036  26.044  6.845 0.2000000030
106331  50.474  25.953  6.603 0.5000000000
145580  48.188  26.562  7.240 0.4000000060
105532  43.430  25.286  6.171 0.3000000119
107718  53.092  28.849  15.722 0.8999999762
109074  51.422  30.459  14.664 0.8999999762
109075  50.991  31.253  15.224 0.8999999762
148483  50.912  31.615  14.881 0.8999999762
109730  50.917  32.017  14.608 0.8999999762
146233  51.515  33.507  14.225 0.8000000119
106297  56.238  25.997  8.035 0.8999999762
107056  56.248  26.851  8.417 1.0000000000
108434  54.860  30.100  9.103 0.8000000119
109110  54.344  31.809  9.480 0.8000000119
130272  55.091  24.987  6.428 0.8000000119
105510  55.954  25.456  6.671 0.8999999762
107769  55.835  27.840  8.018 0.8999999762
107759  55.286  28.903  8.107 0.6999999881
105528  47.207  25.897  6.050 0.3000000119
106335  45.900  26.292  6.690 0.3000000119
106336  44.960  26.198  6.755 0.2000000030
126816  53.180  25.519  6.836 0.8000000119
130841  51.426  25.587  6.110 0.6000000238
105525  49.738  25.810  6.016 0.6000000238
143269  46.793  25.517  5.424 0.3000000119
105529  46.245  25.814  5.866 0.3000000119
105531  44.312  25.582  6.032 0.3000000119
129956  54.108  25.101  6.232 0.6999999881
105544  51.667  25.273  5.305 0.5000000000
151213  50.540  25.439  5.367 0.5000000000
105565  47.775  25.086  4.552 0.5000000000
105548  46.207  25.292  5.114 0.3000000119
105549  45.475  25.230  5.163 0.3000000119
104734  43.112  23.674  4.696 0.3000000119
143157  50.653  24.986  4.329 0.5000000000
104747  49.132  24.714  3.747 0.5000000000
104748  48.149  24.652  3.761 0.4000000060
108406  52.426  29.252  15.189 0.8999999762
131236  52.637  29.223  14.419 0.8999999762
108407  52.031  29.662  14.493 0.8999999762
109085  51.538  30.830  13.601 0.8999999762
109735  51.355  31.874  13.579 0.8999999762
110395  51.187  32.734  14.335 0.8999999762
109092  51.988  31.295  12.668 0.8999999762
111059  53.479  33.898  11.364 0.8000000119
108435  54.459  30.527  9.067 0.6999999881
109765  54.164  32.385  9.428 0.8000000119
111072  54.160  34.264  9.959 0.6999999881
105523  55.743  25.015  6.147 0.8000000119
106330  56.143  25.751  6.312 0.8999999762
107077  55.460  27.368  6.325 0.6999999881
133241  54.611  29.386  8.057 0.6999999881
109125  54.228  31.559  9.212 0.6999999881
110421  53.817  33.230  9.539 0.6999999881
111073  54.023  34.463  9.915 0.6999999881
105543  53.749  24.799  5.310 0.6999999881
105541  55.847  24.839  5.323 0.8000000119
106346  55.734  25.992  5.121 0.8000000119
107067  55.038  28.064  6.936 0.6999999881
105561  52.663  24.781  4.685 0.6000000238
105560  53.911  24.455  4.266 0.6000000238
104743  55.313  24.467  4.010 0.8000000119
105566  46.741  24.979  4.596 0.4000000060
105567  45.724  24.650  4.420 0.3000000119
104733  43.927  24.024  4.508 0.3000000119
104762  50.748  24.172  2.533 0.5000000000
104764  48.482  24.179  2.881 0.5000000000
104749  47.104  24.332  3.551 0.3000000119
104751  45.057  23.697  3.558 0.3000000119
104752  44.149  23.338  3.616 0.2000000030
104782  49.951  23.821  1.739 0.5000000000
104784  47.629  23.546  1.913 0.5000000000
143270  47.695  24.078  2.985 0.5000000000
104015  48.067  23.421  1.136 0.5000000000
104783  48.786  23.724  1.867 0.5000000000
108409  52.633  29.537  13.506 0.8999999762
150192  51.881  30.115  13.806 0.8999999762
109084  52.159  30.398  12.902 0.8999999762
111060  52.435  33.350  12.508 0.8000000119
152256  54.077  29.431  8.052 0.6999999881
109111  53.864  31.751  9.187 0.6999999881
131714  53.530  33.692  9.808 0.6999999881
111700  52.919  35.062  10.490 0.6000000238
107771  54.138  28.364  7.089 0.6999999881
142693  53.411  29.205  8.090 0.6999999881
109112  52.747  31.344  9.686 0.6999999881
110407  52.087  33.412  10.590 0.6000000238
127531  54.706  24.234  3.392 0.6999999881
142762  55.224  26.305  4.638 0.8000000119
107068  54.507  27.716  6.362 0.8000000119
107772  53.013  28.501  7.428 0.6000000238
104753  43.342  23.117  3.790 0.2000000030
139229  52.987  24.015  2.713 0.6000000238
104759  54.572  24.200  2.665 0.6999999881
104767  45.267  23.166  2.563 0.3000000119
104768  44.397  22.878  2.736 0.2000000030
103994  42.390  23.012  3.812 0.2000000030
104765  47.051  23.650  2.511 0.4000000060
104004  44.728  22.702  1.998 0.3000000119
104006  43.486  22.822  2.769 0.2000000030
104800  50.331  23.631  0.744 0.5000000000
104014  49.176  23.489  1.034 0.5000000000
104785  46.514  23.188  1.619 0.5000000000
104003  45.547  22.925  1.713 0.4000000060
104788  43.754  23.174  2.009 0.2000000030
105593  43.735  23.927  2.089 0.3000000119
104030  48.598  23.571  0.669 0.5000000000
104016  46.972  23.286  1.159 0.5000000000
104017  45.976  22.969  1.158 0.4000000060
110398  52.093  32.282  12.578 0.8000000119
107078  52.594  27.545  5.891 0.6999999881
108437  52.414  29.985  9.217 0.6999999881
110422  52.889  32.931  9.953 0.6000000238
140990  54.715  25.521  3.135 0.6999999881
106347  54.255  26.721  4.784 0.6999999881
107782  53.355  27.883  6.577 0.6999999881
104779  53.614  23.827  1.540 0.6999999881
104781  51.267  23.754  1.309 0.6000000238
105579  44.050  24.874  2.668 0.3000000119
104028  50.577  23.739  -0.128 0.6000000238
105605  45.703  23.707  1.230 0.4000000060
105592  44.439  24.203  1.855 0.4000000060
104042  49.104  23.856  0.252 0.6000000238
104815  48.320  23.841  0.568 0.6000000238
104802  46.194  23.296  1.046 0.6000000238
104814  49.102  24.296  0.040 0.6000000238
105613  48.225  24.415  0.487 0.6000000238
111688  53.015  34.568  12.584 0.6000000238
107089  53.054  27.075  4.978 0.6999999881
107783  52.201  27.972  6.714 0.6999999881
108449  51.736  29.288  8.750 0.6999999881
109767  52.146  31.842  10.274 0.8000000119
106373  54.038  25.591  2.535 0.6999999881
109768  50.731  31.444  10.747 0.5000000000
109750  51.391  32.386  10.754 0.5000000000
105577  54.319  24.517  1.917 0.6999999881
110408  50.643  32.987  11.364 0.5000000000
104813  51.436  23.908  -0.697 0.6999999881
104799  51.514  23.726  0.234 0.6999999881
105591  45.272  24.534  1.763 0.5000000000
104041  49.922  23.950  -0.382 0.6000000238
105604  46.581  24.088  1.026 0.4000000060
107101  52.375  26.892  4.224 0.6999999881
107773  51.735  28.417  7.417 0.6999999881
108438  51.162  29.676  9.344 0.6000000238
108439  50.004  29.572  9.307 0.5000000000
109114  50.117  30.673  10.484 0.5000000000
106385  53.817  25.027  1.512 0.6999999881
109751  50.138  31.964  11.339 0.5000000000
104798  52.324  23.963  -0.070 0.6999999881
104820  50.721  24.229  -1.024 0.6000000238
104812  51.542  24.622  -1.252 0.6999999881
106390  45.776  25.667  2.429 0.4000000060
105612  48.941  25.289  0.032 0.5000000000
105602  48.121  25.242  0.658 0.5000000000
107079  51.490  27.720  5.972 0.6999999881
107774  50.665  28.498  7.318 0.6000000238
108450  50.574  29.152  8.707 0.6000000238
107111  51.893  26.700  3.421 0.6999999881
107102  51.336  27.281  4.301 0.6999999881
108451  49.567  29.304  8.542 0.5000000000
109128  49.499  30.057  9.906 0.5000000000
106386  52.760  25.783  1.463 0.6999999881
106375  51.797  26.606  2.452 0.6000000238
107121  51.277  27.281  2.189 0.6000000238
105601  52.645  24.615  -0.177 0.6999999881
106396  51.854  26.704  0.885 0.6000000238
105618  50.789  25.194  -1.386 0.5000000000
141600  52.184  26.772  -1.068 0.6000000238
107127  52.125  27.108  -0.215 0.6000000238
106397  48.359  26.137  0.725 0.5000000000
107080  50.887  27.663  5.170 0.6999999881
138168  50.330  28.406  6.629 0.6999999881
107763  50.091  28.781  7.967 0.5000000000
127626  50.496  28.108  5.936 0.5000000000
107112  51.073  27.257  3.346 0.6000000238
139404  49.271  29.193  7.755 0.5000000000
107128  51.508  27.625  1.006 0.5000000000
109129  48.556  30.252  9.784 0.4000000060
106404  49.884  25.857  -0.886 0.5000000000
107141  51.463  27.573  -1.738 0.6000000238
107135  52.220  27.624  -1.218 0.6000000238
106405  49.078  26.510  -0.036 0.5000000000
107136  49.845  27.018  -0.887 0.6000000238
136881  49.768  27.896  -0.700 0.5000000000
107129  48.540  27.144  0.852 0.5000000000
130656  50.544  27.942  3.156 0.4000000060
107804  50.462  27.869  4.231 0.5000000000
107820  50.856  28.203  2.080 0.4000000060
107784  49.746  28.635  6.112 0.4000000060
108459  49.070  29.295  7.081 0.4000000060
107827  52.073  28.132  -0.291 0.5000000000
107833  52.224  28.564  -1.277 0.5000000000
108460  48.672  29.709  7.449 0.4000000060
109138  48.109  30.221  8.922 0.3000000119
109203  52.013  30.327  -1.165 0.4000000060
108524  51.032  29.316  -1.499 0.5000000000
107140  52.000  28.026  -1.680 0.5000000000
109196  50.432  30.580  -0.613 0.4000000060
108516  50.241  29.718  -0.784 0.5000000000
107834  50.185  28.717  -1.018 0.5000000000
108508  49.401  30.209  0.364 0.5000000000
139723  48.716  30.274  1.280 0.4000000060
111183  49.122  33.181  1.450 0.3000000119
107794  50.197  28.218  5.154 0.4000000060
107805  49.909  28.626  4.555 0.4000000060
128684  49.279  29.303  5.696 0.4000000060
108500  50.953  29.151  1.823 0.4000000060
108487  49.476  29.449  4.809 0.4000000060
108469  49.210  29.223  6.453 0.4000000060
108514  52.290  30.313  -0.607 0.4000000060
108522  52.177  29.423  -1.254 0.4000000060
109162  49.038  30.191  5.472 0.4000000060
109146  48.218  30.279  7.865 0.3000000119
109195  51.455  30.861  -1.053 0.4000000060
109163  48.662  30.349  6.247 0.4000000060
109147  47.681  30.951  8.177 0.3000000119
109854  51.423  31.585  -0.630 0.4000000060
109855  50.464  31.943  0.135 0.4000000060
109846  49.716  31.211  0.376 0.5000000000
109799  47.982  31.038  7.304 0.3000000119
147325  47.273  31.582  8.342 0.3000000119
110549  50.862  32.688  0.268 0.4000000060
110534  49.858  32.741  0.795 0.4000000060
112405  50.567  35.276  1.614 0.3000000119
111798  51.136  34.557  1.244 0.3000000119
108494  49.828  29.168  3.935 0.4000000060
135646  50.669  29.904  2.443 0.4000000060
109868  52.324  31.390  -0.505 0.4000000060
109188  52.106  30.771  0.717 0.4000000060
135656  49.657  29.902  4.099 0.4000000060
109171  49.421  30.469  4.614 0.4000000060
109870  51.961  31.984  -0.528 0.4000000060
109844  52.465  31.914  0.150 0.4000000060
109853  52.399  31.172  -0.161 0.4000000060
109816  49.118  31.149  5.189 0.3000000119
132681  48.728  30.902  5.800 0.3000000119
110516  52.640  33.234  1.518 0.4000000060
109800  47.598  31.842  7.556 0.3000000119
111806  51.764  33.881  0.918 0.4000000060
111188  52.520  32.757  0.763 0.4000000060
111158  52.852  34.316  2.603 0.4000000060
146927  52.405  35.615  2.270 0.3000000119
142100  53.263  35.317  2.741 0.3000000119
111170  52.872  33.947  1.947 0.4000000060
109183  51.240  30.718  2.024 0.4000000060
109176  50.503  30.699  2.974 0.4000000060
109845  52.404  31.694  0.777 0.4000000060
109177  49.900  30.667  3.807 0.4000000060
110533  52.568  32.465  1.064 0.4000000060
137016  48.353  32.076  6.364 0.3000000119
141184  48.017  31.726  6.896 0.3000000119
111171  52.616  33.570  2.282 0.4000000060
112395  53.166  35.820  2.716 0.3000000119
112387  53.283  35.442  3.129 0.4000000060
113698  53.258  37.554  3.179 0.3000000119
109836  51.809  31.506  1.711 0.4000000060
127513  51.021  31.458  2.646 0.4000000060
130686  52.284  32.170  1.555 0.4000000060
109831  50.369  31.446  3.482 0.4000000060
128898  49.222  32.080  5.168 0.3000000119
109810  47.943  32.453  6.876 0.3000000119
110450  47.047  32.301  8.078 0.3000000119
111118  47.961  33.353  6.752 0.3000000119
136232  53.451  36.084  2.995 0.3000000119
148212  52.613  35.418  3.704 0.3000000119
111106  47.266  33.644  7.339 0.3000000119
113685  53.214  37.540  3.640 0.3000000119
112372  53.066  36.206  3.598 0.3000000119
111729  46.826  34.397  7.311 0.3000000119
114344  52.274  38.929  4.255 0.2000000030
147499  50.855  32.022  3.167 0.4000000060
109824  50.343  32.216  3.838 0.4000000060
110489  49.780  32.543  4.572 0.4000000060
109837  51.656  32.244  2.471 0.4000000060
110476  49.277  32.965  5.289 0.3000000119
110501  51.912  33.094  2.792 0.3000000119
111779  52.624  34.687  3.343 0.3000000119
111147  49.875  33.376  4.738 0.3000000119
111132  48.690  33.396  5.989 0.3000000119
111131  49.337  33.781  5.385 0.3000000119
111117  48.254  34.020  6.388 0.3000000119
111744  47.624  34.209  6.826 0.3000000119
113677  52.076  37.470  4.361 0.3000000119
110502  51.081  32.664  3.353 0.4000000060
110488  50.469  33.003  4.069 0.3000000119
112373  51.726  34.962  4.092 0.3000000119
111146  50.628  33.762  4.280 0.3000000119
111769  50.767  34.515  4.449 0.3000000119
129929  49.968  34.131  4.857 0.3000000119
128110  51.839  35.894  4.296 0.3000000119
113013  52.479  36.761  4.226 0.3000000119
112351  48.098  34.805  6.321 0.3000000119
112352  47.545  35.556  6.256 0.3000000119
111745  47.202  34.977  6.751 0.3000000119
111770  50.040  34.842  4.917 0.3000000119
151172  50.367  23.006  22.866 0.8999999762
102415  49.938  21.446  22.600 0.8999999762
103862  45.258  22.864  21.590 0.6999999881
103860  47.784  23.451  21.692 0.6999999881
103151  47.238  22.823  21.933 0.8000000119
103881  42.641  23.444  20.666 0.6000000238
103838  52.157  23.373  23.429 0.8999999762
104587  51.904  24.328  22.738 0.8999999762
103859  48.653  23.635  21.865 0.8999999762
106976  38.018  27.449  19.633 0.3000000119
130438  49.962  24.279  21.672 0.8999999762
128272  52.494  25.510  22.005 0.8999999762
105385  47.153  25.315  19.165 0.5000000000
105361  55.403  26.029  22.416 0.8999999762
106143  54.954  26.983  22.112 0.8999999762
106142  55.717  26.209  21.453 0.8999999762
106152  55.902  26.399  20.475 0.8999999762
106171  46.343  26.473  18.204 0.5000000000
105397  54.785  24.854  18.301 0.8999999762
140539  54.294  28.219  21.220 0.8999999762
106160  56.393  26.124  19.371 0.8999999762
106206  53.588  25.892  15.602 0.8999999762
106964  55.671  27.043  19.940 0.8999999762
106966  52.700  28.804  20.294 0.8999999762
106973  51.681  28.059  19.691 0.6999999881
107679  49.816  29.002  18.398 0.6000000238
139176  48.418  27.306  18.374 0.6000000238
107005  56.243  26.956  16.409 0.8999999762
105448  56.578  25.583  14.919 0.8999999762
143332  54.437  25.944  14.427 0.8000000119
106233  52.567  26.524  12.582 0.6999999881
108355  52.540  30.416  19.157 0.8000000119
108356  51.998  30.548  19.190 0.8000000119
109030  52.078  30.798  18.783 0.8000000119
109033  50.198  30.597  18.218 0.6000000238
108358  50.427  29.963  18.528 0.6000000238
107012  56.637  26.654  15.552 0.8999999762
129261  54.484  26.102  13.088 0.8000000119
126613  53.411  26.402  11.398 0.6999999881
106272  50.742  26.797  10.277 0.4000000060
152317  56.764  25.542  13.203 0.8999999762
106217  57.354  25.932  13.118 0.8999999762
106231  55.270  25.866  12.183 0.8000000119
127761  54.441  26.169  11.562 0.8000000119
106285  52.596  26.395  9.306 0.6999999881
106270  52.517  26.481  10.081 0.6999999881
106304  45.236  26.989  8.229 0.3000000119
147913  50.411  26.578  8.389 0.4000000060
109059  50.999  31.677  16.387 0.8999999762
148214  57.098  25.773  11.726 0.8999999762
106230  56.557  25.561  12.487 0.8999999762
107724  55.688  28.073  13.005 0.8999999762
106250  55.440  25.828  11.194 0.8000000119
107036  56.779  26.364  10.795 0.8999999762
107731  54.138  29.076  12.582 0.8999999762
106319  48.946  26.528  7.385 0.3000000119
106322  45.571  26.680  7.473 0.2000000030
105524  52.262  25.584  6.539 0.6999999881
105514  51.482  25.898  6.974 0.6000000238
106315  53.305  25.796  7.613 0.8000000119
128644  53.786  29.727  11.877 0.8999999762
135620  56.317  25.912  10.148 0.8999999762
107037  56.454  27.138  10.116 0.8999999762
107738  54.554  29.333  11.557 0.8999999762
106298  54.768  25.862  8.479 0.8000000119
106283  56.145  26.102  9.128 0.8000000119
127613  55.939  28.109  9.491 1.0000000000
108416  54.895  29.647  10.428 0.8000000119
108417  54.347  30.217  10.752 0.8999999762
109099  54.452  31.321  10.080 0.8000000119
109749  54.277  32.703  9.647 0.8000000119
105492  56.005  25.789  8.295 0.8999999762
107758  55.868  28.046  8.692 1.0000000000
108427  54.575  30.748  9.548 0.8000000119
143961  54.246  33.185  9.706 0.6999999881
105512  54.287  25.396  7.028 0.8000000119
105526  48.930  25.901  6.020 0.3000000119
105527  48.061  25.900  6.056 0.3000000119
106314  56.153  25.916  7.158 0.8999999762
108446  54.838  29.750  8.643 0.6999999881
107752  55.333  29.207  8.991 0.8999999762
105511  55.469  25.384  7.080 0.8000000119
105542  55.141  24.682  5.522 0.6999999881
107770  55.484  28.122  7.460 0.6999999881
107076  55.974  26.630  6.704 0.8000000119
105530  45.253  25.736  5.963 0.3000000119
132381  52.429  25.295  5.695 0.6000000238
105545  49.348  25.520  5.329 0.5000000000
105546  48.401  25.538  5.334 0.3000000119
105550  44.564  25.008  5.221 0.2000000030
105562  51.502  24.949  4.526 0.6000000238
105563  49.754  25.146  4.521 0.5000000000
105564  48.756  25.155  4.570 0.5000000000
104745  51.484  24.459  3.398 0.6000000238
104746  50.187  24.662  3.623 0.5000000000
104763  49.532  24.251  2.793 0.5000000000
108447  54.143  29.830  8.506 0.6999999881
134349  54.118  33.068  9.539 0.6999999881
106345  56.061  25.504  5.579 0.8000000119
108436  53.837  30.678  8.992 0.6999999881
109766  53.650  32.573  9.506 0.6999999881
104731  54.907  24.405  4.468 0.6000000238
106358  55.964  25.210  4.986 0.8000000119
107088  55.091  27.036  5.454 0.6999999881
104744  53.495  24.279  3.538 0.6000000238
142900  52.371  24.504  3.813 0.6000000238
105559  55.422  24.657  3.930 0.8000000119
103992  43.678  22.752  3.023 0.2000000030
139474  53.030  30.800  9.378 0.6999999881
109126  51.851  30.399  9.685 0.8000000119
104760  54.188  23.984  2.471 0.6000000238
106360  54.981  25.935  3.903 0.6999999881
127446  53.788  27.378  5.690 0.6999999881
107761  52.322  28.870  8.139 0.6999999881
104761  52.216  23.866  1.969 0.6000000238
104778  54.348  24.018  2.030 0.6999999881
104007  42.708  23.049  3.225 0.2000000030
145156  44.821  23.003  1.439 0.3000000119
104769  43.148  23.748  2.492 0.3000000119
106361  53.732  26.417  3.832 0.6999999881
105588  53.882  24.129  1.390 0.6999999881
104780  52.572  23.712  0.780 0.6999999881
106399  46.958  25.313  1.448 0.5000000000
106362  52.911  26.448  3.302 0.6999999881
107090  51.909  27.371  5.132 0.6999999881
109113  51.357  30.869  10.295 0.6000000238
107762  51.156  28.727  8.095 0.6000000238
105589  53.333  24.617  0.741 0.6999999881
104797  53.182  23.981  0.651 0.6999999881
109752  49.048  31.751  11.466 0.5000000000
105610  52.139  25.121  -1.080 0.6000000238
108440  48.977  29.681  9.181 0.5000000000
106387  51.933  26.502  1.586 0.6000000238
106395  52.540  25.726  0.600 0.6000000238
106403  52.350  25.972  -0.449 0.6000000238
134951  50.908  26.562  -1.593 0.6000000238
106410  51.869  26.948  -1.569 0.6000000238
107828  51.519  28.592  0.922 0.5000000000
107775  49.715  28.765  7.065 0.5000000000
108452  48.738  29.644  8.309 0.4000000060
107840  51.416  28.515  -1.667 0.5000000000
107137  49.151  27.529  0.050 0.5000000000
130131  50.318  28.936  2.962 0.4000000060
151199  51.631  29.353  0.850 0.4000000060
108507  52.063  29.948  0.286 0.4000000060
108523  51.764  29.378  -1.476 0.4000000060
108517  49.411  29.241  0.123 0.5000000000
108509  48.753  29.559  1.040 0.5000000000
110535  49.176  32.426  1.305 0.5000000000
111182  49.801  33.639  1.077 0.4000000060
109189  51.436  29.968  1.394 0.4000000060
110548  51.798  32.572  0.016 0.4000000060
111181  50.711  33.905  0.873 0.4000000060
112396  51.788  35.154  1.710 0.3000000119
108493  50.088  29.886  3.374 0.4000000060
109825  49.688  31.529  4.361 0.3000000119
111797  52.224  34.426  1.430 0.3000000119
111180  52.408  33.825  1.205 0.4000000060
110477  48.765  32.516  5.817 0.3000000119
110459  47.453  32.808  7.410 0.3000000119
110468  48.362  32.786  6.375 0.3000000119
111160  51.291  33.416  3.582 0.3000000119
111757  49.392  34.545  5.381 0.3000000119
111758  48.771  34.258  5.880 0.3000000119
92338  53.668  8.200  9.100 0.1000000015
92253  47.470  8.510  15.236 0.1000000015
91273  51.551  7.623  12.061 0.1000000015
92323  51.740  8.055  10.606 0.1000000015
92322  52.611  7.853  10.105 0.1000000015
92339  53.193  8.633  9.445 0.1000000015
94180  53.574  10.670  8.739 0.1000000015
93259  46.997  9.120  14.930 0.1000000015
92265  47.477  8.938  14.414 0.1000000015
93286  48.034  9.814  12.195 0.1000000015
92281  48.267  9.129  12.958 0.1000000015
93285  48.765  9.253  12.028 0.1000000015
128736  48.954  8.572  13.520 0.1000000015
135904  49.734  8.421  13.206 0.1000000015
93303  50.056  9.788  10.577 0.1000000015
93293  49.900  8.976  11.095 0.1000000015
92297  50.733  7.996  12.207 0.1000000015
92311  51.101  7.972  11.341 0.1000000015
148331  51.064  10.265  10.318 0.1000000015
92324  50.732  8.692  10.745 0.1000000015
94163  52.006  10.245  10.053 0.1000000015
93302  51.180  9.497  10.284 0.1000000015
92340  52.304  8.595  9.944 0.1000000015
94174  53.023  10.199  9.668 0.1000000015
93306  53.622  9.905  9.181 0.1000000015
95005  52.827  11.074  8.555 0.1000000015
94181  51.312  10.626  8.301 0.1000000015
95007  49.992  11.606  8.331 0.1000000015
95882  49.513  12.443  8.180 0.1000000015
95889  48.652  12.567  7.637 0.1000000015
95897  47.418  13.283  6.065 0.1000000015
95890  47.857  12.653  6.943 0.1000000015
97428  47.427  14.016  5.468 0.1000000015
96696  47.004  13.966  4.469 0.1000000015
96702  46.735  13.647  3.428 0.1000000015
94137  46.814  10.449  13.977 0.1000000015
146277  47.103  9.929  13.573 0.1000000015
96634  48.342  13.304  13.727 0.1000000015
95843  47.935  12.670  13.106 0.1000000015
95851  47.708  11.979  12.557 0.1000000015
96633  48.882  13.892  13.279 0.1000000015
96640  48.494  13.234  12.715 0.1000000015
94149  47.529  10.548  12.439 0.1000000015
93277  47.520  9.837  12.955 0.1000000015
96646  48.770  13.030  11.830 0.1000000015
94148  48.060  10.552  11.753 0.1000000015
94166  48.891  10.912  10.922 0.1000000015
94155  49.088  10.228  10.929 0.1000000015
94165  49.588  10.835  10.660 0.1000000015
94164  50.609  10.867  10.431 0.1000000015
96654  52.168  13.720  10.259 0.1000000015
95864  53.080  12.926  9.835 0.1000000015
94994  51.362  11.734  10.448 0.1000000015
96653  52.749  13.600  9.810 0.1000000015
95001  53.521  11.690  9.639 0.1000000015
132296  53.335  12.732  9.284 0.1000000015
95874  53.618  12.218  9.319 0.1000000015
95000  53.855  11.563  9.092 0.1000000015
96669  52.853  13.414  9.145 0.1000000015
95880  52.094  12.691  8.640 0.1000000015
95879  53.621  12.311  9.064 0.1000000015
97403  52.403  14.420  8.725 0.1000000015
96671  51.109  13.315  8.465 0.1000000015
95006  51.493  11.633  8.426 0.1000000015
97404  51.433  14.088  8.313 0.1000000015
96672  50.083  13.066  8.294 0.1000000015
95881  50.627  12.455  8.454 0.1000000015
98182  43.696  15.454  6.989 0.1000000015
96678  49.319  13.337  7.864 0.1000000015
97421  47.769  13.965  6.196 0.1000000015
97420  48.438  14.187  6.649 0.1000000015
97426  49.051  14.949  5.883 0.1000000015
97434  47.837  14.649  4.721 0.1000000015
98202  48.794  15.224  4.834 0.1000000015
97435  47.487  14.716  3.816 0.1000000015
97440  47.172  14.783  2.920 0.1000000015
96697  46.908  14.257  3.570 0.1000000015
138144  50.418  15.189  14.443 0.2000000030
98106  50.637  15.724  13.624 0.2000000030
97371  49.945  15.106  13.441 0.1000000015
97378  49.411  14.482  12.817 0.1000000015
98883  51.814  16.905  13.122 0.1000000015
98870  50.849  16.140  13.001 0.1000000015
97377  49.947  15.047  12.311 0.1000000015
96645  49.456  13.515  11.446 0.1000000015
95858  48.591  12.213  11.534 0.1000000015
99648  51.959  17.052  11.830 0.1000000015
98133  50.539  15.510  11.822 0.1000000015
97384  50.267  14.836  11.465 0.1000000015
96656  50.055  13.097  10.782 0.1000000015
95857  49.275  12.657  11.144 0.1000000015
99667  53.127  17.252  10.789 0.2000000030
98888  52.179  16.905  11.173 0.1000000015
98132  51.158  15.889  11.379 0.1000000015
148148  50.247  14.049  11.001 0.1000000015
95867  49.851  12.324  10.738 0.1000000015
99665  56.112  17.487  10.017 0.2000000030
126931  54.663  17.501  10.961 0.2000000030
98895  51.766  16.247  10.871 0.1000000015
149868  51.477  15.596  10.779 0.1000000015
133964  51.154  14.145  10.604 0.1000000015
96655  51.124  13.377  10.560 0.1000000015
99673  57.191  17.507  8.731 0.2000000030
99664  57.263  17.565  10.609 0.3000000119
99674  55.845  17.197  8.936 0.2000000030
99666  54.383  17.321  10.078 0.2000000030
98893  53.350  16.851  9.823 0.2000000030
97391  51.566  14.819  10.481 0.1000000015
98901  54.428  16.897  9.057 0.2000000030
148267  52.503  15.000  9.529 0.1000000015
97390  52.376  14.437  9.961 0.1000000015
95865  52.174  12.638  10.283 0.1000000015
98900  55.529  16.808  8.297 0.2000000030
98902  53.494  16.322  8.918 0.2000000030
98154  52.808  15.717  9.288 0.2000000030
97398  52.658  14.115  9.425 0.1000000015
99681  56.701  16.975  7.892 0.2000000030
98909  53.829  16.161  7.755 0.2000000030
98164  53.051  15.772  8.413 0.2000000030
127448  52.650  15.105  8.937 0.1000000015
98907  56.801  16.914  7.044 0.2000000030
98908  55.972  16.660  7.452 0.2000000030
136596  54.620  16.518  8.158 0.2000000030
98175  53.045  15.844  7.360 0.2000000030
97410  51.740  14.864  7.921 0.1000000015
98915  54.207  16.307  6.393 0.2000000030
98176  52.192  15.512  7.187 0.1000000015
98168  44.610  15.363  8.654 0.1000000015
130996  55.457  16.599  6.124 0.2000000030
98187  52.981  16.063  6.258 0.2000000030
97411  50.756  14.475  7.732 0.1000000015
97412  49.787  14.177  7.560 0.1000000015
98922  56.003  16.954  5.713 0.2000000030
98924  53.969  16.622  5.188 0.2000000030
98188  51.951  15.784  6.206 0.1000000015
98193  44.137  15.460  6.420 0.1000000015
150746  43.779  15.536  5.083 0.1000000015
146544  43.469  15.319  5.423 0.1000000015
98190  49.992  15.287  6.053 0.1000000015
97419  49.385  14.602  6.801 0.1000000015
98206  43.530  15.362  4.705 0.1000000015
98211  50.782  16.181  3.791 0.1000000015
98201  49.823  15.546  4.947 0.1000000015
97452  45.620  14.479  0.850 0.1000000015
97453  45.024  14.947  0.597 0.1000000015
97441  43.589  14.893  3.175 0.1000000015
96698  43.306  13.895  4.220 0.1000000015
97436  43.351  14.792  4.243 0.1000000015
98942  51.637  16.873  2.782 0.1000000015
98212  49.766  15.839  3.656 0.1000000015
98230  47.538  15.940  0.854 0.1000000015
97444  46.765  15.028  1.670 0.1000000015
126878  44.543  15.418  1.122 0.1000000015
97446  43.992  15.142  2.122 0.1000000015
98226  43.839  15.496  2.770 0.1000000015
98218  43.718  15.508  3.754 0.1000000015
98213  48.545  15.427  3.589 0.1000000015
98214  47.835  15.302  3.018 0.1000000015
98224  47.705  15.552  2.018 0.1000000015
98869  52.179  16.715  13.981 0.1000000015
98095  51.079  15.695  14.502 0.2000000030
99634  55.082  17.417  13.878 0.4000000060
99635  53.794  17.413  13.404 0.3000000119
99623  53.103  16.999  14.219 0.3000000119
98105  51.322  16.316  13.680 0.1000000015
99633  56.421  17.535  13.794 0.3000000119
99636  52.673  17.244  13.305 0.1000000015
99644  55.986  17.508  12.919 0.3000000119
99645  54.813  17.532  12.816 0.3000000119
99654  55.850  17.509  11.252 0.3000000119
99655  54.700  17.553  11.897 0.3000000119
99656  53.653  17.507  11.605 0.3000000119
141323  53.113  17.496  12.516 0.1000000015
131064  56.900  17.530  11.838 0.3000000119
151586  53.865  17.434  10.869 0.2000000030
99663  58.007  17.870  10.147 0.3000000119
99679  57.329  17.826  8.456 0.3000000119
100404  57.667  18.138  9.135 0.3000000119
101820  49.660  20.461  11.140 0.2000000030
127493  56.507  18.278  7.556 0.3000000119
101141  56.173  18.818  8.490 0.3000000119
101829  48.909  20.695  10.403 0.2000000030
99680  56.989  17.316  7.655 0.2000000030
100409  57.009  17.669  7.533 0.3000000119
101123  52.656  19.637  9.985 0.3000000119
101112  52.669  19.621  10.966 0.3000000119
101124  51.789  19.778  10.311 0.3000000119
101114  50.593  20.111  11.408 0.3000000119
101835  49.382  20.477  9.662 0.2000000030
145738  47.909  20.441  9.495 0.2000000030
147310  45.135  15.753  10.968 0.1000000015
99686  56.786  17.199  6.875 0.2000000030
100415  56.471  17.705  6.710 0.3000000119
126450  51.896  19.704  9.444 0.3000000119
126120  51.068  19.985  9.635 0.3000000119
101125  50.886  20.080  10.468 0.3000000119
101828  49.953  20.376  10.467 0.3000000119
101836  48.544  20.543  9.554 0.2000000030
101136  48.246  20.045  9.026 0.2000000030
101137  47.593  19.606  9.401 0.2000000030
98148  44.098  15.337  10.026 0.1000000015
147564  49.710  20.277  9.113 0.2000000030
101135  48.999  20.265  8.969 0.2000000030
101148  48.049  19.162  8.740 0.2000000030
100406  47.647  18.648  9.159 0.2000000030
98167  45.467  15.426  8.852 0.1000000015
98157  44.858  15.373  9.468 0.1000000015
150734  44.148  15.397  9.192 0.1000000015
131971  51.186  19.790  8.838 0.2000000030
101134  50.397  20.093  8.981 0.2000000030
101146  49.607  19.859  8.464 0.2000000030
99682  48.520  18.743  8.127 0.2000000030
99688  48.431  17.906  7.714 0.2000000030
126249  46.107  15.498  8.141 0.1000000015
126884  45.155  15.332  7.970 0.1000000015
98181  44.632  15.403  7.097 0.1000000015
126668  44.167  15.399  7.826 0.1000000015
98923  55.092  16.809  5.372 0.2000000030
98198  52.874  16.332  5.073 0.1000000015
100412  49.173  19.218  7.887 0.2000000030
100422  48.936  18.497  7.481 0.2000000030
98180  45.728  15.434  7.032 0.1000000015
100430  50.007  18.428  6.587 0.2000000030
99687  49.303  18.187  6.868 0.2000000030
141322  45.737  15.483  6.059 0.1000000015
99697  48.902  17.623  6.489 0.2000000030
98215  45.859  15.909  4.559 0.1000000015
98204  45.126  15.646  5.260 0.1000000015
133271  44.136  15.736  4.656 0.1000000015
98189  50.968  15.506  6.148 0.1000000015
98231  46.786  15.576  0.508 0.1000000015
98246  46.141  16.182  -0.202 0.1000000015
98945  46.494  16.455  3.901 0.1000000015
98216  44.886  15.924  4.295 0.1000000015
98217  44.305  15.910  3.798 0.1000000015
98210  51.726  16.421  3.946 0.1000000015
98941  52.405  16.949  3.185 0.1000000015
98229  48.454  16.483  1.105 0.1000000015
98239  47.229  16.365  0.105 0.1000000015
98248  45.550  16.209  -0.005 0.1000000015
98968  44.901  16.437  1.139 0.1000000015
98958  44.622  16.341  2.344 0.1000000015
98225  44.044  15.988  2.970 0.1000000015
98954  50.365  16.967  1.694 0.1000000015
98964  49.678  17.115  1.369 0.1000000015
99726  47.565  17.312  0.594 0.1000000015
98975  46.475  16.977  0.264 0.1000000015
98967  45.446  16.742  1.870 0.1000000015
98957  45.199  16.530  2.818 0.1000000015
98856  52.563  16.411  14.885 0.3000000119
98845  52.864  16.064  15.814 0.3000000119
98088  52.141  15.771  15.503 0.3000000119
99621  54.923  17.217  14.839 0.4000000060
99622  54.090  17.128  14.500 0.4000000060
98857  51.758  16.141  14.639 0.2000000030
129584  57.101  17.697  12.879 0.3000000119
99642  58.130  18.171  12.244 0.3000000119
99653  57.944  17.795  11.057 0.3000000119
99652  58.225  18.051  11.468 0.3000000119
101108  57.864  18.985  11.564 0.3000000119
133230  55.292  19.600  11.885 0.3000000119
101100  54.134  19.566  11.968 0.3000000119
101101  53.114  19.567  11.859 0.3000000119
101119  57.505  18.723  9.900 0.3000000119
145185  56.802  19.318  10.346 0.3000000119
101111  54.759  19.577  11.286 0.3000000119
101102  52.467  19.593  12.483 0.3000000119
101103  51.478  19.763  12.192 0.3000000119
100405  56.964  18.763  9.098 0.3000000119
101121  54.842  19.535  10.395 0.3000000119
128747  53.811  19.571  11.161 0.3000000119
137385  52.264  19.633  11.753 0.3000000119
101104  50.580  20.039  12.320 0.3000000119
101812  49.809  20.338  11.951 0.2000000030
101821  48.987  20.671  11.439 0.2000000030
101131  55.587  19.328  9.366 0.3000000119
101122  53.573  19.561  10.314 0.3000000119
101830  47.972  20.944  10.003 0.2000000030
101823  47.243  21.094  10.429 0.2000000030
98890  45.122  16.592  12.047 0.1000000015
98121  44.345  16.172  12.284 0.1000000015
98122  43.537  15.860  12.402 0.1000000015
100416  55.348  18.433  6.877 0.2000000030
150256  54.985  19.278  8.838 0.3000000119
101142  53.883  19.337  8.750 0.3000000119
101113  51.613  19.793  11.200 0.3000000119
101837  47.338  20.478  9.881 0.2000000030
101126  46.974  19.526  10.079 0.2000000030
98134  45.500  16.301  11.338 0.1000000015
143230  44.780  15.919  11.580 0.1000000015
100410  55.140  18.910  8.040 0.2000000030
147177  53.398  19.532  9.568 0.3000000119
100400  46.778  18.419  10.511 0.2000000030
99658  46.496  17.427  10.889 0.2000000030
98897  46.116  16.670  11.033 0.1000000015
98146  45.810  16.002  10.547 0.1000000015
99694  55.538  17.336  5.408 0.3000000119
100411  54.002  18.938  7.715 0.2000000030
99683  47.905  17.950  8.557 0.2000000030
98903  47.423  17.236  9.051 0.2000000030
99675  47.415  17.835  9.381 0.2000000030
129073  46.827  16.773  9.838 0.1000000015
98155  46.376  16.154  9.812 0.1000000015
98156  45.652  15.624  9.682 0.1000000015
98147  45.024  15.488  10.290 0.1000000015
150847  54.936  18.273  6.148 0.2000000030
101153  53.080  18.942  7.496 0.2000000030
101144  52.010  19.529  8.589 0.2000000030
99689  47.979  17.265  7.862 0.2000000030
98910  47.510  16.861  8.425 0.2000000030
98911  46.936  16.049  8.300 0.1000000015
98166  46.288  15.758  9.028 0.1000000015
99701  54.925  17.366  4.947 0.2000000030
100433  54.895  17.725  5.027 0.2000000030
147873  48.800  17.866  7.139 0.2000000030
98916  48.325  17.203  7.089 0.2000000030
98917  47.563  16.530  7.498 0.2000000030
98939  53.521  17.349  4.022 0.1000000015
98925  48.375  16.968  6.086 0.2000000030
151698  47.888  16.645  6.713 0.1000000015
98178  47.308  16.155  6.660 0.1000000015
98191  46.511  15.706  6.389 0.1000000015
99706  49.942  17.768  4.955 0.2000000030
98934  48.547  17.115  5.161 0.2000000030
98935  47.784  16.619  5.241 0.2000000030
98926  47.082  16.117  5.792 0.1000000015
98203  46.227  15.712  5.465 0.1000000015
100435  52.922  18.126  4.675 0.2000000030
99705  51.081  17.953  4.302 0.2000000030
136975  49.222  17.548  4.358 0.2000000030
98943  48.288  17.141  4.382 0.2000000030
98944  47.450  16.738  4.199 0.2000000030
98946  45.412  16.278  3.655 0.1000000015
98951  52.599  17.241  3.294 0.1000000015
139357  51.553  17.642  3.007 0.1000000015
128222  50.700  17.628  2.531 0.1000000015
99711  48.849  17.510  3.542 0.1000000015
98955  47.208  17.091  3.175 0.1000000015
98963  50.352  17.168  1.771 0.1000000015
99725  48.389  17.464  1.419 0.1000000015
151222  47.996  17.444  2.461 0.1000000015
98956  46.195  16.816  2.696 0.1000000015
98965  47.301  17.374  1.887 0.1000000015
98855  53.430  16.632  15.151 0.3000000119
99632  57.356  17.744  13.683 0.4000000060
100388  58.185  18.484  11.991 0.3000000119
101097  57.971  18.968  12.461 0.3000000119
127064  56.636  19.505  11.687 0.3000000119
101090  51.843  19.660  13.086 0.3000000119
101813  49.083  20.559  12.377 0.2000000030
101822  48.010  21.068  10.932 0.2000000030
100396  45.690  18.255  11.995 0.2000000030
99649  45.297  17.365  12.259 0.1000000015
98885  44.599  17.006  12.726 0.1000000015
101127  46.492  19.267  10.836 0.2000000030
100395  46.301  18.242  11.277 0.2000000030
99659  45.852  17.229  11.614 0.1000000015
102519  46.649  21.118  10.773 0.2000000030
99610  54.338  16.833  15.423 0.4000000060
98084  52.353  15.381  16.434 0.3000000119
129123  55.455  17.139  15.628 0.5000000000
99620  55.882  17.383  14.691 0.4000000060
99619  57.185  17.639  14.599 0.4000000060
100382  58.167  18.569  13.164 0.3000000119
147601  57.349  19.385  13.903 0.4000000060
101099  55.971  19.584  12.607 0.4000000060
101087  54.606  19.571  12.809 0.4000000060
101088  53.395  19.544  13.536 0.4000000060
101089  52.663  19.576  13.244 0.4000000060
101091  50.962  19.874  13.037 0.3000000119
101805  49.964  20.276  12.964 0.4000000060
127097  48.434  20.873  11.852 0.2000000030
102513  47.740  21.173  11.894 0.2000000030
100389  45.252  18.773  12.407 0.2000000030
99650  45.019  17.968  12.638 0.1000000015
101831  46.653  20.429  10.504 0.2000000030
101115  46.054  19.940  11.174 0.2000000030
134064  46.063  18.997  11.452 0.2000000030
88286  47.470  4.767  31.628 0.1000000015
88287  46.688  4.719  31.591 0.1000000015
88288  45.842  4.686  31.704 0.1000000015
89215  45.366  4.948  31.072 0.1000000015
98085  51.785  14.793  16.922 0.3000000119
98843  54.576  16.645  16.347 0.5000000000
98844  53.669  16.319  16.095 0.4000000060
98840  53.055  15.697  16.767 0.4000000060
99609  56.656  17.390  16.113 0.5000000000
99618  57.998  18.119  14.980 0.4000000060
100366  58.259  18.616  15.227 0.4000000060
101086  55.499  19.571  13.500 0.5000000000
144426  55.253  19.547  14.321 0.5000000000
147667  52.120  19.648  13.698 0.3000000119
102514  47.077  21.344  11.178 0.2000000030
101116  45.618  19.338  11.871 0.2000000030
101105  45.036  19.620  12.389 0.2000000030
89166  44.980  5.521  34.386 0.1000000015
89182  45.514  5.067  33.758 0.1000000015
88260  45.945  4.762  33.146 0.1000000015
129258  44.221  5.492  34.103 0.1000000015
88262  44.619  5.095  33.524 0.1000000015
89183  43.756  5.324  33.604 0.1000000015
129841  43.147  5.569  33.713 0.1000000015
88277  44.169  4.828  31.983 0.1000000015
148279  43.599  5.127  31.303 0.1000000015
89235  44.054  5.539  30.560 0.1000000015
90171  44.591  6.075  30.007 0.1000000015
98838  54.697  16.629  17.243 0.5000000000
98829  53.052  15.656  17.622 0.4000000060
98075  52.366  15.224  17.255 0.3000000119
95828  46.682  12.500  16.693 0.1000000015
137899  45.313  11.664  17.225 0.2000000030
94963  45.173  10.936  17.371 0.1000000015
99601  55.618  17.054  16.637 0.5000000000
96608  46.312  13.739  16.902 0.2000000030
127437  44.912  13.205  16.976 0.2000000030
94964  44.574  11.343  17.537 0.1000000015
97358  49.167  13.690  17.011 0.2000000030
97345  48.788  14.274  17.245 0.2000000030
96607  47.343  13.769  16.978 0.2000000030
152011  45.659  13.217  16.923 0.2000000030
94965  43.786  11.731  17.618 0.1000000015
94125  42.736  10.720  18.643 0.1000000015
93227  42.934  9.892  19.777 0.1000000015
93203  42.383  9.627  21.201 0.1000000015
93137  42.326  10.043  24.224 0.1000000015
93136  42.760  9.973  24.935 0.1000000015
92128  41.618  9.002  25.633 0.1000000015
99608  57.532  17.750  15.569 0.4000000060
97346  47.780  14.534  17.090 0.2000000030
147413  43.651  12.516  17.397 0.2000000030
94959  42.389  11.426  18.233 0.1000000015
94119  41.576  10.442  19.333 0.1000000015
99607  58.135  18.293  15.812 0.4000000060
97347  46.775  14.690  16.935 0.2000000030
96609  45.314  13.949  16.858 0.2000000030
135209  43.987  13.318  17.096 0.2000000030
148890  56.910  19.463  14.994 0.5000000000
126577  54.318  19.537  13.803 0.5000000000
129827  53.456  19.559  14.330 0.5000000000
134083  52.700  19.664  14.711 0.5000000000
101077  51.358  19.838  13.855 0.3000000119
151219  50.864  20.077  14.234 0.5000000000
101076  52.003  19.739  14.362 0.5000000000
101065  52.011  19.892  15.157 0.5000000000
101795  51.160  20.134  14.805 0.5000000000
101806  49.004  20.582  13.324 0.3000000119
151406  50.547  20.442  15.049 0.5000000000
134703  50.532  20.128  13.759 0.5000000000
128735  49.736  20.453  13.920 0.5000000000
101814  48.333  20.853  12.654 0.4000000060
102502  47.666  21.176  12.748 0.2000000030
144989  46.389  21.293  11.267 0.2000000030
101824  46.161  20.815  11.084 0.2000000030
101825  45.529  20.412  11.704 0.2000000030
151524  45.067  20.386  12.153 0.2000000030
101798  48.939  20.755  14.259 0.3000000119
102503  46.961  21.461  12.172 0.2000000030
102515  45.778  21.218  11.585 0.2000000030
101815  45.071  21.095  12.035 0.2000000030
102493  47.195  21.447  13.324 0.4000000060
102504  46.148  21.589  11.912 0.3000000119
102495  45.654  22.023  12.614 0.3000000119
102505  45.410  21.710  12.079 0.2000000030
89197  47.915  4.947  32.890 0.1000000015
126231  49.017  5.061  31.699 0.1000000015
89229  49.406  5.190  30.627 0.1000000015
91028  45.031  7.914  36.128 0.1000000015
91040  44.655  7.182  35.591 0.1000000015
90114  45.143  6.500  35.390 0.1000000015
88259  46.639  4.786  33.097 0.1000000015
92053  44.655  8.747  36.112 0.1000000015
144130  44.056  8.933  35.747 0.1000000015
92058  44.124  8.045  35.655 0.1000000015
91041  43.826  7.146  35.268 0.1000000015
90129  44.227  5.910  34.629 0.1000000015
89167  43.597  5.755  34.181 0.1000000015
89168  42.882  5.993  34.094 0.1000000015
141793  43.411  7.797  35.284 0.1000000015
92061  42.813  8.003  34.927 0.1000000015
90131  42.654  6.655  34.390 0.1000000015
90143  42.113  6.237  33.788 0.1000000015
89184  42.528  5.641  33.436 0.1000000015
89199  42.327  5.298  32.544 0.1000000015
150279  41.589  6.191  33.433 0.1000000015
90153  40.370  6.468  32.660 0.1000000015
89218  41.895  5.311  31.775 0.1000000015
89236  42.970  5.520  30.536 0.1000000015
90173  42.802  6.105  29.697 0.1000000015
90186  41.899  6.196  29.452 0.1000000015
90194  42.628  6.583  29.130 0.1000000015
98839  53.818  16.123  17.024 0.4000000060
98076  51.742  14.912  17.429 0.3000000119
97343  50.527  14.195  17.255 0.3000000119
99591  55.745  17.105  17.498 0.5000000000
98828  53.914  16.207  17.789 0.4000000060
150641  52.783  15.636  18.024 0.4000000060
98078  50.223  14.818  17.519 0.3000000119
97344  49.753  14.109  17.300 0.3000000119
138942  41.698  9.667  20.565 0.1000000015
93205  40.355  9.442  21.531 0.1000000015
93186  40.606  9.419  22.555 0.1000000015
93139  40.885  9.410  24.499 0.1000000015
93119  39.653  8.931  25.048 0.1000000015
92130  40.006  8.626  25.616 0.1000000015
92104  41.711  8.022  26.965 0.1000000015
99600  56.871  17.429  17.004 0.5000000000
99590  56.930  17.476  17.874 0.5000000000
143642  54.051  16.478  18.391 0.4000000060
98820  53.246  16.134  18.269 0.5000000000
98830  51.660  15.438  17.805 0.3000000119
98077  51.065  14.758  17.492 0.3000000119
95823  43.117  13.047  17.401 0.2000000030
95817  41.971  12.147  17.956 0.2000000030
94126  41.968  10.877  18.754 0.2000000030
94112  40.298  10.170  20.071 0.1000000015
93187  39.620  9.409  22.245 0.1000000015
139077  39.826  9.413  23.188 0.1000000015
93164  39.247  9.357  23.577 0.1000000015
126978  57.873  17.876  17.428 0.6000000238
98821  52.326  16.088  18.228 0.4000000060
98831  50.694  15.839  17.695 0.4000000060
143149  48.208  15.370  17.195 0.2000000030
138837  46.238  15.633  17.053 0.2000000030
97349  44.763  14.764  17.003 0.2000000030
96611  43.312  13.894  17.290 0.2000000030
95824  42.336  12.850  17.640 0.2000000030
94960  41.607  11.544  18.439 0.2000000030
146503  40.980  11.641  18.645 0.2000000030
94121  39.822  10.965  19.559 0.2000000030
93217  39.888  9.734  20.750 0.1000000015
101048  57.772  19.141  16.225 0.5000000000
101047  58.206  18.934  15.754 0.5000000000
98834  47.635  16.385  17.286 0.2000000030
142662  47.211  15.555  17.055 0.2000000030
147746  45.294  15.648  17.145 0.2000000030
152271  44.071  14.984  17.216 0.2000000030
96612  42.595  13.603  17.542 0.3000000119
95818  41.603  12.865  17.975 0.2000000030
133763  41.223  12.209  18.329 0.2000000030
126651  55.847  19.484  15.032 0.5000000000
101062  56.798  19.428  15.707 0.5000000000
98835  46.682  16.449  17.286 0.2000000030
134963  45.773  16.449  17.394 0.3000000119
98080  44.457  15.603  17.345 0.3000000119
97350  43.481  14.702  17.390 0.3000000119
126930  55.574  19.464  15.902 0.5000000000
101063  54.435  19.539  15.040 0.5000000000
129919  53.552  19.629  15.768 0.5000000000
149538  54.468  19.545  16.971 0.6000000238
129228  54.479  19.525  16.182 0.5000000000
101064  52.746  19.774  15.490 0.5000000000
134229  55.152  19.449  17.795 0.6000000238
101043  53.860  19.679  17.482 0.5000000000
101031  54.309  19.869  19.356 0.6999999881
101038  54.093  19.704  18.400 0.6000000238
101044  52.972  19.943  17.155 0.5000000000
101052  52.848  19.866  16.299 0.5000000000
101786  51.429  20.294  15.664 0.5000000000
101769  53.128  20.033  18.046 0.6000000238
101053  52.108  20.088  15.982 0.5000000000
101787  50.715  20.571  15.608 0.5000000000
102492  48.087  20.983  13.661 0.4000000060
102484  47.460  21.562  14.348 0.4000000060
101760  52.810  20.960  19.375 0.8000000119
101766  52.542  20.631  18.563 0.6000000238
101770  52.359  20.405  17.711 0.6000000238
101775  51.446  20.530  16.487 0.5000000000
101788  49.938  20.739  15.283 0.5000000000
102482  49.061  20.980  15.095 0.4000000060
102494  46.404  21.775  12.901 0.4000000060
103212  45.996  22.299  13.543 0.4000000060
103221  44.982  22.280  12.572 0.4000000060
137200  46.461  23.349  14.723 0.4000000060
103213  45.308  22.681  13.313 0.4000000060
103920  47.253  23.353  15.301 0.4000000060
104669  46.198  24.297  14.549 0.4000000060
103927  45.833  23.670  14.330 0.4000000060
104665  47.665  24.025  15.427 0.4000000060
104668  47.017  24.305  15.012 0.4000000060
105452  46.633  25.087  14.491 0.4000000060
104667  47.849  24.776  15.131 0.4000000060
127977  47.372  25.142  14.688 0.4000000060
105444  49.488  25.408  15.311 0.4000000060
105445  48.666  25.132  15.184 0.4000000060
105450  49.149  25.755  14.628 0.4000000060
105449  50.052  25.993  14.777 0.4000000060
106214  50.923  26.283  14.471 0.5000000000
126319  50.313  26.399  13.957 0.5000000000
143317  51.740  26.581  12.967 0.5000000000
132431  42.629  8.840  34.805 0.1000000015
93967  42.225  9.846  34.255 0.1000000015
142030  41.908  9.097  34.340 0.1000000015
92063  41.412  8.292  34.072 0.1000000015
92065  40.732  8.312  33.547 0.1000000015
90144  41.448  6.737  33.689 0.1000000015
93052  40.394  9.086  33.259 0.1000000015
91053  40.484  7.622  33.318 0.1000000015
90145  40.704  6.908  33.278 0.1000000015
90161  39.471  6.410  31.503 0.1000000015
89238  41.024  5.573  30.917 0.1000000015
134263  40.683  5.824  30.303 0.1000000015
91076  38.059  7.143  30.717 0.1000000015
90176  38.565  6.581  30.294 0.1000000015
127176  40.925  6.086  29.585 0.1000000015
90177  37.873  6.905  29.882 0.1000000015
90188  38.536  6.569  29.461 0.1000000015
90195  41.292  6.541  28.819 0.1000000015
139231  42.120  6.765  28.703 0.1000000015
132353  39.908  6.771  28.231 0.1000000015
91091  42.371  7.270  28.198 0.1000000015
91115  39.010  7.616  26.796 0.1000000015
91114  39.928  7.697  26.851 0.1000000015
91101  41.253  7.397  27.519 0.1000000015
92132  38.263  8.467  25.431 0.1000000015
92131  39.174  8.534  25.527 0.1000000015
98819  54.855  16.769  18.085 0.5000000000
131602  38.675  9.579  22.104 0.1000000015
139411  38.352  9.507  22.838 0.1000000015
130221  38.964  9.271  24.038 0.1000000015
137137  55.509  17.131  18.616 0.5000000000
126270  54.680  16.934  18.832 0.4000000060
99580  51.931  17.050  18.591 0.4000000060
98832  49.628  16.035  17.480 0.4000000060
98833  48.618  16.250  17.361 0.3000000119
94113  39.457  10.349  20.286 0.2000000030
146472  38.124  10.340  21.260 0.2000000030
94108  37.548  10.576  21.596 0.2000000030
100356  58.165  18.520  16.713 0.6000000238
99578  53.678  16.875  19.018 0.4000000060
99581  50.458  17.358  18.240 0.4000000060
99592  49.982  16.838  17.765 0.4000000060
99593  49.042  17.074  17.630 0.3000000119
99595  47.116  17.235  17.573 0.3000000119
97352  42.102  14.042  17.825 0.3000000119
96602  41.515  13.610  18.163 0.2000000030
94956  40.506  11.371  19.053 0.2000000030
94951  38.994  11.110  20.034 0.2000000030
94952  38.299  11.420  20.523 0.2000000030
101041  57.785  19.013  17.224 0.6000000238
99569  54.630  17.272  19.733 0.6000000238
99596  46.223  17.181  17.670 0.3000000119
131966  44.899  16.386  17.574 0.3000000119
98081  43.731  15.437  17.568 0.3000000119
97338  42.342  14.762  18.058 0.3000000119
96603  40.849  13.009  18.541 0.2000000030
136784  39.908  11.881  19.243 0.2000000030
95808  38.752  11.962  20.049 0.2000000030
94953  37.664  11.736  21.010 0.2000000030
100348  58.262  18.176  18.817 0.6000000238
101042  56.712  19.305  17.551 0.6000000238
101035  57.795  18.760  18.225 0.6000000238
101036  56.702  19.242  18.538 0.6000000238
101050  55.474  19.448  16.833 0.5000000000
128973  56.682  19.225  19.408 0.6000000238
100990  57.178  19.104  23.392 0.6999999881
101037  55.321  19.481  18.876 0.6999999881
101002  57.342  19.086  22.594 0.6999999881
101030  55.615  19.533  19.882 0.6999999881
101758  54.625  20.128  20.303 0.6999999881
101765  53.324  20.233  18.937 0.6999999881
101771  51.652  20.736  17.377 0.6000000238
101776  50.755  20.851  16.362 0.6000000238
101777  50.076  21.069  16.117 0.5000000000
102483  48.287  21.257  14.722 0.5000000000
102474  47.787  21.911  15.194 0.4000000060
102485  46.662  21.882  13.966 0.4000000060
103204  46.361  22.536  14.288 0.4000000060
101759  53.601  20.531  19.801 0.6999999881
102445  53.252  21.296  20.081 0.8000000119
102446  52.604  21.842  19.641 0.8000000119
101767  51.863  20.996  18.187 0.6999999881
101772  50.977  21.062  17.084 0.6000000238
102472  49.319  21.355  15.831 0.5000000000
103203  47.028  22.400  14.839 0.4000000060
103205  45.786  22.959  14.118 0.4000000060
102459  50.655  21.687  17.451 0.6000000238
102463  49.641  21.819  16.604 0.6000000238
102473  48.551  21.631  15.504 0.5000000000
103196  47.624  22.661  15.432 0.4000000060
104664  48.327  24.327  15.598 0.4000000060
104663  49.090  24.714  15.760 0.4000000060
105435  49.841  25.087  15.997 0.4000000060
139427  50.182  25.578  15.501 0.5000000000
105441  52.695  25.799  16.223 0.6999999881
105442  51.643  25.892  15.757 0.6999999881
106207  51.617  26.193  14.905 0.6000000238
146815  52.500  26.127  15.288 0.6999999881
93972  40.957  9.826  33.333 0.1000000015
93056  39.660  9.087  32.717 0.1000000015
147856  38.961  9.165  32.154 0.1000000015
91060  38.878  7.767  32.129 0.1000000015
93063  37.907  9.334  31.222 0.1000000015
92076  38.033  8.474  31.428 0.1000000015
91077  37.422  7.530  30.293 0.1000000015
91078  36.809  7.989  30.031 0.1000000015
91084  37.135  7.364  29.419 0.1000000015
90189  37.843  6.834  29.039 0.1000000015
90197  39.366  6.473  29.047 0.1000000015
140933  37.263  7.344  28.115 0.1000000015
130293  37.966  7.074  28.205 0.1000000015
91094  39.183  6.781  28.299 0.1000000015
91106  36.803  7.644  27.686 0.1000000015
91104  38.466  7.281  27.458 0.1000000015
91102  40.359  7.257  27.513 0.1000000015
92118  37.685  8.091  26.117 0.1000000015
93167  36.741  9.613  23.551 0.1000000015
92150  37.826  8.826  24.742 0.1000000015
94100  37.343  10.197  22.206 0.2000000030
99589  57.928  17.866  18.410 0.6000000238
99577  56.789  17.429  18.766 0.6000000238
99579  52.685  16.872  18.781 0.5000000000
148333  51.144  17.720  18.852 0.4000000060
99594  48.066  17.197  17.590 0.3000000119
94109  36.823  10.871  22.005 0.2000000030
94101  36.329  10.742  22.523 0.2000000030
99570  52.843  17.371  19.551 0.5000000000
100342  51.337  18.120  19.853 0.4000000060
100349  50.099  18.159  18.869 0.4000000060
100351  48.020  18.374  18.840 0.4000000060
99584  47.557  17.913  18.111 0.3000000119
130262  45.949  17.524  18.225 0.3000000119
98824  44.628  16.822  18.399 0.3000000119
98072  42.717  15.405  18.456 0.3000000119
97339  41.702  14.354  18.425 0.2000000030
96598  40.377  13.542  19.250 0.2000000030
96599  39.768  13.257  19.624 0.2000000030
95809  38.144  12.377  20.662 0.2000000030
99576  58.007  17.866  19.283 0.6000000238
99568  55.704  17.273  19.294 0.6000000238
99555  55.169  17.448  20.723 0.6000000238
99557  53.008  17.732  20.349 0.6000000238
99558  52.172  17.902  20.131 0.5000000000
100343  50.578  18.267  19.562 0.4000000060
100350  49.039  18.468  18.975 0.4000000060
99585  46.661  17.755  18.188 0.3000000119
99586  45.407  17.353  18.763 0.3000000119
98825  43.838  16.351  18.623 0.3000000119
97335  41.372  14.673  19.238 0.2000000030
96593  40.002  13.935  20.025 0.2000000030
96595  38.459  13.240  20.768 0.2000000030
95810  37.505  12.517  21.255 0.2000000030
100341  58.220  18.083  19.544 0.6999999881
99566  57.981  17.936  20.105 0.6000000238
151215  56.290  17.465  20.963 0.6000000238
99537  54.497  17.784  21.368 0.6000000238
100328  53.335  18.005  21.150 0.6000000238
100330  51.492  18.347  20.818 0.5000000000
100345  47.616  18.353  19.807 0.4000000060
127158  46.200  17.810  19.141 0.4000000060
98066  43.159  15.982  18.979 0.2000000030
98068  41.782  15.328  19.747 0.2000000030
97336  40.678  14.320  19.630 0.2000000030
97331  40.381  14.665  20.499 0.2000000030
97332  39.613  14.357  20.783 0.2000000030
101029  57.878  18.530  19.325 0.6999999881
99535  57.165  17.696  21.529 0.6000000238
100305  55.233  18.073  22.309 0.6999999881
100306  53.820  18.299  22.015 0.6000000238
99572  46.811  18.062  20.059 0.4000000060
135830  57.352  18.883  20.421 0.6999999881
101001  57.616  18.412  22.028 0.6999999881
100304  56.906  17.923  22.516 0.6999999881
100294  56.015  18.425  23.254 0.6999999881
100295  54.461  18.614  23.056 0.6999999881
100292  57.440  18.441  22.676 0.6999999881
101021  57.361  19.004  21.605 0.6999999881
101737  56.946  20.048  23.202 0.6999999881
101022  55.976  19.627  20.944 0.6999999881
101738  55.852  20.720  22.135 0.6999999881
101751  55.117  20.432  21.229 0.6999999881
101739  54.641  21.148  21.349 0.8000000119
101727  56.466  21.168  23.069 0.8000000119
101752  54.016  20.857  20.611 0.6999999881
102458  51.255  21.364  17.792 0.6999999881
103166  54.758  22.716  21.298 0.8000000119
102439  53.806  21.570  20.699 0.8000000119
103168  53.058  22.649  20.051 0.8000000119
102447  51.971  22.154  19.038 0.6999999881
102456  51.004  22.083  18.023 0.6000000238
103185  49.888  22.518  17.097 0.6000000238
103187  49.296  22.630  16.622 0.5000000000
102464  48.861  22.082  16.176 0.5000000000
103188  48.662  22.933  16.231 0.5000000000
103919  48.034  23.360  15.752 0.4000000060
103167  53.789  22.281  20.720 0.8000000119
103893  52.637  23.250  19.437 0.8000000119
103179  51.478  22.516  18.512 0.8000000119
103184  50.456  22.385  17.571 0.6999999881
103913  50.313  23.269  17.467 0.6000000238
103917  49.262  23.461  16.557 0.5000000000
104661  48.771  23.862  16.082 0.4000000060
103875  55.303  23.527  20.993 0.8000000119
103876  54.050  23.119  20.614 0.8000000119
104623  53.124  24.010  19.203 0.8000000119
103902  52.235  23.716  18.855 0.8000000119
103904  50.919  22.892  18.049 0.8000000119
103912  51.057  23.763  17.917 0.8000000119
104657  49.881  23.888  16.961 0.5000000000
104660  49.492  24.320  16.361 0.4000000060
103891  54.745  23.799  20.228 0.8000000119
103892  53.555  23.540  19.870 0.8000000119
104642  52.719  24.451  18.567 0.8000000119
104643  51.804  24.181  18.301 0.8000000119
104655  51.433  24.576  17.647 0.6999999881
104656  50.624  24.236  17.322 0.6000000238
104659  50.257  24.691  16.651 0.5000000000
104621  55.562  24.378  19.756 0.8000000119
104622  54.266  24.187  19.496 0.8000000119
104641  53.833  24.542  18.800 0.8000000119
104654  52.318  24.838  17.931 0.8000000119
105422  51.942  25.194  17.293 0.6999999881
105423  51.074  25.018  16.986 0.6000000238
105434  50.749  25.451  16.146 0.6000000238
105421  52.899  25.267  17.512 0.6999999881
105433  51.718  25.533  16.580 0.6999999881
105432  53.492  25.483  16.916 0.6999999881
143513  52.489  25.486  16.916 0.6999999881
93985  38.850  10.324  31.452 0.1000000015
93994  37.660  10.149  30.715 0.1000000015
93071  37.205  9.344  30.674 0.1000000015
93072  36.593  9.337  30.175 0.1000000015
93076  36.017  9.364  29.601 0.1000000015
92085  36.376  8.635  29.815 0.1000000015
147245  36.055  8.156  28.692 0.1000000015
138548  35.078  9.068  27.735 0.1000000015
92096  36.050  8.013  27.989 0.1000000015
94046  33.942  10.237  25.915 0.1000000015
93103  35.103  9.108  26.231 0.1000000015
92120  35.679  8.570  26.647 0.1000000015
94060  34.955  10.122  24.192 0.2000000030
93144  35.473  9.528  24.609 0.1000000015
93120  36.044  9.003  25.027 0.1000000015
94946  35.398  11.765  22.634 0.2000000030
94081  36.239  10.215  23.043 0.1000000015
93143  36.380  9.334  24.309 0.1000000015
94945  36.168  11.399  22.339 0.2000000030
94102  35.687  10.936  22.801 0.2000000030
94949  36.661  11.741  21.797 0.2000000030
100331  50.483  18.477  20.614 0.5000000000
100344  49.764  18.487  19.786 0.5000000000
96589  38.105  13.703  21.260 0.2000000030
100329  52.382  18.181  20.979 0.6999999881
100332  49.452  18.591  20.865 0.5000000000
150396  48.334  18.513  19.623 0.4000000060
99574  44.795  17.147  19.503 0.2000000030
98814  44.210  16.742  19.264 0.2000000030
98816  42.931  16.204  19.919 0.2000000030
97330  41.073  15.014  20.113 0.2000000030
100307  52.700  18.417  21.806 0.6999999881
100297  52.118  18.784  22.386 0.6000000238
100309  50.831  18.571  21.640 0.6999999881
135664  48.118  18.499  20.489 0.4000000060
99573  45.501  17.537  19.851 0.3000000119
98810  44.224  16.857  20.309 0.2000000030
98815  43.625  16.469  19.598 0.2000000030
98061  42.277  15.869  20.304 0.2000000030
100991  53.521  19.028  23.230 0.6999999881
100296  53.124  18.705  22.612 0.6000000238
101004  51.214  18.819  22.252 0.6999999881
100310  49.894  18.650  21.684 0.6999999881
100333  48.655  18.606  21.037 0.5000000000
136584  56.138  19.752  24.453 0.6999999881
100987  54.489  19.263  23.842 0.6999999881
100993  51.695  19.281  22.707 0.6999999881
101005  50.318  18.873  22.196 0.8000000119
101718  56.310  20.521  24.452 0.6999999881
101719  55.446  20.517  24.591 0.8000000119
101720  54.150  20.188  24.126 0.8000000119
101728  52.264  19.804  23.182 0.8000000119
101710  55.928  21.074  24.647 0.8000000119
102402  54.445  21.169  24.402 0.8000000119
102412  56.467  21.728  23.692 0.8000000119
103128  55.294  22.625  24.512 0.8000000119
103138  56.371  22.660  23.473 0.8000000119
103148  55.622  22.354  21.942 0.8000000119
103856  56.032  23.299  21.743 0.8000000119
94000  37.105  10.627  30.113 0.1000000015
94875  36.426  11.025  29.446 0.1000000015
94002  35.753  10.173  29.326 0.1000000015
93077  35.465  9.388  28.941 0.1000000015
94007  34.772  10.169  28.075 0.1000000015
93083  34.626  9.739  27.448 0.1000000015
94899  33.472  11.775  25.981 0.1000000015
94031  33.665  10.996  26.332 0.1000000015
94030  34.076  10.343  26.804 0.1000000015
152155  33.582  11.238  24.969 0.2000000030
96573  33.778  13.115  23.451 0.2000000030
94932  34.914  11.278  23.228 0.2000000030
95798  34.362  12.906  22.920 0.2000000030
94947  34.593  12.098  23.003 0.2000000030
95797  35.157  12.644  22.551 0.2000000030
133753  35.418  13.986  22.360 0.2000000030
96580  35.792  13.297  22.219 0.2000000030
95796  36.045  12.356  22.187 0.2000000030
97327  36.924  14.265  21.608 0.2000000030
96590  37.351  13.385  21.474 0.2000000030
95806  36.752  12.635  21.643 0.2000000030
98798  43.464  16.555  20.555 0.2000000030
98799  42.659  16.615  21.221 0.2000000030
98812  42.131  16.092  21.068 0.2000000030
98063  40.828  15.303  20.941 0.2000000030
141726  37.683  14.084  21.470 0.2000000030
100335  46.466  17.935  20.961 0.4000000060
99559  45.643  17.602  20.810 0.3000000119
98811  42.790  16.343  20.771 0.2000000030
98062  41.568  15.579  20.662 0.2000000030
149459  46.114  17.799  20.251 0.4000000060
127294  44.963  17.267  20.556 0.2000000030
98064  40.081  15.058  21.182 0.2000000030
101006  49.483  19.001  22.131 0.6999999881
100994  50.801  19.438  22.501 0.6999999881
100995  49.930  19.609  22.365 0.6999999881
101729  51.361  20.126  22.855 0.8000000119
130923  53.524  21.000  23.943 0.8000000119
101721  52.943  20.416  23.601 0.8000000119
101722  52.009  20.759  23.259 0.8000000119
102394  54.734  22.015  24.555 0.8000000119
102403  53.559  21.920  24.097 0.8000000119
150633  35.405  11.487  28.406 0.1000000015
94884  34.859  11.586  27.934 0.1000000015
94885  34.259  11.640  27.293 0.1000000015
94898  33.763  11.716  26.635 0.1000000015
95768  33.423  12.598  25.599 0.1000000015
97311  33.618  13.958  23.612 0.2000000030
95778  33.391  12.556  24.785 0.2000000030
97316  34.721  14.282  22.606 0.2000000030
97328  36.079  14.121  22.021 0.2000000030
98052  39.786  15.692  21.419 0.2000000030
97325  38.267  14.449  21.387 0.2000000030
98051  40.492  15.648  21.314 0.2000000030
97324  39.122  14.937  21.359 0.2000000030
100313  47.105  18.593  21.379 0.5000000000
99538  45.078  17.443  21.121 0.3000000119
99561  43.895  16.861  21.143 0.2000000030
126832  41.955  16.650  21.366 0.2000000030
127831  41.128  16.898  21.488 0.2000000030
100312  47.942  18.606  21.200 0.4000000060
99540  42.520  17.097  21.411 0.2000000030
145488  47.944  19.179  21.664 0.6999999881
101007  48.756  19.165  21.939 0.6999999881
151472  48.476  18.820  21.530 0.6000000238
100996  49.138  19.725  22.242 0.6999999881
102404  52.721  21.324  23.622 0.8000000119
102405  51.919  21.715  23.351 0.8000000119
98042  34.642  15.180  22.611 0.2000000030
97310  33.982  14.606  23.058 0.2000000030
98041  35.496  15.677  22.102 0.2000000030
98055  36.238  14.960  21.859 0.2000000030
98054  37.052  15.183  21.605 0.2000000030
98053  38.923  15.881  21.542 0.3000000119
148428  38.045  15.356  21.533 0.2000000030
100314  45.672  17.852  21.202 0.4000000060
127243  44.403  17.422  21.284 0.3000000119
151013  47.769  20.005  21.846 0.6999999881
101008  47.079  19.692  21.635 0.6999999881
126428  46.209  18.390  21.339 0.4000000060
100315  44.937  18.004  21.425 0.4000000060
101740  48.414  19.843  22.048 0.6999999881
101730  50.421  20.396  22.578 0.8000000119
99546  35.761  17.284  21.746 0.2000000030
98791  35.216  16.608  22.143 0.2000000030
131718  36.571  16.786  21.580 0.2000000030
98805  35.969  16.401  21.741 0.2000000030
128417  37.449  16.964  21.563 0.2000000030
98803  38.119  16.327  21.516 0.3000000119
98801  39.553  16.477  21.520 0.3000000119
101733  48.097  20.684  22.053 0.6999999881
101741  47.290  20.743  21.761 0.6999999881
149410  46.754  20.402  21.613 0.6999999881
101009  46.476  19.142  21.492 0.6000000238
98800  40.412  16.303  21.457 0.2000000030
101010  45.726  19.197  21.464 0.5000000000
99539  43.683  17.456  21.396 0.3000000119
140921  45.488  18.451  21.407 0.5000000000
101732  48.810  20.567  22.280 0.6999999881
109714  48.826  32.199  16.957 0.5000000000
109713  49.879  32.654  17.544 0.8000000119
110376  50.167  33.502  17.665 0.6999999881
99545  36.753  17.721  21.582 0.2000000030
127846  38.337  17.108  21.541 0.2000000030
98802  38.823  16.594  21.529 0.3000000119
99542  39.167  17.189  21.493 0.2000000030
99541  40.144  17.282  21.525 0.3000000119
101742  46.185  20.112  21.505 0.5000000000
101011  44.764  19.078  21.440 0.5000000000
100316  43.951  18.291  21.451 0.5000000000
100317  42.827  17.942  21.470 0.2000000030
126591  41.884  17.455  21.470 0.2000000030
149029  50.975  34.262  17.437 0.6000000238
111048  51.186  33.847  16.574 0.6999999881
126666  39.120  18.694  21.506 0.2000000030
99543  38.672  17.846  21.537 0.2000000030
99544  37.779  17.741  21.524 0.2000000030
102418  47.774  21.423  22.050 0.6999999881
131317  46.504  21.032  21.611 0.6999999881
126657  42.906  19.798  21.481 0.3000000119
126661  40.724  19.292  21.483 0.2000000030
143340  39.466  17.882  21.539 0.2000000030
101743  45.189  20.116  21.470 0.5000000000
101012  43.761  19.408  21.440 0.3000000119
126663  42.388  19.023  21.468 0.2000000030
143325  41.066  18.633  21.498 0.3000000119
126667  41.037  17.844  21.512 0.3000000119
126658  44.282  20.127  21.437 0.4000000060
126664  43.163  18.900  21.456 0.3000000119
100318  41.795  18.358  21.463 0.3000000119
145198  43.536  20.211  21.473 0.3000000119
126660  39.840  19.380  21.516 0.2000000030
134085  52.606  22.102  23.661 0.8000000119
102425  45.600  21.171  21.517 0.6000000238
126648  44.670  20.981  21.463 0.5000000000
151901  42.481  20.330  21.492 0.3000000119
126662  41.556  19.206  21.489 0.3000000119
102417  48.524  21.494  22.301 0.8000000119
126647  43.841  20.930  21.470 0.5000000000
126646  42.965  20.794  21.462 0.4000000060
102424  46.205  21.803  21.715 0.6999999881
126645  41.952  20.887  21.488 0.5000000000
126655  41.266  20.024  21.466 0.3000000119
103143  47.905  22.225  22.198 0.8000000119
126654  40.376  20.092  21.488 0.3000000119
102427  43.430  21.709  21.507 0.6000000238
102428  42.639  21.699  21.503 0.5000000000
126644  40.889  20.832  21.493 0.4000000060
126643  40.052  20.835  21.539 0.4000000060
126652  38.606  20.221  21.493 0.3000000119
101744  37.698  20.456  21.472 0.3000000119
102423  47.036  21.850  21.892 0.8000000119
126642  39.224  20.923  21.509 0.4000000060
102430  41.286  21.667  21.500 0.5000000000
126641  38.372  21.063  21.455 0.3000000119
102426  44.945  21.750  21.561 0.6999999881
102429  41.987  21.859  21.523 0.6000000238
143604  40.491  21.512  21.498 0.4000000060
102432  39.038  21.667  21.466 0.3000000119
143456  44.237  21.757  21.526 0.6000000238
103152  46.396  22.518  21.789 0.6999999881
97418  50.299  14.904  6.983 0.1000000015
146583  50.667  19.314  7.713 0.2000000030
144424  48.997  13.967  7.329 0.1000000015
100419  51.401  18.955  7.170 0.2000000030
101145  50.498  19.690  8.306 0.2000000030
99703  53.286  17.684  3.902 0.2000000030
100428  52.105  18.361  6.045 0.2000000030
100421  49.590  18.816  7.294 0.2000000030
100417  53.961  18.562  6.638 0.2000000030
98199  51.805  16.066  5.110 0.1000000015
99695  50.482  18.061  5.599 0.2000000030
103834  55.834  22.972  24.065 0.8000000119
103147  56.384  22.978  22.488 0.8000000119
105398  53.376  24.945  18.158 0.8000000119
91313  52.398  7.513  10.689 0.1000000015
94172  53.869  10.689  9.014 0.1000000015
93295  48.569  9.945  11.501 0.1000000015
92298  49.975  8.400  12.388 0.1000000015
92312  50.300  8.445  11.565 0.1000000015
140115  51.764  10.992  10.250 0.1000000015
94173  53.661  10.944  9.351 0.1000000015
95011  49.042  11.740  7.800 0.1000000015
96679  48.406  13.382  7.307 0.1000000015
96685  47.884  13.512  6.721 0.1000000015
97427  48.159  14.535  5.682 0.1000000015
94978  46.930  11.271  13.703 0.1000000015
94143  47.088  10.554  13.192 0.1000000015
97372  49.379  14.427  13.863 0.1000000015
136309  48.038  11.895  11.906 0.1000000015
96639  49.070  13.773  12.302 0.1000000015
98120  50.443  15.641  12.709 0.1000000015
98119  50.969  16.195  12.210 0.1000000015
97385  49.646  14.332  11.852 0.1000000015
98889  51.542  16.538  11.602 0.1000000015
98145  50.878  15.250  11.075 0.1000000015
98894  52.515  16.587  10.414 0.2000000030
98144  52.236  15.663  10.124 0.1000000015
128800  52.818  16.265  9.717 0.2000000030
98177  51.253  15.201  7.108 0.1000000015
98205  44.103  15.544  5.594 0.1000000015
96711  44.673  13.673  1.900 0.1000000015
96712  44.077  14.335  2.483 0.1000000015
98221  50.747  16.659  2.490 0.1000000015
98223  48.702  15.956  2.165 0.1000000015
98222  49.681  16.335  2.402 0.1000000015
100399  58.048  18.059  9.912 0.3000000119
100425  55.614  17.833  5.798 0.2000000030
99668  47.254  18.590  9.782 0.2000000030
101147  48.713  19.629  8.477 0.2000000030
98179  46.772  15.785  7.354 0.1000000015
98932  53.580  16.928  4.181 0.2000000030
99696  49.602  17.870  6.064 0.2000000030
100420  50.379  18.929  7.165 0.2000000030
98936  46.818  16.215  4.869 0.1000000015
98983  47.186  16.898  0.009 0.1000000015
98952  51.842  17.214  2.905 0.1000000015
98228  49.460  16.814  1.339 0.1000000015
99731  48.024  17.075  0.260 0.1000000015
99724  49.295  17.380  1.432 0.1000000015
98089  51.692  15.097  16.050 0.3000000119
101109  57.298  19.199  10.778 0.3000000119
101110  55.971  19.539  10.904 0.3000000119
98135  44.004  15.630  11.691 0.1000000015
101143  52.940  19.305  8.253 0.2000000030
130907  46.956  17.535  10.084 0.2000000030
98896  46.502  16.705  10.422 0.1000000015
98904  46.948  16.520  9.168 0.2000000030
100434  54.065  18.007  4.618 0.2000000030
100427  53.403  18.314  5.682 0.2000000030
101154  52.180  19.220  7.746 0.2000000030
101155  51.291  19.461  8.069 0.2000000030
148786  47.715  16.484  6.115 0.1000000015
99704  52.093  17.920  4.089 0.2000000030
100436  51.615  18.137  5.154 0.2000000030
133284  50.439  17.817  3.583 0.2000000030
99710  52.515  17.450  3.328 0.2000000030
127414  50.097  17.480  1.938 0.1000000015
130082  49.780  17.673  2.965 0.1000000015
101072  57.928  19.062  14.093 0.4000000060
101098  57.280  19.396  12.468 0.3000000119
101074  56.432  19.509  14.240 0.4000000060
101061  57.686  19.277  15.385 0.5000000000
88273  47.206  4.754  32.493 0.1000000015
88275  45.522  4.671  32.491 0.1000000015
88276  44.748  4.764  32.636 0.1000000015
145582  43.263  5.000  32.233 0.1000000015
89216  44.521  5.036  31.168 0.1000000015
137513  52.342  15.373  17.767 0.3000000119
147351  44.837  6.039  34.950 0.1000000015
89165  45.956  5.424  34.412 0.1000000015
89181  46.381  5.020  33.748 0.1000000015
89198  43.921  4.952  32.869 0.1000000015
89217  42.636  5.197  31.539 0.1000000015
89234  44.947  5.485  30.545 0.1000000015
90170  45.395  5.974  30.007 0.1000000015
89246  42.189  5.744  30.133 0.1000000015
90172  43.714  6.104  29.896 0.1000000015
95820  46.232  12.799  16.891 0.2000000030
95822  44.527  12.323  17.271 0.1000000015
98079  49.221  15.097  17.390 0.2000000030
97348  45.769  14.767  16.911 0.2000000030
94958  43.202  11.221  18.104 0.2000000030
94118  42.384  10.311  19.234 0.1000000015
93228  42.029  9.937  19.855 0.1000000015
93204  41.376  9.493  21.427 0.1000000015
93216  40.787  9.656  20.678 0.1000000015
93163  40.679  9.501  23.620 0.1000000015
93162  41.434  9.634  23.152 0.1000000015
93138  41.523  9.737  24.013 0.1000000015
93116  42.442  9.361  25.585 0.1000000015
92113  42.251  8.676  26.339 0.1000000015
92129  40.809  8.764  25.646 0.1000000015
93117  41.093  9.215  25.145 0.1000000015
96610  44.572  13.921  16.916 0.2000000030
94966  42.894  12.124  17.680 0.2000000030
94955  41.201  11.062  18.900 0.2000000030
88272  48.083  4.846  32.087 0.1000000015
89196  48.700  5.112  32.689 0.1000000015
88300  50.427  4.647  28.639 0.1000000015
91047  43.088  7.213  34.880 0.1000000015
90132  42.028  6.861  34.176 0.1000000015
92062  42.142  8.183  34.486 0.1000000015
89200  41.372  5.582  32.338 0.1000000015
90154  39.699  6.743  32.282 0.1000000015
91059  39.439  7.534  32.490 0.1000000015
89237  41.915  5.442  30.922 0.1000000015
89219  40.762  5.690  31.689 0.1000000015
94120  40.736  10.638  19.430 0.2000000030
94111  41.177  10.022  19.956 0.1000000015
150590  40.938  9.401  21.924 0.1000000015
93140  39.815  9.296  24.238 0.1000000015
92149  38.864  8.920  24.722 0.1000000015
92115  40.408  8.256  26.243 0.1000000015
92114  41.279  8.414  26.273 0.1000000015
98822  51.331  16.631  18.142 0.4000000060
93206  39.379  9.587  21.419 0.1000000015
93166  37.710  9.472  23.328 0.1000000015
94961  40.549  12.124  18.757 0.2000000030
141919  39.344  11.675  19.664 0.2000000030
94114  38.611  10.498  20.684 0.2000000030
97351  42.783  14.380  17.592 0.3000000119
98823  45.403  17.115  17.857 0.3000000119
98082  43.019  15.140  17.769 0.3000000119
102454  52.177  21.385  18.910 0.6999999881
103936  45.187  23.565  13.851 0.4000000060
104670  45.568  24.248  14.253 0.4000000060
105451  48.171  25.614  14.509 0.4000000060
105443  50.840  25.904  15.260 0.6000000238
93051  41.157  9.076  33.763 0.1000000015
93977  40.228  9.961  32.692 0.1000000015
92066  39.945  8.173  33.030 0.1000000015
90174  40.151  5.882  30.979 0.1000000015
90162  38.728  6.751  31.145 0.1000000015
91068  38.378  7.599  31.518 0.1000000015
90175  39.306  6.260  30.610 0.1000000015
130347  39.961  6.083  29.888 0.1000000015
146164  37.215  8.120  30.555 0.1000000015
90196  40.369  6.428  28.945 0.1000000015
91093  40.813  6.857  28.162 0.1000000015
91092  41.656  7.060  28.158 0.1000000015
91103  39.371  7.166  27.576 0.1000000015
91116  38.094  7.652  26.778 0.1000000015
92117  38.633  8.093  26.145 0.1000000015
92151  36.902  8.886  24.817 0.1000000015
93188  37.849  9.723  22.498 0.1000000015
93189  37.087  9.863  22.831 0.1000000015
93142  37.300  9.235  24.136 0.1000000015
99571  52.023  17.548  19.258 0.5000000000
94115  37.850  10.934  21.002 0.2000000030
99583  48.521  17.917  18.132 0.3000000119
95814  39.372  12.525  19.703 0.2000000030
98836  44.095  16.166  17.824 0.3000000119
98073  42.051  15.031  18.848 0.2000000030
97340  41.026  13.944  18.802 0.2000000030
139456  38.756  12.709  20.266 0.2000000030
95805  37.147  11.979  21.416 0.2000000030
101003  56.513  19.859  22.020 0.6999999881
102440  53.188  21.925  20.273 0.8000000119
151067  52.402  22.552  19.434 0.8000000119
142849  38.394  9.004  31.706 0.1000000015
92071  39.211  8.350  32.464 0.1000000015
92072  38.596  8.392  31.961 0.1000000015
93986  38.263  10.034  31.206 0.1000000015
91085  36.405  8.006  29.322 0.1000000015
91095  37.344  7.185  28.664 0.1000000015
91105  37.622  7.431  27.504 0.1000000015
91118  36.276  8.083  27.138 0.1000000015
91117  37.164  7.786  26.870 0.1000000015
92119  36.625  8.287  26.184 0.1000000015
141267  36.540  8.646  25.431 0.1000000015
147614  36.759  10.354  22.512 0.1000000015
99567  57.011  17.536  19.718 0.6000000238
99582  49.519  17.723  18.199 0.4000000060
99556  53.978  17.587  20.505 0.6000000238
98071  43.384  15.805  18.104 0.3000000119
96594  39.213  13.465  20.299 0.2000000030
137524  48.892  18.609  20.123 0.4000000060
100346  47.107  18.207  18.948 0.4000000060
97333  38.844  14.011  21.073 0.2000000030
139467  58.057  18.101  20.280 0.6999999881
100303  57.748  17.967  21.940 0.6000000238
99536  55.895  17.628  21.590 0.6000000238
100308  51.755  18.504  21.684 0.6999999881
100334  47.349  18.275  20.800 0.4000000060
100288  55.461  18.855  23.795 0.6999999881
101726  56.595  20.735  23.880 0.8000000119
102422  55.549  21.500  22.041 0.8000000119
102413  56.279  22.088  22.750 0.8000000119
103149  54.522  21.866  21.365 0.8000000119
103894  51.971  22.917  18.998 0.8000000119
103903  51.527  23.334  18.471 0.8000000119
93993  38.417  10.663  30.901 0.1000000015
93995  36.957  9.924  30.362 0.1000000015
92089  35.881  8.650  29.164 0.1000000015
92097  35.513  8.707  28.344 0.1000000015
93091  35.011  9.061  27.046 0.1000000015
93121  35.244  9.279  25.424 0.1000000015
94061  34.294  10.476  24.516 0.1000000015
94047  33.565  11.088  25.608 0.1000000015
93104  34.507  9.655  26.565 0.1000000015
92134  35.831  8.730  25.795 0.1000000015
93168  35.824  9.816  23.814 0.2000000030
94920  33.879  11.044  24.409 0.2000000030
94082  35.345  10.502  23.476 0.2000000030
99560  44.575  17.025  21.020 0.2000000030
100992  52.596  19.137  22.987 0.6999999881
100988  53.287  19.598  23.481 0.8000000119
100311  49.101  18.738  21.604 0.6999999881
132483  55.197  19.733  24.380 0.6999999881
102393  55.385  21.404  24.639 0.8000000119
103127  56.026  22.155  24.317 0.8000000119
94006  35.193  10.156  28.663 0.1000000015
93082  35.030  9.498  28.228 0.1000000015
137853  33.923  11.047  26.945 0.1000000015
95757  33.638  12.550  26.304 0.1000000015
94911  33.424  11.829  25.260 0.2000000030
138269  33.583  11.778  24.499 0.2000000030
96572  34.150  13.720  22.972 0.2000000030
95784  34.035  12.445  23.387 0.2000000030
96581  34.905  13.471  22.572 0.2000000030
97315  35.453  14.705  22.270 0.2000000030
96579  36.531  13.456  21.805 0.2000000030
97326  37.610  14.659  21.515 0.2000000030
98050  41.256  15.998  21.301 0.2000000030
95746  35.565  12.283  28.129 0.1000000015
95747  34.777  12.345  27.559 0.1000000015
129622  36.377  15.759  21.664 0.2000000030
98804  37.147  16.095  21.562 0.2000000030
101731  49.554  20.486  22.420 0.8000000119
143452  40.203  18.425  21.509 0.2000000030
101809  41.087  20.815  13.522 0.1000000015
102508  42.518  20.837  13.047 0.1000000015
127564  43.040  21.656  12.673 0.1000000015
101807  43.080  20.049  13.320 0.1000000015
101106  43.907  20.153  12.947 0.1000000015
101092  44.349  19.433  12.954 0.1000000015
102496  41.705  21.151  12.976 0.1000000015
127719  44.608  20.306  12.481 0.1000000015
136207  42.278  21.630  12.655 0.2000000030
146611  42.705  22.210  12.570 0.2000000030
140489  43.451  20.928  12.790 0.1000000015
102507  43.853  21.812  12.502 0.1000000015
101816  44.274  21.074  12.488 0.1000000015
103223  43.382  22.569  12.587 0.2000000030
103222  44.253  22.534  12.614 0.2000000030
103944  43.861  23.397  12.923 0.2000000030
103937  44.452  23.954  13.487 0.3000000119
105459  45.035  25.402  13.676 0.3000000119
147360  45.706  27.097  12.269 0.3000000119
133309  45.135  26.631  12.787 0.3000000119
106256  47.820  27.392  11.121 0.3000000119
107027  46.579  27.406  11.178 0.3000000119
107028  45.818  27.347  11.528 0.3000000119
106275  47.609  27.411  10.325 0.3000000119
107038  46.814  27.443  10.347 0.3000000119
106240  46.110  26.755  12.837 0.3000000119
106274  48.397  27.342  10.479 0.3000000119
125977  47.907  27.211  11.993 0.3000000119
106287  49.001  27.174  9.798 0.3000000119
106288  48.135  27.321  9.639 0.3000000119
105458  46.368  25.712  14.019 0.3000000119
105453  45.744  25.096  14.189 0.3000000119
106238  48.006  26.745  12.834 0.3000000119
106239  47.099  26.911  12.636 0.3000000119
106254  49.370  27.096  11.563 0.3000000119
106255  48.572  27.275  11.346 0.3000000119
126233  48.815  26.634  13.081 0.3000000119
105456  48.082  26.288  13.681 0.3000000119
106225  46.637  26.326  13.480 0.3000000119
126444  50.513  26.588  13.266 0.3000000119
106223  49.701  26.546  13.350 0.3000000119
106237  48.703  27.022  12.220 0.3000000119
126611  50.962  26.732  12.009 0.3000000119
106235  50.321  26.732  12.601 0.3000000119
103153  45.562  22.276  21.668 0.6000000238
103154  44.745  22.430  21.571 0.6000000238
103155  43.872  22.577  21.458 0.6000000238
111689  52.065  33.962  13.588 0.6999999881
144730  53.724  35.398  12.044 0.6000000238
111698  54.028  34.947  10.304 0.6000000238
105590  46.138  24.916  1.651 0.4000000060
111687  53.960  34.807  11.199 0.6000000238
140619  51.620  32.905  13.406 0.6999999881
102506  44.690  21.835  12.311 0.1000000015
103214  44.634  23.041  13.151 0.3000000119
105457  47.225  25.841  14.100 0.3000000119
106215  48.906  26.225  13.933 0.3000000119
143974  49.607  26.221  14.146 0.3000000119
104676  45.036  24.539  13.897 0.3000000119
106226  45.679  26.065  13.566 0.3000000119
106257  46.421  27.255  12.059 0.3000000119
103868  39.449  22.988  21.085 0.3000000119
103132  34.559  22.441  23.178 0.2000000030
134775  35.113  23.001  22.207 0.2000000030
103872  35.559  23.594  21.884 0.2000000030
103839  34.859  23.895  23.349 0.2000000030
103161  38.013  22.636  21.233 0.2000000030
140189  36.377  23.428  21.419 0.2000000030
148164  35.418  24.220  22.160 0.2000000030
148785  43.083  22.351  21.456 0.5000000000
103158  40.709  22.318  21.400 0.5000000000
103884  39.811  23.483  20.677 0.4000000060
103869  38.658  23.147  21.014 0.2000000030
103870  37.847  23.385  20.976 0.2000000030
103871  37.156  23.608  21.087 0.2000000030
104600  35.994  24.366  21.586 0.2000000030
143518  42.095  23.046  21.143 0.5000000000
103866  41.174  23.055  21.124 0.5000000000
103867  40.279  22.979  21.092 0.5000000000
103887  36.821  24.202  21.060 0.2000000030
103885  38.524  23.854  20.593 0.2000000030
103886  37.610  24.077  20.738 0.2000000030
103123  34.849  22.796  24.524 0.2000000030
103117  35.289  22.427  25.224 0.2000000030
147776  34.811  22.533  22.534 0.2000000030
103145  34.719  23.137  22.880 0.2000000030
103831  34.673  23.048  23.703 0.2000000030
103827  35.397  23.296  25.025 0.2000000030
104581  35.178  24.310  23.928 0.2000000030
147574  35.232  24.601  23.406 0.2000000030
103156  42.419  22.457  21.411 0.5000000000
103865  43.061  23.005  21.264 0.5000000000
103863  44.645  23.032  21.426 0.5000000000
143953  39.297  23.852  20.437 0.2000000030
104601  35.565  24.874  22.217 0.2000000030
103883  40.632  23.537  20.585 0.2000000030
132768  38.995  24.398  20.061 0.2000000030
104617  37.293  24.786  20.614 0.2000000030
104618  36.585  24.976  21.105 0.2000000030
104616  38.101  24.609  20.246 0.2000000030
100269  38.845  19.059  27.149 0.1000000015
129129  36.998  20.973  26.450 0.2000000030
102389  35.933  21.964  25.757 0.2000000030
103113  36.645  22.284  26.164 0.2000000030
102384  37.250  21.715  26.467 0.2000000030
103116  36.023  22.802  25.638 0.2000000030
103112  37.415  22.542  26.466 0.2000000030
103826  36.184  23.660  25.457 0.2000000030
103822  36.792  23.118  26.056 0.2000000030
105347  35.555  25.030  23.973 0.2000000030
104574  35.615  24.226  24.678 0.2000000030
105351  35.519  25.223  22.980 0.2000000030
105366  36.019  25.264  21.691 0.2000000030
105377  37.674  25.370  20.114 0.2000000030
100962  39.214  19.649  27.231 0.1000000015
101701  38.157  20.340  26.819 0.1000000015
100262  38.910  18.373  27.242 0.1000000015
102374  38.678  21.208  27.001 0.2000000030
130604  37.772  21.077  26.667 0.2000000030
102383  38.039  21.916  26.730 0.2000000030
103821  37.598  23.393  26.381 0.2000000030
103825  37.014  23.946  25.866 0.2000000030
104573  36.435  24.466  25.263 0.2000000030
105378  36.986  25.527  20.651 0.2000000030
101692  38.918  20.334  27.103 0.1000000015
128778  39.994  19.621  27.383 0.1000000015
131835  39.487  18.941  27.322 0.1000000015
99508  39.054  17.425  27.334 0.1000000015
97289  39.468  14.245  28.172 0.1000000015
98769  39.694  16.531  27.431 0.1000000015
103101  39.656  21.707  27.345 0.1000000015
103102  38.809  22.215  27.066 0.2000000030
103111  38.193  22.787  26.737 0.2000000030
147705  35.806  25.473  22.290 0.2000000030
105346  36.274  25.531  24.325 0.2000000030
128121  36.156  25.931  21.907 0.2000000030
134192  40.374  17.945  27.469 0.1000000015
98768  40.571  16.574  27.488 0.1000000015
98017  40.994  15.432  27.788 0.1000000015
130855  40.819  14.363  28.705 0.1000000015
134191  40.380  18.754  27.447 0.1000000015
99507  40.021  17.330  27.424 0.1000000015
126240  40.339  15.848  27.537 0.1000000015
97288  40.205  14.560  28.173 0.1000000015
101691  39.622  20.311  27.326 0.1000000015
97292  40.277  15.135  27.749 0.1000000015
143784  49.406  17.031  29.985 0.1000000015
98718  49.028  16.535  30.667 0.1000000015
99480  49.866  17.828  29.034 0.1000000015
151368  49.608  17.510  29.274 0.1000000015
105350  36.026  25.752  23.490 0.2000000030
106157  36.828  26.162  20.842 0.2000000030
104677  44.389  24.883  13.527 0.2000000030
130683  42.878  15.366  28.537 0.1000000015
98016  41.659  15.727  27.730 0.1000000015
97286  42.223  15.035  28.565 0.1000000015
99505  41.651  17.509  27.492 0.1000000015
98012  41.623  15.197  28.136 0.1000000015
97287  41.551  14.700  28.642 0.1000000015
142536  41.039  18.116  27.487 0.1000000015
100961  40.879  19.593  27.514 0.1000000015
101690  40.445  20.441  27.480 0.1000000015
101689  41.418  20.334  27.603 0.1000000015
102373  39.872  20.911  27.382 0.1000000015
145386  40.325  21.207  27.474 0.1000000015
100245  47.811  18.206  28.386 0.1000000015
99460  49.350  17.413  29.933 0.1000000015
100244  48.921  18.282  28.575 0.1000000015
106140  36.500  26.503  22.205 0.2000000030
106134  36.663  26.193  23.950 0.2000000030
104572  37.216  24.724  25.645 0.2000000030
106147  36.636  26.389  21.430 0.2000000030
105357  36.041  25.901  22.651 0.2000000030
127082  42.344  16.895  27.496 0.1000000015
98760  43.004  15.816  28.016 0.1000000015
98767  41.501  16.549  27.514 0.1000000015
135172  41.322  18.846  27.506 0.1000000015
99504  42.472  17.859  27.515 0.1000000015
151987  41.722  18.237  27.524 0.1000000015
100960  41.797  19.532  27.559 0.1000000015
100956  45.280  19.007  27.896 0.1000000015
131986  46.504  19.674  28.400 0.1000000015
100246  46.692  18.168  28.117 0.1000000015
128042  41.036  21.123  27.653 0.1000000015
101688  42.335  20.202  27.702 0.1000000015
100958  43.525  19.267  27.685 0.1000000015
100946  44.917  19.911  28.176 0.1000000015
138851  48.414  19.510  28.559 0.1000000015
106130  37.776  26.103  25.077 0.2000000030
105341  37.451  25.427  25.376 0.2000000030
102372  40.614  21.861  27.621 0.1000000015
101687  43.172  20.027  27.836 0.1000000015
101677  44.296  20.641  28.387 0.1000000015
106950  38.495  27.431  24.122 0.2000000030
106133  37.401  26.479  24.370 0.2000000030
106955  37.790  27.390  23.385 0.2000000030
105334  37.841  25.028  25.906 0.2000000030
106139  37.122  27.144  22.625 0.2000000030
106136  37.179  26.814  23.579 0.2000000030
105342  36.703  25.186  25.043 0.2000000030
103820  38.366  23.616  26.676 0.2000000030
106958  36.945  27.046  21.621 0.2000000030
106146  37.101  26.814  20.735 0.2000000030
105393  37.295  26.142  20.276 0.2000000030
97999  43.398  15.181  29.126 0.1000000015
98010  43.634  15.661  28.499 0.1000000015
98766  43.033  16.437  27.698 0.1000000015
139652  42.998  17.164  27.529 0.1000000015
102350  48.118  21.229  29.446 0.1000000015
102349  48.879  20.613  29.485 0.1000000015
102357  48.374  20.618  29.040 0.1000000015
100921  48.755  19.456  30.020 0.1000000015
100216  48.785  18.474  30.006 0.1000000015
100940  49.929  19.138  29.044 0.1000000015
106942  41.453  27.566  25.660 0.2000000030
106943  40.597  27.399  25.491 0.2000000030
106944  39.753  27.237  25.293 0.2000000030
106128  39.320  26.604  25.695 0.2000000030
101678  43.591  20.539  28.163 0.1000000015
106949  39.417  27.611  24.547 0.2000000030
106945  38.920  27.046  25.016 0.2000000030
106132  38.152  26.744  24.690 0.2000000030
102371  41.422  21.842  27.853 0.1000000015
105340  38.195  25.627  25.686 0.2000000030
106956  37.889  27.786  22.601 0.2000000030
104569  37.853  24.307  26.268 0.2000000030
103807  38.885  23.089  27.085 0.2000000030
107661  37.873  28.050  21.268 0.2000000030
106957  37.488  27.652  21.863 0.2000000030
106960  37.389  27.506  21.037 0.2000000030
106324  43.734  26.449  7.656 0.1000000015
106325  42.844  26.240  7.830 0.1000000015
106305  44.350  26.869  8.341 0.2000000030
102351  47.139  21.586  29.349 0.1000000015
101671  49.482  19.842  29.131 0.1000000015
101674  47.972  20.278  28.707 0.1000000015
101673  48.993  20.126  28.837 0.1000000015
101675  46.919  20.350  28.616 0.1000000015
100943  49.491  19.355  28.841 0.1000000015
106947  41.139  27.925  24.940 0.2000000030
145206  45.708  19.561  28.222 0.1000000015
137770  47.284  19.018  28.303 0.1000000015
106948  40.276  27.760  24.789 0.2000000030
106127  40.116  26.826  25.947 0.2000000030
107643  39.964  28.159  24.095 0.2000000030
106953  39.159  27.990  23.763 0.2000000030
106129  38.545  26.349  25.392 0.2000000030
107652  39.065  28.273  23.086 0.2000000030
107656  38.618  28.332  22.417 0.2000000030
107657  38.024  28.111  21.956 0.2000000030
107665  38.306  28.464  20.571 0.2000000030
107666  37.796  27.887  20.610 0.2000000030
105515  43.149  25.777  7.006 0.1000000015
105516  42.339  25.374  7.267 0.1000000015
103077  45.258  22.952  29.410 0.1000000015
103076  45.910  22.667  29.515 0.1000000015
103084  45.141  22.182  29.080 0.1000000015
102359  46.511  21.092  28.813 0.1000000015
135033  45.526  21.300  28.753 0.1000000015
150580  45.027  20.734  28.529 0.1000000015
101676  45.844  20.384  28.496 0.1000000015
101679  42.907  20.792  28.091 0.1000000015
102361  43.655  21.360  28.446 0.1000000015
106932  40.922  27.033  26.159 0.2000000030
102370  42.009  21.115  27.850 0.1000000015
107642  40.821  28.272  24.242 0.2000000030
107651  39.723  28.439  23.326 0.2000000030
107659  39.178  28.877  21.797 0.2000000030
106122  38.925  25.899  26.050 0.2000000030
105333  38.551  25.042  26.307 0.2000000030
107660  38.459  28.517  21.502 0.2000000030
104723  41.373  23.372  6.055 0.2000000030
103971  40.629  23.057  6.410 0.1000000015
105297  45.239  25.718  28.859 0.2000000030
106097  44.918  26.206  28.344 0.2000000030
105283  45.523  25.175  29.358 0.1000000015
105284  44.805  25.128  29.023 0.2000000030
104527  44.857  24.440  29.267 0.1000000015
103779  45.032  23.632  29.410 0.1000000015
104526  45.596  24.324  29.616 0.1000000015
103788  43.503  23.807  28.758 0.1000000015
103787  44.285  23.732  29.096 0.1000000015
103085  44.581  22.936  29.174 0.1000000015
131636  43.006  23.140  28.620 0.1000000015
103086  43.302  22.313  28.587 0.1000000015
130549  44.188  22.222  28.756 0.1000000015
102360  44.639  21.437  28.610 0.1000000015
103088  41.768  22.562  28.134 0.1000000015
103087  42.505  22.486  28.380 0.1000000015
106111  41.697  26.147  27.292 0.2000000030
105330  40.902  25.921  27.062 0.2000000030
102363  42.079  21.907  28.127 0.1000000015
102362  42.741  21.658  28.266 0.1000000015
105320  40.550  25.232  27.300 0.2000000030
104555  40.284  24.612  27.392 0.2000000030
103805  40.395  23.852  27.571 0.2000000030
103804  40.861  23.276  27.777 0.2000000030
103790  41.447  23.268  28.071 0.1000000015
106931  41.720  27.206  26.325 0.2000000030
106119  41.308  26.586  26.712 0.2000000030
106120  40.507  26.379  26.519 0.2000000030
105331  40.147  25.695  26.823 0.2000000030
105321  39.858  25.001  27.080 0.2000000030
104556  39.712  24.253  27.252 0.2000000030
103806  39.608  23.415  27.333 0.2000000030
103100  40.225  22.758  27.559 0.2000000030
106121  39.709  26.170  26.314 0.2000000030
105332  39.394  25.414  26.566 0.2000000030
103819  39.051  23.881  26.982 0.2000000030
145424  39.428  22.634  27.310 0.2000000030
107654  40.306  28.904  22.771 0.2000000030
104567  39.194  24.644  26.793 0.2000000030
104568  38.600  24.293  26.607 0.2000000030
108340  39.000  29.090  20.917 0.3000000119
108343  38.885  29.087  20.117 0.3000000119
108349  39.060  29.266  19.224 0.3000000119
103978  40.325  22.931  5.700 0.2000000030
132100  39.992  22.814  6.433 0.1000000015
105533  42.602  24.816  6.394 0.1000000015
104714  41.841  24.360  6.668 0.2000000030
136424  44.913  27.164  27.273 0.1000000015
106910  43.947  27.076  27.181 0.1000000015
128978  44.199  26.693  27.594 0.1000000015
106107  45.433  26.692  27.875 0.1000000015
106109  43.472  26.518  27.576 0.1000000015
106108  44.680  26.574  27.835 0.2000000030
104536  43.113  24.501  28.551 0.2000000030
106110  42.572  26.348  27.465 0.2000000030
105317  43.026  25.865  27.980 0.1000000015
106098  44.003  26.142  28.103 0.2000000030
128473  42.812  23.824  28.567 0.1000000015
106117  43.112  26.964  27.067 0.2000000030
105318  42.136  25.584  27.753 0.2000000030
105300  42.600  25.066  28.245 0.2000000030
104537  42.333  24.249  28.380 0.1000000015
105319  41.302  25.386  27.531 0.2000000030
104553  41.719  24.698  27.986 0.2000000030
148563  41.749  23.916  28.198 0.2000000030
103789  42.211  23.359  28.371 0.1000000015
136837  42.837  27.377  26.501 0.2000000030
106118  42.193  26.848  26.847 0.2000000030
104554  40.905  24.633  27.624 0.2000000030
104538  41.179  23.945  27.870 0.2000000030
147342  39.602  29.357  21.328 0.3000000119
107650  40.548  28.582  23.518 0.2000000030
107649  41.362  28.712  23.609 0.2000000030
108336  40.044  29.259  21.963 0.3000000119
108359  39.434  29.768  18.369 0.3000000119
150435  39.231  29.423  20.410 0.3000000119
147238  39.333  29.738  19.955 0.2000000030
108342  39.652  29.755  20.674 0.2000000030
109034  39.576  30.704  18.307 0.2000000030
109026  39.416  30.343  19.219 0.2000000030
109719  40.800  31.238  16.592 0.2000000030
109707  40.342  31.480  17.026 0.2000000030
109718  41.517  31.453  16.231 0.2000000030
149874  40.394  32.001  17.128 0.2000000030
110384  41.663  32.317  16.395 0.2000000030
104721  42.861  24.296  5.529 0.1000000015
104722  42.078  23.784  5.765 0.1000000015
103977  40.964  22.981  5.480 0.2000000030
103979  39.612  23.206  5.787 0.1000000015
144780  44.366  27.457  26.739 0.1000000015
106928  45.073  27.737  26.427 0.1000000015
106929  43.661  27.443  26.617 0.1000000015
106941  44.265  27.847  26.145 0.1000000015
136396  43.388  27.866  25.969 0.1000000015
106930  42.379  27.706  25.889 0.2000000030
107627  43.073  28.330  25.085 0.1000000015
107628  42.037  28.097  25.044 0.2000000030
108327  41.120  29.047  22.926 0.3000000119
108338  40.712  29.745  21.692 0.3000000119
109054  41.899  30.664  16.028 0.2000000030
137037  39.595  31.016  19.710 0.2000000030
109726  42.352  31.349  15.831 0.2000000030
109699  39.487  31.429  18.998 0.2000000030
109701  39.672  31.480  18.195 0.2000000030
110391  42.818  32.052  15.719 0.2000000030
109708  40.021  31.973  17.648 0.2000000030
110390  43.675  32.075  15.609 0.2000000030
110372  40.538  32.529  17.303 0.2000000030
137752  40.864  33.320  17.563 0.2000000030
145934  44.221  33.456  16.221 0.2000000030
110383  42.430  32.576  16.132 0.2000000030
111043  42.473  33.710  16.954 0.2000000030
111033  41.670  33.569  17.257 0.2000000030
111042  43.356  33.737  16.671 0.2000000030
111669  42.888  34.227  17.152 0.2000000030
111659  42.203  34.359  17.550 0.2000000030
111668  43.480  34.469  17.003 0.2000000030
112289  42.846  34.875  17.371 0.2000000030
104735  42.319  23.334  4.901 0.2000000030
103995  41.779  23.072  4.232 0.2000000030
103997  40.419  23.391  4.797 0.2000000030
104737  40.209  24.119  4.637 0.2000000030
105554  39.681  24.541  5.160 0.2000000030
104736  41.617  23.121  5.178 0.2000000030
107614  44.999  28.240  25.659 0.1000000015
107626  44.077  28.297  25.393 0.1000000015
107638  44.809  28.667  24.841 0.1000000015
132737  43.922  28.725  24.563 0.1000000015
108315  44.601  29.179  24.124 0.1000000015
107639  43.248  28.783  24.260 0.2000000030
107640  42.527  28.604  24.319 0.2000000030
107641  41.671  28.436  24.316 0.2000000030
108339  40.211  29.786  21.267 0.2000000030
109724  44.055  31.304  15.571 0.3000000119
109725  43.175  31.340  15.642 0.3000000119
109024  39.643  30.448  20.171 0.2000000030
109723  44.940  31.269  15.630 0.3000000119
109722  45.534  32.033  15.656 0.3000000119
110389  44.580  32.070  15.583 0.3000000119
139256  39.683  32.224  18.518 0.2000000030
132761  47.180  32.741  16.347 0.3000000119
110379  46.202  32.851  16.020 0.3000000119
110380  45.108  32.999  15.912 0.3000000119
110368  40.160  32.944  18.106 0.2000000030
111039  46.839  33.626  16.583 0.3000000119
111040  45.881  33.746  16.490 0.3000000119
111660  41.303  34.127  17.951 0.2000000030
111665  46.483  34.290  16.656 0.4000000060
111041  45.008  33.872  16.587 0.2000000030
141279  44.205  34.106  16.776 0.2000000030
137468  45.585  34.327  16.642 0.3000000119
111667  44.059  34.839  16.742 0.2000000030
112286  44.603  35.277  16.297 0.3000000119
112288  43.372  35.327  16.956 0.2000000030
104755  40.837  23.709  4.257 0.2000000030
105553  40.304  24.954  4.822 0.2000000030
105534  39.251  25.048  5.839 0.2000000030
105571  40.829  24.489  4.292 0.2000000030
106352  39.905  25.418  5.505 0.2000000030
108473  41.997  29.084  7.211 0.2000000030
108472  42.611  29.545  6.818 0.2000000030
108481  44.441  29.728  5.608 0.2000000030
109165  44.409  30.513  5.802 0.2000000030
109173  45.627  30.602  4.849 0.2000000030
133898  45.840  31.101  4.687 0.2000000030
141283  44.809  31.011  5.605 0.2000000030
132047  48.295  31.751  2.102 0.3000000119
109838  47.795  31.386  2.599 0.3000000119
109847  48.929  31.658  1.389 0.3000000119
108317  42.958  29.130  23.636 0.2000000030
107648  42.167  28.896  23.588 0.2000000030
108333  42.552  29.637  22.821 0.2000000030
108335  40.895  29.448  22.255 0.3000000119
108326  41.804  29.150  23.040 0.3000000119
108334  41.669  29.595  22.450 0.3000000119
109022  40.199  30.570  20.846 0.2000000030
109697  39.815  31.214  20.371 0.2000000030
144642  39.525  31.800  19.846 0.2000000030
145371  39.535  32.392  19.319 0.2000000030
110378  48.192  32.868  16.738 0.4000000060
140581  47.669  33.522  16.741 0.3000000119
111031  39.710  33.048  18.934 0.2000000030
111034  40.624  33.686  18.180 0.2000000030
110377  49.212  33.224  17.324 0.4000000060
111038  48.522  33.858  17.213 0.4000000060
111030  40.191  33.683  18.763 0.2000000030
111663  48.967  34.557  17.261 0.4000000060
111673  48.298  34.797  16.684 0.4000000060
111674  47.030  34.692  16.392 0.3000000119
111666  45.245  34.853  16.411 0.3000000119
127601  43.366  36.259  16.737 0.2000000030
112293  48.779  35.277  16.168 0.4000000060
112304  48.050  35.570  14.939 0.3000000119
112295  46.277  35.290  15.589 0.3000000119
112296  45.246  35.556  15.657 0.3000000119
112287  43.918  35.767  16.348 0.3000000119
143098  48.663  36.158  14.236 0.4000000060
112305  46.852  35.741  14.764 0.3000000119
135896  46.430  36.915  14.259 0.3000000119
112919  45.181  36.728  15.101 0.3000000119
112297  44.525  36.204  15.744 0.3000000119
112915  44.032  36.726  16.147 0.3000000119
112929  45.752  37.179  14.579 0.3000000119
104771  41.958  23.478  3.403 0.2000000030
105570  41.451  24.748  3.957 0.2000000030
106351  40.632  25.688  5.312 0.2000000030
106338  41.037  26.453  5.887 0.2000000030
107083  40.709  26.919  6.649 0.2000000030
105582  41.911  24.222  3.343 0.2000000030
106366  41.727  25.459  4.432 0.2000000030
107094  41.796  26.754  5.764 0.2000000030
107081  42.198  27.624  6.286 0.2000000030
107082  41.444  27.265  6.452 0.2000000030
105569  42.084  24.972  3.680 0.2000000030
107093  42.561  27.103  5.607 0.2000000030
107798  42.942  28.005  6.064 0.2000000030
107787  41.780  28.152  6.902 0.2000000030
107797  43.610  28.447  5.730 0.2000000030
108482  43.815  29.350  5.935 0.2000000030
107807  45.454  28.774  4.501 0.2000000030
108489  44.984  29.300  5.081 0.2000000030
107821  48.281  28.843  1.636 0.4000000060
107822  47.623  28.317  2.381 0.3000000119
109178  47.304  29.715  3.165 0.2000000030
108495  46.754  29.346  3.578 0.2000000030
108488  45.702  29.787  4.614 0.2000000030
108501  48.270  29.886  1.871 0.2000000030
109185  47.710  30.386  2.651 0.2000000030
146949  47.203  30.366  3.308 0.2000000030
109020  41.379  30.652  21.783 0.2000000030
109014  41.334  29.956  21.842 0.2000000030
109021  40.815  30.295  21.405 0.2000000030
109689  40.765  31.045  21.348 0.2000000030
132404  39.648  32.061  20.613 0.2000000030
111037  49.579  34.161  17.627 0.4000000060
111662  49.998  34.851  17.671 0.5000000000
111652  41.239  34.723  18.444 0.2000000030
112282  42.344  35.177  17.752 0.2000000030
112292  50.045  35.510  16.619 0.5000000000
146135  42.695  35.850  17.328 0.2000000030
111054  51.872  34.554  14.861 0.5000000000
112303  49.352  35.717  15.371 0.5000000000
112302  50.758  35.943  15.866 0.5000000000
112940  49.329  36.808  13.548 0.5000000000
140993  47.423  36.469  14.075 0.3000000119
151916  46.874  37.138  13.880 0.3000000119
112942  47.292  37.542  13.587 0.4000000060
113565  46.310  38.242  14.274 0.3000000119
113581  47.961  38.381  13.004 0.4000000060
113582  47.172  38.824  13.556 0.3000000119
106350  41.381  25.951  5.176 0.2000000030
105568  42.840  25.196  3.562 0.2000000030
106365  42.470  25.724  4.307 0.2000000030
106349  42.146  26.221  5.068 0.2000000030
107092  43.327  27.494  5.421 0.2000000030
107808  44.742  28.378  4.852 0.2000000030
107091  44.049  27.925  5.167 0.2000000030
107823  46.998  27.893  2.964 0.3000000119
107814  46.557  28.478  3.531 0.2000000030
141386  48.824  28.844  0.798 0.4000000060
107130  48.076  27.730  1.645 0.3000000119
128521  39.496  32.645  20.090 0.2000000030
111036  50.525  34.443  17.706 0.5000000000
111024  39.836  33.732  19.488 0.2000000030
151661  50.565  34.924  17.698 0.5000000000
111653  40.729  34.281  18.571 0.2000000030
112272  40.876  34.932  18.948 0.2000000030
111051  51.627  34.881  16.202 0.5000000000
112271  41.422  35.366  18.605 0.2000000030
111055  51.352  33.665  15.230 0.6000000238
111680  51.486  35.437  16.365 0.5000000000
112291  51.037  35.517  16.721 0.5000000000
112270  42.031  35.838  18.107 0.2000000030
143906  43.040  36.610  17.224 0.2000000030
112301  51.793  35.997  15.681 0.5000000000
112911  42.561  36.581  17.792 0.2000000030
112916  43.608  37.167  16.798 0.2000000030
111683  53.292  35.753  13.164 0.5000000000
112927  51.382  36.426  14.861 0.5000000000
112939  50.575  36.842  13.727 0.5000000000
146036  51.168  37.569  12.982 0.5000000000
113579  50.186  37.593  12.868 0.4000000060
113580  49.035  37.812  12.869 0.4000000060
112314  54.147  35.690  11.119 0.5000000000
113578  52.197  38.204  12.511 0.5000000000
114277  51.607  39.958  11.213 0.4000000060
113594  50.307  38.809  12.155 0.4000000060
113595  49.029  39.014  12.371 0.4000000060
113596  48.282  39.585  12.618 0.4000000060
114265  47.594  39.876  13.235 0.4000000060
113593  52.278  39.003  11.514 0.5000000000
114278  50.182  39.943  11.627 0.4000000060
114279  49.039  40.277  11.911 0.4000000060
114880  48.097  40.906  12.704 0.4000000060
114266  47.382  40.436  14.142 0.3000000119
115429  48.175  41.268  11.983 0.4000000060
114881  47.663  41.134  13.294 0.4000000060
114872  47.457  41.018  14.188 0.3000000119
106379  43.666  25.513  3.487 0.2000000030
106364  43.264  26.077  4.208 0.2000000030
106378  44.525  25.909  3.403 0.2000000030
107105  43.701  26.979  4.781 0.2000000030
106377  45.463  26.454  3.263 0.2000000030
107115  44.900  26.926  3.964 0.2000000030
107104  44.460  27.440  4.569 0.2000000030
107123  46.712  27.065  2.785 0.2000000030
107114  45.539  27.404  3.794 0.2000000030
139690  47.904  26.719  1.464 0.3000000119
151981  51.083  34.964  17.298 0.5000000000
111684  52.522  35.212  14.056 0.5000000000
112300  52.466  36.340  14.865 0.5000000000
112926  52.363  36.607  14.630 0.5000000000
113525  43.106  37.138  17.562 0.2000000030
145500  43.653  37.575  17.391 0.1000000015
149378  52.750  37.124  14.011 0.5000000000
112937  53.075  36.942  14.031 0.5000000000
141890  52.984  37.749  12.993 0.5000000000
113592  52.871  38.629  11.494 0.5000000000
113609  52.757  38.901  11.011 0.5000000000
111707  53.891  35.122  10.289 0.5000000000
113610  52.096  39.172  10.779 0.4000000060
114890  50.701  41.054  10.922 0.4000000060
114879  50.132  40.956  11.263 0.4000000060
112965  52.307  38.339  10.820 0.3000000119
114898  49.949  41.146  10.655 0.4000000060
144146  48.980  41.452  11.201 0.4000000060
115430  47.411  41.331  12.396 0.3000000119
114290  48.578  39.193  10.603 0.4000000060
114306  49.398  40.373  10.426 0.4000000060
115445  48.306  41.384  10.854 0.4000000060
115443  46.776  41.112  11.366 0.4000000060
112310  52.893  36.274  14.303 0.5000000000
112309  53.449  36.638  13.198 0.5000000000
143232  53.839  36.868  12.238 0.5000000000
112936  53.503  37.313  12.705 0.5000000000
113591  53.399  38.024  11.799 0.5000000000
112963  53.411  37.805  11.228 0.5000000000
112964  53.085  38.256  10.997 0.5000000000
141059  52.315  37.174  10.915 0.3000000119
113612  49.061  38.293  11.042 0.4000000060
114900  47.583  40.911  10.584 0.4000000060
135874  53.815  36.813  11.053 0.5000000000
111699  53.655  36.029  10.627 0.5000000000
112326  52.551  36.066  10.798 0.5000000000
111066  51.867  34.203  10.826 0.4000000060
130925  51.544  34.981  11.178 0.3000000119
150329  51.259  33.598  11.115 0.4000000060
111067  50.683  34.008  11.461 0.4000000060
109044  39.910  31.062  17.565 0.2000000030
135269  45.945  27.452  10.571 0.2000000030
106323  44.648  26.586  7.547 0.1000000015
105581  42.558  24.383  3.044 0.2000000030
106389  46.652  26.156  2.226 0.3000000119
106388  47.320  26.247  1.768 0.3000000119
107829  48.672  28.105  0.898 0.3000000119
132855  39.684  18.140  27.372 0.1000000015
134644  41.037  15.970  27.559 0.1000000015
100236  49.950  18.324  29.092 0.1000000015
99461  48.610  17.472  30.427 0.1000000015
97281  42.191  14.577  29.164 0.1000000015
100934  49.578  19.050  29.447 0.1000000015
140486  42.163  18.763  27.544 0.1000000015
103099  41.052  22.583  27.823 0.1000000015
102358  47.523  20.889  28.928 0.1000000015
106954  38.478  27.886  23.247 0.2000000030
107655  39.475  28.676  22.575 0.2000000030
104715  41.222  23.854  7.023 0.1000000015
102352  46.126  21.856  29.227 0.1000000015
105298  44.408  25.550  28.606 0.2000000030
127482  44.058  24.647  28.834 0.2000000030
130725  43.798  23.018  28.867 0.1000000015
103987  40.142  23.148  5.263 0.2000000030
105299  43.499  25.329  28.440 0.2000000030
110385  40.835  32.006  16.689 0.2000000030
111044  42.001  33.055  16.624 0.2000000030
110382  43.324  32.862  15.956 0.2000000030
110381  44.179  32.712  15.749 0.2000000030
110371  41.205  32.833  16.898 0.2000000030
135475  42.702  33.208  16.399 0.2000000030
111664  47.682  34.272  16.858 0.4000000060
136056  44.811  34.474  16.653 0.2000000030
111675  45.939  34.782  16.319 0.3000000119
107786  42.477  28.562  6.631 0.2000000030
107069  41.078  27.747  7.160 0.2000000030
108471  43.325  30.025  6.441 0.2000000030
109156  43.816  30.732  6.253 0.2000000030
109164  45.094  30.306  5.307 0.2000000030
107796  44.295  28.855  5.430 0.2000000030
109179  46.692  30.694  3.784 0.2000000030
112283  41.793  34.920  18.112 0.2000000030
111672  49.470  35.079  17.147 0.4000000060
112294  47.508  35.152  15.809 0.3000000119
112306  45.818  36.171  14.856 0.3000000119
112941  48.190  37.061  13.476 0.3000000119
107815  45.871  28.190  3.952 0.2000000030
108502  47.741  29.352  2.477 0.2000000030
107813  47.208  28.852  3.068 0.2000000030
112928  49.973  36.231  14.586 0.5000000000
144869  46.661  37.928  13.829 0.3000000119
113564  46.930  39.461  14.171 0.3000000119
114871  47.632  40.902  13.772 0.4000000060
107113  46.220  27.445  3.362 0.2000000030
107122  47.378  27.164  2.264 0.2000000030
111641  40.332  34.392  19.260 0.2000000030
112938  52.017  37.235  13.807 0.5000000000
136324  51.492  38.617  12.199 0.4000000060
115428  49.053  41.153  11.571 0.4000000060
115442  47.659  41.408  11.531 0.4000000060
106363  44.109  26.442  4.144 0.2000000030
111679  52.139  35.742  15.378 0.5000000000
114896  50.909  40.811  10.802 0.3000000119
133570  53.311  37.147  10.915 0.5000000000
143865  36.389  20.877  26.212 0.1000000015
101704  35.839  20.428  26.047 0.1000000015
100997  35.034  19.471  22.109 0.2000000030
100321  35.792  19.089  21.696 0.2000000030
126653  39.539  20.169  21.488 0.3000000119
149983  37.224  19.885  21.469 0.2000000030
101706  35.131  20.763  25.533 0.1000000015
102386  35.861  21.183  25.857 0.1000000015
100976  35.032  19.831  25.710 0.1000000015
127412  34.074  20.170  23.624 0.1000000015
100299  34.407  18.902  22.679 0.2000000030
101015  35.733  19.987  21.702 0.2000000030
129583  37.430  21.245  21.468 0.2000000030
101745  36.648  20.501  21.529 0.2000000030
103160  38.873  22.436  21.296 0.2000000030
101707  34.428  20.335  25.120 0.1000000015
102391  34.598  21.158  24.944 0.1000000015
101711  34.225  20.659  24.366 0.1000000015
136611  33.841  19.216  23.629 0.2000000030
102395  34.392  21.472  24.206 0.1000000015
101723  34.281  20.952  23.535 0.2000000030
100998  34.365  19.792  22.801 0.2000000030
145545  34.368  20.505  22.916 0.2000000030
102435  35.603  21.623  21.787 0.2000000030
102419  35.086  21.361  22.129 0.2000000030
102434  36.396  21.565  21.545 0.2000000030
101746  35.698  20.905  21.756 0.2000000030
131657  37.282  22.109  21.399 0.1000000015
102390  35.205  21.594  25.378 0.1000000015
103124  34.486  22.268  23.998 0.2000000030
102406  34.430  21.702  23.378 0.1000000015
101735  34.575  21.140  22.729 0.2000000030
103162  36.441  22.497  21.489 0.1000000015
106078  47.003  26.116  29.246 0.1000000015
106076  50.493  27.059  29.777 0.1000000015
106094  48.156  26.750  28.651 0.1000000015
106849  51.015  27.673  30.439 0.1000000015
106095  46.943  26.583  28.440 0.1000000015
106093  49.851  27.233  28.939 0.1000000015
109013  41.991  30.247  22.193 0.1000000015
108316  43.755  29.196  23.824 0.1000000015
109005  43.838  30.307  23.088 0.1000000015
109679  42.702  30.689  22.555 0.1000000015
109681  41.160  31.434  21.956 0.1000000015
109675  41.503  31.901  22.613 0.1000000015
110346  39.845  32.342  21.335 0.1000000015
128376  40.498  32.960  22.675 0.1000000015
136661  39.708  33.032  21.499 0.1000000015
111630  39.996  34.512  20.140 0.1000000015
111013  39.640  33.609  21.169 0.1000000015
111618  40.046  34.938  21.083 0.1000000015
112247  40.396  35.360  20.416 0.1000000015
137706  40.414  35.594  21.056 0.1000000015
112260  40.559  35.125  19.649 0.1000000015
112259  41.067  35.607  19.242 0.1000000015
112888  41.246  36.178  19.527 0.1000000015
113550  44.797  37.326  15.520 0.2000000030
113549  45.758  38.281  14.911 0.2000000030
114254  47.388  40.785  14.677 0.2000000030
112327  51.246  35.898  11.334 0.2000000030
128307  51.307  38.128  10.862 0.2000000030
114255  47.132  40.124  14.892 0.2000000030
111701  50.414  34.922  11.652 0.3000000119
145713  50.247  35.678  11.658 0.2000000030
114288  51.506  40.213  10.847 0.2000000030
130919  49.463  35.005  12.093 0.3000000119
112966  50.099  37.172  11.387 0.2000000030
114289  50.165  39.698  10.526 0.2000000030
112317  48.683  35.575  12.188 0.3000000119
112316  49.681  36.044  11.770 0.3000000119
138200  47.209  40.773  14.924 0.3000000119
110409  49.450  32.548  11.718 0.3000000119
111068  49.694  33.442  11.840 0.3000000119
115424  47.294  41.236  13.484 0.2000000030
114874  46.119  40.560  13.878 0.3000000119
111061  48.968  33.991  12.241 0.3000000119
112967  49.204  37.309  11.452 0.3000000119
115431  46.731  41.128  12.377 0.3000000119
114882  46.410  40.854  13.076 0.2000000030
111691  48.627  34.717  12.346 0.3000000119
112968  48.098  37.198  11.564 0.3000000119
114892  45.910  40.628  11.696 0.3000000119
114291  47.227  39.085  10.709 0.3000000119
114901  46.621  40.721  10.743 0.3000000119
114310  45.040  39.959  10.742 0.3000000119
114883  45.249  40.210  12.204 0.3000000119
114884  44.112  39.618  11.213 0.3000000119
114267  44.525  39.616  12.724 0.3000000119
114256  44.909  39.680  14.028 0.3000000119
114268  43.716  38.895  13.244 0.3000000119
111690  49.804  34.246  11.902 0.3000000119
109770  48.605  31.139  11.034 0.3000000119
102433  38.185  21.841  21.418 0.2000000030
103159  39.780  22.274  21.372 0.2000000030
103157  41.623  22.464  21.384 0.4000000060
103144  35.219  22.189  22.046 0.1000000015
135990  37.180  22.942  21.265 0.1000000015
102420  34.713  21.892  22.596 0.2000000030
106079  45.942  25.837  29.133 0.1000000015
106096  45.928  26.302  28.571 0.1000000015
108325  43.437  29.689  23.228 0.1000000015
152404  39.592  33.094  19.612 0.1000000015
110345  40.406  31.869  21.709 0.1000000015
110359  39.551  32.875  20.860 0.1000000015
134025  39.601  33.558  20.304 0.1000000015
114873  47.280  41.112  14.327 0.2000000030
114305  50.628  40.734  10.652 0.2000000030
141269  50.966  36.874  11.349 0.2000000030
114307  47.991  40.136  10.466 0.3000000119
114308  46.759  40.066  10.484 0.3000000119
101734  34.939  20.444  22.221 0.2000000030
106888  51.155  27.973  29.525 0.1000000015
106077  48.848  26.439  29.499 0.1000000015
107541  51.031  28.261  29.861 0.1000000015
109680  41.924  31.081  22.215 0.1000000015
150226  43.205  30.176  22.833 0.1000000015
109674  42.309  31.622  22.807 0.1000000015
110332  40.753  32.257  22.370 0.1000000015
110333  40.096  32.762  22.056 0.1000000015
111631  39.741  34.216  20.847 0.1000000015
111619  39.872  34.269  21.550 0.1000000015
128698  40.125  34.848  21.877 0.1000000015
113611  50.708  38.694  10.751 0.2000000030
112952  49.132  36.415  11.768 0.3000000119
114243  47.000  39.985  15.442 0.2000000030
110399  48.805  33.066  12.110 0.3000000119
114893  44.931  40.101  11.071 0.3000000119
114865  47.210  40.766  15.287 0.1000000015
114866  46.493  40.764  14.905 0.2000000030
113613  47.730  38.096  11.191 0.2000000030
109116  48.178  30.771  10.405 0.2000000030
112953  48.344  36.378  11.907 0.2000000030
140079  47.081  37.164  11.625 0.2000000030
113614  46.579  38.099  11.244 0.2000000030
114292  46.072  39.174  10.727 0.2000000030
137455  47.928  34.892  12.443 0.2000000030
110410  48.481  32.325  11.808 0.2000000030
111062  47.572  33.461  12.319 0.2000000030
114309  45.749  40.054  10.616 0.2000000030
142421  47.451  36.425  11.994 0.2000000030
113615  45.487  38.237  11.154 0.2000000030
114293  45.083  39.354  10.749 0.2000000030
109130  47.868  30.609  9.737 0.2000000030
114257  43.868  38.875  14.286 0.2000000030
114294  44.271  39.554  10.810 0.2000000030
138473  47.787  31.276  10.869 0.2000000030
112318  47.078  35.014  12.501 0.2000000030
112954  46.852  35.806  12.315 0.2000000030
112969  46.038  37.076  11.714 0.2000000030
113616  44.427  38.603  10.857 0.2000000030
110437  46.354  32.268  9.454 0.2000000030
110451  46.501  32.666  8.619 0.2000000030
111083  45.891  32.937  9.244 0.2000000030
111694  45.588  34.428  12.275 0.2000000030
112320  45.377  35.271  12.250 0.2000000030
110401  47.116  32.803  11.999 0.2000000030
146275  46.680  36.487  12.006 0.2000000030
150363  45.520  36.553  11.887 0.2000000030
147260  43.441  38.906  10.708 0.2000000030
114295  43.160  39.099  10.876 0.2000000030
109771  47.426  31.129  10.233 0.2000000030
109782  47.379  31.068  9.180 0.2000000030
110438  45.909  32.562  9.969 0.2000000030
110424  45.793  32.578  10.690 0.2000000030
111704  43.777  34.815  11.089 0.2000000030
112329  43.340  35.572  10.833 0.2000000030
134930  44.741  33.839  9.995 0.2000000030
111708  44.246  34.216  10.784 0.2000000030
111084  45.383  33.156  10.127 0.2000000030
111094  46.133  33.543  8.379 0.2000000030
134274  45.313  33.597  9.140 0.2000000030
111085  44.676  34.196  9.158 0.2000000030
111713  43.689  34.821  9.633 0.2000000030
110460  46.840  33.131  7.900 0.2000000030
110518  48.512  32.578  1.919 0.2000000030
131018  47.343  31.939  3.188 0.2000000030
111063  46.699  33.459  12.256 0.2000000030
111064  45.817  33.596  12.083 0.2000000030
112970  44.941  37.151  11.520 0.2000000030
139927  43.857  37.532  11.091 0.2000000030
130993  46.853  32.310  11.541 0.2000000030
110402  46.213  32.817  11.683 0.2000000030
109772  46.890  31.651  10.607 0.2000000030
111070  44.794  33.680  11.243 0.2000000030
112983  42.176  36.402  9.622 0.2000000030
112337  43.192  35.306  9.639 0.2000000030
112333  42.750  35.828  10.158 0.2000000030
111107  46.660  33.802  7.720 0.2000000030
111108  46.194  34.235  7.776 0.2000000030
111095  45.400  34.276  8.328 0.2000000030
111719  44.531  34.700  8.565 0.2000000030
111173  47.877  33.167  2.517 0.2000000030
110503  47.347  32.811  3.112 0.2000000030
112321  44.630  35.330  11.940 0.2000000030
111702  45.048  33.913  11.849 0.2000000030
111695  44.930  34.627  12.079 0.2000000030
112971  44.302  36.267  11.616 0.2000000030
110412  45.747  32.716  11.197 0.2000000030
112972  43.455  36.455  11.128 0.2000000030
109755  46.360  32.179  11.087 0.2000000030
112328  43.906  35.404  11.460 0.2000000030
112978  42.784  36.621  10.564 0.2000000030
113629  41.504  38.074  9.887 0.2000000030
111703  44.414  34.495  11.516 0.2000000030
112980  41.732  37.260  9.711 0.2000000030
112338  42.592  35.808  9.428 0.2000000030
111720  43.726  35.069  8.886 0.2000000030
112344  43.064  35.496  8.970 0.2000000030
111172  48.471  33.592  2.000 0.2000000030
112398  48.335  35.191  1.991 0.2000000030
112343  43.467  35.688  8.233 0.2000000030
112350  44.208  35.676  7.711 0.2000000030
111799  49.919  34.557  1.347 0.2000000030
111730  45.798  34.757  7.646 0.2000000030
111731  45.032  34.919  7.882 0.2000000030
111800  48.968  34.936  1.728 0.2000000030
111789  47.703  34.986  2.378 0.2000000030
113042  48.480  36.611  2.093 0.2000000030
128849  47.949  36.994  2.119 0.2000000030
113032  47.260  36.948  2.219 0.2000000030
112992  42.739  36.400  7.831 0.2000000030
112987  42.605  35.949  8.686 0.2000000030
134935  48.787  35.024  5.747 0.2000000030
112362  48.205  35.453  5.925 0.2000000030
113000  46.340  36.435  6.197 0.2000000030
113662  45.549  36.718  6.233 0.2000000030
113001  45.020  36.415  6.638 0.2000000030
145262  44.763  35.927  7.182 0.2000000030
113655  42.560  37.160  7.132 0.2000000030
112993  41.819  36.972  7.781 0.2000000030
112361  49.419  35.296  5.269 0.2000000030
112353  46.720  35.715  6.539 0.2000000030
112354  45.736  35.927  6.736 0.2000000030
112348  45.431  35.351  7.371 0.2000000030
112991  43.808  36.188  7.481 0.2000000030
112397  51.289  35.874  2.133 0.2000000030
112406  49.515  35.465  1.730 0.2000000030
112407  48.611  35.788  1.936 0.2000000030
113041  50.093  36.037  1.960 0.2000000030
148460  48.944  36.890  2.144 0.2000000030
112408  47.968  35.665  2.112 0.2000000030
114373  49.924  38.422  2.269 0.2000000030
114374  48.958  38.137  2.140 0.2000000030
129759  50.552  36.074  4.630 0.2000000030
113015  49.566  36.036  4.954 0.2000000030
113007  48.716  35.860  5.457 0.2000000030
113670  47.464  36.894  5.455 0.2000000030
113008  46.735  36.829  5.722 0.2000000030
113672  45.282  37.441  5.740 0.2000000030
113002  44.270  36.584  6.819 0.2000000030
113664  43.915  37.256  6.424 0.2000000030
113029  52.359  36.512  2.623 0.2000000030
113700  51.742  37.537  2.687 0.2000000030
114372  51.256  38.540  2.531 0.2000000030
113014  51.264  36.774  4.420 0.2000000030
113679  49.984  36.965  4.627 0.2000000030
113016  48.916  36.664  4.948 0.2000000030
114349  45.383  38.755  4.741 0.2000000030
114338  44.970  38.202  5.308 0.2000000030
114340  43.261  38.887  5.405 0.2000000030
114921  42.700  39.583  5.350 0.2000000030
114333  42.250  38.494  6.162 0.2000000030
113680  48.208  37.255  4.991 0.2000000030
113671  46.728  37.474  5.332 0.2000000030
114337  45.922  37.975  5.169 0.2000000030
114339  44.123  38.459  5.364 0.2000000030
113674  43.430  37.968  5.942 0.2000000030
130618  43.165  37.408  6.586 0.2000000030
113666  41.767  38.269  6.584 0.2000000030
113699  52.999  37.517  2.949 0.2000000030
114371  52.609  38.502  2.820 0.2000000030
140131  49.024  37.567  4.593 0.2000000030
132057  48.195  38.111  4.511 0.2000000030
113682  46.724  38.111  4.850 0.2000000030
114920  43.411  39.724  4.909 0.2000000030
115459  42.853  40.284  4.990 0.1000000015
114922  41.985  39.553  5.725 0.2000000030
114914  41.303  39.568  6.207 0.2000000030
114370  53.204  38.441  3.125 0.2000000030
141294  49.930  37.951  4.481 0.2000000030
114347  47.305  38.669  4.430 0.2000000030
114931  45.744  39.573  4.293 0.1000000015
142580  48.280  39.010  4.172 0.2000000030
128588  44.986  40.198  4.250 0.2000000030
113678  50.945  37.637  4.492 0.2000000030
114343  53.265  39.294  3.770 0.2000000030
130359  44.008  42.200  4.460 0.2000000030
115468  45.761  40.466  3.955 0.2000000030
115973  44.580  41.632  4.256 0.2000000030
115992  45.973  41.261  3.726 0.2000000030
115469  45.146  41.045  3.960 0.2000000030
116465  44.754  42.431  4.322 0.2000000030
117520  43.819  44.094  5.718 0.2000000030
116996  44.225  43.760  5.231 0.2000000030
117008  44.317  43.095  4.687 0.2000000030
117519  44.610  44.372  5.565 0.2000000030
131792  49.085  34.073  1.573 0.2000000030
113030  50.835  36.696  2.374 0.2000000030
110519  47.843  32.275  2.568 0.2000000030
142878  47.723  35.680  12.292 0.2000000030
114244  45.049  39.888  14.896 0.2000000030
151700  43.719  39.383  10.833 0.2000000030
113617  42.986  37.778  10.646 0.2000000030
136994  47.829  34.054  2.448 0.2000000030
132434  49.164  36.255  1.973 0.2000000030
113669  48.237  36.548  5.355 0.2000000030
113009  46.087  37.135  5.716 0.2000000030
113673  44.402  37.691  5.806 0.2000000030
113701  50.358  37.568  2.425 0.2000000030
113031  49.680  36.786  2.240 0.2000000030
114332  42.768  38.421  5.911 0.2000000030
134415  52.378  39.498  2.523 0.2000000030
113681  47.426  37.748  4.912 0.2000000030
147757  44.647  38.784  4.911 0.2000000030
114930  46.718  39.465  4.176 0.1000000015
114933  44.176  39.941  4.516 0.1000000015
148265  46.346  40.067  3.967 0.2000000030
115470  44.380  40.780  4.363 0.2000000030
115974  43.797  41.351  4.512 0.1000000015
115972  45.495  42.031  3.955 0.2000000030
117506  43.541  44.457  6.362 0.1000000015
140436  45.624  34.799  -3.493 0.1000000015
109122  29.002  30.118  10.225 0.1000000015
109133  29.091  30.856  9.970 0.1000000015
127488  28.631  29.038  9.844 0.1000000015
146090  28.720  29.696  9.820 0.1000000015
108444  28.556  29.584  9.100 0.1000000015
113072  43.158  36.487  -0.861 0.1000000015
112415  42.101  35.860  0.143 0.1000000015
126599  28.477  27.929  9.284 0.1000000015
135945  43.363  37.325  -0.845 0.1000000015
113088  43.737  36.727  -1.431 0.1000000015
112427  42.992  35.638  -0.795 0.1000000015
146941  42.506  35.480  -0.338 0.1000000015
113773  43.865  37.520  -1.341 0.1000000015
113087  44.450  37.141  -2.064 0.1000000015
112439  43.535  35.827  -1.366 0.1000000015
111813  42.766  34.811  -0.633 0.1000000015
114386  49.370  39.134  1.908 0.1000000015
132476  44.185  36.014  -1.909 0.1000000015
112438  43.901  35.103  -1.802 0.1000000015
114966  48.326  39.306  1.483 0.1000000015
147880  44.719  38.076  -2.061 0.1000000015
113783  45.224  37.692  -2.572 0.1000000015
113101  45.232  36.805  -2.823 0.1000000015
132530  44.551  35.203  -2.396 0.1000000015
115511  48.682  40.205  0.929 0.1000000015
115522  47.163  40.434  0.150 0.1000000015
114990  46.300  39.701  -1.854 0.1000000015
114416  46.055  39.070  -2.459 0.1000000015
113798  45.882  37.351  -3.244 0.1000000015
113114  45.884  36.474  -3.393 0.1000000015
136700  45.391  36.062  -3.050 0.1000000015
111836  44.988  34.363  -2.989 0.1000000015
115521  48.404  40.640  0.277 0.1000000015
115530  46.867  40.450  -0.541 0.1000000015
115541  46.598  40.211  -1.242 0.1000000015
114431  45.945  38.260  -2.954 0.1000000015
140336  46.662  36.824  -3.666 0.1000000015
115529  48.082  40.822  -0.403 0.1000000015
115540  47.841  40.680  -1.267 0.1000000015
115560  47.203  40.153  -1.909 0.1000000015
115006  46.998  39.499  -2.568 0.1000000015
114430  46.861  38.753  -3.129 0.1000000015
112461  45.919  35.559  -3.595 0.1000000015
115005  48.005  39.909  -2.549 0.1000000015
131496  47.736  38.396  -3.644 0.1000000015
113797  46.898  37.785  -3.590 0.1000000015
151764  47.265  36.286  -4.108 0.1000000015
111845  45.668  34.076  -3.807 0.1000000015
111846  45.179  33.551  -3.428 0.1000000015
111217  45.663  33.259  -4.198 0.1000000015
105469  33.695  25.572  12.007 0.1000000015
106262  33.531  26.409  11.798 0.1000000015
105470  32.877  25.961  12.330 0.1000000015
106243  32.233  26.728  12.437 0.1000000015
106244  31.447  26.578  12.537 0.1000000015
142116  30.876  28.790  12.357 0.1000000015
109106  30.422  30.285  11.676 0.1000000015
110431  31.472  32.738  10.481 0.1000000015
109776  31.095  32.174  10.942 0.1000000015
109121  29.448  30.551  10.665 0.1000000015
111737  35.392  34.500  7.649 0.1000000015
111738  34.589  34.297  7.677 0.1000000015
111091  32.487  33.553  9.658 0.1000000015
110443  30.907  32.885  9.837 0.1000000015
109788  29.323  31.573  9.641 0.1000000015
111774  37.422  34.385  4.872 0.1000000015
135897  37.095  34.479  5.465 0.1000000015
111766  35.756  34.131  6.003 0.1000000015
111739  33.736  34.013  7.625 0.1000000015
140709  32.130  33.634  9.063 0.1000000015
110444  30.271  32.601  9.604 0.1000000015
111783  39.232  34.867  3.299 0.1000000015
142485  38.655  34.431  3.722 0.1000000015
111123  34.884  33.881  6.325 0.1000000015
111111  32.998  33.695  7.146 0.1000000015
111113  31.562  33.526  7.835 0.1000000015
109794  29.041  31.816  8.849 0.1000000015
109789  28.801  31.084  9.193 0.1000000015
113044  41.582  36.659  1.546 0.1000000015
113058  41.744  36.344  0.798 0.1000000015
111791  40.083  34.877  2.335 0.1000000015
111793  39.050  33.917  3.094 0.1000000015
111137  36.052  33.660  5.283 0.1000000015
111139  34.384  33.325  5.593 0.1000000015
146659  31.667  33.474  7.142 0.1000000015
110454  30.061  32.975  8.315 0.1000000015
109804  28.890  32.012  7.983 0.1000000015
134241  28.424  29.828  8.286 0.1000000015
113057  42.282  36.770  0.291 0.1000000015
112416  41.614  35.383  0.649 0.1000000015
111803  40.117  34.012  1.992 0.1000000015
113761  42.805  37.098  -0.282 0.1000000015
111808  41.566  34.390  0.598 0.1000000015
133323  40.656  34.182  1.492 0.1000000015
111807  42.149  34.810  0.019 0.1000000015
114418  44.266  38.100  -1.482 0.1000000015
140192  43.324  34.969  -1.210 0.1000000015
111812  43.156  34.136  -0.979 0.1000000015
140031  49.362  39.892  1.400 0.1000000015
113724  47.687  37.688  2.031 0.1000000015
114387  48.290  38.379  1.893 0.1000000015
114408  44.802  38.686  -1.584 0.1000000015
111824  44.248  34.312  -2.223 0.1000000015
115510  50.524  40.576  0.965 0.1000000015
115520  50.253  40.822  0.389 0.1000000015
114976  47.557  40.162  0.624 0.1000000015
114984  45.301  39.595  -0.897 0.1000000015
111213  44.519  33.377  -2.731 0.1000000015
115528  49.818  41.037  -0.233 0.1000000015
116030  49.543  41.124  -0.970 0.1000000015
115523  46.168  40.170  0.045 0.1000000015
115531  45.956  40.034  -0.661 0.1000000015
115542  45.884  39.812  -1.252 0.1000000015
115538  51.501  41.014  -2.258 0.1000000015
115539  49.606  40.777  -1.842 0.1000000015
115559  48.170  40.425  -1.973 0.1000000015
115558  50.505  40.327  -2.801 0.1000000015
141126  48.980  40.282  -2.428 0.1000000015
115004  49.269  39.775  -3.094 0.1000000015
113796  48.238  37.664  -4.149 0.1000000015
150762  46.617  36.027  -3.809 0.1000000015
145362  46.681  35.363  -4.084 0.1000000015
111218  45.072  32.720  -3.607 0.1000000015
115575  50.640  39.650  -3.503 0.1000000015
115019  51.086  39.261  -4.105 0.1000000015
114429  49.032  38.412  -4.091 0.1000000015
114445  49.714  37.472  -4.563 0.1000000015
113816  48.918  36.775  -4.620 0.1000000015
113113  47.318  35.643  -4.373 0.1000000015
112460  46.327  34.663  -4.190 0.1000000015
110579  45.388  31.847  -4.334 0.1000000015
139692  44.725  31.950  -3.423 0.1000000015
106280  34.684  26.247  10.893 0.1000000015
106261  34.170  26.820  11.376 0.1000000015
106242  32.909  26.959  12.117 0.1000000015
107044  34.761  27.204  10.855 0.1000000015
107031  34.230  27.785  11.349 0.1000000015
107032  33.537  27.355  11.726 0.1000000015
107021  32.962  27.758  12.059 0.1000000015
107023  31.675  27.382  12.499 0.1000000015
107052  36.419  27.344  9.432 0.1000000015
107022  32.376  27.567  12.350 0.1000000015
132927  31.896  28.050  12.475 0.1000000015
107733  31.670  28.714  12.456 0.1000000015
107062  38.309  27.391  8.368 0.1000000015
107051  37.087  27.619  9.136 0.1000000015
108413  32.134  29.399  12.333 0.1000000015
108414  31.343  29.442  12.328 0.1000000015
106340  39.570  25.892  6.277 0.1000000015
107084  39.952  26.634  6.825 0.1000000015
107072  38.790  26.853  7.751 0.1000000015
107061  39.099  27.670  8.197 0.1000000015
109094  31.699  30.131  12.217 0.1000000015
143106  31.956  30.877  11.916 0.1000000015
106339  40.300  26.161  6.065 0.1000000015
107071  39.556  27.136  7.543 0.1000000015
107070  40.314  27.438  7.347 0.1000000015
109759  32.249  31.599  11.544 0.1000000015
109760  31.315  31.509  11.450 0.1000000015
111715  34.713  34.162  9.107 0.1000000015
111080  33.088  33.370  10.203 0.1000000015
111736  36.351  34.671  7.534 0.1000000015
111724  35.057  34.384  8.399 0.1000000015
111716  33.874  34.073  9.090 0.1000000015
112394  38.966  35.185  3.963 0.1000000015
111763  38.102  34.871  4.827 0.1000000015
112392  40.219  35.898  3.201 0.1000000015
112393  39.595  35.536  3.600 0.1000000015
112383  38.790  35.286  4.693 0.1000000015
113747  42.074  37.092  1.038 0.1000000015
113045  41.041  36.250  2.016 0.1000000015
111152  36.422  33.251  4.611 0.1000000015
111153  35.630  33.033  4.786 0.1000000015
111125  33.158  33.490  6.361 0.1000000015
111127  31.276  33.355  6.548 0.1000000015
132976  29.503  32.622  7.682 0.1000000015
113760  43.166  37.754  -0.241 0.1000000015
111164  38.383  33.537  3.461 0.1000000015
111166  36.868  32.842  3.960 0.1000000015
111140  33.491  33.275  5.627 0.1000000015
111142  31.646  33.299  5.783 0.1000000015
110463  29.651  32.795  6.810 0.1000000015
114403  43.703  38.164  -0.732 0.1000000015
111174  39.470  33.503  2.410 0.1000000015
111175  38.808  33.084  2.775 0.1000000015
111165  37.654  33.189  3.757 0.1000000015
111184  41.068  33.858  1.047 0.1000000015
114402  44.024  38.835  -0.230 0.1000000015
111825  43.637  34.289  -1.592 0.1000000015
111192  41.961  33.926  0.166 0.1000000015
111193  41.488  33.485  0.514 0.1000000015
111185  40.496  33.406  1.393 0.1000000015
145393  51.062  39.558  2.176 0.1000000015
114965  50.653  40.146  1.577 0.1000000015
114409  44.326  38.784  -0.965 0.1000000015
111196  42.505  33.843  -0.399 0.1000000015
115509  52.288  41.069  0.963 0.1000000015
114967  47.476  39.577  1.140 0.1000000015
114985  44.683  39.274  -0.526 0.1000000015
111203  43.830  33.537  -1.966 0.1000000015
152411  43.405  33.639  -1.392 0.1000000015
116029  51.422  41.400  -0.725 0.1000000015
114977  46.634  39.804  0.735 0.1000000015
114978  45.693  39.645  0.556 0.1000000015
116038  51.486  41.346  -1.429 0.1000000015
115573  51.574  40.675  -3.379 0.1000000015
115018  51.420  39.869  -4.063 0.1000000015
112487  48.022  35.440  -5.145 0.1000000015
152110  47.443  34.955  -5.084 0.1000000015
112488  46.855  34.804  -5.760 0.1000000015
111875  46.392  33.916  -6.049 0.1000000015
111237  46.231  33.055  -6.256 0.1000000015
110570  44.444  32.455  -2.895 0.1000000015
110571  43.890  32.641  -2.272 0.1000000015
114444  50.563  38.294  -4.566 0.1000000015
139507  50.672  37.374  -4.892 0.1000000015
113815  50.079  36.837  -4.883 0.1000000015
113123  49.927  36.628  -5.034 0.1000000015
138365  47.146  34.978  -4.668 0.1000000015
111861  46.769  34.309  -5.082 0.1000000015
111225  46.038  32.934  -5.350 0.1000000015
115605  51.040  39.330  -4.715 0.1000000015
114443  50.701  38.032  -4.827 0.1000000015
114454  50.427  38.001  -5.304 0.1000000015
113826  49.907  37.391  -5.472 0.1000000015
110585  45.983  31.803  -5.692 0.1000000015
109886  44.026  31.571  -2.660 0.1000000015
109891  45.705  30.954  -5.197 0.1000000015
109892  44.857  31.058  -3.885 0.1000000015
109243  44.866  30.019  -4.004 0.1000000015
109244  44.247  29.609  -3.236 0.1000000015
107043  35.401  27.561  10.382 0.1000000015
107749  34.907  28.127  10.839 0.1000000015
107739  34.396  28.743  11.325 0.1000000015
107740  33.489  28.415  11.767 0.1000000015
107755  36.721  28.131  9.611 0.1000000015
107747  36.345  28.708  10.077 0.1000000015
133169  35.844  29.245  10.494 0.1000000015
143840  35.358  29.661  10.838 0.1000000015
108420  33.822  29.422  11.627 0.1000000015
109103  33.315  30.161  11.770 0.1000000015
108421  32.978  29.349  12.026 0.1000000015
107766  38.534  28.297  8.718 0.1000000015
107753  37.926  28.879  9.282 0.1000000015
108443  37.095  28.899  9.706 0.1000000015
108428  36.691  29.669  10.206 0.1000000015
109757  34.351  31.435  11.274 0.1000000015
109093  32.496  30.166  12.089 0.1000000015
107778  39.855  27.988  7.974 0.1000000015
107764  40.079  28.906  8.262 0.1000000015
108455  38.784  29.206  8.946 0.1000000015
110413  34.166  32.227  11.068 0.1000000015
141181  33.740  31.723  11.346 0.1000000015
109758  33.078  31.639  11.470 0.1000000015
107777  40.586  28.341  7.717 0.1000000015
146295  37.030  33.993  9.051 0.1000000015
111078  34.870  33.174  10.290 0.1000000015
138574  34.299  32.809  10.627 0.1000000015
110414  33.348  32.259  11.144 0.1000000015
111099  37.585  34.153  8.584 0.1000000015
111100  36.319  34.116  9.055 0.1000000015
111088  35.217  33.738  9.668 0.1000000015
111089  34.364  33.761  9.732 0.1000000015
112356  39.073  35.226  6.134 0.1000000015
111749  38.617  34.962  6.769 0.1000000015
128440  35.906  34.472  8.397 0.1000000015
129064  40.071  35.986  3.956 0.1000000015
112367  39.443  35.504  5.283 0.1000000015
112368  38.573  35.237  5.472 0.1000000015
111764  37.767  34.886  5.630 0.1000000015
113024  41.411  36.658  3.281 0.1000000015
113025  40.716  36.294  3.592 0.1000000015
113036  40.863  36.333  2.802 0.1000000015
112382  39.468  35.608  4.363 0.1000000015
114392  43.200  38.297  1.141 0.1000000015
113707  42.290  37.409  2.222 0.1000000015
141411  41.577  36.877  2.383 0.1000000015
145365  43.933  38.704  1.304 0.1000000015
113727  42.930  37.889  2.038 0.1000000015
113746  42.709  37.633  0.488 0.1000000015
114397  43.864  38.790  0.577 0.1000000015
114398  43.380  38.315  0.141 0.1000000015
111176  38.078  32.858  3.051 0.1000000015
147430  45.599  37.576  2.419 0.1000000015
114375  45.390  38.217  2.100 0.1000000015
114970  44.385  39.033  0.988 0.1000000015
111186  39.922  33.073  1.791 0.1000000015
110520  39.185  32.855  1.999 0.1000000015
114979  44.570  39.289  0.287 0.1000000015
110536  40.252  32.745  1.087 0.1000000015
114964  52.137  40.623  1.532 0.1000000015
113725  46.911  37.848  2.040 0.1000000015
113726  46.110  38.037  2.088 0.1000000015
114390  45.644  38.682  1.648 0.1000000015
151938  45.133  39.510  0.426 0.1000000015
111197  41.943  33.151  -0.003 0.1000000015
110550  41.319  32.677  0.264 0.1000000015
114969  45.120  39.262  1.025 0.1000000015
149004  42.216  32.076  -0.736 0.1000000015
139767  42.394  32.833  -0.548 0.1000000015
115519  52.307  41.557  0.426 0.1000000015
116022  51.958  41.497  -0.198 0.1000000015
132777  46.765  39.183  1.340 0.1000000015
114968  46.027  39.253  1.218 0.1000000015
140277  43.394  32.919  -1.546 0.1000000015
116037  51.968  41.793  -1.685 0.1000000015
112515  46.266  35.862  -7.417 0.1000000015
135141  46.391  35.104  -6.753 0.1000000015
111904  45.731  34.789  -7.822 0.1000000015
111889  45.530  33.925  -7.940 0.1000000015
135660  45.171  33.893  -8.252 0.1000000015
110563  43.321  32.006  -1.764 0.1000000015
113840  47.835  37.131  -6.407 0.1000000015
113138  48.148  36.152  -5.690 0.1000000015
113153  47.137  36.450  -6.514 0.1000000015
111888  46.099  34.319  -6.898 0.1000000015
111248  45.891  33.421  -7.070 0.1000000015
111249  45.441  33.237  -7.799 0.1000000015
109882  42.481  31.504  -1.307 0.1000000015
115591  51.597  40.736  -3.661 0.1000000015
115592  50.804  40.116  -4.723 0.1000000015
115045  49.703  38.889  -5.681 0.1000000015
114465  49.541  38.202  -5.816 0.1000000015
114466  48.670  37.905  -6.266 0.1000000015
113827  49.102  36.783  -5.618 0.1000000015
110604  45.848  32.363  -7.122 0.1000000015
109218  43.177  31.124  -1.957 0.1000000015
109913  46.220  30.652  -6.496 0.1000000015
131050  46.195  31.418  -6.888 0.1000000015
109885  44.189  30.537  -3.076 0.1000000015
109900  45.505  30.309  -4.753 0.1000000015
109235  42.852  29.831  -2.286 0.1000000015
109252  46.061  29.946  -5.895 0.1000000015
109253  45.777  29.324  -5.147 0.1000000015
108542  43.463  29.248  -2.758 0.1000000015
109118  36.561  30.659  10.435 0.1000000015
108429  35.931  30.074  10.644 0.1000000015
108419  34.657  29.703  11.246 0.1000000015
152264  34.031  30.169  11.546 0.1000000015
126801  37.920  30.364  9.655 0.1000000015
109117  37.306  30.460  10.041 0.1000000015
109773  37.121  31.293  10.190 0.1000000015
109119  35.790  30.937  10.752 0.1000000015
109756  35.066  31.179  11.090 0.1000000015
109102  34.533  30.627  11.328 0.1000000015
109139  40.343  30.513  8.430 0.1000000015
141302  39.753  30.322  8.720 0.1000000015
109140  39.330  30.773  9.051 0.1000000015
109784  39.132  31.439  9.165 0.1000000015
109132  37.834  31.063  9.792 0.1000000015
109786  37.607  31.880  9.843 0.1000000015
109774  36.351  31.537  10.487 0.1000000015
110425  36.886  32.109  10.220 0.1000000015
145072  34.810  31.842  11.040 0.1000000015
107776  41.305  28.686  7.469 0.1000000015
108462  41.425  29.615  7.656 0.1000000015
108453  40.243  29.768  8.392 0.1000000015
130093  40.857  31.013  8.201 0.1000000015
139393  39.957  31.290  8.657 0.1000000015
109793  39.487  31.972  8.889 0.1000000015
110453  39.402  32.725  8.720 0.1000000015
110439  38.881  32.214  9.193 0.1000000015
110441  37.270  32.701  9.772 0.1000000015
110442  36.577  32.769  10.044 0.1000000015
110426  36.124  32.357  10.391 0.1000000015
108461  42.056  30.027  7.360 0.1000000015
109148  42.033  30.806  7.440 0.1000000015
109802  41.577  31.498  7.711 0.1000000015
137388  41.390  32.361  7.715 0.1000000015
110462  40.933  32.794  7.875 0.1000000015
110452  40.228  32.939  8.274 0.1000000015
111096  39.890  33.719  7.873 0.1000000015
135491  38.373  33.747  8.627 0.1000000015
109157  42.619  30.557  6.978 0.1000000015
109801  42.358  31.366  7.234 0.1000000015
110461  42.131  32.302  7.303 0.1000000015
110472  42.162  33.094  6.999 0.1000000015
111110  40.679  33.482  7.648 0.1000000015
111732  40.231  34.221  7.299 0.1000000015
111748  39.520  34.812  6.861 0.1000000015
111722  38.224  34.394  8.048 0.1000000015
109155  44.284  31.283  5.999 0.1000000015
110480  43.956  32.933  5.904 0.1000000015
110471  42.729  32.740  6.722 0.1000000015
111120  42.496  33.649  6.474 0.1000000015
111760  42.478  34.558  5.820 0.1000000015
112365  41.103  35.520  5.407 0.1000000015
112366  40.318  35.574  5.415 0.1000000015
109819  44.767  31.745  5.599 0.1000000015
111134  44.453  33.519  5.348 0.1000000015
111759  44.007  34.140  5.324 0.1000000015
142414  43.374  34.397  5.496 0.1000000015
112363  43.029  35.255  5.052 0.1000000015
112380  41.322  35.942  4.762 0.1000000015
113019  41.346  36.392  4.059 0.1000000015
113020  40.667  36.118  4.330 0.1000000015
109826  46.277  31.317  4.277 0.1000000015
110478  45.294  32.195  5.156 0.1000000015
111133  45.169  33.075  5.024 0.1000000015
111771  45.150  34.461  4.380 0.1000000015
144190  44.423  34.971  4.535 0.1000000015
112377  44.200  35.691  4.169 0.1000000015
113687  43.115  37.142  3.161 0.1000000015
109832  47.290  31.067  3.241 0.1000000015
109833  46.787  31.604  3.729 0.1000000015
110490  46.315  32.139  4.213 0.1000000015
111148  46.287  32.987  4.095 0.1000000015
111149  45.657  33.578  4.413 0.1000000015
111782  45.879  34.318  3.894 0.1000000015
112390  44.727  36.008  3.623 0.1000000015
113023  44.557  36.715  3.234 0.1000000015
113705  43.429  37.601  2.586 0.1000000015
113706  42.762  37.453  2.610 0.1000000015
111162  46.759  33.316  3.526 0.1000000015
111163  46.248  33.696  3.883 0.1000000015
112388  46.107  35.017  3.435 0.1000000015
114391  44.714  38.640  1.675 0.1000000015
111161  47.296  33.673  2.993 0.1000000015
111790  46.852  35.086  2.882 0.1000000015
112389  45.471  35.578  3.504 0.1000000015
113022  45.318  36.364  3.153 0.1000000015
113704  44.987  37.159  2.807 0.1000000015
110537  39.571  32.633  1.259 0.1000000015
110521  38.402  32.754  2.186 0.1000000015
112399  47.223  35.933  2.431 0.1000000015
113033  46.591  36.566  2.509 0.1000000015
131828  39.937  32.403  0.689 0.1000000015
113034  45.856  36.798  2.695 0.1000000015
110551  40.583  32.381  0.382 0.1000000015
110560  41.144  32.094  -0.082 0.1000000015
109872  40.595  31.796  -0.262 0.1000000015
116028  52.193  41.984  -0.780 0.1000000015
113163  45.628  36.484  -8.330 0.1000000015
112516  45.293  35.373  -8.420 0.1000000015
111918  44.850  34.731  -8.597 0.1000000015
109871  41.483  31.548  -0.696 0.1000000015
116068  51.710  41.181  -3.240 0.1000000015
113841  47.355  38.105  -6.980 0.1000000015
139051  46.666  37.173  -7.383 0.1000000015
113862  44.716  36.871  -8.717 0.1000000015
146973  44.543  35.951  -8.141 0.1000000015
112517  44.717  35.069  -8.477 0.1000000015
111906  44.936  34.313  -8.470 0.1000000015
109883  41.839  30.918  -1.308 0.1000000015
109204  40.541  31.200  -0.853 0.1000000015
115607  49.139  39.656  -5.552 0.1000000015
115055  48.539  38.725  -6.144 0.1000000015
114476  46.778  38.872  -7.516 0.1000000015
113860  45.903  37.598  -8.374 0.1000000015
111890  44.429  34.587  -7.848 0.1000000015
111261  45.144  33.520  -8.062 0.1000000015
109220  41.144  30.779  -1.245 0.1000000015
133682  47.486  39.252  -6.485 0.1000000015
114467  47.570  38.732  -6.718 0.1000000015
109219  42.451  30.532  -1.796 0.1000000015
109926  46.133  30.573  -7.115 0.1000000015
126244  45.870  31.524  -7.322 0.1000000015
109280  46.117  29.878  -7.051 0.1000000015
109265  46.261  29.729  -6.767 0.1000000015
108579  46.225  29.096  -6.526 0.1000000015
147191  46.154  28.612  -5.748 0.1000000015
108543  42.640  28.954  -2.440 0.1000000015
108567  45.892  28.310  -5.190 0.1000000015
108556  45.021  28.999  -4.179 0.1000000015
107859  45.112  27.925  -4.351 0.1000000015
107848  43.360  28.214  -2.952 0.1000000015
146948  53.242  39.412  2.870 0.1000000015
115500  53.408  40.558  2.744 0.1000000015
115502  52.792  41.421  1.535 0.1000000015
109856  39.940  32.084  0.088 0.1000000015
133691  39.875  31.546  -0.483 0.1000000015
150919  39.351  31.885  -0.163 0.1000000015
116036  52.050  42.269  -1.459 0.1000000015
115556  51.694  41.351  -2.596 0.1000000015
114494  44.901  38.983  -9.296 0.1000000015
114487  45.178  38.137  -9.008 0.1000000015
135631  44.485  37.577  -8.951 0.1000000015
113851  44.532  37.323  -8.735 0.1000000015
113139  44.311  36.380  -7.081 0.1000000015
113140  44.113  35.909  -6.270 0.1000000015
116085  49.941  41.055  -4.593 0.1000000015
115047  46.712  39.481  -6.718 0.1000000015
115056  46.849  39.256  -7.083 0.1000000015
115065  46.311  39.247  -8.109 0.1000000015
115071  45.693  39.104  -8.734 0.1000000015
111891  43.881  34.166  -6.981 0.1000000015
115593  49.276  40.346  -5.084 0.1000000015
132731  44.629  33.807  -7.949 0.1000000015
109927  45.743  30.948  -7.248 0.1000000015
111250  44.907  32.998  -7.751 0.1000000015
108530  41.283  29.482  -1.902 0.1000000015
109221  40.376  30.476  -1.386 0.1000000015
108529  42.086  29.656  -2.088 0.1000000015
108580  45.872  29.349  -6.713 0.1000000015
109928  44.778  31.757  -7.046 0.1000000015
110606  44.256  32.739  -6.947 0.1000000015
108531  40.377  29.483  -1.782 0.1000000015
108545  40.930  28.648  -2.137 0.1000000015
107849  42.396  27.953  -2.648 0.1000000015
136831  46.092  28.383  -6.127 0.1000000015
108566  46.214  28.084  -5.929 0.1000000015
114943  53.539  40.013  3.186 0.1000000015
116020  52.408  41.921  0.527 0.1000000015
109857  38.611  31.927  -0.097 0.1000000015
116021  52.486  41.982  -0.114 0.1000000015
109874  38.074  31.327  -0.530 0.1000000015
139719  43.963  38.566  -6.258 0.1000000015
131825  43.824  38.403  -5.304 0.1000000015
114455  44.247  37.745  -5.943 0.1000000015
113817  43.909  37.398  -4.918 0.1000000015
109873  39.018  31.284  -0.634 0.1000000015
116546  51.530  42.085  -2.957 0.1000000015
114477  44.257  38.104  -8.119 0.1000000015
113828  44.326  37.923  -6.987 0.1000000015
112504  43.962  35.018  -6.660 0.1000000015
109875  37.150  31.327  -0.462 0.1000000015
116071  48.373  40.992  -4.384 0.1000000015
115066  45.865  39.746  -8.229 0.1000000015
146089  45.247  39.690  -9.080 0.1000000015
109205  39.731  30.937  -1.069 0.1000000015
115594  46.879  40.259  -4.837 0.1000000015
115057  46.163  39.673  -7.332 0.1000000015
133721  44.243  33.468  -7.312 0.1000000015
132973  39.060  30.639  -1.148 0.1000000015
109206  38.393  30.701  -1.005 0.1000000015
115048  46.199  39.723  -6.610 0.1000000015
109222  39.508  30.075  -1.528 0.1000000015
109223  38.659  30.152  -1.466 0.1000000015
135444  38.000  30.266  -1.398 0.1000000015
110595  43.700  32.174  -6.195 0.1000000015
132917  38.908  29.598  -1.803 0.1000000015
109224  37.268  30.135  -1.610 0.1000000015
109914  44.427  31.067  -6.339 0.1000000015
108532  39.519  29.185  -1.995 0.1000000015
108533  38.149  29.711  -1.933 0.1000000015
108535  36.733  29.876  -2.050 0.1000000015
109267  44.598  29.988  -6.057 0.1000000015
107844  40.147  28.602  -2.250 0.1000000015
107884  46.163  27.544  -5.678 0.1000000015
133569  45.165  26.797  -4.616 0.1000000015
107850  41.469  27.882  -2.500 0.1000000015
115518  52.690  41.696  0.888 0.1000000015
131028  48.959  41.733  -3.962 0.1000000015
115058  43.506  39.435  -7.573 0.1000000015
114446  43.476  38.288  -4.412 0.1000000015
138576  50.415  41.714  -4.060 0.1000000015
115076  44.617  40.118  -9.395 0.1000000015
115072  43.601  39.672  -9.212 0.1000000015
109207  37.568  30.680  -0.955 0.1000000015
139434  47.881  40.467  -4.758 0.1000000015
115628  45.173  40.301  -8.771 0.1000000015
115034  46.846  39.815  -5.889 0.1000000015
109208  36.590  30.675  -1.015 0.1000000015
111238  43.599  33.642  -6.517 0.1000000015
149788  43.413  34.114  -6.229 0.1000000015
109225  36.474  30.196  -1.650 0.1000000015
108534  37.366  29.639  -2.321 0.1000000015
107167  45.674  26.717  -5.250 0.1000000015
107148  43.223  26.962  -3.337 0.1000000015
108546  38.835  29.142  -2.339 0.1000000015
108547  38.112  29.234  -2.708 0.1000000015
106419  44.041  25.666  -4.655 0.1000000015
107149  42.085  26.986  -2.901 0.1000000015
107150  41.190  27.112  -2.884 0.1000000015
116519  51.661  42.664  -1.084 0.1000000015
116528  51.463  42.891  -1.824 0.1000000015
116547  51.121  42.998  -2.449 0.1000000015
116051  48.310  42.256  -3.131 0.1000000015
134914  47.622  41.432  -3.566 0.1000000015
115576  47.130  40.699  -4.084 0.1000000015
114478  43.751  38.970  -8.616 0.1000000015
115059  43.016  40.086  -7.005 0.1000000015
115050  43.042  39.724  -5.752 0.1000000015
115595  45.885  40.218  -4.980 0.1000000015
115622  45.502  40.255  -7.917 0.1000000015
115638  43.576  40.340  -9.419 0.1000000015
115035  43.385  39.100  -4.936 0.1000000015
115616  45.603  40.104  -6.959 0.1000000015
138117  35.167  30.261  -2.008 0.1000000015
109236  36.005  29.994  -2.191 0.1000000015
109237  34.531  30.257  -2.584 0.1000000015
108581  44.781  28.810  -5.775 0.1000000015
107852  40.030  28.020  -2.685 0.1000000015
107853  38.854  28.616  -3.065 0.1000000015
108548  35.309  30.041  -2.756 0.1000000015
107178  44.882  26.687  -5.335 0.1000000015
108558  37.346  29.316  -3.051 0.1000000015
137730  36.642  29.667  -2.655 0.1000000015
107157  41.824  26.375  -3.570 0.1000000015
107151  40.430  27.363  -3.067 0.1000000015
107861  39.648  27.821  -3.301 0.1000000015
107863  38.101  28.849  -3.501 0.1000000015
116014  52.581  41.906  1.198 0.1000000015
116510  52.232  42.299  -0.210 0.1000000015
117059  50.627  43.336  -1.709 0.1000000015
117077  49.347  43.725  -2.181 0.1000000015
147724  48.494  43.718  -2.199 0.1000000015
116548  49.171  43.208  -2.756 0.1000000015
116549  47.818  42.873  -2.449 0.1000000015
116567  50.474  42.931  -3.047 0.1000000015
115630  43.222  40.310  -9.114 0.1000000015
115608  45.720  40.041  -5.980 0.1000000015
116119  43.927  41.130  -9.474 0.1000000015
116112  44.277  41.340  -8.920 0.1000000015
109238  33.691  30.362  -2.412 0.1000000015
106428  44.273  25.641  -4.851 0.1000000015
105626  43.581  25.511  -4.831 0.1000000015
108559  36.526  29.487  -3.514 0.1000000015
106421  42.498  25.756  -4.324 0.1000000015
107159  40.291  26.954  -3.889 0.1000000015
107862  38.948  28.065  -4.055 0.1000000015
148056  52.904  40.422  3.637 0.1000000015
116006  52.592  41.656  1.896 0.1000000015
116502  51.615  42.495  0.513 0.1000000015
117060  49.489  43.759  -1.911 0.1000000015
116072  46.492  41.148  -3.350 0.1000000015
115577  46.096  40.531  -4.085 0.1000000015
115067  43.212  39.986  -8.369 0.1000000015
115596  45.073  40.494  -5.249 0.1000000015
115617  44.939  40.656  -7.426 0.1000000015
115609  44.999  40.517  -6.343 0.1000000015
108549  34.716  30.076  -3.252 0.1000000015
146721  35.432  29.788  -3.610 0.1000000015
109246  33.058  30.213  -3.060 0.1000000015
109268  43.355  29.795  -5.225 0.1000000015
107886  44.142  27.821  -5.350 0.1000000015
107871  43.367  26.819  -5.214 0.1000000015
107864  37.383  29.133  -3.757 0.1000000015
106429  43.534  25.509  -4.852 0.1000000015
106422  41.751  25.959  -4.460 0.1000000015
150511  43.138  25.524  -4.776 0.1000000015
107160  39.689  27.283  -4.134 0.1000000015
106431  41.670  25.854  -5.273 0.1000000015
107171  40.257  26.555  -4.772 0.1000000015
115484  52.825  40.957  3.265 0.1000000015
116007  51.338  41.989  1.969 0.1000000015
116015  51.949  42.264  1.086 0.1000000015
117047  49.745  43.362  -1.151 0.1000000015
130608  48.589  43.884  -1.629 0.1000000015
116529  47.479  43.664  -1.815 0.1000000015
116053  45.857  41.635  -2.533 0.1000000015
115578  45.241  40.671  -4.252 0.1000000015
116106  43.819  41.911  -7.360 0.1000000015
116113  43.702  41.937  -8.511 0.1000000015
109245  33.939  30.209  -3.228 0.1000000015
109915  43.047  31.670  -5.467 0.1000000015
132280  43.310  30.757  -5.396 0.1000000015
108560  33.321  29.933  -3.841 0.1000000015
107876  37.877  28.590  -4.401 0.1000000015
107877  36.928  29.162  -4.335 0.1000000015
108574  35.137  29.632  -4.445 0.1000000015
149355  43.347  28.893  -5.144 0.1000000015
108568  42.745  28.259  -4.882 0.1000000015
150682  42.357  26.312  -5.297 0.1000000015
106437  41.943  25.895  -5.269 0.1000000015
107172  39.508  27.069  -4.852 0.1000000015
107875  38.647  27.696  -4.997 0.1000000015
107889  37.791  28.248  -5.306 0.1000000015
107872  42.292  27.486  -5.067 0.1000000015
107183  39.397  26.786  -5.694 0.1000000015
107184  38.450  27.447  -5.869 0.1000000015
107180  41.680  25.929  -5.560 0.1000000015
106438  41.361  25.831  -5.902 0.1000000015
106432  40.992  25.874  -5.542 0.1000000015
107182  40.264  26.236  -5.618 0.1000000015
114169  42.731  38.045  20.576 0.1000000015
114206  45.215  38.707  17.070 0.1000000015
114207  44.118  38.151  17.655 0.1000000015
114226  45.487  38.645  16.268 0.1000000015
113536  45.651  38.543  15.606 0.1000000015
117030  48.372  43.098  0.945 0.1000000015
117039  47.702  43.859  0.185 0.1000000015
116511  51.059  42.865  -0.217 0.1000000015
117038  49.002  43.193  -0.091 0.1000000015
117591  47.158  44.860  -0.535 0.1000000015
117061  48.392  43.929  -1.740 0.1000000015
133972  47.541  44.332  -1.206 0.1000000015
116054  44.935  41.456  -2.712 0.1000000015
116550  46.639  42.511  -2.102 0.1000000015
116087  43.879  41.729  -5.113 0.1000000015
116596  43.384  42.561  -6.730 0.1000000015
116590  43.437  42.500  -5.674 0.1000000015
116097  43.828  41.823  -6.249 0.1000000015
116120  43.670  41.577  -9.180 0.1000000015
130102  42.581  40.662  -7.874 0.1000000015
129813  43.313  42.588  -7.791 0.1000000015
131370  43.212  33.128  -5.956 0.1000000015
108561  32.476  29.833  -3.593 0.1000000015
108575  33.533  29.547  -4.638 0.1000000015
133087  40.819  32.918  -4.576 0.1000000015
110587  39.891  32.612  -4.418 0.1000000015
108573  35.478  29.345  -5.100 0.1000000015
108585  34.461  29.443  -5.030 0.1000000015
108569  42.223  29.518  -4.714 0.1000000015
109902  40.742  31.159  -4.568 0.1000000015
107878  36.426  29.122  -5.023 0.1000000015
107890  36.896  28.608  -5.558 0.1000000015
109255  40.644  30.466  -4.618 0.1000000015
107899  37.493  28.016  -6.093 0.1000000015
107181  41.324  26.154  -6.215 0.1000000015
106440  40.218  25.992  -6.368 0.1000000015
107191  39.230  26.512  -6.577 0.1000000015
106439  40.892  25.758  -6.275 0.1000000015
114152  42.737  38.117  21.430 0.1000000015
114167  44.467  39.066  20.033 0.1000000015
114168  43.435  38.464  20.296 0.1000000015
114181  44.603  38.957  18.956 0.1000000015
114182  43.649  38.423  19.394 0.1000000015
114183  42.856  37.977  19.701 0.1000000015
115373  43.665  40.390  18.553 0.1000000015
114804  45.846  39.542  18.313 0.1000000015
114193  43.862  38.300  18.488 0.1000000015
114191  46.218  39.553  17.248 0.1000000015
114192  44.884  38.798  18.001 0.1000000015
114823  47.300  40.603  16.471 0.1000000015
114843  47.214  40.805  15.906 0.1000000015
114205  46.598  39.748  16.269 0.1000000015
131459  46.333  40.770  15.882 0.1000000015
114856  47.356  40.830  15.622 0.1000000015
114225  46.841  39.899  15.720 0.1000000015
116494  48.255  43.066  2.932 0.1000000015
117013  48.013  43.938  3.454 0.1000000015
117537  48.447  45.106  3.908 0.1000000015
115988  51.445  41.502  2.766 0.1000000015
116008  49.688  42.000  2.562 0.1000000015
117023  48.125  43.052  1.978 0.1000000015
134637  47.735  43.979  2.458 0.1000000015
117549  47.821  45.288  2.952 0.1000000015
146504  49.027  42.624  1.510 0.1000000015
117563  47.127  45.098  1.621 0.1000000015
116492  50.323  42.323  1.509 0.1000000015
116503  49.831  42.715  0.708 0.1000000015
117577  47.037  44.831  0.506 0.1000000015
118100  46.762  45.935  1.211 0.1000000015
117048  46.894  44.969  -1.004 0.1000000015
117578  46.699  45.674  -0.019 0.1000000015
118101  46.377  46.076  0.466 0.1000000015
116531  45.482  42.313  -1.817 0.1000000015
117062  46.654  44.119  -1.345 0.1000000015
117049  45.991  44.696  -1.037 0.1000000015
116055  44.165  41.729  -3.010 0.1000000015
148292  44.550  42.019  -2.123 0.1000000015
117125  43.030  43.243  -6.191 0.1000000015
116130  43.219  41.474  -9.369 0.1000000015
116114  42.240  41.250  -8.572 0.1000000015
117131  42.957  43.248  -7.194 0.1000000015
141641  43.114  42.539  -8.668 0.1000000015
115618  42.356  40.753  -6.875 0.1000000015
152236  40.807  36.594  -1.584 0.1000000015
145063  42.920  33.969  -5.689 0.1000000015
111239  42.283  33.397  -5.231 0.1000000015
111878  42.163  34.080  -4.934 0.1000000015
107879  32.840  29.079  -5.043 0.1000000015
110597  41.648  32.775  -4.880 0.1000000015
111864  40.940  34.183  -4.211 0.1000000015
145625  42.438  31.273  -4.971 0.1000000015
109901  41.634  31.264  -4.671 0.1000000015
145796  41.417  30.483  -4.650 0.1000000015
109256  39.850  30.902  -4.655 0.1000000015
107891  35.962  28.912  -5.728 0.1000000015
138457  41.096  29.723  -4.681 0.1000000015
108572  40.202  29.966  -4.851 0.1000000015
108571  40.667  29.111  -5.061 0.1000000015
107897  40.887  26.795  -6.731 0.1000000015
106445  40.913  25.878  -6.666 0.1000000015
107900  36.514  28.345  -6.264 0.1000000015
108570  41.621  28.574  -4.892 0.1000000015
107874  41.087  28.299  -5.401 0.1000000015
107873  41.647  27.150  -5.474 0.1000000015
107202  38.622  26.605  -7.200 0.1000000015
115902  46.819  41.718  17.923 0.1000000015
115372  44.982  40.838  18.078 0.1000000015
115371  46.381  41.411  17.466 0.1000000015
115370  47.544  41.361  17.366 0.1000000015
114789  47.759  40.975  17.813 0.1000000015
136473  46.948  40.376  18.539 0.1000000015
114824  44.144  40.231  17.698 0.1000000015
115394  45.708  40.877  16.893 0.1000000015
114822  47.639  41.107  16.872 0.1000000015
114803  47.129  40.395  17.489 0.1000000015
144363  45.700  40.623  16.224 0.1000000015
115404  46.878  41.198  16.087 0.1000000015
114842  47.310  41.233  16.266 0.1000000015
114844  44.681  39.916  16.169 0.1000000015
114245  43.799  39.026  15.104 0.1000000015
114858  44.962  39.943  15.532 0.1000000015
114857  46.516  40.765  15.335 0.1000000015
114269  42.918  38.318  13.721 0.1000000015
114280  43.417  39.132  11.874 0.1000000015
128472  47.207  42.336  3.628 0.1000000015
117014  47.571  43.301  3.719 0.1000000015
117006  46.917  43.685  4.229 0.1000000015
115487  49.090  40.875  3.638 0.1000000015
135083  48.277  41.276  3.546 0.1000000015
117530  46.196  44.229  4.719 0.1000000015
115486  50.398  40.933  3.532 0.1000000015
131695  50.127  41.559  3.061 0.1000000015
137286  48.457  41.798  3.422 0.1000000015
116478  48.002  42.802  3.388 0.1000000015
117005  48.047  44.235  4.089 0.1000000015
117529  47.498  44.564  4.608 0.1000000015
115463  52.081  40.403  3.872 0.1000000015
115989  49.039  41.679  3.319 0.1000000015
116477  48.670  42.281  3.156 0.1000000015
117528  48.418  45.147  4.440 0.1000000015
118077  48.411  46.146  3.631 0.1000000015
118067  48.789  45.962  4.314 0.1000000015
118087  47.179  45.991  1.998 0.1000000015
127147  47.587  46.248  2.916 0.1000000015
118114  46.333  45.967  -0.162 0.1000000015
118088  46.586  46.104  1.362 0.1000000015
148920  44.710  42.649  -1.600 0.1000000015
117063  45.464  43.417  -1.314 0.1000000015
128814  45.460  45.229  -0.598 0.1000000015
148069  44.384  43.356  -1.279 0.1000000015
117106  43.138  43.033  -4.112 0.1000000015
116601  42.778  43.139  -8.211 0.1000000015
116618  42.626  42.099  -9.358 0.1000000015
116115  41.483  41.734  -8.154 0.1000000015
116107  41.974  41.224  -7.553 0.1000000015
142766  42.590  40.366  -6.177 0.1000000015
113785  41.686  37.572  -2.156 0.1000000015
113774  40.623  37.908  -1.218 0.1000000015
144230  43.155  36.074  -3.760 0.1000000015
113116  42.648  36.465  -3.217 0.1000000015
112450  42.028  35.819  -2.747 0.1000000015
112463  41.245  35.029  -2.946 0.1000000015
112489  43.641  35.441  -5.531 0.1000000015
111876  43.377  34.605  -5.839 0.1000000015
111877  42.750  34.465  -5.135 0.1000000015
111848  41.494  34.624  -3.830 0.1000000015
111226  41.388  33.597  -4.631 0.1000000015
109269  39.410  30.306  -5.167 0.1000000015
108583  39.897  29.384  -5.597 0.1000000015
107888  40.230  28.302  -6.389 0.1000000015
107898  40.334  27.536  -7.099 0.1000000015
106453  40.558  26.005  -7.417 0.1000000015
107190  40.730  26.428  -7.368 0.1000000015
106447  40.115  25.863  -6.974 0.1000000015
108591  39.542  28.593  -7.180 0.1000000015
115349  43.188  40.662  19.308 0.1000000015
115890  45.413  41.654  19.573 0.1000000015
115889  46.871  41.899  18.685 0.1000000015
114806  42.067  39.631  18.332 0.1000000015
115348  44.429  40.932  19.073 0.1000000015
115903  45.854  41.470  18.483 0.1000000015
114209  40.977  38.593  17.284 0.1000000015
114825  42.501  39.372  17.638 0.1000000015
138395  43.418  39.700  17.465 0.1000000015
113553  40.311  37.313  15.377 0.1000000015
114229  41.407  38.245  16.537 0.1000000015
114208  41.999  38.806  17.111 0.1000000015
114845  43.252  39.319  16.780 0.1000000015
138990  44.462  40.045  16.852 0.1000000015
113600  38.855  37.894  12.816 0.1000000015
113569  39.123  37.282  14.174 0.1000000015
136835  39.729  37.196  14.750 0.1000000015
113552  41.172  37.484  15.212 0.1000000015
114228  42.450  38.580  16.289 0.1000000015
114283  39.212  38.196  11.963 0.1000000015
113599  39.597  37.648  12.621 0.1000000015
113568  40.562  37.217  14.553 0.1000000015
113567  41.415  37.443  14.363 0.1000000015
114246  42.742  38.397  15.465 0.1000000015
114227  43.591  39.156  15.878 0.1000000015
113619  40.029  37.893  11.829 0.1000000015
146362  41.629  37.579  13.625 0.1000000015
113566  42.223  37.767  14.115 0.1000000015
114258  42.909  38.302  14.617 0.1000000015
114297  41.415  38.371  10.989 0.1000000015
149556  42.068  38.123  12.644 0.1000000015
114311  41.555  38.277  10.364 0.1000000015
114296  42.246  38.562  10.834 0.1000000015
126357  42.703  38.474  12.578 0.1000000015
113627  42.481  37.772  10.410 0.1000000015
132478  42.663  38.784  11.474 0.1000000015
116479  46.499  42.736  3.890 0.1000000015
115465  49.581  40.089  3.864 0.1000000015
115488  47.381  40.961  3.593 0.1000000015
115991  46.845  41.483  3.604 0.1000000015
115464  50.812  40.268  3.925 0.1000000015
114926  51.434  39.563  4.186 0.1000000015
129731  47.058  44.986  5.216 0.1000000015
144370  48.768  45.851  4.769 0.1000000015
137168  48.088  46.832  3.488 0.1000000015
118056  49.022  46.553  4.812 0.1000000015
141224  46.703  46.280  1.997 0.1000000015
117050  44.943  44.210  -0.882 0.1000000015
146723  44.599  44.843  -0.561 0.1000000015
118115  46.069  46.233  0.071 0.1000000015
116551  43.769  42.393  -2.519 0.1000000015
116532  43.948  42.685  -1.691 0.1000000015
117051  44.015  44.143  -0.831 0.1000000015
117117  42.732  43.921  -5.730 0.1000000015
117095  42.727  43.612  -3.665 0.1000000015
117078  43.319  43.125  -2.128 0.1000000015
117126  42.722  43.982  -6.710 0.1000000015
117132  42.546  43.890  -7.684 0.1000000015
116609  41.619  42.454  -9.109 0.1000000015
116602  41.189  42.334  -8.586 0.1000000015
116108  41.436  41.726  -7.138 0.1000000015
114410  41.237  38.224  -1.708 0.1000000015
113784  42.204  37.806  -2.661 0.1000000015
148297  43.529  36.644  -4.270 0.1000000015
114419  42.446  38.361  -3.056 0.1000000015
113799  43.419  37.488  -3.918 0.1000000015
108584  39.061  29.976  -5.949 0.1000000015
106454  40.332  25.919  -7.710 0.1000000015
132223  39.474  29.230  -6.380 0.1000000015
116373  46.843  42.493  20.642 0.1000000015
115876  47.783  42.101  20.093 0.1000000015
115877  47.011  42.191  19.629 0.1000000015
115888  47.587  41.870  18.955 0.1000000015
113570  38.478  37.613  14.451 0.1000000015
113540  38.961  37.590  15.874 0.1000000015
113539  39.929  37.518  16.079 0.1000000015
114284  38.590  38.623  12.275 0.1000000015
113585  38.630  37.703  13.662 0.1000000015
129991  38.982  37.346  14.994 0.1000000015
114903  38.781  39.421  10.305 0.1000000015
114905  38.729  39.800  9.540 0.1000000015
114312  39.428  38.843  10.345 0.1000000015
114299  39.674  38.396  11.094 0.1000000015
131389  39.877  38.751  9.616 0.1000000015
136619  40.288  38.520  10.272 0.1000000015
114298  40.574  38.242  11.067 0.1000000015
131570  40.422  38.439  9.506 0.1000000015
113630  40.969  38.269  9.810 0.1000000015
126575  40.967  38.359  10.473 0.1000000015
112984  41.671  36.731  9.143 0.1000000015
114345  50.853  38.556  4.283 0.1000000015
114928  48.549  39.869  3.870 0.1000000015
116480  46.359  41.948  3.698 0.1000000015
117007  45.537  43.179  4.345 0.1000000015
117531  45.033  43.921  4.957 0.1000000015
117518  45.751  44.774  5.482 0.1000000015
118045  46.175  45.568  6.230 0.1000000015
118058  48.022  45.892  5.639 0.1000000015
118044  47.610  46.289  6.293 0.1000000015
144315  48.361  47.235  3.981 0.1000000015
118623  49.086  47.032  5.342 0.1000000015
118089  46.055  46.177  1.551 0.1000000015
118078  47.233  46.500  2.848 0.1000000015
118632  48.144  47.525  4.333 0.1000000015
117595  43.903  44.948  -0.319 0.1000000015
117579  44.421  45.465  0.081 0.1000000015
118103  45.215  45.811  1.087 0.1000000015
118079  46.126  46.180  2.606 0.1000000015
137138  42.305  44.348  -4.184 0.1000000015
117662  42.476  44.755  -6.333 0.1000000015
117107  42.736  43.779  -4.699 0.1000000015
117139  42.142  43.603  -8.578 0.1000000015
117141  40.872  43.434  -8.639 0.1000000015
148758  42.397  45.149  -6.969 0.1000000015
116603  40.660  42.884  -8.305 0.1000000015
146175  40.327  43.025  -7.259 0.1000000015
114420  41.834  38.550  -2.437 0.1000000015
114993  41.234  39.124  -1.883 0.1000000015
115023  41.999  39.897  -3.330 0.1000000015
115022  42.472  39.472  -3.792 0.1000000015
115581  41.229  41.114  -3.391 0.1000000015
115610  42.458  40.346  -5.327 0.1000000015
131488  38.458  39.660  10.961 0.1000000015
114907  39.200  39.493  8.962 0.1000000015
129753  39.254  39.767  8.272 0.1000000015
114325  39.646  39.109  8.467 0.1000000015
134739  41.208  37.633  7.707 0.1000000015
113639  40.731  37.964  8.990 0.1000000015
113646  41.292  37.260  8.516 0.1000000015
113638  41.281  37.535  9.284 0.1000000015
114927  50.042  39.267  4.119 0.1000000015
114929  47.623  39.597  4.020 0.1000000015
115489  46.528  40.712  3.710 0.1000000015
116466  43.580  42.614  4.838 0.1000000015
127007  44.209  44.597  6.096 0.1000000015
118046  45.440  45.687  6.824 0.1000000015
119164  48.609  47.664  5.200 0.1000000015
119158  48.801  47.609  5.882 0.1000000015
118031  46.854  46.465  6.901 0.1000000015
118638  46.798  46.647  3.290 0.1000000015
117580  43.604  45.157  0.240 0.1000000015
118117  44.330  45.451  0.683 0.1000000015
118104  44.182  45.288  1.658 0.1000000015
118068  45.715  46.185  3.701 0.1000000015
118634  45.428  46.365  4.658 0.1000000015
137272  42.380  44.057  -3.274 0.1000000015
151334  42.737  43.881  -1.775 0.1000000015
117596  42.380  44.576  -0.615 0.1000000015
143679  42.906  44.862  0.382 0.1000000015
117650  42.432  44.518  -5.266 0.1000000015
117681  42.050  44.489  -8.045 0.1000000015
131190  41.421  44.955  -8.112 0.1000000015
117682  40.498  44.307  -8.301 0.1000000015
117127  39.686  43.809  -7.276 0.1000000015
116591  40.913  42.282  -6.645 0.1000000015
116098  41.484  41.544  -6.025 0.1000000015
115611  42.141  40.903  -6.026 0.1000000015
115579  42.178  40.295  -4.279 0.1000000015
130864  41.592  40.989  -4.221 0.1000000015
115597  41.877  40.952  -5.137 0.1000000015
116088  41.328  41.572  -4.952 0.1000000015
115956  38.230  41.111  9.702 0.1000000015
115447  38.342  40.275  10.251 0.1000000015
115449  38.450  40.458  9.411 0.1000000015
114908  38.762  40.156  8.815 0.1000000015
126988  39.458  40.016  7.702 0.1000000015
113657  40.739  38.312  7.491 0.1000000015
115451  38.989  40.617  8.057 0.1000000015
115959  38.442  40.982  8.845 0.1000000015
147317  41.286  38.078  7.097 0.1000000015
118617  48.299  47.360  6.890 0.1000000015
119159  48.449  48.159  6.113 0.1000000015
119151  48.335  48.326  7.138 0.1000000015
117565  43.260  44.853  2.187 0.1000000015
118081  43.860  45.226  3.613 0.1000000015
118633  46.827  47.023  4.226 0.1000000015
117627  42.249  44.194  -2.556 0.1000000015
130806  42.066  44.397  -1.807 0.1000000015
117581  42.311  44.709  0.060 0.1000000015
126155  43.283  44.960  1.102 0.1000000015
127427  41.911  44.517  -3.318 0.1000000015
118192  42.239  45.537  -6.696 0.1000000015
118203  42.087  45.358  -7.485 0.1000000015
117683  39.748  44.814  -7.903 0.1000000015
117118  39.816  43.508  -6.349 0.1000000015
118217  40.679  45.400  -8.117 0.1000000015
115953  38.199  41.094  10.652 0.1000000015
114916  39.929  39.839  7.200 0.1000000015
114915  40.601  39.639  6.685 0.1000000015
115456  40.252  40.542  6.728 0.1000000015
147461  48.652  48.051  6.469 0.1000000015
117550  43.189  44.853  3.119 0.1000000015
118625  46.429  47.192  5.247 0.1000000015
119160  47.466  48.026  5.888 0.1000000015
118158  41.165  45.023  -3.312 0.1000000015
117609  41.877  44.549  -1.117 0.1000000015
126581  42.369  44.682  0.860 0.1000000015
117566  42.454  44.647  1.755 0.1000000015
117663  42.197  45.263  -5.782 0.1000000015
118167  41.213  45.409  -4.258 0.1000000015
118218  39.917  45.785  -7.864 0.1000000015
118205  39.078  45.259  -7.476 0.1000000015
117673  39.256  44.466  -7.329 0.1000000015
117674  38.647  44.883  -6.762 0.1000000015
115455  40.905  40.203  6.294 0.1000000015
117610  40.798  44.907  -1.453 0.1000000015
127415  41.096  44.609  0.071 0.1000000015
117567  41.570  44.519  1.395 0.1000000015
117551  42.443  44.623  2.682 0.1000000015
118069  44.596  45.658  4.159 0.1000000015
118626  45.174  46.608  5.524 0.1000000015
117629  40.936  44.955  -2.278 0.1000000015
117597  41.631  44.626  -0.391 0.1000000015
118193  41.889  46.085  -6.337 0.1000000015
118168  40.435  45.707  -3.882 0.1000000015
118733  41.684  46.900  -7.009 0.1000000015
118744  41.461  46.796  -7.419 0.1000000015
118734  41.233  47.542  -7.194 0.1000000015
119286  39.980  47.363  -7.669 0.1000000015
118142  40.202  45.288  -1.997 0.1000000015
117598  40.751  44.777  -0.599 0.1000000015
144849  41.805  44.509  2.244 0.1000000015
117539  42.438  44.702  3.553 0.1000000015
118060  44.340  45.910  5.034 0.1000000015
144556  46.216  47.522  6.110 0.1000000015
118070  43.501  45.349  4.522 0.1000000015
118618  44.866  46.820  6.285 0.1000000015
118724  40.843  46.838  -5.677 0.1000000015
118219  39.175  46.326  -7.578 0.1000000015
119672  47.376  49.328  9.028 0.1000000015
132114  40.450  44.718  0.189 0.1000000015
117583  40.953  44.524  0.737 0.1000000015
117540  41.507  44.465  3.124 0.1000000015
144543  47.566  49.130  8.207 0.1000000015
118169  39.807  45.878  -3.255 0.1000000015
118071  42.785  45.210  5.008 0.1000000015
118627  44.205  46.251  5.724 0.1000000015
118182  40.980  45.952  -4.887 0.1000000015
119262  40.931  48.460  -7.046 0.1000000015
118206  38.410  45.677  -7.036 0.1000000015
118619  43.664  46.294  6.374 0.1000000015
119138  45.044  48.176  8.500 0.1000000015
118127  40.090  45.206  -1.165 0.1000000015
130116  41.789  44.622  4.079 0.1000000015
143780  42.469  45.361  5.603 0.1000000015
119146  45.344  47.863  7.676 0.1000000015
118160  39.658  45.766  -2.526 0.1000000015
119153  45.828  47.764  6.888 0.1000000015
150285  41.956  44.922  4.968 0.1000000015
119154  44.435  47.059  7.006 0.1000000015
119147  44.069  47.313  7.800 0.1000000015
118047  42.807  45.757  6.190 0.1000000015
107750  28.788  28.662  10.532 0.1000000015
107065  28.394  27.308  8.990 0.1000000015
107768  28.589  28.099  8.421 0.1000000015
108456  28.526  29.062  8.346 0.1000000015
115347  47.729  41.393  18.321 0.1000000015
129903  41.332  47.492  -6.833 0.1000000015
118608  43.402  46.557  7.226 0.1000000015
109811  43.642  31.556  6.406 0.1000000015
113618  42.655  38.507  10.603 0.1000000015
112988  41.981  36.516  8.538 0.1000000015
114346  49.160  38.541  4.373 0.1000000015
114956  52.714  40.518  2.007 0.1000000015
108431  29.306  29.832  10.917 0.1000000015
109134  28.733  30.312  9.508 0.1000000015
127872  28.535  28.658  9.169 0.1000000015
109142  28.531  30.441  8.701 0.1000000015
112449  44.811  36.094  -2.539 0.1000000015
115021  48.133  39.201  -3.367 0.1000000015
113112  47.634  36.920  -4.179 0.1000000015
113125  48.233  36.013  -4.619 0.1000000015
111862  46.157  33.806  -4.691 0.1000000015
144738  45.642  32.526  -4.614 0.1000000015
131205  30.845  27.256  12.474 0.1000000015
109095  31.042  30.039  12.142 0.1000000015
107734  30.270  28.057  12.229 0.1000000015
109105  31.178  30.674  11.860 0.1000000015
109761  30.648  31.036  11.435 0.1000000015
111092  31.603  33.296  9.609 0.1000000015
144901  33.002  33.680  9.652 0.1000000015
131408  32.178  32.669  10.839 0.1000000015
109120  30.020  30.877  11.097 0.1000000015
110432  30.651  32.392  10.341 0.1000000015
109778  29.663  31.290  10.417 0.1000000015
111752  35.593  34.440  6.831 0.1000000015
127689  34.924  34.305  7.073 0.1000000015
111726  33.534  34.067  8.417 0.1000000015
131494  32.942  33.884  9.001 0.1000000015
111104  30.689  33.118  9.035 0.1000000015
109787  29.931  32.021  10.075 0.1000000015
110445  29.621  32.244  9.298 0.1000000015
126102  37.975  34.095  4.200 0.1000000015
111751  36.400  34.575  6.522 0.1000000015
111765  36.499  34.316  5.713 0.1000000015
111753  34.277  33.995  6.962 0.1000000015
148190  33.632  33.747  6.866 0.1000000015
111101  32.933  33.900  7.990 0.1000000015
111102  32.216  33.698  8.337 0.1000000015
111103  31.484  33.474  8.670 0.1000000015
111114  30.804  33.318  8.109 0.1000000015
132572  29.978  32.744  8.973 0.1000000015
112401  40.452  35.653  2.398 0.1000000015
111792  39.603  34.430  2.652 0.1000000015
111775  36.755  33.976  5.036 0.1000000015
111138  35.247  33.476  5.483 0.1000000015
111124  33.984  33.568  6.297 0.1000000015
111112  32.271  33.627  7.494 0.1000000015
142736  30.978  33.365  7.293 0.1000000015
110455  29.478  32.440  8.526 0.1000000015
109795  28.602  31.238  8.334 0.1000000015
113729  41.973  37.165  1.722 0.1000000015
112410  40.824  35.568  1.729 0.1000000015
111801  41.056  34.888  1.214 0.1000000015
111151  37.185  33.585  4.414 0.1000000015
111126  32.233  33.455  6.587 0.1000000015
142809  30.202  33.115  7.481 0.1000000015
109805  28.475  31.360  7.419 0.1000000015
109150  28.316  30.477  7.753 0.1000000015
114388  47.380  38.634  1.660 0.1000000015
115020  49.904  39.054  -3.791 0.1000000015
115032  51.008  38.900  -4.635 0.1000000015
112473  48.698  35.765  -5.003 0.1000000015
126569  31.199  28.055  12.491 0.1000000015
107042  36.040  27.880  9.946 0.1000000015
107732  32.513  28.474  12.267 0.1000000015
106309  37.988  26.591  7.950 0.1000000015
107767  37.790  27.938  8.935 0.1000000015
107754  37.334  28.295  9.357 0.1000000015
106326  39.202  26.363  7.034 0.1000000015
107765  39.318  28.602  8.490 0.1000000015
109104  32.806  30.913  11.742 0.1000000015
110430  32.842  32.767  10.749 0.1000000015
110416  31.793  32.222  11.168 0.1000000015
111714  35.530  34.185  9.067 0.1000000015
111090  33.532  33.737  9.685 0.1000000015
110429  33.618  32.811  10.694 0.1000000015
127549  37.165  34.803  6.983 0.1000000015
111128  30.427  33.183  6.660 0.1000000015
110464  28.924  32.115  6.960 0.1000000015
111143  30.723  33.215  5.860 0.1000000015
113137  49.083  36.055  -5.056 0.1000000015
111224  46.350  33.615  -5.468 0.1000000015
110594  46.171  32.274  -6.332 0.1000000015
107748  35.612  28.421  10.420 0.1000000015
108430  35.124  28.984  10.845 0.1000000015
132015  33.705  30.956  11.528 0.1000000015
108441  38.332  29.822  9.390 0.1000000015
108442  37.545  29.688  9.708 0.1000000015
108454  39.543  29.487  8.665 0.1000000015
110427  35.450  32.616  10.477 0.1000000015
111086  37.680  33.401  9.213 0.1000000015
111087  36.674  33.441  9.559 0.1000000015
149624  35.927  33.753  9.506 0.1000000015
111077  35.851  33.155  10.051 0.1000000015
111735  38.012  34.770  7.304 0.1000000015
111723  36.768  34.435  8.463 0.1000000015
112357  38.382  35.110  6.139 0.1000000015
111734  38.832  34.573  7.464 0.1000000015
111750  37.845  34.929  6.514 0.1000000015
113018  41.955  36.643  3.746 0.1000000015
110559  41.754  32.350  -0.277 0.1000000015
110614  45.404  32.577  -7.558 0.1000000015
140931  43.100  30.460  -2.176 0.1000000015
109101  35.236  30.353  11.001 0.1000000015
109141  39.089  30.058  9.097 0.1000000015
109131  38.601  30.737  9.424 0.1000000015
109775  35.511  31.850  10.752 0.1000000015
134030  40.866  30.124  8.093 0.1000000015
109785  38.373  31.634  9.507 0.1000000015
110440  38.092  32.483  9.476 0.1000000015
109803  40.742  32.032  8.206 0.1000000015
111097  39.542  33.370  8.349 0.1000000015
111098  38.606  33.014  9.042 0.1000000015
111109  41.515  33.132  7.418 0.1000000015
140618  39.011  33.382  8.595 0.1000000015
111733  39.519  34.294  7.535 0.1000000015
109812  42.895  31.789  6.824 0.1000000015
111121  41.824  33.628  6.872 0.1000000015
111122  41.138  34.049  7.023 0.1000000015
132644  41.157  34.628  6.418 0.1000000015
111747  40.462  34.715  6.629 0.1000000015
111762  40.761  35.166  6.012 0.1000000015
110469  44.164  32.105  6.060 0.1000000015
111135  43.691  33.689  5.711 0.1000000015
110479  44.651  32.609  5.538 0.1000000015
111136  43.086  33.924  5.988 0.1000000015
111761  41.554  34.932  5.903 0.1000000015
137558  40.682  35.839  4.928 0.1000000015
112364  41.959  35.414  5.262 0.1000000015
111150  44.986  33.778  4.808 0.1000000015
111773  43.861  34.726  4.990 0.1000000015
152277  43.783  35.321  4.624 0.1000000015
112378  43.321  35.926  4.310 0.1000000015
113017  42.746  36.618  3.751 0.1000000015
126515  45.491  34.912  3.823 0.1000000015
112391  43.815  36.486  3.649 0.1000000015
152203  44.445  37.136  2.960 0.1000000015
113174  44.833  36.039  -8.671 0.1000000015
113861  45.013  36.987  -8.848 0.1000000015
112525  44.821  35.122  -8.607 0.1000000015
113850  46.638  38.156  -7.750 0.1000000015
112503  44.336  35.462  -7.469 0.1000000015
113842  44.453  37.029  -7.826 0.1000000015
115033  48.019  39.985  -5.373 0.1000000015
140763  41.625  30.263  -1.668 0.1000000015
108544  41.780  28.761  -2.265 0.1000000015
107870  46.093  27.230  -5.322 0.1000000015
107860  44.257  27.455  -3.697 0.1000000015
110553  38.265  32.334  0.623 0.1000000015
114489  43.926  38.950  -9.294 0.1000000015
116070  49.634  42.459  -3.517 0.1000000015
114447  42.981  38.951  -4.131 0.1000000015
107156  42.698  26.159  -3.615 0.1000000015
117076  50.381  43.480  -2.137 0.1000000015
107158  41.023  26.596  -3.668 0.1000000015
116052  47.079  41.884  -2.753 0.1000000015
107170  40.992  26.200  -4.639 0.1000000015
115485  51.708  40.995  3.407 0.1000000015
116073  45.510  41.047  -3.377 0.1000000015
143719  35.992  29.470  -4.349 0.1000000015
131678  48.199  43.968  -0.914 0.1000000015
128585  47.496  44.302  -1.333 0.1000000015
116074  44.672  41.225  -3.617 0.1000000015
110596  42.611  32.561  -5.420 0.1000000015
135560  43.253  38.418  21.032 0.1000000015
113524  44.352  37.920  16.897 0.1000000015
117031  47.493  43.854  1.297 0.1000000015
147822  46.962  44.979  -0.859 0.1000000015
116530  46.312  43.131  -1.609 0.1000000015
116579  43.499  42.382  -4.583 0.1000000015
117116  43.110  43.176  -5.172 0.1000000015
110586  40.935  32.061  -4.626 0.1000000015
107192  38.097  27.266  -6.656 0.1000000015
107887  40.997  27.550  -6.014 0.1000000015
106446  40.627  25.826  -6.884 0.1000000015
106455  39.554  26.141  -7.478 0.1000000015
114805  43.025  39.830  18.138 0.1000000015
116493  48.963  42.400  2.324 0.1000000015
117593  46.297  45.519  -0.568 0.1000000015
116122  41.741  41.875  -8.924 0.1000000015
116608  42.508  42.729  -9.044 0.1000000015
133303  42.880  35.330  -4.002 0.1000000015
109916  42.013  31.960  -4.969 0.1000000015
111849  40.657  34.567  -3.603 0.1000000015
108582  40.535  28.598  -5.672 0.1000000015
115392  47.370  41.342  16.606 0.1000000015
150131  47.177  41.368  16.276 0.1000000015
113583  42.182  37.934  13.271 0.1000000015
115466  47.954  40.442  3.728 0.1000000015
115990  47.848  41.855  3.516 0.1000000015
118126  45.844  45.939  -0.246 0.1000000015
118102  46.037  46.242  0.652 0.1000000015
117064  43.562  43.548  -1.419 0.1000000015
130495  42.128  35.134  -3.516 0.1000000015
113115  43.163  36.823  -3.622 0.1000000015
112476  43.084  35.022  -4.875 0.1000000015
113538  40.843  37.666  15.995 0.1000000015
148502  39.305  37.426  13.383 0.1000000015
114247  41.765  37.993  15.765 0.1000000015
113551  42.052  37.810  14.952 0.1000000015
113584  40.798  37.314  13.568 0.1000000015
113598  40.495  37.549  12.633 0.1000000015
114300  38.853  38.896  11.222 0.1000000015
114282  41.007  37.962  11.841 0.1000000015
114281  41.940  38.347  11.806 0.1000000015
118059  46.844  45.460  5.770 0.1000000015
118116  45.355  45.922  0.209 0.1000000015
117608  43.098  44.300  -0.866 0.1000000015
115007  42.215  39.120  -3.076 0.1000000015
118624  48.796  46.999  6.065 0.1000000015
118090  45.098  45.590  2.146 0.1000000015
118080  44.884  45.570  3.182 0.1000000015
117651  42.117  44.928  -4.908 0.1000000015
115008  41.663  39.508  -2.605 0.1000000015
114324  40.122  38.650  7.971 0.1000000015
114911  39.738  39.370  7.787 0.1000000015
116089  40.807  42.116  -4.588 0.1000000015
117538  43.099  44.995  3.850 0.1000000015
147312  41.425  44.660  -1.683 0.1000000015
118181  41.721  45.535  -5.142 0.1000000015
95832  46.780  11.950  16.287 0.1000000015
146551  47.376  12.344  16.034 0.1000000015
95827  47.269  12.643  16.529 0.1000000015
96617  48.495  13.333  16.606 0.1000000015
95826  47.895  12.808  16.278 0.1000000015
96616  49.219  13.560  16.499 0.1000000015
96622  49.092  13.577  15.535 0.1000000015
96623  48.507  13.102  15.950 0.1000000015
95831  47.675  12.606  15.338 0.1000000015
99517  33.810  17.496  25.331 0.1000000015
96618  47.752  13.167  16.761 0.1000000015
96619  46.977  13.070  16.879 0.1000000015
146883  33.693  18.962  24.474 0.1000000015
100281  33.635  18.224  24.769 0.1000000015
98784  33.505  16.127  24.663 0.1000000015
97309  33.389  14.163  24.522 0.1000000015
96566  33.363  13.394  25.118 0.1000000015
96606  48.274  13.684  17.012 0.1000000015
97357  49.947  13.808  16.978 0.1000000015
97356  50.594  14.071  16.862 0.1000000015
97360  49.945  13.862  16.170 0.1000000015
97359  50.615  14.296  16.121 0.1000000015
97363  49.562  14.169  14.932 0.1000000015
136287  50.237  14.529  15.247 0.1000000015
96625  48.896  13.817  14.366 0.1000000015
97362  49.883  14.727  14.380 0.1000000015
99527  33.562  17.889  24.056 0.1000000015
99522  33.530  17.158  24.539 0.1000000015
130677  33.494  15.651  24.059 0.1000000015
97342  51.162  14.442  17.148 0.2000000030
99530  34.220  17.401  22.845 0.1000000015
98787  34.013  16.619  23.058 0.1000000015
98792  34.579  16.099  22.578 0.1000000015
98038  33.532  14.869  23.843 0.1000000015
100298  35.123  18.617  22.025 0.1000000015
137260  34.588  18.070  22.477 0.1000000015
99529  34.909  17.350  22.257 0.1000000015
100319  37.437  19.158  21.517 0.1000000015
100320  36.608  18.684  21.577 0.1000000015
144273  35.233  17.912  21.962 0.1000000015
101013  37.883  19.818  21.481 0.1000000015
126665  38.126  18.516  21.518 0.1000000015
128078  37.332  18.361  21.509 0.1000000015
151932  39.107  19.563  21.516 0.2000000030
98096  50.957  14.992  15.450 0.1000000015
98037  33.878  15.642  23.227 0.1000000015
101014  36.554  19.544  21.562 0.1000000015
129883  35.861  18.221  21.701 0.1000000015
100289  33.893  18.198  23.309 0.1000000015
98788  33.613  16.419  23.818 0.1000000015
98035  33.451  15.146  24.814 0.1000000015
99526  33.730  17.288  23.575 0.1000000015
126659  38.392  19.339  21.517 0.1000000015
104694  40.589  23.973  10.821 0.1000000015
106292  41.719  26.065  10.165 0.1000000015
105484  41.049  25.375  10.362 0.1000000015
106290  43.273  26.789  9.418 0.1000000015
106291  42.466  26.479  9.689 0.1000000015
105494  41.175  25.474  9.454 0.1000000015
106306  43.478  26.692  8.511 0.1000000015
131849  42.094  22.330  12.458 0.1000000015
102509  41.568  21.753  12.497 0.1000000015
103225  41.489  22.404  12.180 0.1000000015
102510  40.855  21.835  12.165 0.1000000015
131368  44.886  26.035  13.332 0.1000000015
103952  41.346  23.162  11.938 0.1000000015
104693  41.115  24.057  11.630 0.1000000015
104678  43.763  24.376  13.212 0.1000000015
103945  43.262  23.939  12.904 0.1000000015
144615  43.156  23.344  12.706 0.1000000015
103224  42.648  22.918  12.557 0.1000000015
103947  41.945  23.157  12.377 0.1000000015
106227  44.445  25.605  13.361 0.1000000015
105468  41.578  24.884  11.966 0.1000000015
105479  41.805  25.618  11.642 0.1000000015
138193  41.479  25.721  10.933 0.1000000015
107041  43.645  26.958  11.021 0.1000000015
106277  42.429  26.448  10.465 0.1000000015
107039  45.222  27.428  10.257 0.1000000015
107049  44.655  27.285  9.765 0.1000000015
107050  43.854  27.086  10.048 0.1000000015
103946  42.554  23.888  12.605 0.1000000015
104685  43.057  24.680  12.880 0.1000000015
105467  42.253  24.893  12.459 0.1000000015
104686  41.740  24.056  12.256 0.1000000015
105460  43.716  25.356  13.150 0.1000000015
105466  42.958  25.470  12.657 0.1000000015
106258  45.077  27.195  11.953 0.1000000015
106260  43.218  26.541  11.741 0.1000000015
128891  42.808  26.561  11.062 0.1000000015
105478  42.495  26.183  11.710 0.1000000015
138526  45.151  27.377  11.069 0.1000000015
107029  44.413  27.126  11.468 0.1000000015
107040  44.477  27.271  10.601 0.1000000015
125963  43.672  26.406  12.338 0.1000000015
145251  42.367  25.648  12.203 0.1000000015
106259  44.377  26.766  12.265 0.1000000015
105465  44.208  26.180  12.952 0.1000000015
104699  41.022  25.015  11.220 0.1000000015
106308  41.800  26.077  9.093 0.1000000015
106276  43.083  26.751  10.290 0.1000000015
88261  45.261  4.807  33.144 0.1000000015
88274  46.313  4.665  32.441 0.1000000015
88289  45.019  4.718  31.818 0.1000000015
89180  47.309  5.009  33.522 0.1000000015
89185  41.776  5.765  33.165 0.1000000015
89201  40.702  5.935  32.371 0.1000000015
89247  41.427  5.754  30.196 0.1000000015
89249  50.673  5.164  28.831 0.1000000015
90115  44.338  6.495  35.143 0.1000000015
90128  45.568  5.918  35.000 0.1000000015
90130  43.503  6.422  34.688 0.1000000015
90152  41.079  6.151  33.056 0.1000000015
90160  40.142  6.106  31.944 0.1000000015
90187  39.124  6.314  29.852 0.1000000015
90198  38.584  6.738  28.677 0.1000000015
91048  42.393  7.381  34.541 0.1000000015
91049  41.709  7.480  34.181 0.1000000015
91052  41.074  7.554  33.696 0.1000000015
91058  40.067  7.213  32.888 0.1000000015
91067  39.045  7.086  31.899 0.1000000015
91069  37.696  7.880  30.964 0.1000000015
91096  36.660  7.601  28.565 0.1000000015
91100  42.113  7.610  27.633 0.1000000015
91113  40.838  7.789  26.852 0.1000000015
91295  51.932  7.515  11.236 0.1000000015
92077  37.450  8.627  30.918 0.1000000015
92084  36.886  8.658  30.408 0.1000000015
92105  35.554  8.548  27.497 0.1000000015
92116  39.534  8.163  26.208 0.1000000015
92133  37.318  8.497  25.430 0.1000000015
92282  47.547  9.351  13.665 0.1000000015
92299  49.183  8.723  12.636 0.1000000015
92313  49.534  8.827  11.802 0.1000000015
93049  42.541  9.514  34.582 0.1000000015
93062  38.574  9.624  31.613 0.1000000015
93118  40.373  9.106  25.058 0.1000000015
93122  34.601  9.597  25.854 0.1000000015
93141  38.227  9.198  24.079 0.1000000015
93145  34.536  9.914  25.072 0.1000000015
93165  38.580  9.376  23.463 0.1000000015
93185  41.445  9.516  22.290 0.1000000015
93207  38.005  9.961  21.792 0.2000000030
93215  42.443  9.720  20.401 0.1000000015
93218  39.177  9.891  20.833 0.1000000015
93219  38.642  9.876  21.306 0.1000000015
93267  46.956  9.644  14.305 0.1000000015
93294  49.268  9.466  11.266 0.1000000015
93307  52.930  9.354  9.582 0.1000000015
93308  52.122  9.427  9.917 0.1000000015
94001  36.433  10.088  29.883 0.1000000015
94014  34.431  10.734  27.559 0.1000000015
94062  33.845  10.614  25.077 0.2000000030
94083  34.499  10.795  23.875 0.2000000030
94117  43.059  10.227  19.093 0.1000000015
94130  43.980  10.905  17.989 0.1000000015
94156  48.573  10.569  11.273 0.1000000015
94162  52.934  11.005  9.948 0.1000000015
94189  49.613  10.870  7.742 0.1000000015
94876  35.597  10.920  28.853 0.1000000015
94878  34.982  10.847  28.292 0.1000000015
94933  34.062  11.659  23.707 0.2000000030
94948  37.268  11.297  21.456 0.2000000030
94983  47.736  11.290  12.083 0.1000000015
94984  47.290  11.307  12.839 0.1000000015
94989  48.382  11.312  11.429 0.1000000015
94993  52.646  11.751  10.215 0.1000000015
94995  50.179  11.656  10.582 0.1000000015
94996  49.171  11.708  10.882 0.1000000015
95004  53.777  11.426  8.902 0.1000000015
95012  48.361  11.947  7.293 0.1000000015
95019  48.173  11.767  6.517 0.1000000015
95785  33.608  12.454  23.961 0.2000000030
95813  40.114  12.723  19.145 0.2000000030
95821  45.481  12.499  17.045 0.2000000030
95844  47.383  12.026  13.423 0.1000000015
95850  48.213  12.530  12.244 0.1000000015
95866  50.779  12.481  10.550 0.1000000015
95873  53.835  11.958  9.019 0.1000000015
96558  34.616  12.976  27.217 0.1000000015
96570  33.425  13.274  24.225 0.2000000030
96596  37.911  13.046  21.105 0.2000000030
96613  42.010  13.393  17.775 0.3000000119
96663  53.006  13.282  9.548 0.1000000015
96670  52.311  13.528  8.714 0.1000000015
96677  50.335  13.740  8.115 0.1000000015
96691  47.077  13.405  5.194 0.1000000015
96705  43.741  14.074  3.411 0.1000000015
97355  51.173  14.503  16.535 0.1000000015
97392  50.757  14.650  10.878 0.1000000015
97429  43.075  14.935  5.140 0.1000000015
97456  45.709  15.567  0.173 0.1000000015
97457  45.113  15.822  0.239 0.1000000015
98000  42.737  14.946  29.004 0.1000000015
98011  42.303  15.503  28.069 0.1000000015
98013  40.926  14.884  28.165 0.1000000015
98015  42.338  16.069  27.672 0.1000000015
98067  42.482  15.639  19.367 0.2000000030
98165  52.497  15.310  8.099 0.2000000030
98192  44.926  15.424  6.229 0.1000000015
98200  50.832  15.751  5.036 0.1000000015
98232  44.277  15.843  1.890 0.1000000015
98238  48.019  16.714  0.342 0.1000000015
98240  46.438  15.898  -0.013 0.1000000015
98245  46.803  16.553  -0.089 0.1000000015
98247  45.719  16.105  -0.142 0.1000000015
98779  33.681  16.566  25.287 0.1000000015
98884  51.249  16.512  12.857 0.1000000015
98914  56.194  16.713  6.548 0.2000000030
98921  56.571  16.995  6.419 0.2000000030
98930  55.300  17.148  5.151 0.2000000030
98931  54.511  17.187  4.652 0.2000000030
98933  52.688  16.649  3.987 0.1000000015
98940  53.088  17.013  3.530 0.1000000015
98947  44.626  16.231  3.262 0.1000000015
98953  51.065  17.097  2.178 0.1000000015
98966  46.419  17.185  1.284 0.1000000015
98973  49.282  17.189  1.159 0.1000000015
98974  47.705  16.909  0.091 0.1000000015
98976  45.638  16.519  0.285 0.1000000015
98977  45.109  16.191  0.365 0.1000000015
98984  46.231  16.486  -0.136 0.1000000015
99469  49.640  17.617  29.392 0.1000000015
99506  40.853  17.328  27.470 0.1000000015
99554  57.143  17.611  20.626 0.6000000238
99599  57.752  17.844  16.460 0.4000000060
99631  57.891  18.087  14.008 0.4000000060
99643  57.840  17.832  12.019 0.3000000119
99646  53.963  17.572  12.470 0.3000000119
99647  52.251  17.232  12.477 0.1000000015
99657  52.648  17.323  11.716 0.1000000015
99662  58.234  18.025  10.669 0.3000000119
99672  57.745  17.907  9.365 0.3000000119
99676  47.155  17.152  9.539 0.2000000030
99693  56.283  17.255  6.109 0.2000000030
99702  54.221  17.585  4.536 0.2000000030
99707  49.070  17.486  5.557 0.2000000030
99709  52.943  17.349  3.516 0.1000000015
99716  50.972  17.355  2.279 0.1000000015
99717  48.995  17.571  2.355 0.1000000015
99718  48.094  17.325  3.416 0.1000000015
99723  49.757  17.272  1.520 0.1000000015
99730  48.632  17.231  0.817 0.1000000015
100225  49.697  18.091  29.502 0.1000000015
100243  49.815  18.508  28.855 0.1000000015
100257  49.091  18.907  28.614 0.1000000015
100287  56.539  19.046  23.970 0.6999999881
100290  33.599  18.517  24.062 0.1000000015
100293  57.008  18.515  23.273 0.6999999881
100327  57.884  17.938  21.046 0.6999999881
100353  58.172  18.368  17.850 0.6000000238
100375  58.199  18.600  14.444 0.4000000060
100393  58.177  18.327  11.224 0.3000000119
100394  58.007  18.457  10.631 0.3000000119
100418  52.631  18.693  6.856 0.2000000030
100426  54.608  18.151  5.479 0.2000000030
100429  50.938  18.462  6.328 0.2000000030
100944  47.373  19.788  28.506 0.1000000015
100947  43.976  19.917  27.999 0.1000000015
100986  55.652  19.282  24.213 0.6999999881
101020  57.843  18.229  21.256 0.6999999881
101049  56.767  19.372  16.596 0.5000000000
101051  53.654  19.668  16.626 0.5000000000
101060  58.083  19.049  14.986 0.5000000000
101073  57.499  19.348  14.620 0.5000000000
101075  52.715  19.591  13.968 0.5000000000
101084  57.707  19.182  13.224 0.3000000119
101085  56.747  19.520  13.322 0.3000000119
101120  56.306  19.359  9.955 0.3000000119
101132  54.318  19.464  9.563 0.3000000119
101133  52.767  19.548  9.114 0.3000000119
101156  49.942  19.358  7.790 0.2000000030
101669  49.214  19.964  29.848 0.1000000015
101703  36.596  20.326  26.369 0.1000000015
101774  52.208  20.230  16.837 0.6000000238
101796  50.346  20.369  14.527 0.5000000000
101797  49.603  20.647  14.635 0.5000000000
101834  50.240  20.270  9.717 0.3000000119
102385  36.524  21.502  26.204 0.1000000015
102401  56.220  21.296  24.359 0.8000000119
102431  39.805  21.515  21.503 0.3000000119
102455  51.583  21.739  18.446 0.6999999881
102460  50.149  21.943  17.152 0.6000000238
102462  50.342  21.402  16.824 0.6000000238
103118  34.730  21.972  24.748 0.1000000015
103121  55.858  21.586  24.602 0.8000000119
103122  55.502  21.975  24.619 0.8000000119
103163  35.710  22.806  21.747 0.2000000030
103195  48.206  22.398  15.764 0.5000000000
103830  34.991  23.632  24.227 0.2000000030
103845  52.417  24.132  23.272 0.8999999762
103849  35.044  23.744  22.512 0.2000000030
103877  46.992  23.362  21.526 0.8000000119
103914  49.685  23.159  16.986 0.5000000000
103983  42.627  23.028  4.083 0.2000000030
103984  41.967  23.042  4.440 0.2000000030
103985  41.352  23.048  4.815 0.2000000030
103986  40.708  23.001  5.103 0.2000000030
103993  43.033  22.903  3.372 0.2000000030
103996  41.116  23.171  4.556 0.2000000030
104005  44.063  22.710  2.348 0.2000000030
104008  42.081  23.090  3.713 0.2000000030
104009  41.515  23.350  3.958 0.2000000030
104018  45.106  22.860  1.479 0.3000000119
104019  44.361  22.793  1.789 0.2000000030
104020  43.824  22.817  2.223 0.2000000030
104021  43.264  23.094  2.568 0.3000000119
104029  49.575  23.687  0.342 0.5000000000
104031  46.698  23.297  1.121 0.6000000238
104577  36.059  24.926  24.680 0.2000000030
104589  35.183  24.467  22.772 0.2000000030
104729  55.713  24.816  4.630 0.8000000119
104730  55.490  24.625  4.711 0.8000000119
104732  44.817  24.336  4.431 0.3000000119
104738  39.768  23.669  5.107 0.2000000030
104750  46.020  24.097  3.544 0.3000000119
104754  41.335  24.011  3.743 0.2000000030
104758  55.050  24.396  3.290 0.6999999881
104766  46.255  23.472  2.545 0.4000000060
104770  42.537  23.615  2.927 0.2000000030
104786  44.941  23.508  1.428 0.4000000060
104787  44.304  23.338  1.664 0.4000000060
104801  47.240  23.728  0.857 0.6000000238
104803  45.409  23.063  1.252 0.4000000060
105345  37.016  25.847  24.716 0.2000000030
105379  36.489  25.739  21.259 0.2000000030
105437  57.024  25.812  15.678 0.8999999762
105440  54.880  25.555  15.907 0.8999999762
105464  57.022  25.587  12.022 0.8999999762
105477  56.803  25.705  11.386 0.8999999762
105493  55.574  25.891  8.914 0.8000000119
105499  55.950  25.663  7.548 0.8999999762
105522  56.050  25.183  5.870 0.8999999762
105540  56.040  25.029  5.251 0.8000000119
105547  47.503  25.515  5.354 0.3000000119
105551  43.694  24.691  5.365 0.2000000030
105552  41.011  25.238  4.604 0.2000000030
105576  54.726  24.571  2.629 0.6999999881
105578  44.906  25.286  2.563 0.4000000060
105580  43.267  24.575  2.814 0.2000000030
105603  47.468  24.658  0.887 0.5000000000
105611  49.882  24.728  -0.692 0.6000000238
105617  51.639  25.725  -1.513 0.6000000238
105627  43.053  25.508  -4.612 0.1000000015
105634  42.726  25.643  -4.887 0.1000000015
106137  36.520  26.419  23.078 0.2000000030
106175  42.789  26.142  17.827 0.4000000060
106184  56.724  26.015  17.633 0.8999999762
106212  52.356  26.351  14.438 0.6999999881
106222  51.190  26.535  13.617 0.5000000000
106224  47.406  26.435  13.381 0.3000000119
106229  57.292  25.843  12.297 0.8999999762
106236  49.513  26.850  12.432 0.3000000119
106241  42.985  26.108  12.304 0.1000000015
106248  56.951  25.904  11.278 0.8999999762
106267  56.293  25.712  10.758 0.8999999762
106278  42.060  26.195  11.041 0.1000000015
106307  42.619  26.435  8.754 0.1000000015
106333  47.728  26.305  6.700 0.4000000060
106334  46.844  26.315  6.697 0.3000000119
106348  42.921  26.574  4.930 0.2000000030
106359  55.587  25.303  4.340 0.8000000119
106372  55.271  24.927  3.420 0.6999999881
106374  52.880  26.134  2.387 0.6999999881
106376  46.182  26.575  2.860 0.2000000030
106398  47.680  25.746  1.191 0.5000000000
106409  52.096  26.104  -1.266 0.6000000238
106418  44.942  25.947  -4.878 0.1000000015
106420  43.323  25.683  -4.217 0.1000000015
106430  42.462  25.683  -4.905 0.1000000015
106436  45.128  26.156  -5.086 0.1000000015
106951  37.782  27.013  24.037 0.2000000030
106968  37.604  27.433  20.306 0.3000000119
107017  57.058  26.604  13.338 0.8999999762
107019  57.134  26.494  12.495 0.8999999762
107030  43.847  26.797  11.797 0.1000000015
107048  45.412  27.383  9.592 0.1000000015
107057  46.636  27.331  8.868 0.4000000060
107060  44.088  27.029  9.177 0.1000000015
107066  56.086  26.922  7.541 0.8999999762
107087  55.922  26.443  5.877 0.8000000119
107103  45.198  27.858  4.329 0.2000000030
107142  50.614  27.724  -1.450 0.5000000000
107155  44.268  26.297  -4.219 0.1000000015
107166  46.215  27.113  -5.723 0.1000000015
107168  44.206  25.782  -5.104 0.1000000015
107169  43.069  25.991  -5.123 0.1000000015
107177  45.810  26.969  -5.319 0.1000000015
107179  42.266  25.808  -5.187 0.1000000015
107553  51.000  28.628  29.103 0.1000000015
107691  40.893  28.195  17.089 0.4000000060
107729  55.835  28.132  12.077 0.8999999762
107745  55.968  28.115  10.298 0.8999999762
107760  54.023  29.023  7.672 0.6999999881
107785  43.174  28.974  6.323 0.2000000030
107795  49.696  28.740  5.323 0.4000000060
107806  46.145  29.084  4.056 0.2000000030
107812  50.148  28.471  3.807 0.4000000060
107835  49.295  28.402  0.072 0.4000000060
107839  51.996  28.764  -1.522 0.4000000060
107851  40.656  27.911  -2.523 0.1000000015
107885  45.545  27.613  -5.625 0.1000000015
108348  52.407  30.180  19.455 0.8000000119
108394  44.475  29.720  16.090 0.5000000000
108432  28.910  29.403  10.412 0.1000000015
108448  52.987  29.582  8.658 0.6999999881
108463  40.770  29.243  7.950 0.1000000015
108470  48.768  29.766  6.710 0.4000000060
108480  48.933  29.751  6.095 0.4000000060
108515  51.279  30.068  -1.363 0.4000000060
108557  44.260  28.608  -3.413 0.1000000015
109038  51.493  31.119  18.376 0.8000000119
109115  49.061  30.602  10.525 0.4000000060
109127  50.631  30.137  9.908 0.6000000238
109149  41.474  30.526  7.760 0.1000000015
109154  48.395  30.367  6.999 0.4000000060
109166  43.979  30.059  6.023 0.2000000030
109172  46.110  30.569  4.399 0.2000000030
109184  48.398  30.876  1.899 0.2000000030
109190  48.994  30.839  1.093 0.4000000060
109202  52.293  30.947  -0.789 0.4000000060
109234  43.533  30.110  -2.651 0.1000000015
109254  42.365  30.549  -4.810 0.1000000015
109266  45.635  30.148  -6.990 0.1000000015
109690  40.091  31.514  21.041 0.2000000030
109717  42.133  31.950  15.993 0.2000000030
109729  51.116  31.298  14.375 0.8999999762
109753  48.092  31.675  11.413 0.3000000119
109754  47.216  31.740  11.188 0.2000000030
109769  49.602  31.191  11.046 0.5000000000
109777  30.429  31.666  10.878 0.1000000015
109783  46.806  31.603  9.787 0.2000000030
109792  46.796  31.837  8.872 0.2000000030
109809  48.367  31.166  6.467 0.3000000119
109817  48.727  31.663  5.779 0.3000000119
109818  45.366  31.246  5.185 0.2000000030
109827  45.800  31.774  4.682 0.1000000015
109858  37.705  31.960  -0.013 0.1000000015
109869  52.075  31.251  -0.826 0.4000000060
110400  47.967  32.860  12.120 0.2000000030
110411  47.596  32.247  11.712 0.2000000030
110415  32.580  32.232  11.213 0.1000000015
110420  54.100  33.598  9.755 0.6999999881
110423  46.324  32.082  10.315 0.2000000030
110428  34.862  32.440  10.746 0.1000000015
110470  43.456  32.403  6.413 0.1000000015
110491  45.749  32.635  4.599 0.1000000015
110504  46.805  32.468  3.653 0.1000000015
110517  52.459  32.806  1.926 0.4000000060
110547  52.314  32.338  -0.002 0.4000000060
110558  52.289  31.765  -0.444 0.4000000060
110564  42.802  32.410  -1.136 0.1000000015
110605  45.322  32.046  -7.423 0.1000000015
111069  45.430  33.254  11.476 0.2000000030
111074  53.043  34.270  10.237 0.6000000238
111075  45.239  33.062  10.970 0.2000000030
111076  44.838  33.555  10.702 0.2000000030
111079  33.964  33.336  10.263 0.1000000015
111081  32.257  33.145  10.312 0.1000000015
111119  43.259  33.234  6.253 0.1000000015
111159  52.247  33.842  3.103 0.3000000119
111179  52.615  33.530  1.315 0.4000000060
111189  52.243  33.161  0.615 0.4000000060
111190  51.349  33.277  0.502 0.4000000060
111191  50.461  33.269  0.667 0.4000000060
111194  40.917  33.017  0.859 0.1000000015
111204  42.980  33.282  -0.961 0.1000000015
111692  47.305  34.193  12.485 0.2000000030
111693  46.430  34.279  12.405 0.2000000030
111709  43.558  34.988  10.399 0.2000000030
111712  44.133  34.422  9.912 0.2000000030
111721  39.079  33.993  8.122 0.1000000015
111725  34.239  34.236  8.394 0.1000000015
111746  41.792  34.250  6.443 0.1000000015
111772  44.494  34.273  4.907 0.1000000015
111778  53.200  34.896  2.825 0.4000000060
111780  51.522  34.179  3.815 0.3000000119
111781  46.632  34.230  3.372 0.1000000015
111786  53.008  34.640  2.344 0.4000000060
111787  52.849  34.987  2.104 0.3000000119
111788  48.409  34.483  2.013 0.2000000030
111796  52.768  34.200  1.726 0.4000000060
111802  40.500  34.881  1.825 0.1000000015
111847  42.321  34.663  -4.361 0.1000000015
111863  41.634  34.247  -4.411 0.1000000015
111905  45.052  34.474  -8.520 0.1000000015
112315  53.866  36.198  12.198 0.6000000238
112319  46.208  35.148  12.428 0.2000000030
112325  54.024  35.828  10.708 0.5000000000
112342  44.292  35.251  8.143 0.2000000030
112347  46.313  35.126  7.139 0.2000000030
112349  44.762  35.416  7.632 0.2000000030
112355  39.920  35.263  6.086 0.1000000015
112374  50.806  35.261  4.550 0.3000000119
112375  50.041  35.467  4.854 0.3000000119
112376  44.923  35.273  4.013 0.1000000015
112379  42.232  36.074  4.448 0.1000000015
112381  40.090  35.808  4.700 0.1000000015
112400  46.196  35.892  2.914 0.1000000015
112402  39.794  35.297  2.873 0.1000000015
112409  41.252  35.907  1.295 0.1000000015
112448  45.212  35.345  -2.974 0.1000000015
112462  42.579  35.734  -3.437 0.1000000015
112474  47.934  35.371  -4.897 0.1000000015
112475  43.401  35.784  -4.554 0.1000000015
112502  47.088  35.656  -6.113 0.1000000015
112950  54.034  36.518  11.391 0.5000000000
112951  53.756  37.296  11.682 0.5000000000
112955  45.963  36.055  12.166 0.2000000030
112956  45.090  36.087  12.045 0.2000000030
112979  42.227  36.899  10.126 0.2000000030
112998  47.880  36.088  5.764 0.2000000030
112999  47.121  36.261  6.028 0.3000000119
113012  53.126  36.966  3.797 0.3000000119
113021  53.285  36.880  3.234 0.3000000119
113028  53.300  36.715  3.015 0.3000000119
113035  42.210  37.113  3.082 0.1000000015
113043  47.923  36.332  2.129 0.2000000030
113073  42.594  36.251  -0.338 0.1000000015
113089  41.091  37.316  -1.596 0.1000000015
113102  41.432  36.518  -2.055 0.1000000015
113124  49.347  36.241  -4.965 0.1000000015
113126  43.854  36.324  -5.194 0.1000000015
113164  44.720  36.413  -8.577 0.1000000015
113554  39.572  37.339  15.439 0.1000000015
113597  41.467  37.748  12.779 0.1000000015
113608  53.085  38.430  11.174 0.5000000000
113628  42.052  38.151  10.251 0.1000000015
113647  40.642  37.982  8.214 0.1000000015
113654  43.394  36.801  7.023 0.2000000030
113656  41.819  37.622  7.111 0.2000000030
113663  44.755  37.008  6.284 0.2000000030
113665  42.522  37.885  6.459 0.2000000030
113676  52.867  37.374  4.103 0.3000000119
113686  43.938  37.142  3.084 0.1000000015
113702  49.280  37.502  2.254 0.2000000030
113703  46.405  37.291  2.359 0.1000000015
113723  48.456  37.436  2.129 0.2000000030
113728  42.497  37.622  1.437 0.1000000015
113800  42.710  37.479  -3.224 0.1000000015
113814  50.396  37.358  -4.826 0.1000000015
113829  44.262  36.831  -5.939 0.1000000015
114259  38.073  38.017  14.062 0.1000000015
114276  52.283  39.312  10.932 0.4000000060
114317  40.145  38.552  8.825 0.1000000015
114318  39.637  39.012  9.103 0.1000000015
114328  41.077  38.794  6.730 0.1000000015
114329  40.322  39.055  7.275 0.1000000015
114334  41.781  38.912  6.148 0.2000000030
114341  42.437  38.962  5.749 0.2000000030
114348  46.288  38.738  4.564 0.2000000030
114358  53.338  38.381  3.444 0.2000000030
114376  44.791  37.946  2.340 0.1000000015
114377  43.823  38.240  2.041 0.1000000015
114389  46.474  38.589  1.668 0.1000000015
114417  45.324  38.538  -2.231 0.1000000015
114432  42.999  38.246  -3.657 0.1000000015
114468  43.927  38.733  -7.344 0.1000000015
114486  46.187  38.580  -8.335 0.1000000015
114488  44.362  38.440  -9.197 0.1000000015
114495  44.298  39.099  -9.398 0.1000000015
114496  44.029  39.713  -9.557 0.1000000015
114878  51.082  40.721  10.984 0.3000000119
114891  49.839  41.370  11.044 0.4000000060
114897  50.635  41.048  10.801 0.4000000060
114899  48.748  41.084  10.562 0.4000000060
114902  39.267  39.208  9.641 0.1000000015
114919  44.049  39.174  4.864 0.2000000030
114924  53.291  40.063  3.596 0.1000000015
114925  52.674  39.825  4.100 0.1000000015
114932  44.817  39.399  4.563 0.1000000015
114955  53.236  40.274  2.538 0.1000000015
114991  45.454  39.268  -1.644 0.1000000015
114992  44.862  39.182  -1.131 0.1000000015
115036  42.753  39.657  -4.696 0.1000000015
115044  50.843  38.719  -5.107 0.1000000015
115046  48.248  39.333  -5.860 0.1000000015
115049  43.525  39.299  -6.568 0.1000000015
115393  47.003  41.428  16.540 0.1000000015
115439  50.205  41.239  10.822 0.4000000060
115440  49.258  41.480  10.885 0.4000000060
115441  48.363  41.508  11.184 0.4000000060
115446  47.533  41.316  10.974 0.4000000060
115453  39.587  40.590  7.340 0.1000000015
115467  47.064  40.180  3.798 0.1000000015
115483  53.373  40.583  3.149 0.1000000015
115501  53.294  40.990  2.201 0.1000000015
115557  51.540  40.683  -2.940 0.1000000015
115574  51.328  40.082  -3.548 0.1000000015
115580  41.694  40.515  -3.598 0.1000000015
115606  50.327  39.527  -5.279 0.1000000015
115619  41.885  41.242  -6.711 0.1000000015
115623  44.835  40.796  -8.433 0.1000000015
115624  42.800  40.621  -8.739 0.1000000015
115629  44.527  40.764  -9.230 0.1000000015
115637  44.021  40.502  -9.585 0.1000000015
115639  42.924  41.000  -9.291 0.1000000015
115901  47.401  41.753  17.939 0.1000000015
115914  47.231  41.594  17.213 0.1000000015
115986  53.306  41.054  2.604 0.1000000015
115987  52.709  41.371  2.620 0.1000000015
116005  53.111  41.317  2.098 0.1000000015
116039  45.160  41.760  -2.213 0.1000000015
116069  51.331  41.468  -3.640 0.1000000015
116084  51.249  40.801  -4.187 0.1000000015
116086  44.413  41.127  -5.704 0.1000000015
116096  44.414  41.251  -6.858 0.1000000015
116105  44.413  41.385  -7.984 0.1000000015
116121  42.322  41.592  -9.146 0.1000000015
116131  42.631  41.669  -9.324 0.1000000015
116132  42.134  42.036  -9.307 0.1000000015
116447  38.417  41.799  9.167 0.1000000015
116527  51.896  42.233  -2.087 0.1000000015
116568  43.582  42.297  -3.507 0.1000000015
116597  40.921  42.294  -7.741 0.1000000015
116607  43.175  42.111  -9.221 0.1000000015
116610  41.134  42.845  -8.876 0.1000000015
116997  43.490  43.311  5.296 0.1000000015
117079  42.732  43.596  -2.709 0.1000000015
117094  43.193  42.968  -3.069 0.1000000015
117133  40.182  43.558  -8.062 0.1000000015
117134  39.740  44.127  -7.884 0.1000000015
117140  41.665  43.117  -9.066 0.1000000015
117150  42.093  42.484  -9.265 0.1000000015
117504  45.005  44.989  6.146 0.2000000030
117517  48.243  45.372  5.015 0.1000000015
117532  42.593  44.937  4.345 0.1000000015
117564  46.757  45.661  0.728 0.1000000015
117582  41.663  44.591  0.450 0.1000000015
117592  46.628  45.373  -0.480 0.1000000015
117594  44.956  45.483  -0.217 0.1000000015
117599  39.908  45.067  -0.344 0.1000000015
117628  41.616  44.591  -2.478 0.1000000015
117638  41.754  44.940  -4.183 0.1000000015
117672  42.443  44.669  -7.247 0.1000000015
117688  41.444  44.019  -8.592 0.1000000015
118057  48.811  46.326  5.283 0.1000000015
118061  43.386  45.678  5.511 0.1000000015
118076  48.773  46.838  4.220 0.1000000015
118091  44.052  45.177  2.678 0.1000000015
118143  39.493  45.693  -1.732 0.1000000015
118159  40.345  45.405  -2.864 0.1000000015
118194  41.476  46.218  -5.698 0.1000000015
118204  41.953  46.220  -7.172 0.1000000015
118216  41.507  45.945  -7.705 0.1000000015
118616  48.676  47.877  6.670 0.1000000015
118620  42.892  46.127  6.752 0.1000000015
118630  49.088  47.063  4.837 0.1000000015
118631  48.749  47.343  4.590 0.1000000015
118637  47.710  47.060  3.579 0.1000000015
118692  39.212  46.231  -2.235 0.1000000015
118723  41.531  46.739  -6.425 0.1000000015
118745  40.936  47.239  -7.608 0.1000000015
118746  40.206  46.637  -7.788 0.1000000015
119157  48.984  47.320  5.170 0.1000000015
119165  47.784  47.791  5.120 0.1000000015
119684  46.409  48.811  8.365 0.1000000015
126029  47.795  27.246  8.846 0.3000000119
126129  41.802  9.573  24.857 0.1000000015
126181  55.893  17.201  18.165 0.5000000000
126223  56.774  19.829  24.006 0.6999999881
126235  42.995  44.785  -0.188 0.1000000015
126256  37.113  34.717  6.133 0.1000000015
126606  50.032  26.991  10.907 0.4000000060
126615  51.070  26.654  12.791 0.3000000119
126656  42.094  19.876  21.447 0.3000000119
126805  53.449  19.560  12.729 0.4000000060
126952  55.630  17.518  12.165 0.3000000119
127010  35.980  29.793  -2.930 0.1000000015
127362  37.356  34.648  7.862 0.1000000015
127375  34.359  29.868  -4.033 0.1000000015
127440  50.772  5.356  29.186 0.1000000015
127580  53.109  12.771  8.929 0.1000000015
127585  42.050  9.606  21.942 0.1000000015
127708  43.116  5.214  33.109 0.1000000015
128456  43.174  17.033  21.357 0.2000000030
128669  55.071  16.395  7.052 0.2000000030
129149  43.586  25.964  -3.943 0.1000000015
129205  54.808  28.757  7.528 0.6999999881
129746  57.273  18.162  8.278 0.3000000119
129889  51.133  28.145  6.687 0.6999999881
130307  45.747  40.433  10.917 0.3000000119
130607  50.978  32.558  17.001 0.8999999762
130684  52.167  29.215  -0.367 0.4000000060
130711  46.214  29.022  -6.202 0.1000000015
130990  44.113  38.120  -9.016 0.1000000015
131391  51.521  15.556  15.217 0.3000000119
131508  39.971  32.199  8.558 0.1000000015
132063  38.461  34.815  4.277 0.1000000015
132173  44.010  14.283  17.067 0.2000000030
132237  49.587  31.985  0.825 0.5000000000
132319  42.139  36.206  9.114 0.2000000030
132440  56.536  17.435  15.333 0.5000000000
132540  46.425  39.412  -7.643 0.1000000015
133756  54.366  32.123  9.661 0.8000000119
133931  44.701  15.982  0.847 0.1000000015
134763  51.373  32.185  -0.257 0.4000000060
135185  50.685  31.258  -0.478 0.4000000060
135291  43.949  41.655  -4.027 0.1000000015
135339  44.129  34.611  9.215 0.2000000030
135344  42.179  36.924  -2.626 0.1000000015
135457  52.869  38.178  4.155 0.3000000119
135622  55.643  27.495  6.968 0.6999999881
135746  56.592  27.326  11.829 0.8999999762
135829  39.031  9.410  22.887 0.1000000015
135845  43.183  30.969  6.655 0.1000000015
136434  39.498  28.558  -2.588 0.1000000015
136598  52.112  24.295  -0.781 0.6999999881
136739  44.495  41.110  -4.609 0.1000000015
136933  42.901  7.106  28.622 0.1000000015
137067  37.191  28.770  -4.915 0.1000000015
137285  51.566  16.787  12.328 0.1000000015
137817  53.239  12.296  9.963 0.1000000015
137979  48.119  34.117  12.448 0.3000000119
138068  53.268  12.056  8.788 0.1000000015
138341  39.912  37.130  13.924 0.1000000015
138781  38.693  26.042  19.118 0.3000000119
138822  55.961  17.402  20.185 0.6000000238
139146  41.375  5.469  31.525 0.1000000015
140530  40.952  46.411  -7.888 0.1000000015
140863  50.451  35.122  17.406 0.5000000000
140967  50.715  42.227  -3.524 0.1000000015
141109  51.544  8.783  10.289 0.1000000015
141300  44.233  37.555  2.656 0.1000000015
141418  38.321  28.009  19.425 0.3000000119
141651  45.296  39.697  -0.130 0.1000000015
141955  35.836  22.132  21.687 0.1000000015
142079  53.368  39.324  3.162 0.1000000015
142297  53.594  17.380  19.806 0.5000000000
142679  50.128  43.428  -2.517 0.1000000015
142767  51.836  38.107  4.354 0.3000000119
142792  44.808  35.651  -8.588 0.1000000015
143087  57.822  18.033  12.960 0.3000000119
143237  57.555  17.661  9.689 0.3000000119
143533  44.766  16.083  3.784 0.1000000015
143658  47.181  27.329  11.659 0.3000000119
143683  47.258  34.412  2.813 0.1000000015
143833  34.561  16.825  22.573 0.1000000015
143985  41.299  44.676  -1.039 0.1000000015
144098  43.487  25.943  12.730 0.1000000015
144100  48.281  33.482  12.298 0.2000000030
144207  49.059  39.339  4.018 0.1000000015
144904  48.723  17.077  0.688 0.1000000015
145017  50.880  40.684  11.152 0.4000000060
145291  55.513  28.878  9.736 1.0000000000
145317  43.559  40.879  -9.486 0.1000000015
145418  40.677  24.696  10.447 0.1000000015
145487  53.512  34.741  10.188 0.6000000238
145751  43.575  30.779  -2.494 0.1000000015
146337  38.710  6.962  28.025 0.1000000015
146420  39.346  20.894  27.239 0.1000000015
146705  49.195  21.175  22.419 0.8000000119
147073  46.400  29.906  4.022 0.2000000030
147284  47.043  46.271  2.178 0.1000000015
147398  45.718  16.857  0.884 0.1000000015
148000  49.998  28.400  5.637 0.4000000060
148122  47.579  23.486  0.928 0.5000000000
148203  57.123  25.761  13.599 0.8999999762
148466  40.959  30.116  -1.615 0.1000000015
148610  53.102  25.282  6.147 0.6999999881
148874  46.627  21.404  11.573 0.2000000030
148894  51.096  20.563  16.025 0.5000000000
148953  42.257  27.298  26.419 0.2000000030
149003  53.349  19.620  15.037 0.5000000000
149014  41.951  25.304  12.129 0.1000000015
149016  53.008  26.486  12.007 0.6999999881
149385  50.652  16.697  17.917 0.4000000060
149428  49.928  38.571  4.242 0.1000000015
149429  39.988  37.293  13.210 0.1000000015
149599  53.909  19.548  13.209 0.4000000060
149684  42.419  44.337  -1.226 0.1000000015
149767  36.283  12.955  21.953 0.2000000030
149915  42.766  31.171  6.925 0.1000000015
150007  40.203  21.913  21.478 0.2000000030
150090  46.303  34.638  7.470 0.2000000030
150235  50.675  23.898  -0.644 0.6000000238
150709  45.718  27.465  10.016 0.1000000015
150911  43.498  14.463  3.785 0.1000000015
150969  41.198  41.566  -4.148 0.1000000015
151095  39.163  23.465  20.758 0.2000000030
151224  36.495  16.269  21.636 0.2000000030
151247  48.290  18.786  28.475 0.1000000015
151287  42.165  45.478  6.165 0.1000000015
151508  46.878  30.002  3.580 0.2000000030
151550  43.231  16.649  21.087 0.2000000030
151846  44.328  37.189  -6.720 0.1000000015
151856  44.620  39.515  -9.413 0.1000000015
151927  47.330  31.436  10.746 0.2000000030
151970  47.210  27.428  10.917 0.3000000119
152000  42.607  38.834  -3.507 0.1000000015
152273  57.235  25.933  14.848 0.8999999762
152362  53.475  39.990  2.887 0.1000000015
152443  43.577  39.064  -5.716 0.1000000015
