#!ascii label  , from subject sub-v1s11x0050148_ses-1 vox2ras=TkReg
3005
37256  31.775  -45.472  55.027 0.5555559993
126806  30.876  -46.148  51.255 0.4444440007
150043  31.243  -46.082  53.272 0.4444440007
133270  31.326  -46.220  52.351 0.4444440007
140924  30.025  -45.866  53.371 0.5555559993
36232  30.720  -45.876  53.853 0.4444440007
36231  31.707  -45.963  54.005 0.4444440007
36218  32.172  -45.734  54.540 0.5555559993
36219  31.307  -45.715  54.620 0.5555559993
37257  30.884  -45.515  55.159 0.5555559993
143850  29.965  -46.098  50.974 0.4444440007
36220  30.459  -45.678  54.632 0.5555559993
36246  29.709  -45.885  52.517 0.4444440007
36233  30.046  -45.776  54.029 0.5555559993
37243  31.821  -45.146  55.242 0.4444440007
38269  31.460  -44.762  55.473 0.4444440007
37255  32.393  -45.201  54.977 0.4444440007
129191  31.168  -45.203  55.429 0.4444440007
36230  32.651  -46.040  54.077 0.5555559993
152185  32.465  -45.451  54.728 0.5555559993
36244  32.098  -46.199  53.301 0.4444440007
149548  29.241  -45.714  52.718 0.4444440007
36234  29.504  -45.702  53.579 0.5555559993
36221  29.744  -45.648  54.545 0.5555559993
36209  30.089  -45.527  55.197 0.5555559993
37279  28.724  -45.562  52.353 0.4444440007
37270  28.868  -45.553  53.359 0.5555559993
37295  28.004  -45.326  50.878 0.2222220004
38329  27.377  -44.803  50.405 0.1111110002
39309  31.763  -44.148  55.263 0.3333329856
39323  31.089  -43.527  55.279 0.3333329856
134702  31.158  -44.190  55.680 0.4444440007
38279  32.902  -44.904  54.828 0.4444440007
136613  32.572  -46.348  52.511 0.4444440007
36229  33.562  -46.066  54.118 0.4444440007
36217  32.955  -45.668  54.400 0.4444440007
36258  32.046  -46.255  51.465 0.4444440007
37259  28.997  -45.555  54.454 0.5555559993
37289  27.923  -45.154  51.902 0.4444440007
141940  34.677  -46.831  51.661 0.4444440007
36255  35.158  -46.837  52.913 0.4444440007
36241  34.879  -46.445  53.460 0.4444440007
36228  34.375  -46.078  53.923 0.4444440007
137082  32.520  -44.145  54.796 0.3333329856
39322  31.802  -43.514  54.717 0.3333329856
143835  33.649  -46.387  50.608 0.3333329856
140104  33.491  -46.490  52.858 0.4444440007
142658  33.744  -45.105  54.430 0.4444440007
148845  32.285  -43.472  54.252 0.3333329856
40482  31.771  -43.092  54.013 0.3333329856
36267  32.627  -46.185  50.610 0.3333329856
36268  31.513  -46.105  50.513 0.3333329856
38303  33.784  -44.180  53.777 0.3333329856
39332  32.907  -43.708  54.060 0.3333329856
128252  31.350  -42.675  53.202 0.3333329856
132907  32.054  -45.983  49.742 0.2222220004
36283  30.989  -46.024  49.682 0.2222220004
136141  27.390  -44.803  51.181 0.1111110002
36253  36.730  -46.881  52.441 0.4444440007
36239  36.427  -46.468  52.915 0.5555559993
37278  35.963  -46.033  53.348 0.4444440007
36265  35.272  -46.941  50.617 0.3333329856
36254  35.922  -47.047  52.444 0.4444440007
36240  35.623  -46.500  53.223 0.4444440007
36266  34.413  -46.603  50.405 0.3333329856
37267  35.177  -45.616  53.623 0.5555559993
36281  33.901  -46.294  49.689 0.3333329856
37268  34.483  -45.649  54.006 0.4444440007
36298  32.495  -45.949  48.956 0.2222220004
40492  32.067  -42.741  52.626 0.3333329856
40483  30.361  -42.487  53.360 0.2222220004
35231  37.249  -47.074  51.987 0.4444440007
37277  36.796  -46.058  53.006 0.5555559993
38300  36.321  -45.691  53.063 0.5555559993
35251  36.968  -47.255  50.026 0.3333329856
35232  36.659  -47.161  51.984 0.3333329856
35252  36.188  -47.149  50.294 0.3333329856
38301  35.701  -45.404  53.282 0.5555559993
36315  35.444  -46.327  47.625 0.2222220004
36295  35.296  -46.592  48.691 0.2222220004
36280  34.755  -46.587  49.632 0.2222220004
126263  35.258  -44.730  52.742 0.4444440007
36296  34.620  -46.179  48.009 0.1111110002
125985  33.385  -46.096  48.937 0.2222220004
37321  34.142  -45.755  46.683 0.1111110002
137417  37.776  -46.771  51.889 0.4444440007
36238  37.201  -46.477  52.464 0.5555559993
37287  37.534  -45.843  52.512 0.5555559993
35237  38.447  -47.038  50.441 0.3333329856
35250  37.743  -47.235  50.313 0.3333329856
38316  36.905  -45.415  52.413 0.5555559993
38317  36.039  -44.993  52.523 0.5555559993
36292  39.026  -46.782  48.900 0.3333329856
36277  38.396  -47.099  49.569 0.3333329856
38328  36.185  -44.754  51.229 0.4444440007
36313  37.926  -46.671  47.672 0.1111110002
36294  37.197  -46.904  48.324 0.2222220004
36278  36.388  -47.030  49.156 0.2222220004
38335  36.341  -44.342  50.058 0.3333329856
38318  35.294  -44.467  51.503 0.3333329856
36327  37.628  -46.269  46.876 0.1111110002
36314  36.984  -46.541  47.380 0.1111110002
135044  36.146  -46.324  47.103 0.1111110002
36328  36.718  -46.092  46.583 0.1111110002
148743  35.514  -46.075  46.910 0.1111110002
36330  35.098  -45.829  46.388 0.1111110002
37344  33.552  -45.477  46.012 0.1111110002
36329  35.908  -45.947  46.373 0.1111110002
37343  34.582  -45.504  45.673 0.1111110002
37372  32.097  -44.802  45.035 0.1111110002
151994  30.565  -44.653  44.181 0.1111110002
37286  38.170  -46.201  52.141 0.5555559993
38315  37.909  -45.002  52.102 0.6666669846
139785  38.984  -46.778  50.492 0.4444440007
142319  38.198  -45.523  52.170 0.5555559993
38327  37.076  -44.760  51.120 0.5555559993
36291  39.616  -46.533  49.237 0.4444440007
36275  39.538  -46.571  50.107 0.5555559993
37284  39.467  -45.727  51.442 0.4444440007
38326  37.708  -44.331  51.069 0.6666669846
38334  37.148  -44.189  50.083 0.5555559993
37305  40.092  -46.080  48.765 0.4444440007
36311  39.569  -46.336  48.253 0.4444440007
37298  40.462  -45.564  49.274 0.4444440007
37318  40.117  -45.297  47.326 0.3333329856
37319  39.618  -45.952  47.544 0.3333329856
36326  38.539  -46.328  47.237 0.2222220004
38359  39.749  -45.006  46.722 0.3333329856
37339  38.911  -45.379  46.545 0.3333329856
129643  38.181  -45.815  46.574 0.2222220004
37340  37.207  -45.749  46.220 0.1111110002
37342  35.482  -45.601  45.731 0.1111110002
37371  33.224  -44.864  44.743 0.1111110002
37283  40.145  -45.225  51.193 0.6666669846
38314  38.706  -44.857  51.962 0.6666669846
37292  40.401  -45.455  50.265 0.5555559993
38312  40.162  -44.425  51.426 0.5555559993
38341  40.677  -44.915  48.803 0.3333329856
38358  40.388  -44.640  46.876 0.3333329856
150110  40.400  -45.199  47.773 0.3333329856
136734  40.085  -45.818  47.978 0.3333329856
38313  39.479  -44.771  51.741 0.6666669846
39361  38.705  -43.500  51.524 0.6666669846
40518  38.282  -42.898  50.947 0.7777780294
38333  40.673  -44.814  49.851 0.5555559993
40517  40.368  -43.097  50.862 0.5555559993
39360  39.740  -43.716  51.614 0.6666669846
143463  39.201  -43.328  51.609 0.6666669846
39390  40.685  -44.123  49.242 0.4444440007
39378  40.668  -43.953  50.410 0.5555559993
143590  38.500  -41.806  51.132 0.6666669846
39416  41.434  -43.636  47.239 0.3333329856
38349  40.682  -44.786  47.972 0.3333329856
40544  40.768  -43.326  48.481 0.4444440007
40531  40.506  -43.154  49.736 0.6666669846
39425  41.848  -42.758  46.509 0.4444440007
39426  41.420  -43.585  46.864 0.4444440007
39403  41.246  -43.618  47.615 0.4444440007
40501  39.868  -42.281  51.127 0.6666669846
140298  40.061  -43.093  51.324 0.6666669846
137515  38.935  -41.866  51.202 0.7777780294
133819  40.372  -42.232  49.055 0.6666669846
136801  40.180  -42.225  50.319 0.6666669846
41626  37.826  -41.080  51.001 0.6666669846
133666  40.795  -42.380  48.173 0.4444440007
40559  42.531  -42.405  47.174 0.5555559993
40560  41.914  -43.003  47.281 0.4444440007
40575  42.558  -42.437  46.910 0.5555559993
141948  39.264  -41.906  51.151 0.6666669846
41625  38.566  -41.095  51.030 0.7777780294
41649  39.994  -41.255  49.678 0.6666669846
42687  39.459  -40.552  50.586 0.6666669846
42688  39.246  -40.450  51.083 0.6666669846
42701  37.856  -40.286  50.771 0.7777780294
41665  41.668  -41.928  47.763 0.5555559993
40542  42.362  -42.290  47.362 0.5555559993
41664  42.769  -41.387  47.679 0.5555559993
41679  43.034  -41.746  47.337 0.5555559993
41678  43.514  -41.250  47.379 0.5555559993
140292  40.810  -38.824  50.523 0.6666669846
44696  40.393  -38.657  50.913 0.6666669846
43719  42.089  -39.347  49.244 0.6666669846
43720  40.897  -39.302  49.594 0.6666669846
43704  39.943  -39.312  50.425 0.6666669846
43687  39.505  -38.930  50.834 0.6666669846
42713  42.615  -40.144  48.451 0.5555559993
42714  41.226  -40.031  48.615 0.5555559993
41666  40.596  -41.214  48.432 0.6666669846
44681  38.762  -38.737  50.696 0.5555559993
42729  43.075  -40.784  47.993 0.5555559993
42730  42.000  -40.919  47.996 0.5555559993
42728  43.618  -40.764  47.825 0.5555559993
42749  44.547  -40.301  47.401 0.5555559993
41677  44.048  -40.809  47.354 0.5555559993
42726  44.930  -39.783  47.800 0.5555559993
44695  41.202  -38.393  51.010 0.7777780294
133993  40.568  -38.241  51.037 0.6666669846
43703  41.703  -38.793  50.286 0.6666669846
44680  39.571  -38.509  50.785 0.6666669846
43718  43.439  -39.556  49.000 0.6666669846
43702  42.913  -38.738  50.086 0.7777780294
42741  43.959  -40.655  47.733 0.5555559993
42711  44.135  -40.070  48.283 0.6666669846
42740  44.519  -40.236  47.666 0.5555559993
42739  44.912  -39.861  47.572 0.5555559993
44679  41.629  -38.009  51.340 0.7777780294
46709  40.979  -37.366  50.965 0.6666669846
44694  42.188  -38.304  50.936 0.6666669846
46710  40.080  -37.593  50.716 0.6666669846
43701  43.817  -38.935  49.660 0.6666669846
43717  44.267  -39.305  49.028 0.6666669846
44735  46.316  -38.314  47.696 0.6666669846
43735  45.250  -39.366  48.069 0.5555559993
42727  44.504  -39.920  48.143 0.6666669846
127223  44.754  -39.457  48.451 0.6666669846
43762  45.798  -38.838  47.581 0.6666669846
43750  45.324  -39.379  47.746 0.6666669846
142430  41.685  -37.357  51.124 0.6666669846
46707  42.492  -36.992  51.155 0.6666669846
46720  41.250  -37.004  50.794 0.6666669846
44693  43.762  -38.389  50.334 0.7777780294
143205  43.383  -37.816  50.944 0.6666669846
45720  47.710  -36.731  47.868 0.7777780294
44691  45.180  -38.004  49.674 0.7777780294
44692  44.540  -38.321  49.901 0.7777780294
141016  47.159  -37.342  47.989 0.7777780294
133067  46.309  -38.094  48.368 0.6666669846
145650  45.051  -38.507  49.227 0.6666669846
44709  44.699  -38.881  49.115 0.6666669846
145653  44.256  -38.749  49.624 0.7777780294
43749  45.791  -38.849  47.883 0.6666669846
43734  45.783  -38.687  48.250 0.6666669846
47749  41.786  -36.784  50.669 0.6666669846
46694  44.180  -36.410  51.222 0.8888890147
47736  43.202  -36.317  51.006 0.8888890147
47737  42.341  -36.715  50.865 0.8888890147
140914  41.665  -36.519  50.083 0.6666669846
46705  44.680  -36.858  50.987 0.8888890147
46706  43.547  -36.736  51.212 0.8888890147
47788  48.358  -35.721  47.819 0.7777780294
46730  47.580  -36.083  48.700 0.7777780294
45685  46.136  -37.014  49.649 0.8888890147
135794  45.424  -37.392  50.091 0.8888890147
45686  44.772  -37.678  50.362 0.7777780294
44677  44.108  -37.824  50.662 0.7777780294
127648  48.339  -35.854  47.436 0.7777780294
45709  47.365  -36.757  48.387 0.7777780294
44721  46.797  -37.474  48.370 0.7777780294
44708  46.267  -37.628  48.924 0.7777780294
44690  45.721  -37.677  49.446 0.7777780294
137363  45.665  -38.269  48.898 0.6666669846
147313  47.961  -35.954  45.993 0.6666669846
48881  44.149  -35.375  50.508 0.7777780294
146358  43.567  -35.649  50.070 0.6666669846
48880  44.958  -34.840  50.544 0.8888890147
48869  43.977  -35.733  50.956 0.8888890147
47747  43.433  -35.899  50.671 0.6666669846
48866  46.513  -34.649  50.435 0.8888890147
135484  45.469  -35.142  50.775 0.8888890147
131767  45.014  -35.158  50.886 0.8888890147
142902  44.505  -35.622  51.008 0.8888890147
48899  48.560  -34.684  48.209 0.7777780294
48890  48.249  -34.771  48.694 0.8888890147
47757  47.907  -35.461  48.689 0.7777780294
47758  47.335  -35.678  49.325 0.8888890147
47733  46.586  -35.171  50.369 0.8888890147
144085  46.277  -36.341  50.078 0.8888890147
47734  45.389  -35.675  50.855 0.8888890147
149926  48.500  -35.518  47.654 0.7777780294
46731  47.192  -36.367  48.991 0.7777780294
45698  46.782  -36.953  48.963 0.8888890147
48909  48.818  -34.475  47.723 0.7777780294
47787  48.666  -35.195  47.379 0.6666669846
47800  48.747  -35.029  46.675 0.6666669846
47819  48.067  -35.459  45.363 0.6666669846
129132  44.541  -34.925  50.022 0.7777780294
49983  45.077  -34.418  49.904 0.7777780294
48889  48.510  -34.007  48.716 0.8888890147
49994  48.233  -33.571  49.359 0.8888890147
48878  47.767  -34.029  49.718 0.8888890147
126517  47.065  -34.058  50.284 0.8888890147
49972  46.521  -34.002  50.380 0.8888890147
49995  45.598  -33.727  49.776 0.8888890147
49996  45.149  -34.238  49.055 0.7777780294
134946  48.756  -34.061  48.161 0.8888890147
51004  47.001  -33.071  50.256 0.8888890147
51018  46.148  -33.222  50.143 0.8888890147
48918  48.973  -34.436  47.094 0.6666669846
132235  49.130  -33.755  47.436 0.7777780294
48932  48.651  -34.922  45.843 0.6666669846
50007  45.179  -34.011  48.085 0.6666669846
50005  48.889  -33.296  48.377 0.8888890147
49993  48.558  -33.218  48.995 0.8888890147
51016  47.940  -32.296  49.925 0.8888890147
51002  47.638  -32.653  50.035 0.8888890147
131719  46.451  -31.961  49.173 0.8888890147
51044  46.039  -32.737  49.053 0.7777780294
137545  45.722  -33.166  48.181 0.6666669846
50015  49.244  -33.093  47.812 0.8888890147
52033  47.722  -32.124  50.097 0.8888890147
51003  47.530  -32.758  50.100 0.8888890147
133141  46.529  -32.435  49.926 0.8888890147
146703  49.480  -32.934  47.165 0.8888890147
144097  49.510  -33.061  46.554 0.7777780294
51029  48.841  -32.404  48.980 0.8888890147
131790  47.938  -31.621  50.031 0.8888890147
52073  46.537  -31.582  48.335 0.5555559993
51043  46.121  -32.367  48.258 0.6666669846
52047  47.784  -31.504  50.096 0.8888890147
53167  47.610  -31.156  50.058 0.8888890147
52085  46.761  -31.160  47.377 0.5555559993
129105  49.912  -31.026  48.002 0.8888890147
51055  49.616  -32.276  47.656 0.8888890147
52084  50.015  -31.390  47.446 0.8888890147
150186  49.714  -32.524  46.668 0.7777780294
51068  49.681  -32.616  46.094 0.7777780294
51015  48.442  -31.930  49.723 0.7777780294
128820  47.865  -31.045  50.022 0.8888890147
53201  47.210  -29.733  46.820 0.5555559993
53208  47.122  -30.345  46.060 0.4444440007
52071  49.586  -31.054  48.649 0.8888890147
128501  49.003  -31.508  49.251 0.7777780294
53166  47.961  -30.706  50.004 0.8888890147
53182  47.221  -30.782  49.602 0.8888890147
128514  47.076  -30.261  47.660 0.7777780294
126388  47.030  -30.538  46.806 0.5555559993
52072  49.325  -31.815  48.650 0.8888890147
53212  47.025  -30.217  45.159 0.2222220004
53200  50.253  -30.543  47.541 0.8888890147
52112  50.331  -31.277  45.974 0.6666669846
51097  49.476  -31.850  44.647 0.6666669846
53206  50.635  -30.462  46.275 0.7777780294
52130  50.173  -31.184  45.196 0.7777780294
146080  49.125  -30.695  49.334 0.8888890147
52046  48.350  -31.095  49.764 0.7777780294
53207  47.201  -29.695  45.915 0.3333329856
54248  47.044  -29.259  45.404 0.2222220004
52060  49.689  -30.130  48.889 0.8888890147
53165  48.076  -30.460  49.792 0.7777780294
54208  47.975  -29.986  49.780 0.7777780294
54219  47.266  -29.876  48.689 0.6666669846
151531  47.216  -29.535  47.793 0.7777780294
53190  50.059  -30.415  48.204 0.8888890147
53205  50.643  -29.858  46.868 0.8888890147
131942  51.012  -29.629  46.189 0.7777780294
53230  50.337  -30.078  44.118 0.6666669846
54247  51.403  -29.079  45.838 0.7777780294
53243  50.055  -29.703  43.320 0.6666669846
54259  50.768  -29.352  43.808 0.6666669846
55251  51.082  -28.634  43.532 0.5555559993
54240  47.154  -28.902  46.344 0.2222220004
55234  46.882  -28.558  45.670 0.2222220004
54207  49.431  -29.610  49.275 0.8888890147
55180  48.544  -28.982  49.590 0.7777780294
55181  48.214  -29.133  49.655 0.7777780294
55215  47.425  -28.113  48.141 0.7777780294
54231  47.250  -28.879  47.423 0.6666669846
55245  46.703  -28.685  44.944 0.1111110002
54217  50.459  -29.147  47.921 0.8888890147
55192  49.364  -28.242  49.206 0.8888890147
56247  48.901  -28.198  49.477 0.8888890147
55203  47.832  -28.331  49.193 0.7777780294
54228  50.837  -28.985  47.125 0.8888890147
55243  51.721  -27.956  45.429 0.7777780294
54265  50.483  -29.029  43.030 0.5555559993
54266  49.904  -29.351  42.656 0.4444440007
55250  51.545  -28.125  44.162 0.6666669846
54269  50.204  -28.776  42.277 0.4444440007
55266  49.906  -28.517  41.514 0.2222220004
55276  49.036  -28.602  40.281 0.2222220004
55258  50.789  -28.373  42.734 0.4444440007
55265  50.488  -28.122  41.957 0.3333329856
55289  49.459  -27.974  39.878 0.2222220004
56375  49.422  -27.364  39.643 0.2222220004
55302  49.133  -27.757  39.124 0.2222220004
57476  49.242  -26.853  39.412 0.2222220004
57486  48.758  -26.875  38.228 0.2222220004
58491  47.740  -25.827  36.408 0.2222220004
126287  46.781  -27.452  46.828 0.3333329856
55225  46.787  -28.058  46.274 0.3333329856
56315  45.480  -27.487  44.942 0.2222220004
56303  44.951  -26.732  45.213 0.2222220004
55235  46.285  -27.916  45.467 0.2222220004
147536  50.686  -28.190  47.744 0.8888890147
55191  49.939  -28.417  48.729 0.8888890147
56259  49.291  -27.546  49.146 0.8888890147
56272  47.691  -27.359  48.676 0.7777780294
131241  50.966  -27.846  47.345 0.8888890147
55232  51.648  -27.935  45.872 0.7777780294
150557  51.747  -27.907  44.926 0.7777780294
56332  51.359  -27.391  43.593 0.6666669846
149960  51.163  -26.955  43.266 0.5555559993
138704  50.908  -27.088  42.677 0.5555559993
56348  50.473  -27.390  41.766 0.3333329856
57456  49.467  -26.209  41.031 0.3333329856
58460  48.989  -25.995  40.375 0.3333329856
57467  49.501  -26.775  40.191 0.2222220004
58468  48.844  -26.202  39.700 0.3333329856
58474  48.228  -25.894  38.214 0.2222220004
57381  45.263  -26.395  45.717 0.4444440007
56293  45.782  -26.656  46.158 0.3333329856
56292  46.270  -27.288  46.220 0.4444440007
56302  45.576  -27.088  45.692 0.2222220004
56284  47.132  -27.156  47.665 0.5555559993
56271  50.496  -26.908  48.154 0.8888890147
57315  49.206  -26.848  49.058 0.7777780294
58378  48.368  -26.159  48.679 0.7777780294
56273  47.534  -26.560  48.211 0.6666669846
58384  50.896  -24.972  47.667 0.8888890147
146785  51.178  -26.415  47.420 0.8888890147
56270  51.018  -27.198  47.470 0.8888890147
56283  51.258  -27.313  46.973 0.8888890147
58396  51.356  -25.522  47.267 0.8888890147
57344  51.556  -26.466  46.513 0.8888890147
57380  51.719  -26.912  45.869 0.7777780294
58395  51.671  -25.268  46.715 0.8888890147
58416  51.732  -25.954  46.064 0.8888890147
57400  51.897  -26.965  45.039 0.7777780294
58427  51.676  -26.192  44.842 0.7777780294
57440  50.839  -26.518  43.109 0.4444440007
57455  50.146  -26.387  42.074 0.3333329856
57363  46.408  -26.630  46.797 0.4444440007
57364  45.683  -26.114  46.247 0.4444440007
58376  49.588  -26.242  48.604 0.7777780294
58377  49.012  -26.159  48.822 0.7777780294
141033  47.864  -26.166  48.418 0.7777780294
58389  47.411  -25.886  47.895 0.6666669846
57347  46.279  -25.859  46.826 0.5555559993
58408  45.714  -25.588  46.193 0.4444440007
57365  45.204  -25.878  45.656 0.5555559993
58386  49.387  -25.473  48.405 0.8888890147
59371  51.494  -24.466  47.146 0.8888890147
58406  51.725  -25.192  46.356 0.8888890147
143657  51.752  -25.836  45.676 0.8888890147
58417  51.683  -25.218  45.473 0.6666669846
58437  50.463  -24.856  43.652 0.6666669846
60514  49.912  -23.913  42.362 0.5555559993
61652  50.972  -22.741  41.149 0.5555559993
58436  50.975  -25.876  43.858 0.6666669846
59428  49.923  -24.709  42.802 0.5555559993
58407  46.313  -25.288  46.752 0.6666669846
59373  47.826  -24.800  47.684 0.7777780294
59374  46.982  -24.987  47.250 0.6666669846
59362  49.067  -24.783  48.149 0.8888890147
58397  47.394  -25.342  47.689 0.6666669846
58398  46.846  -25.574  47.347 0.5555559993
59360  50.438  -24.570  47.870 0.8888890147
59361  49.818  -24.656  48.099 0.8888890147
60441  51.657  -23.763  46.834 0.8888890147
60457  51.702  -23.562  46.536 0.7777780294
60487  51.370  -23.270  44.924 0.7777780294
60500  51.190  -22.946  44.188 0.7777780294
61607  51.736  -22.322  44.661 0.7777780294
59392  51.736  -24.353  46.344 0.7777780294
59403  51.372  -24.230  45.178 0.6666669846
131152  50.272  -23.928  43.221 0.5555559993
60512  50.864  -23.048  43.420 0.7777780294
61637  51.466  -22.388  42.574 0.6666669846
61651  51.647  -22.361  41.549 0.5555559993
61666  52.891  -21.934  40.665 0.4444440007
59384  46.581  -24.689  46.539 0.5555559993
59372  48.655  -24.348  47.826 0.6666669846
59383  47.358  -24.407  47.021 0.5555559993
59385  45.796  -25.023  46.090 0.5555559993
60428  49.499  -23.925  47.865 0.8888890147
60445  48.902  -23.608  47.576 0.7777780294
59359  50.944  -24.055  47.606 0.8888890147
60444  50.170  -23.219  47.685 0.8888890147
60442  51.372  -23.503  47.213 0.8888890147
60458  51.622  -23.030  46.798 0.8888890147
60472  51.771  -23.285  46.256 0.7777780294
61591  51.764  -22.637  45.579 0.7777780294
61621  51.657  -22.279  43.682 0.7777780294
61650  52.439  -21.904  42.019 0.6666669846
62715  53.168  -21.732  41.462 0.5555559993
147877  53.489  -21.645  40.996 0.6666669846
60446  48.134  -24.062  47.354 0.5555559993
147426  49.564  -23.232  47.637 0.8888890147
60443  50.826  -23.277  47.553 0.8888890147
61568  49.956  -22.608  47.520 0.8888890147
61566  51.267  -22.717  47.183 0.8888890147
61579  51.729  -22.593  46.414 0.7777780294
61590  51.925  -22.066  46.079 0.7777780294
61620  52.428  -21.427  44.159 0.7777780294
142180  53.137  -21.125  43.362 0.6666669846
62699  53.415  -21.380  42.498 0.6666669846
62685  53.654  -20.715  43.124 0.7777780294
63706  54.090  -20.213  42.858 0.7777780294
143649  54.665  -20.958  41.350 0.8888890147
62740  54.682  -21.102  40.606 0.7777780294
61581  49.623  -22.148  47.040 0.8888890147
62642  50.462  -21.931  47.275 0.8888890147
62641  51.142  -21.974  47.080 0.8888890147
62652  51.829  -21.665  46.277 0.7777780294
62663  51.905  -20.837  46.113 0.8888890147
61606  52.102  -21.600  45.296 0.7777780294
62674  52.485  -20.740  44.797 0.7777780294
63670  52.204  -20.617  45.378 0.7777780294
63693  52.913  -20.265  44.168 0.8888890147
63692  53.456  -20.182  43.576 0.7777780294
63681  52.486  -20.198  44.719 0.8888890147
62655  50.148  -21.448  46.776 0.8888890147
62654  50.986  -21.288  46.961 0.8888890147
63659  51.415  -20.885  46.537 0.8888890147
63671  51.400  -20.422  46.035 0.8888890147
62662  52.112  -21.176  45.741 0.7777780294
63682  51.961  -20.157  45.377 0.8888890147
144372  51.671  -19.689  44.905 0.7777780294
64715  52.981  -19.705  44.061 0.7777780294
62665  49.720  -21.262  45.830 0.6666669846
62664  50.733  -20.826  46.443 0.7777780294
63683  51.166  -19.921  45.320 0.6666669846
39311  29.953  -43.501  56.352 0.4444440007
37245  29.568  -45.352  55.759 0.4444440007
40471  31.046  -42.916  54.290 0.2222220004
37246  28.880  -45.404  55.431 0.5555559993
135892  30.101  -42.678  54.232 0.2222220004
38258  30.573  -44.686  55.950 0.4444440007
37244  30.399  -45.294  55.660 0.4444440007
36243  33.115  -46.305  53.504 0.4444440007
37258  29.456  -45.537  55.117 0.5555559993
37288  28.662  -45.614  51.371 0.4444440007
37280  28.196  -45.237  52.985 0.4444440007
38336  27.395  -44.848  49.533 0.1111110002
39310  30.631  -43.838  56.001 0.4444440007
37254  33.029  -45.315  54.606 0.4444440007
39321  33.237  -44.448  54.497 0.3333329856
36257  33.335  -46.457  51.750 0.4444440007
36242  34.061  -46.381  53.604 0.4444440007
37269  33.723  -45.661  54.286 0.4444440007
37247  28.255  -45.279  54.932 0.5555559993
37271  28.307  -45.274  53.968 0.5555559993
36256  34.299  -46.650  52.791 0.4444440007
36227  35.119  -46.094  53.608 0.4444440007
136465  32.247  -43.094  53.548 0.3333329856
36282  33.032  -46.087  49.753 0.2222220004
151618  33.490  -43.600  52.916 0.3333329856
39346  32.930  -43.284  53.039 0.2222220004
36299  31.507  -45.883  48.939 0.2222220004
36300  30.476  -45.972  48.890 0.2222220004
35240  36.090  -47.194  51.357 0.3333329856
35239  37.010  -47.272  51.096 0.3333329856
36279  35.548  -46.883  49.648 0.2222220004
150225  35.471  -47.072  51.527 0.3333329856
138165  35.148  -45.069  53.521 0.4444440007
38290  34.577  -45.088  53.934 0.4444440007
37306  32.929  -45.864  48.182 0.2222220004
39345  33.928  -43.818  52.614 0.4444440007
36316  34.846  -45.993  47.175 0.1111110002
127732  36.227  -46.667  48.023 0.2222220004
126449  34.268  -46.279  48.857 0.2222220004
36252  38.482  -46.710  51.283 0.4444440007
36276  39.069  -46.881  49.790 0.3333329856
36312  38.803  -46.578  47.999 0.2222220004
36293  38.192  -46.969  48.595 0.3333329856
35264  37.500  -47.182  49.314 0.2222220004
37341  36.314  -45.626  45.825 0.1111110002
37361  32.846  -45.178  45.547 0.1111110002
37360  33.853  -45.181  45.207 0.1111110002
146427  38.850  -46.139  51.610 0.4444440007
37285  38.829  -45.547  51.951 0.5555559993
37299  40.068  -46.151  49.693 0.5555559993
37293  39.893  -46.015  50.631 0.5555559993
146713  39.193  -46.265  47.583 0.3333329856
38348  40.803  -44.421  47.287 0.3333329856
37338  39.555  -45.635  47.028 0.3333329856
37320  39.070  -46.006  47.064 0.3333329856
38389  31.314  -44.550  44.357 0.1111110002
39362  38.493  -44.269  51.670 0.6666669846
38325  40.550  -44.620  50.812 0.6666669846
39359  40.395  -43.798  51.183 0.6666669846
40502  39.436  -42.694  51.332 0.6666669846
40503  38.872  -42.669  51.363 0.7777780294
39417  40.997  -44.173  47.611 0.3333329856
39415  42.036  -43.038  47.023 0.5555559993
41623  39.314  -41.415  51.012 0.6666669846
42689  38.588  -40.567  50.915 0.7777780294
42715  40.134  -40.126  49.339 0.6666669846
42700  39.172  -39.786  50.814 0.6666669846
43688  38.757  -39.765  50.851 0.6666669846
42712  43.502  -40.316  48.282 0.5555559993
150174  42.997  -38.203  50.816 0.7777780294
44678  42.557  -37.885  51.221 0.7777780294
46721  40.584  -37.097  50.583 0.6666669846
43716  45.223  -38.908  48.609 0.6666669846
46692  45.016  -36.125  51.060 0.8888890147
45654  44.217  -36.867  51.221 0.8888890147
46704  45.185  -36.392  50.868 0.8888890147
48867  45.705  -34.551  50.561 0.8888890147
127132  45.981  -35.202  50.681 0.8888890147
149657  48.162  -34.245  49.164 0.8888890147
47746  47.218  -34.891  49.894 0.8888890147
46719  46.714  -35.722  50.001 0.8888890147
49982  45.667  -34.079  50.308 0.8888890147
133011  47.192  -33.415  50.206 0.8888890147
51005  46.297  -33.583  50.296 0.8888890147
50006  45.619  -33.510  48.964 0.7777780294
51017  46.802  -32.711  50.192 0.8888890147
48931  49.019  -34.316  46.338 0.6666669846
48944  48.859  -34.189  45.479 0.6666669846
51042  49.299  -32.432  48.267 0.8888890147
144700  46.944  -31.540  49.868 0.8888890147
52061  46.787  -31.296  49.167 0.8888890147
52048  47.252  -31.908  50.162 0.8888890147
53191  46.944  -30.735  48.591 0.7777780294
52097  50.230  -31.319  46.689 0.8888890147
51067  49.982  -31.953  46.368 0.7777780294
51082  49.867  -31.927  45.620 0.7777780294
51083  49.385  -32.690  45.304 0.6666669846
53181  47.761  -30.563  49.886 0.8888890147
150700  47.197  -30.340  49.158 0.7777780294
54254  46.808  -29.427  44.595 0.2222220004
54229  50.418  -29.792  47.666 0.8888890147
128625  50.374  -30.714  46.973 0.8888890147
53211  50.579  -30.636  45.600 0.7777780294
53220  50.567  -30.403  44.916 0.6666669846
54196  48.772  -29.628  49.575 0.8888890147
140697  50.177  -29.774  48.314 0.8888890147
54218  47.713  -29.358  49.376 0.7777780294
54230  47.434  -28.994  48.473 0.7777780294
54239  51.158  -29.067  46.420 0.7777780294
53219  51.010  -29.828  45.541 0.7777780294
54253  51.010  -29.636  44.648 0.7777780294
55233  51.614  -28.482  45.592 0.7777780294
54252  51.492  -29.076  45.195 0.7777780294
54258  51.374  -28.907  44.366 0.6666669846
55179  48.985  -28.782  49.512 0.8888890147
54206  49.989  -29.246  48.713 0.8888890147
55193  48.449  -28.260  49.524 0.7777780294
55216  47.103  -28.111  47.122 0.4444440007
55202  50.432  -28.562  48.131 0.8888890147
149640  48.427  -27.101  49.230 0.7777780294
56261  48.203  -27.508  49.265 0.7777780294
55214  51.120  -28.210  46.948 0.8888890147
55213  51.460  -27.875  46.380 0.7777780294
56301  51.719  -27.458  45.691 0.7777780294
55257  51.242  -28.051  43.259 0.5555559993
56314  51.707  -27.473  44.600 0.7777780294
54276  49.244  -28.912  41.093 0.3333329856
55275  49.707  -28.236  40.689 0.2222220004
54277  48.496  -29.291  40.706 0.2222220004
56333  50.926  -27.742  42.615 0.4444440007
148696  50.156  -27.441  41.100 0.3333329856
56362  49.850  -27.517  40.491 0.2222220004
55303  48.669  -28.163  38.688 0.2222220004
57485  49.140  -27.173  38.903 0.2222220004
57477  48.767  -26.468  38.923 0.2222220004
57509  48.027  -26.473  36.890 0.2222220004
135886  47.994  -25.870  37.247 0.2222220004
55190  50.534  -27.834  48.076 0.8888890147
56258  49.860  -27.641  48.706 0.7777780294
57316  48.653  -26.740  49.102 0.7777780294
57317  48.074  -26.761  48.925 0.7777780294
56291  51.629  -27.307  46.076 0.8888890147
151116  51.797  -27.076  45.510 0.7777780294
57466  50.079  -26.975  41.031 0.3333329856
58457  49.391  -25.428  41.627 0.3333329856
57346  46.911  -26.233  47.489 0.5555559993
57314  49.741  -26.935  48.727 0.7777780294
58385  50.180  -25.459  48.181 0.8888890147
58388  47.968  -25.540  48.150 0.7777780294
57345  51.386  -26.763  46.894 0.8888890147
131109  51.778  -26.515  45.604 0.8888890147
58446  50.311  -25.627  42.976 0.5555559993
58447  49.754  -25.367  42.346 0.4444440007
59363  48.439  -24.985  48.050 0.7777780294
59416  51.128  -25.078  44.598 0.6666669846
59404  50.796  -23.909  44.222 0.7777780294
60513  50.546  -23.160  42.534 0.7777780294
61638  50.952  -22.707  41.869 0.6666669846
60523  50.316  -23.274  41.734 0.4444440007
59442  49.243  -24.556  41.173 0.3333329856
59429  49.556  -24.619  42.004 0.3333329856
59393  51.753  -24.341  45.957 0.7777780294
132965  52.386  -22.116  41.085 0.5555559993
61667  52.177  -22.296  40.336 0.4444440007
61580  51.552  -22.198  46.701 0.7777780294
61636  52.475  -21.732  43.077 0.7777780294
62714  53.983  -21.298  41.695 0.7777780294
62726  54.016  -21.425  40.858 0.7777780294
62686  53.065  -20.641  43.827 0.6666669846
137206  54.039  -20.885  42.494 0.7777780294
64714  53.572  -19.644  43.322 0.8888890147
63720  54.451  -20.617  42.095 0.8888890147
63705  54.555  -20.046  42.281 0.8888890147
62653  51.499  -21.416  46.595 0.8888890147
39297  30.077  -44.101  56.438 0.4444440007
37234  29.939  -45.080  56.133 0.4444440007
37235  29.371  -45.040  56.336 0.4444440007
40472  30.554  -42.996  54.948 0.2222220004
34238  9.636  -48.600  57.679 0.1111110002
35203  9.343  -47.651  57.456 0.1111110002
139737  9.259  -49.225  56.726 0.1111110002
134805  9.739  -48.087  57.548 0.1111110002
33272  9.594  -50.002  57.013 0.1111110002
135458  9.564  -49.233  57.559 0.1111110002
35189  10.097  -47.454  57.512 0.1111110002
31271  9.890  -51.375  53.296 0.1111110002
40532  37.742  -42.813  49.973 0.5555559993
151482  12.826  -53.720  58.840 0.1111110002
31257  9.984  -51.613  56.033 0.1111110002
32263  9.975  -49.986  57.816 0.1111110002
31265  9.796  -51.570  54.078 0.1111110002
31261  9.909  -51.649  54.974 0.1111110002
32269  9.673  -50.669  56.235 0.1111110002
34231  10.119  -48.917  57.837 0.1111110002
31270  10.195  -51.860  52.977 0.1111110002
132510  9.686  -50.936  54.684 0.1111110002
30293  10.721  -51.855  52.309 0.1111110002
31277  10.382  -51.513  52.462 0.1111110002
31278  10.070  -51.118  52.617 0.1111110002
32278  9.624  -50.802  53.802 0.1111110002
31288  11.151  -51.573  51.909 0.1111110002
31289  10.553  -51.065  51.941 0.1111110002
39391  37.266  -43.505  49.457 0.5555559993
30242  13.243  -52.684  61.107 0.2222220004
29133  13.178  -53.810  59.597 0.1111110002
28099  12.257  -53.965  57.761 0.1111110002
31253  10.098  -50.906  57.136 0.1111110002
140284  10.278  -49.964  58.173 0.1111110002
33268  10.016  -49.358  57.938 0.1111110002
33267  10.411  -49.614  58.163 0.1111110002
30234  14.970  -52.297  61.197 0.3333329856
30274  10.101  -52.089  53.633 0.1111110002
141728  10.385  -52.774  53.979 0.1111110002
34222  10.873  -48.505  57.918 0.1111110002
34223  10.460  -48.323  57.707 0.1111110002
30292  11.181  -52.197  52.255 0.1111110002
30273  10.425  -52.564  53.363 0.1111110002
31287  11.806  -52.006  51.971 0.1111110002
40545  37.342  -42.718  49.030 0.5555559993
39392  36.646  -43.863  49.235 0.3333329856
39405  36.903  -43.255  48.690 0.3333329856
39393  35.670  -43.877  49.102 0.3333329856
39408  34.879  -43.474  48.427 0.2222220004
39394  34.694  -43.702  49.366 0.2222220004
30243  12.334  -52.399  60.836 0.2222220004
29137  12.300  -53.528  58.554 0.1111110002
28102  12.169  -54.369  57.082 0.1111110002
30252  10.860  -52.175  57.616 0.1111110002
31256  10.401  -51.950  56.903 0.1111110002
143190  14.066  -52.363  61.274 0.3333329856
29141  10.730  -52.944  56.735 0.1111110002
30259  10.523  -53.077  55.665 0.1111110002
30260  10.197  -52.366  55.299 0.1111110002
34229  11.213  -48.852  58.027 0.1111110002
34230  10.761  -49.150  58.106 0.1111110002
31238  14.249  -51.623  61.507 0.3333329856
31237  15.364  -51.631  61.438 0.3333329856
30265  10.416  -52.986  54.749 0.1111110002
146445  10.642  -53.159  53.724 0.1111110002
32249  15.343  -50.131  61.991 0.3333329856
28119  11.011  -54.342  54.680 0.1111110002
28112  11.065  -54.411  55.508 0.1111110002
28129  10.941  -53.806  53.885 0.1111110002
28142  11.320  -53.902  53.317 0.1111110002
29176  10.967  -53.131  52.937 0.1111110002
145673  10.885  -52.449  52.567 0.1111110002
29189  12.021  -53.027  52.365 0.1111110002
29190  11.308  -52.785  52.540 0.1111110002
139740  11.682  -52.503  52.245 0.1111110002
41650  37.489  -41.774  49.671 0.4444440007
30291  12.408  -52.516  51.975 0.1111110002
43659  22.964  -39.801  55.742 0.2222220004
39406  36.447  -43.076  48.094 0.2222220004
43665  22.967  -39.844  54.443 0.2222220004
148177  36.329  -43.561  48.585 0.2222220004
39407  35.736  -43.429  48.198 0.2222220004
40547  34.274  -42.953  47.738 0.1111110002
134614  33.048  -42.668  48.759 0.1111110002
30248  11.617  -52.590  58.680 0.1111110002
137012  11.536  -51.903  59.006 0.1111110002
31246  11.687  -51.410  59.446 0.1111110002
32259  11.686  -50.720  59.000 0.1111110002
31233  14.825  -50.875  61.708 0.3333329856
31234  14.094  -50.823  61.679 0.3333329856
31239  13.283  -51.169  61.384 0.3333329856
151066  11.413  -52.935  57.691 0.1111110002
31250  10.864  -51.530  58.140 0.1111110002
32262  10.919  -50.345  58.458 0.1111110002
33266  11.670  -49.730  58.589 0.1111110002
29163  11.038  -53.640  53.426 0.1111110002
43649  22.253  -39.658  57.363 0.2222220004
43650  21.421  -39.810  57.069 0.2222220004
41637  37.642  -40.830  50.527 0.6666669846
127022  22.784  -39.738  56.688 0.3333329856
43655  21.503  -39.730  56.110 0.2222220004
43660  22.431  -39.699  55.033 0.2222220004
139215  38.048  -40.004  50.803 0.6666669846
148836  23.321  -39.985  54.092 0.2222220004
42673  23.726  -40.207  53.654 0.2222220004
39409  33.886  -43.123  48.799 0.1111110002
42681  23.956  -40.288  52.745 0.1111110002
30244  12.151  -52.304  60.062 0.2222220004
149352  12.352  -51.166  60.548 0.2222220004
31243  12.144  -51.018  59.978 0.1111110002
33262  12.014  -50.438  59.250 0.1111110002
33261  12.333  -50.059  59.461 0.1111110002
30245  11.757  -52.288  59.477 0.1111110002
31245  12.004  -51.636  59.919 0.1111110002
141008  11.235  -50.033  58.526 0.1111110002
32250  14.240  -50.164  61.910 0.3333329856
140279  15.125  -49.056  61.917 0.3333329856
34211  14.974  -48.486  61.619 0.3333329856
35178  15.582  -47.241  61.525 0.3333329856
37216  15.707  -45.917  59.416 0.1111110002
37223  16.123  -45.217  58.453 0.1111110002
41651  36.979  -41.222  48.950 0.4444440007
40546  36.913  -42.585  48.315 0.4444440007
39293  16.790  -43.934  57.546 0.1111110002
138601  37.956  -41.815  50.716 0.5555559993
41667  37.205  -42.052  48.730 0.4444440007
40455  17.580  -42.668  56.568 0.1111110002
146872  22.027  -39.588  56.617 0.2222220004
40466  17.434  -42.540  55.676 0.1111110002
43661  21.666  -39.634  55.271 0.2222220004
43690  38.078  -39.562  50.712 0.6666669846
127361  21.834  -39.581  54.606 0.2222220004
42667  19.603  -40.595  54.949 0.1111110002
43666  22.315  -39.658  54.224 0.2222220004
43672  22.855  -39.803  53.692 0.2222220004
43673  22.164  -39.563  53.608 0.1111110002
40549  31.926  -42.076  48.671 0.1111110002
41669  31.251  -41.851  48.558 0.1111110002
130060  29.826  -41.557  48.088 0.1111110002
42680  24.734  -40.581  52.480 0.1111110002
127731  29.789  -41.611  48.891 0.1111110002
41654  28.896  -41.556  49.044 0.1111110002
42692  24.889  -40.532  51.655 0.1111110002
41671  29.167  -41.505  48.256 0.1111110002
42691  25.710  -40.854  51.280 0.1111110002
142984  24.910  -40.441  50.842 0.1111110002
32255  12.671  -50.780  60.685 0.2222220004
33258  12.995  -50.243  60.718 0.1111110002
138801  12.709  -49.979  60.196 0.1111110002
32254  13.130  -50.649  61.144 0.2222220004
34217  13.910  -49.212  61.226 0.2222220004
33257  13.290  -49.689  60.617 0.1111110002
35186  14.765  -47.542  59.571 0.1111110002
36189  15.019  -46.944  60.321 0.1111110002
35185  15.133  -46.908  59.386 0.1111110002
128310  16.341  -44.541  57.206 0.1111110002
143186  15.827  -45.746  58.803 0.1111110002
39419  35.177  -43.095  47.679 0.2222220004
39304  17.191  -43.318  57.040 0.1111110002
126127  33.342  -42.720  47.998 0.1111110002
40465  18.027  -42.110  56.087 0.1111110002
40548  32.536  -42.363  48.300 0.1111110002
41652  30.674  -41.739  49.147 0.1111110002
41591  18.494  -41.600  55.618 0.1111110002
136084  29.407  -41.648  49.713 0.1111110002
140960  28.062  -41.415  49.150 0.1111110002
41655  28.558  -41.585  49.857 0.1111110002
43668  21.134  -39.687  54.519 0.1111110002
42674  20.477  -39.867  53.917 0.1111110002
143395  27.611  -41.436  49.974 0.1111110002
43674  21.638  -39.436  53.251 0.1111110002
43679  23.179  -39.910  52.913 0.1111110002
43680  22.337  -39.553  52.902 0.1111110002
43667  21.681  -39.562  53.970 0.1111110002
126079  21.075  -39.545  53.615 0.1111110002
41670  30.469  -41.678  48.335 0.1111110002
41656  27.224  -41.141  49.164 0.1111110002
42693  24.157  -40.245  51.927 0.1111110002
41685  28.674  -41.321  47.620 0.1111110002
41687  27.242  -40.903  47.868 0.1111110002
42703  26.105  -40.826  49.846 0.1111110002
34220  14.235  -48.265  59.898 0.1111110002
34221  13.711  -49.018  60.252 0.1111110002
33260  13.014  -49.550  59.550 0.1111110002
35192  14.969  -47.296  58.523 0.1111110002
34227  13.721  -48.888  58.920 0.1111110002
36194  15.476  -46.420  58.822 0.1111110002
37230  16.038  -45.164  57.585 0.1111110002
39305  16.574  -43.930  56.577 0.1111110002
43705  37.735  -39.709  50.560 0.4444440007
42702  37.286  -40.008  50.201 0.6666669846
40562  35.563  -42.470  47.162 0.2222220004
44698  37.280  -38.700  49.667 0.4444440007
41683  31.822  -41.990  47.796 0.1111110002
41590  19.066  -41.248  56.005 0.1111110002
130745  26.797  -41.152  49.819 0.1111110002
41672  28.397  -41.375  48.383 0.1111110002
43691  23.444  -39.911  52.156 0.1111110002
41673  27.614  -41.157  48.453 0.1111110002
41674  26.851  -40.839  48.430 0.1111110002
41686  27.903  -41.135  47.730 0.1111110002
42733  26.185  -40.552  48.330 0.1111110002
41657  26.314  -40.731  49.102 0.1111110002
42704  25.559  -40.660  50.328 0.1111110002
134114  14.406  -48.124  58.750 0.1111110002
41638  37.183  -40.736  49.819 0.4444440007
40561  36.372  -42.353  47.658 0.2222220004
41680  36.437  -41.512  47.593 0.3333329856
126440  19.361  -40.457  53.509 0.1111110002
42659  18.985  -41.086  55.200 0.1111110002
46735  37.893  -37.453  49.178 0.4444440007
45700  37.329  -38.135  49.296 0.3333329856
42716  36.788  -40.136  49.215 0.4444440007
148695  36.457  -39.903  48.546 0.4444440007
41691  35.545  -41.668  46.695 0.2222220004
40576  34.840  -42.255  46.585 0.2222220004
43676  19.939  -39.979  53.305 0.1111110002
42675  19.790  -40.318  54.109 0.1111110002
42732  36.145  -39.689  47.829 0.4444440007
42742  36.020  -40.869  47.175 0.3333329856
146707  34.421  -41.841  46.086 0.1111110002
43675  20.553  -39.652  53.192 0.1111110002
42666  20.336  -40.100  54.780 0.1111110002
43751  35.744  -38.934  47.300 0.2222220004
43766  35.536  -39.869  46.730 0.2222220004
41692  34.983  -41.440  46.186 0.2222220004
43682  21.026  -39.363  52.822 0.1111110002
142572  34.969  -39.591  45.976 0.2222220004
42752  34.991  -40.586  45.974 0.1111110002
41705  34.451  -41.208  45.644 0.1111110002
41693  33.742  -41.794  45.755 0.1111110002
43681  21.640  -39.336  52.570 0.1111110002
44737  35.593  -38.486  46.964 0.2222220004
43752  35.333  -38.949  46.610 0.2222220004
135508  33.205  -41.501  45.258 0.1111110002
149372  27.055  -41.330  50.306 0.1111110002
44751  35.252  -38.333  46.418 0.1111110002
43767  34.949  -38.809  46.074 0.2222220004
42761  34.391  -40.236  45.292 0.1111110002
41706  33.799  -41.059  45.139 0.1111110002
41642  26.453  -41.107  50.555 0.1111110002
43692  22.805  -39.655  52.330 0.1111110002
45735  35.164  -37.594  46.093 0.1111110002
44762  34.716  -38.275  45.783 0.1111110002
44763  34.063  -38.475  45.099 0.1111110002
43776  33.900  -39.464  44.838 0.1111110002
42762  33.604  -40.333  44.703 0.1111110002
46779  34.782  -36.862  45.541 0.1111110002
45747  34.396  -37.543  45.393 0.1111110002
47829  34.539  -36.180  45.028 0.1111110002
46790  34.088  -36.754  45.000 0.1111110002
144960  33.963  -36.139  44.566 0.1111110002
36200  15.341  -46.720  58.007 0.1111110002
37224  15.733  -45.954  57.969 0.1111110002
41600  18.381  -41.450  54.730 0.1111110002
35199  14.938  -47.303  57.534 0.1111110002
41608  18.234  -41.334  53.824 0.1111110002
41592  17.854  -41.949  55.216 0.1111110002
146009  18.992  -40.854  54.218 0.1111110002
43706  37.279  -39.303  50.002 0.5555559993
40565  32.753  -42.329  47.393 0.1111110002
43683  20.195  -39.594  52.327 0.1111110002
46744  38.778  -36.783  48.841 0.4444440007
45699  37.780  -37.844  49.528 0.5555559993
44710  36.822  -38.379  48.833 0.4444440007
40564  33.636  -42.572  47.159 0.1111110002
47778  39.008  -36.551  48.057 0.3333329856
129966  36.909  -39.453  49.584 0.5555559993
40577  34.010  -42.319  46.461 0.1111110002
43721  36.824  -38.937  49.323 0.3333329856
43722  36.522  -38.711  48.657 0.4444440007
137259  22.168  -39.346  51.966 0.1111110002
44723  36.363  -38.344  48.043 0.4444440007
45711  36.579  -37.846  47.988 0.4444440007
45722  36.020  -37.935  47.335 0.3333329856
46759  35.707  -37.453  46.631 0.2222220004
139773  23.608  -39.830  51.281 0.1111110002
46771  35.343  -37.020  46.025 0.1111110002
148346  24.355  -40.214  51.248 0.1111110002
47809  35.149  -36.506  45.610 0.1111110002
47828  34.961  -36.088  45.249 0.1111110002
47849  34.125  -35.766  44.278 0.1111110002
46745  38.184  -36.832  48.247 0.3333329856
46736  37.417  -37.712  48.910 0.4444440007
45710  37.030  -37.905  48.670 0.3333329856
43693  21.745  -39.096  51.276 0.1111110002
43694  21.162  -39.192  51.915 0.1111110002
47791  41.523  -36.273  47.197 0.2222220004
126753  40.763  -36.402  47.025 0.1111110002
126754  41.386  -36.198  46.500 0.2222220004
143360  36.623  -37.435  47.599 0.3333329856
41682  32.145  -41.965  46.640 0.1111110002
142137  30.997  -41.765  47.847 0.1111110002
42706  24.223  -40.004  50.578 0.1111110002
148657  22.934  -39.600  51.744 0.1111110002
46758  36.190  -37.423  47.135 0.2222220004
46770  35.762  -36.876  46.315 0.1111110002
47808  35.477  -36.292  45.670 0.1111110002
128855  34.646  -35.888  44.755 0.1111110002
146276  34.394  -35.738  44.244 0.1111110002
130635  20.502  -39.236  51.449 0.1111110002
126755  40.051  -36.438  47.733 0.1111110002
135452  22.615  -39.379  51.009 0.1111110002
47803  41.997  -35.890  46.071 0.2222220004
43723  24.146  -39.825  49.758 0.1111110002
141237  42.601  -35.626  46.255 0.3333329856
130589  36.926  -37.164  47.739 0.2222220004
46757  36.381  -37.023  47.012 0.1111110002
47807  36.069  -36.495  46.279 0.1111110002
47826  36.029  -35.900  45.533 0.1111110002
47827  35.179  -35.852  45.122 0.1111110002
42683  18.668  -40.805  53.191 0.1111110002
46746  37.524  -37.251  48.439 0.3333329856
48921  42.986  -35.154  45.902 0.3333329856
46756  37.501  -36.857  47.680 0.2222220004
47793  36.911  -36.854  47.231 0.1111110002
47806  37.511  -36.529  46.789 0.2222220004
130041  36.732  -36.314  46.142 0.1111110002
48933  44.005  -34.282  45.684 0.2222220004
48934  43.411  -34.620  45.426 0.2222220004
47820  42.439  -35.515  45.756 0.2222220004
51099  45.416  -32.272  44.596 0.1111110002
50044  44.317  -33.340  44.711 0.1111110002
126752  40.450  -36.329  46.170 0.1111110002
126448  39.210  -36.475  47.176 0.1111110002
53222  46.128  -30.592  43.766 0.1111110002
139269  41.170  -36.012  45.632 0.1111110002
146433  39.979  -36.432  46.854 0.1111110002
47821  41.937  -35.604  45.381 0.1111110002
47792  38.300  -36.613  47.471 0.2222220004
51086  45.012  -32.955  45.049 0.1111110002
52132  45.702  -31.453  44.045 0.1111110002
51100  44.724  -32.676  44.320 0.1111110002
50035  43.865  -34.000  45.051 0.1111110002
54260  46.436  -29.422  43.838 0.1111110002
53232  46.287  -29.972  43.546 0.1111110002
55259  45.676  -28.870  42.686 0.1111110002
51101  44.016  -32.979  44.033 0.1111110002
126778  44.427  -32.331  43.634 0.1111110002
56325  44.616  -27.411  43.658 0.1111110002
54261  46.016  -29.469  43.148 0.1111110002
55254  45.320  -28.183  43.126 0.1111110002
52133  45.052  -32.064  43.969 0.1111110002
53246  45.459  -29.655  42.384 0.1111110002
56326  43.725  -26.995  43.236 0.1111110002
57421  43.533  -26.058  43.714 0.1111110002
58429  44.132  -25.703  44.079 0.1111110002
55260  45.182  -28.447  42.400 0.1111110002
59407  44.170  -25.292  44.023 0.2222220004
59419  44.461  -24.878  44.067 0.3333329856
62676  48.852  -21.750  44.538 0.5555559993
61622  48.274  -22.315  43.901 0.5555559993
60490  46.514  -24.208  44.576 0.4444440007
130107  45.689  -24.586  44.760 0.4444440007
61608  48.317  -22.578  44.718 0.5555559993
60489  47.225  -23.744  44.313 0.4444440007
133605  45.945  -24.450  43.980 0.4444440007
56334  44.651  -27.817  42.665 0.1111110002
60502  46.703  -24.112  43.712 0.4444440007
59418  45.247  -24.627  43.545 0.4444440007
62675  49.540  -21.036  44.831 0.5555559993
61609  47.785  -23.094  44.097 0.4444440007
63684  50.225  -20.276  44.648 0.6666669846
64704  51.666  -19.388  44.319 0.7777780294
152204  50.900  -19.569  43.802 0.6666669846
62761  54.604  -21.094  39.780 0.7777780294
126527  55.281  -20.340  38.588 0.6666669846
57422  42.882  -25.592  43.152 0.1111110002
59432  44.326  -24.728  43.205 0.3333329856
149970  43.221  -26.958  42.559 0.1111110002
60501  47.328  -23.572  43.498 0.4444440007
143273  48.221  -22.099  43.190 0.5555559993
62688  48.764  -21.500  43.625 0.5555559993
137293  50.930  -19.700  44.489 0.6666669846
64716  52.430  -19.229  43.998 0.7777780294
67696  55.520  -16.434  37.910 0.6666669846
67677  56.380  -16.420  38.513 0.6666669846
66726  56.767  -17.308  38.962 0.6666669846
133603  56.945  -17.686  39.011 0.6666669846
65797  56.852  -18.398  39.160 0.5555559993
67710  54.937  -16.239  36.928 0.5555559993
64807  56.103  -19.638  38.438 0.5555559993
63774  55.179  -20.137  37.564 0.5555559993
67724  54.519  -16.042  35.955 0.5555559993
68700  54.545  -15.506  35.191 0.6666669846
67738  53.693  -16.633  34.567 0.3333329856
71682  55.194  -12.272  33.583 0.4444440007
70678  55.393  -12.976  34.249 0.5555559993
70666  54.944  -13.817  33.962 0.3333329856
131451  54.614  -15.055  34.590 0.6666669846
67744  53.609  -16.457  33.701 0.3333329856
68710  54.592  -14.821  33.685 0.5555559993
68711  54.084  -15.687  33.193 0.5555559993
67749  53.561  -16.363  32.773 0.3333329856
67745  52.974  -16.948  33.314 0.3333329856
59420  43.673  -24.957  43.538 0.1111110002
58438  43.558  -25.421  43.566 0.1111110002
57441  42.912  -26.343  43.052 0.1111110002
61623  47.817  -22.807  43.304 0.5555559993
62687  49.451  -20.807  43.966 0.5555559993
64717  51.503  -19.272  43.504 0.6666669846
133913  53.091  -19.263  43.625 0.7777780294
62713  54.928  -20.300  41.671 0.7777780294
66744  54.602  -17.028  37.132 0.6666669846
67678  55.760  -16.963  38.563 0.6666669846
66728  55.386  -17.533  38.912 0.6666669846
66706  56.469  -18.009  39.405 0.6666669846
64790  56.507  -19.092  39.529 0.6666669846
64791  56.391  -19.424  39.269 0.5555559993
63747  55.275  -20.598  40.324 0.7777780294
64772  56.159  -19.322  40.088 0.7777780294
63745  56.158  -19.570  39.786 0.6666669846
63763  55.923  -19.899  39.344 0.5555559993
63764  55.291  -20.505  39.533 0.6666669846
67725  53.857  -16.897  35.483 0.5555559993
70679  54.968  -13.018  33.293 0.3333329856
69667  54.716  -13.882  32.941 0.2222220004
66772  53.128  -17.097  34.158 0.3333329856
131842  52.484  -17.527  33.835 0.2222220004
66780  51.765  -17.977  33.536 0.2222220004
132754  55.535  -10.247  33.106 0.3333329856
70690  54.373  -12.921  32.454 0.2222220004
68718  54.447  -14.797  32.571 0.4444440007
67750  52.929  -16.910  32.394 0.3333329856
65852  51.203  -18.249  33.008 0.1111110002
145963  50.728  -18.512  32.655 0.1111110002
64858  49.452  -19.291  32.580 0.1111110002
66792  52.358  -17.209  30.832 0.1111110002
66793  51.606  -17.815  31.188 0.1111110002
65861  50.937  -18.226  31.418 0.1111110002
57442  42.345  -25.846  42.633 0.1111110002
63695  50.058  -20.072  43.653 0.5555559993
63694  50.522  -19.709  43.026 0.6666669846
64727  53.539  -19.174  43.016 0.7777780294
63691  54.151  -19.639  42.636 0.7777780294
134029  54.976  -17.259  38.091 0.6666669846
65818  54.477  -17.920  38.396 0.7777780294
66707  55.745  -17.982  39.542 0.7777780294
65776  55.962  -18.533  40.093 0.7777780294
65775  56.375  -18.760  39.821 0.7777780294
63732  55.223  -20.588  41.003 0.7777780294
64773  55.897  -19.726  40.225 0.7777780294
63746  55.783  -20.066  40.036 0.7777780294
66756  53.763  -17.528  36.371 0.4444440007
67711  54.328  -16.780  36.326 0.5555559993
65836  52.628  -18.129  35.431 0.3333329856
72678  54.937  -11.710  33.168 0.3333329856
146897  53.312  -17.211  34.866 0.3333329856
66773  52.683  -17.723  34.724 0.3333329856
145567  52.077  -18.021  34.279 0.1111110002
65843  51.486  -18.457  34.233 0.1111110002
64837  51.133  -18.954  34.851 0.1111110002
64838  50.360  -19.361  34.557 0.1111110002
72689  55.059  -10.941  33.091 0.3333329856
71692  54.645  -12.310  32.832 0.2222220004
144047  54.172  -13.800  31.937 0.4444440007
68726  54.210  -14.809  31.770 0.2222220004
68719  54.058  -15.605  32.192 0.2222220004
67758  52.936  -16.788  31.422 0.1111110002
146395  51.178  -18.465  33.625 0.1111110002
65853  50.661  -18.717  33.299 0.1111110002
64848  50.063  -19.241  33.664 0.1111110002
64839  49.614  -19.722  34.277 0.1111110002
63822  48.300  -20.310  33.423 0.1111110002
71693  54.035  -12.361  32.262 0.4444440007
70691  53.544  -12.887  31.802 0.4444440007
69689  53.676  -14.341  31.235 0.1111110002
69698  53.227  -14.840  30.728 0.1111110002
68737  53.295  -15.629  30.706 0.1111110002
129369  57.001  -8.845  33.378 0.3333329856
69700  51.475  -14.233  30.577 0.1111110002
68739  51.771  -15.121  30.106 0.1111110002
67783  52.399  -15.940  29.926 0.1111110002
66804  51.725  -17.514  30.261 0.1111110002
58448  42.345  -25.276  42.632 0.1111110002
62700  49.148  -20.787  42.958 0.4444440007
64792  53.304  -18.939  39.104 0.7777780294
65778  54.196  -18.532  39.707 0.7777780294
65799  53.903  -18.474  38.745 0.7777780294
65762  54.535  -18.672  40.633 0.7777780294
65761  55.409  -18.903  40.681 0.7777780294
63719  55.381  -19.954  41.185 0.7777780294
66745  54.092  -17.736  37.431 0.5555559993
65819  53.623  -18.405  37.804 0.6666669846
65777  55.178  -18.446  40.070 0.7777780294
65760  55.948  -19.104  40.451 0.7777780294
64756  55.721  -19.603  40.583 0.7777780294
63731  55.608  -20.110  40.594 0.7777780294
65830  53.309  -18.260  36.910 0.3333329856
125964  52.599  -18.700  36.594 0.3333329856
149871  52.039  -19.031  36.383 0.2222220004
62787  48.275  -20.922  37.205 0.2222220004
135594  52.301  -18.624  35.875 0.2222220004
64827  51.537  -19.130  35.774 0.1111110002
64819  50.889  -19.677  36.247 0.1111110002
63788  50.126  -19.908  35.896 0.1111110002
63790  48.918  -20.605  36.716 0.2222220004
64828  50.661  -19.484  35.408 0.1111110002
64829  49.875  -19.796  35.105 0.1111110002
72690  54.481  -11.609  32.598 0.2222220004
139885  49.506  -20.151  35.591 0.1111110002
74732  55.756  -9.835  32.745 0.3333329856
73741  54.631  -11.105  32.432 0.2222220004
72691  53.886  -12.000  32.238 0.3333329856
131354  53.122  -13.539  31.370 0.2222220004
69699  52.313  -14.495  30.682 0.1111110002
74731  56.388  -9.200  32.727 0.3333329856
71712  53.045  -12.701  31.560 0.3333329856
70704  52.805  -13.177  31.401 0.2222220004
69690  52.241  -13.713  31.066 0.2222220004
75698  57.282  -8.457  32.878 0.3333329856
71732  52.286  -13.039  31.158 0.2222220004
70715  51.547  -13.610  30.711 0.2222220004
59431  45.376  -24.526  42.546 0.4444440007
59417  46.138  -24.425  43.152 0.3333329856
61639  48.425  -21.560  42.722 0.5555559993
59421  42.878  -25.042  43.110 0.1111110002
64774  53.438  -18.923  40.071 0.7777780294
64758  53.889  -18.782  41.169 0.7777780294
64743  54.086  -19.040  42.150 0.7777780294
65800  53.082  -18.921  38.207 0.5555559993
65750  54.772  -19.120  41.333 0.7777780294
64742  54.771  -19.674  41.792 0.7777780294
64808  52.362  -19.304  37.795 0.4444440007
64757  55.390  -19.417  41.030 0.7777780294
65820  52.836  -18.816  37.366 0.4444440007
64817  52.183  -19.179  37.026 0.4444440007
64818  51.576  -19.444  36.651 0.2222220004
63776  50.279  -20.049  36.703 0.2222220004
63789  49.566  -20.279  36.306 0.2222220004
127240  48.923  -20.497  35.802 0.2222220004
73740  55.149  -10.422  32.411 0.3333329856
72707  54.068  -11.489  31.991 0.3333329856
72708  53.329  -12.036  31.678 0.3333329856
72709  52.792  -12.464  31.253 0.3333329856
74748  55.802  -9.707  32.023 0.3333329856
71733  51.765  -12.786  30.313 0.1111110002
75696  58.837  -8.292  32.850 0.3333329856
75714  59.372  -8.005  32.178 0.3333329856
70732  51.100  -13.351  30.172 0.1111110002
75697  58.254  -7.987  33.077 0.3333329856
74745  59.553  -8.256  31.813 0.3333329856
71745  51.272  -12.742  29.376 0.1111110002
70733  50.587  -13.366  29.564 0.1111110002
75732  60.071  -8.034  31.054 0.3333329856
76687  60.156  -7.608  30.715 0.3333329856
128097  49.756  -20.172  42.725 0.5555559993
64746  51.206  -19.666  40.825 0.7777780294
64745  52.305  -19.141  41.220 0.7777780294
64744  52.945  -18.906  42.240 0.7777780294
64728  52.409  -19.003  43.087 0.7777780294
64775  52.752  -19.237  39.360 0.6666669846
148611  52.602  -19.289  39.885 0.7777780294
64759  52.880  -19.031  40.657 0.7777780294
64793  52.544  -19.326  38.630 0.5555559993
64776  52.010  -19.597  39.237 0.7777780294
64794  51.810  -19.653  38.267 0.6666669846
63778  48.984  -20.655  37.657 0.4444440007
63767  49.068  -20.624  38.701 0.4444440007
64810  51.010  -19.846  37.071 0.2222220004
63765  50.390  -20.158  37.526 0.2222220004
63777  49.652  -20.373  37.153 0.3333329856
73772  54.518  -10.834  30.841 0.3333329856
151388  54.204  -11.161  31.484 0.3333329856
133754  53.804  -11.450  31.176 0.2222220004
74747  56.620  -8.905  31.980 0.3333329856
74765  55.986  -9.476  31.010 0.3333329856
72721  53.912  -11.314  30.137 0.1111110002
72722  53.060  -11.897  30.691 0.2222220004
72723  52.423  -12.480  30.742 0.2222220004
72730  53.245  -11.697  29.516 0.2222220004
75715  58.701  -7.744  32.377 0.3333329856
75713  59.762  -7.838  31.459 0.3333329856
72729  54.038  -11.258  29.027 0.2222220004
131530  51.952  -12.316  29.396 0.2222220004
72742  52.594  -11.961  28.939 0.1111110002
60516  46.861  -23.987  42.940 0.4444440007
138675  47.406  -23.299  42.725 0.3333329856
149407  50.834  -19.666  41.659 0.7777780294
64729  51.139  -19.408  42.533 0.6666669846
64777  51.179  -19.846  39.702 0.7777780294
63749  49.645  -20.377  39.464 0.6666669846
63734  49.476  -20.358  40.358 0.5555559993
63735  48.755  -20.725  40.591 0.4444440007
62727  48.199  -21.199  40.793 0.5555559993
147350  50.420  -20.132  39.169 0.6666669846
62764  48.238  -20.981  39.128 0.3333329856
63748  50.454  -20.182  38.339 0.4444440007
151528  49.858  -20.358  38.735 0.4444440007
137518  51.161  -19.922  38.749 0.4444440007
63766  49.747  -20.433  38.015 0.4444440007
73771  55.273  -10.148  30.377 0.3333329856
75733  58.043  -7.668  31.433 0.3333329856
61640  47.848  -22.364  42.487 0.5555559993
63708  49.217  -20.492  42.056 0.5555559993
63721  50.165  -20.008  41.027 0.5555559993
63707  50.071  -19.933  42.029 0.5555559993
63733  50.312  -20.053  40.083 0.6666669846
145880  55.433  -10.089  29.574 0.3333329856
73779  54.755  -10.683  29.598 0.2222220004
73825  59.770  -9.438  24.817 0.2222220004
62701  48.594  -21.092  42.093 0.5555559993
63722  49.344  -20.366  41.238 0.4444440007
63723  48.677  -20.846  41.371 0.4444440007
73826  58.707  -9.427  25.276 0.2222220004
29134  12.273  -53.161  59.458 0.1111110002
30236  12.654  -51.870  61.188 0.3333329856
28111  11.435  -54.910  55.879 0.1111110002
28106  11.235  -54.332  56.154 0.1111110002
33247  14.619  -49.485  61.932 0.3333329856
28118  11.393  -55.006  55.246 0.1111110002
31242  12.176  -51.588  60.530 0.2222220004
34214  14.541  -48.682  61.510 0.3333329856
29146  10.870  -53.773  56.005 0.1111110002
31240  12.572  -51.213  61.008 0.3333329856
144697  11.234  -54.500  54.210 0.1111110002
37214  15.729  -45.805  60.279 0.1111110002
35174  15.585  -47.838  61.581 0.3333329856
142050  13.509  -50.118  61.360 0.2222220004
35182  14.685  -47.649  60.685 0.2222220004
39317  17.019  -43.173  56.128 0.1111110002
76702  59.853  -7.177  30.207 0.3333329856
75741  58.620  -7.455  30.095 0.3333329856
76671  59.209  -7.574  31.704 0.3333329856
75748  59.119  -7.245  29.297 0.3333329856
76689  58.719  -7.452  31.003 0.3333329856
73790  54.727  -10.810  28.496 0.2222220004
128699  57.960  -7.754  30.523 0.3333329856
74764  56.482  -9.041  30.396 0.3333329856
75742  57.489  -8.240  29.693 0.3333329856
147346  9.747  -51.055  55.469 0.1111110002
30266  10.112  -52.262  54.398 0.1111110002
29128  12.779  -53.175  60.322 0.1111110002
150314  13.374  -53.702  60.177 0.2222220004
30241  14.521  -52.952  60.859 0.2222220004
29138  11.886  -53.280  58.185 0.1111110002
138647  11.778  -53.817  57.369 0.1111110002
30255  10.351  -52.425  56.129 0.1111110002
31252  10.503  -51.470  57.634 0.1111110002
32266  10.444  -50.777  58.145 0.1111110002
30281  10.571  -52.358  52.819 0.1111110002
29164  10.749  -53.120  53.315 0.1111110002
29135  11.861  -52.997  58.948 0.1111110002
146386  11.726  -54.524  56.551 0.1111110002
29145  11.257  -53.772  56.778 0.1111110002
31232  15.862  -51.004  61.629 0.3333329856
29150  10.664  -53.761  55.130 0.1111110002
29156  10.668  -53.498  54.316 0.1111110002
29175  11.570  -53.492  52.797 0.1111110002
30249  11.294  -52.059  58.367 0.1111110002
31249  11.271  -51.206  58.694 0.1111110002
32251  13.569  -50.292  61.481 0.3333329856
33246  15.496  -49.309  61.985 0.3333329856
32257  12.479  -50.462  60.098 0.1111110002
33248  13.908  -49.682  61.598 0.3333329856
35179  14.899  -47.868  61.417 0.3333329856
36186  15.377  -46.368  60.879 0.1111110002
36184  15.180  -47.069  61.216 0.3333329856
36188  15.423  -46.394  59.842 0.1111110002
42731  36.576  -40.719  48.156 0.4444440007
33253  13.587  -49.840  61.309 0.2222220004
148597  14.071  -49.332  61.531 0.2222220004
34216  14.287  -48.417  60.775 0.1111110002
131259  34.312  -42.632  46.994 0.1111110002
42705  24.809  -40.268  50.047 0.1111110002
42751  35.482  -40.907  46.455 0.2222220004
43737  36.203  -38.803  48.036 0.4444440007
44736  35.918  -38.381  47.427 0.2222220004
43775  34.499  -39.138  45.485 0.1111110002
45723  35.629  -38.003  46.856 0.2222220004
40578  33.167  -42.212  46.504 0.1111110002
41694  32.813  -41.878  45.805 0.1111110002
66727  56.272  -17.254  38.997 0.6666669846
64806  56.763  -19.028  38.872 0.5555559993
65817  57.109  -18.416  38.449 0.5555559993
68685  54.976  -15.217  36.017 0.5555559993
67737  54.121  -16.191  35.067 0.5555559993
68701  54.158  -15.794  34.262 0.5555559993
69656  54.871  -14.415  34.533 0.4444440007
66779  52.323  -17.422  32.975 0.3333329856
66785  51.738  -17.826  32.736 0.1111110002
67757  53.548  -16.292  31.826 0.2222220004
66784  52.189  -17.474  31.964 0.1111110002
133492  50.498  -18.549  32.016 0.1111110002
142453  51.254  -18.072  32.155 0.1111110002
64857  50.073  -18.938  32.757 0.1111110002
152382  49.406  -19.625  33.580 0.1111110002
67784  52.247  -16.738  29.955 0.1111110002
65798  54.819  -18.100  39.297 0.7777780294
65835  52.975  -18.177  36.086 0.3333329856
66768  53.200  -17.627  35.475 0.3333329856
147815  51.973  -18.429  35.032 0.1111110002
138180  54.370  -11.996  32.588 0.2222220004
65844  50.807  -18.874  34.042 0.1111110002
68727  53.791  -15.420  31.268 0.1111110002
67769  53.403  -16.153  31.080 0.1111110002
67770  52.875  -16.306  30.512 0.1111110002
63812  48.953  -20.053  33.888 0.1111110002
63800  49.087  -20.237  34.865 0.2222220004
63813  48.363  -20.507  34.287 0.2222220004
71711  53.554  -12.391  31.928 0.4444440007
138126  52.819  -14.119  31.067 0.2222220004
68738  52.720  -15.359  30.342 0.1111110002
73756  54.592  -10.888  31.797 0.3333329856
140242  53.231  -18.868  41.523 0.7777780294
64809  51.682  -19.591  37.438 0.3333329856
73755  55.173  -10.232  31.395 0.3333329856
75716  57.628  -8.011  32.230 0.3333329856
75740  60.509  -7.862  30.213 0.3333329856
74763  59.459  -8.823  31.233 0.2222220004
76688  59.545  -7.410  30.993 0.3333329856
64760  52.020  -19.476  40.233 0.6666669846
144386  51.762  -19.198  41.924 0.7777780294
63750  48.865  -20.678  39.722 0.3333329856
64795  51.103  -19.937  37.887 0.3333329856
134223  56.948  -8.594  31.203 0.3333329856
62743  48.194  -21.065  40.022 0.4444440007
139382  55.927  -9.601  29.986 0.3333329856
62716  48.157  -21.416  41.466 0.5555559993
145990  60.071  -7.027  29.484 0.3333329856
75734  57.206  -8.408  30.432 0.3333329856
74774  56.605  -9.019  29.574 0.3333329856
74775  55.956  -9.741  29.143 0.1111110002
37356  37.581  -45.296  45.911 0.1111110002
38373  38.306  -44.938  46.038 0.2222220004
149441  38.235  -45.372  46.266 0.2222220004
38374  37.579  -44.647  45.587 0.1111110002
38375  36.749  -44.912  45.302 0.1111110002
38384  36.290  -44.412  44.756 0.1111110002
38397  35.815  -43.816  44.221 0.1111110002
39427  40.059  -44.191  46.432 0.2222220004
38372  39.152  -44.601  46.237 0.2222220004
39440  39.399  -43.813  45.933 0.2222220004
40590  38.735  -43.270  45.531 0.2222220004
39441  38.394  -44.159  45.730 0.2222220004
39442  37.590  -44.090  45.414 0.2222220004
40606  37.951  -42.727  45.159 0.1111110002
39455  37.957  -43.578  45.416 0.1111110002
40607  37.034  -42.885  44.722 0.1111110002
39456  37.193  -43.647  45.091 0.1111110002
39457  36.441  -43.691  44.584 0.1111110002
39464  35.865  -43.472  44.149 0.1111110002
133631  40.777  -44.004  46.708 0.2222220004
148935  40.541  -43.735  46.404 0.2222220004
40589  39.631  -42.966  45.677 0.2222220004
40605  39.004  -42.353  45.279 0.2222220004
41717  37.523  -42.016  44.625 0.1111110002
40624  36.323  -42.894  44.337 0.1111110002
40587  41.225  -42.448  45.846 0.3333329856
39439  40.989  -43.281  46.326 0.3333329856
41703  40.590  -41.945  45.429 0.2222220004
40588  40.459  -42.734  45.774 0.3333329856
141414  40.078  -41.503  45.097 0.2222220004
41704  39.868  -42.152  45.393 0.2222220004
41715  39.404  -41.549  44.907 0.2222220004
42760  41.821  -41.071  45.444 0.3333329856
40586  41.897  -42.006  45.925 0.3333329856
42769  41.233  -40.367  44.856 0.2222220004
41713  41.073  -40.960  45.105 0.2222220004
41702  41.209  -41.620  45.448 0.3333329856
41714  40.576  -41.218  45.067 0.2222220004
43786  40.701  -39.849  44.357 0.2222220004
43793  40.812  -39.173  43.916 0.2222220004
41701  42.566  -41.584  46.137 0.3333329856
40574  42.986  -41.905  46.745 0.4444440007
42759  42.760  -40.644  45.771 0.3333329856
41700  43.267  -41.265  46.511 0.4444440007
42768  41.940  -40.105  45.115 0.3333329856
43785  41.344  -39.575  44.507 0.2222220004
41690  43.568  -41.387  46.951 0.4444440007
40558  43.081  -41.904  47.130 0.4444440007
142636  43.828  -41.032  46.892 0.4444440007
42758  43.639  -40.555  46.415 0.3333329856
43765  44.277  -39.716  46.426 0.4444440007
43773  43.331  -39.791  45.774 0.4444440007
42750  44.333  -40.549  46.950 0.4444440007
46768  48.074  -36.128  46.757 0.6666669846
46777  47.612  -36.435  46.177 0.6666669846
43783  42.916  -38.977  45.218 0.3333329856
132134  47.557  -36.024  45.394 0.5555559993
44770  42.635  -38.324  44.573 0.2222220004
43784  42.093  -39.130  44.726 0.2222220004
146111  46.459  -36.112  44.174 0.4444440007
44779  42.398  -37.775  43.969 0.2222220004
132450  46.089  -35.960  43.583 0.3333329856
43772  45.133  -39.225  46.781 0.4444440007
45721  47.331  -37.194  47.524 0.6666669846
44761  43.766  -38.875  45.641 0.4444440007
44750  45.787  -38.740  47.034 0.5555559993
43763  45.322  -39.390  47.393 0.5555559993
44748  46.794  -37.714  47.420 0.5555559993
44758  46.163  -37.935  46.556 0.5555559993
44759  45.444  -38.318  46.354 0.5555559993
44760  44.619  -38.643  46.062 0.4444440007
45733  47.206  -37.299  47.034 0.6666669846
45745  46.547  -37.131  45.880 0.5555559993
137335  44.727  -37.298  44.837 0.4444440007
46788  46.533  -36.498  44.918 0.4444440007
45757  45.359  -36.798  44.486 0.3333329856
48891  44.586  -34.822  49.290 0.6666669846
53231  49.596  -30.455  43.579 0.5555559993
53244  49.314  -29.999  42.739 0.4444440007
51057  45.881  -32.815  47.413 0.5555559993
51056  46.293  -32.029  47.440 0.4444440007
51070  46.052  -32.446  46.662 0.3333329856
51069  46.469  -31.772  46.699 0.3333329856
61592  49.410  -21.870  46.338 0.6666669846
61569  49.178  -22.889  47.285 0.5555559993
59395  45.363  -24.920  45.347 0.3333329856
59396  44.878  -25.280  44.931 0.3333329856
58428  44.564  -25.482  44.495 0.2222220004
61582  48.799  -22.640  46.390 0.5555559993
63672  50.445  -20.503  45.590 0.5555559993
142183  51.687  -22.456  40.821 0.4444440007
60460  47.759  -23.874  46.726 0.5555559993
59394  46.260  -24.472  45.598 0.3333329856
60461  47.135  -24.125  46.214 0.3333329856
60459  48.407  -23.385  46.949 0.3333329856
142903  47.893  -23.430  45.999 0.3333329856
60475  47.144  -23.904  45.256 0.3333329856
60474  48.323  -22.808  45.485 0.3333329856
60488  47.775  -23.292  44.949 0.3333329856
61665  53.276  -21.768  40.396 0.4444440007
61654  47.668  -22.170  41.530 0.4444440007
148918  47.801  -21.679  40.966 0.4444440007
62728  47.706  -21.576  40.323 0.2222220004
62744  47.627  -21.477  39.501 0.2222220004
62776  48.288  -20.949  38.158 0.3333329856
62762  53.795  -21.488  39.082 0.4444440007
62773  54.514  -20.943  38.831 0.5555559993
62774  53.708  -21.337  38.142 0.4444440007
72741  53.399  -11.670  28.489 0.1111110002
73789  55.305  -10.421  27.983 0.1111110002
74794  55.870  -10.113  27.515 0.1111110002
74805  56.936  -9.764  26.335 0.1111110002
73801  56.399  -9.873  26.958 0.1111110002
143277  57.596  -9.214  26.328 0.1111110002
74803  58.743  -8.720  25.872 0.2222220004
130805  58.045  -9.356  25.789 0.1111110002
73827  57.808  -10.192  25.338 0.1111110002
73843  58.724  -10.445  24.787 0.1111110002
76796  51.396  -7.478  17.148 0.1111110002
75834  51.583  -8.009  16.801 0.1111110002
44769  43.399  -38.169  44.948 0.2222220004
44778  43.133  -37.593  44.291 0.2222220004
46778  47.102  -36.523  45.558 0.5555559993
46789  46.006  -36.438  44.287 0.4444440007
45768  42.957  -37.120  43.607 0.2222220004
45756  45.949  -36.888  45.086 0.4444440007
46802  45.458  -36.311  43.706 0.3333329856
44767  45.014  -37.799  45.605 0.4444440007
44768  44.197  -37.987  45.311 0.2222220004
45758  43.923  -37.432  44.550 0.2222220004
129776  37.706  -43.713  50.364 0.5555559993
139242  42.404  -42.180  46.480 0.3333329856
136367  38.296  -39.999  50.809 0.5555559993
43764  44.824  -39.778  46.918 0.4444440007
44749  46.314  -38.220  47.251 0.5555559993
46769  47.606  -36.800  46.896 0.6666669846
52098  46.823  -31.126  46.241 0.1111110002
52113  46.686  -31.152  45.371 0.1111110002
58419  44.850  -25.679  45.060 0.3333329856
62741  53.775  -21.576  39.997 0.5555559993
64703  52.258  -19.697  44.601 0.7777780294
149944  49.224  -21.526  45.143 0.4444440007
61668  51.089  -22.739  40.183 0.4444440007
59405  44.916  -24.908  44.713 0.3333329856
61593  48.902  -22.051  45.479 0.4444440007
62765  47.613  -21.372  38.580 0.2222220004
38383  36.964  -44.325  45.193 0.1111110002
40625  35.711  -42.852  43.843 0.1111110002
41716  38.450  -41.665  44.716 0.1111110002
43774  42.579  -39.737  45.331 0.2222220004
45734  46.760  -37.571  46.793 0.5555559993
45746  45.787  -37.534  45.782 0.5555559993
45767  44.543  -36.755  43.969 0.3333329856
51084  46.302  -31.976  45.875 0.1111110002
39258  21.296  -43.385  61.884 0.2222220004
38230  21.106  -44.071  61.367 0.3333329856
138012  20.696  -45.033  60.214 0.3333329856
40404  22.079  -41.815  61.421 0.2222220004
39261  21.357  -43.180  60.954 0.2222220004
36193  20.213  -45.906  59.192 0.2222220004
35197  19.174  -47.145  58.166 0.2222220004
41549  22.589  -41.246  60.840 0.2222220004
38239  20.630  -44.559  59.317 0.2222220004
37222  19.899  -45.776  58.339 0.1111110002
41548  23.513  -41.113  60.109 0.2222220004
133901  22.376  -41.767  60.539 0.1111110002
40405  21.802  -42.417  60.744 0.2222220004
39268  20.893  -43.640  59.022 0.1111110002
38244  20.471  -44.267  58.330 0.2222220004
41556  23.382  -41.432  59.994 0.2222220004
145664  21.986  -42.292  59.915 0.2222220004
39277  21.252  -42.900  58.536 0.1111110002
40429  22.670  -42.043  58.475 0.2222220004
40430  21.727  -42.391  57.943 0.1111110002
38231  20.778  -44.845  61.724 0.3333329856
142455  20.457  -45.845  60.098 0.3333329856
40399  21.708  -42.505  61.810 0.3333329856
141405  21.269  -42.827  62.227 0.3333329856
41538  22.152  -41.273  61.575 0.2222220004
41532  21.870  -41.354  62.070 0.2222220004
127080  23.345  -41.767  59.268 0.2222220004
40428  23.892  -42.061  58.678 0.2222220004
40439  24.658  -42.553  57.951 0.2222220004
40441  22.464  -42.235  57.340 0.2222220004
40394  20.024  -42.272  62.584 0.3333329856
39254  20.322  -43.675  62.517 0.3333329856
37212  20.753  -45.656  61.066 0.3333329856
136559  20.865  -41.923  62.595 0.3333329856
39253  20.899  -43.533  62.264 0.3333329856
36185  20.424  -46.512  60.743 0.3333329856
41533  21.309  -41.401  62.343 0.3333329856
43624  23.364  -40.222  60.141 0.1111110002
43623  23.998  -40.390  59.740 0.2222220004
42618  23.532  -40.525  60.067 0.2222220004
43614  22.890  -40.312  60.477 0.2222220004
43615  22.396  -40.406  60.970 0.2222220004
41547  24.289  -41.006  59.796 0.2222220004
42626  25.251  -41.009  59.509 0.2222220004
40415  24.287  -41.713  59.397 0.2222220004
40426  25.859  -42.205  59.211 0.1111110002
40427  25.010  -42.198  59.003 0.2222220004
39299  25.948  -43.475  57.109 0.2222220004
39276  25.704  -42.665  58.523 0.2222220004
38262  26.590  -43.951  56.656 0.2222220004
142061  25.274  -43.368  56.437 0.2222220004
149980  20.426  -45.026  62.158 0.3333329856
37209  20.280  -45.587  61.923 0.3333329856
42608  20.490  -40.932  61.930 0.2222220004
41535  19.761  -41.700  62.309 0.3333329856
42611  21.396  -40.643  61.717 0.3333329856
42620  20.944  -40.496  61.114 0.2222220004
42610  22.013  -40.476  61.472 0.2222220004
42619  21.776  -40.256  61.144 0.2222220004
43634  22.574  -39.865  59.869 0.2222220004
43642  21.731  -39.850  58.537 0.2222220004
42627  24.640  -40.703  59.516 0.1111110002
43632  24.415  -40.322  59.316 0.1111110002
43640  23.519  -39.831  58.679 0.2222220004
42625  25.963  -41.189  59.350 0.1111110002
43639  24.759  -40.253  58.801 0.1111110002
144990  25.818  -41.861  59.363 0.1111110002
141634  26.554  -42.639  58.752 0.1111110002
38252  26.920  -43.706  57.501 0.2222220004
38271  26.903  -44.462  55.569 0.2222220004
37294  28.679  -45.675  50.445 0.3333329856
40393  19.113  -42.945  62.489 0.3333329856
38223  19.480  -44.588  62.566 0.3333329856
40395  19.330  -42.329  62.417 0.3333329856
39249  19.763  -43.868  62.605 0.3333329856
134032  20.085  -45.103  62.363 0.3333329856
41550  19.350  -41.570  60.878 0.2222220004
41564  26.708  -41.737  59.009 0.1111110002
42633  26.387  -41.128  58.729 0.1111110002
42634  25.561  -40.677  58.791 0.1111110002
41563  27.309  -42.134  58.653 0.1111110002
42640  26.533  -41.149  57.491 0.3333329856
39286  27.471  -43.442  57.971 0.2222220004
38251  27.700  -43.996  57.359 0.2222220004
126426  27.521  -44.639  56.128 0.4444440007
38280  27.625  -44.927  54.358 0.4444440007
38270  27.572  -44.864  55.283 0.3333329856
36245  30.477  -46.031  52.866 0.3333329856
38292  26.904  -44.527  53.592 0.3333329856
36259  30.228  -46.137  51.896 0.3333329856
36260  29.588  -45.923  51.451 0.3333329856
36261  29.157  -45.803  50.943 0.3333329856
40400  18.626  -42.427  62.021 0.2222220004
40397  18.207  -43.015  62.255 0.3333329856
41540  19.148  -41.829  61.830 0.2222220004
40424  27.425  -42.588  58.474 0.2222220004
41572  27.621  -41.963  58.132 0.2222220004
41580  26.936  -41.425  56.680 0.3333329856
140557  27.976  -43.638  57.758 0.3333329856
39274  27.842  -43.085  58.152 0.3333329856
37237  28.194  -45.081  55.836 0.3333329856
39380  35.301  -44.183  50.208 0.2222220004
40438  27.771  -42.528  58.217 0.3333329856
41571  28.084  -42.347  57.642 0.3333329856
41579  27.611  -41.806  57.133 0.3333329856
40437  28.310  -42.927  57.826 0.3333329856
40449  28.662  -42.701  57.169 0.3333329856
132152  26.922  -41.575  55.019 0.2222220004
38250  28.434  -44.141  57.354 0.4444440007
41597  27.412  -41.794  54.442 0.2222220004
37236  28.834  -45.115  56.195 0.3333329856
39344  34.537  -44.139  52.031 0.3333329856
47873  45.295  -35.632  42.380 0.2222220004
41578  28.154  -42.103  56.661 0.3333329856
39298  29.412  -43.809  56.945 0.3333329856
40436  28.832  -43.326  57.356 0.3333329856
41586  28.025  -41.977  55.754 0.3333329856
38260  28.892  -44.691  56.774 0.3333329856
133642  27.563  -41.829  55.200 0.3333329856
41596  28.208  -42.075  54.968 0.2222220004
140918  33.602  -43.344  50.780 0.1111110002
40504  33.022  -42.977  51.255 0.1111110002
40505  32.195  -42.505  51.089 0.2222220004
47872  45.941  -35.400  42.324 0.1111110002
47888  45.627  -35.240  41.723 0.1111110002
40461  28.785  -42.417  56.087 0.3333329856
40448  29.319  -43.101  56.776 0.3333329856
40460  29.630  -42.893  55.924 0.3333329856
46787  47.014  -36.005  44.578 0.3333329856
47857  47.166  -35.360  43.869 0.2222220004
46801  46.590  -35.666  43.646 0.2222220004
151864  46.290  -35.201  42.396 0.2222220004
45672  38.766  -38.111  50.483 0.5555559993
46733  39.371  -36.908  49.591 0.5555559993
46723  38.822  -37.528  50.052 0.5555559993
150082  38.186  -37.574  49.675 0.5555559993
45687  37.742  -38.362  49.950 0.3333329856
47776  40.612  -36.435  48.578 0.3333329856
47777  39.661  -36.531  48.715 0.2222220004
46734  38.483  -37.191  49.399 0.4444440007
126756  41.088  -36.376  47.792 0.3333329856
47790  42.347  -35.940  46.942 0.2222220004
47840  47.790  -35.105  44.436 0.4444440007
46711  39.371  -37.753  50.500 0.5555559993
46732  40.121  -36.914  50.058 0.5555559993
46722  39.720  -37.316  50.315 0.4444440007
47775  41.518  -36.296  48.545 0.5555559993
47773  43.308  -35.666  48.271 0.5555559993
127764  41.960  -36.204  47.794 0.4444440007
48910  44.066  -34.924  46.984 0.3333329856
47802  43.184  -35.379  46.606 0.3333329856
131501  42.690  -35.917  47.785 0.3333329856
47801  48.493  -35.589  46.931 0.5555559993
48920  43.695  -34.792  46.144 0.2222220004
48935  42.625  -35.045  45.181 0.1111110002
50032  49.318  -33.471  45.945 0.6666669846
48945  48.387  -34.732  44.969 0.4444440007
47760  42.457  -36.082  49.693 0.5555559993
128628  41.834  -36.236  49.259 0.5555559993
47761  40.800  -36.729  50.048 0.5555559993
47759  43.266  -35.718  49.294 0.5555559993
47774  42.431  -35.993  48.642 0.5555559993
142293  44.586  -34.634  47.664 0.4444440007
47789  43.299  -35.568  47.399 0.3333329856
50017  44.926  -34.091  47.028 0.3333329856
50016  45.472  -33.496  47.445 0.2222220004
50026  44.969  -33.717  46.244 0.2222220004
52146  49.895  -30.877  44.390 0.4444440007
70714  57.787  -13.134  30.833 0.1111110002
69711  56.526  -13.497  28.772 0.1111110002
56316  44.724  -27.079  44.532 0.1111110002
150951  57.715  -14.212  35.554 0.2222220004
68698  57.370  -15.148  35.412 0.2222220004
67735  57.412  -16.055  35.900 0.2222220004
137741  57.833  -13.583  35.160 0.2222220004
69654  57.252  -14.473  34.549 0.2222220004
70688  58.519  -12.556  32.769 0.1111110002
69665  57.517  -13.705  33.953 0.2222220004
69666  56.845  -14.555  33.359 0.2222220004
71709  58.547  -12.291  32.489 0.1111110002
69677  58.371  -13.264  32.184 0.1111110002
71731  56.922  -12.184  30.183 0.1111110002
69686  58.495  -13.516  31.226 0.1111110002
70731  56.674  -13.155  29.465 0.1111110002
71743  56.949  -12.758  30.215 0.1111110002
70744  56.494  -12.882  28.664 0.1111110002
57402  44.491  -26.341  44.699 0.1111110002
66725  57.132  -16.959  38.612 0.4444440007
65796  57.244  -17.736  38.667 0.4444440007
65816  57.426  -17.837  38.049 0.4444440007
68656  57.617  -15.549  38.065 0.4444440007
66743  57.477  -17.060  38.222 0.4444440007
69633  57.933  -14.237  37.341 0.4444440007
68671  57.906  -15.239  37.612 0.4444440007
67708  57.723  -16.276  37.781 0.4444440007
65827  57.535  -17.251  37.557 0.4444440007
65828  57.067  -18.414  37.600 0.4444440007
65829  56.408  -18.882  36.924 0.4444440007
144311  57.968  -13.647  36.869 0.4444440007
67723  57.743  -16.041  36.928 0.3333329856
70653  57.943  -13.109  36.596 0.3333329856
68683  57.877  -15.137  36.685 0.3333329856
71670  58.392  -11.881  35.776 0.2222220004
69644  57.992  -13.527  36.221 0.2222220004
72676  58.948  -10.766  34.177 0.1111110002
71679  58.750  -11.566  34.877 0.2222220004
70677  58.181  -12.867  34.617 0.2222220004
137423  58.735  -11.367  33.380 0.1111110002
71691  58.702  -11.979  33.293 0.1111110002
73770  57.834  -10.743  31.110 0.1111110002
72706  57.783  -11.488  31.430 0.1111110002
73788  57.762  -10.853  29.125 0.2222220004
72720  57.333  -11.550  30.559 0.1111110002
57382  44.809  -26.118  45.190 0.1111110002
57383  44.482  -25.890  44.650 0.1111110002
68642  56.897  -15.744  38.449 0.4444440007
67694  57.479  -16.323  38.234 0.4444440007
69634  57.429  -13.939  37.508 0.4444440007
69621  57.587  -14.738  37.844 0.4444440007
64815  56.681  -19.020  37.955 0.4444440007
64816  55.836  -19.488  37.267 0.4444440007
132103  54.338  -20.520  36.868 0.3333329856
63785  54.958  -19.918  36.579 0.3333329856
70642  57.653  -12.927  36.808 0.4444440007
72656  58.314  -11.372  35.623 0.2222220004
71660  57.915  -12.528  36.257 0.2222220004
141767  58.867  -10.879  34.778 0.1111110002
73754  58.544  -10.257  32.558 0.2222220004
73739  58.781  -9.711  33.241 0.2222220004
73769  58.535  -9.919  30.714 0.2222220004
61679  51.130  -22.693  39.152 0.3333329856
67676  56.833  -16.588  38.673 0.4444440007
62742  53.049  -21.856  39.207 0.3333329856
145772  51.867  -22.478  38.741 0.3333329856
68672  56.281  -14.942  37.701 0.4444440007
67695  56.318  -15.662  38.138 0.4444440007
62763  53.149  -21.734  38.498 0.3333329856
68658  56.879  -15.143  38.195 0.4444440007
63775  54.407  -20.741  37.822 0.4444440007
69635  56.724  -14.148  37.635 0.4444440007
69622  57.140  -14.568  38.012 0.4444440007
71671  57.197  -11.967  36.091 0.4444440007
70654  57.066  -12.815  36.874 0.4444440007
72657  57.844  -11.789  36.003 0.3333329856
74707  58.072  -9.502  34.609 0.3333329856
73708  57.905  -10.949  35.495 0.3333329856
74706  58.575  -9.285  34.147 0.2222220004
152054  58.859  -10.436  34.509 0.1111110002
73728  58.850  -9.957  34.121 0.2222220004
141151  52.998  -21.905  39.803 0.3333329856
132274  52.651  -22.096  39.993 0.4444440007
67709  55.650  -15.704  37.555 0.4444440007
68684  55.737  -14.463  36.778 0.4444440007
71662  56.709  -12.436  36.175 0.4444440007
70655  56.202  -13.108  36.211 0.4444440007
69646  55.048  -14.601  35.470 0.4444440007
71672  56.494  -12.046  35.385 0.4444440007
73717  58.229  -10.296  35.030 0.3333329856
71879  60.873  -12.648  16.551 0.1111110002
71878  61.776  -12.188  16.072 0.1111110002
36187  19.757  -46.648  58.844 0.2222220004
35190  19.464  -47.527  59.056 0.2222220004
145113  19.794  -47.171  59.660 0.3333329856
36247  29.203  -45.771  51.856 0.3333329856
38268  32.198  -44.782  55.167 0.2222220004
130149  31.899  -42.510  51.816 0.2222220004
39363  34.400  -43.864  50.814 0.2222220004
38302  34.588  -44.476  53.191 0.3333329856
46724  38.194  -37.967  50.063 0.5555559993
44682  38.218  -39.095  50.647 0.4444440007
47748  42.564  -36.368  50.548 0.5555559993
127341  41.107  -36.459  49.328 0.5555559993
47841  47.525  -35.624  44.712 0.4444440007
48892  43.986  -35.258  49.669 0.4444440007
132475  43.960  -35.236  48.790 0.4444440007
48900  44.613  -34.730  48.437 0.5555559993
38291  27.705  -44.939  53.540 0.3333329856
61678  51.975  -22.445  39.581 0.3333329856
38259  29.610  -44.539  56.543 0.3333329856
149688  23.014  -39.705  58.474 0.2222220004
145534  21.788  -39.766  57.825 0.2222220004
43641  22.449  -39.696  58.298 0.2222220004
48919  44.400  -34.276  46.263 0.2222220004
57403  44.146  -26.074  44.256 0.1111110002
68673  55.303  -15.430  36.827 0.4444440007
69655  55.379  -13.654  35.127 0.4444440007
70665  55.922  -12.729  35.287 0.4444440007
46814  45.689  -35.785  42.977 0.2222220004
47871  46.219  -35.504  42.935 0.2222220004
50025  45.520  -33.242  46.643 0.2222220004
38233  20.998  -44.010  60.218 0.1111110002
38234  20.977  -44.793  60.973 0.3333329856
37221  20.256  -45.127  58.762 0.2222220004
39267  21.449  -42.961  59.724 0.2222220004
37228  20.033  -44.992  57.954 0.1111110002
40416  22.594  -41.918  59.596 0.2222220004
40417  21.836  -42.332  58.989 0.1111110002
40440  23.453  -42.251  57.687 0.2222220004
140157  20.106  -46.558  59.843 0.3333329856
43625  22.803  -40.144  60.577 0.2222220004
129235  23.014  -39.769  59.180 0.2222220004
43633  23.772  -40.014  59.593 0.1111110002
43635  22.022  -39.992  60.394 0.2222220004
41554  24.984  -41.212  59.517 0.2222220004
43631  25.138  -40.684  59.309 0.1111110002
40414  25.233  -41.710  59.332 0.2222220004
40413  26.292  -41.910  59.251 0.1111110002
39289  25.571  -43.000  57.743 0.2222220004
39288  26.319  -43.198  58.059 0.2222220004
42621  20.061  -40.921  60.864 0.2222220004
42629  20.746  -40.423  59.370 0.2222220004
43636  21.690  -39.941  59.497 0.2222220004
43647  24.212  -40.181  57.016 0.1111110002
39287  26.958  -43.248  58.257 0.2222220004
139513  27.318  -44.244  56.805 0.2222220004
150968  29.497  -45.895  50.697 0.3333329856
148536  18.071  -43.699  62.358 0.3333329856
41573  27.065  -41.595  58.467 0.2222220004
42641  25.707  -40.758  57.715 0.1111110002
147596  27.211  -41.541  57.621 0.3333329856
144079  26.326  -41.133  56.391 0.3333329856
38261  28.121  -44.613  56.679 0.4444440007
41587  27.383  -41.712  55.984 0.3333329856
39285  28.374  -43.459  57.652 0.3333329856
38249  29.060  -44.239  57.121 0.4444440007
47889  44.829  -35.466  41.797 0.1111110002
39364  33.770  -43.566  51.590 0.1111110002
39365  33.274  -43.310  52.221 0.1111110002
137103  32.572  -42.834  52.009 0.1111110002
47856  47.512  -34.872  43.756 0.4444440007
48901  43.994  -35.173  47.901 0.4444440007
70713  58.365  -13.564  31.228 0.1111110002
70729  58.168  -13.862  30.433 0.1111110002
141922  57.922  -14.277  36.442 0.2222220004
68699  56.702  -15.544  33.967 0.2222220004
71680  58.576  -12.181  34.003 0.2222220004
70689  58.135  -13.025  33.350 0.1111110002
70703  58.555  -13.001  31.861 0.1111110002
69678  57.467  -13.807  32.774 0.1111110002
71730  57.451  -12.297  30.971 0.1111110002
71729  58.396  -12.860  31.606 0.1111110002
71744  56.683  -12.467  29.445 0.1111110002
70730  57.236  -13.347  30.130 0.1111110002
67675  57.255  -15.998  38.393 0.4444440007
68657  57.300  -15.196  38.222 0.4444440007
137957  57.629  -16.803  37.039 0.3333329856
131415  56.850  -18.284  36.649 0.4444440007
134744  57.735  -13.476  37.036 0.4444440007
70664  58.233  -12.709  35.868 0.2222220004
130815  58.547  -12.076  35.199 0.2222220004
127694  58.857  -11.449  34.101 0.1111110002
144554  58.607  -11.676  35.400 0.1111110002
148154  58.842  -10.525  33.715 0.1111110002
72688  58.683  -10.693  33.120 0.1111110002
72705  58.392  -11.356  32.415 0.1111110002
131982  58.549  -9.888  31.690 0.1111110002
147616  58.131  -10.778  31.878 0.1111110002
73777  57.694  -10.769  30.109 0.1111110002
71710  58.138  -12.072  31.756 0.1111110002
72728  57.040  -11.622  29.526 0.1111110002
62784  53.543  -21.152  37.072 0.3333329856
63787  53.695  -20.765  36.220 0.3333329856
146654  57.413  -13.246  37.134 0.4444440007
70643  56.670  -13.497  37.116 0.4444440007
63786  54.290  -20.302  36.123 0.2222220004
71661  57.443  -12.405  36.463 0.4444440007
72665  58.608  -11.371  35.357 0.1111110002
72655  58.489  -10.820  35.214 0.1111110002
73716  58.702  -10.110  34.713 0.2222220004
73776  58.566  -10.107  29.712 0.2222220004
61693  52.463  -22.136  38.365 0.3333329856
61677  52.505  -22.191  39.285 0.4444440007
72666  57.187  -11.446  35.625 0.4444440007
69645  55.712  -13.827  36.189 0.4444440007
50042  48.947  -33.479  45.015 0.5555559993
134652  48.566  -34.087  44.743 0.4444440007
51098  48.890  -32.778  44.434 0.3333329856
50043  48.461  -33.583  44.203 0.4444440007
139031  48.306  -32.948  43.626 0.3333329856
51118  48.200  -32.356  43.175 0.3333329856
51108  48.752  -32.138  43.808 0.3333329856
52148  48.502  -31.626  43.177 0.3333329856
61753  59.343  -22.825  32.509 0.1111110002
60621  59.453  -23.211  33.468 0.1111110002
131871  57.881  -21.125  29.338 0.1111110002
63885  57.379  -20.473  28.997 0.1111110002
133975  59.228  -22.441  31.549 0.1111110002
61777  58.391  -22.397  30.785 0.1111110002
62855  58.377  -21.756  29.951 0.1111110002
62871  57.378  -21.810  29.543 0.1111110002
62887  57.041  -21.240  28.962 0.1111110002
63886  56.587  -20.553  28.715 0.1111110002
62872  56.570  -21.882  29.183 0.1111110002
62888  56.174  -21.287  28.691 0.1111110002
52161  48.856  -30.821  43.102 0.3333329856
64905  57.478  -19.699  29.218 0.1111110002
64924  56.923  -19.949  28.828 0.1111110002
64925  56.243  -19.849  28.776 0.1111110002
64926  55.370  -19.702  28.789 0.1111110002
65907  55.957  -18.634  29.881 0.1111110002
65887  55.779  -18.418  30.688 0.1111110002
64906  56.081  -19.216  29.298 0.1111110002
61776  59.355  -21.913  30.785 0.1111110002
64884  55.210  -18.842  30.121 0.1111110002
65888  55.002  -18.640  30.962 0.1111110002
64865  54.150  -19.231  32.122 0.1111110002
62870  58.771  -20.964  29.581 0.1111110002
63868  58.251  -20.185  29.340 0.1111110002
142867  57.459  -18.953  29.624 0.1111110002
64885  54.389  -19.193  30.409 0.1111110002
64866  53.818  -19.404  31.190 0.1111110002
65886  56.576  -18.283  30.441 0.1111110002
65869  55.617  -18.343  31.546 0.1111110002
65859  55.535  -18.386  32.402 0.1111110002
137516  55.881  -18.324  34.065 0.1111110002
65906  56.720  -18.697  29.748 0.1111110002
65850  55.538  -18.465  33.318 0.1111110002
65851  54.844  -18.895  33.452 0.1111110002
65870  54.906  -18.693  31.843 0.1111110002
65860  54.849  -18.781  32.729 0.1111110002
65885  57.467  -18.316  30.294 0.1111110002
64855  54.276  -19.289  33.086 0.1111110002
65833  56.596  -18.078  35.624 0.1111110002
65842  55.980  -18.513  34.873 0.1111110002
65858  56.100  -18.028  32.093 0.1111110002
146200  56.014  -18.133  32.809 0.1111110002
64834  55.374  -19.111  35.203 0.2222220004
65868  56.294  -18.052  31.243 0.1111110002
66783  56.342  -17.741  32.677 0.1111110002
64845  55.226  -18.833  34.200 0.1111110002
149940  56.477  -17.484  32.239 0.1111110002
64846  54.465  -19.329  33.855 0.1111110002
64835  54.611  -19.464  34.632 0.2222220004
66803  56.938  -17.815  30.801 0.1111110002
64836  54.051  -19.735  34.197 0.1111110002
65834  56.140  -18.703  35.886 0.2222220004
65841  56.383  -17.872  34.498 0.1111110002
64825  55.564  -19.321  36.209 0.2222220004
64826  54.642  -19.787  35.566 0.2222220004
66778  56.450  -17.482  33.625 0.1111110002
67748  56.555  -17.120  32.767 0.1111110002
63809  53.986  -20.045  34.799 0.1111110002
67743  56.596  -16.719  33.828 0.1111110002
140450  56.501  -16.263  33.056 0.1111110002
67756  56.513  -16.274  32.012 0.1111110002
67755  57.003  -16.185  30.916 0.1111110002
68717  56.548  -15.402  32.687 0.1111110002
69688  56.855  -14.589  32.336 0.1111110002
148204  57.323  -17.911  37.314 0.3333329856
66767  57.220  -17.545  36.545 0.2222220004
136088  56.848  -17.383  35.468 0.1111110002
145223  57.014  -16.771  35.403 0.1111110002
63799  53.166  -20.967  35.572 0.2222220004
62795  53.128  -21.219  36.257 0.1111110002
67736  56.862  -16.255  34.867 0.1111110002
62785  52.686  -21.593  36.696 0.2222220004
61702  52.098  -22.106  37.192 0.1111110002
62797  51.892  -21.665  35.356 0.1111110002
61712  51.422  -22.187  36.476 0.1111110002
61723  49.983  -22.677  36.124 0.1111110002
131750  48.536  -23.308  35.256 0.1111110002
60604  47.902  -23.652  34.795 0.1111110002
60590  49.319  -22.892  35.384 0.1111110002
60603  48.705  -23.025  34.618 0.1111110002
58461  48.640  -25.350  39.996 0.2222220004
59478  48.171  -24.844  38.573 0.2222220004
60572  48.345  -24.029  37.843 0.2222220004
61713  50.788  -22.463  36.688 0.1111110002
60581  48.490  -23.661  36.854 0.1111110002
61703  51.412  -22.365  37.132 0.1111110002
60580  49.278  -23.100  36.569 0.1111110002
60592  48.057  -23.702  35.543 0.1111110002
59453  48.927  -24.489  40.245 0.2222220004
59464  48.542  -24.730  39.406 0.2222220004
147663  49.773  -23.225  38.490 0.1111110002
132348  49.205  -23.484  38.273 0.2222220004
61704  50.886  -22.585  37.485 0.1111110002
60560  50.093  -22.964  37.954 0.1111110002
60571  49.206  -23.284  37.429 0.1111110002
61714  50.038  -22.761  37.042 0.1111110002
71681  55.765  -12.221  34.437 0.3333329856
72667  56.266  -11.462  34.625 0.3333329856
60524  49.672  -23.863  41.522 0.2222220004
60536  50.240  -23.250  40.910 0.2222220004
148138  50.090  -23.288  40.230 0.1111110002
59463  48.926  -24.105  39.505 0.2222220004
60561  49.474  -23.506  39.036 0.1111110002
135764  57.074  -10.896  35.140 0.2222220004
73730  55.886  -10.423  33.676 0.2222220004
72677  55.604  -11.147  33.768 0.2222220004
73718  57.546  -10.291  34.950 0.2222220004
73729  56.899  -9.845  34.274 0.2222220004
74718  57.429  -9.033  33.994 0.2222220004
74717  58.198  -8.827  34.081 0.2222220004
74730  58.770  -9.039  33.453 0.2222220004
72771  62.298  -11.144  25.866 0.2222220004
73873  64.624  -9.985  21.916 0.2222220004
148049  55.500  -11.737  33.847 0.2222220004
75685  58.497  -8.560  33.600 0.2222220004
72770  63.138  -10.668  25.660 0.2222220004
72758  61.967  -10.684  26.523 0.1111110002
72797  64.657  -10.641  23.211 0.2222220004
73860  64.644  -9.854  22.709 0.2222220004
74856  64.277  -9.513  21.475 0.2222220004
73890  64.062  -9.786  19.725 0.2222220004
149569  64.285  -10.200  19.366 0.2222220004
73898  63.993  -10.366  18.188 0.1111110002
129516  64.025  -9.988  18.963 0.2222220004
74719  56.337  -9.621  33.425 0.2222220004
74746  59.073  -8.652  32.571 0.2222220004
137330  59.066  -9.112  32.272 0.1111110002
72739  57.248  -11.487  28.666 0.1111110002
73824  63.486  -9.474  25.938 0.2222220004
72757  62.851  -10.187  26.360 0.2222220004
73812  61.599  -10.239  27.203 0.1111110002
73800  58.960  -10.651  27.981 0.1111110002
72749  58.246  -11.509  27.519 0.1111110002
73840  64.147  -9.617  24.485 0.2222220004
72769  63.788  -10.146  25.210 0.2222220004
73850  64.229  -9.257  23.650 0.2222220004
72786  64.038  -10.774  24.535 0.2222220004
73874  64.122  -9.216  21.973 0.2222220004
136194  64.108  -9.074  22.647 0.2222220004
73875  63.568  -9.436  21.649 0.2222220004
73882  64.054  -9.372  21.073 0.2222220004
127494  63.862  -9.576  20.169 0.2222220004
74862  64.192  -9.645  20.588 0.2222220004
72839  62.859  -10.256  18.881 0.2222220004
73891  63.675  -9.826  19.315 0.2222220004
73899  63.570  -10.117  18.518 0.1111110002
71858  60.551  -12.244  18.252 0.1111110002
74772  60.216  -8.549  30.292 0.2222220004
138585  59.355  -9.362  30.311 0.1111110002
74773  59.586  -9.520  29.527 0.1111110002
73787  58.721  -10.327  28.798 0.1111110002
73810  63.072  -9.333  26.636 0.2222220004
73798  61.175  -9.799  27.859 0.1111110002
73786  59.798  -9.847  28.661 0.1111110002
72750  57.191  -11.803  27.953 0.1111110002
72747  60.482  -10.706  27.224 0.1111110002
73799  60.074  -10.249  27.888 0.1111110002
72738  57.970  -11.095  28.277 0.1111110002
74836  64.302  -9.220  22.973 0.2222220004
73883  63.300  -9.748  20.763 0.1111110002
72833  61.754  -11.040  20.209 0.1111110002
72834  60.924  -11.701  20.638 0.1111110002
72847  62.151  -10.991  18.446 0.1111110002
72840  61.940  -10.953  19.303 0.1111110002
72841  61.039  -11.689  19.688 0.1111110002
72846  62.922  -10.434  18.078 0.1111110002
71852  60.330  -12.215  19.113 0.1111110002
72848  61.214  -11.616  18.773 0.1111110002
74771  60.843  -8.242  29.726 0.2222220004
74801  63.182  -8.527  26.338 0.2222220004
73811  62.503  -9.720  26.984 0.2222220004
73797  62.122  -9.158  27.730 0.1111110002
74791  61.625  -9.015  28.415 0.1111110002
74815  63.475  -8.607  25.555 0.2222220004
75778  63.116  -8.060  25.552 0.2222220004
74828  62.365  -8.076  24.776 0.2222220004
73823  63.820  -9.043  25.073 0.2222220004
74838  62.774  -8.578  24.063 0.2222220004
73861  63.795  -9.034  22.512 0.2222220004
134866  63.080  -8.953  23.207 0.2222220004
71819  59.429  -12.604  22.409 0.1111110002
73876  62.523  -10.236  21.438 0.1111110002
72823  60.927  -11.662  21.616 0.1111110002
72822  61.643  -11.027  21.109 0.1111110002
76701  60.538  -7.399  29.776 0.2222220004
76712  61.136  -7.402  28.943 0.2222220004
75739  61.016  -7.784  29.446 0.2222220004
75758  62.105  -7.646  27.944 0.2222220004
74781  61.570  -7.745  28.698 0.2222220004
74782  61.350  -8.430  29.053 0.2222220004
129439  60.629  -8.976  29.427 0.1111110002
134239  62.868  -7.884  26.196 0.2222220004
74802  62.806  -8.790  27.139 0.2222220004
74790  61.930  -8.337  28.316 0.2222220004
74783  60.865  -9.384  28.594 0.1111110002
73851  62.082  -9.410  23.568 0.2222220004
71810  59.287  -12.583  23.219 0.1111110002
72799  61.797  -10.466  23.006 0.2222220004
72810  60.908  -11.553  22.566 0.1111110002
72809  61.734  -10.884  22.073 0.1111110002
71818  60.191  -12.185  22.051 0.1111110002
71809  60.098  -12.141  22.917 0.1111110002
131581  57.063  -8.704  28.948 0.2222220004
74784  56.490  -9.308  28.631 0.1111110002
76713  60.599  -7.013  28.942 0.2222220004
76714  59.569  -7.178  28.559 0.2222220004
126368  58.591  -7.665  28.334 0.2222220004
75759  61.591  -7.391  28.341 0.2222220004
76727  61.210  -7.050  28.307 0.2222220004
75767  62.625  -7.953  27.024 0.2222220004
147836  62.128  -7.386  27.266 0.2222220004
131728  60.429  -7.342  26.845 0.2222220004
130270  59.495  -7.643  26.892 0.2222220004
131424  62.209  -7.489  26.368 0.2222220004
130198  59.623  -8.574  25.498 0.2222220004
74829  61.038  -8.712  24.676 0.2222220004
74817  60.526  -8.383  25.197 0.2222220004
73841  61.597  -9.036  24.041 0.2222220004
72801  59.810  -11.917  23.575 0.1111110002
73852  61.148  -10.338  23.682 0.1111110002
72788  60.207  -11.035  23.914 0.1111110002
136838  57.841  -8.288  27.726 0.1111110002
75761  58.843  -7.750  27.456 0.2222220004
74804  57.986  -8.541  26.824 0.1111110002
75781  59.566  -7.978  26.192 0.2222220004
75769  58.737  -8.236  26.518 0.1111110002
73842  60.523  -9.914  24.222 0.1111110002
149925  58.169  -8.805  26.222 0.1111110002
53258  48.803  -29.899  42.127 0.2222220004
138971  48.947  -25.330  40.803 0.2222220004
58469  48.415  -25.551  39.173 0.2222220004
60537  49.497  -23.821  40.689 0.2222220004
75686  57.863  -8.439  33.609 0.2222220004
75749  57.888  -8.020  28.848 0.2222220004
52147  49.177  -31.291  43.785 0.3333329856
60547  50.264  -23.120  39.524 0.1111110002
62775  52.919  -21.704  37.659 0.2222220004
66766  57.357  -16.804  36.199 0.1111110002
63798  53.835  -20.423  35.504 0.1111110002
130972  51.687  -22.432  37.860 0.2222220004
135102  59.204  -21.350  30.080 0.1111110002
142117  56.805  -19.391  29.240 0.1111110002
63887  55.751  -20.521  28.552 0.1111110002
64907  55.469  -19.132  29.486 0.1111110002
64908  54.774  -19.368  29.432 0.1111110002
130970  58.071  -19.372  29.541 0.1111110002
144492  54.419  -19.010  31.313 0.1111110002
66791  56.515  -17.651  31.671 0.1111110002
65849  56.161  -18.020  33.480 0.1111110002
137508  56.675  -17.110  31.745 0.1111110002
66790  57.067  -17.250  30.959 0.1111110002
142329  56.693  -17.140  34.595 0.1111110002
136905  51.347  -21.973  35.724 0.1111110002
62786  51.990  -21.846  36.212 0.1111110002
61722  50.786  -22.302  35.934 0.1111110002
60591  48.673  -23.368  35.980 0.1111110002
59503  47.931  -23.990  36.209 0.1111110002
59477  48.666  -24.096  38.807 0.2222220004
61694  51.046  -22.654  38.303 0.1111110002
61695  50.323  -22.990  38.724 0.1111110002
60548  49.441  -23.697  39.894 0.2222220004
73719  56.481  -10.651  34.429 0.2222220004
72808  64.766  -10.801  22.413 0.2222220004
145455  64.546  -9.759  23.298 0.2222220004
73881  64.608  -10.069  21.000 0.2222220004
74826  63.825  -8.802  24.159 0.2222220004
72832  62.818  -10.144  19.864 0.2222220004
71865  59.910  -12.830  17.754 0.1111110002
72853  62.950  -10.649  17.284 0.1111110002
74837  63.947  -8.792  23.278 0.2222220004
135399  63.538  -8.561  23.905 0.2222220004
73884  62.357  -10.445  20.667 0.1111110002
135607  62.395  -8.325  27.677 0.2222220004
74827  63.398  -8.328  24.727 0.2222220004
75779  62.565  -7.758  25.654 0.2222220004
73862  62.754  -9.794  22.311 0.2222220004
72800  60.685  -11.378  23.314 0.1111110002
75760  60.193  -7.091  27.788 0.2222220004
76737  61.098  -7.004  27.543 0.2222220004
75768  61.528  -7.138  26.967 0.2222220004
75780  60.797  -7.689  26.000 0.2222220004
74816  61.648  -7.840  25.380 0.2222220004
27079  15.047  -56.003  58.499 0.1111110002
150834  17.576  -55.189  58.259 0.2222220004
28100  17.650  -55.000  58.856 0.2222220004
27078  16.114  -56.295  58.794 0.1111110002
26115  14.668  -56.563  57.791 0.1111110002
27074  16.595  -55.609  59.213 0.1111110002
25222  13.709  -57.407  56.558 0.1111110002
25227  12.860  -57.332  55.690 0.1111110002
26121  13.085  -56.983  56.136 0.1111110002
27075  15.496  -55.396  59.091 0.1111110002
131268  14.130  -55.599  57.924 0.1111110002
28091  16.960  -54.781  59.569 0.1111110002
27083  13.802  -56.160  57.247 0.1111110002
29136  17.801  -54.170  59.140 0.2222220004
27084  12.840  -55.366  56.826 0.1111110002
28092  15.911  -54.820  59.652 0.1111110002
28093  14.874  -54.540  59.431 0.1111110002
29130  17.807  -53.945  59.604 0.2222220004
28095  17.571  -54.533  59.319 0.1111110002
145125  13.632  -54.778  58.115 0.1111110002
29127  14.591  -53.599  60.431 0.1111110002
135982  13.740  -53.414  60.555 0.1111110002
29131  17.453  -54.044  59.975 0.1111110002
28089  16.366  -54.121  60.203 0.1111110002
30247  18.084  -52.587  59.259 0.2222220004
142150  17.951  -53.611  59.970 0.2222220004
28098  12.873  -54.258  58.091 0.1111110002
30238  17.822  -52.439  60.560 0.2222220004
30239  16.845  -52.829  60.678 0.2222220004
136852  16.276  -53.371  60.525 0.2222220004
31247  18.357  -51.917  59.696 0.2222220004
30246  18.351  -52.600  59.959 0.2222220004
29123  18.155  -53.015  60.137 0.2222220004
31248  17.975  -51.725  58.853 0.2222220004
33256  18.895  -49.785  60.759 0.2222220004
31235  17.728  -51.560  60.968 0.2222220004
30232  17.016  -52.007  61.035 0.2222220004
30233  16.030  -52.202  61.077 0.2222220004
32256  18.360  -51.164  60.527 0.2222220004
31241  18.162  -51.760  60.533 0.2222220004
137802  18.676  -50.503  60.463 0.2222220004
32258  18.528  -51.228  60.064 0.2222220004
31244  18.353  -51.903  60.232 0.2222220004
130892  18.588  -50.408  59.633 0.2222220004
131798  18.517  -50.418  60.791 0.2222220004
32252  18.183  -51.004  60.852 0.2222220004
135502  16.253  -51.629  61.326 0.2222220004
33255  19.185  -49.167  60.551 0.2222220004
34219  19.025  -49.020  59.697 0.2222220004
35184  19.609  -47.879  60.082 0.2222220004
147650  16.125  -49.752  61.985 0.2222220004
33250  18.612  -49.614  61.119 0.2222220004
33251  17.851  -49.759  61.523 0.2222220004
32253  17.545  -50.605  61.364 0.2222220004
33249  19.116  -49.033  60.963 0.2222220004
35181  19.838  -47.788  60.967 0.2222220004
34215  19.485  -48.511  60.763 0.2222220004
35183  20.043  -47.200  60.483 0.2222220004
36181  16.112  -46.384  61.826 0.2222220004
146634  16.176  -47.060  61.776 0.2222220004
35173  16.123  -47.820  61.727 0.2222220004
34210  15.701  -48.527  61.801 0.2222220004
147871  16.977  -46.025  62.248 0.2222220004
36176  16.483  -46.197  62.024 0.2222220004
35169  16.602  -47.504  61.865 0.2222220004
34209  16.679  -48.286  61.909 0.2222220004
37203  17.481  -45.497  62.368 0.2222220004
35168  17.891  -47.049  62.061 0.2222220004
34208  17.574  -48.288  61.844 0.2222220004
33244  17.273  -49.066  61.878 0.2222220004
37206  19.521  -45.532  62.354 0.2222220004
36173  18.977  -46.041  62.327 0.2222220004
35171  18.444  -47.339  61.866 0.2222220004
34213  18.782  -48.584  61.392 0.2222220004
33243  18.100  -48.925  61.606 0.2222220004
36177  19.735  -46.193  61.954 0.2222220004
35177  19.556  -47.378  61.499 0.2222220004
34206  18.951  -47.564  61.734 0.2222220004
42649  25.752  -40.860  56.617 0.2222220004
127656  24.985  -40.548  56.816 0.2222220004
42650  24.326  -40.338  56.080 0.1111110002
42651  23.584  -39.956  56.336 0.1111110002
35180  20.124  -47.078  61.171 0.2222220004
42657  23.698  -40.091  55.476 0.1111110002
36180  16.395  -45.838  62.025 0.2222220004
36183  15.715  -46.452  61.590 0.1111110002
43643  21.146  -40.112  58.713 0.1111110002
37204  16.825  -45.458  62.164 0.2222220004
37210  16.310  -45.255  61.720 0.2222220004
37201  18.856  -45.199  62.538 0.2222220004
38225  17.475  -44.748  62.323 0.2222220004
38232  16.807  -44.668  62.008 0.2222220004
38228  17.650  -44.122  62.292 0.2222220004
39257  17.357  -44.085  62.196 0.2222220004
42656  24.434  -40.479  55.152 0.1111110002
42665  23.691  -40.165  54.580 0.1111110002
37208  16.159  -45.870  61.929 0.1111110002
37213  16.117  -45.184  60.722 0.1111110002
42630  20.061  -40.908  59.752 0.1111110002
39263  16.988  -43.952  60.547 0.1111110002
129703  21.184  -40.067  57.946 0.1111110002
42635  20.575  -40.484  58.320 0.1111110002
40401  18.023  -42.816  61.555 0.2222220004
42643  20.524  -40.379  57.313 0.1111110002
42636  19.991  -40.864  58.818 0.1111110002
41558  18.967  -41.822  59.800 0.1111110002
40418  18.374  -42.391  59.838 0.1111110002
41589  26.159  -41.257  54.883 0.1111110002
41565  19.435  -41.326  58.415 0.1111110002
43656  20.769  -40.087  56.369 0.1111110002
38304  27.396  -44.757  52.731 0.2222220004
41598  26.564  -41.513  54.074 0.1111110002
36297  33.785  -46.013  48.172 0.1111110002
37322  33.448  -45.814  47.445 0.1111110002
37323  32.496  -45.675  47.315 0.1111110002
37346  30.985  -45.586  46.707 0.1111110002
37324  31.475  -45.699  47.421 0.1111110002
37309  28.049  -45.446  49.099 0.1111110002
37301  28.046  -45.366  49.982 0.1111110002
128392  30.471  -45.460  45.984 0.1111110002
130001  29.561  -45.664  46.015 0.1111110002
37328  28.119  -45.459  48.221 0.1111110002
38350  27.550  -44.938  47.722 0.1111110002
40474  29.076  -42.456  55.116 0.2222220004
146197  28.637  -42.230  54.387 0.2222220004
36318  30.995  -45.844  48.154 0.1111110002
37325  29.661  -45.999  47.405 0.1111110002
37348  29.219  -45.861  46.693 0.1111110002
37350  28.172  -45.473  47.332 0.1111110002
37347  30.033  -45.835  46.678 0.1111110002
148934  29.100  -45.726  46.065 0.1111110002
37349  28.703  -45.744  47.007 0.1111110002
37363  29.030  -45.579  45.373 0.1111110002
133332  28.770  -45.658  46.172 0.1111110002
40473  29.872  -42.751  55.057 0.2222220004
140040  29.297  -42.443  54.305 0.2222220004
36269  30.452  -46.100  50.379 0.2222220004
36270  29.702  -45.972  50.213 0.1111110002
36284  30.027  -46.038  49.608 0.1111110002
36285  29.465  -45.901  49.587 0.1111110002
36286  29.095  -45.867  49.191 0.1111110002
36319  30.050  -46.065  48.105 0.1111110002
36302  29.062  -45.912  48.372 0.1111110002
37327  28.667  -45.752  47.868 0.1111110002
37308  28.654  -45.741  48.720 0.1111110002
37326  29.084  -45.940  47.566 0.1111110002
136807  28.230  -45.455  46.428 0.1111110002
37364  28.282  -45.419  45.461 0.1111110002
38360  27.617  -45.003  46.808 0.1111110002
139328  47.143  -34.933  43.257 0.2222220004
48987  46.959  -34.649  42.683 0.2222220004
49007  46.787  -34.244  41.980 0.1111110002
48966  47.459  -34.458  43.280 0.3333329856
50053  47.328  -34.013  42.673 0.1111110002
136713  46.851  -33.621  41.615 0.1111110002
140688  47.868  -33.758  43.421 0.2222220004
50052  47.660  -33.076  42.776 0.2222220004
50065  47.168  -33.596  42.153 0.1111110002
148771  47.179  -32.845  41.851 0.1111110002
50086  46.648  -33.229  40.976 0.1111110002
51139  46.370  -33.170  40.064 0.1111110002
52175  47.362  -31.831  41.713 0.1111110002
126276  46.900  -32.408  41.231 0.1111110002
52189  46.626  -32.415  40.486 0.1111110002
52209  46.668  -31.480  40.146 0.1111110002
52210  46.307  -32.372  39.534 0.1111110002
132207  46.078  -32.023  38.692 0.1111110002
52228  45.853  -31.212  37.786 0.1111110002
52174  47.916  -31.123  42.137 0.1111110002
53260  47.551  -30.921  41.452 0.1111110002
53274  47.218  -30.673  40.682 0.1111110002
140949  46.968  -31.622  40.999 0.1111110002
53285  46.888  -30.374  39.765 0.1111110002
53297  46.512  -30.486  38.884 0.1111110002
53286  46.386  -31.350  39.260 0.1111110002
129823  46.214  -30.450  38.109 0.1111110002
148226  46.129  -31.245  38.482 0.1111110002
53305  45.862  -30.479  37.359 0.1111110002
53312  45.972  -29.761  36.893 0.1111110002
53306  45.524  -31.311  37.068 0.1111110002
53313  45.452  -30.583  36.545 0.1111110002
53317  45.127  -30.248  35.862 0.1111110002
53245  48.556  -30.547  42.438 0.1111110002
53259  48.213  -30.326  41.818 0.1111110002
53296  46.974  -29.794  39.106 0.1111110002
54288  46.735  -29.700  38.452 0.1111110002
54310  45.638  -29.701  36.259 0.1111110002
54318  45.367  -29.446  35.644 0.1111110002
54317  45.878  -29.085  35.967 0.1111110002
55345  45.748  -28.684  35.438 0.1111110002
56436  46.211  -27.343  34.614 0.1111110002
58516  47.231  -25.118  34.821 0.1111110002
57532  46.705  -26.122  34.323 0.1111110002
54270  49.447  -29.279  41.979 0.1111110002
54271  48.677  -29.593  41.493 0.1111110002
53273  47.906  -30.022  41.139 0.1111110002
54278  47.681  -29.734  40.331 0.1111110002
54283  47.561  -29.429  39.519 0.1111110002
134426  47.431  -29.168  38.770 0.1111110002
54300  47.177  -28.955  38.050 0.1111110002
130863  46.500  -29.177  36.974 0.1111110002
55336  46.802  -28.635  36.653 0.1111110002
54309  46.201  -29.134  36.460 0.1111110002
55343  47.130  -28.051  36.288 0.1111110002
55344  46.434  -28.501  35.963 0.1111110002
56412  47.678  -27.556  36.625 0.1111110002
58482  47.853  -24.988  37.685 0.1111110002
57510  47.737  -26.774  36.290 0.1111110002
56426  47.299  -27.411  35.943 0.1111110002
55353  46.277  -27.993  35.278 0.1111110002
58483  47.736  -25.148  36.940 0.1111110002
129101  47.518  -26.181  35.750 0.1111110002
57520  47.259  -26.740  35.530 0.1111110002
133827  46.811  -27.868  35.751 0.1111110002
59504  47.613  -24.819  36.282 0.1111110002
56427  46.786  -27.343  35.328 0.1111110002
57531  47.208  -26.003  34.999 0.1111110002
57521  46.772  -26.704  34.848 0.1111110002
54282  48.314  -28.990  39.904 0.1111110002
55290  48.866  -28.359  39.457 0.1111110002
55291  48.153  -28.745  39.107 0.1111110002
55304  47.948  -28.537  38.366 0.1111110002
55319  47.714  -28.360  37.640 0.1111110002
55318  48.404  -27.972  37.973 0.1111110002
55320  47.012  -28.783  37.310 0.1111110002
56396  48.497  -27.317  37.727 0.1111110002
55335  47.460  -28.215  36.936 0.1111110002
56397  48.031  -27.744  37.315 0.1111110002
57496  48.337  -26.629  37.521 0.1111110002
56411  48.144  -27.097  37.033 0.1111110002
60538  47.131  -22.948  41.100 0.2222220004
60515  47.322  -23.083  41.942 0.2222220004
131651  25.102  -40.698  55.829 0.1111110002
41588  26.572  -41.363  55.727 0.2222220004
42648  25.872  -40.992  55.671 0.2222220004
129499  25.305  -40.873  54.807 0.1111110002
42664  24.492  -40.571  54.225 0.1111110002
37307  31.989  -45.766  48.174 0.1111110002
56385  48.835  -27.537  38.417 0.1111110002
40459  30.360  -43.254  55.669 0.2222220004
36301  29.577  -45.967  48.836 0.1111110002
30240  15.673  -52.819  60.776 0.1111110002
43648  23.077  -39.711  57.789 0.1111110002
29132  14.057  -54.045  60.024 0.1111110002
31236  16.861  -51.236  61.377 0.2222220004
32248  16.464  -50.414  61.736 0.2222220004
33245  16.367  -49.132  61.986 0.2222220004
36271  29.186  -45.842  50.069 0.2222220004
37300  28.670  -45.712  49.572 0.1111110002
150631  19.595  -41.343  60.081 0.1111110002
39259  17.640  -43.465  62.005 0.2222220004
52163  47.842  -32.008  42.509 0.1111110002
52162  48.320  -31.222  42.673 0.1111110002
59490  47.938  -24.419  36.985 0.1111110002
27073  17.368  -55.402  59.056 0.1111110002
28096  14.432  -54.847  58.650 0.1111110002
27080  13.304  -55.212  57.389 0.1111110002
128400  13.158  -55.916  56.876 0.1111110002
136275  12.695  -55.989  56.295 0.1111110002
29125  17.006  -53.594  60.389 0.1111110002
28090  15.173  -54.169  60.086 0.1111110002
28094  14.074  -54.156  59.193 0.1111110002
28097  13.537  -54.150  58.690 0.1111110002
29126  15.434  -53.491  60.486 0.1111110002
29124  17.671  -53.311  60.291 0.1111110002
29129  18.059  -53.388  59.610 0.2222220004
30237  18.218  -52.364  60.261 0.2222220004
33259  18.930  -49.785  60.165 0.2222220004
34218  19.350  -48.603  60.155 0.2222220004
32247  16.958  -49.797  61.832 0.2222220004
34205  17.257  -47.613  61.950 0.2222220004
36174  18.408  -46.515  62.210 0.2222220004
37202  18.249  -45.747  62.447 0.2222220004
35172  17.906  -47.670  61.857 0.2222220004
35170  19.305  -46.743  61.892 0.2222220004
36179  18.900  -46.763  61.998 0.2222220004
131062  31.836  -45.525  46.767 0.1111110002
134022  30.521  -45.876  47.400 0.1111110002
36320  29.404  -46.006  48.056 0.1111110002
54301  46.452  -29.587  37.608 0.1111110002
58504  47.437  -25.405  35.606 0.1111110002
139400  46.380  -26.676  34.282 0.1111110002
61669  47.388  -22.183  40.692 0.2222220004
149800  34.549  -43.837  50.018 0.1111110002
41604  28.021  -42.017  53.994 0.1111110002
40495  29.650  -42.223  52.594 0.1111110002
149194  32.645  -42.693  50.704 0.1111110002
40493  31.303  -42.408  52.131 0.1111110002
40494  30.505  -42.322  52.412 0.1111110002
40484  29.478  -42.343  53.470 0.1111110002
40485  28.694  -42.174  53.655 0.1111110002
50034  44.583  -33.705  45.525 0.1111110002
128052  45.795  -32.693  46.054 0.1111110002
50033  45.287  -33.161  45.801 0.1111110002
59444  45.051  -24.465  41.520 0.1111110002
60525  46.655  -23.807  41.569 0.1111110002
60540  45.973  -23.917  40.071 0.1111110002
60539  46.548  -23.560  40.644 0.1111110002
61670  46.890  -22.800  40.302 0.1111110002
61681  46.665  -22.707  39.524 0.1111110002
61680  47.194  -22.086  39.894 0.1111110002
61696  46.950  -22.000  38.953 0.1111110002
62766  46.991  -21.725  37.999 0.1111110002
63801  48.317  -20.697  35.191 0.1111110002
62777  47.643  -21.277  37.647 0.1111110002
62778  46.980  -21.578  37.050 0.1111110002
62798  48.143  -20.880  36.201 0.1111110002
38281  26.887  -44.550  54.657 0.2222220004
145007  47.688  -21.196  36.861 0.1111110002
59430  45.919  -24.367  41.774 0.1111110002
59443  45.937  -24.208  40.962 0.1111110002
71777  62.601  -11.672  25.206 0.1111110002
71794  62.889  -12.232  24.448 0.1111110002
72787  63.412  -11.237  24.972 0.1111110002
71793  63.483  -12.341  23.781 0.1111110002
70810  63.253  -13.484  22.094 0.1111110002
69816  63.521  -13.986  20.579 0.1111110002
69833  63.128  -14.445  20.250 0.1111110002
131252  63.643  -11.653  24.343 0.1111110002
71808  63.938  -12.403  23.083 0.1111110002
148832  63.708  -12.931  22.476 0.1111110002
70824  63.689  -13.567  21.208 0.1111110002
69817  62.960  -14.089  21.237 0.1111110002
69909  62.442  -14.354  12.952 0.1111110002
72785  64.436  -10.243  23.894 0.1111110002
71807  64.501  -11.682  22.860 0.1111110002
71830  64.344  -12.546  21.703 0.1111110002
70845  64.300  -13.121  20.231 0.1111110002
69849  64.294  -13.916  18.503 0.1111110002
70873  64.557  -13.141  17.988 0.1111110002
139144  64.319  -14.140  17.596 0.1111110002
142113  64.563  -13.260  17.150 0.1111110002
69862  64.248  -14.126  15.727 0.1111110002
69863  63.778  -14.777  15.301 0.1111110002
69875  63.553  -14.631  14.583 0.1111110002
69908  63.095  -14.064  13.266 0.1111110002
70949  62.101  -14.033  12.261 0.1111110002
72821  64.785  -10.927  21.537 0.1111110002
71845  64.540  -12.377  20.437 0.1111110002
70863  64.546  -12.980  18.859 0.1111110002
71851  64.640  -12.014  19.107 0.1111110002
149632  64.653  -12.505  16.863 0.1111110002
70895  64.588  -13.036  16.283 0.1111110002
69874  64.153  -13.885  14.812 0.1111110002
70927  64.345  -13.312  13.984 0.1111110002
70941  63.719  -13.734  13.567 0.1111110002
132188  62.825  -13.674  12.602 0.1111110002
70962  62.541  -13.311  11.989 0.1111110002
71956  61.884  -12.516  11.219 0.1111110002
72943  61.856  -11.798  10.929 0.1111110002
148390  61.300  -12.326  10.978 0.1111110002
72838  64.586  -11.002  19.441 0.1111110002
72831  64.724  -11.180  20.509 0.1111110002
72845  64.554  -11.311  18.555 0.1111110002
145590  64.623  -11.872  19.836 0.1111110002
71862  64.662  -12.146  17.429 0.1111110002
71877  64.659  -11.678  16.504 0.1111110002
71892  64.752  -12.011  15.581 0.1111110002
139604  64.870  -11.297  14.974 0.1111110002
71904  64.712  -12.438  14.696 0.1111110002
71915  64.824  -12.119  13.833 0.1111110002
71929  64.798  -11.793  13.142 0.1111110002
70947  64.164  -12.454  12.606 0.1111110002
71937  64.662  -11.558  12.544 0.1111110002
71938  64.044  -11.910  11.953 0.1111110002
72930  63.475  -11.597  11.436 0.1111110002
71957  60.538  -12.463  10.903 0.1111110002
71955  62.572  -12.148  11.304 0.1111110002
72944  60.765  -11.528  10.720 0.1111110002
73983  59.656  -10.913  10.620 0.1111110002
134528  59.073  -10.115  10.489 0.1111110002
72946  58.203  -11.691  10.696 0.1111110002
73985  57.020  -10.909  10.594 0.1111110002
73889  64.416  -10.200  20.085 0.1111110002
73897  64.333  -10.562  18.733 0.1111110002
145440  64.571  -11.473  17.881 0.1111110002
72852  64.513  -11.180  17.238 0.1111110002
73918  64.229  -10.604  15.805 0.1111110002
72890  64.838  -10.611  14.685 0.1111110002
136665  64.587  -10.911  15.544 0.1111110002
72899  65.218  -11.009  13.750 0.1111110002
73938  64.737  -10.293  14.349 0.1111110002
133550  65.137  -10.219  13.785 0.1111110002
72916  65.191  -10.681  13.071 0.1111110002
72928  64.758  -10.844  12.243 0.1111110002
139688  64.916  -9.214  12.350 0.1111110002
72941  63.877  -10.487  11.218 0.1111110002
72929  64.288  -11.024  11.630 0.1111110002
72942  62.778  -11.221  10.983 0.1111110002
73981  61.682  -10.700  10.654 0.1111110002
73982  60.563  -10.536  10.580 0.1111110002
147146  58.431  -9.883  10.477 0.1111110002
72948  56.518  -11.459  10.756 0.1111110002
73987  55.483  -10.845  10.668 0.1111110002
134529  59.872  -9.857  10.484 0.1111110002
136638  57.730  -11.076  10.610 0.1111110002
73986  56.244  -10.799  10.614 0.1111110002
143822  64.419  -9.577  11.425 0.1111110002
73975  64.732  -10.024  11.843 0.1111110002
74945  63.850  -9.468  10.951 0.1111110002
73980  62.893  -10.175  10.706 0.1111110002
146034  61.852  -9.007  10.430 0.1111110002
136323  54.932  -10.194  10.599 0.1111110002
73988  53.987  -10.301  10.668 0.1111110002
74955  53.562  -9.611  10.556 0.1111110002
74947  61.161  -8.421  10.308 0.1111110002
74948  60.118  -8.835  10.340 0.1111110002
134527  57.644  -10.182  10.485 0.1111110002
134526  56.704  -10.093  10.518 0.1111110002
134361  55.835  -10.083  10.551 0.1111110002
74954  54.344  -9.464  10.551 0.1111110002
75902  59.551  -8.233  10.166 0.1111110002
74949  59.001  -9.037  10.402 0.1111110002
75904  57.573  -8.491  10.339 0.1111110002
74951  57.194  -9.230  10.447 0.1111110002
76866  59.530  -7.287  9.745 0.1111110002
146999  58.942  -8.055  10.093 0.1111110002
75903  58.249  -8.263  10.228 0.1111110002
76862  64.069  -7.462  11.332 0.1111110002
75900  62.304  -8.053  10.395 0.1111110002
76864  62.054  -6.437  10.268 0.1111110002
75906  56.029  -8.289  10.354 0.1111110002
74953  55.329  -9.157  10.526 0.1111110002
130599  61.505  -7.222  10.030 0.1111110002
75905  56.882  -8.363  10.326 0.1111110002
76865  60.501  -6.829  9.685 0.1111110002
76867  58.568  -7.291  9.749 0.1111110002
76868  57.585  -7.509  9.915 0.1111110002
76879  59.054  -6.288  9.333 0.1111110002
76880  58.150  -6.183  9.117 0.1111110002
77875  63.219  -6.534  11.180 0.1111110002
77876  62.332  -6.152  10.693 0.1111110002
77863  60.983  -5.950  11.262 0.1111110002
77864  59.812  -5.935  11.366 0.1111110002
77882  60.844  -5.764  9.753 0.1111110002
78897  60.473  -5.462  9.836 0.1111110002
78861  59.316  -5.362  10.508 0.1111110002
151434  60.522  -6.087  9.553 0.1111110002
76878  59.865  -6.215  9.448 0.1111110002
76881  57.123  -6.495  9.222 0.1111110002
77865  58.638  -6.043  11.563 0.1111110002
78881  58.663  -4.942  9.666 0.1111110002
78862  58.191  -5.368  10.736 0.1111110002
77884  59.376  -5.507  9.311 0.1111110002
79935  58.045  -4.668  9.031 0.1111110002
77896  57.017  -4.923  7.947 0.1111110002
79948  56.892  -4.532  8.642 0.1111110002
78913  56.832  -4.645  8.085 0.1111110002
79959  57.019  -4.591  8.211 0.1111110002
147377  55.462  -4.655  9.045 0.1111110002
79936  57.297  -4.621  9.307 0.1111110002
79938  55.546  -4.884  9.767 0.1111110002
78885  54.984  -5.207  10.393 0.1111110002
78886  54.005  -5.213  10.065 0.1111110002
72798  64.209  -11.464  23.754 0.1111110002
138879  64.369  -10.884  17.962 0.1111110002
70786  62.152  -13.054  24.133 0.1111110002
70800  63.188  -13.078  23.055 0.1111110002
128861  63.943  -13.056  21.819 0.1111110002
70846  63.952  -13.593  20.392 0.1111110002
71817  64.202  -12.475  22.350 0.1111110002
70823  64.260  -12.987  21.033 0.1111110002
71816  64.608  -11.806  22.046 0.1111110002
71829  64.635  -12.033  21.239 0.1111110002
137389  64.494  -12.711  19.672 0.1111110002
69844  64.213  -13.616  19.498 0.1111110002
68870  64.023  -14.900  17.198 0.1111110002
69855  64.266  -14.350  16.632 0.1111110002
70928  63.799  -14.071  14.158 0.1111110002
69876  63.034  -14.963  14.349 0.1111110002
70948  63.565  -13.323  12.906 0.1111110002
71856  64.642  -12.163  18.297 0.1111110002
70914  64.544  -13.161  15.414 0.1111110002
70940  64.292  -12.865  13.280 0.1111110002
70961  63.347  -12.884  12.272 0.1111110002
71939  63.047  -12.506  11.714 0.1111110002
71940  62.206  -12.923  11.533 0.1111110002
70963  61.751  -13.661  11.718 0.1111110002
136621  65.087  -11.217  14.357 0.1111110002
72945  59.906  -11.823  10.743 0.1111110002
73984  58.525  -10.802  10.572 0.1111110002
133185  59.081  -11.704  10.689 0.1111110002
73905  64.092  -10.644  17.238 0.1111110002
72866  64.378  -10.869  16.441 0.1111110002
73928  64.479  -10.461  15.115 0.1111110002
148158  65.108  -10.511  14.194 0.1111110002
133436  62.029  -9.753  10.556 0.1111110002
134530  60.998  -9.609  10.512 0.1111110002
74950  57.999  -9.164  10.426 0.1111110002
133704  55.918  -11.288  10.759 0.1111110002
72950  54.577  -11.089  10.806 0.1111110002
74952  56.318  -9.233  10.465 0.1111110002
129534  63.931  -8.618  10.882 0.1111110002
74946  62.930  -9.026  10.578 0.1111110002
75908  53.713  -8.815  10.441 0.1111110002
139674  52.936  -10.228  10.610 0.1111110002
75901  60.364  -7.834  10.036 0.1111110002
75899  63.512  -7.820  10.726 0.1111110002
152439  62.840  -6.524  10.693 0.1111110002
76876  61.596  -5.899  10.039 0.1111110002
76869  56.579  -7.459  9.949 0.1111110002
140395  58.739  -5.483  8.995 0.1111110002
77885  58.136  -5.145  8.637 0.1111110002
78859  61.835  -5.914  10.972 0.1111110002
78879  60.943  -5.581  10.444 0.1111110002
78860  60.254  -5.560  10.719 0.1111110002
77844  59.304  -6.562  11.960 0.1111110002
78898  59.683  -5.274  9.548 0.1111110002
78880  60.058  -5.269  10.045 0.1111110002
78899  58.824  -4.939  9.012 0.1111110002
78900  57.835  -4.796  8.593 0.1111110002
77886  57.513  -5.452  8.503 0.1111110002
78912  57.242  -4.694  8.254 0.1111110002
78883  57.016  -4.980  10.136 0.1111110002
79937  56.411  -4.801  9.746 0.1111110002
148646  54.323  -5.309  10.550 0.1111110002
27076  17.440  -55.748  58.564 0.1111110002
27077  17.022  -56.168  58.749 0.1111110002
26117  16.145  -57.601  57.990 0.1111110002
140132  17.727  -53.358  58.673 0.1111110002
30250  17.554  -52.291  58.393 0.1111110002
31251  17.393  -51.415  58.056 0.1111110002
32260  18.291  -51.097  59.244 0.1111110002
32261  17.828  -50.987  58.487 0.1111110002
34232  18.192  -48.133  56.972 0.1111110002
34233  17.844  -48.905  57.294 0.1111110002
32264  17.406  -50.583  57.828 0.1111110002
35191  18.931  -47.939  58.442 0.1111110002
33263  18.065  -50.212  58.569 0.1111110002
140889  18.420  -48.421  57.850 0.1111110002
130117  26.262  -44.236  54.100 0.1111110002
140273  19.457  -46.360  57.837 0.1111110002
35198  18.682  -47.637  57.549 0.1111110002
40451  23.524  -42.691  56.192 0.1111110002
36199  18.973  -46.871  57.236 0.1111110002
35205  18.467  -47.371  56.696 0.1111110002
132157  25.561  -43.885  54.093 0.1111110002
145228  23.173  -42.398  56.871 0.1111110002
38282  26.128  -44.115  54.967 0.1111110002
137063  25.732  -43.805  55.506 0.1111110002
39301  24.488  -43.024  56.253 0.1111110002
39324  25.268  -43.692  54.826 0.1111110002
39313  24.992  -43.440  55.610 0.1111110002
39314  23.981  -43.011  55.457 0.1111110002
40431  18.465  -42.228  58.861 0.1111110002
40419  17.890  -42.812  59.346 0.1111110002
40450  24.032  -42.637  56.968 0.1111110002
38272  26.356  -44.101  55.893 0.1111110002
39312  25.833  -43.710  56.207 0.1111110002
42772  39.016  -40.904  44.416 0.1111110002
42770  40.592  -40.552  44.677 0.1111110002
42771  39.884  -40.846  44.606 0.1111110002
42783  39.340  -40.187  44.038 0.1111110002
44781  40.260  -38.914  43.390 0.1111110002
47887  46.120  -35.053  41.837 0.1111110002
150817  42.013  -38.394  44.225 0.1111110002
136558  41.691  -38.059  43.683 0.1111110002
139312  43.666  -37.055  43.921 0.1111110002
45770  41.408  -37.681  43.079 0.1111110002
142543  41.855  -37.114  42.753 0.1111110002
46803  43.820  -36.547  43.194 0.1111110002
47870  46.669  -35.176  42.944 0.1111110002
46816  43.547  -36.183  42.498 0.1111110002
46828  42.916  -36.074  42.030 0.1111110002
46817  41.885  -36.551  42.114 0.1111110002
144434  44.904  -36.175  43.090 0.1111110002
46815  44.398  -35.921  42.488 0.1111110002
39262  17.497  -43.387  61.051 0.1111110002
42782  40.065  -40.039  44.193 0.1111110002
43794  40.290  -39.478  43.862 0.1111110002
44771  41.437  -38.775  44.092 0.1111110002
45769  42.162  -37.403  43.307 0.1111110002
39300  25.003  -43.041  57.058 0.1111110002
34224  19.217  -48.284  59.349 0.1111110002
27081  17.483  -55.726  57.764 0.1111110002
26114  15.646  -56.921  58.253 0.1111110002
30251  17.130  -52.744  57.919 0.1111110002
136899  18.624  -49.565  59.142 0.1111110002
34225  18.729  -48.728  58.759 0.1111110002
141678  17.092  -53.556  57.739 0.1111110002
34239  17.618  -48.583  56.422 0.1111110002
32267  17.019  -50.221  57.004 0.1111110002
33270  17.587  -49.741  57.601 0.1111110002
44780  40.944  -38.406  43.402 0.1111110002
45778  42.722  -36.690  42.805 0.1111110002
30235  13.428  -51.980  61.375 0.3333329856
33252  14.415  -49.062  61.658 0.3333329856
33254  13.203  -50.308  60.951 0.2222220004
34207  18.288  -48.049  61.714 0.2222220004
34212  19.358  -48.193  61.240 0.2222220004
35175  15.074  -48.025  61.542 0.3333329856
35176  19.764  -46.751  61.643 0.2222220004
35238  37.812  -47.111  51.236 0.4444440007
36175  17.637  -46.285  62.300 0.2222220004
36178  19.404  -46.163  62.108 0.2222220004
36182  20.231  -46.330  61.437 0.2222220004
36251  39.244  -46.398  50.939 0.4444440007
36317  34.156  -45.949  47.504 0.1111110002
37205  19.807  -45.740  62.200 0.3333329856
37207  16.599  -45.363  62.083 0.2222220004
37211  15.807  -45.792  61.329 0.1111110002
37304  40.429  -45.475  48.387 0.3333329856
38222  20.086  -44.359  62.502 0.3333329856
38224  18.667  -44.310  62.563 0.2222220004
38226  21.004  -44.095  62.006 0.3333329856
38227  20.540  -44.428  62.258 0.3333329856
38229  17.094  -44.730  62.196 0.2222220004
39250  19.202  -43.699  62.593 0.3333329856
39251  18.523  -43.610  62.453 0.3333329856
39252  18.029  -44.151  62.425 0.2222220004
39255  18.401  -43.242  62.348 0.3333329856
39256  17.905  -43.612  62.300 0.2222220004
39260  17.046  -43.950  61.644 0.1111110002
39275  27.259  -42.898  58.483 0.2222220004
39284  28.845  -43.806  57.370 0.4444440007
39379  38.186  -43.782  51.143 0.5555559993
39404  40.841  -44.253  48.253 0.3333329856
39418  35.909  -42.939  47.681 0.2222220004
40392  19.833  -43.140  62.667 0.3333329856
40396  18.803  -42.694  62.328 0.2222220004
40398  21.477  -42.050  62.360 0.3333329856
40407  17.946  -42.809  60.432 0.2222220004
40425  26.987  -42.293  58.854 0.1111110002
40543  41.518  -42.881  47.637 0.4444440007
40563  34.833  -42.763  47.175 0.2222220004
41534  20.616  -41.477  62.448 0.3333329856
41536  19.114  -42.166  62.302 0.2222220004
41537  22.760  -40.874  60.899 0.2222220004
41539  19.743  -41.335  61.647 0.2222220004
41546  24.734  -40.937  59.603 0.1111110002
41555  24.370  -41.300  59.615 0.2222220004
41557  19.503  -41.348  59.258 0.1111110002
41624  38.912  -41.232  51.070 0.7777780294
41636  39.753  -41.596  50.787 0.6666669846
41653  30.121  -41.687  49.605 0.1111110002
41663  43.457  -41.141  47.539 0.5555559993
41668  36.856  -41.768  48.129 0.4444440007
41681  36.031  -41.800  47.190 0.2222220004
42607  21.700  -40.886  61.996 0.3333329856
42609  22.120  -40.809  61.551 0.2222220004
42617  24.239  -40.715  59.676 0.2222220004
42628  21.347  -40.190  60.376 0.2222220004
42642  24.905  -40.351  57.862 0.1111110002
42690  38.249  -40.473  50.895 0.6666669846
43626  22.292  -40.244  61.016 0.2222220004
43654  22.220  -39.610  55.906 0.2222220004
43689  38.455  -39.394  50.745 0.4444440007
43736  36.494  -39.281  48.820 0.4444440007
44697  37.791  -39.047  50.404 0.6666669846
44722  46.333  -38.323  48.004 0.6666669846
44734  46.774  -37.784  47.809 0.7777780294
45664  45.679  -36.704  50.372 0.8888890147
45665  45.029  -37.087  50.679 0.8888890147
45666  44.405  -37.285  50.898 0.7777780294
45667  43.791  -37.340  51.140 0.7777780294
45668  42.089  -37.614  51.223 0.6666669846
45669  41.226  -37.768  51.196 0.6666669846
45670  40.306  -37.889  50.981 0.6666669846
45671  39.467  -38.098  50.721 0.5555559993
45673  38.196  -38.585  50.440 0.5555559993
45684  46.755  -36.343  49.529 0.8888890147
45744  47.193  -36.987  46.400 0.6666669846
46693  44.617  -36.435  51.130 0.8888890147
46703  46.008  -35.904  50.559 0.8888890147
46708  41.722  -37.012  50.970 0.6666669846
46743  47.990  -36.086  48.156 0.7777780294
46747  36.974  -37.555  48.242 0.3333329856
46755  47.887  -36.503  47.409 0.6666669846
47725  44.545  -35.998  51.168 0.8888890147
47735  43.967  -36.055  51.168 0.8888890147
47745  47.804  -34.842  49.243 0.8888890147
47750  41.209  -36.836  50.497 0.6666669846
47762  40.254  -36.601  49.409 0.5555559993
47771  48.564  -35.206  47.825 0.7777780294
47772  48.322  -35.342  48.191 0.8888890147
48865  46.960  -34.604  50.242 0.8888890147
48868  44.506  -35.316  50.740 0.8888890147
48879  47.317  -34.189  50.087 0.8888890147
48965  48.017  -34.389  44.094 0.4444440007
48988  46.487  -34.859  42.197 0.1111110002
49971  47.501  -33.411  50.051 0.8888890147
49980  48.339  -32.740  49.525 0.8888890147
49981  47.895  -33.094  49.812 0.8888890147
51030  45.957  -33.087  49.699 0.7777780294
51041  49.654  -31.672  48.126 0.8888890147
52034  47.480  -32.304  50.157 0.8888890147
53164  48.677  -30.380  49.602 0.8888890147
53180  49.180  -30.079  49.424 0.8888890147
53233  45.885  -30.197  43.087 0.1111110002
54197  48.186  -29.856  49.698 0.7777780294
54209  47.530  -30.134  49.517 0.7777780294
55201  50.758  -28.483  47.519 0.8888890147
55224  51.491  -28.478  46.081 0.7777780294
55244  51.679  -28.423  44.979 0.7777780294
55274  50.188  -27.858  41.190 0.3333329856
56260  48.773  -27.445  49.368 0.7777780294
56282  51.479  -27.112  46.505 0.8888890147
56313  51.802  -27.480  45.231 0.7777780294
57329  50.767  -25.936  47.903 0.8888890147
57362  51.631  -26.579  46.195 0.7777780294
57401  51.646  -26.965  44.425 0.7777780294
58387  48.684  -25.512  48.399 0.7777780294
58418  45.268  -25.426  45.545 0.3333329856
59382  51.706  -24.420  46.605 0.8888890147
59406  44.556  -25.197  44.476 0.3333329856
60427  50.296  -23.898  47.805 0.8888890147
60473  51.626  -23.554  45.647 0.7777780294
61567  50.694  -22.588  47.457 0.8888890147
61653  48.116  -21.686  42.055 0.5555559993
62788  47.333  -21.316  36.226 0.1111110002
64849  49.568  -19.373  33.111 0.1111110002
69889  63.325  -14.419  13.922 0.1111110002
71752  56.728  -12.118  28.650 0.1111110002
72731  52.465  -12.147  29.937 0.2222220004
74847  64.311  -9.371  22.310 0.2222220004
74944  64.727  -9.184  11.804 0.1111110002
76726  61.739  -7.137  27.789 0.2222220004
76863  63.529  -6.923  10.933 0.1111110002
76877  61.210  -6.291  9.780 0.1111110002
77883  60.110  -5.649  9.560 0.1111110002
77895  57.556  -4.899  8.309 0.1111110002
78878  61.589  -5.804  10.416 0.1111110002
78896  61.144  -5.595  10.001 0.1111110002
78901  54.753  -5.001  9.712 0.1111110002
79947  57.416  -4.627  8.534 0.1111110002
126006  62.704  -7.061  10.442 0.1111110002
128975  49.886  -32.078  47.024 0.8888890147
130499  43.051  -35.922  50.098 0.6666669846
130637  51.561  -26.067  46.812 0.8888890147
130647  38.954  -39.074  50.845 0.5555559993
130747  51.788  -25.183  46.042 0.8888890147
131540  23.087  -39.960  59.916 0.2222220004
131633  24.154  -39.996  58.942 0.1111110002
131977  20.619  -40.576  60.283 0.2222220004
132524  38.142  -37.080  48.855 0.4444440007
132740  48.371  -35.550  46.268 0.6666669846
133392  36.628  -36.682  46.719 0.1111110002
134670  51.658  -25.920  46.423 0.8888890147
134998  51.246  -28.498  46.561 0.8888890147
135128  40.217  -43.470  46.104 0.2222220004
135979  48.969  -33.755  47.890 0.8888890147
137006  23.152  -39.914  55.049 0.2222220004
137039  39.107  -44.044  51.853 0.6666669846
137864  50.166  -26.326  48.355 0.7777780294
138382  16.949  -46.808  62.094 0.2222220004
139245  46.011  -34.728  50.633 0.8888890147
139350  51.283  -27.658  46.808 0.8888890147
139457  45.224  -24.691  44.251 0.4444440007
140171  42.985  -37.409  51.218 0.6666669846
140275  18.082  -44.888  62.502 0.2222220004
140836  18.257  -50.321  61.119 0.2222220004
141648  49.427  -28.976  49.288 0.8888890147
141865  49.279  -33.695  46.790 0.7777780294
141980  20.689  -42.726  62.516 0.3333329856
142581  56.154  -4.554  8.855 0.1111110002
142631  59.371  -5.119  9.626 0.1111110002
142955  25.641  -41.485  59.360 0.2222220004
143897  18.470  -46.949  61.984 0.2222220004
143970  22.284  -39.762  59.062 0.2222220004
146214  46.354  -24.241  42.363 0.1111110002
146271  45.380  -37.238  45.145 0.4444440007
146343  21.996  -41.818  62.017 0.2222220004
146968  26.949  -44.319  56.260 0.2222220004
147127  20.444  -45.302  59.500 0.3333329856
147339  46.709  -37.834  48.078 0.6666669846
147595  51.333  -26.693  43.851 0.5555559993
147859  46.939  -30.712  45.681 0.1111110002
148855  21.128  -40.966  62.238 0.2222220004
149292  36.692  -44.074  44.899 0.1111110002
149418  49.137  -21.275  44.215 0.5555559993
150350  46.961  -23.729  42.293 0.3333329856
150820  48.107  -36.201  47.749 0.7777780294
150824  55.901  -10.393  26.913 0.1111110002
151117  44.977  -35.576  51.002 0.8888890147
151504  51.704  -26.489  45.974 0.7777780294
152029  49.330  -23.001  36.004 0.1111110002
