#!ascii label  , from subject sub-v1s11x0050148_ses-1 vox2ras=TkReg
2285
13616  32.982  -70.975  -23.234 0.2000000030
13610  33.137  -70.782  -22.489 0.2000000030
13617  32.184  -70.689  -23.588 0.2000000030
132577  31.504  -70.774  -25.861 0.1000000015
13599  33.313  -70.676  -21.694 0.3000000119
13611  32.479  -70.403  -22.891 0.2000000030
13627  31.909  -70.962  -24.303 0.1000000015
12721  32.711  -71.244  -23.931 0.2000000030
13628  31.605  -70.314  -24.014 0.1000000015
145466  31.544  -70.540  -24.640 0.1000000015
13635  31.412  -70.318  -25.198 0.1000000015
14573  31.679  -69.074  -25.999 0.1000000015
13644  31.722  -70.407  -26.547 0.1000000015
16564  32.766  -67.933  -26.363 0.1000000015
14572  32.101  -69.541  -26.746 0.1000000015
15551  33.002  -68.307  -26.886 0.1000000015
16537  33.416  -67.193  -26.092 0.2000000030
16563  33.571  -67.832  -26.752 0.1000000015
15499  31.217  -68.645  -22.876 0.1000000015
141180  31.102  -68.303  -23.650 0.1000000015
14535  31.751  -70.074  -23.280 0.2000000030
14562  31.370  -69.422  -25.144 0.1000000015
14536  31.351  -69.549  -23.811 0.1000000015
14550  31.367  -69.919  -24.530 0.1000000015
15533  31.535  -68.683  -25.370 0.1000000015
150948  34.506  -66.096  -25.484 0.2000000030
17525  33.720  -66.418  -25.513 0.2000000030
18538  35.852  -65.585  -25.371 0.1000000015
17543  34.534  -66.714  -26.065 0.2000000030
18514  36.452  -65.085  -24.943 0.2000000030
133162  37.145  -65.177  -25.049 0.1000000015
19505  38.653  -64.310  -24.294 0.1000000015
15519  31.286  -68.627  -24.578 0.1000000015
16525  31.328  -67.700  -24.384 0.1000000015
16538  32.392  -67.542  -25.697 0.1000000015
19506  36.195  -64.575  -24.395 0.2000000030
19485  37.416  -63.927  -23.761 0.2000000030
142619  38.563  -63.578  -23.551 0.2000000030
134596  37.297  -64.524  -24.397 0.2000000030
20483  39.300  -63.491  -23.768 0.1000000015
147638  39.627  -63.951  -24.253 0.2000000030
16524  31.912  -67.174  -24.993 0.1000000015
17509  31.561  -66.834  -24.220 0.1000000015
17526  32.778  -66.781  -25.397 0.1000000015
17507  33.109  -66.157  -25.035 0.2000000030
19508  34.401  -64.809  -24.319 0.2000000030
18516  34.864  -65.145  -24.744 0.3000000119
21429  38.984  -62.903  -23.169 0.3000000119
21428  39.608  -62.801  -23.677 0.2000000030
21436  40.132  -62.715  -24.271 0.2000000030
19521  40.791  -63.946  -25.019 0.2000000030
19486  35.818  -64.138  -23.808 0.3000000119
18540  33.971  -65.575  -24.919 0.2000000030
21417  38.471  -62.570  -22.607 0.3000000119
22349  38.842  -61.561  -23.184 0.3000000119
150587  38.699  -60.422  -24.635 0.3000000119
139744  39.265  -61.703  -23.689 0.3000000119
22356  39.505  -61.540  -24.343 0.2000000030
20498  40.584  -63.268  -24.738 0.2000000030
20509  41.255  -63.446  -25.400 0.2000000030
24226  37.610  -60.164  -23.409 0.4000000060
22343  38.240  -61.983  -22.081 0.3000000119
23289  38.376  -61.458  -22.522 0.3000000119
137569  36.715  -64.054  -23.817 0.2000000030
20466  37.874  -63.142  -22.715 0.2000000030
23304  39.185  -60.864  -24.837 0.3000000119
22355  40.081  -62.066  -24.655 0.2000000030
22370  39.785  -61.369  -25.178 0.2000000030
22369  40.562  -61.948  -25.571 0.2000000030
24236  37.435  -59.411  -24.112 0.3000000119
24235  38.152  -60.179  -24.191 0.3000000119
24248  39.208  -59.629  -25.882 0.2000000030
24262  40.234  -59.577  -26.988 0.2000000030
23331  39.828  -60.102  -26.312 0.2000000030
23345  40.883  -60.010  -27.488 0.1000000015
23317  40.135  -61.032  -25.989 0.2000000030
22399  41.240  -60.973  -27.260 0.2000000030
22385  40.852  -61.468  -26.479 0.2000000030
22368  41.252  -62.152  -26.204 0.2000000030
25147  37.423  -58.391  -24.633 0.3000000119
147126  37.995  -58.491  -25.194 0.3000000119
25146  37.946  -59.273  -24.796 0.3000000119
26056  38.554  -57.221  -25.569 0.2000000030
25160  39.010  -58.637  -26.096 0.3000000119
26055  39.002  -57.640  -26.116 0.2000000030
24249  38.526  -59.166  -25.435 0.3000000119
24263  39.611  -59.119  -26.543 0.1000000015
25172  40.114  -58.575  -27.079 0.1000000015
25183  41.262  -58.497  -28.068 0.1000000015
24276  40.685  -59.022  -27.600 0.1000000015
27034  40.837  -57.176  -27.265 0.1000000015
130014  41.693  -60.350  -27.903 0.1000000015
127572  37.686  -56.714  -24.618 0.3000000119
130548  38.192  -56.826  -25.148 0.2000000030
127312  38.976  -56.003  -24.831 0.2000000030
28025  39.636  -55.603  -24.485 0.2000000030
28024  40.624  -55.488  -24.435 0.1000000015
26985  39.454  -56.140  -25.263 0.1000000015
142386  40.175  -55.833  -25.139 0.1000000015
27000  39.985  -56.252  -25.910 0.1000000015
26074  40.166  -57.592  -26.975 0.1000000015
26086  41.308  -57.630  -27.861 0.1000000015
25193  41.895  -57.996  -28.478 0.1000000015
26971  38.018  -56.056  -24.311 0.2000000030
28023  41.386  -55.580  -24.485 0.1000000015
26983  41.806  -55.765  -25.157 0.1000000015
142716  40.893  -56.001  -25.947 0.1000000015
26999  41.710  -56.001  -26.107 0.1000000015
27020  40.427  -56.696  -26.606 0.1000000015
27018  42.197  -56.288  -26.817 0.1000000015
27033  42.350  -56.722  -27.872 0.1000000015
27019  41.233  -56.449  -26.751 0.1000000015
26981  43.877  -56.839  -24.108 0.1000000015
27032  43.038  -56.373  -27.322 0.1000000015
27047  43.203  -56.695  -28.174 0.1000000015
26970  43.177  -56.351  -23.633 0.1000000015
15532  32.010  -68.296  -25.903 0.1000000015
15511  31.143  -68.936  -23.981 0.1000000015
18537  36.656  -65.630  -25.431 0.1000000015
140561  50.708  -62.575  -12.270 0.5000000000
20299  50.124  -63.907  -11.322 0.5000000000
142832  50.723  -62.861  -10.948 0.5000000000
151549  51.318  -61.639  -11.714 0.5000000000
131229  51.509  -60.906  -12.203 0.5000000000
20302  47.627  -63.226  -12.084 0.2000000030
126286  48.405  -64.360  -11.568 0.2000000030
21254  48.081  -62.452  -11.718 0.3000000119
20301  48.710  -63.480  -11.457 0.3000000119
21252  49.651  -63.579  -11.082 0.5000000000
20265  50.183  -63.207  -10.343 0.5000000000
21215  50.470  -62.723  -9.883 0.5000000000
21231  51.154  -62.140  -10.934 0.5000000000
21214  51.147  -62.296  -10.120 0.5000000000
22214  51.593  -61.173  -11.377 0.5000000000
130226  51.245  -60.742  -12.993 0.5000000000
23189  51.554  -60.189  -12.632 0.5000000000
22260  50.689  -60.457  -14.248 0.5000000000
23211  49.778  -60.340  -15.796 0.5000000000
21275  47.262  -62.241  -12.241 0.3000000119
22215  48.166  -61.776  -11.175 0.3000000119
21233  49.814  -63.209  -10.401 0.5000000000
23150  51.930  -60.832  -10.062 0.5000000000
23174  51.852  -60.386  -11.809 0.5000000000
24108  51.280  -59.767  -13.011 0.5000000000
24122  50.627  -59.734  -13.947 0.5000000000
21367  45.623  -62.768  -18.563 0.4000000060
22296  46.224  -61.655  -17.533 0.5000000000
22295  47.219  -61.739  -17.524 0.5000000000
23217  48.256  -60.681  -16.515 0.5000000000
24132  50.156  -59.950  -15.222 0.5000000000
21368  44.682  -62.793  -18.490 0.4000000060
141130  46.629  -62.142  -12.474 0.3000000119
23175  47.416  -60.972  -11.080 0.4000000060
22204  47.987  -61.391  -10.430 0.4000000060
22185  49.014  -61.937  -9.589 0.5000000000
22170  49.119  -61.323  -9.082 0.5000000000
22183  50.761  -61.946  -9.631 0.5000000000
23151  51.170  -61.115  -9.467 0.5000000000
23152  50.182  -61.286  -9.160 0.5000000000
23135  50.729  -60.447  -8.919 0.5000000000
23149  52.358  -60.035  -10.485 0.5000000000
25039  51.681  -59.465  -12.306 0.5000000000
24127  49.671  -59.352  -14.638 0.6000000238
23218  47.157  -60.599  -16.483 0.5000000000
24143  48.818  -60.134  -16.007 0.5000000000
24128  48.617  -59.099  -14.874 0.5000000000
19419  43.221  -64.554  -18.547 0.4000000060
20409  44.391  -63.536  -18.697 0.4000000060
22315  44.951  -62.147  -18.139 0.5000000000
22220  40.987  -61.090  -10.895 0.1000000015
24100  41.613  -59.781  -11.579 0.1000000015
25029  42.249  -59.119  -11.659 0.1000000015
23193  42.907  -60.803  -12.277 0.1000000015
24099  42.505  -59.879  -12.025 0.1000000015
24111  43.365  -59.884  -12.268 0.1000000015
24098  43.757  -59.322  -11.957 0.1000000015
25028  43.676  -58.762  -11.463 0.1000000015
139660  45.972  -61.734  -12.592 0.2000000030
22235  45.388  -60.915  -12.499 0.1000000015
22217  46.961  -60.989  -11.855 0.3000000119
22186  48.167  -61.343  -9.675 0.5000000000
23176  46.573  -60.427  -11.453 0.4000000060
23164  47.567  -60.918  -10.082 0.4000000060
22171  48.258  -61.082  -9.143 0.4000000060
23136  49.507  -60.494  -8.785 0.5000000000
24045  51.486  -59.637  -8.789 0.5000000000
23134  51.746  -60.344  -9.341 0.5000000000
25054  50.776  -59.417  -13.410 0.5000000000
24144  47.673  -60.053  -15.981 0.5000000000
23239  46.659  -61.142  -16.988 0.5000000000
20410  43.521  -63.721  -18.387 0.4000000060
18463  42.187  -66.091  -18.851 0.5000000000
22172  39.324  -61.396  -8.228 0.1000000015
149625  39.701  -61.381  -9.314 0.1000000015
22206  39.995  -61.273  -9.755 0.1000000015
23166  40.442  -60.690  -10.488 0.1000000015
23179  41.389  -60.587  -11.406 0.1000000015
24101  40.883  -59.306  -11.222 0.1000000015
25014  40.933  -58.477  -11.044 0.1000000015
23167  39.861  -60.184  -10.138 0.1000000015
24085  40.331  -59.737  -10.749 0.1000000015
151333  42.112  -58.500  -11.369 0.1000000015
25854  44.402  -58.056  -8.224 0.2000000030
25838  44.463  -57.730  -7.396 0.2000000030
22236  44.500  -61.081  -12.575 0.1000000015
24110  44.219  -59.776  -12.233 0.1000000015
24097  44.519  -59.193  -11.548 0.1000000015
25010  44.369  -58.597  -10.729 0.1000000015
24991  44.648  -58.374  -9.037 0.2000000030
24109  44.946  -59.721  -12.060 0.2000000030
24084  45.138  -59.054  -10.624 0.1000000015
24095  45.856  -59.546  -10.439 0.2000000030
24066  45.931  -59.383  -8.862 0.2000000030
24961  45.035  -58.414  -7.805 0.2000000030
25815  44.780  -57.308  -7.022 0.2000000030
145781  46.097  -59.882  -11.127 0.2000000030
23165  46.752  -60.210  -10.127 0.2000000030
23154  46.928  -60.256  -9.015 0.3000000119
24049  46.833  -59.472  -8.273 0.3000000119
24048  47.681  -59.762  -8.456 0.4000000060
24047  48.800  -59.687  -8.532 0.5000000000
127458  49.324  -58.781  -13.933 0.5000000000
24046  50.075  -59.478  -8.612 0.4000000060
25065  46.013  -58.219  -14.519 0.5000000000
25928  47.396  -57.793  -13.780 0.5000000000
25056  48.410  -58.335  -13.851 0.5000000000
25076  45.610  -58.876  -14.989 0.5000000000
25074  47.561  -58.882  -14.940 0.5000000000
132306  47.953  -58.494  -14.374 0.5000000000
24081  52.574  -59.259  -10.715 0.5000000000
24064  52.342  -60.106  -9.813 0.5000000000
23240  45.619  -61.064  -17.000 0.5000000000
24146  45.636  -59.985  -15.851 0.5000000000
24134  47.093  -59.440  -15.446 0.5000000000
25927  49.677  -58.602  -13.329 0.5000000000
22316  44.078  -62.151  -18.120 0.5000000000
22297  45.248  -61.602  -17.581 0.5000000000
24133  48.179  -59.517  -15.466 0.5000000000
25055  50.248  -59.272  -13.876 0.6000000238
23219  46.097  -60.557  -16.420 0.5000000000
18436  42.893  -65.470  -18.790 0.4000000060
22161  39.273  -61.191  -7.408 0.1000000015
143895  39.467  -61.450  -8.914 0.1000000015
23155  39.540  -60.628  -9.376 0.1000000015
24051  39.019  -59.921  -9.041 0.1000000015
24053  37.692  -58.967  -8.299 0.1000000015
24086  39.761  -59.240  -10.375 0.1000000015
152097  40.452  -58.190  -10.656 0.1000000015
25888  41.044  -57.656  -10.585 0.1000000015
25887  42.007  -57.509  -10.545 0.1000000015
25869  42.485  -57.167  -9.758 0.1000000015
25011  43.527  -58.154  -10.750 0.1000000015
25856  42.947  -57.043  -8.811 0.2000000030
137195  43.946  -57.614  -7.746 0.2000000030
24992  44.229  -58.181  -9.937 0.1000000015
25867  44.028  -57.845  -9.207 0.2000000030
24050  46.147  -59.222  -8.217 0.3000000119
24033  46.493  -58.884  -7.874 0.3000000119
26743  45.738  -57.147  -7.287 0.2000000030
24975  47.292  -58.975  -8.053 0.3000000119
25836  46.277  -58.007  -7.572 0.2000000030
130449  48.199  -58.924  -8.253 0.4000000060
25835  47.247  -57.599  -7.636 0.3000000119
135447  49.171  -58.783  -8.362 0.4000000060
24958  48.634  -58.130  -8.104 0.4000000060
26821  46.536  -56.695  -12.632 0.5000000000
25917  48.194  -57.479  -12.490 0.5000000000
132155  48.966  -58.050  -12.867 0.5000000000
24973  51.038  -58.738  -8.468 0.5000000000
26795  47.593  -56.647  -11.170 0.5000000000
26793  48.538  -56.795  -10.568 0.5000000000
26807  49.327  -57.370  -11.246 0.5000000000
25905  49.109  -57.698  -12.112 0.5000000000
25916  49.867  -58.300  -12.614 0.6000000238
24044  52.413  -59.602  -9.265 0.5000000000
26792  49.681  -57.010  -10.386 0.5000000000
25885  50.394  -57.570  -11.032 0.5000000000
25904  50.095  -57.944  -11.848 0.6000000238
25042  50.508  -58.876  -13.125 0.5000000000
25026  51.877  -58.887  -11.770 0.5000000000
25915  50.750  -58.511  -12.423 0.5000000000
25027  51.394  -58.710  -12.156 0.5000000000
126206  41.135  -67.457  -19.393 0.4000000060
17426  41.703  -66.536  -18.975 0.4000000060
24963  36.494  -58.017  -7.385 0.1000000015
24979  37.559  -58.055  -8.476 0.1000000015
25858  37.676  -57.121  -8.388 0.1000000015
24067  39.328  -59.615  -9.743 0.1000000015
24068  38.721  -59.067  -9.389 0.1000000015
24994  38.684  -58.173  -9.499 0.1000000015
143879  38.789  -57.433  -9.385 0.1000000015
24993  39.222  -58.689  -9.964 0.1000000015
25890  39.384  -57.708  -9.914 0.1000000015
26781  39.361  -56.810  -9.375 0.1000000015
25871  40.674  -57.035  -10.003 0.1000000015
26779  41.161  -56.529  -9.341 0.1000000015
26778  42.087  -56.663  -9.089 0.1000000015
26745  42.161  -56.464  -7.193 0.2000000030
26744  42.972  -56.952  -7.070 0.2000000030
26717  43.447  -56.867  -6.559 0.2000000030
25816  44.064  -57.339  -6.826 0.2000000030
31938  52.391  -51.896  -4.437 0.2000000030
28777  53.231  -53.488  -4.772 0.2000000030
29918  52.686  -53.896  -4.898 0.2000000030
28790  52.094  -54.408  -5.253 0.2000000030
27702  51.479  -55.056  -5.654 0.2000000030
26742  46.720  -56.942  -7.387 0.2000000030
29937  53.445  -53.894  -5.471 0.2000000030
140653  53.552  -54.705  -6.131 0.2000000030
27722  53.706  -55.386  -6.530 0.2000000030
26708  53.194  -56.122  -6.531 0.2000000030
27724  52.301  -55.632  -6.039 0.3000000119
26709  51.878  -56.216  -6.567 0.2000000030
26738  51.466  -56.735  -7.188 0.4000000060
28848  51.874  -55.006  -7.911 0.2000000030
27756  53.132  -55.234  -7.624 0.3000000119
27772  53.733  -55.866  -8.009 0.3000000119
27771  54.075  -56.169  -7.597 0.4000000060
26736  53.823  -56.489  -7.135 0.3000000119
25830  53.562  -57.124  -7.601 0.4000000060
25831  52.334  -57.355  -7.604 0.5000000000
25833  49.911  -57.357  -7.716 0.4000000060
25852  50.490  -57.971  -8.140 0.5000000000
27797  48.657  -55.859  -9.202 0.5000000000
27796  49.629  -55.958  -9.103 0.4000000060
27795  50.697  -56.044  -9.042 0.4000000060
27794  51.934  -56.137  -8.971 0.4000000060
26773  52.596  -56.835  -9.528 0.4000000060
26772  53.556  -56.956  -9.077 0.5000000000
25849  53.822  -57.303  -8.229 0.5000000000
25850  53.113  -57.835  -8.171 0.5000000000
26775  50.162  -56.557  -9.661 0.5000000000
26791  50.787  -57.131  -10.263 0.5000000000
26790  51.851  -57.239  -10.124 0.5000000000
25884  51.442  -57.708  -10.847 0.5000000000
25902  51.847  -58.299  -11.362 0.5000000000
25901  52.396  -58.392  -10.913 0.5000000000
24989  53.098  -58.796  -9.885 0.5000000000
26722  35.888  -56.961  -6.366 0.1000000015
25817  36.002  -57.648  -6.723 0.1000000015
25842  36.562  -57.219  -7.324 0.1000000015
27737  37.166  -55.732  -6.171 0.1000000015
26749  37.540  -56.485  -7.794 0.1000000015
26720  37.347  -56.067  -7.110 0.1000000015
146306  38.877  -55.795  -7.796 0.1000000015
126297  38.789  -55.568  -6.937 0.1000000015
27779  39.729  -55.773  -7.949 0.1000000015
27757  40.398  -55.735  -6.936 0.1000000015
139054  40.732  -56.218  -8.816 0.1000000015
26746  41.327  -56.077  -7.166 0.2000000030
143792  41.662  -56.187  -5.998 0.2000000030
142503  41.858  -56.281  -6.420 0.2000000030
27732  43.673  -56.288  -6.317 0.2000000030
26715  45.318  -56.445  -6.900 0.2000000030
32919  51.426  -51.049  -4.483 0.1000000015
30935  51.964  -52.552  -4.569 0.2000000030
29911  51.576  -53.710  -5.012 0.2000000030
141736  50.560  -50.446  -4.566 0.1000000015
151665  50.618  -51.284  -4.622 0.1000000015
141998  51.252  -51.932  -4.602 0.1000000015
30944  49.730  -52.868  -5.270 0.1000000015
29919  50.593  -53.483  -5.214 0.1000000015
27725  50.911  -55.654  -6.221 0.1000000015
136530  48.077  -57.368  -7.682 0.3000000119
26741  47.650  -56.756  -7.389 0.2000000030
27703  50.157  -55.052  -5.903 0.1000000015
152254  50.115  -55.509  -6.236 0.1000000015
26710  50.707  -56.252  -6.751 0.3000000119
25834  48.906  -57.404  -7.757 0.2000000030
25865  53.470  -57.579  -9.330 0.5000000000
24988  53.423  -58.164  -8.781 0.5000000000
25851  51.758  -58.033  -8.134 0.5000000000
24972  52.463  -58.775  -8.666 0.5000000000
149321  52.496  -57.342  -9.974 0.5000000000
25882  53.010  -57.969  -10.150 0.5000000000
144559  53.396  -58.355  -9.298 0.5000000000
25883  52.395  -57.783  -10.496 0.5000000000
26694  35.531  -56.804  -5.566 0.1000000015
26676  35.848  -56.058  -5.145 0.1000000015
126259  36.966  -55.060  -4.679 0.1000000015
26693  36.206  -56.246  -5.938 0.1000000015
27710  37.547  -55.307  -5.301 0.1000000015
27687  37.830  -54.927  -4.781 0.1000000015
27736  38.038  -55.621  -6.642 0.1000000015
126320  39.096  -55.377  -5.539 0.1000000015
28802  39.301  -54.938  -4.922 0.1000000015
27734  40.634  -55.784  -5.858 0.1000000015
26692  42.168  -56.118  -5.877 0.2000000030
27705  42.750  -55.620  -5.743 0.2000000030
26691  43.016  -56.270  -6.029 0.2000000030
28798  43.325  -54.926  -5.816 0.2000000030
27731  44.256  -55.688  -6.348 0.2000000030
26716  44.321  -56.622  -6.599 0.2000000030
27730  45.037  -55.706  -6.598 0.2000000030
26714  46.261  -56.263  -7.043 0.2000000030
32920  49.715  -49.982  -4.651 0.1000000015
31939  49.721  -51.034  -4.779 0.1000000015
31950  49.320  -51.943  -5.174 0.1000000015
28792  49.551  -54.338  -5.658 0.1000000015
27728  47.671  -55.456  -6.596 0.1000000015
26713  47.198  -56.128  -7.028 0.2000000030
27729  46.764  -55.514  -6.675 0.2000000030
29920  49.050  -53.626  -5.550 0.1000000015
28815  49.071  -54.898  -6.062 0.1000000015
27726  49.502  -55.455  -6.342 0.1000000015
143125  49.907  -56.306  -6.926 0.2000000030
26711  49.157  -56.037  -6.865 0.2000000030
142689  48.551  -56.692  -7.356 0.2000000030
27677  36.074  -54.994  -3.285 0.1000000015
27688  36.216  -55.110  -4.047 0.1000000015
128330  37.117  -53.436  -2.633 0.1000000015
28781  37.589  -54.546  -4.291 0.1000000015
30930  37.640  -52.827  -3.152 0.1000000015
29906  38.119  -53.343  -3.787 0.1000000015
28779  39.372  -54.185  -4.574 0.1000000015
28780  38.499  -54.537  -4.554 0.1000000015
29928  40.807  -54.057  -5.009 0.1000000015
28800  41.334  -54.738  -5.216 0.1000000015
139699  41.553  -53.856  -5.272 0.1000000015
28799  42.124  -54.429  -5.399 0.1000000015
152075  42.620  -54.920  -5.555 0.2000000030
28797  44.091  -54.912  -6.116 0.2000000030
130578  44.704  -54.096  -5.960 0.2000000030
28819  44.905  -54.938  -6.324 0.2000000030
28796  45.731  -54.336  -6.137 0.1000000015
142933  45.882  -55.629  -6.687 0.2000000030
34876  49.082  -48.162  -5.663 0.1000000015
33858  48.462  -49.219  -4.809 0.1000000015
32921  48.561  -49.854  -4.846 0.1000000015
30945  48.392  -52.112  -5.420 0.1000000015
28818  46.333  -54.908  -6.401 0.2000000030
32931  48.319  -50.471  -5.113 0.1000000015
31952  47.931  -51.272  -5.369 0.1000000015
143818  48.641  -52.928  -5.460 0.1000000015
28793  48.569  -54.301  -5.783 0.1000000015
28816  48.131  -54.851  -6.195 0.1000000015
31932  37.605  -52.126  -2.751 0.1000000015
31931  37.911  -51.964  -3.425 0.1000000015
31942  38.479  -51.897  -4.208 0.1000000015
29913  39.378  -53.275  -4.500 0.1000000015
30950  40.668  -52.982  -5.143 0.1000000015
29927  42.301  -53.489  -5.443 0.1000000015
29926  43.010  -54.086  -5.628 0.2000000030
30948  43.427  -52.581  -5.582 0.1000000015
137657  43.034  -53.205  -5.544 0.1000000015
136589  43.895  -53.412  -5.719 0.2000000030
29925  43.828  -54.284  -5.866 0.2000000030
30947  44.210  -52.445  -5.645 0.1000000015
132413  46.821  -48.846  -5.138 0.1000000015
148126  46.423  -49.671  -5.371 0.1000000015
139355  46.331  -51.290  -5.549 0.1000000015
137655  45.117  -52.101  -5.621 0.1000000015
29923  45.755  -52.904  -5.663 0.1000000015
29924  44.873  -53.123  -5.724 0.1000000015
34852  48.468  -48.582  -5.071 0.1000000015
33872  47.744  -48.993  -4.917 0.1000000015
32932  47.580  -50.457  -5.278 0.1000000015
32933  46.750  -50.479  -5.420 0.1000000015
149439  46.726  -51.890  -5.501 0.1000000015
141312  46.745  -52.712  -5.590 0.1000000015
29922  47.205  -53.561  -5.710 0.1000000015
144008  46.282  -53.593  -5.804 0.1000000015
28795  46.746  -54.238  -6.065 0.1000000015
31953  47.122  -51.256  -5.451 0.1000000015
30946  47.434  -52.036  -5.498 0.1000000015
141313  47.737  -52.840  -5.533 0.1000000015
28817  47.224  -54.837  -6.340 0.1000000015
32914  38.200  -50.494  -3.235 0.1000000015
137294  38.562  -51.057  -4.359 0.1000000015
31941  39.128  -51.377  -4.797 0.1000000015
30951  40.107  -51.839  -5.224 0.1000000015
133073  40.988  -52.223  -5.388 0.1000000015
30949  42.512  -52.507  -5.515 0.1000000015
138233  44.345  -48.374  -5.402 0.1000000015
33876  44.372  -49.254  -5.566 0.1000000015
146988  43.768  -49.733  -5.698 0.1000000015
32936  43.716  -50.528  -5.706 0.1000000015
137654  43.096  -51.993  -5.592 0.1000000015
35833  45.628  -47.644  -5.776 0.1000000015
34856  45.080  -47.938  -5.405 0.1000000015
134544  45.157  -49.711  -5.581 0.1000000015
134543  44.339  -49.980  -5.719 0.1000000015
31955  44.252  -51.469  -5.638 0.1000000015
35832  46.468  -47.803  -5.776 0.1000000015
34855  46.017  -48.310  -5.385 0.1000000015
33875  45.182  -48.755  -5.405 0.1000000015
32935  44.701  -50.588  -5.689 0.1000000015
146636  45.077  -51.240  -5.640 0.1000000015
32939  40.547  -50.809  -5.494 0.1000000015
139418  41.012  -50.035  -5.641 0.1000000015
32938  41.598  -50.915  -5.646 0.1000000015
33879  41.408  -49.272  -5.584 0.1000000015
134755  41.977  -49.961  -5.760 0.1000000015
31957  42.471  -51.558  -5.601 0.1000000015
134780  44.235  -47.608  -5.475 0.1000000015
33877  43.443  -48.932  -5.593 0.1000000015
31956  43.318  -51.374  -5.645 0.1000000015
35834  44.795  -47.324  -5.812 0.1000000015
21253  49.031  -62.676  -10.984 0.4000000060
23173  52.171  -59.876  -11.317 0.5000000000
22203  48.624  -61.991  -10.225 0.4000000060
23153  47.530  -60.721  -9.353 0.4000000060
23178  42.021  -60.633  -11.785 0.1000000015
25012  42.409  -57.984  -11.017 0.1000000015
23177  45.695  -60.114  -12.052 0.2000000030
23138  47.584  -60.446  -8.826 0.4000000060
23140  39.253  -60.735  -8.670 0.1000000015
139038  40.334  -58.877  -10.794 0.1000000015
24977  44.976  -58.586  -8.339 0.3000000119
25839  43.707  -57.371  -7.105 0.2000000030
25009  44.904  -58.662  -9.824 0.2000000030
24990  45.273  -58.849  -8.943 0.2000000030
152360  46.128  -59.610  -9.641 0.2000000030
24960  45.741  -58.666  -7.806 0.3000000119
24065  46.566  -59.693  -8.685 0.3000000119
25837  45.268  -57.985  -7.440 0.2000000030
24959  47.810  -58.160  -7.923 0.3000000119
25918  47.361  -57.290  -12.957 0.5000000000
23141  38.807  -60.209  -8.351 0.1000000015
24052  38.392  -59.421  -8.694 0.1000000015
24978  38.156  -58.552  -8.940 0.1000000015
25889  40.194  -57.644  -10.305 0.1000000015
25015  39.848  -58.369  -10.404 0.1000000015
25870  41.576  -57.003  -9.971 0.1000000015
25886  42.901  -57.663  -10.409 0.1000000015
25868  43.311  -57.456  -9.471 0.1000000015
26761  42.558  -56.671  -8.060 0.1000000015
25840  43.332  -57.211  -7.832 0.2000000030
133168  46.999  -58.362  -7.789 0.3000000119
25853  49.490  -57.990  -8.140 0.4000000060
26820  47.430  -56.927  -12.100 0.5000000000
26808  48.325  -57.177  -11.601 0.5000000000
26809  46.691  -56.356  -11.641 0.5000000000
26776  49.125  -56.468  -9.727 0.5000000000
25841  37.042  -57.628  -7.911 0.1000000015
148225  37.111  -56.999  -7.820 0.1000000015
25857  38.184  -57.678  -8.990 0.1000000015
26765  38.499  -56.889  -8.914 0.1000000015
139232  39.952  -57.126  -9.869 0.1000000015
26763  39.954  -56.160  -8.777 0.1000000015
26764  39.065  -56.214  -8.603 0.1000000015
26762  41.559  -56.257  -8.278 0.1000000015
26718  42.613  -56.540  -6.435 0.2000000030
30934  52.950  -52.832  -4.529 0.2000000030
140734  53.628  -52.347  -4.567 0.2000000030
28788  53.410  -54.153  -5.497 0.2000000030
28789  53.110  -54.372  -5.284 0.2000000030
27701  52.773  -55.025  -5.563 0.2000000030
28791  50.738  -54.273  -5.429 0.1000000015
28836  53.459  -54.829  -6.829 0.2000000030
28835  53.775  -55.367  -6.776 0.2000000030
27754  54.046  -55.831  -7.047 0.3000000119
25832  51.003  -57.373  -7.665 0.4000000060
136129  51.270  -55.477  -8.512 0.5000000000
27773  52.570  -55.612  -8.340 0.4000000060
28837  52.479  -54.623  -7.363 0.2000000030
26760  53.201  -56.312  -8.725 0.4000000060
25829  54.020  -56.732  -7.636 0.5000000000
26740  49.446  -56.716  -7.339 0.3000000119
27775  49.139  -55.317  -8.634 0.5000000000
27774  50.137  -55.399  -8.572 0.5000000000
26774  51.307  -56.638  -9.609 0.5000000000
26721  36.547  -56.523  -6.794 0.1000000015
26750  36.975  -56.642  -7.420 0.1000000015
26747  39.474  -55.609  -7.182 0.1000000015
146360  38.753  -55.536  -6.177 0.1000000015
27735  39.609  -55.621  -6.187 0.1000000015
142280  40.640  -55.908  -8.031 0.1000000015
26719  41.234  -56.071  -6.249 0.2000000030
27733  41.446  -55.910  -5.772 0.2000000030
30936  51.070  -52.830  -4.817 0.1000000015
30937  50.255  -51.986  -4.849 0.1000000015
26677  35.253  -56.587  -4.706 0.1000000015
27689  35.624  -55.826  -4.352 0.1000000015
27709  38.464  -55.132  -5.091 0.1000000015
29914  38.019  -54.054  -3.931 0.1000000015
27708  40.066  -55.301  -5.334 0.1000000015
28801  40.659  -54.885  -5.061 0.2000000030
27706  41.918  -55.385  -5.516 0.2000000030
33857  49.636  -49.141  -4.745 0.1000000015
139691  49.053  -49.551  -4.731 0.1000000015
31940  49.011  -50.350  -4.827 0.1000000015
26712  48.137  -56.051  -6.961 0.2000000030
29921  48.121  -53.594  -5.625 0.1000000015
27727  48.603  -55.445  -6.491 0.1000000015
28775  36.621  -54.596  -3.480 0.1000000015
28772  36.332  -54.596  -2.772 0.1000000015
29908  36.945  -54.124  -2.990 0.1000000015
30927  37.300  -52.674  -2.321 0.1000000015
29907  37.510  -53.677  -3.363 0.1000000015
30929  38.157  -52.591  -3.758 0.1000000015
131925  38.718  -53.759  -4.241 0.1000000015
30940  38.709  -52.871  -4.171 0.1000000015
28778  40.073  -54.573  -4.855 0.1000000015
29912  40.073  -53.655  -4.759 0.1000000015
138624  41.556  -52.908  -5.371 0.1000000015
149636  45.483  -53.634  -5.844 0.1000000015
34841  48.997  -48.933  -4.787 0.1000000015
32922  47.994  -49.735  -4.994 0.1000000015
31951  48.783  -51.198  -5.149 0.1000000015
28794  47.660  -54.249  -5.922 0.1000000015
31927  37.854  -51.327  -2.774 0.1000000015
30939  39.283  -52.331  -4.645 0.1000000015
30938  39.928  -52.802  -4.836 0.1000000015
33874  45.931  -49.105  -5.335 0.1000000015
34854  46.831  -48.273  -5.414 0.1000000015
34853  47.537  -48.450  -5.271 0.1000000015
33873  47.246  -49.635  -5.186 0.1000000015
32934  45.740  -50.533  -5.570 0.1000000015
150264  45.841  -49.729  -5.478 0.1000000015
31954  45.640  -51.456  -5.578 0.1000000015
137656  46.034  -52.066  -5.545 0.1000000015
32924  38.422  -50.434  -4.080 0.1000000015
32923  38.916  -50.533  -4.722 0.1000000015
32940  39.620  -50.705  -5.229 0.1000000015
31959  40.973  -51.525  -5.487 0.1000000015
31958  41.679  -51.922  -5.507 0.1000000015
34857  43.544  -47.945  -5.289 0.1000000015
32937  42.660  -50.687  -5.703 0.1000000015
134542  42.973  -49.832  -5.728 0.1000000015
145214  43.673  -51.973  -5.606 0.1000000015
33880  40.104  -49.951  -5.428 0.1000000015
33878  42.357  -49.123  -5.661 0.1000000015
34859  41.739  -48.479  -5.339 0.1000000015
35835  43.419  -47.192  -5.360 0.1000000015
36870  43.979  -46.912  -5.763 0.1000000015
16358  46.931  -67.467  -11.657 0.1000000015
16375  47.210  -67.823  -12.000 0.1000000015
16357  47.731  -67.235  -11.721 0.1000000015
18326  48.684  -66.078  -11.581 0.1000000015
143640  48.618  -65.844  -11.485 0.1000000015
18328  46.793  -66.107  -11.418 0.1000000015
149484  46.720  -64.711  -11.858 0.1000000015
141507  46.376  -67.880  -12.076 0.2000000030
19322  47.302  -64.291  -11.889 0.1000000015
17384  47.797  -67.085  -12.514 0.2000000030
16356  48.177  -66.857  -11.791 0.1000000015
139314  47.321  -66.831  -13.998 0.2000000030
17367  48.687  -66.279  -11.694 0.1000000015
16392  47.064  -67.819  -14.295 0.2000000030
126546  47.989  -66.120  -13.035 0.2000000030
18325  49.073  -65.704  -11.711 0.2000000030
18354  48.843  -65.666  -12.440 0.2000000030
150907  49.414  -65.298  -12.168 0.2000000030
19299  49.566  -64.696  -11.633 0.3000000119
127473  49.393  -64.375  -11.418 0.3000000119
19321  49.629  -65.071  -11.850 0.3000000119
19298  50.009  -64.410  -11.691 0.3000000119
18355  48.080  -65.051  -13.572 0.2000000030
19339  48.897  -64.689  -12.947 0.2000000030
17399  47.367  -66.538  -16.107 0.2000000030
19338  49.553  -64.404  -12.496 0.2000000030
18368  47.508  -65.558  -14.534 0.2000000030
141913  45.670  -68.930  -18.498 0.1000000015
16400  47.175  -67.381  -15.290 0.2000000030
144132  47.358  -66.366  -15.196 0.2000000030
20324  50.079  -64.119  -12.130 0.3000000119
20323  50.361  -63.674  -11.827 0.4000000060
16430  46.761  -68.005  -17.377 0.1000000015
16412  47.197  -67.431  -16.320 0.1000000015
19352  48.180  -64.015  -14.116 0.2000000030
20344  49.027  -63.596  -13.557 0.2000000030
15431  46.187  -68.555  -17.768 0.1000000015
20342  50.306  -63.086  -12.563 0.4000000060
16429  47.165  -67.342  -17.079 0.2000000030
19353  47.766  -64.611  -14.649 0.2000000030
142307  47.364  -66.693  -16.794 0.2000000030
142020  45.630  -68.957  -19.130 0.1000000015
141509  45.775  -68.118  -19.327 0.2000000030
16442  46.586  -67.810  -18.199 0.1000000015
16452  46.331  -67.536  -18.953 0.1000000015
18386  47.513  -65.618  -15.826 0.2000000030
19371  47.988  -63.950  -15.537 0.2000000030
20357  48.620  -63.109  -14.872 0.2000000030
20356  49.363  -62.574  -14.267 0.4000000060
17422  47.046  -67.096  -17.805 0.1000000015
20367  49.259  -62.359  -15.521 0.4000000060
22233  50.817  -61.707  -12.983 0.4000000060
18404  47.604  -65.736  -16.830 0.3000000119
19372  47.812  -64.786  -16.362 0.3000000119
17413  47.379  -66.389  -17.407 0.2000000030
18416  47.613  -65.436  -17.641 0.4000000060
21308  49.883  -61.741  -14.928 0.4000000060
22252  50.936  -60.768  -13.707 0.4000000060
19383  48.235  -63.923  -16.750 0.3000000119
19416  48.234  -63.737  -18.015 0.4000000060
143089  47.838  -64.687  -17.796 0.3000000119
33870  52.316  -49.404  -4.802 0.1000000015
144443  52.419  -50.915  -4.402 0.1000000015
21307  50.367  -61.503  -14.197 0.4000000060
20374  49.172  -62.412  -16.475 0.4000000060
21317  50.316  -61.204  -14.996 0.5000000000
20388  48.594  -63.186  -17.514 0.4000000060
20375  48.726  -63.170  -17.012 0.4000000060
21330  49.059  -62.540  -17.022 0.4000000060
141326  52.708  -50.170  -4.446 0.1000000015
33869  53.259  -49.786  -4.591 0.1000000015
151817  53.262  -51.633  -4.395 0.1000000015
131805  50.422  -60.825  -15.014 0.4000000060
23210  50.205  -60.450  -15.442 0.5000000000
22279  49.728  -61.412  -16.175 0.5000000000
24131  50.276  -59.990  -15.053 0.5000000000
31937  54.143  -51.774  -4.541 0.1000000015
30933  53.712  -53.018  -4.839 0.1000000015
31949  54.286  -52.403  -5.024 0.1000000015
129957  54.313  -52.285  -4.941 0.1000000015
134214  53.329  -53.352  -5.667 0.1000000015
16359  45.933  -67.361  -11.741 0.1000000015
17369  47.443  -66.855  -11.484 0.1000000015
19301  48.154  -65.242  -11.503 0.1000000015
18327  47.851  -66.057  -11.424 0.1000000015
17370  46.364  -66.831  -11.502 0.1000000015
19302  46.137  -65.171  -11.690 0.1000000015
20325  46.695  -63.384  -12.365 0.1000000015
22232  51.121  -61.571  -12.445 0.4000000060
29917  53.513  -53.600  -5.143 0.1000000015
16376  45.785  -68.119  -12.765 0.1000000015
20343  49.785  -63.209  -13.070 0.3000000119
132691  47.664  -64.865  -15.443 0.2000000030
21297  49.978  -62.205  -13.787 0.4000000060
20368  48.637  -63.070  -16.137 0.3000000119
21318  49.702  -61.709  -15.899 0.4000000060
33854  53.603  -50.390  -4.401 0.1000000015
30943  53.768  -53.181  -5.036 0.1000000015
19303  45.022  -65.353  -11.604 0.1000000015
10074  34.384  -73.986  -16.687 0.1000000015
9284  35.132  -75.198  -17.912 0.1000000015
141197  33.822  -74.139  -16.329 0.1000000015
10090  35.464  -74.486  -17.386 0.1000000015
10867  33.946  -73.483  -16.170 0.1000000015
9266  33.146  -75.193  -15.500 0.1000000015
134894  33.275  -74.551  -16.568 0.1000000015
6097  35.913  -80.012  -7.465 0.1000000015
147924  30.546  -76.168  -14.015 0.1000000015
8486  32.650  -76.492  -14.576 0.1000000015
10865  35.312  -73.163  -16.627 0.1000000015
9251  32.409  -75.537  -14.598 0.1000000015
10880  35.061  -73.890  -16.862 0.1000000015
10053  33.222  -75.257  -15.149 0.1000000015
10879  35.817  -73.795  -17.018 0.1000000015
134286  35.849  -75.142  -17.707 0.1000000015
6841  36.168  -79.445  -7.603 0.1000000015
6112  35.677  -79.954  -7.980 0.1000000015
6856  34.867  -79.384  -8.572 0.1000000015
8429  37.088  -77.470  -8.917 0.1000000015
7651  36.644  -78.894  -8.162 0.1000000015
6840  36.530  -79.572  -8.225 0.1000000015
6130  36.388  -79.772  -8.946 0.1000000015
6875  34.073  -78.517  -9.028 0.1000000015
8449  30.642  -76.557  -10.713 0.1000000015
8471  29.661  -76.637  -13.047 0.1000000015
10866  34.596  -73.324  -16.483 0.1000000015
126142  34.101  -72.799  -16.251 0.1000000015
10851  33.481  -73.952  -15.717 0.1000000015
10864  36.143  -72.965  -16.754 0.1000000015
136909  36.969  -74.974  -17.521 0.1000000015
9283  36.515  -75.466  -17.737 0.1000000015
6873  36.216  -79.523  -9.378 0.1000000015
6874  35.212  -79.038  -9.183 0.1000000015
8428  37.871  -77.589  -9.906 0.1000000015
7665  37.209  -78.761  -8.847 0.1000000015
6872  36.902  -79.426  -9.500 0.1000000015
7678  35.592  -78.701  -9.768 0.1000000015
7679  34.523  -78.072  -9.487 0.1000000015
141435  34.034  -77.256  -9.600 0.1000000015
8447  32.305  -76.311  -9.957 0.1000000015
8448  31.523  -76.900  -10.153 0.1000000015
141036  31.450  -76.211  -10.383 0.1000000015
9221  30.231  -75.835  -11.266 0.1000000015
9222  29.778  -75.982  -11.819 0.1000000015
9233  29.641  -75.718  -12.548 0.1000000015
9240  30.403  -75.492  -13.968 0.1000000015
10841  31.753  -73.775  -14.846 0.1000000015
149113  33.725  -72.965  -16.039 0.1000000015
10852  32.703  -73.663  -15.348 0.1000000015
148131  32.613  -74.409  -14.950 0.1000000015
10878  36.617  -73.737  -17.147 0.1000000015
10089  36.304  -74.550  -17.420 0.1000000015
8445  35.896  -77.194  -10.650 0.1000000015
9194  37.736  -76.087  -9.886 0.1000000015
137124  38.028  -78.613  -10.278 0.1000000015
6853  37.405  -79.146  -9.560 0.1000000015
6871  37.630  -79.044  -10.381 0.1000000015
8444  36.826  -78.401  -11.202 0.1000000015
7691  36.203  -78.484  -10.409 0.1000000015
7692  35.008  -77.465  -9.875 0.1000000015
9208  33.976  -75.618  -9.778 0.1000000015
9209  32.590  -75.443  -10.011 0.1000000015
10011  31.339  -74.783  -10.673 0.1000000015
8443  38.446  -78.325  -10.862 0.1000000015
7690  38.161  -78.896  -10.848 0.1000000015
6888  37.917  -78.948  -11.152 0.1000000015
7706  37.608  -78.749  -11.378 0.1000000015
9210  31.797  -75.566  -10.332 0.1000000015
9211  30.943  -75.652  -10.717 0.1000000015
10025  29.863  -75.240  -11.770 0.1000000015
145725  29.715  -73.749  -12.635 0.1000000015
9241  29.778  -75.085  -13.260 0.1000000015
10835  29.740  -73.309  -13.156 0.1000000015
10045  30.240  -74.648  -13.905 0.1000000015
10842  30.689  -73.327  -14.466 0.1000000015
10834  30.123  -73.753  -13.846 0.1000000015
133707  31.959  -71.726  -15.658 0.1000000015
11692  31.198  -72.963  -14.963 0.1000000015
10056  30.950  -74.241  -14.422 0.1000000015
130769  34.078  -72.016  -16.382 0.1000000015
11720  33.393  -72.373  -16.115 0.1000000015
11700  32.489  -72.553  -15.638 0.1000000015
11718  35.488  -72.304  -16.565 0.1000000015
10088  37.698  -74.803  -17.554 0.1000000015
129925  37.007  -74.355  -17.398 0.1000000015
149257  38.203  -74.222  -17.469 0.1000000015
10877  37.505  -73.794  -17.321 0.1000000015
9205  36.311  -76.326  -11.124 0.1000000015
9207  34.867  -76.263  -10.021 0.1000000015
10006  38.389  -75.669  -10.565 0.1000000015
131705  39.353  -77.351  -12.140 0.1000000015
8442  38.896  -78.037  -11.782 0.1000000015
146129  38.825  -78.123  -12.136 0.1000000015
8461  37.491  -78.122  -11.778 0.1000000015
143466  36.706  -77.447  -11.388 0.1000000015
131037  33.270  -75.266  -9.840 0.1000000015
10010  32.126  -74.160  -10.457 0.1000000015
9204  38.607  -77.201  -10.905 0.1000000015
7689  38.491  -78.499  -11.485 0.1000000015
10799  31.747  -73.419  -10.741 0.1000000015
10024  30.727  -74.203  -11.144 0.1000000015
129505  30.058  -74.381  -11.670 0.1000000015
10809  30.346  -73.617  -11.579 0.1000000015
10810  29.858  -73.707  -12.093 0.1000000015
10822  30.128  -72.970  -11.970 0.1000000015
10823  29.841  -73.060  -12.551 0.1000000015
11702  30.765  -71.592  -14.976 0.1000000015
11693  30.577  -72.330  -14.545 0.1000000015
129830  34.764  -71.748  -16.515 0.1000000015
149323  34.195  -70.672  -16.482 0.1000000015
12638  34.123  -71.197  -16.473 0.1000000015
12639  33.397  -71.408  -16.337 0.1000000015
12626  31.307  -71.271  -15.425 0.1000000015
11701  31.402  -72.222  -15.277 0.1000000015
13539  34.822  -70.888  -16.560 0.1000000015
11721  32.645  -71.632  -16.031 0.1000000015
12637  35.384  -71.516  -16.561 0.1000000015
12636  36.495  -71.419  -16.637 0.1000000015
11717  36.620  -72.207  -16.740 0.1000000015
11737  37.005  -73.019  -16.952 0.1000000015
128713  39.067  -73.466  -17.469 0.1000000015
10804  40.531  -74.622  -11.356 0.1000000015
10005  39.136  -75.402  -11.198 0.1000000015
9217  40.386  -76.621  -13.236 0.1000000015
8470  39.416  -77.398  -13.059 0.1000000015
9206  35.518  -75.933  -10.478 0.1000000015
10018  40.169  -75.598  -11.830 0.1000000015
9218  40.059  -77.122  -12.999 0.1000000015
7714  38.893  -77.831  -12.596 0.1000000015
9219  37.985  -76.785  -12.583 0.1000000015
143908  35.829  -75.036  -10.698 0.1000000015
129280  34.743  -75.110  -10.089 0.1000000015
146652  34.241  -74.297  -10.074 0.1000000015
141779  32.855  -73.923  -10.247 0.1000000015
10007  34.994  -74.170  -10.312 0.1000000015
10797  33.269  -73.383  -10.333 0.1000000015
11650  32.132  -72.865  -10.699 0.1000000015
10808  31.018  -73.474  -11.120 0.1000000015
11663  30.613  -72.236  -11.778 0.1000000015
126195  31.389  -72.667  -11.113 0.1000000015
148634  30.373  -71.847  -12.222 0.1000000015
12615  30.059  -71.502  -13.303 0.1000000015
128014  30.089  -72.059  -13.791 0.1000000015
13529  30.687  -70.811  -14.979 0.1000000015
12620  30.287  -71.343  -14.256 0.1000000015
13540  33.555  -70.495  -16.441 0.1000000015
12625  31.980  -70.993  -15.862 0.1000000015
133077  35.192  -70.103  -16.536 0.1000000015
144667  34.320  -70.167  -16.490 0.1000000015
13538  35.824  -70.909  -16.580 0.1000000015
12635  37.294  -71.539  -16.767 0.1000000015
11716  37.349  -72.386  -16.937 0.1000000015
11736  37.795  -72.950  -17.196 0.1000000015
134077  38.337  -73.553  -17.397 0.1000000015
10805  37.799  -74.094  -12.204 0.1000000015
10806  37.058  -73.440  -11.648 0.1000000015
10803  41.643  -75.371  -12.175 0.1000000015
132885  41.104  -75.840  -12.635 0.1000000015
147946  40.956  -76.150  -13.187 0.1000000015
10035  40.767  -76.240  -13.275 0.1000000015
9232  38.949  -76.912  -13.165 0.1000000015
10020  38.089  -75.523  -12.569 0.1000000015
143603  36.414  -73.697  -11.219 0.1000000015
11660  35.864  -73.124  -10.876 0.1000000015
128982  40.631  -76.554  -12.916 0.1000000015
10021  36.956  -75.607  -11.669 0.1000000015
10795  35.126  -73.331  -10.548 0.1000000015
12575  34.157  -71.906  -10.731 0.1000000015
12576  33.198  -71.969  -10.730 0.1000000015
10796  34.203  -73.500  -10.301 0.1000000015
11648  33.712  -72.688  -10.511 0.1000000015
12594  31.506  -71.610  -11.412 0.1000000015
13496  30.597  -70.742  -12.420 0.1000000015
126232  30.226  -70.713  -13.030 0.1000000015
126846  30.159  -70.771  -13.662 0.1000000015
14433  31.887  -69.618  -15.677 0.1000000015
14435  30.727  -69.990  -14.842 0.1000000015
14449  33.653  -69.548  -16.378 0.1000000015
14450  32.716  -69.809  -16.172 0.1000000015
13527  32.103  -70.290  -15.937 0.1000000015
14448  34.578  -69.385  -16.417 0.1000000015
134552  36.124  -70.030  -16.528 0.1000000015
13537  36.731  -70.728  -16.604 0.1000000015
11671  41.159  -73.832  -12.869 0.1000000015
10802  42.148  -75.337  -12.564 0.1000000015
10818  41.808  -75.028  -13.140 0.1000000015
10820  39.519  -74.185  -12.860 0.1000000015
10037  38.828  -74.825  -12.833 0.1000000015
143598  37.647  -73.191  -11.938 0.1000000015
10792  41.238  -74.539  -11.284 0.1000000015
134905  42.099  -75.032  -11.697 0.1000000015
10034  41.434  -75.815  -13.148 0.1000000015
140457  36.460  -72.981  -11.294 0.1000000015
127073  35.987  -72.292  -11.188 0.1000000015
11661  35.070  -72.003  -10.930 0.1000000015
147374  35.326  -72.674  -10.790 0.1000000015
126836  32.873  -70.726  -11.270 0.1000000015
12593  32.575  -71.369  -11.086 0.1000000015
13494  32.067  -70.730  -11.437 0.1000000015
13506  30.531  -70.012  -12.791 0.1000000015
14411  30.549  -69.393  -13.883 0.1000000015
139104  30.469  -69.793  -14.233 0.1000000015
15405  31.745  -68.836  -15.333 0.1000000015
135066  34.939  -68.599  -16.340 0.1000000015
15416  33.009  -68.946  -16.068 0.1000000015
14446  36.443  -69.228  -16.437 0.1000000015
136500  37.032  -69.913  -16.528 0.1000000015
11670  42.029  -74.118  -12.759 0.1000000015
11672  40.068  -73.382  -12.710 0.1000000015
142786  38.006  -72.568  -11.968 0.1000000015
11659  38.963  -72.871  -12.389 0.1000000015
12589  36.583  -71.557  -11.482 0.1000000015
12590  35.656  -71.357  -11.305 0.1000000015
12591  34.702  -71.210  -11.199 0.1000000015
13493  33.471  -70.318  -11.351 0.1000000015
15352  31.680  -68.917  -12.126 0.1000000015
13505  30.967  -70.146  -12.223 0.1000000015
15379  31.246  -68.117  -14.026 0.1000000015
14404  31.061  -69.462  -12.440 0.1000000015
15404  32.417  -68.449  -15.522 0.1000000015
15394  31.232  -68.715  -14.653 0.1000000015
15403  33.672  -67.647  -15.685 0.1000000015
16422  35.313  -67.861  -16.115 0.1000000015
15402  34.490  -68.006  -16.072 0.1000000015
15415  35.878  -68.517  -16.350 0.1000000015
144114  38.049  -68.951  -16.441 0.1000000015
14443  39.513  -69.619  -16.792 0.1000000015
12604  40.458  -72.551  -12.366 0.1000000015
12587  38.528  -71.826  -11.860 0.1000000015
12588  37.543  -71.692  -11.652 0.1000000015
130796  37.085  -70.842  -11.541 0.1000000015
11657  42.399  -73.441  -12.211 0.1000000015
13491  35.411  -70.407  -11.461 0.1000000015
14394  33.280  -69.699  -11.461 0.1000000015
127871  32.656  -70.093  -11.467 0.1000000015
15365  31.580  -68.083  -12.635 0.1000000015
17408  33.910  -66.792  -15.346 0.1000000015
15393  31.786  -67.960  -14.816 0.1000000015
16408  32.647  -67.660  -15.322 0.1000000015
16421  36.272  -67.736  -16.098 0.1000000015
15414  36.790  -68.433  -16.320 0.1000000015
15413  37.667  -68.332  -16.305 0.1000000015
15426  40.760  -68.457  -17.115 0.1000000015
15424  42.766  -68.529  -18.021 0.1000000015
12584  41.759  -72.391  -11.626 0.1000000015
11658  41.450  -72.944  -12.394 0.1000000015
12586  39.858  -71.641  -11.808 0.1000000015
133082  38.642  -71.111  -11.607 0.1000000015
13489  37.537  -70.232  -11.462 0.1000000015
146091  34.809  -69.815  -11.457 0.1000000015
128666  34.031  -69.759  -11.434 0.1000000015
140620  32.263  -68.246  -11.905 0.1000000015
17387  32.204  -66.500  -13.578 0.1000000015
16387  31.645  -67.359  -13.905 0.1000000015
19374  40.871  -64.515  -15.299 0.1000000015
18390  39.250  -65.554  -15.506 0.1000000015
18393  36.667  -65.831  -15.206 0.1000000015
17406  36.270  -66.432  -15.465 0.1000000015
17393  33.395  -66.351  -14.860 0.1000000015
16396  32.291  -67.083  -14.559 0.1000000015
18389  41.387  -65.069  -15.753 0.1000000015
136963  40.295  -65.414  -15.712 0.1000000015
17404  37.941  -66.413  -15.525 0.1000000015
17407  34.773  -66.565  -15.419 0.1000000015
19373  41.728  -64.505  -15.236 0.1000000015
18406  41.961  -65.570  -16.274 0.1000000015
18407  40.924  -65.837  -16.175 0.1000000015
17419  39.083  -66.991  -16.061 0.1000000015
16403  37.569  -67.030  -15.739 0.1000000015
16405  35.653  -67.039  -15.721 0.1000000015
18387  43.397  -65.431  -15.354 0.1000000015
18405  43.010  -65.592  -16.215 0.1000000015
17417  41.370  -66.430  -16.572 0.1000000015
126344  38.044  -67.619  -16.061 0.1000000015
127295  40.897  -67.218  -16.734 0.1000000015
15412  38.584  -68.288  -16.350 0.1000000015
17414  44.324  -67.042  -16.740 0.1000000015
16435  41.264  -67.829  -17.165 0.1000000015
130312  43.375  -67.740  -17.699 0.1000000015
13475  41.291  -71.145  -10.177 0.1000000015
12574  41.056  -71.455  -11.065 0.1000000015
13486  40.142  -71.132  -11.237 0.1000000015
13477  39.584  -70.425  -10.668 0.1000000015
13487  39.220  -70.881  -11.374 0.1000000015
13488  38.363  -70.511  -11.389 0.1000000015
14390  37.226  -69.407  -11.313 0.1000000015
13490  36.531  -69.980  -11.528 0.1000000015
14392  35.606  -69.341  -11.489 0.1000000015
134550  33.651  -69.076  -11.492 0.1000000015
15351  33.162  -68.335  -11.602 0.1000000015
140094  32.276  -66.651  -12.676 0.1000000015
19363  33.579  -64.973  -13.875 0.1000000015
16395  32.759  -66.345  -14.435 0.1000000015
19376  38.747  -64.869  -15.093 0.1000000015
18372  37.006  -65.165  -14.907 0.1000000015
18394  35.796  -65.828  -15.158 0.1000000015
17392  34.074  -66.074  -14.950 0.1000000015
19375  39.798  -64.554  -15.157 0.1000000015
17390  44.781  -67.104  -14.120 0.1000000015
17401  44.213  -66.171  -14.923 0.1000000015
13466  40.761  -70.500  -9.638 0.1000000015
13476  40.454  -70.775  -10.472 0.1000000015
14381  38.381  -69.612  -10.618 0.1000000015
14382  37.794  -69.332  -10.870 0.1000000015
13478  38.774  -70.152  -10.982 0.1000000015
14389  38.018  -69.831  -11.189 0.1000000015
14391  36.462  -69.168  -11.430 0.1000000015
15348  36.059  -68.503  -11.349 0.1000000015
15349  35.186  -68.534  -11.449 0.1000000015
15350  34.263  -68.300  -11.466 0.1000000015
17375  32.852  -66.827  -11.975 0.1000000015
16363  33.566  -67.538  -11.587 0.1000000015
19344  33.558  -64.511  -13.144 0.1000000015
18346  33.045  -65.191  -12.807 0.1000000015
17381  32.749  -65.967  -12.526 0.1000000015
130482  38.195  -64.224  -14.651 0.1000000015
19359  37.320  -64.382  -14.599 0.1000000015
152427  34.776  -64.667  -14.353 0.1000000015
149827  32.360  -66.172  -12.948 0.1000000015
19356  40.545  -63.947  -14.705 0.1000000015
19358  39.087  -64.010  -14.681 0.1000000015
18374  35.227  -65.224  -14.766 0.1000000015
19354  42.325  -64.511  -14.492 0.1000000015
14374  39.493  -69.699  -9.624 0.1000000015
145804  39.070  -69.883  -10.339 0.1000000015
14375  38.699  -69.391  -9.876 0.1000000015
15339  37.302  -68.780  -10.722 0.1000000015
15347  36.764  -68.784  -11.217 0.1000000015
142552  35.421  -67.927  -11.339 0.1000000015
16362  34.646  -67.411  -11.375 0.1000000015
18335  33.376  -65.429  -12.186 0.1000000015
17374  33.270  -66.106  -11.944 0.1000000015
19343  34.391  -63.844  -13.306 0.1000000015
19329  33.661  -64.715  -12.383 0.1000000015
19361  34.930  -64.028  -14.005 0.1000000015
18370  42.927  -65.082  -13.827 0.1000000015
17385  44.439  -67.139  -12.950 0.1000000015
15330  37.538  -68.552  -9.819 0.1000000015
15338  37.978  -69.118  -10.212 0.1000000015
16332  37.023  -67.994  -9.406 0.1000000015
16343  35.994  -67.734  -11.030 0.1000000015
143368  36.594  -68.256  -10.842 0.1000000015
17372  35.068  -66.786  -11.071 0.1000000015
17373  34.455  -66.545  -11.333 0.1000000015
18334  33.967  -65.834  -11.586 0.1000000015
19328  34.176  -63.947  -12.409 0.1000000015
20362  35.813  -63.800  -14.122 0.1000000015
19357  39.827  -63.814  -14.603 0.1000000015
20361  37.644  -63.517  -14.255 0.1000000015
17386  43.822  -66.488  -12.482 0.1000000015
16377  45.040  -67.499  -12.511 0.1000000015
15331  36.936  -68.260  -10.196 0.1000000015
131604  36.329  -67.530  -10.112 0.1000000015
17345  35.658  -66.638  -9.942 0.1000000015
16344  35.616  -67.099  -10.669 0.1000000015
19309  33.860  -65.070  -11.789 0.1000000015
18357  42.626  -65.495  -12.677 0.1000000015
19341  41.727  -64.296  -13.626 0.1000000015
20349  36.186  -63.141  -13.647 0.1000000015
17344  36.018  -66.891  -9.304 0.1000000015
18308  35.190  -65.701  -9.787 0.1000000015
20288  34.789  -63.527  -10.905 0.1000000015
144654  34.920  -64.626  -9.829 0.1000000015
17358  35.169  -66.292  -10.521 0.1000000015
20309  34.870  -63.155  -11.454 0.1000000015
18318  34.340  -65.154  -11.228 0.1000000015
19308  34.191  -64.483  -11.695 0.1000000015
19325  42.034  -65.025  -12.631 0.1000000015
20345  40.531  -63.640  -13.379 0.1000000015
20359  40.226  -63.489  -14.115 0.1000000015
20360  38.546  -63.388  -14.245 0.1000000015
20348  37.080  -62.953  -13.728 0.1000000015
20350  35.265  -63.335  -13.426 0.1000000015
17380  43.943  -66.330  -11.876 0.1000000015
20347  38.885  -62.960  -13.612 0.1000000015
21261  35.455  -62.646  -11.454 0.1000000015
19289  34.618  -64.324  -10.809 0.1000000015
18317  34.772  -65.349  -10.523 0.1000000015
21285  35.859  -62.542  -12.324 0.1000000015
20310  34.520  -63.792  -11.541 0.1000000015
21282  38.364  -62.630  -12.767 0.1000000015
21299  36.517  -62.617  -13.042 0.1000000015
20332  35.070  -62.898  -12.134 0.1000000015
138196  38.004  -62.865  -13.688 0.1000000015
21300  35.793  -62.819  -13.083 0.1000000015
7723  29.947  -77.466  -13.417 0.1000000015
137458  29.908  -75.970  -13.424 0.1000000015
128786  31.420  -75.920  -14.359 0.1000000015
9252  31.228  -75.101  -14.368 0.1000000015
10091  34.696  -74.443  -17.379 0.1000000015
10055  32.068  -74.719  -14.665 0.1000000015
10067  33.313  -74.557  -15.733 0.1000000015
10054  33.096  -74.570  -15.299 0.1000000015
6086  35.810  -80.048  -7.058 0.1000000015
8487  31.237  -76.685  -14.253 0.1000000015
8480  30.232  -76.726  -13.718 0.1000000015
9250  33.148  -75.864  -14.835 0.1000000015
6854  36.949  -79.468  -8.822 0.1000000015
8462  29.941  -76.598  -11.426 0.1000000015
11719  34.728  -72.573  -16.453 0.1000000015
11699  33.334  -73.172  -15.792 0.1000000015
143760  36.528  -79.198  -9.980 0.1000000015
6889  37.167  -79.090  -10.682 0.1000000015
8431  33.236  -76.823  -9.680 0.1000000015
8430  34.039  -76.534  -9.709 0.1000000015
8446  33.211  -75.973  -9.758 0.1000000015
141477  30.471  -75.009  -11.183 0.1000000015
10038  29.693  -74.564  -12.402 0.1000000015
10853  31.887  -73.049  -15.254 0.1000000015
10008  33.769  -74.792  -9.877 0.1000000015
10009  32.888  -74.638  -10.065 0.1000000015
135350  32.148  -74.926  -10.298 0.1000000015
7705  38.276  -78.436  -11.814 0.1000000015
11686  30.071  -72.844  -13.819 0.1000000015
150315  39.094  -76.449  -11.370 0.1000000015
9220  37.223  -77.022  -11.886 0.1000000015
135031  33.528  -74.064  -10.095 0.1000000015
10798  32.499  -73.416  -10.482 0.1000000015
11674  29.853  -72.395  -13.104 0.1000000015
13541  32.696  -70.763  -16.246 0.1000000015
145603  39.747  -77.026  -13.286 0.1000000015
10022  36.390  -74.497  -11.168 0.1000000015
10807  35.769  -73.941  -10.725 0.1000000015
11649  32.840  -72.732  -10.561 0.1000000015
11662  32.259  -72.178  -10.867 0.1000000015
12595  30.682  -71.423  -12.009 0.1000000015
13528  31.363  -70.326  -15.469 0.1000000015
11715  38.030  -72.165  -17.080 0.1000000015
10821  38.414  -73.556  -12.384 0.1000000015
130427  37.095  -74.422  -11.715 0.1000000015
10036  40.049  -75.672  -13.395 0.1000000015
129080  39.384  -76.237  -13.289 0.1000000015
11647  34.594  -72.676  -10.602 0.1000000015
13495  31.217  -70.743  -11.843 0.1000000015
14434  31.233  -69.437  -15.137 0.1000000015
14447  35.524  -69.312  -16.447 0.1000000015
13536  37.621  -70.613  -16.663 0.1000000015
10819  40.872  -75.031  -13.332 0.1000000015
130479  37.037  -72.505  -11.589 0.1000000015
12592  33.626  -71.122  -11.096 0.1000000015
14396  31.703  -69.874  -11.795 0.1000000015
14422  30.792  -69.328  -14.476 0.1000000015
15380  30.830  -68.804  -13.940 0.1000000015
14445  37.319  -69.110  -16.441 0.1000000015
142661  37.991  -69.745  -16.561 0.1000000015
12605  39.485  -72.210  -12.195 0.1000000015
129865  36.254  -70.798  -11.472 0.1000000015
13492  34.345  -70.444  -11.352 0.1000000015
142926  31.110  -68.440  -13.306 0.1000000015
16388  31.412  -67.810  -13.368 0.1000000015
130493  33.130  -68.260  -15.777 0.1000000015
16406  34.638  -67.324  -15.738 0.1000000015
15411  39.439  -68.682  -16.570 0.1000000015
142975  38.773  -69.873  -16.669 0.1000000015
15410  40.191  -69.003  -16.925 0.1000000015
129794  40.917  -69.269  -17.387 0.1000000015
12585  40.747  -71.975  -11.766 0.1000000015
14395  32.604  -69.180  -11.640 0.1000000015
16364  32.202  -67.432  -12.310 0.1000000015
16420  37.188  -67.674  -16.056 0.1000000015
15425  41.681  -68.691  -17.627 0.1000000015
126495  40.100  -68.207  -16.675 0.1000000015
16417  40.606  -67.840  -16.831 0.1000000015
127607  42.232  -67.772  -17.489 0.1000000015
130630  37.958  -71.008  -11.616 0.1000000015
14393  34.606  -69.140  -11.500 0.1000000015
144751  32.763  -67.667  -11.807 0.1000000015
18392  37.493  -65.795  -15.253 0.1000000015
17403  38.770  -66.366  -15.686 0.1000000015
17405  37.123  -66.439  -15.475 0.1000000015
16404  36.707  -67.058  -15.721 0.1000000015
147285  35.490  -66.357  -15.392 0.1000000015
18395  34.920  -65.868  -15.085 0.1000000015
18376  33.325  -65.676  -14.325 0.1000000015
149791  40.272  -66.061  -16.069 0.1000000015
16419  38.368  -66.995  -15.841 0.1000000015
140599  43.023  -64.940  -14.742 0.1000000015
138721  38.704  -67.507  -16.155 0.1000000015
16418  39.402  -67.732  -16.363 0.1000000015
17418  40.398  -66.628  -16.351 0.1000000015
18369  43.525  -65.544  -14.287 0.1000000015
17416  42.483  -66.298  -16.735 0.1000000015
16434  42.732  -66.967  -17.273 0.1000000015
16432  44.766  -68.012  -17.330 0.1000000015
17423  43.534  -66.932  -17.167 0.1000000015
18358  33.050  -65.278  -13.497 0.1000000015
18371  37.848  -65.069  -14.976 0.1000000015
19360  36.428  -64.469  -14.537 0.1000000015
137295  35.536  -64.553  -14.453 0.1000000015
17391  44.016  -66.384  -13.575 0.1000000015
144399  34.921  -68.046  -11.439 0.1000000015
126873  33.772  -66.698  -11.580 0.1000000015
19340  42.375  -64.803  -13.474 0.1000000015
18356  43.295  -65.891  -13.071 0.1000000015
20333  34.738  -63.304  -12.708 0.1000000015
17359  34.684  -65.992  -11.063 0.1000000015
21329  49.432  -61.971  -16.578 0.4000000060
20406  47.495  -64.078  -18.662 0.3000000119
148189  47.924  -63.599  -18.336 0.3000000119
21347  48.373  -62.539  -17.722 0.3000000119
22294  48.949  -62.017  -17.225 0.4000000060
22280  49.403  -61.477  -16.595 0.4000000060
133457  47.322  -62.769  -18.359 0.3000000119
23238  47.721  -61.223  -17.021 0.4000000060
12669  37.172  -71.872  -19.640 0.1000000015
12681  37.200  -71.115  -19.962 0.1000000015
13578  38.194  -70.113  -20.720 0.2000000030
16456  40.292  -68.032  -19.606 0.3000000119
23220  45.018  -60.463  -16.419 0.4000000060
18433  47.526  -65.128  -18.250 0.3000000119
134921  41.985  -65.469  -18.460 0.4000000060
19398  42.681  -63.960  -18.019 0.4000000060
15459  39.761  -68.747  -20.196 0.2000000030
17451  40.328  -67.215  -18.993 0.3000000119
19420  42.322  -64.768  -18.241 0.4000000060
21370  42.999  -63.124  -17.904 0.4000000060
23241  44.581  -60.984  -17.096 0.4000000060
149183  36.324  -72.851  -19.335 0.1000000015
14488  39.309  -69.384  -20.648 0.3000000119
21348  43.278  -62.285  -17.845 0.4000000060
148404  43.845  -61.107  -17.372 0.4000000060
131732  35.833  -72.452  -19.307 0.1000000015
147610  45.336  -59.442  -15.425 0.5000000000
14489  38.461  -69.422  -20.583 0.2000000030
15443  39.232  -68.225  -19.684 0.3000000119
18437  41.167  -65.986  -18.465 0.3000000119
21349  42.464  -62.491  -17.552 0.4000000060
25066  45.073  -58.323  -14.554 0.4000000060
25946  46.390  -57.617  -14.015 0.4000000060
19421  41.369  -65.016  -17.945 0.4000000060
19399  41.822  -64.184  -17.724 0.4000000060
22299  42.700  -61.598  -17.506 0.4000000060
23242  43.088  -60.888  -17.366 0.4000000060
23221  43.759  -60.571  -16.891 0.5000000000
12671  35.271  -71.681  -19.407 0.2000000030
12670  36.323  -71.554  -19.515 0.2000000030
150187  36.391  -70.499  -19.942 0.2000000030
15460  38.840  -68.809  -20.237 0.2000000030
13579  37.336  -70.276  -20.388 0.2000000030
126350  40.420  -66.549  -18.595 0.3000000119
18439  40.004  -65.949  -18.123 0.3000000119
12672  34.334  -71.893  -19.642 0.1000000015
20389  42.148  -63.339  -17.590 0.4000000060
16457  39.478  -67.556  -19.143 0.3000000119
18438  40.604  -65.391  -17.935 0.4000000060
128602  42.050  -61.958  -17.307 0.4000000060
24137  43.897  -59.621  -15.752 0.5000000000
25077  44.621  -59.070  -15.155 0.5000000000
25947  45.491  -57.630  -14.111 0.4000000060
137807  41.084  -64.296  -17.526 0.4000000060
150066  42.517  -60.984  -17.376 0.4000000060
24148  43.352  -59.986  -16.451 0.5000000000
25078  43.578  -58.981  -15.195 0.5000000000
25948  44.606  -57.682  -14.149 0.4000000060
13568  35.625  -70.967  -19.598 0.2000000030
14490  37.535  -69.435  -20.483 0.2000000030
16458  38.643  -67.755  -19.326 0.4000000060
15445  37.572  -68.260  -19.936 0.2000000030
16443  38.825  -67.261  -18.836 0.3000000119
150922  37.966  -67.861  -19.520 0.4000000060
17428  39.515  -66.776  -18.571 0.3000000119
24149  42.452  -59.741  -16.747 0.5000000000
25949  43.716  -57.751  -14.144 0.5000000000
25930  45.020  -57.085  -13.694 0.4000000060
26838  46.009  -56.738  -13.163 0.4000000060
17429  38.505  -66.730  -18.436 0.4000000060
132834  39.876  -64.518  -17.357 0.4000000060
20390  41.295  -63.580  -17.335 0.4000000060
24138  42.988  -59.465  -15.877 0.5000000000
134140  36.744  -69.678  -20.363 0.2000000030
13569  34.768  -70.851  -19.751 0.2000000030
149541  36.927  -69.202  -20.435 0.2000000030
26823  44.963  -56.093  -12.859 0.4000000060
130605  37.072  -68.746  -20.336 0.2000000030
18418  39.919  -65.176  -17.661 0.3000000119
20391  40.407  -63.932  -17.181 0.4000000060
21331  41.449  -61.889  -17.018 0.4000000060
129193  35.898  -69.749  -20.240 0.2000000030
140286  37.297  -67.702  -19.502 0.3000000119
16444  37.974  -67.330  -18.961 0.4000000060
26810  46.013  -56.229  -12.202 0.4000000060
142898  39.026  -66.149  -18.002 0.3000000119
23223  41.586  -60.329  -17.130 0.5000000000
25068  43.190  -58.408  -14.632 0.5000000000
26794  47.653  -56.324  -10.297 0.4000000060
12682  33.954  -71.057  -20.103 0.2000000030
13580  35.008  -69.918  -20.144 0.2000000030
20377  39.440  -63.998  -16.951 0.4000000060
21350  40.756  -62.986  -16.844 0.4000000060
25950  42.819  -57.838  -14.104 0.5000000000
26840  44.606  -56.540  -13.304 0.4000000060
28849  50.693  -54.838  -8.078 0.4000000060
12700  33.482  -71.297  -21.017 0.2000000030
14493  34.510  -69.357  -20.541 0.2000000030
15462  36.378  -68.493  -20.270 0.2000000030
15446  36.798  -68.124  -19.989 0.2000000030
18419  38.565  -65.511  -17.605 0.4000000060
135125  41.262  -59.611  -16.969 0.5000000000
137306  41.920  -58.791  -15.468 0.5000000000
12712  33.450  -71.524  -21.848 0.2000000030
18440  38.110  -66.140  -17.943 0.4000000060
147809  39.339  -65.544  -17.729 0.3000000119
22281  41.154  -61.127  -16.894 0.5000000000
24150  41.647  -59.343  -16.728 0.5000000000
25931  44.193  -57.119  -13.698 0.5000000000
27776  48.190  -55.220  -8.710 0.4000000060
28850  49.650  -54.716  -8.164 0.2000000030
27814  46.924  -55.943  -10.143 0.4000000060
27829  45.353  -55.858  -12.282 0.4000000060
13581  34.260  -70.233  -20.356 0.2000000030
16459  36.456  -67.564  -19.516 0.4000000060
26841  43.810  -56.566  -13.302 0.4000000060
27848  44.500  -55.502  -12.349 0.4000000060
13582  33.636  -70.529  -20.872 0.2000000030
14492  35.377  -69.165  -20.454 0.2000000030
15463  35.664  -68.535  -20.341 0.2000000030
14494  33.780  -69.605  -20.903 0.2000000030
134710  46.216  -55.549  -10.141 0.4000000060
133518  45.074  -55.359  -11.595 0.4000000060
27830  44.392  -55.056  -11.779 0.4000000060
20376  39.903  -63.333  -16.733 0.3000000119
24140  41.381  -58.838  -16.210 0.5000000000
25069  42.253  -58.456  -14.685 0.5000000000
137732  43.682  -55.574  -12.568 0.4000000060
17452  37.016  -67.125  -18.963 0.4000000060
19401  38.097  -64.889  -17.200 0.4000000060
20378  38.844  -63.509  -16.608 0.3000000119
132775  39.749  -61.954  -16.394 0.4000000060
18441  37.223  -66.092  -17.892 0.4000000060
137562  40.962  -58.951  -16.777 0.5000000000
15465  33.953  -68.830  -20.752 0.2000000030
27800  45.553  -55.162  -10.097 0.4000000060
147321  42.604  -57.335  -13.621 0.5000000000
152452  41.526  -57.380  -13.505 0.5000000000
21333  39.304  -62.819  -16.438 0.4000000060
23224  40.819  -60.280  -16.869 0.5000000000
25070  41.180  -58.415  -15.142 0.5000000000
23225  39.969  -60.233  -16.568 0.5000000000
22283  39.341  -61.093  -16.276 0.5000000000
139234  48.184  -61.877  -17.471 0.4000000060
133192  44.353  -61.574  -17.694 0.4000000060
27798  47.654  -55.761  -9.456 0.4000000060
133038  45.687  -55.496  -10.846 0.4000000060
149192  40.590  -58.493  -16.292 0.5000000000
18460  45.795  -65.696  -19.566 0.3000000119
19438  45.487  -64.889  -19.447 0.3000000119
20423  45.988  -64.151  -19.262 0.2000000030
21366  46.576  -62.780  -18.518 0.2000000030
144966  44.359  -67.836  -20.190 0.2000000030
126573  44.369  -66.557  -19.815 0.3000000119
18462  43.694  -65.927  -19.400 0.3000000119
18435  43.855  -65.103  -19.131 0.3000000119
16472  42.872  -68.066  -20.183 0.2000000030
16455  42.105  -67.581  -19.713 0.2000000030
128123  42.920  -66.191  -19.214 0.2000000030
14511  38.976  -69.992  -20.964 0.2000000030
12720  33.480  -71.571  -23.644 0.1000000015
12719  34.127  -72.071  -24.070 0.1000000015
17482  31.262  -66.375  -21.293 0.1000000015
17445  46.472  -66.592  -19.137 0.1000000015
18459  47.082  -65.128  -18.960 0.2000000030
20422  46.903  -64.115  -19.040 0.2000000030
17446  45.915  -66.453  -19.561 0.2000000030
19437  46.502  -64.912  -19.278 0.2000000030
14475  45.152  -69.431  -19.510 0.1000000015
15455  44.224  -69.298  -20.375 0.1000000015
16470  44.840  -68.175  -20.087 0.2000000030
14483  44.742  -69.947  -19.963 0.1000000015
14484  44.091  -70.104  -20.407 0.1000000015
148772  33.686  -71.181  -20.538 0.1000000015
129900  33.477  -71.436  -22.895 0.1000000015
15479  33.091  -69.016  -21.259 0.1000000015
15466  32.556  -68.277  -20.985 0.1000000015
139151  33.123  -67.867  -20.491 0.1000000015
17468  33.004  -66.784  -19.689 0.1000000015
15480  32.064  -68.721  -21.584 0.1000000015
16478  32.230  -67.556  -20.622 0.1000000015
17469  32.114  -66.724  -20.197 0.1000000015
17456  33.316  -66.197  -19.032 0.1000000015
16479  31.538  -67.061  -20.916 0.1000000015
18465  32.135  -65.247  -19.560 0.1000000015
19423  33.210  -64.461  -18.277 0.1000000015
18446  32.576  -64.635  -18.875 0.1000000015
20411  32.907  -63.780  -18.499 0.1000000015
16453  45.883  -67.239  -19.477 0.2000000030
16469  45.342  -67.737  -19.818 0.1000000015
17453  36.098  -66.991  -18.946 0.1000000015
19385  38.526  -64.214  -16.858 0.3000000119
14512  33.208  -69.879  -21.542 0.1000000015
15464  34.782  -68.627  -20.474 0.1000000015
17454  35.151  -66.828  -18.965 0.1000000015
18443  35.219  -65.770  -17.895 0.2000000030
19402  37.058  -64.931  -17.178 0.3000000119
148587  37.600  -62.920  -16.225 0.3000000119
140415  38.224  -61.005  -15.835 0.3000000119
14523  32.779  -70.159  -22.206 0.1000000015
16461  34.548  -67.280  -19.570 0.1000000015
17433  34.747  -66.222  -18.429 0.1000000015
18422  35.668  -65.269  -17.457 0.2000000030
21335  36.972  -62.645  -16.123 0.3000000119
14524  32.033  -69.800  -22.572 0.1000000015
18444  34.300  -65.553  -18.077 0.1000000015
20392  34.722  -63.394  -16.915 0.2000000030
21336  36.493  -61.975  -15.964 0.3000000119
19406  33.553  -63.874  -17.845 0.1000000015
20382  34.628  -62.503  -16.916 0.2000000030
22285  36.145  -61.098  -15.979 0.4000000060
20426  32.470  -63.765  -19.216 0.1000000015
21351  34.013  -62.277  -17.738 0.1000000015
22302  34.554  -61.701  -17.301 0.3000000119
15364  46.145  -68.414  -13.316 0.1000000015
15400  46.511  -68.365  -15.255 0.1000000015
25934  40.925  -57.603  -13.747 0.4000000060
133920  40.233  -58.687  -16.673 0.4000000060
131674  38.782  -61.978  -16.117 0.3000000119
23226  39.046  -60.132  -16.269 0.4000000060
25083  39.487  -58.438  -16.593 0.4000000060
129559  38.116  -59.901  -16.019 0.4000000060
25084  38.685  -58.235  -16.570 0.4000000060
23228  36.613  -60.390  -15.871 0.4000000060
24154  37.025  -58.769  -16.365 0.5000000000
22286  35.020  -61.711  -16.674 0.3000000119
144597  35.929  -60.396  -16.260 0.5000000000
20425  32.740  -63.081  -19.604 0.2000000030
146645  33.416  -62.950  -18.289 0.1000000015
24156  35.597  -60.082  -16.785 0.4000000060
20454  32.270  -63.604  -20.915 0.1000000015
20438  32.789  -63.064  -20.447 0.1000000015
21371  33.833  -62.108  -18.658 0.2000000030
22318  34.363  -61.555  -18.165 0.2000000030
19490  32.249  -64.688  -23.095 0.1000000015
19470  32.153  -64.263  -22.349 0.1000000015
21381  33.969  -62.140  -19.527 0.2000000030
18500  32.491  -65.163  -23.757 0.1000000015
19469  32.768  -64.226  -22.935 0.1000000015
26826  42.207  -56.327  -12.816 0.4000000060
26825  42.970  -55.868  -12.716 0.3000000119
26843  41.334  -56.896  -13.023 0.4000000060
25962  39.479  -57.721  -15.966 0.4000000060
25952  40.511  -57.936  -14.626 0.4000000060
25970  39.166  -57.887  -16.473 0.4000000060
25936  39.272  -57.441  -14.255 0.4000000060
135917  37.196  -59.655  -15.955 0.4000000060
25971  37.371  -57.384  -16.588 0.4000000060
25964  37.938  -57.166  -16.189 0.4000000060
24155  36.333  -58.674  -16.771 0.5000000000
148663  35.735  -59.098  -17.305 0.4000000060
22323  34.964  -61.018  -18.600 0.3000000119
22317  34.834  -61.064  -17.698 0.4000000060
130193  35.445  -59.949  -17.484 0.4000000060
151313  35.358  -62.955  -21.979 0.2000000030
21407  34.351  -62.623  -21.084 0.2000000030
22324  34.516  -61.563  -19.075 0.2000000030
20488  34.451  -63.870  -23.174 0.1000000015
137104  33.947  -63.553  -22.535 0.2000000030
137340  34.211  -67.362  -26.571 0.1000000015
27851  41.449  -55.936  -12.441 0.4000000060
27850  42.335  -55.534  -12.400 0.4000000060
26828  39.924  -56.556  -12.606 0.4000000060
25937  38.421  -57.062  -14.105 0.4000000060
26829  38.422  -56.613  -12.978 0.4000000060
26860  37.442  -56.609  -14.563 0.4000000060
133801  36.780  -56.888  -16.818 0.4000000060
26869  37.454  -56.731  -15.593 0.4000000060
25972  36.545  -57.323  -17.083 0.3000000119
138729  35.497  -58.722  -18.179 0.4000000060
25978  35.884  -57.365  -17.616 0.4000000060
23272  35.433  -60.550  -19.106 0.3000000119
24185  35.485  -59.791  -18.920 0.3000000119
24170  35.474  -59.491  -18.146 0.4000000060
20451  34.943  -63.379  -22.548 0.2000000030
21420  36.123  -62.613  -21.605 0.2000000030
21394  35.115  -62.192  -20.635 0.2000000030
22331  34.857  -61.819  -19.898 0.2000000030
19487  34.895  -64.245  -23.789 0.2000000030
15575  35.995  -68.283  -27.701 0.1000000015
16581  35.504  -67.771  -27.223 0.1000000015
16562  35.050  -67.276  -26.658 0.1000000015
28879  44.442  -54.596  -10.610 0.3000000119
28896  41.602  -54.645  -11.728 0.4000000060
28895  42.795  -54.313  -11.513 0.3000000119
27833  40.171  -55.237  -11.769 0.4000000060
28915  38.281  -54.948  -11.762 0.4000000060
27854  38.559  -55.859  -12.242 0.4000000060
26845  37.638  -56.431  -13.477 0.4000000060
26830  37.820  -56.104  -12.728 0.4000000060
143899  36.676  -56.323  -15.570 0.4000000060
27885  36.871  -56.036  -13.832 0.4000000060
26889  36.069  -56.631  -17.210 0.4000000060
26877  36.415  -56.401  -16.452 0.3000000119
25116  35.251  -58.967  -20.447 0.3000000119
25108  34.883  -58.357  -20.016 0.3000000119
25995  34.921  -57.848  -19.303 0.3000000119
26906  34.941  -56.788  -18.568 0.3000000119
26890  35.421  -56.685  -17.891 0.3000000119
21404  37.494  -61.923  -21.551 0.2000000030
21405  36.766  -62.178  -21.314 0.2000000030
24204  36.099  -59.841  -20.984 0.3000000119
24194  35.726  -59.649  -20.383 0.2000000030
25107  35.308  -58.796  -18.989 0.3000000119
21419  36.960  -62.623  -21.837 0.2000000030
22329  36.231  -61.170  -20.343 0.2000000030
20487  35.425  -63.727  -23.176 0.2000000030
28867  44.623  -54.368  -9.681 0.3000000119
29960  44.046  -53.707  -9.258 0.3000000119
28868  44.030  -54.122  -10.126 0.3000000119
29986  43.104  -53.960  -11.023 0.4000000060
28894  43.438  -54.472  -11.463 0.3000000119
29989  39.902  -53.009  -10.795 0.3000000119
29988  40.934  -53.230  -10.876 0.4000000060
28900  38.070  -54.095  -11.521 0.4000000060
30005  38.685  -53.732  -11.261 0.4000000060
28898  39.826  -54.508  -11.425 0.4000000060
28917  36.984  -54.148  -12.448 0.4000000060
27855  37.669  -55.376  -12.353 0.4000000060
28948  36.054  -54.630  -14.061 0.3000000119
27886  36.298  -55.511  -14.232 0.4000000060
28931  36.994  -54.899  -12.684 0.4000000060
27941  34.334  -55.386  -19.640 0.3000000119
27923  34.474  -55.288  -18.671 0.2000000030
27910  34.792  -55.231  -17.833 0.2000000030
28957  35.402  -54.424  -15.787 0.2000000030
26878  35.734  -55.884  -16.710 0.3000000119
27887  35.863  -55.137  -14.653 0.3000000119
26010  34.476  -57.305  -21.410 0.3000000119
25988  34.638  -57.015  -19.261 0.3000000119
134627  34.487  -56.143  -19.048 0.2000000030
26891  34.857  -56.008  -18.247 0.2000000030
133908  35.336  -55.945  -17.491 0.2000000030
23290  37.838  -60.771  -22.593 0.2000000030
24215  36.705  -59.872  -22.314 0.3000000119
24216  35.496  -58.926  -22.003 0.3000000119
24205  35.450  -59.145  -21.193 0.3000000119
28853  46.490  -54.558  -8.610 0.3000000119
27778  46.495  -55.038  -9.020 0.3000000119
28866  45.409  -54.698  -9.367 0.3000000119
31033  36.997  -52.617  -12.378 0.3000000119
31057  35.861  -52.829  -15.897 0.2000000030
30046  36.080  -52.981  -14.955 0.2000000030
30041  36.314  -53.163  -14.158 0.2000000030
30029  36.504  -53.356  -13.439 0.2000000030
30065  35.042  -53.245  -18.197 0.2000000030
141374  34.935  -53.889  -17.095 0.2000000030
30054  35.325  -53.555  -16.412 0.2000000030
30047  35.646  -53.661  -15.389 0.2000000030
28851  48.709  -54.624  -8.251 0.2000000030
19509  33.438  -64.993  -24.159 0.1000000015
19488  33.962  -64.401  -23.702 0.1000000015
24214  37.262  -60.182  -22.732 0.3000000119
20467  37.086  -63.157  -22.518 0.2000000030
22313  46.820  -62.265  -18.009 0.3000000119
20408  45.339  -63.449  -18.925 0.3000000119
20424  44.978  -64.152  -19.202 0.3000000119
17450  41.680  -67.010  -19.290 0.2000000030
15377  46.935  -68.023  -13.610 0.1000000015
18434  47.048  -65.784  -18.727 0.2000000030
130903  47.296  -63.415  -18.655 0.2000000030
16460  35.552  -67.445  -19.541 0.1000000015
18420  37.677  -65.519  -17.550 0.3000000119
28852  47.838  -54.493  -8.278 0.3000000119
16476  35.026  -67.947  -20.126 0.1000000015
27849  43.064  -55.207  -12.282 0.3000000119
17431  36.656  -66.545  -18.377 0.3000000119
21334  38.370  -62.823  -16.269 0.2000000030
147637  36.941  -65.545  -17.563 0.2000000030
150897  33.364  -68.443  -20.761 0.1000000015
17467  44.837  -67.282  -20.081 0.2000000030
18461  44.755  -65.637  -19.586 0.3000000119
17448  44.006  -67.285  -20.037 0.1000000015
134234  43.427  -66.687  -19.626 0.2000000030
17470  31.517  -66.331  -20.645 0.1000000015
130156  46.520  -65.756  -19.255 0.2000000030
14513  32.454  -69.474  -21.910 0.1000000015
127198  34.071  -68.119  -20.395 0.1000000015
17455  34.242  -66.586  -18.969 0.1000000015
17457  32.445  -66.071  -19.547 0.1000000015
18464  32.706  -65.509  -19.032 0.1000000015
19422  33.881  -64.763  -17.837 0.1000000015
19386  37.555  -64.241  -16.766 0.3000000119
18423  34.762  -65.077  -17.548 0.2000000030
19387  36.531  -64.174  -16.720 0.3000000119
22269  37.075  -61.191  -15.731 0.4000000060
24152  38.858  -59.123  -16.456 0.4000000060
19404  35.280  -64.691  -17.181 0.3000000119
147456  36.081  -63.500  -16.500 0.3000000119
21337  35.410  -62.317  -16.441 0.3000000119
26844  40.352  -57.134  -13.135 0.4000000060
25963  38.716  -57.475  -16.075 0.4000000060
20453  32.958  -63.134  -21.226 0.2000000030
21395  34.181  -62.340  -20.333 0.2000000030
27852  40.500  -55.891  -12.241 0.4000000060
25954  38.966  -57.436  -15.167 0.4000000060
21406  35.253  -62.592  -21.354 0.2000000030
27832  41.077  -55.248  -11.952 0.4000000060
126012  35.428  -59.266  -19.706 0.3000000119
144628  35.837  -60.729  -19.808 0.2000000030
22336  36.751  -61.570  -20.991 0.2000000030
30002  41.299  -53.936  -11.345 0.4000000060
30001  42.517  -53.856  -11.158 0.4000000060
30003  40.389  -53.823  -11.204 0.4000000060
26933  34.325  -56.862  -20.681 0.3000000119
23291  37.353  -60.610  -21.959 0.2000000030
23284  36.693  -60.390  -21.325 0.2000000030
29987  42.632  -53.495  -10.627 0.4000000060
28932  36.551  -54.235  -13.209 0.4000000060
28949  35.684  -54.495  -14.918 0.2000000030
28989  34.527  -54.543  -19.822 0.2000000030
28975  34.458  -54.569  -19.048 0.2000000030
30058  34.775  -53.855  -17.787 0.2000000030
28964  35.137  -54.444  -16.641 0.2000000030
136011  41.879  -53.447  -10.935 0.3000000119
29969  43.365  -53.670  -10.198 0.2000000030
31011  42.140  -52.939  -10.208 0.3000000119
28855  44.941  -54.081  -8.838 0.2000000030
138048  44.614  -53.324  -8.372 0.2000000030
15457  41.716  -68.773  -20.394 0.1000000015
14508  41.534  -70.143  -21.138 0.1000000015
14486  41.166  -69.414  -20.739 0.1000000015
17424  47.270  -66.084  -18.091 0.1000000015
16474  41.356  -68.139  -19.890 0.1000000015
147364  39.635  -70.948  -21.246 0.1000000015
15458  40.740  -68.733  -20.255 0.1000000015
14487  40.195  -69.371  -20.695 0.1000000015
28839  50.192  -54.207  -7.653 0.1000000015
28840  49.150  -53.984  -7.714 0.1000000015
30968  49.170  -52.213  -7.127 0.1000000015
29948  49.140  -53.114  -7.353 0.1000000015
151740  46.968  -53.761  -7.930 0.1000000015
128408  47.636  -52.864  -7.539 0.1000000015
29951  46.054  -53.179  -7.826 0.1000000015
29950  46.828  -53.174  -7.697 0.1000000015
30971  46.220  -52.469  -7.618 0.1000000015
29961  43.785  -52.954  -8.577 0.1000000015
143537  43.249  -53.089  -9.323 0.2000000030
30982  44.361  -52.483  -8.032 0.1000000015
31981  44.949  -51.794  -7.732 0.2000000030
31013  40.582  -52.480  -10.477 0.2000000030
137740  43.378  -51.128  -8.194 0.2000000030
30983  42.687  -51.963  -8.712 0.2000000030
32006  42.096  -51.659  -9.019 0.2000000030
31012  41.378  -52.725  -10.398 0.2000000030
32978  43.138  -50.451  -8.289 0.2000000030
132932  42.676  -51.184  -8.488 0.2000000030
30997  40.944  -51.953  -10.014 0.2000000030
31014  39.830  -52.130  -10.496 0.2000000030
31023  38.303  -52.455  -11.083 0.2000000030
31024  37.591  -52.580  -11.606 0.2000000030
148629  37.027  -51.821  -12.660 0.1000000015
32965  44.763  -50.849  -7.799 0.2000000030
141836  40.325  -51.825  -10.243 0.2000000030
32019  39.233  -51.686  -10.568 0.2000000030
32020  38.553  -51.687  -10.834 0.1000000015
136248  38.423  -50.306  -10.957 0.1000000015
32026  37.857  -51.762  -11.325 0.1000000015
29949  48.358  -53.395  -7.592 0.1000000015
29947  50.802  -53.654  -7.248 0.1000000015
149463  49.841  -53.575  -7.417 0.1000000015
145948  50.692  -52.421  -6.734 0.1000000015
127470  47.717  -52.113  -7.399 0.1000000015
143423  43.675  -52.280  -8.279 0.2000000030
32007  41.287  -51.213  -9.405 0.2000000030
25140  35.687  -58.020  -23.158 0.2000000030
26009  34.735  -57.779  -22.018 0.2000000030
25131  35.294  -58.318  -22.422 0.2000000030
25138  36.917  -58.737  -24.035 0.2000000030
26029  36.243  -57.468  -23.645 0.2000000030
26944  34.464  -56.484  -21.419 0.2000000030
26030  35.681  -57.209  -23.168 0.2000000030
26019  34.692  -56.968  -22.115 0.2000000030
25148  36.781  -57.863  -24.186 0.2000000030
27958  34.319  -55.829  -20.654 0.2000000030
29045  35.762  -55.168  -22.189 0.1000000015
26955  36.158  -56.625  -23.366 0.2000000030
27974  35.183  -55.100  -21.659 0.2000000030
29028  34.637  -55.065  -21.010 0.2000000030
27993  37.056  -55.373  -22.982 0.1000000015
29044  36.507  -54.928  -22.381 0.1000000015
29027  35.873  -54.522  -21.694 0.1000000015
140866  38.594  -55.343  -23.517 0.1000000015
28011  39.324  -55.282  -23.626 0.1000000015
31980  45.549  -51.161  -7.644 0.1000000015
30108  35.288  -53.634  -20.142 0.1000000015
29026  36.887  -54.305  -21.856 0.1000000015
30129  35.578  -54.016  -20.955 0.1000000015
27992  37.986  -55.189  -23.110 0.1000000015
29043  37.471  -54.759  -22.474 0.1000000015
27990  39.858  -55.031  -22.947 0.1000000015
29041  39.502  -54.625  -22.363 0.1000000015
131841  41.666  -55.348  -22.708 0.1000000015
32976  44.691  -49.820  -8.205 0.1000000015
148342  46.312  -49.565  -8.468 0.1000000015
32964  45.470  -50.298  -7.853 0.1000000015
30057  35.153  -53.275  -17.351 0.1000000015
30083  35.309  -53.292  -19.416 0.1000000015
30128  36.333  -53.930  -21.324 0.1000000015
30107  36.324  -53.338  -20.664 0.1000000015
29024  39.101  -54.150  -21.839 0.1000000015
29039  41.162  -54.927  -22.240 0.1000000015
29040  40.344  -54.760  -22.327 0.1000000015
33917  45.612  -49.623  -8.353 0.1000000015
32979  42.513  -50.400  -8.528 0.1000000015
32105  37.309  -51.644  -18.276 0.1000000015
31071  36.247  -52.139  -17.355 0.1000000015
31101  38.336  -51.894  -19.722 0.1000000015
31102  37.416  -52.038  -19.576 0.1000000015
30082  35.941  -52.904  -19.788 0.1000000015
31082  36.419  -52.087  -18.337 0.1000000015
31125  38.755  -52.386  -20.331 0.1000000015
31126  37.820  -52.416  -20.252 0.1000000015
31123  40.555  -52.581  -20.359 0.1000000015
30105  39.179  -53.007  -20.845 0.1000000015
146066  37.903  -53.455  -21.230 0.1000000015
130255  37.376  -53.030  -20.756 0.1000000015
30102  41.757  -53.369  -20.738 0.1000000015
30103  40.916  -53.234  -20.815 0.1000000015
30125  39.582  -53.628  -21.356 0.1000000015
30123  41.300  -53.880  -21.285 0.1000000015
133786  45.145  -49.250  -8.833 0.1000000015
33918  43.682  -49.721  -8.394 0.1000000015
31066  36.349  -52.204  -16.444 0.1000000015
31098  41.077  -52.209  -19.786 0.1000000015
31099  40.195  -52.001  -19.827 0.1000000015
31122  41.382  -52.731  -20.324 0.1000000015
31056  36.595  -52.187  -15.451 0.1000000015
26987  36.884  -56.873  -24.031 0.1000000015
28013  37.459  -55.666  -23.475 0.1000000015
29023  39.965  -54.241  -21.832 0.1000000015
29021  41.609  -54.565  -21.721 0.1000000015
32094  36.850  -51.767  -17.697 0.1000000015
17536  41.030  -66.845  -26.292 0.1000000015
17517  41.535  -66.026  -26.124 0.1000000015
16555  41.647  -67.649  -26.616 0.1000000015
16556  40.596  -67.569  -26.566 0.1000000015
14583  41.456  -70.022  -27.648 0.1000000015
13654  40.887  -70.680  -28.069 0.1000000015
12779  40.780  -71.762  -29.045 0.1000000015
17537  40.037  -66.816  -26.264 0.1000000015
137262  40.871  -65.495  -25.659 0.1000000015
15548  41.269  -68.424  -26.883 0.1000000015
15570  40.826  -69.084  -27.277 0.1000000015
18532  41.547  -65.091  -25.802 0.1000000015
19520  41.459  -64.245  -25.565 0.1000000015
18534  39.163  -65.529  -25.390 0.1000000015
17519  39.574  -66.172  -25.831 0.1000000015
16557  39.620  -67.497  -26.626 0.1000000015
18553  42.430  -66.252  -26.516 0.1000000015
19503  40.240  -63.905  -24.558 0.1000000015
18513  38.738  -65.040  -24.975 0.1000000015
129988  42.914  -64.375  -26.652 0.1000000015
151487  41.684  -63.275  -25.799 0.1000000015
21455  41.877  -62.558  -26.479 0.1000000015
20519  42.863  -63.639  -26.747 0.1000000015
20520  42.095  -63.147  -26.249 0.1000000015
21471  42.632  -62.099  -27.412 0.1000000015
18533  40.080  -65.474  -25.437 0.1000000015
12805  40.356  -72.245  -30.106 0.1000000015
6096  36.232  -79.847  -7.896 0.1000000015
6110  36.570  -79.739  -8.583 0.1000000015
6111  36.261  -79.859  -8.276 0.1000000015
6855  35.838  -79.723  -8.841 0.1000000015
6887  38.251  -78.728  -11.317 0.1000000015
7676  37.799  -78.948  -10.164 0.1000000015
7677  37.633  -78.541  -9.598 0.1000000015
8458  39.959  -77.095  -13.214 0.1000000015
8459  39.361  -77.570  -12.712 0.1000000015
8460  38.158  -77.802  -12.438 0.1000000015
9231  40.207  -76.708  -13.335 0.1000000015
10017  41.659  -75.776  -12.988 0.1000000015
10019  39.830  -76.525  -12.186 0.1000000015
10023  31.387  -74.003  -10.816 0.1000000015
10033  41.992  -75.445  -12.918 0.1000000015
10046  29.718  -74.178  -13.191 0.1000000015
10087  38.922  -74.153  -17.559 0.1000000015
10779  41.566  -74.199  -10.840 0.1000000015
11669  42.627  -74.355  -12.480 0.1000000015
11673  30.094  -72.267  -12.465 0.1000000015
11735  38.640  -72.830  -17.319 0.1000000015
11750  36.704  -72.426  -19.435 0.1000000015
12606  30.243  -71.483  -12.637 0.1000000015
12699  39.454  -70.420  -21.160 0.2000000030
12792  40.664  -71.932  -29.567 0.1000000015
13514  30.308  -70.000  -13.550 0.1000000015
13521  30.356  -70.428  -14.288 0.1000000015
13576  43.922  -70.820  -20.336 0.1000000015
13598  40.089  -70.544  -21.339 0.1000000015
14405  30.707  -69.229  -13.216 0.1000000015
14444  38.729  -69.211  -16.527 0.1000000015
14491  36.310  -69.046  -20.467 0.2000000030
14510  39.735  -69.921  -21.122 0.1000000015
14588  32.812  -68.877  -27.243 0.1000000015
15362  47.177  -67.817  -12.694 0.2000000030
15366  31.186  -68.802  -12.729 0.1000000015
15378  46.570  -68.266  -13.432 0.1000000015
15399  46.881  -68.094  -15.027 0.1000000015
15442  46.069  -68.423  -18.661 0.1000000015
15444  38.367  -68.303  -19.823 0.2000000030
15453  45.274  -68.613  -19.695 0.1000000015
15454  44.822  -69.037  -20.052 0.1000000015
15461  37.968  -68.812  -20.286 0.2000000030
15549  40.212  -68.243  -26.921 0.1000000015
15552  32.389  -68.655  -26.542 0.1000000015
16360  45.074  -67.197  -11.889 0.1000000015
16361  35.401  -67.387  -11.150 0.1000000015
16374  47.712  -67.468  -11.978 0.1000000015
16378  31.746  -67.219  -13.025 0.1000000015
16384  47.227  -67.563  -13.360 0.1000000015
16385  45.766  -68.379  -13.679 0.1000000015
16407  33.034  -66.906  -15.146 0.1000000015
16416  41.778  -67.053  -17.042 0.1000000015
16433  44.112  -67.514  -17.435 0.1000000015
16454  43.115  -67.403  -19.842 0.2000000030
16462  33.762  -66.867  -19.432 0.1000000015
16471  43.711  -67.930  -20.243 0.1000000015
16473  42.140  -68.249  -20.127 0.1000000015
16475  35.990  -68.012  -20.028 0.2000000030
16477  33.684  -67.437  -19.963 0.1000000015
16512  31.138  -67.367  -23.542 0.1000000015
16539  31.613  -67.977  -25.213 0.1000000015
17368  48.228  -66.637  -11.640 0.1000000015
17378  48.653  -66.389  -12.105 0.2000000030
17402  39.654  -66.317  -15.947 0.1000000015
17425  46.821  -66.810  -18.520 0.1000000015
17427  41.076  -66.801  -18.923 0.4000000060
17430  37.584  -66.675  -18.413 0.4000000060
17432  35.695  -66.399  -18.370 0.2000000030
17434  33.965  -66.014  -18.536 0.1000000015
17447  45.234  -66.456  -19.818 0.2000000030
17449  42.435  -66.770  -19.382 0.2000000030
17458  31.747  -65.846  -20.114 0.1000000015
17466  45.443  -67.021  -19.813 0.2000000030
17518  40.507  -66.142  -25.897 0.1000000015
17523  36.127  -66.149  -25.827 0.1000000015
17535  42.070  -66.884  -26.480 0.1000000015
17542  35.570  -66.681  -26.234 0.1000000015
18343  49.148  -65.843  -11.842 0.2000000030
18359  32.594  -65.772  -13.159 0.1000000015
18373  36.143  -65.205  -14.848 0.1000000015
18375  34.245  -65.244  -14.502 0.1000000015
18377  32.703  -65.859  -13.815 0.1000000015
18388  42.470  -64.942  -15.523 0.1000000015
18391  38.329  -65.706  -15.355 0.1000000015
18417  40.539  -64.714  -17.584 0.4000000060
18421  36.414  -65.291  -17.406 0.2000000030
18442  36.265  -65.880  -17.806 0.2000000030
18445  33.371  -65.325  -18.463 0.1000000015
18515  35.615  -65.095  -24.859 0.3000000119
18531  42.343  -65.500  -26.342 0.1000000015
18536  37.448  -65.639  -25.440 0.1000000015
18539  35.015  -65.592  -25.207 0.2000000030
19300  48.986  -65.390  -11.512 0.1000000015
19342  41.124  -64.029  -13.247 0.1000000015
19355  41.427  -64.093  -14.643 0.1000000015
19362  34.178  -64.487  -13.876 0.1000000015
19384  47.898  -64.734  -17.225 0.3000000119
19388  35.460  -64.003  -16.786 0.3000000119
19396  48.263  -63.965  -17.565 0.4000000060
19397  47.887  -64.345  -18.107 0.3000000119
19400  39.111  -64.831  -17.339 0.3000000119
19403  36.070  -64.769  -17.062 0.2000000030
19405  34.473  -64.159  -17.290 0.1000000015
19417  47.497  -64.623  -18.551 0.3000000119
19418  44.087  -64.304  -18.858 0.4000000060
19436  47.155  -64.572  -18.931 0.2000000030
19439  44.627  -64.806  -19.299 0.3000000119
19457  31.842  -64.207  -21.424 0.1000000015
19484  37.966  -63.982  -23.881 0.2000000030
19489  33.056  -64.556  -23.493 0.1000000015
19504  39.713  -64.672  -24.833 0.1000000015
19507  35.298  -64.648  -24.352 0.3000000119
19519  42.236  -64.661  -26.182 0.1000000015
20282  50.321  -63.358  -10.802 0.5000000000
20300  49.947  -63.730  -11.045 0.5000000000
20358  40.998  -63.719  -14.036 0.1000000015
20379  37.998  -63.560  -16.497 0.2000000030
20380  36.159  -62.748  -16.274 0.3000000119
20381  35.350  -63.089  -16.550 0.3000000119
20393  34.065  -63.182  -17.454 0.1000000015
20405  48.394  -63.142  -17.930 0.3000000119
20407  46.349  -63.444  -18.924 0.2000000030
20452  34.420  -63.067  -21.839 0.2000000030
20468  36.046  -63.158  -22.414 0.2000000030
20469  32.995  -63.752  -22.486 0.1000000015
20470  32.521  -63.644  -21.740 0.1000000015
20484  38.398  -63.173  -23.023 0.2000000030
20485  37.230  -63.569  -23.232 0.2000000030
20486  36.383  -63.617  -23.185 0.2000000030
20489  33.524  -64.037  -23.087 0.1000000015
20499  39.975  -63.343  -24.134 0.2000000030
20508  42.082  -63.799  -26.052 0.1000000015
21216  49.796  -62.792  -9.871 0.5000000000
21232  50.675  -62.895  -10.386 0.5000000000
21234  49.302  -62.627  -10.054 0.4000000060
21250  50.977  -62.382  -11.598 0.5000000000
21251  50.568  -63.218  -11.383 0.4000000060
21276  46.876  -62.693  -12.401 0.3000000119
21296  50.453  -62.108  -13.228 0.4000000060
21298  37.417  -62.532  -12.990 0.1000000015
21332  40.674  -62.028  -16.684 0.4000000060
21345  49.327  -62.016  -16.871 0.4000000060
21346  48.800  -62.595  -17.357 0.3000000119
21365  47.941  -62.989  -18.279 0.3000000119
21369  43.814  -62.896  -18.285 0.5000000000
21382  33.260  -62.588  -19.150 0.2000000030
21393  36.111  -62.101  -20.887 0.2000000030
21396  33.346  -62.585  -19.989 0.2000000030
21408  33.518  -62.737  -20.771 0.2000000030
21416  39.203  -62.227  -23.242 0.3000000119
21418  37.799  -62.570  -22.097 0.3000000119
21441  41.301  -62.776  -25.668 0.2000000030
21454  42.716  -62.843  -26.991 0.1000000015
22182  51.420  -61.610  -9.934 0.5000000000
22184  49.872  -62.100  -9.465 0.5000000000
22202  51.545  -61.451  -10.579 0.5000000000
22216  47.487  -61.584  -11.805 0.3000000119
22219  41.555  -61.360  -11.314 0.1000000015
22234  46.786  -61.539  -12.269 0.3000000119
22253  50.743  -61.319  -13.661 0.4000000060
22261  50.623  -61.159  -14.186 0.4000000060
22268  50.095  -61.167  -15.566 0.5000000000
22282  40.288  -61.133  -16.590 0.5000000000
22284  37.647  -62.099  -15.931 0.3000000119
22298  43.554  -61.579  -17.668 0.4000000060
22300  41.964  -61.154  -17.289 0.4000000060
22301  34.908  -61.186  -16.989 0.3000000119
22314  45.888  -62.192  -18.075 0.4000000060
22330  35.446  -61.174  -19.564 0.2000000030
22357  38.852  -61.031  -24.023 0.3000000119
23137  48.403  -60.556  -8.749 0.5000000000
23139  47.079  -59.979  -8.605 0.4000000060
23163  51.958  -60.611  -10.963 0.5000000000
23180  40.879  -60.185  -11.169 0.1000000015
23188  51.909  -59.885  -11.983 0.5000000000
23190  46.281  -60.859  -12.241 0.2000000030
23191  44.790  -60.308  -12.382 0.1000000015
23192  43.907  -60.512  -12.445 0.1000000015
23204  51.100  -60.266  -13.428 0.5000000000
23209  50.431  -60.433  -14.977 0.5000000000
23214  50.166  -60.835  -15.572 0.5000000000
23215  49.893  -60.893  -16.037 0.5000000000
23216  49.266  -60.807  -16.398 0.4000000060
23222  42.990  -60.280  -16.997 0.4000000060
23227  37.432  -60.454  -15.788 0.4000000060
23229  35.455  -60.958  -16.567 0.3000000119
23237  48.732  -61.374  -16.926 0.4000000060
23243  42.340  -60.407  -17.229 0.5000000000
23244  35.182  -60.581  -17.227 0.4000000060
23261  35.247  -60.372  -18.143 0.4000000060
23277  36.233  -60.472  -20.410 0.2000000030
23283  37.872  -61.349  -21.876 0.2000000030
23297  38.303  -60.864  -23.301 0.3000000119
23318  39.487  -60.543  -25.576 0.2000000030
23319  38.904  -60.102  -25.222 0.3000000119
23330  40.492  -60.562  -26.769 0.2000000030
24043  53.081  -58.903  -9.287 0.5000000000
24063  52.754  -59.488  -9.906 0.5000000000
24082  46.459  -59.850  -9.201 0.2000000030
24083  45.553  -59.171  -9.697 0.2000000030
24094  52.093  -59.329  -11.603 0.5000000000
24096  45.394  -59.533  -11.384 0.1000000015
24121  50.881  -59.795  -13.580 0.5000000000
24125  50.631  -60.069  -14.314 0.5000000000
24126  50.396  -59.792  -14.536 0.6000000238
24135  46.120  -59.426  -15.425 0.5000000000
24136  44.765  -59.827  -15.772 0.4000000060
24139  42.160  -59.196  -16.073 0.5000000000
24145  46.606  -60.028  -15.903 0.5000000000
24147  44.178  -60.195  -16.290 0.5000000000
24151  40.543  -59.418  -16.807 0.5000000000
24153  37.950  -58.920  -16.273 0.4000000060
24159  41.857  -59.810  -17.091 0.5000000000
24227  36.840  -59.447  -23.330 0.3000000119
24275  41.361  -59.437  -28.065 0.1000000015
24974  50.004  -58.580  -8.371 0.4000000060
24976  45.526  -58.882  -8.242 0.2000000030
25007  53.319  -58.170  -9.669 0.5000000000
25008  52.837  -58.555  -10.437 0.5000000000
25013  41.651  -58.112  -11.068 0.1000000015
25030  41.537  -58.877  -11.385 0.1000000015
25040  51.390  -59.228  -12.567 0.5000000000
25041  50.911  -58.934  -12.872 0.5000000000
25053  51.071  -59.478  -13.084 0.5000000000
25064  46.980  -58.238  -14.448 0.5000000000
25067  44.128  -58.384  -14.604 0.5000000000
25071  40.214  -58.045  -15.694 0.4000000060
25075  46.551  -58.822  -14.955 0.5000000000
25079  42.675  -58.900  -15.294 0.5000000000
25080  39.876  -58.116  -16.434 0.4000000060
25085  37.785  -58.034  -16.625 0.4000000060
25086  36.877  -57.966  -16.821 0.5000000000
25089  36.142  -58.076  -17.272 0.3000000119
25090  35.670  -58.140  -17.861 0.4000000060
25100  35.301  -58.064  -18.569 0.3000000119
25122  34.845  -58.477  -20.919 0.3000000119
25123  34.624  -57.981  -21.375 0.3000000119
25130  35.999  -58.994  -22.722 0.3000000119
25139  36.350  -58.467  -23.580 0.2000000030
25161  38.451  -58.114  -25.647 0.3000000119
25173  39.548  -58.110  -26.604 0.1000000015
25184  40.669  -58.055  -27.535 0.1000000015
25855  43.689  -57.529  -8.528 0.2000000030
25864  53.658  -57.787  -8.949 0.5000000000
25866  53.014  -57.428  -9.769 0.5000000000
25903  51.080  -58.135  -11.662 0.5000000000
25919  46.577  -57.177  -13.372 0.4000000060
25929  45.813  -57.114  -13.608 0.4000000060
25932  43.354  -57.203  -13.653 0.5000000000
25933  42.081  -57.084  -13.325 0.5000000000
25935  39.992  -57.581  -13.939 0.4000000060
25951  41.804  -57.846  -13.986 0.5000000000
25953  39.740  -57.722  -14.956 0.4000000060
25979  35.395  -57.405  -18.224 0.3000000119
25996  34.512  -57.392  -19.979 0.3000000119
26003  34.539  -57.745  -20.726 0.3000000119
26018  35.207  -57.474  -22.636 0.2000000030
26039  37.874  -57.553  -25.142 0.2000000030
26040  37.310  -57.431  -24.558 0.3000000119
26075  39.661  -57.115  -26.425 0.2000000030
26707  53.937  -55.942  -6.771 0.3000000119
26735  54.078  -56.294  -7.348 0.4000000060
26737  52.796  -56.704  -7.064 0.4000000060
26739  50.364  -56.743  -7.291 0.4000000060
26748  38.252  -56.342  -8.239 0.1000000015
26758  54.087  -56.680  -7.882 0.4000000060
26759  53.917  -56.536  -8.256 0.4000000060
26771  53.835  -57.126  -8.554 0.5000000000
26777  48.304  -56.288  -9.805 0.4000000060
26780  40.284  -56.591  -9.438 0.1000000015
26822  45.695  -56.363  -12.756 0.4000000060
26824  44.191  -56.026  -12.909 0.4000000060
26827  40.712  -56.502  -12.644 0.4000000060
26839  45.362  -56.617  -13.251 0.4000000060
26842  42.943  -56.608  -13.214 0.4000000060
26868  38.169  -57.085  -15.351 0.4000000060
26876  37.179  -56.802  -16.317 0.4000000060
26921  34.301  -56.430  -19.882 0.3000000119
26956  35.373  -56.541  -22.667 0.2000000030
26957  34.786  -56.267  -22.045 0.2000000030
26972  37.467  -56.169  -23.968 0.1000000015
26982  42.890  -56.116  -24.591 0.1000000015
26984  40.890  -55.717  -25.131 0.1000000015
26986  38.371  -56.286  -24.759 0.2000000030
27001  39.196  -56.765  -25.826 0.1000000015
27002  38.765  -56.517  -25.281 0.2000000030
27700  53.515  -54.831  -5.832 0.2000000030
27704  43.514  -55.653  -6.055 0.2000000030
27707  41.004  -55.386  -5.427 0.2000000030
27711  36.632  -55.621  -5.350 0.1000000015
27723  53.412  -55.485  -6.175 0.2000000030
27755  53.871  -55.604  -7.279 0.2000000030
27758  38.112  -55.885  -7.474 0.1000000015
27777  47.208  -55.005  -8.779 0.3000000119
27799  46.066  -55.145  -9.482 0.4000000060
27815  46.407  -55.906  -10.875 0.4000000060
27816  45.045  -55.078  -10.754 0.4000000060
27817  44.592  -54.950  -11.254 0.3000000119
27828  45.864  -55.863  -11.596 0.4000000060
27831  43.775  -54.954  -12.027 0.4000000060
27834  39.208  -55.196  -11.666 0.4000000060
27853  39.586  -55.889  -12.146 0.4000000060
27866  37.185  -55.734  -13.029 0.4000000060
27867  36.569  -55.213  -13.449 0.4000000060
27892  36.131  -55.717  -15.008 0.3000000119
27893  35.658  -55.181  -15.350 0.3000000119
27902  35.932  -55.845  -15.834 0.3000000119
27903  35.458  -55.193  -16.200 0.2000000030
27909  35.186  -55.196  -17.043 0.2000000030
27975  34.681  -55.723  -21.521 0.2000000030
27991  38.918  -54.966  -22.911 0.1000000015
27994  36.099  -55.736  -22.828 0.2000000030
27995  35.260  -55.722  -22.206 0.2000000030
28008  42.203  -55.782  -24.079 0.1000000015
28009  41.353  -55.450  -23.606 0.1000000015
28012  38.026  -55.644  -23.786 0.1000000015
28026  38.687  -55.668  -24.231 0.2000000030
28774  37.282  -54.250  -3.674 0.1000000015
28782  36.893  -54.639  -4.080 0.1000000015
28814  53.416  -54.028  -6.109 0.2000000030
28854  45.765  -54.312  -8.635 0.2000000030
28865  46.020  -54.814  -8.958 0.3000000119
28878  44.991  -54.818  -10.082 0.3000000119
28880  43.750  -54.221  -10.844 0.3000000119
28893  44.077  -54.657  -11.389 0.3000000119
28897  40.747  -54.558  -11.561 0.4000000060
28899  38.908  -54.405  -11.391 0.4000000060
28912  43.113  -54.719  -11.875 0.3000000119
28913  42.418  -54.806  -11.934 0.3000000119
28914  41.799  -55.211  -12.110 0.4000000060
28916  37.496  -54.519  -12.038 0.4000000060
28968  34.842  -54.493  -17.425 0.2000000030
28969  34.621  -54.534  -18.220 0.2000000030
29006  34.838  -54.390  -20.509 0.2000000030
29022  40.798  -54.392  -21.756 0.1000000015
29025  38.040  -54.125  -21.893 0.1000000015
29042  38.258  -54.721  -22.537 0.1000000015
29910  52.272  -53.250  -4.666 0.2000000030
29957  47.572  -53.734  -7.835 0.1000000015
29958  46.386  -53.841  -8.125 0.1000000015
29959  45.495  -53.609  -8.222 0.1000000015
29970  42.775  -53.143  -9.979 0.4000000060
30004  39.454  -53.766  -11.167 0.4000000060
30006  37.323  -53.554  -11.876 0.4000000060
30017  36.799  -53.468  -12.698 0.3000000119
30042  35.906  -53.799  -14.506 0.2000000030
30066  34.694  -53.890  -18.578 0.2000000030
30084  34.757  -53.869  -19.414 0.1000000015
30104  40.062  -53.093  -20.861 0.1000000015
30106  38.286  -52.960  -20.802 0.1000000015
30124  40.444  -53.737  -21.335 0.1000000015
30126  38.689  -53.553  -21.337 0.1000000015
30127  37.130  -53.655  -21.324 0.1000000015
30967  50.092  -52.877  -7.039 0.1000000015
30969  48.372  -52.533  -7.369 0.1000000015
30981  45.326  -52.722  -7.809 0.1000000015
30995  42.519  -52.512  -9.367 0.3000000119
30996  41.698  -52.201  -9.720 0.2000000030
31015  39.105  -52.357  -10.724 0.2000000030
31022  38.910  -53.117  -10.982 0.4000000060
31034  36.703  -52.845  -13.083 0.2000000030
31067  35.647  -52.693  -16.863 0.1000000015
31072  35.597  -52.628  -17.816 0.2000000030
31080  41.791  -52.005  -19.086 0.1000000015
31081  37.099  -51.845  -18.928 0.1000000015
31083  35.623  -52.759  -18.837 0.1000000015
31100  39.273  -51.903  -19.809 0.1000000015
31121  42.166  -52.836  -20.219 0.1000000015
31124  39.672  -52.451  -20.367 0.1000000015
31127  36.861  -52.576  -20.115 0.1000000015
31928  37.560  -51.960  -2.073 0.1000000015
31991  44.023  -51.567  -7.945 0.2000000030
31992  43.237  -51.787  -8.352 0.2000000030
31993  41.967  -50.766  -8.797 0.2000000030
32018  39.771  -51.370  -10.312 0.2000000030
32039  37.277  -51.812  -11.940 0.1000000015
32073  37.021  -51.799  -16.173 0.1000000015
32093  37.537  -51.511  -17.484 0.1000000015
32119  38.899  -51.548  -19.167 0.1000000015
32917  54.412  -51.102  -4.379 0.1000000015
32918  53.441  -51.029  -4.331 0.1000000015
32977  43.941  -50.580  -8.055 0.2000000030
32980  42.076  -49.911  -8.743 0.1000000015
33000  38.144  -50.993  -11.084 0.1000000015
33919  42.813  -49.729  -8.525 0.1000000015
33939  44.308  -49.013  -8.976 0.1000000015
34851  49.395  -48.610  -5.064 0.1000000015
127138  47.186  -65.275  -11.612 0.1000000015
127727  39.687  -62.172  -23.910 0.2000000030
127830  46.061  -50.664  -7.670 0.1000000015
128010  31.512  -69.943  -25.925 0.1000000015
128024  39.709  -67.027  -16.269 0.1000000015
128040  35.983  -71.772  -16.618 0.1000000015
128077  36.060  -59.550  -21.776 0.3000000119
128716  35.695  -61.702  -16.258 0.4000000060
129020  35.304  -62.909  -12.759 0.1000000015
129052  48.179  -57.836  -13.251 0.5000000000
129086  38.334  -57.706  -16.429 0.4000000060
129848  37.916  -63.569  -23.349 0.2000000030
130097  40.768  -55.178  -22.876 0.1000000015
130277  32.975  -75.091  -14.852 0.1000000015
130501  41.566  -56.879  -27.510 0.1000000015
130610  40.688  -64.731  -25.287 0.2000000030
131561  44.290  -68.489  -20.304 0.2000000030
131574  36.820  -56.054  -23.486 0.1000000015
132186  33.911  -68.618  -16.176 0.1000000015
132831  43.042  -59.197  -11.905 0.1000000015
132916  50.140  -62.623  -13.131 0.4000000060
133150  39.410  -63.359  -14.179 0.1000000015
133313  34.450  -55.030  -20.331 0.2000000030
133749  39.140  -71.486  -11.773 0.1000000015
134067  46.747  -55.449  -9.474 0.4000000060
134115  36.248  -59.565  -16.374 0.5000000000
134303  35.016  -53.377  -18.885 0.1000000015
136425  37.916  -65.045  -24.946 0.1000000015
136549  32.347  -69.125  -15.770 0.1000000015
136691  51.018  -61.171  -13.212 0.4000000060
136981  33.391  -63.311  -21.899 0.2000000030
137415  50.017  -55.871  -6.522 0.1000000015
137498  49.301  -59.689  -15.397 0.5000000000
137777  41.615  -62.666  -17.212 0.4000000060
138477  52.374  -58.857  -11.138 0.5000000000
138501  40.174  -67.458  -16.519 0.1000000015
138645  34.638  -63.387  -12.049 0.1000000015
139011  38.209  -55.432  -5.778 0.1000000015
139186  34.977  -58.473  -21.696 0.2000000030
139391  36.533  -52.309  -19.294 0.1000000015
140696  32.829  -63.169  -18.888 0.1000000015
140770  42.106  -54.143  -11.476 0.4000000060
141121  36.735  -63.659  -14.220 0.1000000015
141353  33.702  -62.955  -21.380 0.2000000030
141481  38.098  -53.261  -11.339 0.4000000060
141646  38.154  -51.161  -3.721 0.1000000015
141750  41.781  -52.414  -19.820 0.1000000015
142041  35.762  -61.655  -20.302 0.2000000030
142067  36.988  -63.414  -16.417 0.3000000119
142124  39.724  -59.293  -16.631 0.5000000000
142208  35.743  -60.117  -19.675 0.3000000119
143248  47.076  -54.256  -8.233 0.3000000119
143349  50.911  -60.053  -13.735 0.5000000000
143438  35.153  -54.582  -21.186 0.1000000015
143707  38.773  -77.493  -12.893 0.1000000015
143748  38.738  -62.044  -22.663 0.3000000119
143866  35.515  -70.367  -19.873 0.2000000030
144117  32.819  -67.287  -20.177 0.1000000015
144484  48.816  -58.807  -14.343 0.5000000000
144566  30.661  -72.989  -11.508 0.1000000015
144595  43.151  -52.461  -8.721 0.2000000030
144893  41.697  -61.893  -26.966 0.1000000015
144968  42.839  -58.478  -11.398 0.1000000015
145016  37.256  -61.156  -21.335 0.2000000030
145034  36.697  -56.154  -14.667 0.4000000060
145511  41.901  -57.297  -28.148 0.1000000015
145900  35.018  -57.436  -18.783 0.3000000119
145970  41.135  -62.403  -16.898 0.4000000060
146064  39.137  -56.465  -12.596 0.4000000060
146173  53.150  -53.998  -4.997 0.2000000030
146490  48.313  -54.075  -7.871 0.1000000015
146739  45.611  -67.658  -12.147 0.2000000030
146867  48.894  -58.333  -13.440 0.5000000000
146893  40.677  -71.586  -30.015 0.1000000015
147062  41.152  -53.450  -5.225 0.1000000015
147828  50.033  -61.363  -15.418 0.5000000000
147960  39.322  -57.097  -13.290 0.4000000060
148156  41.097  -57.999  -14.338 0.4000000060
148221  43.632  -57.791  -9.991 0.1000000015
148316  45.583  -55.080  -6.435 0.2000000030
148754  35.924  -62.199  -16.197 0.3000000119
148834  49.033  -52.461  -5.387 0.1000000015
149037  34.760  -54.062  -19.995 0.2000000030
149089  36.748  -61.005  -20.802 0.2000000030
149201  39.528  -70.049  -10.147 0.1000000015
149206  37.056  -56.465  -15.079 0.4000000060
149324  36.278  -61.619  -20.622 0.2000000030
149969  42.203  -62.380  -26.976 0.1000000015
150020  38.776  -54.531  -22.308 0.1000000015
150046  34.358  -67.709  -20.037 0.1000000015
150138  51.671  -59.934  -12.446 0.5000000000
150212  40.376  -64.293  -24.885 0.2000000030
150219  38.869  -62.418  -22.891 0.3000000119
150269  36.191  -57.087  -6.842 0.1000000015
150873  44.369  -60.561  -16.658 0.5000000000
151000  47.839  -64.077  -18.331 0.3000000119
151033  29.995  -71.906  -12.885 0.1000000015
151102  47.689  -62.381  -17.955 0.4000000060
151198  31.275  -69.283  -24.402 0.1000000015
151360  31.202  -68.956  -23.469 0.1000000015
151438  39.374  -63.444  -16.678 0.3000000119
151451  36.061  -72.320  -16.654 0.1000000015
151522  43.527  -56.112  -12.939 0.4000000060
151560  38.440  -59.839  -24.868 0.3000000119
151725  36.238  -55.522  -4.728 0.1000000015
151921  49.910  -53.733  -5.436 0.1000000015
151942  47.047  -56.245  -10.823 0.5000000000
151998  40.476  -55.928  -25.541 0.1000000015
152181  40.601  -62.644  -24.974 0.2000000030
152194  48.346  -57.747  -7.878 0.4000000060
152279  47.318  -65.141  -18.634 0.2000000030
152354  42.921  -58.007  -10.958 0.1000000015
152367  36.194  -53.847  -13.833 0.2000000030
152409  40.958  -63.019  -25.133 0.2000000030
152447  40.077  -62.628  -16.579 0.3000000119
