global_signal	global_signal_derivative1	global_signal_derivative1_power2	global_signal_power2	csf	csf_derivative1	csf_power2	csf_derivative1_power2	white_matter	white_matter_derivative1	white_matter_derivative1_power2	white_matter_power2	csf_wm	tcompcor	std_dvars	dvars	framewise_displacement	rmsd	t_comp_cor_00	t_comp_cor_01	t_comp_cor_02	t_comp_cor_03	c_comp_cor_00	c_comp_cor_01	c_comp_cor_02	c_comp_cor_03	c_comp_cor_04	c_comp_cor_05	w_comp_cor_00	w_comp_cor_01	w_comp_cor_02	w_comp_cor_03	w_comp_cor_04	w_comp_cor_05	w_comp_cor_06	w_comp_cor_07	w_comp_cor_08	w_comp_cor_09	a_comp_cor_00	a_comp_cor_01	a_comp_cor_02	a_comp_cor_03	a_comp_cor_04	a_comp_cor_05	a_comp_cor_06	a_comp_cor_07	a_comp_cor_08	a_comp_cor_09	a_comp_cor_10	edge_comp_00	edge_comp_01	edge_comp_02	edge_comp_03	edge_comp_04	edge_comp_05	edge_comp_06	edge_comp_07	edge_comp_08	edge_comp_09	edge_comp_10	edge_comp_11	edge_comp_12	edge_comp_13	edge_comp_14	edge_comp_15	edge_comp_16	edge_comp_17	edge_comp_18	edge_comp_19	edge_comp_20	edge_comp_21	edge_comp_22	edge_comp_23	cosine00	cosine01	trans_x	trans_x_derivative1	trans_x_power2	trans_x_derivative1_power2	trans_y	trans_y_derivative1	trans_y_power2	trans_y_derivative1_power2	trans_z	trans_z_derivative1	trans_z_derivative1_power2	trans_z_power2	rot_x	rot_x_derivative1	rot_x_derivative1_power2	rot_x_power2	rot_y	rot_y_derivative1	rot_y_power2	rot_y_derivative1_power2	rot_z	rot_z_derivative1	rot_z_power2	rot_z_derivative1_power2	motion_outlier00	motion_outlier01	motion_outlier02	motion_outlier03	motion_outlier04	motion_outlier05	motion_outlier06	motion_outlier07	motion_outlier08	motion_outlier09	motion_outlier10	motion_outlier11	motion_outlier12	motion_outlier13	motion_outlier14	motion_outlier15	motion_outlier16	motion_outlier17	motion_outlier18	motion_outlier19
821.4183446210053	n/a	n/a	674728.0968799127	893.413870969433	n/a	798188.3448405867	n/a	815.2726915338067	n/a	n/a	664669.5615607775	818.9633260510632	747.7441080733732	n/a	n/a	n/a	n/a	-0.0175188469	-0.0022308325	0.0600255378	0.0190465109	-0.0578793462	0.0281948055	-0.0793845789	0.0788169291	-0.0021371463	0.0299397151	-0.0423073808	0.0718201702	-0.0249357525	0.0415545962	-0.0224821165	0.0339815251	-0.1034215199	0.0475587111	-0.1107280445	0.1429322702	-0.0236931997	0.0922628949	0.0001424955	-0.0057375056	0.0584060979	-0.0575430852	0.0414769022	-0.1081725228	0.0747653078	0.1213507277	-0.0089898392	-0.0355080033	-0.0147494662	0.0277209736	-0.0576116915	0.012421231	-0.0503983276	0.1076845191	-0.0852609199	0.080878454	-0.0106440007	0.0356877165	-0.0198040179	0.0262629214	-0.0265991993	0.0849144618	-0.0679942615	0.0532782111	-0.0068380821	0.0349226133	-0.0457949545	0.0185872445	-0.1442936921	0.151727985	-0.0599282639	0.1561451084	0.1560591586	0.0160738807157798	n/a	0.0002583696412651	n/a	0.0397708801226741	n/a	0.0015817229057321	n/a	0.0842555314892621	n/a	n/a	0.007098994586538	-0.0002569998019808	n/a	n/a	6.604889821817042e-08	2.431743695296973e-11	n/a	5.913377399616577e-22	n/a	-1.7274068921145982e-11	n/a	2.9839345709250155e-22	n/a	0.0	0.0	0.0	0.0	0.0	0.0	0.0	0.0	0.0	0.0	0.0	0.0	0.0	0.0	0.0	0.0	0.0	0.0	0.0	0.0
818.7772085621691	-2.641136058836196	6.975599681284794	670396.1172608577	879.8144283177662	-13.599442651666775	774073.4282761178	184.9448404359735	815.4656274345484	0.1929359007417588	0.0372242617950338	664984.1895272217	817.8684658061262	725.9452982137191	0.950476	20.004177	0.058187847906683	0.0293519331092141	0.0326707579	-0.075290913	0.0159536462	-0.0492130555	0.0295480137	0.0255156869	0.0270403089	0.0127517387	0.0267743861	0.06238581	-0.0375716568	0.0101494016	-0.0514407138	0.0672995835	-0.023135227	0.141575046	-0.0165128627	0.1543158554	-0.0198568975	-0.0012662116	-0.0250626217	0.0183005868	0.063825681	-0.0732297524	0.071082136	-0.1313295724	-0.0306908979	-0.0575669142	0.0239928713	-0.1076680531	0.1185529025	-0.0167884185	-0.0265402131	0.0262711352	-0.0208973039	-0.0210791804	-0.0069145233	0.0810732085	-0.1699460876	0.088217873	0.0058276456	-0.015726294	-0.0257581657	0.0180010089	-0.0566196505	0.0249367867	-0.103814373	0.0217812685	0.0105706863	0.0235348195	-0.0099605027	0.0069414257	-0.0469265951	-0.0291363284	-0.0217533777	0.155915944	0.1551433414	0.0325780895195464	0.0165042088037665	0.0010613319167435	0.0002723889082383	0.0294306268862669	-0.0103402532364072	0.0008661617989186	0.000106920836993	0.1025472896638604	0.0182917581745983	0.0003345884171179	0.0105159466174036	-0.0003039999699464	-4.700016796559998e-05	2.209015788794611e-09	9.24159817274121e-08	-0.0002139998472145	-0.0002139998715319	4.5795934607829355e-08	4.579594501568552e-08	-3.25316147513138e-08	-3.2514340682392664e-08	1.058305958327898e-15	1.0571823500106941e-15	0.0	0.0	0.0	0.0	0.0	0.0	0.0	0.0	0.0	0.0	0.0	0.0	0.0	0.0	0.0	0.0	0.0	0.0	0.0	0.0
820.0049578071938	1.227749245024711	1.5073682086587477	672408.1308283777	879.9789425902571	0.1645142724909192	774362.9394022671	0.0270649458532164	814.8238192783313	-0.6418081562171665	0.4119177093868787	663937.8564633266	816.8727590888041	734.297231006451	0.973002	20.478256	0.0720711165970089	0.0519701987074059	0.0203675658	-0.0466281533	-0.01230295	0.1396354772	0.0674938341	0.1061343024	-0.0981204192	0.0633559868	0.0006240908	-0.0807363571	-0.060901209	0.0678157401	-0.0837772499	0.018524731	-0.0369776363	0.0537809442	-0.0402827239	0.0261581568	-0.0286845428	0.0281758147	-0.044616374	0.0836728635	0.0600416338	-0.02238381	0.0225125614	-0.0413550662	-0.0306771306	-0.0306677348	0.0361041222	-0.0086584846	0.0749734447	-0.0256950345	-0.0178423137	0.0447741259	-0.0792102102	0.0066824989	-0.0545584246	0.101717093	-0.0937038874	0.0601537285	0.0017607724	0.0587785517	0.0358623381	-0.0555657158	-0.2440393698	0.0312605707	-0.1138796434	0.0674902068	-0.0724056622	-0.0759928097	-0.030666157	0.1161540008	0.01970505	-0.1741509852	0.0398917027	0.1554579513	0.1533170814	0.0325785142114796	4.246919332040466e-07	0.0010613595882275	1.803632381285904e-13	0.080557920768399	0.0511272938821321	0.0064895785985276	0.0026140001797099	0.1030912966409829	0.0005440069771225	2.959435911579685e-07	0.0106278154431191	-0.0002080087900478	9.59911798986e-05	9.214306618325388e-09	4.326765673714974e-08	-9.198020506162584e-05	0.0001220196421528	8.46035812317874e-09	1.4888793071115469e-08	-0.0001900095304797	-0.0001899769988649	3.610362167311605e-08	3.6091260097732725e-08	0.0	0.0	0.0	0.0	0.0	0.0	0.0	0.0	0.0	0.0	0.0	0.0	0.0	0.0	0.0	0.0	0.0	0.0	0.0	0.0
821.1078160193523	1.1028582121584805	1.2162962361254	674218.0455280705	882.6838897517854	2.7049471615282528	779130.849227342	7.316739146659751	816.0087179119668	1.1848986336354983	1.4039847719912708	665870.2277083318	818.2500524261675	739.4976477357601	1.075815	22.642107	0.0859262877666311	0.0424349196353544	0.0034685896	0.0246141739	-0.013764823	-0.0131937824	0.0150161945	-0.0010709423	-0.0018993384	0.0270593884	-0.0921689616	-0.0115026688	-0.0285959571	0.0588620191	-0.0113065734	-0.0137943267	-0.0337481739	0.047969979	-0.0809487191	0.0240727542	0.0372677896	0.1786835599	-0.0270938613	0.0573847852	-0.0133077014	0.0414153379	0.0470962859	-0.047968408	-0.0001815389	-0.1131991147	-0.0149210117	0.1788467847	0.0334925963	-0.0124148525	-0.0313856489	0.0293258601	-0.0258114002	-0.0307355428	0.0068584611	0.0501382599	-0.0594454357	0.0824797093	-0.0618965998	0.0365220299	-0.0071702484	0.1249135514	-0.0094155808	0.0714742941	-0.0966363122	0.0358321948	-0.0084846193	0.1176844076	-0.0287341958	-0.0369480075	-0.0908924411	0.1661615708	0.0659941856	0.1547718027	0.1505910958	0.0325690803799432	-9.43383153639843e-06	0.0010607449967952	8.899717745714555e-11	0.0561202177727722	-0.0244377029956268	0.0031494788428633	0.0005972013277024	0.0720885427704587	-0.0310027538705242	0.0009611707475563	0.0051967579987682	-0.0003570634404393	-0.0001490546503915	2.2217288803332296e-08	1.2749430049834958e-07	-0.0002684150668859	-0.0001764348618242	7.204664813136217e-08	3.1129260466950726e-08	-0.0004740479596428	-0.0002840384291631	2.2472146804150175e-07	8.06778292414414e-08	0.0	0.0	0.0	0.0	0.0	0.0	0.0	0.0	0.0	0.0	0.0	0.0	0.0	0.0	0.0	0.0	0.0	0.0	0.0	0.0
822.7877664512253	1.6799504318729532	2.822233453550122	676979.708621796	883.0909123332954	0.4070225815099775	779849.559445652	0.1656673818590462	816.9567671357916	0.9480492238247962	0.8987973307947985	667418.359368964	817.0084931821385	737.8535306646323	0.994267	20.925808	0.1163947170046784	0.0707166174703496	-0.0334744095	0.0039812655	-0.0082189189	0.0797118035	-0.009324093	0.0735330792	0.0247717789	-0.0926588337	0.261173875	0.0430668559	-0.0157714938	-0.0454190958	0.0390540046	0.0512830149	-0.0640785628	0.0031451692	0.0544994172	-0.1040492811	-0.111335938	0.0311744179	-0.0159222238	-0.0280419253	-0.0331062278	-0.0992818808	0.0471896492	0.077522628	-0.0867908134	0.0975979986	0.2052747398	-0.0170842967	0.1475637791	-0.0212930398	-0.0247813078	0.0206692762	-0.0065573591	0.0227505332	0.0959323804	0.0114139884	-0.1813254422	0.0093221753	-0.125004325	-0.1980992969	-0.0084660843	0.0851711647	-0.1063885083	-0.0097733029	-0.1660562288	0.0292323677	-0.0212282532	0.0436527097	0.1212535984	0.0484937256	-0.0620597036	0.0047984046	0.107807287	0.1538585052	0.1469813818	0.0274624313657909	-0.0051066490141523	0.0007541851365207	2.607786415374268e-05	0.1161062860030028	0.0599860682302305	0.013480669649411	0.0035983283817218	0.0687517149395233	-0.0033368278309354	1.1134419973305077e-05	0.0047267983071254	-0.0008110000047833	-0.000453936564344	2.060584044484345e-07	6.577210077585126e-07	-0.0002370000556117	3.141501127420002e-05	5.6169026359948894e-08	9.869029333581142e-10	-9.609667379802949e-08	0.000473951862969	9.234570715044888e-15	2.2463036841178767e-07	0.0	0.0	0.0	0.0	0.0	0.0	0.0	0.0	0.0	0.0	0.0	0.0	0.0	0.0	0.0	0.0	0.0	0.0	0.0	0.0
824.2444984321215	1.4567319808962793	2.122068064165998	679378.9931956196	889.1812173106188	6.090304977323399	790643.2372179938	37.09181471681016	817.972638419505	1.015871283713409	1.0319944650735295	669079.2372029662	819.0957715678908	748.8555364283454	1.08955	22.931181	0.1687506882936093	0.1046183290701332	-0.0206144826	0.0271376503	-0.1135083667	0.0524019278	-0.0245656174	-0.0326262415	0.0354938244	0.0639777768	0.0619751344	0.0280023869	0.0274460151	0.0387686279	0.0746090884	-0.0732367951	-0.0362799944	0.0682127098	0.1305783469	-0.0619116407	-0.0566985508	0.1316812247	0.011037273	0.0184032354	-0.0941869713	0.0591366329	0.0350531085	0.021728038	-0.2027111056	0.1164779778	0.0850508438	0.0707613434	0.1617086988	-0.0118991766	-0.0260690463	0.0789763489	-0.0695885976	-0.0636787524	-0.0024985461	0.0313421315	-0.0944799849	0.0925802141	0.0530512226	0.0782444459	0.0618548219	0.0095386646	-0.1451927345	0.1761676267	-0.0416979864	0.0783472418	-0.1111431481	-0.0575681129	-0.0418954057	0.0158863044	0.0920725105	-0.2507577537	-0.0101076223	0.152719399	0.1425091225	0.0126431643334399	-0.014819267032351	0.0001598496043623	0.0002196106753761	0.0216298347837806	-0.0944764512192222	0.0004678497527736	0.008925799834978	0.0688087866185043	5.707167898100218e-05	3.257176541710566e-09	0.0047346491159108	-0.0003109808073585	0.0005000191974248	2.500191977933412e-07	9.67090625453445e-08	0.0001150525526225	0.0003520526082342	1.3237089864953132e-08	1.239410389645031e-07	-0.0003359822582759	-0.0003358861616021	1.1288407787617358e-07	1.1281951355579337e-07	0.0	0.0	0.0	0.0	0.0	0.0	0.0	0.0	0.0	0.0	0.0	0.0	0.0	0.0	0.0	0.0	0.0	0.0	0.0	0.0
826.2270921124772	1.9825936803556488	3.930677701386157	682651.2077406398	891.656501067928	2.4752837573092847	795051.3158967	6.12702967919917	818.600326709533	0.6276882900280043	0.39399258943828	670106.4948889541	821.8759506211285	765.0139623398841	1.117765	23.525007	0.0711816368910646	0.0456560631069277	-0.0625954124	0.1075004491	0.0052716477	0.0217030674	-0.0593309493	-0.0283407525	-0.0233012196	0.0949201675	-0.0581458778	-0.0768109839	0.0376921468	0.0121665866	0.0711918802	-0.0680142964	-0.1068058593	0.0270524728	-0.1228420046	0.0130481102	0.1041537091	0.0397946536	0.0279265106	0.0008864482	-0.0748262022	0.0810889942	0.0945043478	-0.0128397792	0.0936900147	-0.0215453566	-0.1146532967	0.0782673327	-0.0518432954	-0.0201518047	-0.0314945646	0.0595023875	-0.0744080853	0.0187618764	-0.0180780252	0.0463950693	0.0826413432	0.0058314197	-0.1007828235	0.0147160142	0.0546512401	0.1907518386	0.0731916544	0.0276941335	-0.0895754637	-0.0172032632	-0.0210745637	0.1719662692	-0.0195926753	0.1170389769	-0.1432826783	0.0206342452	-0.0024893554	0.1513561561	0.1372005631	0.0096217459268217	-0.0030214184066182	9.257799468030998e-05	9.128969187851266e-06	0.0573197982437818	0.0356899634600011	0.0032855592707078	0.0012737734917762	0.068693358209984	-0.0001154284085203	1.3323717493529653e-08	0.0047187774621651	-0.0008109789937011	-0.0004999981863426	2.499981863458893e-07	6.576869282244488e-07	0.0001710991942187	5.604664159620001e-05	2.9274934262288432e-08	3.1412260342128973e-09	-0.0002449305538962	9.10517043797e-05	5.999097623189932e-08	8.29041287044828e-09	0.0	0.0	0.0	0.0	0.0	0.0	0.0	0.0	0.0	0.0	0.0	0.0	0.0	0.0	0.0	0.0	0.0	0.0	0.0	0.0
826.5810396532106	0.3539475407334294	0.1252788615912426	683236.2151141826	891.9225383360694	0.2660372681413037	795525.8143918571	0.0707758280400879	818.6710253940539	0.0706986845209485	0.0049983039929926	670222.2478197516	821.5414324316223	755.6025307482406	0.981983	20.667278	0.1611785208843861	0.076783417275612	-0.0551226862	0.0932379789	-0.0396777778	-0.0341380527	-0.1029300029	-0.1133664594	0.0730133852	-0.0177793311	0.0042731793	0.0355966511	0.065943742	-0.0739079522	0.0082583373	-0.0231303726	-0.1097978599	-0.0185807673	0.027561641	0.0364789798	0.0369233981	-0.0007570438	0.0506966902	-0.091676156	-0.019932418	0.0197647407	0.0811250101	0.0488659894	-0.0368409009	-0.0048811862	-0.0549175436	0.0153152334	-0.0142729526	0.0036993585	-0.0727745193	0.0020405964	0.0134277172	-0.0130942834	0.0984094977	-0.0644436276	0.0114892482	-0.0228127906	0.0009139018	-0.0318089542	-0.1205231791	0.1967456079	0.1469337939	0.0690722721	-0.0121931013	-0.0251213825	-0.1244254375	0.0595341252	0.0457388635	-0.0290693384	0.0620210612	0.1240678344	-0.1676627005	0.1497707771	0.1310868562	0.0325386936003724	0.0229169476735506	0.0010587665812189	0.0005251864906722	0.0121039098529678	-0.045215888390814	0.0001465046337287	0.0020444765629705	0.0765277504706034	0.0078343922606193	6.13777020932531e-05	0.0058564965920909	-0.0017269982678744	-0.0009160192741733	8.390913106569793e-07	2.9825230172411776e-06	-0.0003729997475814	-0.0005440989418001	1.391288116957881e-07	2.9604365846798854e-07	-8.229186815579504e-07	0.0002441076352146	6.771951564570756e-13	5.9588537570084745e-08	0.0	0.0	0.0	0.0	0.0	0.0	0.0	0.0	0.0	0.0	0.0	0.0	0.0	0.0	0.0	0.0	0.0	0.0	0.0	0.0
824.9037180373031	-1.6773216159075446	2.8134078031906964	680466.1440317665	894.5667024390098	2.644164102940408	800249.5851126038	6.991603803278653	820.2229580825634	1.5519326885095095	2.408495069664355	672765.7009657106	822.474621001425	760.8882115636309	1.031636	21.712296	0.2064431621372488	0.0880642053318679	-0.0749595932	0.0374651816	-0.0160890602	-0.1473104736	-0.119206435	-0.0182515591	0.0602979197	-0.0286991973	-0.1217847794	0.1067696248	0.1438991552	-0.0312626974	0.0094681096	-0.061768205	0.0105545005	0.0552813817	0.0105150754	0.022604104	0.0289863206	-0.022827156	0.1338973375	-0.0643910258	0.0129821252	0.0548926196	-0.0177112757	-0.053497607	-0.0536584541	-0.0142767594	-0.03816435	-0.0063273912	0.0030521963	-0.023983134	-0.0549390476	-0.0679030494	-0.0111169097	-0.0740498996	0.0306167279	-0.010236393	0.1052406434	-0.0492609726	0.0214464793	0.0659858414	-0.1831926769	0.0978758836	0.0543226527	0.1531002609	0.0058567506	-0.0923428154	-0.0203222502	0.0782836175	0.0245231109	-0.1686135232	0.204365996	-0.1317221996	0.0646010225	0.1479655889	0.1242038795	0.0122453661088712	-0.0202933274915011	0.0001499489911402	0.0004118191406773	0.0579191289416201	0.0458152190886523	0.003354625497356	0.0020990343001412	0.0236773442756259	-0.0528504061949774	0.0027931654349741	0.0005606166319465	-0.0027340203812631	-0.0010070221133887	1.0140935368538435e-06	7.474867445162026e-06	0.0001251674097497	0.0004981671573311	1.566688046344929e-08	2.481705166433489e-07	0.000243671997841	0.0002444949165225	5.9376042531824315e-08	5.97777642053726e-08	0.0	0.0	0.0	0.0	0.0	0.0	0.0	0.0	0.0	0.0	0.0	0.0	0.0	0.0	0.0	0.0	0.0	0.0	0.0	0.0
823.7429808976578	-1.1607371396452209	1.347310707351769	678552.4985781591	886.7725538008052	-7.794148638204547	786365.562174402	60.74875299442579	819.4614007499781	-0.761557332585312	0.5799695708144555	671516.9873191162	822.4175465663349	756.0492337704561	1.007997	21.214777	0.1237431677724988	0.0672610701506188	-0.0361543801	0.0161391766	0.0377510233	-0.120867708	-0.0221634878	0.0481155033	0.009202539	-0.0677322221	-0.1482327163	0.0107455947	0.1125858456	-0.0140841163	-0.0650397615	-0.0508223954	0.0378260782	-0.0114151242	-0.1005982931	-0.0442020275	0.1108106949	0.1507785798	0.1197753686	-0.0382651763	0.0600012124	0.0802674205	-0.0008674547	-0.019323769	0.1368807874	-0.0062682875	-0.1042659581	0.180730955	-0.0264162239	-0.0300811119	-0.0238591158	-0.0658721632	-0.025220203	-0.0538843755	-0.0781249329	0.0895112326	0.1467389808	0.0479450471	-0.0230639015	0.1074741105	-0.0897736442	0.0703948856	0.173332371	0.0002855974	0.0857846512	-0.1182923583	0.1202293424	0.1085930558	0.0069468271	0.0361963637	-0.1017408151	0.0137754557	0.0803543355	0.1459432408	0.1165920251	0.0195249895457862	0.007279623436915	0.000381225216763	5.299291738328215e-05	0.0054885574283218	-0.0524305715132983	3.012426264398641e-05	0.002748964829211	0.023327139449492	-0.0003502048261339	1.226434202474756e-07	0.000544155434896	-0.0021130027288969	0.0006210176523661	3.8566292455042635e-07	4.464780532325746e-06	-0.0002829997084514	-0.0004081671182011	8.00888349835774e-08	1.6660039638059078e-07	-7.985915147330162e-07	-0.0002444705893557	6.377484074035732e-13	5.976586905993946e-08	0.0	0.0	0.0	0.0	0.0	0.0	0.0	0.0	0.0	0.0	0.0	0.0	0.0	0.0	0.0	0.0	0.0	0.0	0.0	0.0
818.1335389212973	-5.609441976360586	31.465839286156157	669342.4875078858	881.3291632529417	-5.443390547863487	776741.0940001304	29.630500656569552	816.4317888409904	-3.029611908987704	9.17854831908012	666560.8658300996	818.9738002444609	727.0794842786806	1.137187	23.933775	0.1686848961495478	0.0770428968830108	0.0266276652	-0.0926647329	0.0918453233	-0.1189360763	0.047307136	0.0663802878	0.0304231776	-0.1072512091	0.0584802508	0.1117031472	0.0088525974	-0.0095471057	-0.0811078706	0.1196221274	0.0483820768	0.1405423352	-0.0443378907	0.0359748939	-0.028637209	-0.0918860024	0.0181800994	0.0033859972	0.0984974242	-0.1173418582	0.048324289	-0.1321780186	-0.0167176758	-0.0117039806	0.0704422799	-0.0737100148	0.1099684847	-0.0197435118	-0.0298103362	-0.0683424665	-0.017539431	-0.0616458012	-0.0214328546	0.0775777784	-0.1121221162	0.0103205244	0.1653224062	-0.0276232281	-0.1346452145	-0.0220405268	0.0952015282	0.065794387	0.0194712366	-0.0365707783	0.0435920382	-0.0397540038	0.0062095736	-0.0933710456	0.046441822	0.0241840664	-0.175704171	0.1437067008	0.1082959623	0.0325161318864815	0.0129911423406953	0.001057298832859	0.0001687697793162	-0.0418995818791501	-0.0473881393074719	0.0017555749616476	0.0022456357470243	0.0774550420193378	0.0541279025698458	0.0029298298366107	0.0059992835342173	-0.0015259960892898	0.0005870066396071	3.445767949428199e-07	2.328664064527763e-06	-5.820700132663781e-05	0.0002247927071247	3.3880550034392156e-09	5.053176117647912e-08	0.0002709563003841	0.0002717548918988	7.341731671783863e-08	7.385072127094642e-08	0.0	0.0	0.0	0.0	0.0	0.0	0.0	0.0	0.0	0.0	0.0	0.0	0.0	0.0	0.0	0.0	0.0	0.0	0.0	0.0
820.7793930558786	2.645854134581328	7.000544101481105	673678.8120651764	876.908722766338	-4.420440486603752	768968.9080636902	19.540294095605617	816.2529965518565	-0.1787922891338667	0.0319666826537281	666268.9543798851	819.2914126824305	725.4595450601629	1.208358	25.431671	0.3651048422763031	0.1820209795241499	0.0394171247	-0.0828025939	0.0168073373	0.0807452848	0.1167629223	0.047820407	-0.0494100797	0.1314788174	-0.0567767806	-0.0531209099	-0.051990085	0.0657086807	0.0338633406	-0.0059439445	0.0061759989	-0.0116267884	0.0125365556	-0.1757355701	0.0446916785	-0.0440940904	-0.0446812787	0.0820197261	-0.0366502446	0.0107341424	0.016048013	0.0172576015	0.0725902943	0.1498094195	-0.0639960132	0.0370766549	-0.091757016	-0.015634159	-0.0164257705	-0.1105820091	0.0522380768	0.0949279251	-0.0918358382	-0.0626146501	0.2072624582	0.1441134019	-0.1064244369	0.0652131903	-0.0402684357	-0.0537962913	-0.2143410911	-0.0117581231	0.0053841291	-0.163184076	0.0216826936	-0.0827887641	0.1679725327	0.0595094965	0.0540077046	0.0395313596	0.0965608086	0.1412592515	0.0993643757	-0.0105840626692952	-0.0431001945557767	0.0001120223825875	0.0018576267707458	0.1090062035480059	0.150905785427156	0.0118823524119492	0.0227725560753868	0.0483862791026155	-0.0290687629167223	0.0008449929775086	0.0023412320053962	-0.0026592846825567	-0.0011332885932669	1.284343035628869e-06	7.071795022880689e-06	-0.0007695380720273	-0.0007113310707006	5.921888442994939e-07	5.059918921441504e-07	-0.0007250260231813	-0.0009959823235654	5.25662734290091e-07	9.919807888547333e-07	0.0	0.0	0.0	0.0	0.0	0.0	0.0	0.0	0.0	0.0	0.0	0.0	0.0	0.0	0.0	0.0	0.0	0.0	0.0	0.0
824.4115420483085	3.632148992429961	13.192506303209983	679654.39066247	890.164484784647	13.255762018309042	792392.809971916	175.71522668604462	817.3132903709841	1.060293819127537	1.1242229828800585	668001.0146170445	819.5240200225057	753.3639219136811	1.165478	24.529215	0.2838725287689432	0.1732445852505717	-0.0540502738	0.0001986118	0.0252992094	-0.0036366547	-0.049707143	-0.0354204622	-0.0444773284	-0.0658727512	-0.0875216311	-0.0215709184	0.0268192577	0.0166945876	0.0319469622	0.0663919012	0.0377037183	-0.2096422166	-0.0054489703	0.0298849843	-0.150415782	0.109842781	0.0302397702	0.01201019	-0.0271464577	-0.0477429738	-0.1120415559	0.0806306481	-0.0157435594	-0.2277447409	0.0121339248	0.0932092737	-0.2073587729	-0.0617598688	0.0478996092	-0.0451207326	0.1147730917	0.1432420681	-0.0677373702	-0.2672928731	0.2444264107	0.2528388533	0.1216324132	-0.1695585772	-0.2199840317	0.1126657724	-0.0525339525	-0.1094975947	-0.0526147831	0.1689987982	0.128308266	-0.2470447671	-0.0324991326	-0.0372769052	-0.2175009032	-0.0019817374	-0.0173765281	0.1386044847	0.0898496795	-0.0380571173628965	-0.0274730546936012	0.0014483441819732	0.0007547687341976	-0.0441664059437982	-0.1531726094918041	0.0019506714139923	0.0234618482985287	0.0160171969357776	-0.0323690821668379	0.0010477574803235	0.0002565505976794	-0.0018029963973559	0.0008562882852008	7.332296273721266e-07	3.2507960088783543e-06	-0.0007688433415304	6.947304969000343e-07	5.911200838156313e-07	4.826504633229686e-13	-0.0012851986558176	-0.0005601726326363	1.651735584915366e-06	3.137933783546832e-07	0.0	0.0	0.0	0.0	0.0	0.0	0.0	0.0	0.0	0.0	0.0	0.0	0.0	0.0	0.0	0.0	0.0	0.0	0.0	0.0
820.7433755611231	-3.668166487185431	13.455445377710303	673619.6885274667	885.2189163488845	-4.945568435762539	783612.5298618934	24.458647152810723	818.1613931548729	0.8481027838888622	0.7192783320400381	669388.0652491226	820.0703705463213	750.5498496899698	1.12735	23.726746	0.1822428628521264	0.0930341361353656	-0.0391934055	-0.0070083475	0.0677000418	-0.16388449	-0.0369966704	0.0178298931	0.0688177497	-0.1656870505	0.1260073609	0.0656832384	0.086195292	-0.060188894	-0.0872326128	0.0869244094	-0.005217311	-0.0763719999	0.1095559061	0.06833992	-0.1235098061	-0.0869864495	0.0866685288	-0.0662756379	0.1108390433	-0.0735455144	-0.0439256481	0.0467123636	-0.1065885874	-0.058345239	0.1089664542	-0.1304545869	0.0157995626	-0.0363863077	0.0251951464	-0.0399679101	0.0543984512	0.024925684	0.0402771766	-0.0573970266	-0.0195921822	0.0757043884	0.1260193828	-0.0747520337	-0.1111172543	-0.0874131508	0.0779198577	0.1746918877	0.1636995837	0.0787305221	0.0833783759	-0.1314665711	0.0283079391	-0.0331017268	0.0549672372	-0.069885445	-0.0809882546	0.1357462967	0.0798077096	-0.0216489043163363	0.0164082130465601	0.0004686750580978	0.0002692294553813	0.0047923823893825	0.0489587883331806	2.296692896606352e-05	0.0023969629550531	-0.016271681244433	-0.0322888781802106	0.0010425716541364	0.0002647676105204	-0.0015450372138818	0.000257959183474	6.654294033862435e-08	2.387139992279635e-06	-0.0004798912606516	0.0002889520808787	2.302956220497819e-07	8.349330504418854e-08	-0.000140370254327	0.0011448284014906	1.9703808299826665e-08	1.3106320688595223e-06	0.0	0.0	0.0	0.0	0.0	0.0	0.0	0.0	0.0	0.0	0.0	0.0	0.0	0.0	0.0	0.0	0.0	0.0	0.0	0.0
816.9981768778798	-3.745198683243302	14.026513176967365	667486.0210217794	881.3311220882861	-3.887794260598412	776744.5467613974	15.114944212741952	815.1364308903726	-3.0249622645003456	9.150396701651058	664447.4009646951	818.8622185833117	736.2267940151413	1.045823	22.01088	0.1441018368398523	0.0667794163137949	0.0185551627	-0.0865765043	0.1175886815	-0.0483827611	0.0360003837	0.111957223	0.0136679524	0.010811918	0.0100663116	0.050512492	-0.0337403743	0.0905222302	-0.1253896397	0.0459746618	0.0472722202	0.0214364463	-0.0172908703	0.0523489661	0.0773179437	-0.0495874684	-0.003218097	0.0868633679	0.1323587265	-0.022556605	-0.0137406208	-0.0787936425	0.0761341837	-0.0068565823	-0.0527068247	-0.0477625812	8.55071e-05	-0.0290499518	0.0474481374	-0.0490519176	-0.0199256054	-0.001745348	-0.1229518109	0.054293228	0.0056866873	0.0078882354	0.0141057606	0.0590114422	0.0198164481	-0.1245453586	0.0138082629	-0.0229832662	0.0528253988	-0.0129259118	-0.0082304249	0.0623016838	0.0322581761	0.020635632	0.0340892209	-0.0329157686	0.0345162477	0.1326888823	0.0692973963	-0.0039043335022483	0.017744570814088	1.5243820096778475e-05	0.0003148697933761	0.0329826931612871	0.0281903107719046	0.0010878580481716	0.0007946936214165	0.0277117985847468	0.0439834798291798	0.0019345464978838	0.0007679437808015	-0.0006040089992429	0.0009410282146389	8.855341007464758e-07	3.648268711664095e-07	-0.0004369879958026	4.2903264849e-05	1.909585084755732e-07	1.8406901347034382e-09	-4.063222532130223e-05	9.97380290056978e-05	1.650977734561074e-09	9.947674429941412e-09	0.0	0.0	0.0	0.0	0.0	0.0	0.0	0.0	0.0	0.0	0.0	0.0	0.0	0.0	0.0	0.0	0.0	0.0	0.0	0.0
816.684124054024	-0.3140528238558318	0.0986291761718221	666972.9584818884	878.1446009910911	-3.186521097194941	771137.9402498027	10.15391670286845	814.0464618125658	-1.0899690778068134	1.1880325905750353	662671.6419895571	816.5895391605452	718.7043850383382	1.015595	21.374695	0.0804382290538612	0.0484792102433769	0.0854255779	-0.1408654573	0.0270238342	0.1344258091	0.1262584916	0.0845919431	-0.1048669948	0.0371321753	-0.0234912732	-0.0705045688	-0.1125400407	0.0851494013	-0.0475823076	0.0885608789	0.0050278223	-0.0070919523	-0.071375365	-0.0554895069	-0.0274367086	-0.0923329503	-0.0905625766	0.1252983843	0.0473923949	-0.0679970153	0.0251954668	0.019147426	0.1065834845	0.0462645325	-0.0024829904	-0.0739385299	0.0496075903	-0.0155400101	0.0383974372	-0.0145959138	0.0256206262	-0.0253748715	-0.0358442462	0.0300870272	-0.1181383102	-0.0290978178	0.0587318874	-0.0065747646	0.0707363906	-0.1151243202	-0.0616191646	-0.2464187174	0.0742390542	-0.0268339694	0.041816656	-0.1068354091	0.0611942118	0.1072318326	-0.0652354767	-0.1366560279	0.009634	0.1294367287	0.0583804184	-0.0037862998273396	0.0001180336749087	1.4336066382511883e-05	1.3931948412452708e-08	0.0056908960103925	-0.0272917971508946	3.2386297401101275e-05	0.0007448421917255	0.0158506248773164	-0.0118611737074303	0.0001406874417178	0.0002512423090014	4.596424672045315e-05	0.0006499732459633	4.2246522046813756e-07	2.1127119765786883e-09	-0.0005110032354516	-7.401523964899995e-05	2.611243066420033e-07	5.478255700298893e-09	-0.0001399882301215	-9.935600480019776e-05	1.9596704572550043e-08	9.871615689856925e-09	0.0	0.0	0.0	0.0	0.0	0.0	0.0	0.0	0.0	0.0	0.0	0.0	0.0	0.0	0.0	0.0	0.0	0.0	0.0	0.0
817.6538307875857	0.9697067335616794	0.9403311491148618	668557.7870016138	876.2508857586632	-1.893715232427894	767815.6147928418	3.586157381529433	814.5983173498946	0.5518555373288336	0.3045445340804957	663570.4186292796	815.9946683045291	721.9835816046066	0.835109	17.576099	0.1219476461628886	0.0728624025512917	0.0554039423	-0.0880544487	0.0460655565	0.1251854351	0.0900108908	0.0697821552	-0.0249538215	0.0985217587	0.0361836703	0.0172130912	-0.1022325863	0.1510917155	0.0715506449	0.0052244425	0.0517580275	0.0425934813	0.0649375812	-0.0648304653	-0.0815319139	0.0357408938	-0.0884344658	0.1659539552	-0.0632890627	0.011279106	-0.0104749584	-0.0135002748	-0.0583456023	0.0766851209	0.1328805927	0.0297948536	0.0286097803	-0.0131406251	0.0363605772	-0.0066675215	-1.40822e-05	0.0278906029	-0.0286014321	0.0567099861	-0.1078735863	-0.068429165	-0.017607779	-0.0081035282	0.1031158711	-0.179301787	-0.0945797861	-0.1008975598	0.1188794804	-0.0865066222	0.0257926978	-0.0450389845	-0.0250990518	-0.0246060733	0.0794145679	0.0189047324	-0.0315525169	0.1259946088	0.0471208409	0.0001340003297087	0.0039203001570482	1.7956088362040305e-08	1.5368753321352922e-05	0.0699759429498385	0.064285046939446	0.004896632591719	0.0041325672600067	0.0280005488038881	0.0121499239265716	0.0001476206514214	0.0007840307333189	-0.0002049541433658	-0.0002509183900862	6.296003848347711e-08	4.20062008828089e-08	-0.0003400276115628	0.0001709756238887	1.156187766251024e-07	2.9232663964164385e-08	0.0002699652586999	0.0004099534888214	7.288124090490393e-08	1.6806186299683773e-07	0.0	0.0	0.0	0.0	0.0	0.0	0.0	0.0	0.0	0.0	0.0	0.0	0.0	0.0	0.0	0.0	0.0	0.0	0.0	0.0
822.4167187519073	4.762887964321635	22.68510176067989	676369.2592826538	883.4584797584206	7.207593999757364	780498.8854570596	51.94941126533836	817.8510721613852	3.252754811490604	10.580413863675275	668880.3762355273	818.9750778927576	726.2511293763961	0.937584	19.732841	0.1499144339594448	0.0687306569149938	0.0352607584	-0.0484199431	-0.008194743	0.1344510942	0.0175975836	-0.0059096673	-0.1004387928	0.1296835632	-0.1109656639	-0.1237412096	0.0004346299	0.0296772924	0.1446871148	-0.0069158922	0.0989536394	-0.0391724754	0.0292689176	0.0172253971	-0.0003542707	-0.0766131193	-0.0126798114	0.0364945968	-0.1511848436	0.012363809	-0.0973210444	-0.0329559671	0.0222180618	0.0024752699	-0.0608626971	-0.0111712157	-0.1470163598	-0.0078807931	0.0258420004	0.0388160734	-0.0235165621	-0.0322698561	-0.079072475	0.0078849174	0.0769518343	-0.1184071176	-0.0236776367	0.1042423695	0.1571778913	-0.0266179531	0.0499132429	-0.1045604038	0.0341668977	-0.0011462891	-0.0035511098	-0.0749605719	-0.1512196043	-0.0259193357	0.0305016142	0.0520953423	-0.1059697043	0.1223675745	0.0355847396	0.0104986137948088	0.0103646134651001	0.0001102208916125	0.0001074252122809	0.0167839459468979	-0.0531919970029406	0.0002817008415483	0.0028293885451608	0.003845278187839	-0.0241552706160491	0.0005834770985345	1.4786164341870384e-05	-0.000537989265285	-0.0003330351219192	1.1091239243173645e-07	2.8943244956189414e-07	0.0001080518325498	0.0004480794441126	1.1675198517370021e-08	2.0077518823625667e-07	-0.0001929712327754	-0.0004629364914752	3.723789667885761e-08	2.143101951394605e-07	0.0	0.0	0.0	0.0	0.0	0.0	0.0	0.0	0.0	0.0	0.0	0.0	0.0	0.0	0.0	0.0	0.0	0.0	0.0	0.0
827.2935295034235	4.8768107515162455	23.78328310610445	684414.583958232	890.6723653407184	7.213885582297848	793297.2623816303	52.040145194484765	819.9621020542102	2.111029892824945	4.4564472084004985	672337.848805159	822.6091205915113	757.5109064078202	0.982738	20.683165	0.1351298381981785	0.0613252528357599	-0.0472533021	0.0685197932	-0.0184880125	0.080385945	-0.0709207448	-0.051682929	-0.0037581599	0.1077925369	-0.0479383382	-0.0426604618	0.0980465502	0.0083322538	0.0534795869	-0.111001356	0.0503717107	-0.051628082	-0.077099906	-0.014055419	0.1148913351	-0.1137195268	0.0847117637	-0.0066760333	-0.0832885281	0.115779968	-0.0352285212	0.0388372156	0.1652356661	0.0470740325	-0.1129768509	-0.083113006	-0.1175079395	-0.021929468	0.0336405517	0.0290953244	0.0052198663	0.0219695613	0.0530193225	-0.0053139587	0.093970632	-0.1816129441	-0.087033903	-0.0377424079	0.1370677067	0.098386557	0.1694175434	-0.1584416881	0.0543560278	-0.155017889	0.0124293392	-0.0150779961	-0.0051823703	0.1762836096	-0.0208170428	0.0407911266	-0.1121916792	0.1185609488	0.023839813	4.5808001104319374e-05	-0.0104528057937044	2.098372965173325e-09	0.0001092611489609	0.0277312961492128	0.0109473502023149	0.0007690247861153	0.0001198444764521	-0.0482321724284275	-0.0520774506162665	0.0027120608626896	0.0023263424571655	-0.0012669942508	-0.0007290049855149	5.314482689057252e-07	1.6052744315602532e-06	-8.807274807365317e-05	-0.0001961245806234	7.756808953245179e-09	3.8464851124725386e-08	0.000114943832804	0.0003079150655794	1.3212084699673906e-08	9.48116876107662e-08	0.0	0.0	0.0	0.0	0.0	0.0	0.0	0.0	0.0	0.0	0.0	0.0	0.0	0.0	0.0	0.0	0.0	0.0	0.0	0.0
827.4539149066408	0.1603854032172194	0.02572347756515	684679.9812943263	899.3700372894849	8.69767194876647	808866.4639740895	75.64949732835912	820.7924441219716	0.8303420677614213	0.6894679494943127	673700.2363277199	823.526050256588	767.3998447260694	0.991217	20.861616	0.1214334889958792	0.0638782931960749	-0.0892254435	0.091232765	-0.033545176	-0.0775825647	-0.1753877863	-0.0646321146	0.0530508435	-0.1433348394	-0.0770424993	-0.0094307294	0.1330771545	-0.0731600895	0.0339736175	-0.0651526201	0.0599498449	-0.0716288551	0.0617770273	0.0367441136	0.0161922398	0.0555622315	0.1180407054	-0.1142549841	-0.0259152323	0.0628385732	-0.095781059	0.0577232832	-0.0644423873	-0.0265823761	-0.0371839733	0.0220192292	0.0305956719	-0.0204709424	0.0626060058	0.0563051512	0.0423463491	-0.0028972809	0.109737078	-0.0605866944	0.0027183533	-0.1165302022	-0.1125397981	-0.0683456448	0.0756505697	-0.0261132722	0.1900578656	-0.0497161565	0.0951318307	0.0129678341	0.0445595075	0.0131727459	-0.0674476038	-0.0745875032	0.04640424	0.1313765528	-0.0208046528	0.1145803187	0.0119549848	-0.0038583606112894	-0.0039041686123937	1.4886946606749513e-05	1.52425325540003e-05	0.0556428331475302	0.0279115369983173	0.0030961248806838	0.0007790538976084	-0.0723074322021233	-0.0240752597736957	0.0005796181331709	0.0052283647516646	-0.0004010215055701	0.0008659727452298	7.499087954810092e-07	1.6081824792970974e-07	-0.0002249615679814	-0.0001368888199077	5.0607707068650056e-08	1.8738549015735545e-08	-0.0001930450742878	-0.0003079889070918	3.7266400706782224e-08	9.485716689160145e-08	0.0	0.0	0.0	0.0	0.0	0.0	0.0	0.0	0.0	0.0	0.0	0.0	0.0	0.0	0.0	0.0	0.0	0.0	0.0	0.0
823.2620818711919	-4.191833035448894	17.571464197080694	677760.455446889	892.062725699021	-7.307311590463883	795775.9065815668	53.3968026801278	816.4514071003774	-4.341037021594161	18.844602422851107	666592.9001561862	819.9233033914039	750.1676385595298	1.078819	22.705336	0.151773287428314	0.0787391203113447	-0.011313948	0.0474154475	0.0330777549	0.0100008463	-0.069210565	-0.0570207242	-0.0378209317	0.0160909666	-0.1360886028	0.0189526404	-0.0208988601	0.0579541832	0.0005786545	-0.0248900004	0.0601149157	0.0008308079	-0.0233520638	0.1340201976	0.0820225094	-0.106784721	-0.0167028056	0.0506407962	-0.0038804464	0.0555702621	-0.0331431744	-0.0532792523	0.0368744963	-0.0856749064	-0.1348129579	-0.1230475439	0.0115013842	-0.0026063228	0.0391332484	0.0557390461	-0.0630915917	-0.0358828736	-0.1107195219	-0.0104513941	0.0760027135	-0.0772008634	-0.0148478803	0.1081413526	0.1373607715	-0.0847015075	0.1042142889	-0.0713322922	0.0569099832	0.0761634023	-0.1154348866	-0.0361358426	-0.1308765709	0.0184405926	0.0733182515	-0.0203393978	-0.1166751931	0.1104315261	-0.0	-0.0038249445254194	3.341608587e-05	1.463020062253584e-05	1.1166347948712134e-09	0.0105901576272913	-0.0450526755202389	0.0001121514385708	0.0020297435715319	-0.009794127098317	0.0625133051038062	0.0039079133150015	9.592492561798738e-05	-8.546741881212253e-05	0.0003155540867579	9.957438166966117e-08	7.3046796784067565e-09	0.0001860154259423	0.0004109769939237	3.4601738688495296e-08	1.68902089534561e-07	-0.0003499918079741	-0.0001569467336863	1.224942656489793e-07	2.4632277214798378e-08	0.0	0.0	0.0	0.0	0.0	0.0	0.0	0.0	0.0	0.0	0.0	0.0	0.0	0.0	0.0	0.0	0.0	0.0	0.0	0.0
823.3379777914903	0.0758959202984215	0.0057601907179443	677885.4256737806	893.1443956995303	1.0816700005092343	797706.911569479	1.170009990001647	815.5171959694852	-0.9342111308922084	0.8727504370828992	665068.2969219318	817.9740341887255	748.3986012751581	0.979103	20.606659	0.0701035837334833	0.0343507482230248	-0.0039356029	0.0212639841	-0.072482563	0.0643511536	-0.040060439	-0.0515697693	-0.0081431599	0.0261637369	0.0012928168	-0.0440327705	-0.0866576805	0.074626982	0.1236067707	-0.0246146183	0.0221157507	-0.0280038088	-0.0027168711	-0.0437259392	-0.0715828101	0.0364125317	-0.0811110949	0.0785212939	-0.1069018275	0.0274673125	-0.0082113976	0.0531422415	-0.0278909316	-0.0025705988	0.0676077397	0.0413384885	0.0607493335	0.0135013026	0.0363738147	0.077200179	0.027494265	-0.0177083328	0.0646033745	-0.0331320508	-0.0777497575	-0.0352356834	-0.0360532042	-0.0243653504	0.0803788806	-0.0177478515	0.0647282895	-0.1291117273	0.0838610181	-0.0557742904	0.0133898974	-0.0484204585	-0.043200567	0.0093489592	-0.031311316	0.0340251934	-0.0220879701	0.10612066	-0.0119549848	-0.0012588022523942	0.0025661422730252	1.5845831106327111e-06	6.58508616540694e-06	0.0037719660647894	-0.0068181915625019	1.4227727993922833e-05	4.64877361829721e-05	-0.0282385882216971	-0.0184444611233801	0.0003401981461318	0.0007974178647545	0.0002079795965011	0.0002934470153132	8.611115079623868e-08	4.325551256076037e-08	-0.0002090197291102	-0.0003950351550525	4.3689247157301394e-08	1.560527737273527e-07	-0.0001929782028483	0.0001570136051258	3.724058677455962e-08	2.465327219460066e-08	0.0	0.0	0.0	0.0	0.0	0.0	0.0	0.0	0.0	0.0	0.0	0.0	0.0	0.0	0.0	0.0	0.0	0.0	0.0	0.0
823.5213200363374	0.1833422448471537	0.0336143787455936	678187.3645543917	890.8825076986676	-2.2618880008626547	793671.6425234666	5.116137328446457	815.4033003389166	-0.1138956305686633	0.0129722146626334	664882.5422035974	817.70448798025	762.6013762544259	0.934928	19.676941	0.109049676821311	0.0870170940204644	-0.0409770262	0.0653225153	-0.0275289447	-0.0390579981	-0.0612483994	-0.0049194104	0.0166945852	-0.0479337695	0.008574284	-0.0586387196	-0.0738460291	0.0482644069	0.0325851254	0.0236458498	0.0322832661	-0.0036470343	-0.0560436053	0.0897985066	-0.0277549737	-0.0735393497	-0.0630573715	0.0617375581	-0.0285503416	-0.0332422677	-0.0127383684	-0.0206033205	0.0133117002	-0.0521459943	0.0632125087	-0.1314024309	0.1139040358	0.0077265123	0.0433767176	0.0874895829	-0.0216410539	0.0377150944	0.0260329039	0.0046442263	-0.0413841216	-0.0634623186	-0.0566282024	0.0172397967	0.0865414487	-0.1543519531	-0.0367433942	0.0219481127	0.033631876	0.0213711518	0.0017032801	0.0075072075	-0.1416993414	-0.1213822128	0.1373052216	-0.1589148406	-0.0517121001	0.1016540472	-0.023839813	-0.0038357542830738	-0.0025769520306796	1.4713010920119e-05	6.6406817684237136e-06	0.087834917677668	0.0840629516128786	0.0077149727634427	0.0070665798338691	-0.0317446206181699	-0.0035060323964727	1.2292263165116792e-05	0.0010077209381915	-0.0001700199044407	-0.0003779995009418	1.4288362271224986e-07	2.8906767906024763e-08	-0.00020898394037	3.5788740199979364e-08	4.3674287332571724e-08	1.2808339251016185e-15	-0.0001930177287919	-3.9525943600022884e-08	3.725584362798346e-08	1.5623002174721894e-15	0.0	0.0	0.0	0.0	0.0	0.0	0.0	0.0	0.0	0.0	0.0	0.0	0.0	0.0	0.0	0.0	0.0	0.0	0.0	0.0
822.894790258392	-0.6265297779453931	0.3925395626523036	677155.835834403	885.2405752170305	-5.641932481637127	783650.876010579	31.831402127352074	816.2757188604119	0.8724185214953195	0.7611140766480793	666306.0492010822	819.77202380966	748.1245377401904	0.988419	20.802731	0.0788292293448763	0.0441639993591526	0.0209377756	0.0567792523	-0.0783964072	0.1060484786	0.0417023466	-0.0575767348	-0.0340052158	0.064380036	0.0040309597	-0.0215960547	-0.0545616962	0.0091015898	0.0350469866	-0.0436869884	-0.0566719883	0.0235495751	-0.033499729	-0.0771959625	0.0749978146	0.0364113222	-0.061902995	0.0073017821	-0.034822501	0.0499254979	0.0738000493	0.0210908263	0.0384472987	0.0588520715	-0.037164418	0.0569372242	-0.0118462868	0.0389923951	0.0243682249	0.0718980238	-0.0152530711	0.0224920139	0.0526060882	-0.0133122196	-0.0625840931	0.0047297506	-0.0746864677	-0.0804150785	0.1326121554	-0.0520504328	0.0339899109	-0.1660616931	0.1071258443	-0.0691126332	-0.031706605	-0.0415091705	0.0298506826	0.1534117671	0.003154146	0.1675645012	0.0705362232	0.0970382431	-0.0355847396	-0.0038409790432183	-5.22476014450015e-06	1.4753120010442169e-05	2.7298118567557228e-11	0.0546626161517309	-0.0331723015259371	0.0029880016045514	0.0011004015885276	-0.0035958454497801	0.0281487751683898	0.0007923535434805	1.293010449870425e-05	0.0001039879034545	0.0002740078078952	7.508027878753285e-08	1.0813484064862414e-08	-0.00020900619268	-2.2252309999981143e-08	4.3683588578589284e-08	4.951653003352609e-16	-0.000116989231189	7.60284976029e-05	1.3686480214193293e-08	5.780332447754172e-09	0.0	0.0	0.0	0.0	0.0	0.0	0.0	0.0	0.0	0.0	0.0	0.0	0.0	0.0	0.0	0.0	0.0	0.0	0.0	0.0
827.4306720715297	4.535881813137621	20.574223822752632	684641.5170847432	888.9359700021569	3.695394785126382	790207.1587636755	13.655942617939258	820.5238696323352	4.248150771923292	18.046784980992463	673259.4206364213	821.9271497359987	755.630211975673	1.118611	23.542816	0.2382996390770308	0.1424230365170697	-0.0706694496	0.0430049714	-0.0436007835	0.1224375518	-0.0575990159	0.0090934068	0.0547954833	0.001877838	0.2081105261	-0.1125179261	0.0886605526	-0.0803221882	0.0969877541	-0.035685795	0.0133622271	-0.0965385456	0.0989357935	-0.1603171104	0.0473690561	-0.0682939262	0.0723761455	-0.0929012635	-0.095312029	-0.0072427139	-0.0952908993	0.1542972138	-0.0232480597	0.213772323	0.1032242715	-0.0203863025	0.0438991862	-0.0081149548	0.0817632872	0.0354882611	0.0654531101	0.0229627106	0.1780974786	-0.0673127409	0.0442367273	-0.1603359506	-0.2159699442	-0.1701434001	0.0194435625	-0.0564923612	-0.0481248965	0.0142425895	-0.0935716362	-0.0883839761	-0.0611445428	0.0623593476	-0.0138368439	-0.1189329152	0.0209601935	0.1439831319	0.2447776081	0.092280022	-0.0471208409	-0.0017341030004445	0.0021068760427738	3.0071132161506173e-06	4.438926659614186e-06	0.1362942051499089	0.0816315889981779	0.0185761103574454	0.0066637163223674	-0.1224996877960791	-0.118903842346299	0.0141381237247135	0.0150061735101368	-0.0003380407579212	-0.0004420286613757	1.953893374775933e-07	1.1427155401593935e-07	-0.0002089339661501	7.222652990000375e-08	4.3653402211211136e-08	5.2166716213961364e-15	-0.000388034977079	-0.0002710457458899	1.5057114343670006e-07	7.346579636506644e-08	0.0	0.0	0.0	0.0	0.0	0.0	0.0	0.0	0.0	0.0	0.0	0.0	0.0	0.0	0.0	0.0	0.0	0.0	0.0	0.0
830.3668708249825	2.9361987534528	8.621263119777776	689509.1401636731	895.8402426315963	6.904272629439447	802529.7403182373	47.668980541626695	821.2770408887542	0.7531712564190229	0.5672669414958096	674495.9778909885	823.8195881007873	774.0853824786694	1.142676	24.049307	0.1211088092595533	0.0957890118650622	-0.0955369316	0.1171442165	-0.0840764809	0.0403570518	-0.0861744426	-0.1168623142	0.0576750491	-0.0407489867	-0.0091378866	-0.1795275956	0.1136937533	-0.0694569828	0.1345569213	-0.1391637697	0.005467869	-0.0575243023	-0.0014712999	-0.0165731042	0.1757426522	-0.1963172549	0.0905952038	-0.0926476836	-0.1403496081	0.1142668695	-0.0537818369	0.085378384	0.0944597587	0.093463656	-0.151161625	-0.1396990031	-0.1416284498	0.007159348	0.0496210366	0.0827383693	0.0208860021	-0.0003538942	0.0321729715	-0.0291180427	0.2589039588	-0.1766238106	-0.1122519494	0.1336532287	0.068842684	-0.0131462741	0.0681864103	-0.0068739473	-0.0133204232	0.1105346426	0.0135383201	-0.0989971168	-0.1291380939	0.0831888934	-0.0177972943	-0.2292554495	0.1786849889	0.0873863672	-0.0583804184	0.0042314686574513	0.0059655716578958	1.7905326998992712e-05	3.558804520548965e-05	0.0416498747232196	-0.0946443304266893	0.0017347120644598	0.0089575492819163	-0.1224576448253458	4.204297073330532e-05	1.7676113880815674e-09	0.0149958747761705	-0.0005780578958129	-0.0002400171378917	5.7608226481723335e-08	3.341509309116375e-07	-0.0002088388819163	9.50842337999803e-08	4.3613678600050295e-08	9.041011517329316e-15	-0.0005570600390382	-0.0001690250619592	3.1031588709324096e-07	2.8569471570311413e-08	0.0	0.0	0.0	0.0	0.0	0.0	0.0	0.0	0.0	0.0	0.0	0.0	0.0	0.0	0.0	0.0	0.0	0.0	0.0	0.0
825.6408548185541	-4.726016006428381	22.33522729301726	681682.8211455127	898.6558823848794	2.815639753283108	807582.3949449463	7.927827220268161	819.1992297226124	-2.077811166141828	4.317299242143663	671087.3779781214	822.2958188973081	782.9625184865571	1.42536	29.998802	0.1666499681179102	0.084445500380498	-0.1174724367	0.1223820178	0.0159495169	-0.1655141954	-0.1622477503	-0.0842575752	0.0942503687	-0.2859509849	-0.0611318071	0.163948701	0.1004052407	-0.0794635388	-0.1106256696	0.0026530442	0.0435665243	-0.1720719174	0.1176507119	0.1041069555	-0.0791862233	-0.0375795531	0.0973414334	-0.1183947008	0.1067412791	-0.0019064495	-0.119270986	0.1427234025	-0.1047906734	-0.0965176047	0.0191351279	-0.1177887488	0.0766511692	-0.0040072743	0.0853467351	0.0474651989	0.0599485453	0.0197744996	0.1084082285	-0.1153196013	-0.1634005917	-0.0753190537	0.016042128	-0.2995258225	-0.0920430793	-0.1312485823	0.2347990169	0.0099855252	0.123079404	0.0479433973	-0.0045780216	-0.0476599073	0.0422789809	-0.1419921694	0.105261003	0.0334523681	0.0013454433	0.0823644609	-0.0692973963	-0.0011895646466371	-0.0054210333040884	1.4150640485288484e-06	2.9387602084035604e-05	-0.0264792010995194	-0.068129075822739	0.0007011480908687	0.0046415709724605	-0.0795050184709253	0.0429526263544205	0.0018449281107424	0.0063210479620621	-1.7012680610854018e-05	0.000561045215202	3.147717335011101e-07	2.8943130156692824e-10	-0.0001309981869139	7.78406950024e-05	1.716052497472908e-08	6.059173798456661e-09	-0.0001930012965094	0.0003640587425288	3.7249500454309336e-08	1.3253876801165112e-07	0.0	0.0	0.0	0.0	0.0	0.0	0.0	0.0	0.0	0.0	0.0	0.0	0.0	0.0	0.0	0.0	0.0	0.0	0.0	0.0
820.6112007114623	-5.029654107091801	25.297420436985423	673402.7427331079	879.5965451667645	-19.059337218114933	773690.0822693079	363.2583351938211	820.7982472623332	1.599017539720876	2.556857092335003	673709.7627089183	823.0672821073523	742.1741638115108	1.390743	29.270245	0.2589628593733069	0.1719497941367869	0.0483601494	-0.060574617	-0.0718315946	-0.1682163299	0.0597074897	-0.0335600938	0.0698818207	-0.0836500372	0.1206719484	0.1411475288	0.1291440491	-0.1534267631	-0.1259863263	-0.0920819981	-0.0670994357	-0.0214571376	0.1788712198	-0.1213001432	0.0382327038	-0.0613498906	0.1099838036	-0.2002412528	0.1310196598	0.0379893268	0.0033361651	0.1446676028	-0.1223167574	0.2031126933	0.0607166914	-0.0491893522	0.0841001198	0.0530479008	0.0150930233	-0.0707534901	0.1092300144	-0.0209373791	0.1589880884	-0.0713154261	-0.0453548597	-0.0436443109	-0.114055049	-0.0183566663	-0.0489383957	-0.1138088037	-0.1008546397	0.0846766686	0.1132208846	-0.0127450566	0.0091361413	0.1038177176	0.1269339343	-0.1425772024	0.229075887	-0.1081633994	0.1761008689	0.0772216734	-0.0798077096	-0.0038245027646155	-0.0026349381179784	1.46268213965516e-05	6.942898885575552e-06	0.1191819578104258	0.1456611589099452	0.0142043390675261	0.0212171732149883	-0.0791395527660228	0.0003654657049024	1.3356518145987598e-07	0.0062630688120061	-0.001578005293914	-0.0015609926133031	2.4366979387869853e-06	2.49010070762061e-06	-0.0005899950690908	-0.0004589968821769	3.4809418155145785e-07	2.10678137848115e-07	-6.9648591798305085e-06	0.0001860364373295	4.8509263394869306e-11	3.4609556014278846e-08	0.0	0.0	0.0	0.0	0.0	0.0	0.0	0.0	0.0	0.0	0.0	0.0	0.0	0.0	0.0	0.0	0.0	0.0	0.0	0.0
821.1587721339853	0.5475714225229922	0.2998344627638532	674301.7290525944	890.2373097893651	10.640764622600614	792522.467741006	113.22587175358878	817.5479734613655	-3.2502738009677614	10.56427978125742	668384.6889107856	821.2218889917518	750.9395114823346	1.488989	31.337969	0.2520580015489098	0.1582241906649256	-0.0206874101	-0.0068126655	0.1181610839	0.0824275511	-0.0093707842	0.1240230519	0.0119954432	0.128933994	-0.0027543066	-0.0853018732	0.0290023866	0.0876151863	-0.0716983624	0.0313179397	0.1620925002	-0.0551499922	0.0632134941	-0.0311044605	0.1538982524	-0.1033233211	0.0449281433	0.0767950208	0.0777423165	0.0091476411	-0.1708649653	-0.0249626817	0.1148965235	0.0831280023	-0.1135234443	-0.0626700281	-0.099326076	-0.0273579366	0.1029440656	-0.0700833345	-0.0325626837	-0.0219045063	-0.1544695702	0.0611458772	0.1509807876	-0.1152419422	0.0971743323	0.0963943989	-0.0240647113	-0.2331549473	0.0389153343	0.1050019274	0.0969781261	-0.0452928288	-0.1201685729	-0.0136379277	-0.0420267814	0.0819576161	0.061315266	0.1832546339	0.0298899133	0.0719655524	-0.0898496795	0.0152741485493379	0.0190986513139534	0.0002332996139072	0.0003647584820119	-0.0238538842931603	-0.1430358421035861	0.0005690077958714	0.020459252126282	-0.0813136004079666	-0.0021740476419438	4.726483149441406e-06	0.0066119016113064	-0.0007200105107064	0.0008579947832076	7.361550480114567e-07	5.18415135527691e-07	0.0001979631312183	0.0007879582003091	3.9189401321753876e-08	6.208781254343558e-07	0.000102071367092	0.0001090362262718	1.0418563980029822e-08	1.1888898639601825e-08	0.0	0.0	0.0	0.0	0.0	0.0	0.0	0.0	0.0	0.0	0.0	0.0	0.0	0.0	0.0	0.0	0.0	0.0	0.0	0.0
813.1252052012534	-8.033566932731901	64.53819766268344	661172.5993335805	875.1751907442246	-15.062119045140548	765931.6144941899	226.8674301299856	813.4840932267435	-4.063880234621934	16.51512256135082	661756.3699329372	817.109303096353	703.2228028179285	2.501069	52.638699	0.5941182615284989	0.3899342419851784	0.2164856845	-0.1895777668	-0.2548132394	-0.0925732942	0.2616200756	-0.2019204248	-0.1513529714	-0.1358483001	-0.0105389101	-0.0354444798	-0.2463248725	-0.2250956377	-0.0219596506	0.0197947135	-0.1520130161	0.0130064025	0.1386862015	-0.0759910311	0.1287380892	0.0070471818	-0.254432736	-0.1687195039	0.0677294426	-0.0642934247	0.1433068544	0.044292746	-0.0620463904	0.0612546162	-0.2147065072	0.0511115607	-0.2117351023	0.2329059223	-0.133812319	-0.1101330886	0.1298624623	-0.1840807194	0.091309465	-0.1342941237	-0.0726722446	0.1166253425	0.0110086755	0.0978497162	0.1614036233	0.1189002386	-0.0718247187	-0.4184152186	-0.1408100005	0.2042868567	0.0458904239	-0.0230028727	-0.0096688687	-0.0936577133	0.0871153775	-0.1155977097	0.0591096879	0.066603812	-0.0993643757	0.0674250637060112	0.0521509151566733	0.0045461392157596	0.0027197179516785	0.1053140451282388	0.1291679294213991	0.0110910481012727	0.0166843539910115	0.271239098539425	0.3525526989473916	0.1242934055350901	0.0735706485764799	-0.0013889803549924	-0.000668969844286	4.4752065256403517e-07	1.9292664265548136e-06	-0.0001686890107812	-0.0003666521419995	2.8455982358339814e-08	1.3443379323282153e-07	0.0002713837408672	0.0001693123737752	7.364913480707555e-08	2.8666679913393034e-08	1.0	0.0	0.0	0.0	0.0	0.0	0.0	0.0	0.0	0.0	0.0	0.0	0.0	0.0	0.0	0.0	0.0	0.0	0.0	0.0
811.1145412423134	-2.010663958939972	4.042769555780161	657906.7990147285	858.7705548058258	-16.40463593839877	737486.8658015059	269.11208027140447	811.289619960142	-2.1944732666015625	4.815712917828932	658190.8474550716	813.4712273723742	700.0257114841866	1.978556	41.641632	0.3185216697205323	0.2491231138801612	0.3135437603	0.0535282308	-0.0813282528	-0.2660117045	0.3331583872	-0.1311394419	0.2987958624	-0.035938615	0.3190514752	0.1974255861	-0.3461113126	-0.5000345501	-0.107388599	0.2445852525	-0.3264403615	-0.1833715281	-0.1426663351	-0.1320210582	0.0109025164	0.0451194028	-0.3712970514	-0.3707184125	0.1448140058	-0.3666983772	0.247439833	0.3013857546	0.1337855457	-0.0628643016	0.0198201395	0.1516027677	-0.0681803021	0.2855010295	-0.2050918934	-0.1679310601	0.1561765228	0.1247446546	0.3292132266	0.0609430106	0.0512396121	0.2114183775	0.1748186889	0.2902862537	0.0887889532	0.0017150809	0.0455087483	0.0115891474	0.0518135193	0.0675039046	-0.0527454501	0.0785528522	-0.1825588066	0.0195262967	0.1403450285	0.1775601334	-0.0792250254	0.0611443214	-0.1082959623	0.0560736127297616	-0.0113514509762496	0.0031442500445672	0.0001288554392661	0.1270681781528679	0.021754133024629	0.0161463218990889	0.0004732423036532	0.2591256174409864	-0.0121134810984386	0.0001467364243222	0.0671460856141724	-0.006166093557625	-0.0047771132026326	2.2820810550766695e-05	3.802070976138453e-05	0.0004708197622644	0.0006395087730456	2.2167124853870615e-07	4.089714708022887e-07	0.0002219536241211	-4.9430116746099976e-05	4.9263411260490555e-08	2.443336441533073e-09	0.0	1.0	0.0	0.0	0.0	0.0	0.0	0.0	0.0	0.0	0.0	0.0	0.0	0.0	0.0	0.0	0.0	0.0	0.0	0.0
816.2477015748813	5.133160332567854	26.349334999848125	666260.3103262765	882.1260696130296	23.355514807203804	778146.4026909316	545.4800719095161	815.6009241597036	4.311304199561619	18.58734390115765	665204.8674901626	818.8700891582342	746.3490261064184	2.774816	58.400108	0.8014788252009191	0.446345184962184	-0.007918344	-0.0164171657	0.2275352606	-0.006094403	0.0691807039	0.1966745151	0.0436205065	-0.0629870993	0.1821587778	-0.0195934653	-0.0330013537	-0.0402076077	-0.1509705303	0.1595461017	0.1884043456	-0.0334111402	-0.0568498763	0.1122131003	-0.0514327102	0.0481817623	-0.0137601565	-0.0157635643	0.161986669	-0.1662501073	-0.2149549385	-0.1446314543	0.0551469448	-0.1708412101	-0.0171361072	0.0582853985	-0.1022373702	-0.0053546091	0.0697036667	-0.1042144632	-0.0543585066	-0.003228732	-0.2321582548	0.0114891271	-0.0168266957	-0.1051359701	0.2946241217	-0.1460119477	-0.0609133688	-0.0799978851	0.0931486277	0.007146157	-0.0839177229	-0.0208194309	0.0486854777	0.0065746117	0.0573593831	0.0500264359	-0.0902643462	-0.0053223576	0.0480460144	0.055595093	-0.1165920251	0.0106445299801833	-0.0454290827495783	0.000113306018499	0.002063801559468	-0.1138327071156624	-0.2409008852685303	0.0129578852092801	0.0580332365231615	0.0188179472710459	-0.2403076701699404	0.0577477763425049	0.0003541151394958	-0.0017540168328218	0.0044120767248032	1.9466421025550134e-05	3.076575049822218e-06	-0.0001808145465413	-0.0006516343088057	3.2693900240935944e-08	4.2462727241268246e-07	-0.0002111590825274	-0.0004331127066485	4.458815813381333e-08	1.8758661666038962e-07	0.0	0.0	1.0	0.0	0.0	0.0	0.0	0.0	0.0	0.0	0.0	0.0	0.0	0.0	0.0	0.0	0.0	0.0	0.0	0.0
813.0372172165615	-3.210484358319718	10.307209815015572	661029.5165792502	873.1540415945228	-8.972028018506762	762397.9803528497	80.49728676487038	815.4212263300178	-0.1796978296857787	0.0322913099937791	664911.7763495501	817.8811242944633	708.8060639893345	1.633566	34.380814	0.161353639834353	0.108698151893182	0.1824636945	-0.1170154035	0.0017740946	-0.0876476349	0.2042294019	0.0116295637	-0.011431692	-0.0068640189	-0.0142607386	0.1463798353	-0.0494392892	-0.0198735325	-0.1417417353	0.0452059651	0.0415152364	0.1379798676	0.0923653382	-0.0069637085	-0.0781524794	-0.0810972941	-0.0432672635	0.0001508835	0.1550182247	-0.029186807	-0.0171262251	-0.0923058628	-0.0453617408	0.0992384337	0.1038115526	-0.0519779418	-0.0513244744	0.0933901822	-0.0477213842	-0.1222325738	0.0985526926	-0.0094875658	0.0488807759	-0.0471577986	-0.1176611831	-0.0107480014	0.219209312	-0.0010307789	-0.0540790801	-0.0109666242	-0.0864841728	0.0567026257	0.1114683401	0.0385242107	0.0151554336	-0.0251635684	0.0825769186	-0.1409815451	-0.0562138807	0.0451363137	-0.1886806641	0.0499642712	-0.1242038795	0.0106623166923753	1.778671219199862e-05	0.0001136849972485	3.1636713060099236e-10	-0.0086196482532301	0.1052130588624323	7.429833600941273e-05	0.0110697877551896	0.0352341522171144	0.0164162049460685	0.0002694917848313	0.0012414454824587	-0.0012869959300176	0.0004670209028041	2.1810852365605002e-07	1.656358523881867e-06	7.4089265214905e-05	0.0002549038117562	5.489219220084532e-09	6.497595324784282e-08	-0.0001389520108146	7.22070717128e-05	1.9307661309420716e-08	5.2138612053374425e-09	0.0	0.0	0.0	1.0	0.0	0.0	0.0	0.0	0.0	0.0	0.0	0.0	0.0	0.0	0.0	0.0	0.0	0.0	0.0	0.0
816.6071092058473	3.569891989285793	12.744128815166876	666847.1708055306	882.6234568964484	9.469415301925553	779024.1666638367	89.66982616034177	817.5647997052482	2.143573375230403	4.594906814996663	668412.2017170826	818.6877288675353	711.0897879266653	1.343015	28.265743	0.2131648167857702	0.1376169283912599	0.1208918662	-0.0976759869	0.1251942333	0.064058203	0.1114921052	0.0875328037	-0.0852240144	0.1517795264	-0.1094515214	-0.0416046053	0.0059191291	0.0152054738	-0.0382345322	-0.0166159503	0.0917053735	0.0857358832	-0.0176242053	-0.0073830993	-0.0270515392	-0.089283346	-0.0061181742	0.0263597694	0.0380661421	0.0172930857	-0.083499642	-0.174244991	0.027106498	-0.0039328889	-0.0568346022	0.007100374	-0.1754719627	0.0593796444	-0.0184302865	-0.1377487363	-0.0364821849	0.0564149401	-0.2151396294	0.0207435662	0.1737251161	-0.0567421306	0.0234609568	0.1523373958	-0.0909011861	-0.0725580875	-0.2214787254	0.0731269785	-0.0811034405	-0.0509306273	-0.0783189405	0.1239142634	0.1105189322	-0.1859956512	0.0394774407	0.264217191	-0.0451498273	0.0442601199	-0.1310868562	0.0128726314272853	0.00221031473491	0.0001657046398627	4.8854912273602665e-06	0.1086162705328206	0.1172359187860506	0.0117974942244588	0.0137442606536094	0.0615754500033887	0.0263412977862743	0.0006938639690651	0.0037915360431198	-0.0023870131426194	-0.0011000172126018	1.210037868020234e-06	5.697831743037745e-06	-0.0001102587194787	-0.0001843479846936	1.2156985221082661e-08	3.398417946059362e-08	-0.0002021325230899	-6.318051227530001e-05	4.0857556890688964e-08	3.991777131369335e-09	0.0	0.0	0.0	0.0	0.0	0.0	0.0	0.0	0.0	0.0	0.0	0.0	0.0	0.0	0.0	0.0	0.0	0.0	0.0	0.0
819.930047367472	3.32293816162462	11.041918025981207	672285.2825760248	878.477565367529	-4.145891528919378	771722.8328540612	17.18841656956546	818.0231637847558	0.4583640795075325	0.2100976293827876	669161.8964884214	819.5635696883054	720.3183462255947	1.371953	28.874786	0.2290919450623135	0.1483250204739105	0.1167890911	-0.0332329844	-0.0239993159	0.0197010611	0.1411618059	-0.0759628184	-0.1455789825	0.1122813157	-0.2389737805	0.0415823252	-0.0364862711	0.0095185595	0.0949193371	-0.1133318764	-0.0202561134	0.0214269988	-0.0227007813	-0.1278896665	-0.0045311194	0.0248957235	-0.0519171824	0.019626643	-0.0957313103	0.1199773794	0.0505226575	-0.0134917879	0.0628746466	0.0401358888	-0.0235985914	0.0627220738	-0.1099854062	0.0820617229	-0.0417427405	-0.0285615316	0.0014726528	-0.0055359701	-0.0174572452	-0.0064224633	-0.0147818106	-0.0068702661	0.1168161953	-0.0245450516	0.0259103781	0.1541564291	0.0260763404	-0.132084235	-0.1077044816	0.009816019	0.0665231682	0.1064834459	0.0504869296	0.0791805465	-0.2459706019	0.0843647353	0.0554543717	0.0384910108	-0.1372005631	0.0247543704174262	0.0118817389901409	0.0006127788547631	0.0001411757214298	-0.026059337688622	-0.1346756082214426	0.0006790890807696	0.0181375194498154	0.0248549529834178	-0.0367204970199709	0.0013483949013936	0.0006177686878079	-0.0016590010234087	0.0007280121192107	5.300016457176547e-07	2.7522843956711137e-06	-0.0001104883256628	-2.2960618409998706e-07	1.2207670107768948e-08	5.2718999776957144e-14	-1.409223186951713e-05	0.0001880402912203	1.9859099906423427e-10	3.53591511222464e-08	0.0	0.0	0.0	0.0	0.0	0.0	0.0	0.0	0.0	0.0	0.0	0.0	0.0	0.0	0.0	0.0	0.0	0.0	0.0	0.0
823.8754242262129	3.9453768587409286	15.565998557488436	678770.7146439223	887.4168951584518	8.939329790922784	787508.7458126666	79.91161711087959	818.4187493485011	0.3955855637453851	0.1564879382437541	669809.2492851648	819.5649519172247	741.7949161187108	1.23787	26.052813	0.2248031609003396	0.1358437032924563	0.0046265251	-0.0056307099	0.0393217818	0.1057874098	-0.032372484	0.0498229735	0.0503081709	-0.0380771702	0.1659990779	-0.1008075096	0.0036255585	-0.0194053569	0.1103410382	-0.0015301818	0.1140814167	-0.0112904312	0.0372067657	-0.1009792707	-0.1416933958	-0.0649337072	-0.0089847494	-0.0143890836	-0.1210765332	-0.0448910163	-0.1349180058	-0.0202362851	-0.0258614248	0.072243201	0.197675763	-0.0230885231	-0.1078040324	0.0220783317	0.0347690184	-0.0164453681	0.0434036602	0.0781387202	0.0410297621	-0.0400541546	0.0025494571	-0.1620794832	-0.0381016287	-0.1661692879	-0.0393311734	0.0458843528	-0.1036298979	0.0959999857	-0.160849593	0.0301092735	0.1169185966	0.0314486441	0.1131537305	-0.0821869906	-0.0534362054	0.0624265515	0.114314636	0.0326654109	-0.1425091225	0.0106680180844165	-0.0140863523330097	0.0001138066098494	0.0001984253220496	0.0891127795409545	0.1151721172295765	0.0079410874775147	0.0132646165871433	-0.0414254188542315	-0.0662803718376493	0.004393087690937	0.0017160653272485	-0.0014990227165835	0.0001599783068251	2.5593058654657794e-08	2.2470691048333764e-06	-0.0001101707382733	3.1758738949999935e-07	1.2137591571683968e-08	1.0086174996942429e-13	-0.0004390827276569	-0.0004249904957873	1.9279364172662345e-07	1.806169215096055e-07	0.0	0.0	0.0	0.0	0.0	0.0	0.0	0.0	0.0	0.0	0.0	0.0	0.0	0.0	0.0	0.0	0.0	0.0	0.0	0.0
828.5759471511351	4.700522924922211	22.094915767719257	686538.1001974007	899.9220090994805	12.505113941028752	809859.6224616455	156.37787467811168	820.2255351891679	1.8067858406667483	3.2644750740338484	672769.9285763568	821.6900601302114	757.1682743949136	1.18127	24.861572	0.0642358012911221	0.0402258929399158	-0.0266303501	0.0624079739	-0.1033915571	-0.053132929	-0.0944392391	-0.1408682165	-0.0057294854	-0.0760826756	-0.0713085947	-0.1543532545	0.07757324	-0.0768637888	0.0581467825	-0.1176523656	0.0062051503	-0.0233340733	0.037315129	0.1080685791	-0.0468174364	-0.0485945498	0.0541323523	-0.1174178933	-0.0777329758	0.077541647	-0.0468250069	0.0067453093	-0.0903709817	-0.0745652805	-0.0341432772	-0.0886800423	-0.0794164889	0.04301708	-0.0237488765	0.0417105571	0.0263455051	0.0165405394	-0.0402138808	-0.0733811906	0.1817083591	-0.0803340864	-0.0411163456	0.1392252935	-0.0110376028	0.0832794839	-0.0354687282	0.1467632522	-0.0703269785	0.0986439677	0.0665235665	-0.0066893703	-0.0034348402	-0.1253054659	-0.0461120529	-0.2451859191	0.0845039918	0.0267918699	-0.1469813818	0.0104605192614712	-0.0002074988229452	0.0001094224632196	4.3055761523684597e-08	0.0524984193331476	-0.0366143602078069	0.002756084032479	0.001340611373427	-0.0479650810660814	-0.0065396622118499	4.276718184509753e-05	0.0023006490016757	-0.0014901070063432	8.91571024030013e-06	7.948988908899261e-11	2.2204188903530934e-06	-0.000360054582599	-0.0002498838443256	1.296393024505401e-07	6.244193565499066e-08	-0.0005977687740613	-0.0001586860464044	3.573275072427495e-07	2.51812613234594e-08	0.0	0.0	0.0	0.0	0.0	0.0	0.0	0.0	0.0	0.0	0.0	0.0	0.0	0.0	0.0	0.0	0.0	0.0	0.0	0.0
822.6553830311731	-5.920564119962023	35.05307949858169	676761.8792301661	892.2249179208205	-7.697091178660003	796065.304158815	59.24521261260563	819.7812597724828	-0.4442754166850591	0.1973806458706828	672041.313874159	822.9494406817221	771.6857209402526	1.161251	24.440245	0.1925505813945776	0.1019500722019439	-0.0466728442	0.1262178095	0.0220228373	-0.1805516442	-0.0604979303	-0.0384766465	0.0547495637	-0.1109801204	-0.0897990023	0.0934453114	0.1085047858	-0.0712385798	-0.1464689074	-0.0714529833	0.0355183287	-0.0001557419	-0.0204482942	0.1457607856	0.0093512208	0.0810223799	0.1023677488	-0.1119472628	0.1348511527	0.0807680596	-0.0178232607	-0.0318280778	0.0040128582	-0.1068057124	-0.0554764995	0.0128353558	0.0573377353	0.0339394087	-0.0058961697	0.0134679435	-0.0450209751	-0.0150164666	-0.0823825952	-0.0395836256	0.0443728216	0.021554012	0.1239117762	-0.0244235848	0.0044410213	-0.0025122763	0.1367608151	0.1564706376	0.0856010537	0.0295699767	0.025251326	0.147219717	0.0087328199	-0.0388922761	-0.0689856445	-0.1841399444	0.0354897006	0.0208790082	-0.1505910958	-0.0031004737559641	-0.0135609930174353	9.612937511422134e-06	0.0001839005316189	-0.0381263143931818	-0.0906247337263294	0.0014536158492077	0.0082128423629681	-0.0150263697405534	0.0329387113255279	0.0010849587037864	0.0002257917875798	-0.0008520209385381	0.000638086067805	4.071538299269746e-07	7.259396797073448e-07	-0.0001103393811769	0.0002497152014221	1.2174779038501233e-08	6.235768182127997e-08	-0.0003770471767828	0.0002207215972785	1.421645735198801e-07	4.871802350517233e-08	0.0	0.0	0.0	0.0	0.0	0.0	0.0	0.0	0.0	0.0	0.0	0.0	0.0	0.0	0.0	0.0	0.0	0.0	0.0	0.0
819.2966627765371	-3.358720254635955	11.281001748901812	671247.0216367708	882.8778704309756	-9.347047489844954	779473.3340967345	87.36729677741685	818.4984238871028	-1.2828358853799957	1.645667908818677	669939.6699056715	822.190629739234	737.7037496618137	1.068394	22.485926	0.1069470785775331	0.0565338577679825	0.0663113239	-0.0241576368	0.0255548778	-0.0068118365	0.0933764698	0.0195352538	0.0058661821	-0.0061677879	-0.0251612493	0.0225662809	0.0362464788	-0.032324099	-0.1204632957	-0.0659316077	0.0361925531	0.0712371943	-0.0451601433	0.0239792293	0.0905372309	-0.1171081355	0.0344928652	-0.0472235176	0.1195122529	0.0706712954	0.012733465	-0.0601167156	0.0775562384	0.0515315918	-0.0462718836	-0.0995258318	0.0854250025	0.0312038095	0.0171755915	-0.0051745617	-0.0057481549	0.0060899237	-0.0268927549	0.0244817282	-0.0343380121	0.0082440741	0.0806464036	-0.0480932875	0.0624749504	-0.0414152584	0.0353931746	-0.0012227621	0.1040578769	-0.0252891167	0.1272727359	0.11332677	0.1150191755	0.0781629903	-0.071241058	-0.0382540303	0.1041592046	0.0149355036	-0.1533170814	0.0006506780922421	0.0037511518482062	4.233819797238189e-07	1.407114018830079e-05	0.0067031190155404	0.0448294334087222	4.4931804536499305e-05	0.002009678099747	-0.0252194518192681	-0.0101930820787147	0.0001038989222634	0.0006360207500643	-0.0003689904262493	0.0004830305122888	2.333184758019806e-07	1.3615393466364009e-07	0.0001350261430235	0.0002453655242004	1.8232059299802682e-08	6.020424046613708e-08	-0.0001419749884342	0.0002350721883486	2.0156897340891225e-08	5.525893373499969e-08	0.0	0.0	0.0	0.0	0.0	0.0	0.0	0.0	0.0	0.0	0.0	0.0	0.0	0.0	0.0	0.0	0.0	0.0	0.0	0.0
817.132737580077	-2.163925196460127	4.682572255875	667705.910825111	887.3241821476287	4.446311716653099	787344.2042239581	19.76968788164663	816.557941908247	-1.9404819788558143	3.765470310264177	666766.8724934321	819.4229867036028	734.3650416608773	0.951488	20.025471	0.0427990893713791	0.0259940805973247	0.0451271788	-0.0997726778	0.068237118	0.0106782993	0.0474540372	0.0832148619	-0.0584250787	-0.021416766	-0.0179360813	0.0188621003	-0.0429673706	0.0266142986	-0.0823471605	0.0540928314	0.0971326669	0.0291923069	0.0454254386	0.004287581	0.0443047986	-0.085131033	-0.0322503254	0.0478833451	0.0978847668	-0.0347977729	-0.082235662	-0.057665102	0.0198694388	0.0557838476	0.0030765823	-0.0899358975	0.0810178097	0.0119362802	0.0415209384	-0.0379729524	-0.0110355313	-0.0029028161	-0.0706417048	0.0136828373	-0.1103792644	-0.0233186425	0.1407757577	-0.0403099472	0.0668705059	-0.0892529464	-0.0757901739	-0.0792598914	-0.0229031914	0.0031383081	0.073442837	0.0893482874	0.1339052646	0.0747935255	-0.1287047418	-0.0892114473	-0.0031728281	0.0089700792	-0.1551433414	-0.005657386739827	-0.0063080648320691	3.2006024723970374e-05	3.979168192558697e-05	0.0067264371562032	2.3318140662799587e-05	4.5244956816350986e-05	5.437356839701074e-10	-0.0117530555675102	0.0134663962517579	0.0001813438280093	0.0001381343151729	-0.0007169962610789	-0.0003480058348296	1.211080610754469e-07	5.140836384011222e-07	0.0001520167875532	1.6990644529699995e-05	2.3109103697994746e-08	2.886820015346244e-10	-4.694526485571316e-05	9.502972357848684e-05	2.203857892373057e-09	9.030648363403618e-09	0.0	0.0	0.0	0.0	0.0	0.0	0.0	0.0	0.0	0.0	0.0	0.0	0.0	0.0	0.0	0.0	0.0	0.0	0.0	0.0
817.9669974134366	0.8342598333596243	0.6959894695572281	669070.008857553	879.1038853932012	-8.220296754427523	772823.6413134226	67.57327873085165	815.7846055620172	-0.7733363462298257	0.5980491044000968	665504.522671976	817.6607760828906	711.4799666139339	1.016814	21.400345	0.0989327742219865	0.0476626623736361	0.1264802664	-0.0898958267	0.0099568098	0.0996654748	0.1188296505	0.0785195166	0.0371933285	0.0669259997	0.1962987672	-0.074560933	-0.1236438916	0.0896585207	0.0732549318	0.0120689466	-0.0067157954	0.0842314192	0.01050659	-0.1047604883	-0.0584218445	-0.0127558254	-0.123500748	0.0970507244	-0.0724582517	-0.0169482706	0.0436854587	-0.0320499918	0.0119047045	0.141508857	0.1242252375	-0.0300436004	0.0299622754	0.0419950404	-0.0107949701	-0.0090901623	0.0302022286	0.0470516547	0.0160052332	0.0102425115	-0.1126606067	-0.0100820103	0.0157752886	0.0055985586	0.1134232102	-0.0469928492	-0.187206456	0.010424496	0.0311238554	-0.0393258087	0.0785618879	0.029214882	0.1022522151	0.086793838	-0.187160728	0.124528007	-0.0883170993	0.0029914899	-0.1560591586	-0.0096327585692392	-0.0039753718294122	9.279003765325126e-05	1.5803581182084105e-05	0.0456873142770035	0.0389608771208003	0.0020873306858456	0.0015179499460221	0.0078941776772722	0.0196472332447824	0.0003860137741748	6.231804120034272e-05	-0.0004219889629146	0.0002950072981643	8.702930597020026e-08	1.7807468482173965e-07	5.608100092935331e-05	-9.593578662384668e-05	3.145078665238126e-09	9.20367515513624e-09	-0.0003829880206074	-0.0003360427557516	1.4667982392877425e-07	1.1292473369318789e-07	0.0	0.0	0.0	0.0	0.0	0.0	0.0	0.0	0.0	0.0	0.0	0.0	0.0	0.0	0.0	0.0	0.0	0.0	0.0	0.0
822.7226761655826	4.755678752145968	22.616480393612637	676872.601877058	890.969965180005	11.86607978680388	793827.4788528593	140.8038495067956	816.5478649353713	0.7632593733541171	0.5825648710129195	666750.4157305134	817.607130256231	736.9747124368884	1.141858	24.032095	0.11173133685841	0.0483063139461596	0.0094495526	-0.0100948965	0.0201702897	0.1467207909	-0.0073371541	-0.0099131734	-0.0987275705	0.0678440432	-0.0241849483	-0.1452805214	-0.1074793477	0.122082793	0.2064121626	-0.0086904707	0.1445879014	0.0906479131	0.018744738	-0.0677900013	-0.1104424275	-0.0243932291	-0.1085563051	0.1401315143	-0.1903104567	-0.0080628007	-0.0964560548	-0.1179766723	-0.0663019536	0.0113371657	0.0788093738	0.0269932488	-0.1061883648	-0.00498215	0.0559328248	0.0142698887	-0.0682806769	-0.0124887089	-0.1557342427	0.019168309	0.0395481646	-0.0286297474	0.0463192894	0.0520190737	0.1319337299	-0.0968651965	-0.1105844956	0.0522907602	-0.0984997787	0.0584145486	0.0264930598	-0.0281956803	0.0585579704	-0.0438397578	0.0173227489	0.135392846	0.0049846273	-0.0029914899	-0.1560591586	0.0107128455077969	0.0203456040770361	0.0001147650588739	0.0004139436052595	0.0195628076412504	-0.0261245066357531	0.0003827034428085	0.0006824898469615	-0.0217644315568463	-0.0296586092341184	0.0008796331017021	0.0004736904809926	-0.0006919754174534	-0.0002699864545388	7.289268563443154e-08	4.788299783598072e-07	0.0002870594255162	0.0002309784245868	8.240311377769079e-08	5.3351032624621626e-08	-0.000171900561503	0.0002110874591044	2.9549803045046684e-08	4.455791539115175e-08	0.0	0.0	0.0	0.0	0.0	0.0	0.0	0.0	0.0	0.0	0.0	0.0	0.0	0.0	0.0	0.0	0.0	0.0	0.0	0.0
826.0434581826087	3.32078201702609	11.027593204603868	682347.7948062832	890.1748315542022	-0.795133625802805	792411.2307325524	0.6322374828823151	818.3607124585784	1.8128475232070969	3.2864161423981058	669714.255695712	819.7804150996973	744.2440648310061	1.091281	22.967619	0.042264650522018	0.0302772478661463	0.0093390204	0.0258954312	-0.0985764158	0.0552369006	-0.01120946	-0.0889015906	-0.0136659603	0.1269577819	-0.0153132564	-0.0717290633	-0.0489005561	0.0356235075	0.2131204402	-0.0693127287	-0.0354868518	0.0164027485	-0.0048117395	-0.032341157	-0.0716980986	0.0823677361	-0.0681736878	0.0338352127	-0.217260596	0.0576659634	0.0551458027	-0.0200702026	-0.0114038929	0.0018590603	-0.0053483411	0.0599000249	-0.0968158054	0.0241235469	-0.0536468136	0.0373595478	0.016074119	0.006749061	-0.0003681023	-0.0633678294	0.0834356463	-0.0574069731	-0.0327922506	0.0981006146	0.058766638	0.1276141958	-0.0708480728	0.0542337313	0.0469956057	-0.080761888	0.073176139	0.0023020199	0.0801380499	2.21043e-05	-0.1211268226	-0.0577061245	-0.1114781051	-0.0089700792	-0.1551433414	0.0107050091263545	-7.836381442400883e-06	0.0001145972203953	6.140887411080495e-11	0.0197248529938178	0.0001620453525673	0.0003890698256277	2.6258696288692465e-08	-0.0248050396424446	-0.0030406080855982	9.245297530205757e-06	0.0006152899916632	-0.0012329412676208	-0.0005409658501674	2.926440510473379e-07	1.5201441694023854e-06	0.0002877540996439	6.946741276999823e-07	8.280242186187154e-08	4.825721436957313e-13	-0.0004113232512561	-0.0002394226897531	1.691868170238888e-07	5.732322436860919e-08	0.0	0.0	0.0	0.0	0.0	0.0	0.0	0.0	0.0	0.0	0.0	0.0	0.0	0.0	0.0	0.0	0.0	0.0	0.0	0.0
828.4419732017562	2.398515019147567	5.752874297076453	686316.1029624194	898.6631050811955	8.488273526993225	807595.3764341758	72.05078746905401	819.4156522429391	1.0549397843607269	1.1128979486270565	671442.0111407214	821.7902599788762	768.2783694104618	1.133074	23.847218	0.1172490043983743	0.0648811159578427	-0.0902479772	0.1232397489	0.0307166397	0.0607068502	-0.1287632647	-0.0862247915	0.0252430748	0.0252330186	-0.043040261	-0.1015798363	0.0375895436	-0.0087088658	0.0512708944	-0.0684440008	-0.0043305314	-0.0794941784	0.0274494709	0.0888893431	0.0076798748	0.1088737308	0.0255385887	-0.0080023207	-0.073984619	0.0498502789	-0.0723837658	0.0587059812	-0.0300316309	-0.1122967346	-0.0279195102	0.0441624447	-0.0629816573	-0.0411346115	0.061336869	0.0462325512	-0.0087818733	0.0507453069	-0.0284100303	-0.0697848409	0.167030126	-0.1001422212	0.007607388	-0.0487691785	0.0368508702	0.1407467767	0.1169056233	0.1047991167	-0.1231321876	0.1116344088	0.0427911909	-0.0893780348	0.0033607873	0.0324553172	0.0614743438	-0.0302305805	-0.0945757012	-0.0149355036	-0.1533170814	-0.0113251908019691	-0.0220301999283236	0.000128259946701	0.0004853297088819	-0.0006635967290549	-0.0203884497228727	4.403606188123624e-07	0.0004156888821021	-0.0826559234186277	-0.057850883776183	0.0033467247536854	0.006832001676186	-0.0014414234464976	-0.0002084821788767	4.346481890921801e-08	2.07770155211302e-06	0.0002878917661004	1.376664565000017e-07	8.288166898840743e-08	1.8952053245266855e-14	-0.0005422928253427	-0.0001309695740865	2.940815084181681e-07	1.7153029336425397e-08	0.0	0.0	0.0	0.0	0.0	0.0	0.0	0.0	0.0	0.0	0.0	0.0	0.0	0.0	0.0	0.0	0.0	0.0	0.0	0.0
828.4045978272493	-0.0373753745069507	0.0013969186195348	686254.1777013267	899.4965688319294	0.8334637507339266	809094.0773404138	0.694661823787465	820.6524231299925	1.2367708870533534	1.5296022270627383	673470.3995891282	823.0142023288545	782.6425344717139	1.125265	23.682859	0.3538757781944717	0.2010940241301669	-0.1508475932	0.0367240416	-0.1246039234	0.049991532	-0.1318468358	-0.072426519	0.0299560352	-0.0351890513	0.0869224367	-0.0219537594	0.1099517249	-0.0202185299	-0.0595396041	-0.0414197436	0.0131331109	-0.1526214352	0.1790852573	0.0925913865	0.0929120233	-0.0370702593	0.0948597186	-0.0339362661	0.0278028619	0.033699748	-0.0873880301	0.1931637419	-0.1201090121	0.0290692482	-0.0827003796	-0.1328016028	0.0516356124	-0.0522180896	0.1479843635	0.081531874	0.0509243576	-0.0804677831	0.1939862231	-0.1573205996	0.0249823069	-0.0694653563	0.0882575296	-0.0099737955	-0.0015548619	0.0001892456	0.0831113151	0.0960610495	-0.0874811764	0.070552562	-0.2981480696	0.003501364	-0.0259963501	0.1187227105	-0.0953408534	-0.0543214083	-0.0217204383	-0.0208790082	-0.1505910958	-0.0278660838756508	-0.0165408930736817	0.0007765186305648	0.0002736011436749	-0.0695215777822397	-0.0688579810531848	0.004833249777332	0.0047414215547207	-0.1946284454183029	-0.1119725219996752	0.0125378456829677	0.0378802317659453	0.0008733357280532	0.0023147591745508	5.358110036167101e-06	7.627152938942129e-07	0.0008376475547082	0.0005497557886078	7.01653425908627e-07	3.022314271077841e-07	-0.0008078655035427	-0.0002655726782	6.526466718143002e-07	7.052884740632076e-08	0.0	0.0	0.0	0.0	0.0	0.0	0.0	0.0	0.0	0.0	0.0	0.0	0.0	0.0	0.0	0.0	0.0	0.0	0.0	0.0
827.7977475993555	-0.6068502278938013	0.3682671990947585	685249.1109305662	895.764566714047	-3.732002117882416	802394.1589804043	13.927839807878842	818.690521668852	-1.961901461140428	3.849057343224947	670254.1702704171	820.8523781802348	762.7414097263741	1.49276	31.417339	0.6783281914646759	0.4040953866749661	-0.0080540752	0.1839657132	-0.1200967925	-0.0822609748	-0.0417204636	-0.1707443957	0.0367323003	0.0368821816	0.0524662273	0.1314170512	-0.011817547	-0.0215279207	-0.0231888367	-0.1103000076	-0.210225687	0.0344149428	-0.0372399883	0.0567996244	0.0464236755	-0.0956881489	-0.0279178646	-0.0516665946	-0.0025964832	0.1143631039	0.2027749951	0.0294412259	0.0154507277	-0.0086716127	-0.0295348065	-0.1630863624	0.0772238716	0.06743093	-0.122941024	0.1410902123	-0.0289800683	0.1685824077	0.1033576184	-0.033034105	-0.0598348515	-0.0247726826	-0.1579852357	-0.0085217819	-0.0794973388	0.0475283745	-0.1679803745	0.1179809777	0.0781365605	0.0264375632	-0.1298698964	0.1903488344	0.0603475603	0.2045954471	-0.006834357	-0.1905313122	-0.2138615038	-0.0267918699	-0.1469813818	0.0205588144543469	0.0484248983299977	0.0004226648517682	0.0023449707782706	0.1524501137702714	0.2219716915525111	0.0232410371885686	0.0492714318506831	0.1032557654888393	0.2978842109071422	0.0887350031077708	0.0106617531066861	-0.0008023806037138	-0.001675716331767	2.8080252245506503e-06	6.438146332161222e-07	0.0008331153819345	-4.532172773699986e-06	6.940812396158679e-07	2.0540590050667422e-11	-0.0002871661945829	0.0005206993089597	8.2464423311224e-08	2.711277703512132e-07	0.0	0.0	0.0	0.0	1.0	0.0	0.0	0.0	0.0	0.0	0.0	0.0	0.0	0.0	0.0	0.0	0.0	0.0	0.0	0.0
824.3707045532379	-3.4270430461175465	11.744624039942632	679587.0585256019	889.278330890679	-6.48623582336802	790815.9497917119	42.071255156342616	817.5241557774918	-1.1663658913602148	1.3604093925285086	668345.7452797007	820.3630132558978	748.2731117097865	0.927171	19.513676	0.1949621366403756	0.1097996412306256	0.0339583663	0.1011033746	-0.0871913221	0.00545435	0.0183631512	-0.0940902847	-0.0182921368	0.0036847837	-0.0720786702	0.0597039548	-0.074743655	0.0237119554	0.0532483819	-0.0848501456	-0.1113072489	0.0525729548	0.00439339	0.1101268295	0.0915150932	0.0036797991	-0.0865158747	0.0039046574	-0.0530474991	0.0938674693	0.1142975501	-0.0588208146	-0.0464904718	-0.0587976053	-0.125848704	-0.0076136998	0.0295482605	0.0659979875	-0.1220544839	0.1081396679	-0.0992233327	0.0323014257	-0.0014723196	0.0072111194	0.0295865692	0.0181366205	-0.0347688406	-0.0226066409	-0.1483756764	0.1025681178	-0.0515790681	-0.0647880598	0.0078893956	-0.0526586143	-0.1006425809	0.0236118964	-0.0324822899	0.1524189053	0.0637081972	-0.1257735988	-0.0885143653	-0.0326654109	-0.1425091225	0.0341632476135487	0.0136044331592018	0.0011671274875046	0.0001850806015831	0.061902138891682	-0.0905479748785894	0.003831874799365	0.0081989357546136	0.1568847195950837	0.0536289541062444	0.0028760647185296	0.024612815242428	-0.0009700903837663	-0.0001677097800525	2.8126570325257948e-08	9.410753526758472e-07	0.0009269055417708	9.379015983629997e-05	8.591538833654202e-07	8.796594082118695e-09	0.0001949493554551	0.000482115550038	3.800525119235893e-08	2.3243540358844333e-07	0.0	0.0	0.0	0.0	0.0	0.0	0.0	0.0	0.0	0.0	0.0	0.0	0.0	0.0	0.0	0.0	0.0	0.0	0.0	0.0
826.3979344545529	2.027229901314968	4.109661072785494	682933.5460707515	891.0669606214652	1.7886297307862833	794000.3283111758	3.199196313852612	816.5703975377457	-0.9537582397460938	0.9096547798835672	666787.2141349522	820.8632551513215	746.6781520603803	0.846761	17.821333	0.1595797008430535	0.0749523350385496	0.0057186534	0.0738741682	-0.0820160793	0.0965550176	0.0069757512	-0.0633827731	-0.0087940376	0.056663057	-0.0015645983	-0.0411680772	-0.1100836505	0.1047451472	0.1150962813	-0.022630675	-0.1340566938	0.0255488802	-0.0567685027	0.0843155825	0.069854373	-0.0306432593	-0.0937872767	0.0952330635	-0.0986919146	0.0583733189	0.1326404805	0.0038967329	0.0389611675	-0.0439486024	-0.1224988494	-0.0336783536	-0.0531542119	0.031128285	-0.136360705	0.074679043	-0.157950175	-0.0658933921	0.0016228122	0.1054701408	0.1221955394	0.0786821515	0.0096210195	-0.0641342447	-0.2704990159	0.0920498518	-0.0401588314	-0.1041590217	0.1419356933	-0.1772766549	-0.1821790371	-0.2103184831	-0.0803892718	0.238726125	0.0864146205	0.0708648495	0.0885722374	-0.0384910108	-0.1372005631	0.0567196519767208	0.0225564043631721	0.0032171189203603	0.0005087913777949	0.0277917281010218	-0.0341104107906602	0.0007723801508411	0.0011635201243075	0.1087005997737975	-0.0481841198212862	0.002321709402952	0.0118158203911833	-0.0011173718495515	-0.0001472814657851	2.1691830163837e-08	1.2485198501701397e-06	0.0016142458661729	0.0006873403244021	2.605789716456296e-06	4.72436721549184e-07	0.0004549028826265	0.0002599535271714	2.0693663262189925e-07	6.75758362888518e-08	0.0	0.0	0.0	0.0	0.0	0.0	0.0	0.0	0.0	0.0	0.0	0.0	0.0	0.0	0.0	0.0	0.0	0.0	0.0	0.0
823.5322499363939	-2.8656845181590143	8.212147757616261	678205.3666852991	891.216408758807	0.1494481373417784	794266.687240945	0.022334745754927	816.4328501840656	-0.1375473536801337	0.0189192745044077	666562.598859677	819.6967338983881	755.2924994532038	1.027369	21.622503	0.0875148219157656	0.0672258790823892	-0.0412678416	-0.0026493725	-0.0230301331	-0.0301345633	-0.0110489082	-0.0212250447	-0.0450516583	-0.0464376943	-0.001223938	-0.0325530567	-0.0957392172	0.0848355761	0.0588531586	0.043784832	-0.0842621347	0.0304709701	-0.0595170635	0.0604165632	-0.0006433682	0.1207854482	-0.0805854364	0.0887041979	-0.0436589703	-0.0047410661	0.1060525442	0.0119134777	-0.0331711483	-0.0809165244	-0.0253483101	0.0931992054	0.1067615766	-0.0067618253	-0.0877330286	0.0448973748	-0.0884422019	-0.099928551	0.0457770788	0.1284613593	0.0452792924	0.0853190468	0.0217157657	-0.0069824064	-0.2723605834	0.0774471082	0.0538395807	-0.2366709496	0.0150681904	-0.1376703447	0.0046479987	-0.0758235243	-0.0489487619	-0.0509521224	0.0982992065	0.0460974634	0.2556196324	-0.0442601199	-0.1310868562	0.0571127247497571	0.0003930727730363	0.0032618633283415	1.545062049024489e-07	0.0077176379793257	-0.0200740901216961	5.956193597993047e-05	0.0004029690942139	0.0455321571200642	-0.0631684426537333	0.0039902521472979	0.0020731773320062	-0.0010398681687122	7.75036808392999e-05	6.0068205436400625e-09	1.0813258083008646e-06	0.0016142640328509	1.8166678000027664e-08	2.6058483677560518e-06	3.300281895566891e-16	0.0004548404027978	-6.247982869999389e-08	2.06879792017265e-07	3.903728994380579e-15	0.0	0.0	0.0	0.0	0.0	0.0	0.0	0.0	0.0	0.0	0.0	0.0	0.0	0.0	0.0	0.0	0.0	0.0	0.0	0.0
823.6117421635523	0.0794922271584255	0.0063190141786067	678336.3018296817	891.790810707888	0.5744019490809933	795290.8500630321	0.329937599108044	817.4574902995249	1.024640115459306	1.0498873662084598	668236.7484467978	819.7924111106179	732.322586299273	0.937452	19.730066	0.0244418896202353	0.0176252875154819	0.0084687938	0.0090383075	0.0177504148	0.0644771608	-0.0117452259	0.0390962405	0.0020522076	-0.0205784555	0.042544018	0.0510893744	-0.0682661144	0.0538143806	0.0542007428	0.0769756296	-0.1120200183	-0.0203464796	-0.0575952675	0.0573938016	-0.0562082173	0.0165409017	-0.0486153713	0.0784104884	-0.0431994892	-0.0679452672	0.119464094	0.0508050926	-0.0102691091	-0.0840690178	0.0680636684	-0.0394008296	0.1267310067	-0.024581093	-0.0915891144	0.0607210161	-0.0959989749	-0.0339492951	0.0661528887	0.120842332	-0.0374737627	0.0200024816	0.0333388443	-0.0773355305	-0.2038548562	0.0601551314	-0.0615481296	-0.1132131584	-0.0058690288	-0.1090467972	-0.0014566875	-0.1221540979	-0.0601419251	-0.0960535763	0.0396474924	-0.0350578256	-0.0064414499	-0.0499642712	-0.1242038795	0.0404812907118241	-0.0166314340379329	0.0016387348976952	0.0002766045981581	0.0069799412873834	-0.0007376966919422	4.871958037531944e-05	5.441964093026124e-07	0.0505278219979743	0.0049956648779101	2.495666757238456e-05	0.0025530607958589	-0.0010813693204734	-4.150115176119996e-05	1.72234559750615e-09	1.1693596072611029e-06	0.0016142562216134	-7.8112374999207e-09	2.6058231490175705e-06	6.10154312801674e-17	0.0004548733200481	3.2917250299981625e-08	2.069097372915812e-07	1.0835453673116404e-15	0.0	0.0	0.0	0.0	0.0	0.0	0.0	0.0	0.0	0.0	0.0	0.0	0.0	0.0	0.0	0.0	0.0	0.0	0.0	0.0
825.559933297695	1.9481911341426892	3.7954486951521775	681549.2034664947	896.8732520729486	5.0824413650606175	804381.6302839068	25.831210229279232	818.4864515668891	1.0289612673641386	1.0587612897356145	669920.0713985574	820.9980595882741	752.3227438181906	0.929421	19.561043	0.1882800968244412	0.0899432803772492	-0.0416025405	0.0427552851	-0.0279507843	0.0819906489	-0.0470788853	-0.0129108719	-0.042590318	0.0578636052	-0.0480698126	-2.75138e-05	-0.0177725431	0.1001695278	0.05736775	-0.0339374332	-0.0425659964	0.0129070831	-0.0345118509	0.1066438484	-0.0839717713	0.0627750359	-0.0115307106	0.0932685888	-0.0688921609	0.0455084481	0.0276455548	-0.030210612	-0.0649870391	-0.1128724721	0.0123929834	0.0545307139	0.0727751739	-0.0573342616	-0.0151045739	0.0895164856	-0.0837827485	-0.0191981462	-0.080073954	0.0804483356	-0.0336164193	0.0829678071	0.0144892369	0.0214340026	-0.0189618091	-0.0183558258	-0.0115726509	-0.0073392783	-0.0205425301	-0.0073352007	0.0148305622	-0.0646171125	0.0124252162	0.0263980823	0.0877257316	0.0443445666	0.0495797321	-0.055595093	-0.1165920251	0.0085530128860682	-0.0319282778257559	7.315402942924868e-05	0.0010194149249186	-0.005352232545178	-0.0123321738325614	2.8646393217662573e-05	0.0001520825114365	0.0289555691421554	-0.0215722528558189	0.0004653620932753	0.0008384249843461	-0.0003593354118432	0.0007220339086301	5.213329652118039e-07	1.2912193820452216e-07	0.0007700770167196	-0.0008441792048938	5.93018611679759e-07	7.126385299751285e-07	-0.000427861412634	-0.0008827347326821	1.8306538842116202e-07	7.792206082833386e-07	0.0	0.0	0.0	0.0	0.0	0.0	0.0	0.0	0.0	0.0	0.0	0.0	0.0	0.0	0.0	0.0	0.0	0.0	0.0	0.0
825.4301268374714	-0.1298064602235626	0.0168497171157713	681334.8942909242	900.6688976638887	3.7956455909401257	811204.4632190845	14.406925452023216	818.7504489341478	0.263997367258753	0.0696946099195529	670352.2976298686	820.9352732035414	751.2339774359492	1.065223	22.419193	0.0752844158239169	0.0381464959399903	-0.060493501	0.0118547948	0.0135471442	-0.0446306615	-0.1075948821	0.0134036728	-0.0387614514	-0.0494369093	0.0240510683	-0.0096832644	0.0203789266	0.0035217896	-0.0447162286	0.0649327007	-0.0197718546	0.0246341853	-0.1170238959	0.1749506866	-0.1146117708	0.1133559734	0.0247972088	0.0103096158	0.0241789534	-0.0681944836	0.0355239654	-0.0814123672	-0.0272419407	-0.2347484024	0.1230861765	0.0002946209	0.143324593	-0.0573767757	-0.0557266836	0.061895984	-0.0581426425	-0.0327746415	0.0194479296	0.0403814358	-0.0787071514	-0.012577699	-0.0235550024	-0.0127898983	-0.0812055758	0.15551994	0.0746360286	0.0659559935	-0.1450431574	0.0679669807	0.0559334184	-0.0939764329	-0.1082154466	-0.2435247684	0.0294882896	0.0848210063	-0.1868854133	-0.0611443214	-0.1082959623	0.028002330522213	0.0194493176361448	0.0007841305146752	0.0003782759565116	-0.0053111675291006	4.106501607740055e-05	2.820850052217257e-05	1.6863355454371655e-09	0.0455903793481979	0.0166348102060425	0.000276716910591	0.0020784826891125	-0.0004799508792089	-0.0001206154673656	1.4548090967846235e-08	2.303528464533961e-07	0.0010950217045515	0.0003249446878319	1.1990725334388728e-06	1.0558905015017104e-07	-9.02371085185561e-05	0.0003376243041154	8.14273575378967e-09	1.1399017072943777e-07	0.0	0.0	0.0	0.0	0.0	0.0	0.0	0.0	0.0	0.0	0.0	0.0	0.0	0.0	0.0	0.0	0.0	0.0	0.0	0.0
827.9409438941732	2.51081705670174	6.304202292224387	685486.2065763745	897.1561219385065	-3.5127757253821983	804889.1071317404	12.33959329683443	821.16250087438	2.412051940232232	5.817994562378073	674307.8528422662	822.53567243181	747.5436611209781	0.965135	20.312683	0.0910438100202525	0.0452568819048216	-0.0466751504	0.0489390466	-0.0488504913	0.0376155727	-0.0824672711	0.0089626957	0.0156326459	0.0013862932	0.0057769898	0.0045581804	0.0891746249	-0.027099276	-0.0013176215	0.0254768635	0.0322543891	0.1244395331	-0.0492168809	0.1000219601	-0.0450646081	0.0024176194	0.0778945572	-0.0142940218	-0.0317131591	-0.0260651404	0.0410310738	-0.0995999542	-0.0017714114	-0.0073590748	0.0571945649	-0.0719068374	0.2130494406	-0.0647450494	-0.0332792826	0.1290762842	-0.037423184	0.0008071197	-0.0069926295	0.0482155959	-0.1636998667	0.0537270367	-0.0389627866	0.0279599384	0.0065257852	0.0442354217	-0.055360003	0.0254960811	-0.0354347867	-0.0072711856	0.0637617347	0.020496435	-0.0709875153	0.028605982	0.0155983855	-0.1328233733	-0.0631063385	-0.066603812	-0.0993643757	0.01595233879992	-0.012049991722293	0.0002544771131874	0.0001452023005073	0.0292907429963236	0.0346019105254242	0.0008579476252766	0.0011972922120094	0.0361366157277274	-0.0094537636204704	8.937364659173146e-05	0.0013058549962534	-7.693311037264652e-05	0.0004030177688362	1.6242332199775184e-07	5.918703471609811e-09	0.0008640063132334	-0.0002310153913181	7.465069093071721e-07	5.3368111025854924e-08	-0.0001549668314055	-6.47297228869439e-05	2.4014718835860665e-08	4.1899370250205505e-09	0.0	0.0	0.0	0.0	0.0	0.0	0.0	0.0	0.0	0.0	0.0	0.0	0.0	0.0	0.0	0.0	0.0	0.0	0.0	0.0
825.640924404946	-2.3000194892272248	5.290089650825064	681682.9360522537	897.4834698636108	0.3273479251042772	805476.5786784268	0.1071566640700755	819.5995171364774	-1.5629837379026412	2.442918164948112	671743.3684903469	821.9416100485032	752.0490681358899	0.8611379999999998	18.123919	0.063471853258097	0.0311058394469958	-0.0561234291	0.0166705598	0.0039569344	0.0195007734	-0.0616917155	0.0346962943	-0.0624918684	0.0523331176	-0.0587113319	0.1613493303	0.0127606265	0.0349830226	0.0327159994	0.0687152414	-0.0236722555	0.0765371099	-0.1221004295	0.0362331969	-0.1366754777	0.0844906566	0.0163287553	0.0334679079	-0.0190215808	-0.0529741503	0.0702648131	-0.0798417888	-0.0078372929	-0.0464091412	0.1162365016	0.0255832069	0.2098267854	-0.0842094389	-0.0227029726	0.1133182082	-0.0635306254	0.0134467248	-0.0257244171	0.1223280382	-0.1967353706	0.1094677178	-0.0637432187	-0.0302881235	-0.0241781092	-0.0607837443	-0.0173552911	0.0738336255	0.042943692	-0.030170582	0.0639901195	-0.0619748808	0.0475158591	-0.0032189176	0.0510555863	0.079972	-0.0444595237	-0.0719655524	-0.0898496795	0.0069157267625428	-0.0090366120373772	4.782727665415072e-05	8.166035711407053e-05	0.0293245181842536	3.377518792999773e-05	0.0008599273667386	1.1407633197066644e-09	0.0511253209252799	0.0149887051975525	0.0002246612834991	0.0026137984397128	0.0003850921258884	0.000462025236261	2.1346731894207587e-07	1.482959454212473e-07	0.0011899735837583	0.0003259672705248	1.4160371300425718e-06	1.062546614534533e-07	-0.0001552295413243	-2.627099187999937e-07	2.4096210499752566e-08	6.901650143589924e-14	0.0	0.0	0.0	0.0	0.0	0.0	0.0	0.0	0.0	0.0	0.0	0.0	0.0	0.0	0.0	0.0	0.0	0.0	0.0	0.0
828.8194556059296	3.1785312009836844	10.103060595626784	686941.6899909095	901.744358460596	4.260888596985183	813142.8880155119	18.15517163591836	821.5450884358266	1.94557129934924	3.785247680851489	674936.3323330302	824.2815424196052	748.859195175034	0.843994	17.763103	0.1137656686084241	0.060460408841035	-0.0741072987	-0.0348332008	-0.0546138922	0.1003325051	-0.1022837297	0.0157770084	-0.0294005822	0.0730682534	0.0622480628	-0.0676359466	0.0588300708	0.0331714141	0.1520077103	0.0680432477	0.0326376334	0.0674398916	0.0041910854	-0.0424908739	-0.0965202895	0.1023498913	0.0564500925	0.0220647232	-0.1551071186	-0.0704549143	0.0168358763	-0.0906868013	-0.0544357549	0.0082805608	0.1507585873	0.0643994854	0.1311531734	-0.1076422169	0.0079759044	0.1194339119	-0.0226217734	-0.0036002939	-0.0057498065	0.0495230057	-0.1500927551	0.0799487103	-0.1091944619	0.0338580713	0.0502320755	-0.0326024347	-0.1124270112	0.0988833746	-0.043188934	-0.0816323871	0.0517385165	-0.0518171244	0.00261049	-0.0939403026	0.1381523905	0.1241637244	0.0447896751	-0.0772216734	-0.0798077096	0.0031989730971133	-0.0037167536654295	1.0233428876054658e-05	1.3814257809483626e-05	0.0659634270606375	0.0366389088763839	0.004351173709584	0.0013424096436519	0.0035756811911227	-0.0475496397341572	0.0022609682388481	1.278549598054865e-05	2.6080136017128368e-05	-0.0003590119898712	1.2888960887133005e-07	6.801734946719163e-10	0.0010319948069319	-0.0001579787768263	1.0650132815344096e-06	2.4957293927565465e-08	-0.0001550129813729	2.16559951400012e-07	2.402902439411504e-08	4.689821255037556e-14	0.0	0.0	0.0	0.0	0.0	0.0	0.0	0.0	0.0	0.0	0.0	0.0	0.0	0.0	0.0	0.0	0.0	0.0	0.0	0.0
829.7744237374881	0.9549681315584166	0.9119641322921732	688525.5942888804	900.9292087203886	-0.8151497402074028	811673.4391255456	0.6644690989601963	821.442239311304	-0.1028491245226632	0.0105779424150782	674767.3525247696	823.7536723915393	762.2587967638053	1.070706	22.534586	0.1480031626220308	0.0907584584803402	-0.1548834774	0.0573287506	0.052921713	0.0428300977	-0.152235517	0.0499385173	-0.0600263523	-0.0160007682	-0.1345137107	-0.1353728491	0.0662348305	0.0703454381	0.0903967431	0.0466700868	0.0253804546	0.0321983413	-0.1966367007	0.1527935759	0.1036403752	-0.0424431291	0.0816917822	0.0595995147	-0.0908507464	-0.019770924	0.0126769139	-0.1189241023	0.1231865127	-0.1889195195	-0.1064254632	0.0008889071	0.0474005582	-0.1366194489	0.0295242895	0.1398170469	-0.1342093426	-0.0826194333	-0.1559549232	0.1237591024	0.042564251	0.0756421278	-0.0746974585	0.1571062781	0.1156446169	0.0236079978	0.1185316089	0.0564183053	-0.1140919542	0.0838536626	0.0405933714	0.0429467592	-0.144189238	-0.1317967278	0.0139879209	0.0873530257	0.0252848687	-0.0823644609	-0.0692973963	-0.0002130148894821	-0.0034119879865954	4.537534314107129e-08	1.1641662020671333e-05	-0.0136747906225167	-0.0796382176831542	0.0001869998985696	0.0063422457157494	-0.016159843806335	-0.0197355249974576	0.0003894909469252	0.0002611405518451	0.0004018368697996	0.0003757567337824	1.4119312298287128e-07	1.6147286993034068e-07	0.0011068774583211	7.488265138920003e-05	1.2251777077393787e-06	5.607411479076461e-09	-0.0006087222352977	-0.0004537092539247	3.705427597458284e-07	2.0585208709699865e-07	0.0	0.0	0.0	0.0	0.0	0.0	0.0	0.0	0.0	0.0	0.0	0.0	0.0	0.0	0.0	0.0	0.0	0.0	0.0	0.0
831.6339942589742	1.859570521486148	3.458002524380265	691615.1004071356	906.987499026433	6.058290306044455	822626.3233902239	36.70288143231222	824.1661132641053	2.723873952801341	7.419489310749602	679249.7822528621	827.2127020852859	766.8801522314869	1.10823	23.324341	0.1506346808496047	0.0797591640622671	-0.1593821057	0.0120083416	-0.045591262	0.1874136303	-0.1696484946	0.0556143638	4.7209e-05	0.0145918738	0.0182403216	-0.1257161052	0.1684578278	-0.0101914687	0.1689621501	0.0283681595	0.048448652	-0.0157713431	-0.0174934516	0.0355402924	-0.0058318931	0.2819895953	0.1596478336	-0.0165421182	-0.1681144105	-0.0318683686	-0.0359701479	-0.0122788123	-0.0615720499	-0.0352123417	0.0322453497	0.2594077462	0.1416216874	-0.1712980012	0.0793546185	0.1328122545	-0.0104773783	-0.0611411681	0.0150791546	-0.0555178706	-0.0734742692	0.1037130667	-0.0358295987	-0.0018577475	0.1904683562	0.1632546588	0.0891320767	-0.0203202358	-0.1528659222	-0.068625451	0.0274802378	0.0357750124	-0.0439968509	-0.1062625294	-0.0657281318	0.0508581007	0.0230885233	-0.0873863672	-0.0583804184	-0.0318610178693887	-0.0316480029799066	0.0010151244596735	0.0010015960926161	-0.0583254638785604	-0.0446506732560437	0.0034018597366492	0.0019936826222179	-0.0655628865647344	-0.0494030427583994	0.0024406606337882	0.0042984920947002	0.00039310604785	-8.730821949599996e-06	7.622725191561708e-11	1.545323648562465e-07	0.0011767967920164	6.991933369530001e-05	1.3848506897000903e-06	4.8887132243947155e-09	-0.0010287313167579	-0.0004200090814602	1.0582881220784429e-06	1.7640762850904097e-07	0.0	0.0	0.0	0.0	0.0	0.0	0.0	0.0	0.0	0.0	0.0	0.0	0.0	0.0	0.0	0.0	0.0	0.0	0.0	0.0
833.834263159788	2.2002689008137395	4.841183235888101	695279.5784192265	904.5492996496656	-2.438199376767443	818209.4354967006	5.944816200869147	825.61356456628	1.447451302174727	2.095115272167313	681637.7579958391	827.8160537104799	787.0396441968168	1.305795	27.482389	0.2429203231473065	0.1419511300359233	-0.2375425615	0.1139535592	0.0108162014	-0.1056476905	-0.2050864881	0.0061052528	0.110637612	0.0009238704	0.0848485972	0.0819281723	0.2382662201	-0.0487750277	0.0658427378	0.0920885377	-0.0538199511	-0.1772692648	-0.092416308	-0.1226050685	0.0037532895	0.0263008739	0.2368572213	-0.0676085615	-0.0664382229	-0.0663731025	0.0337614397	0.1743216363	0.0924827627	0.0118375544	0.0150893331	0.0516218494	0.0586648637	-0.2029367683	0.0271406108	0.0671873762	0.0382769225	0.1384547684	0.0838236065	-0.0561860716	0.1349363061	0.3620074066	-0.1139359443	-0.0813914442	0.1494601855	-0.0258331335	0.0110614516	0.1247624554	0.3016472527	-0.1568292982	0.1711191745	-0.1502249531	-0.0127181243	-0.0550664336	-0.1224065601	-0.0744037675	-0.1692215834	-0.092280022	-0.0471208409	-0.0533945092431764	-0.0215334913737877	0.0028509736173196	0.0004636912507449	0.054629280207834	0.1129547440863944	0.002984358256026	0.0127587742116228	-0.0869647858586688	-0.0214018992939344	0.0004580412933877	0.0075628739794441	-0.0011569930088997	-0.0015500990567497	2.40280708573631e-06	1.3386328226427814e-06	0.0009880934581218	-0.0001887033338946	9.763286819830974e-07	3.5608948222936916e-08	-0.0010269299395384	1.8013772195000534e-06	1.0545851007203418e-06	3.244959886933744e-12	0.0	0.0	0.0	0.0	0.0	0.0	0.0	0.0	0.0	0.0	0.0	0.0	0.0	0.0	0.0	0.0	0.0	0.0	0.0	0.0
826.6277513988967	-7.206511760891203	51.93381175986323	683313.4393827963	906.3687820902632	1.81948244059754	821504.369147787	3.310516351642779	825.2644334428766	-0.349131123403481	0.1218925413289767	681061.3851057921	828.7564521653694	780.3253770071472	1.632155	34.351109	0.3023914504234886	0.1377775407510037	-0.2026807224	-0.0980248198	0.0255489779	-0.1545239603	-0.1934904442	0.1548754298	0.0080609816	-0.1607230583	-0.0727484752	0.0946489	0.2776708368	-0.0375595076	-0.1926948749	0.0928388191	0.0429973345	-0.1966349145	0.0293605167	-0.0051222552	0.1066644512	0.2291687297	0.2945665372	-0.0855808889	0.156549216	-0.0813654932	-0.140609176	0.0813771805	-0.0031267452	-0.1492184733	-0.0924963793	0.2117252842	-0.0169509277	-0.2062702092	0.1580887243	0.0516709076	0.1230870147	0.045572289	-0.0816958863	-0.2742756477	-0.0203116777	0.4369869674	0.0239410786	0.0524550945	-0.0813080575	-0.2054258851	0.0538659711	-0.1032922617	-0.0364474589	0.2025813491	-0.0960129343	0.2987264986	-0.145713013	0.1194395548	0.1138110618	0.0900819303	0.1713232378	-0.0970382431	-0.0355847396	-0.0587881817949806	-0.0053936725518041	0.0034560503187596	2.9091703596085972e-05	-0.0119296634024124	-0.0665589436102464	0.0001423168688948	0.0044300929745119	-0.0265660214504208	0.060398764408248	0.003648010742043	0.0007057534957042	0.0006153977973717	0.0017723908062714	3.141369170155383e-06	3.787144490099399e-07	0.0003848692082886	-0.0006032242498332	1.4812430748869377e-07	3.638794955868269e-07	-0.0020521162804976	-0.0010251863409592	4.2111812286833046e-06	1.0510070336893133e-06	0.0	0.0	0.0	0.0	0.0	1.0	0.0	0.0	0.0	0.0	0.0	0.0	0.0	0.0	0.0	0.0	0.0	0.0	0.0	0.0
817.846290361696	-8.781461037200756	77.11405794787498	668872.5546583876	886.4793216728725	-19.88946041739064	785845.5877535961	395.59063569494896	818.324473006002	-6.939960436874571	48.16305086538429	669654.9431205508	822.3093995484886	753.22141849374	1.765118	37.149517	0.6052494283903134	0.349425769362398	-0.1533926805	-0.2770941764	0.1640324129	0.0778174804	0.047296321	0.3559466602	0.0667491248	-0.1314272176	-0.1130432325	-0.0433181238	0.0142684549	0.2822070203	-0.2292159691	0.0689161279	0.0215651443	-0.3146723674	0.093800958	-0.03878291	0.2976870582	0.215867939	0.1076015646	0.3044849924	0.2444700899	0.0021636945	-0.1341034241	0.3634878667	-0.0229547164	0.0254681709	-0.2521650188	0.2122129092	0.1966707206	-0.2474750267	0.2968813974	-0.1664609007	0.1034011665	-0.2517336705	0.2317641034	0.1658325385	0.0022774168	0.0643299738	-0.0309209039	0.1996511096	-0.1818934911	-0.1483130179	0.1696084379	-0.1069768896	-0.2619046944	-0.0736381697	-0.1724471027	0.0372542204	0.3154094303	0.0866388957	-0.0551448092	-0.1596162895	-0.1812421083	-0.1016540472	-0.023839813	0.0137802955059243	0.0725684773009049	0.0001898965442305	0.0052661838977719	-0.03808190741114	-0.0261522440087276	0.0014502316720706	0.000683939866692	-0.3541104076317367	-0.3275443861813158	0.1072853249188949	0.1253941807931147	-0.0003762041701372	-0.0009916019675089	9.832744619675217e-07	1.4152957762861933e-07	0.0013570825941813	0.0009722133858926	1.841673167429847e-06	9.45198867708948e-07	-0.0004362452159119	0.0016158710645857	1.9030988840602025e-07	2.611039297365324e-06	0.0	0.0	0.0	0.0	0.0	0.0	1.0	0.0	0.0	0.0	0.0	0.0	0.0	0.0	0.0	0.0	0.0	0.0	0.0	0.0
819.7749063779804	1.9286160162844224	3.719559738268796	672030.8971270266	885.3553713465029	-1.1239503263695951	783854.133572104	1.2632643361463194	820.4849073431465	2.1604343371444656	4.667476525112846	673195.4831778916	825.002822332552	713.7759033696228	2.882663	60.669903	1.437309767153364	0.9060908195113536	0.1002921509	0.2033548652	0.436456358	-0.1521807667	0.0711342605	0.0063140002	-0.0731155945	-0.0725527559	-0.2042448658	0.2286679973	0.0384277547	0.2595827369	-0.2396925911	-0.3601712104	-0.3694919315	0.0697396012	0.1286993583	-0.3299329381	-0.0796151153	-0.0699204248	0.0741576387	0.1637939024	0.2379746237	0.4175757007	0.3173806534	0.1630960794	-0.1288414548	0.1817130563	0.2309856582	0.0408848863	-0.2211995403	0.0304776969	-0.088790026	-0.4033893559	-0.3680367162	0.2215743531	0.1167110819	0.3031585955	0.1162750983	0.1380208285	-0.1732073362	-0.1842859936	0.2112379075	-0.1038578944	0.1502795622	-0.0177563041	-0.0044947139	0.3197367386	-0.2300284705	-0.1862734245	0.1442961559	-0.1220321767	-0.0972862435	-0.0523407367	0.0600495496	-0.10612066	-0.0119549848	0.1227388787888799	0.1089585832829556	0.0150648323663513	0.0118719728710287	0.1807685677616461	0.2188504751727861	0.0326772750905968	0.0478955304833542	0.3930197554549153	0.747130163086652	0.5582034805938872	0.1544645281778414	-0.0061971950892705	-0.0058209909191333	3.3883935280632334e-05	3.84052269744784e-05	0.0014532444320847	9.616183790340008e-05	2.1119193793851825e-06	9.247099068959793e-09	0.0008940129392708	0.0013302581551827	7.992591355836152e-07	1.7695867594300802e-06	0.0	0.0	0.0	0.0	0.0	0.0	0.0	1.0	0.0	0.0	0.0	0.0	0.0	0.0	0.0	0.0	0.0	0.0	0.0	0.0
819.9076810618915	0.1327746839110659	0.0176291166876834	672248.6054642884	883.7575923943081	-1.597778952194858	781027.482114584	2.5528975800768983	820.514693699526	0.0297863563795317	0.0008872270263684	673244.3625768269	822.5778293198475	722.0369109080125	2.554665	53.766701	0.2029307562387063	0.1131310528497523	0.0814476792	-0.1769033871	-0.0709042738	-0.2224375342	0.0676186233	0.010298133	-0.0579846622	-0.0278562554	0.0678584584	0.2277220759	0.0484101517	-0.0878319824	-0.1688251668	0.0419984675	0.034989167	0.4117866651	0.1873035563	-0.0535174689	-0.1221085462	0.413041544	0.0341624193	-0.0784523258	0.152137935	-0.0416480428	0.0981921418	-0.3474476802	-0.2859871749	0.1101220776	-0.0166104665	0.3769379083	-0.1086692993	0.0726728196	-0.193070004	-0.3184201757	-0.0275559119	-0.3983520447	-0.1474682168	-0.3123621842	-0.1490167994	0.0544783226	-0.1301943005	-0.1027815644	0.1505674177	0.0482478894	0.0808482103	0.3349652016	-0.0673801221	-0.0334630868	0.0525199479	-0.2035680714	-0.0533815244	0.2968048507	0.1263772099	0.0738748247	0.1422592691	-0.1104315261	-0.0	0.116981740315353	-0.0057571384735269	0.0136847275672086	3.314464340336373e-05	0.0848061633777632	-0.0959624043838829	0.0071920853468558	0.0092087830551358	0.3735466730255865	-0.0194730824293288	0.0003792009392994	0.1395371169284844	-0.0065180996646699	-0.0003209045753994	1.0297974651226941e-07	4.248562323856987e-05	0.0019238591269445	0.0004706146948597	3.701233940327654e-06	2.2147819101798267e-07	5.076959049064595e-05	-0.0008432433487801	2.577551318587888e-09	7.110593452619686e-07	0.0	0.0	0.0	0.0	0.0	0.0	0.0	0.0	1.0	0.0	0.0	0.0	0.0	0.0	0.0	0.0	0.0	0.0	0.0	0.0
815.8023642370378	-4.10531682485373	16.853626232427114	665533.4974947404	878.9149827079539	-4.842609686354194	772491.5468285228	23.45086857437147	817.0983549825261	-3.416338716999917	11.671370229272638	667649.7217151502	820.9470422489127	720.3031381815939	2.133638	44.905556	0.6291527865538561	0.4075744456563432	-0.0092434668	-0.1986780948	0.2434877775	-0.2455876955	0.0644046734	0.3226677421	0.0503885998	0.2514162114	-0.2750422368	0.2638801173	-0.0351148121	0.2883841845	-0.2480758388	0.0983333261	-0.0522087842	0.1913255268	-0.175851206	-0.1065214081	0.2926009242	-0.1353150938	0.0374490175	0.31907932	0.2642464232	-0.0046426543	0.1743410343	-0.051531525	0.2601788349	0.2166680482	-0.1475974486	-0.0730767322	0.0717811401	-0.1624719052	-0.0672850163	-0.3141531632	0.1293030177	-0.0431382886	0.0161573375	0.1819737121	-0.0397466422	0.0113153863	0.0129172727	-0.0080586025	0.1290287722	0.2424044367	0.0836761695	0.0486215328	0.2470741848	-0.142500177	0.0759091222	0.3397889416	-0.0366676976	0.040830739	-0.0425518217	-0.0596610762	0.0210777573	-0.1145803187	0.0119549848	0.0445537485216078	-0.0724279917937451	0.0019850365073266	0.0052458139952748	0.0559103888452625	-0.0288957745325007	0.0031259715808284	0.0008349657858331	0.0060176579353736	-0.3675290150902128	0.1350775769331819	3.621220702716485e-05	-0.0047556928951632	0.0017624067695067	3.106077621203042e-06	2.261661491310574e-05	0.0011138924300284	-0.0008099666969161	1.240756345674574e-06	6.560460501131774e-07	-0.0005828570458345	-0.0006336266363251	3.397223358789205e-07	4.014827142607188e-07	0.0	0.0	0.0	0.0	0.0	0.0	0.0	0.0	0.0	1.0	0.0	0.0	0.0	0.0	0.0	0.0	0.0	0.0	0.0	0.0
825.2876202484515	9.485256011413751	89.97008160206074	681099.6561353523	888.3811462027895	9.466163494835657	789221.0609285821	89.60825131095918	820.7242848257	3.6259298431739353	13.14736722761936	673588.3517026567	822.7966872182201	724.8446207337577	1.900237	39.99329	0.2943556727407631	0.1402869063372251	-0.1425130887	-0.295393143	0.324079983	0.2138047966	-0.0303807318	0.4089961959	0.0285239714	0.0689757831	0.1843198709	-0.1806940329	0.0417405025	0.1904581766	0.0241651339	0.3705915168	0.1598853708	-0.1226275383	-0.002326919	-0.4312163005	-0.1062177484	0.0249291035	0.0946065672	0.2588689667	-0.0178404476	-0.3407342934	-0.1891625518	0.0669713344	0.1211018718	0.214904248	0.2215133271	0.2057551105	-0.2136904391	-0.3140074735	0.1451823471	-0.2982570763	0.1693210562	0.1343300355	-0.1496348843	0.0632200953	0.0481588899	-0.134967126	0.0115226388	-0.2395290403	0.0695791646	0.2608811181	-0.2914813738	-0.1706412957	0.0358861141	-0.0092856493	-0.0878238419	0.0624778136	-0.2638466062	-0.0622669395	0.2188029157	-0.1131384985	-0.0301882812	-0.1185609488	0.023839813	0.0124359191097767	-0.0321178294118311	0.0001546520841049	0.0010315549661274	0.0324205448771977	-0.0234898439680648	0.0010510917301343	0.000551772769644	-0.0593043421536236	-0.0653220000889972	0.0042669636956269	0.003517004998274	-0.0038308778843924	0.0009248150107708	8.552828041469956e-07	1.467562536512679e-05	0.0001260969205125	-0.0009877955095159	1.5900433362735748e-08	9.757399686197763e-07	-0.0021387665109852	-0.0015559094651507	4.574322188511806e-06	2.420854263745538e-06	0.0	0.0	0.0	0.0	0.0	0.0	0.0	0.0	0.0	0.0	1.0	0.0	0.0	0.0	0.0	0.0	0.0	0.0	0.0	0.0
826.7844744678272	1.4968542193756775	2.240572554062769	683572.5672210412	891.6942775234854	3.313131320695902	795118.6845681306	10.976839148176172	821.3799223310492	0.6556375053492047	0.4298605384205284	674664.9768085604	823.1864823946465	747.1087986999183	1.710599	36.002087	0.1764002936617389	0.0877159518055522	-0.1632357802	-0.3058115774	0.0064884296	-0.0318731992	-0.0215126062	0.2162782967	-0.1111067179	-0.0288656314	0.1352411304	-0.0837688932	0.0434954909	0.0567762735	0.0712124177	0.3103370869	-0.0727785108	-0.1213317248	0.0505742387	-0.1000030771	-0.0958257434	-0.2931937588	0.0887650497	0.1261282318	-0.0442836055	-0.3126089577	0.0201031571	0.1510067971	0.0224330031	0.0672768669	0.0337219694	-0.216268103	-0.2139065118	-0.2365003396	0.0131108678	-0.1747261588	0.2501808074	0.0280578133	0.1525661865	0.0563663009	-0.0838206108	-0.2498875916	-0.0726398731	0.2905067166	-0.1410931499	0.0059583058	-0.0984971372	0.0561231595	-0.0302866007	0.1538435462	0.1955459709	-0.3208551709	-0.0310229879	0.2056658806	-0.0019336507	0.1276081997	-0.0308578983	-0.1223675745	0.0355847396	0.0315335159594383	0.0190975968496616	0.0009943626287641	0.0003647182054322	0.0876231759296217	0.055202631052424	0.0076778209599934	0.00304733047511	-0.0540905066236803	0.0052138355299433	2.718408093329918e-05	0.0029257829068064	-0.0031971689703251	0.0006337089140672	4.015869877683565e-07	1.022188942480966e-05	0.0005359912604854	0.0004098943399729	2.87286631316728e-07	1.6801336994181937e-07	-0.0012446451604312	0.000894121350554	1.5491415753848076e-06	7.994529895165093e-07	0.0	0.0	0.0	0.0	0.0	0.0	0.0	0.0	0.0	0.0	0.0	1.0	0.0	0.0	0.0	0.0	0.0	0.0	0.0	0.0
827.5780675604008	0.7935930925735875	0.6297899965805106	684885.4579070073	893.4191704498478	1.7248929263623722	798197.8141272942	2.975255607414948	823.3767519318656	1.9968296008163409	3.987328454696346	677949.2756218689	827.0438251584741	718.1913241894925	2.203803	46.382282	0.934539582230612	0.6499807939529926	0.0895271122	0.0727139658	0.0320814343	-0.0988766707	0.0516240561	-0.0528246121	-0.1163231404	-0.0322029379	-0.0641737328	0.1810832239	0.1362552274	-0.106251996	-0.1405971926	0.0063750216	0.042884995	0.1517925788	0.1369818474	-0.0824968847	-0.3002536905	-0.1987381946	0.1125942059	-0.1284671985	0.124143735	-0.0141935419	0.0317928624	-0.1785342181	-0.0797827203	0.0538873653	0.1571530169	-0.1524707557	-0.2867975923	0.0788004979	-0.1389638712	-0.107645994	0.0475398662	0.1990661927	-0.0688279851	-0.1893405441	-0.0969105679	-0.1027795352	-0.2697818391	-0.0700564615	-0.188928641	-0.1282105566	0.0662490021	0.0201016756	-0.0633972957	0.040754486	-0.2440613315	0.0913217361	-0.1175437815	0.0071727082	-0.1512338342	0.0520175844	-0.1097850702	-0.1259946088	0.0471208409	0.0594454176720802	0.0279119017126419	0.003533757682208	0.0007790742572161	0.2383607349345595	0.1507375590049378	0.0568158399585433	0.0227218116947671	0.5420873431421569	0.5961778497658372	0.3554280285514171	0.2938586875949225	-0.0054248420450702	-0.0022276730747451	4.9625273279442885e-06	2.9428911213961436e-05	0.0013118694272542	0.0007758781667687	1.7210013941642624e-06	6.019869296685136e-07	-0.0010539509670012	0.00019069419343	1.1108126408427645e-06	3.6364275407918275e-08	0.0	0.0	0.0	0.0	0.0	0.0	0.0	0.0	0.0	0.0	0.0	0.0	1.0	0.0	0.0	0.0	0.0	0.0	0.0	0.0
824.6460280178752	-2.9320395425255583	8.596855878933486	680041.0715256582	877.692072406137	-15.72709804371084	770343.3739645795	247.3416128764933	823.3979184440012	0.0211665121356645	0.0004480212359892	677984.1320979141	825.5831375765599	705.9082069773648	1.431307	30.123978	0.0991281211741654	0.0641689900639002	0.1515331015	-0.0532292668	-0.0669337569	-0.2200656473	0.1596613279	-0.0839552746	0.1612237617	0.0842188655	0.0484438598	0.187426815	0.0817250205	-0.1930285178	-0.1138945744	-0.0948017713	0.01598372	0.1163444096	-0.108287292	-0.1005438688	-0.1190684699	-0.1108858005	0.0472965724	-0.2254895581	0.1139071259	0.0516780875	0.0569518028	-0.0953480602	0.0875786517	0.0903354396	0.1696691728	0.0002966956	-0.0226480747	0.1365575103	-0.1450422031	-0.0339712404	0.1740103825	0.0828925868	-0.0937695826	0.0185885769	-0.044283068	0.0156378826	-0.2637893477	0.1408074729	-0.117394605	-0.1907947048	0.1317936885	0.0069737542	0.0122967127	-0.148738726	0.1456619711	0.002285427	-0.0592620098	-0.0870238959	-0.2079103722	-0.1621957774	0.1716405757	-0.1294367287	0.0583804184	0.0745385119099779	0.0150930942378977	0.0055559897577539	0.000227801493674	0.2375402975869605	-0.000820437347599	0.0564253929777017	6.731174413353026e-07	0.6023047427856056	0.0602173996434487	0.0036261352198188	0.3627710031820346	-0.0054557874803069	-3.0945435236700083e-05	9.576199619887991e-10	2.9765617030273515e-05	0.0016100303626844	0.0002981609354302	2.5921977687656605e-06	8.889994341661195e-08	-0.0009231135387637	0.0001308374282374	8.521386054488411e-07	1.7118432627802937e-08	0.0	0.0	0.0	0.0	0.0	0.0	0.0	0.0	0.0	0.0	0.0	0.0	0.0	0.0	0.0	0.0	0.0	0.0	0.0	0.0
822.3725368002004	-2.2734912176748594	5.168762316844715	676296.5892831968	884.645857641302	6.953785235165015	782598.2934419147	48.35512909679896	820.9739662770475	-2.423952166953768	5.875544107679867	673998.2533046666	824.209359366534	716.274105626762	1.375389	28.947094	0.3330612440922098	0.1892569234448036	0.0812954142	-0.0881855922	0.1167961017	-0.1890701667	0.1034578543	0.1319359543	0.0189595828	-0.0159550327	-0.0278377726	0.1770774925	0.0474785206	-0.029369057	-0.2166958714	0.0333290179	0.0747617093	0.154108058	-0.1128245705	0.1593392121	-0.0704027439	-0.1443550257	0.0567699103	-0.0522469859	0.2104338435	0.0007735671	0.0038399619	-0.27845832	0.0968418096	-0.0967321097	0.0253196631	-0.1323494238	-0.0717337595	0.0666715101	-0.1134623794	-0.0735593086	0.0049961677	0.1089817557	-0.2404152705	0.0038237792	-0.192527094	-0.1052735653	0.0841383225	-0.0204709015	-0.1367933987	-0.107586289	0.1831969671	-0.1150840548	-0.0627745707	-0.0565077691	-0.0420229857	0.0998142152	-0.2048782079	-0.0413476729	-0.0050974747	-0.1571794573	0.0093490032	-0.1326888823	0.0692973963	0.0898872402419641	0.0153487283319861	0.0080797159583165	0.0002355834614091	0.0667142525325203	-0.1708260450544402	0.0044507914909728	0.0291815376689416	0.651048098594714	0.0487433558091083	0.0023759147355333	0.4238636266837924	-0.0042927454076988	0.0011630420726081	1.352666862656546e-06	1.8427663135319136e-05	0.002145064031459	0.0005350336687745	4.601299699059137e-06	2.862610267224082e-07	-0.0011879000953145	-0.0002647865565507	1.4111066364481982e-06	7.011192053002998e-08	0.0	0.0	0.0	0.0	0.0	0.0	0.0	0.0	0.0	0.0	0.0	0.0	0.0	0.0	0.0	0.0	0.0	0.0	0.0	0.0
818.2654527039927	-4.1070840962077	16.86813977332222	669558.3510888701	871.3641673831121	-13.281690258189885	759275.5121992641	176.40329611449604	815.8560604138321	-5.117905863215356	26.192960424734117	665621.1113139784	818.9211295073347	673.2351821954203	1.80264	37.93922	0.5183937826194683	0.3207438836048897	0.2765144919	-0.177026584	-0.1302704982	0.1024802646	0.2764160179	-0.1124963553	0.0473328995	0.073535345	0.043492549	-0.1982480633	-0.2769363218	-0.1518083934	-0.101054838	0.0355571262	0.1290251552	0.0535584379	-0.1158376799	-0.0953614092	0.1786405137	0.1555259036	-0.2874401432	-0.0971038015	0.1047105989	-0.0504907722	-0.0419209591	-0.0496387588	0.1313975293	0.1037318238	-0.1350987661	0.1750821083	0.1290208202	0.2439687446	0.0378108904	-0.0057545042	0.1579398853	-0.2045002794	-0.1731510099	0.0577767402	0.0010900231	0.0422965924	-0.127534004	-0.0496719502	0.0087476718	-0.0319261637	0.0109921258	-0.1225511116	-0.1176781192	-0.0507685544	0.0538387031	-0.10642543	-0.0572868034	-0.2190419379	-0.0333600971	-0.0039866125	-0.2685415824	-0.1357462967	0.0798077096	0.1130579036044423	0.0231706633624782	0.0127820895674313	0.0005368796406572	0.153942932763158	0.0872286802306377	0.0236984265477221	0.0076088426547788	0.9439644669444364	0.2929163683497223	0.0857999988471902	0.8910689148536939	-0.0050607992598606	-0.0007680538521618	5.899067198205811e-07	2.56116891486056e-05	0.0032509522559671	0.0011058882245081	1.0568690570577575e-05	1.2229887651056784e-06	-0.0007602807584518	0.0004276193368627	5.780268316720442e-07	1.828582972588953e-07	0.0	0.0	0.0	0.0	0.0	0.0	0.0	0.0	0.0	0.0	0.0	0.0	0.0	1.0	0.0	0.0	0.0	0.0	0.0	0.0
826.3009435198961	8.035490815903472	64.56911265246904	682773.2492618705	877.8604329115043	6.4962655283922	770638.9396715737	42.20146581537679	819.1664774176779	3.310417003845828	10.958860739351588	671033.7177248871	820.8517660553922	689.2075674580929	1.478821	31.123968	0.4755690905759089	0.2934954652674078	0.2513958603	0.0721287029	-0.0577113971	0.1459735345	0.1579534704	-0.1786606528	0.1212561176	0.0979780157	-0.0171910573	-0.2703412363	-0.1857449607	-0.1375236541	0.013571142	-0.1563721672	0.3197429462	-0.0958551578	0.0053413634	-0.1141114862	0.1291443843	-0.0474740356	-0.2255606765	-0.1165637024	-0.0172093989	0.1239746103	-0.3165712783	0.0263138335	0.1606889176	0.1915164128	0.0074724447	-0.0505158009	0.1108303124	0.300176732	0.3246072297	0.0696785622	0.186481675	-0.0217557949	0.0334048891	0.1785864838	0.0591327214	0.0661801608	-0.0795626979	-0.0554274645	-0.0108345746	0.0629407996	-0.0385601047	0.0731449752	0.0218481541	-0.0454820415	-0.0543495675	-0.0639221055	-0.0656435653	0.0508680448	-0.0423685019	0.149310217	0.0560973102	-0.1386044847	0.0898496795	0.0803071056540432	-0.0327507979503991	0.0064492312185296	0.0010726147663878	0.2043196684650183	0.0503767357018603	0.041746526921655	0.002537815499975	1.221733160701561	0.2777686937571245	0.0771554472315392	1.492631915957826	-0.0051404284620919	-7.962920223129975e-05	6.3408098479932335e-09	2.6424004773884497e-05	0.0049638004688659	0.0017128482128988	2.463931509471333e-05	2.933849000430613e-06	-0.0012612606066522	-0.0005009798482004	1.5907783178926756e-06	2.509808083028959e-07	0.0	0.0	0.0	0.0	0.0	0.0	0.0	0.0	0.0	0.0	0.0	0.0	0.0	0.0	0.0	0.0	0.0	0.0	0.0	0.0
825.6157562705439	-0.6851872493522251	0.4694815666748683	681641.3770021822	882.5564504986161	4.696017587111783	778905.8883167162	22.052581178463168	820.0889223077324	0.9224448900545212	0.8509045751876978	672545.8404918581	823.3788213899678	702.6388435569229	0.93629	19.70561	0.1929708475312131	0.1113853773868785	0.2228549744	0.0587355829	-0.0672447201	0.0238472033	0.1254927538	-0.1384142871	0.089933739	-0.007302827	-0.2448729293	-0.0605340497	-0.1222691159	-0.0941290195	-0.0480772798	-0.2305535912	0.3209591697	-0.0038808078	-0.0983117617	-0.0498246224	-0.0177657341	-0.0657239204	-0.1580909626	-0.1017182766	0.0489848035	0.1948935437	-0.28026583	-0.0918668173	0.1005695091	0.0440944427	0.0701426948	-0.043942021	0.1266779461	0.2899298766	0.3059902385	0.0824304891	0.1102886732	-0.069970418	-0.0348480697	0.1670159653	0.0487132473	0.0498397276	-0.0131123766	-0.0615411097	-0.0711771627	0.023301786	-0.0452372334	0.1107713263	0.0972744184	0.0634322461	0.0505573234	-0.0412952913	-0.0530476122	-0.0135865797	-0.1359631957	-0.1226461874	0.0567491111	-0.1412592515	0.0993643757	0.0738823421998517	-0.0064247634541915	0.0054586004889359	4.127758544231474e-05	0.1319125762206852	-0.0724070922443331	0.017400927765178	0.0052427870072793	1.1947486917144374	-0.0269844689871234	0.000728161566517	1.42742443635336	-0.003781970895795	0.0013584575662969	1.8454069594292963e-06	1.4303303856640436e-05	0.0048008426480559	-0.0001629578208099	2.3048090131392388e-05	2.6555251363144024e-08	-0.0014829356764566	-0.0002216750698044	2.199098220507794e-06	4.9139836572785645e-08	0.0	0.0	0.0	0.0	0.0	0.0	0.0	0.0	0.0	0.0	0.0	0.0	0.0	0.0	0.0	0.0	0.0	0.0	0.0	0.0
825.2027798514524	-0.4129764190914784	0.1705495227256204	680959.6278745646	884.2449652548949	1.688514756278778	781889.1585786302	2.851082082171181	819.9310871081406	-0.1578351995918865	0.0249119502302106	672286.9876063372	821.2649422299672	693.9069805384967	0.971269	20.441793	0.2827571951265139	0.1691068460840263	0.2045936594	0.0599016409	-0.0335019175	0.1672009773	0.1195409883	-0.1323368068	0.0555188178	0.0298567954	0.0296968345	-0.0870173537	-0.1357894132	-0.1524260042	0.0108906211	-0.0953526418	0.2019113239	-0.0045829045	0.055665311	-0.0079831153	0.13292553	0.0260306125	-0.1783305719	-0.1227849706	0.0089078162	0.0589178954	-0.2248780563	0.0196591653	-0.0372074192	0.1032389468	-0.022194949	0.0035526368	0.14290241	0.2360647031	0.2379967136	0.0603556144	0.0251138298	-0.0436007112	0.0009889392	0.1310714158	0.005892587	-0.0038246178	0.1522211786	-0.114192352	0.0072180076	0.1465833423	-0.0976929366	0.1175776118	0.1111294146	0.1566682	-0.1304516311	0.0969147646	-0.0508855044	0.1031799983	0.1109140204	0.0661975495	0.0452587293	-0.1437067008	0.1082959623	0.1043187967126897	0.030436454512838	0.0108824113475834	0.000926377763312	0.1221371216781221	-0.009775454542563	0.0149174764918164	9.555951151371743e-05	1.0697549784197946	-0.1249937132946428	0.0156234283631833	1.1443757138539352	-0.002328054266361	0.001453916629434	2.113873565344724e-06	5.419836667121655e-06	0.0053288279210985	0.0005279852730425	2.839640701267896e-05	2.7876844854986857e-07	-0.0011138061234038	0.0003691295530528	1.240564080531801e-06	1.3625662693695997e-07	0.0	0.0	0.0	0.0	0.0	0.0	0.0	0.0	0.0	0.0	0.0	0.0	0.0	0.0	0.0	0.0	0.0	0.0	0.0	0.0
830.7672605237401	5.564480672287687	30.963445152263223	690174.2411581199	888.7604506791004	4.515485424205508	789895.1386913176	20.3896086162124	823.9016181860077	3.970531077867122	15.765117040308647	678813.876449522	825.9040503890691	723.0383797719192	1.330103	27.99399	0.5536765899387375	0.3197366549424534	0.0848716257	0.0331238805	-0.1266378219	0.0231280169	0.0262356074	-0.1353082364	0.0207157089	0.1414424237	-0.0028902218	0.0182925018	0.0133001455	-0.0773258701	0.1582178824	-0.1881935826	0.0873986913	0.0633078121	-0.0219312001	-0.0920543729	-0.0076933465	0.0448359223	-0.031277783	-0.100527767	-0.1599880483	0.159028914	-0.0611195098	-0.0439416746	0.0279348088	0.1105286262	0.0245422737	0.0914554274	0.0092641944	0.1353773404	-0.0346235215	0.0717847806	0.0177791634	-0.0385701957	-0.1446857927	-0.0048660014	0.02043448	-0.029967102	-0.0190285615	-0.0360561761	0.0719532898	0.0407972288	0.0786519332	-0.0190674467	-0.0002101194	-0.0726414047	0.0002177368	-0.0429828637	0.2585018769	0.1106343165	0.1247285814	-0.0707155103	-0.0161206634	-0.1459432408	0.1165920251	0.067070253794256	-0.0372485429184337	0.0044984189440259	0.0013874539495463	0.1083800010247273	-0.0137571206533948	0.0117462246221198	0.000189258368672	0.7563732066496556	-0.313381771770139	0.0982081348777915	0.5721004277374826	-0.0040451954881856	-0.0017171412218246	2.9485739756892804e-06	1.6363606537637135e-05	0.0032662836324761	-0.0020625442886223	1.0668608767781268e-05	4.254088942528881e-06	-0.0011199037048922	-6.097581488400013e-06	1.2541843082312756e-06	3.718050000767852e-11	0.0	0.0	0.0	0.0	0.0	0.0	0.0	0.0	0.0	0.0	0.0	0.0	0.0	0.0	1.0	0.0	0.0	0.0	0.0	0.0
830.358166505119	-0.40909401862109	0.1673579160715528	689494.6846817429	894.8148356244608	6.054384945360425	800693.5900536308	36.65557706660696	824.4787671378489	0.5771489518411954	0.3331009126113905	679765.2374611472	827.4122923660636	733.7345847467118	1.205263	25.366535	0.5312042966104681	0.3185248935992046	-0.019870411	-0.0153018147	-0.0531921769	-0.0036438628	-0.0343356359	0.0257612243	-0.0261772241	0.0459404998	0.0917035959	-0.0193526259	0.0974477331	-0.1259284951	0.0546638428	0.0869772508	-0.0414690597	-0.0671855718	-0.0624058809	0.063974403	-0.057739925	-0.0408638716	0.0768189481	-0.10870571	-0.0707160047	-0.1081529188	0.0252854834	0.0468468968	0.0791361046	-0.0561631822	0.0323711754	-0.0554665184	-0.0345149117	-0.0530760604	-0.1078677456	0.1001122948	0.0688954634	0.0923943729	-0.0284233079	-0.0501397738	-0.1075701389	-0.1003577734	0.1849458519	0.0912120886	0.0754350474	0.0120264692	0.0552795855	-0.0107059521	0.1477217305	0.1131507811	-0.1172393064	-0.1233066685	-0.083102788	0.0785830508	-0.0738991497	0.0416382636	0.0078383029	-0.1479655889	0.1242038795	0.0298892949513032	-0.0371809588429528	0.0008933699526859	0.0013824237004813	0.0116814404122607	-0.0966985606124666	0.0001364560501051	0.0093506116245228	0.4814554583230119	-0.2749177483266437	0.0755797683449917	0.2317993583490214	-0.0026753386023078	0.0013698568858778	1.876507887786824e-06	7.1574366369982535e-06	0.0024368403010206	-0.0008294433314555	5.938190652678168e-06	6.879762400959988e-07	-0.001368744064127	-0.0002488403592348	1.873460313082897e-06	6.192152438410436e-08	0.0	0.0	0.0	0.0	0.0	0.0	0.0	0.0	0.0	0.0	0.0	0.0	0.0	0.0	0.0	1.0	0.0	0.0	0.0	0.0
833.0233185170655	2.665152011946475	7.103035246782343	693927.8491931843	895.6103865734639	0.7955509490030863	802117.9645382694	0.6329013124597113	821.9684903434153	-2.5102767944335938	6.301489584671799	675632.1991174332	825.0615937108735	740.8841518080213	1.265997	26.644775	0.1313402093975136	0.0809787684982693	-0.0471269634	0.1265004188	0.0998096852	-0.0205410161	-0.0923718366	0.0203005955	0.1628933329	0.0504916145	-0.0614443168	0.0384442018	0.0280477742	0.0586895743	-0.0656581909	-0.0524290029	-0.1167241487	-0.111446104	-0.2991332908	0.1397249245	-0.1056495413	-0.056782961	0.0311789481	0.0119651562	0.0126801786	0.0500156825	0.1010441594	0.0313834737	0.2205345468	-0.2662732625	0.0655270695	-0.0941883388	-0.0303989677	-0.0551632296	-0.0932464181	0.1476310596	-0.0222557638	0.2482783586	-0.0571805786	0.0385127454	-0.0252240765	-0.1487577011	0.1004467788	0.0273067026	-0.0893481878	0.0582038243	0.1059798095	-0.0350478398	-0.0297109126	0.2653692348	0.1604849843	-0.0015956071	0.1609067652	0.1410985534	0.095397706	0.0722029581	0.0931043171	-0.1497707771	0.1310868562	0.0301651384900765	0.0002758435387733	0.0009099355801254	7.608965788297794e-08	0.0884388160687024	0.0767573756564417	0.0078214241876337	0.0058916947176641	0.4954220465206305	0.0139665881976185	0.0001950655858818	0.2454430041786897	-0.0024901145046085	0.0001852240976993	3.4307966368519975e-08	6.200670246061635e-06	0.0025523395816478	0.0001154992806272	6.514437340046067e-06	1.3340083825400722e-08	-0.0018748287258941	-0.0005060846617671	3.5149827514376946e-06	2.561216848759201e-07	0.0	0.0	0.0	0.0	0.0	0.0	0.0	0.0	0.0	0.0	0.0	0.0	0.0	0.0	0.0	0.0	0.0	0.0	0.0	0.0
811.3033718546701	-21.719946662395387	471.7560830173005	658213.1611827571	872.0738420076897	-23.536544565774197	760512.7859140529	553.9689300966747	812.4115796035595	-9.556910739855766	91.33454288957049	660012.5746739507	816.3112214936647	685.783985788561	2.695819	56.737488	1.182535806611255	0.7764084176318425	0.1842623008	0.2833609558	0.2836959929	0.2393560483	0.2635622712	0.0906320616	-0.0138772593	-0.6258793331	-0.1725236816	-0.2895209293	-0.3802330765	0.1917347141	-0.1242650252	-0.1558329349	-0.0135503462	-0.2848469697	0.390667623	0.2779438884	-0.2298570009	0.0320533949	-0.3289752427	0.2025132773	0.1875745223	0.1461861324	-0.1772327194	0.2015352272	-0.4092841966	-0.3037512586	0.0555849657	-0.0865122493	-0.1625833949	0.1320126958	0.3800178771	-0.192218452	-0.5870241147	0.119293345	0.173892279	-0.3530780137	-0.1590699993	-0.0677058879	0.0118439952	0.2632576771	-0.0964559145	0.1039956616	-0.0753038726	-0.0811708182	0.084352079	-0.1231761822	0.1914084327	0.0275760787	-0.0783901769	-0.0554625631	-0.0195511189	-0.0027168696	0.008715201	-0.1513561561	0.1372005631	0.082802776640861	0.0526376381507844	0.0068562998194363	0.0027707209500929	0.1750268802795886	0.0865880642108862	0.0306344088204054	0.0074974928637885	1.1417237249208796	0.6463016784002491	0.417705859502979	1.3035330640472085	-0.0082013952167634	-0.0057112807121549	3.261872737303259e-05	6.72628835015496e-05	0.0038122873304253	0.0012599477487775	1.4533534689721262e-05	1.5874683296494905e-06	-0.0009058886698398	0.0009689400560543	8.206342821441222e-07	9.3884483222651e-07	0.0	0.0	0.0	0.0	0.0	0.0	0.0	0.0	0.0	0.0	0.0	0.0	0.0	0.0	0.0	0.0	1.0	0.0	0.0	0.0
831.269971933228	19.96660007855792	398.665118697069	691009.7662378697	896.634127377001	24.560285369311373	803952.7583771162	603.2076174220102	821.1576877551132	8.746108151553699	76.49440779867406	674299.948159324	822.1368163376069	766.4025368407983	3.783704	79.63363599999998	1.571860963016991	1.1298348207896671	-0.219563699	-0.2866968144	-0.3359266375	0.0210698435	-0.0354741842	-0.1182385386	-0.7261144373	-0.0382079995	0.2902591664	0.1105712399	-0.010267264	0.002766718	0.2230967455	0.343837483	-0.104465178	0.2513046349	0.3722362307	0.2104574304	0.304354449	-0.1445923722	0.0079903753	0.0695039578	-0.1354795906	-0.3106048475	0.0943363071	-0.131363944	-0.3464695664	0.1752068462	-0.4135235294	-0.253839415	0.0680746621	-0.1713025598	-0.1632744976	0.1294811417	-0.0309728133	-0.3674910083	-0.0021428363	-0.119435244	0.0150820793	-0.1327501024	0.017906393	0.1010323015	-0.0191437435	0.0512089028	-0.1657102087	-0.0781731023	0.4038072077	0.208863381	-0.2606916163	0.0121477067	0.1743977856	-0.2819997484	-0.2748004013	0.070989467	0.1575069225	-0.152719399	0.1425091225	0.040017579792007	-0.042785196848854	0.0016014066924096	0.0018305730693951	0.0377191133517555	-0.137307766927833	0.0014227315120425	0.0188534228587081	0.1877386470803657	-0.953985077840514	0.9100875287423712	0.0352457996075661	-0.0003963257935865	0.0078050694231769	6.0919108700611e-05	1.57074134661969e-07	0.0047527009649672	0.0009404136345419	2.258816646240016e-05	8.843778040323065e-07	-0.0009160640401168	-1.0175370276999996e-05	8.391733255951142e-07	1.0353816027405498e-10	0.0	0.0	0.0	0.0	0.0	0.0	0.0	0.0	0.0	0.0	0.0	0.0	0.0	0.0	0.0	0.0	0.0	1.0	0.0	0.0
833.1185785237454	1.84860659051742	3.41734632650444	694086.5658814262	896.8757225925937	0.2415952155926106	804386.061775987	0.05836824819724	822.5339855236954	1.3762977685821625	1.89419554780424	676562.1573414947	826.3771249615598	731.6430215065099	2.515381	52.939911	0.9107150157258304	0.531153711604177	-0.0131190045	0.0921651937	-0.0313942449	-0.0520125957	-0.0786377809	-0.0330832177	0.177788455	0.1473692017	0.0543523401	-0.0714413274	-0.0460854749	0.0437961309	0.1848632042	-0.0601905758	-0.111608538	-0.054416297	-0.182081015	-0.0683583248	-0.0185488022	0.0178679805	-0.0482932495	0.020349938	-0.1867432525	0.043126595	0.1168035486	0.0707747573	0.190345646	-0.10880604	0.1008252894	0.0683457519	-0.0303377065	-0.0051594936	-0.1019767648	0.1039074173	0.1128542031	0.263579532	-0.0116000759	-0.0236952423	0.0338551426	-0.0491464644	-0.0279335303	0.1238791597	0.0151707603	-0.0637236151	-0.0395135966	-0.041232569	-0.0543274532	-0.0646968015	-0.0482807995	0.0556415322	0.1166702681	-0.0327637525	0.0221699633	0.0887060323	-0.0237292832	-0.1538585052	0.1469813818	0.022948912365905	-0.017068667426102	0.0005266525787779	0.0002913394077028	0.1969369927286237	0.1592178793768682	0.0387841791049939	0.0253503331132669	0.5926972017995809	0.4049585547192151	0.1639914310402755	0.3512899730210531	-0.0040881699600401	-0.0036918441664536	1.362971334937748e-05	1.6713133622174277e-05	0.0026890983643885	-0.0020636026005787	7.231250013356905e-06	4.258455693115175e-06	-0.0017500155571574	-0.0008339515170406	3.062554450292925e-06	6.954751327743181e-07	0.0	0.0	0.0	0.0	0.0	0.0	0.0	0.0	0.0	0.0	0.0	0.0	0.0	0.0	0.0	0.0	0.0	0.0	1.0	0.0
832.9588558120752	-0.1597227116702697	0.0255113446233041	693820.4554757614	894.6871965092384	-2.188526083355214	800465.1795975607	4.789646417526113	822.8899982752425	0.3560127515471549	0.1267450792641762	677147.9492614287	824.927991271801	729.0618763757566	1.321458	27.812038	0.2576767238325971	0.1400752732239228	0.013382957	0.0927325653	-0.0503438453	0.0889863338	-0.0579241743	-0.12511369	-0.0374432032	-0.012671652	0.0100110177	-0.0165060507	-0.0147141944	-0.0357130685	0.1873159934	-0.0202671969	0.085315743	-0.0004688153	0.0629173222	0.0827664239	0.0918661487	-0.0160616132	-0.0347865122	-0.0343061081	-0.1588579732	0.0257985846	-0.0856018057	-0.0413830106	-0.0829428137	-0.0401046361	-0.1896310145	0.0293188014	-0.0946321464	0.0529889178	-0.0124302756	0.0559888449	-0.0186491256	0.0137155944	-0.142022081	-0.242751853	0.1548697909	0.0664452722	-0.0091571398	-0.0292414617	0.1286641041	0.0509685961	0.0271771195	-0.1120371438	-0.0320664397	-0.114093673	-0.1073306453	0.0173621964	0.350474515	-0.0270136208	0.2536965505	-0.0083856618	-0.2322435858	-0.1547718027	0.1505910958	0.0248203518887066	0.0018714395228015	0.0006160498678792	3.5022858875038792e-06	0.1237406200270925	-0.0731963727015311	0.0153117410446892	0.0053577089766614	0.6927234143563652	0.1000262125567843	0.010005243198455	0.4798657287975404	-0.0048727520695814	-0.0007845821095412	6.155690866122756e-07	2.374371273160981e-05	0.0033423097634259	0.0006532113990374	1.1171034554692095e-05	4.266851318323978e-07	-0.0019638760296083	-0.0002138604724508	3.856809059670061e-06	4.5736301676922156e-08	0.0	0.0	0.0	0.0	0.0	0.0	0.0	0.0	0.0	0.0	0.0	0.0	0.0	0.0	0.0	0.0	0.0	0.0	0.0	0.0
833.7961132310907	0.8372574190154864	0.7009999856964738	695215.9584392738	894.1995726041267	-0.4876239051117181	799592.8756454029	0.2377770728364019	822.2642776832151	-0.6257205920273918	0.3915262592871097	676118.5423538996	823.6042821110133	741.4232082401187	1.414378	29.767666	0.3311599336293883	0.1726420283218344	-0.0530464136	0.0874944871	-0.0749043227	0.0104432897	-0.1014957272	-0.0208395796	0.1249134332	0.0996263249	0.0540585948	-0.0729326787	0.0206717725	0.0032871057	-0.0103771997	-0.009937593	-0.0967237588	-0.1904475992	-0.1139278201	0.1030602626	-0.1879779978	-0.1653351013	0.0069112171	0.0082344236	-0.0819475196	-0.0381933125	0.0538591349	0.1426492549	0.1016801262	-0.1320139162	0.1425929224	-0.2411506804	-0.0261364622	-0.0292813904	-0.0957946054	0.067922585	0.0771537898	0.1845165055	0.1966424684	-0.0282455949	0.005451833	-0.004807212	0.4093815815	0.017315903	0.2462868043	-0.0150173591	0.0470933318	0.1162534476	-0.2363435616	-0.3806173573	-0.1620298384	-0.1683456864	-0.0064158617	-0.1485071129	-0.0431941696	-0.0747392707	0.2639724616	-0.1554579513	0.1533170814	0.0414689279145079	0.0166485760258013	0.0017196719823786	0.0002771750836868	0.0239427499436999	-0.0997978700833926	0.0005732552748665	0.0099596148731817	0.5504670382555759	-0.1422563761007893	0.0202368765413292	0.3030139602058656	-0.0054107757201474	-0.0005380236505659	2.894694485683651e-07	2.927649389373661e-05	0.0027469817260596	-0.0005953280373663	7.545908603305379e-06	3.544154720744109e-07	-0.0016480854891525	0.0003157905404557	2.7161857795550354e-06	9.972366544136625e-08	0.0	0.0	0.0	0.0	0.0	0.0	0.0	0.0	0.0	0.0	0.0	0.0	0.0	0.0	0.0	0.0	0.0	0.0	0.0	0.0
837.0659830378594	3.2698698067687246	10.692048553217736	700679.4599591378	904.8331216917449	10.63354908761812	818722.978110428	113.07236619878418	826.1599497420065	3.89567205879132	15.1762607896474	682540.2625577146	829.1458790000622	769.1628670135991	1.585085	33.360458	0.488241844135761	0.2269936548756574	-0.1784906052	0.065628705	-0.1227758416	-0.029024181	-0.1741496957	-0.1082403261	-0.0371326788	-0.0787918491	0.1009671198	0.0975514345	0.1453046834	-0.1089557849	0.0930350669	0.0230920358	-0.1688559004	0.0450114085	0.2234431782	-0.0335866982	0.0733319563	0.0400746174	0.1260296966	-0.1194400051	-0.0945066839	-0.0402217427	0.121811196	0.0623957615	-0.1703372094	0.0932987784	-0.087424965	0.0150743604	-0.05300706	-0.0454742835	-0.1806596907	0.0076028899	-0.1494603801	-0.2514474823	0.2414364021	-0.0420090381	0.3034533634	-0.0845866701	0.1141965324	-0.2515773868	0.0036063315	-0.3590734534	-0.226619249	0.0051532715	-0.148403786	-0.082885996	0.1212815573	0.1692256623	-0.2814451472	0.0949033341	-0.1517266976	0.0254045863	-0.1861669221	-0.155915944	0.1551433414	0.103094801792821	0.0616258738783131	0.010628538156701	0.0037977483312657	0.1331235350274369	0.109180785083737	0.0177218755782012	0.0119204438315011	0.4793536481886207	-0.0711133900669551	0.0050571142468149	0.2297799200317399	-0.0060114550935249	-0.0006006793733775	3.6081570960118674e-07	3.613759234146647e-05	0.0054697160436916	0.002722734317632	2.991779359861729e-05	7.413282164410994e-06	-4.506327802688637e-05	0.0016030222111256	2.0306990265284603e-09	2.569680209362052e-06	0.0	0.0	0.0	0.0	0.0	0.0	0.0	0.0	0.0	0.0	0.0	0.0	0.0	0.0	0.0	0.0	0.0	0.0	0.0	1.0
835.1939135072183	-1.872069530641056	3.5046443275546246	697548.8731595029	896.8391223275588	-7.993999364186038	804320.411337266	63.904025834606784	824.3182085873036	-1.841741154702845	3.392010480926169	679500.5090085814	827.0850518610059	756.0501811851077	1.248671	26.280127	0.2337529562959119	0.1160005397105078	-0.0926332085	0.1405425564	-0.0409721804	-0.13087028	-0.0944806128	-0.102735253	0.1392336643	0.0087220645	-0.0117879529	0.0430923734	0.0718906506	-0.0203500791	0.0509499634	-0.1214037581	-0.190481542	-0.0022422453	-0.0513195511	0.0201500771	0.1158804492	0.0568623852	0.0643486624	-0.0694742404	-0.0500397091	0.1169398577	0.1562218207	0.0541426585	0.0322737607	-0.0437710526	-0.0790866082	0.0546621651	0.0469681095	-0.0011020507	-0.1319789088	0.0997616071	-0.0622623834	-0.0787205265	0.1694607275	0.1192134625	0.1587052951	-0.0396593059	0.0468263781	-0.0952377217	-0.0049326554	-0.0977923317	0.039235153	-0.0552357364	-0.014128303	0.2230696715	0.408532945	0.1818619599	0.118044899	0.0355440628	0.2473137181	0.0193000489	0.0220560649	-0.1561451084	0.1560591586	0.0889340867264536	-0.0141607150663674	0.0079092717818683	0.0002005258511908	0.1232352862737968	-0.00988824875364	0.0151869357829846	9.777746341386494e-05	0.5382155162804594	0.0588618680918386	0.003464719515261	0.2896759419650414	-0.0040221778325537	0.0019892772609712	3.957224021017082e-06	1.6177914516686376e-05	0.0049461465312419	-0.0005235695124497	2.446436550851628e-05	2.741250343668171e-07	-0.0005490589922873	-0.0005039957142604	3.0146577701154537e-07	2.5401167999286453e-07	0.0	0.0	0.0	0.0	0.0	0.0	0.0	0.0	0.0	0.0	0.0	0.0	0.0	0.0	0.0	0.0	0.0	0.0	0.0	0.0
