global_signal	global_signal_derivative1	global_signal_power2	global_signal_derivative1_power2	csf	csf_derivative1	csf_power2	csf_derivative1_power2	white_matter	white_matter_derivative1	white_matter_power2	white_matter_derivative1_power2	csf_wm	tcompcor	std_dvars	dvars	framewise_displacement	rmsd	t_comp_cor_00	t_comp_cor_01	t_comp_cor_02	c_comp_cor_00	c_comp_cor_01	c_comp_cor_02	c_comp_cor_03	c_comp_cor_04	c_comp_cor_05	w_comp_cor_00	w_comp_cor_01	w_comp_cor_02	w_comp_cor_03	w_comp_cor_04	w_comp_cor_05	w_comp_cor_06	w_comp_cor_07	w_comp_cor_08	w_comp_cor_09	w_comp_cor_10	w_comp_cor_11	w_comp_cor_12	w_comp_cor_13	w_comp_cor_14	w_comp_cor_15	w_comp_cor_16	a_comp_cor_00	a_comp_cor_01	a_comp_cor_02	a_comp_cor_03	a_comp_cor_04	a_comp_cor_05	a_comp_cor_06	a_comp_cor_07	a_comp_cor_08	a_comp_cor_09	a_comp_cor_10	a_comp_cor_11	a_comp_cor_12	a_comp_cor_13	a_comp_cor_14	edge_comp_00	edge_comp_01	edge_comp_02	edge_comp_03	edge_comp_04	edge_comp_05	edge_comp_06	edge_comp_07	edge_comp_08	edge_comp_09	edge_comp_10	edge_comp_11	edge_comp_12	edge_comp_13	edge_comp_14	edge_comp_15	edge_comp_16	edge_comp_17	edge_comp_18	edge_comp_19	edge_comp_20	edge_comp_21	edge_comp_22	edge_comp_23	cosine00	cosine01	trans_x	trans_x_derivative1	trans_x_power2	trans_x_derivative1_power2	trans_y	trans_y_derivative1	trans_y_power2	trans_y_derivative1_power2	trans_z	trans_z_derivative1	trans_z_power2	trans_z_derivative1_power2	rot_x	rot_x_derivative1	rot_x_power2	rot_x_derivative1_power2	rot_y	rot_y_derivative1	rot_y_derivative1_power2	rot_y_power2	rot_z	rot_z_derivative1	rot_z_derivative1_power2	rot_z_power2	motion_outlier00	motion_outlier01	motion_outlier02	motion_outlier03	motion_outlier04	motion_outlier05	motion_outlier06	motion_outlier07	motion_outlier08	motion_outlier09	motion_outlier10	motion_outlier11	motion_outlier12	motion_outlier13	motion_outlier14	motion_outlier15	motion_outlier16	motion_outlier17	motion_outlier18	motion_outlier19
820.6595387741498	n/a	673482.0785810003	n/a	855.2331154253229	n/a	731423.6817201037	n/a	765.9482741179289	n/a	586676.758624234	n/a	771.254831708657	628.9341309384296	n/a	n/a	n/a	n/a	-0.1716556764	0.0389691471	0.0570810773	-0.1937771848	0.1044379418	0.0370909254	-0.1774150195	0.0620801866	-0.07343974	-0.1111774509	-0.0618452501	0.0271711113	-0.1160081696	0.1773310643	-0.1167728187	0.003583708	0.0642461709	-0.0273301556	0.0723404345	-0.0110309982	0.0518833927	-0.1340462001	0.108985113	-0.2033840202	0.0756902743	-0.0759884828	-0.1884806736	0.099811742	-0.0093122088	0.1132699031	-0.1647367673	0.1329726017	-0.0621645463	0.0619245562	-0.0187617176	-0.0414481751	0.0795801695	-0.1110253795	0.0187710955	-0.0773283641	0.1831803342	-0.1455117629	0.1582429281	0.0407404258	-0.1239547487	0.0067594731	-0.0282545341	0.0410615943	-0.2339359833	0.0181491091	-0.132573608	-0.0065835408	0.0292024027	-0.0739536971	0.025141734	-0.0738329853	0.0492036788	-0.0136401774	0.0446775344	-0.334616175	0.132404377	-0.0463549967	0.0432371542	-0.0749281441	0.0818476744	0.1561451084	0.1560591586	0.0968571323255815	n/a	0.0093813040823352	n/a	-0.0551191586098696	n/a	0.0030381216458599	n/a	-0.1603882760457367	n/a	0.0257243990929234	n/a	-0.0099080093453294	n/a	9.816864918713473e-05	n/a	0.001024921164777	n/a	n/a	1.0504633940078424e-06	0.0016361206936327	n/a	n/a	2.676890924133147e-06	0.0	0.0	0.0	0.0	0.0	0.0	0.0	0.0	0.0	0.0	0.0	0.0	0.0	0.0	0.0	0.0	0.0	0.0	0.0	0.0
814.2320739424035	-6.427464831746306	662973.8702365477	41.31230416333557	854.6801973481419	-0.5529180771810616	730478.2397390588	0.3057184000736023	765.204669740465	-0.7436043774639529	585538.186592614	0.552947470183553	770.5781398470638	623.5139473143377	1.414157	23.359047	0.1469778875986188	0.0820250157899569	-0.1480947059	-0.0533594988	0.0821555998	0.0252310296	0.1353848453	0.1043594186	-0.0930788192	-0.0545535429	0.0691145066	-0.1529148417	0.0528707717	0.0671424374	-0.0789258972	0.0670708774	0.0034166467	0.0167342345	0.0397721727	-0.0846700035	0.0586762226	-0.0310869366	0.2143817835	-0.0749811369	-0.0183421162	0.0203467161	0.0021981583	0.0427244981	-0.1444631209	-0.0421002094	-0.0695560297	0.0443781882	0.0060096346	-0.0464082128	-0.0650498765	0.0516917058	-0.0823406559	-0.0125840022	0.1559689152	-0.0162219257	0.183406687	0.0375328198	-0.0178461207	-0.1366737026	0.0867214384	0.0313112861	-0.0511580505	-0.0704834125	0.0287213447	0.0530989409	-0.1436798784	-0.0270894313	-0.1077870539	-0.1827975654	0.0357426585	-0.0251141046	0.1455409359	-0.1283119698	0.2112967429	0.1709386538	0.0375486895	-0.0496181709	0.1274845457	0.0920915721	-0.0700750801	0.2329749874	0.0606686746	0.155915944	0.1551433414	0.0974399218958979	0.0005827895703163	0.0094945383790786	3.396436832695644e-07	-0.0380530562077154	0.0170661024021542	0.0014480350867475	0.0002912518512008	-0.0834165059276585	0.0769717701180782	0.006958313461179	0.0059246533951102	-0.0092951114886153	0.0006128978567141	8.639909758578812e-05	3.756437827647376e-07	0.0013051427678645	0.0002802216030875	7.852414683692842e-08	1.7033976445090084e-06	0.0014820956432729	-0.0001540250503598	2.372371613833893e-08	2.1966074958085108e-06	0.0	0.0	0.0	0.0	0.0	0.0	0.0	0.0	0.0	0.0	0.0	0.0	0.0	0.0	0.0	0.0	0.0	0.0	0.0	0.0
815.4514945611342	1.2194206187306236	664961.1399819874	1.4869866453853768	851.530481263912	-3.149716084229908	725104.1605215495	9.920711411256583	764.7656953599718	-0.438974380493164	584866.5687994212	0.1926985067293571	769.9550088054317	620.224879156602	1.317506	21.762571	0.1046984873517168	0.0502932019101767	-0.198396715	0.0474805582	0.1480921663	-0.0841718812	0.224376841	-0.0640014198	-0.1521018307	0.0514886079	-0.0614634584	-0.2571988972	0.0155063384	0.032018092	0.0815607872	0.1929378054	-0.0343479608	0.0107892173	-0.1412107266	-0.0827294217	-0.005428429	0.0307773938	0.1167783389	-0.1135191979	0.1779790899	0.0475774743	0.2055860062	-0.293022888	-0.2694042502	0.0319122995	-0.1180139828	-0.0638444904	-0.1339380334	0.0869752352	0.0374849981	0.0314167677	0.1193329816	-0.0550031252	0.143815315	-0.1017704231	0.0652008025	-0.0783185818	0.1720943102	-0.1533530583	0.1978454404	0.0140048757	-0.0936030824	0.0214093229	0.14719505	0.1034223751	-0.2049425916	-0.0503928042	0.0464586304	-0.0065604917	0.0672188709	-0.0794476518	0.1639088518	0.0012617516	0.1745173569	0.1881963658	0.1423532053	-0.078324383	0.1953673775	-0.0203638725	0.0253940718	0.1017915698	-0.1088027211	0.1554579513	0.1533170814	0.1034237209743906	0.0059837990784927	0.0106964660601886	3.580585141177021e-05	-0.0111207746695214	0.026932281538194	0.0001236716292502	0.0007253477888525	-0.1060782477089787	-0.0226617417813202	0.0112525946370074	0.0005135545405632	-0.0088049650397024	0.0004901464489128	7.75274093503815e-05	2.4024354138192463e-07	0.0016327839502423	0.0003276411823777	1.0734874438992279e-07	2.6659834281688497e-06	0.0016467213110564	0.0001646256677835	2.7101610493163313e-08	2.7116910762873085e-06	0.0	0.0	0.0	0.0	0.0	0.0	0.0	0.0	0.0	0.0	0.0	0.0	0.0	0.0	0.0	0.0	0.0	0.0	0.0	0.0
809.5741939915406	-5.877300569593558	655410.3755770526	34.542661985344765	845.4275995179928	-6.102881745919149	714747.8260267556	37.245165604673154	762.3367499598751	-2.4289454000967226	581157.3203393851	5.899775756651027	767.4624782758762	606.2792839772607	2.573359	42.506744	0.5826636465985954	0.3599937423078714	0.0194276082	-0.2449492383	-0.003505496	0.2722796586	-0.0655669335	0.2364267092	-0.1100980809	-0.05775059	0.0383733784	-0.0112708151	0.3637660122	-0.1733420436	-0.1387809626	-0.2476594473	-0.2347086519	0.1494820658	0.1411328873	-0.2106962798	0.090624861	-0.1281327753	-0.0293167352	-0.1105533439	-0.1551191979	-0.2505271204	0.1718840814	0.0211248223	0.0482389547	-0.4249753326	0.0148162501	0.2097855868	0.1381501226	0.0620976771	0.0419378585	0.4012005645	-0.180736839	-0.1225740346	0.0014174251	-0.0779186653	0.1159945121	0.1439678613	0.1818798804	-0.0417372961	-0.2496949312	0.1417556258	-0.1114180735	0.0511916404	-0.1949337711	0.0359252173	0.0489206584	0.0808529701	0.0847469921	-0.3018599499	0.0571559241	0.3813134774	0.1379015898	-0.189508096	0.2048396696	-0.2414561711	-0.1841619076	-0.001337581	0.17293327	0.3213800153	0.0675786587	-0.243852159	-0.1028367382	0.1547718027	0.1505910958	0.0974671186745297	-0.0059566022998609	0.0094998392227148	3.5481110958708226e-05	0.1233608883210592	0.1344816629905806	0.0152179087673608	0.018085317680712	0.2263001170440901	0.3323783647530688	0.0512117429741688	0.110475377355924	-0.0070880941916075	0.0017168708480949	5.024107926909998e-05	2.9476455090381027e-06	0.0015168967474001	-0.0001158872028422	1.3429843782589238e-08	2.3009757422730025e-06	0.002010903591221	0.0003641822801646	1.3262873318588744e-07	4.043733253185516e-06	1.0	0.0	0.0	0.0	0.0	0.0	0.0	0.0	0.0	0.0	0.0	0.0	0.0	0.0	0.0	0.0	0.0	0.0	0.0	0.0
816.3319692608711	6.757775269330523	666397.8840373318	45.66752659077522	834.4248920632474	-11.002707454745403	696264.9004947621	121.0595713347101	764.3542400642677	2.017490104392664	584237.4043042243	4.070266321322322	767.6582643348275	597.1173841090579	1.952231	32.24696	0.2266324042281217	0.1088762569310364	0.1317758159	-0.3504100124	-0.1493538618	0.3878444828	-0.3349617692	0.3954041774	-0.1143929318	-0.1093272176	0.0350444333	0.2689289785	0.2426293608	0.0522507676	-0.1684446996	-0.2428145318	-0.025862416	0.0454515759	-0.0434791512	0.0197783611	0.3563635222	-0.0854891138	0.0223593801	0.2577993694	0.1196793383	0.0059231712	-0.2734067051	0.0208147576	0.3153124494	-0.2131740545	-0.0840422177	0.1845649861	0.1559438544	-0.0736458732	-0.0166711099	-0.0089308134	-0.2146981429	-0.2569802222	0.0645250384	0.1796022131	-0.2195287127	-0.3577222102	-0.1876229668	-0.0056477889	-0.3658355272	0.0394312378	0.1039134913	-0.0721250457	-0.2495414821	-0.1170314727	0.1661026044	-0.023510027	0.1165207249	-0.1399048617	0.0195507588	0.0908912238	0.0308463503	0.193312687	-0.031509956	-0.0411539178	0.0853190457	-0.1437597126	0.1134675127	-0.1658545204	-0.0312744663	0.3160931943	0.4665451069	0.1538585052	0.1469813818	0.0530414452850891	-0.0444256733894406	0.0028133949179311	0.0019736404561052	0.0666806541521936	-0.0566802341688656	0.0044463096381644	0.0032126489454374	0.3045124149176956	0.0782122978736055	0.0927278108390068	0.0061171635386695	-0.0063553650791669	0.0007327291124406	4.039066528949409e-05	5.368919522179905e-07	0.0013061141381685	-0.0002107826092315	4.4429308354481355e-08	1.7059341419236436e-06	0.002013675845473	2.77225425199994e-06	7.685393637731747e-12	4.054890410641402e-06	0.0	1.0	0.0	0.0	0.0	0.0	0.0	0.0	0.0	0.0	0.0	0.0	0.0	0.0	0.0	0.0	0.0	0.0	0.0	0.0
822.5259623718425	6.193993110971405	676548.9587757257	38.36555065876123	850.9311153475799	16.506223284332464	724083.7630666762	272.4554071122392	767.1943374209934	2.840097356725664	588587.1513708371	8.066152995680104	771.2708688082504	635.7347073570678	2.678541	44.244144	0.6688412582098433	0.3247336043642743	-0.1942628308	0.0580617468	-0.0812345435	-0.1696932666	0.0358110525	-0.0391869378	-0.1753060711	-0.0827934034	0.0603058476	-0.032825684	-0.0819681456	0.2559686312	0.0844374139	0.0986533603	0.0127946328	0.0503326515	-0.0519860648	0.0403663016	-0.0854303014	-0.0869541005	-0.2471738375	0.0678590755	-0.0675510411	-0.1406237452	0.097875554	0.1454201729	-0.0569165332	0.1897534412	-0.2158378287	-0.0371511071	-0.0181680726	-0.01337384	0.034565395	-0.0082370591	0.0813655233	0.0357799365	-0.150656574	0.1879540323	-0.2659747881	0.0422141241	0.1449814844	-0.1754868803	0.0500331537	-0.0638869226	0.2262586749	0.1326266732	-0.0041508487	0.0351234394	-0.0768173913	-0.0657111882	-0.0485077792	0.1906787507	-0.0925637624	-0.0985610158	-0.0465639693	0.0704968496	-0.1754914078	-0.0769904682	-0.15392928	-0.0937439613	-0.0841448755	-0.1071018735	0.065047776	-0.0153245548	0.0423796199	0.152719399	0.1425091225	0.0149662960176755	-0.0380751492674135	0.0002239900164886	0.0014497169917358	-0.0761797925457727	-0.1428604466979663	0.0058033607923169	0.0204091072307424	0.0471259115359572	-0.2573865033817384	0.0022208515380948	0.0662478121230776	-0.0094548835870865	-0.0030995185079196	8.939482364535768e-05	9.607014980936144e-06	0.0003099215461481	-0.0009961925920204	9.923996803963232e-07	9.60513647668289e-08	0.0014990037681585	-0.0005146720773145	2.648873471672229e-07	2.247012296953382e-06	0.0	0.0	1.0	0.0	0.0	0.0	0.0	0.0	0.0	0.0	0.0	0.0	0.0	0.0	0.0	0.0	0.0	0.0	0.0	0.0
821.2353633976327	-1.2905989742098427	674427.5220948418	1.6656457122314985	852.4710740243922	1.5399586768123754	726706.9320483009	2.371472726289722	765.980291861075	-1.214045559918418	586725.8075195777	1.4739066215576249	770.043801857425	636.5930995219633	1.289851	21.305769	0.2083162885523947	0.1026430409763923	-0.1417626375	0.0179730942	-0.1572200678	-0.1034464947	-0.0181838548	0.0596574323	-0.1065986167	0.0700050557	0.1489171749	-0.0488715262	0.0476978507	0.2073822517	-0.0532647774	-0.0873987319	0.0379934601	0.0631536128	-0.1137216391	0.1007296483	-0.0381207615	0.0488635737	-0.0313388371	0.0327707553	-0.1042896735	-0.0181714443	-0.0318811589	0.246994958	-0.0200043518	0.0250951785	-0.1465914631	0.1000136988	0.1511353957	-0.0254523642	0.0755956409	-0.1005113712	0.0941158351	0.0817040161	-0.0002489055	0.0433649796	-0.0152345265	-0.0102519215	-0.156092019	-0.1631368161	-0.0272573073	0.0038775365	0.1562764793	0.0906167471	-0.0006598737	0.0014274384	0.1495040417	0.0418597329	-0.2242137828	0.0124994519	-0.0411175407	0.0155985679	-0.1939623446	-0.0354169065	-0.0564641858	-0.0766688391	-0.0438889165	-0.0311268942	-0.0669849358	0.0205628483	0.0802502421	-0.1491425181	0.1843150498	0.1513561561	0.1372005631	0.0337395053778806	0.018773209360205	0.001138354223144	0.000352433389682	0.0083617765590986	0.0845415691048713	6.991930722429083e-05	0.0071472769067137	0.0283711174659089	-0.0187547940700483	0.0008049203062644	0.0003517423006099	-0.0104073326639505	-0.000952449076864	0.0001083125731781	9.071592440190868e-07	0.0006509704384041	0.000341048892256	1.163143469090447e-07	4.2376251167602613e-07	0.0019304401193839	0.0004314363512254	1.861373251586867e-07	3.726599054526926e-06	0.0	0.0	0.0	0.0	0.0	0.0	0.0	0.0	0.0	0.0	0.0	0.0	0.0	0.0	0.0	0.0	0.0	0.0	0.0	0.0
817.3410239119517	-3.89433948568103	668046.3493694376	15.16588002973439	846.5410084644509	-5.93006555994134	716631.6790120095	35.1656775452024	764.9437484741211	-1.0365433869538947	585138.9383296394	1.0744221930378517	769.3110653743915	641.2212014857091	1.274885	21.05855	0.0399500092244502	0.0287019254384141	-0.217243858	0.0784805081	0.0092588193	-0.0383502018	0.1753663269	-0.0271606051	-0.046216447	-0.137397748	0.10287391	-0.2273552541	0.1551072614	0.0876354306	0.0613264915	0.0156829599	0.127421279	0.1077242634	0.0952481552	0.0663151768	-0.0659406945	0.0686521108	-0.1158147005	0.190614772	-0.1600436895	0.148610631	0.0969313421	0.0798272193	-0.1955643402	-0.0966433433	-0.173934192	-0.020870536	-0.0108804637	-0.1347800694	0.0933719713	-0.017077882	-0.030333348	0.1707632336	-0.1471632224	0.0760023668	-0.0595234075	0.0370231961	-0.0881340142	-0.1982067464	0.0401194825	0.0276079985	0.1923344942	0.0942982514	0.0913864408	0.0684064532	0.0189412579	-0.0068937524	-0.0952905772	-0.0081001018	-0.064225377	-0.0778019862	-0.1244560075	-0.068529059	-0.0708041257	0.0344991278	-0.042772772	0.1137803848	-0.1433114106	-0.014562235	0.0084972543	-0.0387593256	-0.0217925489	0.1497707771	0.1310868562	0.0372024011399503	0.0034628957620696	0.0013840186505777	1.1991647058960284e-05	0.008494576171202	0.0001327996121034	7.215782432835284e-05	1.7635736974813603e-08	0.031683106964536	0.0033119894986271	0.0010038192669262	1.0969274439016208e-05	-0.0103083994863587	9.893317759180134e-05	0.0001062630999703	9.787773628410905e-09	0.0012070500510099	0.0005560796126058	3.0922453555581656e-07	1.456969825643002e-06	0.0019362738162193	5.83369683539994e-06	3.4032018767355265e-11	3.749156291376451e-06	0.0	0.0	0.0	0.0	0.0	0.0	0.0	0.0	0.0	0.0	0.0	0.0	0.0	0.0	0.0	0.0	0.0	0.0	0.0	0.0
814.8660925782193	-2.474931333732343	664006.7488336951	6.1252851066901535	849.2223801852605	2.6813717208095795	721178.6510075191	7.189754305157326	765.5632750193278	0.6195265452066678	586087.1280583189	0.3838131402157094	771.7183944564906	617.4420377218997	1.288683	21.286476	0.055076757111108	0.0326845661241748	-0.1974107318	-0.0965163032	0.0846534388	0.0839016005	0.1652863444	-0.1048007111	-0.1213125295	-0.0032291148	0.0928356686	-0.1218980067	0.1362547346	0.0962764511	-0.0294563643	-0.0192987187	-0.074076864	-0.0825101866	-0.0289923959	0.0651347658	-0.1717897079	-0.0046583083	-0.2299215126	0.1443815792	0.0311005678	0.0138311146	-0.0041333241	0.0109802905	-0.1136179005	-0.0845947956	-0.1177715208	0.0513373752	0.0387302942	0.0907935144	-0.0704292186	-0.0087292084	0.0955437272	0.0356930328	-0.0706078475	0.0699087027	-0.1715613439	0.1253575394	-0.0218355695	-0.1960831018	-0.0019113622	0.0891673598	0.1278011252	0.1076261357	0.0323855316	0.0158125018	-0.0055910494	0.0074907531	-0.1026715838	0.0654169172	0.0930897001	0.0365677746	-0.0204952827	-0.0666510374	-0.0257940406	0.0034524222	-0.0258149621	-0.0600952145	-0.1257508895	-0.0138697609	-0.0598384514	-0.2017083101	0.0727084248	0.1479655889	0.1242038795	0.0362590369969808	-0.0009433641429694	0.0013147177639484	8.899359062405782e-07	0.0130965929184725	0.0046020167472704	0.0001715207460721	2.117855814215815e-05	0.049063256641844	0.017380149677308	0.0024072031523034	0.0003020696028056	-0.0104663710603463	-0.0001579715739876	0.0001095449231728	2.4955018188119883e-08	0.0007269117562853	-0.0004801382947245	2.305327820610468e-07	5.284007014257794e-07	0.0019313591540603	-4.9146621589999e-06	2.4153904137105558e-11	3.7301481819725178e-06	0.0	0.0	0.0	0.0	0.0	0.0	0.0	0.0	0.0	0.0	0.0	0.0	0.0	0.0	0.0	0.0	0.0	0.0	0.0	0.0
815.53000575556	0.6639131773406461	665089.1902876636	0.4407807070465522	843.5643778539903	-5.658002331270154	711600.8595841897	32.0129903806585	765.2009051287615	-0.3623698905662422	585532.4252098759	0.1313119375889903	769.9259727147399	611.2024506173635	1.067372	17.630848	0.071588051451177	0.0444951066734938	-0.2027769087	-0.1330923828	0.0507871606	0.084375251	0.1164760074	-0.0657152421	-0.0911563465	-0.119897308	-0.0091618468	-0.1069430635	0.1517124598	0.131710869	0.0164458921	0.0695378136	0.0854014974	-0.1910284126	-0.0123136656	0.0267114479	-0.1529888559	-0.0504719565	-0.1166847015	0.0631309863	-0.101400258	-0.0287189784	-0.1071087612	0.0275252557	-0.0948358031	-0.0806603447	-0.1788400993	-0.0064902301	-0.060448796	-0.0464633845	-0.1100306029	-0.1733199554	0.0667420062	0.1189461286	-0.0177664816	0.0254858235	-0.1075462711	0.1135852956	-0.2177031532	-0.2024299744	-0.0224705271	0.0816119969	0.2397365281	-0.0007120269	-0.0237439101	-0.040006327	-0.0267579831	0.0066558125	-0.0768787014	0.0108549346	0.0392888143	-0.1527075231	0.0046919627	-0.0312514555	-0.0728937368	0.1328206486	-0.0397603337	0.2569947707	-0.0388191089	0.0605569238	0.0885370998	0.0406734819	-0.1708302304	0.1459432408	0.1165920251	0.0363177045411617	5.866754418090009e-05	0.0013189756631391	3.4418807402178638e-09	0.0051976967285867	-0.0078988961898858	2.701605128236089e-05	6.239256101859242e-05	0.0916647802722394	0.0426015236303954	0.0084024319423579	0.0018148898156311	-0.0101717483353219	0.0002946227250243	0.0001034644641971	8.680255010080291e-08	0.0006021994923302	-0.000124712263955	1.5553148780806533e-08	3.6264422856275065e-07	0.0019301148613055	-1.244292754800074e-06	1.5482644596479574e-12	3.725343377832349e-06	0.0	0.0	0.0	0.0	0.0	0.0	0.0	0.0	0.0	0.0	0.0	0.0	0.0	0.0	0.0	0.0	0.0	0.0	0.0	0.0
815.8633599315174	0.3333541759574245	665633.0220787447	0.1111250066282535	846.8652051360914	3.300827282101068	717180.6756701942	10.895460746262724	764.452662927133	-0.7482422016285	584387.8738563849	0.5598663922978648	769.6469362247994	603.115941828803	1.70232	28.118935	0.4265754727494113	0.2271106091124368	-0.0611143619	-0.2519640762	-0.0482857877	0.135858601	-0.0315767448	-0.2058861194	-0.0974537206	-0.0134271461	0.1068338798	0.1920161189	0.1723687336	0.0840702017	0.2127598426	0.0580816313	0.001318052	-0.2463391079	-0.2426025506	-0.1814093689	-0.0289136769	-0.0936573095	0.1061639422	0.1821458058	0.0483121363	0.0829986906	0.0297609846	0.0142804426	0.1872484355	-0.1314357051	-0.1593272213	-0.1522792064	-0.0495194057	0.0752978621	-0.2435042612	-0.0533242056	0.2669898552	-0.1139943039	0.0148815727	0.2544706324	0.0505258878	-0.0124264645	0.1076419569	-0.1314590802	-0.2509987622	0.1844963333	0.1710235037	0.0403921344	-0.0599616065	-0.1513567441	0.1263763429	0.0571993519	0.339711183	0.2352662668	-0.0763090515	-0.0014809669	-0.0117823258	0.0958018775	-0.0451707635	-0.0670324669	0.2487197608	0.0510328101	-0.0694383155	0.113744989	-0.1977011708	0.1707590697	-0.4322561103	0.1437067008	0.1082959623	0.037471275090354	0.0011535705491923	0.0014040964568969	1.33072501196383e-06	0.1200065763034246	0.1148088795748378	0.0144015783560696	0.0131810788292296	0.2816166900271355	0.1899519097548961	0.0793079601018397	0.0360817280195322	-0.009119324483233	0.0010524238520888	8.316207903049283e-05	1.1075959644456382e-06	0.001291166203702	0.0006889667113718	4.746751293784731e-07	1.6671101655822346e-06	0.0026019465552545	0.000671831693949	4.513578249943828e-07	6.7701258764007584e-06	0.0	0.0	0.0	1.0	0.0	0.0	0.0	0.0	0.0	0.0	0.0	0.0	0.0	0.0	0.0	0.0	0.0	0.0	0.0	0.0
824.9226254627794	9.059265531261984	680497.338000405	82.07029196591151	850.58090137503	3.7156962389385626	723487.8697839584	13.80639854006218	767.6551123018618	3.202449374728758	589294.371443184	10.255681997700613	771.5462843114396	635.6635209792539	2.561103	42.304302	0.9638107886609822	0.5789335241600021	-0.0831306038	0.1116236011	-0.0449963827	-0.1950930893	-0.0197404881	-0.2329991527	-0.1579512283	-0.0229325016	-0.204755602	0.0980460802	-0.2249184631	0.0427493274	-0.1004540915	0.2230667625	-0.1980483153	-0.057210812	0.1484345142	-0.1283559018	0.0661947353	0.0611041701	-0.1869359171	-0.0149184036	0.0670259302	-0.0308219319	-0.0067795418	-0.0865921767	0.0143713036	0.3051169885	0.0546793228	0.061392515	-0.2212958871	0.1907122886	-0.0999095734	0.1548124141	-0.1667866004	-0.0040587629	-0.1414902822	-0.0450907666	-0.1311451563	0.0079757004	-0.0556059235	-0.0353108307	0.2531534588	-0.1093178707	-0.3249708971	-0.0727850677	-0.1521459	-0.1397762969	-0.1260664863	-0.1175538674	0.0814622638	0.1864020926	-0.0599887514	0.0994684345	0.0557207911	-0.0803898383	-0.2121380773	-0.4799574506	0.1255441891	-0.0462986562	-0.0373815887	-0.2255087297	-0.0788108154	0.0758781835	-0.0352330957	0.1412592515	0.0993643757	0.0833611751958045	0.0458899001054504	0.0069490855300256	0.0021058829316882	-0.1345114160945968	-0.2545179923980214	0.0180933210597737	0.0647794084543192	-0.198040022895185	-0.4796567129223205	0.0392198506683253	0.2300705622514453	-0.0065672117596796	0.0025521127235534	4.312827029647403e-05	6.513279353723153e-06	0.0024099766655718	0.0011188104618697	1.2517368495893149e-06	5.807987528600571e-06	0.0026059470345351	4.000479280600114e-06	1.6003834474510804e-11	6.790959946802282e-06	0.0	0.0	0.0	0.0	1.0	0.0	0.0	0.0	0.0	0.0	0.0	0.0	0.0	0.0	0.0	0.0	0.0	0.0	0.0	0.0
827.205642604603	2.2830171418236205	684269.1751568941	5.212167269860493	861.707011814224	11.126110439194008	742538.9742097991	123.79033350514187	768.9143571500425	1.2592448481807423	591229.2886314632	1.5856975876697408	772.444229088547	647.2720684079748	1.53301	25.322268	0.2587402179464108	0.1524552510417588	-0.0399088677	0.1495622535	-0.1390470264	-0.1732774678	-0.0969889341	0.0995768567	-0.0796884186	0.2068503227	0.0303571055	-0.0232276259	-0.2603913189	0.0979768461	-0.0213583722	-0.0508725095	-0.2470823315	-0.181381712	0.2038176064	0.0151617765	-0.0315100126	-0.0022774021	0.2622990819	-0.0677813509	-0.0122607011	0.0675664443	-0.0187867475	0.0703579734	-0.0237224902	0.2349762425	0.0376216589	-0.0202521903	0.1863826587	0.2335040572	-0.1390156624	-0.0761449173	-0.2057382705	0.0505814375	0.1461623805	-0.0844129273	0.2189383871	-0.0054748829	-0.0850327521	-0.0150910192	0.1720112907	-0.0928901496	-0.249181004	-0.2203021116	0.0421258726	-0.1175024644	0.1794079107	0.0603104952	0.0505691954	0.0785304732	-0.105270257	-0.0137983483	-0.0683451771	0.1947276067	0.1170109209	-0.0035370938	-0.0460016744	0.2196732169	-0.0684508739	0.1873804286	0.0054211115	0.0706745886	-0.0067444656	0.1386044847	0.0898496795	0.0955873447391582	0.0122261695433537	0.0091369404742826	0.0001494792217028	0.0033959536134773	0.1379073697080741	1.153250094488953e-05	0.0190184426197994	-0.169061861963442	0.0289781609317429	0.0285819131705459	0.0008397338109859	-0.0055220408845679	0.0010451708751117	3.049293553083943e-05	1.0923821581817584e-06	0.0022303441807727	-0.000179632484799	3.226782959509876e-08	4.974435164706647e-06	0.0022381800391811	-0.000367766995354	1.3525256287170908e-07	5.009449887788711e-06	0.0	0.0	0.0	0.0	0.0	1.0	0.0	0.0	0.0	0.0	0.0	0.0	0.0	0.0	0.0	0.0	0.0	0.0	0.0	0.0
826.0917670892949	-1.1138755153081092	682427.6076527138	1.240718663602906	869.7255150565888	8.018503242364886	756422.4715404487	64.2963942478162	767.8115170090286	-1.1028401410138713	589534.5256517059	1.2162563766314956	772.9160025745557	673.737865364081	1.579707	26.093609	0.0638443519244687	0.0385235330201592	-0.1340549784	0.2811269403	-0.0023090766	-0.2726490741	0.085619455	0.1279511869	0.0248652266	-0.0393038489	-0.0831956739	-0.1116263286	-0.1609566874	0.106057384	-0.2062211425	0.0472982643	-0.0223800406	-0.0849323065	0.0554720945	-0.035952835	-0.0434835813	0.214533442	0.1053078193	-0.1836397054	0.1395846126	0.0908410658	-0.1918570913	0.0338109474	-0.1435874912	0.2032207968	-0.0122183936	0.1850349993	-0.0341458308	0.0063526471	-0.0786331864	0.0054147038	0.0099378164	0.0065819403	-0.0366335703	-0.2175291304	0.2097896075	-0.0921922375	0.0079450718	-0.0677062638	0.2423741487	-0.0651940436	-0.2988102928	0.0441800136	0.1308318338	-0.0585452815	0.1081748133	-0.0266518116	0.0667519725	-0.2003586941	-0.0700782328	0.0159677205	-0.0410911961	0.2330489629	-0.0498550358	-0.0846536651	-0.0401359178	0.1289175787	-0.088640915	0.0191120086	0.04677752	-0.1441826905	-0.0173233527	0.1357462967	0.0798077096	0.1002388136550678	0.0046514689159096	0.0100478197629754	2.1636163075673263e-05	0.0224146188130589	0.0190186651995816	0.0005024151365347	0.0003617096259737	-0.1721506825826395	-0.0030888206191974	0.0296358575136686	9.540812817579572e-06	-0.0061904717743527	-0.0006684308897848	3.832194078905747e-05	4.467998544185005e-07	0.0022293196117451	-1.0245690276002896e-06	1.049741692317803e-12	4.9698659313113225e-06	0.0021659275541979	-7.225248498319995e-05	5.2204215862475335e-09	4.691242170033697e-06	0.0	0.0	0.0	0.0	0.0	0.0	1.0	0.0	0.0	0.0	0.0	0.0	0.0	0.0	0.0	0.0	0.0	0.0	0.0	0.0
818.4391197281169	-7.652647361177969	669842.5927013349	58.56301163454414	855.0059987499727	-14.719516306616129	731035.2578984384	216.6641603007381	764.4011426148592	-3.41037439416948	584309.1068309023	11.63065350840685	770.4267903637516	641.6174325629285	1.819427	30.053307	0.1804640871060065	0.1556426172417522	-0.09476468	0.0641636218	0.061119784	0.0083587972	0.154321865	-0.0009554445	-0.0084064306	-0.0271852346	0.0477043722	-0.0979808036	0.0988885539	-0.0437847317	0.1743958792	0.1143873564	0.0568411104	-0.1830336283	0.0645020355	0.0653116434	0.042284996	0.195666114	0.1633199523	0.0270373942	-0.033679504	0.0467298992	-0.2512571662	-0.156200763	-0.1043391444	-0.0987002432	-0.0545461207	-0.1804453838	-0.0582562783	0.03032674	-0.0878401081	-0.220450836	-0.0652763005	0.0706274716	-0.067919673	0.0458317157	0.2151642925	-0.1045166922	-0.2284351088	-0.0760687627	0.0637117845	-0.005338724	-0.1536829061	-0.3178217372	0.1117237928	-0.0555280814	0.1802096346	0.0751402178	0.1138718595	-0.0310404958	0.0345165209	0.1535086381	-0.2077624817	0.0616980839	0.0840724199	0.3350534606	-0.006925547	0.1753971274	-0.0045197446	-0.1173806362	-0.1241763691	0.0360161361	0.0952987535	0.1326888823	0.0692973963	0.0878779681983559	-0.0123608454567119	0.0077225372946712	0.0001527905004047	0.0295244695623608	0.0071098507493019	0.0008716943029387	5.054997767734883e-05	-0.0180805506807217	0.1540701319019178	0.0003269063129181	0.0237376055442743	-0.0062830213430889	-9.254956873619956e-05	3.9476357197710645e-05	8.565422673256526e-09	0.0022371058844683	7.786272723200004e-06	6.062604292004839e-11	5.004642738322694e-06	0.0022040568927	3.812933850210008e-05	1.453846454607731e-09	4.85786678625838e-06	0.0	0.0	0.0	0.0	0.0	0.0	0.0	1.0	0.0	0.0	0.0	0.0	0.0	0.0	0.0	0.0	0.0	0.0	0.0	0.0
818.167520670409	-0.271599057707931	669398.0918799641	0.073766048147836	843.0234585980463	-11.9825401519264	710688.551746612	143.58126849252835	765.2103894551595	0.809246840300375	585546.940130117	0.6548804485361406	769.3985370127568	616.0899155453632	2.82997	46.745445	0.8474620587512149	0.4460731318377668	0.319009851	-0.1551766273	-0.0235032655	0.163031764	-0.1163802989	-0.4099923403	0.2295400907	-0.0250119869	-0.1143012409	0.3084458608	0.032712717	-0.1479242223	0.1085786847	-0.1040630747	0.3180382529	-0.1855866035	-0.1318820252	-0.0949969405	-0.0681298191	0.4119160669	0.0158203944	-0.0936006929	-0.0936766209	0.0010051519	0.1840687797	-0.1307858667	0.3186874954	-0.0928766855	0.1091799074	-0.1611618365	-0.0880381058	-0.173055616	-0.1873433684	-0.0601203801	0.2891094831	0.0372747565	-0.3390916626	-0.2365481483	0.1774323949	-0.1237822058	0.1293617878	0.2584400871	-0.2622033113	0.1261887391	-0.2113046127	-0.00731658	0.3034435774	-0.3383816218	-0.1354340108	-0.1192376189	0.1149407693	0.1863563652	0.0887132879	-0.2174155148	-0.180445974	-0.4390633134	-0.1542882765	0.1510098334	-0.0940954239	0.0325096528	0.0789877157	0.1224580002	-0.0434986616	-0.0962777399	0.1916756086	0.1294367287	0.0583804184	0.0105920123442899	-0.077285955854066	0.0001121907255015	0.0059731189722766	0.1686116749107356	0.1390872053483748	0.0284298969162035	0.0193452506916209	0.1992573896600475	0.2173379403407692	0.039703507334136	0.0472357803115677	0.0012692945909452	0.0075523159340341	1.6111087586027424e-06	5.703747596746536e-05	0.0029388943435146	0.0007017884590463	4.925070412505805e-07	8.637099962342112e-06	0.0021831421416203	-2.091475107970009e-05	4.3742681272581584e-10	4.766109610518471e-06	0.0	0.0	0.0	0.0	0.0	0.0	0.0	0.0	1.0	0.0	0.0	0.0	0.0	0.0	0.0	0.0	0.0	0.0	0.0	0.0
826.0578468129124	7.890326142503454	682371.5662811851	62.25724663507344	842.9574399553863	-0.0660186426599693	710577.2455761387	0.0043584611786647	767.1481500554968	1.937760600337242	588516.284133571	3.7549161442193486	770.4108212736915	644.1116273528651	2.006317	33.140347	0.5769546607730323	0.3071498587916356	0.2798563703	0.0759574903	-0.1003259903	-0.0482317814	-0.2532281996	-0.3124231227	0.1200293805	0.1015980244	-0.1021683553	0.2502514403	-0.2307831035	-0.0747330957	0.0787830474	0.0348139693	-0.1007577399	0.0342708148	-0.1414857788	0.1400735969	0.052141812	-0.0361270469	-0.3006576988	-0.2228224881	-0.0759721499	0.0628107614	-0.1549442183	-0.0880987963	0.2452163902	0.206565282	0.1576770875	-0.0734749625	-0.0285342769	0.0853891308	0.1561208285	0.0007447174	0.0942681605	-0.2045234527	-0.0445007547	-0.225990313	-0.1694234147	0.2770571469	-0.1851101802	0.2647275285	0.014293616	-0.2027361398	0.0620397534	0.1713077554	-0.0437302495	-0.1295064441	-0.0081181396	-0.2920247732	0.0284585793	0.1048365348	0.062110015	0.0733094333	0.2105622743	0.1462684824	-0.0032313021	0.0062090926	-0.0515128333	0.0171905152	-0.1348830236	0.1834179195	0.1475348163	-0.2255678051	-0.0227947567	0.1259946088	0.0471208409	-0.0320196237286154	-0.0426116360729053	0.0010252563037221	0.0018157515288097	-0.0818517639314109	-0.2504634388421465	0.0066997112586834	0.0627319341966336	0.0647312767076471	-0.1345261129524004	0.0041901381842019	0.0180972750660819	0.0007038005038784	-0.0005654940870667	4.953351492594898e-07	3.197835625075135e-07	0.0007007042211537	-0.0022381901223609	5.009495023833902e-06	4.909864055426133e-07	0.0019997568929364	-0.0001833852486839	3.363014943485591e-08	3.999027630846644e-06	0.0	0.0	0.0	0.0	0.0	0.0	0.0	0.0	0.0	1.0	0.0	0.0	0.0	0.0	0.0	0.0	0.0	0.0	0.0	0.0
826.0618468881352	0.0040000752227342	682378.1748842369	1.60006017875326e-05	857.9558904637172	14.998450508330848	736088.3099813899	224.95351765084988	767.2094638259323	0.061313770435504	588610.3613840746	0.0037593784450176	771.7095690997819	654.5004141518945	1.42896	23.603571	0.1689546742508338	0.0994021198097464	0.1560115515	0.0801665849	-0.1504023527	-0.089399303	-0.2216282313	0.0692784584	0.0653941332	0.1166955255	-0.0440602584	0.0612455462	-0.1156001733	0.0622136773	-0.0406496353	-0.1734236518	0.080476083	0.0792683597	-0.1815851866	0.2940885879	0.067371467	0.0253876412	0.0330456948	-0.138116108	0.0766707721	0.0322978766	0.0982482187	0.0230793463	0.1008714818	0.115841454	0.0355922234	0.0908307615	0.2140371381	-0.0619558671	0.2009606246	-0.189309006	0.1222052382	-0.0955648898	-0.0136758002	-0.1227794067	-0.0156038408	-0.018355827	0.0827018504	0.1688805179	-0.0322865983	-0.235006218	0.042459542	0.0437085266	0.0655414956	-0.0572904447	0.2709170926	-0.1001418752	-0.0494948152	-0.0481579777	0.1935397739	-0.0383196238	0.0380054035	0.087481584	-0.067944009	0.1394770653	-0.0461824971	-0.1634636162	0.1111791783	-0.1229645261	0.1501518744	0.0809748369	-0.1247757687	0.1223675745	0.0355847396	-0.0166748045240865	0.0153448192045289	0.0002780491059164	0.0002354634764196	0.0080892996686827	0.0899410636000936	6.543676912975006e-05	0.008089394921516	0.0599777779584087	-0.0047534987492383	0.0035973338488281	2.259575035901099e-05	-6.800481452765917e-05	-0.000771805318406	4.624654798941324e-09	5.956834495198784e-07	0.0005939421996172	-0.0001067620215364	1.139812924256008e-08	3.527673364861179e-07	0.0017000183789395	-0.0002997385139968	8.984317677306973e-08	2.890062488732085e-06	0.0	0.0	0.0	0.0	0.0	0.0	0.0	0.0	0.0	0.0	0.0	0.0	0.0	0.0	0.0	0.0	0.0	0.0	0.0	0.0
824.8595909862237	-1.2022559019114851	680393.3448419602	1.4454192536809984	852.3683783248816	-5.587512138835564	726531.8523681886	31.220291901634777	766.4363637853552	-0.7731000405771056	587424.6997325174	0.5976836727403223	770.3148803960468	670.9988577491358	1.459167	24.102522	0.0948156531530853	0.0419337361714012	0.1596477384	0.2420733476	-0.005030012	-0.1101386459	-0.0318396028	-0.0285068956	0.2743563403	-0.1743074582	0.0392727669	-0.0855215643	-0.0915581529	-0.0348745224	0.034505424	-0.1191225084	0.2038003555	0.2274926915	-0.083138095	-0.0088045362	0.2760069337	0.0955626835	-0.094475552	-0.2435787316	-0.0354098895	0.1510089439	0.019319329	0.1145947669	-0.0480689506	0.0599284509	0.0525873693	-0.0625096214	0.0625622636	-0.2939337171	0.2670530692	0.0630797235	0.0200055234	-0.203029713	-0.1395728588	-0.1896564311	0.0248478297	-0.0131461575	-0.0816203215	0.1959343379	0.0468434377	-0.1770756012	0.1151719235	0.0993963244	0.2165848522	0.0791107653	0.1389732717	-0.1360942007	0.1253464301	-0.1561028868	-0.0456453759	0.070694414	0.1359509192	0.0904245244	-0.0667305278	0.0530442056	-0.0131825259	-0.0042688753	-0.0935159757	0.1381859452	0.1838930206	0.0315232293	0.0712983055	0.1185609488	0.023839813	0.0053243497941366	0.0219991543182231	2.8348700730322454e-05	0.0004839627907169	0.0315780785611679	0.0234887788924852	0.0009971750456152	0.00055172273386	0.0406020390540646	-0.0193757389043441	0.0016485255753477	0.0003754192580893	0.000135128422052	0.0002031332365796	1.825969044626344e-08	4.1263111803327784e-08	0.0005520915191101	-4.185068050710007e-05	1.7514794589073655e-09	3.048050454732979e-07	0.0013459626752656	-0.0003540557036739	1.253554413040205e-07	1.8116155232081308e-06	0.0	0.0	0.0	0.0	0.0	0.0	0.0	0.0	0.0	0.0	0.0	0.0	0.0	0.0	0.0	0.0	0.0	0.0	0.0	0.0
818.0895281752668	-6.770062810956915	669270.4761100305	45.83375046430185	851.4892021903779	-0.879176134503723	725033.8614468062	0.7729506754809085	766.004349955806	-0.4320138295491915	586762.6641512169	0.1866359489217579	771.8031930868877	643.8676887938851	1.7424	28.780968	0.097557976638641	0.045651747003747	0.1310033682	0.0352025026	0.1451459649	0.1316341963	0.1032868685	0.0073548559	0.14333049	0.1582329759	0.1907392619	-0.1609164694	0.0073552557	-0.2099706408	0.1902074117	-0.2316922207	-0.0646669534	0.10348457	0.0755071424	0.1400546619	0.0542216861	-0.0411672147	-0.0850604879	-0.0604073651	0.0776967366	0.0241930877	0.016876917	-0.1438085926	-0.1118114911	-0.1432310293	0.1395523764	-0.1816732879	0.2049845805	0.0590682235	0.1790780824	0.0463265956	-0.0861425282	0.0144346858	-0.0254225128	-0.1469320004	-0.1817681276	0.0509032656	0.0929538813	0.1524020529	-0.0207670367	-0.0800854519	-0.0074668356	-0.1129935819	0.0650611967	0.2198470585	0.1690735184	0.0297164357	-0.0531753911	0.1420356738	0.2815694366	0.2084583377	0.1663578275	-0.2432809728	-0.1196957204	-0.0685334437	-0.013757233	0.0360724846	-0.1008584169	-0.275540071	-0.0333601108	0.0751907873	-0.0797150975	0.1145803187	0.0119549848	-0.0040501401158081	-0.0093744899099447	1.640363495767805e-05	8.788106107165497e-05	0.0165668514016914	-0.0150112271594765	0.0002744605653657	0.0002253369408334	0.0653532509219445	0.0247512118678798	0.0042710474060666	0.0006126224889286	-0.0002371686362264	-0.0003722970582783	5.624896200949045e-08	1.3860509960275034e-07	0.000357888170207	-0.000194203348903	3.771494072517916e-08	1.2808394237411465e-07	0.0009440421284203	-0.0004019205468453	1.61540125976425e-07	8.912155402323301e-07	0.0	0.0	0.0	0.0	0.0	0.0	0.0	0.0	0.0	0.0	1.0	0.0	0.0	0.0	0.0	0.0	0.0	0.0	0.0	0.0
821.6324778450848	3.5429496698180856	675079.9286498538	12.55249236286408	848.4223510060231	-3.066851184354846	719820.4856865874	9.40557618697872	766.0958786717167	0.0915287159107265	586902.8953177897	0.0083775058362664	770.9664479315719	622.4110483495813	1.678669	27.72826	0.1938788003897272	0.1134158724274637	0.1793182708	-0.0044899531	0.2165169847	0.0758483485	0.0720274795	-0.0329595624	0.2017962162	0.1175634299	-0.2506141592	0.0063006646	-0.1366129719	-0.2707552263	0.0886047778	0.0499460833	-0.0079786838	0.0740178638	0.0491912258	0.1212996335	-0.145882632	0.0777101482	0.0894922694	0.2207133261	-0.0933469231	-0.1495020682	-0.1776846768	-0.0987323192	-0.0113713768	0.000280218	0.2759789876	-0.1113910489	-0.0511619593	0.0581035028	0.1132774161	-0.0727471323	-0.0349696427	0.1116342103	-0.0925702981	0.1285533531	0.0454427228	0.0184140967	0.0558932239	0.2121554533	0.0636420983	0.0026498273	0.0670422007	-0.0330630539	-0.1199345651	0.106021192	-0.0959941573	0.3516365962	0.0571864821	0.168587785	0.1160404289	-0.2660984747	0.2121225919	0.0478350965	0.0289914957	-0.1777141755	-0.2681711155	0.3890079796	0.1515193082	-0.0110692193	-0.0001652719	0.0538747367	0.2161540819	0.1104315261	-0.0	-0.0122293357410683	-0.0081791956252602	0.0001495566526677	6.689924107627558e-05	0.0133120750021333	-0.003254776399558	0.0001772113408624	1.0593569411120383e-05	-0.0279369624222027	-0.0932902133441472	0.0007804738693795	0.0087030639057964	9.993206350934745e-06	0.0002471618425773	9.986417317236251e-11	6.108897642622321e-08	-0.0001070006566112	-0.0004648888268182	2.1612162130040241e-07	1.1449140515227936e-08	-0.0001269995025994	-0.0010710416310197	1.1471301753773393e-06	1.6128873660495005e-08	0.0	0.0	0.0	0.0	0.0	0.0	0.0	0.0	0.0	0.0	0.0	1.0	0.0	0.0	0.0	0.0	0.0	0.0	0.0	0.0
825.8425559147308	4.210078069645988	682015.9271597753	17.724757352514086	864.6104105517851	16.18805954576203	747551.1620345264	262.0532718571372	765.6828211325186	-0.413057539198121	586270.1825774525	0.1706165306884073	772.4254211026532	662.8969826761045	1.562623	25.811413	0.132726920946304	0.0586055594011573	0.1482243068	0.1717382691	0.104703631	-0.0602665886	0.0017932167	0.0465189172	0.1367608912	0.1243938569	-0.08320126	0.1197255059	-0.1140997809	-0.234179517	-0.0433416373	0.1511666425	-0.0795094507	0.2283397927	-0.1170729018	-0.2557619626	-0.0825439302	-0.0709020701	0.0638811584	0.2194198524	-0.1437247259	-0.0870570622	0.0042743791	0.0855081449	0.0648693968	0.0371055992	0.2588323851	-0.0272070276	-0.191248229	0.0216841067	0.0631835553	0.2726716551	0.1122094884	0.0379943432	0.0364355246	0.4149766986	0.1265000626	-0.0931500434	-0.0063424826	0.2223849212	0.1203746703	0.0916265755	0.0148038564	0.1085048332	-0.1137588616	0.2386401406	-0.1804859098	0.3642725138	0.2293584795	0.0665008303	-0.2673329456	0.123456819	-0.1346576052	0.1333547295	-0.1981395971	0.2259082786	-0.0345239031	-0.1020428	0.1440875888	0.0884194799	0.0410373583	-0.1580458071	0.0172620579	0.10612066	-0.0119549848	0.0256105270551501	0.0378398627962184	0.0006558990960425	0.0014318552164366	0.0416284277799832	0.0283163527778499	0.0017329259994332	0.0008018158346396	-0.0410135524233652	-0.0130765900011625	0.0016821114823841	0.0001709972060585	0.0004849175691403	0.0004749243627893	2.3514504886093765e-07	2.2555315037088465e-07	-0.0005000797279866	-0.0003930790713754	1.5451115635334684e-07	2.5007973434315185e-07	-0.0003288783758561	-0.0002018788732567	4.075507946739474e-08	1.0816098610574617e-07	0.0	0.0	0.0	0.0	0.0	0.0	0.0	0.0	0.0	0.0	0.0	0.0	1.0	0.0	0.0	0.0	0.0	0.0	0.0	0.0
826.5316688883801	0.6891129736492303	683154.5996754108	0.4748766904516848	855.0901743499926	-9.5202362017925	731179.2062699008	90.63489733792048	766.8593109978569	1.1764898653383398	588073.2028641079	1.3841284032438248	771.491587254422	638.591309064313	1.822286	30.100519	0.3588787722725769	0.1915728818478357	0.2372841379	-0.0468145715	-0.0497847976	0.1196632462	-0.1394981214	0.1877091755	0.2147175775	0.0452551405	-0.1066670927	0.1847608051	-0.0493137654	-0.1703704771	-0.1308743685	-0.043877294	0.0977165356	-0.0835802987	0.0780198577	0.0260334954	-0.0698192731	-0.1809349464	-0.0042111839	0.0538498394	0.1831106137	-0.0682102844	0.2678200721	0.0365840809	0.1766122821	-0.0420588591	0.2354188695	0.0760432682	-0.0008299962	-0.082730166	-0.0691916948	-0.1095178297	-0.0953165444	0.1021949878	0.2217883177	0.0451482701	-0.0765459801	-0.0722472872	0.0819478233	0.2082577915	-0.1074741808	0.0445918629	-0.0916078628	-0.1247777068	-0.0969030604	0.0331898391	-0.023031405	0.1339092233	-0.1718428239	-0.1709135123	-0.1159693377	-0.2302217354	-0.0433457352	-0.0603103598	-0.1317240971	-0.0126632634	0.1754305274	-0.1677076314	-0.0160334709	0.0058077191	0.1236040044	0.1164060239	-0.193869067	0.1016540472	-0.023839813	0.0570354895943125	0.0314249625391623	0.0032530470732629	0.0009875282705877	0.1291524530168857	0.0875240252369024	0.0166803561202788	0.0076604549936699	0.1168908448587018	0.157904397282067	0.013663469611781	0.0249337986810128	0.0005614342124086	7.65166432683e-05	3.15208374862865e-07	5.85479669704828e-09	0.0003081199121046	0.0008081996400912	6.531866582435452e-07	9.493788023534642e-08	0.0004269130850733	0.0007557914609293	5.712207324137966e-07	1.8225478220680266e-07	0.0	0.0	0.0	0.0	0.0	0.0	0.0	0.0	0.0	0.0	0.0	0.0	0.0	1.0	0.0	0.0	0.0	0.0	0.0	0.0
827.5940191360351	1.0623502476549902	684911.860509736	1.128588048692619	860.3523426375575	5.262168287564919	740206.1534819332	27.690415086653907	767.4347315187807	0.5754205209237853	588956.0671413031	0.3311087759002004	773.0429311707092	659.0380716010144	1.361076	22.482256	0.2079616415641889	0.1493378349167722	0.1925424346	0.095813069	-0.0406516369	-0.0222268761	-0.0990287153	-0.0382212335	0.2214444588	-0.1035579761	-0.0248439225	0.1508968894	-0.1315170439	-0.0320154236	0.0028297003	0.0547088333	0.1065173557	0.1516853233	0.048936346	0.0059010938	-0.0904342861	-0.1663496712	-0.0825802789	0.0359254235	-0.0579479062	0.173089975	0.0335114661	-0.0272982652	0.1297524822	0.1162011029	0.0971458894	-0.0440148988	-0.0681728368	-0.1254092088	0.0998992669	0.0445625986	-0.0505436679	0.0872299607	0.1134967238	0.183234377	-0.0335908095	0.234886146	-0.1541143937	0.1974537918	-0.0076309943	-0.1021504606	0.0574653658	0.1375983983	-0.0586763665	0.1136881578	-0.1499663968	-0.0385425763	0.0061261759	-0.0057319866	-0.1502455354	-0.0303016695	-0.0281952618	-0.0217787646	0.14407105	0.0236146863	0.0277126356	-0.0166334562	-0.1053322718	0.0861131336	-0.2390045097	0.1502777808	0.0382114197	0.0970382431	-0.0355847396	0.0260154715571871	-0.0310200180371253	0.0006768047603428	0.0009622415190235	-0.0157156484581264	-0.144868101475012	0.0002469816064594	0.0209867668249744	0.1296406937282626	0.0127498488695607	0.0168067094703451	0.0001625586461966	0.0006499922278159	8.855801540729998e-05	4.2248989622107683e-07	7.84252209287958e-09	3.712996228588672e-05	-0.0002709899498187	7.343555290274875e-08	1.37863409935137e-09	0.0003999875866495	-2.692549842379997e-05	7.249824653700547e-10	1.599900694736913e-07	0.0	0.0	0.0	0.0	0.0	0.0	0.0	0.0	0.0	0.0	0.0	0.0	0.0	0.0	0.0	0.0	0.0	0.0	0.0	0.0
825.6324048015139	-1.9616143345211867	681668.8678583308	3.8479307973989982	862.0399657947391	1.6876231571816334	743112.902627395	2.848071920655704	765.9040245480007	-1.5307069707799883	586608.9748188246	2.343063830394448	771.1467726326144	656.5694860972857	1.145861	18.92733	0.0892465702083294	0.0573141582230462	0.1687627034	0.0478518904	-0.0148578239	-0.0491397354	-0.0882977613	0.0759814212	0.1638004224	0.1240966209	0.0797038417	0.1216633344	-0.0379730959	-0.1010470189	0.0140366274	0.0651097893	-0.0604284446	0.0534457871	0.0394196146	0.1325281897	0.1036340826	-0.1313193831	0.1285751314	-0.0089590317	0.14395594	-0.004117336	0.03510914	0.139572491	0.1044946196	0.0011914445	0.0957327001	-0.0203164926	-0.059301714	0.0887529882	0.125484236	-0.1111813225	-0.1131519368	-0.0230437811	0.200916901	-0.0303439854	0.006614006	-0.0895888945	0.0194566736	0.1626444606	-0.0396793608	-0.0482113279	0.0142367678	-0.0624498	-0.0279770642	0.1718381841	0.0580398001	0.0300478329	-0.165490097	0.0379119456	-0.0165694412	0.0138589753	-0.0441705466	-0.0491865407	0.0125950224	0.0013247224	0.1881436897	-0.124883755	-0.0421387459	0.0700259033	-0.0066320484	0.0339033252	-0.0525797826	0.092280022	-0.0471208409	0.0260146062212527	-8.653359344010236e-07	0.0006767597368468	7.488062793656928e-13	0.0372536236191365	0.0529692720772629	0.0013878324727562	0.0028057437843951	0.1084887138683399	-0.0211519798599226	0.0117698010368065	0.0004474062519945	0.0004779786984543	-0.0001720135293616	2.2846363617606665e-07	2.9588654283434032e-08	8.861443441987582e-05	5.14844721339891e-05	2.6506508709155e-09	7.852517987554473e-09	0.0004789786438581	7.899105720859999e-05	6.239587118932316e-09	2.294205412721446e-07	0.0	0.0	0.0	0.0	0.0	0.0	0.0	0.0	0.0	0.0	0.0	0.0	0.0	0.0	0.0	0.0	0.0	0.0	0.0	0.0
822.9821743862949	-2.650230415218971	677299.6593575939	7.023721253751718	858.6863776052464	-3.3535881894927115	737342.2950848199	11.246553744705002	764.771980356287	-1.1320441917137032	584876.1819380771	1.2815240519927316	770.5820229406349	655.7337187654093	1.198047	19.789345	0.0703786976638488	0.0537897018124467	0.0896110294	0.0580566122	0.0902399567	0.0131289877	0.0478986951	0.0376804536	0.1254471702	-0.0667192584	-0.0814253305	-0.0294548758	0.0396502567	-0.1840415837	-0.0982393281	0.1212955851	0.2030640518	0.0703651615	0.007470065	0.0658738119	0.036264526	0.0194950814	0.1190184993	-0.0581963213	-0.1105961291	0.133786996	-0.0721399013	0.1022571834	-0.0413583748	-0.0692411048	0.1319298063	0.0512108942	-0.1537594995	-0.1776743234	0.0927201458	-0.0552242428	-0.0365097859	-0.0163544456	-0.0080359172	0.0442965684	0.1112650026	0.1096641452	-0.0382670356	0.1172370178	0.0247123752	-0.0235271785	0.0210414791	0.0787369207	-0.021621277	0.1695407939	-0.0160050783	0.0055274078	0.0613438989	-0.1601692921	0.0094648283	-0.0531851375	-0.0130837145	-0.0531069344	0.0073365832	0.052623521	-0.0108886428	0.039605464	-0.1412207537	-0.0434736705	-0.1941215603	0.070839251	-0.0167942537	0.0873863672	-0.0583804184	0.0290444953477191	0.0030298891264664	0.0008435827100036	9.180228118679328e-06	0.0372236210542666	-3.000256486990205e-05	0.0013855979643916	9.001538987726804e-10	0.0956103916704478	-0.0128783221978921	0.0091413469953764	0.0001658511826327	-0.0005800220548742	-0.0010580007533285	3.364255841404896e-07	1.1193655940436734e-06	8.785233458996622e-05	-7.620998299096016e-07	5.807961507482436e-13	7.718032692907375e-09	0.0005090254661921	3.0046822333999984e-05	9.028115323709601e-10	2.591069252320847e-07	0.0	0.0	0.0	0.0	0.0	0.0	0.0	0.0	0.0	0.0	0.0	0.0	0.0	0.0	0.0	0.0	0.0	0.0	0.0	0.0
820.5301335039262	-2.452040882368692	673269.699987971	6.012504488807434	857.7422103881836	-0.9441672170628408	735721.699481607	0.8914517337761895	764.5854277434172	-0.186552612869832	584590.8763175842	0.0348018773685614	771.1017628979313	641.6236023651926	1.323423	21.860304	0.0448232742484688	0.0307485807685013	0.1083071669	-0.0556339486	0.1396489806	0.1204404975	0.0410714547	-0.0211626588	0.0904576535	0.0512448962	0.0098046003	-0.0085127047	0.0701301771	-0.2229524804	0.1423148896	0.0725427996	-0.0956237175	0.0164899656	0.0762361433	0.1006647624	0.0472785538	-0.0284361464	0.0457171712	-0.0211210225	0.0352179621	0.0166318739	0.0563404779	0.1104458416	-0.0145833886	-0.1470223346	0.1087660544	-0.1526170283	-0.0798670564	0.1183372616	0.0961787584	-0.0896315785	-0.1395940355	-0.0486021213	0.0230078298	-0.001325934	-0.0297786053	-0.0235723051	0.0140611319	0.0946971921	-0.0289117559	0.0367216819	0.0354255661	-0.1790870505	-0.0399736517	0.1868199115	0.0019490722	0.0333928089	-0.0504939066	0.1005512334	0.0817087863	0.0181276929	0.0870856618	-0.0033438053	0.0087024756	0.0469837715	0.161452724	-0.0243863166	-0.1115007179	0.0246178654	0.0723919839	-0.0248019536	-0.0382584659	0.0823644609	-0.0692973963	0.0261030770728751	-0.0029414182748439	0.0006813706326724	8.65194146758625e-06	0.0279409373029864	-0.0092826837512801	0.0007806959773694	8.616821762628141e-05	0.1246583715519733	0.0290479798815255	0.0155397095979898	0.0008437851351975	-0.0005800253683366	-3.313462399964252e-09	3.364294279140085e-07	1.0979033075976865e-17	8.783176638438306e-05	-2.0568205583160196e-08	4.230510809111421e-16	7.714419186200842e-09	0.0005800254313405	7.099996514839998e-05	5.0409950510740125e-09	3.36429501001733e-07	0.0	0.0	0.0	0.0	0.0	0.0	0.0	0.0	0.0	0.0	0.0	0.0	0.0	0.0	0.0	0.0	0.0	0.0	0.0	0.0
821.600670897202	1.070537393275799	675027.6624187324	1.1460503104017434	852.5282176353412	-5.213992752842387	726804.3618644917	27.18572042669293	766.2196407318115	1.6342129883943244	587092.5378431863	2.670652091436708	772.1823551056333	627.0633984364962	1.347446	22.25712	0.2290333020142092	0.1351946254162503	0.0980337783	-0.1335477609	0.0958749185	0.1235012817	0.0212998368	0.0487923983	0.0125951964	0.0246806034	-0.1268749166	0.079963628	0.0479397087	-0.1763014591	-0.1259285734	-0.0004564358	-0.0213435505	-0.1802117309	-0.1597923698	0.0332248422	-0.1178016463	-0.153952211	-0.0112122275	-0.0341616551	-0.0577223059	0.2371621535	-0.1094580223	0.0018820668	0.0614736875	-0.1132037419	0.1708779102	0.112488219	-0.0607970063	0.0491862611	-0.1458827738	-0.0947289774	0.1506484055	-0.0474939205	0.1050954165	0.0258770133	-0.0495814095	0.1808011771	0.0476781208	0.0783052267	-0.0750106507	0.1231906192	-0.1330803603	0.1270500411	-0.055001056	-0.0026967074	-0.0004251828	0.081054813	-0.0097492531	-0.0936975458	0.1568835535	-0.2687377476	0.0843471828	0.1339278439	0.1063509556	0.0099419191	-0.0488885667	-0.0862069675	-0.2296375639	-0.1131938309	-0.0148176578	-0.0781545095	-0.0994826048	0.0772216734	-0.0798077096	0.0429663276026417	0.0168632505297666	0.0018461053076575	0.0002843692184296	0.1461495547334124	0.118208617430426	0.0213596923487747	0.0139732772348128	0.1761289534946541	0.0514705819426807	0.031021408259122	0.0026492208055182	-0.0010690745453803	-0.0004890491770437	1.1429203835800954e-06	2.391690975671203e-07	0.0001630375842105	7.520581782611695e-05	5.65591503489509e-09	2.658125386519588e-08	0.0008655874786974	0.0002855620473569	8.154568289066441e-08	7.492416832777218e-07	0.0	0.0	0.0	0.0	0.0	0.0	0.0	0.0	0.0	0.0	0.0	0.0	0.0	0.0	0.0	0.0	0.0	0.0	0.0	0.0
825.0930627205722	3.4923918233702125	680778.5621496141	12.196800647943116	860.4258537931815	7.897636157840338	740332.6498757254	62.3726568816271	767.2120775999846	0.9924368681730584	588614.3720152847	0.9849309373091486	772.1044567791243	637.0166225182383	1.30396	21.538815	0.2022033507617065	0.1766457348537765	0.0874500407	-0.0988044098	-0.0351761824	0.0915392391	-0.119700343	-0.1113505426	-0.0307977552	-0.0627683603	-0.026912727	0.1714053383	-0.0207697861	0.00427651	-0.0149862614	0.0346917422	0.0286255582	-0.0786330852	0.2045493215	0.0111818012	-0.0697567025	-0.0757007606	-0.1024841586	-0.0520428304	-0.1199294146	0.130790861	0.0083978607	-0.0493280877	0.1587205013	0.0398782074	0.0074146679	0.0059335976	-0.0829386425	-0.0288431853	-0.1490429109	0.0424014534	-0.1180737178	0.0871271086	-0.0615223586	-0.0462785906	-0.0589863145	0.2401403548	0.1281807753	0.0651153991	-0.0381867359	-0.0583596119	0.0252405439	-0.0832495108	-0.1699675078	-0.0097311131	-0.1565770356	-0.1152947739	-0.0153548334	-0.0559593497	0.0018946677	0.0174983192	0.0183849884	-0.0418581848	0.0494633799	0.0987439664	-0.1210505098	0.0187039008	-0.0963048082	-0.0661825358	-0.0804600226	-0.0066391839	-0.1635783968	0.0719655524	-0.0898496795	0.0333063383577751	-0.0096599892448666	0.0011093121748026	9.331539221093838e-05	-0.0296393576957569	-0.1757889124291693	0.000878491524617	0.0309017417330301	0.1737711298242885	-0.0023578236703656	0.0301964055604097	5.559332460536334e-06	-0.0008060599596027	0.0002630145857776	6.497326584747063e-07	6.917667233176258e-08	0.0001381513212939	-2.488626291660001e-05	6.193260819541408e-10	1.9085787575250387e-08	0.0008655558190455	-3.1659651899998247e-08	1.0023335584290626e-15	7.491868758835263e-07	0.0	0.0	0.0	0.0	0.0	0.0	0.0	0.0	0.0	0.0	0.0	0.0	0.0	0.0	0.0	0.0	0.0	0.0	0.0	0.0
827.9516915517162	2.8586288311439603	685504.0035433482	8.171758794247484	854.6167679685454	-5.8090858246361	730369.8200930026	33.74547811798807	767.1218682041874	-0.0902093957971601	588475.9606770827	0.0081377350900886	771.6831618875923	644.1572206585031	0.947759	15.655082	0.1711680608952634	0.107288385021513	0.0774906507	-0.0903886851	-0.157687212	0.0610597211	-0.188809735	-0.0525297995	-0.0577515254	-0.0395077425	-0.0040961949	0.1919324002	-0.0201248544	0.077761254	0.0913844871	0.0329710042	0.0553189982	0.0266210261	0.1670679548	-0.0681588012	0.0266710925	0.0379488298	0.1380954757	0.0106936097	0.0719160261	0.0397429758	0.1192958797	-0.039655601	0.1855185197	0.0801115653	-0.0858199578	-0.092949099	-0.061320599	-0.026887497	-0.0306741369	0.0591026851	-0.1129816627	0.0832024569	0.0801518577	-0.0715795494	0.09137213	-0.0951604856	0.1183516556	0.038274734	-0.1004201946	-0.032150488	-0.0040712244	-0.1067804204	-0.0554904054	-0.045859385	-0.1197270998	-0.0694899109	0.0015022139	-0.031074496	-0.1603981579	-0.0520815394	-0.0816428084	0.0533480249	0.1191863428	0.0252602173	-0.0706141797	-0.0290368602	-0.0085093282	-0.169788436	0.1704469407	0.0007358023	-0.1493019791	0.066603812	-0.0993643757	0.0389481360826806	0.0056417977249055	0.001516957304315	3.1829881568748885e-05	0.0682830148249422	0.0979223725206991	0.0046625701135832	0.0095887910400825	0.2061683320771123	0.0323972022528238	0.0425053811514584	0.0010495787138103	-0.0012341795888154	-0.0004281196292127	1.52319925744855e-06	1.832864169172198e-07	0.0004139660423718	0.0002758147210779	7.607376036327979e-08	1.7136788423697095e-07	0.0008657552366916	1.9941764609998465e-07	3.976739757605872e-14	7.495321298589283e-07	0.0	0.0	0.0	0.0	0.0	0.0	0.0	0.0	0.0	0.0	0.0	0.0	0.0	0.0	0.0	0.0	0.0	0.0	0.0	0.0
830.5695573619616	2.617865810245462	689845.7896164448	6.853221400452129	858.6917051603008	4.074937191755339	737351.444511105	16.60511311675089	767.7271246733488	0.605256469161418	589404.9379592077	0.3663353934617465	772.6625040324126	664.3988775265844	1.06923	17.661551	0.1237339824213955	0.0736987427295549	0.0945862359	0.0430492641	-0.205236289	-0.066214979	-0.1842026344	-0.0378781585	0.0441365159	0.0481651336	0.1649503196	0.1371792112	-0.0656686716	0.083612006	0.1288450815	-0.028275451	-0.0276518554	0.1284753317	0.1493486769	-0.0457562577	0.0594071568	0.014347224	0.1729854608	0.0310313368	0.0041107199	0.0040162911	-0.0240745076	-0.0982019005	0.1649607046	0.0912068868	-0.0619095523	-0.1050937128	0.0830500901	0.0198513776	0.1163342131	0.095096435	-0.1304077616	0.0787880989	0.0660472887	-0.0094500801	0.1206583914	-0.036799144	0.0745141551	0.0578663125	-0.0712320566	-0.1141882944	0.0101253353	0.0387382568	-0.0251724833	-0.0020926271	-0.0596207341	-0.0849473988	-0.0871948582	0.0964910898	-0.2180398157	0.0287026198	-0.1103096921	-0.0227200382	0.2796647181	-0.1165452484	-0.0996578426	0.0162564781	-0.0479769692	-0.0444905518	0.0078632571	0.0779493128	0.0338438236	0.0611443214	-0.1082959623	0.0260273067818701	-0.0129208293008105	0.0006774206983175	0.0001669478298206	0.0011068416106212	-0.067176173214321	1.2250983510025322e-06	0.0045126382477204	0.1942907494878483	-0.0118775825892639	0.0377488953365498	0.0001410769681647	-0.0008522158137257	0.0003819637750897	7.26271793164157e-07	1.4589632548077493e-07	0.0005641754857437	0.0001502094433719	2.256287687809604e-08	3.182939787141399e-07	0.0007627405088132	-0.0001030147278783	1.0612034159860788e-08	5.817730837846193e-07	0.0	0.0	0.0	0.0	0.0	0.0	0.0	0.0	0.0	0.0	0.0	0.0	0.0	0.0	0.0	0.0	0.0	0.0	0.0	0.0
828.2077828190086	-2.3617745429530714	685928.1315219781	5.5779789917411895	866.0466663211417	7.354961160840958	750036.828245963	54.09545367747897	767.9852335188124	0.2581088454635392	589801.3189029448	0.0666201761065211	773.7000442467453	669.0494288394326	1.251264	20.66839	0.1251391049652957	0.1130060815377137	0.0412763321	0.0603698449	-0.1005926658	-0.0895343482	-0.0313562184	0.0914473824	0.0306860015	0.2069463452	0.1649285548	-0.0382726685	-0.0184056916	0.0187633187	0.0909098052	-0.2611888921	-0.0509727701	0.1112079319	0.1136990743	-0.0799270377	-0.3624684464	0.0497554893	0.1296268099	-0.1012354908	-0.0214804	0.0319762896	-0.0794035727	-0.0211312045	-0.0069368566	-0.0279826812	0.0103828887	-0.0221414438	0.2362874519	0.0568578941	0.0754934287	0.1193884828	0.1006420354	0.3328328033	0.0345434017	-0.0496970125	0.1586028846	0.0485463535	0.0208420728	0.0318397433	-0.0782971394	0.0558635795	-0.1151065322	0.1153410993	0.0284358807	0.0555952089	0.1176948888	0.0834034936	-0.1398404777	0.0958519711	-0.0864073	0.1319703281	-0.2050628064	-0.0245004752	0.1805725256	0.0572599847	-0.0346856205	0.0114405407	0.0508990938	-0.2027550106	-0.0280944841	-0.0907729593	-0.1138348899	0.055595093	-0.1165920251	0.026181162048644	0.0001538552667738	0.0006854532462173	2.3671443114067773e-08	0.1134600923224837	0.1123532507118625	0.0128731925498265	0.0126232529455226	0.1972658338620476	0.0029750843741992	0.0389138092092889	8.851127033604837e-06	-0.0009422454618948	-9.002964816910003e-05	8.878265104613451e-07	8.105337549451936e-09	0.0005640930483825	-8.243736119998082e-08	6.795918521616104e-15	3.182009672334616e-07	0.0008657667155321	0.0001030262067188	1.0614399270885496e-08	7.495520057232401e-07	0.0	0.0	0.0	0.0	0.0	0.0	0.0	0.0	0.0	0.0	0.0	0.0	0.0	0.0	0.0	0.0	0.0	0.0	0.0	0.0
827.8928852250847	-0.314897593923888	685406.6294063153	0.0991604946590539	859.6595784618868	-6.387087859254962	739014.5908412689	40.79489132184213	767.4357294153284	-0.5495041034839687	588957.5987832372	0.3019547597457202	771.730350023396	649.7914473132083	1.127247	18.619862	0.1610842849041362	0.1041133378388543	0.0447276476	0.001969726	-0.0577856854	-0.020066068	-0.0378555107	0.1390268839	0.0359319436	0.1144014277	0.0203511839	0.0175184894	0.054485549	0.0076848604	-0.0149438475	-0.1057068061	0.0226752582	0.1154906368	0.0894042023	0.2063829092	-0.1754889749	0.0010533423	0.0004046781	0.1011692479	0.0778531189	-0.2051750476	-0.0598439084	-0.2460015959	0.0246311914	-0.0578561855	0.0173695823	0.0755082873	0.0885947912	0.0128268621	0.1333888864	-0.118268285	-0.0061346139	0.2731413202	-0.0325246448	0.0336766441	-0.0772036767	-0.0993427513	-0.0294301153	0.0180550596	-0.0570428816	-0.0336289703	-0.0185733634	-0.0146759501	-0.0729427964	-0.0394325406	0.0784814606	0.0122243073	-0.1831778992	0.050764958	-0.0382132615	0.0743721584	-0.1643114104	0.0145291269	0.0492249626	-0.0051691582	0.0051426522	0.1544418688	0.1025458114	-0.1522389047	0.0416584596	-0.1210718184	-0.0234029791	0.0499642712	-0.1242038795	0.0260383161964199	-0.000142845852224	0.0006779939103447	2.0404937497629245e-08	0.0185202229701246	-0.0949398693523591	0.0003429986588631	0.009013578792643	0.1602173605250811	-0.0370484733369665	0.0256696026136238	0.0013725893765999	-0.0010510429499777	-0.0001087974880829	1.104691282697826e-06	1.1836893413148778e-08	9.404542816326966e-05	-0.0004700476202192	2.2094476527376186e-07	8.844542558412714e-09	0.0008655498965825	-2.1681894959990625e-07	4.701045690560668e-14	7.491766234739765e-07	0.0	0.0	0.0	0.0	0.0	0.0	0.0	0.0	0.0	0.0	0.0	0.0	0.0	0.0	0.0	0.0	0.0	0.0	0.0	0.0
826.8158612925783	-1.0770239325063358	683624.4684849882	1.159980551191412	861.8311581318604	2.171579669973653	742752.9451269038	4.715758263042879	766.702618987472	-0.7331104278564453	587832.9059622486	0.5374508994318603	772.1914645403209	666.097768771021	1.214153	20.055386	0.0742887872295128	0.0437214921684292	0.023123191	0.0532120018	-0.0127745011	-0.038808245	0.0201798277	0.0158176044	0.0707834777	-0.1044783045	-0.0653226176	-0.0011035883	0.023766107	0.0202935482	-0.0510151096	0.0768922366	0.1228767812	0.1330383697	-0.0738494982	0.0023316569	-0.1613665703	-0.0634811017	0.0308465614	-0.0290058052	-0.0364199832	0.0225535697	-0.0590059463	-0.1930714205	-0.0034544311	-0.0148635382	-0.0291436011	0.0430255898	-0.0792053829	-0.1419764939	0.1101769346	-0.020860414	0.1172422931	0.1000165774	0.043646468	0.0827805005	0.0515775923	0.0625826069	-0.0485868124	0.0239540133	-0.0262143617	-0.0676201525	0.0757831891	0.0967512002	0.0365016528	0.003502007	-0.0744559505	-0.0969647722	-0.0035556954	-0.1076772849	-0.0642689458	-0.0053395166	-0.1291604108	0.0683040305	0.1250855809	-0.0565316445	0.001873524	0.0871687082	0.1085854402	-0.1039664663	-0.166198101	-0.1032125277	0.0690302103	0.0442601199	-0.1310868562	0.0260050459586977	-3.327023772220147e-05	0.0006762624153139	1.1069087180917979e-09	0.0186947581777161	0.0001745352075914	0.0003494939833232	3.046253868900783e-08	0.2001914826752937	0.0399741221502126	0.0400766297357324	0.0015979304416801	-0.0006191487677541	0.0004318941822236	3.833451966114205e-07	1.865325846385923e-07	0.0003442317529531	0.0002501863247898	6.259319711184249e-08	1.1849549974116409e-07	0.0008656065822488	5.66856662999023e-08	3.2132647638638798e-15	7.492747552324485e-07	0.0	0.0	0.0	0.0	0.0	0.0	0.0	0.0	0.0	0.0	0.0	0.0	0.0	0.0	0.0	0.0	0.0	0.0	0.0	0.0
827.4293152203858	0.6134539278074271	684639.2716860765	0.37632572154236	859.5960084712705	-2.2351496605899683	738905.2977797405	4.995894005235451	766.3960921676071	-0.3065268198648709	587362.9700897794	0.093958691296471	771.8878215499716	659.6125917999368	1.182734	19.536398	0.0984435516125803	0.0548800464341708	0.0484265259	0.0148756032	-0.0063055836	0.0104569947	-0.0163801448	-0.0539771031	0.1076677492	-0.064830693	0.1329802929	0.0165719139	-0.0147695293	-0.0031277009	0.1966229887	0.0451282465	-0.0096741073	0.1025353545	-0.0151169636	0.000208869	0.0871428899	-0.0183634474	-0.0160786019	-0.0700912368	-0.0698693325	-0.1589469154	0.1132719199	0.1733462909	0.0286969297	0.0140353846	-0.0408741666	-0.1788388441	-0.0011431381	0.0008728009	0.1123174059	0.0245186383	-0.0564282354	-0.0913041167	-0.0175020166	-0.0081273207	-0.006533735	0.0077815753	0.0079771567	0.0344055464	-0.0245985028	-0.0189765583	0.0909170538	-0.1991477293	0.0257263519	-0.0161730281	-0.0962910142	-0.0220326201	-0.0908335336	0.0513523231	-0.1184987046	0.0897385047	-0.0064926138	-0.030470495	0.0096934543	-0.0520800016	0.0601434844	-0.0082752988	0.1224115685	-0.0296544731	0.0915437051	-0.0542619993	-0.016796014	0.0384910108	-0.1372005631	0.0259502215332076	-5.482442549009994e-05	0.0006734139976225	3.0057176303195203e-09	0.0185749060214988	-0.0001198521562172	0.0003450271337075	1.4364539349936002e-08	0.1583769192774866	-0.0418145633978071	0.0250832485598275	0.0017484577121492	-0.000261979416597	0.0003571693511571	6.863321472050446e-08	1.2756994540598385e-07	-7.906782473021678e-05	-0.0004232995776833	1.7918253246687436e-07	6.2517209075682814e-09	0.0005169892784279	-0.0003486173038208	1.2153402452335364e-07	2.672779140094008e-07	0.0	0.0	0.0	0.0	0.0	0.0	0.0	0.0	0.0	0.0	0.0	0.0	0.0	0.0	0.0	0.0	0.0	0.0	0.0	0.0
830.1480568306184	2.718741610232655	689145.7962596517	7.39155594321045	864.6417316031856	5.045723131915111	747605.3240297552	25.459321923943232	769.4877170986599	3.09162493105282	592111.3467657072	9.558144714307357	774.3914498729191	665.8976413952677	1.251211	20.667503	0.2072556786435149	0.1632666368412903	0.0328760634	0.0727602388	-0.0341213858	-0.0798830376	-0.0068168768	0.0557447859	0.0917870747	-0.0317885449	-0.0012595514	-0.0435037569	-0.0887104363	0.0320031123	-0.1622129438	-0.1938444065	0.1026830622	-0.1300809599	-0.0456869425	0.0329424394	0.0027591382	-0.0939434971	-0.0715042204	0.0156530914	0.2266851153	0.0366049048	0.0731752029	0.1047975412	-0.0251711596	0.0605864208	0.0578887393	0.1157454949	0.157038658	-0.1200988206	-0.130449787	-0.0955007389	0.0962154094	-0.0577092593	0.114849124	-0.0803315315	-0.1098025217	-0.0528959543	0.1208403306	0.0362924856	-0.0313801004	0.0759942837	-0.0201338514	0.021691108	0.1469021543	-0.1239688014	0.0735592057	0.0436712357	-0.1072973494	-0.1470070794	-0.0460214926	-0.1663750757	0.0355605344	0.1141742216	-0.0386896061	-0.0998568627	0.1947553929	-0.1251885703	-0.017050608	0.054557058	-0.0998711871	-0.1045424413	0.0107228262	0.0326654109	-0.1425091225	0.0259742384785397	2.4016945332102496e-05	0.00067466106454	5.768136630851998e-10	0.1773169885417331	0.1587420825202343	0.0314413144255091	0.0251990487628608	0.1584514068319293	7.448755444269817e-05	0.0251068483270175	5.548395766853923e-09	-0.0002202160216481	4.176339494889997e-05	4.8495096190516446e-08	1.7441811576578036e-09	0.0004989049186785	0.0005779727434087	3.340524921233984e-07	2.489061178816007e-07	0.0008655549725404	0.0003485656941125	1.2149804311212894e-07	7.491854104894126e-07	0.0	0.0	0.0	0.0	0.0	0.0	0.0	0.0	0.0	0.0	0.0	0.0	0.0	0.0	0.0	0.0	0.0	0.0	0.0	0.0
827.6548536127124	-2.493203217906057	685012.5567086803	6.2160622857771175	864.2185195837607	-0.4232120194249091	746873.649591547	0.1791084133857096	769.7693186159487	0.2816015172887773	592544.803882462	0.0792994145393415	775.9012702948132	664.5639245259134	1.057765	17.472162	0.2113779724949256	0.1904571537513803	-0.0055142991	0.0580550548	0.032710765	-0.0498161383	0.0617784505	0.0593687251	0.1279282926	-0.196125478	0.040057203	-0.1374068398	-0.1391839589	0.0931198068	-0.0395304128	-0.2041526112	0.1077185029	-0.0104549908	0.0545045201	-0.0457632362	0.053292076	-0.1619396122	-0.0841017115	0.0331065273	-0.0855035826	-0.0883339812	-0.1202281761	-0.0603692657	-0.1152759746	0.0855468929	0.0238833196	-0.0220368987	0.2098676565	-0.217158591	-0.0958124244	0.0646017685	-0.0465755395	-0.0238492736	-0.0230492873	0.0664226077	-0.0829272756	0.1366032304	-0.052268496	0.0048192065	0.0289647937	-0.0452658406	0.1201033135	-0.0599471315	0.0798428854	-0.0435564376	-0.0258937698	-0.1264429784	-0.0781067539	-0.0880151793	0.0202788578	0.0601739923	-0.0063097104	-0.0365605226	0.0393280535	-0.0352608148	0.0429807795	0.1095136894	0.113348502	0.000396869	-0.1967883979	-0.0495766029	-0.0353362707	0.0267918699	-0.1469813818	0.0258039749304686	-0.0001702635480711	0.0006658451222122	2.898967580176072e-08	-0.0123333330911066	-0.1896503216328397	0.0001521111051361	0.0359672444954395	0.1586228087231518	0.0001714018912225	0.0251611954472216	2.9378608314649776e-08	5.082309459374736e-05	0.0002710391162418	2.5829869440849926e-09	7.346220253316165e-08	0.0004990179571173	1.1303843879993063e-07	1.277768864632566e-14	2.490189215255235e-07	0.0007089874187652	-0.0001565675537752	2.4513398895150143e-08	5.026631599673411e-07	0.0	0.0	0.0	0.0	0.0	0.0	0.0	0.0	0.0	0.0	0.0	0.0	0.0	0.0	0.0	0.0	0.0	0.0	0.0	0.0
826.538928769705	-1.1159248430074058	683166.6007717714	1.245288255241103	863.5377480277803	-0.6807715559804137	745697.4422688901	0.4634499114319936	768.1612710599546	-1.6080475559940623	590071.7383564451	2.585816942338477	773.2678623651736	648.3535200608404	1.216762	20.098471	0.2985210008200571	0.1942231167663684	0.0062105914	-0.0738054364	0.0079510743	0.0404946592	-0.0157349599	-0.0672888609	0.035433978	-0.0749777186	0.1523058185	-0.032280068	-0.000787589	0.1043597085	0.1561973455	-0.1587606645	0.0872493221	-0.0692655062	-0.1277119145	-0.1056380008	0.0747847681	-0.002143369	-0.0190551368	0.0270695411	0.0694367237	-0.1670505851	0.0262067125	-0.0733184015	0.0093295637	-0.000164466	-0.1109260176	-0.1500026785	0.14165835	-0.0976347013	-0.0923142196	0.0364807901	0.1234485835	-0.1109359022	-0.0264750772	-0.0322619215	-0.0280586334	-0.1411328327	0.1306070551	-0.0259246737	-0.116280096	0.0943225235	0.0790946453	-0.0710331455	0.2366249685	-0.1397964808	-0.0820040196	-0.0873169326	0.0445014015	0.0527113288	-0.1030434923	-0.0070685518	0.1115559966	0.1197545221	0.0979155752	-0.140198288	0.125330484	0.0525215094	0.235045744	-0.101177362	0.0533402472	-0.1440281577	-0.0483045824	0.0208790082	-0.1505910958	0.0262149314074662	0.0004109564769976	0.0006872226286981	1.688852259862803e-07	0.1536517835690318	0.1659851166601384	0.0236088705939445	0.0275510589526797	0.2532650558245706	0.0946422471014188	0.0641431885018228	0.008957154936406	-0.0002406488653017	-0.0002914719598954	5.7911876370995755e-08	8.49559034052933e-08	0.0003058826559267	-0.0001931353011905	3.7301244565983765e-08	9.356419919677193e-08	0.0009740337693092	0.000265046350544	7.024956793669292e-08	9.48741783754688e-07	0.0	0.0	0.0	0.0	0.0	0.0	0.0	0.0	0.0	0.0	0.0	0.0	0.0	0.0	0.0	0.0	0.0	0.0	0.0	0.0
831.2972192174005	4.758290447695572	691055.0666785829	22.641327984630927	862.652974006184	-0.8847740215962858	744170.1535617139	0.7828250692916648	767.7519019797996	-0.4093690801549883	589442.9829935998	0.1675830437869412	772.7360197302755	660.2251413307691	1.717188	28.364511	0.4633248202855516	0.3044580746568918	-0.0332752174	0.1077844691	-0.0066228254	-0.170998027	0.0050495934	-0.030642772	-0.0018583196	0.0085137603	-0.1927459841	-0.0277653027	-0.1011861839	0.009317954	-0.1235081313	0.1416615705	0.0942637402	0.1247802815	-0.1584861307	-0.0200955794	0.0016203892	0.2017850595	-0.0862631612	0.0960218178	0.3210040854	-0.1627445728	0.0418986014	0.1044074289	-0.0645377114	0.1392960539	0.0404206659	0.1351972442	-0.1699161856	-0.0577702865	0.0722600695	0.0008602647	0.2012809237	0.0311294826	0.0663705773	-0.0991815704	-0.1154597883	-0.3172548812	0.01024623	0.0174364458	0.1649306214	-0.0402954373	0.0236796525	0.1039886935	-0.1245750657	-0.2172786752	0.0085446631	0.0216718944	-0.0546513923	-0.0085146883	0.0898578791	0.0475842762	-0.0365985262	-0.0025123444	-0.2683066222	0.0619460939	0.0592368006	-0.0652043268	0.1690823454	0.2117490711	-0.1464278285	0.0002416995	0.0095834407	0.0149355036	-0.1533170814	0.026037432830904	-0.0001774985765621	0.0006779479084238	3.150574468160679e-08	-0.0627618898251256	-0.2164136733941574	0.0039390548144212	0.046834878031953	0.0397731978521136	-0.213491857972457	0.0015819072673833	0.0455787734205317	-0.0002619517649656	-2.13028996639e-05	6.861872716859295e-08	4.5381353409019065e-10	-0.0001266001600885	-0.0004324828160152	1.8704138614843735e-07	1.602760053443383e-08	0.0007629836781408	-0.0002110500911684	4.4542140982189966e-08	5.821440931092638e-07	0.0	0.0	0.0	0.0	0.0	0.0	0.0	0.0	0.0	0.0	0.0	0.0	0.0	0.0	1.0	0.0	0.0	0.0	0.0	0.0
829.2634605184131	-2.033758698987413	687677.8869509738	4.136174445706973	869.1518674029984	6.498893396814424	755424.9686101193	42.23561538315812	769.3663255197031	1.6144235399034417	591924.5428436897	2.606363366194359	775.330028568246	686.6674599396555	1.452782	23.997053	0.1972591313130531	0.1552731046960649	-0.0909872798	0.2091412735	0.0703377469	-0.1464852481	0.1789743758	0.1294060226	0.0860929846	-0.1238415002	0.0357889196	-0.1870050242	-0.1351749799	0.0142960411	-0.0721748439	-0.0288805071	0.084677085	-0.1487763497	0.005563246	0.0141162639	0.0126089364	-0.1445363801	0.2784929247	0.1945748008	0.0100057736	-0.0436184602	-0.01488647	0.1062361549	-0.1923900489	0.0661551262	0.0660892964	0.0073732127	0.1225554282	-0.0957148777	-0.1243671387	-0.1288308772	-0.0747388779	0.0129336109	0.1712549846	0.1807824032	0.1188068042	-0.0550415437	0.0671607593	-0.0206108621	0.1305552741	0.0585548867	0.0761551822	-0.1210816284	0.1139890674	0.0382882414	0.1527931581	0.1127788038	-0.0132322261	-0.1242732653	-0.0267344373	-0.0820212995	-0.0411654723	-0.0054817186	-0.0462763448	-0.1189204352	0.073287304	0.014341923	-6.57213e-05	0.1541324354	-0.1490798162	-0.0157275216	0.0431669896	0.0089700792	-0.1551433414	0.0259665159246509	-7.091690625310107e-05	0.0006742599492651	5.029207592511125e-09	0.090299669140947	0.1530615589660726	0.0081540302469644	0.0234278408331245	0.056118861237536	0.0163456633854224	0.0031493265865978	0.0002671807115095	-0.0004710833845387	-0.0002091316195731	2.219195551884367e-07	4.3736034305267835e-08	0.000219819807036	0.0003464199671245	1.2000679362253966e-07	4.8320747565344274e-08	0.0007630519325493	6.825440850000402e-08	4.658664279685421e-15	5.822482517672215e-07	0.0	0.0	0.0	0.0	0.0	0.0	0.0	0.0	0.0	0.0	0.0	0.0	0.0	0.0	0.0	0.0	0.0	0.0	0.0	0.0
823.7173633140345	-5.546097204378611	678510.2946250251	30.75919420041625	862.0445573263328	-7.1073100766656125	743120.8188159531	50.51385652587256	767.3564311133491	-2.0098944063539648	588835.8923710161	4.0396755246929565	773.7853315451646	655.6790478605973	1.594403	26.336346	0.1451321003157445	0.0878961385521788	-0.057216753	-0.0025947911	0.23847085	0.0997929176	0.2412809546	-0.0211451911	0.0394933652	-0.1177747763	0.0297221982	-0.1659992619	0.0063510666	-0.1213317106	-0.0493425622	0.0090534189	0.0648854132	-0.0046760956	-0.0339102208	-0.3143819339	0.1202338981	0.0724834765	-0.0535315661	-0.0615832673	0.0275323773	-0.067122742	-0.1832459967	0.1735835518	-0.1642893576	-0.0876202559	0.0915054573	-0.0376778761	-0.034511082	-0.1023547993	-0.1393290432	0.2426730517	0.0317604628	-0.1330337217	-0.0436834613	-0.0321907676	0.050477646	-0.0785358356	-0.1557882024	-0.0186265337	0.0429519749	0.2034208954	-0.0281453039	0.1192243753	0.1340778309	0.0504114407	-0.085949946	0.053383215	0.2183092731	-0.1271200972	0.0252094669	0.2087670203	-0.0258090054	-0.0363292832	-0.2487332236	0.0234593435	-0.0473718875	-0.0830689275	-0.0772819299	-0.1763188376	-0.0473617919	-0.0026554645	0.0224748862	0.0029914899	-0.1560591586	0.0315601789822608	0.0055936630576099	0.0009960448973923	3.1289066402069754e-05	0.1315860650013007	0.0412863958603537	0.0173148925025265	0.0017045664831378	0.130447326832666	0.07432846559513	0.0170165050777883	0.0055247207977264	-0.0005549679887585	-8.388460421979995e-05	3.0798946854665455e-07	7.036626825112481e-09	-9.368932654751916e-05	-0.0003135091335835	9.828797684028885e-08	8.777689908927679e-09	0.0006819741542996	-8.107777824969996e-05	6.573606125907521e-09	4.650887471326547e-07	0.0	0.0	0.0	0.0	0.0	0.0	0.0	0.0	0.0	0.0	0.0	0.0	0.0	0.0	0.0	1.0	0.0	0.0	0.0	0.0
825.2705723491927	1.5532090351581471	681071.517585564	2.412458306896903	856.5978238835681	-5.446733442764639	733759.8318820645	29.666905196530735	768.5838401229294	1.227409009580242	590721.1192981086	1.506532876798751	774.6671237649239	638.3270633157931	1.274194	21.047148	0.1921652607503524	0.1470280089572457	-0.0935797351	-0.0924732696	0.1397352867	0.1301399441	0.129246505	0.0244027052	-0.0609681527	0.0396909551	-0.1203539866	-0.1105891262	-0.0219178856	0.0131347278	-0.0214332702	-0.0431706556	0.0564598341	-0.1291338653	0.133574906	-0.1106429551	-0.0423689282	-0.0359418653	-0.1508125048	0.1041935712	-0.0171143591	-0.1065588562	0.0187344481	-0.005441471	-0.1149289696	-0.0234302982	0.0313107265	-0.0360214666	0.0478304805	-0.0459483437	-0.2095552892	0.0281754201	-0.0699128819	0.1034460638	-0.021522758	0.006731715	-0.1860284602	-0.0039899361	-0.0546774694	-0.065415688	0.0719160514	0.0591522126	0.10242958	-0.1182198531	-0.0906555461	-0.0487651378	-0.0867047858	-0.0013101182	0.0356439096	-0.0079484008	0.148295917	0.0511717747	0.0814929311	0.0502275928	-0.1691074661	0.0260356263	-0.028523592	0.0641955299	0.085592011	-0.0250401017	-0.0189044674	0.0300992838	0.0243249338	-0.0029914899	-0.1560591586	0.0260259224723711	-0.0055342565098897	0.0006773486405378	3.062799511725654e-05	-0.0134572559714598	-0.1450433209727605	0.0001810977382813	0.0210375649588072	0.1223828332220478	-0.0080644936106182	0.0149775578674555	6.503605719570178e-05	-0.0009308828787413	-0.0003759148899828	8.665429339336898e-07	1.4131200451078064e-07	-0.0003078553640845	-0.0002141660375369	4.586709163429149e-08	9.477492519560007e-08	0.0007623570199215	8.038286562189994e-05	6.4614050855884235e-09	5.811882258235902e-07	0.0	0.0	0.0	0.0	0.0	0.0	0.0	0.0	0.0	0.0	0.0	0.0	0.0	0.0	0.0	0.0	0.0	0.0	0.0	0.0
826.8772954606842	1.606723111491533	683726.0617483757	2.581559157001033	858.6694832061256	2.07165932255748	737313.2813894749	4.291772348739316	768.0207354227701	-0.5631047001592151	589855.8500393328	0.3170869033413995	773.8539855657594	650.5556804380918	0.917392	15.153476	0.1252927639721511	0.081793051083875	-0.0842354924	-0.0183406748	0.0887912638	0.0153651765	0.0781331236	-0.0703049824	-0.046813461	-0.1013194284	-0.0274993715	-0.0810533662	-0.0085279032	0.0502629189	0.0983390171	0.1082717951	0.0717972194	-0.0446098752	-0.1152136099	-0.1187566542	0.0911270195	-0.109630357	0.0405568385	-0.0017139837	-0.1700957352	-0.0588879051	-0.1203488584	-0.1285746941	-0.0782449885	0.0323057499	-0.061483551	-0.1356157081	-0.0648117512	-0.0699271638	-0.0726482956	0.0365518951	0.0363192472	-0.1467507394	0.0705455536	0.1057018291	0.0272014609	0.0438675739	-0.0988917681	-0.0695484478	0.0482220879	0.0394523044	0.1145069882	-0.0396973142	0.0542265625	0.0358175182	-0.0771315854	-0.0575840262	0.1175643756	0.0157784268	0.0162108563	-0.0229875052	0.0072521467	0.1212591845	-0.0118030993	-0.0973133497	-0.006475444	-0.0288890345	0.0344717163	-0.0444800706	0.0084939158	0.0074879962	0.1530642289	-0.0089700792	-0.1551433414	0.0260339392753365	8.016802965398612e-06	0.0006777659941919	6.426912978602398e-11	0.0515049761380197	0.0649622321094795	0.0026527625669779	0.0042200916006458	0.166747005067549	0.0443641718455012	0.0278045636989972	0.0019681797435371	-0.0012498795486469	-0.0003189966699056	1.5621988861257785e-06	1.0175887541086237e-07	-0.0003079767051978	-1.213411132999949e-07	1.4723665776882197e-14	9.484965094449263e-08	0.0007623081666563	-4.88532651999208e-08	2.3866415206937923e-15	5.811137409508894e-07	0.0	0.0	0.0	0.0	0.0	0.0	0.0	0.0	0.0	0.0	0.0	0.0	0.0	0.0	0.0	0.0	0.0	0.0	0.0	0.0
826.2185012710065	-0.6587941896776783	682637.0118425082	0.4340097843530688	861.8943912783149	3.224908072189237	742861.9417170169	10.4000320740713	768.0425818407977	0.0218464180275077	589889.4075206784	0.0004772659806326	774.278940246033	649.6060849741885	1.014212	16.75276	0.0568749929957111	0.038344446408706	-0.0596969765	-0.0105480681	0.1238598762	0.0298687285	0.0952247052	0.0253379973	-0.0276978636	0.1770588037	0.0397732557	-0.1194573842	-0.0354188551	-0.0208242758	0.1052921531	-0.0052208265	-0.170167971	-0.0895824781	-0.0544362462	-0.0501111959	0.0056360402	-0.0712613203	-0.1127839427	-0.1287649361	0.051239312	0.0486400792	-0.0542406773	0.0444403502	-0.1164089309	-0.0003742562	0.0146057656	-0.0917855963	0.0526430791	0.182133982	-0.0548698258	0.0279093518	0.0528470519	-0.0379000837	0.0898747315	-0.0657233161	-0.1300639356	0.0395562843	-0.0427434571	-0.0483919924	0.0519249353	0.0744321634	0.0374251133	0.0146617777	0.0181307469	0.0545921796	0.0091035189	-0.0162844829	-0.0174718924	0.1259567048	0.1416864267	0.1517078423	-0.0204990862	0.0596050375	0.0319249274	0.0054055799	0.0587556622	-0.01082227	0.0333452858	0.0982400007	-0.0257825745	-0.0579064218	0.0340050573	-0.0149355036	-0.1533170814	0.026135087411518	0.0001011481361815	0.0006830427940076	1.0230945452991754e-08	0.0428498782018209	-0.0086550979361988	0.0018361120619108	7.491072028519272e-05	0.1451672420508032	-0.0215797630167458	0.0210735281646364	0.0004656861718589	-0.0007198830082693	0.0005299965403776	5.182315455948571e-07	2.80896332812225e-07	-0.0003077750114883	2.0169370950002053e-07	4.068035245187868e-14	9.47254576966232e-08	0.0007628896107009	5.814440445999587e-07	3.380771770007588e-13	5.820005581153708e-07	0.0	0.0	0.0	0.0	0.0	0.0	0.0	0.0	0.0	0.0	0.0	0.0	0.0	0.0	0.0	0.0	0.0	0.0	0.0	0.0
824.9741814130225	-1.24431985798401	680582.3999980866	1.548331908973347	866.8363571166992	4.9419658383843625	751405.2700193496	24.423026347758054	767.4711238719799	-0.5714579688177537	589011.92597732	0.3265642101253127	773.6689908518132	655.6013694750635	1.219367	20.141502	0.0169377843252752	0.0163382391204391	-0.0847497347	-0.017704552	0.1422633824	0.0132482499	0.1222222554	0.1711173785	-0.0302573752	0.0518641686	-0.0779319997	-0.1271531359	0.0525883335	-0.050266875	-0.0972754863	-0.0317614219	0.0406648341	-0.1351788179	-0.1137078291	0.1755635715	-0.0447226778	-0.0173962144	0.0381616931	-0.0424241323	0.0555725761	-0.0062573174	0.0543959817	0.0089330577	-0.1314852256	-0.0921935371	0.0509899596	0.116703513	0.0412074085	0.0106752998	-0.0060246665	-0.1778159948	0.0821531661	-0.0738118738	0.0367328779	-0.0459891617	-0.0301889381	0.0323895339	0.1473758725	-0.0630702041	0.0626474239	0.0621519191	0.0318029582	-0.0050261539	-0.020682191	0.0136901256	0.0897408735	0.0029130797	-0.0648139929	-0.0848725254	0.2185808906	-0.1001718484	-0.0099188563	0.0740596758	0.0119107943	-0.0538964498	0.0311033558	0.0346362107	0.0981616118	0.0151905526	0.064225387	-0.0646548713	0.0019449044	-0.0208790082	-0.1505910958	0.0260187439083665	-0.0001163435031515	0.0006769750345691	1.3535810725563327e-08	0.0591556962181414	0.0163058180163205	0.003499396395053	0.0002658797011813	0.14515183125404	-1.541079676320445e-05	0.0210690541164013	2.374926568767927e-10	-0.0007293829988061	-9.499990536799988e-06	5.319995589473793e-07	9.024982019928931e-11	-0.0003077781873381	-3.17584979999232e-09	1.0086021952111259e-17	9.472741260112656e-08	0.0007623885369067	-5.010737941999995e-07	2.5107494723398345e-13	5.812362812067387e-07	0.0	0.0	0.0	0.0	0.0	0.0	0.0	0.0	0.0	0.0	0.0	0.0	0.0	0.0	0.0	0.0	0.0	0.0	0.0	0.0
824.5978720766173	-0.3763093364052565	679961.6506332852	0.1416087166657645	856.3007745156741	-10.535582601025112	733251.0164361433	110.99850074302309	768.2115862811053	0.7404624091253709	590149.041296532	0.5482845793277481	773.8038629514705	643.5593038797379	1.164241	19.230944	0.1109721354742556	0.0692573817216129	-0.0677240918	-0.098285002	0.0999610262	0.1020945085	0.0761061122	-0.0561671324	-0.0675515993	-0.1554953675	-0.0134808813	-0.0546591551	0.0425149323	0.0360205132	0.0667555086	0.017866895	0.0472305125	-0.1240398394	0.0703110511	-0.0450991906	0.0039171792	-0.0727335191	-0.1181191594	0.041745516	-0.0333612195	0.0168682037	-0.0929047466	-0.0360386479	-0.053522586	-0.0428696099	-0.0678181762	-0.0943863316	-0.0286902215	-0.0537851011	-0.1435090366	0.0214621623	-0.0749349946	-0.0053268062	-0.0342279742	0.0336460229	-0.0731151798	0.0575323127	-0.0705174989	-0.0717680784	-0.011083746	0.1149497605	0.047180099	-0.0737646885	0.0380427847	0.006157343	-0.0885428146	-0.0689716855	0.0839955422	-0.0065068184	0.0314055105	0.0099006792	0.0435102025	-0.0020628069	0.0258147807	-0.0476225364	0.0528263124	0.020911915	-0.0123792862	-0.0122069109	0.1029454443	-0.0416291648	0.0898190101	-0.0267918699	-0.1469813818	0.0307542806680913	0.0047355367597247	0.0009458257794117	2.242530840270485e-05	0.0859009902118543	0.0267452939937128	0.007378980119377	0.0007153107508101	0.209539771862623	0.064387940608583	0.04390691599224	0.0041458068958144	-0.0005779400065484	0.0001514429922576	3.340146511691647e-07	2.2934979903965767e-08	-0.000157720037998	0.00015005814934	2.2517448183375744e-08	2.487561038609057e-08	0.0007629546775536	5.661406468999639e-07	3.205152320723096e-13	5.820998400009177e-07	0.0	0.0	0.0	0.0	0.0	0.0	0.0	0.0	0.0	0.0	0.0	0.0	0.0	0.0	0.0	0.0	0.0	0.0	0.0	0.0
824.4905594959624	-0.1073125806548205	679784.6826979652	0.0115159899667973	859.2233985176299	2.9226240019557963	738264.8485601859	8.541731056808114	766.9788149374502	-1.2327713436550312	588256.5025628555	1.5197251857370309	772.263755018557	642.1218397303631	0.9987	16.496532	0.1204649088871289	0.0806049999582236	-0.0445470703	-0.0793873762	0.0751318975	0.026936047	0.0099155545	-0.0690243628	-0.1278243977	0.0970977213	-0.0973230047	-0.0393634262	0.0830974897	0.01213719	-0.0299502343	0.051257448	-0.1273767144	0.0698246586	-0.0803765548	0.03314882	0.0939398653	-0.0166819587	-0.0109879824	-0.0100688968	0.1305649668	-0.0363614069	-0.0530228269	0.0061710296	-0.0417340259	-0.0412391048	-0.0665719949	0.0270654541	-0.0731566644	0.1279247096	0.0708734809	0.0109536277	0.013147464	-0.0281021602	0.074607636	-0.0471988428	-0.1272671809	-0.1624621495	-0.0442865749	-0.0492082986	0.0419210097	0.0169642239	0.0356351718	0.0395314242	-0.0617526805	0.0295482626	-0.0440479984	-0.1174789145	-0.0236751691	0.1372608065	0.1503248036	0.0416064337	0.0201111504	0.0114430384	0.1193474735	-0.0238161023	0.1101081367	0.0249036167	0.081915419	0.0343211456	-0.0147253101	-3.69034e-05	0.0604630886	-0.0326654109	-0.1425091225	0.0260312172768664	-0.0047230633912248	0.0006776242729154	2.2307327797528845e-05	0.0118996932650077	-0.0740012969468466	0.0001416026998012	0.0054761919498153	0.1860689642902855	-0.0234708075723374	0.0346216594720595	0.0005508788080976	-0.0002209364148511	0.0003570035916973	4.881289940725737e-08	1.2745156448477252e-07	-0.0001660842964497	-8.3642584517e-06	6.996081944683486e-11	2.758399352719184e-08	0.000762981646939	2.69693854000521e-08	7.273477488565434e-16	5.821409935657489e-07	0.0	0.0	0.0	0.0	0.0	0.0	0.0	0.0	0.0	0.0	0.0	0.0	0.0	0.0	0.0	0.0	0.0	0.0	0.0	0.0
825.374613922721	0.8840544267585528	681243.2533080807	0.7815522294713935	855.9105102283329	-3.312888289297007	732582.8015193251	10.975228817361248	767.5566647141068	0.5778497766565351	589143.2335470438	0.3339103643820075	772.7523585870825	637.5319314818634	1.069362	17.663729	0.1508920112095167	0.0973702943708031	-0.0569698526	-0.139639886	0.0102045668	0.075966825	-0.0028856732	0.0659867333	-0.1435128669	-0.0300239413	-0.0914945452	-0.0201434628	0.1091640182	-0.0077233422	-0.2121677063	-0.0456786897	-0.0064210052	-0.0526761352	0.0037611316	-0.0699327065	0.0134823544	0.0442286322	-0.0061774022	0.0461176362	0.0087523914	0.1758948713	0.0536487319	-0.0075445579	-0.0180880129	-0.0878698945	-0.0030123814	0.2291693678	0.0073928219	-0.0316450443	-0.105790299	0.0393701939	-0.0156573905	-0.0374816497	-0.0431748796	0.0105727664	-0.0203518239	-0.0004057837	0.026244364	-0.0750913751	-0.0210448297	0.1141744329	-0.095452953	0.0974582561	-0.0364509933	-0.0873556189	0.0195379451	0.0286779708	0.0210500162	-0.1060526483	0.0967430953	-0.1305830515	0.0038657421	0.017780863	0.0777092158	-0.0251955586	-0.0482330632	0.0016286755	-0.1308700676	-0.0649880859	0.0882103565	0.0449927141	0.0190086531	-0.0384910108	-0.1372005631	0.0353159167173515	0.0092846994404851	0.0012472139735869	8.620564370014433e-05	0.104240969250668	0.0923412759856603	0.0108661796703187	0.0085269112506598	0.1926151375245126	0.006546173234227	0.0371005912035869	4.285238401251127e-05	-0.0006980283413148	-0.0004770919264637	4.87243565278691e-07	2.276167062968446e-07	6.118128064458439e-05	0.0002272655770942	5.1649642531998135e-08	3.743149101311397e-09	0.0009130213943639	0.0001500397474249	2.2511925807327784e-08	8.336080665662002e-07	0.0	0.0	0.0	0.0	0.0	0.0	0.0	0.0	0.0	0.0	0.0	0.0	0.0	0.0	0.0	0.0	0.0	0.0	0.0	0.0
829.5123333952947	4.137719472573735	688090.7112549066	17.120722433715873	861.4109817803239	5.5004715519910405	742028.8795317416	30.25518729426273	769.1843698996084	1.627705185501668	591644.5948978576	2.649424170909019	773.5106274533837	653.2616631921969	1.1106	18.344889	0.1767911875434021	0.1183291764777922	-0.0663281956	-0.0196678745	-0.0921245243	-0.0099785261	-0.1019076442	-0.0661609721	-0.1732575578	-0.0687621535	-0.0369863877	0.0486162357	-0.0368107989	0.1266057901	-0.0352179849	-0.0538840895	-0.0863968235	0.0152057478	0.0252325854	-0.1491452192	0.0325369449	0.0234082761	-0.0857852328	0.0083824716	-0.1226253451	0.1891642484	0.1870302624	-0.0224451285	0.0555746062	0.1012197742	-0.091770947	0.0602452757	0.0451802928	0.0262231163	-0.111887983	0.2089615206	-0.0473604157	-0.0252647331	-0.1105968245	-0.0006045422	-0.0779211764	0.0639808572	0.0986875393	-0.0613360875	0.0860998881	-0.0236865356	0.0259829126	0.0140110402	-0.0931410135	-0.0681036636	-0.0553694593	-0.0813838132	0.0828955937	-0.0037320829	-0.0116426456	-0.0110668129	0.0223416651	-0.0750180249	0.031235676	0.0541786001	-0.1302515852	-0.0245351295	-0.1111120944	0.0947051825	0.0208160759	0.1557136654	-0.0208117142	-0.0442601199	-0.1310868562	0.0260339140554037	-0.0092820026619478	0.0006777646810441	8.615557341640604e-05	0.0010453114688004	-0.1031956577818676	1.0926760668056494e-06	0.0106493437850323	0.1353758965173881	-0.0572392410071244	0.0183266333578865	0.0032763307110716	-0.0007400166962336	-4.1988354918799935e-05	5.476247107044922e-07	1.7630219487871104e-09	3.869067796014036e-05	-2.2490602684444028e-05	5.058272091095208e-10	1.496968561015291e-09	0.0008360146301179	-7.700676424600005e-05	5.930041739639032e-09	6.989204617711691e-07	0.0	0.0	0.0	0.0	0.0	0.0	0.0	0.0	0.0	0.0	0.0	0.0	0.0	0.0	0.0	0.0	0.0	0.0	0.0	0.0
829.1917267133149	-0.3206066819798252	687558.9196498087	0.1027886445301127	865.3100289286182	3.899047148294244	748761.4461644461	15.202568664621475	768.6614399662724	-0.5229299333360586	590840.4092910234	0.2734557151788547	774.1071376597794	660.9250184360303	1.007679	16.64484	0.1533466659914078	0.1096320111787035	-0.0747043958	-0.0016406549	-0.0992519791	-0.0394152779	-0.0588833936	-0.0279246799	-0.1396174105	0.126136957	0.1177767317	0.0120404077	-0.0059421111	0.09675451	0.0328963073	-0.0683563412	-0.25436529	0.0470859673	-0.0089078524	-0.0881260805	-0.0133383233	0.1348574597	0.0329262262	0.0143722967	-0.0326821623	0.1791234673	0.1187978634	0.0641452158	0.0143067561	0.0512687181	-0.0839798798	0.0316835761	0.0952446019	0.2108836787	0.0273816275	0.1488134247	0.0178417493	-0.0008106844	-0.0929724683	0.0390695282	0.06799602	-0.0572089465	-0.0392900825	-0.0782824128	0.0238656371	0.0632178801	-0.0703895356	0.08259474	0.0271742453	0.0082816286	0.0950949045	0.0689613811	0.0401544177	0.1541421283	-0.0445273953	0.0951358304	0.0297577197	-0.0022184431	0.0325528079	-0.0171715188	-0.0604576994	-0.0953618396	-0.1075546174	0.0614122959	0.0892610671	0.0889563315	-0.0110537076	-0.0499642712	-0.1242038795	0.0259501291473185	-8.378490808520073e-05	0.0006734092027625	7.019910822845534e-09	0.1073060447540115	0.1062607332852111	0.0115145872407499	0.0112913434383107	0.1515748573232826	0.0161989608058945	0.0229749373725734	0.0002624063311909	-0.0009163752399229	-0.0001763585436893	8.397435803437525e-07	3.110233593221074e-08	-0.0003273500659881	-0.0003660407439482	1.3398582623018125e-07	1.0715806570241341e-07	0.0007623501779111	-7.366445220679998e-05	5.426451518927918e-09	5.811777937610858e-07	0.0	0.0	0.0	0.0	0.0	0.0	0.0	0.0	0.0	0.0	0.0	0.0	0.0	0.0	0.0	0.0	0.0	0.0	0.0	0.0
829.7602831214743	0.5685564081594521	688502.1274458292	0.3232563892591775	862.0184020356759	-3.291626892942304	743075.7254481402	10.834807602341009	768.2808727688259	-0.380567197446453	590255.4994624289	0.1448313917722476	772.8441658675038	659.4918936051821	1.023957	16.913729	0.1233528519725982	0.0798870860004931	-0.0703865802	0.02149089	-0.1125074815	-0.067821069	-0.0624088446	0.0901006272	-0.1208128029	0.0717556649	-0.1074149674	-0.0229488566	0.055608274	0.0665070358	-0.1470514837	-0.1036599326	-0.0511623106	0.0073689558	0.0255509488	0.1379203432	-0.039068549	0.339752814	-0.0502305961	0.0750583438	0.0054157608	0.0143747402	0.0519828002	0.0214223092	-0.0129764169	0.0002322118	-0.0365701009	0.2029206901	0.0870284832	0.0329747432	0.041987741	-0.0419239547	0.0099957318	0.0752022641	-0.2913359221	-0.0334579683	-0.0263740089	-0.1216265559	0.0671468146	-0.0688961541	0.0649611404	-0.0209801061	-0.0607217979	0.0916179257	-0.1054964815	-0.0856426439	0.1202283105	0.0237188841	-0.060937548	-0.0326267684	0.0696969296	-0.030588986	-0.06996279	0.010285466	-0.0753023646	0.095751611	-0.0711335943	-0.0280390348	0.0823266524	0.0062283233	0.1334414515	0.1495729417	-0.012853271	-0.055595093	-0.1165920251	0.0259943458906661	4.421674334759845e-05	0.0006757060182835	1.955120392267392e-09	0.0335110833535594	-0.0737949614004521	0.0011229927075292	0.0054456963280942	0.131542906075893	-0.0200319512473896	0.0173035361388912	0.0004012790707777	-0.0006339921901014	0.0002823830498215	4.019460971095698e-07	7.974018682649176e-08	-2.074220460102083e-05	0.000306607861387	9.400838066435837e-08	4.302390517106097e-10	0.0007629937183307	6.435404196000619e-07	4.141442716590238e-13	5.821594142121076e-07	0.0	0.0	0.0	0.0	0.0	0.0	0.0	0.0	0.0	0.0	0.0	0.0	0.0	0.0	0.0	0.0	0.0	0.0	0.0	0.0
828.6662405966111	-1.0940425248631982	686687.7383045206	1.1969290462090416	860.5646524695711	-1.4537495661047617	740571.5210800737	2.1133878009497824	767.6668434143066	-0.614029354519289	589312.3824776856	0.3770320482113746	773.0145174090432	672.8827631724508	1.112742	18.380276	0.0773012300419871	0.0414754562400349	-0.0751571424	0.0832773117	-0.0224200337	-0.0602895447	0.0440966102	-0.0282669357	-0.0405860684	-0.1119119572	0.0331942363	-0.0365231309	0.0294417578	0.0452249123	0.1017465774	0.0945874004	0.0252354735	0.0696350323	0.0566803259	-0.0156210417	0.1798132429	0.2536141902	-0.0378111091	0.0858960067	-0.1322945477	-0.0720834397	-0.0335199566	0.1439209226	-0.0411404807	0.0158784742	-0.0797355033	-0.085523899	-0.0613693395	-0.0337897432	0.0967705825	0.0094031632	-0.1000339338	-0.1229618103	-0.2944921301	0.0676383294	0.1591967626	-0.0427609779	-0.0879983553	-0.0625149734	0.0663155796	-0.0237738526	0.0335135183	-0.0366933502	0.0445404093	0.023593012	0.0338466966	0.017684127	0.0592458652	0.0088191082	-0.1172879512	0.0322509517	0.002609342	-0.1023972128	0.0041964668	0.0237957324	-0.0639219874	-0.0692465887	-0.0801645055	0.1304350637	0.1157256259	0.1939179123	0.1134825733	-0.0611443214	-0.1082959623	0.0260382663111755	4.392042050940098e-05	0.0006779913124916	1.9290033377226103e-09	0.0616759158267257	0.0281648324731663	0.0038039185930653	0.0007932577882415	0.1314186037987355	-0.0001243022771575	0.017270849424409	1.5451056106542923e-08	-0.0001319321265867	0.0005020600635147	1.7406086025689032e-08	2.5206430737638465e-07	-0.0002600345766523	-0.0002392923720512	5.7260839321927806e-08	6.761798105474088e-08	0.0005249826564736	-0.0002380110618571	5.6649265566344316e-08	2.756067895980779e-07	0.0	0.0	0.0	0.0	0.0	0.0	0.0	0.0	0.0	0.0	0.0	0.0	0.0	0.0	0.0	0.0	0.0	0.0	0.0	0.0
826.7417868544854	-1.9244537421257064	683501.9821313474	3.703522205581635	862.4378371212069	1.8731846516358248	743799.0228983054	3.5088207391240256	766.8760820318151	-0.7907613824914961	588098.9251924673	0.6253035640398622	772.3571136799	658.2576251280935	1.03331	17.068218	0.0241147004652399	0.0153684658124991	-0.0697487424	0.0142531	0.0377537116	-0.0233121342	0.0663461255	0.0303710301	-0.0745324397	0.1948783572	0.071312575	-0.0437158943	0.0768180889	-0.0509872197	0.0265272768	0.0993177893	-0.1914802869	0.0362286105	-0.1235251526	0.078528038	0.0267851513	0.0124170569	0.0157945502	-0.0010293649	-0.0658500329	-0.0207365525	0.0771433337	0.0632050571	-0.0466435725	-0.0680557452	-0.0165171667	0.0095465191	-0.061729837	0.2077637556	0.1400199776	-0.0631979789	0.0536074143	-0.1039765795	-0.0244694972	0.0298990446	0.0284607398	-0.0394147518	-0.0500602128	-0.0564516905	0.0665116569	0.0300755585	-0.0390077539	0.0191642161	-0.0115350899	0.0468747335	0.1132882983	0.0242423821	-0.0355685268	0.1145005515	0.0721430429	0.0370767387	0.023057169	-0.0697513218	0.0013830665	0.0566563482	0.0760998929	-0.0509443046	-0.0098912045	0.1643229183	0.0376284735	0.111048983	-0.0216728575	-0.066603812	-0.0993643757	0.026006316202185	-3.195010899049999e-05	0.000676328482408	1.0208094645048283e-09	0.0587634663024516	-0.0029124495242741	0.0034531449718793	8.482362231444436e-06	0.1314034291156502	-1.5174683085289464e-05	0.0172668611833517	2.3027100673897015e-10	4.409572658610039e-05	0.0001760278531728	1.944433103156121e-09	3.098580509262497e-08	-0.0002509831767749	9.05139987740001e-06	8.192783974059691e-11	6.299255502402069e-08	0.0007630059264012	0.0002380232699276	5.665507702702712e-08	5.821780437233534e-07	0.0	0.0	0.0	0.0	0.0	0.0	0.0	0.0	0.0	0.0	0.0	0.0	0.0	0.0	0.0	0.0	0.0	0.0	0.0	0.0
826.7632408481617	0.0214539936762321	683537.4564177553	0.0004602738446598	860.4463258029363	-1.9915113182706816	740367.8795877728	3.966117330800229	767.5224744302255	0.6463923984103985	589090.7487554962	0.4178231327227474	772.8912663432485	654.5371745511105	1.169154	19.312086	0.2007159774690073	0.1214574493138307	-0.0693191825	-0.0688201652	-0.0035760631	0.0512784895	0.0510334362	0.0129287605	-0.0875589019	-0.0345948995	-0.0570524937	0.0071252548	0.1236002057	-0.0427209077	-0.2143185029	0.0233877437	-0.080949132	-0.0918096726	-0.0890866528	-0.0361152085	-0.0038406705	0.0469253163	0.0856933758	-0.0737947235	-0.0423836484	0.0332560892	0.0998761083	-0.1231970133	-0.0076939518	-0.1087421042	0.0047062236	0.2183930054	-0.0571165143	0.0737558334	-0.0806222501	-0.0417782608	0.0604268654	-0.052547738	0.0181891247	-0.0542444665	0.1271342233	-0.0027251751	-0.0534466495	-0.0819968984	-0.0538386168	0.0929758157	-0.1429576155	0.1343457573	0.0219580395	-0.0825580271	0.0547553743	0.0834567399	0.056735551	-0.1385342515	0.0229828002	-0.122829111	0.0356558154	-0.0609565371	0.0170515009	-0.0827237658	-0.0608588995	-0.0201589349	-0.1517764447	-0.0280011963	0.0470439311	0.0388751964	-0.0272248836	-0.0719655524	-0.0898496795	0.0259610730689985	-4.524313318650039e-05	0.0006739773148938	2.046941100531413e-09	0.1504819249225875	0.0917184586201358	0.0226448097284072	0.0084122756516535	0.2033586629200954	0.0719552338044452	0.0413547457846489	0.0051775556718523	-0.0004060150305826	-0.0004501107571687	1.6484820505898962e-07	2.025996937189808e-07	3.884509590479368e-05	0.0002898282726796	8.400042764449486e-08	1.5089414758526187e-09	0.0007630077347776	1.8083764000142999e-09	3.270225204128679e-18	5.821808033304443e-07	0.0	0.0	0.0	0.0	0.0	0.0	0.0	0.0	0.0	0.0	0.0	0.0	0.0	0.0	0.0	0.0	0.0	0.0	0.0	0.0
828.3834422851179	1.620201436956222	686219.1274521413	2.6250526963150067	865.7089300315473	5.262604228611053	749451.9515363665	27.695003266994934	768.6979773486102	1.175502918384609	590896.5803798444	1.3818071111307328	773.8955712181959	651.6931512481287	1.156039	19.095453	0.1653348984073172	0.1129662954966657	-0.0655826301	-0.0575441917	-0.0608396272	0.0365389905	-0.0414494282	-0.0665326814	-0.1325857779	-0.0297749119	0.0252853204	0.0816391461	0.05021915	0.0619907174	-0.0684723365	0.0619616375	-0.0103368878	-0.1098393858	0.1341472913	-0.0815298922	-0.0069613787	0.0766291582	-0.1935020765	-0.1327484278	-0.1379952471	0.0446424178	0.0957261011	-0.0315685712	0.0643366081	0.0111431914	-0.0806720934	0.0742378263	-0.0968044283	0.0213988223	-0.1486866552	0.0937275258	-0.048637198	0.0732617567	-0.1306803838	-0.1144498469	-0.0493452183	0.1280711499	0.0173926874	-0.0684372697	0.0063316275	-0.0277063093	-0.0551320288	0.0033995692	-0.1057793825	-0.0724365855	-0.0815847115	-0.0951589414	0.0554193875	-0.0986898975	-0.0118573817	0.0980839864	-0.035350469	-0.0846248946	-0.1172758031	0.1089377142	-0.1443286062	-0.0135652158	-0.0748945241	0.0467508315	0.016071138	0.0778387468	-0.093583126	-0.0772216734	-0.0798077096	0.0391817956106592	0.0132207225416607	0.0015352131072754	0.0001747875045235	0.0420614658539619	-0.1084204590686256	0.001769166909784	0.0117549959446515	0.1828708753231609	-0.0204877875969345	0.033441757041459	0.0004197494406171	-6.201724047210494e-05	0.0003439977901104	3.846138115774891e-09	1.1833447960090421e-07	3.897257921292585e-05	1.2748330813217026e-07	1.6251993852321863e-14	1.51886193050778e-09	0.0008830010453609	0.0001199933105833	1.4398394584740312e-08	7.796908461084423e-07	0.0	0.0	0.0	0.0	0.0	0.0	0.0	0.0	0.0	0.0	0.0	0.0	0.0	0.0	0.0	0.0	0.0	0.0	0.0	0.0
831.0620274001838	2.6785851150658573	690664.0933865038	7.174818218652372	864.6742880837212	-1.0346419478261168	747661.62447309	1.0704839602014211	769.506441116333	0.8084637677228557	592140.1629195245	0.6536136637206356	775.1802157560335	665.2074491852209	1.084014	17.905741	0.0624924082143917	0.0341271083561376	-0.0465818933	-0.0018225898	-0.0997526807	-0.0244628112	-0.0699538427	-0.0883102559	-0.0719179431	-0.0087164311	0.0075451226	0.0467024222	-0.0553095146	0.1229050396	0.1678511214	0.0233866007	-0.0323377106	-0.0273164629	0.1250170936	-0.021581589	0.0565340432	0.045721983	-0.0870917743	0.004665361	0.0348975341	-0.1581866695	0.0784534407	0.0336388164	0.0499527578	0.1108827863	-0.1224424237	-0.1755063598	0.0043185709	0.0621960613	-0.031668465	0.0177230254	-0.0868449659	0.0565726663	-0.0121934643	-0.0849849896	-0.0138720379	-0.0837776247	0.0220713223	-0.061966139	0.0007284371	-0.0536793191	0.0194433374	-0.1487858911	0.0018893178	-0.0526328194	-0.036240542	-0.0364024237	0.0429931566	0.1249961122	-0.1487833417	0.0254388208	0.0324404558	-0.0446149029	0.014545725	0.0001746672	-0.0652705211	-0.1181369011	-0.0408444522	0.1879926699	0.1455260319	0.0768993652	0.0255961004	-0.0823644609	-0.0692973963	0.0259592374675747	-0.0132225581430845	0.0006738820098979	0.0001748360438472	0.0698676413153975	0.0278061754614355	0.004881487302977	0.0007731833937921	0.1712590166264078	-0.0116118586967531	0.0293296507758442	0.0001348352623933	1.498507643481992e-05	7.700231690692486e-05	2.2455251575739526e-10	5.9293568090344874e-09	3.900577302107244e-05	3.3193808146592125e-08	1.1018288992727653e-15	1.5214503289714226e-09	0.0007630002378136	-0.0001200008075473	1.4400193812004151e-08	5.821693629036101e-07	0.0	0.0	0.0	0.0	0.0	0.0	0.0	0.0	0.0	0.0	0.0	0.0	0.0	0.0	0.0	0.0	0.0	0.0	0.0	0.0
831.660553143338	0.598525743154255	691659.2756546829	0.3582330652183532	869.2991538873598	4.624865803638613	755681.0189492797	21.389383701665835	768.9453946572763	-0.5610464590566835	591277.0199646344	0.3147731292200428	774.1568208259339	670.6710759464063	1.158108	19.129625	0.1097191461879832	0.0531681322374492	-0.0437900866	0.0650794674	-0.137874411	-0.1219169142	-0.0948068056	0.0407092181	-0.0244212015	0.1019142662	0.0787367267	0.0542121107	-0.0244583647	0.088165651	-0.0719764849	0.0329125732	-0.1777151797	0.1423811702	-0.0916698247	0.0913156089	-0.031057	-0.0295806856	0.012536064	0.0572018816	0.0818905696	0.0559044251	-0.1901613813	-0.0397236601	0.0426516021	0.0704974215	-0.0548889538	0.1069078354	0.022678385	0.1494985842	0.1371214514	0.0129297745	0.0575499303	0.0146108705	0.1099386755	0.0594403331	-0.0241546704	-0.0129768875	-0.1621688572	-0.0451984383	0.0181283094	-0.1030312677	-0.0468797853	0.1645835605	-0.0399896672	-0.0051794514	0.1023400744	-0.0417765383	-0.0444111303	0.0502869486	-0.0080278278	0.0098184451	-0.029973131	-0.0267710226	0.0052698987	0.0326328179	0.0489112578	-0.0408997599	0.0521150034	0.09635119	-0.0942368857	0.0692054592	0.0914740901	-0.0873863672	-0.0583804184	0.0085048290289648	-0.0174544084386099	7.233211681192233e-05	0.0003046563739418	0.0299543746107815	-0.0399132667046159	0.000897264558323	0.0015930688590338	0.1866635766866125	0.0154045600602046	0.0348432908614388	0.0002373004706484	0.0005290703360876	0.0005140852596527	2.7991542052784604e-07	2.6428365419226626e-07	-0.000185798139523	-0.000224803912544	5.0536799095122975e-08	3.452094865020817e-08	0.0007630492853078	4.904749419999167e-08	2.405656687298217e-15	5.822442118087443e-07	0.0	0.0	0.0	0.0	0.0	0.0	0.0	0.0	0.0	0.0	0.0	0.0	0.0	0.0	0.0	0.0	0.0	0.0	0.0	0.0
827.0628738560073	-4.59767928733072	684032.9973109579	21.13865482914992	864.8979450843854	-4.401208802974452	748048.4554111925	19.370638927379808	766.4772677951389	-2.46812686213741	587487.402046701	6.091650207604259	771.9222589276018	674.2777338404404	1.24617	20.58424	0.0507997866010223	0.0267817137144269	-0.0687107543	0.0575976812	0.005838589	-0.0304080602	0.0853095164	0.0489097363	0.0134715503	-0.0477954411	0.1306964972	-0.0330514091	0.1089992432	-0.0457615317	0.1294560555	0.2043441981	0.0810729367	0.0208426422	0.0125871306	0.1819515194	0.1699408898	0.0335247215	0.028354715	-0.0369578252	-0.0296216519	-0.0769097033	-0.0163104472	-0.0010415804	-0.0464804405	-0.0907121582	-0.0594006531	-0.1159818485	-0.1633132357	-0.0309476267	0.1597574418	-0.1533502306	-0.1131731053	-0.1458448529	-0.068365548	-0.0603524687	0.1001512385	-0.0160260566	-0.005564833	-0.0599856622	-0.0170127675	-0.0628148186	0.0586237254	-0.1167065236	0.0846516776	0.0704507752	0.0251678268	0.0100266217	-0.0106351909	-0.0137557783	-0.0491674674	0.0371852788	-0.0240037376	-0.086492173	-0.0655018344	-0.0275182986	-0.0591225387	0.0011196391	-0.0007219157	0.0315078765	0.1067213249	0.0180597071	0.11059581	-0.092280022	-0.0471208409	-0.0007328984990948	-0.0092377275280595	5.371402099754106e-07	8.53356098826701e-05	0.0484229340403459	0.0184685594295644	0.0023447805410756	0.0003410876874033	0.1865470587253241	-0.0001165179612883	0.0347998051190695	1.3576435302803368e-08	0.0005291237281718	5.339208420003516e-08	2.799719197144249e-07	2.8507146552236445e-15	-0.00044235220839	-0.000256554068867	6.581999025221337e-08	1.9567547626751e-07	0.0005601171126168	-0.000202932172691	4.118146671308985e-08	3.1373117984618097e-07	0.0	0.0	0.0	0.0	0.0	0.0	0.0	0.0	0.0	0.0	0.0	0.0	0.0	0.0	0.0	0.0	0.0	0.0	0.0	0.0
823.8791584083073	-3.183715447700024	678776.8676595807	10.136044051923763	862.1997722007709	-2.698172883614461	743388.4471830613	7.280136909872376	766.5130148287172	0.0357470335783318	587542.2019018093	0.0012778504096503	773.0228861873499	649.6742799595783	1.291763	21.337347	0.1390676911576601	0.0696481310650147	-0.0387631661	-0.066774827	0.1093487959	0.0860673036	0.134788004	-0.0125551033	-0.0443133937	0.2043051332	0.0132326466	-0.0281176375	0.1351805648	-0.1165061716	0.0720471819	0.0698339459	-0.1154065749	-0.016970138	-0.1468735462	0.1869165559	-0.1396417788	-0.0677840996	0.0800480166	-0.1004474275	-0.1783107711	0.0330645009	0.0306302511	0.1199538806	-0.0343364239	-0.1581906737	0.0324687603	0.0088913353	-0.0460332323	0.1860597605	0.1263375699	-0.1627210056	0.1340478303	-0.0186860266	-0.0189158959	0.0550355338	0.0649026115	0.1981721041	0.0442325816	-0.056762933	-0.0273531978	0.0473868531	-0.1027363556	0.0919562303	-0.0042229653	0.1117999239	0.0831367719	0.0435309115	-0.0784415684	0.1407484137	0.1306418936	-0.0533360289	0.0525521647	-0.0226801812	0.074519578	0.0436280467	0.0501108309	0.0082280059	-0.0278457746	0.0901868603	-0.078716038	-0.0600443766	0.0602754264	-0.0970382431	-0.0355847396	0.0261451194948563	0.0268780179939511	0.0006835672734003	0.0007224278512831	0.0974747803724938	0.0490518463321478	0.0095013328086659	0.0024060836285926	0.2194839610977652	0.032936902372441	0.0481732091791653	0.0010848395378917	0.0001060817843721	-0.0004230419437997	1.1253344975568722e-08	1.7896448621382857e-07	-0.0003384746197456	0.0001038775886443	1.0790553422575175e-08	1.1456506821192853e-07	0.0004830181558785	-7.709895673829997e-05	5.9442491301342494e-09	2.333065389082669e-07	0.0	0.0	0.0	0.0	0.0	0.0	0.0	0.0	0.0	0.0	0.0	0.0	0.0	0.0	0.0	0.0	0.0	0.0	0.0	0.0
824.7683427819932	0.8891843736859073	680242.8192553554	0.7906488504071992	855.0773728866151	-7.122399314155814	731157.3136226754	50.72857199028721	766.5364413791233	0.0234265504060431	587578.1159621701	0.0005488032639268	771.7279680303541	647.4920870630365	1.207211	19.940722	0.0809433083435644	0.0487385423992553	-0.0602973968	-0.1132004865	0.0321651019	0.1035390889	0.025745888	0.0241444827	-0.0983085892	-0.1342888472	-0.1124865036	0.0302460326	0.1865543749	-0.0192765385	-0.1126644051	0.1913031028	0.0420772942	-0.0795129597	0.0773212743	0.0616089024	0.0913929741	-0.0874631714	-0.0759299636	-0.1103012574	-0.0766973028	-0.0058082707	0.0051236432	-0.0097435514	0.0126754676	-0.1188482839	-0.0700863121	0.0830709834	-0.2054827725	-0.0450841533	-0.0379607839	-0.100394714	-0.1217488507	-0.0623865112	-0.0347346818	-0.0709883496	-0.0185735719	0.1373279036	-0.0944360642	-0.0772769431	-0.0547394349	-0.0314647992	0.0010385988	-0.1148318715	-0.0819737617	0.0422050014	-0.0959355916	-0.0605671716	0.0429332497	-0.141464692	0.0196768516	-0.0399745939	0.0361772924	-0.0652721774	-0.1009133596	0.0322505749	-0.0492257555	0.0856343492	-0.0255840347	-0.0679211913	-0.048651189	-0.0540744846	-0.0575812442	-0.1016540472	-0.023839813	0.0260941714396807	-5.094805517559878e-05	0.0006809057831234	2.595704326175857e-09	0.0539908616355546	-0.0434839187369391	0.0029150131401496	0.0018908511887207	0.2366699499631721	0.0171859888654068	0.0560126652155703	0.0002953582132818	7.138852291144356e-06	-9.894293208095565e-05	5.0963212034777016e-11	9.789703808776602e-09	-0.0003639973116249	-2.552269187929999e-05	6.514078007656857e-10	1.3249404287015458e-07	0.0007630015856391	0.0002799834297605	7.839072094050881e-08	5.821714196877808e-07	0.0	0.0	0.0	0.0	0.0	0.0	0.0	0.0	0.0	0.0	0.0	0.0	0.0	0.0	0.0	0.0	0.0	0.0	0.0	0.0
824.9518128443779	0.1834700623846856	680545.4935152255	0.0336612637914404	859.2597408614345	4.182367974819385	738327.3022652596	17.492201876794805	767.336128588076	0.7996872089527187	588804.7342365363	0.6394996321625892	773.4426387559168	645.6816198825836	1.02159	16.874626	0.096353952277586	0.0564425727425922	-0.0500453776	-0.1253750495	0.0380859402	0.0901683252	0.0144009201	-0.103583982	-0.122870146	0.0827182275	0.0686659445	0.0310083514	0.1238882365	-0.0339227888	0.1152460583	0.0909936749	-0.1033769632	-0.0496712047	-0.06402243	0.0591528286	-0.0914902894	-0.1223584759	-0.0572563348	-0.0261999612	0.1819413295	0.0435349188	0.0589588908	0.003325206	0.0216166301	-0.0906032857	-0.0784032384	-0.0855351541	-0.1123425512	0.1540348411	0.041781722	-0.0412636833	0.0497854331	-0.0370403732	0.1189658823	-0.0215869739	-0.0970403989	0.0657179165	0.1588363968	-0.0849168155	-0.0839658857	0.0069140967	-0.0524649014	-0.0577825504	-0.0186699899	0.0758792501	-0.0267159029	-0.0411665595	0.046434168	0.1162663082	0.0116070037	-0.0396347721	0.0122477402	0.029806378	0.0466365633	0.0211886476	-0.0523535227	0.0110359071	-0.0175556587	0.0587043053	0.0637486179	-0.0794914702	-0.0258402909	-0.10612066	-0.0119549848	0.0225949561484668	-0.0034992152912139	0.0005105320433511	1.224450765426518e-05	0.1032078787931425	0.0492170171575878	0.0106518662449799	0.0024223147778903	0.2571570244579391	0.020487074494767	0.066129735228061	0.0004197202213541	-0.0002299469714129	-0.000237085823704	5.2875609661965064e-08	5.6209687801425214e-08	-0.0001380878664347	0.0002259094451902	5.1035077426143985e-08	1.906825885648755e-08	0.000762983947853	-1.7637786099916966e-08	3.1109149850642413e-16	5.821445046813495e-07	0.0	0.0	0.0	0.0	0.0	0.0	0.0	0.0	0.0	0.0	0.0	0.0	0.0	0.0	0.0	0.0	0.0	0.0	0.0	0.0
826.0665037144539	1.1146908700760605	682385.8685590219	1.2425357358309248	856.8970413634231	-2.3626994980113523	734272.5394973881	5.582348917903096	767.9575886902986	0.6214601022226134	589758.8580270179	0.3862126586545411	772.6821360178687	643.3972255807174	1.005409	16.607347	0.0528172731173382	0.0389971685703978	-0.050583451	-0.125148974	-0.0460098789	0.0673005261	-0.0617166116	0.0092288985	-0.1302820603	-0.0825042986	-0.0900421985	0.0713746484	0.1270002568	0.0505181145	-0.1511185495	0.0856212852	0.0147834464	0.0043299122	0.0079983788	0.0015375058	-0.0082041173	-0.0397898562	0.0370495034	-0.0533925598	0.0092426696	0.1571548088	-0.0179470812	-0.0540440901	0.059664911	-0.0639698881	-0.069587807	0.1684582839	-0.0772245761	-0.0097477617	-0.0121538729	-0.0223503204	-0.0331035417	-0.040087472	0.0609944948	-0.0153520743	0.0336626781	0.1116003802	-0.0169908044	-0.0836439834	-0.0855782833	-0.0476583257	-0.104797666	0.0943990644	-0.105835561	-0.0115092469	-0.0433034187	-0.007264197	0.0595284047	-0.0932079427	0.0358892781	-0.0337034709	0.0460404643	0.0029577303	0.0134940822	0.0351582141	-0.1557637396	0.0510644313	-0.0654260646	-0.1091547373	-0.0251300537	0.0268422845	0.0170668556	-0.1104315261	-0.0	0.0260271624361791	0.0034322062877122	0.0006774131844792	1.1780040001411838e-05	0.0651093706202772	-0.0380985081728652	0.0042392301425686	0.0014514963249978	0.2526231834983434	-0.0045338409595956	0.0638184728408376	2.0555713846907586e-05	-0.0002179003935556	1.20465778573e-05	4.748058151168537e-08	1.4512003807199066e-10	-0.000261083236239	-0.0001229953698042	1.5127860993296512e-08	6.816445624502948e-08	0.0007629715415713	-1.2406281699986652e-08	1.5391582561942362e-16	5.82125573247686e-07	0.0	0.0	0.0	0.0	0.0	0.0	0.0	0.0	0.0	0.0	0.0	0.0	0.0	0.0	0.0	0.0	0.0	0.0	0.0	0.0
828.3498453655935	2.283341651139608	686163.4663172027	5.213649095828952	867.2452550493805	10.348213685957376	752114.332405665	107.08552649023554	768.4820100996229	0.5244214093243045	590564.5998467569	0.2750178145576897	774.2501375911086	650.0453522958254	1.006041	16.617785	0.060439946864872	0.0309301114711943	-0.0686103632	-0.1080091193	-0.1111969683	0.0349362039	-0.0879510813	-0.0578672613	-0.151038901	-0.0561181818	0.0501464616	0.1110734295	0.0611562999	0.0881216788	0.0715005075	0.1285595987	0.0058407543	0.0201819205	0.1819338412	0.0178631368	-0.0142437532	0.0439705344	-0.0062205511	0.0117846751	-0.0377342722	-0.0054098741	-0.1561187955	0.0974682298	0.1005750113	0.0171475413	-0.1364448157	-0.0480433102	-0.137018096	0.0269169493	0.0128941981	0.0284968631	-0.1219998091	0.05168963	-0.0148203388	-0.0159347476	0.0549082362	0.0509550254	0.0370202284	-0.102794682	-0.0908161811	-0.0854408389	-0.0249363367	-0.095071676	-0.0876109654	0.0430964151	-0.0373681373	-0.0480565289	0.0699300583	0.0450464587	-0.0913307955	-0.0170822945	-0.086267528	-0.0127119338	-0.0188805297	0.0393108166	-0.1773508053	-0.0512622956	-0.0031398877	-0.050389746	0.1548780207	0.0116033377	0.0179878607	-0.1145803187	0.0119549848	0.0261355324424812	0.0001083700063021	0.0006830660560519	1.1744058265917452e-08	0.0440567396938575	-0.0210526309264197	0.0019409963124523	0.000443213268924	0.2632269875837636	0.0106038040854202	0.0692884469924228	0.0001124406610819	-0.0003233227883486	-0.000105422394793	1.0453762546551361e-07	1.1113881323891156e-08	-0.0005790988253466	-0.0003180155891076	1.0113391491545389e-07	3.353554495178119e-07	0.0006129066885373	-0.000150064853034	2.251946011611605e-08	3.756546088537588e-07	0.0	0.0	0.0	0.0	0.0	0.0	0.0	0.0	0.0	0.0	0.0	0.0	0.0	0.0	0.0	0.0	0.0	0.0	0.0	0.0
829.6301419879699	1.2802966223763406	688286.172494979	1.639159441268266	862.6946547098	-4.550600339580456	744242.0672648611	20.70796345058976	769.8763178366202	1.3943077369972343	592709.5447656725	1.944094065450349	774.6675793826337	650.297656454538	1.101445	18.19368	0.1320256416265063	0.0951165768042822	-0.017781783	-0.0659857453	-0.1517846964	-0.0061875465	-0.0839310552	-0.0995129764	-0.0573004181	0.0987323874	0.0808085798	0.0956748835	-0.0160417059	0.0861154502	0.1655341838	-0.0759705728	-0.1748942793	-0.0269739715	0.0634555552	-0.0366817864	-0.0557861552	-0.0178479784	0.183848116	-0.0086956877	-0.0233856945	-0.0402747778	-0.0340653181	0.065953564	0.1117224695	0.040003542	-0.0779632759	-0.0982576117	0.1441783325	0.1752784119	-0.0295382819	0.0055154998	-0.0513297271	0.099362206	-0.0031284556	0.1140281412	0.1765782594	0.0818042858	-0.0627178159	-0.0816567125	-0.1097874951	-0.0391251299	-0.165722438	0.0032775913	-0.0097973193	0.08350386	0.0999703661	0.1280279199	-0.0268434335	0.2227940657	-0.0950041539	-0.1092513647	0.2120188299	-0.0414082993	0.0872460014	-0.013719677	0.0496319324	-0.0441507134	-0.1595569852	0.0596216995	-0.0740010677	-0.1121853978	0.0874246816	-0.1185609488	0.023839813	0.0261384393192685	2.9068767872994505e-06	0.000683218010047	8.449932656540375e-12	0.1345909749413749	0.0905342352475174	0.0181147305356698	0.0081964477518528	0.239370294475222	-0.0238566931085416	0.0572981378771545	0.0005691418060751	-0.0003239146111656	-5.918228170000085e-07	1.0492067532656187e-07	3.502542467218256e-13	-0.0002621047300161	0.0003169940953304	1.004852564744021e-07	6.869888949681269e-08	0.000647956898263	3.5050209725700034e-05	1.2285172018155574e-09	4.1984814200660773e-07	0.0	0.0	0.0	0.0	0.0	0.0	0.0	0.0	0.0	0.0	0.0	0.0	0.0	0.0	0.0	0.0	0.0	0.0	0.0	0.0
832.2698525824449	2.639710594474991	692673.1075176045	6.96807202258351	863.7485060665194	1.053851356719406	746061.4817321441	1.1106026820593324	769.8178134494358	-0.0585043871843709	592619.4659040703	0.0034227633198187	774.1101766665842	653.4472745092291	1.118095	18.468689	0.1963683045649389	0.1293629869187506	-0.0366477415	-0.0272190058	-0.2627232804	-0.1312469877	-0.2110610194	-0.0564708746	-0.1209122522	0.0077452737	-0.0454732185	0.0955269446	0.0297029461	0.1935106788	-0.0740938089	-0.0778803547	-0.0795795961	0.1364448641	-0.0070785734	0.045297955	0.0611333562	0.0924607421	0.0772045262	0.062013354	0.0020360962	0.0780134261	-0.0246916749	-0.1102535196	0.1111323756	0.0762405976	-0.1307734144	0.1597783095	0.0994357647	0.0366323277	0.0920466836	0.0472646422	0.0092190549	0.0234382845	-0.0799723371	0.074351138	0.0274807302	-0.071256121	-0.0972074716	-0.0842028035	-0.0687974757	-0.2220724399	-0.0956107242	0.1366128106	-0.0975682784	-0.0040782734	0.0460275232	-0.0264974534	0.00962945	0.0309121209	-0.084866162	-0.025364541	0.0651354561	-0.0247992272	-0.0569923615	0.1743416675	0.0172229834	0.025515432	0.1475778757	-0.1147603628	-0.1431733984	-0.0713458576	-0.0504439699	-0.1223675745	0.0355847396	0.018081823292718	-0.0080566160265505	0.000326952333589	6.490906179927037e-05	0.010199553902197	-0.1243914210391779	0.0001040308998038	0.015473225628146	0.2561751803705476	0.0168048858953255	0.0656257230378826	0.0002824041899549	0.0001916426789823	0.0005155572901479	3.6726916407512886e-08	2.657993194246459e-07	-0.0005549511552522	-0.0002928464252361	8.57590287735627e-08	3.079707847157514e-07	0.0005140529815693	-0.0001339039166937	1.7930258905913353e-08	2.6425046786028705e-07	0.0	0.0	0.0	0.0	0.0	0.0	0.0	0.0	0.0	0.0	0.0	0.0	0.0	0.0	0.0	0.0	0.0	0.0	0.0	0.0
832.3811560976401	0.1113035151952317	692858.3890264438	0.0123884724948151	868.4405482627826	4.6920421962631735	754188.9858669625	22.015259971514144	769.8625900833695	0.0447766339336794	592688.4076098741	0.0020049469464307	775.1592267988552	686.3949516384225	1.344013	22.200418	0.1030259995295036	0.0708111214926521	-0.0411469923	0.0781460403	-0.2110254042	-0.1085744656	-0.098750332	0.0871428337	0.0332613238	-0.1832788621	0.1109664422	0.0412394444	0.0455999659	0.1606654883	0.0228676	-0.0773262987	0.0941173891	0.0295311627	0.220782244	0.1092899873	0.0039920193	-0.024381921	0.0567651795	0.0005329117	-0.0791082522	-0.025545571	0.1088432979	-0.1573235505	0.0595161741	0.0315776884	-0.1584619593	0.0197843624	0.0888612656	-0.1069932057	0.0430272724	-0.0755501523	-0.1750734794	0.1551328933	-0.067021803	-0.0022151069	0.0421419185	0.0013281543	0.1040649284	-0.0732165917	-0.1019033628	-0.2007071291	0.016847776	-0.119539579	0.0290350333	0.053707777	0.0359918222	-0.0104028018	-0.0548129602	-0.0520188301	-0.2149482155	-0.0581242902	0.0517916713	-0.1108775046	-0.0252663042	-0.0245295082	-0.0235808768	0.0474229692	-0.002310966	0.0480719376	-0.0931938539	-0.0189060394	-0.0533925121	-0.1259946088	0.0471208409	0.0127776542599633	-0.0053041690327546	0.0001632684483871	2.8134209128033923e-05	0.0789389141891518	0.0687393602869548	0.0062313521733622	0.0047250996526597	0.2443155119543831	-0.0118596684161644	0.0596900693815323	0.0001406517349413	5.3110174781407485e-05	-0.0001385325042008	2.8206906653116515e-09	1.9191254720170306e-08	-0.0003949847270756	0.0001599664281766	2.558925814357933e-08	1.5601293462298626e-07	0.0005580100850644	4.395710349510004e-05	1.9322269476789357e-09	3.1137525503357895e-07	0.0	0.0	0.0	0.0	0.0	0.0	0.0	0.0	0.0	0.0	0.0	0.0	0.0	0.0	0.0	0.0	0.0	0.0	0.0	0.0
828.185115479627	-4.196040618013058	685890.5855020032	17.606756868015403	865.6072800492441	-2.833268213538531	749275.9632742505	8.02740876984782	767.9240794005217	-1.9385106828477772	589707.3917231387	3.757823667514956	773.5170817340093	671.0927038694683	1.250173	20.650354	0.084658716063941	0.0433616051825074	-0.0361070848	0.0309774827	-0.0837417961	-0.0644199104	-0.0199705966	-0.0568594088	-0.0166343862	0.0438104508	0.1998921559	0.0206394238	0.1437048874	0.0667205555	-0.0147865536	0.0022287941	-0.1236767302	0.1757441471	-0.1782280775	-0.0231522635	-0.0160439874	0.1975847863	0.0281939298	0.0652607646	0.0614805935	0.0332213567	-0.0257251941	-0.0949835277	0.0388634618	-0.0767432244	-0.1113126624	0.08063692	0.0022026076	0.086815797	0.1921962872	0.0804060111	0.147044456	-0.0446343837	-0.0411039975	0.0641327698	0.0811838716	-0.0541803649	-0.0561362293	-0.0644867181	-0.0912823519	-0.1317742535	-0.108499546	0.233050785	0.0528110366	0.1620611706	0.1035772555	-0.0188873035	0.0498193295	0.0872255419	-0.0720175484	0.057658234	0.0659422666	-0.047408918	-0.0175126	0.0828122709	0.1021805	0.0393409049	0.1042014253	-0.1099724556	-0.1882373527	-0.0400537388	0.0839580358	-0.1294367287	0.0583804184	-0.005933361629502	-0.0187110158894653	3.5204780226446626e-05	0.0003501021156158	0.0859039276872977	0.0069650134981458	0.0073794847921044	4.851141302935447e-05	0.2632732656594783	0.0189577537050951	0.0693128124110062	0.000359396425543	0.0007530904915107	0.0006999803167292	5.671452884038276e-07	4.899724438084407e-07	-0.0003943277211508	6.570059247999749e-07	4.3165678522227035e-13	1.554943516679831e-07	0.0004581487482938	-9.986133677060004e-05	9.972286581611196e-09	2.099002755631757e-07	0.0	0.0	0.0	0.0	0.0	0.0	0.0	0.0	0.0	0.0	0.0	0.0	0.0	0.0	0.0	0.0	0.0	0.0	0.0	0.0
826.7029000675575	-1.482215412069536	683437.6849801099	2.196962527776464	863.3894802924641	-2.217799756779982	745441.3946796913	4.918635761173348	768.0074353394685	0.0833559389468518	589835.420736708	0.0069482125577113	773.5429466915052	665.6552949139947	1.345951	22.23242	0.1161039873535582	0.0672854942599386	-0.0456656972	-0.0080223998	-0.0259403113	0.0114083811	0.045192199	0.0960312558	0.0367987165	-0.1660928151	-0.0045703461	0.0056220488	0.1197431996	-0.0385375956	-0.0756255323	0.0770736496	0.0987852766	-0.065682346	0.1538424456	0.227173845	0.1010760615	-0.0452847201	-0.0130245587	-0.0934238721	0.0790336952	-0.2030484561	-0.0308186544	-0.1630099623	-0.0089382527	-0.0903817256	-0.0242063843	0.0467354742	-0.1239591316	-0.0758535956	0.0304191691	-0.2140412097	-0.1981361766	0.0143425377	-0.0004583252	-0.1329647353	-0.0355259993	-0.0097117671	0.0315861603	-0.0563039055	-0.0632909946	-0.1353096234	0.0309483662	-0.2086159866	-0.0303578807	0.0672354326	0.0103826849	0.0607505065	-0.0519761853	-0.1424210404	0.0226277144	-0.036211201	0.1539610853	-0.1054548468	-0.2801034585	0.015247398	-0.01152483	0.1180862134	0.0098503078	-0.0153544911	-0.0783561883	-0.1688793914	-0.102722462	-0.1326888823	0.0692973963	-0.0057352424361454	0.0001981191933565	3.289300580136302e-05	3.9251214776269824e-08	0.0678894016287472	-0.0180145260585505	0.0046089708535093	0.0003245231491141	0.2007533998718571	-0.0625198657876211	0.0403019275601097	0.0039087336181021	0.000605744671085	-0.0001473458204256	3.669266065478749e-07	2.171079079692261e-08	-0.000805816230053	-0.0004114885089021	1.693227929585559e-07	6.493397966168294e-07	0.0006067439452465	0.0001485951969526	2.2080532557411697e-08	3.681382150932878e-07	0.0	0.0	0.0	0.0	0.0	0.0	0.0	0.0	0.0	0.0	0.0	0.0	0.0	0.0	0.0	0.0	0.0	0.0	0.0	0.0
827.4156434557292	0.7127433881717025	684616.6470352584	0.5080031373824782	859.913377708563	-3.476102583901138	739451.0171621497	12.08328917380417	769.6603946685791	1.6529593291105584	592377.1231213929	2.7322745436936278	774.932962512736	649.0889485572513	1.367677	22.591286	0.2769057501278765	0.1558928152722699	-0.035653405	-0.1062170964	-0.0765148194	0.0758971267	-0.0540703245	-0.1189579493	-0.0304743682	-0.1128638009	0.0738456087	0.0675627561	0.0268736802	0.1286224065	0.0822745877	0.0894899242	0.120676047	-0.079300685	-0.0975492835	-0.1351687811	-0.0473492541	-0.1365626569	0.0223845006	-0.0325559157	0.226417986	-0.0615493731	0.1311976409	0.0308753366	0.0815452888	0.0234228793	-0.1607068922	-0.1095362022	-0.0599823822	-0.0988276177	-0.1087620292	0.0144571358	0.098210157	-0.0984140474	0.1466688162	0.0070577585	0.0204645561	0.0102735486	0.10377963	-0.0817475875	-0.1392816077	-0.0433463689	-0.0573754794	0.0015564343	0.0800074721	0.0858626213	0.00394738	-0.0389170332	0.1860532899	-0.0486289434	-0.1289105904	-0.1668305019	0.223731857	0.1395376421	-0.0688131882	0.1092867128	0.1871452557	0.0255491899	0.1482263881	-0.0976806638	0.2051497332	-0.1679846199	0.034017711	-0.1357462967	0.0798077096	0.011577029301705	0.0173122717378504	0.0001340276074525	0.0002997147527251	0.1896137452117727	0.1217243435830255	0.035953372373235	0.0148168158207184	0.2849369060404427	0.0841835061685855	0.0811890404239	0.0070868627108362	0.0002913709944668	-0.0003143736766182	8.489705641657198e-08	9.883080855044462e-08	-0.0006258275617712	0.0001799886682817	3.2395920709855824e-08	3.9166013707248513e-07	0.0011860941731148	0.0005793502278683	3.356466865310512e-07	1.4068193874968811e-06	0.0	0.0	0.0	0.0	0.0	0.0	0.0	0.0	0.0	0.0	0.0	0.0	0.0	0.0	0.0	0.0	0.0	0.0	0.0	0.0
831.5412717321749	4.125628276445696	691460.8865939627	17.02080867540828	858.8114902560271	-1.1018874525358342	737557.1757957782	1.2141559580559105	769.8832399580214	0.2228452894422616	592720.2031682603	0.0496600230266053	774.1923866802225	651.6090342245603	1.390659	22.970901	0.421288964512486	0.2479990679272355	0.0220828336	-0.0330725698	-0.2129377762	-0.0584562348	-0.1805684062	-0.0974173082	-0.0245525544	-0.1493547713	-0.0942937489	0.1096317095	0.0133806389	0.1166209308	-0.0865000699	0.1027841677	0.2371976222	0.2532849885	0.0056073358	-0.1975364412	-0.1160514031	-0.1234949562	0.058706753	-0.0225648241	0.101236127	-0.0171998459	-0.215337858	-0.0475824512	0.1035171893	0.08650329	-0.135239019	0.0487966228	-0.1834325358	-0.2472349221	0.0768191408	0.1832111732	0.092702849	0.1399971252	0.3159667355	-0.0816948632	-0.0469044747	-0.1020860775	-0.1023531389	-0.0059740301	-0.0585777357	-0.3589846835	0.0559982394	0.145524727	-0.011605147	-0.2347004307	-0.3212307141	0.3550671427	0.0041225627	-0.1163908648	0.1692109741	0.1609540705	-0.1618518681	-0.0567339293	0.0699218082	-0.0172646462	0.448100861	0.1959953303	-0.2150320986	0.0227790519	0.1841660382	0.0063572421	0.1040693929	-0.1386044847	0.0898496795	-0.0102285326900783	-0.0218055619917833	0.000104622880992	0.0004754825337775	-0.0316618616799218	-0.2212756068916945	0.0010024734850385	0.0489628942052877	0.2338277961553245	-0.0511091098851181	0.0546754382548559	0.002612141113249	0.0016686783543228	0.001377307359856	2.7844874501854483e-06	1.8969755635135057e-06	-0.0009622028067313	-0.0003363752449601	1.131483054219673e-07	9.258342412815916e-07	0.0003578030630531	-0.0008282911100617	6.860661630072434e-07	1.2802303193018065e-07	0.0	0.0	0.0	0.0	0.0	0.0	0.0	0.0	0.0	0.0	0.0	0.0	0.0	0.0	0.0	0.0	0.0	0.0	0.0	0.0
832.3752461455724	0.8339744133975273	692848.5503959022	0.6955133222017498	872.8730705516964	14.061580295669271	761907.3972943467	197.7280404115544	771.2141550558584	1.330915097837078	594771.2729585216	1.7713349976506791	776.6934883323538	673.1549614605151	1.477851	24.41114	0.2180412420369038	0.1561677387397946	-0.0154289718	0.0828164158	-0.1638793915	-0.1295486198	-0.0739755948	0.0149895477	0.1040645193	-0.0537111638	0.39163213	-0.0320403159	-0.1177197753	0.2150226698	0.1727666233	-0.1318823501	0.0331017741	0.0347458876	-0.2199095287	0.121477563	0.0319497168	-0.2108126741	0.1159663642	-0.1153165911	-0.1470346143	0.0418161428	-0.0124418231	0.0518119292	0.013480058	0.1181858342	-0.1295828142	-0.1224221643	0.2699798139	-0.0707555223	0.0710158469	-0.0711875041	0.1126292412	-0.2255928528	0.1983856513	0.0359367259	0.038937959	0.2058297497	0.128333869	-0.0158995311	-0.0789294835	-0.2685406152	0.1214768534	-0.0653612644	0.3874163274	-0.09165337	-0.0824893108	0.3378982691	0.0629879093	0.0454881794	0.2270214567	0.0381197447	-0.0760890312	0.1506436342	0.109313336	-0.1721828655	-0.3181037717	-0.3322969313	0.1197823213	-0.0074093072	-0.1220681219	0.0910257706	-0.2102511009	-0.1412592515	0.0993643757	-0.024823633478789	-0.0145951007887106	0.0006162127790892	0.0002130169670326	0.1206652163336485	0.1523270780135703	0.0145600944328461	0.0232035386961523	0.2338031499852917	-2.4646170032810444e-05	0.0546639129430448	6.074336972862034e-10	0.0021620560301216	0.0004933776757987	4.674486277385173e-06	2.434215309766257e-07	-0.0006243197580344	0.0003378830486969	1.141649545967117e-07	3.897751602721318e-07	0.000167175446257	-0.000190627616796	3.6338888285360744e-08	2.7947629831227098e-08	0.0	0.0	0.0	0.0	0.0	0.0	0.0	0.0	0.0	0.0	0.0	0.0	0.0	0.0	0.0	0.0	0.0	0.0	0.0	0.0
828.3285122899924	-4.046733855579987	686128.1242725521	16.376054897897266	870.2768943829243	-2.596176168772104	757381.8728967876	6.740130699300199	769.6467017421016	-1.5674533137568003	592356.0455024956	2.456909890807175	776.0794451410227	680.4790469470777	1.949734	32.205719	0.3124770798887487	0.181144504881465	0.0942657088	0.0633329971	0.0158505645	-0.0115935664	0.0425312876	-0.0242253629	0.1667866558	0.2001951931	0.111910585	0.0517811587	-0.0274956118	-0.0283857229	-0.0542446378	-0.1608946381	0.0065551635	-0.041868598	-0.1968171476	-0.1464382884	-0.1515249	0.0328422507	0.0844336622	-0.2950109025	-0.104646308	-0.3635123962	-0.0378983593	-0.0643369766	0.0439255861	-0.0266630025	0.1009292567	0.0579378083	0.1155508	0.0105139756	-0.0751494541	0.0741196992	0.2612717588	0.0939719125	0.0449008423	-0.1764303167	0.2185241718	0.0757197042	-0.262089243	0.0945138102	-0.0652058165	0.2124903707	-0.0891278654	0.2392956316	0.2272851404	-0.0464920059	-0.0597132827	0.0213995041	-0.4134374469	-0.021106201	-0.2201358451	0.1716560051	0.1953580487	0.0888325123	-0.1873399498	-0.074359829	-0.0711629267	0.2430552831	0.1635792758	0.0315037917	0.0479384534	0.3556359642	-0.0709358962	-0.1437067008	0.1082959623	0.0085039874071668	0.0333276208859558	7.23178018212515e-05	0.0011107303139179	0.2351935613206421	0.1145283449869935	0.0553160112866866	0.0131167418054598	0.1958946153642529	-0.0379085346210388	0.0383747003287085	0.0014370569971144	0.0046220447835926	0.002459988753471	2.1363297981535567e-05	6.051544667203805e-06	-0.0006242885284146	3.1229619800008e-08	9.752891528530516e-16	3.897361667100669e-07	9.294384145258974e-05	-7.423160480441026e-05	5.510331151838145e-09	8.638557663964141e-09	0.0	0.0	0.0	0.0	0.0	0.0	0.0	0.0	0.0	0.0	0.0	0.0	0.0	0.0	0.0	0.0	1.0	0.0	0.0	0.0
830.2145901945845	1.8860779045920708	689256.2657719619	3.5572898621904168	864.9400066610156	-5.336887721908738	748121.2151227576	28.48237055626024	770.7849427682382	1.1382410261365976	594109.4279982363	1.2955926335804946	776.3819384695756	665.0716447767459	1.847954	30.524511	0.5018909599584686	0.2994501835124067	0.099251025	0.1004813634	0.0731226675	0.0336021146	-0.0272225415	0.1357019412	0.0333112414	0.2050205656	-0.1408615754	0.0340172277	-0.2333072426	-0.1165288187	-0.0265976651	-0.0912128856	-0.1391934009	-0.260678474	-0.1876767746	0.0324549177	0.2066821827	0.0850307573	-0.098924065	0.3052195952	-0.1464914732	-0.1243625581	-0.0440279517	-0.144159189	0.0141587836	0.1389179037	0.2231886914	-0.0186596107	0.1115210414	0.1636519353	-0.2175192629	-0.1314134706	0.0289579925	-0.2090228339	-0.1413810421	0.1158202753	-0.0510897914	-0.1309512895	-0.2048901968	0.1441934533	0.1741066457	0.2087191326	0.1494679484	-0.0836754462	-0.0965141979	-0.4308451069	0.0106558953	0.1599112834	-0.1533906006	0.0597716641	-0.1375768022	0.1581153956	0.323998469	0.0763081988	0.133132641	0.2579405166	-0.081013078	-0.1276179951	-0.1834847846	-0.1951129788	-0.150593401	-0.1561952747	0.0591586776	-0.1459432408	0.1165920251	0.014195580952574	0.0056915935454072	0.000201514518581	3.2394237086120906e-05	0.0602095578759644	-0.1749840034446776	0.0036251908596191	0.0306194014615269	-0.0239691880680652	-0.2198638034323181	0.0005745219766422	0.048340092059725	0.0059157575679756	0.001293712784383	3.499618760306059e-05	1.6736927684760151e-06	-0.0005702204335436	5.406809487100005e-05	2.923358882979462e-09	3.251513428306511e-07	0.0007721941529199	0.0006792503114673	4.61380985628438e-07	5.962838098036818e-07	0.0	0.0	0.0	0.0	0.0	0.0	0.0	0.0	0.0	0.0	0.0	0.0	0.0	0.0	0.0	0.0	0.0	1.0	0.0	0.0
833.0260384505722	2.8114482559876706	693932.3807366542	7.904241296096115	874.4167286963436	9.476722035328066	764604.615424015	89.80826053487253	770.2918576841001	-0.4930850841381016	593349.546014422	0.2431329001994787	774.78822165713	667.0283078017987	1.741786	28.770834	0.2249134772623725	0.1287181365631983	0.0195702379	0.183145079	-0.0214420552	-0.2317712428	-0.062156906	0.1676618001	-0.0422156654	-0.0130807067	-0.246130347	-0.0362834633	-0.2088748345	0.0006864635	-0.2193446327	0.1304973816	-0.0672053006	0.0832595273	-0.0806812683	0.1230448133	-0.0554808175	0.0036696502	0.0322959955	0.1615261877	-0.2009688141	-0.0034246518	0.2374732826	-0.0528657089	-0.0776555098	0.225966273	0.1116290013	0.2238880118	-0.0521418438	0.0001924525	0.1089280518	-0.0330820921	0.0044020311	-0.1310690209	-0.1479756397	0.2563456672	0.027787771	0.0791369926	0.2936894947	0.1014958256	0.2647139752	-0.0364299948	0.1405376667	0.100874856	-0.25181222	-0.1309966097	0.2634997132	0.0105637447	0.1394352691	0.0304573473	-0.0272027055	-0.1718945509	-0.0953794206	-0.2146081005	0.1073817723	-0.0338996386	0.0268874805	-0.0529150004	0.3419936362	-0.023315021	0.0443466574	-0.0674027954	-0.1125353313	-0.1479655889	0.1242038795	0.0047882743189688	-0.0094073066336052	2.292757095369612e-05	8.84974180986724e-05	-0.0361364327935973	-0.0963459906695617	0.0013058417750461	0.0092825499180992	-0.0563857944220558	-0.0324166063539906	0.0031793578126063	0.0010508363675095	0.0042412254808206	-0.001674532087155	1.7987993579161927e-05	2.8040577109116824e-06	-0.0005318177109465	3.8402722597099983e-05	1.4747691028698136e-09	2.8283007767637504e-07	0.0007941308152721	2.1936662352200063e-05	4.812171551544317e-10	6.306437517647303e-07	0.0	0.0	0.0	0.0	0.0	0.0	0.0	0.0	0.0	0.0	0.0	0.0	0.0	0.0	0.0	0.0	0.0	0.0	1.0	0.0
831.0444928319691	-1.981545618603036	690634.9490663448	3.9265230386048886	869.3535727815255	-5.06315591481814	755775.6345080031	25.63554781775791	769.9273134160925	-0.3645442680076485	592788.0679441219	0.1328925233372322	775.4481355631244	696.7836762980411	1.490772	24.624573	0.199733859582797	0.1451681039969752	0.040209809	0.2694339971	0.0228043094	-0.1612332003	0.0407673919	0.083838851	0.157947492	-0.151454437	-0.072129286	-0.0909499943	-0.1238701538	-0.0861566227	-0.094836106	0.0229470087	0.1883706648	0.0134098498	0.0649867458	-0.0054807664	0.1989953845	-0.0783048875	0.1544098642	0.0717326659	-0.170447406	0.0219460387	0.1778287046	0.0119703197	-0.0982957753	0.0875741861	0.128265266	0.0165823645	-0.017022684	-0.2095430836	0.0101726307	-0.0697841051	-0.1678236116	-0.088873153	0.0038693968	0.0650964754	0.1678058492	-0.0586454906	0.0607090494	0.1232292583	0.1835078494	0.0808964594	0.1908057554	-0.1000607105	0.0447033918	-0.0275759667	0.154373803	0.0521541695	0.0373751511	-0.1839787239	-0.1784588273	-0.0617042157	-0.042001521	-0.2546975175	0.0713965177	-0.1756041723	0.0519106098	-0.0196505236	-0.0822918214	-0.0844850906	0.0543667736	-0.0283232056	0.0213134343	-0.1497707771	0.1310868562	-0.0016810787808481	-0.0064693530998169	2.8260258674177343e-06	4.185252953011053e-05	0.1053352092536386	0.1414716420472359	0.0110955063085078	0.0200142255035412	-0.0260586246308065	0.0303271697912493	0.0006790519176492	0.0009197372275472	0.0041611376932676	-8.008778755299976e-05	1.7315066902332405e-05	6.414053715134424e-09	-0.0005450491062093	-1.3231395262799973e-05	1.7506982060044552e-10	2.970785281795568e-07	0.000458136105198	-0.0003359947100741	1.1289244519777856e-07	2.098886908859929e-07	0.0	0.0	0.0	0.0	0.0	0.0	0.0	0.0	0.0	0.0	0.0	0.0	0.0	0.0	0.0	0.0	0.0	0.0	0.0	0.0
823.8406011700127	-7.203891661956391	678713.336136168	51.89605507720481	860.4602085305326	-8.893364250992931	740391.7704644075	79.09192770083907	770.1339619954427	0.2066485793502579	593106.3194187981	0.0427036353474798	776.241381529015	680.5950108327364	1.487666	24.573267	0.2129078912334406	0.1219505726759001	0.0416637703	0.1571850465	0.2300595055	0.0747204229	0.207666262	-0.043971646	0.1659168156	0.024275997	0.092943421	-0.1992200327	-0.0682961994	-0.1407065801	0.1117919767	-0.1381159439	0.0139626498	0.0114695246	0.0130276196	-0.1931744063	0.165956093	-0.0651271869	-0.021567936	0.0841800334	0.040968779	0.2815060791	0.0228061698	-0.2156854032	-0.1723293217	-0.0595550434	0.1286639833	-0.1694828632	0.109837971	-0.0754178162	-0.0428487391	0.220716187	-0.0142780494	-0.1545813488	-0.0054148838	0.0184231407	0.0089660773	-0.0645865333	-0.033365388	0.1126412821	0.1104705856	0.1824066371	0.0659313924	0.0399749144	0.1917809937	0.1273640114	0.0963764042	-0.1078079855	0.1951641907	-0.0324362258	-0.0336981898	0.0407098066	-0.0101057528	-0.1235372234	0.0853933082	-0.0692270087	0.0797601676	-0.0408026243	-0.100685625	-0.0982046326	0.0233581235	0.0132920446	0.0983346728	-0.1513561561	0.1372005631	0.008421011179962	0.0101020899608101	7.091342929304498e-05	0.0001020522215763	0.163349762917349	0.0580145536637104	0.0266831450451541	0.0033656884367995	0.0799081682936986	0.105966792924505	0.006385315360054	0.0112289612027049	0.0044181601539702	0.0002570224607026	1.9520139146129985e-05	6.606054530561965e-08	-0.00036124859268	0.0001838005135292	3.378262877363437e-08	1.3050054571328057e-07	0.0007938022246544	0.0003356661194564	1.1267174375091822e-07	6.301219718662746e-07	0.0	0.0	0.0	0.0	0.0	0.0	0.0	0.0	0.0	0.0	0.0	0.0	0.0	0.0	0.0	0.0	0.0	0.0	0.0	0.0
821.6153284924413	-2.225272677571411	675051.7480137423	4.951838489545836	852.3537920307181	-8.106416499814486	726506.9867891446	65.71398846846455	769.4061309673168	-0.7278310281259337	591985.7943700958	0.5297380055028537	775.4531127231002	636.2421804980228	1.503626	24.836893	0.1554066911470563	0.103478928604723	0.0910582756	-0.0493201892	0.2530947067	0.1464124398	0.1485670539	-0.0957326257	0.0863745408	0.1808818912	-0.1327350294	-0.1455847489	-0.0338654076	-0.169145471	0.1140577528	-0.0778796529	0.0028176948	0.129905386	0.0638661681	-0.0176481594	-0.1397341996	0.029532767	-0.1612460152	0.1461382895	0.2124556876	0.0943937394	0.0647990795	-0.1176636394	-0.1265721573	-0.0798091287	0.1352175807	-0.1494181611	0.0527362991	0.0211135684	0.0802918168	0.1238556995	0.0412045944	0.1760146997	-0.0658749342	0.0202826137	-0.2257892849	-0.1298207573	0.0477272547	0.1148683183	0.0827110273	0.1166348901	0.0846707224	-0.028165286	-0.0046703025	0.0038108422	-0.0661793666	-0.1302363959	0.0461618973	0.0849962116	0.1654482288	0.0718876718	0.0054671972	-0.0295542409	0.169163862	0.0448292144	0.0863362757	0.1300620449	-0.0153736729	-0.0169482382	0.1539478046	0.0799060645	-0.048336164	-0.152719399	0.1425091225	0.0047817761186053	-0.0036392350613566	2.286538284846397e-05	1.32440318318079e-05	0.0677642584465587	-0.0955855044707903	0.004591994722812	0.0091365886649354	0.117786529248633	0.0378783609549344	0.013873666472439	0.0014347702286322	0.0047351838308422	0.0003170236768719	2.2421965911869414e-05	1.005040116974422e-07	-0.0004101226603565	-4.88740676765e-05	2.3886744912471023e-09	1.6820059653789308e-07	0.0007939762933054	1.7406865099995304e-07	3.0299895260943456e-14	6.303983543309826e-07	0.0	0.0	0.0	0.0	0.0	0.0	0.0	0.0	0.0	0.0	0.0	0.0	0.0	0.0	0.0	0.0	0.0	0.0	0.0	1.0
824.5760758403629	2.960747347921597	679925.7048482919	8.76602485822477	861.8890013455012	9.535209314783174	742852.6506403454	90.9202166767278	768.5116794021042	-0.8944515652126483	590610.2013774426	0.8000436025113565	774.1462864224675	641.7523218769776	1.172054	19.359987	0.1774652638085189	0.1062723696404941	0.0871463421	-0.0502632055	0.1775770031	0.0796124629	0.0808767522	-0.0339789444	0.0466954415	0.1797371628	-0.1382535564	-0.043109726	0.0085730773	-0.1753092903	0.0034328896	-0.0117827759	0.0056679082	0.1010709756	-0.0416949269	-0.0966825442	-0.2300151173	0.0890155854	-0.0364452796	0.0058816756	0.0407278078	0.0378583432	-0.1010228247	0.2130635686	-0.0372097091	-0.0943445567	0.1486311471	-0.0215932129	-0.0583949388	0.019673577	0.0652115449	0.0920947004	0.1654073576	0.2146264065	0.0275399115	-0.0137942682	-0.0806467571	-0.0555797207	-0.0005204348	0.1017555073	0.0253424495	0.1849609163	-0.0703753825	0.1118754155	-0.0473547591	0.1057188614	-0.0355703042	-0.039110161	0.0558171883	0.0265508374	0.1056710259	-0.0134940155	-0.2742762867	0.0800766595	0.0252660464	-0.0419915901	-0.0027710937	0.0972798305	0.0702958871	-0.1176891628	0.2078804306	0.072710548	-0.0979605037	-0.1538585052	0.1469813818	0.0119953681312807	0.0072135920126753	0.0001438888566049	5.203590972533432e-05	0.1601148681908455	0.0923506097442868	0.0256367710157718	0.0085286351201415	0.1471594318806097	0.0293729026319767	0.0216558983914238	0.0008627674090275	0.0040490633513635	-0.0006861204794786	1.639491402335502e-05	4.707613123600811e-07	-0.0001268961828033	0.0002832264775532	8.021723758719333e-08	1.6102641210048527e-08	0.0007927600619457	-1.216231359700017e-06	1.4792187203177525e-12	6.2846851581615e-07	0.0	0.0	0.0	0.0	0.0	0.0	0.0	0.0	0.0	0.0	0.0	0.0	0.0	0.0	0.0	0.0	0.0	0.0	0.0	0.0
826.4647296412071	1.888653800844168	683043.9493409136	3.567013179443121	859.8853864190298	-2.003614926471414	739402.8777770043	4.01447277357905	769.9816872632063	1.47000786110209	592871.7987206939	2.1609231117019414	775.087099862898	636.6026242030294	1.077923	17.805141	0.1088925778658925	0.0735119389619261	0.0944062096	-0.068309798	0.0903497705	0.0646426903	0.0063080997	0.0769338578	0.078191767	0.0436120862	-0.1466648958	0.0064656071	-0.0624398067	-0.0934690055	-0.124370582	-0.1131726142	-0.0042254834	-0.1751599839	0.0981315337	0.0321456142	-0.0799253583	0.0647900734	-0.0283058323	-0.1160956569	-0.050546634	-0.0834985275	-0.1484830903	0.1614907713	-0.0017425131	-0.0154040943	0.1713849089	0.0976690156	0.0864559438	0.0047598084	-0.1343020943	-0.0826509111	-0.0497514009	0.096938356	-0.0522150125	-0.1038062415	-0.0495640193	0.0531348963	-0.0497799109	0.0915111724	0.0014555659	0.0977251743	-0.0432884745	-0.0384185726	-0.0866409237	-0.0051796049	-0.0265397181	-0.1052776578	-0.1684296415	-0.0259466493	0.1388316313	-0.0023089564	-0.164397445	0.1525182364	-0.0853225977	-0.0195714714	-0.0237059999	-0.0239345665	-0.0185993442	0.0342173207	-0.0335090009	-0.0257894646	-0.0347354235	-0.1547718027	0.1505910958	0.022184077966088	0.0101887098348073	0.0004921333152054	0.0001038098080978	0.0906275415497503	-0.0694873266410951	0.0082133512873517	0.0048284885637262	0.1587558912207498	0.01159645934014	0.0252034329972945	0.0001344778692275	0.0037030582339619	-0.0003460051174016	1.3712640284113029e-05	1.1971954126809505e-07	-0.0001210332825287	5.862900274599992e-06	3.437359962990466e-11	1.4649055479672116e-08	0.0007922264386249	-5.336233207999669e-07	2.847538485015844e-13	6.276227300562924e-07	0.0	0.0	0.0	0.0	0.0	0.0	0.0	0.0	0.0	0.0	0.0	0.0	0.0	0.0	0.0	0.0	0.0	0.0	0.0	0.0
827.1980906051998	0.733360963992709	684256.6811008884	0.5378183035083154	867.2975085594135	7.412122140383644	752204.9683533659	54.93955462396542	770.2480500539144	0.2663627907081718	593282.0586118575	0.0709491362738453	777.0770912201601	661.9110815023121	1.211006	20.003397	0.0722173581644403	0.0353485225026709	0.0704849186	0.0297464306	0.0847746781	-0.0218727139	0.0290875782	0.0612995057	0.126365995	-0.2296074519	-0.1247626665	-0.0103207258	-0.0748605217	-0.025004039	-0.0720515205	-0.0040798482	0.1506027097	0.045349947	0.0810783491	-0.0332568998	-0.065720831	-0.1007199467	-0.1027586118	-0.0221461434	-0.0326383255	0.0010145526	-0.063467142	0.0079651844	-0.0256108069	0.0465273784	0.0883030466	0.0172994489	-0.0258669223	-0.2045326303	-0.0346237126	0.022840495	-0.0314068336	0.0743217213	0.0141846384	0.051774859	-0.0882852803	0.152241406	-0.046684471	0.093188162	0.039301254	0.0002870944	0.0758867036	0.0145429617	-0.0177564655	0.0839459049	-0.1075453335	-0.2032086045	0.0708077064	-0.1164122422	0.0407124126	-0.1256926259	-0.1055910965	0.1300259745	0.0427445664	-0.1042377667	-0.059220837	0.0341981115	-0.028025303	0.0964401936	-0.3400164591	0.0407248213	0.0172884558	-0.1554579513	0.1533170814	0.0161262602633769	-0.0060578177027111	0.0002600562700821	3.6697155319280005e-05	0.0709825935082761	-0.0196449480414742	0.0050385285811611	0.0003859239835522	0.1798675668938898	0.02111167567314	0.0323523416203279	0.0004457028497278	0.0036096596911757	-9.339854278620028e-05	1.3029643086098648e-05	8.723287794585685e-09	-0.0004347535206434	-0.0003137202381147	9.842038780274409e-08	1.8901062371183122e-07	0.0006912868845835	-0.0001009395540413	1.0188793570076706e-08	4.778775567971613e-07	0.0	0.0	0.0	0.0	0.0	0.0	0.0	0.0	0.0	0.0	0.0	0.0	0.0	0.0	0.0	0.0	0.0	0.0	0.0	0.0
825.1202723380725	-2.077818267127327	680823.4638232549	4.3173287512080085	865.7470629388393	-1.5504456205741235	749517.9769872266	2.403881622357479	768.9715597364637	-1.27649031745068	591317.2596835298	1.6294275305453374	775.5034029470149	652.461652492222	1.264618	20.888969	0.0900494167204509	0.0482133825396636	0.0675957524	-0.0456845083	0.1025467226	0.0581380911	0.0362786938	-0.042365403	0.032264785	0.0338875487	0.1428361703	0.0142406622	-0.0085657269	-0.0921176903	0.1273195978	0.0162840211	-0.0569546478	-0.0445358773	0.075786832	-0.0329642258	0.102979026	-0.0326711606	-0.1366939343	-0.1407096383	0.1613074136	0.1075862632	-0.1349099044	0.0481804516	0.0066704493	-0.0398462034	0.0396608348	-0.1633291029	-0.0577779332	0.0793493889	-0.0423332153	0.0395714337	-0.0622721386	-0.0224446133	0.1352510241	-0.1931578883	-0.1694146091	-0.0641503138	-0.0859157733	0.0693073498	-0.0312570587	0.0923976274	-0.0232715101	-0.1495894552	0.0155635856	0.1035080076	-0.1147683814	-0.1356762233	-0.0633028218	0.016403254	0.0500084635	0.1588387978	-0.1158653642	0.1601090047	-0.079645223	0.0489313992	0.0068253573	-0.0404919525	-0.0530648543	0.0737144438	-0.0607346917	-0.0915401335	-0.0547603771	-0.155915944	0.1551433414	0.0289024515126925	0.0127761912493155	0.0008353517034435	0.000163231062839	0.1064292985671926	0.0354467050589165	0.0113271955935046	0.0012564688995338	0.2085830215573736	0.0287154546634837	0.0435068768820037	0.0008245773365305	0.0035421401809922	-6.751951018349987e-05	1.2546757061799457e-05	4.558884255419743e-09	-0.0004860312412402	-5.127772059680002e-05	2.629404629603489e-09	2.362263674614895e-07	0.0005478628003891	-0.0001434240841944	2.0570467927002345e-08	3.001536480501869e-07	0.0	0.0	0.0	0.0	0.0	0.0	0.0	0.0	0.0	0.0	0.0	0.0	0.0	0.0	0.0	0.0	0.0	0.0	0.0	0.0
826.445625413438	1.3253530753655696	683012.3717650088	1.756560774380973	858.3081201308266	-7.438942808012712	736692.8290825136	55.33787010088405	769.7331344463207	0.7615747098569727	592489.0982645577	0.5799960386937322	775.0052729534109	636.4524025289636	1.111859	18.365692	0.1482709943934616	0.0742880071562946	0.1073967987	-0.1224570416	0.0342853454	0.1178530964	-0.050119328	-0.0164562297	0.0544751717	-0.0232934023	0.0002850925	0.0820253033	-0.0065604836	-0.0883226999	0.1413101313	-0.0655220973	0.0823187206	-0.1133189119	0.1352556857	0.0524672855	-0.039925931	0.0918667685	0.0862512956	0.1018527238	0.1832753133	0.0326668172	0.0963990691	0.3207410942	0.1013307168	-0.0510614912	0.0749984257	-0.1239973207	0.0445345057	0.0029708132	-0.0838271663	-0.1123475763	-0.0721161982	0.1521585774	-0.0534088199	0.05222138	-0.0075787181	-0.1310956294	0.2431724533	0.0572247367	-0.1031344245	0.0669361787	-0.1032659428	-0.19560875	-0.0993284248	0.0717399785	-0.0039542649	-0.0375733276	-0.1295016642	0.0963497542	0.0539312239	-0.0944793172	-0.1234490162	0.1938197055	-0.0640145853	-0.0598522171	0.0187595651	-0.1114244266	-0.0348452451	0.1695171249	-0.0323095758	-0.0478665713	0.1294783984	-0.1561451084	0.1560591586	0.0189676983846709	-0.0099347531280215	0.0003597735820118	9.869931971473492e-05	0.1349724397873615	0.0285431412201689	0.0182175595021529	0.0008147109107145	0.2159005755058984	0.0073175539485247	0.0466130585037781	5.354659578957076e-05	0.002426000520009	-0.0011161396609832	5.885478523083938e-06	1.2457677428196925e-06	2.204378081627212e-06	0.0004882356193218	2.383740199745682e-07	4.859282726758467e-12	0.000992998442019	0.0004451356416299	1.9814573944926282e-07	9.860459058521617e-07	0.0	0.0	0.0	0.0	0.0	0.0	0.0	0.0	0.0	0.0	0.0	0.0	0.0	0.0	0.0	0.0	0.0	0.0	0.0	0.0
