global_signal	global_signal_derivative1	global_signal_power2	global_signal_derivative1_power2	csf	csf_derivative1	csf_power2	csf_derivative1_power2	white_matter	white_matter_derivative1	white_matter_power2	white_matter_derivative1_power2	csf_wm	tcompcor	std_dvars	dvars	framewise_displacement	rmsd	t_comp_cor_00	t_comp_cor_01	t_comp_cor_02	c_comp_cor_00	c_comp_cor_01	c_comp_cor_02	c_comp_cor_03	c_comp_cor_04	c_comp_cor_05	w_comp_cor_00	w_comp_cor_01	w_comp_cor_02	w_comp_cor_03	w_comp_cor_04	w_comp_cor_05	w_comp_cor_06	w_comp_cor_07	w_comp_cor_08	w_comp_cor_09	w_comp_cor_10	w_comp_cor_11	w_comp_cor_12	w_comp_cor_13	w_comp_cor_14	w_comp_cor_15	w_comp_cor_16	w_comp_cor_17	a_comp_cor_00	a_comp_cor_01	a_comp_cor_02	a_comp_cor_03	a_comp_cor_04	a_comp_cor_05	a_comp_cor_06	a_comp_cor_07	a_comp_cor_08	a_comp_cor_09	a_comp_cor_10	a_comp_cor_11	a_comp_cor_12	a_comp_cor_13	a_comp_cor_14	edge_comp_00	edge_comp_01	edge_comp_02	edge_comp_03	edge_comp_04	edge_comp_05	edge_comp_06	edge_comp_07	edge_comp_08	edge_comp_09	edge_comp_10	edge_comp_11	edge_comp_12	edge_comp_13	edge_comp_14	edge_comp_15	edge_comp_16	edge_comp_17	edge_comp_18	edge_comp_19	edge_comp_20	edge_comp_21	edge_comp_22	edge_comp_23	cosine00	cosine01	trans_x	trans_x_derivative1	trans_x_power2	trans_x_derivative1_power2	trans_y	trans_y_derivative1	trans_y_power2	trans_y_derivative1_power2	trans_z	trans_z_derivative1	trans_z_power2	trans_z_derivative1_power2	rot_x	rot_x_derivative1	rot_x_power2	rot_x_derivative1_power2	rot_y	rot_y_derivative1	rot_y_derivative1_power2	rot_y_power2	rot_z	rot_z_derivative1	rot_z_derivative1_power2	rot_z_power2	motion_outlier00	motion_outlier01	motion_outlier02	motion_outlier03	motion_outlier04	motion_outlier05	motion_outlier06	motion_outlier07	motion_outlier08
826.6217570397843	n/a	683303.5292115401	n/a	881.7057143650698	n/a	777404.966744018	n/a	765.1146050219265	n/a	585400.3588178586	n/a	768.7798327897724	651.5942991291053	n/a	n/a	n/a	n/a	-0.0238997182	0.189363467	-0.0150487941	-0.1261908125	0.1251523334	-0.0589182706	0.0498602045	-0.0479689676	0.2305789824	-0.022185243	-0.0495827922	0.0865213207	-0.0672836071	0.0281799096	-0.0290093326	0.0721799176	-0.0277620163	0.0830401937	0.0376870712	-0.0632048689	0.030991991	-0.1328572993	0.0386164956	-0.022102192	0.0176092875	-0.0307690341	0.1864022184	-0.0212996301	-0.0776580004	0.1326884505	-0.0159019729	0.0070410854	-0.037355254	0.0552947357	-0.0437826144	-0.0649951772	0.0235616902	-0.0513642301	0.0808399275	-0.0072821164	0.0582651468	-0.0463690486	-0.0574319159	0.0826435368	0.0613445008	-0.0668512461	0.1068347568	-0.0828819234	0.0722563807	-0.0484637494	0.0886024147	-0.0543924942	0.0594185919	-0.0220407884	0.0875338463	-0.0358824167	0.2537971046	-0.0450196429	0.0170329918	-0.0163573053	0.0181496446	-0.1480995855	0.1004438488	-0.0706133003	0.1108026914	0.2442142803	0.1561451084	0.1560591586	-0.0342116995875159	n/a	0.0011704403886664	n/a	-0.0908170391682006	n/a	0.0082477346032784	n/a	-0.5334798482395655	n/a	0.2846007484777098	n/a	0.0014439979229371	n/a	2.085130001446659e-06	n/a	-0.0005569995603202	n/a	n/a	3.1024851019689615e-07	9.021124028444098e-07	n/a	n/a	8.138067873657147e-13	0.0	0.0	0.0	0.0	0.0	0.0	0.0	0.0	0.0
824.0176163936463	-2.604140646137921	679005.0321270665	6.781548504867629	876.3875095496016	-5.318204815468107	768055.0668945531	28.28330245926816	764.7665721965286	-0.3480328253979223	584867.9099492282	0.1211268475544607	768.852462668168	649.8493800217899	1.007481	18.626993	0.0993999340663817	0.0544671925915511	-0.0754804357	0.1309056106	0.0531318513	-0.0623291163	0.1179474938	-0.0666572894	0.1493210776	-0.1811138852	0.0632796106	0.0731015085	-0.034996448	0.0943701715	0.0142432126	-0.0083835608	0.0608208879	0.172678661	0.0058105886	-0.0399889633	-0.0340689089	-0.1552334109	0.1184404157	-0.0162333322	-0.0793356211	0.0615333427	-0.1242729101	0.038030353	0.0164773094	0.0549227081	0.0129991071	0.0806556417	0.0848246632	0.0352824116	0.0656178284	0.0962055707	-0.1634958491	0.0301379851	-0.0108062113	-0.0268826874	0.1251561702	-0.1612507449	-0.03289264	-0.1062215403	-0.0888572471	0.0877048197	0.0540362171	-0.006718146	0.1312960048	-0.0410690623	0.0557840981	-0.0770506401	-0.1754852372	-0.1723121137	0.0483977138	0.052816657	0.0295777089	-0.063842516	0.2532973722	0.0609440062	0.0509070295	-0.0630670482	0.0404263865	-0.0633198169	0.1568605195	-0.0650950041	0.1597502286	0.1048443226	0.155915944	0.1551433414	-0.0398356017096688	-0.0056239021221528	0.0015868751635713	3.1628275079555884e-05	-0.094420971537616	-0.0036039323694154	0.0089153198661072	1.2988328523320135e-05	-0.5266723486192149	0.0068074996203506	0.2773837628000798	4.634205108107431e-05	0.0006345918616695	-0.0008094060612676	4.027068308971618e-07	6.551381720167299e-07	-0.0003043078705486	0.0002526916897716	6.385309007962658e-08	9.260328007782349e-08	0.0006060963604529	0.00060519424805	3.662600778728723e-07	3.673527981542517e-07	0.0	0.0	0.0	0.0	0.0	0.0	0.0	0.0	0.0
820.2013968790561	-3.816219514590216	672730.331442355	14.563531383539184	872.7389799825261	-3.6485295670755695	761673.3271809401	13.31176800182465	763.4927472528422	-1.2738249436864637	582921.1751076923	1.6226299871578218	768.4510054337351	633.3740213053901	1.076394	19.901091	0.0910592932623099	0.0421400090200283	-0.1191048508	0.018878201	-0.0014121773	0.0507955243	0.0549111577	0.0638276385	-0.1343055633	-0.1167502751	-0.1152740365	0.1449929223	-0.0269102824	0.0836385917	-0.0231961686	0.1419406511	0.0551109556	-0.0419941895	-0.1641226536	0.0324052486	0.0223847699	-0.2101262209	0.1289594384	0.0031336215	0.2038353666	0.0394975582	-0.0469721512	0.0371656683	0.0332073435	0.1103284232	0.0285082967	0.0539652135	-0.0155766453	0.1569848404	0.0283453525	-0.1511157463	-0.084492273	-0.0972484133	-0.1162817965	-0.0946365642	0.1896462468	0.0088433519	-0.1309359174	-0.0817550854	-0.098705115	0.0981744554	0.0396866453	0.0634544632	0.0653772015	-0.0332251069	-0.0866492278	0.0883632965	-0.2502718396	0.0197671394	0.015299416	0.051064445	0.0190093854	-0.1257420443	0.2371498328	0.0553002166	0.1145029718	-0.100940863	0.0291681631	0.1175458217	0.0039137725	-0.0444614878	-0.0223260325	0.0583641791	0.1554579513	0.1533170814	-0.0241786067465028	0.015656994963166	0.000584605024202	0.0002451414912766	-0.0772919078150096	0.0171290637226064	0.0059740390136839	0.0002934048240131	-0.4975252199854623	0.0291471286337525	0.2475313445215826	0.0008495551075925	0.0006350563435657	4.644818962000691e-07	4.0329655950303643e-07	2.1574343189761177e-13	-0.0005029289722562	-0.0001986211017075	3.9450342043540785e-08	2.529375511346776e-07	0.000222659825201	-0.0003834365352519	1.4702357656598154e-07	4.9577397758539874e-08	0.0	0.0	0.0	0.0	0.0	0.0	0.0	0.0	0.0
821.0221011588962	0.820704279840129	674077.2905913689	0.6735555149479047	868.5510375633669	-4.187942419159185	754380.9048524011	17.53886170619289	764.6196675570505	1.1269203042083973	584643.2360150545	1.2699493720371466	767.7199624965066	611.7422006110708	0.878584	16.243845	0.0760220667168067	0.0444201211096157	-0.1029203127	-0.0303250073	-0.0979344139	0.0449889766	0.0442564135	-0.0162737718	-0.1412891507	0.0176839234	-0.0442743543	0.1028538405	0.0043078666	0.0780054483	-0.0344765541	0.04505342	0.0329633904	-0.0906561273	-0.1193912108	0.1806409052	0.0895238046	-0.0782288223	0.135399364	-0.0768047549	0.0123728265	0.1509218949	-0.0614020988	-0.0951277172	0.133549999	0.0742183462	-0.0101223596	0.0554021809	-0.004646962	0.0896142198	-0.0332236318	-0.1891649726	-0.0303583738	-0.0484574221	0.0943233238	-0.1123385862	0.1471294483	0.0757234224	-0.0292958431	-0.1243213719	-0.081194741	0.0433421405	0.0422242561	0.0450244274	0.0375697099	-0.092330361	-0.1035702019	0.1032927615	-0.0490708345	0.0006335702	0.1289126233	-0.0196439935	0.0225999063	-0.0392167908	0.1752328599	-0.1629335441	0.1914340967	-0.1060091043	0.0780905508	0.0412573541	0.0251588097	-0.0656335535	-0.1049111733	0.0356991698	0.1547718027	0.1505910958	-0.0147287603814447	0.0094498463650581	0.000216936382374	8.929959632320178e-05	-0.0776716585046699	-0.0003797506896602	0.006032886534866	1.442105862974729e-07	-0.5222221549998807	-0.0246969350144183	0.2727159791727194	0.0006099385991064	0.001231528730005	0.0005964723864393	1.516663012827728e-06	3.557793077845936e-07	-0.0003674237273172	0.0001355052449389	1.8361671405978382e-08	1.3500019539566412e-07	0.0001247267636259	-9.79330615751e-05	9.590884549472328e-09	1.5556765564591134e-08	0.0	0.0	0.0	0.0	0.0	0.0	0.0	0.0	0.0
823.4344634676974	2.4123623088011072	678044.3156263346	5.819491908924209	873.4581188244766	4.907081261109738	762929.0853403935	24.07944650313434	765.9718412003427	1.3521736432921898	586712.861511843	1.8283735616140744	769.6884343498632	625.3774384593808	0.946807	17.505209	0.1708810891177998	0.0961811075995424	-0.0488337332	0.0296427666	-0.0874122024	-0.0451605752	0.0450264126	-0.016291498	-0.1666403321	0.0036949468	0.0225001279	-0.0607039262	-0.0097549937	0.0486434078	0.0131983264	0.0884983712	0.007989863	-0.2113252327	-0.0476285473	0.103191888	0.1129414193	0.0893012487	-0.015674476	-0.0889161508	-0.1518173214	0.0672789536	0.1026552396	-0.0061027123	0.0082857813	-0.071281087	-0.0525064192	0.0105330127	0.0012852863	0.0902647569	-0.0706761109	-0.1667872015	0.0351358244	-0.0060648603	0.1123451245	-0.0956762208	0.0353823768	-0.162009699	0.0701678554	0.0105672867	-0.0402944198	0.1056455715	0.0214736421	0.0345203284	0.0025843541	0.0727705405	-0.0794592196	0.1629718796	0.1214895986	-0.0497587764	-0.0088248761	0.0012294304	-0.0006556292	0.0498535957	0.059754404	-0.1151466574	0.1041516378	-0.0063491795	-0.0148119741	-0.1588933967	0.0947825158	-0.0472315003	0.0453312764	-0.015837059	0.1538585052	0.1469813818	-0.005712678851566	0.0090160815298786	3.263469966112943e-05	8.128972615341981e-05	-0.0212321482246267	0.0564395102800431	0.0004508041182325	0.0031854183206511	-0.4445676212677227	0.0776545337321579	0.1976403698796413	0.0060302266091588	0.0014870123126619	0.0002554835826569	2.2112056180080925e-06	6.52718610072051e-08	-0.0001318595362034	0.0002355641911137	5.549048813509888e-08	1.7386937287775756e-08	0.0001890982613696	6.437149774369999e-05	4.143689721767173e-09	3.575815245300555e-08	0.0	0.0	0.0	0.0	0.0	0.0	0.0	0.0	0.0
824.1441833375927	0.7097198698953662	679213.6349291876	0.5037022937242955	874.1454115021095	0.6872926776328541	764130.2004501923	0.4723712247277382	766.1745848025915	0.2027436022488018	587023.4943974236	0.0411049682528203	769.6513388784308	638.5471525114218	0.936478	17.314243	0.1500766788418148	0.0785847586732352	-0.008354799	0.0620658928	-0.0437476004	-0.0876444358	0.014692438	-0.0932805134	0.0155622845	0.0396535331	0.0555644579	-0.0877641947	-0.0942499429	0.0622513999	-0.1453526795	0.0086130734	0.0062105296	-0.0031619582	-0.009271037	-0.0542397987	-0.0018561054	0.1331040452	0.0230825328	0.0739085588	0.0720713795	-0.0878288055	0.0549211331	-0.025392721	0.0998879104	-0.1058732136	-0.0534554026	0.141438659	-0.0266520571	-0.0254729416	0.0099634246	-0.0213978782	0.0090058046	0.118631061	-0.0333493879	0.0315862818	-0.0475157281	0.0654487336	0.0329897195	0.0629751698	-0.0144241306	0.0971437134	0.0299899575	-0.0484240579	-0.0146730975	0.0080414717	0.0204030651	-0.0834550763	-0.0129096563	0.0754592558	-0.0112708068	-0.1243130535	0.012223794	-0.0223703708	0.0085610908	0.0186355126	0.0192052053	-0.0835981719	0.0830592748	-0.031675257	0.0551649965	0.0787731755	-0.1381018154	-0.099414648	0.152719399	0.1425091225	-0.0145417071341	-0.0088290282825339	0.0002114612463739	7.795174041378525e-05	-0.0846433181257708	-0.0634111699011441	0.0071644913033404	0.0040209764682317	-0.4702437572067595	-0.0256761359390367	0.2211291911919297	0.0006592639567598	0.00212905362372	0.000642041311058	4.532869332675263e-06	4.1221704510520366e-07	-0.0001839270340817	-5.206749787829999e-05	2.711024335306774e-09	3.3829153866090835e-08	0.0005381963468152	0.0003490980854456	1.2186947326178349e-07	2.896553077252271e-07	0.0	0.0	0.0	0.0	0.0	0.0	0.0	0.0	0.0
821.9715814076908	-2.17260192990193	675637.2806418601	4.720199145813591	871.1018036831631	-3.043607818946384	758818.35238006	9.263548555551566	764.1925112886249	-1.9820735139666112	583990.1943096152	3.9286154147679504	767.7641987298664	638.3765329463978	1.046519	19.348747	0.1420217092566102	0.0642077473591791	-0.0317800897	0.0694806464	0.0688753384	-0.0418198291	0.1137945151	0.0153878634	-0.0658233976	0.0705956939	-0.0780363035	-0.0022242885	0.0414167873	0.0484928828	-0.012096339	0.2568108044	0.1433896191	0.1810464002	-0.0857541359	0.0837805722	0.0226021478	-0.0674576518	0.0490111241	0.0445010451	0.007631766	0.077999181	-0.0090354589	0.0462225979	-0.1363182927	0.0083870951	-0.0959042327	0.0064650045	-0.0253749042	0.254632224	0.1334304391	0.0481973362	-0.2099997922	-0.0382583305	0.0528554296	-0.0399371922	0.0313492155	0.0477889557	-0.0705598769	-0.0276642997	-0.0224986635	0.0541085011	0.1120968047	-0.0812601199	-0.0685106435	0.0796175865	-0.1444903946	-0.0183779357	-0.076699911	-0.1392355482	0.0148235553	0.1305305892	-0.0319536267	-0.0318947666	-0.0310614429	-0.0715250935	-0.1034795644	-0.0779069601	0.0838366398	0.1371539171	-0.0062258245	0.0013101773	0.0553506065	-0.1517184961	0.1513561561	0.1372005631	-0.0371065184765484	-0.0225648113424484	0.0013768937134504	0.0005091707109202	-0.1054998579479189	-0.020856539822148	0.011130220027031	0.0004349952533528	-0.5040143633346332	-0.0337706061278737	0.2540304784476156	0.0011404538382439	0.0027480867766369	0.0006190331529169	7.551980931926587e-06	3.832020444102384e-07	-0.0006011194956321	-0.0004171924615504	1.7404954997448206e-07	3.6134464802899045e-07	0.0002778269219997	-0.0002603694248155	6.779223737875433e-08	7.718779858782739e-08	0.0	0.0	0.0	0.0	0.0	0.0	0.0	0.0	0.0
820.6463655237133	-1.3252158839775348	673460.4572472799	1.7561971391463589	872.6538645283559	1.552060845192841	761524.7672762742	2.408892867180716	765.9110493210127	1.7185380323877553	586619.7354720148	2.9533729687631776	770.2734387548346	630.4444827939797	1.312437	24.265219	0.1673701948479078	0.0916161923684776	-0.0149448278	-0.0222338274	0.0040698178	0.058064018	-0.0250379439	0.0082707102	-0.0333974299	-0.0229446585	-0.0217527233	-0.001125023	0.0033222874	-0.0042166645	-0.062670381	-0.0622878752	-0.0145345076	-0.1683418082	0.0821581244	0.0639744139	0.0242458572	-0.0276187224	-0.0647403688	0.1299075563	-0.0490661767	-0.0285453568	-0.0695518057	-0.1898495838	0.13523022	-0.0061833221	-0.000607041	0.0086703661	-0.0268641316	-0.0650329145	-0.0338824932	-0.1063077253	0.2129648634	-0.0161624586	-0.0519121249	0.0532971014	0.0133257599	0.0425656527	-0.004632484	0.1244037686	1.84352e-05	0.0226997134	-0.0203130684	0.0294157734	0.0946553496	-0.0882867865	-0.048265457	-0.0321899002	0.0463258833	0.240256077	-0.0562538518	-0.1671440353	0.091424576	-0.0669955323	0.0846237559	-0.0563136391	-0.339155553	0.0933836899	-0.2825858493	0.0305685227	-0.0537011715	-0.0950819731	-0.1090208437	0.1254674775	0.1497707771	0.1310868562	-0.0108984601101127	0.0262080583664357	0.0001187764327717	0.0006868623233385	-0.0307363103735553	0.0747635475743636	0.0009447207753795	0.0055895880459041	-0.4625094126054847	0.0415049507291485	0.2139149567486705	0.001722660935029	0.0025380911149304	-0.0002099956617065	6.44190650768864e-06	4.4098177935550824e-08	-0.0008302238056392	-0.0002291043100071	5.248878486382938e-08	6.892715674500362e-07	0.0002190541301541	-5.877279184560001e-05	3.454241061326226e-09	4.7984711937569394e-08	0.0	0.0	0.0	0.0	0.0	0.0	0.0	0.0	0.0
823.3841026376796	2.7377371139663182	677961.3804764568	7.495204505188625	868.828167133117	-3.82569739523899	754862.3840038914	14.635960559938392	766.5823171363687	0.6712678153560319	587648.4489461642	0.4506004799328597	770.986220460189	632.6480708489051	1.060774	19.61231	0.0933272060176239	0.0527037467000493	0.0164571421	-0.0247501634	-0.0402870606	-0.0094124304	-0.1229244797	-0.0138812447	0.1629384961	0.0722072707	-0.1494509969	-0.0438184263	-0.0935022463	-0.0166777708	-0.1211295904	-0.1538287095	-0.0484103456	-0.0331878098	0.0362566064	-0.0718060955	-0.134357044	0.2784412384	-0.0533945942	0.1432939491	0.0560291367	0.0805442981	0.0713721845	-0.2143953324	0.0140533257	-0.0542203664	0.014792198	0.1001955591	-0.0362867175	-0.1741636795	-0.0441896819	-0.0329458218	0.0062678106	0.2125029766	0.024610619	0.1740860994	-0.1471287503	0.0810522319	0.114247346	-0.0268287732	-0.0003802907	0.0009597901	-0.0131400025	-0.0506280071	0.1002842941	-0.0579551686	0.0154439109	0.0222829226	0.0708949259	0.0043444173	0.0886391041	-0.2113391268	0.0162815735	0.0274620479	-0.1353178484	0.0094898315	-0.2646023285	0.0263840884	0.0706782412	-0.1062888571	0.1371739916	0.0323901435	-0.0972177953	-0.0877704225	0.1479655889	0.1242038795	-0.0122425145936944	-0.0013440544835816	0.0001498791635768	1.8064824548360697e-06	-0.073026569077399	-0.0422902587038437	0.0053328797912161	0.001788465981238	-0.4442187357762606	0.0182906768292241	0.1973302852146592	0.0003345488588711	0.0025380173112773	-7.38036530999707e-08	6.441531872343255e-06	5.446979210900814e-15	-0.000331886324659	0.0004983374809802	2.483402449496913e-07	1.1014853249565913e-07	8.942109476791239e-05	-0.0001296330353861	1.6804723863436572e-08	7.996132189491967e-09	0.0	0.0	0.0	0.0	0.0	0.0	0.0	0.0	0.0
822.8061365168802	-0.577966120799374	677009.9382898349	0.3340448367918766	871.9806241667673	3.1524570336503075	760350.208922265	9.937985349011296	765.8082455329176	-0.7740716034511479	586462.2689262053	0.5991868472694312	769.7929825029875	634.3168233880825	0.950006	17.564352	0.0584708945116283	0.0334742052733217	-0.0079508021	0.0382965309	0.0098092616	0.0158067089	0.0261351793	-0.0359347003	0.0795959927	-0.0541076739	-0.1010945146	-0.0172232513	0.002710667	0.0966806743	0.0070801226	0.0090698703	0.1053905608	0.1631244782	0.0310450325	-0.181585175	0.0236349504	-0.0191658794	0.0099803628	0.0467513892	-0.0405205044	0.108544622	0.1051858075	-0.0500521906	0.0477242879	0.0003254472	-0.0414232167	0.0384525502	0.1010941848	0.0565952763	0.1343997966	0.1091215817	-0.1228701254	0.0871768589	-0.0636648087	-0.0054467587	-0.0868173788	-0.1047353749	0.0346491927	-0.0933723353	-0.0109062034	0.0229475166	0.0528772857	-0.0473410742	0.0099178832	0.0465429606	-0.0180437916	-0.0623979997	-0.1043600994	-0.0525809621	0.0762825008	0.0091250324	-0.0534198589	-0.0207245961	-0.0700019578	0.0164586851	-0.0260761029	0.0260889382	0.0046435138	0.0322924337	-0.0173480067	-0.0146604946	0.0718849585	-0.1820767397	0.1459432408	0.1165920251	-0.0010023094017412	0.0112402051919532	1.0046241368188024e-06	0.0001263422127572	-0.1013141567584199	-0.0282875876810208	0.0102645583596696	0.0008001876168114	-0.4572635014718855	-0.0130447656956249	0.209089909778329	0.0001701659120537	0.0025380201245314	2.813254100161866e-09	6.441546152526384e-06	7.91439863207755e-18	-0.0002588297491386	7.30565755204e-05	5.337263226767908e-09	6.69928390391506e-08	0.000134328424854	4.490733008608762e-05	2.0166682954608304e-09	1.8044125723756728e-08	0.0	0.0	0.0	0.0	0.0	0.0	0.0	0.0	0.0
822.408645769707	-0.3974907471731512	676355.9806367635	0.15799889408827	872.20506672377	0.2244425570027033	760741.6784186161	0.0503744613939117	765.4215588839548	-0.3866866489627227	585870.1628043435	0.1495265644860199	769.0312054031774	633.571787267582	0.794309	14.685719	0.0951707025638017	0.0487220107941602	-0.0034635455	0.0286019109	-0.0142987208	-0.0392805829	0.008247644	0.0254110424	-0.1147624218	-0.0241235227	-0.0649354562	-0.0037526367	-0.016939297	-0.0132286201	0.0232487295	0.0791219966	0.2320793964	-0.0300467392	-0.1265251061	-0.1131658853	-0.0125871779	0.0111738165	0.0468263598	-0.0489231397	0.1290371779	-0.0282246084	-0.0837289045	0.0025720258	-0.1572123043	-0.0163310697	0.003929913	-0.0354251283	0.0408100767	0.1049716845	0.1799032116	-0.1225642104	-0.0352415196	0.0349532546	-0.0861465874	-0.0773406848	-0.008945635	0.0802938802	0.0368792944	-0.024806575	0.0021821294	0.0131822957	0.0701864528	-0.0377769516	-0.0255529113	0.0231228901	-0.1358113905	0.0587715591	-0.0301183119	-0.0472556436	0.0357870963	0.1080949083	-0.0582871279	0.0468108765	-0.1011119678	0.0314455141	-0.1595290532	-0.023967338	0.0037523059	0.1310981692	-0.0866007939	-0.0807822712	-0.0611457225	-0.0350385134	0.1437067008	0.1082959623	-0.0056637053686188	-0.0046613959668776	3.2077558502521416e-05	2.1728612360022755e-05	-0.0680831730602165	0.0332309836982034	0.0046353184539473	0.0011042982775502	-0.4732715852557163	-0.0160080837838307	0.2239859934104587	0.0002562587464301	0.0029840404585265	0.000446020333995	8.904497458123044e-06	1.989341383371005e-07	-0.0006258194079695	-0.0003669896588309	1.346814096888204e-07	3.9164993139129545e-07	0.0001219336353822	-1.2394789471800005e-05	1.536308060502442e-10	1.4867811437519297e-08	0.0	0.0	0.0	0.0	0.0	0.0	0.0	0.0	0.0
822.4513859899888	0.0427402202817575	676426.2823168535	0.0018267264297331	876.6227478284515	4.417681104681492	768467.4420103048	19.51590634265989	765.812239233053	0.3906803490981474	586468.3857591428	0.1526311351714503	769.7305860268442	632.9647266931113	1.136627	21.014719	0.172810325722127	0.1028243496413527	0.0139856446	0.0141984888	-0.0527161699	-0.0436945322	-0.0390118361	0.0142313292	-0.0847575742	-0.0293335944	-0.0449069368	-0.0336444951	-0.0731799681	-0.0063115774	-0.0933134965	0.0262532812	-0.0796286181	-0.2294323682	0.0864583326	0.0183312985	-0.0254157243	-0.0071597644	0.0806539298	-0.0287130873	-0.0935319036	-0.1999711129	-0.0276119275	0.0844987732	0.1284562404	-0.0613453606	-0.0049567115	0.0854452671	-0.084756214	-0.0093380535	-0.0775070533	-0.1133306327	0.2201301042	0.0198424136	-0.0554607368	0.0735530533	0.0373706592	-0.0475615079	-0.0341017097	0.1437512504	0.0207271729	0.0717361078	-0.0195426994	0.0448030298	0.0550678501	0.0588590096	-0.0508669314	0.0057381404	0.1426280806	0.1907018366	-0.1641382554	-0.1491140354	-0.0256318407	0.016658218	0.0099623731	0.0514848538	0.1725418557	-0.0457779948	-0.170606845	-0.0894744454	-0.0756256008	0.0699592992	0.0318688327	-0.1207740618	0.1412592515	0.0993643757	-0.0058094377782396	-0.0001457324096207	3.3749567299237464e-05	2.123793521388462e-08	0.0041396043254735	0.07222277738569	1.7136323971478906e-05	0.0052161295733029	-0.41872027505066	0.0545513102050562	0.1753266687385003	0.0029758454450882	0.0021990829710879	-0.0007849574874386	4.835965913728786e-06	6.161582570859201e-07	-0.0006252209369062	5.984710633000039e-07	3.581676136074373e-13	3.909012199458665e-07	0.0002541877913155	0.0001322541559333	1.7491161761629635e-08	6.461143325385219e-08	0.0	0.0	0.0	0.0	0.0	0.0	0.0	0.0	0.0
824.2217736075384	1.7703876175495452	679341.5320887562	3.134272316372755	872.2412567138672	-4.381491114584264	760804.8099137864	19.197464387180855	766.3368243091511	0.5245850760981057	587272.1282922347	0.2751895020648553	769.2227693105999	630.9318783661738	1.090052	20.15361	0.1763816484868778	0.1096862811007529	0.0373300562	0.0443428302	-0.1099858293	-0.0831739647	-0.1411723832	-0.0305696089	0.0790467816	0.0688317041	-0.1202044044	-0.110335515	-0.1074422382	0.0095506997	-0.1504106579	0.0050703156	-0.0072364701	-0.0514348802	-0.0323843819	-0.0685313403	-0.0840711513	0.2258158616	0.0015237491	-0.037677882	-0.0886023643	0.0444335316	0.0190972281	0.2095429532	-0.2382119867	-0.1438177099	-0.0307475037	0.123687746	-0.0660064507	-0.0559312452	-0.0589615404	-0.1025138925	-0.0305561628	0.2055989048	0.0899585141	0.0376102779	-0.2193068375	-0.1608157906	0.0743515755	0.0210583458	0.0253593556	0.0251870216	0.0559111971	-0.0841958618	-0.0220342259	0.0308491678	-0.0033126086	0.0429752297	0.1423331862	-0.032465149	0.0789789902	-0.099033421	-0.0777999638	0.0984161861	-0.1700506482	0.0985171532	-0.1054224467	-0.0135746152	0.0836269452	0.0301172488	0.0461780555	-0.0452612361	-0.028966798	-0.0148057708	0.1386044847	0.0898496795	-0.0057339783955683	7.545938267129997e-05	3.2878508240844016e-05	5.6941184331336865e-09	-0.0925715205700896	-0.0967111248955631	0.0085694864206585	0.0093530416785652	-0.4289706953230734	-0.0102504202724134	0.184015857445961	0.0001050711157611	0.0030560233733291	0.0008569404022412	9.339278858333771e-06	7.343468529933097e-07	-0.0001602105014364	0.0004650104354697	2.1623470509581297e-07	2.5667404770502734e-08	0.0001892457503019	-6.49420410136e-05	4.217468691012105e-09	3.581395400732908e-08	0.0	0.0	0.0	0.0	0.0	0.0	0.0	0.0	0.0
825.8801321857501	1.6583585782117325	682077.992739152	2.750153173928439	874.7714910185739	2.5302343047067097	765225.161498859	6.402085636714647	767.6637391144375	1.3269148052863784	589307.6163511592	1.7607029004881876	770.7756255049454	638.4304191352107	1.141505	21.104918	0.3481652663396831	0.1971527987435668	0.0761619564	0.0568954961	-0.1361293577	-0.131410345	-0.0565826946	-0.1055523721	0.078540452	-0.0236398534	-0.0789553668	-0.1700391184	-0.071619043	0.0649903341	0.0764873591	-0.0839037088	-0.129720237	-0.000170284	0.2232527185	0.0616227637	-0.0706132001	-0.098327305	0.1277501572	-0.0792091324	-0.186137635	-0.0069053675	0.1227528442	0.130611431	-0.0590827835	-0.1719517274	-0.0121569184	0.0443501445	0.1042988205	-0.0761208496	-0.0768544446	0.1714957945	0.1101492419	-0.0596528948	0.0363363402	0.0454065953	0.1659377889	-0.1603489433	-0.0346419864	0.0695904849	0.0555303914	0.1143167662	-0.0985960355	0.0935352809	-0.0196379282	0.0461672064	0.1473213429	-0.166920522	0.0678331832	-0.0090295919	-0.0913961732	0.0378038904	-0.075623783	-0.0229276194	-0.0309728366	0.2207881058	0.399368334	0.1408796205	-0.1431323005	-0.1954059373	-0.0074399902	0.2169089408	0.1236345843	-0.0688598816	0.1357462967	0.0798077096	0.0106023655139892	0.0163363439095575	0.0001124101544922	0.0002668761323313	0.0386126778002591	0.1311841983703487	0.0014909388869066	0.017209293902071	-0.2963018152403265	0.1326688800827469	0.0877947657147125	0.0176010317424102	0.0023069743540753	-0.0007490490192537	5.3221306703611485e-06	5.610744332450794e-07	0.0001021204139295	0.0002623309153659	6.8817509156711e-08	1.0428578941132418e-08	0.0005373826952228	0.0003481369449208	1.2119933241885773e-07	2.887801611249208e-07	0.0	0.0	0.0	0.0	0.0	0.0	0.0	0.0	0.0
826.872400792397	0.9922686066469169	683717.9671921824	0.9845969877370138	876.2365316755316	1.46504065695774	767790.459442765	2.1463441265391663	768.1881880130408	0.524448898603282	590113.0922027589	0.2750466472461956	771.5457779984725	648.2180824716821	1.011077	18.693462	0.3750564411910463	0.2073337702810348	0.0816590819	0.0897667975	-0.0465057654	-0.1117548651	-0.0663109334	-0.0315742806	0.0623006222	-0.1466544851	-0.0775026553	-0.1852868609	-0.0032399003	0.1003715687	0.1333081249	-0.1303451967	0.197298486	0.0573487097	0.0802464105	-0.1165792977	-0.0613568404	0.0647721519	0.0645004029	-0.0007855899	-0.1595135675	0.0757316972	0.0951586519	0.007860788	-0.0905186893	-0.1528546767	-0.0336188259	-0.0764117649	0.2462950431	-0.0557703834	0.1628875358	0.0196212889	-0.0056434305	0.0686407891	-0.057073756	0.0696910297	-0.0203229739	0.0520175174	0.1366513147	0.0237539763	0.0545948226	0.0092084052	0.0234486774	-0.0360786007	-0.0304152147	-0.1174124719	0.055703077	-0.2379804728	-0.0943913148	0.0986383191	0.1627981533	0.1494548614	-0.1595057469	0.1306187956	-0.1399078459	0.1426347254	0.0469505662	0.0963369174	-0.276847941	0.1322043847	0.0195089167	0.2386233555	-0.0658465647	-0.1451027555	0.1326888823	0.0692973963	-0.024744077538898	-0.0353464430528872	0.0006122693732509	0.0012493710364909	-0.0814013297611637	-0.1200140075614228	0.0066261764868857	0.0144033620109532	-0.4457219906943379	-0.1494201754540113	0.1986680929885234	0.0223263888327075	0.0032800967362867	0.0009731223822114	1.0759034599398662e-05	9.4696717076079e-07	-0.0003286166707203	-0.0004307370846498	1.85534436092609e-07	1.0798891627529409e-07	0.0005390395308161	1.6568355933000095e-06	2.745104183225795e-12	2.9056361578244125e-07	0.0	0.0	0.0	0.0	0.0	0.0	0.0	0.0	0.0
825.5841515231339	-1.288249269263133	681589.1912461729	1.6595861797569964	872.9787298481116	-3.257801827420053	762091.8627672222	10.613272746741435	766.1389518593842	-2.0492361536565795	586968.8935561958	4.199368813453212	769.4173117436861	645.1051674763231	1.28293	23.719666	0.0801918219112351	0.0399941040649704	0.0460763067	0.1443870707	0.0188712651	-0.1526198019	0.0644447376	0.1043467624	-0.1391583576	0.016568433	-0.1637679743	-0.0745290269	0.0531203204	-0.0501930544	-0.0692527661	0.0977792689	0.0665283158	-0.066479934	-0.1223357562	0.0026521752	-0.0777368627	0.0387985415	-0.102528719	-0.0677991675	0.0419756732	0.0014905391	0.0793597436	-0.0375144989	-0.101321838	-0.0627550434	-0.1036455926	-0.0488835667	-0.0707413708	0.0452730429	0.0531216526	-0.1482037787	-0.0333147518	-0.1130296987	-0.0561808365	-0.0092269535	-0.0316718074	0.0904853821	0.058960293	0.0060000282	0.0289278364	-0.0220335694	0.118493868	-0.1168987594	0.0227593572	0.0855585999	-0.1012215589	0.1750410517	0.1508269712	-0.0564735156	-0.0024981725	0.145776652	0.0017541704	0.2018600419	-0.0943873519	0.014602581	-0.0313663665	-0.0285877353	0.0178718763	0.023972091	-0.0584297808	-0.1281243669	0.0104217041	-0.0448730468	0.1294367287	0.0583804184	-0.0145040605317063	0.0102400170071917	0.0002103677719074	0.0001048579483075	-0.0808396323166817	0.0005616974444819	0.0065350461530962	3.155040191376014e-07	-0.4661721809535493	-0.0204501902592114	0.2173165022949887	0.0004182102816379	0.0026550361280073	-0.0006250606082794	7.049216841023996e-06	3.907007640226137e-07	-0.0003297524347665	-1.1357640461999877e-06	1.2899599686405673e-12	1.0873666823443483e-07	0.0001864375591347	-0.0003526019716813	1.243281504336108e-07	3.475896345610476e-08	0.0	0.0	0.0	0.0	0.0	0.0	0.0	0.0	0.0
823.7345147023856	-1.8496368207482876	678538.5507119747	3.421156368667832	874.0115776490629	1.0328478009513449	763896.237864604	1.0667745799300286	766.0587079749918	-0.0802438843924164	586845.9440643137	0.0064390809823835	769.139632601487	657.7492242678878	1.284773	23.753746	0.0930463617103994	0.0577297707213598	0.0741628759	0.1016404666	0.134820713	-0.0669691953	0.0411136181	0.0039234482	-0.0020111871	0.1218562626	0.2159953667	-0.0100648736	0.0732621614	-0.0323022782	-0.1073081141	0.022111846	-0.09326665	0.08815792	0.0177657442	0.0330100941	-0.0876742002	0.066633257	-0.0212650639	0.05481794	0.096015847	-0.0080220112	-0.0661390728	-0.1731484096	0.1705197767	-0.0060649455	-0.0615365284	0.0076822313	-0.124185821	-0.017660684	-0.016750105	0.0897712309	0.0340669015	0.0286610485	-0.0613071749	0.0781883511	0.1309049977	0.2487923952	0.0107719521	0.0168529868	0.0575973679	0.0054938521	0.0452063888	-0.0239205663	-0.0180205531	-0.1180223609	-0.009213174	-0.1654099564	0.0783881401	0.05216136	-0.1882178333	-0.0771885854	-0.0765343131	0.0742034788	-0.1217863387	0.1195409061	-0.0415005179	-0.0377718941	-0.0548895341	0.1121620048	-0.1276420587	0.0649158316	0.0007000302	0.1002218483	0.1259946088	0.0471208409	-0.0102231124194815	0.0042809481122248	0.0001045120275413	1.832651673956108e-05	-0.0323433886308635	0.0484962436858182	0.001046094788127	0.0023518856516342	-0.4348301244226178	0.0313420565309314	0.1890772371053893	0.0009823245075881	0.0027740260775034	0.0001189899494961	7.6952206786689e-06	1.4158608081084461e-08	-0.0003298247428575	-7.230809100002705e-08	5.2284600240681925e-15	1.08784361001016e-07	0.0001269575490933	-5.948001004140002e-05	3.5378715945250474e-09	1.6118219271777677e-08	0.0	0.0	0.0	0.0	0.0	0.0	0.0	0.0	0.0
821.722195655253	-2.0123190471325643	675227.36683249	4.049427947452512	868.1249526806092	-5.886624968453702	753640.93346671	34.65235351922255	767.0761215641813	1.017413589189573	588405.7762739467	1.0351304114676092	771.6727209342154	634.6491284534311	1.041412	19.254324	0.1391322003936725	0.07321234187635	0.0380708184	-0.005928933	0.0316766318	0.0556577306	-0.0621396615	0.0503133315	0.0645594186	0.128042292	-0.0304708071	-0.0319235752	0.1186927039	-0.0591186316	0.0792557919	-0.0063604444	-0.0707294665	-0.0377306778	-0.0424144717	-0.011002945	0.0984752107	0.1297258146	-0.0034862918	-0.1264771105	-0.0500064408	-0.2174945323	-0.0610432413	-0.2075226019	0.0029162098	-0.0044245887	-0.027180228	-0.1408968346	-0.0284443444	-0.0080095811	-0.0884154313	-0.0112334542	0.0231224553	0.0735974058	0.0507291978	-0.043957838	0.0255707008	-0.030903775	0.1218383014	0.1683496618	0.0443835476	0.0107863857	0.0161731689	0.0783519581	-0.0504570432	-0.0996179558	-0.1083484356	0.025562342	0.1918275779	-0.0723334458	-0.0039378909	-0.0203621199	-0.0297541799	0.1259607191	-0.0422960574	0.0027354575	0.0203709438	-0.0242241312	0.0494692202	0.0376197708	-0.22378566	-0.0393110818	-0.0991430799	-0.0269944681	0.1223675745	0.0355847396	0.0104529679875327	0.0206760804070142	0.0001092645397483	0.0004275003009973	0.0289315545160775	0.061274943146941	0.0008370348467167	0.0037546186576608	-0.4091403863686622	0.0256897380539556	0.1673958557578981	0.0006599626412808	0.0026790017690467	-9.502430845670026e-05	7.177050478555347e-06	9.029619197674117e-09	2.940652437333213e-06	0.0003327653952948	1.1073280830572661e-07	8.647436757193766e-12	0.000328996621057	0.0002020390719637	4.0819786599953154e-08	1.0823877666692326e-07	0.0	0.0	0.0	0.0	0.0	0.0	0.0	0.0	0.0
824.9006333206962	3.178437665443198	680461.0548528857	10.102465993108009	873.332980038075	5.208027357465767	762710.4940221848	27.123548956111858	768.6004626436054	1.5243410794240615	590746.6711759643	2.323615726419713	771.88724261836	640.44454335464	1.038498	19.200445	0.1975626583731586	0.1423356777960744	0.0850584903	0.0626252633	0.0643056349	-0.0974933131	0.0234653879	0.0691777949	0.049285507	0.0858529661	-0.0815367553	-0.1819308505	0.1415514655	-0.0320014999	-0.0575447034	-0.0055130945	-0.0918286134	-0.0585562835	0.0895245051	-0.1541457785	-0.0644189839	-0.0183728791	-0.1767236114	-0.0167609716	-0.0822299581	-0.0888637109	-0.1161708941	0.1458531842	0.0459326752	-0.0923034436	-0.1605443698	-0.0933431218	-0.0650972019	-0.052571742	-0.0340070731	0.1040865873	0.0974138121	-0.0046022808	-0.1447942757	0.1070491149	-0.1337160921	-0.0964646628	-0.0479963039	0.1467273803	0.0842872474	-0.0178907508	0.1141006337	-0.1394968681	-0.090981483	0.1523921493	-0.0266399427	0.0334447056	0.089612696	0.0411647716	-0.1286722063	-0.0635791873	-0.0763010981	0.071445192	-0.2356674373	0.0609788993	0.0740823057	-0.0738540611	-0.0027656634	0.0581535144	-0.0112602996	-0.0786785286	0.1482893228	0.0605329173	0.1185609488	0.023839813	-0.0035647283873458	-0.0140176963748785	1.2707288475548988e-05	0.0001964958116582	-0.1088854986559511	-0.1378170531720285	0.0118560518175551	0.0189935401450217	-0.4088212712142223	0.0003191151544398	0.1671348317972127	1.0183448179319247e-07	0.0032940360310123	0.0006150342619656	1.0850673373607268e-05	3.782671433915706e-07	-0.00022207107312	-0.0002250117255573	5.0630276638288645e-08	4.931556151666839e-08	0.0002608667351437	-6.812988591330002e-05	4.641681354559276e-09	6.805145350453333e-08	0.0	0.0	0.0	0.0	0.0	0.0	0.0	0.0	0.0
824.4135761049774	-0.487057215718778	679657.7444661974	0.2372247313837282	875.866399700722	2.53341966264702	767141.950124705	6.418215187086542	767.2518082384793	-1.3486544051261262	588675.3372452161	1.8188687044661052	772.1302603420459	643.7852081011633	1.523798	28.173	0.3981800787198032	0.2524605041456487	0.0869782969	-0.0388825973	-0.0274523077	0.0044826143	-0.0089425484	-0.011211865	0.0944603904	-0.0407158274	0.3497940953	-0.0040060715	0.0133820243	-0.1820285514	0.1832816341	-0.1442843775	-0.2086429378	-0.0529318535	0.088204992	0.0637081658	-0.2319241	-0.018532185	0.0242507235	-0.165467073	0.0244193241	0.1399912952	0.0561408551	0.2819252512	0.0303115448	-0.006174295	0.1500327223	-0.1439817663	-0.0267896512	-0.1375146859	-0.1601966756	0.1067613757	0.0086785144	-0.0551342402	0.1256212835	0.2127180715	0.1717923354	-0.1532154175	0.0817427147	-0.27534311	0.0794401946	0.0282122054	-0.2073648584	0.2000045072	0.0850263197	-0.1741487544	0.2046422243	-0.0162411913	0.1861212385	-0.1317650814	-0.14199174	0.1088830998	0.0982596139	-0.000382656	0.1160621966	0.0339529688	-0.1072806495	0.4720200899	0.2073054144	-0.0048607682	-0.2085314851	-0.2211674301	-0.0071671529	-0.2505119521	0.1145803187	0.0119549848	-0.0090396949244109	-0.005474966537065	8.171608432642017e-05	2.9975258581982605e-05	0.0654133506390337	0.1742988492949848	0.0042789064418251	0.0303800888655558	-0.2309700675103982	0.1778512037038241	0.0533471720857579	0.0316310506588991	0.0028520041374415	-0.0004420318935708	8.133927599983434e-06	1.9539219493378717e-07	-1.0853086904516474e-05	0.0002112179862154	4.4613037700924197e-08	1.1778949535698694e-10	0.0001030154312514	-0.0001578513038922	2.491703414049924e-08	1.0612179075911922e-08	1.0	0.0	0.0	0.0	0.0	0.0	0.0	0.0	0.0
824.0352115420907	-0.3783645628867589	679034.0298612182	0.1431597424484881	874.549995293778	-1.3164044069440024	764837.6942683471	1.7329205626215909	765.6069229413878	-1.6448852970914911	586153.96045578	2.705647640587764	768.9652576948467	630.1320352476279	1.727611	31.941242	0.4255362493591275	0.2923951475339785	0.1394185006	-0.1350551843	-0.3663684347	-0.0300926595	-0.2416254224	-0.1239559847	-0.1768931006	-0.194494793	0.2458530575	-0.0204403402	-0.3279245835	-0.0756517916	0.2725551406	-0.0773142077	-0.2642504069	-0.0528695977	-0.0083003117	0.0546852923	0.0478767068	-0.1892488846	-0.0399265627	-0.0873976477	0.2405345958	-0.1814289809	0.0300467344	0.179320776	-0.1475084144	-0.147580809	0.3672512769	-0.004243397	0.124876989	-0.0214610087	-0.25404115	0.0779561787	0.0566234078	-0.2186570433	-0.0345345173	-0.1163152056	0.099950965	0.0895667202	-0.0815463141	0.0547752118	0.0659532325	0.1715247747	-0.4337459044	0.0707398274	0.0609644392	0.0580196662	0.4213200163	0.2105146563	0.021111896	0.0336615475	-0.1791593276	0.2305339384	-0.145101298	-0.0444274243	-0.127618631	-0.3594881014	-0.0335796487	-0.1653681636	0.0955743444	0.244051663	0.1888287768	0.0622266129	-0.1140487053	-0.0018454398	0.1104315261	-0.0	-0.0046285522563067	0.0044111426681041	2.1423495989361844e-05	1.9458179638369435e-05	0.0395316882542857	-0.0258816623847479	0.001562754376234	0.000669860447798	0.0054827084229742	0.2364527759333723	3.006009165135224e-05	0.0559099152465976	0.0002720169284913	-0.0025799872089502	7.399320938584101e-08	6.656333998346644e-06	8.394613229834036e-05	9.479921920285685e-05	8.9868919614713e-09	7.046953127850462e-09	-0.0003980115080536	-0.000501026939305	2.5102799390933616e-07	1.584131605431009e-07	0.0	1.0	0.0	0.0	0.0	0.0	0.0	0.0	0.0
822.6389893657818	-1.3962221763089246	676734.9068247548	1.9494363656168296	869.7683566232746	-4.781638670503412	756496.9941831517	22.86406837525364	765.1764166490087	-0.4305062923790501	585494.9485958174	0.1853356677779562	769.5095779268365	651.9968026187728	2.555301	47.244118	0.8561668759292622	0.5077939420904426	0.008123949	0.113598258	0.2081802811	-0.0211561741	0.2760092424	-0.0248504006	0.0499221583	0.2233075913	0.1207276568	0.0671180564	0.0861351872	-0.0424976397	-0.1563447587	0.0307806312	-0.2359381551	0.257913743	-0.0225839442	0.0517737916	0.2722212598	-0.0576732009	-0.3474931045	-0.2303636041	0.1178690116	0.0852523268	0.0588231496	-0.1169165033	-0.0955046183	0.1138486956	-0.1138886111	0.0387187566	-0.1797014922	-0.0413446031	-0.0993109403	0.2906335246	-0.0522137564	-0.3413290446	-0.0207525868	-0.2395005177	-0.1669599452	0.203431726	0.2338043931	-0.1232111937	0.022900624	-0.1104624236	0.1557455255	-0.2331466901	0.0901824265	0.1582801317	0.1132053801	0.0166251953	-0.1880423338	-0.0325372012	-0.1535757299	0.0228631545	0.1114588469	-0.4283362011	-0.3840843124	-0.048116713	0.0903740653	0.1852356895	-0.0711530764	-0.0084967134	-0.1187672297	-0.0565635201	-0.1572946501	0.2582819238	0.10612066	-0.0119549848	-0.036457316287084	-0.0318287640307773	0.0013291359108564	0.0010130702197269	-0.2205124152451958	-0.2600441034994815	0.0486257252772696	0.067622935764849	-0.3973644958248172	-0.4028472042477914	0.1578985425421111	0.1622858699702617	0.0023957997668384	0.0021237828383471	5.739856522782932e-06	4.510453544457666e-06	-0.0010189754752163	-0.0011029216075146	1.2164360723226784e-06	1.0383110190922844e-06	-0.0003957798708911	2.231637162500007e-06	4.980204425051082e-12	1.5664170620257576e-07	0.0	0.0	1.0	0.0	0.0	0.0	0.0	0.0	0.0
818.9858486189099	-3.653140746871827	670737.8202380361	13.34543731645525	866.0467821185508	-3.721574504723776	750037.0288178966	13.85011679421002	765.0143139677227	-0.1621026812860009	585246.9005755055	0.0262772792801107	771.1295755285965	647.596646772469	1.825619	33.753277	0.5998772429636671	0.3502694684369209	0.1187967222	-0.1445188155	0.2843896999	0.0848754088	-0.0328922799	0.0606664932	0.2981047921	0.1547983225	0.0376281925	0.1794914513	0.0840408457	-0.2830901123	-0.1409336025	-0.274720493	0.0709969765	0.1334200074	0.0406456614	0.3015496272	0.2122163212	-0.0826207588	0.1491332575	0.1609828776	-0.0753544182	0.0214923083	0.2325184484	0.023195856	-0.024092181	0.1738590081	0.0773305655	-0.0579068	-0.1682777281	-0.3525139999	0.1715906266	0.0028199157	-0.0599714306	0.0029265857	0.3307030117	-0.1658429754	0.154232547	-0.1111086567	-0.2031995817	-0.0539053823	0.1244219207	-0.4032399334	-0.0044014809	-0.1229056733	0.0788400424	-0.0092658513	-0.1509128424	-0.3453539289	0.0382005216	0.1832669373	-0.069607096	0.2303190495	0.4488510874	0.0092230792	0.0253916949	-0.2847560374	0.1343743347	0.0029523668	0.2235089362	-0.007653189	0.0727721581	0.1228500858	-0.0958544765	-0.0994124088	0.1016540472	-0.023839813	-0.0172823988751247	0.0191749174119593	0.0002986813108789	0.0003676774577554	-0.0450084608149126	0.1755039544302832	0.0020257615449275	0.0308016380206669	-0.5391691917589867	-0.1418046959341695	0.2907034173420389	0.0201085717889822	0.0070229854830846	0.0046271857162462	4.932232509561703e-05	2.1410847652632865e-05	-0.000378392954057	0.0006405825211593	4.10345966414805e-07	1.431812276799829e-07	-0.0003956746045515	1.0526633959997849e-07	1.1081002252777995e-14	1.565583926869859e-07	0.0	0.0	0.0	1.0	0.0	0.0	0.0	0.0	0.0
818.2337296643077	-0.7521189546022242	669506.4363603634	0.5656829218719426	871.0484225240986	5.001640405547732	758725.3543817205	25.01640674640769	766.744494744067	1.7301807763442412	587897.1202203345	2.993525518831161	771.8379852144342	634.4614663100672	1.359711	25.139252	0.2840380570009228	0.2155714676064147	0.1791901239	-0.2747653088	0.2115755227	0.1251615891	-0.2796104808	0.3131389704	0.1757096518	-0.0161477723	0.0760752703	0.0764679131	0.1347623334	-0.2820315513	0.0326263067	-0.1388538741	0.0186118625	-0.0239444424	0.0893883614	-0.1792698821	0.0224012528	0.0051324632	0.0627443065	0.3688213285	-0.0460406004	0.092656891	-0.0908682371	0.0194732616	0.0343221812	0.0913292355	0.1468152875	-0.2235932708	-0.1126974581	-0.1940248139	0.0897079807	0.0147377218	0.0370995788	0.2942767193	-0.0315806183	-0.0199552305	-0.1051809697	-0.0819368972	-0.3176380401	-0.050793147	0.1951779932	-0.3754960974	-0.115687665	-0.0630518891	-0.0818946324	0.0369373204	-0.0639589443	-0.0372601674	-0.012655298	0.0116199924	0.0155042568	-0.0005303165	-0.0062339722	0.1616428756	0.1136832777	-0.1399669078	-0.0607178702	-0.0555074265	-0.1077499628	-0.0367906409	0.2345926024	-0.0441915835	0.2952398798	0.0078183706	0.0970382431	-0.0355847396	-0.0180213433147713	-0.0007389444396466	0.0003247688148688	5.460388848846309e-07	-0.0433057651450781	0.0017026956698345	0.0018753892948006	2.899172544073172e-06	-0.3204846996344628	0.2186844921245239	0.1027104426997918	0.0478229070957609	0.0076770719272151	0.0006540864441305	5.8937433375634175e-05	4.2782907639528245e-07	-3.1033069745944886e-05	0.000347359884311	1.2065888922858957e-07	9.630514178566795e-10	-0.0001388824376547	0.0002567921668968	6.5942216979554e-08	1.9288331488911632e-08	0.0	0.0	0.0	0.0	0.0	0.0	0.0	0.0	0.0
817.0107655926777	-1.222964071630031	667506.5910943333	1.4956411204979034	866.8669821064124	-4.18144041768619	751458.364666279	17.484443966659658	766.1992563211693	-0.5452384228976825	587061.3003871129	0.2972849378039521	772.2324388403641	622.3964740921745	1.190374	22.008427	0.3039482310764725	0.1675609637359471	0.1416713082	-0.3316452484	0.0736036759	0.1831759299	-0.2136178317	0.035968348	0.0792078551	-0.0329424074	0.0639057436	0.0956051687	-0.0220172945	-0.198037855	0.2142440613	-0.1262408149	0.1946884349	0.1014101004	-0.0161228307	-0.1701239156	0.0244372026	0.1861825142	-0.1426083076	-0.0806189122	-0.0363211189	-0.0978849165	-0.1387289003	0.1473803338	-0.0094392035	0.0804592696	0.2619051037	-0.1834021774	0.0717058839	-0.08188443	0.1896950106	0.0380574271	-0.0758903878	0.0131304159	0.0132851577	0.0520299182	-0.2749659884	-0.050038496	0.1515768019	0.0781922764	0.1701785745	-0.2577122932	-0.1602080803	0.0992507926	-0.1143406564	-0.0363595644	-0.0210703093	0.0558613616	-0.1446964864	0.0056386262	0.0698962789	0.021503201	-0.1291648024	0.0388636273	0.0723435814	0.2189495683	-0.050397609	0.0305602946	0.1368823101	-0.1868220175	-0.0120223109	-0.0258410318	-0.1272514248	-0.0427250112	0.092280022	-0.0471208409	0.0005328626122604	0.0185542059270317	2.8394256354497737e-07	0.0003442585575826	0.0038356523267424	0.0471414174718205	1.4712228771644384e-05	0.0022223132412524	-0.2150202387629747	0.105464460871488	0.0462337030776866	0.0111227525069136	0.0057509955344839	-0.0019260763927312	3.307394963765376e-05	3.709770270636434e-06	0.0003201902921849	0.0003512233619308	1.2335784996600528e-07	1.0252182320945165e-07	0.0002395807438059	0.0003784631814606	1.4323437972127904e-07	5.739893280258828e-08	0.0	0.0	0.0	0.0	0.0	0.0	0.0	0.0	0.0
816.6952433374088	-0.3155222552688883	666991.1204899494	0.0995542935699655	862.9453708777266	-3.92161122868572	744674.7131192972	15.37903462895392	765.2081210298359	-0.9911352913334212	585543.468490012	0.9823491657265858	769.6695966469614	616.0338398407407	0.998527	18.461433	0.1622643177073659	0.098994899974254	0.1463863403	-0.2933899725	0.0553696652	0.1098539603	-0.1603348933	0.1425583596	-0.1527165105	0.0301085005	0.1160769338	0.1332723562	-0.0016953367	-0.2821748386	0.0706658896	-0.0082798426	0.0190775602	-0.109830838	-0.0456042782	-0.1596236553	0.1194569267	-0.1951963831	-0.1353411526	0.1125092805	0.0559012505	-0.0272012114	-0.0109853886	0.1084913234	0.0399321678	0.0748718006	0.203180281	-0.1521951508	-0.1492068795	-0.0239448608	0.0476026231	-0.0428149822	0.0973173837	-0.1881665026	-0.1576727265	-0.1031632333	-0.1802422871	-0.0009111157	-0.2003951194	-0.0429556004	0.1801825676	-0.2466972579	-0.1078144788	-0.0320954433	-0.1007280847	0.1479821081	0.040984946	0.213600141	-0.1237917651	0.073783825	-0.0128817167	-0.0557889374	-0.1863241254	-0.0391712583	0.0850945227	0.056153541	0.0184254249	-0.0396479685	-0.0750335158	-0.1034733316	0.0772687641	-0.0760125064	0.1167405727	0.002423967	0.0873863672	-0.0583804184	-0.0318055028308492	-0.0323383654431096	0.0010115900103231	0.0010457698795321	-0.0855740485225879	-0.0894097008493303	0.0073229177805462	0.0079940946059667	-0.202858942505145	0.0121612962578297	0.0411517505543057	0.0001478971266707	0.0056950329553248	-5.59625791590997e-05	3.243340036223553e-05	3.1318102661385e-09	-8.711488318202676e-05	-0.0004073051753669	1.6589750588068297e-07	7.589002871818169e-09	0.00013574939519	-0.0001038313486158	1.0780948955396556e-08	1.84278982944508e-08	0.0	0.0	0.0	0.0	0.0	0.0	0.0	0.0	0.0
814.6482808716505	-2.04696246575827	663651.8215271356	4.1900553362231765	866.040597979942	3.095227102215404	750026.3173494556	9.580430814288764	763.3963881438633	-1.8117328859725603	582774.045431096	3.282376050114462	768.4299057157416	623.5633191724846	1.261521	23.323849	0.1127340909736404	0.0671784231485462	0.1718986165	-0.3127179243	0.1110757803	0.1842374211	-0.2417160921	0.1574028573	0.0358942657	0.1379539234	0.1170519423	0.1923307107	-0.0974347689	-0.3243825636	0.035786348	0.0858845524	-0.0113897155	0.0775156847	-0.0790842225	-0.087417709	0.071317743	0.1079503863	0.019057564	0.0094584295	0.0112413609	0.0633798907	-0.0350669752	-0.0966091641	0.0147402717	0.0913586098	0.2715081659	-0.0765458279	-0.2304834684	0.0278611305	0.0101057577	0.0644261227	-0.0853361058	0.0377349769	-0.0141820367	-0.1183773298	-0.1005656951	0.1321557177	0.0615468405	0.0765366609	0.1999462224	-0.2233972632	-0.1578178504	-0.0145439485	-0.1644482709	-0.1464050988	0.066364432	0.0810407757	-0.1306198065	-0.0352890743	-0.0763256488	-0.1184579508	-0.1373425451	-0.1888035288	0.1078001567	0.1985179679	-0.0345681171	-0.0625364137	0.0218423173	-0.1040143315	-0.0392882231	-0.0155751397	-0.2520727162	0.2048162127	0.0823644609	-0.0692973963	-0.0284383595489998	0.0033671432818494	0.0008087402938381	1.1337653880503554e-05	-0.0325110145559648	0.0530630339666231	0.0010569660674581	0.0028156855737429	-0.1795030154769108	0.0233559270282341	0.032221332565304	0.0005454993273482	0.0051200293112483	-0.0005750036440765	2.6214700148041737e-05	3.30629190701255e-07	-0.0001502073836561	-6.309250047407323e-05	3.980663616070931e-09	2.256225810481081e-08	0.0001148858058019	-2.0863589388100005e-05	4.352893621552392e-10	1.319874837475188e-08	0.0	0.0	0.0	0.0	0.0	0.0	0.0	0.0	0.0
812.3433530377681	-2.3049278338824024	659901.723224644	5.312692319405824	854.6554862033115	-11.385111776630538	730436.0000974188	129.62077016637136	763.8620285897885	0.4656404459251462	583485.1987213067	0.216821024881369	768.2760790774697	603.2009311089149	1.725336	31.899172	0.3752912942567729	0.1929088839512246	0.0004713106	-0.2972572124	0.0576087963	0.2289672924	-0.156800957	-0.0199656303	0.0592580614	0.1033619338	-0.2044774958	0.1861376988	-0.0672743783	-0.0582102177	0.0140245642	-0.0118605931	0.1077694202	0.040672449	0.1664391017	0.1574006953	0.0662604662	0.1780227739	0.0940372287	0.0259979497	0.0342933644	-0.1597966846	-0.1851751732	0.1168319041	-0.1925403877	0.1537122033	0.1434226315	0.0725006654	0.0062566623	-0.0091057404	0.1304203826	0.0663086558	0.0998195267	0.030895852	0.1983245719	-0.0384173274	-0.0944802001	0.1880953418	-0.0555705389	0.2206144671	0.0690900444	-0.2313936575	-0.0768256155	0.2399861389	0.065368211	0.1180510256	-0.0949815017	0.1090537125	0.2385959102	-0.3489959454	0.2775661215	-0.1167020422	0.0028963326	-0.1071760056	0.1023524628	-0.0884638228	0.0378270749	0.0473412913	-0.1565500556	0.3040072498	-0.2041916182	0.3426390925	0.0746866181	0.1836959362	0.0772216734	-0.0798077096	-0.0141182638939483	0.0143200956550515	0.0001993253753791	0.0002050651395698	0.0116552219854213	0.0441662365413861	0.0001358441995294	0.0019506564502296	-0.3476405319090361	-0.1681375164321253	0.1208539394259975	0.0282702244319632	0.0029899350183201	-0.0021300942929281	8.939711413776818e-06	4.537301696765286e-06	0.0002598199274883	0.0004100273111443	1.6812239588430658e-07	6.750639472002546e-08	0.0005481131142935	0.0004332273084916	1.87685900822876e-07	3.0042798606051944e-07	0.0	0.0	0.0	0.0	1.0	0.0	0.0	0.0	0.0
820.8772606874763	8.533907649708226	673839.477113775	72.82757977374858	864.5540493740125	9.898563170700982	747453.7042890025	97.98155284435786	768.7291194987747	4.867090908986256	590944.4591653615	23.68857391633666	773.0630497932434	616.1841590463042	2.34503	43.356491	1.098403203539799	0.5720950712480669	-0.2896368106	0.0560590116	0.1924185832	0.1805274247	0.3277321893	-0.1432313497	0.0603706918	0.146045128	-0.1891383918	-0.0015993342	0.3611917707	0.2081159908	-0.1341532313	-0.2412847568	-0.0196020046	0.0036780666	0.1205254929	0.0116999794	0.0354628391	-0.1932827004	-0.08360834	0.0462442122	-0.1837681333	-0.237568147	-0.1095081038	-0.031947643	-0.2391976516	0.2184013202	-0.386968113	-0.017440277	0.1447515866	-0.2261225679	0.049264298	0.1181817651	0.1710096398	-0.1829225299	-0.0345008736	-0.0107035811	-0.0678913627	0.0483213426	-0.1481911036	0.1467958898	-0.2815222755	-0.2075737484	0.2468472258	0.176969476	-0.0855077941	0.2746658852	0.3573417555	-0.0253435126	0.0636204744	0.0193739193	0.1034292679	0.0061292014	0.1100212021	-0.0058761535	0.0383754905	-0.0529828414	0.0403517303	-0.0421476791	-0.0621822115	0.1249468881	-0.1708508265	-0.1151868507	-0.0892364237	0.0034702842	0.0719655524	-0.0898496795	0.0218857674063173	0.0360040313002655	0.0004789868149634	0.0012962902698705	-0.2553084246261221	-0.2669636466115433	0.0651823916850722	0.071269588612133	-0.6453068368699064	-0.2976663049608703	0.416420913711044	0.0886052291090578	-0.0056740790304253	-0.0086640140487454	3.219517284351211e-05	7.506513943685765e-05	0.0011001742876002	0.0008403543601118	7.061954505590807e-07	1.2103834630966074e-06	0.0009991291187786	0.0004510160044851	2.0341543630170378e-07	9.98258995991302e-07	0.0	0.0	0.0	0.0	0.0	1.0	0.0	0.0	0.0
821.4002436823477	0.5229829948713132	674698.3603214201	0.273511212924568	869.9878325944536	5.433783220441114	756878.828862395	29.52600008674741	768.1517665071308	-0.5773529916439202	590057.1363880256	0.3333364769601845	773.1036713499772	626.2948344421075	1.442265	26.665558	0.2786666908437681	0.174181550566278	-0.2261834109	0.0578606239	0.138641859	0.1083622783	0.1952883286	0.177200462	-0.002710371	-0.0830092806	-0.1790453775	0.0035401202	0.3912288474	0.1813008639	0.1970104282	-0.0113240753	0.0601093562	0.0078445289	-0.1316341398	0.0169223282	-0.0801050024	0.0062709845	0.0123092372	0.0331918788	0.2276296674	-0.1652571326	0.1305918957	0.0989006859	0.0544448722	0.1816520159	-0.2377453087	-0.2897371761	0.2308452473	0.0580482928	-0.0454096694	-0.0622867956	-0.0804315987	0.0783395	-0.0644042243	0.0543172318	0.095842526	0.0888294916	-0.1291913442	0.1381183372	-0.228517172	-0.0702680207	0.151211444	0.2422757417	-0.219887494	-0.1210692459	0.1102863563	-0.0191045658	-0.1155324669	0.0681288182	-0.0577539487	0.1667723191	-0.0005142342	0.2713478583	-0.033760942	0.0753007145	0.0346675496	-0.1198149178	0.1240851544	-0.0491384034	-0.1124710532	-0.0531759362	-0.0828454641	0.1893334935	0.066603812	-0.0993643757	0.0225026921007156	0.0006169246943983	0.0005063711517796	3.805960785584366e-07	-0.1162423110742736	0.1390661135518484	0.0135122748838881	0.0193393839384156	-0.5412246163380701	0.1040822205318363	0.2929240853302911	0.0108331086308378	-0.0055742168066062	9.986222381909958e-05	3.1071893007051025e-05	9.97246374609594e-09	0.0015680892112062	0.000467914923606	2.189443757332089e-07	2.4589037743012822e-06	0.00086887762489	-0.0001302514938886	1.6965451660212034e-08	7.549483270344875e-07	0.0	0.0	0.0	0.0	0.0	0.0	0.0	0.0	0.0
819.5599283280576	-1.8403153542900557	671678.4761210909	3.386760603235732	868.5971778269565	-1.3906547674971534	754461.0573289534	1.9339206823625616	766.5776976819309	-1.5740688251999018	587641.3665833299	2.477692666466199	770.4138314598486	611.513171081262	1.45879	26.97109	0.5407099815757285	0.3139982629072519	-0.1519643546	-0.0293491658	-0.1051035955	0.1263114472	0.1372165362	-0.1607635142	-0.1591366456	-0.0978298682	0.1564877065	0.0587098895	0.0285647	0.1014835373	0.1769795979	-0.024430211	-0.1582205015	0.0062847333	0.1715198207	0.0763038472	-0.1507086226	0.0841860451	-0.0786448848	-0.1275312192	0.0765873053	-0.0188043345	0.1145043167	-0.1620462127	0.0565950267	0.0753091632	0.0481544732	-0.0319366617	0.1430972406	0.0587668827	-0.1427292414	0.1109463393	0.1829983257	-0.0449078899	0.0266492211	0.1992280752	0.0493723374	0.022277045	0.1730695389	-0.0407588255	-0.1379756656	0.1052111659	-0.098809166	0.2389113147	-0.0195436414	0.058022414	-0.0855299858	-0.048547755	-0.0664384313	-0.0189347437	0.0531471267	-0.0352340242	0.0593368711	0.1568676031	-0.177950985	-0.0658459907	0.0039577344	0.0961790243	0.0553458499	-0.1656912335	0.1355699623	0.1343465023	0.0516518889	0.1786018402	0.0611443214	-0.1082959623	-0.0086762230232864	-0.031178915124002	7.527684594980501e-05	0.0009721247483097	0.0087386932012805	0.1249810042755541	7.636475886610602e-05	0.015620251429726	-0.2541676192472977	0.2870569970907723	0.0646011786738393	0.0824017195787717	-0.004283170170063	0.0012910466365431	1.8345546705717516e-05	1.666801417729509e-06	0.0018438265438223	0.000275737332616	7.60310765982417e-08	3.399696323703688e-06	0.0012519549574387	0.0003830773325486	1.4674824271262728e-07	1.567391215455337e-06	0.0	0.0	0.0	0.0	0.0	0.0	1.0	0.0	0.0
820.8183366723323	1.2584083442746987	673742.7418175342	1.5835915609401887	868.9010389520881	0.3038611251316752	754989.0154920182	0.0923315833662875	766.2335559916946	-0.3441416902362562	587113.8623276774	0.1184335029586673	770.4227733361093	620.7999589423696	1.065999	19.708906	0.2862533380101326	0.1768772626708101	-0.0996849834	0.0202416351	0.0006265117	0.0254228926	0.0903717933	0.0223023085	-0.0842557767	-0.1143907403	-0.1354178247	0.0134779602	0.0583603265	0.0582661709	0.0646710369	0.1157527093	0.1361421058	-0.0490066812	0.014231164	-0.1522403641	-0.1363262843	-0.1969550425	-0.1026629955	0.0549730234	0.0166171873	-0.0443500553	-0.0361079013	-0.0733128371	-0.0340256464	0.0400914929	-0.0341773531	-0.0471901117	0.0721806415	0.1529707413	0.1127079568	0.0157516656	0.052273368	-0.0718695722	-0.1933275377	0.1003568419	-0.0384509414	-0.1009431134	-0.0961975837	-0.0177843252	-0.0869512823	0.092968461	0.0639953836	0.0349353964	-0.1333282834	0.1652768591	0.0379793719	-0.0205786673	-0.2306024167	0.0480664308	-0.0379452039	-0.073910464	-0.0175918317	0.080807288	-0.0386885863	-0.1270693279	-0.1113174614	0.0730662547	0.1341231518	-0.0539513136	0.0324838148	0.1638793853	0.0168472155	0.0370709231	0.055595093	-0.1165920251	-0.0077729768616734	0.000903246161613	6.041916929211006e-05	8.158536284686189e-07	-0.1452874192666513	-0.1540261124679318	0.0211084341971637	0.0237240433219839	-0.2930835503770055	-0.0389159311297078	0.0858979675015907	0.0015144496956921	-0.0028198105848827	0.0014633595851803	7.951331734616514e-06	2.141421275539061e-06	0.0018467776947723	2.9511509500000643e-06	8.709291929686283e-12	3.4105878539084906e-06	0.0008701047285514	-0.0003818502288872	1.4580959730128337e-07	7.570822386475055e-07	0.0	0.0	0.0	0.0	0.0	0.0	0.0	0.0	0.0
817.0157614215441	-3.802575250788209	667514.7544112254	14.45957853790701	866.7644056255898	-2.136633326498327	751280.534859482	4.5652019719033055	765.3636435742649	-0.8699124174297594	585781.5069052743	0.756747613998488	769.8708564858688	613.9146901753452	1.030577	19.053997	0.1151092364048306	0.0646004967811124	-0.1229322961	-0.0119227337	0.0197555231	0.0819624966	0.0791108518	0.1407227407	-0.1487619764	0.1127701533	-0.1009538839	0.0440240907	0.1262611124	0.0378122746	-0.008786148	0.2455149257	-0.1698957532	-0.0760035955	0.0568281695	0.0435551316	-0.0678590926	0.045832245	-0.0424310056	0.006298695	0.0585990312	-0.0253997633	-0.0705427144	0.0079747235	0.0321637765	0.0771738826	-0.09907808	-0.0657256099	-0.1269605099	0.2180825202	-0.1720242804	0.0070537702	0.0789333949	0.0419826037	0.0017907166	0.1378293543	-0.0118769321	0.0196313647	-0.0057054643	0.0123450152	-0.09509824	0.0967526195	0.0373043145	0.0875902734	-0.1999709814	-0.0124396346	-0.0405415298	0.0706081706	0.0414240868	-0.0119849633	-0.129188381	-0.1989656004	0.0927514837	0.0127048043	-0.0190160222	-0.1429863588	0.0272251846	0.1260464416	0.0950826063	-0.0588546269	0.0211593391	0.1036177817	0.0259756402	0.0623287369	0.0499642712	-0.1242038795	-0.0081075384766649	-0.0003345616149914	6.573218015060179e-05	1.119314742257202e-07	-0.0895936957853251	0.0556937234813262	0.0080270303244733	0.0031017908352144	-0.2747109369567226	0.0183726134202829	0.0754660988836404	0.0003375529238911	-0.003028846777896	-0.0002090361930133	9.173912803970985e-06	4.369612998949375e-08	0.0014928055189067	-0.0003539721758656	1.2529630128702724e-07	2.2284683172783017e-06	0.0011212631174371	0.0002511583888856	6.308053630766049e-08	1.2572309785247635e-06	0.0	0.0	0.0	0.0	0.0	0.0	0.0	0.0	0.0
817.6938967180257	0.6781352964816278	668623.3087299092	0.4598674803342253	867.6076486137476	0.84324298815784	752743.0319330762	0.7110587370773631	764.9668231460283	-0.3968204282365377	585174.240514127	0.1574664522658292	768.9330624279223	613.8606892943187	1.033632	19.110491	0.0697101991275259	0.0470957868752692	-0.0900390693	-0.0378887515	0.0238536541	0.1082248936	0.0209537216	-0.0941356052	0.0606251703	0.0344938316	0.0555988747	0.0356367941	0.0354350293	0.0788730837	0.0180824252	0.2497150044	-0.0125692332	0.0751082813	0.2886462513	-0.1642005856	-0.0426070642	-0.1463326509	-0.0654505425	0.0495649147	-0.0739622404	0.1316732501	-0.2123134056	0.0287225256	-0.0104662151	0.042618506	-0.0392922487	0.0418683004	-0.0173706723	0.2488711067	0.0504511872	0.2587346179	0.1160423783	0.1021543136	-0.0515637244	0.0805803166	-0.07531422	-0.1940760893	-0.0395952156	-0.0949406962	-0.0566073908	0.1084345156	0.0349457412	0.0602794739	-0.1771392078	0.1664069074	-0.0475273132	-0.1399932645	-0.1332388197	-0.0852295632	-0.1097192017	-0.132384947	-0.0598727306	-0.1198490372	0.0511567254	-0.0345963696	-0.1111278442	0.0932719678	0.0808489164	-0.0074997933	0.1160160957	0.1413376041	0.0962995523	0.0195140387	0.0442601199	-0.1310868562	-0.0347818401102557	-0.0266743016335908	0.0012097764014553	0.0007115183676397	-0.0895553130394688	3.838274585629686e-05	0.0080201540935972	1.473235179469074e-09	-0.2364912402920538	0.0382196966646688	0.0559281067348739	0.0014607452131392	-0.0030588075546137	-2.9960776717700022e-05	9.356303656161844e-06	8.976481415278756e-10	0.0014272863932478	-6.551912565889995e-05	4.292755827106721e-09	2.0371464483503136e-06	0.0011211866581455	-7.645929159987366e-08	5.846023271954512e-15	1.2570595224034743e-06	0.0	0.0	0.0	0.0	0.0	0.0	0.0	0.0	0.0
814.1589963755787	-3.534900342447031	662854.8713792895	12.495520431032135	859.1196517087101	-8.487996905037562	738086.5759520953	72.04609145992724	765.9044938717249	0.9376707256965346	586609.693732903	0.879226389828266	769.7116446746023	596.9670376566935	1.43671	26.562853	0.1340128229229025	0.0681808022004828	-0.1783165008	-0.0720589092	-0.0407796262	0.1744667511	0.004925717	-0.0237846574	-0.1300260562	0.0501340591	-0.1859946956	0.0336120583	0.1163729262	0.0807444365	0.1397814707	0.1746040187	0.1054088009	-0.1028328214	0.1190659693	0.0937037275	-0.0063396591	0.1824430094	-0.0072157176	0.141544344	0.1870804261	0.0066850009	0.1681815132	-0.0062325081	-0.0552142925	0.0965586505	-0.0512399604	-0.1266365334	0.100078075	0.2274737421	0.0042706342	-0.080985109	0.1485638071	0.1222055236	0.1587887103	0.046867273	-0.0591179182	0.2051426209	0.0036758497	-0.1633118797	-0.117850686	0.0202929823	0.0532602468	0.1611296684	-0.2883220507	-0.3025105816	-0.1127569015	0.0326184863	0.0471450525	0.2724298581	0.0906859258	0.1326358574	-0.0481673478	-0.2757918606	-0.0814958139	0.0163002784	0.0459409295	0.1037561663	0.0794498409	0.1917198307	0.0363205483	-0.1427305466	0.3223112392	-0.0151712301	0.0384910108	-0.1372005631	-0.022386605853228	0.0123952342570277	0.0005011601216277	0.0001536418322865	-0.0891947308851826	0.0003605821542862	0.0079557000176801	1.3001948998968197e-07	-0.2935088790910924	-0.0570176387990386	0.0861474621053095	0.0032510111342176	-0.0033087370636771	-0.0002499295090633	1.0947740956550558e-05	6.246475950067204e-08	0.001092806034082	-0.0003344803591658	1.118771106676826e-07	1.1942250281260293e-06	0.0004208091721237	-0.0007003774860218	4.905286229262167e-07	1.770803593434338e-07	0.0	0.0	0.0	0.0	0.0	0.0	0.0	0.0	0.0
821.0605891219415	6.90159274636278	674140.4910092696	47.63198243664735	865.5741774312565	6.454525722546464	749218.6566357964	41.66090230301395	766.7323155673045	0.827821695579587	587878.4437352006	0.6852887596722623	769.5183802403902	596.8864926464624	1.715097	31.709869	0.3816483020433083	0.2395304433018794	-0.0209108801	-0.0980941156	-0.3243939702	0.0511219138	-0.0548348366	-0.3072575386	-0.1590095963	0.0029987605	0.0559735156	-0.0840453882	-0.1682259923	0.1321380451	0.1418525793	0.035185369	-0.1519345907	0.1461000187	-0.0216956281	0.1316690777	0.2198795314	0.2336188914	-0.167912665	0.2618158475	-0.0608012786	-0.0537948202	-0.1892017077	-0.044940215	0.0313124982	-0.1191747359	0.0850940011	0.09980075	0.1700108361	0.0665937765	-0.213305939	0.0994385357	-0.0165659821	0.024025086	0.241990559	-0.092058016	-0.2000760238	0.1836872233	-0.029995839	0.074835302	-0.0325684288	0.1190666492	-0.2216467784	0.0043991677	-0.0208685143	-0.0640230243	-0.0614276103	0.0201320542	0.1617160565	0.0754750501	0.2157746504	0.1240695473	0.1068813482	-0.3358425291	-0.2220254991	-0.0162467361	-0.0735955182	-0.4025513014	-0.0675390109	-0.2565347126	-0.0782243111	-0.0465849477	0.1486238399	-0.0785332305	0.0326654109	-0.1425091225	-0.0692667866969998	-0.0468801808437718	0.0047978877393276	0.0021977513559447	0.0093471921517362	0.0985419230369187	8.737000112147883e-05	0.009710510595814	-0.0808629366168247	0.2126459424742677	0.0065388145182966	0.0452182968507695	-0.0032490994105831	5.963765309399986e-05	1.055664697985145e-05	3.5566496665602713e-09	0.0009031796602676	-0.0001896263738144	3.595816164599858e-08	8.157334987210973e-07	0.0001984680852651	-0.0002223410868586	4.943555890546352e-08	3.9389580868795006e-08	0.0	0.0	0.0	0.0	0.0	0.0	0.0	1.0	0.0
828.9334135473827	7.872824425441195	687130.6040953161	61.98136443382348	870.0065906396073	4.432413208350795	756911.4677563533	19.646286849562586	768.5842440623157	1.8519284950112933	590721.7402208414	3.429639150634794	771.1227243072108	628.5200021934197	1.476404	27.296757	0.4256411951750265	0.250888137312682	0.0250711791	0.1512565532	-0.2063930474	-0.1586098189	-0.0381067349	-0.1720852689	0.1042220751	-0.0127148789	-0.0371844635	-0.1669005489	-0.170975065	0.174863678	0.0040823526	-0.1572437424	0.0446675641	0.2968374181	-0.197083337	0.058126585	0.1006892238	-0.1205068869	-0.1277972773	0.0829024302	-0.0517413572	0.0069916	-0.0718125308	0.1268164198	0.2462445827	-0.1720315006	-0.0131242147	0.1417432826	0.2167703328	-0.1403068148	-0.0044942352	0.0345550138	-0.3343741297	-0.1475268069	0.0139356508	-0.0513974651	-0.1557688616	-0.0115236664	-0.2053993247	0.009231949	-0.0414788508	0.0898506599	-0.039703436	-0.2318979568	0.0390233664	0.0508857414	0.2370483783	-0.0427559138	-0.0150353708	0.0395976957	0.3754285117	0.0614106201	0.1217971905	-0.0568119181	0.1217771329	0.1777101959	-0.1120425429	-0.0804431343	0.0651838785	-0.1583423819	-0.1741949951	0.1471006592	0.0337772459	-0.0985406502	0.0267918699	-0.1469813818	-0.0567619577225144	0.0125048289744854	0.0032219198444925	0.0001563707476811	-0.2107802791717006	-0.2201274713234368	0.0444283260877	0.0484561036312505	-0.188397016453834	-0.1075340798370093	0.0354934358087061	0.0115635783263922	-0.0035487937413701	-0.0002996943307869	1.2593937018787592e-05	8.98166919058677e-08	0.0012387465720034	0.0003355669117357	1.1260515225190218e-07	1.5344930696501745e-06	0.0012727031435442	0.0010742350582791	1.1539809604359014e-06	1.6197732915872883e-06	0.0	0.0	0.0	0.0	0.0	0.0	0.0	0.0	0.0
828.5818912454597	-0.3515223019229552	686547.9504999028	0.1235679287492132	880.5040577234847	10.497467083877382	775287.3956675217	110.1968151770891	768.9354689975954	0.3512249352796743	591261.755482552	0.1233589551622114	772.9147287168001	655.258790176941	1.216412	22.489847	0.21006550751243	0.1314694482511411	0.0480172414	0.1905469789	-0.0096407168	-0.1764712077	0.0986267844	0.1104614447	0.0896978526	-0.2679398694	0.1100699355	-0.1403188539	0.0401597424	0.0419582805	0.110093918	-0.1611889171	-0.0541660828	0.046392973	-0.2488227413	-0.1110718546	-0.0504768997	-0.1039611171	0.1340108572	0.0117391065	0.0237262089	0.1664903599	0.1642843759	-0.1168532902	-0.0548329812	-0.0885187131	-0.0318214539	-0.125608267	0.1482801874	-0.1360395398	-0.1093542134	-0.047143196	-0.2781733539	-0.0141940389	-0.1448954803	0.0241652774	0.0373665114	-0.1163438033	-0.0230222615	-0.1771509851	-0.0170641105	0.0809007029	-0.0496922308	-0.1374144658	0.0982253204	-0.0942372834	0.1119936879	0.0154293757	-0.1260347733	-0.1196651591	0.0054189465	0.1347132652	0.0606665434	0.2606885185	-0.0517471311	-0.021468817	-0.0383830839	0.0586064568	-0.1391940563	-0.1337913829	-0.0020297477	-0.0456018151	0.1192109805	0.1073661583	0.0208790082	-0.1505910958	-0.0730046392215655	-0.0162426814990511	0.0053296773478709	0.0002638247022796	-0.0869228122508189	0.1238574669208817	0.0075555752895911	0.0153406721120573	-0.2042546017369062	-0.0158575852830722	0.0417199423307021	0.0002514630110099	-0.0030714513693749	0.0004773423719952	9.433813514434949e-06	2.278557401020041e-07	0.0008338548741375	-0.0004048916978658	1.639372870007312e-07	6.95313951122866e-07	0.0010727817372168	-0.0001999214063273	3.9968568707925355e-08	1.1508606557058954e-06	0.0	0.0	0.0	0.0	0.0	0.0	0.0	0.0	0.0
821.4521750183463	-7.129716227113363	674783.6758423719	50.83285347916361	875.7903256791361	-4.713732044348603	767008.6945531673	22.21926978591886	766.213177950877	-2.7222910467183965	587082.6340655823	7.410868543043143	771.6163112991735	654.4934254020403	1.342132	24.814238	0.0307354119118128	0.017839167436862	-0.0169389539	0.0822731444	0.1140208725	0.0108694316	0.0828091718	0.1949679245	-0.0867083653	-0.080420595	0.0753286714	0.0394044054	0.0128424442	-0.0202995716	0.0025844007	0.0829958018	-0.0720781227	-0.0121574626	-0.1343076877	0.0016836835	-0.1955675819	-0.0526197118	-0.0695168765	0.0478643184	-0.0094576656	-0.147457062	0.0301910925	-0.0957510887	0.10409507	0.0301633331	0.0058970478	-0.0213943682	-0.0915703002	0.045338624	-0.0906922199	-0.0644181776	-0.0799939903	-0.095921077	-0.1200966259	0.2189884365	0.0253274488	-0.0178267827	0.0027588322	0.1094816344	-0.0396710176	0.0730373971	-0.0578818792	-0.0782652823	0.0667075907	-0.0888596636	-0.0243540358	0.0743912377	-0.1458553741	0.0685096741	-0.1257247457	-0.0719039382	0.2077682501	0.1143582548	0.0946771964	0.1144282352	-0.1086511229	0.0087507066	-0.0761877764	0.0972641711	-0.1124711403	0.1550233052	-0.001873317	-0.0689100162	0.0149355036	-0.1533170814	-0.0671780160239308	0.0058266231976347	0.0045128858369115	3.3949537887214854e-05	-0.0868856194205136	3.719283030530207e-05	0.0075491108620863	1.383306626118996e-09	-0.204289560300694	-3.495856378779583e-05	0.0417342244478508	1.2221011821053898e-09	-0.0032222855919895	-0.0001508342226146	1.0383124436343122e-05	2.2750962711750775e-08	0.0005438630807872	-0.0002899917933503	8.409524021052311e-08	2.957870506433444e-07	0.00101687500678	-5.590673043680012e-05	3.1255625081330326e-09	1.034034779413825e-06	0.0	0.0	0.0	0.0	0.0	0.0	0.0	0.0	0.0
817.8672769777486	-3.58489804059775	668906.8827509973	12.851493961481587	867.1882151057212	-8.602110573414961	752015.4004182465	73.99630631725748	764.8918665759968	-1.3213113748802243	585059.5675541125	1.7458637493878686	769.4176186009457	621.9609785189215	1.284305	23.74509	0.1211374910061859	0.0601424434552655	-0.0952910267	-0.0618114146	0.0590363354	0.164118604	-0.0155842088	0.0079195505	0.1061919759	0.0869314503	0.0814517815	0.1370099053	-0.0109452874	0.0302787946	-0.0034162158	0.0580989408	-0.0208864563	0.1655494369	0.0855346973	0.0188277884	-0.262372049	0.0884138897	0.0993927053	-0.0106580803	-0.0583752396	0.2438203807	0.0086925524	-0.1771849389	-0.1453975694	0.1334947673	0.0658729908	0.0396464152	-0.0332692341	0.074138706	0.009224709	0.1179381885	-0.0742261633	0.1672520025	0.0594754244	0.182093094	0.1172949821	0.1528658248	0.1142937396	-0.2003151405	-0.0865985713	-0.0027369335	-0.0202587096	0.0009379539	-0.0123061748	-0.1681264408	-0.0578050609	-0.0560609255	-0.0480477531	-0.1827658609	0.0673520396	-0.1489545736	0.0051197389	-0.0243784245	-0.0957815709	-0.0468315052	-0.0966699297	0.0497545785	0.0741766031	0.0502495053	0.1244840895	0.0335325809	0.0926142048	-0.0492795113	0.0089700792	-0.1551433414	-0.0543034374645827	0.012874578559348	0.0029488633204698	0.0001657547730808	-0.0805240508175302	0.0063615686029833	0.0064841227600641	4.0469555090464135e-05	-0.2454051619357784	-0.0411156016350844	0.0602236935047256	0.0016904926978149	-0.004079973080341	-0.0008576874883515	1.664618033630723e-05	7.356278276747046e-07	0.0008999261471263	0.0003560630663391	1.2678090721080234e-07	8.098670702815869e-07	0.0010188392962648	1.964289484799979e-06	3.858433180095767e-12	1.0380335116133528e-06	0.0	0.0	0.0	0.0	0.0	0.0	0.0	0.0	0.0
817.9702744267736	0.1029974490249969	669075.3698458113	0.0106084745056568	864.0672175375263	-3.1209975681948663	746612.1564230428	9.74062582067827	765.9155468490889	1.0236802730920544	586626.6249051389	1.0479213015178233	770.2277454326028	598.3388146277146	1.368231	25.296774	0.2342991770281418	0.1499454450370048	-0.1086483292	-0.1190594037	-0.1747346616	0.1030743761	-0.0354882341	-0.0960316987	-0.14504241	-0.0661224246	-0.0257146643	0.0747436664	-0.0832908727	0.0268374867	0.1013767154	0.0358378534	0.0275597499	-0.3024763893	-0.0103124493	0.1141605819	0.1837763075	-0.106583519	-0.2024518263	-0.1499206997	-0.0863560487	0.1963249137	-0.1526956064	-0.0850217877	-0.0560683424	0.0247684479	0.0986205529	0.0191553403	0.0356190657	0.0965551746	-0.0905131558	-0.197012871	0.1697507568	-0.1960319656	0.1215093656	-0.1461962709	-0.053903614	-0.2682315322	0.145649058	-0.0208489834	-0.0730011059	0.0747503083	-0.1366304442	0.0643119624	0.0281503581	0.212227017	-0.2049880941	0.1683448118	-0.0581045741	0.0978559297	0.0426914772	0.0424223651	0.1535083733	0.0065737155	-0.0060253219	0.1072315714	0.159225161	0.1767455808	-0.2022061416	-0.0191731192	0.1505137536	-0.15470916	-0.0329737109	-0.0644855502	0.0029914899	-0.1560591586	-0.0436518789867363	0.0106515584778464	0.0019054865390726	0.0001134556980069	-0.041632667421581	0.0388913833959492	0.0017332789966359	0.0015125397024507	-0.1060961796988522	0.1393089822369262	0.0112563993466911	0.0194069925318882	-0.0044247778818328	-0.0003448048014917	1.957865930355676e-05	1.1889035113179947e-07	0.0011039555640148	0.0002040294168884	4.1628002955861316e-08	1.218717887319235e-06	0.0013789501362329	0.0003601108399681	1.2967981706253062e-07	1.9015034782167331e-06	0.0	0.0	0.0	0.0	0.0	0.0	0.0	0.0	0.0
822.1195355323118	4.149261105538244	675880.5307038642	17.21636772193245	866.4942190191719	2.4270014816455614	750812.2315936446	5.89033619190975	766.6530223342608	0.737475485171899	587756.8566542565	0.5438700912295278	769.7538337958487	614.5921842571952	1.284472	23.748178	0.181795702468779	0.1140350821482226	-0.0235991946	-0.0235175448	-0.1938147733	-0.0244319908	-0.0900730531	-0.2509613802	-0.0940170818	0.0848588336	0.2089544522	-0.0070572865	-0.1803838391	0.0644678962	-0.1189516712	-0.0631898173	-0.1033164638	-0.1051056565	-0.0707551022	0.0238030641	-0.0526564316	-0.0086708648	-0.0438222733	0.2170197568	0.1088522849	0.0082095026	0.0963286852	0.0347110036	-0.0904472804	-0.0732961142	0.0338198448	0.2150457339	-0.0332702663	-0.0606839294	-0.1171684071	-0.0887261454	0.0289542008	0.0026376749	-0.0241513034	0.0636826469	-0.0291180066	0.1516477016	-0.1436207629	-0.1006071562	-0.040799964	0.0791914486	-0.0973391969	-0.1709194305	-0.0494933015	-0.0249472866	0.0572129424	-0.0046893118	0.0202371006	0.0824501451	0.065179607	-0.1590852185	0.1267573155	-0.0025580916	0.0615359245	0.0586200215	0.0931633324	-0.0267829859	0.0769570996	0.1086981931	-0.0559811368	-0.0090597355	-0.1251875032	-0.0657296752	-0.0029914899	-0.1560591586	-0.0543554458189987	-0.0107035668322623	0.0029545144901821	0.0001145663429327	-0.1492680267046608	-0.1076353592830798	0.0222809437963033	0.0115853705679976	-0.1348129984523041	-0.0287168187534519	0.0181745445517009	0.0008246556793186	-0.004081044181604	0.0003437337002288	1.665492161220386e-05	1.1815285667298257e-07	0.0007797444710135	-0.0003242110930012	1.0511283282509757e-07	6.080014400761229e-07	0.0013520957774633	-2.6854358769600167e-05	7.211565849264013e-10	1.8281629914340851e-06	0.0	0.0	0.0	0.0	0.0	0.0	0.0	0.0	0.0
823.6478322793404	1.5282967470285485	678395.7516184564	2.335690946978043	875.7285596868965	9.23434066772461	766900.5102512862	85.27304756759258	766.9545231225355	0.3015007882747795	588219.2405381158	0.0909027253303134	771.7061890300952	632.6952289887224	1.0265	18.978617	0.0667968892106119	0.061061984952509	-0.0110415478	0.0360981578	-0.0681731198	-0.0761159364	-0.0198263998	-0.0622176627	0.0945440777	-0.1399690977	-0.0390394686	-0.0347110351	-0.1175530658	0.0999948752	0.0245666822	-0.0616221635	-0.0350827642	0.1512248683	-0.0386396855	-0.0799443005	0.0204050164	-0.0976807181	0.081435748	-0.0777061138	-0.0979914385	-0.0316847091	0.0141325249	-0.0651643091	-0.0338782251	-0.064802516	0.0316293234	0.1053904951	0.1030762331	-0.0324889752	-0.0008587088	0.1098063971	-0.1285212866	-0.0545940356	-0.111691834	-0.0461011738	0.0523350231	-0.0311617743	0.0236925166	0.1236990224	-0.0324837759	0.083474874	-0.0785179096	-0.0977017832	0.0150968742	0.0676852139	0.0080738289	-0.1096577799	-0.09647737	-0.0871563193	0.0414114323	0.048729596	0.055650777	-0.0217277206	0.0702426999	0.1368524205	0.0482184386	-0.0704980351	-0.0351878064	0.0682334761	-0.050824465	-0.0788997936	-0.0621855471	-0.0890179687	-0.0089700792	-0.1551433414	-0.0542904898229608	6.495599603789648e-05	0.002947457285217	4.2192814212752235e-09	-0.0883374646175241	0.0609305620871366	0.0078035076550523	0.0037125333962544	-0.1348330341298265	-2.0035677522400878e-05	0.0181799470926549	4.0142837378163966e-10	-0.0040475946129184	3.344956868559998e-05	1.638302215052605e-05	1.1188736452526707e-09	0.0008617673412738	8.202287026029998e-05	6.727751245738002e-09	7.42642950486114e-07	0.0013522500475157	1.5427005240018637e-07	2.3799249067556252e-14	1.8285801910062128e-06	0.0	0.0	0.0	0.0	0.0	0.0	0.0	0.0	0.0
823.8855767955795	0.2377445162391041	678787.4436517847	0.0565224550017656	870.6579353246796	-5.070624362216904	758045.2403438339	25.711231422707584	766.5143278589788	-0.4401952635566886	587544.2148131022	0.1937718700577425	770.088569088986	630.4801841554782	0.968476	17.905828	0.2166861660124432	0.1103340822504093	-0.0104496582	0.063905384	-0.0591745069	-0.0644362946	0.0058397731	0.0461816964	-0.019355796	-0.1104287132	-0.0467830696	0.0279329956	-0.0122925041	0.004934851	0.0869925291	0.0655982058	0.0337442577	0.0248648474	-0.151826519	0.1917150523	-0.2343421771	-0.1446958983	0.0914697421	0.1444814268	-0.0035588725	-0.0454642037	0.1006405935	-0.0173264016	-0.03266128	-0.0055293479	0.0324760585	-0.0052672712	0.0373692423	0.0799136278	-0.003052555	-0.1091349402	-0.1173867642	-0.0941524004	0.0374812071	0.1770355918	0.1794272129	0.1538685647	-0.1493914056	-0.0021466001	-0.0157720121	0.0602869069	-0.0038760591	-0.1146107902	0.0073722276	-0.1018060751	-0.0579547479	0.0335886266	-0.06600183	0.026747737	-0.0034044812	0.0764934297	-0.0056586558	0.091791558	0.0861999078	-0.0588478913	-0.1399197494	-0.1368549791	-0.1225132957	0.1386467616	-0.1643890069	-0.0007010193	-0.0495145375	0.043458012	-0.0149355036	-0.1533170814	-0.0837947417472264	-0.0295042519242655	0.0070215587444843	0.0008705008816105	-0.1144131601869418	-0.0260756955694176	0.0130903712239628	0.0006799418994289	-0.2261244960684365	-0.0912914619386099	0.0511322877222043	0.0083341310228886	-0.0035386572350362	0.0005089373778822	1.2522095027074042e-05	2.590172546056093e-07	0.0002836555935745	-0.0005781117476992	3.34213192827939e-07	8.046049576610194e-08	0.0010430040414942	-0.0003092460060215	9.56330922402497e-08	1.0878574305732348e-06	0.0	0.0	0.0	0.0	0.0	0.0	0.0	0.0	0.0
823.8416506824404	-0.0439261131390367	678715.0653991682	0.0019295034155034	873.5100569564305	2.852121631750947	763019.8196040265	8.134597802301684	768.051511440637	1.5371835816581552	589903.124226247	2.362933363719394	772.821594915892	626.1339424432982	0.931427	17.220844	0.1946765371326893	0.1123708745677487	-0.0091940462	0.0286809871	-0.0475780772	-0.0253056975	0.0174271689	0.0662143138	-0.1604955619	-0.0941929234	0.0584588822	-0.0364834432	-0.020673998	-0.0233921433	0.1886063767	-0.0775301372	-0.020534065	-0.1351489974	-0.1496344953	0.2038257785	0.0682572109	0.0631834802	0.0434738306	-0.0550522431	-0.2045655956	0.0844604181	0.1910470691	-0.138489292	-0.0630811544	-0.0445434023	0.0627236031	-0.0993010126	0.0764718735	-0.0500197114	-0.1352482395	-0.1584279229	-0.0460863655	-0.1092355429	0.1768669683	-0.0393280157	0.1065379965	-0.0998752629	0.1406834095	0.1456689533	-0.008180194	0.0347987368	-0.0509424884	0.0123407013	0.1268168546	-0.0280207866	-0.1475878214	0.1531916159	0.0342274187	0.0003778788	0.0305659789	0.1280187304	0.1504899715	0.1035319166	-0.05257427	-0.0112393984	-0.0246639408	0.055057027	-0.1850031807	-0.0619871386	-0.0112713397	-0.0362596037	-0.0563805144	0.0960153998	-0.0208790082	-0.1505910958	-0.0545004469757799	0.0292942947714464	0.0029702987205597	0.0008581557061563	-0.0129297207053724	0.1014834394815693	0.0001671776775189	0.0102988884890093	-0.1967708414441631	0.0293536546242733	0.0387187640426439	0.0008616370398011	-0.0034459273331483	9.272990188790004e-05	1.1874415185338556e-05	8.598834704139566e-09	0.0008407769507308	0.0005571213571563	3.103842065996777e-07	7.06905880880182e-07	0.0010019523354304	-4.105170606379994e-05	1.6852425707486286e-09	1.0039084824744328e-06	0.0	0.0	0.0	0.0	0.0	0.0	0.0	0.0	0.0
826.277090600787	2.4354399183465603	682733.8304517012	5.9313675958759005	872.2754628042156	-1.2345941522148678	760864.4830103086	1.5242227206831482	767.5939444056097	-0.4575670350272958	589200.4634881623	0.2093675915436705	771.1606869446604	628.9329818605694	1.154413	21.343557	0.4094022177298243	0.2054842605541582	-0.03783664	0.1238464919	0.0011817677	-0.0771184086	0.1331336927	-0.0334134506	-0.0330245087	0.1284612999	0.0989337473	-0.025018548	-0.0199266959	0.0519568291	-0.1999949642	-0.1057523915	0.0709142553	-0.1432739875	-0.0751842137	0.0786227723	-0.1542258349	0.0573362092	-0.1440502307	0.0077698451	-0.0661310492	0.1468553901	-0.0934081248	0.2043031515	0.1395796749	-0.0022300405	-0.1311016412	0.1332672067	-0.0679085025	-0.1330619218	0.0174651984	-0.1943905127	-0.0072416776	-0.0811543805	0.0645439902	0.1572933	-0.1032924309	-0.110811272	0.04950556	-0.1840133566	-0.058223235	-0.0388829683	0.1130204058	-0.1132617008	0.1628277862	-0.0217256136	0.0379972014	0.109100314	0.0843658188	0.2157947917	-0.0527770963	-0.0294342762	-0.1003893648	0.007672963	0.0653703312	0.0429915009	-0.111116357	0.1209927733	0.1068420047	-0.0443836561	0.0952534407	0.1535228729	0.0990264812	-0.0545164985	-0.0267918699	-0.1469813818	-0.0924666879561328	-0.0379662409803529	0.0085500883815768	0.0014414354541782	-0.16141947603451	-0.1484897553291376	0.0260562472432557	0.0220492074377071	-0.323919217380066	-0.1271483759359029	0.1049236593881144	0.0161667095031376	-0.004412997055135	-0.0009670697219867	1.947454300863018e-05	9.352238471834334e-07	-4.306731979641931e-05	-0.0008838442705272	7.811806945437924e-07	1.8547940344470507e-09	0.0009369094182557	-6.504291717469998e-05	4.230581074594881e-09	8.777992580162343e-07	0.0	0.0	0.0	0.0	0.0	0.0	0.0	0.0	0.0
823.2014125590804	-3.075678041706624	677660.5656392652	9.459795416236291	876.2820776607214	4.006614856505735	767870.2796293906	16.052962608372468	766.7389266535921	-0.8550177520176021	587888.5816459025	0.7310553562652338	771.7241378834373	640.5723099950487	1.170123	21.63402	0.1153133027214308	0.0747068794004221	-0.0680476557	0.0898079225	0.1276052787	-0.017769322	0.1270083681	0.0696027458	0.077043667	-0.0204772288	0.1255123625	0.0474377561	0.061519082	0.0628252024	-0.1287500116	0.0342274025	-0.0504624893	-0.0651381432	-0.0448580178	-0.164375109	0.125048715	0.0274386315	0.066861343	-0.0877198662	0.0786422161	0.1877557101	-0.0190764805	0.0417803743	-0.1544912307	0.0674049142	-0.0940839673	0.0528985098	-0.0665906868	0.0094121155	-0.0503569404	-0.0289672604	-0.0236576344	0.1330538934	-0.1019033004	-0.202155186	0.0485421484	-0.0659901316	0.1277839317	-0.1502357296	-0.0759099795	-0.0253909015	0.0652871464	-0.0988467851	0.0735699382	-0.1255234032	-0.0226116058	-0.0270125161	0.0302569264	-0.2257679122	-0.1620158013	0.0176629733	-0.0997603536	-0.0172117934	0.0610156368	-0.0462742794	-0.0636152596	0.0113297381	-0.0657593382	-0.0719165707	0.0182794156	-0.14085781	0.0260467443	0.0104954924	-0.0326654109	-0.1425091225	-0.0766617819664503	0.0158049059896825	0.0058770288142715	0.0002497950533427	-0.0937754313207221	0.0676440447137879	0.0087938315193874	0.0045757167852409	-0.2971612163248807	0.0267580010551853	0.0883047884876825	0.0007159906204692	-0.0044590218721229	-4.602481698789962e-05	1.988287605607041e-05	2.118283778769653e-09	1.2910897544182731e-05	5.597821734060204e-05	3.133560816631679e-09	1.6669127539638367e-10	0.0009370334031827	1.2398492699996957e-07	1.5372262123187782e-14	8.780315986801524e-07	0.0	0.0	0.0	0.0	0.0	0.0	0.0	0.0	0.0
822.9370614982507	-0.2643510608296537	677225.4071873757	0.0698814833617633	869.3548590842257	-6.927218576495648	755777.8710133539	47.98635720654639	765.2816683931171	-1.4572582604749869	585656.0319785528	2.123601637722585	768.972801057916	630.0453476749739	1.236848	22.867678	0.1364212244364898	0.0756380872989866	0.0018407705	-0.0040840729	0.0174301509	0.0055096742	-0.0256635512	-0.1250475826	0.1024672958	-0.0837018534	-0.1042607554	0.1169101417	-0.1821556383	0.054808957	-0.131630229	-0.0059916097	0.2700096429	-0.0182327448	0.1057891904	-0.0471391167	-0.0664180923	-0.0243057503	-0.0501972619	-0.1203740685	0.1062694813	-0.0914548571	0.0600130029	0.0596814571	-0.0191766964	0.0263832238	0.0823863787	0.2336886961	0.0216345976	0.0227082192	0.3091651094	-0.0606727914	0.0532175878	0.0347939722	-0.07532982	0.0245400932	0.0513208166	0.0120627167	0.0678820926	-0.0140328918	-0.0047934728	-0.0285105618	0.0351454608	0.0893781222	0.2415801355	0.079506373	-0.1114213811	-0.0809772741	-0.053582467	0.0786742546	-0.0182105789	-0.003454816	-0.186686917	-0.0162087985	-0.0094921346	0.1296663473	-0.1101822139	-0.0880498117	0.2292090806	0.1180808833	0.0303633583	0.029906835	0.0681634638	-0.0045958741	-0.0384910108	-0.1372005631	-0.0668145255977066	0.0098472563687436	0.0044641808308465	9.696845799176312e-05	-0.0318358304167532	0.0619396009039689	0.0010135200983242	0.0038365141601429	-0.2753787667331693	0.0217824495917113	0.0758334651674812	0.0004744751102154	-0.0037490853727759	0.0007099364993469	1.405564113236221e-05	5.040098331050723e-07	0.0001597430789075	0.0001468321813633	2.1559689483910097e-08	2.551785125884777e-08	0.0009373030739137	2.6967073100004485e-07	7.272230315809857e-14	8.78537052368071e-07	0.0	0.0	0.0	0.0	0.0	0.0	0.0	0.0	0.0
824.5459588786524	1.608897380401686	679876.0383031163	2.5885507806634074	875.1640530704112	5.809193986185505	765912.1197866296	33.74673476913384	767.6528940740621	2.371225680945031	589290.9657802833	5.622711229973226	771.6734276068838	627.3284313838727	1.001728	18.520628	0.1960536939947652	0.1266581577477493	-0.0053682147	0.0270932131	0.0449223413	-0.025993546	0.0550137312	0.0738407245	-0.0759294778	-0.1554646722	-0.0483884148	0.0224594486	0.0525559563	-0.0072118061	-0.0463644911	-0.0628452941	-0.0088447262	-0.1347938992	-0.0131517467	-0.2601107387	0.1268027307	-0.015282638	0.2124757516	-0.1924905351	0.0724120162	-0.0522218291	0.1438065763	0.0134007814	0.2148998908	0.0318380435	-0.0198685518	-0.0508072095	0.0242998392	-0.0429717909	0.0205982285	-0.0467014105	0.111991638	0.0484363845	-0.2959734686	-0.2331732517	0.0890021584	0.0254117999	0.1168409438	-0.037098113	-0.0036416006	-0.0300806567	0.0628143609	-0.0406228246	0.1204077668	0.0065252615	0.0478091411	0.0024104986	-0.0767364846	-0.0366846993	0.0469075194	-0.0672406834	-0.1377343165	7.84366e-05	-0.002695208	-0.1089999608	0.1621188241	0.0999911409	-0.1320245725	-0.0152830449	-0.0640392338	-0.1930686113	-0.010136883	-0.0597209373	-0.0442601199	-0.1310868562	-0.0502426157115678	0.0165719098861388	0.0025243204335402	0.0002746281972743	-0.152124442270491	-0.1202886118537377	0.0231418459361079	0.0144693501416991	-0.2522556984834807	0.0231230682496886	0.0636329374173887	0.0005346762852797	-0.0030280797902891	0.0007210055824867	9.16926721635728e-06	5.198490499771296e-07	0.0001600810038377	3.3792493019999654e-07	1.1419325845067252e-13	2.5625927789685724e-08	0.0009372445012267	-5.857268700008162e-08	3.4307596624095297e-15	8.784272550796856e-07	0.0	0.0	0.0	0.0	0.0	0.0	0.0	0.0	0.0
822.6623116687706	-1.8836472098818149	676773.2790402054	3.548126811295546	875.3492319342795	0.1851788638682592	766236.277847933	0.0342912116235392	766.9898507460108	-0.6630433280513444	588273.431147388	0.4396264548734026	771.3118084606372	633.1455511040072	1.145682	21.182135	0.1632625439837292	0.095109963684257	0.0195215868	0.0307144148	-0.0108868287	-0.0464445654	-0.0402104054	0.1134336602	-0.071319822	0.0081118407	-0.000236255	0.0065137342	-0.0239623537	-0.0108225611	-0.0021643507	0.0771873461	-0.0334802036	-0.0159560948	-0.178724186	-0.0376713965	-0.0648566217	0.0537208177	0.0720813417	0.0034220197	-0.1824196252	-0.1189689953	-0.1009692663	-0.1356858139	0.1567695339	-0.0303123284	0.0160227819	0.0045362121	-0.0951043128	0.0564943142	-0.0737596095	-0.0991416132	-0.1013737549	0.0530954421	-0.0926857965	0.0957254374	-0.0014800177	-0.0331201681	0.0011462466	0.2300527666	-1.72049e-05	0.057064373	-0.0087574498	-0.0782883413	-0.0041624071	-0.1158719692	-0.0727032309	0.0393955859	0.0232056765	0.0743848992	-0.1329564873	-0.1185948234	0.0477135378	0.0751545028	0.0364597806	-0.0245498712	0.1078114671	-0.0646259926	0.0060523375	0.0256596944	-0.0179637488	0.0565353738	-0.0757788372	-0.0084380811	-0.0499642712	-0.1242038795	-0.0501317922357884	0.0001108234757794	0.0025131965927722	1.2281842783828353e-08	-0.0847216601165996	0.0674027821538914	0.0071777596929126	0.0045431350420849	-0.2205834165418423	0.0316722819416383	0.0486570436532719	0.0010031334433906	-0.0041296741776419	-0.0011015943873528	1.7054208813482303e-05	1.2135101942471907e-06	0.0003390636518028	0.0001789826479651	3.203478827259892e-08	1.149641599738504e-07	0.0009382005941572	9.560929305000828e-07	9.141136917522362e-13	8.802203548769231e-07	0.0	0.0	0.0	0.0	0.0	0.0	0.0	0.0	0.0
821.4978663896434	-1.1644452791272215	674858.7444827363	1.3559328080816728	872.0034096535672	-3.345822280712241	760389.9464474471	11.194526734110465	765.4852972930332	-1.504553452977575	585967.7403718035	2.263681092866744	769.7611973160192	622.3799020576789	1.318969	24.38599	0.2461498304745318	0.123279327965126	-0.0979686737	0.0045782671	0.0756793975	0.0300880541	0.1229326979	-0.032237073	0.187324135	0.1023016531	0.0439684312	0.1390066415	0.0144581436	0.0656308518	-0.1312368918	0.0721076074	-0.0470851948	0.1797240088	0.065554618	0.071091162	-0.0068410398	0.0671667471	0.0732887908	0.0128377687	0.1330359592	-0.0257281787	0.1188744905	0.1344847574	0.0657817334	0.1450724768	-0.0769462224	0.1447387108	-0.0722499284	0.048024449	-0.0094327305	0.1177196044	-0.1597284864	0.0788245955	0.1168764243	0.0244695691	0.0033011235	0.0674814651	-0.0497073458	-0.0289598141	-0.0935922464	-0.0704993524	0.0582231935	-0.0278686803	0.0832273233	-0.0646092584	0.0198217509	-0.0479949618	0.0902439768	-0.2588630249	-0.0288415376	-0.037282587	-0.0660725933	-0.0787147795	-0.0779485598	0.050747793	0.0286240377	-0.0653064583	-0.0761343388	0.1508826367	0.2031210191	0.0930457674	0.0128179781	-0.2391805795	-0.055595093	-0.1165920251	-0.0600582730905614	-0.009926480854773	0.0036069961666204	9.8535022160175e-05	-0.1305860449340201	-0.0458643848174205	0.0170527151315099	0.0021035417946804	-0.327193990855676	-0.1066105743138337	0.1070559076520642	0.0113658145555254	-0.0051809844002007	-0.0010513102225588	2.684259935512301e-05	1.105253184056634e-06	-7.297852512189174e-05	-0.0004120421769246	1.6977875556483898e-07	5.325865128966583e-09	0.0011498160044438	0.0002116154102866	4.4781081870766055e-08	1.3220768440751048e-06	0.0	0.0	0.0	0.0	0.0	0.0	0.0	0.0	0.0
824.5787274727435	3.0808610831001038	679930.077800569	9.49170501336074	874.6906676131688	2.6872579596015385	765083.7640095709	7.221355341441824	766.8176835977806	1.3323863047473878	588009.359878266	1.775253265078399	771.2621737279391	630.314153065658	1.112379	20.566408	0.1782848635642213	0.0875623747631636	-0.1283455031	0.0483046266	0.1198605063	-0.000311971	0.1680593126	-0.0104721768	0.164065173	-0.0485901614	-0.101690327	0.1110981206	0.0293755827	0.0754019237	-0.1772085259	-0.1171871043	0.0649942253	-0.1047958556	0.2111349907	0.0528153036	0.058295285	-0.1058989397	0.0289615921	-0.0837406942	0.0508627636	0.2862834025	0.0360557368	0.1293320885	0.0194848822	0.1389288912	-0.1082524332	0.1766708856	0.0059082158	-0.1098528603	0.1286855482	0.0208832009	0.1783638356	-0.0520935673	0.0413515916	-0.0828994671	0.1210357108	-0.197352592	0.0269508031	-0.0727231462	-0.1282684465	-0.1114933907	0.0677485764	0.0752761747	0.2442777171	0.167997938	0.0115694285	-0.0903471005	0.1197962857	-0.0266325783	-0.0926921779	0.0515222611	-0.1515445844	-0.0474709143	-0.0035014934	0.0667577837	0.0523248766	-0.038384252	0.030149098	-0.1007588477	0.0436948161	-0.1216047185	0.0607107966	-0.1274960808	-0.0611443214	-0.1082959623	-0.0424688210434709	0.0175894520470905	0.0018036007608223	0.0003093888233168	-0.0593456494713962	0.0712403954626239	0.0035219061111818	0.005075193945671	-0.3544637552272576	-0.0272697643715815	0.1256445537698091	0.0007436400488815	-0.00610445347051	-0.0009234690703092	3.726435217362159e-05	8.527951238179223e-07	-0.0001793584549538	-0.0001063799298319	1.1316689471041724e-08	3.21694553634143e-08	0.0009359599709265	-0.0002138560335173	4.573440307175256e-08	8.760210671767347e-07	0.0	0.0	0.0	0.0	0.0	0.0	0.0	0.0	0.0
824.4367726428345	-0.1419548299089683	679695.9920857328	0.0201511737344841	874.4990032924695	-0.1916643206992603	764748.5067595226	0.0367352118291089	768.2364054266012	1.418721828820594	590187.1746227852	2.012771627572051	772.4186797142029	629.5730472102688	1.402953	25.938738	0.2867952976775264	0.1552238474318272	0.0266616617	-0.0125660317	0.0083021406	-0.0342072696	-0.0694707089	0.0962456151	0.0329036758	-0.2273443407	0.0367401255	0.02216664	-0.0119150732	0.0110594049	-0.0564536809	-0.1116498747	-0.1077345957	-0.0577295645	-0.0198807561	-0.209389433	0.176167093	0.0076585551	0.190953194	-0.1903617339	-0.1369580466	-0.0690652464	-0.0243335418	-0.0465499075	0.1407088846	-0.0066224944	0.0566943278	-0.0119687358	0.0246197444	-0.0963088582	-0.0484603645	-0.0272145725	0.0735449085	0.153706959	-0.2539459439	-0.2635169856	0.1462978227	-0.0375283641	0.122558815	0.0008884481	0.0151952625	0.0178557871	-0.0125868366	-0.0602255679	0.1060777062	-0.1073009182	0.0098936608	-0.0879889874	-0.0926927564	-0.0120194685	-0.0084037422	-0.1282675751	-0.1106809024	0.0584530021	0.0299934235	-0.2072495608	0.2282364265	0.0101977524	-0.0718523754	0.021031815	-0.0570292154	-0.1181543755	0.0014474922	-0.0729134433	-0.066603812	-0.0993643757	-0.042308125498252	0.0001606955452189	0.0017899774831758	2.5823058253199593e-08	-0.109779234826405	-0.0504335853550088	0.0120514803990709	0.0025435465317609	-0.2337142691383036	0.120749486088954	0.0546223595988514	0.0145804383907464	-0.0040210326012408	0.0020834208692692	1.6168703180241355e-05	4.340642518506429e-06	4.511596212819491e-05	0.0002244744170819	5.03887639243014e-08	2.035450038752717e-09	0.0009370952983422	1.1353274157000024e-06	1.288968340840046e-12	8.781475981750568e-07	0.0	0.0	0.0	0.0	0.0	0.0	0.0	0.0	0.0
821.7177065334314	-2.719066109403116	675219.9892305625	7.393320507304596	874.8942258170481	0.3952225245785712	765439.906368012	0.1562008439342593	766.6302334047714	-1.6061720218298206	587721.9147702543	2.579788563708893	770.6364279546236	623.6337023475946	1.113725	20.591291	0.0842785620755086	0.0393564987627883	-0.0448954488	0.0185287747	0.017975429	0.0061883115	0.0285215873	0.0927847447	-0.057153876	0.0128602397	-0.0727525294	0.060126897	-0.0344757663	0.0217788397	-0.130953913	0.0651113901	0.0188842641	-0.1367659203	-0.1186369848	-0.0633569429	0.0605184705	0.1494020349	0.0115269151	-0.0239313076	-0.0613532277	0.0037315924	-0.0331364232	-0.0231032642	0.0848834598	0.030769483	-0.0195989764	0.0749810086	-0.1132714687	0.0395005868	-0.0507146949	-0.2042841875	-0.0104947481	0.0677397364	-0.0333881363	-0.0588176218	-0.0930691916	-0.0690411102	0.0797211898	0.0598537269	-0.0367877757	0.000566995	0.0438163918	-0.0725180086	0.0407287789	-0.0472447091	-0.0928072565	0.1765367551	0.0825035917	0.0219916533	-0.0932575291	-0.0454502913	-0.0315431101	0.0049654156	0.0592208413	-0.0281847465	0.0842567332	-0.0048814422	-0.0691803951	-1.54655e-05	0.065132987	-0.0594613037	-0.1289992977	-0.027309541	-0.0719655524	-0.0898496795	-0.0594945830117978	-0.0171864575135458	0.0035396054077476	0.0002953743218649	-0.102550536982946	0.007228697843459	0.0105166126354905	5.225407251202884e-05	-0.2556735528969227	-0.021959283758619	0.0653689656509355	0.0004822101431915	-0.0046049565877383	-0.0005839239864975	2.1205625174954368e-05	3.4096722200713265e-07	-0.0001281568030369	-0.000173272765165	3.002345114795813e-08	1.6424166164638782e-08	0.0009362095908071	-8.857075351000098e-07	7.84477837732935e-13	8.764883979191976e-07	0.0	0.0	0.0	0.0	0.0	0.0	0.0	0.0	0.0
823.990358455674	2.2726519222426305	678960.1108279101	5.164946759673123	873.8033817591293	-1.0908440579188436	763532.3499736906	1.1899407586968496	766.636818795834	0.0065853910625719	587732.0119333963	4.336737544700243e-05	770.409360408783	628.5204215900402	0.996312	18.420494	0.0365511071488698	0.025559945904307	-0.0026144987	0.045526297	0.0005455805	-0.1004120964	-0.0092993499	-0.0495129229	0.1588125032	0.0880417767	-0.016464948	0.0369444607	-0.1252239038	0.0072752619	-0.2265027839	0.0472055855	-0.0797882028	0.12942288	-0.0448647604	-0.0611693176	-0.0588631766	0.1199562386	0.0038874114	-0.138371147	-0.0412481816	-0.026360281	-0.0297084191	0.0938319232	-0.0349253285	-0.0197773397	-0.0216392809	0.2152685586	-0.1457497955	-0.0268831347	-0.0331213695	0.0410703281	-0.1349825587	0.1288615712	-0.022997506	-0.0157617721	0.0075799952	-0.043507086	0.1505340173	0.0278554286	-0.0088757698	0.0126971074	0.0500069671	-0.0785217331	0.0582321011	-0.0781950118	-0.0047977737	-0.0577367053	0.107458045	-0.0481459597	-0.0853208271	-0.1678119424	-0.0851363874	-0.1070437597	0.0932229094	-0.026147449	0.0420950408	-0.085021627	0.125265578	-0.0241027728	0.0445717792	0.0023956628	-0.1510923804	-0.0525423389	-0.0772216734	-0.0798077096	-0.0582045582362553	0.0012900247755425	0.0033877705994776	1.6641639215134927e-06	-0.0981779376059392	0.0043725993770068	0.0096389074325556	1.9119625311800303e-05	-0.2779073535654532	-0.0222338006685305	0.0772324971657538	0.0004943418921679	-0.0044319543373738	0.0001730022503645	1.964221924856644e-05	2.9929778631181205e-08	-0.0001280756906059	8.111243100000408e-08	6.579226462730421e-15	1.6403382524178224e-08	0.0009362198745674	1.0283760300028484e-08	1.0575572590844194e-16	8.765076535349982e-07	0.0	0.0	0.0	0.0	0.0	0.0	0.0	0.0	0.0
822.7561054106516	-1.2342530450224558	676927.6089905032	1.5233805791472044	875.9387892819523	2.135407522823016	767268.7625687324	4.559965288529129	767.202148797377	0.5653300015430887	588599.1371193127	0.3195980106447086	771.6803394618787	636.0681125185104	1.091644	20.183048	0.1226629207929831	0.0675438864208776	-0.0154731849	0.0181914938	0.0265081325	-0.0061611936	0.019409242	-0.0464680049	0.0411739109	-0.1224852065	-0.1397935639	0.0531185036	-0.1108313567	0.0815151192	-0.0104942055	-0.0286573555	0.3092877972	0.0229738719	0.0577437095	-0.0673017795	0.0685988524	0.0421777884	-0.0758002963	-0.2013803464	0.0521450096	-0.2475153553	0.1101285214	-0.0443429024	0.0199786519	0.0173325127	0.0379711466	0.1282919068	0.1267522296	0.0307361368	0.2933974772	-0.065399851	-0.0032335677	-0.0624780441	-0.0412650131	-0.0271118609	-0.0395727963	-0.06861835	0.1505793294	0.1586454491	-0.0107087583	0.0090974062	0.018861294	0.0656256548	0.1704895272	0.1821262605	-0.1093529749	-0.0367186514	-0.0410681682	0.0122285724	-0.0871812922	0.0866706649	-0.1148046239	0.0156655314	-0.0004429508	-0.0047191618	-0.0435610569	-0.0432640435	0.110486672	-0.0808077969	-0.0196526451	-0.0395837664	-0.0908220748	-0.0275098852	-0.0823644609	-0.0692973963	-0.0421004715831969	0.0161040866530583	0.0017724497075275	0.0002593416069292	-0.0390508824970936	0.0591270551088456	0.0015249714238018	0.0034960086458444	-0.257814249327339	0.0200931042381142	0.0664681871562193	0.0004037328379237	-0.004309155365359	0.0001227989720147	1.856881996280226e-05	1.5079587527891567e-08	0.0002939796439811	0.000422055334587	1.781307054533445e-07	8.64240310752543e-08	0.0009381390638249	1.919189257499937e-06	3.68328740610316e-12	8.801049030742597e-07	0.0	0.0	0.0	0.0	0.0	0.0	0.0	0.0	0.0
823.619376426341	0.8632710156894063	678348.8772249147	0.7452368465294192	869.2530280123935	-6.685761269558725	755600.8267087151	44.69940375353149	769.9128040817549	2.7106552843778218	592765.7258890306	7.34765207072541	772.0454548785561	618.8979496136429	1.16181	21.480331	0.16034976665648	0.0965303220752192	0.0384955635	0.0517497875	-0.0768556292	-0.0352172973	-0.0221488544	-0.078448099	-0.1370420011	0.107406851	-0.0195372581	-0.166158871	0.1071670594	0.0149839637	-0.0195714864	-0.0497551787	0.1691574821	-0.1351728752	0.1512561628	0.0319216569	0.0176742626	0.1367784167	0.0482466966	0.0617829938	0.0448359271	0.1693262233	0.035815576	0.0537497546	0.138906847	-0.1182948393	-0.117130953	-0.089713686	0.0646237827	-0.0326266724	0.126978197	-0.1115630986	0.1992017046	0.1204220986	0.1343466916	0.0200874716	-0.0324033301	0.076731034	-0.0019060906	-0.2561635264	0.0360085878	0.0192951227	0.130116574	0.0653207137	-0.0677585968	0.0143686429	-0.0374567256	-0.1066344205	0.1376812761	0.122392585	0.1573631342	0.0639729108	-0.2160460401	-0.0475199575	0.0603186918	-0.1566611421	-0.1426916125	0.1675192767	-0.0616572865	-0.1036949513	0.0404142721	-0.0558065822	-0.1029729268	-0.0157783314	-0.0873863672	-0.0583804184	-0.0424539175831171	-0.0003534459999201	0.001802335118154	1.2492407485958726e-07	-0.1000079696094644	-0.0609570871123708	0.0100015939854075	0.0037157664692251	-0.291492579936488	-0.033678330609149	0.0849679241580298	0.0011342299526191	-0.0030566199093995	0.0012525354559595	9.342925270537407e-06	1.5688450684356728e-06	0.0002400677852174	-5.391185876369998e-05	2.906488515357134e-09	5.76325414991877e-08	0.0009373683198473	-7.707439775999931e-07	5.940462790066588e-13	8.7865936705335e-07	0.0	0.0	0.0	0.0	0.0	0.0	0.0	0.0	0.0
826.3439867416465	2.72461031530554	682844.3844240785	7.423501370269355	875.9812109443578	6.728182931964284	767343.0819275435	45.26844556597551	770.0344866626667	0.1216825809118518	592953.1106498366	0.0148066504973693	772.5343932352567	629.4638709538111	0.955486	17.665674	0.1497439826826133	0.08626687841225	0.071714757	0.0980913348	-0.0993892623	-0.1311958481	-0.0579861749	-0.0308541951	-0.1694652323	0.0934910837	-0.027945093	-0.2140247836	0.1115326159	0.0104886873	0.1397247498	0.0766706811	0.0283633019	-0.0825818139	-0.1146477351	0.121261575	0.1898666088	0.0572765721	0.2501397332	0.0316231594	-0.0796238988	-0.0120593814	-0.2476609998	0.1615316149	-0.0785474463	-0.1717316326	-0.1116773365	-0.1759439649	0.0832190785	0.0895378362	-0.0774893683	-0.1041274546	-0.0215025653	0.0882241506	0.2132010048	-0.1712536251	0.0441588686	-0.0851187158	-0.0975560487	0.0726343707	0.0601132258	0.0731230593	0.0836870388	0.0074608151	-0.1480906163	-0.067373174	-0.1269871722	0.0654116132	0.1630472489	-0.0393686814	0.0577974202	0.2039196986	-0.0565561693	0.0225244191	0.0849453044	-0.0591083638	0.111539011	0.0061026266	-0.0354878124	-0.1319587883	0.0485636751	0.0735930693	-0.2594538144	0.0889533956	-0.092280022	-0.0471208409	-0.0419221653698542	0.0005317522132628	0.0017574679492974	2.8276041630998933e-07	-0.0341609287610822	0.0658470408483822	0.0011669690538197	0.0043358327884885	-0.2398242059384898	0.0516683739979982	0.0575156497540271	0.002669620871597	-0.0032822938252429	-0.0002256739158433	1.0773452755227667e-05	5.092871629209391e-08	0.0005477980707493	0.0003077302855319	9.469792863354473e-08	3.000827263166552e-07	0.0010379004309314	0.0001005321110841	1.010670535902582e-08	1.0772373045275855e-06	0.0	0.0	0.0	0.0	0.0	0.0	0.0	0.0	0.0
825.9453029508762	-0.398683790770292	682185.6434666147	0.15894876502297	873.6733093261719	-2.3079016181859515	763305.0514289448	5.326409879225333	769.2044389832695	-0.8300476793972393	591675.4689515664	0.6889791500727422	771.5559057938425	638.226918862026	1.094179	20.229923	0.1390387655064917	0.0823669882236066	0.1203329712	0.1359830104	-0.0384960848	-0.1930304446	-0.0758117151	-0.0261499065	-0.0084355522	0.1359155589	0.0284175566	-0.1867613301	-0.006965884	-0.0423948702	-0.1702503254	0.062465207	-0.0983091666	-0.0306419059	0.0096954147	-0.020743158	-0.002837746	-0.1041005094	0.105333652	0.1296990873	0.0142885359	-0.0635660766	-0.1636124599	-0.0845387322	0.0323710583	-0.1876101808	-0.1251981144	0.0503180409	-0.1700594209	-0.0335764995	-0.0594814177	0.0281319752	0.059839033	0.0618161506	-0.0600964325	0.0165490661	0.0209296639	-0.0218298644	-0.2049640959	0.0182556139	0.1096545646	0.0958323255	0.1088592672	-0.08506581	-0.0758379549	0.0707428807	0.0555436035	-0.0336123669	0.1884418527	0.0838311223	-0.062357949	-0.1250543858	-0.0261253782	-0.005523263	0.108031293	-0.0353430362	-0.0263098418	-0.0791571686	-0.0226063951	0.0263021302	0.0523036977	0.0645831766	0.018385777	0.11569852	-0.0970382431	-0.0355847396	-0.055372854511063	-0.0134506891412087	0.0030661530167033	0.0001809210383734	-0.1091095807665993	-0.074948652005517	0.011904900615063	0.0056173004374441	-0.2542673571795006	-0.0144431512410108	0.0646518889270477	0.0002086046177707	-0.00274771927945	0.0005345745457928	7.549961238661228e-06	2.8576994500968525e-07	0.0004582124923402	-8.958557840910001e-05	8.025575858893005e-09	2.0995868813661785e-07	0.0009381350927583	-9.97653381730999e-05	9.953122700792986e-09	8.800974522646242e-07	0.0	0.0	0.0	0.0	0.0	0.0	0.0	0.0	0.0
825.7424601348295	-0.2028428160467683	681850.6104695204	0.0411452080217831	873.8684898119294	0.1951804857575325	763646.1374861822	0.0380954220205463	767.9476547241211	-1.2567842591483895	589743.6003962778	1.5795066740431662	770.8070151680395	645.7631377533883	1.011886	18.708427	0.0785905976457475	0.0489773891788351	0.0938109954	0.1402132406	0.0168926283	-0.1457459714	-0.0296561833	-0.0930419713	0.1512858736	0.1499359456	-0.0715731111	-0.0970819085	0.0149261113	0.0201872137	0.0166170139	0.1720346986	-0.0026287622	0.2351897184	0.0596442074	0.076540546	0.1162425169	0.0866447441	0.2040836234	-0.0549856919	-0.2014104634	-0.0947674388	0.0850863879	0.095854215	-0.0705770693	-0.115063498	-0.0851449855	0.030200201	-0.0075716536	0.1478263293	0.0646881614	0.1862661523	-0.1581691767	0.121291595	0.2071846245	-0.1383016446	0.0995941313	-0.0911210089	-0.0129959874	0.2025001049	0.0847951622	0.083555	0.0975663432	-0.0314865595	-0.1427359421	-0.0312405652	-0.0008791623	-0.1508417744	0.067911976	-0.2431910567	-0.0453402338	0.1204298256	-0.0474620578	-0.0778247521	0.0863697711	0.0448344978	0.0364857211	-0.0412820419	0.0441600812	-0.0568747731	0.034843291	0.0354549904	-0.1842510106	0.0176572348	-0.1016540472	-0.023839813	-0.050285907623774	0.0050869468872889	0.0025286725055467	2.5877028634099188e-05	-0.0634379403872031	0.0456716403793961	0.0040243722805703	0.0020858987349448	-0.2430163534159533	0.0112510037635473	0.0590569480275875	0.0001265850856873	-0.002506763172302	0.000240956107148	6.283861602009586e-06	5.8059845571918544e-08	0.0005488249603253	9.06124679851e-05	8.210619354350773e-09	3.012088370760672e-07	0.0009381866499355	5.1557177199929895e-08	2.6581425208249708e-15	8.801941901171964e-07	0.0	0.0	0.0	0.0	0.0	0.0	0.0	0.0	0.0
825.7404574240246	-0.0020027108048452	681847.3030268374	4.010850567843968e-06	871.9737908009732	-1.8946990109561737	760338.2918438194	3.5898843421183035	767.8625718602594	-0.0850828638616576	589612.9292638521	0.0072390937229013	770.2747712888216	643.4172918753616	1.21856	22.529554	0.2602693354236144	0.1694510854862363	0.1436135626	0.0334582611	-0.0713849397	-0.0916699103	-0.1178874258	-0.1121703096	0.0697392087	-0.1067857883	-0.0974372488	-0.0818556911	-0.1915100589	-0.0307107806	-0.0123345421	-0.0447920787	0.1167151214	-0.0025728477	0.1875338754	0.1822723137	-0.0783868856	-0.0896122428	0.2122308635	0.0607391674	0.1658187683	-0.0773022703	-0.2456629366	-0.1582467168	0.0012671063	-0.1615427297	0.1191846047	0.1125234553	0.0369748425	0.0066593645	0.1798194108	0.0314641354	0.1335066451	0.0334046009	0.0570144587	0.0372830441	0.3099496159	0.0890722959	-0.148663345	0.0820515075	0.1320534228	0.1248536923	-0.0959203657	0.1629046502	0.0947656417	0.1099368785	-0.0585216175	-0.2644468972	0.0737551765	0.065904287	-0.0626599978	0.0781109343	-0.0382210234	0.0782460828	0.0440256949	0.0423587104	-0.0071182562	-0.2049581982	-0.0517883727	0.1247218195	0.0293134803	-0.0210584327	-0.0564255636	0.2104399922	-0.10612066	-0.0119549848	-0.0245872736261389	0.0256986339976351	0.0006045340243666	0.0006604197893444	0.0888603138900947	0.1522982542772978	0.0078961553846461	0.0231947582559124	-0.1766307386531167	0.0663856147628365	0.0311984178371456	0.0044070498474397	-0.0028242605148245	-0.0003174973425225	7.976447455596751e-06	1.0080456250884989e-07	0.000548676062857	-1.4889746830003357e-07	2.21704560661595e-14	3.010454219522586e-07	0.0009382770576616	9.040772610006877e-08	8.173556938585056e-15	8.803638369341096e-07	0.0	0.0	0.0	0.0	0.0	0.0	0.0	0.0	0.0
829.5262875706138	3.7858301465892055	688113.8617706847	14.332509898823645	876.8346063849631	4.860815583989847	768838.9269542731	23.62752814155856	770.7006293242832	2.838057464023791	593979.4600408463	8.05457016910115	773.9680701556958	642.0500549653548	1.166575	21.568415	0.3335323051039551	0.2125324128275442	0.1560780087	0.0916527893	-0.0780463815	-0.1593567839	-0.1668693633	-0.025898923	0.0668999818	0.0189379868	-0.1933464496	-0.2199964988	-0.0955686753	-0.0527315277	-0.0773112461	-0.1449032866	0.01855484	-0.1103254422	-0.0977812603	0.0086577537	-0.0301424535	-0.0396772428	-0.0924398761	0.04282998	0.1362323385	0.0984972282	-0.0858223384	-0.1540675787	-0.2813192504	-0.2201766194	-0.0049880049	0.0001804984	-0.0008004545	-0.1853186771	0.0065328075	-0.1163962815	0.0300198293	0.0190061586	-0.0382325289	-0.0450988989	0.011030731	0.1426643158	0.0035197244	-0.1540276092	0.1345556091	0.0355735256	0.0456096745	-0.0517011447	0.1231374753	0.000920229	0.1558767945	-0.0038111377	0.1196345065	0.1817514934	0.2863537709	-0.0510271379	0.029247178	0.095197625	-0.0406107593	0.2262810486	0.1098461658	0.1464709104	0.1699190565	0.3044352101	0.3194900365	-0.2110331978	-0.0320869187	0.237604021	-0.1104315261	-0.0	-0.0610857091548524	-0.0364984355287135	0.0037314638629512	0.0013321357960436	-0.1067316882655688	-0.1955920021556635	0.0113916532800185	0.038256231307261	-0.2350406275779448	-0.058409888924828	0.0552440966122341	0.0034117151242107	-0.0019642596873063	0.0008600008275182	3.858316119176643e-06	7.396014233319893e-07	0.0005490795865532	4.035236961999608e-07	1.6283137339487825e-13	3.01488392369433e-07	0.000938041838981	-2.3521868060000922e-07	5.532782770320916e-14	8.799224916788565e-07	0.0	0.0	0.0	0.0	0.0	0.0	0.0	0.0	0.0
832.3113898779924	2.785102307378565	692742.2497206355	7.7567948625654095	882.9715701328234	6.136963747860364	779638.7936628235	37.66232404255232	770.4256339882904	-0.2749953359927986	593555.6575062593	0.0756224348177921	773.2715010392038	652.4803310338096	1.178371	21.786516	0.0833669715559995	0.0654597247950174	0.2387349203	0.1838180752	-0.0396542805	-0.3328277489	-0.0770166433	0.0765109309	0.0334396776	0.056797225	0.0094066707	-0.2512851925	-0.0145707329	-0.1404496049	-0.0967584669	0.0174401398	-0.0540502759	0.0642872905	-0.0903312559	-0.0420707288	-0.0507187798	-0.0249239753	0.0388360983	0.0698795929	0.2056317853	-0.0330326085	0.0369385976	0.2103978863	0.0486853585	-0.2420234141	-0.0672619202	-0.0675581774	-0.1276484696	-0.0881596589	-0.0106431393	0.0155134179	-0.0831837799	0.0239790508	-0.0705494785	0.0186351753	-0.0009520519	0.1279581826	-0.1044021471	-0.0209500802	0.2027382666	0.0708184979	0.1069578139	-0.1475027468	-0.0986058871	-0.0184922996	0.1745394043	0.1310692863	0.151239517	-0.0114940112	0.0237130369	0.0492389119	0.0804185796	0.1188542725	-0.0492383774	-0.0006082945	0.1432793481	-0.0188839396	0.1401122028	-0.096216534	-0.0917726181	0.1201052752	0.1785238248	0.12569496	-0.1145803187	0.0119549848	-0.0609652643945537	0.0001204447602986	0.0037167634626978	1.4506940283410416e-08	-0.1285284815093916	-0.0217967932438228	0.01651957055911	0.0004751001957139	-0.2345863681090918	0.0004542594688529	0.0550307641026143	2.063516650426066e-07	-0.0007462583044689	0.0012180013828373	5.569014569887975e-07	1.4835273685938182e-06	0.0005501506683083	1.0710817551000352e-06	1.1472161261081718e-12	3.026657578400692e-07	0.000937204821913	-8.37017068000068e-07	7.005975721234305e-13	8.78352878216978e-07	0.0	0.0	0.0	0.0	0.0	0.0	0.0	0.0	0.0
827.3685370119043	-4.94285286608806	684538.6960372189	24.43179445579495	881.0617414324471	-1.909828700376352	776269.7922159763	3.647445664781225	769.3613883684267	-1.0642456198637549	591916.945912193	1.1326187393991871	772.3421049369009	668.2590532693067	1.244308	23.005594	0.0950266094712365	0.0651279009198998	0.2126320736	0.139708368	0.1925720928	-0.179182581	0.0653590147	0.1099665942	0.0774497538	-0.0745965337	0.1503150373	-0.1276011697	0.0594209393	-0.1440225351	-0.0106313702	0.0144805105	-0.0510775819	0.1440685243	0.1404760679	-0.0378048482	0.0534164254	-0.1281085036	0.0896757639	0.027420343	0.0712964731	0.0683353893	0.0393903541	-0.1466953239	0.105714045	-0.1023434531	-0.0130956492	-0.1134158178	-0.1078062214	-0.0222700023	0.080930207	0.2720207277	0.0137299109	-0.0497516094	-0.0577854802	-0.0498846886	0.143039637	0.0450159554	-0.0379832383	-0.0688061643	0.2063140754	0.0433743836	0.0764794369	-0.0353560282	-0.0265063562	-0.0323356008	0.1081125417	-0.0824915638	-0.0858130304	-0.1800679055	-0.0729518946	0.0788179216	0.0886633778	0.0823201511	-0.0154439579	-0.0181867738	-0.1348851045	-0.0439078558	-0.0869958682	0.0103919927	-0.107157262	-0.1817539812	0.2473010708	0.115161525	-0.1185609488	0.023839813	-0.0612938180326096	-0.0003285536380559	0.0037569321290146	1.0794749307976869e-07	-0.0674821571677881	0.0610463243416035	0.004553841536018	0.0037266537156202	-0.2280492856852447	0.006537082423847	0.0520064767015503	4.273344661617062e-05	-0.0006140656968896	0.0001321926075793	3.770766800965101e-07	1.7474885498614824e-08	0.0001402121912172	-0.0004099384770911	1.6804955499977032e-07	1.9659458565928657e-08	0.0009370429252288	-1.6189668420002294e-07	2.6210536354961963e-14	8.780494437213464e-07	0.0	0.0	0.0	0.0	0.0	0.0	0.0	0.0	0.0
821.1851636741557	-6.183373337748662	674345.0730385499	38.23410583398103	875.063330661045	-5.998410771402064	765735.8326676014	35.980931782472304	767.8434955668899	-1.517892801536732	589583.6336843806	2.3039985569570285	772.4440047866419	647.6394196087327	1.32057	24.41559	0.1742457793228334	0.0908754241189985	0.1545799967	-0.0366281202	0.0879415725	0.0032601085	-0.1010994802	0.1332594212	-0.0630493035	-0.0241638927	-0.0500711451	0.0162770411	-0.0033295148	-0.217716958	0.0757993256	0.1936758413	0.0911124963	-0.0404046057	0.0446639893	0.0021452731	-0.0730305173	-0.1034411458	-0.0273955973	0.0478815358	-0.1831856276	-0.1052029013	0.132200955	-0.0333579225	0.1754174769	-0.0290536206	0.124472407	-0.1321362957	-0.1661588657	0.1547575428	0.127395755	-0.0064772563	0.009856331	-0.0584801037	-0.0150578189	0.135585184	0.0142185142	-0.2131966656	-0.0960642782	0.0910311374	0.1867466186	0.084341375	-0.0105842167	0.1341835818	-0.0401443103	0.0579230915	-0.1016921266	0.0462868724	-0.1650917668	0.0641450971	-0.1688713449	0.0146341616	0.1100041773	0.0312454249	0.0563104937	0.0644171	-0.0212920487	-0.0937610249	-0.0477280033	0.1592432419	-0.0737227617	0.0411942912	0.0694250333	-0.1012518538	-0.1223675745	0.0355847396	-0.0435635836115437	0.0177302344210659	0.0018977858170799	0.0003143612126259	0.0019243374262174	0.0694064945940055	3.703074529941008e-06	0.0048172614918277	-0.1901038118635227	0.037945473821722	0.0361394592850416	0.0014398589835549	-0.0012731545334373	-0.0006590888365477	1.6209224660119493e-06	4.3439809446180093e-07	0.0002612742924421	0.0001210621012248	1.4656032352987929e-08	6.826425589111997e-08	0.001140163517177	0.0002031205919482	4.12579748733872e-08	1.2999728459014272e-06	0.0	0.0	0.0	0.0	0.0	0.0	0.0	0.0	0.0
821.5232349054664	0.3380712313107779	674900.4254895422	0.1142921574399854	869.3373562244886	-5.725974436556385	755747.4389273835	32.78678324809721	767.8573247081829	0.0138291412929447	589604.8711080079	0.0001912451489002	770.2371046417638	610.9988882623601	1.193557	22.067293	0.1572528898503451	0.1085704640302155	0.1117269687	-0.090985287	-0.0784137216	0.0530923924	-0.0926785431	0.0096987306	-0.1844205546	0.236568761	-0.0312199726	-0.0271785416	0.010547883	-0.1574497218	0.0041880546	0.1904459261	0.0788593926	-0.0388389614	0.023262215	0.1141916045	0.0605283466	0.0464634017	-0.1263328046	-0.0041712435	-0.1655756314	0.0365208608	0.1975237416	0.0617351868	0.0229452575	-0.0534678675	0.0336776269	-0.0868801365	-0.135147688	0.1711060502	0.064483751	-0.0766834725	0.0189998471	-0.0977472947	0.1694688409	-0.0492001172	-0.1162792278	0.0320940235	-0.0071443902	-0.0458709066	0.1615408985	0.0557170591	0.0677427418	0.0619688873	-0.1094358845	0.0405829019	-0.0288646414	0.0717154335	-0.0991173525	0.0964879779	0.1362674384	-0.071302799	0.0549464336	-0.1266360698	0.0312895536	-0.0594107832	0.0740533266	0.0206257684	-0.0209809597	0.0891725816	-0.0592543399	-0.1114075577	0.0025390084	-0.1863665353	-0.1259946088	0.0471208409	-0.0435869013353311	-2.3317723787399932e-05	0.0018998179680158	5.437162426254767e-10	-0.0989236415533838	-0.1008479789796012	0.0097858868581823	0.01017031486427	-0.2194266977280392	-0.0293228858645164	0.0481480756758322	0.0008598316354234	-0.0007781501828533	0.000495004350584	6.055177070746243e-07	2.450293070970876e-07	0.0002545416588948	-6.732633547299979e-06	4.532835448222909e-11	6.479145611291672e-08	0.0011796006786945	3.943716151749992e-05	1.5552897085573762e-09	1.391457761176525e-06	0.0	0.0	0.0	0.0	0.0	0.0	0.0	0.0	0.0
824.067226468969	2.5439915635025727	679086.793740259	6.4718930751722645	874.5994578157918	5.2621015913031215	764924.211611677	27.689713157194845	768.4758515987756	0.6185268905927614	590555.1344904634	0.3825755143863499	772.310645228938	634.9643705964284	1.11545	20.623182	0.0957926400827717	0.0554098848244763	0.1551993618	-0.0055788757	0.0618855297	-0.0871425764	-0.086831186	0.0841831387	-0.1191434446	0.2657098464	0.0297142577	-0.0933252268	0.0221898302	-0.1522815858	-0.1061330908	0.1804032507	-0.0468447843	0.0672870555	-0.0390220719	-0.0874437517	0.0991482273	0.0289166776	-0.0839754931	0.1340133093	-0.0333896296	-0.0899373185	0.204339119	0.0459335064	-0.1530556834	-0.1134692054	-0.0456979115	-0.0671372809	-0.2200341337	0.0829423113	0.0011689155	0.0245257809	-0.074817544	0.0399430069	-0.0302485071	-0.0571413321	-0.1860386074	0.0234429138	-0.0706809986	0.054389286	0.18281498	0.0444923755	0.1253072032	0.0052578246	-0.1568843186	0.0061646614	-0.0302685067	0.1555914783	0.011437168	-0.1113290479	-0.0374835807	-0.0824511388	0.1128947899	-0.001624103	-0.0638255913	-0.0237641895	0.0314554305	-0.0731395418	0.1714250638	-0.052148351	-0.052552218	-0.0254570984	0.0595679127	-0.1933975725	-0.1294367287	0.0583804184	-0.0436493473004162	-6.244596508509642e-05	0.0019052655197523	3.899498555409081e-09	-0.0724683273120661	0.0264553142413177	0.0052516584634087	0.0006998836516068	-0.2655290497956031	-0.0461023520675639	0.0705056762853558	0.0021254268661616	-0.0009113155469247	-0.0001331653640713	8.30496026066665e-07	1.77330141882685e-08	0.000549979238452	0.0002954375795572	8.72833634146169e-08	3.024771627282419e-07	0.001144753066147	-3.484761254749988e-05	1.214356100260671e-09	1.310459582452958e-06	0.0	0.0	0.0	0.0	0.0	0.0	0.0	0.0	0.0
823.8414582294639	-0.2257682395051006	678714.7482976496	0.0509712979692324	874.670308059521	0.0708502437291827	765048.1478009373	0.0050197570364845	768.3420518119381	-0.1337997868375851	590349.508582579	0.0179023829577832	771.6639731306778	631.6797574694145	1.289043	23.832697	0.2627659680490685	0.1401734373958067	0.1133849454	-0.0635989724	-0.0287004952	0.0148915815	-0.0840132669	-0.1030652943	0.0890687935	0.1287024796	0.0694295221	-0.0308185343	-0.0972498274	-0.077071653	-0.033949002	-0.004094602	-0.0544196651	0.0086605717	0.2274326196	0.0681820971	-0.1896391582	0.0050060994	-0.002808835	-0.1545145611	0.0086707595	-0.1703068227	0.1033106309	-0.137568755	0.0032579974	-0.0682332904	0.0661230815	0.0910927015	-0.0929071501	-0.0204088071	0.0356620983	0.1712679811	0.1581937261	-0.0644756695	0.0336451858	0.1970983526	0.0958220022	0.002673021	0.0994120225	0.0529640339	0.1468205828	0.0854905143	-0.0516682333	0.2350278085	0.064020228	0.1340709536	0.0366114549	-0.1624780965	0.0085549464	-0.0255012504	-0.01930973	-0.1770295838	0.2292465532	-0.0349462477	0.0034448965	0.0302124641	-0.1144785874	-0.0241073608	-0.0547704767	-0.0095278494	0.023932588	-0.0597372117	0.0620519233	-0.006388588	-0.1326888823	0.0692973963	-0.0269340721208521	0.016715275179564	0.0007254442410112	0.0002794004243285	0.0272319208454945	0.0997002481575606	0.0007415775129352	0.0099401394826791	-0.1884766360488043	0.0770524137467988	0.0355234423362734	0.0059370744642078	-0.0018375414566303	-0.0009262259097056	3.376558604835005e-06	8.578944358099664e-07	0.0007877455814573	0.0002377663430052	5.653283386611396e-08	6.205431011054997e-07	0.001366721432739	0.0002219683665919	4.926995576752048e-08	1.867927474708145e-06	0.0	0.0	0.0	0.0	0.0	0.0	0.0	0.0	0.0
825.2311841855179	1.3897259560540078	681006.5073522322	1.9313382329302264	878.0927151454969	3.4224070859759195	771046.8163915907	11.712870262138184	770.2069826665914	1.8649308546533805	593218.7961483751	3.477967092638188	773.9984750496714	631.1967648726243	1.117271	20.656857	0.2042469215060776	0.1440218531453766	0.1695924188	-0.0371963764	-0.0383283627	-0.0608337248	-0.1461814795	-0.0352994306	0.0417980325	-0.0344728064	-0.0761580517	-0.1839829383	0.0002290247	-0.1070229856	0.0379736875	0.0362381121	-0.0304654623	-0.0128014313	0.0549003399	-0.1749560425	0.0358297298	-0.0873883156	0.0356704445	-0.0826766684	0.0611178598	0.0576118416	0.0057224255	-0.2156832945	-0.2695266595	-0.1699727355	0.0235241832	-0.1392020358	0.0037004191	-0.012571367	0.0144395857	0.1411694918	0.1495349036	0.0359334977	-0.1512115584	-0.1468550898	-0.0202454856	0.04174244	0.1170356431	-0.0633605716	0.1794966258	0.0918606719	0.0486501097	0.0206250943	-0.1652739382	0.0003174503	0.0963835987	-0.0865032731	-0.1576054488	-0.032978043	0.1483374084	-0.113381788	0.0711418688	0.010116783	-0.0194133286	-0.1246844634	0.0124279188	0.0556737816	-0.0565690114	0.0284396352	0.0949352488	-0.0864252905	-0.0585647994	-0.074449468	-0.1357462967	0.0798077096	-0.0270674186349708	-0.0001333465141187	0.0007326451515607	1.7781292827609174e-08	-0.1107533029576899	-0.1379852238031844	0.0122662941160378	0.0190399219880148	-0.2059251796461438	-0.0174485435973394	0.0424051796122966	0.0003044516736682	-0.0011138679596466	0.0007236734969837	1.2407018315272795e-06	5.237033302366174e-07	0.0005387402405081	-0.0002490053409492	6.200365982122737e-08	2.902410467427254e-07	0.0013658041188432	-9.17313895799996e-07	8.414647834277663e-13	1.86542089104905e-06	0.0	0.0	0.0	0.0	0.0	0.0	0.0	0.0	0.0
825.2868085007365	0.0556243152185516	681098.3162853313	0.0030940644435327	878.2256849481819	0.132969802685011	771280.3537027033	0.0176809684260907	769.5968041330013	-0.6101785335901013	592279.2409317292	0.3723178428541664	772.9217230646234	630.1403271102281	1.161022	21.46575	0.1516081564683379	0.1001443539593985	0.1019743714	0.0010617375	-0.0798755874	-0.0982615086	-0.025630021	-0.089281916	-0.1090693217	0.0905940534	-0.0221662318	-0.1691365837	-0.0087667355	-0.0666317996	0.0273764093	0.0955830096	0.0699318922	-0.0183770526	0.1373999624	0.1139694477	0.0885628595	-0.1421349648	-0.0946026657	-0.0474540209	0.1173342045	0.0324755067	-0.0796148196	0.0567366555	0.1064521007	-0.1522077689	-0.0331761042	-0.0729575298	-0.0234672089	0.0818781085	0.1020974981	0.0543883615	0.1053334942	-0.2109352688	0.1499883908	0.0173168351	-0.0853988087	-0.0402407328	0.0030407584	-0.0846105843	0.1179249529	0.1000220805	0.0170558171	0.121615806	0.0079666593	0.2284329489	-0.0703376328	0.0545098041	-0.0399493704	-0.054323652	0.0124850966	0.1393609693	0.0833544053	-0.0563238677	-0.0069191367	0.1009054454	-0.1013128283	0.09332021	0.0238908066	-0.0956481072	-0.0074292137	-0.006245294	-0.1379316494	-0.0225845066	-0.1386044847	0.0898496795	-0.026694131766888	0.0003732868680828	0.0007125766707879	1.3934308588306612e-07	-0.0308750313774197	0.0798782715802702	0.0009532675625566	0.0063805382706514	-0.2054369513043639	0.0004882283417798	0.0422043409612315	2.383669137171405e-07	-0.0023290072827732	-0.0012151393231266	5.424274923210604e-06	1.4765635746085715e-06	0.000739909503935	0.0002011692634269	4.04690725477215e-08	5.474660740133378e-07	0.0013668629258538	1.0588070106000175e-06	1.1210722856957457e-12	1.8683142580736108e-06	0.0	0.0	0.0	0.0	0.0	0.0	0.0	0.0	0.0
828.8143385068947	3.5275300061582584	686933.2077146214	12.443467944346883	882.9075673135479	4.68188236536605	779525.7724195272	21.9200224831256	771.8514821034557	2.254677970454395	595754.7104253012	5.08357275045235	774.9869511001989	641.5284228957031	1.250362	23.117533	0.4885770452577018	0.2156951013461791	0.0556689799	0.1208802927	0.0204083428	-0.1238262526	0.1321415289	0.044317827	-0.0503480243	-0.0165904177	-0.0534096094	-0.1987074602	0.1627715862	0.0152814886	0.1082750539	-0.0609685823	0.0946180077	0.0965212781	0.0946713992	0.1317794073	0.1049476334	0.0564247378	-0.2462703661	-0.0678294501	0.1405149224	0.140121727	0.025884745	-0.0175467965	0.1696937733	-0.0840156267	-0.1531668766	-0.1847536691	0.132853344	-0.0281900497	0.0938189011	0.0639778868	0.0090858733	-0.1086987818	0.1477095242	0.0208674004	-0.1188845509	0.049623607	0.0997175118	-0.153731336	0.0520088823	0.0359047805	0.1522197289	0.0116332591	-0.0013348131	-0.0156292325	0.0329641791	-0.0695162018	0.0203444889	0.1840518749	0.0122712285	0.2264056254	-0.2272031581	-0.1379356537	0.114946647	-0.2047604503	-0.1681673278	0.1156350777	-0.1516409265	-0.136755593	-0.0598632822	0.1227350924	0.0311709661	0.0132952167	-0.1412592515	0.0993643757	-0.0752990907057835	-0.0486049589388955	0.0056699530611178	0.0023624420334517	-0.104350498534103	-0.0734754671566833	0.0108890265443158	0.0053986442738928	-0.366295283668677	-0.160858332364313	0.1341722348379165	0.0258754030910278	-0.0037779805571585	-0.0014489732743853	1.427313709026765e-05	2.0995235498828584e-06	-0.0013429858183224	-0.0020828953222574	4.338452923481758e-06	1.8036109082150864e-06	0.0007859657865403	-0.0005808971393135	3.374414864626078e-07	6.177422176119124e-07	0.0	0.0	0.0	0.0	0.0	0.0	0.0	0.0	0.0
826.3421162453956	-2.472222261499155	682841.2930809188	6.111882910251997	882.6122856568754	-0.2952816566725005	779004.4467924539	0.0871912567672564	769.1580827101221	-2.693399393333607	591604.1561983111	7.254400292009842	773.4581674023678	644.976487287718	1.295181	23.946186	0.0613477299234194	0.033723238246006	0.0231597917	0.078638347	0.1003366764	-0.0522228877	0.0655304715	0.2506750753	-0.0936748872	-0.0197847033	-0.042152693	-0.0007936324	0.1072839796	-0.0881239543	0.0715177845	0.0910747297	0.0343554332	0.0536550384	-0.1945246255	0.1047609149	-0.1856525476	0.0960398826	-0.014653125	-0.200387317	-0.0594547813	0.1042922995	-0.177132324	0.0452550972	-0.0378851236	0.0202300815	-0.0111471561	-0.1792143264	-0.0556003788	0.0817975825	2.95194e-05	-0.0502492445	-0.1947160044	-0.0661445943	-0.0610505138	0.0712664924	0.1724316328	0.0476119376	0.2089838594	0.1556972644	0.0306196261	-0.009475399	0.1000303812	-0.0242652928	0.1433870537	-0.2036367233	-0.0699179622	0.2006881565	-0.0693752613	-0.0705352109	-0.1133698919	0.2417473825	0.0734569856	-0.1790538654	-0.0321800808	0.1633228759	0.0137892019	0.148605473	0.0556544454	0.1152993278	0.1303713091	0.2893417036	0.0755610081	0.0973624389	-0.1437067008	0.1082959623	-0.0791482513542831	-0.0038491606484996	0.0062644456924407	1.4816037697957904e-05	-0.0796851999035794	0.0246652986305235	0.0063497310836734	0.0006083769565329	-0.3458499904668457	0.0204452932018312	0.1196122159059172	0.0004180100141088	-0.0035309830049688	0.0002469975521897	1.2467840981378496e-05	6.100779078770373e-08	-0.0013423898329125	5.959854098998817e-07	3.5519860881353e-13	1.80201046350685e-06	0.000786131797792	1.660112516999957e-07	2.755973569099932e-14	6.18003203499682e-07	0.0	0.0	0.0	0.0	0.0	0.0	0.0	0.0	0.0
825.9896331045351	-0.3524831408604996	682258.8739961644	0.1242443645908828	883.5868001359232	0.974514479047798	780725.6333744399	0.9496784698738012	768.7557884792112	-0.4022942309109112	590985.4623202938	0.1618406482242015	774.2764793948123	640.4213503925968	1.319372	24.393446	0.2004291314079085	0.09278158423622	0.0340952188	-0.0252626638	0.1204354561	0.0363998933	0.10042803	0.2233342164	-0.053926114	-0.0161263756	0.0445144463	0.1364905389	0.0374286508	-0.1435072238	-0.0123357723	-0.1775472594	0.1133089194	0.0896144712	-0.1105193057	0.1230143321	-0.2551742361	-0.1391523861	-0.1363174167	-0.112673738	-0.196900164	-0.0306928633	-0.1725871799	-0.0543477736	-0.0106717411	0.1366964256	0.0847125962	-0.0660576892	-0.072626443	-0.1587718675	0.1201473236	-0.08583283	-0.1220852787	-0.1792974956	0.0091015512	0.2536334512	0.0810512552	-0.0167933796	0.0779501479	0.005265877	0.0386204075	-0.0935387681	0.0488236777	0.1870171767	0.3314150534	-0.1296983734	0.037021982	0.064222539	-0.144714072	0.1569436212	0.0221187516	-0.1366345991	-0.1140480511	0.004089837	-0.0845659284	-0.0770228401	0.1209463754	-0.1126187666	0.1868942163	-0.0886326428	-0.3380173756	0.0437855882	0.1736640408	0.0391995587	-0.1459432408	0.1165920251	-0.0141851126821421	0.064963138672141	0.000201217421805	0.0042202093861358	-0.026066259115538	0.0536189407880414	0.0006794498642783	0.0028749908112314	-0.3744908347983369	-0.0286408443314911	0.1402433853479552	0.0008202979640207	-0.0035928709691158	-6.188796414700014e-05	1.2908721800715108e-05	3.8301201062603755e-09	-0.0007631553875617	0.0005792344453508	3.35512542680849e-07	5.824061455644485e-07	0.0003631300549651	-0.0004230017428269	1.789304744345949e-07	1.3186343681895657e-07	0.0	0.0	0.0	0.0	0.0	0.0	0.0	0.0	0.0
824.6395284793493	-1.350104625185736	680030.3519306437	1.8227824989479169	879.382120368186	-4.204679767737275	773312.9136232467	17.679331949219186	769.8225680657152	1.0667795865040262	592626.7863032927	1.138018686181701	775.4507774051867	635.2525175316244	1.271736	23.512716	0.1432501015974899	0.0667385431823869	0.0012711121	-0.0867151516	0.0865643045	0.1122086355	-0.0452957441	0.1977019873	0.0210491694	0.0050894306	0.0367994369	0.062169209	0.048235005	-0.0183306403	0.0402983532	-0.2402264579	0.0805001357	0.0545800649	-0.1133169028	0.0142065894	0.0034988897	0.2008839656	0.1037351551	-0.0847534983	0.2720354311	-0.0097542288	-0.1455339118	-0.0564715741	0.054789447	0.1040238952	0.0563163774	-0.0903417484	0.0860062104	-0.1994556765	-0.0010557345	-0.125816671	-0.091535387	0.155984892	0.0468437193	0.0162060308	0.0326755199	0.2064496106	0.2194049015	0.0532606793	0.0122679249	-0.0866484107	0.0308205754	0.1514992791	0.1255162867	-0.2231456074	0.0135693128	0.0636945061	-0.1926842295	-0.0927392282	0.2284757897	-0.0982516023	-0.008711664	0.1454026843	-0.289453237	-0.1210009251	0.0515926428	-0.0464766498	-0.0722881316	-0.1211233848	0.1130903883	0.068373872	-0.1987151665	-0.0608935882	-0.1479655889	0.1242038795	-0.0175466860803936	-0.0033615733982515	0.0003078861924038	1.1300175711832144e-05	-0.0699246211701307	-0.0438583620545926	0.0048894526457862	0.0019235559221117	-0.3915490177989795	-0.0170581830006426	0.1533106333393455	0.0002909816072834	-0.003999992025037	-0.0004071210559212	1.59999362003596e-05	1.657475541743931e-07	-4.1627617238138015e-05	0.0007215277703235	5.206023233480908e-07	1.732858516924925e-09	0.0008139208916004	0.0004507908366353	2.032123783943538e-07	6.624672177835902e-07	0.0	0.0	0.0	0.0	0.0	0.0	0.0	0.0	0.0
824.396691812661	-0.2428366666883903	679629.9054716595	0.0589696466883283	876.9480971968576	-2.434023171328363	769037.9651771892	5.924468798563381	768.7072525744168	-1.1153154912984746	590910.8401605082	1.2439286451303575	773.5234734886571	627.8333687540357	1.708416	31.58634	0.4687163557324252	0.2570231802740949	-0.1720880197	0.0194634618	0.1640699102	0.0888127902	0.2342746204	-0.0339628892	0.0561440297	0.176885476	0.066342194	0.1034016505	0.1554004051	0.0592305638	-0.2679058946	-0.0789668625	-0.0145611572	-0.044458309	-0.1239529593	0.110088308	-0.02783478	-0.0475174997	-0.1221246493	0.0463512082	-0.047899889	-0.1675584239	0.072602932	0.1039012875	-0.1253207937	0.1829271909	-0.2156389473	0.1029307793	-0.1193247538	-0.1416026742	-0.0306858188	-0.0890229972	-0.025178571	-0.1860161359	0.0452734263	0.0190287218	-0.0680599716	0.006690842	-0.010358873	0.1562033792	-0.1668205185	-0.1905223447	0.1624153331	0.0945878581	0.0054853741	0.0770832262	0.1986736111	0.2635764953	0.0555614769	0.0499268892	-0.0931924482	0.0322768182	0.1528256098	0.0319670412	0.0944417046	0.1453959752	-0.154452391	-0.1285552182	-0.0871532559	-0.0557792636	0.1458364881	0.1414317157	-0.0285466825	-0.141445823	-0.1497707771	0.1310868562	-0.0223710274190267	-0.0048243413386331	0.0005004628677828	2.327426935164421e-05	-0.1683867524350404	-0.0984621312649097	0.0283540983956195	0.0096947912932283	-0.5544147299889488	-0.1628657121899693	0.307375692828719	0.0265252402071459	-0.0077630319074403	-0.0037630398824033	6.026466439593619e-05	1.416046915655784e-05	-0.0001389201266865	-9.729250944836198e-05	9.465832394759604e-09	1.9298801598593213e-08	0.0006229698646738	-0.0001909510269266	3.6462294684323126e-08	3.8809145229169284e-07	0.0	0.0	0.0	0.0	0.0	0.0	0.0	0.0	1.0
821.8463453539537	-2.5503464587072813	675431.4153716501	6.50426705944077	877.9240616251914	0.975964428333782	770750.6579804728	0.952506565372886	768.4789369691093	-0.2283156053074435	590559.8765651723	0.0521280156269043	773.8144536771273	628.6481382850734	1.24655	23.047058	0.2435198519675772	0.1307777445013247	-0.1834958843	-0.0669604491	0.1483009125	0.158132536	0.1073144396	0.0744910996	0.1513888206	-0.0337055285	0.1251166542	0.1643829984	0.2090019756	0.0486770174	0.054055515	-0.0294022009	-0.1673096981	-0.0751581162	0.0286198787	-0.0170298104	0.102255421	0.0111999024	0.167174563	0.0024265396	0.0944393064	-0.0988310906	-0.0598120331	-0.0468473191	-0.1327152381	0.2334125337	-0.0692315075	-0.0922678067	0.0271411052	-0.0259390819	-0.1658248988	0.0596651929	0.083161945	0.1535911814	0.0436441549	-0.1959981125	0.1096006569	0.0122218785	-0.0461934598	0.0666939259	-0.1884451361	-0.1631101786	-0.0174245598	0.1089787049	-0.1465102867	-0.1877129129	0.1584369382	-0.1182570646	0.0633043918	-0.0054824916	-0.1579409381	0.0153226349	0.0783092274	-0.0327752213	-0.0570978748	0.1003901664	0.0160275297	-0.1650932265	-0.2038152668	0.0359846734	0.1573600555	-0.1078238399	-0.0037968544	-0.0984352456	-0.1513561561	0.1372005631	-0.0118053676190044	0.0105656598000223	0.0001393667046198	0.0001116331670098	-0.1137871233078584	0.054599629127182	0.0129475094306777	0.0029811195008258	-0.4838293341392159	0.0705853958497328	0.234090824573597	0.0049822981072634	-0.0094464849614801	-0.0016834530540398	8.923607812746969e-05	2.8340141851559303e-06	-0.0003740683534747	-0.0002351482267882	5.5294688561634744e-08	1.399271330712731e-07	0.0008597519276586	0.0002367820629847	5.606574535133777e-08	7.391733771126785e-07	0.0	0.0	0.0	0.0	0.0	0.0	0.0	0.0	0.0
822.9627558832357	1.1164105292820068	677267.6975709301	1.2463724698917305	872.5970336185412	-5.327028006650153	761425.5830798775	28.3772273836351	769.1322267640312	0.653289794921875	591564.3822469971	0.4267875561490655	774.0919165109333	614.8049910712359	1.213339	22.433022	0.320339977345735	0.2228999889644432	-0.1586591263	-0.0941171359	-0.0435322832	0.1460930652	-0.0029346947	-0.1073350005	0.144310463	-0.1006381032	-0.1108063749	0.1335637626	0.0016916339	0.1435903434	0.0941595775	-0.1141450736	-0.1564894538	-0.0012171072	0.0744009943	0.0005295056	-0.0295461939	0.151372044	-0.0669803021	0.1102738042	-0.0234725655	-0.0287506316	-0.0635513698	0.0466731126	-0.0193643866	0.1337871354	0.0533559163	0.0991269542	0.1481697754	-0.0875457213	-0.161482232	0.1009095365	0.0576350331	0.0921117098	0.0336411376	0.1047374829	-0.0569193553	-0.0158832498	-0.0576286193	0.1660225207	-0.1606114157	-0.0557326576	-0.1751383787	-0.0122023629	-0.0087644142	-0.040922926	-0.072079235	-0.0880054284	0.1379029967	-0.0088616808	0.0173717858	-0.0911319027	0.0986454133	-0.0788644589	-0.1507565897	0.0505109914	-0.0757119845	0.0167057664	0.066875833	-0.0992164193	-0.0227551019	-0.0294400571	0.0007818513	0.20433945	-0.152719399	0.1425091225	-0.017227117497228	-0.0054217498782235	0.0002967735772632	2.93953717420176e-05	-0.0200954732658118	0.0936916500420466	0.0004038280457769	0.0087781252876013	-0.2813904379148511	0.2024388962243648	0.0791805785499116	0.0409815067045391	-0.0093580032409472	8.848172053290033e-05	8.75722246575783e-05	7.829014868462277e-09	-0.0002618462542693	0.0001122220992054	1.2593799550066641e-08	6.856346087486292e-08	0.0010348017319423	0.0001750498042837	3.064243397976171e-08	1.070814624430784e-06	0.0	0.0	0.0	0.0	0.0	0.0	0.0	0.0	0.0
822.7347847407898	-0.227971142445881	676892.5260224737	0.0519708417880801	877.6737314502844	5.076697831743218	770311.178877866	25.77286087482629	769.7444136277685	0.6121868637372927	592506.4623111571	0.3747727561325025	775.0353666857669	621.5658436188331	0.964276	17.828192	0.2264557490421094	0.1607207118658319	-0.120051056	-0.0667927012	-0.0290989141	0.1205641046	0.0347674774	-0.0040451033	0.0764651656	-0.2339195906	0.0468602365	0.0911281626	0.0581422165	0.0688560974	0.1932690468	-0.0805901572	-0.0654932254	0.1062905265	-0.0210422066	-0.2146636692	-0.0400154421	0.0293621049	-0.0814177738	0.0290335483	-0.0567743128	0.0962659695	0.0042714574	0.0862832693	0.0853912202	0.1206762504	0.0590328025	-0.0712235411	0.1709915394	-0.0227730721	-0.0973314232	0.1144247799	-0.0998493217	0.0418984074	-0.0993095505	0.0626740148	-0.1460383606	-0.226396912	0.0068790465	-0.0538253973	-0.1409996277	-0.0529014369	-0.1180444319	-0.1299000114	-0.040429789	0.0242223251	0.0472103438	0.0269581815	-0.0873969829	-0.0154612273	0.0444282476	-0.0699262745	-0.0409159576	0.0441167396	0.0109504153	-0.1495742743	-0.014565435	0.1303064395	-0.0384399205	-0.0191894676	-0.0669697588	0.0014781856	0.0844959862	0.0020841526	-0.1538585052	0.1469813818	-0.0228796265568291	-0.0056525090596011	0.0005234773113799	3.1950858668872534e-05	-0.1779254000822732	-0.1578299268164614	0.0316574479944369	0.0249102857988895	-0.291887611646203	-0.0104971737313519	0.0851983778325246	0.0001101906563461	-0.0087062720141551	0.000651731226792	7.57991723844603e-05	4.247535919759355e-07	-0.0006560021576202	-0.0003941559033509	1.5535887614636405e-07	4.303388308023578e-07	0.0010311660733914	-3.6356585509001063e-06	1.3218013098733064e-11	1.063303470913438e-06	0.0	0.0	0.0	0.0	0.0	0.0	0.0	0.0	0.0
821.3858454221662	-1.348939318623593	674674.7070598867	1.8196372853286835	875.246646045299	-2.427085404985405	766056.6914135449	5.890743563093168	768.2592609333542	-1.485152694414296	590222.2920098637	2.2056785257260434	772.3399261675382	611.0590725631839	0.920752	17.023478	0.0956459024202309	0.0571660049684817	-0.1832002266	-0.0848576705	-0.0930422573	0.1439193544	0.0449189184	-0.0044985469	-0.089376026	-0.0301154833	0.126594644	0.1319014083	0.0005225418	0.0924861699	0.0557633812	0.0648022182	-0.1866681966	-0.0811584729	-0.0723083247	-0.0455221739	-0.0715759134	0.0193453685	0.0215681038	0.091740834	0.0390479066	0.075594156	0.0035215139	0.1404415963	0.0553404402	0.1251867267	0.0312198534	0.0256447335	0.0064658296	0.0694346929	-0.2517495863	-0.0742953341	-0.0122973748	0.0176001206	-0.038020562	0.0332517459	-0.0877221217	-0.0447005109	-0.1328657164	-0.1566804267	-0.1755713813	-0.0543882382	-0.1490463899	-0.1179197379	-0.0767214561	0.0282263331	-0.0564160415	0.0948809302	0.0107880996	0.0460311741	-0.0556250174	-0.0146896226	0.0348938391	0.0261513772	0.0091216768	0.0513026427	0.0335493406	0.1263800906	-0.0632244736	0.0353884963	-0.0517858952	0.0354022385	0.034416162	-0.0003820314	-0.1547718027	0.1505910958	-0.0230908882143836	-0.0002112616575545	0.0005331891185291	4.4631487952675344e-08	-0.1285384024038478	0.0493869976784253	0.0165221208925335	0.0024390755396887	-0.285774097593972	0.006113514052231	0.081666834855649	3.737505406682638e-05	-0.0091971438744668	-0.0004908718603117	8.458745544764219e-05	2.409551832458698e-07	-0.0009607480563067	-0.0003047458986864	9.287006276624249e-08	9.23036827697102e-07	0.0010281012517492	-3.064821642199912e-06	9.393131698496964e-12	1.056992183848272e-06	0.0	0.0	0.0	0.0	0.0	0.0	0.0	0.0	0.0
820.1680981648748	-1.2177472572914212	672675.7092473877	1.4829083826407787	871.5016062447195	-3.745039800579548	759515.0496871261	14.0253231079249	766.4854184276653	-1.77384250568889	587499.8966622332	3.14651723498864	771.0834355354309	623.6064833533354	0.900069	16.641088	0.0807032787998006	0.052910686269993	-0.1533423837	-0.0917384212	-0.0062933613	0.179962146	0.0067482868	-0.0753451085	0.0687459661	0.0160549531	0.1140304495	0.219079145	-0.0957574839	0.0861070038	0.0013172349	0.0656081764	-0.1659936883	0.0341359716	0.0234064344	-0.0583480857	0.0210196082	-0.0034950012	0.0636693539	0.0533530155	-0.0929225413	0.1439989961	-0.0237370866	0.0369825926	0.0079089487	0.1528416341	0.0804491522	0.1666159843	-0.0196947642	0.0882359952	-0.1444860351	0.077395916	-0.0430070423	0.0713856782	-0.0267441623	-0.0304913727	-0.0089832308	-0.080030429	-0.0532683809	-0.1071335629	-0.1687292408	-0.0570846469	-0.1777617166	-0.1516870363	-0.1042304602	0.0021209922	-0.0265417401	-0.0815326107	0.0149360831	-0.0985688942	-0.0736529152	-0.0614753677	-0.0493520558	-0.0424370047	0.0407825734	-0.0042109381	0.0037947859	-0.0102169111	0.0041655413	0.0496826318	-0.0494542636	-0.0518568364	0.0586697096	0.0455721165	-0.1554579513	0.1533170814	-0.0232268391758054	-0.0001359509614217	0.0005394860580987	1.84826639115115e-08	-0.1161694350520861	0.0123689673517617	0.0134953376403208	0.0001529913533489	-0.2643792193430698	0.0213948782509021	0.069896371620451	0.0004577408153709	-0.0100632031615165	-0.0008660592870496	0.0001012680578699	7.500586886850327e-07	-0.000960848192014	-1.001357073000548e-07	1.0027159876482246e-14	9.232292480965728e-07	0.0009581910297919	-6.991022195730005e-05	4.887439134118957e-09	9.181300495736618e-07	0.0	0.0	0.0	0.0	0.0	0.0	0.0	0.0	0.0
820.0986774042651	-0.0694207606096597	672561.8406802249	0.0048192420036236	868.2855373768324	-3.2160688678870883	753919.7744177746	10.34309896299254	767.8959328273558	1.4105143996904417	589664.1636527949	1.989550871734087	771.68255898827	608.2186967940261	1.058302	19.566603	0.1866294579216272	0.1123167246738053	-0.1888266717	-0.1761706826	-0.1227045361	0.217346585	-0.073718993	-0.2138631122	0.011099284	-0.2115552475	-0.1094436788	0.1451023244	-0.1703937944	0.2010428954	0.1665781859	-0.022341922	0.1353857998	-0.0583840236	0.1125933628	-0.0744238118	0.1591627012	-0.0305484391	-0.0831508963	0.1600315053	-0.0230915583	-0.0297806804	0.0856849477	-0.0391734894	-0.0257832014	0.0944121911	0.1541163447	0.1393662109	0.2773156126	0.110988351	0.0830081847	-0.0236523688	0.1050081955	0.0114402028	-0.0163437138	-0.0743012539	-0.109036866	0.0475142301	-0.0970926407	0.0204402812	-0.1810674617	-0.0557149967	-0.2450100909	-0.0757993328	-0.0640342552	0.1565745255	-0.2064771071	-0.0916844202	-0.0042385421	-0.0379209136	0.0323329868	0.1021109592	-0.0971048459	0.0579662833	-0.0693730566	0.115753005	0.0259582662	0.0187745819	0.142713634	0.0070890978	-0.0653605977	-0.0965067736	-0.0166173325	0.0708317339	-0.155915944	0.1551433414	-0.0229321177804564	0.000294721395349	0.0005258820258967	8.686070087646235e-08	-0.0200241482911422	0.0961452867609439	0.0004009665147856	0.0092439161663441	-0.2154674218222254	0.0489117975208444	0.0464262098667168	0.00239236393672	-0.0106543186098336	-0.0005911154483171	0.0001135145050398	3.494174732391263e-07	-0.0007970025494825	0.0001638456425315	2.6845394576560094e-08	6.352130638816048e-07	0.0010287829838331	7.059195404120005e-05	4.9832239753549e-09	1.0583944278245367e-06	0.0	0.0	0.0	0.0	0.0	0.0	0.0	0.0	0.0
824.1038791820281	4.005201777762977	679147.2036828668	16.041641280595712	869.9778828567333	1.6923454799009503	756861.516659884	2.8640332233411785	769.0838042205235	1.1878713931677112	591489.8979143124	1.4110384467061992	772.0718351916263	613.7512047325921	1.001036	18.50783	0.2166119104572133	0.1825849504334663	-0.1272986325	-0.074497535	-0.1713475702	0.0775065712	-0.0080223396	-0.1908447784	-0.2052416274	-0.0561419335	0.0347153027	0.0670984204	-0.1368141388	0.1535565428	0.0419564319	-0.0354247487	0.0330669235	-0.1021587128	-0.1269831744	-0.0853568533	-0.012537034	-0.1245299962	-0.0856211719	0.1588559616	-0.0847016582	-0.0361628513	0.1688871866	-0.0464939898	-0.0366518907	0.030730272	0.0722222086	0.1128027252	0.1391804168	0.0285022963	-0.0269244719	-0.1412911479	0.0094351388	-0.1034618368	-0.1825057265	0.0395174362	-0.089960608	0.1408512878	-0.1685199143	-0.1113955883	-0.1612926153	-0.0326942754	-0.1851263835	-0.212345751	-0.0997094697	0.107473041	0.0120227849	-0.0130678708	-0.0009859327	0.0914469843	0.0872873177	0.0119710618	-0.130843617	0.1069651487	0.1169556818	-0.0931153793	0.028995957	0.0847823395	0.0692825413	0.1004978338	-0.1317190702	0.1321579129	-2.21833e-05	-0.024903989	-0.1561451084	0.1560591586	-0.0284638825992686	-0.0055317648188122	0.0008101926126249	3.0600422010648376e-05	-0.2007837163962733	-0.1807595681051311	0.0403141007698991	0.0326740214615535	-0.2388958730923605	-0.023428451270135	0.0570712381805612	0.000548892328917	-0.0105913656161013	6.295299373229937e-05	0.0001121770256139	3.963079419858924e-09	-0.000748828052258	4.8174497224499967e-05	2.320782182833355e-09	5.6074345184851e-07	0.0010020679495272	-2.671503430589999e-05	7.136930579654132e-10	1.0041401754696471e-06	0.0	0.0	0.0	0.0	0.0	0.0	0.0	0.0	0.0
