#!ascii label  , from subject sub-v1s11x0050167_ses-1 vox2ras=TkReg
4795
66372  -14.282  -11.754  57.857 0.0000000000
71404  -26.733  -6.641  45.136 0.0000000000
62371  -16.969  -15.659  68.184 0.0000000000
78597  -13.360  1.190  51.891 0.0000000000
133422  -46.122  6.287  35.931 0.0000000000
66448  -3.768  -11.037  51.327 0.0000000000
129803  -6.160  6.174  65.543 0.0000000000
67345  -26.475  -10.622  59.805 0.0000000000
70313  -32.251  -7.566  54.313 0.0000000000
140638  -24.300  -9.369  57.413 0.0000000000
58532  -22.665  -19.339  67.317 0.0000000000
148829  -20.118  -15.212  55.190 0.0000000000
82323  -52.712  5.040  40.021 0.0000000000
66438  -10.811  -11.729  51.642 0.0000000000
129874  -18.608  -2.811  62.882 0.0000000000
81239  -10.013  4.549  60.099 0.0000000000
74921  -10.959  -2.843  63.249 0.0000000000
72197  -3.150  -6.459  63.147 0.0000000000
76860  -42.799  -0.396  49.584 0.0000000000
73149  -40.441  -4.210  53.656 0.0000000000
141619  -14.192  -11.084  65.521 0.0000000000
62378  -5.363  -14.967  66.646 0.0000000000
59516  -10.524  -18.971  64.017 0.0000000000
74100  -18.620  -3.191  45.523 0.0000000000
69309  -17.870  -8.687  57.849 0.0000000000
68535  -3.965  -9.299  45.718 0.0000000000
131921  -4.607  7.458  61.280 0.0000000000
75859  -3.368  -2.003  55.144 0.0000000000
78646  -6.757  1.238  50.184 0.0000000000
64331  -27.781  -13.242  63.466 0.0000000000
71247  -26.060  -6.707  62.446 0.0000000000
66346  -24.282  -10.951  65.159 0.0000000000
59480  -24.907  -18.759  66.812 0.0000000000
62426  -23.328  -14.649  62.974 0.0000000000
83185  -48.198  7.563  42.858 0.0000000000
141966  -46.397  4.100  45.104 0.0000000000
66411  -13.176  -10.861  54.805 0.0000000000
63439  -6.344  -15.284  56.032 0.0000000000
136112  -7.080  -13.741  58.994 0.0000000000
135574  -15.245  -6.304  61.499 0.0000000000
75826  -15.940  -1.671  64.009 0.0000000000
72235  -13.874  -5.257  57.992 0.0000000000
125471  -11.107  -3.905  56.279 0.0000000000
71321  -42.293  -6.244  54.702 0.0000000000
130305  -39.691  -9.129  56.314 0.0000000000
70386  -29.765  -7.278  49.923 0.0000000000
71373  -34.227  -6.207  48.503 0.0000000000
75073  -30.578  -2.342  46.171 0.0000000000
65341  -14.786  -12.398  68.787 0.0000000000
60453  -13.168  -17.478  64.792 0.0000000000
58517  -14.437  -19.975  67.484 0.0000000000
61474  -18.127  -16.648  62.288 0.0000000000
132262  -17.430  -12.253  56.290 0.0000000000
65385  -17.380  -13.075  62.273 0.0000000000
132081  -17.428  -9.511  63.627 0.0000000000
82452  -48.543  5.855  28.459 0.0000000000
68475  -2.726  -10.028  48.962 0.0000000000
62595  -4.727  -15.692  44.356 0.0000000000
81231  -9.116  4.991  64.191 0.0000000000
87462  -9.961  11.467  61.588 0.0000000000
128063  -8.591  12.120  65.541 0.0000000000
87453  -5.522  11.533  62.009 0.0000000000
83865  -1.856  6.688  64.564 0.0000000000
68362  -4.585  -9.097  56.689 0.0000000000
73090  -1.775  -4.717  58.951 0.0000000000
70323  -4.892  -7.577  54.102 0.0000000000
72291  -7.102  -5.333  50.541 0.0000000000
83079  -2.309  6.962  52.129 0.0000000000
141078  -34.712  -9.578  58.774 0.0000000000
70225  -30.486  -7.046  61.019 0.0000000000
128956  -27.891  -7.428  55.938 0.0000000000
130642  -25.125  -8.832  51.499 0.0000000000
59465  -19.503  -19.130  68.177 0.0000000000
56324  -16.226  -21.404  66.978 0.0000000000
67466  -22.773  -10.807  49.103 0.0000000000
142765  -22.745  -12.864  55.871 0.0000000000
132120  -21.550  -17.488  62.027 0.0000000000
84132  -51.429  8.447  37.814 0.0000000000
89397  -48.359  13.690  35.729 0.0000000000
89363  -50.821  13.656  40.188 0.0000000000
66467  -7.468  -11.864  50.579 0.0000000000
148839  -2.205  -17.175  50.941 0.0000000000
62524  -4.191  -16.330  53.051 0.0000000000
74971  -14.632  -2.193  57.651 0.0000000000
79495  -11.320  2.859  56.278 0.0000000000
133788  -13.847  0.532  61.540 0.0000000000
77627  -10.384  0.198  63.340 0.0000000000
76687  -8.090  -0.790  67.218 0.0000000000
77605  -4.431  -0.260  67.204 0.0000000000
74917  -6.755  -2.841  63.174 0.0000000000
72249  -7.621  -5.789  55.942 0.0000000000
128202  -47.627  -0.292  49.548 0.0000000000
74048  -44.529  -3.034  51.670 0.0000000000
76792  -41.761  0.063  54.407 0.0000000000
77743  -38.585  1.791  53.835 0.0000000000
70352  -36.266  -7.164  52.751 0.0000000000
126252  -14.516  -11.827  61.437 0.0000000000
64337  -9.453  -13.415  61.990 0.0000000000
62409  -11.468  -15.774  63.264 0.0000000000
138442  -7.852  -17.064  65.035 0.0000000000
75975  -16.444  -1.512  48.968 0.0000000000
67473  -18.859  -10.099  48.790 0.0000000000
124575  -18.105  -6.861  51.498 0.0000000000
74019  -15.786  -3.899  54.281 0.0000000000
72222  -18.405  -5.986  59.233 0.0000000000
70205  -17.122  -6.936  64.616 0.0000000000
138608  -8.183  -8.987  45.673 0.0000000000
84829  -8.045  8.156  57.237 0.0000000000
76691  -1.797  -0.014  64.449 0.0000000000
78512  -4.673  1.255  60.240 0.0000000000
81259  -4.194  4.144  56.357 0.0000000000
77747  -2.837  0.278  51.591 0.0000000000
73182  -5.922  -3.970  46.765 0.0000000000
65363  -26.579  -11.495  65.041 0.0000000000
63348  -26.128  -13.652  66.092 0.0000000000
135682  -26.278  -17.932  66.296 0.0000000000
63336  -24.872  -14.677  65.858 0.0000000000
78753  -46.618  1.957  42.373 0.0000000000
77846  -49.033  0.231  45.496 0.0000000000
66380  -14.132  -11.187  56.395 0.0000000000
65418  -9.936  -12.529  57.057 0.0000000000
125458  -10.950  -12.541  57.893 0.0000000000
69296  -14.425  -8.413  59.510 0.0000000000
72220  -14.458  -5.465  59.625 0.0000000000
69308  -14.528  -8.402  58.097 0.0000000000
126555  -14.479  -7.775  55.768 0.0000000000
68414  -38.104  -9.605  53.263 0.0000000000
67396  -36.422  -10.284  54.645 0.0000000000
70409  -28.217  -7.175  47.920 0.0000000000
72334  -30.459  -5.435  46.386 0.0000000000
73203  -28.803  -4.431  44.924 0.0000000000
63326  -16.293  -13.813  68.554 0.0000000000
62369  -14.727  -15.256  69.141 0.0000000000
135984  -15.137  -16.824  69.477 0.0000000000
71414  -24.809  -6.582  43.993 0.0000000000
61457  -17.623  -16.244  64.354 0.0000000000
63379  -17.402  -14.491  62.330 0.0000000000
63358  -17.118  -14.074  65.456 0.0000000000
65350  -16.906  -12.591  65.096 0.0000000000
82422  -46.173  4.894  31.809 0.0000000000
67451  -2.911  -10.589  50.779 0.0000000000
137485  -2.402  -12.757  48.145 0.0000000000
65505  -1.837  -13.180  50.005 0.0000000000
80462  -13.987  3.322  50.066 0.0000000000
81309  -12.931  4.594  51.791 0.0000000000
135018  -8.511  6.025  65.489 0.0000000000
85681  -9.577  9.116  65.295 0.0000000000
84791  -7.636  8.572  65.054 0.0000000000
88278  -7.102  12.102  63.681 0.0000000000
84789  -5.660  8.247  64.292 0.0000000000
85687  -2.917  8.805  62.934 0.0000000000
82963  -3.761  6.513  65.407 0.0000000000
67401  -4.425  -10.068  53.668 0.0000000000
70302  -3.926  -8.710  55.359 0.0000000000
69376  -3.447  -9.223  53.299 0.0000000000
147216  -3.658  -8.872  50.769 0.0000000000
68356  -30.823  -9.734  58.665 0.0000000000
69301  -28.920  -8.111  60.356 0.0000000000
69299  -24.992  -7.846  59.688 0.0000000000
70242  -26.510  -7.131  58.890 0.0000000000
69332  -25.311  -8.291  56.735 0.0000000000
69373  -26.461  -8.136  53.483 0.0000000000
68396  -24.457  -9.483  54.532 0.0000000000
58519  -21.005  -19.864  67.995 0.0000000000
141106  -19.730  -21.709  68.204 0.0000000000
67407  -23.660  -10.538  53.336 0.0000000000
127097  -23.569  -11.116  56.374 0.0000000000
60457  -23.707  -17.191  65.338 0.0000000000
61475  -22.480  -16.385  62.019 0.0000000000
59520  -21.837  -18.300  64.031 0.0000000000
129317  -19.985  -18.795  65.078 0.0000000000
84133  -54.121  7.410  38.282 0.0000000000
87656  -52.301  11.628  38.835 0.0000000000
85029  -51.803  8.929  39.890 0.0000000000
84107  -45.775  7.949  43.609 0.0000000000
85025  -47.228  8.864  41.689 0.0000000000
149660  -54.271  5.561  35.963 0.0000000000
66469  -9.240  -11.800  50.713 0.0000000000
62563  -6.475  -15.277  51.045 0.0000000000
62537  -8.050  -14.994  52.054 0.0000000000
62465  -2.841  -15.550  57.467 0.0000000000
137338  -2.137  -16.721  55.832 0.0000000000
74963  -16.334  -2.624  59.868 0.0000000000
76723  -13.796  -0.469  59.154 0.0000000000
75830  -16.490  -0.777  62.174 0.0000000000
74923  -12.866  -2.227  62.737 0.0000000000
76697  -14.163  -0.395  65.481 0.0000000000
75810  -11.815  -2.249  66.441 0.0000000000
76692  -9.069  -0.481  65.420 0.0000000000
73936  -9.630  -3.555  66.916 0.0000000000
74892  -7.610  -3.354  66.153 0.0000000000
74919  -8.635  -2.770  62.727 0.0000000000
71325  -11.769  -6.668  52.707 0.0000000000
73122  -8.844  -4.557  55.847 0.0000000000
70341  -9.848  -7.488  52.093 0.0000000000
69378  -7.701  -8.708  52.604 0.0000000000
143833  -43.584  -3.124  49.354 0.0000000000
73163  -42.630  -4.494  50.725 0.0000000000
73129  -41.184  -5.008  55.737 0.0000000000
74022  -42.533  -3.462  55.094 0.0000000000
133967  -40.954  -1.605  53.978 0.0000000000
142433  -40.106  1.268  53.990 0.0000000000
75933  -40.192  -1.340  52.237 0.0000000000
142030  -33.783  -7.615  56.736 0.0000000000
70278  -36.465  -8.195  56.524 0.0000000000
70315  -34.249  -7.524  54.127 0.0000000000
66352  -14.478  -11.369  63.068 0.0000000000
62432  -13.371  -14.801  61.699 0.0000000000
125795  -13.833  -15.396  62.986 0.0000000000
58526  -10.847  -19.355  66.073 0.0000000000
60417  -9.864  -18.034  66.386 0.0000000000
131925  -9.099  -17.993  65.009 0.0000000000
56370  -17.001  -20.623  62.903 0.0000000000
57501  -14.995  -20.754  64.389 0.0000000000
75047  -17.803  -2.256  47.238 0.0000000000
64479  -21.131  -13.183  51.552 0.0000000000
66502  -20.499  -11.107  47.775 0.0000000000
65493  -19.082  -12.817  51.400 0.0000000000
134458  -17.488  -10.852  56.924 0.0000000000
68411  -17.700  -9.097  53.213 0.0000000000
70328  -17.759  -7.679  54.190 0.0000000000
72279  -17.356  -5.409  52.304 0.0000000000
71292  -17.766  -6.470  55.981 0.0000000000
73107  -17.062  -5.121  56.969 0.0000000000
70240  -18.363  -7.459  58.425 0.0000000000
68307  -15.152  -9.323  66.695 0.0000000000
69270  -17.178  -8.198  65.027 0.0000000000
68309  -14.379  -9.313  65.531 0.0000000000
68315  -14.325  -9.041  63.193 0.0000000000
76862  -45.053  -0.457  49.877 0.0000000000
77815  -45.353  1.222  47.195 0.0000000000
68515  -6.122  -9.754  45.996 0.0000000000
65554  -7.226  -12.612  46.446 0.0000000000
64318  -7.531  -12.909  64.769 0.0000000000
65373  -5.819  -12.879  63.574 0.0000000000
143394  -10.595  4.379  58.514 0.0000000000
83016  -11.495  6.779  56.689 0.0000000000
82994  -10.858  6.988  59.024 0.0000000000
90820  -9.793  15.194  62.923 0.0000000000
85701  -3.209  9.130  60.298 0.0000000000
126304  -6.833  7.679  59.785 0.0000000000
73939  -3.307  -4.319  65.803 0.0000000000
76678  -1.717  0.159  66.299 0.0000000000
73944  -1.458  -4.272  64.668 0.0000000000
74000  -2.583  -3.523  56.914 0.0000000000
147675  -3.037  -1.261  60.248 0.0000000000
77660  -3.717  0.340  58.503 0.0000000000
79485  -4.836  2.691  57.988 0.0000000000
126438  -3.606  1.742  56.251 0.0000000000
78566  -2.927  2.271  54.025 0.0000000000
75886  -3.341  -1.412  53.342 0.0000000000
126091  -5.180  -7.592  47.887 0.0000000000
73174  -6.710  -4.671  48.389 0.0000000000
71388  -4.549  -6.967  45.701 0.0000000000
71408  -5.449  -6.671  44.680 0.0000000000
128768  -8.003  -1.440  47.547 0.0000000000
132653  -26.408  -11.041  61.816 0.0000000000
69290  -27.077  -8.131  61.646 0.0000000000
140631  -26.206  -9.805  63.858 0.0000000000
68318  -24.733  -8.626  64.022 0.0000000000
67337  -23.640  -10.270  61.687 0.0000000000
58522  -24.168  -19.244  67.283 0.0000000000
65394  -23.321  -12.258  60.524 0.0000000000
64330  -23.613  -13.253  63.883 0.0000000000
61443  -24.229  -16.167  65.445 0.0000000000
130810  -49.606  6.107  39.992 0.0000000000
81410  -47.074  4.285  40.709 0.0000000000
127100  -46.488  5.178  43.277 0.0000000000
82282  -44.643  6.289  45.006 0.0000000000
143120  -12.251  -10.856  53.206 0.0000000000
63479  -9.224  -14.163  53.948 0.0000000000
64416  -9.539  -13.348  55.592 0.0000000000
63427  -7.039  -14.403  57.422 0.0000000000
63407  -3.488  -14.939  59.154 0.0000000000
72207  -16.903  -4.718  62.678 0.0000000000
74927  -18.083  -1.738  63.905 0.0000000000
134403  -15.853  -3.811  61.876 0.0000000000
74949  -13.706  -3.231  60.260 0.0000000000
74961  -12.034  -2.641  59.989 0.0000000000
74968  -10.648  -2.691  59.108 0.0000000000
73116  -12.729  -4.406  56.851 0.0000000000
70307  -13.932  -7.382  54.229 0.0000000000
70379  -40.970  -6.772  51.061 0.0000000000
127090  -40.170  -8.234  52.160 0.0000000000
69349  -41.301  -7.999  55.607 0.0000000000
135831  -40.229  -6.953  55.796 0.0000000000
124884  -30.705  -7.490  52.200 0.0000000000
70363  -32.878  -7.451  51.365 0.0000000000
71356  -32.028  -6.999  49.026 0.0000000000
66335  -14.125  -11.023  67.236 0.0000000000
63357  -14.512  -14.996  64.644 0.0000000000
63344  -14.553  -14.599  66.498 0.0000000000
59491  -14.052  -18.064  66.051 0.0000000000
57497  -11.798  -20.224  65.527 0.0000000000
73213  -19.853  -4.579  43.982 0.0000000000
61498  -18.863  -16.375  58.908 0.0000000000
63466  -18.146  -14.150  54.751 0.0000000000
63418  -17.546  -14.590  58.338 0.0000000000
142785  -17.434  -12.494  58.958 0.0000000000
135371  -17.492  -11.043  59.883 0.0000000000
68332  -17.635  -9.439  60.794 0.0000000000
66349  -17.214  -10.956  63.177 0.0000000000
139392  -16.355  -10.569  66.314 0.0000000000
78663  -40.202  1.387  50.059 0.0000000000
68491  -2.860  -9.436  47.192 0.0000000000
65565  -5.199  -13.127  46.016 0.0000000000
142608  -3.159  -12.638  46.577 0.0000000000
61636  -2.824  -15.989  44.816 0.0000000000
82119  -9.632  5.277  61.558 0.0000000000
83893  -10.639  7.431  61.066 0.0000000000
84802  -10.616  8.417  62.999 0.0000000000
87449  -9.634  11.664  64.455 0.0000000000
85698  -2.313  9.152  61.448 0.0000000000
82978  -2.262  6.786  62.729 0.0000000000
71255  -3.957  -7.214  59.688 0.0000000000
72209  -1.487  -6.157  60.945 0.0000000000
71272  -3.842  -6.899  58.759 0.0000000000
72239  -3.933  -5.199  57.223 0.0000000000
73133  -5.553  -4.314  54.650 0.0000000000
74026  -5.426  -3.476  53.390 0.0000000000
70339  -6.304  -6.970  51.903 0.0000000000
70380  -4.687  -8.261  49.815 0.0000000000
80450  -4.592  3.873  51.245 0.0000000000
66393  -34.149  -10.849  56.671 0.0000000000
67363  -32.138  -10.660  57.849 0.0000000000
68338  -32.974  -8.442  60.315 0.0000000000
70261  -31.788  -7.493  57.602 0.0000000000
71250  -28.510  -6.543  61.249 0.0000000000
70259  -29.157  -7.154  57.902 0.0000000000
70290  -30.120  -7.485  55.292 0.0000000000
70348  -28.521  -7.502  52.828 0.0000000000
70372  -27.511  -7.654  50.058 0.0000000000
69430  -26.199  -8.155  47.885 0.0000000000
147914  -17.854  -17.358  68.054 0.0000000000
139062  -16.387  -19.024  69.568 0.0000000000
133605  -18.198  -20.986  68.742 0.0000000000
124288  -18.176  -21.649  66.306 0.0000000000
69444  -24.460  -8.691  46.985 0.0000000000
68468  -23.971  -9.696  49.911 0.0000000000
66454  -22.774  -11.748  52.217 0.0000000000
63458  -21.573  -14.431  55.623 0.0000000000
64374  -22.898  -13.669  59.932 0.0000000000
62459  -22.062  -15.172  58.656 0.0000000000
61509  -20.517  -16.369  58.460 0.0000000000
60486  -19.399  -17.497  61.717 0.0000000000
60455  -18.603  -17.656  64.774 0.0000000000
84151  -48.564  7.418  37.903 0.0000000000
86816  -46.818  10.146  36.296 0.0000000000
87653  -49.135  11.821  37.994 0.0000000000
90231  -50.317  15.932  37.860 0.0000000000
147329  -49.741  10.363  42.686 0.0000000000
87647  -47.619  11.207  39.440 0.0000000000
81466  -50.963  4.766  36.241 0.0000000000
66465  -5.433  -11.961  50.620 0.0000000000
133063  -3.379  -13.857  50.229 0.0000000000
136603  -5.026  -14.597  50.311 0.0000000000
61575  -2.911  -16.422  51.547 0.0000000000
62515  -5.459  -15.872  54.546 0.0000000000
76771  -13.285  -0.580  54.505 0.0000000000
125675  -12.320  1.658  54.190 0.0000000000
77672  -12.599  0.448  56.572 0.0000000000
78528  -12.158  1.289  58.472 0.0000000000
78515  -11.552  1.843  60.187 0.0000000000
76709  -15.539  0.483  63.655 0.0000000000
77644  -12.316  1.017  62.249 0.0000000000
79463  -9.668  2.818  61.253 0.0000000000
79460  -8.737  2.417  62.733 0.0000000000
79455  -8.156  2.331  64.882 0.0000000000
79450  -7.326  2.405  66.597 0.0000000000
80353  -5.648  3.203  66.655 0.0000000000
76682  -6.234  -1.141  67.702 0.0000000000
74890  -5.636  -3.474  66.758 0.0000000000
73960  -4.824  -4.180  62.435 0.0000000000
73986  -8.447  -2.914  58.673 0.0000000000
73984  -6.660  -3.744  58.696 0.0000000000
149989  -5.466  -5.596  59.357 0.0000000000
70282  -6.324  -8.097  56.108 0.0000000000
68403  -5.922  -9.521  53.635 0.0000000000
75060  -48.898  -1.640  47.376 0.0000000000
129887  -45.990  -2.395  48.304 0.0000000000
75017  -46.630  -2.055  50.826 0.0000000000
76808  -44.867  -0.851  52.090 0.0000000000
73151  -43.341  -4.204  53.279 0.0000000000
148064  -43.693  -2.266  53.535 0.0000000000
77757  -42.751  0.910  52.162 0.0000000000
79553  -41.107  2.756  52.973 0.0000000000
68368  -36.820  -9.924  57.642 0.0000000000
70318  -37.885  -7.741  54.743 0.0000000000
72280  -38.953  -5.825  52.169 0.0000000000
71348  -35.634  -6.600  50.296 0.0000000000
72295  -37.742  -5.499  50.162 0.0000000000
74053  -39.328  -3.074  50.577 0.0000000000
66364  -14.500  -11.586  59.631 0.0000000000
141220  -11.766  -13.623  59.443 0.0000000000
63401  -12.501  -14.349  60.579 0.0000000000
133412  -10.378  -14.572  62.626 0.0000000000
63343  -8.860  -14.817  65.726 0.0000000000
61453  -11.886  -16.803  64.337 0.0000000000
61438  -9.422  -16.647  66.404 0.0000000000
61435  -6.728  -15.946  66.069 0.0000000000
127935  -15.133  -20.762  67.425 0.0000000000
57499  -13.200  -20.583  65.061 0.0000000000
58564  -11.729  -19.492  62.862 0.0000000000
76831  -14.542  -0.198  50.768 0.0000000000
69465  -22.278  -8.589  45.313 0.0000000000
126870  -20.258  -8.132  45.288 0.0000000000
144578  -18.902  -7.199  46.689 0.0000000000
143672  -17.985  -11.485  52.190 0.0000000000
141530  -18.449  -7.969  49.448 0.0000000000
72310  -18.268  -5.452  48.668 0.0000000000
74051  -17.063  -3.565  49.836 0.0000000000
75001  -16.008  -3.006  51.179 0.0000000000
75903  -14.319  -1.598  52.786 0.0000000000
74978  -14.971  -3.083  55.375 0.0000000000
73992  -16.300  -3.859  58.103 0.0000000000
73082  -18.554  -4.822  60.904 0.0000000000
69283  -18.355  -7.652  61.713 0.0000000000
71230  -18.630  -6.160  63.205 0.0000000000
72194  -18.197  -5.517  63.638 0.0000000000
71228  -15.883  -6.558  63.113 0.0000000000
128966  -14.438  -8.752  61.598 0.0000000000
78697  -48.224  2.078  47.474 0.0000000000
79633  -44.215  3.410  46.218 0.0000000000
65390  -8.625  -12.463  60.558 0.0000000000
63386  -4.546  -14.034  61.104 0.0000000000
82176  -11.939  5.370  54.327 0.0000000000
86604  -11.165  10.279  59.562 0.0000000000
80349  -2.893  3.408  66.534 0.0000000000
124347  -1.917  4.010  65.079 0.0000000000
80361  -3.904  3.558  64.185 0.0000000000
74915  -1.709  -2.816  62.404 0.0000000000
77634  -3.506  0.464  62.790 0.0000000000
149024  -6.344  3.618  62.475 0.0000000000
81242  -7.556  4.306  59.371 0.0000000000
143318  -7.815  4.786  56.194 0.0000000000
83034  -2.982  6.167  54.189 0.0000000000
144291  -2.563  4.081  52.706 0.0000000000
78626  -4.369  1.119  50.956 0.0000000000
144092  -5.272  -3.040  51.105 0.0000000000
75018  -4.329  -2.087  49.187 0.0000000000
127698  -5.603  -1.029  48.348 0.0000000000
74097  -6.798  -3.705  45.568 0.0000000000
134897  -27.851  -13.736  65.357 0.0000000000
61430  -26.237  -16.146  66.185 0.0000000000
77856  -48.652  -0.193  44.366 0.0000000000
76949  -49.615  -1.547  45.278 0.0000000000
66371  -13.930  -11.812  56.998 0.0000000000
65420  -11.423  -12.465  57.333 0.0000000000
65422  -13.575  -12.448  57.683 0.0000000000
141472  -14.613  -10.053  58.919 0.0000000000
141479  -14.503  -8.687  58.766 0.0000000000
130706  -14.603  -10.367  57.383 0.0000000000
68363  -14.656  -9.732  57.089 0.0000000000
71393  -27.895  -6.561  46.108 0.0000000000
72332  -28.727  -5.927  45.891 0.0000000000
71405  -27.894  -5.942  45.289 0.0000000000
74116  -27.661  -3.746  44.584 0.0000000000
137838  -26.674  -5.312  44.313 0.0000000000
62370  -16.528  -14.758  68.585 0.0000000000
62367  -15.362  -15.189  69.463 0.0000000000
61411  -15.971  -15.976  69.477 0.0000000000
71415  -25.592  -6.369  44.231 0.0000000000
127000  -17.394  -15.893  66.207 0.0000000000
62404  -17.423  -15.519  64.751 0.0000000000
62383  -17.113  -15.122  66.619 0.0000000000
144354  -16.845  -13.727  66.507 0.0000000000
82395  -45.699  5.066  33.805 0.0000000000
83297  -46.912  6.303  32.558 0.0000000000
137243  -46.170  7.195  34.720 0.0000000000
81482  -45.738  4.307  34.122 0.0000000000
81515  -45.782  4.119  31.553 0.0000000000
66447  -3.170  -10.839  51.154 0.0000000000
144151  -2.289  -12.052  50.166 0.0000000000
65506  -2.684  -12.129  50.343 0.0000000000
78631  -13.611  1.785  51.090 0.0000000000
128551  -13.352  3.222  51.256 0.0000000000
79542  -12.920  2.381  52.040 0.0000000000
133928  -7.690  5.754  65.677 0.0000000000
83868  -8.033  7.903  65.385 0.0000000000
82971  -6.762  7.237  65.226 0.0000000000
84790  -6.696  8.427  64.584 0.0000000000
82970  -5.904  6.929  65.136 0.0000000000
83873  -5.205  7.609  64.661 0.0000000000
82964  -5.175  6.338  65.454 0.0000000000
67435  -4.148  -10.589  52.124 0.0000000000
68419  -3.500  -9.639  53.113 0.0000000000
67434  -3.494  -10.399  51.872 0.0000000000
67452  -3.148  -10.221  51.508 0.0000000000
67350  -27.273  -10.306  58.461 0.0000000000
68354  -28.501  -9.489  58.503 0.0000000000
68344  -27.500  -9.168  59.713 0.0000000000
68352  -24.344  -9.063  58.438 0.0000000000
69312  -25.155  -8.140  58.097 0.0000000000
69331  -24.694  -8.807  56.874 0.0000000000
69358  -24.780  -9.024  55.177 0.0000000000
68374  -24.497  -9.248  56.037 0.0000000000
125551  -21.646  -19.547  67.366 0.0000000000
57467  -21.304  -20.874  68.389 0.0000000000
57472  -22.074  -20.599  68.161 0.0000000000
68384  -24.069  -10.129  54.939 0.0000000000
68365  -23.919  -10.193  57.320 0.0000000000
59477  -22.852  -18.769  66.497 0.0000000000
59508  -22.456  -18.295  64.838 0.0000000000
59494  -22.249  -18.786  65.669 0.0000000000
58542  -21.305  -19.195  65.776 0.0000000000
82328  -53.567  5.679  39.401 0.0000000000
85033  -53.018  8.890  39.284 0.0000000000
144930  -51.885  6.974  39.740 0.0000000000
81423  -53.706  3.926  39.434 0.0000000000
66452  -10.117  -11.670  51.008 0.0000000000
64474  -9.051  -13.863  51.411 0.0000000000
64458  -9.536  -13.906  52.093 0.0000000000
148772  -1.837  -16.282  58.240 0.0000000000
60541  -1.938  -16.610  56.980 0.0000000000
73970  -17.206  -2.880  60.624 0.0000000000
74951  -15.895  -1.809  60.281 0.0000000000
74940  -17.613  -1.821  62.060 0.0000000000
74922  -11.907  -2.475  63.014 0.0000000000
74903  -12.666  -2.114  65.672 0.0000000000
128968  -11.336  -3.250  65.240 0.0000000000
74886  -10.575  -3.017  67.112 0.0000000000
73948  -10.065  -3.579  65.508 0.0000000000
74901  -9.211  -3.477  65.151 0.0000000000
74920  -9.459  -2.951  63.187 0.0000000000
69366  -11.809  -8.916  51.669 0.0000000000
70342  -10.671  -7.347  52.026 0.0000000000
69365  -10.846  -8.873  51.267 0.0000000000
68442  -9.381  -9.908  50.909 0.0000000000
72307  -41.542  -5.303  49.499 0.0000000000
73144  -40.816  -4.372  55.114 0.0000000000
74020  -41.331  -3.680  55.305 0.0000000000
74038  -40.636  -3.141  53.306 0.0000000000
75916  -40.624  -1.078  53.287 0.0000000000
74046  -40.267  -2.891  52.126 0.0000000000
124899  -32.852  -7.566  55.202 0.0000000000
70293  -33.893  -7.551  55.035 0.0000000000
70314  -33.188  -7.544  54.270 0.0000000000
65376  -14.492  -11.969  63.694 0.0000000000
64329  -14.511  -12.984  63.512 0.0000000000
65368  -14.480  -12.376  64.313 0.0000000000
136562  -10.183  -18.984  64.951 0.0000000000
59503  -9.742  -18.606  65.506 0.0000000000
60465  -9.733  -18.483  64.461 0.0000000000
76011  -18.169  -0.902  46.264 0.0000000000
129669  -18.367  -2.652  46.095 0.0000000000
64448  -20.744  -14.139  53.501 0.0000000000
64478  -20.446  -13.349  51.596 0.0000000000
64461  -19.425  -13.593  52.434 0.0000000000
68364  -17.676  -9.355  57.288 0.0000000000
144836  -17.637  -9.107  55.798 0.0000000000
69330  -17.784  -8.472  56.073 0.0000000000
71293  -17.854  -7.092  55.332 0.0000000000
131771  -18.003  -7.249  56.164 0.0000000000
71285  -18.111  -6.790  56.794 0.0000000000
69310  -18.119  -8.173  58.323 0.0000000000
140539  -14.349  -9.869  66.387 0.0000000000
69263  -15.054  -8.887  66.322 0.0000000000
142658  -14.171  -10.076  65.619 0.0000000000
135924  -14.227  -9.868  64.608 0.0000000000
76861  -43.681  -0.450  50.035 0.0000000000
147977  -43.796  -0.465  48.240 0.0000000000
68536  -4.944  -9.721  45.843 0.0000000000
135075  -6.863  -11.073  46.548 0.0000000000
66512  -6.164  -11.615  46.487 0.0000000000
64297  -6.286  -13.967  66.562 0.0000000000
81243  -10.336  4.641  59.336 0.0000000000
82132  -10.655  5.624  58.624 0.0000000000
82993  -10.566  6.552  59.646 0.0000000000
84808  -3.250  8.371  60.782 0.0000000000
85709  -3.781  9.709  59.671 0.0000000000
84809  -5.308  8.244  60.391 0.0000000000
72188  -2.875  -5.592  64.910 0.0000000000
73058  -2.341  -4.812  65.535 0.0000000000
72190  -1.949  -6.155  64.180 0.0000000000
125658  -3.287  -2.410  56.016 0.0000000000
75842  -3.760  -1.471  57.852 0.0000000000
76743  -4.132  -0.893  57.046 0.0000000000
77665  -3.968  0.622  57.718 0.0000000000
125438  -4.196  -0.127  56.391 0.0000000000
76770  -3.742  -0.296  54.592 0.0000000000
75871  -3.455  -1.712  54.287 0.0000000000
69440  -3.754  -8.143  46.261 0.0000000000
70419  -4.650  -7.002  46.282 0.0000000000
69455  -4.005  -7.958  45.711 0.0000000000
69456  -4.642  -7.979  45.309 0.0000000000
79571  -7.339  2.381  50.372 0.0000000000
79584  -8.528  2.616  49.625 0.0000000000
142970  -8.199  0.910  49.326 0.0000000000
141689  -26.637  -12.043  62.314 0.0000000000
67338  -26.449  -10.016  62.569 0.0000000000
66351  -26.554  -10.789  64.102 0.0000000000
66340  -25.419  -11.041  65.522 0.0000000000
67325  -25.191  -9.825  65.164 0.0000000000
67330  -24.309  -9.611  64.434 0.0000000000
68323  -23.827  -9.430  62.291 0.0000000000
67334  -23.652  -10.218  62.665 0.0000000000
147136  -24.503  -18.982  67.087 0.0000000000
57480  -24.477  -21.098  66.954 0.0000000000
57481  -25.131  -20.555  66.713 0.0000000000
139084  -23.520  -11.755  63.042 0.0000000000
65361  -23.872  -11.586  64.660 0.0000000000
60423  -24.889  -16.993  66.270 0.0000000000
62395  -24.548  -15.596  65.677 0.0000000000
60422  -24.415  -17.476  66.257 0.0000000000
60421  -24.100  -18.019  66.500 0.0000000000
80542  -49.182  3.756  39.954 0.0000000000
78774  -47.799  2.247  40.413 0.0000000000
79643  -46.722  2.535  43.943 0.0000000000
80521  -46.330  3.711  43.153 0.0000000000
80517  -46.261  4.573  44.705 0.0000000000
82292  -45.938  6.405  45.322 0.0000000000
82275  -45.185  5.618  45.946 0.0000000000
67389  -12.924  -10.649  54.145 0.0000000000
65450  -11.323  -12.071  54.380 0.0000000000
65437  -11.313  -12.061  55.290 0.0000000000
64389  -8.735  -13.155  57.586 0.0000000000
64401  -8.281  -13.770  57.060 0.0000000000
64387  -7.098  -14.066  58.272 0.0000000000
63416  -5.509  -14.610  58.399 0.0000000000
124289  -5.152  -14.490  59.035 0.0000000000
72206  -15.768  -5.401  61.738 0.0000000000
73073  -15.935  -4.524  61.782 0.0000000000
72214  -15.200  -5.086  60.890 0.0000000000
72228  -14.195  -5.494  58.710 0.0000000000
73087  -14.209  -4.781  59.397 0.0000000000
73086  -13.818  -4.240  59.204 0.0000000000
129884  -12.898  -2.646  60.550 0.0000000000
73991  -13.384  -3.946  58.779 0.0000000000
73104  -12.729  -3.994  57.688 0.0000000000
143817  -13.279  -4.540  57.533 0.0000000000
68382  -14.456  -9.554  55.290 0.0000000000
70308  -14.396  -8.053  54.812 0.0000000000
68393  -13.891  -9.563  54.171 0.0000000000
68408  -13.134  -9.076  52.817 0.0000000000
68397  -39.042  -9.742  54.563 0.0000000000
68417  -40.206  -9.241  54.454 0.0000000000
68388  -40.505  -8.883  56.051 0.0000000000
71295  -40.820  -6.917  56.044 0.0000000000
70279  -40.220  -8.165  56.409 0.0000000000
124799  -30.389  -7.381  50.686 0.0000000000
70375  -31.343  -7.386  50.593 0.0000000000
125116  -30.768  -7.263  49.864 0.0000000000
73192  -30.842  -4.715  46.009 0.0000000000
72335  -31.277  -5.262  46.553 0.0000000000
74091  -31.559  -3.449  46.272 0.0000000000
76018  -30.210  -1.691  46.637 0.0000000000
65343  -14.541  -11.783  68.336 0.0000000000
64298  -14.296  -12.556  67.190 0.0000000000
64294  -14.450  -12.549  68.322 0.0000000000
130555  -14.709  -17.258  68.163 0.0000000000
143587  -14.623  -17.139  66.955 0.0000000000
59474  -13.916  -19.223  66.712 0.0000000000
58528  -12.274  -20.055  66.162 0.0000000000
126350  -12.768  -20.379  66.026 0.0000000000
72363  -21.344  -5.710  43.379 0.0000000000
61489  -18.478  -16.596  60.657 0.0000000000
62447  -18.151  -15.934  59.298 0.0000000000
62439  -17.712  -15.555  60.574 0.0000000000
64340  -17.367  -13.774  62.525 0.0000000000
141488  -17.428  -13.785  60.835 0.0000000000
65393  -17.441  -12.603  60.555 0.0000000000
66365  -17.448  -11.711  59.198 0.0000000000
132870  -17.440  -12.175  61.235 0.0000000000
66357  -17.412  -11.389  61.534 0.0000000000
65377  -17.269  -12.417  62.797 0.0000000000
65346  -16.161  -11.806  67.400 0.0000000000
66338  -16.579  -11.184  65.782 0.0000000000
66334  -15.599  -11.018  67.624 0.0000000000
67315  -15.164  -10.455  67.523 0.0000000000
82461  -48.056  5.619  27.780 0.0000000000
68490  -2.653  -10.001  47.881 0.0000000000
67492  -2.894  -10.528  46.643 0.0000000000
148926  -2.665  -11.526  47.575 0.0000000000
63540  -2.625  -15.131  47.454 0.0000000000
63548  -2.814  -14.730  46.395 0.0000000000
130554  -9.187  4.912  63.124 0.0000000000
82982  -10.298  6.899  62.592 0.0000000000
82976  -10.253  6.949  63.572 0.0000000000
86576  -9.352  10.546  65.395 0.0000000000
86579  -10.191  10.167  64.913 0.0000000000
129487  -9.462  11.690  65.224 0.0000000000
89157  -9.247  13.489  65.800 0.0000000000
89155  -9.045  13.406  66.153 0.0000000000
89153  -8.227  13.792  66.204 0.0000000000
88282  -6.376  12.016  62.534 0.0000000000
87459  -3.927  11.885  61.479 0.0000000000
84796  -2.551  8.300  63.464 0.0000000000
85693  -2.371  8.855  62.224 0.0000000000
83877  -1.898  7.697  63.188 0.0000000000
83880  -2.016  7.592  62.472 0.0000000000
82977  -1.814  7.056  63.247 0.0000000000
69307  -5.032  -8.449  58.220 0.0000000000
71264  -4.380  -7.414  58.963 0.0000000000
70251  -4.638  -8.304  57.728 0.0000000000
70303  -4.572  -7.734  54.916 0.0000000000
71286  -4.471  -7.537  56.478 0.0000000000
71287  -4.998  -6.835  55.519 0.0000000000
73121  -5.184  -4.683  55.440 0.0000000000
130918  -5.593  -5.976  55.016 0.0000000000
72270  -6.446  -5.276  53.576 0.0000000000
71308  -5.620  -6.940  53.603 0.0000000000
147445  -3.258  -9.063  49.917 0.0000000000
69401  -4.191  -8.569  50.887 0.0000000000
69408  -3.493  -8.886  49.135 0.0000000000
69416  -3.633  -8.618  48.152 0.0000000000
83090  -2.634  6.518  50.441 0.0000000000
82198  -2.592  5.540  51.580 0.0000000000
66390  -32.007  -11.306  56.182 0.0000000000
67373  -30.732  -10.831  56.855 0.0000000000
69303  -31.041  -8.110  60.843 0.0000000000
68347  -31.757  -8.773  60.309 0.0000000000
70226  -31.695  -7.646  60.762 0.0000000000
70248  -32.480  -7.545  60.065 0.0000000000
149513  -31.181  -6.974  60.205 0.0000000000
70218  -26.754  -6.796  62.375 0.0000000000
69285  -27.506  -6.647  61.838 0.0000000000
71239  -27.120  -6.526  62.036 0.0000000000
70257  -27.399  -7.250  57.620 0.0000000000
70243  -27.942  -6.761  58.720 0.0000000000
70270  -28.063  -7.324  56.896 0.0000000000
70271  -29.464  -7.383  57.022 0.0000000000
70288  -28.466  -7.460  55.318 0.0000000000
124898  -28.970  -7.440  54.127 0.0000000000
70331  -28.186  -7.509  53.612 0.0000000000
132028  -25.782  -8.531  51.903 0.0000000000
141644  -27.003  -7.968  51.747 0.0000000000
69405  -26.413  -8.174  50.592 0.0000000000
70384  -27.107  -7.775  49.332 0.0000000000
69412  -25.637  -8.530  49.402 0.0000000000
59464  -18.713  -18.546  68.354 0.0000000000
59461  -18.259  -18.590  68.893 0.0000000000
134785  -19.259  -19.791  68.775 0.0000000000
55117  -19.893  -22.093  66.863 0.0000000000
55108  -19.130  -21.921  67.300 0.0000000000
69411  -24.970  -8.876  49.162 0.0000000000
68457  -24.445  -9.315  50.421 0.0000000000
66414  -23.401  -11.382  54.525 0.0000000000
66441  -23.287  -11.170  52.761 0.0000000000
65451  -22.530  -12.686  54.255 0.0000000000
64449  -21.942  -13.232  53.726 0.0000000000
64419  -22.214  -13.599  55.507 0.0000000000
64341  -23.367  -13.223  62.351 0.0000000000
64375  -23.164  -12.771  59.823 0.0000000000
64361  -22.906  -13.992  60.719 0.0000000000
60489  -21.939  -17.013  61.666 0.0000000000
62440  -22.329  -15.833  60.627 0.0000000000
61492  -21.696  -16.552  60.424 0.0000000000
62458  -21.386  -15.868  58.270 0.0000000000
61491  -20.919  -16.985  60.075 0.0000000000
149834  -19.952  -17.119  59.955 0.0000000000
60487  -20.184  -17.613  61.470 0.0000000000
59492  -19.562  -18.650  65.899 0.0000000000
128913  -19.244  -18.272  64.932 0.0000000000
60420  -19.156  -18.410  66.627 0.0000000000
60419  -18.583  -17.879  66.904 0.0000000000
84131  -50.221  8.208  38.126 0.0000000000
85937  -48.382  9.431  38.068 0.0000000000
85923  -50.341  9.742  38.341 0.0000000000
88496  -51.715  13.255  39.412 0.0000000000
88505  -51.531  13.297  38.606 0.0000000000
90215  -50.696  15.102  39.172 0.0000000000
84115  -48.797  7.643  41.609 0.0000000000
85027  -49.943  8.794  41.055 0.0000000000
85018  -49.016  8.966  43.335 0.0000000000
85914  -47.620  9.777  40.139 0.0000000000
128198  -52.895  7.073  37.240 0.0000000000
82383  -52.239  5.078  35.972 0.0000000000
82350  -51.205  5.976  37.108 0.0000000000
82348  -49.307  5.872  37.319 0.0000000000
66466  -6.515  -11.963  50.571 0.0000000000
64492  -5.295  -13.725  50.202 0.0000000000
133180  -6.232  -13.858  50.336 0.0000000000
62534  -4.803  -16.113  52.053 0.0000000000
62549  -4.773  -15.760  51.062 0.0000000000
61562  -3.600  -16.399  52.278 0.0000000000
60595  -2.365  -17.605  52.320 0.0000000000
61552  -2.416  -17.368  53.165 0.0000000000
63452  -7.613  -14.977  54.998 0.0000000000
62517  -7.223  -15.360  54.371 0.0000000000
62500  -5.090  -15.705  55.332 0.0000000000
61532  -2.219  -16.967  54.903 0.0000000000
75848  -14.016  -1.817  56.173 0.0000000000
76744  -12.910  -0.162  55.870 0.0000000000
75847  -13.590  -1.183  56.516 0.0000000000
76718  -13.932  -0.113  60.052 0.0000000000
133789  -12.887  0.546  58.987 0.0000000000
77655  -12.859  0.786  59.738 0.0000000000
78521  -11.789  1.715  59.166 0.0000000000
78516  -12.236  1.348  60.790 0.0000000000
74926  -17.374  -1.589  64.168 0.0000000000
76706  -17.318  -0.742  64.319 0.0000000000
75817  -16.175  -0.464  65.062 0.0000000000
76704  -12.538  -0.008  64.667 0.0000000000
77629  -13.264  0.548  63.990 0.0000000000
77638  -11.933  0.789  62.714 0.0000000000
78509  -11.434  1.258  61.918 0.0000000000
78504  -10.331  1.304  62.034 0.0000000000
79461  -9.196  2.531  61.957 0.0000000000
78499  -9.287  1.065  62.930 0.0000000000
76688  -8.813  -1.107  66.717 0.0000000000
78495  -8.322  1.098  64.701 0.0000000000
78491  -7.961  1.440  65.720 0.0000000000
79451  -7.811  2.565  65.954 0.0000000000
78490  -7.510  1.587  66.513 0.0000000000
78488  -6.723  1.217  67.269 0.0000000000
76683  -7.197  -0.503  67.591 0.0000000000
74900  -7.322  -3.181  64.875 0.0000000000
74891  -6.752  -3.385  66.618 0.0000000000
74905  -5.987  -3.356  64.810 0.0000000000
73951  -5.384  -3.632  64.138 0.0000000000
73954  -5.403  -3.522  63.011 0.0000000000
73997  -10.492  -3.253  57.579 0.0000000000
74967  -9.802  -2.674  59.134 0.0000000000
73996  -9.621  -3.199  57.674 0.0000000000
72250  -8.368  -5.320  55.503 0.0000000000
73111  -7.702  -4.595  56.845 0.0000000000
72234  -6.976  -5.072  57.289 0.0000000000
73085  -5.874  -4.747  59.006 0.0000000000
72241  -6.662  -5.996  57.236 0.0000000000
135099  -6.178  -6.537  57.767 0.0000000000
70283  -7.021  -7.442  55.528 0.0000000000
68440  -7.512  -9.835  51.589 0.0000000000
68404  -6.892  -9.097  53.128 0.0000000000
68439  -6.709  -10.222  51.763 0.0000000000
67420  -5.833  -10.286  52.262 0.0000000000
74055  -44.482  -2.935  50.788 0.0000000000
75015  -45.241  -2.618  50.406 0.0000000000
75005  -45.370  -2.545  51.352 0.0000000000
75934  -45.975  -1.675  51.484 0.0000000000
75917  -45.132  -1.512  52.183 0.0000000000
71332  -41.573  -6.749  52.523 0.0000000000
72290  -42.250  -5.521  51.881 0.0000000000
73145  -42.925  -4.883  53.717 0.0000000000
132903  -41.934  -1.362  54.774 0.0000000000
74991  -43.269  -2.653  54.088 0.0000000000
75900  -42.586  -0.942  54.339 0.0000000000
149257  -43.559  -0.137  53.048 0.0000000000
77745  -42.687  1.041  53.134 0.0000000000
78609  -42.266  1.625  52.764 0.0000000000
145701  -41.465  1.698  53.903 0.0000000000
77744  -39.469  1.785  53.946 0.0000000000
78591  -39.735  2.585  54.122 0.0000000000
67366  -34.566  -10.350  58.096 0.0000000000
140247  -35.813  -10.408  57.269 0.0000000000
68367  -35.990  -9.638  58.151 0.0000000000
148362  -36.289  -7.479  54.164 0.0000000000
70295  -36.735  -7.898  55.531 0.0000000000
70334  -37.714  -7.403  53.888 0.0000000000
70335  -38.468  -7.160  53.788 0.0000000000
71329  -37.737  -6.679  52.362 0.0000000000
71346  -33.990  -7.002  49.975 0.0000000000
70377  -34.295  -7.181  50.801 0.0000000000
71359  -34.545  -6.543  49.277 0.0000000000
73161  -38.703  -4.353  50.183 0.0000000000
66360  -14.523  -11.460  60.583 0.0000000000
64372  -14.183  -12.915  59.935 0.0000000000
124393  -14.247  -13.123  60.735 0.0000000000
62420  -11.920  -15.514  62.513 0.0000000000
63377  -11.539  -14.999  61.952 0.0000000000
62419  -10.959  -15.185  62.741 0.0000000000
63365  -9.445  -14.206  63.827 0.0000000000
63356  -9.923  -14.996  64.278 0.0000000000
62403  -14.436  -15.929  64.865 0.0000000000
61466  -14.096  -16.308  64.162 0.0000000000
61454  -12.848  -17.041  64.181 0.0000000000
60432  -8.863  -17.391  66.261 0.0000000000
61424  -9.735  -17.356  66.459 0.0000000000
61437  -8.421  -16.682  66.389 0.0000000000
61421  -7.892  -16.026  66.543 0.0000000000
61451  -7.290  -16.368  65.822 0.0000000000
128311  -5.676  -17.417  64.389 0.0000000000
57463  -16.437  -20.903  68.452 0.0000000000
58514  -15.461  -20.055  68.720 0.0000000000
56312  -15.538  -21.073  67.286 0.0000000000
129362  -13.941  -20.253  62.453 0.0000000000
57500  -14.102  -20.666  64.733 0.0000000000
138125  -13.124  -20.284  63.468 0.0000000000
57519  -12.610  -20.008  63.181 0.0000000000
58573  -12.535  -19.559  61.601 0.0000000000
77779  -15.905  0.824  48.404 0.0000000000
146729  -15.047  1.114  49.324 0.0000000000
76850  -15.405  -0.801  49.892 0.0000000000
68496  -23.199  -9.649  47.480 0.0000000000
124726  -23.822  -8.617  46.168 0.0000000000
126881  -22.642  -9.590  46.771 0.0000000000
67474  -19.785  -11.017  48.169 0.0000000000
68541  -20.561  -9.528  46.171 0.0000000000
68518  -19.794  -9.424  46.567 0.0000000000
70421  -19.347  -7.789  46.144 0.0000000000
70405  -18.973  -8.044  46.888 0.0000000000
137686  -17.468  -12.967  55.531 0.0000000000
64444  -17.796  -13.055  53.813 0.0000000000
138312  -17.542  -12.284  54.284 0.0000000000
69394  -18.028  -8.276  52.068 0.0000000000
68443  -18.081  -9.067  51.571 0.0000000000
70371  -18.297  -7.257  50.744 0.0000000000
71366  -18.386  -6.230  48.848 0.0000000000
124461  -18.197  -5.696  49.463 0.0000000000
73175  -17.700  -4.037  48.851 0.0000000000
72302  -17.881  -5.342  50.077 0.0000000000
73142  -16.863  -4.968  53.077 0.0000000000
74036  -16.393  -3.922  52.100 0.0000000000
142589  -16.029  -3.687  52.628 0.0000000000
134156  -15.262  -2.684  52.239 0.0000000000
74988  -14.986  -2.853  53.484 0.0000000000
74987  -14.518  -2.394  53.992 0.0000000000
74018  -15.449  -3.592  55.024 0.0000000000
72238  -17.897  -5.779  57.951 0.0000000000
73106  -16.666  -4.505  57.561 0.0000000000
131585  -17.569  -4.793  59.046 0.0000000000
73088  -17.157  -4.089  59.414 0.0000000000
72221  -18.205  -5.223  59.695 0.0000000000
68322  -17.548  -9.574  62.570 0.0000000000
69282  -17.963  -8.569  61.257 0.0000000000
69277  -18.042  -8.392  62.454 0.0000000000
70203  -17.212  -7.590  64.768 0.0000000000
70209  -18.145  -7.661  63.658 0.0000000000
71224  -18.285  -6.300  63.926 0.0000000000
72202  -18.815  -5.142  63.110 0.0000000000
71223  -17.736  -6.418  64.222 0.0000000000
72193  -17.618  -5.883  63.873 0.0000000000
141821  -15.923  -7.158  64.007 0.0000000000
135938  -14.375  -9.585  62.582 0.0000000000
130506  -14.390  -8.920  62.304 0.0000000000
145321  -14.533  -10.957  61.417 0.0000000000
67339  -14.512  -10.295  60.886 0.0000000000
87670  -47.351  11.799  35.995 0.0000000000
76886  -48.805  -0.648  48.553 0.0000000000
77804  -49.235  0.384  47.704 0.0000000000
146498  -48.029  0.834  48.569 0.0000000000
78710  -43.899  1.256  46.141 0.0000000000
78711  -44.789  1.849  46.619 0.0000000000
79632  -43.465  2.829  45.594 0.0000000000
80516  -43.295  4.121  44.932 0.0000000000
64560  -9.440  -13.790  45.326 0.0000000000
63559  -4.873  -14.438  45.173 0.0000000000
63560  -5.913  -14.458  45.208 0.0000000000
62597  -6.618  -15.631  44.365 0.0000000000
62559  -2.426  -15.267  50.527 0.0000000000
62558  -1.950  -15.202  50.254 0.0000000000
64356  -10.489  -13.672  60.639 0.0000000000
65391  -9.754  -12.649  59.695 0.0000000000
65383  -8.523  -12.488  61.378 0.0000000000
64324  -3.595  -13.786  63.540 0.0000000000
145706  -4.953  -13.433  62.559 0.0000000000
128246  -2.827  -14.510  62.167 0.0000000000
126040  -2.938  -14.686  61.037 0.0000000000
79503  -11.611  2.555  55.566 0.0000000000
80422  -11.904  3.422  54.172 0.0000000000
81282  -11.511  4.104  55.128 0.0000000000
85702  -10.789  9.875  61.289 0.0000000000
84812  -11.182  8.868  60.201 0.0000000000
86593  -10.612  10.583  60.831 0.0000000000
85725  -7.390  9.629  57.427 0.0000000000
85731  -8.274  9.278  56.031 0.0000000000
134952  -8.584  8.364  55.542 0.0000000000
78485  -4.900  1.816  66.995 0.0000000000
79444  -4.275  2.637  66.730 0.0000000000
78484  -3.617  1.897  66.762 0.0000000000
77609  -1.500  0.160  65.784 0.0000000000
79449  -1.783  2.270  65.947 0.0000000000
79452  -1.948  2.308  65.537 0.0000000000
80360  -2.642  3.314  64.781 0.0000000000
78493  -3.330  1.626  64.503 0.0000000000
73083  -1.619  -5.053  59.615 0.0000000000
73959  -1.563  -4.382  61.387 0.0000000000
73965  -1.813  -4.083  60.573 0.0000000000
77649  -3.430  0.411  60.400 0.0000000000
77648  -2.882  -0.001  61.039 0.0000000000
77643  -4.411  0.803  61.565 0.0000000000
78497  -5.508  1.800  62.873 0.0000000000
79462  -6.440  2.469  61.623 0.0000000000
80370  -7.272  3.893  60.771 0.0000000000
79465  -6.769  2.589  60.158 0.0000000000
80403  -4.747  3.521  56.901 0.0000000000
80405  -6.976  3.592  56.871 0.0000000000
81261  -6.617  4.013  56.057 0.0000000000
82173  -7.412  5.405  54.396 0.0000000000
81279  -5.234  4.949  55.001 0.0000000000
83036  -5.034  5.930  53.909 0.0000000000
82159  -3.108  5.163  55.313 0.0000000000
125046  -2.898  1.109  53.028 0.0000000000
79524  -2.674  2.799  53.351 0.0000000000
79554  -3.072  2.023  52.057 0.0000000000
79555  -3.518  2.584  51.879 0.0000000000
77748  -3.079  0.384  51.029 0.0000000000
129935  -6.705  -4.462  51.922 0.0000000000
74041  -4.936  -2.941  51.801 0.0000000000
74043  -6.510  -3.956  51.302 0.0000000000
73183  -6.427  -4.833  47.450 0.0000000000
131728  -5.606  -3.120  48.991 0.0000000000
74065  -5.546  -2.974  47.952 0.0000000000
75973  -5.054  -1.657  48.257 0.0000000000
75044  -5.733  -2.687  47.245 0.0000000000
75045  -6.264  -2.419  47.003 0.0000000000
74096  -6.025  -3.889  45.721 0.0000000000
69458  -7.687  -8.370  45.211 0.0000000000
70454  -7.180  -6.734  44.077 0.0000000000
69479  -8.418  -7.924  44.754 0.0000000000
65371  -26.860  -11.559  64.444 0.0000000000
64312  -27.562  -12.931  65.067 0.0000000000
65353  -26.083  -11.630  65.530 0.0000000000
65352  -25.254  -11.930  65.681 0.0000000000
59481  -25.840  -18.826  66.518 0.0000000000
57482  -25.980  -20.542  66.296 0.0000000000
63359  -24.335  -12.802  65.245 0.0000000000
63337  -25.459  -14.487  66.107 0.0000000000
61429  -25.310  -16.089  66.205 0.0000000000
150039  -47.364  1.027  41.508 0.0000000000
77864  -47.573  0.376  42.849 0.0000000000
78740  -47.688  1.324  44.507 0.0000000000
79644  -47.293  2.321  44.775 0.0000000000
148342  -13.724  -11.150  55.803 0.0000000000
65428  -11.499  -12.102  56.134 0.0000000000
149602  -11.132  -12.276  56.837 0.0000000000
65419  -10.559  -12.401  57.408 0.0000000000
125984  -8.941  -12.450  58.874 0.0000000000
70219  -14.465  -7.703  60.529 0.0000000000
71244  -14.756  -6.549  60.670 0.0000000000
70227  -14.427  -7.576  59.665 0.0000000000
70239  -14.445  -7.083  58.820 0.0000000000
71276  -14.381  -6.704  58.092 0.0000000000
71283  -14.270  -6.422  57.407 0.0000000000
69329  -14.593  -8.381  56.445 0.0000000000
127693  -14.458  -10.078  55.791 0.0000000000
149464  -37.824  -10.350  55.608 0.0000000000
71367  -29.062  -6.897  48.181 0.0000000000
71368  -29.896  -6.776  48.301 0.0000000000
71381  -29.553  -6.513  47.525 0.0000000000
72333  -29.631  -5.639  46.185 0.0000000000
74103  -29.569  -3.199  45.218 0.0000000000
75095  -29.351  -2.451  45.402 0.0000000000
65342  -15.296  -12.453  68.790 0.0000000000
144242  -14.676  -13.829  69.066 0.0000000000
63321  -14.996  -14.476  69.402 0.0000000000
61408  -14.906  -16.047  69.393 0.0000000000
59458  -14.932  -18.516  68.962 0.0000000000
61468  -17.985  -16.804  63.653 0.0000000000
141160  -17.646  -16.009  62.580 0.0000000000
62413  -17.421  -15.405  63.977 0.0000000000
63368  -17.344  -14.557  63.803 0.0000000000
143773  -17.298  -13.804  63.725 0.0000000000
142209  -17.168  -12.497  63.576 0.0000000000
64308  -17.071  -13.356  64.998 0.0000000000
64299  -16.550  -12.786  66.925 0.0000000000
82442  -47.753  5.407  29.563 0.0000000000
81543  -46.842  4.759  29.846 0.0000000000
67464  -2.543  -10.756  49.525 0.0000000000
66501  -2.502  -11.332  48.347 0.0000000000
66490  -2.239  -11.818  49.157 0.0000000000
64508  -1.925  -13.153  49.313 0.0000000000
62573  -2.164  -14.985  48.698 0.0000000000
82104  -9.060  5.824  65.262 0.0000000000
135449  -9.788  7.195  64.987 0.0000000000
83869  -9.286  7.486  65.338 0.0000000000
84792  -8.649  8.706  65.324 0.0000000000
86577  -8.448  10.346  65.145 0.0000000000
139183  -7.723  11.815  64.768 0.0000000000
86581  -7.542  10.492  64.274 0.0000000000
86580  -6.877  10.589  63.385 0.0000000000
149109  -5.740  10.284  62.639 0.0000000000
86586  -4.565  10.314  62.146 0.0000000000
84798  -4.998  8.679  63.646 0.0000000000
84787  -3.180  7.900  64.179 0.0000000000
83866  -2.501  6.780  65.043 0.0000000000
68391  -4.501  -9.708  55.067 0.0000000000
69327  -4.183  -9.008  56.610 0.0000000000
68390  -3.884  -9.539  54.801 0.0000000000
69361  -3.533  -9.098  53.884 0.0000000000
130021  -3.926  -8.663  53.432 0.0000000000
70337  -4.353  -8.345  52.568 0.0000000000
69391  -3.416  -9.253  52.436 0.0000000000
68454  -2.973  -9.880  50.874 0.0000000000
67362  -30.392  -10.416  57.383 0.0000000000
132477  -29.268  -9.602  58.227 0.0000000000
147323  -29.884  -8.829  59.494 0.0000000000
69292  -29.558  -7.215  61.212 0.0000000000
125813  -25.515  -6.955  61.859 0.0000000000
70230  -26.668  -6.709  59.988 0.0000000000
124964  -25.784  -7.331  59.373 0.0000000000
70268  -26.537  -7.612  57.048 0.0000000000
70286  -26.455  -7.738  56.175 0.0000000000
70310  -26.974  -7.744  54.781 0.0000000000
69359  -26.303  -8.121  54.408 0.0000000000
69372  -25.666  -8.520  53.864 0.0000000000
69395  -25.097  -8.840  52.338 0.0000000000
59466  -20.220  -19.460  67.815 0.0000000000
127269  -19.965  -20.547  68.619 0.0000000000
58515  -20.758  -20.415  68.389 0.0000000000
141018  -20.900  -22.100  67.760 0.0000000000
141063  -24.557  -9.284  51.832 0.0000000000
68395  -24.058  -9.994  53.953 0.0000000000
133958  -23.700  -10.810  55.006 0.0000000000
66383  -23.318  -11.764  56.218 0.0000000000
143986  -23.282  -16.289  63.834 0.0000000000
62425  -22.938  -15.560  62.458 0.0000000000
61459  -22.710  -17.096  63.487 0.0000000000
60468  -22.016  -17.760  63.345 0.0000000000
59519  -21.247  -18.261  63.351 0.0000000000
59528  -20.542  -18.141  62.781 0.0000000000
126487  -21.119  -18.581  63.980 0.0000000000
59493  -20.419  -19.161  66.054 0.0000000000
85064  -53.828  8.775  37.958 0.0000000000
85925  -52.736  10.261  38.264 0.0000000000
141082  -53.230  10.000  38.445 0.0000000000
137640  -52.192  10.876  39.682 0.0000000000
86783  -51.647  11.705  40.160 0.0000000000
84093  -47.332  8.329  44.325 0.0000000000
85010  -47.733  9.189  43.773 0.0000000000
84108  -46.394  8.403  43.213 0.0000000000
83253  -54.352  6.161  37.215 0.0000000000
66468  -8.329  -11.786  50.597 0.0000000000
64494  -7.380  -13.486  50.498 0.0000000000
64495  -8.081  -13.165  50.577 0.0000000000
62551  -7.230  -15.214  51.525 0.0000000000
147910  -6.513  -15.704  52.440 0.0000000000
62482  -5.112  -15.329  56.586 0.0000000000
62498  -2.922  -15.876  55.776 0.0000000000
61523  -2.016  -16.437  56.542 0.0000000000
60542  -2.151  -17.015  56.513 0.0000000000
74969  -15.267  -2.649  58.215 0.0000000000
75840  -14.196  -1.475  57.981 0.0000000000
75838  -15.038  -1.483  59.621 0.0000000000
75833  -15.073  -0.931  60.431 0.0000000000
76720  -15.380  -0.421  61.534 0.0000000000
75824  -13.753  -1.847  63.837 0.0000000000
75816  -15.379  -0.504  65.203 0.0000000000
75818  -13.607  -1.490  65.268 0.0000000000
75813  -12.416  -1.511  66.124 0.0000000000
76695  -12.060  -0.828  65.648 0.0000000000
76702  -10.004  -0.348  64.131 0.0000000000
75811  -10.421  -1.544  66.249 0.0000000000
75808  -10.225  -2.493  67.216 0.0000000000
75802  -8.716  -2.925  68.046 0.0000000000
75801  -7.734  -2.657  68.102 0.0000000000
74893  -8.821  -3.563  66.348 0.0000000000
137099  -8.199  -3.237  64.795 0.0000000000
74918  -7.667  -2.733  62.841 0.0000000000
148837  -11.888  -5.372  54.233 0.0000000000
73123  -9.748  -4.335  55.648 0.0000000000
146491  -10.352  -5.306  54.161 0.0000000000
71300  -9.149  -6.027  54.002 0.0000000000
71299  -8.378  -6.415  54.426 0.0000000000
70306  -8.040  -7.123  54.122 0.0000000000
70340  -8.942  -7.723  52.376 0.0000000000
68441  -8.519  -9.759  51.154 0.0000000000
75039  -44.123  -2.581  48.101 0.0000000000
74062  -43.020  -3.676  49.618 0.0000000000
74054  -43.790  -3.439  51.073 0.0000000000
72257  -42.105  -5.212  55.631 0.0000000000
131335  -42.703  -4.870  54.687 0.0000000000
74013  -41.710  -4.074  55.527 0.0000000000
74983  -41.864  -2.319  55.066 0.0000000000
75899  -41.539  -0.742  54.455 0.0000000000
76791  -41.077  0.119  54.216 0.0000000000
127969  -40.631  -0.298  53.756 0.0000000000
76824  -40.053  -0.295  52.761 0.0000000000
70250  -34.535  -8.290  58.530 0.0000000000
69325  -35.848  -8.885  58.071 0.0000000000
70276  -34.604  -7.686  56.766 0.0000000000
70316  -35.267  -7.497  54.478 0.0000000000
70333  -35.654  -7.357  53.200 0.0000000000
141733  -14.528  -11.976  62.192 0.0000000000
131094  -14.407  -12.890  61.622 0.0000000000
134055  -14.496  -12.509  62.745 0.0000000000
62422  -13.453  -15.224  62.350 0.0000000000
62410  -12.318  -15.962  63.046 0.0000000000
59471  -11.201  -19.075  66.252 0.0000000000
149806  -10.938  -17.916  66.187 0.0000000000
59470  -10.398  -18.767  66.206 0.0000000000
60450  -9.299  -18.058  65.952 0.0000000000
60449  -8.559  -17.475  65.517 0.0000000000
56348  -16.615  -21.092  64.792 0.0000000000
56347  -15.638  -21.028  64.992 0.0000000000
56357  -15.905  -20.743  64.102 0.0000000000
57532  -14.593  -20.206  61.938 0.0000000000
75976  -16.986  -1.555  48.226 0.0000000000
66472  -21.878  -12.058  49.974 0.0000000000
67475  -21.726  -10.901  47.834 0.0000000000
65528  -21.093  -12.272  49.529 0.0000000000
65526  -19.702  -12.181  49.809 0.0000000000
134203  -19.081  -11.107  49.254 0.0000000000
142139  -17.459  -11.342  56.425 0.0000000000
67392  -17.479  -10.518  54.542 0.0000000000
68383  -17.556  -9.600  55.125 0.0000000000
69370  -17.717  -8.446  53.872 0.0000000000
71327  -17.839  -6.799  52.585 0.0000000000
71335  -17.796  -6.124  51.963 0.0000000000
71315  -17.599  -6.374  53.402 0.0000000000
72265  -17.439  -5.978  54.091 0.0000000000
73128  -16.846  -5.210  55.076 0.0000000000
73127  -16.427  -4.681  55.466 0.0000000000
72247  -17.442  -5.718  56.412 0.0000000000
71277  -18.106  -6.351  57.496 0.0000000000
71268  -18.454  -6.697  58.827 0.0000000000
137369  -16.880  -9.469  65.216 0.0000000000
68316  -17.435  -8.753  64.364 0.0000000000
68311  -16.633  -8.671  65.562 0.0000000000
69268  -15.822  -7.993  65.526 0.0000000000
70201  -15.396  -7.805  64.635 0.0000000000
130277  -14.662  -8.352  64.038 0.0000000000
68310  -14.340  -9.033  64.255 0.0000000000
135939  -14.318  -9.727  63.551 0.0000000000
76864  -46.984  -0.551  50.166 0.0000000000
77785  -46.396  0.414  48.678 0.0000000000
76903  -45.309  0.094  48.284 0.0000000000
77799  -44.039  0.021  47.058 0.0000000000
68538  -7.432  -9.073  45.710 0.0000000000
140814  -7.671  -10.577  46.496 0.0000000000
65555  -7.925  -12.272  46.536 0.0000000000
64559  -8.182  -13.680  45.839 0.0000000000
133381  -5.591  -16.839  44.548 0.0000000000
64327  -8.367  -12.764  63.099 0.0000000000
65375  -7.993  -12.440  62.788 0.0000000000
128975  -10.918  3.989  57.256 0.0000000000
81262  -11.079  4.669  56.811 0.0000000000
82140  -10.985  5.386  57.453 0.0000000000
82999  -11.148  6.845  58.136 0.0000000000
84830  -11.544  8.756  58.152 0.0000000000
145653  -9.454  13.572  62.321 0.0000000000
88296  -9.796  12.973  60.560 0.0000000000
129151  -7.548  7.645  58.614 0.0000000000
74879  -3.882  -2.797  66.898 0.0000000000
76680  -3.355  -0.782  67.032 0.0000000000
74889  -2.821  -3.002  66.370 0.0000000000
75804  -1.518  -2.233  65.341 0.0000000000
148566  -1.421  -1.475  64.668 0.0000000000
74964  -2.288  -3.736  58.203 0.0000000000
142460  -2.496  -3.396  59.459 0.0000000000
74954  -3.423  -2.010  59.005 0.0000000000
75837  -3.480  -1.187  59.220 0.0000000000
78518  -3.797  1.127  59.166 0.0000000000
79477  -5.422  2.011  59.187 0.0000000000
78525  -3.912  1.617  58.394 0.0000000000
126437  -3.675  2.010  57.726 0.0000000000
80412  -3.017  3.241  56.436 0.0000000000
79501  -2.730  3.578  55.678 0.0000000000
78549  -3.572  1.546  55.280 0.0000000000
77715  -3.259  0.847  53.797 0.0000000000
76795  -2.900  -0.161  52.651 0.0000000000
70393  -6.486  -6.843  48.571 0.0000000000
72300  -7.102  -4.978  49.870 0.0000000000
71365  -6.508  -6.319  47.941 0.0000000000
72318  -6.281  -5.654  47.211 0.0000000000
72329  -5.469  -5.664  46.195 0.0000000000
72340  -5.457  -5.152  45.000 0.0000000000
71400  -4.909  -6.594  45.216 0.0000000000
137386  -5.776  -8.158  45.135 0.0000000000
76008  -9.281  -1.944  46.924 0.0000000000
135485  -26.275  -10.989  60.672 0.0000000000
130694  -26.842  -9.682  60.177 0.0000000000
67342  -26.473  -10.204  61.447 0.0000000000
68325  -26.253  -8.691  63.270 0.0000000000
70207  -25.893  -7.324  63.414 0.0000000000
66347  -26.266  -10.605  64.823 0.0000000000
68319  -25.303  -8.587  64.190 0.0000000000
70211  -25.163  -7.263  63.058 0.0000000000
69289  -24.504  -8.128  61.273 0.0000000000
68334  -24.164  -8.903  60.743 0.0000000000
68341  -24.001  -9.584  59.229 0.0000000000
58521  -23.499  -19.324  67.405 0.0000000000
57473  -22.737  -20.861  67.900 0.0000000000
57475  -23.986  -20.678  67.396 0.0000000000
55121  -23.863  -22.425  66.425 0.0000000000
67348  -23.672  -10.489  58.827 0.0000000000
66358  -23.511  -11.068  61.321 0.0000000000
65378  -23.447  -12.430  62.648 0.0000000000
146887  -23.439  -13.709  63.074 0.0000000000
144362  -24.118  -13.443  65.028 0.0000000000
63345  -24.175  -14.335  65.085 0.0000000000
61470  -23.619  -15.430  64.213 0.0000000000
61460  -23.732  -16.226  64.727 0.0000000000
59496  -23.570  -18.380  66.515 0.0000000000
80544  -52.282  3.514  40.504 0.0000000000
83201  -51.330  6.286  39.801 0.0000000000
81411  -49.670  4.699  39.901 0.0000000000
82319  -48.295  5.632  40.424 0.0000000000
82318  -47.661  5.785  41.123 0.0000000000
79663  -46.527  2.945  41.343 0.0000000000
81401  -46.612  4.362  41.655 0.0000000000
82302  -47.126  6.168  42.893 0.0000000000
83175  -46.406  7.162  44.957 0.0000000000
83173  -44.909  6.939  44.444 0.0000000000
82300  -44.248  5.897  42.511 0.0000000000
66426  -11.366  -11.605  52.366 0.0000000000
64459  -9.891  -13.657  52.717 0.0000000000
65449  -10.865  -12.596  53.808 0.0000000000
63465  -9.544  -13.685  54.656 0.0000000000
130303  -7.638  -14.631  55.965 0.0000000000
64403  -9.461  -13.102  56.435 0.0000000000
63440  -8.293  -14.057  56.338 0.0000000000
63438  -6.001  -15.175  56.644 0.0000000000
63426  -5.512  -14.993  57.397 0.0000000000
145096  -3.651  -15.239  57.882 0.0000000000
62454  -1.885  -15.898  59.091 0.0000000000
73957  -18.585  -3.339  63.189 0.0000000000
74928  -18.303  -2.169  63.458 0.0000000000
73956  -18.266  -2.713  63.443 0.0000000000
73964  -16.747  -3.142  62.922 0.0000000000
129160  -16.043  -2.432  63.110 0.0000000000
129689  -14.599  -4.763  60.153 0.0000000000
150072  -15.002  -3.672  61.197 0.0000000000
136288  -13.968  -2.480  61.766 0.0000000000
74937  -13.013  -2.381  61.540 0.0000000000
74936  -12.054  -2.416  61.783 0.0000000000
143486  -11.468  -2.417  60.963 0.0000000000
74948  -10.581  -2.511  60.945 0.0000000000
74960  -11.106  -2.596  59.686 0.0000000000
73103  -12.056  -3.803  57.228 0.0000000000
127879  -11.883  -4.106  56.476 0.0000000000
72245  -13.647  -5.641  56.429 0.0000000000
142360  -13.336  -5.623  55.667 0.0000000000
72263  -12.489  -5.545  54.523 0.0000000000
71314  -12.630  -6.662  53.274 0.0000000000
69367  -12.476  -9.004  52.197 0.0000000000
70366  -40.556  -7.733  51.959 0.0000000000
140172  -41.587  -7.077  53.308 0.0000000000
68433  -39.376  -8.959  52.638 0.0000000000
130701  -40.579  -8.633  53.823 0.0000000000
70336  -41.638  -7.607  54.932 0.0000000000
70301  -41.481  -6.534  55.933 0.0000000000
72267  -40.667  -5.361  55.369 0.0000000000
72276  -40.347  -5.083  54.285 0.0000000000
124895  -31.684  -7.538  53.578 0.0000000000
124888  -32.909  -7.525  52.794 0.0000000000
70362  -31.925  -7.477  51.337 0.0000000000
133057  -32.390  -7.350  50.464 0.0000000000
71357  -32.849  -6.885  49.029 0.0000000000
71383  -31.219  -6.312  47.670 0.0000000000
72322  -32.456  -5.657  47.285 0.0000000000
72323  -33.317  -5.601  47.506 0.0000000000
66337  -14.156  -11.254  66.304 0.0000000000
64306  -14.475  -13.301  65.311 0.0000000000
135496  -14.357  -12.641  66.160 0.0000000000
142716  -14.561  -15.017  65.455 0.0000000000
61440  -14.428  -16.657  65.508 0.0000000000
62382  -14.595  -15.516  67.024 0.0000000000
61425  -14.613  -16.502  66.412 0.0000000000
60437  -13.594  -17.789  65.388 0.0000000000
59472  -11.918  -19.580  66.195 0.0000000000
58541  -11.314  -19.834  65.757 0.0000000000
58555  -11.090  -19.481  64.098 0.0000000000
129613  -19.393  -4.067  44.419 0.0000000000
62486  -19.287  -15.683  56.566 0.0000000000
129638  -18.759  -14.701  54.818 0.0000000000
62485  -18.476  -15.402  56.813 0.0000000000
63429  -17.644  -14.616  57.535 0.0000000000
148302  -17.432  -13.407  57.379 0.0000000000
130246  -17.479  -14.846  60.650 0.0000000000
139441  -17.418  -13.855  59.400 0.0000000000
128474  -17.397  -12.917  57.710 0.0000000000
66373  -17.467  -11.253  57.687 0.0000000000
142938  -17.498  -10.580  58.306 0.0000000000
147224  -17.531  -10.168  58.838 0.0000000000
69297  -17.858  -8.787  58.658 0.0000000000
136680  -17.509  -10.261  60.353 0.0000000000
67340  -17.459  -10.239  61.388 0.0000000000
67328  -17.184  -10.267  63.822 0.0000000000
65360  -16.965  -12.004  64.330 0.0000000000
66343  -16.808  -11.116  64.902 0.0000000000
67323  -16.976  -10.298  64.651 0.0000000000
67319  -16.175  -9.873  66.394 0.0000000000
67316  -14.850  -10.030  67.216 0.0000000000
77774  -41.416  0.333  49.859 0.0000000000
68514  -3.381  -9.443  45.950 0.0000000000
66511  -5.171  -11.330  46.326 0.0000000000
67493  -3.343  -10.299  46.102 0.0000000000
65551  -3.778  -11.967  46.275 0.0000000000
63558  -3.775  -14.453  45.217 0.0000000000
64530  -2.763  -13.216  47.117 0.0000000000
63557  -3.050  -14.836  45.160 0.0000000000
62594  -3.786  -15.797  44.415 0.0000000000
61433  -4.703  -16.410  66.033 0.0000000000
81238  -9.692  4.498  60.839 0.0000000000
82990  -10.422  6.673  60.611 0.0000000000
82987  -10.335  6.802  61.580 0.0000000000
134368  -10.663  8.077  62.402 0.0000000000
135370  -10.669  9.748  62.290 0.0000000000
84794  -10.395  8.748  64.421 0.0000000000
86583  -10.327  10.281  64.097 0.0000000000
87455  -9.590  11.885  63.194 0.0000000000
89165  -9.346  13.510  63.348 0.0000000000
89159  -7.219  13.422  64.452 0.0000000000
86585  -3.580  10.210  61.781 0.0000000000
86584  -2.724  10.405  61.277 0.0000000000
84803  -2.292  8.850  61.289 0.0000000000
84804  -2.512  8.274  61.284 0.0000000000
82979  -3.513  6.448  62.508 0.0000000000
71235  -3.559  -6.992  61.199 0.0000000000
71233  -1.985  -7.182  62.116 0.0000000000
71254  -3.149  -7.274  59.965 0.0000000000
71262  -2.601  -6.654  59.462 0.0000000000
72224  -2.057  -5.727  58.890 0.0000000000
133948  -4.239  -8.146  56.830 0.0000000000
72233  -4.132  -6.542  57.956 0.0000000000
73099  -2.670  -4.732  57.482 0.0000000000
73109  -2.997  -4.248  56.724 0.0000000000
73119  -3.393  -3.838  56.024 0.0000000000
74015  -3.398  -2.993  54.893 0.0000000000
74024  -3.646  -2.711  54.126 0.0000000000
74017  -5.136  -3.621  54.236 0.0000000000
73146  -6.597  -4.607  52.769 0.0000000000
71334  -6.725  -6.536  51.276 0.0000000000
70338  -5.422  -7.611  52.061 0.0000000000
70356  -6.229  -7.254  51.225 0.0000000000
70370  -6.691  -6.863  50.480 0.0000000000
129467  -5.027  -7.953  48.819 0.0000000000
69425  -3.643  -8.361  47.146 0.0000000000
81320  -6.231  4.234  50.335 0.0000000000
79569  -5.896  2.581  51.001 0.0000000000
66378  -33.294  -10.877  57.408 0.0000000000
67354  -33.395  -10.206  58.795 0.0000000000
67352  -31.692  -10.212  58.458 0.0000000000
68358  -32.960  -9.828  59.365 0.0000000000
68360  -34.202  -9.208  59.327 0.0000000000
70249  -33.834  -8.131  59.253 0.0000000000
70262  -32.781  -7.565  58.002 0.0000000000
70292  -32.081  -7.639  55.806 0.0000000000
68336  -27.272  -8.652  60.741 0.0000000000
143194  -28.701  -7.219  61.289 0.0000000000
71251  -29.197  -6.585  61.098 0.0000000000
71259  -27.766  -6.399  60.620 0.0000000000
71270  -28.639  -6.540  59.598 0.0000000000
70232  -29.932  -6.631  60.059 0.0000000000
70260  -30.185  -7.259  57.928 0.0000000000
125947  -30.518  -7.546  55.976 0.0000000000
124900  -31.359  -7.559  54.358 0.0000000000
124896  -30.710  -7.501  53.568 0.0000000000
124885  -30.070  -7.457  52.412 0.0000000000
147858  -29.348  -7.420  51.212 0.0000000000
70347  -27.705  -7.658  52.716 0.0000000000
70360  -28.238  -7.533  51.297 0.0000000000
70373  -28.264  -7.491  50.391 0.0000000000
70396  -27.726  -7.478  48.648 0.0000000000
70408  -27.491  -7.457  47.941 0.0000000000
70424  -26.596  -7.465  46.400 0.0000000000
61414  -17.476  -16.561  67.860 0.0000000000
144177  -16.529  -17.153  69.410 0.0000000000
59460  -17.452  -17.967  69.137 0.0000000000
58511  -17.773  -19.443  69.322 0.0000000000
56305  -17.496  -21.289  68.304 0.0000000000
56307  -19.107  -21.433  68.438 0.0000000000
56315  -18.427  -21.718  67.620 0.0000000000
56325  -17.333  -21.587  66.825 0.0000000000
144344  -17.661  -21.138  64.469 0.0000000000
70423  -25.793  -7.745  46.089 0.0000000000
69429  -25.355  -8.434  47.455 0.0000000000
68480  -24.249  -9.230  48.418 0.0000000000
67467  -23.442  -10.227  49.515 0.0000000000
67442  -23.630  -10.345  51.746 0.0000000000
145671  -23.300  -10.790  50.988 0.0000000000
66473  -22.599  -11.537  50.439 0.0000000000
65497  -22.226  -12.324  51.679 0.0000000000
137164  -21.360  -13.654  53.362 0.0000000000
63457  -20.828  -14.828  55.128 0.0000000000
66369  -23.457  -11.249  58.532 0.0000000000
65415  -23.259  -11.993  58.347 0.0000000000
65423  -22.797  -13.048  57.258 0.0000000000
146795  -22.740  -14.519  60.743 0.0000000000
63410  -22.528  -14.275  59.155 0.0000000000
64404  -22.391  -13.848  56.975 0.0000000000
143895  -21.993  -14.448  56.786 0.0000000000
62471  -21.221  -15.575  57.416 0.0000000000
62487  -20.148  -15.672  56.456 0.0000000000
61508  -19.555  -16.380  58.289 0.0000000000
61490  -19.116  -16.959  60.339 0.0000000000
60485  -18.708  -17.193  62.012 0.0000000000
59517  -19.788  -18.118  63.069 0.0000000000
60467  -19.118  -17.818  63.418 0.0000000000
60466  -18.520  -17.443  63.883 0.0000000000
61458  -18.034  -17.055  64.492 0.0000000000
127206  -17.737  -16.616  65.838 0.0000000000
83249  -47.090  6.908  37.069 0.0000000000
84170  -46.354  7.859  36.101 0.0000000000
85060  -47.159  8.575  37.238 0.0000000000
86807  -47.741  10.952  37.387 0.0000000000
88513  -48.169  12.398  37.115 0.0000000000
139309  -50.782  11.576  38.362 0.0000000000
88515  -49.981  13.645  37.749 0.0000000000
89398  -49.108  14.704  36.179 0.0000000000
91109  -48.724  16.474  35.552 0.0000000000
84117  -50.423  7.815  40.287 0.0000000000
85909  -50.517  10.401  41.439 0.0000000000
87636  -50.006  12.041  41.857 0.0000000000
85902  -48.865  10.310  43.271 0.0000000000
149113  -49.133  11.326  41.953 0.0000000000
88494  -48.780  12.912  39.802 0.0000000000
81475  -49.512  4.165  35.926 0.0000000000
66464  -4.294  -11.798  50.691 0.0000000000
65507  -3.721  -12.420  50.349 0.0000000000
65508  -4.868  -12.684  50.325 0.0000000000
63515  -4.098  -14.482  50.294 0.0000000000
62560  -3.458  -15.266  50.592 0.0000000000
136536  -6.395  -14.674  50.595 0.0000000000
62548  -3.760  -15.811  50.940 0.0000000000
126206  -2.278  -16.735  51.093 0.0000000000
59634  -2.378  -17.956  51.779 0.0000000000
139988  -8.564  -14.759  52.796 0.0000000000
62527  -7.191  -15.482  53.587 0.0000000000
126110  -4.763  -16.162  53.862 0.0000000000
62513  -3.130  -16.209  54.941 0.0000000000
61545  -2.534  -16.737  54.435 0.0000000000
61544  -2.410  -17.137  53.980 0.0000000000
77717  -13.158  0.278  53.227 0.0000000000
78580  -12.574  1.681  53.202 0.0000000000
77703  -12.568  0.749  54.612 0.0000000000
78551  -12.224  1.346  55.173 0.0000000000
78542  -11.811  1.729  56.486 0.0000000000
76735  -13.314  -0.413  57.668 0.0000000000
77666  -12.477  0.736  57.385 0.0000000000
78534  -11.764  1.734  57.310 0.0000000000
79480  -11.308  2.347  58.621 0.0000000000
79479  -10.790  2.992  58.909 0.0000000000
80377  -10.209  3.802  59.728 0.0000000000
76715  -18.016  -1.159  63.748 0.0000000000
76714  -16.158  -0.121  62.988 0.0000000000
77647  -14.530  0.515  62.525 0.0000000000
77621  -15.446  0.206  65.113 0.0000000000
77640  -14.463  0.699  63.505 0.0000000000
77646  -13.694  0.743  62.456 0.0000000000
139377  -11.541  1.595  61.094 0.0000000000
78514  -10.999  2.039  60.694 0.0000000000
80374  -9.889  3.787  60.374 0.0000000000
80373  -9.607  3.671  61.046 0.0000000000
81234  -8.959  4.068  62.487 0.0000000000
81230  -8.750  4.196  63.575 0.0000000000
77625  -8.824  0.769  63.803 0.0000000000
79457  -8.417  2.489  63.719 0.0000000000
81225  -8.595  4.296  64.615 0.0000000000
81222  -8.219  4.339  65.380 0.0000000000
81221  -7.562  4.186  65.865 0.0000000000
81220  -6.871  4.441  66.094 0.0000000000
81217  -6.093  4.322  66.305 0.0000000000
80354  -6.392  3.043  66.677 0.0000000000
78487  -5.956  1.491  67.198 0.0000000000
124778  -5.606  -0.281  67.455 0.0000000000
74882  -6.767  -2.853  67.753 0.0000000000
75799  -6.029  -2.338  67.717 0.0000000000
132980  -5.048  -2.654  67.266 0.0000000000
73940  -4.240  -3.960  66.042 0.0000000000
73063  -4.072  -4.666  64.976 0.0000000000
73067  -4.296  -4.870  62.994 0.0000000000
126237  -9.245  -2.599  61.306 0.0000000000
130104  -8.572  -2.570  61.090 0.0000000000
74945  -7.834  -2.568  60.708 0.0000000000
74002  -9.049  -3.613  57.046 0.0000000000
73985  -7.508  -3.256  58.586 0.0000000000
73968  -6.165  -3.168  60.421 0.0000000000
73967  -5.465  -3.693  60.882 0.0000000000
73079  -5.117  -4.663  60.522 0.0000000000
72212  -4.868  -5.742  60.309 0.0000000000
72219  -5.115  -6.181  59.690 0.0000000000
70252  -5.402  -7.990  57.850 0.0000000000
69328  -5.429  -8.775  56.600 0.0000000000
69353  -6.952  -8.269  54.356 0.0000000000
69352  -6.146  -8.811  54.902 0.0000000000
69351  -5.270  -9.391  55.470 0.0000000000
68420  -5.340  -9.974  53.208 0.0000000000
67419  -4.790  -10.343  52.737 0.0000000000
75101  -49.087  -2.221  45.741 0.0000000000
75080  -47.299  -2.319  46.947 0.0000000000
75059  -47.672  -2.171  47.800 0.0000000000
75042  -47.651  -1.866  49.383 0.0000000000
136200  -45.745  -2.437  49.167 0.0000000000
126902  -46.708  -2.293  49.499 0.0000000000
75954  -47.302  -1.318  50.325 0.0000000000
76845  -46.381  -0.769  50.772 0.0000000000
76844  -44.717  -0.470  50.658 0.0000000000
76843  -44.002  -0.294  51.114 0.0000000000
72298  -42.145  -5.143  50.968 0.0000000000
73156  -42.737  -4.708  51.612 0.0000000000
74039  -43.796  -3.565  52.813 0.0000000000
73139  -43.065  -4.082  54.373 0.0000000000
74031  -43.475  -3.463  53.705 0.0000000000
74997  -44.758  -2.322  52.447 0.0000000000
76807  -44.277  -0.871  52.705 0.0000000000
76826  -44.086  -0.229  52.181 0.0000000000
77766  -42.536  0.497  51.157 0.0000000000
77756  -42.093  1.315  51.743 0.0000000000
78624  -40.924  2.366  51.859 0.0000000000
79567  -39.748  3.119  52.120 0.0000000000
78592  -40.547  2.336  53.986 0.0000000000
79552  -40.361  3.182  53.101 0.0000000000
125561  -35.091  -10.553  55.606 0.0000000000
67386  -36.732  -10.427  56.681 0.0000000000
67379  -38.146  -9.977  56.791 0.0000000000
69334  -37.002  -8.917  57.262 0.0000000000
69335  -37.711  -9.399  57.111 0.0000000000
69347  -39.095  -8.711  56.378 0.0000000000
70320  -39.428  -7.445  55.424 0.0000000000
71319  -39.510  -6.348  53.896 0.0000000000
72281  -39.536  -5.402  52.706 0.0000000000
147378  -33.628  -7.493  52.761 0.0000000000
143729  -34.949  -7.304  52.190 0.0000000000
70365  -36.091  -6.971  51.926 0.0000000000
72303  -35.860  -5.683  48.831 0.0000000000
71349  -36.444  -6.375  50.482 0.0000000000
71339  -37.488  -6.418  51.557 0.0000000000
72287  -38.685  -5.514  51.363 0.0000000000
73154  -39.056  -4.758  50.966 0.0000000000
133725  -39.761  -3.438  51.369 0.0000000000
75003  -39.785  -2.587  51.254 0.0000000000
66367  -14.428  -11.649  58.757 0.0000000000
65411  -13.518  -12.797  58.428 0.0000000000
65400  -13.822  -12.855  59.084 0.0000000000
64358  -12.123  -14.000  59.940 0.0000000000
63400  -11.553  -14.218  60.584 0.0000000000
63389  -12.929  -14.655  61.175 0.0000000000
63387  -10.954  -14.412  61.396 0.0000000000
64338  -10.222  -14.197  62.060 0.0000000000
64328  -8.888  -13.409  63.482 0.0000000000
64305  -7.854  -13.575  65.510 0.0000000000
63332  -6.903  -14.484  66.663 0.0000000000
141737  -14.467  -14.822  63.993 0.0000000000
62412  -13.952  -15.858  63.503 0.0000000000
61463  -11.878  -16.281  63.608 0.0000000000
60451  -11.243  -17.341  65.548 0.0000000000
61452  -11.034  -16.563  64.993 0.0000000000
62401  -10.403  -15.851  64.913 0.0000000000
62390  -9.060  -15.721  66.325 0.0000000000
62380  -7.407  -15.260  66.626 0.0000000000
61419  -6.025  -15.478  66.350 0.0000000000
60430  -5.039  -16.784  65.523 0.0000000000
138814  -15.845  -18.313  69.642 0.0000000000
59459  -15.164  -19.299  68.861 0.0000000000
57469  -14.813  -20.444  67.540 0.0000000000
56322  -14.889  -21.096  65.949 0.0000000000
57479  -14.201  -20.672  66.334 0.0000000000
57468  -13.816  -20.465  66.369 0.0000000000
57498  -12.398  -20.435  65.317 0.0000000000
140346  -11.586  -19.646  63.674 0.0000000000
58563  -11.157  -19.278  63.330 0.0000000000
79586  -14.733  2.539  49.216 0.0000000000
78632  -14.066  1.296  50.556 0.0000000000
77750  -14.115  0.145  51.245 0.0000000000
70440  -24.729  -7.635  45.066 0.0000000000
69487  -23.232  -7.815  44.680 0.0000000000
70458  -22.040  -7.505  44.261 0.0000000000
68519  -21.412  -9.655  46.152 0.0000000000
69464  -21.381  -8.733  45.302 0.0000000000
71412  -21.375  -7.058  44.072 0.0000000000
71411  -19.962  -6.058  44.445 0.0000000000
126733  -19.398  -6.034  45.199 0.0000000000
72342  -18.664  -4.987  45.974 0.0000000000
63480  -18.592  -13.936  53.687 0.0000000000
132385  -18.470  -12.294  51.738 0.0000000000
67455  -18.446  -10.519  50.343 0.0000000000
67423  -17.818  -10.609  52.367 0.0000000000
137455  -18.221  -9.782  50.957 0.0000000000
69418  -18.546  -8.763  48.953 0.0000000000
139047  -18.552  -7.489  48.149 0.0000000000
71378  -18.523  -6.148  47.496 0.0000000000
73191  -18.412  -4.282  46.575 0.0000000000
74068  -17.911  -3.831  48.002 0.0000000000
74067  -17.457  -3.150  48.560 0.0000000000
74059  -16.990  -2.984  49.338 0.0000000000
73160  -17.177  -4.417  50.775 0.0000000000
142506  -16.665  -3.578  50.656 0.0000000000
75938  -15.848  -2.050  50.189 0.0000000000
75920  -14.970  -1.485  51.164 0.0000000000
76812  -14.412  -0.711  51.427 0.0000000000
76797  -14.062  -0.906  52.340 0.0000000000
75888  -14.133  -1.729  53.604 0.0000000000
75861  -14.008  -1.855  55.302 0.0000000000
74975  -15.019  -2.996  56.303 0.0000000000
146728  -16.096  -4.310  55.946 0.0000000000
74005  -15.547  -3.481  56.817 0.0000000000
73998  -15.685  -3.350  57.739 0.0000000000
73980  -15.999  -3.176  58.810 0.0000000000
73982  -17.580  -3.628  60.422 0.0000000000
73081  -18.399  -3.941  61.339 0.0000000000
134375  -18.220  -8.086  59.020 0.0000000000
69298  -18.235  -8.031  59.859 0.0000000000
135435  -18.545  -6.708  60.311 0.0000000000
69278  -18.450  -7.221  62.866 0.0000000000
71246  -18.702  -6.180  61.310 0.0000000000
72215  -18.826  -5.249  61.721 0.0000000000
72208  -18.991  -4.873  62.676 0.0000000000
73958  -18.991  -3.864  63.112 0.0000000000
72200  -17.717  -5.190  63.368 0.0000000000
129609  -16.551  -5.388  62.643 0.0000000000
135209  -15.338  -6.704  62.179 0.0000000000
69271  -14.510  -8.336  62.904 0.0000000000
141461  -14.568  -7.900  61.893 0.0000000000
70214  -14.535  -7.700  61.158 0.0000000000
68326  -14.409  -8.805  60.931 0.0000000000
67343  -14.514  -9.923  59.878 0.0000000000
76933  -49.563  -0.671  46.595 0.0000000000
77830  -48.845  1.354  46.308 0.0000000000
79622  -47.389  3.096  46.829 0.0000000000
78695  -46.371  1.790  47.588 0.0000000000
128663  -45.890  3.574  47.208 0.0000000000
81365  -45.355  4.608  46.610 0.0000000000
81370  -44.113  4.956  45.701 0.0000000000
81385  -43.351  4.776  43.654 0.0000000000
64541  -6.017  -13.156  46.188 0.0000000000
64558  -7.358  -13.812  45.825 0.0000000000
64489  -1.888  -13.715  50.111 0.0000000000
63526  -1.829  -14.687  49.618 0.0000000000
65399  -11.000  -12.852  58.539 0.0000000000
65397  -9.466  -12.446  59.168 0.0000000000
64366  -7.507  -13.202  59.561 0.0000000000
65381  -7.143  -12.558  62.196 0.0000000000
125773  -6.023  -13.377  61.227 0.0000000000
64364  -5.886  -13.922  59.940 0.0000000000
135621  -3.848  -14.617  59.814 0.0000000000
62444  -2.034  -15.438  59.888 0.0000000000
60505  -1.488  -16.981  59.870 0.0000000000
80429  -12.259  3.075  53.469 0.0000000000
136898  -12.339  4.804  53.249 0.0000000000
83025  -11.749  6.472  55.509 0.0000000000
83899  -10.715  7.251  60.127 0.0000000000
139460  -11.339  9.102  59.574 0.0000000000
86612  -11.405  10.386  58.653 0.0000000000
88297  -10.156  13.084  59.865 0.0000000000
88313  -10.795  12.877  58.723 0.0000000000
145775  -4.705  4.526  66.354 0.0000000000
126163  -3.542  4.597  66.402 0.0000000000
82095  -1.849  5.150  65.867 0.0000000000
78483  -2.381  2.098  66.469 0.0000000000
80351  -1.922  3.423  66.124 0.0000000000
82105  -1.651  5.414  65.186 0.0000000000
81227  -2.254  5.085  64.129 0.0000000000
82109  -3.268  5.243  63.531 0.0000000000
82110  -4.436  5.045  63.287 0.0000000000
127540  -1.351  -5.270  63.165 0.0000000000
74904  -1.436  -2.792  63.486 0.0000000000
76707  -1.770  -0.927  63.013 0.0000000000
75829  -2.395  -1.376  61.258 0.0000000000
76708  -2.284  -0.475  62.391 0.0000000000
77622  -2.834  0.278  63.534 0.0000000000
78494  -4.283  1.812  64.141 0.0000000000
81229  -5.164  4.423  63.256 0.0000000000
82117  -5.852  5.791  62.184 0.0000000000
82121  -6.888  5.636  61.252 0.0000000000
82126  -7.564  5.576  59.683 0.0000000000
82997  -7.830  6.385  58.467 0.0000000000
79478  -6.657  2.775  58.555 0.0000000000
131309  -7.775  4.720  57.954 0.0000000000
149939  -8.347  6.104  56.401 0.0000000000
83024  -8.541  6.766  55.293 0.0000000000
83952  -4.909  7.025  52.870 0.0000000000
83049  -2.646  6.490  53.469 0.0000000000
149380  -2.482  4.671  54.831 0.0000000000
81291  -2.309  5.105  53.492 0.0000000000
128945  -2.385  5.331  52.221 0.0000000000
80449  -3.437  3.628  51.823 0.0000000000
79557  -5.087  2.392  51.289 0.0000000000
141248  -5.893  1.214  50.507 0.0000000000
74985  -3.726  -2.432  53.377 0.0000000000
75902  -3.185  -1.667  52.513 0.0000000000
139674  -3.138  -1.576  51.016 0.0000000000
74057  -6.353  -3.793  49.564 0.0000000000
75008  -4.263  -2.372  49.965 0.0000000000
75936  -3.279  -1.337  50.319 0.0000000000
76830  -4.000  -0.117  49.859 0.0000000000
77767  -5.046  0.092  49.698 0.0000000000
77768  -6.771  0.360  49.470 0.0000000000
76867  -7.305  -0.889  48.024 0.0000000000
75063  -7.655  -2.603  46.594 0.0000000000
72341  -5.901  -4.734  44.838 0.0000000000
67357  -14.593  -10.818  58.172 0.0000000000
66381  -14.422  -11.118  57.182 0.0000000000
71392  -27.084  -6.969  45.851 0.0000000000
71417  -27.158  -6.022  44.798 0.0000000000
72355  -27.608  -5.297  44.694 0.0000000000
62373  -16.909  -15.004  67.570 0.0000000000
142280  -16.487  -15.533  68.966 0.0000000000
71416  -26.379  -6.182  44.496 0.0000000000
126907  -17.249  -15.807  67.174 0.0000000000
82388  -45.765  5.091  34.733 0.0000000000
125665  -45.833  5.855  34.229 0.0000000000
130973  -45.854  6.259  35.014 0.0000000000
82382  -46.052  5.437  35.602 0.0000000000
66463  -3.310  -11.527  50.691 0.0000000000
79558  -13.285  2.538  51.465 0.0000000000
125361  -13.185  1.929  51.765 0.0000000000
82102  -6.771  5.643  65.765 0.0000000000
82965  -6.987  6.487  65.497 0.0000000000
82101  -5.791  5.626  65.813 0.0000000000
67417  -3.650  -10.100  52.559 0.0000000000
68343  -27.017  -10.026  59.262 0.0000000000
68353  -27.737  -9.597  58.822 0.0000000000
69322  -24.674  -8.665  57.817 0.0000000000
146872  -24.406  -9.307  56.717 0.0000000000
147070  -26.225  -11.194  59.976 0.0000000000
66366  -26.181  -11.437  59.327 0.0000000000
67349  -26.627  -10.774  58.849 0.0000000000
135811  -22.016  -19.890  67.925 0.0000000000
68373  -24.144  -9.842  56.531 0.0000000000
58531  -22.000  -19.182  66.566 0.0000000000
81414  -53.241  4.883  39.836 0.0000000000
83206  -52.749  6.853  39.560 0.0000000000
83202  -52.269  5.999  39.774 0.0000000000
80545  -52.934  3.628  40.309 0.0000000000
80556  -53.502  3.295  39.770 0.0000000000
81415  -53.335  3.941  39.936 0.0000000000
135969  -53.634  4.725  39.483 0.0000000000
65478  -10.352  -12.444  51.613 0.0000000000
60519  -2.313  -17.265  58.608 0.0000000000
60528  -1.966  -16.658  57.882 0.0000000000
73971  -18.215  -3.035  61.750 0.0000000000
147411  -17.654  -2.430  61.547 0.0000000000
74941  -18.308  -2.282  62.652 0.0000000000
74911  -11.853  -2.723  64.531 0.0000000000
142502  -10.968  -3.158  64.203 0.0000000000
124667  -10.524  -3.406  64.744 0.0000000000
74910  -10.236  -3.122  63.646 0.0000000000
74909  -9.704  -3.319  64.300 0.0000000000
124849  -10.088  -2.830  62.596 0.0000000000
146422  -11.150  -11.091  51.575 0.0000000000
68405  -10.975  -10.182  51.164 0.0000000000
66425  -10.524  -10.948  51.060 0.0000000000
74030  -40.942  -3.384  54.607 0.0000000000
74037  -40.159  -3.792  52.385 0.0000000000
66342  -14.351  -11.541  64.619 0.0000000000
75087  -18.670  -2.412  45.315 0.0000000000
63482  -20.010  -14.498  53.832 0.0000000000
64447  -19.888  -14.074  52.996 0.0000000000
69320  -17.902  -8.393  56.947 0.0000000000
145642  -17.967  -7.863  56.344 0.0000000000
137475  -18.172  -7.471  56.999 0.0000000000
146877  -14.164  -10.559  65.597 0.0000000000
67321  -14.217  -10.672  64.828 0.0000000000
76881  -43.481  -0.534  48.997 0.0000000000
67495  -5.870  -10.633  46.292 0.0000000000
128480  -4.831  -10.555  46.112 0.0000000000
63331  -5.986  -14.514  66.676 0.0000000000
64296  -5.560  -13.847  66.414 0.0000000000
82127  -10.437  5.621  59.309 0.0000000000
133282  -10.170  5.209  59.885 0.0000000000
83889  -4.347  8.000  60.840 0.0000000000
83890  -5.384  7.616  60.852 0.0000000000
83886  -5.561  6.984  61.363 0.0000000000
72191  -3.011  -6.014  64.082 0.0000000000
146266  -2.412  -6.052  64.360 0.0000000000
71221  -2.320  -6.578  63.572 0.0000000000
75846  -3.632  -1.916  56.879 0.0000000000
124798  -3.924  -1.268  55.971 0.0000000000
125239  -3.748  -1.074  54.880 0.0000000000
68534  -3.613  -8.655  45.874 0.0000000000
129322  -4.336  -8.722  45.583 0.0000000000
78630  -6.982  1.973  50.490 0.0000000000
79583  -7.918  2.442  50.060 0.0000000000
77769  -7.588  1.048  49.684 0.0000000000
65380  -27.279  -12.705  63.043 0.0000000000
65379  -26.890  -11.746  63.488 0.0000000000
66339  -24.708  -11.391  65.469 0.0000000000
67324  -24.554  -10.034  65.070 0.0000000000
66345  -23.991  -10.573  64.624 0.0000000000
67329  -23.774  -10.310  63.720 0.0000000000
58533  -24.731  -19.480  67.077 0.0000000000
58534  -25.481  -19.649  66.680 0.0000000000
66350  -23.646  -11.254  63.846 0.0000000000
133032  -25.336  -17.935  66.497 0.0000000000
132622  -24.620  -17.978  66.533 0.0000000000
142155  -24.325  -18.028  66.531 0.0000000000
79675  -48.819  2.187  40.351 0.0000000000
78775  -48.292  1.431  40.695 0.0000000000
127862  -46.459  3.454  44.065 0.0000000000
81379  -45.683  5.607  45.724 0.0000000000
81373  -46.021  4.801  45.929 0.0000000000
66410  -12.573  -11.209  54.711 0.0000000000
66409  -11.886  -11.635  54.725 0.0000000000
64380  -7.708  -13.422  58.711 0.0000000000
64388  -7.830  -13.695  57.745 0.0000000000
64379  -6.425  -14.182  58.749 0.0000000000
71245  -15.113  -5.823  60.951 0.0000000000
73095  -13.882  -4.758  58.739 0.0000000000
73094  -13.348  -4.342  58.160 0.0000000000
67380  -13.716  -10.770  55.247 0.0000000000
67391  -14.199  -9.737  54.718 0.0000000000
67390  -13.676  -10.255  54.535 0.0000000000
68386  -39.119  -9.744  55.560 0.0000000000
68398  -39.797  -9.565  55.033 0.0000000000
68387  -39.906  -9.325  55.973 0.0000000000
68378  -40.403  -8.515  56.319 0.0000000000
69337  -39.852  -8.713  56.408 0.0000000000
70374  -29.578  -7.386  50.766 0.0000000000
70399  -30.291  -7.070  49.090 0.0000000000
74104  -30.278  -3.525  45.525 0.0000000000
73206  -30.993  -3.889  45.816 0.0000000000
74090  -30.867  -3.061  45.867 0.0000000000
65344  -14.798  -11.656  68.477 0.0000000000
134092  -14.468  -19.076  67.556 0.0000000000
58529  -13.498  -20.171  66.486 0.0000000000
61481  -18.315  -16.659  61.478 0.0000000000
61488  -18.044  -16.043  60.175 0.0000000000
61480  -17.938  -16.109  60.982 0.0000000000
64349  -17.420  -13.789  61.812 0.0000000000
135432  -17.433  -12.940  61.441 0.0000000000
128140  -17.393  -12.262  61.955 0.0000000000
137836  -15.409  -11.639  68.266 0.0000000000
66333  -14.899  -11.004  68.104 0.0000000000
82462  -48.259  5.960  26.984 0.0000000000
127702  -48.838  6.480  27.000 0.0000000000
67480  -2.643  -10.776  47.510 0.0000000000
67472  -2.553  -10.674  48.552 0.0000000000
143309  -2.810  -15.650  46.102 0.0000000000
82111  -9.521  5.653  63.647 0.0000000000
82981  -9.916  6.291  63.115 0.0000000000
82975  -9.842  6.372  64.087 0.0000000000
87445  -8.983  11.241  65.494 0.0000000000
87446  -9.491  11.159  65.284 0.0000000000
88277  -9.136  11.963  65.471 0.0000000000
88274  -8.953  12.892  65.923 0.0000000000
89154  -8.772  13.546  66.275 0.0000000000
88276  -8.405  13.074  65.931 0.0000000000
150353  -5.655  12.242  61.948 0.0000000000
87460  -4.885  12.037  61.661 0.0000000000
84786  -2.086  7.843  63.764 0.0000000000
84795  -1.990  8.151  63.212 0.0000000000
83870  -1.820  7.196  63.840 0.0000000000
69317  -4.614  -8.660  57.248 0.0000000000
71297  -5.444  -6.725  54.477 0.0000000000
68466  -3.008  -9.437  49.429 0.0000000000
68476  -3.037  -9.275  48.304 0.0000000000
83981  -2.410  7.662  51.780 0.0000000000
83089  -2.351  7.286  51.100 0.0000000000
82207  -2.400  6.376  51.386 0.0000000000
82208  -2.906  5.761  50.763 0.0000000000
69294  -31.101  -7.522  60.933 0.0000000000
69304  -31.799  -8.059  60.838 0.0000000000
132585  -31.090  -7.285  60.844 0.0000000000
70234  -31.555  -7.327  60.522 0.0000000000
70233  -30.726  -6.913  60.644 0.0000000000
71238  -26.502  -6.701  62.490 0.0000000000
70269  -27.243  -7.480  56.532 0.0000000000
125949  -28.791  -7.405  56.252 0.0000000000
70312  -28.286  -7.485  54.530 0.0000000000
70287  -27.704  -7.535  55.067 0.0000000000
69396  -25.756  -8.516  51.061 0.0000000000
69397  -26.458  -8.212  51.416 0.0000000000
69413  -26.352  -8.171  49.761 0.0000000000
69404  -25.713  -8.512  50.244 0.0000000000
59475  -19.053  -18.483  67.518 0.0000000000
59462  -18.901  -19.039  68.733 0.0000000000
55128  -19.712  -21.878  66.065 0.0000000000
129881  -25.037  -8.849  49.928 0.0000000000
69403  -25.093  -8.831  50.718 0.0000000000
66398  -23.086  -12.235  55.697 0.0000000000
66413  -23.092  -12.119  54.842 0.0000000000
65439  -22.642  -12.804  55.133 0.0000000000
63381  -23.236  -14.067  62.225 0.0000000000
64350  -23.176  -13.564  61.486 0.0000000000
61482  -21.651  -16.916  61.058 0.0000000000
60497  -21.188  -17.106  60.694 0.0000000000
60488  -21.127  -17.402  61.347 0.0000000000
60496  -20.492  -17.332  60.713 0.0000000000
124513  -20.754  -17.783  62.060 0.0000000000
146520  -19.815  -18.975  67.017 0.0000000000
84153  -50.561  7.444  37.784 0.0000000000
85042  -50.906  9.147  38.147 0.0000000000
89364  -51.320  13.768  39.773 0.0000000000
89374  -51.478  14.014  39.226 0.0000000000
89372  -50.481  14.278  39.845 0.0000000000
89371  -49.899  14.993  39.324 0.0000000000
88495  -49.721  13.820  40.055 0.0000000000
84109  -48.746  8.284  42.812 0.0000000000
84154  -52.382  7.534  37.405 0.0000000000
83250  -52.282  6.228  36.953 0.0000000000
134460  -51.518  7.498  37.551 0.0000000000
83229  -50.849  6.672  37.457 0.0000000000
66451  -6.923  -11.266  50.861 0.0000000000
65510  -7.179  -12.698  50.438 0.0000000000
61554  -3.241  -16.576  53.047 0.0000000000
61561  -2.755  -16.785  52.480 0.0000000000
63451  -6.951  -15.182  55.641 0.0000000000
62501  -6.151  -15.548  55.259 0.0000000000
75844  -14.074  -1.691  57.063 0.0000000000
144036  -14.057  0.159  60.833 0.0000000000
77656  -13.367  0.228  59.464 0.0000000000
77652  -13.406  0.536  60.500 0.0000000000
77651  -12.764  1.025  60.487 0.0000000000
75821  -16.903  -0.869  64.678 0.0000000000
75820  -15.720  -1.055  64.844 0.0000000000
76703  -11.082  -0.314  64.331 0.0000000000
77628  -11.524  0.315  63.467 0.0000000000
77637  -10.868  0.754  62.612 0.0000000000
77636  -9.935  0.742  62.670 0.0000000000
77612  -8.474  -0.219  65.929 0.0000000000
77611  -7.817  0.379  66.512 0.0000000000
76684  -7.673  -1.661  67.965 0.0000000000
74906  -6.672  -3.076  64.273 0.0000000000
74916  -6.021  -3.165  63.622 0.0000000000
74931  -6.044  -2.984  62.517 0.0000000000
74004  -10.770  -3.570  56.876 0.0000000000
72243  -8.011  -4.939  56.177 0.0000000000
72242  -7.300  -5.457  56.650 0.0000000000
71281  -6.974  -6.369  56.524 0.0000000000
71289  -7.338  -6.654  55.758 0.0000000000
67453  -7.830  -11.163  50.764 0.0000000000
67438  -7.269  -10.602  51.171 0.0000000000
137474  -44.984  -2.624  51.999 0.0000000000
74998  -45.506  -2.146  51.830 0.0000000000
71333  -42.091  -6.357  53.465 0.0000000000
72282  -42.422  -5.538  53.029 0.0000000000
72277  -42.585  -5.597  54.145 0.0000000000
76780  -41.995  -0.591  54.573 0.0000000000
76793  -42.300  -0.128  54.281 0.0000000000
76794  -42.870  -0.103  53.778 0.0000000000
77731  -42.249  0.768  53.951 0.0000000000
78594  -42.105  1.526  53.517 0.0000000000
77755  -38.842  0.813  52.780 0.0000000000
67356  -34.990  -9.974  58.445 0.0000000000
67367  -35.368  -10.238  57.972 0.0000000000
68361  -35.276  -9.611  58.489 0.0000000000
145012  -36.413  -7.368  53.618 0.0000000000
127532  -36.950  -7.584  54.458 0.0000000000
146813  -37.018  -7.382  53.750 0.0000000000
71317  -38.060  -6.972  53.149 0.0000000000
70353  -37.124  -7.132  53.095 0.0000000000
71358  -33.692  -6.733  49.135 0.0000000000
65392  -14.414  -12.427  60.703 0.0000000000
62408  -10.674  -15.465  63.727 0.0000000000
60454  -13.804  -17.237  64.937 0.0000000000
61455  -13.629  -16.933  64.381 0.0000000000
60431  -8.030  -16.825  65.887 0.0000000000
60448  -7.219  -16.726  65.178 0.0000000000
60463  -7.185  -17.034  64.259 0.0000000000
56313  -16.143  -21.223  67.634 0.0000000000
57471  -16.085  -21.043  68.037 0.0000000000
57520  -13.320  -20.143  62.678 0.0000000000
57530  -12.938  -19.861  62.151 0.0000000000
76871  -16.555  -0.675  48.344 0.0000000000
76891  -16.465  0.280  48.028 0.0000000000
76870  -15.934  0.019  48.718 0.0000000000
76869  -15.434  -0.087  49.440 0.0000000000
76851  -15.932  -0.762  49.163 0.0000000000
143639  -23.004  -10.076  48.010 0.0000000000
67476  -22.515  -10.612  48.273 0.0000000000
68478  -19.265  -10.233  48.066 0.0000000000
68493  -19.549  -9.860  47.269 0.0000000000
68492  -19.055  -9.492  47.806 0.0000000000
69427  -19.149  -8.940  47.219 0.0000000000
65438  -17.444  -12.249  55.223 0.0000000000
133632  -18.214  -7.861  51.280 0.0000000000
71345  -18.211  -6.497  50.569 0.0000000000
71354  -18.337  -6.431  49.670 0.0000000000
146345  -18.165  -5.931  50.108 0.0000000000
72293  -17.922  -5.764  50.693 0.0000000000
73141  -16.400  -4.468  53.715 0.0000000000
134105  -16.419  -4.243  52.840 0.0000000000
74029  -15.937  -3.812  53.329 0.0000000000
74035  -15.473  -3.210  52.872 0.0000000000
74028  -15.439  -3.389  53.663 0.0000000000
72229  -17.972  -5.516  58.698 0.0000000000
70202  -16.445  -7.534  64.962 0.0000000000
70206  -17.930  -7.009  64.341 0.0000000000
71222  -16.826  -6.407  64.004 0.0000000000
66356  -14.523  -11.108  62.162 0.0000000000
67335  -14.466  -10.248  61.935 0.0000000000
88533  -47.733  12.746  35.276 0.0000000000
87682  -47.263  11.791  34.924 0.0000000000
76885  -48.137  -0.730  49.389 0.0000000000
77787  -48.388  0.083  48.903 0.0000000000
78727  -43.330  1.764  45.598 0.0000000000
79631  -42.783  2.278  45.073 0.0000000000
68539  -8.853  -9.232  45.798 0.0000000000
63575  -5.280  -15.078  44.646 0.0000000000
62596  -5.712  -15.649  44.371 0.0000000000
138431  -2.125  -16.001  50.531 0.0000000000
64346  -9.634  -13.188  61.123 0.0000000000
64355  -9.710  -12.909  60.345 0.0000000000
65384  -9.050  -12.774  61.519 0.0000000000
146075  -3.031  -14.148  63.100 0.0000000000
63373  -2.421  -14.511  63.156 0.0000000000
63383  -2.007  -15.005  62.342 0.0000000000
80413  -11.420  3.417  55.542 0.0000000000
86591  -10.388  10.641  61.732 0.0000000000
87466  -10.256  11.315  60.861 0.0000000000
84835  -7.905  8.994  56.922 0.0000000000
85730  -7.744  9.835  56.649 0.0000000000
84836  -8.322  8.309  56.407 0.0000000000
77602  -4.075  0.929  66.971 0.0000000000
77613  -1.567  0.267  65.152 0.0000000000
77610  -1.580  0.729  65.541 0.0000000000
77614  -1.876  0.769  64.872 0.0000000000
78492  -2.277  1.559  64.988 0.0000000000
77615  -2.944  0.862  64.316 0.0000000000
73972  -1.812  -4.452  59.724 0.0000000000
77650  -4.145  0.803  60.710 0.0000000000
134335  -3.550  0.461  61.208 0.0000000000
78505  -5.064  1.172  61.062 0.0000000000
78500  -5.269  1.289  62.094 0.0000000000
78506  -5.876  1.705  61.368 0.0000000000
79464  -6.382  2.161  60.714 0.0000000000
78513  -5.597  1.620  60.465 0.0000000000
81260  -5.426  3.980  56.171 0.0000000000
81271  -5.898  4.415  55.472 0.0000000000
130657  -4.766  4.552  55.678 0.0000000000
82160  -4.064  5.169  55.261 0.0000000000
81270  -3.635  4.655  55.841 0.0000000000
77733  -2.835  0.547  52.313 0.0000000000
78595  -2.883  1.512  52.409 0.0000000000
78610  -3.010  1.063  51.683 0.0000000000
73152  -6.950  -4.797  51.203 0.0000000000
73159  -6.989  -4.768  50.487 0.0000000000
74076  -6.143  -3.884  47.692 0.0000000000
74075  -5.804  -3.270  47.248 0.0000000000
75991  -5.352  -2.155  47.811 0.0000000000
75061  -5.887  -3.283  46.789 0.0000000000
75062  -6.011  -3.030  46.637 0.0000000000
74086  -5.900  -3.696  46.272 0.0000000000
69459  -8.671  -8.610  45.349 0.0000000000
64313  -28.169  -13.587  64.662 0.0000000000
144270  -27.021  -13.833  65.900 0.0000000000
64311  -26.959  -13.098  65.668 0.0000000000
64310  -25.927  -12.686  65.838 0.0000000000
64309  -24.912  -12.844  65.665 0.0000000000
60425  -26.761  -17.038  66.051 0.0000000000
60424  -25.754  -17.025  66.300 0.0000000000
77855  -47.857  0.450  43.833 0.0000000000
77845  -48.295  0.598  44.681 0.0000000000
78741  -48.427  1.137  45.345 0.0000000000
131169  -13.307  -11.705  56.222 0.0000000000
66379  -12.362  -11.783  55.813 0.0000000000
65429  -12.448  -12.141  56.502 0.0000000000
140585  -9.919  -12.430  57.823 0.0000000000
65408  -9.505  -12.460  58.399 0.0000000000
69286  -14.407  -8.259  60.339 0.0000000000
133726  -14.482  -7.033  60.124 0.0000000000
127408  -14.436  -7.923  58.861 0.0000000000
70253  -14.462  -7.503  58.149 0.0000000000
125000  -14.430  -7.113  57.468 0.0000000000
137831  -14.542  -7.948  57.366 0.0000000000
141776  -14.494  -10.404  56.529 0.0000000000
143688  -14.200  -10.651  55.815 0.0000000000
67397  -37.362  -10.245  54.749 0.0000000000
129680  -37.053  -10.417  55.612 0.0000000000
71380  -28.778  -6.685  47.368 0.0000000000
72345  -29.250  -5.102  45.459 0.0000000000
73204  -29.637  -4.156  45.278 0.0000000000
145267  -28.968  -2.895  44.984 0.0000000000
74102  -28.955  -3.582  44.869 0.0000000000
137852  -16.006  -13.061  68.528 0.0000000000
64293  -15.638  -13.350  69.017 0.0000000000
64290  -15.279  -13.840  69.316 0.0000000000
61409  -15.206  -16.018  69.522 0.0000000000
143345  -14.788  -17.776  68.913 0.0000000000
60405  -15.045  -17.669  69.349 0.0000000000
72367  -25.128  -5.743  43.707 0.0000000000
71427  -24.269  -6.153  43.582 0.0000000000
61467  -17.592  -16.066  63.408 0.0000000000
142452  -17.318  -14.771  64.654 0.0000000000
128336  -17.252  -13.937  64.459 0.0000000000
63334  -16.527  -13.476  67.691 0.0000000000
137981  -16.047  -12.458  68.088 0.0000000000
82435  -47.515  5.497  30.505 0.0000000000
82436  -48.608  6.069  30.363 0.0000000000
82423  -47.131  5.608  31.348 0.0000000000
81532  -46.381  4.675  30.845 0.0000000000
148029  -2.644  -10.908  50.217 0.0000000000
66479  -2.325  -11.531  49.907 0.0000000000
65525  -1.966  -12.429  49.862 0.0000000000
64518  -1.977  -14.090  49.002 0.0000000000
82967  -9.140  6.633  65.346 0.0000000000
148528  -8.574  6.549  65.488 0.0000000000
85683  -8.131  9.386  65.037 0.0000000000
85680  -9.023  9.713  65.385 0.0000000000
85691  -7.638  9.848  64.504 0.0000000000
84799  -6.207  9.004  63.878 0.0000000000
85690  -6.911  9.791  63.746 0.0000000000
142606  -6.211  9.538  63.455 0.0000000000
85696  -6.129  9.997  63.054 0.0000000000
85689  -5.512  9.354  63.225 0.0000000000
85695  -5.151  9.885  62.583 0.0000000000
82969  -4.626  7.040  65.003 0.0000000000
139762  -4.201  7.588  64.580 0.0000000000
83872  -3.409  7.233  64.808 0.0000000000
125708  -4.215  -9.842  54.402 0.0000000000
68401  -3.816  -9.659  53.959 0.0000000000
68400  -3.477  -9.351  53.780 0.0000000000
69377  -3.588  -8.932  52.992 0.0000000000
68438  -3.220  -9.568  51.597 0.0000000000
68453  -2.765  -10.155  50.055 0.0000000000
147523  -29.366  -9.966  57.714 0.0000000000
148883  -28.635  -10.133  57.641 0.0000000000
68345  -28.304  -8.892  59.387 0.0000000000
69313  -29.205  -8.877  59.193 0.0000000000
69302  -29.981  -8.179  60.486 0.0000000000
70229  -24.959  -7.568  60.874 0.0000000000
69323  -25.048  -8.356  57.400 0.0000000000
70255  -25.722  -7.913  57.470 0.0000000000
141767  -25.924  -7.907  56.663 0.0000000000
69345  -26.332  -7.951  55.305 0.0000000000
134299  -25.722  -8.142  55.971 0.0000000000
69371  -24.960  -8.920  54.226 0.0000000000
69386  -25.034  -8.847  53.253 0.0000000000
68413  -24.498  -9.373  53.604 0.0000000000
59476  -20.698  -19.421  67.149 0.0000000000
58518  -20.109  -19.871  68.347 0.0000000000
145060  -21.697  -21.341  68.203 0.0000000000
56309  -21.096  -21.583  68.239 0.0000000000
68428  -24.528  -9.314  52.699 0.0000000000
67383  -23.831  -10.501  55.814 0.0000000000
66399  -23.449  -11.414  55.499 0.0000000000
66384  -23.375  -11.645  56.946 0.0000000000
141665  -23.259  -17.065  64.368 0.0000000000
134175  -22.558  -17.722  64.127 0.0000000000
59507  -21.476  -18.785  64.785 0.0000000000
58530  -21.172  -19.388  66.573 0.0000000000
148786  -53.952  8.642  38.047 0.0000000000
85939  -53.565  9.373  38.109 0.0000000000
85044  -53.857  8.975  38.182 0.0000000000
85915  -52.648  9.918  39.437 0.0000000000
85910  -51.533  10.090  40.289 0.0000000000
84100  -46.531  8.261  44.344 0.0000000000
85009  -47.139  8.721  44.041 0.0000000000
83213  -54.227  6.517  38.387 0.0000000000
83233  -54.407  6.327  37.799 0.0000000000
84134  -54.320  7.067  37.908 0.0000000000
83232  -54.160  6.828  37.546 0.0000000000
67454  -8.706  -11.052  50.688 0.0000000000
65512  -8.652  -12.482  50.642 0.0000000000
63504  -8.388  -14.384  51.374 0.0000000000
62536  -7.155  -15.482  52.509 0.0000000000
62466  -3.748  -15.372  57.215 0.0000000000
62480  -2.852  -15.693  56.615 0.0000000000
62479  -2.139  -15.957  56.922 0.0000000000
60529  -2.294  -17.067  57.513 0.0000000000
60530  -3.174  -17.585  57.137 0.0000000000
147863  -3.479  -17.777  56.587 0.0000000000
74962  -15.516  -2.298  59.218 0.0000000000
75841  -14.788  -1.919  58.606 0.0000000000
75834  -15.771  -1.141  60.960 0.0000000000
149228  -15.413  -1.354  60.276 0.0000000000
76719  -14.554  -0.337  60.664 0.0000000000
74896  -12.318  -2.145  66.237 0.0000000000
75812  -11.523  -1.591  66.258 0.0000000000
76694  -10.740  -0.899  65.300 0.0000000000
75809  -11.077  -2.415  66.760 0.0000000000
73942  -10.347  -3.442  66.694 0.0000000000
75803  -9.692  -2.990  67.606 0.0000000000
75807  -9.312  -2.246  67.614 0.0000000000
74884  -9.230  -3.364  67.473 0.0000000000
74908  -8.897  -3.094  63.914 0.0000000000
125785  -8.194  -2.898  63.594 0.0000000000
127106  -11.895  -6.165  53.269 0.0000000000
72262  -11.150  -5.102  54.317 0.0000000000
71313  -11.252  -6.177  53.151 0.0000000000
71323  -10.148  -6.823  52.592 0.0000000000
71311  -9.619  -6.408  53.302 0.0000000000
70326  -9.297  -7.053  52.835 0.0000000000
70325  -8.454  -7.394  53.283 0.0000000000
67421  -9.620  -10.834  50.755 0.0000000000
69393  -9.015  -9.092  51.295 0.0000000000
67440  -8.894  -10.370  50.815 0.0000000000
73172  -42.558  -4.310  49.876 0.0000000000
73173  -43.134  -3.879  50.455 0.0000000000
73130  -41.678  -4.796  55.683 0.0000000000
73131  -42.107  -4.520  55.559 0.0000000000
74989  -41.001  -2.409  54.235 0.0000000000
74982  -41.468  -2.807  54.955 0.0000000000
74990  -41.465  -1.721  54.596 0.0000000000
75898  -41.057  -0.869  54.168 0.0000000000
76823  -39.587  0.686  53.185 0.0000000000
144875  -39.639  -0.802  51.817 0.0000000000
126442  -34.267  -7.819  57.613 0.0000000000
70264  -35.250  -8.179  57.728 0.0000000000
127174  -34.775  -7.516  54.991 0.0000000000
70332  -34.998  -7.461  53.621 0.0000000000
62423  -14.159  -14.721  62.755 0.0000000000
64339  -14.365  -13.673  62.527 0.0000000000
59487  -9.890  -18.569  66.139 0.0000000000
60464  -8.205  -17.343  64.186 0.0000000000
56358  -16.838  -20.794  63.812 0.0000000000
57513  -16.101  -20.585  63.176 0.0000000000
75067  -17.925  -1.574  46.784 0.0000000000
141596  -17.482  -1.562  47.519 0.0000000000
75996  -17.122  -0.953  47.743 0.0000000000
65496  -21.548  -12.767  51.220 0.0000000000
142201  -21.656  -11.830  49.283 0.0000000000
65516  -21.201  -12.618  50.389 0.0000000000
65494  -19.863  -13.064  51.025 0.0000000000
65515  -20.376  -12.823  50.515 0.0000000000
65514  -19.600  -12.518  50.432 0.0000000000
66481  -19.382  -11.660  49.502 0.0000000000
66471  -19.091  -11.873  50.166 0.0000000000
67382  -17.486  -10.674  56.205 0.0000000000
137420  -17.475  -10.575  55.413 0.0000000000
68372  -17.552  -9.844  55.962 0.0000000000
69357  -17.742  -8.162  54.731 0.0000000000
69356  -17.639  -8.935  54.535 0.0000000000
143606  -17.773  -7.834  53.497 0.0000000000
71316  -17.767  -7.129  53.592 0.0000000000
130719  -17.573  -6.396  54.896 0.0000000000
142844  -17.244  -5.713  54.733 0.0000000000
72254  -17.325  -5.753  55.511 0.0000000000
144340  -18.310  -6.939  57.397 0.0000000000
70254  -18.385  -6.814  58.021 0.0000000000
72230  -18.262  -6.191  58.356 0.0000000000
68308  -15.972  -9.108  66.276 0.0000000000
69266  -14.758  -8.851  65.905 0.0000000000
69267  -15.327  -8.509  65.929 0.0000000000
130509  -14.828  -8.445  65.203 0.0000000000
67327  -14.342  -10.529  63.819 0.0000000000
67332  -14.409  -10.401  62.861 0.0000000000
76863  -46.011  -0.412  49.964 0.0000000000
76883  -45.723  -0.159  49.117 0.0000000000
148791  -45.309  -0.357  49.452 0.0000000000
76902  -44.373  -0.200  47.870 0.0000000000
145549  -43.520  -0.381  47.516 0.0000000000
68516  -7.125  -9.745  46.128 0.0000000000
67496  -6.754  -10.355  46.349 0.0000000000
135250  -7.052  -11.917  46.587 0.0000000000
66513  -7.584  -11.445  46.607 0.0000000000
64543  -7.703  -13.130  46.276 0.0000000000
131965  -6.083  -17.542  44.807 0.0000000000
144742  -8.199  -12.880  63.990 0.0000000000
65358  -7.611  -12.582  63.897 0.0000000000
65357  -7.009  -12.613  64.234 0.0000000000
80395  -10.806  3.792  57.928 0.0000000000
81253  -10.809  4.574  57.706 0.0000000000
82998  -10.737  6.267  58.791 0.0000000000
82133  -10.908  5.937  58.076 0.0000000000
83911  -11.436  7.844  57.882 0.0000000000
84825  -11.290  8.176  58.770 0.0000000000
90007  -9.507  14.382  62.755 0.0000000000
85708  -2.728  9.966  59.933 0.0000000000
143934  -6.900  8.185  59.298 0.0000000000
84824  -7.279  8.294  58.677 0.0000000000
83897  -7.276  7.661  59.172 0.0000000000
125388  -3.637  -3.589  66.309 0.0000000000
75806  -2.928  -2.247  66.678 0.0000000000
73937  -1.701  -3.982  65.395 0.0000000000
74888  -1.975  -3.069  65.789 0.0000000000
144413  -1.497  -3.037  65.173 0.0000000000
125148  -1.392  -2.421  64.474 0.0000000000
73993  -2.238  -3.938  57.578 0.0000000000
74953  -2.881  -2.968  58.945 0.0000000000
137044  -2.687  -3.146  57.687 0.0000000000
75839  -3.588  -1.545  58.616 0.0000000000
76726  -3.702  -0.714  58.584 0.0000000000
76722  -3.428  -0.150  59.290 0.0000000000
140648  -3.567  0.581  59.041 0.0000000000
138351  -3.717  0.975  58.673 0.0000000000
77671  -4.040  0.927  56.868 0.0000000000
145005  -3.810  1.390  57.546 0.0000000000
78541  -3.488  1.969  57.099 0.0000000000
79494  -3.304  2.768  57.128 0.0000000000
145527  -3.253  2.529  56.634 0.0000000000
79502  -3.153  2.558  55.743 0.0000000000
77702  -3.711  0.603  54.717 0.0000000000
76782  -3.478  0.030  53.934 0.0000000000
77714  -3.027  0.314  53.165 0.0000000000
76781  -3.202  -0.491  53.287 0.0000000000
71364  -5.950  -7.021  47.850 0.0000000000
71377  -5.648  -6.475  46.909 0.0000000000
71389  -4.926  -6.368  45.808 0.0000000000
124978  -5.138  -5.740  45.329 0.0000000000
135985  -5.370  -8.905  45.556 0.0000000000
68537  -6.467  -9.057  45.638 0.0000000000
147165  -6.835  -8.526  45.331 0.0000000000
75994  -8.914  -1.329  47.483 0.0000000000
141585  -8.538  -1.845  47.212 0.0000000000
69280  -26.331  -7.418  63.027 0.0000000000
69275  -26.021  -8.030  63.682 0.0000000000
68313  -24.950  -9.263  64.745 0.0000000000
68314  -25.443  -9.338  64.721 0.0000000000
69273  -25.285  -7.862  63.734 0.0000000000
69279  -24.817  -7.895  63.433 0.0000000000
132417  -24.623  -7.795  62.460 0.0000000000
68328  -23.875  -9.569  61.214 0.0000000000
68333  -23.876  -9.626  60.230 0.0000000000
66359  -26.284  -11.877  61.149 0.0000000000
139691  -23.749  -19.931  67.579 0.0000000000
56328  -25.040  -21.655  66.398 0.0000000000
129305  -24.413  -21.946  66.614 0.0000000000
56329  -25.744  -21.380  66.084 0.0000000000
67344  -23.646  -10.422  59.762 0.0000000000
67341  -23.661  -10.388  60.728 0.0000000000
65370  -23.595  -12.287  63.757 0.0000000000
129067  -23.450  -11.669  62.083 0.0000000000
146116  -23.507  -12.988  63.143 0.0000000000
127991  -24.510  -13.647  65.406 0.0000000000
63346  -24.596  -14.628  65.571 0.0000000000
62394  -24.359  -15.170  65.374 0.0000000000
125976  -23.767  -14.591  64.445 0.0000000000
62405  -24.020  -15.281  64.950 0.0000000000
59478  -23.867  -18.689  67.031 0.0000000000
131181  -51.518  4.216  40.319 0.0000000000
132309  -50.436  4.013  40.143 0.0000000000
80540  -47.844  3.912  40.053 0.0000000000
127401  -48.585  4.744  39.997 0.0000000000
127159  -47.701  4.936  40.463 0.0000000000
129033  -46.991  1.312  41.802 0.0000000000
78760  -46.686  2.153  41.552 0.0000000000
79657  -46.433  2.820  42.220 0.0000000000
81394  -46.420  4.429  42.659 0.0000000000
82310  -46.717  5.232  42.375 0.0000000000
82301  -46.714  5.779  43.384 0.0000000000
83183  -46.942  6.673  44.109 0.0000000000
127751  -46.426  5.947  44.393 0.0000000000
82283  -45.423  6.285  45.486 0.0000000000
83164  -45.349  6.885  45.168 0.0000000000
82291  -44.251  6.186  43.736 0.0000000000
130137  -11.871  -11.252  53.057 0.0000000000
65464  -11.382  -11.969  53.357 0.0000000000
64417  -10.046  -13.077  55.132 0.0000000000
64429  -9.066  -13.896  55.261 0.0000000000
63453  -8.391  -14.341  55.398 0.0000000000
65427  -10.677  -12.344  56.565 0.0000000000
135074  -10.832  -12.298  55.823 0.0000000000
64390  -9.292  -12.966  57.131 0.0000000000
63428  -7.674  -14.279  56.855 0.0000000000
133240  -6.861  -14.833  56.537 0.0000000000
129743  -6.352  -14.789  57.181 0.0000000000
63415  -4.737  -14.737  58.615 0.0000000000
63425  -4.554  -15.053  57.885 0.0000000000
62455  -3.090  -15.296  58.335 0.0000000000
62445  -2.554  -15.395  59.071 0.0000000000
73068  -18.312  -4.221  63.320 0.0000000000
139719  -18.563  -3.539  63.309 0.0000000000
73963  -15.389  -3.165  61.965 0.0000000000
139340  -14.528  -6.248  59.852 0.0000000000
72213  -14.738  -5.676  60.300 0.0000000000
73979  -14.097  -4.068  59.764 0.0000000000
73969  -14.509  -3.844  60.496 0.0000000000
74950  -14.392  -3.069  61.151 0.0000000000
74938  -13.546  -2.684  60.998 0.0000000000
144707  -12.987  -2.986  59.792 0.0000000000
147161  -12.276  -2.448  60.917 0.0000000000
147454  -11.119  -2.489  60.334 0.0000000000
128212  -12.088  -3.377  58.107 0.0000000000
149099  -14.341  -6.802  56.915 0.0000000000
71282  -14.089  -6.272  56.665 0.0000000000
71291  -14.298  -6.919  56.166 0.0000000000
126925  -13.756  -6.633  54.771 0.0000000000
72264  -13.240  -5.958  54.835 0.0000000000
71301  -13.336  -6.608  54.060 0.0000000000
147796  -12.798  -6.106  54.060 0.0000000000
70327  -13.373  -7.227  53.534 0.0000000000
67404  -12.625  -10.478  53.324 0.0000000000
68407  -12.683  -9.754  52.694 0.0000000000
67403  -12.223  -10.438  52.536 0.0000000000
70354  -41.114  -7.434  52.665 0.0000000000
69390  -40.620  -8.087  52.830 0.0000000000
133887  -39.251  -9.294  53.282 0.0000000000
69374  -40.737  -8.919  54.833 0.0000000000
69375  -41.187  -8.368  54.767 0.0000000000
134441  -41.272  -7.788  53.767 0.0000000000
71307  -41.927  -6.810  55.290 0.0000000000
70321  -41.527  -7.284  55.674 0.0000000000
71306  -40.495  -6.227  55.611 0.0000000000
72266  -40.100  -5.873  54.633 0.0000000000
124890  -31.204  -7.499  52.855 0.0000000000
141509  -31.552  -7.514  52.113 0.0000000000
70387  -31.678  -7.239  49.784 0.0000000000
70388  -32.409  -7.159  49.638 0.0000000000
71371  -32.445  -6.585  48.324 0.0000000000
71382  -30.378  -6.395  47.620 0.0000000000
71369  -30.754  -6.729  48.339 0.0000000000
72320  -30.841  -5.897  47.031 0.0000000000
72321  -31.664  -5.765  47.134 0.0000000000
71385  -32.742  -6.144  47.762 0.0000000000
65348  -14.167  -11.787  66.768 0.0000000000
148616  -14.538  -14.354  65.841 0.0000000000
62392  -14.616  -15.756  65.884 0.0000000000
134018  -14.598  -14.456  68.815 0.0000000000
62372  -14.615  -15.336  68.265 0.0000000000
60411  -14.494  -18.127  67.004 0.0000000000
60418  -14.446  -17.336  66.114 0.0000000000
59490  -13.313  -18.666  65.945 0.0000000000
57478  -11.921  -20.184  65.898 0.0000000000
58527  -11.501  -19.725  66.084 0.0000000000
58549  -11.265  -19.918  65.217 0.0000000000
147320  -19.429  -4.619  44.515 0.0000000000
61507  -18.862  -16.105  58.006 0.0000000000
61517  -18.976  -15.895  57.276 0.0000000000
62469  -18.377  -15.623  57.631 0.0000000000
62456  -17.763  -15.278  58.814 0.0000000000
62468  -17.841  -15.260  57.981 0.0000000000
136231  -17.512  -13.905  56.967 0.0000000000
62433  -17.512  -15.319  62.075 0.0000000000
140222  -17.601  -15.441  61.259 0.0000000000
63392  -17.444  -14.626  61.491 0.0000000000
64373  -17.423  -13.368  59.935 0.0000000000
135874  -17.422  -13.184  59.192 0.0000000000
130439  -17.399  -13.052  58.457 0.0000000000
65413  -17.434  -12.108  58.266 0.0000000000
141507  -17.452  -11.817  60.059 0.0000000000
67347  -17.465  -10.840  59.043 0.0000000000
138304  -17.524  -10.234  59.520 0.0000000000
66353  -17.296  -11.585  62.525 0.0000000000
67336  -17.353  -10.676  62.356 0.0000000000
67322  -16.640  -10.275  65.583 0.0000000000
67314  -14.663  -10.620  67.691 0.0000000000
67313  -14.418  -10.422  67.206 0.0000000000
77764  -40.923  1.064  50.425 0.0000000000
77773  -40.620  0.607  49.577 0.0000000000
68513  -2.957  -9.734  46.479 0.0000000000
65550  -3.214  -11.918  46.561 0.0000000000
65563  -3.617  -12.926  46.210 0.0000000000
140220  -3.902  -13.530  45.773 0.0000000000
64554  -3.406  -13.961  45.775 0.0000000000
65541  -2.440  -12.000  48.207 0.0000000000
63556  -2.846  -15.172  45.406 0.0000000000
64553  -3.018  -14.330  45.850 0.0000000000
63572  -2.836  -15.541  44.842 0.0000000000
63573  -3.213  -15.407  44.697 0.0000000000
144396  -3.113  -15.926  44.596 0.0000000000
61638  -3.723  -16.338  44.613 0.0000000000
60429  -4.320  -17.372  65.707 0.0000000000
82120  -10.067  6.039  61.085 0.0000000000
82986  -9.927  6.186  62.079 0.0000000000
83882  -10.502  7.649  63.067 0.0000000000
85697  -10.693  9.057  62.717 0.0000000000
143869  -9.835  7.844  65.093 0.0000000000
83876  -10.209  7.854  64.569 0.0000000000
84793  -10.040  8.532  65.017 0.0000000000
86582  -9.948  10.913  64.883 0.0000000000
87456  -9.957  11.018  63.713 0.0000000000
88280  -9.413  12.543  64.193 0.0000000000
89994  -9.132  13.991  66.141 0.0000000000
89996  -9.341  14.435  65.182 0.0000000000
88279  -7.629  12.642  64.990 0.0000000000
140128  -7.081  12.876  63.884 0.0000000000
140532  -4.156  9.793  62.348 0.0000000000
85694  -3.222  9.412  62.318 0.0000000000
130067  -2.650  9.588  61.626 0.0000000000
139616  -2.284  9.860  61.118 0.0000000000
86590  -2.369  10.572  60.855 0.0000000000
85699  -2.263  9.544  60.979 0.0000000000
83884  -2.431  7.802  61.777 0.0000000000
83881  -2.877  7.165  62.055 0.0000000000
71243  -3.705  -7.162  60.365 0.0000000000
71242  -2.864  -7.283  60.689 0.0000000000
71263  -3.494  -7.058  59.406 0.0000000000
72225  -2.866  -6.290  58.792 0.0000000000
69338  -3.820  -9.171  55.747 0.0000000000
70280  -4.173  -8.676  56.370 0.0000000000
71279  -4.793  -6.312  56.432 0.0000000000
130198  -4.504  -5.992  57.130 0.0000000000
73110  -3.976  -4.503  56.460 0.0000000000
73120  -4.368  -4.258  55.780 0.0000000000
73132  -4.787  -3.920  55.032 0.0000000000
74009  -3.763  -3.530  55.308 0.0000000000
74016  -4.094  -3.274  54.513 0.0000000000
71309  -6.348  -6.165  53.142 0.0000000000
72278  -6.658  -5.451  52.755 0.0000000000
125761  -6.849  -5.169  52.036 0.0000000000
126559  -6.659  -6.155  52.183 0.0000000000
69392  -3.835  -8.729  52.015 0.0000000000
70355  -4.728  -8.177  51.555 0.0000000000
70368  -5.191  -8.023  50.577 0.0000000000
70369  -6.077  -7.507  50.435 0.0000000000
70381  -5.652  -7.755  49.630 0.0000000000
69424  -3.185  -8.872  47.404 0.0000000000
144649  -3.247  -8.904  46.523 0.0000000000
81319  -4.412  4.678  50.776 0.0000000000
125081  -5.362  4.163  50.749 0.0000000000
130447  -6.088  3.448  50.768 0.0000000000
80451  -5.282  3.273  51.181 0.0000000000
66377  -32.506  -10.984  57.213 0.0000000000
67365  -33.771  -10.514  58.154 0.0000000000
67364  -32.973  -10.662  58.061 0.0000000000
68366  -30.034  -9.912  57.939 0.0000000000
145439  -30.864  -10.211  57.978 0.0000000000
68337  -32.465  -8.602  60.417 0.0000000000
131534  -32.435  -9.367  59.826 0.0000000000
68348  -33.072  -9.176  59.996 0.0000000000
68359  -33.611  -9.566  59.419 0.0000000000
68349  -33.536  -8.888  59.896 0.0000000000
69306  -33.767  -8.526  59.695 0.0000000000
70236  -33.286  -7.959  59.940 0.0000000000
134133  -32.225  -7.367  58.850 0.0000000000
70274  -32.360  -7.597  56.836 0.0000000000
68335  -26.737  -9.294  61.248 0.0000000000
70222  -28.281  -6.649  61.461 0.0000000000
70223  -29.011  -6.715  61.246 0.0000000000
70231  -27.340  -6.684  59.370 0.0000000000
70244  -28.791  -6.815  58.703 0.0000000000
71271  -29.240  -6.616  59.502 0.0000000000
70245  -29.641  -6.866  58.878 0.0000000000
70246  -30.658  -6.934  59.424 0.0000000000
125948  -29.740  -7.471  56.106 0.0000000000
70272  -30.342  -7.488  56.788 0.0000000000
70291  -31.114  -7.579  55.310 0.0000000000
124901  -30.455  -7.503  54.487 0.0000000000
124892  -29.104  -7.444  53.314 0.0000000000
124886  -29.272  -7.453  52.408 0.0000000000
141905  -29.007  -7.437  51.586 0.0000000000
126620  -26.901  -7.842  54.080 0.0000000000
70330  -27.271  -7.749  53.498 0.0000000000
70329  -26.908  -7.970  52.850 0.0000000000
70359  -27.292  -7.789  50.934 0.0000000000
70346  -27.618  -7.708  51.844 0.0000000000
70385  -28.000  -7.471  49.493 0.0000000000
69421  -26.294  -8.173  48.859 0.0000000000
70395  -26.954  -7.761  48.347 0.0000000000
70407  -26.899  -7.600  47.371 0.0000000000
70406  -26.031  -7.980  46.947 0.0000000000
60409  -17.369  -17.203  68.717 0.0000000000
60410  -18.009  -17.955  68.539 0.0000000000
58512  -18.473  -19.233  69.059 0.0000000000
57459  -17.569  -20.275  69.153 0.0000000000
57464  -17.193  -20.911  68.693 0.0000000000
126793  -19.841  -21.268  68.576 0.0000000000
57465  -19.163  -20.742  68.821 0.0000000000
55127  -19.037  -21.838  66.595 0.0000000000
56326  -18.316  -21.748  67.042 0.0000000000
136995  -17.745  -21.610  67.381 0.0000000000
56349  -17.300  -21.313  65.206 0.0000000000
124804  -18.040  -21.459  65.412 0.0000000000
56318  -22.978  -21.633  67.556 0.0000000000
55120  -22.901  -22.537  66.521 0.0000000000
68469  -24.470  -9.245  49.586 0.0000000000
69419  -24.760  -8.920  48.599 0.0000000000
68479  -23.908  -9.598  49.060 0.0000000000
68427  -24.044  -9.814  52.161 0.0000000000
67424  -23.638  -10.431  52.488 0.0000000000
66440  -22.857  -11.876  53.064 0.0000000000
66455  -23.248  -11.033  51.921 0.0000000000
67456  -23.055  -10.865  49.984 0.0000000000
126527  -22.728  -11.634  51.342 0.0000000000
65481  -22.293  -12.445  52.525 0.0000000000
64434  -22.074  -13.401  54.564 0.0000000000
128457  -21.445  -13.865  54.025 0.0000000000
63470  -20.793  -14.450  54.280 0.0000000000
62506  -21.132  -15.018  55.844 0.0000000000
136847  -23.467  -11.186  59.338 0.0000000000
65404  -23.339  -11.947  59.661 0.0000000000
65403  -23.145  -12.418  59.031 0.0000000000
140578  -22.860  -13.270  59.116 0.0000000000
65414  -22.936  -12.907  58.229 0.0000000000
63380  -23.052  -14.844  62.099 0.0000000000
133736  -22.649  -15.516  61.491 0.0000000000
62449  -22.248  -15.217  59.493 0.0000000000
134097  -22.375  -15.339  60.154 0.0000000000
63420  -22.334  -14.435  58.209 0.0000000000
63431  -22.162  -14.460  57.414 0.0000000000
63419  -21.854  -15.147  57.805 0.0000000000
61510  -21.164  -16.305  58.927 0.0000000000
141520  -20.784  -16.033  57.776 0.0000000000
135598  -20.529  -15.828  57.158 0.0000000000
62470  -20.106  -16.212  57.708 0.0000000000
61499  -19.766  -16.638  59.091 0.0000000000
60495  -19.640  -17.339  60.879 0.0000000000
60494  -18.906  -17.108  61.169 0.0000000000
60477  -19.220  -17.651  62.555 0.0000000000
59518  -20.454  -18.450  63.570 0.0000000000
59505  -19.687  -18.386  64.042 0.0000000000
142243  -19.022  -17.948  64.170 0.0000000000
60476  -18.482  -17.220  62.946 0.0000000000
60412  -17.999  -17.253  67.279 0.0000000000
61427  -18.126  -17.248  66.316 0.0000000000
61426  -17.657  -16.571  66.772 0.0000000000
83226  -47.952  6.736  37.542 0.0000000000
84150  -47.624  7.731  37.572 0.0000000000
138438  -48.916  10.196  38.263 0.0000000000
138204  -48.016  10.169  37.780 0.0000000000
86808  -48.579  10.961  37.950 0.0000000000
87664  -48.290  11.748  37.522 0.0000000000
86798  -52.312  10.942  38.462 0.0000000000
136400  -51.865  11.678  38.528 0.0000000000
89381  -50.925  15.102  38.347 0.0000000000
134065  -51.042  14.192  38.211 0.0000000000
89391  -50.379  15.188  37.581 0.0000000000
89390  -49.422  14.128  37.148 0.0000000000
143680  -49.720  15.520  36.732 0.0000000000
90238  -49.310  16.081  35.861 0.0000000000
91101  -49.358  16.476  36.599 0.0000000000
82321  -50.614  5.760  39.838 0.0000000000
130782  -51.016  7.142  39.901 0.0000000000
83200  -50.199  6.855  40.064 0.0000000000
85019  -49.546  9.472  42.619 0.0000000000
85020  -50.124  9.748  41.808 0.0000000000
146982  -50.264  11.228  42.049 0.0000000000
149165  -49.929  11.499  42.258 0.0000000000
85017  -47.653  9.448  42.683 0.0000000000
85895  -48.294  9.721  43.421 0.0000000000
85901  -48.229  10.084  42.482 0.0000000000
86788  -48.044  10.575  40.152 0.0000000000
86782  -48.662  11.034  41.175 0.0000000000
86789  -48.445  11.439  40.248 0.0000000000
87649  -48.814  12.224  40.302 0.0000000000
87648  -48.016  12.093  39.500 0.0000000000
88493  -47.924  12.933  39.158 0.0000000000
128092  -51.549  4.886  36.119 0.0000000000
81476  -50.490  4.237  35.760 0.0000000000
83227  -48.916  6.615  37.669 0.0000000000
82371  -48.688  5.205  36.878 0.0000000000
82347  -48.356  5.950  37.309 0.0000000000
82346  -47.496  6.081  37.091 0.0000000000
66449  -4.779  -11.284  51.238 0.0000000000
147176  -4.707  -14.097  50.167 0.0000000000
62561  -4.524  -15.250  50.608 0.0000000000
63517  -6.992  -14.081  50.510 0.0000000000
61576  -3.973  -16.134  51.485 0.0000000000
60604  -2.318  -17.481  51.420 0.0000000000
61574  -2.392  -17.027  51.938 0.0000000000
59624  -2.486  -18.083  52.285 0.0000000000
64442  -9.780  -13.726  53.649 0.0000000000
63492  -9.266  -14.270  53.000 0.0000000000
63478  -8.579  -14.673  53.744 0.0000000000
62516  -6.462  -15.678  54.246 0.0000000000
129914  -5.719  -15.977  53.797 0.0000000000
62499  -3.998  -15.774  55.497 0.0000000000
61533  -2.401  -16.511  55.363 0.0000000000
62523  -3.439  -16.400  53.924 0.0000000000
60585  -2.425  -17.526  53.653 0.0000000000
76783  -13.402  -0.459  53.644 0.0000000000
77704  -12.967  0.133  54.108 0.0000000000
77686  -12.544  0.579  55.545 0.0000000000
78543  -12.205  1.183  56.059 0.0000000000
76728  -14.307  -1.180  58.905 0.0000000000
76727  -13.729  -0.771  58.254 0.0000000000
131080  -12.589  0.703  58.227 0.0000000000
127999  -12.160  1.226  57.744 0.0000000000
78527  -11.757  1.752  58.177 0.0000000000
140691  -11.376  2.376  57.749 0.0000000000
79473  -11.137  2.373  59.448 0.0000000000
79472  -10.553  3.016  59.543 0.0000000000
79468  -10.811  2.450  60.127 0.0000000000
74914  -18.132  -1.413  63.946 0.0000000000
75827  -18.192  -1.606  63.263 0.0000000000
76710  -16.683  -0.002  64.260 0.0000000000
76711  -17.379  -0.638  63.692 0.0000000000
76713  -15.228  0.180  62.411 0.0000000000
75815  -14.364  -0.685  65.372 0.0000000000
76698  -15.088  -0.153  65.376 0.0000000000
77620  -14.727  0.209  65.140 0.0000000000
77639  -12.806  0.803  62.944 0.0000000000
77630  -14.219  0.613  64.322 0.0000000000
132165  -13.600  0.763  63.242 0.0000000000
77645  -12.949  0.911  62.300 0.0000000000
78510  -12.255  1.219  61.607 0.0000000000
78508  -10.715  1.777  61.331 0.0000000000
79467  -10.323  2.466  60.827 0.0000000000
79466  -9.894  3.132  60.670 0.0000000000
78502  -9.162  1.758  62.418 0.0000000000
80368  -8.882  3.171  62.336 0.0000000000
80367  -8.598  3.264  63.112 0.0000000000
77618  -9.294  -0.047  64.330 0.0000000000
128745  -8.425  1.607  63.984 0.0000000000
148810  -8.303  2.938  64.401 0.0000000000
80364  -8.431  3.431  64.051 0.0000000000
80362  -8.229  3.473  65.029 0.0000000000
148238  -8.062  3.029  65.502 0.0000000000
80357  -7.437  3.233  66.235 0.0000000000
136338  -7.327  5.008  65.891 0.0000000000
80356  -6.813  3.699  66.332 0.0000000000
146275  -6.975  2.938  66.606 0.0000000000
77607  -6.769  0.417  67.436 0.0000000000
77606  -6.113  0.586  67.413 0.0000000000
147475  -8.033  -3.122  67.951 0.0000000000
74883  -7.340  -3.249  67.542 0.0000000000
74898  -5.958  -3.536  66.144 0.0000000000
127666  -6.370  -3.325  67.143 0.0000000000
74881  -5.831  -3.035  67.235 0.0000000000
74880  -4.809  -3.397  66.729 0.0000000000
73941  -5.099  -3.774  66.188 0.0000000000
73953  -4.786  -4.121  63.533 0.0000000000
73950  -4.733  -4.171  64.615 0.0000000000
73065  -4.200  -4.746  64.038 0.0000000000
74959  -10.506  -2.513  60.179 0.0000000000
74935  -9.959  -2.645  61.597 0.0000000000
74947  -9.806  -2.542  60.611 0.0000000000
74966  -9.132  -2.677  59.174 0.0000000000
74946  -9.020  -2.543  60.508 0.0000000000
74957  -8.614  -2.615  59.683 0.0000000000
139037  -8.411  -2.561  60.396 0.0000000000
74956  -7.846  -2.660  59.883 0.0000000000
73113  -9.371  -3.945  56.335 0.0000000000
73112  -8.506  -4.191  56.533 0.0000000000
73093  -7.060  -3.919  58.041 0.0000000000
73994  -7.870  -3.501  57.909 0.0000000000
73976  -7.184  -3.002  59.271 0.0000000000
73975  -6.326  -3.500  59.487 0.0000000000
73084  -5.305  -5.111  59.757 0.0000000000
73078  -4.657  -5.351  61.086 0.0000000000
72226  -5.479  -6.318  59.011 0.0000000000
71280  -6.298  -7.083  57.275 0.0000000000
71275  -5.803  -7.213  57.920 0.0000000000
70266  -5.858  -8.022  56.975 0.0000000000
70324  -7.687  -7.801  53.810 0.0000000000
70305  -7.344  -7.600  54.665 0.0000000000
69363  -7.310  -8.463  53.488 0.0000000000
69362  -6.484  -8.941  54.025 0.0000000000
68392  -5.524  -9.442  54.574 0.0000000000
68402  -4.905  -9.869  54.166 0.0000000000
66450  -5.924  -11.334  51.023 0.0000000000
67436  -5.311  -10.778  51.776 0.0000000000
75058  -46.703  -2.347  47.605 0.0000000000
75041  -47.177  -2.243  48.549 0.0000000000
75043  -48.067  -1.858  48.544 0.0000000000
75028  -44.234  -2.691  48.981 0.0000000000
75040  -44.993  -2.462  48.578 0.0000000000
75016  -46.090  -2.375  50.789 0.0000000000
75030  -45.961  -2.460  49.993 0.0000000000
75031  -46.583  -2.235  50.355 0.0000000000
75032  -47.182  -1.858  50.240 0.0000000000
75953  -46.855  -1.565  50.718 0.0000000000
76846  -46.994  -1.026  50.618 0.0000000000
76828  -46.458  -1.284  51.091 0.0000000000
76827  -45.665  -0.937  51.490 0.0000000000
125050  -44.755  -0.602  51.610 0.0000000000
71352  -41.294  -6.250  50.680 0.0000000000
72297  -41.661  -5.603  50.353 0.0000000000
72289  -41.764  -5.761  51.091 0.0000000000
73150  -42.835  -4.852  52.616 0.0000000000
73157  -43.346  -4.194  52.265 0.0000000000
73138  -42.533  -4.287  55.162 0.0000000000
135643  -43.296  -1.753  53.942 0.0000000000
74996  -44.005  -2.770  53.177 0.0000000000
147825  -44.140  -1.794  53.067 0.0000000000
77746  -43.278  0.429  52.607 0.0000000000
76825  -43.343  0.242  51.633 0.0000000000
78608  -41.696  2.141  53.316 0.0000000000
78625  -41.639  2.064  52.352 0.0000000000
79582  -40.190  2.548  51.418 0.0000000000
79568  -40.498  2.886  52.320 0.0000000000
77729  -40.750  1.289  54.151 0.0000000000
79538  -40.036  3.029  53.812 0.0000000000
66405  -33.431  -11.221  55.938 0.0000000000
66406  -34.225  -10.840  55.779 0.0000000000
67377  -36.661  -10.199  57.475 0.0000000000
67385  -35.727  -10.534  56.358 0.0000000000
67378  -37.389  -10.148  57.182 0.0000000000
67387  -37.707  -10.315  56.463 0.0000000000
68375  -37.605  -9.856  57.187 0.0000000000
69333  -36.157  -8.526  57.407 0.0000000000
70296  -37.654  -8.096  55.497 0.0000000000
69346  -37.515  -8.603  56.505 0.0000000000
141992  -38.288  -8.584  56.218 0.0000000000
128919  -38.420  -9.128  56.664 0.0000000000
70297  -38.628  -8.049  55.631 0.0000000000
70298  -39.655  -8.102  56.297 0.0000000000
71318  -38.852  -6.662  53.382 0.0000000000
71331  -39.237  -6.091  52.988 0.0000000000
132361  -39.809  -5.644  53.597 0.0000000000
70349  -33.312  -7.468  52.134 0.0000000000
71336  -35.099  -6.997  50.950 0.0000000000
124692  -34.616  -7.258  51.578 0.0000000000
70364  -35.359  -7.118  51.705 0.0000000000
71337  -35.877  -6.804  51.126 0.0000000000
72294  -36.981  -5.799  49.873 0.0000000000
71350  -37.248  -6.142  50.730 0.0000000000
72286  -38.009  -5.866  51.005 0.0000000000
73162  -39.263  -3.920  50.701 0.0000000000
73155  -39.592  -4.294  51.586 0.0000000000
65401  -14.269  -12.287  59.304 0.0000000000
64359  -12.989  -13.979  60.023 0.0000000000
64371  -13.462  -13.443  59.557 0.0000000000
63391  -14.197  -13.786  61.699 0.0000000000
63390  -13.694  -14.249  61.288 0.0000000000
63376  -10.816  -14.713  62.138 0.0000000000
63388  -12.014  -14.720  61.210 0.0000000000
63375  -9.660  -13.955  62.870 0.0000000000
63355  -9.205  -14.476  64.774 0.0000000000
63354  -8.533  -14.007  65.201 0.0000000000
63342  -8.191  -14.367  66.059 0.0000000000
63341  -7.461  -14.012  66.311 0.0000000000
139588  -14.521  -14.107  64.508 0.0000000000
61465  -13.442  -16.485  63.745 0.0000000000
61464  -12.611  -16.475  63.593 0.0000000000
60434  -10.379  -17.678  66.316 0.0000000000
61439  -10.306  -16.758  65.919 0.0000000000
62391  -9.772  -16.045  65.878 0.0000000000
61436  -7.634  -16.205  66.310 0.0000000000
61420  -6.966  -15.523  66.491 0.0000000000
61434  -5.662  -16.173  65.831 0.0000000000
142071  -5.565  -17.842  63.818 0.0000000000
59456  -16.733  -18.215  69.546 0.0000000000
57461  -15.262  -20.525  68.011 0.0000000000
58513  -14.961  -20.030  68.234 0.0000000000
56335  -15.436  -21.119  65.854 0.0000000000
56334  -14.793  -20.885  65.325 0.0000000000
57510  -13.492  -20.470  64.088 0.0000000000
57489  -13.964  -20.715  65.657 0.0000000000
57488  -13.141  -20.559  65.849 0.0000000000
148884  -12.055  -19.761  63.244 0.0000000000
58557  -11.999  -19.991  63.962 0.0000000000
77770  -14.941  0.550  49.694 0.0000000000
78649  -14.544  1.317  49.879 0.0000000000
77761  -14.412  0.551  50.478 0.0000000000
69445  -25.221  -8.231  46.572 0.0000000000
70422  -25.026  -7.970  45.794 0.0000000000
149204  -24.563  -8.355  46.218 0.0000000000
69443  -22.804  -8.980  46.057 0.0000000000
145839  -23.274  -8.300  45.337 0.0000000000
70459  -22.824  -7.558  44.331 0.0000000000
69486  -22.566  -8.031  44.764 0.0000000000
66493  -21.127  -11.433  48.090 0.0000000000
67483  -21.441  -10.545  47.168 0.0000000000
66503  -21.091  -11.019  47.550 0.0000000000
69442  -19.993  -9.016  46.005 0.0000000000
68542  -21.126  -9.242  45.710 0.0000000000
69484  -20.872  -8.198  45.009 0.0000000000
70457  -21.139  -7.586  44.509 0.0000000000
70438  -20.372  -7.556  44.875 0.0000000000
71402  -20.607  -6.800  44.309 0.0000000000
71391  -19.241  -6.814  45.850 0.0000000000
72331  -18.915  -5.860  45.924 0.0000000000
72343  -19.061  -5.349  45.359 0.0000000000
63454  -18.207  -14.520  55.410 0.0000000000
63467  -18.660  -14.285  54.199 0.0000000000
64432  -18.057  -13.712  54.175 0.0000000000
65479  -18.082  -12.363  52.556 0.0000000000
66453  -18.325  -11.509  51.366 0.0000000000
66470  -18.565  -11.360  50.604 0.0000000000
67441  -18.238  -10.682  51.131 0.0000000000
68410  -17.608  -9.786  53.458 0.0000000000
146169  -17.627  -10.449  53.033 0.0000000000
68425  -17.734  -9.831  52.701 0.0000000000
69402  -18.259  -8.789  50.787 0.0000000000
69410  -18.426  -8.763  49.824 0.0000000000
68455  -18.398  -9.629  50.100 0.0000000000
138425  -18.539  -8.047  48.561 0.0000000000
145638  -18.429  -5.980  48.175 0.0000000000
72319  -18.371  -5.357  47.736 0.0000000000
72330  -18.462  -5.075  46.879 0.0000000000
73184  -18.246  -4.475  47.454 0.0000000000
74078  -18.153  -3.650  47.143 0.0000000000
73176  -18.093  -4.661  48.352 0.0000000000
73166  -17.474  -4.127  49.602 0.0000000000
143851  -17.353  -3.573  49.245 0.0000000000
75034  -16.928  -2.311  48.775 0.0000000000
137634  -17.257  -4.877  51.481 0.0000000000
74045  -16.341  -3.592  51.474 0.0000000000
75011  -16.184  -2.690  50.422 0.0000000000
75010  -15.558  -2.218  50.943 0.0000000000
75937  -15.414  -1.480  50.403 0.0000000000
145111  -14.765  -2.153  52.439 0.0000000000
75919  -14.563  -1.517  51.961 0.0000000000
76784  -13.816  -1.056  53.190 0.0000000000
74980  -14.491  -2.462  54.875 0.0000000000
74977  -14.477  -2.442  55.782 0.0000000000
73118  -16.841  -5.118  56.005 0.0000000000
148576  -16.449  -4.667  56.007 0.0000000000
73117  -16.440  -4.532  56.606 0.0000000000
73999  -16.077  -3.963  57.219 0.0000000000
145533  -16.576  -3.796  58.882 0.0000000000
73089  -17.893  -4.424  60.101 0.0000000000
68340  -17.644  -9.501  59.921 0.0000000000
145942  -17.881  -8.762  59.473 0.0000000000
69287  -17.904  -8.705  60.326 0.0000000000
69288  -18.262  -7.917  60.717 0.0000000000
135819  -18.419  -7.409  60.250 0.0000000000
70220  -18.533  -7.098  61.034 0.0000000000
130120  -17.755  -8.652  63.525 0.0000000000
69272  -17.652  -7.886  64.402 0.0000000000
70210  -18.360  -6.809  63.726 0.0000000000
70215  -18.643  -6.660  62.088 0.0000000000
71237  -18.862  -5.658  62.428 0.0000000000
72195  -18.464  -5.619  63.555 0.0000000000
73069  -18.985  -4.332  63.119 0.0000000000
140287  -18.855  -3.941  63.250 0.0000000000
72201  -18.637  -4.797  63.325 0.0000000000
71229  -16.754  -5.885  63.251 0.0000000000
72199  -15.892  -6.040  62.326 0.0000000000
142017  -14.444  -8.747  63.573 0.0000000000
70204  -14.985  -7.790  63.662 0.0000000000
69276  -14.477  -8.445  61.972 0.0000000000
69281  -14.438  -8.235  61.196 0.0000000000
131382  -14.556  -10.833  60.038 0.0000000000
67346  -14.595  -10.835  59.225 0.0000000000
85076  -46.642  8.552  36.482 0.0000000000
84186  -46.313  8.009  35.494 0.0000000000
85950  -46.548  9.286  36.052 0.0000000000
75082  -48.977  -2.016  46.567 0.0000000000
138955  -49.546  -1.368  46.272 0.0000000000
76021  -49.503  -1.010  46.934 0.0000000000
78698  -48.825  1.318  47.611 0.0000000000
77816  -49.241  0.975  47.100 0.0000000000
78714  -48.681  1.851  47.068 0.0000000000
79623  -48.212  2.370  46.569 0.0000000000
78713  -48.099  2.501  47.080 0.0000000000
77801  -45.891  0.833  47.891 0.0000000000
77802  -47.098  1.158  48.265 0.0000000000
131644  -44.726  2.856  46.526 0.0000000000
79619  -45.435  2.879  46.955 0.0000000000
80499  -45.188  3.812  46.787 0.0000000000
80500  -45.898  4.096  47.070 0.0000000000
80509  -44.549  4.439  46.325 0.0000000000
81371  -44.907  5.202  46.264 0.0000000000
80515  -42.686  3.440  44.279 0.0000000000
80520  -42.999  4.164  44.044 0.0000000000
81384  -42.901  4.177  43.179 0.0000000000
135899  -4.541  -11.867  46.278 0.0000000000
65552  -5.438  -12.334  46.325 0.0000000000
140575  -6.976  -15.125  44.590 0.0000000000
64557  -6.460  -13.840  45.776 0.0000000000
63561  -6.940  -14.534  45.186 0.0000000000
63577  -7.631  -14.944  44.667 0.0000000000
137425  -3.033  -13.054  50.230 0.0000000000
64490  -2.365  -13.716  50.286 0.0000000000
148728  -1.776  -15.167  50.014 0.0000000000
64383  -12.489  -13.260  58.601 0.0000000000
64382  -11.809  -13.334  58.829 0.0000000000
137153  -9.206  -12.510  60.057 0.0000000000
65396  -8.792  -12.494  59.712 0.0000000000
65389  -8.074  -12.591  60.231 0.0000000000
65366  -7.372  -12.472  63.097 0.0000000000
149427  -7.519  -12.460  62.483 0.0000000000
65374  -6.477  -12.671  62.912 0.0000000000
64345  -5.322  -13.495  61.742 0.0000000000
64353  -6.322  -13.472  60.523 0.0000000000
64352  -5.416  -13.847  60.614 0.0000000000
63399  -5.227  -14.265  59.706 0.0000000000
63398  -4.562  -14.325  60.170 0.0000000000
62438  -1.729  -15.542  60.694 0.0000000000
144318  -2.313  -15.075  60.575 0.0000000000
62443  -1.504  -15.956  60.022 0.0000000000
79525  -12.342  2.305  53.558 0.0000000000
79541  -12.587  2.551  52.741 0.0000000000
81283  -11.805  4.319  54.389 0.0000000000
81292  -12.230  4.061  53.487 0.0000000000
82185  -12.270  5.393  53.518 0.0000000000
132455  -12.245  6.122  53.819 0.0000000000
82150  -11.261  5.571  56.643 0.0000000000
82163  -11.489  5.684  55.795 0.0000000000
138496  -11.469  6.277  56.354 0.0000000000
84811  -10.973  8.071  60.427 0.0000000000
85703  -11.223  9.563  59.951 0.0000000000
85712  -11.394  9.642  59.191 0.0000000000
146386  -6.097  3.663  66.512 0.0000000000
148919  -5.434  4.449  66.328 0.0000000000
129161  -5.338  3.932  66.475 0.0000000000
80350  -3.786  3.383  66.602 0.0000000000
81213  -3.140  3.971  66.538 0.0000000000
82096  -2.770  5.234  66.156 0.0000000000
81215  -2.415  4.519  66.303 0.0000000000
76679  -2.237  -0.280  66.714 0.0000000000
77601  -2.832  1.170  66.708 0.0000000000
77603  -2.103  0.604  66.593 0.0000000000
80355  -1.778  2.944  65.875 0.0000000000
79445  -1.913  2.617  66.153 0.0000000000
129172  -1.753  3.744  65.720 0.0000000000
81218  -1.716  4.603  65.473 0.0000000000
82107  -1.749  5.670  64.461 0.0000000000
81223  -1.803  4.874  64.771 0.0000000000
146661  -3.229  4.527  63.993 0.0000000000
82113  -4.028  5.724  62.963 0.0000000000
81228  -4.193  4.457  63.668 0.0000000000
71240  -1.618  -6.748  61.726 0.0000000000
72196  -1.439  -6.050  62.876 0.0000000000
72203  -1.330  -6.065  61.905 0.0000000000
124861  -1.634  -3.682  61.974 0.0000000000
73952  -1.446  -3.693  62.886 0.0000000000
130009  -1.502  -1.674  63.712 0.0000000000
75822  -1.699  -1.855  62.737 0.0000000000
75832  -2.758  -1.702  60.514 0.0000000000
74943  -2.687  -2.785  60.069 0.0000000000
77642  -3.068  0.201  61.855 0.0000000000
77641  -2.647  -0.161  61.849 0.0000000000
77633  -2.656  0.048  62.593 0.0000000000
77623  -3.576  0.677  63.717 0.0000000000
77616  -3.948  1.147  64.055 0.0000000000
77624  -4.256  0.910  63.378 0.0000000000
79459  -6.282  2.875  62.467 0.0000000000
79458  -5.719  2.529  63.077 0.0000000000
80365  -5.739  3.514  63.110 0.0000000000
82114  -5.296  5.234  62.784 0.0000000000
82115  -6.363  4.986  62.255 0.0000000000
82118  -6.553  5.491  61.768 0.0000000000
125775  -7.449  4.069  60.023 0.0000000000
81237  -7.368  4.608  60.550 0.0000000000
143349  -7.529  4.844  59.934 0.0000000000
82992  -7.596  6.324  59.286 0.0000000000
82131  -7.767  5.461  58.767 0.0000000000
134715  -5.179  2.305  58.597 0.0000000000
126528  -6.108  2.368  58.887 0.0000000000
79486  -5.988  2.692  58.083 0.0000000000
125220  -7.442  4.241  56.487 0.0000000000
81251  -7.545  4.057  57.326 0.0000000000
82148  -7.959  4.889  56.993 0.0000000000
82139  -8.199  5.865  57.029 0.0000000000
82149  -8.140  5.404  56.284 0.0000000000
83015  -8.506  6.733  56.148 0.0000000000
82162  -8.318  5.920  55.598 0.0000000000
82184  -7.138  5.697  53.809 0.0000000000
83037  -7.872  5.871  54.171 0.0000000000
83054  -7.713  6.338  53.430 0.0000000000
83067  -8.028  6.933  52.838 0.0000000000
83066  -7.181  6.700  52.702 0.0000000000
83969  -7.583  7.265  52.238 0.0000000000
83035  -3.861  6.189  54.157 0.0000000000
83051  -4.382  6.607  53.512 0.0000000000
83050  -3.283  6.714  53.624 0.0000000000
83951  -3.743  7.265  53.071 0.0000000000
79512  -2.834  2.932  54.872 0.0000000000
81268  -2.642  4.334  55.474 0.0000000000
80420  -2.480  3.887  54.757 0.0000000000
80437  -2.620  3.442  52.799 0.0000000000
80428  -2.497  3.667  53.714 0.0000000000
134986  -2.408  4.260  53.222 0.0000000000
81299  -2.419  4.689  52.627 0.0000000000
81307  -2.880  4.627  51.817 0.0000000000
80448  -2.807  3.934  52.315 0.0000000000
78612  -4.207  1.943  51.502 0.0000000000
148492  -4.926  1.683  51.153 0.0000000000
78628  -5.598  1.794  50.981 0.0000000000
78627  -5.152  1.181  50.726 0.0000000000
74025  -4.408  -3.013  53.614 0.0000000000
74032  -4.808  -3.009  52.744 0.0000000000
74993  -4.165  -2.586  52.216 0.0000000000
134401  -4.135  -2.484  51.456 0.0000000000
74992  -3.423  -2.055  51.716 0.0000000000
72299  -7.066  -5.271  49.063 0.0000000000
73158  -6.769  -4.360  50.065 0.0000000000
73165  -6.800  -4.493  49.277 0.0000000000
75019  -4.972  -2.654  49.478 0.0000000000
75007  -3.770  -1.758  49.722 0.0000000000
75955  -3.677  -0.950  49.654 0.0000000000
75956  -4.163  -1.439  49.139 0.0000000000
144777  -5.549  -1.607  47.872 0.0000000000
76865  -4.776  -1.188  48.719 0.0000000000
76849  -5.294  -0.516  49.027 0.0000000000
127156  -5.856  0.049  49.390 0.0000000000
76866  -6.194  -0.351  48.890 0.0000000000
129190  -6.491  -0.739  48.356 0.0000000000
75974  -6.231  -1.305  47.844 0.0000000000
132659  -6.690  -2.795  46.544 0.0000000000
143225  -7.033  -2.287  46.897 0.0000000000
74088  -7.303  -3.173  46.086 0.0000000000
127923  -7.817  -3.587  45.511 0.0000000000
73200  -7.258  -4.122  44.941 0.0000000000
72349  -5.364  -5.882  44.752 0.0000000000
72350  -5.969  -5.307  44.474 0.0000000000
72351  -6.793  -5.453  44.050 0.0000000000
72359  -7.556  -5.538  43.673 0.0000000000
63338  -26.432  -14.469  66.123 0.0000000000
62387  -26.873  -15.328  65.996 0.0000000000
76948  -49.421  -0.916  44.965 0.0000000000
76932  -49.565  -0.710  45.869 0.0000000000
65430  -13.213  -12.227  56.904 0.0000000000
65421  -12.486  -12.560  57.293 0.0000000000
68339  -14.516  -9.244  59.218 0.0000000000
141562  -14.608  -9.520  58.109 0.0000000000
69319  -14.630  -8.896  57.235 0.0000000000
71379  -28.082  -6.878  47.043 0.0000000000
71394  -28.549  -6.466  46.644 0.0000000000
72344  -28.427  -5.247  45.076 0.0000000000
74117  -28.347  -3.859  44.697 0.0000000000
73217  -28.025  -4.524  44.679 0.0000000000
73216  -27.210  -4.507  44.462 0.0000000000
63327  -16.678  -14.266  67.923 0.0000000000
63324  -15.974  -14.159  69.140 0.0000000000
62368  -16.048  -14.977  69.328 0.0000000000
136081  -15.636  -16.844  69.587 0.0000000000
128287  -25.944  -5.704  44.033 0.0000000000
61441  -17.506  -16.029  65.298 0.0000000000
62393  -17.274  -15.128  65.597 0.0000000000
142827  -17.048  -14.485  66.235 0.0000000000
63335  -16.859  -14.355  67.069 0.0000000000
82409  -45.976  5.223  32.743 0.0000000000
82410  -46.742  5.711  32.048 0.0000000000
83296  -46.200  6.086  33.408 0.0000000000
83281  -46.258  6.844  33.998 0.0000000000
81488  -45.642  4.232  33.258 0.0000000000
81499  -45.692  4.161  32.332 0.0000000000
66462  -2.725  -11.346  50.484 0.0000000000
135534  -2.059  -12.856  50.174 0.0000000000
79572  -13.711  2.750  50.660 0.0000000000
80461  -13.621  3.785  50.661 0.0000000000
80439  -12.894  3.145  51.945 0.0000000000
82966  -7.993  6.510  65.544 0.0000000000
83867  -7.564  7.191  65.412 0.0000000000
83875  -7.147  7.852  65.135 0.0000000000
85682  -7.217  9.170  64.443 0.0000000000
83874  -6.244  7.713  64.816 0.0000000000
82100  -4.602  5.746  65.834 0.0000000000
67418  -3.978  -10.104  53.095 0.0000000000
142421  -3.322  -9.881  52.273 0.0000000000
67351  -27.940  -10.006  58.195 0.0000000000
68342  -24.433  -8.689  59.352 0.0000000000
69311  -24.764  -8.369  58.694 0.0000000000
69343  -25.029  -8.634  55.965 0.0000000000
68385  -24.412  -9.548  55.288 0.0000000000
58516  -21.454  -20.276  68.226 0.0000000000
140610  -24.187  -9.841  55.725 0.0000000000
142626  -23.817  -10.503  56.645 0.0000000000
67369  -23.618  -10.921  57.170 0.0000000000
59495  -23.187  -18.180  65.679 0.0000000000
60456  -23.078  -17.707  64.860 0.0000000000
83212  -53.868  6.636  38.888 0.0000000000
84126  -53.762  7.665  38.774 0.0000000000
83207  -53.416  6.737  39.282 0.0000000000
84124  -52.414  7.880  39.577 0.0000000000
84114  -45.841  7.575  42.025 0.0000000000
80568  -54.266  3.526  38.458 0.0000000000
81434  -54.528  4.306  38.005 0.0000000000
81424  -54.102  4.020  38.840 0.0000000000
145843  -9.793  -12.333  51.042 0.0000000000
65492  -9.300  -12.590  50.837 0.0000000000
64475  -9.713  -13.166  51.476 0.0000000000
63491  -8.865  -14.436  52.099 0.0000000000
61516  -1.924  -16.281  57.285 0.0000000000
146769  -1.859  -16.453  57.533 0.0000000000
74952  -16.841  -2.180  60.906 0.0000000000
75835  -16.659  -1.471  61.439 0.0000000000
74912  -12.831  -2.139  64.244 0.0000000000
74902  -12.002  -2.829  65.889 0.0000000000
74895  -11.745  -2.772  66.410 0.0000000000
74887  -11.303  -2.782  66.648 0.0000000000
74894  -11.155  -3.149  66.618 0.0000000000
73943  -10.888  -3.461  65.891 0.0000000000
73947  -9.628  -3.620  66.177 0.0000000000
69382  -12.054  -8.156  51.954 0.0000000000
71324  -10.969  -6.708  52.546 0.0000000000
69381  -11.224  -8.061  51.665 0.0000000000
131150  -10.423  -7.965  51.633 0.0000000000
69380  -9.625  -8.334  51.557 0.0000000000
68424  -9.990  -9.366  51.025 0.0000000000
141790  -10.141  -10.228  50.879 0.0000000000
72308  -42.093  -4.933  50.143 0.0000000000
74012  -41.328  -4.358  55.563 0.0000000000
74995  -40.628  -2.098  52.949 0.0000000000
75004  -40.168  -2.132  51.903 0.0000000000
70275  -33.000  -7.601  56.248 0.0000000000
127102  -33.778  -7.553  55.925 0.0000000000
66348  -14.367  -11.193  64.005 0.0000000000
63367  -14.464  -14.096  63.559 0.0000000000
59504  -10.263  -19.073  65.612 0.0000000000
59488  -10.376  -19.077  66.026 0.0000000000
75068  -18.370  -1.769  45.932 0.0000000000
147663  -18.117  -2.221  46.591 0.0000000000
64463  -21.042  -13.430  52.133 0.0000000000
65495  -20.785  -13.078  50.996 0.0000000000
64462  -20.210  -13.647  52.257 0.0000000000
64477  -19.578  -13.322  51.779 0.0000000000
136360  -17.556  -10.018  56.728 0.0000000000
135769  -17.669  -9.166  56.464 0.0000000000
70309  -17.795  -7.543  54.874 0.0000000000
70285  -17.849  -7.831  55.555 0.0000000000
149032  -18.326  -7.303  57.703 0.0000000000
142081  -14.610  -9.772  66.837 0.0000000000
69264  -15.540  -8.820  66.274 0.0000000000
68306  -14.643  -9.315  66.324 0.0000000000
129691  -44.243  -0.490  49.656 0.0000000000
76882  -44.636  -0.405  48.898 0.0000000000
64304  -7.093  -13.341  65.740 0.0000000000
65347  -6.680  -12.896  65.138 0.0000000000
64303  -6.228  -13.393  65.984 0.0000000000
81252  -10.709  5.176  58.189 0.0000000000
81247  -10.528  5.091  58.788 0.0000000000
129444  -4.245  8.624  60.357 0.0000000000
84816  -4.249  9.156  59.931 0.0000000000
83891  -6.827  7.024  60.415 0.0000000000
73059  -3.043  -4.997  65.417 0.0000000000
73938  -2.604  -3.853  65.906 0.0000000000
72186  -2.467  -5.358  65.222 0.0000000000
72185  -2.044  -5.379  65.161 0.0000000000
73061  -1.692  -4.928  65.060 0.0000000000
74973  -2.963  -2.817  56.814 0.0000000000
74970  -3.303  -2.365  57.513 0.0000000000
76734  -3.966  -0.347  57.848 0.0000000000
125632  -4.174  0.029  57.189 0.0000000000
125422  -4.003  0.758  55.810 0.0000000000
76760  -4.026  -0.236  55.404 0.0000000000
126425  -3.536  -0.828  54.045 0.0000000000
70402  -4.314  -7.690  46.891 0.0000000000
70403  -5.174  -7.168  47.153 0.0000000000
70418  -4.166  -7.472  45.977 0.0000000000
70435  -4.482  -7.346  45.511 0.0000000000
80460  -7.436  3.044  50.295 0.0000000000
130446  -8.053  3.224  49.839 0.0000000000
78648  -8.361  1.690  49.599 0.0000000000
66355  -26.582  -10.899  62.995 0.0000000000
143961  -25.489  -10.344  65.348 0.0000000000
66341  -26.010  -10.764  65.258 0.0000000000
68324  -24.250  -8.541  62.998 0.0000000000
68317  -23.985  -9.386  63.437 0.0000000000
64342  -26.909  -13.114  62.250 0.0000000000
139361  -24.396  -20.079  67.316 0.0000000000
66354  -23.541  -10.872  62.095 0.0000000000
140607  -23.591  -11.033  62.886 0.0000000000
61428  -24.758  -15.939  65.976 0.0000000000
62384  -24.713  -15.217  65.787 0.0000000000
61444  -24.506  -16.551  65.933 0.0000000000
60441  -24.185  -17.181  65.973 0.0000000000
59479  -24.325  -18.541  66.858 0.0000000000
136971  -50.219  3.136  40.295 0.0000000000
135247  -49.294  2.870  40.167 0.0000000000
80541  -48.357  2.994  40.059 0.0000000000
79674  -47.425  3.024  40.314 0.0000000000
79650  -46.477  2.682  43.095 0.0000000000
81387  -46.304  4.819  43.819 0.0000000000
81386  -46.166  5.489  44.957 0.0000000000
82274  -44.786  5.751  45.765 0.0000000000
66428  -12.270  -11.134  53.877 0.0000000000
66427  -11.756  -11.630  53.899 0.0000000000
65436  -10.686  -12.530  55.000 0.0000000000
136517  -9.433  -12.631  57.748 0.0000000000
63417  -6.332  -14.524  57.901 0.0000000000
63408  -4.439  -14.605  59.273 0.0000000000
73074  -17.299  -3.803  62.955 0.0000000000
144776  -14.405  -5.911  59.185 0.0000000000
149095  -14.257  -5.299  59.108 0.0000000000
73978  -13.478  -3.589  59.434 0.0000000000
131109  -12.669  -3.255  59.025 0.0000000000
73990  -12.856  -3.747  58.334 0.0000000000
73105  -13.513  -5.034  57.033 0.0000000000
69341  -14.557  -8.722  55.465 0.0000000000
69355  -14.336  -8.987  54.532 0.0000000000
69354  -14.148  -8.271  54.072 0.0000000000
69368  -13.694  -7.969  53.491 0.0000000000
67405  -13.285  -9.841  53.571 0.0000000000
67413  -38.412  -9.781  54.080 0.0000000000
68415  -38.855  -9.563  53.631 0.0000000000
68399  -40.431  -9.185  55.391 0.0000000000
69360  -40.912  -8.685  55.557 0.0000000000
70300  -41.159  -7.472  56.100 0.0000000000
69348  -40.865  -8.278  56.096 0.0000000000
70299  -40.627  -7.847  56.262 0.0000000000
71294  -40.238  -7.577  56.228 0.0000000000
70361  -30.970  -7.463  51.411 0.0000000000
71355  -31.182  -7.048  49.074 0.0000000000
73193  -31.646  -4.423  46.331 0.0000000000
65345  -14.249  -11.663  67.796 0.0000000000
135958  -14.433  -13.514  67.464 0.0000000000
61410  -14.668  -16.149  68.817 0.0000000000
61413  -14.629  -16.319  67.580 0.0000000000
59473  -12.800  -19.622  66.291 0.0000000000
128422  -18.628  -16.483  59.818 0.0000000000
62457  -18.278  -15.801  58.421 0.0000000000
62446  -17.656  -15.249  59.795 0.0000000000
65402  -17.436  -12.510  59.654 0.0000000000
148578  -17.477  -11.398  60.336 0.0000000000
133009  -17.469  -11.016  60.690 0.0000000000
65349  -16.626  -12.089  66.123 0.0000000000
66336  -16.266  -11.176  66.743 0.0000000000
137124  -15.864  -10.430  67.000 0.0000000000
78643  -39.829  2.102  50.540 0.0000000000
82479  -47.515  5.274  26.985 0.0000000000
68512  -2.693  -10.053  47.056 0.0000000000
66508  -2.901  -11.336  46.896 0.0000000000
64519  -2.345  -13.610  48.157 0.0000000000
136316  -2.633  -14.146  47.292 0.0000000000
61627  -2.868  -16.135  45.434 0.0000000000
82116  -9.565  5.550  62.621 0.0000000000
83879  -10.378  7.523  63.924 0.0000000000
85684  -10.188  9.384  64.966 0.0000000000
137221  -9.824  9.991  65.293 0.0000000000
86578  -9.840  10.592  65.199 0.0000000000
145510  -9.475  12.055  65.073 0.0000000000
88275  -9.247  12.611  65.561 0.0000000000
87447  -6.746  11.319  63.048 0.0000000000
139848  -6.730  12.801  62.966 0.0000000000
85686  -2.224  8.461  62.913 0.0000000000
84801  -2.088  8.230  62.561 0.0000000000
140209  -2.252  8.629  61.849 0.0000000000
82974  -1.944  6.466  63.322 0.0000000000
70238  -5.006  -8.106  58.376 0.0000000000
70237  -4.802  -8.026  58.304 0.0000000000
71273  -4.402  -7.742  58.236 0.0000000000
70281  -4.334  -7.921  55.778 0.0000000000
72240  -4.687  -5.143  56.352 0.0000000000
72248  -5.305  -5.614  55.672 0.0000000000
138218  -5.730  -5.081  54.943 0.0000000000
72259  -6.123  -4.734  54.222 0.0000000000
72258  -5.977  -5.632  54.376 0.0000000000
72269  -6.030  -6.162  53.851 0.0000000000
71322  -5.944  -7.000  52.725 0.0000000000
69409  -3.759  -8.704  50.029 0.0000000000
69417  -4.171  -8.438  48.978 0.0000000000
82209  -3.845  5.393  50.399 0.0000000000
81318  -3.370  5.039  51.106 0.0000000000
67374  -31.626  -10.986  57.022 0.0000000000
68346  -30.730  -8.960  59.702 0.0000000000
68357  -31.654  -9.569  59.352 0.0000000000
69295  -32.368  -7.982  60.653 0.0000000000
70235  -32.806  -7.930  60.375 0.0000000000
139319  -32.200  -7.706  60.562 0.0000000000
70247  -31.602  -7.165  59.680 0.0000000000
139941  -31.225  -7.297  58.436 0.0000000000
69284  -27.083  -7.201  62.246 0.0000000000
71249  -27.792  -6.571  61.554 0.0000000000
135135  -27.135  -7.038  58.474 0.0000000000
70258  -28.331  -7.111  57.828 0.0000000000
133062  -28.738  -7.299  57.180 0.0000000000
70289  -29.265  -7.465  55.405 0.0000000000
124902  -29.585  -7.463  54.651 0.0000000000
124903  -28.906  -7.468  54.801 0.0000000000
69387  -25.824  -8.478  52.851 0.0000000000
69388  -26.507  -8.213  52.270 0.0000000000
148504  -26.926  -7.874  50.137 0.0000000000
60413  -18.399  -17.902  67.833 0.0000000000
57460  -18.472  -20.065  69.100 0.0000000000
55109  -19.776  -22.040  67.496 0.0000000000
56316  -19.244  -21.854  67.905 0.0000000000
56338  -18.891  -21.654  65.766 0.0000000000
69420  -25.429  -8.574  48.463 0.0000000000
66431  -23.338  -11.281  53.624 0.0000000000
66430  -23.004  -12.024  53.928 0.0000000000
65468  -22.399  -12.573  53.381 0.0000000000
64362  -23.164  -13.129  60.675 0.0000000000
61483  -22.175  -16.403  61.186 0.0000000000
62448  -22.019  -15.926  59.868 0.0000000000
128821  -21.717  -15.839  59.122 0.0000000000
61501  -21.394  -16.435  59.600 0.0000000000
61500  -20.634  -16.676  59.339 0.0000000000
59527  -19.931  -17.872  62.250 0.0000000000
60439  -18.732  -17.943  65.815 0.0000000000
84152  -49.550  7.366  37.962 0.0000000000
138748  -48.379  8.115  38.024 0.0000000000
85041  -49.783  8.882  38.307 0.0000000000
85922  -49.309  9.513  38.349 0.0000000000
136713  -49.786  10.212  38.388 0.0000000000
135753  -52.131  12.520  39.035 0.0000000000
127930  -51.956  12.483  38.793 0.0000000000
88506  -51.834  13.314  38.906 0.0000000000
90216  -51.144  14.879  38.941 0.0000000000
90224  -50.655  15.568  38.497 0.0000000000
91092  -49.941  16.331  37.339 0.0000000000
90222  -49.639  15.844  38.294 0.0000000000
83199  -49.104  6.919  40.540 0.0000000000
84116  -49.517  7.798  40.805 0.0000000000
84110  -49.289  8.532  42.072 0.0000000000
85012  -49.136  9.796  43.468 0.0000000000
139428  -47.283  9.078  40.079 0.0000000000
85026  -47.598  9.407  41.167 0.0000000000
82376  -53.855  5.927  36.380 0.0000000000
82384  -53.461  5.369  35.761 0.0000000000
82375  -52.837  5.761  36.426 0.0000000000
82374  -51.631  5.388  36.533 0.0000000000
82373  -50.614  5.289  36.745 0.0000000000
81465  -50.072  4.687  36.364 0.0000000000
82349  -50.258  5.882  37.256 0.0000000000
83228  -49.907  6.615  37.624 0.0000000000
65509  -6.060  -12.859  50.352 0.0000000000
63516  -5.729  -14.447  50.383 0.0000000000
62550  -5.721  -15.710  51.398 0.0000000000
61560  -2.461  -17.129  52.654 0.0000000000
59613  -2.426  -18.019  53.041 0.0000000000
143995  -8.262  -14.697  54.575 0.0000000000
63463  -7.839  -15.131  54.076 0.0000000000
62502  -6.902  -15.380  54.912 0.0000000000
60554  -2.169  -17.085  55.457 0.0000000000
60555  -2.707  -17.574  55.469 0.0000000000
75872  -13.586  -1.262  54.880 0.0000000000
76761  -13.252  -0.675  55.332 0.0000000000
75860  -13.593  -1.272  55.700 0.0000000000
76745  -13.287  -0.749  56.033 0.0000000000
129943  -13.154  -0.425  56.782 0.0000000000
129164  -12.427  1.056  59.080 0.0000000000
78522  -12.303  1.335  59.918 0.0000000000
74913  -17.841  -1.163  64.207 0.0000000000
76705  -16.509  -0.280  64.769 0.0000000000
77632  -16.003  0.267  64.741 0.0000000000
76696  -13.150  -0.666  65.684 0.0000000000
77619  -13.792  0.117  65.095 0.0000000000
128765  -12.431  0.505  63.524 0.0000000000
78507  -9.790  1.945  61.660 0.0000000000
78503  -9.661  1.345  62.326 0.0000000000
77617  -8.692  0.243  64.824 0.0000000000
145892  -8.258  0.559  65.498 0.0000000000
134212  -7.204  1.687  67.000 0.0000000000
77608  -7.274  0.817  67.129 0.0000000000
74899  -6.695  -3.287  65.468 0.0000000000
73946  -5.296  -3.800  65.296 0.0000000000
73988  -10.167  -2.901  58.362 0.0000000000
73987  -9.326  -2.882  58.464 0.0000000000
73100  -6.795  -4.648  57.771 0.0000000000
73092  -6.493  -4.512  58.269 0.0000000000
72227  -6.265  -5.567  58.061 0.0000000000
71288  -6.674  -7.280  56.374 0.0000000000
68422  -7.350  -9.281  52.336 0.0000000000
68421  -6.495  -9.720  52.566 0.0000000000
67437  -6.361  -10.742  51.433 0.0000000000
74064  -44.346  -2.818  49.860 0.0000000000
75006  -46.129  -2.119  51.304 0.0000000000
75935  -46.470  -1.786  51.114 0.0000000000
71341  -41.571  -6.339  51.618 0.0000000000
71342  -41.986  -6.113  52.480 0.0000000000
129458  -42.200  -2.757  55.144 0.0000000000
140018  -42.671  -2.833  54.816 0.0000000000
74984  -42.498  -2.050  54.783 0.0000000000
75901  -43.484  -0.910  53.491 0.0000000000
77732  -42.954  0.450  53.335 0.0000000000
77728  -40.136  1.900  54.141 0.0000000000
67375  -34.033  -10.722  57.458 0.0000000000
67384  -34.958  -10.646  56.545 0.0000000000
67376  -34.824  -10.556  57.384 0.0000000000
67368  -36.103  -10.089  57.896 0.0000000000
70317  -36.099  -7.542  54.676 0.0000000000
70319  -38.544  -7.499  54.559 0.0000000000
71330  -38.543  -6.420  52.595 0.0000000000
70376  -33.414  -7.298  50.658 0.0000000000
124752  -33.791  -7.375  51.480 0.0000000000
71347  -34.821  -6.794  50.137 0.0000000000
72306  -38.090  -4.743  49.743 0.0000000000
142257  -14.428  -12.184  60.005 0.0000000000
64360  -13.746  -13.655  60.384 0.0000000000
62431  -12.578  -15.143  61.870 0.0000000000
63366  -10.188  -14.724  63.334 0.0000000000
126715  -14.335  -15.553  64.045 0.0000000000
60433  -9.447  -17.878  66.257 0.0000000000
61423  -9.124  -17.175  66.458 0.0000000000
150311  -8.859  -16.403  66.535 0.0000000000
61422  -8.524  -16.456  66.485 0.0000000000
61450  -6.494  -16.434  65.448 0.0000000000
60447  -6.377  -16.914  64.628 0.0000000000
57458  -16.680  -20.391  69.022 0.0000000000
58509  -16.127  -19.827  69.254 0.0000000000
57457  -16.015  -20.430  68.773 0.0000000000
57470  -15.617  -20.903  67.783 0.0000000000
57521  -14.533  -20.412  62.873 0.0000000000
57511  -14.349  -20.544  63.774 0.0000000000
132164  -13.784  -20.351  63.202 0.0000000000
142576  -12.607  -20.333  64.288 0.0000000000
58565  -12.311  -19.676  62.508 0.0000000000
78667  -15.418  1.359  48.787 0.0000000000
77778  -15.445  0.622  49.056 0.0000000000
76832  -14.922  -0.142  50.130 0.0000000000
68497  -23.971  -9.198  47.653 0.0000000000
68521  -23.515  -9.142  46.839 0.0000000000
68520  -22.125  -9.512  46.248 0.0000000000
67482  -20.670  -10.644  47.184 0.0000000000
67481  -19.961  -10.582  47.477 0.0000000000
69462  -19.859  -8.373  45.739 0.0000000000
70437  -19.774  -7.610  45.435 0.0000000000
69441  -19.502  -8.624  46.396 0.0000000000
64418  -17.716  -13.746  55.329 0.0000000000
149283  -17.835  -13.695  54.728 0.0000000000
64431  -17.610  -13.133  54.700 0.0000000000
65465  -17.734  -12.336  53.385 0.0000000000
66439  -17.697  -11.613  52.976 0.0000000000
68426  -17.872  -9.097  52.384 0.0000000000
132227  -18.356  -7.964  50.349 0.0000000000
70394  -18.457  -7.145  48.970 0.0000000000
70383  -18.392  -7.194  49.971 0.0000000000
73167  -17.911  -4.848  49.318 0.0000000000
72301  -17.543  -4.656  50.124 0.0000000000
73147  -16.839  -4.614  52.199 0.0000000000
74044  -15.829  -3.279  52.001 0.0000000000
148775  -15.533  -2.665  51.608 0.0000000000
149865  -14.998  -2.635  52.838 0.0000000000
74994  -14.600  -2.237  53.186 0.0000000000
74981  -15.060  -3.131  54.387 0.0000000000
73097  -17.373  -5.119  57.989 0.0000000000
73096  -16.893  -4.382  58.495 0.0000000000
68327  -17.678  -9.266  61.652 0.0000000000
146147  -18.127  -5.952  63.926 0.0000000000
68321  -14.434  -9.403  61.575 0.0000000000
135287  -14.447  -9.433  60.692 0.0000000000
86817  -47.211  10.961  36.585 0.0000000000
86829  -46.683  10.050  35.273 0.0000000000
86830  -46.941  10.964  35.653 0.0000000000
75990  -48.712  -1.396  48.220 0.0000000000
76007  -49.252  -1.013  47.624 0.0000000000
77788  -48.972  0.063  48.329 0.0000000000
127126  -48.688  0.723  48.228 0.0000000000
77803  -48.134  1.477  48.079 0.0000000000
77814  -44.442  0.774  46.727 0.0000000000
78728  -44.042  2.311  46.096 0.0000000000
80508  -43.668  3.899  45.699 0.0000000000
79642  -42.982  3.243  45.018 0.0000000000
64555  -4.563  -13.669  45.667 0.0000000000
64556  -5.529  -13.775  45.698 0.0000000000
63576  -6.258  -15.050  44.641 0.0000000000
63514  -2.955  -14.522  50.405 0.0000000000
63513  -2.057  -14.460  50.312 0.0000000000
61590  -1.901  -15.882  50.183 0.0000000000
64357  -11.230  -13.692  59.936 0.0000000000
64369  -11.081  -13.256  59.263 0.0000000000
127290  -9.128  -12.570  60.848 0.0000000000
126426  -8.080  -12.449  61.070 0.0000000000
125325  -5.066  -13.234  63.357 0.0000000000
64334  -5.662  -13.098  62.705 0.0000000000
64333  -4.316  -13.561  62.992 0.0000000000
64344  -4.409  -13.775  62.071 0.0000000000
63385  -3.710  -14.258  61.575 0.0000000000
63384  -2.182  -15.019  61.379 0.0000000000
62430  -1.656  -15.589  61.584 0.0000000000
61479  -1.196  -16.760  61.271 0.0000000000
79504  -11.951  2.141  54.941 0.0000000000
125649  -12.049  2.577  54.183 0.0000000000
79514  -11.722  2.940  54.848 0.0000000000
80421  -11.652  3.625  54.798 0.0000000000
138025  -11.545  4.934  55.199 0.0000000000
83919  -11.713  7.933  56.891 0.0000000000
142831  -10.978  8.696  60.937 0.0000000000
143428  -11.019  9.341  60.757 0.0000000000
86594  -10.954  10.112  60.394 0.0000000000
86603  -10.689  11.037  59.984 0.0000000000
86616  -7.393  10.305  56.966 0.0000000000
86621  -7.603  10.506  56.513 0.0000000000
86622  -7.986  10.273  56.026 0.0000000000
79446  -5.131  2.657  66.778 0.0000000000
80352  -4.792  3.320  66.610 0.0000000000
79443  -3.188  2.764  66.607 0.0000000000
134230  -1.686  0.912  66.126 0.0000000000
78489  -1.741  1.479  65.664 0.0000000000
80359  -2.023  3.136  65.378 0.0000000000
79453  -2.537  2.392  64.968 0.0000000000
79454  -3.602  2.485  64.496 0.0000000000
72216  -1.606  -5.676  59.991 0.0000000000
73070  -1.376  -5.202  61.640 0.0000000000
73077  -1.504  -5.069  60.605 0.0000000000
144435  -1.828  -3.675  61.233 0.0000000000
74929  -1.999  -2.967  61.537 0.0000000000
76717  -3.169  -0.110  60.140 0.0000000000
76716  -2.801  -0.763  60.668 0.0000000000
147709  -3.769  0.518  61.950 0.0000000000
77635  -4.418  0.821  62.470 0.0000000000
78496  -4.952  1.321  63.062 0.0000000000
78501  -5.979  2.040  62.285 0.0000000000
81233  -6.654  4.143  62.076 0.0000000000
80366  -6.689  3.308  61.871 0.0000000000
80369  -6.936  3.010  60.969 0.0000000000
80372  -7.207  3.253  60.099 0.0000000000
80392  -5.483  3.085  57.435 0.0000000000
80393  -6.471  3.193  57.457 0.0000000000
80404  -6.077  3.478  56.754 0.0000000000
81273  -7.344  4.530  55.733 0.0000000000
82161  -7.885  5.102  55.572 0.0000000000
81272  -6.738  4.478  55.366 0.0000000000
82172  -6.685  5.257  54.310 0.0000000000
82183  -6.137  5.747  53.778 0.0000000000
82171  -5.676  5.342  54.365 0.0000000000
128324  -4.560  5.550  54.569 0.0000000000
82170  -3.476  5.673  54.731 0.0000000000
126126  -2.674  3.102  54.134 0.0000000000
78579  -2.857  1.947  53.130 0.0000000000
79540  -2.819  2.458  52.602 0.0000000000
134023  -3.049  3.025  52.272 0.0000000000
78611  -3.581  1.053  51.245 0.0000000000
77758  -3.760  0.451  50.590 0.0000000000
74034  -6.358  -3.897  52.248 0.0000000000
74033  -5.677  -3.421  52.520 0.0000000000
74042  -5.850  -3.398  51.656 0.0000000000
74049  -5.850  -3.375  50.804 0.0000000000
74066  -6.284  -3.833  48.648 0.0000000000
75033  -4.992  -2.344  48.588 0.0000000000
75972  -4.564  -1.762  48.702 0.0000000000
75992  -5.866  -1.944  47.430 0.0000000000
70453  -6.411  -7.095  44.422 0.0000000000
71409  -6.229  -6.150  44.213 0.0000000000
69478  -7.441  -7.550  44.573 0.0000000000
70455  -8.182  -7.119  44.087 0.0000000000
65372  -27.346  -12.432  63.926 0.0000000000
64323  -27.756  -13.029  64.287 0.0000000000
65364  -27.204  -12.282  64.750 0.0000000000
65354  -26.828  -12.282  65.366 0.0000000000
65351  -24.636  -12.180  65.473 0.0000000000
58535  -26.339  -19.760  66.296 0.0000000000
65362  -24.221  -11.925  65.165 0.0000000000
63347  -25.108  -13.786  65.876 0.0000000000
62386  -25.800  -15.264  66.204 0.0000000000
62385  -25.004  -15.256  66.077 0.0000000000
77871  -47.498  0.492  41.966 0.0000000000
78754  -47.005  1.125  42.550 0.0000000000
76960  -48.299  -0.299  43.335 0.0000000000
78748  -47.242  1.122  43.456 0.0000000000
78747  -46.758  1.840  43.187 0.0000000000
78739  -47.059  1.798  43.943 0.0000000000
79634  -46.797  3.324  45.066 0.0000000000
66396  -13.028  -11.318  55.393 0.0000000000
66394  -11.837  -11.835  55.466 0.0000000000
124350  -11.793  -12.300  56.793 0.0000000000
65407  -9.023  -12.620  58.230 0.0000000000
64381  -8.447  -13.000  58.416 0.0000000000
141578  -14.587  -7.282  60.765 0.0000000000
71257  -14.463  -6.689  59.370 0.0000000000
71267  -14.351  -6.170  58.585 0.0000000000
72236  -14.210  -6.051  57.885 0.0000000000
70267  -14.477  -7.471  56.706 0.0000000000
68371  -14.608  -9.423  56.238 0.0000000000
67412  -37.698  -9.881  53.985 0.0000000000
67398  -38.314  -10.110  54.963 0.0000000000
67388  -38.421  -10.103  56.091 0.0000000000
70398  -29.404  -7.091  49.018 0.0000000000
71396  -30.020  -6.056  46.903 0.0000000000
71395  -29.211  -6.225  46.757 0.0000000000
72346  -30.064  -4.914  45.763 0.0000000000
73205  -30.387  -4.252  45.626 0.0000000000
75096  -30.100  -2.723  45.623 0.0000000000
75072  -29.802  -2.004  45.908 0.0000000000
75112  -28.258  -3.063  44.746 0.0000000000
64291  -14.703  -13.131  69.011 0.0000000000
64292  -14.984  -13.064  69.245 0.0000000000
64289  -14.866  -13.750  69.237 0.0000000000
63323  -14.816  -14.459  69.233 0.0000000000
63322  -15.525  -14.508  69.355 0.0000000000
62366  -14.951  -15.235  69.404 0.0000000000
131844  -14.859  -16.923  69.191 0.0000000000
60408  -14.691  -18.393  68.182 0.0000000000
59463  -14.798  -19.332  68.319 0.0000000000
148698  -17.930  -16.572  62.966 0.0000000000
61473  -17.791  -16.068  61.773 0.0000000000
62424  -17.405  -15.176  63.024 0.0000000000
134452  -17.325  -14.194  63.080 0.0000000000
130438  -17.278  -13.265  63.155 0.0000000000
64321  -17.162  -13.054  64.196 0.0000000000
64307  -16.863  -13.122  65.822 0.0000000000
82443  -48.576  5.869  29.288 0.0000000000
83306  -47.724  6.328  31.911 0.0000000000
131694  -46.071  3.939  30.138 0.0000000000
81542  -46.389  3.987  29.295 0.0000000000
81557  -47.100  4.755  28.912 0.0000000000
82451  -47.869  5.407  28.616 0.0000000000
130605  -2.401  -11.220  49.150 0.0000000000
65534  -2.123  -12.413  49.005 0.0000000000
141758  -2.369  -14.386  48.134 0.0000000000
82106  -9.379  5.745  64.612 0.0000000000
82972  -9.596  6.479  64.843 0.0000000000
128809  -8.489  7.160  65.479 0.0000000000
145190  -8.759  7.908  65.427 0.0000000000
84785  -9.392  8.265  65.328 0.0000000000
87444  -8.168  11.192  65.032 0.0000000000
87448  -7.353  11.233  63.973 0.0000000000
87454  -6.120  11.232  62.446 0.0000000000
86587  -5.425  10.679  62.278 0.0000000000
87452  -4.500  11.078  61.734 0.0000000000
85688  -4.238  9.192  62.931 0.0000000000
84788  -4.485  8.099  64.193 0.0000000000
84797  -3.710  8.497  63.575 0.0000000000
83871  -2.301  7.340  64.412 0.0000000000
68381  -4.501  -9.464  55.940 0.0000000000
68370  -4.085  -9.236  56.168 0.0000000000
68380  -3.967  -9.413  55.525 0.0000000000
68379  -3.714  -9.291  55.095 0.0000000000
68389  -3.593  -9.314  54.424 0.0000000000
69350  -3.621  -9.097  54.823 0.0000000000
70322  -4.079  -8.541  54.284 0.0000000000
130270  -4.839  -7.822  53.258 0.0000000000
130974  -3.508  -9.006  51.426 0.0000000000
69400  -3.270  -9.188  50.713 0.0000000000
143204  -3.013  -9.507  50.222 0.0000000000
83964  -2.590  7.630  52.360 0.0000000000
68355  -29.962  -9.329  58.795 0.0000000000
69293  -30.385  -7.340  61.081 0.0000000000
71248  -26.387  -6.566  61.879 0.0000000000
129387  -25.818  -6.904  60.671 0.0000000000
147632  -25.232  -7.863  58.833 0.0000000000
70241  -25.789  -7.653  58.419 0.0000000000
70256  -26.505  -7.447  57.966 0.0000000000
143610  -27.094  -7.606  55.612 0.0000000000
69344  -25.515  -8.478  54.985 0.0000000000
57466  -20.582  -21.101  68.531 0.0000000000
56308  -20.371  -21.695  68.226 0.0000000000
55110  -20.423  -22.200  67.379 0.0000000000
68412  -24.035  -9.867  53.034 0.0000000000
67393  -23.692  -10.664  54.236 0.0000000000
65431  -23.046  -12.435  56.570 0.0000000000
62414  -23.280  -15.503  63.365 0.0000000000
61469  -22.804  -16.351  62.930 0.0000000000
60478  -22.211  -17.196  62.542 0.0000000000
59529  -21.426  -17.827  62.652 0.0000000000
59506  -20.519  -18.745  64.401 0.0000000000
144063  -20.677  -19.062  65.206 0.0000000000
135297  -52.428  8.289  37.566 0.0000000000
85043  -52.129  9.524  37.922 0.0000000000
85938  -53.102  9.674  37.967 0.0000000000
86791  -52.723  10.777  38.718 0.0000000000
85916  -53.318  9.676  38.812 0.0000000000
129449  -52.941  10.545  38.960 0.0000000000
86790  -52.413  11.572  39.164 0.0000000000
87642  -51.810  12.491  39.685 0.0000000000
87641  -51.034  12.328  40.671 0.0000000000
84101  -47.809  8.111  44.128 0.0000000000
84094  -48.003  8.821  44.209 0.0000000000
85002  -47.767  8.869  44.196 0.0000000000
85016  -47.072  8.886  42.936 0.0000000000
136905  -54.818  5.138  36.544 0.0000000000
82351  -54.618  5.387  37.484 0.0000000000
82377  -54.417  5.714  36.584 0.0000000000
83252  -54.057  6.384  36.963 0.0000000000
84155  -53.422  8.056  37.578 0.0000000000
65511  -7.948  -12.389  50.523 0.0000000000
63518  -7.794  -14.105  50.777 0.0000000000
140497  -8.496  -13.773  50.918 0.0000000000
63503  -7.773  -14.770  51.258 0.0000000000
63502  -7.161  -14.777  50.855 0.0000000000
140103  -6.535  -15.594  51.820 0.0000000000
62535  -5.916  -15.900  52.297 0.0000000000
62525  -5.313  -16.098  53.052 0.0000000000
132583  -4.786  -15.533  55.957 0.0000000000
62481  -3.989  -15.501  56.377 0.0000000000
62497  -2.277  -16.176  56.142 0.0000000000
60553  -2.043  -16.747  56.254 0.0000000000
60543  -2.693  -17.414  56.162 0.0000000000
76724  -14.436  -0.770  59.787 0.0000000000
75825  -14.705  -1.718  63.762 0.0000000000
75819  -14.643  -1.235  64.952 0.0000000000
75814  -13.130  -1.236  65.764 0.0000000000
76693  -9.749  -0.731  65.163 0.0000000000
76689  -9.562  -1.344  66.369 0.0000000000
76685  -8.421  -1.953  67.943 0.0000000000
131514  -8.281  -3.378  67.486 0.0000000000
74907  -7.464  -2.908  63.893 0.0000000000
73135  -11.128  -4.587  55.081 0.0000000000
73124  -10.663  -4.253  55.627 0.0000000000
73134  -10.247  -4.757  54.878 0.0000000000
72261  -9.586  -5.394  54.406 0.0000000000
71312  -10.468  -6.247  53.146 0.0000000000
72271  -9.987  -5.782  53.714 0.0000000000
72260  -8.742  -5.689  54.742 0.0000000000
71290  -7.988  -6.117  55.216 0.0000000000
71298  -7.680  -6.887  54.960 0.0000000000
69364  -8.095  -8.074  52.940 0.0000000000
69379  -8.552  -8.450  52.019 0.0000000000
68423  -8.121  -9.155  51.787 0.0000000000
67439  -8.131  -10.431  50.941 0.0000000000
74074  -43.457  -2.970  48.573 0.0000000000
74063  -43.682  -3.292  50.184 0.0000000000
146646  -42.387  -4.881  55.300 0.0000000000
74014  -42.142  -3.894  55.462 0.0000000000
74021  -41.833  -3.259  55.322 0.0000000000
76806  -40.364  0.492  53.820 0.0000000000
69315  -34.879  -9.036  58.828 0.0000000000
69316  -35.473  -9.191  58.439 0.0000000000
69324  -35.222  -8.698  58.365 0.0000000000
70277  -35.540  -7.868  56.677 0.0000000000
70294  -34.730  -7.584  55.815 0.0000000000
146557  -35.669  -7.636  55.531 0.0000000000
126239  -35.778  -7.453  53.953 0.0000000000
72312  -34.615  -5.561  48.040 0.0000000000
63378  -14.007  -14.473  62.004 0.0000000000
62421  -12.715  -15.583  62.532 0.0000000000
60436  -12.756  -18.122  65.442 0.0000000000
60435  -11.636  -18.247  65.888 0.0000000000
146656  -10.606  -18.373  66.314 0.0000000000
56336  -16.630  -21.429  66.216 0.0000000000
129684  -15.952  -21.297  66.286 0.0000000000
127162  -16.169  -21.243  65.597 0.0000000000
57512  -15.207  -20.586  63.460 0.0000000000
57522  -15.374  -20.424  62.559 0.0000000000
66483  -22.350  -11.462  49.551 0.0000000000
66494  -21.916  -11.372  48.645 0.0000000000
126230  -21.089  -11.872  48.789 0.0000000000
65527  -20.364  -12.483  49.940 0.0000000000
66492  -20.399  -11.546  48.439 0.0000000000
66491  -19.641  -11.415  48.839 0.0000000000
135314  -19.192  -10.740  48.745 0.0000000000
66397  -17.444  -11.412  55.739 0.0000000000
66412  -17.443  -11.404  54.845 0.0000000000
68394  -17.557  -9.722  54.225 0.0000000000
69385  -17.793  -8.379  52.975 0.0000000000
70358  -18.047  -7.471  52.049 0.0000000000
72285  -17.956  -6.156  51.228 0.0000000000
71326  -17.600  -6.069  52.719 0.0000000000
71302  -17.643  -6.592  54.102 0.0000000000
72275  -17.310  -5.678  53.286 0.0000000000
73137  -16.925  -5.250  54.090 0.0000000000
73136  -16.391  -4.613  54.635 0.0000000000
71284  -17.821  -6.221  56.785 0.0000000000
72237  -17.625  -5.719  57.261 0.0000000000
135191  -17.193  -9.522  64.449 0.0000000000
68312  -17.130  -8.870  64.986 0.0000000000
69265  -16.066  -8.428  65.921 0.0000000000
69269  -16.621  -8.014  65.375 0.0000000000
77786  -47.451  0.406  48.966 0.0000000000
76884  -46.757  -0.071  49.457 0.0000000000
77800  -44.883  0.416  47.467 0.0000000000
77813  -43.608  0.384  46.383 0.0000000000
141187  -8.199  -9.684  46.151 0.0000000000
67497  -8.753  -10.542  46.451 0.0000000000
66514  -8.365  -11.394  46.587 0.0000000000
131652  -8.865  -13.525  45.758 0.0000000000
63563  -8.680  -14.128  45.309 0.0000000000
63578  -8.418  -14.769  44.700 0.0000000000
139455  -5.178  -16.224  44.341 0.0000000000
133806  -8.947  -13.201  62.728 0.0000000000
64336  -8.555  -12.682  62.225 0.0000000000
65367  -7.906  -12.523  63.378 0.0000000000
65365  -6.496  -12.654  63.809 0.0000000000
65356  -6.270  -12.790  64.626 0.0000000000
79487  -11.093  3.135  57.243 0.0000000000
80406  -11.132  3.711  56.485 0.0000000000
83008  -11.248  6.285  57.239 0.0000000000
125564  -11.448  7.167  57.226 0.0000000000
84837  -11.703  8.645  57.292 0.0000000000
85726  -11.687  9.376  57.603 0.0000000000
87461  -9.620  12.078  62.031 0.0000000000
88290  -9.778  12.152  61.056 0.0000000000
88289  -9.542  13.034  61.535 0.0000000000
135569  -7.628  8.747  57.703 0.0000000000
128657  -7.750  8.005  58.052 0.0000000000
141976  -4.192  -1.314  67.219 0.0000000000
75797  -3.524  -1.810  67.032 0.0000000000
75796  -2.499  -1.326  66.692 0.0000000000
75805  -2.058  -2.020  66.109 0.0000000000
76686  -1.630  -0.722  66.108 0.0000000000
124984  -1.478  -1.373  65.509 0.0000000000
76690  -1.468  -0.536  65.107 0.0000000000
76700  -1.656  -0.773  64.014 0.0000000000
73983  -2.027  -4.344  58.262 0.0000000000
73973  -2.143  -3.950  58.996 0.0000000000
75836  -3.199  -1.849  59.752 0.0000000000
74965  -3.328  -2.279  58.292 0.0000000000
76721  -3.238  -0.847  59.921 0.0000000000
77654  -3.512  0.460  59.635 0.0000000000
78511  -3.869  0.921  59.932 0.0000000000
78520  -5.131  1.643  59.701 0.0000000000
78519  -4.305  1.354  59.589 0.0000000000
78526  -4.408  1.773  58.979 0.0000000000
79476  -4.167  2.202  58.279 0.0000000000
78533  -3.838  1.189  58.132 0.0000000000
149515  -3.809  2.128  58.013 0.0000000000
79484  -3.853  2.570  57.690 0.0000000000
80391  -4.465  3.064  57.511 0.0000000000
80390  -3.697  3.217  57.193 0.0000000000
137059  -3.724  3.729  56.750 0.0000000000
81258  -3.256  4.136  56.344 0.0000000000
79513  -3.187  2.152  54.838 0.0000000000
78567  -3.321  1.492  54.363 0.0000000000
145822  -3.046  1.534  53.635 0.0000000000
76809  -2.764  -0.285  51.971 0.0000000000
136425  -6.974  -6.418  49.857 0.0000000000
71344  -7.149  -5.715  49.803 0.0000000000
71353  -6.980  -6.196  48.947 0.0000000000
72309  -6.791  -5.523  48.173 0.0000000000
72317  -5.898  -4.923  46.516 0.0000000000
73190  -5.729  -4.316  46.033 0.0000000000
72328  -5.487  -5.035  45.675 0.0000000000
70436  -4.970  -7.287  44.972 0.0000000000
145532  -5.751  -7.387  44.735 0.0000000000
69457  -6.667  -7.879  44.884 0.0000000000
140445  -26.544  -10.202  60.604 0.0000000000
130284  -26.519  -9.352  62.127 0.0000000000
68330  -26.653  -8.353  62.327 0.0000000000
70213  -26.213  -6.948  62.963 0.0000000000
147643  -26.216  -10.209  64.496 0.0000000000
67326  -25.766  -10.002  65.098 0.0000000000
67331  -25.925  -9.706  64.705 0.0000000000
68320  -25.722  -8.717  64.188 0.0000000000
69274  -25.627  -7.886  63.746 0.0000000000
144523  -25.614  -7.413  63.492 0.0000000000
70217  -25.655  -6.921  62.785 0.0000000000
70216  -25.130  -7.182  62.467 0.0000000000
70221  -24.882  -7.470  61.763 0.0000000000
68329  -24.150  -8.715  61.808 0.0000000000
127768  -24.483  -8.346  60.263 0.0000000000
142965  -24.143  -9.002  59.927 0.0000000000
68351  -23.960  -9.877  58.192 0.0000000000
66363  -26.095  -11.722  60.195 0.0000000000
58520  -22.918  -19.999  67.849 0.0000000000
57474  -23.389  -20.772  67.650 0.0000000000
56327  -23.798  -21.639  67.164 0.0000000000
55132  -23.600  -22.668  65.910 0.0000000000
66362  -23.467  -11.302  60.337 0.0000000000
125703  -23.413  -11.793  61.152 0.0000000000
65386  -23.337  -12.584  61.555 0.0000000000
64322  -23.889  -12.709  64.695 0.0000000000
148661  -23.832  -13.724  64.552 0.0000000000
63369  -23.560  -14.111  63.817 0.0000000000
62415  -23.507  -14.836  63.780 0.0000000000
60440  -23.809  -17.763  66.091 0.0000000000
137154  -23.332  -18.855  67.040 0.0000000000
81413  -52.477  4.281  40.297 0.0000000000
82322  -51.710  5.182  40.044 0.0000000000
81412  -50.667  4.868  39.970 0.0000000000
126885  -49.943  5.374  39.846 0.0000000000
82320  -49.137  5.460  39.989 0.0000000000
144675  -48.827  6.171  40.331 0.0000000000
83198  -48.294  6.647  41.162 0.0000000000
83192  -47.658  6.517  42.197 0.0000000000
78761  -47.328  1.587  41.047 0.0000000000
79664  -46.973  2.482  40.789 0.0000000000
80533  -46.630  3.622  41.102 0.0000000000
80526  -46.408  3.604  41.992 0.0000000000
81402  -47.100  5.092  41.290 0.0000000000
83184  -47.538  7.126  43.595 0.0000000000
83176  -47.110  7.657  44.519 0.0000000000
84092  -46.586  7.789  44.699 0.0000000000
84099  -45.998  7.859  44.675 0.0000000000
82284  -45.876  7.021  45.211 0.0000000000
83174  -45.643  7.364  44.913 0.0000000000
83182  -45.287  7.453  43.986 0.0000000000
83181  -44.701  6.730  43.204 0.0000000000
65463  -10.871  -12.444  52.586 0.0000000000
64443  -10.375  -13.174  53.214 0.0000000000
64430  -10.239  -13.163  54.264 0.0000000000
63464  -8.859  -14.273  54.614 0.0000000000
65426  -10.185  -12.680  55.989 0.0000000000
64415  -8.915  -13.686  55.961 0.0000000000
64402  -8.829  -13.468  56.753 0.0000000000
62467  -4.602  -15.272  57.100 0.0000000000
62464  -2.196  -15.834  57.990 0.0000000000
60518  -1.870  -16.763  58.940 0.0000000000
73955  -17.611  -2.301  63.776 0.0000000000
73080  -15.140  -4.309  60.976 0.0000000000
74939  -14.833  -2.651  62.052 0.0000000000
74925  -14.757  -2.198  62.773 0.0000000000
74924  -13.772  -2.188  62.620 0.0000000000
126655  -10.951  -2.615  61.981 0.0000000000
147912  -10.574  -2.569  59.680 0.0000000000
73989  -11.637  -2.872  58.989 0.0000000000
125987  -11.092  -3.064  58.248 0.0000000000
139142  -11.348  -3.445  57.472 0.0000000000
73115  -11.448  -3.736  56.860 0.0000000000
73125  -11.529  -4.352  55.723 0.0000000000
72246  -13.960  -5.750  57.247 0.0000000000
70284  -14.216  -7.132  55.194 0.0000000000
72253  -13.826  -6.282  55.655 0.0000000000
72244  -13.082  -5.058  56.213 0.0000000000
72252  -12.759  -5.265  55.339 0.0000000000
73126  -12.339  -4.630  55.920 0.0000000000
146237  -11.937  -4.863  54.989 0.0000000000
72274  -12.222  -5.875  53.789 0.0000000000
70343  -12.321  -7.421  52.475 0.0000000000
69384  -13.348  -8.403  52.984 0.0000000000
69383  -12.767  -8.306  52.481 0.0000000000
141259  -12.218  -9.608  52.074 0.0000000000
67402  -11.655  -10.809  52.025 0.0000000000
70378  -40.399  -7.397  51.030 0.0000000000
70367  -41.042  -7.090  51.784 0.0000000000
68434  -39.836  -9.080  53.497 0.0000000000
69389  -40.027  -8.605  52.791 0.0000000000
71320  -41.866  -7.014  54.237 0.0000000000
71296  -42.083  -5.987  55.588 0.0000000000
72256  -41.631  -5.572  55.827 0.0000000000
72255  -41.070  -5.871  55.900 0.0000000000
73143  -40.038  -5.009  53.327 0.0000000000
124894  -32.571  -7.541  53.540 0.0000000000
124889  -32.048  -7.522  52.837 0.0000000000
124883  -32.437  -7.506  52.095 0.0000000000
70389  -33.126  -7.130  49.821 0.0000000000
71372  -33.347  -6.352  48.256 0.0000000000
71370  -31.610  -6.683  48.336 0.0000000000
71384  -32.037  -6.228  47.712 0.0000000000
72311  -33.962  -5.828  47.922 0.0000000000
135957  -14.338  -12.102  65.424 0.0000000000
130629  -14.526  -14.228  65.301 0.0000000000
128472  -14.471  -13.593  66.221 0.0000000000
61456  -14.145  -16.749  64.840 0.0000000000
63325  -14.525  -13.604  68.557 0.0000000000
129601  -14.549  -14.484  67.796 0.0000000000
60438  -14.155  -17.294  65.422 0.0000000000
59489  -12.245  -18.973  66.069 0.0000000000
58540  -10.762  -19.480  65.629 0.0000000000
58548  -10.729  -19.498  64.890 0.0000000000
74101  -18.939  -3.673  44.934 0.0000000000
62504  -19.618  -15.424  55.759 0.0000000000
63456  -19.477  -15.084  54.979 0.0000000000
62503  -18.879  -15.381  56.113 0.0000000000
63442  -18.315  -14.928  56.107 0.0000000000
62484  -17.971  -15.195  57.332 0.0000000000
133417  -17.772  -14.236  56.114 0.0000000000
145797  -17.510  -13.365  56.190 0.0000000000
142655  -17.421  -13.004  56.971 0.0000000000
63409  -17.501  -14.539  59.168 0.0000000000
63403  -17.442  -14.287  59.963 0.0000000000
139217  -17.416  -13.850  58.734 0.0000000000
132412  -17.435  -12.167  57.314 0.0000000000
66382  -17.457  -11.559  56.933 0.0000000000
66368  -17.457  -11.289  58.503 0.0000000000
143968  -17.535  -10.285  57.529 0.0000000000
68350  -17.629  -9.616  58.220 0.0000000000
144251  -17.638  -9.504  59.099 0.0000000000
67333  -17.326  -10.200  63.093 0.0000000000
65369  -17.141  -11.767  63.394 0.0000000000
65359  -16.758  -11.829  65.214 0.0000000000
66344  -17.020  -11.069  64.031 0.0000000000
139959  -16.496  -9.418  65.850 0.0000000000
67317  -15.509  -9.848  66.876 0.0000000000
67318  -14.175  -10.525  66.371 0.0000000000
76841  -42.240  0.033  50.173 0.0000000000
67494  -4.003  -10.045  45.861 0.0000000000
66510  -4.084  -11.021  46.134 0.0000000000
66509  -3.341  -11.153  46.392 0.0000000000
65564  -4.376  -12.743  46.074 0.0000000000
63574  -4.202  -15.157  44.633 0.0000000000
65549  -2.800  -12.188  47.224 0.0000000000
136700  -2.882  -13.937  46.542 0.0000000000
64540  -3.125  -13.453  46.279 0.0000000000
141114  -4.362  -16.146  44.378 0.0000000000
61639  -4.637  -16.628  44.566 0.0000000000
126690  -5.118  -15.640  66.319 0.0000000000
150074  -4.652  -15.258  66.473 0.0000000000
60416  -3.850  -16.778  66.273 0.0000000000
82123  -9.914  5.268  60.577 0.0000000000
82124  -10.229  5.908  60.170 0.0000000000
83888  -10.557  7.518  62.051 0.0000000000
84805  -10.803  8.209  61.566 0.0000000000
84806  -10.884  9.058  61.708 0.0000000000
83878  -10.102  7.044  64.405 0.0000000000
138370  -10.522  8.188  63.809 0.0000000000
85685  -10.450  9.545  64.286 0.0000000000
84800  -10.594  8.938  63.630 0.0000000000
85692  -10.559  9.644  63.346 0.0000000000
86589  -10.344  10.411  62.931 0.0000000000
128054  -9.952  11.228  62.487 0.0000000000
88283  -9.430  12.770  62.704 0.0000000000
89160  -9.331  13.452  64.710 0.0000000000
145909  -9.386  14.192  63.886 0.0000000000
89999  -9.546  14.974  63.869 0.0000000000
89156  -7.690  13.524  65.502 0.0000000000
87451  -3.400  11.100  61.388 0.0000000000
86592  -2.348  10.667  60.448 0.0000000000
85707  -2.377  10.038  60.488 0.0000000000
85700  -2.433  9.382  60.672 0.0000000000
84807  -2.565  8.778  60.864 0.0000000000
83885  -3.379  7.672  61.356 0.0000000000
82983  -4.321  6.911  61.857 0.0000000000
72204  -3.380  -6.773  62.155 0.0000000000
71227  -2.546  -7.035  62.615 0.0000000000
71234  -2.696  -7.234  61.637 0.0000000000
71241  -2.016  -7.044  61.096 0.0000000000
71253  -2.355  -6.916  60.174 0.0000000000
72210  -1.823  -6.441  60.323 0.0000000000
72217  -1.908  -6.157  59.602 0.0000000000
72223  -1.701  -5.347  59.179 0.0000000000
73091  -1.870  -4.954  58.476 0.0000000000
138418  -4.486  -8.164  57.621 0.0000000000
71278  -4.412  -7.230  57.386 0.0000000000
72232  -3.338  -5.817  58.052 0.0000000000
72231  -2.320  -5.248  58.213 0.0000000000
73098  -2.157  -4.497  57.818 0.0000000000
73108  -2.389  -4.081  57.083 0.0000000000
74001  -2.833  -3.644  56.450 0.0000000000
74007  -2.886  -3.128  56.161 0.0000000000
74976  -3.187  -2.761  55.379 0.0000000000
74979  -3.362  -2.440  54.599 0.0000000000
144878  -6.309  -4.460  53.548 0.0000000000
74027  -6.173  -3.902  53.114 0.0000000000
72283  -6.981  -5.680  51.308 0.0000000000
142029  -5.556  -7.730  51.177 0.0000000000
71343  -7.036  -6.115  50.553 0.0000000000
70382  -6.542  -7.078  49.501 0.0000000000
70392  -5.910  -7.429  48.686 0.0000000000
130515  -4.327  -8.127  47.962 0.0000000000
80459  -6.842  3.606  50.391 0.0000000000
79570  -6.732  2.711  50.641 0.0000000000
78629  -6.349  1.886  50.713 0.0000000000
66391  -32.916  -11.225  56.552 0.0000000000
66392  -33.555  -10.998  56.819 0.0000000000
67355  -34.230  -9.968  58.803 0.0000000000
133892  -31.269  -10.578  57.586 0.0000000000
141089  -32.326  -9.912  59.138 0.0000000000
67353  -32.611  -10.303  58.632 0.0000000000
69314  -34.276  -8.651  59.199 0.0000000000
70263  -33.726  -7.815  58.385 0.0000000000
131909  -33.157  -7.662  59.211 0.0000000000
130323  -33.326  -7.639  57.288 0.0000000000
141788  -31.927  -7.593  54.977 0.0000000000
69300  -28.050  -8.232  60.443 0.0000000000
69291  -27.775  -7.371  61.493 0.0000000000
70224  -29.770  -6.845  61.136 0.0000000000
144915  -26.981  -6.429  61.212 0.0000000000
71269  -28.061  -6.482  59.769 0.0000000000
71260  -28.629  -6.401  60.623 0.0000000000
71261  -29.281  -6.485  60.433 0.0000000000
71252  -29.916  -6.675  60.965 0.0000000000
141552  -30.950  -7.465  57.397 0.0000000000
70273  -31.295  -7.585  56.493 0.0000000000
147142  -30.527  -7.476  52.818 0.0000000000
124897  -29.793  -7.458  53.861 0.0000000000
124891  -29.915  -7.452  53.059 0.0000000000
124882  -29.914  -7.436  51.583 0.0000000000
145398  -29.063  -7.355  50.340 0.0000000000
70311  -27.546  -7.615  54.262 0.0000000000
148631  -27.142  -7.895  52.283 0.0000000000
125837  -28.385  -7.532  52.107 0.0000000000
141961  -28.912  -7.411  50.931 0.0000000000
143465  -28.836  -7.301  49.677 0.0000000000
70397  -28.547  -7.231  48.833 0.0000000000
146655  -27.620  -7.253  47.402 0.0000000000
70425  -27.383  -7.149  46.686 0.0000000000
61412  -16.823  -16.334  68.872 0.0000000000
138559  -17.130  -18.973  69.526 0.0000000000
59457  -17.675  -18.710  69.287 0.0000000000
58510  -16.950  -19.653  69.399 0.0000000000
56304  -16.762  -21.300  68.039 0.0000000000
56314  -16.944  -21.482  67.474 0.0000000000
56306  -18.360  -21.532  68.145 0.0000000000
134419  -17.619  -21.525  67.816 0.0000000000
124939  -16.814  -21.335  65.529 0.0000000000
56310  -22.278  -21.502  67.948 0.0000000000
70442  -26.311  -7.231  45.571 0.0000000000
69428  -24.703  -8.830  47.937 0.0000000000
67477  -23.236  -10.181  48.690 0.0000000000
148017  -24.621  -9.182  51.130 0.0000000000
68444  -23.985  -9.787  51.148 0.0000000000
148148  -23.994  -9.723  50.469 0.0000000000
68456  -23.629  -10.172  50.343 0.0000000000
65517  -22.111  -12.249  50.812 0.0000000000
65480  -21.677  -12.901  51.988 0.0000000000
65467  -21.686  -13.166  52.835 0.0000000000
124675  -20.837  -13.763  52.804 0.0000000000
67358  -23.652  -10.684  57.965 0.0000000000
66374  -23.421  -11.444  57.753 0.0000000000
142986  -23.336  -11.750  58.978 0.0000000000
65424  -23.174  -12.234  57.528 0.0000000000
63393  -22.902  -14.502  61.349 0.0000000000
125574  -22.598  -15.041  60.755 0.0000000000
63404  -22.623  -14.577  60.134 0.0000000000
64385  -22.642  -13.700  58.506 0.0000000000
64392  -22.571  -13.719  57.771 0.0000000000
125414  -22.580  -13.297  56.408 0.0000000000
63444  -22.093  -14.087  56.253 0.0000000000
63443  -21.585  -14.758  56.326 0.0000000000
63430  -21.664  -15.016  57.022 0.0000000000
62505  -20.504  -15.315  55.788 0.0000000000
125993  -19.737  -15.965  57.115 0.0000000000
61518  -19.418  -16.151  57.665 0.0000000000
144450  -19.243  -16.739  59.622 0.0000000000
144923  -17.770  -16.653  65.071 0.0000000000
61442  -18.136  -17.212  65.384 0.0000000000
83248  -46.714  6.217  36.601 0.0000000000
139973  -46.413  7.050  36.361 0.0000000000
84171  -46.775  7.777  36.830 0.0000000000
85951  -46.914  9.368  36.821 0.0000000000
85061  -47.918  8.656  37.860 0.0000000000
85936  -47.551  9.387  37.533 0.0000000000
134112  -47.275  10.166  37.147 0.0000000000
88521  -47.888  12.587  36.377 0.0000000000
85924  -51.606  10.105  38.197 0.0000000000
86797  -50.928  10.755  38.352 0.0000000000
87654  -50.141  12.038  38.263 0.0000000000
87655  -51.347  12.381  38.450 0.0000000000
88504  -50.724  13.066  38.191 0.0000000000
88503  -49.675  12.604  37.959 0.0000000000
88514  -48.892  12.752  37.535 0.0000000000
88522  -48.547  13.322  36.807 0.0000000000
89408  -48.760  15.030  35.065 0.0000000000
91090  -49.130  16.583  36.889 0.0000000000
84118  -51.388  7.845  39.941 0.0000000000
136592  -50.808  8.523  40.347 0.0000000000
85028  -50.721  9.413  40.701 0.0000000000
138812  -51.103  11.008  40.756 0.0000000000
139995  -50.785  11.660  41.077 0.0000000000
88481  -50.396  12.682  40.931 0.0000000000
143801  -48.433  9.128  43.924 0.0000000000
85896  -48.778  9.784  43.626 0.0000000000
85897  -49.164  10.316  43.208 0.0000000000
85907  -48.178  10.232  41.163 0.0000000000
85908  -48.867  10.826  42.388 0.0000000000
87635  -49.594  11.299  42.366 0.0000000000
149809  -49.389  11.891  41.347 0.0000000000
87640  -50.003  12.579  41.248 0.0000000000
89370  -48.794  13.906  39.349 0.0000000000
81464  -49.174  4.669  36.464 0.0000000000
148059  -48.546  4.698  36.500 0.0000000000
82370  -47.158  5.457  36.642 0.0000000000
64491  -4.208  -13.484  50.167 0.0000000000
62547  -2.691  -15.944  50.827 0.0000000000
64493  -6.777  -13.378  50.390 0.0000000000
62562  -5.556  -15.186  50.699 0.0000000000
59642  -2.447  -17.992  51.167 0.0000000000
59635  -2.721  -18.272  51.782 0.0000000000
63477  -7.939  -15.169  53.124 0.0000000000
62526  -6.352  -15.783  53.143 0.0000000000
62514  -4.313  -16.036  54.689 0.0000000000
61553  -2.633  -16.894  53.388 0.0000000000
77734  -13.426  0.417  52.392 0.0000000000
78581  -12.947  1.023  52.773 0.0000000000
77716  -12.694  0.899  53.668 0.0000000000
77687  -12.884  -0.013  54.996 0.0000000000
78550  -11.858  1.843  55.716 0.0000000000
148940  -11.577  2.240  56.160 0.0000000000
75843  -13.628  -1.024  57.375 0.0000000000
77667  -12.876  0.164  57.503 0.0000000000
77661  -13.224  -0.002  58.458 0.0000000000
78535  -12.179  1.176  56.917 0.0000000000
142782  -11.461  2.322  56.852 0.0000000000
80384  -10.941  3.049  58.189 0.0000000000
144236  -10.680  3.593  58.539 0.0000000000
128330  -10.491  3.739  59.087 0.0000000000
75831  -17.503  -1.176  62.727 0.0000000000
77653  -14.573  0.113  61.546 0.0000000000
76699  -15.873  -0.059  65.198 0.0000000000
77631  -15.129  0.554  64.511 0.0000000000
131624  -12.992  0.966  61.408 0.0000000000
128138  -10.245  3.076  60.162 0.0000000000
81236  -9.388  4.330  61.630 0.0000000000
80371  -9.254  3.450  61.735 0.0000000000
138151  -9.331  4.853  62.268 0.0000000000
77626  -9.583  0.352  63.446 0.0000000000
78498  -8.733  1.624  63.194 0.0000000000
81226  -8.871  5.080  65.079 0.0000000000
82103  -8.254  5.160  65.566 0.0000000000
80358  -7.898  3.501  65.736 0.0000000000
81219  -6.413  4.996  66.040 0.0000000000
79447  -5.828  2.403  66.905 0.0000000000
79448  -6.713  2.190  66.980 0.0000000000
124500  -5.209  0.725  67.252 0.0000000000
76681  -5.151  -1.507  67.455 0.0000000000
75800  -6.965  -1.996  68.022 0.0000000000
75798  -4.365  -2.118  67.244 0.0000000000
73945  -4.542  -4.131  65.532 0.0000000000
73060  -3.789  -4.475  65.498 0.0000000000
73064  -3.570  -5.312  64.527 0.0000000000
72192  -3.713  -5.556  63.571 0.0000000000
72198  -3.876  -5.843  62.574 0.0000000000
124850  -9.345  -2.721  62.184 0.0000000000
74958  -9.413  -2.552  59.837 0.0000000000
74934  -8.770  -2.632  61.802 0.0000000000
74933  -7.941  -2.582  61.750 0.0000000000
74932  -6.869  -2.669  62.098 0.0000000000
73114  -10.260  -3.848  56.250 0.0000000000
73995  -8.747  -3.278  57.798 0.0000000000
73102  -8.182  -3.833  57.208 0.0000000000
73977  -7.920  -2.814  59.201 0.0000000000
74944  -6.955  -2.614  61.050 0.0000000000
73962  -6.094  -2.965  61.445 0.0000000000
73961  -5.408  -3.527  61.910 0.0000000000
73974  -5.595  -4.066  59.930 0.0000000000
73072  -4.930  -4.349  61.420 0.0000000000
73071  -4.437  -5.057  61.987 0.0000000000
72205  -4.108  -6.106  61.628 0.0000000000
72211  -4.314  -6.416  60.791 0.0000000000
72218  -4.482  -6.793  60.069 0.0000000000
71256  -4.701  -7.103  59.427 0.0000000000
71266  -5.689  -6.860  58.352 0.0000000000
71274  -5.338  -7.643  58.333 0.0000000000
71265  -5.008  -7.608  58.793 0.0000000000
69318  -5.031  -8.728  57.412 0.0000000000
69339  -5.078  -9.289  56.203 0.0000000000
70304  -6.635  -8.136  55.226 0.0000000000
69340  -5.834  -8.752  55.755 0.0000000000
75081  -48.062  -2.363  46.173 0.0000000000
142188  -48.260  -2.137  47.152 0.0000000000
124848  -46.423  -2.397  46.829 0.0000000000
149842  -48.386  -1.862  47.857 0.0000000000
75989  -48.316  -1.309  49.091 0.0000000000
75029  -45.074  -2.551  49.486 0.0000000000
75971  -47.753  -1.317  49.811 0.0000000000
76847  -47.526  -0.883  50.043 0.0000000000
127235  -45.614  -0.575  50.650 0.0000000000
76842  -43.102  -0.152  50.557 0.0000000000
73164  -43.238  -4.045  51.339 0.0000000000
74047  -43.897  -3.585  51.961 0.0000000000
74023  -43.057  -3.319  54.444 0.0000000000
74040  -44.409  -3.020  52.402 0.0000000000
77765  -41.724  0.771  50.778 0.0000000000
78645  -41.302  1.589  51.318 0.0000000000
78644  -40.559  1.867  50.894 0.0000000000
77730  -41.471  0.829  54.241 0.0000000000
78593  -41.140  2.451  53.624 0.0000000000
79539  -40.668  2.849  53.555 0.0000000000
126443  -36.082  -10.452  55.559 0.0000000000
68376  -38.990  -9.525  56.321 0.0000000000
69326  -36.556  -9.302  57.756 0.0000000000
68369  -37.187  -9.581  57.479 0.0000000000
129158  -38.320  -9.565  56.692 0.0000000000
69336  -39.147  -9.158  56.418 0.0000000000
71304  -39.131  -6.996  54.247 0.0000000000
71305  -39.778  -6.615  54.974 0.0000000000
73148  -39.872  -4.647  52.556 0.0000000000
124893  -33.460  -7.525  53.434 0.0000000000
124887  -34.243  -7.481  53.171 0.0000000000
70350  -34.208  -7.408  52.306 0.0000000000
124800  -34.951  -7.389  52.819 0.0000000000
70351  -35.544  -7.240  52.444 0.0000000000
71374  -35.036  -5.958  48.649 0.0000000000
71360  -35.373  -6.329  49.431 0.0000000000
71361  -36.191  -6.089  49.621 0.0000000000
71338  -36.671  -6.611  51.338 0.0000000000
71328  -36.885  -6.826  52.169 0.0000000000
71340  -38.269  -6.172  51.806 0.0000000000
72296  -38.437  -5.159  50.514 0.0000000000
72288  -39.325  -5.113  51.830 0.0000000000
75932  -39.617  -1.637  51.325 0.0000000000
135162  -39.216  -0.067  52.132 0.0000000000
65412  -14.078  -12.345  58.501 0.0000000000
64384  -13.155  -13.234  58.812 0.0000000000
64370  -12.559  -13.592  59.307 0.0000000000
64347  -10.134  -13.814  61.432 0.0000000000
64348  -14.079  -13.625  61.088 0.0000000000
149233  -13.700  -13.947  60.852 0.0000000000
63402  -13.272  -14.189  60.690 0.0000000000
143902  -8.177  -13.318  64.768 0.0000000000
64319  -8.754  -13.667  64.340 0.0000000000
145543  -6.801  -13.788  66.386 0.0000000000
64320  -14.509  -13.162  64.415 0.0000000000
133137  -14.260  -15.111  63.434 0.0000000000
62411  -13.225  -15.902  63.059 0.0000000000
60452  -12.307  -17.476  64.984 0.0000000000
62402  -11.181  -16.186  64.068 0.0000000000
62400  -9.563  -15.302  65.307 0.0000000000
144743  -8.441  -15.103  66.359 0.0000000000
62381  -8.290  -15.721  66.558 0.0000000000
63333  -7.796  -14.829  66.585 0.0000000000
139839  -6.674  -14.976  66.724 0.0000000000
62379  -6.205  -15.070  66.644 0.0000000000
59501  -4.487  -18.186  65.080 0.0000000000
61449  -5.680  -16.821  65.109 0.0000000000
60446  -5.059  -17.422  65.032 0.0000000000
60407  -16.011  -17.596  69.694 0.0000000000
60406  -15.433  -17.591  69.539 0.0000000000
59455  -15.630  -19.176  69.301 0.0000000000
59454  -15.269  -18.417  69.315 0.0000000000
56323  -15.436  -21.145  66.639 0.0000000000
56311  -14.932  -20.877  66.870 0.0000000000
140598  -14.595  -20.619  66.923 0.0000000000
148610  -14.198  -20.230  67.188 0.0000000000
57487  -12.331  -20.397  65.749 0.0000000000
57509  -11.838  -20.228  64.827 0.0000000000
58556  -11.406  -19.834  64.475 0.0000000000
58572  -11.892  -19.360  61.971 0.0000000000
79573  -14.224  2.664  49.869 0.0000000000
78650  -14.928  1.764  49.245 0.0000000000
148226  -14.496  2.044  49.698 0.0000000000
141765  -14.074  1.967  50.272 0.0000000000
78613  -13.818  0.892  51.132 0.0000000000
77749  -13.686  0.489  51.712 0.0000000000
70441  -25.520  -7.448  45.309 0.0000000000
70461  -25.195  -7.055  44.592 0.0000000000
70460  -24.398  -7.208  44.384 0.0000000000
69466  -24.230  -8.131  45.573 0.0000000000
70439  -23.911  -7.757  44.853 0.0000000000
71413  -24.104  -6.763  43.883 0.0000000000
70479  -23.530  -7.273  44.169 0.0000000000
70478  -22.711  -7.036  43.859 0.0000000000
71425  -22.501  -6.342  43.467 0.0000000000
68495  -22.347  -10.223  47.432 0.0000000000
67500  -21.824  -10.018  46.665 0.0000000000
67499  -20.989  -10.207  46.584 0.0000000000
68543  -21.864  -9.163  45.751 0.0000000000
69485  -21.705  -8.153  44.814 0.0000000000
132838  -21.818  -6.215  43.459 0.0000000000
71424  -21.252  -6.440  43.747 0.0000000000
129737  -20.608  -5.922  43.813 0.0000000000
72353  -20.090  -5.369  44.015 0.0000000000
71401  -19.827  -6.843  44.964 0.0000000000
72352  -19.513  -5.238  44.636 0.0000000000
73202  -19.022  -4.580  45.050 0.0000000000
73201  -18.624  -4.038  45.702 0.0000000000
63481  -19.216  -14.252  53.639 0.0000000000
64446  -18.851  -13.710  53.031 0.0000000000
64476  -18.735  -13.096  52.230 0.0000000000
65466  -18.164  -13.082  53.036 0.0000000000
65513  -18.838  -12.214  50.896 0.0000000000
66480  -18.788  -11.180  49.864 0.0000000000
67465  -18.707  -10.416  49.461 0.0000000000
66429  -17.517  -11.380  53.852 0.0000000000
67422  -17.573  -10.989  53.258 0.0000000000
128345  -17.989  -9.993  51.829 0.0000000000
149951  -18.052  -10.867  51.760 0.0000000000
68467  -18.588  -9.525  49.268 0.0000000000
68477  -18.787  -9.498  48.485 0.0000000000
69426  -18.721  -8.825  48.101 0.0000000000
139251  -18.704  -8.139  47.703 0.0000000000
70404  -18.681  -7.405  47.439 0.0000000000
124684  -18.517  -6.735  48.055 0.0000000000
71390  -18.722  -6.312  46.668 0.0000000000
147681  -18.649  -5.597  46.497 0.0000000000
74089  -18.376  -3.442  46.315 0.0000000000
75048  -18.098  -2.872  46.844 0.0000000000
74077  -17.818  -3.006  47.643 0.0000000000
130802  -17.427  -2.304  48.007 0.0000000000
72284  -17.652  -5.569  51.404 0.0000000000
72292  -17.582  -5.103  50.760 0.0000000000
149753  -17.198  -4.071  50.201 0.0000000000
73153  -16.768  -4.184  51.438 0.0000000000
74058  -16.650  -3.028  49.967 0.0000000000
75020  -16.404  -2.297  49.614 0.0000000000
75957  -15.893  -1.487  49.694 0.0000000000
76813  -14.907  -0.818  50.604 0.0000000000
75904  -15.079  -2.132  51.713 0.0000000000
76811  -13.829  -0.168  51.959 0.0000000000
76796  -13.592  -0.325  52.782 0.0000000000
75887  -13.633  -1.198  54.033 0.0000000000
75873  -14.033  -1.828  54.443 0.0000000000
74974  -14.541  -2.356  56.710 0.0000000000
74011  -15.907  -4.172  55.207 0.0000000000
74010  -15.530  -3.678  55.884 0.0000000000
74006  -15.918  -4.016  56.496 0.0000000000
74972  -15.125  -2.835  57.239 0.0000000000
73981  -16.754  -3.387  59.642 0.0000000000
73075  -18.780  -3.520  62.629 0.0000000000
70228  -18.444  -7.272  59.450 0.0000000000
71258  -18.495  -6.488  59.613 0.0000000000
132950  -18.572  -5.804  60.375 0.0000000000
73076  -18.894  -4.321  62.375 0.0000000000
70208  -15.039  -7.358  62.738 0.0000000000
71236  -14.832  -7.179  61.518 0.0000000000
68331  -14.412  -8.972  60.112 0.0000000000
83262  -46.147  7.215  35.537 0.0000000000
84194  -46.352  7.858  34.885 0.0000000000
75102  -49.491  -2.081  45.338 0.0000000000
140826  -49.643  -1.285  45.937 0.0000000000
77831  -49.368  0.243  46.471 0.0000000000
77817  -49.456  0.119  47.090 0.0000000000
78729  -48.104  1.990  45.614 0.0000000000
79635  -47.521  2.873  45.887 0.0000000000
80502  -46.967  3.558  46.223 0.0000000000
78696  -47.378  2.018  47.738 0.0000000000
78712  -45.637  2.094  47.107 0.0000000000
79620  -46.145  2.854  47.342 0.0000000000
79612  -47.487  2.691  47.311 0.0000000000
79621  -46.559  3.347  47.212 0.0000000000
80501  -46.463  3.857  46.820 0.0000000000
80510  -45.887  4.508  46.646 0.0000000000
81372  -45.416  5.060  46.267 0.0000000000
82273  -44.174  5.550  45.157 0.0000000000
81378  -43.581  4.876  44.654 0.0000000000
82281  -43.848  5.556  44.231 0.0000000000
65553  -6.481  -12.482  46.431 0.0000000000
64542  -6.891  -13.197  46.226 0.0000000000
63562  -7.882  -14.342  45.305 0.0000000000
63512  -1.830  -14.483  50.111 0.0000000000
64507  -1.779  -13.840  49.856 0.0000000000
65410  -12.903  -12.995  58.087 0.0000000000
65409  -11.885  -12.926  58.025 0.0000000000
65398  -10.277  -12.671  59.131 0.0000000000
143554  -10.180  -12.461  58.332 0.0000000000
64367  -8.288  -12.815  59.273 0.0000000000
65382  -7.851  -12.408  62.087 0.0000000000
131573  -7.507  -12.593  61.332 0.0000000000
64335  -6.243  -12.986  62.009 0.0000000000
65388  -6.752  -12.952  61.294 0.0000000000
149546  -7.756  -12.591  60.789 0.0000000000
64354  -7.226  -12.990  60.479 0.0000000000
64365  -6.608  -13.678  59.637 0.0000000000
64378  -5.816  -14.230  59.245 0.0000000000
63397  -3.780  -14.466  60.592 0.0000000000
63396  -2.944  -14.867  59.982 0.0000000000
61497  -1.609  -16.372  59.408 0.0000000000
78596  -12.871  1.777  52.381 0.0000000000
80438  -12.548  3.544  52.722 0.0000000000
81300  -12.577  4.503  52.614 0.0000000000
135824  -12.642  5.857  52.479 0.0000000000
81274  -11.285  4.305  55.856 0.0000000000
82175  -11.708  5.757  55.063 0.0000000000
136604  -11.908  7.263  55.709 0.0000000000
83900  -10.982  7.650  59.440 0.0000000000
84819  -11.226  8.474  59.561 0.0000000000
137459  -11.427  8.948  58.945 0.0000000000
85720  -11.545  9.537  58.399 0.0000000000
86617  -11.653  10.129  57.803 0.0000000000
133376  -10.256  12.168  60.112 0.0000000000
88303  -10.441  12.743  59.391 0.0000000000
87480  -11.222  11.317  58.500 0.0000000000
139510  -11.581  10.943  57.887 0.0000000000
81216  -4.245  3.966  66.505 0.0000000000
82097  -4.054  5.196  66.214 0.0000000000
82099  -3.307  5.831  65.870 0.0000000000
82960  -2.181  5.825  65.770 0.0000000000
82961  -1.887  6.277  65.253 0.0000000000
77604  -3.173  0.244  66.904 0.0000000000
78486  -1.860  1.800  66.145 0.0000000000
79442  -2.315  3.053  66.385 0.0000000000
80348  -2.296  3.790  66.365 0.0000000000
81214  -1.875  4.240  66.051 0.0000000000
140753  -1.725  5.787  65.444 0.0000000000
82968  -1.653  6.087  64.870 0.0000000000
82973  -1.783  6.474  63.993 0.0000000000
82108  -2.051  5.844  63.705 0.0000000000
81224  -2.497  4.251  64.482 0.0000000000
82112  -2.730  6.090  63.112 0.0000000000
82980  -4.784  6.128  62.415 0.0000000000
71225  -1.808  -6.469  63.338 0.0000000000
72189  -1.589  -5.868  63.801 0.0000000000
125862  -1.432  -4.969  64.142 0.0000000000
73066  -1.389  -4.589  62.379 0.0000000000
124863  -1.352  -4.478  63.282 0.0000000000
73949  -1.353  -3.918  63.833 0.0000000000
73966  -2.218  -3.686  59.909 0.0000000000
74942  -2.184  -3.263  60.717 0.0000000000
75828  -2.062  -2.058  61.842 0.0000000000
76712  -2.492  -0.610  61.531 0.0000000000
75823  -2.108  -1.163  62.117 0.0000000000
76701  -2.130  -0.208  63.415 0.0000000000
128369  -2.292  0.316  64.168 0.0000000000
79456  -4.495  2.556  64.109 0.0000000000
140154  -5.078  2.039  63.652 0.0000000000
137145  -5.088  2.985  63.707 0.0000000000
80363  -4.891  3.801  63.627 0.0000000000
82984  -5.401  6.435  61.908 0.0000000000
82985  -6.299  6.229  61.523 0.0000000000
83887  -6.406  6.761  61.018 0.0000000000
82988  -6.911  6.244  60.836 0.0000000000
81235  -7.046  4.761  61.404 0.0000000000
82122  -7.300  5.437  60.562 0.0000000000
82989  -7.332  6.300  60.111 0.0000000000
83898  -7.579  7.051  58.912 0.0000000000
83904  -7.853  7.177  58.225 0.0000000000
83909  -8.136  7.355  57.506 0.0000000000
79470  -6.125  2.076  59.753 0.0000000000
79471  -6.886  2.748  59.314 0.0000000000
80376  -7.370  3.545  59.358 0.0000000000
80382  -6.766  3.035  58.046 0.0000000000
132210  -7.532  3.935  58.167 0.0000000000
143098  -7.652  4.530  58.729 0.0000000000
82138  -7.984  5.645  57.829 0.0000000000
83006  -8.103  6.535  57.690 0.0000000000
83007  -8.334  6.688  56.940 0.0000000000
83928  -8.693  7.565  54.895 0.0000000000
82174  -7.933  5.494  54.870 0.0000000000
145284  -8.524  6.831  54.562 0.0000000000
83965  -3.256  7.828  52.578 0.0000000000
83949  -2.508  6.977  52.794 0.0000000000
81269  -2.910  4.563  55.779 0.0000000000
82158  -2.678  4.978  55.128 0.0000000000
82169  -2.804  5.568  54.658 0.0000000000
147930  -2.377  4.536  54.105 0.0000000000
83033  -2.632  5.905  54.061 0.0000000000
82182  -2.405  5.848  53.549 0.0000000000
83064  -2.340  6.368  52.859 0.0000000000
82197  -2.257  6.072  52.214 0.0000000000
81308  -3.800  4.289  51.387 0.0000000000
79556  -4.359  3.078  51.568 0.0000000000
124439  -3.460  -2.146  53.802 0.0000000000
145156  -3.406  -1.997  53.133 0.0000000000
74986  -4.166  -2.619  52.929 0.0000000000
129663  -3.630  -2.230  52.642 0.0000000000
75885  -2.993  -0.871  52.563 0.0000000000
75918  -2.886  -1.156  51.667 0.0000000000
124358  -2.922  -0.987  50.866 0.0000000000
74050  -6.390  -3.819  50.411 0.0000000000
74056  -5.745  -3.260  49.935 0.0000000000
75000  -4.546  -2.636  50.882 0.0000000000
74999  -3.677  -2.090  50.669 0.0000000000
76810  -2.813  -0.350  51.197 0.0000000000
76829  -3.250  -0.393  50.418 0.0000000000
76848  -4.394  -0.692  49.265 0.0000000000
77759  -4.615  0.569  50.349 0.0000000000
142060  -5.361  0.722  50.265 0.0000000000
77760  -5.978  0.593  49.958 0.0000000000
77775  -7.114  -0.260  48.776 0.0000000000
75993  -6.892  -1.730  47.369 0.0000000000
75046  -7.810  -2.062  47.115 0.0000000000
75064  -8.520  -2.365  46.770 0.0000000000
73198  -5.730  -4.464  45.439 0.0000000000
73199  -6.312  -4.236  45.116 0.0000000000
73209  -6.698  -4.746  44.447 0.0000000000
56317  -20.085  -21.993  67.844 0.0000000000
56337  -17.385  -21.492  65.931 0.0000000000
57462  -15.754  -20.677  68.280 0.0000000000
61418  -4.271  -15.896  66.335 0.0000000000
62483  -5.614  -15.439  55.981 0.0000000000
62488  -21.016  -15.388  56.536 0.0000000000
62588  -2.742  -15.761  45.141 0.0000000000
63330  -5.047  -14.336  66.540 0.0000000000
63374  -3.630  -13.985  62.572 0.0000000000
63414  -4.002  -14.956  58.515 0.0000000000
63441  -17.873  -14.758  56.791 0.0000000000
63455  -18.847  -15.111  55.479 0.0000000000
63468  -19.372  -14.652  54.317 0.0000000000
63469  -20.102  -14.875  54.573 0.0000000000
64317  -5.987  -13.031  65.309 0.0000000000
64368  -10.406  -13.144  59.821 0.0000000000
64391  -17.417  -13.782  57.869 0.0000000000
64433  -21.527  -14.145  54.824 0.0000000000
64445  -18.255  -13.517  53.530 0.0000000000
64460  -10.260  -13.115  52.266 0.0000000000
65491  -8.942  -13.202  50.847 0.0000000000
65566  -8.519  -12.989  46.211 0.0000000000
66332  -14.441  -11.095  67.973 0.0000000000
66361  -17.457  -11.726  60.728 0.0000000000
66395  -12.303  -11.550  55.240 0.0000000000
66482  -20.232  -12.030  49.198 0.0000000000
67320  -24.886  -10.517  65.414 0.0000000000
67381  -14.212  -10.204  55.209 0.0000000000
67406  -17.531  -10.469  53.728 0.0000000000
68377  -40.160  -8.973  56.326 0.0000000000
68406  -11.730  -9.837  51.653 0.0000000000
68409  -13.761  -8.895  53.611 0.0000000000
68416  -39.540  -9.491  54.071 0.0000000000
68494  -20.236  -10.122  46.812 0.0000000000
69305  -33.296  -8.315  60.112 0.0000000000
69321  -18.161  -7.898  57.698 0.0000000000
69342  -17.680  -8.648  55.315 0.0000000000
69369  -17.645  -9.175  53.874 0.0000000000
69463  -20.547  -8.780  45.568 0.0000000000
70212  -25.822  -7.038  63.240 0.0000000000
70265  -4.451  -8.620  57.117 0.0000000000
70344  -13.109  -7.650  52.921 0.0000000000
70345  -17.862  -7.631  52.800 0.0000000000
70357  -11.493  -7.349  52.137 0.0000000000
70420  -18.643  -6.767  47.261 0.0000000000
70477  -21.936  -6.799  43.753 0.0000000000
71226  -2.016  -6.912  62.831 0.0000000000
71231  -26.102  -6.830  62.878 0.0000000000
71232  -1.653  -6.690  62.487 0.0000000000
71303  -17.771  -7.069  54.503 0.0000000000
71310  -8.792  -6.702  53.634 0.0000000000
71403  -25.981  -6.860  44.845 0.0000000000
71410  -7.072  -6.032  43.818 0.0000000000
72187  -2.210  -5.707  64.807 0.0000000000
72251  -9.222  -4.960  55.151 0.0000000000
72268  -42.416  -5.474  55.098 0.0000000000
72272  -10.794  -5.679  53.655 0.0000000000
72273  -11.543  -5.697  53.697 0.0000000000
73062  -3.469  -5.035  65.144 0.0000000000
73101  -7.401  -4.236  57.458 0.0000000000
73140  -5.916  -4.013  53.919 0.0000000000
74003  -9.925  -3.505  56.926 0.0000000000
74008  -3.146  -3.255  55.700 0.0000000000
74087  -6.364  -3.380  46.148 0.0000000000
74095  -5.795  -4.068  45.870 0.0000000000
74885  -9.914  -3.271  67.302 0.0000000000
74897  -1.365  -3.393  64.539 0.0000000000
74930  -2.355  -2.337  60.989 0.0000000000
74955  -7.016  -2.742  60.083 0.0000000000
75009  -5.090  -2.882  50.349 0.0000000000
76020  -49.314  -1.461  46.768 0.0000000000
76031  -49.438  -1.835  46.000 0.0000000000
76032  -49.581  -1.827  45.451 0.0000000000
76904  -49.235  -0.337  47.952 0.0000000000
76905  -49.437  -0.436  47.337 0.0000000000
78647  -7.532  1.778  50.142 0.0000000000
79585  -8.975  2.200  49.335 0.0000000000
79611  -46.816  2.606  47.460 0.0000000000
79673  -46.816  3.104  40.723 0.0000000000
79694  -53.589  2.854  39.548 0.0000000000
80383  -7.211  3.286  58.553 0.0000000000
80394  -7.173  3.445  57.706 0.0000000000
80401  -2.815  3.965  56.173 0.0000000000
80402  -3.227  3.496  56.645 0.0000000000
80452  -12.796  3.932  52.098 0.0000000000
80511  -46.449  4.134  46.063 0.0000000000
80539  -47.109  3.560  40.498 0.0000000000
80557  -53.837  3.385  39.201 0.0000000000
81232  -6.020  4.336  62.728 0.0000000000
81280  -6.292  4.812  54.847 0.0000000000
81281  -7.266  4.898  54.944 0.0000000000
81474  -48.492  4.221  36.077 0.0000000000
82098  -5.350  4.985  66.144 0.0000000000
82168  -2.495  5.293  54.315 0.0000000000
82191  -2.276  5.624  52.857 0.0000000000
82192  -12.494  5.305  52.841 0.0000000000
82311  -47.234  5.766  41.910 0.0000000000
82327  -53.022  5.830  39.655 0.0000000000
82337  -54.320  5.663  38.410 0.0000000000
82369  -46.478  5.619  36.226 0.0000000000
82372  -49.689  5.229  36.872 0.0000000000
82386  -54.693  5.164  35.935 0.0000000000
82962  -2.644  6.290  65.518 0.0000000000
83038  -8.316  6.183  54.730 0.0000000000
83230  -51.810  6.789  37.303 0.0000000000
83231  -53.778  7.128  37.399 0.0000000000
83251  -53.420  6.475  36.877 0.0000000000
83883  -2.217  8.247  61.879 0.0000000000
83892  -7.304  7.028  59.644 0.0000000000
83905  -11.131  7.495  58.643 0.0000000000
83910  -8.366  7.475  56.709 0.0000000000
83918  -8.574  7.535  55.855 0.0000000000
83950  -2.863  7.239  53.051 0.0000000000
84086  -46.140  7.508  44.999 0.0000000000
84102  -48.377  8.602  43.763 0.0000000000
84125  -53.274  7.822  39.224 0.0000000000
84130  -49.190  8.093  38.197 0.0000000000
84156  -54.015  7.872  37.862 0.0000000000
84877  -2.587  8.098  51.846 0.0000000000
85003  -48.298  9.249  43.932 0.0000000000
85011  -48.670  9.474  43.748 0.0000000000
85034  -53.639  8.768  38.662 0.0000000000
85040  -48.791  8.758  38.232 0.0000000000
85062  -52.537  9.062  37.722 0.0000000000
85063  -53.304  9.005  37.764 0.0000000000
85075  -46.409  8.562  35.779 0.0000000000
85917  -53.578  9.408  38.384 0.0000000000
85965  -46.541  9.143  35.352 0.0000000000
86588  -6.231  10.664  62.740 0.0000000000
86776  -49.268  10.697  42.900 0.0000000000
86777  -49.631  10.906  42.668 0.0000000000
86796  -49.698  11.044  38.324 0.0000000000
87485  -11.420  11.672  57.897 0.0000000000
87637  -50.283  11.957  41.627 0.0000000000
87663  -47.660  11.750  36.909 0.0000000000
88486  -49.544  12.821  40.637 0.0000000000
88487  -50.222  13.303  40.563 0.0000000000
88488  -51.243  13.130  40.175 0.0000000000
89373  -51.063  14.387  39.587 0.0000000000
89382  -51.438  14.173  38.696 0.0000000000
90223  -50.347  15.629  38.628 0.0000000000
90239  -49.895  16.093  36.965 0.0000000000
91080  -50.221  16.081  37.954 0.0000000000
91091  -49.700  16.358  37.348 0.0000000000
126074  -1.808  -5.580  64.622 0.0000000000
126526  -7.004  3.810  61.452 0.0000000000
127514  -23.615  -9.658  48.222 0.0000000000
128581  -11.491  -3.202  66.087 0.0000000000
130015  -6.763  -4.329  50.708 0.0000000000
130022  -10.733  8.568  62.282 0.0000000000
130732  -42.032  -4.656  49.496 0.0000000000
131385  -24.477  -9.171  48.976 0.0000000000
132492  -7.644  4.959  59.311 0.0000000000
133147  -8.304  6.506  54.021 0.0000000000
134152  -53.991  8.339  38.259 0.0000000000
136170  -7.513  3.878  58.826 0.0000000000
139695  -12.116  4.783  53.788 0.0000000000
140156  -10.102  -2.560  59.773 0.0000000000
141045  -27.374  -6.444  45.413 0.0000000000
141099  -35.585  -9.942  58.227 0.0000000000
141544  -2.003  1.313  66.448 0.0000000000
142172  -53.006  4.310  40.137 0.0000000000
142301  -17.943  -1.049  64.103 0.0000000000
144147  -18.518  -5.709  47.051 0.0000000000
144909  -9.173  -2.614  46.447 0.0000000000
144984  -1.333  -5.459  62.388 0.0000000000
145160  -3.415  1.686  51.709 0.0000000000
146193  -11.319  5.037  56.052 0.0000000000
146349  -4.575  1.438  63.715 0.0000000000
146691  -16.936  -21.161  68.373 0.0000000000
147164  -2.898  -15.763  44.687 0.0000000000
147166  -7.465  8.547  58.196 0.0000000000
147533  -18.161  -8.493  51.427 0.0000000000
147688  -1.391  -5.617  61.255 0.0000000000
148322  -17.694  -11.030  52.752 0.0000000000
148686  -10.771  7.107  59.557 0.0000000000
148916  -19.306  -12.673  50.922 0.0000000000
149110  -4.069  3.710  51.522 0.0000000000
149187  -3.466  -12.338  46.426 0.0000000000
149243  -26.417  -8.215  52.862 0.0000000000
149524  -53.949  4.476  39.116 0.0000000000
149641  -9.919  -13.519  52.116 0.0000000000
149915  -6.390  -0.156  67.550 0.0000000000
