#!ascii label  , from subject sub-v1s11x0050167_ses-1 vox2ras=TkReg
4955
99013  51.123  22.704  24.508 0.8999999762
99798  53.534  22.598  23.579 0.8999999762
99022  52.754  22.528  24.331 0.8999999762
99012  52.179  22.633  24.835 0.8999999762
99785  51.670  22.998  25.051 0.8999999762
99799  52.279  22.671  23.459 0.8999999762
99023  51.623  22.546  24.199 0.8999999762
99787  49.135  22.587  24.620 0.8000000119
100604  49.786  23.606  24.618 0.8000000119
100605  48.704  23.846  24.705 0.6999999881
100606  47.919  24.048  24.928 0.6000000238
100589  46.420  24.202  26.231 0.6000000238
100586  46.209  24.201  26.835 0.5000000000
141159  45.660  24.793  27.465 0.4000000060
100617  55.162  24.085  22.411 0.8999999762
100611  55.518  23.208  23.543 0.8999999762
99797  54.794  22.579  23.876 0.8999999762
99021  54.674  22.542  24.772 0.8999999762
99784  52.707  22.821  25.269 0.8999999762
99786  50.571  22.892  24.617 0.8999999762
99789  47.443  23.468  25.246 0.6000000238
100596  46.784  24.008  25.698 0.6000000238
124564  45.803  24.409  28.212 0.3000000119
100581  44.471  24.825  28.867 0.3000000119
100580  44.980  24.873  28.257 0.3000000119
131009  46.048  24.917  26.723 0.4000000060
100618  53.761  24.898  22.179 0.8999999762
149591  55.397  23.004  25.081 0.8999999762
99773  54.834  23.255  25.937 0.8999999762
101325  41.375  25.762  29.432 0.3000000119
102073  40.837  26.296  29.230 0.3000000119
99774  53.687  23.092  25.764 0.8999999762
100594  53.082  24.102  25.841 0.8999999762
101360  51.265  25.194  25.359 0.6999999881
142839  42.883  25.093  30.155 0.3000000119
101333  41.690  25.585  28.680 0.4000000060
102085  40.726  26.353  27.925 0.4000000060
101361  50.151  25.140  24.877 0.6000000238
101362  49.093  25.110  24.774 0.6000000238
100595  47.231  24.799  25.411 0.6000000238
100577  43.799  24.935  29.129 0.3000000119
133333  42.476  25.301  28.830 0.3000000119
102097  41.372  26.277  27.177 0.4000000060
144726  40.572  26.670  27.265 0.4000000060
101363  48.106  25.099  24.955 0.6000000238
101354  47.429  26.242  25.603 0.6000000238
101355  46.506  24.934  26.027 0.6000000238
101331  44.058  25.199  28.330 0.3000000119
101338  43.167  25.435  28.092 0.3000000119
101339  42.278  25.583  28.011 0.4000000060
144291  46.718  25.713  25.840 0.6000000238
101344  46.105  25.884  26.491 0.5000000000
101345  45.480  25.529  27.081 0.3000000119
101330  44.815  25.395  27.685 0.3000000119
101337  43.949  25.773  27.568 0.3000000119
101374  54.009  24.837  23.167 0.8999999762
101359  54.879  24.812  25.368 0.8999999762
101348  54.857  25.023  26.253 0.8999999762
101378  52.237  25.652  20.953 0.8999999762
100622  53.698  24.832  21.153 0.8999999762
100612  54.965  24.117  24.039 0.8999999762
100591  55.181  24.032  25.783 0.8999999762
100593  54.344  24.103  26.255 0.8999999762
129788  53.415  26.213  26.797 0.6999999881
101350  52.486  25.168  25.953 0.6999999881
101351  50.581  26.355  25.692 0.6000000238
102743  40.086  27.163  26.804 0.4000000060
143395  40.403  27.469  25.483 0.4000000060
101352  49.496  26.348  25.465 0.6000000238
101353  48.473  26.338  25.440 0.6000000238
102084  42.053  25.902  27.405 0.4000000060
102095  42.286  26.257  26.781 0.4000000060
102107  46.659  26.638  26.136 0.5000000000
139976  45.472  26.259  26.750 0.4000000060
101346  44.803  26.133  27.113 0.4000000060
102083  42.977  25.956  27.304 0.4000000060
102127  51.973  26.446  21.479 0.8999999762
102126  52.446  26.514  22.318 0.8999999762
102124  53.062  26.545  23.196 0.8999999762
101375  52.569  25.648  21.835 0.8999999762
129456  52.911  25.747  22.707 0.8999999762
142890  53.358  25.864  23.471 0.8999999762
101368  54.101  25.405  24.241 0.8999999762
131666  54.825  26.062  26.129 0.8000000119
102112  54.740  27.038  25.703 0.8000000119
102101  54.353  26.602  27.037 0.8000000119
101349  54.505  25.338  26.642 0.8999999762
103366  39.836  27.878  25.295 0.3000000119
148148  51.939  25.769  20.240 0.8999999762
140035  51.700  27.066  20.237 0.8999999762
102102  52.416  27.338  26.760 0.6000000238
102742  40.623  27.104  25.990 0.4000000060
129295  51.022  27.379  26.450 0.6000000238
142422  41.711  26.507  26.449 0.4000000060
102103  49.908  27.416  26.292 0.6000000238
102105  48.035  27.360  26.065 0.5000000000
102091  45.933  26.892  26.437 0.4000000060
102092  45.156  26.657  26.616 0.4000000060
102082  43.968  26.379  26.806 0.4000000060
102094  43.081  26.438  26.560 0.4000000060
104719  44.994  30.148  20.813 0.4000000060
104720  43.515  29.856  21.088 0.4000000060
127538  44.386  29.540  21.278 0.4000000060
104069  45.388  29.526  21.278 0.4000000060
104070  43.602  29.280  21.550 0.4000000060
103415  43.181  28.765  22.090 0.4000000060
103433  44.080  28.835  21.851 0.5000000000
104052  42.113  29.006  22.094 0.4000000060
102123  53.916  27.385  23.951 0.8999999762
103416  42.557  28.486  22.611 0.4000000060
103417  41.756  28.457  22.905 0.4000000060
128188  41.298  28.983  22.471 0.4000000060
102793  51.932  27.189  20.966 0.8999999762
127760  54.941  27.866  25.028 0.8999999762
102763  54.910  27.847  25.944 0.8000000119
103395  43.267  28.189  22.911 0.5000000000
103396  42.483  28.131  23.174 0.5000000000
144096  41.163  28.278  23.466 0.4000000060
103397  40.411  28.488  23.653 0.3000000119
102129  51.750  26.418  20.639 0.8999999762
103437  53.123  28.359  20.506 0.8999999762
101369  53.898  26.566  24.364 0.8000000119
102100  54.668  27.091  26.554 0.8000000119
102090  54.210  27.327  26.982 0.6999999881
102750  52.175  27.946  26.536 0.6000000238
102779  41.876  27.888  23.759 0.4000000060
102769  40.898  27.951  24.091 0.4000000060
102770  40.594  27.660  24.841 0.3000000119
103379  39.947  28.245  24.448 0.3000000119
102792  52.192  27.744  20.154 0.8999999762
103444  52.989  28.427  19.515 0.8999999762
102739  53.690  27.114  27.094 0.6999999881
102749  53.428  27.660  26.808 0.6000000238
138914  41.482  27.520  24.601 0.4000000060
102760  41.097  27.240  25.310 0.4000000060
102800  51.678  27.240  19.481 0.8999999762
129596  52.957  28.545  18.619 0.8999999762
102751  50.371  27.956  26.533 0.6000000238
102752  49.423  27.969  26.395 0.6000000238
136703  47.791  27.822  26.030 0.5000000000
137702  47.214  27.658  25.867 0.5000000000
102109  42.452  26.708  25.985 0.4000000060
102799  52.189  27.957  19.044 0.8999999762
103449  53.307  28.949  18.099 0.8999999762
104094  52.579  29.424  17.311 0.8999999762
102106  47.260  27.324  26.032 0.5000000000
102755  46.624  27.351  26.027 0.5000000000
102740  46.000  27.463  25.907 0.4000000060
102741  45.287  27.156  26.146 0.4000000060
102093  44.571  26.826  26.343 0.4000000060
102108  43.632  26.881  25.956 0.4000000060
104717  46.778  30.169  20.913 0.6000000238
104718  45.874  30.165  20.829 0.5000000000
104716  47.645  30.137  21.089 0.6000000238
104068  46.291  29.534  21.319 0.5000000000
103432  44.937  28.884  21.759 0.5000000000
103428  53.525  28.076  22.431 0.8999999762
103406  54.614  28.279  23.642 0.8999999762
103385  55.030  28.599  24.616 0.8999999762
126892  54.835  28.254  25.414 0.8999999762
102778  42.963  27.764  23.790 0.4000000060
103443  53.711  28.925  18.960 0.8999999762
103361  53.256  28.209  26.315 0.6000000238
103362  51.003  28.133  26.356 0.6000000238
102768  42.407  27.474  24.519 0.5000000000
103363  49.955  28.211  26.196 0.6000000238
103364  49.005  28.201  26.025 0.6000000238
103365  48.182  28.158  25.862 0.5000000000
134481  43.176  27.467  24.573 0.4000000060
135739  41.981  27.106  25.222 0.4000000060
105450  50.293  31.465  17.881 0.6000000238
102753  48.558  27.923  26.195 0.5000000000
102764  46.677  27.755  25.557 0.5000000000
102759  42.916  27.172  25.227 0.4000000060
104763  52.698  29.918  17.910 0.8999999762
104764  51.920  30.266  17.819 0.8000000119
104733  45.406  30.791  20.494 0.4000000060
104734  44.716  30.692  20.522 0.4000000060
104695  55.720  29.949  22.881 0.8999999762
104045  55.127  29.642  23.506 0.8999999762
126710  55.278  28.938  22.991 0.8999999762
103405  55.311  29.386  23.418 0.8999999762
104035  55.234  29.127  24.196 0.8999999762
104037  52.434  29.252  23.476 0.6999999881
103407  51.665  28.985  23.581 0.6999999881
103430  46.719  28.948  21.855 0.5000000000
103431  45.837  28.896  21.775 0.5000000000
103384  55.355  28.873  24.034 0.8999999762
103386  54.499  28.804  24.917 0.8999999762
103408  50.806  28.904  23.322 0.6000000238
103414  44.553  28.432  22.380 0.5000000000
103435  55.080  29.192  21.037 0.8999999762
104077  55.155  29.413  20.366 0.8999999762
103371  54.299  28.357  25.832 0.6999999881
129605  51.916  28.557  24.993 0.6000000238
103388  51.293  28.674  24.186 0.6000000238
103389  50.219  28.574  24.075 0.6000000238
133680  44.142  28.085  22.982 0.5000000000
103436  54.175  28.867  20.117 0.8999999762
104083  54.555  29.473  19.494 0.8999999762
104082  55.623  29.938  20.189 0.8999999762
103372  53.126  28.559  25.411 0.6000000238
141071  51.986  28.371  25.953 0.6000000238
103374  49.581  28.411  25.167 0.6000000238
103390  49.104  28.482  23.823 0.6000000238
143795  48.267  28.336  24.095 0.6000000238
103391  47.535  28.272  23.760 0.5000000000
103377  46.933  28.070  24.676 0.5000000000
102776  44.530  27.771  23.798 0.5000000000
102777  43.735  27.855  23.524 0.5000000000
104746  54.971  30.222  19.444 0.8999999762
143820  54.494  30.910  19.163 0.8999999762
103375  48.628  28.372  25.096 0.6000000238
103376  47.813  28.271  24.955 0.5000000000
149242  46.408  27.877  24.916 0.5000000000
103378  46.051  27.888  24.199 0.5000000000
102765  45.278  27.696  24.495 0.5000000000
102767  43.786  27.600  24.246 0.4000000060
104087  53.756  29.487  18.626 0.8999999762
104753  53.929  30.308  18.796 0.8999999762
133803  53.070  30.751  18.562 0.8999999762
145419  45.961  27.711  25.118 0.5000000000
102756  45.282  27.479  25.381 0.5000000000
102766  44.534  27.520  24.778 0.5000000000
102758  43.771  27.333  25.083 0.4000000060
104755  52.303  30.695  18.310 0.8999999762
105443  50.964  31.331  18.076 0.6999999881
102757  44.530  27.229  25.644 0.4000000060
106130  50.824  32.043  18.126 0.6999999881
104715  48.500  30.079  21.260 0.6000000238
144551  53.912  29.842  23.079 0.8999999762
104063  51.425  29.743  22.232 0.8000000119
104064  50.356  29.838  21.800 0.6999999881
104065  49.395  29.972  21.482 0.6000000238
104050  48.752  29.403  21.838 0.6000000238
104067  47.139  29.553  21.421 0.6000000238
103426  55.574  29.388  22.055 0.8999999762
126490  55.640  29.647  22.768 0.8999999762
104710  56.026  30.403  22.110 0.8999999762
104046  52.611  29.609  22.882 0.8000000119
104049  49.628  29.336  22.163 0.6000000238
104066  47.936  29.506  21.589 0.6000000238
104076  55.921  29.787  21.232 0.8999999762
105396  56.236  30.969  21.386 0.8999999762
103409  49.866  28.809  23.012 0.6000000238
103410  48.947  28.836  22.638 0.6000000238
103429  47.446  29.053  21.894 0.6000000238
103412  46.279  28.470  22.492 0.5000000000
103413  45.387  28.432  22.394 0.5000000000
104728  56.254  30.615  20.804 0.8999999762
131444  48.214  28.518  23.134 0.6000000238
103411  47.286  28.570  22.634 0.6000000238
103393  45.775  28.089  23.170 0.5000000000
105429  55.605  31.191  19.610 0.8999999762
104745  55.890  30.563  20.038 0.8999999762
105410  56.350  31.647  20.537 0.8999999762
103392  46.649  28.175  23.439 0.5000000000
103394  44.948  28.024  23.019 0.5000000000
106110  54.591  31.738  19.100 0.8999999762
102775  45.313  27.859  23.709 0.5000000000
105441  52.630  31.426  18.586 0.8999999762
106818  51.599  32.529  18.214 0.8000000119
147305  50.209  33.045  17.603 0.6999999881
105442  51.655  31.568  18.318 0.6999999881
106830  49.678  33.091  17.391 0.6000000238
106838  48.817  33.164  17.030 0.4000000060
106137  50.030  32.387  17.770 0.6000000238
106139  48.524  32.381  17.230 0.4000000060
104730  48.180  30.723  20.792 0.8000000119
104696  54.696  30.214  22.850 0.8999999762
104697  52.768  30.268  22.144 0.8000000119
104712  51.186  30.369  21.577 0.8000000119
104713  50.100  30.552  21.226 0.8000000119
104714  49.116  30.755  20.883 0.6999999881
105397  55.802  31.144  21.708 0.8999999762
105416  49.174  31.580  20.458 0.8999999762
105411  56.171  31.878  20.954 0.8999999762
106100  48.553  31.973  20.186 0.8999999762
106109  55.794  32.232  19.355 0.8999999762
105409  56.509  32.295  20.120 0.8999999762
106095  56.253  32.670  20.416 0.8999999762
106779  55.745  33.168  20.435 0.8999999762
106780  54.616  33.182  20.472 0.8999999762
106097  53.900  32.303  20.806 0.8999999762
106128  53.396  32.221  18.679 0.8999999762
106127  56.040  33.121  18.905 0.8999999762
106108  56.394  32.772  19.645 0.8999999762
139449  56.281  33.356  20.056 0.8999999762
106797  54.128  33.871  20.041 0.8999999762
106817  52.549  32.907  18.302 0.8000000119
106136  50.829  32.982  17.813 0.6999999881
106796  55.464  33.793  20.136 0.8999999762
107489  52.011  34.087  17.444 0.6999999881
133206  51.197  33.704  17.499 0.6999999881
136695  50.383  33.618  17.312 0.5000000000
107503  48.842  33.999  16.494 0.4000000060
126301  52.185  34.665  16.815 0.8000000119
137939  51.465  34.821  16.365 0.6999999881
142486  50.226  34.185  16.786 0.6000000238
106849  46.476  33.960  15.734 0.4000000060
107511  50.460  35.145  15.585 0.6000000238
127771  50.526  34.722  16.254 0.6999999881
107502  49.625  34.390  16.378 0.6999999881
106840  46.465  33.269  16.215 0.4000000060
106147  45.992  32.507  16.377 0.4000000060
106841  45.710  33.116  16.111 0.3000000119
104711  55.316  30.587  22.310 0.8999999762
136343  53.972  30.676  22.083 0.8999999762
140553  51.945  30.984  21.324 0.8999999762
105414  51.536  31.727  20.747 0.8999999762
105400  50.836  31.116  20.996 0.8999999762
104729  49.911  31.316  20.708 0.8999999762
106096  55.419  32.552  20.778 0.8999999762
147319  49.152  32.091  20.195 0.8999999762
136733  55.225  33.495  18.355 0.8999999762
106126  56.299  33.482  19.116 0.8999999762
106795  56.310  33.402  19.535 0.8999999762
106827  54.230  33.941  17.882 0.8999999762
107477  56.069  34.459  18.310 0.8999999762
106814  56.260  34.217  18.882 0.8999999762
107457  55.088  34.500  19.762 0.8999999762
138884  53.302  34.439  17.274 0.8000000119
106828  52.869  33.672  17.868 0.6999999881
139268  48.153  34.271  16.016 0.4000000060
126331  48.937  34.605  15.912 0.4000000060
149587  47.629  34.542  15.557 0.4000000060
106839  47.261  33.942  16.047 0.4000000060
107510  51.303  35.171  15.712 0.6999999881
108193  49.090  35.094  15.239 0.4000000060
143148  48.293  34.822  15.410 0.3000000119
106848  46.863  34.557  15.282 0.4000000060
108190  52.238  35.469  14.956 0.8000000119
108191  50.998  35.440  14.960 0.6000000238
108192  49.963  35.334  15.079 0.6000000238
105412  55.239  31.893  21.263 0.8999999762
105398  54.291  31.331  21.581 0.8999999762
105399  53.051  30.936  21.589 0.8999999762
105413  52.748  31.629  21.079 0.8999999762
106098  52.258  32.512  20.470 0.8999999762
105415  50.579  31.856  20.525 0.8999999762
106099  49.756  32.134  20.265 0.8999999762
107458  53.789  34.542  19.643 0.8999999762
106112  49.128  32.671  19.900 0.8999999762
107459  52.663  34.580  19.524 0.8999999762
108150  52.013  36.091  18.851 0.8000000119
107488  54.850  34.577  17.366 0.8999999762
108167  56.026  35.032  18.308 0.8999999762
108147  55.543  35.540  18.987 0.8999999762
108129  52.337  35.297  19.202 0.8999999762
108130  51.314  35.305  19.169 0.8000000119
108151  50.994  36.135  18.878 0.8000000119
107500  54.310  35.057  16.721 0.8000000119
108168  55.700  35.469  17.493 0.8000000119
108827  55.761  35.462  18.549 0.8999999762
108149  53.149  36.073  18.918 0.8999999762
108831  51.702  36.961  18.574 0.8000000119
108832  50.706  36.894  18.533 0.6999999881
107501  53.179  34.971  16.563 0.8000000119
108177  55.040  35.570  16.085 0.8000000119
145542  55.600  36.066  17.284 0.8999999762
108828  55.213  36.321  18.427 1.0000000000
109487  53.574  37.718  18.317 0.8000000119
108830  52.800  36.950  18.627 0.8000000119
108179  52.490  35.197  15.936 0.8000000119
108189  53.611  35.507  14.966 0.8999999762
108204  49.317  35.521  14.418 0.4000000060
107520  47.617  35.030  14.959 0.2000000030
124518  46.871  35.121  14.470 0.2000000030
107521  45.475  34.454  14.401 0.2000000030
108203  50.454  35.573  14.273 0.5000000000
108205  48.412  35.298  14.729 0.4000000060
107529  44.739  34.059  13.807 0.3000000119
148050  51.482  33.029  20.117 0.8999999762
106783  51.139  32.445  20.347 0.8999999762
147451  50.425  32.486  20.203 0.8999999762
106111  49.973  32.909  19.879 0.8999999762
106801  49.458  33.531  19.601 0.8000000119
108187  55.370  35.989  15.653 0.8999999762
108862  55.404  36.579  16.636 1.0000000000
109508  54.126  38.116  17.866 0.8000000119
109488  52.450  37.780  18.328 0.8000000119
130320  54.444  35.664  14.144 0.8000000119
109526  55.040  37.328  16.493 0.8999999762
109527  54.383  38.039  17.059 0.6999999881
108206  47.710  35.504  14.116 0.3000000119
107527  46.059  35.040  13.954 0.2000000030
108202  51.930  35.555  13.923 0.6000000238
133638  49.900  35.721  13.719 0.6000000238
108216  48.279  35.767  13.554 0.3000000119
108217  47.573  35.756  13.137 0.3000000119
107528  45.318  34.517  13.336 0.3000000119
108201  53.425  35.521  14.026 0.6999999881
108214  52.243  35.521  12.720 0.5000000000
148236  49.929  35.889  12.815 0.5000000000
108228  47.504  35.784  12.076 0.3000000119
108229  46.721  35.445  12.524 0.3000000119
107536  45.371  34.126  12.129 0.3000000119
108239  50.812  35.793  11.735 0.5000000000
108240  49.438  35.983  11.714 0.4000000060
106781  53.250  33.198  20.296 0.8999999762
106782  52.159  33.398  20.033 0.8999999762
143399  51.299  33.723  19.727 0.8999999762
141741  50.756  33.045  19.977 0.8999999762
107461  50.767  34.484  19.413 0.8999999762
106800  50.332  33.669  19.631 0.8999999762
107460  51.706  34.545  19.440 0.8999999762
108152  50.135  36.135  18.818 0.8000000119
109509  53.120  38.279  18.022 0.6999999881
126660  52.055  38.306  18.010 0.8000000119
109490  50.344  37.543  18.176 0.6999999881
108200  54.872  35.917  14.008 0.8000000119
108879  55.037  36.548  14.715 0.8999999762
109542  54.596  37.477  15.767 0.6999999881
109528  53.348  38.259  16.660 0.6999999881
109511  49.919  38.090  17.759 0.6999999881
109491  49.304  37.455  18.188 0.6999999881
128436  54.337  35.726  13.391 0.6999999881
108880  54.991  36.094  14.087 0.8000000119
129466  54.441  37.130  14.732 0.8000000119
108213  53.434  35.522  13.022 0.6000000238
108212  54.121  35.761  12.508 0.6000000238
108886  54.571  35.977  13.350 0.8000000119
108241  48.314  35.937  11.464 0.4000000060
107535  46.044  34.673  11.775 0.3000000119
108238  52.274  35.624  11.143 0.5000000000
108904  50.222  35.913  10.729 0.5000000000
108905  49.089  35.850  10.472 0.3000000119
108242  47.439  35.512  10.957 0.3000000119
108243  46.694  35.159  11.368 0.2000000030
108253  52.190  35.725  10.147 0.5000000000
108915  50.044  35.785  9.696 0.5000000000
108927  50.522  35.506  8.235 0.5000000000
108914  51.185  35.773  9.537 0.5000000000
106798  52.944  33.902  19.822 0.8999999762
108131  50.278  35.331  19.136 0.8000000119
146103  52.294  38.550  16.897 0.6999999881
110125  50.470  38.525  17.371 0.6999999881
109512  48.826  38.156  17.714 0.6000000238
110140  52.356  38.226  16.048 0.6999999881
110141  51.530  38.554  16.489 0.6999999881
144957  50.038  38.861  16.941 0.6999999881
139339  48.862  38.759  17.224 0.6000000238
108893  54.293  35.959  12.584 0.6999999881
109558  53.591  37.264  14.133 0.8000000119
109544  52.324  37.897  15.024 0.8000000119
110156  50.772  38.737  15.761 0.6000000238
107543  46.195  33.903  10.597 0.2000000030
108903  53.414  35.947  10.989 0.6000000238
109577  53.881  36.385  12.288 0.6999999881
108255  48.458  35.329  9.495 0.3000000119
108256  47.586  35.028  9.830 0.2000000030
140615  45.834  33.210  10.341 0.2000000030
108252  52.474  35.955  9.039 0.5000000000
108237  52.998  35.785  10.320 0.5000000000
108272  47.931  34.457  8.662 0.3000000119
107550  47.145  33.986  9.104 0.2000000030
108925  52.352  36.222  7.667 0.5000000000
108254  49.449  35.425  8.959 0.4000000060
107562  47.591  34.323  8.411 0.2000000030
141913  47.316  34.365  8.325 0.3000000119
108926  51.615  35.771  7.882 0.5000000000
108269  50.645  35.561  7.101 0.5000000000
108270  49.742  34.958  7.423 0.4000000060
110155  51.382  38.344  14.812 0.6999999881
110126  49.575  38.607  17.319 0.6000000238
109579  52.830  37.376  11.996 0.6999999881
109559  52.226  37.775  13.985 0.6999999881
109578  53.474  36.405  11.337 0.6999999881
108924  52.837  36.555  8.442 0.6000000238
108913  53.023  36.243  9.667 0.6000000238
125755  46.403  35.143  8.401 0.3000000119
109617  52.791  37.276  7.242 0.6000000238
108285  49.059  34.715  7.177 0.4000000060
107574  48.487  34.656  7.419 0.4000000060
108937  52.337  36.595  7.015 0.6000000238
142644  51.170  36.114  6.875 0.6000000238
108284  49.663  35.059  6.946 0.6000000238
109619  51.663  37.086  6.946 0.6000000238
109620  50.487  36.492  7.067 0.6000000238
147919  49.767  35.667  18.997 0.6000000238
110173  51.325  38.530  13.617 0.6999999881
110803  49.974  39.237  15.485 0.6999999881
110143  49.338  39.078  16.717 0.8000000119
110144  48.458  39.092  16.772 0.6000000238
110191  51.870  38.382  12.391 0.6999999881
110793  48.819  39.369  16.093 0.5000000000
110228  53.053  38.132  8.371 0.6999999881
109595  53.070  37.100  8.984 0.6999999881
144748  48.360  35.344  7.328 0.5000000000
108287  47.201  34.882  7.950 0.3000000119
110253  52.539  37.781  7.359 0.6000000238
108940  49.048  35.357  7.050 0.4000000060
110831  51.325  39.253  12.629 0.6999999881
110174  50.485  39.009  14.594 0.6999999881
139474  49.242  39.508  15.403 0.6000000238
110804  48.393  39.633  15.308 0.5000000000
145566  52.290  38.236  11.321 0.6999999881
110794  47.990  39.357  16.134 0.5000000000
110795  47.129  39.196  16.115 0.4000000060
110217  52.904  37.891  9.475 0.6999999881
110241  52.887  38.666  8.004 0.6000000238
110229  52.920  39.009  8.896 0.6999999881
108941  47.539  35.680  7.717 0.4000000060
110242  51.830  38.388  7.999 0.5000000000
109606  50.707  37.550  7.753 0.5000000000
150367  50.093  39.578  14.110 0.6999999881
110815  49.743  39.536  14.740 0.6000000238
110816  49.034  39.798  14.667 0.6000000238
110832  50.619  39.409  13.549 0.6999999881
110817  48.324  39.908  14.422 0.5000000000
110204  52.028  39.142  11.421 0.6999999881
110848  51.847  39.969  11.721 0.6000000238
111421  51.703  40.724  12.237 0.6000000238
110218  52.602  38.951  10.103 0.6999999881
111432  52.605  40.849  10.905 0.6000000238
110882  52.453  39.230  8.861 0.5000000000
111440  52.523  40.920  10.233 0.6000000238
109607  49.610  37.365  8.146 0.5000000000
111412  50.191  40.052  13.510 0.6999999881
110833  49.574  39.886  14.044 0.6999999881
111413  49.602  40.446  13.419 0.5000000000
110849  50.990  40.076  12.865 0.6000000238
110834  48.920  40.123  13.886 0.5000000000
111962  52.500  41.548  11.662 0.5000000000
111415  47.334  40.331  13.386 0.4000000060
110230  51.076  39.177  9.331 0.5000000000
111441  52.347  40.724  10.057 0.6000000238
111978  52.573  41.529  10.505 0.6000000238
110243  50.186  38.291  8.889 0.5000000000
111442  50.954  40.705  10.331 0.5000000000
110231  49.534  38.950  9.907 0.5000000000
111963  51.412  41.551  12.543 0.4000000060
111422  50.503  40.791  12.917 0.5000000000
111423  49.588  41.160  12.926 0.4000000060
134403  48.819  40.683  13.218 0.4000000060
111973  52.883  41.828  10.718 0.5000000000
111977  53.002  42.359  10.725 0.5000000000
111424  47.957  40.797  12.928 0.4000000060
111425  47.062  40.968  12.744 0.3000000119
112565  51.220  43.159  10.427 0.4000000060
111979  51.514  41.485  10.391 0.5000000000
112570  49.961  42.994  10.095 0.4000000060
112566  50.544  42.237  10.388 0.5000000000
111980  49.988  41.434  10.432 0.5000000000
112567  49.215  42.084  10.151 0.5000000000
142358  48.420  41.605  10.132 0.4000000060
112579  47.632  42.664  8.870 0.3000000119
111964  50.419  41.600  12.755 0.4000000060
112550  52.899  43.078  12.114 0.4000000060
112553  49.588  42.171  12.581 0.4000000060
111965  48.647  41.449  12.706 0.4000000060
112564  52.729  43.144  10.686 0.4000000060
111966  47.688  41.665  12.513 0.3000000119
112571  49.029  42.885  9.597 0.4000000060
111987  48.182  42.210  9.637 0.5000000000
112555  47.321  42.923  12.437 0.3000000119
111968  46.006  42.049  12.635 0.3000000119
113133  49.802  43.908  9.489 0.4000000060
139376  49.294  44.293  7.181 0.3000000119
113143  48.741  43.546  8.392 0.3000000119
138917  52.268  42.284  12.315 0.4000000060
112552  51.025  42.452  12.610 0.4000000060
112551  52.068  43.056  12.455 0.4000000060
113122  51.976  44.328  10.632 0.4000000060
113662  52.839  44.251  11.442 0.4000000060
113101  52.456  43.968  12.288 0.4000000060
138169  50.143  43.126  12.458 0.4000000060
138168  49.106  43.243  12.389 0.4000000060
113124  50.684  43.968  10.143 0.4000000060
113123  51.196  44.966  10.198 0.4000000060
112554  48.403  42.415  12.426 0.3000000119
114169  51.237  46.502  10.157 0.4000000060
111967  46.742  41.920  12.508 0.3000000119
113685  51.021  45.825  9.820 0.4000000060
114691  50.866  46.687  9.957 0.4000000060
113688  49.991  45.566  8.114 0.3000000119
114182  50.209  46.345  8.598 0.3000000119
114170  50.624  46.392  9.531 0.4000000060
113642  52.215  45.033  12.181 0.4000000060
137674  51.235  43.628  12.462 0.4000000060
113676  52.418  44.816  11.227 0.4000000060
113103  49.953  44.367  12.469 0.4000000060
113677  51.759  45.729  10.605 0.4000000060
114157  51.598  46.540  10.870 0.4000000060
114692  50.299  46.525  9.305 0.4000000060
114193  50.046  46.524  7.322 0.3000000119
114137  52.014  45.707  11.985 0.4000000060
113102  51.384  44.909  12.463 0.4000000060
114148  51.499  46.474  11.923 0.4000000060
113104  48.593  44.358  12.608 0.3000000119
113106  46.639  44.011  12.954 0.3000000119
112556  46.245  43.050  12.717 0.3000000119
113647  46.123  44.233  12.983 0.3000000119
142736  49.979  46.492  8.230 0.3000000119
114693  49.697  46.627  9.662 0.3000000119
138526  45.320  43.934  13.039 0.3000000119
142803  49.750  46.563  7.580 0.3000000119
114698  49.655  46.599  8.617 0.3000000119
113648  44.860  44.039  12.621 0.3000000119
114206  49.298  46.587  7.137 0.2000000030
113643  51.402  45.873  12.492 0.4000000060
113644  50.328  45.787  12.851 0.4000000060
113645  49.090  45.544  12.969 0.4000000060
140004  50.736  46.768  12.150 0.4000000060
136676  48.029  45.222  13.047 0.3000000119
114678  51.118  46.893  11.201 0.3000000119
114685  50.595  46.837  10.331 0.3000000119
114140  48.663  45.799  12.969 0.3000000119
113646  47.890  45.325  12.938 0.3000000119
142709  46.448  44.584  12.756 0.3000000119
132245  47.072  44.766  12.891 0.3000000119
140671  45.703  44.307  12.737 0.3000000119
114194  48.745  46.383  8.121 0.3000000119
114149  49.926  46.546  12.620 0.4000000060
114139  49.554  46.208  12.972 0.3000000119
114686  49.508  46.576  10.857 0.3000000119
114150  49.252  46.414  12.103 0.3000000119
114158  48.641  46.165  11.418 0.3000000119
114151  48.341  45.850  12.525 0.3000000119
140535  46.007  44.664  11.959 0.3000000119
114159  47.827  45.723  11.232 0.3000000119
99011  53.592  22.544  25.139 0.8999999762
99788  48.253  22.881  24.890 0.6999999881
100603  50.887  23.932  24.856 0.8999999762
100601  55.303  23.418  24.885 0.8999999762
100602  51.927  24.049  25.392 0.8999999762
102080  40.996  25.998  28.654 0.4000000060
101324  42.159  25.320  29.754 0.3000000119
129012  53.650  24.990  26.416 0.8999999762
101323  43.024  25.061  29.418 0.3000000119
124627  54.429  26.011  25.234 0.8999999762
129235  51.837  26.335  26.225 0.6000000238
102104  48.943  27.408  26.162 0.5000000000
102790  52.371  27.258  21.914 0.8999999762
102785  53.023  27.328  22.950 0.8999999762
102110  41.468  26.830  25.884 0.4000000060
144017  51.315  27.855  26.612 0.6000000238
131872  52.682  27.939  21.269 0.8999999762
126144  55.001  28.367  24.383 0.8999999762
102748  54.387  27.892  26.489 0.8000000119
102754  47.449  28.012  25.662 0.5000000000
104093  53.130  29.325  17.910 0.8999999762
103427  54.244  28.659  21.507 0.8999999762
103373  50.798  28.458  25.334 0.6000000238
104754  53.203  30.065  18.307 0.8999999762
104036  54.034  29.390  23.886 0.8999999762
103387  52.675  28.879  24.307 0.6999999881
104047  51.507  29.289  22.932 0.6999999881
148621  54.309  29.797  19.037 0.8999999762
105440  53.603  31.220  18.835 0.8999999762
104048  50.553  29.306  22.521 0.6000000238
104051  48.104  28.928  22.239 0.6000000238
104061  56.165  30.334  21.660 0.8999999762
105428  56.407  31.884  19.935 0.8999999762
106129  52.292  32.158  18.485 0.8000000119
106829  51.797  33.358  17.886 0.6999999881
129731  54.866  32.651  18.747 0.8999999762
106816  53.775  33.191  18.352 0.8999999762
106815  56.127  33.882  18.579 0.8999999762
107490  51.100  34.306  16.978 0.6999999881
106837  49.584  33.760  16.909 0.4000000060
129796  45.821  33.649  15.707 0.3000000119
107512  49.740  34.905  15.768 0.4000000060
106826  55.567  34.224  18.011 0.8999999762
127917  56.104  34.196  19.513 0.8999999762
107487  55.750  34.853  17.750 0.8999999762
107456  56.092  34.928  18.946 0.8999999762
108127  54.769  35.204  19.422 0.8999999762
144886  46.258  34.723  14.693 0.2000000030
108128  53.480  35.287  19.326 0.8999999762
107499  55.276  35.267  17.019 0.8999999762
143343  55.708  35.845  17.979 0.8999999762
108148  54.423  35.932  18.971 0.8999999762
108178  53.938  35.379  15.874 0.8000000119
108176  55.473  35.771  16.649 0.8000000119
108850  55.326  36.691  17.670 1.0000000000
108829  54.013  36.812  18.601 0.8000000119
109486  54.620  37.380  18.097 0.8000000119
109489  51.384  37.711  18.255 0.6999999881
145306  48.540  35.610  14.103 0.3000000119
132398  50.882  35.652  13.369 0.6000000238
108871  55.267  36.590  15.588 0.8999999762
124841  53.579  38.341  17.557 0.6999999881
109507  54.903  37.517  17.380 0.8999999762
108188  54.902  35.708  14.924 0.8000000119
108218  46.792  35.430  13.567 0.3000000119
108215  49.071  35.807  13.578 0.3000000119
108227  48.568  35.965  12.670 0.4000000060
108230  45.987  35.046  12.923 0.2000000030
128125  53.478  35.554  12.264 0.6000000238
108226  51.090  35.686  12.584 0.5000000000
108225  52.945  35.532  11.813 0.6000000238
141324  51.849  35.592  12.035 0.5000000000
149374  51.305  35.778  10.721 0.5000000000
110123  52.674  38.479  17.541 0.6999999881
109510  50.984  38.175  17.856 0.6999999881
109543  53.383  37.698  15.391 0.6999999881
110124  51.546  38.536  17.392 0.6999999881
109557  54.669  36.487  13.966 0.8000000119
108894  53.964  35.890  11.948 0.6000000238
108224  53.692  35.712  11.791 0.6000000238
109568  54.228  36.426  13.154 0.8000000119
130599  53.247  35.703  11.204 0.5000000000
108257  46.828  34.436  10.162 0.2000000030
144335  51.624  38.349  15.655 0.6999999881
110142  50.718  38.733  16.776 0.6999999881
110157  50.061  39.059  16.315 0.8000000119
109569  53.238  37.179  13.053 0.6999999881
107551  46.327  33.639  9.750 0.2000000030
108271  48.848  34.699  8.100 0.3000000119
107563  46.944  33.954  8.939 0.3000000119
109570  52.181  37.824  13.033 0.6999999881
109588  52.807  37.463  10.697 0.6999999881
109587  53.134  36.672  10.163 0.6999999881
109621  49.314  36.233  7.365 0.5000000000
144385  49.492  39.297  16.022 0.6000000238
110818  47.792  39.754  14.813 0.5000000000
110871  52.468  39.905  9.706 0.6000000238
111414  48.159  40.259  13.631 0.5000000000
110861  52.450  40.069  10.418 0.6000000238
111961  53.057  42.387  11.487 0.5000000000
110872  51.942  39.985  9.684 0.6000000238
110873  50.249  39.817  10.206 0.5000000000
111972  53.254  42.559  10.928 0.4000000060
112563  53.255  43.061  10.933 0.4000000060
134707  52.054  42.293  10.499 0.4000000060
111981  48.972  41.353  10.336 0.5000000000
112578  48.372  42.963  8.986 0.4000000060
113100  53.060  43.610  11.901 0.4000000060
113121  53.003  43.842  11.022 0.4000000060
113132  50.577  44.781  9.717 0.4000000060
113134  49.009  43.480  9.043 0.4000000060
113142  49.530  44.327  8.660 0.3000000119
142268  48.176  43.376  12.444 0.3000000119
113686  50.277  45.402  9.090 0.3000000119
113105  47.539  44.250  12.764 0.3000000119
142196  46.099  43.901  13.087 0.3000000119
114679  50.253  46.811  11.606 0.3000000119
113664  47.083  45.175  12.309 0.3000000119
126387  47.796  14.998  9.836 0.1000000015
95379  48.016  17.451  18.914 0.1000000015
93655  49.063  15.794  12.741 0.1000000015
93677  48.214  15.409  11.342 0.1000000015
93693  47.401  15.165  10.667 0.1000000015
128092  47.042  14.988  9.856 0.1000000015
94622  46.147  15.967  7.887 0.1000000015
95391  47.548  17.102  18.234 0.1000000015
95390  48.562  17.362  18.234 0.1000000015
93638  46.562  15.637  15.494 0.1000000015
94543  47.856  16.210  16.298 0.1000000015
93637  47.650  15.818  15.530 0.1000000015
94542  48.588  16.316  15.988 0.1000000015
133957  46.717  15.380  13.915 0.1000000015
134219  47.842  15.637  14.724 0.1000000015
93670  45.582  15.570  12.837 0.1000000015
93657  46.998  15.360  13.283 0.1000000015
93656  48.115  15.506  13.248 0.1000000015
93669  46.336  15.332  12.646 0.1000000015
93667  48.168  15.470  12.215 0.1000000015
93680  45.535  15.690  11.626 0.1000000015
93678  47.368  15.322  11.612 0.1000000015
93695  45.575  15.798  10.376 0.1000000015
93679  45.909  15.433  11.198 0.1000000015
126073  46.697  15.261  11.120 0.1000000015
93694  46.404  15.307  10.292 0.1000000015
93710  46.552  15.271  9.355 0.1000000015
94623  45.523  16.616  8.225 0.1000000015
94632  45.769  17.369  6.602 0.1000000015
147606  45.446  18.006  6.518 0.1000000015
96252  45.504  18.609  6.030 0.1000000015
96259  46.069  18.633  5.137 0.1000000015
136127  46.164  19.387  3.383 0.1000000015
96265  46.758  19.038  4.031 0.1000000015
97033  45.822  19.983  2.670 0.1000000015
97034  45.269  19.794  2.242 0.1000000015
96277  44.666  18.673  2.824 0.1000000015
94519  46.045  16.525  17.511 0.1000000015
94518  47.061  16.652  17.568 0.1000000015
95415  43.727  17.870  15.390 0.1000000015
95414  43.953  17.097  15.742 0.1000000015
94533  44.561  16.454  16.101 0.1000000015
95423  43.999  18.212  14.474 0.1000000015
132265  44.075  17.229  14.864 0.1000000015
94532  45.296  15.996  15.953 0.1000000015
94531  46.512  16.234  16.858 0.1000000015
95422  44.279  17.364  14.008 0.1000000015
93648  45.346  15.697  14.607 0.1000000015
94561  44.859  16.028  14.029 0.1000000015
93659  45.446  15.629  13.704 0.1000000015
94571  44.964  16.024  13.158 0.1000000015
94581  45.087  16.079  12.084 0.1000000015
96997  44.750  18.898  9.979 0.1000000015
96233  44.711  17.880  9.790 0.1000000015
94582  44.797  16.754  11.281 0.1000000015
96996  45.014  19.520  9.352 0.1000000015
94603  45.261  16.447  9.625 0.1000000015
96232  44.868  18.607  9.091 0.1000000015
128203  44.909  17.701  8.881 0.1000000015
127136  45.180  16.892  8.838 0.1000000015
137143  45.090  19.272  8.493 0.1000000015
96239  45.050  18.334  8.057 0.1000000015
95481  45.199  17.341  8.124 0.1000000015
97003  45.279  19.950  8.057 0.1000000015
128051  45.189  19.227  7.537 0.1000000015
95488  45.284  17.712  7.280 0.1000000015
97008  45.301  20.072  7.086 0.1000000015
126199  45.314  19.282  6.512 0.1000000015
96245  45.225  18.509  6.980 0.1000000015
99115  41.314  22.378  11.118 0.1000000015
97018  45.625  19.413  5.396 0.1000000015
97029  46.041  20.057  3.298 0.1000000015
97726  46.052  20.470  3.468 0.1000000015
98437  46.083  21.315  3.314 0.1000000015
97739  45.531  20.632  1.674 0.1000000015
98441  46.032  21.307  1.834 0.1000000015
97745  45.096  20.929  0.899 0.1000000015
97041  44.284  20.082  1.639 0.1000000015
97040  44.837  20.295  1.468 0.1000000015
97666  44.636  20.449  14.496 0.2000000030
97671  44.776  20.326  13.661 0.2000000030
96965  44.390  19.740  14.155 0.1000000015
96204  44.234  18.979  13.842 0.1000000015
98385  45.686  21.337  12.621 0.1000000015
97670  45.249  20.849  13.142 0.1000000015
141074  44.406  18.844  13.016 0.1000000015
95432  44.414  17.457  13.173 0.1000000015
94556  44.471  16.592  14.409 0.1000000015
98390  46.264  21.737  11.391 0.1000000015
97677  44.829  20.191  12.786 0.1000000015
96977  44.591  19.447  12.459 0.1000000015
95440  44.482  17.615  12.379 0.1000000015
94572  44.635  16.740  12.721 0.1000000015
99133  46.830  22.368  9.995 0.2000000030
98397  46.255  21.765  10.527 0.1000000015
97684  44.889  20.062  11.933 0.1000000015
96216  44.482  18.559  12.154 0.1000000015
140029  44.631  16.968  11.971 0.1000000015
126468  49.211  23.783  8.663 0.2000000030
126007  48.156  23.387  9.134 0.2000000030
98404  45.739  21.241  10.056 0.1000000015
97691  45.312  20.574  10.551 0.1000000015
96990  44.677  19.177  10.806 0.1000000015
95448  44.534  17.753  11.472 0.1000000015
99957  49.831  24.213  7.520 0.2000000030
99958  48.436  23.661  8.161 0.2000000030
99140  47.349  23.114  8.572 0.2000000030
130668  46.863  22.587  9.185 0.2000000030
96989  44.957  19.790  10.211 0.1000000015
99141  46.394  22.431  8.495 0.2000000030
147720  46.394  22.157  9.294 0.2000000030
97702  45.420  20.621  8.540 0.1000000015
96227  44.599  18.302  10.661 0.1000000015
141759  47.705  23.538  7.690 0.2000000030
140200  45.829  21.879  8.113 0.2000000030
128135  45.796  21.513  8.986 0.2000000030
145002  45.214  19.981  8.800 0.1000000015
99965  48.667  24.006  7.111 0.2000000030
99966  46.792  23.134  7.535 0.2000000030
98413  45.601  21.730  7.372 0.2000000030
128926  45.552  21.209  8.018 0.1000000015
99973  48.773  24.417  5.953 0.2000000030
132611  47.651  23.777  6.746 0.2000000030
99147  46.018  22.451  7.569 0.2000000030
97708  45.400  20.946  7.193 0.1000000015
99975  46.777  23.490  6.374 0.2000000030
99146  46.197  22.928  6.886 0.2000000030
98421  45.465  21.484  6.434 0.1000000015
99127  40.416  23.021  10.537 0.1000000015
99974  47.758  24.311  5.380 0.2000000030
99153  46.057  23.021  5.901 0.2000000030
126558  45.619  22.179  5.952 0.1000000015
148032  45.428  21.016  5.874 0.1000000015
97716  45.556  20.489  5.320 0.1000000015
100776  48.645  25.005  4.144 0.2000000030
128119  46.773  23.824  5.304 0.2000000030
99159  45.832  22.450  5.084 0.1000000015
99125  42.207  22.515  9.822 0.1000000015
97697  42.810  20.673  9.682 0.1000000015
98405  42.679  21.672  9.744 0.1000000015
97727  45.897  20.645  4.216 0.1000000015
96998  42.577  19.666  9.437 0.1000000015
99168  46.533  23.153  1.997 0.1000000015
99169  46.226  22.400  3.179 0.1000000015
97729  43.099  19.536  4.572 0.1000000015
97019  42.680  18.896  5.169 0.1000000015
148719  42.389  19.072  7.628 0.1000000015
143983  42.490  19.429  8.698 0.1000000015
135145  42.828  20.252  8.840 0.1000000015
99997  46.386  23.659  1.385 0.1000000015
99176  46.294  22.838  1.307 0.1000000015
98436  46.318  21.990  2.147 0.1000000015
98443  43.967  20.979  2.065 0.1000000015
97734  43.623  20.076  2.706 0.1000000015
97015  42.588  19.135  6.049 0.1000000015
97718  42.914  20.068  6.412 0.1000000015
97710  42.960  20.388  7.322 0.1000000015
97004  42.670  19.694  7.984 0.1000000015
100003  46.020  23.141  0.978 0.1000000015
99183  45.504  22.416  0.821 0.1000000015
98450  44.417  20.812  1.325 0.1000000015
97740  43.934  20.261  1.825 0.1000000015
98377  46.128  21.797  12.880 0.1000000015
97665  45.222  21.046  14.091 0.2000000030
99106  48.109  23.130  11.973 0.4000000060
99107  47.325  22.620  12.378 0.3000000119
99108  46.654  22.190  12.678 0.3000000119
98378  45.713  21.506  13.411 0.1000000015
125916  49.105  23.467  11.928 0.3000000119
98384  46.227  21.748  12.203 0.1000000015
99938  48.774  23.448  10.527 0.3000000119
99939  48.021  23.085  11.004 0.3000000119
99113  47.390  22.669  11.470 0.3000000119
99949  48.900  23.577  9.616 0.3000000119
99950  47.956  23.170  10.084 0.3000000119
99123  47.386  22.719  10.604 0.3000000119
99124  46.810  22.251  10.976 0.1000000015
145837  47.382  22.787  10.057 0.2000000030
100750  51.082  24.488  7.565 0.3000000119
100756  50.956  24.654  6.583 0.3000000119
100765  51.169  24.998  6.232 0.3000000119
101457  46.317  25.175  11.183 0.2000000030
101517  50.686  25.067  5.288 0.3000000119
102231  50.294  25.825  5.702 0.3000000119
101458  45.445  24.828  11.437 0.2000000030
100757  49.925  24.513  6.249 0.2000000030
100766  50.695  24.925  5.532 0.3000000119
101495  47.108  25.914  8.669 0.3000000119
102206  48.193  26.225  8.916 0.3000000119
101481  47.507  25.832  9.648 0.3000000119
101469  46.936  25.494  10.399 0.3000000119
149583  45.571  25.026  10.725 0.2000000030
100733  43.860  24.732  10.899 0.2000000030
100725  37.981  24.486  10.986 0.1000000015
100767  50.018  24.831  5.088 0.2000000030
101525  50.155  25.205  4.712 0.3000000119
101482  46.571  25.576  9.528 0.3000000119
101470  46.040  25.293  10.212 0.3000000119
101459  44.843  24.823  10.776 0.2000000030
100734  42.774  24.887  10.617 0.2000000030
99117  38.201  23.526  10.992 0.1000000015
126463  45.175  25.149  10.045 0.2000000030
101471  44.287  25.018  10.020 0.2000000030
101472  43.347  25.065  9.923 0.2000000030
99953  39.053  24.418  9.399 0.1000000015
99941  39.496  23.645  9.831 0.1000000015
99128  39.269  23.241  10.695 0.1000000015
101496  46.185  25.667  8.808 0.2000000030
101483  45.662  25.426  9.377 0.2000000030
101484  44.622  25.370  9.134 0.2000000030
101485  42.921  25.439  8.975 0.2000000030
99961  40.233  24.477  8.523 0.1000000015
99940  40.538  23.402  9.670 0.1000000015
99126  41.397  22.783  10.281 0.1000000015
99979  47.470  24.611  4.048 0.2000000030
99158  46.425  23.575  4.390 0.1000000015
101498  44.387  25.616  8.067 0.2000000030
101499  42.567  25.512  7.905 0.2000000030
99951  40.762  23.809  8.883 0.1000000015
99135  41.427  23.168  9.539 0.1000000015
125123  42.037  22.138  10.699 0.1000000015
101510  44.097  25.692  7.063 0.2000000030
142480  43.499  25.576  7.675 0.2000000030
99134  41.810  23.356  8.849 0.1000000015
101511  43.018  25.479  7.106 0.2000000030
127165  42.761  23.308  7.726 0.1000000015
99142  42.711  22.561  8.713 0.1000000015
98408  42.983  21.352  8.983 0.1000000015
99164  46.069  22.723  4.079 0.1000000015
97728  43.416  20.280  3.890 0.1000000015
99148  43.139  22.489  7.782 0.1000000015
149017  43.146  21.800  8.336 0.1000000015
97703  43.035  20.817  8.193 0.1000000015
99990  46.646  24.137  2.071 0.1000000015
100792  46.788  24.767  2.433 0.1000000015
100798  45.699  24.354  1.863 0.1000000015
99178  44.045  22.099  2.520 0.1000000015
98438  43.603  21.094  3.186 0.1000000015
97722  43.289  20.498  4.902 0.1000000015
97717  43.226  20.759  5.816 0.1000000015
97709  43.229  21.081  6.704 0.1000000015
99991  44.739  24.141  2.432 0.1000000015
99170  44.361  23.260  2.409 0.1000000015
99165  43.598  22.130  4.527 0.1000000015
98427  43.458  21.447  5.198 0.1000000015
98422  43.454  21.751  6.073 0.1000000015
98414  43.392  22.173  6.932 0.1000000015
99099  46.375  22.107  13.529 0.3000000119
98370  46.355  22.207  14.297 0.3000000119
98372  45.387  21.517  14.855 0.3000000119
99097  47.934  23.015  13.028 0.4000000060
99098  47.125  22.551  13.252 0.4000000060
98371  45.833  21.756  14.184 0.2000000030
99937  49.732  23.742  10.022 0.3000000119
99936  50.844  24.113  9.446 0.3000000119
99948  49.956  23.929  9.103 0.3000000119
100741  51.022  24.337  8.493 0.3000000119
100749  51.705  24.684  7.938 0.3000000119
102211  51.331  25.897  8.108 0.3000000119
102204  50.207  26.767  9.171 0.3000000119
102198  49.506  26.663  10.023 0.3000000119
101506  51.586  24.989  6.973 0.3000000119
102219  51.266  25.603  7.289 0.3000000119
102212  50.453  26.441  8.182 0.3000000119
102205  49.268  26.520  9.049 0.3000000119
101467  48.618  26.252  10.577 0.3000000119
101468  47.844  25.828  10.524 0.3000000119
101507  51.138  25.273  6.243 0.3000000119
102220  50.374  26.122  6.992 0.3000000119
101480  48.450  26.203  9.804 0.3000000119
101456  47.318  25.518  11.283 0.3000000119
101450  46.866  25.312  12.074 0.2000000030
100704  45.205  24.699  12.239 0.2000000030
102213  49.190  26.529  8.039 0.3000000119
100719  44.634  24.638  11.588 0.2000000030
100705  44.438  24.570  12.390 0.2000000030
100711  37.659  24.444  11.699 0.1000000015
99923  36.511  23.929  12.441 0.1000000015
102239  49.802  25.773  4.864 0.2000000030
102221  49.100  26.482  6.918 0.3000000119
100720  43.931  24.555  11.806 0.2000000030
100721  43.116  24.591  11.583 0.2000000030
143114  39.823  24.986  11.410 0.1000000015
137960  38.290  24.722  11.421 0.1000000015
99930  37.621  24.038  11.199 0.1000000015
102232  48.970  26.375  5.820 0.2000000030
102214  48.004  26.377  7.954 0.3000000119
100722  41.981  24.813  11.287 0.2000000030
100723  40.820  24.909  11.400 0.2000000030
100724  38.790  25.057  10.840 0.1000000015
100782  48.802  25.394  3.919 0.3000000119
102233  47.845  26.426  5.890 0.2000000030
101486  41.845  25.479  8.619 0.2000000030
125352  41.188  25.469  9.408 0.2000000030
100735  41.882  25.121  10.300 0.2000000030
131836  40.232  25.494  9.754 0.1000000015
101475  38.921  25.062  9.573 0.1000000015
99954  38.549  24.482  9.949 0.1000000015
99943  38.150  24.249  10.525 0.1000000015
102240  48.809  26.223  4.759 0.2000000030
135318  47.260  26.366  6.575 0.2000000030
102215  47.146  26.188  7.765 0.2000000030
125066  40.905  25.449  8.429 0.2000000030
100751  39.799  25.088  8.517 0.1000000015
101488  39.267  25.008  9.056 0.1000000015
100783  48.046  25.233  3.657 0.2000000030
101536  48.000  25.499  3.626 0.2000000030
101512  42.146  25.233  7.430 0.2000000030
101500  41.485  25.389  7.918 0.2000000030
100759  41.261  25.085  7.745 0.2000000030
100784  47.489  25.101  3.071 0.1000000015
101518  44.992  25.843  6.693 0.2000000030
100758  42.146  24.930  7.241 0.2000000030
99968  41.522  24.762  7.623 0.1000000015
99960  41.001  24.426  8.139 0.1000000015
101519  44.475  25.661  6.173 0.2000000030
100770  42.845  25.098  6.767 0.2000000030
99967  42.418  24.306  7.230 0.2000000030
101529  45.848  25.994  4.865 0.2000000030
133752  44.905  25.685  5.113 0.2000000030
100769  43.482  24.940  5.891 0.2000000030
143889  43.403  24.371  5.769 0.2000000030
144218  43.145  23.385  6.919 0.2000000030
98415  43.228  21.475  7.588 0.1000000015
100793  46.204  24.874  2.324 0.1000000015
100785  44.560  24.987  3.843 0.1000000015
143374  43.660  24.571  5.262 0.1000000015
138126  43.347  23.704  6.014 0.1000000015
99992  44.092  23.703  3.199 0.1000000015
131420  43.615  23.007  4.764 0.1000000015
146202  43.530  23.137  5.540 0.1000000015
99155  43.488  22.760  6.186 0.1000000015
99160  43.550  22.365  5.415 0.1000000015
99090  46.909  22.509  14.062 0.3000000119
99922  48.675  23.340  12.615 0.4000000060
99928  49.648  23.611  11.005 0.3000000119
146675  50.587  23.862  10.288 0.4000000060
100740  51.806  24.516  8.837 0.3000000119
100748  52.070  24.874  8.386 0.3000000119
102210  51.779  25.530  8.513 0.3000000119
101451  46.012  24.965  12.139 0.2000000030
100690  44.949  24.677  12.912 0.2000000030
139912  41.354  24.460  13.023 0.2000000030
100696  39.621  24.533  12.852 0.1000000015
125761  38.800  24.480  13.307 0.1000000015
100706  43.541  24.492  12.563 0.2000000030
100708  41.584  24.592  12.252 0.2000000030
100709  40.473  24.641  12.328 0.2000000030
100691  44.289  24.593  13.216 0.2000000030
100707  42.559  24.509  12.311 0.2000000030
149743  48.178  23.171  13.752 0.4000000060
98363  45.987  22.096  14.910 0.3000000119
99911  48.774  23.358  13.342 0.5000000000
125470  50.085  23.617  11.788 0.4000000060
99921  49.654  23.536  12.703 0.4000000060
147659  50.787  23.678  11.652 0.4000000060
100732  51.909  24.198  9.880 0.3000000119
100739  52.315  24.814  9.274 0.4000000060
102202  51.843  25.804  9.363 0.4000000060
102203  51.111  26.484  8.977 0.4000000060
125972  50.666  27.020  9.844 0.4000000060
102197  50.235  27.217  10.664 0.4000000060
102190  48.238  26.042  11.413 0.3000000119
142147  47.610  25.674  12.033 0.4000000060
127465  46.464  25.295  12.915 0.2000000030
100695  40.692  24.422  13.454 0.2000000030
126166  39.907  24.364  13.925 0.1000000015
129602  42.895  24.467  13.056 0.2000000030
100694  42.153  24.434  13.068 0.2000000030
132206  32.253  21.355  30.718 0.1000000015
98278  33.240  20.881  29.696 0.1000000015
97584  33.482  20.297  28.768 0.1000000015
96889  33.633  19.636  28.180 0.1000000015
99076  45.604  22.316  16.415 0.3000000119
99900  48.766  23.358  14.150 0.5000000000
99901  48.031  23.162  14.413 0.4000000060
99084  46.682  22.475  14.852 0.4000000060
99920  50.765  23.647  12.167 0.5000000000
99926  51.680  23.795  11.423 0.4000000060
100718  52.326  24.121  10.634 0.4000000060
102195  52.043  25.982  10.189 0.5000000000
133105  51.403  26.781  9.927 0.5000000000
124559  49.193  26.623  11.033 0.3000000119
101442  45.642  24.914  12.953 0.2000000030
100692  43.486  24.539  13.519 0.2000000030
128781  41.729  24.408  13.931 0.2000000030
100680  40.873  24.389  14.594 0.2000000030
100693  42.684  24.485  13.767 0.2000000030
99744  33.383  22.926  31.401 0.1000000015
98973  33.020  22.296  31.398 0.1000000015
145023  32.804  21.775  31.133 0.1000000015
98972  33.864  22.353  31.495 0.1000000015
98245  33.497  21.772  31.141 0.1000000015
98263  33.925  21.304  30.317 0.1000000015
98262  34.838  21.402  30.533 0.1000000015
97583  34.276  20.231  28.622 0.1000000015
96896  34.509  19.098  27.736 0.1000000015
95306  34.601  17.642  27.516 0.1000000015
94430  34.977  16.833  27.630 0.1000000015
99899  49.479  23.487  14.673 0.5000000000
99083  47.158  22.841  15.452 0.4000000060
99085  46.312  22.497  15.718 0.3000000119
94487  44.259  17.072  20.594 0.1000000015
94464  45.618  15.936  22.099 0.2000000030
93576  46.822  15.848  22.749 0.1000000015
99910  49.627  23.497  13.727 0.5000000000
94477  43.588  16.802  21.148 0.2000000030
93578  45.013  15.624  22.735 0.2000000030
93568  46.460  15.532  23.592 0.1000000015
99898  50.421  23.545  14.227 0.5000000000
96942  42.729  19.189  18.635 0.2000000030
96174  42.678  18.722  19.449 0.2000000030
95352  43.079  17.693  20.350 0.2000000030
94466  43.602  16.185  21.962 0.2000000030
93558  45.739  15.322  24.300 0.1000000015
93526  48.788  15.649  26.760 0.1000000015
93516  50.700  15.888  28.297 0.1000000015
90864  50.078  13.401  29.952 0.1000000015
89950  44.930  11.578  29.428 0.1000000015
141919  43.196  11.937  29.748 0.1000000015
89919  41.003  11.619  31.803 0.1000000015
96164  42.510  18.407  20.216 0.2000000030
93570  44.470  15.433  23.427 0.2000000030
93542  46.065  15.232  25.136 0.2000000030
93527  47.492  15.288  26.273 0.1000000015
92670  49.369  15.313  28.463 0.1000000015
99919  52.122  23.706  11.986 0.4000000060
94478  42.793  16.726  21.622 0.2000000030
93580  43.167  15.797  22.841 0.2000000030
93559  44.806  15.290  24.148 0.2000000030
100730  52.851  25.157  10.404 0.5000000000
102196  51.210  27.449  10.558 0.5000000000
101449  47.316  25.688  12.793 0.3000000119
129063  48.878  26.616  11.819 0.3000000119
102189  49.746  27.277  11.530 0.5000000000
102858  50.936  27.845  11.219 0.5000000000
102183  49.146  27.179  12.497 0.5000000000
102184  48.172  26.262  12.468 0.5000000000
102180  47.703  26.268  13.372 0.5000000000
101441  46.887  25.805  13.746 0.4000000060
101443  45.069  24.926  13.740 0.2000000030
100677  44.150  24.724  14.099 0.2000000030
100679  42.473  24.519  14.619 0.2000000030
144341  41.724  24.457  14.889 0.2000000030
101434  44.716  25.190  14.702 0.2000000030
100678  43.305  24.624  14.369 0.2000000030
100663  43.072  24.744  15.219 0.2000000030
101433  45.554  25.475  14.512 0.4000000060
101435  43.897  24.905  14.969 0.3000000119
99745  32.314  22.895  31.426 0.1000000015
126699  30.535  21.804  31.864 0.1000000015
98247  30.448  21.306  31.565 0.1000000015
101326  34.375  25.865  29.584 0.1000000015
101318  34.038  24.942  29.890 0.1000000015
127000  33.786  24.343  30.331 0.1000000015
98246  32.131  21.987  31.462 0.1000000015
124603  31.156  21.768  31.547 0.1000000015
102075  35.116  26.523  29.642 0.1000000015
101316  36.068  25.695  30.380 0.1000000015
100567  35.288  24.700  30.546 0.1000000015
100555  34.758  23.443  31.391 0.1000000015
99743  34.246  22.931  31.586 0.1000000015
98971  34.656  22.370  31.628 0.1000000015
98243  35.157  21.834  31.323 0.1000000015
100554  35.494  24.031  31.270 0.1000000015
99742  35.419  23.187  31.947 0.1000000015
98970  35.496  22.488  31.862 0.1000000015
98261  35.704  21.402  30.621 0.1000000015
98276  35.328  21.001  29.851 0.1000000015
97582  35.222  20.077  28.519 0.1000000015
98275  36.258  20.948  29.778 0.1000000015
97565  36.918  20.518  29.104 0.1000000015
96895  35.919  19.000  27.803 0.1000000015
95305  35.482  17.550  27.553 0.1000000015
135608  36.217  16.063  28.224 0.1000000015
93492  36.525  15.278  28.837 0.1000000015
128987  36.247  14.534  29.386 0.1000000015
99890  48.635  23.376  14.974 0.4000000060
98349  44.961  22.112  16.984 0.3000000119
98351  43.874  21.393  17.522 0.3000000119
99880  47.744  23.243  16.120 0.4000000060
99074  46.946  22.964  16.185 0.4000000060
128591  43.362  20.948  17.954 0.3000000119
97641  42.598  20.251  18.950 0.3000000119
145688  50.107  15.154  29.236 0.1000000015
91796  50.546  14.270  29.792 0.1000000015
90857  49.189  12.647  30.426 0.1000000015
89933  46.775  11.712  30.140 0.1000000015
90840  44.406  12.357  31.162 0.1000000015
90821  42.588  12.275  32.383 0.1000000015
89907  40.572  11.860  33.124 0.1000000015
90807  39.183  11.851  32.869 0.1000000015
99909  50.878  23.607  13.092 0.5000000000
149178  51.078  23.538  14.667 0.5000000000
99889  49.294  23.505  15.669 0.4000000060
127691  48.025  23.454  16.912 0.5000000000
99067  45.667  22.692  17.345 0.3000000119
98350  44.462  21.889  17.416 0.3000000119
124560  45.112  15.203  24.935 0.2000000030
137703  46.821  14.998  26.627 0.2000000030
92680  47.927  15.198  27.286 0.2000000030
91783  49.683  13.561  30.676 0.1000000015
90838  46.700  12.117  31.044 0.1000000015
90839  45.488  12.256  31.007 0.1000000015
90820  44.212  12.483  32.182 0.1000000015
99908  52.650  23.660  12.658 0.6000000238
99066  46.430  23.141  17.385 0.4000000060
142511  44.683  22.513  18.351 0.4000000060
98342  43.623  21.571  18.334 0.4000000060
96924  41.988  19.124  20.462 0.2000000030
95341  42.210  17.351  21.438 0.2000000030
93581  42.362  15.995  23.134 0.2000000030
127487  44.027  15.311  24.033 0.2000000030
92689  45.442  15.084  25.742 0.2000000030
126945  46.638  14.781  27.297 0.2000000030
92671  47.607  14.726  28.299 0.2000000030
92641  49.480  14.220  30.264 0.2000000030
90837  49.061  12.737  31.180 0.1000000015
100716  53.436  24.720  10.972 0.5000000000
100717  53.201  24.147  11.048 0.5000000000
97624  41.769  19.822  20.708 0.2000000030
96165  41.894  18.506  20.911 0.2000000030
95332  41.985  16.880  22.089 0.2000000030
93572  42.864  15.621  23.564 0.2000000030
124921  44.181  15.242  24.751 0.3000000119
92681  45.818  14.851  26.577 0.2000000030
92672  45.631  14.586  27.392 0.2000000030
96162  41.318  18.560  21.671 0.2000000030
95333  41.275  17.207  22.788 0.3000000119
94468  41.922  16.498  22.726 0.3000000119
93560  43.136  15.350  24.419 0.3000000119
101448  52.956  25.392  11.070 0.5000000000
102188  51.745  27.114  10.708 0.5000000000
102857  51.803  27.983  11.148 0.5000000000
102182  52.267  27.367  11.904 0.6000000238
102856  52.098  27.468  11.277 0.5000000000
101440  53.242  25.379  12.574 0.6000000238
131516  52.311  26.166  13.471 0.6999999881
102178  52.304  26.729  12.655 0.6000000238
102850  52.122  28.306  11.812 0.5000000000
102851  51.686  28.491  11.780 0.5000000000
102852  50.417  28.067  12.010 0.5000000000
137835  52.143  27.338  13.597 0.6000000238
130647  46.002  25.322  13.720 0.3000000119
101432  46.264  25.765  14.383 0.4000000060
101426  42.812  24.971  16.019 0.3000000119
102844  52.317  28.387  12.668 0.6000000238
103494  52.155  28.974  12.395 0.6000000238
103495  51.257  28.888  12.463 0.5000000000
102179  48.371  26.756  13.160 0.5000000000
101423  45.194  25.734  15.340 0.4000000060
101424  44.391  25.435  15.557 0.4000000060
101414  44.022  25.742  16.297 0.4000000060
102168  45.552  26.409  15.823 0.4000000060
102169  44.799  26.055  16.120 0.4000000060
102834  46.520  27.491  15.803 0.4000000060
102835  45.831  27.175  16.157 0.4000000060
102161  45.089  26.854  16.463 0.4000000060
102833  47.223  27.737  15.414 0.4000000060
103481  46.826  28.254  16.023 0.4000000060
102826  46.071  28.019  16.364 0.4000000060
103472  47.179  28.993  16.228 0.4000000060
141028  48.247  29.662  16.258 0.4000000060
104128  47.947  29.150  15.957 0.4000000060
132108  48.028  30.190  16.630 0.4000000060
104775  48.567  30.598  17.011 0.4000000060
104774  49.475  30.412  17.091 0.5000000000
104767  49.048  31.011  17.384 0.5000000000
105451  49.491  31.608  17.636 0.5000000000
100553  36.329  24.370  31.533 0.1000000015
100534  36.763  23.834  32.301 0.1000000015
99725  36.561  23.161  32.557 0.1000000015
98969  36.385  22.430  32.022 0.1000000015
98241  36.915  21.931  31.442 0.1000000015
98260  36.617  21.455  30.651 0.1000000015
98240  37.787  22.059  31.421 0.1000000015
98259  37.554  21.574  30.664 0.1000000015
98274  37.232  21.097  29.875 0.1000000015
96885  37.401  19.272  28.167 0.1000000015
95303  36.823  17.806  27.705 0.1000000015
94419  36.791  16.854  27.915 0.1000000015
96127  38.933  18.285  28.367 0.1000000015
134167  38.188  17.866  28.120 0.1000000015
93506  37.103  16.018  28.436 0.1000000015
140812  38.430  16.563  28.671 0.1000000015
93505  37.825  16.054  28.698 0.1000000015
92646  37.090  14.698  29.498 0.1000000015
92635  36.700  14.005  30.005 0.1000000015
92633  38.393  14.339  30.525 0.1000000015
91768  37.118  13.431  30.774 0.1000000015
91757  39.970  13.404  32.516 0.1000000015
91758  39.220  13.141  32.272 0.1000000015
91759  38.362  12.819  32.086 0.1000000015
90794  41.493  12.445  33.462 0.1000000015
90795  40.803  12.271  33.379 0.1000000015
91751  39.665  12.522  32.876 0.1000000015
125587  50.267  23.546  15.155 0.5000000000
90817  47.839  12.481  32.177 0.1000000015
90819  45.277  12.421  31.939 0.1000000015
144332  43.380  12.434  32.534 0.1000000015
99878  49.457  23.578  16.628 0.4000000060
99868  46.908  23.470  17.910 0.4000000060
134544  43.289  21.676  19.113 0.4000000060
97633  42.375  20.446  19.775 0.3000000119
91784  49.076  13.624  31.027 0.2000000030
125677  48.870  13.048  32.354 0.2000000030
90800  47.699  12.723  33.129 0.2000000030
143117  53.637  23.893  11.698 0.6000000238
99879  48.623  23.477  16.403 0.4000000060
99858  45.687  23.263  18.680 0.4000000060
129493  44.053  22.311  18.867 0.4000000060
146243  42.482  21.116  20.057 0.3000000119
97621  41.537  20.098  21.350 0.3000000119
93543  44.495  15.098  25.569 0.3000000119
144608  45.042  14.684  26.949 0.2000000030
132066  48.026  14.457  29.373 0.2000000030
145539  47.710  13.878  30.941 0.2000000030
91765  48.696  13.364  31.957 0.2000000030
99918  54.108  24.357  11.616 0.6000000238
125116  50.255  23.553  16.074 0.6000000238
146251  48.770  23.640  17.347 0.5000000000
147917  40.890  18.935  22.298 0.3000000119
94457  41.599  16.422  23.424 0.3000000119
94448  42.120  15.749  24.018 0.3000000119
93529  43.906  14.940  26.234 0.3000000119
92673  44.756  14.508  27.588 0.2000000030
92642  46.533  14.293  28.944 0.2000000030
91756  47.588  13.749  32.370 0.2000000030
99907  54.448  23.877  12.245 0.6000000238
126572  54.641  24.230  12.212 0.6000000238
143305  53.780  24.902  11.308 0.5000000000
145112  52.319  26.464  11.463 0.5000000000
101447  54.161  24.736  11.882 0.6000000238
134337  52.741  25.711  11.873 0.5000000000
101439  54.669  24.553  12.816 0.6000000238
124357  55.423  23.755  17.457 0.6999999881
101431  53.038  25.384  13.835 0.6999999881
141927  55.433  23.774  16.697 0.6999999881
101430  54.586  24.660  13.882 0.6999999881
101421  53.456  25.074  14.864 0.6999999881
102172  51.950  26.329  14.412 0.6999999881
102845  49.881  28.205  12.876 0.6000000238
102846  48.833  27.471  13.415 0.5000000000
102173  47.408  26.460  14.102 0.5000000000
102174  46.756  26.411  14.698 0.4000000060
102175  45.952  26.069  15.070 0.4000000060
101422  52.104  25.739  15.130 0.6999999881
102166  51.659  26.464  15.409 0.8000000119
137579  51.985  27.417  14.644 0.8000000119
103489  52.289  29.096  13.102 0.6999999881
103491  50.628  29.020  13.277 0.6000000238
103492  49.409  28.328  13.755 0.6000000238
102847  48.050  26.914  13.856 0.5000000000
102167  46.267  26.750  15.500 0.4000000060
102839  48.450  27.690  14.235 0.6000000238
102840  47.536  27.164  14.665 0.5000000000
102841  46.879  27.079  15.250 0.4000000060
103480  47.581  28.488  15.662 0.4000000060
104127  48.812  29.420  15.768 0.4000000060
104109  49.000  29.969  16.456 0.5000000000
104765  50.893  30.709  17.754 0.6999999881
104773  50.505  30.222  17.190 0.6999999881
104766  49.889  30.871  17.556 0.6000000238
104756  51.473  30.909  18.122 0.6999999881
98945  37.655  22.817  32.752 0.1000000015
98258  38.568  21.748  30.654 0.1000000015
98272  39.092  21.250  29.853 0.1000000015
97580  37.645  20.075  28.647 0.1000000015
96871  39.774  20.004  28.928 0.1000000015
135760  39.288  18.941  28.482 0.1000000015
95293  39.503  17.649  28.702 0.1000000015
95292  40.242  17.907  29.016 0.1000000015
94417  39.215  16.885  28.890 0.1000000015
94409  38.967  16.284  29.160 0.1000000015
93490  38.395  15.727  29.255 0.1000000015
93482  39.725  15.464  30.421 0.1000000015
93483  38.817  15.146  30.061 0.1000000015
149664  40.460  15.596  30.854 0.1000000015
92625  39.611  13.977  31.699 0.1000000015
92626  38.804  13.736  31.406 0.1000000015
92620  40.691  13.777  32.639 0.1000000015
90803  44.001  12.568  33.183 0.1000000015
140462  42.480  12.769  33.573 0.1000000015
146705  46.966  12.650  33.385 0.2000000030
124931  53.264  23.568  13.363 0.6000000238
125115  51.625  23.563  13.792 0.6000000238
99897  52.170  23.510  14.478 0.6000000238
99845  45.676  23.461  19.408 0.4000000060
99054  43.595  22.231  19.610 0.3000000119
97623  42.070  20.684  20.674 0.3000000119
90799  48.146  13.034  33.494 0.2000000030
90790  47.498  12.877  33.780 0.2000000030
125118  50.184  23.582  16.826 0.6000000238
99855  48.469  23.794  18.302 0.5000000000
99856  47.538  23.763  18.584 0.4000000060
99846  45.023  23.298  19.772 0.4000000060
98327  42.903  22.072  20.835 0.4000000060
98325  42.376  21.523  21.258 0.3000000119
138734  40.999  19.565  22.643 0.3000000119
95327  40.681  17.962  23.345 0.3000000119
93545  42.675  15.318  25.397 0.3000000119
92683  44.275  14.718  26.962 0.2000000030
92661  45.434  14.362  28.189 0.2000000030
92643  45.261  14.193  29.047 0.2000000030
91766  46.860  13.978  31.221 0.2000000030
125117  51.370  23.504  15.466 0.6000000238
125119  51.199  23.495  16.606 0.6000000238
126167  50.034  23.728  17.943 0.6000000238
99844  46.408  23.801  19.848 0.4000000060
99832  44.789  23.278  20.361 0.4000000060
97620  41.811  20.894  21.679 0.3000000119
96917  40.701  18.834  23.016 0.3000000119
95322  40.818  17.102  24.666 0.3000000119
93546  41.860  15.714  25.511 0.2000000030
93530  43.426  14.934  26.976 0.2000000030
92662  44.526  14.394  28.379 0.2000000030
92629  45.424  14.236  30.547 0.2000000030
99896  53.660  23.489  14.232 0.6999999881
99887  54.053  23.404  15.236 0.6000000238
127854  52.531  23.366  16.905 0.6000000238
99864  51.504  23.504  17.505 0.6000000238
126168  50.786  23.673  18.113 0.6000000238
99842  48.315  24.003  19.313 0.5000000000
99040  43.671  22.552  22.147 0.4000000060
97615  42.005  20.793  23.519 0.4000000060
96156  40.635  18.700  23.979 0.3000000119
139937  40.884  17.156  25.547 0.2000000030
93531  42.568  15.395  26.896 0.2000000030
92674  43.907  14.627  27.724 0.2000000030
92663  43.739  14.660  28.558 0.2000000030
92630  44.430  14.571  30.146 0.2000000030
99906  55.221  23.930  13.608 0.6999999881
99876  53.807  23.295  16.333 0.6000000238
99863  52.700  23.327  17.765 0.6999999881
99852  51.718  23.511  18.206 0.6000000238
98321  43.080  22.038  22.605 0.4000000060
99895  55.360  23.957  14.333 0.6999999881
124393  55.325  23.878  15.803 0.6999999881
141568  53.901  23.226  17.167 0.6999999881
124402  54.181  23.195  18.009 0.6999999881
124382  52.791  23.317  18.749 0.6999999881
124338  54.982  24.450  14.702 0.6999999881
124337  55.377  23.647  16.648 0.6999999881
124465  55.479  23.301  18.253 0.6999999881
124396  55.277  24.132  15.714 0.6999999881
124334  55.512  24.141  17.981 0.6999999881
141617  53.979  24.687  15.820 0.6999999881
124448  54.786  24.402  16.817 0.6999999881
100640  53.833  24.687  17.833 0.6999999881
101398  52.950  25.037  16.943 0.8000000119
101412  52.411  25.348  15.911 0.6999999881
146226  51.651  25.896  15.917 0.8000000119
103490  51.827  29.269  13.050 0.6999999881
102140  51.512  26.414  18.961 0.8000000119
139356  51.466  26.250  17.126 0.8000000119
102825  51.836  27.535  15.560 0.8000000119
102838  52.464  28.747  13.863 0.6999999881
103484  51.224  29.327  13.729 0.6000000238
103485  50.066  29.100  14.127 0.6000000238
103486  48.929  28.530  14.563 0.5000000000
103487  47.999  28.054  14.977 0.5000000000
102149  51.454  26.525  17.899 0.8000000119
137819  51.496  26.600  16.329 0.8000000119
147013  52.480  28.682  15.593 0.8000000119
103483  52.089  29.337  13.871 0.8000000119
103479  48.432  28.788  15.330 0.4000000060
102807  51.656  27.429  18.497 0.8000000119
129233  51.765  27.707  17.467 0.8000000119
103471  52.672  29.030  16.075 0.8000000119
103477  52.522  29.106  15.218 0.8000000119
104131  52.032  29.384  14.826 0.8000000119
104132  50.954  29.427  14.620 0.8000000119
103478  49.490  29.226  14.990 0.5000000000
103458  52.602  28.749  16.932 0.8000000119
104124  52.168  29.304  15.679 0.8000000119
104125  51.172  29.560  15.572 0.6999999881
104126  49.959  29.549  15.680 0.6000000238
102806  52.457  28.397  17.958 0.8000000119
104106  52.328  29.306  16.516 0.8000000119
104107  51.365  29.700  16.455 0.6999999881
104108  50.197  29.846  16.501 0.6000000238
103457  52.998  29.030  17.359 0.8000000119
104095  51.622  29.925  17.202 0.6999999881
98271  40.012  21.190  29.740 0.1000000015
96870  40.504  19.544  29.105 0.1000000015
96882  39.833  19.233  28.704 0.1000000015
96116  40.410  18.703  28.979 0.1000000015
95282  41.341  18.100  29.971 0.1000000015
95283  40.685  17.443  29.697 0.1000000015
93481  40.378  16.128  30.358 0.1000000015
134895  41.589  15.924  31.559 0.1000000015
94398  41.077  16.167  30.887 0.1000000015
93457  43.071  14.967  33.492 0.1000000015
92618  42.242  14.870  32.858 0.1000000015
93475  41.528  15.164  32.099 0.1000000015
91733  44.403  13.877  34.609 0.2000000030
92611  43.294  14.006  34.089 0.1000000015
92613  41.958  13.831  33.382 0.1000000015
91732  45.494  13.617  34.857 0.2000000030
90792  44.892  12.759  33.827 0.1000000015
91743  42.583  13.415  33.784 0.1000000015
91740  47.047  13.139  34.329 0.2000000030
91741  45.855  13.097  34.426 0.2000000030
91739  47.739  13.226  33.850 0.2000000030
99843  47.260  23.936  19.501 0.5000000000
134848  47.037  24.031  20.262 0.5000000000
99831  45.572  23.593  20.370 0.5000000000
92622  45.982  14.285  31.517 0.2000000030
99853  50.025  23.868  18.743 0.6999999881
99830  46.460  23.886  20.752 0.5000000000
99043  43.542  22.615  21.235 0.4000000060
96915  41.085  19.472  24.414 0.2000000030
95317  40.622  17.959  25.054 0.2000000030
94436  41.337  16.412  26.002 0.2000000030
93518  43.044  15.057  27.867 0.2000000030
93503  43.200  15.223  28.785 0.2000000030
132731  51.235  23.668  18.897 0.6999999881
99840  50.559  23.913  19.841 0.6000000238
132753  48.732  24.113  20.284 0.6999999881
99042  44.324  23.012  21.667 0.4000000060
97611  41.501  20.175  23.976 0.3000000119
96149  40.966  18.610  25.581 0.2000000030
95316  40.844  17.893  25.830 0.2000000030
93520  41.988  15.923  27.095 0.2000000030
99838  53.667  23.180  19.735 0.6999999881
99839  51.972  23.540  19.728 0.6000000238
99827  49.635  24.048  20.498 0.6999999881
99828  48.252  24.039  21.152 0.6999999881
99829  47.300  24.053  20.994 0.6999999881
99810  45.208  23.250  22.011 0.5000000000
124335  55.937  23.128  19.180 0.6999999881
132732  51.420  23.701  20.495 0.6999999881
99817  49.671  23.863  21.351 0.8000000119
124336  55.949  24.001  19.034 0.6999999881
124406  56.230  23.498  19.477 0.8000000119
99824  54.766  22.903  20.555 0.8000000119
99825  52.858  23.312  20.700 0.8000000119
100623  55.978  23.981  19.985 0.8000000119
124459  55.891  22.975  20.518 0.8000000119
100635  54.390  24.568  18.663 0.8000000119
132517  55.405  24.210  20.818 0.8000000119
101384  53.520  24.835  19.431 0.8000000119
101392  51.871  25.608  18.411 0.8000000119
101377  52.838  25.190  20.245 0.8000000119
96869  41.333  19.928  29.572 0.1000000015
96863  42.223  19.765  30.195 0.1000000015
148467  41.943  18.270  30.450 0.1000000015
95276  41.237  17.367  30.256 0.1000000015
95267  42.635  17.573  31.643 0.1000000015
94397  41.656  16.537  31.222 0.1000000015
94372  43.723  16.795  33.254 0.1000000015
94386  43.213  16.627  32.783 0.1000000015
94396  42.116  16.477  31.681 0.1000000015
93441  43.920  14.889  34.201 0.2000000030
132634  45.271  15.606  34.934 0.2000000030
148118  45.238  14.053  35.071 0.2000000030
92590  46.874  14.977  35.391 0.2000000030
92602  46.130  14.256  35.282 0.2000000030
91730  47.313  13.686  34.493 0.2000000030
93454  47.365  15.277  34.871 0.2000000030
132575  47.195  14.392  34.709 0.2000000030
92610  47.569  13.649  34.016 0.2000000030
93472  45.948  14.992  32.629 0.2000000030
134175  46.610  14.324  32.539 0.2000000030
92616  47.836  13.527  33.274 0.2000000030
96144  41.219  18.355  26.330 0.2000000030
96135  41.475  18.071  26.968 0.2000000030
94427  41.929  16.509  27.554 0.2000000030
93488  42.936  15.846  29.021 0.2000000030
135953  45.359  14.784  31.706 0.2000000030
98318  43.511  21.684  23.535 0.4000000060
97610  42.247  20.557  24.387 0.3000000119
95312  41.161  17.373  26.454 0.2000000030
93519  42.345  15.763  27.697 0.2000000030
98319  42.555  21.409  23.068 0.4000000060
96914  41.730  19.997  24.833 0.2000000030
92631  43.707  14.847  29.408 0.2000000030
99819  47.625  23.743  21.847 0.6999999881
99826  50.541  23.839  21.031 0.6999999881
99818  48.981  23.785  21.708 0.6999999881
127856  51.610  23.572  21.235 0.6000000238
99813  55.683  22.962  21.315 0.8000000119
99814  54.570  22.893  21.385 0.8000000119
149489  54.118  22.852  22.202 0.8000000119
100620  55.849  23.430  20.878 0.8000000119
99812  55.623  23.273  22.212 0.8000000119
96854  43.087  18.924  31.194 0.1000000015
96102  42.846  18.278  31.423 0.1000000015
95266  43.214  17.862  32.057 0.1000000015
95252  43.600  17.400  32.764 0.1000000015
94371  44.292  16.581  33.799 0.1000000015
94359  45.966  15.985  35.299 0.2000000030
94360  45.095  16.380  34.565 0.2000000030
93438  47.213  15.255  35.200 0.2000000030
93467  46.586  15.091  33.416 0.2000000030
93487  43.328  15.617  29.467 0.2000000030
93479  44.488  15.225  30.982 0.2000000030
94407  42.714  16.453  28.862 0.2000000030
93480  43.794  15.370  30.148 0.2000000030
99038  45.660  22.750  22.838 0.5000000000
96143  41.737  18.850  26.843 0.2000000030
95301  42.135  17.318  28.013 0.2000000030
95291  42.603  17.205  28.671 0.2000000030
99039  44.610  22.649  22.687 0.4000000060
96134  42.072  18.294  27.610 0.2000000030
99808  47.145  23.137  22.616 0.6999999881
99809  46.140  23.311  22.255 0.6000000238
128941  48.352  23.682  21.977 0.6999999881
148502  50.204  23.663  21.685 0.8000000119
99803  53.108  22.845  22.729 0.8000000119
99802  55.289  22.888  22.174 0.8000000119
135467  54.615  22.667  22.947 0.8000000119
94369  47.482  15.997  34.567 0.2000000030
93437  47.526  15.930  35.195 0.2000000030
94384  46.831  16.341  33.437 0.2000000030
94370  47.022  15.522  33.898 0.2000000030
94394  45.320  16.487  31.883 0.2000000030
94402  43.521  16.307  29.961 0.2000000030
95273  43.854  16.983  30.247 0.3000000119
94395  44.625  16.269  31.280 0.2000000030
99030  44.441  21.971  23.549 0.4000000060
97609  43.113  20.673  24.771 0.4000000060
96906  41.949  19.806  25.665 0.3000000119
99036  47.941  22.355  23.400 0.6999999881
99028  46.325  22.057  23.623 0.6999999881
98317  44.305  21.425  24.159 0.4000000060
97602  42.495  20.291  25.210 0.4000000060
99807  48.098  23.148  22.638 0.6999999881
99816  50.993  23.348  22.179 0.8000000119
99804  51.972  22.991  22.685 0.8000000119
104731  47.329  30.799  20.648 0.6000000238
95263  46.307  17.740  32.152 0.2000000030
95249  46.917  17.213  33.041 0.2000000030
95250  46.068  16.852  32.479 0.2000000030
95271  45.124  17.836  31.111 0.2000000030
95265  44.947  17.076  31.378 0.3000000119
95279  44.094  17.757  30.054 0.3000000119
99035  48.728  22.316  23.529 0.6999999881
148413  48.384  21.838  23.896 0.6999999881
99037  47.178  22.190  23.524 0.6999999881
95290  43.116  17.731  29.033 0.2000000030
98316  45.145  21.317  24.335 0.5000000000
96900  42.157  19.589  26.486 0.3000000119
99029  45.375  22.052  23.596 0.5000000000
98310  43.735  21.117  24.417 0.5000000000
99034  49.526  22.561  23.405 0.6999999881
99806  48.900  23.200  22.577 0.6999999881
99805  49.782  23.368  22.307 0.6999999881
141733  51.258  22.693  23.356 0.8000000119
145592  48.583  31.271  20.548 0.8000000119
105417  47.900  31.389  20.425 0.6999999881
106101  47.670  32.109  20.035 0.6999999881
96100  45.862  18.201  31.423 0.2000000030
96107  44.740  18.192  30.451 0.2000000030
95272  44.455  17.219  30.743 0.3000000119
96114  43.709  18.158  29.427 0.3000000119
130926  46.111  21.315  24.425 0.6000000238
96124  43.303  18.522  28.765 0.2000000030
98315  47.109  21.433  24.460 0.5000000000
98309  44.664  20.883  24.783 0.5000000000
97601  43.287  20.483  25.568 0.5000000000
96899  42.845  19.982  26.890 0.2000000030
96894  42.412  19.280  27.302 0.2000000030
96125  42.631  18.036  28.417 0.2000000030
106113  48.251  32.754  19.783 0.6000000238
96868  44.676  19.291  29.444 0.2000000030
96112  45.095  18.930  30.097 0.2000000030
96106  45.493  18.571  30.738 0.2000000030
127727  49.278  22.045  24.054 0.6999999881
99027  47.964  21.631  24.199 0.6999999881
97594  44.056  20.731  26.746 0.3000000119
97577  43.856  20.044  28.028 0.2000000030
96113  44.387  18.552  29.763 0.2000000030
98307  46.613  21.041  24.904 0.5000000000
97600  44.002  20.693  25.894 0.3000000119
97592  43.566  20.298  27.241 0.2000000030
96880  43.549  19.307  28.423 0.3000000119
98308  45.642  20.843  24.954 0.4000000060
98298  44.695  20.821  25.348 0.4000000060
96893  43.162  19.668  27.665 0.3000000119
96881  42.804  18.901  28.089 0.3000000119
98292  44.566  21.048  26.201 0.3000000119
96878  44.999  19.989  29.058 0.2000000030
99801  55.429  22.896  23.182 0.8000000119
98314  47.701  21.409  24.740 0.6000000238
137469  47.219  21.169  24.967 0.6999999881
98289  44.622  21.165  27.090 0.3000000119
99026  48.622  21.802  24.309 0.6999999881
97591  44.258  20.619  27.566 0.3000000119
99024  50.696  22.444  24.055 0.8000000119
98297  45.213  21.168  25.545 0.5000000000
97576  44.581  20.361  28.336 0.3000000119
98291  45.020  21.592  26.538 0.4000000060
98305  48.118  21.587  24.639 0.6999999881
97575  45.324  20.693  28.634 0.3000000119
97590  44.917  21.003  27.898 0.3000000119
99025  49.911  22.251  24.025 0.8000000119
98306  47.775  21.486  24.909 0.6999999881
127012  46.321  21.194  25.207 0.6000000238
98998  45.566  21.972  25.973 0.5000000000
98288  45.210  21.648  27.446 0.4000000060
98282  45.593  21.449  28.245 0.4000000060
97559  46.607  20.642  29.571 0.3000000119
97558  47.472  20.977  29.755 0.3000000119
128350  49.308  22.225  24.333 0.8000000119
97574  46.081  21.093  28.947 0.4000000060
98287  45.842  22.213  27.805 0.5000000000
98270  46.927  21.493  29.192 0.3000000119
98296  47.089  21.712  25.255 0.6999999881
98995  45.457  22.314  26.919 0.6000000238
141001  49.810  22.631  24.498 0.8000000119
98281  46.380  21.911  28.547 0.4000000060
98985  47.146  22.392  28.872 0.3000000119
99015  48.463  21.885  24.735 0.6999999881
129334  45.635  21.059  4.813 0.1000000015
98431  45.821  21.718  4.338 0.1000000015
101497  45.371  25.623  8.483 0.2000000030
125793  45.903  19.877  4.606 0.1000000015
102224  45.913  26.056  6.777 0.2000000030
101537  47.159  25.631  3.475 0.2000000030
102242  46.535  26.226  5.150 0.2000000030
99163  46.504  23.480  3.049 0.1000000015
100621  55.321  24.100  21.639 0.8000000119
100624  54.412  24.578  20.187 0.8000000119
101385  52.122  25.503  19.417 0.8000000119
134326  52.701  29.082  16.782 0.8000000119
93676  48.954  15.670  11.138 0.1000000015
94611  45.657  16.172  8.815 0.1000000015
147024  46.087  15.505  14.882 0.1000000015
132968  47.518  15.466  14.017 0.1000000015
93668  47.242  15.362  12.473 0.1000000015
94592  45.032  16.547  10.495 0.1000000015
93711  45.877  15.693  9.534 0.1000000015
95493  45.892  17.955  5.810 0.1000000015
97023  46.309  19.775  3.917 0.1000000015
97738  45.921  20.605  2.484 0.1000000015
94520  45.221  16.607  17.463 0.1000000015
131946  45.414  16.246  16.747 0.1000000015
96198  43.735  18.619  15.161 0.1000000015
94545  44.416  16.525  15.199 0.1000000015
96209  44.288  18.193  13.551 0.1000000015
95458  44.828  17.078  9.967 0.1000000015
96971  44.513  19.601  13.309 0.1000000015
97676  45.284  20.718  12.289 0.1000000015
136689  44.407  18.160  12.846 0.1000000015
98398  45.719  21.236  10.965 0.1000000015
96982  44.902  19.954  11.084 0.1000000015
98403  46.200  21.803  9.770 0.2000000030
97696  45.349  20.477  9.511 0.1000000015
98426  45.556  21.480  5.418 0.1000000015
140705  42.414  18.306  5.702 0.1000000015
97009  42.536  19.330  7.033 0.1000000015
99998  46.006  23.785  1.211 0.1000000015
98442  44.516  21.746  1.300 0.1000000015
99184  45.044  22.325  0.786 0.1000000015
99929  48.690  23.366  11.304 0.3000000119
100755  51.515  24.833  7.129 0.3000000119
101508  46.230  25.912  7.894 0.2000000030
101526  49.373  25.529  4.347 0.2000000030
99942  38.584  23.910  10.106 0.1000000015
128808  43.781  25.278  9.330 0.2000000030
100742  39.648  24.732  8.692 0.1000000015
126403  43.633  25.497  8.512 0.2000000030
101502  40.304  25.244  8.331 0.1000000015
99984  47.063  24.630  2.991 0.2000000030
101520  43.591  25.393  6.436 0.2000000030
101509  45.151  25.802  7.508 0.2000000030
99959  42.077  23.868  7.966 0.1000000015
98432  43.500  21.226  4.265 0.1000000015
100794  45.154  24.808  2.746 0.1000000015
99177  44.732  22.767  1.406 0.1000000015
99171  43.678  21.887  3.665 0.1000000015
132142  43.776  22.850  3.612 0.1000000015
98364  45.505  21.915  15.602 0.3000000119
101493  52.104  24.978  8.156 0.3000000119
131554  38.472  24.635  12.233 0.1000000015
100726  37.430  24.169  11.562 0.1000000015
100710  39.214  24.787  11.839 0.1000000015
100712  36.926  24.184  12.138 0.1000000015
102222  47.801  26.415  6.933 0.2000000030
101460  41.013  25.245  10.471 0.2000000030
101461  39.887  25.290  10.559 0.1000000015
100736  38.511  24.801  10.152 0.1000000015
128084  40.239  25.551  8.904 0.2000000030
101528  47.510  26.080  4.002 0.2000000030
102241  47.692  26.358  4.883 0.2000000030
148084  46.137  26.190  6.023 0.2000000030
102223  46.814  26.235  7.072 0.2000000030
99976  42.986  24.528  6.511 0.2000000030
101538  45.975  25.742  3.900 0.2000000030
124589  45.489  25.990  5.867 0.2000000030
126248  46.599  26.030  4.215 0.2000000030
100777  44.119  25.093  4.933 0.2000000030
101544  45.583  25.316  3.222 0.2000000030
100786  44.279  24.349  3.471 0.1000000015
125582  43.902  24.455  4.482 0.1000000015
101479  52.288  25.023  8.814 0.3000000119
101466  52.568  25.073  9.633 0.4000000060
100731  52.790  24.663  10.257 0.5000000000
98264  33.020  21.366  30.470 0.1000000015
147866  33.359  20.584  29.195 0.1000000015
96888  34.501  19.654  28.128 0.1000000015
96897  33.842  19.027  27.753 0.1000000015
99075  46.361  22.822  16.672 0.3000000119
102187  52.233  26.251  10.905 0.5000000000
99752  33.856  23.594  30.905 0.1000000015
98244  34.312  21.791  31.211 0.1000000015
98277  34.586  21.022  29.832 0.1000000015
97567  34.850  20.623  29.199 0.1000000015
96137  35.150  18.493  27.578 0.1000000015
96138  34.197  18.419  27.568 0.1000000015
94431  34.088  16.912  27.606 0.1000000015
94429  35.846  16.784  27.765 0.1000000015
140591  34.820  15.497  28.359 0.1000000015
94465  44.676  15.992  21.999 0.2000000030
96933  42.432  19.563  19.473 0.2000000030
96161  42.384  17.830  20.835 0.2000000030
94467  42.624  16.298  22.376 0.2000000030
93541  47.107  15.364  25.410 0.2000000030
93517  49.381  15.651  27.623 0.1000000015
93502  50.814  15.385  29.079 0.1000000015
132224  49.326  12.689  29.721 0.1000000015
91782  50.000  13.664  30.480 0.1000000015
89935  44.674  12.052  30.242 0.1000000015
89934  45.715  11.860  30.152 0.1000000015
89936  43.681  12.192  30.405 0.1000000015
90841  41.815  11.967  31.112 0.1000000015
141337  42.655  12.132  30.509 0.1000000015
140780  40.520  11.572  32.610 0.1000000015
89906  41.132  11.771  32.830 0.1000000015
144899  42.416  12.193  31.516 0.1000000015
89938  41.197  11.737  30.581 0.1000000015
93571  43.610  15.497  23.490 0.2000000030
93528  46.422  15.131  25.946 0.2000000030
101425  43.594  25.179  15.766 0.3000000119
98974  31.461  22.539  31.640 0.1000000015
98248  29.834  20.956  31.800 0.1000000015
100568  34.602  24.289  30.569 0.1000000015
145852  34.884  22.878  31.821 0.1000000015
98242  36.022  21.852  31.435 0.1000000015
98947  36.078  22.876  32.331 0.1000000015
97566  35.694  20.574  29.178 0.1000000015
97581  36.198  20.152  28.648 0.1000000015
134529  36.935  19.941  28.500 0.1000000015
97564  37.855  20.658  29.278 0.1000000015
96136  36.066  18.171  27.592 0.1000000015
96886  36.500  19.475  28.153 0.1000000015
97640  43.011  20.978  18.594 0.3000000119
92660  49.189  14.790  29.261 0.2000000030
92640  50.175  14.066  30.289 0.1000000015
90858  48.345  12.144  30.322 0.1000000015
130267  48.058  12.159  31.080 0.1000000015
146740  43.311  12.364  31.489 0.1000000015
90805  41.852  12.215  33.092 0.1000000015
89899  41.142  12.042  33.276 0.1000000015
90806  40.074  12.083  33.219 0.1000000015
125464  39.810  11.611  32.754 0.1000000015
99869  46.070  23.227  18.043 0.4000000060
90818  46.409  12.357  31.854 0.1000000015
125710  48.882  12.870  32.057 0.1000000015
126674  46.298  14.515  27.967 0.2000000030
141254  47.788  14.139  30.136 0.2000000030
91764  49.092  13.179  31.415 0.2000000030
93544  43.554  15.155  25.422 0.3000000119
135726  42.266  15.527  24.807 0.3000000119
130279  44.218  26.585  16.729 0.4000000060
102827  45.312  27.727  16.651 0.4000000060
104110  47.558  29.652  16.402 0.4000000060
98946  36.809  22.821  32.542 0.1000000015
98968  37.210  22.418  32.113 0.1000000015
98239  38.568  22.265  31.516 0.1000000015
98273  38.169  21.206  29.923 0.1000000015
96128  37.497  18.297  27.897 0.1000000015
137097  38.183  18.715  28.182 0.1000000015
137435  38.257  19.503  28.441 0.1000000015
95295  37.524  17.431  27.977 0.1000000015
94418  37.641  16.662  28.297 0.1000000015
96126  39.742  18.450  28.643 0.1000000015
93491  37.489  15.432  29.048 0.1000000015
92634  37.538  14.161  30.244 0.1000000015
92645  37.959  14.904  29.734 0.1000000015
91767  37.957  13.550  31.088 0.1000000015
92632  39.251  14.578  30.863 0.1000000015
146736  40.256  14.126  31.993 0.1000000015
91750  40.496  12.820  33.178 0.1000000015
91745  41.137  12.733  33.439 0.1000000015
91744  41.774  13.010  33.607 0.1000000015
90801  46.356  12.502  32.762 0.1000000015
90802  45.116  12.553  32.946 0.1000000015
90804  42.931  12.509  33.193 0.1000000015
99867  47.810  23.586  17.674 0.5000000000
90816  48.577  13.030  32.933 0.2000000030
99060  44.926  22.997  18.985 0.4000000060
144287  46.216  14.096  30.025 0.2000000030
94449  41.343  16.371  24.274 0.3000000119
128398  43.054  15.140  26.165 0.2000000030
91748  48.186  13.092  33.402 0.2000000030
100676  55.269  24.150  13.784 0.6000000238
102832  52.476  28.677  14.887 0.8000000119
97562  39.512  20.668  29.348 0.1000000015
97563  38.699  20.720  29.360 0.1000000015
97578  39.115  20.276  28.967 0.1000000015
97561  40.376  20.422  29.347 0.1000000015
143814  40.233  16.673  29.821 0.1000000015
94408  39.568  16.484  29.446 0.1000000015
93489  39.229  15.846  29.677 0.1000000015
93477  40.140  14.841  31.306 0.1000000015
93476  40.936  15.394  31.428 0.1000000015
92624  40.825  14.611  32.000 0.1000000015
91749  41.232  13.375  33.254 0.1000000015
90791  46.256  12.704  33.737 0.1000000015
90793  43.697  12.843  33.733 0.1000000015
99888  52.670  23.445  15.102 0.6000000238
99053  44.301  22.808  19.811 0.4000000060
99865  50.517  23.602  17.400 0.6000000238
134361  49.087  23.907  18.801 0.6000000238
98324  42.913  22.156  21.704 0.3000000119
97616  41.372  20.251  23.072 0.3000000119
94442  41.253  16.370  25.124 0.3000000119
140518  45.038  14.170  29.742 0.2000000030
99822  44.943  23.410  21.103 0.4000000060
98322  42.360  21.555  22.152 0.4000000060
139197  40.966  19.542  23.518 0.3000000119
92623  44.963  14.517  30.967 0.2000000030
124428  54.915  23.670  14.161 0.6999999881
124418  54.935  23.501  15.966 0.6000000238
99841  49.375  24.030  19.570 0.6999999881
99031  43.812  22.305  22.938 0.4000000060
141567  54.744  23.024  18.916 0.6999999881
148927  55.439  24.285  18.748 0.8000000119
101391  52.608  25.198  17.884 0.8000000119
101413  51.755  25.703  16.650 0.8000000119
142171  52.963  25.044  18.616 0.8000000119
101399  51.866  25.626  17.516 0.8000000119
102815  51.945  27.940  16.413 0.8000000119
131137  52.426  29.126  14.522 0.8000000119
98256  40.476  21.687  30.284 0.1000000015
96115  41.083  18.906  29.434 0.1000000015
96109  41.800  18.946  29.976 0.1000000015
94404  40.865  16.771  30.277 0.1000000015
94403  41.452  16.924  30.734 0.1000000015
93474  42.172  15.795  32.172 0.1000000015
92612  42.600  14.201  33.599 0.1000000015
93468  43.602  15.949  33.518 0.1000000015
93469  42.814  15.808  32.818 0.1000000015
92619  41.414  14.282  32.704 0.1000000015
91742  43.484  13.264  34.064 0.2000000030
133131  44.627  13.202  34.283 0.2000000030
131509  47.812  24.101  20.241 0.6999999881
99821  45.822  23.601  21.370 0.5000000000
96907  41.295  19.346  25.248 0.2000000030
99820  46.727  23.729  21.657 0.6999999881
127150  55.432  22.929  19.797 0.6999999881
99815  52.678  23.230  21.867 0.8000000119
95274  42.296  17.941  31.009 0.1000000015
132590  42.475  16.990  31.810 0.1000000015
95237  44.119  17.206  33.385 0.1000000015
93456  44.462  15.728  34.347 0.2000000030
93428  46.811  15.588  35.500 0.2000000030
93440  45.000  14.765  34.968 0.2000000030
92601  47.047  14.303  35.095 0.2000000030
92617  47.071  14.371  33.491 0.2000000030
94385  46.027  15.811  32.747 0.2000000030
93473  45.171  15.536  31.837 0.2000000030
94416  42.315  16.463  28.246 0.2000000030
96101  43.451  18.582  31.768 0.1000000015
96089  43.837  18.186  32.464 0.1000000015
94401  44.018  16.210  30.620 0.2000000030
97596  42.662  20.158  26.057 0.4000000060
99033  50.352  22.687  23.300 0.8000000119
97595  43.397  20.416  26.412 0.3000000119
96879  44.270  19.653  28.744 0.2000000030
125798  39.290  26.153  18.011 0.1000000015
101402  40.588  25.491  17.392 0.1000000015
101401  41.427  25.759  17.346 0.1000000015
100653  40.622  24.798  16.644 0.1000000015
148075  40.599  24.435  15.251 0.1000000015
133570  39.694  26.961  18.050 0.1000000015
102152  40.957  26.350  17.642 0.1000000015
102153  40.135  26.227  17.825 0.1000000015
100665  41.223  24.548  15.713 0.1000000015
140403  41.286  27.124  17.673 0.2000000030
101418  41.180  25.197  17.027 0.1000000015
101400  42.200  25.907  17.246 0.1000000015
100652  41.381  24.895  16.545 0.1000000015
101416  42.524  25.401  16.681 0.1000000015
100664  42.237  24.629  15.481 0.1000000015
100651  42.019  24.871  16.271 0.1000000015
102150  42.564  26.757  17.395 0.2000000030
149622  41.940  27.170  17.580 0.2000000030
101415  43.266  25.542  16.443 0.2000000030
102163  42.957  26.037  17.014 0.2000000030
102162  43.418  26.697  17.138 0.3000000119
102829  43.889  27.351  17.210 0.3000000119
103475  44.753  28.250  17.057 0.3000000119
104778  45.407  30.444  16.736 0.3000000119
124675  45.107  29.619  16.956 0.3000000119
106146  46.783  32.418  16.573 0.3000000119
105461  46.338  31.594  16.608 0.3000000119
126886  45.666  31.161  16.592 0.3000000119
133331  47.320  33.070  16.529 0.3000000119
104112  45.927  29.625  16.723 0.3000000119
103474  45.483  28.714  16.799 0.3000000119
106145  48.009  32.746  16.899 0.3000000119
105460  47.191  31.681  16.826 0.3000000119
129624  48.054  33.558  16.518 0.3000000119
142981  46.954  30.998  16.767 0.3000000119
104777  46.333  30.531  16.682 0.3000000119
103473  46.380  28.865  16.484 0.3000000119
104776  47.724  30.939  16.986 0.3000000119
135527  47.220  30.322  16.682 0.3000000119
104111  46.769  29.657  16.548 0.3000000119
137173  48.380  31.185  17.237 0.3000000119
105459  47.978  31.854  17.119 0.3000000119
106138  49.187  32.401  17.458 0.3000000119
105452  48.739  31.721  17.405 0.3000000119
99016  47.734  22.194  25.164 0.6000000238
99776  46.893  22.919  25.523 0.6000000238
107462  49.810  34.402  19.375 0.6999999881
108834  48.752  36.586  18.563 0.6000000238
108833  49.764  36.772  18.512 0.6000000238
140828  43.588  26.109  16.739 0.3000000119
102828  44.588  27.445  16.917 0.3000000119
98988  47.158  23.166  28.670 0.3000000119
99738  50.636  23.104  31.610 0.2000000030
99749  49.452  23.076  30.573 0.2000000030
99740  49.000  23.729  30.923 0.2000000030
100546  49.227  23.972  31.675 0.2000000030
99757  47.663  23.429  29.228 0.2000000030
99750  48.739  23.428  30.184 0.2000000030
100547  48.533  24.151  31.409 0.2000000030
99003  46.260  22.514  25.785 0.5000000000
98994  46.032  22.939  27.317 0.5000000000
99760  46.467  23.536  27.920 0.4000000060
99758  47.008  23.783  28.732 0.2000000030
100573  47.330  24.035  29.504 0.2000000030
100561  47.528  24.186  30.235 0.2000000030
100560  48.158  24.091  30.703 0.2000000030
99769  46.241  23.462  26.302 0.5000000000
99766  46.079  23.553  26.944 0.5000000000
100562  46.682  24.379  30.276 0.2000000030
100574  46.418  24.255  29.089 0.2000000030
100548  47.259  24.403  30.986 0.2000000030
98934  51.555  22.722  32.161 0.2000000030
99713  52.223  23.136  33.013 0.2000000030
98961  50.166  22.721  30.993 0.2000000030
99739  49.790  23.418  31.221 0.2000000030
99715  50.114  23.717  31.971 0.2000000030
99714  51.106  23.423  32.409 0.2000000030
128108  47.815  24.431  31.587 0.2000000030
98997  45.894  22.818  26.447 0.5000000000
99777  46.483  23.464  25.886 0.5000000000
130628  46.437  24.051  28.243 0.2000000030
100579  46.146  24.138  27.514 0.2000000030
100563  45.700  24.491  30.003 0.2000000030
100575  45.242  24.580  29.120 0.2000000030
99666  48.886  23.275  35.371 0.1000000015
98918  53.630  22.387  35.366 0.2000000030
98925  53.232  22.730  33.792 0.2000000030
99695  53.610  23.010  34.995 0.2000000030
99680  53.074  23.561  35.504 0.2000000030
99697  51.578  23.722  33.433 0.2000000030
100516  52.037  23.996  34.711 0.2000000030
100526  50.442  23.952  32.868 0.2000000030
100517  50.793  24.176  33.935 0.2000000030
100518  49.747  24.362  33.428 0.2000000030
100528  48.483  24.428  32.216 0.2000000030
100527  49.454  24.197  32.502 0.2000000030
100529  47.555  24.719  32.395 0.2000000030
100549  46.462  24.651  31.237 0.2000000030
130730  44.937  24.648  29.948 0.2000000030
99665  50.253  23.286  36.125 0.1000000015
99681  50.916  22.992  35.840 0.1000000015
99667  47.790  23.434  35.345 0.1000000015
99664  52.082  23.535  36.743 0.2000000030
142380  52.748  22.921  36.354 0.2000000030
98915  52.665  23.440  36.355 0.2000000030
100505  52.385  24.054  36.009 0.2000000030
100506  51.155  24.380  35.206 0.2000000030
128935  50.097  24.473  34.327 0.2000000030
100519  48.812  24.571  33.140 0.2000000030
100551  45.112  24.785  30.653 0.2000000030
133696  51.352  23.438  36.830 0.1000000015
135558  49.754  23.439  36.792 0.1000000015
150404  47.697  23.521  35.991 0.1000000015
99685  46.948  23.447  34.618 0.1000000015
99719  43.428  23.213  32.297 0.1000000015
99701  45.449  23.422  33.586 0.1000000015
129074  52.158  23.835  37.118 0.2000000030
99642  51.442  23.912  38.080 0.1000000015
100493  52.289  24.013  36.927 0.2000000030
133407  51.085  24.541  36.084 0.2000000030
138494  46.971  24.694  31.812 0.2000000030
100550  45.359  24.960  31.491 0.2000000030
100576  44.390  24.773  29.558 0.2000000030
99668  46.110  23.623  35.478 0.1000000015
129622  44.967  23.638  35.364 0.1000000015
99686  44.940  23.570  34.383 0.1000000015
99703  43.585  23.522  33.803 0.1000000015
99655  47.739  23.622  36.788 0.1000000015
130642  45.814  23.543  34.466 0.1000000015
99702  44.518  23.512  33.676 0.1000000015
99653  51.090  23.561  37.467 0.1000000015
99651  51.940  23.932  37.491 0.2000000030
126471  40.247  31.458  34.325 0.1000000015
106007  39.955  31.896  32.606 0.1000000015
126256  41.350  31.430  35.359 0.1000000015
105301  40.726  31.425  34.822 0.1000000015
100530  46.725  24.995  32.627 0.2000000030
100564  44.320  24.852  30.374 0.2000000030
150732  44.205  27.957  17.251 0.2000000030
100498  41.948  24.132  36.038 0.1000000015
99669  44.068  23.650  35.773 0.1000000015
99670  43.240  23.726  35.874 0.1000000015
99657  45.454  23.790  36.294 0.1000000015
99687  43.921  23.565  34.839 0.1000000015
99689  42.236  23.484  34.930 0.1000000015
99656  46.517  23.736  36.479 0.1000000015
99645  47.124  23.928  37.515 0.1000000015
99654  49.199  23.544  37.551 0.1000000015
99644  48.585  23.732  38.179 0.1000000015
100472  47.882  24.158  38.639 0.1000000015
140368  50.629  23.650  38.195 0.1000000015
99643  50.044  23.713  38.908 0.1000000015
149647  42.347  30.278  37.062 0.1000000015
105309  41.059  31.666  33.778 0.1000000015
100470  50.804  24.137  38.853 0.1000000015
105279  41.804  31.151  36.577 0.1000000015
101284  44.616  25.225  32.031 0.2000000030
101283  45.350  25.177  32.237 0.2000000030
100508  49.207  24.699  34.085 0.2000000030
101298  44.451  25.049  31.210 0.2000000030
100531  46.084  24.939  31.972 0.2000000030
100485  44.883  24.143  37.014 0.1000000015
100486  43.975  24.220  36.906 0.1000000015
134057  43.153  24.272  36.625 0.1000000015
99658  44.508  23.806  36.305 0.1000000015
100474  45.328  24.529  37.803 0.1000000015
100484  45.905  24.033  37.180 0.1000000015
100473  46.473  24.328  38.123 0.1000000015
130930  47.209  24.621  39.156 0.1000000015
103274  43.666  28.232  37.723 0.1000000015
103917  43.451  30.086  38.086 0.1000000015
103929  42.842  30.143  37.508 0.1000000015
100471  49.411  23.981  39.416 0.1000000015
100462  46.742  25.227  39.653 0.1000000015
101220  45.629  25.566  39.230 0.1000000015
103273  44.175  28.088  38.376 0.1000000015
105263  42.725  31.106  37.497 0.1000000015
126160  45.746  25.482  33.913 0.2000000030
101271  46.606  25.270  33.486 0.2000000030
103261  44.743  27.935  39.112 0.1000000015
101274  43.642  25.847  33.288 0.2000000030
101272  45.066  25.486  33.481 0.2000000030
124629  43.869  25.513  32.645 0.2000000030
101282  45.778  25.274  32.923 0.2000000030
100509  48.157  24.955  33.791 0.2000000030
101299  43.775  25.289  31.771 0.2000000030
125052  44.826  25.388  32.800 0.2000000030
100520  47.386  25.003  33.177 0.2000000030
100507  50.027  24.717  35.246 0.2000000030
101312  43.404  25.121  30.926 0.2000000030
100565  43.627  24.917  29.924 0.2000000030
100488  41.822  24.830  36.102 0.1000000015
100487  42.436  24.592  36.447 0.1000000015
100476  43.499  24.874  37.253 0.1000000015
100475  44.350  24.732  37.563 0.1000000015
105949  44.621  32.138  37.007 0.1000000015
105277  43.375  31.749  36.401 0.1000000015
105276  43.776  31.721  37.107 0.1000000015
149022  42.693  31.887  33.920 0.1000000015
106006  41.217  31.946  32.750 0.1000000015
105300  42.336  31.694  34.941 0.1000000015
103287  44.545  28.460  35.503 0.2000000030
102678  44.118  28.108  34.888 0.2000000030
102026  44.309  26.440  34.574 0.2000000030
101251  44.958  26.210  35.024 0.2000000030
101992  45.626  26.306  39.765 0.1000000015
102679  43.633  27.733  34.302 0.2000000030
102027  43.690  26.833  34.165 0.2000000030
101262  43.929  26.059  33.922 0.2000000030
101261  44.803  25.782  34.212 0.2000000030
100461  48.673  24.431  39.768 0.1000000015
102032  43.257  26.430  33.440 0.2000000030
101285  43.101  25.870  32.801 0.2000000030
101259  46.688  25.480  34.488 0.2000000030
150704  43.127  25.547  32.129 0.2000000030
101257  48.824  25.078  34.824 0.2000000030
100495  50.798  24.722  36.640 0.2000000030
102049  41.939  26.027  31.370 0.2000000030
101300  42.691  25.513  31.533 0.2000000030
106850  44.461  33.380  15.187 0.1000000015
106857  44.344  33.560  14.372 0.1000000015
106155  45.102  33.303  15.728 0.2000000030
105261  44.340  31.687  37.934 0.1000000015
105289  43.028  31.785  35.572 0.1000000015
105262  43.324  31.281  37.749 0.1000000015
138150  42.934  31.400  37.122 0.1000000015
142622  43.797  30.929  38.479 0.1000000015
125558  42.502  31.459  36.513 0.1000000015
103294  43.809  28.616  34.251 0.2000000030
103262  43.893  29.102  38.172 0.1000000015
104573  43.021  30.789  37.833 0.1000000015
103299  43.306  28.235  33.698 0.2000000030
147962  44.569  26.808  35.135 0.2000000030
103306  43.086  28.669  33.014 0.2000000030
102685  43.201  27.327  33.715 0.2000000030
102686  42.818  27.033  33.212 0.2000000030
101260  45.671  25.754  34.790 0.2000000030
102695  42.132  27.626  32.039 0.2000000030
102696  41.629  27.085  31.386 0.2000000030
101286  42.540  25.935  32.171 0.2000000030
102063  41.025  26.462  29.967 0.2000000030
101314  41.610  25.820  30.383 0.2000000030
101313  42.370  25.399  30.723 0.2000000030
150766  44.918  34.069  14.444 0.1000000015
106864  43.593  32.617  13.471 0.1000000015
134842  44.167  33.300  13.389 0.1000000015
104549  46.434  30.693  40.624 0.1000000015
105230  45.570  31.127  39.750 0.1000000015
105247  44.861  31.402  38.875 0.1000000015
103898  46.638  29.246  41.150 0.1000000015
103906  45.659  29.448  40.271 0.1000000015
104562  44.710  30.631  39.186 0.1000000015
103907  44.894  29.710  39.404 0.1000000015
140359  45.146  28.746  39.650 0.1000000015
103916  44.169  29.946  38.685 0.1000000015
137240  44.497  28.932  38.839 0.1000000015
101207  46.480  25.827  40.193 0.1000000015
101977  46.527  26.476  40.659 0.1000000015
102020  44.608  27.532  35.489 0.2000000030
100448  48.063  24.949  40.236 0.1000000015
103961  43.661  29.030  33.506 0.2000000030
100459  50.311  24.211  39.717 0.1000000015
103307  42.567  28.199  32.536 0.2000000030
103324  41.555  28.081  30.906 0.2000000030
101249  46.446  25.770  35.401 0.2000000030
101248  47.414  25.556  35.390 0.2000000030
101258  47.780  25.305  34.619 0.2000000030
102707  41.173  27.229  30.539 0.2000000030
106863  44.051  32.121  12.438 0.2000000030
106172  43.471  31.598  12.440 0.1000000015
104559  48.941  30.741  39.555 0.2000000030
104561  47.679  30.150  39.085 0.2000000030
104546  48.806  30.833  40.730 0.1000000015
104560  48.177  30.061  40.434 0.2000000030
104547  48.361  30.358  41.233 0.1000000015
104537  48.101  30.597  41.411 0.1000000015
105228  47.724  31.704  40.842 0.1000000015
128542  47.684  28.742  41.336 0.1000000015
103897  47.934  29.748  41.385 0.1000000015
140824  47.458  29.013  41.524 0.1000000015
102607  47.922  27.371  41.525 0.1000000015
102608  47.325  27.569  41.424 0.1000000015
103243  46.885  28.371  41.365 0.1000000015
103251  45.954  28.578  40.601 0.1000000015
101974  49.426  25.377  40.475 0.1000000015
101975  48.738  25.995  40.931 0.1000000015
101957  48.189  26.719  41.318 0.1000000015
102621  46.306  27.731  40.815 0.1000000015
102622  45.413  27.816  39.980 0.1000000015
102661  45.509  27.954  36.705 0.2000000030
102002  45.901  27.238  36.830 0.2000000030
101205  48.674  25.465  40.736 0.1000000015
101193  48.100  26.078  41.199 0.1000000015
101976  47.293  26.093  40.973 0.1000000015
101240  46.982  26.094  36.670 0.2000000030
101239  47.948  25.841  37.100 0.2000000030
101238  49.570  25.442  37.808 0.2000000030
101228  50.250  25.095  39.412 0.2000000030
101219  49.672  25.344  40.010 0.1000000015
101218  50.003  24.809  40.214 0.1000000015
103293  44.293  28.947  34.851 0.2000000030
103281  44.888  28.756  36.000 0.2000000030
102662  44.967  28.099  36.086 0.2000000030
102670  45.253  27.355  36.157 0.2000000030
102011  45.699  26.680  36.196 0.2000000030
138070  47.163  25.800  36.124 0.2000000030
131310  49.272  25.355  36.584 0.2000000030
100483  50.466  24.997  37.401 0.2000000030
101237  50.727  24.619  38.692 0.2000000030
102019  45.056  26.751  35.636 0.2000000030
101241  46.341  26.144  36.108 0.2000000030
130224  48.236  25.583  36.371 0.2000000030
100482  51.507  24.227  37.976 0.2000000030
103314  42.406  28.550  31.823 0.2000000030
101247  48.468  25.358  35.567 0.2000000030
100496  49.629  25.126  35.985 0.2000000030
103338  41.111  28.194  30.210 0.3000000119
102722  40.389  27.463  29.164 0.3000000119
102734  40.070  27.060  27.783 0.3000000119
106171  43.962  31.488  11.756 0.2000000030
106177  43.474  31.449  12.000 0.1000000015
107537  44.619  33.412  12.553 0.1000000015
128570  47.164  30.329  37.315 0.1000000015
104587  46.855  30.336  36.298 0.1000000015
104586  48.278  30.581  37.095 0.1000000015
104571  47.999  30.477  38.257 0.2000000030
104588  46.346  29.905  37.062 0.1000000015
142815  47.757  29.190  40.380 0.2000000030
103927  46.320  29.300  37.647 0.2000000030
104572  46.883  30.019  38.060 0.2000000030
103260  47.417  28.458  39.645 0.2000000030
102620  47.945  27.749  40.890 0.1000000015
139503  45.827  29.854  36.293 0.2000000030
103271  46.536  28.588  38.155 0.2000000030
102651  46.898  27.781  38.578 0.2000000030
102636  47.600  27.607  39.763 0.1000000015
102619  48.133  27.164  41.366 0.1000000015
103928  45.700  29.259  36.840 0.2000000030
103272  45.829  28.606  37.201 0.2000000030
102652  46.164  27.876  37.473 0.2000000030
101991  47.605  26.991  39.205 0.2000000030
102635  48.244  26.865  40.664 0.1000000015
103938  45.228  29.263  36.186 0.2000000030
103280  45.301  28.646  36.513 0.2000000030
102001  46.742  27.038  37.812 0.2000000030
102000  47.795  26.448  38.577 0.2000000030
101990  48.766  26.068  39.977 0.2000000030
101230  47.366  26.298  37.515 0.2000000030
101229  48.775  25.798  38.621 0.2000000030
103968  42.995  29.025  32.225 0.2000000030
103967  43.665  29.335  32.662 0.2000000030
102732  40.039  27.547  28.480 0.3000000119
103323  42.147  28.833  31.154 0.3000000119
103999  41.174  29.138  29.730 0.3000000119
102744  39.546  27.790  26.623 0.3000000119
102735  39.629  27.721  27.308 0.2000000030
103349  40.215  28.263  28.926 0.3000000119
104010  40.152  29.132  28.619 0.2000000030
104009  40.860  29.650  29.064 0.2000000030
103367  39.228  28.215  25.989 0.2000000030
103358  39.170  28.427  26.920 0.2000000030
104021  39.312  29.086  27.521 0.2000000030
103359  38.837  28.832  26.294 0.2000000030
103398  39.604  28.837  23.859 0.2000000030
145487  39.253  28.756  24.469 0.2000000030
103381  38.794  29.089  24.852 0.2000000030
104038  40.033  29.040  23.157 0.2000000030
104031  38.952  29.273  24.146 0.2000000030
104054  39.681  29.686  22.696 0.2000000030
106871  44.452  32.032  11.630 0.2000000030
106184  43.316  31.842  11.714 0.1000000015
104597  47.034  30.413  35.118 0.1000000015
104606  47.679  30.379  34.280 0.1000000015
104598  46.036  30.181  35.507 0.1000000015
104607  46.834  30.377  34.237 0.1000000015
104608  46.128  30.261  34.606 0.1000000015
103945  45.380  29.857  35.015 0.1000000015
133993  44.783  29.528  34.623 0.2000000030
103953  45.418  29.965  34.116 0.1000000015
148629  44.821  29.668  34.092 0.2000000030
103984  43.277  29.845  31.084 0.3000000119
103977  42.836  29.320  31.453 0.3000000119
103998  41.941  29.784  29.984 0.3000000119
103418  40.857  28.723  22.997 0.2000000030
104675  39.386  29.899  27.316 0.2000000030
104053  40.548  29.304  22.500 0.2000000030
104023  38.929  29.300  26.826 0.2000000030
104024  38.689  29.500  26.063 0.2000000030
104698  40.270  30.018  21.869 0.2000000030
104032  38.611  29.765  24.537 0.2000000030
104073  41.209  30.143  21.346 0.2000000030
104691  38.949  30.125  23.098 0.2000000030
104040  38.683  29.919  23.810 0.2000000030
105385  38.491  31.266  23.600 0.2000000030
104738  40.973  31.198  20.686 0.2000000030
104724  39.696  30.860  21.602 0.2000000030
105387  38.915  31.224  22.126 0.2000000030
105388  38.531  31.667  22.748 0.2000000030
105425  39.777  32.113  20.751 0.2000000030
105402  39.313  31.655  21.407 0.2000000030
106084  38.656  32.019  21.939 0.2000000030
106080  38.462  32.495  22.609 0.2000000030
106083  39.051  32.449  21.243 0.2000000030
126500  38.572  32.852  21.848 0.2000000030
107544  45.698  33.416  11.017 0.2000000030
106877  45.392  32.813  10.702 0.2000000030
106878  44.789  32.085  10.974 0.2000000030
106885  44.595  32.418  10.819 0.2000000030
106879  43.905  32.230  11.239 0.2000000030
106870  45.151  32.701  11.341 0.2000000030
104615  47.167  30.371  33.603 0.1000000015
104616  46.295  30.275  33.766 0.1000000015
104625  46.723  30.547  32.447 0.1000000015
104626  45.868  30.305  32.508 0.1000000015
104631  46.046  30.563  31.965 0.1000000015
104617  45.708  30.109  33.253 0.2000000030
124595  45.208  30.183  32.128 0.2000000030
104627  45.099  29.958  32.778 0.2000000030
103960  44.317  29.571  33.137 0.2000000030
104656  41.467  29.945  29.442 0.2000000030
104071  42.850  29.444  21.523 0.3000000119
126274  41.224  29.497  21.918 0.3000000119
104020  39.799  29.612  27.981 0.2000000030
104680  38.965  30.147  26.584 0.2000000030
132485  44.181  30.294  20.741 0.3000000119
104735  43.368  30.558  20.644 0.3000000119
104721  42.698  30.109  20.994 0.3000000119
104072  41.997  29.738  21.433 0.3000000119
104683  38.661  30.382  25.674 0.2000000030
105420  44.100  31.085  20.341 0.3000000119
104736  42.545  30.803  20.594 0.3000000119
104722  41.917  30.390  20.934 0.3000000119
104689  38.497  30.543  24.236 0.2000000030
105431  43.750  31.816  19.902 0.3000000119
105422  42.332  31.517  20.265 0.3000000119
104737  41.764  31.034  20.591 0.2000000030
106077  38.469  32.166  23.364 0.2000000030
105432  42.900  32.000  19.858 0.3000000119
105423  41.507  31.712  20.321 0.2000000030
105424  40.649  31.892  20.472 0.2000000030
141839  42.651  32.795  19.624 0.3000000119
138975  41.221  32.426  20.055 0.3000000119
106106  40.371  32.646  20.295 0.2000000030
106769  38.887  33.279  21.140 0.2000000030
135346  38.496  33.683  21.814 0.2000000030
129073  39.979  34.143  20.143 0.3000000119
135223  39.414  33.735  20.578 0.2000000030
107445  38.773  34.198  21.107 0.2000000030
106884  45.222  32.774  10.553 0.2000000030
107545  43.841  33.696  10.892 0.2000000030
107546  43.153  33.308  11.530 0.2000000030
107553  44.709  33.445  10.318 0.2000000030
127687  43.041  34.553  11.363 0.2000000030
109597  42.492  37.075  10.695 0.2000000030
109612  42.796  37.811  10.094 0.2000000030
110234  42.145  38.343  10.320 0.2000000030
110257  43.878  38.978  8.859 0.2000000030
110886  43.159  39.094  9.198 0.2000000030
110895  44.531  39.351  8.745 0.2000000030
110885  44.430  40.315  8.631 0.2000000030
110896  43.937  39.749  8.628 0.2000000030
134782  46.633  41.173  9.780 0.3000000119
111988  47.651  41.449  10.016 0.3000000119
104633  44.587  30.251  31.523 0.2000000030
103966  44.453  29.810  32.299 0.2000000030
103976  43.690  29.676  31.735 0.3000000119
105344  44.258  30.713  30.660 0.2000000030
103985  42.567  29.667  30.677 0.3000000119
104634  43.852  30.166  31.093 0.3000000119
148942  43.140  30.659  30.044 0.2000000030
104665  40.472  30.090  28.428 0.2000000030
104664  41.359  30.538  28.839 0.2000000030
104674  40.065  30.436  27.721 0.2000000030
104679  39.629  30.720  27.023 0.2000000030
104673  40.844  30.930  28.057 0.2000000030
105373  39.225  30.996  26.278 0.2000000030
104732  46.359  30.957  20.483 0.4000000060
140139  45.594  31.643  20.083 0.4000000060
129516  44.888  31.188  20.289 0.3000000119
105376  38.912  31.300  25.494 0.2000000030
105382  38.493  31.220  24.316 0.2000000030
105419  46.425  31.678  20.145 0.4000000060
106103  46.218  32.113  19.857 0.4000000060
105430  44.611  31.723  19.960 0.4000000060
105381  38.710  31.602  24.754 0.2000000030
106073  38.546  31.877  24.077 0.2000000030
106116  45.768  32.380  19.694 0.4000000060
126011  45.069  32.347  19.676 0.4000000060
132320  43.984  32.967  19.435 0.4000000060
106767  38.412  33.308  22.554 0.2000000030
106805  44.656  32.987  19.440 0.4000000060
106807  42.358  33.711  19.509 0.3000000119
106105  40.946  33.174  19.853 0.3000000119
107440  38.406  34.380  21.829 0.2000000030
135709  38.193  34.942  22.271 0.2000000030
128519  44.212  33.589  19.270 0.4000000060
107468  43.758  34.264  19.159 0.3000000119
106809  40.793  34.081  19.773 0.3000000119
128882  38.880  34.964  20.866 0.3000000119
131488  38.480  34.967  21.476 0.2000000030
134017  43.253  35.087  19.169 0.4000000060
129153  41.703  34.344  19.564 0.3000000119
126272  41.188  35.001  19.634 0.3000000119
141117  39.383  35.435  20.435 0.3000000119
108122  38.576  35.740  20.992 0.3000000119
108137  40.860  35.854  19.705 0.3000000119
108138  40.029  36.039  20.006 0.3000000119
106883  45.758  33.203  10.214 0.2000000030
107552  45.387  33.451  9.910 0.2000000030
108244  43.324  35.181  10.874 0.2000000030
108245  42.611  35.543  11.405 0.2000000030
107564  46.127  33.814  9.434 0.2000000030
145076  44.778  34.247  9.884 0.2000000030
108916  43.602  35.891  10.297 0.2000000030
108917  42.877  36.211  10.805 0.2000000030
108274  45.282  34.484  9.454 0.2000000030
108929  43.894  36.572  9.719 0.2000000030
109596  43.202  36.873  10.224 0.2000000030
109611  43.600  37.489  9.597 0.2000000030
110255  45.342  38.814  8.834 0.2000000030
110256  44.665  38.482  8.776 0.2000000030
110874  48.874  39.656  10.353 0.4000000060
142097  47.868  39.626  10.321 0.3000000119
110883  46.652  39.165  9.738 0.2000000030
127800  45.887  39.497  9.398 0.2000000030
111453  47.425  40.501  10.287 0.2000000030
111454  46.507  40.098  9.986 0.2000000030
111455  45.787  40.501  9.465 0.2000000030
104654  42.901  30.968  29.568 0.2000000030
104645  42.664  30.334  30.056 0.2000000030
104655  42.079  30.473  29.488 0.2000000030
105355  41.703  31.350  28.268 0.2000000030
105366  40.407  31.204  27.335 0.2000000030
105418  47.091  31.516  20.296 0.4000000060
106102  46.866  32.172  19.912 0.4000000060
106115  46.425  32.801  19.592 0.5000000000
106760  38.691  32.694  23.860 0.2000000030
136172  38.429  33.669  23.141 0.2000000030
106804  45.527  33.112  19.425 0.5000000000
107437  38.316  34.175  22.614 0.2000000030
107463  48.787  34.229  19.372 0.5000000000
107466  45.490  34.012  19.087 0.5000000000
108119  38.054  35.604  21.853 0.2000000030
144288  45.363  34.733  18.848 0.5000000000
108134  44.075  34.972  18.938 0.5000000000
108135  42.439  35.526  19.349 0.3000000119
108136  41.682  35.747  19.512 0.3000000119
108816  39.242  36.311  20.386 0.3000000119
108158  43.920  35.829  18.857 0.4000000060
108819  42.215  36.420  19.317 0.4000000060
108821  40.585  36.716  19.636 0.3000000119
108840  42.725  37.089  18.995 0.4000000060
109480  41.890  37.275  19.175 0.3000000119
109481  41.066  37.385  19.282 0.3000000119
108259  44.109  34.722  10.361 0.2000000030
108273  45.890  34.806  8.891 0.2000000030
108258  44.422  35.458  9.737 0.2000000030
109610  44.332  37.179  9.223 0.2000000030
144921  45.286  38.009  8.670 0.2000000030
109625  44.869  37.641  8.786 0.2000000030
110245  47.896  38.215  9.333 0.3000000119
110246  46.205  38.585  9.078 0.2000000030
111443  49.308  40.620  10.442 0.4000000060
110232  48.370  38.873  10.031 0.3000000119
105372  40.020  31.456  26.640 0.2000000030
106069  39.356  32.033  25.183 0.2000000030
106068  40.219  32.388  25.483 0.2000000030
106114  47.342  32.914  19.650 0.5000000000
106072  38.996  32.364  24.512 0.2000000030
106759  39.300  33.286  24.268 0.2000000030
106802  48.033  33.569  19.511 0.5000000000
137678  38.717  33.538  23.663 0.2000000030
148822  48.734  33.350  19.615 0.6000000238
106803  47.235  33.743  19.393 0.5000000000
148409  46.375  33.727  19.294 0.5000000000
108108  38.637  35.150  23.800 0.2000000030
107464  46.945  34.499  19.118 0.5000000000
108110  38.128  35.762  23.353 0.2000000030
108807  37.757  36.146  22.259 0.2000000030
108132  49.302  35.225  19.132 0.6000000238
147852  48.770  35.781  18.887 0.5000000000
107465  46.100  34.601  18.944 0.5000000000
107480  45.746  35.361  18.721 0.5000000000
125579  45.388  36.011  18.628 0.5000000000
108838  44.683  36.507  18.626 0.4000000060
108839  43.671  36.922  18.783 0.4000000060
108837  45.496  36.649  18.520 0.5000000000
109495  45.145  37.424  18.376 0.4000000060
109496  44.335  37.347  18.527 0.4000000060
109498  42.321  37.845  18.714 0.4000000060
133645  46.044  37.098  18.399 0.5000000000
148681  43.812  37.692  18.504 0.4000000060
109497  43.138  37.723  18.608 0.4000000060
109499  41.486  37.970  18.824 0.4000000060
109500  40.667  38.036  18.963 0.3000000119
139477  41.907  38.359  18.273 0.4000000060
110120  40.963  38.451  18.249 0.4000000060
110121  40.192  38.358  18.564 0.3000000119
108943  45.752  35.935  8.622 0.2000000030
137063  45.112  35.665  9.157 0.2000000030
108942  46.566  35.956  8.211 0.2000000030
108928  44.515  36.364  9.340 0.2000000030
109623  46.805  36.885  8.275 0.2000000030
109624  45.739  37.070  8.555 0.2000000030
108944  45.031  36.705  8.888 0.2000000030
109609  47.404  37.508  8.513 0.2000000030
110244  48.935  38.187  9.260 0.3000000119
108133  48.365  35.130  19.090 0.5000000000
107478  47.490  35.205  18.935 0.5000000000
108111  37.695  36.426  22.925 0.2000000030
109459  37.722  37.144  23.293 0.1000000015
108155  47.154  36.014  18.643 0.5000000000
108154  48.041  35.895  18.743 0.5000000000
109494  46.605  37.465  18.219 0.5000000000
109515  45.939  37.920  18.066 0.4000000060
110116  45.108  38.140  18.074 0.4000000060
110118  43.546  38.198  18.226 0.4000000060
110119  42.741  38.285  18.233 0.4000000060
110132  43.204  38.501  17.627 0.4000000060
110133  42.300  38.536  17.673 0.4000000060
110135  40.791  38.735  17.209 0.3000000119
110149  43.210  38.643  16.707 0.4000000060
145038  42.581  38.608  17.057 0.4000000060
132109  41.752  38.687  16.889 0.4000000060
108835  47.732  36.695  18.466 0.5000000000
108836  46.846  36.822  18.430 0.5000000000
109493  47.344  37.416  18.188 0.5000000000
109514  46.860  37.971  17.860 0.3000000119
110159  43.942  38.678  16.229 0.4000000060
110150  42.414  38.759  16.245 0.4000000060
148700  41.078  38.916  16.386 0.4000000060
111406  47.577  39.934  14.118 0.4000000060
109492  48.278  37.408  18.185 0.5000000000
109513  47.770  38.026  17.796 0.5000000000
110127  48.124  38.618  17.319 0.4000000060
110128  47.233  38.515  17.374 0.3000000119
110145  47.610  38.995  16.806 0.4000000060
102074  40.450  26.727  28.669 0.3000000119
103380  39.229  28.475  25.104 0.2000000030
105462  45.455  31.916  16.426 0.2000000030
106856  45.133  33.904  15.067 0.1000000015
108288  46.696  34.356  8.606 0.2000000030
109622  48.104  36.263  7.701 0.3000000119
109608  48.479  37.345  8.370 0.3000000119
139395  48.298  40.292  10.413 0.2000000030
142447  47.088  23.567  35.748 0.1000000015
127149  40.665  32.062  32.316 0.1000000015
99672  41.617  23.758  35.495 0.1000000015
142666  41.715  31.664  34.323 0.1000000015
101227  50.529  24.479  39.532 0.1000000015
102039  42.698  26.468  32.760 0.2000000030
143450  41.421  26.458  30.752 0.2000000030
103315  41.904  28.062  31.504 0.2000000030
104550  45.526  30.292  39.950 0.1000000015
103905  48.061  29.512  41.237 0.2000000030
103242  47.636  28.107  41.471 0.1000000015
103339  40.650  28.234  29.552 0.3000000119
106183  43.995  31.556  11.605 0.2000000030
103915  47.184  29.400  38.973 0.2000000030
103350  39.810  28.307  28.320 0.2000000030
104039  39.274  29.462  23.446 0.2000000030
104699  39.311  30.440  22.359 0.2000000030
104723  40.579  30.684  21.192 0.2000000030
144557  41.288  30.668  20.910 0.2000000030
104700  38.669  30.858  22.890 0.2000000030
105401  40.120  31.361  20.947 0.2000000030
106785  39.552  32.917  20.640 0.2000000030
105377  38.506  30.875  24.911 0.2000000030
105421  43.170  31.306  20.287 0.4000000060
106117  44.256  32.379  19.643 0.4000000060
106104  42.069  32.230  19.940 0.2000000030
106119  41.788  32.977  19.714 0.3000000119
106784  40.162  33.434  20.181 0.2000000030
107444  39.414  34.564  20.491 0.3000000119
107443  40.210  34.998  19.948 0.3000000119
108906  42.212  36.487  11.317 0.2000000030
110248  43.365  38.364  9.402 0.2000000030
110249  42.577  38.748  9.743 0.2000000030
110247  44.133  38.047  9.057 0.2000000030
110884  45.139  39.877  9.007 0.2000000030
106764  38.478  32.987  23.230 0.2000000030
106806  43.349  33.429  19.404 0.3000000119
145965  44.905  33.603  19.239 0.5000000000
128160  43.036  34.220  19.325 0.3000000119
106808  41.514  33.640  19.655 0.3000000119
107469  42.458  34.654  19.411 0.3000000119
108822  39.792  36.879  19.874 0.3000000119
110254  45.937  37.880  8.628 0.2000000030
110875  47.122  39.652  10.217 0.2000000030
107432  38.526  34.306  23.426 0.2000000030
133255  38.195  34.977  23.093 0.2000000030
107467  44.655  34.351  18.991 0.5000000000
108157  44.827  35.383  18.748 0.5000000000
108820  41.400  36.590  19.470 0.3000000119
108159  43.043  36.150  19.086 0.4000000060
109482  40.263  37.474  19.420 0.3000000119
136694  46.615  37.856  8.656 0.2000000030
106071  39.833  32.721  24.832 0.2000000030
109460  37.470  37.242  22.621 0.1000000015
107479  46.612  35.300  18.791 0.5000000000
108156  46.189  36.181  18.582 0.5000000000
110117  44.368  38.047  18.250 0.4000000060
110134  41.551  38.580  17.706 0.4000000060
125368  47.813  34.402  19.257 0.5000000000
136579  43.962  38.449  17.879 0.3000000119
98206  53.483  21.270  35.066 0.1000000015
97502  52.398  20.017  35.093 0.1000000015
96849  48.752  19.591  31.805 0.2000000030
96850  47.904  19.388  31.507 0.2000000030
97547  47.924  20.473  30.343 0.2000000030
98213  53.609  21.135  34.436 0.1000000015
98924  53.718  22.159  34.557 0.1000000015
97510  52.583  19.894  34.540 0.1000000015
96830  51.045  19.565  33.392 0.1000000015
96832  49.235  19.130  32.949 0.2000000030
96858  48.351  19.993  30.960 0.2000000030
98252  48.301  21.293  29.992 0.2000000030
97519  52.590  20.240  33.313 0.1000000015
96829  51.856  19.561  33.972 0.1000000015
98222  52.694  21.311  32.758 0.1000000015
97520  51.531  20.064  32.691 0.1000000015
96831  50.232  19.261  33.510 0.2000000030
98233  51.057  21.501  31.504 0.1000000015
97536  50.953  20.647  31.719 0.2000000030
97521  50.578  19.924  32.364 0.2000000030
97537  50.066  20.421  31.430 0.2000000030
127114  49.141  21.644  30.277 0.2000000030
97545  49.607  20.927  30.733 0.2000000030
96848  49.664  19.726  32.112 0.2000000030
97546  48.773  20.719  30.514 0.2000000030
98269  47.815  21.991  29.437 0.1000000015
98932  53.381  21.767  33.559 0.1000000015
98933  52.562  22.304  32.793 0.1000000015
98959  51.824  21.865  32.037 0.2000000030
98250  50.384  21.951  30.928 0.1000000015
98234  50.359  21.174  31.046 0.2000000030
98268  48.556  22.104  29.822 0.1000000015
99756  48.323  22.919  29.557 0.1000000015
105915  49.550  31.804  39.489 0.1000000015
105961  50.885  31.527  36.440 0.1000000015
143065  50.875  31.229  37.521 0.1000000015
104558  49.948  31.111  38.829 0.1000000015
105977  50.799  32.173  35.407 0.1000000015
104569  50.499  30.802  37.955 0.1000000015
125007  51.727  30.797  35.746 0.1000000015
126620  43.605  30.970  30.035 0.1000000015
104632  45.414  30.501  31.700 0.1000000015
105348  45.083  31.769  30.103 0.1000000015
129770  44.330  31.429  30.020 0.1000000015
106041  44.588  32.200  29.374 0.1000000015
124901  42.917  31.517  29.003 0.1000000015
106055  42.686  32.331  27.501 0.1000000015
106056  41.954  32.176  27.219 0.1000000015
128652  42.377  32.552  26.634 0.1000000015
106063  41.439  32.269  26.569 0.1000000015
106754  40.761  32.936  25.054 0.1000000015
106067  41.131  32.598  25.672 0.1000000015
140119  41.205  33.485  24.756 0.1000000015
106758  40.304  33.420  24.632 0.1000000015
140733  41.505  33.999  24.541 0.1000000015
107428  39.835  34.152  24.375 0.1000000015
108107  39.373  35.034  24.294 0.1000000015
108817  38.523  36.657  20.745 0.2000000030
109476  39.047  37.111  20.188 0.2000000030
141015  39.471  37.591  19.605 0.2000000030
109501  39.875  38.071  19.094 0.2000000030
108812  37.958  36.423  21.499 0.2000000030
109477  38.414  37.318  20.451 0.2000000030
110130  45.441  38.470  17.544 0.2000000030
110112  38.217  38.561  19.143 0.2000000030
109483  39.128  38.143  19.267 0.2000000030
110146  46.729  38.872  16.813 0.3000000119
110147  45.824  38.794  16.827 0.2000000030
110131  44.620  38.458  17.697 0.2000000030
110796  46.253  39.048  16.068 0.3000000119
132581  43.973  38.571  17.214 0.2000000030
110797  45.369  38.896  15.991 0.3000000119
110805  47.513  39.505  15.415 0.3000000119
110806  46.664  39.343  15.330 0.3000000119
110136  40.043  38.652  17.881 0.2000000030
110789  38.331  39.318  17.461 0.3000000119
110807  45.784  39.187  15.217 0.3000000119
110788  39.803  38.987  16.970 0.3000000119
130354  39.153  38.902  17.621 0.2000000030
133344  47.085  39.652  14.672 0.3000000119
110808  44.897  39.073  15.135 0.3000000119
110810  43.121  38.831  15.710 0.3000000119
110800  39.596  39.517  16.168 0.3000000119
124662  38.944  39.364  16.765 0.3000000119
110798  41.626  38.986  15.925 0.3000000119
110799  40.383  39.149  16.321 0.3000000119
110801  38.161  39.821  16.684 0.3000000119
111396  38.068  40.549  16.190 0.3000000119
110784  37.681  39.340  18.278 0.3000000119
110790  37.609  39.798  17.379 0.3000000119
110802  37.488  40.349  16.780 0.3000000119
111942  37.370  41.191  16.402 0.3000000119
110791  37.028  39.961  17.970 0.3000000119
111393  36.593  40.577  17.765 0.3000000119
111397  36.856  40.805  17.038 0.3000000119
110835  46.742  39.924  13.891 0.3000000119
98989  46.560  22.749  28.169 0.2000000030
98984  47.706  22.812  29.136 0.1000000015
98977  49.696  22.295  30.532 0.1000000015
99751  48.034  23.756  29.827 0.1000000015
98251  49.855  21.594  30.644 0.2000000030
105244  49.274  31.355  39.833 0.1000000015
104570  49.509  30.776  38.330 0.1000000015
105342  45.480  31.371  30.732 0.1000000015
105343  44.844  31.211  30.522 0.1000000015
105375  39.687  31.745  25.913 0.1000000015
104663  42.231  31.142  28.952 0.1000000015
105365  41.290  31.681  27.468 0.1000000015
105371  40.743  31.760  26.864 0.1000000015
108808  37.560  36.778  22.171 0.1000000015
106064  40.542  32.077  26.214 0.1000000015
107429  39.009  34.253  24.012 0.1000000015
110111  39.323  38.510  18.555 0.2000000030
110129  46.333  38.465  17.462 0.2000000030
97538  49.200  20.212  31.190 0.2000000030
105259  50.436  31.118  38.314 0.1000000015
125079  50.069  31.756  38.181 0.1000000015
105275  51.025  30.728  37.370 0.1000000015
106651  51.216  32.549  34.529 0.1000000015
105349  43.636  31.643  29.358 0.1000000015
106046  43.323  32.313  28.140 0.1000000015
105364  42.036  31.876  27.780 0.1000000015
105354  42.585  31.795  28.355 0.1000000015
106753  41.649  33.062  25.118 0.1000000015
106757  41.991  33.573  24.726 0.1000000015
107427  40.775  34.105  24.520 0.1000000015
148034  38.012  38.192  19.852 0.2000000030
110148  44.829  38.715  16.815 0.2000000030
110122  38.536  38.896  18.198 0.2000000030
110158  44.593  38.805  15.850 0.3000000119
110113  37.376  38.579  20.041 0.2000000030
110819  46.222  39.539  14.493 0.3000000119
111395  38.828  40.041  15.997 0.3000000119
110780  37.189  39.208  19.237 0.1000000015
110785  36.928  39.703  18.656 0.2000000030
110809  43.923  38.968  15.143 0.2000000030
125681  43.054  39.212  14.906 0.2000000030
135116  42.261  39.208  15.273 0.2000000030
110811  41.470  39.483  15.295 0.2000000030
110821  44.431  39.453  14.385 0.2000000030
110820  45.320  39.452  14.390 0.2000000030
110812  40.206  39.757  15.608 0.2000000030
111400  40.899  40.089  15.061 0.2000000030
111934  36.086  41.063  18.337 0.2000000030
110813  39.568  40.107  15.647 0.2000000030
110836  45.793  39.995  13.681 0.2000000030
110838  44.144  40.000  13.874 0.2000000030
110822  43.504  39.725  14.300 0.2000000030
110824  41.755  39.948  14.759 0.2000000030
111401  40.076  40.670  15.213 0.2000000030
111941  38.140  41.374  15.853 0.2000000030
111956  45.416  41.585  12.906 0.2000000030
112557  45.456  42.754  12.919 0.2000000030
112545  44.857  42.417  13.135 0.2000000030
111937  36.322  41.250  17.507 0.2000000030
111419  43.651  40.600  13.770 0.2000000030
111407  42.910  40.592  14.072 0.2000000030
110823  42.584  39.832  14.543 0.2000000030
111408  42.165  40.701  14.410 0.2000000030
111410  40.723  40.933  14.818 0.2000000030
111947  39.671  41.573  15.272 0.2000000030
112537  38.478  42.258  15.685 0.2000000030
111416  46.489  40.460  13.215 0.2000000030
111426  46.234  41.219  12.741 0.2000000030
111957  44.623  41.557  13.269 0.2000000030
112541  42.323  42.547  14.238 0.2000000030
112540  43.452  42.283  13.712 0.2000000030
112547  43.033  42.833  13.960 0.2000000030
112546  44.153  42.579  13.462 0.2000000030
113093  44.803  43.344  13.176 0.2000000030
113094  43.991  43.231  13.437 0.2000000030
140301  43.578  42.948  13.728 0.2000000030
113095  42.532  43.149  14.022 0.2000000030
113107  45.646  43.722  13.060 0.2000000030
112572  47.197  42.003  9.433 0.2000000030
111990  45.787  41.396  9.205 0.2000000030
110837  44.851  39.925  13.764 0.2000000030
111409  41.385  40.793  14.633 0.2000000030
111946  40.378  41.620  14.959 0.2000000030
139930  45.128  40.674  13.307 0.2000000030
111418  44.373  40.662  13.535 0.2000000030
111958  43.903  41.494  13.543 0.2000000030
112542  41.414  42.626  14.611 0.2000000030
113082  40.643  43.079  15.002 0.2000000030
113088  41.901  43.072  14.360 0.2000000030
124624  41.215  43.264  14.523 0.2000000030
113108  44.502  43.585  13.059 0.2000000030
132386  43.269  43.167  13.687 0.2000000030
112580  46.802  42.462  8.760 0.2000000030
111997  45.875  42.198  8.650 0.2000000030
111954  41.069  41.663  14.683 0.2000000030
111952  42.548  41.524  14.138 0.2000000030
112543  40.727  42.355  14.873 0.2000000030
111953  41.823  41.656  14.439 0.2000000030
113084  39.108  43.705  15.303 0.2000000030
135942  40.139  43.562  14.924 0.2000000030
147134  42.900  42.180  13.962 0.2000000030
113096  41.704  43.410  13.837 0.2000000030
113144  47.315  43.029  8.020 0.2000000030
113149  46.545  43.122  7.452 0.2000000030
113110  42.610  43.445  13.265 0.2000000030
113109  43.638  43.462  13.169 0.2000000030
130255  48.060  43.109  8.321 0.2000000030
113148  47.509  43.327  7.070 0.2000000030
112589  45.624  42.732  7.805 0.2000000030
113158  46.696  43.334  6.590 0.2000000030
125297  45.861  43.393  6.016 0.2000000030
113111  41.703  43.654  12.926 0.2000000030
113630  41.015  43.832  13.118 0.2000000030
113678  46.285  44.977  11.252 0.2000000030
113665  45.151  44.369  11.767 0.2000000030
113666  44.250  44.172  11.626 0.2000000030
113667  43.465  44.057  11.656 0.2000000030
113650  43.060  43.727  12.321 0.2000000030
113649  43.976  43.777  12.417 0.2000000030
113651  42.096  43.848  12.237 0.2000000030
113691  49.360  44.368  7.855 0.2000000030
125545  48.410  43.483  7.603 0.2000000030
113157  47.726  43.421  6.223 0.2000000030
113711  50.227  44.951  5.573 0.2000000030
113156  49.059  43.778  5.923 0.2000000030
114171  48.629  46.247  10.329 0.2000000030
114160  46.893  45.365  10.783 0.2000000030
113679  45.491  44.777  10.939 0.2000000030
113680  44.560  44.636  10.794 0.2000000030
113681  43.511  44.537  10.816 0.2000000030
113690  49.860  45.394  7.240 0.2000000030
113699  49.832  44.869  6.476 0.2000000030
113710  50.469  46.032  5.908 0.2000000030
114183  48.674  46.329  9.215 0.2000000030
114172  47.660  45.831  9.986 0.2000000030
114173  46.670  45.547  9.667 0.2000000030
114162  44.970  45.175  9.967 0.2000000030
114163  43.991  45.068  10.051 0.2000000030
113682  42.660  44.773  10.593 0.2000000030
114165  41.900  44.846  10.801 0.2000000030
113669  41.575  44.454  11.579 0.2000000030
114161  45.987  45.195  10.291 0.2000000030
113668  42.589  44.284  11.379 0.2000000030
113652  41.255  44.106  12.349 0.2000000030
113698  50.264  46.197  6.610 0.2000000030
114174  45.707  45.461  9.375 0.2000000030
148909  44.261  45.393  9.465 0.2000000030
114164  43.102  45.076  10.045 0.1000000015
124777  42.262  45.242  10.124 0.2000000030
114152  41.119  45.141  11.128 0.2000000030
113670  40.727  44.792  11.938 0.2000000030
114705  50.085  46.847  6.725 0.2000000030
127862  46.450  45.617  8.733 0.2000000030
114175  44.825  45.513  9.099 0.2000000030
114184  47.552  45.890  8.942 0.2000000030
114188  43.017  45.555  8.765 0.2000000030
114694  41.419  45.802  8.758 0.2000000030
145963  43.986  45.575  8.890 0.2000000030
143358  42.237  45.633  8.994 0.2000000030
114187  43.658  45.440  8.082 0.2000000030
114189  42.157  45.574  8.367 0.2000000030
114190  41.445  45.705  7.929 0.2000000030
114696  39.716  46.770  9.134 0.2000000030
114695  40.442  46.242  8.774 0.2000000030
148532  40.835  45.983  8.145 0.2000000030
114700  39.832  46.690  8.376 0.2000000030
111989  46.430  41.877  9.230 0.2000000030
109478  37.852  37.834  20.436 0.1000000015
111388  36.474  40.334  18.590 0.2000000030
110107  36.821  38.806  20.790 0.2000000030
111402  39.256  40.753  15.520 0.2000000030
112535  40.119  42.439  15.170 0.2000000030
112588  46.425  42.743  8.160 0.2000000030
113147  48.670  43.669  6.727 0.2000000030
114176  43.517  45.407  9.441 0.1000000015
114185  45.480  45.512  8.521 0.2000000030
114177  42.669  45.440  9.478 0.1000000015
114186  44.581  45.459  8.290 0.2000000030
114178  41.834  45.597  9.526 0.1000000015
147344  42.040  45.515  7.700 0.2000000030
128997  45.874  37.520  1.395 0.1000000015
110318  47.080  37.451  0.983 0.1000000015
107517  28.029  35.244  15.212 0.1000000015
108210  28.389  35.665  14.543 0.1000000015
107525  27.646  34.345  15.110 0.1000000015
106861  27.504  33.485  14.727 0.1000000015
106860  27.842  34.043  14.205 0.1000000015
110938  41.995  39.706  3.063 0.1000000015
110924  40.885  39.097  3.902 0.1000000015
106169  27.494  32.652  14.432 0.1000000015
110957  42.661  39.951  2.604 0.1000000015
110303  42.535  38.978  2.754 0.1000000015
142303  41.860  38.966  3.198 0.1000000015
110287  41.377  38.467  3.590 0.1000000015
138798  43.395  40.094  2.190 0.1000000015
110956  43.198  39.362  2.408 0.1000000015
127610  42.743  38.113  2.774 0.1000000015
110286  42.134  38.321  3.118 0.1000000015
113168  49.461  43.912  5.091 0.1000000015
110302  43.360  38.567  2.433 0.1000000015
110301  44.137  38.142  2.060 0.1000000015
140337  48.438  43.559  4.607 0.1000000015
143446  44.447  40.768  1.456 0.1000000015
148901  43.985  40.169  1.733 0.1000000015
144532  43.999  39.223  1.891 0.1000000015
129611  44.923  37.734  1.696 0.1000000015
113188  48.207  43.554  3.838 0.1000000015
113204  47.329  43.532  3.197 0.1000000015
112673  44.907  42.349  1.609 0.1000000015
112084  45.092  41.465  1.148 0.1000000015
110968  45.392  39.536  1.041 0.1000000015
131534  45.415  38.763  1.265 0.1000000015
150495  45.394  38.153  1.444 0.1000000015
109668  45.322  36.814  1.710 0.1000000015
129032  48.386  43.613  3.008 0.1000000015
113222  46.603  43.508  2.546 0.1000000015
113237  45.982  43.354  1.913 0.1000000015
112671  46.388  42.967  1.266 0.1000000015
111535  45.263  40.479  0.949 0.1000000015
111549  46.409  39.949  0.549 0.1000000015
113221  47.706  43.584  2.359 0.1000000015
113236  46.939  43.426  1.720 0.1000000015
113248  47.438  43.145  1.042 0.1000000015
112688  45.948  42.219  0.921 0.1000000015
112100  46.120  41.143  0.563 0.1000000015
110339  46.213  38.981  0.811 0.1000000015
110319  46.173  38.198  1.143 0.1000000015
112687  46.954  42.622  0.774 0.1000000015
111548  47.476  40.658  0.321 0.1000000015
110985  47.138  39.123  0.531 0.1000000015
109667  46.502  36.711  1.318 0.1000000015
109004  45.284  35.817  1.813 0.1000000015
109002  47.008  35.859  1.243 0.1000000015
149930  33.559  32.778  18.225 0.1000000015
106832  33.644  33.422  18.000 0.1000000015
106819  33.039  33.942  18.240 0.1000000015
106810  31.307  33.659  18.954 0.1000000015
106821  30.457  33.884  18.839 0.1000000015
108173  30.042  35.625  17.571 0.1000000015
108868  29.528  36.578  16.332 0.1000000015
110196  31.322  38.722  13.779 0.1000000015
109552  29.797  37.490  15.269 0.1000000015
108877  28.901  36.542  15.266 0.1000000015
110866  34.203  39.955  11.227 0.1000000015
110867  33.547  39.665  11.674 0.1000000015
110195  31.984  39.058  13.139 0.1000000015
136484  30.120  37.933  14.133 0.1000000015
108885  28.762  36.368  14.671 0.1000000015
110899  36.221  39.387  8.352 0.1000000015
110890  35.855  39.839  8.988 0.1000000015
110892  34.545  39.014  9.733 0.1000000015
110880  33.637  39.265  10.862 0.1000000015
110210  31.244  38.387  12.957 0.1000000015
109574  30.169  37.618  13.534 0.1000000015
108891  28.808  36.072  13.984 0.1000000015
110907  38.370  39.397  6.285 0.1000000015
110271  37.821  38.844  6.707 0.1000000015
110900  35.724  39.073  8.696 0.1000000015
110222  32.640  38.289  11.249 0.1000000015
110209  31.383  37.788  12.279 0.1000000015
129105  29.379  36.484  13.577 0.1000000015
108222  28.577  35.276  13.807 0.1000000015
110940  40.855  39.922  3.890 0.1000000015
110925  40.364  39.418  4.383 0.1000000015
110913  38.985  38.921  5.660 0.1000000015
110264  37.327  38.230  7.251 0.1000000015
110250  34.943  38.121  9.343 0.1000000015
134682  33.680  37.838  10.299 0.1000000015
147875  31.555  37.325  11.925 0.1000000015
108890  29.961  36.972  13.177 0.1000000015
108221  29.223  35.650  13.361 0.1000000015
110276  40.534  38.370  4.290 0.1000000015
128002  38.856  38.092  5.789 0.1000000015
109633  37.968  37.756  6.663 0.1000000015
107533  28.412  34.415  13.676 0.1000000015
111514  42.166  40.583  2.974 0.1000000015
109643  39.913  37.974  4.837 0.1000000015
110273  39.374  38.079  5.360 0.1000000015
113169  47.849  43.450  5.322 0.1000000015
109641  41.099  37.563  3.890 0.1000000015
111536  43.702  40.881  1.901 0.1000000015
149446  42.367  37.859  3.040 0.1000000015
109648  41.907  37.604  3.351 0.1000000015
113187  49.693  43.934  4.235 0.1000000015
127851  46.886  43.401  5.844 0.1000000015
112085  44.256  41.596  1.709 0.1000000015
109657  43.463  37.607  2.510 0.1000000015
113186  50.932  44.739  3.620 0.1000000015
113202  50.904  44.501  2.640 0.1000000015
113203  49.678  43.875  3.290 0.1000000015
127850  47.339  43.479  4.505 0.1000000015
113189  47.076  43.499  3.854 0.1000000015
112069  44.106  42.280  2.144 0.1000000015
108991  44.480  36.443  2.176 0.1000000015
109656  44.360  37.272  2.133 0.1000000015
113220  49.371  43.749  2.233 0.1000000015
126873  45.688  43.425  2.710 0.1000000015
112672  45.624  42.816  1.522 0.1000000015
113233  50.420  44.184  0.814 0.1000000015
113234  49.704  43.621  1.242 0.1000000015
113235  48.185  43.467  1.511 0.1000000015
113247  48.752  43.228  0.852 0.1000000015
112686  49.447  42.931  0.355 0.1000000015
112098  48.789  41.698  0.229 0.1000000015
138332  48.431  41.059  0.190 0.1000000015
110338  47.119  38.350  0.714 0.1000000015
109681  47.871  37.878  0.494 0.1000000015
107648  45.221  34.707  1.866 0.1000000015
112685  49.810  43.189  0.213 0.1000000015
112698  49.718  42.787  0.010 0.1000000015
112097  49.144  41.018  -0.147 0.1000000015
111546  49.177  40.217  -0.160 0.1000000015
135437  49.154  39.902  -0.448 0.1000000015
110336  48.698  38.791  0.037 0.1000000015
109680  47.953  37.167  0.474 0.1000000015
107647  46.318  34.054  1.366 0.1000000015
106843  35.542  33.901  16.707 0.1000000015
107506  34.890  34.234  17.047 0.1000000015
107491  34.215  34.560  17.413 0.1000000015
107492  33.647  34.171  17.815 0.1000000015
107493  33.079  34.543  18.025 0.1000000015
106820  32.293  33.770  18.620 0.1000000015
107505  35.468  34.697  16.673 0.1000000015
129581  34.768  35.040  17.004 0.1000000015
140655  33.495  34.911  17.679 0.1000000015
107481  32.467  34.479  18.303 0.1000000015
107482  31.689  34.401  18.534 0.1000000015
107483  30.834  34.416  18.578 0.1000000015
124900  38.786  34.950  14.673 0.1000000015
108208  38.278  35.603  14.827 0.1000000015
108160  31.979  34.966  18.270 0.1000000015
108171  31.774  35.536  17.923 0.1000000015
108172  30.899  35.637  17.827 0.1000000015
132440  40.478  35.107  13.490 0.1000000015
108207  38.977  35.688  14.342 0.1000000015
108853  31.442  36.173  17.462 0.1000000015
107538  42.367  34.576  11.975 0.1000000015
108232  41.549  35.291  12.525 0.1000000015
108219  40.846  35.740  12.938 0.1000000015
136760  31.141  36.778  16.956 0.1000000015
109532  30.841  37.345  16.334 0.1000000015
108231  41.941  35.867  11.947 0.1000000015
110163  31.869  38.426  15.311 0.1000000015
109551  30.521  37.751  15.596 0.1000000015
110856  33.495  39.771  12.529 0.1000000015
110828  32.728  39.220  14.308 0.1000000015
110164  30.996  38.312  15.133 0.1000000015
111449  34.860  40.221  10.792 0.1000000015
110904  37.291  39.324  7.323 0.1000000015
110898  36.799  39.848  7.935 0.1000000015
111490  38.826  39.977  5.849 0.1000000015
110908  37.821  39.834  6.889 0.1000000015
128327  37.415  40.246  7.565 0.1000000015
111515  41.504  40.408  3.464 0.1000000015
111503  39.784  39.968  4.889 0.1000000015
140074  35.613  37.487  8.944 0.1000000015
109601  32.725  37.495  10.997 0.1000000015
108908  31.703  36.751  11.689 0.1000000015
108900  29.831  36.090  12.909 0.1000000015
107532  29.097  34.753  13.189 0.1000000015
148533  41.846  40.967  3.293 0.1000000015
109627  36.785  37.587  7.871 0.1000000015
109600  33.339  37.231  10.571 0.1000000015
109591  32.374  36.697  11.249 0.1000000015
108234  30.465  35.563  12.392 0.1000000015
111524  42.899  40.957  2.469 0.1000000015
109632  38.540  37.716  6.152 0.1000000015
149848  37.966  37.016  6.870 0.1000000015
109642  40.374  37.240  4.567 0.1000000015
112071  42.973  41.907  2.759 0.1000000015
109658  42.645  37.432  2.916 0.1000000015
108974  41.026  36.712  4.109 0.1000000015
108964  39.917  36.470  5.112 0.1000000015
109637  39.658  37.301  5.172 0.1000000015
113726  50.753  45.175  4.612 0.1000000015
112070  43.568  41.657  2.249 0.1000000015
129954  41.558  36.956  3.663 0.1000000015
128265  51.187  45.706  3.848 0.1000000015
126711  46.358  43.494  4.184 0.1000000015
112654  44.567  42.792  2.230 0.1000000015
112655  43.569  42.279  2.579 0.1000000015
108992  43.711  36.165  2.514 0.1000000015
146465  43.831  36.866  2.434 0.1000000015
108983  42.276  36.648  3.254 0.1000000015
113748  51.142  45.041  2.239 0.1000000015
113205  46.377  43.501  3.382 0.1000000015
113223  44.849  43.255  2.769 0.1000000015
113219  50.709  44.349  1.695 0.1000000015
113764  50.419  44.761  0.717 0.1000000015
128298  44.410  35.579  2.245 0.1000000015
113771  50.291  44.239  0.299 0.1000000015
113257  49.595  43.573  -0.337 0.1000000015
110372  48.332  38.713  -1.066 0.1000000015
137973  48.254  37.910  -0.501 0.1000000015
109710  47.650  37.197  -0.894 0.1000000015
109045  46.867  36.628  -1.310 0.1000000015
109035  46.885  35.734  -0.844 0.1000000015
128442  44.226  34.828  2.313 0.1000000015
108357  43.588  35.335  2.572 0.1000000015
112710  49.233  41.653  -0.350 0.1000000015
111558  49.207  40.597  -0.524 0.1000000015
111562  48.857  40.197  -1.130 0.1000000015
110356  48.609  38.530  -0.268 0.1000000015
110337  48.443  37.983  0.132 0.1000000015
109696  48.186  37.107  -0.043 0.1000000015
108374  47.485  35.630  0.198 0.1000000015
113258  48.529  43.618  -0.775 0.1000000015
112699  49.126  42.663  -0.539 0.1000000015
112118  48.503  41.871  -1.163 0.1000000015
147387  48.115  41.282  -1.487 0.1000000015
107655  46.958  34.126  0.674 0.1000000015
107634  44.465  33.966  2.157 0.1000000015
107635  43.584  34.412  2.569 0.1000000015
136058  46.300  33.137  1.153 0.1000000015
106947  45.455  33.490  1.638 0.1000000015
124631  45.514  32.409  1.312 0.1000000015
106232  44.131  31.739  1.550 0.1000000015
129857  36.932  35.100  15.820 0.1000000015
107504  36.193  35.146  16.248 0.1000000015
108195  35.925  36.071  16.139 0.1000000015
108182  34.577  35.851  16.881 0.1000000015
108169  34.037  35.360  17.290 0.1000000015
108183  33.807  36.109  17.097 0.1000000015
108170  32.650  35.181  17.918 0.1000000015
108194  37.519  35.500  15.365 0.1000000015
108209  37.804  36.148  14.932 0.1000000015
108872  37.171  36.341  15.265 0.1000000015
108874  35.579  36.863  15.894 0.1000000015
108863  35.099  36.357  16.425 0.1000000015
108864  34.264  36.580  16.627 0.1000000015
108865  33.441  36.733  16.793 0.1000000015
108866  32.622  36.733  16.952 0.1000000015
108887  40.110  36.083  13.341 0.1000000015
108888  39.244  36.454  13.770 0.1000000015
108881  38.381  36.452  14.407 0.1000000015
108882  37.584  36.826  14.727 0.1000000015
108883  36.825  37.108  15.034 0.1000000015
110161  33.731  38.377  15.334 0.1000000015
109530  32.921  37.323  16.442 0.1000000015
131849  31.898  36.616  17.095 0.1000000015
134075  41.249  36.246  12.383 0.1000000015
108895  40.971  37.058  12.161 0.1000000015
108897  39.812  36.969  13.099 0.1000000015
110178  34.092  38.871  14.753 0.1000000015
109549  32.361  37.902  15.932 0.1000000015
108907  41.575  36.737  11.780 0.1000000015
111428  36.171  40.374  12.101 0.1000000015
110841  34.739  39.661  13.621 0.1000000015
145122  34.043  39.630  13.684 0.1000000015
110162  32.796  38.423  15.365 0.1000000015
111436  36.405  40.611  11.346 0.1000000015
111429  35.284  40.323  12.182 0.1000000015
137701  34.156  39.914  13.077 0.1000000015
110842  33.428  39.651  13.327 0.1000000015
111994  37.490  41.122  9.140 0.1000000015
135761  36.847  40.813  9.131 0.1000000015
111448  35.620  40.469  10.378 0.1000000015
111438  34.826  40.296  11.544 0.1000000015
112025  38.550  41.160  6.968 0.1000000015
112017  38.216  41.238  7.731 0.1000000015
111472  37.189  40.694  8.376 0.1000000015
111473  36.472  40.260  8.695 0.1000000015
112033  40.248  41.672  5.418 0.1000000015
112034  39.548  41.350  5.792 0.1000000015
111481  38.890  40.934  6.150 0.1000000015
111482  38.368  40.367  6.532 0.1000000015
144141  41.043  41.590  4.302 0.1000000015
112046  40.505  41.325  4.661 0.1000000015
144444  39.895  40.930  5.059 0.1000000015
111489  39.355  40.498  5.498 0.1000000015
112627  42.251  42.509  4.180 0.1000000015
112628  41.543  42.082  4.289 0.1000000015
112058  41.534  41.369  3.690 0.1000000015
112642  42.595  42.266  3.429 0.1000000015
112057  42.266  41.452  3.163 0.1000000015
130430  37.506  36.997  7.374 0.1000000015
113172  44.431  43.345  5.229 0.1000000015
113192  43.743  43.211  4.556 0.1000000015
112641  43.852  43.136  3.653 0.1000000015
131810  38.417  36.903  6.456 0.1000000015
108949  38.021  36.274  7.130 0.1000000015
133197  43.309  42.596  3.144 0.1000000015
131820  39.417  36.672  5.545 0.1000000015
129815  50.818  45.977  5.208 0.1000000015
141886  50.970  46.277  4.547 0.1000000015
146534  44.960  43.344  5.821 0.1000000015
113171  45.337  43.436  5.172 0.1000000015
113191  44.697  43.415  4.310 0.1000000015
112640  44.048  42.877  2.781 0.1000000015
108975  40.522  36.212  4.615 0.1000000015
142479  51.028  46.222  3.699 0.1000000015
113207  44.539  43.312  3.410 0.1000000015
108347  41.443  35.163  4.019 0.1000000015
108984  41.562  36.180  3.748 0.1000000015
113736  51.223  45.467  3.010 0.1000000015
113190  45.644  43.476  4.496 0.1000000015
113206  45.424  43.465  3.620 0.1000000015
108346  42.198  35.568  3.397 0.1000000015
113759  50.776  44.831  1.515 0.1000000015
111017  46.048  39.493  -2.725 0.1000000015
110384  46.235  38.630  -2.412 0.1000000015
110385  45.755  38.364  -2.278 0.1000000015
110374  45.514  37.746  -1.824 0.1000000015
109698  45.002  37.415  -1.167 0.1000000015
107636  42.856  34.942  2.950 0.1000000015
112129  46.471  41.320  -2.669 0.1000000015
111563  47.741  39.569  -1.717 0.1000000015
111016  46.662  39.244  -2.372 0.1000000015
109711  46.779  37.423  -1.723 0.1000000015
109712  46.111  37.074  -1.820 0.1000000015
109697  45.537  36.829  -1.421 0.1000000015
107621  42.160  34.375  3.543 0.1000000015
113773  49.073  44.529  -0.511 0.1000000015
136581  48.172  42.797  -1.084 0.1000000015
112711  47.323  42.452  -1.601 0.1000000015
112119  47.371  41.611  -1.859 0.1000000015
111564  47.541  40.691  -1.908 0.1000000015
108389  46.238  35.179  -0.888 0.1000000015
106936  42.859  33.821  2.997 0.1000000015
106974  45.813  33.431  -0.213 0.1000000015
107668  46.230  34.288  -0.445 0.1000000015
106935  43.702  33.378  2.438 0.1000000015
142072  45.620  31.984  1.007 0.1000000015
106225  43.699  32.318  2.147 0.1000000015
105524  42.494  32.048  2.976 0.1000000015
106259  45.488  32.631  0.093 0.1000000015
145933  45.209  31.728  0.904 0.1000000015
105533  43.268  31.555  1.947 0.1000000015
109561  37.216  37.588  14.446 0.1000000015
109545  36.013  37.374  15.325 0.1000000015
108875  34.721  37.089  16.134 0.1000000015
109529  33.840  37.253  16.311 0.1000000015
109572  38.340  37.729  13.585 0.1000000015
109573  37.589  38.052  13.836 0.1000000015
109562  36.398  37.875  14.709 0.1000000015
109563  35.541  38.122  14.991 0.1000000015
109547  34.253  37.751  15.761 0.1000000015
109590  40.766  37.859  11.752 0.1000000015
109581  39.514  37.800  12.746 0.1000000015
110206  39.143  38.658  12.359 0.1000000015
110207  38.404  38.792  12.708 0.1000000015
110193  37.157  38.891  13.449 0.1000000015
110175  36.804  38.367  14.117 0.1000000015
110194  36.428  39.007  13.779 0.1000000015
110160  34.651  38.285  15.224 0.1000000015
125764  41.814  37.326  11.163 0.1000000015
109589  41.299  37.368  11.646 0.1000000015
110219  41.104  38.427  11.126 0.1000000015
137498  39.693  38.986  11.729 0.1000000015
110850  39.083  39.307  11.860 0.1000000015
110851  38.487  39.333  12.216 0.1000000015
147918  37.020  39.408  13.044 0.1000000015
110839  36.497  39.461  13.254 0.1000000015
110840  35.669  39.491  13.582 0.1000000015
109598  41.680  38.078  10.825 0.1000000015
110876  41.563  38.847  10.469 0.1000000015
110235  40.793  39.190  10.819 0.1000000015
110863  39.412  39.649  11.376 0.1000000015
111433  39.161  40.289  10.965 0.1000000015
111434  38.439  40.598  10.901 0.1000000015
111435  37.834  40.417  11.380 0.1000000015
111427  37.135  40.255  11.951 0.1000000015
142336  42.060  38.813  10.109 0.1000000015
110888  41.959  39.294  9.869 0.1000000015
110889  41.189  39.744  10.124 0.1000000015
149592  40.724  40.265  10.026 0.1000000015
111457  40.249  40.753  9.804 0.1000000015
111458  39.387  41.101  9.799 0.1000000015
131431  38.939  40.831  10.391 0.1000000015
111993  38.231  41.338  9.128 0.1000000015
130266  37.100  40.706  11.096 0.1000000015
110897  43.259  39.822  8.775 0.1000000015
111469  42.421  40.390  8.865 0.1000000015
111456  41.805  40.065  9.466 0.1000000015
111471  40.701  41.195  9.050 0.1000000015
112003  40.254  41.737  8.257 0.1000000015
150698  39.590  41.789  7.643 0.1000000015
112005  38.575  41.475  8.402 0.1000000015
111468  43.697  40.441  8.491 0.1000000015
140703  42.917  41.405  8.123 0.1000000015
112014  42.503  41.929  7.712 0.1000000015
112002  41.207  41.581  8.402 0.1000000015
133461  40.873  42.010  7.796 0.1000000015
112023  40.054  41.936  6.229 0.1000000015
112024  39.331  41.635  6.765 0.1000000015
111467  45.128  40.800  8.935 0.1000000015
112000  43.498  41.179  8.265 0.1000000015
112013  43.373  41.828  7.782 0.1000000015
112592  42.962  42.390  7.191 0.1000000015
112593  41.970  42.445  6.997 0.1000000015
148165  41.284  42.394  5.648 0.1000000015
133202  44.644  41.089  8.568 0.1000000015
131417  44.101  41.037  8.373 0.1000000015
135917  43.904  41.530  8.066 0.1000000015
112591  43.815  42.381  7.354 0.1000000015
112602  43.534  42.761  6.681 0.1000000015
112603  42.675  42.664  6.422 0.1000000015
146756  41.837  42.559  5.077 0.1000000015
112032  40.964  42.049  5.006 0.1000000015
111998  45.169  41.569  8.638 0.1000000015
111999  44.508  41.698  8.202 0.1000000015
112590  44.649  42.416  7.675 0.1000000015
112601  44.356  42.870  6.980 0.1000000015
112626  42.875  42.892  4.931 0.1000000015
112581  45.149  42.161  8.226 0.1000000015
112600  45.069  42.929  7.229 0.1000000015
112613  43.240  42.929  5.870 0.1000000015
113173  43.689  43.156  5.346 0.1000000015
108957  38.993  36.294  6.104 0.1000000015
108950  37.581  35.659  7.866 0.1000000015
113150  45.783  43.206  6.970 0.1000000015
113159  45.021  43.192  6.540 0.1000000015
108965  39.526  35.846  5.724 0.1000000015
113160  44.168  43.158  6.096 0.1000000015
108323  40.117  35.381  5.255 0.1000000015
114240  50.387  46.617  4.563 0.1000000015
108335  40.747  35.324  4.582 0.1000000015
107612  40.991  34.531  4.534 0.1000000015
107602  39.926  34.119  5.803 0.1000000015
113747  51.126  45.463  2.551 0.1000000015
113758  50.958  45.370  2.119 0.1000000015
111574  45.264  40.667  -2.946 0.1000000015
110386  45.225  38.732  -1.933 0.1000000015
110998  44.489  38.998  -1.173 0.1000000015
107601  40.495  34.409  5.091 0.1000000015
114301  49.441  45.148  -0.143 0.1000000015
112130  45.806  41.175  -3.195 0.1000000015
111583  45.444  41.114  -3.180 0.1000000015
111565  44.357  40.437  -1.720 0.1000000015
111566  43.613  40.530  -0.990 0.1000000015
111007  44.064  39.765  -1.065 0.1000000015
110358  44.092  38.459  -0.538 0.1000000015
107611  41.482  33.952  4.258 0.1000000015
138811  40.253  33.284  5.555 0.1000000015
113782  47.958  44.630  -0.913 0.1000000015
113266  47.253  43.521  -1.300 0.1000000015
112718  46.461  42.112  -2.443 0.1000000015
145429  45.283  42.397  -3.522 0.1000000015
112131  44.980  41.384  -3.268 0.1000000015
110999  43.821  39.152  -0.595 0.1000000015
136826  44.699  36.697  -0.646 0.1000000015
106916  41.266  32.706  4.594 0.1000000015
113267  46.137  43.724  -1.933 0.1000000015
113276  45.700  42.790  -2.950 0.1000000015
106215  41.838  32.352  3.894 0.1000000015
107669  45.145  34.159  -0.618 0.1000000015
108376  44.702  35.763  -0.566 0.1000000015
137223  44.325  34.001  -0.431 0.1000000015
106975  44.870  33.301  -0.377 0.1000000015
137887  43.760  33.123  -0.380 0.1000000015
106260  44.661  32.427  -0.081 0.1000000015
105535  41.770  31.557  3.191 0.1000000015
106244  44.496  31.686  0.544 0.1000000015
105541  43.898  31.294  1.198 0.1000000015
104846  43.120  30.878  0.935 0.1000000015
126862  42.842  30.956  1.445 0.1000000015
114205  50.316  46.717  6.239 0.1000000015
114222  49.659  46.701  5.725 0.1000000015
108324  39.597  34.898  5.939 0.1000000015
107594  39.344  33.880  6.506 0.1000000015
138567  39.018  33.051  6.720 0.1000000015
114288  49.822  45.465  1.132 0.1000000015
114300  50.041  45.181  0.500 0.1000000015
113277  43.545  43.394  -3.583 0.1000000015
112721  44.029  42.667  -3.145 0.1000000015
112712  43.616  42.270  -2.119 0.1000000015
112121  43.873  41.317  -1.691 0.1000000015
111559  42.983  40.667  -0.518 0.1000000015
110359  43.122  39.755  -0.282 0.1000000015
113268  45.256  44.033  -2.813 0.1000000015
113805  44.503  43.982  -3.848 0.1000000015
113285  44.322  43.467  -3.875 0.1000000015
112727  44.235  43.086  -3.712 0.1000000015
135390  43.375  38.743  -0.054 0.1000000015
106203  39.959  32.577  5.662 0.1000000015
113783  46.876  44.690  -1.355 0.1000000015
110340  43.644  37.919  0.027 0.1000000015
109018  43.856  36.205  0.113 0.1000000015
109699  43.947  37.151  -0.007 0.1000000015
127261  40.872  31.860  4.410 0.1000000015
106211  39.691  32.495  5.565 0.1000000015
105525  41.686  31.863  3.759 0.1000000015
107656  43.508  34.362  -0.169 0.1000000015
108377  43.215  35.351  0.248 0.1000000015
106216  40.822  31.636  3.908 0.1000000015
105536  41.217  31.398  3.140 0.1000000015
147014  41.670  31.206  2.472 0.1000000015
106261  43.901  32.147  -0.018 0.1000000015
142093  49.715  46.826  6.473 0.1000000015
114258  50.346  46.338  3.572 0.1000000015
106898  38.219  33.270  7.250 0.1000000015
114275  49.854  45.917  2.649 0.1000000015
114274  50.427  45.596  1.976 0.1000000015
106899  37.658  33.527  7.454 0.1000000015
112713  42.130  43.181  -1.114 0.1000000015
112701  41.727  42.644  -0.353 0.1000000015
112101  41.973  41.216  0.192 0.1000000015
132201  41.423  41.068  0.619 0.1000000015
106908  39.558  32.988  6.199 0.1000000015
106199  39.154  32.681  6.400 0.1000000015
142191  49.196  45.457  0.346 0.1000000015
137840  42.851  42.726  -1.598 0.1000000015
112122  43.111  41.876  -1.208 0.1000000015
112700  42.441  42.321  -0.754 0.1000000015
111550  42.444  40.531  0.010 0.1000000015
110986  42.202  39.727  0.430 0.1000000015
106903  38.777  32.926  6.591 0.1000000015
106904  38.193  33.127  6.828 0.1000000015
114321  47.590  45.685  -1.127 0.1000000015
113806  43.923  44.104  -4.322 0.1000000015
113286  43.654  43.753  -4.168 0.1000000015
106204  39.433  32.584  6.090 0.1000000015
113794  45.659  45.390  -2.227 0.1000000015
132937  44.105  44.801  -4.151 0.1000000015
106212  39.152  32.518  5.744 0.1000000015
106909  38.663  32.826  6.131 0.1000000015
113795  44.730  45.010  -3.182 0.1000000015
106217  40.281  32.079  4.597 0.1000000015
106919  38.869  32.995  5.167 0.1000000015
106920  38.231  33.653  5.287 0.1000000015
143071  42.883  36.155  0.481 0.1000000015
127810  39.090  33.149  4.286 0.1000000015
107614  37.689  34.515  4.486 0.1000000015
107657  42.557  34.634  0.170 0.1000000015
106925  39.668  32.646  3.815 0.1000000015
107613  38.432  33.933  4.123 0.1000000015
124674  42.886  33.831  -0.259 0.1000000015
142085  40.363  32.001  3.680 0.1000000015
106262  42.999  32.084  -0.272 0.1000000015
105551  42.683  30.821  0.510 0.1000000015
105543  41.116  30.944  1.827 0.1000000015
106226  40.702  31.607  2.961 0.1000000015
114312  48.365  45.352  -0.558 0.1000000015
113269  42.490  43.537  -2.101 0.1000000015
112689  41.391  41.927  0.327 0.1000000015
113287  43.027  43.921  -4.049 0.1000000015
113278  42.809  43.748  -3.186 0.1000000015
107596  37.532  33.612  6.671 0.1000000015
114322  46.746  45.830  -1.610 0.1000000015
113821  43.328  44.301  -4.480 0.1000000015
107603  37.584  34.170  5.567 0.1000000015
109682  42.958  37.170  0.445 0.1000000015
148686  42.955  38.170  0.357 0.1000000015
107615  37.029  34.999  4.834 0.1000000015
107624  37.043  35.131  3.779 0.1000000015
107623  37.670  34.648  3.465 0.1000000015
105561  42.173  30.950  -0.192 0.1000000015
104848  41.468  30.231  0.700 0.1000000015
106937  39.324  33.177  2.786 0.1000000015
107622  38.235  34.207  2.982 0.1000000015
104853  41.811  30.185  0.063 0.1000000015
106233  40.417  31.705  1.990 0.1000000015
132752  48.698  45.942  3.399 0.1000000015
134358  49.453  45.675  1.835 0.1000000015
114313  47.719  46.098  -1.013 0.1000000015
143003  47.261  46.444  -1.306 0.1000000015
129847  47.145  46.966  -1.745 0.1000000015
113270  41.672  44.003  -1.653 0.1000000015
113259  41.328  43.530  -0.693 0.1000000015
114328  45.349  46.245  -2.723 0.1000000015
114337  43.597  45.616  -4.427 0.1000000015
142237  42.075  44.569  -4.192 0.1000000015
112702  40.992  42.910  0.079 0.1000000015
114329  44.391  45.918  -3.643 0.1000000015
108337  35.557  35.678  4.476 0.1000000015
108336  36.285  35.443  4.112 0.1000000015
108349  35.299  35.525  3.457 0.1000000015
106976  42.582  33.007  -0.497 0.1000000015
106227  39.983  32.427  2.653 0.1000000015
106938  38.692  33.679  2.435 0.1000000015
108348  36.238  35.282  3.023 0.1000000015
146749  41.985  32.005  -0.649 0.1000000015
106948  39.249  33.100  1.959 0.1000000015
107637  37.453  34.603  2.567 0.1000000015
138041  37.049  35.032  2.981 0.1000000015
105552  40.778  30.179  0.392 0.1000000015
106234  39.724  32.229  1.508 0.1000000015
106235  38.893  32.665  1.122 0.1000000015
106949  38.416  33.456  1.594 0.1000000015
125909  49.472  46.398  4.097 0.1000000015
114290  47.264  45.519  1.546 0.1000000015
114303  47.114  45.753  -0.028 0.1000000015
114314  46.654  46.229  -0.669 0.1000000015
147265  48.470  45.574  0.396 0.1000000015
114781  47.076  46.802  -1.462 0.1000000015
113279  42.034  44.232  -2.763 0.1000000015
114802  45.054  47.182  -3.325 0.1000000015
113822  42.614  44.471  -4.478 0.1000000015
114352  43.028  44.964  -4.759 0.1000000015
108338  34.157  35.957  4.232 0.1000000015
105562  41.375  30.092  -0.437 0.1000000015
104862  41.142  29.786  -0.346 0.1000000015
107638  36.631  34.793  2.346 0.1000000015
104856  40.358  29.674  -0.586 0.1000000015
107649  37.079  34.311  1.804 0.1000000015
106245  39.377  31.615  0.593 0.1000000015
106236  38.021  32.973  0.811 0.1000000015
114207  48.421  46.248  6.584 0.1000000015
114241  48.919  46.324  4.793 0.1000000015
114791  47.319  47.838  -1.880 0.1000000015
115284  47.157  48.663  -2.027 0.1000000015
138229  44.851  48.136  -3.657 0.1000000015
141939  43.368  46.568  -4.436 0.1000000015
114806  44.096  46.863  -4.021 0.1000000015
108350  34.360  35.595  3.467 0.1000000015
108359  35.354  35.190  2.690 0.1000000015
108351  33.553  35.653  3.573 0.1000000015
107670  42.094  33.986  -0.233 0.1000000015
106977  41.716  33.194  -0.686 0.1000000015
106950  37.550  33.696  1.324 0.1000000015
108360  34.605  35.231  2.783 0.1000000015
105580  41.239  30.744  -0.937 0.1000000015
104863  40.008  29.548  -1.203 0.1000000015
105563  40.775  29.687  -0.882 0.1000000015
106246  38.465  32.020  0.302 0.1000000015
104877  39.250  29.751  -1.494 0.1000000015
105564  38.472  30.324  -1.064 0.1000000015
143658  48.296  45.976  4.167 0.1000000015
127351  46.859  45.505  2.327 0.1000000015
143328  46.129  45.444  1.820 0.1000000015
114315  45.255  46.002  -0.313 0.1000000015
115286  45.503  48.418  -1.571 0.1000000015
115302  46.376  49.270  -2.852 0.1000000015
115304  43.774  47.721  -4.083 0.1000000015
114807  42.783  46.896  -4.546 0.1000000015
108361  33.783  35.237  2.901 0.1000000015
131015  32.781  35.674  3.707 0.1000000015
142349  42.171  35.550  0.549 0.1000000015
107658  41.660  34.728  0.235 0.1000000015
107639  35.767  34.829  2.230 0.1000000015
108362  32.988  35.237  3.070 0.1000000015
106985  41.194  32.260  -1.113 0.1000000015
106960  37.096  33.140  0.610 0.1000000015
106951  36.640  33.785  1.170 0.1000000015
107641  34.048  34.704  2.300 0.1000000015
107671  41.351  34.157  -0.374 0.1000000015
106978  41.000  33.464  -0.993 0.1000000015
106280  40.582  31.351  -1.427 0.1000000015
105582  39.368  29.922  -1.709 0.1000000015
105555  38.000  31.310  -0.514 0.1000000015
106247  37.527  32.279  0.074 0.1000000015
106961  36.178  33.201  0.515 0.1000000015
106986  40.387  32.689  -1.561 0.1000000015
106263  37.069  31.620  -0.670 0.1000000015
106248  36.601  32.455  -0.075 0.1000000015
106281  39.699  31.266  -1.848 0.1000000015
105598  38.732  30.704  -2.148 0.1000000015
105583  38.602  30.160  -1.782 0.1000000015
105565  37.689  30.847  -1.181 0.1000000015
110079  41.324  38.590  24.414 0.1000000015
110773  37.262  39.324  22.579 0.1000000015
110091  37.397  38.461  22.932 0.1000000015
110100  36.898  38.721  22.136 0.1000000015
110106  37.242  38.216  20.815 0.1000000015
114261  45.152  45.354  3.349 0.1000000015
132716  44.737  45.343  2.740 0.1000000015
114259  47.127  45.557  3.095 0.1000000015
114260  45.840  45.404  2.753 0.1000000015
114278  44.204  45.357  2.085 0.1000000015
114291  45.554  45.443  1.276 0.1000000015
114292  44.610  45.464  1.187 0.1000000015
115796  45.860  49.731  -1.821 0.1000000015
114793  44.960  47.187  -1.250 0.1000000015
114783  44.755  46.452  -0.709 0.1000000015
115824  45.478  49.896  -3.137 0.1000000015
115305  42.850  47.814  -4.139 0.1000000015
126845  43.817  48.802  -3.550 0.1000000015
114353  42.228  45.280  -4.770 0.1000000015
113796  41.026  44.677  -2.419 0.1000000015
115318  42.133  47.180  -4.502 0.1000000015
128774  41.914  37.121  0.889 0.1000000015
108352  32.212  35.232  3.291 0.1000000015
107625  32.435  34.720  2.663 0.1000000015
109007  39.172  36.701  1.105 0.1000000015
109684  38.441  36.892  1.112 0.1000000015
107652  34.406  34.205  1.690 0.1000000015
107642  33.221  34.718  2.464 0.1000000015
107672  40.678  34.278  -0.668 0.1000000015
109022  39.426  36.088  0.559 0.1000000015
106952  35.736  33.765  1.116 0.1000000015
106953  34.847  33.683  1.138 0.1000000015
109037  39.134  35.730  -0.338 0.1000000015
106962  35.279  33.190  0.506 0.1000000015
106298  38.939  31.913  -2.229 0.1000000015
106299  38.286  31.452  -2.303 0.1000000015
105584  37.663  30.837  -1.703 0.1000000015
106264  36.229  31.956  -0.730 0.1000000015
105567  36.128  31.888  -1.172 0.1000000015
105599  37.976  30.874  -2.135 0.1000000015
137727  41.929  38.196  24.494 0.1000000015
137500  40.837  40.710  23.547 0.1000000015
110750  41.039  39.344  24.196 0.1000000015
110758  40.336  40.093  23.755 0.1000000015
110751  39.953  39.188  24.122 0.1000000015
110080  40.537  38.523  24.378 0.1000000015
114071  39.940  45.193  21.410 0.1000000015
111898  39.914  41.304  22.997 0.1000000015
111371  39.066  41.037  22.890 0.1000000015
110759  39.327  39.757  23.689 0.1000000015
110089  38.973  38.943  23.954 0.1000000015
111372  38.223  40.696  22.650 0.1000000015
110090  38.133  38.667  23.557 0.1000000015
111910  38.609  41.484  22.336 0.1000000015
111373  37.336  40.284  22.220 0.1000000015
111923  37.678  41.633  21.580 0.1000000015
110774  36.790  39.515  21.861 0.1000000015
111929  36.660  41.023  20.894 0.1000000015
110776  36.617  39.687  21.236 0.1000000015
110778  36.593  39.517  20.713 0.1000000015
110781  36.722  39.335  20.042 0.1000000015
126156  43.713  45.268  5.012 0.1000000015
114224  42.361  45.306  5.539 0.1000000015
114225  41.622  45.503  5.350 0.1000000015
114223  47.906  45.938  5.650 0.1000000015
125093  46.416  45.480  5.695 0.1000000015
114244  44.238  45.297  4.282 0.1000000015
114245  43.142  45.254  4.212 0.1000000015
126155  42.889  45.254  5.015 0.1000000015
125068  47.051  45.614  4.701 0.1000000015
114243  45.242  45.348  4.459 0.1000000015
132717  44.974  45.337  3.889 0.1000000015
114263  43.307  45.343  3.239 0.1000000015
114264  42.233  45.450  3.515 0.1000000015
130954  46.049  45.423  3.840 0.1000000015
114279  43.375  45.416  2.320 0.1000000015
114280  42.569  45.554  2.593 0.1000000015
114306  43.763  45.710  0.644 0.1000000015
114294  42.767  45.686  1.748 0.1000000015
114763  42.058  46.047  2.061 0.1000000015
115287  44.131  48.015  -1.269 0.1000000015
114776  44.125  46.085  -0.147 0.1000000015
114785  43.029  46.577  0.133 0.1000000015
116330  44.199  50.286  -1.556 0.1000000015
115797  44.530  50.105  -1.468 0.1000000015
115826  42.781  48.453  -3.249 0.1000000015
113823  41.767  44.916  -4.451 0.1000000015
113808  41.518  44.696  -3.689 0.1000000015
115306  41.899  47.702  -4.041 0.1000000015
114818  41.904  46.281  -4.795 0.1000000015
148881  40.402  44.777  -1.909 0.1000000015
142383  37.983  40.643  3.289 0.1000000015
110341  42.229  38.032  0.689 0.1000000015
109683  41.378  37.856  1.115 0.1000000015
110321  40.823  38.524  1.343 0.1000000015
142114  32.694  34.299  2.129 0.1000000015
109006  40.076  36.627  1.118 0.1000000015
127324  39.081  37.921  1.775 0.1000000015
107653  33.418  34.126  1.769 0.1000000015
108378  41.207  35.431  0.546 0.1000000015
108379  40.434  35.380  0.370 0.1000000015
108380  39.762  35.454  0.101 0.1000000015
109038  38.584  36.167  -0.963 0.1000000015
106963  34.412  33.155  0.538 0.1000000015
107659  40.878  34.761  0.093 0.1000000015
108391  40.213  34.867  -0.295 0.1000000015
108392  39.667  35.169  -0.852 0.1000000015
107684  39.935  34.341  -1.832 0.1000000015
133612  38.389  32.542  -2.416 0.1000000015
106300  37.670  31.801  -2.327 0.1000000015
106250  34.833  32.683  -0.138 0.1000000015
107673  40.091  34.561  -1.217 0.1000000015
107683  40.390  33.877  -1.429 0.1000000015
106987  39.641  32.601  -1.959 0.1000000015
105585  36.794  31.510  -1.619 0.1000000015
106283  35.329  32.290  -1.253 0.1000000015
110757  41.273  40.212  23.819 0.1000000015
113573  41.049  43.976  22.060 0.1000000015
113577  40.519  44.582  21.749 0.1000000015
113026  40.324  43.729  21.845 0.1000000015
113021  40.282  42.958  22.100 0.1000000015
112469  40.304  42.121  22.570 0.1000000015
111359  39.604  40.556  23.356 0.1000000015
114072  39.241  44.941  21.144 0.1000000015
113578  39.620  44.248  21.469 0.1000000015
113028  38.924  43.613  21.354 0.1000000015
112471  38.890  42.190  21.992 0.1000000015
111909  39.405  41.789  22.478 0.1000000015
111360  38.732  40.246  23.223 0.1000000015
113029  38.212  43.043  21.208 0.1000000015
136489  37.854  42.257  21.350 0.1000000015
111922  38.244  41.877  21.806 0.1000000015
112493  37.270  42.631  20.742 0.1000000015
112482  37.198  41.752  21.106 0.1000000015
112505  35.766  42.348  19.103 0.1000000015
135170  36.548  42.593  20.168 0.1000000015
131861  36.604  41.852  20.449 0.1000000015
111383  36.504  40.239  20.709 0.1000000015
112515  35.629  42.444  18.345 0.1000000015
111935  35.787  41.738  18.701 0.1000000015
111385  36.243  40.537  19.319 0.1000000015
125778  36.380  40.079  20.032 0.1000000015
139586  36.184  41.881  17.303 0.1000000015
129988  36.567  39.855  19.322 0.1000000015
114197  43.254  45.340  7.207 0.1000000015
114210  42.754  45.285  6.367 0.1000000015
114198  41.512  45.616  7.152 0.1000000015
141945  45.959  45.411  6.389 0.1000000015
125095  45.267  45.380  6.879 0.1000000015
114209  43.696  45.271  6.463 0.1000000015
114208  46.962  45.628  6.435 0.1000000015
125092  45.214  45.315  5.905 0.1000000015
125091  44.163  45.261  5.768 0.1000000015
125090  43.246  45.235  5.691 0.1000000015
114211  41.715  45.461  6.233 0.1000000015
114212  40.880  45.870  6.565 0.1000000015
114195  48.171  46.139  7.420 0.1000000015
126157  44.694  45.302  5.087 0.1000000015
114226  40.946  45.839  5.640 0.1000000015
114246  42.093  45.359  4.624 0.1000000015
114247  41.172  45.783  4.758 0.1000000015
147717  40.779  46.075  5.114 0.1000000015
114265  41.408  45.941  3.264 0.1000000015
114740  40.931  46.213  3.929 0.1000000015
114771  42.358  46.464  1.181 0.1000000015
114281  41.887  45.790  2.756 0.1000000015
115783  43.776  49.454  -0.748 0.1000000015
115277  43.297  47.904  -0.514 0.1000000015
136755  43.093  49.178  0.092 0.1000000015
125218  43.208  49.637  -1.703 0.1000000015
115319  41.331  47.093  -4.544 0.1000000015
114355  40.358  45.782  -4.516 0.1000000015
113810  39.521  45.365  -3.301 0.1000000015
134014  40.052  45.040  -2.523 0.1000000015
113271  40.695  44.359  -1.245 0.1000000015
130493  38.480  41.122  2.765 0.1000000015
112073  37.824  41.576  3.153 0.1000000015
110971  40.407  39.914  1.499 0.1000000015
131329  39.658  41.144  1.825 0.1000000015
111525  39.074  40.494  2.397 0.1000000015
110958  39.299  39.517  2.198 0.1000000015
110987  41.530  39.784  0.806 0.1000000015
110342  41.673  38.905  0.865 0.1000000015
110304  39.550  38.807  1.884 0.1000000015
110305  38.755  38.634  2.246 0.1000000015
110322  39.988  38.208  1.605 0.1000000015
108393  39.243  35.699  -1.538 0.1000000015
137781  39.653  35.066  -1.993 0.1000000015
107692  39.526  34.376  -2.370 0.1000000015
106999  38.707  33.717  -2.615 0.1000000015
107000  37.646  33.101  -2.576 0.1000000015
125043  36.957  32.193  -2.282 0.1000000015
108407  39.338  35.478  -2.946 0.1000000015
114632  41.586  46.305  21.795 0.1000000015
114068  41.802  45.548  22.058 0.1000000015
140180  42.251  44.843  22.240 0.1000000015
114641  39.616  46.499  20.653 0.1000000015
114633  40.892  46.574  21.386 0.1000000015
114070  40.868  45.586  21.697 0.1000000015
113576  41.374  44.769  22.019 0.1000000015
114078  38.059  45.793  20.105 0.1000000015
114074  39.376  45.674  20.950 0.1000000015
113579  38.758  44.372  21.054 0.1000000015
144457  36.776  45.971  18.851 0.1000000015
114079  37.455  45.453  19.819 0.1000000015
114076  37.797  45.136  20.251 0.1000000015
113583  37.903  44.405  20.560 0.1000000015
113034  38.302  43.796  20.973 0.1000000015
114659  36.146  46.556  16.386 0.1000000015
114654  36.675  46.879  17.836 0.1000000015
114652  36.370  46.190  18.195 0.1000000015
114084  36.140  45.379  18.577 0.1000000015
113584  37.097  44.743  19.933 0.1000000015
138308  37.166  44.009  20.267 0.1000000015
113035  37.627  43.538  20.670 0.1000000015
114107  36.332  46.031  15.710 0.1000000015
114093  36.059  45.626  16.248 0.1000000015
114088  35.836  45.668  17.730 0.1000000015
114085  35.673  45.033  17.985 0.1000000015
113051  35.880  43.871  19.052 0.1000000015
113043  36.134  43.046  19.558 0.1000000015
143710  36.585  45.296  15.706 0.1000000015
113074  35.852  44.336  16.898 0.1000000015
139091  35.572  43.779  18.291 0.1000000015
113052  35.654  43.108  18.758 0.1000000015
113618  36.874  44.457  15.847 0.1000000015
113085  37.795  44.061  15.595 0.1000000015
113073  36.245  43.304  16.733 0.1000000015
113061  35.659  43.587  17.515 0.1000000015
139590  38.896  43.072  15.549 0.1000000015
112538  37.930  43.064  15.831 0.1000000015
112531  37.043  42.705  16.314 0.1000000015
113083  39.766  43.203  15.284 0.1000000015
112536  39.330  42.381  15.423 0.1000000015
112530  37.650  42.077  16.052 0.1000000015
128091  42.336  45.416  7.093 0.1000000015
125096  46.166  45.483  7.024 0.1000000015
147711  45.685  45.447  7.364 0.1000000015
125097  44.307  45.349  7.305 0.1000000015
114196  47.168  45.725  7.228 0.1000000015
114199  40.806  45.959  7.418 0.1000000015
114706  40.267  46.504  6.921 0.1000000015
114717  40.538  46.293  6.128 0.1000000015
142332  40.670  46.444  4.643 0.1000000015
114725  40.501  46.532  5.411 0.1000000015
115278  42.722  47.911  0.123 0.1000000015
115262  42.034  47.693  1.195 0.1000000015
114772  41.689  46.860  1.788 0.1000000015
116320  43.780  50.131  -0.922 0.1000000015
146897  43.230  49.873  -0.332 0.1000000015
115771  42.490  48.764  0.695 0.1000000015
115815  41.190  48.251  -2.329 0.1000000015
115799  42.253  49.202  -1.133 0.1000000015
140908  42.721  49.839  -0.205 0.1000000015
115827  41.532  48.033  -3.353 0.1000000015
115308  39.886  47.722  -4.174 0.1000000015
114356  39.453  45.942  -4.380 0.1000000015
114340  38.995  45.687  -3.922 0.1000000015
114330  38.725  45.563  -3.188 0.1000000015
112656  38.374  42.060  2.477 0.1000000015
112072  39.017  41.535  2.211 0.1000000015
110988  41.071  40.401  1.037 0.1000000015
112087  39.449  42.034  1.660 0.1000000015
112102  40.854  41.366  0.934 0.1000000015
109048  38.891  36.377  -2.222 0.1000000015
106301  36.238  32.451  -2.093 0.1000000015
109047  39.307  35.913  -2.712 0.1000000015
114066  43.604  45.668  22.350 0.1000000015
137568  43.172  44.897  22.346 0.1000000015
114622  42.236  46.167  22.113 0.1000000015
114067  42.653  45.606  22.275 0.1000000015
115149  37.475  47.415  18.181 0.1000000015
114650  38.053  47.056  19.011 0.1000000015
114083  37.518  46.142  19.389 0.1000000015
115162  36.431  47.286  15.912 0.1000000015
115155  36.326  46.998  17.130 0.1000000015
114651  37.147  46.629  18.596 0.1000000015
114662  37.040  46.770  14.698 0.1000000015
114663  36.508  46.706  15.436 0.1000000015
137414  37.571  46.170  14.342 0.1000000015
114119  37.730  45.341  14.691 0.1000000015
141009  37.327  44.932  15.308 0.1000000015
113622  38.371  44.920  14.507 0.1000000015
113623  38.131  44.591  15.049 0.1000000015
113090  38.973  44.309  14.834 0.1000000015
113617  38.550  44.070  15.306 0.1000000015
138285  40.555  43.534  14.632 0.1000000015
127849  47.343  45.810  8.045 0.1000000015
125099  46.186  45.541  7.814 0.1000000015
114699  40.258  46.400  7.868 0.1000000015
114707  39.719  47.031  7.665 0.1000000015
141393  40.176  46.871  6.123 0.1000000015
115223  40.499  47.217  4.741 0.1000000015
114754  40.965  46.872  3.114 0.1000000015
115243  40.612  47.035  3.951 0.1000000015
115206  40.371  47.378  5.493 0.1000000015
115763  42.130  48.892  1.323 0.1000000015
115256  41.290  47.876  2.697 0.1000000015
115242  40.946  47.789  3.438 0.1000000015
115800  40.761  48.542  -1.213 0.1000000015
145150  40.186  48.371  -2.469 0.1000000015
115814  42.301  48.669  -2.357 0.1000000015
115321  39.515  47.053  -4.408 0.1000000015
115322  38.751  46.938  -4.279 0.1000000015
115828  40.266  48.154  -3.508 0.1000000015
114808  38.714  46.207  -4.191 0.1000000015
114331  38.157  45.811  -2.900 0.1000000015
112088  38.890  42.245  1.974 0.1000000015
112675  38.006  42.840  2.307 0.1000000015
113251  38.650  43.778  1.043 0.1000000015
113250  39.449  43.411  0.777 0.1000000015
113767  38.157  44.410  0.962 0.1000000015
113260  40.488  43.704  -0.303 0.1000000015
115161  36.833  47.588  15.185 0.1000000015
114118  38.243  45.592  14.046 0.1000000015
114130  38.907  45.731  13.296 0.1000000015
113621  38.921  44.875  13.983 0.1000000015
113631  40.292  44.248  13.281 0.1000000015
113620  39.848  44.101  14.264 0.1000000015
113089  39.635  43.828  15.019 0.1000000015
143919  42.755  45.465  7.891 0.1000000015
114179  41.030  45.914  9.520 0.1000000015
150609  39.457  47.304  9.037 0.1000000015
115184  39.527  47.204  8.521 0.1000000015
115723  40.570  48.143  5.673 0.1000000015
115196  40.190  47.535  6.122 0.1000000015
145462  39.496  47.709  8.057 0.1000000015
136327  41.807  49.109  1.794 0.1000000015
115263  41.650  48.048  1.900 0.1000000015
115756  41.581  48.834  2.443 0.1000000015
115222  40.753  47.860  4.155 0.1000000015
115735  40.699  47.973  4.899 0.1000000015
133955  41.879  49.347  -0.326 0.1000000015
115785  42.147  49.557  0.289 0.1000000015
146607  41.973  49.373  1.286 0.1000000015
116288  41.429  49.391  2.176 0.1000000015
144897  39.381  48.279  -4.016 0.1000000015
115309  38.205  47.622  -4.123 0.1000000015
115310  37.598  47.447  -3.704 0.1000000015
114803  37.738  46.521  -3.201 0.1000000015
114794  37.891  46.044  -2.399 0.1000000015
113786  38.837  45.142  -1.741 0.1000000015
113785  39.721  44.836  -1.600 0.1000000015
113262  39.061  44.083  0.354 0.1000000015
113775  38.702  44.627  -0.163 0.1000000015
113774  39.863  44.348  -0.650 0.1000000015
114316  38.391  45.178  -0.915 0.1000000015
115164  38.025  47.521  13.974 0.1000000015
114670  37.589  46.876  14.185 0.1000000015
114669  38.205  46.533  13.710 0.1000000015
114672  39.337  46.313  12.651 0.1000000015
113653  40.127  44.825  12.599 0.1000000015
114673  38.857  46.605  13.140 0.1000000015
115170  38.651  47.184  13.427 0.1000000015
145888  40.654  44.340  12.619 0.1000000015
115703  39.729  47.848  7.298 0.1000000015
115712  40.688  48.522  6.237 0.1000000015
115702  40.283  48.567  6.968 0.1000000015
116278  41.330  49.285  2.865 0.1000000015
115734  41.116  48.687  4.339 0.1000000015
115786  41.056  49.098  -0.067 0.1000000015
115773  41.541  49.475  0.837 0.1000000015
116296  41.486  49.456  1.542 0.1000000015
115787  39.904  48.725  -0.698 0.1000000015
115816  39.323  48.713  -3.332 0.1000000015
115817  38.432  49.335  -3.664 0.1000000015
131215  37.208  48.199  -3.636 0.1000000015
114795  37.679  46.714  -2.190 0.1000000015
139026  37.675  49.196  -3.966 0.1000000015
115165  37.363  47.387  14.498 0.1000000015
114142  39.637  45.522  12.638 0.1000000015
114141  40.181  45.379  12.131 0.1000000015
114675  39.917  46.100  12.005 0.1000000015
126291  40.112  48.014  6.495 0.1000000015
130285  41.308  49.101  3.609 0.1000000015
133223  41.080  48.611  5.064 0.1000000015
116244  41.140  48.962  6.484 0.1000000015
116311  39.278  49.171  -0.219 0.1000000015
116310  40.669  49.475  1.262 0.1000000015
144156  40.291  49.749  2.340 0.1000000015
116279  40.914  49.683  3.397 0.1000000015
115801  39.671  48.632  -1.907 0.1000000015
146496  36.799  49.329  -3.703 0.1000000015
115818  36.789  48.601  -3.348 0.1000000015
115296  37.204  47.559  -3.012 0.1000000015
140958  36.905  48.307  -2.453 0.1000000015
115288  37.403  47.582  -1.813 0.1000000015
114153  40.459  45.575  11.507 0.1000000015
116298  39.726  49.618  1.725 0.1000000015
116825  39.533  49.987  2.442 0.1000000015
116280  40.239  49.916  2.915 0.1000000015
116805  40.612  50.020  4.175 0.1000000015
116255  41.426  49.087  5.030 0.1000000015
115722  41.398  48.845  5.680 0.1000000015
129346  39.494  49.350  0.798 0.1000000015
115802  38.928  49.216  -2.668 0.1000000015
116312  38.763  49.676  0.296 0.1000000015
136557  38.328  49.822  -3.258 0.1000000015
116339  37.755  49.935  -3.759 0.1000000015
116861  37.240  50.452  -3.709 0.1000000015
116862  36.902  50.304  -3.827 0.1000000015
116299  38.913  49.712  1.133 0.1000000015
116826  38.788  50.205  1.830 0.1000000015
116806  39.987  50.190  3.589 0.1000000015
116795  41.106  49.694  4.794 0.1000000015
147829  41.925  49.143  6.069 0.1000000015
116848  38.110  50.432  -2.091 0.1000000015
116332  36.270  50.100  -2.900 0.1000000015
116737  41.692  50.455  8.451 0.1000000015
116817  38.926  50.486  2.698 0.1000000015
116816  39.511  50.241  3.040 0.1000000015
116796  40.325  50.402  4.839 0.1000000015
116751  42.353  49.881  7.268 0.1000000015
116834  38.390  50.336  0.778 0.1000000015
116781  41.722  49.531  5.373 0.1000000015
128259  41.966  49.326  5.765 0.1000000015
116233  42.647  49.582  6.213 0.1000000015
116322  38.512  49.758  -0.931 0.1000000015
116849  37.637  51.219  -2.606 0.1000000015
116323  36.315  49.812  -1.618 0.1000000015
116768  42.554  49.710  5.785 0.1000000015
116767  43.828  50.125  6.090 0.1000000015
130632  38.438  50.989  2.280 0.1000000015
116782  40.755  50.490  5.317 0.1000000015
117343  38.250  51.007  1.438 0.1000000015
116234  41.704  49.387  6.761 0.1000000015
134398  41.700  50.206  5.480 0.1000000015
116750  43.605  50.041  6.853 0.1000000015
117290  43.262  50.333  5.827 0.1000000015
141169  27.854  34.817  15.841 0.1000000015
108196  28.487  35.979  15.296 0.1000000015
105492  27.547  31.771  14.080 0.1000000015
106175  27.977  32.421  13.716 0.1000000015
144514  40.814  43.344  22.150 0.1000000015
113020  41.466  43.342  22.348 0.1000000015
116854  37.854  50.496  -3.207 0.1000000015
149905  42.177  37.724  10.614 0.1000000015
110887  42.549  39.559  9.296 0.1000000015
141890  37.020  41.940  16.472 0.1000000015
112523  35.818  42.610  17.487 0.1000000015
113097  40.752  43.694  13.975 0.1000000015
114221  50.492  46.600  5.480 0.1000000015
107524  28.062  34.863  14.392 0.1000000015
106868  27.832  33.244  13.970 0.1000000015
110320  44.734  38.525  1.611 0.1000000015
112099  47.340  41.786  0.418 0.1000000015
143602  48.293  42.617  0.500 0.1000000015
139578  47.872  39.682  0.318 0.1000000015
110983  48.860  39.540  0.036 0.1000000015
109001  47.464  36.502  0.942 0.1000000015
108368  46.387  35.143  1.442 0.1000000015
108367  47.242  35.173  1.117 0.1000000015
106831  34.358  33.678  17.477 0.1000000015
106822  29.754  33.636  18.824 0.1000000015
108867  30.292  36.753  16.683 0.1000000015
107495  29.380  34.952  17.779 0.1000000015
108854  30.580  36.228  17.292 0.1000000015
109533  29.994  37.221  16.024 0.1000000015
110182  30.759  38.395  14.354 0.1000000015
110844  32.038  39.147  14.068 0.1000000015
110181  31.527  38.705  14.591 0.1000000015
108876  29.349  36.900  15.616 0.1000000015
149312  29.761  37.596  14.602 0.1000000015
108884  29.246  37.046  14.800 0.1000000015
110878  34.942  39.879  9.974 0.1000000015
110879  34.313  39.556  10.430 0.1000000015
110868  32.869  39.386  12.066 0.1000000015
110208  32.346  39.090  12.425 0.1000000015
110857  32.761  39.481  12.841 0.1000000015
110197  30.647  38.183  13.574 0.1000000015
109565  29.578  37.285  13.971 0.1000000015
146772  29.103  36.687  14.189 0.1000000015
110265  36.692  38.791  7.769 0.1000000015
111461  35.525  40.092  9.599 0.1000000015
110891  35.230  39.274  9.250 0.1000000015
110221  32.984  39.034  11.333 0.1000000015
144854  31.833  38.534  12.322 0.1000000015
109583  30.661  37.552  12.833 0.1000000015
110912  39.336  39.637  5.361 0.1000000015
110270  38.429  38.454  6.194 0.1000000015
110259  35.483  38.466  8.859 0.1000000015
110251  34.377  38.241  9.773 0.1000000015
110236  33.939  38.616  10.200 0.1000000015
110237  33.221  38.291  10.711 0.1000000015
110223  32.019  37.734  11.615 0.1000000015
108898  31.158  36.989  12.181 0.1000000015
111501  40.885  40.862  3.980 0.1000000015
110277  39.717  38.896  4.920 0.1000000015
110258  36.078  38.254  8.365 0.1000000015
109614  34.488  37.392  9.804 0.1000000015
108899  30.515  36.535  12.532 0.1000000015
140446  28.269  33.696  13.630 0.1000000015
106866  28.989  33.725  13.053 0.1000000015
113170  46.442  43.438  5.091 0.1000000015
130778  49.460  42.220  0.067 0.1000000015
110997  48.860  39.192  -0.375 0.1000000015
136753  47.042  34.452  1.108 0.1000000015
108181  35.353  35.537  16.587 0.1000000015
107494  30.375  35.036  18.136 0.1000000015
107514  38.127  34.841  15.161 0.1000000015
108852  32.406  36.048  17.466 0.1000000015
138529  39.679  35.521  13.879 0.1000000015
108896  40.542  36.596  12.738 0.1000000015
109531  31.882  37.264  16.551 0.1000000015
109550  31.395  37.886  15.846 0.1000000015
110180  32.340  38.865  14.775 0.1000000015
110855  34.320  40.140  12.185 0.1000000015
110843  32.705  39.422  13.645 0.1000000015
110827  33.504  39.382  14.143 0.1000000015
111476  37.967  40.673  7.226 0.1000000015
108235  29.788  35.159  12.775 0.1000000015
108233  31.207  35.963  11.956 0.1000000015
110373  47.561  37.945  -1.422 0.1000000015
111004  48.822  39.524  -0.950 0.1000000015
109034  47.619  36.403  -0.351 0.1000000015
108388  47.034  34.806  -0.046 0.1000000015
106959  46.159  32.870  0.504 0.1000000015
108180  36.708  35.796  15.753 0.1000000015
108873  36.394  36.598  15.585 0.1000000015
150256  33.131  36.286  17.208 0.1000000015
109571  39.068  37.369  13.374 0.1000000015
108889  38.615  37.060  13.871 0.1000000015
109560  37.982  37.296  14.175 0.1000000015
109548  33.325  37.848  15.872 0.1000000015
109580  40.275  37.427  12.452 0.1000000015
110179  33.190  38.904  14.810 0.1000000015
110826  34.425  39.305  14.184 0.1000000015
110177  34.977  38.772  14.617 0.1000000015
110853  36.733  39.851  12.674 0.1000000015
110854  35.892  39.998  12.825 0.1000000015
124528  35.004  40.078  12.973 0.1000000015
110825  35.155  39.239  14.104 0.1000000015
111447  36.480  40.743  10.542 0.1000000015
148307  35.997  40.656  10.904 0.1000000015
111437  35.572  40.499  11.328 0.1000000015
111459  37.059  40.987  9.913 0.1000000015
111460  36.223  40.548  9.588 0.1000000015
134251  41.055  35.951  4.208 0.1000000015
135102  45.690  39.038  -2.466 0.1000000015
111572  46.608  39.988  -2.550 0.1000000015
109036  45.528  35.874  -1.150 0.1000000015
112719  45.765  41.880  -3.218 0.1000000015
106924  41.955  33.312  3.870 0.1000000015
148175  46.479  42.881  -1.983 0.1000000015
126115  45.337  35.023  -0.777 0.1000000015
141203  43.053  32.866  2.802 0.1000000015
109546  35.152  37.598  15.583 0.1000000015
109582  38.756  38.142  13.016 0.1000000015
110176  35.879  38.717  14.304 0.1000000015
145181  41.343  37.823  11.316 0.1000000015
110205  39.981  38.243  12.105 0.1000000015
110192  37.995  38.504  13.237 0.1000000015
110852  37.625  39.379  12.685 0.1000000015
110220  40.412  38.689  11.462 0.1000000015
110862  40.088  39.420  11.155 0.1000000015
110864  38.635  39.935  11.548 0.1000000015
110865  37.952  39.883  11.981 0.1000000015
110877  40.368  40.001  10.495 0.1000000015
111444  39.651  40.519  10.413 0.1000000015
145350  38.311  40.993  10.319 0.1000000015
111446  37.668  40.883  10.591 0.1000000015
127765  41.046  40.493  9.585 0.1000000015
111991  39.829  41.406  9.106 0.1000000015
111992  38.995  41.469  9.126 0.1000000015
111445  38.623  41.227  9.787 0.1000000015
112001  42.191  41.317  8.362 0.1000000015
134924  43.000  40.737  8.472 0.1000000015
150055  38.895  41.567  7.627 0.1000000015
112016  40.225  42.040  7.207 0.1000000015
112015  41.631  41.975  7.757 0.1000000015
112594  41.079  42.258  7.142 0.1000000015
112605  40.629  42.206  6.550 0.1000000015
136641  41.886  42.602  6.037 0.1000000015
112614  42.490  42.752  5.666 0.1000000015
147001  44.896  40.269  -2.457 0.1000000015
112120  44.647  40.974  -2.524 0.1000000015
111006  44.830  39.606  -1.929 0.1000000015
139824  45.256  41.812  -3.423 0.1000000015
112109  43.247  41.170  -0.921 0.1000000015
113784  45.979  44.683  -1.827 0.1000000015
105520  41.259  31.965  4.366 0.1000000015
105526  41.257  31.663  3.897 0.1000000015
105560  43.379  31.468  0.291 0.1000000015
105542  41.969  30.709  1.623 0.1000000015
107595  38.683  33.795  7.102 0.1000000015
112722  43.253  43.071  -2.605 0.1000000015
114302  48.357  45.638  -0.182 0.1000000015
114327  46.667  46.644  -2.098 0.1000000015
112690  40.584  42.283  0.706 0.1000000015
104855  41.036  29.738  -0.135 0.1000000015
114276  48.232  45.667  2.299 0.1000000015
145097  47.682  45.582  0.614 0.1000000015
114801  46.211  47.457  -2.595 0.1000000015
105553  39.871  30.315  -0.043 0.1000000015
130992  46.506  45.511  0.944 0.1000000015
114782  45.945  46.646  -1.028 0.1000000015
114792  46.449  47.582  -1.559 0.1000000015
105554  38.915  30.826  -0.310 0.1000000015
125213  47.385  45.678  3.846 0.1000000015
115795  46.711  49.395  -2.061 0.1000000015
107651  35.301  34.288  1.655 0.1000000015
114277  45.135  45.340  1.981 0.1000000015
114305  44.630  45.706  0.370 0.1000000015
116338  45.514  50.283  -2.603 0.1000000015
109020  41.555  36.256  0.832 0.1000000015
106249  35.703  32.582  -0.140 0.1000000015
135260  41.908  38.965  24.344 0.1000000015
130821  37.189  37.965  22.360 0.1000000015
110772  37.897  39.875  22.950 0.1000000015
110103  37.013  38.277  21.558 0.1000000015
114262  44.284  45.329  3.449 0.1000000015
114293  43.591  45.523  1.502 0.1000000015
114784  43.887  46.878  -0.771 0.1000000015
115813  43.860  49.725  -2.530 0.1000000015
132884  43.025  49.118  -2.453 0.1000000015
150248  40.057  35.902  0.638 0.1000000015
106265  35.401  32.277  -0.759 0.1000000015
106998  39.220  33.189  -2.273 0.1000000015
105600  37.206  31.340  -2.089 0.1000000015
106282  36.114  32.061  -1.605 0.1000000015
114634  40.139  46.083  21.229 0.1000000015
111911  37.845  41.196  22.071 0.1000000015
111380  36.752  40.281  21.446 0.1000000015
114242  45.720  45.371  5.067 0.1000000015
148991  45.968  45.401  4.525 0.1000000015
149033  43.726  45.299  3.803 0.1000000015
114307  43.007  45.828  0.989 0.1000000015
114339  39.913  45.518  -4.027 0.1000000015
114819  39.940  46.398  -4.538 0.1000000015
109669  40.499  37.581  1.366 0.1000000015
133859  40.284  39.072  1.579 0.1000000015
109021  40.721  36.073  0.829 0.1000000015
110323  38.130  37.786  1.996 0.1000000015
112470  39.591  42.548  22.070 0.1000000015
112481  38.458  42.460  21.587 0.1000000015
113036  36.841  43.311  20.223 0.1000000015
111932  35.957  41.681  19.319 0.1000000015
111931  36.219  41.059  19.957 0.1000000015
112532  36.444  42.303  16.819 0.1000000015
125098  45.234  45.425  7.707 0.1000000015
125094  44.511  45.300  6.460 0.1000000015
140825  41.361  47.137  2.363 0.1000000015
115784  42.689  49.563  0.236 0.1000000015
110972  39.876  39.512  1.806 0.1000000015
136580  40.351  40.797  1.438 0.1000000015
110970  40.990  39.443  1.227 0.1000000015
114075  38.560  45.211  20.663 0.1000000015
114080  36.840  45.415  19.338 0.1000000015
114656  35.822  45.776  16.937 0.1000000015
113589  36.290  44.670  19.229 0.1000000015
113594  35.756  44.536  18.499 0.1000000015
113585  36.518  43.956  19.738 0.1000000015
114094  35.851  45.139  16.711 0.1000000015
140252  36.246  44.820  16.264 0.1000000015
113595  35.591  44.397  17.743 0.1000000015
114106  36.923  45.885  15.052 0.1000000015
113072  37.045  43.609  16.102 0.1000000015
144262  38.495  43.609  15.523 0.1000000015
115772  42.244  49.385  0.819 0.1000000015
113238  39.035  42.885  1.489 0.1000000015
115190  39.914  47.270  6.759 0.1000000015
115747  41.330  48.664  3.132 0.1000000015
132077  41.095  48.484  3.721 0.1000000015
113239  38.312  43.292  1.725 0.1000000015
113632  39.540  44.830  13.273 0.1000000015
145141  38.059  45.522  -0.371 0.1000000015
116268  41.176  49.363  4.181 0.1000000015
115774  40.280  49.072  0.366 0.1000000015
116321  39.139  49.092  -1.383 0.1000000015
95350  44.876  17.367  20.025 0.1000000015
95367  44.520  17.446  19.272 0.1000000015
124645  43.890  17.529  19.938 0.1000000015
96173  43.134  18.309  18.837 0.1000000015
125480  43.719  17.757  19.063 0.1000000015
96181  43.096  18.462  17.971 0.1000000015
96186  43.161  18.756  17.186 0.1000000015
95382  43.510  17.812  18.149 0.1000000015
95381  44.181  17.377  18.419 0.1000000015
140914  43.374  18.391  16.584 0.1000000015
147695  49.007  18.342  35.526 0.1000000015
95351  43.559  17.265  20.595 0.1000000015
93557  46.734  15.423  24.537 0.1000000015
96820  49.704  18.661  34.381 0.1000000015
96065  49.662  18.662  35.187 0.1000000015
96068  47.700  17.943  35.474 0.1000000015
135354  46.980  16.881  35.533 0.1000000015
95228  45.970  16.913  34.992 0.1000000015
95368  43.161  18.032  19.644 0.1000000015
96947  43.207  19.713  17.208 0.1000000015
98359  43.854  20.993  16.864 0.1000000015
97653  43.617  20.310  16.593 0.1000000015
97652  44.239  20.956  16.138 0.1000000015
96953  43.426  19.308  16.365 0.1000000015
97659  43.861  20.099  15.771 0.1000000015
96192  43.533  18.526  15.867 0.1000000015
96959  43.718  19.290  15.448 0.1000000015
96073  49.230  18.155  35.050 0.1000000015
96066  49.096  18.231  35.445 0.1000000015
95226  48.084  16.932  35.454 0.1000000015
97647  43.451  20.599  17.350 0.1000000015
125949  44.928  21.685  16.245 0.2000000030
96833  48.350  18.965  32.461 0.1000000015
96074  48.602  17.792  34.443 0.1000000015
95233  48.333  17.041  34.957 0.1000000015
95234  47.625  16.708  34.172 0.1000000015
95217  47.537  16.449  35.490 0.1000000015
96098  47.516  18.724  32.031 0.1000000015
96085  48.020  18.274  33.117 0.1000000015
95248  47.813  17.492  33.682 0.1000000015
96860  46.686  19.524  30.586 0.1000000015
96851  47.088  19.145  31.241 0.1000000015
96086  47.148  18.035  32.592 0.1000000015
97548  47.083  20.202  30.178 0.1000000015
96861  45.864  19.260  30.376 0.1000000015
96105  46.279  18.883  31.001 0.1000000015
97560  45.772  20.320  29.347 0.2000000030
96867  45.449  19.604  29.716 0.1000000015
149640  44.897  20.999  14.836 0.1000000015
94368  47.902  16.424  35.164 0.1000000015
96099  46.688  18.473  31.697 0.1000000015
96859  47.513  19.769  30.772 0.1000000015
125692  48.292  17.489  35.517 0.1000000015
95227  47.705  17.152  35.608 0.1000000015
96084  48.880  18.482  33.732 0.1000000015
96866  46.254  19.908  29.973 0.1000000015
104782  41.529  30.345  16.238 0.1000000015
105472  43.024  31.692  15.853 0.1000000015
104791  41.903  30.791  15.812 0.1000000015
106156  44.311  32.764  15.741 0.1000000015
106158  42.504  31.764  14.951 0.1000000015
102819  40.882  27.817  17.695 0.1000000015
137739  40.509  27.045  17.831 0.1000000015
103463  40.454  28.522  17.549 0.1000000015
130356  44.770  28.981  17.138 0.1000000015
104098  40.872  29.193  17.190 0.1000000015
148751  41.902  29.934  16.750 0.1000000015
102817  43.146  27.455  17.387 0.1000000015
102818  42.401  27.657  17.525 0.1000000015
143342  41.663  27.813  17.606 0.1000000015
103462  41.309  28.539  17.483 0.1000000015
103459  44.078  28.733  17.311 0.1000000015
104097  41.827  29.284  17.215 0.1000000015
104115  42.546  29.788  17.006 0.1000000015
105465  42.673  31.029  16.199 0.1000000015
105464  43.665  31.072  16.487 0.1000000015
106148  45.209  32.678  16.189 0.1000000015
106149  43.930  32.011  16.163 0.1000000015
103460  42.896  28.252  17.466 0.1000000015
103461  42.135  28.466  17.487 0.1000000015
102816  43.610  28.072  17.385 0.1000000015
143736  43.347  28.739  17.392 0.1000000015
104096  42.700  29.045  17.359 0.1000000015
104114  43.414  29.532  17.198 0.1000000015
132065  43.801  30.222  16.900 0.1000000015
104780  43.065  30.381  16.746 0.1000000015
105463  44.769  31.334  16.509 0.1000000015
127305  44.731  32.186  16.268 0.1000000015
104113  44.301  29.589  17.111 0.1000000015
104779  44.521  30.399  16.803 0.1000000015
137116  40.064  27.768  17.843 0.1000000015
104781  42.280  30.411  16.484 0.1000000015
106157  43.348  32.293  15.406 0.1000000015
90822  41.791  11.959  32.189 0.1000000015
90856  49.561  13.249  30.852 0.1000000015
91731  46.627  13.603  34.884 0.2000000030
91755  48.590  13.135  32.884 0.2000000030
92644  44.393  14.388  29.196 0.2000000030
92659  50.498  14.700  29.661 0.1000000015
92682  44.820  14.886  26.328 0.2000000030
93427  47.132  15.568  35.428 0.2000000030
93439  46.037  15.149  35.384 0.2000000030
93455  47.226  14.650  34.283 0.2000000030
93504  42.677  15.729  28.437 0.2000000030
93532  41.887  15.817  26.414 0.2000000030
93561  41.726  15.865  24.734 0.3000000119
93569  45.389  15.434  23.492 0.1000000015
93577  45.938  15.646  22.791 0.1000000015
93579  44.068  15.669  22.710 0.2000000030
93627  47.024  15.943  16.227 0.1000000015
93628  46.057  15.852  16.140 0.1000000015
93639  45.681  15.706  15.411 0.1000000015
93646  46.921  15.481  14.685 0.1000000015
93647  46.067  15.419  14.199 0.1000000015
93658  46.142  15.350  13.426 0.1000000015
93666  48.991  15.731  11.848 0.1000000015
93726  46.163  15.652  8.820 0.1000000015
94351  47.384  15.965  35.357 0.2000000030
94352  47.227  15.923  35.481 0.1000000015
94357  47.698  16.370  35.327 0.1000000015
94358  46.828  16.247  35.524 0.1000000015
94387  42.608  16.507  32.253 0.1000000015
94406  43.129  16.428  29.379 0.2000000030
94420  35.336  16.116  28.032 0.1000000015
94428  41.575  16.509  26.830 0.2000000030
94476  44.442  16.542  21.282 0.1000000015
94544  44.933  15.987  15.337 0.1000000015
94555  44.757  16.103  14.718 0.1000000015
94562  44.573  16.634  13.587 0.1000000015
95225  48.646  17.676  35.388 0.1000000015
95253  42.944  17.181  32.230 0.1000000015
95264  45.563  17.393  31.722 0.2000000030
95268  42.058  17.154  31.245 0.1000000015
95275  41.732  17.620  30.613 0.1000000015
95280  43.476  17.239  29.629 0.3000000119
95281  42.976  17.048  29.160 0.2000000030
95284  39.935  17.160  29.244 0.1000000015
95294  38.741  17.380  28.470 0.1000000015
95302  41.635  17.344  27.292 0.2000000030
95304  36.214  17.425  27.646 0.1000000015
95307  33.701  17.699  27.541 0.1000000015
95323  40.608  17.846  24.221 0.3000000119
95326  40.924  17.104  23.763 0.3000000119
95340  42.924  17.238  20.969 0.2000000030
95342  41.509  17.655  21.921 0.2000000030
95392  46.560  16.916  18.201 0.1000000015
95395  43.442  17.879  17.192 0.1000000015
95459  44.683  17.385  10.602 0.1000000015
95471  44.909  17.192  9.409 0.1000000015
96067  48.617  18.102  35.528 0.1000000015
96123  43.953  18.945  29.140 0.2000000030
96129  36.718  18.687  27.795 0.1000000015
96155  40.763  18.763  24.821 0.2000000030
96159  40.948  18.191  22.477 0.3000000119
96222  44.547  18.639  11.339 0.1000000015
96240  42.197  18.780  8.167 0.1000000015
96246  42.141  18.536  7.336 0.1000000015
96266  46.293  19.226  4.479 0.1000000015
96819  50.323  18.873  34.842 0.1000000015
96883  39.084  19.624  28.617 0.1000000015
96884  38.760  19.031  28.366 0.1000000015
96887  35.197  19.384  27.910 0.1000000015
96901  41.497  19.157  26.062 0.2000000030
96919  41.172  19.472  21.853 0.3000000119
96921  41.539  19.268  21.122 0.3000000119
96923  42.131  19.793  20.145 0.2000000030
96941  42.956  20.126  18.042 0.1000000015
96958  44.155  19.904  14.960 0.1000000015
96966  43.978  19.149  14.648 0.1000000015
96983  44.641  19.322  11.625 0.1000000015
97014  45.386  19.964  6.118 0.1000000015
97501  53.151  20.436  34.893 0.1000000015
97518  53.185  20.363  34.184 0.1000000015
97535  51.890  20.899  32.139 0.1000000015
97553  32.418  20.861  29.888 0.1000000015
97568  33.962  20.728  29.339 0.1000000015
97569  32.759  20.407  29.095 0.1000000015
97579  38.453  20.192  28.819 0.1000000015
97608  43.979  20.687  25.104 0.5000000000
97614  42.832  21.099  23.961 0.4000000060
97617  41.833  20.911  22.605 0.4000000060
97618  41.371  20.235  22.183 0.3000000119
97632  42.697  21.085  19.380 0.3000000119
97658  44.443  20.620  15.279 0.1000000015
97683  45.294  20.647  11.443 0.1000000015
97723  42.942  19.807  5.498 0.1000000015
97733  46.072  20.930  2.753 0.1000000015
97746  44.721  20.683  1.063 0.1000000015
98202  53.611  21.846  35.212 0.1000000015
98203  53.401  21.893  35.404 0.1000000015
98207  52.963  20.919  35.182 0.1000000015
98212  53.720  21.747  34.995 0.1000000015
98221  53.271  20.867  33.563 0.1000000015
98265  31.606  21.367  31.022 0.1000000015
98328  42.531  21.455  20.553 0.3000000119
98333  42.953  21.762  19.971 0.3000000119
98341  44.247  22.024  18.024 0.3000000119
98358  44.375  21.512  16.856 0.3000000119
98365  44.881  21.298  15.484 0.1000000015
98391  45.728  21.251  11.819 0.1000000015
98440  46.167  22.084  1.315 0.1000000015
98447  45.986  22.492  0.941 0.1000000015
98448  45.643  21.633  0.965 0.1000000015
98449  44.989  21.479  0.751 0.1000000015
98960  50.926  22.331  31.495 0.1000000015
98975  30.731  22.347  31.877 0.1000000015
98978  49.035  22.615  30.088 0.1000000015
99002  54.422  22.766  25.532 0.8999999762
99010  55.112  22.811  25.298 0.8999999762
99014  50.179  22.554  24.298 0.8999999762
99045  44.206  23.002  20.752 0.4000000060
99046  43.550  22.451  20.359 0.4000000060
99068  44.875  22.370  17.708 0.3000000119
99089  47.377  22.804  14.632 0.4000000060
99114  46.779  22.205  11.851 0.1000000015
99132  47.408  22.895  9.517 0.2000000030
99154  45.733  22.335  6.730 0.2000000030
99641  51.736  23.898  37.716 0.2000000030
99652  51.810  23.788  37.525 0.2000000030
99659  43.764  23.862  36.341 0.1000000015
99663  53.291  22.711  35.921 0.2000000030
99671  42.385  23.736  35.707 0.1000000015
99679  53.520  23.050  35.836 0.2000000030
99684  47.958  23.195  34.485 0.1000000015
99688  43.085  23.516  34.563 0.1000000015
99696  52.760  23.463  34.194 0.2000000030
99718  44.085  23.369  32.755 0.1000000015
99741  36.091  23.532  32.066 0.1000000015
99772  55.245  23.361  25.567 0.8999999762
99775  52.576  23.269  25.472 0.8999999762
99796  55.354  22.869  24.394 0.8999999762
99854  49.329  23.787  18.085 0.6000000238
99857  46.502  23.587  18.846 0.4000000060
99866  49.691  23.663  17.377 0.6000000238
99877  52.526  23.377  15.961 0.6000000238
99881  47.160  23.304  16.972 0.4000000060
99886  55.401  23.926  14.949 0.6999999881
99891  47.876  23.157  15.207 0.4000000060
99912  47.589  22.846  13.853 0.3000000119
99927  50.974  23.789  10.983 0.4000000060
99952  39.838  24.069  9.062 0.1000000015
99980  43.545  23.865  5.150 0.1000000015
99985  43.789  23.716  4.132 0.1000000015
99999  45.217  23.676  1.531 0.1000000015
100004  45.507  23.060  0.989 0.1000000015
100447  49.307  24.833  40.507 0.1000000015
100460  49.771  24.410  40.097 0.1000000015
100494  51.773  24.281  37.072 0.2000000030
100497  42.590  24.032  36.215 0.1000000015
100592  55.025  24.135  26.196 0.8999999762
100630  55.086  24.417  19.327 0.8000000119
100689  55.030  24.036  12.894 0.6000000238
100743  38.793  24.817  9.603 0.1000000015
100754  51.820  24.915  7.694 0.3000000119
100760  40.641  25.089  7.988 0.1000000015
100768  49.088  24.760  4.837 0.2000000030
100774  50.394  25.124  4.893 0.3000000119
100775  49.668  25.235  4.517 0.3000000119
100797  46.421  24.280  1.782 0.1000000015
101204  49.367  25.285  40.556 0.1000000015
101206  47.592  25.572  40.644 0.1000000015
101250  45.649  26.172  35.545 0.2000000030
101270  47.315  25.242  33.888 0.2000000030
101273  44.321  25.658  33.424 0.2000000030
101317  35.302  25.781  29.877 0.1000000015
101332  43.301  25.150  28.741 0.3000000119
101340  41.461  25.866  27.963 0.4000000060
101417  41.806  25.290  16.911 0.1000000015
101462  39.104  25.246  10.027 0.1000000015
101473  42.341  25.259  9.644 0.2000000030
101474  39.529  25.363  9.378 0.1000000015
101487  39.764  25.300  8.733 0.1000000015
101494  51.821  25.178  7.703 0.3000000119
101501  40.838  25.252  8.031 0.1000000015
101527  48.512  25.952  3.975 0.2000000030
101530  44.037  25.375  5.721 0.2000000030
101543  46.685  25.292  2.874 0.1000000015
101958  47.562  26.747  41.368 0.1000000015
101959  46.670  27.061  41.053 0.1000000015
102010  46.442  26.598  36.803 0.2000000030
102048  42.189  26.652  32.097 0.2000000030
102096  40.938  26.698  26.574 0.4000000060
102135  51.638  26.397  19.842 0.8999999762
102151  41.740  26.498  17.516 0.2000000030
102234  46.830  26.316  6.106 0.2000000030
102637  45.818  27.012  40.326 0.1000000015
102638  45.048  26.991  39.447 0.1000000015
102691  42.486  27.274  32.671 0.2000000030
102721  40.760  27.368  29.831 0.3000000119
102733  39.735  27.748  27.927 0.3000000119
102761  39.902  27.560  26.028 0.4000000060
103241  47.793  27.832  41.423 0.1000000015
103250  47.899  28.600  41.060 0.1000000015
103300  42.821  27.810  33.198 0.2000000030
103356  39.488  28.344  27.700 0.2000000030
103368  38.770  28.909  25.605 0.2000000030
103370  54.751  28.124  25.970 0.8000000119
103946  44.822  29.255  35.472 0.2000000030
103954  44.292  29.352  34.039 0.2000000030
103986  41.699  29.016  30.488 0.3000000119
104000  40.590  28.909  29.208 0.3000000119
104011  39.650  28.908  28.072 0.2000000030
104027  38.599  29.617  25.274 0.2000000030
104062  56.039  29.934  22.248 0.8999999762
104538  47.292  30.045  41.357 0.1000000015
104548  47.433  31.020  41.215 0.1000000015
104574  42.487  30.782  37.347 0.1000000015
104589  41.984  30.776  36.887 0.1000000015
104643  45.081  30.804  31.069 0.1000000015
104644  43.343  30.355  30.528 0.2000000030
104684  38.504  30.229  24.927 0.2000000030
104692  38.602  30.544  23.531 0.2000000030
104744  56.246  31.159  20.230 0.8999999762
104847  42.210  30.415  0.731 0.1000000015
104854  41.518  29.980  0.150 0.1000000015
104864  39.366  29.724  -1.008 0.1000000015
104865  38.819  29.901  -1.470 0.1000000015
104866  38.321  30.338  -1.514 0.1000000015
105243  49.978  31.633  38.863 0.1000000015
105278  42.307  31.141  37.080 0.1000000015
105290  41.953  31.458  35.934 0.1000000015
105308  42.084  31.920  33.095 0.1000000015
105320  40.296  31.708  33.357 0.1000000015
105330  45.823  30.955  31.398 0.1000000015
105353  43.266  31.932  28.728 0.1000000015
105534  42.351  31.295  2.340 0.1000000015
105540  44.928  31.677  1.138 0.1000000015
105544  40.291  31.205  0.992 0.1000000015
105549  44.586  31.434  0.953 0.1000000015
105550  43.773  31.246  0.815 0.1000000015
105566  36.897  31.375  -1.211 0.1000000015
105581  40.283  30.034  -1.422 0.1000000015
105960  51.352  30.664  36.582 0.1000000015
106045  43.893  32.292  28.724 0.1000000015
106094  56.506  32.770  20.043 0.8999999762
106118  43.476  32.547  19.608 0.4000000060
106182  44.212  31.765  11.374 0.2000000030
106205  39.150  32.574  6.181 0.1000000015
106210  40.554  32.213  4.981 0.1000000015
106224  44.629  32.135  1.569 0.1000000015
106243  45.736  32.186  0.752 0.1000000015
106799  52.100  34.011  19.695 0.8999999762
106854  27.427  33.630  15.445 0.1000000015
106910  37.913  33.493  6.120 0.1000000015
106917  40.852  33.574  4.884 0.1000000015
106918  39.471  32.479  4.992 0.1000000015
106923  42.455  32.963  3.369 0.1000000015
106926  38.905  33.535  3.375 0.1000000015
106934  44.601  32.907  1.882 0.1000000015
106939  37.955  34.126  2.059 0.1000000015
106946  46.116  32.512  0.973 0.1000000015
106973  46.546  33.651  0.271 0.1000000015
107001  36.638  33.138  -2.526 0.1000000015
107513  45.993  34.265  15.202 0.2000000030
107561  48.288  34.485  7.810 0.3000000119
107575  47.853  34.495  7.811 0.4000000060
107604  36.927  34.570  5.947 0.1000000015
107640  34.907  34.755  2.208 0.1000000015
107646  46.570  33.285  0.865 0.1000000015
107650  36.189  34.352  1.680 0.1000000015
107693  39.084  34.678  -2.870 0.1000000015
108116  37.914  35.618  22.683 0.2000000030
108153  49.404  36.030  18.833 0.6000000238
108161  31.256  35.034  18.279 0.1000000015
108199  55.170  36.095  14.698 0.8000000119
108286  48.072  34.904  7.426 0.3000000119
108301  49.311  34.978  6.881 0.4000000060
108302  48.813  34.869  7.074 0.5000000000
108313  39.071  35.039  6.526 0.1000000015
108339  33.295  36.015  4.211 0.1000000015
108358  42.938  35.929  2.876 0.1000000015
108366  47.555  35.707  0.852 0.1000000015
108375  47.359  34.942  0.726 0.1000000015
108390  44.274  35.014  -0.296 0.1000000015
108851  33.262  35.656  17.463 0.1000000015
108855  29.779  36.170  16.999 0.1000000015
108936  52.763  36.738  7.559 0.5000000000
108938  51.745  36.081  7.002 0.6000000238
108939  49.987  35.510  6.917 0.6000000238
109003  46.083  36.084  1.496 0.1000000015
109005  41.039  36.909  1.141 0.1000000015
109017  47.837  36.379  0.423 0.1000000015
109019  42.282  36.454  0.696 0.1000000015
109046  46.145  36.258  -1.463 0.1000000015
109448  40.179  37.711  24.481 0.1000000015
109484  38.603  37.816  19.839 0.2000000030
109564  30.262  38.000  14.855 0.1000000015
109599  33.954  37.080  10.225 0.1000000015
109605  53.085  37.335  7.965 0.6000000238
109618  52.297  37.015  6.907 0.6000000238
109638  39.013  37.305  5.749 0.1000000015
109670  39.636  37.370  1.456 0.1000000015
109723  46.132  37.836  -2.176 0.1000000015
110104  36.693  39.052  21.402 0.1000000015
110233  47.441  38.938  9.966 0.3000000119
110357  44.774  38.169  -1.209 0.1000000015
110760  38.444  39.448  23.462 0.1000000015
110761  37.758  39.163  23.163 0.1000000015
110939  41.398  39.412  3.513 0.1000000015
110969  44.613  39.902  1.416 0.1000000015
110984  48.145  38.713  0.312 0.1000000015
111005  47.180  38.664  -1.937 0.1000000015
111018  45.465  39.822  -2.633 0.1000000015
111358  40.299  40.828  23.390 0.1000000015
111379  37.217  41.027  21.568 0.1000000015
111386  36.007  41.146  19.104 0.1000000015
111392  37.108  40.276  17.360 0.3000000119
111403  38.611  40.810  15.761 0.2000000030
111417  45.797  40.706  13.093 0.2000000030
111470  41.563  40.848  8.947 0.1000000015
111477  37.697  40.861  7.847 0.1000000015
111502  40.371  40.401  4.455 0.1000000015
111526  38.439  40.331  2.888 0.1000000015
111537  39.794  40.230  1.865 0.1000000015
111547  48.767  40.287  0.133 0.1000000015
111551  41.772  40.448  0.521 0.1000000015
111573  45.841  40.422  -2.988 0.1000000015
111938  35.834  41.793  17.911 0.1000000015
111943  36.660  41.527  16.878 0.3000000119
111948  38.909  41.523  15.557 0.2000000030
111951  43.206  41.424  13.792 0.2000000030
111982  48.292  40.993  10.333 0.4000000060
111983  37.883  41.170  9.826 0.1000000015
112004  39.346  41.651  8.371 0.1000000015
112006  37.875  41.201  8.437 0.1000000015
112012  44.051  41.955  7.787 0.1000000015
112086  40.149  41.716  1.302 0.1000000015
112110  42.600  41.387  -0.459 0.1000000015
112111  42.032  41.900  -0.177 0.1000000015
112117  48.865  40.978  -1.097 0.1000000015
112132  44.369  41.821  -2.735 0.1000000015
112480  38.976  42.865  21.629 0.1000000015
112504  36.142  42.087  19.756 0.1000000015
112560  53.266  43.073  11.444 0.4000000060
112604  41.229  42.408  6.372 0.1000000015
112615  40.684  42.181  5.841 0.1000000015
112653  45.193  43.095  2.062 0.1000000015
112674  38.525  42.673  1.995 0.1000000015
112691  39.837  42.596  1.084 0.1000000015
112720  44.706  42.242  -3.459 0.1000000015
112726  44.846  42.686  -3.646 0.1000000015
113027  39.633  43.322  21.717 0.1000000015
113113  53.170  43.667  11.428 0.4000000060
113245  50.156  43.739  0.342 0.1000000015
113246  49.905  43.446  0.545 0.1000000015
113249  40.206  43.140  0.431 0.1000000015
113256  50.118  43.608  0.063 0.1000000015
113261  39.744  43.849  0.085 0.1000000015
113284  44.999  43.128  -3.701 0.1000000015
113294  43.149  44.070  -4.378 0.1000000015
113572  41.858  44.081  22.249 0.1000000015
113641  52.827  44.250  11.845 0.4000000060
113663  52.430  44.967  11.670 0.4000000060
113765  50.153  44.809  0.167 0.1000000015
113766  38.521  44.387  0.489 0.1000000015
113772  49.952  44.365  -0.165 0.1000000015
113797  39.194  45.223  -2.497 0.1000000015
113798  38.620  45.475  -2.493 0.1000000015
113807  42.359  44.269  -3.785 0.1000000015
113809  40.477  45.108  -3.415 0.1000000015
113820  43.593  44.693  -4.522 0.1000000015
114089  35.675  45.068  17.315 0.1000000015
114138  50.575  46.400  12.667 0.4000000060
114156  52.086  45.815  11.364 0.4000000060
114257  50.939  45.917  2.798 0.1000000015
114287  50.515  45.208  1.315 0.1000000015
114289  48.572  45.592  1.156 0.1000000015
114304  45.703  45.651  0.402 0.1000000015
114323  38.317  45.605  -1.986 0.1000000015
114338  40.867  45.221  -4.237 0.1000000015
114341  38.282  45.990  -3.659 0.1000000015
114354  41.298  45.560  -4.703 0.1000000015
114655  36.077  46.388  17.362 0.1000000015
114684  51.180  46.778  10.424 0.4000000060
114716  50.184  46.931  6.175 0.1000000015
114764  41.511  46.398  2.531 0.1000000015
114800  47.252  47.728  -2.138 0.1000000015
114817  42.811  45.891  -4.780 0.1000000015
114820  39.225  46.452  -4.415 0.1000000015
115154  36.841  47.474  17.418 0.1000000015
115270  42.427  47.385  0.612 0.1000000015
115285  46.883  48.781  -1.860 0.1000000015
115294  46.812  48.579  -2.477 0.1000000015
115295  45.908  48.389  -3.139 0.1000000015
115303  45.656  49.258  -3.283 0.1000000015
115307  40.864  47.713  -4.108 0.1000000015
115320  40.398  47.089  -4.477 0.1000000015
115674  37.538  48.144  14.666 0.1000000015
115798  43.340  50.064  -0.800 0.1000000015
115804  36.566  49.068  -2.166 0.1000000015
115811  46.638  49.390  -2.347 0.1000000015
115812  44.853  50.462  -2.259 0.1000000015
115819  36.527  49.306  -3.179 0.1000000015
115823  46.128  49.930  -2.807 0.1000000015
115825  44.810  49.943  -3.012 0.1000000015
115829  38.486  48.528  -4.063 0.1000000015
115830  37.622  48.335  -3.996 0.1000000015
115831  37.093  48.925  -3.912 0.1000000015
115839  39.004  47.741  -4.249 0.1000000015
116289  40.988  49.681  2.584 0.1000000015
116297  40.894  49.649  1.933 0.1000000015
116328  46.114  49.956  -2.266 0.1000000015
116329  45.245  50.446  -1.962 0.1000000015
116331  38.490  49.767  -2.254 0.1000000015
116340  36.649  49.960  -3.639 0.1000000015
116342  37.103  49.795  -3.927 0.1000000015
116807  39.095  50.690  3.487 0.1000000015
116856  36.679  50.736  -3.547 0.1000000015
117305  41.997  50.793  5.815 0.1000000015
124463  55.080  23.324  17.328 0.6999999881
124472  55.203  23.719  15.016 0.6999999881
124475  56.157  23.316  20.042 0.8000000119
124538  54.741  23.719  13.225 0.6999999881
124754  39.093  44.730  -0.876 0.1000000015
124830  43.044  42.873  3.928 0.1000000015
124885  40.917  39.337  15.706 0.2000000030
125133  45.382  20.649  6.342 0.1000000015
125201  54.755  23.331  16.702 0.6999999881
125376  46.574  30.303  33.036 0.1000000015
126736  45.331  22.833  18.190 0.4000000060
127402  44.377  37.654  -0.528 0.1000000015
127464  36.437  44.106  16.365 0.1000000015
127777  44.948  25.444  4.199 0.2000000030
127855  49.044  24.078  20.995 0.6999999881
127935  46.528  15.326  11.844 0.1000000015
128297  43.135  36.783  2.739 0.1000000015
129422  39.936  33.626  -1.929 0.1000000015
129642  41.809  17.954  21.321 0.2000000030
129748  42.864  24.964  36.888 0.1000000015
130457  34.850  35.784  4.040 0.1000000015
130506  35.812  19.637  28.195 0.1000000015
130676  46.351  40.689  -2.804 0.1000000015
130768  40.764  18.207  29.411 0.1000000015
131071  45.878  24.687  30.859 0.2000000030
131125  42.597  38.904  0.397 0.1000000015
131643  45.290  15.989  11.168 0.1000000015
131695  46.468  22.746  22.951 0.6999999881
132308  35.486  25.243  30.297 0.1000000015
132510  51.827  24.310  36.330 0.2000000030
132545  48.442  23.484  36.245 0.1000000015
132563  39.292  44.343  -0.232 0.1000000015
133024  45.786  15.478  12.034 0.1000000015
133061  41.904  35.051  19.497 0.3000000119
133086  48.431  23.369  15.681 0.4000000060
133167  48.126  35.680  10.534 0.3000000119
133277  41.535  45.654  4.017 0.1000000015
133362  44.726  49.262  -1.405 0.1000000015
133785  42.328  19.090  19.930 0.2000000030
133988  42.912  19.191  17.794 0.1000000015
134185  48.056  24.755  32.931 0.2000000030
134640  43.962  45.353  2.770 0.1000000015
134988  50.234  24.166  8.273 0.3000000119
135748  48.318  26.646  41.195 0.1000000015
136364  44.773  49.040  -3.532 0.1000000015
136537  45.655  30.370  32.064 0.1000000015
136562  34.867  25.115  30.030 0.1000000015
136965  34.065  37.863  10.012 0.1000000015
137591  56.448  32.266  20.391 0.8999999762
137596  38.112  46.721  -3.934 0.1000000015
137749  44.790  39.200  1.441 0.1000000015
138012  40.856  46.330  -4.694 0.1000000015
138344  51.452  26.954  17.073 0.8000000119
138425  47.004  38.366  9.268 0.2000000030
139678  42.396  15.457  26.075 0.2000000030
139826  40.631  26.819  29.386 0.2000000030
140055  55.357  23.723  22.989 0.8999999762
140361  46.291  29.953  40.676 0.1000000015
140489  45.397  29.702  35.717 0.2000000030
141412  44.292  31.875  11.306 0.2000000030
141536  55.420  23.771  16.643 0.6999999881
141558  55.446  23.998  14.793 0.6999999881
141593  55.779  23.634  18.705 0.6999999881
141732  54.518  22.613  25.242 0.8999999762
141785  46.703  38.062  -2.054 0.1000000015
141965  47.454  32.359  16.798 0.3000000119
142153  40.270  24.951  8.175 0.1000000015
142299  40.613  18.314  24.524 0.3000000119
142629  55.713  34.931  19.322 0.8999999762
142821  46.181  35.721  -1.228 0.1000000015
143220  40.690  29.625  -0.721 0.1000000015
143410  40.828  24.961  7.847 0.1000000015
143796  46.415  19.354  3.808 0.1000000015
143929  45.400  20.549  7.797 0.1000000015
144057  36.665  31.846  -1.925 0.1000000015
144475  41.979  41.995  3.700 0.1000000015
144613  44.126  27.245  34.776 0.2000000030
144736  53.027  37.984  7.681 0.6000000238
144864  46.801  33.736  1.064 0.1000000015
145090  54.628  26.058  26.643 0.8000000119
145128  49.117  46.235  12.883 0.3000000119
145197  43.842  28.451  22.425 0.5000000000
145619  44.925  29.786  33.555 0.2000000030
145711  32.405  38.733  11.798 0.1000000015
146113  47.071  12.474  32.468 0.1000000015
146181  49.887  31.434  39.014 0.1000000015
147210  35.533  43.107  18.077 0.1000000015
147271  49.761  13.115  30.405 0.1000000015
147332  46.852  33.305  19.492 0.5000000000
147386  55.454  22.847  20.976 0.8000000119
147397  42.365  33.641  3.444 0.1000000015
147482  45.622  16.880  7.467 0.1000000015
147596  44.653  26.516  26.731 0.4000000060
147653  50.190  46.691  6.622 0.2000000030
147655  41.877  25.434  29.186 0.3000000119
147727  45.339  39.291  -2.292 0.1000000015
147994  45.204  32.033  0.446 0.1000000015
148505  43.222  25.348  31.607 0.2000000030
148538  56.113  23.131  19.821 0.8000000119
148603  47.672  24.991  3.332 0.2000000030
148775  34.129  19.373  27.915 0.1000000015
149299  39.841  16.110  29.936 0.1000000015
149317  37.064  40.863  10.538 0.1000000015
149417  50.306  25.406  5.021 0.3000000119
149575  39.743  39.970  10.890 0.1000000015
149813  36.272  20.559  29.166 0.1000000015
149861  53.862  22.476  24.351 0.8999999762
149953  36.619  48.799  -2.821 0.1000000015
150038  46.810  34.184  0.128 0.1000000015
150114  45.943  24.811  31.409 0.2000000030
150118  42.964  23.564  35.214 0.1000000015
150221  39.665  25.422  9.935 0.1000000015
150229  36.170  40.767  18.840 0.2000000030
150296  38.117  17.162  28.268 0.1000000015
150381  40.561  32.698  5.199 0.1000000015
150545  51.917  36.531  6.861 0.6000000238
