#!ascii label  , from subject sub-v1s11x0050157_ses-1 vox2ras=TkReg
2310
31010  -29.388  -43.413  -9.297 0.5000000000
114805  -30.022  -42.853  -8.693 0.5000000000
127752  -30.647  -42.626  -8.244 0.5000000000
32488  -29.918  -41.492  -8.620 0.5000000000
32480  -30.715  -41.003  -7.939 0.5000000000
50230  -31.522  -21.520  -11.228 0.5000000000
50217  -32.215  -20.929  -10.261 0.4000000060
118303  -32.511  -20.614  -9.373 0.6000000238
51158  -32.662  -20.558  -8.560 0.5000000000
52214  -32.905  -19.731  -9.277 0.5000000000
51145  -32.844  -20.347  -7.787 0.5000000000
52202  -32.990  -19.838  -8.508 0.4000000060
115028  -33.553  -18.890  -8.236 0.4000000060
51146  -33.080  -19.929  -7.112 0.5000000000
52191  -33.383  -19.098  -7.436 0.5000000000
53197  -33.775  -18.293  -7.902 0.4000000060
30242  -29.867  -44.770  -8.557 0.5000000000
31011  -30.061  -43.842  -8.542 0.4000000060
31012  -30.872  -43.208  -8.007 0.5000000000
30997  -30.834  -43.976  -7.854 0.5000000000
110846  -31.908  -42.994  -7.565 0.5000000000
116431  -31.309  -41.743  -7.806 0.5000000000
33250  -31.507  -40.434  -7.482 0.5000000000
33249  -30.879  -40.024  -7.582 0.5000000000
49286  -30.577  -22.028  -12.301 0.5000000000
49297  -29.899  -22.009  -13.554 0.5000000000
50241  -30.971  -20.917  -12.440 0.5000000000
51190  -31.828  -20.295  -11.532 0.5000000000
51173  -32.714  -19.658  -10.149 0.6000000238
55793  -38.023  -15.948  -6.464 0.3000000119
52203  -33.530  -19.060  -9.083 0.4000000060
118406  -36.744  -15.933  -6.644 0.3000000119
54947  -35.277  -16.562  -7.138 0.4000000060
54132  -34.874  -17.068  -7.529 0.3000000119
31752  -31.251  -42.442  -7.873 0.5000000000
125812  -30.160  -40.260  -8.002 0.5000000000
51191  -32.495  -19.568  -11.080 0.6000000238
119540  -36.944  -15.117  -6.498 0.3000000119
116839  -37.609  -56.930  -6.733 0.3000000119
20082  -37.181  -56.660  -6.851 0.3000000119
20089  -36.722  -56.786  -7.668 0.4000000060
129567  -36.792  -57.061  -8.397 0.4000000060
111904  -36.378  -56.797  -8.727 0.4000000060
20897  -35.922  -56.290  -9.044 0.4000000060
20103  -36.890  -57.349  -9.162 0.4000000060
21693  -35.940  -55.530  -9.650 0.4000000060
20075  -36.919  -56.755  -6.284 0.3000000119
21659  -35.685  -55.910  -5.939 0.3000000119
20871  -35.539  -55.768  -6.810 0.4000000060
20878  -36.176  -56.295  -6.872 0.4000000060
20877  -35.600  -55.893  -7.580 0.4000000060
20886  -35.934  -56.390  -8.098 0.4000000060
20885  -35.654  -55.959  -8.305 0.4000000060
22482  -35.840  -54.691  -9.271 0.4000000060
113787  -36.857  -54.029  -10.509 0.4000000060
22483  -36.287  -54.667  -10.079 0.4000000060
22417  -34.416  -54.703  -4.453 0.3000000119
21658  -35.073  -55.341  -5.550 0.3000000119
22432  -34.683  -54.748  -5.214 0.3000000119
21669  -35.175  -55.295  -6.381 0.4000000060
22448  -34.956  -54.623  -6.720 0.4000000060
21683  -35.400  -55.357  -8.012 0.4000000060
22475  -35.516  -54.706  -8.469 0.4000000060
23915  -36.512  -52.513  -8.559 0.4000000060
23225  -36.374  -53.775  -9.577 0.4000000060
24620  -37.715  -51.433  -8.542 0.4000000060
24619  -36.894  -51.758  -8.245 0.4000000060
23925  -36.750  -52.854  -9.326 0.4000000060
21632  -34.395  -55.425  -3.911 0.3000000119
128608  -34.681  -55.785  -4.255 0.3000000119
22447  -34.636  -54.062  -6.196 0.3000000119
22459  -34.956  -53.810  -6.864 0.3000000119
22460  -35.240  -54.471  -7.595 0.4000000060
23215  -35.625  -53.796  -8.275 0.4000000060
24601  -36.616  -51.453  -7.511 0.4000000060
23914  -35.900  -52.931  -8.140 0.4000000060
23216  -36.175  -53.295  -8.795 0.4000000060
24602  -37.443  -51.114  -7.781 0.4000000060
25331  -38.086  -50.550  -7.240 0.4000000060
22398  -34.045  -54.610  -3.659 0.3000000119
23148  -34.096  -53.924  -4.244 0.3000000119
112994  -34.401  -54.093  -5.003 0.3000000119
23163  -34.249  -53.356  -4.858 0.3000000119
121440  -34.421  -52.915  -5.490 0.4000000060
23188  -34.648  -53.302  -6.198 0.4000000060
23884  -35.181  -52.796  -6.877 0.4000000060
23189  -35.410  -53.398  -7.573 0.4000000060
26091  -36.152  -49.845  -5.091 0.3000000119
25307  -36.018  -50.749  -6.181 0.4000000060
23895  -35.689  -52.619  -7.543 0.4000000060
25308  -36.861  -50.461  -6.444 0.3000000119
24600  -35.794  -51.915  -7.130 0.4000000060
25330  -37.149  -50.760  -7.115 0.4000000060
23120  -33.743  -53.490  -0.074 0.3000000119
23130  -33.482  -53.349  -0.906 0.3000000119
23793  -34.586  -52.621  0.470 0.3000000119
22397  -33.718  -54.573  -2.828 0.3000000119
23138  -33.449  -53.229  -1.806 0.3000000119
23147  -33.740  -53.723  -3.308 0.3000000119
23847  -33.669  -52.704  -3.250 0.3000000119
117815  -33.703  -51.703  -3.131 0.3000000119
23162  -33.948  -53.072  -4.071 0.3000000119
24556  -33.895  -52.176  -3.966 0.3000000119
24571  -34.749  -51.378  -5.241 0.3000000119
24557  -34.281  -51.734  -4.614 0.3000000119
25294  -35.105  -50.775  -5.211 0.3000000119
23874  -34.527  -52.147  -5.347 0.3000000119
24572  -35.332  -51.073  -5.786 0.3000000119
127531  -34.972  -51.750  -5.938 0.4000000060
26092  -37.117  -49.542  -5.347 0.3000000119
127813  -37.473  -49.853  -6.000 0.4000000060
26093  -38.225  -49.226  -5.512 0.4000000060
26108  -38.527  -49.580  -6.103 0.4000000060
23816  -33.735  -52.711  -0.394 0.3000000119
23825  -33.525  -52.532  -1.243 0.3000000119
24486  -34.676  -51.733  0.336 0.3000000119
111426  -33.529  -53.193  -2.611 0.3000000119
24526  -33.607  -51.713  -1.534 0.3000000119
113670  -34.249  -50.255  -2.800 0.3000000119
25258  -33.848  -50.876  -2.744 0.3000000119
25269  -34.880  -50.023  -4.010 0.3000000119
25279  -34.576  -50.829  -4.504 0.3000000119
125827  -34.018  -51.333  -3.872 0.3000000119
26921  -35.767  -48.894  -3.075 0.3000000119
25280  -35.323  -50.241  -4.812 0.3000000119
26063  -36.153  -48.992  -3.740 0.3000000119
26935  -37.035  -48.591  -3.914 0.3000000119
26077  -37.774  -48.956  -5.007 0.3000000119
26936  -37.927  -48.459  -4.442 0.3000000119
26109  -39.315  -49.264  -6.338 0.4000000060
23794  -35.406  -52.265  0.657 0.3000000119
23795  -36.220  -52.360  0.709 0.3000000119
24511  -33.773  -51.911  -0.655 0.3000000119
25217  -34.788  -50.873  0.145 0.3000000119
24489  -37.305  -52.021  0.605 0.3000000119
24473  -38.516  -51.590  0.837 0.3000000119
25229  -33.901  -51.133  -0.955 0.3000000119
25218  -35.466  -50.467  0.363 0.3000000119
24474  -39.280  -51.805  0.512 0.3000000119
26893  -35.514  -48.783  -1.395 0.3000000119
26052  -34.587  -49.752  -2.370 0.3000000119
25259  -34.114  -50.306  -2.108 0.3000000119
26053  -35.188  -49.297  -2.696 0.3000000119
26061  -34.697  -49.864  -3.170 0.3000000119
26908  -35.815  -48.631  -2.252 0.3000000119
26922  -36.708  -48.351  -3.148 0.3000000119
115622  -38.008  -47.998  -3.774 0.3000000119
26951  -38.913  -48.459  -5.040 0.4000000060
111877  -39.357  -47.886  -4.948 0.4000000060
26964  -39.439  -48.897  -6.478 0.5000000000
24487  -35.350  -51.282  0.491 0.3000000119
24488  -36.030  -51.614  0.649 0.3000000119
113459  -35.929  -50.876  0.632 0.3000000119
24471  -36.677  -51.068  0.845 0.3000000119
25247  -34.178  -50.444  -1.276 0.3000000119
26006  -35.654  -49.798  0.267 0.3000000119
24475  -40.387  -51.590  0.805 0.3000000119
26024  -36.264  -48.633  -0.168 0.3000000119
113895  -35.611  -49.259  -0.189 0.3000000119
24476  -41.365  -51.442  0.884 0.3000000119
26894  -36.195  -48.304  -1.351 0.3000000119
24494  -41.455  -51.979  -0.101 0.3000000119
27759  -38.371  -47.242  -1.714 0.3000000119
26909  -36.891  -48.028  -2.240 0.3000000119
25220  -43.228  -50.883  0.700 0.3000000119
26910  -38.149  -47.645  -2.993 0.3000000119
26923  -38.993  -47.398  -3.739 0.3000000119
26937  -39.047  -47.713  -4.462 0.3000000119
27815  -39.353  -47.936  -5.113 0.4000000060
27830  -39.152  -48.198  -5.624 0.5000000000
25219  -36.195  -50.133  0.704 0.3000000119
25200  -38.242  -50.462  1.432 0.3000000119
25201  -39.188  -50.773  1.537 0.3000000119
26007  -36.176  -49.308  0.413 0.3000000119
25988  -36.839  -49.527  0.937 0.3000000119
119332  -39.011  -49.913  1.816 0.3000000119
130632  -36.155  -48.418  -0.731 0.3000000119
25202  -40.163  -50.896  1.625 0.3000000119
27758  -37.224  -47.787  -1.493 0.3000000119
25204  -42.020  -50.682  1.515 0.3000000119
25992  -42.435  -50.029  1.861 0.3000000119
25205  -42.842  -50.412  1.413 0.3000000119
26862  -44.689  -47.988  0.930 0.3000000119
26848  -44.222  -48.738  1.276 0.3000000119
27760  -39.086  -46.731  -2.047 0.3000000119
27775  -39.300  -47.075  -3.313 0.3000000119
27786  -39.235  -47.178  -3.975 0.3000000119
25989  -37.534  -49.018  1.154 0.3000000119
25991  -39.361  -49.198  1.961 0.3000000119
27727  -38.067  -47.764  0.152 0.3000000119
112550  -38.335  -47.993  0.762 0.3000000119
26008  -36.867  -48.798  0.576 0.3000000119
26846  -39.099  -48.537  1.630 0.3000000119
26826  -39.786  -48.498  2.115 0.3000000119
25968  -40.615  -49.296  2.314 0.3000000119
120720  -39.884  -49.896  2.058 0.3000000119
27745  -38.742  -47.218  -0.401 0.3000000119
27728  -38.844  -47.424  0.409 0.3000000119
27716  -39.659  -47.682  1.770 0.3000000119
27696  -41.061  -47.408  2.486 0.3000000119
26828  -41.150  -48.725  2.464 0.3000000119
25969  -41.443  -49.403  2.325 0.3000000119
118651  -38.862  -47.018  -1.212 0.3000000119
27698  -42.911  -47.476  2.519 0.3000000119
117525  -42.454  -48.136  2.513 0.3000000119
28526  -43.309  -46.746  2.414 0.3000000119
27699  -43.702  -47.592  2.131 0.3000000119
26847  -43.602  -48.609  1.927 0.3000000119
29383  -44.261  -45.817  1.822 0.3000000119
27700  -44.039  -46.653  1.988 0.3000000119
28594  -39.227  -46.650  -2.861 0.4000000060
28555  -44.731  -46.454  1.302 0.3000000119
29444  -39.078  -46.409  -3.165 0.4000000060
29406  -46.118  -45.909  -0.635 0.3000000119
27798  -38.947  -47.210  -4.426 0.3000000119
27814  -38.720  -47.484  -5.176 0.4000000060
30174  -47.316  -44.839  -1.770 0.3000000119
119655  -37.764  -47.122  -5.830 0.5000000000
27844  -38.104  -47.445  -7.103 0.5000000000
28553  -39.189  -46.667  -0.022 0.3000000119
27729  -39.300  -47.098  0.936 0.3000000119
28543  -40.256  -46.203  2.099 0.3000000119
28523  -40.878  -46.533  2.431 0.3000000119
117038  -42.058  -46.071  2.629 0.3000000119
115888  -39.158  -46.388  -1.446 0.4000000060
29366  -43.601  -45.958  2.288 0.3000000119
126094  -44.386  -45.124  1.672 0.3000000119
118730  -38.634  -45.515  -2.047 0.4000000060
29443  -38.043  -45.785  -3.349 0.5000000000
113933  -45.190  -45.965  0.786 0.3000000119
29405  -45.861  -45.166  -0.147 0.4000000060
30162  -46.162  -44.300  -0.434 0.4000000060
29457  -37.501  -45.956  -4.174 0.5000000000
28613  -37.082  -46.233  -4.973 0.6000000238
30173  -46.737  -44.544  -1.187 0.3000000119
28636  -37.061  -46.390  -5.971 0.6000000238
28637  -37.577  -46.896  -6.630 0.6000000238
29380  -39.742  -45.819  1.551 0.3000000119
121892  -40.913  -44.878  2.451 0.3000000119
28567  -39.180  -46.075  -0.737 0.3000000119
29362  -40.829  -45.749  2.424 0.3000000119
30121  -41.785  -44.795  2.593 0.3000000119
29364  -42.332  -45.388  2.601 0.3000000119
30122  -42.560  -44.662  2.494 0.4000000060
29418  -38.969  -45.768  -1.403 0.4000000060
29382  -43.830  -45.200  2.102 0.4000000060
30905  -43.577  -43.746  1.900 0.4000000060
29417  -37.796  -44.737  -1.992 0.5000000000
30140  -44.085  -44.489  1.802 0.4000000060
30906  -44.360  -43.750  1.405 0.4000000060
122217  -45.201  -43.130  0.422 0.4000000060
30193  -37.311  -45.064  -3.219 0.5000000000
29442  -36.989  -45.276  -3.869 0.6000000238
30141  -44.837  -44.610  1.208 0.4000000060
30919  -45.056  -43.752  0.810 0.4000000060
30933  -46.098  -43.460  -0.455 0.4000000060
31678  -46.209  -42.893  -0.779 0.4000000060
29456  -36.708  -45.469  -4.675 0.6000000238
124843  -46.596  -43.592  -1.092 0.3000000119
31689  -46.534  -42.668  -1.414 0.4000000060
29469  -36.618  -45.567  -5.549 0.6000000238
29478  -37.076  -46.027  -7.034 0.6000000238
29489  -37.364  -45.597  -7.783 0.6999999881
29392  -39.241  -45.423  0.942 0.3000000119
117803  -39.612  -44.941  1.561 0.3000000119
131128  -40.715  -44.128  2.332 0.3000000119
29404  -38.742  -45.227  -0.474 0.3000000119
112977  -38.490  -44.430  0.221 0.3000000119
118169  -41.366  -44.176  2.490 0.3000000119
30889  -41.799  -43.549  2.406 0.4000000060
124465  -38.353  -44.951  -1.294 0.5000000000
30890  -42.679  -43.783  2.297 0.4000000060
119308  -43.819  -42.990  1.487 0.4000000060
30172  -37.636  -44.157  -1.274 0.5000000000
31666  -44.570  -42.958  0.887 0.4000000060
30184  -37.185  -44.525  -2.709 0.6000000238
31667  -44.998  -42.494  0.279 0.4000000060
31688  -45.878  -42.142  -0.948 0.4000000060
115806  -36.435  -44.767  -4.387 0.6000000238
32422  -46.227  -41.883  -1.741 0.4000000060
32428  -46.313  -41.726  -2.610 0.4000000060
126338  -36.549  -44.687  -6.741 0.6999999881
109136  -37.410  -44.912  -8.189 0.6999999881
29499  -37.839  -45.601  -8.492 0.6999999881
30137  -38.975  -43.728  1.212 0.4000000060
30138  -39.502  -44.087  1.606 0.4000000060
30903  -40.165  -43.588  2.023 0.4000000060
31652  -40.581  -42.819  2.081 0.4000000060
30161  -38.094  -44.336  -0.531 0.4000000060
30901  -38.675  -43.052  1.049 0.4000000060
31639  -41.417  -42.798  2.212 0.4000000060
30932  -38.015  -43.614  0.160 0.4000000060
31640  -42.261  -42.885  2.175 0.4000000060
31654  -42.621  -42.317  1.788 0.4000000060
31655  -43.275  -42.264  1.484 0.4000000060
32391  -43.487  -41.635  0.989 0.4000000060
129452  -44.475  -42.277  0.581 0.4000000060
32403  -44.316  -41.314  0.154 0.4000000060
30953  -36.451  -43.663  -2.833 0.6000000238
33185  -45.305  -41.449  -0.897 0.4000000060
33193  -45.295  -41.114  -1.440 0.4000000060
30961  -36.042  -43.681  -3.775 0.6000000238
30201  -36.104  -44.255  -4.926 0.6999999881
30211  -36.176  -44.317  -5.629 0.6999999881
32438  -45.616  -41.245  -3.140 0.4000000060
30221  -36.307  -44.003  -6.415 0.6999999881
30245  -37.985  -44.737  -8.966 0.6999999881
31651  -39.305  -42.381  1.424 0.4000000060
30931  -37.557  -43.551  -0.579 0.4000000060
31650  -38.568  -42.192  0.915 0.4000000060
31653  -41.886  -42.027  1.844 0.4000000060
30943  -37.085  -43.374  -1.265 0.6000000238
31676  -37.156  -42.770  -0.603 0.5000000000
120375  -42.612  -41.470  1.382 0.4000000060
30952  -36.060  -42.764  -2.570 0.6999999881
32401  -43.165  -41.011  0.848 0.4000000060
30960  -35.792  -43.002  -3.321 0.6999999881
33179  -44.116  -40.684  -0.201 0.4000000060
113508  -35.613  -43.015  -4.173 0.6999999881
33192  -44.960  -40.674  -1.826 0.4000000060
34027  -44.267  -40.088  -1.621 0.4000000060
30987  -36.128  -43.117  -6.387 0.6999999881
33214  -44.811  -40.856  -3.703 0.4000000060
30232  -36.696  -44.154  -7.275 0.6999999881
30244  -37.515  -44.136  -8.486 0.6999999881
32449  -44.453  -41.085  -5.126 0.4000000060
34067  -45.173  -40.348  -6.457 0.4000000060
32398  -37.725  -41.426  0.295 0.4000000060
32387  -39.031  -41.680  1.143 0.4000000060
32388  -39.695  -41.563  1.412 0.4000000060
32389  -40.510  -41.449  1.565 0.4000000060
31687  -36.669  -42.590  -1.250 0.6999999881
31675  -36.820  -41.868  -0.654 0.5000000000
32390  -41.341  -41.397  1.586 0.4000000060
31685  -35.698  -42.003  -2.426 0.6999999881
33178  -42.591  -40.616  0.849 0.4000000060
34008  -43.287  -40.410  0.312 0.4000000060
31697  -35.603  -42.363  -3.010 0.6999999881
34007  -42.579  -39.960  0.372 0.4000000060
34881  -43.103  -39.389  -0.621 0.4000000060
31723  -35.584  -42.302  -5.528 0.6999999881
113062  -43.664  -39.646  -1.116 0.4000000060
30980  -35.630  -42.971  -5.065 0.6999999881
34037  -44.037  -39.796  -2.515 0.4000000060
33202  -44.397  -40.258  -3.132 0.4000000060
34048  -43.955  -39.716  -3.349 0.4000000060
31002  -36.566  -43.320  -7.139 0.6999999881
33213  -44.308  -40.407  -4.147 0.4000000060
31003  -37.155  -43.517  -7.889 0.6999999881
34066  -44.679  -39.766  -5.478 0.4000000060
34939  -45.610  -39.643  -6.915 0.4000000060
33174  -38.754  -40.456  0.642 0.4000000060
32400  -39.260  -40.995  1.043 0.4000000060
33167  -40.904  -40.763  1.312 0.4000000060
33182  -36.876  -40.856  -0.502 0.6000000238
33173  -37.980  -40.692  0.335 0.5000000000
33175  -39.649  -40.181  0.834 0.5000000000
33176  -40.457  -40.280  1.004 0.4000000060
112849  -30.963  -38.494  -7.414 0.4000000060
35868  -31.353  -37.865  -7.473 0.5000000000
119659  -36.337  -41.238  -1.153 0.6000000238
34006  -41.885  -39.568  0.322 0.4000000060
32437  -35.375  -41.584  -3.190 0.6000000238
34016  -42.507  -39.360  -0.165 0.4000000060
32448  -35.310  -41.562  -4.190 0.6000000238
34890  -43.107  -39.006  -1.417 0.4000000060
122477  -35.436  -41.579  -5.165 0.6999999881
34026  -43.655  -39.377  -1.921 0.4000000060
118981  -35.743  -41.643  -6.059 0.6999999881
34036  -43.576  -39.221  -2.763 0.4000000060
31756  -36.962  -42.643  -7.676 0.6999999881
34916  -44.250  -38.609  -4.483 0.4000000060
34928  -44.728  -38.738  -5.198 0.4000000060
35845  -45.171  -37.906  -5.730 0.4000000060
129564  -45.782  -37.479  -7.941 0.4000000060
120245  -39.022  -39.773  0.513 0.5000000000
114067  -36.832  -39.889  -0.642 0.6000000238
33183  -37.477  -40.247  -0.167 0.5000000000
34004  -39.635  -39.362  0.418 0.5000000000
35866  -29.408  -37.683  -7.700 0.3000000119
35887  -30.060  -37.093  -7.738 0.4000000060
126420  -30.882  -37.277  -7.627 0.5000000000
116808  -35.297  -40.747  -2.970 0.6000000238
33191  -36.298  -40.368  -1.111 0.6000000238
34005  -40.405  -39.638  0.630 0.4000000060
113764  -35.227  -40.810  -3.747 0.6000000238
34015  -41.732  -38.798  -0.370 0.5000000000
33229  -35.581  -40.236  -5.454 0.6999999881
33222  -35.331  -40.727  -4.731 0.6000000238
34880  -42.505  -38.789  -0.869 0.4000000060
33241  -35.970  -40.229  -6.203 0.8000000119
32456  -35.640  -40.902  -5.720 0.6999999881
34889  -42.515  -38.230  -1.778 0.4000000060
34898  -43.154  -38.697  -2.261 0.4000000060
34908  -43.753  -38.390  -3.777 0.4000000060
110724  -44.579  -37.860  -4.902 0.4000000060
35857  -44.984  -37.011  -5.910 0.4000000060
35858  -45.373  -37.336  -6.651 0.4000000060
36811  -45.343  -36.890  -8.180 0.4000000060
34025  -36.265  -39.439  -1.255 0.6000000238
34012  -36.833  -39.153  -0.796 0.6000000238
34014  -38.275  -39.018  -0.166 0.5000000000
34003  -38.907  -39.156  0.141 0.5000000000
36817  -29.761  -36.420  -8.233 0.4000000060
36818  -30.865  -36.449  -8.041 0.4000000060
33212  -35.179  -39.969  -3.332 0.6000000238
34024  -35.579  -39.213  -1.931 0.6000000238
34870  -39.521  -38.630  -0.044 0.5000000000
34927  -35.743  -38.793  -5.112 0.6999999881
34046  -35.197  -39.581  -4.009 0.6999999881
34871  -40.288  -38.884  0.152 0.5000000000
36819  -31.874  -36.333  -8.468 0.5000000000
35842  -36.161  -38.055  -5.616 0.6999999881
34064  -35.833  -39.550  -5.736 0.6999999881
35792  -40.656  -37.775  -0.774 0.5000000000
37719  -32.630  -35.712  -10.496 0.6999999881
37698  -31.946  -35.759  -9.355 0.6000000238
34938  -36.564  -38.784  -6.875 0.6999999881
112224  -36.354  -39.512  -6.561 0.6999999881
35801  -41.218  -37.460  -1.292 0.5000000000
37728  -32.805  -35.100  -11.167 0.6999999881
34092  -36.680  -39.533  -7.326 0.6999999881
35812  -42.398  -37.503  -2.250 0.4000000060
34950  -36.618  -38.768  -7.658 0.6999999881
111861  -36.771  -39.463  -8.135 0.8000000119
35821  -43.307  -37.656  -3.261 0.4000000060
35830  -43.853  -37.351  -3.905 0.4000000060
35844  -44.700  -37.108  -5.250 0.4000000060
36803  -44.868  -36.403  -6.508 0.4000000060
36804  -45.067  -36.551  -7.422 0.4000000060
125681  -36.537  -38.655  -1.157 0.6000000238
34876  -37.140  -38.519  -0.753 0.6000000238
34877  -37.906  -38.418  -0.456 0.6000000238
34869  -38.740  -38.435  -0.251 0.5000000000
37695  -29.289  -35.758  -8.660 0.4000000060
37696  -30.309  -35.739  -8.592 0.4000000060
37697  -31.250  -35.749  -8.721 0.6999999881
35820  -35.367  -37.922  -3.552 0.6999999881
34897  -35.389  -38.413  -2.605 0.6000000238
34886  -35.723  -38.452  -1.905 0.6000000238
35789  -38.401  -37.573  -0.575 0.5000000000
35829  -36.117  -37.359  -5.178 0.6999999881
112448  -35.839  -38.017  -4.904 0.6999999881
34914  -35.456  -38.365  -4.297 0.6999999881
34907  -35.203  -38.938  -3.550 0.6999999881
35790  -39.333  -37.860  -0.412 0.5000000000
35791  -39.939  -37.396  -0.671 0.5000000000
126661  -31.434  -35.364  -9.477 0.6999999881
37718  -32.017  -35.190  -10.317 0.6999999881
36802  -36.323  -36.635  -6.620 0.6999999881
114422  -36.416  -38.050  -6.422 0.6999999881
36748  -41.471  -36.784  -1.755 0.4000000060
35856  -36.295  -37.237  -7.296 0.6999999881
35872  -36.251  -37.931  -8.088 0.6999999881
37688  -35.874  -35.665  -7.120 0.6000000238
36808  -35.703  -36.210  -7.802 0.6000000238
35871  -35.875  -36.922  -7.995 0.6999999881
36757  -42.077  -36.813  -2.218 0.4000000060
36767  -43.436  -36.647  -3.470 0.4000000060
130038  -33.249  -33.499  -10.731 0.6999999881
115022  -35.422  -35.630  -8.035 0.6000000238
128114  -35.128  -35.579  -8.782 0.6000000238
37655  -44.046  -35.690  -4.612 0.4000000060
37656  -44.345  -35.714  -5.372 0.4000000060
36790  -44.650  -36.387  -5.660 0.4000000060
37684  -44.468  -35.769  -7.276 0.4000000060
37702  -43.809  -36.373  -9.749 0.4000000060
35788  -37.463  -37.736  -0.796 0.6000000238
111342  -28.760  -35.104  -9.185 0.6000000238
37716  -29.798  -35.109  -9.076 0.6000000238
37717  -30.743  -35.213  -9.211 0.6999999881
36766  -35.967  -36.234  -3.726 0.6000000238
36765  -35.663  -37.027  -3.651 0.6999999881
35810  -35.563  -37.404  -2.814 0.6999999881
35798  -35.776  -37.771  -2.065 0.6000000238
36789  -36.334  -36.602  -5.626 0.6000000238
36777  -36.068  -36.596  -4.577 0.6000000238
35828  -35.678  -37.540  -4.337 0.6999999881
113728  -36.296  -35.812  -6.119 0.6000000238
36737  -40.482  -37.056  -1.087 0.5000000000
37727  -32.085  -34.659  -10.859 0.6999999881
38520  -31.264  -34.751  -10.150 0.6999999881
37682  -36.001  -34.979  -6.316 0.6000000238
118216  -41.048  -36.068  -1.558 0.4000000060
39299  -32.814  -33.790  -11.177 0.6999999881
38533  -32.539  -34.325  -11.180 0.6999999881
36809  -36.049  -36.520  -7.347 0.6999999881
131982  -42.076  -35.556  -2.339 0.4000000060
37640  -42.940  -35.899  -3.058 0.4000000060
126732  -35.390  -35.036  -7.671 0.6000000238
37647  -42.970  -34.998  -3.295 0.4000000060
115414  -43.529  -35.634  -3.801 0.4000000060
39283  -33.516  -34.091  -10.629 0.6999999881
39284  -34.223  -33.679  -9.383 0.6999999881
38521  -34.194  -34.603  -9.996 0.6999999881
37699  -34.700  -35.134  -9.330 0.6000000238
37667  -44.034  -35.045  -5.151 0.4000000060
37683  -44.108  -35.106  -6.520 0.4000000060
124055  -43.430  -35.091  -8.390 0.4000000060
37690  -43.979  -35.663  -8.449 0.4000000060
38504  -42.708  -35.416  -9.587 0.3000000119
35800  -37.004  -37.151  -1.210 0.6000000238
39282  -29.037  -33.824  -9.871 0.5000000000
121862  -36.390  -35.045  -5.023 0.6000000238
37654  -36.257  -35.570  -4.280 0.6000000238
36743  -36.568  -36.604  -1.654 0.6000000238
36744  -37.292  -36.379  -1.298 0.6000000238
36733  -37.777  -36.924  -0.916 0.6000000238
38518  -29.405  -34.486  -9.542 0.6000000238
38519  -30.307  -34.592  -9.701 0.5000000000
119599  -36.285  -35.223  -5.673 0.6000000238
37666  -36.346  -35.825  -5.229 0.6000000238
36745  -38.092  -36.067  -1.040 0.5000000000
36734  -38.484  -36.719  -0.796 0.4000000060
36735  -39.161  -37.025  -0.684 0.5000000000
38531  -30.759  -34.088  -10.455 0.6999999881
37614  -39.013  -36.069  -0.884 0.5000000000
37615  -39.791  -35.715  -1.063 0.4000000060
36746  -40.419  -36.272  -1.209 0.4000000060
39297  -31.175  -33.388  -11.122 0.8000000119
37625  -40.478  -35.442  -1.335 0.4000000060
37638  -41.787  -35.075  -2.143 0.4000000060
119787  -32.125  -33.586  -11.285 0.6999999881
38495  -35.604  -34.616  -7.068 0.6000000238
39262  -35.420  -33.688  -7.106 0.6000000238
37639  -42.413  -35.145  -2.638 0.4000000060
120091  -33.038  -32.876  -10.708 0.6999999881
39273  -35.149  -34.231  -7.917 0.6000000238
38462  -42.976  -34.250  -3.631 0.4000000060
38469  -43.663  -34.366  -4.961 0.4000000060
40071  -33.632  -33.179  -10.046 0.6999999881
39261  -34.914  -33.215  -7.882 0.6999999881
39235  -43.470  -33.802  -5.424 0.4000000060
38476  -43.823  -34.538  -5.816 0.4000000060
40072  -34.127  -32.663  -9.112 0.6999999881
39247  -43.032  -33.231  -6.499 0.4000000060
111856  -42.686  -33.344  -7.544 0.3000000119
123417  -43.482  -34.530  -7.523 0.4000000060
39285  -41.208  -34.807  -10.959 0.4000000060
38468  -36.412  -34.720  -4.337 0.6000000238
122936  -36.440  -34.976  -3.685 0.6000000238
37636  -36.770  -35.313  -2.241 0.6000000238
37622  -37.401  -35.198  -1.701 0.5000000000
39296  -29.555  -33.287  -10.438 0.6000000238
38530  -29.896  -33.972  -10.093 0.6000000238
124153  -36.376  -34.412  -4.891 0.6000000238
122007  -36.485  -33.991  -4.332 0.6000000238
127439  -38.567  -34.947  -1.310 0.5000000000
38475  -36.181  -34.459  -5.585 0.6000000238
39203  -40.191  -33.664  -1.554 0.5000000000
37624  -39.222  -35.114  -1.165 0.4000000060
114012  -39.931  -34.990  -1.206 0.4000000060
38532  -31.676  -34.133  -10.941 0.6999999881
38486  -35.779  -34.106  -6.342 0.6000000238
38474  -35.936  -33.623  -5.680 0.6000000238
39204  -40.837  -33.802  -1.702 0.5000000000
38447  -41.314  -34.381  -1.853 0.5000000000
40088  -32.088  -32.251  -11.317 0.8000000119
39308  -31.766  -32.867  -11.430 0.8000000119
39212  -41.413  -33.602  -2.121 0.4000000060
38456  -41.945  -34.303  -2.382 0.4000000060
117041  -32.569  -32.357  -10.952 0.8000000119
39213  -42.066  -33.496  -2.690 0.4000000060
40060  -35.241  -32.747  -7.031 0.6999999881
42653  -41.420  -29.811  -8.446 0.5000000000
122503  -41.827  -30.400  -6.908 0.5000000000
41728  -41.857  -31.067  -7.397 0.5000000000
117281  -42.667  -32.057  -5.151 0.4000000060
39226  -42.904  -32.997  -4.306 0.4000000060
117567  -33.526  -32.282  -9.870 0.6999999881
40065  -34.551  -32.657  -8.358 0.6999999881
40059  -34.745  -32.269  -7.725 0.6999999881
42665  -41.220  -29.203  -9.079 0.5000000000
40857  -42.226  -31.729  -7.009 0.4000000060
39234  -43.161  -33.141  -5.127 0.4000000060
42676  -40.638  -29.356  -10.212 0.4000000060
41737  -41.392  -30.565  -8.670 0.5000000000
40878  -41.176  -31.276  -9.303 0.4000000060
40066  -41.476  -32.276  -9.083 0.4000000060
40067  -41.944  -32.617  -8.430 0.4000000060
131821  -42.227  -33.161  -8.293 0.4000000060
117391  -40.138  -29.970  -11.417 0.4000000060
41753  -40.513  -30.395  -10.525 0.4000000060
41754  -40.667  -31.272  -10.297 0.4000000060
39274  -41.688  -33.618  -9.332 0.4000000060
38461  -36.617  -34.313  -3.652 0.6000000238
121016  -36.696  -34.771  -2.964 0.6000000238
40085  -29.232  -32.514  -10.710 0.5000000000
39225  -36.417  -33.270  -4.432 0.6000000238
40028  -36.662  -32.684  -3.924 0.6000000238
39218  -37.112  -32.805  -3.340 0.6000000238
39210  -38.170  -33.041  -2.286 0.5000000000
40009  -39.044  -32.919  -1.961 0.5000000000
39201  -38.563  -33.692  -1.784 0.5000000000
40086  -30.271  -32.778  -11.037 0.6999999881
128868  -36.225  -32.057  -4.726 0.6000000238
114758  -36.102  -33.089  -5.106 0.6000000238
40021  -39.537  -32.216  -2.229 0.5000000000
40010  -39.920  -32.908  -1.797 0.5000000000
40097  -30.654  -32.017  -11.360 0.6000000238
39246  -35.606  -33.245  -6.335 0.6000000238
39232  -35.789  -32.934  -5.699 0.6000000238
40022  -40.508  -32.217  -2.268 0.5000000000
39211  -40.726  -33.101  -1.885 0.5000000000
40098  -31.455  -32.093  -11.420 0.8000000119
41702  -41.941  -30.785  -4.700 0.5000000000
40837  -41.045  -31.153  -3.077 0.5000000000
40030  -41.869  -32.208  -3.127 0.5000000000
43435  -41.481  -28.286  -7.780 0.5000000000
128841  -41.517  -28.561  -6.671 0.5000000000
41717  -41.849  -30.013  -6.055 0.5000000000
40838  -41.644  -31.544  -3.379 0.5000000000
40839  -42.124  -31.904  -3.690 0.4000000060
40894  -32.409  -31.600  -10.984 0.8000000119
40867  -35.080  -31.713  -6.933 0.6999999881
42636  -41.559  -29.015  -6.289 0.5000000000
124959  -41.559  -29.548  -7.675 0.5000000000
41711  -42.061  -30.823  -5.500 0.5000000000
114043  -42.329  -31.418  -4.919 0.5000000000
40882  -33.389  -31.354  -9.864 0.8000000119
40877  -34.353  -31.972  -8.470 0.6999999881
40866  -34.551  -31.254  -7.834 0.6999999881
43452  -41.046  -28.318  -9.555 0.4000000060
40883  -33.878  -31.714  -9.159 0.6999999881
39209  -37.357  -33.261  -2.835 0.5000000000
126250  -28.384  -31.027  -11.203 0.5000000000
40036  -36.303  -32.561  -4.607 0.6000000238
40020  -38.592  -32.200  -2.471 0.5000000000
40095  -28.828  -31.748  -10.931 0.5000000000
41681  -39.343  -30.986  -2.840 0.5000000000
40823  -39.202  -31.637  -2.539 0.5000000000
114579  -29.326  -31.120  -11.340 0.5000000000
40096  -29.758  -31.903  -11.144 0.5000000000
40849  -35.694  -31.594  -5.647 0.6000000238
40850  -36.192  -31.395  -4.831 0.6000000238
42611  -40.306  -30.008  -3.413 0.5000000000
41695  -40.960  -30.475  -3.441 0.5000000000
40824  -40.591  -31.482  -2.674 0.5000000000
40050  -35.522  -32.319  -6.162 0.6000000238
118048  -35.840  -30.894  -5.424 0.6000000238
43425  -41.214  -28.481  -5.559 0.5000000000
42624  -40.648  -29.106  -4.112 0.5000000000
42612  -40.889  -29.770  -3.808 0.5000000000
116623  -41.471  -30.949  -3.602 0.5000000000
41765  -31.510  -30.564  -11.570 0.6999999881
42630  -41.468  -29.302  -5.344 0.5000000000
41710  -41.729  -30.116  -5.008 0.5000000000
40907  -31.841  -31.389  -11.379 0.6999999881
121692  -41.511  -28.154  -6.952 0.5000000000
44322  -41.110  -27.290  -9.562 0.4000000060
40895  -32.988  -31.918  -10.494 0.8000000119
116106  -40.669  -27.729  -10.401 0.5000000000
44334  -40.282  -27.347  -11.234 0.5000000000
41752  -32.840  -31.032  -10.531 0.6999999881
41741  -33.761  -30.727  -9.192 0.8000000119
42677  -40.556  -28.489  -10.515 0.4000000060
43461  -40.143  -28.943  -11.349 0.5000000000
45375  -40.781  -27.180  -14.007 0.4000000060
44372  -40.921  -27.955  -13.987 0.5000000000
45367  -42.130  -26.702  -14.009 0.5000000000
42710  -41.389  -29.490  -13.635 0.5000000000
44363  -41.694  -27.535  -13.933 0.5000000000
124003  -42.739  -26.224  -13.846 0.5000000000
40029  -37.224  -32.036  -3.447 0.6000000238
125638  -37.961  -31.849  -2.925 0.5000000000
130321  -36.622  -31.290  -4.230 0.6000000238
40835  -37.030  -31.265  -3.785 0.6000000238
40836  -37.801  -31.264  -3.302 0.6000000238
41693  -38.541  -30.568  -3.322 0.5000000000
41694  -39.517  -30.243  -3.252 0.5000000000
41762  -28.866  -30.315  -11.562 0.5000000000
40905  -30.230  -31.229  -11.457 0.6999999881
41709  -36.240  -30.381  -5.010 0.6000000238
41691  -36.795  -30.650  -4.243 0.6000000238
41700  -37.375  -30.032  -4.071 0.6000000238
43424  -40.675  -28.013  -5.038 0.5000000000
42610  -39.697  -29.513  -3.570 0.5000000000
41774  -28.019  -29.764  -11.641 0.5000000000
41764  -30.700  -30.538  -11.683 0.6000000238
40856  -35.414  -31.543  -6.259 0.6000000238
43403  -39.961  -28.920  -3.883 0.5000000000
41708  -35.763  -30.190  -5.709 0.6000000238
44293  -40.998  -27.701  -5.758 0.5000000000
41716  -35.351  -30.208  -6.459 0.6000000238
44305  -41.413  -27.521  -7.372 0.5000000000
45312  -41.305  -26.688  -8.783 0.6000000238
45306  -41.304  -26.770  -7.750 0.4000000060
45323  -41.073  -26.536  -9.588 0.5000000000
41726  -34.942  -30.708  -7.066 0.6999999881
121881  -34.185  -31.245  -8.634 0.6999999881
45338  -40.658  -26.794  -10.496 0.5000000000
46317  -39.714  -25.300  -13.465 0.4000000060
47330  -40.983  -25.156  -13.680 0.4000000060
41736  -34.238  -30.488  -8.444 0.6999999881
45374  -39.975  -26.429  -13.839 0.4000000060
42663  -33.564  -29.783  -9.495 0.6999999881
46326  -41.341  -26.256  -14.033 0.4000000060
41751  -32.738  -30.247  -10.619 0.6999999881
44346  -41.912  -27.861  -13.321 0.5000000000
44347  -42.340  -27.331  -12.569 0.5000000000
45351  -42.764  -26.414  -13.106 0.5000000000
42608  -38.059  -29.864  -3.759 0.5000000000
42609  -38.905  -29.691  -3.586 0.5000000000
42621  -36.867  -29.778  -4.576 0.6000000238
42622  -37.625  -29.366  -4.280 0.5000000000
43402  -39.235  -28.968  -3.866 0.5000000000
42704  -28.847  -29.459  -11.810 0.6000000238
42705  -29.716  -29.161  -12.073 0.6000000238
43416  -39.577  -28.373  -4.280 0.5000000000
42689  -30.307  -29.841  -11.898 0.6000000238
119636  -36.588  -28.626  -5.460 0.5000000000
42629  -36.297  -29.419  -5.393 0.5000000000
44299  -40.823  -26.966  -6.033 0.5000000000
42690  -31.137  -29.839  -11.883 0.6999999881
42634  -35.692  -29.448  -6.153 0.6000000238
44300  -41.250  -27.542  -6.505 0.5000000000
45305  -40.952  -26.078  -7.111 0.6000000238
46263  -41.159  -25.921  -9.094 0.5000000000
124106  -34.962  -29.855  -7.106 0.6999999881
47306  -39.841  -24.323  -11.779 0.5000000000
47313  -39.672  -24.289  -13.227 0.4000000060
42691  -31.862  -29.772  -11.610 0.6999999881
41725  -34.562  -30.247  -7.705 0.6999999881
42652  -34.312  -29.533  -8.317 0.6999999881
46277  -40.830  -25.963  -10.082 0.5000000000
46293  -40.433  -26.060  -11.038 0.5000000000
46304  -39.660  -25.153  -12.752 0.4000000060
42674  -32.429  -29.674  -11.082 0.6999999881
113854  -33.941  -29.938  -8.874 0.6999999881
48331  -41.297  -23.763  -13.135 0.4000000060
47322  -42.036  -24.465  -13.454 0.4000000060
128460  -32.638  -28.993  -10.856 0.6999999881
115776  -33.508  -28.937  -9.641 0.6999999881
47323  -43.854  -24.397  -13.729 0.4000000060
114488  -33.075  -28.598  -10.300 0.6999999881
47331  -42.769  -25.078  -13.977 0.4000000060
46319  -44.108  -24.231  -13.580 0.4000000060
111224  -43.271  -25.546  -13.633 0.5000000000
43414  -37.905  -28.456  -4.529 0.5000000000
43415  -38.818  -28.400  -4.277 0.5000000000
43413  -37.031  -28.938  -4.819 0.5000000000
44290  -38.679  -27.189  -4.920 0.5000000000
44273  -39.192  -27.731  -4.574 0.5000000000
45287  -40.349  -26.515  -5.776 0.5000000000
43483  -30.202  -28.484  -12.317 0.6000000238
42707  -31.013  -28.474  -12.271 0.6000000238
44292  -40.333  -27.156  -5.325 0.5000000000
42706  -30.676  -29.178  -12.127 0.6999999881
122420  -36.516  -28.036  -5.825 0.5000000000
45298  -40.630  -26.278  -6.342 0.6000000238
46256  -41.154  -25.985  -8.082 0.5000000000
114653  -35.518  -28.813  -6.658 0.6000000238
119069  -31.453  -29.098  -11.949 0.6999999881
42642  -35.062  -29.070  -7.215 0.8000000119
46276  -40.855  -25.220  -9.578 0.5000000000
47292  -40.492  -24.442  -10.118 0.5000000000
48330  -39.818  -23.102  -13.698 0.4000000060
47321  -40.024  -24.312  -13.488 0.4000000060
49291  -41.557  -22.647  -12.265 0.4000000060
44310  -34.964  -26.936  -7.945 0.6000000238
48318  -42.270  -23.211  -12.464 0.4000000060
42664  -33.908  -29.218  -8.995 0.6999999881
43451  -33.931  -28.448  -9.105 0.6999999881
111151  -34.447  -27.177  -8.605 0.6000000238
48319  -44.046  -23.057  -12.732 0.4000000060
43460  -32.613  -28.266  -10.955 0.6999999881
44333  -33.105  -27.758  -10.327 0.6000000238
43450  -33.529  -28.121  -9.689 0.6999999881
112446  -34.023  -27.044  -9.187 0.6000000238
46275  -34.252  -25.874  -9.095 0.6000000238
46260  -34.693  -25.344  -8.602 0.6000000238
46306  -43.890  -24.780  -13.351 0.5000000000
47291  -34.204  -25.042  -9.184 0.6000000238
46305  -43.125  -25.732  -12.178 0.5000000000
46294  -43.281  -25.503  -10.772 0.5000000000
45286  -39.808  -26.434  -5.481 0.6000000238
44357  -28.678  -27.790  -12.304 0.5000000000
44289  -37.881  -27.572  -4.956 0.5000000000
45285  -38.918  -26.352  -5.384 0.6000000238
46225  -40.098  -25.910  -5.968 0.6000000238
44359  -30.534  -27.707  -12.442 0.6000000238
44360  -31.221  -27.806  -12.295 0.6000000238
44288  -37.067  -27.294  -5.646 0.6000000238
45284  -37.999  -26.769  -5.332 0.6000000238
46244  -40.420  -25.548  -6.628 0.5000000000
46255  -40.755  -25.329  -7.453 0.5000000000
46262  -40.976  -25.233  -8.494 0.5000000000
110867  -30.995  -26.895  -12.545 0.6000000238
45364  -31.614  -26.666  -12.217 0.6000000238
44298  -36.263  -27.505  -6.346 0.6000000238
112081  -36.685  -26.721  -6.257 0.6000000238
47275  -40.705  -24.491  -8.907 0.5000000000
48290  -40.030  -23.640  -10.621 0.5000000000
48329  -39.502  -22.725  -14.073 0.4000000060
48317  -39.589  -23.252  -13.571 0.4000000060
44344  -32.167  -27.903  -11.621 0.6999999881
44343  -31.662  -27.450  -12.082 0.6000000238
44297  -35.645  -27.466  -6.964 0.6999999881
45295  -36.045  -26.812  -6.780 0.6000000238
48304  -39.496  -23.444  -12.477 0.5000000000
49300  -40.327  -22.406  -13.731 0.4000000060
49301  -41.020  -23.126  -12.989 0.4000000060
122391  -41.523  -21.249  -11.387 0.4000000060
44304  -34.765  -27.722  -7.944 0.6999999881
125200  -35.222  -27.431  -7.525 0.6999999881
46254  -36.287  -25.312  -7.175 0.6999999881
48256  -40.325  -23.845  -8.208 0.5000000000
48275  -40.361  -23.764  -9.285 0.5000000000
115514  -42.099  -21.991  -11.428 0.4000000060
45335  -32.644  -26.558  -10.987 0.6000000238
46253  -35.613  -25.485  -7.640 0.6000000238
47266  -35.937  -24.697  -7.613 0.6999999881
50244  -43.708  -21.759  -11.568 0.4000000060
44332  -32.628  -27.384  -10.991 0.6999999881
45336  -33.158  -26.838  -10.339 0.6000000238
44320  -33.589  -27.318  -9.693 0.6000000238
46261  -35.102  -25.661  -8.133 0.6000000238
48252  -36.435  -23.885  -7.624 0.6000000238
46292  -33.264  -26.017  -10.230 0.6000000238
45321  -33.739  -26.454  -9.576 0.6000000238
48272  -35.519  -23.970  -8.181 0.6000000238
48273  -36.179  -23.110  -8.072 0.6000000238
50235  -44.228  -21.677  -11.409 0.4000000060
47274  -34.683  -24.411  -8.704 0.6000000238
48271  -34.884  -23.580  -8.676 0.6000000238
117625  -43.749  -23.736  -10.961 0.5000000000
47314  -44.140  -24.016  -12.749 0.4000000060
47307  -43.491  -24.611  -10.880 0.5000000000
47293  -43.799  -24.412  -9.813 0.5000000000
46224  -39.484  -25.852  -5.778 0.6000000238
126315  -37.349  -26.521  -5.830 0.6000000238
46223  -38.020  -25.978  -5.721 0.6000000238
46243  -39.640  -25.211  -6.309 0.6000000238
47254  -40.178  -24.796  -6.954 0.5000000000
111720  -29.757  -26.637  -12.575 0.6000000238
46241  -37.908  -25.259  -6.280 0.6000000238
47253  -39.537  -24.523  -6.757 0.5000000000
124499  -39.339  -22.717  -12.120 0.5000000000
49299  -39.442  -22.364  -14.342 0.4000000060
111047  -31.287  -25.975  -12.627 0.6000000238
45365  -31.846  -26.025  -12.127 0.6000000238
45297  -37.099  -25.937  -6.274 0.6000000238
46240  -37.005  -25.198  -6.689 0.6000000238
118932  -39.132  -24.088  -6.930 0.5000000000
49241  -39.358  -22.846  -7.964 0.5000000000
49259  -39.617  -22.537  -8.791 0.5000000000
48289  -40.028  -23.022  -9.580 0.5000000000
49305  -39.640  -22.208  -14.540 0.4000000060
113696  -40.623  -21.174  -12.809 0.4000000060
119137  -40.985  -21.962  -12.425 0.4000000060
131990  -36.520  -25.756  -6.762 0.6999999881
128965  -37.845  -23.919  -7.099 0.5000000000
48255  -39.743  -23.424  -7.789 0.5000000000
51197  -41.924  -20.540  -10.645 0.4000000060
129750  -32.462  -25.585  -11.378 0.6000000238
130962  -37.535  -21.894  -8.161 0.6000000238
51198  -42.904  -20.574  -10.425 0.4000000060
46291  -32.732  -25.818  -10.858 0.6000000238
111090  -33.310  -24.297  -10.276 0.6000000238
49256  -36.787  -22.268  -8.129 0.6000000238
113424  -32.154  -28.891  -11.553 0.6999999881
47290  -33.662  -24.698  -9.727 0.6000000238
49281  -44.258  -22.148  -11.473 0.4000000060
51199  -44.086  -20.662  -10.747 0.4000000060
131405  -34.143  -24.356  -9.320 0.6000000238
48291  -44.031  -23.559  -9.851 0.5000000000
49282  -44.405  -21.677  -10.693 0.4000000060
48292  -44.643  -23.270  -9.319 0.5000000000
48293  -45.054  -22.847  -9.006 0.4000000060
46242  -38.805  -25.507  -5.932 0.6000000238
47252  -38.747  -24.670  -6.504 0.5000000000
50233  -39.093  -21.474  -11.639 0.5000000000
48303  -39.320  -22.191  -11.087 0.5000000000
49289  -39.118  -22.049  -12.999 0.5000000000
51210  -40.155  -21.063  -14.745 0.4000000060
47320  -31.985  -24.697  -12.548 0.6000000238
47312  -32.375  -24.523  -11.868 0.6000000238
50203  -39.263  -21.860  -9.067 0.5000000000
49269  -39.609  -22.340  -9.796 0.5000000000
49290  -40.291  -21.681  -14.210 0.4000000060
52253  -40.673  -19.846  -12.175 0.4000000060
51211  -41.069  -20.527  -11.677 0.4000000060
115569  -32.181  -25.326  -11.937 0.6000000238
49240  -38.551  -22.684  -7.728 0.5000000000
52240  -41.517  -19.798  -10.777 0.4000000060
125555  -32.591  -25.114  -11.196 0.6000000238
48301  -32.823  -24.334  -10.996 0.6000000238
52222  -43.903  -19.386  -9.899 0.4000000060
49267  -34.686  -22.913  -9.081 0.6000000238
49255  -35.940  -22.395  -8.449 0.6000000238
118040  -44.269  -21.209  -11.099 0.4000000060
48288  -34.351  -23.685  -9.225 0.6000000238
49254  -35.387  -23.002  -8.540 0.6000000238
50236  -44.569  -21.014  -10.788 0.4000000060
51180  -44.866  -20.693  -10.399 0.4000000060
52224  -45.575  -19.540  -9.807 0.3000000119
48306  -44.243  -22.688  -10.144 0.5000000000
50224  -45.314  -21.280  -9.230 0.4000000060
52204  -46.939  -19.697  -8.852 0.3000000119
116187  -39.460  -20.565  -14.272 0.5000000000
50243  -39.228  -21.327  -13.663 0.5000000000
52252  -40.077  -19.840  -14.540 0.5000000000
54180  -40.587  -18.140  -12.536 0.5000000000
50222  -39.246  -21.656  -10.101 0.5000000000
51179  -38.918  -20.997  -10.523 0.6000000238
111757  -40.327  -20.517  -13.927 0.4000000060
53258  -40.492  -19.058  -12.545 0.5000000000
53247  -41.274  -18.398  -11.144 0.4000000060
48314  -32.591  -23.581  -11.882 0.6000000238
48302  -33.270  -23.435  -10.680 0.6000000238
50221  -38.820  -21.239  -9.412 0.6000000238
53248  -42.000  -18.952  -10.213 0.4000000060
50202  -38.573  -21.579  -8.648 0.6999999881
54158  -43.047  -17.643  -9.689 0.3000000119
123412  -34.586  -22.224  -9.557 0.6000000238
51160  -38.223  -20.879  -9.000 0.6000000238
53233  -43.626  -18.454  -9.530 0.3000000119
49266  -33.998  -22.907  -9.842 0.6000000238
50201  -37.068  -21.375  -8.524 0.6000000238
52243  -44.479  -20.092  -10.576 0.4000000060
49268  -35.288  -22.042  -8.995 0.6000000238
50200  -36.173  -21.577  -8.688 0.6000000238
51159  -37.496  -20.684  -8.921 0.6000000238
110411  -45.190  -19.243  -10.388 0.3000000119
52223  -45.026  -19.951  -10.714 0.3000000119
53249  -46.087  -18.091  -10.086 0.3000000119
53236  -46.561  -18.547  -9.630 0.3000000119
109161  -46.995  -19.033  -9.141 0.3000000119
128513  -39.320  -20.049  -13.688 0.6000000238
52251  -39.870  -19.932  -14.603 0.5000000000
53257  -40.050  -19.034  -14.406 0.5000000000
112666  -38.730  -20.425  -10.825 0.6000000238
51195  -38.863  -20.024  -11.997 0.6000000238
54981  -41.534  -17.348  -11.307 0.4000000060
48315  -33.037  -22.634  -11.577 0.6000000238
49279  -33.580  -22.303  -10.754 0.6000000238
51178  -38.506  -20.565  -9.807 0.6000000238
54170  -42.163  -17.927  -10.286 0.3000000119
49280  -34.251  -21.782  -10.259 0.6000000238
50218  -34.909  -21.290  -9.773 0.6000000238
51177  -37.826  -20.121  -9.519 0.6000000238
121824  -44.471  -18.143  -9.599 0.3000000119
50220  -36.564  -20.583  -9.133 0.6000000238
120104  -45.366  -18.422  -10.004 0.3000000119
54172  -46.459  -17.417  -10.146 0.3000000119
54985  -46.842  -16.779  -10.396 0.3000000119
115238  -47.184  -17.285  -10.170 0.3000000119
52260  -38.977  -18.758  -13.220 0.6000000238
52261  -39.614  -18.802  -14.297 0.6000000238
53262  -39.877  -18.686  -14.431 0.5000000000
54193  -39.351  -17.309  -14.773 0.5000000000
54186  -39.987  -18.058  -14.438 0.4000000060
53256  -38.094  -18.391  -11.955 0.6000000238
53261  -38.301  -17.858  -13.027 0.6000000238
127295  -40.701  -17.097  -12.800 0.4000000060
111066  -41.608  -16.426  -11.927 0.4000000060
52239  -38.250  -19.153  -11.103 0.6000000238
124056  -42.124  -16.503  -11.043 0.4000000060
54982  -42.775  -16.130  -10.545 0.3000000119
50231  -33.881  -21.100  -11.066 0.6000000238
54983  -43.462  -15.826  -10.154 0.3000000119
51174  -35.339  -20.203  -10.256 0.6000000238
52220  -37.700  -19.243  -9.993 0.6000000238
55824  -44.158  -15.980  -9.778 0.3000000119
51176  -37.099  -20.041  -9.411 0.6000000238
55825  -44.854  -16.172  -9.658 0.3000000119
119981  -36.526  -19.890  -9.611 0.6000000238
120239  -46.455  -16.061  -10.139 0.3000000119
113899  -47.276  -16.089  -10.638 0.3000000119
54191  -38.121  -17.080  -13.916 0.6000000238
54192  -38.611  -16.677  -14.871 0.5000000000
55001  -39.599  -16.538  -14.587 0.5000000000
55002  -40.846  -16.071  -13.119 0.4000000060
54185  -36.957  -17.007  -13.017 0.6000000238
55843  -41.744  -15.589  -12.330 0.4000000060
54994  -42.292  -15.812  -11.403 0.4000000060
55831  -43.035  -15.246  -10.904 0.3000000119
50232  -34.611  -20.553  -10.639 0.6000000238
53246  -38.029  -18.469  -10.970 0.6000000238
56617  -43.611  -14.607  -10.826 0.3000000119
116804  -37.730  -18.824  -10.283 0.6000000238
56618  -44.358  -14.528  -10.388 0.3000000119
51175  -36.012  -20.025  -9.848 0.6000000238
52219  -37.226  -19.447  -9.521 0.6000000238
120926  -36.779  -16.409  -13.840 0.6000000238
55863  -38.002  -14.587  -15.819 0.4000000060
55864  -38.964  -15.078  -15.522 0.4000000060
124903  -40.073  -15.496  -14.104 0.4000000060
54992  -36.983  -16.787  -13.165 0.5000000000
55844  -42.436  -15.078  -11.916 0.4000000060
54179  -37.648  -17.721  -12.108 0.5000000000
56629  -43.125  -14.421  -11.757 0.3000000119
54978  -38.103  -17.325  -11.520 0.5000000000
57514  -43.874  -13.201  -12.050 0.3000000119
51194  -35.274  -19.561  -10.302 0.6000000238
111149  -37.979  -18.525  -10.004 0.5000000000
52217  -35.946  -19.430  -9.674 0.6000000238
52218  -36.720  -19.487  -9.420 0.6000000238
122656  -38.403  -18.091  -9.727 0.6000000238
53230  -36.960  -19.017  -8.966 0.6000000238
53231  -37.502  -18.889  -9.371 0.6000000238
53217  -37.281  -18.590  -8.402 0.5000000000
53218  -37.981  -18.398  -8.469 0.5000000000
55851  -37.625  -14.429  -14.066 0.4000000060
56638  -38.424  -13.885  -14.306 0.3000000119
56656  -38.450  -14.109  -15.077 0.4000000060
55865  -39.800  -14.603  -14.383 0.4000000060
124529  -40.514  -14.147  -13.792 0.3000000119
54993  -38.256  -16.139  -12.060 0.5000000000
55840  -37.182  -15.469  -13.628 0.4000000060
56658  -40.647  -13.345  -13.653 0.3000000119
57527  -41.828  -13.494  -13.304 0.3000000119
55853  -41.858  -14.904  -12.651 0.3000000119
57528  -42.331  -12.798  -13.285 0.3000000119
54169  -38.744  -17.537  -10.049 0.5000000000
125930  -43.424  -13.735  -12.085 0.3000000119
58447  -45.313  -12.494  -11.325 0.3000000119
54157  -38.963  -17.802  -9.045 0.5000000000
54156  -38.323  -18.345  -9.051 0.5000000000
56626  -38.699  -13.932  -13.154 0.3000000119
56639  -39.269  -13.238  -13.401 0.3000000119
57525  -39.282  -13.459  -13.925 0.3000000119
55829  -39.341  -15.466  -11.338 0.3000000119
55841  -38.414  -14.954  -12.615 0.4000000060
57541  -40.046  -12.815  -13.652 0.3000000119
57542  -40.970  -12.420  -13.502 0.3000000119
56616  -40.274  -14.738  -10.991 0.3000000119
129369  -41.542  -12.075  -13.404 0.3000000119
54979  -39.290  -16.588  -10.505 0.4000000060
121236  -43.441  -12.549  -13.062 0.3000000119
57529  -43.252  -13.282  -12.694 0.3000000119
54969  -39.599  -17.173  -9.181 0.5000000000
59353  -45.034  -11.808  -12.189 0.3000000119
59368  -45.699  -11.219  -12.086 0.3000000119
54150  -38.712  -17.894  -8.175 0.4000000060
54151  -39.417  -17.441  -8.404 0.5000000000
56627  -39.577  -13.677  -12.363 0.3000000119
57512  -39.978  -12.733  -12.696 0.3000000119
58459  -40.261  -12.087  -13.093 0.3000000119
55842  -39.287  -14.520  -12.039 0.3000000119
57526  -39.923  -12.642  -13.359 0.3000000119
58473  -40.395  -12.095  -13.241 0.3000000119
130199  -40.921  -14.849  -10.126 0.3000000119
59380  -42.069  -10.720  -13.225 0.3000000119
58475  -42.043  -11.687  -13.361 0.3000000119
55817  -40.937  -15.596  -8.754 0.3000000119
55822  -40.689  -15.397  -9.797 0.3000000119
58476  -43.031  -11.569  -13.387 0.3000000119
59366  -44.150  -11.828  -13.109 0.3000000119
54970  -40.291  -16.294  -9.227 0.4000000060
60324  -44.079  -10.327  -13.400 0.3000000119
60325  -44.950  -9.992  -13.477 0.3000000119
54963  -40.087  -16.904  -8.162 0.4000000060
114912  -45.740  -10.467  -12.692 0.3000000119
54135  -39.359  -17.285  -7.685 0.4000000060
121559  -46.506  -10.149  -12.410 0.3000000119
61253  -46.936  -9.586  -12.623 0.3000000119
125353  -41.675  -13.320  -10.670 0.3000000119
56628  -40.376  -13.657  -11.619 0.3000000119
57513  -40.885  -13.054  -11.613 0.3000000119
58444  -40.576  -12.074  -12.632 0.3000000119
58460  -40.738  -11.502  -13.081 0.3000000119
55830  -41.252  -14.165  -10.399 0.3000000119
59351  -41.219  -10.927  -13.015 0.3000000119
59365  -41.716  -10.501  -13.001 0.3000000119
60322  -42.297  -10.132  -13.098 0.3000000119
55818  -41.374  -14.969  -8.391 0.3000000119
55823  -41.237  -14.938  -9.382 0.3000000119
124259  -44.088  -9.717  -13.408 0.3000000119
54964  -40.627  -16.197  -8.214 0.4000000060
61263  -44.619  -9.164  -13.607 0.3000000119
54950  -39.765  -16.732  -7.270 0.4000000060
61264  -45.429  -9.156  -13.648 0.3000000119
62213  -45.968  -7.906  -14.228 0.3000000119
62214  -46.653  -8.263  -13.677 0.3000000119
63149  -47.564  -7.191  -14.196 0.3000000119
58435  -42.515  -12.158  -10.766 0.3000000119
58434  -41.576  -12.398  -11.537 0.3000000119
58445  -41.802  -11.446  -12.090 0.3000000119
121688  -41.001  -11.524  -12.649 0.3000000119
59340  -43.130  -10.541  -11.558 0.3000000119
60298  -42.656  -10.057  -12.640 0.3000000119
56612  -41.687  -14.366  -9.055 0.3000000119
112401  -41.961  -13.676  -9.676 0.3000000119
118475  -43.025  -9.653  -12.771 0.3000000119
60311  -42.599  -9.898  -13.002 0.3000000119
61262  -43.706  -9.101  -13.253 0.3000000119
56606  -41.679  -14.347  -8.068 0.3000000119
62204  -43.755  -8.553  -13.015 0.3000000119
113984  -44.200  -7.905  -13.239 0.3000000119
55803  -40.927  -15.535  -7.700 0.4000000060
62212  -44.316  -8.462  -13.498 0.3000000119
54951  -40.368  -16.256  -7.475 0.4000000060
63147  -44.798  -7.686  -13.875 0.3000000119
124207  -45.200  -8.410  -13.916 0.3000000119
54938  -40.000  -16.198  -6.898 0.4000000060
63148  -46.780  -7.427  -14.228 0.3000000119
54937  -39.203  -16.326  -6.711 0.4000000060
63160  -47.051  -6.609  -14.738 0.3000000119
64068  -47.362  -5.920  -15.171 0.3000000119
59339  -42.818  -11.344  -11.235 0.3000000119
59330  -43.062  -11.730  -10.041 0.3000000119
60284  -43.535  -9.743  -11.745 0.3000000119
58416  -42.665  -12.440  -9.609 0.3000000119
62190  -43.595  -9.085  -12.529 0.3000000119
113792  -42.070  -13.049  -8.201 0.3000000119
63157  -44.754  -6.924  -13.897 0.3000000119
63158  -45.517  -6.834  -14.401 0.3000000119
124061  -45.575  -7.583  -14.226 0.3000000119
64067  -46.439  -6.063  -14.952 0.3000000119
110310  -46.862  -6.144  -14.992 0.3000000119
55794  -38.903  -15.526  -6.478 0.3000000119
64932  -47.345  -5.041  -15.816 0.3000000119
64943  -47.904  -4.593  -16.288 0.3000000119
115541  -43.118  -10.968  -9.344 0.3000000119
59331  -43.386  -10.976  -10.401 0.3000000119
60276  -43.744  -10.250  -10.608 0.3000000119
62175  -44.395  -8.089  -11.280 0.3000000119
58415  -42.360  -12.402  -8.552 0.3000000119
59315  -42.661  -11.599  -8.804 0.3000000119
62191  -44.106  -8.316  -12.271 0.3000000119
63137  -44.097  -7.750  -12.890 0.3000000119
64047  -44.252  -6.481  -12.850 0.3000000119
111294  -44.289  -7.178  -13.298 0.3000000119
64915  -44.381  -5.732  -13.799 0.3000000119
64921  -44.951  -5.574  -14.387 0.3000000119
64922  -45.744  -5.284  -14.940 0.3000000119
64923  -46.589  -5.423  -15.359 0.3000000119
64931  -47.026  -5.106  -15.732 0.3000000119
65706  -46.914  -4.262  -16.086 0.3000000119
65696  -47.104  -4.605  -16.009 0.3000000119
64942  -47.375  -4.546  -16.148 0.3000000119
65707  -47.459  -4.200  -16.465 0.3000000119
66463  -47.898  -3.509  -17.255 0.3000000119
65708  -48.123  -4.035  -17.095 0.3000000119
60258  -42.784  -10.024  -8.837 0.3000000119
128347  -43.217  -9.624  -9.252 0.3000000119
113826  -44.076  -9.018  -10.121 0.3000000119
62174  -44.222  -8.208  -10.429 0.3000000119
60257  -41.984  -9.964  -8.233 0.3000000119
114037  -42.510  -10.700  -8.602 0.3000000119
62161  -42.880  -8.272  -9.088 0.3000000119
63081  -43.059  -7.518  -9.385 0.3000000119
64016  -43.850  -6.645  -10.297 0.3000000119
64868  -44.415  -5.981  -11.462 0.3000000119
59314  -41.942  -10.942  -8.062 0.3000000119
64903  -44.220  -5.763  -13.085 0.3000000119
60247  -40.943  -10.803  -7.427 0.3000000119
66437  -45.123  -4.033  -14.992 0.3000000119
65694  -46.346  -4.964  -15.456 0.3000000119
66442  -46.305  -4.375  -15.597 0.3000000119
127081  -46.976  -3.227  -16.489 0.3000000119
67264  -47.623  -2.854  -17.350 0.3000000119
63979  -41.931  -7.072  -8.917 0.3000000119
63054  -41.156  -7.747  -8.330 0.3000000119
63055  -41.724  -7.638  -8.636 0.3000000119
62127  -41.112  -8.457  -8.133 0.3000000119
60248  -41.317  -10.304  -7.746 0.3000000119
61183  -41.802  -8.980  -8.390 0.3000000119
61184  -42.299  -9.513  -8.546 0.3000000119
121835  -40.551  -10.016  -7.413 0.3000000119
61161  -41.052  -9.338  -7.863 0.3000000119
47268  -39.838  -24.021  -7.294 0.5000000000
115614  -37.283  -23.888  -7.269 0.6999999881
48254  -39.030  -23.430  -7.348 0.5000000000
49238  -37.028  -23.134  -7.618 0.6000000238
45349  -32.155  -26.895  -11.707 0.6000000238
18443  -38.493  -58.409  -6.994 0.3000000119
127174  -38.437  -57.405  -7.127 0.3000000119
20084  -38.520  -57.127  -7.541 0.3000000119
20083  -37.875  -56.806  -7.147 0.3000000119
20090  -37.783  -57.038  -7.937 0.4000000060
20115  -36.822  -57.517  -10.308 0.4000000060
121548  -36.252  -56.330  -10.114 0.4000000060
21698  -36.425  -55.497  -10.539 0.4000000060
22489  -36.765  -54.764  -10.789 0.4000000060
23926  -37.503  -52.480  -9.781 0.4000000060
23233  -37.678  -53.675  -10.955 0.4000000060
23916  -37.206  -52.129  -8.966 0.4000000060
25311  -39.426  -49.792  -6.925 0.4000000060
23796  -37.008  -52.760  0.591 0.3000000119
24491  -38.532  -52.612  -0.052 0.3000000119
128386  -39.531  -52.404  -0.343 0.3000000119
26130  -39.663  -49.400  -7.027 0.5000000000
24513  -42.807  -52.161  -0.984 0.3000000119
24495  -43.551  -51.353  -0.092 0.3000000119
26983  -39.842  -49.051  -7.391 0.5000000000
27845  -38.838  -48.159  -6.476 0.5000000000
30185  -47.958  -44.682  -2.384 0.3000000119
30945  -47.579  -43.994  -2.086 0.3000000119
30955  -48.163  -43.805  -2.697 0.3000000119
28649  -37.704  -46.464  -7.701 0.6000000238
31699  -47.382  -42.723  -2.623 0.4000000060
28659  -38.305  -46.393  -8.636 0.6000000238
31698  -46.919  -42.172  -3.097 0.4000000060
32451  -46.023  -42.283  -4.644 0.4000000060
33223  -44.598  -41.157  -4.629 0.4000000060
32472  -44.645  -41.704  -5.862 0.4000000060
33255  -45.550  -41.100  -7.038 0.4000000060
34946  -30.277  -38.796  -7.491 0.4000000060
110596  -30.979  -39.199  -7.399 0.5000000000
34947  -31.805  -38.689  -7.340 0.5000000000
31021  -37.839  -43.190  -9.513 0.6999999881
34951  -46.032  -39.608  -7.808 0.4000000060
31762  -37.547  -42.556  -8.850 0.6999999881
35874  -46.151  -38.273  -8.274 0.4000000060
35888  -31.707  -37.059  -7.765 0.5000000000
35889  -32.644  -37.044  -8.370 0.5000000000
36820  -32.542  -36.310  -9.398 0.6000000238
36836  -33.169  -36.366  -10.618 0.8000000119
32490  -37.188  -41.223  -8.052 0.8000000119
32484  -36.836  -41.832  -7.526 0.6999999881
33267  -36.968  -40.309  -7.849 0.8000000119
32491  -37.344  -41.649  -8.928 0.6999999881
35892  -45.778  -37.407  -8.730 0.4000000060
36845  -33.374  -35.875  -11.098 0.8000000119
120852  -36.475  -38.771  -8.425 0.8000000119
131987  -36.649  -39.867  -9.233 0.8000000119
36822  -44.210  -36.750  -10.160 0.4000000060
38534  -33.052  -34.730  -11.277 0.6999999881
34965  -35.954  -38.325  -9.296 0.8000000119
38535  -33.636  -35.103  -10.960 0.6999999881
37720  -34.279  -35.435  -10.516 0.6999999881
34973  -35.381  -37.582  -10.233 0.8000000119
37721  -34.856  -35.887  -9.681 0.6000000238
37722  -42.675  -36.618  -11.830 0.3000000119
112516  -40.098  -31.292  -11.594 0.4000000060
111830  -40.768  -34.430  -11.515 0.4000000060
39275  -41.872  -35.181  -10.314 0.4000000060
38523  -42.227  -36.358  -11.379 0.3000000119
41767  -39.576  -30.598  -12.594 0.4000000060
40908  -39.681  -31.816  -12.894 0.4000000060
40090  -40.542  -33.439  -11.267 0.4000000060
40073  -41.033  -33.493  -10.337 0.4000000060
42692  -39.546  -29.435  -12.481 0.4000000060
41783  -40.099  -31.036  -14.163 0.4000000060
42714  -39.915  -29.935  -14.107 0.5000000000
43470  -39.585  -28.429  -12.403 0.5000000000
124789  -40.535  -28.524  -14.106 0.5000000000
42715  -40.937  -30.439  -14.059 0.5000000000
125582  -41.462  -30.264  -13.494 0.4000000060
43471  -41.770  -28.815  -13.012 0.5000000000
45337  -39.893  -26.600  -11.924 0.5000000000
109401  -39.915  -25.775  -12.018 0.5000000000
45366  -39.504  -26.461  -13.521 0.4000000060
43472  -42.106  -28.246  -12.118 0.5000000000
115071  -42.675  -26.793  -11.628 0.5000000000
45325  -43.485  -26.113  -9.784 0.5000000000
46264  -44.271  -25.056  -9.246 0.5000000000
45361  -28.712  -26.776  -12.458 0.5000000000
47276  -44.623  -24.264  -9.095 0.5000000000
50204  -45.761  -21.842  -8.689 0.4000000060
45362  -29.174  -25.547  -12.734 0.6000000238
45363  -30.162  -25.687  -12.812 0.6000000238
46315  -30.798  -25.235  -13.119 0.6000000238
46316  -31.521  -25.154  -12.754 0.6000000238
51162  -46.846  -20.625  -8.675 0.3000000119
47319  -31.526  -24.315  -13.224 0.6000000238
111308  -32.066  -24.034  -12.732 0.6000000238
53237  -47.431  -18.469  -9.427 0.3000000119
54174  -48.192  -17.385  -9.898 0.3000000119
110118  -32.558  -22.702  -12.502 0.6000000238
51192  -34.344  -19.699  -11.548 0.6000000238
51193  -34.748  -19.508  -10.899 0.6000000238
53229  -36.256  -18.979  -9.090 0.6000000238
52216  -35.067  -19.111  -10.069 0.6000000238
54134  -38.610  -17.466  -7.358 0.4000000060
54949  -39.155  -17.020  -7.061 0.4000000060
67242  -46.437  -2.721  -15.956 0.3000000119
66443  -46.587  -3.616  -15.969 0.3000000119
69026  -47.820  -1.416  -17.226 0.3000000119
69036  -48.063  -1.583  -17.792 0.3000000119
67276  -48.378  -2.206  -18.138 0.3000000119
62126  -40.498  -8.519  -7.757 0.3000000119
61160  -40.203  -9.200  -7.409 0.3000000119
34093  -45.792  -40.537  -7.404 0.4000000060
114647  -42.070  -29.163  -11.883 0.5000000000
20898  -36.401  -56.904  -9.702 0.4000000060
20859  -35.346  -55.952  -5.089 0.3000000119
21692  -35.635  -55.498  -8.775 0.4000000060
23178  -34.457  -53.647  -5.591 0.3000000119
21668  -34.786  -54.718  -5.978 0.3000000119
25309  -37.806  -50.213  -6.600 0.4000000060
118931  -33.513  -54.154  -0.577 0.3000000119
24581  -35.600  -51.440  -6.416 0.4000000060
25246  -33.796  -50.963  -1.830 0.3000000119
26095  -39.201  -48.658  -5.907 0.4000000060
24477  -42.312  -51.216  0.833 0.3000000119
25180  -40.843  -50.081  2.094 0.3000000119
26829  -41.982  -48.788  2.479 0.3000000119
27730  -44.873  -47.197  0.952 0.3000000119
116855  -45.578  -45.929  0.085 0.3000000119
27695  -40.324  -47.899  2.269 0.3000000119
27717  -40.302  -47.079  2.151 0.3000000119
116743  -41.588  -48.105  2.539 0.3000000119
28525  -42.494  -46.741  2.597 0.3000000119
29433  -47.709  -45.534  -2.254 0.3000000119
28554  -39.379  -46.300  0.868 0.3000000119
131670  -41.383  -46.101  2.549 0.3000000119
30192  -36.610  -44.465  -3.558 0.6000000238
31690  -47.180  -43.211  -1.849 0.4000000060
115664  -36.370  -44.824  -6.012 0.6000000238
30150  -38.968  -44.499  0.986 0.3000000119
32450  -45.291  -41.642  -4.414 0.4000000060
30902  -39.395  -43.274  1.541 0.4000000060
30918  -37.586  -42.993  -0.060 0.4000000060
33184  -44.751  -40.736  -0.989 0.4000000060
129791  -36.379  -41.938  -1.322 0.6000000238
31714  -35.446  -42.299  -4.636 0.6999999881
31739  -35.944  -42.365  -6.287 0.6999999881
31014  -37.583  -43.348  -8.685 0.6999999881
121664  -42.033  -40.177  0.757 0.4000000060
33190  -35.831  -40.768  -1.696 0.6000000238
114576  -44.336  -39.397  -4.765 0.4000000060
31740  -36.453  -42.488  -6.991 0.6999999881
34929  -45.246  -39.076  -6.049 0.4000000060
114630  -45.612  -38.523  -6.713 0.4000000060
35867  -30.349  -37.940  -7.495 0.3000000119
122114  -35.804  -40.000  -1.629 0.6000000238
122059  -36.349  -41.706  -6.790 0.6999999881
32485  -37.292  -42.074  -8.193 0.6999999881
34035  -35.262  -39.337  -2.711 0.6000000238
34879  -41.265  -38.133  -0.806 0.5000000000
32471  -36.183  -40.950  -6.528 0.6999999881
109788  -35.366  -39.082  -4.337 0.6999999881
33254  -36.551  -40.244  -6.968 0.6999999881
118961  -36.719  -41.017  -7.313 0.8000000119
114866  -36.539  -38.016  -7.163 0.6999999881
36779  -44.396  -36.400  -4.902 0.4000000060
131397  -36.435  -37.432  -6.718 0.6000000238
36821  -35.426  -36.310  -8.711 0.6999999881
35891  -35.677  -37.294  -8.990 0.6999999881
36838  -35.113  -36.723  -10.005 0.8000000119
37700  -35.065  -35.001  -8.382 0.6000000238
37724  -43.533  -36.813  -11.018 0.4000000060
37701  -43.335  -35.931  -9.579 0.3000000119
124795  -36.299  -35.604  -3.151 0.6000000238
36756  -36.322  -36.100  -2.238 0.6000000238
37621  -36.904  -35.845  -1.677 0.6999999881
112427  -34.525  -33.184  -8.632 0.6999999881
38503  -34.669  -34.395  -8.870 0.6999999881
127423  -37.531  -35.745  -1.389 0.4000000060
38457  -42.528  -34.252  -2.971 0.3000000119
39227  -43.313  -33.697  -4.690 0.3000000119
39248  -43.267  -33.912  -7.089 0.3000000119
125963  -42.374  -34.107  -8.763 0.3000000119
37637  -37.266  -34.582  -2.207 0.5000000000
38444  -38.916  -34.351  -1.415 0.5000000000
40087  -31.086  -32.676  -11.377 0.6999999881
40023  -42.136  -32.845  -3.024 0.4000000060
40031  -42.401  -32.548  -3.626 0.4000000060
41742  -41.034  -30.248  -9.475 0.4000000060
40868  -41.575  -31.207  -8.359 0.4000000060
40851  -42.453  -31.697  -5.917 0.4000000060
128371  -42.877  -32.558  -4.915 0.4000000060
115152  -41.460  -29.039  -8.118 0.5000000000
40869  -41.920  -31.861  -7.983 0.4000000060
40051  -42.608  -32.488  -6.707 0.4000000060
40897  -40.354  -32.365  -11.207 0.4000000060
40019  -37.710  -32.501  -2.820 0.5000000000
40906  -31.080  -31.299  -11.504 0.6999999881
41740  -33.246  -30.428  -10.011 0.8000000119
41763  -29.848  -30.478  -11.638 0.5000000000
120108  -40.214  -28.070  -11.316 0.5000000000
42675  -33.037  -29.515  -10.302 0.6999999881
46327  -42.741  -25.778  -13.907 0.4000000060
43485  -41.411  -28.504  -13.806 0.5000000000
42703  -27.969  -28.964  -11.908 0.5000000000
42623  -38.435  -29.120  -4.026 0.5000000000
113989  -35.323  -29.471  -6.715 0.6999999881
45350  -39.527  -25.993  -13.121 0.4000000060
119048  -39.642  -25.977  -13.548 0.4000000060
43433  -34.604  -28.673  -7.900 0.8000000119
43482  -28.772  -28.679  -12.079 0.5000000000
110564  -40.407  -25.245  -10.998 0.5000000000
121300  -34.362  -28.071  -8.563 0.6000000238
44321  -34.002  -27.691  -9.144 0.6000000238
48320  -44.128  -22.926  -12.386 0.4000000060
116982  -43.479  -24.893  -11.938 0.5000000000
44358  -29.593  -27.686  -12.412 0.5000000000
43469  -31.642  -28.304  -11.982 0.6999999881
43429  -35.784  -28.106  -6.578 0.6000000238
43434  -35.240  -28.177  -7.286 0.6999999881
110739  -35.274  -26.214  -7.785 0.6999999881
114164  -35.259  -24.940  -8.148 0.6000000238
46274  -33.687  -25.526  -9.669 0.6000000238
46278  -43.634  -25.272  -9.791 0.5000000000
49270  -39.643  -22.904  -10.862 0.5000000000
48316  -39.301  -22.896  -13.504 0.4000000060
115893  -35.509  -26.827  -7.364 0.6999999881
45304  -35.919  -26.101  -7.151 0.6999999881
47267  -36.750  -24.588  -7.181 0.6999999881
130599  -32.947  -26.311  -10.581 0.6000000238
122121  -39.333  -21.842  -14.512 0.4000000060
116541  -38.411  -23.974  -6.986 0.5000000000
48253  -37.969  -23.348  -7.352 0.6000000238
52241  -42.413  -19.800  -10.177 0.4000000060
49257  -38.209  -22.006  -8.103 0.6999999881
127115  -37.880  -21.375  -8.490 0.6000000238
52221  -42.936  -19.160  -9.708 0.4000000060
48287  -33.719  -23.894  -9.771 0.6000000238
112982  -45.972  -20.948  -8.772 0.4000000060
51196  -38.964  -20.766  -12.130 0.6000000238
51209  -39.927  -21.329  -14.854 0.4000000060
49258  -38.937  -22.224  -8.295 0.6999999881
52225  -46.343  -19.241  -9.332 0.3000000119
52262  -39.772  -19.412  -14.509 0.5000000000
111802  -39.999  -20.610  -14.870 0.5000000000
54971  -43.464  -16.673  -9.808 0.3000000119
54972  -44.413  -16.749  -9.555 0.3000000119
109505  -38.360  -19.896  -10.405 0.6000000238
54173  -47.580  -17.807  -9.722 0.3000000119
50219  -35.668  -20.924  -9.393 0.6000000238
54973  -45.259  -16.796  -9.675 0.3000000119
54984  -46.106  -16.837  -10.073 0.3000000119
55832  -43.873  -15.202  -10.178 0.3000000119
55833  -44.865  -15.364  -9.837 0.3000000119
113397  -45.901  -15.290  -9.955 0.3000000119
55007  -37.050  -15.989  -14.868 0.5000000000
128112  -38.199  -15.804  -15.587 0.5000000000
56640  -41.478  -14.239  -13.305 0.4000000060
54168  -38.058  -18.148  -10.775 0.5000000000
55862  -36.881  -15.024  -15.435 0.4000000060
55850  -36.730  -14.901  -14.844 0.4000000060
120867  -38.752  -14.357  -15.323 0.4000000060
56642  -42.813  -13.778  -12.681 0.3000000119
58446  -44.450  -12.544  -12.171 0.3000000119
59364  -41.184  -10.935  -13.051 0.3000000119
54980  -40.073  -15.747  -10.353 0.3000000119
59367  -44.782  -11.011  -13.109 0.3000000119
61266  -47.460  -8.860  -13.061 0.3000000119
59381  -43.348  -10.775  -13.383 0.3000000119
61265  -46.367  -9.016  -13.317 0.3000000119
61251  -43.215  -9.401  -12.967 0.3000000119
64080  -47.693  -5.417  -15.558 0.3000000119
61225  -44.077  -9.610  -10.643 0.3000000119
57490  -42.324  -13.107  -9.136 0.3000000119
60275  -43.466  -10.329  -9.662 0.3000000119
63119  -44.432  -7.425  -11.916 0.3000000119
126895  -42.115  -11.763  -8.124 0.3000000119
66451  -47.743  -3.817  -16.911 0.3000000119
61207  -43.794  -9.707  -9.886 0.3000000119
63101  -44.333  -7.413  -10.770 0.3000000119
64027  -44.503  -6.555  -12.013 0.3000000119
125290  -41.423  -10.877  -7.693 0.3000000119
126345  -44.361  -4.094  -14.413 0.3000000119
65687  -45.703  -4.726  -15.118 0.3000000119
66450  -46.990  -3.727  -16.536 0.3000000119
67253  -47.332  -3.126  -16.968 0.3000000119
67265  -47.931  -2.762  -17.639 0.3000000119
67266  -48.487  -2.851  -17.863 0.3000000119
61206  -42.646  -9.092  -8.832 0.3000000119
63100  -43.739  -7.443  -9.965 0.3000000119
64851  -43.276  -5.986  -9.958 0.3000000119
60231  -40.203  -10.712  -7.051 0.3000000119
68114  -47.414  -2.249  -17.015 0.3000000119
22490  -37.502  -54.512  -11.358 0.4000000060
36847  -34.667  -37.113  -11.143 0.8000000119
41784  -40.721  -31.513  -14.136 0.4000000060
53216  -36.538  -18.616  -8.471 0.5000000000
42708  -39.464  -29.398  -13.722 0.4000000060
43463  -46.159  -29.147  -10.481 0.3000000119
124878  -44.149  -28.139  -9.314 0.4000000060
117941  -46.882  -27.976  -10.704 0.3000000119
43462  -42.445  -28.641  -10.849 0.4000000060
112512  -42.854  -28.003  -10.074 0.4000000060
44337  -47.232  -27.371  -10.747 0.3000000119
117305  -45.191  -26.933  -9.306 0.4000000060
44327  -45.781  -27.409  -9.700 0.3000000119
44362  -39.310  -27.877  -13.271 0.3000000119
44324  -43.415  -27.412  -9.678 0.4000000060
44325  -44.022  -27.496  -9.275 0.4000000060
47294  -45.906  -24.989  -9.073 0.3000000119
112797  -43.826  -26.775  -9.393 0.4000000060
47296  -47.297  -24.591  -9.632 0.3000000119
121420  -46.461  -25.404  -9.473 0.3000000119
46265  -45.049  -25.274  -8.903 0.4000000060
45326  -44.258  -25.950  -9.191 0.4000000060
48295  -47.577  -23.052  -9.191 0.3000000119
48278  -46.809  -23.004  -8.751 0.3000000119
48277  -46.164  -23.326  -8.672 0.3000000119
50206  -47.303  -21.450  -8.696 0.3000000119
49260  -45.606  -22.712  -8.716 0.3000000119
47329  -29.928  -23.638  -13.487 0.5000000000
49302  -29.975  -21.718  -13.953 0.5000000000
129037  -30.774  -22.956  -14.049 0.5000000000
49303  -30.632  -22.139  -14.263 0.5000000000
48327  -31.604  -23.671  -13.435 0.5000000000
52227  -48.471  -19.724  -9.276 0.3000000119
50205  -46.509  -21.583  -8.605 0.3000000119
49304  -31.450  -21.819  -14.285 0.5000000000
50249  -33.000  -20.487  -13.300 0.5000000000
52265  -31.382  -18.044  -15.112 0.5000000000
52259  -33.185  -17.798  -14.399 0.5000000000
51222  -32.547  -18.433  -15.014 0.5000000000
51217  -33.539  -18.276  -13.405 0.4000000060
126578  -32.635  -18.459  -13.340 0.5000000000
51215  -31.172  -18.829  -13.950 0.5000000000
51207  -34.069  -18.989  -12.475 0.5000000000
126915  -33.596  -18.389  -13.106 0.4000000060
51208  -34.197  -19.079  -11.783 0.5000000000
51206  -32.322  -19.355  -12.056 0.4000000060
52236  -33.360  -18.994  -11.101 0.4000000060
52238  -34.696  -19.206  -10.880 0.5000000000
52237  -34.184  -18.950  -11.126 0.4000000060
52215  -34.259  -18.855  -10.161 0.5000000000
121101  -33.482  -19.023  -10.154 0.4000000060
53228  -35.274  -18.728  -9.114 0.4000000060
53214  -34.333  -18.216  -8.605 0.5000000000
53213  -33.823  -18.556  -8.638 0.3000000119
53215  -35.064  -18.088  -8.414 0.4000000060
53200  -36.808  -18.180  -7.859 0.4000000060
54149  -35.887  -18.113  -8.127 0.3000000119
53198  -34.413  -17.620  -7.918 0.3000000119
53199  -35.142  -17.528  -8.008 0.3000000119
122278  -37.031  -17.642  -7.381 0.3000000119
54123  -37.746  -17.332  -7.083 0.3000000119
54133  -35.897  -17.410  -7.574 0.3000000119
54948  -36.553  -16.819  -6.979 0.3000000119
54935  -37.560  -16.636  -6.716 0.3000000119
54936  -38.446  -16.862  -6.801 0.3000000119
48326  -29.745  -22.684  -13.292 0.5000000000
42695  -46.594  -29.594  -11.013 0.3000000119
113799  -43.015  -28.968  -9.851 0.4000000060
48313  -29.679  -22.696  -12.832 0.4000000060
50248  -29.951  -21.018  -14.053 0.5000000000
51204  -30.329  -20.214  -13.787 0.4000000060
51205  -31.454  -19.655  -12.709 0.5000000000
115929  -39.462  -28.368  -13.657 0.4000000060
49287  -32.933  -21.742  -12.408 0.5000000000
41775  -39.609  -30.495  -13.776 0.4000000060
44345  -39.684  -27.512  -12.271 0.3000000119
42694  -42.022  -29.905  -11.967 0.4000000060
44323  -42.904  -27.187  -10.392 0.4000000060
47277  -45.384  -24.481  -8.853 0.3000000119
46314  -29.723  -24.401  -13.137 0.5000000000
48336  -30.906  -23.622  -13.834 0.5000000000
48328  -32.073  -23.237  -13.090 0.5000000000
50242  -33.661  -20.464  -12.168 0.5000000000
122324  -35.807  -18.539  -8.615 0.4000000060
53201  -37.825  -18.054  -7.713 0.3000000119
43473  -46.849  -28.756  -11.007 0.3000000119
43455  -45.486  -28.886  -9.866 0.4000000060
43456  -46.195  -28.253  -10.251 0.3000000119
121366  -43.553  -28.140  -9.522 0.4000000060
43453  -43.856  -28.793  -9.397 0.4000000060
42668  -44.251  -29.292  -9.419 0.4000000060
117432  -45.391  -28.166  -9.677 0.3000000119
42678  -42.452  -29.795  -10.773 0.4000000060
45328  -45.810  -26.548  -9.490 0.3000000119
44336  -46.592  -27.430  -10.299 0.3000000119
45327  -45.103  -26.228  -9.068 0.4000000060
48294  -46.913  -23.871  -9.152 0.3000000119
47278  -46.055  -24.195  -8.812 0.3000000119
49273  -47.805  -22.141  -9.029 0.3000000119
47318  -28.719  -24.010  -12.533 0.5000000000
48325  -29.293  -23.040  -13.028 0.5000000000
109831  -30.094  -22.820  -13.735 0.5000000000
49306  -30.362  -21.121  -14.495 0.5000000000
112228  -31.371  -22.923  -13.962 0.5000000000
50254  -31.122  -21.054  -14.646 0.5000000000
49298  -32.188  -22.011  -13.535 0.5000000000
50255  -32.175  -20.422  -14.474 0.5000000000
50250  -33.664  -19.299  -13.123 0.5000000000
51221  -31.313  -19.600  -15.128 0.5000000000
51220  -30.451  -19.448  -14.965 0.5000000000
51216  -33.255  -18.929  -14.107 0.4000000060
42666  -42.993  -29.857  -9.886 0.4000000060
34972  -33.753  -38.380  -11.372 0.6999999881
131655  -35.539  -38.279  -10.470 0.6999999881
125309  -34.957  -37.906  -11.306 0.6999999881
128273  -34.094  -38.055  -11.909 0.6999999881
35909  -33.818  -37.701  -11.671 0.6999999881
35904  -33.483  -37.372  -10.749 0.6999999881
36837  -34.423  -36.254  -10.957 0.6999999881
35910  -34.026  -36.748  -11.630 0.6999999881
121656  -33.818  -36.153  -11.343 0.6999999881
39300  -40.586  -34.399  -12.516 0.3000000119
39310  -41.058  -35.009  -12.719 0.3000000119
40099  -40.254  -33.507  -12.975 0.3000000119
40910  -41.638  -32.924  -12.716 0.3000000119
40909  -41.451  -32.140  -13.252 0.3000000119
125507  -40.957  -33.224  -13.444 0.3000000119
37730  -33.888  -35.879  -11.274 0.6999999881
40896  -39.971  -32.624  -12.385 0.3000000119
40917  -40.805  -32.304  -13.908 0.3000000119
41769  -42.023  -31.639  -12.136 0.3000000119
40885  -42.895  -31.336  -10.233 0.3000000119
40886  -43.576  -31.644  -9.711 0.3000000119
37729  -33.433  -35.515  -11.135 0.6999999881
41776  -39.534  -31.090  -13.501 0.3000000119
40916  -39.862  -32.074  -13.651 0.3000000119
41755  -42.464  -30.928  -10.915 0.3000000119
41743  -42.794  -30.451  -10.178 0.3000000119
41744  -43.420  -30.524  -9.675 0.3000000119
41777  -41.347  -31.230  -13.655 0.3000000119
121630  -44.280  -30.003  -9.463 0.3000000119
42709  -39.359  -29.956  -13.385 0.3000000119
43484  -39.223  -28.875  -13.363 0.3000000119
34110  -36.336  -39.704  -9.941 0.6999999881
34106  -36.852  -40.030  -8.677 0.6999999881
34964  -33.972  -39.028  -10.367 0.6999999881
34974  -35.899  -38.971  -10.186 0.6999999881
34978  -35.302  -38.688  -11.321 0.6999999881
34986  -34.483  -38.463  -11.796 0.6999999881
34984  -33.958  -38.159  -11.891 0.6999999881
34971  -33.729  -38.207  -9.885 0.6999999881
38542  -41.510  -35.719  -12.243 0.3000000119
40100  -42.033  -33.649  -12.135 0.3000000119
40074  -42.930  -32.759  -10.556 0.3000000119
41745  -44.393  -30.900  -9.481 0.3000000119
41746  -45.057  -30.270  -9.667 0.3000000119
42669  -44.889  -29.457  -9.583 0.3000000119
39301  -41.051  -35.315  -12.214 0.3000000119
128342  -41.771  -31.185  -12.762 0.3000000119
40898  -42.397  -32.170  -11.392 0.3000000119
25363  -42.134  -50.210  -10.113 0.4000000060
26154  -41.934  -49.697  -9.751 0.4000000060
26144  -41.303  -49.701  -8.993 0.4000000060
25334  -40.388  -49.994  -8.058 0.4000000060
26164  -43.000  -49.243  -11.762 0.4000000060
130182  -38.223  -47.138  -7.959 0.5000000000
27855  -39.554  -47.879  -9.000 0.4000000060
26994  -40.093  -48.728  -8.397 0.4000000060
27005  -41.324  -48.642  -9.731 0.4000000060
26143  -40.658  -49.673  -8.355 0.4000000060
27004  -40.435  -48.265  -9.352 0.5000000000
27013  -41.826  -48.175  -10.763 0.4000000060
27014  -42.661  -48.654  -11.476 0.4000000060
26993  -39.276  -48.373  -8.022 0.4000000060
27854  -38.786  -47.346  -8.627 0.5000000000
27864  -40.948  -47.772  -10.311 0.5000000000
27018  -42.520  -48.174  -12.079 0.5000000000
27863  -40.119  -47.183  -9.964 0.5000000000
27872  -40.941  -46.816  -11.004 0.5000000000
27880  -41.839  -47.328  -12.113 0.5000000000
27020  -40.593  -47.631  -12.178 0.5000000000
27017  -39.628  -47.624  -11.715 0.5000000000
28674  -40.942  -46.179  -11.746 0.5000000000
29512  -39.529  -45.605  -10.356 0.6000000238
27021  -41.490  -47.690  -12.302 0.5000000000
29524  -40.584  -45.848  -12.345 0.5000000000
28680  -40.479  -46.171  -12.432 0.5000000000
28676  -38.877  -46.209  -12.047 0.6000000238
27876  -40.165  -46.748  -12.335 0.5000000000
28672  -37.828  -46.423  -11.255 0.5000000000
29500  -38.639  -45.415  -9.471 0.6000000238
29520  -40.585  -45.701  -12.017 0.6000000238
29526  -40.409  -45.867  -12.399 0.5000000000
27875  -39.430  -46.747  -12.035 0.6000000238
28675  -38.341  -45.597  -12.069 0.6000000238
29517  -37.316  -45.613  -11.525 0.5000000000
29510  -35.599  -45.372  -10.002 0.5000000000
29511  -36.003  -45.567  -10.403 0.5000000000
29516  -36.408  -45.487  -11.036 0.5000000000
29515  -35.751  -45.172  -10.809 0.5000000000
32482  -33.429  -41.405  -7.472 0.4000000060
29519  -39.938  -45.218  -11.538 0.6000000238
32483  -34.138  -40.995  -7.794 0.5000000000
29518  -39.318  -44.743  -10.726 0.6000000238
29523  -39.964  -45.411  -12.315 0.5000000000
116780  -33.995  -41.900  -7.640 0.5000000000
30261  -39.373  -44.565  -11.889 0.6000000238
29522  -38.965  -44.921  -12.366 0.6000000238
32489  -34.463  -41.738  -8.366 0.5000000000
30264  -37.622  -44.498  -12.251 0.6000000238
29521  -37.906  -45.043  -12.203 0.5000000000
29509  -35.041  -45.001  -9.310 0.5000000000
110280  -36.934  -45.057  -11.784 0.5000000000
30259  -36.095  -44.894  -11.494 0.5000000000
131197  -32.880  -41.700  -7.388 0.4000000060
33252  -33.367  -40.531  -7.458 0.5000000000
115928  -32.233  -42.034  -7.493 0.4000000060
33253  -34.000  -40.232  -7.732 0.5000000000
30256  -38.602  -44.408  -9.901 0.6000000238
115364  -34.475  -40.948  -8.499 0.5000000000
31022  -38.376  -43.679  -10.210 0.6000000238
33274  -34.506  -40.469  -9.263 0.5000000000
30265  -38.800  -44.287  -12.214 0.6000000238
31031  -38.226  -44.139  -12.307 0.6000000238
30266  -37.541  -43.734  -12.160 0.6000000238
30254  -35.300  -44.825  -10.335 0.5000000000
30263  -36.766  -44.315  -12.092 0.6000000238
30258  -35.430  -44.507  -11.169 0.5000000000
30257  -35.035  -44.213  -10.584 0.5000000000
114714  -32.677  -41.199  -7.383 0.4000000060
129759  -32.995  -39.966  -7.336 0.5000000000
34104  -34.012  -39.093  -8.229 0.5000000000
130303  -34.063  -38.821  -9.121 0.5000000000
34105  -34.332  -39.603  -9.015 0.5000000000
34109  -34.289  -39.881  -10.494 0.5000000000
31769  -37.568  -42.411  -9.780 0.6000000238
33277  -34.494  -40.809  -10.577 0.5000000000
116352  -34.697  -41.980  -9.264 0.5000000000
118681  -36.929  -42.850  -11.897 0.6000000238
131962  -34.872  -43.898  -10.112 0.5000000000
31029  -36.558  -43.517  -12.088 0.5000000000
31768  -34.781  -42.616  -9.907 0.5000000000
31770  -34.866  -42.403  -11.088 0.5000000000
31027  -35.190  -43.080  -11.375 0.5000000000
34949  -33.323  -38.781  -7.682 0.5000000000
34115  -34.023  -39.210  -11.502 0.5000000000
31771  -37.391  -42.382  -10.938 0.6000000238
32496  -34.693  -41.753  -10.343 0.5000000000
32501  -36.912  -41.576  -10.940 0.6000000238
124571  -36.131  -42.773  -12.076 0.5000000000
31772  -35.150  -42.090  -11.774 0.5000000000
31773  -35.594  -41.984  -12.036 0.5000000000
33251  -32.407  -40.321  -7.330 0.4000000060
34963  -33.686  -38.343  -8.533 0.4000000060
32481  -31.802  -41.134  -7.510 0.4000000060
34114  -34.011  -38.681  -11.861 0.6000000238
113152  -34.388  -40.101  -11.589 0.6000000238
32497  -36.863  -40.958  -10.298 0.6000000238
32499  -34.736  -41.228  -11.586 0.5000000000
33281  -35.754  -40.619  -11.811 0.6000000238
32502  -35.074  -41.206  -12.051 0.5000000000
34089  -32.640  -39.371  -7.347 0.5000000000
35890  -33.375  -37.530  -8.972 0.5000000000
35870  -33.098  -37.924  -7.925 0.4000000060
35869  -32.270  -37.791  -7.577 0.4000000060
34985  -34.098  -38.509  -11.928 0.6000000238
125841  -34.410  -39.286  -11.875 0.6000000238
33279  -34.748  -40.328  -12.018 0.5000000000
119032  -34.875  -39.899  -12.105 0.5000000000
31013  -34.439  -43.319  -8.364 0.5000000000
31020  -34.737  -43.497  -9.454 0.5000000000
34088  -31.719  -39.664  -7.346 0.4000000060
26131  -40.101  -49.591  -7.723 0.4000000060
28666  -38.957  -46.398  -9.428 0.6000000238
30255  -37.989  -43.922  -9.275 0.6000000238
33268  -37.090  -40.779  -8.647 0.6000000238
33276  -37.125  -41.067  -9.400 0.6000000238
33275  -36.788  -40.375  -9.511 0.6000000238
33278  -36.250  -40.271  -10.870 0.6000000238
34116  -35.720  -39.479  -11.126 0.6000000238
111302  -34.985  -39.310  -11.903 0.6000000238
27873  -41.509  -47.392  -11.181 0.5000000000
28678  -41.005  -46.143  -12.226 0.5000000000
116645  -39.302  -45.480  -12.355 0.6000000238
33266  -34.333  -40.313  -8.273 0.5000000000
112694  -38.930  -43.994  -11.784 0.6000000238
30262  -35.940  -44.131  -11.845 0.5000000000
114103  -37.843  -43.215  -11.570 0.6000000238
31025  -37.944  -43.080  -10.529 0.6000000238
121494  -35.566  -42.837  -11.890 0.5000000000
32498  -37.284  -41.631  -10.007 0.6000000238
31775  -36.826  -42.055  -11.558 0.6000000238
32500  -36.402  -41.000  -11.362 0.6000000238
32503  -35.702  -41.273  -11.982 0.6000000238
33280  -35.138  -40.543  -12.094 0.5000000000
31707  -46.960  -42.387  -4.227 0.3000000119
30962  -47.960  -42.998  -3.111 0.3000000119
31717  -47.131  -43.068  -5.448 0.3000000119
115187  -46.546  -43.183  -6.013 0.3000000119
30974  -48.060  -43.211  -5.270 0.3000000119
31741  -47.137  -42.795  -6.232 0.3000000119
111094  -47.475  -41.357  -6.504 0.3000000119
31715  -45.362  -42.540  -5.617 0.3000000119
126633  -45.830  -43.017  -6.051 0.3000000119
32475  -46.438  -42.027  -6.605 0.3000000119
116687  -47.781  -40.568  -6.558 0.3000000119
128318  -45.373  -41.695  -6.831 0.3000000119
33244  -46.937  -41.069  -6.796 0.3000000119
34979  -46.164  -38.951  -11.327 0.3000000119
35906  -46.061  -38.161  -10.204 0.3000000119
35912  -45.206  -37.718  -11.289 0.3000000119
36823  -45.074  -36.929  -9.277 0.3000000119
36839  -43.987  -36.944  -11.372 0.3000000119
36840  -44.583  -37.175  -10.738 0.3000000119
30963  -48.622  -43.396  -3.771 0.3000000119
30988  -48.726  -43.601  -6.570 0.3000000119
26169  -41.036  -48.705  -12.234 0.4000000060
32477  -48.946  -42.326  -6.513 0.3000000119
33245  -48.468  -40.634  -6.290 0.3000000119
33257  -46.303  -40.848  -7.512 0.3000000119
34107  -46.543  -40.127  -8.457 0.3000000119
34975  -46.491  -39.237  -9.883 0.3000000119
34117  -46.836  -40.196  -10.651 0.3000000119
34118  -47.095  -40.569  -11.353 0.3000000119
34120  -46.753  -40.251  -12.131 0.3000000119
34987  -46.077  -39.403  -12.804 0.3000000119
36849  -44.581  -37.183  -11.704 0.3000000119
115604  -48.178  -42.488  -6.472 0.3000000119
34081  -48.391  -39.800  -6.545 0.3000000119
23229  -29.029  -53.555  -10.925 0.4000000060
131084  -29.211  -52.706  -10.945 0.3000000119
23929  -29.566  -52.162  -10.622 0.3000000119
24637  -29.982  -51.542  -10.094 0.3000000119
27843  -35.531  -47.623  -8.098 0.4000000060
28658  -35.807  -46.860  -8.759 0.4000000060
26992  -36.360  -48.381  -8.784 0.4000000060
29497  -34.878  -45.410  -8.438 0.4000000060
29498  -35.315  -45.694  -9.090 0.4000000060
128345  -35.442  -46.303  -8.725 0.4000000060
28664  -35.833  -46.064  -9.624 0.4000000060
27859  -36.375  -46.821  -9.501 0.4000000060
27860  -36.914  -47.291  -9.759 0.4000000060
27869  -37.258  -46.862  -10.403 0.4000000060
27853  -36.596  -47.707  -9.216 0.4000000060
27861  -37.374  -47.700  -10.005 0.4000000060
109481  -32.218  -44.321  -7.131 0.3000000119
28671  -36.955  -46.039  -10.753 0.4000000060
30999  -32.597  -43.631  -7.250 0.3000000119
30998  -31.609  -43.781  -7.502 0.3000000119
27870  -37.871  -47.527  -10.567 0.4000000060
28665  -36.359  -45.998  -10.296 0.4000000060
31755  -34.279  -42.545  -7.989 0.4000000060
26991  -35.793  -48.367  -8.219 0.4000000060
28648  -35.242  -46.868  -8.031 0.4000000060
27852  -36.137  -47.613  -8.713 0.4000000060
115621  -36.700  -56.360  -11.205 0.3000000119
21706  -37.128  -55.404  -11.485 0.3000000119
23932  -37.921  -52.925  -10.577 0.3000000119
23927  -38.396  -52.265  -10.232 0.3000000119
23934  -40.388  -52.433  -11.717 0.3000000119
111178  -40.651  -52.621  -12.657 0.3000000119
24656  -40.492  -52.588  -13.131 0.3000000119
23943  -41.310  -52.052  -12.231 0.3000000119
23944  -41.508  -51.721  -12.533 0.3000000119
24654  -41.153  -51.773  -12.919 0.3000000119
25373  -41.890  -50.847  -10.655 0.3000000119
24650  -41.999  -51.401  -12.102 0.3000000119
25386  -42.042  -51.030  -12.470 0.3000000119
25374  -42.616  -50.457  -11.112 0.3000000119
26173  -42.183  -50.053  -12.530 0.3000000119
27015  -42.938  -48.799  -12.037 0.3000000119
25375  -42.949  -49.920  -11.724 0.3000000119
109813  -38.446  -53.408  -11.301 0.3000000119
19274  -37.858  -57.870  -6.620 0.3000000119
19283  -38.192  -56.975  -6.998 0.3000000119
20851  -34.943  -56.121  -4.478 0.3000000119
21649  -34.813  -55.435  -4.697 0.3000000119
21675  -35.255  -55.269  -7.207 0.4000000060
23224  -35.893  -54.036  -8.882 0.4000000060
23226  -37.099  -53.228  -10.140 0.4000000060
23792  -34.066  -52.905  0.176 0.3000000119
23817  -34.109  -52.181  0.029 0.3000000119
23835  -33.511  -52.361  -2.279 0.3000000119
23858  -34.205  -52.565  -4.721 0.3000000119
23883  -34.742  -52.510  -6.075 0.3000000119
23896  -36.229  -52.186  -7.861 0.4000000060
23947  -40.285  -53.153  -13.075 0.3000000119
23948  -40.892  -52.334  -12.814 0.3000000119
23951  -39.951  -53.205  -13.286 0.3000000119
24472  -37.792  -51.392  0.960 0.3000000119
24490  -38.012  -52.363  0.401 0.3000000119
24512  -34.220  -51.379  -0.200 0.3000000119
24533  -33.629  -51.506  -2.319 0.3000000119
24582  -36.329  -51.118  -6.819 0.4000000060
24641  -41.640  -51.456  -11.402 0.3000000119
24642  -42.243  -51.026  -11.515 0.3000000119
24653  -40.388  -51.956  -13.296 0.3000000119
25181  -41.725  -50.094  2.029 0.3000000119
25198  -36.916  -50.204  1.058 0.3000000119
25199  -37.532  -49.822  1.292 0.3000000119
25203  -41.137  -50.849  1.620 0.3000000119
25230  -34.425  -50.623  -0.497 0.3000000119
25231  -35.037  -50.011  -0.169 0.3000000119
25268  -34.242  -50.580  -3.516 0.3000000119
25295  -35.717  -50.461  -5.519 0.3000000119
25296  -36.533  -50.158  -5.788 0.3000000119
25310  -38.806  -50.005  -6.682 0.4000000060
25352  -41.588  -50.062  -9.352 0.4000000060
25383  -42.554  -50.718  -11.909 0.3000000119
25387  -42.695  -50.094  -12.194 0.3000000119
25967  -39.988  -49.095  2.262 0.3000000119
25970  -42.286  -49.451  2.212 0.3000000119
25990  -38.417  -49.319  1.545 0.3000000119
26022  -34.613  -50.005  -0.831 0.3000000119
26023  -35.083  -49.326  -0.903 0.3000000119
26037  -34.550  -49.794  -1.540 0.3000000119
26038  -35.062  -49.208  -1.844 0.3000000119
26062  -35.361  -49.443  -3.500 0.3000000119
26075  -35.721  -49.603  -4.288 0.3000000119
26076  -36.773  -49.142  -4.545 0.3000000119
26094  -39.072  -48.859  -5.661 0.4000000060
26163  -42.720  -49.615  -10.830 0.3000000119
26170  -42.977  -49.309  -12.074 0.3000000119
26174  -42.669  -49.394  -12.309 0.3000000119
26827  -40.431  -48.603  2.362 0.3000000119
26830  -42.819  -48.801  2.307 0.3000000119
26845  -38.286  -48.509  1.224 0.3000000119
26861  -37.648  -48.359  0.706 0.3000000119
26878  -35.727  -48.721  -0.753 0.3000000119
26879  -37.134  -48.141  0.018 0.3000000119
26952  -39.150  -48.258  -5.379 0.4000000060
26963  -39.226  -48.525  -5.952 0.4000000060
26982  -39.299  -48.631  -6.835 0.5000000000
26984  -40.310  -49.272  -8.105 0.4000000060
26995  -40.909  -49.110  -8.784 0.4000000060
26996  -41.552  -49.293  -9.413 0.4000000060
27006  -42.131  -49.029  -10.233 0.4000000060
27019  -42.728  -48.713  -12.173 0.3000000119
27022  -42.136  -47.888  -12.217 0.5000000000
27697  -42.036  -47.428  2.597 0.3000000119
27715  -38.973  -47.885  1.144 0.3000000119
27718  -44.170  -48.071  1.641 0.3000000119
27719  -44.392  -47.329  1.541 0.3000000119
27743  -36.712  -48.114  -0.725 0.3000000119
27744  -37.818  -47.544  -0.745 0.3000000119
27773  -37.867  -47.553  -2.207 0.3000000119
27774  -38.970  -47.120  -2.560 0.3000000119
27799  -39.387  -47.727  -4.552 0.3000000119
27829  -38.416  -47.696  -6.024 0.5000000000
27862  -39.318  -47.077  -9.401 0.5000000000
27874  -42.092  -47.689  -11.743 0.4000000060
27877  -41.450  -46.793  -11.887 0.5000000000
27878  -40.892  -46.747  -12.382 0.5000000000
27879  -41.425  -46.984  -12.223 0.5000000000
28524  -41.647  -46.707  2.576 0.3000000119
28542  -39.790  -46.721  1.577 0.3000000119
28580  -39.108  -46.203  -2.184 0.4000000060
28601  -38.559  -46.441  -3.745 0.3000000119
28602  -39.305  -46.891  -3.484 0.4000000060
28614  -38.109  -46.616  -4.414 0.5000000000
28623  -37.849  -46.868  -5.173 0.4000000060
28650  -38.654  -47.915  -7.557 0.5000000000
28667  -39.642  -46.427  -9.989 0.6000000238
28673  -40.361  -45.994  -10.988 0.6000000238
28677  -39.880  -45.961  -12.453 0.6000000238
28679  -41.293  -46.648  -12.196 0.5000000000
28681  -40.851  -46.241  -12.338 0.5000000000
29363  -41.542  -45.491  2.577 0.3000000119
29365  -43.118  -45.293  2.443 0.3000000119
29381  -40.214  -45.342  2.095 0.3000000119
29391  -39.183  -45.831  0.116 0.3000000119
29393  -44.822  -45.527  1.280 0.3000000119
29394  -45.328  -45.259  0.643 0.3000000119
29431  -37.955  -45.293  -2.659 0.5000000000
29432  -38.978  -46.005  -2.727 0.4000000060
29477  -36.681  -45.443  -6.477 0.6000000238
29488  -36.899  -45.036  -7.392 0.6999999881
29525  -38.345  -44.569  -12.333 0.6000000238
30123  -43.338  -44.527  2.224 0.4000000060
30139  -40.170  -44.491  2.068 0.3000000119
30151  -45.496  -44.447  0.408 0.4000000060
30233  -37.132  -44.341  -7.855 0.6999999881
30253  -34.925  -44.321  -9.788 0.5000000000
30260  -38.981  -44.065  -11.007 0.6000000238
30888  -40.993  -43.502  2.358 0.4000000060
30904  -43.062  -42.977  1.932 0.4000000060
30920  -45.628  -43.650  0.133 0.4000000060
30942  -36.586  -43.132  -1.962 0.6999999881
30944  -47.129  -44.028  -1.549 0.3000000119
30954  -37.117  -43.932  -2.013 0.6000000238
30972  -35.868  -43.624  -4.635 0.6999999881
30973  -47.394  -43.334  -5.992 0.3000000119
30981  -35.933  -43.610  -5.568 0.6999999881
30982  -48.298  -43.513  -6.095 0.3000000119
30986  -35.761  -42.891  -5.791 0.6999999881
31001  -34.103  -43.171  -7.761 0.4000000060
31023  -34.918  -43.418  -10.578 0.5000000000
31024  -35.113  -43.871  -11.130 0.5000000000
31026  -38.484  -43.595  -11.234 0.6000000238
31028  -35.465  -43.703  -11.600 0.5000000000
31030  -38.413  -43.765  -12.044 0.6000000238
31656  -43.960  -42.314  1.009 0.4000000060
31664  -37.462  -42.186  0.024 0.4000000060
31665  -38.053  -42.764  0.486 0.4000000060
31677  -45.645  -42.804  -0.203 0.4000000060
31686  -36.213  -42.352  -1.877 0.6000000238
31706  -35.466  -42.311  -3.741 0.6999999881
31708  -47.835  -42.782  -4.151 0.3000000119
31716  -46.243  -42.902  -5.552 0.3000000119
31724  -45.320  -42.694  -6.218 0.3000000119
31725  -46.011  -42.871  -6.232 0.3000000119
31726  -48.068  -43.324  -6.221 0.3000000119
31742  -48.575  -43.169  -6.617 0.3000000119
31757  -37.353  -42.798  -8.232 0.6999999881
31760  -30.500  -42.035  -8.359 0.5000000000
31761  -34.587  -42.598  -8.821 0.5000000000
31774  -36.226  -42.068  -11.981 0.5000000000
32392  -44.123  -41.747  0.564 0.4000000060
32399  -38.462  -41.341  0.721 0.4000000060
32402  -43.756  -41.113  0.460 0.4000000060
32404  -44.686  -41.843  0.171 0.4000000060
32411  -37.250  -41.455  -0.155 0.5000000000
32412  -44.757  -41.324  -0.339 0.4000000060
32413  -45.248  -41.987  -0.305 0.4000000060
32420  -35.542  -41.158  -2.373 0.6000000238
32421  -35.952  -41.595  -1.780 0.6000000238
32427  -45.656  -41.223  -2.084 0.4000000060
32439  -46.255  -41.812  -3.660 0.4000000060
32457  -44.754  -41.788  -5.362 0.4000000060
32458  -48.814  -41.367  -6.276 0.3000000119
32473  -44.957  -42.171  -6.380 0.3000000119
32474  -45.603  -42.253  -6.641 0.3000000119
32476  -47.990  -41.626  -6.420 0.3000000119
32504  -36.458  -41.563  -11.668 0.6000000238
33166  -40.067  -40.839  1.261 0.4000000060
33168  -41.817  -40.796  1.242 0.4000000060
33177  -41.242  -40.040  0.827 0.4000000060
33201  -35.402  -40.175  -2.327 0.6000000238
33203  -45.037  -40.710  -2.661 0.4000000060
33230  -44.541  -40.859  -5.683 0.4000000060
33242  -44.894  -41.383  -6.415 0.4000000060
33243  -45.929  -41.487  -7.143 0.3000000119
33256  -45.971  -40.939  -7.497 0.3000000119
34002  -38.265  -39.799  0.161 0.5000000000
34013  -37.520  -39.297  -0.404 0.5000000000
34017  -43.576  -39.988  -0.391 0.4000000060
34047  -43.666  -39.116  -3.390 0.4000000060
34054  -35.408  -39.733  -4.771 0.6999999881
34055  -44.331  -40.237  -4.821 0.4000000060
34065  -36.196  -38.792  -6.082 0.6999999881
34080  -47.327  -40.366  -7.019 0.3000000119
34087  -30.222  -39.547  -7.674 0.5000000000
34090  -33.524  -39.671  -7.585 0.5000000000
34091  -34.180  -39.736  -8.046 0.5000000000
34094  -46.196  -40.478  -7.800 0.3000000119
34119  -35.390  -40.024  -11.910 0.6000000238
34872  -41.088  -39.211  0.254 0.4000000060
34878  -40.121  -38.168  -0.363 0.5000000000
34887  -36.181  -38.156  -1.567 0.6000000238
34888  -41.851  -38.149  -1.160 0.5000000000
34909  -44.017  -39.474  -4.060 0.4000000060
34915  -44.170  -37.852  -4.308 0.4000000060
34948  -32.637  -38.504  -7.486 0.5000000000
35787  -36.753  -37.924  -1.139 0.6000000238
35799  -36.334  -37.407  -1.611 0.6000000238
35802  -41.911  -37.501  -1.766 0.5000000000
35811  -35.987  -36.939  -2.176 0.6000000238
35813  -42.862  -37.947  -2.588 0.4000000060
35831  -44.327  -37.150  -4.545 0.4000000060
35843  -36.380  -37.347  -6.026 0.6999999881
35873  -45.853  -37.992  -7.398 0.4000000060
35886  -29.298  -37.027  -8.016 0.3000000119
35893  -46.240  -38.175  -9.225 0.4000000060
35903  -33.099  -36.840  -9.513 0.5000000000
35905  -45.587  -37.481  -9.830 0.4000000060
35911  -34.251  -37.633  -11.742 0.6999999881
35916  -33.999  -37.548  -11.824 0.6999999881
35917  -45.466  -38.208  -12.253 0.3000000119
36736  -39.792  -36.571  -0.879 0.5000000000
36747  -40.927  -36.756  -1.421 0.4000000060
36758  -42.759  -36.946  -2.772 0.4000000060
36778  -43.964  -36.468  -4.183 0.4000000060
36810  -44.611  -36.336  -8.574 0.4000000060
36846  -33.754  -36.811  -11.498 0.6999999881
36848  -44.268  -36.970  -11.691 0.3000000119
37623  -38.593  -35.495  -1.138 0.5000000000
37626  -41.177  -35.212  -1.674 0.4000000060
37627  -41.713  -35.945  -2.040 0.4000000060
37668  -44.473  -35.728  -6.181 0.4000000060
37689  -43.882  -35.061  -7.447 0.4000000060
38443  -38.057  -34.531  -1.638 0.5000000000
38445  -39.695  -34.348  -1.350 0.5000000000
38446  -40.526  -34.513  -1.464 0.4000000060
38455  -37.039  -34.033  -2.929 0.5000000000
38463  -43.366  -34.287  -4.278 0.4000000060
38487  -43.690  -34.478  -6.744 0.4000000060
38522  -41.576  -35.916  -11.808 0.3000000119
38524  -42.798  -36.578  -10.996 0.3000000119
39200  -37.736  -33.826  -2.204 0.5000000000
39202  -39.399  -33.620  -1.591 0.5000000000
39217  -36.764  -33.481  -3.633 0.6000000238
39219  -42.616  -33.422  -3.439 0.4000000060
39220  -43.080  -33.706  -4.066 0.3000000119
39233  -36.278  -33.821  -5.028 0.6000000238
39272  -34.700  -33.740  -8.505 0.6999999881
39298  -32.387  -33.002  -11.232 0.8000000119
39309  -40.726  -34.017  -13.138 0.3000000119
40037  -42.490  -32.090  -4.359 0.4000000060
40043  -35.942  -32.297  -5.242 0.6000000238
40044  -42.880  -32.629  -5.720 0.4000000060
40061  -42.285  -32.489  -7.628 0.4000000060
40089  -40.226  -33.401  -12.147 0.4000000060
40103  -40.313  -32.936  -13.575 0.3000000119
40822  -38.575  -31.396  -2.864 0.5000000000
40825  -41.218  -31.844  -2.757 0.5000000000
40843  -36.550  -31.902  -4.192 0.6000000238
40844  -41.982  -31.266  -4.074 0.5000000000
40884  -40.851  -32.306  -10.159 0.4000000060
40915  -39.785  -31.420  -13.873 0.4000000060
40920  -40.140  -32.034  -14.077 0.3000000119
41682  -40.272  -30.784  -2.939 0.5000000000
41692  -37.565  -30.585  -3.693 0.5000000000
41701  -41.516  -30.377  -4.111 0.5000000000
41718  -42.040  -30.950  -6.453 0.5000000000
41727  -41.620  -30.322  -7.756 0.5000000000
41757  -46.416  -30.337  -10.894 0.3000000119
41766  -32.240  -30.602  -11.178 0.6999999881
41768  -41.765  -30.455  -12.782 0.4000000060
42625  -41.252  -29.537  -4.478 0.5000000000
42635  -36.087  -28.650  -6.062 0.5000000000
42641  -34.659  -29.468  -7.623 0.6999999881
42643  -41.698  -29.687  -6.964 0.5000000000
42667  -43.614  -29.571  -9.544 0.3000000119
42688  -29.552  -29.847  -11.799 0.6000000238
42693  -41.748  -29.667  -12.835 0.4000000060
43417  -40.312  -28.465  -4.423 0.5000000000
43418  -40.992  -28.771  -4.772 0.5000000000
43423  -37.130  -28.136  -5.198 0.5000000000
43440  -34.243  -28.771  -8.593 0.6000000238
43441  -41.367  -28.494  -8.625 0.4000000060
43454  -44.668  -28.623  -9.455 0.4000000060
43492  -39.730  -28.914  -14.057 0.5000000000
43493  -40.695  -29.301  -14.109 0.5000000000
44272  -38.507  -27.846  -4.607 0.5000000000
44274  -39.941  -27.749  -4.700 0.5000000000
44291  -39.500  -27.058  -4.996 0.5000000000
44326  -44.791  -27.651  -9.352 0.4000000060
44335  -42.477  -27.704  -11.185 0.5000000000
44361  -39.584  -27.266  -13.671 0.4000000060
44364  -42.294  -26.938  -13.720 0.5000000000
44371  -39.910  -28.021  -14.054 0.4000000060
45296  -36.429  -26.266  -6.635 0.6999999881
45299  -41.108  -26.827  -6.805 0.5000000000
45311  -34.698  -26.248  -8.446 0.6000000238
45322  -34.251  -26.559  -8.988 0.6000000238
45324  -43.322  -26.790  -9.878 0.4000000060
45339  -43.057  -26.362  -10.665 0.5000000000
46279  -45.829  -25.752  -9.278 0.3000000119
46318  -43.636  -24.817  -13.797 0.4000000060
46324  -30.797  -24.485  -13.460 0.5000000000
46325  -40.370  -25.771  -13.818 0.4000000060
47251  -37.699  -24.468  -6.806 0.5000000000
47269  -40.554  -24.562  -7.816 0.5000000000
47295  -46.637  -24.744  -9.364 0.3000000119
47305  -33.130  -25.113  -10.383 0.6000000238
48274  -39.988  -23.199  -8.540 0.5000000000
48276  -45.367  -23.615  -8.811 0.3000000119
48305  -44.073  -22.959  -10.899 0.5000000000
48332  -43.458  -23.760  -13.253 0.4000000060
48333  -44.173  -23.797  -13.278 0.4000000060
49239  -37.679  -22.519  -7.772 0.6000000238
49261  -46.309  -22.460  -8.598 0.3000000119
49262  -47.060  -22.282  -8.684 0.3000000119
49271  -44.666  -22.397  -9.560 0.5000000000
49272  -45.165  -22.126  -9.072 0.5000000000
49288  -33.422  -21.732  -11.548 0.6000000238
49292  -43.058  -22.544  -11.907 0.4000000060
49293  -44.160  -22.230  -12.020 0.4000000060
50223  -44.759  -21.553  -9.803 0.4000000060
50225  -48.046  -21.374  -9.024 0.3000000119
50234  -42.533  -21.247  -10.870 0.4000000060
50240  -30.185  -21.305  -13.395 0.5000000000
50251  -39.756  -21.900  -14.866 0.4000000060
50253  -30.202  -20.581  -14.403 0.5000000000
50256  -40.066  -21.895  -14.815 0.4000000060
50257  -30.547  -20.150  -14.929 0.5000000000
51161  -46.181  -20.057  -8.971 0.3000000119
51181  -45.465  -20.404  -9.487 0.3000000119
51200  -44.665  -20.473  -10.738 0.4000000060
51214  -30.480  -19.246  -14.722 0.5000000000
51218  -40.063  -21.635  -14.843 0.4000000060
51223  -33.164  -17.783  -14.519 0.5000000000
51224  -30.744  -19.176  -15.245 0.5000000000
51225  -31.456  -18.395  -15.251 0.5000000000
52190  -33.216  -19.551  -8.027 0.4000000060
52242  -43.342  -19.927  -10.083 0.4000000060
52249  -33.892  -18.637  -12.643 0.5000000000
52250  -39.007  -19.402  -12.874 0.6000000238
52257  -31.009  -18.286  -14.918 0.5000000000
52258  -32.103  -17.700  -14.787 0.5000000000
52264  -30.723  -18.658  -15.128 0.5000000000
52266  -32.500  -17.482  -15.044 0.5000000000
53227  -34.349  -18.660  -9.317 0.5000000000
53232  -42.748  -18.431  -9.749 0.3000000119
53234  -44.729  -18.956  -10.111 0.4000000060
53235  -45.727  -18.765  -10.013 0.3000000119
53266  -39.485  -17.732  -14.566 0.5000000000
54159  -43.959  -17.513  -9.448 0.3000000119
54160  -44.875  -17.521  -9.620 0.3000000119
54171  -45.768  -17.565  -9.956 0.3000000119
54986  -47.644  -16.640  -10.472 0.3000000119
54987  -48.607  -16.645  -10.490 0.3000000119
55000  -36.745  -15.816  -14.485 0.6000000238
55796  -40.425  -15.630  -6.934 0.4000000060
55834  -45.593  -16.062  -9.769 0.3000000119
55836  -47.619  -15.356  -10.970 0.3000000119
55852  -41.015  -15.026  -13.339 0.4000000060
56637  -37.450  -14.452  -15.219 0.4000000060
56641  -42.361  -14.410  -12.646 0.3000000119
56657  -39.476  -13.717  -14.273 0.3000000119
57489  -41.984  -13.735  -8.616 0.3000000119
57499  -42.256  -12.948  -10.220 0.3000000119
57504  -44.813  -13.843  -10.594 0.3000000119
58474  -40.915  -11.587  -13.267 0.3000000119
59303  -41.483  -11.505  -7.635 0.3000000119
59352  -42.071  -10.598  -12.620 0.3000000119
60297  -42.128  -10.155  -13.011 0.3000000119
60323  -43.152  -9.792  -13.178 0.3000000119
61226  -44.265  -8.927  -11.240 0.3000000119
61252  -45.982  -9.711  -13.039 0.3000000119
62142  -41.575  -8.218  -8.418 0.3000000119
62143  -42.158  -8.292  -8.684 0.3000000119
62162  -43.594  -8.229  -9.649 0.3000000119
62215  -47.591  -7.923  -13.651 0.3000000119
63080  -42.368  -7.604  -8.960 0.3000000119
63159  -46.298  -6.892  -14.629 0.3000000119
63161  -47.984  -6.654  -14.522 0.3000000119
64000  -43.198  -6.771  -9.686 0.3000000119
64017  -44.410  -6.622  -11.122 0.3000000119
64059  -44.386  -6.415  -13.516 0.3000000119
64065  -44.898  -6.295  -14.184 0.3000000119
64066  -45.744  -5.958  -14.722 0.3000000119
64078  -46.891  -5.525  -15.408 0.3000000119
64079  -47.115  -5.317  -15.612 0.3000000119
64881  -44.461  -5.823  -12.181 0.3000000119
64933  -48.235  -5.068  -15.848 0.3000000119
65686  -44.871  -4.785  -14.560 0.3000000119
65695  -46.927  -4.719  -15.900 0.3000000119
67277  -49.130  -2.043  -18.525 0.3000000119
68124  -47.822  -2.230  -17.657 0.3000000119
68125  -48.171  -1.961  -18.100 0.3000000119
109841  -39.471  -26.901  -13.157 0.4000000060
109846  -36.482  -39.303  -9.076 0.6999999881
110495  -40.131  -42.171  1.757 0.4000000060
110631  -40.869  -38.488  -0.326 0.5000000000
111115  -42.545  -51.712  -0.048 0.3000000119
111350  -42.348  -36.056  -2.511 0.4000000060
111363  -46.823  -42.353  -2.175 0.4000000060
111401  -38.552  -43.762  0.709 0.4000000060
111402  -36.333  -44.881  -5.181 0.6000000238
112364  -44.366  -5.155  -14.062 0.3000000119
112482  -42.114  -30.604  -11.827 0.3000000119
112807  -29.100  -24.782  -12.842 0.6000000238
112874  -38.032  -35.314  -1.340 0.5000000000
113158  -44.281  -7.082  -12.663 0.3000000119
113285  -44.509  -26.835  -9.185 0.4000000060
114538  -42.489  -17.003  -10.344 0.3000000119
114943  -45.743  -3.624  -15.407 0.3000000119
114962  -38.886  -45.085  0.369 0.3000000119
114973  -43.320  -38.539  -3.028 0.4000000060
115227  -47.632  -3.518  -17.027 0.3000000119
115583  -42.854  -46.031  2.581 0.3000000119
115689  -41.466  -32.722  -2.491 0.5000000000
115757  -36.733  -46.497  -10.188 0.4000000060
115768  -43.684  -21.205  -11.027 0.4000000060
115915  -35.534  -30.896  -5.995 0.6000000238
115917  -42.041  -44.192  2.523 0.3000000119
116432  -41.577  -28.889  -7.191 0.5000000000
116632  -37.428  -40.931  0.004 0.5000000000
116681  -32.338  -26.050  -11.526 0.6000000238
116854  -46.416  -45.187  -0.841 0.3000000119
117263  -34.626  -41.278  -9.307 0.5000000000
117298  -41.386  -27.629  -8.517 0.5000000000
117300  -47.452  -42.524  -3.422 0.3000000119
118097  -46.606  -45.916  -1.277 0.3000000119
118678  -40.884  -48.143  2.463 0.3000000119
119506  -46.943  -2.549  -16.492 0.3000000119
119683  -39.920  -31.512  -2.510 0.5000000000
119796  -35.237  -52.072  -6.512 0.4000000060
119857  -43.459  -33.851  -6.218 0.4000000060
119910  -38.017  -41.983  0.528 0.4000000060
119995  -44.107  -40.197  -0.841 0.4000000060
120225  -47.609  -4.245  -16.511 0.3000000119
120261  -30.335  -33.510  -10.629 0.6999999881
120492  -40.969  -42.089  1.893 0.4000000060
120841  -33.500  -53.911  -2.340 0.3000000119
120886  -33.211  -42.101  -7.424 0.4000000060
121024  -45.858  -8.577  -13.833 0.3000000119
121530  -43.682  -34.960  -4.451 0.4000000060
121684  -43.324  -34.827  -3.858 0.4000000060
122095  -46.852  -17.901  -9.861 0.3000000119
122138  -43.389  -8.992  -9.393 0.3000000119
122311  -35.858  -36.519  -2.933 0.6000000238
122702  -35.257  -31.004  -6.532 0.6000000238
122906  -28.660  -34.383  -9.551 0.5000000000
122931  -41.226  -34.189  -13.027 0.3000000119
123103  -30.240  -20.073  -14.392 0.5000000000
123132  -33.957  -18.871  -12.121 0.4000000060
123156  -33.147  -18.832  -12.082 0.4000000060
123397  -37.708  -52.818  0.371 0.3000000119
123687  -39.935  -32.733  -13.227 0.3000000119
124213  -45.513  -37.191  -7.442 0.4000000060
124357  -41.705  -25.609  -14.012 0.4000000060
124419  -43.156  -48.143  2.358 0.3000000119
124621  -39.899  -42.836  1.803 0.4000000060
124623  -43.047  -34.316  -8.103 0.4000000060
124808  -30.792  -18.659  -15.243 0.5000000000
125455  -29.421  -28.410  -12.259 0.5000000000
125569  -36.186  -44.172  -4.238 0.6000000238
125588  -41.195  -19.197  -11.150 0.4000000060
125692  -34.556  -54.243  -5.623 0.3000000119
126689  -43.238  -36.619  -10.706 0.4000000060
126856  -41.370  -28.230  -6.282 0.5000000000
126924  -39.200  -46.898  -3.966 0.3000000119
127095  -37.406  -50.645  1.139 0.3000000119
127172  -39.651  -19.321  -14.478 0.6000000238
127568  -46.838  -45.263  -1.381 0.3000000119
127580  -39.107  -46.682  -0.794 0.3000000119
127855  -47.123  -4.891  -15.850 0.3000000119
128566  -44.186  -35.208  -5.795 0.4000000060
128884  -33.886  -51.099  -3.334 0.3000000119
128952  -48.304  -45.295  -2.651 0.3000000119
129030  -38.309  -43.294  0.605 0.4000000060
129136  -43.058  -39.763  -0.035 0.4000000060
129194  -40.307  -29.429  -3.708 0.5000000000
129493  -36.172  -28.077  -6.228 0.6000000238
129598  -41.921  -41.398  1.540 0.4000000060
129707  -47.673  -43.342  -2.436 0.4000000060
129994  -43.770  -49.290  1.465 0.3000000119
130078  -35.922  -43.400  -12.012 0.5000000000
130092  -44.920  -19.610  -10.559 0.4000000060
130330  -35.199  -40.163  -4.105 0.6000000238
130474  -29.173  -23.486  -13.018 0.5000000000
130565  -36.655  -51.990  0.650 0.3000000119
130667  -45.035  -37.506  -11.887 0.3000000119
130707  -39.002  -17.905  -14.003 0.6000000238
130740  -44.840  -42.348  -5.977 0.3000000119
130799  -36.038  -38.779  -1.560 0.6000000238
131309  -45.699  -41.541  -1.416 0.4000000060
131395  -44.546  -40.281  -2.324 0.4000000060
131401  -48.124  -4.147  -16.763 0.3000000119
131543  -37.293  -51.255  0.920 0.3000000119
131554  -47.586  -20.796  -8.788 0.3000000119
131650  -43.226  -33.312  -5.787 0.4000000060
