#!ascii label  , from subject sub-v1s11x0050157_ses-1 vox2ras=TkReg
2989
36975  10.742  -36.597  69.730 0.2222220004
35403  11.105  -38.261  69.236 0.2222220004
126321  11.524  -38.536  70.017 0.2222220004
36225  11.301  -37.648  70.007 0.2222220004
36226  10.844  -37.420  69.031 0.2222220004
34626  12.211  -39.321  70.630 0.1111110002
35400  11.935  -38.404  70.790 0.2222220004
36223  11.760  -37.594  71.085 0.2222220004
36984  10.495  -36.641  68.696 0.2222220004
36219  13.556  -38.067  72.637 0.2222220004
36222  12.639  -38.329  71.764 0.1111110002
36217  13.198  -37.030  73.063 0.1111110002
36220  12.429  -37.428  72.164 0.1111110002
36961  12.705  -35.825  73.381 0.1111110002
36963  12.028  -36.419  72.492 0.1111110002
36966  11.514  -36.755  71.420 0.2222220004
36974  11.229  -36.936  70.523 0.2222220004
37813  11.109  -35.845  71.745 0.2222220004
36967  10.842  -36.231  70.726 0.2222220004
35395  14.722  -38.675  72.133 0.1111110002
36218  14.341  -38.464  72.517 0.1111110002
36216  14.039  -37.487  73.136 0.1111110002
38668  13.216  -34.078  74.170 0.3333329856
37799  12.290  -34.469  73.593 0.3333329856
37803  11.575  -35.267  72.806 0.3333329856
38679  11.172  -34.155  72.916 0.4444440007
37804  10.659  -34.852  72.123 0.4444440007
38689  9.851  -34.497  71.511 0.4444440007
37814  10.339  -35.429  71.087 0.4444440007
112128  10.335  -35.804  70.169 0.2222220004
37823  10.074  -35.784  69.253 0.2222220004
37815  9.666  -35.052  70.290 0.2222220004
36215  14.416  -37.622  72.689 0.1111110002
36959  14.163  -36.523  73.333 0.1111110002
36960  13.721  -36.302  73.539 0.1111110002
37797  14.114  -35.371  73.927 0.1111110002
37798  13.391  -35.071  73.989 0.1111110002
39599  13.303  -33.652  73.987 0.3333329856
39603  12.271  -33.503  73.207 0.4444440007
38673  11.650  -33.678  73.190 0.3333329856
38680  10.361  -33.831  72.337 0.4444440007
38690  9.090  -33.989  70.919 0.4444440007
114014  9.391  -34.998  69.204 0.2222220004
36962  14.444  -36.401  73.011 0.1111110002
38695  21.233  -33.814  70.832 0.4444440007
37805  21.254  -34.258  70.914 0.3333329856
37796  14.503  -35.383  73.553 0.1111110002
37806  20.550  -34.812  71.014 0.2222220004
37819  19.897  -35.750  70.394 0.2222220004
37793  14.653  -34.376  74.145 0.2222220004
37794  13.987  -34.334  74.305 0.2222220004
39602  13.608  -33.415  73.697 0.3333329856
38667  13.827  -33.774  74.286 0.3333329856
39610  11.389  -33.148  72.370 0.6666669846
40552  10.623  -32.592  72.004 0.6666669846
40548  10.241  -32.565  72.238 0.6666669846
39605  10.179  -32.954  72.418 0.4444440007
39611  9.520  -32.590  72.058 0.5555559993
38681  9.620  -33.475  71.903 0.4444440007
38698  9.051  -34.463  69.875 0.3333329856
39634  8.531  -33.764  70.003 0.4444440007
39650  8.050  -33.507  69.018 0.2222220004
38732  9.494  -34.724  66.601 0.2222220004
39613  19.278  -33.785  71.511 0.3333329856
38683  19.548  -34.101  71.699 0.2222220004
38684  18.742  -33.966  72.046 0.2222220004
37795  15.442  -34.297  73.673 0.1111110002
37802  14.953  -35.472  72.664 0.1111110002
38682  20.701  -33.946  71.286 0.3333329856
37808  19.014  -34.687  71.485 0.2222220004
127281  20.169  -34.156  71.503 0.2222220004
37820  19.137  -35.649  70.583 0.2222220004
37821  18.339  -35.420  70.681 0.1111110002
39600  15.628  -33.462  73.595 0.2222220004
38671  15.253  -33.609  74.119 0.1111110002
130544  21.027  -33.578  70.287 0.4444440007
39625  20.537  -33.653  70.840 0.3333329856
36970  18.452  -36.282  69.545 0.2222220004
39601  14.694  -33.197  74.011 0.2222220004
39609  13.995  -33.391  72.940 0.5555559993
115358  13.019  -33.445  72.885 0.5555559993
38678  13.190  -33.849  71.720 0.6666669846
40553  10.175  -31.852  71.531 0.5555559993
40551  9.502  -31.948  71.969 0.5555559993
40555  8.550  -31.624  71.312 0.4444440007
39635  8.110  -32.855  70.249 0.4444440007
37812  15.087  -35.705  71.356 0.1111110002
37809  18.231  -34.509  71.781 0.2222220004
37801  15.675  -34.843  72.538 0.1111110002
39612  20.046  -33.809  71.413 0.3333329856
39627  18.846  -33.509  70.588 0.4444440007
37811  15.909  -35.162  71.436 0.1111110002
38669  16.323  -33.734  73.174 0.3333329856
39624  21.804  -33.696  70.284 0.4444440007
39642  21.193  -33.639  69.156 0.5555559993
39643  20.207  -33.582  69.655 0.4444440007
39644  19.188  -33.607  69.494 0.4444440007
39608  15.110  -33.275  72.936 0.3333329856
39654  21.684  -33.730  68.187 0.5555559993
39655  20.194  -33.913  68.100 0.4444440007
117797  19.491  -33.800  68.531 0.4444440007
39619  14.192  -33.797  71.600 0.5555559993
39653  22.260  -33.519  68.114 0.5555559993
39665  21.678  -33.700  67.107 0.6666669846
39666  20.941  -33.860  66.596 0.4444440007
39667  20.105  -33.975  66.729 0.5555559993
112305  19.067  -33.902  66.427 0.5555559993
39681  18.649  -33.840  65.560 0.5555559993
38686  14.345  -34.125  70.312 0.5555559993
38687  13.356  -34.239  70.479 0.6666669846
39678  21.363  -33.537  66.179 0.6666669846
40589  20.149  -33.425  64.915 0.6666669846
39680  19.660  -33.805  65.658 0.5555559993
39689  19.309  -33.602  64.789 0.5555559993
39690  18.477  -33.711  64.585 0.6666669846
38688  12.434  -33.965  70.724 0.5555559993
40600  19.024  -33.309  63.991 0.6666669846
40556  10.803  -32.706  70.722 0.5555559993
41529  9.646  -31.258  71.080 0.5555559993
41525  9.508  -31.524  71.695 0.6666669846
40554  8.896  -32.225  71.606 0.5555559993
40558  8.053  -31.727  70.653 0.5555559993
40565  7.643  -32.684  68.770 0.5555559993
112686  7.786  -32.533  69.695 0.4444440007
39614  18.523  -33.638  71.582 0.2222220004
38685  17.902  -33.982  72.424 0.2222220004
132514  17.390  -34.194  72.502 0.2222220004
39606  16.784  -33.559  72.437 0.4444440007
39607  16.014  -33.416  72.711 0.5555559993
39628  17.984  -33.462  70.419 0.4444440007
39616  17.034  -33.464  71.545 0.4444440007
39617  16.172  -33.492  71.516 0.4444440007
39618  15.230  -33.601  71.538 0.5555559993
39645  18.280  -33.640  69.257 0.5555559993
39664  22.552  -33.222  67.358 0.5555559993
39668  18.337  -33.919  67.065 0.5555559993
40580  22.052  -33.094  66.339 0.6666669846
40588  20.823  -33.087  64.989 0.5555559993
39679  20.664  -33.651  65.722 0.5555559993
38697  12.632  -34.414  69.619 0.5555559993
40597  21.256  -32.458  64.623 0.5555559993
40598  20.556  -32.821  64.358 0.5555559993
39632  11.872  -33.965  69.795 0.5555559993
39633  11.293  -33.440  69.914 0.5555559993
40557  10.336  -32.013  70.267 0.5555559993
41526  8.968  -31.431  71.601 0.6666669846
39615  17.794  -33.481  71.550 0.2222220004
38676  17.565  -33.726  72.273 0.2222220004
39657  17.821  -33.847  68.034 0.5555559993
117240  17.276  -33.732  68.976 0.4444440007
39629  17.112  -33.535  70.308 0.4444440007
40579  22.861  -32.639  66.607 0.5555559993
131144  18.447  -33.899  66.281 0.4444440007
113788  17.398  -33.964  67.083 0.4444440007
40586  22.374  -32.346  65.731 0.6666669846
39669  17.775  -33.914  66.142 0.4444440007
39658  17.074  -33.915  67.840 0.4444440007
41562  20.957  -32.073  63.953 0.5555559993
40599  19.808  -33.097  64.181 0.6666669846
38696  13.519  -34.533  69.374 0.5555559993
41572  20.729  -31.820  63.212 0.6666669846
40609  20.272  -32.502  63.661 0.6666669846
40610  19.527  -32.808  63.431 0.6666669846
39670  16.957  -34.028  66.404 0.5555559993
40611  18.729  -33.002  63.232 0.6666669846
132179  17.224  -33.974  64.786 0.6666669846
39691  17.722  -33.807  64.334 0.6666669846
41537  24.397  -31.880  67.225 0.4444440007
39630  16.244  -33.642  70.279 0.5555559993
39631  15.325  -33.824  70.248 0.5555559993
40578  23.624  -32.167  66.945 0.5555559993
41543  23.982  -31.630  66.253 0.5555559993
41544  23.147  -31.873  66.033 0.5555559993
41552  21.959  -32.000  64.962 0.7777780294
39647  15.537  -34.005  69.143 0.4444440007
38705  14.521  -34.411  69.044 0.4444440007
41561  21.690  -31.726  64.205 0.5555559993
115946  16.459  -33.968  68.145 0.4444440007
41571  21.472  -31.473  63.489 0.5555559993
39683  16.945  -34.059  65.521 0.5555559993
39646  15.837  -34.090  68.385 0.4444440007
41573  19.985  -32.189  62.940 0.6666669846
116390  15.813  -34.258  67.591 0.5555559993
38704  15.085  -34.401  68.061 0.4444440007
39703  18.248  -33.511  63.774 0.6666669846
40619  19.248  -32.563  62.655 0.6666669846
39704  17.475  -33.691  63.573 0.6666669846
41535  26.078  -31.869  67.983 0.4444440007
41536  25.204  -31.804  67.564 0.4444440007
41550  23.609  -31.418  65.393 0.5555559993
41551  22.777  -31.630  65.184 0.6666669846
118354  22.429  -31.411  64.395 0.6666669846
39659  16.523  -34.130  67.140 0.5555559993
41589  20.249  -31.447  61.692 0.6666669846
41582  19.729  -31.977  62.170 0.6666669846
38715  15.203  -34.487  67.088 0.5555559993
41590  19.477  -31.831  61.357 0.6666669846
40612  17.944  -33.263  63.001 0.6666669846
41583  18.962  -32.367  61.850 0.6666669846
40620  18.455  -32.843  62.401 0.6666669846
40630  18.135  -32.672  61.557 0.6666669846
41542  24.849  -31.503  66.490 0.5555559993
41549  24.436  -31.336  65.569 0.6666669846
118369  24.034  -31.216  64.895 0.6666669846
41560  23.307  -31.172  64.500 0.6666669846
130457  22.101  -31.239  63.770 0.5555559993
42498  22.046  -30.981  63.036 0.5555559993
41580  21.227  -31.236  62.737 0.6666669846
42503  21.602  -30.932  62.191 0.5555559993
42504  20.912  -31.063  62.020 0.6666669846
42511  21.271  -30.884  61.590 0.6666669846
41581  20.495  -31.620  62.451 0.6666669846
130110  15.824  -34.351  66.854 0.5555559993
42512  20.695  -30.978  61.287 0.6666669846
39671  16.192  -34.279  66.169 0.5555559993
115772  17.020  -33.911  64.172 0.6666669846
39692  16.599  -34.128  64.723 0.6666669846
41591  18.648  -32.152  61.042 0.6666669846
40621  17.612  -33.038  62.195 0.6666669846
39705  16.677  -33.852  63.480 0.6666669846
42513  19.978  -31.257  60.927 0.6666669846
42521  19.691  -31.032  60.198 0.6666669846
41600  19.188  -31.634  60.559 0.6666669846
42497  22.864  -30.971  62.912 0.5555559993
42502  22.349  -30.905  62.173 0.5555559993
42510  21.871  -30.809  61.482 0.6666669846
42519  22.069  -30.702  60.660 0.6666669846
113897  21.310  -30.755  60.916 0.6666669846
42520  20.514  -30.793  60.435 0.6666669846
40631  17.263  -32.826  61.350 0.6666669846
42530  20.463  -30.516  59.643 0.6666669846
41601  18.309  -31.880  60.247 0.5555559993
42522  18.885  -31.335  59.789 0.5555559993
128533  24.210  -31.508  62.541 0.7777780294
41579  23.109  -31.026  62.034 0.5555559993
42509  22.614  -30.905  61.318 0.5555559993
42529  21.369  -30.532  59.991 0.6666669846
131311  20.059  -30.725  59.951 0.5555559993
42531  19.562  -30.737  59.424 0.4444440007
40608  24.828  -31.784  62.866 0.7777780294
40618  24.590  -31.810  61.956 0.6666669846
40607  25.635  -32.084  63.302 0.7777780294
41588  23.429  -31.169  61.145 0.5555559993
42518  22.949  -30.876  60.388 0.6666669846
42528  22.313  -30.602  59.787 0.6666669846
111604  21.074  -30.253  59.084 0.5555559993
42544  19.163  -30.447  58.533 0.4444440007
42543  20.146  -30.221  58.847 0.4444440007
41587  24.306  -31.567  61.033 0.6666669846
41599  23.714  -31.206  60.344 0.6666669846
127071  23.795  -31.111  59.522 0.7777780294
126052  21.818  -30.392  59.258 0.5555559993
42542  21.744  -30.170  58.536 0.4444440007
43433  19.764  -29.946  58.029 0.4444440007
40629  24.995  -32.034  61.371 0.6666669846
40645  25.028  -31.969  60.584 0.6666669846
41598  24.409  -31.551  60.073 0.6666669846
42540  23.362  -30.746  58.819 0.7777780294
124305  23.003  -30.457  58.265 0.6666669846
42541  22.535  -30.470  58.899 0.6666669846
128109  22.408  -30.174  58.082 0.5555559993
126053  20.245  -29.619  57.368 0.3333329856
42552  21.730  -29.890  57.752 0.5555559993
39736  32.681  -33.216  61.274 0.5555559993
39759  32.144  -33.271  59.185 0.7777780294
39748  31.599  -33.532  59.856 0.8888890147
40665  31.793  -33.005  58.310 0.8888890147
128052  30.929  -33.734  59.419 0.8888890147
39773  30.963  -33.235  58.105 0.8888890147
39760  31.380  -33.557  58.857 0.8888890147
39761  30.555  -33.727  58.683 0.7777780294
39739  29.906  -33.860  60.490 0.7777780294
39774  30.091  -33.437  57.939 0.7777780294
39749  30.211  -33.903  59.484 0.7777780294
111430  29.076  -33.967  60.141 0.7777780294
39762  29.684  -33.867  58.587 0.7777780294
39763  28.688  -33.924  58.532 0.7777780294
39740  28.382  -33.845  60.337 0.7777780294
39741  27.673  -33.659  60.489 0.7777780294
118249  26.221  -32.728  61.890 0.7777780294
39751  28.540  -33.993  59.472 0.7777780294
39752  27.680  -33.802  59.629 0.7777780294
40643  26.255  -32.846  60.564 0.7777780294
131883  25.682  -32.457  61.140 0.7777780294
39742  26.930  -33.370  60.222 0.7777780294
40644  25.645  -32.436  60.181 0.6666669846
41612  24.564  -31.502  59.228 0.7777780294
41628  24.080  -31.108  58.653 0.7777780294
41642  23.658  -30.726  57.966 0.7777780294
40662  34.350  -31.972  59.349 0.5555559993
40654  33.859  -32.455  60.257 0.5555559993
40642  33.127  -32.834  60.867 0.6666669846
40663  33.486  -32.441  58.927 0.5555559993
40664  32.620  -32.735  58.577 0.6666669846
40674  33.110  -32.180  57.960 0.7777780294
40675  32.241  -32.395  57.744 0.8888890147
41639  31.772  -31.922  57.082 0.8888890147
40676  31.377  -32.578  57.594 0.8888890147
40677  30.509  -32.740  57.439 0.7777780294
40689  30.904  -32.001  57.014 0.8888890147
40690  30.044  -32.198  56.845 0.7777780294
41653  30.467  -31.568  56.386 0.7777780294
40678  29.618  -32.922  57.274 0.6666669846
39775  29.170  -33.600  57.793 0.7777780294
115875  28.025  -33.937  58.911 0.7777780294
42573  30.708  -30.583  55.147 0.7777780294
41673  30.856  -31.016  55.775 0.7777780294
41654  29.616  -31.736  56.238 0.7777780294
39764  27.784  -33.783  58.268 0.7777780294
118134  27.446  -33.765  58.852 0.7777780294
117701  26.263  -32.904  59.739 0.6666669846
113294  30.047  -31.194  55.910 0.7777780294
40691  29.155  -32.454  56.629 0.6666669846
40679  28.694  -33.058  57.140 0.6666669846
39765  26.929  -33.347  58.360 0.8888890147
40666  26.286  -32.849  58.911 0.7777780294
42574  30.062  -30.771  55.370 0.8888890147
41655  28.708  -31.937  56.058 0.7777780294
40692  28.237  -32.630  56.480 0.7777780294
39776  28.234  -33.633  57.685 0.7777780294
39777  27.400  -33.393  57.633 0.7777780294
39753  26.879  -33.433  59.266 0.8888890147
40656  25.708  -32.389  59.358 0.6666669846
43506  30.647  -29.225  52.905 0.7777780294
42616  29.831  -29.938  54.002 0.7777780294
132777  29.456  -30.246  54.406 0.7777780294
41674  29.243  -31.230  55.557 0.7777780294
41675  28.247  -31.548  55.429 0.7777780294
40703  27.794  -32.139  55.922 0.7777780294
40680  27.794  -33.049  57.069 0.7777780294
41626  25.438  -32.098  58.018 0.7777780294
40667  25.235  -31.927  58.912 0.7777780294
43507  29.900  -29.277  52.799 0.6666669846
42617  29.070  -29.936  53.960 0.6666669846
41687  28.573  -30.886  54.978 0.7777780294
41688  27.729  -31.134  54.918 0.6666669846
41641  24.338  -31.190  57.884 0.7777780294
41627  24.754  -31.545  58.414 0.7777780294
44488  29.611  -28.812  52.115 0.5555559993
43487  29.453  -29.586  53.400 0.5555559993
43488  28.608  -29.603  53.356 0.5555559993
122483  28.262  -30.058  53.939 0.6666669846
41624  34.837  -31.638  58.572 0.4444440007
41625  33.948  -31.871  58.270 0.5555559993
41636  34.435  -31.615  57.590 0.4444440007
41637  33.618  -31.696  57.391 0.5555559993
41638  32.708  -31.724  57.101 0.7777780294
122478  32.091  -31.495  56.544 0.7777780294
41652  31.332  -31.481  56.456 0.8888890147
42572  31.456  -30.625  55.197 0.8888890147
41672  31.942  -31.066  55.854 0.8888890147
42592  31.034  -30.255  54.631 0.8888890147
42614  31.427  -29.856  54.046 0.8888890147
42615  30.607  -29.909  54.069 0.8888890147
43486  30.237  -29.581  53.452 0.7777780294
42593  30.154  -30.336  54.657 0.7777780294
44487  30.413  -28.551  51.797 0.8888890147
133114  30.337  -28.935  52.386 0.7777780294
42595  28.020  -30.601  54.435 0.6666669846
44507  30.454  -28.122  51.053 0.8888890147
44508  29.100  -28.550  51.613 0.5555559993
43489  27.612  -29.709  53.305 0.5555559993
132952  29.721  -27.964  50.608 0.5555559993
44528  29.018  -28.226  51.012 0.5555559993
44509  28.433  -28.460  51.487 0.5555559993
43509  28.201  -29.200  52.692 0.5555559993
45490  28.889  -27.813  50.246 0.4444440007
44529  28.232  -28.103  50.778 0.4444440007
41597  35.617  -31.915  60.684 0.2222220004
41635  35.471  -31.643  57.667 0.4444440007
116029  36.380  -31.626  55.895 0.5555559993
41668  35.267  -31.551  55.799 0.5555559993
117666  35.820  -31.714  56.625 0.4444440007
41649  34.854  -31.571  56.775 0.4444440007
127450  34.106  -31.526  56.894 0.5555559993
42587  36.117  -30.753  54.746 0.5555559993
120942  34.287  -31.453  56.183 0.6666669846
132300  35.468  -30.974  54.714 0.5555559993
41686  35.047  -31.250  55.042 0.6666669846
41669  34.493  -31.323  55.502 0.7777780294
41670  33.622  -31.176  55.716 0.6666669846
41650  33.498  -31.449  56.582 0.7777780294
41651  32.763  -31.301  56.241 0.7777780294
114372  33.849  -30.431  54.269 0.7777780294
42569  34.205  -30.977  54.967 0.7777780294
42570  33.278  -30.757  54.993 0.8888890147
42571  32.357  -30.650  55.109 0.8888890147
42590  32.809  -30.317  54.419 0.8888890147
42612  33.134  -29.848  53.839 0.7777780294
42591  31.885  -30.274  54.552 0.8888890147
43484  32.553  -29.372  53.397 0.7777780294
42613  32.273  -29.837  53.955 0.7777780294
124508  31.725  -28.454  52.213 0.7777780294
43485  31.765  -29.453  53.441 0.8888890147
44505  32.004  -27.982  51.838 0.7777780294
43505  31.956  -28.932  52.819 0.8888890147
45478  31.682  -27.693  51.266 0.8888890147
44486  31.091  -28.781  52.379 0.7777780294
45489  31.761  -27.115  50.675 0.8888890147
114426  31.078  -27.281  50.263 0.7777780294
44506  31.219  -28.220  51.594 0.8888890147
46505  31.346  -26.639  49.874 0.6666669846
131183  30.460  -27.635  50.345 0.7777780294
47533  30.805  -26.312  49.108 0.4444440007
45505  30.625  -27.076  49.692 0.6666669846
45506  29.726  -27.434  49.724 0.5555559993
47541  31.085  -25.487  48.691 0.3333329856
46516  30.168  -26.876  49.176 0.4444440007
45507  28.629  -27.323  49.301 0.4444440007
41596  36.265  -31.999  60.678 0.2222220004
41610  36.174  -31.715  60.041 0.3333329856
41622  36.864  -31.754  59.236 0.3333329856
41623  35.859  -31.578  58.925 0.4444440007
41634  36.615  -31.870  57.903 0.3333329856
42568  36.689  -31.150  55.333 0.6666669846
41648  36.878  -31.862  56.821 0.4444440007
42588  35.429  -30.374  54.331 0.6666669846
42589  34.788  -30.759  54.506 0.7777780294
42611  33.903  -29.762  53.689 0.7777780294
132567  33.908  -29.188  53.388 0.7777780294
44473  33.537  -28.694  53.118 0.7777780294
43483  33.312  -29.299  53.392 0.8888890147
44483  33.860  -28.005  52.947 0.7777780294
45468  33.478  -27.496  52.398 0.8888890147
44484  33.139  -28.205  52.647 0.7777780294
46504  32.563  -26.587  51.040 0.8888890147
45477  32.308  -27.354  51.447 0.7777780294
47517  32.318  -25.522  49.962 0.8888890147
113678  32.084  -26.223  50.248 0.8888890147
47531  32.200  -25.060  49.491 0.8888890147
48487  31.706  -24.814  48.827 0.7777780294
47532  31.657  -25.729  49.437 0.6666669846
41621  37.600  -32.032  58.210 0.2222220004
41633  37.947  -31.815  57.235 0.5555559993
132761  37.316  -31.960  57.460 0.3333329856
126611  37.433  -31.426  56.140 0.4444440007
43467  36.106  -29.781  54.433 0.7777780294
45447  36.055  -27.941  54.192 0.6666669846
44461  35.666  -28.772  54.079 0.7777780294
45457  35.840  -27.209  53.734 0.8888890147
45458  35.365  -27.950  53.698 0.7777780294
43468  35.224  -29.536  53.987 0.8888890147
46480  35.608  -26.499  53.277 0.8888890147
113674  35.108  -27.207  53.239 0.8888890147
43482  34.485  -29.356  53.620 0.8888890147
47496  34.656  -25.760  52.313 0.8888890147
45467  34.273  -27.199  52.725 0.8888890147
44472  34.231  -28.659  53.304 0.7777780294
46488  34.188  -26.423  52.282 0.8888890147
46489  33.742  -26.899  52.212 0.8888890147
46503  33.297  -26.171  51.372 0.8888890147
115774  33.319  -25.025  50.718 0.8888890147
47516  32.855  -25.699  50.660 0.8888890147
48473  32.826  -24.876  50.053 0.8888890147
48486  32.445  -24.287  49.302 0.8888890147
48502  31.997  -24.070  48.669 0.5555559993
124632  38.495  -31.773  58.543 0.2222220004
43449  37.911  -29.484  56.269 0.3333329856
127243  38.459  -31.340  57.700 0.4444440007
42558  37.801  -30.508  56.097 0.4444440007
121618  36.756  -30.330  54.994 0.6666669846
45437  37.197  -27.950  55.287 0.6666669846
43458  36.747  -29.488  54.855 0.7777780294
111743  36.698  -27.926  54.712 0.6666669846
44460  36.384  -28.758  54.526 0.6666669846
47495  35.383  -25.791  52.817 0.8888890147
119287  35.206  -25.084  52.342 0.8888890147
47504  33.963  -25.796  51.761 0.8888890147
48452  34.512  -24.219  51.419 0.8888890147
132932  33.951  -25.262  51.483 0.8888890147
127255  33.542  -25.452  51.202 0.8888890147
48471  34.035  -23.875  50.848 0.8888890147
49377  33.608  -23.466  50.102 0.8888890147
48472  33.453  -24.344  50.472 0.8888890147
50240  33.439  -22.659  49.443 0.8888890147
48485  33.077  -24.094  49.872 0.7777780294
50241  32.824  -22.934  48.997 0.7777780294
49378  32.966  -23.490  49.440 0.7777780294
117361  38.717  -29.831  57.594 0.3333329856
44442  37.998  -28.697  56.625 0.3333329856
46479  36.304  -26.493  53.781 0.8888890147
47483  36.095  -25.807  53.313 0.8888890147
48451  35.075  -24.376  51.924 0.8888890147
119247  35.031  -23.809  51.571 0.8888890147
49356  35.356  -23.192  51.388 0.8888890147
49357  34.697  -23.496  51.115 0.8888890147
50221  35.031  -22.707  50.845 0.8888890147
49368  34.337  -23.099  50.527 0.8888890147
50230  34.706  -22.266  50.205 0.8888890147
50231  34.014  -22.698  50.008 0.8888890147
50239  34.192  -21.948  49.620 0.8888890147
43439  38.878  -29.113  58.055 0.3333329856
45427  37.916  -27.947  56.672 0.3333329856
45445  37.130  -27.135  55.010 0.7777780294
47469  37.358  -25.717  54.348 0.7777780294
47482  36.754  -25.786  53.819 0.8888890147
48431  36.409  -24.418  52.895 1.0000000000
48432  35.762  -24.401  52.377 0.8888890147
49340  36.378  -23.587  52.374 1.0000000000
49341  35.594  -23.737  51.903 0.8888890147
50229  35.430  -21.742  50.606 1.0000000000
51138  35.007  -21.096  49.920 0.8888890147
134073  37.902  -26.077  55.466 0.5555559993
111670  38.018  -27.015  56.730 0.3333329856
47481  37.185  -25.070  53.864 0.7777780294
46474  37.510  -26.298  54.912 0.7777780294
49326  36.873  -23.786  52.987 0.7777780294
48414  37.012  -24.405  53.402 0.7777780294
113802  36.651  -22.649  52.166 1.0000000000
50220  35.763  -22.317  51.191 1.0000000000
51137  35.752  -20.789  50.510 1.0000000000
52136  34.789  -20.141  49.427 1.0000000000
51146  34.269  -21.006  49.265 0.8888890147
52123  35.440  -20.218  49.944 1.0000000000
46462  38.130  -26.182  56.186 0.3333329856
47450  37.848  -25.596  54.950 0.5555559993
48413  37.589  -24.290  53.947 0.6666669846
47468  37.726  -24.980  54.437 0.7777780294
49339  37.140  -22.875  52.804 0.6666669846
50219  36.458  -21.886  51.705 1.0000000000
51127  36.055  -21.384  51.093 1.0000000000
117085  35.988  -20.329  50.376 1.0000000000
52135  35.672  -19.970  49.852 1.0000000000
53135  35.232  -19.734  49.344 1.0000000000
46437  38.508  -26.863  57.872 0.3333329856
114049  38.412  -26.179  57.157 0.3333329856
48387  38.201  -24.888  55.096 0.5555559993
49325  37.426  -23.591  53.428 0.6666669846
48400  38.100  -24.203  54.580 0.6666669846
51126  36.544  -21.213  51.482 1.0000000000
51136  36.307  -20.826  50.962 1.0000000000
52134  36.362  -20.066  49.972 1.0000000000
53134  35.797  -19.706  49.233 1.0000000000
48363  39.039  -24.439  57.870 0.3333329856
47430  38.728  -25.366  57.490 0.3333329856
121963  38.772  -24.007  56.151 0.4444440007
47439  38.515  -25.471  56.486 0.3333329856
49314  37.942  -23.443  54.075 0.5555559993
48399  38.526  -24.106  55.316 0.5555559993
48386  38.589  -24.806  55.865 0.3333329856
50207  37.498  -21.847  53.080 0.6666669846
51117  37.437  -21.363  52.655 0.8888890147
50208  37.031  -21.901  52.394 0.7777780294
51118  36.928  -21.338  52.020 0.8888890147
52098  36.777  -20.955  51.542 0.8888890147
129836  36.668  -20.557  50.851 1.0000000000
52149  36.709  -19.929  48.930 1.0000000000
53144  36.124  -19.512  48.477 1.0000000000
121016  37.308  -20.216  47.954 1.0000000000
120930  38.939  -23.942  56.992 0.4444440007
49309  38.714  -23.269  55.633 0.4444440007
50177  38.853  -22.444  55.983 0.2222220004
50184  38.552  -22.441  55.161 0.3333329856
49313  38.384  -23.341  54.811 0.4444440007
50185  38.197  -22.491  54.319 0.5555559993
51101  37.983  -21.672  53.780 0.6666669846
52084  37.792  -21.134  53.045 0.8888890147
129961  37.823  -21.332  53.234 0.7777780294
52097  37.327  -21.034  52.260 0.8888890147
52112  37.159  -20.779  51.537 0.8888890147
111325  37.486  -20.566  51.090 0.8888890147
133383  37.201  -20.233  49.546 1.0000000000
119737  37.675  -20.449  48.769 1.0000000000
52165  37.092  -20.161  47.042 0.8888890147
52083  38.260  -21.132  53.831 0.5555559993
51100  38.488  -21.522  54.666 0.6666669846
112698  37.984  -20.546  50.495 0.8888890147
112008  37.244  -20.359  50.331 0.8888890147
52164  38.016  -20.672  46.982 1.0000000000
52181  37.444  -20.424  46.185 1.0000000000
125274  38.254  -20.914  53.369 0.6666669846
52111  37.834  -20.732  51.829 0.8888890147
111283  38.399  -20.585  51.111 0.8888890147
52133  38.080  -20.616  49.582 0.8888890147
118431  38.448  -20.792  48.713 1.0000000000
52148  38.230  -20.735  47.986 1.0000000000
52163  38.891  -20.977  47.364 1.0000000000
112088  38.216  -20.691  45.946 1.0000000000
52201  37.548  -20.581  45.238 0.8888890147
52095  39.814  -20.593  52.548 0.7777780294
52110  38.904  -20.653  51.968 0.8888890147
112189  38.831  -20.722  50.173 0.8888890147
117789  39.194  -20.929  49.134 0.8888890147
52147  39.023  -21.028  48.186 0.8888890147
52179  39.714  -20.850  46.045 1.0000000000
52180  38.904  -20.885  46.501 1.0000000000
111282  38.943  -20.756  45.728 1.0000000000
52200  38.499  -20.678  44.975 1.0000000000
52235  37.678  -20.448  43.267 0.7777780294
52109  40.071  -20.653  51.545 0.7777780294
52146  39.864  -21.132  48.313 0.8888890147
126463  39.548  -21.105  47.656 1.0000000000
112187  39.615  -21.016  46.958 1.0000000000
52215  40.783  -20.247  44.553 1.0000000000
52199  39.379  -20.665  45.123 1.0000000000
117446  39.844  -20.435  44.302 1.0000000000
52198  40.241  -20.586  45.234 1.0000000000
52233  39.771  -20.141  43.337 1.0000000000
52216  39.080  -20.585  44.463 1.0000000000
110870  39.113  -20.441  43.784 1.0000000000
52217  38.579  -20.595  44.177 1.0000000000
52218  37.782  -20.654  44.184 1.0000000000
53242  39.606  -19.805  42.480 1.0000000000
52250  38.997  -20.193  43.004 1.0000000000
52234  38.409  -20.465  43.516 1.0000000000
53243  38.797  -19.855  42.243 0.8888890147
52251  38.257  -20.212  42.771 0.8888890147
53257  39.353  -19.448  41.650 0.7777780294
53258  38.529  -19.513  41.507 0.7777780294
111709  40.434  -20.795  50.635 0.8888890147
112190  39.852  -20.849  49.939 0.8888890147
117790  40.289  -21.060  49.110 0.8888890147
52162  40.337  -21.131  47.506 0.8888890147
112188  40.288  -20.971  46.701 1.0000000000
52232  40.580  -20.029  43.733 1.0000000000
53228  40.536  -19.715  42.799 1.0000000000
53256  40.207  -19.422  41.890 1.0000000000
54102  39.936  -18.964  41.158 0.7777780294
117791  41.232  -21.099  49.069 0.7777780294
52144  41.616  -21.154  48.308 0.7777780294
112191  40.818  -20.960  49.833 0.7777780294
117788  41.145  -21.145  47.720 0.8888890147
52160  41.850  -21.029  47.556 0.8888890147
52161  41.137  -20.998  46.919 1.0000000000
52177  41.667  -20.521  46.083 1.0000000000
52178  40.676  -20.734  46.065 1.0000000000
130453  41.623  -19.706  43.694 1.0000000000
52213  42.345  -19.759  44.853 1.0000000000
114918  41.892  -19.624  43.269 1.0000000000
52214  41.583  -19.985  44.700 1.0000000000
53226  42.655  -19.608  43.365 1.0000000000
52231  41.314  -19.848  44.035 1.0000000000
53240  42.361  -19.397  42.558 1.0000000000
53227  41.236  -19.726  43.373 1.0000000000
53255  41.636  -19.137  41.978 1.0000000000
53241  41.438  -19.520  42.667 1.0000000000
121240  40.925  -19.364  42.114 1.0000000000
54101  40.850  -18.870  41.445 1.0000000000
120986  39.761  -18.493  40.593 0.7777780294
54112  40.430  -18.380  40.757 1.0000000000
117792  42.174  -21.154  49.000 0.7777780294
52143  42.510  -21.069  48.184 0.7777780294
117542  41.969  -20.779  46.871 1.0000000000
53210  43.651  -19.714  44.343 0.8888890147
53195  43.261  -19.660  45.118 1.0000000000
52197  41.840  -20.120  45.325 1.0000000000
113895  41.127  -20.398  45.326 1.0000000000
53211  42.898  -19.645  44.216 1.0000000000
53212  42.036  -19.670  44.043 1.0000000000
115533  43.159  -19.499  42.806 1.0000000000
53254  42.453  -18.885  41.817 1.0000000000
116839  41.726  -18.579  41.391 1.0000000000
54111  41.189  -18.217  40.892 1.0000000000
54968  40.809  -17.750  40.361 1.0000000000
121322  43.200  -21.058  48.900 0.5555559993
52131  43.766  -20.817  49.669 0.4444440007
52142  44.263  -20.502  48.825 0.5555559993
124968  43.495  -20.790  48.034 0.5555559993
52159  42.746  -20.746  47.279 1.0000000000
115677  44.827  -19.722  45.893 0.8888890147
53194  44.085  -19.702  45.808 0.7777780294
52175  43.238  -20.284  46.662 1.0000000000
52176  42.534  -20.408  46.419 1.0000000000
52195  43.265  -19.915  45.991 0.8888890147
52196  42.480  -20.024  45.626 1.0000000000
53193  44.306  -19.780  44.939 0.8888890147
52212  45.095  -20.093  44.275 0.8888890147
53224  44.638  -19.676  43.118 0.8888890147
53225  43.597  -19.686  43.457 1.0000000000
53239  43.874  -19.423  42.665 1.0000000000
53253  43.203  -19.156  42.244 1.0000000000
54100  42.448  -18.237  41.300 1.0000000000
134067  41.846  -18.072  40.970 1.0000000000
54967  41.592  -17.631  40.534 1.0000000000
118962  37.709  -16.487  37.610 0.5555559993
55888  37.221  -16.059  36.917 0.3333329856
52130  44.504  -20.285  49.685 0.5555559993
53177  44.773  -19.645  46.526 0.6666669846
52157  44.372  -20.146  47.858 0.5555559993
53159  43.952  -19.845  46.489 0.8888890147
52158  43.719  -20.311  47.204 0.8888890147
53192  45.696  -20.006  45.853 0.7777780294
52194  45.254  -20.075  45.065 0.8888890147
52193  46.000  -20.323  45.089 0.7777780294
52210  46.589  -20.241  44.571 0.7777780294
52229  45.739  -20.076  43.797 0.7777780294
53222  46.345  -19.709  43.601 0.7777780294
53223  45.569  -19.678  43.320 0.8888890147
53238  44.560  -19.236  42.538 0.8888890147
53237  45.331  -19.242  42.782 0.8888890147
54092  44.000  -18.821  42.098 1.0000000000
54099  43.255  -18.448  41.664 1.0000000000
54957  43.007  -17.708  41.184 1.0000000000
54966  42.330  -17.636  40.826 1.0000000000
55843  42.226  -16.975  40.259 1.0000000000
118638  41.758  -16.497  39.565 1.0000000000
54979  41.263  -17.142  39.980 1.0000000000
55856  40.869  -16.712  39.378 1.0000000000
118637  39.699  -16.515  38.630 0.7777780294
56800  40.904  -15.675  38.303 0.7777780294
56801  40.088  -15.908  38.189 0.7777780294
55878  39.330  -16.117  38.046 0.5555559993
56815  39.737  -15.558  37.580 0.5555559993
56829  39.437  -15.154  36.957 0.5555559993
56817  38.146  -15.882  37.203 0.4444440007
56844  37.294  -14.982  35.843 0.3333329856
56845  36.340  -15.034  35.617 0.1111110002
56846  35.413  -14.936  35.544 0.1111110002
58697  34.624  -13.762  35.571 0.1111110002
58685  34.063  -13.266  36.255 0.1111110002
59666  34.221  -12.288  36.371 0.1111110002
53143  44.983  -19.578  48.416 0.5555559993
54036  46.240  -19.066  49.261 0.5555559993
130679  45.012  -19.473  47.693 0.5555559993
54044  46.213  -19.112  48.664 0.5555559993
53142  45.568  -19.306  48.106 0.5555559993
54052  46.417  -19.169  48.331 0.5555559993
53176  45.342  -19.599  46.744 0.7777780294
52192  46.729  -20.287  45.509 0.5555559993
52209  47.381  -20.121  44.780 0.4444440007
52228  46.340  -20.103  44.005 0.5555559993
117211  48.718  -19.628  44.921 0.4444440007
53208  47.968  -19.615  44.520 0.5555559993
54072  50.047  -18.364  44.537 0.3333329856
53221  47.886  -19.180  44.052 0.5555559993
53236  46.206  -19.203  43.173 0.6666669846
54091  44.937  -18.549  42.325 0.7777780294
54090  45.862  -18.555  42.855 0.6666669846
121792  44.299  -18.107  41.869 0.8888890147
54949  44.906  -17.655  42.138 0.6666669846
54956  43.751  -17.724  41.488 0.8888890147
54965  42.815  -17.180  40.752 1.0000000000
56785  42.175  -15.820  39.131 1.0000000000
56812  42.240  -14.820  38.061 1.0000000000
56799  41.780  -15.434  38.461 1.0000000000
55866  41.304  -16.075  38.943 1.0000000000
117570  41.982  -14.447  37.571 1.0000000000
58675  42.122  -13.914  37.286 1.0000000000
57737  40.738  -14.727  37.112 0.7777780294
56814  40.514  -15.331  37.646 0.6666669846
58682  41.593  -13.617  36.803 0.6666669846
58683  40.792  -13.997  36.545 0.6666669846
57751  39.126  -14.566  36.244 0.5555559993
56830  38.605  -15.280  36.723 0.4444440007
57758  39.199  -13.954  35.704 0.3333329856
57752  38.168  -14.827  36.077 0.3333329856
120176  37.749  -14.481  35.591 0.3333329856
57761  36.009  -14.431  35.134 0.1111110002
58695  37.810  -13.943  35.178 0.3333329856
57760  36.980  -14.393  35.239 0.2222220004
54029  46.365  -19.184  49.935 0.4444440007
54027  48.079  -18.986  49.700 0.2222220004
54028  47.339  -19.045  49.719 0.4444440007
118885  46.702  -19.015  49.101 0.5555559993
54045  45.650  -19.226  48.894 0.5555559993
54033  48.747  -18.963  49.520 0.3333329856
54034  48.016  -18.941  49.469 0.5555559993
53155  46.835  -19.401  47.757 0.5555559993
53174  47.566  -19.902  46.859 0.5555559993
52191  47.655  -20.147  45.529 0.4444440007
53191  48.038  -19.956  45.040 0.4444440007
53207  49.649  -19.264  44.892 0.4444440007
117413  51.055  -17.935  44.431 0.1111110002
54939  50.330  -17.623  43.445 0.1111110002
54081  49.313  -17.953  44.167 0.1111110002
112631  48.638  -17.786  44.072 0.1111110002
54082  47.830  -18.526  43.880 0.2222220004
54083  46.908  -18.431  43.457 0.4444440007
132993  47.172  -17.575  43.769 0.2222220004
54947  46.232  -17.790  43.197 0.4444440007
55822  45.517  -17.069  42.767 0.5555559993
55823  44.739  -16.869  41.941 0.5555559993
54955  44.362  -17.458  41.724 0.8888890147
55829  44.090  -16.934  41.390 0.8888890147
56756  44.746  -15.538  41.528 0.8888890147
56767  44.241  -15.511  40.776 1.0000000000
55841  43.784  -16.327  40.868 1.0000000000
55854  43.455  -15.761  40.112 1.0000000000
55842  43.066  -16.577  40.461 1.0000000000
56783  43.475  -15.188  39.533 1.0000000000
55855  42.623  -16.189  39.809 1.0000000000
57716  43.489  -14.300  38.685 1.0000000000
56784  42.941  -15.512  39.365 1.0000000000
56798  42.588  -15.197  38.686 1.0000000000
58673  43.416  -13.151  37.870 1.0000000000
57734  43.173  -13.942  38.079 1.0000000000
57717  42.914  -14.595  38.336 1.0000000000
58681  42.250  -13.213  37.048 1.0000000000
121419  41.730  -12.875  36.513 0.8888890147
126372  41.158  -13.325  36.354 0.6666669846
59665  41.126  -12.652  35.969 0.5555559993
58692  40.509  -13.326  35.983 0.6666669846
58693  39.681  -13.335  35.557 0.4444440007
59679  40.367  -12.466  35.394 0.3333329856
58694  38.705  -13.483  35.179 0.3333329856
54035  47.294  -18.966  49.284 0.5555559993
54040  49.268  -18.950  49.299 0.3333329856
54041  48.631  -18.899  49.307 0.5555559993
54050  48.429  -18.890  48.853 0.5555559993
53154  48.032  -19.353  47.863 0.4444440007
115652  49.255  -19.112  48.123 0.4444440007
53173  48.713  -19.787  46.777 0.4444440007
52173  47.942  -20.099  46.172 0.4444440007
110887  49.625  -19.692  46.041 0.4444440007
53189  50.447  -19.291  45.422 0.3333329856
131551  50.624  -18.787  44.870 0.3333329856
110980  51.951  -17.952  44.394 0.1111110002
54940  49.483  -17.533  43.591 0.1111110002
54097  49.777  -17.974  41.430 0.1111110002
54941  47.892  -17.722  43.925 0.2222220004
55821  46.565  -17.050  43.741 0.3333329856
55828  45.132  -16.042  42.319 0.5555559993
118738  44.437  -16.181  41.472 0.7777780294
56755  45.185  -15.143  41.947 0.7777780294
57683  44.796  -14.927  41.110 0.7777780294
58617  45.390  -13.470  40.273 0.7777780294
58606  45.477  -13.851  40.972 0.7777780294
57682  45.318  -14.452  41.410 0.7777780294
57693  44.450  -14.821  40.432 0.8888890147
59602  45.817  -12.779  40.059 0.8888890147
57692  44.918  -14.214  40.519 0.8888890147
56782  43.960  -15.062  39.982 1.0000000000
59623  46.193  -12.097  39.617 0.8888890147
59624  45.526  -12.472  39.275 0.8888890147
58633  45.290  -13.059  39.640 0.8888890147
58634  44.764  -13.629  39.585 1.0000000000
57715  44.073  -13.985  39.097 1.0000000000
131724  43.757  -14.652  39.326 1.0000000000
59625  44.939  -12.900  39.080 0.8888890147
58653  44.360  -13.290  38.812 1.0000000000
58654  43.754  -13.612  38.454 1.0000000000
59653  42.913  -12.789  37.316 1.0000000000
59664  42.420  -12.372  36.739 0.8888890147
53141  49.871  -19.039  49.075 0.3333329856
54049  49.383  -18.876  49.043 0.5555559993
53153  50.318  -19.223  48.421 0.4444440007
114744  51.040  -19.453  47.511 0.3333329856
110805  50.057  -19.436  47.242 0.4444440007
53188  51.990  -19.278  45.857 0.3333329856
53206  51.751  -18.393  44.989 0.3333329856
126763  52.628  -18.294  44.756 0.2222220004
54945  48.955  -17.321  43.232 0.1111110002
134048  48.862  -17.442  43.769 0.1111110002
56741  48.563  -15.700  43.631 0.1111110002
124234  48.255  -16.630  42.758 0.1111110002
55819  48.487  -17.018  42.417 0.1111110002
54946  48.458  -17.327  44.023 0.1111110002
55814  47.825  -16.903  44.176 0.2222220004
55816  45.970  -16.289  43.412 0.5555559993
56743  45.679  -15.437  42.899 0.6666669846
56731  46.384  -15.748  43.866 0.6666669846
59568  47.033  -12.972  42.167 0.6666669846
58597  46.465  -13.443  41.838 0.7777780294
116896  46.263  -14.122  42.518 0.7777780294
57681  45.831  -13.934  41.674 0.7777780294
57666  45.694  -14.645  42.295 0.6666669846
59582  46.775  -12.760  41.308 0.7777780294
59601  46.504  -12.491  40.453 0.7777780294
60670  45.743  -11.578  38.638 0.8888890147
59640  45.129  -12.292  38.736 1.0000000000
59641  44.574  -12.582  38.506 1.0000000000
60687  44.883  -11.791  38.206 1.0000000000
133285  43.750  -12.666  37.930 1.0000000000
60703  44.547  -11.158  37.510 1.0000000000
59651  44.132  -12.142  37.931 1.0000000000
59652  43.521  -12.375  37.573 1.0000000000
59663  43.134  -11.889  36.989 1.0000000000
126255  43.533  -10.886  36.406 1.0000000000
60721  42.694  -11.429  36.290 1.0000000000
60738  43.014  -10.752  35.793 0.7777780294
60722  41.840  -11.891  36.042 0.6666669846
53171  51.863  -19.603  46.920 0.3333329856
53172  50.869  -19.490  46.445 0.4444440007
57648  49.203  -15.590  45.150 0.1111110002
120248  48.765  -15.816  45.518 0.1111110002
56730  48.367  -16.309  44.682 0.1111110002
55820  48.455  -17.066  43.828 0.1111110002
57664  48.308  -15.373  42.724 0.1111110002
57635  47.604  -15.736  45.049 0.3333329856
55810  47.876  -16.198  45.007 0.3333329856
58587  46.835  -14.263  43.545 0.5555559993
57650  46.820  -15.301  44.284 0.5555559993
56720  47.082  -16.012  44.646 0.3333329856
61652  50.985  -10.552  42.606 0.3333329856
60634  49.593  -11.330  42.994 0.5555559993
59566  48.423  -12.273  43.068 0.5555559993
58596  47.330  -13.376  43.067 0.6666669846
57665  46.182  -14.893  43.267 0.5555559993
131749  52.508  -10.195  42.309 0.2222220004
61664  50.361  -10.407  41.567 0.3333329856
61665  49.486  -10.694  41.371 0.5555559993
60643  48.694  -11.347  41.482 0.5555559993
60636  48.141  -11.975  42.045 0.5555559993
59567  47.745  -12.671  42.540 0.5555559993
131204  46.766  -13.606  42.595 0.6666669846
62764  52.060  -9.882  40.655 0.4444440007
62765  51.360  -9.936  40.706 0.4444440007
116701  49.448  -10.388  40.393 0.5555559993
60651  48.302  -11.204  40.605 0.5555559993
60652  47.615  -11.550  40.321 0.6666669846
59600  47.175  -12.120  40.823 0.7777780294
62777  50.646  -9.872  39.932 0.5555559993
61693  49.161  -10.248  39.657 0.5555559993
61678  48.708  -10.642  40.095 0.6666669846
61679  48.005  -10.902  39.863 0.6666669846
61694  48.497  -10.376  39.209 0.7777780294
60668  47.354  -11.214  39.566 0.8888890147
60653  46.891  -11.809  40.019 0.8888890147
61696  47.217  -10.771  38.783 0.8888890147
61715  46.523  -10.825  38.345 0.8888890147
61716  45.922  -10.751  37.907 1.0000000000
60702  45.277  -10.914  37.767 1.0000000000
60704  43.837  -11.476  37.240 1.0000000000
60720  44.328  -10.602  36.683 1.0000000000
60740  41.664  -11.263  35.276 0.4444440007
60739  42.377  -11.046  35.595 0.5555559993
61760  42.208  -10.830  34.894 0.4444440007
127035  41.582  -10.993  34.683 0.3333329856
60756  41.901  -10.881  34.339 0.3333329856
57633  49.170  -15.512  46.019 0.2222220004
132481  49.048  -15.613  46.039 0.2222220004
58566  49.752  -14.011  46.532 0.2222220004
57621  48.846  -15.007  46.267 0.2222220004
57634  48.264  -15.365  45.588 0.2222220004
133133  50.968  -11.392  44.753 0.2222220004
59541  49.873  -12.723  46.002 0.4444440007
59553  48.737  -12.599  44.358 0.4444440007
59542  49.219  -13.086  45.801 0.4444440007
58578  48.291  -14.500  45.499 0.3333329856
57649  47.488  -14.876  44.756 0.4444440007
61651  51.933  -10.581  43.476 0.2222220004
60626  49.944  -11.585  44.224 0.3333329856
60627  49.106  -11.859  43.664 0.4444440007
59554  47.985  -12.973  43.693 0.5555559993
58586  47.680  -13.889  44.233 0.5555559993
61661  54.115  -9.991  42.226 0.2222220004
61674  55.479  -9.909  41.175 0.2222220004
61676  53.007  -9.862  41.124 0.4444440007
62775  52.346  -9.851  40.105 0.4444440007
62776  51.522  -9.824  39.975 0.4444440007
62778  49.808  -9.972  39.678 0.5555559993
61692  51.821  -9.893  39.319 0.4444440007
130374  50.127  -9.844  38.957 0.6666669846
62779  49.282  -9.958  38.974 0.7777780294
61713  48.610  -10.042  38.301 0.8888890147
61714  47.870  -10.339  38.450 0.8888890147
120862  47.198  -10.336  37.923 0.8888890147
126164  47.111  -10.193  37.236 0.8888890147
61731  46.514  -10.369  37.499 1.0000000000
61745  46.501  -10.108  36.629 1.0000000000
61732  45.783  -10.300  37.159 1.0000000000
60733  48.453  -11.291  35.826 1.0000000000
60735  46.440  -10.739  35.350 1.0000000000
61755  46.914  -10.237  36.073 1.0000000000
61746  45.599  -10.084  36.301 1.0000000000
61733  45.052  -10.377  36.909 1.0000000000
59692  47.677  -12.687  34.460 0.8888890147
60734  47.414  -11.182  35.476 1.0000000000
60736  45.665  -10.606  35.158 1.0000000000
61747  44.809  -10.173  36.098 1.0000000000
128960  44.153  -10.327  35.991 1.0000000000
59693  46.704  -12.294  34.363 0.8888890147
125580  46.758  -11.514  34.886 0.8888890147
61757  45.233  -10.240  35.652 1.0000000000
128029  44.362  -10.406  35.408 0.7777780294
61758  43.588  -10.484  35.541 0.8888890147
59694  45.892  -12.103  34.086 0.7777780294
130944  45.227  -11.894  33.863 0.7777780294
115581  44.566  -11.207  34.145 0.5555559993
61765  43.461  -10.603  34.815 0.5555559993
61759  42.907  -10.605  35.154 0.7777780294
61766  42.635  -10.785  34.545 0.3333329856
59711  46.409  -12.786  33.601 0.7777780294
61778  42.169  -10.840  34.017 0.3333329856
127343  57.646  -10.712  40.389 0.3333329856
61689  55.661  -9.987  40.290 0.4444440007
61673  56.504  -10.083  41.082 0.3333329856
61690  53.715  -10.102  39.652 0.4444440007
61709  52.146  -10.213  38.669 0.5555559993
119176  50.706  -9.914  38.568 0.6666669846
61691  52.668  -9.985  39.424 0.4444440007
61711  50.155  -9.915  38.136 0.6666669846
61712  49.385  -9.926  38.268 0.7777780294
61730  47.870  -10.120  37.573 0.8888890147
60732  49.315  -11.484  35.980 1.0000000000
60719  47.857  -10.488  36.348 1.0000000000
59677  49.782  -12.474  35.524 1.0000000000
59691  49.446  -13.000  34.742 1.0000000000
114378  48.585  -12.884  34.607 0.8888890147
59708  49.101  -13.318  33.871 0.8888890147
59709  48.194  -13.241  33.800 0.7777780294
59710  47.249  -13.062  33.695 0.7777780294
58724  49.726  -13.475  32.202 0.8888890147
58713  48.725  -13.428  32.983 0.8888890147
58714  47.834  -13.409  32.992 0.8888890147
58735  49.215  -13.506  31.669 0.6666669846
130736  47.596  -13.436  32.395 0.6666669846
130755  46.498  -13.238  32.505 0.6666669846
58715  46.959  -13.299  32.919 0.6666669846
58736  48.315  -13.515  31.363 0.5555559993
61707  55.660  -10.426  39.417 0.4444440007
110765  54.678  -10.340  39.468 0.4444440007
60685  55.760  -10.924  38.628 0.5555559993
60686  54.736  -10.962  38.641 0.4444440007
118850  52.972  -10.404  38.741 0.4444440007
61726  51.689  -10.489  37.997 0.5555559993
110790  50.920  -10.148  37.985 0.5555559993
61725  52.479  -10.751  38.054 0.7777780294
61728  49.594  -10.108  37.595 0.8888890147
61729  48.762  -10.037  37.640 0.8888890147
60701  51.207  -10.802  37.393 0.7777780294
61727  50.385  -10.413  37.469 0.7777780294
61741  49.881  -10.544  37.051 0.8888890147
114394  51.951  -12.821  35.539 1.0000000000
59662  51.061  -12.053  36.314 1.0000000000
60715  51.574  -11.588  36.882 1.0000000000
60717  49.660  -10.948  36.547 1.0000000000
61742  49.155  -10.345  37.040 1.0000000000
59675  51.378  -12.642  35.767 1.0000000000
60731  50.166  -11.749  36.165 1.0000000000
60718  48.796  -10.683  36.452 1.0000000000
61743  48.272  -10.140  36.996 1.0000000000
59689  51.311  -12.995  34.948 1.0000000000
59690  50.323  -13.050  34.848 1.0000000000
58711  50.867  -13.192  34.004 1.0000000000
124022  50.544  -13.371  33.138 1.0000000000
58702  49.985  -13.307  33.952 0.8888890147
58712  49.664  -13.431  32.939 0.8888890147
58734  50.264  -13.452  31.630 0.7777780294
111460  49.738  -13.479  30.994 0.6666669846
114939  49.660  -13.490  30.218 0.4444440007
111277  48.131  -13.519  30.473 0.4444440007
112455  48.833  -13.509  29.890 0.3333329856
60696  56.563  -11.202  37.639 0.3333329856
128985  56.781  -11.275  36.402 0.7777780294
59649  55.311  -11.987  37.146 0.6666669846
60697  54.949  -11.699  37.915 0.5555559993
60698  53.861  -11.554  37.893 0.4444440007
61724  53.183  -10.931  38.143 0.5555559993
59650  54.245  -12.187  37.188 0.7777780294
60699  52.877  -11.479  37.602 0.6666669846
59672  54.461  -12.502  35.591 1.0000000000
59673  53.610  -12.664  35.883 1.0000000000
60713  53.329  -12.104  37.120 0.7777780294
60714  52.464  -11.935  36.987 0.8888890147
60700  52.048  -11.189  37.459 0.7777780294
60716  50.583  -11.111  36.795 0.8888890147
59686  54.603  -12.408  34.705 1.0000000000
59687  53.865  -12.689  34.957 1.0000000000
59674  52.724  -12.764  35.756 1.0000000000
59661  52.014  -12.459  36.354 1.0000000000
59705  54.171  -12.446  32.990 0.8888890147
111825  54.026  -12.626  34.028 1.0000000000
112755  53.275  -12.858  34.325 1.0000000000
59706  53.365  -12.833  33.370 1.0000000000
59707  52.596  -13.013  33.697 1.0000000000
59688  52.405  -12.971  34.781 1.0000000000
112927  51.749  -13.132  33.968 1.0000000000
112730  52.573  -13.067  32.768 0.7777780294
59718  52.013  -13.186  33.202 1.0000000000
132270  52.193  -13.214  32.280 0.8888890147
58722  51.712  -13.282  32.579 0.7777780294
124634  51.003  -13.378  32.666 0.8888890147
59728  52.667  -13.098  31.857 0.6666669846
114132  51.063  -13.385  32.095 0.7777780294
58732  51.834  -13.312  31.877 0.6666669846
58749  52.133  -13.313  31.088 0.5555559993
58733  51.235  -13.401  31.290 0.6666669846
58750  51.532  -13.358  30.394 0.5555559993
58751  50.536  -13.448  30.562 0.5555559993
130105  50.245  -13.443  29.687 0.5555559993
61751  59.828  -10.124  35.732 0.3333329856
61752  59.492  -10.013  35.991 0.3333329856
61740  59.082  -10.360  36.855 0.3333329856
60729  56.785  -11.158  35.548 0.7777780294
60712  56.165  -11.730  36.735 0.7777780294
60748  56.226  -11.304  34.443 0.7777780294
117393  55.883  -11.747  35.120 0.7777780294
59658  55.228  -12.225  36.194 0.7777780294
117894  55.489  -11.543  33.676 1.0000000000
60749  55.336  -11.913  34.507 1.0000000000
59671  55.223  -12.186  35.325 1.0000000000
60768  54.741  -12.127  33.816 1.0000000000
115666  54.900  -11.670  32.941 0.7777780294
60779  54.504  -11.965  32.159 0.7777780294
59717  53.394  -12.817  32.460 0.8888890147
118245  53.698  -12.592  30.975 0.7777780294
59743  53.007  -12.987  30.875 0.5555559993
58762  50.985  -13.348  29.635 0.5555559993
58773  50.353  -13.305  28.845 0.4444440007
59769  50.874  -12.879  28.227 0.4444440007
59784  49.666  -12.724  27.280 0.2222220004
60746  59.989  -10.686  35.405 0.2222220004
62799  59.850  -9.647  35.277 0.4444440007
61762  60.119  -9.884  35.073 0.3333329856
61763  58.215  -9.848  35.285 0.6666669846
61764  57.197  -10.604  34.858 0.7777780294
60766  56.153  -10.970  33.552 0.8888890147
60767  55.623  -11.114  32.890 1.0000000000
60787  54.614  -11.606  31.347 0.7777780294
59741  54.157  -12.064  30.629 0.7777780294
59742  53.542  -12.609  30.327 0.6666669846
111500  52.993  -12.883  30.078 0.5555559993
58760  52.363  -13.149  30.230 0.5555559993
59768  51.664  -12.701  28.402 0.4444440007
59756  51.953  -12.895  28.966 0.5555559993
58772  51.284  -13.087  28.927 0.5555559993
61872  52.128  -10.346  25.805 0.4444440007
61858  52.253  -10.893  26.386 0.4444440007
60844  51.515  -11.404  26.605 0.3333329856
115437  51.802  -11.917  27.301 0.3333329856
62898  51.858  -9.840  25.234 0.4444440007
62899  50.948  -9.886  24.986 0.2222220004
61860  50.811  -11.030  26.058 0.3333329856
60845  50.737  -11.609  26.571 0.3333329856
59783  50.515  -12.584  27.487 0.3333329856
62911  50.579  -9.147  24.588 0.2222220004
61873  51.302  -10.410  25.563 0.2222220004
62900  50.005  -9.880  24.915 0.2222220004
62800  59.251  -9.609  35.449 0.4444440007
61772  60.269  -9.632  34.367 0.3333329856
62805  60.044  -9.324  34.599 0.2222220004
62807  58.722  -9.396  34.880 0.6666669846
61775  56.815  -10.377  33.423 0.8888890147
61776  56.211  -10.678  32.934 0.6666669846
61793  55.934  -10.633  32.298 0.7777780294
60786  55.090  -10.946  31.078 0.7777780294
60801  54.956  -10.816  30.225 0.7777780294
118801  54.651  -11.366  30.631 0.6666669846
60802  54.388  -11.528  29.817 0.6666669846
60803  53.870  -12.207  29.902 0.6666669846
59754  53.355  -12.561  29.610 0.6666669846
60822  53.593  -11.777  28.431 0.6666669846
59766  53.146  -12.405  28.869 0.6666669846
61871  52.887  -10.346  26.175 0.5555559993
61846  52.965  -11.014  26.887 0.5555559993
60823  52.863  -12.100  28.144 0.6666669846
59767  52.396  -12.579  28.602 0.5555559993
62897  52.714  -9.784  25.542 0.5555559993
60833  52.553  -11.735  27.481 0.4444440007
63926  51.318  -8.449  24.512 0.4444440007
118602  50.623  -8.325  24.461 0.3333329856
64890  51.059  -7.456  24.527 0.3333329856
129977  50.045  -8.615  24.463 0.2222220004
64891  50.128  -7.821  24.469 0.2222220004
64892  49.378  -7.316  24.613 0.2222220004
62823  60.424  -8.894  33.345 0.2222220004
62824  58.737  -8.569  33.499 0.5555559993
61791  57.600  -9.526  33.292 0.5555559993
132487  57.857  -8.987  32.737 0.6666669846
62826  57.093  -9.532  32.322 0.6666669846
61792  56.639  -10.162  32.660 0.6666669846
61800  56.391  -10.084  31.870 0.6666669846
62835  56.832  -9.464  31.513 0.6666669846
61814  56.201  -9.980  31.068 0.6666669846
61824  56.031  -9.821  30.275 0.6666669846
61815  55.575  -10.393  30.646 0.6666669846
61826  54.826  -10.777  29.315 0.6666669846
61837  54.656  -10.627  28.430 0.6666669846
60813  54.239  -11.314  28.854 0.6666669846
61856  54.232  -9.927  26.738 0.6666669846
61845  53.763  -10.688  27.228 0.6666669846
60832  53.332  -11.454  27.658 0.6666669846
61857  53.511  -10.346  26.569 0.5555559993
62896  53.599  -9.711  25.957 0.5555559993
62908  53.282  -9.206  25.210 0.4444440007
62909  52.437  -9.260  24.953 0.5555559993
63925  52.144  -8.595  24.610 0.4444440007
118459  50.359  -6.778  24.715 0.2222220004
62806  59.601  -9.241  34.790 0.2222220004
62811  60.269  -9.026  33.957 0.3333329856
63832  60.214  -8.434  33.248 0.2222220004
62812  59.860  -8.693  34.066 0.3333329856
62813  58.749  -9.022  34.250 0.5555559993
62822  60.284  -8.519  32.863 0.2222220004
63838  59.561  -8.158  33.189 0.2222220004
63839  58.491  -8.373  32.662 0.4444440007
63851  58.194  -8.320  31.809 0.5555559993
62825  57.601  -8.951  32.002 0.6666669846
62834  57.344  -8.850  31.204 0.6666669846
62850  57.127  -8.712  30.372 0.6666669846
62851  56.638  -9.364  30.707 0.6666669846
117190  55.948  -9.672  29.606 0.6666669846
62876  55.976  -9.097  27.912 0.5555559993
62864  56.173  -9.266  28.987 0.6666669846
62865  55.680  -9.804  29.123 0.6666669846
62877  55.592  -9.672  28.438 0.6666669846
61836  55.213  -10.186  28.847 0.7777780294
61843  55.044  -10.032  28.047 0.6666669846
61844  54.450  -10.345  27.606 0.6666669846
117154  52.933  -8.622  24.729 0.4444440007
127859  52.590  -7.973  24.517 0.4444440007
118603  51.926  -7.718  24.523 0.4444440007
118449  51.798  -6.783  24.647 0.4444440007
65865  49.712  -6.168  25.043 0.1111110002
64806  59.923  -7.807  32.612 0.2222220004
63850  59.138  -7.774  32.470 0.2222220004
64805  60.206  -7.998  32.465 0.2222220004
64820  59.593  -7.463  32.131 0.3333329856
63869  58.810  -7.644  31.691 0.3333329856
63867  60.324  -7.550  31.746 0.2222220004
64836  60.471  -7.056  31.177 0.2222220004
63870  57.916  -8.173  30.990 0.6666669846
63884  58.569  -7.557  30.921 0.4444440007
62863  56.882  -8.632  29.470 0.6666669846
63902  56.048  -8.838  27.067 0.5555559993
62882  55.512  -9.277  27.118 0.5555559993
63910  55.696  -8.872  26.366 0.5555559993
62890  54.995  -9.384  26.491 0.5555559993
63916  55.060  -8.843  25.643 0.4444440007
63917  54.132  -9.058  25.428 0.4444440007
64888  54.006  -7.622  24.607 0.4444440007
63923  54.550  -8.362  24.959 0.4444440007
63924  53.723  -8.524  24.858 0.4444440007
64889  53.242  -7.752  24.548 0.4444440007
118450  52.572  -6.889  24.591 0.4444440007
129255  52.774  -5.775  24.683 0.4444440007
65863  52.081  -5.832  24.762 0.4444440007
66779  51.535  -5.212  24.722 0.4444440007
65864  51.252  -6.178  24.845 0.4444440007
64819  60.082  -7.405  32.047 0.2222220004
64838  59.577  -7.060  31.513 0.3333329856
64837  60.203  -6.962  31.468 0.2222220004
64851  58.848  -7.030  30.336 0.3333329856
116178  60.648  -7.418  30.932 0.2222220004
65810  60.404  -6.669  30.780 0.2222220004
64849  60.803  -6.895  30.498 0.2222220004
63894  57.324  -7.991  29.047 0.6666669846
63895  56.660  -8.589  28.503 0.6666669846
63908  57.109  -7.962  27.111 0.6666669846
63901  56.578  -8.505  27.518 0.5555559993
63922  55.403  -8.056  24.956 0.6666669846
118676  54.772  -7.464  24.616 0.5555559993
130117  54.214  -6.735  24.562 0.5555559993
118917  53.462  -6.514  24.601 0.4444440007
65862  53.311  -5.251  24.599 0.4444440007
66778  52.559  -4.992  24.558 0.4444440007
67639  50.313  -4.727  24.490 0.4444440007
68447  47.222  -3.466  24.351 0.1111110002
64850  59.929  -6.500  30.900 0.3333329856
65818  60.884  -6.257  29.956 0.2222220004
65819  60.227  -6.148  30.111 0.2222220004
64852  57.990  -7.411  29.487 0.4444440007
65827  61.133  -5.573  29.236 0.2222220004
65835  61.464  -5.867  28.584 0.3333329856
64860  57.738  -7.356  28.685 0.6666669846
64866  57.609  -7.356  27.716 0.6666669846
66746  61.359  -5.013  28.128 0.3333329856
132253  57.125  -7.838  26.293 0.5555559993
64872  57.606  -7.385  26.707 0.6666669846
64873  56.799  -7.827  25.598 0.5555559993
118361  57.483  -7.339  25.778 0.5555559993
64880  56.251  -7.590  24.962 0.5555559993
64887  55.536  -7.111  24.590 0.5555559993
66776  54.716  -5.190  24.549 0.5555559993
117339  54.059  -5.716  24.612 0.5555559993
113750  54.726  -4.263  24.163 0.5555559993
66777  53.950  -4.710  24.411 0.5555559993
119003  53.280  -4.504  24.269 0.4444440007
69225  46.427  -2.609  25.520 0.1111110002
67636  52.827  -4.437  24.174 0.4444440007
67637  52.157  -4.653  24.285 0.4444440007
68446  48.022  -3.913  23.975 0.1111110002
67638  51.288  -4.738  24.388 0.4444440007
67640  48.761  -4.457  24.632 0.1111110002
67652  51.837  -4.538  23.932 0.4444440007
67654  49.970  -4.578  23.740 0.4444440007
128568  49.548  -4.527  24.314 0.1111110002
67655  48.945  -4.316  23.596 0.1111110002
68458  47.992  -3.855  23.056 0.1111110002
65829  59.832  -5.507  29.397 0.3333329856
65820  59.443  -6.272  29.884 0.3333329856
65828  60.506  -5.514  29.415 0.2222220004
113475  58.491  -6.746  29.319 0.4444440007
66741  60.818  -4.842  28.837 0.3333329856
65830  58.958  -5.891  29.027 0.3333329856
64859  58.170  -6.601  28.410 0.4444440007
64865  58.082  -6.653  27.336 0.5555559993
67605  61.037  -4.338  28.244 0.3333329856
65836  58.621  -5.731  28.120 0.4444440007
66748  59.088  -4.843  27.761 0.5555559993
65851  58.403  -5.891  25.621 0.5555559993
65844  58.043  -6.730  26.237 0.5555559993
65859  57.845  -6.146  24.905 0.5555559993
64879  57.208  -7.038  24.925 0.5555559993
64885  57.077  -5.983  24.593 0.5555559993
64886  56.338  -6.644  24.610 0.5555559993
66775  55.489  -4.801  24.452 0.5555559993
67635  54.001  -4.090  24.136 0.5555559993
67649  54.401  -4.147  23.948 0.5555559993
70010  46.530  -1.769  26.438 0.1111110002
70014  46.507  -1.900  25.618 0.1111110002
132736  53.858  -4.168  23.980 0.4444440007
67650  53.355  -4.237  23.991 0.4444440007
68448  46.648  -2.920  24.803 0.1111110002
67675  52.990  -4.414  23.829 0.4444440007
67651  52.658  -4.386  23.989 0.4444440007
67676  52.176  -4.657  23.704 0.4444440007
67677  51.294  -4.810  23.511 0.4444440007
66809  50.674  -5.368  22.723 0.3333329856
67653  50.915  -4.589  23.862 0.4444440007
67678  50.393  -4.850  23.283 0.3333329856
66742  60.184  -4.813  28.842 0.3333329856
67606  60.539  -4.221  28.175 0.3333329856
66743  59.389  -5.069  28.633 0.4444440007
67609  61.168  -4.093  27.425 0.3333329856
67611  60.243  -3.642  27.399 0.4444440007
67620  61.379  -3.306  25.669 0.3333329856
67614  61.094  -3.174  26.575 0.3333329856
66755  58.996  -4.868  26.538 0.5555559993
66763  61.169  -5.126  25.186 0.2222220004
66765  58.846  -4.788  25.405 0.4444440007
66771  61.234  -4.878  24.135 0.2222220004
66773  57.752  -5.137  24.602 0.4444440007
66774  56.505  -4.622  24.427 0.4444440007
120836  55.708  -4.060  24.122 0.5555559993
67634  55.401  -3.960  23.851 0.5555559993
68457  56.076  -3.719  23.633 0.5555559993
118412  55.836  -4.303  22.933 0.5555559993
122454  55.940  -3.888  23.477 0.5555559993
67673  54.979  -4.264  23.597 0.5555559993
67674  53.868  -4.255  23.871 0.5555559993
66804  55.152  -4.947  22.823 0.5555559993
66805  54.271  -4.821  23.137 0.5555559993
66807  52.484  -5.112  23.224 0.4444440007
66806  53.229  -5.092  23.107 0.4444440007
65887  52.109  -6.129  22.549 0.4444440007
66808  51.552  -5.459  22.882 0.4444440007
65884  54.682  -5.944  22.574 0.4444440007
65885  53.780  -5.976  22.629 0.4444440007
65886  52.871  -6.083  22.620 0.4444440007
65900  54.303  -6.956  22.044 0.4444440007
68423  60.527  -3.015  26.776 0.3333329856
67615  60.083  -3.134  26.776 0.4444440007
67621  61.475  -4.078  24.847 0.3333329856
66754  59.635  -3.996  27.280 0.4444440007
67629  61.422  -3.788  23.791 0.2222220004
66764  59.435  -3.876  26.171 0.4444440007
67623  59.250  -3.792  25.254 0.4444440007
66791  61.406  -4.695  23.060 0.3333329856
67631  58.524  -4.161  24.727 0.4444440007
67632  57.222  -3.742  24.250 0.4444440007
131034  57.295  -3.295  23.921 0.4444440007
68444  56.738  -3.457  23.926 0.4444440007
67633  56.371  -3.810  24.139 0.5555559993
68469  56.961  -3.361  23.085 0.5555559993
67672  56.474  -3.734  22.959 0.5555559993
124031  55.997  -5.386  22.508 0.5555559993
66803  56.783  -4.660  22.536 0.5555559993
65883  55.427  -5.975  22.451 0.5555559993
65882  56.863  -5.947  22.221 0.5555559993
65897  57.704  -6.491  21.837 0.5555559993
65898  56.125  -6.589  22.100 0.5555559993
65899  55.217  -6.800  22.049 0.4444440007
64923  55.832  -7.328  21.426 0.5555559993
125283  56.564  -7.176  21.516 0.5555559993
68428  60.846  -2.703  26.449 0.3333329856
68435  60.557  -2.641  26.248 0.3333329856
68427  61.090  -2.595  26.009 0.3333329856
67622  59.929  -2.917  25.853 0.4444440007
68433  61.128  -2.614  25.193 0.3333329856
68440  60.669  -2.418  24.605 0.4444440007
67630  59.451  -2.877  24.714 0.4444440007
133629  61.316  -3.428  23.349 0.3333329856
68452  60.784  -2.655  23.603 0.4444440007
68442  59.351  -2.662  24.008 0.4444440007
68443  58.214  -3.096  23.981 0.4444440007
66790  61.425  -3.929  22.867 0.3333329856
68451  61.186  -3.272  23.000 0.4444440007
68453  59.979  -2.507  23.664 0.4444440007
131642  61.719  -5.027  21.486 0.3333329856
68466  60.495  -2.913  22.887 0.4444440007
68468  58.065  -3.051  22.789 0.4444440007
68454  58.697  -2.790  23.374 0.4444440007
67669  60.120  -3.510  22.235 0.4444440007
67690  59.290  -4.149  22.104 0.4444440007
67670  58.277  -3.782  22.409 0.4444440007
66802  57.679  -5.465  22.192 0.5555559993
64922  57.407  -7.226  21.196 0.4444440007
64921  58.596  -6.839  21.201 0.4444440007
66799  61.588  -4.731  22.112 0.3333329856
67667  61.346  -4.058  22.374 0.4444440007
67688  61.465  -4.533  21.738 0.3333329856
66817  61.863  -5.273  21.057 0.3333329856
66801  58.490  -4.905  22.141 0.4444440007
120023  59.428  -5.178  21.685 0.4444440007
115230  58.565  -5.902  21.765 0.4444440007
64937  58.186  -7.355  20.449 0.4444440007
115874  57.199  -7.525  20.228 0.4444440007
67689  60.923  -4.187  21.856 0.4444440007
66818  61.231  -4.799  21.311 0.4444440007
128324  60.311  -4.454  21.659 0.4444440007
66828  62.062  -5.757  20.482 0.3333329856
119236  61.423  -5.516  20.590 0.3333329856
66819  60.453  -5.253  21.105 0.4444440007
65896  59.488  -6.063  21.227 0.4444440007
65926  62.130  -6.511  19.544 0.2222220004
124556  62.332  -7.186  19.289 0.2222220004
65895  60.330  -6.047  20.576 0.4444440007
64936  59.025  -7.079  20.495 0.4444440007
64935  59.900  -6.825  20.059 0.4444440007
110933  61.014  -6.117  19.898 0.4444440007
64961  59.679  -7.099  19.121 0.4444440007
39674  8.960  -33.978  66.260 0.2222220004
38733  8.700  -34.204  67.200 0.2222220004
40550  10.024  -31.969  72.158 0.6666669846
35397  13.791  -39.088  72.147 0.1111110002
38672  12.542  -33.818  73.715 0.3333329856
38674  10.835  -33.467  72.747 0.5555559993
39604  10.936  -33.141  72.622 0.6666669846
116437  9.074  -33.081  71.555 0.4444440007
38699  8.744  -34.356  69.089 0.3333329856
37807  19.762  -34.841  71.287 0.2222220004
38666  14.435  -33.705  74.292 0.3333329856
39598  14.022  -33.527  74.162 0.5555559993
113359  12.225  -33.556  72.047 0.6666669846
39620  11.474  -33.364  71.091 0.5555559993
39621  8.597  -33.072  70.914 0.4444440007
39662  8.137  -33.643  67.858 0.2222220004
133277  7.841  -33.231  68.310 0.4444440007
39626  19.720  -33.538  70.723 0.4444440007
38670  16.337  -34.040  73.243 0.1111110002
128539  15.851  -33.763  73.612 0.2222220004
39622  8.381  -32.275  70.986 0.4444440007
38675  18.151  -33.820  72.166 0.2222220004
37800  16.754  -34.288  72.605 0.2222220004
38677  17.096  -34.059  72.685 0.3333329856
39641  22.354  -33.424  69.428 0.5555559993
114221  20.955  -33.915  67.553 0.4444440007
113110  19.288  -33.919  67.459 0.4444440007
39656  18.703  -33.813  68.252 0.5555559993
40587  21.520  -32.952  65.441 0.5555559993
39682  17.803  -33.894  65.152 0.6666669846
41527  8.995  -30.880  71.434 0.5555559993
42479  8.639  -30.465  70.896 0.4444440007
111403  16.383  -33.820  69.157 0.4444440007
39714  17.118  -33.536  62.798 0.6666669846
41592  17.777  -32.418  60.746 0.5555559993
120329  25.353  -31.419  65.735 0.6666669846
41559  24.103  -31.173  64.208 0.5555559993
41570  22.705  -31.096  63.718 0.6666669846
41578  23.869  -31.400  61.877 0.5555559993
42532  18.572  -30.960  59.037 0.4444440007
131549  23.389  -30.966  59.952 0.6666669846
42527  23.068  -30.764  59.560 0.6666669846
42553  20.837  -29.933  58.128 0.3333329856
43440  21.099  -29.625  57.222 0.4444440007
40657  25.110  -31.919  59.732 0.6666669846
39737  31.854  -33.435  60.939 0.6666669846
39747  32.375  -33.148  60.379 0.7777780294
40655  32.925  -32.823  59.656 0.6666669846
39738  30.902  -33.695  60.479 0.7777780294
39750  29.350  -34.016  59.416 0.7777780294
40628  26.352  -32.829  61.234 0.7777780294
132169  25.762  -32.391  58.659 0.7777780294
127342  30.997  -29.510  53.506 0.7777780294
42594  29.386  -30.624  54.918 0.7777780294
133466  24.885  -31.586  57.727 0.7777780294
131764  28.803  -30.386  54.449 0.6666669846
116656  29.725  -28.390  51.352 0.5555559993
43508  29.082  -29.232  52.735 0.5555559993
41611  35.274  -31.708  59.719 0.3333329856
132019  31.300  -29.168  53.006 0.8888890147
44489  28.717  -28.827  52.115 0.5555559993
44490  27.891  -28.739  52.034 0.5555559993
45491  28.002  -27.798  49.983 0.4444440007
133111  36.173  -31.779  57.223 0.4444440007
41671  32.789  -30.957  55.605 0.7777780294
43504  32.808  -28.809  52.991 0.7777780294
44485  32.389  -28.363  52.432 0.7777780294
116543  31.119  -27.718  50.837 0.8888890147
45469  32.726  -27.723  52.105 0.7777780294
42567  37.256  -30.710  55.528 0.5555559993
43469  34.624  -30.091  54.010 0.8888890147
45476  33.113  -26.955  51.780 0.8888890147
41632  38.228  -31.112  56.852 0.3333329856
45446  36.508  -27.187  54.266 0.7777780294
46487  34.864  -26.476  52.780 0.8888890147
44471  34.942  -28.718  53.622 0.7777780294
45459  34.625  -27.939  53.260 0.7777780294
46495  33.666  -26.444  51.881 0.8888890147
42557  38.372  -30.215  56.851 0.3333329856
44449  37.584  -28.570  55.842 0.4444440007
43457  37.343  -29.720  55.449 0.5555559993
44450  37.002  -28.721  55.093 0.6666669846
47503  34.451  -25.035  51.783 0.8888890147
48453  33.867  -24.735  51.166 0.8888890147
44433  38.373  -28.431  57.378 0.4444440007
45436  37.614  -27.540  55.828 0.6666669846
47494  35.897  -25.107  52.859 0.8888890147
46463  37.731  -26.728  55.670 0.6666669846
46475  36.933  -26.447  54.333 0.7777780294
119633  36.566  -25.116  53.351 0.7777780294
49355  36.069  -22.943  51.730 1.0000000000
127448  38.253  -25.520  55.650 0.3333329856
116407  38.731  -26.085  58.215 0.3333329856
122001  37.746  -22.655  53.540 0.5555559993
48374  38.765  -24.685  56.774 0.3333329856
52096  38.054  -20.830  52.663 0.8888890147
52070  38.789  -20.911  54.743 0.3333329856
111389  38.922  -20.712  53.962 0.4444440007
52082  39.706  -20.525  53.471 0.5555559993
111527  38.887  -20.689  53.033 0.7777780294
111284  39.438  -20.689  50.870 0.8888890147
52145  40.753  -21.157  48.335 0.8888890147
53158  44.568  -19.747  47.101 0.7777780294
52230  45.104  -19.953  43.642 0.7777780294
55879  38.562  -16.310  37.846 0.5555559993
56831  37.716  -15.460  36.489 0.3333329856
56832  36.739  -15.592  36.226 0.1111110002
53157  45.342  -19.453  47.350 0.5555559993
53156  45.889  -19.383  47.539 0.5555559993
53175  46.442  -19.906  46.659 0.6666669846
52174  47.291  -20.184  46.138 0.6666669846
129049  47.087  -19.762  44.066 0.4444440007
133531  43.825  -18.296  41.755 1.0000000000
55867  40.471  -16.311  38.778 0.7777780294
56816  38.969  -15.715  37.423 0.5555559993
54051  47.329  -19.041  48.655 0.5555559993
117647  49.320  -19.589  45.338 0.4444440007
53220  48.893  -19.069  44.439 0.4444440007
115284  47.070  -19.210  43.590 0.5555559993
121345  48.528  -18.556  44.147 0.3333329856
54948  45.494  -17.911  42.587 0.5555559993
55830  43.412  -17.063  41.027 1.0000000000
56813  41.400  -14.994  37.711 0.8888890147
57736  41.459  -14.281  37.141 0.8888890147
57735  42.560  -14.234  37.782 1.0000000000
56828  40.116  -15.078  37.158 0.5555559993
57750  40.038  -14.578  36.635 0.5555559993
58684  39.918  -13.997  36.060 0.4444440007
57759  38.468  -14.226  35.648 0.2222220004
57766  37.168  -13.751  34.851 0.2222220004
53190  48.534  -19.916  45.659 0.4444440007
54079  51.171  -17.729  43.776 0.1111110002
54080  50.225  -17.719  44.064 0.1111110002
126522  51.471  -18.025  43.043 0.1111110002
54088  50.788  -17.806  42.832 0.1111110002
54944  50.112  -17.612  42.840 0.1111110002
56797  43.224  -14.933  38.951 1.0000000000
58674  42.749  -13.569  37.555 1.0000000000
59678  41.161  -11.918  35.540 0.2222220004
54089  50.345  -17.905  42.101 0.1111110002
54953  49.635  -17.550  42.449 0.1111110002
54954  49.079  -17.411  41.703 0.1111110002
58616  46.012  -13.211  40.962 0.7777780294
115214  44.334  -14.407  39.801 0.8888890147
58672  43.996  -12.926  38.260 1.0000000000
54066  52.635  -18.726  45.229 0.2222220004
56742  48.397  -16.281  43.647 0.1111110002
56729  48.721  -15.942  44.549 0.1111110002
56754  47.985  -15.866  42.176 0.1111110002
55815  46.934  -16.423  44.347 0.3333329856
59581  47.499  -12.425  41.619 0.6666669846
60669  46.641  -11.394  39.183 0.8888890147
122256  48.360  -15.772  45.450 0.2222220004
61643  51.235  -10.849  43.762 0.2222220004
61650  52.850  -10.392  43.209 0.2222220004
111494  51.928  -10.301  42.399 0.2222220004
60633  50.425  -11.022  43.424 0.3333329856
61653  49.979  -10.783  42.335 0.5555559993
60642  49.291  -11.116  42.124 0.5555559993
60635  48.851  -11.631  42.523 0.5555559993
61662  52.160  -10.044  41.524 0.3333329856
112131  53.110  -10.098  42.273 0.3333329856
110756  49.993  -10.309  40.879 0.5555559993
61677  50.614  -10.087  40.801 0.3333329856
60644  47.880  -11.765  41.147 0.6666669846
62766  50.103  -10.064  40.326 0.5555559993
62785  51.016  -9.835  39.217 0.6666669846
57632  49.409  -14.878  46.296 0.2222220004
58567  49.082  -14.067  46.479 0.3333329856
58577  48.462  -13.491  45.056 0.5555559993
61642  51.910  -10.987  44.544 0.2222220004
61660  55.230  -10.022  42.182 0.2222220004
61675  54.198  -9.834  40.973 0.3333329856
61659  56.168  -10.283  41.968 0.3333329856
110685  53.160  -9.886  40.237 0.3333329856
111375  54.727  -9.957  40.283 0.4444440007
61744  47.385  -10.139  36.826 1.0000000000
61756  46.054  -10.137  35.850 1.0000000000
60752  47.323  -12.005  34.856 0.8888890147
60751  48.082  -12.155  35.136 0.8888890147
60753  46.120  -11.421  34.693 0.8888890147
60737  44.892  -10.557  34.917 0.8888890147
59695  45.404  -11.275  34.458 0.7777780294
60754  44.169  -10.634  34.710 0.6666669846
60755  43.677  -10.890  34.198 0.4444440007
61777  42.894  -10.802  34.189 0.4444440007
119793  45.605  -12.583  33.332 0.6666669846
60667  57.489  -10.275  39.813 0.3333329856
61706  56.543  -10.372  39.352 0.3333329856
61688  56.663  -10.088  40.193 0.3333329856
60750  48.945  -12.319  35.365 1.0000000000
59676  50.643  -12.595  35.641 1.0000000000
124613  49.140  -13.482  32.377 0.8888890147
58725  48.373  -13.490  32.221 0.7777780294
58726  47.753  -13.477  31.825 0.6666669846
111278  48.980  -13.518  30.795 0.3333329856
61708  53.818  -10.702  38.712 0.4444440007
124561  55.860  -11.368  37.960 0.5555559993
60684  56.966  -10.578  38.684 0.3333329856
112398  52.960  -12.496  36.498 0.8888890147
58710  51.320  -13.282  33.201 1.0000000000
60730  55.987  -11.856  35.879 0.7777780294
59659  54.394  -12.415  36.442 0.7777780294
59660  53.690  -12.449  36.619 0.7777780294
127033  53.206  -12.825  35.169 1.0000000000
59727  53.502  -12.755  31.624 0.7777780294
58763  49.547  -13.476  29.303 0.4444440007
61753  58.745  -9.964  36.095 0.5555559993
61754  57.745  -10.374  35.696 0.6666669846
60728  57.924  -10.482  36.596 0.3333329856
58761  51.797  -13.158  29.568 0.5555559993
60835  50.119  -12.110  26.779 0.2222220004
61774  57.652  -9.909  34.287 0.7777780294
123988  56.770  -10.685  34.077 0.7777780294
129514  55.161  -11.166  32.039 0.7777780294
59755  52.589  -12.835  29.408 0.5555559993
59782  51.341  -12.427  27.742 0.3333329856
59781  52.114  -12.298  27.933 0.4444440007
61859  51.616  -10.803  26.076 0.3333329856
61801  55.715  -10.540  31.495 0.6666669846
61825  55.463  -10.213  29.724 0.6666669846
60821  54.028  -11.051  28.007 0.6666669846
127379  54.418  -9.402  26.024 0.6666669846
117835  56.447  -9.257  29.894 0.6666669846
62883  54.939  -9.764  27.277 0.6666669846
63885  57.772  -7.940  30.071 0.5555559993
116222  50.736  -5.076  24.797 0.4444440007
63900  57.149  -7.986  28.088 0.6666669846
63909  56.508  -8.375  26.463 0.5555559993
63915  55.986  -8.330  25.590 0.5555559993
133569  61.559  -7.340  28.472 0.2222220004
65843  58.542  -5.841  26.910 0.5555559993
67610  60.754  -3.518  27.267 0.3333329856
66747  59.825  -4.340  28.115 0.4444440007
68439  61.177  -2.896  23.988 0.4444440007
68455  57.401  -3.136  23.431 0.4444440007
67671  57.304  -3.700  22.668 0.4444440007
68441  60.389  -2.470  25.315 0.3333329856
68467  59.375  -2.861  22.844 0.4444440007
116962  59.014  -3.320  22.494 0.4444440007
65915  59.452  -6.625  20.734 0.4444440007
65914  61.839  -5.978  19.957 0.2222220004
65928  60.534  -6.609  19.378 0.4444440007
40566  7.577  -31.675  69.691 0.3333329856
42482  7.778  -29.944  70.152 0.1111110002
40559  8.009  -30.612  70.579 0.2222220004
42481  8.319  -29.866  70.334 0.2222220004
42484  8.255  -29.167  70.049 0.1111110002
42483  8.983  -29.661  69.846 0.2222220004
42480  8.881  -30.097  70.545 0.2222220004
42486  9.306  -29.811  68.236 0.1111110002
41530  9.200  -30.602  70.798 0.3333329856
117289  9.875  -31.523  68.599 0.2222220004
41532  9.397  -30.564  69.733 0.2222220004
115130  10.075  -31.568  67.443 0.1111110002
41538  9.503  -30.686  68.409 0.1111110002
41546  9.797  -30.681  67.213 0.1111110002
41531  9.837  -31.320  69.900 0.4444440007
40564  10.339  -32.272  68.956 0.3333329856
40574  10.432  -32.388  67.804 0.3333329856
40582  10.652  -32.379  66.762 0.2222220004
40591  10.978  -32.362  65.846 0.1111110002
41545  10.410  -31.431  66.268 0.1111110002
42488  10.243  -30.332  66.269 0.1111110002
41553  11.229  -32.380  65.123 0.1111110002
41554  10.927  -31.639  65.292 0.1111110002
40602  11.565  -32.826  64.608 0.1111110002
42492  10.725  -30.729  65.447 0.1111110002
41575  11.727  -31.498  63.688 0.1111110002
41563  11.330  -31.831  64.434 0.1111110002
39661  11.541  -33.807  67.724 0.5555559993
40573  11.093  -33.113  67.229 0.4444440007
39673  11.641  -33.808  66.739 0.4444440007
40581  11.228  -33.135  66.260 0.1111110002
40601  11.994  -33.270  64.182 0.1111110002
41574  12.161  -31.668  63.101 0.1111110002
39649  11.516  -33.775  68.857 0.4444440007
39672  12.163  -34.363  67.263 0.5555559993
38743  13.028  -34.587  65.908 0.4444440007
132441  12.387  -34.295  65.762 0.4444440007
39697  11.912  -33.574  64.862 0.3333329856
38753  12.559  -34.209  65.106 0.4444440007
39695  13.115  -34.246  64.399 0.4444440007
39696  12.513  -33.822  64.263 0.3333329856
39708  13.269  -33.933  63.595 0.4444440007
39717  13.031  -33.277  62.902 0.1111110002
40624  12.453  -32.535  63.002 0.1111110002
40623  12.965  -32.508  62.394 0.1111110002
42507  12.713  -30.999  62.686 0.1111110002
38718  12.835  -34.689  67.802 0.5555559993
39660  12.101  -34.370  68.190 0.5555559993
38731  12.921  -34.680  66.895 0.5555559993
38742  14.032  -34.640  65.752 0.4444440007
38761  13.892  -34.373  64.179 0.4444440007
112459  13.788  -33.663  62.771 0.4444440007
39730  14.195  -33.221  62.076 0.3333329856
41594  13.702  -31.614  61.611 0.1111110002
40634  14.263  -32.420  61.464 0.1111110002
41605  14.843  -31.476  60.614 0.1111110002
38707  12.772  -34.630  68.696 0.4444440007
38717  13.635  -34.718  67.491 0.4444440007
38741  14.893  -34.542  65.685 0.4444440007
38716  14.441  -34.638  67.285 0.5555559993
38751  14.416  -34.544  64.922 0.4444440007
38750  15.302  -34.453  65.003 0.5555559993
39693  15.869  -34.240  64.465 0.5555559993
39694  14.954  -34.313  64.060 0.4444440007
130561  15.860  -34.034  63.641 0.4444440007
39716  14.578  -33.760  62.591 0.4444440007
40633  15.666  -32.868  61.184 0.3333329856
129045  15.256  -33.620  62.296 0.4444440007
131584  14.770  -33.461  62.142 0.4444440007
40632  16.412  -32.902  61.220 0.3333329856
40648  15.079  -32.305  60.898 0.3333329856
41602  17.414  -32.048  60.000 0.4444440007
41603  16.503  -32.010  59.955 0.3333329856
41604  15.592  -31.685  60.197 0.2222220004
41614  17.041  -31.513  59.332 0.3333329856
41615  16.168  -31.267  59.520 0.2222220004
42533  17.641  -30.970  58.831 0.3333329856
125464  16.697  -30.603  58.934 0.3333329856
42534  15.788  -30.302  59.431 0.1111110002
126108  14.260  -34.603  68.035 0.4444440007
38706  13.593  -34.674  68.382 0.4444440007
38740  15.577  -34.420  65.689 0.5555559993
39684  16.085  -34.296  65.263 0.5555559993
39715  16.110  -33.714  62.701 0.5555559993
40622  16.737  -33.214  62.011 0.5555559993
40646  16.901  -32.558  60.556 0.4444440007
41613  17.972  -31.543  59.457 0.3333329856
42546  17.325  -30.159  58.399 0.3333329856
132086  16.758  -29.997  58.641 0.2222220004
43426  16.276  -29.718  58.933 0.2222220004
43436  16.712  -29.413  58.418 0.2222220004
43435  17.948  -29.793  57.874 0.2222220004
124584  17.284  -29.516  58.015 0.2222220004
44427  16.884  -28.976  57.937 0.2222220004
43434  18.817  -29.985  57.865 0.3333329856
42545  18.237  -30.486  58.350 0.3333329856
43442  18.478  -29.203  57.358 0.2222220004
43443  17.513  -28.937  57.596 0.1111110002
43510  27.325  -29.116  52.580 0.4444440007
43490  26.782  -29.513  53.009 0.3333329856
43453  19.218  -28.965  56.860 0.2222220004
44438  17.906  -28.489  57.201 0.1111110002
44491  27.043  -28.602  51.910 0.4444440007
43511  26.446  -29.028  52.442 0.3333329856
44511  26.789  -28.138  51.168 0.3333329856
113572  26.168  -28.466  51.746 0.3333329856
44492  25.538  -28.871  52.308 0.3333329856
44510  27.635  -28.324  51.338 0.3333329856
44532  25.927  -27.923  51.040 0.3333329856
44512  25.300  -28.239  51.592 0.2222220004
44530  27.405  -27.978  50.565 0.3333329856
45493  25.512  -27.529  50.307 0.3333329856
41676  27.379  -31.734  55.350 0.5555559993
40704  26.964  -32.195  55.829 0.5555559993
41689  26.904  -31.335  54.840 0.5555559993
42596  27.251  -30.807  54.397 0.4444440007
41690  26.013  -31.455  54.980 0.4444440007
42618  27.461  -30.316  53.951 0.4444440007
42597  26.443  -30.831  54.272 0.4444440007
42598  25.644  -30.902  54.407 0.4444440007
42619  26.686  -30.157  53.611 0.3333329856
43491  25.872  -29.616  53.059 0.3333329856
42620  25.768  -30.365  53.817 0.3333329856
43441  19.394  -29.546  57.382 0.2222220004
129528  25.039  -29.898  53.536 0.3333329856
125414  24.926  -29.258  52.872 0.3333329856
44493  24.582  -28.530  52.198 0.2222220004
45492  27.249  -27.742  49.855 0.3333329856
44531  26.494  -27.780  50.221 0.3333329856
45508  27.604  -27.386  49.296 0.3333329856
45510  25.840  -27.274  49.484 0.2222220004
46518  27.055  -26.990  48.637 0.3333329856
45509  26.736  -27.400  49.355 0.2222220004
46520  25.331  -26.480  48.914 0.2222220004
114180  26.956  -32.916  57.029 0.6666669846
40682  26.085  -32.525  57.215 0.5555559993
40693  27.341  -32.660  56.410 0.6666669846
41677  26.673  -31.782  55.330 0.4444440007
40695  25.753  -32.003  56.416 0.4444440007
125996  24.992  -31.500  56.406 0.4444440007
41656  26.215  -31.947  55.762 0.4444440007
42575  25.092  -31.003  55.001 0.4444440007
41678  24.782  -31.168  55.760 0.4444440007
42621  25.019  -30.504  54.211 0.4444440007
42559  24.327  -30.677  55.404 0.2222220004
131304  24.486  -30.509  54.680 0.2222220004
42599  24.288  -29.903  54.075 0.2222220004
42600  23.895  -30.061  54.913 0.2222220004
132158  24.430  -29.480  53.379 0.2222220004
43452  20.548  -29.269  56.659 0.2222220004
113275  19.865  -29.266  56.885 0.2222220004
43512  24.189  -28.894  52.979 0.2222220004
112696  23.830  -29.225  53.608 0.2222220004
43513  23.488  -28.654  53.199 0.2222220004
110658  26.165  -32.755  58.114 0.6666669846
41640  25.283  -31.856  57.144 0.6666669846
41658  24.619  -31.321  57.151 0.6666669846
42560  24.200  -30.810  56.457 0.3333329856
126627  24.107  -30.896  57.341 0.4444440007
113653  23.374  -30.217  56.659 0.3333329856
116728  23.659  -30.191  55.785 0.3333329856
42576  23.202  -29.584  55.231 0.2222220004
43461  20.826  -28.890  55.942 0.2222220004
44453  19.490  -28.072  55.721 0.2222220004
43470  23.439  -29.380  54.348 0.2222220004
43471  22.737  -29.035  54.768 0.1111110002
44452  20.325  -28.382  55.436 0.2222220004
43492  23.287  -28.896  53.773 0.2222220004
43493  22.928  -28.825  54.165 0.2222220004
44462  22.314  -28.551  54.297 0.1111110002
44474  22.759  -28.406  53.549 0.2222220004
110867  23.673  -30.574  57.194 0.4444440007
42551  23.030  -30.251  57.514 0.3333329856
42577  22.972  -29.681  56.091 0.2222220004
42561  22.650  -29.840  56.860 0.3333329856
134022  22.351  -29.947  57.460 0.3333329856
43450  22.181  -29.417  56.296 0.3333329856
43451  21.365  -29.298  56.477 0.2222220004
43460  21.668  -29.007  55.748 0.1111110002
43459  22.468  -29.226  55.526 0.1111110002
43472  22.004  -28.736  55.033 0.1111110002
44464  20.725  -28.029  54.748 0.2222220004
44463  21.543  -28.266  54.522 0.1111110002
44475  21.921  -28.002  53.775 0.2222220004
51154  33.682  -20.860  48.713 0.5555559993
120667  33.594  -21.738  49.046 0.7777780294
52151  33.788  -19.925  48.459 0.5555559993
50248  32.958  -22.265  48.794 0.4444440007
51155  33.070  -21.502  48.476 0.5555559993
52152  33.150  -20.666  48.127 0.4444440007
52167  32.577  -20.470  47.480 0.3333329856
52137  34.198  -20.176  48.995 0.6666669846
53146  33.950  -19.088  48.094 0.4444440007
52166  33.262  -19.713  47.811 0.5555559993
54055  34.093  -18.611  47.511 0.3333329856
53163  33.447  -18.822  47.426 0.3333329856
123342  32.675  -19.471  47.209 0.2222220004
53164  32.872  -18.484  46.871 0.3333329856
52150  34.561  -19.474  48.752 0.5555559993
53162  34.601  -18.833  48.077 0.5555559993
54059  33.636  -18.209  46.828 0.3333329856
53145  35.292  -19.198  48.545 0.6666669846
54054  34.634  -18.598  47.464 0.4444440007
54058  34.362  -18.333  46.957 0.2222220004
54068  33.496  -17.857  46.212 0.2222220004
53161  35.137  -18.782  47.724 0.5555559993
53179  35.026  -18.588  46.951 0.5555559993
113214  35.844  -19.244  47.806 0.6666669846
53160  36.381  -19.642  47.020 0.6666669846
122332  35.674  -19.110  46.964 0.5555559993
53196  35.417  -18.990  46.074 0.3333329856
131763  36.687  -19.818  48.281 0.7777780294
127789  36.585  -19.734  47.766 0.6666669846
53178  36.212  -19.587  46.215 0.5555559993
52182  36.795  -20.041  46.402 0.6666669846
52203  35.978  -19.836  45.368 0.3333329856
52202  36.765  -20.217  45.646 0.5555559993
127060  36.663  -20.508  44.518 0.4444440007
52220  34.984  -19.758  44.276 0.3333329856
131017  36.084  -20.443  44.051 0.3333329856
52237  35.606  -20.281  43.660 0.2222220004
55857  40.069  -16.907  39.221 0.7777780294
54969  40.075  -17.928  40.210 0.7777780294
54981  39.693  -17.546  39.635 0.7777780294
54996  38.549  -17.325  38.829 0.7777780294
54129  37.316  -18.186  39.150 0.4444440007
54998  36.787  -17.723  38.392 0.3333329856
55010  36.314  -17.301  37.705 0.2222220004
52236  36.408  -20.475  43.593 0.3333329856
118669  37.090  -20.589  43.671 0.6666669846
52254  35.218  -20.147  42.908 0.3333329856
53244  38.020  -19.892  42.089 0.7777780294
122809  36.337  -19.770  41.746 0.5555559993
53261  35.524  -19.661  41.538 0.2222220004
54980  40.453  -17.329  39.784 0.8888890147
54103  39.006  -18.934  40.780 0.6666669846
53270  38.209  -19.275  40.926 0.5555559993
53272  36.786  -19.214  40.499 0.5555559993
115427  36.165  -19.436  40.995 0.2222220004
54982  38.853  -17.830  39.500 0.6666669846
54113  39.357  -18.198  40.120 0.6666669846
54114  38.149  -18.856  40.365 0.6666669846
54115  37.328  -18.804  39.961 0.5555559993
115373  36.702  -18.602  39.459 0.2222220004
52253  36.050  -20.319  42.926 0.6666669846
52252  37.605  -20.210  42.604 0.7777780294
125309  36.434  -20.116  42.372 0.4444440007
124191  44.618  -12.142  33.291 0.4444440007
60781  42.177  -11.389  32.437 0.2222220004
114220  45.118  -12.659  32.699 0.5555559993
59720  44.427  -12.511  32.308 0.3333329856
60790  41.728  -11.129  31.638 0.2222220004
60806  42.040  -11.187  30.949 0.2222220004
59730  44.451  -12.655  31.308 0.3333329856
60789  42.462  -11.508  31.417 0.2222220004
61818  41.500  -10.652  30.975 0.2222220004
63880  41.099  -8.786  30.599 0.1111110002
66683  43.445  -5.226  34.199 0.1111110002
65790  42.288  -5.921  32.248 0.1111110002
115478  47.029  -13.391  32.031 0.5555559993
58739  45.838  -13.192  31.599 0.4444440007
60805  42.694  -11.308  30.617 0.2222220004
64845  41.416  -8.028  30.654 0.1111110002
66682  44.945  -4.853  34.797 0.1111110002
66710  43.543  -5.699  32.851 0.1111110002
131282  43.507  -6.477  31.906 0.1111110002
64827  42.443  -7.107  31.085 0.1111110002
58737  47.389  -13.468  31.096 0.4444440007
59745  43.909  -12.303  30.802 0.2222220004
61816  43.061  -10.846  30.016 0.2222220004
63879  41.983  -8.774  30.340 0.1111110002
63878  42.901  -8.457  30.259 0.1111110002
132715  45.941  -13.278  29.999 0.2222220004
59744  44.547  -12.508  30.178 0.2222220004
60815  43.729  -11.170  29.756 0.2222220004
62870  43.755  -9.926  29.650 0.1111110002
63889  43.345  -9.240  29.897 0.1111110002
58765  47.180  -13.421  29.211 0.2222220004
59758  45.266  -12.465  29.283 0.2222220004
61829  44.277  -10.638  29.428 0.2222220004
58775  46.770  -13.140  28.673 0.2222220004
59757  46.023  -12.839  28.902 0.2222220004
59759  44.529  -11.624  29.419 0.2222220004
41528  8.551  -30.984  71.224 0.4444440007
39648  12.139  -34.334  68.991 0.5555559993
114209  10.885  -32.932  69.437 0.4444440007
42562  21.901  -29.647  57.027 0.3333329856
124394  36.911  -20.368  42.911 0.6666669846
58716  46.253  -13.074  32.995 0.5555559993
58727  46.365  -13.281  32.011 0.5555559993
58752  47.272  -13.483  30.045 0.2222220004
58764  48.658  -13.486  28.961 0.2222220004
59770  50.029  -13.075  27.951 0.2222220004
43391  7.811  -29.183  69.983 0.1111110002
40563  10.987  -33.072  68.281 0.4444440007
40590  11.413  -33.069  65.395 0.1111110002
40613  11.840  -32.488  63.737 0.1111110002
41564  11.102  -31.051  64.796 0.1111110002
129382  12.277  -34.334  66.366 0.5555559993
119622  11.850  -33.832  65.757 0.4444440007
39709  12.451  -33.306  63.571 0.1111110002
38752  13.490  -34.503  65.018 0.4444440007
41585  12.592  -31.840  62.576 0.1111110002
124168  13.490  -33.121  62.364 0.2222220004
41584  13.063  -31.653  62.094 0.1111110002
38730  13.780  -34.704  66.622 0.5555559993
38729  14.631  -34.605  66.455 0.5555559993
39707  14.256  -34.115  63.329 0.4444440007
40635  13.556  -32.455  61.905 0.2222220004
41593  14.324  -31.583  61.102 0.1111110002
42515  14.471  -30.673  60.979 0.1111110002
39706  15.164  -34.000  63.068 0.4444440007
40647  16.006  -32.491  60.573 0.3333329856
39728  15.870  -33.304  61.800 0.4444440007
39729  14.996  -33.110  61.625 0.3333329856
41616  15.540  -30.966  59.820 0.1111110002
44428  16.577  -28.478  58.417 0.1111110002
117999  16.924  -28.383  57.874 0.1111110002
44444  18.507  -28.420  56.818 0.2222220004
130968  26.946  -30.541  54.043 0.4444440007
41657  25.434  -31.600  55.675 0.4444440007
44443  19.909  -28.802  56.216 0.2222220004
44451  21.174  -28.556  55.228 0.2222220004
45460  22.345  -27.647  52.953 0.2222220004
52219  35.701  -20.120  44.522 0.2222220004
52238  34.829  -19.932  43.580 0.2222220004
54995  39.318  -17.141  39.033 0.6666669846
54983  38.134  -17.846  39.154 0.4444440007
54128  38.094  -18.341  39.700 0.5555559993
53259  37.747  -19.559  41.417 0.5555559993
53260  36.965  -19.512  41.243 0.5555559993
53245  37.148  -19.914  42.055 0.6666669846
53246  35.745  -20.021  42.264 0.3333329856
131818  38.697  -18.436  40.093 0.6666669846
53271  37.547  -19.246  40.712 0.5555559993
53284  36.028  -19.137  40.238 0.2222220004
54116  36.569  -18.923  39.917 0.3333329856
54130  35.911  -18.755  39.426 0.1111110002
59712  43.658  -11.969  32.772 0.3333329856
60780  42.987  -11.867  32.015 0.2222220004
111792  42.857  -11.572  32.841 0.3333329856
58728  45.838  -13.032  32.461 0.5555559993
59721  43.733  -12.292  31.687 0.2222220004
59719  45.144  -12.899  31.907 0.4444440007
60788  43.232  -11.879  30.962 0.2222220004
61817  42.269  -10.585  30.362 0.2222220004
111767  41.716  -10.122  30.497 0.2222220004
120734  41.240  -10.065  30.729 0.2222220004
62858  41.482  -9.507  30.491 0.1111110002
64846  40.674  -8.119  30.914 0.1111110002
120790  44.053  -5.052  34.894 0.1111110002
66699  43.231  -5.428  33.441 0.1111110002
66712  41.653  -5.710  32.621 0.1111110002
66711  42.616  -5.591  32.900 0.1111110002
65789  43.053  -6.100  32.184 0.1111110002
65800  42.364  -6.390  31.713 0.1111110002
58738  46.535  -13.359  31.346 0.4444440007
59729  45.168  -13.020  30.964 0.4444440007
130906  43.286  -11.441  30.241 0.2222220004
65816  41.709  -7.384  30.908 0.1111110002
64844  42.204  -7.878  30.570 0.1111110002
67563  45.386  -4.716  35.362 0.1111110002
116087  44.434  -5.129  34.163 0.1111110002
119502  43.972  -5.396  33.503 0.1111110002
120855  43.104  -6.677  31.568 0.1111110002
65801  41.559  -6.673  31.412 0.1111110002
64826  43.337  -7.299  31.080 0.1111110002
58753  46.575  -13.404  30.460 0.2222220004
126852  45.889  -13.271  30.741 0.2222220004
60804  43.824  -11.866  30.143 0.2222220004
61831  42.941  -10.006  29.855 0.2222220004
61830  43.544  -10.516  29.717 0.2222220004
62857  42.181  -9.696  30.229 0.2222220004
62871  42.665  -9.231  30.065 0.1111110002
58754  45.350  -13.028  30.051 0.2222220004
126692  45.749  -13.029  29.494 0.2222220004
58766  46.435  -13.303  29.478 0.2222220004
111603  47.962  -13.502  29.518 0.2222220004
112347  47.724  -13.341  28.551 0.2222220004
126046  45.270  -11.790  28.899 0.2222220004
37866  30.132  -35.307  62.890 0.4444440007
37854  30.456  -36.370  63.032 0.4444440007
114405  31.935  -34.895  61.696 0.3333329856
38763  30.379  -34.767  62.314 0.4444440007
37028  30.774  -37.152  64.014 0.3333329856
37015  30.514  -36.896  64.828 0.2222220004
39724  31.371  -33.774  61.316 0.6666669846
125041  30.996  -34.050  61.630 0.6666669846
40641  33.873  -32.749  61.359 0.4444440007
38745  29.869  -35.347  64.637 0.4444440007
38764  29.883  -34.258  62.689 0.4444440007
37855  30.134  -36.028  63.914 0.3333329856
38775  30.394  -34.015  61.956 0.4444440007
36241  29.808  -37.786  64.872 0.2222220004
38755  29.669  -34.759  63.600 0.5555559993
38756  29.169  -33.992  63.628 0.5555559993
133886  29.960  -33.727  61.409 0.5555559993
38765  29.189  -33.781  62.683 0.5555559993
110915  29.171  -33.690  61.092 0.5555559993
122461  28.178  -32.455  67.531 0.3333329856
41534  26.979  -31.969  68.235 0.3333329856
40560  25.697  -32.760  69.336 0.3333329856
38691  24.234  -33.617  69.727 0.3333329856
38692  23.446  -33.693  69.920 0.3333329856
38693  22.908  -33.994  70.357 0.3333329856
38694  22.038  -33.976  70.572 0.3333329856
39688  28.309  -33.475  65.026 0.4444440007
39677  28.670  -32.927  66.654 0.3333329856
40585  27.718  -32.186  66.349 0.3333329856
40577  27.274  -31.865  67.191 0.3333329856
112988  28.931  -33.945  64.522 0.4444440007
40605  27.320  -32.831  64.360 0.4444440007
40595  26.858  -32.189  65.072 0.4444440007
39711  28.558  -33.634  63.075 0.5555559993
39700  28.376  -33.627  63.828 0.5555559993
39701  27.716  -33.248  63.841 0.5555559993
38777  28.321  -33.507  62.270 0.6666669846
39712  27.737  -33.352  62.920 0.5555559993
40569  26.429  -32.375  68.922 0.3333329856
40570  25.500  -32.218  68.645 0.3333329856
40561  24.750  -32.639  69.063 0.3333329856
39639  24.100  -33.199  69.588 0.3333329856
39640  23.293  -33.308  69.652 0.3333329856
39623  22.706  -33.685  70.221 0.3333329856
41540  26.490  -31.737  67.320 0.3333329856
129621  24.793  -32.120  68.193 0.3333329856
40562  23.825  -32.889  68.938 0.3333329856
40594  27.751  -32.741  65.438 0.4444440007
41548  26.315  -31.632  66.380 0.4444440007
41541  25.714  -31.600  66.866 0.3333329856
40571  24.146  -32.407  68.031 0.3333329856
40572  23.362  -32.810  67.693 0.4444440007
113109  37.799  -32.093  59.319 0.2222220004
132381  26.899  -31.823  66.055 0.5555559993
39652  23.014  -33.156  68.691 0.3333329856
112096  28.158  -33.610  61.276 0.6666669846
39702  27.055  -32.898  63.306 0.6666669846
40606  26.475  -32.422  63.825 0.5555559993
40596  25.890  -31.872  64.363 0.6666669846
133330  25.386  -31.496  64.848 0.6666669846
39726  27.541  -33.289  61.894 0.6666669846
39713  26.938  -32.956  62.376 0.6666669846
41558  24.698  -31.304  64.866 0.5555559993
114507  27.291  -33.395  61.059 0.6666669846
39727  26.840  -33.045  61.569 0.6666669846
41567  24.956  -31.559  63.954 0.6666669846
40616  26.275  -32.571  62.790 0.6666669846
40617  25.427  -32.276  62.184 0.6666669846
41568  24.188  -31.355  63.319 0.6666669846
41569  23.447  -31.109  63.599 0.5555559993
113073  23.590  -31.211  62.727 0.5555559993
43430  40.372  -28.815  58.971 0.1111110002
42539  39.296  -30.455  58.790 0.2222220004
112721  38.991  -29.922  58.279 0.2222220004
42550  38.711  -30.658  57.782 0.3333329856
44420  39.763  -27.840  59.090 0.1111110002
122788  39.168  -28.707  58.724 0.1111110002
126833  40.323  -26.952  59.178 0.1111110002
45391  39.480  -26.977  59.213 0.1111110002
120177  39.572  -28.749  58.988 0.1111110002
45402  39.171  -27.282  59.102 0.2222220004
44421  39.130  -28.051  58.909 0.2222220004
44422  38.781  -28.225  58.290 0.2222220004
45403  38.793  -27.470  58.541 0.2222220004
45414  38.367  -27.639  57.594 0.2222220004
47418  39.058  -25.296  58.543 0.2222220004
46426  38.914  -26.736  58.826 0.2222220004
52056  38.854  -21.168  55.351 0.3333329856
52107  42.403  -20.668  51.509 0.6666669846
52120  43.384  -20.783  50.497 0.5555559993
52122  41.338  -20.880  50.514 0.7777780294
112445  41.765  -21.030  49.779 0.6666669846
53213  35.228  -19.357  45.104 0.1111110002
55869  38.142  -16.882  38.261 0.5555559993
55880  36.759  -16.667  37.332 0.2222220004
58703  37.789  -13.222  34.682 0.2222220004
59680  39.365  -12.708  34.961 0.2222220004
127375  38.733  -11.431  34.029 0.1111110002
60758  39.527  -11.356  34.194 0.1111110002
55868  38.943  -16.703  38.459 0.5555559993
59681  38.576  -12.833  34.697 0.2222220004
60741  40.868  -11.440  34.887 0.2222220004
38774  31.658  -34.141  61.601 0.5555559993
40681  26.705  -32.995  57.662 0.5555559993
40694  26.529  -32.466  56.401 0.5555559993
54997  37.723  -17.512  38.631 0.4444440007
55009  37.266  -17.095  37.999 0.3333329856
118630  31.017  -34.747  61.898 0.5555559993
36245  30.844  -37.788  63.716 0.2222220004
36240  30.530  -37.551  64.611 0.2222220004
39725  30.593  -33.791  61.306 0.6666669846
38776  29.621  -33.715  61.976 0.5555559993
37016  30.239  -37.086  65.550 0.3333329856
38746  29.461  -34.579  64.596 0.5555559993
133627  29.523  -34.126  63.150 0.5555559993
128826  28.890  -33.602  61.857 0.5555559993
39638  24.926  -33.161  69.512 0.3333329856
41557  26.107  -31.678  65.376 0.5555559993
43432  39.410  -29.531  58.816 0.1111110002
52121  42.330  -20.891  50.594 0.6666669846
60742  39.897  -11.873  34.690 0.1111110002
59696  38.886  -12.083  34.423 0.1111110002
111971  37.917  -11.792  34.110 0.1111110002
38720  8.607  -34.283  68.164 0.2222220004
49386  32.408  -23.526  48.835 0.4444440007
121149  32.589  -22.008  48.239 0.2222220004
50257  31.967  -22.109  47.668 0.2222220004
50250  31.797  -22.927  47.829 0.2222220004
48503  31.489  -24.135  48.189 0.2222220004
51162  32.559  -21.349  47.851 0.2222220004
51163  31.914  -21.150  47.220 0.2222220004
50258  31.269  -22.664  47.302 0.2222220004
39687  29.321  -34.177  65.455 0.3333329856
52108  41.001  -20.751  51.279 0.6666669846
64963  57.443  -7.321  18.643 0.3333329856
65901  53.340  -7.005  21.946 0.3333329856
65903  51.495  -6.439  21.981 0.3333329856
115873  56.411  -7.581  20.029 0.3333329856
64940  54.718  -7.545  20.418 0.2222220004
64925  53.932  -7.469  20.995 0.2222220004
64950  56.868  -7.489  19.373 0.3333329856
64951  55.902  -7.436  19.358 0.2222220004
64952  55.019  -7.452  19.632 0.3333329856
64953  54.160  -7.396  19.841 0.2222220004
66820  50.893  -6.029  22.175 0.3333329856
65946  55.138  -6.740  18.285 0.2222220004
65930  54.555  -7.052  18.974 0.2222220004
37810  17.228  -34.548  71.908 0.1111110002
113954  30.971  -24.835  48.127 0.3333329856
49387  31.910  -23.495  48.259 0.3333329856
64924  54.926  -7.434  21.261 0.2222220004
64938  56.507  -7.506  20.823 0.2222220004
40575  7.680  -32.923  67.700 0.2222220004
50249  32.371  -22.755  48.376 0.3333329856
53214  34.496  -18.975  44.773 0.1111110002
111062  34.904  -19.884  42.164 0.2222220004
49394  31.359  -23.442  47.700 0.2222220004
121527  41.651  -20.642  51.874 0.6666669846
113873  34.035  -19.680  42.042 0.1111110002
64965  55.742  -7.139  18.605 0.3333329856
64939  55.609  -7.574  20.416 0.3333329856
113189  40.335  -30.774  59.047 0.1111110002
41620  39.738  -31.119  59.155 0.1111110002
46531  30.083  -26.434  48.635 0.3333329856
131428  30.732  -25.363  48.275 0.2222220004
52093  41.524  -20.413  52.814 0.3333329856
114598  40.774  -20.600  52.184 0.5555559993
52106  43.221  -20.352  51.946 0.5555559993
113896  43.068  -20.678  51.181 0.4444440007
52105  43.950  -20.190  51.398 0.4444440007
52119  44.284  -20.327  50.445 0.4444440007
52132  42.770  -21.042  49.727 0.4444440007
39735  33.333  -33.066  61.529 0.4444440007
47542  30.499  -25.823  48.429 0.3333329856
111343  38.946  -31.158  58.655 0.2222220004
53152  51.388  -19.644  47.848 0.1111110002
42538  39.950  -30.238  59.137 0.1111110002
41631  41.030  -31.751  58.048 0.1111110002
41619  40.306  -31.590  58.889 0.1111110002
40659  40.392  -32.386  58.375 0.1111110002
52092  42.517  -20.331  52.534 0.4444440007
120307  11.579  -41.129  68.986 0.1111110002
33902  11.057  -40.510  68.532 0.1111110002
33900  11.798  -40.656  69.521 0.1111110002
34632  10.557  -39.768  67.999 0.1111110002
33903  10.516  -40.592  67.670 0.1111110002
118308  10.173  -40.077  67.292 0.1111110002
35405  10.755  -38.906  68.585 0.1111110002
120896  11.396  -39.132  69.559 0.1111110002
124495  10.374  -39.024  67.760 0.1111110002
35409  10.129  -38.653  67.083 0.1111110002
34634  10.112  -39.477  67.226 0.1111110002
35414  9.361  -39.022  65.858 0.1111110002
36229  10.551  -37.454  68.212 0.1111110002
36232  10.364  -37.697  67.373 0.1111110002
37002  10.284  -36.308  67.109 0.1111110002
40583  7.743  -32.784  66.657 0.1111110002
114463  10.050  -37.413  66.018 0.1111110002
37831  9.639  -35.267  67.819 0.1111110002
39685  9.300  -33.776  65.315 0.1111110002
39686  8.385  -33.203  65.854 0.1111110002
37014  10.078  -36.766  65.469 0.1111110002
40592  7.777  -32.421  65.859 0.1111110002
40576  7.374  -31.861  68.370 0.2222220004
41539  7.265  -31.590  67.351 0.2222220004
40584  7.395  -32.078  66.544 0.1111110002
37837  9.975  -35.527  66.993 0.1111110002
121363  9.510  -37.732  65.158 0.1111110002
117645  9.874  -36.134  64.137 0.1111110002
38754  9.888  -34.456  64.657 0.1111110002
130460  8.569  -37.435  62.975 0.1111110002
37863  9.361  -35.982  63.233 0.1111110002
38762  9.862  -34.426  63.810 0.1111110002
129286  7.168  -30.873  67.385 0.1111110002
41547  7.203  -31.268  66.485 0.1111110002
120544  10.138  -36.191  64.949 0.1111110002
35417  8.791  -38.421  63.937 0.1111110002
37038  9.140  -36.976  63.615 0.1111110002
36259  8.283  -37.592  62.213 0.1111110002
42487  7.071  -30.091  68.078 0.1111110002
42490  7.052  -30.394  66.890 0.1111110002
44413  16.235  -28.755  59.044 0.1111110002
46517  29.482  -26.910  48.901 0.2222220004
47543  29.870  -26.026  48.015 0.1111110002
46532  29.474  -26.490  48.316 0.1111110002
48519  30.854  -24.042  47.607 0.1111110002
47555  30.288  -25.308  47.825 0.1111110002
115504  29.756  -24.789  47.159 0.1111110002
117437  28.737  -25.786  47.168 0.1111110002
45520  28.719  -26.734  48.332 0.1111110002
130040  28.075  -26.670  48.074 0.2222220004
37053  32.100  -37.252  61.608 0.2222220004
37040  31.487  -37.134  62.105 0.2222220004
37864  31.438  -36.051  61.744 0.2222220004
39723  32.233  -33.691  61.437 0.2222220004
49396  30.027  -23.909  46.987 0.1111110002
45521  27.922  -26.961  48.594 0.2222220004
46547  27.471  -26.077  47.233 0.1111110002
45448  21.160  -27.638  54.105 0.1111110002
45449  20.413  -27.295  54.423 0.1111110002
45461  21.557  -27.246  53.410 0.1111110002
46482  20.889  -26.822  53.848 0.1111110002
46476  20.328  -26.410  54.351 0.1111110002
37865  30.677  -35.982  62.238 0.2222220004
49395  30.670  -23.237  47.124 0.1111110002
51164  31.204  -21.775  46.953 0.1111110002
46548  26.762  -26.097  47.424 0.1111110002
46534  26.501  -26.520  48.070 0.1111110002
44495  23.114  -28.105  52.791 0.1111110002
121453  30.444  -20.549  46.540 0.1111110002
46535  25.849  -26.370  48.325 0.1111110002
45479  25.186  -27.739  50.974 0.1111110002
44514  23.990  -28.018  51.955 0.1111110002
47545  25.459  -25.896  48.381 0.1111110002
46506  24.987  -26.924  49.746 0.1111110002
45480  23.704  -27.493  51.548 0.1111110002
112704  23.437  -27.819  52.181 0.1111110002
131377  22.904  -27.591  52.410 0.1111110002
50242  27.569  -21.917  50.135 0.1111110002
51170  31.160  -20.830  46.716 0.1111110002
50244  26.435  -22.759  48.784 0.1111110002
48505  25.418  -25.130  48.263 0.1111110002
47534  24.955  -25.526  48.845 0.1111110002
45495  23.972  -27.093  50.842 0.1111110002
53165  32.023  -19.135  46.725 0.1111110002
49379  26.146  -23.151  49.410 0.1111110002
49380  25.494  -23.812  49.167 0.1111110002
48489  24.513  -25.081  49.528 0.1111110002
47518  24.025  -25.620  50.078 0.1111110002
46508  23.622  -26.235  50.632 0.1111110002
53181  31.372  -18.613  46.398 0.1111110002
53180  32.256  -18.286  46.475 0.1111110002
54062  30.704  -18.003  46.256 0.1111110002
54060  32.809  -17.914  46.305 0.1111110002
52069  39.493  -20.518  54.806 0.3333329856
52068  40.306  -20.201  54.737 0.1111110002
118958  39.731  -20.440  54.195 0.3333329856
52081  40.454  -20.295  53.959 0.1111110002
52080  41.347  -20.174  53.727 0.1111110002
52094  40.597  -20.453  53.107 0.1111110002
52079  42.275  -19.995  53.539 0.2222220004
53109  43.203  -19.790  53.461 0.2222220004
52091  43.377  -19.966  52.716 0.2222220004
57647  49.556  -14.975  45.794 0.1111110002
53117  44.784  -19.523  52.146 0.2222220004
116980  44.908  -19.661  51.148 0.3333329856
53116  45.475  -19.636  51.631 0.3333329856
53115  46.147  -19.888  51.177 0.1111110002
53123  49.087  -19.296  49.714 0.1111110002
52118  47.728  -19.814  50.425 0.1111110002
53114  46.937  -19.811  50.747 0.3333329856
53125  46.768  -19.401  50.311 0.2222220004
53127  45.059  -19.620  50.191 0.3333329856
54037  45.682  -19.292  49.695 0.3333329856
58576  50.075  -14.205  46.307 0.1111110002
53124  47.581  -19.214  50.097 0.3333329856
131032  50.122  -13.356  46.518 0.1111110002
59533  50.465  -12.864  46.345 0.1111110002
59534  49.834  -13.411  46.483 0.2222220004
60620  50.329  -12.120  45.515 0.1111110002
60614  50.990  -12.071  45.748 0.1111110002
59539  51.718  -12.433  45.645 0.1111110002
60625  51.809  -11.628  45.328 0.1111110002
60624  53.199  -11.118  44.720 0.1111110002
61640  53.584  -10.819  44.181 0.1111110002
61649  53.943  -10.387  43.286 0.1111110002
61648  54.931  -10.501  43.118 0.1111110002
61672  57.169  -10.359  40.699 0.2222220004
60683  58.066  -10.572  39.080 0.2222220004
129907  59.046  -12.120  38.191 0.2222220004
60695  57.835  -10.592  38.198 0.2222220004
130720  59.306  -10.979  37.047 0.1111110002
61723  59.036  -10.826  37.686 0.2222220004
60710  58.487  -10.575  37.578 0.2222220004
60711  57.318  -10.910  37.231 0.2222220004
41533  7.444  -30.718  69.598 0.2222220004
114017  7.224  -30.861  68.341 0.2222220004
121456  10.725  -38.056  68.580 0.1111110002
37827  10.205  -36.060  68.350 0.1111110002
37828  9.750  -35.446  68.452 0.1111110002
38708  9.199  -34.864  68.372 0.1111110002
38744  9.743  -34.589  65.616 0.1111110002
39722  33.074  -33.496  61.620 0.2222220004
60666  58.078  -10.915  39.798 0.2222220004
59590  57.752  -11.544  40.443 0.2222220004
61739  59.529  -10.471  36.369 0.2222220004
39675  8.185  -33.512  66.891 0.1111110002
38719  9.257  -34.800  67.523 0.1111110002
61647  55.701  -10.678  42.772 0.1111110002
44513  24.473  -27.803  51.355 0.1111110002
46533  27.421  -26.565  47.892 0.1111110002
46519  26.190  -26.896  48.746 0.1111110002
128192  19.123  -28.399  56.353 0.1111110002
44494  23.784  -28.366  52.527 0.1111110002
52168  31.925  -20.197  46.875 0.1111110002
37041  31.022  -37.350  62.910 0.2222220004
36253  31.178  -38.078  62.908 0.2222220004
48520  30.417  -24.589  47.536 0.1111110002
113695  7.434  -32.297  67.283 0.1111110002
34631  11.211  -39.815  69.012 0.1111110002
33907  9.850  -39.941  66.835 0.1111110002
33906  10.039  -40.634  66.814 0.1111110002
35408  10.461  -38.298  67.932 0.1111110002
34635  9.703  -39.370  66.499 0.1111110002
36236  10.074  -37.979  66.569 0.1111110002
35412  9.747  -38.664  66.368 0.1111110002
36993  10.396  -36.703  67.744 0.1111110002
37830  10.116  -35.857  67.725 0.1111110002
37003  10.255  -36.448  66.357 0.1111110002
37844  10.124  -35.623  65.846 0.1111110002
124836  9.135  -37.702  64.239 0.1111110002
128878  9.087  -38.303  64.607 0.1111110002
37862  9.941  -35.230  63.871 0.1111110002
37853  10.128  -35.359  64.826 0.1111110002
37039  8.642  -36.774  62.694 0.1111110002
36251  8.698  -37.833  63.475 0.1111110002
37874  9.482  -34.909  62.979 0.1111110002
37875  8.685  -35.842  62.269 0.1111110002
46545  29.113  -26.220  47.741 0.1111110002
47556  29.468  -25.557  47.401 0.1111110002
46546  28.219  -26.292  47.543 0.1111110002
134155  31.781  -37.690  61.909 0.2222220004
112340  32.363  -36.082  61.487 0.2222220004
47557  27.051  -25.591  46.904 0.1111110002
50259  30.491  -22.332  46.770 0.1111110002
51171  30.295  -21.355  46.576 0.1111110002
47558  26.442  -25.510  47.256 0.1111110002
47544  25.964  -25.824  47.788 0.1111110002
45494  24.719  -27.294  50.541 0.1111110002
46521  24.571  -26.017  49.457 0.1111110002
45471  22.503  -27.043  52.264 0.1111110002
50243  26.888  -22.244  48.519 0.1111110002
52183  31.042  -19.791  46.483 0.1111110002
50252  26.504  -22.743  47.986 0.1111110002
49388  25.966  -23.339  48.384 0.1111110002
116423  25.962  -23.881  47.695 0.1111110002
48488  25.046  -24.605  48.974 0.1111110002
48504  25.554  -24.203  48.311 0.1111110002
46507  24.252  -26.554  50.147 0.1111110002
123645  23.348  -26.799  51.254 0.1111110002
54061  31.774  -17.904  46.131 0.1111110002
54063  29.771  -18.083  46.595 0.1111110002
52067  41.170  -19.953  54.585 0.1111110002
53101  42.120  -19.770  54.477 0.1111110002
133703  46.012  -19.603  50.673 0.2222220004
60694  58.519  -10.843  38.374 0.2222220004
60693  58.897  -11.368  38.332 0.2222220004
60682  58.512  -11.200  39.080 0.2222220004
59636  58.696  -12.253  38.882 0.2222220004
111791  59.218  -11.539  37.697 0.2222220004
48523  25.962  -24.798  47.532 0.1111110002
54144  36.320  -18.303  38.809 0.1111110002
61779  41.412  -10.890  33.819 0.1111110002
60769  43.205  -11.306  33.534 0.2222220004
114965  42.418  -11.162  33.460 0.2222220004
60770  41.693  -11.018  33.261 0.2222220004
112022  43.932  -11.531  33.600 0.2222220004
65902  52.354  -6.909  21.749 0.2222220004
64926  53.030  -7.315  21.101 0.2222220004
64962  58.537  -7.282  18.798 0.3333329856
122083  61.592  -6.313  22.005 0.1111110002
65881  61.875  -5.608  21.493 0.2222220004
66752  61.387  -5.059  27.207 0.2222220004
66762  61.351  -4.095  26.501 0.2222220004
60757  41.035  -10.939  34.212 0.1111110002
61874  50.396  -10.465  25.447 0.2222220004
65894  62.207  -6.160  20.760 0.2222220004
64948  58.887  -7.288  19.754 0.3333329856
54999  35.842  -17.881  38.110 0.1111110002
61780  40.721  -10.834  33.661 0.1111110002
60771  40.875  -10.812  33.008 0.1111110002
37063  34.441  -36.874  60.777 0.1111110002
37064  33.710  -36.983  61.085 0.1111110002
36277  33.514  -37.788  60.158 0.1111110002
36268  33.152  -37.694  60.762 0.1111110002
36278  32.906  -38.080  60.125 0.1111110002
36280  31.103  -38.315  59.656 0.1111110002
37065  32.931  -37.111  61.309 0.1111110002
36269  32.347  -38.153  60.825 0.1111110002
35457  30.175  -38.391  59.413 0.1111110002
35466  27.752  -38.519  57.986 0.1111110002
36312  28.030  -37.921  56.802 0.1111110002
36313  27.119  -38.228  56.546 0.1111110002
36261  31.968  -38.000  61.612 0.1111110002
35458  29.237  -38.461  59.152 0.1111110002
35450  27.833  -38.503  59.647 0.1111110002
36305  27.012  -38.450  57.365 0.1111110002
35460  27.434  -38.490  58.822 0.1111110002
127468  37.796  -33.580  59.899 0.1111110002
39733  36.685  -33.163  60.707 0.1111110002
38780  35.638  -34.523  61.126 0.1111110002
41608  38.569  -32.175  59.312 0.1111110002
40652  37.780  -32.371  59.808 0.1111110002
40638  37.014  -32.383  60.451 0.1111110002
39734  35.902  -33.313  61.215 0.1111110002
41609  37.005  -31.921  60.116 0.1111110002
40626  35.236  -32.672  61.364 0.1111110002
132751  35.666  -32.175  61.053 0.1111110002
37018  27.761  -36.882  65.053 0.1111110002
40640  35.098  -32.258  61.202 0.1111110002
129243  28.101  -37.406  64.651 0.1111110002
37029  27.359  -37.150  64.179 0.1111110002
40627  34.549  -32.756  61.506 0.1111110002
118386  27.398  -37.816  62.730 0.1111110002
37878  33.682  -34.902  61.616 0.1111110002
35423  30.132  -38.449  63.046 0.1111110002
36255  27.642  -38.200  61.990 0.1111110002
35431  29.644  -38.563  62.122 0.1111110002
35433  27.898  -38.440  61.232 0.1111110002
36263  26.591  -37.833  61.017 0.1111110002
35439  29.660  -38.595  61.083 0.1111110002
35440  28.227  -38.524  60.476 0.1111110002
35442  26.740  -38.089  60.252 0.1111110002
36270  26.183  -37.445  60.492 0.1111110002
36281  26.618  -38.075  59.318 0.1111110002
40661  39.184  -32.258  59.191 0.1111110002
114267  39.195  -31.694  59.101 0.1111110002
37017  28.598  -37.267  65.471 0.2222220004
37019  26.991  -36.388  64.549 0.1111110002
38773  32.529  -34.068  61.671 0.1111110002
36969  19.352  -36.377  69.593 0.1111110002
36979  18.960  -36.803  68.713 0.1111110002
37006  28.283  -36.647  66.028 0.2222220004
36968  20.005  -36.354  69.556 0.1111110002
36995  28.851  -36.202  66.742 0.2222220004
36994  29.533  -36.233  66.623 0.2222220004
37005  29.126  -36.896  66.256 0.2222220004
37839  27.978  -35.917  66.585 0.1111110002
37004  29.773  -36.847  66.184 0.2222220004
37818  20.566  -35.850  70.045 0.1111110002
37832  29.329  -35.601  67.069 0.2222220004
37826  21.230  -35.870  69.649 0.1111110002
37833  28.710  -35.396  67.254 0.2222220004
36985  22.441  -36.053  67.453 0.1111110002
37845  30.186  -36.172  65.270 0.2222220004
37834  27.770  -35.169  67.250 0.1111110002
112496  26.586  -34.807  66.675 0.1111110002
38725  25.768  -34.551  66.728 0.1111110002
38739  24.178  -34.688  66.007 0.1111110002
37842  22.546  -35.539  65.636 0.1111110002
49296  39.171  -23.411  57.712 0.1111110002
51069  39.018  -22.246  56.732 0.1111110002
117412  38.791  -21.700  55.599 0.2222220004
37816  22.396  -34.472  70.300 0.1111110002
37817  21.722  -34.847  70.335 0.1111110002
37824  22.907  -34.803  69.788 0.1111110002
37838  30.045  -36.169  66.115 0.2222220004
37829  22.675  -35.648  68.462 0.1111110002
36986  21.922  -36.335  67.992 0.1111110002
38721  29.678  -35.292  66.573 0.2222220004
122671  23.226  -35.480  67.584 0.1111110002
38734  29.841  -35.155  65.706 0.2222220004
38735  29.513  -34.370  66.497 0.2222220004
38711  27.494  -33.766  68.449 0.1111110002
38700  26.760  -33.602  68.848 0.2222220004
38713  24.909  -34.387  68.588 0.2222220004
38727  24.119  -34.965  67.348 0.1111110002
39676  29.217  -33.655  67.129 0.2222220004
39663  28.804  -33.117  67.771 0.2222220004
39651  27.468  -33.122  68.800 0.2222220004
117887  29.160  -33.692  66.274 0.2222220004
50170  39.226  -22.459  57.540 0.1111110002
51086  39.101  -21.230  56.158 0.1111110002
38703  23.647  -34.150  69.956 0.1111110002
132559  23.845  -34.563  69.356 0.1111110002
128328  23.371  -35.007  68.947 0.1111110002
119341  24.298  -34.183  69.496 0.1111110002
39637  25.620  -33.146  69.529 0.2222220004
39636  26.535  -32.965  69.372 0.2222220004
116584  39.387  -20.723  55.672 0.1111110002
51085  39.673  -20.817  56.722 0.1111110002
38702  24.978  -33.622  69.520 0.1111110002
57767  36.440  -13.849  34.821 0.1111110002
57768  35.747  -13.866  34.908 0.1111110002
58705  35.958  -13.230  34.693 0.1111110002
59700  35.388  -12.550  34.834 0.1111110002
59698  37.314  -12.497  34.337 0.1111110002
120509  36.988  -11.810  34.122 0.1111110002
60762  35.529  -11.609  34.655 0.1111110002
59699  36.294  -12.318  34.407 0.1111110002
58774  49.341  -13.359  28.355 0.1111110002
127207  48.519  -13.361  28.215 0.1111110002
59773  45.803  -12.225  28.569 0.1111110002
124894  49.346  -13.121  27.702 0.1111110002
58782  48.804  -13.216  27.790 0.1111110002
117957  47.204  -12.887  27.986 0.1111110002
59772  46.476  -12.571  28.274 0.1111110002
119923  48.267  -12.275  27.017 0.1111110002
59786  47.590  -12.479  27.501 0.1111110002
59787  46.974  -12.237  27.693 0.1111110002
60847  48.774  -11.716  26.541 0.1111110002
60837  47.563  -11.852  27.195 0.1111110002
61862  48.922  -11.007  26.069 0.1111110002
125646  50.207  -11.463  26.345 0.1111110002
60846  49.504  -11.594  26.406 0.1111110002
61861  49.876  -11.022  25.924 0.1111110002
61847  48.131  -11.333  26.606 0.1111110002
61863  47.708  -10.546  26.515 0.1111110002
115153  49.099  -9.810  24.988 0.1111110002
61876  48.626  -10.281  25.575 0.1111110002
62891  47.910  -10.056  25.818 0.1111110002
131760  48.237  -10.666  26.082 0.1111110002
62912  49.615  -9.218  24.609 0.1111110002
62913  48.757  -9.102  24.700 0.1111110002
62902  47.507  -9.317  25.549 0.1111110002
63928  48.503  -8.323  24.617 0.1111110002
63919  47.219  -8.498  25.342 0.1111110002
65927  61.401  -6.441  19.247 0.2222220004
66810  49.869  -5.255  22.389 0.1111110002
119773  60.485  -6.837  18.621 0.2222220004
65904  50.785  -6.275  21.228 0.1111110002
67691  49.110  -4.898  21.956 0.1111110002
64949  57.849  -7.448  19.518 0.2222220004
65917  52.419  -7.079  20.529 0.1111110002
65918  51.600  -6.757  20.900 0.1111110002
66821  50.287  -5.787  21.832 0.1111110002
112906  60.389  -6.975  17.662 0.2222220004
119336  59.333  -7.060  17.978 0.2222220004
65959  60.636  -7.105  17.076 0.2222220004
65960  59.508  -6.841  16.942 0.2222220004
65943  58.031  -7.047  17.906 0.2222220004
134089  60.115  -6.946  16.713 0.2222220004
65916  53.270  -7.284  20.148 0.1111110002
67692  48.574  -4.462  21.535 0.1111110002
65931  53.614  -6.821  19.064 0.1111110002
65932  52.701  -6.699  19.479 0.1111110002
65933  51.861  -6.543  19.837 0.1111110002
66830  50.355  -5.836  20.363 0.1111110002
66831  49.671  -5.421  20.579 0.1111110002
65961  58.511  -6.726  17.120 0.2222220004
66839  51.450  -5.815  19.267 0.1111110002
66841  49.933  -5.211  19.759 0.1111110002
65979  57.857  -6.309  16.508 0.1111110002
65963  56.434  -6.492  17.357 0.1111110002
65964  55.529  -6.371  17.525 0.1111110002
65947  54.244  -6.487  18.356 0.1111110002
65949  52.963  -6.180  18.679 0.1111110002
66849  51.767  -5.397  18.545 0.1111110002
66850  51.070  -5.124  18.799 0.1111110002
65977  59.645  -6.697  16.043 0.2222220004
66871  57.281  -5.863  15.950 0.1111110002
65981  55.928  -6.055  16.843 0.1111110002
65966  53.901  -5.978  17.834 0.1111110002
66847  53.204  -5.768  18.040 0.1111110002
66848  52.482  -5.613  18.288 0.1111110002
66857  54.230  -5.763  17.187 0.1111110002
66859  52.715  -5.352  17.611 0.1111110002
67717  51.384  -4.744  18.202 0.1111110002
66887  55.807  -5.383  15.502 0.1111110002
66874  54.547  -5.572  16.454 0.1111110002
66876  52.933  -5.199  16.874 0.1111110002
66900  56.239  -5.055  14.641 0.1111110002
66888  54.870  -5.348  15.660 0.1111110002
67804  57.988  -4.012  10.082 0.1111110002
66860  51.999  -5.084  17.869 0.1111110002
67718  50.753  -4.402  18.464 0.1111110002
66889  53.982  -5.253  15.846 0.1111110002
66875  53.721  -5.410  16.644 0.1111110002
67727  51.502  -4.419  17.491 0.1111110002
67728  51.007  -4.175  17.975 0.1111110002
67762  56.816  -4.661  13.750 0.1111110002
67748  55.224  -5.031  14.806 0.1111110002
67750  53.388  -4.802  15.266 0.1111110002
67739  52.408  -4.689  16.388 0.1111110002
67726  52.224  -4.848  17.171 0.1111110002
67761  57.880  -4.687  13.516 0.1111110002
67749  54.266  -4.986  15.020 0.1111110002
67738  53.168  -5.009  16.095 0.1111110002
67740  51.741  -4.323  16.710 0.1111110002
67763  55.657  -4.617  13.790 0.1111110002
67764  54.545  -4.679  14.132 0.1111110002
67766  52.745  -4.344  14.687 0.1111110002
68553  51.939  -4.005  15.026 0.1111110002
67752  51.809  -4.196  15.882 0.1111110002
67779  54.798  -4.375  13.211 0.1111110002
67795  55.141  -4.016  12.218 0.1111110002
67805  56.989  -3.814  10.799 0.1111110002
112677  55.039  -3.484  10.087 0.1111110002
68514  50.455  -3.528  18.171 0.1111110002
68525  50.926  -3.758  17.499 0.1111110002
67765  53.599  -4.586  14.396 0.1111110002
118866  51.214  -3.439  15.451 0.1111110002
127544  50.830  -3.163  16.079 0.1111110002
68535  50.834  -3.288  16.829 0.1111110002
68534  51.255  -3.920  16.978 0.1111110002
67780  53.838  -4.362  13.511 0.1111110002
114925  52.159  -3.737  14.190 0.1111110002
68554  51.437  -3.289  14.569 0.1111110002
68570  54.118  -4.111  12.652 0.1111110002
68562  52.255  -3.421  13.251 0.1111110002
68563  51.627  -3.126  13.861 0.1111110002
68578  55.051  -3.686  11.234 0.1111110002
121019  53.532  -3.704  12.150 0.1111110002
68588  56.312  -3.658  10.140 0.1111110002
68579  53.921  -3.530  11.179 0.1111110002
69277  50.664  -2.565  16.364 0.1111110002
69282  50.734  -2.649  15.581 0.1111110002
69296  51.496  -2.572  13.272 0.1111110002
128274  51.470  -1.943  12.611 0.1111110002
68590  53.110  -3.014  10.933 0.1111110002
69301  52.516  -2.803  11.726 0.1111110002
68589  54.002  -3.220  9.842 0.1111110002
70081  50.651  -1.831  15.870 0.1111110002
70090  50.660  -2.032  14.990 0.1111110002
70089  50.805  -1.397  14.353 0.1111110002
37052  33.297  -36.052  61.393 0.1111110002
37877  34.465  -35.042  61.479 0.1111110002
37876  35.104  -35.161  61.281 0.1111110002
38770  34.845  -34.164  61.587 0.1111110002
35418  30.695  -38.187  63.306 0.1111110002
39720  34.572  -33.218  61.694 0.1111110002
114064  30.658  -38.396  62.555 0.1111110002
36246  29.104  -38.197  64.005 0.1111110002
36254  28.310  -38.210  62.964 0.1111110002
129435  21.109  -35.154  70.470 0.1111110002
40653  34.805  -32.004  60.509 0.1111110002
40639  36.115  -32.435  61.006 0.1111110002
63927  49.322  -8.359  24.496 0.1111110002
133328  48.910  -7.899  24.521 0.1111110002
65941  61.794  -6.842  18.787 0.2222220004
59785  48.865  -12.835  27.321 0.1111110002
61875  49.470  -10.427  25.457 0.1111110002
60782  41.452  -11.012  32.451 0.1111110002
59771  48.092  -13.014  27.686 0.1111110002
40567  28.043  -32.857  68.346 0.2222220004
127502  27.648  -32.297  68.179 0.2222220004
35419  30.168  -38.190  63.936 0.1111110002
36237  29.477  -37.325  65.637 0.2222220004
65945  56.025  -6.865  18.012 0.1111110002
65944  56.960  -7.005  17.908 0.2222220004
39721  33.860  -33.234  61.724 0.1111110002
36252  31.511  -37.858  62.258 0.1111110002
37879  32.851  -34.887  61.648 0.1111110002
38772  33.363  -33.915  61.793 0.1111110002
37051  34.130  -36.061  61.293 0.1111110002
36267  33.913  -37.407  60.473 0.1111110002
36279  32.057  -38.271  59.942 0.1111110002
36292  30.587  -38.106  58.834 0.1111110002
36260  32.539  -37.745  61.240 0.1111110002
35437  31.751  -38.299  61.269 0.1111110002
35446  31.573  -38.426  60.561 0.1111110002
35447  30.687  -38.506  60.295 0.1111110002
35448  29.694  -38.534  60.143 0.1111110002
130034  27.628  -38.329  57.210 0.1111110002
36304  28.375  -38.200  57.506 0.1111110002
36294  28.784  -38.346  58.299 0.1111110002
35459  28.293  -38.502  58.908 0.1111110002
35449  28.701  -38.521  59.795 0.1111110002
35451  27.107  -38.374  59.543 0.1111110002
35461  26.890  -38.358  58.846 0.1111110002
35467  26.956  -38.499  58.161 0.1111110002
36295  26.488  -38.167  58.505 0.1111110002
39746  37.859  -32.767  60.022 0.1111110002
36242  28.882  -37.740  64.804 0.1111110002
36247  28.013  -37.741  63.797 0.1111110002
36248  27.035  -37.337  63.311 0.1111110002
35424  29.298  -38.427  63.067 0.1111110002
35425  28.547  -38.446  62.112 0.1111110002
115506  30.513  -38.557  61.651 0.1111110002
35432  28.788  -38.537  61.261 0.1111110002
35441  27.440  -38.403  60.385 0.1111110002
36262  27.136  -38.218  61.128 0.1111110002
115599  28.991  -38.545  60.545 0.1111110002
128066  30.356  -38.585  60.861 0.1111110002
37066  25.717  -36.983  59.781 0.1111110002
36977  20.519  -36.492  69.079 0.1111110002
38722  29.365  -34.585  67.255 0.2222220004
38709  28.991  -33.779  67.642 0.2222220004
38723  28.623  -34.470  67.742 0.2222220004
37835  22.547  -35.858  66.592 0.1111110002
38724  27.765  -34.393  67.993 0.1111110002
113489  26.768  -34.308  67.964 0.1111110002
38712  25.873  -34.231  68.139 0.1111110002
38726  25.014  -34.570  67.004 0.1111110002
37841  23.333  -35.282  66.317 0.1111110002
37825  22.027  -35.595  69.308 0.1111110002
38714  23.971  -34.840  68.593 0.1111110002
38710  28.300  -33.555  68.147 0.2222220004
38701  25.809  -33.605  69.197 0.2222220004
58696  35.218  -13.419  35.041 0.1111110002
58704  36.822  -13.184  34.567 0.1111110002
62901  48.269  -9.621  25.210 0.1111110002
65942  61.125  -6.784  18.458 0.2222220004
67698  48.937  -4.908  20.872 0.1111110002
66829  51.054  -6.283  20.124 0.1111110002
125011  50.115  -5.844  21.087 0.1111110002
65958  61.133  -7.024  18.007 0.2222220004
64975  61.123  -7.284  17.507 0.2222220004
66838  52.210  -6.024  18.985 0.1111110002
65962  57.436  -6.598  17.236 0.2222220004
65978  58.832  -6.472  16.280 0.2222220004
65980  56.854  -6.177  16.674 0.1111110002
65965  54.678  -6.203  17.693 0.1111110002
66870  58.250  -6.013  15.734 0.1111110002
66872  56.337  -5.739  16.132 0.1111110002
66856  55.051  -5.946  17.007 0.1111110002
66858  53.457  -5.573  17.379 0.1111110002
66873  55.423  -5.669  16.288 0.1111110002
67751  52.570  -4.524  15.552 0.1111110002
66899  57.285  -5.096  14.489 0.1111110002
67778  56.574  -4.303  12.838 0.1111110002
67777  57.487  -4.357  12.833 0.1111110002
115513  51.255  -3.740  16.316 0.1111110002
127331  55.646  -4.294  12.849 0.1111110002
67781  52.928  -4.147  13.799 0.1111110002
68569  54.329  -3.822  11.932 0.1111110002
67806  55.916  -3.777  11.363 0.1111110002
69281  50.926  -2.781  14.920 0.1111110002
68571  52.711  -3.355  12.371 0.1111110002
68561  53.203  -3.910  12.939 0.1111110002
69295  51.989  -2.740  12.489 0.1111110002
69289  51.078  -2.412  14.171 0.1111110002
68580  53.080  -3.353  11.683 0.1111110002
38771  34.097  -33.920  61.802 0.1111110002
35430  31.336  -38.261  61.974 0.1111110002
35438  31.126  -38.514  61.157 0.1111110002
53262  34.637  -19.545  41.390 0.1111110002
53273  35.252  -19.318  40.673 0.1111110002
52040  43.316  -19.919  56.718 0.1111110002
51083  43.900  -20.441  56.332 0.1111110002
53091  42.979  -19.442  55.380 0.1111110002
51098  44.164  -21.041  55.839 0.1111110002
127568  58.269  -12.749  39.303 0.1111110002
58626  57.772  -13.110  39.585 0.1111110002
58663  58.609  -12.907  38.213 0.1111110002
53080  43.673  -19.652  56.089 0.1111110002
52066  45.019  -20.047  55.338 0.1111110002
52053  44.358  -19.827  55.753 0.1111110002
53090  43.911  -19.385  55.278 0.1111110002
53099  44.004  -19.330  54.313 0.1111110002
53100  43.080  -19.569  54.408 0.1111110002
61658  56.759  -10.603  41.497 0.1111110002
53098  44.705  -19.320  54.068 0.1111110002
53088  45.167  -19.704  54.595 0.1111110002
53089  44.633  -19.485  54.991 0.1111110002
53108  44.027  -19.523  53.344 0.1111110002
53118  44.027  -19.772  52.430 0.1111110002
59613  58.224  -12.077  39.704 0.1111110002
58662  59.058  -12.421  37.590 0.1111110002
59657  58.935  -12.666  36.796 0.1111110002
52078  45.539  -19.945  54.053 0.1111110002
53097  45.141  -19.490  53.831 0.1111110002
113257  45.401  -19.641  53.014 0.1111110002
53107  44.765  -19.363  53.157 0.1111110002
130055  59.417  -11.863  37.036 0.1111110002
60747  59.640  -11.536  35.002 0.1111110002
120929  61.622  -11.556  28.877 0.1111110002
59777  61.631  -12.793  27.954 0.1111110002
122313  61.944  -13.653  28.272 0.1111110002
59762  62.349  -13.181  28.956 0.1111110002
58757  62.083  -14.164  29.236 0.1111110002
61799  59.434  -10.281  32.242 0.1111110002
60799  57.413  -11.664  30.312 0.1111110002
60811  57.619  -11.947  29.635 0.1111110002
61823  58.022  -11.119  29.931 0.1111110002
60810  58.391  -11.413  29.483 0.1111110002
113287  58.766  -10.649  29.572 0.1111110002
61835  61.054  -10.350  28.696 0.1111110002
60828  62.107  -12.042  28.101 0.1111110002
61842  61.905  -11.170  27.527 0.1111110002
61798  60.276  -9.447  32.989 0.1111110002
62833  59.893  -9.483  32.030 0.1111110002
61812  58.945  -10.320  31.235 0.1111110002
62849  59.505  -9.589  30.946 0.1111110002
62862  59.297  -9.761  29.920 0.1111110002
62861  60.062  -9.222  29.505 0.1111110002
64848  61.201  -6.933  29.674 0.1111110002
62888  61.717  -9.834  27.213 0.1111110002
61852  62.139  -10.494  27.698 0.1111110002
63906  61.876  -8.823  27.674 0.1111110002
62832  60.398  -8.804  32.715 0.1111110002
61822  58.668  -10.418  30.297 0.1111110002
124025  61.098  -8.065  26.997 0.1111110002
64878  60.378  -6.988  25.176 0.1111110002
65850  60.819  -6.092  25.729 0.1111110002
65858  60.715  -5.932  24.614 0.1111110002
130843  61.414  -4.361  25.684 0.1111110002
64947  62.404  -6.860  19.823 0.1111110002
64974  61.544  -7.789  17.931 0.1111110002
63991  61.441  -8.668  17.401 0.1111110002
64984  61.208  -7.814  16.900 0.1111110002
63043  60.395  -9.621  14.986 0.1111110002
129171  60.080  -9.208  14.573 0.1111110002
63054  59.652  -9.159  14.578 0.1111110002
65913  62.258  -6.320  20.163 0.1111110002
133296  61.547  -7.219  18.253 0.1111110002
64985  60.714  -7.325  16.438 0.1111110002
64001  60.851  -7.839  15.808 0.1111110002
64994  60.533  -7.258  15.283 0.1111110002
123201  59.859  -6.580  15.228 0.1111110002
115678  60.648  -7.790  14.869 0.1111110002
65008  60.485  -7.359  14.293 0.1111110002
65986  60.276  -6.761  14.586 0.1111110002
65021  60.351  -6.869  13.599 0.1111110002
65009  60.316  -7.572  13.684 0.1111110002
116197  60.134  -6.508  12.605 0.1111110002
64022  59.490  -8.380  14.153 0.1111110002
65976  60.228  -6.987  15.886 0.1111110002
65996  60.199  -6.369  13.692 0.1111110002
66883  59.292  -5.694  14.357 0.1111110002
66896  60.020  -5.735  13.354 0.1111110002
58643  57.181  -13.759  39.056 0.1111110002
63914  60.457  -8.199  25.723 0.1111110002
64871  60.747  -7.116  26.340 0.1111110002
120819  60.285  -8.744  31.836 0.1111110002
63907  61.069  -9.097  26.586 0.1111110002
62831  60.333  -8.220  32.295 0.1111110002
63868  60.557  -8.069  31.443 0.1111110002
65842  61.247  -6.111  26.794 0.1111110002
64858  61.392  -6.627  29.032 0.1111110002
66753  61.294  -5.164  26.192 0.1111110002
124292  61.656  -7.838  27.760 0.1111110002
63892  61.447  -7.674  28.742 0.1111110002
62881  62.170  -9.754  27.902 0.1111110002
61833  62.204  -11.190  28.152 0.1111110002
61834  62.059  -10.799  28.388 0.1111110002
60726  59.812  -10.708  36.011 0.1111110002
61789  60.409  -9.454  33.729 0.1111110002
63882  60.999  -7.663  29.680 0.1111110002
63883  60.560  -8.263  30.198 0.1111110002
65841  61.524  -6.042  27.771 0.1111110002
64864  61.626  -7.005  28.186 0.1111110002
53285  35.376  -19.054  39.898 0.1111110002
60650  57.285  -11.037  41.013 0.1111110002
59614  57.502  -12.619  40.285 0.1111110002
65988  59.203  -6.195  15.310 0.1111110002
53286  34.635  -19.076  39.918 0.1111110002
52054  43.927  -20.058  56.405 0.1111110002
51075  43.157  -20.420  56.927 0.1111110002
60819  61.806  -12.517  29.228 0.1111110002
62874  61.430  -9.540  28.567 0.1111110002
60818  62.223  -12.229  28.753 0.1111110002
59776  62.169  -12.989  28.584 0.1111110002
57789  62.265  -14.432  28.925 0.1111110002
63899  61.764  -7.949  28.147 0.1111110002
117952  61.941  -8.790  28.139 0.1111110002
62860  60.742  -8.759  29.122 0.1111110002
62875  60.486  -9.560  28.911 0.1111110002
61790  59.898  -10.228  33.204 0.1111110002
62848  60.095  -8.896  30.647 0.1111110002
63893  61.475  -8.601  28.594 0.1111110002
64960  62.047  -7.558  18.670 0.1111110002
124468  61.767  -8.616  18.442 0.1111110002
64020  60.541  -8.081  14.279 0.1111110002
63053  60.366  -8.748  14.535 0.1111110002
64021  60.133  -8.404  14.124 0.1111110002
65010  59.968  -7.708  13.516 0.1111110002
65987  59.889  -6.201  14.408 0.1111110002
65022  60.267  -7.056  13.077 0.1111110002
114067  58.932  -7.648  13.696 0.1111110002
64870  61.323  -7.068  27.335 0.1111110002
62873  62.074  -9.695  28.158 0.1111110002
131400  62.255  -10.409  28.055 0.1111110002
36235  10.335  -37.084  66.835 0.1111110002
37027  9.658  -36.932  64.600 0.1111110002
38728  15.392  -34.462  66.322 0.5555559993
39719  35.213  -33.471  61.520 0.1111110002
40549  9.905  -32.314  72.252 0.6666669846
40568  27.259  -32.610  68.794 0.2222220004
41667  35.855  -31.338  55.176 0.5555559993
43448  38.415  -29.268  57.071 0.3333329856
49302  38.937  -23.121  56.641 0.1111110002
52211  45.843  -20.263  44.410 0.7777780294
53126  45.621  -19.519  50.558 0.2222220004
53133  45.042  -19.628  49.291 0.3333329856
53209  44.394  -19.900  43.935 0.8888890147
54042  47.764  -18.907  49.191 0.5555559993
54043  46.922  -19.001  48.952 0.5555559993
54053  45.865  -19.277  47.974 0.5555559993
56709  49.125  -15.304  46.204 0.2222220004
56710  48.856  -15.579  45.977 0.2222220004
57620  49.229  -14.713  46.415 0.2222220004
58723  50.376  -13.430  32.430 0.8888890147
58777  62.289  -13.812  28.799 0.1111110002
59552  49.496  -12.265  44.959 0.4444440007
59591  57.198  -12.004  41.051 0.1111110002
59716  53.969  -12.490  32.143 0.7777780294
59726  54.119  -12.292  31.472 0.7777780294
59749  62.350  -13.704  29.047 0.1111110002
59750  61.884  -13.407  29.353 0.1111110002
60727  59.681  -11.436  35.776 0.1111110002
60808  62.270  -12.995  29.088 0.1111110002
60814  53.788  -12.015  29.226 0.6666669846
60834  51.018  -12.058  27.061 0.3333329856
60836  49.178  -12.277  26.803 0.2222220004
61634  52.556  -11.299  44.956 0.1111110002
61641  52.746  -10.773  44.328 0.1111110002
61663  51.225  -10.197  41.552 0.3333329856
61666  48.891  -10.808  40.805 0.5555559993
61695  47.780  -10.704  39.183 0.8888890147
61710  51.374  -10.011  38.601 0.6666669846
62910  51.553  -9.249  24.742 0.4444440007
64964  56.480  -7.266  18.618 0.3333329856
65852  57.800  -6.694  25.414 0.5555559993
65860  55.484  -5.931  24.565 0.5555559993
65861  54.788  -6.354  24.564 0.5555559993
65929  55.258  -7.196  18.936 0.2222220004
65948  53.584  -6.221  18.367 0.1111110002
66722  41.781  -6.093  31.960 0.1111110002
66740  61.199  -5.048  28.726 0.3333329856
66772  58.339  -5.363  24.957 0.4444440007
66822  49.625  -5.436  21.449 0.1111110002
67628  61.392  -3.236  24.686 0.3333329856
67668  61.002  -3.736  22.335 0.4444440007
68434  60.870  -2.410  25.753 0.3333329856
68445  56.105  -3.712  23.915 0.5555559993
68456  56.566  -3.459  23.529 0.4444440007
68470  56.395  -3.596  23.306 0.5555559993
115802  26.727  -33.118  60.937 0.7777780294
118036  55.418  -9.587  27.742 0.6666669846
120826  60.044  -2.408  24.437 0.4444440007
121917  56.161  -5.584  24.536 0.5555559993
121982  50.628  -3.174  17.501 0.1111110002
125434  48.362  -19.184  49.938 0.2222220004
126876  34.507  -32.438  61.137 0.1111110002
127724  56.937  -6.776  21.827 0.5555559993
127993  51.610  -12.214  45.697 0.1111110002
128371  41.730  -20.790  51.118 0.6666669846
129900  16.404  -34.031  64.102 0.6666669846
130850  57.688  -4.506  22.377 0.5555559993
132666  38.992  -21.772  56.340 0.1111110002
133819  46.806  -19.041  49.422 0.5555559993
134241  52.240  -11.420  26.906 0.4444440007
