#!ascii label  , from subject sub-v1s11x0050160_ses-1 vox2ras=TkReg
4324
127422  18.719  -83.984  14.395 0.0000000000
118989  8.326  -50.142  12.059 0.0000000000
12185  1.241  -61.166  31.777 0.0000000000
4422  11.068  -76.095  -4.143 0.0000000000
34732  14.757  -33.358  8.353 0.0000000000
1140  25.510  -85.179  8.705 0.0000000000
16515  1.689  -55.563  19.343 0.0000000000
26354  6.575  -43.614  17.705 0.0000000000
132231  9.500  -35.356  9.872 0.0000000000
1240  15.382  -83.442  24.022 0.0000000000
3734  9.116  -76.518  16.798 0.0000000000
117552  3.272  -71.243  16.765 0.0000000000
19453  9.288  -51.511  24.513 0.0000000000
132588  14.210  -79.226  9.401 0.0000000000
11173  9.369  -63.038  8.630 0.0000000000
1493  25.603  -82.190  19.314 0.0000000000
1538  26.986  -82.521  16.429 0.0000000000
470  23.632  -87.058  16.193 0.0000000000
34680  9.501  -33.426  12.439 0.0000000000
134823  10.650  -79.742  20.839 0.0000000000
115466  2.396  -72.408  24.527 0.0000000000
9147  5.259  -65.692  23.120 0.0000000000
117633  1.050  -60.746  24.763 0.0000000000
133142  15.325  -48.669  22.173 0.0000000000
22975  15.191  -47.488  18.912 0.0000000000
118598  21.288  -45.387  17.915 0.0000000000
123142  6.873  -77.458  -1.678 0.0000000000
1960  9.386  -81.199  4.373 0.0000000000
3072  11.866  -78.278  2.499 0.0000000000
125142  14.392  -71.742  4.824 0.0000000000
6500  16.677  -71.728  -2.754 0.0000000000
18783  2.917  -52.446  15.573 0.0000000000
14464  8.753  -58.642  13.889 0.0000000000
15880  2.748  -57.085  9.910 0.0000000000
32151  22.037  -36.693  10.785 0.0000000000
1177  19.421  -84.671  4.374 0.0000000000
8216  6.724  -68.139  -2.014 0.0000000000
22046  1.605  -48.524  21.599 0.0000000000
23998  3.687  -46.383  13.146 0.0000000000
29656  5.872  -38.910  13.737 0.0000000000
451  14.755  -86.051  20.819 0.0000000000
138  14.637  -89.705  17.542 0.0000000000
425  9.883  -86.903  24.505 0.0000000000
5702  6.185  -72.018  20.465 0.0000000000
3760  4.197  -76.217  15.236 0.0000000000
16409  5.466  -55.985  28.010 0.0000000000
136161  20.561  -39.761  15.633 0.0000000000
34656  21.304  -33.631  14.475 0.0000000000
598  18.093  -86.725  25.199 0.0000000000
1275  20.269  -82.947  20.040 0.0000000000
407  16.470  -87.371  0.227 0.0000000000
2340  14.386  -80.453  2.842 0.0000000000
13102  2.338  -59.863  11.970 0.0000000000
9294  6.642  -66.254  7.880 0.0000000000
131620  10.975  -71.125  3.028 0.0000000000
9934  10.593  -65.420  4.413 0.0000000000
1298  22.184  -82.695  16.262 0.0000000000
137136  24.172  -85.061  18.422 0.0000000000
664  20.555  -86.239  16.555 0.0000000000
10862  3.688  -63.760  31.801 0.0000000000
126899  4.682  -65.651  27.080 0.0000000000
10915  3.759  -63.402  27.287 0.0000000000
10978  2.532  -63.759  24.000 0.0000000000
129079  1.048  -61.451  28.161 0.0000000000
23847  15.631  -46.167  21.853 0.0000000000
22054  20.757  -48.788  20.397 0.0000000000
22072  18.887  -48.745  18.924 0.0000000000
4394  8.810  -75.597  -2.637 0.0000000000
3470  9.333  -76.523  1.521 0.0000000000
3496  11.796  -78.017  -1.340 0.0000000000
4903  13.583  -74.354  -0.283 0.0000000000
4930  14.676  -74.815  -3.874 0.0000000000
19618  5.324  -51.707  13.548 0.0000000000
16585  2.632  -56.029  13.171 0.0000000000
18827  5.157  -53.416  11.504 0.0000000000
34705  22.861  -33.092  10.928 0.0000000000
32958  21.283  -34.238  9.715 0.0000000000
1326  25.088  -83.539  12.446 0.0000000000
1863  23.714  -80.808  13.471 0.0000000000
1583  22.469  -82.492  9.728 0.0000000000
1363  19.626  -82.987  8.278 0.0000000000
950  21.759  -85.395  6.389 0.0000000000
134834  3.750  -45.475  19.379 0.0000000000
137353  1.813  -46.530  17.119 0.0000000000
25611  2.811  -43.821  16.753 0.0000000000
32963  16.092  -35.816  9.027 0.0000000000
32156  13.132  -36.485  10.208 0.0000000000
126070  8.240  -33.572  11.994 0.0000000000
32123  8.053  -36.402  12.886 0.0000000000
119661  13.961  -87.303  23.382 0.0000000000
832  11.333  -85.676  21.484 0.0000000000
138456  11.845  -84.966  24.035 0.0000000000
139358  8.941  -77.462  20.125 0.0000000000
2127  7.604  -80.672  22.559 0.0000000000
2891  5.949  -79.124  19.897 0.0000000000
2926  5.847  -78.858  16.070 0.0000000000
6293  2.727  -72.022  19.966 0.0000000000
4182  2.998  -75.891  21.110 0.0000000000
5232  3.275  -73.707  16.563 0.0000000000
16449  12.351  -55.160  25.588 0.0000000000
15686  10.662  -56.917  26.661 0.0000000000
17855  7.336  -53.317  26.705 0.0000000000
17845  2.234  -52.961  27.458 0.0000000000
137205  5.348  -50.488  25.783 0.0000000000
31278  22.150  -36.833  18.210 0.0000000000
120851  23.967  -38.867  15.526 0.0000000000
32104  21.726  -36.426  15.058 0.0000000000
32911  23.716  -34.960  14.632 0.0000000000
1228  13.525  -83.804  27.454 0.0000000000
582  16.077  -86.224  28.439 0.0000000000
420  14.274  -87.518  25.816 0.0000000000
250  16.620  -88.141  22.558 0.0000000000
1912  10.487  -81.510  8.402 0.0000000000
1384  11.885  -83.638  5.023 0.0000000000
1145  13.950  -84.110  8.441 0.0000000000
1388  14.680  -83.485  5.006 0.0000000000
2304  14.595  -80.498  6.186 0.0000000000
3421  17.093  -77.595  6.976 0.0000000000
14443  2.139  -57.652  15.974 0.0000000000
12414  9.651  -61.367  11.187 0.0000000000
11124  6.656  -63.430  12.489 0.0000000000
9265  9.498  -66.150  10.494 0.0000000000
7538  7.666  -69.365  6.059 0.0000000000
122609  11.384  -68.054  7.063 0.0000000000
1278  28.286  -82.895  19.331 0.0000000000
125983  26.285  -84.928  15.650 0.0000000000
698  25.239  -86.096  11.921 0.0000000000
36548  13.415  -31.425  9.024 0.0000000000
37475  8.421  -30.715  11.984 0.0000000000
35611  8.998  -32.366  10.575 0.0000000000
1477  13.197  -82.171  21.246 0.0000000000
2868  13.711  -77.895  21.877 0.0000000000
123390  13.158  -76.055  20.312 0.0000000000
4701  11.644  -74.457  17.577 0.0000000000
7324  3.687  -69.540  27.532 0.0000000000
7892  2.442  -68.066  27.684 0.0000000000
7938  3.285  -68.657  23.473 0.0000000000
120430  3.083  -68.870  19.918 0.0000000000
9744  2.886  -65.576  20.334 0.0000000000
20297  11.680  -50.282  22.049 0.0000000000
22020  7.725  -48.152  22.756 0.0000000000
23852  11.061  -46.174  21.452 0.0000000000
22979  11.940  -46.516  17.994 0.0000000000
24795  20.739  -45.305  17.438 0.0000000000
127376  8.097  -80.072  0.381 0.0000000000
126379  8.575  -78.269  5.406 0.0000000000
3028  12.107  -78.134  6.874 0.0000000000
3844  14.336  -75.988  7.293 0.0000000000
128199  13.471  -74.433  3.552 0.0000000000
6468  14.721  -71.641  0.857 0.0000000000
17967  3.538  -53.387  18.365 0.0000000000
15134  5.885  -57.037  17.394 0.0000000000
16568  6.328  -55.332  15.337 0.0000000000
15166  6.830  -57.232  11.291 0.0000000000
13843  6.640  -59.759  8.407 0.0000000000
31359  20.503  -37.501  10.468 0.0000000000
32982  18.670  -35.423  9.068 0.0000000000
35630  17.459  -33.050  7.848 0.0000000000
1955  18.322  -81.013  4.205 0.0000000000
1667  17.197  -82.125  0.806 0.0000000000
122145  5.299  -73.038  -2.597 0.0000000000
6532  7.839  -72.309  -4.154 0.0000000000
18708  0.966  -52.369  21.967 0.0000000000
20378  1.594  -50.172  17.627 0.0000000000
120440  2.890  -49.195  14.250 0.0000000000
22205  5.273  -48.111  11.397 0.0000000000
27882  8.989  -42.241  14.674 0.0000000000
30516  8.933  -38.848  13.791 0.0000000000
27886  4.862  -40.923  15.402 0.0000000000
128729  4.196  -42.267  13.606 0.0000000000
115979  5.659  -45.029  11.612 0.0000000000
24012  8.897  -46.013  11.746 0.0000000000
861  16.547  -85.437  17.734 0.0000000000
481  16.837  -87.482  15.188 0.0000000000
651  14.130  -85.594  18.366 0.0000000000
273  11.619  -88.433  19.977 0.0000000000
1251  9.862  -82.962  23.652 0.0000000000
822  7.677  -84.910  24.158 0.0000000000
5219  8.306  -72.781  17.136 0.0000000000
5150  3.928  -73.975  23.747 0.0000000000
4702  5.904  -75.259  18.961 0.0000000000
4744  6.918  -74.754  13.934 0.0000000000
14288  3.695  -58.152  29.642 0.0000000000
15677  0.965  -56.419  28.423 0.0000000000
15713  1.083  -56.499  24.843 0.0000000000
27081  20.219  -42.159  17.009 0.0000000000
29620  20.803  -39.957  16.760 0.0000000000
27111  21.951  -42.323  15.598 0.0000000000
27877  24.966  -41.798  15.591 0.0000000000
33806  23.861  -34.354  12.215 0.0000000000
1015  19.513  -84.619  27.450 0.0000000000
621  20.148  -86.166  22.306 0.0000000000
848  18.234  -85.747  19.571 0.0000000000
1522  18.389  -82.186  17.216 0.0000000000
283  19.653  -88.583  16.671 0.0000000000
311  21.804  -88.240  14.131 0.0000000000
758  23.120  -86.970  3.165 0.0000000000
986  19.387  -85.732  0.394 0.0000000000
1410  15.076  -83.713  -0.222 0.0000000000
1193  12.951  -83.974  0.991 0.0000000000
138414  14.394  -80.830  -1.434 0.0000000000
129235  4.597  -59.190  12.876 0.0000000000
11800  5.180  -62.216  8.927 0.0000000000
8777  6.838  -67.555  2.600 0.0000000000
7071  8.252  -70.407  0.506 0.0000000000
5939  10.841  -72.775  -1.302 0.0000000000
15210  3.814  -58.055  6.167 0.0000000000
12488  5.451  -61.383  4.731 0.0000000000
12521  8.342  -61.491  1.090 0.0000000000
121127  8.627  -65.113  4.814 0.0000000000
128990  10.123  -68.152  2.825 0.0000000000
8213  10.978  -68.652  -1.461 0.0000000000
6530  12.533  -71.383  -4.587 0.0000000000
7138  16.889  -71.205  -5.098 0.0000000000
7672  20.792  -69.461  -3.856 0.0000000000
1102  20.100  -83.480  14.648 0.0000000000
1300  21.193  -84.133  16.130 0.0000000000
892  20.147  -85.221  15.193 0.0000000000
11555  1.704  -62.663  31.357 0.0000000000
10887  3.915  -63.368  29.602 0.0000000000
10889  1.842  -62.944  29.827 0.0000000000
10917  1.678  -63.095  28.230 0.0000000000
128637  1.233  -61.591  29.881 0.0000000000
22032  21.425  -48.649  21.436 0.0000000000
22952  22.816  -47.509  19.347 0.0000000000
129913  9.631  -76.679  -3.958 0.0000000000
3499  10.175  -77.637  -1.733 0.0000000000
3515  11.608  -77.085  -3.721 0.0000000000
3944  13.239  -76.431  -3.108 0.0000000000
3964  13.133  -75.733  -4.110 0.0000000000
121042  7.172  -51.483  12.971 0.0000000000
18816  5.644  -53.047  12.923 0.0000000000
18814  7.379  -53.025  12.556 0.0000000000
35608  22.035  -32.416  9.769 0.0000000000
1134  25.616  -84.371  9.866 0.0000000000
1575  24.172  -82.832  10.919 0.0000000000
1359  23.836  -83.485  8.772 0.0000000000
128259  22.018  -83.968  8.520 0.0000000000
1151  23.514  -84.708  7.594 0.0000000000
25579  5.490  -44.762  18.676 0.0000000000
25596  2.990  -44.199  17.653 0.0000000000
26356  4.124  -43.308  17.407 0.0000000000
33829  15.229  -34.760  8.637 0.0000000000
32169  14.522  -36.200  9.430 0.0000000000
32964  14.147  -35.414  9.230 0.0000000000
33826  8.410  -34.677  11.432 0.0000000000
816  14.940  -84.910  24.001 0.0000000000
817  14.069  -85.528  23.571 0.0000000000
1041  14.478  -84.498  23.588 0.0000000000
3721  8.832  -77.008  18.877 0.0000000000
2889  7.506  -78.265  20.329 0.0000000000
118860  7.483  -77.952  18.067 0.0000000000
2916  6.096  -78.717  17.727 0.0000000000
3335  7.839  -77.549  16.188 0.0000000000
136792  2.979  -71.732  18.449 0.0000000000
5205  3.091  -73.498  18.137 0.0000000000
5757  3.287  -72.699  16.672 0.0000000000
17884  10.716  -53.368  24.783 0.0000000000
17151  9.952  -54.441  25.744 0.0000000000
18650  8.318  -52.316  25.708 0.0000000000
18652  6.743  -51.520  26.400 0.0000000000
19455  7.649  -50.496  25.095 0.0000000000
32105  20.898  -36.858  14.952 0.0000000000
1237  15.201  -83.555  25.749 0.0000000000
120901  14.121  -86.166  26.650 0.0000000000
804  15.105  -85.520  25.530 0.0000000000
424  14.138  -87.891  24.010 0.0000000000
2272  12.042  -80.459  8.819 0.0000000000
1594  11.517  -82.779  8.798 0.0000000000
1902  13.607  -81.670  9.479 0.0000000000
1600  14.531  -82.154  7.905 0.0000000000
2282  14.991  -80.399  8.406 0.0000000000
3027  16.126  -78.832  6.820 0.0000000000
119691  15.369  -78.366  9.064 0.0000000000
15810  1.972  -56.787  17.898 0.0000000000
11798  9.096  -62.321  9.414 0.0000000000
10463  9.695  -63.942  11.310 0.0000000000
10484  10.502  -64.232  9.888 0.0000000000
8698  10.544  -67.074  9.142 0.0000000000
10515  11.026  -65.062  8.329 0.0000000000
1482  28.955  -82.160  20.553 0.0000000000
1267  26.207  -83.227  19.965 0.0000000000
119170  23.564  -86.395  17.370 0.0000000000
868  25.514  -85.450  17.234 0.0000000000
127287  25.048  -86.373  15.520 0.0000000000
681  25.471  -86.000  13.754 0.0000000000
130347  24.287  -87.078  13.764 0.0000000000
36549  12.686  -31.393  9.616 0.0000000000
119918  11.994  -30.823  10.233 0.0000000000
38319  8.826  -29.581  11.749 0.0000000000
36537  8.468  -31.525  11.180 0.0000000000
130568  13.096  -74.245  20.654 0.0000000000
4188  12.403  -75.293  19.156 0.0000000000
5721  12.300  -72.439  18.652 0.0000000000
9083  2.257  -67.274  29.514 0.0000000000
9684  5.108  -65.723  25.453 0.0000000000
139382  3.599  -66.878  25.351 0.0000000000
8542  4.609  -67.348  23.134 0.0000000000
133755  3.878  -68.624  21.927 0.0000000000
8565  4.244  -67.329  21.674 0.0000000000
9175  3.117  -66.989  20.454 0.0000000000
9730  4.221  -65.776  21.719 0.0000000000
11636  1.568  -62.441  24.402 0.0000000000
10997  2.141  -63.416  22.737 0.0000000000
21171  13.786  -49.308  21.500 0.0000000000
22040  11.079  -47.685  21.935 0.0000000000
22038  13.048  -47.567  22.054 0.0000000000
22939  15.728  -46.373  21.094 0.0000000000
23885  12.936  -45.674  19.756 0.0000000000
22977  13.938  -46.558  17.852 0.0000000000
22972  20.111  -47.412  18.352 0.0000000000
22086  19.291  -48.523  18.150 0.0000000000
23906  20.047  -46.622  18.028 0.0000000000
23925  20.171  -46.569  17.679 0.0000000000
24779  20.521  -45.738  17.821 0.0000000000
3100  7.673  -78.745  -0.591 0.0000000000
3074  10.585  -78.437  2.640 0.0000000000
3446  9.092  -77.424  3.627 0.0000000000
3061  10.598  -78.552  3.721 0.0000000000
3030  10.425  -78.738  6.219 0.0000000000
3046  11.705  -78.144  4.294 0.0000000000
3851  12.908  -76.745  5.348 0.0000000000
3881  12.955  -75.942  2.478 0.0000000000
5937  14.725  -72.766  -1.400 0.0000000000
5905  13.953  -72.987  0.761 0.0000000000
7087  17.910  -70.534  -1.780 0.0000000000
17993  3.749  -52.911  16.779 0.0000000000
17257  5.638  -54.150  17.159 0.0000000000
17273  4.647  -54.233  16.121 0.0000000000
130209  2.856  -57.067  11.365 0.0000000000
15161  5.387  -56.870  12.223 0.0000000000
15173  5.293  -57.676  10.565 0.0000000000
132215  7.067  -58.167  10.169 0.0000000000
14495  4.321  -58.592  9.234 0.0000000000
31358  21.343  -37.389  10.710 0.0000000000
34715  20.111  -33.780  8.818 0.0000000000
116781  19.963  -35.075  9.310 0.0000000000
33841  19.165  -34.042  8.537 0.0000000000
33843  17.453  -34.591  8.463 0.0000000000
131228  18.320  -32.939  7.825 0.0000000000
2612  20.827  -78.804  9.731 0.0000000000
1377  19.300  -83.390  6.542 0.0000000000
1933  18.607  -81.765  6.075 0.0000000000
123890  18.725  -83.313  4.556 0.0000000000
118231  18.172  -81.638  2.865 0.0000000000
1401  18.496  -83.560  2.494 0.0000000000
130545  4.850  -69.715  -1.274 0.0000000000
6491  4.677  -71.197  -1.560 0.0000000000
7109  5.396  -70.885  -2.583 0.0000000000
5966  6.618  -72.549  -3.585 0.0000000000
7107  7.043  -69.958  -3.066 0.0000000000
22060  2.897  -48.025  21.137 0.0000000000
21177  2.684  -49.453  21.779 0.0000000000
19489  1.733  -51.369  22.757 0.0000000000
20337  0.942  -49.687  21.535 0.0000000000
19530  1.231  -51.508  19.948 0.0000000000
21203  1.090  -48.968  19.469 0.0000000000
23963  2.586  -46.566  15.552 0.0000000000
22144  2.236  -48.169  15.337 0.0000000000
23064  3.375  -47.841  13.614 0.0000000000
22187  4.348  -48.594  12.476 0.0000000000
23075  4.169  -47.338  11.953 0.0000000000
122372  10.597  -34.110  11.616 0.0000000000
128012  11.460  -35.037  10.929 0.0000000000
121324  7.027  -37.666  13.279 0.0000000000
31321  8.230  -37.148  13.254 0.0000000000
30518  7.099  -38.055  13.813 0.0000000000
28742  6.999  -39.856  14.729 0.0000000000
28743  5.455  -39.493  14.430 0.0000000000
27901  3.858  -41.030  14.525 0.0000000000
27934  4.799  -40.711  13.571 0.0000000000
27942  8.281  -41.143  11.806 0.0000000000
130973  6.124  -42.928  12.544 0.0000000000
25666  7.769  -43.884  12.436 0.0000000000
24871  6.927  -45.642  11.610 0.0000000000
639  16.098  -85.852  19.146 0.0000000000
874  15.610  -85.354  17.418 0.0000000000
850  14.410  -84.996  19.631 0.0000000000
834  10.626  -85.984  22.021 0.0000000000
633  10.892  -86.068  20.307 0.0000000000
445  10.392  -88.083  22.466 0.0000000000
118  10.238  -89.544  21.957 0.0000000000
255  9.636  -88.373  23.247 0.0000000000
1800  12.524  -81.034  20.612 0.0000000000
121522  11.393  -82.719  22.329 0.0000000000
1777  10.141  -81.945  21.819 0.0000000000
1780  5.998  -81.643  22.914 0.0000000000
1462  6.839  -82.711  24.139 0.0000000000
5724  8.284  -72.467  18.052 0.0000000000
5714  6.557  -72.801  19.281 0.0000000000
6218  2.908  -72.004  26.113 0.0000000000
6216  4.006  -72.030  25.931 0.0000000000
5137  3.023  -73.873  24.438 0.0000000000
119760  3.880  -76.316  18.103 0.0000000000
3716  4.360  -76.374  20.257 0.0000000000
4210  5.355  -76.117  17.417 0.0000000000
4209  6.015  -75.250  17.049 0.0000000000
4227  5.318  -75.777  15.323 0.0000000000
3782  6.171  -76.744  13.229 0.0000000000
118446  4.921  -76.225  13.108 0.0000000000
15688  8.318  -56.795  26.942 0.0000000000
14315  9.480  -58.347  27.358 0.0000000000
14987  7.357  -57.689  27.753 0.0000000000
14285  6.203  -58.950  29.140 0.0000000000
14989  4.771  -57.191  28.719 0.0000000000
14975  2.215  -57.385  29.488 0.0000000000
116055  2.820  -56.013  28.762 0.0000000000
18653  1.925  -52.258  25.506 0.0000000000
129849  0.807  -53.979  25.928 0.0000000000
22928  7.153  -47.291  21.387 0.0000000000
21154  5.595  -48.834  22.553 0.0000000000
127600  21.416  -43.027  17.493 0.0000000000
27856  21.774  -41.401  17.479 0.0000000000
30493  20.621  -38.300  16.099 0.0000000000
30486  22.161  -38.229  17.470 0.0000000000
129919  20.154  -39.912  15.927 0.0000000000
27881  20.307  -41.319  15.915 0.0000000000
27880  21.206  -40.971  15.498 0.0000000000
27110  23.430  -42.522  15.606 0.0000000000
27878  23.410  -41.253  15.486 0.0000000000
31303  25.389  -37.973  15.101 0.0000000000
29647  25.586  -39.393  14.979 0.0000000000
29653  25.635  -39.285  14.063 0.0000000000
33792  23.724  -34.293  13.908 0.0000000000
34667  23.304  -33.568  13.592 0.0000000000
34679  23.077  -32.876  12.914 0.0000000000
1208  15.191  -84.244  29.483 0.0000000000
594  16.719  -86.966  26.841 0.0000000000
786  17.972  -85.236  27.966 0.0000000000
132353  18.802  -85.795  26.662 0.0000000000
596  19.715  -85.964  25.048 0.0000000000
442  15.842  -87.852  21.307 0.0000000000
447  17.883  -87.503  20.981 0.0000000000
453  17.049  -87.219  19.643 0.0000000000
860  17.294  -85.497  18.184 0.0000000000
1809  20.570  -81.230  18.272 0.0000000000
1820  19.485  -81.226  17.082 0.0000000000
133451  19.335  -82.265  18.786 0.0000000000
299  15.692  -88.583  16.187 0.0000000000
138252  17.929  -88.422  16.160 0.0000000000
135  17.103  -89.586  16.606 0.0000000000
320  21.926  -87.615  12.568 0.0000000000
988  17.743  -85.051  -0.222 0.0000000000
128493  15.888  -86.227  -0.634 0.0000000000
1654  10.401  -82.484  2.929 0.0000000000
124649  13.802  -82.406  3.868 0.0000000000
1402  14.070  -83.977  2.927 0.0000000000
1661  13.245  -82.401  1.982 0.0000000000
1674  13.049  -82.429  0.424 0.0000000000
2705  14.871  -80.253  0.955 0.0000000000
2711  15.918  -79.474  -0.699 0.0000000000
3084  16.034  -79.143  1.616 0.0000000000
136717  14.840  -73.534  6.331 0.0000000000
14447  7.725  -58.098  15.513 0.0000000000
14449  5.134  -58.198  15.321 0.0000000000
13795  6.731  -59.651  13.574 0.0000000000
10485  6.362  -64.893  10.041 0.0000000000
11135  5.579  -63.446  11.133 0.0000000000
10503  5.704  -63.783  8.442 0.0000000000
11187  4.756  -62.380  6.967 0.0000000000
9913  5.790  -64.477  6.312 0.0000000000
9937  6.036  -65.342  3.931 0.0000000000
8756  6.405  -67.227  5.273 0.0000000000
7016  9.700  -70.818  4.618 0.0000000000
7029  7.742  -70.130  3.152 0.0000000000
126684  9.336  -71.954  1.753 0.0000000000
6480  9.299  -72.199  -0.325 0.0000000000
5919  11.089  -72.162  0.300 0.0000000000
118004  4.867  -55.786  5.590 0.0000000000
14553  4.876  -58.125  4.058 0.0000000000
13168  4.206  -60.213  5.422 0.0000000000
13194  5.303  -60.365  2.833 0.0000000000
11253  9.929  -63.242  2.634 0.0000000000
11239  7.797  -63.578  2.453 0.0000000000
10576  9.291  -64.644  3.472 0.0000000000
9341  9.366  -66.733  4.669 0.0000000000
9371  10.659  -66.668  3.067 0.0000000000
9404  12.047  -65.627  -1.923 0.0000000000
9413  10.463  -65.662  -1.790 0.0000000000
8839  12.032  -66.755  -3.055 0.0000000000
7673  11.511  -69.487  -3.528 0.0000000000
8252  13.695  -68.839  -4.100 0.0000000000
7140  14.828  -71.157  -4.746 0.0000000000
133833  24.007  -82.208  17.540 0.0000000000
1280  24.407  -83.804  18.639 0.0000000000
1078  22.783  -84.069  17.714 0.0000000000
647  22.247  -85.794  17.896 0.0000000000
462  22.507  -87.123  17.208 0.0000000000
9657  3.991  -65.644  29.698 0.0000000000
10266  4.952  -64.093  29.821 0.0000000000
10913  5.271  -63.917  27.186 0.0000000000
10305  5.243  -64.109  25.032 0.0000000000
10324  4.260  -64.391  23.301 0.0000000000
10949  3.760  -63.529  25.716 0.0000000000
11615  1.420  -62.693  26.013 0.0000000000
12252  0.938  -61.333  26.362 0.0000000000
21149  18.463  -48.239  22.876 0.0000000000
22016  15.807  -47.439  22.618 0.0000000000
22907  18.286  -47.295  22.483 0.0000000000
122953  17.568  -46.970  21.899 0.0000000000
22057  17.207  -47.639  20.881 0.0000000000
22074  17.457  -48.849  19.718 0.0000000000
22071  20.489  -48.783  19.683 0.0000000000
22954  20.887  -48.334  19.263 0.0000000000
23904  22.115  -46.118  18.368 0.0000000000
4382  7.620  -74.845  -1.045 0.0000000000
3912  7.573  -76.224  -0.037 0.0000000000
3922  9.305  -75.932  -0.110 0.0000000000
3108  10.871  -78.690  -0.386 0.0000000000
3478  12.122  -77.775  0.437 0.0000000000
3908  12.906  -75.974  0.770 0.0000000000
3920  13.026  -76.055  -0.296 0.0000000000
4911  14.216  -74.629  -2.128 0.0000000000
5412  15.536  -73.677  -3.359 0.0000000000
19605  3.474  -52.198  14.521 0.0000000000
17287  2.721  -54.488  14.369 0.0000000000
18031  3.575  -53.241  13.313 0.0000000000
17302  2.912  -54.051  11.433 0.0000000000
16596  2.969  -54.971  10.051 0.0000000000
33820  22.867  -34.674  10.838 0.0000000000
32950  21.492  -35.850  10.347 0.0000000000
33821  21.970  -33.914  10.066 0.0000000000
136117  21.381  -32.888  9.284 0.0000000000
1312  25.710  -83.549  14.311 0.0000000000
138596  25.725  -81.196  15.068 0.0000000000
1557  23.992  -82.425  13.557 0.0000000000
124392  22.810  -81.709  12.452 0.0000000000
1890  21.939  -81.475  10.811 0.0000000000
1899  20.219  -81.417  10.046 0.0000000000
1590  20.825  -83.133  9.240 0.0000000000
1153  20.538  -84.384  7.531 0.0000000000
1168  20.399  -85.182  5.499 0.0000000000
23871  2.573  -46.598  20.412 0.0000000000
22983  1.268  -47.333  18.965 0.0000000000
24784  2.142  -45.339  18.539 0.0000000000
24818  2.297  -45.380  16.918 0.0000000000
24831  2.841  -44.836  15.430 0.0000000000
31379  16.735  -37.288  9.850 0.0000000000
31344  13.315  -38.252  10.927 0.0000000000
32129  7.769  -36.557  12.541 0.0000000000
30553  7.036  -37.792  12.595 0.0000000000
444  13.819  -87.540  22.217 0.0000000000
632  12.675  -85.793  21.287 0.0000000000
618  12.853  -86.057  22.445 0.0000000000
819  11.291  -85.421  23.757 0.0000000000
809  11.076  -85.156  24.485 0.0000000000
2886  10.123  -78.694  20.761 0.0000000000
121363  9.194  -80.074  21.629 0.0000000000
135267  8.084  -79.315  21.533 0.0000000000
2492  6.697  -80.352  21.873 0.0000000000
1792  5.968  -81.254  21.574 0.0000000000
126022  2.395  -72.448  22.261 0.0000000000
5174  2.593  -74.241  22.436 0.0000000000
5182  2.653  -74.028  20.761 0.0000000000
126637  3.346  -75.226  18.050 0.0000000000
125870  3.538  -75.750  15.805 0.0000000000
3772  3.942  -75.842  13.660 0.0000000000
16439  8.897  -55.167  26.395 0.0000000000
16424  6.479  -55.093  27.365 0.0000000000
17109  4.157  -54.376  28.090 0.0000000000
18629  5.172  -53.062  27.586 0.0000000000
19436  3.707  -51.226  26.394 0.0000000000
19457  3.249  -51.301  24.545 0.0000000000
30507  20.769  -38.564  15.542 0.0000000000
29636  22.854  -39.700  15.428 0.0000000000
30506  21.694  -38.326  15.338 0.0000000000
117865  23.747  -37.275  15.453 0.0000000000
31304  24.594  -36.760  15.150 0.0000000000
32115  24.957  -36.460  14.465 0.0000000000
32902  23.134  -35.804  15.175 0.0000000000
32912  22.489  -34.839  14.866 0.0000000000
33787  20.690  -34.580  14.619 0.0000000000
1018  12.517  -85.256  28.575 0.0000000000
783  14.321  -85.649  29.479 0.0000000000
585  13.391  -86.559  27.841 0.0000000000
410  14.719  -87.483  27.121 0.0000000000
417  16.349  -87.802  25.264 0.0000000000
421  17.040  -87.612  24.279 0.0000000000
246  15.453  -88.445  23.765 0.0000000000
259  14.501  -88.602  22.789 0.0000000000
57  13.944  -90.045  17.761 0.0000000000
1937  9.500  -81.425  6.397 0.0000000000
119492  11.146  -82.359  4.667 0.0000000000
1601  11.067  -82.849  7.138 0.0000000000
130713  12.303  -84.485  7.172 0.0000000000
943  13.608  -85.571  7.127 0.0000000000
959  15.832  -85.838  5.463 0.0000000000
135701  14.959  -83.870  6.746 0.0000000000
1623  14.225  -82.358  6.079 0.0000000000
2313  14.244  -80.418  4.397 0.0000000000
3058  15.810  -79.113  3.504 0.0000000000
3045  15.594  -79.182  5.028 0.0000000000
3427  16.999  -77.707  5.158 0.0000000000
13787  2.389  -58.939  13.825 0.0000000000
129460  9.582  -59.993  12.079 0.0000000000
126096  7.581  -60.558  12.873 0.0000000000
11761  8.750  -62.419  12.365 0.0000000000
9845  8.303  -65.283  11.685 0.0000000000
9293  7.492  -66.807  8.974 0.0000000000
8116  6.861  -68.063  6.974 0.0000000000
8102  8.154  -68.157  8.221 0.0000000000
7536  9.568  -69.594  6.617 0.0000000000
6997  11.203  -70.067  5.046 0.0000000000
2523  28.812  -79.532  18.664 0.0000000000
116295  30.576  -80.843  19.310 0.0000000000
1501  29.797  -82.088  19.226 0.0000000000
1517  28.103  -82.618  17.520 0.0000000000
1059  25.725  -84.113  19.215 0.0000000000
1077  26.814  -84.236  17.393 0.0000000000
1304  26.800  -83.457  16.284 0.0000000000
130259  26.158  -84.741  13.909 0.0000000000
133814  25.946  -85.229  11.935 0.0000000000
714  25.504  -85.456  9.900 0.0000000000
34733  13.998  -33.033  8.751 0.0000000000
34717  13.452  -33.616  9.181 0.0000000000
35616  13.280  -32.751  9.209 0.0000000000
129505  10.532  -32.857  11.628 0.0000000000
37482  10.611  -30.517  11.312 0.0000000000
36519  10.074  -31.536  11.832 0.0000000000
35584  9.158  -32.606  12.489 0.0000000000
35585  8.321  -32.073  12.148 0.0000000000
35612  8.433  -32.559  11.479 0.0000000000
34720  9.510  -33.241  9.963 0.0000000000
1764  15.039  -82.032  24.465 0.0000000000
1257  14.772  -82.602  22.743 0.0000000000
2121  14.766  -81.100  22.561 0.0000000000
2134  14.178  -80.489  21.357 0.0000000000
2513  13.205  -79.577  20.611 0.0000000000
3295  13.504  -77.318  20.929 0.0000000000
3296  12.109  -77.820  20.380 0.0000000000
3712  11.359  -76.835  19.984 0.0000000000
3726  10.517  -75.880  18.551 0.0000000000
4208  10.398  -75.484  16.996 0.0000000000
6763  2.883  -69.958  27.001 0.0000000000
138676  2.373  -70.458  25.229 0.0000000000
9098  3.032  -66.617  27.394 0.0000000000
8518  2.729  -67.897  25.605 0.0000000000
6817  2.213  -70.633  23.754 0.0000000000
6827  2.861  -70.055  22.113 0.0000000000
6859  3.029  -70.229  20.411 0.0000000000
6875  2.997  -70.233  18.060 0.0000000000
7427  2.832  -68.891  16.526 0.0000000000
126167  2.615  -68.081  18.509 0.0000000000
10353  2.950  -64.392  22.038 0.0000000000
19485  10.862  -51.008  23.087 0.0000000000
20285  8.841  -50.105  23.831 0.0000000000
118847  9.841  -49.267  22.733 0.0000000000
22042  9.432  -47.494  22.255 0.0000000000
23869  9.377  -45.882  20.455 0.0000000000
23850  12.936  -46.007  21.424 0.0000000000
23867  11.486  -45.526  20.255 0.0000000000
131632  9.428  -47.400  18.832 0.0000000000
22088  17.641  -48.835  18.339 0.0000000000
1454  14.105  -82.317  26.107 0.0000000000
2328  8.148  -80.175  3.085 0.0000000000
3885  7.827  -77.053  2.081 0.0000000000
3063  7.599  -78.403  4.130 0.0000000000
2306  7.964  -80.234  5.404 0.0000000000
2643  8.842  -79.971  7.135 0.0000000000
2640  11.198  -79.449  7.670 0.0000000000
137842  12.674  -78.931  8.531 0.0000000000
3406  14.180  -77.882  9.031 0.0000000000
3422  13.214  -77.086  7.141 0.0000000000
4824  13.809  -74.811  5.279 0.0000000000
5353  13.931  -73.293  4.664 0.0000000000
4880  13.367  -74.510  1.370 0.0000000000
134045  13.761  -72.910  2.299 0.0000000000
7041  14.751  -70.997  2.405 0.0000000000
7619  16.214  -69.675  1.834 0.0000000000
17223  1.866  -54.603  19.220 0.0000000000
131209  3.272  -56.025  17.541 0.0000000000
15795  5.080  -55.466  18.299 0.0000000000
15806  7.252  -55.812  17.376 0.0000000000
15834  8.928  -56.558  14.703 0.0000000000
15838  5.147  -56.016  14.033 0.0000000000
15844  6.983  -56.203  13.502 0.0000000000
15851  9.082  -56.966  13.165 0.0000000000
14478  8.763  -58.785  10.668 0.0000000000
13115  8.232  -60.209  9.614 0.0000000000
12442  7.857  -61.316  8.144 0.0000000000
135079  19.032  -38.046  10.315 0.0000000000
32951  20.729  -36.069  10.072 0.0000000000
32164  19.498  -36.575  9.764 0.0000000000
31377  18.197  -37.128  9.774 0.0000000000
138997  17.299  -35.716  8.995 0.0000000000
33844  16.498  -34.472  8.375 0.0000000000
34730  16.095  -33.728  8.054 0.0000000000
36568  17.930  -31.542  7.128 0.0000000000
2270  19.280  -80.477  8.467 0.0000000000
1998  18.030  -80.968  0.335 0.0000000000
2008  17.328  -81.794  -0.907 0.0000000000
11536  1.987  -62.596  33.141 0.0000000000
118830  4.674  -73.688  -1.299 0.0000000000
4916  5.654  -75.170  -1.752 0.0000000000
4921  7.277  -73.982  -3.166 0.0000000000
4932  8.124  -74.766  -4.385 0.0000000000
5443  8.940  -74.666  -4.507 0.0000000000
22201  9.692  -48.863  11.469 0.0000000000
19635  9.911  -51.678  11.380 0.0000000000
16496  1.204  -55.662  22.107 0.0000000000
128658  1.562  -53.724  22.824 0.0000000000
17947  1.007  -53.791  20.963 0.0000000000
18725  1.483  -52.409  19.710 0.0000000000
19542  2.313  -51.675  17.950 0.0000000000
19577  2.248  -51.118  16.389 0.0000000000
22112  1.331  -48.758  17.769 0.0000000000
21264  2.078  -49.861  15.507 0.0000000000
20413  2.583  -50.550  15.077 0.0000000000
20451  3.994  -50.058  13.611 0.0000000000
21299  5.578  -49.642  12.518 0.0000000000
21317  7.094  -49.158  11.711 0.0000000000
27094  7.426  -42.732  16.346 0.0000000000
32953  12.270  -35.177  10.373 0.0000000000
32139  11.751  -36.355  11.128 0.0000000000
31327  11.156  -37.810  12.296 0.0000000000
31319  9.834  -37.975  13.113 0.0000000000
29648  9.789  -39.275  13.515 0.0000000000
139793  8.627  -40.015  14.283 0.0000000000
27884  7.215  -41.549  15.094 0.0000000000
27095  6.395  -42.496  16.398 0.0000000000
27097  4.116  -42.178  16.433 0.0000000000
26394  3.124  -42.847  14.770 0.0000000000
26404  4.131  -43.988  13.358 0.0000000000
24874  4.494  -45.880  11.537 0.0000000000
24022  5.378  -46.773  10.791 0.0000000000
23090  6.662  -47.682  11.064 0.0000000000
22202  8.453  -48.368  11.449 0.0000000000
23083  9.548  -47.350  11.435 0.0000000000
123677  17.202  -84.293  15.452 0.0000000000
684  17.489  -85.966  14.471 0.0000000000
885  16.280  -85.375  15.698 0.0000000000
667  14.686  -86.820  16.658 0.0000000000
288  13.732  -88.441  17.807 0.0000000000
640  12.785  -85.585  19.358 0.0000000000
454  11.896  -87.339  19.300 0.0000000000
124  12.980  -89.307  19.159 0.0000000000
115434  11.728  -89.795  19.947 0.0000000000
1259  13.337  -83.317  22.848 0.0000000000
1250  11.426  -83.750  23.956 0.0000000000
1242  9.744  -83.999  24.985 0.0000000000
1470  8.464  -81.976  23.261 0.0000000000
1243  8.581  -84.047  25.091 0.0000000000
607  8.955  -86.721  24.533 0.0000000000
5723  10.362  -72.010  18.030 0.0000000000
136570  10.161  -73.042  16.365 0.0000000000
4224  9.534  -75.142  15.446 0.0000000000
5681  5.310  -72.674  22.413 0.0000000000
4154  3.409  -75.619  22.093 0.0000000000
4663  4.974  -74.907  21.394 0.0000000000
5192  5.887  -74.206  19.847 0.0000000000
5204  6.755  -73.681  18.003 0.0000000000
4735  7.585  -73.685  15.164 0.0000000000
3757  8.513  -76.349  14.848 0.0000000000
3354  7.109  -77.277  14.117 0.0000000000
2947  5.452  -78.658  14.487 0.0000000000
12855  4.333  -59.907  31.841 0.0000000000
13575  2.125  -58.992  31.193 0.0000000000
14276  1.645  -58.782  30.261 0.0000000000
13609  0.956  -58.373  28.329 0.0000000000
13616  0.889  -58.878  26.736 0.0000000000
120548  1.541  -54.121  28.164 0.0000000000
15703  0.614  -56.666  26.551 0.0000000000
13646  1.246  -58.740  24.862 0.0000000000
14358  2.138  -58.377  24.561 0.0000000000
21121  6.634  -49.318  24.033 0.0000000000
20287  4.476  -50.124  23.727 0.0000000000
25578  22.176  -44.670  17.891 0.0000000000
26350  20.798  -43.783  17.355 0.0000000000
26351  20.436  -43.697  17.069 0.0000000000
25607  20.684  -44.324  16.804 0.0000000000
30476  22.893  -38.557  18.533 0.0000000000
29619  22.073  -39.766  17.448 0.0000000000
27858  20.158  -41.437  16.726 0.0000000000
27091  20.439  -42.887  16.584 0.0000000000
28723  24.943  -40.321  15.586 0.0000000000
127721  23.737  -36.634  11.630 0.0000000000
32923  24.616  -35.668  13.182 0.0000000000
128358  24.303  -35.940  12.207 0.0000000000
32935  23.270  -35.340  11.212 0.0000000000
115726  23.159  -33.841  11.208 0.0000000000
1440  18.377  -83.097  27.299 0.0000000000
1008  16.366  -84.812  28.878 0.0000000000
134821  17.635  -84.428  27.999 0.0000000000
1046  21.802  -84.719  22.631 0.0000000000
837  20.005  -85.138  21.370 0.0000000000
435  18.712  -87.191  21.994 0.0000000000
629  18.965  -86.600  21.306 0.0000000000
1061  19.019  -84.358  20.068 0.0000000000
116165  18.228  -84.225  18.745 0.0000000000
1081  17.448  -84.350  17.109 0.0000000000
1307  18.138  -82.794  15.138 0.0000000000
2161  25.180  -80.658  18.919 0.0000000000
1818  23.478  -80.938  16.888 0.0000000000
1832  21.841  -81.042  15.880 0.0000000000
1543  19.529  -81.823  14.901 0.0000000000
479  19.174  -86.920  15.474 0.0000000000
471  20.420  -87.155  16.777 0.0000000000
136938  21.535  -88.142  16.687 0.0000000000
310  22.427  -88.125  14.673 0.0000000000
139573  23.280  -87.435  13.172 0.0000000000
502  24.193  -86.634  11.536 0.0000000000
124271  25.050  -86.440  8.791 0.0000000000
731  25.286  -86.141  7.449 0.0000000000
738  24.408  -86.357  5.785 0.0000000000
964  22.696  -86.220  4.824 0.0000000000
126185  20.895  -85.960  4.004 0.0000000000
978  19.829  -85.584  2.349 0.0000000000
1194  18.222  -84.400  0.563 0.0000000000
127019  16.783  -82.879  0.456 0.0000000000
1680  15.732  -82.501  -1.066 0.0000000000
1178  15.740  -85.233  4.061 0.0000000000
980  15.038  -85.778  2.196 0.0000000000
774  14.685  -86.286  0.286 0.0000000000
1203  13.509  -84.055  0.468 0.0000000000
1692  13.719  -81.842  -0.894 0.0000000000
2376  15.335  -80.991  -2.589 0.0000000000
2727  16.177  -79.975  -2.438 0.0000000000
3825  16.185  -76.584  8.643 0.0000000000
15136  2.974  -56.918  16.172 0.0000000000
14459  3.086  -57.961  13.895 0.0000000000
13811  3.414  -59.138  11.686 0.0000000000
138367  5.849  -60.999  12.350 0.0000000000
13108  4.671  -60.615  10.607 0.0000000000
138010  3.558  -60.250  10.003 0.0000000000
8804  7.288  -67.600  -0.170 0.0000000000
7575  6.891  -68.805  4.190 0.0000000000
7621  7.701  -69.339  1.506 0.0000000000
7647  7.754  -68.791  -1.372 0.0000000000
119586  8.582  -71.380  -1.962 0.0000000000
5416  9.599  -73.554  -2.994 0.0000000000
5429  11.203  -74.001  -3.633 0.0000000000
18838  7.331  -52.998  10.725 0.0000000000
18864  5.106  -53.024  9.553 0.0000000000
16624  3.786  -55.332  8.542 0.0000000000
16641  4.462  -55.564  6.928 0.0000000000
130296  3.216  -58.071  7.761 0.0000000000
13858  4.118  -59.747  7.230 0.0000000000
13145  6.059  -60.394  6.970 0.0000000000
11837  7.798  -62.096  6.637 0.0000000000
12511  5.820  -61.726  2.422 0.0000000000
11850  7.154  -62.726  4.501 0.0000000000
11194  8.946  -63.415  6.746 0.0000000000
136950  10.211  -66.223  6.614 0.0000000000
139082  11.137  -68.369  5.129 0.0000000000
8174  11.092  -69.424  2.613 0.0000000000
9383  10.584  -66.010  1.302 0.0000000000
124692  10.234  -67.887  0.908 0.0000000000
7633  11.204  -69.696  0.319 0.0000000000
137010  11.604  -71.021  -1.531 0.0000000000
6517  11.660  -71.314  -4.115 0.0000000000
5456  12.308  -73.029  -4.502 0.0000000000
5454  14.034  -73.333  -4.742 0.0000000000
5976  16.424  -73.127  -4.981 0.0000000000
5961  17.811  -72.280  -4.537 0.0000000000
7680  18.899  -70.381  -4.563 0.0000000000
6497  19.233  -71.203  -3.541 0.0000000000
132531  20.294  -70.143  -2.086 0.0000000000
1313  19.332  -83.405  14.483 0.0000000000
1096  20.419  -84.394  15.128 0.0000000000
1103  19.147  -84.868  14.383 0.0000000000
11545  1.268  -61.983  32.021 0.0000000000
10874  1.651  -62.649  30.539 0.0000000000
11556  1.332  -61.978  30.978 0.0000000000
11580  1.502  -62.760  29.120 0.0000000000
12197  1.248  -61.017  30.793 0.0000000000
3967  10.660  -76.552  -4.132 0.0000000000
3957  10.335  -77.002  -3.965 0.0000000000
3966  11.313  -76.566  -3.981 0.0000000000
3965  12.179  -76.366  -3.928 0.0000000000
4421  12.250  -75.630  -4.204 0.0000000000
20465  7.239  -50.311  12.402 0.0000000000
19627  6.925  -52.464  13.045 0.0000000000
20447  8.113  -51.401  12.504 0.0000000000
126597  25.555  -84.647  9.190 0.0000000000
1135  25.188  -83.969  9.364 0.0000000000
1141  25.188  -84.468  8.561 0.0000000000
1142  23.669  -84.127  8.195 0.0000000000
1150  24.649  -84.690  7.774 0.0000000000
131122  7.063  -44.514  18.034 0.0000000000
24781  6.427  -45.138  18.510 0.0000000000
25594  6.058  -44.237  18.226 0.0000000000
25595  4.903  -43.972  18.135 0.0000000000
26355  5.431  -43.422  17.670 0.0000000000
33846  14.946  -34.148  8.474 0.0000000000
33830  14.533  -34.740  8.836 0.0000000000
32954  8.903  -35.084  10.587 0.0000000000
32955  8.426  -35.707  11.200 0.0000000000
32967  9.008  -35.937  10.362 0.0000000000
1032  15.346  -84.334  24.292 0.0000000000
1040  15.166  -84.129  23.833 0.0000000000
3728  9.125  -76.645  17.815 0.0000000000
3321  8.239  -77.426  18.161 0.0000000000
129004  8.493  -77.131  17.065 0.0000000000
3322  7.725  -77.752  17.305 0.0000000000
6303  3.088  -71.711  17.741 0.0000000000
116460  3.459  -71.775  16.278 0.0000000000
18659  10.367  -52.617  24.513 0.0000000000
18648  9.866  -53.111  25.053 0.0000000000
18661  8.801  -51.896  25.126 0.0000000000
19442  8.073  -51.431  25.507 0.0000000000
19454  8.554  -51.062  24.828 0.0000000000
1452  15.384  -83.172  25.052 0.0000000000
1028  15.359  -84.408  25.678 0.0000000000
1031  15.477  -84.537  24.904 0.0000000000
808  15.174  -85.218  24.587 0.0000000000
2615  13.537  -79.921  9.407 0.0000000000
1903  12.792  -81.412  9.459 0.0000000000
2261  13.602  -80.812  9.487 0.0000000000
1910  14.463  -81.431  9.070 0.0000000000
2614  14.376  -80.130  9.348 0.0000000000
2626  15.475  -79.073  8.901 0.0000000000
125064  14.910  -79.203  9.249 0.0000000000
15787  1.577  -56.400  19.937 0.0000000000
126960  1.758  -56.990  19.386 0.0000000000
16525  1.747  -56.313  19.093 0.0000000000
11813  8.916  -62.435  8.844 0.0000000000
118145  9.953  -63.502  10.411 0.0000000000
11158  10.100  -63.586  9.322 0.0000000000
10500  11.214  -65.080  9.016 0.0000000000
11184  9.960  -63.703  8.281 0.0000000000
1796  26.739  -81.860  20.808 0.0000000000
1473  27.291  -82.221  21.104 0.0000000000
1484  26.204  -82.590  20.108 0.0000000000
461  23.267  -86.905  17.005 0.0000000000
460  24.114  -86.523  16.809 0.0000000000
673  24.396  -86.724  15.855 0.0000000000
476  24.690  -86.793  15.024 0.0000000000
477  24.001  -87.208  15.329 0.0000000000
5176  12.768  -73.336  20.115 0.0000000000
5189  12.764  -72.950  19.296 0.0000000000
139546  5.591  -65.166  24.253 0.0000000000
9118  4.895  -66.425  24.241 0.0000000000
9133  5.055  -66.480  23.454 0.0000000000
8553  4.597  -67.238  22.372 0.0000000000
9148  4.936  -66.479  22.692 0.0000000000
9159  4.560  -66.498  21.966 0.0000000000
9718  4.853  -65.750  22.455 0.0000000000
12275  1.239  -61.669  24.621 0.0000000000
11645  1.663  -62.302  23.627 0.0000000000
118775  1.583  -61.447  23.273 0.0000000000
12943  1.288  -60.003  24.161 0.0000000000
21169  15.756  -49.636  21.732 0.0000000000
122734  13.855  -48.223  22.048 0.0000000000
22036  14.727  -47.745  22.412 0.0000000000
22956  15.309  -46.960  20.031 0.0000000000
23884  14.095  -46.432  19.103 0.0000000000
22976  14.623  -47.023  18.271 0.0000000000
22089  15.903  -48.093  18.644 0.0000000000
23905  20.797  -46.247  18.210 0.0000000000
120078  20.219  -46.605  18.167 0.0000000000
121083  20.199  -46.151  18.029 0.0000000000
3500  7.150  -78.224  -1.719 0.0000000000
3073  11.332  -78.708  2.470 0.0000000000
3060  11.112  -78.761  3.106 0.0000000000
3047  11.119  -78.572  4.440 0.0000000000
121053  12.046  -77.917  3.722 0.0000000000
3868  12.626  -76.970  3.745 0.0000000000
3882  12.643  -76.782  2.788 0.0000000000
5936  15.301  -72.318  -1.933 0.0000000000
5926  15.074  -71.993  -0.982 0.0000000000
6488  15.662  -71.531  -1.498 0.0000000000
7103  16.941  -71.135  -2.381 0.0000000000
17994  3.022  -52.736  16.106 0.0000000000
17259  4.075  -53.538  16.473 0.0000000000
18006  3.288  -53.419  15.862 0.0000000000
15867  2.765  -57.152  10.670 0.0000000000
15168  3.533  -57.470  11.096 0.0000000000
15174  4.108  -57.862  10.450 0.0000000000
14481  4.849  -58.122  9.893 0.0000000000
14482  3.707  -58.137  9.685 0.0000000000
34727  19.651  -33.210  8.354 0.0000000000
130744  18.873  -33.376  8.100 0.0000000000
2982  22.276  -78.396  10.843 0.0000000000
2602  21.091  -78.953  10.460 0.0000000000
1386  19.054  -83.883  4.913 0.0000000000
1636  18.796  -83.085  5.170 0.0000000000
1394  18.840  -83.871  4.137 0.0000000000
1395  18.651  -83.669  3.373 0.0000000000
1183  19.021  -84.441  3.536 0.0000000000
8217  5.974  -68.469  -1.802 0.0000000000
7658  5.366  -69.425  -1.858 0.0000000000
7668  6.033  -69.324  -2.256 0.0000000000
7108  6.213  -70.159  -2.753 0.0000000000
7667  6.734  -69.293  -2.542 0.0000000000
21191  3.313  -48.923  21.213 0.0000000000
22045  2.311  -48.548  21.662 0.0000000000
130171  1.326  -49.762  22.292 0.0000000000
21179  1.257  -49.142  21.878 0.0000000000
117705  0.994  -49.560  20.336 0.0000000000
118716  1.022  -48.609  20.439 0.0000000000
23976  3.336  -46.088  14.113 0.0000000000
23977  2.912  -46.775  14.648 0.0000000000
23041  3.343  -47.045  13.786 0.0000000000
23063  3.755  -47.409  12.861 0.0000000000
24005  3.980  -46.594  12.212 0.0000000000
34692  10.213  -33.531  11.896 0.0000000000
33809  10.687  -34.885  11.623 0.0000000000
33796  9.898  -34.268  12.231 0.0000000000
30527  6.366  -38.390  13.455 0.0000000000
30519  6.220  -38.495  13.935 0.0000000000
122241  6.189  -39.192  14.434 0.0000000000
29657  5.346  -39.387  13.968 0.0000000000
28744  4.918  -39.966  14.310 0.0000000000
29669  5.562  -39.437  13.538 0.0000000000
26425  7.784  -42.850  12.429 0.0000000000
27171  8.484  -42.188  11.995 0.0000000000
631  15.535  -85.769  20.074 0.0000000000
849  15.170  -85.122  19.411 0.0000000000
840  14.816  -85.253  20.114 0.0000000000
614  10.208  -86.718  24.260 0.0000000000
119509  10.350  -86.936  22.790 0.0000000000
439  10.199  -88.015  23.358 0.0000000000
261  10.141  -88.798  22.834 0.0000000000
432  9.961  -87.551  23.991 0.0000000000
2136  11.079  -80.450  20.792 0.0000000000
139076  11.036  -81.853  21.287 0.0000000000
1789  10.578  -81.188  21.198 0.0000000000
121544  6.598  -72.090  19.643 0.0000000000
6229  2.601  -72.176  25.344 0.0000000000
5638  2.959  -72.767  25.759 0.0000000000
130767  2.791  -73.155  24.886 0.0000000000
3746  4.354  -76.392  16.808 0.0000000000
3735  4.549  -76.436  17.623 0.0000000000
3745  4.887  -76.349  16.889 0.0000000000
4218  5.379  -75.953  16.454 0.0000000000
127611  4.743  -76.066  15.037 0.0000000000
4236  5.403  -75.697  14.111 0.0000000000
3770  4.607  -76.042  14.092 0.0000000000
15690  6.642  -56.011  27.463 0.0000000000
135312  7.244  -57.087  27.563 0.0000000000
134710  6.158  -56.486  27.828 0.0000000000
117565  6.517  -57.524  28.103 0.0000000000
15674  4.684  -56.313  28.427 0.0000000000
14990  3.715  -56.746  28.847 0.0000000000
16411  3.796  -55.779  28.486 0.0000000000
17888  2.240  -52.812  24.550 0.0000000000
22941  7.219  -47.110  20.477 0.0000000000
21189  6.226  -48.308  20.835 0.0000000000
28698  23.395  -40.589  18.543 0.0000000000
27848  23.006  -41.369  17.974 0.0000000000
28699  22.603  -40.545  17.754 0.0000000000
29638  20.402  -39.275  15.747 0.0000000000
29639  20.199  -39.473  15.938 0.0000000000
28727  20.409  -40.435  15.728 0.0000000000
28726  21.380  -40.127  15.436 0.0000000000
28725  22.494  -40.671  15.412 0.0000000000
30515  25.589  -38.533  14.672 0.0000000000
34655  22.397  -33.474  14.260 0.0000000000
34668  22.612  -32.976  13.643 0.0000000000
599  17.682  -86.803  25.798 0.0000000000
586  18.127  -86.072  27.008 0.0000000000
592  18.372  -86.346  26.058 0.0000000000
597  19.197  -85.944  25.877 0.0000000000
117807  18.889  -86.335  25.128 0.0000000000
602  18.459  -86.704  24.375 0.0000000000
450  15.733  -86.826  20.723 0.0000000000
124786  16.463  -87.542  20.655 0.0000000000
630  16.511  -86.861  19.865 0.0000000000
638  16.871  -86.564  19.069 0.0000000000
1487  20.945  -82.632  20.187 0.0000000000
1497  19.712  -82.606  19.417 0.0000000000
286  15.229  -89.384  17.009 0.0000000000
298  16.729  -88.968  16.386 0.0000000000
142  16.201  -89.588  16.816 0.0000000000
402  17.698  -88.002  0.263 0.0000000000
405  18.716  -87.759  -0.081 0.0000000000
777  17.454  -86.493  -0.662 0.0000000000
778  15.940  -86.733  -0.334 0.0000000000
116998  10.302  -81.930  2.874 0.0000000000
2314  13.854  -80.974  3.867 0.0000000000
1653  13.642  -82.401  3.056 0.0000000000
2341  13.854  -81.117  3.004 0.0000000000
2354  13.570  -81.386  1.216 0.0000000000
2696  14.786  -80.215  1.928 0.0000000000
2704  15.404  -79.745  1.350 0.0000000000
2695  15.512  -79.552  2.225 0.0000000000
5868  14.693  -72.209  5.738 0.0000000000
5343  15.140  -72.772  6.318 0.0000000000
6419  14.956  -71.358  5.651 0.0000000000
14455  8.267  -58.371  14.686 0.0000000000
14456  6.927  -58.731  14.811 0.0000000000
14465  7.503  -59.116  14.157 0.0000000000
9884  6.645  -65.665  8.673 0.0000000000
10486  5.848  -64.118  9.496 0.0000000000
136623  6.331  -65.084  8.399 0.0000000000
9897  5.913  -64.444  7.160 0.0000000000
9912  6.246  -65.544  6.997 0.0000000000
9921  6.071  -65.733  5.532 0.0000000000
9305  6.484  -66.510  7.103 0.0000000000
6420  10.135  -71.164  3.945 0.0000000000
6431  8.884  -71.430  3.099 0.0000000000
122197  10.156  -71.689  2.785 0.0000000000
5907  9.983  -72.333  1.166 0.0000000000
6456  10.832  -71.646  1.843 0.0000000000
14552  5.639  -57.727  3.297 0.0000000000
13893  5.259  -58.776  3.443 0.0000000000
14567  5.919  -58.429  2.710 0.0000000000
11867  10.482  -62.930  3.084 0.0000000000
131085  10.390  -63.668  3.533 0.0000000000
11237  9.619  -63.961  2.956 0.0000000000
10575  9.975  -64.572  3.843 0.0000000000
9962  9.759  -65.508  4.127 0.0000000000
124492  10.435  -66.354  4.083 0.0000000000
122466  11.618  -65.933  -2.576 0.0000000000
8239  12.180  -68.350  -3.670 0.0000000000
8251  14.693  -68.792  -4.111 0.0000000000
1520  22.904  -82.374  16.671 0.0000000000
1291  23.368  -82.984  17.439 0.0000000000
1292  22.482  -83.341  16.974 0.0000000000
131595  20.679  -85.221  16.097 0.0000000000
1088  21.309  -84.946  16.815 0.0000000000
882  21.138  -85.754  17.067 0.0000000000
138446  22.103  -86.331  17.792 0.0000000000
659  21.103  -86.621  17.246 0.0000000000
9650  4.559  -64.729  30.330 0.0000000000
136738  4.103  -63.735  31.134 0.0000000000
10900  4.190  -63.382  28.741 0.0000000000
10899  4.864  -63.621  28.421 0.0000000000
10914  4.861  -63.612  27.434 0.0000000000
10932  5.145  -63.813  26.648 0.0000000000
10933  4.507  -63.558  26.368 0.0000000000
10961  4.628  -63.750  25.316 0.0000000000
132545  3.442  -63.470  26.389 0.0000000000
11599  1.261  -62.580  27.480 0.0000000000
10935  1.856  -63.293  26.369 0.0000000000
122731  1.429  -62.920  26.750 0.0000000000
133988  1.153  -62.157  26.578 0.0000000000
12240  0.992  -61.557  27.252 0.0000000000
130862  20.689  -48.600  22.203 0.0000000000
22014  17.925  -47.579  22.838 0.0000000000
21147  20.249  -48.024  22.555 0.0000000000
22033  20.804  -47.960  21.820 0.0000000000
22905  19.920  -47.603  22.252 0.0000000000
22034  20.010  -47.712  21.753 0.0000000000
22937  18.350  -47.517  21.602 0.0000000000
22035  19.114  -48.395  20.986 0.0000000000
22056  18.085  -48.534  20.641 0.0000000000
22055  20.073  -48.658  20.671 0.0000000000
22953  21.904  -47.903  19.235 0.0000000000
23882  22.995  -46.693  18.845 0.0000000000
22970  21.948  -47.017  18.677 0.0000000000
23903  23.071  -45.983  18.572 0.0000000000
4395  8.272  -74.806  -1.827 0.0000000000
4381  8.217  -75.058  -0.867 0.0000000000
122410  8.747  -75.284  -1.373 0.0000000000
3122  10.937  -78.398  -2.086 0.0000000000
3498  10.522  -78.167  -0.980 0.0000000000
3107  11.016  -78.786  -0.674 0.0000000000
3098  11.049  -78.828  0.121 0.0000000000
3487  11.845  -78.044  -0.386 0.0000000000
3921  12.505  -77.230  -0.586 0.0000000000
128332  13.827  -75.884  -3.157 0.0000000000
4403  13.725  -75.984  -2.434 0.0000000000
4919  14.573  -74.873  -3.210 0.0000000000
5413  14.828  -74.091  -2.796 0.0000000000
5428  15.178  -74.328  -3.693 0.0000000000
19620  3.881  -52.005  14.207 0.0000000000
18809  3.637  -52.863  13.906 0.0000000000
18808  4.284  -52.810  13.467 0.0000000000
18037  5.747  -53.373  12.303 0.0000000000
18047  3.367  -53.606  12.062 0.0000000000
18056  3.673  -53.576  11.176 0.0000000000
17309  2.697  -54.852  10.934 0.0000000000
136188  4.058  -53.550  10.529 0.0000000000
123511  22.576  -33.909  10.549 0.0000000000
115923  21.912  -34.779  10.292 0.0000000000
35615  21.510  -32.113  9.062 0.0000000000
34726  20.653  -32.848  8.744 0.0000000000
1318  25.445  -83.697  13.281 0.0000000000
1556  24.783  -82.978  13.978 0.0000000000
1319  24.642  -83.158  13.228 0.0000000000
1576  23.376  -82.373  10.614 0.0000000000
1573  23.314  -82.349  11.661 0.0000000000
1577  22.648  -82.079  10.402 0.0000000000
1880  22.556  -81.730  11.361 0.0000000000
1898  20.983  -81.929  10.058 0.0000000000
1144  21.571  -84.521  7.899 0.0000000000
23890  4.298  -46.431  19.892 0.0000000000
22960  3.552  -46.866  20.359 0.0000000000
23891  3.188  -46.055  19.971 0.0000000000
23892  2.173  -45.992  19.765 0.0000000000
24768  2.756  -45.553  19.459 0.0000000000
131890  2.590  -44.662  17.309 0.0000000000
25624  2.633  -44.681  16.406 0.0000000000
25623  2.770  -44.004  15.871 0.0000000000
32167  16.345  -36.547  9.434 0.0000000000
31380  15.757  -37.133  9.762 0.0000000000
32155  13.944  -36.811  9.856 0.0000000000
30573  14.286  -37.552  10.131 0.0000000000
31365  13.358  -37.417  10.483 0.0000000000
31345  12.587  -37.752  11.208 0.0000000000
33798  8.398  -34.052  12.254 0.0000000000
31347  7.526  -37.127  12.322 0.0000000000
129158  7.486  -37.635  11.960 0.0000000000
30552  7.358  -38.229  11.967 0.0000000000
617  13.740  -87.280  22.657 0.0000000000
625  13.153  -86.501  21.978 0.0000000000
1042  13.001  -84.689  23.675 0.0000000000
818  12.649  -85.377  23.410 0.0000000000
1043  11.586  -84.519  24.231 0.0000000000
115458  9.900  -78.094  20.582 0.0000000000
2872  9.356  -78.750  20.917 0.0000000000
2887  8.945  -78.089  20.581 0.0000000000
2890  6.711  -78.610  20.056 0.0000000000
2875  7.010  -78.816  20.753 0.0000000000
2514  6.307  -79.280  20.562 0.0000000000
2140  6.188  -80.387  21.404 0.0000000000
117031  5.860  -80.330  20.835 0.0000000000
117301  5.668  -79.566  19.718 0.0000000000
121949  6.346  -78.599  16.822 0.0000000000
2917  5.632  -79.145  17.904 0.0000000000
6272  2.505  -71.680  21.575 0.0000000000
128572  2.506  -73.519  21.431 0.0000000000
5704  2.614  -72.849  20.485 0.0000000000
5220  3.179  -73.515  17.299 0.0000000000
123346  3.158  -74.590  18.665 0.0000000000
4703  3.233  -74.378  17.758 0.0000000000
4714  3.371  -75.167  17.312 0.0000000000
4724  3.350  -74.833  16.398 0.0000000000
126241  3.589  -75.566  14.838 0.0000000000
16450  11.431  -55.473  25.973 0.0000000000
17853  8.685  -53.874  26.022 0.0000000000
17137  9.781  -55.221  26.142 0.0000000000
17139  8.395  -54.409  26.343 0.0000000000
16423  7.945  -55.190  26.665 0.0000000000
17842  6.737  -54.004  27.144 0.0000000000
17843  5.965  -53.433  27.483 0.0000000000
17856  6.571  -52.943  27.099 0.0000000000
19444  6.291  -50.738  25.957 0.0000000000
128748  5.643  -51.120  26.557 0.0000000000
19445  4.420  -50.706  25.912 0.0000000000
19446  3.448  -50.974  25.497 0.0000000000
20263  3.854  -50.650  25.012 0.0000000000
31296  20.854  -37.342  16.126 0.0000000000
31297  20.759  -37.872  15.638 0.0000000000
31306  21.027  -37.593  15.252 0.0000000000
122797  21.584  -37.042  15.139 0.0000000000
115783  22.731  -36.736  15.293 0.0000000000
32103  23.815  -36.418  15.332 0.0000000000
32913  21.048  -35.345  14.723 0.0000000000
1017  13.230  -85.191  27.768 0.0000000000
798  12.998  -85.972  28.190 0.0000000000
138720  13.977  -87.266  26.397 0.0000000000
595  13.761  -86.925  26.727 0.0000000000
414  14.350  -87.599  26.456 0.0000000000
125197  15.998  -87.671  26.241 0.0000000000
418  15.276  -88.139  25.503 0.0000000000
139716  15.687  -88.168  24.986 0.0000000000
245  14.707  -88.259  24.798 0.0000000000
604  14.328  -86.981  24.129 0.0000000000
249  14.125  -88.406  23.303 0.0000000000
431  13.907  -88.022  23.240 0.0000000000
266  14.181  -88.331  22.540 0.0000000000
1921  9.760  -81.629  7.416 0.0000000000
1595  10.166  -81.991  8.175 0.0000000000
132597  12.721  -83.457  9.007 0.0000000000
1365  11.600  -83.390  8.304 0.0000000000
133581  12.608  -84.562  8.018 0.0000000000
944  12.884  -85.157  7.283 0.0000000000
1155  13.514  -84.890  7.894 0.0000000000
1154  14.608  -84.523  7.632 0.0000000000
128949  14.436  -83.724  8.109 0.0000000000
124746  14.496  -81.563  7.368 0.0000000000
1609  14.382  -82.194  6.981 0.0000000000
1935  14.237  -81.381  6.349 0.0000000000
1956  14.057  -80.846  5.364 0.0000000000
128145  14.511  -80.228  5.309 0.0000000000
2673  14.955  -79.797  4.798 0.0000000000
2663  15.178  -79.739  5.835 0.0000000000
132738  16.331  -78.498  7.647 0.0000000000
121603  16.343  -78.523  6.158 0.0000000000
125636  16.797  -77.982  6.064 0.0000000000
3433  17.459  -76.865  5.102 0.0000000000
3843  17.428  -76.889  6.940 0.0000000000
13781  1.995  -58.391  15.944 0.0000000000
13107  9.639  -60.707  11.537 0.0000000000
13097  9.292  -60.690  12.266 0.0000000000
11773  9.440  -62.145  11.695 0.0000000000
9857  9.891  -65.345  10.800 0.0000000000
9844  9.338  -64.801  11.550 0.0000000000
9858  8.949  -65.715  11.147 0.0000000000
9870  7.457  -66.014  10.116 0.0000000000
9278  7.891  -66.581  9.720 0.0000000000
8713  7.771  -67.487  8.623 0.0000000000
8699  9.426  -67.253  9.392 0.0000000000
8725  11.230  -67.497  7.834 0.0000000000
8100  10.546  -68.076  8.242 0.0000000000
134726  10.994  -68.360  7.521 0.0000000000
7535  10.687  -69.424  6.475 0.0000000000
7534  11.308  -69.108  6.151 0.0000000000
2517  28.972  -79.958  19.414 0.0000000000
2522  29.792  -80.032  18.760 0.0000000000
2154  29.080  -80.542  20.261 0.0000000000
1271  28.420  -82.620  20.126 0.0000000000
1491  29.548  -81.983  19.906 0.0000000000
132896  28.915  -82.503  18.041 0.0000000000
1289  28.065  -82.987  18.247 0.0000000000
136081  24.641  -84.240  18.842 0.0000000000
1060  25.092  -84.199  19.107 0.0000000000
120108  24.620  -84.610  18.665 0.0000000000
880  26.069  -85.212  16.442 0.0000000000
867  26.244  -84.854  17.232 0.0000000000
1087  26.647  -84.440  16.453 0.0000000000
1086  27.130  -83.758  16.983 0.0000000000
126907  26.515  -84.360  15.775 0.0000000000
1101  26.251  -84.354  14.836 0.0000000000
1095  26.255  -84.657  15.128 0.0000000000
693  25.332  -86.067  12.707 0.0000000000
688  25.742  -85.545  13.059 0.0000000000
692  25.735  -85.566  12.282 0.0000000000
910  25.952  -85.146  11.215 0.0000000000
119883  25.350  -85.961  11.050 0.0000000000
35634  13.736  -32.181  8.820 0.0000000000
121838  13.171  -32.023  9.294 0.0000000000
122474  11.900  -31.891  10.312 0.0000000000
35591  10.693  -32.105  11.453 0.0000000000
37474  8.769  -30.286  12.069 0.0000000000
37473  9.392  -30.879  12.063 0.0000000000
123723  8.668  -31.140  12.194 0.0000000000
36512  9.264  -31.721  12.253 0.0000000000
36513  8.679  -31.752  12.376 0.0000000000
36502  8.416  -32.190  12.285 0.0000000000
36514  8.385  -31.567  12.117 0.0000000000
34709  8.705  -33.167  10.846 0.0000000000
1765  14.433  -81.388  24.549 0.0000000000
1770  14.741  -81.166  23.490 0.0000000000
2122  14.223  -80.450  23.207 0.0000000000
2125  14.371  -80.228  22.200 0.0000000000
127472  14.019  -79.752  21.570 0.0000000000
2149  13.733  -79.771  20.983 0.0000000000
2512  13.418  -78.806  20.820 0.0000000000
4177  13.389  -75.382  20.594 0.0000000000
3710  13.604  -76.507  21.138 0.0000000000
138332  13.333  -76.703  20.663 0.0000000000
3711  13.074  -77.515  20.537 0.0000000000
121774  12.452  -76.901  20.263 0.0000000000
130268  11.437  -77.431  20.268 0.0000000000
3719  12.353  -76.096  19.803 0.0000000000
4197  12.058  -74.790  18.333 0.0000000000
4189  11.461  -75.518  18.658 0.0000000000
4198  11.227  -75.239  17.970 0.0000000000
4199  10.586  -75.536  17.726 0.0000000000
4207  11.016  -74.964  17.183 0.0000000000
7884  2.600  -68.364  28.482 0.0000000000
130233  2.737  -69.026  27.364 0.0000000000
7337  2.726  -69.703  26.563 0.0000000000
7902  2.591  -69.062  26.609 0.0000000000
9669  4.062  -66.012  27.760 0.0000000000
9090  2.929  -66.594  28.225 0.0000000000
9676  3.955  -66.258  26.875 0.0000000000
8530  3.504  -67.604  24.465 0.0000000000
120894  3.183  -67.399  25.163 0.0000000000
7930  2.610  -68.842  24.407 0.0000000000
138225  2.364  -69.482  24.393 0.0000000000
7371  2.517  -69.557  23.727 0.0000000000
7379  2.500  -70.038  22.986 0.0000000000
7378  3.087  -69.397  22.803 0.0000000000
121878  3.569  -68.885  21.332 0.0000000000
7393  3.215  -69.665  21.275 0.0000000000
127352  3.263  -69.265  20.543 0.0000000000
6868  2.983  -70.518  19.185 0.0000000000
7403  3.095  -69.567  19.614 0.0000000000
122330  2.971  -69.569  18.568 0.0000000000
7410  2.928  -68.845  19.021 0.0000000000
125610  3.031  -66.228  20.439 0.0000000000
127221  2.377  -66.870  18.898 0.0000000000
136693  3.528  -64.033  23.846 0.0000000000
10338  3.852  -64.640  22.497 0.0000000000
10339  2.797  -64.095  22.991 0.0000000000
19504  13.019  -50.922  21.765 0.0000000000
20296  12.286  -50.973  22.190 0.0000000000
19467  12.188  -51.623  22.829 0.0000000000
20298  10.695  -50.117  22.562 0.0000000000
21152  11.285  -49.535  22.022 0.0000000000
22925  11.541  -46.729  21.778 0.0000000000
22041  10.196  -47.603  22.147 0.0000000000
22926  10.649  -46.774  21.792 0.0000000000
128431  8.891  -46.433  21.447 0.0000000000
134070  10.314  -46.089  21.340 0.0000000000
22909  15.878  -46.691  22.498 0.0000000000
22922  14.248  -46.429  22.230 0.0000000000
23848  14.839  -46.150  21.967 0.0000000000
23908  12.545  -45.979  18.825 0.0000000000
23886  12.044  -45.593  19.611 0.0000000000
23887  11.106  -45.657  19.434 0.0000000000
23888  10.181  -45.856  19.544 0.0000000000
22980  10.302  -46.583  18.763 0.0000000000
22073  18.193  -48.944  19.192 0.0000000000
116212  16.807  -48.519  18.546 0.0000000000
23946  20.570  -45.949  17.321 0.0000000000
24796  20.729  -45.068  17.104 0.0000000000
1757  14.597  -82.062  25.209 0.0000000000
2714  7.927  -80.369  -0.064 0.0000000000
2697  7.863  -79.690  2.330 0.0000000000
3883  8.678  -76.070  1.550 0.0000000000
3898  7.909  -76.451  1.176 0.0000000000
3884  8.382  -76.565  1.999 0.0000000000
3436  8.524  -77.693  4.298 0.0000000000
3448  7.931  -77.727  3.820 0.0000000000
3437  7.927  -78.026  4.542 0.0000000000
2674  7.604  -79.300  4.325 0.0000000000
2665  7.854  -79.097  5.941 0.0000000000
2656  8.323  -79.688  6.526 0.0000000000
3031  8.507  -78.923  6.275 0.0000000000
3029  11.347  -78.411  6.234 0.0000000000
2653  10.837  -78.975  6.963 0.0000000000
3022  11.592  -78.724  7.275 0.0000000000
2628  11.954  -79.185  8.098 0.0000000000
3021  12.350  -78.475  7.820 0.0000000000
3417  12.781  -77.770  7.546 0.0000000000
3423  12.565  -77.497  6.522 0.0000000000
4330  13.333  -75.339  3.853 0.0000000000
4317  13.439  -75.453  4.709 0.0000000000
4839  13.579  -74.682  4.444 0.0000000000
4838  13.892  -74.013  5.035 0.0000000000
5362  13.650  -73.409  3.735 0.0000000000
4364  13.285  -75.080  0.419 0.0000000000
4354  13.131  -75.312  1.256 0.0000000000
4892  13.489  -74.235  0.586 0.0000000000
5892  13.811  -72.971  1.591 0.0000000000
6455  14.505  -71.625  1.768 0.0000000000
6441  14.296  -71.706  2.664 0.0000000000
6454  15.118  -70.831  1.462 0.0000000000
7040  15.234  -70.358  2.329 0.0000000000
7644  17.856  -69.790  0.087 0.0000000000
17236  2.820  -54.135  18.683 0.0000000000
119543  3.444  -54.838  18.464 0.0000000000
17235  4.018  -54.098  18.543 0.0000000000
16540  6.390  -54.732  16.777 0.0000000000
17244  6.317  -54.813  17.548 0.0000000000
16554  7.068  -55.207  16.225 0.0000000000
15829  8.385  -56.243  16.002 0.0000000000
16567  7.405  -55.600  15.247 0.0000000000
16570  2.591  -55.196  14.126 0.0000000000
16576  3.212  -55.524  14.468 0.0000000000
15845  3.807  -56.192  13.823 0.0000000000
15160  6.495  -56.855  12.020 0.0000000000
15853  6.173  -56.503  12.818 0.0000000000
15852  7.311  -56.572  12.708 0.0000000000
15843  8.268  -56.417  13.500 0.0000000000
118176  8.851  -57.338  12.195 0.0000000000
14474  9.041  -58.041  11.406 0.0000000000
126738  7.935  -57.487  11.301 0.0000000000
13827  7.031  -59.233  9.209 0.0000000000
13826  7.758  -59.552  9.574 0.0000000000
13122  7.522  -60.011  9.035 0.0000000000
127041  8.046  -60.660  9.111 0.0000000000
13133  7.509  -60.626  8.433 0.0000000000
118791  19.680  -37.854  10.372 0.0000000000
32959  20.822  -35.192  9.822 0.0000000000
33828  19.230  -34.875  8.970 0.0000000000
137991  19.464  -36.037  9.519 0.0000000000
116735  18.921  -36.102  9.396 0.0000000000
117326  18.808  -36.730  9.650 0.0000000000
32165  18.273  -36.441  9.450 0.0000000000
119338  17.751  -36.679  9.528 0.0000000000
32983  17.804  -35.407  8.874 0.0000000000
34729  17.025  -33.780  8.116 0.0000000000
35631  16.539  -33.015  7.836 0.0000000000
35655  16.183  -32.216  7.621 0.0000000000
1856  25.023  -81.523  14.632 0.0000000000
1586  19.752  -81.859  9.389 0.0000000000
1900  19.672  -81.095  9.555 0.0000000000
1592  19.395  -82.054  8.596 0.0000000000
1934  18.614  -80.684  6.178 0.0000000000
1660  18.081  -82.444  2.309 0.0000000000
131982  18.060  -81.229  1.874 0.0000000000
1990  17.704  -81.389  0.970 0.0000000000
1999  17.321  -81.554  0.109 0.0000000000
121892  4.728  -71.923  -2.017 0.0000000000
5942  4.645  -72.767  -1.708 0.0000000000
5420  4.965  -73.418  -2.233 0.0000000000
5407  5.197  -74.256  -1.985 0.0000000000
4923  5.724  -74.288  -2.174 0.0000000000
4915  6.166  -74.626  -2.021 0.0000000000
5418  6.398  -73.360  -2.917 0.0000000000
136463  7.429  -72.080  -4.069 0.0000000000
5432  7.441  -73.581  -4.182 0.0000000000
5445  7.713  -73.421  -4.438 0.0000000000
4944  8.496  -74.685  -4.511 0.0000000000
5444  8.325  -74.002  -4.518 0.0000000000
19510  1.168  -51.356  22.301 0.0000000000
17921  1.774  -52.881  22.901 0.0000000000
17922  1.251  -53.073  22.510 0.0000000000
17189  1.130  -53.959  22.362 0.0000000000
129942  0.983  -53.009  21.199 0.0000000000
17957  1.380  -53.191  20.073 0.0000000000
18717  1.082  -52.313  20.748 0.0000000000
20360  1.454  -50.373  18.510 0.0000000000
19543  1.634  -51.205  18.732 0.0000000000
19558  1.806  -50.927  17.816 0.0000000000
19557  2.201  -51.209  17.229 0.0000000000
20377  1.875  -50.659  17.019 0.0000000000
22998  1.458  -47.099  18.000 0.0000000000
121316  1.346  -47.905  17.846 0.0000000000
22159  2.319  -49.101  14.981 0.0000000000
21265  1.869  -48.889  15.835 0.0000000000
21277  2.681  -49.846  14.660 0.0000000000
20428  3.077  -50.453  14.435 0.0000000000
21292  3.259  -49.769  14.050 0.0000000000
21320  4.740  -48.329  11.894 0.0000000000
21300  4.765  -49.211  12.611 0.0000000000
21319  5.396  -48.860  11.964 0.0000000000
21318  6.264  -49.475  12.135 0.0000000000
22204  6.052  -48.602  11.557 0.0000000000
27117  8.682  -42.737  15.312 0.0000000000
33832  12.900  -34.115  9.632 0.0000000000
33822  12.936  -34.901  9.780 0.0000000000
33823  12.443  -34.481  10.059 0.0000000000
32937  11.103  -35.727  11.431 0.0000000000
32936  11.778  -35.685  10.842 0.0000000000
31346  11.695  -37.207  11.598 0.0000000000
32126  10.775  -36.974  12.188 0.0000000000
30525  8.583  -37.938  13.585 0.0000000000
31320  9.081  -37.413  13.282 0.0000000000
30524  9.446  -38.349  13.453 0.0000000000
28741  9.252  -39.946  13.960 0.0000000000
29649  8.342  -39.316  14.194 0.0000000000
27885  6.058  -40.975  15.281 0.0000000000
28728  6.818  -40.600  14.971 0.0000000000
27119  6.786  -42.048  15.700 0.0000000000
27120  5.661  -41.735  15.883 0.0000000000
27096  5.268  -42.273  16.488 0.0000000000
27121  4.478  -41.580  15.935 0.0000000000
27149  3.658  -41.773  14.267 0.0000000000
27137  3.273  -42.173  14.640 0.0000000000
26405  3.627  -42.571  14.169 0.0000000000
115461  3.640  -43.441  14.116 0.0000000000
134614  4.108  -43.106  13.592 0.0000000000
117931  5.971  -40.407  12.920 0.0000000000
26416  6.127  -43.765  12.354 0.0000000000
118256  5.317  -43.403  12.515 0.0000000000
26426  5.445  -44.312  12.136 0.0000000000
25668  4.676  -45.121  11.882 0.0000000000
24873  5.125  -45.589  11.255 0.0000000000
24015  4.831  -46.341  11.048 0.0000000000
24872  6.052  -45.775  11.119 0.0000000000
24870  7.758  -45.880  11.762 0.0000000000
24014  6.825  -46.298  11.183 0.0000000000
24013  7.868  -46.734  11.387 0.0000000000
23085  7.575  -47.576  11.245 0.0000000000
23084  8.563  -47.457  11.380 0.0000000000
124474  9.298  -48.014  11.432 0.0000000000
126525  8.890  -46.827  11.478 0.0000000000
884  16.509  -84.874  16.239 0.0000000000
1090  16.729  -84.850  15.514 0.0000000000
873  16.117  -85.193  16.650 0.0000000000
875  14.922  -85.235  17.942 0.0000000000
660  15.017  -85.747  17.054 0.0000000000
131068  14.400  -86.236  17.483 0.0000000000
132202  14.662  -87.579  16.522 0.0000000000
467  13.742  -87.085  17.824 0.0000000000
843  11.939  -85.667  20.704 0.0000000000
842  12.974  -85.521  20.545 0.0000000000
852  12.394  -85.435  19.896 0.0000000000
132438  11.224  -87.312  19.808 0.0000000000
642  11.266  -86.400  19.739 0.0000000000
278  12.761  -88.028  18.741 0.0000000000
272  12.316  -88.849  19.577 0.0000000000
125  12.349  -89.636  19.598 0.0000000000
120  11.772  -89.420  20.119 0.0000000000
119  9.997  -89.645  22.001 0.0000000000
126169  10.455  -89.878  20.516 0.0000000000
1465  14.053  -82.635  22.054 0.0000000000
1258  14.270  -83.210  22.837 0.0000000000
1466  13.006  -82.819  22.132 0.0000000000
1468  10.467  -82.572  22.527 0.0000000000
1261  11.006  -83.077  23.355 0.0000000000
128697  10.494  -83.522  24.257 0.0000000000
1241  10.772  -84.223  24.692 0.0000000000
137758  9.812  -83.421  24.407 0.0000000000
2126  8.596  -80.758  22.163 0.0000000000
1778  9.087  -81.581  22.389 0.0000000000
124411  8.101  -81.227  22.932 0.0000000000
1253  7.842  -83.241  24.622 0.0000000000
1037  7.815  -84.602  24.700 0.0000000000
1036  8.323  -84.761  25.054 0.0000000000
821  8.320  -85.996  24.299 0.0000000000
615  8.629  -87.034  23.937 0.0000000000
5742  9.282  -72.372  17.520 0.0000000000
5218  9.443  -72.785  16.534 0.0000000000
5229  9.597  -73.468  15.798 0.0000000000
5230  8.710  -73.045  16.058 0.0000000000
7336  4.317  -70.008  26.934 0.0000000000
5642  3.920  -73.061  24.890 0.0000000000
6228  4.438  -72.227  25.110 0.0000000000
5682  4.671  -73.360  23.135 0.0000000000
4665  2.786  -75.135  22.123 0.0000000000
4650  2.869  -75.010  22.874 0.0000000000
4168  3.368  -76.098  21.366 0.0000000000
4190  5.446  -75.838  19.636 0.0000000000
4166  4.655  -75.832  21.168 0.0000000000
4677  5.399  -75.197  20.442 0.0000000000
5181  5.539  -74.002  20.691 0.0000000000
4691  6.188  -74.449  19.132 0.0000000000
135083  6.498  -73.901  18.683 0.0000000000
4200  6.292  -74.586  18.296 0.0000000000
4736  6.758  -74.308  14.843 0.0000000000
4723  6.777  -74.018  15.642 0.0000000000
128529  7.457  -74.239  14.464 0.0000000000
4742  8.527  -74.764  14.459 0.0000000000
4233  8.277  -75.602  14.189 0.0000000000
3758  7.877  -76.982  14.616 0.0000000000
3769  7.800  -76.479  14.032 0.0000000000
3365  5.292  -77.698  12.861 0.0000000000
3364  6.155  -77.345  13.543 0.0000000000
14301  10.064  -59.329  27.776 0.0000000000
14287  4.572  -58.295  29.441 0.0000000000
13593  5.677  -59.284  29.821 0.0000000000
14273  4.204  -58.750  29.977 0.0000000000
126788  3.710  -59.057  30.593 0.0000000000
14274  2.736  -58.728  30.613 0.0000000000
13576  1.678  -59.051  30.886 0.0000000000
14289  2.643  -58.120  29.899 0.0000000000
15676  1.465  -56.596  28.914 0.0000000000
14291  1.234  -58.027  29.055 0.0000000000
14306  0.865  -57.686  28.243 0.0000000000
14316  0.840  -58.247  27.480 0.0000000000
15003  0.710  -57.382  27.222 0.0000000000
17123  3.413  -53.453  27.853 0.0000000000
17110  3.143  -54.394  28.228 0.0000000000
17124  2.270  -53.766  28.071 0.0000000000
16440  0.740  -54.931  25.829 0.0000000000
133633  0.435  -55.243  26.670 0.0000000000
15009  0.842  -56.755  25.506 0.0000000000
15010  0.921  -57.345  25.995 0.0000000000
15024  1.204  -57.202  25.070 0.0000000000
14359  1.723  -58.667  24.432 0.0000000000
21153  8.476  -48.798  23.054 0.0000000000
21120  7.490  -49.745  24.317 0.0000000000
21134  7.213  -49.056  23.680 0.0000000000
21155  5.197  -49.385  22.422 0.0000000000
21136  5.292  -49.218  23.098 0.0000000000
19471  4.486  -50.569  22.903 0.0000000000
19472  4.010  -50.958  23.304 0.0000000000
18676  4.800  -51.586  22.840 0.0000000000
26343  21.879  -43.851  17.662 0.0000000000
128045  20.493  -42.973  17.190 0.0000000000
26352  20.392  -43.637  16.918 0.0000000000
127827  21.506  -39.069  16.999 0.0000000000
123180  22.545  -39.008  17.713 0.0000000000
28707  21.210  -40.643  17.242 0.0000000000
28708  20.313  -40.786  16.767 0.0000000000
133513  21.109  -41.695  15.605 0.0000000000
27112  20.638  -42.221  15.955 0.0000000000
26382  21.217  -43.009  16.027 0.0000000000
26366  21.783  -43.637  16.062 0.0000000000
26381  22.542  -43.155  15.758 0.0000000000
27109  24.606  -42.537  15.601 0.0000000000
120294  22.547  -38.848  15.396 0.0000000000
29635  24.308  -39.730  15.538 0.0000000000
28739  25.655  -40.206  14.510 0.0000000000
31341  23.638  -37.590  11.674 0.0000000000
32918  24.589  -35.609  14.155 0.0000000000
32919  24.281  -34.852  13.638 0.0000000000
33795  23.929  -34.215  13.108 0.0000000000
32924  24.283  -34.971  12.641 0.0000000000
32934  23.939  -35.140  11.795 0.0000000000
33807  23.488  -34.526  11.475 0.0000000000
34689  23.519  -33.862  11.847 0.0000000000
1441  17.421  -83.323  27.476 0.0000000000
790  14.542  -86.208  28.959 0.0000000000
782  15.133  -85.548  29.321 0.0000000000
789  15.571  -85.860  28.985 0.0000000000
1016  18.743  -84.916  27.683 0.0000000000
129770  18.166  -84.692  27.897 0.0000000000
1007  19.033  -84.340  27.638 0.0000000000
130839  18.540  -84.110  27.678 0.0000000000
1006  19.905  -84.063  27.667 0.0000000000
1226  20.709  -83.797  27.661 0.0000000000
608  20.713  -85.857  22.845 0.0000000000
823  21.304  -85.260  22.759 0.0000000000
824  20.730  -85.615  22.466 0.0000000000
1051  20.805  -84.940  21.815 0.0000000000
830  20.487  -85.620  22.039 0.0000000000
430  17.378  -87.649  23.090 0.0000000000
121463  18.199  -87.182  23.020 0.0000000000
437  17.341  -87.826  22.228 0.0000000000
636  17.905  -86.602  19.873 0.0000000000
130874  18.246  -86.999  20.733 0.0000000000
839  18.573  -86.224  20.477 0.0000000000
847  18.788  -85.289  20.239 0.0000000000
1062  18.480  -84.741  19.442 0.0000000000
1277  18.669  -83.754  19.356 0.0000000000
1070  17.947  -85.199  18.664 0.0000000000
872  17.006  -85.008  17.167 0.0000000000
1071  17.619  -84.872  17.884 0.0000000000
1294  17.408  -83.853  16.209 0.0000000000
2187  22.872  -80.602  16.783 0.0000000000
1831  22.689  -80.972  16.411 0.0000000000
2188  21.486  -80.621  16.172 0.0000000000
1821  18.831  -81.566  16.640 0.0000000000
1833  19.468  -81.026  16.180 0.0000000000
1834  18.916  -81.499  15.725 0.0000000000
1544  18.756  -82.048  15.037 0.0000000000
1534  18.277  -82.151  16.059 0.0000000000
676  16.839  -86.515  14.826 0.0000000000
683  18.204  -86.236  14.447 0.0000000000
675  17.591  -86.850  14.712 0.0000000000
296  18.437  -88.787  16.547 0.0000000000
472  19.481  -87.614  16.362 0.0000000000
465  20.068  -87.957  16.801 0.0000000000
281  21.251  -87.870  17.011 0.0000000000
282  20.448  -88.159  16.831 0.0000000000
150  20.285  -89.178  14.357 0.0000000000
67  19.856  -89.624  15.131 0.0000000000
149  21.129  -88.757  14.645 0.0000000000
136795  21.739  -88.593  15.492 0.0000000000
315  23.095  -87.633  13.624 0.0000000000
316  22.288  -87.807  13.435 0.0000000000
122547  22.726  -87.233  12.198 0.0000000000
508  24.337  -86.585  10.681 0.0000000000
947  24.924  -86.068  6.576 0.0000000000
737  24.668  -86.582  6.083 0.0000000000
116206  23.525  -86.869  3.827 0.0000000000
745  23.644  -86.665  4.414 0.0000000000
752  22.879  -86.611  3.713 0.0000000000
965  21.699  -86.110  4.381 0.0000000000
972  21.719  -86.399  3.362 0.0000000000
771  20.449  -86.662  0.330 0.0000000000
768  20.119  -86.214  0.673 0.0000000000
977  20.727  -86.233  2.166 0.0000000000
118170  19.640  -85.583  1.298 0.0000000000
1189  19.106  -84.944  1.930 0.0000000000
983  18.967  -84.982  0.957 0.0000000000
1199  16.769  -84.769  -0.285 0.0000000000
134304  17.445  -84.313  0.135 0.0000000000
1407  15.973  -83.290  -0.013 0.0000000000
1673  16.246  -82.585  -0.184 0.0000000000
1408  15.300  -82.999  -0.503 0.0000000000
1625  11.553  -82.951  5.200 0.0000000000
1170  15.809  -85.065  5.145 0.0000000000
126566  16.115  -85.774  4.692 0.0000000000
1179  15.282  -84.306  4.675 0.0000000000
1403  13.315  -83.985  1.767 0.0000000000
975  14.788  -85.009  2.827 0.0000000000
981  14.105  -85.290  1.666 0.0000000000
133978  14.644  -86.079  1.243 0.0000000000
985  13.728  -85.343  0.989 0.0000000000
989  14.284  -85.656  0.423 0.0000000000
1198  13.200  -84.049  0.789 0.0000000000
2362  13.819  -81.241  -0.494 0.0000000000
126386  13.346  -82.205  -0.252 0.0000000000
2017  14.130  -81.448  -1.313 0.0000000000
2377  14.748  -81.383  -2.104 0.0000000000
116175  14.840  -80.849  -2.196 0.0000000000
2375  15.973  -80.661  -2.773 0.0000000000
2722  15.584  -79.956  -1.707 0.0000000000
3071  16.143  -78.918  2.641 0.0000000000
3415  14.500  -77.106  8.674 0.0000000000
3826  15.403  -76.856  8.824 0.0000000000
3836  15.648  -76.044  8.454 0.0000000000
15808  4.508  -56.070  17.906 0.0000000000
15821  3.655  -56.549  17.027 0.0000000000
15135  3.992  -57.012  16.369 0.0000000000
14467  4.946  -58.906  13.794 0.0000000000
14458  4.702  -58.429  14.482 0.0000000000
131171  4.067  -58.646  13.191 0.0000000000
14468  3.324  -58.362  13.186 0.0000000000
118566  7.207  -61.845  12.665 0.0000000000
135904  7.083  -61.164  12.748 0.0000000000
11763  6.271  -62.483  12.500 0.0000000000
138546  5.384  -62.604  10.094 0.0000000000
12407  5.423  -61.749  11.374 0.0000000000
12417  5.075  -61.352  10.359 0.0000000000
13109  3.844  -59.890  10.505 0.0000000000
12418  4.474  -60.913  9.591 0.0000000000
12434  3.887  -60.843  9.041 0.0000000000
131994  4.438  -61.309  8.638 0.0000000000
10531  5.307  -63.312  5.648 0.0000000000
9360  6.335  -66.224  3.643 0.0000000000
129525  6.266  -65.566  2.710 0.0000000000
8792  6.724  -66.504  1.835 0.0000000000
8798  6.557  -66.309  0.284 0.0000000000
8189  7.050  -67.436  1.699 0.0000000000
8128  7.461  -68.900  6.640 0.0000000000
8141  6.697  -68.425  5.513 0.0000000000
7558  6.916  -68.969  5.050 0.0000000000
7043  8.298  -70.851  2.013 0.0000000000
7605  7.459  -69.234  2.468 0.0000000000
7635  7.919  -69.406  0.571 0.0000000000
7634  8.082  -69.532  -0.387 0.0000000000
7646  8.137  -69.757  -1.284 0.0000000000
7081  8.389  -70.548  -0.398 0.0000000000
5940  10.209  -72.878  -1.117 0.0000000000
6489  9.536  -72.475  -1.034 0.0000000000
5415  10.336  -73.310  -2.145 0.0000000000
117973  10.127  -73.960  -3.034 0.0000000000
5952  10.986  -73.013  -2.198 0.0000000000
19651  9.923  -52.012  10.297 0.0000000000
18837  8.435  -52.806  10.826 0.0000000000
19653  7.805  -52.256  9.985 0.0000000000
18093  4.702  -53.358  8.804 0.0000000000
18094  4.335  -53.807  9.310 0.0000000000
133392  4.388  -53.997  8.645 0.0000000000
115730  4.172  -57.200  6.077 0.0000000000
15907  4.366  -56.356  6.375 0.0000000000
15211  3.634  -57.422  7.026 0.0000000000
15899  3.904  -56.341  7.422 0.0000000000
14530  3.448  -58.447  6.991 0.0000000000
14519  3.441  -58.656  7.562 0.0000000000
13859  3.571  -59.168  7.056 0.0000000000
12489  4.745  -60.880  5.044 0.0000000000
13167  4.677  -60.625  5.743 0.0000000000
12473  5.348  -61.024  5.607 0.0000000000
12472  7.004  -61.459  6.509 0.0000000000
129122  6.367  -61.523  5.554 0.0000000000
13208  6.375  -60.585  1.410 0.0000000000
13207  7.279  -61.040  1.019 0.0000000000
10578  8.008  -63.961  3.461 0.0000000000
11860  7.288  -63.256  3.328 0.0000000000
11223  7.617  -63.487  4.210 0.0000000000
11210  7.986  -63.296  5.124 0.0000000000
11209  8.644  -63.759  5.829 0.0000000000
10529  9.819  -64.823  6.982 0.0000000000
9920  8.871  -65.618  5.384 0.0000000000
125475  10.055  -67.578  3.795 0.0000000000
8763  10.155  -67.610  4.830 0.0000000000
8150  10.791  -68.330  4.343 0.0000000000
8149  11.307  -69.086  4.025 0.0000000000
8160  10.842  -68.887  3.118 0.0000000000
9382  11.048  -66.087  2.034 0.0000000000
126258  11.435  -65.113  0.955 0.0000000000
8826  10.332  -66.623  -1.467 0.0000000000
8813  10.093  -66.721  -0.485 0.0000000000
8203  10.464  -67.717  -0.975 0.0000000000
8195  10.744  -68.764  0.547 0.0000000000
139783  11.174  -69.228  -0.892 0.0000000000
7645  11.310  -69.790  -0.507 0.0000000000
134009  11.221  -69.241  -2.096 0.0000000000
128352  11.720  -70.074  -4.105 0.0000000000
7117  11.527  -70.408  -3.800 0.0000000000
6531  11.984  -71.494  -4.466 0.0000000000
5978  12.092  -72.537  -4.451 0.0000000000
5977  12.441  -72.253  -4.611 0.0000000000
130144  13.163  -73.536  -4.657 0.0000000000
6539  13.219  -72.073  -4.704 0.0000000000
7139  16.107  -71.422  -4.996 0.0000000000
119654  15.507  -72.184  -5.060 0.0000000000
6536  16.957  -71.902  -5.219 0.0000000000
5975  17.220  -72.626  -4.862 0.0000000000
5986  17.610  -72.121  -5.114 0.0000000000
7679  20.030  -69.828  -4.242 0.0000000000
139087  19.193  -71.171  -4.299 0.0000000000
7116  20.369  -70.381  -3.664 0.0000000000
116539  19.459  -70.809  -2.739 0.0000000000
127182  21.003  -69.902  -3.360 0.0000000000
1541  20.995  -82.498  15.288 0.0000000000
137715  21.838  -83.521  16.487 0.0000000000
1306  20.794  -83.417  15.275 0.0000000000
883  20.092  -85.907  15.630 0.0000000000
10863  2.667  -63.208  31.677 0.0000000000
10872  3.614  -63.506  31.056 0.0000000000
10873  2.480  -63.110  30.647 0.0000000000
10888  2.762  -63.238  29.713 0.0000000000
10901  2.990  -63.324  28.794 0.0000000000
10916  2.566  -63.379  27.849 0.0000000000
133447  2.202  -63.299  28.461 0.0000000000
122481  1.230  -62.324  28.447 0.0000000000
12211  1.159  -61.460  29.043 0.0000000000
21146  20.837  -48.119  22.129 0.0000000000
128962  21.500  -48.533  21.187 0.0000000000
115956  21.377  -48.727  20.135 0.0000000000
132354  22.650  -48.139  19.819 0.0000000000
4404  8.983  -76.218  -3.791 0.0000000000
3946  9.439  -76.612  -3.038 0.0000000000
3518  10.081  -77.341  -3.419 0.0000000000
3508  11.058  -78.037  -2.923 0.0000000000
3507  11.731  -77.649  -3.095 0.0000000000
3933  12.549  -77.234  -1.715 0.0000000000
3955  12.416  -76.908  -3.488 0.0000000000
3954  12.959  -76.321  -3.739 0.0000000000
4420  14.030  -75.299  -4.008 0.0000000000
19628  6.227  -51.570  13.306 0.0000000000
18807  5.154  -52.509  13.337 0.0000000000
18806  6.025  -52.465  13.228 0.0000000000
18815  6.533  -53.207  12.661 0.0000000000
18826  6.191  -53.462  11.737 0.0000000000
34706  22.334  -33.173  10.233 0.0000000000
1336  25.483  -83.816  11.507 0.0000000000
1337  24.655  -83.215  11.716 0.0000000000
135379  24.711  -83.017  10.240 0.0000000000
1581  24.132  -82.728  10.049 0.0000000000
1353  23.145  -82.991  9.223 0.0000000000
1354  21.979  -83.238  9.107 0.0000000000
1143  22.669  -84.340  8.096 0.0000000000
939  23.308  -85.268  6.936 0.0000000000
24798  6.453  -46.012  18.508 0.0000000000
24782  5.816  -45.646  18.986 0.0000000000
25580  4.743  -45.118  19.040 0.0000000000
25581  3.501  -44.668  18.522 0.0000000000
137564  4.486  -44.463  18.491 0.0000000000
122080  3.780  -43.977  17.923 0.0000000000
26357  3.255  -43.609  17.305 0.0000000000
32168  15.447  -36.374  9.373 0.0000000000
135082  15.118  -35.501  8.977 0.0000000000
32170  13.687  -36.006  9.663 0.0000000000
33810  8.228  -34.338  12.065 0.0000000000
32938  8.113  -35.275  11.942 0.0000000000
139000  14.143  -86.452  23.616 0.0000000000
612  13.436  -86.358  23.084 0.0000000000
3714  9.400  -76.949  19.597 0.0000000000
3299  8.280  -77.829  20.224 0.0000000000
3311  8.209  -77.472  19.062 0.0000000000
139925  7.259  -78.187  19.884 0.0000000000
2899  7.063  -78.249  19.378 0.0000000000
2901  5.714  -79.160  19.206 0.0000000000
3313  6.756  -78.375  18.486 0.0000000000
3323  6.963  -78.299  17.531 0.0000000000
3336  6.773  -78.230  15.821 0.0000000000
6292  2.899  -71.660  19.147 0.0000000000
5715  2.820  -72.659  19.489 0.0000000000
5727  2.984  -72.468  18.508 0.0000000000
5743  3.105  -72.637  17.566 0.0000000000
5245  3.530  -73.344  15.246 0.0000000000
17868  11.094  -54.066  25.104 0.0000000000
17149  11.359  -54.742  25.518 0.0000000000
17869  10.258  -53.848  25.318 0.0000000000
17870  9.353  -53.666  25.636 0.0000000000
18637  7.825  -52.786  26.228 0.0000000000
18638  7.095  -52.403  26.627 0.0000000000
18651  7.587  -51.909  26.089 0.0000000000
19443  7.245  -51.052  25.829 0.0000000000
20260  6.749  -50.396  25.459 0.0000000000
32106  20.795  -37.075  15.217 0.0000000000
32118  20.604  -36.494  15.003 0.0000000000
32117  20.908  -36.222  14.810 0.0000000000
1233  14.421  -83.315  26.531 0.0000000000
796  13.964  -85.452  27.103 0.0000000000
1023  14.815  -84.998  26.426 0.0000000000
119952  14.232  -86.827  25.906 0.0000000000
423  14.382  -87.965  24.930 0.0000000000
119575  14.772  -86.349  24.837 0.0000000000
2273  11.170  -80.832  8.562 0.0000000000
127534  10.949  -82.156  8.611 0.0000000000
1588  11.879  -82.038  9.228 0.0000000000
119016  12.880  -82.233  9.465 0.0000000000
1355  13.642  -82.491  9.337 0.0000000000
117214  14.438  -82.932  8.238 0.0000000000
127424  14.437  -82.083  8.735 0.0000000000
1920  14.667  -81.323  8.375 0.0000000000
2297  14.713  -80.860  7.304 0.0000000000
132682  15.222  -79.989  7.203 0.0000000000
2639  15.373  -79.696  8.404 0.0000000000
3020  15.839  -79.159  7.774 0.0000000000
3007  16.095  -78.272  8.559 0.0000000000
15127  1.900  -57.471  17.532 0.0000000000
15138  2.009  -57.472  16.686 0.0000000000
12415  9.378  -61.694  10.400 0.0000000000
11133  9.566  -63.028  11.356 0.0000000000
129156  9.537  -62.507  10.244 0.0000000000
10477  10.086  -64.450  10.760 0.0000000000
9264  10.429  -65.828  10.131 0.0000000000
9276  10.040  -66.620  9.829 0.0000000000
9869  10.945  -65.428  9.559 0.0000000000
9292  11.319  -66.132  8.614 0.0000000000
9303  11.332  -66.647  7.975 0.0000000000
1264  27.408  -82.667  20.722 0.0000000000
1265  27.612  -83.044  20.064 0.0000000000
857  24.092  -85.526  18.105 0.0000000000
119542  24.691  -85.073  18.380 0.0000000000
655  24.136  -86.046  17.581 0.0000000000
881  25.449  -85.783  16.585 0.0000000000
891  25.685  -85.738  15.715 0.0000000000
671  25.966  -85.304  14.896 0.0000000000
672  25.392  -86.097  14.737 0.0000000000
485  24.852  -86.661  14.194 0.0000000000
490  24.923  -86.511  13.305 0.0000000000
121290  13.693  -30.680  8.659 0.0000000000
134811  13.102  -30.774  9.200 0.0000000000
37484  8.386  -30.443  11.725 0.0000000000
36520  8.300  -31.240  11.834 0.0000000000
37497  8.397  -30.608  11.282 0.0000000000
36552  8.676  -30.757  10.732 0.0000000000
4676  13.259  -74.659  20.271 0.0000000000
138015  13.115  -74.600  19.606 0.0000000000
4700  12.909  -73.522  18.882 0.0000000000
5739  11.949  -72.966  17.775 0.0000000000
8474  2.147  -67.937  30.458 0.0000000000
8493  2.299  -67.786  29.093 0.0000000000
8500  2.351  -67.768  28.368 0.0000000000
9675  4.831  -65.695  26.343 0.0000000000
9104  3.994  -66.451  25.955 0.0000000000
9110  4.486  -66.382  25.039 0.0000000000
9119  3.932  -66.974  24.716 0.0000000000
8543  3.854  -67.868  23.734 0.0000000000
7946  3.747  -68.701  22.577 0.0000000000
7937  4.142  -68.122  23.011 0.0000000000
7945  4.246  -68.015  22.242 0.0000000000
7969  3.337  -68.371  20.660 0.0000000000
8580  3.065  -67.689  20.349 0.0000000000
8566  3.619  -67.517  21.005 0.0000000000
9160  3.832  -66.579  21.181 0.0000000000
9731  3.381  -65.715  21.005 0.0000000000
10963  1.910  -63.138  24.065 0.0000000000
10979  2.188  -63.554  23.434 0.0000000000
10980  1.944  -62.928  23.234 0.0000000000
20319  14.264  -50.136  21.343 0.0000000000
137058  12.628  -49.571  21.480 0.0000000000
20321  11.965  -49.560  21.666 0.0000000000
21172  12.353  -48.692  21.631 0.0000000000
22039  12.007  -47.641  21.930 0.0000000000
22924  12.465  -46.633  21.964 0.0000000000
23863  15.073  -46.087  21.357 0.0000000000
23864  14.268  -45.903  21.109 0.0000000000
23883  14.676  -46.304  20.351 0.0000000000
23907  13.401  -46.090  18.855 0.0000000000
22978  13.064  -46.524  17.845 0.0000000000
22085  19.687  -48.384  18.829 0.0000000000
22973  19.825  -47.542  18.086 0.0000000000
24780  20.294  -46.022  17.874 0.0000000000
118520  7.920  -79.755  -0.327 0.0000000000
3087  9.846  -77.567  2.085 0.0000000000
3459  8.992  -76.660  2.361 0.0000000000
3075  9.490  -77.469  2.945 0.0000000000
3062  9.599  -78.039  4.170 0.0000000000
3049  9.084  -78.140  5.047 0.0000000000
3039  9.857  -78.548  5.575 0.0000000000
3038  10.838  -78.570  5.338 0.0000000000
3037  11.675  -78.067  5.171 0.0000000000
122527  12.015  -77.876  6.034 0.0000000000
3429  12.439  -77.373  5.521 0.0000000000
3852  12.605  -77.078  5.011 0.0000000000
3858  13.081  -76.111  4.202 0.0000000000
125459  13.257  -75.236  2.976 0.0000000000
5400  14.238  -73.236  -0.866 0.0000000000
5401  13.736  -73.638  0.294 0.0000000000
5927  14.554  -72.512  -0.488 0.0000000000
6478  14.905  -71.779  -0.062 0.0000000000
7079  16.040  -70.449  -0.121 0.0000000000
7078  16.673  -70.341  -0.749 0.0000000000
118484  18.293  -70.299  -1.211 0.0000000000
17979  3.715  -52.883  17.647 0.0000000000
17966  4.384  -53.534  18.082 0.0000000000
17978  4.430  -53.271  17.379 0.0000000000
115339  5.208  -55.018  15.465 0.0000000000
15855  2.850  -56.525  12.694 0.0000000000
15854  3.703  -56.650  12.933 0.0000000000
15863  3.439  -57.034  12.050 0.0000000000
15162  4.508  -57.240  11.710 0.0000000000
125678  6.202  -57.512  10.754 0.0000000000
15172  7.017  -57.699  10.682 0.0000000000
14480  6.113  -57.957  10.098 0.0000000000
14494  5.536  -58.457  9.352 0.0000000000
13828  6.099  -58.966  8.849 0.0000000000
33827  20.468  -34.401  9.306 0.0000000000
33842  18.407  -34.702  8.651 0.0000000000
34728  18.106  -33.811  8.156 0.0000000000
1371  19.436  -83.178  7.401 0.0000000000
1599  19.162  -82.223  7.669 0.0000000000
1621  18.845  -82.779  5.941 0.0000000000
1622  18.561  -82.186  5.268 0.0000000000
116458  18.417  -81.767  4.613 0.0000000000
115946  18.337  -81.986  3.821 0.0000000000
1387  18.535  -83.052  3.940 0.0000000000
1652  18.393  -82.750  3.128 0.0000000000
1404  18.102  -83.167  1.698 0.0000000000
135548  4.950  -71.220  -2.195 0.0000000000
6505  5.102  -71.798  -2.569 0.0000000000
5967  5.957  -72.255  -3.122 0.0000000000
7121  5.993  -71.022  -3.095 0.0000000000
129028  7.130  -71.516  -3.766 0.0000000000
6519  7.637  -71.589  -3.731 0.0000000000
21190  4.278  -49.348  20.375 0.0000000000
20336  3.643  -49.854  21.186 0.0000000000
20325  2.955  -50.340  21.921 0.0000000000
19508  3.082  -51.248  22.068 0.0000000000
20326  2.265  -50.777  22.547 0.0000000000
20301  1.484  -50.568  22.586 0.0000000000
124526  0.914  -50.502  21.984 0.0000000000
19520  0.941  -51.408  21.413 0.0000000000
20348  0.946  -50.526  20.810 0.0000000000
117249  1.201  -50.521  19.541 0.0000000000
123343  1.175  -49.794  19.207 0.0000000000
23950  2.126  -46.374  16.532 0.0000000000
23017  2.169  -47.315  15.940 0.0000000000
126042  2.552  -47.410  15.112 0.0000000000
137471  2.537  -47.927  14.836 0.0000000000
22177  3.134  -48.497  13.913 0.0000000000
22176  3.488  -49.140  13.639 0.0000000000
122237  3.672  -48.396  13.213 0.0000000000
22188  4.065  -48.133  12.471 0.0000000000
23086  4.732  -47.644  11.403 0.0000000000
28740  9.778  -41.187  13.859 0.0000000000
33824  11.845  -34.402  10.480 0.0000000000
33808  11.172  -34.271  11.054 0.0000000000
31322  7.553  -37.077  13.052 0.0000000000
30526  7.638  -37.667  13.476 0.0000000000
30517  7.926  -38.417  13.910 0.0000000000
29650  7.180  -38.943  14.317 0.0000000000
28729  6.073  -39.957  14.864 0.0000000000
28730  5.168  -40.157  14.931 0.0000000000
27887  3.891  -41.081  15.259 0.0000000000
28731  4.368  -40.473  14.783 0.0000000000
28745  4.425  -40.491  14.137 0.0000000000
27915  4.171  -41.252  13.849 0.0000000000
27931  6.834  -41.517  12.553 0.0000000000
27172  7.680  -41.849  12.380 0.0000000000
25655  6.958  -43.369  12.543 0.0000000000
25667  6.854  -44.272  12.377 0.0000000000
121198  6.515  -45.055  11.894 0.0000000000
117929  7.567  -44.973  12.220 0.0000000000
135430  8.459  -45.286  12.048 0.0000000000
862  15.579  -85.225  18.393 0.0000000000
863  14.724  -84.961  18.848 0.0000000000
864  14.033  -85.011  19.119 0.0000000000
833  10.908  -85.780  21.467 0.0000000000
844  11.127  -85.778  20.760 0.0000000000
845  10.709  -86.010  21.061 0.0000000000
634  10.637  -86.582  20.760 0.0000000000
271  10.571  -87.952  21.149 0.0000000000
270  11.141  -89.014  20.666 0.0000000000
267  10.374  -89.064  22.161 0.0000000000
116  10.105  -89.307  22.353 0.0000000000
263  9.269  -88.530  22.702 0.0000000000
116380  12.495  -81.645  20.813 0.0000000000
1467  12.187  -82.638  21.854 0.0000000000
1478  11.865  -82.146  21.221 0.0000000000
1479  11.049  -82.328  21.725 0.0000000000
1779  6.395  -81.470  23.172 0.0000000000
1772  6.830  -81.847  23.777 0.0000000000
1773  6.278  -82.078  23.547 0.0000000000
5712  8.116  -71.842  18.742 0.0000000000
5725  7.491  -72.554  18.416 0.0000000000
5203  7.408  -72.956  17.912 0.0000000000
6780  3.076  -70.731  26.708 0.0000000000
6779  3.616  -70.882  26.595 0.0000000000
6217  3.224  -72.227  26.132 0.0000000000
5643  3.161  -73.243  25.073 0.0000000000
5136  3.502  -73.686  24.417 0.0000000000
4191  3.311  -76.011  19.712 0.0000000000
3705  3.836  -76.314  20.802 0.0000000000
3723  4.363  -76.457  19.475 0.0000000000
3722  5.036  -76.359  19.133 0.0000000000
126076  5.544  -75.949  18.846 0.0000000000
138477  6.187  -74.932  17.716 0.0000000000
4217  6.064  -74.894  15.713 0.0000000000
4226  6.090  -75.044  14.422 0.0000000000
4245  6.848  -76.059  13.337 0.0000000000
4235  6.381  -75.547  13.471 0.0000000000
134672  6.165  -76.223  13.143 0.0000000000
15687  9.252  -56.760  26.712 0.0000000000
15000  10.215  -58.010  27.003 0.0000000000
117407  8.803  -57.537  27.119 0.0000000000
14986  8.522  -58.206  27.572 0.0000000000
14303  8.099  -58.829  27.986 0.0000000000
13607  6.747  -58.613  28.588 0.0000000000
14988  5.548  -57.696  28.650 0.0000000000
14973  4.142  -57.638  29.136 0.0000000000
14974  3.144  -57.462  29.360 0.0000000000
15660  2.572  -56.755  29.150 0.0000000000
15675  1.942  -56.186  28.967 0.0000000000
18632  2.217  -52.289  26.731 0.0000000000
17858  1.413  -52.898  26.680 0.0000000000
17872  1.017  -53.304  26.106 0.0000000000
17153  1.272  -54.436  24.948 0.0000000000
16453  1.120  -55.590  24.817 0.0000000000
22911  7.829  -47.414  22.125 0.0000000000
22001  6.908  -48.501  22.949 0.0000000000
22021  6.663  -47.916  22.032 0.0000000000
21176  5.810  -48.958  21.250 0.0000000000
27072  22.288  -42.212  17.649 0.0000000000
27080  20.882  -42.223  17.349 0.0000000000
30487  21.429  -37.736  16.787 0.0000000000
31289  22.095  -37.411  17.582 0.0000000000
136455  21.159  -38.482  16.625 0.0000000000
29625  20.472  -39.188  16.255 0.0000000000
29626  20.172  -40.140  16.213 0.0000000000
28709  20.114  -40.877  16.412 0.0000000000
28714  20.027  -40.642  16.078 0.0000000000
27879  22.196  -41.484  15.460 0.0000000000
120767  24.531  -41.135  15.543 0.0000000000
30503  24.965  -38.388  15.486 0.0000000000
29634  25.106  -39.367  15.498 0.0000000000
134571  25.348  -38.698  15.213 0.0000000000
126277  25.504  -40.143  13.690 0.0000000000
33785  23.050  -34.111  14.443 0.0000000000
34678  23.546  -33.621  12.591 0.0000000000
1219  15.937  -84.164  28.873 0.0000000000
588  16.460  -86.612  27.689 0.0000000000
795  17.134  -85.777  28.175 0.0000000000
587  17.376  -86.304  27.397 0.0000000000
794  18.547  -85.471  27.372 0.0000000000
793  19.215  -85.132  27.225 0.0000000000
1022  19.924  -84.904  26.912 0.0000000000
800  19.481  -85.439  26.529 0.0000000000
609  20.144  -86.261  23.194 0.0000000000
616  19.643  -86.561  22.508 0.0000000000
264  15.981  -88.258  21.872 0.0000000000
256  16.831  -88.095  21.738 0.0000000000
441  16.657  -87.976  21.113 0.0000000000
448  17.466  -87.347  20.227 0.0000000000
637  17.260  -86.743  19.363 0.0000000000
648  17.602  -86.074  18.993 0.0000000000
649  17.080  -86.115  18.583 0.0000000000
2166  21.125  -80.597  17.539 0.0000000000
2178  20.794  -80.531  16.832 0.0000000000
1819  20.249  -80.924  17.401 0.0000000000
1810  19.565  -81.637  18.070 0.0000000000
1506  18.695  -82.360  18.223 0.0000000000
482  15.972  -87.620  15.547 0.0000000000
125007  17.890  -87.701  15.449 0.0000000000
305  17.186  -88.316  15.815 0.0000000000
297  17.611  -88.970  16.468 0.0000000000
285  18.056  -89.274  16.504 0.0000000000
317  21.435  -88.060  13.314 0.0000000000
401  19.383  -88.122  0.380 0.0000000000
577  19.861  -86.801  -0.114 0.0000000000
775  19.247  -86.572  -0.360 0.0000000000
987  18.642  -85.305  0.048 0.0000000000
991  18.086  -85.900  -0.501 0.0000000000
992  16.931  -85.790  -0.634 0.0000000000
993  15.914  -85.343  -0.492 0.0000000000
1389  14.123  -82.885  4.378 0.0000000000
1396  14.552  -83.627  4.039 0.0000000000
1397  13.920  -83.064  3.480 0.0000000000
121188  13.466  -83.182  2.439 0.0000000000
129449  12.986  -83.248  1.396 0.0000000000
1669  12.891  -83.149  0.740 0.0000000000
1991  13.120  -82.036  1.168 0.0000000000
116578  13.646  -81.294  0.358 0.0000000000
2361  14.306  -80.704  0.211 0.0000000000
2718  15.213  -80.066  -1.105 0.0000000000
2713  15.056  -80.158  0.218 0.0000000000
2712  15.769  -79.477  0.516 0.0000000000
4298  14.653  -75.194  6.993 0.0000000000
5326  15.495  -73.447  6.799 0.0000000000
15133  6.869  -57.168  17.183 0.0000000000
15145  5.868  -57.750  16.433 0.0000000000
14448  6.397  -58.314  15.563 0.0000000000
14457  5.668  -58.717  14.704 0.0000000000
13796  5.577  -59.512  13.290 0.0000000000
10466  6.062  -64.340  11.362 0.0000000000
11125  5.767  -63.190  12.104 0.0000000000
10478  5.883  -64.260  10.537 0.0000000000
11144  5.583  -63.360  9.894 0.0000000000
11160  5.531  -63.211  8.928 0.0000000000
11815  4.580  -61.848  8.034 0.0000000000
10519  5.441  -63.310  7.261 0.0000000000
118683  5.482  -63.528  6.471 0.0000000000
9922  5.682  -64.404  5.323 0.0000000000
9938  5.476  -64.378  3.583 0.0000000000
118343  5.863  -64.989  4.579 0.0000000000
9342  6.234  -66.267  4.782 0.0000000000
8764  6.437  -67.285  4.563 0.0000000000
7000  8.307  -70.097  5.295 0.0000000000
7018  7.744  -70.016  4.631 0.0000000000
125105  8.374  -70.837  3.578 0.0000000000
7028  8.285  -70.876  2.743 0.0000000000
6458  8.551  -71.296  1.347 0.0000000000
6470  8.626  -71.338  0.389 0.0000000000
6457  9.164  -72.025  0.923 0.0000000000
5920  10.437  -72.419  0.416 0.0000000000
5928  11.210  -72.326  -0.682 0.0000000000
15918  5.334  -55.825  4.746 0.0000000000
138363  4.670  -57.031  4.909 0.0000000000
14539  4.106  -58.615  5.186 0.0000000000
127575  3.829  -59.511  5.663 0.0000000000
13894  4.568  -59.222  4.333 0.0000000000
117608  4.430  -60.093  4.518 0.0000000000
12501  5.051  -61.041  4.169 0.0000000000
12520  9.248  -62.091  1.643 0.0000000000
11877  7.872  -62.937  1.445 0.0000000000
11255  8.518  -63.647  2.055 0.0000000000
116227  8.402  -63.964  2.769 0.0000000000
9936  8.757  -65.281  4.307 0.0000000000
137523  8.785  -65.708  4.790 0.0000000000
9935  9.026  -65.998  4.545 0.0000000000
9358  10.008  -67.016  3.687 0.0000000000
8776  9.990  -67.408  2.974 0.0000000000
10006  11.827  -65.175  -0.894 0.0000000000
10007  10.907  -64.892  -0.861 0.0000000000
10024  11.251  -65.323  -2.141 0.0000000000
9423  10.907  -65.690  -2.360 0.0000000000
8223  11.058  -67.506  -2.665 0.0000000000
129088  11.082  -68.427  -2.464 0.0000000000
8240  11.636  -68.665  -3.473 0.0000000000
7686  11.895  -69.265  -3.869 0.0000000000
7134  12.826  -70.542  -4.507 0.0000000000
6529  13.553  -71.283  -4.654 0.0000000000
7133  13.889  -70.388  -4.520 0.0000000000
7683  15.231  -69.554  -4.354 0.0000000000
132107  16.333  -69.745  -4.498 0.0000000000
1503  24.596  -81.966  18.019 0.0000000000
1494  24.937  -82.858  18.786 0.0000000000
1504  24.163  -82.993  18.094 0.0000000000
1281  23.623  -83.930  18.166 0.0000000000
1069  23.190  -84.797  18.149 0.0000000000
1079  21.932  -84.328  17.115 0.0000000000
870  22.442  -84.997  17.812 0.0000000000
859  22.834  -85.465  18.027 0.0000000000
646  22.746  -86.055  17.874 0.0000000000
656  22.940  -86.530  17.528 0.0000000000
9651  3.636  -65.569  30.666 0.0000000000
9656  4.818  -64.747  29.645 0.0000000000
119765  4.686  -65.418  28.325 0.0000000000
10886  4.709  -63.657  29.337 0.0000000000
10265  5.188  -63.915  28.896 0.0000000000
10280  5.403  -64.402  27.412 0.0000000000
9683  5.544  -65.009  25.886 0.0000000000
10304  5.480  -64.476  25.406 0.0000000000
124592  5.467  -64.657  24.418 0.0000000000
10323  5.143  -64.642  23.530 0.0000000000
10315  4.737  -64.068  24.260 0.0000000000
124095  3.412  -63.673  24.793 0.0000000000
10934  2.575  -63.436  26.820 0.0000000000
10950  2.629  -63.501  25.787 0.0000000000
10962  2.231  -63.496  24.863 0.0000000000
11623  1.425  -62.535  25.187 0.0000000000
12264  1.088  -61.695  25.603 0.0000000000
123637  0.913  -60.620  25.690 0.0000000000
21166  18.871  -49.007  22.551 0.0000000000
21150  17.408  -48.409  22.713 0.0000000000
21151  16.323  -48.535  22.454 0.0000000000
22015  16.883  -47.556  22.745 0.0000000000
130727  16.456  -47.005  22.625 0.0000000000
22908  16.466  -46.762  22.391 0.0000000000
22011  20.327  -47.806  22.351 0.0000000000
135424  17.691  -46.960  22.282 0.0000000000
23862  16.213  -46.361  21.808 0.0000000000
22938  16.620  -46.719  21.471 0.0000000000
22955  16.164  -47.173  20.508 0.0000000000
22974  15.719  -47.710  19.600 0.0000000000
22075  16.412  -48.253  19.731 0.0000000000
21198  18.332  -49.122  20.121 0.0000000000
21185  19.781  -48.993  19.752 0.0000000000
22971  20.884  -47.285  18.565 0.0000000000
128435  6.985  -75.967  -1.259 0.0000000000
3923  7.225  -77.027  -1.229 0.0000000000
4366  7.874  -75.370  -0.339 0.0000000000
4365  8.616  -75.531  0.009 0.0000000000
3910  9.047  -75.869  0.827 0.0000000000
3489  9.932  -77.090  -0.594 0.0000000000
3479  10.155  -77.655  1.118 0.0000000000
3086  10.697  -78.477  1.493 0.0000000000
121195  11.096  -78.791  1.686 0.0000000000
3469  12.035  -77.957  1.333 0.0000000000
3458  12.291  -77.575  2.114 0.0000000000
120631  12.559  -76.940  1.247 0.0000000000
4379  13.402  -75.213  -0.538 0.0000000000
3932  13.146  -76.555  -2.094 0.0000000000
4393  13.461  -75.816  -1.372 0.0000000000
4912  13.712  -74.874  -1.227 0.0000000000
5406  14.439  -73.614  -1.777 0.0000000000
5950  15.037  -73.181  -2.369 0.0000000000
5949  15.772  -72.844  -2.884 0.0000000000
18795  3.052  -52.554  14.971 0.0000000000
17275  2.943  -54.024  15.106 0.0000000000
18021  3.216  -53.255  14.257 0.0000000000
18033  2.755  -54.050  13.923 0.0000000000
17299  2.312  -54.880  12.873 0.0000000000
18039  4.082  -53.246  12.716 0.0000000000
17298  2.680  -54.153  12.373 0.0000000000
16586  2.417  -55.757  12.504 0.0000000000
16591  2.408  -55.772  11.463 0.0000000000
16597  2.570  -55.824  10.575 0.0000000000
128356  2.807  -56.142  9.738 0.0000000000
32949  22.446  -35.613  10.722 0.0000000000
34713  21.679  -33.392  9.678 0.0000000000
34714  20.914  -33.613  9.237 0.0000000000
1539  26.308  -82.465  15.713 0.0000000000
118445  26.871  -81.633  16.044 0.0000000000
1548  25.161  -82.507  14.711 0.0000000000
1549  24.513  -82.168  14.266 0.0000000000
1862  24.157  -81.396  13.957 0.0000000000
1572  23.903  -82.803  11.941 0.0000000000
1565  23.462  -82.382  12.663 0.0000000000
1558  23.337  -81.468  13.255 0.0000000000
1871  22.313  -80.974  12.233 0.0000000000
2240  21.488  -80.182  11.357 0.0000000000
2249  20.981  -80.357  10.823 0.0000000000
1891  21.124  -81.258  10.518 0.0000000000
1585  20.464  -82.324  9.639 0.0000000000
1591  19.975  -82.737  9.070 0.0000000000
1362  20.330  -83.483  8.617 0.0000000000
1370  19.985  -83.769  7.923 0.0000000000
1376  19.812  -83.966  7.095 0.0000000000
120827  20.138  -84.729  6.046 0.0000000000
1176  19.985  -85.132  4.871 0.0000000000
22077  3.732  -47.745  20.521 0.0000000000
22942  2.771  -47.264  20.827 0.0000000000
22943  2.143  -47.099  20.766 0.0000000000
22962  1.379  -47.241  20.132 0.0000000000
22961  1.853  -46.717  20.313 0.0000000000
23893  1.588  -46.528  19.506 0.0000000000
24785  1.817  -45.833  18.186 0.0000000000
24799  2.571  -44.818  18.139 0.0000000000
24800  2.171  -45.276  17.774 0.0000000000
23929  1.920  -45.944  17.369 0.0000000000
24832  2.608  -45.623  15.989 0.0000000000
24842  2.918  -45.829  15.029 0.0000000000
24841  3.264  -45.061  14.469 0.0000000000
31381  14.842  -36.984  9.727 0.0000000000
34681  9.168  -33.349  12.805 0.0000000000
32124  7.764  -36.668  12.750 0.0000000000
31330  7.367  -37.260  12.877 0.0000000000
31331  6.783  -37.899  13.181 0.0000000000
30537  6.517  -38.247  12.971 0.0000000000
29668  6.042  -38.994  13.087 0.0000000000
29687  6.759  -38.497  12.575 0.0000000000
137396  14.352  -86.847  21.383 0.0000000000
624  13.667  -86.347  21.395 0.0000000000
626  12.155  -85.799  21.676 0.0000000000
613  12.156  -85.698  23.033 0.0000000000
825  11.052  -85.659  22.430 0.0000000000
820  10.578  -85.831  24.350 0.0000000000
605  10.079  -86.265  24.784 0.0000000000
2498  10.789  -79.016  20.744 0.0000000000
2137  10.138  -80.294  21.184 0.0000000000
2499  9.826  -79.413  21.034 0.0000000000
2500  8.856  -79.357  21.417 0.0000000000
2138  8.118  -79.973  21.933 0.0000000000
2888  8.051  -78.378  20.730 0.0000000000
2501  7.363  -79.700  21.709 0.0000000000
2139  7.265  -80.310  22.169 0.0000000000
2129  6.236  -80.919  22.080 0.0000000000
2908  5.585  -79.284  18.576 0.0000000000
135788  2.340  -72.428  23.070 0.0000000000
5661  2.419  -72.942  23.987 0.0000000000
118292  2.438  -73.220  22.117 0.0000000000
124718  2.610  -74.445  21.592 0.0000000000
4693  2.861  -74.703  20.189 0.0000000000
5194  2.801  -73.639  19.874 0.0000000000
116953  2.985  -74.330  19.444 0.0000000000
4692  3.105  -75.247  19.524 0.0000000000
4202  3.377  -75.770  18.724 0.0000000000
4211  3.532  -75.993  17.794 0.0000000000
3747  3.934  -76.259  16.186 0.0000000000
134685  3.811  -76.092  15.327 0.0000000000
4237  3.642  -75.495  13.949 0.0000000000
15700  10.841  -56.448  26.506 0.0000000000
17150  10.608  -55.007  25.864 0.0000000000
138750  9.963  -55.791  26.365 0.0000000000
15701  10.109  -56.362  26.543 0.0000000000
16421  8.604  -55.973  26.663 0.0000000000
127792  7.193  -55.613  27.073 0.0000000000
16425  5.625  -55.146  27.784 0.0000000000
16410  4.695  -55.287  28.197 0.0000000000
17122  5.094  -54.427  27.905 0.0000000000
17844  4.603  -53.648  27.814 0.0000000000
18630  4.212  -52.747  27.571 0.0000000000
19434  6.285  -51.998  26.987 0.0000000000
18639  4.899  -52.202  27.339 0.0000000000
18640  3.940  -51.862  27.150 0.0000000000
19437  2.889  -51.390  25.846 0.0000000000
19458  2.664  -51.754  24.845 0.0000000000
18663  2.699  -52.128  24.353 0.0000000000
31290  21.606  -36.828  17.182 0.0000000000
30494  20.407  -38.856  15.840 0.0000000000
29637  21.312  -39.220  15.416 0.0000000000
30505  23.104  -38.138  15.436 0.0000000000
31305  22.257  -37.524  15.310 0.0000000000
30504  24.227  -38.028  15.534 0.0000000000
118177  24.837  -37.590  15.343 0.0000000000
31314  25.278  -37.208  14.794 0.0000000000
32102  24.274  -35.907  14.928 0.0000000000
32116  21.996  -35.646  14.983 0.0000000000
138591  22.906  -35.230  15.030 0.0000000000
33786  21.868  -34.257  14.693 0.0000000000
784  13.401  -85.541  29.517 0.0000000000
792  12.725  -85.676  28.952 0.0000000000
791  13.451  -86.187  28.715 0.0000000000
584  13.928  -86.738  28.185 0.0000000000
797  13.436  -86.142  27.457 0.0000000000
591  13.715  -86.977  27.425 0.0000000000
589  15.404  -86.978  27.812 0.0000000000
409  15.727  -87.319  27.062 0.0000000000
412  16.972  -87.218  25.998 0.0000000000
416  17.343  -87.229  25.200 0.0000000000
415  17.765  -87.062  24.577 0.0000000000
422  16.387  -88.136  23.507 0.0000000000
251  15.772  -88.469  22.941 0.0000000000
248  14.421  -88.293  23.957 0.0000000000
252  14.957  -88.672  23.140 0.0000000000
258  15.301  -88.512  22.533 0.0000000000
265  14.938  -88.295  22.050 0.0000000000
49  13.944  -89.768  17.988 0.0000000000
137  15.611  -89.891  17.047 0.0000000000
56  14.701  -89.884  17.378 0.0000000000
240  17.872  -88.497  0.923 0.0000000000
1949  9.401  -81.271  5.347 0.0000000000
130016  10.086  -81.501  4.254 0.0000000000
1948  10.358  -81.659  4.996 0.0000000000
1610  11.065  -82.587  6.134 0.0000000000
1379  11.602  -83.301  6.305 0.0000000000
1366  10.879  -82.746  8.130 0.0000000000
1373  11.415  -83.403  7.549 0.0000000000
1165  12.132  -84.094  6.056 0.0000000000
1164  12.574  -84.913  6.146 0.0000000000
954  13.127  -85.547  6.240 0.0000000000
953  13.756  -86.012  6.178 0.0000000000
941  14.899  -85.383  7.047 0.0000000000
1163  15.305  -84.714  6.709 0.0000000000
1171  15.301  -84.248  5.774 0.0000000000
125342  14.546  -82.772  7.495 0.0000000000
1378  14.575  -82.990  6.777 0.0000000000
1638  14.160  -82.654  5.208 0.0000000000
1639  13.800  -82.088  4.529 0.0000000000
1957  13.806  -81.234  4.549 0.0000000000
2326  14.151  -80.610  3.552 0.0000000000
118184  15.036  -79.894  2.837 0.0000000000
138471  14.913  -79.879  4.080 0.0000000000
121829  15.426  -79.400  4.192 0.0000000000
3044  16.033  -78.798  4.283 0.0000000000
3036  15.864  -79.030  5.922 0.0000000000
3035  16.326  -78.484  5.248 0.0000000000
3434  16.702  -78.155  4.304 0.0000000000
129010  17.222  -77.398  4.249 0.0000000000
13089  2.210  -60.102  13.253 0.0000000000
13792  9.455  -58.821  12.749 0.0000000000
13803  8.322  -59.867  12.986 0.0000000000
13098  8.548  -60.523  12.657 0.0000000000
123927  8.223  -61.847  12.546 0.0000000000
11762  7.593  -62.729  12.622 0.0000000000
11774  9.226  -62.835  12.092 0.0000000000
10452  8.151  -64.110  12.393 0.0000000000
10453  7.099  -64.194  12.367 0.0000000000
9846  7.263  -65.271  11.440 0.0000000000
9871  6.778  -65.545  9.620 0.0000000000
136018  6.971  -66.400  8.628 0.0000000000
8727  6.751  -67.181  7.497 0.0000000000
8714  7.090  -67.020  8.275 0.0000000000
8726  7.312  -67.775  7.873 0.0000000000
8127  8.201  -69.016  7.169 0.0000000000
8711  9.971  -67.736  8.853 0.0000000000
8114  8.663  -68.700  7.752 0.0000000000
7537  8.381  -69.435  6.529 0.0000000000
6999  9.286  -70.412  5.327 0.0000000000
6998  10.431  -70.368  5.266 0.0000000000
7027  10.923  -70.853  3.782 0.0000000000
10554  11.281  -65.051  4.842 0.0000000000
9933  11.552  -65.818  4.411 0.0000000000
9403  12.965  -66.103  -0.880 0.0000000000
2909  28.385  -78.865  17.162 0.0000000000
2540  29.320  -79.164  16.892 0.0000000000
2530  29.245  -79.404  17.871 0.0000000000
2521  30.881  -80.438  18.596 0.0000000000
121882  30.732  -81.194  19.123 0.0000000000
1794  29.509  -81.585  20.229 0.0000000000
1490  30.066  -81.589  19.520 0.0000000000
1500  30.575  -81.632  18.876 0.0000000000
130951  29.934  -82.105  18.344 0.0000000000
138485  29.136  -82.045  17.357 0.0000000000
1530  27.919  -82.155  16.995 0.0000000000
130806  25.597  -83.172  19.533 0.0000000000
1272  26.239  -83.585  19.655 0.0000000000
1058  26.466  -83.917  19.132 0.0000000000
856  25.554  -84.997  18.057 0.0000000000
1065  26.737  -84.096  18.304 0.0000000000
1076  27.310  -83.667  17.839 0.0000000000
1290  27.579  -83.241  17.433 0.0000000000
1297  27.305  -83.118  16.869 0.0000000000
1305  26.521  -83.471  15.779 0.0000000000
127135  26.188  -84.360  14.105 0.0000000000
1317  26.124  -84.345  13.314 0.0000000000
904  26.068  -85.031  13.421 0.0000000000
1110  26.224  -84.756  12.680 0.0000000000
1325  25.942  -84.296  12.317 0.0000000000
1117  25.971  -84.538  11.332 0.0000000000
918  25.749  -85.177  10.407 0.0000000000
933  25.505  -85.414  9.203 0.0000000000
34716  14.210  -33.922  8.772 0.0000000000
34718  12.755  -33.269  9.639 0.0000000000
35617  12.644  -32.378  9.698 0.0000000000
35609  12.056  -32.942  10.170 0.0000000000
37495  11.232  -30.212  10.731 0.0000000000
36536  11.312  -31.121  10.780 0.0000000000
37483  9.565  -30.033  11.798 0.0000000000
118147  10.130  -30.853  11.700 0.0000000000
36518  10.730  -31.343  11.334 0.0000000000
34682  8.348  -33.175  12.193 0.0000000000
120719  8.263  -32.015  11.854 0.0000000000
34693  7.908  -32.960  11.839 0.0000000000
34710  8.368  -33.577  11.668 0.0000000000
33825  8.939  -34.083  10.629 0.0000000000
33834  9.400  -34.683  10.032 0.0000000000
120956  9.625  -34.110  9.768 0.0000000000
1459  15.377  -82.527  23.990 0.0000000000
135966  15.206  -82.660  23.401 0.0000000000
137647  15.252  -82.231  23.483 0.0000000000
137787  14.852  -81.569  22.279 0.0000000000
1776  14.600  -81.232  21.793 0.0000000000
1786  14.026  -81.312  21.073 0.0000000000
1787  13.242  -81.226  20.740 0.0000000000
139898  12.585  -79.828  20.525 0.0000000000
2497  11.652  -79.602  20.610 0.0000000000
3293  13.680  -77.181  21.521 0.0000000000
2871  13.605  -78.011  21.162 0.0000000000
2883  13.368  -77.998  20.776 0.0000000000
2884  12.857  -78.319  20.517 0.0000000000
2885  11.835  -78.657  20.523 0.0000000000
126041  10.920  -78.145  20.546 0.0000000000
3297  10.552  -77.461  20.290 0.0000000000
3713  10.338  -76.863  19.857 0.0000000000
3720  11.193  -76.163  19.335 0.0000000000
120334  10.152  -76.437  19.263 0.0000000000
132696  9.598  -76.438  18.714 0.0000000000
3727  9.928  -75.968  17.848 0.0000000000
3733  9.727  -76.036  16.940 0.0000000000
7311  3.172  -69.163  28.156 0.0000000000
7874  2.772  -68.510  29.580 0.0000000000
7312  2.884  -68.944  28.103 0.0000000000
7325  2.972  -69.512  27.539 0.0000000000
6781  2.858  -70.370  26.519 0.0000000000
115499  2.596  -71.254  25.738 0.0000000000
126064  2.314  -71.030  24.818 0.0000000000
9082  2.831  -66.588  29.128 0.0000000000
8508  2.533  -67.425  26.914 0.0000000000
8517  2.956  -67.142  25.952 0.0000000000
127465  2.530  -68.549  26.147 0.0000000000
7361  2.336  -69.595  25.112 0.0000000000
6807  2.257  -70.084  24.463 0.0000000000
123740  2.251  -71.601  24.406 0.0000000000
6252  2.365  -71.614  22.464 0.0000000000
6860  2.716  -71.018  20.971 0.0000000000
118688  3.485  -69.261  22.002 0.0000000000
6847  2.894  -70.373  21.311 0.0000000000
6283  2.849  -71.207  20.060 0.0000000000
6298  3.006  -71.107  18.355 0.0000000000
116281  3.118  -70.771  17.423 0.0000000000
116779  3.211  -70.354  16.379 0.0000000000
126670  2.908  -69.474  17.625 0.0000000000
7418  2.757  -68.699  17.793 0.0000000000
8596  2.679  -67.315  19.693 0.0000000000
10337  4.466  -65.180  22.373 0.0000000000
10352  3.473  -65.024  21.617 0.0000000000
10367  2.890  -65.002  20.685 0.0000000000
118452  2.387  -63.815  22.033 0.0000000000
19468  11.378  -51.715  23.332 0.0000000000
19470  9.749  -51.132  23.896 0.0000000000
20272  9.030  -50.764  24.167 0.0000000000
20284  9.460  -50.397  23.566 0.0000000000
21132  9.127  -49.570  23.240 0.0000000000
116224  9.190  -48.780  22.828 0.0000000000
21174  10.587  -48.770  22.198 0.0000000000
22018  9.681  -48.274  22.535 0.0000000000
22019  8.757  -47.935  22.617 0.0000000000
22910  8.765  -47.022  22.036 0.0000000000
22940  8.024  -46.506  20.450 0.0000000000
22958  7.938  -46.741  19.855 0.0000000000
22037  14.046  -47.028  22.421 0.0000000000
22923  13.448  -46.493  22.122 0.0000000000
23851  11.850  -45.957  21.202 0.0000000000
23865  13.371  -45.740  20.785 0.0000000000
23866  12.449  -45.623  20.487 0.0000000000
136174  10.907  -45.774  20.835 0.0000000000
24756  9.957  -45.745  20.150 0.0000000000
120809  9.204  -46.410  19.376 0.0000000000
126179  17.257  -48.646  17.433 0.0000000000
22087  18.366  -48.881  18.195 0.0000000000
1448  13.471  -82.746  26.946 0.0000000000
1453  14.874  -82.774  25.608 0.0000000000
1457  15.199  -82.561  24.798 0.0000000000
2327  8.968  -80.969  3.159 0.0000000000
3481  7.493  -77.196  0.151 0.0000000000
3471  7.559  -77.553  0.874 0.0000000000
117694  7.551  -77.994  1.488 0.0000000000
3460  8.417  -76.930  2.697 0.0000000000
125787  7.632  -77.796  2.337 0.0000000000
2685  7.604  -79.133  3.437 0.0000000000
2316  8.021  -80.147  4.357 0.0000000000
2315  8.663  -80.741  4.401 0.0000000000
1938  8.745  -80.930  6.369 0.0000000000
1923  8.587  -80.427  6.956 0.0000000000
2284  9.899  -80.443  7.824 0.0000000000
2654  9.990  -79.218  6.879 0.0000000000
2641  10.393  -79.677  7.475 0.0000000000
2283  10.755  -80.200  8.032 0.0000000000
2629  11.615  -79.968  8.324 0.0000000000
2616  12.565  -79.720  8.885 0.0000000000
2627  13.364  -79.080  9.137 0.0000000000
138856  13.941  -78.552  9.247 0.0000000000
3009  13.229  -78.261  8.581 0.0000000000
3416  13.591  -77.410  8.203 0.0000000000
3838  13.955  -76.680  7.755 0.0000000000
3428  13.015  -76.896  6.155 0.0000000000
3845  13.612  -76.424  6.738 0.0000000000
4299  13.965  -75.745  6.381 0.0000000000
4823  14.328  -74.137  5.855 0.0000000000
5875  14.266  -72.605  5.028 0.0000000000
3897  12.906  -75.961  1.649 0.0000000000
4865  13.196  -75.124  2.056 0.0000000000
4850  13.388  -74.483  2.619 0.0000000000
5384  13.617  -73.668  1.118 0.0000000000
119466  13.536  -73.743  2.113 0.0000000000
121825  13.504  -73.844  2.988 0.0000000000
5891  13.905  -72.422  2.841 0.0000000000
6428  14.141  -71.870  3.654 0.0000000000
135270  14.513  -71.091  4.163 0.0000000000
7024  14.942  -70.506  2.984 0.0000000000
7603  15.730  -69.818  2.473 0.0000000000
128936  16.979  -69.383  1.911 0.0000000000
121464  1.413  -54.934  19.915 0.0000000000
15798  2.055  -56.016  18.396 0.0000000000
16524  2.416  -55.114  18.712 0.0000000000
15796  3.999  -55.451  18.248 0.0000000000
15125  5.758  -56.225  18.044 0.0000000000
17245  5.625  -54.444  18.005 0.0000000000
16531  5.978  -55.353  18.131 0.0000000000
15124  6.558  -56.607  17.699 0.0000000000
15132  7.772  -56.965  16.800 0.0000000000
15143  8.241  -57.304  16.030 0.0000000000
15150  9.255  -57.002  14.564 0.0000000000
16557  2.957  -54.789  14.816 0.0000000000
16556  3.861  -54.923  15.157 0.0000000000
15837  5.493  -55.587  14.750 0.0000000000
118931  4.949  -56.502  13.114 0.0000000000
136528  5.927  -56.197  13.539 0.0000000000
15836  6.434  -55.813  14.358 0.0000000000
118664  7.747  -55.988  14.330 0.0000000000
15842  9.112  -56.697  14.012 0.0000000000
15155  9.309  -57.321  13.715 0.0000000000
14462  9.533  -58.337  12.543 0.0000000000
13810  9.535  -58.945  11.408 0.0000000000
13816  9.363  -59.639  10.774 0.0000000000
14479  7.955  -58.086  10.639 0.0000000000
13817  8.478  -59.545  10.114 0.0000000000
13114  9.067  -60.319  10.256 0.0000000000
12416  8.705  -61.056  9.761 0.0000000000
11799  8.666  -61.989  9.034 0.0000000000
11814  8.383  -61.891  8.366 0.0000000000
32152  21.059  -36.701  10.404 0.0000000000
32153  20.272  -36.654  10.098 0.0000000000
32163  20.040  -35.905  9.662 0.0000000000
32154  19.809  -37.182  10.149 0.0000000000
31360  19.073  -37.356  9.992 0.0000000000
31361  18.361  -37.880  10.182 0.0000000000
31378  17.478  -37.081  9.730 0.0000000000
32166  17.142  -36.623  9.483 0.0000000000
32962  16.895  -36.028  9.139 0.0000000000
32984  16.851  -35.304  8.773 0.0000000000
32985  15.907  -35.040  8.668 0.0000000000
33845  15.669  -34.322  8.359 0.0000000000
34731  15.386  -33.707  8.190 0.0000000000
134892  17.770  -32.358  7.560 0.0000000000
35654  17.016  -32.376  7.590 0.0000000000
35632  15.527  -32.920  7.929 0.0000000000
35633  14.574  -32.347  8.267 0.0000000000
36556  14.727  -31.438  8.054 0.0000000000
2196  27.041  -80.987  15.612 0.0000000000
2258  19.908  -80.445  9.926 0.0000000000
2613  20.034  -79.457  9.281 0.0000000000
2625  19.568  -79.780  8.477 0.0000000000
1919  18.981  -81.095  7.970 0.0000000000
2281  19.159  -80.052  7.812 0.0000000000
2007  18.165  -81.246  -0.475 0.0000000000
2016  17.282  -82.364  -1.821 0.0000000000
10853  3.386  -63.945  32.788 0.0000000000
10854  2.683  -63.299  32.594 0.0000000000
11544  1.800  -62.660  32.300 0.0000000000
12178  1.288  -61.238  32.612 0.0000000000
12838  1.430  -60.600  32.337 0.0000000000
3936  6.226  -76.943  -1.465 0.0000000000
125880  4.523  -73.205  -0.223 0.0000000000
4905  4.942  -74.807  -1.103 0.0000000000
4398  5.946  -76.189  -1.582 0.0000000000
4397  6.244  -75.716  -1.647 0.0000000000
4396  6.938  -74.714  -1.545 0.0000000000
4914  7.079  -74.154  -2.175 0.0000000000
4913  7.721  -74.439  -2.495 0.0000000000
5433  6.855  -73.138  -3.585 0.0000000000
4933  7.626  -74.118  -4.128 0.0000000000
4920  7.872  -74.614  -3.719 0.0000000000
4405  8.478  -75.457  -3.965 0.0000000000
4424  9.600  -75.773  -4.435 0.0000000000
4942  10.172  -75.386  -4.264 0.0000000000
21316  9.005  -49.453  11.655 0.0000000000
20464  9.077  -51.491  12.003 0.0000000000
125403  9.536  -50.609  11.705 0.0000000000
20479  10.337  -51.625  10.706 0.0000000000
15779  1.525  -56.662  21.024 0.0000000000
135305  1.269  -55.962  21.615 0.0000000000
18687  2.609  -52.816  22.656 0.0000000000
17920  2.344  -53.606  22.807 0.0000000000
125464  1.019  -55.208  21.671 0.0000000000
17213  1.122  -54.679  20.810 0.0000000000
17224  1.346  -54.158  19.932 0.0000000000
17956  1.919  -53.704  19.160 0.0000000000
17968  2.689  -53.215  18.654 0.0000000000
18737  1.875  -52.034  18.932 0.0000000000
18736  2.569  -52.450  18.413 0.0000000000
18749  2.990  -52.288  17.668 0.0000000000
18767  3.219  -52.316  16.924 0.0000000000
18768  2.692  -51.941  16.117 0.0000000000
22078  1.109  -48.029  19.829 0.0000000000
22094  1.183  -48.408  18.677 0.0000000000
21232  1.499  -49.429  17.295 0.0000000000
22132  1.552  -48.554  16.867 0.0000000000
21252  1.707  -49.536  16.415 0.0000000000
20398  1.682  -50.046  16.909 0.0000000000
20397  1.884  -50.339  16.288 0.0000000000
19593  2.542  -51.248  15.545 0.0000000000
120052  2.832  -51.875  15.386 0.0000000000
19606  2.964  -51.371  14.842 0.0000000000
20441  3.481  -51.125  14.390 0.0000000000
20439  4.573  -50.860  13.738 0.0000000000
129388  4.156  -49.325  13.076 0.0000000000
20450  4.422  -49.901  13.238 0.0000000000
20449  5.311  -50.454  13.229 0.0000000000
20448  6.324  -50.475  12.829 0.0000000000
26372  7.056  -43.013  17.152 0.0000000000
33831  13.648  -34.587  9.244 0.0000000000
32965  13.472  -35.327  9.552 0.0000000000
32952  12.976  -35.667  10.001 0.0000000000
32157  12.386  -36.054  10.540 0.0000000000
31366  12.476  -36.886  10.846 0.0000000000
30551  11.995  -38.151  11.907 0.0000000000
30535  11.420  -38.667  12.452 0.0000000000
30523  10.164  -38.788  13.152 0.0000000000
29655  10.529  -39.631  13.130 0.0000000000
28753  10.188  -40.315  13.486 0.0000000000
27899  8.809  -40.990  14.416 0.0000000000
136244  7.974  -39.950  14.520 0.0000000000
27900  7.694  -40.804  14.784 0.0000000000
27883  8.182  -41.881  14.838 0.0000000000
27118  7.758  -42.437  15.463 0.0000000000
26373  5.982  -42.897  17.127 0.0000000000
26374  4.803  -42.791  17.006 0.0000000000
135189  3.825  -42.728  16.773 0.0000000000
27098  3.231  -42.424  16.163 0.0000000000
27866  3.540  -41.762  15.700 0.0000000000
27122  3.139  -42.287  15.293 0.0000000000
26386  2.885  -43.112  15.780 0.0000000000
25634  3.076  -43.911  14.878 0.0000000000
25646  3.695  -44.430  13.888 0.0000000000
24860  3.701  -45.420  13.512 0.0000000000
28772  5.400  -40.166  13.351 0.0000000000
27933  5.344  -40.984  13.113 0.0000000000
128158  4.811  -42.697  12.932 0.0000000000
26417  4.527  -43.549  12.958 0.0000000000
25657  4.437  -44.536  12.583 0.0000000000
24864  4.298  -45.390  12.162 0.0000000000
24865  3.986  -45.772  12.572 0.0000000000
24016  4.327  -46.650  11.503 0.0000000000
24023  4.735  -47.029  11.101 0.0000000000
23092  5.281  -47.437  10.995 0.0000000000
24021  6.042  -46.526  10.776 0.0000000000
23091  5.987  -47.154  10.774 0.0000000000
22214  5.930  -47.882  11.085 0.0000000000
22203  6.585  -48.325  11.301 0.0000000000
135533  7.360  -48.352  11.345 0.0000000000
136691  8.005  -49.068  11.599 0.0000000000
24869  10.074  -45.683  11.565 0.0000000000
1315  17.607  -84.250  14.795 0.0000000000
1104  18.356  -84.883  14.356 0.0000000000
1105  17.624  -85.038  14.528 0.0000000000
133422  16.816  -85.526  14.868 0.0000000000
894  16.202  -86.164  15.273 0.0000000000
136222  15.497  -85.599  16.667 0.0000000000
666  15.213  -86.347  16.274 0.0000000000
677  15.680  -86.770  15.600 0.0000000000
474  15.145  -87.483  16.042 0.0000000000
300  14.776  -88.331  16.569 0.0000000000
287  14.390  -88.975  17.380 0.0000000000
841  14.049  -85.366  20.400 0.0000000000
851  13.440  -85.141  19.716 0.0000000000
123140  13.377  -85.530  18.931 0.0000000000
641  11.982  -85.968  19.389 0.0000000000
652  12.651  -86.448  18.853 0.0000000000
457  13.296  -86.733  18.368 0.0000000000
138839  13.311  -87.925  18.196 0.0000000000
277  13.437  -88.927  18.553 0.0000000000
276  13.923  -89.414  18.065 0.0000000000
129  13.485  -89.647  18.672 0.0000000000
130  12.921  -89.810  19.097 0.0000000000
121  11.027  -89.711  20.603 0.0000000000
1247  14.911  -83.498  23.365 0.0000000000
1248  13.819  -83.981  23.292 0.0000000000
1249  12.523  -83.957  23.597 0.0000000000
1260  12.141  -83.189  22.933 0.0000000000
1033  10.877  -84.830  24.810 0.0000000000
810  10.450  -85.443  24.886 0.0000000000
811  9.703  -85.655  25.156 0.0000000000
1790  9.607  -81.009  21.697 0.0000000000
1469  9.474  -82.303  22.831 0.0000000000
1461  7.617  -82.308  24.061 0.0000000000
1460  8.714  -82.660  23.922 0.0000000000
1252  9.059  -83.379  24.608 0.0000000000
1035  9.183  -84.838  25.295 0.0000000000
606  9.499  -86.481  24.809 0.0000000000
427  9.145  -87.356  24.040 0.0000000000
5722  11.524  -72.133  18.226 0.0000000000
5740  11.059  -72.633  17.359 0.0000000000
119977  9.183  -71.883  18.358 0.0000000000
5741  10.201  -72.610  17.014 0.0000000000
4711  11.209  -74.114  16.874 0.0000000000
4215  10.601  -74.636  16.461 0.0000000000
4216  10.021  -75.281  16.211 0.0000000000
3744  9.437  -75.972  16.101 0.0000000000
6793  4.374  -71.187  26.052 0.0000000000
6215  4.895  -71.368  25.288 0.0000000000
5693  5.824  -71.999  21.525 0.0000000000
5164  2.815  -74.418  23.382 0.0000000000
4638  3.136  -74.723  23.389 0.0000000000
4637  3.568  -74.485  23.403 0.0000000000
4167  3.982  -76.124  21.479 0.0000000000
4664  4.200  -75.544  21.954 0.0000000000
5173  4.551  -74.564  22.210 0.0000000000
5172  5.212  -73.812  21.559 0.0000000000
5703  5.674  -72.930  20.965 0.0000000000
5180  6.080  -73.061  19.997 0.0000000000
5191  6.345  -73.594  19.261 0.0000000000
5726  6.810  -73.097  18.616 0.0000000000
4712  7.271  -73.319  17.215 0.0000000000
4713  6.566  -74.230  17.303 0.0000000000
4722  7.212  -73.592  16.249 0.0000000000
5231  8.036  -73.285  15.770 0.0000000000
5243  8.610  -73.574  15.310 0.0000000000
4225  8.950  -75.319  14.813 0.0000000000
3334  8.708  -76.680  15.978 0.0000000000
3345  8.159  -77.083  15.309 0.0000000000
3346  7.465  -77.560  15.064 0.0000000000
3347  6.510  -78.006  14.754 0.0000000000
3781  7.041  -76.609  13.549 0.0000000000
3355  6.097  -77.852  14.055 0.0000000000
133043  5.909  -78.592  15.294 0.0000000000
3771  4.293  -76.042  13.652 0.0000000000
12835  3.612  -60.134  32.565 0.0000000000
12837  1.792  -60.005  32.228 0.0000000000
13554  2.317  -59.505  31.849 0.0000000000
13555  1.758  -59.539  31.524 0.0000000000
12873  1.414  -59.865  30.909 0.0000000000
134189  1.214  -60.481  29.847 0.0000000000
12906  1.104  -60.568  28.713 0.0000000000
14290  1.661  -58.242  29.771 0.0000000000
134107  1.105  -58.899  28.793 0.0000000000
13608  1.053  -59.750  28.258 0.0000000000
121541  0.932  -59.747  27.190 0.0000000000
13627  0.916  -59.555  25.925 0.0000000000
123407  3.783  -55.016  28.319 0.0000000000
17111  2.171  -54.556  28.436 0.0000000000
16414  1.307  -55.696  28.582 0.0000000000
17125  0.851  -54.312  27.713 0.0000000000
16426  0.505  -55.083  27.429 0.0000000000
15691  0.607  -56.521  27.604 0.0000000000
133085  0.907  -58.064  26.404 0.0000000000
14324  0.998  -58.610  25.756 0.0000000000
122575  1.102  -59.776  24.863 0.0000000000
13677  2.360  -59.522  23.466 0.0000000000
20273  8.335  -50.284  24.358 0.0000000000
20274  6.507  -49.740  24.754 0.0000000000
21135  6.137  -48.850  23.296 0.0000000000
21122  5.739  -49.343  23.877 0.0000000000
20262  4.627  -50.213  24.898 0.0000000000
19456  3.955  -50.715  24.210 0.0000000000
24778  22.569  -45.389  18.269 0.0000000000
26342  23.180  -43.977  18.226 0.0000000000
25589  21.112  -44.569  17.542 0.0000000000
24794  20.785  -45.150  17.497 0.0000000000
25590  20.679  -44.500  17.268 0.0000000000
25591  20.602  -44.369  17.120 0.0000000000
119495  21.290  -45.021  16.625 0.0000000000
29608  23.263  -39.194  19.280 0.0000000000
31277  22.519  -37.593  18.384 0.0000000000
29610  23.132  -39.625  18.301 0.0000000000
27857  20.505  -41.453  17.145 0.0000000000
27865  20.062  -41.243  16.358 0.0000000000
125033  20.149  -41.995  16.558 0.0000000000
26367  20.862  -43.650  16.481 0.0000000000
25606  21.749  -44.341  16.326 0.0000000000
26380  24.048  -43.360  15.715 0.0000000000
28724  23.840  -40.461  15.482 0.0000000000
126201  25.182  -41.094  15.436 0.0000000000
32138  23.009  -36.220  11.178 0.0000000000
32121  24.968  -36.366  13.657 0.0000000000
32125  24.728  -36.414  12.893 0.0000000000
32137  23.708  -35.843  11.548 0.0000000000
34690  23.217  -33.080  11.863 0.0000000000
34657  20.222  -33.913  14.465 0.0000000000
1001  14.274  -84.798  29.891 0.0000000000
1009  15.706  -84.649  29.210 0.0000000000
115801  16.796  -84.444  28.457 0.0000000000
788  16.444  -85.434  28.797 0.0000000000
787  17.281  -84.986  28.465 0.0000000000
1217  17.115  -83.945  27.978 0.0000000000
1227  18.030  -83.815  27.617 0.0000000000
1054  20.661  -84.128  21.186 0.0000000000
1270  20.183  -83.586  20.478 0.0000000000
611  18.703  -86.775  23.460 0.0000000000
428  18.884  -86.939  22.578 0.0000000000
622  19.329  -86.759  21.946 0.0000000000
440  17.808  -87.612  21.642 0.0000000000
831  19.759  -86.138  21.730 0.0000000000
838  19.242  -85.769  21.018 0.0000000000
1055  19.762  -84.257  20.617 0.0000000000
1276  19.443  -83.454  19.882 0.0000000000
1282  18.913  -82.879  19.134 0.0000000000
1283  18.352  -83.284  18.595 0.0000000000
122176  18.070  -82.920  17.732 0.0000000000
137542  17.983  -84.592  18.297 0.0000000000
1080  17.937  -83.970  17.935 0.0000000000
124399  18.003  -82.710  16.857 0.0000000000
1301  17.777  -83.030  16.064 0.0000000000
1308  17.630  -83.582  15.271 0.0000000000
1314  18.112  -83.594  14.688 0.0000000000
2902  28.151  -79.094  18.110 0.0000000000
117769  26.510  -80.925  20.738 0.0000000000
1802  25.507  -81.186  19.020 0.0000000000
1807  24.818  -81.043  18.155 0.0000000000
1518  24.145  -81.312  17.442 0.0000000000
1531  23.073  -81.528  16.552 0.0000000000
1533  21.752  -82.017  15.661 0.0000000000
2189  20.874  -80.548  16.231 0.0000000000
1845  20.283  -81.277  15.296 0.0000000000
1844  21.068  -81.555  15.378 0.0000000000
1542  20.349  -82.055  14.894 0.0000000000
1551  18.775  -82.904  14.627 0.0000000000
899  18.708  -85.597  14.402 0.0000000000
893  19.550  -85.631  14.793 0.0000000000
665  19.886  -86.708  16.086 0.0000000000
480  18.726  -87.497  15.686 0.0000000000
464  21.011  -87.416  17.124 0.0000000000
280  22.009  -87.698  16.935 0.0000000000
291  22.798  -87.482  16.505 0.0000000000
136  16.428  -89.866  16.783 0.0000000000
141  20.058  -88.995  16.424 0.0000000000
293  21.519  -88.547  16.086 0.0000000000
304  22.217  -88.271  15.495 0.0000000000
478  23.301  -87.530  15.629 0.0000000000
302  23.592  -87.580  14.845 0.0000000000
133539  23.692  -87.335  13.396 0.0000000000
491  24.255  -86.973  13.009 0.0000000000
117115  22.820  -87.491  12.955 0.0000000000
492  23.486  -87.190  12.717 0.0000000000
117585  24.691  -86.492  11.947 0.0000000000
507  24.980  -86.269  10.453 0.0000000000
513  25.132  -86.167  9.665 0.0000000000
934  25.433  -85.619  8.661 0.0000000000
722  25.387  -86.011  8.259 0.0000000000
117601  25.365  -85.678  8.008 0.0000000000
938  24.997  -85.455  7.138 0.0000000000
948  24.462  -85.682  6.539 0.0000000000
122411  22.654  -85.476  6.470 0.0000000000
956  23.696  -86.293  5.240 0.0000000000
966  20.705  -85.615  4.761 0.0000000000
967  20.101  -85.490  4.146 0.0000000000
976  21.593  -86.554  2.369 0.0000000000
125458  20.539  -86.021  3.156 0.0000000000
973  19.593  -85.221  3.436 0.0000000000
1186  19.136  -84.823  2.797 0.0000000000
1190  18.591  -84.139  1.581 0.0000000000
1191  18.054  -83.651  1.102 0.0000000000
1195  17.503  -83.659  0.606 0.0000000000
132901  16.772  -82.174  0.212 0.0000000000
2009  16.561  -82.312  -1.398 0.0000000000
1689  15.774  -82.275  -2.066 0.0000000000
1958  10.666  -81.976  3.577 0.0000000000
1398  10.719  -83.238  3.076 0.0000000000
408  15.913  -87.103  0.527 0.0000000000
761  16.304  -86.608  3.062 0.0000000000
1185  14.950  -84.381  3.742 0.0000000000
974  15.857  -85.899  3.070 0.0000000000
979  15.809  -86.443  2.236 0.0000000000
769  15.722  -86.843  1.323 0.0000000000
572  14.958  -86.492  0.613 0.0000000000
117626  15.550  -86.864  0.082 0.0000000000
779  15.192  -86.503  -0.167 0.0000000000
995  14.414  -85.165  -0.012 0.0000000000
135687  14.487  -84.174  -0.075 0.0000000000
1675  13.052  -82.871  0.355 0.0000000000
1412  13.564  -83.276  -0.007 0.0000000000
1411  14.216  -83.275  -0.403 0.0000000000
1681  14.471  -82.466  -1.065 0.0000000000
1701  15.288  -81.926  -2.282 0.0000000000
2022  16.297  -81.759  -3.118 0.0000000000
3113  16.379  -79.427  -1.550 0.0000000000
127259  16.474  -78.794  1.024 0.0000000000
3405  15.085  -77.700  9.133 0.0000000000
3404  15.929  -77.460  8.826 0.0000000000
3403  16.564  -76.969  8.488 0.0000000000
4290  16.012  -75.260  8.059 0.0000000000
3835  16.875  -76.238  8.232 0.0000000000
3834  17.416  -76.188  7.374 0.0000000000
15809  2.438  -56.354  17.617 0.0000000000
15126  2.162  -56.941  17.085 0.0000000000
15148  2.571  -57.473  15.595 0.0000000000
15146  4.467  -57.633  15.848 0.0000000000
15147  3.316  -57.329  15.472 0.0000000000
14450  2.800  -57.684  14.737 0.0000000000
14469  2.764  -58.487  13.468 0.0000000000
13798  2.864  -58.671  12.705 0.0000000000
13812  2.763  -59.360  11.667 0.0000000000
13804  7.218  -60.062  13.180 0.0000000000
13805  6.083  -60.009  12.969 0.0000000000
122136  5.527  -60.359  12.337 0.0000000000
11764  5.667  -62.468  12.015 0.0000000000
122398  5.336  -60.862  11.683 0.0000000000
129629  5.108  -59.733  12.466 0.0000000000
132420  3.873  -59.471  11.261 0.0000000000
13110  3.192  -59.574  11.036 0.0000000000
13111  2.424  -60.051  11.203 0.0000000000
122155  6.130  -65.886  0.328 0.0000000000
8129  6.529  -67.762  5.966 0.0000000000
117993  6.484  -67.833  5.214 0.0000000000
127008  6.626  -67.661  3.672 0.0000000000
7590  7.368  -69.596  3.860 0.0000000000
8162  7.088  -68.683  3.198 0.0000000000
132653  7.147  -68.289  2.332 0.0000000000
8197  7.555  -68.418  0.649 0.0000000000
8204  7.652  -68.400  -0.471 0.0000000000
8215  7.226  -68.412  -2.039 0.0000000000
7657  7.695  -69.247  -2.045 0.0000000000
7105  8.121  -70.535  -2.556 0.0000000000
6503  8.445  -71.543  -2.845 0.0000000000
6490  8.895  -71.811  -1.119 0.0000000000
5941  9.039  -72.211  -1.924 0.0000000000
5953  8.893  -72.677  -3.078 0.0000000000
5431  9.398  -74.266  -3.964 0.0000000000
5430  10.365  -74.537  -3.736 0.0000000000
5442  11.065  -74.850  -4.036 0.0000000000
19625  8.596  -52.392  12.136 0.0000000000
135513  8.018  -53.130  11.461 0.0000000000
18840  5.674  -53.220  10.743 0.0000000000
19672  6.696  -52.139  9.530 0.0000000000
18863  5.445  -52.828  9.657 0.0000000000
18841  4.967  -53.285  10.354 0.0000000000
18074  4.180  -53.642  9.982 0.0000000000
16613  3.397  -55.190  9.273 0.0000000000
125791  2.895  -56.906  9.211 0.0000000000
17357  4.590  -54.753  7.368 0.0000000000
131925  3.637  -56.102  8.186 0.0000000000
137800  3.211  -57.142  8.290 0.0000000000
15184  3.075  -57.650  9.232 0.0000000000
14496  3.470  -58.376  8.919 0.0000000000
13845  4.495  -59.347  8.042 0.0000000000
13857  5.058  -59.702  7.628 0.0000000000
13868  3.841  -59.702  6.351 0.0000000000
13146  5.097  -60.119  7.028 0.0000000000
13135  5.924  -59.888  7.607 0.0000000000
12456  6.834  -60.916  7.119 0.0000000000
12455  7.593  -61.472  7.390 0.0000000000
11186  8.540  -62.671  7.156 0.0000000000
13209  5.862  -60.044  2.036 0.0000000000
12524  5.678  -60.954  2.016 0.0000000000
12500  5.594  -61.670  3.636 0.0000000000
11869  7.060  -62.906  2.245 0.0000000000
11861  6.393  -62.478  3.183 0.0000000000
11851  6.298  -62.016  4.490 0.0000000000
133664  7.585  -62.463  5.634 0.0000000000
11195  8.312  -62.879  6.177 0.0000000000
11185  9.205  -63.184  7.684 0.0000000000
10517  9.630  -63.925  7.290 0.0000000000
9896  10.640  -65.347  7.549 0.0000000000
9317  11.261  -67.332  7.144 0.0000000000
9332  9.698  -66.882  5.463 0.0000000000
8739  10.864  -67.515  6.106 0.0000000000
8738  11.384  -67.955  6.584 0.0000000000
7553  11.405  -69.383  5.410 0.0000000000
128978  11.455  -69.805  4.012 0.0000000000
7042  11.283  -70.646  2.609 0.0000000000
9961  11.191  -66.342  3.759 0.0000000000
9372  10.290  -66.725  2.174 0.0000000000
9394  10.047  -65.775  -0.032 0.0000000000
8803  10.073  -66.827  0.456 0.0000000000
8187  10.238  -68.140  1.675 0.0000000000
8186  10.821  -69.101  1.839 0.0000000000
7604  11.304  -70.050  1.998 0.0000000000
7058  11.281  -71.014  1.848 0.0000000000
139727  11.401  -71.420  0.468 0.0000000000
6479  11.475  -71.584  -0.285 0.0000000000
117969  11.560  -71.656  -1.151 0.0000000000
7664  11.237  -69.415  -2.955 0.0000000000
115491  11.598  -71.426  -2.146 0.0000000000
127973  11.433  -72.432  -2.579 0.0000000000
5964  11.746  -73.080  -3.961 0.0000000000
123139  11.897  -73.817  -4.166 0.0000000000
4941  11.665  -74.833  -4.208 0.0000000000
4953  12.738  -74.121  -4.516 0.0000000000
4952  13.667  -74.213  -4.545 0.0000000000
4938  14.519  -74.494  -4.294 0.0000000000
6538  14.346  -72.075  -4.838 0.0000000000
5452  15.656  -73.337  -4.917 0.0000000000
4929  15.303  -74.214  -4.204 0.0000000000
5427  15.905  -73.801  -4.021 0.0000000000
5963  16.318  -73.273  -3.796 0.0000000000
6516  17.128  -72.187  -3.432 0.0000000000
7682  17.390  -69.638  -4.478 0.0000000000
139905  18.257  -69.709  -4.472 0.0000000000
7129  18.079  -70.892  -4.914 0.0000000000
6527  18.620  -71.321  -4.638 0.0000000000
128745  18.265  -71.935  -4.117 0.0000000000
6499  17.406  -71.616  -3.058 0.0000000000
7101  18.574  -70.950  -2.655 0.0000000000
7086  18.829  -70.553  -1.866 0.0000000000
7076  20.068  -70.145  -1.190 0.0000000000
7654  20.754  -69.712  -1.634 0.0000000000
50  13.436  -89.939  18.493 0.0000000000
117  10.596  -89.370  21.429 0.0000000000
122  10.306  -89.689  21.367 0.0000000000
132  20.013  -88.654  16.656 0.0000000000
144  21.802  -88.519  14.963 0.0000000000
145  21.286  -88.815  15.416 0.0000000000
146  20.580  -89.173  15.245 0.0000000000
243  16.019  -88.151  24.435 0.0000000000
244  15.240  -88.348  24.610 0.0000000000
247  14.787  -88.490  23.906 0.0000000000
253  14.378  -88.561  23.252 0.0000000000
254  9.974  -88.363  23.369 0.0000000000
257  16.097  -88.331  22.289 0.0000000000
260  14.148  -88.582  22.941 0.0000000000
262  9.914  -89.000  22.734 0.0000000000
268  9.507  -89.120  22.099 0.0000000000
284  18.892  -88.938  16.682 0.0000000000
292  22.158  -88.040  16.320 0.0000000000
294  20.778  -88.497  16.631 0.0000000000
295  19.228  -88.439  16.636 0.0000000000
303  22.934  -87.899  15.132 0.0000000000
306  16.426  -88.200  15.713 0.0000000000
308  23.694  -87.482  14.096 0.0000000000
309  23.092  -87.802  14.390 0.0000000000
411  14.009  -87.324  26.985 0.0000000000
413  15.020  -87.841  26.423 0.0000000000
419  14.596  -87.924  25.716 0.0000000000
426  9.548  -87.169  24.314 0.0000000000
429  17.912  -87.137  23.790 0.0000000000
433  9.612  -87.791  23.740 0.0000000000
436  18.074  -87.399  22.381 0.0000000000
438  13.960  -88.251  22.816 0.0000000000
443  14.205  -87.604  21.849 0.0000000000
449  16.973  -87.697  20.266 0.0000000000
455  10.973  -87.920  20.273 0.0000000000
463  21.773  -87.259  17.289 0.0000000000
466  14.197  -87.674  17.075 0.0000000000
473  18.637  -88.149  16.250 0.0000000000
486  24.211  -87.196  14.545 0.0000000000
496  24.785  -86.512  12.540 0.0000000000
497  24.163  -86.797  12.303 0.0000000000
501  24.860  -86.364  11.294 0.0000000000
503  23.444  -86.910  11.869 0.0000000000
514  24.556  -86.642  9.711 0.0000000000
575  19.746  -87.398  -0.017 0.0000000000
576  15.193  -86.652  0.336 0.0000000000
580  16.744  -87.017  -0.402 0.0000000000
581  16.046  -87.082  -0.058 0.0000000000
583  14.987  -86.608  28.434 0.0000000000
590  14.355  -87.129  27.687 0.0000000000
593  17.574  -86.608  26.538 0.0000000000
603  14.342  -87.425  24.994 0.0000000000
619  10.223  -87.154  23.698 0.0000000000
623  18.508  -87.157  21.473 0.0000000000
627  10.449  -86.763  21.637 0.0000000000
643  10.804  -86.908  20.206 0.0000000000
645  23.478  -85.993  17.816 0.0000000000
650  16.566  -85.828  18.498 0.0000000000
654  24.837  -86.007  17.109 0.0000000000
657  22.255  -86.677  17.582 0.0000000000
658  21.672  -86.160  17.644 0.0000000000
663  24.954  -86.263  16.298 0.0000000000
674  18.433  -86.957  14.928 0.0000000000
680  25.771  -85.524  14.220 0.0000000000
682  18.963  -86.330  14.736 0.0000000000
697  25.683  -85.585  11.549 0.0000000000
706  25.600  -85.531  10.756 0.0000000000
721  25.380  -85.829  9.204 0.0000000000
740  15.173  -85.963  6.275 0.0000000000
741  14.459  -86.260  6.122 0.0000000000
760  16.403  -87.080  3.367 0.0000000000
767  20.897  -86.643  0.905 0.0000000000
772  19.748  -86.347  -0.010 0.0000000000
773  18.997  -86.067  -0.308 0.0000000000
780  14.642  -86.048  -0.046 0.0000000000
781  15.790  -85.168  29.207 0.0000000000
785  12.715  -85.298  29.584 0.0000000000
803  19.842  -85.615  25.762 0.0000000000
812  8.166  -85.185  24.723 0.0000000000
814  21.386  -85.318  23.247 0.0000000000
826  10.658  -86.075  23.328 0.0000000000
829  21.120  -85.122  22.317 0.0000000000
853  11.498  -85.730  20.027 0.0000000000
858  23.524  -85.387  18.147 0.0000000000
869  24.784  -85.558  17.811 0.0000000000
871  21.759  -85.349  17.492 0.0000000000
886  15.690  -85.809  15.943 0.0000000000
898  26.086  -84.988  14.241 0.0000000000
900  18.050  -85.551  14.338 0.0000000000
907  26.095  -85.059  12.633 0.0000000000
937  25.212  -85.832  7.251 0.0000000000
940  22.104  -85.162  7.115 0.0000000000
942  14.176  -85.364  7.428 0.0000000000
949  23.649  -85.790  6.058 0.0000000000
952  14.359  -85.783  6.786 0.0000000000
982  20.423  -86.183  1.459 0.0000000000
984  14.255  -85.880  0.691 0.0000000000
990  13.778  -85.207  0.823 0.0000000000
994  15.135  -85.805  -0.384 0.0000000000
996  13.858  -84.868  0.479 0.0000000000
1000  15.134  -84.983  29.539 0.0000000000
1014  20.317  -84.369  27.279 0.0000000000
1024  14.260  -84.433  27.019 0.0000000000
1034  10.158  -84.821  25.102 0.0000000000
1066  26.312  -84.552  17.915 0.0000000000
1067  25.231  -84.580  18.736 0.0000000000
1068  24.040  -84.605  18.487 0.0000000000
1089  16.981  -84.492  16.306 0.0000000000
1094  26.537  -84.072  15.689 0.0000000000
1097  17.143  -84.783  14.920 0.0000000000
1107  26.207  -84.773  13.301 0.0000000000
1116  26.143  -84.874  12.003 0.0000000000
1125  25.890  -84.764  10.485 0.0000000000
1126  25.613  -84.062  10.650 0.0000000000
1133  25.723  -85.015  9.638 0.0000000000
1146  13.100  -84.122  8.550 0.0000000000
1147  12.308  -83.842  8.457 0.0000000000
1149  25.281  -85.248  7.860 0.0000000000
1152  22.586  -84.833  7.554 0.0000000000
1156  11.905  -84.029  7.851 0.0000000000
1161  19.693  -84.165  6.272 0.0000000000
1162  15.610  -85.166  6.043 0.0000000000
1169  19.641  -84.514  5.407 0.0000000000
1184  18.785  -84.200  2.938 0.0000000000
1187  18.802  -84.357  2.376 0.0000000000
1188  13.823  -84.620  2.066 0.0000000000
1192  13.370  -84.713  1.242 0.0000000000
1196  16.693  -83.826  0.185 0.0000000000
1197  13.481  -84.622  0.784 0.0000000000
1200  15.865  -84.226  -0.141 0.0000000000
1201  15.070  -84.768  -0.265 0.0000000000
1202  13.973  -84.092  0.053 0.0000000000
1216  19.460  -83.708  27.689 0.0000000000
1236  15.530  -83.839  25.068 0.0000000000
1239  15.490  -83.934  24.539 0.0000000000
1244  7.769  -84.058  24.801 0.0000000000
1255  6.335  -82.751  23.747 0.0000000000
1266  26.828  -83.140  20.199 0.0000000000
1273  25.622  -83.711  19.469 0.0000000000
1274  25.019  -83.749  19.165 0.0000000000
1279  27.339  -83.487  18.957 0.0000000000
1293  17.753  -83.468  17.022 0.0000000000
1299  21.478  -83.058  15.828 0.0000000000
1311  26.188  -83.599  15.087 0.0000000000
1327  24.220  -82.960  12.637 0.0000000000
1345  25.055  -83.323  10.806 0.0000000000
1350  25.200  -83.582  10.069 0.0000000000
1351  24.690  -83.196  9.660 0.0000000000
1352  24.034  -82.975  9.401 0.0000000000
1358  24.617  -83.621  8.998 0.0000000000
1361  21.185  -83.811  8.662 0.0000000000
1364  13.577  -83.363  8.983 0.0000000000
1369  20.677  -84.058  8.185 0.0000000000
1372  14.635  -83.513  7.525 0.0000000000
1382  19.193  -83.656  5.720 0.0000000000
1383  14.636  -83.260  5.920 0.0000000000
1392  10.550  -83.951  3.255 0.0000000000
1399  9.953  -83.190  2.948 0.0000000000
1405  17.561  -82.897  1.050 0.0000000000
1406  13.016  -83.432  0.703 0.0000000000
1409  13.212  -83.356  0.423 0.0000000000
1456  15.439  -83.021  24.458 0.0000000000
1464  14.771  -82.001  22.081 0.0000000000
1476  14.253  -81.946  21.512 0.0000000000
1483  26.811  -82.697  20.562 0.0000000000
1492  29.052  -82.415  19.682 0.0000000000
1502  25.147  -81.786  18.568 0.0000000000
1516  29.069  -82.549  18.812 0.0000000000
1519  23.587  -81.809  16.973 0.0000000000
1521  18.913  -81.738  17.498 0.0000000000
1532  22.453  -81.738  16.171 0.0000000000
1540  26.284  -81.426  15.520 0.0000000000
1547  25.774  -82.786  15.139 0.0000000000
1550  19.639  -82.648  14.625 0.0000000000
1578  21.808  -81.963  10.215 0.0000000000
1582  23.386  -82.531  9.876 0.0000000000
1584  21.412  -82.543  9.694 0.0000000000
1587  12.313  -82.818  9.214 0.0000000000
1593  14.184  -82.709  8.943 0.0000000000
1602  10.462  -82.300  7.330 0.0000000000
1608  18.984  -82.477  6.774 0.0000000000
1624  13.918  -81.710  5.348 0.0000000000
1637  18.546  -82.578  4.565 0.0000000000
1640  11.628  -83.207  4.134 0.0000000000
1666  17.676  -82.165  1.527 0.0000000000
1668  12.892  -82.672  1.073 0.0000000000
1682  13.694  -82.391  -0.575 0.0000000000
1688  16.741  -82.485  -2.550 0.0000000000
1690  14.881  -82.131  -1.735 0.0000000000
1691  14.210  -81.840  -1.439 0.0000000000
1700  16.060  -82.173  -2.771 0.0000000000
1702  14.771  -81.860  -1.997 0.0000000000
1769  15.084  -81.896  22.896 0.0000000000
1771  7.584  -81.660  23.550 0.0000000000
1788  11.632  -81.324  20.811 0.0000000000
1793  30.052  -81.184  19.760 0.0000000000
1795  29.003  -81.557  21.014 0.0000000000
1797  26.122  -81.542  19.984 0.0000000000
1846  19.558  -81.244  15.493 0.0000000000
1870  22.776  -81.024  12.794 0.0000000000
1882  21.462  -80.854  11.020 0.0000000000
1901  14.176  -81.927  9.241 0.0000000000
1909  19.374  -81.176  8.886 0.0000000000
1911  11.984  -81.158  9.094 0.0000000000
1913  9.667  -81.228  7.961 0.0000000000
1922  9.048  -81.082  7.260 0.0000000000
1936  10.402  -81.966  6.182 0.0000000000
1947  18.416  -81.057  5.200 0.0000000000
1959  10.068  -81.591  3.394 0.0000000000
1972  13.709  -81.680  3.703 0.0000000000
1983  13.511  -81.566  2.041 0.0000000000
2000  16.685  -82.121  -0.463 0.0000000000
2001  13.350  -81.803  -0.126 0.0000000000
2010  13.687  -81.651  -0.774 0.0000000000
2023  15.603  -81.577  -2.691 0.0000000000
2029  15.941  -81.187  -2.897 0.0000000000
2128  6.710  -80.874  22.613 0.0000000000
2135  13.774  -80.618  20.867 0.0000000000
2141  5.985  -80.861  21.517 0.0000000000
2150  13.119  -80.359  20.571 0.0000000000
2151  12.089  -80.449  20.576 0.0000000000
2153  29.884  -80.915  19.914 0.0000000000
2160  31.254  -80.882  18.643 0.0000000000
2176  22.515  -80.342  17.099 0.0000000000
2179  20.163  -80.698  16.533 0.0000000000
2197  20.968  -80.815  15.739 0.0000000000
2198  20.226  -80.769  15.828 0.0000000000
2250  20.485  -80.639  10.399 0.0000000000
2259  19.538  -80.383  9.140 0.0000000000
2260  14.203  -81.124  9.338 0.0000000000
2262  12.771  -80.571  9.332 0.0000000000
2271  14.655  -80.706  9.081 0.0000000000
2274  10.251  -80.911  8.261 0.0000000000
2285  9.179  -80.559  7.421 0.0000000000
2298  8.162  -80.338  6.219 0.0000000000
2299  7.769  -79.755  6.019 0.0000000000
2305  8.611  -80.791  5.438 0.0000000000
2353  14.170  -80.768  1.131 0.0000000000
2368  14.559  -80.568  -0.800 0.0000000000
2369  14.067  -81.138  -1.132 0.0000000000
2371  14.837  -80.531  -1.699 0.0000000000
2372  14.410  -81.015  -1.732 0.0000000000
2496  13.799  -78.850  21.505 0.0000000000
2502  6.663  -79.588  21.248 0.0000000000
2515  5.832  -79.733  20.333 0.0000000000
2516  29.841  -80.509  19.493 0.0000000000
2520  5.501  -79.758  19.033 0.0000000000
2536  5.509  -79.538  17.405 0.0000000000
2603  20.524  -79.667  10.304 0.0000000000
2642  9.525  -79.873  7.352 0.0000000000
2652  15.660  -79.381  6.663 0.0000000000
2655  9.050  -79.384  6.849 0.0000000000
2664  9.435  -78.827  6.318 0.0000000000
2666  7.661  -79.492  5.315 0.0000000000
2683  15.246  -79.640  3.513 0.0000000000
2684  14.652  -80.140  3.542 0.0000000000
2706  8.220  -80.364  1.195 0.0000000000
2726  16.924  -79.811  -2.811 0.0000000000
2728  15.393  -80.501  -2.303 0.0000000000
2873  8.487  -78.785  21.095 0.0000000000
2874  7.568  -78.953  21.192 0.0000000000
2900  6.240  -78.674  19.295 0.0000000000
2907  5.894  -78.852  18.551 0.0000000000
3006  16.521  -77.534  8.395 0.0000000000
3008  14.665  -78.491  9.301 0.0000000000
3019  16.678  -77.877  7.801 0.0000000000
3026  16.613  -78.250  6.918 0.0000000000
3040  8.903  -78.445  5.780 0.0000000000
3041  8.186  -78.530  5.650 0.0000000000
3048  10.259  -78.475  4.696 0.0000000000
3050  8.230  -78.129  5.054 0.0000000000
3051  7.710  -78.596  5.109 0.0000000000
3059  11.675  -78.432  3.072 0.0000000000
3076  7.566  -78.290  3.040 0.0000000000
3085  11.655  -78.477  1.849 0.0000000000
3088  7.828  -79.034  0.338 0.0000000000
3097  11.400  -78.633  0.941 0.0000000000
3099  10.781  -78.598  0.543 0.0000000000
3106  11.255  -78.573  -0.588 0.0000000000
3109  7.338  -78.866  -1.503 0.0000000000
3114  11.090  -78.551  -1.365 0.0000000000
3115  10.934  -78.602  -1.228 0.0000000000
3298  9.652  -77.438  20.252 0.0000000000
3305  8.562  -77.375  19.638 0.0000000000
3312  7.610  -77.884  18.813 0.0000000000
3414  17.090  -77.072  7.861 0.0000000000
3426  17.344  -77.245  6.076 0.0000000000
3435  12.300  -77.488  4.573 0.0000000000
3445  12.222  -77.677  2.988 0.0000000000
3447  8.448  -77.309  3.424 0.0000000000
3480  9.676  -76.680  0.578 0.0000000000
3488  10.322  -77.945  0.048 0.0000000000
3490  7.414  -77.815  -1.028 0.0000000000
3497  11.347  -78.166  -2.252 0.0000000000
3502  6.684  -77.503  -1.740 0.0000000000
3509  10.563  -77.961  -2.664 0.0000000000
3510  9.918  -77.292  -2.552 0.0000000000
3516  11.180  -77.546  -3.477 0.0000000000
3517  10.713  -77.594  -3.475 0.0000000000
3715  4.870  -76.317  19.808 0.0000000000
3724  3.746  -76.376  19.978 0.0000000000
3729  5.188  -76.287  18.306 0.0000000000
3730  4.433  -76.472  18.607 0.0000000000
3736  3.898  -76.276  17.215 0.0000000000
3756  9.080  -75.909  15.426 0.0000000000
3759  4.663  -76.270  16.046 0.0000000000
3761  3.911  -76.040  14.436 0.0000000000
3837  14.797  -76.327  8.232 0.0000000000
3859  12.792  -76.745  4.641 0.0000000000
3867  12.995  -76.050  3.335 0.0000000000
3909  12.644  -76.756  0.324 0.0000000000
3911  8.324  -75.794  0.636 0.0000000000
3934  9.458  -76.236  -1.523 0.0000000000
3935  6.492  -76.731  -1.542 0.0000000000
3945  12.561  -77.156  -2.710 0.0000000000
3956  10.949  -77.116  -3.871 0.0000000000
3968  9.973  -76.380  -4.275 0.0000000000
4155  2.991  -75.431  22.414 0.0000000000
4164  13.479  -75.593  21.222 0.0000000000
4169  2.966  -75.734  21.792 0.0000000000
4178  13.121  -75.310  19.940 0.0000000000
4179  4.920  -76.094  20.422 0.0000000000
4180  4.364  -76.222  20.875 0.0000000000
4181  3.325  -76.103  20.588 0.0000000000
4201  5.848  -75.562  18.106 0.0000000000
4219  3.549  -75.927  16.782 0.0000000000
4234  7.536  -75.837  13.642 0.0000000000
4246  5.539  -75.974  13.235 0.0000000000
4248  3.808  -75.385  13.050 0.0000000000
4282  16.294  -75.899  8.428 0.0000000000
4289  16.633  -75.525  8.135 0.0000000000
4306  14.211  -74.964  6.115 0.0000000000
4307  13.651  -75.570  5.540 0.0000000000
4380  8.898  -75.464  -0.646 0.0000000000
4383  5.408  -75.751  -1.170 0.0000000000
4392  13.891  -75.387  -1.983 0.0000000000
4402  14.140  -75.447  -2.769 0.0000000000
4410  14.148  -75.420  -3.508 0.0000000000
4411  13.599  -75.908  -3.655 0.0000000000
4412  9.162  -76.064  -4.294 0.0000000000
4413  8.812  -75.348  -4.430 0.0000000000
4423  10.393  -76.014  -4.302 0.0000000000
4639  2.971  -74.804  23.337 0.0000000000
4648  3.668  -75.016  22.775 0.0000000000
4649  3.079  -75.126  22.858 0.0000000000
4678  3.007  -75.651  20.407 0.0000000000
4679  2.778  -75.192  21.169 0.0000000000
4689  13.129  -73.848  19.703 0.0000000000
4690  12.861  -74.276  18.905 0.0000000000
4710  11.711  -73.710  17.415 0.0000000000
4721  9.987  -74.322  15.745 0.0000000000
4734  9.157  -74.263  15.010 0.0000000000
4743  7.792  -74.860  13.953 0.0000000000
4752  7.147  -75.393  13.571 0.0000000000
4902  13.924  -74.009  -1.124 0.0000000000
4904  7.664  -74.649  -1.590 0.0000000000
4922  6.415  -73.772  -2.591 0.0000000000
4931  9.590  -74.908  -4.289 0.0000000000
4939  12.937  -74.964  -4.411 0.0000000000
4940  12.181  -74.854  -4.349 0.0000000000
4943  9.207  -75.161  -4.504 0.0000000000
4945  7.894  -74.142  -4.492 0.0000000000
4951  14.512  -73.871  -4.605 0.0000000000
4954  12.224  -73.961  -4.355 0.0000000000
5151  3.257  -74.245  23.904 0.0000000000
5152  2.989  -74.415  23.797 0.0000000000
5162  4.911  -73.584  22.336 0.0000000000
5163  4.223  -74.245  23.006 0.0000000000
5193  2.990  -73.503  19.015 0.0000000000
5202  12.595  -73.071  18.487 0.0000000000
5217  11.215  -73.354  17.032 0.0000000000
5228  10.542  -73.664  16.340 0.0000000000
5244  8.246  -74.103  14.605 0.0000000000
5344  14.408  -73.209  5.610 0.0000000000
5354  13.651  -73.964  4.288 0.0000000000
5361  13.953  -72.578  4.244 0.0000000000
5394  14.120  -73.054  -0.042 0.0000000000
5414  10.678  -73.671  -2.930 0.0000000000
5417  7.083  -73.550  -3.467 0.0000000000
5419  5.618  -73.617  -2.500 0.0000000000
5426  16.485  -73.232  -4.501 0.0000000000
5434  5.986  -72.918  -2.934 0.0000000000
5440  15.891  -73.671  -4.606 0.0000000000
5441  15.187  -73.853  -4.583 0.0000000000
5446  7.241  -72.967  -4.137 0.0000000000
5453  14.845  -73.375  -4.807 0.0000000000
5455  12.594  -73.308  -4.570 0.0000000000
5637  3.502  -72.669  25.596 0.0000000000
5694  5.394  -72.958  21.734 0.0000000000
5695  2.482  -72.545  21.391 0.0000000000
5756  10.675  -73.027  16.733 0.0000000000
5867  15.411  -71.911  6.229 0.0000000000
5880  13.806  -72.667  3.477 0.0000000000
5881  13.652  -73.150  2.908 0.0000000000
5893  10.170  -71.949  1.981 0.0000000000
5904  14.225  -72.312  1.231 0.0000000000
5906  10.648  -72.107  1.146 0.0000000000
5918  14.397  -72.369  0.378 0.0000000000
5921  9.657  -72.360  0.391 0.0000000000
5929  10.712  -72.567  -0.410 0.0000000000
5930  10.008  -72.641  -0.282 0.0000000000
5931  4.512  -72.778  -0.871 0.0000000000
5938  11.345  -72.406  -1.591 0.0000000000
5948  16.537  -72.513  -3.279 0.0000000000
5951  11.292  -73.241  -3.087 0.0000000000
5954  5.374  -72.421  -2.782 0.0000000000
5955  4.950  -72.602  -2.429 0.0000000000
5962  17.116  -72.691  -4.137 0.0000000000
5965  8.706  -73.431  -4.000 0.0000000000
5974  18.283  -71.886  -4.677 0.0000000000
5979  8.039  -73.050  -4.516 0.0000000000
5980  7.534  -72.705  -4.284 0.0000000000
5981  7.082  -72.269  -4.013 0.0000000000
5987  16.826  -72.536  -5.109 0.0000000000
5988  16.061  -72.828  -5.155 0.0000000000
5989  13.054  -72.807  -4.716 0.0000000000
6202  3.582  -71.646  26.278 0.0000000000
6203  3.124  -71.527  26.376 0.0000000000
6204  2.873  -71.115  26.303 0.0000000000
6236  2.241  -71.756  23.549 0.0000000000
6284  2.633  -71.853  20.720 0.0000000000
6421  9.159  -71.193  3.874 0.0000000000
6429  10.433  -71.364  3.316 0.0000000000
6430  9.672  -71.534  3.293 0.0000000000
6442  10.620  -71.551  2.501 0.0000000000
6443  9.479  -71.779  2.562 0.0000000000
6444  8.773  -71.463  2.286 0.0000000000
6469  11.176  -71.626  1.137 0.0000000000
6481  8.741  -71.481  -0.400 0.0000000000
6487  16.320  -71.200  -1.980 0.0000000000
6498  18.327  -71.560  -3.499 0.0000000000
6501  15.974  -71.964  -2.397 0.0000000000
6502  11.533  -71.392  -3.294 0.0000000000
6504  5.617  -71.683  -2.953 0.0000000000
6513  19.595  -71.019  -4.003 0.0000000000
6514  18.856  -71.504  -4.236 0.0000000000
6515  17.749  -72.134  -3.843 0.0000000000
6518  8.162  -71.883  -3.643 0.0000000000
6520  6.437  -71.712  -3.464 0.0000000000
6528  18.143  -71.909  -4.989 0.0000000000
6535  17.978  -71.582  -5.066 0.0000000000
6537  16.347  -72.247  -5.186 0.0000000000
6762  3.296  -70.159  27.090 0.0000000000
6778  4.624  -70.499  26.303 0.0000000000
6794  2.541  -70.308  25.996 0.0000000000
6828  2.369  -70.770  22.739 0.0000000000
6848  2.580  -70.886  21.837 0.0000000000
6881  2.987  -69.885  16.993 0.0000000000
7014  11.279  -70.248  4.293 0.0000000000
7015  10.726  -70.630  4.520 0.0000000000
7017  8.566  -70.614  4.500 0.0000000000
7025  14.580  -71.053  3.298 0.0000000000
7026  11.315  -70.359  3.455 0.0000000000
7044  7.893  -70.149  2.220 0.0000000000
7056  15.816  -70.224  0.859 0.0000000000
7057  15.670  -70.091  1.701 0.0000000000
7059  8.097  -70.252  1.379 0.0000000000
7070  11.493  -70.655  0.035 0.0000000000
7077  19.131  -70.286  -1.015 0.0000000000
7080  11.532  -70.662  -0.939 0.0000000000
7085  19.665  -70.420  -1.941 0.0000000000
7088  16.959  -70.630  -1.643 0.0000000000
7089  11.480  -70.260  -2.009 0.0000000000
7090  8.423  -70.770  -1.384 0.0000000000
7091  5.511  -70.031  -2.291 0.0000000000
7092  4.981  -70.378  -1.959 0.0000000000
7099  20.812  -70.025  -2.758 0.0000000000
7100  20.187  -70.542  -2.831 0.0000000000
7102  17.640  -70.996  -2.497 0.0000000000
7104  11.399  -70.395  -3.077 0.0000000000
7106  7.533  -70.160  -2.946 0.0000000000
7115  20.808  -69.849  -3.760 0.0000000000
7118  7.877  -71.003  -3.262 0.0000000000
7119  7.353  -70.801  -3.370 0.0000000000
7120  6.728  -70.792  -3.357 0.0000000000
7127  20.416  -70.045  -4.029 0.0000000000
7128  19.626  -70.633  -4.202 0.0000000000
7130  17.258  -70.539  -4.873 0.0000000000
7131  16.443  -70.648  -4.848 0.0000000000
7132  15.613  -70.431  -4.661 0.0000000000
7135  12.037  -70.666  -4.435 0.0000000000
7136  11.761  -70.743  -4.239 0.0000000000
7137  17.532  -71.444  -5.125 0.0000000000
7349  2.456  -69.365  26.001 0.0000000000
7523  10.380  -69.102  7.192 0.0000000000
7524  9.150  -69.198  7.248 0.0000000000
7554  10.981  -69.753  5.747 0.0000000000
7555  10.005  -69.998  5.964 0.0000000000
7556  8.897  -69.924  5.958 0.0000000000
7557  7.537  -69.561  5.355 0.0000000000
7573  11.468  -69.605  4.668 0.0000000000
7574  7.245  -69.428  4.626 0.0000000000
7589  11.339  -69.621  3.368 0.0000000000
7620  11.054  -69.498  1.155 0.0000000000
7655  11.316  -69.638  -1.301 0.0000000000
7656  8.058  -69.938  -2.032 0.0000000000
7659  5.216  -68.720  -1.292 0.0000000000
7665  7.675  -69.789  -2.480 0.0000000000
7666  7.204  -69.323  -2.499 0.0000000000
7681  18.008  -70.252  -4.710 0.0000000000
7684  14.252  -69.542  -4.332 0.0000000000
7685  12.251  -69.874  -4.278 0.0000000000
7883  2.810  -68.770  28.895 0.0000000000
7915  2.504  -68.693  25.345 0.0000000000
7929  3.186  -68.195  24.193 0.0000000000
7958  3.874  -68.127  21.490 0.0000000000
7987  2.823  -68.135  19.622 0.0000000000
8101  9.311  -68.274  8.367 0.0000000000
8113  9.909  -68.733  7.831 0.0000000000
8115  7.683  -68.492  7.476 0.0000000000
8125  11.390  -68.472  6.406 0.0000000000
8126  11.192  -68.746  6.840 0.0000000000
8140  7.119  -69.006  5.830 0.0000000000
8151  6.600  -68.215  4.708 0.0000000000
8161  10.384  -68.226  3.467 0.0000000000
8175  10.498  -68.590  2.378 0.0000000000
8176  7.369  -68.365  1.585 0.0000000000
8188  7.132  -67.307  0.653 0.0000000000
8196  10.286  -67.836  0.022 0.0000000000
8202  10.944  -68.814  -0.403 0.0000000000
8214  10.695  -67.542  -1.958 0.0000000000
8222  11.304  -68.527  -3.085 0.0000000000
8224  6.914  -68.679  -2.306 0.0000000000
8225  6.515  -68.720  -2.217 0.0000000000
8253  12.697  -69.025  -4.001 0.0000000000
8483  2.183  -67.719  29.791 0.0000000000
8529  4.354  -67.164  23.983 0.0000000000
8531  2.873  -68.059  24.851 0.0000000000
8700  8.303  -67.162  9.304 0.0000000000
8710  10.808  -67.458  8.549 0.0000000000
8712  8.758  -67.728  8.841 0.0000000000
8740  6.500  -67.133  6.643 0.0000000000
8755  11.232  -68.122  5.840 0.0000000000
8791  10.058  -67.633  2.242 0.0000000000
8797  10.099  -66.972  1.387 0.0000000000
8805  6.802  -66.843  -0.432 0.0000000000
8806  5.652  -66.506  -0.331 0.0000000000
8840  11.258  -66.601  -2.754 0.0000000000
8841  10.694  -66.521  -2.265 0.0000000000
8852  11.624  -67.665  -3.214 0.0000000000
9091  2.377  -67.259  28.681 0.0000000000
9099  2.466  -67.244  27.778 0.0000000000
9105  3.034  -66.736  26.687 0.0000000000
9106  2.635  -66.954  27.172 0.0000000000
9117  5.415  -65.679  23.819 0.0000000000
9266  8.409  -66.246  10.468 0.0000000000
9275  10.966  -66.269  9.319 0.0000000000
9277  8.904  -66.756  9.950 0.0000000000
9279  7.155  -66.189  9.294 0.0000000000
9304  10.948  -66.278  7.305 0.0000000000
9318  10.490  -66.761  6.463 0.0000000000
9319  6.289  -66.226  6.384 0.0000000000
9333  9.042  -66.240  5.093 0.0000000000
9334  6.335  -66.774  5.780 0.0000000000
9340  9.678  -67.070  4.184 0.0000000000
9359  9.545  -66.364  4.271 0.0000000000
9373  6.319  -65.607  1.978 0.0000000000
9395  6.190  -66.417  -0.319 0.0000000000
9396  5.723  -66.025  0.175 0.0000000000
9405  10.212  -65.774  -0.969 0.0000000000
9422  12.532  -66.397  -2.633 0.0000000000
9635  4.257  -64.631  31.133 0.0000000000
9661  4.777  -65.157  29.040 0.0000000000
9662  3.859  -65.923  28.707 0.0000000000
9668  5.054  -65.208  27.641 0.0000000000
9674  5.344  -65.038  26.809 0.0000000000
9697  5.671  -65.057  24.960 0.0000000000
9698  5.354  -65.685  24.580 0.0000000000
9708  5.447  -65.109  23.656 0.0000000000
9709  5.124  -65.128  22.980 0.0000000000
9759  2.617  -65.793  19.664 0.0000000000
9847  6.464  -64.911  11.012 0.0000000000
9859  7.859  -65.770  10.967 0.0000000000
9860  6.969  -65.485  10.570 0.0000000000
9868  11.279  -65.691  9.042 0.0000000000
9895  11.261  -65.842  8.086 0.0000000000
9910  10.012  -65.694  6.745 0.0000000000
9911  9.217  -65.292  6.178 0.0000000000
9919  9.436  -66.183  5.987 0.0000000000
9963  9.124  -65.394  4.101 0.0000000000
9980  11.529  -66.146  2.930 0.0000000000
9991  11.139  -65.461  1.251 0.0000000000
10000  10.723  -65.262  0.367 0.0000000000
10008  10.391  -65.262  -0.583 0.0000000000
10015  11.269  -65.060  -1.626 0.0000000000
10016  10.799  -65.139  -1.776 0.0000000000
10017  10.511  -65.238  -1.262 0.0000000000
10251  4.573  -64.155  30.618 0.0000000000
10274  5.235  -64.577  28.387 0.0000000000
10290  5.444  -64.281  26.440 0.0000000000
10454  6.141  -64.007  12.026 0.0000000000
10464  7.675  -64.790  12.093 0.0000000000
10465  6.717  -64.668  11.797 0.0000000000
10476  10.592  -64.955  10.179 0.0000000000
10501  10.738  -64.337  8.920 0.0000000000
10502  6.270  -64.809  8.964 0.0000000000
10516  10.369  -64.478  7.864 0.0000000000
10518  6.018  -64.483  8.028 0.0000000000
10530  9.171  -64.302  6.419 0.0000000000
10539  8.399  -64.238  4.958 0.0000000000
10540  8.021  -63.934  4.393 0.0000000000
10555  10.620  -64.505  4.321 0.0000000000
10556  8.415  -64.566  4.146 0.0000000000
10577  8.699  -64.550  3.490 0.0000000000
10898  5.243  -63.876  27.979 0.0000000000
10902  2.020  -63.193  29.014 0.0000000000
10948  5.211  -63.905  25.845 0.0000000000
10951  1.806  -63.233  25.533 0.0000000000
11123  8.487  -63.276  12.414 0.0000000000
11126  5.551  -62.722  11.571 0.0000000000
11134  9.171  -63.849  12.078 0.0000000000
11159  9.473  -62.894  9.495 0.0000000000
11174  5.119  -62.518  7.883 0.0000000000
11196  4.901  -62.608  6.191 0.0000000000
11211  4.677  -62.825  5.373 0.0000000000
11238  8.947  -64.150  2.667 0.0000000000
11254  9.263  -63.500  2.232 0.0000000000
11528  1.894  -61.874  33.492 0.0000000000
11537  1.449  -61.966  32.848 0.0000000000
11566  1.417  -62.339  29.992 0.0000000000
11654  1.826  -62.142  22.899 0.0000000000
11664  2.181  -63.059  22.012 0.0000000000
11760  9.262  -62.084  12.099 0.0000000000
11782  9.671  -62.173  11.033 0.0000000000
11783  5.345  -62.315  10.772 0.0000000000
11823  8.749  -62.534  8.056 0.0000000000
11824  8.210  -62.024  7.584 0.0000000000
11838  6.955  -62.092  5.253 0.0000000000
11870  6.409  -62.297  1.999 0.0000000000
11876  8.875  -62.909  1.599 0.0000000000
11878  7.015  -62.381  1.475 0.0000000000
12177  1.839  -60.598  32.927 0.0000000000
12284  1.323  -60.804  23.834 0.0000000000
12394  9.468  -61.301  11.927 0.0000000000
12395  9.076  -61.612  12.302 0.0000000000
12396  7.882  -61.196  12.701 0.0000000000
12397  6.386  -61.511  12.557 0.0000000000
12398  5.701  -61.749  12.167 0.0000000000
12431  8.934  -61.844  9.593 0.0000000000
12432  8.277  -61.359  8.919 0.0000000000
12433  5.033  -61.658  9.646 0.0000000000
12435  3.318  -60.681  9.568 0.0000000000
12443  7.315  -60.938  7.771 0.0000000000
12512  5.306  -61.090  3.093 0.0000000000
12522  7.559  -61.974  1.011 0.0000000000
12523  6.502  -61.586  1.428 0.0000000000
12836  2.504  -59.972  32.553 0.0000000000
12856  1.416  -60.287  31.683 0.0000000000
12912  0.973  -60.623  27.709 0.0000000000
12920  0.889  -60.585  26.686 0.0000000000
13096  9.597  -60.513  11.912 0.0000000000
13099  6.513  -60.640  12.772 0.0000000000
13100  4.642  -59.976  11.494 0.0000000000
13101  4.228  -59.335  11.986 0.0000000000
13113  9.629  -60.471  10.927 0.0000000000
13116  3.960  -60.361  9.772 0.0000000000
13117  2.991  -60.172  10.303 0.0000000000
13134  6.726  -60.401  7.716 0.0000000000
13158  6.178  -60.937  6.326 0.0000000000
13159  5.221  -60.596  6.338 0.0000000000
13160  4.352  -60.256  6.361 0.0000000000
13181  4.912  -60.534  3.833 0.0000000000
13195  4.958  -59.788  3.622 0.0000000000
13553  3.291  -59.647  31.925 0.0000000000
13574  2.996  -59.205  31.270 0.0000000000
13594  4.946  -58.863  29.747 0.0000000000
13595  1.430  -59.358  30.222 0.0000000000
13596  1.404  -58.777  29.639 0.0000000000
13617  0.960  -58.999  27.811 0.0000000000
13660  2.076  -59.025  23.978 0.0000000000
13793  9.090  -59.067  13.191 0.0000000000
13794  8.020  -59.457  13.544 0.0000000000
13797  3.589  -58.800  12.466 0.0000000000
13799  2.434  -59.095  13.181 0.0000000000
13801  9.627  -59.142  12.144 0.0000000000
13802  9.261  -59.691  12.538 0.0000000000
13806  2.951  -58.868  12.071 0.0000000000
13807  2.474  -59.335  12.426 0.0000000000
13815  9.688  -59.913  11.568 0.0000000000
13844  5.566  -59.402  8.194 0.0000000000
13879  4.052  -59.639  5.033 0.0000000000
13909  6.192  -59.150  2.129 0.0000000000
13910  5.581  -59.416  2.735 0.0000000000
14275  1.966  -58.537  30.415 0.0000000000
14286  5.423  -58.468  29.190 0.0000000000
14302  9.034  -59.149  27.850 0.0000000000
14304  7.323  -58.325  28.085 0.0000000000
14305  6.085  -58.246  28.716 0.0000000000
14314  10.400  -58.677  27.448 0.0000000000
14343  1.595  -57.923  24.800 0.0000000000
14451  2.297  -57.926  15.211 0.0000000000
14454  9.204  -57.769  14.250 0.0000000000
14463  9.431  -58.176  13.331 0.0000000000
14466  6.160  -59.222  14.096 0.0000000000
14473  9.583  -58.439  11.944 0.0000000000
14493  7.670  -58.790  9.954 0.0000000000
14507  4.999  -58.934  8.698 0.0000000000
14508  3.957  -58.933  8.555 0.0000000000
14509  3.413  -58.536  8.190 0.0000000000
14518  3.743  -59.108  7.802 0.0000000000
14529  3.587  -58.992  6.254 0.0000000000
14972  4.898  -57.873  28.993 0.0000000000
14976  1.624  -57.420  29.301 0.0000000000
14991  1.154  -57.156  28.743 0.0000000000
15001  9.529  -57.594  26.915 0.0000000000
15002  7.957  -57.443  27.414 0.0000000000
15023  1.709  -57.048  24.885 0.0000000000
15118  1.815  -57.539  18.652 0.0000000000
15131  8.293  -56.699  16.256 0.0000000000
15137  2.355  -57.166  16.337 0.0000000000
15142  8.813  -56.718  15.481 0.0000000000
15144  7.235  -57.709  16.370 0.0000000000
15151  8.762  -57.527  15.140 0.0000000000
15152  3.792  -57.877  14.723 0.0000000000
15157  9.434  -57.928  12.181 0.0000000000
15158  9.409  -57.653  12.869 0.0000000000
15159  7.636  -56.976  11.978 0.0000000000
15167  5.646  -57.243  11.338 0.0000000000
15175  3.216  -57.586  10.177 0.0000000000
15195  3.102  -58.013  8.477 0.0000000000
15224  4.348  -57.503  5.393 0.0000000000
15236  4.695  -57.478  4.592 0.0000000000
15661  1.891  -56.842  29.218 0.0000000000
15672  6.751  -56.705  27.635 0.0000000000
15673  5.534  -56.868  28.283 0.0000000000
15689  7.219  -56.389  27.314 0.0000000000
15702  0.676  -55.948  25.898 0.0000000000
15712  1.821  -56.241  24.768 0.0000000000
15768  1.438  -56.465  21.924 0.0000000000
15797  2.836  -55.577  18.101 0.0000000000
15799  1.829  -56.700  18.617 0.0000000000
15807  6.680  -56.008  17.894 0.0000000000
15818  7.871  -56.220  16.739 0.0000000000
15819  7.244  -56.469  17.385 0.0000000000
15820  4.836  -56.746  17.363 0.0000000000
15822  2.714  -56.650  16.909 0.0000000000
15835  8.408  -56.044  15.185 0.0000000000
15846  3.041  -56.385  13.351 0.0000000000
15856  2.645  -56.530  11.868 0.0000000000
15864  2.528  -56.588  11.061 0.0000000000
15868  2.579  -56.643  10.392 0.0000000000
15919  4.653  -56.598  5.337 0.0000000000
15934  4.996  -56.611  4.403 0.0000000000
16412  2.034  -55.367  28.702 0.0000000000
16413  1.398  -54.807  28.372 0.0000000000
16422  7.807  -56.137  26.930 0.0000000000
16427  0.719  -55.746  27.940 0.0000000000
16437  10.582  -55.781  26.256 0.0000000000
16438  9.435  -55.852  26.483 0.0000000000
16441  0.358  -55.870  27.065 0.0000000000
16448  13.191  -55.050  25.486 0.0000000000
16507  1.375  -55.647  20.627 0.0000000000
16523  4.520  -54.813  18.461 0.0000000000
16530  6.693  -55.460  17.678 0.0000000000
16538  7.492  -55.614  16.764 0.0000000000
16539  7.008  -55.167  17.142 0.0000000000
16553  7.934  -55.717  16.079 0.0000000000
16555  5.686  -54.499  16.315 0.0000000000
16569  4.406  -55.597  14.632 0.0000000000
16577  2.780  -55.878  13.786 0.0000000000
16578  2.436  -55.427  13.387 0.0000000000
16632  4.138  -55.460  7.775 0.0000000000
17120  7.174  -54.820  26.928 0.0000000000
17121  5.903  -54.308  27.595 0.0000000000
17138  9.166  -54.465  26.037 0.0000000000
17140  0.837  -53.668  26.815 0.0000000000
17167  1.316  -53.482  25.406 0.0000000000
17201  0.887  -54.319  21.784 0.0000000000
17233  5.259  -54.851  18.343 0.0000000000
17234  4.912  -54.174  18.356 0.0000000000
17246  5.064  -53.764  17.747 0.0000000000
17258  4.929  -53.574  17.043 0.0000000000
17274  3.490  -54.175  15.542 0.0000000000
17294  2.434  -54.753  13.674 0.0000000000
17303  2.464  -54.894  11.904 0.0000000000
17308  3.420  -54.011  10.500 0.0000000000
17329  3.724  -54.282  9.673 0.0000000000
17346  4.280  -54.642  8.199 0.0000000000
17347  3.995  -54.507  8.943 0.0000000000
17846  1.413  -53.528  27.572 0.0000000000
17854  8.057  -53.625  26.305 0.0000000000
17857  5.769  -52.557  27.331 0.0000000000
17867  12.091  -54.321  25.006 0.0000000000
17871  8.522  -53.182  25.843 0.0000000000
18007  2.992  -53.159  15.378 0.0000000000
18022  2.932  -53.656  14.662 0.0000000000
18032  3.080  -53.570  13.537 0.0000000000
18038  5.028  -53.290  12.424 0.0000000000
18040  3.093  -53.593  12.865 0.0000000000
18041  2.641  -54.172  13.200 0.0000000000
18046  4.285  -53.433  11.841 0.0000000000
18055  4.383  -53.429  10.907 0.0000000000
18073  4.738  -53.291  9.516 0.0000000000
18631  3.155  -52.456  27.295 0.0000000000
18641  2.986  -51.752  26.613 0.0000000000
18642  2.260  -51.841  26.030 0.0000000000
18643  1.478  -52.839  25.795 0.0000000000
18649  9.061  -52.747  25.362 0.0000000000
18660  9.558  -52.305  24.790 0.0000000000
18664  2.210  -52.205  24.876 0.0000000000
18665  1.763  -52.822  25.099 0.0000000000
18688  2.096  -52.106  22.796 0.0000000000
18689  1.395  -52.157  22.675 0.0000000000
18724  1.926  -52.865  19.069 0.0000000000
18735  3.172  -52.795  18.182 0.0000000000
18750  2.719  -51.692  17.052 0.0000000000
18813  8.024  -53.003  12.104 0.0000000000
18817  4.912  -53.004  12.997 0.0000000000
18823  9.328  -52.543  10.917 0.0000000000
18824  8.685  -52.792  11.522 0.0000000000
18825  7.253  -53.406  11.846 0.0000000000
18839  6.556  -53.286  11.090 0.0000000000
18865  4.598  -53.402  10.141 0.0000000000
18887  5.101  -52.746  8.961 0.0000000000
19435  4.686  -51.378  26.863 0.0000000000
19438  2.420  -51.761  25.352 0.0000000000
19447  2.901  -51.381  25.202 0.0000000000
19452  10.036  -51.883  24.201 0.0000000000
19469  10.509  -51.446  23.623 0.0000000000
19484  11.515  -50.976  22.658 0.0000000000
19503  13.775  -50.942  21.496 0.0000000000
19509  2.392  -51.504  22.595 0.0000000000
19619  4.482  -51.981  13.845 0.0000000000
19626  7.780  -52.438  12.667 0.0000000000
19636  9.319  -52.290  11.486 0.0000000000
19652  8.934  -52.276  10.206 0.0000000000
19654  6.175  -52.757  10.140 0.0000000000
20261  5.782  -50.086  25.308 0.0000000000
20275  5.255  -49.683  24.417 0.0000000000
20283  10.186  -50.706  23.282 0.0000000000
20286  4.783  -49.840  22.923 0.0000000000
20299  9.834  -50.048  23.018 0.0000000000
20300  5.108  -50.224  22.225 0.0000000000
20320  12.464  -50.273  21.663 0.0000000000
20440  3.982  -51.021  14.088 0.0000000000
20463  10.404  -50.920  11.181 0.0000000000
21133  8.225  -49.477  23.723 0.0000000000
21148  19.424  -48.119  22.790 0.0000000000
21168  16.800  -49.677  21.903 0.0000000000
21173  11.526  -48.687  21.842 0.0000000000
21178  1.853  -49.172  22.104 0.0000000000
21186  19.003  -49.186  19.963 0.0000000000
21192  1.084  -48.861  21.226 0.0000000000
21215  1.301  -49.434  18.334 0.0000000000
21291  3.585  -50.238  14.028 0.0000000000
21301  3.764  -49.548  13.582 0.0000000000
21315  10.131  -49.920  11.442 0.0000000000
22000  7.733  -48.794  23.255 0.0000000000
22002  6.213  -48.512  22.563 0.0000000000
22012  19.715  -47.721  22.524 0.0000000000
22013  18.907  -47.635  22.748 0.0000000000
22017  14.999  -46.665  22.525 0.0000000000
22022  5.914  -48.547  21.945 0.0000000000
22043  6.534  -47.737  20.998 0.0000000000
22044  6.167  -48.256  21.386 0.0000000000
22058  6.610  -47.963  20.243 0.0000000000
22059  3.821  -48.501  20.642 0.0000000000
22061  2.007  -47.680  21.343 0.0000000000
22062  1.260  -47.922  20.943 0.0000000000
22070  22.040  -48.455  19.946 0.0000000000
22206  4.411  -47.872  11.877 0.0000000000
22906  19.152  -47.399  22.450 0.0000000000
22919  19.273  -47.419  22.047 0.0000000000
22920  18.444  -47.192  22.229 0.0000000000
22921  16.857  -46.646  22.140 0.0000000000
22927  7.989  -46.700  21.289 0.0000000000
22944  1.731  -47.319  20.737 0.0000000000
22957  14.685  -46.891  19.370 0.0000000000
23018  1.668  -47.288  16.979 0.0000000000
23028  1.832  -48.044  16.161 0.0000000000
23042  2.876  -47.707  14.336 0.0000000000
23837  16.095  -46.433  22.185 0.0000000000
23838  15.511  -46.382  22.251 0.0000000000
23849  13.865  -46.085  21.687 0.0000000000
23853  9.470  -46.015  21.140 0.0000000000
23854  8.668  -46.150  20.808 0.0000000000
23868  10.108  -45.774  20.667 0.0000000000
23870  8.663  -46.204  20.030 0.0000000000
23889  9.455  -45.930  19.900 0.0000000000
23909  11.755  -45.920  18.894 0.0000000000
23910  11.140  -46.182  18.664 0.0000000000
23913  1.772  -45.823  18.999 0.0000000000
23914  1.548  -46.474  18.584 0.0000000000
23930  1.684  -46.523  17.695 0.0000000000
24011  9.780  -46.552  11.497 0.0000000000
24020  6.746  -46.968  10.997 0.0000000000
24755  10.613  -45.588  20.139 0.0000000000
24769  2.246  -45.521  19.133 0.0000000000
24783  2.725  -45.116  18.900 0.0000000000
24875  4.181  -46.052  11.880 0.0000000000
24879  5.480  -46.206  10.850 0.0000000000
25658  4.059  -44.901  12.967 0.0000000000
26375  3.188  -43.099  16.712 0.0000000000
27082  20.303  -42.871  16.943 0.0000000000
27162  6.935  -42.434  12.576 0.0000000000
27165  4.745  -41.616  13.276 0.0000000000
27902  3.436  -41.627  14.924 0.0000000000
28738  25.603  -40.860  14.723 0.0000000000
28754  5.003  -39.963  13.810 0.0000000000
29651  5.685  -38.985  14.074 0.0000000000
29667  10.894  -39.134  12.813 0.0000000000
30536  10.600  -38.346  12.769 0.0000000000
31315  6.602  -38.080  13.518 0.0000000000
31328  10.287  -37.544  12.680 0.0000000000
32960  19.383  -35.567  9.320 0.0000000000
32961  18.268  -35.898  9.193 0.0000000000
35579  8.529  -32.637  12.440 0.0000000000
35610  11.202  -31.845  10.922 0.0000000000
115316  7.129  -81.205  23.224 0.0000000000
115617  18.854  -80.394  7.053 0.0000000000
115636  3.209  -72.019  17.016 0.0000000000
115645  10.095  -57.208  26.731 0.0000000000
115812  3.411  -73.043  15.960 0.0000000000
116009  7.705  -79.057  1.563 0.0000000000
116275  2.209  -50.628  15.726 0.0000000000
116456  11.585  -72.303  -3.629 0.0000000000
116499  3.210  -56.157  8.868 0.0000000000
116790  17.637  -36.116  9.225 0.0000000000
116801  2.482  -73.423  23.113 0.0000000000
116980  11.398  -70.011  2.821 0.0000000000
117073  1.269  -62.190  29.289 0.0000000000
117170  13.965  -80.857  2.060 0.0000000000
117316  13.701  -75.000  -4.291 0.0000000000
117607  18.796  -81.425  6.966 0.0000000000
117637  7.608  -54.208  26.671 0.0000000000
117768  24.076  -41.853  15.550 0.0000000000
117841  29.438  -81.146  20.472 0.0000000000
117902  2.507  -68.355  26.877 0.0000000000
117930  6.505  -74.356  16.418 0.0000000000
118252  7.172  -78.123  16.739 0.0000000000
118651  4.556  -72.008  -1.143 0.0000000000
118677  0.897  -53.416  21.919 0.0000000000
118771  7.929  -77.383  2.979 0.0000000000
118869  4.713  -64.775  22.915 0.0000000000
119098  5.021  -57.282  16.717 0.0000000000
119227  9.672  -46.717  21.783 0.0000000000
119250  11.467  -78.477  0.124 0.0000000000
119593  16.291  -86.951  15.222 0.0000000000
119962  17.504  -70.160  -0.852 0.0000000000
119994  7.907  -73.120  16.488 0.0000000000
120260  12.374  -73.791  18.092 0.0000000000
120280  3.611  -63.372  28.140 0.0000000000
120282  18.055  -84.325  14.506 0.0000000000
120554  8.115  -69.708  5.852 0.0000000000
120568  1.782  -63.247  27.249 0.0000000000
120606  11.187  -66.822  8.551 0.0000000000
120698  12.069  -65.254  5.118 0.0000000000
120715  15.164  -81.857  23.750 0.0000000000
120720  25.342  -85.844  10.181 0.0000000000
120786  12.966  -76.557  -1.197 0.0000000000
120874  10.638  -54.418  25.520 0.0000000000
121263  25.832  -85.360  13.692 0.0000000000
121413  17.232  -47.067  22.494 0.0000000000
121455  4.355  -63.730  30.446 0.0000000000
121512  9.658  -72.882  -1.977 0.0000000000
121551  14.649  -85.904  24.114 0.0000000000
121814  6.550  -66.511  2.742 0.0000000000
121951  1.940  -57.927  29.781 0.0000000000
121963  17.276  -87.851  20.922 0.0000000000
121991  12.017  -77.737  -2.294 0.0000000000
122071  19.552  -86.321  15.270 0.0000000000
122165  13.277  -50.060  21.363 0.0000000000
122169  2.517  -67.537  18.955 0.0000000000
123218  13.750  -45.950  20.015 0.0000000000
123324  2.776  -73.826  24.063 0.0000000000
123752  19.146  -81.608  15.237 0.0000000000
123812  10.977  -75.551  -4.150 0.0000000000
123941  4.342  -63.431  28.019 0.0000000000
124138  22.564  -87.927  14.037 0.0000000000
124152  22.177  -80.606  16.482 0.0000000000
124267  26.810  -83.858  16.322 0.0000000000
124537  6.322  -65.273  7.870 0.0000000000
124540  30.075  -79.577  17.456 0.0000000000
124814  1.191  -59.609  29.288 0.0000000000
124818  5.121  -64.425  29.189 0.0000000000
124877  11.374  -70.601  1.005 0.0000000000
124900  15.038  -79.863  9.102 0.0000000000
124959  12.659  -79.132  20.533 0.0000000000
125202  21.673  -86.764  17.531 0.0000000000
125247  14.956  -84.094  26.346 0.0000000000
125502  7.344  -68.022  -1.416 0.0000000000
125639  7.782  -77.841  19.652 0.0000000000
125649  9.890  -78.075  3.445 0.0000000000
125682  8.820  -85.726  25.030 0.0000000000
125903  2.966  -55.195  28.488 0.0000000000
125917  5.453  -48.988  21.969 0.0000000000
126012  11.864  -66.195  3.818 0.0000000000
126168  1.743  -63.096  24.842 0.0000000000
126450  13.395  -76.260  5.835 0.0000000000
126572  8.764  -64.760  5.587 0.0000000000
126627  15.309  -79.933  -0.387 0.0000000000
126747  10.853  -57.574  26.913 0.0000000000
126822  24.441  -84.061  8.451 0.0000000000
126912  18.305  -70.086  -0.617 0.0000000000
127596  2.624  -66.560  19.692 0.0000000000
127756  9.364  -60.987  10.496 0.0000000000
128157  2.073  -49.929  22.427 0.0000000000
128265  6.216  -54.867  16.033 0.0000000000
128300  6.002  -65.355  6.143 0.0000000000
128338  11.641  -76.069  -4.079 0.0000000000
128453  14.969  -87.316  21.367 0.0000000000
128487  4.998  -49.584  23.574 0.0000000000
128517  19.358  -84.958  20.673 0.0000000000
128589  7.865  -70.334  3.968 0.0000000000
128592  15.563  -79.418  2.942 0.0000000000
128670  3.740  -76.282  18.986 0.0000000000
128765  17.855  -85.745  27.648 0.0000000000
128830  10.866  -64.747  9.510 0.0000000000
128877  3.519  -63.385  30.323 0.0000000000
129151  6.598  -58.525  9.563 0.0000000000
129637  8.300  -72.629  -4.050 0.0000000000
129672  11.602  -75.556  -4.175 0.0000000000
129809  3.923  -58.313  13.832 0.0000000000
129812  13.897  -66.646  -0.122 0.0000000000
129890  13.221  -76.150  5.026 0.0000000000
129939  22.706  -87.855  15.822 0.0000000000
129975  8.603  -64.617  12.086 0.0000000000
130190  14.765  -70.201  -4.504 0.0000000000
130349  14.062  -72.319  2.060 0.0000000000
130394  13.304  -84.720  1.037 0.0000000000
130484  20.401  -82.804  14.824 0.0000000000
130619  26.007  -84.428  18.612 0.0000000000
130712  11.820  -83.900  7.061 0.0000000000
130793  2.632  -48.447  14.593 0.0000000000
130890  13.245  -69.687  -4.303 0.0000000000
130913  8.574  -56.300  14.337 0.0000000000
130987  24.281  -85.132  7.152 0.0000000000
131109  5.326  -63.887  4.254 0.0000000000
131174  0.531  -54.475  26.781 0.0000000000
131223  5.832  -75.018  19.623 0.0000000000
131538  17.882  -72.205  -4.939 0.0000000000
131563  19.182  -86.886  22.205 0.0000000000
131694  6.810  -66.585  1.069 0.0000000000
131719  19.807  -84.877  14.736 0.0000000000
131847  1.429  -61.722  23.946 0.0000000000
132311  5.379  -53.781  27.707 0.0000000000
132364  14.171  -83.388  8.578 0.0000000000
132383  14.993  -72.887  -4.975 0.0000000000
132616  13.136  -48.946  21.516 0.0000000000
132718  13.921  -72.631  -4.798 0.0000000000
132822  13.884  -73.635  -0.399 0.0000000000
132941  15.565  -86.853  0.581 0.0000000000
133080  3.347  -73.898  15.902 0.0000000000
133101  6.196  -81.312  22.635 0.0000000000
133104  3.927  -48.904  13.019 0.0000000000
133299  4.621  -57.527  11.030 0.0000000000
133330  0.878  -55.075  28.096 0.0000000000
133339  11.437  -68.761  5.701 0.0000000000
133413  28.117  -82.523  20.766 0.0000000000
133427  13.605  -81.811  2.777 0.0000000000
133465  4.731  -55.548  6.202 0.0000000000
133508  11.485  -68.926  4.919 0.0000000000
133578  11.255  -81.567  8.818 0.0000000000
133653  11.832  -72.044  -4.271 0.0000000000
133743  13.037  -82.924  9.352 0.0000000000
133828  1.812  -52.389  26.148 0.0000000000
133835  5.487  -51.803  27.102 0.0000000000
134065  8.256  -74.892  -2.893 0.0000000000
134125  19.623  -84.173  14.524 0.0000000000
134175  6.076  -55.752  27.670 0.0000000000
134195  2.586  -67.842  26.293 0.0000000000
134217  7.589  -63.585  12.542 0.0000000000
134491  25.650  -81.964  15.214 0.0000000000
134579  1.166  -57.931  25.330 0.0000000000
134648  16.559  -86.525  -0.642 0.0000000000
134675  6.091  -44.479  12.088 0.0000000000
134694  3.558  -72.310  15.975 0.0000000000
134699  11.400  -78.540  3.702 0.0000000000
134709  4.427  -56.897  12.416 0.0000000000
134833  0.772  -57.022  28.135 0.0000000000
134956  18.058  -87.448  -0.249 0.0000000000
135056  8.310  -56.789  12.676 0.0000000000
135115  12.692  -76.619  2.059 0.0000000000
135398  8.430  -62.285  1.134 0.0000000000
135504  19.843  -70.821  -3.456 0.0000000000
135576  15.470  -83.482  24.594 0.0000000000
135672  3.273  -74.318  17.077 0.0000000000
135683  4.047  -52.436  13.860 0.0000000000
135792  11.761  -85.707  22.278 0.0000000000
135812  23.045  -41.891  15.533 0.0000000000
135840  8.872  -77.042  3.058 0.0000000000
135861  9.454  -81.285  3.505 0.0000000000
135977  13.244  -81.801  0.546 0.0000000000
136341  9.895  -52.180  10.977 0.0000000000
136404  5.088  -44.878  11.772 0.0000000000
136426  3.411  -58.571  30.144 0.0000000000
136605  7.413  -69.433  3.177 0.0000000000
136608  20.193  -86.235  22.637 0.0000000000
136620  13.367  -74.462  2.035 0.0000000000
136625  15.304  -79.896  0.778 0.0000000000
136720  4.441  -47.297  11.493 0.0000000000
136786  4.655  -60.560  4.639 0.0000000000
136870  8.535  -46.573  19.646 0.0000000000
136872  4.421  -42.905  13.269 0.0000000000
136885  7.832  -58.093  27.731 0.0000000000
136955  30.376  -80.513  19.087 0.0000000000
137288  12.048  -83.291  8.812 0.0000000000
137463  11.017  -78.815  0.922 0.0000000000
137505  8.038  -61.650  7.876 0.0000000000
137522  13.251  -66.111  -0.079 0.0000000000
137566  13.564  -86.654  27.192 0.0000000000
137598  13.893  -38.045  10.500 0.0000000000
137601  19.142  -82.318  14.734 0.0000000000
137717  1.293  -61.791  30.400 0.0000000000
137797  10.609  -68.709  1.223 0.0000000000
137864  3.616  -76.126  18.394 0.0000000000
137878  6.080  -79.873  20.893 0.0000000000
137954  10.562  -71.471  2.926 0.0000000000
138000  10.174  -66.028  0.746 0.0000000000
138137  11.390  -69.877  -3.414 0.0000000000
138150  7.696  -56.776  27.223 0.0000000000
138189  11.278  -65.560  8.625 0.0000000000
138202  6.670  -83.087  24.130 0.0000000000
138282  6.853  -68.490  6.215 0.0000000000
138327  19.023  -85.454  26.987 0.0000000000
138364  25.380  -86.037  13.192 0.0000000000
138369  27.805  -82.330  21.151 0.0000000000
138429  10.690  -78.295  -1.801 0.0000000000
138590  11.055  -71.228  2.384 0.0000000000
138666  7.529  -78.573  20.783 0.0000000000
138671  9.496  -62.846  2.044 0.0000000000
138758  16.037  -69.868  1.326 0.0000000000
138876  12.520  -72.775  -4.603 0.0000000000
138891  13.279  -82.730  0.018 0.0000000000
138897  9.062  -71.966  0.234 0.0000000000
138913  11.603  -82.472  21.731 0.0000000000
138969  1.100  -62.025  27.832 0.0000000000
139046  13.470  -76.029  20.787 0.0000000000
139147  7.194  -61.870  5.916 0.0000000000
139277  4.440  -67.699  22.699 0.0000000000
139647  15.307  -70.061  3.006 0.0000000000
139667  10.670  -45.927  19.036 0.0000000000
139726  4.759  -50.341  22.625 0.0000000000
139841  7.350  -75.945  -0.660 0.0000000000
139885  2.202  -60.244  12.647 0.0000000000
139901  15.311  -85.326  6.579 0.0000000000
139919  8.666  -61.184  12.508 0.0000000000
139945  26.865  -83.460  19.679 0.0000000000
