#!ascii label  , from subject sub-v1s11x0050144_ses-1 vox2ras=TkReg
4597
3075  -6.549  -81.698  19.108 0.0000000000
18747  -7.187  -61.478  -8.312 0.0000000000
32673  -26.682  -47.574  -0.439 0.0000000000
772  -9.826  -89.107  -16.856 0.0000000000
36837  -10.558  -43.192  -7.852 0.0000000000
33632  -11.241  -46.281  4.458 0.0000000000
4502  -0.268  -78.383  8.861 0.0000000000
59  -9.090  -91.899  9.443 0.0000000000
12994  -13.078  -67.353  -16.872 0.0000000000
38860  -19.729  -41.198  1.176 0.0000000000
34713  -21.639  -45.568  1.448 0.0000000000
39881  -23.796  -40.481  -2.686 0.0000000000
41866  -15.590  -38.109  -6.761 0.0000000000
27576  -1.703  -52.247  5.554 0.0000000000
22564  -1.089  -57.202  5.127 0.0000000000
13654  0.818  -67.176  2.691 0.0000000000
13629  -5.312  -66.902  5.141 0.0000000000
5541  -8.363  -76.793  12.027 0.0000000000
4539  -6.515  -78.588  5.248 0.0000000000
3129  -5.805  -80.330  12.851 0.0000000000
546  -3.728  -89.246  12.482 0.0000000000
150025  -9.356  -86.344  15.095 0.0000000000
2352  -14.360  -83.178  10.197 0.0000000000
20641  -3.820  -59.744  -5.959 0.0000000000
27855  -5.702  -52.903  -8.423 0.0000000000
141933  -10.291  -57.323  -7.298 0.0000000000
148830  -5.285  -75.700  -9.619 0.0000000000
7916  -4.837  -73.697  -18.339 0.0000000000
158378  -13.627  -70.738  -16.364 0.0000000000
1757  -19.764  -84.579  -2.824 0.0000000000
1197  -19.341  -87.728  -8.440 0.0000000000
2937  -25.651  -82.438  -8.373 0.0000000000
38881  -23.130  -41.121  0.629 0.0000000000
3810  -10.784  -80.921  -7.773 0.0000000000
769  -18.446  -89.431  -15.449 0.0000000000
31604  -22.488  -48.689  3.416 0.0000000000
32588  -20.629  -47.664  5.112 0.0000000000
33714  -14.152  -46.389  0.719 0.0000000000
31631  -1.864  -47.695  -0.242 0.0000000000
9222  0.001  -71.020  6.076 0.0000000000
6255  -1.350  -75.783  1.881 0.0000000000
144526  -16.312  -89.810  8.585 0.0000000000
632  -19.189  -89.082  2.233 0.0000000000
135343  -5.661  -45.585  -6.469 0.0000000000
20805  -11.044  -59.673  -15.519 0.0000000000
13919  -17.337  -66.879  -14.346 0.0000000000
20709  -17.153  -59.217  -8.825 0.0000000000
36682  -23.283  -43.040  4.394 0.0000000000
23430  0.863  -56.383  8.701 0.0000000000
19536  0.164  -60.026  6.613 0.0000000000
17645  -3.783  -62.376  4.707 0.0000000000
157817  -1.816  -63.816  6.208 0.0000000000
4421  -10.271  -78.708  17.753 0.0000000000
4936  -7.416  -77.152  15.746 0.0000000000
3988  -10.556  -79.672  14.495 0.0000000000
138689  -9.530  -79.934  11.179 0.0000000000
142686  -6.340  -80.299  15.017 0.0000000000
155127  -8.694  -83.684  13.027 0.0000000000
2315  -7.566  -83.533  16.896 0.0000000000
18723  -2.766  -61.351  -7.866 0.0000000000
16829  -6.419  -63.649  -5.629 0.0000000000
145138  -7.109  -58.872  -6.309 0.0000000000
149338  -9.800  -61.404  -5.498 0.0000000000
7807  -7.783  -72.988  -9.852 0.0000000000
10357  -7.622  -70.699  -13.410 0.0000000000
8618  -12.318  -72.238  -13.352 0.0000000000
1442  -23.389  -86.536  -5.215 0.0000000000
2895  -21.588  -82.065  -5.912 0.0000000000
2899  -26.211  -82.213  -5.051 0.0000000000
142345  -22.753  -44.602  0.232 0.0000000000
37831  -21.086  -42.655  -0.111 0.0000000000
149028  -25.329  -44.072  0.526 0.0000000000
36734  -25.024  -43.300  -1.672 0.0000000000
1243  -7.593  -86.843  -14.231 0.0000000000
158338  -7.984  -82.918  -9.756 0.0000000000
1499  -9.403  -86.044  -13.273 0.0000000000
160025  -23.260  -87.654  -10.522 0.0000000000
503  -19.712  -90.544  -11.721 0.0000000000
1518  -21.564  -87.138  -13.102 0.0000000000
150333  -11.173  -38.013  -8.408 0.0000000000
42919  -15.254  -37.491  -7.627 0.0000000000
144972  -13.381  -40.747  -8.380 0.0000000000
151834  -14.941  -49.526  3.162 0.0000000000
32610  -16.646  -46.834  5.067 0.0000000000
34691  -12.029  -45.261  2.884 0.0000000000
33708  -8.216  -45.824  0.329 0.0000000000
27628  1.243  -52.565  3.205 0.0000000000
30583  -1.089  -49.446  2.883 0.0000000000
26645  0.051  -52.538  -0.503 0.0000000000
8366  -2.126  -72.717  10.565 0.0000000000
6866  -0.533  -74.637  8.070 0.0000000000
8433  -0.621  -72.320  4.113 0.0000000000
5047  0.211  -77.860  5.741 0.0000000000
3173  -2.673  -81.275  7.885 0.0000000000
2808  -3.531  -82.437  3.007 0.0000000000
202  -5.530  -91.613  10.791 0.0000000000
1274  -15.060  -85.792  16.294 0.0000000000
2011  -14.378  -84.660  6.070 0.0000000000
1319  -13.329  -86.589  8.468 0.0000000000
141345  -17.602  -86.937  6.735 0.0000000000
135498  -18.374  -88.461  5.533 0.0000000000
1090  -21.766  -87.182  6.567 0.0000000000
1109  -23.089  -87.592  2.955 0.0000000000
2047  -21.360  -84.982  3.565 0.0000000000
30621  -22.077  -50.344  1.655 0.0000000000
32740  -3.460  -47.130  -5.336 0.0000000000
28802  -8.412  -51.367  -9.298 0.0000000000
28729  -8.128  -51.959  -4.955 0.0000000000
11283  -8.488  -69.776  -19.593 0.0000000000
10449  -4.122  -70.644  -19.426 0.0000000000
13955  -8.426  -67.489  -16.615 0.0000000000
17926  -8.842  -62.388  -16.397 0.0000000000
17002  -12.261  -63.887  -16.698 0.0000000000
17867  -17.633  -62.806  -12.154 0.0000000000
20756  -19.079  -59.233  -12.712 0.0000000000
22780  -16.300  -57.181  -11.751 0.0000000000
35681  -19.889  -44.810  0.324 0.0000000000
33717  -24.509  -47.408  0.604 0.0000000000
41828  -23.523  -38.179  -0.453 0.0000000000
42820  -23.414  -37.297  -1.964 0.0000000000
42840  -22.459  -37.226  -4.188 0.0000000000
43891  -21.233  -36.989  -5.558 0.0000000000
43909  -19.646  -36.739  -6.771 0.0000000000
38949  -8.452  -40.063  -6.183 0.0000000000
25362  -2.201  -54.639  7.429 0.0000000000
26489  1.527  -53.144  6.582 0.0000000000
149940  0.670  -56.969  2.920 0.0000000000
18630  -1.935  -61.985  3.058 0.0000000000
140398  -2.475  -67.314  3.813 0.0000000000
147839  -4.583  -71.174  2.271 0.0000000000
4943  -4.163  -77.398  14.354 0.0000000000
150003  -5.222  -76.499  9.885 0.0000000000
5613  -4.178  -76.665  6.725 0.0000000000
5591  -8.541  -76.805  7.749 0.0000000000
149204  -5.989  -79.610  8.789 0.0000000000
3148  -3.006  -81.728  11.805 0.0000000000
1614  -5.081  -85.457  14.875 0.0000000000
1304  -7.290  -87.263  11.830 0.0000000000
360  -7.604  -89.928  14.230 0.0000000000
1619  -17.157  -85.177  13.818 0.0000000000
2763  -16.127  -81.737  9.003 0.0000000000
24569  -2.829  -56.117  -5.113 0.0000000000
28747  -2.968  -51.726  -6.378 0.0000000000
23652  -4.075  -56.442  -8.273 0.0000000000
24611  -6.609  -55.099  -8.575 0.0000000000
24647  -8.854  -55.060  -11.109 0.0000000000
147442  -5.306  -79.321  -12.465 0.0000000000
5839  -2.929  -76.844  -13.924 0.0000000000
152591  -4.790  -73.424  -14.173 0.0000000000
9538  -8.950  -71.777  -17.900 0.0000000000
11287  -12.178  -68.858  -19.985 0.0000000000
2143  -18.482  -84.281  -6.311 0.0000000000
162358  -21.950  -84.944  -8.589 0.0000000000
1820  -26.574  -85.472  -10.056 0.0000000000
41816  -21.955  -38.794  0.424 0.0000000000
39876  -24.664  -40.416  -0.417 0.0000000000
3537  -9.587  -79.606  21.851 0.0000000000
2268  -7.445  -82.896  22.039 0.0000000000
2660  -10.629  -82.292  20.069 0.0000000000
21702  -4.760  -58.340  -9.999 0.0000000000
3799  -5.494  -80.437  -7.953 0.0000000000
4681  -7.939  -78.187  -6.492 0.0000000000
5785  -10.378  -76.655  -7.365 0.0000000000
314  -17.434  -91.139  -8.858 0.0000000000
166  -16.835  -92.091  -13.719 0.0000000000
529  -14.830  -90.489  -17.159 0.0000000000
1840  -18.886  -85.520  -10.973 0.0000000000
163176  -16.157  -88.862  -12.635 0.0000000000
743  -11.937  -89.562  -13.239 0.0000000000
1824  -11.218  -85.280  -9.708 0.0000000000
34647  -24.180  -45.177  4.797 0.0000000000
32591  -24.102  -46.712  6.041 0.0000000000
31603  -21.884  -47.885  4.908 0.0000000000
30604  -18.741  -49.262  2.912 0.0000000000
30558  -20.561  -48.975  5.538 0.0000000000
32624  -17.808  -46.689  4.031 0.0000000000
30555  -10.741  -49.819  4.635 0.0000000000
30587  -5.727  -49.416  3.108 0.0000000000
32634  -6.352  -46.778  2.317 0.0000000000
10943  0.852  -69.777  10.303 0.0000000000
13583  0.257  -66.376  7.254 0.0000000000
10980  -2.904  -69.306  6.869 0.0000000000
8437  -5.225  -72.571  4.567 0.0000000000
6285  -5.318  -76.193  1.348 0.0000000000
4093  -1.972  -79.481  3.744 0.0000000000
4135  -3.423  -80.232  0.720 0.0000000000
1926  -9.690  -84.266  18.677 0.0000000000
781  -8.398  -88.303  16.751 0.0000000000
377  -11.132  -90.553  12.196 0.0000000000
810  -12.485  -88.915  10.911 0.0000000000
222  -12.657  -91.126  8.489 0.0000000000
137632  -14.301  -90.157  4.870 0.0000000000
1139  -19.710  -87.575  -1.011 0.0000000000
922  -22.817  -87.716  -2.304 0.0000000000
33674  -22.688  -47.191  1.868 0.0000000000
31639  -23.561  -49.136  0.614 0.0000000000
35761  -8.992  -44.416  -5.794 0.0000000000
149520  -6.037  -48.996  -6.674 0.0000000000
158201  -9.253  -47.654  -5.605 0.0000000000
21777  -6.273  -57.953  -14.460 0.0000000000
20741  -8.324  -59.856  -11.334 0.0000000000
12155  -17.296  -68.210  -20.632 0.0000000000
11257  -19.074  -70.360  -17.320 0.0000000000
15039  -17.021  -64.717  -18.862 0.0000000000
156998  -14.575  -62.661  -16.010 0.0000000000
157369  -12.939  -61.014  -11.691 0.0000000000
18752  -11.735  -61.650  -7.815 0.0000000000
21676  -13.958  -58.280  -6.725 0.0000000000
161925  -12.468  -56.446  -10.452 0.0000000000
38826  -22.505  -41.854  5.607 0.0000000000
37782  -23.486  -42.880  5.359 0.0000000000
159048  -0.866  -62.489  6.506 0.0000000000
3077  -9.001  -80.900  18.390 0.0000000000
158253  -10.472  -79.641  15.955 0.0000000000
3094  -8.331  -81.262  16.780 0.0000000000
3558  -8.233  -80.909  15.305 0.0000000000
3552  -5.988  -81.003  16.378 0.0000000000
2313  -6.107  -82.653  16.335 0.0000000000
2678  -5.688  -82.544  17.742 0.0000000000
18745  -5.160  -61.399  -8.097 0.0000000000
16859  -5.158  -63.614  -6.546 0.0000000000
16861  -7.010  -63.766  -6.497 0.0000000000
17771  -7.926  -62.764  -5.516 0.0000000000
154949  -9.224  -63.338  -6.254 0.0000000000
7074  -9.068  -74.123  -9.979 0.0000000000
9442  -9.889  -71.943  -11.544 0.0000000000
137946  -10.537  -73.604  -12.629 0.0000000000
35699  -24.314  -45.581  0.560 0.0000000000
160633  -23.943  -44.176  0.641 0.0000000000
155734  -26.068  -45.182  0.147 0.0000000000
35711  -26.057  -45.110  -1.012 0.0000000000
751  -7.956  -89.534  -14.627 0.0000000000
1014  -8.461  -88.148  -16.108 0.0000000000
1514  -8.212  -85.794  -14.192 0.0000000000
142313  -9.713  -87.755  -15.340 0.0000000000
1230  -25.043  -86.638  -12.228 0.0000000000
998  -23.287  -87.816  -12.237 0.0000000000
1852  -23.535  -85.980  -12.713 0.0000000000
38983  -10.813  -41.211  -8.264 0.0000000000
147241  -11.497  -39.561  -8.665 0.0000000000
37938  -11.470  -42.161  -8.378 0.0000000000
36840  -12.878  -43.405  -8.669 0.0000000000
154126  -11.950  -44.826  -8.638 0.0000000000
32620  -12.549  -47.107  4.052 0.0000000000
32621  -13.448  -46.781  4.184 0.0000000000
34675  -11.028  -45.471  3.997 0.0000000000
34708  -10.435  -45.750  1.786 0.0000000000
34688  -9.039  -45.685  2.208 0.0000000000
25470  1.303  -54.310  1.522 0.0000000000
26605  0.931  -52.961  1.158 0.0000000000
148232  -1.505  -78.408  11.011 0.0000000000
6173  0.017  -75.495  9.691 0.0000000000
5004  0.969  -77.140  8.686 0.0000000000
6213  0.361  -75.433  6.794 0.0000000000
4512  -0.011  -78.304  7.232 0.0000000000
2372  -2.295  -82.697  8.568 0.0000000000
51  -7.254  -92.043  9.991 0.0000000000
146658  -6.454  -92.581  8.720 0.0000000000
62  -8.131  -92.396  8.518 0.0000000000
140785  -9.658  -92.232  7.866 0.0000000000
1594  -16.850  -85.052  16.696 0.0000000000
2026  -15.799  -84.725  4.377 0.0000000000
1342  -15.339  -86.067  5.503 0.0000000000
1344  -17.695  -86.532  5.667 0.0000000000
1335  -19.915  -87.249  7.235 0.0000000000
1674  -19.634  -86.126  5.450 0.0000000000
1689  -21.614  -85.306  5.131 0.0000000000
26687  -1.085  -53.850  -3.325 0.0000000000
32697  -2.708  -46.828  -3.293 0.0000000000
30704  -2.616  -49.010  -4.411 0.0000000000
141763  -10.654  -67.316  -18.519 0.0000000000
12110  -8.478  -68.538  -17.630 0.0000000000
12991  -10.736  -67.963  -15.983 0.0000000000
14992  -11.366  -65.400  -15.443 0.0000000000
15022  -13.270  -65.525  -16.513 0.0000000000
36693  -21.716  -43.738  1.990 0.0000000000
37813  -21.145  -43.056  1.912 0.0000000000
35682  -20.542  -45.310  0.782 0.0000000000
34729  -21.419  -46.543  0.019 0.0000000000
33715  -22.266  -47.219  0.400 0.0000000000
34  -13.369  -92.912  -12.766 0.0000000000
40834  -24.247  -39.171  -1.569 0.0000000000
41831  -23.533  -37.689  -1.226 0.0000000000
41832  -23.498  -38.603  -2.752 0.0000000000
41835  -22.305  -38.560  -4.239 0.0000000000
41851  -21.648  -38.689  -4.728 0.0000000000
141689  -21.922  -37.152  -4.922 0.0000000000
41869  -20.466  -38.424  -5.617 0.0000000000
145785  -19.999  -38.050  -6.102 0.0000000000
23464  1.117  -56.615  6.408 0.0000000000
25358  1.712  -54.396  7.647 0.0000000000
24394  1.030  -55.795  5.321 0.0000000000
24402  1.254  -55.046  4.141 0.0000000000
23497  -0.357  -56.934  3.843 0.0000000000
19584  -0.521  -59.374  3.268 0.0000000000
20570  -2.245  -59.614  3.984 0.0000000000
145650  -4.857  -64.803  4.773 0.0000000000
160658  -4.016  -64.612  3.524 0.0000000000
12723  -4.198  -67.352  4.225 0.0000000000
11030  -2.952  -69.174  3.056 0.0000000000
11031  -5.079  -69.588  3.728 0.0000000000
4907  -6.571  -77.770  19.181 0.0000000000
4954  -7.859  -76.860  14.259 0.0000000000
5509  -6.426  -76.705  14.831 0.0000000000
153881  -6.234  -76.510  12.673 0.0000000000
5537  -5.090  -76.794  11.882 0.0000000000
141063  -6.380  -76.465  10.993 0.0000000000
154878  -6.954  -75.959  8.869 0.0000000000
5555  -8.881  -76.689  9.947 0.0000000000
3608  -7.248  -80.017  12.019 0.0000000000
137662  -8.398  -79.384  9.683 0.0000000000
3618  -6.153  -80.041  11.057 0.0000000000
3616  -4.368  -80.637  10.463 0.0000000000
3141  -4.408  -81.582  12.285 0.0000000000
2330  -4.029  -83.691  13.915 0.0000000000
2336  -5.645  -82.613  12.695 0.0000000000
146439  -9.453  -84.500  13.366 0.0000000000
142003  -8.438  -84.992  12.407 0.0000000000
1289  -9.008  -86.985  12.821 0.0000000000
801  -7.648  -89.002  12.516 0.0000000000
143580  -7.903  -88.501  14.638 0.0000000000
1970  -19.773  -85.131  12.872 0.0000000000
140634  -2.858  -61.421  -5.653 0.0000000000
20639  -1.165  -60.024  -5.388 0.0000000000
21634  -1.430  -58.184  -4.889 0.0000000000
22689  -2.261  -57.778  -6.270 0.0000000000
23634  -3.405  -56.703  -6.593 0.0000000000
21668  -3.598  -57.858  -6.842 0.0000000000
21649  -8.628  -58.645  -6.374 0.0000000000
22708  -6.724  -57.277  -7.217 0.0000000000
23638  -9.109  -56.577  -7.544 0.0000000000
24624  -8.715  -54.672  -8.805 0.0000000000
23672  -9.890  -55.649  -8.847 0.0000000000
144094  -5.313  -77.228  -10.194 0.0000000000
152360  -4.716  -76.288  -12.923 0.0000000000
7087  -4.689  -74.632  -11.541 0.0000000000
10388  -7.687  -70.606  -15.153 0.0000000000
9558  -10.619  -71.216  -18.545 0.0000000000
10437  -12.894  -70.320  -18.424 0.0000000000
2102  -18.053  -83.858  -2.383 0.0000000000
1766  -17.411  -84.718  -4.368 0.0000000000
2478  -18.806  -83.544  -4.169 0.0000000000
148209  -22.933  -81.698  -7.555 0.0000000000
2918  -21.625  -82.342  -7.585 0.0000000000
2538  -23.675  -83.535  -8.743 0.0000000000
2173  -25.038  -85.069  -9.473 0.0000000000
38880  -22.105  -41.843  0.420 0.0000000000
39875  -19.095  -40.976  -0.852 0.0000000000
39868  -21.202  -40.628  0.142 0.0000000000
39869  -22.465  -40.350  0.537 0.0000000000
40825  -23.804  -39.560  0.230 0.0000000000
38887  -24.848  -41.015  0.087 0.0000000000
3065  -10.534  -80.718  22.011 0.0000000000
2915  -6.560  -83.244  -6.977 0.0000000000
3382  -9.334  -81.686  -8.136 0.0000000000
3792  -7.950  -80.266  -6.697 0.0000000000
4221  -9.326  -79.139  -6.615 0.0000000000
5201  -9.660  -77.022  -6.604 0.0000000000
150235  -11.066  -78.712  -6.996 0.0000000000
707  -18.726  -90.092  -8.330 0.0000000000
510  -19.537  -90.331  -13.676 0.0000000000
329  -18.515  -91.406  -12.437 0.0000000000
340  -18.024  -91.124  -14.866 0.0000000000
344  -15.831  -91.275  -16.669 0.0000000000
767  -16.248  -89.558  -16.563 0.0000000000
977  -16.579  -87.997  -9.994 0.0000000000
723  -15.449  -89.147  -10.254 0.0000000000
746  -14.233  -89.718  -13.256 0.0000000000
720  -12.990  -89.179  -10.972 0.0000000000
1224  -11.064  -87.743  -11.076 0.0000000000
1469  -12.565  -86.656  -9.617 0.0000000000
42881  -17.606  -37.271  -7.245 0.0000000000
42921  -16.673  -37.383  -8.166 0.0000000000
142629  -24.529  -45.112  7.056 0.0000000000
31567  -22.843  -48.161  5.513 0.0000000000
32589  -23.284  -47.772  5.563 0.0000000000
150036  -21.023  -47.702  4.980 0.0000000000
30593  -19.420  -48.482  3.605 0.0000000000
31601  -20.167  -47.711  4.602 0.0000000000
29577  -20.128  -49.897  5.325 0.0000000000
147968  -14.961  -45.397  3.047 0.0000000000
33636  -16.988  -46.500  4.665 0.0000000000
157590  -16.034  -46.560  2.333 0.0000000000
28556  -3.861  -51.988  5.240 0.0000000000
30611  -1.673  -48.458  1.389 0.0000000000
30585  -3.790  -49.734  3.057 0.0000000000
30613  -3.979  -48.045  1.571 0.0000000000
30601  -5.958  -48.577  2.767 0.0000000000
31622  -4.051  -47.101  0.927 0.0000000000
148051  -4.851  -46.621  -0.156 0.0000000000
141849  -3.121  -47.593  -1.034 0.0000000000
9211  -2.139  -71.690  8.191 0.0000000000
8373  0.123  -71.645  9.893 0.0000000000
10087  0.337  -70.067  8.324 0.0000000000
149465  0.647  -68.001  8.761 0.0000000000
11813  0.293  -68.773  6.676 0.0000000000
138492  -1.328  -67.933  6.862 0.0000000000
11003  -0.876  -69.716  5.644 0.0000000000
6925  -1.142  -74.373  2.599 0.0000000000
8434  -2.406  -72.438  4.298 0.0000000000
6910  -3.467  -75.035  3.320 0.0000000000
6912  -5.252  -74.407  3.292 0.0000000000
136020  -3.604  -76.517  2.436 0.0000000000
5052  -6.005  -76.946  4.929 0.0000000000
4538  -2.758  -78.454  5.211 0.0000000000
4568  -5.003  -79.264  3.682 0.0000000000
2423  -3.364  -84.007  2.083 0.0000000000
3245  -3.258  -81.484  1.289 0.0000000000
157149  -4.867  -82.552  0.894 0.0000000000
142261  -2.934  -89.563  11.062 0.0000000000
152471  -9.898  -83.978  22.191 0.0000000000
2289  -8.902  -83.769  20.118 0.0000000000
1024  -10.652  -87.202  17.606 0.0000000000
783  -11.299  -87.955  15.988 0.0000000000
541  -9.962  -89.675  14.561 0.0000000000
796  -11.046  -89.088  13.718 0.0000000000
1968  -16.358  -84.570  12.235 0.0000000000
143562  -14.599  -84.287  13.127 0.0000000000
1973  -13.580  -83.816  11.321 0.0000000000
1075  -16.034  -88.173  8.737 0.0000000000
1068  -13.210  -87.834  9.514 0.0000000000
565  -14.811  -89.503  9.469 0.0000000000
388  -13.971  -90.206  9.922 0.0000000000
393  -14.913  -90.263  8.454 0.0000000000
146177  -13.531  -91.171  6.714 0.0000000000
406  -15.316  -90.399  6.216 0.0000000000
851  -19.057  -88.107  4.245 0.0000000000
1098  -17.043  -87.763  3.716 0.0000000000
630  -17.630  -89.060  2.233 0.0000000000
149367  -18.188  -88.075  -0.412 0.0000000000
650  -19.841  -88.854  0.901 0.0000000000
1375  -24.601  -86.730  2.938 0.0000000000
141694  -22.624  -87.677  0.039 0.0000000000
1133  -24.320  -87.031  0.108 0.0000000000
1143  -24.492  -86.849  -1.590 0.0000000000
32628  -23.466  -47.066  3.639 0.0000000000
33657  -23.589  -46.386  3.533 0.0000000000
32638  -23.085  -47.763  2.764 0.0000000000
30636  -22.571  -49.961  1.065 0.0000000000
30638  -25.029  -49.608  0.569 0.0000000000
35757  -4.817  -43.949  -4.710 0.0000000000
35758  -5.649  -43.479  -5.413 0.0000000000
36800  -7.411  -42.357  -6.160 0.0000000000
34796  -7.514  -44.659  -6.004 0.0000000000
27800  -4.154  -52.568  -6.757 0.0000000000
29758  -3.593  -50.187  -7.106 0.0000000000
28751  -5.778  -51.782  -6.206 0.0000000000
144380  -8.460  -50.601  -4.751 0.0000000000
31720  -10.434  -48.974  -5.355 0.0000000000
32765  -11.201  -46.902  -5.928 0.0000000000
7149  -3.511  -75.184  -16.125 0.0000000000
7118  -2.201  -75.095  -14.101 0.0000000000
7890  -2.761  -74.050  -16.448 0.0000000000
18854  -9.498  -61.002  -15.478 0.0000000000
150763  -7.436  -60.120  -15.968 0.0000000000
137825  -8.833  -59.182  -14.358 0.0000000000
21748  -8.001  -58.525  -13.048 0.0000000000
19809  -9.892  -59.776  -13.455 0.0000000000
12083  -17.783  -68.757  -15.772 0.0000000000
13016  -17.513  -68.088  -17.394 0.0000000000
13960  -16.680  -66.656  -16.453 0.0000000000
17034  -15.958  -63.740  -17.880 0.0000000000
16008  -15.966  -64.923  -15.208 0.0000000000
146767  -17.387  -60.303  -10.286 0.0000000000
19797  -14.991  -61.355  -11.942 0.0000000000
19756  -15.131  -60.492  -9.932 0.0000000000
19737  -12.654  -60.821  -9.379 0.0000000000
19719  -14.665  -60.499  -8.085 0.0000000000
19686  -13.999  -60.248  -6.375 0.0000000000
21678  -15.769  -58.435  -7.265 0.0000000000
23712  -14.491  -56.595  -11.193 0.0000000000
22794  -13.016  -56.868  -13.446 0.0000000000
141513  -22.646  -42.529  3.921 0.0000000000
35673  -22.744  -45.071  2.394 0.0000000000
142687  1.290  -57.724  7.572 0.0000000000
21513  -0.488  -58.256  6.144 0.0000000000
19558  -2.713  -60.051  5.454 0.0000000000
161191  -2.022  -60.928  6.364 0.0000000000
17632  -3.332  -62.727  5.594 0.0000000000
14606  -4.682  -65.375  5.597 0.0000000000
4919  -9.323  -77.738  18.427 0.0000000000
146114  -7.675  -77.596  17.390 0.0000000000
143676  -9.090  -77.861  16.411 0.0000000000
4434  -9.751  -78.247  14.953 0.0000000000
4965  -9.850  -77.810  12.612 0.0000000000
141579  -10.066  -77.876  10.813 0.0000000000
146773  -10.093  -80.308  12.878 0.0000000000
3595  -8.064  -80.300  12.993 0.0000000000
3118  -5.786  -80.498  14.047 0.0000000000
2720  -6.811  -82.369  12.922 0.0000000000
2699  -6.362  -82.019  14.566 0.0000000000
151932  -7.923  -83.249  14.968 0.0000000000
139681  -9.254  -83.933  15.938 0.0000000000
17767  -4.338  -63.217  -5.416 0.0000000000
19669  -5.052  -61.033  -5.604 0.0000000000
20653  -5.658  -59.392  -6.131 0.0000000000
19671  -6.999  -60.993  -5.623 0.0000000000
19683  -8.224  -59.933  -5.810 0.0000000000
20657  -10.038  -59.290  -5.913 0.0000000000
7792  -5.897  -73.868  -9.186 0.0000000000
8595  -5.691  -72.397  -11.472 0.0000000000
9440  -7.877  -71.559  -11.712 0.0000000000
154600  -10.273  -70.653  -13.088 0.0000000000
9496  -13.244  -70.995  -14.981 0.0000000000
1768  -21.603  -85.432  -4.592 0.0000000000
2488  -19.974  -83.344  -5.024 0.0000000000
141007  -22.808  -83.728  -5.382 0.0000000000
3339  -23.833  -81.899  -5.828 0.0000000000
3357  -25.408  -81.400  -6.626 0.0000000000
36730  -19.729  -44.075  -0.231 0.0000000000
37829  -19.539  -42.589  -0.293 0.0000000000
36724  -21.207  -43.789  -0.220 0.0000000000
37832  -22.437  -42.838  0.368 0.0000000000
37834  -24.505  -42.577  0.658 0.0000000000
38888  -25.197  -41.838  -0.022 0.0000000000
36732  -25.823  -43.541  -0.324 0.0000000000
2179  -7.119  -83.956  -10.335 0.0000000000
2190  -7.043  -84.021  -12.353 0.0000000000
2191  -8.541  -83.897  -12.151 0.0000000000
2572  -9.776  -83.993  -10.956 0.0000000000
1208  -21.732  -87.677  -9.509 0.0000000000
717  -20.487  -89.345  -9.941 0.0000000000
978  -21.738  -88.805  -10.806 0.0000000000
739  -20.864  -89.297  -13.166 0.0000000000
1006  -20.098  -88.812  -14.194 0.0000000000
147332  -12.749  -36.755  -7.284 0.0000000000
42902  -15.144  -37.167  -7.102 0.0000000000
41937  -12.403  -36.828  -8.678 0.0000000000
40923  -13.159  -38.866  -8.570 0.0000000000
39960  -14.810  -40.421  -8.667 0.0000000000
29622  -17.169  -50.671  3.931 0.0000000000
30579  -17.604  -49.333  4.942 0.0000000000
148225  -16.145  -48.407  4.572 0.0000000000
33654  -14.565  -45.705  3.937 0.0000000000
33694  -12.870  -45.731  0.790 0.0000000000
33710  -11.055  -46.374  0.500 0.0000000000
155647  -9.218  -46.749  -0.052 0.0000000000
28581  0.429  -51.104  5.083 0.0000000000
28583  -1.486  -51.108  4.529 0.0000000000
29610  0.348  -50.494  3.623 0.0000000000
29634  -0.084  -49.915  1.998 0.0000000000
157760  -0.762  -50.255  0.187 0.0000000000
6153  -2.263  -74.993  12.099 0.0000000000
6868  -2.777  -74.184  9.047 0.0000000000
7615  -2.424  -72.960  7.309 0.0000000000
159454  0.017  -71.435  4.817 0.0000000000
6889  -0.385  -73.701  5.892 0.0000000000
140912  -0.137  -74.993  4.977 0.0000000000
6235  -0.386  -75.903  3.349 0.0000000000
3649  -5.259  -80.333  6.684 0.0000000000
3223  -5.431  -81.188  4.045 0.0000000000
3209  -3.360  -82.012  5.584 0.0000000000
375  -4.422  -90.666  11.200 0.0000000000
154303  -3.340  -90.945  10.331 0.0000000000
54  -4.618  -92.058  9.868 0.0000000000
1268  -14.216  -86.396  17.075 0.0000000000
2381  -13.826  -83.050  8.512 0.0000000000
149628  -12.910  -84.225  9.083 0.0000000000
1664  -13.700  -85.366  7.141 0.0000000000
157132  -15.336  -87.037  7.515 0.0000000000
1077  -17.781  -88.269  8.565 0.0000000000
595  -17.871  -89.523  7.315 0.0000000000
832  -19.573  -88.317  7.886 0.0000000000
144334  -20.304  -88.333  6.789 0.0000000000
864  -21.004  -88.142  4.246 0.0000000000
875  -21.155  -87.997  2.410 0.0000000000
1099  -22.718  -87.577  5.127 0.0000000000
1701  -23.552  -86.136  4.802 0.0000000000
1718  -21.945  -85.684  2.541 0.0000000000
30606  -22.263  -49.377  2.513 0.0000000000
140217  -4.707  -46.071  -6.133 0.0000000000
28800  -7.049  -51.819  -8.762 0.0000000000
28752  -6.663  -52.012  -5.684 0.0000000000
28774  -9.002  -51.997  -7.143 0.0000000000
8705  -6.582  -73.059  -20.246 0.0000000000
8703  -4.917  -72.635  -19.790 0.0000000000
11281  -6.774  -70.101  -20.040 0.0000000000
13027  -6.470  -68.018  -18.947 0.0000000000
15037  -6.886  -65.588  -18.887 0.0000000000
139352  -7.227  -63.983  -18.604 0.0000000000
15021  -9.017  -65.169  -16.824 0.0000000000
16987  -10.376  -62.994  -15.341 0.0000000000
18871  -11.385  -61.253  -16.999 0.0000000000
16025  -20.671  -65.106  -16.841 0.0000000000
14959  -18.997  -65.521  -13.777 0.0000000000
15972  -17.719  -64.939  -13.151 0.0000000000
16943  -19.142  -63.198  -12.896 0.0000000000
18798  -19.236  -61.270  -11.834 0.0000000000
19759  -18.910  -59.121  -10.527 0.0000000000
22752  -17.607  -57.729  -8.962 0.0000000000
22798  -17.683  -57.846  -12.238 0.0000000000
39836  -20.340  -40.358  2.926 0.0000000000
38857  -20.705  -41.678  2.561 0.0000000000
37812  -19.623  -42.988  0.774 0.0000000000
34736  -20.238  -45.476  -0.156 0.0000000000
34730  -22.771  -46.299  0.219 0.0000000000
138395  -25.682  -47.273  0.509 0.0000000000
349  -10.927  -91.011  -17.034 0.0000000000
42809  -22.367  -37.156  -0.152 0.0000000000
43847  -22.566  -36.540  -0.753 0.0000000000
43864  -22.919  -36.174  -2.451 0.0000000000
42823  -22.888  -37.447  -3.464 0.0000000000
45009  -22.641  -35.593  -2.925 0.0000000000
45032  -22.471  -35.639  -3.786 0.0000000000
45031  -22.185  -35.531  -4.600 0.0000000000
43910  -20.484  -36.729  -6.256 0.0000000000
41889  -19.203  -38.055  -6.439 0.0000000000
41887  -16.499  -38.332  -6.720 0.0000000000
40884  -11.739  -38.155  -6.754 0.0000000000
40904  -9.721  -38.726  -7.476 0.0000000000
153117  -9.342  -41.637  -7.505 0.0000000000
31584  -11.810  -48.554  3.769 0.0000000000
26493  -2.467  -53.390  6.453 0.0000000000
24362  -0.315  -54.989  8.102 0.0000000000
26463  -0.225  -53.555  7.383 0.0000000000
27550  0.820  -52.241  6.515 0.0000000000
27597  1.502  -52.299  4.819 0.0000000000
24428  1.375  -54.642  2.396 0.0000000000
23519  1.171  -56.880  1.788 0.0000000000
20580  0.453  -59.563  2.083 0.0000000000
18628  0.077  -61.883  3.017 0.0000000000
15686  -0.906  -64.337  2.953 0.0000000000
17657  -3.271  -62.389  3.374 0.0000000000
15676  -1.958  -65.018  3.188 0.0000000000
12720  -0.806  -67.586  3.570 0.0000000000
11041  -1.967  -69.514  2.535 0.0000000000
10168  -2.801  -70.735  1.580 0.0000000000
7688  -3.085  -73.225  0.179 0.0000000000
4925  -6.068  -77.330  16.765 0.0000000000
4923  -4.320  -77.623  16.086 0.0000000000
4971  -3.431  -77.502  11.405 0.0000000000
4996  -2.914  -77.483  9.744 0.0000000000
5019  -2.627  -77.533  7.543 0.0000000000
5589  -4.548  -76.396  8.302 0.0000000000
6215  -6.387  -75.750  6.768 0.0000000000
5033  -7.203  -77.071  5.832 0.0000000000
4998  -9.464  -77.657  9.121 0.0000000000
4515  -7.878  -78.037  7.444 0.0000000000
4057  -6.366  -79.180  7.403 0.0000000000
3628  -4.436  -80.332  8.257 0.0000000000
3620  -3.142  -80.990  9.505 0.0000000000
2340  -2.512  -82.794  11.717 0.0000000000
1962  -3.554  -83.994  13.479 0.0000000000
1604  -3.994  -85.428  15.304 0.0000000000
1040  -4.812  -87.317  14.234 0.0000000000
1964  -7.083  -83.799  12.563 0.0000000000
1288  -6.128  -86.182  13.319 0.0000000000
805  -5.513  -88.558  11.852 0.0000000000
159265  -5.801  -90.129  11.553 0.0000000000
186  -6.799  -90.930  11.916 0.0000000000
196  -8.489  -91.330  11.796 0.0000000000
1596  -18.429  -85.309  15.617 0.0000000000
1612  -18.977  -85.723  14.296 0.0000000000
1632  -18.081  -85.704  12.402 0.0000000000
156486  -17.007  -84.227  10.885 0.0000000000
147988  -19.552  -83.324  9.623 0.0000000000
2751  -17.656  -82.721  9.510 0.0000000000
2749  -15.586  -82.294  9.438 0.0000000000
2775  -14.374  -82.273  7.431 0.0000000000
26706  -3.002  -53.486  -4.344 0.0000000000
28726  -2.925  -51.495  -5.685 0.0000000000
26721  -3.134  -54.228  -5.783 0.0000000000
25642  -3.553  -54.535  -7.500 0.0000000000
25654  -4.275  -54.569  -8.929 0.0000000000
21670  -5.329  -57.879  -6.841 0.0000000000
136609  -5.217  -55.961  -8.720 0.0000000000
25666  -5.780  -53.842  -8.959 0.0000000000
137982  -7.732  -53.429  -8.964 0.0000000000
25689  -8.657  -53.626  -10.486 0.0000000000
27891  -9.913  -53.132  -11.552 0.0000000000
4742  -4.000  -78.953  -13.024 0.0000000000
6449  -4.457  -76.458  -14.414 0.0000000000
8652  -5.116  -73.508  -16.524 0.0000000000
9467  -5.470  -71.621  -13.703 0.0000000000
9494  -6.240  -71.429  -15.797 0.0000000000
8670  -6.722  -73.018  -18.782 0.0000000000
143343  -8.844  -72.622  -20.296 0.0000000000
11285  -10.429  -69.047  -19.438 0.0000000000
139845  -12.931  -67.079  -19.650 0.0000000000
1426  -16.684  -86.511  -4.100 0.0000000000
150431  -18.062  -86.697  -6.052 0.0000000000
147906  -18.847  -86.029  -7.797 0.0000000000
2518  -19.343  -82.992  -6.401 0.0000000000
2149  -19.461  -84.426  -7.594 0.0000000000
1463  -20.767  -86.455  -8.576 0.0000000000
1466  -23.077  -86.210  -9.356 0.0000000000
1478  -25.283  -86.238  -10.197 0.0000000000
1856  -27.134  -85.235  -12.355 0.0000000000
2885  -28.365  -82.056  -3.848 0.0000000000
3359  -27.735  -81.497  -6.066 0.0000000000
2923  -27.623  -82.193  -7.403 0.0000000000
39866  -19.031  -40.833  -0.900 0.0000000000
41818  -23.254  -38.780  0.274 0.0000000000
40831  -24.100  -39.006  -0.478 0.0000000000
37841  -24.945  -42.279  -1.479 0.0000000000
3544  -9.664  -80.014  19.226 0.0000000000
3069  -7.617  -81.050  19.964 0.0000000000
3067  -6.413  -82.425  20.343 0.0000000000
3531  -7.683  -81.363  22.428 0.0000000000
2651  -8.562  -82.337  22.419 0.0000000000
2278  -10.529  -83.491  21.877 0.0000000000
144725  -3.000  -59.730  -8.860 0.0000000000
20688  -5.955  -59.897  -9.017 0.0000000000
4239  -5.546  -80.398  -10.144 0.0000000000
5225  -5.496  -77.549  -8.575 0.0000000000
2905  -7.142  -82.333  -6.775 0.0000000000
4680  -6.377  -78.672  -6.759 0.0000000000
5775  -6.115  -76.231  -7.567 0.0000000000
6374  -7.242  -75.528  -7.064 0.0000000000
6380  -8.875  -75.235  -7.661 0.0000000000
499  -18.827  -90.921  -10.073 0.0000000000
154  -17.354  -91.771  -11.235 0.0000000000
157  -14.836  -92.516  -12.275 0.0000000000
136074  -14.855  -92.537  -15.024 0.0000000000
183  -13.126  -91.824  -16.768 0.0000000000
526  -12.086  -90.255  -17.009 0.0000000000
1842  -21.501  -85.209  -11.492 0.0000000000
160849  -20.101  -86.147  -12.015 0.0000000000
1246  -18.906  -87.492  -13.650 0.0000000000
142739  -17.454  -87.403  -12.160 0.0000000000
1003  -16.707  -88.260  -14.114 0.0000000000
148686  -14.884  -89.375  -14.254 0.0000000000
515  -13.180  -89.703  -14.899 0.0000000000
157841  -11.406  -89.418  -14.927 0.0000000000
1233  -10.036  -87.736  -12.430 0.0000000000
1490  -10.057  -86.611  -11.396 0.0000000000
2546  -11.031  -83.204  -9.676 0.0000000000
3812  -12.564  -80.390  -8.345 0.0000000000
35640  -24.157  -44.369  5.274 0.0000000000
142876  -24.180  -45.991  4.874 0.0000000000
32614  -23.555  -47.107  4.541 0.0000000000
140566  -23.581  -47.346  5.403 0.0000000000
156070  -22.116  -48.415  4.147 0.0000000000
30594  -20.576  -49.060  3.532 0.0000000000
135126  -19.069  -50.161  2.671 0.0000000000
31565  -20.918  -48.164  5.383 0.0000000000
31562  -18.011  -48.112  5.473 0.0000000000
32587  -18.575  -47.318  5.316 0.0000000000
31588  -19.882  -47.387  5.075 0.0000000000
31599  -18.047  -47.341  3.613 0.0000000000
29602  -12.005  -50.325  4.471 0.0000000000
31582  -10.426  -47.774  4.521 0.0000000000
29594  -3.444  -50.998  4.299 0.0000000000
29597  -6.262  -50.695  4.049 0.0000000000
30570  -8.086  -49.345  4.129 0.0000000000
31594  -8.265  -47.441  4.044 0.0000000000
33648  -8.283  -46.165  3.522 0.0000000000
33690  -6.565  -45.830  0.793 0.0000000000
14590  -0.380  -65.608  6.736 0.0000000000
13596  -2.666  -66.529  6.764 0.0000000000
12668  -4.831  -67.569  6.390 0.0000000000
9256  -1.550  -71.040  4.912 0.0000000000
10130  -4.908  -70.770  5.920 0.0000000000
138004  -5.783  -70.002  4.946 0.0000000000
9284  -5.600  -71.835  3.189 0.0000000000
160107  -4.577  -73.613  1.191 0.0000000000
6283  -4.006  -75.285  -0.113 0.0000000000
4523  -1.656  -78.391  6.293 0.0000000000
150377  -0.870  -78.856  4.739 0.0000000000
154886  -0.762  -77.627  2.052 0.0000000000
3685  -3.346  -80.657  2.679 0.0000000000
141208  -2.318  -79.791  1.066 0.0000000000
5114  -2.301  -77.595  1.166 0.0000000000
5116  -5.253  -77.892  1.227 0.0000000000
5128  -4.906  -77.973  -0.562 0.0000000000
157548  -6.806  -83.361  19.559 0.0000000000
157520  -8.680  -83.672  17.477 0.0000000000
141567  -9.670  -85.350  17.392 0.0000000000
1263  -8.966  -86.847  17.750 0.0000000000
1275  -7.966  -87.437  16.665 0.0000000000
536  -7.711  -88.913  15.641 0.0000000000
369  -9.360  -90.613  13.085 0.0000000000
206  -9.641  -91.383  10.765 0.0000000000
1600  -16.583  -84.985  15.571 0.0000000000
1618  -14.310  -85.397  14.378 0.0000000000
1306  -12.368  -86.044  10.538 0.0000000000
157366  -11.581  -88.263  12.505 0.0000000000
372  -12.000  -90.047  12.149 0.0000000000
209  -12.315  -90.804  10.493 0.0000000000
220  -10.867  -91.506  8.822 0.0000000000
154377  -11.465  -91.730  7.020 0.0000000000
613  -16.297  -88.837  4.974 0.0000000000
158660  -18.050  -85.253  -0.984 0.0000000000
1408  -19.855  -86.309  -1.918 0.0000000000
891  -20.980  -88.198  0.425 0.0000000000
920  -20.964  -88.079  -2.181 0.0000000000
1156  -21.281  -87.273  -3.358 0.0000000000
141656  -22.520  -87.391  -4.252 0.0000000000
35657  -23.776  -44.968  4.002 0.0000000000
34695  -23.194  -45.543  2.729 0.0000000000
146073  -21.907  -47.438  0.950 0.0000000000
31627  -22.421  -49.070  1.400 0.0000000000
144918  -22.467  -48.453  0.892 0.0000000000
32648  -22.133  -47.672  0.785 0.0000000000
136297  -23.717  -48.223  0.554 0.0000000000
31641  -25.948  -48.952  0.396 0.0000000000
38948  -7.475  -40.155  -5.418 0.0000000000
37904  -8.532  -42.098  -6.741 0.0000000000
35796  -9.850  -43.878  -6.929 0.0000000000
30713  -3.179  -49.878  -5.859 0.0000000000
31735  -4.236  -48.510  -7.078 0.0000000000
32763  -6.437  -47.221  -7.011 0.0000000000
29738  -6.714  -50.710  -5.295 0.0000000000
136439  -7.692  -48.686  -5.841 0.0000000000
33808  -7.404  -46.103  -6.407 0.0000000000
33789  -9.036  -45.768  -5.580 0.0000000000
34813  -10.307  -45.338  -5.897 0.0000000000
144865  -10.690  -45.863  -8.349 0.0000000000
17938  -6.334  -62.443  -17.841 0.0000000000
22777  -5.324  -57.043  -11.991 0.0000000000
21716  -6.428  -58.300  -10.511 0.0000000000
19732  -7.843  -60.115  -9.269 0.0000000000
9587  -12.635  -70.919  -21.717 0.0000000000
12153  -14.111  -68.505  -20.789 0.0000000000
13052  -14.957  -67.339  -19.248 0.0000000000
12141  -18.396  -68.603  -19.941 0.0000000000
14007  -17.923  -66.322  -19.881 0.0000000000
15053  -15.026  -65.860  -19.135 0.0000000000
16058  -13.500  -64.021  -18.850 0.0000000000
17943  -13.805  -61.842  -18.220 0.0000000000
19848  -12.884  -60.756  -16.220 0.0000000000
16956  -15.612  -63.145  -13.642 0.0000000000
18830  -13.534  -61.653  -14.034 0.0000000000
149570  -11.707  -60.378  -14.178 0.0000000000
19772  -10.468  -60.970  -11.766 0.0000000000
19734  -9.833  -60.701  -9.674 0.0000000000
18750  -10.007  -61.705  -8.388 0.0000000000
158481  -11.466  -62.217  -6.138 0.0000000000
20646  -12.105  -60.225  -5.549 0.0000000000
21675  -12.212  -58.152  -6.784 0.0000000000
22750  -16.027  -56.917  -9.038 0.0000000000
22748  -13.948  -56.714  -8.922 0.0000000000
23660  -11.970  -56.637  -8.752 0.0000000000
37781  -23.035  -42.281  5.870 0.0000000000
37767  -23.554  -42.812  6.286 0.0000000000
3076  -7.729  -81.255  18.783 0.0000000000
3086  -9.268  -81.078  17.375 0.0000000000
3085  -7.957  -81.316  17.726 0.0000000000
3093  -6.737  -81.219  17.007 0.0000000000
3084  -6.436  -81.502  17.996 0.0000000000
3092  -5.744  -81.644  17.148 0.0000000000
3083  -5.791  -82.058  18.322 0.0000000000
18746  -6.216  -61.448  -8.201 0.0000000000
18725  -5.853  -62.305  -7.658 0.0000000000
18726  -6.820  -62.357  -7.772 0.0000000000
16862  -7.849  -63.680  -6.590 0.0000000000
18727  -7.771  -62.407  -7.851 0.0000000000
150049  -9.458  -74.232  -10.753 0.0000000000
141827  -9.981  -73.645  -11.457 0.0000000000
7106  -9.764  -74.264  -12.016 0.0000000000
33719  -26.291  -46.349  0.126 0.0000000000
35700  -25.429  -45.008  0.539 0.0000000000
33728  -26.532  -46.569  -0.483 0.0000000000
146840  -26.186  -46.324  -1.068 0.0000000000
524  -9.489  -90.141  -16.985 0.0000000000
770  -8.899  -89.211  -16.814 0.0000000000
1020  -9.295  -88.357  -16.655 0.0000000000
1256  -9.049  -87.331  -15.734 0.0000000000
1017  -9.996  -88.497  -16.127 0.0000000000
1854  -25.547  -85.892  -12.704 0.0000000000
1853  -24.141  -86.461  -12.864 0.0000000000
2208  -24.216  -85.490  -12.606 0.0000000000
37937  -10.677  -42.241  -8.068 0.0000000000
36838  -11.225  -43.138  -8.246 0.0000000000
36839  -11.999  -43.011  -8.451 0.0000000000
140806  -11.828  -43.989  -8.508 0.0000000000
32606  -11.850  -46.573  4.271 0.0000000000
33633  -11.887  -46.113  4.297 0.0000000000
33650  -10.712  -45.856  4.403 0.0000000000
34674  -10.252  -45.442  3.806 0.0000000000
33672  -9.181  -45.718  3.459 0.0000000000
24458  1.152  -55.344  -0.050 0.0000000000
4493  -0.868  -78.413  9.522 0.0000000000
4492  -0.146  -78.430  9.768 0.0000000000
4995  0.789  -77.618  9.487 0.0000000000
156510  0.663  -77.858  8.654 0.0000000000
5016  0.768  -77.627  7.966 0.0000000000
4513  -0.481  -78.316  7.984 0.0000000000
2358  -2.646  -83.045  9.792 0.0000000000
2373  -2.697  -83.144  8.753 0.0000000000
58  -8.196  -92.063  9.480 0.0000000000
57  -7.273  -92.349  9.120 0.0000000000
141441  -8.811  -92.415  8.000 0.0000000000
63  -8.957  -92.172  8.708 0.0000000000
1933  -17.370  -84.645  17.560 0.0000000000
2027  -16.573  -84.656  3.972 0.0000000000
1686  -16.176  -85.499  4.464 0.0000000000
1356  -17.782  -86.075  4.707 0.0000000000
156236  -18.648  -86.373  5.482 0.0000000000
1357  -18.820  -85.559  4.624 0.0000000000
1688  -19.876  -85.317  4.861 0.0000000000
2029  -18.493  -84.696  4.001 0.0000000000
27737  -1.777  -52.349  -3.149 0.0000000000
29706  -2.089  -50.065  -3.321 0.0000000000
30703  -2.267  -49.489  -3.810 0.0000000000
29725  -2.417  -50.287  -4.042 0.0000000000
13013  -11.423  -67.237  -17.785 0.0000000000
140707  -10.651  -67.898  -17.015 0.0000000000
12993  -12.597  -67.579  -16.180 0.0000000000
13940  -12.760  -66.979  -15.633 0.0000000000
15008  -13.433  -66.578  -16.202 0.0000000000
35671  -21.303  -44.659  1.508 0.0000000000
34712  -20.915  -46.120  0.499 0.0000000000
33698  -21.569  -46.711  0.500 0.0000000000
40838  -23.781  -39.480  -2.579 0.0000000000
151436  -23.910  -38.720  -2.066 0.0000000000
40848  -20.802  -39.941  -5.052 0.0000000000
40849  -21.396  -39.386  -4.770 0.0000000000
41850  -21.000  -38.963  -5.206 0.0000000000
40847  -20.244  -39.285  -5.537 0.0000000000
22563  0.448  -57.057  5.987 0.0000000000
23477  1.493  -55.826  6.408 0.0000000000
23479  -0.301  -56.804  5.241 0.0000000000
23488  0.191  -56.288  4.797 0.0000000000
22572  -1.099  -57.364  4.515 0.0000000000
21551  -1.551  -58.057  4.459 0.0000000000
20558  -2.008  -58.780  4.326 0.0000000000
13628  -5.199  -66.141  4.841 0.0000000000
14640  -4.842  -65.368  4.458 0.0000000000
12701  -5.017  -66.947  4.655 0.0000000000
11867  -4.028  -68.263  4.076 0.0000000000
141861  -4.954  -67.852  4.561 0.0000000000
5525  -8.454  -76.952  12.900 0.0000000000
5523  -6.940  -76.505  13.298 0.0000000000
5529  -6.950  -76.455  12.487 0.0000000000
5539  -6.502  -76.470  11.780 0.0000000000
137607  -7.151  -76.418  11.022 0.0000000000
5554  -7.751  -76.389  10.192 0.0000000000
136974  -8.259  -76.633  11.000 0.0000000000
3593  -6.274  -80.013  12.614 0.0000000000
4017  -7.093  -79.871  10.989 0.0000000000
3592  -5.694  -80.373  12.238 0.0000000000
3606  -5.538  -80.366  11.493 0.0000000000
3142  -5.326  -80.969  12.487 0.0000000000
2726  -5.012  -81.915  12.595 0.0000000000
1616  -9.763  -85.589  14.022 0.0000000000
1628  -9.496  -85.320  12.934 0.0000000000
1283  -9.222  -86.750  14.353 0.0000000000
1042  -9.046  -87.131  13.613 0.0000000000
19666  -1.882  -60.786  -5.833 0.0000000000
20640  -1.907  -59.806  -6.099 0.0000000000
20649  -1.608  -59.146  -5.974 0.0000000000
20651  -2.817  -59.091  -6.318 0.0000000000
21667  -3.081  -57.749  -6.436 0.0000000000
21645  -3.046  -58.299  -6.521 0.0000000000
21671  -9.027  -57.942  -6.768 0.0000000000
22710  -8.604  -57.272  -7.157 0.0000000000
22711  -9.468  -57.288  -7.215 0.0000000000
23657  -9.597  -55.940  -8.009 0.0000000000
22731  -9.949  -56.638  -7.657 0.0000000000
5804  -5.161  -76.267  -10.226 0.0000000000
5803  -4.912  -75.995  -11.004 0.0000000000
6401  -4.851  -75.046  -10.809 0.0000000000
143231  -12.204  -70.474  -15.294 0.0000000000
10410  -11.065  -70.510  -16.155 0.0000000000
153125  -12.103  -70.536  -16.447 0.0000000000
10423  -12.094  -70.635  -17.245 0.0000000000
10425  -13.751  -70.605  -17.897 0.0000000000
2103  -18.889  -83.905  -2.786 0.0000000000
2110  -18.313  -83.609  -3.332 0.0000000000
2111  -19.268  -83.756  -3.504 0.0000000000
3389  -24.230  -81.901  -8.094 0.0000000000
2920  -23.376  -82.012  -8.066 0.0000000000
2936  -24.798  -82.489  -8.469 0.0000000000
2539  -24.555  -83.368  -8.828 0.0000000000
2541  -26.289  -83.205  -8.700 0.0000000000
39850  -20.021  -40.337  1.852 0.0000000000
151869  -21.976  -41.060  0.440 0.0000000000
39870  -23.535  -40.257  0.507 0.0000000000
38882  -24.192  -40.967  0.478 0.0000000000
138277  -10.246  -81.606  -8.229 0.0000000000
3801  -9.349  -80.594  -7.259 0.0000000000
3802  -10.286  -80.338  -7.381 0.0000000000
4222  -10.320  -78.855  -6.703 0.0000000000
3803  -11.249  -80.061  -7.514 0.0000000000
951  -18.800  -88.730  -8.132 0.0000000000
950  -18.290  -89.436  -7.374 0.0000000000
161679  -19.289  -89.248  -8.694 0.0000000000
152484  -18.754  -89.902  -15.192 0.0000000000
516  -18.651  -90.563  -14.777 0.0000000000
522  -18.136  -90.443  -15.544 0.0000000000
521  -17.527  -90.387  -16.209 0.0000000000
758  -17.745  -89.329  -15.921 0.0000000000
721  -13.766  -89.344  -10.672 0.0000000000
162610  -12.646  -88.619  -10.617 0.0000000000
42880  -16.973  -37.402  -6.997 0.0000000000
31589  -21.624  -47.977  5.206 0.0000000000
163787  -20.462  -47.502  5.000 0.0000000000
33696  -14.633  -45.739  1.702 0.0000000000
33697  -15.401  -46.075  2.108 0.0000000000
32645  -14.882  -46.697  1.135 0.0000000000
32646  -15.540  -47.142  1.524 0.0000000000
32658  -14.326  -47.351  0.466 0.0000000000
27553  -3.041  -52.932  6.045 0.0000000000
27578  -3.516  -52.480  5.641 0.0000000000
28555  -3.125  -52.057  5.235 0.0000000000
31619  -1.511  -47.931  0.398 0.0000000000
30612  -2.959  -48.176  1.495 0.0000000000
31620  -2.212  -47.634  0.455 0.0000000000
31621  -3.183  -47.306  0.604 0.0000000000
32641  -3.619  -46.884  -0.062 0.0000000000
31646  -2.236  -47.821  -0.878 0.0000000000
139236  -1.407  -71.756  7.117 0.0000000000
9210  -0.823  -71.225  8.012 0.0000000000
147203  -0.229  -71.097  6.955 0.0000000000
10094  0.559  -70.017  7.118 0.0000000000
10105  0.425  -69.965  6.338 0.0000000000
10978  -0.084  -68.968  6.338 0.0000000000
10106  0.219  -70.415  5.787 0.0000000000
135763  -1.599  -75.058  2.213 0.0000000000
6909  -2.191  -74.418  2.960 0.0000000000
156185  -2.578  -75.249  2.705 0.0000000000
6257  -3.536  -75.767  2.882 0.0000000000
6256  -2.234  -75.937  2.080 0.0000000000
4555  -6.178  -78.466  4.497 0.0000000000
4554  -5.367  -78.451  4.115 0.0000000000
4096  -5.768  -79.267  3.988 0.0000000000
793  -3.360  -88.529  13.361 0.0000000000
1044  -2.891  -88.227  12.865 0.0000000000
545  -3.333  -89.027  12.550 0.0000000000
1031  -12.368  -87.658  15.995 0.0000000000
787  -12.153  -87.823  15.302 0.0000000000
791  -11.046  -88.721  14.471 0.0000000000
797  -11.618  -88.216  14.020 0.0000000000
2343  -15.321  -83.767  11.348 0.0000000000
163273  -14.495  -83.754  11.616 0.0000000000
822  -16.338  -88.872  9.202 0.0000000000
1070  -15.460  -88.707  9.187 0.0000000000
390  -16.046  -89.547  9.014 0.0000000000
154164  -14.945  -90.026  9.109 0.0000000000
397  -15.650  -90.172  8.052 0.0000000000
396  -14.775  -90.545  7.412 0.0000000000
398  -16.490  -90.007  7.744 0.0000000000
872  -19.239  -88.725  3.158 0.0000000000
871  -17.796  -88.191  3.188 0.0000000000
151730  -18.903  -89.348  1.463 0.0000000000
649  -18.991  -89.224  0.856 0.0000000000
644  -19.493  -89.070  1.471 0.0000000000
1711  -24.440  -86.493  2.494 0.0000000000
1116  -24.763  -86.854  1.647 0.0000000000
138216  -24.698  -86.491  1.282 0.0000000000
156989  -22.897  -48.130  3.337 0.0000000000
34795  -5.636  -44.557  -5.955 0.0000000000
158904  -6.442  -44.313  -6.145 0.0000000000
35759  -6.782  -43.737  -6.071 0.0000000000
33787  -6.749  -45.258  -6.366 0.0000000000
27819  -5.205  -52.910  -7.014 0.0000000000
28750  -4.845  -52.115  -6.524 0.0000000000
28770  -5.609  -52.396  -6.541 0.0000000000
31721  -11.372  -48.508  -5.599 0.0000000000
7165  -4.155  -74.518  -17.037 0.0000000000
7163  -3.287  -74.754  -16.501 0.0000000000
7915  -4.166  -74.095  -17.797 0.0000000000
19845  -10.159  -60.088  -15.538 0.0000000000
19844  -9.289  -60.083  -15.236 0.0000000000
20803  -9.988  -59.542  -15.185 0.0000000000
20770  -9.332  -59.242  -13.917 0.0000000000
20771  -10.196  -59.514  -14.234 0.0000000000
12962  -18.439  -67.526  -14.513 0.0000000000
12978  -18.067  -68.224  -15.003 0.0000000000
12976  -16.782  -67.417  -15.892 0.0000000000
13942  -16.918  -67.279  -14.999 0.0000000000
149003  -16.138  -65.088  -16.021 0.0000000000
14978  -16.588  -65.753  -14.414 0.0000000000
20727  -17.509  -59.634  -9.652 0.0000000000
151389  -15.679  -60.595  -10.456 0.0000000000
158648  -15.918  -60.347  -9.800 0.0000000000
19739  -14.699  -60.503  -9.147 0.0000000000
19720  -15.448  -60.200  -8.281 0.0000000000
20674  -15.743  -59.610  -7.588 0.0000000000
20690  -16.906  -58.735  -8.181 0.0000000000
36688  -22.878  -43.340  3.457 0.0000000000
35667  -22.942  -44.182  2.944 0.0000000000
20516  1.098  -59.027  7.391 0.0000000000
20517  0.418  -58.938  6.626 0.0000000000
20519  -1.618  -59.643  6.281 0.0000000000
136048  -0.753  -60.029  6.482 0.0000000000
17611  -1.651  -62.638  6.303 0.0000000000
17631  -2.560  -62.661  6.006 0.0000000000
16681  -2.796  -63.449  5.908 0.0000000000
15647  -3.476  -64.102  5.731 0.0000000000
14605  -3.151  -64.978  6.088 0.0000000000
143013  -9.363  -78.015  17.413 0.0000000000
4427  -9.833  -78.407  16.985 0.0000000000
3560  -10.543  -80.006  15.152 0.0000000000
4435  -10.228  -78.720  15.289 0.0000000000
4442  -10.377  -78.855  14.635 0.0000000000
4441  -10.103  -78.344  14.030 0.0000000000
4449  -10.535  -79.165  13.780 0.0000000000
4448  -10.355  -78.553  12.991 0.0000000000
3997  -10.479  -80.091  13.676 0.0000000000
3557  -6.859  -80.445  15.380 0.0000000000
3567  -8.540  -80.795  14.430 0.0000000000
139621  -7.663  -80.304  13.939 0.0000000000
3579  -6.936  -79.986  13.558 0.0000000000
143245  -5.829  -80.507  14.863 0.0000000000
2708  -5.796  -81.196  14.546 0.0000000000
2314  -6.413  -83.218  16.838 0.0000000000
2319  -6.748  -82.622  15.182 0.0000000000
151442  -7.110  -83.253  16.014 0.0000000000
2320  -8.393  -83.589  15.882 0.0000000000
16858  -3.450  -63.163  -6.839 0.0000000000
15811  -5.878  -63.959  -5.836 0.0000000000
15810  -4.663  -63.821  -5.904 0.0000000000
146079  -5.584  -63.583  -5.541 0.0000000000
146045  -4.295  -62.679  -5.307 0.0000000000
18703  -5.575  -61.998  -5.360 0.0000000000
19670  -6.023  -61.002  -5.591 0.0000000000
18704  -6.559  -61.999  -5.434 0.0000000000
18707  -9.242  -62.295  -5.538 0.0000000000
149399  -8.906  -61.490  -5.510 0.0000000000
20642  -8.980  -60.580  -5.617 0.0000000000
20656  -9.054  -59.475  -5.907 0.0000000000
20643  -9.873  -60.236  -5.573 0.0000000000
7786  -6.958  -73.895  -8.596 0.0000000000
7806  -6.767  -72.985  -9.811 0.0000000000
8581  -7.267  -72.507  -10.438 0.0000000000
9457  -11.311  -71.692  -12.498 0.0000000000
9455  -9.579  -71.334  -12.062 0.0000000000
9472  -12.540  -71.694  -13.652 0.0000000000
1781  -22.105  -85.618  -5.056 0.0000000000
2133  -21.544  -84.551  -5.014 0.0000000000
2134  -22.390  -84.687  -5.267 0.0000000000
2510  -24.657  -83.137  -5.313 0.0000000000
2509  -23.875  -82.648  -5.537 0.0000000000
2897  -24.673  -82.187  -5.594 0.0000000000
3340  -24.632  -81.588  -6.154 0.0000000000
3341  -25.568  -81.758  -5.717 0.0000000000
36731  -20.267  -44.545  -0.316 0.0000000000
37838  -20.225  -43.454  -0.438 0.0000000000
36725  -22.231  -43.945  0.168 0.0000000000
36727  -24.795  -43.496  0.687 0.0000000000
36726  -23.527  -43.408  0.616 0.0000000000
37833  -23.577  -42.486  0.690 0.0000000000
161558  -25.059  -42.916  0.550 0.0000000000
37835  -25.158  -42.488  0.327 0.0000000000
36728  -25.444  -43.305  0.300 0.0000000000
136500  -7.849  -88.667  -14.469 0.0000000000
989  -7.153  -87.384  -13.155 0.0000000000
1498  -7.003  -85.907  -12.910 0.0000000000
1845  -6.950  -85.222  -12.598 0.0000000000
1512  -7.323  -85.755  -13.497 0.0000000000
1860  -8.782  -85.567  -13.805 0.0000000000
2204  -8.192  -84.403  -12.997 0.0000000000
2205  -9.092  -84.418  -12.561 0.0000000000
2571  -9.006  -83.579  -11.348 0.0000000000
1836  -9.692  -84.966  -12.110 0.0000000000
1209  -22.459  -87.529  -9.729 0.0000000000
971  -21.943  -88.354  -10.189 0.0000000000
1218  -22.689  -87.896  -10.263 0.0000000000
1250  -22.580  -87.707  -13.115 0.0000000000
162132  -21.970  -88.484  -12.791 0.0000000000
1008  -22.050  -88.165  -13.197 0.0000000000
750  -20.828  -88.744  -13.718 0.0000000000
1248  -21.198  -87.782  -13.567 0.0000000000
42875  -11.977  -36.794  -7.552 0.0000000000
42900  -12.467  -36.198  -7.875 0.0000000000
41936  -11.875  -36.627  -8.625 0.0000000000
148751  -12.477  -40.708  -8.515 0.0000000000
39958  -12.692  -39.758  -8.586 0.0000000000
40924  -14.490  -39.362  -8.279 0.0000000000
39959  -13.908  -40.161  -8.297 0.0000000000
38986  -14.336  -41.172  -8.624 0.0000000000
38985  -13.336  -41.631  -8.476 0.0000000000
138393  -16.634  -49.476  4.312 0.0000000000
30577  -15.229  -48.550  3.936 0.0000000000
34677  -12.583  -45.380  3.565 0.0000000000
148968  -13.702  -46.062  4.036 0.0000000000
34678  -13.411  -45.303  3.424 0.0000000000
34693  -13.642  -45.138  2.837 0.0000000000
138965  -12.474  -45.400  1.819 0.0000000000
141259  -12.132  -45.745  0.917 0.0000000000
34709  -11.479  -45.652  1.652 0.0000000000
33693  -9.025  -45.893  1.045 0.0000000000
33709  -9.201  -46.177  0.283 0.0000000000
33724  -8.661  -46.475  -0.157 0.0000000000
32667  -8.041  -47.161  -0.707 0.0000000000
31649  -7.338  -47.608  -0.917 0.0000000000
27610  1.255  -51.898  3.897 0.0000000000
29590  0.617  -50.892  4.394 0.0000000000
28609  0.711  -51.074  3.216 0.0000000000
27675  0.475  -52.249  0.814 0.0000000000
28618  0.337  -51.468  1.425 0.0000000000
28638  0.112  -51.544  0.517 0.0000000000
29650  -0.555  -49.960  0.993 0.0000000000
28657  -0.111  -51.695  -0.178 0.0000000000
6147  -1.746  -75.510  12.741 0.0000000000
5536  -1.683  -75.724  12.144 0.0000000000
6849  -0.767  -74.979  9.087 0.0000000000
163670  -1.962  -74.740  9.367 0.0000000000
6867  -1.849  -74.406  8.455 0.0000000000
7597  -2.749  -73.591  8.081 0.0000000000
6881  -1.799  -73.757  7.416 0.0000000000
7614  -1.401  -73.141  6.541 0.0000000000
6880  -0.494  -74.211  7.051 0.0000000000
5625  0.357  -76.928  5.871 0.0000000000
6223  0.179  -75.785  5.959 0.0000000000
157856  0.021  -76.165  5.290 0.0000000000
6228  -0.227  -75.983  4.444 0.0000000000
5637  -0.239  -76.951  4.145 0.0000000000
158730  -4.448  -80.913  6.636 0.0000000000
3199  -3.969  -81.474  6.104 0.0000000000
3198  -2.841  -81.738  6.415 0.0000000000
193  -4.984  -91.221  11.008 0.0000000000
48  -4.564  -91.587  10.514 0.0000000000
49  -5.396  -92.019  10.187 0.0000000000
137848  -6.471  -92.818  7.820 0.0000000000
136902  -5.443  -92.685  8.367 0.0000000000
79  -9.501  -92.475  6.074 0.0000000000
157500  -15.252  -85.639  17.362 0.0000000000
1588  -14.699  -85.837  17.623 0.0000000000
1269  -14.829  -85.995  16.880 0.0000000000
1272  -13.727  -86.950  16.571 0.0000000000
1273  -14.347  -86.613  16.221 0.0000000000
2393  -13.663  -83.601  7.646 0.0000000000
2002  -13.415  -84.551  7.655 0.0000000000
1665  -14.235  -85.395  6.403 0.0000000000
1333  -16.529  -86.809  6.518 0.0000000000
141016  -15.022  -86.633  6.857 0.0000000000
1326  -15.956  -86.990  7.135 0.0000000000
1081  -16.144  -87.503  8.028 0.0000000000
1082  -17.298  -87.479  7.798 0.0000000000
1083  -18.512  -88.174  8.273 0.0000000000
1087  -18.571  -87.526  7.709 0.0000000000
1336  -20.743  -87.360  6.983 0.0000000000
837  -20.748  -87.798  7.023 0.0000000000
853  -20.709  -88.191  5.100 0.0000000000
844  -21.684  -87.885  5.472 0.0000000000
1093  -22.500  -87.367  6.049 0.0000000000
2040  -21.432  -84.904  4.390 0.0000000000
1691  -22.944  -85.705  5.117 0.0000000000
1699  -21.955  -85.157  4.264 0.0000000000
1709  -22.918  -85.892  3.244 0.0000000000
1708  -22.168  -85.458  3.646 0.0000000000
155883  -21.015  -50.087  2.881 0.0000000000
32725  -2.669  -47.184  -4.280 0.0000000000
34793  -3.904  -45.370  -4.667 0.0000000000
33785  -3.774  -46.321  -5.170 0.0000000000
28801  -7.741  -51.314  -8.931 0.0000000000
29777  -7.792  -51.167  -7.700 0.0000000000
29787  -8.336  -51.000  -8.428 0.0000000000
10468  -7.512  -71.937  -20.857 0.0000000000
10451  -6.654  -71.087  -20.448 0.0000000000
11282  -7.673  -69.996  -19.804 0.0000000000
13010  -8.330  -68.247  -16.919 0.0000000000
12120  -7.142  -68.789  -18.437 0.0000000000
13974  -7.583  -67.519  -17.250 0.0000000000
148049  -6.554  -67.209  -18.849 0.0000000000
15019  -7.505  -66.150  -17.826 0.0000000000
15020  -8.206  -65.588  -17.423 0.0000000000
15005  -8.646  -66.447  -16.577 0.0000000000
16006  -12.146  -65.010  -15.527 0.0000000000
16005  -11.341  -64.304  -15.456 0.0000000000
16989  -11.823  -63.879  -15.740 0.0000000000
17914  -10.750  -62.538  -15.500 0.0000000000
17001  -11.680  -62.914  -16.792 0.0000000000
142430  -20.116  -64.236  -15.804 0.0000000000
14996  -19.948  -65.558  -15.408 0.0000000000
139380  -19.770  -63.978  -15.009 0.0000000000
15974  -19.022  -64.872  -13.529 0.0000000000
16973  -19.617  -63.261  -14.269 0.0000000000
19815  -19.513  -60.758  -13.300 0.0000000000
18818  -19.503  -61.415  -12.684 0.0000000000
19798  -19.511  -60.505  -12.380 0.0000000000
19778  -19.031  -60.011  -10.838 0.0000000000
152673  -19.186  -58.871  -11.888 0.0000000000
21732  -18.921  -58.423  -11.030 0.0000000000
163597  -18.736  -58.693  -12.504 0.0000000000
37807  -21.304  -42.258  2.681 0.0000000000
162050  -20.170  -43.331  1.288 0.0000000000
37806  -20.378  -42.409  1.730 0.0000000000
36703  -19.730  -43.907  0.558 0.0000000000
36723  -19.528  -44.319  0.053 0.0000000000
35696  -19.780  -44.962  -0.031 0.0000000000
141122  -23.896  -46.723  0.497 0.0000000000
160931  -25.107  -46.741  0.627 0.0000000000
150272  -11.812  -92.262  -16.005 0.0000000000
41817  -22.750  -37.968  0.162 0.0000000000
42808  -21.242  -37.232  -0.029 0.0000000000
42816  -23.165  -36.909  -1.213 0.0000000000
43859  -22.732  -36.121  -1.533 0.0000000000
43860  -23.178  -36.637  -1.950 0.0000000000
40837  -23.081  -39.281  -3.394 0.0000000000
151680  -22.434  -39.938  -3.998 0.0000000000
42822  -22.543  -37.916  -4.030 0.0000000000
43871  -22.746  -36.478  -3.444 0.0000000000
43892  -21.825  -36.282  -5.160 0.0000000000
42860  -20.533  -37.588  -5.838 0.0000000000
150475  -18.550  -38.597  -6.489 0.0000000000
41888  -17.580  -38.212  -6.747 0.0000000000
40881  -9.422  -38.975  -6.709 0.0000000000
39924  -9.007  -39.618  -6.872 0.0000000000
39940  -9.469  -40.084  -7.651 0.0000000000
38968  -9.049  -40.632  -7.257 0.0000000000
29619  -13.685  -49.688  2.816 0.0000000000
25363  -3.328  -54.541  7.663 0.0000000000
26466  -3.847  -53.874  7.254 0.0000000000
26465  -2.832  -53.982  6.994 0.0000000000
153014  -0.392  -56.249  8.659 0.0000000000
24342  -0.943  -55.774  8.292 0.0000000000
139748  0.130  -55.579  8.461 0.0000000000
25385  1.761  -53.980  6.805 0.0000000000
25359  1.238  -54.121  8.084 0.0000000000
26490  1.151  -52.871  6.982 0.0000000000
26491  0.388  -52.818  7.033 0.0000000000
27549  1.296  -52.397  6.299 0.0000000000
27574  1.318  -51.968  5.611 0.0000000000
26523  1.605  -52.713  5.715 0.0000000000
24410  0.831  -55.679  3.485 0.0000000000
24409  1.275  -54.894  3.249 0.0000000000
23509  1.050  -56.244  2.660 0.0000000000
144919  1.331  -55.986  1.790 0.0000000000
22592  0.882  -57.849  2.177 0.0000000000
21572  0.700  -58.773  2.024 0.0000000000
21559  0.467  -58.383  2.710 0.0000000000
19602  -0.508  -61.119  3.136 0.0000000000
18629  -0.933  -61.896  3.074 0.0000000000
16723  -0.489  -63.386  2.954 0.0000000000
19559  -3.215  -60.713  5.089 0.0000000000
19572  -3.084  -60.911  4.178 0.0000000000
17658  -3.739  -62.293  4.023 0.0000000000
146390  -3.494  -66.121  3.704 0.0000000000
155297  -3.287  -64.757  3.280 0.0000000000
144600  -2.813  -65.624  3.434 0.0000000000
14638  -1.446  -65.932  3.514 0.0000000000
140428  -1.691  -67.265  3.773 0.0000000000
11864  -0.741  -68.401  3.187 0.0000000000
12721  -1.912  -67.996  3.628 0.0000000000
11042  -4.075  -69.770  2.957 0.0000000000
138501  -2.986  -69.727  2.520 0.0000000000
10169  -3.831  -70.919  1.893 0.0000000000
8475  -3.106  -72.553  0.493 0.0000000000
8455  -3.625  -72.114  1.112 0.0000000000
137922  -8.015  -77.524  16.460 0.0000000000
147985  -6.854  -77.523  17.334 0.0000000000
4926  -7.044  -77.329  16.538 0.0000000000
5515  -5.811  -76.665  14.262 0.0000000000
4934  -5.356  -77.172  15.908 0.0000000000
4933  -4.666  -77.241  15.135 0.0000000000
5551  -4.963  -76.729  10.896 0.0000000000
4972  -4.290  -77.112  11.620 0.0000000000
4985  -4.036  -77.082  10.782 0.0000000000
4984  -3.175  -77.490  10.580 0.0000000000
4997  -3.797  -77.080  9.951 0.0000000000
157446  -4.090  -76.686  8.754 0.0000000000
5571  -4.440  -76.631  9.306 0.0000000000
152406  -7.268  -75.849  8.161 0.0000000000
6190  -6.852  -75.724  7.701 0.0000000000
6204  -7.415  -76.143  6.752 0.0000000000
5615  -7.130  -76.399  6.087 0.0000000000
5034  -7.721  -76.756  6.658 0.0000000000
4482  -10.199  -78.605  10.681 0.0000000000
4986  -9.824  -77.956  9.909 0.0000000000
4043  -9.823  -78.734  10.023 0.0000000000
4041  -7.687  -79.351  9.376 0.0000000000
4495  -8.451  -78.917  8.876 0.0000000000
4046  -6.851  -79.172  8.561 0.0000000000
150074  -7.015  -78.821  7.761 0.0000000000
154938  -6.355  -79.266  8.119 0.0000000000
139002  -5.755  -79.589  7.950 0.0000000000
3159  -3.659  -81.149  11.143 0.0000000000
3615  -3.388  -81.031  10.335 0.0000000000
3158  -2.724  -81.560  11.009 0.0000000000
3157  -2.225  -81.922  10.628 0.0000000000
2730  -2.480  -82.221  11.592 0.0000000000
156330  -2.723  -82.998  12.412 0.0000000000
2335  -3.118  -83.154  13.031 0.0000000000
1953  -4.427  -84.343  14.479 0.0000000000
2324  -3.970  -84.409  14.529 0.0000000000
1605  -4.460  -85.468  15.296 0.0000000000
1280  -4.234  -86.172  15.454 0.0000000000
1287  -5.289  -86.312  14.530 0.0000000000
2338  -7.687  -83.203  12.744 0.0000000000
2337  -6.697  -82.805  12.664 0.0000000000
1965  -8.224  -84.065  12.559 0.0000000000
1297  -7.745  -86.447  11.961 0.0000000000
1625  -6.984  -85.663  12.572 0.0000000000
1296  -6.743  -86.689  12.209 0.0000000000
1295  -5.735  -86.993  13.169 0.0000000000
1048  -6.368  -87.699  11.889 0.0000000000
144998  -5.647  -89.375  11.606 0.0000000000
806  -6.461  -88.660  11.718 0.0000000000
543  -7.536  -89.705  13.645 0.0000000000
548  -7.237  -89.764  12.495 0.0000000000
367  -7.606  -90.627  12.772 0.0000000000
156695  -7.353  -91.079  12.198 0.0000000000
187  -7.965  -91.083  12.450 0.0000000000
1603  -19.318  -85.291  14.985 0.0000000000
1950  -19.527  -85.375  14.230 0.0000000000
1978  -19.442  -84.911  11.450 0.0000000000
1633  -18.791  -85.770  12.734 0.0000000000
140638  -18.315  -85.213  11.393 0.0000000000
1975  -16.960  -84.682  11.529 0.0000000000
1985  -17.766  -84.738  10.999 0.0000000000
2764  -17.221  -81.889  9.106 0.0000000000
2750  -16.625  -82.400  9.554 0.0000000000
2761  -14.398  -82.341  8.234 0.0000000000
3174  -14.816  -81.695  7.912 0.0000000000
22680  -1.809  -57.406  -5.137 0.0000000000
23597  -1.481  -56.806  -4.193 0.0000000000
24554  -1.804  -55.864  -4.180 0.0000000000
139971  -1.407  -54.747  -3.695 0.0000000000
25606  -2.801  -55.078  -4.586 0.0000000000
25593  -3.171  -54.266  -4.908 0.0000000000
25624  -3.212  -55.213  -5.522 0.0000000000
23650  -3.582  -56.446  -7.318 0.0000000000
139309  -3.371  -55.583  -6.753 0.0000000000
149376  -3.624  -55.521  -8.340 0.0000000000
26782  -4.002  -54.221  -8.125 0.0000000000
145279  -3.964  -55.326  -8.908 0.0000000000
20654  -6.427  -59.144  -6.219 0.0000000000
21646  -5.750  -58.583  -6.468 0.0000000000
21647  -6.551  -58.514  -6.500 0.0000000000
23636  -7.165  -56.454  -7.669 0.0000000000
23635  -6.288  -56.696  -7.686 0.0000000000
23654  -6.205  -55.952  -8.278 0.0000000000
24610  -5.537  -55.216  -9.017 0.0000000000
24623  -6.106  -54.448  -8.933 0.0000000000
26799  -6.892  -53.146  -8.819 0.0000000000
25656  -7.170  -54.363  -8.645 0.0000000000
24635  -9.019  -54.642  -10.001 0.0000000000
163610  -8.677  -54.092  -10.539 0.0000000000
25690  -8.786  -54.426  -11.121 0.0000000000
27881  -8.817  -53.051  -10.722 0.0000000000
25700  -8.968  -54.393  -11.576 0.0000000000
4264  -4.749  -80.129  -12.082 0.0000000000
4726  -3.493  -79.262  -12.254 0.0000000000
4727  -4.824  -79.164  -12.950 0.0000000000
142854  -4.671  -74.696  -13.312 0.0000000000
137637  -4.701  -75.974  -13.734 0.0000000000
152495  -4.757  -74.509  -14.299 0.0000000000
7875  -4.759  -74.457  -15.730 0.0000000000
8626  -4.887  -73.330  -14.952 0.0000000000
9452  -6.540  -71.396  -12.566 0.0000000000
9451  -5.714  -71.674  -12.821 0.0000000000
10356  -6.764  -70.750  -13.862 0.0000000000
9514  -8.476  -71.226  -16.927 0.0000000000
9495  -7.155  -71.012  -15.857 0.0000000000
9513  -7.566  -71.387  -16.744 0.0000000000
9512  -6.148  -72.066  -16.796 0.0000000000
9537  -8.004  -71.926  -17.720 0.0000000000
8689  -7.575  -73.067  -19.494 0.0000000000
8672  -8.503  -72.569  -18.887 0.0000000000
10456  -11.433  -69.364  -19.022 0.0000000000
10455  -10.709  -69.985  -19.010 0.0000000000
148726  -11.020  -68.413  -19.499 0.0000000000
12139  -11.224  -67.692  -19.747 0.0000000000
12140  -11.914  -67.847  -20.142 0.0000000000
1779  -17.942  -84.597  -5.054 0.0000000000
1438  -17.800  -85.430  -5.125 0.0000000000
1439  -18.067  -85.833  -5.927 0.0000000000
1451  -18.125  -86.174  -6.849 0.0000000000
1798  -18.492  -85.602  -7.348 0.0000000000
2507  -21.224  -82.704  -5.501 0.0000000000
2505  -19.485  -82.994  -5.656 0.0000000000
2894  -20.684  -82.212  -5.978 0.0000000000
2536  -21.889  -84.007  -8.315 0.0000000000
2151  -20.953  -83.781  -7.933 0.0000000000
2154  -21.224  -84.734  -8.240 0.0000000000
1804  -20.587  -85.428  -8.201 0.0000000000
1805  -21.562  -85.742  -8.637 0.0000000000
1465  -22.267  -86.396  -9.132 0.0000000000
1806  -22.472  -85.583  -8.936 0.0000000000
1819  -25.654  -85.656  -9.895 0.0000000000
1818  -24.781  -85.840  -9.722 0.0000000000
1832  -26.093  -85.991  -10.516 0.0000000000
158369  -26.252  -86.098  -11.305 0.0000000000
1844  -27.334  -85.359  -11.816 0.0000000000
3374  -28.100  -81.860  -6.716 0.0000000000
151948  -19.580  -42.211  -0.484 0.0000000000
38877  -19.395  -41.563  -0.503 0.0000000000
38878  -19.578  -41.634  -0.634 0.0000000000
40821  -19.044  -40.128  -1.098 0.0000000000
40822  -20.360  -39.514  -0.424 0.0000000000
42797  -20.637  -37.921  -0.184 0.0000000000
154244  -24.306  -39.781  -0.242 0.0000000000
40835  -24.551  -39.748  -0.972 0.0000000000
39878  -24.684  -40.553  -1.340 0.0000000000
37842  -25.504  -42.922  -0.894 0.0000000000
38892  -25.348  -42.164  -0.590 0.0000000000
37847  -23.611  -42.446  -2.852 0.0000000000
3957  -10.772  -79.618  21.755 0.0000000000
3963  -10.433  -79.266  20.554 0.0000000000
3542  -9.365  -79.732  20.553 0.0000000000
3541  -8.514  -80.144  21.042 0.0000000000
3064  -7.552  -80.917  21.235 0.0000000000
3536  -8.469  -80.198  22.144 0.0000000000
162648  -10.025  -81.775  21.275 0.0000000000
2653  -9.437  -81.678  22.078 0.0000000000
2654  -10.053  -82.336  21.061 0.0000000000
2652  -9.449  -82.973  22.044 0.0000000000
2290  -10.589  -82.838  20.523 0.0000000000
21701  -3.240  -58.670  -10.186 0.0000000000
20704  -3.957  -58.792  -9.733 0.0000000000
20687  -5.047  -59.912  -8.896 0.0000000000
20705  -5.146  -59.208  -9.444 0.0000000000
146961  -5.446  -81.412  -8.367 0.0000000000
3808  -5.551  -80.927  -9.243 0.0000000000
161615  -5.545  -79.523  -9.525 0.0000000000
158465  -7.548  -83.424  -9.798 0.0000000000
141816  -7.721  -83.259  -7.772 0.0000000000
3380  -7.769  -82.511  -7.375 0.0000000000
137291  -7.951  -78.938  -6.516 0.0000000000
142550  -7.163  -80.225  -6.577 0.0000000000
136585  -7.227  -78.821  -6.554 0.0000000000
5212  -6.175  -77.752  -7.077 0.0000000000
5764  -6.977  -77.012  -6.735 0.0000000000
6373  -6.554  -75.629  -7.404 0.0000000000
5199  -7.881  -77.247  -6.511 0.0000000000
5768  -10.203  -76.692  -6.873 0.0000000000
6388  -8.791  -75.072  -8.895 0.0000000000
308  -16.706  -91.282  -8.630 0.0000000000
135  -16.044  -91.509  -9.079 0.0000000000
141  -16.537  -91.555  -9.837 0.0000000000
494  -19.960  -89.945  -10.229 0.0000000000
493  -19.298  -90.397  -9.733 0.0000000000
326  -19.190  -90.964  -11.327 0.0000000000
141717  -17.353  -91.935  -13.106 0.0000000000
324  -17.848  -91.796  -11.917 0.0000000000
140977  -16.846  -92.130  -12.765 0.0000000000
159  -16.301  -92.200  -12.279 0.0000000000
165  -16.143  -92.396  -13.090 0.0000000000
164  -15.217  -92.633  -13.317 0.0000000000
156952  -15.221  -92.601  -14.243 0.0000000000
139490  -15.183  -90.990  -17.198 0.0000000000
185  -14.874  -91.518  -16.735 0.0000000000
353  -14.397  -91.125  -17.199 0.0000000000
358  -13.067  -90.888  -17.257 0.0000000000
1495  -19.900  -85.606  -11.432 0.0000000000
148030  -19.283  -86.068  -11.786 0.0000000000
1504  -19.691  -86.624  -12.590 0.0000000000
1503  -18.776  -86.466  -12.171 0.0000000000
985  -16.558  -88.396  -10.926 0.0000000000
1225  -16.938  -87.773  -10.825 0.0000000000
995  -16.480  -88.564  -11.977 0.0000000000
1235  -17.078  -87.805  -12.602 0.0000000000
1002  -16.166  -88.733  -13.333 0.0000000000
150833  -15.773  -88.933  -14.042 0.0000000000
747  -15.076  -89.436  -13.297 0.0000000000
145037  -12.769  -89.741  -13.062 0.0000000000
745  -13.367  -89.783  -13.696 0.0000000000
744  -12.501  -89.714  -13.952 0.0000000000
514  -12.128  -89.663  -15.086 0.0000000000
753  -11.670  -89.491  -14.115 0.0000000000
138814  -10.955  -89.103  -14.448 0.0000000000
742  -11.130  -89.145  -13.487 0.0000000000
1480  -11.113  -86.272  -9.934 0.0000000000
1214  -10.648  -86.967  -10.714 0.0000000000
1823  -10.508  -85.534  -10.334 0.0000000000
159241  -10.588  -84.798  -10.108 0.0000000000
2563  -11.172  -84.190  -9.755 0.0000000000
43931  -20.061  -36.195  -6.836 0.0000000000
42903  -15.970  -37.255  -7.061 0.0000000000
153980  -16.547  -37.210  -7.347 0.0000000000
34635  -24.487  -45.556  6.379 0.0000000000
33615  -24.342  -46.024  5.676 0.0000000000
33614  -23.921  -46.717  5.263 0.0000000000
31590  -22.587  -47.862  5.198 0.0000000000
32613  -23.208  -47.545  4.869 0.0000000000
31602  -21.339  -48.260  4.399 0.0000000000
158917  -19.574  -49.475  3.149 0.0000000000
29628  -18.173  -49.999  2.334 0.0000000000
31564  -19.925  -48.180  5.506 0.0000000000
135128  -17.070  -48.243  5.146 0.0000000000
30556  -18.593  -49.154  5.385 0.0000000000
31587  -17.173  -47.246  5.317 0.0000000000
137804  -17.571  -46.546  4.503 0.0000000000
33613  -18.101  -46.792  5.115 0.0000000000
33656  -18.148  -46.726  4.724 0.0000000000
32612  -18.875  -47.084  5.027 0.0000000000
32625  -18.673  -47.063  4.704 0.0000000000
137370  -18.301  -46.984  4.290 0.0000000000
31626  -16.968  -48.461  2.055 0.0000000000
30618  -16.080  -49.052  1.177 0.0000000000
30574  -11.351  -49.423  4.319 0.0000000000
30573  -10.570  -48.900  4.490 0.0000000000
29612  -0.923  -49.922  3.444 0.0000000000
147582  -2.505  -51.109  4.384 0.0000000000
143171  -2.700  -50.508  3.795 0.0000000000
30586  -4.768  -49.594  3.018 0.0000000000
29615  -4.575  -50.320  3.617 0.0000000000
29616  -5.526  -50.195  3.563 0.0000000000
29598  -7.798  -50.288  4.256 0.0000000000
29618  -7.269  -49.723  3.782 0.0000000000
31610  -6.152  -47.663  2.569 0.0000000000
31593  -7.535  -47.815  3.638 0.0000000000
31611  -6.886  -47.309  3.064 0.0000000000
32618  -8.403  -46.765  4.048 0.0000000000
32635  -6.986  -46.569  2.765 0.0000000000
33670  -7.539  -46.011  2.607 0.0000000000
33669  -6.746  -46.073  1.916 0.0000000000
138404  -5.719  -47.104  -1.083 0.0000000000
7570  -1.414  -73.701  11.910 0.0000000000
7579  -1.178  -73.049  11.117 0.0000000000
10081  0.422  -70.273  9.500 0.0000000000
9191  0.843  -71.382  10.628 0.0000000000
140055  1.219  -70.060  11.269 0.0000000000
12643  0.565  -67.285  8.437 0.0000000000
13593  0.009  -66.337  6.812 0.0000000000
137161  -2.251  -67.974  7.175 0.0000000000
137054  -1.947  -67.238  7.036 0.0000000000
12666  -3.034  -67.478  7.068 0.0000000000
12667  -4.056  -67.502  6.752 0.0000000000
11817  -4.302  -68.563  6.834 0.0000000000
9268  -0.200  -71.781  4.617 0.0000000000
9255  -0.349  -71.084  4.884 0.0000000000
9269  -0.856  -71.618  4.451 0.0000000000
8436  -4.641  -72.778  4.694 0.0000000000
9258  -4.226  -71.600  5.461 0.0000000000
9259  -4.981  -72.173  5.046 0.0000000000
10131  -5.550  -70.518  5.417 0.0000000000
145522  -5.581  -71.951  4.597 0.0000000000
150598  -5.782  -70.998  4.539 0.0000000000
7650  -5.596  -72.634  4.095 0.0000000000
6272  -5.355  -75.439  1.973 0.0000000000
7674  -5.355  -74.237  2.089 0.0000000000
6964  -5.198  -75.201  1.354 0.0000000000
6963  -4.540  -74.776  0.591 0.0000000000
6284  -4.959  -75.688  0.588 0.0000000000
5020  -3.464  -77.051  7.177 0.0000000000
4522  -1.608  -78.164  7.048 0.0000000000
5031  -3.421  -77.318  6.423 0.0000000000
4094  -3.051  -79.099  4.269 0.0000000000
4552  -1.689  -78.961  4.761 0.0000000000
4092  -1.196  -79.180  4.004 0.0000000000
4566  -0.622  -78.500  3.574 0.0000000000
4109  -1.429  -79.419  3.097 0.0000000000
2799  -4.295  -82.053  3.430 0.0000000000
3687  -5.221  -80.664  3.580 0.0000000000
3233  -4.036  -81.646  2.859 0.0000000000
3706  -3.280  -80.911  0.766 0.0000000000
3700  -2.818  -80.706  0.979 0.0000000000
4134  -2.569  -79.656  0.840 0.0000000000
4589  -2.152  -78.936  0.851 0.0000000000
4597  -2.957  -79.346  0.708 0.0000000000
5115  -3.708  -78.025  1.463 0.0000000000
4598  -4.583  -79.600  0.978 0.0000000000
4603  -5.484  -79.261  0.125 0.0000000000
3062  -6.663  -82.555  20.866 0.0000000000
2659  -6.229  -82.733  19.807 0.0000000000
2287  -6.719  -83.166  20.315 0.0000000000
2298  -9.154  -83.774  19.142 0.0000000000
2297  -7.996  -83.579  19.117 0.0000000000
2308  -8.935  -83.672  18.312 0.0000000000
1931  -9.553  -84.163  17.624 0.0000000000
137158  -9.931  -85.196  18.183 0.0000000000
1027  -8.922  -87.864  17.263 0.0000000000
1022  -8.465  -87.401  17.443 0.0000000000
1270  -8.682  -86.703  17.353 0.0000000000
780  -7.702  -88.057  16.732 0.0000000000
160879  -7.726  -88.438  16.248 0.0000000000
784  -7.880  -88.653  16.256 0.0000000000
544  -10.202  -89.980  14.092 0.0000000000
362  -9.145  -89.988  14.449 0.0000000000
370  -10.470  -90.507  12.830 0.0000000000
189  -9.766  -90.852  12.447 0.0000000000
190  -10.424  -90.861  12.070 0.0000000000
1610  -17.610  -85.364  14.582 0.0000000000
1601  -17.699  -85.257  15.510 0.0000000000
1609  -16.474  -84.818  14.674 0.0000000000
1956  -13.899  -84.883  13.649 0.0000000000
1957  -14.779  -84.672  14.049 0.0000000000
1655  -13.029  -85.731  8.334 0.0000000000
1643  -12.531  -85.257  10.021 0.0000000000
1313  -12.574  -86.066  9.572 0.0000000000
1060  -12.623  -88.211  10.315 0.0000000000
1059  -12.216  -87.184  10.800 0.0000000000
138057  -11.983  -88.166  11.098 0.0000000000
554  -11.793  -89.590  12.198 0.0000000000
557  -12.929  -89.659  11.105 0.0000000000
217  -13.386  -90.684  9.338 0.0000000000
387  -13.200  -90.519  10.282 0.0000000000
216  -12.467  -90.974  9.539 0.0000000000
215  -11.452  -91.214  9.715 0.0000000000
221  -11.774  -91.318  8.774 0.0000000000
73  -11.314  -91.601  7.924 0.0000000000
226  -12.210  -91.433  7.502 0.0000000000
404  -13.904  -90.806  5.409 0.0000000000
239  -13.207  -91.140  5.596 0.0000000000
243  -12.935  -90.977  5.218 0.0000000000
834  -18.269  -89.079  6.546 0.0000000000
603  -17.031  -89.556  6.219 0.0000000000
840  -17.450  -88.566  5.343 0.0000000000
870  -15.996  -87.713  2.973 0.0000000000
1130  -19.157  -88.048  -0.412 0.0000000000
148702  -18.653  -87.199  -0.639 0.0000000000
1743  -18.940  -85.516  -1.461 0.0000000000
1138  -19.325  -86.681  -1.189 0.0000000000
883  -21.197  -87.998  1.315 0.0000000000
1131  -22.977  -87.625  -0.784 0.0000000000
901  -22.010  -87.990  -0.943 0.0000000000
911  -22.039  -88.038  -1.986 0.0000000000
147443  -21.116  -87.764  -2.868 0.0000000000
926  -21.639  -87.870  -3.178 0.0000000000
1157  -21.941  -87.525  -3.875 0.0000000000
137469  -22.694  -87.712  -3.175 0.0000000000
1150  -24.342  -87.100  -3.497 0.0000000000
158807  -23.871  -44.441  4.580 0.0000000000
34662  -23.883  -45.780  4.153 0.0000000000
32639  -23.328  -46.983  2.908 0.0000000000
33675  -23.277  -46.292  2.709 0.0000000000
34694  -22.654  -46.053  1.956 0.0000000000
161401  -21.710  -50.561  2.112 0.0000000000
30622  -22.256  -49.745  1.591 0.0000000000
135477  -23.043  -49.696  0.747 0.0000000000
31638  -22.572  -49.205  0.875 0.0000000000
140395  -22.796  -48.591  0.664 0.0000000000
32660  -22.603  -47.997  0.634 0.0000000000
31640  -24.754  -48.751  0.593 0.0000000000
38919  -7.602  -40.176  -4.791 0.0000000000
37879  -6.839  -40.412  -4.738 0.0000000000
36775  -8.231  -43.590  -6.149 0.0000000000
36801  -8.366  -42.871  -6.446 0.0000000000
36818  -9.188  -43.104  -6.843 0.0000000000
35782  -9.131  -43.776  -6.249 0.0000000000
27775  -2.819  -52.520  -5.964 0.0000000000
29736  -3.069  -50.581  -5.136 0.0000000000
29757  -3.070  -50.807  -6.242 0.0000000000
30732  -4.586  -49.216  -7.186 0.0000000000
30731  -3.844  -49.340  -7.190 0.0000000000
31736  -5.238  -48.495  -7.133 0.0000000000
32762  -5.525  -47.477  -7.140 0.0000000000
143055  -6.238  -48.149  -6.985 0.0000000000
28753  -7.581  -52.155  -5.557 0.0000000000
28728  -7.233  -51.587  -5.147 0.0000000000
153335  -7.981  -51.352  -4.762 0.0000000000
31718  -8.723  -48.546  -5.559 0.0000000000
30716  -8.129  -49.587  -5.219 0.0000000000
32764  -7.350  -46.938  -6.551 0.0000000000
138671  -8.217  -47.570  -5.918 0.0000000000
32742  -8.231  -46.451  -5.905 0.0000000000
32743  -9.231  -46.745  -5.609 0.0000000000
32766  -11.657  -47.471  -6.477 0.0000000000
162046  -10.761  -46.402  -5.796 0.0000000000
32785  -11.309  -46.824  -6.757 0.0000000000
34839  -10.332  -45.537  -7.837 0.0000000000
33832  -10.621  -46.328  -7.661 0.0000000000
156560  -11.281  -46.274  -8.575 0.0000000000
5258  -2.506  -77.643  -11.799 0.0000000000
9569  -4.442  -71.661  -19.715 0.0000000000
144971  -3.149  -72.445  -18.711 0.0000000000
9554  -3.029  -71.600  -18.880 0.0000000000
17016  -7.900  -63.534  -18.118 0.0000000000
17925  -8.047  -61.965  -17.264 0.0000000000
20801  -7.378  -59.498  -15.274 0.0000000000
19842  -6.682  -59.782  -16.227 0.0000000000
20800  -6.295  -59.156  -15.595 0.0000000000
21776  -5.305  -57.845  -14.688 0.0000000000
21762  -4.831  -57.419  -13.934 0.0000000000
21763  -5.809  -57.345  -13.895 0.0000000000
20755  -8.252  -59.229  -12.193 0.0000000000
21717  -6.995  -58.230  -11.394 0.0000000000
20726  -7.303  -58.888  -10.564 0.0000000000
20725  -6.795  -58.978  -9.832 0.0000000000
20708  -8.348  -60.022  -10.437 0.0000000000
159251  -12.680  -71.393  -20.782 0.0000000000
11310  -15.125  -69.614  -21.243 0.0000000000
11297  -15.692  -69.020  -20.746 0.0000000000
13065  -14.850  -67.913  -19.917 0.0000000000
13066  -16.043  -67.722  -20.076 0.0000000000
154004  -20.120  -69.400  -17.114 0.0000000000
12125  -20.978  -68.757  -18.391 0.0000000000
11269  -18.566  -70.187  -18.369 0.0000000000
13977  -17.475  -66.215  -18.262 0.0000000000
13992  -17.957  -66.498  -19.088 0.0000000000
15040  -17.577  -65.592  -19.238 0.0000000000
15054  -16.217  -65.277  -19.683 0.0000000000
16074  -16.468  -64.509  -19.274 0.0000000000
157434  -14.771  -64.841  -19.177 0.0000000000
16073  -15.722  -63.968  -19.271 0.0000000000
17930  -14.918  -63.036  -16.452 0.0000000000
17956  -14.611  -62.382  -18.127 0.0000000000
17944  -14.252  -62.014  -17.335 0.0000000000
18873  -13.680  -61.449  -17.051 0.0000000000
17929  -14.130  -62.028  -16.272 0.0000000000
16958  -17.347  -64.094  -12.848 0.0000000000
16957  -16.391  -63.748  -13.315 0.0000000000
17887  -16.177  -62.967  -12.929 0.0000000000
19796  -14.135  -61.350  -12.207 0.0000000000
18813  -14.612  -61.717  -12.699 0.0000000000
19813  -13.696  -61.523  -13.094 0.0000000000
19812  -13.065  -61.361  -13.704 0.0000000000
19794  -12.662  -61.172  -12.485 0.0000000000
19793  -11.351  -60.825  -12.805 0.0000000000
137264  -12.087  -60.945  -11.315 0.0000000000
19717  -12.345  -61.185  -8.467 0.0000000000
19736  -11.738  -60.946  -9.456 0.0000000000
19716  -11.302  -61.224  -8.790 0.0000000000
19714  -9.469  -60.971  -8.980 0.0000000000
18751  -10.895  -61.761  -8.204 0.0000000000
18730  -10.501  -62.388  -7.590 0.0000000000
139004  -11.909  -61.935  -6.888 0.0000000000
152622  -14.025  -59.570  -6.288 0.0000000000
19675  -12.712  -60.451  -5.697 0.0000000000
21654  -13.480  -59.015  -6.238 0.0000000000
21652  -11.763  -58.770  -6.229 0.0000000000
148556  -13.031  -58.232  -6.735 0.0000000000
22764  -17.003  -57.011  -10.266 0.0000000000
22751  -16.985  -57.156  -9.319 0.0000000000
136809  -16.183  -56.733  -9.966 0.0000000000
23691  -13.885  -56.494  -10.614 0.0000000000
23677  -14.330  -56.559  -9.751 0.0000000000
23676  -13.257  -56.515  -9.884 0.0000000000
23661  -12.921  -56.715  -8.857 0.0000000000
23675  -12.267  -56.465  -9.701 0.0000000000
19520  0.720  -60.383  7.240 0.0000000000
19537  -0.310  -60.706  6.569 0.0000000000
18566  -0.429  -61.610  6.585 0.0000000000
17610  -0.219  -62.599  6.815 0.0000000000
3549  -10.290  -79.888  17.579 0.0000000000
3976  -10.364  -79.422  17.062 0.0000000000
3553  -9.991  -80.605  17.135 0.0000000000
3095  -9.596  -81.048  16.400 0.0000000000
3559  -10.196  -80.644  15.559 0.0000000000
149600  -9.822  -81.023  14.932 0.0000000000
152494  -8.648  -81.207  16.009 0.0000000000
3106  -7.145  -80.814  16.119 0.0000000000
153838  -5.982  -80.623  15.610 0.0000000000
2698  -5.782  -81.756  15.610 0.0000000000
2688  -5.613  -82.128  16.724 0.0000000000
2305  -5.793  -82.866  17.228 0.0000000000
157064  -5.737  -83.012  17.758 0.0000000000
18724  -3.988  -61.342  -7.940 0.0000000000
17784  -3.716  -62.278  -7.394 0.0000000000
149820  -4.838  -62.262  -7.519 0.0000000000
17785  -5.498  -63.162  -7.099 0.0000000000
148823  -6.691  -64.019  -5.901 0.0000000000
17770  -7.089  -63.054  -5.440 0.0000000000
16845  -7.488  -63.923  -5.965 0.0000000000
16831  -8.677  -63.405  -5.858 0.0000000000
149571  -9.359  -62.996  -5.760 0.0000000000
7795  -8.239  -73.647  -9.487 0.0000000000
8582  -8.245  -72.595  -10.458 0.0000000000
8583  -9.147  -72.771  -10.711 0.0000000000
8600  -10.443  -72.422  -11.701 0.0000000000
7850  -11.861  -72.999  -13.224 0.0000000000
2882  -26.077  -83.115  -4.733 0.0000000000
144824  -23.457  -45.157  0.368 0.0000000000
143791  -24.665  -44.504  0.671 0.0000000000
35701  -25.888  -44.337  0.113 0.0000000000
35707  -26.261  -45.089  -0.418 0.0000000000
519  -8.600  -90.399  -15.792 0.0000000000
136125  -8.057  -88.960  -15.541 0.0000000000
1009  -7.847  -87.529  -14.877 0.0000000000
1520  -7.943  -86.203  -14.699 0.0000000000
1253  -8.646  -86.881  -15.317 0.0000000000
1254  -9.167  -86.909  -14.958 0.0000000000
1244  -9.447  -87.095  -14.038 0.0000000000
1229  -24.424  -87.138  -11.812 0.0000000000
988  -23.178  -87.899  -11.180 0.0000000000
1240  -23.914  -87.261  -12.598 0.0000000000
1508  -23.672  -87.036  -13.044 0.0000000000
1507  -23.194  -86.737  -13.048 0.0000000000
40921  -10.363  -39.076  -8.221 0.0000000000
151016  -10.882  -40.237  -8.472 0.0000000000
38984  -11.686  -41.073  -8.521 0.0000000000
162667  -12.475  -41.422  -8.464 0.0000000000
37940  -13.586  -42.641  -8.722 0.0000000000
37939  -12.506  -42.228  -8.472 0.0000000000
159077  -12.635  -44.399  -8.737 0.0000000000
144233  -12.384  -45.245  -8.686 0.0000000000
30602  -13.718  -48.319  3.371 0.0000000000
31598  -14.057  -47.559  3.999 0.0000000000
33652  -12.223  -45.820  4.045 0.0000000000
34676  -11.717  -45.423  3.774 0.0000000000
34690  -10.961  -45.318  3.064 0.0000000000
34707  -9.639  -45.790  1.717 0.0000000000
33692  -8.276  -45.689  1.560 0.0000000000
161741  1.216  -53.565  1.549 0.0000000000
27649  0.763  -52.146  1.815 0.0000000000
26620  0.629  -52.972  0.107 0.0000000000
5550  0.478  -76.769  10.920 0.0000000000
6161  -0.333  -75.937  10.624 0.0000000000
6160  0.605  -76.194  10.045 0.0000000000
6172  0.669  -75.837  9.342 0.0000000000
6188  0.351  -75.250  8.727 0.0000000000
6202  0.419  -75.297  7.447 0.0000000000
144240  0.898  -76.641  7.989 0.0000000000
150853  0.780  -77.213  7.260 0.0000000000
5029  0.159  -78.168  6.453 0.0000000000
146190  -2.153  -81.742  7.857 0.0000000000
3186  -2.088  -82.124  7.431 0.0000000000
2771  -2.191  -82.635  7.738 0.0000000000
146387  -6.628  -91.887  10.391 0.0000000000
56  -6.292  -92.272  9.703 0.0000000000
136513  -7.305  -92.618  8.182 0.0000000000
142158  -7.273  -92.820  7.303 0.0000000000
146619  -8.108  -92.853  6.036 0.0000000000
69  -8.182  -92.628  7.541 0.0000000000
162136  -9.294  -92.535  6.707 0.0000000000
80  -10.380  -92.177  6.166 0.0000000000
1589  -15.860  -85.299  17.477 0.0000000000
149438  -15.550  -85.572  16.880 0.0000000000
2018  -14.769  -84.445  5.471 0.0000000000
1672  -14.779  -85.381  5.723 0.0000000000
1354  -15.849  -86.069  4.931 0.0000000000
1343  -16.104  -86.414  5.583 0.0000000000
1334  -18.775  -86.931  6.791 0.0000000000
153061  -19.470  -86.639  6.336 0.0000000000
1346  -21.408  -86.654  6.449 0.0000000000
1347  -22.245  -86.593  6.355 0.0000000000
1675  -20.794  -85.789  5.539 0.0000000000
2031  -20.595  -84.814  4.524 0.0000000000
137789  -2.443  -47.786  -3.509 0.0000000000
31706  -2.594  -48.207  -4.378 0.0000000000
28803  -9.348  -51.473  -9.236 0.0000000000
28788  -9.100  -51.390  -8.299 0.0000000000
28789  -9.867  -51.996  -8.690 0.0000000000
12122  -9.044  -68.541  -18.684 0.0000000000
12135  -7.770  -69.331  -19.004 0.0000000000
147462  -9.231  -68.316  -18.053 0.0000000000
135349  -9.836  -68.100  -16.620 0.0000000000
13957  -10.119  -67.293  -15.778 0.0000000000
15006  -9.471  -66.254  -16.077 0.0000000000
13938  -11.129  -67.160  -15.540 0.0000000000
14993  -12.201  -66.111  -15.396 0.0000000000
16040  -12.836  -64.510  -17.113 0.0000000000
20773  -17.750  -59.258  -14.342 0.0000000000
148537  -22.135  -42.866  2.836 0.0000000000
36704  -20.494  -44.194  1.259 0.0000000000
34711  -20.203  -45.590  0.106 0.0000000000
34728  -20.708  -46.189  0.015 0.0000000000
33716  -23.234  -47.589  0.465 0.0000000000
44  -12.537  -92.905  -14.374 0.0000000000
42810  -23.136  -37.433  -0.538 0.0000000000
157460  -23.924  -38.428  -1.284 0.0000000000
41833  -23.657  -38.066  -2.015 0.0000000000
40843  -21.992  -39.289  -4.382 0.0000000000
42839  -22.054  -37.935  -4.600 0.0000000000
42838  -21.274  -37.974  -5.228 0.0000000000
39901  -8.998  -39.275  -5.844 0.0000000000
23429  1.294  -56.007  8.255 0.0000000000
24361  1.357  -54.958  8.209 0.0000000000
144201  1.724  -55.329  7.610 0.0000000000
24380  1.844  -54.840  6.824 0.0000000000
145174  1.710  -54.556  5.884 0.0000000000
25421  1.611  -54.401  4.902 0.0000000000
24393  1.418  -55.192  5.051 0.0000000000
23496  0.106  -56.295  4.079 0.0000000000
21560  -0.295  -58.448  3.278 0.0000000000
22581  -0.957  -57.710  3.827 0.0000000000
20569  -1.588  -59.240  3.663 0.0000000000
18610  -1.856  -61.213  3.218 0.0000000000
16696  -4.331  -63.491  4.739 0.0000000000
16713  -4.418  -63.605  4.094 0.0000000000
15679  -4.546  -64.505  4.010 0.0000000000
14639  -4.074  -65.308  3.654 0.0000000000
13646  -3.367  -66.901  3.902 0.0000000000
11866  -2.951  -68.497  3.553 0.0000000000
135326  -4.016  -69.006  3.649 0.0000000000
10160  -4.454  -70.578  2.540 0.0000000000
4945  -7.708  -77.052  14.994 0.0000000000
155321  -7.015  -76.847  15.192 0.0000000000
5510  -7.149  -76.725  14.569 0.0000000000
5516  -6.606  -76.583  14.086 0.0000000000
145755  -5.303  -76.761  13.684 0.0000000000
154704  -5.760  -76.589  12.101 0.0000000000
5538  -5.747  -76.571  11.360 0.0000000000
5552  -5.865  -76.469  10.495 0.0000000000
5573  -6.217  -76.184  9.494 0.0000000000
5553  -6.740  -76.332  10.297 0.0000000000
147307  -7.271  -76.171  9.495 0.0000000000
144946  -8.620  -76.510  8.461 0.0000000000
4018  -8.305  -79.989  11.101 0.0000000000
4033  -9.212  -79.526  10.262 0.0000000000
150640  -8.060  -79.716  10.400 0.0000000000
4032  -7.400  -79.645  10.028 0.0000000000
4031  -6.444  -79.863  10.307 0.0000000000
4039  -5.818  -79.900  9.679 0.0000000000
3617  -5.433  -80.243  10.583 0.0000000000
3605  -4.675  -80.755  11.247 0.0000000000
3149  -3.997  -81.356  11.814 0.0000000000
2717  -3.535  -83.076  13.314 0.0000000000
2725  -3.862  -82.322  12.800 0.0000000000
2331  -4.910  -83.564  13.432 0.0000000000
1954  -5.516  -84.522  13.767 0.0000000000
1955  -9.018  -84.559  12.696 0.0000000000
1299  -9.151  -86.074  12.542 0.0000000000
1298  -8.531  -86.718  12.204 0.0000000000
1049  -7.841  -88.163  11.978 0.0000000000
1050  -8.398  -87.579  12.371 0.0000000000
802  -8.148  -88.349  12.634 0.0000000000
795  -7.773  -88.967  13.761 0.0000000000
1951  -20.021  -84.635  14.212 0.0000000000
1971  -20.016  -84.270  12.527 0.0000000000
140780  -1.791  -57.895  -5.962 0.0000000000
146328  -2.076  -57.268  -6.024 0.0000000000
24584  -3.178  -56.176  -5.714 0.0000000000
22703  -3.082  -57.404  -6.259 0.0000000000
22704  -3.540  -57.042  -7.028 0.0000000000
22728  -3.947  -56.977  -7.647 0.0000000000
21648  -7.830  -58.682  -6.374 0.0000000000
152941  -7.188  -58.077  -6.734 0.0000000000
22691  -8.157  -57.986  -6.767 0.0000000000
23637  -8.206  -56.535  -7.518 0.0000000000
23655  -7.911  -55.787  -7.907 0.0000000000
24612  -7.707  -54.988  -8.322 0.0000000000
146245  -8.470  -55.300  -8.220 0.0000000000
24625  -9.444  -55.125  -9.386 0.0000000000
140883  -9.942  -55.569  -9.735 0.0000000000
4728  -5.465  -78.535  -11.908 0.0000000000
5260  -5.256  -77.720  -12.094 0.0000000000
5815  -4.921  -76.755  -12.151 0.0000000000
7104  -4.637  -75.244  -12.569 0.0000000000
7847  -4.716  -73.611  -13.389 0.0000000000
143665  -9.038  -70.387  -14.129 0.0000000000
10369  -8.315  -70.449  -14.451 0.0000000000
10408  -8.937  -70.676  -16.179 0.0000000000
9515  -9.406  -71.129  -17.095 0.0000000000
9539  -9.824  -71.605  -18.070 0.0000000000
9540  -10.553  -71.297  -18.109 0.0000000000
10436  -12.117  -70.332  -18.365 0.0000000000
10457  -12.662  -69.897  -19.264 0.0000000000
2101  -17.205  -83.853  -2.446 0.0000000000
1756  -16.844  -84.389  -3.545 0.0000000000
2109  -17.210  -83.781  -3.160 0.0000000000
2486  -18.096  -83.625  -4.032 0.0000000000
2132  -18.335  -84.132  -5.392 0.0000000000
2908  -22.067  -81.683  -6.489 0.0000000000
3353  -21.472  -81.753  -7.105 0.0000000000
2919  -22.546  -82.200  -7.872 0.0000000000
2527  -22.203  -83.002  -8.161 0.0000000000
2537  -22.805  -83.745  -8.552 0.0000000000
2156  -23.474  -84.480  -8.946 0.0000000000
2157  -24.347  -84.312  -9.139 0.0000000000
2174  -25.952  -84.907  -9.572 0.0000000000
2175  -27.002  -84.737  -9.521 0.0000000000
38879  -20.770  -41.605  -0.210 0.0000000000
39867  -19.953  -41.007  -0.747 0.0000000000
40830  -19.404  -40.257  -1.012 0.0000000000
150786  -20.376  -40.237  -0.482 0.0000000000
40823  -21.627  -39.786  0.330 0.0000000000
40824  -22.850  -39.539  0.523 0.0000000000
39871  -24.290  -40.300  0.167 0.0000000000
36744  -24.360  -43.768  -2.310 0.0000000000
3533  -9.447  -80.024  22.651 0.0000000000
21713  -3.495  -58.098  -10.820 0.0000000000
2914  -5.601  -82.926  -7.456 0.0000000000
3364  -5.698  -81.830  -7.314 0.0000000000
2931  -8.845  -82.203  -8.635 0.0000000000
3381  -8.502  -81.823  -7.766 0.0000000000
3367  -9.066  -81.252  -7.620 0.0000000000
3793  -8.865  -80.083  -6.758 0.0000000000
4682  -8.702  -78.570  -6.492 0.0000000000
5200  -8.804  -77.607  -6.463 0.0000000000
4683  -9.774  -78.059  -6.552 0.0000000000
5202  -10.364  -77.358  -6.749 0.0000000000
5213  -10.865  -77.381  -7.178 0.0000000000
700  -18.310  -89.929  -7.620 0.0000000000
310  -18.160  -90.787  -8.727 0.0000000000
506  -19.701  -90.483  -12.731 0.0000000000
330  -19.160  -91.003  -12.104 0.0000000000
335  -19.112  -90.956  -13.060 0.0000000000
333  -17.778  -91.625  -13.821 0.0000000000
339  -17.250  -91.643  -14.705 0.0000000000
172  -16.449  -92.018  -14.710 0.0000000000
338  -16.803  -91.567  -15.396 0.0000000000
354  -16.508  -90.723  -16.803 0.0000000000
775  -15.611  -90.020  -17.014 0.0000000000
976  -16.096  -88.680  -10.112 0.0000000000
984  -16.038  -89.076  -11.026 0.0000000000
738  -14.897  -89.612  -12.298 0.0000000000
729  -14.305  -89.626  -11.363 0.0000000000
728  -13.447  -89.563  -11.537 0.0000000000
727  -12.652  -89.386  -11.727 0.0000000000
993  -11.203  -88.744  -12.126 0.0000000000
983  -12.268  -88.831  -11.228 0.0000000000
973  -11.974  -88.068  -10.620 0.0000000000
1468  -11.984  -85.853  -9.489 0.0000000000
42882  -18.709  -37.051  -7.095 0.0000000000
146981  -15.878  -38.223  -8.160 0.0000000000
42920  -15.885  -37.664  -7.698 0.0000000000
32577  -24.201  -47.795  6.328 0.0000000000
31568  -23.791  -48.031  5.948 0.0000000000
31614  -18.417  -48.272  3.237 0.0000000000
30557  -19.565  -49.038  5.535 0.0000000000
140435  -15.502  -45.902  3.909 0.0000000000
33655  -16.335  -46.193  3.954 0.0000000000
32636  -16.608  -46.484  3.051 0.0000000000
32637  -17.366  -46.974  3.236 0.0000000000
32647  -16.154  -47.475  1.867 0.0000000000
28557  -4.732  -51.895  5.275 0.0000000000
30597  -0.919  -49.116  2.176 0.0000000000
145095  -2.826  -49.854  3.157 0.0000000000
30598  -2.861  -49.082  2.360 0.0000000000
30599  -3.925  -48.943  2.322 0.0000000000
30600  -4.948  -48.676  2.361 0.0000000000
30588  -6.613  -49.179  3.340 0.0000000000
31609  -5.349  -47.807  2.140 0.0000000000
32633  -5.613  -46.931  1.808 0.0000000000
32643  -5.259  -46.430  0.690 0.0000000000
32642  -4.445  -46.751  0.340 0.0000000000
31647  -4.171  -47.377  -1.035 0.0000000000
8376  -2.841  -72.475  9.564 0.0000000000
8365  -0.898  -72.446  10.396 0.0000000000
9200  -1.444  -71.564  8.967 0.0000000000
9209  -0.008  -70.657  8.720 0.0000000000
10954  0.491  -69.504  9.212 0.0000000000
11770  0.819  -68.168  9.837 0.0000000000
10961  0.531  -69.286  7.922 0.0000000000
11805  0.512  -68.642  7.287 0.0000000000
138668  0.267  -67.773  6.997 0.0000000000
12664  -0.015  -67.055  6.643 0.0000000000
11814  -0.194  -68.001  6.565 0.0000000000
145565  -0.777  -68.510  6.470 0.0000000000
142947  -1.738  -69.318  6.369 0.0000000000
7653  -1.106  -73.052  3.468 0.0000000000
8439  -1.428  -72.501  3.905 0.0000000000
7654  -2.171  -73.579  3.495 0.0000000000
7647  -3.035  -73.261  4.148 0.0000000000
7648  -4.193  -73.449  4.389 0.0000000000
7657  -5.482  -73.465  3.554 0.0000000000
6911  -4.445  -74.761  3.550 0.0000000000
6926  -5.003  -75.184  3.047 0.0000000000
5680  -5.272  -76.142  2.094 0.0000000000
163425  -5.089  -76.629  5.598 0.0000000000
5050  -3.591  -77.675  5.548 0.0000000000
146829  -4.366  -77.448  5.126 0.0000000000
4553  -4.389  -78.645  4.097 0.0000000000
4095  -4.084  -79.432  3.696 0.0000000000
2807  -3.091  -83.012  2.976 0.0000000000
2817  -3.392  -82.498  2.390 0.0000000000
2823  -3.411  -82.432  1.754 0.0000000000
151258  -3.684  -82.214  1.212 0.0000000000
3252  -4.245  -81.820  0.806 0.0000000000
4136  -5.074  -80.321  0.888 0.0000000000
3253  -5.308  -82.082  0.392 0.0000000000
142366  -8.336  -83.365  22.019 0.0000000000
2276  -7.523  -83.277  21.266 0.0000000000
2277  -8.579  -83.615  21.258 0.0000000000
1921  -9.698  -84.328  19.778 0.0000000000
1265  -11.128  -86.630  18.196 0.0000000000
140722  -11.545  -87.542  16.751 0.0000000000
1028  -10.308  -87.747  17.008 0.0000000000
782  -9.861  -88.280  16.435 0.0000000000
785  -9.174  -88.915  15.891 0.0000000000
790  -10.211  -89.158  14.918 0.0000000000
542  -10.609  -89.483  14.186 0.0000000000
154950  -10.807  -89.971  13.462 0.0000000000
1959  -16.644  -84.804  13.095 0.0000000000
1949  -16.264  -84.657  13.977 0.0000000000
158281  -15.669  -84.339  12.863 0.0000000000
145165  -13.293  -84.241  12.006 0.0000000000
1074  -14.858  -87.923  8.736 0.0000000000
1073  -13.779  -87.479  8.860 0.0000000000
1069  -14.388  -88.406  9.292 0.0000000000
820  -13.827  -88.850  9.925 0.0000000000
812  -14.166  -89.507  10.012 0.0000000000
558  -13.621  -89.786  10.583 0.0000000000
385  -14.242  -89.763  9.897 0.0000000000
392  -14.263  -90.387  9.063 0.0000000000
223  -13.540  -90.812  8.514 0.0000000000
227  -13.271  -91.107  7.626 0.0000000000
228  -14.017  -90.944  7.265 0.0000000000
400  -14.890  -90.578  6.623 0.0000000000
412  -14.866  -90.404  5.527 0.0000000000
145795  -18.445  -88.067  4.742 0.0000000000
850  -17.689  -87.995  4.567 0.0000000000
861  -18.092  -87.747  4.001 0.0000000000
140576  -16.992  -87.977  2.843 0.0000000000
144174  -17.297  -88.050  -0.672 0.0000000000
654  -17.921  -89.269  -0.040 0.0000000000
897  -18.521  -88.666  -0.105 0.0000000000
898  -19.374  -88.337  -0.051 0.0000000000
1110  -24.153  -87.312  2.762 0.0000000000
1115  -24.250  -87.276  1.804 0.0000000000
1122  -23.614  -87.389  0.061 0.0000000000
1142  -23.197  -87.562  -1.480 0.0000000000
157404  -23.745  -87.345  -1.972 0.0000000000
1132  -23.898  -87.232  -0.852 0.0000000000
33638  -23.793  -46.527  4.328 0.0000000000
155018  -22.415  -50.696  1.125 0.0000000000
29662  -23.175  -50.413  0.796 0.0000000000
30637  -24.041  -50.062  0.652 0.0000000000
35725  -4.574  -43.701  -3.305 0.0000000000
35726  -5.318  -43.071  -2.863 0.0000000000
35741  -5.037  -42.997  -3.960 0.0000000000
36759  -5.577  -42.409  -4.577 0.0000000000
36799  -6.522  -41.950  -5.572 0.0000000000
36773  -6.140  -42.721  -5.577 0.0000000000
36774  -7.147  -43.117  -6.120 0.0000000000
35760  -7.981  -44.161  -5.976 0.0000000000
141661  -3.345  -52.050  -6.660 0.0000000000
28748  -3.364  -51.033  -6.757 0.0000000000
28749  -3.847  -51.713  -6.782 0.0000000000
139243  -4.926  -51.386  -6.423 0.0000000000
29760  -5.500  -51.033  -6.051 0.0000000000
29740  -8.745  -51.469  -4.661 0.0000000000
144032  -9.260  -50.717  -4.674 0.0000000000
31719  -9.821  -48.268  -5.480 0.0000000000
32744  -10.283  -47.054  -5.597 0.0000000000
32745  -10.864  -47.833  -5.587 0.0000000000
5856  -3.343  -76.520  -14.572 0.0000000000
6448  -2.599  -75.968  -13.979 0.0000000000
6461  -2.896  -75.879  -14.870 0.0000000000
136719  -4.610  -68.507  -19.951 0.0000000000
18869  -9.214  -61.816  -15.617 0.0000000000
18868  -8.419  -61.546  -16.195 0.0000000000
18853  -8.739  -60.955  -15.549 0.0000000000
19843  -8.275  -60.101  -15.293 0.0000000000
152581  -7.832  -58.932  -14.408 0.0000000000
21765  -7.329  -58.296  -13.898 0.0000000000
20769  -8.355  -58.816  -13.792 0.0000000000
138582  -8.713  -59.242  -13.062 0.0000000000
19791  -8.916  -60.172  -12.122 0.0000000000
12098  -19.921  -68.918  -16.574 0.0000000000
11243  -18.570  -69.741  -16.688 0.0000000000
12111  -17.750  -69.084  -17.184 0.0000000000
140797  -17.569  -68.754  -16.547 0.0000000000
13961  -17.044  -67.155  -17.057 0.0000000000
15024  -16.770  -65.067  -17.795 0.0000000000
16042  -16.513  -64.346  -18.166 0.0000000000
16023  -16.245  -64.572  -17.052 0.0000000000
16022  -15.802  -64.429  -16.117 0.0000000000
17003  -15.354  -63.721  -16.091 0.0000000000
18796  -17.077  -61.481  -11.328 0.0000000000
18815  -16.364  -61.986  -11.987 0.0000000000
18795  -15.932  -61.405  -11.610 0.0000000000
19775  -15.373  -60.943  -11.209 0.0000000000
19754  -13.728  -60.833  -10.961 0.0000000000
137605  -12.830  -60.827  -10.875 0.0000000000
143355  -13.239  -60.687  -10.075 0.0000000000
150758  -13.952  -60.674  -8.754 0.0000000000
154909  -13.202  -61.171  -7.661 0.0000000000
161517  -13.172  -61.317  -7.027 0.0000000000
19697  -14.564  -60.391  -7.100 0.0000000000
20662  -14.615  -59.652  -6.600 0.0000000000
21677  -14.892  -58.352  -6.889 0.0000000000
22796  -15.636  -57.367  -12.633 0.0000000000
23693  -15.348  -56.630  -10.674 0.0000000000
22795  -14.662  -57.243  -12.806 0.0000000000
23710  -12.497  -56.596  -11.925 0.0000000000
136292  -11.801  -56.524  -12.483 0.0000000000
23722  -12.410  -56.650  -12.917 0.0000000000
38839  -22.146  -41.612  5.004 0.0000000000
36694  -22.443  -43.665  2.674 0.0000000000
35672  -22.220  -44.431  2.122 0.0000000000
23431  0.223  -56.694  8.865 0.0000000000
158647  1.060  -57.620  8.804 0.0000000000
141973  1.103  -56.950  8.552 0.0000000000
22544  1.139  -57.315  6.874 0.0000000000
21512  0.417  -57.898  6.366 0.0000000000
21538  -1.347  -57.942  5.566 0.0000000000
21539  -1.952  -58.480  5.197 0.0000000000
20541  -1.652  -58.746  5.906 0.0000000000
144909  -2.886  -60.693  5.734 0.0000000000
18591  -3.211  -61.357  5.543 0.0000000000
18567  -1.593  -61.659  6.386 0.0000000000
148424  -3.016  -61.979  5.848 0.0000000000
145557  -3.486  -62.132  5.260 0.0000000000
15648  -4.277  -63.888  5.210 0.0000000000
136742  -4.754  -64.713  5.150 0.0000000000
14622  -5.200  -66.323  5.280 0.0000000000
4918  -8.377  -77.581  18.621 0.0000000000
4917  -7.256  -77.632  18.317 0.0000000000
4927  -8.622  -77.750  17.381 0.0000000000
4937  -8.422  -77.483  15.534 0.0000000000
4428  -10.311  -78.901  16.513 0.0000000000
4938  -9.274  -77.880  15.552 0.0000000000
148817  -9.077  -77.667  15.012 0.0000000000
4946  -8.495  -77.310  14.653 0.0000000000
4955  -8.671  -77.207  13.746 0.0000000000
4964  -9.179  -77.273  12.282 0.0000000000
4973  -9.243  -77.166  11.275 0.0000000000
4974  -9.992  -77.761  11.742 0.0000000000
4467  -10.342  -78.482  11.424 0.0000000000
155543  -10.161  -79.683  11.424 0.0000000000
3581  -10.040  -80.574  13.757 0.0000000000
3596  -9.280  -80.453  12.629 0.0000000000
3609  -8.640  -80.278  12.008 0.0000000000
161164  -7.725  -80.161  12.486 0.0000000000
3594  -6.958  -79.956  12.910 0.0000000000
3130  -5.711  -80.646  13.230 0.0000000000
2727  -5.836  -81.807  12.832 0.0000000000
2719  -5.854  -81.285  13.519 0.0000000000
2709  -6.579  -82.102  13.634 0.0000000000
2333  -7.729  -82.900  13.196 0.0000000000
2325  -7.393  -82.710  14.074 0.0000000000
2326  -8.448  -83.377  13.893 0.0000000000
2327  -9.199  -83.907  13.819 0.0000000000
1946  -9.691  -84.553  14.448 0.0000000000
1939  -9.684  -84.539  15.606 0.0000000000
159751  -4.338  -63.673  -6.317 0.0000000000
15809  -3.795  -63.717  -6.040 0.0000000000
17766  -3.073  -63.187  -5.598 0.0000000000
144110  -3.731  -62.851  -5.385 0.0000000000
18701  -3.729  -62.128  -5.407 0.0000000000
19668  -3.941  -60.952  -5.658 0.0000000000
19679  -4.619  -60.254  -5.791 0.0000000000
19681  -6.428  -60.023  -5.867 0.0000000000
19682  -7.391  -60.112  -5.801 0.0000000000
18705  -7.517  -61.992  -5.500 0.0000000000
19672  -8.058  -61.009  -5.595 0.0000000000
20655  -7.635  -59.367  -6.052 0.0000000000
137925  -8.268  -59.203  -6.084 0.0000000000
21650  -9.474  -58.635  -6.381 0.0000000000
145348  -10.307  -58.551  -6.432 0.0000000000
7057  -5.502  -74.186  -9.620 0.0000000000
7072  -5.046  -74.014  -10.543 0.0000000000
7805  -5.788  -73.355  -9.894 0.0000000000
155580  -6.326  -72.082  -11.335 0.0000000000
9453  -7.534  -71.175  -12.468 0.0000000000
9441  -8.552  -71.774  -11.373 0.0000000000
9454  -8.584  -71.268  -12.072 0.0000000000
10359  -9.598  -70.526  -13.433 0.0000000000
10372  -11.781  -70.537  -14.422 0.0000000000
146246  -21.041  -84.987  -4.038 0.0000000000
2112  -20.243  -84.277  -3.731 0.0000000000
2122  -20.738  -84.157  -4.581 0.0000000000
2489  -20.881  -83.504  -5.125 0.0000000000
2508  -22.293  -82.689  -5.550 0.0000000000
139342  -23.839  -83.743  -5.397 0.0000000000
160362  -23.183  -82.973  -5.479 0.0000000000
155990  -22.385  -82.005  -5.885 0.0000000000
3355  -23.772  -81.491  -6.526 0.0000000000
3356  -24.557  -81.321  -6.976 0.0000000000
2921  -25.886  -81.839  -7.839 0.0000000000
37811  -19.408  -42.460  0.164 0.0000000000
38859  -19.433  -41.697  0.331 0.0000000000
37837  -19.694  -43.079  -0.386 0.0000000000
147797  -23.113  -41.987  0.652 0.0000000000
141830  -23.973  -41.758  0.684 0.0000000000
38883  -24.723  -41.727  0.389 0.0000000000
37839  -25.538  -42.662  -0.084 0.0000000000
36735  -25.656  -43.818  -1.182 0.0000000000
35706  -26.004  -44.414  -0.713 0.0000000000
35710  -25.606  -44.789  -1.418 0.0000000000
1822  -6.694  -84.759  -11.105 0.0000000000
2558  -6.900  -84.071  -11.127 0.0000000000
2559  -7.376  -83.532  -10.900 0.0000000000
2214  -7.639  -84.733  -13.366 0.0000000000
2582  -7.575  -83.866  -12.349 0.0000000000
2570  -7.953  -83.396  -11.450 0.0000000000
2560  -8.664  -83.188  -10.670 0.0000000000
2956  -9.286  -82.925  -10.034 0.0000000000
2957  -10.105  -83.121  -9.906 0.0000000000
1198  -20.364  -87.675  -8.926 0.0000000000
709  -19.944  -89.130  -9.287 0.0000000000
969  -20.746  -88.788  -9.658 0.0000000000
718  -21.256  -88.813  -10.081 0.0000000000
159255  -20.869  -89.553  -11.150 0.0000000000
987  -22.769  -88.223  -11.809 0.0000000000
732  -21.400  -89.172  -11.474 0.0000000000
731  -20.934  -89.565  -11.993 0.0000000000
511  -20.154  -89.847  -13.436 0.0000000000
760  -19.787  -89.307  -14.306 0.0000000000
1013  -19.404  -89.151  -14.631 0.0000000000
42858  -14.825  -37.998  -6.803 0.0000000000
42878  -15.283  -37.367  -6.910 0.0000000000
42877  -14.478  -37.156  -6.930 0.0000000000
42901  -14.114  -36.849  -7.417 0.0000000000
148844  -14.294  -37.250  -8.029 0.0000000000
40922  -12.022  -38.494  -8.801 0.0000000000
41919  -13.596  -37.755  -8.386 0.0000000000
41920  -15.172  -38.501  -8.207 0.0000000000
40925  -15.343  -39.738  -8.803 0.0000000000
39977  -15.106  -40.981  -9.129 0.0000000000
31553  -23.975  -48.818  5.663 0.0000000000
31566  -21.957  -48.360  5.398 0.0000000000
29606  -18.225  -50.258  4.710 0.0000000000
32609  -15.677  -47.229  4.787 0.0000000000
32608  -14.797  -46.957  4.592 0.0000000000
33634  -15.186  -46.365  4.410 0.0000000000
34679  -14.141  -45.260  3.316 0.0000000000
34710  -14.138  -45.262  2.398 0.0000000000
33695  -13.787  -45.679  1.233 0.0000000000
32656  -13.035  -46.836  0.117 0.0000000000
33712  -12.549  -46.299  0.147 0.0000000000
33711  -11.843  -46.275  0.293 0.0000000000
33725  -10.414  -46.626  0.434 0.0000000000
34725  -10.765  -46.031  0.723 0.0000000000
152643  -9.486  -46.532  0.217 0.0000000000
31650  -9.885  -47.165  0.052 0.0000000000
150735  -0.242  -51.385  5.379 0.0000000000
28553  -1.153  -51.617  5.129 0.0000000000
28582  -0.456  -50.980  4.779 0.0000000000
29611  -0.119  -49.983  3.558 0.0000000000
30582  -0.416  -49.505  2.830 0.0000000000
157579  0.563  -51.290  2.352 0.0000000000
29633  0.228  -50.743  1.946 0.0000000000
30596  -0.481  -49.309  2.109 0.0000000000
139778  -0.991  -48.856  1.491 0.0000000000
30610  -1.189  -48.402  0.726 0.0000000000
30643  -1.368  -48.826  -0.335 0.0000000000
30644  -1.895  -48.619  -0.884 0.0000000000
6812  -1.250  -75.236  13.484 0.0000000000
6832  -2.208  -74.236  12.001 0.0000000000
7571  -2.650  -73.910  11.300 0.0000000000
6174  -1.500  -75.310  10.159 0.0000000000
6850  -2.526  -74.580  10.033 0.0000000000
6851  -3.072  -73.850  9.754 0.0000000000
163135  -3.287  -72.703  8.707 0.0000000000
8399  -2.495  -72.453  7.621 0.0000000000
8398  -1.335  -72.343  6.605 0.0000000000
9240  -0.418  -71.563  5.976 0.0000000000
7628  -0.592  -72.591  5.673 0.0000000000
7641  -0.065  -72.751  4.938 0.0000000000
6879  0.079  -74.684  6.901 0.0000000000
6898  -0.070  -73.790  5.067 0.0000000000
6904  -0.185  -73.850  4.206 0.0000000000
6907  -0.439  -73.922  3.455 0.0000000000
158480  -0.558  -75.143  2.700 0.0000000000
6254  -0.637  -75.920  2.364 0.0000000000
4075  -5.915  -80.318  5.660 0.0000000000
3660  -6.157  -80.062  4.876 0.0000000000
3658  -5.127  -81.100  5.700 0.0000000000
3210  -4.595  -81.877  5.092 0.0000000000
2798  -3.587  -82.539  4.050 0.0000000000
2786  -2.444  -82.755  5.872 0.0000000000
2797  -2.698  -82.991  4.752 0.0000000000
142811  -2.936  -83.031  3.768 0.0000000000
552  -3.950  -89.930  11.660 0.0000000000
551  -3.504  -89.726  11.740 0.0000000000
374  -3.626  -90.442  11.189 0.0000000000
211  -4.002  -91.696  10.106 0.0000000000
162901  -3.877  -92.102  8.767 0.0000000000
55  -5.377  -92.342  9.406 0.0000000000
150545  -4.308  -92.448  8.164 0.0000000000
2364  -14.104  -83.010  9.431 0.0000000000
141919  -13.076  -83.754  9.798 0.0000000000
2380  -13.302  -83.934  8.380 0.0000000000
1996  -13.000  -84.810  8.358 0.0000000000
1324  -13.674  -86.216  7.684 0.0000000000
1331  -14.789  -86.126  6.185 0.0000000000
1325  -14.544  -86.752  7.504 0.0000000000
1320  -14.170  -87.071  8.196 0.0000000000
1080  -15.156  -87.432  8.096 0.0000000000
827  -16.830  -88.583  8.976 0.0000000000
576  -17.516  -89.249  8.685 0.0000000000
584  -17.436  -89.646  8.024 0.0000000000
585  -18.284  -89.238  8.210 0.0000000000
586  -18.738  -89.131  7.575 0.0000000000
841  -19.054  -88.751  6.623 0.0000000000
1088  -19.407  -87.583  7.690 0.0000000000
836  -20.014  -88.317  7.502 0.0000000000
842  -19.394  -88.399  5.698 0.0000000000
852  -19.929  -88.280  4.756 0.0000000000
873  -19.923  -88.742  3.074 0.0000000000
874  -20.477  -88.455  2.724 0.0000000000
143455  -21.116  -88.117  3.368 0.0000000000
865  -21.901  -87.907  4.237 0.0000000000
1104  -22.930  -87.618  4.034 0.0000000000
1348  -22.889  -86.639  6.158 0.0000000000
162814  -23.865  -86.938  5.296 0.0000000000
1101  -24.235  -86.918  4.429 0.0000000000
1367  -24.374  -86.703  3.672 0.0000000000
1710  -23.686  -86.189  2.910 0.0000000000
1719  -23.112  -85.883  2.233 0.0000000000
30595  -21.738  -49.261  3.418 0.0000000000
30605  -21.778  -50.088  2.411 0.0000000000
34779  -4.018  -44.398  -3.934 0.0000000000
34794  -4.770  -44.974  -5.408 0.0000000000
28785  -6.206  -52.170  -7.860 0.0000000000
28771  -6.252  -52.132  -6.551 0.0000000000
28772  -7.150  -51.929  -6.458 0.0000000000
28773  -8.185  -52.054  -6.508 0.0000000000
27776  -8.480  -52.356  -5.503 0.0000000000
28775  -9.738  -52.225  -7.602 0.0000000000
27820  -9.564  -52.623  -6.475 0.0000000000
8687  -5.609  -73.205  -19.650 0.0000000000
8686  -4.609  -73.217  -19.220 0.0000000000
8704  -5.762  -72.811  -20.180 0.0000000000
154171  -5.811  -71.219  -20.258 0.0000000000
136899  -5.779  -70.128  -20.024 0.0000000000
135412  -6.967  -69.357  -19.334 0.0000000000
136702  -5.912  -69.208  -19.731 0.0000000000
12133  -5.175  -68.589  -20.075 0.0000000000
135360  -5.596  -67.982  -19.830 0.0000000000
13046  -5.354  -66.989  -20.139 0.0000000000
15036  -6.046  -65.350  -19.643 0.0000000000
16055  -5.712  -64.444  -19.280 0.0000000000
16037  -7.568  -64.896  -18.326 0.0000000000
16038  -8.390  -64.426  -17.774 0.0000000000
16039  -9.081  -64.113  -17.107 0.0000000000
152216  -9.754  -65.281  -16.109 0.0000000000
16019  -9.629  -64.400  -16.298 0.0000000000
17927  -9.613  -62.699  -15.622 0.0000000000
17913  -10.011  -61.961  -15.256 0.0000000000
18870  -10.689  -61.325  -16.061 0.0000000000
161775  -11.302  -60.673  -16.604 0.0000000000
15025  -21.020  -65.331  -17.710 0.0000000000
15010  -20.311  -65.905  -16.053 0.0000000000
147890  -19.790  -66.215  -15.266 0.0000000000
14958  -18.438  -66.208  -13.785 0.0000000000
14979  -17.161  -66.197  -14.032 0.0000000000
139526  -18.385  -65.378  -13.414 0.0000000000
15950  -18.111  -64.150  -12.724 0.0000000000
163162  -18.308  -62.947  -12.285 0.0000000000
143132  -19.454  -62.966  -13.474 0.0000000000
18817  -19.232  -62.011  -12.321 0.0000000000
17849  -18.507  -62.226  -11.959 0.0000000000
19777  -18.038  -60.725  -10.784 0.0000000000
19758  -18.277  -59.793  -10.292 0.0000000000
20728  -18.347  -59.041  -9.817 0.0000000000
20691  -17.440  -58.594  -8.681 0.0000000000
22766  -18.205  -57.963  -9.530 0.0000000000
141316  -17.665  -57.357  -10.708 0.0000000000
137606  -17.256  -57.436  -11.602 0.0000000000
21767  -17.393  -58.648  -13.817 0.0000000000
146323  -20.278  -41.057  2.322 0.0000000000
38843  -20.691  -41.088  3.262 0.0000000000
159555  -20.156  -41.669  1.772 0.0000000000
147671  -19.640  -42.093  1.006 0.0000000000
36702  -19.449  -43.422  0.128 0.0000000000
35705  -19.775  -44.803  -0.131 0.0000000000
35697  -21.238  -45.059  -0.307 0.0000000000
145631  -20.895  -46.012  -0.192 0.0000000000
35698  -21.935  -45.784  -0.094 0.0000000000
34731  -25.174  -46.006  0.607 0.0000000000
142856  -26.444  -47.154  0.182 0.0000000000
161788  -22.895  -36.974  -0.646 0.0000000000
43858  -22.065  -35.853  -0.877 0.0000000000
39880  -23.194  -40.190  -3.340 0.0000000000
146624  -22.545  -39.093  -3.924 0.0000000000
41836  -22.910  -38.379  -3.536 0.0000000000
41837  -23.331  -37.765  -2.763 0.0000000000
42819  -23.131  -36.944  -2.677 0.0000000000
43893  -22.331  -36.391  -4.403 0.0000000000
42859  -19.783  -37.367  -6.437 0.0000000000
146050  -11.375  -37.399  -7.771 0.0000000000
40883  -10.790  -38.074  -6.869 0.0000000000
40905  -10.448  -38.202  -7.543 0.0000000000
39957  -10.137  -40.235  -8.199 0.0000000000
38969  -9.886  -41.247  -7.914 0.0000000000
37921  -9.985  -42.348  -7.658 0.0000000000
30591  -13.393  -48.811  3.038 0.0000000000
31596  -12.334  -47.940  3.627 0.0000000000
31595  -11.737  -47.530  3.995 0.0000000000
26494  -3.428  -53.440  6.581 0.0000000000
27552  -2.139  -52.826  5.994 0.0000000000
23433  -2.242  -56.308  8.973 0.0000000000
139580  -2.022  -55.890  8.425 0.0000000000
24363  -1.555  -55.245  7.897 0.0000000000
25341  0.781  -54.815  8.388 0.0000000000
25361  -0.899  -54.405  7.590 0.0000000000
26464  -1.581  -53.777  6.945 0.0000000000
26492  -0.733  -53.030  6.736 0.0000000000
27575  -0.670  -51.997  5.733 0.0000000000
154627  0.932  -51.573  5.531 0.0000000000
28580  1.084  -51.460  4.813 0.0000000000
26558  1.490  -52.821  3.906 0.0000000000
25432  1.479  -54.306  3.954 0.0000000000
156414  1.491  -53.612  3.735 0.0000000000
140301  1.314  -53.319  3.082 0.0000000000
25456  1.348  -55.157  1.648 0.0000000000
161539  1.157  -56.324  1.065 0.0000000000
136532  1.050  -56.901  0.618 0.0000000000
140060  0.780  -58.371  1.235 0.0000000000
154341  0.249  -59.794  2.737 0.0000000000
145897  0.233  -61.173  2.739 0.0000000000
16722  0.302  -63.256  2.604 0.0000000000
141621  0.352  -64.938  2.755 0.0000000000
14648  0.502  -65.826  2.879 0.0000000000
20543  -2.482  -59.305  4.946 0.0000000000
19586  -2.408  -60.492  3.661 0.0000000000
17674  -2.457  -62.524  3.020 0.0000000000
15678  -3.820  -63.946  3.375 0.0000000000
16711  -3.128  -63.183  3.027 0.0000000000
16724  -1.859  -63.350  2.941 0.0000000000
14637  -0.235  -66.251  3.364 0.0000000000
12719  0.049  -67.036  3.361 0.0000000000
11872  0.175  -68.589  2.608 0.0000000000
11040  -0.605  -69.231  2.469 0.0000000000
10158  -2.352  -70.127  1.992 0.0000000000
9306  -2.393  -71.939  0.544 0.0000000000
8474  -2.093  -72.730  -0.041 0.0000000000
4916  -6.310  -77.651  17.859 0.0000000000
4935  -6.410  -76.958  15.736 0.0000000000
4924  -5.126  -77.438  16.650 0.0000000000
4983  -2.248  -77.924  10.350 0.0000000000
4494  -1.932  -77.950  9.417 0.0000000000
5005  -2.167  -77.734  8.470 0.0000000000
5006  -3.083  -77.255  8.363 0.0000000000
162644  -3.406  -76.998  7.792 0.0000000000
5601  -4.793  -76.215  7.271 0.0000000000
5572  -5.349  -76.199  8.898 0.0000000000
144565  -5.458  -75.952  7.892 0.0000000000
140283  -5.112  -76.281  6.204 0.0000000000
5627  -5.731  -76.519  5.447 0.0000000000
5053  -6.512  -77.584  5.129 0.0000000000
146567  -6.989  -77.968  5.855 0.0000000000
155161  -9.502  -77.268  10.298 0.0000000000
5556  -9.414  -77.224  9.409 0.0000000000
5008  -9.178  -77.130  8.546 0.0000000000
4042  -9.253  -78.940  9.399 0.0000000000
4505  -8.661  -78.164  8.184 0.0000000000
5021  -8.272  -77.204  7.283 0.0000000000
4524  -7.550  -77.491  6.575 0.0000000000
4514  -7.021  -78.495  6.768 0.0000000000
4066  -6.683  -78.720  5.965 0.0000000000
4056  -5.766  -79.653  7.130 0.0000000000
3640  -4.375  -80.573  7.422 0.0000000000
138113  -3.570  -80.795  8.035 0.0000000000
3621  -4.610  -80.231  9.033 0.0000000000
138569  -3.785  -80.638  8.858 0.0000000000
3627  -2.894  -81.046  8.687 0.0000000000
3161  -2.051  -81.866  9.228 0.0000000000
2346  -2.333  -82.679  10.113 0.0000000000
2348  -3.357  -83.405  11.225 0.0000000000
145877  -2.798  -83.223  11.888 0.0000000000
2341  -3.208  -83.439  12.650 0.0000000000
2329  -3.684  -83.826  13.783 0.0000000000
1952  -3.774  -84.482  14.346 0.0000000000
1039  -4.131  -87.512  14.610 0.0000000000
1046  -4.322  -88.146  13.767 0.0000000000
2332  -6.103  -83.359  12.724 0.0000000000
143899  -6.644  -84.785  12.899 0.0000000000
145192  -7.633  -84.765  12.475 0.0000000000
1615  -5.920  -85.485  13.766 0.0000000000
1047  -5.186  -87.879  12.871 0.0000000000
800  -4.636  -88.546  12.662 0.0000000000
804  -4.542  -89.230  11.951 0.0000000000
553  -4.959  -90.063  11.427 0.0000000000
376  -5.598  -90.850  11.393 0.0000000000
807  -7.203  -88.850  11.829 0.0000000000
157237  -6.393  -90.557  11.737 0.0000000000
194  -6.009  -91.271  11.275 0.0000000000
195  -6.880  -91.320  11.577 0.0000000000
205  -8.158  -91.578  11.029 0.0000000000
212  -8.800  -91.701  10.279 0.0000000000
1937  -18.494  -84.830  16.385 0.0000000000
1602  -18.411  -85.581  14.840 0.0000000000
1611  -18.402  -85.769  14.112 0.0000000000
1622  -19.199  -85.697  13.502 0.0000000000
1621  -18.661  -85.835  13.512 0.0000000000
1631  -17.669  -85.546  12.967 0.0000000000
1969  -17.315  -85.240  12.275 0.0000000000
1974  -16.244  -83.978  11.087 0.0000000000
1983  -15.437  -83.340  10.595 0.0000000000
2369  -18.922  -83.822  9.997 0.0000000000
2752  -18.619  -83.072  9.484 0.0000000000
2368  -18.018  -83.551  9.897 0.0000000000
2367  -17.076  -83.165  9.993 0.0000000000
2366  -16.046  -82.848  10.060 0.0000000000
2365  -15.005  -82.748  9.884 0.0000000000
2748  -14.607  -82.480  9.073 0.0000000000
2394  -13.980  -82.818  7.748 0.0000000000
157767  -14.105  -83.124  6.928 0.0000000000
2782  -14.432  -82.321  6.630 0.0000000000
143545  -14.360  -83.799  6.124 0.0000000000
163274  -16.530  -83.989  3.779 0.0000000000
26705  -2.316  -54.119  -4.056 0.0000000000
27756  -2.535  -52.596  -3.910 0.0000000000
28710  -2.784  -51.186  -4.412 0.0000000000
149668  -3.135  -52.873  -4.871 0.0000000000
26722  -3.098  -53.487  -5.568 0.0000000000
26741  -3.011  -53.504  -6.251 0.0000000000
25640  -3.288  -55.453  -6.191 0.0000000000
26760  -3.302  -54.067  -6.731 0.0000000000
26742  -3.248  -53.416  -6.651 0.0000000000
26761  -3.675  -53.843  -7.219 0.0000000000
26762  -4.284  -53.680  -7.689 0.0000000000
27840  -4.933  -53.302  -8.140 0.0000000000
140556  -4.002  -58.687  -6.431 0.0000000000
21669  -4.422  -57.914  -6.886 0.0000000000
22729  -4.369  -56.939  -7.845 0.0000000000
23653  -5.552  -56.551  -8.010 0.0000000000
143895  -4.743  -56.482  -8.320 0.0000000000
159334  -4.724  -55.029  -9.254 0.0000000000
25655  -4.958  -54.185  -9.206 0.0000000000
27856  -6.527  -52.543  -8.700 0.0000000000
27857  -7.427  -52.438  -9.048 0.0000000000
141204  -7.674  -51.904  -9.233 0.0000000000
25667  -7.852  -53.817  -8.867 0.0000000000
26809  -8.113  -53.049  -9.452 0.0000000000
27871  -8.531  -52.350  -10.095 0.0000000000
27872  -9.117  -52.237  -10.424 0.0000000000
28834  -9.907  -52.079  -10.653 0.0000000000
4741  -3.141  -78.499  -12.598 0.0000000000
5293  -3.270  -77.523  -13.663 0.0000000000
143623  -4.911  -77.726  -12.960 0.0000000000
5841  -4.282  -77.099  -14.199 0.0000000000
5857  -3.985  -76.621  -14.651 0.0000000000
6463  -4.233  -76.073  -15.028 0.0000000000
7892  -4.676  -74.313  -16.544 0.0000000000
7893  -4.798  -73.956  -17.404 0.0000000000
8594  -5.066  -72.930  -11.870 0.0000000000
8610  -4.869  -72.854  -12.751 0.0000000000
8615  -4.829  -72.840  -13.496 0.0000000000
10367  -6.710  -70.837  -14.872 0.0000000000
136750  -5.953  -71.299  -14.966 0.0000000000
8627  -5.141  -72.485  -15.096 0.0000000000
8638  -5.319  -72.634  -15.946 0.0000000000
8653  -5.508  -72.944  -16.937 0.0000000000
8669  -5.690  -73.455  -18.911 0.0000000000
8688  -6.603  -73.260  -19.725 0.0000000000
8720  -8.254  -72.816  -20.616 0.0000000000
9586  -9.088  -71.477  -20.454 0.0000000000
9573  -10.265  -71.138  -19.248 0.0000000000
153036  -9.617  -71.150  -19.803 0.0000000000
152725  -9.137  -69.356  -19.541 0.0000000000
13048  -10.854  -67.229  -19.389 0.0000000000
13030  -11.453  -66.794  -18.953 0.0000000000
162442  -13.311  -67.053  -18.843 0.0000000000
141029  -17.343  -86.933  -4.558 0.0000000000
1765  -16.690  -85.356  -3.868 0.0000000000
1427  -17.304  -85.957  -4.499 0.0000000000
1179  -17.934  -87.556  -5.700 0.0000000000
1182  -18.093  -87.344  -6.818 0.0000000000
1458  -18.469  -86.562  -7.489 0.0000000000
1459  -19.017  -86.806  -8.117 0.0000000000
2121  -19.676  -83.622  -4.337 0.0000000000
2504  -18.848  -83.533  -5.807 0.0000000000
2517  -18.941  -83.642  -6.716 0.0000000000
2917  -20.125  -82.635  -7.159 0.0000000000
2524  -19.447  -83.074  -7.046 0.0000000000
2148  -18.699  -84.551  -7.194 0.0000000000
1799  -19.061  -85.253  -7.704 0.0000000000
1803  -19.692  -85.999  -8.121 0.0000000000
1462  -19.939  -86.963  -8.502 0.0000000000
1199  -21.182  -87.215  -9.083 0.0000000000
1200  -22.028  -87.100  -9.330 0.0000000000
1476  -23.632  -86.707  -9.777 0.0000000000
1817  -23.921  -86.025  -9.529 0.0000000000
1477  -24.463  -86.459  -9.965 0.0000000000
1211  -24.103  -86.953  -10.309 0.0000000000
1220  -25.064  -86.732  -11.399 0.0000000000
1511  -25.990  -85.993  -12.455 0.0000000000
2210  -25.904  -85.180  -12.672 0.0000000000
3324  -27.012  -81.921  -4.831 0.0000000000
3343  -27.369  -81.578  -5.424 0.0000000000
3342  -26.557  -81.668  -5.549 0.0000000000
3358  -26.289  -81.429  -6.319 0.0000000000
2922  -26.737  -81.916  -7.581 0.0000000000
2939  -27.216  -82.572  -7.941 0.0000000000
39854  -19.553  -40.484  0.794 0.0000000000
42798  -21.656  -37.903  0.197 0.0000000000
40839  -24.331  -39.999  -1.937 0.0000000000
38891  -25.101  -41.273  -0.697 0.0000000000
38897  -24.579  -41.402  -1.813 0.0000000000
39882  -24.305  -40.750  -2.147 0.0000000000
155641  -9.261  -77.358  19.374 0.0000000000
4420  -9.979  -78.070  18.263 0.0000000000
142251  -10.467  -79.018  18.416 0.0000000000
3970  -10.926  -78.629  19.806 0.0000000000
3545  -10.273  -79.440  18.878 0.0000000000
3543  -8.689  -80.521  19.620 0.0000000000
3068  -6.753  -81.810  20.243 0.0000000000
3063  -6.890  -81.897  21.383 0.0000000000
2649  -7.153  -82.332  22.188 0.0000000000
3060  -8.955  -80.999  22.687 0.0000000000
3059  -8.090  -81.607  22.616 0.0000000000
135281  -8.172  -82.989  22.388 0.0000000000
2271  -11.438  -83.741  22.081 0.0000000000
141044  -11.275  -83.215  20.268 0.0000000000
1911  -12.614  -83.765  22.093 0.0000000000
18744  -2.973  -60.483  -8.351 0.0000000000
19709  -4.277  -60.400  -8.530 0.0000000000
19710  -5.574  -60.600  -8.556 0.0000000000
19711  -6.602  -60.607  -8.658 0.0000000000
3843  -5.020  -80.569  -11.551 0.0000000000
3829  -5.245  -81.017  -10.925 0.0000000000
4249  -5.378  -80.227  -11.255 0.0000000000
4713  -5.487  -78.344  -10.808 0.0000000000
5239  -5.460  -78.007  -9.644 0.0000000000
157458  -5.392  -77.099  -9.214 0.0000000000
2147  -7.310  -84.033  -7.570 0.0000000000
2916  -7.263  -83.294  -7.185 0.0000000000
3790  -5.914  -80.995  -6.863 0.0000000000
3351  -7.355  -81.120  -6.696 0.0000000000
3791  -6.470  -80.593  -6.631 0.0000000000
4227  -5.593  -79.525  -7.560 0.0000000000
4689  -5.617  -78.096  -7.862 0.0000000000
5211  -5.804  -77.131  -7.724 0.0000000000
5782  -5.585  -76.412  -8.392 0.0000000000
6379  -5.965  -75.286  -7.956 0.0000000000
7050  -6.482  -74.411  -8.160 0.0000000000
7051  -7.464  -74.491  -7.957 0.0000000000
5766  -8.759  -76.633  -6.518 0.0000000000
136329  -8.474  -74.365  -9.160 0.0000000000
154312  -8.841  -74.787  -9.569 0.0000000000
708  -19.254  -89.762  -8.799 0.0000000000
492  -18.709  -90.701  -9.256 0.0000000000
315  -18.109  -91.160  -9.637 0.0000000000
158309  -17.981  -91.624  -11.110 0.0000000000
148  -16.944  -91.669  -10.535 0.0000000000
147  -16.106  -91.762  -10.556 0.0000000000
140760  -15.672  -91.979  -11.136 0.0000000000
154697  -14.971  -92.196  -11.347 0.0000000000
35  -14.265  -92.816  -13.047 0.0000000000
40  -13.687  -92.920  -13.550 0.0000000000
47  -13.065  -92.719  -15.193 0.0000000000
179  -15.328  -91.992  -15.868 0.0000000000
177  -13.549  -92.289  -16.006 0.0000000000
176  -12.668  -92.317  -16.039 0.0000000000
356  -11.574  -90.794  -17.146 0.0000000000
779  -11.322  -90.220  -17.065 0.0000000000
2197  -23.170  -85.140  -12.049 0.0000000000
1843  -22.286  -85.329  -11.884 0.0000000000
1850  -21.847  -85.892  -12.143 0.0000000000
1496  -20.878  -85.869  -11.838 0.0000000000
1505  -20.708  -86.549  -12.564 0.0000000000
1238  -20.582  -87.187  -13.212 0.0000000000
1247  -19.910  -88.028  -13.975 0.0000000000
1005  -19.095  -88.330  -14.371 0.0000000000
1486  -18.010  -85.862  -10.474 0.0000000000
1485  -17.338  -86.271  -9.737 0.0000000000
1493  -17.730  -86.613  -10.886 0.0000000000
1227  -17.995  -86.832  -12.026 0.0000000000
144300  -17.841  -87.226  -13.045 0.0000000000
1245  -17.300  -87.765  -13.577 0.0000000000
1018  -17.950  -88.758  -15.341 0.0000000000
757  -16.839  -89.071  -16.014 0.0000000000
756  -15.699  -89.038  -15.473 0.0000000000
765  -14.399  -89.678  -16.353 0.0000000000
155919  -13.963  -89.615  -15.419 0.0000000000
152447  -13.534  -89.717  -16.149 0.0000000000
520  -12.772  -89.708  -15.901 0.0000000000
763  -11.420  -89.473  -15.910 0.0000000000
762  -10.605  -89.307  -16.503 0.0000000000
1010  -10.416  -88.556  -15.078 0.0000000000
991  -9.908  -87.811  -13.403 0.0000000000
1232  -9.588  -87.040  -13.206 0.0000000000
981  -10.689  -88.191  -11.868 0.0000000000
149285  -9.754  -85.903  -12.288 0.0000000000
2193  -10.025  -84.775  -11.022 0.0000000000
2562  -10.286  -83.713  -10.211 0.0000000000
156869  -10.620  -82.710  -9.488 0.0000000000
2165  -12.652  -84.568  -9.545 0.0000000000
2548  -12.607  -83.349  -9.575 0.0000000000
2946  -12.062  -82.832  -9.464 0.0000000000
3384  -12.170  -81.228  -8.553 0.0000000000
3811  -11.749  -80.657  -7.954 0.0000000000
3804  -12.148  -79.780  -7.751 0.0000000000
4692  -11.485  -78.276  -7.386 0.0000000000
42904  -16.598  -37.205  -7.233 0.0000000000
43945  -17.137  -37.009  -7.758 0.0000000000
36664  -24.006  -43.590  5.868 0.0000000000
36665  -24.334  -44.340  5.948 0.0000000000
35641  -24.434  -45.108  5.652 0.0000000000
32627  -23.214  -47.547  3.879 0.0000000000
161732  -23.738  -47.665  5.899 0.0000000000
32590  -23.869  -47.266  6.001 0.0000000000
140835  -22.725  -47.954  4.382 0.0000000000
152594  -20.062  -50.123  2.870 0.0000000000
31563  -19.029  -48.139  5.536 0.0000000000
32586  -17.810  -47.164  5.370 0.0000000000
138587  -19.439  -47.501  5.267 0.0000000000
143599  -20.160  -47.682  5.265 0.0000000000
32626  -19.299  -47.262  4.839 0.0000000000
31600  -18.903  -47.480  4.178 0.0000000000
31613  -17.562  -48.075  2.681 0.0000000000
30603  -17.954  -49.046  2.474 0.0000000000
140172  -17.435  -49.703  1.925 0.0000000000
30575  -12.166  -49.516  3.810 0.0000000000
31583  -11.087  -48.203  4.175 0.0000000000
32604  -10.354  -46.660  4.614 0.0000000000
28584  -3.238  -51.582  4.808 0.0000000000
28585  -4.124  -51.459  4.773 0.0000000000
28586  -5.055  -51.407  4.709 0.0000000000
29614  -3.637  -50.418  3.697 0.0000000000
29596  -5.306  -50.842  4.130 0.0000000000
30572  -9.495  -49.153  4.584 0.0000000000
30589  -7.441  -48.798  3.686 0.0000000000
31579  -8.191  -48.363  4.053 0.0000000000
152586  -9.281  -48.173  4.507 0.0000000000
32602  -8.956  -47.191  4.450 0.0000000000
33631  -9.530  -46.685  4.580 0.0000000000
33649  -9.798  -46.003  4.386 0.0000000000
163525  -7.856  -45.690  2.046 0.0000000000
33707  -7.183  -45.804  0.084 0.0000000000
33689  -5.923  -46.087  0.427 0.0000000000
33706  -6.386  -46.025  -0.140 0.0000000000
33722  -6.945  -46.183  -0.577 0.0000000000
8364  0.242  -72.271  10.337 0.0000000000
15645  -1.514  -64.563  6.329 0.0000000000
13594  -0.519  -66.303  6.662 0.0000000000
14591  -1.238  -65.442  6.505 0.0000000000
14604  -2.099  -64.989  6.249 0.0000000000
14593  -3.378  -65.852  6.359 0.0000000000
13598  -4.678  -66.791  6.241 0.0000000000
13599  -5.192  -67.043  5.766 0.0000000000
10126  -0.192  -70.379  5.372 0.0000000000
10127  -1.131  -70.355  5.235 0.0000000000
10107  -3.316  -70.059  6.359 0.0000000000
9270  -2.017  -71.671  4.577 0.0000000000
10129  -3.772  -70.785  5.965 0.0000000000
145454  -3.999  -69.555  6.740 0.0000000000
10981  -4.726  -69.453  6.495 0.0000000000
11005  -5.545  -69.453  5.578 0.0000000000
11019  -5.584  -69.116  4.952 0.0000000000
11018  -5.519  -69.575  4.434 0.0000000000
10147  -5.179  -70.379  3.269 0.0000000000
10161  -5.238  -71.117  2.861 0.0000000000
143627  -5.550  -73.198  2.842 0.0000000000
8444  -5.378  -72.537  2.588 0.0000000000
8456  -4.646  -72.384  1.750 0.0000000000
8476  -4.067  -72.994  0.992 0.0000000000
6962  -3.485  -74.539  -0.085 0.0000000000
5018  -1.456  -78.107  7.824 0.0000000000
4521  -0.588  -78.456  6.483 0.0000000000
5049  -2.643  -78.028  6.008 0.0000000000
4536  -1.047  -78.682  5.570 0.0000000000
5048  -0.126  -77.951  4.854 0.0000000000
5066  -0.359  -77.818  3.866 0.0000000000
5082  -0.501  -77.713  2.841 0.0000000000
5112  -1.123  -77.117  1.559 0.0000000000
4113  -5.283  -79.950  3.610 0.0000000000
4112  -4.473  -80.100  3.388 0.0000000000
4111  -3.077  -79.947  3.277 0.0000000000
3698  -3.290  -81.221  2.308 0.0000000000
157907  -2.601  -80.538  1.604 0.0000000000
4125  -1.821  -79.724  2.050 0.0000000000
4130  -1.679  -78.986  1.396 0.0000000000
5113  -1.591  -77.636  1.138 0.0000000000
5678  -1.570  -76.688  1.472 0.0000000000
5667  -3.619  -77.293  1.935 0.0000000000
5102  -4.650  -77.541  1.738 0.0000000000
5687  -5.430  -77.191  0.981 0.0000000000
4137  -5.321  -79.646  0.605 0.0000000000
5129  -5.453  -78.348  0.117 0.0000000000
5686  -5.188  -76.625  0.454 0.0000000000
5695  -4.665  -77.044  -0.437 0.0000000000
373  -3.183  -90.297  11.035 0.0000000000
3074  -6.068  -82.348  19.407 0.0000000000
2295  -5.826  -83.064  18.302 0.0000000000
2296  -6.538  -83.360  18.652 0.0000000000
2288  -7.683  -83.491  20.302 0.0000000000
2307  -7.637  -83.566  17.974 0.0000000000
2316  -9.014  -83.737  16.736 0.0000000000
1935  -9.657  -84.437  16.628 0.0000000000
1592  -9.595  -85.514  16.435 0.0000000000
1579  -10.267  -85.117  19.061 0.0000000000
1586  -9.386  -86.204  17.946 0.0000000000
1276  -8.894  -86.522  16.212 0.0000000000
1282  -8.354  -87.186  15.610 0.0000000000
539  -7.713  -89.473  14.814 0.0000000000
538  -9.130  -89.459  15.114 0.0000000000
361  -7.967  -90.024  14.469 0.0000000000
364  -7.853  -90.283  13.741 0.0000000000
188  -8.895  -90.967  12.459 0.0000000000
139264  -8.914  -91.430  11.111 0.0000000000
213  -9.715  -91.608  9.879 0.0000000000
1595  -17.709  -85.064  16.326 0.0000000000
1593  -16.106  -85.235  16.394 0.0000000000
1599  -15.647  -85.337  15.896 0.0000000000
1948  -15.558  -84.709  14.413 0.0000000000
1608  -15.528  -85.091  15.235 0.0000000000
1598  -15.030  -85.654  15.716 0.0000000000
159689  -14.177  -86.799  15.181 0.0000000000
1982  -12.893  -83.965  10.542 0.0000000000
1972  -12.787  -84.472  11.297 0.0000000000
1638  -12.445  -85.387  11.461 0.0000000000
1067  -12.538  -87.001  9.933 0.0000000000
162545  -11.285  -88.723  13.343 0.0000000000
549  -11.321  -89.631  12.869 0.0000000000
371  -11.352  -90.186  12.591 0.0000000000
380  -13.131  -89.968  11.157 0.0000000000
382  -12.176  -90.572  11.328 0.0000000000
199  -11.363  -90.729  11.614 0.0000000000
208  -11.330  -91.017  10.714 0.0000000000
214  -10.529  -91.456  9.608 0.0000000000
219  -9.865  -91.777  8.899 0.0000000000
64  -10.454  -91.852  8.124 0.0000000000
72  -10.608  -92.030  7.147 0.0000000000
145487  -12.796  -91.347  6.855 0.0000000000
160962  -12.277  -91.536  5.850 0.0000000000
402  -16.225  -90.109  6.625 0.0000000000
602  -15.841  -89.982  5.722 0.0000000000
612  -15.221  -89.653  4.955 0.0000000000
849  -16.899  -88.060  4.474 0.0000000000
848  -15.282  -88.432  4.243 0.0000000000
2092  -18.092  -84.564  -1.541 0.0000000000
1749  -18.921  -84.515  -2.120 0.0000000000
156096  -19.608  -85.317  -2.129 0.0000000000
143220  -20.477  -88.384  1.807 0.0000000000
890  -20.357  -88.386  0.333 0.0000000000
899  -20.240  -88.192  -0.322 0.0000000000
142476  -21.674  -87.903  0.069 0.0000000000
900  -21.049  -88.185  -0.541 0.0000000000
1140  -20.449  -87.873  -1.573 0.0000000000
1148  -20.688  -87.738  -2.229 0.0000000000
1409  -20.613  -87.084  -2.616 0.0000000000
1758  -20.686  -85.321  -3.377 0.0000000000
1767  -21.421  -86.013  -4.013 0.0000000000
1430  -22.259  -86.863  -4.731 0.0000000000
1171  -22.818  -87.079  -4.838 0.0000000000
1149  -23.539  -87.459  -3.053 0.0000000000
1160  -23.732  -87.362  -3.881 0.0000000000
1729  -22.375  -85.506  1.333 0.0000000000
36683  -23.718  -43.704  4.907 0.0000000000
36689  -23.450  -44.043  3.929 0.0000000000
34680  -23.544  -45.620  3.404 0.0000000000
35668  -23.354  -44.863  3.220 0.0000000000
33699  -21.624  -46.740  1.089 0.0000000000
31615  -22.638  -48.660  2.481 0.0000000000
32649  -22.406  -48.211  1.342 0.0000000000
38920  -8.335  -39.793  -5.262 0.0000000000
37903  -6.809  -40.940  -5.456 0.0000000000
146953  -7.689  -41.502  -6.239 0.0000000000
140828  -8.719  -41.308  -6.948 0.0000000000
37920  -9.267  -42.367  -7.259 0.0000000000
36819  -9.931  -43.179  -7.353 0.0000000000
35815  -10.364  -44.031  -7.664 0.0000000000
157584  -3.125  -49.387  -5.078 0.0000000000
31715  -3.255  -47.971  -5.392 0.0000000000
31734  -3.610  -48.674  -6.566 0.0000000000
31716  -3.926  -47.824  -6.362 0.0000000000
32741  -4.294  -47.009  -6.217 0.0000000000
158515  -4.985  -46.950  -6.844 0.0000000000
33807  -6.560  -46.275  -6.784 0.0000000000
28727  -6.325  -51.382  -5.553 0.0000000000
30714  -6.345  -49.796  -5.911 0.0000000000
29739  -7.552  -50.651  -4.930 0.0000000000
30715  -7.185  -49.704  -5.521 0.0000000000
31717  -6.776  -48.861  -6.228 0.0000000000
31737  -7.138  -47.897  -6.519 0.0000000000
33788  -8.000  -45.513  -5.890 0.0000000000
34797  -8.614  -44.963  -5.692 0.0000000000
34798  -9.575  -45.165  -5.689 0.0000000000
33790  -10.155  -45.980  -5.669 0.0000000000
35783  -9.924  -44.566  -6.120 0.0000000000
149020  -10.262  -44.685  -7.294 0.0000000000
35816  -10.867  -44.083  -8.205 0.0000000000
147591  -11.165  -44.904  -8.490 0.0000000000
142825  -12.020  -46.078  -8.652 0.0000000000
8685  -3.729  -73.109  -18.739 0.0000000000
18867  -7.530  -61.194  -16.940 0.0000000000
21761  -4.076  -57.902  -13.624 0.0000000000
22776  -4.477  -57.010  -12.247 0.0000000000
21729  -4.856  -57.295  -11.315 0.0000000000
135028  -6.873  -57.803  -12.251 0.0000000000
21730  -5.991  -57.613  -11.329 0.0000000000
21715  -5.379  -57.865  -10.511 0.0000000000
20706  -6.187  -59.266  -9.448 0.0000000000
19731  -6.981  -59.811  -9.228 0.0000000000
19712  -7.564  -60.628  -8.792 0.0000000000
8641  -14.430  -71.800  -15.937 0.0000000000
9543  -14.868  -71.548  -17.298 0.0000000000
145209  -14.542  -71.037  -17.858 0.0000000000
9559  -14.143  -70.971  -18.831 0.0000000000
10458  -13.050  -70.591  -19.756 0.0000000000
11296  -12.502  -69.099  -21.027 0.0000000000
10483  -14.392  -70.167  -21.693 0.0000000000
145987  -13.527  -69.903  -21.726 0.0000000000
12152  -13.098  -68.579  -21.024 0.0000000000
13064  -13.565  -67.972  -20.463 0.0000000000
13051  -13.986  -67.540  -19.680 0.0000000000
13990  -14.163  -67.017  -17.837 0.0000000000
12157  -18.142  -68.360  -20.481 0.0000000000
12123  -17.903  -68.617  -18.201 0.0000000000
13056  -18.227  -67.647  -20.117 0.0000000000
13068  -17.925  -67.594  -20.456 0.0000000000
13053  -16.791  -66.801  -20.219 0.0000000000
14005  -15.565  -66.486  -19.534 0.0000000000
13991  -14.266  -66.566  -17.885 0.0000000000
15038  -14.257  -65.652  -18.314 0.0000000000
16041  -13.518  -64.987  -17.850 0.0000000000
16057  -12.823  -64.009  -18.141 0.0000000000
158398  -14.800  -62.898  -18.811 0.0000000000
17955  -14.124  -62.476  -18.749 0.0000000000
158136  -12.576  -62.658  -18.460 0.0000000000
18884  -11.970  -61.383  -17.750 0.0000000000
19875  -12.407  -60.786  -17.437 0.0000000000
19847  -12.220  -60.286  -16.005 0.0000000000
15990  -16.313  -65.007  -14.254 0.0000000000
15989  -15.793  -64.341  -14.676 0.0000000000
17903  -15.014  -63.102  -14.528 0.0000000000
18832  -15.117  -62.220  -13.026 0.0000000000
17902  -14.507  -62.509  -14.314 0.0000000000
159299  -14.392  -62.507  -15.220 0.0000000000
18842  -13.388  -61.496  -14.880 0.0000000000
19828  -12.164  -60.397  -14.957 0.0000000000
19827  -11.337  -59.770  -15.023 0.0000000000
19810  -10.635  -60.227  -13.350 0.0000000000
19792  -9.897  -60.452  -12.564 0.0000000000
19771  -9.577  -60.807  -11.553 0.0000000000
137265  -11.152  -60.938  -10.945 0.0000000000
19752  -10.489  -60.810  -10.297 0.0000000000
19750  -9.002  -60.436  -10.104 0.0000000000
145511  -9.023  -60.568  -9.455 0.0000000000
19713  -8.515  -60.683  -8.954 0.0000000000
18748  -8.140  -61.520  -8.408 0.0000000000
18729  -9.660  -62.438  -7.781 0.0000000000
17777  -9.995  -63.007  -6.271 0.0000000000
17773  -11.030  -62.144  -5.700 0.0000000000
19684  -12.618  -61.203  -5.812 0.0000000000
19674  -12.067  -60.934  -5.510 0.0000000000
152631  -10.651  -60.868  -5.490 0.0000000000
20644  -10.743  -59.907  -5.563 0.0000000000
21651  -11.006  -58.444  -6.473 0.0000000000
22712  -11.095  -57.398  -7.339 0.0000000000
21679  -16.582  -58.214  -7.819 0.0000000000
22717  -16.131  -57.797  -7.690 0.0000000000
22716  -15.299  -57.741  -7.499 0.0000000000
23678  -15.260  -56.625  -9.785 0.0000000000
22749  -14.986  -56.797  -8.952 0.0000000000
22735  -13.608  -57.110  -8.055 0.0000000000
22734  -12.551  -57.135  -7.898 0.0000000000
22713  -11.900  -57.556  -7.346 0.0000000000
22732  -10.752  -56.760  -7.803 0.0000000000
23659  -11.123  -56.436  -8.608 0.0000000000
23689  -10.147  -55.865  -10.368 0.0000000000
159688  -9.930  -56.266  -11.355 0.0000000000
24654  -9.266  -55.778  -12.110 0.0000000000
26827  -9.542  -54.027  -11.862 0.0000000000
27892  -10.723  -52.776  -11.784 0.0000000000
28836  -11.518  -51.778  -11.327 0.0000000000
39  -12.922  -92.968  -13.567 0.0000000000
41  -14.396  -92.822  -14.087 0.0000000000
45  -13.438  -92.890  -14.313 0.0000000000
50  -6.033  -91.883  10.431 0.0000000000
52  -7.923  -91.819  10.324 0.0000000000
53  -3.916  -91.933  9.502 0.0000000000
61  -4.581  -92.301  9.035 0.0000000000
70  -9.082  -92.511  7.283 0.0000000000
71  -9.776  -92.366  6.860 0.0000000000
142  -17.310  -91.426  -9.745 0.0000000000
152  -15.649  -92.213  -11.843 0.0000000000
153  -16.451  -91.932  -11.385 0.0000000000
156  -14.007  -92.725  -12.310 0.0000000000
158  -15.639  -92.424  -12.560 0.0000000000
160  -17.047  -91.996  -12.007 0.0000000000
170  -13.973  -92.681  -15.103 0.0000000000
171  -15.661  -92.273  -14.894 0.0000000000
178  -14.437  -92.157  -15.929 0.0000000000
180  -16.154  -91.783  -15.675 0.0000000000
181  -11.406  -91.663  -16.578 0.0000000000
184  -13.992  -91.712  -16.771 0.0000000000
191  -3.429  -90.768  10.719 0.0000000000
192  -4.031  -91.013  10.825 0.0000000000
197  -9.531  -91.175  11.717 0.0000000000
198  -10.515  -91.048  11.306 0.0000000000
201  -3.729  -91.229  10.421 0.0000000000
203  -6.357  -91.612  10.958 0.0000000000
204  -7.243  -91.671  10.883 0.0000000000
207  -10.435  -91.317  10.374 0.0000000000
224  -14.124  -90.668  8.039 0.0000000000
231  -12.080  -91.598  6.428 0.0000000000
232  -12.893  -91.381  6.064 0.0000000000
233  -13.765  -91.099  5.994 0.0000000000
234  -14.268  -90.893  6.625 0.0000000000
319  -17.706  -91.532  -10.462 0.0000000000
320  -18.354  -91.320  -10.562 0.0000000000
321  -18.911  -91.086  -10.785 0.0000000000
328  -17.905  -91.743  -12.830 0.0000000000
334  -18.474  -91.320  -13.377 0.0000000000
345  -16.664  -91.221  -16.170 0.0000000000
346  -17.424  -91.055  -15.710 0.0000000000
351  -12.705  -91.267  -17.103 0.0000000000
352  -13.524  -91.253  -17.141 0.0000000000
355  -17.058  -90.755  -16.384 0.0000000000
357  -12.281  -90.786  -17.215 0.0000000000
359  -13.801  -90.726  -17.223 0.0000000000
363  -7.554  -90.177  13.334 0.0000000000
365  -8.701  -90.380  13.838 0.0000000000
366  -9.888  -90.326  13.696 0.0000000000
368  -8.333  -90.633  13.112 0.0000000000
378  -11.874  -90.341  11.985 0.0000000000
379  -12.540  -90.129  11.594 0.0000000000
381  -3.207  -90.651  10.331 0.0000000000
383  -12.964  -90.328  11.045 0.0000000000
384  -13.629  -90.033  10.631 0.0000000000
389  -15.129  -89.646  9.222 0.0000000000
394  -15.597  -89.927  8.848 0.0000000000
401  -15.563  -90.336  7.081 0.0000000000
405  -14.517  -90.731  5.998 0.0000000000
486  -18.200  -90.342  -7.995 0.0000000000
487  -19.082  -90.250  -8.972 0.0000000000
500  -19.470  -90.587  -10.693 0.0000000000
504  -20.278  -89.996  -11.218 0.0000000000
507  -20.329  -90.015  -12.392 0.0000000000
509  -18.982  -90.789  -13.982 0.0000000000
517  -19.262  -90.138  -14.507 0.0000000000
518  -8.121  -89.977  -15.203 0.0000000000
527  -12.936  -89.954  -16.753 0.0000000000
528  -13.942  -90.117  -16.951 0.0000000000
530  -15.768  -90.578  -17.112 0.0000000000
531  -16.963  -90.339  -16.642 0.0000000000
532  -9.209  -89.584  -17.039 0.0000000000
534  -11.659  -90.558  -17.138 0.0000000000
537  -8.150  -89.185  15.704 0.0000000000
540  -8.088  -89.561  15.102 0.0000000000
547  -7.120  -90.424  12.366 0.0000000000
550  -3.199  -89.562  11.677 0.0000000000
555  -12.511  -89.887  11.646 0.0000000000
566  -15.674  -89.291  9.242 0.0000000000
567  -16.400  -89.233  9.085 0.0000000000
575  -16.749  -89.413  8.848 0.0000000000
594  -17.029  -89.848  7.158 0.0000000000
633  -19.910  -88.776  2.117 0.0000000000
643  -18.368  -89.670  1.096 0.0000000000
655  -18.702  -88.957  0.303 0.0000000000
701  -18.759  -89.658  -8.160 0.0000000000
716  -19.662  -89.807  -9.457 0.0000000000
722  -14.615  -89.334  -10.422 0.0000000000
724  -20.547  -89.618  -10.593 0.0000000000
726  -11.872  -89.088  -11.928 0.0000000000
730  -15.207  -89.456  -11.188 0.0000000000
734  -11.472  -89.179  -12.644 0.0000000000
735  -12.290  -89.497  -12.470 0.0000000000
736  -13.081  -89.697  -12.305 0.0000000000
737  -13.903  -89.771  -12.251 0.0000000000
740  -21.452  -88.591  -13.222 0.0000000000
748  -19.774  -89.698  -14.156 0.0000000000
749  -20.293  -89.268  -13.917 0.0000000000
752  -10.816  -89.080  -15.473 0.0000000000
754  -14.046  -89.661  -14.424 0.0000000000
755  -14.686  -89.412  -15.389 0.0000000000
759  -19.332  -89.591  -14.628 0.0000000000
761  -8.462  -89.573  -16.116 0.0000000000
764  -12.113  -89.791  -16.348 0.0000000000
766  -15.288  -89.559  -16.436 0.0000000000
768  -17.192  -89.844  -16.449 0.0000000000
771  -9.261  -89.038  -16.949 0.0000000000
773  -11.325  -89.840  -16.763 0.0000000000
774  -14.855  -89.936  -16.952 0.0000000000
776  -16.419  -90.168  -16.878 0.0000000000
777  -9.695  -89.658  -17.025 0.0000000000
778  -10.562  -89.855  -16.992 0.0000000000
786  -10.780  -88.477  15.384 0.0000000000
788  -7.604  -89.536  14.447 0.0000000000
792  -11.638  -88.105  14.813 0.0000000000
794  -3.742  -88.245  13.876 0.0000000000
798  -3.632  -88.762  13.198 0.0000000000
799  -3.986  -88.792  13.177 0.0000000000
803  -11.389  -88.839  12.717 0.0000000000
811  -13.339  -89.318  10.519 0.0000000000
821  -14.859  -88.960  9.452 0.0000000000
823  -16.969  -89.027  9.040 0.0000000000
828  -17.476  -88.685  8.885 0.0000000000
830  -18.205  -88.767  8.552 0.0000000000
831  -19.001  -88.652  8.141 0.0000000000
835  -19.372  -88.733  7.531 0.0000000000
838  -21.695  -87.499  6.401 0.0000000000
843  -20.954  -88.044  6.296 0.0000000000
860  -16.073  -87.873  3.931 0.0000000000
862  -19.769  -88.471  3.783 0.0000000000
863  -20.311  -88.362  4.005 0.0000000000
882  -20.464  -88.509  0.998 0.0000000000
889  -19.569  -88.629  0.403 0.0000000000
896  -17.718  -88.880  -0.424 0.0000000000
908  -20.054  -87.994  -0.765 0.0000000000
909  -20.719  -88.085  -1.247 0.0000000000
910  -21.354  -88.133  -1.618 0.0000000000
921  -21.531  -88.067  -2.466 0.0000000000
927  -22.133  -87.970  -2.844 0.0000000000
959  -19.713  -88.504  -8.857 0.0000000000
960  -20.556  -88.376  -9.336 0.0000000000
961  -21.063  -87.847  -9.347 0.0000000000
970  -21.372  -88.266  -9.689 0.0000000000
974  -12.791  -88.082  -10.063 0.0000000000
979  -22.440  -88.360  -10.965 0.0000000000
982  -11.504  -88.468  -11.469 0.0000000000
986  -22.113  -88.656  -11.888 0.0000000000
992  -10.601  -88.564  -12.794 0.0000000000
994  -15.642  -89.185  -12.897 0.0000000000
996  -16.643  -88.303  -13.051 0.0000000000
997  -22.618  -88.108  -12.687 0.0000000000
999  -7.502  -87.979  -13.802 0.0000000000
1000  -9.723  -87.562  -14.379 0.0000000000
1001  -10.334  -88.417  -14.078 0.0000000000
1004  -17.887  -88.136  -14.563 0.0000000000
1007  -21.399  -88.248  -13.489 0.0000000000
1011  -17.275  -88.742  -15.527 0.0000000000
1012  -18.730  -88.898  -15.001 0.0000000000
1015  -8.922  -87.760  -16.342 0.0000000000
1016  -9.348  -87.817  -16.179 0.0000000000
1019  -8.921  -88.450  -16.684 0.0000000000
1021  -8.181  -87.533  17.206 0.0000000000
1025  -11.872  -87.121  17.338 0.0000000000
1026  -8.126  -87.822  17.173 0.0000000000
1033  -4.000  -86.934  15.232 0.0000000000
1034  -8.444  -87.670  14.596 0.0000000000
1038  -3.601  -87.412  14.497 0.0000000000
1041  -8.510  -87.917  13.380 0.0000000000
1053  -7.261  -87.974  11.791 0.0000000000
1054  -7.905  -87.358  11.840 0.0000000000
1076  -16.995  -88.064  8.618 0.0000000000
1084  -19.313  -88.040  8.098 0.0000000000
1089  -20.001  -87.884  7.669 0.0000000000
1094  -22.919  -87.018  6.271 0.0000000000
1095  -23.408  -86.812  5.769 0.0000000000
1100  -23.689  -87.245  4.844 0.0000000000
1105  -23.955  -87.276  3.803 0.0000000000
1106  -24.577  -86.921  3.411 0.0000000000
1111  -24.786  -87.018  2.430 0.0000000000
1121  -23.378  -87.474  0.947 0.0000000000
1141  -22.570  -87.803  -1.513 0.0000000000
1158  -22.252  -87.695  -3.597 0.0000000000
1159  -22.989  -87.545  -3.801 0.0000000000
1168  -17.077  -87.602  -4.413 0.0000000000
1169  -21.781  -87.255  -3.916 0.0000000000
1170  -22.173  -87.177  -4.413 0.0000000000
1172  -23.349  -87.288  -4.448 0.0000000000
1178  -17.598  -87.669  -4.957 0.0000000000
1210  -23.292  -87.356  -10.065 0.0000000000
1215  -11.476  -87.176  -10.275 0.0000000000
1216  -12.280  -87.336  -9.910 0.0000000000
1217  -17.093  -87.182  -10.094 0.0000000000
1219  -23.834  -87.441  -10.890 0.0000000000
1222  -9.714  -86.919  -12.252 0.0000000000
1223  -10.258  -87.431  -11.566 0.0000000000
1226  -17.388  -87.306  -11.311 0.0000000000
1228  -23.773  -87.578  -11.769 0.0000000000
1234  -16.982  -87.886  -11.658 0.0000000000
1236  -18.744  -86.841  -12.877 0.0000000000
1237  -19.718  -87.281  -13.380 0.0000000000
1239  -23.181  -87.516  -12.907 0.0000000000
1241  -24.504  -86.843  -12.554 0.0000000000
1242  -7.227  -86.411  -13.445 0.0000000000
1249  -21.938  -87.787  -13.299 0.0000000000
1251  -23.051  -87.311  -13.135 0.0000000000
1252  -8.036  -86.701  -15.165 0.0000000000
1255  -8.376  -87.361  -15.704 0.0000000000
1278  -14.522  -86.379  15.710 0.0000000000
1281  -4.720  -86.042  15.299 0.0000000000
1286  -4.519  -86.749  15.121 0.0000000000
1290  -9.432  -86.299  13.296 0.0000000000
1314  -12.911  -86.847  9.163 0.0000000000
1318  -12.771  -86.098  8.879 0.0000000000
1332  -15.583  -86.539  6.239 0.0000000000
1337  -22.546  -86.966  6.458 0.0000000000
1345  -20.384  -86.641  6.464 0.0000000000
1355  -16.743  -86.232  4.933 0.0000000000
1358  -23.862  -86.644  5.119 0.0000000000
1366  -24.110  -86.597  4.273 0.0000000000
1382  -24.743  -86.673  2.132 0.0000000000
1401  -18.423  -86.126  -0.824 0.0000000000
1402  -20.141  -87.303  -1.749 0.0000000000
1419  -20.978  -86.441  -3.315 0.0000000000
1428  -21.500  -86.823  -3.830 0.0000000000
1429  -21.886  -86.754  -4.401 0.0000000000
1440  -22.012  -86.343  -4.758 0.0000000000
1441  -22.515  -86.469  -5.055 0.0000000000
1464  -21.581  -86.607  -8.949 0.0000000000
1475  -22.819  -86.943  -9.548 0.0000000000
1481  -11.878  -86.640  -9.742 0.0000000000
1487  -24.866  -86.676  -10.567 0.0000000000
1488  -25.616  -86.441  -10.944 0.0000000000
1489  -26.591  -85.786  -12.029 0.0000000000
1494  -18.393  -86.223  -11.422 0.0000000000
1497  -25.774  -86.336  -11.900 0.0000000000
1506  -22.244  -86.592  -12.807 0.0000000000
1509  -24.841  -86.432  -12.740 0.0000000000
1510  -25.469  -86.263  -12.508 0.0000000000
1513  -7.621  -85.970  -14.056 0.0000000000
1515  -9.006  -86.284  -14.177 0.0000000000
1519  -22.496  -87.302  -13.141 0.0000000000
1521  -8.473  -86.449  -14.813 0.0000000000
1590  -16.679  -84.959  17.439 0.0000000000
1591  -17.300  -84.894  16.957 0.0000000000
1597  -9.722  -85.523  15.297 0.0000000000
1607  -14.614  -85.803  15.150 0.0000000000
1620  -18.013  -85.772  13.615 0.0000000000
1626  -7.889  -85.530  12.228 0.0000000000
1627  -8.508  -85.834  12.216 0.0000000000
1634  -19.380  -85.520  12.818 0.0000000000
1639  -18.527  -85.579  11.936 0.0000000000
1640  -19.137  -85.477  12.073 0.0000000000
1649  -12.664  -85.227  9.115 0.0000000000
1658  -13.305  -85.348  7.797 0.0000000000
1659  -14.253  -86.165  6.897 0.0000000000
1673  -15.348  -85.265  4.958 0.0000000000
1676  -21.761  -85.983  5.894 0.0000000000
1677  -22.475  -85.869  5.676 0.0000000000
1678  -23.281  -86.302  5.552 0.0000000000
1687  -17.089  -85.534  4.228 0.0000000000
1690  -22.215  -85.311  4.839 0.0000000000
1700  -22.808  -85.592  4.309 0.0000000000
1702  -24.304  -86.568  3.396 0.0000000000
1721  -24.599  -86.227  1.624 0.0000000000
1737  -17.539  -85.686  -0.671 0.0000000000
1750  -20.322  -85.826  -2.628 0.0000000000
1780  -18.122  -84.890  -5.777 0.0000000000
1782  -22.898  -85.696  -5.326 0.0000000000
1793  -18.246  -85.194  -6.680 0.0000000000
1800  -19.797  -85.098  -7.906 0.0000000000
1807  -23.292  -85.392  -9.148 0.0000000000
1829  -18.269  -85.157  -10.084 0.0000000000
1833  -26.952  -85.646  -11.040 0.0000000000
1835  -6.744  -84.967  -11.813 0.0000000000
1837  -10.045  -85.687  -11.287 0.0000000000
1846  -7.259  -84.846  -13.114 0.0000000000
1847  -9.124  -85.083  -13.140 0.0000000000
1851  -22.729  -85.953  -12.486 0.0000000000
1855  -26.346  -85.533  -12.537 0.0000000000
1857  -7.221  -85.363  -13.219 0.0000000000
1858  -7.568  -85.279  -13.693 0.0000000000
1859  -8.227  -85.073  -13.658 0.0000000000
1936  -17.914  -84.656  17.076 0.0000000000
1943  -3.918  -84.844  14.906 0.0000000000
1944  -4.186  -84.880  15.069 0.0000000000
1945  -4.665  -84.926  14.942 0.0000000000
1947  -14.954  -85.024  14.689 0.0000000000
1958  -15.543  -84.474  13.629 0.0000000000
1960  -19.653  -85.315  13.491 0.0000000000
1961  -19.968  -84.724  13.337 0.0000000000
1966  -12.790  -84.840  12.224 0.0000000000
1967  -13.533  -84.483  12.785 0.0000000000
1976  -17.825  -85.348  11.720 0.0000000000
1977  -18.879  -85.200  11.388 0.0000000000
1979  -19.642  -85.075  12.205 0.0000000000
1981  -12.628  -84.614  10.492 0.0000000000
1984  -16.564  -83.569  10.535 0.0000000000
1991  -12.688  -84.447  9.831 0.0000000000
2010  -13.874  -84.336  6.790 0.0000000000
2030  -19.472  -84.619  4.264 0.0000000000
2036  -17.230  -83.951  3.622 0.0000000000
2090  -16.601  -84.281  -1.810 0.0000000000
2091  -17.387  -84.144  -1.780 0.0000000000
2100  -16.533  -84.210  -2.704 0.0000000000
2119  -17.946  -83.981  -4.586 0.0000000000
2120  -18.560  -83.762  -4.819 0.0000000000
2150  -20.324  -84.490  -7.900 0.0000000000
2153  -7.221  -84.504  -8.058 0.0000000000
2155  -22.641  -84.694  -8.738 0.0000000000
2158  -25.240  -84.175  -9.190 0.0000000000
2163  -7.146  -84.409  -9.148 0.0000000000
2164  -11.937  -84.884  -9.457 0.0000000000
2172  -24.146  -85.209  -9.352 0.0000000000
2180  -10.315  -84.267  -10.406 0.0000000000
2189  -6.832  -84.260  -11.840 0.0000000000
2192  -9.446  -84.207  -11.785 0.0000000000
2202  -6.963  -84.519  -12.483 0.0000000000
2203  -7.327  -84.302  -12.892 0.0000000000
2209  -25.119  -85.385  -12.724 0.0000000000
2272  -12.139  -83.616  21.959 0.0000000000
2275  -6.869  -82.879  21.072 0.0000000000
2286  -6.423  -82.884  20.248 0.0000000000
2306  -6.271  -83.312  17.651 0.0000000000
2321  -9.086  -83.763  14.907 0.0000000000
2334  -2.707  -82.689  12.350 0.0000000000
2342  -14.442  -83.522  10.915 0.0000000000
2347  -2.561  -83.051  10.903 0.0000000000
2349  -3.996  -83.636  11.774 0.0000000000
2351  -13.597  -83.546  10.419 0.0000000000
2353  -17.470  -83.935  10.445 0.0000000000
2354  -18.312  -84.289  10.444 0.0000000000
2357  -2.412  -82.757  9.381 0.0000000000
2363  -13.432  -83.535  9.144 0.0000000000
2384  -2.446  -83.095  7.995 0.0000000000
2385  -2.871  -83.518  7.666 0.0000000000
2414  -2.827  -83.516  3.574 0.0000000000
2422  -3.072  -83.546  2.785 0.0000000000
2430  -3.301  -83.192  2.133 0.0000000000
2472  -17.672  -83.639  -2.949 0.0000000000
2477  -17.730  -83.649  -3.461 0.0000000000
2487  -19.199  -83.481  -5.020 0.0000000000
2506  -20.297  -82.777  -5.525 0.0000000000
2523  -6.689  -84.110  -7.201 0.0000000000
2525  -20.812  -82.873  -7.560 0.0000000000
2526  -21.489  -83.185  -7.927 0.0000000000
2533  -7.573  -83.817  -8.418 0.0000000000
2540  -25.430  -83.252  -8.808 0.0000000000
2547  -11.773  -83.485  -9.562 0.0000000000
2561  -9.530  -83.405  -10.574 0.0000000000
2569  -7.149  -83.754  -11.754 0.0000000000
2647  -7.472  -81.921  22.471 0.0000000000
2648  -6.967  -82.518  21.635 0.0000000000
2650  -7.730  -82.439  22.507 0.0000000000
2668  -5.898  -82.671  18.792 0.0000000000
2718  -4.366  -82.833  13.157 0.0000000000
2724  -3.065  -82.613  12.773 0.0000000000
2731  -2.791  -82.282  12.267 0.0000000000
2739  -2.328  -82.472  10.845 0.0000000000
2747  -2.149  -82.325  9.200 0.0000000000
2762  -15.126  -81.899  8.711 0.0000000000
2787  -2.985  -82.556  5.188 0.0000000000
2816  -3.300  -82.796  2.335 0.0000000000
2829  -4.479  -83.215  0.908 0.0000000000
2893  -19.910  -82.514  -6.135 0.0000000000
2896  -23.093  -82.288  -5.735 0.0000000000
2898  -25.428  -82.604  -5.220 0.0000000000
2906  -20.352  -82.239  -6.635 0.0000000000
2907  -21.102  -81.864  -6.547 0.0000000000
2930  -8.224  -82.551  -8.274 0.0000000000
2934  -23.059  -82.800  -8.354 0.0000000000
2935  -23.930  -82.618  -8.458 0.0000000000
2938  -26.492  -82.483  -8.185 0.0000000000
2943  -7.911  -83.029  -8.931 0.0000000000
2944  -8.404  -82.648  -9.200 0.0000000000
2945  -9.092  -82.584  -9.360 0.0000000000
2955  -8.512  -82.850  -9.974 0.0000000000
3058  -7.137  -81.783  22.184 0.0000000000
3061  -9.840  -80.459  22.533 0.0000000000
3070  -10.465  -81.753  20.550 0.0000000000
3105  -5.688  -81.007  15.373 0.0000000000
3107  -9.397  -81.161  15.487 0.0000000000
3119  -9.218  -81.119  14.871 0.0000000000
3140  -3.377  -81.975  12.381 0.0000000000
3150  -4.976  -80.933  11.909 0.0000000000
3162  -2.424  -81.431  9.342 0.0000000000
3163  -2.558  -81.447  10.147 0.0000000000
3171  -2.003  -82.117  8.343 0.0000000000
3172  -2.267  -81.560  8.544 0.0000000000
3175  -15.614  -81.353  8.278 0.0000000000
3187  -2.415  -81.671  7.199 0.0000000000
3197  -2.315  -82.169  6.625 0.0000000000
3208  -2.623  -82.226  5.967 0.0000000000
3211  -5.286  -81.503  4.700 0.0000000000
3221  -3.920  -82.260  4.729 0.0000000000
3222  -4.808  -81.982  4.120 0.0000000000
3234  -4.857  -81.433  3.479 0.0000000000
3240  -3.098  -81.228  1.531 0.0000000000
3241  -3.396  -81.848  2.204 0.0000000000
3246  -3.246  -81.309  0.933 0.0000000000
3325  -27.853  -81.739  -4.689 0.0000000000
3338  -23.006  -81.780  -6.177 0.0000000000
3344  -28.197  -81.525  -5.338 0.0000000000
3350  -6.453  -81.564  -6.707 0.0000000000
3352  -20.825  -82.120  -7.180 0.0000000000
3354  -22.916  -81.437  -6.885 0.0000000000
3365  -6.316  -82.439  -6.866 0.0000000000
3366  -7.884  -81.770  -7.028 0.0000000000
3368  -22.213  -81.717  -7.304 0.0000000000
3369  -23.747  -81.524  -7.446 0.0000000000
3370  -24.569  -81.572  -7.620 0.0000000000
3371  -25.271  -81.492  -7.414 0.0000000000
3372  -26.129  -81.455  -7.155 0.0000000000
3373  -27.102  -81.536  -6.799 0.0000000000
3383  -11.207  -81.440  -8.329 0.0000000000
3390  -25.058  -81.846  -8.038 0.0000000000
3396  -9.668  -82.150  -8.777 0.0000000000
3397  -10.657  -82.155  -8.893 0.0000000000
3398  -12.431  -81.943  -9.205 0.0000000000
3532  -8.370  -80.744  22.540 0.0000000000
3535  -7.563  -81.016  22.176 0.0000000000
3548  -9.840  -80.373  17.982 0.0000000000
3554  -10.295  -80.277  16.592 0.0000000000
3565  -6.436  -80.137  14.288 0.0000000000
3566  -7.251  -80.340  14.763 0.0000000000
3568  -9.588  -80.881  14.318 0.0000000000
3569  -10.280  -80.520  14.535 0.0000000000
3578  -6.156  -80.062  13.428 0.0000000000
3580  -9.181  -80.681  13.521 0.0000000000
3607  -6.291  -80.029  11.791 0.0000000000
3610  -9.809  -80.186  11.978 0.0000000000
3622  -5.306  -79.954  9.161 0.0000000000
3629  -5.192  -79.932  8.489 0.0000000000
3639  -3.421  -81.150  7.098 0.0000000000
3659  -5.787  -80.805  4.801 0.0000000000
3674  -5.824  -80.224  4.125 0.0000000000
3684  -2.446  -80.231  2.400 0.0000000000
3686  -4.445  -80.864  3.111 0.0000000000
3705  -2.722  -80.204  0.841 0.0000000000
3707  -4.980  -81.136  0.878 0.0000000000
3708  -5.390  -81.269  0.271 0.0000000000
3800  -8.437  -81.001  -7.093 0.0000000000
3809  -9.848  -81.111  -7.688 0.0000000000
3818  -5.370  -81.350  -10.197 0.0000000000
3984  -10.489  -79.273  15.215 0.0000000000
4004  -10.378  -79.676  12.066 0.0000000000
4019  -10.397  -79.138  11.360 0.0000000000
4034  -10.130  -79.306  10.741 0.0000000000
4040  -6.781  -79.515  9.404 0.0000000000
4047  -7.477  -79.158  8.892 0.0000000000
4065  -6.000  -79.829  6.356 0.0000000000
4076  -6.366  -79.457  5.565 0.0000000000
4097  -6.230  -79.384  4.660 0.0000000000
4110  -2.023  -79.830  2.923 0.0000000000
4124  -1.195  -79.026  2.343 0.0000000000
4142  -5.065  -79.959  -0.659 0.0000000000
4217  -5.742  -80.183  -6.945 0.0000000000
4218  -6.568  -79.610  -6.618 0.0000000000
4219  -7.533  -79.559  -6.555 0.0000000000
4220  -8.384  -79.449  -6.584 0.0000000000
4228  -5.887  -79.324  -6.927 0.0000000000
4229  -9.805  -79.773  -6.908 0.0000000000
4230  -10.738  -79.483  -7.113 0.0000000000
4231  -11.566  -79.156  -7.384 0.0000000000
4263  -3.890  -80.033  -11.851 0.0000000000
4265  -5.202  -79.999  -12.078 0.0000000000
4274  -4.371  -79.538  -12.478 0.0000000000
4275  -4.978  -79.673  -12.490 0.0000000000
4455  -10.309  -78.320  12.155 0.0000000000
4456  -10.559  -78.974  12.092 0.0000000000
4496  -9.525  -78.237  9.289 0.0000000000
4501  0.286  -78.181  9.151 0.0000000000
4503  -1.166  -78.265  8.666 0.0000000000
4504  -7.756  -78.725  8.239 0.0000000000
4506  -9.268  -77.827  8.603 0.0000000000
4511  0.276  -78.125  8.137 0.0000000000
4535  -0.349  -78.404  5.472 0.0000000000
4537  -1.882  -78.593  5.621 0.0000000000
4551  -0.567  -78.504  4.486 0.0000000000
4567  -0.967  -78.988  3.336 0.0000000000
4582  -0.768  -78.402  2.616 0.0000000000
4583  -1.192  -78.143  1.614 0.0000000000
4588  -1.717  -78.312  1.042 0.0000000000
4590  -4.092  -78.783  1.176 0.0000000000
4591  -5.078  -78.787  1.105 0.0000000000
4592  -5.435  -78.630  0.698 0.0000000000
4596  -1.937  -78.182  0.879 0.0000000000
4602  -5.091  -78.903  -0.583 0.0000000000
4690  -5.799  -78.703  -7.324 0.0000000000
4691  -10.801  -78.028  -6.785 0.0000000000
4699  -5.481  -78.697  -8.901 0.0000000000
4705  -5.553  -79.258  -10.318 0.0000000000
4944  -4.977  -76.944  14.330 0.0000000000
4947  -9.336  -77.709  14.324 0.0000000000
4953  -5.318  -76.720  12.827 0.0000000000
4956  -9.648  -77.776  13.469 0.0000000000
4969  0.469  -77.660  11.357 0.0000000000
5007  -8.854  -77.415  7.973 0.0000000000
5017  0.486  -77.946  7.240 0.0000000000
5028  0.520  -77.605  6.527 0.0000000000
5030  -2.512  -77.761  6.729 0.0000000000
5032  -4.398  -76.924  5.780 0.0000000000
5035  -8.164  -76.777  7.212 0.0000000000
5051  -5.186  -77.043  5.063 0.0000000000
5067  -3.830  -78.124  4.770 0.0000000000
5068  -4.822  -77.797  4.525 0.0000000000
5069  -5.735  -77.617  4.566 0.0000000000
5121  -2.608  -78.538  0.906 0.0000000000
5122  -5.458  -77.926  0.680 0.0000000000
5198  -7.076  -77.937  -6.609 0.0000000000
5259  -5.194  -78.536  -12.774 0.0000000000
5275  -2.837  -77.797  -12.950 0.0000000000
5276  -3.651  -78.190  -13.329 0.0000000000
5277  -4.486  -78.326  -13.318 0.0000000000
5294  -4.033  -77.695  -13.811 0.0000000000
5295  -4.539  -77.516  -13.632 0.0000000000
5508  -5.592  -76.845  15.052 0.0000000000
5517  -7.279  -76.624  13.961 0.0000000000
5522  -6.030  -76.559  13.493 0.0000000000
5524  -7.811  -76.714  13.501 0.0000000000
5530  -7.649  -76.601  12.700 0.0000000000
5535  -0.848  -76.311  11.644 0.0000000000
5540  -7.450  -76.509  11.831 0.0000000000
5569  0.960  -76.601  9.409 0.0000000000
5570  -3.569  -77.043  9.071 0.0000000000
5574  -7.787  -76.111  8.680 0.0000000000
5575  -9.069  -76.707  9.053 0.0000000000
5587  0.888  -76.085  8.732 0.0000000000
5588  -3.776  -76.777  8.313 0.0000000000
5590  -6.313  -75.853  8.380 0.0000000000
5600  0.684  -76.090  7.363 0.0000000000
5602  -5.660  -75.828  6.917 0.0000000000
5603  -7.954  -76.445  7.236 0.0000000000
5612  0.555  -76.536  6.626 0.0000000000
5614  -6.237  -76.002  6.057 0.0000000000
5626  0.061  -77.064  5.073 0.0000000000
5628  -6.537  -76.678  5.468 0.0000000000
5647  -0.404  -76.841  3.087 0.0000000000
5664  -0.682  -76.830  2.107 0.0000000000
5665  -1.038  -76.191  1.822 0.0000000000
5666  -2.520  -76.817  1.773 0.0000000000
5668  -4.641  -76.769  2.196 0.0000000000
5679  -5.246  -76.956  1.649 0.0000000000
5696  -5.331  -77.512  0.238 0.0000000000
5765  -7.773  -76.202  -6.624 0.0000000000
5776  -6.793  -76.215  -7.004 0.0000000000
5783  -9.180  -75.601  -8.271 0.0000000000
5794  -5.334  -76.363  -9.398 0.0000000000
5816  -5.128  -76.918  -11.103 0.0000000000
5840  -3.706  -77.108  -14.223 0.0000000000
6162  -1.645  -75.592  11.323 0.0000000000
6189  -6.251  -75.713  7.458 0.0000000000
6191  -7.461  -75.952  7.434 0.0000000000
6203  -6.916  -75.731  7.059 0.0000000000
6214  -0.029  -74.691  5.978 0.0000000000
6216  -6.873  -75.902  6.470 0.0000000000
6236  -4.318  -75.385  3.175 0.0000000000
6258  -4.627  -75.916  2.668 0.0000000000
6259  -5.211  -75.507  2.488 0.0000000000
6295  -4.364  -76.133  -0.248 0.0000000000
6402  -5.112  -75.437  -10.185 0.0000000000
6418  -4.701  -75.637  -11.789 0.0000000000
6432  -2.249  -76.123  -13.125 0.0000000000
6433  -4.633  -76.821  -13.823 0.0000000000
6462  -3.632  -76.091  -15.108 0.0000000000
6475  -3.230  -75.599  -15.570 0.0000000000
6476  -3.878  -75.650  -15.603 0.0000000000
6822  -1.785  -74.895  12.827 0.0000000000
6833  -2.513  -74.432  11.474 0.0000000000
6841  -2.384  -74.912  11.024 0.0000000000
6842  -2.775  -74.193  10.731 0.0000000000
6865  0.214  -74.926  7.764 0.0000000000
6908  -0.789  -73.769  3.158 0.0000000000
6924  -0.680  -74.449  2.838 0.0000000000
6927  -5.340  -74.793  2.533 0.0000000000
6946  -4.967  -74.257  1.365 0.0000000000
6947  -5.347  -74.785  1.890 0.0000000000
7040  -6.823  -74.960  -7.538 0.0000000000
7049  -5.795  -74.531  -8.779 0.0000000000
7052  -8.332  -74.713  -8.248 0.0000000000
7073  -5.164  -74.696  -10.096 0.0000000000
7075  -9.334  -73.537  -10.554 0.0000000000
7088  -9.410  -74.700  -11.613 0.0000000000
7089  -9.716  -73.962  -11.146 0.0000000000
7103  -1.932  -75.199  -13.050 0.0000000000
7119  -4.634  -75.640  -14.477 0.0000000000
7131  -4.509  -75.264  -15.298 0.0000000000
7150  -4.101  -74.964  -16.162 0.0000000000
7164  -3.625  -74.760  -16.665 0.0000000000
7181  -3.727  -74.381  -17.174 0.0000000000
7578  -0.060  -72.855  10.738 0.0000000000
7580  -2.249  -73.490  11.339 0.0000000000
7581  -2.865  -73.382  10.471 0.0000000000
7586  -3.290  -73.151  9.474 0.0000000000
7598  -3.240  -73.392  8.801 0.0000000000
7616  -3.120  -72.887  7.996 0.0000000000
7649  -5.107  -73.235  4.311 0.0000000000
7652  -0.370  -73.123  3.861 0.0000000000
7655  -3.498  -74.182  3.863 0.0000000000
7656  -4.772  -74.015  3.972 0.0000000000
7660  -1.366  -73.794  3.049 0.0000000000
7661  -5.493  -73.930  2.715 0.0000000000
7689  -4.019  -73.861  0.528 0.0000000000
7785  -6.264  -73.972  -8.717 0.0000000000
7793  -6.458  -73.561  -9.211 0.0000000000
7794  -7.324  -73.489  -9.273 0.0000000000
7808  -8.689  -73.244  -10.125 0.0000000000
7819  -4.824  -73.718  -11.554 0.0000000000
7820  -5.335  -73.056  -10.912 0.0000000000
7821  -9.738  -73.238  -11.029 0.0000000000
7822  -10.240  -73.079  -11.474 0.0000000000
7835  -4.716  -73.652  -12.491 0.0000000000
7836  -10.280  -73.629  -11.943 0.0000000000
7837  -10.750  -73.008  -11.964 0.0000000000
7849  -11.257  -73.014  -12.590 0.0000000000
7891  -3.299  -74.387  -16.976 0.0000000000
7914  -3.407  -73.950  -17.596 0.0000000000
7936  -3.722  -73.631  -18.173 0.0000000000
7937  -4.390  -73.629  -18.553 0.0000000000
7938  -5.022  -73.564  -19.010 0.0000000000
8374  -0.620  -71.843  9.758 0.0000000000
8375  -1.807  -72.053  9.781 0.0000000000
8384  -3.009  -72.449  8.141 0.0000000000
8411  -0.147  -71.753  5.302 0.0000000000
8425  -0.058  -71.974  4.787 0.0000000000
8426  -4.208  -72.301  5.005 0.0000000000
8432  -0.146  -72.436  4.464 0.0000000000
8435  -3.660  -72.744  4.629 0.0000000000
8440  -2.036  -72.928  3.811 0.0000000000
8445  -5.626  -72.585  3.396 0.0000000000
8580  -6.229  -72.579  -10.649 0.0000000000
8596  -6.886  -72.111  -10.990 0.0000000000
8597  -7.769  -72.003  -11.031 0.0000000000
8598  -9.238  -72.161  -11.191 0.0000000000
8599  -9.805  -72.615  -11.274 0.0000000000
8611  -5.343  -72.228  -12.295 0.0000000000
8612  -11.086  -72.322  -12.173 0.0000000000
8616  -5.068  -72.178  -13.174 0.0000000000
8617  -11.709  -72.281  -12.737 0.0000000000
8628  -12.958  -72.212  -14.030 0.0000000000
8637  -5.018  -73.437  -15.788 0.0000000000
8654  -6.040  -72.920  -17.871 0.0000000000
8656  -14.818  -72.091  -16.662 0.0000000000
8671  -7.563  -72.594  -18.490 0.0000000000
8690  -9.145  -72.441  -19.568 0.0000000000
8706  -7.515  -73.105  -20.259 0.0000000000
8707  -8.380  -72.969  -19.993 0.0000000000
8719  -7.500  -72.748  -20.666 0.0000000000
9198  0.362  -71.103  9.840 0.0000000000
9199  -0.383  -71.285  9.162 0.0000000000
9201  -2.374  -71.861  9.015 0.0000000000
9212  -2.873  -72.132  8.552 0.0000000000
9223  -2.582  -72.074  7.934 0.0000000000
9239  0.093  -70.944  5.171 0.0000000000
9257  -2.861  -71.275  5.243 0.0000000000
9260  -5.337  -71.391  5.278 0.0000000000
9271  -3.237  -72.022  4.908 0.0000000000
9275  -5.794  -71.847  3.931 0.0000000000
9283  -5.024  -71.753  2.376 0.0000000000
9291  -3.200  -71.389  1.274 0.0000000000
9292  -4.193  -71.590  1.745 0.0000000000
9438  -6.021  -71.796  -11.968 0.0000000000
9439  -6.975  -71.691  -11.700 0.0000000000
9456  -10.550  -71.612  -12.095 0.0000000000
9466  -4.986  -72.429  -14.144 0.0000000000
9468  -6.191  -71.186  -13.373 0.0000000000
9469  -6.907  -70.967  -13.116 0.0000000000
9480  -5.447  -71.717  -14.576 0.0000000000
9481  -6.006  -71.082  -14.213 0.0000000000
9483  -12.918  -71.420  -14.219 0.0000000000
9493  -5.566  -71.859  -15.409 0.0000000000
9497  -13.891  -71.508  -15.412 0.0000000000
9511  -5.694  -72.081  -16.158 0.0000000000
9519  -14.575  -71.487  -16.534 0.0000000000
9536  -6.944  -72.128  -17.552 0.0000000000
9541  -11.455  -70.813  -17.939 0.0000000000
9542  -14.269  -70.907  -16.960 0.0000000000
9555  -3.851  -72.343  -19.309 0.0000000000
9556  -9.369  -72.154  -18.724 0.0000000000
9557  -10.002  -71.874  -18.964 0.0000000000
9568  -3.718  -71.405  -19.294 0.0000000000
9570  -5.344  -71.969  -20.141 0.0000000000
9571  -8.753  -72.285  -20.701 0.0000000000
9572  -9.451  -71.983  -19.986 0.0000000000
9585  -8.165  -72.433  -20.965 0.0000000000
9588  -12.533  -71.653  -21.509 0.0000000000
10070  0.838  -70.593  10.447 0.0000000000
10088  0.178  -70.599  7.540 0.0000000000
10095  0.345  -70.494  6.524 0.0000000000
10108  -4.427  -70.122  6.383 0.0000000000
10109  -5.264  -69.935  6.062 0.0000000000
10128  -2.453  -70.538  5.586 0.0000000000
10148  -5.741  -71.088  3.672 0.0000000000
10159  -3.451  -70.289  2.227 0.0000000000
10345  -8.262  -70.817  -12.800 0.0000000000
10346  -9.091  -70.799  -12.703 0.0000000000
10347  -10.023  -70.902  -12.644 0.0000000000
10358  -8.545  -70.547  -13.536 0.0000000000
10368  -7.489  -70.561  -14.276 0.0000000000
10370  -9.801  -70.350  -14.440 0.0000000000
10373  -12.542  -70.817  -14.490 0.0000000000
10389  -8.552  -70.500  -15.337 0.0000000000
10407  -8.044  -70.803  -16.039 0.0000000000
10409  -9.899  -70.622  -16.236 0.0000000000
10411  -13.004  -70.591  -15.868 0.0000000000
10412  -13.475  -70.614  -17.088 0.0000000000
10424  -12.719  -70.517  -17.609 0.0000000000
10435  -11.129  -70.546  -18.556 0.0000000000
10438  -13.418  -70.412  -18.762 0.0000000000
10450  -4.977  -70.650  -19.886 0.0000000000
10452  -7.609  -70.904  -20.545 0.0000000000
10453  -8.488  -70.720  -20.296 0.0000000000
10454  -9.249  -70.359  -19.824 0.0000000000
10469  -8.381  -71.699  -20.898 0.0000000000
10470  -12.431  -70.765  -21.037 0.0000000000
10481  -12.459  -70.044  -21.421 0.0000000000
10482  -13.337  -70.831  -22.009 0.0000000000
10953  0.824  -68.952  10.108 0.0000000000
10969  0.514  -69.423  6.838 0.0000000000
10977  0.344  -69.428  6.346 0.0000000000
10979  -0.828  -69.104  6.180 0.0000000000
11002  0.034  -69.729  5.875 0.0000000000
11004  -2.087  -69.879  6.039 0.0000000000
11032  -5.702  -70.280  4.094 0.0000000000
11242  -17.939  -69.278  -16.486 0.0000000000
11244  -19.474  -69.727  -16.779 0.0000000000
11256  -18.548  -70.077  -17.502 0.0000000000
11268  -12.180  -69.537  -19.084 0.0000000000
11279  -4.432  -69.617  -19.624 0.0000000000
11280  -5.042  -69.385  -19.963 0.0000000000
11284  -9.675  -69.480  -19.541 0.0000000000
11286  -11.622  -68.559  -19.666 0.0000000000
11288  -18.582  -69.819  -19.527 0.0000000000
11298  -16.604  -68.815  -20.730 0.0000000000
11308  -12.932  -69.516  -21.473 0.0000000000
11309  -14.282  -69.565  -21.457 0.0000000000
11799  0.574  -68.513  8.115 0.0000000000
11815  -1.865  -68.667  6.871 0.0000000000
11816  -2.997  -68.373  7.164 0.0000000000
11818  -5.230  -69.032  6.217 0.0000000000
11833  -5.462  -68.604  5.550 0.0000000000
11851  -5.059  -68.794  4.311 0.0000000000
11865  -1.823  -68.815  3.125 0.0000000000
12084  -18.587  -68.768  -15.467 0.0000000000
12096  -18.320  -69.245  -16.025 0.0000000000
12097  -19.079  -69.277  -16.052 0.0000000000
12109  -7.692  -68.471  -17.546 0.0000000000
12112  -18.135  -69.540  -17.797 0.0000000000
12121  -8.044  -68.952  -18.220 0.0000000000
12124  -18.288  -69.161  -18.897 0.0000000000
12134  -6.462  -68.737  -19.233 0.0000000000
12136  -8.698  -69.012  -19.121 0.0000000000
12137  -9.634  -68.625  -19.312 0.0000000000
12138  -10.515  -67.989  -19.401 0.0000000000
12151  -12.502  -68.211  -20.614 0.0000000000
12154  -15.250  -68.494  -20.410 0.0000000000
12156  -17.845  -68.397  -20.705 0.0000000000
12166  -13.727  -69.166  -21.334 0.0000000000
12167  -14.665  -69.053  -21.035 0.0000000000
12168  -17.350  -68.934  -20.895 0.0000000000
12654  0.425  -67.120  7.520 0.0000000000
12665  -0.783  -67.129  6.704 0.0000000000
12669  -5.214  -68.075  6.101 0.0000000000
12682  -5.362  -67.713  5.405 0.0000000000
12702  -5.382  -68.250  4.906 0.0000000000
12722  -3.136  -67.750  3.869 0.0000000000
12729  0.228  -67.866  3.056 0.0000000000
12961  -17.645  -67.543  -14.657 0.0000000000
12975  -11.884  -67.586  -15.699 0.0000000000
12977  -17.348  -67.952  -15.369 0.0000000000
12990  -9.094  -68.025  -16.509 0.0000000000
12992  -11.652  -67.763  -16.434 0.0000000000
12995  -17.221  -68.112  -16.273 0.0000000000
13011  -9.064  -68.315  -17.119 0.0000000000
13012  -9.857  -68.006  -17.760 0.0000000000
13014  -12.336  -67.004  -18.018 0.0000000000
13015  -13.551  -67.132  -17.895 0.0000000000
13028  -6.954  -67.905  -18.010 0.0000000000
13029  -9.994  -67.862  -18.921 0.0000000000
13031  -12.439  -66.791  -19.030 0.0000000000
13032  -14.163  -67.199  -18.702 0.0000000000
13033  -17.959  -67.494  -18.695 0.0000000000
13034  -18.247  -68.003  -19.399 0.0000000000
13047  -5.929  -67.005  -19.667 0.0000000000
13049  -11.797  -67.063  -19.737 0.0000000000
13050  -12.495  -67.533  -20.226 0.0000000000
13054  -17.424  -66.310  -20.164 0.0000000000
13055  -18.110  -66.997  -20.157 0.0000000000
13063  -12.907  -67.910  -20.591 0.0000000000
13067  -17.157  -67.380  -20.428 0.0000000000
13595  -1.559  -66.350  6.713 0.0000000000
13597  -3.708  -66.675  6.588 0.0000000000
13612  -5.025  -66.149  5.655 0.0000000000
13644  -1.021  -66.763  3.704 0.0000000000
13645  -2.332  -66.566  3.702 0.0000000000
13647  -4.451  -66.251  4.188 0.0000000000
13918  -16.726  -66.485  -14.712 0.0000000000
13920  -17.710  -66.475  -13.885 0.0000000000
13921  -18.727  -66.817  -14.214 0.0000000000
13939  -11.982  -66.936  -15.364 0.0000000000
13941  -16.561  -66.620  -15.600 0.0000000000
13943  -19.332  -67.028  -14.784 0.0000000000
13956  -9.218  -67.357  -16.154 0.0000000000
13958  -13.237  -67.229  -16.253 0.0000000000
13959  -13.786  -67.009  -16.988 0.0000000000
13975  -7.960  -66.681  -16.968 0.0000000000
13976  -16.937  -66.028  -17.404 0.0000000000
13988  -6.324  -66.261  -19.373 0.0000000000
13989  -6.894  -66.850  -18.223 0.0000000000
13993  -18.219  -67.036  -19.705 0.0000000000
14004  -5.739  -66.223  -19.975 0.0000000000
14006  -16.724  -65.972  -19.933 0.0000000000
14015  -17.759  -66.800  -20.312 0.0000000000
14589  0.028  -65.697  7.051 0.0000000000
14592  -2.342  -65.669  6.461 0.0000000000
14594  -4.338  -65.997  6.108 0.0000000000
14621  -5.118  -65.485  5.147 0.0000000000
14649  -0.542  -65.389  3.168 0.0000000000
14956  -17.055  -65.446  -13.717 0.0000000000
14957  -17.730  -65.822  -13.588 0.0000000000
14980  -19.382  -65.939  -14.495 0.0000000000
14994  -12.879  -65.854  -15.702 0.0000000000
14995  -16.325  -65.749  -15.294 0.0000000000
15007  -10.506  -66.088  -15.632 0.0000000000
15009  -16.481  -65.710  -16.500 0.0000000000
15011  -20.780  -66.039  -17.047 0.0000000000
15023  -13.841  -66.166  -17.154 0.0000000000
15052  -5.594  -65.811  -19.874 0.0000000000
15055  -17.098  -65.142  -19.518 0.0000000000
15634  -0.763  -64.803  6.591 0.0000000000
15646  -2.465  -64.314  6.081 0.0000000000
15664  -4.573  -64.148  4.709 0.0000000000
15677  -2.591  -64.084  2.999 0.0000000000
15685  0.311  -64.059  2.652 0.0000000000
15951  -18.780  -63.935  -12.918 0.0000000000
15971  -16.849  -64.629  -13.451 0.0000000000
15973  -18.490  -64.634  -13.095 0.0000000000
15991  -19.460  -64.910  -14.309 0.0000000000
16007  -15.631  -64.236  -15.426 0.0000000000
16009  -19.850  -64.897  -15.190 0.0000000000
16020  -10.473  -64.756  -15.660 0.0000000000
16021  -12.594  -64.776  -16.031 0.0000000000
16024  -20.312  -64.934  -15.989 0.0000000000
16056  -6.658  -64.588  -19.076 0.0000000000
16059  -14.332  -64.025  -19.196 0.0000000000
16060  -16.303  -64.042  -18.782 0.0000000000
16072  -15.072  -64.149  -19.347 0.0000000000
16679  -1.324  -63.334  6.351 0.0000000000
16680  -2.011  -63.193  6.158 0.0000000000
16682  -3.676  -63.387  5.476 0.0000000000
16683  -3.970  -62.967  5.097 0.0000000000
16712  -3.892  -63.014  3.613 0.0000000000
16826  -3.362  -63.491  -5.778 0.0000000000
16827  -4.225  -63.560  -5.716 0.0000000000
16828  -4.850  -63.583  -5.585 0.0000000000
16830  -7.886  -63.444  -5.727 0.0000000000
16844  -5.226  -63.955  -6.082 0.0000000000
16846  -8.134  -63.740  -6.025 0.0000000000
16860  -6.006  -63.800  -6.395 0.0000000000
16863  -8.618  -63.541  -6.525 0.0000000000
16940  -16.997  -63.322  -12.577 0.0000000000
16941  -17.826  -63.493  -12.456 0.0000000000
16942  -18.524  -63.427  -12.581 0.0000000000
16959  -19.307  -63.657  -13.416 0.0000000000
16971  -15.667  -63.740  -14.193 0.0000000000
16972  -16.168  -64.305  -13.938 0.0000000000
16988  -11.079  -63.395  -15.429 0.0000000000
16990  -15.342  -63.747  -15.072 0.0000000000
16998  -9.156  -63.333  -16.736 0.0000000000
16999  -9.869  -63.599  -15.785 0.0000000000
17000  -10.606  -63.820  -15.471 0.0000000000
17004  -15.754  -63.947  -16.868 0.0000000000
17017  -8.655  -63.642  -17.568 0.0000000000
17018  -12.261  -63.313  -17.907 0.0000000000
17019  -15.373  -63.344  -17.128 0.0000000000
17030  -12.964  -63.302  -18.707 0.0000000000
17031  -13.925  -63.237  -19.096 0.0000000000
17032  -14.866  -63.598  -19.218 0.0000000000
17033  -15.559  -63.469  -18.735 0.0000000000
17659  -4.156  -62.915  4.396 0.0000000000
17672  -0.190  -62.612  3.020 0.0000000000
17673  -1.314  -62.619  3.005 0.0000000000
17768  -5.043  -62.956  -5.250 0.0000000000
17769  -6.058  -62.975  -5.308 0.0000000000
17772  -8.616  -62.913  -5.604 0.0000000000
17778  -10.727  -62.570  -5.974 0.0000000000
17786  -6.448  -63.242  -7.183 0.0000000000
17787  -7.396  -63.272  -7.279 0.0000000000
17788  -8.321  -63.259  -7.277 0.0000000000
17789  -9.326  -63.244  -7.046 0.0000000000
17790  -10.723  -62.655  -6.595 0.0000000000
17865  -15.868  -62.374  -12.634 0.0000000000
17866  -16.709  -62.600  -12.322 0.0000000000
17868  -18.933  -62.714  -12.442 0.0000000000
17869  -19.480  -62.342  -12.980 0.0000000000
17885  -15.008  -62.628  -13.720 0.0000000000
17886  -15.554  -62.658  -13.196 0.0000000000
17888  -19.610  -62.407  -13.933 0.0000000000
17915  -11.299  -63.002  -15.711 0.0000000000
17916  -14.878  -63.180  -15.547 0.0000000000
17923  -5.923  -61.685  -17.431 0.0000000000
17924  -6.948  -61.772  -17.534 0.0000000000
17928  -11.155  -62.169  -16.234 0.0000000000
17939  -7.434  -62.597  -17.866 0.0000000000
17940  -8.411  -62.887  -17.460 0.0000000000
17941  -11.528  -61.943  -17.297 0.0000000000
17942  -11.980  -62.340  -17.927 0.0000000000
17945  -14.866  -62.688  -17.298 0.0000000000
17954  -13.356  -62.509  -18.727 0.0000000000
18565  0.258  -61.007  6.839 0.0000000000
18590  -2.575  -61.235  6.112 0.0000000000
18600  -3.491  -61.594  4.656 0.0000000000
18611  -2.642  -61.812  3.265 0.0000000000
18612  -3.249  -61.660  3.759 0.0000000000
18702  -4.613  -61.970  -5.358 0.0000000000
18706  -8.398  -62.107  -5.501 0.0000000000
18708  -10.641  -61.707  -5.542 0.0000000000
18709  -11.912  -61.617  -5.758 0.0000000000
18712  -12.275  -61.690  -6.311 0.0000000000
18713  -12.991  -61.302  -6.489 0.0000000000
18728  -8.734  -62.458  -7.862 0.0000000000
18731  -11.297  -62.270  -7.153 0.0000000000
18732  -12.565  -61.523  -7.218 0.0000000000
18749  -9.084  -61.603  -8.446 0.0000000000
18797  -18.277  -61.481  -11.409 0.0000000000
18814  -15.459  -61.829  -12.330 0.0000000000
18816  -17.426  -62.140  -11.778 0.0000000000
18831  -14.323  -62.069  -13.616 0.0000000000
18843  -13.948  -62.064  -14.563 0.0000000000
18855  -10.173  -60.860  -15.677 0.0000000000
18856  -13.492  -61.353  -16.251 0.0000000000
18857  -13.774  -61.817  -15.439 0.0000000000
18872  -13.027  -60.836  -17.005 0.0000000000
18885  -13.113  -61.256  -17.722 0.0000000000
18897  -12.752  -61.873  -18.349 0.0000000000
19538  -1.303  -60.678  6.447 0.0000000000
19557  -2.318  -60.300  6.153 0.0000000000
19571  -2.766  -60.146  4.566 0.0000000000
19585  -1.378  -60.163  3.356 0.0000000000
19587  -2.686  -61.200  3.545 0.0000000000
19600  0.378  -60.437  2.254 0.0000000000
19601  -0.078  -60.373  3.095 0.0000000000
19667  -2.774  -60.201  -6.003 0.0000000000
19673  -11.342  -61.411  -5.578 0.0000000000
19680  -5.442  -60.178  -5.823 0.0000000000
19685  -13.321  -60.746  -6.044 0.0000000000
19696  -13.677  -60.949  -6.854 0.0000000000
19698  -15.169  -60.132  -7.578 0.0000000000
19715  -10.380  -61.123  -8.943 0.0000000000
19718  -13.926  -60.814  -7.816 0.0000000000
19733  -8.411  -60.162  -9.635 0.0000000000
19735  -10.820  -60.912  -9.556 0.0000000000
19738  -13.869  -60.639  -9.504 0.0000000000
19740  -15.716  -60.261  -9.136 0.0000000000
19741  -16.571  -59.897  -9.277 0.0000000000
19751  -9.607  -60.776  -10.619 0.0000000000
19753  -12.136  -60.810  -10.305 0.0000000000
19755  -14.742  -60.719  -10.713 0.0000000000
19757  -16.582  -60.318  -10.050 0.0000000000
19770  -8.839  -60.559  -11.072 0.0000000000
19773  -11.319  -61.013  -11.915 0.0000000000
19774  -14.448  -61.037  -11.473 0.0000000000
19776  -16.549  -60.839  -10.821 0.0000000000
19779  -19.376  -60.217  -11.589 0.0000000000
19795  -13.347  -61.236  -12.374 0.0000000000
19808  -9.358  -59.740  -13.046 0.0000000000
19811  -12.044  -60.945  -13.191 0.0000000000
19814  -19.102  -60.228  -14.050 0.0000000000
19829  -12.832  -60.881  -15.337 0.0000000000
19846  -11.543  -59.909  -15.725 0.0000000000
19857  -6.177  -60.258  -16.745 0.0000000000
19858  -7.050  -60.464  -16.649 0.0000000000
19859  -7.943  -60.774  -16.034 0.0000000000
19860  -10.843  -60.241  -16.067 0.0000000000
19861  -11.550  -60.241  -16.420 0.0000000000
19862  -12.291  -60.430  -16.857 0.0000000000
19874  -11.766  -60.701  -17.165 0.0000000000
20518  -0.735  -59.138  6.309 0.0000000000
20542  -2.241  -59.348  5.728 0.0000000000
20568  0.346  -59.092  2.731 0.0000000000
20645  -11.437  -60.503  -5.508 0.0000000000
20650  -2.073  -59.045  -6.327 0.0000000000
20652  -4.770  -59.516  -6.060 0.0000000000
20658  -10.895  -59.080  -5.982 0.0000000000
20659  -11.598  -59.652  -5.649 0.0000000000
20660  -12.574  -59.543  -5.787 0.0000000000
20661  -13.426  -59.930  -5.900 0.0000000000
20663  -15.169  -59.011  -6.767 0.0000000000
20673  -15.204  -59.657  -7.048 0.0000000000
20675  -16.263  -58.897  -7.568 0.0000000000
20686  -4.075  -59.521  -9.152 0.0000000000
20689  -16.341  -59.592  -8.325 0.0000000000
20707  -7.707  -59.537  -9.877 0.0000000000
20710  -17.821  -58.844  -9.193 0.0000000000
20711  -18.200  -58.451  -9.507 0.0000000000
20740  -7.782  -59.027  -11.383 0.0000000000
20742  -19.270  -59.322  -11.323 0.0000000000
20754  -7.604  -58.424  -12.198 0.0000000000
20757  -19.428  -59.632  -12.115 0.0000000000
20772  -10.975  -59.839  -14.284 0.0000000000
20774  -18.706  -59.548  -13.699 0.0000000000
20775  -19.420  -59.930  -13.008 0.0000000000
20788  -5.800  -58.498  -15.110 0.0000000000
20789  -6.818  -58.678  -14.831 0.0000000000
20790  -9.733  -59.342  -14.668 0.0000000000
20791  -10.568  -59.483  -15.036 0.0000000000
20802  -9.137  -59.524  -14.851 0.0000000000
20804  -10.693  -59.757  -15.561 0.0000000000
20814  -11.135  -59.869  -15.923 0.0000000000
21511  1.021  -58.247  7.057 0.0000000000
21537  -0.543  -57.405  5.686 0.0000000000
21561  -1.293  -58.522  3.740 0.0000000000
21579  0.422  -59.211  1.253 0.0000000000
21638  -1.600  -58.541  -5.774 0.0000000000
21643  -1.896  -58.434  -6.282 0.0000000000
21644  -2.384  -58.340  -6.427 0.0000000000
21653  -12.616  -58.724  -6.329 0.0000000000
21655  -14.424  -58.973  -6.476 0.0000000000
21672  -9.862  -57.927  -6.821 0.0000000000
21673  -10.655  -57.915  -6.853 0.0000000000
21674  -11.433  -58.014  -6.833 0.0000000000
21689  -17.284  -58.144  -8.410 0.0000000000
21703  -5.831  -58.580  -9.865 0.0000000000
21704  -17.841  -58.230  -8.989 0.0000000000
21714  -4.312  -57.741  -10.654 0.0000000000
21718  -18.569  -58.419  -10.106 0.0000000000
21728  -3.901  -57.484  -11.515 0.0000000000
21731  -18.615  -58.251  -11.935 0.0000000000
21744  -3.577  -58.456  -13.073 0.0000000000
21745  -5.318  -56.951  -12.959 0.0000000000
21746  -6.367  -57.402  -13.020 0.0000000000
21747  -7.205  -57.965  -13.027 0.0000000000
21750  -18.001  -58.362  -12.842 0.0000000000
21764  -6.623  -57.717  -13.700 0.0000000000
21768  -18.337  -58.911  -13.316 0.0000000000
22503  1.296  -57.633  8.305 0.0000000000
22524  1.403  -56.993  7.852 0.0000000000
22565  -1.475  -57.737  5.014 0.0000000000
22580  0.117  -57.672  3.240 0.0000000000
22598  0.980  -57.616  1.051 0.0000000000
22668  -1.298  -57.519  -4.228 0.0000000000
22690  -6.224  -57.905  -6.804 0.0000000000
22705  -4.051  -57.392  -7.337 0.0000000000
22706  -4.818  -57.386  -7.328 0.0000000000
22707  -5.728  -57.232  -7.350 0.0000000000
22709  -7.677  -57.272  -7.166 0.0000000000
22714  -13.332  -57.679  -7.330 0.0000000000
22715  -14.312  -57.687  -7.372 0.0000000000
22730  -5.041  -56.933  -7.773 0.0000000000
22733  -11.574  -56.932  -7.910 0.0000000000
22736  -14.636  -57.167  -8.150 0.0000000000
22737  -15.677  -57.295  -8.230 0.0000000000
22738  -16.722  -57.575  -8.385 0.0000000000
22763  -16.186  -56.812  -10.924 0.0000000000
22765  -17.760  -57.463  -9.783 0.0000000000
22778  -6.118  -57.337  -12.196 0.0000000000
22779  -15.265  -56.877  -11.739 0.0000000000
22781  -18.247  -57.752  -11.289 0.0000000000
22782  -18.380  -57.829  -10.349 0.0000000000
23412  0.741  -57.265  8.964 0.0000000000
23463  1.480  -56.353  7.273 0.0000000000
23478  0.697  -56.407  5.616 0.0000000000
23489  -0.577  -56.800  4.597 0.0000000000
23609  -2.150  -56.701  -5.223 0.0000000000
23623  -2.605  -56.893  -5.691 0.0000000000
23633  -3.111  -56.893  -6.009 0.0000000000
23651  -3.720  -56.466  -7.871 0.0000000000
23656  -8.767  -55.868  -7.871 0.0000000000
23658  -10.365  -56.160  -8.320 0.0000000000
23673  -10.579  -55.957  -9.422 0.0000000000
23690  -12.989  -56.468  -10.919 0.0000000000
23692  -14.662  -56.539  -10.402 0.0000000000
23711  -13.550  -56.591  -11.551 0.0000000000
23723  -13.215  -56.770  -12.539 0.0000000000
23731  -12.475  -56.416  -13.680 0.0000000000
24341  0.952  -55.573  8.599 0.0000000000
24403  0.693  -55.661  4.405 0.0000000000
24429  1.297  -55.448  2.548 0.0000000000
24597  -3.326  -56.166  -6.310 0.0000000000
24598  -3.412  -55.954  -6.989 0.0000000000
24607  -3.522  -55.968  -7.865 0.0000000000
24608  -3.803  -55.948  -8.478 0.0000000000
24609  -4.423  -55.841  -8.862 0.0000000000
24613  -9.190  -55.366  -8.469 0.0000000000
24636  -9.435  -55.501  -10.664 0.0000000000
24648  -9.245  -55.774  -11.647 0.0000000000
25360  0.350  -54.131  8.008 0.0000000000
25364  -4.286  -54.273  7.977 0.0000000000
25403  1.722  -53.645  5.819 0.0000000000
25455  1.344  -53.814  2.304 0.0000000000
25625  -3.199  -54.507  -6.175 0.0000000000
25641  -3.345  -54.905  -6.810 0.0000000000
25652  -3.451  -55.342  -7.579 0.0000000000
25653  -3.706  -54.909  -8.364 0.0000000000
25668  -8.520  -54.130  -9.387 0.0000000000
25681  -8.444  -53.729  -9.705 0.0000000000
25682  -8.716  -54.304  -10.443 0.0000000000
25691  -8.984  -55.173  -11.679 0.0000000000
25701  -9.410  -55.035  -12.156 0.0000000000
26461  1.422  -53.639  7.367 0.0000000000
26462  0.842  -53.441  7.599 0.0000000000
26542  1.649  -53.391  4.693 0.0000000000
26585  1.208  -52.892  2.262 0.0000000000
26783  -4.622  -53.865  -8.677 0.0000000000
26784  -5.287  -53.490  -8.920 0.0000000000
26814  -8.843  -53.863  -11.117 0.0000000000
26815  -9.138  -53.560  -11.329 0.0000000000
27551  -0.109  -52.316  6.419 0.0000000000
27577  -2.653  -52.401  5.563 0.0000000000
27579  -4.374  -52.438  5.725 0.0000000000
27629  0.972  -51.904  2.903 0.0000000000
27699  0.276  -52.203  0.049 0.0000000000
27736  -1.799  -53.216  -3.501 0.0000000000
27798  -3.029  -52.692  -6.450 0.0000000000
27799  -3.649  -53.132  -6.832 0.0000000000
27818  -4.496  -53.237  -7.162 0.0000000000
27870  -8.102  -52.388  -9.578 0.0000000000
27880  -8.470  -52.889  -10.128 0.0000000000
27882  -9.489  -52.692  -11.005 0.0000000000
28551  1.071  -51.870  6.046 0.0000000000
28552  0.416  -51.702  5.870 0.0000000000
28554  -2.285  -51.776  4.990 0.0000000000
28599  0.846  -51.177  3.958 0.0000000000
28639  -0.349  -50.899  0.348 0.0000000000
28693  -2.186  -50.871  -3.451 0.0000000000
28730  -9.037  -52.131  -4.942 0.0000000000
28754  -8.879  -52.464  -6.157 0.0000000000
28786  -7.029  -51.291  -7.962 0.0000000000
28787  -8.491  -51.315  -7.684 0.0000000000
28819  -8.167  -51.813  -9.554 0.0000000000
28820  -8.734  -51.771  -9.864 0.0000000000
28848  -11.133  -52.126  -11.540 0.0000000000
29591  0.119  -50.540  4.314 0.0000000000
29592  -0.676  -50.460  4.094 0.0000000000
29593  -1.721  -50.536  3.917 0.0000000000
29595  -4.363  -50.910  4.226 0.0000000000
29613  -1.887  -49.951  3.300 0.0000000000
29617  -6.432  -50.001  3.578 0.0000000000
29626  0.336  -50.445  2.716 0.0000000000
29627  0.030  -49.736  2.880 0.0000000000
29649  -0.040  -50.736  1.180 0.0000000000
29737  -6.032  -50.651  -5.707 0.0000000000
29759  -4.492  -50.254  -7.020 0.0000000000
29786  -7.828  -51.000  -8.480 0.0000000000
29798  -8.202  -51.048  -8.858 0.0000000000
29799  -8.722  -51.130  -8.988 0.0000000000
30554  -10.060  -49.660  4.676 0.0000000000
30571  -8.834  -48.942  4.433 0.0000000000
30584  -1.876  -49.289  2.563 0.0000000000
30590  -12.591  -48.699  3.331 0.0000000000
30592  -14.252  -48.807  3.201 0.0000000000
30609  -0.927  -49.113  1.131 0.0000000000
30625  -0.978  -49.405  0.268 0.0000000000
30626  -1.196  -48.656  0.332 0.0000000000
30639  -26.100  -50.292  0.369 0.0000000000
30645  -2.707  -48.482  -1.084 0.0000000000
30712  -2.894  -49.772  -4.681 0.0000000000
30730  -3.384  -49.516  -6.705 0.0000000000
30733  -5.479  -49.774  -6.708 0.0000000000
31580  -8.732  -47.984  4.309 0.0000000000
31581  -9.907  -48.499  4.599 0.0000000000
31585  -14.806  -47.750  4.162 0.0000000000
31586  -16.550  -47.511  5.108 0.0000000000
31592  -6.784  -48.265  3.172 0.0000000000
31597  -13.148  -47.887  3.556 0.0000000000
31608  -4.633  -47.741  1.695 0.0000000000
31612  -16.800  -47.530  2.375 0.0000000000
31623  -4.830  -46.980  1.331 0.0000000000
31630  -1.358  -48.129  -0.013 0.0000000000
31632  -2.728  -47.210  -0.416 0.0000000000
31645  -1.699  -48.132  -0.532 0.0000000000
31681  -2.290  -48.696  -3.667 0.0000000000
31755  -12.183  -47.906  -6.960 0.0000000000
32603  -9.708  -47.439  4.601 0.0000000000
32605  -11.101  -47.079  4.447 0.0000000000
32607  -12.689  -46.262  4.140 0.0000000000
32611  -17.430  -46.731  5.139 0.0000000000
32617  -7.646  -46.823  3.494 0.0000000000
32619  -8.982  -46.372  4.232 0.0000000000
32622  -14.311  -46.439  4.391 0.0000000000
32623  -17.156  -46.408  3.924 0.0000000000
32644  -6.034  -46.278  1.346 0.0000000000
32652  -3.485  -46.945  -0.788 0.0000000000
32653  -4.191  -46.830  -0.486 0.0000000000
32654  -5.585  -46.430  -0.336 0.0000000000
32655  -8.971  -47.160  -0.218 0.0000000000
32661  -25.316  -48.044  0.603 0.0000000000
32664  -4.893  -46.871  -0.805 0.0000000000
32666  -7.169  -46.844  -0.933 0.0000000000
32761  -4.690  -47.678  -6.966 0.0000000000
32804  -10.925  -47.150  -7.968 0.0000000000
33635  -16.063  -46.366  4.615 0.0000000000
33637  -17.670  -46.584  4.908 0.0000000000
33651  -11.471  -45.832  4.248 0.0000000000
33653  -13.090  -45.762  3.825 0.0000000000
33671  -8.304  -45.769  2.613 0.0000000000
33673  -15.768  -45.972  3.182 0.0000000000
33691  -7.451  -45.691  1.320 0.0000000000
33713  -13.368  -46.226  0.340 0.0000000000
33718  -25.799  -46.518  0.437 0.0000000000
33723  -7.697  -46.252  -0.510 0.0000000000
33726  -11.340  -46.656  0.377 0.0000000000
33786  -5.639  -46.583  -6.896 0.0000000000
33809  -10.906  -46.014  -6.096 0.0000000000
33848  -10.856  -46.757  -8.316 0.0000000000
34689  -9.901  -45.448  2.746 0.0000000000
34692  -12.940  -45.162  2.807 0.0000000000
34724  -9.869  -45.998  0.800 0.0000000000
34726  -11.591  -46.003  0.482 0.0000000000
34727  -12.199  -45.964  0.289 0.0000000000
34732  -25.909  -45.765  0.343 0.0000000000
34737  -26.384  -45.772  -0.109 0.0000000000
34740  -25.859  -45.648  -1.272 0.0000000000
34741  -26.244  -45.761  -0.823 0.0000000000
34814  -10.482  -45.287  -6.642 0.0000000000
34859  -11.581  -45.542  -8.630 0.0000000000
34860  -12.834  -45.766  -8.571 0.0000000000
35695  -19.585  -44.467  -0.038 0.0000000000
36722  -19.534  -43.749  -0.073 0.0000000000
37830  -20.025  -42.441  -0.588 0.0000000000
38886  -19.417  -41.695  -0.546 0.0000000000
39956  -9.685  -39.398  -7.903 0.0000000000
40903  -9.376  -39.272  -7.373 0.0000000000
40938  -11.779  -37.310  -8.813 0.0000000000
41917  -11.541  -37.011  -8.487 0.0000000000
41918  -12.514  -37.800  -8.752 0.0000000000
42876  -13.633  -36.916  -7.051 0.0000000000
42879  -16.022  -37.419  -6.915 0.0000000000
42899  -11.879  -36.514  -8.217 0.0000000000
42917  -12.236  -36.234  -8.436 0.0000000000
42918  -13.184  -36.397  -8.200 0.0000000000
135073  -4.940  -80.232  9.767 0.0000000000
135726  -10.008  -54.388  -12.281 0.0000000000
136119  -12.865  -61.255  -13.107 0.0000000000
136505  -7.895  -92.801  6.782 0.0000000000
136687  1.080  -53.830  0.619 0.0000000000
136705  -12.078  -61.075  -12.214 0.0000000000
136890  -17.784  -86.614  -5.193 0.0000000000
136942  -0.745  -78.366  7.302 0.0000000000
137103  -5.498  -79.366  -11.594 0.0000000000
137168  -4.169  -64.698  5.633 0.0000000000
137286  -16.224  -85.284  16.963 0.0000000000
137382  -3.709  -57.619  -12.571 0.0000000000
137434  -20.007  -83.516  -7.510 0.0000000000
137465  0.637  -75.636  8.031 0.0000000000
137487  -10.222  -60.971  -11.038 0.0000000000
137501  -10.733  -60.761  -12.491 0.0000000000
137521  -3.518  -91.384  9.900 0.0000000000
137556  -7.126  -63.723  -5.740 0.0000000000
137592  -24.386  -87.027  -2.594 0.0000000000
137863  -15.286  -63.005  -18.030 0.0000000000
137872  -6.158  -83.061  19.384 0.0000000000
138289  -4.627  -74.348  -12.256 0.0000000000
138491  -27.002  -81.417  -6.030 0.0000000000
138807  -8.711  -92.678  6.609 0.0000000000
138972  -5.726  -81.322  16.139 0.0000000000
139401  -23.672  -86.183  3.881 0.0000000000
139468  -5.513  -75.499  -8.874 0.0000000000
139489  -0.375  -74.826  3.637 0.0000000000
139528  -18.046  -89.887  -15.938 0.0000000000
139592  -13.351  -45.285  1.958 0.0000000000
139661  -3.021  -52.091  -4.714 0.0000000000
139740  -12.184  -84.051  -9.542 0.0000000000
139806  -15.204  -84.052  12.174 0.0000000000
139936  0.586  -68.728  8.993 0.0000000000
140057  -19.451  -64.176  -13.938 0.0000000000
140078  -21.502  -88.982  -12.489 0.0000000000
140182  -18.100  -69.612  -17.074 0.0000000000
140235  -10.171  -62.413  -5.684 0.0000000000
140417  -13.466  -89.786  -12.884 0.0000000000
140462  -17.473  -65.756  -19.807 0.0000000000
140537  -19.288  -41.010  0.039 0.0000000000
140740  -4.005  -76.615  7.594 0.0000000000
140747  -9.995  -74.070  -12.592 0.0000000000
140967  -12.463  -69.789  -20.444 0.0000000000
141073  -9.903  -82.599  -9.434 0.0000000000
141080  -19.213  -83.794  -7.225 0.0000000000
141086  -7.013  -50.421  3.984 0.0000000000
141334  -5.731  -77.841  18.327 0.0000000000
141399  -8.064  -76.207  7.878 0.0000000000
141418  -5.025  -58.910  -6.330 0.0000000000
141963  -14.666  -66.860  -18.657 0.0000000000
142024  -3.654  -57.354  -7.025 0.0000000000
142033  -5.424  -80.593  0.432 0.0000000000
142112  0.550  -71.743  10.306 0.0000000000
142175  -15.822  -67.098  -19.755 0.0000000000
142296  -19.063  -64.295  -13.296 0.0000000000
142308  1.342  -54.123  3.115 0.0000000000
142362  -10.505  -79.521  12.881 0.0000000000
142401  -12.903  -61.153  -14.451 0.0000000000
142468  -10.100  -46.368  0.468 0.0000000000
142503  -10.022  -70.235  -19.545 0.0000000000
142833  -12.494  -63.904  -17.564 0.0000000000
142848  -9.875  -78.442  15.889 0.0000000000
143002  -11.746  -91.666  5.758 0.0000000000
143038  0.537  -67.896  7.799 0.0000000000
143039  -12.287  -67.532  -16.954 0.0000000000
143307  -2.501  -76.949  -12.918 0.0000000000
143326  -16.337  -68.307  -20.444 0.0000000000
143411  -6.404  -79.227  6.547 0.0000000000
143815  -8.294  -76.366  9.287 0.0000000000
143924  -3.201  -48.921  -5.480 0.0000000000
144091  -20.497  -69.405  -17.660 0.0000000000
144179  -6.854  -53.801  -8.791 0.0000000000
144648  -14.209  -60.622  -10.086 0.0000000000
144720  -2.489  -57.381  -6.008 0.0000000000
144749  -12.449  -60.938  -13.917 0.0000000000
144850  -11.398  -82.486  -9.282 0.0000000000
144988  -11.267  -60.832  -10.103 0.0000000000
145069  -9.802  -67.851  -16.154 0.0000000000
145327  -13.235  -60.908  -8.596 0.0000000000
145337  1.218  -54.801  0.703 0.0000000000
145428  -9.198  -74.957  -10.950 0.0000000000
145633  -21.458  -86.400  -12.500 0.0000000000
145656  -15.937  -92.424  -13.976 0.0000000000
145855  -14.422  -90.124  9.459 0.0000000000
145957  -20.280  -88.310  5.781 0.0000000000
145999  -16.945  -89.631  8.453 0.0000000000
146010  -21.832  -83.638  -5.286 0.0000000000
146055  -18.890  -60.766  -11.235 0.0000000000
146120  -12.201  -56.487  -11.141 0.0000000000
146275  -16.955  -91.041  -8.017 0.0000000000
146410  -19.739  -88.610  7.008 0.0000000000
146561  -20.519  -88.396  3.466 0.0000000000
146966  -9.155  -77.376  13.016 0.0000000000
147195  -24.240  -86.815  -12.835 0.0000000000
147238  -4.001  -65.352  5.992 0.0000000000
147298  -7.906  -83.027  -10.503 0.0000000000
147346  -4.689  -78.206  1.420 0.0000000000
147357  -5.118  -80.045  7.674 0.0000000000
147507  -7.820  -64.201  -18.291 0.0000000000
148006  -2.884  -88.801  11.774 0.0000000000
148048  -7.694  -88.228  15.853 0.0000000000
148069  -4.051  -80.600  9.659 0.0000000000
148172  -7.001  -59.494  -6.041 0.0000000000
148306  -2.336  -62.024  6.181 0.0000000000
148332  -3.352  -82.015  1.843 0.0000000000
148522  -23.283  -87.154  5.690 0.0000000000
148710  -0.930  -75.174  2.188 0.0000000000
149140  -1.385  -72.045  4.188 0.0000000000
149216  -10.456  -44.965  -8.104 0.0000000000
149277  -5.354  -73.529  -17.978 0.0000000000
149617  -4.501  -76.782  10.174 0.0000000000
149690  -5.375  -74.969  -9.489 0.0000000000
149860  -13.300  -61.266  -15.600 0.0000000000
149883  -10.107  -62.931  -7.055 0.0000000000
150015  -10.344  -53.627  -12.029 0.0000000000
150035  -4.073  -51.073  -6.885 0.0000000000
150203  -8.930  -51.450  -9.498 0.0000000000
150251  -6.823  -84.632  -10.248 0.0000000000
150474  -1.188  -52.622  6.121 0.0000000000
150556  -4.912  -58.388  -6.574 0.0000000000
150631  -15.776  -89.223  -11.985 0.0000000000
150778  -11.442  -66.345  -15.409 0.0000000000
151367  -11.579  -81.860  -8.853 0.0000000000
151641  -17.226  -88.358  -14.962 0.0000000000
151715  -7.102  -55.668  -8.135 0.0000000000
151764  -16.534  -88.607  -15.067 0.0000000000
151941  -2.972  -83.293  9.319 0.0000000000
152058  -17.641  -67.050  -18.094 0.0000000000
152238  -15.660  -64.662  -19.472 0.0000000000
152246  -13.090  -67.522  -20.242 0.0000000000
152308  -12.859  -83.905  -9.621 0.0000000000
152336  -7.626  -91.364  11.737 0.0000000000
152423  -12.473  -85.127  10.751 0.0000000000
152460  0.894  -76.936  10.102 0.0000000000
152620  -17.504  -83.878  -3.862 0.0000000000
152871  -22.214  -87.707  0.993 0.0000000000
152984  -18.024  -67.006  -14.089 0.0000000000
153066  -8.614  -72.239  -10.908 0.0000000000
153172  -4.548  -63.132  -6.977 0.0000000000
153735  -4.817  -74.255  -14.942 0.0000000000
153914  -16.848  -91.386  -9.220 0.0000000000
153970  -8.539  -88.842  -16.302 0.0000000000
153975  -5.644  -80.942  -7.387 0.0000000000
154173  -13.666  -83.367  9.781 0.0000000000
154183  -2.745  -77.484  9.026 0.0000000000
154293  -2.150  -81.762  9.894 0.0000000000
154330  -11.347  -60.442  -13.565 0.0000000000
154388  -3.857  -63.296  -5.559 0.0000000000
154755  -14.426  -82.991  6.192 0.0000000000
154893  0.572  -66.536  3.025 0.0000000000
155113  -7.984  -88.075  -15.440 0.0000000000
155155  -18.973  -89.452  -14.979 0.0000000000
155174  -9.024  -85.321  12.476 0.0000000000
155183  -7.563  -75.011  -7.345 0.0000000000
155196  -12.863  -70.251  -21.772 0.0000000000
155246  -4.786  -77.093  -13.223 0.0000000000
155363  -5.246  -63.854  -5.807 0.0000000000
155702  -13.834  -45.592  3.732 0.0000000000
155731  -5.266  -67.513  4.915 0.0000000000
155756  -24.265  -87.137  0.907 0.0000000000
155787  -9.203  -71.665  -11.584 0.0000000000
155923  -3.261  -50.250  -6.691 0.0000000000
156015  -2.498  -77.290  -12.401 0.0000000000
156090  -10.931  -91.281  10.086 0.0000000000
156110  -6.895  -82.261  21.746 0.0000000000
156249  -9.191  -83.721  21.971 0.0000000000
156337  -2.103  -82.161  9.979 0.0000000000
156672  -11.539  -46.883  -8.449 0.0000000000
156785  -6.434  -72.234  -20.509 0.0000000000
156810  -4.972  -80.380  3.426 0.0000000000
156894  -16.893  -57.104  -11.060 0.0000000000
156935  -13.769  -61.573  -17.610 0.0000000000
157006  -1.165  -58.446  6.058 0.0000000000
157106  -20.034  -88.776  1.419 0.0000000000
157148  -13.367  -60.720  -9.286 0.0000000000
157230  -8.097  -40.925  -6.323 0.0000000000
157279  -6.496  -89.706  11.778 0.0000000000
157491  -6.357  -76.863  -7.205 0.0000000000
157527  -12.844  -70.571  -16.757 0.0000000000
157720  -3.198  -54.738  -5.285 0.0000000000
157772  -17.329  -66.756  -20.359 0.0000000000
157789  -18.882  -85.501  15.062 0.0000000000
157815  -13.165  -36.484  -7.522 0.0000000000
157883  -12.589  -57.730  -7.226 0.0000000000
158069  -21.579  -87.566  -3.444 0.0000000000
158202  -4.381  -57.177  -13.137 0.0000000000
158318  -16.261  -65.383  -14.774 0.0000000000
158383  -10.418  -86.252  -10.652 0.0000000000
158430  -18.290  -85.804  13.010 0.0000000000
158438  -7.905  -59.467  -10.705 0.0000000000
158442  -9.150  -78.448  8.813 0.0000000000
158482  -18.598  -90.441  -8.645 0.0000000000
158631  -5.342  -54.538  -9.199 0.0000000000
158700  -20.727  -88.307  -13.835 0.0000000000
158701  -17.015  -85.033  16.134 0.0000000000
158790  -18.576  -87.602  -7.744 0.0000000000
158791  -2.754  -78.612  -11.420 0.0000000000
158794  -16.889  -86.597  5.835 0.0000000000
159011  -10.877  -90.799  11.825 0.0000000000
159071  -13.723  -61.095  -11.737 0.0000000000
159222  -24.496  -87.041  -10.951 0.0000000000
159246  -2.244  -82.461  9.682 0.0000000000
159279  -15.671  -59.077  -7.144 0.0000000000
159576  -22.375  -87.136  6.428 0.0000000000
159640  -14.079  -64.713  -18.767 0.0000000000
159707  -18.425  -91.125  -14.185 0.0000000000
159849  -24.845  -86.028  -12.840 0.0000000000
159883  -0.092  -73.083  4.491 0.0000000000
159988  -0.070  -72.207  5.072 0.0000000000
160078  -5.972  -53.182  -8.809 0.0000000000
160080  -8.297  -59.421  -14.755 0.0000000000
160084  -20.584  -87.083  -8.778 0.0000000000
160206  -14.044  -83.941  12.245 0.0000000000
160237  -1.420  -78.294  10.135 0.0000000000
160343  -8.797  -75.133  -8.286 0.0000000000
160370  -8.417  -87.203  17.463 0.0000000000
160450  -2.315  -59.535  -6.251 0.0000000000
160468  -21.273  -87.997  -2.715 0.0000000000
160620  -18.932  -89.009  7.129 0.0000000000
160784  -24.314  -45.581  5.236 0.0000000000
160859  -3.314  -90.683  10.622 0.0000000000
161046  -6.546  -57.721  -11.764 0.0000000000
161159  -14.566  -62.486  -16.659 0.0000000000
161251  -8.484  -77.671  7.690 0.0000000000
161296  -3.900  -58.272  -10.247 0.0000000000
161302  -19.790  -82.638  -6.710 0.0000000000
161335  -5.378  -69.275  -19.977 0.0000000000
161358  -11.470  -61.903  -5.733 0.0000000000
161416  -10.200  -85.771  18.738 0.0000000000
161430  -17.934  -85.385  4.192 0.0000000000
161443  0.946  -51.504  3.518 0.0000000000
161468  -5.898  -92.510  9.062 0.0000000000
161516  1.547  -55.266  5.882 0.0000000000
161581  -7.979  -70.508  -13.914 0.0000000000
161621  -18.167  -87.657  -13.904 0.0000000000
161722  -10.147  -64.120  -15.730 0.0000000000
161815  -5.155  -73.397  1.918 0.0000000000
161857  -17.396  -91.936  -12.507 0.0000000000
161876  -5.355  -77.723  -11.199 0.0000000000
161888  -11.575  -88.795  12.144 0.0000000000
161996  -0.840  -78.879  4.082 0.0000000000
162019  -21.460  -87.927  0.671 0.0000000000
162054  -8.021  -54.286  -8.687 0.0000000000
162203  -21.074  -89.245  -10.619 0.0000000000
162278  -16.434  -46.950  2.366 0.0000000000
162320  -21.786  -86.215  -4.502 0.0000000000
162457  -1.073  -62.961  6.440 0.0000000000
162465  -1.650  -53.163  6.416 0.0000000000
162468  -17.510  -47.649  5.407 0.0000000000
162496  -3.610  -67.992  7.040 0.0000000000
162503  0.431  -56.389  3.425 0.0000000000
162592  -9.001  -76.887  10.629 0.0000000000
162662  0.208  -66.909  6.950 0.0000000000
162806  -5.590  -69.987  5.538 0.0000000000
162882  -10.366  -78.951  15.753 0.0000000000
162906  -18.585  -88.333  3.432 0.0000000000
162932  -11.533  -88.056  15.319 0.0000000000
163041  -4.949  -55.528  -9.090 0.0000000000
163152  -17.265  -65.405  -18.409 0.0000000000
163260  -0.570  -49.519  1.697 0.0000000000
163282  -20.481  -87.734  -13.688 0.0000000000
163335  -22.072  -87.965  -9.819 0.0000000000
163388  -16.049  -84.224  11.671 0.0000000000
163468  0.443  -56.079  8.687 0.0000000000
163515  -11.980  -91.395  8.177 0.0000000000
163617  -6.798  -71.536  -16.527 0.0000000000
163779  -9.402  -63.868  -16.575 0.0000000000
163794  -3.033  -77.383  6.972 0.0000000000
