global_signal	global_signal_derivative1	global_signal_derivative1_power2	global_signal_power2	csf	csf_derivative1	csf_derivative1_power2	csf_power2	white_matter	white_matter_derivative1	white_matter_derivative1_power2	white_matter_power2	csf_wm	tcompcor	std_dvars	dvars	framewise_displacement	rmsd	t_comp_cor_00	t_comp_cor_01	c_comp_cor_00	c_comp_cor_01	c_comp_cor_02	c_comp_cor_03	c_comp_cor_04	w_comp_cor_00	w_comp_cor_01	w_comp_cor_02	w_comp_cor_03	w_comp_cor_04	w_comp_cor_05	w_comp_cor_06	w_comp_cor_07	a_comp_cor_00	a_comp_cor_01	a_comp_cor_02	a_comp_cor_03	a_comp_cor_04	a_comp_cor_05	a_comp_cor_06	a_comp_cor_07	edge_comp_00	edge_comp_01	edge_comp_02	edge_comp_03	edge_comp_04	edge_comp_05	edge_comp_06	edge_comp_07	edge_comp_08	edge_comp_09	edge_comp_10	edge_comp_11	edge_comp_12	edge_comp_13	edge_comp_14	edge_comp_15	edge_comp_16	edge_comp_17	edge_comp_18	edge_comp_19	edge_comp_20	edge_comp_21	edge_comp_22	edge_comp_23	cosine00	cosine01	trans_x	trans_x_derivative1	trans_x_derivative1_power2	trans_x_power2	trans_y	trans_y_derivative1	trans_y_power2	trans_y_derivative1_power2	trans_z	trans_z_derivative1	trans_z_power2	trans_z_derivative1_power2	rot_x	rot_x_derivative1	rot_x_power2	rot_x_derivative1_power2	rot_y	rot_y_derivative1	rot_y_derivative1_power2	rot_y_power2	rot_z	rot_z_derivative1	rot_z_power2	rot_z_derivative1_power2	motion_outlier00	motion_outlier01	motion_outlier02	motion_outlier03	motion_outlier04	motion_outlier05	motion_outlier06	motion_outlier07	motion_outlier08	motion_outlier09	motion_outlier10	motion_outlier11	motion_outlier12	motion_outlier13
821.7720296297487	n/a	n/a	675309.2686817965	896.1029332160949	n/a	n/a	803000.4669184891	797.7217376758931	n/a	n/a	636359.9707606464	810.7804162679626	512.4502283606953	n/a	n/a	n/a	n/a	-0.0741785832	0.0451212967	-0.0672117155	-0.0501665234	0.0418753219	-0.2017379277	0.1824896786	-0.0885349213	0.0090498375	0.047763056	-0.1272851502	0.0267620674	-0.1189020196	0.0386417841	-0.0063890851	-0.0943451529	0.0043255691	-0.0288973984	0.1818156811	-0.0214047786	0.1039401052	-0.0385290568	0.0528176878	-0.0593099109	-0.0609318602	0.0277740937	-0.0162399856	0.0383350778	-0.0142481604	0.0082355862	-0.0922007197	0.0727755822	-0.0744677436	0.0212059599	-0.0776840559	0.2295375476	-0.0244330421	0.0637469531	-0.1397398014	0.0380511884	-0.0055031598	0.0418312256	-0.0009525283	0.0469719516	-0.1900217597	0.1943809272	-0.1156778472	0.1561451084	0.1560591586	-0.0158520073545815	n/a	n/a	0.0002512861371697	-0.0115133367707471	n/a	0.0001325569235966	n/a	0.0025327243392609	n/a	6.414692578684562e-06	n/a	0.0048418523659434	n/a	2.3443534333591705e-05	n/a	-0.0007820365178434	n/a	n/a	6.115811152406304e-07	-0.0004261088938404	n/a	1.815687894098893e-07	n/a	0.0	0.0	0.0	0.0	0.0	0.0	0.0	0.0	0.0	0.0	0.0	0.0	0.0	0.0
820.4379787876763	-1.3340508420723154	1.7796916492338537	673118.4770372077	879.1426569461822	-16.960276269912697	287.65097115176377	772891.8112623927	797.5230240392607	-0.1987136366324193	0.0394871093836812	636042.9738727271	808.9556021887408	510.0645222436814	0.813347	17.824821	0.0579335655843722	0.0301068811521642	-0.0711511036	0.0572586313	0.0410981095	-0.0368559507	0.0534411753	-0.0293450452	0.0173272634	-0.0755364449	-0.0223174159	0.0007729153	-0.0185579248	-0.0069027775	-0.065212491	-0.0084901434	0.0591255646	-0.0733471673	0.010421168	-0.0130371008	0.0286795222	-0.0301130264	0.0659414238	-0.0034306148	0.0112687636	-0.0556797871	-0.0594276128	0.0192248655	-0.0144045433	0.0043162136	-0.0086044024	0.0085388911	-0.0692389886	-0.0182924181	-0.1103082287	-0.0783699985	0.0092614577	0.0159779352	-0.0377142431	0.0219849977	-0.0232299188	-0.1187478658	0.036952018	-0.0206449611	-0.0340603427	-0.0771275384	-0.1879676216	0.0856197915	0.0063966395	0.155915944	0.1551433414	-0.0039687630137734	0.0118832443408081	0.0001412114960633	1.575107985949572e-05	-0.0302440560821821	-0.018730719311435	0.0009147029283021	0.0003508398459237	0.0021137807005118	-0.000418943638749	4.468068849856156e-06	1.7551377244833625e-07	0.0044358744304263	-0.0004059779355171	1.967698196250985e-05	1.64818084126727e-07	-0.0006509505471634	0.00013108597068	1.7183531709117818e-08	4.237366148523298e-07	-0.0004270581535109	-9.492596705000348e-07	1.8237866648013946e-07	9.010939220378348e-13	0.0	0.0	0.0	0.0	0.0	0.0	0.0	0.0	0.0	0.0	0.0	0.0	0.0	0.0
821.2106752674839	0.7726964798075642	0.5970598499070014	674386.9731732769	872.45765209198	-6.685004854202248	44.689289900707614	761182.3546938504	797.7534817509877	0.2304577117270128	0.0531107568944509	636410.6176458235	809.1351732143686	512.2192049418693	0.772301	16.925274	0.1013025699852977	0.0596595103544893	-0.0819540605	0.0621873616	0.0318786712	-0.0701096778	-0.0403068417	-0.0392724553	0.1218868004	-0.0812285064	-0.0045626727	0.0124383798	-0.0764990821	0.0346241302	-0.088100673	0.0073695168	-0.0315024417	-0.0895910007	-9.92899e-05	-0.0355063428	0.0998461838	-0.0029116958	0.0779369646	0.0081927358	0.0070924682	-0.0592598168	-0.0717582908	0.0254093628	-0.0420972568	0.009581919	0.0011954611	0.0129081748	-0.0986938575	-0.1165907354	-0.0764224579	-0.0588102646	-0.0258076861	0.0292604413	0.0228524011	-0.0652353471	-0.0060933721	-0.132020398	0.0315354112	0.1086398748	0.0093307783	-0.1236605215	-0.1324539582	0.2412302719	-0.1783334859	0.1554579513	0.1533170814	0.0009190032572092	0.0048877662709826	2.3890259119755156e-05	8.44566986761119e-07	0.0266145974538289	0.0568586535360109	0.0007083367976293	0.0032329064819281	0.0069575479989509	0.0048437672984391	4.840747415770567e-05	2.346208164142802e-05	0.0047487562978969	0.0003128818674705	2.2550686376815467e-05	9.789506299188997e-08	-0.0006529199766946	-1.9694295312000982e-06	3.878652678363041e-12	4.26304495966877e-07	-0.0008064545141064	-0.0003793963605954	6.503688833225897e-07	1.4394159843311066e-07	0.0	0.0	0.0	0.0	0.0	0.0	0.0	0.0	0.0	0.0	0.0	0.0	0.0	0.0
819.6791018982022	-1.531573369281659	2.345716985492774	671873.8300886435	870.5927809238434	-1.864871168136574	3.47774447374707	757931.7901967112	796.8280404897837	-0.9254412612040142	0.8564415279388764	634934.9261107884	808.221414487224	507.8579879356669	0.842453	18.462685	0.0545900045644367	0.0329784805543137	-0.0789489957	0.068362233	0.0692477176	-0.0578472636	0.0563386951	0.0512444872	0.0155876034	-0.0880002975	-0.0342505247	0.0229208565	-0.0368117586	-0.0354966498	0.0980527342	0.024140648	0.0040003964	-0.0746464875	0.0323982641	0.0362770104	-0.0157909604	-0.0537756918	-0.1205293029	-0.0002829758	0.0837326733	-0.0578534235	-0.0656112096	0.0224546188	-0.033263296	-0.0105722232	-0.0204138547	0.0199573124	0.0291989097	-0.0983311844	0.0576628515	0.0794760314	0.0523512053	0.1674649265	0.0052909552	-0.0711898026	-0.2020098248	0.0294185742	0.024138381	0.1005429513	-0.0080286324	-0.071890093	-0.1390231755	0.0507756299	-0.0011660554	0.1547718027	0.1505910958	0.0012799625766746	0.0003609593194654	1.302916303089247e-07	1.638304197687481e-06	0.0005128938149709	-0.0261017036388579	2.6306006543540373e-07	0.0006812989328507	0.0130356954387593	0.0060781474398084	0.000169929355572	3.6943876300049405e-05	0.0046941064010744	-5.464989682249944e-05	2.2034634904607658e-05	2.986611222709834e-09	-0.0010328804482351	-0.0003799604715404	1.4436995993327908e-07	1.066842020346341e-06	-0.0008000809991433	6.373514963099996e-06	6.401296051901412e-07	4.062169298485954e-11	0.0	0.0	0.0	0.0	0.0	0.0	0.0	0.0	0.0	0.0	0.0	0.0	0.0	0.0
821.2357193019558	1.5566174037535347	2.423057741668395	674428.1066574007	872.3868735313415	1.7940926074981007	3.218768284279334	761058.8571097888	797.9139649036863	1.0859244139026032	1.1792318327097122	636666.6953883211	808.4893572153138	505.6555016133692	0.763549	16.733471	0.0427397539280477	0.0222290648420855	-0.0734798072	0.0477686637	0.0694380118	-0.0341627433	0.0315341541	0.0602345356	-0.1797249013	-0.0638204466	-0.004757141	0.0158400197	0.0372615815	-0.0309078693	0.0381975231	-0.0448511769	-0.0210250965	-0.0612389733	0.0186027386	0.0555089411	-0.0736300915	-0.009900509	-0.065216386	0.0444797535	-0.0632056345	-0.0544077741	-0.0563799831	0.0232303039	-0.0164147771	-0.012035925	0.0027774628	0.0092714704	-0.0454837424	-0.1485498915	-0.0223066406	-0.001469572	0.0963533785	-0.0381848488	0.0411133585	-0.0340871434	0.0036299807	-0.0048433943	0.0231468206	0.040137969	0.0191250243	-0.095430853	-0.1155804415	-0.0771287141	0.0606232632	0.1538585052	0.1469813818	0.001211106363101	-6.885621357359995e-05	4.741178147693211e-09	1.4667786227437312e-06	-0.0194141422370677	-0.0199270360520386	0.000376908918801	0.0003970867658192	0.0079025522573488	-0.0051331431814104	6.245033218012862e-05	2.63491589208611e-05	0.004563148660837	-0.0001309577402374	2.0822325700898507e-05	1.7149929728086372e-08	-0.0011150157897288	-8.213534149369996e-05	6.746214322286711e-09	1.2432602113445391e-06	-0.0006609597112539	0.0001391212878894	4.3686773990083883e-07	1.935473274400532e-08	0.0	0.0	0.0	0.0	0.0	0.0	0.0	0.0	0.0	0.0	0.0	0.0	0.0	0.0
822.3352281983866	1.099508896430848	1.208919813330581	676235.2275360926	876.1981466293335	3.811273097991944	14.525802627477104	767723.1921566789	799.6213383900944	1.7073734864080734	2.9151242220892595	639394.2848087657	811.1221195488922	512.7575870514949	0.718124	15.737963	0.1330054206562824	0.0797980921663316	-0.0671869468	0.0400345644	0.0392610321	-0.0492737919	-0.0230663355	-0.0331762906	0.0111205441	-0.0440969344	0.0418362718	0.0490954501	0.0924847525	-0.0212183248	-0.0176990295	-0.0454168488	-0.0522815301	-0.0503495399	-0.0164459192	0.0728896477	-0.0435355155	0.023086394	0.0406960621	0.0322158881	-0.0777373858	-0.0507049459	-0.0489731544	0.0157663414	-0.0252253415	-0.0152296812	0.0108253959	0.0135402927	-0.036385311	-0.1236230564	-0.0198023726	0.0293517278	0.0857700153	-0.0770570862	0.0411046268	-0.1029667315	0.0562901031	-0.0969615006	-0.0154106727	0.078811768	0.0587268207	-0.0850775439	0.0847759564	0.1178310684	-0.0800658157	0.152719399	0.1425091225	0.0005187182406558	-0.0006923881224452	4.794013121031893e-07	2.6906861318904845e-07	0.0497702269165643	0.0691843691536319	0.0024770754873263	0.004786476935186	0.0216318674141291	0.0137293151567803	0.0004679376878224	0.0001884940946741	0.0041503512665335	-0.0004127973943034	1.7225415635616228e-05	1.7040168874375917e-07	-0.0007738893233573	0.0003411264663715	1.1636726605910613e-07	5.989046848064196e-07	-0.0004268966074604	0.0002340631037935	1.8224071346119881e-07	5.4785536557446765e-08	0.0	0.0	0.0	0.0	0.0	0.0	0.0	0.0	0.0	0.0	0.0	0.0	0.0	0.0
822.2398981975647	-0.0953300008219457	0.0090878090567121	676078.4501879415	873.7378759384155	-2.4602706909179237	6.052931872589755	763417.875849374	799.7743705587184	0.1530321686240086	0.023418844633767	639639.0438025942	810.7515436282828	509.8419279866404	0.95032	20.826626	0.0834851705060458	0.0379964115819918	-0.06680717	0.0448389289	0.0472636729	-0.0427866743	0.0711705009	0.0726301379	-0.0454867172	-0.048625321	0.0346910019	0.074110841	0.0368515237	-0.0228841559	0.1385788035	0.0387805386	0.0399522132	-0.0364664534	0.0060005886	0.1277111316	-0.0575925101	-0.0088873368	-0.1357262608	0.0491833149	0.0299265501	-0.0451096162	-0.0501589767	0.0100140166	-0.0196297898	-0.0107033819	-0.0206275285	-0.0106553153	0.0424431463	-0.0991060098	0.1197429727	0.1071824801	0.0256973349	0.1820913037	0.0318044488	-0.0755403529	-0.1554130984	0.0800149611	0.0122660461	0.1323045269	0.0401839666	-0.0327519399	-0.0561228947	0.05068737	0.0732836855	0.1513561561	0.1372005631	0.0142434733533747	0.0137247551127189	0.0001883689029041	0.0002028765331682	0.0264859378079336	-0.0232842891086306	0.0007015049015657	0.0005421581192942	0.0213842920507829	-0.0002475753633462	0.0004572879465131	6.129356053600307e-08	0.0036811711873082	-0.0004691800792252	1.3551021310268064e-05	2.2012994674185881e-07	-0.0009178630009649	-0.0001439736776076	2.0728419843857163e-08	8.424724885402921e-07	-0.0007383138690545	-0.0003114172615941	5.451073692382254e-07	9.698071081876815e-08	0.0	0.0	0.0	0.0	0.0	0.0	0.0	0.0	0.0	0.0	0.0	0.0	0.0	0.0
821.5181608417918	-0.7217373557729161	0.5209048107180808	674892.08859288	876.334210395813	2.596334457397461	6.740952614669368	767961.648310053	797.5068105644564	-2.267559994262001	5.141828327577486	636017.1128966917	808.4684284147153	510.1889349124132	0.980603	21.49029	0.1353933849104532	0.0797618773226238	-0.0427858899	0.0178059771	0.0112676555	-0.0502272101	0.0370433624	0.1429555254	-0.2213908394	-0.0519493041	-0.0377806592	-0.0651615417	0.1995492314	-0.1012293515	-0.0506204009	-0.1278209859	-0.1247696116	-0.0509497275	0.0473081485	0.0214603144	-0.2069130823	-0.0318838991	0.0324386095	-0.0430351278	-0.1678212259	-0.0451018702	-0.0246951822	-0.0079497175	0.0336286174	-0.0209658527	-0.0173741198	0.0161823091	-0.047530364	0.049612968	-0.0467973836	0.1105200369	0.1699269307	-0.0939340202	-0.1080113235	-0.1620385292	0.042406479	0.0659246128	0.033485595	-0.1443924891	-0.1016974343	-0.0491863631	0.0174671975	-0.3393965297	-0.1310907957	0.1497707771	0.1310868562	0.0097989002372997	-0.004444573116075	1.975423018413664e-05	9.601844586055212e-05	-0.0506502453264516	-0.0771361831343852	0.0025654473516297	0.0059499907485414	0.0053266430558949	-0.016057648994888	2.8373126244913355e-05	0.000257848091243	0.0032823039161248	-0.0003988672711834	1.07735189978082e-05	1.590951000212921e-07	-0.0009627038425954	-4.484084163049998e-05	2.0107010781315797e-09	9.267986885479488e-07	-0.0004269223885663	0.0003113914804882	1.8226272585915487e-07	9.696465412063305e-08	0.0	0.0	0.0	0.0	0.0	0.0	0.0	0.0	0.0	0.0	0.0	0.0	0.0	0.0
824.367756703026	2.8495958612342065	8.120196572363119	679582.1982915794	879.0919557571411	2.757745361328148	7.605159477926916	772802.6666769154	799.8325597884807	2.325749224024321	5.409109453049731	639732.1236977936	810.7914629140176	509.2001280970388	0.912148	19.990082	0.1408686119243813	0.0976657213004498	-0.036093792	0.0068177854	0.0110643455	-0.0524692607	-0.0717829341	-0.0141957343	-0.0591160209	-0.0561353127	0.0626970852	0.0605597663	0.0308396168	-0.0259512638	-0.1383514732	0.033009349	-0.0227464306	-0.0598076848	-0.0282447362	0.0556788334	0.0465812673	-0.0045211896	0.1032527942	-0.0383647503	-0.0825129045	-0.035169801	-0.0227850402	0.0074589293	0.0054338846	-0.0145594976	0.0144914852	-0.0104080091	-0.052495813	-0.0909916765	-0.0369610354	-0.0457989629	0.0685039783	-0.0856380649	-0.0556618192	-0.046660333	0.1487666299	-0.0300386986	-0.0113607074	-0.039873233	0.0236327169	0.0587359977	0.1200193701	-0.0012980634	-0.2026009669	0.1479655889	0.1242038795	0.0140238460803487	0.0042249458430489	1.785016737669702e-05	0.0001966682588853	0.041282734216395	0.0919329795428466	0.0017042641443815	0.0084516727276254	0.0189823389974606	0.0136556959415657	0.0003603291938145	0.0001864780316484	0.0029548630261099	-0.0003274408900148	8.731215503071356e-06	1.0721753645374979e-07	-0.0006701333368321	0.0002925705057633	8.559750084259314e-08	4.490786891337249e-07	-0.0004280108047265	-1.088416160199997e-06	1.831932489626261e-07	1.1846497377845056e-12	0.0	0.0	0.0	0.0	0.0	0.0	0.0	0.0	0.0	0.0	0.0	0.0	0.0	0.0
821.59414729915	-2.77360940387598	7.69290912526927	675016.9428762174	881.471983718872	2.380027961730889	5.664533098620889	776992.8580812834	799.6007835275803	-0.2317762609003466	0.0537202351169455	639361.4130179205	810.9056153888545	518.0075880108458	0.984852	21.58341	0.0731414764378524	0.049099592885051	-0.0409404828	0.0173428346	-0.0100815244	-0.0644626486	-0.0043232889	0.0500921145	-0.0332332533	-0.0266796108	0.0116484103	0.0317808755	0.0451203501	0.0272857803	0.1371215837	0.0070466626	-0.0146725306	-0.0198147375	0.0118635572	0.0453630998	-0.0319428069	0.0398113163	-0.1057096246	0.0013352694	0.0530283545	-0.0307750217	-0.0303234961	0.0024643061	0.0083466319	-0.0047545868	-0.0244065312	0.0022381111	0.0274495382	-0.0055044925	0.0464089013	0.1900931106	0.0797005381	0.0628884429	-0.0256762342	-0.051674302	-0.1647119622	0.0634848688	-0.0790917047	0.0281622173	0.0796763291	0.0980819732	0.0298512567	0.0024394034	0.1178238927	0.1459432408	0.1165920251	0.0070678303779061	-0.0069560157024425	4.838615445262801e-05	4.995422625085229e-05	-0.0065504427084306	-0.0478331769248256	4.2908299676431616e-05	0.0022880128147216	0.0155312268377514	-0.0034511121597092	0.0002412190070856	1.191017513889271e-05	0.0028538043559714	-0.0001010586701385	8.144199302161338e-06	1.021285481016216e-08	-0.0007857286114112	-0.000115595274579	1.3362267505017506e-08	6.173694507901725e-07	-0.0005093802930264	-8.136948829990005e-05	2.594682829236612e-07	6.620993626187572e-09	0.0	0.0	0.0	0.0	0.0	0.0	0.0	0.0	0.0	0.0	0.0	0.0	0.0	0.0
817.3439981806009	-4.250149118549075	18.06376752990348	668051.2113618501	874.2807150363922	-7.191268682479858	51.7143452636156	764366.7686845452	797.2880955772587	-2.312687950321674	5.348525555563066	635668.307349212	809.18441591184	496.9297841059697	0.932838	20.443518	0.0692747747756102	0.0377093475852797	-0.017512143	0.0242523324	-0.014758466	-0.0793231128	0.0479306513	0.0317585413	-0.1592048771	-0.0419295405	-0.0747649524	-0.0743025278	-0.0047248861	0.0519315659	0.0361528799	0.0037724584	-0.0136209567	-0.0415849089	0.0500805278	-0.0768267588	-0.0266423038	0.0394228838	-0.0492720951	-0.0582316549	-0.0915030736	-0.0266554135	-0.0220751983	0.0019502431	0.0238984694	0.0250297559	0.0224297678	0.0013022348	-0.0294925984	0.1727782883	-0.1098174933	0.134225656	0.0432743812	0.0162149174	-0.0413526223	0.0051884741	-0.0566094708	-0.0696220024	-0.0296842922	-0.1585327227	-0.068210092	-0.0185209219	0.0603634248	-0.1149889544	0.0790228181	0.1437067008	0.1082959623	0.0182840156845429	0.0112161853066368	0.0001258028128328	0.0003343052295526	-0.0063337332863397	0.0002167094220909	4.011617734248749e-05	4.696297362297197e-08	0.0495132965976239	0.0339820697598725	0.0024515665399642	0.0011547810651648	0.0031978274047322	0.0003440230487607	1.0226100110456276e-05	1.1835185807867565e-07	-0.0008366853526999	-5.0956741288700025e-05	2.596589482763506e-09	7.00042379422556e-07	-0.0004271638773357	8.221641569070004e-05	1.8246897810046898e-07	6.759539009025988e-09	0.0	0.0	0.0	0.0	0.0	0.0	0.0	0.0	0.0	0.0	0.0	0.0	0.0	0.0
818.3631538235956	1.0191556429946331	1.038678224647804	669718.2515361019	875.4502264976502	1.1695114612580255	1.367757058013882	766413.099074787	796.8239255115366	-0.4641700657221008	0.2154538499124594	634928.3682676147	807.9361457036547	491.2261819715624	0.736612	16.143133	0.1057579355725839	0.0572122693501983	-0.0145034113	0.0134329294	-2.6092e-06	-0.0911928476	-0.084314094	-0.0535255972	-0.048940511	-0.02838736	-0.0792522088	-0.0622517685	-0.1201520376	0.0571468732	-0.017742716	-0.0017975797	-0.115697571	-0.0370532626	0.0390908561	-0.1316664013	0.0968581202	0.0232167984	0.0402073768	-0.0739419363	-0.0073055927	-0.0211548747	-0.0184689158	-0.0042978938	0.0091776093	0.0158660219	0.016719026	-0.0054653869	-0.0054724534	0.1183367841	-0.076511488	0.088426765	-0.0087981184	-0.0267416546	-0.0212174093	-0.0206532887	0.0084103692	-0.1129109502	-0.0337799406	-0.1056665431	-0.0456319205	-0.0166308518	0.081003752	-0.0189672073	-0.0311466702	0.1412592515	0.0993643757	0.0223815048757671	0.0040974891912242	1.678941767219917e-05	0.0005009317605039	0.012016240057548	0.0183499733438877	0.0001443900251206	0.0003367215217213	0.0682946901755059	0.018781393577882	0.0046641647061683	0.0003527407447273	0.0023784349577579	-0.0008193924469743	5.656952848284824e-06	6.71403982158531e-07	-0.0005398011873798	0.0002968841653201	8.814020761781248e-08	2.913853218966419e-07	-0.0002528589004383	0.0001743049768974	6.393762353086613e-08	3.038222497120315e-08	0.0	0.0	0.0	0.0	0.0	0.0	0.0	0.0	0.0	0.0	0.0	0.0	0.0	0.0
818.309301116293	-0.0538527073025534	0.0029001140838144	669630.1122934358	879.4612655162812	4.011039018630981	16.088434008980187	773452.1175434989	797.0828958814155	0.2589703698789662	0.0670656524752486	635341.1429067035	809.0160909763052	495.1625508085474	0.812659	17.809736	0.0884279856346757	0.0441491224112829	0.006155066	-0.0029447002	-0.0215272656	-0.0468515781	-0.0405576742	-0.0904965079	0.1929483164	-0.025757741	-0.0835985914	-0.0538584725	-0.0859855162	0.0466274836	0.0005693054	0.0157511505	0.0432868493	-0.0244825559	0.0344410681	-0.1262826867	0.0678057517	0.0211214891	0.0285504697	-0.0307945874	0.1023183514	-0.0129902998	-0.0004859655	-0.0154112421	0.0318063463	0.0170876712	0.0305876513	-0.0154971846	0.0304503562	0.1251857886	-0.036664415	-0.0181610319	-0.1357549229	0.0851402511	-0.0527544432	0.1894914155	-0.0522919544	-0.0023432422	0.0064120733	-0.1179043418	-0.0647425607	0.1392544014	0.0721919036	-0.0891805121	0.1111708634	0.1386044847	0.0898496795	0.0145729451733984	-0.0078085597023687	6.097360462545638e-05	0.0002123707310268	-0.0194832286555595	-0.0314994687131075	0.0003795961988448	0.000992216529208	0.0638103185304714	-0.0044843716450345	0.0040717567509602	2.0109589050789544e-05	0.0017879114837621	-0.0005905234739958	3.1966274737683936e-06	3.487179733400683e-07	-0.0004138841326042	0.0001259170547755	1.5855104683361435e-08	1.7130007522153102e-07	-0.0004291300831502	-0.0001762711827119	1.8415262826449763e-07	3.107152985465204e-08	0.0	0.0	0.0	0.0	0.0	0.0	0.0	0.0	0.0	0.0	0.0	0.0	0.0	0.0
818.6222232106653	0.3129220943723112	0.0979202371463536	670142.3443343723	879.2996493339539	-0.1616161823272932	0.0261197903900488	773167.8733188142	797.3767814074328	0.2938855260172204	0.0863687024024183	635809.7315276768	808.7796692020637	491.9853055115902	0.762429	16.708925	0.0289835961652827	0.0183739329940594	0.0081890521	-0.011040491	0.0195004678	0.0232557974	0.0226070457	-0.0368660307	0.00362651	-0.0159952119	-0.043663327	-0.0608104292	-0.0430356553	0.0242025072	-0.0215349366	-0.0018041092	-0.0428004746	-0.0160663757	0.0123395126	-0.0688931349	0.0110107237	-0.0002972103	0.0054650468	-0.0247270299	-0.0065410804	-0.0086187678	0.002643744	-0.0206457009	0.0184787526	0.0029204149	0.0403666627	-0.0073153753	0.0498025126	-0.0593176554	-0.0181921735	-0.0612086723	-0.0669045991	-0.1143613173	0.0340534679	0.1543974442	0.0728850452	-0.152614051	-0.0166017184	-0.0608604672	-0.0280843584	0.0431097842	0.1441053638	-0.1441994424	0.068078954	0.1357462967	0.0798077096	0.0146124946925425	3.954951914409907e-05	1.564164464529459e-09	0.0002135250011395	-0.0246390710354944	-0.0051558423799349	0.0006070838214921	2.6582710646732772e-05	0.0489570072047627	-0.0148533113257086	0.0023967885544471	0.0002206208573384	0.0017879500763888	3.8592626700048246e-08	3.196765475658716e-06	1.4893908356092769e-15	-0.0002358842388132	0.000177999893791	3.1683962189607295e-08	5.564137412048276e-08	-0.0004297894555424	-6.593723921999978e-07	1.8471897609543265e-07	4.3477195159554773e-13	0.0	0.0	0.0	0.0	0.0	0.0	0.0	0.0	0.0	0.0	0.0	0.0	0.0	0.0
820.2047688146249	1.582545603959602	2.5044505886118613	672735.8627862523	867.8891217708588	-11.410527563095116	130.20013926815335	753231.5276881926	798.7923066034645	1.4155251960316946	2.003711580600567	638069.1490888832	810.0337519842731	495.59149160839263	0.734298	16.092424	0.1207486265599079	0.0952603505100324	0.0007022605	0.0066740415	0.0358798478	-0.0177863203	0.009873001	-0.0189867119	0.0919312835	-0.020142789	-0.0108368586	0.0188677705	-0.051253089	-0.0111376479	0.0603514391	0.0930957478	-0.0069087834	-0.0147138423	0.0008860066	-0.003240088	0.0311454125	-0.0150029022	-0.064701839	-0.0535674734	0.0595424053	-0.0073885203	-0.0091376419	-0.0110113	-0.0086078958	-0.0039318172	0.0132828968	-0.0123438062	0.0675368317	-0.0507832413	0.0805422876	-0.0096161617	-0.0626830377	0.0491771369	0.024611153	0.0060175957	0.0235766046	-0.02157276	0.006978483	0.0242856096	-0.0100918556	0.0494441873	0.2353751773	-0.0724763385	0.0715105573	0.1326888823	0.0692973963	0.02228763990108	0.0076751452085375	5.890785397213616e-05	0.0004967388923602	0.0697783231487676	0.094417394184262	0.0048690143814538	0.0089146443245463	0.0571314389976862	0.0081744317929235	0.0032640013219463	6.682133513715852e-05	0.0018369205673959	4.897049100709996e-05	3.374277170922075e-06	2.398108989476457e-09	-0.0003958949824267	-0.0001600107436135	2.5603438071745228e-08	1.5673283711063708e-07	-0.0004291375826793	6.518728630999998e-07	1.8415906486783305e-07	4.2493822964619125e-13	0.0	0.0	0.0	0.0	0.0	0.0	0.0	0.0	0.0	0.0	0.0	0.0	0.0	0.0
824.3921125407649	4.187343726139943	17.533847480843544	679622.355219425	882.4145450115204	14.525423240661668	210.98792032035408	778655.4292478886	801.0199180890222	2.227611485557759	4.962252930588845	641632.9091753438	811.178288514949	509.37278163381467	0.8466249999999998	18.55411	0.197522648520409	0.1071976125229026	-0.0128488808	0.0061145587	0.0437042992	0.0722043956	0.0243584149	0.0201836248	-0.0677548582	0.0092639642	0.0553722936	0.0373156614	0.0907206965	0.0326339711	-0.0509450945	-0.0552345834	0.0690934608	0.0094201114	-0.0333059862	0.0803607756	-0.0541942928	0.0710674504	0.0759569434	0.0950768107	0.0074271949	-0.0063458935	-0.0125467276	-0.003248772	-0.0014274213	-0.0072136261	0.0026242692	0.0061197512	0.0027020714	-0.0480990451	-0.0062593606	-0.1279906885	0.0250825347	-0.0459190531	0.0564872341	0.0919449281	0.0682714642	-0.0130057006	0.0567240168	-0.0688727169	0.008860713	0.0053572756	-0.0353141821	-0.0939692525	0.1898518178	0.1294367287	0.0583804184	0.0047325380999154	-0.0175551018011646	0.0003081815992492	2.2396916867150867e-05	-0.0245189333238613	-0.0942972564726289	0.0006011780913399	0.0088919725782647	0.0299347199530757	-0.0271967190446104	0.000896087458669	0.0007396615267914	0.0022460174551945	0.0004090968877986	5.044594409038378e-06	1.673602636065004e-07	-0.000184864739215	0.0002110302432116	4.4533763549989253e-08	3.417497180502996e-08	0.0001202067103505	0.0005493442930298	1.4449653213289005e-08	3.017791522844108e-07	0.0	0.0	0.0	0.0	0.0	0.0	0.0	0.0	0.0	0.0	0.0	0.0	0.0	0.0
824.072409805764	-0.3197027350008738	0.1022098387670389	679095.336603079	876.2573599815369	-6.157185029983566	37.91092749345373	767826.9609218127	799.9525256367635	-1.067392452258673	1.1393266471387835	639924.0432726368	810.380339992933	514.3692154863696	0.8652609999999998	18.962528	0.1287741548127911	0.0802807226134314	-0.0051645225	0.0011391372	0.0481468116	0.0630134052	-0.0706833536	0.0029129317	0.0183703215	0.0106462906	0.0320351095	0.0153500748	0.0368723919	0.0118187348	0.0033831811	-0.0029810776	-0.0377415792	0.0084824243	-0.0271808926	0.0324193345	-0.0231616112	0.0239594979	0.0197895994	0.0170844604	0.0164601989	-0.0008077699	-0.0042287959	-0.011095338	-0.0128422012	-0.0178016977	0.0009613425	-0.0095370395	-0.0035552288	-0.1277551546	0.0416358554	-0.0711522014	0.0461697117	-0.1559998669	0.0273686966	-0.0849083373	0.2164651816	0.0051336315	-0.0013046697	0.0249024945	0.0435733423	0.0257858843	0.1684026983	-0.0533373374	0.0220926092	0.1259946088	0.0471208409	0.0045275226663648	-0.0002050154335506	4.203132799394055e-08	2.049846149444703e-05	0.047780438702361	0.0722993720262223	0.00228297032259	0.005227199195386	0.0383189064403239	0.0083841864872482	0.0014683385907822	7.029458305295534e-05	0.0018099633775905	-0.000436054077604	3.275967428218811e-06	1.901431585950753e-07	-0.0003951734428842	-0.0002103087036691	4.422975083901937e-08	1.5616204996095206e-07	-0.0001911421256917	-0.0003113488360422	3.6535312213941646e-08	9.693809770483276e-08	0.0	0.0	0.0	0.0	0.0	0.0	0.0	0.0	0.0	0.0	0.0	0.0	0.0	0.0
825.0859119395346	1.0135021337706576	1.027186575157676	680766.7620810935	875.2525604724884	-1.0047995090484392	1.0096220533839844	766067.044613647	801.363150139292	1.4106245025284352	1.9898614871335956	642182.8984011695	812.0409604695218	515.1701824716675	0.805681	17.656807	0.0910099393417538	0.048554630555985	-0.011338713	0.0171858339	0.0747761559	0.0383634217	-0.0047142783	0.0664459938	0.0176931202	0.0289097718	0.0499755808	0.0663145627	0.0912101073	-0.0027229101	0.0426479009	-0.0094574615	-0.0272788321	0.0282358433	-0.0322378843	0.1087234284	-0.0669063342	0.021936853	-0.0157512394	0.0506309312	0.0385721708	0.006140807	-0.0134902634	-0.0037030918	-0.0324368801	-0.0040112227	-0.0154645298	-0.0114461833	0.0274548343	-0.0866288445	0.0758051258	0.0568351632	0.0300636078	0.0245426565	0.0411893617	-0.0613194393	-0.0489235511	0.1059806282	0.0191148568	0.1699097559	0.053921674	0.0498917868	0.0749257827	-0.0268707758	0.0158290846	0.1223675745	0.0355847396	0.0020438307746957	-0.0024836918916691	6.168725412742834e-06	4.177244235593225e-06	0.0095664051104478	-0.0382140335919131	9.15161067372018e-05	0.0014603123633638	0.0273004470851674	-0.0110184593551565	0.00074531441105	0.0001214064465612	0.0021429613841528	0.0003329980065622	4.592283493970084e-06	1.1088767237446553e-07	-0.0001809606446467	0.0002142127982374	4.588712292873988e-08	3.274675491094924e-08	-0.0004298064109522	-0.0002386642852604	1.847335508956114e-07	5.6960641058905316e-08	0.0	0.0	0.0	0.0	0.0	0.0	0.0	0.0	0.0	0.0	0.0	0.0	0.0	0.0
826.9451110571378	1.8591991176031115	3.4566213588961885	683838.2167013019	880.0162551879882	4.76369471549981	22.692787342480813	774428.6093950904	801.505799638464	0.1426494991720801	0.0203488796140452	642411.5468540937	811.9402584517297	519.5539539056423	0.820237	17.975824	0.0952473395601087	0.0459612473229172	0.0068561395	-0.0003578725	0.0112632689	0.0784072182	-0.0178443707	0.1175853289	-0.1561516499	0.0286175516	0.0689810238	0.0801202592	0.0367355105	-0.0001814616	0.0326409265	-0.00969432	0.1919492081	0.0332289041	-0.0269907829	0.1163780524	-0.0341983702	0.0077865603	-0.0358806926	0.0856659877	0.0356809148	0.012438692	0.0034898463	-0.0054493747	-0.0175006037	-0.019933269	-0.0075786825	-0.001807634	0.0212212519	-0.0475677591	0.0875215296	-0.1399769842	0.0308522733	0.1336348449	-0.0567809511	0.0072534937	0.0688775474	0.2269514339	0.0060820844	-0.0013977049	-0.0323050546	0.1484411885	0.0970515288	-0.1193176466	0.0788513536	0.1185609488	0.023839813	0.0083824016521418	0.0063385708774461	4.0177480768407823e-05	7.026465745782958e-05	0.014990334199652	0.0054239290892042	0.0002247101194172	2.9419006764715508e-05	0.000730619648209	-0.0265698274369584	5.33805070349043e-07	0.0007059557300297	0.0014069543793543	-0.0007360070047985	1.979520625584243e-06	5.417063111124593e-07	-0.0003951698175777	-0.0002142091729309	4.5885569767783065e-08	1.5615918472439268e-07	-0.0002417223455517	0.0001880840654004	5.842969233901546e-08	3.5375615657579555e-08	0.0	0.0	0.0	0.0	0.0	0.0	0.0	0.0	0.0	0.0	0.0	0.0	0.0	0.0
829.8581810465719	2.9130699894341205	8.485976763341707	688664.6006499248	885.4179368019104	5.401681613922165	29.17816425818476	783964.9228105518	803.338666151081	1.832866512616988	3.35939965307276	645353.012533398	813.0262680841871	528.9541342599051	0.955691	20.944347	0.1703615216176029	0.0703615756597439	0.0235352581	-0.0474111562	0.0280579318	0.0651676928	-0.0778643921	0.0726280395	-0.1160078052	0.0634906793	0.1060948903	0.0671955882	0.1131166591	0.0963268429	0.0723488837	-0.1051624605	0.0839725002	0.0522134093	-0.0585466727	0.1036848855	-0.0369499227	0.0972962645	0.0228676212	0.140554275	0.0729228176	0.0233898269	0.0207999149	-0.0175564564	-0.0010578583	0.0150287283	-0.0145228984	0.0294612811	-0.0153300358	0.1303565281	-0.0092710707	-0.1513708033	0.1259495464	-0.034128853	-0.0413662008	0.0300862905	0.1725061038	0.2921639578	-0.083116278	-0.1683881685	0.0340174391	0.258878272	-0.1015739079	0.0763969781	0.0629526649	0.1145803187	0.0119549848	-0.0119831456167531	-0.0203655472688949	0.0004147555155615	0.0001435957788723	-0.0194607937036153	-0.0344511279032673	0.0003787224915746	0.0011868802138072	-0.0403752960610717	-0.0411059157092807	0.0016301645320191	0.0016896963062984	0.0006540326004538	-0.0007529217789004	4.2775864245636e-07	5.668912051426933e-07	0.0001523593930619	0.0005475292106396	2.997882365036235e-07	2.3213384654190545e-08	-0.0004300499707348	-0.0001883276251831	1.8494297732900238e-07	3.54672944071062e-08	0.0	0.0	0.0	0.0	0.0	0.0	0.0	0.0	0.0	0.0	0.0	0.0	0.0	0.0
824.5934434626555	-5.264737583916372	27.71746182750159	679954.3470015996	890.748743724823	5.330806922912643	28.41750244937336	793433.3244473505	801.5164937770113	-1.822172374069737	3.320312160822942	642428.6897965939	812.4976355497502	521.073104065734	0.979619	21.468725	0.1394768625825079	0.0723094409407838	0.0397844283	-0.0576239199	-0.0525911597	-0.0151826345	-0.0912203781	-0.0101555668	-0.0401065462	0.0651653171	0.0223009693	-0.0307190552	0.1248588439	0.0856863659	0.0572146741	-0.1337035131	-0.0276452057	0.0515193422	-0.0111992555	-0.0225782113	-0.0644347697	0.0934451773	0.0315536884	0.08858516	-0.0240844423	0.0327303553	0.0336907291	-0.0208256798	0.0329243638	0.0318590131	0.006638172	0.0095248972	-0.0329283193	0.2031876844	-0.042350557	0.0925254616	0.0318526068	-0.1935633355	0.0099014948	-0.0498377699	0.1017925788	0.0862563052	-0.0638250066	-0.0865964818	0.0800125613	0.0423650541	0.0080868485	0.2243867232	0.0167813354	0.1104315261	-0.0	-0.0025156375402133	0.0094675080765398	8.963370917934634e-05	6.328432233730423e-06	0.0174196478724155	0.0368804415760308	0.0003034441319989	0.001360166970843	-0.0045182507590197	0.035857045302052	2.0414589921382097e-05	0.0012857276977934	-7.099700509674518e-05	-0.0007250296055505	5.040574732707261e-09	5.256679289247791e-07	5.800366983543803e-05	-9.435572322646195e-05	8.903002505588695e-09	3.3644257143785042e-09	-0.0001039979469541	0.0003260520237807	1.0815572970667797e-08	1.0630992221149019e-07	0.0	0.0	0.0	0.0	0.0	0.0	0.0	0.0	0.0	0.0	0.0	0.0	0.0	0.0
822.2042466906472	-2.3891967720082903	5.708261215374834	676019.8232761347	884.3382739543915	-6.410469770431519	41.094122677616326	782054.1827806324	799.8811978653878	-1.6352959116235295	2.6741927185726317	639809.9306985677	810.8321547074752	504.2785493512174	0.8342589999999999	18.283121	0.0872032782803072	0.0404232824083592	0.0455748961	-0.0297187787	-0.0285027596	-0.0131078709	-0.0417861535	-0.0275090715	0.0175108792	0.029654192	-0.0155446607	-0.0365133628	-0.0735988307	0.0737338348	-0.0621483266	0.0282226422	-0.0348335751	0.0197496168	-0.0044294324	-0.0861746269	0.0728006561	0.0309071829	0.042132219	-0.0639671885	0.0053603116	0.0358979178	0.0220510068	-0.0221090379	-0.0009526527	0.0310581619	0.0194280556	0.0128914902	0.0124760286	0.2214900788	-0.0477203382	0.0289245561	-0.0570187012	-0.0518992316	-0.0616397774	0.0115387038	0.0203019444	0.0018234322	-0.0175040808	-0.0894730144	-0.0386239407	0.1170472292	0.0551665843	0.1525646529	-0.0432148475	0.10612066	-0.0119549848	-0.0119754468165638	-0.0094598092763505	8.948799154492695e-05	0.0001434113264563	0.0171764225556927	-0.0002432253167228	0.0002950294918117	5.91585546949066e-08	0.0195872881269991	0.0241055388860188	0.00038366185617	0.0005810770049853	8.191414374509645e-05	0.0001529111488418	6.709926945492324e-09	2.338181944013184e-08	0.0005650118935773	0.0005070082237418	2.570573389418779e-07	3.1923843988380614e-07	0.0003039767764865	0.0004079747234406	9.240188064312359e-08	1.6644337496643408e-07	0.0	0.0	0.0	0.0	0.0	0.0	0.0	0.0	0.0	0.0	0.0	0.0	0.0	0.0
821.0426510564789	-1.1615956341682931	1.349304417318839	674111.034853851	885.7190193176269	1.3807453632354054	1.906457758096072	784498.1811809788	799.0592781229223	-0.8219197424655249	0.6755520630545948	638495.7299543256	810.5003121588841	501.90995758023615	0.7665739999999999	16.799776	0.0640804230195819	0.0379099735456653	0.0555098225	-0.0118360636	-0.057050448	-0.0359771397	-0.0095062269	-0.0644752155	0.2086214018	0.0268842768	-0.0422497963	-0.0113322523	-0.1000240881	0.0470584445	-0.0766932093	0.0314039784	-0.0076101967	0.0188762533	0.0177659037	-0.0868357143	0.1029717974	0.0222828293	0.0709254022	-0.0517492722	0.0864930052	0.0414649865	0.0219844579	-0.0125840506	0.0002273162	0.0218197525	0.0030095861	-0.0010288562	0.0251889764	0.0755635865	0.0052569074	-0.0500867042	-0.201594685	0.0901554528	-0.0158620488	0.1635560654	-0.0623408962	0.0672829389	0.0179231948	0.0242568834	-0.0069610198	0.0689616613	0.0155830448	-0.0030212238	0.0072674889	0.1016540472	-0.023839813	-0.0120652693666727	-8.982255010889922e-05	8.068090508065711e-09	0.0001455707248903	-0.0171732414102621	-0.0343496639659548	0.0002949202205351	0.001179899414574	0.0307328393147372	0.0111455511877381	0.0009445074123454	0.0001242233112784	0.0002448975849803	0.0001629834412352	5.997482712918326e-08	2.6563602116869048e-08	0.0004800516212577	-8.496027231959995e-05	7.218247872620581e-09	2.3044955907214626e-07	0.0004259407692473	0.0001219639927608	1.814255389069817e-07	1.4875215530156474e-08	0.0	0.0	0.0	0.0	0.0	0.0	0.0	0.0	0.0	0.0	0.0	0.0	0.0	0.0
821.9282647477589	0.8856136912800139	0.7843116101826118	675566.072391262	879.0289122104645	-6.690107107162476	44.75753310530587	772691.8285019124	799.6334262479542	0.5741481250319111	0.329646069477659	639413.6163730423	810.9557036407723	503.3620998498165	0.676503	14.825834	0.0546294364476034	0.0248606843286325	0.0520603485	-0.0122451398	-0.0341405628	0.0187290337	0.053276939	-0.0452334504	0.1082298088	0.0237653244	-0.0391244155	0.0146613403	-0.0449125319	-0.052581789	-0.0324558447	0.0490249931	0.085656749	0.0283911529	0.030073596	-0.0165114329	0.0511448668	-0.0647302222	0.0134526161	-0.0297104167	0.0175898783	0.0443563334	0.0285051936	-0.0268502764	0.0011557753	-0.0041158658	0.0030946	-0.012196077	0.0564400789	-0.0114415292	0.0179198791	-0.1549430826	-0.08599991	-0.0547512749	0.0593099927	0.1197905756	0.0480346576	-0.0921912399	0.0314459604	-0.0184398963	-0.0071243106	-0.0883073231	-0.0297216281	-0.0479294889	0.1225309451	0.0970382431	-0.0355847396	0.0038445541909908	0.0159098235576635	0.0002531224856359	1.4780596927464924e-05	-0.0190617167550186	-0.0018884753447564	0.0003633490456485	3.5663391277531747e-06	0.0254558023548838	-0.0052770369598534	0.0006479978735309	2.7847119075658818e-05	0.0003039859557226	5.908837074230003e-05	9.240746127658252e-08	3.491435556979498e-09	0.0001700247855804	-0.0003100268356773	9.611663884007958e-08	2.8908427711661e-08	0.0001639739639603	-0.000261966805287	2.6887460856853764e-08	6.862660707227699e-08	0.0	0.0	0.0	0.0	0.0	0.0	0.0	0.0	0.0	0.0	0.0	0.0	0.0	0.0
821.7775400845079	-0.1507246632510259	0.0227179241121351	675318.325387345	877.2071971416474	-1.8217150688170705	3.318645791955184	769492.466717105	799.2935416913072	-0.3398845566470072	0.1155215118471326	638870.1657894334	810.4917016620478	502.8942306650665	0.662907	14.527869	0.0649206939337125	0.0344893829532953	0.0610278281	-0.0241676479	-0.0367337202	0.0242974605	0.0261040683	-0.0190300116	0.1054583804	0.0449345615	-0.0550708136	0.0034630671	-0.0147532566	-0.0929040906	-0.0066928034	0.0251384616	-0.041824237	0.0553503795	0.0440647095	0.0053226167	-0.009636289	-0.0741554254	-0.0348660708	-0.0379723538	-0.0371460918	0.0512025026	0.036948638	-0.0225596786	-0.000747216	-0.0021811371	0.0058339826	-0.0078031567	0.0355728433	-0.0918256911	0.0451810725	-0.0737785205	-0.0464669138	-0.1581286731	0.1025226338	0.0230757613	0.1249840289	-0.0286499023	0.0270458339	0.0735148903	0.0440528184	-0.1127934295	0.0403579611	-0.0322473216	0.0784932896	0.092280022	-0.0471208409	0.0124281542855726	0.0085836000945818	7.36781905837047e-05	0.0001544590189459	0.0063422969758022	0.0254040137308208	4.022473092926973e-05	0.0006453639136357	0.025937822709821	0.0004820203549372	0.0006727706469261	2.323436225737851e-07	4.101356424074589e-05	-0.0002629723914818	1.6821124517297902e-09	6.915447868168555e-08	-0.0001269951755058	-0.0002970199610862	8.822085728364779e-08	1.6127774601748946e-08	0.0002130028064597	4.90288424994e-05	4.5370195559708414e-08	2.4038273968309718e-09	0.0	0.0	0.0	0.0	0.0	0.0	0.0	0.0	0.0	0.0	0.0	0.0	0.0	0.0
824.0868848634035	2.3093447788955928	5.333073307812335	679119.1938038685	878.3023884296417	1.0951912879943393	1.1994439572987	771415.0855212132	800.5780470827792	1.2845053914720663	1.649954100720807	640925.2094708766	811.4899342828546	509.8718206479952	0.623991	13.675015	0.0259762560260276	0.0148639119164624	0.0577871431	-0.0102277148	-0.0349227879	0.0679507042	0.0586400014	0.0370448581	0.087754017	0.0684406107	-0.0224296576	0.0142861995	0.016789804	0.0259453689	0.0775357429	-0.0100812229	-0.0143900065	0.0779857994	0.0170311696	0.0244268263	-0.0467419708	0.0149730639	-0.0560063384	0.0193342693	0.069705435	0.0572979132	0.0288520168	-0.0215126827	-0.017394498	-0.0191543987	-0.001465853	-0.0192681797	0.0717351069	-0.0581874014	0.0538875962	-0.1304947415	-0.0629269808	-0.0855977626	0.0269459069	0.057894665	0.0474378794	-0.1112414899	0.0239357731	0.1110605799	-0.005561228	-0.0179060103	0.0796449795	-0.0068885907	0.0473822097	0.0873863672	-0.0583804184	0.0162940507183435	0.0038658964327708	1.4945155228910768e-05	0.0002654960888119	0.0064918471222341	0.0001495501464318	4.214407905845916e-05	2.236524629780262e-08	0.0149758785020139	-0.0109619442078071	0.000224276936907	0.000120164220815	0.000184011177622	0.0001429976133812	3.3860113489835236e-08	2.0448317432734625e-08	-0.0001469854595965	-1.99902840907e-05	3.996114580268934e-10	2.160472533279433e-08	0.0001560133991513	-5.69894073084e-05	2.434018071474285e-08	3.2477925453627155e-09	0.0	0.0	0.0	0.0	0.0	0.0	0.0	0.0	0.0	0.0	0.0	0.0	0.0	0.0
823.5869011693542	-0.4999836940493196	0.2499836943152036	678295.3837777396	885.2522001743316	6.949811744689896	48.299883286629615	783671.4579134949	800.392578174947	-0.1854689078322735	0.0343987157724963	640628.2791975385	811.9706151820411	511.0007643679004	0.609722	13.3623	0.0645574203712939	0.0354830715587153	0.069257905	-0.018379038	-0.0766768197	0.046842798	0.0266472549	0.0578973815	0.0583709541	0.0733732107	-0.0398285496	-0.0257535004	-0.0120774201	0.0402504049	0.0653044461	0.0375602058	0.027744254	0.0789382892	0.0344593056	-0.0243938495	-0.0304323616	0.0325061248	-0.0649673641	0.0043130664	0.0595085922	0.0649431012	0.0388426	-0.028905675	-0.001998928	0.0051974317	-0.0115871498	-0.0230402565	0.0571095027	-0.0423642453	0.0955236185	-0.0947455522	-0.178605537	0.0101622172	0.0556498337	0.155104174	0.005701982	0.0572384358	0.0319928747	0.1238641188	0.0137174947	-0.0445711176	0.0371303396	-0.0217860356	0.0647548424	0.0823644609	-0.0692973963	0.0050696146368522	-0.0112244360814913	0.0001259879653474	2.5700992566186063e-05	5.298189151403676e-05	-0.00643886523072	2.8070808284051606e-09	4.145898545937573e-05	0.0315163625422769	0.016540484040263	0.0009932811078962	0.0002735876122861	-0.0003159925362527	-0.0005000037138747	9.985128296741393e-08	2.5000371388849284e-07	-0.0001790127145591	-3.202725496260001e-05	1.0257450604393868e-09	3.204555197381781e-08	8.097166761220901e-05	-7.504173153909098e-05	6.556410955902058e-09	5.631261472385003e-09	0.0	0.0	0.0	0.0	0.0	0.0	0.0	0.0	0.0	0.0	0.0	0.0	0.0	0.0
823.8013749459897	0.2144737766354865	0.0459990008642885	678648.7053629031	884.0644411087036	-1.187759065628029	1.4107715979815685	781569.9360328445	801.1822341943919	0.7896560194449194	0.6235566290455948	641892.9723887173	812.9049818811338	509.2121329286914	0.565841	12.400628	0.053645266266037	0.033888814340402	0.076488485	-0.022461477	-0.0814891544	0.0390118016	0.057230897	-0.0030641697	0.0863322778	0.0822685015	0.0081657208	-0.0184788728	-0.0418237849	0.0491625865	0.0081797307	0.1026611943	0.0900414065	0.0814683674	0.0009584404	-0.0181335984	0.0061220746	0.028427088	-0.0440438162	-0.0233614744	0.0018345183	0.0689279538	0.0491885273	-0.0330825774	0.0147571397	-0.016181932	-0.0047255747	-0.0122772469	0.0777038247	0.0357160591	0.0769439261	-0.1679559894	-0.0977553447	-0.0477693997	0.055304997	0.1495644949	0.0212744306	-0.0424671834	0.0475953667	-0.05537079	0.0065408177	-0.1011623947	-0.0340636385	-0.0220812137	0.0520109279	0.0772216734	-0.0798077096	0.007253170645157	0.0021835560083047	4.767916841403988e-06	5.26084844077672e-05	0.0021028306532855	0.0020498487617714	4.4218967563971226e-06	4.201879946136001e-06	0.0315021625993665	-1.4199942910401995e-05	0.0009923862484369	2.0163837865867596e-10	-0.0004630312190769	-0.0001470386828242	2.1439790983984013e-07	2.162037424667569e-08	9.785065344991573e-05	0.000276863368009	7.66533245452957e-08	9.574750380575504e-09	0.00064502284784	0.0005640511802277	4.160544742356238e-07	3.18153733916364e-07	0.0	0.0	0.0	0.0	0.0	0.0	0.0	0.0	0.0	0.0	0.0	0.0	0.0	0.0
823.0973825573818	-0.7039923886078441	0.4956052832177777	677489.3011728129	883.6184977054596	-0.4459434032439731	0.1988655188968167	780781.6494872534	800.6994399649813	-0.4827942294106151	0.2330902679521896	641119.5931602346	812.8678705514955	502.7339477869339	0.61195	13.411128	0.0672445229160109	0.0388695747312613	0.0936350078	-0.0317103127	-0.0654890741	0.0419623914	0.0108317181	-0.0619074379	0.1339097749	0.0816192841	-0.0038888485	-0.018626437	-0.0778760725	0.0012926827	-0.1109074984	0.0527915798	0.0047457572	0.0808856391	-0.0131637975	-0.0494497849	0.0626079598	0.0094545942	0.0418894997	-0.0335851314	-0.0788979124	0.0785155506	0.0551372325	-0.0197627917	0.0126833763	0.00793461	-0.0031656423	-0.0363551589	0.0072298666	0.0578346075	0.0334166455	-0.0874406068	-0.1601743318	-0.0564843859	0.0355054533	0.0751956693	0.087543739	-0.067177767	0.0522797169	-0.0045398881	-0.026905395	-0.0829252849	-0.0566041944	0.0061570488	-0.1929908269	0.0719655524	-0.0898496795	0.008150697264071	0.000897526618914	8.055540316591965e-07	6.643386589053448e-05	-0.0165480236517368	-0.0186508543050222	0.0002738370867784	0.0003478543663071	0.0317118202132604	0.0002096576138938	0.0010056395412381	4.395631506368199e-08	-0.0010399123812434	-0.0005768811621665	1.0814177606633185e-06	3.327918752625716e-07	-0.000271833274505	-0.0003696839279549	1.366662065881753e-07	7.389332912811066e-08	0.0006418582503978	-3.1645974422000404e-06	4.119820136037249e-07	1.0014676971179038e-11	0.0	0.0	0.0	0.0	0.0	0.0	0.0	0.0	0.0	0.0	0.0	0.0	0.0	0.0
824.1638260322179	1.0664434748360918	1.137301685020478	679246.0121400639	886.7724166870117	3.153918981552124	9.947204942194787	786365.3189969232	800.2181841012109	-0.4812558637703432	0.2316072064133391	640349.1421662394	811.6387695517421	503.5301438286191	0.626806	13.736689	0.0205789158187819	0.014788760387352	0.0904790962	-0.0452382116	-0.063202138	0.0707057939	0.0065002297	-0.0466379988	0.1386943136	0.0769773748	-0.0196661914	-0.0109148202	-0.1211251674	-0.0440112716	-0.1164730835	0.0863455158	-0.0086113642	0.075531202	-0.0091230603	-0.0677200493	0.1080409264	-0.0744578107	0.0708023195	-0.0848787321	0.0443769193	0.0844720847	0.0540007119	-0.021288218	0.004902216	0.0048441127	-0.0033568612	-0.0170312999	0.045338593	0.1711183249	0.0280574627	-0.0761365958	-0.1769963695	0.007882471	-0.0313485683	0.0232965113	0.0115381726	-0.0380352144	0.0080388269	0.0234631115	-0.0254457539	0.0019454171	-0.10023403	0.0811859067	-0.2528519526	0.066603812	-0.0993643757	0.0081799716022743	2.9274338203299707e-05	8.569868772411728e-10	6.691193541401397e-05	-0.0044769601274907	0.012071063524246	2.0043171983141545e-05	0.0001457105746063	0.0316901744246678	-2.164578859259469e-05	0.0010042671550658	4.685401637953027e-10	-0.0010409643377373	-1.0519564939001028e-06	1.0836067524408557e-06	1.1066124650585973e-12	-0.0001038337652645	0.0001679995092404	2.822383510504884e-08	1.0781450809003286e-08	0.0006419454280182	8.717762040001079e-08	4.1209393255347e-07	7.599937498608377e-15	0.0	0.0	0.0	0.0	0.0	0.0	0.0	0.0	0.0	0.0	0.0	0.0	0.0	0.0
823.1433027493788	-1.0205232828391215	1.041467770816738	677564.8968611555	887.1553963184357	0.3829796314239502	0.1466733980856247	787044.6972169207	799.8154217459371	-0.4027623552738077	0.1622175148257049	639704.7088626312	810.9922560148003	504.6132825422081	0.656328	14.383696	0.0398907424200174	0.0215495154960591	0.1022612677	-0.0375482478	-0.078066175	0.0469795067	0.004412172	-0.0460523031	-0.0311746196	0.0881135727	-0.0402722871	-0.0435215047	-0.0679627809	-0.0233790503	-0.0453550858	0.0254392564	-0.0134875199	0.0889531376	0.0098926688	-0.0912668519	0.0648756812	-0.0338221773	0.031708946	-0.0697982027	0.0088196044	0.0882230462	0.0596797358	-0.0211644581	0.00884303	0.0181824332	-0.0132700507	-0.0263101595	0.0293222146	0.1995602308	0.0693806645	0.0845627238	-0.1839852541	0.0706957212	0.0115378952	0.0248218111	-0.0949717571	0.104580306	-0.0334031189	0.0097460191	-0.0098076143	-0.0266115459	-0.0616314277	0.0088306898	-0.0718430051	0.0611443214	-0.1082959623	0.0078809001005026	-0.0002990715017716	8.94437631719791e-08	6.21085863941019e-05	0.0049565343235258	0.0094334944510164	2.4567232500289363e-05	8.899081755735908e-05	0.047802153201772	0.0161119787771042	0.0022850458507256	0.0002595958601138	-0.0007649649589186	0.0002759993788187	5.851713883733355e-07	7.617565710830828e-08	-0.0001087454728569	-4.911707592400005e-06	2.412487147323985e-11	1.1825577866870777e-08	0.0006419582954096	1.2867391399997222e-08	4.121104530451992e-07	1.6556976144072247e-16	0.0	0.0	0.0	0.0	0.0	0.0	0.0	0.0	0.0	0.0	0.0	0.0	0.0	0.0
824.0729193233741	0.929616573995304	0.8641869746467664	679096.1763621483	884.2352280139924	-2.9201683044433366	8.527382926275472	781871.938460957	800.4590606439718	0.6436388980347374	0.4142710310633711	640734.7077670298	811.1067185993037	507.7258503406079	0.640477	14.036299	0.0609851653038285	0.0289332524700665	0.1031224031	-0.0421880088	-0.0884640389	0.0676731444	-0.031735707	-0.0310968347	-0.0091304443	0.0970109749	-0.0206876127	-0.0674488317	-0.06575006	-0.013411676	-0.0135947327	0.0465415122	0.0377670212	0.10011233	0.0033552888	-0.0947146719	0.0370360455	-0.0330020293	0.0208293869	-0.0607461595	-0.0019673134	0.0913939445	0.0686588862	-0.0298510552	0.013102652	0.0119849107	-0.0060983297	0.0007173986	0.0417971758	0.2732663302	-0.0037572509	0.0127457102	-0.0105119121	-0.0719836741	0.0344918355	-0.0441509445	-0.0161262161	-0.0221656203	-0.0198892113	-0.1195531955	-0.0307161148	-0.1698179955	-0.0944653631	0.0792942716	-0.0407928598	0.055595093	-0.1165920251	0.0105996839797768	0.0027187838792741	7.391785782201264e-06	0.0001123533004711	-0.0163400219393139	-0.0212965562628397	0.0002669963169772	0.0004535433086562	0.0413063042057473	-0.0064958489960246	0.0017062107671377	4.2196054179155086e-05	-0.000959962326226	-0.0001949973673073	9.215276677732332e-07	3.8023973256817046e-08	-0.0002211630272688	-0.0001124175544119	1.26377065399525e-08	4.891308463069997e-08	0.0003398936938151	-0.0003020646015944	1.1552772309527297e-07	9.124302353644401e-08	0.0	0.0	0.0	0.0	0.0	0.0	0.0	0.0	0.0	0.0	0.0	0.0	0.0	0.0
824.1544722885759	0.0815529652018085	0.0066508861332073	679230.594193261	885.0436535358429	0.808425521850495	0.6535518243792452	783302.2686640731	802.0554257656665	1.5963651216947028	2.548381601763343	643292.9060001447	813.1930320440246	505.5765176665731	0.741247	16.244709	0.1135633571282327	0.0540161423879208	0.1101354612	-0.0345277268	-0.0660032015	0.0864582595	-0.0313258512	-0.0481124967	-0.0479143876	0.1137469254	0.0195935492	-0.01698	0.0410602259	-0.0910942944	0.0414074161	-0.0084438087	-0.0734282116	0.1144726662	-0.0156087015	0.0074234159	-0.0296899154	-0.0408175185	-0.0173534849	-0.0246034853	-0.1040745463	0.0977779348	0.0660463863	-0.0187558676	-0.001514013	0.009380271	-0.0301372841	-0.0150441749	-0.006321336	0.0927605609	0.025117547	0.0744120534	0.0153247515	-0.1516017721	0.0888392425	-0.1552838943	0.1208874623	0.0337896215	-0.0080444717	0.0574530457	0.0061243449	-0.1545049825	-0.0426283608	0.0376038798	-0.1083145479	0.0499642712	-0.1242038795	-0.002677079151212	-0.0132767631309888	0.0001762724392363	7.166752781853963e-06	0.0267729502729991	0.043112972212313	0.0007167908663204	0.0018587283729796	0.0299521438563914	-0.0113541603493559	0.0008971309215939	0.0001289169572388	-0.0006070173592371	0.0003529449669889	3.684700744151825e-07	1.245701497227957e-07	0.00018694423906	0.0004081072663288	1.6655154083036609e-07	3.494814851772242e-08	0.0001845566984213	-0.0001553369953938	3.406117493217068e-08	2.4129582137973452e-08	0.0	0.0	0.0	0.0	0.0	0.0	0.0	0.0	0.0	0.0	0.0	0.0	0.0	0.0
825.8272385788955	1.6727662903196006	2.798147062029598	681990.627978844	889.3202836990356	4.276630163192749	18.28956555273004	790890.5669985332	802.4506988275656	0.3952730618990472	0.156240793463048	643927.1240488484	813.5752623534399	510.5795818758217	0.721402	15.809798	0.0748378216515896	0.0492920135954049	0.1019428488	-0.0345850409	-0.0628838	0.116978978	0.040467711	0.0282168418	-0.0604076045	0.1306370774	0.0150742944	0.0276404566	0.082642792	-0.0287332737	0.0312266866	0.0179205824	0.0034785405	0.1302564751	-0.0076251512	0.0603119906	-0.0576522341	0.0004372792	-0.0465943679	0.0180518364	-0.0170127897	0.1038112637	0.0688021731	-0.0206856007	1.29556e-05	-0.0188650403	-0.0293997273	-0.0290434642	0.0956791169	-0.0085932275	0.1492042747	0.0416264022	-0.0388164928	-0.0940232011	0.0561117114	-0.033710453	-0.0610183281	0.0820730037	0.0009438627	0.2126106968	0.0395280589	-0.006494278	-0.0642238059	-0.0881315869	-0.1770135661	0.0442601199	-0.1310868562	0.0051987370275128	0.0078758161787248	6.20284804810633e-05	2.702686668123263e-05	-0.0202085343706954	-0.0469814846436945	0.0004083848614115	0.0022072598993257	0.0299574478986102	5.304042218799016e-06	0.0008974486845979	2.8132863858802382e-11	-0.0005130112669855	9.400609225160002e-05	2.63180560054068e-07	8.837145380416332e-09	6.390587422266947e-05	-0.0001230383648373	1.513843922184405e-08	4.0839607601636495e-09	0.0003670165770714	0.0001824598786501	1.347011678452069e-07	3.329160731700922e-08	0.0	0.0	0.0	0.0	0.0	0.0	0.0	0.0	0.0	0.0	0.0	0.0	0.0	0.0
822.6616337207719	-3.165604858123629	10.021054117775922	676772.1635961294	884.5857696533203	-4.734514045715287	22.41562324907533	782491.9838731571	800.4406497037547	-2.010049123810859	4.040297480132802	640705.233698169	811.7010160004797	507.3008208997322	0.611509	13.401461	0.0127329650962649	0.00770843018249	0.1247710609	-0.0411408452	-0.088571217	0.0874253239	0.0497880427	0.0824510842	-0.1306769795	0.1327120415	-0.0411883557	-0.0330498572	-0.0063569783	-0.070074712	0.0971021625	-0.001786143	-0.017077157	0.1396751111	0.0268695941	-0.0008217994	-0.0637630436	-0.0364732487	-0.1284674775	0.0148493652	-0.0720719771	0.1094736977	0.0788479699	-0.021100294	0.0159118811	-0.0158848801	-0.024961658	-0.0252436533	0.0516921077	-0.0126756679	0.1445852686	0.1606572167	-0.0258523707	-0.0400513184	0.097357252	-0.046844044	-0.0706597141	0.1622707249	-0.0376864892	0.1744450304	0.0514619554	-0.0810349498	-0.0567299343	-0.1203604438	-0.0592738236	0.0384910108	-0.1372005631	0.0047800621122036	-0.0004186749153091	1.7528868470916573e-07	2.2848993796524347e-05	-0.0203953189600412	-0.0001867845893457	0.0004159690354818	3.488848281707792e-08	0.0299295506674468	-2.789723116339987e-05	0.0008957780031552	7.782555065841688e-10	-0.0006380256404025	-0.000125014373417	4.070767178110202e-07	1.562859356084512e-08	0.0001178628165865	5.395694236383053e-05	2.91135162925373e-09	1.3891643533702941e-08	0.0004300374284995	6.302085142810001e-05	1.849321899104626e-07	3.971627714722655e-09	0.0	0.0	0.0	0.0	0.0	0.0	0.0	0.0	0.0	0.0	0.0	0.0	0.0	0.0
823.6697465619243	1.0081128411524105	1.0162915004963853	678431.8514013846	889.0395060062408	4.453736352920487	19.83576750132548	790391.2432398207	802.0003546731951	1.5597049694404177	2.432679591697134	643204.5688959308	813.4298967172292	506.7288389082079	0.701324	15.369799	0.0500685078580316	0.0252881336672606	0.1368761004	-0.0525200738	-0.1647090172	0.1021348066	0.0740086358	0.0524175277	-0.1495081368	0.1371555927	-0.0025410449	-0.0345025152	0.0141323159	0.0107444747	0.1351857097	0.0404794334	0.0618161889	0.1452431943	0.0090710375	0.0167415076	-0.0555567879	0.0180155334	-0.1488645707	-0.0072011989	-0.0687935116	0.1189743836	0.0847779209	-0.0132714465	0.0176342305	-0.0128143317	-0.0132155167	0.0035889769	0.0836033341	0.0491203246	0.0389840893	0.120024393	0.1103640474	0.0216763827	-0.0107905103	-0.082492677	-0.1915024504	0.0211727811	-0.0261781353	0.0411949914	-0.0047406789	0.0348255471	-0.0531498644	-0.0484058831	0.0446226423	0.0326654109	-0.1425091225	-0.0120108042276569	-0.0167908663398605	0.000281933192443	0.0001442594181951	-0.0202569057502017	0.0001384132098394	0.0004103422305725	1.91582166580726e-08	0.0140120304129851	-0.0159175202544617	0.0001963369962944	0.0002533674510511	-0.0005750599481386	6.296569226389996e-05	3.3069394395316937e-07	3.964678402272151e-09	0.0001868151332562	6.89523166697e-05	4.754421974118588e-09	3.489989401353176e-08	0.0006425535806433	0.0002125161521437	4.128751039975258e-07	4.5163114922006734e-08	0.0	0.0	0.0	0.0	0.0	0.0	0.0	0.0	0.0	0.0	0.0	0.0	0.0	0.0
821.2362660557754	-2.43348050614884	5.921827373806413	674429.0046852324	882.5672563791275	-6.472249627113342	41.8900152356688	778924.9620325805	800.5955619749578	-1.4047926982373156	1.9734425250208776	640953.2538539985	810.776459827896	497.9634515299941	0.7890399999999999	17.292128	0.0601183414718103	0.0300170323987209	0.1574188788	-0.0695950755	-0.1045743397	0.1132077928	-0.0710345771	-0.002787954	-0.1321851463	0.1440034885	-0.0352941321	-0.1171007872	-0.0349485228	-0.0838339639	-0.0505917515	-0.0254610449	-0.0125338509	0.1425510139	-0.0122012038	-0.1188815843	-0.0121228925	-0.0799850346	0.0202045842	-0.0503778771	-0.089293315	0.126675208	0.0976980932	-0.0055176939	0.0354652227	0.0085954654	0.0104584071	0.0199662931	-0.0725319116	0.0926733245	-0.1051232188	0.1659147798	0.1120222051	-0.0044789866	-0.0241038235	-0.1018293062	-0.0400371784	-0.0566644651	-0.0397419141	-0.0916753698	-0.0201141444	-0.0269415762	-0.0010696739	-0.0027868582	0.101105586	0.0267918699	-0.1469813818	-0.0014379910203103	0.0105728132073466	0.0001117843791174	2.067818174493057e-06	0.002447501944772	0.0227044076949737	5.990265769662723e-06	0.0005154901287795	0.0201514872289152	0.00613945681593	0.0004060824375371	3.769292999467055e-05	-0.0006780310776036	-0.000102971129465	4.597261421962991e-07	1.0603053503297792e-08	0.0001868873971655	7.226390930000761e-08	5.222072587319727e-15	3.4926899219295344e-08	0.0003315636989464	-0.0003109898816968	1.0993448645901897e-07	9.671470651785185e-08	0.0	0.0	0.0	0.0	0.0	0.0	0.0	0.0	0.0	0.0	0.0	0.0	0.0	0.0
825.3150342058681	4.078768150092628	16.63634962221004	681144.9056862332	884.0480518579483	1.4807954788208235	2.192755250096192	781540.9579938336	802.1133013786153	1.5177394036575151	2.30353289741467	643385.7482485014	812.1460612115782	506.9467181829147	0.699429	15.328257	0.087941649704501	0.040127039689279	0.1454009072	-0.0850478422	-0.0853506521	0.1598661388	-0.0677211019	-0.0314688264	-0.0294751891	0.1352915845	0.0191061659	-0.0373155743	0.0033237294	-0.0981607509	-0.0787165743	-0.0176365257	0.0109991137	0.1318625717	-0.0343044497	-0.0487698893	0.016254628	-0.0954328781	0.078932475	-0.0418557147	0.0058849201	0.1286844714	0.0980484421	0.0091571766	0.0190644468	-0.0081805396	-0.0097354924	0.0264904159	-0.0136990506	0.0877116025	-0.1095472055	0.0673234568	0.1831424064	0.0053284181	-0.1280604872	-0.1819147165	-0.078281921	-0.1936299943	0.0192880219	-0.1041389015	-0.0676219531	0.1074237472	-0.0277518822	0.0944663189	0.0374172117	0.0208790082	-0.1505910958	-0.009464169789993	-0.0080261787696827	6.44195456429053e-05	8.957050981381613e-05	0.0315145242018104	0.0290670222570383	0.0009931652356664	0.0008448917828911	0.0109540182809553	-0.0091974689479598	0.0001199905164995	8.459343504868656e-05	-0.0004809558706323	0.0001970752069713	2.313185494956737e-07	3.883863720278074e-08	-0.0001386543795605	-0.0003255417767259	1.0597744839392083e-07	1.92250369713072e-08	0.0006419663098455	0.000310402610899	4.121207429766484e-07	9.634978085297804e-08	0.0	0.0	0.0	0.0	0.0	0.0	0.0	0.0	0.0	0.0	0.0	0.0	0.0	0.0
824.370414156153	-0.9446200497151268	0.8923070383238084	679586.5797359871	878.052368569374	-5.9956832885742415	35.94821809688843	770975.9619502879	801.666725271072	-0.4465761075433647	0.1994302198285828	642669.5384068444	811.4401748909438	508.5195315844053	0.8108659999999999	17.770456	0.0241392398591602	0.0129426078882528	0.1514847698	-0.0710435686	-0.0147410094	0.1830186563	-0.0733033767	0.0677747501	-0.1016962967	0.1612410155	0.0124779133	-0.0302046821	0.0073454445	-0.161537225	0.0202864615	-0.0140280288	-0.0662446042	0.1597585204	-0.0417179941	-0.0226720424	-0.0364866165	-0.1036865989	-0.0162019194	-0.0013651826	-0.0171205511	0.137024746	0.1030932468	0.0192102442	0.0175517142	-0.0070409236	-0.0136105971	0.0007574507	-0.0807523909	-0.0902115842	-0.0275100759	0.132498371	0.149182823	0.0469435474	-0.0387687686	-0.1777038428	0.0483140979	0.0329852469	-0.0047291657	0.0214907882	0.0341937609	0.0208041242	0.0039250652	-0.0489150922	0.0615346474	0.0149355036	-0.1533170814	-0.0121700524463079	-0.0027058826563148	7.321800949745778e-06	0.0001481101765458	0.0213717892182501	-0.0101427349835602	0.0004567533743893	0.0001028750729467	0.0123435695760747	0.0013895512951194	0.0001523637098793	1.930852801768003e-06	-0.0003924907183809	8.846515225139999e-05	1.5404896401515496e-07	7.82608316286338e-09	-2.9126101500187573e-05	0.0001095282780603	1.1996443694857117e-08	8.483297885992287e-10	0.0006419942980171	2.7988171600094e-08	4.121566786864691e-07	7.833377495163084e-16	0.0	0.0	0.0	0.0	0.0	0.0	0.0	0.0	0.0	0.0	0.0	0.0	0.0	0.0
830.7124208551243	6.342006698971318	40.22104896979707	690083.1261629811	887.024114227295	8.971745657920906	80.49222015042263	786811.7792207171	804.3291762331698	2.662450962097864	7.088645125575843	646945.4237399296	814.3900283624318	522.817261661286	1.005355	22.032743	0.0570574688295866	0.0332083456724751	0.1341582671	-0.0905533374	-0.0294297308	0.2454217286	-0.0811964879	0.0664111331	0.0172326163	0.1840164816	0.0958905378	0.0242195036	0.0683766988	0.0036603232	0.0098536718	0.0520095886	0.1111896881	0.1839072252	-0.0916828889	0.0579773867	-0.0352245284	0.0141320962	0.0236068288	0.059136242	0.1461395534	0.1349698468	0.1111662188	0.0037551628	0.0160354677	-0.0626176909	-0.0318754632	-0.0224306925	0.0498637274	-0.1506549162	0.0609937723	-0.1557794563	0.1058233963	0.087853932	-0.1532445102	-0.0830258213	-0.0794123684	-0.0905365904	0.0766505726	0.0895717683	0.0052952938	0.2635573914	-0.0211323265	0.0359149932	-0.1012567211	0.0089700792	-0.1551433414	0.0067174000092649	0.0188874524555728	0.0003567358602615	4.512346288447207e-05	0.0216419100996176	0.0002701208813674	0.0004683722727599	7.29652905507542e-08	0.010053573067239	-0.0022899965088357	0.0001010743314183	5.244084010479694e-06	-0.000901927260561	-0.0005094365421801	8.1347278334307e-07	2.5952559050841685e-07	-0.00023178937003	-0.0002026632685298	4.1072400411186864e-08	5.3726312058904274e-08	0.0006418961290508	-9.816896630006953e-08	4.120306404904013e-07	9.637145944424184e-15	0.0	0.0	0.0	0.0	0.0	0.0	0.0	0.0	0.0	0.0	0.0	0.0	0.0	0.0
824.5089867344633	-6.203434120660972	38.48259488938077	679815.0692058913	886.2813915252685	-0.7427227020264127	0.5516370121054154	785494.7049639664	802.0508311469895	-2.278345086180366	5.190856331722219	643285.5357435766	812.6273474732707	523.4145338524987	1.05079	23.028482	0.068611272138096	0.0337666482051719	0.1605844961	-0.0797969977	-0.037159803	0.1559535157	-0.0949677491	0.0954813114	0.1464135286	0.1863085683	-0.0201556373	-0.1047429979	0.019928982	0.034776728	0.0917375092	0.0099033714	0.1218350511	0.1824461222	-0.0176727189	-0.0921635583	-0.0796754105	0.0343200683	-0.0405677526	0.1069344058	0.0801699832	0.1485983356	0.1203622874	0.0203792809	0.0389578386	-0.0244263612	-0.0178432822	-0.0080385698	-0.0823082458	-0.1741783886	-0.0079173825	0.0186421444	0.0063544405	0.2225295346	-0.0160932377	0.0812157612	-0.0445293667	0.0862880638	-0.0152472891	-0.0382456612	0.0898779309	0.0353789422	-0.1011796299	-0.0557760773	0.3460490137	0.0029914899	-0.1560591586	0.0001546615134628	-0.006562738495802	4.30695365642828e-05	2.3920183746603868e-08	0.0192034154276683	-0.0024384946719492	0.0003687711640876	5.946256265125113e-06	-0.0051363838089457	-0.0151899568761847	2.6382438632799532e-05	0.0002307347899003	-0.0005710350053095	0.0003308922552515	3.260809772888208e-07	1.0948968458542385e-07	0.0001498666696864	0.0003816560397164	1.456613326520063e-07	2.2460018682892523e-08	0.0004660427821355	-0.0001758533469153	2.171958747805971e-07	3.092439962131285e-08	0.0	0.0	0.0	0.0	0.0	0.0	0.0	0.0	0.0	0.0	0.0	0.0	0.0	0.0
826.5707625404801	2.06177580601684	4.250919474276389	683219.2254867508	885.9332626342773	-0.3481288909912337	0.1211937247427862	784877.7458418154	803.7744741486645	1.7236430016749864	2.9709451972231573	646053.4052929621	815.157029301667	503.7744127826773	1.198278	26.260738	0.0690612678585825	0.0337798991615152	0.1715870556	-0.1037736998	-0.076345507	0.156953381	0.0737544795	0.0517291288	0.0292979149	0.2017011891	0.0346454372	-0.0619011264	0.0758169116	0.0926206969	0.0808881436	-0.0541558771	0.1648543036	0.1967557749	-0.044254235	0.0119901188	-0.1198135062	0.081290131	-0.0634530038	0.1402129717	-0.0020114737	0.1434121427	0.135294827	0.0067226739	0.0462074631	-0.0607811804	0.0335552775	0.0174321471	0.1003123511	-0.2956618623	-0.0792746502	-0.1585474083	0.2644705123	-0.0543973053	-0.0941350261	0.0701370489	-0.1492028876	-0.3555677681	0.0508013682	-0.0426540153	-0.0567196166	0.0956338402	0.0695573066	0.1741788367	0.0058578544	-0.0029914899	-0.1560591586	-0.0122233485346328	-0.0123780100480956	0.0001532151327507	0.0001494102493991	0.0098050634396287	-0.0093983519880396	9.61392690551434e-05	8.832902009108792e-05	0.0029896073619539	0.0081259911708995	8.937752178648957e-06	6.603173250953823e-05	-0.0002470040169198	0.0003240309883897	6.101098437451683e-08	1.0499608143680593e-07	0.0001879943748812	3.812770519480001e-05	1.4537219034215799e-09	3.534188498697316e-08	4.502318268904536e-05	-0.0004210195994464	2.0270869794511533e-09	1.772575031180531e-07	0.0	0.0	0.0	0.0	0.0	0.0	0.0	0.0	0.0	0.0	0.0	0.0	0.0	0.0
819.2349390270496	-7.335823513430569	53.81430662020081	671145.8853226536	875.5509974002838	-10.382265233993508	107.79143138899026	766589.5490486318	800.5500908834455	-3.224383265218989	10.396647441024273	640880.4480134929	811.7930395425843	504.29189254298353	1.594137	34.936146	0.0710065922608226	0.0433030422693953	0.1897620625	-0.0588106018	-0.0355293965	0.1154032466	-0.1590948402	0.0078602585	0.13291916	0.1578113622	0.0304492443	-0.1226511942	-0.2199158358	-0.1480033396	-0.2139664305	-0.0592879087	-0.168710853	0.1565000251	-0.072598692	-0.180855735	0.12410611	-0.1665470656	0.0771176997	0.0372813775	-0.1937700832	0.1409963616	0.1404995209	0.0645514897	0.0520925196	0.0846056557	0.1683828433	0.0506686329	-0.3609802368	-0.3243697261	-0.3499609178	0.1763696636	-0.1043825397	0.2747823802	0.1113242221	0.1401545935	0.1725947406	0.1840130859	-0.0474550738	-0.1652768671	-0.0317463495	-0.2515849278	0.1343598681	0.0088474371	-0.1930924362	-0.0089700792	-0.1551433414	-0.0123473827334095	-0.0001240341987767	1.538448246617799e-08	0.0001524578603652	0.0464502049115225	0.0366451414718937	0.0021576215363224	0.0013428663934951	0.0030271965987083	3.758923675440014e-05	9.163919247231102e-06	1.4129507197783463e-09	-0.0001409763730975	0.0001060276438222	1.987433777172553e-08	1.1241861254508504e-08	-0.0002310141789962	-0.0004190085538774	1.7556816822243006e-07	5.336755089728833e-08	0.0002039835320573	0.0001589603493682	4.1609281350571544e-08	2.526839267127757e-08	1.0	0.0	0.0	0.0	0.0	0.0	0.0	0.0	0.0	0.0	0.0	0.0	0.0	0.0
810.3028931794588	-8.932045847590757	79.78144302346328	656590.7786950014	864.0203741073608	-11.530623292922996	132.95527352329836	746531.2068726236	798.1417325233672	-2.408358360078296	5.800189990559018	637030.2251954022	810.8602283257098	555.9764026542763	3.606343	79.03441599999998	4.2432578951167255	2.886137179740929	-0.2410621463	-0.0577286892	0.2737116925	-0.1466348672	0.1386528104	-0.1138099552	0.1120455642	-0.329392552	0.146993286	0.0119104052	-0.2732939573	-0.5498182636	0.3616931825	-0.3240097649	-0.0408698169	-0.3072404506	-0.1239319735	0.0369524081	0.1124617075	-0.6135090911	-0.2807509524	0.1981598011	0.0958220982	-0.277255078	0.0433921554	0.414391189	0.0940168058	0.2808903481	0.3905580007	0.4573364947	-0.1659866118	0.0023475815	0.4160988114	-0.026567489	-0.0044224741	-0.1167801223	-0.1759545416	0.0191736076	-0.076865115	-0.0301134741	-0.0148741986	-0.0391608218	-0.0335219171	-0.0503779413	-0.0254862766	0.007304748	0.0171126846	-0.0149355036	-0.1533170814	-0.1177109537809428	-0.1053635710475333	0.0111014821038885	0.0138558686400192	0.9691863154307754	0.9227361105192528	0.9393221140182824	0.8514419296561988	-0.4816433712965562	-0.4846705678952645	0.2319803371139123	0.2349055593839182	0.0516618371154938	0.0518028134885912	0.0026689454141478	0.0026835314853337	-0.0006020282876841	-0.0003710141086878	1.3765146884547684e-07	3.624380591718495e-07	-0.002231941783757	-0.0024359253158143	4.98156412608038e-06	5.933732144224998e-06	0.0	1.0	0.0	0.0	0.0	0.0	0.0	0.0	0.0	0.0	0.0	0.0	0.0	0.0
829.4757942190927	19.17290103963387	367.6001342755936	688030.0931953946	877.0185023784637	12.998128271102928	168.9513385520452	769161.4535141634	801.3898023240109	3.248069800643748	10.549957429853915	642225.6152689173	813.7064546159477	569.4787159027991	2.616648	57.344872	0.6050042163622404	0.2944286919950918	-0.2889655594	-0.1640450601	0.2114893443	-0.1634624604	0.0792966749	-0.0925886718	0.0879182153	-0.2816697956	0.1158672901	-0.0787245725	0.0059487847	0.0847830156	-0.1797030449	-0.0365797704	0.1966339701	-0.2969745235	-0.0919185352	-0.0350300335	-0.0096636146	-0.0014482428	0.0571373046	0.0836620145	-0.0478367466	-0.3230231144	0.0691556864	0.337643256	-0.0259050297	0.0417398314	-0.1786089323	0.0192745312	0.4391427747	-0.0830329362	-0.3504208654	0.0521389948	-0.1573411298	-0.0590314505	-0.0610295655	-0.102484891	-0.0184325666	0.0508001316	0.0023272291	-0.1125220719	0.5317231359	-0.0330376908	-0.0229225523	-0.1019823731	-0.0332937716	-0.0208790082	-0.1505910958	-0.0742568492366047	0.0434541045443381	0.0018882592017502	0.0055140796585478	0.8376946597915378	-0.1314916556392376	0.7017323430432603	0.0172900555027478	-0.3104306611453467	0.1712127101512095	0.096367195379137	0.029313792117322	0.0554111737778721	0.0037493366623783	0.0030703981794415	1.405752540785408e-05	-0.000201924125442	0.000400104162242	1.6008334064345266e-07	4.077335243551655e-08	-0.0032594158796857	-0.0010274740959286	1.0623791876747304e-05	1.0557030178044991e-06	0.0	0.0	1.0	0.0	0.0	0.0	0.0	0.0	0.0	0.0	0.0	0.0	0.0	0.0
827.6113175768683	-1.8644766422244172	3.476273149400438	684940.4929813199	875.1328815460205	-1.8856208324432373	3.555565923743927	765857.5603630411	808.0045945187833	6.614792194772349	43.75547578002119	652871.4247634634	819.2618064249842	561.5267700632929	1.57582	34.534721	0.2581759613795087	0.2073337992066932	-0.2885329758	-0.179896353	0.2998480325	-0.0553835989	0.2473699341	-0.210060666	-0.0721425525	-0.2255847558	0.4200042358	0.2634876907	-0.0211879953	-0.090926963	0.0489726638	0.1867761499	0.184111409	-0.220481965	-0.2951832908	0.3905403159	0.1425699197	-0.077118094	-0.0593113639	-0.051710943	-0.015914748	-0.3172240744	0.0980359526	0.242723517	-0.1602022607	-0.2089728002	0.0022954996	0.0672616003	0.2151261703	0.0791362997	-0.0960151831	0.1217293425	0.067913374	0.2512763194	0.3321570165	0.053784777	0.3522527134	-0.1297592409	-0.145027646	0.1750366951	-0.4338220172	0.1636331043	-0.1002937674	0.0753901486	0.0709946317	-0.0267918699	-0.1469813818	-0.0818074791282299	-0.0075506298916252	5.701201176030409e-05	0.0066924636413157	0.8421097731713587	0.0044151133798209	0.7091488700707173	1.9493226156673736e-05	-0.2388711021851861	0.0715595589601605	0.0570594034591656	0.0051207704785726	0.0522749828745141	-0.003136190903358	0.0027326738345307	9.83569338230549e-06	3.2156721604836846e-05	0.0002340808470468	5.479384295416463e-08	1.0340547443709807e-09	-0.0033821573122389	-0.0001227414325531	1.143898808473106e-05	1.5065459265211707e-08	0.0	0.0	0.0	1.0	0.0	0.0	0.0	0.0	0.0	0.0	0.0	0.0	0.0	0.0
830.1387693530146	2.527451776146336	6.388012480745267	689130.3763829375	886.908715581894	11.77583403587346	138.67026724043578	786607.0697751249	804.0003806955491	-4.004213823234181	16.0337283421797	646416.6121585879	816.2178111746291	578.8360688036138	1.697857	37.209209	0.7312010172588013	0.4083720527964173	-0.292419877	-0.134797134	0.1698119203	-0.0401149097	0.0117448025	-0.1481396609	-0.1169574356	-0.2032430288	0.1834411151	-0.0791160646	0.3159325707	-0.0207104552	-0.3569842458	0.0506897055	-0.1802448583	-0.2228084524	-0.2065976991	0.0642852608	-0.1918755943	0.1213641253	0.333642677	-0.0924078389	-0.3853234163	-0.2822719456	0.0268776438	0.0388124954	-0.1072409411	-0.3740404054	-0.1151165721	-0.1616445167	-0.102742551	-0.1828950116	-0.0488580848	0.0032340732	-0.2237968324	-0.2978869707	-0.2467192048	-0.0840480298	-0.2429566288	0.2599798716	0.2216092168	-0.1751424699	-0.4001429034	-0.0061465487	0.0673077428	0.1327116242	0.010365688	-0.0326654109	-0.1425091225	-0.045794099148182	0.0360133799800479	0.0012969635375873	0.0020970995167935	0.6045361409800449	-0.2375736321913137	0.3654639457510447	0.0564412307125736	-0.1174893584748275	0.1213817437103585	0.0138037493548265	0.0147335277061671	0.0462156425032404	-0.0060593403712736	0.0021358856119873	3.671560573494725e-05	8.115712399026087e-05	4.900040238542402e-05	2.4010394339334683e-09	6.586478774370577e-09	-0.0027658528583564	0.0006163044538825	7.649942034078268e-06	3.798311798754065e-07	0.0	0.0	0.0	0.0	1.0	0.0	0.0	0.0	0.0	0.0	0.0	0.0	0.0	0.0
830.303672272189	0.1649029191744375	0.027192972752251	689404.1881886827	886.2382804870606	-0.6704350948333513	0.4494832163842047	785418.2898006618	806.7821822595674	2.7818015640183376	7.738419941574869	650897.4896115098	817.3535122516727	564.0627078555879	1.48814	32.613159	0.2768674292476362	0.1621041125754494	-0.2630551394	-0.1867891817	0.2447300147	0.0964900794	0.1893690679	-0.2061300649	-0.0383304499	-0.1088107641	0.3118445354	0.0923259849	0.2065919237	0.0956413178	-0.0947690564	0.007244264	-0.2466837352	-0.1237477766	-0.3225152316	0.2052900284	-0.014059899	0.1445131268	0.2649603348	-0.0893246047	0.0153661479	-0.2575468261	0.037540239	-0.062273822	-0.1696921102	-0.5357093376	0.0613612163	-0.0875690726	-0.3794159235	0.2366037526	0.1229099193	-0.0289244807	0.2255205134	0.0710266758	-0.0032497334	0.2277840297	-0.0320922746	-0.0857768117	-0.0019537582	0.098865687	0.3824595791	-0.1271868722	0.0793341811	-0.120408502	-0.0581014297	-0.0384910108	-0.1372005631	-0.0262493809731552	0.0195447181750267	0.0003819960085412	0.0006890300014738	0.7476109462132143	0.1430748052331694	0.5589221268978176	0.0204703998925093	-0.0641242746571606	0.0533650838176669	0.0041119226003069	0.0028478321708666	0.0457903775373465	-0.0004252649658939	0.0020967586750127	1.808502912167409e-07	-0.0004544132846306	-0.0005355704086208	2.868356625903159e-07	2.064914332487707e-07	-0.0030226739242771	-0.0002568210659207	9.136557652504723e-06	6.595705990064468e-08	0.0	0.0	0.0	0.0	0.0	0.0	0.0	0.0	0.0	0.0	0.0	0.0	0.0	0.0
822.7470540731164	-7.556618199072659	57.10247860655612	676912.7149859915	855.8589844703674	-30.37929601669316	922.9016264698688	732494.6012986486	797.850662855782	-8.931519403785387	79.77203886019488	636565.6802194108	808.4337617227853	577.9776160335128	2.381621	52.194157	1.1894032397005323	0.7720363921432871	-0.275529124	-0.0591034265	0.2176967815	-0.2604789669	-0.6421477434	0.0146932113	-0.160165419	-0.3199565171	-0.1369850976	-0.315833124	0.0171845544	0.1601646493	-0.0594501103	0.2137800539	0.4159664405	-0.3391936385	0.0468943481	-0.3487505309	-0.1404700836	0.198269678	-0.0362619942	0.1423851491	-0.0672755503	-0.2648568358	-0.0084215433	0.0882997353	0.3705732618	0.3142817748	-0.4276314741	-0.224944662	-0.2818013728	0.0591385527	0.047283841	-0.2043221994	0.1163777792	0.0331742723	0.4174729576	-0.0408501449	-0.2070265352	-0.0704462686	0.0571091395	-0.0531918215	-0.0551199396	0.0965213313	0.1071570882	-0.0689366406	-0.0914389388	-0.0442601199	-0.1310868562	-0.1146972773329935	-0.0884478963598383	0.0078230303704806	0.0131554654276016	0.5420160522094477	-0.2055948940037666	0.2937814008527147	0.04226926044042	-0.7218096116659183	-0.6576853370087576	0.5210091154933038	0.4325500025163231	0.0482347433958318	0.0024443658584853	0.0023265904704617	5.974924450128581e-06	-0.0009052040344521	-0.0004507907498215	2.032123001246302e-07	8.193943439883586e-07	-0.0048810195625337	-0.0018583456382565	2.382435196983667e-05	3.453448511227328e-06	0.0	0.0	0.0	0.0	0.0	1.0	0.0	0.0	0.0	0.0	0.0	0.0	0.0	0.0
821.8136145149917	-0.9334395581246326	0.8713094086719094	675377.6170021954	863.6375169277192	7.77853245735173	60.505567190074345	745869.7606450764	795.9785998355347	-1.8720630202473103	3.504619951777481	633581.9313961384	807.2573296807029	572.5854519435337	2.018997	44.247112	0.5898690288179775	0.4051741963301543	-0.2159160354	0.0835201111	0.1447833101	-0.2925723728	-0.2377645922	0.2637645639	0.0793488968	-0.2732462527	-0.2618884021	-0.1519588583	-0.0941044756	0.1620873979	0.1324879375	-0.0520390532	0.035001811	-0.2861928138	0.2048813793	-0.306104795	0.0200545966	0.1248501983	-0.0522112519	0.1111369805	0.3365007893	-0.2035443175	-0.1095805427	-0.1364198842	0.3074685257	0.2189621977	-0.1282106825	-0.2275740852	0.0971070896	0.0397397773	-0.0306157667	0.0602058046	0.1885559376	0.0894518031	-0.5282441811	0.2161696976	0.2794128775	0.0804718273	0.0393082012	0.2880234128	-0.0918611578	-0.2771170313	0.0027689462	0.1042054401	0.107179908	-0.0499642712	-0.1242038795	-0.1203999790839276	-0.0057027017509341	3.2520807260106974e-05	0.0144961549634102	0.4066941054579729	-0.1353219467514748	0.1654000954142608	0.0183120292726089	-0.6745094924240647	0.0473001192418536	0.4549630553701693	0.0022373012802935	0.0409392383813615	-0.0072955050144703	0.0016760212392459	5.32243934161613e-05	-0.0006267988039152	0.0002784052305369	7.750947239030446e-08	3.928767405895253e-07	-0.0044240445860666	0.000456974976467	1.9572170499505195e-05	2.0882612911710626e-07	0.0	0.0	0.0	0.0	0.0	0.0	1.0	0.0	0.0	0.0	0.0	0.0	0.0	0.0
825.2503169171176	3.4367024021258885	11.810923400777853	681038.085571803	874.7340742588043	11.096557331085137	123.1335846020593	765159.7006694074	803.5932325996861	7.614632764151338	57.98263213288705	645762.0834800132	813.8991509902576	549.1167722739183	2.125958	46.591202	1.4143982241781086	1.0292354396734822	-0.0581611795	0.21147428	0.0215633086	-0.1483952638	0.0459339759	0.1283336272	0.0449805907	-0.0494341293	-0.0406706747	0.1286928209	0.0720408295	0.2361690832	0.0190310784	-0.2030970879	-0.3165537214	-0.0630261443	0.1003866168	0.0752859206	0.0264557728	0.2056343744	0.0810139411	-0.0396916433	0.1779307628	-0.0314154927	-0.2131336294	-0.1600673532	-0.1735687398	0.0511690342	-0.0606854777	0.1919345685	0.0525325187	-0.0344269973	-0.1623053066	-0.2507349598	0.1112726761	-0.1100149908	-0.0091687897	0.0465871471	-0.2333613941	0.1469922697	-0.6994327917	0.0861622228	-0.0731886716	-0.0934966588	0.1811345405	0.0654497876	-0.0655806265	-0.055595093	-0.1165920251	-0.1053244365444641	0.0150755425394634	0.0002272719828591	0.0110932369334088	0.1545296494997075	-0.2521644559582654	0.0238794125745024	0.0635869128487279	-0.5796604028670487	0.0948490895570159	0.3360061826519891	0.0089963497897948	0.0219359781034151	-0.0190032602779464	0.0004811871353535	0.0003611239011913	9.399316524727476e-05	0.0007207919691624	5.195410628091179e-07	8.8347151132015e-09	-0.0031019141107082	0.0013221304753584	9.621871150210642e-06	1.748028993871429e-06	0.0	0.0	0.0	0.0	0.0	0.0	0.0	1.0	0.0	0.0	0.0	0.0	0.0	0.0
820.3411085689295	-4.9092083481881446	24.10032660592017	672959.5344081002	868.5219445228577	-6.2121297359466325	38.59055585623238	754330.3681177659	799.3348171402702	-4.2584154594159145	18.134102224992454	638936.1498926692	811.6704225224897	554.5449559182832	1.836396	40.245338	1.1374654323757356	0.661014610900316	-0.1764611726	0.1242310744	0.0999127346	-0.2158950364	0.0008573328	-0.0541179798	0.0997313561	-0.1978673731	-0.116668236	-0.0076023994	0.0268707678	0.0203523241	-0.0044872417	-0.0590188581	-0.1058425056	-0.1868737329	0.1197330261	-0.0131346777	-0.0374089654	-0.0023211624	-0.0107903372	0.0064480838	-0.0578691497	-0.1439919137	-0.1588874754	-0.2007248866	0.1538615808	-0.0456525826	0.0966580284	-0.262488774	-0.0950403544	-0.1285096145	0.2176933351	0.1825965561	-0.2659046848	0.0419066916	-0.0547906356	-0.1730955596	0.1130319597	-0.2257725863	-0.4100846352	-0.2052268119	0.1101000802	0.1806466908	-0.1090701734	0.0319053321	0.1631942566	-0.0611443214	-0.1082959623	-0.0614620785580086	0.0438623579864555	0.0019239064481319	0.0037775871006708	0.5376747867598226	0.3831451372601151	0.2890941763172207	0.1468001962060724	-0.5634400382457727	0.0162203646212759	0.3174646766983978	0.0002631002284471	0.0334183630179597	0.0114823849145446	0.0011167869868001	0.0001318451633257	-0.0022036838852848	-0.002297677050532	5.279319828541774e-06	4.856222666263912e-06	-0.0032066035957893	-0.0001046894850811	1.0282306620528868e-05	1.0959888286545884e-08	0.0	0.0	0.0	0.0	0.0	0.0	0.0	0.0	1.0	0.0	0.0	0.0	0.0	0.0
821.4503129569455	1.1092043880159963	1.2303343743939408	674780.6166570637	866.3510367155075	-2.170907807350204	4.712840708014071	750564.1188180345	802.2254216120793	2.8906044718091835	8.355594212443249	643565.6270806785	813.8621786960886	529.3302473949664	1.562668	34.246471	0.8424205208124215	0.4846002788107583	-0.0868026814	0.2343485019	-0.0138283839	-0.1653204653	0.2887678395	0.1038065851	-0.0230801514	-0.1200045064	-0.0850229832	0.1389062559	0.0207824961	0.1142872936	0.137456933	0.0005282277	0.0557538851	-0.1035583236	0.1522645189	0.1701266061	-0.0374711677	0.0695896179	-0.1921322608	-0.0289918638	0.1054136996	-0.0544517813	-0.2084265929	-0.1900381801	-0.0621992305	0.0140569373	0.1105163838	0.0610918282	0.2503513526	-0.0504987253	0.0327812112	0.0166061996	0.1815604067	0.1544463872	0.0202250401	0.1084894646	-0.1147569948	-0.0844401301	0.1040649807	-0.1847177929	-0.0530495397	-0.1100573367	-0.0968936035	-0.1603006186	-0.2345258316	-0.066603812	-0.0993643757	-0.0888556760330203	-0.0273935974750117	0.0007504091826229	0.007895331163285	0.2184660257845365	-0.3192087609752861	0.0477274044220897	0.1018942330833773	-0.5608514243557892	0.0025886138899835	0.3145543202019175	6.70092187141576e-06	0.0254328924673143	-0.0079854705506454	0.0006468320192539	6.376773991522498e-05	-0.0006018498835194	0.0016018340017654	2.565872169211756e-06	3.622232822923154e-07	-0.0029293171787573	0.0002772864170319	8.580899133762628e-06	7.688775707044418e-08	0.0	0.0	0.0	0.0	0.0	0.0	0.0	0.0	0.0	1.0	0.0	0.0	0.0	0.0
821.8689244169916	0.4186114600461224	0.1752355544819463	675468.5289223427	866.8313229560852	0.4802862405776977	0.2306748728882581	751396.5424577969	800.7296569624431	-1.495764649636271	2.2373118871015176	641167.9835391918	812.5718860783853	527.7746892656598	1.094407	23.984358	0.1479731998095553	0.0983045868984384	-0.0553494237	0.2205079573	-0.0213709062	-0.1915801373	0.0664741879	0.0440473335	-0.1145088906	-0.129692219	-0.107770184	0.0858547759	-0.0032991447	-0.0193892721	-0.037539304	-0.0110899952	-0.0744555818	-0.1050039723	0.1615658448	0.0653927137	0.0023111804	-0.0075912636	-0.0783710896	-0.0881093527	-0.1251815582	-0.0261227143	-0.2039760398	-0.1403119054	-0.0712305031	0.0838027231	0.0675047235	0.0555007486	-0.0353662198	-0.1621665471	-0.0107959464	0.0498838339	-0.0996319578	-0.0691919518	0.0936779211	0.0347113225	0.0184519781	0.0519428907	0.0587501239	-0.0955581372	-0.0316821824	0.0503004343	-0.0057372622	-0.1153980439	0.0069617302	-0.0719655524	-0.0898496795	-0.0903099790136394	-0.001454302980619	2.1149971594375705e-06	0.0081558923094439	0.198454275985199	-0.0200117497993375	0.0393840996568095	0.0004004701300312	-0.5492981932203804	0.0115532311354087	0.3017285050751744	0.0001334771496681	0.0236570073130937	-0.0017758851542205	0.0005596539950117	3.153768080981122e-06	-0.0001700874793468	0.0004317624041726	1.8641877365690366e-07	2.8929750630548112e-08	-0.0028378864192667	9.143075949060015e-05	8.053599328658371e-06	8.359583781027972e-09	0.0	0.0	0.0	0.0	0.0	0.0	0.0	0.0	0.0	0.0	0.0	0.0	0.0	0.0
824.9893250441737	3.120400627182107	9.736900074118488	680607.3864368413	877.2550513267518	10.423728370666597	108.65411314543968	769576.4250783018	803.1331580329058	2.4035010704627666	5.776817395715665	645022.8695319085	815.457757831605	541.1888069218887	0.822768	18.031273	0.1476022536671327	0.080082079188559	-0.0875034784	0.2059195559	-0.0355649706	-0.1414365162	0.1744278874	-0.0343821018	-0.027087279	-0.1004302989	-0.0302800405	0.1475949531	0.0806354509	0.0854987475	0.0436008312	-0.0255541561	-0.0387399663	-0.0880391581	0.1043497218	0.1796919574	-0.0083980133	0.0917991386	-0.0361368284	0.0100570747	-0.055399536	-0.0511119995	-0.1959133622	-0.166296073	-0.0404334164	0.0471545354	0.0978819323	0.0132814796	0.081039304	-0.0549753016	0.0066174778	0.0363804698	0.0608825406	-0.0577001312	0.0904734302	0.0369669487	0.0462175858	-0.0440366312	0.1095941131	-0.0850066591	0.0121990864	0.0320537766	-0.1254978116	-0.0428316979	-0.1281502131	-0.0772216734	-0.0798077096	-0.0884681277744192	0.0018418512392201	3.3924159874169524e-06	0.0078266096319109	0.2329389961236501	0.0344847201384511	0.0542605759150938	0.0011891959230272	-0.5570724629159969	-0.0077742696956164	0.3103297289392947	6.043926930018035e-05	0.0250057129261067	0.001348705613013	0.0006252856789428	1.8190068305727724e-06	-0.0006367568670193	-0.0004666693876725	2.1778031739062613e-07	4.054593076962346e-07	-0.0030925396704581	-0.0002546532511914	9.563801613357095e-06	6.484827834235039e-08	0.0	0.0	0.0	0.0	0.0	0.0	0.0	0.0	0.0	0.0	0.0	0.0	0.0	0.0
824.2539564352076	-0.7353686089661551	0.5407669910528179	679394.584699093	869.6408463478089	-7.614204978942894	57.976117461358754	756275.2016365333	801.5378335056836	-1.5953245272222605	2.5450603471569284	642462.898540985	813.7883079150491	545.1555910434299	0.715373	15.677677	0.1263347365351608	0.0814691085475059	-0.0900163397	0.1840635139	-0.0053931803	-0.1248932009	0.0620543691	0.0598994687	-0.1409748405	-0.1029052618	-0.084524067	0.0519778293	0.0375794553	0.0511840641	0.0598972493	0.0008163088	-0.0747753491	-0.0914246607	0.1095125364	0.0883351829	-0.0535032311	0.056262511	-0.0767073794	-0.0192832582	-0.0579107135	-0.0578302684	-0.1850350264	-0.1660199508	-0.0055389648	0.0739891702	0.0755777209	-0.0400862168	0.0282321505	-0.0592540326	0.0460259198	0.1721945674	-0.0592121799	-0.0146292525	0.0431505669	0.0279045203	0.0544095648	0.0510930501	0.1163549866	0.0228352527	0.0100549318	0.1789826619	-0.0076790119	0.0661713616	-0.1267229575	-0.0823644609	-0.0692973963	-0.0892905281099132	-0.0008224003354939	6.763423118206349e-07	0.0079727984101471	0.2523240956211765	0.0193850994975264	0.0636674492310446	0.0003757820825289	-0.5626698132622323	-0.0055973503462354	0.3165973187565554	3.133033089850189e-05	0.0264911482168328	0.001485435290726	0.0007017809338462	2.206518002934532e-06	-0.0003538165163077	0.0002829403507116	8.005524206080324e-08	1.2518612721211693e-07	-0.0028503175847777	0.0002422220856804	8.124310334092981e-06	5.867153879136309e-08	0.0	0.0	0.0	0.0	0.0	0.0	0.0	0.0	0.0	0.0	0.0	0.0	0.0	0.0
825.7504328028942	1.4964763676866824	2.2394415190447265	681863.7772741672	875.7868666172028	6.146020269393944	37.7735651518012	767002.6357391782	802.227606590758	0.689773085074421	0.4757869088930845	643569.132776336	814.4944535956895	547.5961346399216	0.688425	15.087103	0.1439288235544053	0.0996631788125644	-0.0670799143	0.1822762945	-0.0642868539	-0.0906277168	0.1035102681	0.0763820354	-0.1617808301	-0.0534630175	-0.0827297609	0.0041867811	0.1058692968	0.1535479505	0.2004854273	-0.0485351245	-0.0537822187	-0.0486117614	0.1077639789	0.0677198923	-0.1127922824	0.1603130256	-0.1324451734	0.0062991695	-0.0144039561	-0.0363422536	-0.1753854037	-0.1397405147	-0.0399456862	0.03081397	0.0784489001	0.0267772483	0.0741316169	0.0152222891	0.0140028778	0.0632178822	0.0945349907	-0.0048350979	0.06994133	0.0425511191	0.0162292383	-0.0154909495	0.15156306	-0.0693626244	0.026066323	0.0804592392	-0.0990931632	0.0171969402	-0.0940826978	-0.0873863672	-0.0583804184	-0.0903133890888483	-0.0010228609789351	1.0462445822280712e-06	0.0081565082487137	0.2290189198179888	-0.0233051758031877	0.0524496656345983	0.0005431312192174	-0.5515148336330498	0.0111549796291825	0.3041686117172905	0.0001244335705274	0.0246734739446149	-0.0018176742722178	0.0006087803164955	3.30393975988287e-06	-0.000429831858336	-7.601534202830002e-05	5.778332223679435e-09	1.847554264405792e-07	-0.0025750910561619	0.0002752265286157	6.63109394752501e-06	7.574964205390376e-08	0.0	0.0	0.0	0.0	0.0	0.0	0.0	0.0	0.0	0.0	0.0	0.0	0.0	0.0
823.3094843816406	-2.4409484212536654	5.9582291952207616	677838.5070727628	870.8170744180679	-4.969792199134872	24.69883450258183	758322.3770980429	800.6555843571789	-1.572022233579105	2.471253902867038	641049.3647623357	813.1689779344669	537.825212759373	0.77774	17.044479	0.2263286349969023	0.1603428090719224	-0.0264241931	0.1703086422	-0.0674463429	-0.1051967536	0.0104883113	-0.0011758304	-0.0861455969	-0.0435898479	-0.1292189266	-0.009329466	-0.0062109606	0.0856690679	0.0479965163	0.0283512217	-0.0582564259	-0.0446310806	0.1154301897	-0.0380065388	-0.0095276715	0.0852940642	-0.0498276807	-0.0878392598	-0.0665260012	0.0020837945	-0.1615906385	-0.0723581358	-0.0719143809	0.0786854407	0.0483455183	0.0562048865	-0.0503364224	0.0538331997	-0.0934019627	0.0932004176	-3.33665e-05	-0.0317267545	0.0899266187	-0.0022234549	-0.0059518472	0.0171951769	0.1313638727	0.0001765195	0.0373015713	0.0194508432	0.1348838255	-0.0119507749	0.1663526159	-0.092280022	-0.0471208409	-0.0916217904360223	-0.0013084013471739	1.7119140852867344e-06	0.0083945524827023	0.1936982212247073	-0.0353206985932814	0.0375190009056156	0.0012475517491174	-0.5221680714940931	0.0293467621389567	0.2726594948878603	0.0008612324480405	0.0217845006414788	-0.0028889733031361	0.0004745644681985	8.346166746233123e-06	-0.0002179150178067	0.0002119168405293	4.4908747299920785e-08	4.7486954985694384e-08	-0.0024689257414775	0.0001061653146844	6.0955943169302224e-06	1.1271074042037708e-08	0.0	0.0	0.0	0.0	0.0	0.0	0.0	0.0	0.0	0.0	0.0	0.0	0.0	0.0
825.1788610743433	1.8693766927027584	3.4945692192203026	680920.1527639504	878.7016867160797	7.884612298011802	62.16711108995896	772116.6542376835	800.4658872413947	-0.1896971157841562	0.0359849957368275	640745.6366371532	812.5823109997206	538.388715488054	0.669933	14.681848	0.1887524851351232	0.1179273870386247	-0.0013981248	0.1535248045	-0.0731758071	-0.0882343505	0.0345618265	-0.0182106886	-0.0439373516	-0.035389404	-0.1335481071	0.0176401721	-0.0546082724	0.0682551909	-0.0402212766	0.0020533661	-0.0540041855	-0.0363830304	0.1096840943	-0.0627836147	0.0611137103	0.0318863415	0.0390563626	-0.1004925013	0.0225709391	0.0253187275	-0.1367274493	-0.0235870829	-0.1134171427	0.0660985176	0.0079616158	0.1072449225	-0.0484269407	0.1531320478	-0.12386272	-0.0471428243	0.0446196863	-0.0128361977	0.0161255809	-0.0155008045	-0.0205413992	-0.008642283	0.1314175191	0.0903357517	-0.0085350195	-0.0201636887	0.0861756406	0.0003514294	0.1713168831	-0.0970382431	-0.0355847396	-0.0931628624483096	-0.0015410720122873	2.37490294705523e-06	0.0086793189395626	0.1608842151210154	-0.0328140061036919	0.0258837306751051	0.0010767589965731	-0.5040774893580391	0.0180905821360539	0.254094115277504	0.0003272691620213	0.0196784104761863	-0.0021060901652925	0.0003872398388692	4.43561578434179e-06	0.000115046526697	0.0003329615445037	1.108633901182894e-07	1.3235703305043534e-08	-0.0021818409536119	0.0002870847878655	4.760429946858085e-06	8.241767542383655e-08	0.0	0.0	0.0	0.0	0.0	0.0	0.0	0.0	0.0	0.0	0.0	0.0	0.0	0.0
824.0939373134663	-1.084923760877018	1.1770595669155333	679130.8175168113	877.1125627279282	-1.5891239881515276	2.5253150497186163	769326.4476951538	800.145422952655	-0.3204642887396858	0.1026973603574327	640232.6978720833	812.5659513118839	536.7393543462216	0.590405	12.93895	0.1384036512470341	0.0902292264785293	0.013518353	0.1453233036	-0.0711557057	-0.0898221653	-0.001554693	-0.0614706824	0.0180778213	-0.0361160889	-0.130812034	0.0083609962	-0.0689150765	-0.0013350893	-0.0730295952	0.0278931856	-0.1228877717	-0.034102364	0.1012210007	-0.0658683665	0.0661701186	-0.0187196577	0.0467327567	-0.1441911169	-0.0237842526	0.0388107053	-0.1300659906	0.0098089764	-0.1121374327	0.0829492388	0.0005155648	0.0693373196	-0.0582480459	0.0751932317	-0.0923260767	0.0281281942	-0.0672660907	-0.0106309427	0.0410340266	-0.0607674358	-0.056858449	0.0338872183	0.1405660965	0.1455055771	0.0074124137	0.0095939288	0.1981964348	0.0990005165	0.1313162014	-0.1016540472	-0.023839813	-0.0937446071286416	-0.000581744680332	3.384268730945903e-07	0.0087880513657033	0.1662964882128932	0.0054122730918778	0.0276545219919409	2.929270002106455e-05	-0.4746107416183207	0.0294667477397184	0.2252553560594923	0.0008682892223562	0.0182799414956493	-0.0013984689805369	0.0003341562610843	1.9557154895241926e-06	-9.18062676498188e-05	-0.0002068527943468	4.27880785290873e-08	8.428390779790164e-09	-0.0017283050137936	0.0004535359398182	2.987038220704096e-06	2.0569484870686858e-07	0.0	0.0	0.0	0.0	0.0	0.0	0.0	0.0	0.0	0.0	0.0	0.0	0.0	0.0
825.8378196526958	1.743882339229458	3.0411256130764066	682008.1043687185	883.0637756347656	5.951212906837441	35.41693506250854	779801.6318383277	802.3076121928063	2.1621892401512923	4.675062310226023	643697.5045825226	814.5184865037272	538.7451102640722	0.634063	13.895742	0.0407603276203913	0.0254755353210687	0.0191118728	0.1295074499	-0.1046884592	-0.0471418122	0.0507526066	0.0225561605	0.0234701822	-0.0074249757	-0.0959434119	0.0995418006	0.0099799693	0.0194285157	0.0388711692	0.0529825675	-0.1351289178	-0.0077003126	0.0978311101	0.0297673964	0.057943718	0.0246559217	0.0097523005	-0.1274476017	0.022604685	0.0470222129	-0.1140121533	0.020538177	-0.103234209	0.0446490396	-0.0225595326	0.0726419707	0.0059452188	0.07948374	-0.0520431139	0.0353394793	0.0393213675	-0.0234181993	0.0199440511	-0.0441472386	-0.0286287603	0.0063514265	0.1385769381	0.1259702652	-0.0044477558	0.0077525349	0.0649112214	0.0244453514	0.1152764152	-0.10612066	-0.0119549848	-0.0940988307911396	-0.000354223662498	1.2547440307349817e-07	0.0088545899562595	0.1426487819122854	-0.0236477063006078	0.0203486749810587	0.0005592140132798	-0.4657281378447635	0.0088826037735571	0.216902698380351	7.890064979801175e-05	0.018273983932579	-5.957563070299599e-06	0.0003339384887681	3.549255773659758e-11	-4.533629929515115e-05	4.646996835466764e-05	2.1594579588838123e-09	2.055380033779522e-09	-0.001623216667544	0.0001050883462496	2.6348323497926484e-06	1.1043560517475842e-08	0.0	0.0	0.0	0.0	0.0	0.0	0.0	0.0	0.0	0.0	0.0	0.0	0.0	0.0
823.2812480734419	-2.5565715792538413	6.53605823984848	677792.0134293642	880.1439143657684	-2.919861268997238	8.52558983019016	774653.3099950971	800.2479695571425	-2.059642635663863	4.242127786644384	640396.8127803293	812.4472779912397	533.6898745086802	0.7780749999999999	17.051817	0.1004486590008981	0.0549038046352666	0.022663849	0.1189449502	-0.0779892111	-0.0598383468	0.0108877431	-0.0999972428	0.102139097	-0.0209086278	-0.0944925178	0.0305056138	-0.1480224501	-0.007628159	-0.1635071851	0.0551558131	0.0440198832	-0.020567521	0.0722890994	-0.0663243903	0.154325764	-0.050421743	0.1297979146	-0.1095704145	0.0350690967	0.046475661	-0.1004496173	0.0385746536	-0.0784328555	0.040045571	0.0096440156	0.052021512	-0.0615068683	0.0636530977	-0.121556664	-0.0648047098	-0.1558025141	0.1007431594	-0.0225065912	0.0558094086	-0.112780892	-0.0253580128	0.1109219643	0.0281274391	0.0289594904	0.0238330496	0.0973223838	0.047247602	0.0802028716	-0.1104315261	-0.0	-0.084343973442813	0.0097548573483266	9.515724188620164e-05	0.0071139058561219	0.1935344066795465	0.0508856247672611	0.037455566568804	0.0025893468079544	-0.4450477899296601	0.0206803479151034	0.1980675353212748	0.0004276767898897	0.0184856145828582	0.0002116306502791	0.0003417179465059	4.47875321375968e-08	9.87580429185897e-05	0.0001440943422137	2.0763179458010656e-08	9.753151041110004e-09	-0.0016500482544552	-2.6831586911200142e-05	2.722659242030653e-06	7.199340561732867e-10	0.0	0.0	0.0	0.0	0.0	0.0	0.0	0.0	0.0	0.0	0.0	0.0	0.0	0.0
827.2068870322337	3.925638958791751	15.410641234783585	684271.2339535586	875.1546233177185	-4.9892910480499495	24.893025162151364	765895.6147143777	802.365832639404	2.117863082261465	4.485344035206033	643790.929387124	812.741326198105	544.0166307878701	0.939663	20.593079	0.1274674274041513	0.0664206071322952	0.0062436532	0.0972757812	-0.0214784576	0.0137122843	-0.002260928	-0.0493591525	0.0230664866	-0.0037856765	0.0102623619	0.16082337	-0.0782359789	-0.0613868794	-0.2111104765	0.0062205039	-0.0053854623	-0.0005390372	0.0179799368	0.0561818336	0.1604350839	-0.0898385996	0.1730308072	-0.0552977482	0.091682299	0.0478167534	-0.0846726947	0.0200994356	-0.0903977156	-0.0134256888	-0.0236958228	-0.0154620607	-0.0477234151	0.0849025122	-0.0187109265	-0.1891555694	-0.1380506757	0.0741715609	-0.0694484994	-0.4088921781	0.0792453592	-0.1755438299	-0.0228233316	0.0654994384	-0.1658162983	-0.2703111383	-0.1179288013	-0.3351318584	0.139209545	-0.1145803187	0.0119549848	-0.071870367911174	0.0124736055316389	0.0001555908349589	0.0051653497836875	0.1747690819609317	-0.0187653247186148	0.0305442320094668	0.000352137411795	-0.4590871124372881	-0.014039322507628	0.2107609768060072	0.0001971025764731	0.0172806030331094	-0.0012050115497488	0.0002986192411879	1.4520528350280069e-06	-0.0003343276346257	-0.0004330856775442	1.8756320409399649e-07	1.1177496727441557e-07	-0.0016557345200875	-5.686265632299983e-06	2.741456801009384e-06	3.2333616841075915e-11	0.0	0.0	0.0	0.0	0.0	0.0	0.0	0.0	0.0	0.0	0.0	0.0	0.0	0.0
826.8657247019805	-0.3411623302531552	0.1163917355837629	683706.9266869314	880.0978731632233	4.943249845504852	24.43571903508374	774572.2663464291	801.8424487824136	-0.5233838569903355	0.27393066175808	642951.3126693775	812.4758358632238	549.8178447717196	0.83038	18.198107	0.1280443631637204	0.0595997532248852	0.0081451106	0.0734386408	-0.0291851338	-0.0066536691	-0.1245743578	-0.0232773813	0.2992307514	0.0052406999	-0.0008104487	0.1014952353	-0.1292952223	-0.024691477	-0.2466059285	0.0535606733	-0.0501780855	0.005194602	0.0032995608	-0.0359787444	0.2058390566	-0.0848752708	0.2352703153	-0.0604059826	0.1438194676	0.0478081577	-0.0838418184	0.0524655448	-0.0628581218	0.0032672399	-0.0109196417	-0.0469680067	-0.1492813787	-0.0140198254	-0.063794727	-0.1442085245	-0.26916268	0.1190448111	-0.1289185471	-0.1995200575	-0.0189564405	-0.1300164012	-0.0459749639	0.170951213	0.0424040737	0.0195585409	-0.1058954104	0.0061875157	-0.0535376756	-0.1185609488	0.023839813	-0.0574752018694226	0.0143951660417514	0.0002072208053695	0.0033033988299308	0.2167049556763913	0.0419358737154596	0.0469610378147067	0.0017586175042789	-0.4504554150007038	0.0086316974365843	0.2029100809034562	7.450620063673629e-05	0.0177705850600402	0.0004899820269308	0.0003157936933761	2.4008238671521645e-07	-0.0010921762713256	-0.0007578486366999	5.743345561478971e-07	1.1928490076466906e-06	-0.0016419326643197	1.3801855767800074e-05	2.6959428741599886e-06	1.9049122263515614e-10	0.0	0.0	0.0	0.0	0.0	0.0	0.0	0.0	0.0	0.0	0.0	0.0	0.0	0.0
830.7186503070014	3.852925605020914	14.845035717825777	690093.4759678862	873.7963093996048	-6.30156376361856	39.70970586695052	763519.9903203698	804.9075559625454	3.065107180131804	9.39488202569554	647876.1736455982	814.6847993519681	551.7837519707617	1.040985	22.813587	0.1182578065262037	0.0510484861031412	0.028959953	0.0323047054	0.0305022788	0.1002350936	-0.0235455448	0.0506384789	-0.0231865786	0.0639362449	0.0659206942	0.2032249932	0.0634064663	-0.0395048954	0.0033803849	0.0269329671	0.1279369976	0.0596760022	-0.0249084074	0.1791789435	0.034276867	-0.0168180911	0.0863029544	0.0390606619	0.2775246153	0.0609414631	-0.0582963917	0.0725212337	-0.0689739952	-0.0203298975	-0.0390035408	0.0259167131	0.0406089395	0.0622762533	0.0889366873	-0.1463010236	0.0983067473	0.2417761691	-0.0774859481	-0.1494244115	0.0783682212	0.1157841325	0.086387586	-0.103254123	-0.0203547731	0.0803705747	0.1051122834	-0.0660772042	-0.0921572658	-0.1223675745	0.0355847396	-0.0716376166923282	-0.0141624148229055	0.000200573993616	0.0051319481253569	0.2308457391061438	0.0141407834297525	0.0532897552634618	0.0001999617560071	-0.4841302115013945	-0.0336747965006907	0.234382061688385	0.0011339919193629	0.017143606863181	-0.0006269781968591	0.0002939032562793	3.93101659336813e-07	-0.0011917388003186	-9.956252899299988e-05	9.912697179481942e-09	1.4202413681848155e-06	-0.0012428771547148	0.0003990555096048	1.5447436217119572e-06	1.5924529974602638e-07	0.0	0.0	0.0	0.0	0.0	0.0	0.0	0.0	0.0	0.0	0.0	0.0	0.0	0.0
834.0691708230063	3.350520516004849	11.2259877281694	695671.3817173772	884.6727686882019	10.876459288597175	118.29736665651176	782645.9076584488	804.9438274277408	0.036271465195341	0.0013156191874168	647934.5653140205	814.5809794812163	567.5769457961574	0.990194	21.700489	0.138041392732764	0.0815792808352317	0.0329511931	0.0131429656	-0.0168048495	0.1041339043	-0.1990778476	0.0803430102	0.0327146679	0.107102435	0.0698362469	0.1106733072	0.0681120268	0.1600837643	0.0743237423	-0.1743001776	0.0484722099	0.0939596812	-0.0294932355	0.0753573335	0.0192218813	0.1540552668	0.081228716	0.2281910334	0.2930387611	0.0607051124	-0.0406177986	0.0850366057	-0.0444816985	-0.0162470563	-0.0571945366	0.0248598985	-0.0911709138	0.0103353199	0.0250157399	-0.2992025651	0.094342742	0.0897823127	-0.1031887761	-0.1144505176	0.2522318321	0.2616911563	-0.0190108637	-0.0743277348	0.0708863093	0.1663984563	-0.1398548588	-0.041021732	-0.1342594822	-0.1259946088	0.0471208409	-0.0579761950299939	0.0136614216623342	0.000186634441836	0.0033612391901558	0.1593054549503847	-0.0715402841557591	0.025378227976949	0.0051180122570867	-0.5148052804424452	-0.0306750689410507	0.2650244767714246	0.0009409598545382	0.017297198998992	0.0001535921358109	0.0002991930932107	2.3590544182984322e-08	-0.000996139447398	0.0001955993529205	3.825910686295741e-08	9.922937986623929e-07	-0.0013369780254556	-9.410087074079996e-05	1.7875102405511551e-06	8.85497387417674e-09	0.0	0.0	0.0	0.0	0.0	0.0	0.0	0.0	0.0	0.0	0.0	0.0	0.0	0.0
829.428024532385	-4.641146290621236	21.54023889094726	687950.8478796948	888.1815386772156	3.508769989013672	12.311466835803005	788866.4456470262	805.3814556914734	0.4376282637326767	0.1915184972176772	648639.2891717168	818.2410545822017	570.4594293858581	1.089585	23.878691	0.1425565360425663	0.0709436265204773	0.0230801073	0.0342257524	-0.0182811313	0.0347635153	-0.1028025753	0.0003927923	0.2349073161	0.0717744674	0.0339385577	0.0387484764	0.1172282306	0.2064613433	0.0729266194	-0.1141627703	0.0268296053	0.0584765127	-0.0180645491	0.0303904117	-0.0360090507	0.1870139235	0.1015632505	0.1872913478	0.0604488473	0.0522004196	-0.0504759965	0.0444360335	-0.0040740689	-0.0305161797	-0.0112739489	0.0195473519	-0.0976020686	-0.0186774353	-0.0642085462	-0.1363177385	0.0081628974	-0.0713339302	0.0030074696	0.0731527433	0.0787957671	-0.058977469	0.0389332953	-0.0582094771	0.2065233724	0.0524983632	-0.2333795392	0.2327664845	0.120753841	-0.1294367287	0.0583804184	-0.0504486576960374	0.0075275373339564	5.666381831410886e-05	0.0025450670633319	0.1499025909393054	-0.0094028640110792	0.0224707867703167	8.841385161085006e-05	-0.4838232207591346	0.0309820596833106	0.2340849089457422	0.0009598880222202	0.0185036177891398	0.0012064187901477	0.0003423838712865	1.4554462972216785e-06	-0.0005556918453608	0.0004404476020372	1.939940901403197e-07	3.087934270004913e-07	-0.001582993133555	-0.0002460151080993	2.505867260882278e-06	6.052343341315942e-08	0.0	0.0	0.0	0.0	0.0	0.0	0.0	0.0	0.0	0.0	0.0	0.0	0.0	0.0
822.7094502675782	-6.718574264806875	45.13924015172525	676850.8395595807	878.13138256073	-10.050156116485596	101.00563796573284	771114.7250380191	801.377165049851	-4.004290641622447	16.034343542585106	642205.3606633361	814.4873120489199	545.3174029346152	1.132294	24.814676	0.157195140283681	0.0735374571617181	0.0286246852	0.057190075	-0.0480704698	-0.0363141141	0.0510580867	0.0112707755	-0.0172342063	0.0422686199	-0.0813707457	-0.0227437116	0.0320712752	0.0257495673	0.2005049248	-0.060982085	-0.1053629566	0.0408362461	0.0640155465	0.0096434986	-0.0794454037	0.0310388835	-0.1315357216	0.0702107315	-0.0696025183	0.0410207509	-0.0527496642	0.0306102157	0.0089285921	-0.0136082815	0.0174741952	-0.044888282	-0.0221030898	-0.0800708933	0.0582332598	0.1028840938	-0.0084835928	-0.1206617464	0.0764258099	-0.0552851311	0.0617521998	-0.0123423105	0.0323537459	0.0234036574	0.0730811302	0.0533365753	0.023653553	0.0973243238	0.0254451071	-0.1326888823	0.0692973963	-0.0638180828124745	-0.0133694251164371	0.000178741527944	0.0040727476938598	0.2089425126382735	0.059039921698968	0.043656973587595	0.0034857123542202	-0.4441120201237538	0.0397112006353808	0.1972354864184015	0.0015769794559034	0.0191836424224721	0.0006800246333323	0.0003680121365932	4.624335019387306e-07	-0.0007303028123448	-0.000174610966984	3.0488989791087535e-08	5.333421977187242e-07	-0.0015361368772134	4.685625634159992e-05	2.3597165055349365e-06	2.195508758349723e-09	0.0	0.0	0.0	0.0	0.0	0.0	0.0	0.0	0.0	0.0	0.0	0.0	0.0	0.0
823.5550593921898	0.8456091246116557	0.7150547916264907	678242.9358504734	872.0783341884613	-6.053048372268677	36.63939459702448	760520.6209609216	802.1476170716231	0.7704520217721438	0.5935963178527839	643440.7995736833	814.8932832607553	535.483413811886	0.805934	17.662354	0.1288051505862137	0.087974982628379	0.0431106981	0.0453040529	-0.0467333706	-0.0210593362	0.0354507424	0.0667405214	-0.0419531381	0.0189120626	-0.0581868415	0.0639739014	-0.0051229348	-0.0514710032	-0.0014577056	0.0295371699	-0.0136140765	0.0274560096	0.0592802068	0.0502538436	0.0091448138	-0.0265472386	-0.0122392445	-0.0515353256	-0.050329177	0.0529131091	-0.0369562008	0.052482045	-0.0003860827	0.0059863225	-0.0206998649	0.0055312633	0.0045547975	0.0666440738	-0.0161726507	0.0961688577	0.024536197	-0.013063954	0.0057169267	0.1033750817	-0.0697692656	-0.0226394531	0.0338606819	0.057113408	0.0215340524	0.0843485697	0.0716868119	0.044721176	0.0091895606	-0.1357462967	0.0798077096	-0.0638027721411447	1.5310671329801795e-05	2.344166565692146e-10	0.0040707937328948	0.1236648247718505	-0.0852776878664229	0.0152929888858524	0.007272284047843	-0.4478276652497897	-0.0037156451260358	0.2005496177630776	1.3806018702634291e-05	0.0184489360030436	-0.0007347064194285	0.0003403632396443	5.397935227494477e-07	-0.0007862879419531	-5.5985129608300045e-05	3.1343347372581542e-09	6.182487276608416e-07	-0.0015413754666251	-5.238589411700077e-06	2.375838329113745e-06	2.744281902437616e-11	0.0	0.0	0.0	0.0	0.0	0.0	0.0	0.0	0.0	0.0	0.0	0.0	0.0	0.0
825.680665643459	2.1256062512691187	4.518201935434356	681748.5616174254	874.0639790534973	1.9856448650359653	3.9427855300436967	763987.8394788326	800.8953740046575	-1.2522430669656617	1.568112698763566	641433.4001020602	812.9945717173174	538.4916509570497	0.703493	15.417319	0.1111071280541046	0.0626647756014989	0.0334069145	0.035379398	-0.0342379335	-0.0323141467	0.0156419402	0.0473508472	-0.0555110032	0.0061259017	-0.0637666719	0.0862197018	-0.0831020732	-0.15755575	-0.015110758	0.1400121148	0.0473792773	0.0134683311	0.0779142193	0.0525622477	0.0581538281	-0.1329039916	-0.0609612263	-0.0631490035	-0.0491336878	0.0458801921	-0.0389277775	0.0392087944	0.013777907	-0.0332508714	0.0069983169	-0.0537970367	0.0440874576	-0.0731316169	0.1293143471	0.0618241098	-0.0087020516	-0.0348800418	0.054413069	-0.0019063425	0.0548329997	0.0883079801	0.0315940391	-0.0241258685	-0.0055774089	0.0492061266	-0.0192187859	-0.0133573793	-0.0712814033	-0.1386044847	0.0898496795	-0.0631326605683284	0.0006701115728162	4.490495200223292e-07	0.0039857328304357	0.1774746810027352	0.0538098562308846	0.0314972623970226	0.0028955006275884	-0.4718013111858283	-0.0239736459360386	0.2225964772366667	0.0005747356994665	0.0188998655339272	0.0004509295308836	0.0003572049172005	2.0333744182290373e-07	-0.0009698304811014	-0.0001835425391482	3.3687863677005234e-08	9.40571162073373e-07	-0.0015599736828805	-1.8598216255399968e-05	2.433517891279751e-06	3.4589364788262356e-10	0.0	0.0	0.0	0.0	0.0	0.0	0.0	0.0	0.0	0.0	0.0	0.0	0.0	0.0
825.2690347739972	-0.4116308694617601	0.1694399726938445	681068.979756805	880.6442688703537	6.580289816856407	43.30021407382413	775534.3282941998	800.6613792007371	-0.2339948039203818	0.0547535682617379	641058.6441436266	813.2230741682131	543.2534559918688	0.71718	15.717284	0.1092845388400344	0.0636605680258797	0.0436149483	0.0399735503	-0.0979911893	-0.0404485851	0.0318400964	0.0302765489	-0.0872917875	-0.0016848908	-0.0840792211	0.0274282152	-0.0658436721	-0.1008140606	-0.0433549212	0.0846224245	0.0139324753	0.0140211064	0.083060634	0.0077496305	0.0492724019	-0.0986714253	-0.0527343495	-0.1100290445	-0.1075828662	0.0515283771	-0.0265045391	0.0413282909	0.0123302373	-0.0365476799	-0.0172198107	-0.0116261431	0.0135192453	0.0038699643	0.0238505053	0.0022418135	0.0303925388	-0.0815317419	0.0428019142	0.0844381084	0.0108799545	-0.0290590903	0.0045105948	-0.1257100261	0.034166145	-0.0779799443	-0.1333120864	0.0390158273	0.1215752081	-0.1412592515	0.0993643757	-0.0629818767338292	0.0001507838344992	2.2735764746284367e-08	0.0039667167969152	0.1310935918428413	-0.0463810891598938	0.0171855298222574	0.002151205431658	-0.4666320949097269	0.0051692162761013	0.2177455119998403	2.6720796909111584e-05	0.0179911207451392	-0.0009087447887879	0.0003236804256661	8.258170911493463e-07	-0.0011778156985466	-0.0002079852174451	4.325785067572709e-08	1.387249819742815e-06	-0.0015250346977229	3.493898515760001e-05	2.325730829258777e-06	1.220732683842994e-09	0.0	0.0	0.0	0.0	0.0	0.0	0.0	0.0	0.0	0.0	0.0	0.0	0.0	0.0
822.4546786819939	-2.8143560920033224	7.920600212596213	676431.6984859018	876.0309607028961	-4.613308167457603	21.28261224793103	767430.2441100391	800.3753847412509	-0.2859944594862327	0.0817928308568224	640600.7564997054	813.3709191921329	529.1322550009855	0.776684	17.021338	0.1365281425956115	0.0992020806992205	0.0784660838	0.0065439196	-0.0976847675	-0.0581380463	-0.0293320528	-0.0525660216	-0.0752216331	0.0251734267	-0.0927637934	-0.0129175058	-0.0792456968	-0.0749766062	0.0059376468	0.0394441737	-0.0768185345	0.0356208587	0.0779670076	-0.0453698045	0.0640588433	-0.0760992346	-0.0423805337	-0.0588468006	-0.1508314902	0.0726211237	-0.0002237511	0.1014883218	0.0112539677	0.0022679589	-0.0211569734	-0.0310011175	-0.0554302923	0.0669811332	-0.037816118	0.1045979878	0.0323661651	-0.1345541018	0.0399837246	-0.016317183	0.0864029861	-0.0229799889	0.027105789	0.0769690779	-0.0016164832	0.0085782281	0.0209299413	0.0223602098	0.0222777395	-0.1437067008	0.1082959623	-0.0643539825149162	-0.0013721057810869	1.882674274492364e-06	0.0041414350655301	0.1432853303051899	0.0121917384623485	0.0205306858806673	0.0001486384867343	-0.4545886584604659	0.0120434364492609	0.2066508484008861	0.0001450443615073	0.0162486547184209	-0.0017424660267182	0.0002640187801584	3.0361878542674566e-06	-0.0007902213942276	0.0003875943043189	1.502293447405295e-07	6.244498518950121e-07	-0.0014366777907019	8.835690702100013e-05	2.064043074296092e-06	7.806943018317662e-09	0.0	0.0	0.0	0.0	0.0	0.0	0.0	0.0	0.0	0.0	0.0	0.0	0.0	0.0
827.2816910443353	4.827012362341407	23.300048346196768	684394.996337175	875.3790193080902	-0.6519413948059309	0.4250275822615027	766288.4274447937	803.9435554167253	3.568170675474448	12.73184196931578	646325.2402960852	815.1967453129035	535.3980238060931	0.8567559999999999	18.776133	0.0619368047865224	0.0339712251433078	0.0736361163	-0.0130682411	-0.0106872752	0.0377650327	-0.002927999	0.0099031893	0.0475380775	0.0695035357	0.0303254036	0.1448127195	0.0500370555	-0.0430162092	-0.0308744741	0.0184422282	0.0676426858	0.0637413593	0.0106482658	0.1188873278	0.0436802643	-0.0266274178	0.0785026475	0.0380795587	0.0450629365	0.0788923947	0.0075898457	0.1051036539	-0.007258143	-0.0349069421	-0.0588725344	-0.0332653073	0.0648334791	-0.0680224668	0.1246750278	0.0276383758	0.0101913131	-0.0185743847	0.0210575695	0.0914609879	-0.0140540633	0.0008884366	-0.0419954289	0.0296257685	-0.0212308778	-0.0207998243	0.0463482622	0.0788289849	-0.1161965508	-0.1459432408	0.1165920251	-0.0710340136362361	-0.0066800311213199	4.462281578180242e-05	0.0050458310932729	0.134203057548504	-0.0090822727566858	0.018010460655367	8.248767842683859e-05	-0.4437795421105193	0.0108091163499466	0.1969402819958221	0.0001168369962666	0.0157104998008662	-0.0005381549175547	0.000246819803993	2.896107152883074e-07	-0.0009210442513392	-0.0001308228571115	1.71146199428421e-08	8.483225129249874e-07	-0.0013983478741968	3.832991650509982e-05	1.95537677727071e-06	1.4691824992879235e-09	0.0	0.0	0.0	0.0	0.0	0.0	0.0	0.0	0.0	0.0	0.0	0.0	0.0	0.0
825.0623593945386	-2.219331649796686	4.925432971789281	680727.8968896827	879.3370013237	3.9579820156097862	15.66562163589051	773233.5618969566	801.9352669723686	-2.008288444356708	4.033222475736687	643100.172414044	814.2701826568477	538.0187172414936	0.675276	14.798933	0.0513283657961537	0.0238910759680744	0.0778118053	-0.014730063	-0.0902744359	-0.010615326	0.0276718596	0.066745205	-0.0439305741	0.0615833029	-0.0540947201	0.0191279117	-0.0085918453	-0.0260278953	0.081033657	0.0281857542	0.0936400683	0.0650508992	0.0592180462	0.0143359093	-0.0068271646	-0.0073475314	-0.0800946063	0.0462219842	-0.0546588456	0.079383045	0.0158171078	0.1070983228	0.0153112808	-0.03760672	-0.0551946402	-0.0593138136	0.0429222231	-0.0678454016	0.1288133457	0.0916275121	-0.0090969135	-0.0228836381	0.02273763	0.058197971	-0.0309013457	0.0990529129	-0.0911555836	0.0438795503	-0.0594629721	-0.0147619252	0.0002895656	0.0390565687	0.0223328022	-0.1479655889	0.1242038795	-0.0637647708499855	0.0072692427862506	5.284189068545641e-05	0.0040659460015511	0.1555950138880888	0.0213919563395847	0.0242098083468345	0.0004576157960347	-0.438538255314981	0.0052412867955383	0.1923158013747074	2.747108727308428e-05	0.0158704180526589	0.0001599182517926	0.0002518701691661	2.557384725643332e-08	-0.0010759330971954	-0.0001548888458562	2.399055457066569e-08	1.157632029640486e-06	-0.0014320583740435	-3.37104998467e-05	2.050791186668113e-06	1.1363977999143608e-09	0.0	0.0	0.0	0.0	0.0	0.0	0.0	0.0	0.0	0.0	0.0	0.0	0.0	0.0
825.1860162566514	0.1236568621128526	0.015291019547597	680931.9614255226	878.771206665039	-0.5657946586609341	0.320123595769243	772238.8336635287	802.7183367390485	0.7830697666798869	0.6131982594880926	644356.7281371044	815.1292477993926	531.390732937561	0.68922	15.104519	0.1053962222506834	0.06289106223025	0.0864073196	-0.0131247839	-0.0937711829	0.0172787872	0.0183380916	0.0678829101	-0.1111497761	0.0662534749	-0.0320407746	0.0420513925	0.0692210322	-0.044315678	0.0917197901	0.100888907	0.030733261	0.0705313848	0.0505358593	0.0680524158	-0.0682329473	0.0273824137	-0.0745504924	-0.0519320837	-0.0260766059	0.0820786868	0.0261351258	0.1015506507	0.0267208241	-0.0530519045	-0.0793215835	-0.0174585222	0.0797472265	-0.0155773495	0.0738195299	0.0286201853	0.0491064446	-0.0183743301	0.0061673906	0.1532560818	-0.020328695	0.0144803584	-0.0625842437	-0.1117433087	-0.0606243879	-0.0975972535	-0.0225723912	-0.1283256899	-0.0286219426	-0.1497707771	0.1310868562	-0.0645816180023786	-0.0008168471523931	6.672392703727287e-07	0.0041707853838051	0.0961464998960224	-0.0594485139920663	0.0092441494422558	0.0035341258158649	-0.4287733965585119	0.009764858756469	0.1838466255963229	9.53524665337912e-05	0.0155005463807143	-0.0003698716719445	0.0002402669381006	1.368050537070923e-07	-0.000747209385886	0.0003287237113094	1.0805927837702576e-07	5.583218663561332e-07	-0.0014407830377846	-8.724663741099944e-06	2.07585576196782e-06	7.611975739526407e-11	0.0	0.0	0.0	0.0	0.0	0.0	0.0	0.0	0.0	0.0	0.0	0.0	0.0	0.0
823.9448901295765	-1.2411261270749492	1.5403940633080628	678885.1819706399	884.6777468204498	5.906540155410767	34.88721660747984	782654.7157193079	800.8021348619227	-1.9162018771257865	3.671829633900387	641284.059199413	814.1119614120357	532.6155279250372	0.8362899999999999	18.327621	0.0702872725624176	0.0365228858282272	0.1020131278	-0.0363183565	-0.1131925372	-0.0099618598	-0.054445293	-0.0828020308	-0.0920778022	0.0574028178	-0.0687919505	-0.0382479877	-0.0552294634	-0.0358795962	0.0033591776	-0.0089204467	-0.1144494154	0.0620721635	0.0535405355	-0.0566012197	0.0294204258	-0.009545814	-0.0519163827	-0.0092052766	-0.2062505958	0.0868043981	0.0390420976	0.124804748	0.0309542407	-0.0111688255	-0.0432474077	-0.0498934468	-0.0570606175	-0.0128247119	0.0033833877	0.1186344363	0.0731893565	-0.2396724915	0.0716407439	0.0410233472	0.0644716114	0.0387396904	-0.1111392196	0.1287478309	-0.0415672489	-0.0176574461	-0.0082657109	0.0425184341	-0.0041765705	-0.1513561561	0.1372005631	-0.0712062301637246	-0.0066246121613459	4.388548628825324e-05	0.0050703272141293	0.1262424273214435	0.030095927425421	0.0159371504560099	0.0009057648475962	-0.4328262987587123	-0.0040529022002004	0.187338604897166	1.642601624438954e-05	0.0153024978424137	-0.0001980485383006	0.000234166440217	3.9223223523004737e-08	-0.0009717988243385	-0.0002245894384524	5.044041586440928e-08	9.443929549856908e-07	-0.0012731443990287	0.0001676386387559	1.6208966607781497e-06	2.810271320393116e-08	0.0	0.0	0.0	0.0	0.0	0.0	0.0	0.0	0.0	0.0	0.0	0.0	0.0	0.0
827.8067169131191	3.861826783542597	14.91370610608696	685263.9605664769	883.578200674057	-1.099546146392754	1.2090017280471557	780710.4367064042	804.3203890686534	3.5182542067307168	12.378112663178385	646931.28827155	817.4652809032724	546.6808588845389	1.246421	27.315807	0.411873700261758	0.2612110285519542	0.0601648169	-0.0200551667	-0.0469964463	0.0439521436	0.0762609612	-0.0478470156	0.155300957	0.0493996969	0.0847105369	0.1513979433	0.0123376063	-0.1009539327	-0.010824641	0.1223519558	0.2178705009	0.0485652546	-0.019344736	0.1570038412	0.0433746877	-0.0517449754	0.0024392346	0.0175426893	0.0482688545	0.0598320963	0.0323687873	0.0766442671	0.0385492046	-0.089828954	-0.0399839823	-0.0711075367	0.2079443322	0.0649979148	0.2535261524	-0.0260538091	-0.0296015263	0.2779533866	-0.0110701995	-0.104154761	0.0196738992	-0.0786390249	-0.0178261636	-0.3016991865	0.0449764089	-0.2758408632	0.408979416	0.2593976129	-0.0405382443	-0.152719399	0.1425091225	-0.0576830885337784	0.0135231416299462	0.0001828753595435	0.0033273387027957	0.3875064541326907	0.2612640268112471	0.1501612519944911	0.068258891705628	-0.4010603951420677	0.0317659036166446	0.1608494405515114	0.0010090726325819	0.0166797161534783	0.0013772183110646	0.0002782129309606	1.896730276331631e-06	-0.001161203175928	-0.0001894043515895	3.587400840103894e-08	1.3483928157852738e-06	-0.001812934300453	-0.0005397899014242	3.2867307777590084e-06	2.913731376796555e-07	0.0	0.0	0.0	0.0	0.0	0.0	0.0	0.0	0.0	0.0	0.0	0.0	0.0	0.0
826.2128361216865	-1.593880791432639	2.540455977297936	682627.6505722407	893.5219504833221	9.943749809265114	98.87816026926	798381.4759955204	803.1598581167368	-1.1605309519165985	1.3468320903564464	645065.7576900969	816.9539419205721	541.6316871932058	1.137311	24.924604	0.5143576241932806	0.4004617897316866	0.0600206278	-0.0149893785	-0.1591325492	0.0062782319	0.0609140378	-0.0661241167	-0.0785193003	0.042575433	-0.0324623225	0.0404352208	0.0844114224	-0.0168582341	0.0710018065	0.078854991	0.0946293662	0.0613542948	0.0620920333	0.0841208347	-0.0972491475	0.0401667993	-0.1220742639	-0.0001806629	-0.1383998339	0.0655221453	0.045646648	0.0751218483	0.0679018902	-0.0377513698	-0.0512477451	-0.036129351	0.0327927578	-0.0268849618	-0.0428314729	-0.0350643284	0.0854764475	-0.0719609366	0.0492547726	0.1712343717	-0.1584439003	0.0893633211	-0.084598959	-0.1651571898	-0.0991241286	-0.1580630118	-0.3380029675	-0.0813901249	0.1207645679	-0.1538585052	0.1469813818	-0.0457629225764861	0.0119201659572922	0.0001420903564493	0.0020942450827414	-0.0127747814091492	-0.4002812355418399	0.0001631950400515	0.1602250675269019	-0.4306425826472662	-0.0295821875051984	0.1854530339891074	0.0008751058175927	0.0161018994199252	-0.000577816733553	0.0002592711649293	3.338721775739725e-07	-0.0017038750017304	-0.0005426718258024	2.944927105197104e-07	2.9031900215217707e-06	-0.0021439264448765	-0.0003309921444235	4.596420601040789e-06	1.095557996700673e-07	0.0	0.0	0.0	0.0	0.0	0.0	0.0	0.0	0.0	0.0	1.0	0.0	0.0	0.0
822.8515286329298	-3.3613074887566654	11.29838803397164	677084.6381735493	882.1567742109298	-11.365176272392318	129.16723170254934	778200.5742862334	801.6999256489905	-1.4599324677462846	2.131402810379756	642722.7707855969	813.6857615265965	521.1821607735604	1.230212	26.960585	0.1212065196858468	0.0727657512268425	0.124416821	-0.0533970787	-0.0752666349	0.0531869393	-0.066022153	-0.0196125137	0.0482315118	0.0913067706	-0.0499446809	-0.0174671829	0.0040887568	-0.0251700081	-0.2002252279	-0.0810901815	-0.0272011959	0.0839471226	0.0164128287	-0.0964681027	0.058448434	-0.0181466416	0.2126238269	-0.0507518751	-0.0077513263	0.0939481257	0.0527464092	0.1318973755	0.0738105396	-0.0083758787	-0.0696953018	0.0318399672	-0.07826737	0.0392066549	-0.1363452562	0.1494578355	-0.128748629	-0.0285289798	-0.2664583794	0.2266660978	-0.044930779	-0.2384791029	-0.1089386115	0.148665163	-0.0299556935	0.2703909829	0.0698412003	-0.3136819037	-0.2283566818	-0.1547718027	0.1505910958	-0.0429478937958975	0.0028150287805885	7.924387035542129e-06	0.0018445215815036	0.0483904727987578	0.061165254207907	0.0023416378576873	0.0037411883223178	-0.416354117538205	0.0142884651090611	0.1733507511910174	0.0002041602351728	0.0160330205454206	-6.887887450460206e-05	0.0002570577478098	4.74429935302072e-09	-0.0014837186360585	0.0002201563656719	4.84688253458594e-08	2.201420990987295e-06	-0.0015742062532872	0.0005697201915893	2.478125327888524e-06	3.2458109670454905e-07	0.0	0.0	0.0	0.0	0.0	0.0	0.0	0.0	0.0	0.0	0.0	0.0	0.0	0.0
818.4426492317039	-4.408879401225931	19.43821757455433	669848.3700814098	884.3191070556641	2.1623328447342374	4.67568333141646	782020.283103727	801.3959439990954	-0.3039816498951495	0.0924048434729772	642235.4590582012	812.2814101699955	535.6290738902567	2.327623	51.010777	1.53495203606309	0.8979513840307363	-0.04743628	-0.216438551	-0.010698457	0.01263325	-0.0715767005	-0.2236959665	0.1233067194	0.0466234617	0.2089728641	-0.2054952416	-0.1836055458	0.1240007928	-0.1801974835	-0.6552985723	0.2715355449	0.0158919835	-0.1708896024	-0.177989629	0.138297167	-0.0361762178	0.0754709436	0.6715358646	-0.2234574011	-0.1194459976	0.1986502461	-0.0775891096	0.3380918318	-0.0609294627	0.6500292732	-0.2702135714	0.1409387446	0.0927918976	-0.2387481639	-0.2105579574	0.0325217931	-0.0110075348	0.1266459346	-0.145415576	-0.1579855953	0.1401085331	0.0003987639	0.1619378089	-0.0017407713	0.0345418648	0.0516853545	-0.0242844454	-0.0064566999	-0.1554579513	0.1533170814	-0.0475403970512786	-0.004592503255381	2.109108615068597e-05	0.0022600893517932	0.4995964542337816	0.4512059814350238	0.249596617082967	0.203586837682743	-0.3410795965376252	0.0752745210005798	0.1163352911742691	0.0056662535118667	0.0322706134802636	0.016237592934843	0.0010413924943925	0.0002636594243176	-0.002206270452417	-0.0007225518163585	5.220811273229675e-07	4.8676293092083135e-06	-0.0046916421095278	-0.0031174358562406	2.2011505683894467e-05	9.718406317774564e-06	0.0	0.0	0.0	0.0	0.0	0.0	0.0	0.0	0.0	0.0	0.0	1.0	0.0	0.0
817.5186434264509	-0.924005805252932	0.8537867281411194	668336.7323498246	893.2459798812866	8.926872825622581	79.68905844483889	797888.3805740799	803.2163854620851	1.82044146298972	3.3140071201721524	645156.5618747768	814.3965379699202	544.3121415505677	2.889354	63.321312	3.2580775405249534	1.4361405209578368	-0.0793631425	-0.4969734934	0.3761672973	0.3839133819	-0.1104883555	-0.3891505278	-0.2490347633	0.0267142946	0.5155981298	-0.3622065765	-0.3326282759	0.2769265343	0.2315652185	0.3007542422	-0.2715451638	0.0050199012	-0.6296528351	-0.2700786687	0.1429141337	0.2711095838	-0.4370834393	-0.2836455076	0.0700242188	-0.2314671202	0.5550369185	-0.2914038887	-0.5282818035	0.4136391427	-0.0149040242	-0.1529154141	-0.0471628901	-0.0337741154	0.0745333427	0.0145991487	0.0272679014	-0.0011670835	-0.0570925064	0.0083503321	-0.0091705336	-0.0400012148	-0.0033397484	-0.0393317196	0.0146264635	0.0098953303	-0.023014242	-0.007439955	0.0061382072	-0.155915944	0.1551433414	-0.0055759216547244	0.0419644753965542	0.001761017195308	3.109090229962449e-05	0.6766671946741667	0.1770707404403851	0.4578784923482066	0.0313540471201062	0.8236396681249687	1.164719264662594	0.6783823029090086	1.3565709654761735	0.0528796821827373	0.0206090687024737	0.0027962607877473	0.0004247337127832	0.0060568995310419	0.0082631699834589	6.827997817553616e-05	3.668603192913559e-05	-0.0133058646241036	-0.0086142225145758	0.0001770460333949	7.420482953062462e-05	0.0	0.0	0.0	0.0	0.0	0.0	0.0	0.0	0.0	0.0	0.0	0.0	1.0	0.0
812.3846193362176	-5.134024090233311	26.35820335909597	659968.7697340512	859.88338804245	-33.36259183883669	1113.062534204813	739399.4410313625	797.3533097936752	-5.86307566840992	34.37565629350043	635772.3006389285	807.7464429681951	560.0497941681833	2.954899	64.757767	2.747862878749625	1.1654391505242214	-0.1065450835	-0.2871178429	0.4495300218	0.2585882363	0.1467109225	0.5686691087	0.2037734638	-0.0342377061	0.0147923746	-0.5163303099	0.4706053301	-0.3457942105	0.0239433789	0.0688437234	-0.0129860078	-0.0260960257	-0.1699380252	-0.1929726438	-0.6940254203	-0.3458157171	0.1759652087	-0.1492829585	0.2665493906	-0.1561656202	0.269205221	-0.4451857381	0.3637090802	-0.2021987133	-0.2243000305	0.6105363952	0.0151922497	-0.0306445992	-0.0235139552	0.016498143	-0.1299368371	0.0348780324	0.0296814762	-0.0949937997	0.0527475426	0.0074938858	0.0568681505	0.0459132181	0.0220066385	0.0012807536	-0.0103016859	0.0256299153	0.0169485441	-0.1561451084	0.1560591586	-0.0144956016231958	-0.0089196799684714	7.956069073994996e-05	0.0002101224664183	0.0971262764363558	-0.5795409182378108	0.0094335135743914	0.3358676759119249	-0.1510402386244891	-0.9746799067494578	0.0228131536837426	0.9500009206211316	0.0361379584765191	-0.0167417237062182	0.0013059520428506	0.0002802853126553	0.0021707947085352	-0.0038861048225067	1.510181069150983e-05	4.712349666604423e-06	-0.0102392456769508	0.0030666189471527	0.0001048421520329	9.404151767036542e-06	0.0	0.0	0.0	0.0	0.0	0.0	0.0	0.0	0.0	0.0	0.0	0.0	0.0	1.0
