global_signal	global_signal_derivative1	global_signal_power2	global_signal_derivative1_power2	csf	csf_derivative1	csf_derivative1_power2	csf_power2	white_matter	white_matter_derivative1	white_matter_derivative1_power2	white_matter_power2	csf_wm	tcompcor	std_dvars	dvars	framewise_displacement	rmsd	t_comp_cor_00	t_comp_cor_01	c_comp_cor_00	c_comp_cor_01	c_comp_cor_02	c_comp_cor_03	c_comp_cor_04	w_comp_cor_00	w_comp_cor_01	w_comp_cor_02	w_comp_cor_03	w_comp_cor_04	w_comp_cor_05	w_comp_cor_06	w_comp_cor_07	w_comp_cor_08	w_comp_cor_09	w_comp_cor_10	w_comp_cor_11	w_comp_cor_12	w_comp_cor_13	a_comp_cor_00	a_comp_cor_01	a_comp_cor_02	a_comp_cor_03	a_comp_cor_04	a_comp_cor_05	a_comp_cor_06	a_comp_cor_07	a_comp_cor_08	a_comp_cor_09	a_comp_cor_10	edge_comp_00	edge_comp_01	edge_comp_02	edge_comp_03	edge_comp_04	edge_comp_05	edge_comp_06	edge_comp_07	edge_comp_08	edge_comp_09	edge_comp_10	edge_comp_11	edge_comp_12	edge_comp_13	edge_comp_14	edge_comp_15	edge_comp_16	edge_comp_17	edge_comp_18	edge_comp_19	edge_comp_20	edge_comp_21	edge_comp_22	edge_comp_23	cosine00	cosine01	trans_x	trans_x_derivative1	trans_x_power2	trans_x_derivative1_power2	trans_y	trans_y_derivative1	trans_y_derivative1_power2	trans_y_power2	trans_z	trans_z_derivative1	trans_z_power2	trans_z_derivative1_power2	rot_x	rot_x_derivative1	rot_x_power2	rot_x_derivative1_power2	rot_y	rot_y_derivative1	rot_y_derivative1_power2	rot_y_power2	rot_z	rot_z_derivative1	rot_z_derivative1_power2	rot_z_power2	motion_outlier00	motion_outlier01	motion_outlier02	motion_outlier03	motion_outlier04	motion_outlier05	motion_outlier06	motion_outlier07	motion_outlier08	motion_outlier09	motion_outlier10	motion_outlier11	motion_outlier12
861.2281133801926	n/a	741713.8632764058	n/a	1094.3239769474153	n/a	n/a	1197544.9665220072	798.770089925794	n/a	n/a	638033.656560061	845.8740594761006	634.61920373322	n/a	n/a	n/a	n/a	-0.1333506226	0.0217671008	-0.3817409478	-0.1610417688	-0.0212450389	0.1900097478	-0.2782873694	-0.1052564351	0.014048308	0.0834972825	-0.0873108295	0.2072220127	-9.4093e-05	0.1108411507	-0.078645455	0.1525864297	-0.1172028896	0.2076447313	-0.1770499447	0.0639224792	-0.0018477201	-0.1162028466	0.0685291196	-0.1003837273	0.0011939632	-0.3056548749	0.0163761183	-0.0224690394	0.1056606367	-0.0090540815	0.3491168651	0.010050309	-0.1241951346	0.0451809563	-0.0606651792	0.0983556647	-0.0294275043	0.0009257838	-0.0995561709	0.0623237225	-0.1685064918	-0.0492635365	0.197652016	-0.4412452767	0.0504460076	-0.2118133095	0.1067907036	-0.0164747334	0.1727241738	-0.1172417889	0.0270177936	-0.0650538661	0.1439609454	-0.0945515081	0.0358880623	-0.0212134462	0.1561451084	0.1560591586	-0.0123917684709908	n/a	0.0001535559258386	n/a	-0.0940379694150408	n/a	n/a	0.0088431396917041	0.0935651027204969	n/a	0.0087544284470971	n/a	0.0150255395414891	n/a	0.0002257668385128	n/a	0.0041854094940829	n/a	n/a	1.7517652633159275e-05	-0.0021090732673866	n/a	n/a	4.44819004720479e-06	0.0	0.0	0.0	0.0	0.0	0.0	0.0	0.0	0.0	0.0	0.0	0.0	0.0
867.1904102307336	5.962296850541065	752019.207596148	35.54898373397191	1075.6285999051986	-18.695377042216705	349.51712275064347	1156976.884934018	806.7514983981507	7.9814084723567476	63.70288120260807	650847.9801676613	850.384131948384	655.3776130936214	1.546375	30.640137	0.4270690247117667	0.2515312561874337	-0.1559939909	0.0006627203	0.0355204973	-0.1190653236	0.0786824076	0.1439667906	-0.2496150424	-0.2924909091	-0.3318255242	-0.190742084	0.1967410635	0.0684432353	-0.2024755905	-0.0470343679	-0.1217199283	0.1083328428	-0.1802043113	-0.0624678423	-0.1533485288	-0.0506430011	0.1939240034	-0.2174036766	0.0573943653	0.211590903	-0.3700947721	-0.0700137969	-0.3745751624	0.0118159327	-0.132257418	0.1408768981	0.3054563721	-0.1030961779	-0.1534027047	0.0404337274	-0.0026412485	-0.0474443316	0.207789087	-0.3051383171	-0.1766052035	-0.0875767567	0.0643217154	-0.1937902266	0.0152991858	-0.1442194411	-0.0362432155	-0.4380920798	-0.2691076916	-0.0400906381	-0.0998967759	0.0165037335	-0.4500691696	-0.1097702512	-0.0527976814	0.0832449033	-0.0635581739	-0.0877163167	0.155915944	0.1551433414	-0.0227517089004862	-0.0103599404294953	0.0005176402578924	0.0001073283657026	-0.120937806011895	-0.0268998365968541	0.0007236012089374	0.0146259529229707	-0.0987262148608252	-0.1922913175813221	0.0097468655007458	0.0369759508171608	0.0158965965532076	0.0008710570117185	0.0002527017819754	7.587403176639646e-07	0.0015051623016077	-0.0026802471924752	7.183725012771192e-06	2.265513554180989e-06	-0.0025081276652748	-0.0003990543978881	1.5924441247391356e-07	6.290704385316818e-06	1.0	0.0	0.0	0.0	0.0	0.0	0.0	0.0	0.0	0.0	0.0	0.0	0.0
863.4376121630788	-3.752798067654794	745524.5100978793	14.083493336593556	1069.3398314445249	-6.288768460673737	39.54860875196472	1143487.6751138049	801.3986897056293	-5.352808692521421	28.652560898732887	642239.8598618995	846.0510219463174	679.8161842762104	1.573785	31.183256	0.3393595682226973	0.2465414184971406	-0.17079153	-0.032623757	0.0566867479	-0.0725630832	0.2241685855	0.1382063843	-0.0237891328	-0.1808501262	0.0131225224	-0.2604002051	-0.0327002033	-0.1804222423	-0.1981737395	-0.2888599309	-0.1245799287	-0.1477205118	0.1316459996	-0.1633801241	0.4124537064	-0.2726132457	0.035895817	-0.1694616467	-0.0569685773	0.2742119405	-0.0215268219	0.025508907	-0.0902800612	-0.2275498539	0.3204248706	0.0400680666	-0.0887737136	-0.065298581	-0.1577859911	0.0380371582	0.0803161363	-0.1216739813	0.0705284246	-0.16679768	-0.6651805455	-0.1236876486	0.064325022	0.0668207168	-0.0511014328	0.3743714699	0.1156134192	0.1951123493	0.0615859839	0.2346557463	0.0109357645	0.0734193327	0.0538182337	0.0002416837	0.1514254752	-0.0596109176	-0.0914068524	0.0969636902	0.1554579513	0.1533170814	-0.039612860376522	-0.0168611514760358	0.0015691787072098	0.0002842984290978	-0.3592466465846513	-0.2383088405727562	0.0567911034951313	0.1290581530823173	-0.042150054799265	0.0565761600615601	0.001776627119581	0.0032008618873112	0.0159323345390442	3.5737985836600816e-05	0.000253839283864	1.2772036316570803e-09	0.0012113302094689	-0.0002938320921388	8.633729837066426e-08	1.467320876371969e-06	-0.0027308259095463	-0.0002226982442715	4.959450800160871e-08	7.457410148249377e-06	0.0	1.0	0.0	0.0	0.0	0.0	0.0	0.0	0.0	0.0	0.0	0.0	0.0
858.3719542114113	-5.065657951667504	736802.4117767172	25.66089048329221	1072.3838203184066	3.0439888738817444	9.26586826431585	1150007.0580807007	798.5627466298239	-2.835943075805403	8.042573129208611	637702.4603049683	843.8031374856149	648.5631226047341	1.435799	28.449177	0.7151015431209832	0.4291892357785283	-0.1134786188	0.0540815613	-0.0083021906	-0.0870824311	-0.112009109	0.0879470932	-0.0574982519	-0.0657363293	0.0128017258	0.0749725548	-0.1329705091	-0.0026800639	-0.0128575205	-0.1552704826	-0.0905646864	-0.0443768329	-0.2495750692	0.0046455048	0.067952472	-0.0639798953	-0.2181940124	-0.0838520344	-0.0011078546	-0.0407953847	0.0917987738	-0.0917113736	-0.0542977915	-0.1089538328	0.0397860644	0.0231343998	0.029812339	-0.2021381009	-0.0975836189	0.0872423797	-0.0298464062	0.0366683752	0.1060567209	0.108137862	-0.1118353438	-0.2212476282	0.0399943657	-0.0455024087	0.2753398634	-0.0926482766	-0.1490489506	0.1396560563	0.1322785043	0.051703938	0.1097470848	-0.1342025731	0.1714054803	-0.0721688728	-0.1337550289	-0.1805478432	0.2597878854	-0.1584067571	0.1547718027	0.1505910958	0.0295574432055474	0.0691703035820694	0.0008736424488491	0.0047845308976356	0.0297403612983515	0.3889870078830028	0.1513108923017712	0.0008844890901564	0.0601151047597809	0.1022651595590459	0.0036138258202794	0.0104581628596371	0.0138224796307116	-0.0021098549083326	0.0001910609431414	4.4514877342151695e-06	0.0011022207838373	-0.0001091094256315	1.1904866761657625e-08	1.2148906563229122e-06	-0.0018562088015732	0.000874617107973	7.649550855592292e-07	3.4455111150378154e-06	0.0	0.0	1.0	0.0	0.0	0.0	0.0	0.0	0.0	0.0	0.0	0.0	0.0
858.3557000264549	-0.0162541849564377	736774.5077679054	0.000264198528598	1067.5308723449707	-4.852947973435903	23.551104032875635	1139622.1634096142	798.4205693654096	-0.142177264414272	0.0202143745163258	637475.4055857849	840.6153649294524	635.9279457755146	1.359065	26.928747	0.3436091164517996	0.1891122043360648	-0.041703859	0.0764587317	-0.0238854691	-0.0336567199	0.0040380046	0.0892305324	0.1791721792	0.009361766	-0.0348011596	0.0337304667	-0.1046421765	-0.1127778268	0.0989649859	-0.0301774698	-0.050371616	-0.0243857234	-0.3143461903	0.0719603489	0.1233695807	0.0202545725	0.0303699333	-0.0201562866	0.071836627	-0.0511371893	0.0081126136	0.0391513734	0.0688865108	-0.2489343467	-0.1635628629	0.0642261759	0.0971102618	-0.0885464494	-0.0261855814	0.092249163	0.031689915	0.042870497	0.2193905869	0.1618534531	-0.0056544157	-0.1741734562	-0.0972671809	0.0831928016	-0.1074191913	-0.1169885072	0.0497747357	-0.0320825253	-0.160347612	-0.2375809301	0.1653020006	0.1451505361	0.134962926	0.0483797096	-0.1425487157	0.0041026029	-0.0479441872	0.0164729327	0.1538585052	0.1469813818	0.0387293015780585	0.009171858372511	0.0014999588007242	8.41229860054019e-05	-0.0662030139087761	-0.0959433752071276	0.0092051312461356	0.0043828390506056	0.0209365031738499	-0.039178601585931	0.0004383371651486	0.0015349628222291	0.0107705534578095	-0.003051926172902	0.0001160048217875	9.314253364844852e-06	0.0004073067325374	-0.0006949140512999	4.829055386940402e-07	1.658987743702931e-07	-0.0016167434000506	0.0002394654015226	5.7343678526380046e-08	2.6138592216071742e-06	0.0	0.0	0.0	0.0	0.0	0.0	0.0	0.0	0.0	0.0	0.0	0.0	0.0
859.3727695135062	1.0170694870513444	738521.5569813139	1.0344303414908846	1061.3001262910905	-6.230746053880239	38.82219638794417	1126357.9580654849	797.8371387873739	-0.5834305780357454	0.340391239387124	636544.1000284232	838.1743588522756	629.0592253845839	1.233324	24.437296	0.1461522400759552	0.0666078381936408	-0.0388893299	0.0908773418	0.0846750384	-0.0496325403	-0.1784705835	-0.1947614996	0.0575898292	-0.0002442734	0.0168717178	0.195697464	0.0074897429	0.0929892539	-0.0988165554	-0.0175234879	-0.1385108098	0.1513195311	-0.0053760683	0.2075050851	-0.061151127	0.0129747931	-0.0284752154	-6.33649e-05	0.0342028241	-0.2031923439	0.0878662397	0.0291167276	-0.0521871018	0.1974521987	-0.0140627166	-0.0686314179	0.0217408207	0.0211626065	-0.0265035766	0.0860275694	0.0640971057	0.0672747338	0.0321948277	0.1010812837	-0.0405725596	0.208790875	-0.0755467617	-0.0875900202	0.0502634146	0.0180320358	-0.0132695446	-0.1158218976	-0.0829892841	-0.0033177021	0.0289548763	-0.09999655	0.1322677694	-0.0868556652	-0.1839254349	0.0247611145	0.1604100655	0.0806475318	0.152719399	0.1425091225	0.0001442662813673	-0.0385850352966911	2.081275993954897e-08	0.0014888049488469	-0.0444268258099072	0.0217761880988689	0.0004742023681173	0.0019737428515438	-0.0002409029776302	-0.0211774061514801	5.803424463109665e-08	0.0004484825313047	0.0099071878297521	-0.0008633656280574	9.815237069398812e-05	7.454002077109502e-07	0.0006108904421215	0.0002035837095841	4.1446326808023167e-08	3.731871322754018e-07	-0.0018420662729874	-0.0002253228729368	5.0770397068493375e-08	3.393208154077691e-06	0.0	0.0	0.0	0.0	0.0	0.0	0.0	0.0	0.0	0.0	0.0	0.0	0.0
863.4084807906802	4.035711277173959	745474.2047012703	16.28696551270907	1064.548290991014	3.248164699923564	10.550573917829531	1133263.0638518888	798.7357710422933	0.8986322549194483	0.8075399295816124	637978.8319425269	839.6338902390349	644.6988472491756	1.219088	24.155224	0.5138961294449731	0.2767097260594204	-0.0587134974	0.064420403	0.0620499859	-0.0813997456	-0.0731781076	-0.2468422511	0.0566930761	-0.0364820452	-0.0452738234	0.1337155373	-0.0114827574	0.0860505026	-0.0383046547	0.1877879065	0.2877760468	0.1061608975	0.0927139207	-0.1127305265	-0.0415723667	-0.0940453652	0.0936210162	-0.0268334531	0.0693956068	-0.0550734673	0.0623576631	0.1001699829	0.0160343305	0.2932723826	-0.0963747799	0.0353683853	0.0604889208	0.0788278523	-0.0506149353	0.0497553167	0.1382901733	0.1036457302	-0.354687778	-0.2761684162	0.1982835785	-0.0262980342	-0.1028314428	-0.0530020357	0.0566632564	-0.0234949594	-0.0627820935	0.1123426724	-0.1927035857	-0.025074759	-0.0965957164	-0.019721023	-0.0379093977	-0.006488171	-0.0733228692	0.0489125842	-0.1156698465	0.0504546865	0.1513561561	0.1372005631	-0.1348149801407174	-0.1349592464220847	0.018175078870342	0.0182139981948169	0.0483521703551588	0.0927789961650659	0.0086079421293973	0.0023379323780542	0.0158095657952372	0.0160504687728674	0.0002499423706339	0.0002576175478287	0.0102222585262105	0.0003150706964584	0.0001044945693766	9.92695437667814e-08	0.0022827049301454	0.0016718144880239	2.7949636823666146e-06	5.210741798110115e-06	-0.0052573294502042	-0.0034152631772168	1.1664022569652992e-05	2.76395129479844e-05	0.0	0.0	0.0	1.0	0.0	0.0	0.0	0.0	0.0	0.0	0.0	0.0	0.0
861.9050353477113	-1.5034454429688822	742880.2899577395	2.2603481999838984	1062.9169839428316	-1.631307048182407	2.661162685449598	1129792.5147541258	796.541299294103	-2.194471748190267	4.815706253605248	634478.0414811379	839.2015601953531	653.4307873220622	0.985938	19.535559	0.2504005688011998	0.1625558647164233	-0.0730787695	0.0685831828	0.0612853588	-0.0632987262	0.0343305811	-0.0501007744	0.0847140585	-0.0395547592	0.1206894621	0.1206516198	-0.0716883146	0.0313837481	-0.0613593811	0.2509966259	0.3581913253	-0.0652453634	0.0431467387	0.1711356963	0.2252841928	-0.1308729697	0.026706413	-0.0443424014	-0.0332771017	-0.0732649031	0.1432175545	0.1068430534	0.1101707089	0.1131468271	0.0376261521	-0.0101409015	0.0488648024	0.2892198253	-0.0686854319	0.0634661565	0.1706010344	0.0626703648	-0.3654471791	-0.3362524763	0.0755846142	0.0626466098	-0.0959829995	0.0715273366	-0.0644806478	0.1028041918	0.0011601255	0.0171741476	0.0125041894	0.0238300991	-0.0363138312	0.0032422481	0.1157426907	0.080543278	-0.0263263456	0.1694487711	0.101939928	0.0600217499	0.1497707771	0.1310868562	-0.1344066759855451	0.0004083041551723	0.0180651545494833	1.6671228313098005e-07	-0.0934172262676753	-0.1417693966228341	0.0200985618188024	0.008726778163546	-0.0531203549216812	-0.0689299207169183	0.0028217721070053	0.0047513339700406	0.0103104436880139	8.818516180339984e-05	0.0001063052490437	7.776622762291812e-09	0.0015919853981998	-0.0006907195319456	4.770934718111487e-07	2.5344175080813755e-06	-0.0052503751978277	6.954252376499895e-06	4.8361626116054425e-11	2.7566439717964263e-05	0.0	0.0	0.0	0.0	0.0	0.0	0.0	0.0	0.0	0.0	0.0	0.0	0.0
860.9964358061338	-0.9085995415774732	741314.862470866	0.8255531269547945	1068.0441226959229	5.127138753091231	26.2875517934499	1140718.2480253037	797.3385587259762	0.7972594318731581	0.6356226017107107	635748.777231217	840.3675449482138	651.5373163499459	1.151373	22.813498	0.2571756421907921	0.1360416569534844	-0.0128536798	0.0514376285	0.0894687083	0.0239798508	-0.0649318022	0.0543968597	0.0413721768	0.0249347786	0.1309812722	-0.0769874532	-0.1495826821	0.0277249762	-0.0312333778	0.2686970136	0.0949080036	-0.1601789156	0.0125862531	-0.1277939069	-0.079923317	0.0428993436	0.2270388372	0.006497918	-0.0789225971	0.007142615	0.1841113522	0.0275534871	0.0001348284	-0.0349925889	-0.0266179918	0.1311184305	-0.0879262284	0.1322735282	-0.0125371296	0.0405779209	0.1419257107	0.0803442807	-0.2950124779	-0.1619841533	0.1345711321	-0.0537632422	0.0788601096	0.1646873435	0.0359049003	-0.0345106338	0.0114624175	0.1117120474	0.0152347989	0.0185527439	-0.1370628874	0.1353470751	0.0777066248	-0.0554076226	-0.0406558825	-0.1363800317	0.0539784839	-0.1379664548	0.1479655889	0.1242038795	-0.1090109697570369	0.0253957062285081	0.0118833915273696	0.0006449418948446	0.0108155984558919	0.1042328247235672	0.0108644817498538	0.000116977169959	-0.0519596638932995	0.0011606910283816	0.0026998066719046	1.347203663365764e-06	0.0091200445093271	-0.0011903991786867	8.317521185210739e-05	1.4170502046182074e-06	0.0018550022168561	0.0002630168186563	6.917784689608106e-08	3.4410332245410457e-06	-0.0041760627909641	0.0010743124068636	1.1541471475410617e-06	1.743950043407487e-05	0.0	0.0	0.0	0.0	0.0	0.0	0.0	0.0	0.0	0.0	0.0	0.0	0.0
858.5387025141747	-2.45773329195913	737088.7037147225	6.040452934404262	1067.000569743495	-1.0435529524279443	1.0890027645210798	1138490.2158329426	798.0823463825767	0.7437876566004888	0.5532200781112467	636935.4316075192	840.8376361261265	625.9968449009338	1.190697	23.592688	0.5571430896722778	0.2805872349012338	0.0426719117	0.0405249127	-0.0103942746	0.0759375444	-0.1159864393	0.0972859884	0.0872619221	0.0318904122	0.0756942202	-0.0685010612	-0.1447334291	0.0491361774	0.0057901879	-0.0136224756	-0.1422154666	-0.1526729925	-0.1197279569	0.155605201	-0.0808171783	0.1497800414	0.0533296207	0.0334769236	-0.0627829411	-0.0227417943	0.1063547598	-0.1102665213	0.008080588	-0.1677839243	-0.0355378798	0.072983722	-0.0302614927	0.0311974807	0.0483152952	0.0253847371	0.0619812904	0.0771137729	0.0020029677	0.1518800146	0.0068036098	0.0634747411	0.01291644	0.0407229138	-0.0826739684	-0.0573389192	-0.0527995711	-0.0738245181	0.1813661628	0.0566902423	-0.0377699114	0.1882988301	0.1079911919	-0.084279246	0.0060645308	-0.0331281189	-0.193477871	-0.0909927255	0.1459432408	0.1165920251	-0.0131412838515103	0.0958696859055266	0.0001726933412659	0.0091909966756243	-0.0438760489658562	-0.0546916474217481	0.0029911762977048	0.0019251076728542	-0.0123371956905415	0.039622468202758	0.0001522063975067	0.0015699399864785	0.0057420281253484	-0.0033780163839787	3.297088699229206e-05	1.1410994690428536e-05	0.00075222412572	-0.0011027780911361	1.2161195182897803e-06	5.658411353152183e-07	-0.001317671503234	0.0028583912877301	8.17040075377134e-06	1.736258190434949e-06	0.0	0.0	0.0	0.0	1.0	0.0	0.0	0.0	0.0	0.0	0.0	0.0	0.0
859.1074346130135	0.5687320988388365	738065.5842073533	0.323456200249628	1066.2857683858565	-0.7148013576384074	0.5109409808817104	1136965.3398622165	796.3506082407218	-1.731738141854862	2.9989169919549306	634174.2912453676	839.1796535127885	624.7252245436738	0.831018	16.46594	0.1130752681477652	0.0787985281283181	0.0396931756	0.0623736421	-0.0219537467	0.0842553564	-0.0961626431	0.0815376328	0.0789393786	0.0801276695	0.079016321	0.1502694889	-0.0162685326	-0.0403434322	0.0166836652	-0.0730597486	-0.1600879401	-0.0219373608	0.0306072881	0.0479234545	-0.1480085305	-0.1288998232	0.0084221017	0.0709560165	-0.0266069142	-0.1929214133	0.0226274905	-0.0657174304	-0.0045986054	-0.0326478994	0.0635794644	-0.0551272442	-0.062812784	-0.1515785084	0.0481193064	0.0342939026	0.060428278	0.0691352371	0.0179287964	0.1381646273	0.0830306175	0.1187472294	0.1073287203	0.0089554904	-0.056599567	-0.0524498445	-0.0857094165	-0.0371999091	0.0364973465	0.0855488245	-0.0908881028	0.0400417418	0.0935491708	-0.043537117	0.0750301058	0.0362251496	-0.1390381054	0.0334452712	0.1437067008	0.1082959623	-0.0156888434135566	-0.0025475595620462	0.000246139807655	6.490059722173534e-06	0.0316225255486415	0.0754985745144977	0.0057000347537211	0.0009999841220744	-0.0259276075014227	-0.0135904118108812	0.0006722408307478	0.0001846992931893	0.0058378127929866	9.57846676382006e-05	3.408005820595801e-05	9.174702554560554e-09	0.0004211641606832	-0.0003310599650367	1.0960070045016721e-07	1.7737925024398434e-07	-0.0013157416907022	1.929812531799996e-06	3.7241764078923095e-12	1.7311761966518834e-06	0.0	0.0	0.0	0.0	0.0	0.0	0.0	0.0	0.0	0.0	0.0	0.0	0.0
860.953085086705	1.8456504736914208	741240.2147203151	3.4064256710373675	1068.650857556251	2.365089170394413	5.593646783916931	1142014.6553557103	797.3323443912176	0.9817361504957488	0.9638058691902116	635738.8674123952	840.3874584910286	634.7758085877972	0.984556	19.508173	0.1204078508313476	0.0618064670028994	0.0552688907	0.0417080149	-0.0327945378	0.0574606818	0.0290114297	-0.0100038475	0.1159251389	0.0923986049	-0.0135578643	0.0697955491	0.0684551316	-0.1270173495	0.0501567806	0.0780859588	0.0843623141	-0.1905700907	-0.0929371466	-0.1756372011	-0.018238568	0.018914672	-0.1656992725	0.0864286368	0.0463036031	-0.0976334072	-0.0723626384	0.0365859297	0.0219363438	-0.051369406	0.0591202849	0.0511266734	-0.1124900869	-0.1288391725	0.0559283948	0.0235512867	0.0561868259	0.0686841862	0.1035279072	0.0527872895	0.1083657726	-0.0074585952	0.2067538658	0.0331449648	-0.045595902	-0.0722115384	-0.0160853023	0.0552241774	-0.0164044476	0.1214369035	0.1341057927	-0.0909682493	0.1107367278	0.0630893606	0.1171771719	0.0728266917	-0.0260836917	0.0721760411	0.1412592515	0.0993643757	0.0055591074847711	0.0212479508983277	3.090367602723806e-05	0.0004514754173777	-0.0151109577113572	-0.0467334832599986	0.0021840184576125	0.0002283410429544	-0.0386741434829289	-0.0127465359815061	0.0014956893741381	0.0001624741795278	0.0052961368543379	-0.0005416759386487	2.8049065579876143e-05	2.934128225109508e-07	0.000171021660474	-0.0002501425002092	6.257127041090963e-08	2.9248408351284134e-08	-0.0013139625157298	1.779174972399997e-06	3.1654635824145297e-12	1.7264974927429846e-06	0.0	0.0	0.0	0.0	0.0	0.0	0.0	0.0	0.0	0.0	0.0	0.0	0.0
862.7652079342545	1.8121228475495168	744363.8040218373	3.283789214610971	1069.6037413074123	0.95288375116138	0.907987443227383	1144052.1634188138	797.4034040491499	0.0710596579323237	0.0050494749854588	635852.1887891719	839.3624076874919	637.2872403646855	0.802277	15.896462	0.060341703347666	0.034141179881583	0.058127641	0.0363442648	-0.036909369	-0.0011125316	0.0797789448	-0.0167778955	0.1316916536	0.0754502594	-0.019124131	0.1579971917	0.0895550721	-0.0948536705	0.0158976331	0.1114434838	-0.0506264729	-0.0634003372	-0.0774510376	-0.1438229678	0.0352223861	0.0916512161	0.0188868147	0.0772132885	0.0786055097	-0.1161691515	-0.0989943012	0.0939710056	0.1183502263	-0.0438178337	-0.0002856634	0.1289836075	-0.0263349843	-0.0696123592	0.0621894194	0.0181769847	0.0487567451	0.0627068258	0.1144514752	0.0949151822	0.108413544	0.0025067318	0.0984796041	0.0535430777	-0.1107265265	-0.0419543615	0.0778171852	0.1528480216	-0.0751169694	0.0147372659	0.0046045151	0.0246672729	0.0054115938	-0.0548866162	-0.0331493315	0.0347806693	-0.0315876367	0.0061776177	0.1386044847	0.0898496795	0.0086495433039601	0.0030904358191889	7.4814599367081e-05	9.550793552526382e-06	-0.0078074566448833	0.0073035010664739	5.334112782798539e-05	6.09563792617324e-05	-0.0095618640587531	0.0291122794241758	9.14292442780743e-05	0.0008475248132712	0.0052960450419744	-9.181236350006007e-08	2.8048093086621625e-05	8.429510091467161e-15	3.5264320801253746e-05	-0.0001357573396727	1.8430055275021402e-08	1.2435723215737375e-09	-0.0010331019270095	0.0002808605887202	7.888267029631347e-08	1.0672995915907422e-06	0.0	0.0	0.0	0.0	0.0	0.0	0.0	0.0	0.0	0.0	0.0	0.0	0.0
863.1096299504399	0.3444220161853764	744958.2333131852	0.1186265252331996	1071.2137172452865	1.6099759378741965	2.5920225205338987	1147498.8280144646	799.0511236641963	1.6477196150464124	2.7149799298086976	638482.6982290148	840.8998219850153	638.9183971138585	0.750131	14.863225	0.0762394354066446	0.0431349907898959	0.0559728992	0.0445020406	-0.0477286915	0.0403901362	0.0809853709	-0.0745905271	0.0901356691	0.0682029076	-0.1051453331	0.0858589221	0.1139220176	-0.0625072792	0.0356820216	0.143232138	-0.1079127822	-0.0473745983	0.063017665	0.0282694911	-0.0163824029	-0.1359750967	-0.0343852201	0.0700675773	0.1101091348	-0.0582672421	-0.1205140633	0.0874093181	0.0229727634	0.0124284304	0.111188469	0.0200330646	-0.0887188406	0.0228905349	0.0642909348	0.0159829518	0.0476500947	0.0522421836	0.1272422176	0.1062180314	0.0874904543	0.1599994451	-0.0121695524	-0.0399714575	-0.0936454794	0.0759021745	0.0779239714	0.0664480751	-0.0170002926	0.0240560552	-0.0192222218	0.0170098707	-0.0086728519	0.024691592	-0.0344086827	-0.0389984906	0.0313195194	-0.0038094808	0.1357462967	0.0798077096	0.0087750232615775	0.0001254799576174	7.700103324122624e-05	1.5745219763664894e-08	-0.0085883459812379	-0.0007808893363546	6.097881556323281e-07	7.37596866934452e-05	-0.0297133235823281	-0.020151459523575	0.0008828815983081	0.0004060813209302	0.0045663588181854	-0.0007296862237889	2.0851632856419563e-05	5.324419851874502e-07	-0.000296955527735	-0.0003322198485362	1.103700277614514e-07	8.818258545237236e-08	-0.0010748279864662	-4.172605945669994e-05	1.7410640377840582e-09	1.1552552004909855e-06	0.0	0.0	0.0	0.0	0.0	0.0	0.0	0.0	0.0	0.0	0.0	0.0	0.0
863.7093904098439	0.599760459404024	745993.9110821441	0.3597126086645259	1068.2900650270524	-2.9236522182341105	8.547742293185236	1141243.6630355038	798.8988976035188	-0.1522260606775489	0.0231727735494048	638239.4485921175	840.8702763094446	643.276064624169	0.708176	14.031931	0.1242706303216405	0.070760562814472	0.0644985083	0.0285182792	0.01181856	0.0145542526	0.0845344874	-0.2073082517	0.0001690455	0.0580512757	-0.0394619504	-0.0043608023	0.0476823563	0.004227894	0.0418954319	0.0783567628	-0.1136903772	0.049430663	0.1467152127	-0.0560965739	0.0254547995	0.0499961569	-0.1116788649	0.0620681513	0.0441808648	0.0004759857	-0.0274744042	0.0746581808	0.0291228528	0.1705799254	0.1315827322	-0.0504745314	-0.0771725669	0.0118288144	0.0744948959	-0.0002121821	0.034592153	0.0438532451	0.0861833436	0.0906087925	0.1207081413	0.1618700102	0.0096255276	-0.0431171167	-0.0061804421	0.136868107	0.0715076573	0.0579727458	-0.0552826732	0.0641138249	-0.1137607324	-0.0800856598	-0.077905029	0.0287876588	-0.0139049389	-0.1184951905	-0.013414549	0.0198922029	0.1326888823	0.0692973963	0.0085287404205729	-0.0002462828410046	7.273941316151399e-05	6.065523777329781e-08	0.0554022312023931	0.0639905771836309	0.0040947939682942	0.0030694072222034	-0.049337996690653	-0.0196246731083249	0.0024342379174468	0.0003851277946086	0.004002968899888	-0.0005633899182974	1.6023760013470546e-05	3.1740820003915104e-07	-7.31933696000997e-05	0.0002237621581349	5.0069503413188146e-08	5.357269353416799e-09	-0.0010958578538075	-2.102986734130001e-05	4.4225532039267667e-10	1.20090443575158e-06	0.0	0.0	0.0	0.0	0.0	0.0	0.0	0.0	0.0	0.0	0.0	0.0	0.0
861.2386347901869	-2.470755619656984	741731.986055265	6.104633332066567	1067.9835622849002	-0.3065027421521336	0.0939439309467772	1140588.8893107453	797.1728080513038	-1.726089552214944	2.9793851422655857	635484.4858964009	839.6355524213483	640.6169025544616	1.001547	19.844828	0.1311747952339792	0.0705179761602931	0.0712219041	-0.0033418365	0.0326462834	-0.0039000213	0.1573666901	-0.1409932696	-0.0459254904	0.0684024915	0.0376685765	-0.0285980576	-0.088042225	-0.0962413732	0.0592038814	0.0309353257	0.1651038809	0.0898528218	-0.0677295852	-0.0230967803	-0.1199256612	-0.0314678243	-0.002360599	0.0508171241	-0.0052312178	0.0946239131	0.0838640013	0.1364697084	0.1072797233	0.016827508	-0.0301671904	-0.0213578287	0.0543835465	-0.0797780796	0.0639452337	-0.0032224428	0.0167647418	0.0467543953	0.1027350503	0.0037083922	0.1261819204	-0.1425586522	0.0084414947	0.0588182007	0.014837959	0.1083524486	0.0032910189	0.0047189565	0.1218664171	-0.0123530487	0.0988762291	-0.1678429701	-0.0791578733	0.2156448011	0.1013322701	0.028861483	0.018413358	-0.1238158903	0.1294367287	0.0583804184	0.0087823500027894	0.0002536095822165	7.712967157149497e-05	6.431782019202809e-08	-0.0029088935910834	-0.0583111247934765	0.0034001872746803	8.46166192424608e-06	-0.0136595753790018	0.0356784213116512	0.0001865839995346	0.0012729497472916	0.0044963582120737	0.0004933893121857	2.0217237171282603e-05	2.434330133790785e-07	-0.000296917738997	-0.0002237243693969	5.005259346204069e-08	8.816014373109062e-08	-0.0010743387444574	2.1519109350099947e-05	4.6307206722155895e-10	1.154203737842303e-06	0.0	0.0	0.0	0.0	0.0	0.0	0.0	0.0	0.0	0.0	0.0	0.0	0.0
862.4740717952037	1.23543700501682	743861.5245189982	1.52630459336493	1068.5098657915669	0.5263035066666362	0.2769953811295979	1141713.3332939122	798.8139263109515	1.6411182596476692	2.6932691421489947	638103.6888683182	841.3473863783714	636.6033704812929	0.928489	18.397243	0.0843335422187925	0.0437665916966994	0.0739775606	0.0059375082	-0.0068412548	0.0066032338	0.038738391	-0.027054158	-0.0532625669	0.0198018606	0.0180045603	-0.1559222786	-0.0812904597	0.005676815	-0.0636952698	-0.0731675089	0.0923650055	0.1644375963	0.028612947	0.0725392502	-0.1074101746	-0.1228906276	-0.1405144486	0.0160878381	-0.0248414988	0.1614939435	0.0938894147	0.0398401208	0.0508318932	-0.0027420555	-0.0255755423	-0.0412358896	0.1050280746	0.0653912268	0.0625281239	-0.0002313248	0.0451017809	0.0381771229	0.1138828678	0.0990278465	0.061474285	0.0656752128	-0.0638202948	0.0233217374	0.0195806809	0.2351649697	-0.0071411107	-0.0908886642	0.091666286	-0.1167071439	0.015434843	-0.0048965905	-0.118270134	0.0112636559	0.1118903902	0.2303641467	-0.0546778899	-0.1448680951	0.1259946088	0.0471208409	0.0086265359016266	-0.0001558141011628	7.441712166205264e-05	2.4278034121171585e-08	-0.0248435567481664	-0.021934663157083	0.0004811294478146	0.0006172023118993	-0.0284931585522585	-0.0148335831732567	0.0008118600842841	0.0002200351897579	0.0044962691584207	-8.90536530004371e-08	2.021643634496519e-05	7.93055311272226e-15	-0.0007924006011852	-0.0004954828621882	2.455032667222108e-07	6.278987127586664e-07	-0.0006217210245528	0.0004526177199046	2.0486280037163895e-07	3.8653703237098333e-07	0.0	0.0	0.0	0.0	0.0	0.0	0.0	0.0	0.0	0.0	0.0	0.0	0.0
862.1143181347406	-0.3597536604630704	743241.0975329288	0.1294226962165781	1067.6370223260694	-0.8728434654974535	0.7618557152616043	1139848.811441276	798.2492381060104	-0.5646882049411488	0.3188727687996568	637201.846136826	840.5523202729918	643.6202589616662	0.84357	16.714645	0.1653503479723069	0.0999474176577734	0.0831221272	-0.0070302724	0.0226619141	0.0225374524	0.0280139914	-0.0766028429	-0.0623886556	0.0628083716	0.0127245476	-0.0498639223	-0.0382353718	0.0380904915	0.0100335141	0.023487335	0.0674031363	0.1197643283	0.0945816189	-0.0670444613	-0.0326501241	0.0053423841	0.0163119337	0.0523465977	-0.0295868824	0.0747561024	0.0752549687	0.0435238245	0.0380029031	0.1105614031	0.0286275513	-0.0766114482	0.0330050985	0.0311285612	0.0784608701	-0.0217029015	0.0069880362	0.0346604467	0.0648967763	0.0640274465	0.1077307583	0.0233449615	-0.0080967112	0.0271605679	0.0762974066	0.2273839439	-0.0160034187	-0.0037340351	0.1063984425	-0.0806077394	-0.0058579914	-0.1297475563	-0.1031375691	0.1060897075	0.1623780597	0.0129464369	-0.0436222399	-0.1514600763	0.1223675745	0.0355847396	0.0040275266926244	-0.0045990092090021	1.6220971259802037e-05	2.115088570448704e-05	0.0662660679828661	0.0911096247310325	0.0083009637186295	0.0043911917659098	-0.0301182078673107	-0.0016250493150521	0.0009071064451385	2.640785276351623e-06	0.003707844574303	-0.0007884245841176	1.3748111387188196e-05	6.216133248411678e-07	-0.0004120097579578	0.0003803908432274	1.446971936112524e-07	1.6975204065244498e-07	-0.0008132388915521	-0.0001915178669993	3.6679093379961577e-08	6.613574947328883e-07	0.0	0.0	0.0	0.0	0.0	0.0	0.0	0.0	0.0	0.0	0.0	0.0	0.0
860.5799980832385	-1.5343200515021636	740597.9331009467	2.354138020441602	1068.5277730264972	0.8907507004278159	0.7934368103126447	1141751.6017289655	798.8824361331311	0.633198027120784	0.4009397415496531	638213.1467620063	841.3839503624628	630.2420494800126	1.07911	21.381666	0.2239795220939866	0.1389393846062824	0.1106517334	-0.0590666951	0.0380970807	0.0409406979	0.0105717195	0.0102005033	-0.0078581585	0.0707873621	0.0204661483	-0.2166653085	-0.0896137146	-0.025460264	0.0158192952	-0.0823436001	-0.0134277902	-0.079231376	-0.0630030466	-0.1243219247	0.0127018244	0.1782245372	-0.012726784	0.0625415799	-0.0365308888	0.1659258028	0.1263997605	0.0140919313	0.0080337661	-0.1103006447	-0.1162815938	0.1131005548	-0.1021524766	-0.0060992229	0.0934457024	-0.0559495427	-0.0383258056	0.0277869568	0.0267428047	0.1393459834	0.0451389443	-0.167222126	-0.0155812862	0.1223171026	0.0369064081	-0.0087575189	0.0284785457	0.0633349652	0.1673291812	-0.0068328644	-0.0839211571	0.1282708222	-0.2357040538	-0.0368073543	-0.0728014871	-0.105682101	0.0572986626	0.1909362326	0.1185609488	0.023839813	0.0082620609520063	0.0042345342593819	6.826165117466725e-05	1.793128039387902e-05	0.0301024693750235	-0.0361635986078426	0.0013078058642691	0.0009061586624742	0.0703933184999314	0.1005115263672421	0.0049552192894327	0.0101025669326728	0.0023308970674305	-0.0013769475068725	5.433081138956106e-06	1.8959844366823933e-06	-0.0003421974530541	6.981230490369999e-05	4.873757915967173e-09	1.17099096876713e-07	-0.0005986014461379	0.0002146374454142	4.60692329739337e-08	3.583236913183852e-07	0.0	0.0	0.0	0.0	0.0	0.0	0.0	0.0	0.0	0.0	0.0	0.0	0.0
859.5168440937467	-1.0631539894917523	738769.2052808742	1.130296405372229	1069.6311446159116	1.103371589414337	1.2174288643267202	1144110.785532345	797.6935578139338	-1.188878319197329	1.413431657857466	636315.0121778517	839.9715206415327	615.8722439299653	1.013567	20.082987	0.1361025917060094	0.0727217136546451	0.1151464925	-0.0526622306	-0.0263777858	0.1258760917	-0.178507999	0.0925002017	0.0615560698	0.099935316	0.0452676022	0.0244654112	0.0267865199	0.1877822135	-0.056495879	-0.094942994	-0.178045425	0.0426306364	0.0605780739	-0.0368070599	-0.0547595868	0.1298993391	-0.1411863034	0.0946709778	-0.0636165794	-0.1029981821	0.0557349731	-0.164146902	-0.0812913955	0.0832298702	-0.0410851807	0.089765015	-0.0916774639	-0.0282316956	0.0979598491	-0.0787751335	-0.0485915975	-0.0133552044	-0.0102673437	0.1955015029	-0.0422857469	0.1502524484	-0.0135768171	0.0159445243	0.0153128587	-0.0105964369	-0.048394556	-0.0454015199	0.0522498063	0.1082861324	-0.1943371382	0.1641121409	-0.1718099427	-0.0396958898	0.0408281788	0.018820745	-0.074417207	0.31545073	0.1145803187	0.0119549848	0.0035964506183603	-0.004665610333646	1.2934457050304186e-05	2.1767919785424345e-05	0.0094600944291443	-0.0206423749458792	0.0004261076434062	8.949338660832702e-05	0.0463418934835218	-0.0240514250164095	0.002147571091638	0.0005784710453199	0.0011319892111742	-0.0011989078562563	1.2813995742147875e-06	1.4373800477930773e-06	-0.0003410362220692	1.161230984900001e-06	1.3484574002918265e-12	1.163057047632327e-07	-6.380690517760661e-05	0.0005347945409602	2.860052010409309e-07	4.071321148344081e-09	0.0	0.0	0.0	0.0	0.0	0.0	0.0	0.0	0.0	0.0	0.0	0.0	0.0
861.6219102691657	2.105066175418983	742392.3162558862	4.431303602893106	1068.4509209048365	-1.1802237110750866	1.3929280081838495	1141587.3703823932	797.5736280133245	-0.1199298006092703	0.0143831570741793	636123.692102337	839.9796670367609	621.7761707500867	1.026162	20.332546	0.1574741695434101	0.0771507516544576	0.1466534838	-0.1001875753	-0.038660542	0.1753720574	0.0077808713	0.0066640208	0.1073247853	0.1304868613	-0.0184487846	0.0620027498	0.1899041432	0.0342242573	0.0209277107	-0.0215554881	-0.0342217364	0.047434019	0.101449032	-0.0157496558	-0.0223505069	-0.1692131002	-0.2098974324	0.1408828503	-0.019011824	-0.0526338883	-0.1576019716	-0.0470238746	0.037474019	0.1144039323	0.0685656586	-0.0458406167	-0.0837547191	-0.0511053307	0.1195115413	-0.1217077887	-0.0834637982	-0.0372721673	0.0013854747	0.0487421782	-0.0187817587	0.0908578065	0.0834001379	0.015262712	-0.010800257	-0.0302278444	-0.0042519643	-0.0157134994	-0.1405615675	0.027000518	-0.0212034698	-0.0222221799	0.0269636673	0.0355161848	0.1044208519	0.1219254985	-0.0031163887	0.1702053973	0.1104315261	-0.0	-0.0092635663809801	-0.0128600169993404	8.581366209482477e-05	0.0001653800372233	0.0249630539822618	0.0155029595531174	0.0002403417549055	0.0006231540641213	-0.0145586895681049	-0.0609005830516267	0.0002119554419404	0.003708881016028	0.0001119963171632	-0.001019992894011	1.2543175058120089e-08	1.040385503832935e-06	-5.700695373778153e-05	0.0002840292683314	8.067262526888092e-08	3.2497927744615636e-09	-0.0001239969416217	-6.019003644409338e-05	3.6228404871412884e-09	1.5375241531535274e-08	0.0	0.0	0.0	0.0	0.0	0.0	0.0	0.0	0.0	0.0	0.0	0.0	0.0
861.1880195154408	-0.4338907537248815	741644.8049569273	0.1882611861679457	1071.627084301364	3.1761633965275	10.088013921441105	1148384.6078082428	798.1656473231354	0.5920193098108939	0.3504868631889671	637068.4005667598	840.6614166892911	635.1663917041109	1.009747	20.007311	0.0424002922005747	0.0269880157722707	0.1313811681	-0.1109217971	0.0011503151	0.0905734942	0.0984306562	-0.0656583014	-0.0461003486	0.10759162	-0.0494791236	-0.0197942825	0.1533462591	-0.0956273761	0.1656644462	-0.0461596715	0.0624567989	0.0358351449	0.0129789391	-0.1664142212	-0.03443861	0.0009904331	-0.0378077291	0.1028053033	0.0189688062	0.0800965259	-0.0964376775	0.0756127474	0.0637943673	0.0478782273	-0.0651494275	-0.071753498	-0.1321095409	-0.0935273763	0.1123928996	-0.1246436749	-0.1172635867	-0.0549955302	0.0113002657	-0.0213194371	0.0334894376	-0.1059560284	0.0162981749	-0.0040199761	-0.0042142005	-0.0463292804	0.0954023175	0.1058907669	-0.0826056927	0.039049281	0.0960411883	-0.0692341027	-0.0824910406	0.0605947749	-0.1177860006	-0.070511627	0.2340271671	0.2386682589	0.10612066	-0.0119549848	-0.0142082617452103	-0.0049446953642301	0.0002018747018204	2.445001224503962e-05	0.0293266278720807	0.0043635738898189	1.904077709190926e-05	0.0008600511023475	-0.014515919963749	4.276960435590019e-05	0.0002107119323939	1.8292390567602358e-09	-6.983394821714206e-06	-0.0001189797119849	4.876780323594479e-11	1.4156171864013138e-08	0.0004369999109508	0.0004940068646885	2.440427823594425e-07	1.9096892217100717e-07	-7.599845145180012e-05	4.7998490169899865e-05	2.303855058589974e-09	5.775764623071621e-09	0.0	0.0	0.0	0.0	0.0	0.0	0.0	0.0	0.0	0.0	0.0	0.0	0.0
862.062495699233	0.874476183792126	743151.74649119	0.7647085960196401	1072.3701550883632	0.7430707869991693	0.5521541944915648	1149977.74952424	798.7232757618143	0.5576284386788757	0.3109494756234406	637958.8712436833	841.4717554875924	632.5379752300464	0.8464279999999998	16.771265	0.0566914095756074	0.0354868088385503	0.145548008	-0.1222523387	0.0040485802	0.0922832996	0.1236597559	-0.0680669401	-0.0745841437	0.0820366252	-0.0393762891	-0.1288819955	0.1372488898	-0.0213826788	0.0774978892	0.0308119479	-0.0437890588	0.0732071649	0.0587840848	0.0704981588	0.0877408088	-0.0288413099	0.0035644854	0.0945446794	-0.0197995437	0.1539764295	-0.117260047	0.050565716	0.0646435045	0.0185096226	-0.0039749966	-0.061448575	-0.0050507602	0.0791789134	0.1180784125	-0.1366801016	-0.098003944	-0.0630930169	0.0147812628	-0.0394296719	-0.0018106005	-0.0273354641	-0.0806295687	0.0006307023	-0.066401688	0.057772062	0.0952651656	0.0337246139	-0.1104967714	-0.160674086	0.0934813246	-0.0198474626	-0.0007032083	0.0501346226	-0.0846253331	0.0317841956	-0.0209088413	0.0187547013	0.1016540472	-0.023839813	-0.0081794220267283	0.0060288397184819	6.69029446913281e-05	3.634690835114611e-05	0.0075930303276692	-0.0217335975444115	0.0004723492622224	5.765410955690423e-05	-0.0143421941565193	0.0001737258072296	0.0002056985332232	3.0180656097610654e-08	-0.0004989949798771	-0.0004920115850553	2.489959899425475e-07	2.420753998287132e-07	0.0004050060884881	-3.199382246270001e-05	1.0236046757747679e-09	1.6402993171243069e-07	-2.489892886020053e-05	5.109952259159959e-05	2.611161209089397e-09	6.199566583853268e-10	0.0	0.0	0.0	0.0	0.0	0.0	0.0	0.0	0.0	0.0	0.0	0.0	0.0
861.8610910962154	-0.2014046030175222	742804.540345559	0.0405638141166457	1072.7205080832205	0.3503529948573032	0.1227472210054815	1150729.288462323	799.6006458774087	0.8773701155944309	0.769778319738185	639361.1928875692	843.0971826070572	634.9766380401039	0.747071	14.802588	0.1211396223712952	0.058837970817281	0.1321640704	-0.1189074489	0.0004213663	0.1016950803	0.0711844626	-0.0641971768	-0.1527220111	0.0607437063	-0.047293201	-0.2127420512	0.0563983121	0.027738616	0.0751775851	-0.0294778567	0.0982780266	0.0867307979	0.174091496	0.1059221105	0.1352691867	0.0164938312	0.0818324484	0.0763650178	-0.0522255655	0.2331042013	-0.0431022088	-0.0198504122	0.0197083581	0.0720220147	0.0014238616	-0.155503303	0.006809869	0.1535687722	0.1111834906	-0.1393117026	-0.1126483047	-0.081825345	-0.0344287481	-0.0479391418	0.0059100233	0.0019741227	-0.0915481796	-0.0426034078	-0.0001096759	0.1183017516	0.0132961506	-0.0437901384	0.0127592227	-0.1394429146	0.0366384265	-0.0502149215	6.30706e-05	0.1224591856	0.0457231135	0.0447818846	-0.0496333128	-0.0993305843	0.0970382431	-0.0355847396	-0.0226248311876275	-0.0144454091608991	0.0005118829862686	0.0002086698458257	0.0385668778389316	0.0309738475112624	0.0009593792296509	0.001487404066243	-0.0614664742925796	-0.0471242801360603	0.0037781274619603	0.0022206977783418	-0.0008879852943929	-0.0003889903145158	7.885178830580453e-07	1.51313464787101e-07	0.0002960438136494	-0.0001089622748387	1.18727773380244e-08	8.764193960008068e-08	-9.886805076716805e-05	-7.396912190696752e-05	5.471430995687822e-09	9.77489146249932e-09	0.0	0.0	0.0	0.0	0.0	0.0	0.0	0.0	0.0	0.0	0.0	0.0	0.0
861.3677615731839	-0.493329523031548	741954.4206775974	0.2433740182945346	1072.496139649422	-0.2243684337984177	0.0503411940851549	1150247.9695629126	798.6946712823716	-0.9059745950371508	0.8207899668527292	637913.1779348556	841.4709371353086	632.528844125023	0.819615	16.240005	0.116102289813988	0.0632202242594968	0.1631869268	-0.1544668192	0.0221116263	0.129895671	0.1014606621	-0.0824369427	-0.2280722414	0.0742788978	0.003035177	-0.2428396149	0.0350034797	0.083526798	0.1659055542	0.0059504673	0.1331204371	0.0963707551	0.1931377967	0.0380383076	0.0586404604	0.1375445835	0.0185189677	0.0919216506	-0.117471699	0.2540001329	-0.0094211221	-0.0295926451	0.0047610481	0.1178637888	-0.0166189687	-0.1805435349	0.0241850289	0.1045022198	0.1279289382	-0.1733105188	-0.1408984284	-0.0918069429	-0.0516244534	-0.0533961923	-0.0042354419	-0.0594589986	-0.0163756762	-0.0013218348	0.0697822406	0.1187342867	-0.0061420568	0.0065929145	-0.0128905322	-0.1379399931	0.0569792172	-0.2001010356	0.0168346244	0.0360218328	0.0811905108	0.0612834369	0.0127696219	-0.2147308229	0.092280022	-0.0471208409	0.0083394020647062	0.0309642332523336	6.954562679682603e-05	0.0009587837409049	0.0441622674007931	0.0055953895618615	3.130838434898864e-05	0.0019503058619791	-0.0516011575802863	0.0098653167122933	0.0026626794636255	9.732447383385348e-05	-0.0018519704684767	-0.0009639851740838	3.429794616109808e-06	9.292674158533742e-07	0.000711578987727	0.0004155351740776	1.726694808957014e-07	5.063446557745821e-07	-8.484139317857791e-05	1.402665758859014e-05	1.9674712310755327e-10	7.1980619964820464e-09	0.0	0.0	0.0	0.0	0.0	0.0	0.0	0.0	0.0	0.0	0.0	0.0	0.0
858.3546916111977	-3.0130699619861616	736772.7766109543	9.07859059582329	1071.8976654544954	-0.5984741949266663	0.3581713619931214	1148964.6052067974	795.5728190236924	-3.121852258679155	9.745961525020142	632936.1103693049	839.9170788523567	627.7191347157935	0.922249	18.273605	0.0975252433673155	0.0443397021199736	0.1383358948	-0.1489811661	0.0352742864	0.1241807578	-0.0380648167	0.0540560582	-0.0608473814	0.1275032819	0.1411307877	-0.0475648544	0.0212271277	0.0792705398	0.1526111642	-0.0722034181	0.1478445681	0.0591558031	-0.0681382124	-0.0057270707	0.0563139237	0.140961236	0.0762550252	0.1083037716	-0.1395104775	0.0623644842	0.0566701944	-0.0466398962	0.1297432831	-0.014736407	-0.2000780175	-0.0925883296	-0.0251144126	0.0115205498	0.113483751	-0.1703564232	-0.1575645192	-0.1156488823	-0.0840860645	-0.0491837479	-0.0320196248	-0.1084320854	-0.0305194946	0.0106920968	-0.0266272045	-0.0279132495	0.0186524291	-0.0339245034	0.1353103426	-0.0863065782	-0.0688625605	0.0710050016	0.0569259868	0.0479796183	-0.0248782668	-0.0525709848	0.065704835	-0.1103255161	0.0873863672	-0.0583804184	-0.0052761888041743	-0.0136155908688804	2.7838168297294232e-05	0.0001853843147087	0.0244159089375131	-0.01974635846328	0.0003899186725603	0.0005961366092449	-0.0513724380748001	0.0002287195054861	0.0026391273937491	5.2312612189850407e-08	-0.0021690495117284	-0.0003170790432516	4.70477578432921e-06	1.0053911966941333e-07	0.0002360646916497	-0.0004755142960773	2.2611384577389017e-07	5.5726538643667945e-08	0.0004012567580858	0.0004860981512643	2.3629141266264602e-07	1.610069859095262e-07	0.0	0.0	0.0	0.0	0.0	0.0	0.0	0.0	0.0	0.0	0.0	0.0	0.0
858.5698414527631	0.215149841565335	737142.1726522227	0.0462894543255887	1069.6394115571052	-2.2582538973902047	5.099710665078049	1144128.4707562302	796.3091088150298	0.7362897913374127	0.5421226568276907	634108.1967817871	839.3632070454324	609.1040689380652	0.964418	19.10914	0.0473521606924036	0.0399617684331731	0.1701326603	-0.1621288275	-0.0222986553	0.2023690532	-0.107547657	0.1173595483	-0.0361938866	0.1244703842	0.1342211688	-0.0699048268	0.0689298098	0.2068095794	0.0504934789	-0.1518896057	-0.1088661714	-0.0358420562	0.0473077044	0.0356809638	-0.0106440709	0.1066554164	0.0280284623	0.1403639032	-0.1463132655	-0.0037202137	-0.0109694578	-0.2163545924	0.0310926528	-0.0068885386	-0.0540232616	0.0073266962	-0.0821443877	0.023780682	0.1300346511	-0.1869893111	-0.1504998929	-0.1078964548	-0.1272122798	0.0207422853	-0.1180366858	0.038576781	0.0176436128	0.0118906596	-0.0007292229	-0.0513891227	-0.0419229319	-0.0703283656	0.0105548359	-0.079842152	-0.1200818337	0.0807079338	0.0865035374	-0.1101208605	-0.0581198073	-0.0084988151	0.035320689	-0.0163191784	0.0823644609	-0.0692973963	-0.0049294493702234	0.0003467394339508	2.429947109359588e-05	1.202282350565905e-07	0.0247613723005883	0.0003454633630752	1.1934493522722926e-07	0.0006131255582083	-0.0126417993657526	0.0387306387090475	0.0001598150912039	0.0015000623748107	-0.0022860523109692	-0.0001170027992408	5.226035168487619e-06	1.3689655030182952e-08	0.0002359941181535	-7.0573496199983e-08	4.980618365889015e-15	5.569322380304813e-08	0.0004427697690754	4.151301098960004e-05	1.7233300814226535e-09	1.960450684070831e-07	0.0	0.0	0.0	0.0	0.0	0.0	0.0	0.0	0.0	0.0	0.0	0.0	0.0
859.6475204629536	1.0776790101905362	738993.8594381042	1.1613920490052538	1073.8552099658598	4.215798408754608	17.77295622325789	1153165.0119708208	797.2355740968788	0.9264652818490048	0.858337918471556	635584.56060558	841.5102615039873	620.292520396348	0.853674	16.914848	0.1237788346195219	0.0582281346775081	0.1248589826	-0.1401790055	-0.039160018	0.1575047147	-0.0844278501	0.1052532437	-0.0976084775	0.1096218579	0.0750830103	-0.0411395597	0.1354022787	0.1764752741	0.0101858644	-0.2170035709	-0.040286452	-0.1075592464	0.0972651318	0.0085129885	-0.0597152457	-0.0616544102	0.1059291786	0.1151090851	-0.1156650738	-0.0277788766	-0.092394791	-0.2162624641	-0.0145065713	0.0202032116	-0.0769808788	-0.05899384	-0.1068813872	0.0082031017	0.1022636926	-0.1702237678	-0.1646977257	-0.1361318174	-0.1225362695	-0.0245802735	-0.0546079139	0.0181610931	0.0300465663	-0.0568573322	-0.0169120759	-0.0978204831	-0.1198525704	-0.0896590487	0.0392425944	0.021561838	-0.1053834636	0.0573079975	0.0863541813	-0.0135113941	0.042611669	-0.0218746691	0.0015495634	-0.0416992032	0.0772216734	-0.0798077096	-0.0051013435234068	-0.0001718941531833	2.6023705743804507e-05	2.954759989863808e-08	0.0687478819719586	0.0439865096713702	0.0019348130330695	0.0047262712756303	-0.0311192729894358	-0.0184774736236832	0.000968409151391	0.0003414170315139	-0.0029130358429466	-0.0006269835319774	8.48577782229161e-06	3.931083493708557e-07	0.0005038343100918	0.0002678401919383	7.173836841754537e-08	2.538490120256801e-07	0.0001147343495654	-0.00032803541951	1.0760723645310173e-07	1.3163970970195402e-08	0.0	0.0	0.0	0.0	0.0	0.0	0.0	0.0	0.0	0.0	0.0	0.0	0.0
860.536198294073	0.8886778311193666	740522.5485744161	0.7897482875230215	1073.6771691845308	-0.1780407813289457	0.0316985198162214	1152782.6636281076	797.3526176216163	0.1170435247374825	0.0136991866829736	635771.1968280436	840.3441609869359	616.449331282757	1.078425	21.368101	0.1357514313708097	0.0807077552914512	0.1728445242	-0.1770328815	-0.0196233765	0.1861112955	0.0399863189	0.0818291305	-0.0781501318	0.1405145322	0.0186678237	-0.0712609916	0.1466788966	0.0382001138	0.1149099431	0.0223506397	0.015799553	-0.218916251	0.1042643901	-0.0708845103	0.0341354628	0.0742528696	-0.054369899	0.157309848	-0.0741382278	0.0601836949	-0.1433244346	-0.0914205529	0.0131754765	-0.0241594001	-0.0021877123	0.0383148487	-0.2405485363	-0.0299526046	0.1385796675	-0.2098267767	-0.1789887157	-0.120997421	-0.1321712931	-0.0231283139	-0.1247327826	-0.0679276617	0.0977630017	0.0552176017	0.0409962917	-0.1472821496	-0.019339337	0.0955956527	-0.136916826	-0.0370006924	-0.0183198869	-0.1187110393	0.0596726288	-0.1620249872	-0.0399270141	0.0054292919	-0.0497639175	0.1776519994	0.0719655524	-0.0898496795	-0.0076575699881118	-0.002556226464705	5.863837812283056e-05	6.534293738858223e-06	0.0507922212380975	-0.017955660733861	0.0003224057523895	0.0025798497382998	0.0368228824429479	0.0679421554323837	0.0013559246714071	0.0046161364847981	-0.0034520380138495	-0.0005390021709028	1.1916566449062e-05	2.905233402380387e-07	0.0002360628237023	-0.0002677714863895	7.170156892324218e-08	5.5725656734303174e-08	0.0002539084670702	0.0001391741175048	1.9369434983239884e-08	6.446950964993885e-08	0.0	0.0	0.0	0.0	0.0	0.0	0.0	0.0	0.0	0.0	0.0	0.0	0.0
850.0012006763544	-10.534997617718544	722502.0411512441	110.98617480533542	1068.1179836642357	-5.559185520295159	30.90454364905936	1140876.0270269525	796.0060704590641	-1.3465471625522696	1.8131892609775684	633625.6642076805	838.558340998606	627.1219354918705	2.782622	55.135368	0.5212697800027145	0.4312177523979763	-0.0655081059	-0.0120572445	-0.0211408583	-0.0666971193	-0.0373432206	-0.0193384209	0.1907053336	-0.0002641614	0.0102531129	0.29211599	0.1889479686	-0.1760341177	0.102360065	-0.5023248057	0.2059633269	-0.0684917672	-0.0196158223	0.1049437276	-0.1003328098	-0.0301778419	0.1955008023	-0.0174732933	0.0836832334	-0.2309616287	-0.1705556639	0.0996608385	0.1954728077	-0.1175315454	-0.2718104319	-0.2389449387	-0.0380533236	-0.1311995496	-0.0301906851	-0.0229947103	-0.080182222	-0.131353813	0.018494701	-0.0554435521	0.0948810676	0.0254312395	-0.2044190256	-0.2992598033	-0.2317444035	0.0014311909	-0.4327041689	0.082645809	0.0803228421	0.3759645416	0.3252968342	0.2767333447	-0.0856379887	0.1241664172	-0.138982819	0.1318717655	0.080691618	-0.034478972	0.066603812	-0.0993643757	-0.00089337364399	0.0067641963441218	7.981164677759714e-07	4.575435218183073e-05	0.0041532826115542	-0.0466389386265433	0.0021751905962104	1.7249756451438476e-05	0.0233135334679985	-0.0135093489749494	0.0005435208427634	0.0001825025097269	0.0048953629596619	0.0083474009735114	2.3964578506829717e-05	6.967910301257907e-05	0.0008778652567975	0.0006418024330952	4.119103631269187e-07	7.706474090921406e-07	0.0003518509816056	9.794251453539996e-05	9.592736153517034e-09	1.2379911325682425e-07	0.0	0.0	0.0	0.0	0.0	1.0	0.0	0.0	0.0	0.0	0.0	0.0	0.0
862.6926370920941	12.691436415739645	744238.5860929115	161.07255829476236	1068.6717627125402	0.5537790483044773	0.3066712343410126	1142059.3364191276	799.5782374122209	3.5721669531568523	12.76037674122591	639325.3577432339	841.6363625427499	654.039800192266	2.230761	44.200699	0.7265198182347881	0.6278107950010923	-0.2076578177	0.0454221304	-0.0068795022	-0.1847549307	-0.2765766271	0.0618044023	0.1520281442	-0.1991197249	-0.0769806741	0.1571225763	0.0613520327	-0.1461511716	0.0448758254	-0.1080533596	0.0372510668	-0.0403040577	0.1139561336	0.2185739821	0.0543744762	0.2212271684	0.227156994	-0.1932733447	0.1177110238	-0.2516564879	-0.1094469755	0.0761205971	-0.0679119649	-0.2618931319	-0.259032392	-0.2645511849	-0.0005000521	0.3325363461	-0.196133887	0.0748948158	-0.0423662882	-0.1347675872	0.1012182553	-0.0418620689	0.1430079939	0.0775613718	0.0547817035	-0.0324638223	-0.0970359975	-0.0075460675	0.1272478701	-0.0657857051	0.0175265985	-0.2262515927	-0.076490734	0.2276351852	0.1633186366	-0.0126434063	-0.0164949428	-0.1651052617	-0.0783776569	-0.0492821014	0.0611443214	-0.1082959623	-0.0165450521493824	-0.0156516785053924	0.0002737387506257	0.0002449750400361	0.0117044371309731	0.0075511545194189	5.701993457614048e-05	0.0001369938485529	-0.0556198240241982	-0.0789333574921967	0.0030935648244827	0.0062304749249909	0.0166854121589599	0.011790049199298	0.0002784029789143	0.0001390052601218	0.0009447401046198	6.687484782230007e-05	4.472245271255793e-09	8.925338652770308e-07	-0.0002788975256297	-0.0006307485072353	3.978436793795593e-07	7.778382980236917e-08	0.0	0.0	0.0	0.0	0.0	0.0	1.0	0.0	0.0	0.0	0.0	0.0	0.0
865.1570019352356	2.4643648431415386	748496.6379975652	6.07309408011202	1063.44169481339	-5.230067899150072	27.353610229720044	1130908.2382675754	800.4715712579973	0.8933338457763966	0.7980453600096468	640754.736392247	841.6839179201245	655.6427450098821	1.338975	26.530684	0.2505511099831939	0.148981558966697	-0.1458007579	0.035748076	0.1542032313	-0.1025566387	-0.0585841918	-0.1406833629	0.03245827	-0.1598644355	-0.0838368736	-0.0096722023	0.0469224155	-0.0442303467	-0.1173866083	0.1118262523	-0.0798789954	0.0009960699	0.2179983528	-0.010245782	-0.0547943677	0.2486508409	-0.0157848214	-0.1401201122	0.027786623	0.009104492	-0.0431927401	0.1470630368	-0.1884028467	0.1775092103	0.102248987	0.0069110323	-0.1561093669	0.0993555762	-0.134837038	0.054106235	-0.0195833167	-0.1239946879	0.020304991	-0.0570371485	0.0841602569	0.1884775527	0.0284754801	-0.1379168689	-0.0456565603	0.0566231504	-0.0464884438	0.0686743815	0.0641492569	-0.0695663216	0.1143938379	0.0141250722	0.014995588	-0.2122517426	0.1009353435	-0.1778038064	0.0586501044	-0.0308786947	0.055595093	-0.1165920251	-0.0395585742931672	-0.0230135221437847	0.001564880800108	0.0005296222014624	0.0030239768516224	-0.0086804602793507	7.535039066138523e-05	9.144435999148122e-06	-0.0887665271725666	-0.0331467031483684	0.007879496346278	0.001098703929606	0.0139096377150192	-0.0027757744439407	0.000193478021363	7.704923763634303e-06	0.0017580154293754	0.0008132753247555	6.614167538563265e-07	3.090618249921972e-06	-0.0001537388060922	0.0001251587195374	1.5664705076266582e-08	2.3635620498655078e-08	0.0	0.0	0.0	0.0	0.0	0.0	0.0	0.0	0.0	0.0	0.0	0.0	0.0
863.0103137193628	-2.146688215872814	744786.801585993	4.6082702961672055	1069.181030950239	5.739336136848806	32.939979291738574	1143148.0769438157	800.2064512666637	-0.2651199913335631	0.0702886098047085	640330.3646487875	843.0870584448344	661.2659260653962	1.369034	27.126286	0.4535993885455617	0.2915821045030043	-0.2496019219	-0.0368798064	0.0567503078	-0.2260517564	0.0856561782	0.0115297865	-0.0579368048	-0.2342260836	-0.042760876	-0.0107544221	-0.0146840066	-0.1690856546	0.0887042033	-0.0485272338	0.0161462354	-0.0405859853	0.046477574	-0.0572256822	-0.0269122151	0.0965404976	-0.031381981	-0.2433480757	0.0668270352	0.0552628615	-0.0276704312	0.120125128	-0.0079819035	-0.084613942	0.0261731822	-0.1236198296	-0.0324106132	-6.93997e-05	-0.2460255322	0.0202827886	-0.1298389375	-0.1291485816	0.1232630714	-0.1409353473	0.1474697632	-0.0429158789	0.0735197973	-0.0367388885	-0.0156609071	0.0479650124	0.0096716816	-0.0642472932	0.0987008054	0.1001029392	-0.0782124555	-0.0706092181	0.0369318284	0.1730711832	-0.0729331157	-0.1001362049	-0.0306175476	0.087270772	0.0499642712	-0.1242038795	-0.0093111359907993	0.0302474383023678	8.669725343915806e-05	0.0009149075238555	-0.0021600259437235	-0.0051840027953459	2.687388498215411e-05	4.665712077558596e-06	-0.0140083491848486	0.074758177987718	0.0001962338468846	0.0055887851760433	0.0195449055301113	0.005635267815092	0.0003820033321809	3.175624334781288e-05	0.0008092991997099	-0.0009487162296655	9.000624844307217e-07	6.549651946510845e-07	-0.0004379501505372	-0.000284211344445	8.077608831123443e-08	1.9180033435555614e-07	0.0	0.0	0.0	0.0	0.0	0.0	0.0	0.0	0.0	0.0	0.0	0.0	0.0
864.2430350222265	1.2327213028637516	746916.0235844295	1.5196018105341051	1070.802171707153	1.6211407569142011	2.6280973537283487	1146617.2909327557	800.4021273888344	0.1956761221706529	0.0382891447877442	640643.5655285718	842.1758737651145	657.8337667422969	1.101569	21.826683	0.2163480326891102	0.1413881807511749	-0.1877819147	0.0052655479	0.0459207817	-0.1837660702	0.0612765612	0.0084657581	-0.0181342939	-0.1759114538	-0.087695887	-0.0390407188	0.0134420586	-0.1381784049	-0.0452480841	0.0975925742	0.0074960591	-0.0717229902	-0.0238510097	-0.004276495	0.086197206	0.1649101492	0.0038316932	-0.1607207618	0.0695730111	0.0273419634	-0.0173801201	0.1189741145	-0.0366263469	-0.0004841127	0.061386816	0.1115473376	-0.0353501236	0.0981899668	-0.1784296388	0.0562668518	-0.0575274588	-0.0841210785	0.0694632327	-0.0493271936	0.0387184911	0.0023527051	0.0669068219	-0.0028521468	-0.0552069953	-0.0334950648	0.1140992401	0.1430729042	0.0572915874	4.54321e-05	0.0754753901	-0.113750231	-0.0165855889	-0.1527132823	-0.0519066125	0.1011925561	0.0098911953	0.0240056675	0.0442601199	-0.1310868562	-0.0032943938516041	0.0060167421391952	1.0853030849486896e-05	3.620118596956724e-05	-0.0591048873414479	-0.0569448613977244	0.003242717239606	0.0034933877076452	-0.0135522400994929	0.0004561090853556	0.0001836632117143	2.080354977440129e-07	0.0170889878264752	-0.002455917703636	0.0002920335049334	6.031531767033211e-06	0.000400629607608	-0.0004086695921018	1.670108355087333e-07	1.6050408249214006e-07	-0.0006319692561359	-0.0001940191055987	3.7643413337319527e-08	3.9938514070096283e-07	0.0	0.0	0.0	0.0	0.0	0.0	0.0	0.0	0.0	0.0	0.0	0.0	0.0
864.1395994102156	-0.1034356120109123	746737.2472688479	0.0106989258320719	1067.4159572355209	-3.386214471632229	11.466448447891535	1139376.8257610232	798.4593101613478	-1.9428172274865572	3.774538779418554	637537.2699833355	841.2925669816519	658.2715382129207	0.993424	19.68388	0.2169422852802551	0.1289866509685157	-0.1771206421	0.0601082044	0.019555131	-0.1079822537	-0.0161252055	0.0595713877	0.1061557644	-0.145680068	-0.0329396377	0.1179189602	0.0028837082	-0.100683741	-0.0735124296	0.1271926495	0.024692382	-0.0438436069	-0.008382922	-0.0613682747	0.069582088	-0.0012838802	-0.030617069	-0.1322238316	0.0434080908	-0.1083166415	-0.0680170038	0.0729333602	-0.0603912539	-0.0600978822	0.0376509243	0.0500747604	-0.0082707982	0.0319672698	-0.1586186181	0.0925996893	-0.0250144514	-0.098904526	0.0683875929	-0.0602696607	0.0980120081	-0.0077687961	0.1712789178	0.0361489906	-0.0843663943	-0.0776473761	0.0910018423	0.0112304477	0.0229177543	-0.0042868018	-0.0929317427	0.0363251124	0.0297462189	0.2081202378	0.0993712641	0.0474857159	-0.0592848173	-0.0014226225	0.0384910108	-0.1372005631	0.0050825433008867	0.0083769371524908	2.5832246405388277e-05	7.017307605678069e-05	-0.0295002851617596	0.0296046021796883	0.0008764324702176	0.0008702668246251	-0.0334590947299275	-0.0199068546304346	0.0011195110201462	0.0003962828612772	0.0146675101609091	-0.0024214776655661	0.0002151358543203	5.863554084835451e-06	-1.0102095169273184e-06	-0.0004016398171249	1.6131454270014506e-07	1.020523268090526e-12	-0.0002740089124741	0.0003579603436618	1.28135607634474e-07	7.508088411523899e-08	0.0	0.0	0.0	0.0	0.0	0.0	0.0	0.0	0.0	0.0	0.0	0.0	0.0
863.4737744450237	-0.6658249651919732	745586.9591543355	0.4433228842728923	1068.446331208752	1.0303739732312351	1.0616705247123222	1141577.5626734423	799.3201413426858	0.8608311813379714	0.7410303227637275	638912.6883560913	841.6461871768429	663.4032611229554	0.948133	18.786469	0.296573933683457	0.1879728643852324	-0.2058892896	-0.0151296199	0.0257824859	-0.1456040185	0.1110719133	0.0982520683	0.0446630989	-0.1882337212	-0.0090520323	0.051248105	-0.0590740749	-0.0378318039	-0.0218273797	0.0324524481	-0.0645779635	-0.1007582926	0.0800458615	-0.0014824783	-0.002362278	-0.0088666599	-0.1817913757	-0.2005654016	0.0545105201	-0.0491277681	0.0161230298	0.0541830503	-0.0217916554	-0.0434368553	0.1557143407	0.1194775684	-0.1238187451	-0.0267269869	-0.2039242847	0.0410312555	-0.0910202269	-0.0975480854	0.0132224771	-0.0020567291	0.0318456105	0.1364238956	0.0373363082	0.0236706933	-0.0365630477	-0.0306394664	0.1572817481	0.0773445422	0.0302261514	-0.0227314701	-0.0882450713	0.0099466127	0.016423184	-0.063646196	0.0148451506	0.007832479	-0.0656455421	-0.0628676344	0.0326654109	-0.1425091225	-0.0266462229775328	-0.0317287662784195	0.0007100211989683	0.0010067146095505	-0.028667054526565	0.0008332306351945	6.942732914267951e-07	0.000821800015229	0.0033727690908591	0.0368318638207866	1.137557134025452e-05	0.0013565861925129	0.0181956266541514	0.0035281164932422	0.0003310808293372	1.2447605989888336e-05	0.0009526471487149	0.0009536573582318	9.094623569097078e-07	9.075365899546288e-07	-0.0002121813049671	6.182760750699998e-05	3.82265305003964e-09	4.502090617754149e-08	0.0	0.0	0.0	0.0	0.0	0.0	0.0	0.0	0.0	0.0	0.0	0.0	0.0
862.8681024395853	-0.6056720054383504	744541.3622076907	0.3668385781717131	1071.4575871498355	3.011255941083391	9.06766234271002	1148021.3610609474	798.1204922599854	-1.1996490827003754	1.439157921623852	636996.3201653215	842.5644380308286	660.360787627238	0.7832259999999999	15.518986	0.1717627631084318	0.1055354963429305	-0.1957105087	0.0333384369	-0.0302663957	-0.0887609464	0.0806756053	0.0300557798	0.0263741725	-0.1526567867	-0.0149129854	0.0817278729	0.0178218569	-0.1318240456	0.1236537711	0.0769709194	0.007197801	0.1249800896	0.0708887514	0.1119979002	-0.0023055099	0.1028592953	0.0397541154	-0.1555723282	0.0424131954	-0.051249867	-0.0798642358	0.0414748106	0.020221892	-0.0224945617	0.1508839576	-0.1727596444	0.0562212037	0.014335777	-0.182306245	0.0765721478	-0.0555353723	-0.1114438147	0.030353366	-0.0136214528	0.0508527363	0.1086716893	0.0223533566	-0.0234690012	-0.0054470107	0.0564090292	0.1286690404	0.0467636602	-0.0453038689	-0.0091259561	0.0104087534	0.0412668871	0.0703732746	-0.0124835314	0.001606873	-0.0767918646	0.0621567604	-0.0685646522	0.0267918699	-0.1469813818	0.0002874821833529	0.0269337051608857	8.264600574535043e-08	0.0007254244736935	-0.027620364578567	0.0010466899479979	1.095559847240055e-06	0.0007628845394529	0.0254895310240073	0.0221167619331482	0.0006497161918238	0.0004891511584075	0.0164018144493349	-0.0017938122048164	0.0002690195172304	3.2177622261486305e-06	0.000479925136374	-0.0004727220123409	2.2346610095163007e-07	2.303281365236025e-07	-0.0003789592091377	-0.0001667779041706	2.7814869319537835e-08	1.4361008219027108e-07	0.0	0.0	0.0	0.0	0.0	0.0	0.0	0.0	0.0	0.0	0.0	0.0	0.0
862.9847412473966	0.1166388078113414	744742.6636258361	0.013604611487651	1064.4120774422922	-7.0455097075432604	49.63920703908632	1132973.0706050163	797.7468365269423	-0.3736557330431651	0.1396186068360251	636400.015188744	839.9367043649507	654.8444848913554	1.158613	22.956963	0.3257986114150531	0.1968852714167903	-0.1972883723	-0.0208249896	0.0945548467	-0.2380492505	-0.0326929303	-0.1637848178	-0.0649286351	-0.136256839	0.0747865948	0.1401701012	-0.1329457792	0.0538523374	-0.0323205753	-0.0059317936	-0.0313092114	0.0783203337	0.0490027869	-0.0924585072	0.1098460573	0.1235109401	-0.3111442963	-0.1753708654	0.0267319274	-0.1126025323	0.1843876504	0.0408783205	0.0137201996	0.1462929509	0.0685569848	0.0727330327	-0.0878322025	-0.1169792563	-0.1852252669	0.0500487957	-0.0701176984	-0.0010833861	-0.1344047317	0.2102905223	-0.0573914606	0.0455515625	-0.157075324	-0.016936859	0.2497119415	-0.1716519609	0.2536442339	0.2754031476	-0.0808860096	0.1610679091	0.0058637627	-0.0177631151	-0.0873797893	-0.0359707125	0.1227599499	0.3653188076	0.0814227495	-0.094834973	0.0208790082	-0.1505910958	0.006955281214374	0.0066677990310211	4.837593677102387e-05	4.445954391808592e-05	-0.0109996815048845	0.0166206830736825	0.0002762471058357	0.0001209929932088	0.2146358398549068	0.1891463088308995	0.0460685437502212	0.035776326144354	0.0169686172025218	0.0005668027531868	0.0002879339697657	3.212653610202498e-07	0.001555089611394	0.00107516447502	1.1559786483450324e-06	2.418303699465542e-06	-0.0010042683905198	-0.0006253091813821	3.910115723207522e-07	1.0085550001972295e-06	0.0	0.0	0.0	0.0	0.0	0.0	0.0	0.0	0.0	0.0	0.0	0.0	0.0
862.2073058930897	-0.777435354306931	743401.43833542	0.6044057301263434	1063.1231212000694	-1.2889562422228664	1.6614081943652927	1130230.7708301777	798.6251677720037	0.8783312450614176	0.77146577605114	637802.1585988611	839.7232090107138	657.4692241142312	1.095295	21.70236	0.3773445941793236	0.2112454166002793	-0.1489182134	0.0555421555	0.1029166444	-0.1052341014	-0.1970769912	-0.0884257172	0.0672671597	-0.1084449019	-0.0459388171	0.1233845735	-0.0336889455	-0.0106960038	-0.1077814264	-0.0372733271	0.0337735587	0.1515327096	-0.0088513357	0.0557051272	-0.0215803435	0.0471719285	-0.2309062403	-0.111094959	0.0380660281	-0.1201462988	0.1146841648	0.0415888849	-0.1447313471	0.1642176416	-0.1382041689	0.049433927	0.0331084423	-0.0558176074	-0.1211867178	0.0878684781	-0.0254325175	-0.0013977426	-0.0920974436	0.1115893411	0.0152608417	0.0201340152	-0.1875913802	-0.0961326779	0.0419005004	-0.1184178227	0.0843411067	0.0886142186	-0.0390510653	0.0640399806	-0.0639754536	-0.0482788089	-0.1731984234	0.0671991809	0.0139064892	-0.0103028269	-0.2123368322	0.0431668064	0.0149355036	-0.1533170814	0.0083475116648514	0.0013922304504773	6.968095099483019e-05	1.938305627236504e-06	0.026538343634769	0.0375380251396535	0.0014091033313852	0.000704283682877	0.1150004234175341	-0.0996354164373727	0.0132250973862121	0.0099272162086486	0.0130726842992953	-0.0038959329032265	0.000170895074789	1.5178293186442866e-05	0.0010806310694366	-0.0004744585419574	2.2511090803634197e-07	1.1677635082316898e-06	-0.0005990813926673	0.0004051869978525	1.641765032287219e-07	3.5889851504019174e-07	0.0	0.0	0.0	0.0	0.0	0.0	0.0	0.0	0.0	0.0	0.0	0.0	0.0
861.4193751814744	-0.7879307116153313	742043.3399380418	0.6208348063066425	1063.1441649160076	0.0210437159382763	0.0004428379804908	1130275.5153949552	798.447998146443	-0.1771696255607366	0.0313890762213316	637519.2057440622	841.1285609834916	652.6368901579303	1.214616	24.066612	0.3158599367398004	0.1554067374940283	-0.071707635	0.0688333481	0.0621666625	-0.0004995815	0.0059375682	-0.0133874864	0.0528761447	-0.0784036822	0.0007949338	-0.0380446367	-0.1247742462	0.038760509	-0.0589417851	0.0484177265	0.0287768181	0.2608977768	0.113794977	0.069539727	0.0296945218	-0.1140451685	0.1242606544	-0.0659627118	-0.0376967963	0.0701381162	0.0897568196	0.0088389006	-0.0563175576	0.0750954037	0.0125558158	-0.087572473	0.2236719223	0.0551148488	-0.0554725458	0.0866632836	0.0501150972	0.0350825494	-0.0875253075	0.0503536651	-0.0430291186	-0.0157899459	-0.1643603774	-0.0289947348	0.0363352477	0.1844520078	0.0134574806	-0.1155955677	-0.030762398	-0.1359212213	0.0051441607	-0.1755234922	-0.0260027375	0.0511288747	0.0469012757	-0.0911313204	-0.1101920912	-0.0273910722	0.0089700792	-0.1551433414	0.017525198643483	0.0091776869786315	0.0003071325874935	8.4229938277744e-05	-0.0536043687112908	-0.0801427123460598	0.0064228543421832	0.002873428344936	0.0535770897973151	-0.061423333620219	0.0028705045511495	0.0037728259130207	0.0107124929199857	-0.0023601913793096	0.0001147575045607	5.570503346967354e-06	0.0005227470206856	-0.000557884048751	3.1123461185080813e-07	2.732644476356711e-07	-0.0009833300405045	-0.0003842486478372	1.4764702336471656e-07	9.669379685585817e-07	0.0	0.0	0.0	0.0	0.0	0.0	0.0	0.0	0.0	0.0	0.0	0.0	0.0
858.7728597246612	-2.646515456813177	737490.8245996726	7.004044063151056	1064.0159071030157	0.871742187008067	0.7599344406096078	1132129.8505682533	797.3437179391186	-1.1042802073243363	1.2194347762882796	635757.0045369768	839.1303957104188	642.6047397009153	0.954722	18.917034	0.1800786920022653	0.0999223064026234	-0.0636746292	0.0681460564	0.0748313148	-0.1031257481	0.064828032	-0.0930273709	-0.0200399394	-0.0237512206	0.0767920237	-0.0432257795	-0.2156588481	0.0827168962	-0.0741866314	0.0292768623	0.0259209637	0.0999110594	0.0118858363	-0.1324532723	-0.0537233109	-0.0627285352	0.011788296	-0.0456784664	-0.0097731513	0.045707216	0.2632173818	0.0500223039	0.0123205798	0.0970045483	0.0568060139	0.0826110485	0.0277432805	-0.0383929309	-0.0450525865	0.0877598469	0.0500481458	0.0484534236	-0.1472403138	0.135431203	-0.0573563815	-0.0342783619	-0.10343566	0.0124458105	0.1174169835	0.0854533857	-0.122520238	-0.0684536946	0.1066978747	0.0492540602	-0.0511796466	-0.1631521126	-0.1551341779	-0.0175216877	-0.0315382446	-0.1268220645	0.0475958131	-0.0382202959	0.0029914899	-0.1560591586	0.0253632244437085	0.0078380258002255	0.0006432931541819	6.143464844500063e-05	0.0211287061416243	0.0747330748529151	0.0055850324769714	0.0004464222232191	0.1002279258287899	0.0466508360314747	0.0100456371159414	0.0021763005024355	0.0099263107173301	-0.0007861822026555	9.853164445698242e-05	6.18082455772409e-07	0.0002941389626365	-0.000228608058049	5.226164420498066e-08	8.651772934087637e-08	-0.0009809851948562	2.344845648300127e-06	5.498301114352043e-12	9.623319525270569e-07	0.0	0.0	0.0	0.0	0.0	0.0	0.0	0.0	0.0	0.0	0.0	0.0	0.0
857.632765972503	-1.1400937521582364	735533.9612696461	1.299813763710246	1065.8518762280864	1.8359691250707328	3.3707826282129925	1136040.222058932	797.1768129731469	-0.1669049659717529	0.027857267666032	635490.8711420236	841.0628947277781	634.8218276626612	0.8730599999999998	17.298973	0.1705542220822984	0.0881214366039153	-0.0385523173	0.070259728	0.0577862164	-0.0102613335	-0.0596838167	0.1283060346	-0.0333558063	-0.0057893185	0.0949930237	-0.0908857706	-0.2276278637	0.0086334311	-0.0246407207	0.0299230229	0.0393525341	-0.1056447179	-0.0068478046	-0.1184405054	-0.1220946188	0.0046960208	0.0831913222	-0.0328657096	-0.0739665174	0.0662844044	0.2241467789	-0.0609259385	-0.0159034693	-0.1242891477	-0.0072356014	0.0918855237	0.0627136335	0.0376236998	-0.0234797688	0.0794747615	0.0598789419	0.0363549945	-0.1226299916	0.0779987586	-0.0282332442	-0.170799962	-0.0289155191	0.0467747668	-0.0746201006	0.0003522615	-0.1063893802	-0.0942295114	0.1827154546	0.0412479641	-0.0114843623	-0.0958757189	-0.0305004646	0.0316168582	-0.1234963972	-0.1785626326	0.0032065908	0.0093804717	-0.0029914899	-0.1560591586	0.0181395077436121	-0.0072237167000963	0.0003290417411805	5.218208296325161e-05	-0.0499627254629331	-0.0710914316045574	0.0050539916475854	0.0024962739356844	0.0661553539367503	-0.0340725718920395	0.0043765308544967	0.0011609401553382	0.0092251998412842	-0.0007011108760459	8.510431211163003e-05	4.915564605098498e-07	0.0002318241475409	-6.231481509560001e-05	3.883136180398819e-09	5.3742435383064975e-08	-0.0005810808482856	0.0003999043465706	1.5992348640605858e-07	3.376549522443125e-07	0.0	0.0	0.0	0.0	0.0	0.0	0.0	0.0	0.0	0.0	0.0	0.0	0.0
857.1743296190693	-0.4584363534336262	734747.831357901	0.2101638901495206	1066.3882225405785	0.5363463124920145	0.2876673669237816	1137183.8411732542	796.7720073058982	-0.4048056672486382	0.1638676282366152	634845.6316262704	840.2922674028705	631.701124434983	0.7382609999999998	14.628036	0.0600376150439829	0.0329729891368458	-0.0454497761	0.0761490873	-0.0205572366	0.006745252	-0.1619074764	0.1637512245	0.0679149068	0.0148921319	0.1095004611	-0.0221881146	-0.2628378007	0.0474446501	0.0349974892	-0.0622942451	-0.0918927489	-0.0968973903	-0.03980697	0.0327275418	-0.0418080257	-0.0719750456	0.109987773	-0.0170316275	-0.0466646419	-0.0406623186	0.2195304634	-0.1258166011	0.036693998	-0.2056708139	-0.0346726362	0.038810828	0.0273851676	0.0344907862	-0.0265386406	0.0836428178	0.0786295243	0.0325204886	-0.142715909	0.1225208634	-0.0694943884	-0.0956780618	-0.0550058956	0.0715320864	-0.0255619653	-0.0228241437	-0.09152818	-0.1145788455	0.0345421466	-0.0087473409	-0.0085377939	0.0478419856	0.0204183644	0.0313595937	0.0056676467	-0.0873369854	-0.0123229641	-0.0457171913	-0.0089700792	-0.1551433414	0.0180966482716087	-4.28594720034009e-05	0.0003274886786663	1.8369343404103055e-09	-0.0305149436348699	0.0194477818280632	0.0003782162180319	0.0009311617850392	0.0725199304505466	0.0063645765137962	0.0052591403125521	4.050783419996739e-05	0.0092258871468143	6.873055301004349e-07	8.511699364575331e-05	4.7238889170664e-13	0.0005129781020014	0.0002811539544605	7.904754610877694e-08	2.631465331329588e-07	-0.0009828875328974	-0.0004018066846118	1.614486117987266e-07	9.660679023251376e-07	0.0	0.0	0.0	0.0	0.0	0.0	0.0	0.0	0.0	0.0	0.0	0.0	0.0
856.904374603483	-0.2699550155863335	734285.1072145863	0.0728757104402175	1065.7718968545237	-0.616325686054779	0.379857351290894	1135869.7361248897	795.7273910049513	-1.0446163009469274	1.0912232162040416	633182.0807955466	839.3609044751686	628.1500721936332	0.717831	14.223229	0.0948760825224116	0.0583926366829713	-0.0101221812	0.071562497	0.0181860601	0.0336596298	-0.1191882235	0.1340717763	-0.0328651923	0.03835552	0.1347339771	0.0376277978	-0.2202974099	-0.031999338	-0.0322193908	0.0098417969	-0.094455238	-0.0825081931	0.0129209374	-0.0414208548	-0.0486080202	-0.1668171498	0.0940453086	0.0136530834	-0.0963260161	-0.0764279958	0.1564207072	-0.1222129131	-0.0543465881	-0.1279060275	0.056658052	-0.0401875457	0.0273718473	-0.1062284506	0.0015600329	0.0748090422	0.0889037313	0.0265259894	-0.124721561	0.1214701787	-0.0780733869	-0.0774629148	0.0708171666	0.1089706117	-0.0443101517	-0.0002296855	-0.0908911911	-0.1898794359	-0.0936214204	0.0058763831	0.0202401585	0.0719130619	0.057173448	0.0069583921	0.0773246072	0.0113851837	0.01254236	-0.0571204205	-0.0149355036	-0.1533170814	0.0182626004368557	0.000165952165247	0.0003335225747162	2.7540121150167784e-08	-0.0312010636153274	-0.0006861199804575	4.707606275830034e-07	0.0009735063707277	0.0174602071520695	-0.055059723298477	0.0003048588337931	0.0030315731297048	0.0087342259724898	-0.0004916611743245	7.628670333851541e-05	2.4173071033814653e-07	0.0002282246020721	-0.0002847534999293	8.108455572198587e-08	5.2086468990968393e-08	-0.0009800164655866	2.8710673107999397e-06	8.243027503143996e-12	9.604322728208517e-07	0.0	0.0	0.0	0.0	0.0	0.0	0.0	0.0	0.0	0.0	0.0	0.0	0.0
857.283519221428	0.3791446179450304	734935.0323286765	0.143750641316683	1068.2983175708405	2.526420716316806	6.382801635834727	1141261.2953246883	796.0886779088181	0.3612869038668123	0.1305282269056672	633757.18309461	840.5828522868176	633.470472988928	0.857314	16.986973	0.1258401489701055	0.0629042151153508	-0.0084690322	0.0817378728	-0.0512142775	0.0278094571	-0.0588480029	0.0894202001	0.0019408813	0.0498359366	0.0829970111	0.0634783011	-0.106824239	0.0084653413	-0.0144013849	0.0328677531	-0.0402844352	-0.0683038987	0.0323240899	-0.0908328253	-0.1261743434	-0.1561595903	0.0017108013	0.0306918437	-0.0543502518	-0.0717237896	0.0331289574	-0.1171122845	-0.0335628128	-0.0618238214	0.141510256	-0.0184532127	0.028956303	-0.1586241515	0.0021718669	0.0818632469	0.0923181453	0.0195036573	-0.0852176707	0.1015458528	-0.0406765775	-0.0248373738	0.1758641447	0.0533218464	0.0138034639	0.0225974224	-0.1600045676	-0.1014246288	-0.1631724584	0.0646055771	0.0342208944	-0.07010004	0.0262826564	-0.0055486066	0.0954018426	0.0243745422	-0.0664316627	0.0087506424	-0.0208790082	-0.1505910958	0.018804877258276	0.0005422768214202	0.0003536234086988	2.9406415104970135e-07	0.012103645670777	0.0433047092861044	0.001875297846354	0.0001464982385237	0.0083369134286286	-0.0091232937234409	6.950412551644787e-05	8.323448836417616e-05	0.0092090213927372	0.0004747954202473	8.480607501189139e-05	2.2543069108790465e-07	-0.0003612091618383	-0.0005894337639104	3.474321620375812e-07	1.304720585959272e-07	-0.0005868482669616	0.000393168198625	1.5458123241002752e-07	3.443908884358334e-07	0.0	0.0	0.0	0.0	0.0	0.0	0.0	0.0	0.0	0.0	0.0	0.0	0.0
856.8866922933382	-0.3968269280898084	734254.8034294181	0.157471610857194	1068.5423951918078	0.2440776209673458	0.0595738850570793	1141782.8503222456	796.0021609233215	-0.086516985496587	0.0074851887794166	633619.4401945975	839.2337456287685	634.2994388916627	0.944064	18.705845	0.0835457798461063	0.0496852061317429	0.001595415	0.08774559	-0.0574967266	0.0123546264	0.0665371181	0.0197398399	0.0539177336	0.0577142446	0.0436833913	0.0817180725	-0.0648817627	-0.1519725915	0.1343570234	0.0559460367	0.0074892935	0.0089185943	-0.0968436166	-0.1729741208	0.0052997856	-0.0652226514	0.1560803706	0.0364394653	0.0354810015	-0.0498158272	-0.0013600757	0.059171555	0.1384054654	-0.1722158447	0.018647748	-0.0341115205	0.110506514	-0.1206234332	0.0147239325	0.0813303887	0.0904182974	0.01108356	-0.0138584134	0.0820237331	0.0079139539	-0.2071863517	0.0459215255	0.0558531576	-0.1583837752	0.0533618986	0.0118030733	-0.0496240005	-0.2360994194	-0.0232125327	0.1565325724	-0.0012738467	0.0571967323	0.0048982316	-0.1336014131	-0.0120017991	0.1341479989	0.0530218512	-0.0267918699	-0.1469813818	0.0188752343461402	7.035708786420208e-05	0.0003562744716217	4.950119812731052e-09	-0.0285646652849749	-0.0406683109557519	0.0016539115159937	0.0008159401028426	0.0147922415194088	0.0064553280907802	0.0002188104091685	4.167126075961596e-05	0.0088049366190327	-0.0004040847737045	7.752690886518299e-05	1.632845043398174e-07	-0.0006519528155859	-0.0002907436537476	8.453187219450435e-08	4.250424737503826e-07	-0.0005546410201795	3.220724678209999e-05	1.03730674528309e-09	3.0762666126575655e-07	0.0	0.0	0.0	0.0	0.0	0.0	0.0	0.0	0.0	0.0	0.0	0.0	0.0
858.6967724910601	1.8100801977218453	737360.1470865634	3.2763903221847546	1067.8232556619953	-0.7191395298125371	0.517161663338997	1140246.5053325829	797.5109800553439	1.5088191320223814	2.2765351731567725	636023.7633088351	839.113064359926	629.1359316291354	0.900606	17.844759	0.0434299837618692	0.0246879135280956	0.0059164133	0.0964383297	-0.0395600243	-0.0441362584	-0.0580349897	-0.1759047004	0.0237822712	0.0081023688	-0.0330076869	0.1594040053	0.0156412261	-0.0030132635	-0.0357464804	0.0059572677	-0.0391352807	-0.0016042737	0.0503333009	0.0124622926	0.0078555061	-0.0923651672	0.0578571006	0.028399046	0.0787220946	-0.102991152	-0.0359291225	0.0321407932	0.0203409608	0.0540796641	0.075183047	-0.0432603189	0.0334938499	-0.0159000026	0.0195564932	0.0846023184	0.1028018851	0.020409134	-0.0140362501	0.0815219837	-0.0846228916	-0.0108496101	0.0714688232	0.006278936	-0.0521507443	0.0819522416	-0.0726818863	-0.0091735436	-0.3099391341	-0.0975598155	0.0989214817	0.0031702895	0.0521737076	-0.0350883398	-0.0372200916	0.0573945009	0.1228708295	-0.0137203821	-0.0326654109	-0.1425091225	0.023392580323815	0.0045173459776747	0.0005472128142061	2.0406414682014676e-05	-0.0289606618298421	-0.0003959965448671	1.5681326354675965e-07	0.0008387199336224	0.0135639591064915	-0.0012282824129173	0.0001839809866425	1.5086776858819446e-06	0.0087084101518567	-9.652646717599884e-05	7.583640737296084e-05	9.31735886547918e-09	-0.0004222508177582	0.0002297019978277	5.276300780603672e-08	1.7829575309746866e-07	-0.000974179731704	-0.0004195387115244	1.7601273046763758e-07	9.490261496628772e-07	0.0	0.0	0.0	0.0	0.0	0.0	0.0	0.0	0.0	0.0	0.0	0.0	0.0
862.0398879655664	3.3431154745063623	743112.7684436863	11.1764210758839	1070.6122845680484	2.7890289060530904	7.778682238799698	1146210.663868016	799.1532046145365	1.6422245591926412	2.696901502815465	638645.8444456833	840.9471825564056	631.4527475119044	0.864665	17.132626	0.1447882014884539	0.0758233132055258	0.0197795242	0.0804669655	-0.0450978128	0.003851487	-0.0033286624	-0.1214651918	-0.0135733071	0.0061038144	-0.0863644983	0.0807909875	0.1038261281	0.0694841791	-0.163356459	0.0280715753	0.006544191	-0.0140936673	0.0314113554	-0.1272438935	-0.0020115953	-0.0797346704	0.0529753553	0.0340979598	0.0431815762	-0.0475117714	-0.0835507432	-0.0050324138	-0.0832825999	0.1040417649	0.0624446825	0.1056926301	0.0357165672	0.0190152576	0.0357376934	0.0811148704	0.0907487172	0.0173033542	-0.0654042217	0.1356211628	-0.0047316746	-0.0774595879	0.1651589841	0.0203268746	-0.0707189229	0.0272655934	-0.0472690827	-0.0789398464	-0.1328823432	-0.0183214813	0.0048104668	-0.0135261956	-0.0194632282	-0.0798825283	0.0793741367	0.1179957851	-0.0212554716	-0.0124473417	-0.0384910108	-0.1372005631	0.0187841458225506	-0.0046084345012644	0.0003528441342828	2.123766855244405e-05	0.0370763281745922	0.0660369900044343	0.0043608840488457	0.00137465411091	-0.0106258518436987	-0.0241898109501902	0.0001129087274042	0.0005851469538059	0.0080359739815397	-0.000672436170317	6.457687783198302e-05	4.521704031505938e-07	-0.0003120485257048	0.0001102022920534	1.2144545173822871e-08	9.737428239453922e-08	-0.0007577588734231	0.0002164208582808	4.683798789904138e-08	5.741985102514457e-07	0.0	0.0	0.0	0.0	0.0	0.0	0.0	0.0	0.0	0.0	0.0	0.0	0.0
861.3051610345806	-0.7347269309858575	741846.5804248048	0.539823663115897	1068.83467495826	-1.777609609788442	3.1598959248122167	1142407.562393129	798.9298008083325	-0.2234038062040326	0.0499092606264489	638288.8266196419	841.0444058873346	632.5052203969615	0.872141	17.280746	0.1228982219013902	0.0714966046549891	0.0471606795	0.0735892474	-0.0413747079	0.0176899744	-0.0149065718	-0.0138956294	0.0125732198	0.0314794703	-0.0621982781	0.0177121738	0.0209277098	0.0751282564	-0.1909485804	-0.0132655037	0.0030176528	-0.1327068455	-0.118327002	-0.0053958889	0.0765485037	-0.0743926133	0.0822342801	0.0519760979	0.0338906286	-0.013454964	-0.0431882008	-0.0464840383	-0.0978565517	-0.0066100507	-0.0050313527	0.131365369	-0.0028313739	0.0210234915	0.0556397632	0.0614576888	0.1076577043	0.0762428329	0.0550996133	-0.0765716798	-0.1296560013	-0.0311107028	0.1032318082	0.1073820249	0.0216081665	-0.1060738891	-0.1505367524	0.1736165806	0.0725297523	-0.117158496	-0.065996292	0.0023154676	-0.0978208463	0.0529567422	0.0112206189	0.0257116035	-0.1687863255	0.1194078701	-0.0442601199	-0.1310868562	0.0188639210416994	7.977521914880048e-05	0.0003558475170674	6.364085590239143e-09	-0.0263445493868488	-0.063420877561441	0.0040222077106632	0.0006940352823961	-0.0213032110773241	-0.0106773592336254	0.000453826802205	0.0001140060002038	0.0076469634263184	-0.0003890105552212	5.847604964345125e-05	1.5132921207358402e-07	-0.0005510822602137	-0.0002390337345089	5.71371262332713e-08	3.036916575222402e-07	-0.0004113989654098	0.0003463599080133	1.1996518587898164e-07	1.692491087402538e-07	0.0	0.0	0.0	0.0	0.0	0.0	0.0	0.0	0.0	0.0	0.0	0.0	0.0
861.5259682279116	0.2208071933309838	742226.9939310405	0.0487558166267064	1069.6548044143185	0.8201294560585666	0.6726123246949203	1144161.400606634	798.8260020120692	-0.1037987962632769	0.0107741901057052	638122.9814905864	840.1152912567266	627.8078911438508	0.997845	19.771481	0.1950096540744691	0.0857531406670701	0.075368847	0.0847010938	-0.0595212976	0.0996899082	0.0350610286	0.0021186837	0.0341629125	0.0686448743	-0.1182316798	0.0142482136	0.0851952387	0.0143687551	-0.0486004847	0.1151737088	-0.2215310624	0.0434627352	-0.0532245165	0.171919241	-0.0508119611	-0.2224506819	0.1299092539	0.0932192527	0.0611419901	-0.0241278878	-0.1224715746	0.0025313568	-0.0855349905	0.0071376277	0.1394374009	0.0678916846	0.0421829281	0.0559854353	0.0813971736	0.0424805728	0.1316265036	0.0723048502	0.2589977107	-0.1824457202	-0.1989560929	0.2645735635	-0.1164719444	0.056957261	0.1757570932	-0.1572363472	-0.3884960148	0.326890962	-0.069587316	-0.2990348299	-0.1587199904	0.0756539979	0.003496636	0.2271335747	-0.0186099834	-0.0350560045	0.0397012805	-0.0435472697	-0.0499642712	-0.1242038795	0.0477509387268781	0.0288870176851787	0.002280152149298	0.0008344597907438	0.0160904467407476	0.0424349961275964	0.0018007288963491	0.0002589024763168	-0.0634078099932082	-0.0421045989158841	0.0040205503681347	0.0017727972498674	0.0064365141103105	-0.0012104493160079	4.1428713892226174e-05	1.4651875466239932e-06	-0.000307256454431	0.0002438258057827	5.945102356558296e-08	9.44065287895092e-08	-0.0002340132602842	0.0001773857051256	3.1465688382906324e-08	5.4762205988840735e-08	0.0	0.0	0.0	0.0	0.0	0.0	0.0	0.0	0.0	0.0	0.0	0.0	0.0
860.89469472595	-0.631273501961573	741139.6754072866	0.398506234278828	1065.4391667765956	-4.215637637722921	17.771600692586087	1135160.618101606	797.2342951465004	-1.5917068655688809	2.533530745899111	635582.5213577372	838.5582404552159	621.500137754762	1.017111	20.153225	0.1928339747689537	0.1039592688976546	0.0560543328	0.1081299094	-0.0190044411	0.0330987122	0.0147055579	-0.1338148136	0.0684267459	0.0742469951	-0.0311602464	0.014377059	0.0172744199	-0.0301631764	-0.1171436286	-0.0087021726	0.0781051401	-0.0904644751	-0.0935743865	0.0413454096	-0.1423105843	-0.1154154707	-0.1475671971	0.0836701824	0.0461798274	-0.0549461441	0.0197403523	0.1003972477	-0.0800029685	0.0117676554	0.0115758836	0.0151320654	-0.0495303683	-0.0013591166	0.0653009459	0.0718530355	0.0638023993	0.0502062694	0.1245645728	-0.1218259099	0.0145136745	0.0755858043	0.0854704634	0.0033805412	0.1117965763	-0.1088773568	-0.0581628795	-0.0499997713	0.1324335581	-0.0256759302	0.0377645722	-0.0684330636	0.0767771514	0.1206812998	0.1438141	0.0501815468	0.1633750772	0.1221995285	-0.055595093	-0.1165920251	0.0343939744205243	-0.0133569643063538	0.0011829454764396	0.0001784084954812	0.0755199799850174	0.0594295332442698	0.0035318694216317	0.0057032673769374	-0.0855091386814734	-0.0221013286882651	0.0073118127980474	0.0004884687297867	0.0078121334612107	0.0013756193509001	6.102942921576786e-05	1.8923285985710855e-06	-0.0003031554338186	4.1010206123999774e-06	1.6818370063329486e-11	9.190321705374357e-08	0.0003451893388045	0.0005792025990887	3.3547565079110535e-07	1.191556796242879e-07	0.0	0.0	0.0	0.0	0.0	0.0	0.0	0.0	0.0	0.0	0.0	0.0	0.0
863.8258814865944	2.9311867606444366	746195.1535260918	8.591855825777225	1069.1629599294354	3.723793152839789	13.8666354451365	1143109.4348850714	799.9707781992379	2.736483052737526	7.48833949791969	639953.2459726942	840.423027247512	624.1118300403809	1.00941	20.000629	0.1745693162498439	0.0819683301361143	0.0876431906	0.0750840395	-0.0595541915	0.0314706331	0.0461858075	-0.0061449155	0.0058427951	0.0489649063	-0.1569810568	-0.0538025516	0.0705434777	0.0570533523	-0.1295624938	0.0590365475	0.1522421611	-0.0859119282	-0.2472889214	-0.0447904078	-0.180855367	0.1557118146	0.0042022531	0.072670474	0.0821852702	0.0404229177	-0.1097181044	0.0105972918	-0.0373805525	-0.0134838773	-0.2362095452	0.2277529921	0.1040277941	-0.0202283468	0.097096083	0.0454404463	0.072683376	0.0874882747	0.0994547916	-0.1507227868	0.0750006313	-0.1610182841	0.1011802255	0.063991137	-0.0265076332	-0.1787855637	0.0735010805	0.0643311644	0.1430777408	-0.0115405002	0.0015172422	0.0950746831	-0.0891546458	-0.1540254753	-0.0076035329	0.0739850011	-0.1277973376	0.0505608257	-0.0611443214	-0.1082959623	-0.000269459898277	-0.0346634343188013	7.260863677945118e-08	0.0012015536787738	0.0380324543500449	-0.0374875256349725	0.0014053145782327	0.0014464675838882	-0.0821180552034732	0.0033910834780001	0.0067433749904006	1.149944715476592e-05	0.006861006522815	-0.0009511269383956	4.7073410506109975e-05	9.046424529419772e-07	-0.0008763915495384	-0.0005732361157198	3.28599644365524e-07	7.680621481023179e-07	-0.0001109930634414	-0.0004561824022459	2.0810238411884013e-07	1.2319460132106644e-08	0.0	0.0	0.0	0.0	0.0	0.0	0.0	0.0	0.0	0.0	0.0	0.0	0.0
863.1907857821833	-0.6350957044111283	745098.332659263	0.4033465537614672	1064.388728141785	-4.774231787650479	22.79328916221228	1132923.3645952863	797.685030017747	-2.2857481814909306	5.224644749189096	636301.4071144139	838.8831258306859	624.934354356444	1.26993	25.162626	0.1476011723576507	0.1179633583867287	0.068161875	0.0737731147	-0.0447512535	0.1177118232	-0.030725562	0.078598533	0.0449285353	0.0793671909	0.0002620293	-0.0452163795	0.0244925512	0.1539489628	-0.3628209462	-0.0641908542	0.1805881148	-0.0960371189	-0.1406981322	0.192512055	0.225987835	0.0852153005	-0.1234864455	0.0998197721	-0.015501647	-0.0194534531	0.0638258145	-0.0485324953	-0.140468812	0.0053708195	0.0052056903	0.2208305888	0.0223442126	0.186126023	0.080574411	0.0606389268	0.1095022869	0.0359923844	0.0369798349	-0.1187156672	-0.0575374414	0.0962933358	-0.0149875823	0.0182990824	-0.0425668264	0.0646896535	0.1472761126	-0.2084166256	0.2789740515	-0.0759705241	-0.0925415313	0.098953354	0.069746993	-0.1232072242	-0.0607499325	0.3048892935	0.4378879727	0.1237641577	-0.066603812	-0.0993643757	-0.0002625109564036	6.948941873399968e-06	6.891200223193278e-08	4.828779315989145e-11	-0.0764580345866932	-0.1144904889367381	0.0131080720569733	0.0058458310528599	-0.1093186209330525	-0.0272005657295792	0.0119505608827044	0.0007398707760091	0.0067430025040408	-0.0001180040187741	4.54680827695005e-05	1.3924948446861688e-08	-0.0008763843048424	7.244696000009361e-09	5.2485620132551654e-17	7.680494497740968e-07	-0.0001110451749604	-5.2111518999999854e-08	2.7156104124873458e-15	1.2331030881985849e-08	0.0	0.0	0.0	0.0	0.0	0.0	0.0	0.0	0.0	0.0	0.0	0.0	0.0
865.8721670779594	2.681381295776077	749734.6097202816	7.189805653337796	1072.0528652437272	7.664137101942288	58.738997517368325	1149297.345877285	800.2415545465118	2.5565245287648395	6.535817666176285	640386.5456230178	842.8297507131742	640.6242816216698	1.191319	23.605003	0.1855592912383915	0.1392458549742933	0.0955474388	0.0726626241	-0.0600303517	0.1356294585	-0.0224551006	0.091421288	-0.0567243502	0.0439542399	-0.1654915492	-0.0975660766	0.1194665398	0.0511111375	-0.0603750995	0.0606568419	0.1237497776	0.0418146365	-0.087929778	0.0173427172	0.183298558	-0.097287901	0.0193551939	0.0836979841	0.0452841176	0.1335838528	-0.0845093618	-0.0154217692	-0.1040117147	0.0417797042	-0.0958946925	0.0733113569	0.1512635406	0.1123068104	0.1145748888	0.0446045807	0.0637697513	0.0700009568	0.1297566356	-0.1888624434	0.1048658424	-0.1516830244	-0.0201336241	-0.0021901045	0.0376934896	0.0678200768	0.071292138	0.0094832759	0.1452239971	-0.067865084	0.022884936	-0.0496175475	-0.118814306	-0.2175907109	-0.0757278199	0.1379584788	0.0823462725	-0.0066207506	-0.0719655524	-0.0898496795	-0.0003957601270627	-0.000133249170659	1.5662607817268446e-07	1.7755341481337952e-08	0.0568179700003241	0.1332760045870173	0.0177624933986786	0.0032282817149577	-0.1148447078528676	-0.005526086919815	0.0131893069218105	3.0537636645351525e-05	0.0058114835373943	-0.0009315189666464	3.377334090540497e-05	8.677275852221631e-07	-0.0008763327090219	5.159582050007824e-08	2.6621286930762936e-15	7.67959016901662e-07	-0.0001119536237114	-9.084487509999948e-07	8.252791331934507e-13	1.2533613862113744e-08	0.0	0.0	0.0	0.0	0.0	0.0	0.0	0.0	0.0	0.0	0.0	0.0	0.0
862.2292576065727	-3.6429094713867016	743439.2926727815	13.270789416718936	1069.5756472003077	-2.477218043419498	6.136609234643125	1143992.065083957	798.4670545568669	-1.7744999896449372	3.148850213249882	637549.6372127186	841.00179367382	646.256604799014	1.10424	21.879601	0.2186463397486749	0.1141868635213467	0.0948409249	0.0868121121	-0.0470117311	0.0709967398	0.0199492535	-0.0229901449	-0.1021665625	0.0906020735	-0.080507777	-0.1392133174	-0.1028038751	-0.195786995	0.0408796697	0.0635484714	-0.1520873006	0.0954752557	-0.1427992656	0.1381875594	0.1118289066	-0.114615004	0.0541037264	0.0781129896	0.066647587	0.1499198554	0.0564297009	0.073770567	-0.0544315501	-0.1523107827	-0.0057613176	-0.0860794473	0.0881556647	-0.0472421231	0.1064884433	0.0641814046	0.055215147	0.0832313345	0.0728735587	-0.0368076263	0.0294251542	0.004065324	-0.1978515919	-0.001563591	0.0402551097	0.1106256877	0.1787299974	-0.0131367914	0.0100568428	0.0692418987	-0.007992465	0.091913267	-0.0716664478	-0.0549912602	-0.1424827338	-0.2044683035	0.0203670886	0.1544531486	-0.0772216734	-0.0798077096	0.0189244608586278	0.0193202209856905	0.0003581352187897	0.0003732709389359	-0.0160967892895627	-0.0729147592898868	0.0053165621223021	0.0002591066254325	-0.028440893445925	0.0864038144069426	0.0008088844200024	0.0074656191440693	0.0063310103381413	0.000519526800747	4.008169190165202e-05	2.699080966944132e-07	-0.0005973644719652	0.0002789682370567	7.782327728652318e-08	3.5684431236626216e-07	-0.0001136094872308	-1.6558635194000111e-06	2.741883994879792e-12	1.290711558884531e-08	0.0	0.0	0.0	0.0	0.0	0.0	0.0	0.0	0.0	0.0	0.0	0.0	0.0
858.7731292916258	-3.456128314946909	737491.2875933314	11.94482292937776	1068.5509917351508	-1.0246554651569113	1.0499188222759264	1141801.2219381742	796.875215564622	-1.5918389922449023	2.5339513772312663	635010.1091811627	838.9860955329357	635.2726262757076	0.993535	19.686087	0.1761559068595906	0.0988673221886597	0.1308118047	0.0716849859	-0.0528275198	0.0589154084	0.0916673258	-0.1323787225	-0.1002808961	0.1471074884	0.0215939436	-0.0487580189	-0.0882395846	0.0224185864	0.0020769696	-0.0114858588	-0.1956860851	0.1503393103	0.1005268859	0.0525177494	0.0465487814	-0.0829079853	-0.0416601727	0.1299162978	0.019736234	0.0496169517	0.115069243	0.0100085124	0.054689086	0.1073176556	0.1510361055	-0.0861097537	0.0552573723	-0.0468615915	0.1394109006	0.0352126855	0.0489023574	0.0907843443	0.0414208093	0.0393677062	-0.0338052261	0.165529198	-0.1759488808	-0.01954171	0.0729571437	0.1199193092	0.0731645122	0.0137947415	-0.0772835162	0.1238202688	-0.0370232015	0.0150622161	-0.1228005618	-0.1209409792	-0.1542420522	-0.107199486	-0.0771787427	0.0493743734	-0.0823644609	-0.0692973963	0.0193976151827257	0.0004731543240978	0.0003762674747771	2.2387501441253849e-07	0.0636661858744531	0.0797629751640157	0.0063621322070153	0.0040533832238004	-0.0062029452430181	0.0222379482029069	3.8476529687880873e-05	0.0004945263402751	0.0053889620233937	-0.0009420483147476	2.904091168957952e-05	8.87455027318794e-07	-0.001126308022489	-0.0005289435505238	2.7978127964072374e-07	1.2685697615230815e-06	-0.0001109647691308	2.6447181000000062e-06	6.994533828467643e-12	1.2313179988251744e-08	0.0	0.0	0.0	0.0	0.0	0.0	0.0	0.0	0.0	0.0	0.0	0.0	0.0
857.3252713884746	-1.4478579031512029	735006.6209613215	2.096292507717397	1062.581947941934	-5.96904379321677	35.62948380533964	1129080.396092075	796.7621020866258	-0.1131134779961939	0.0127946589043954	634829.8473214987	838.5568375836764	618.6818318700059	1.073459	21.269709	0.2048930024531179	0.107950614589826	0.1508388713	0.0765165585	-0.0196036637	0.1181009564	0.0655578597	-0.1882391003	0.1154239827	0.1524696307	-0.0217866938	0.0717512076	0.0168385675	-0.1397986115	0.1067687887	0.0015009792	0.0271129399	0.1151325619	-0.1902275718	0.0286481738	0.0283274445	0.0633543099	-0.0732094314	0.1537259176	0.0469582193	-0.0146931869	-0.0599597159	0.1406998068	0.0889659535	0.0070241844	-0.0012108915	-0.0868960374	0.0735259136	-0.1765081034	0.1548429448	0.0265654884	0.0252084605	0.0597662059	0.0795771773	-0.1401099819	0.0437875598	0.0444297975	0.0678395355	-0.0934746201	0.0650478628	-0.0236870117	0.0398272222	-0.0771590422	-0.0106880275	0.2492910925	0.1060699519	-0.127515049	0.1076739381	-0.0410759428	0.0450321675	-0.1441016188	-0.1592474758	-0.0166124183	-0.0873863672	-0.0583804184	0.0186423188766298	-0.0007552963060958	0.0003475360530979	5.704725100021079e-07	0.0279628943059009	-0.0357032915685521	0.001274725028829	0.0007819234579629	-0.099452995473463	-0.0932500502304448	0.0098908983086446	0.0086955718679804	0.0046499967428579	-0.0007389652805357	2.162246970858908e-05	5.460696858373531e-07	-0.0003662697245188	0.0007600382979701	5.776582143814384e-07	1.3415351109907765e-07	-0.0001156484775853	-4.683708454500003e-06	2.1937124886754805e-11	1.3374570367797636e-08	0.0	0.0	0.0	0.0	0.0	0.0	0.0	0.0	0.0	0.0	0.0	0.0	0.0
862.7606737566713	5.435402368196719	744355.9801810654	29.543598904198504	1070.634480999362	8.052533057428036	64.84328864097131	1146258.1919047732	799.1447739966736	2.3826719100478613	5.677125430931124	638632.3698061946	841.5466073063894	621.2843507185096	1.060901	21.020884	0.0862227189837297	0.0465604750552182	0.1696504673	0.0453919001	-0.1304475898	0.0822942736	0.2174404491	-0.0133480169	0.0289574393	0.1353302925	-0.1183548246	-0.0904709209	0.0511473323	0.0751029708	-0.0826761796	-0.0009666558	0.0272482833	-0.0160257492	-0.1876681672	0.0378937554	0.0396585465	0.1389426574	-0.097044032	0.155509294	0.0799902831	0.1360652053	-0.1267907974	0.0057145601	0.1503135395	-0.0902868132	0.003606178	0.175001	0.2148841393	0.0399752489	0.1717214764	-0.0015538247	0.0348509413	0.0798581954	0.0616060966	-0.109369148	-0.0183412702	-0.0798712114	0.0318875136	-0.0020221873	-0.0111630059	-0.0939350477	0.0412718882	0.0338350684	0.094878174	0.1548795703	0.1006671967	-0.0337709372	0.0670842963	-0.1784898094	0.080435439	0.0990863522	-0.1747495572	-0.1403617147	-0.092280022	-0.0471208409	0.0185143008390156	-0.0001280180376142	0.0003427793355575	1.638861795459086e-08	0.0051006444026313	-0.0228622499032696	0.0005226824706395	2.6016573322094016e-05	-0.1121221609729161	-0.0126691654994531	0.0125713789812365	0.0001605077544525	0.0039510127087053	-0.0006989840341526	1.561050142435079e-05	4.88578680000244e-07	-5.523093536874413e-05	0.00031103878915	9.674512835593293e-08	3.0504562217063912e-09	-0.0001168913651505	-1.2428875651999922e-06	1.544769499728765e-12	1.3663591246747525e-08	0.0	0.0	0.0	0.0	0.0	0.0	0.0	0.0	0.0	0.0	0.0	0.0	0.0
860.3250614338293	-2.435612322841962	740159.2113311222	5.932207387179617	1067.8693599085657	-2.765121090796356	7.64589464676683	1140344.9698315298	797.2489647919747	-1.895809204698935	3.5940925406212085	635605.9118618753	838.5695558160172	624.6687895175343	0.925402	18.336084	0.1068686759199831	0.0568861400106234	0.1836094676	0.0404208962	-0.1025694852	0.1688787791	-0.0072435875	0.0645086815	0.0454450705	0.1767618787	-0.0532928803	-0.0161927656	0.0658602472	0.0213452049	-0.0116510373	0.0771715079	0.0181682513	0.0187631666	-0.1108748877	-0.0191551258	-0.0430488455	0.0236799453	0.0966184475	0.1850927366	0.0235912764	-0.015672394	-0.0426972442	-0.0347000847	-0.0082340705	-0.0193533265	-0.129345277	0.0967072833	-0.0157997455	0.0255915379	0.1897076788	0.0009006005	-0.0020107575	0.061862731	0.0127614668	-0.1102759165	-0.036903467	-0.0168770049	-0.010922474	-0.0115681745	-0.0039201683	-0.1446277946	0.2022951121	-0.0169501597	0.034038002	0.1153355007	-0.0435219949	0.0519731643	0.1011832142	0.0806551383	0.0428821988	-0.1315491691	-0.0717660004	-0.1818270748	-0.0970382431	-0.0355847396	0.0185012595519822	-1.3041287033402347e-05	0.0003422966050098	1.7007516748758823e-10	0.0260690695320704	0.020968425129439	0.0004396748524088	0.0006795963862679	-0.1237542472084669	-0.0116320862355508	0.0153151137021343	0.0001353054301912	0.0029650070503877	-0.0009860056583175	8.79126680884877e-06	9.722071582343229e-07	0.000340979781253	0.0003962107166217	1.5698293196591604e-07	1.1626721122334373e-07	-1.400527473064653e-05	0.0001028860904198	1.0585547601882264e-08	1.9614772028088618e-10	0.0	0.0	0.0	0.0	0.0	0.0	0.0	0.0	0.0	0.0	0.0	0.0	0.0
861.2679609726945	0.9428995388651628	741782.5005980628	0.8890595403921367	1072.620582211402	4.751222302836368	22.57411337096972	1150514.9133835272	798.3090000868233	1.0600352948486034	1.1236748263247656	637297.2596196237	841.0070432290992	624.8439485852114	1.095793	21.712229	0.0774561232860159	0.0435609883231866	0.2118186489	0.0100108987	-0.109324914	0.1882843758	0.0554730722	-0.0857611434	-0.0587037834	0.1874592277	-0.085163106	-0.079580635	0.0993055178	-0.0489974332	0.1044742179	0.1327083708	-0.1755694507	-0.0331240344	0.027749439	0.092043836	0.1229506106	-0.0157327275	0.0434981349	0.1917854387	0.038805458	0.0828448554	-0.1427231437	-0.0110211101	0.0453832204	-0.034140696	0.1124496686	-0.0402795614	-0.0160886098	0.042909727	0.2099505292	-0.0428712827	-0.0076766984	0.0496599535	0.0219217552	-0.1004057136	-0.0678520492	0.1181076428	-0.1321795233	-0.0784380658	-0.0572259289	0.032747732	0.0918797698	0.0730678322	-0.146094331	0.0741393275	0.1121125187	0.025303617	0.085245712	-0.1777354402	-0.1163561165	-0.0414486909	-0.1021830301	-0.309905891	-0.1016540472	-0.023839813	-0.0046802201733555	-0.0231814797253376	2.1904460871083784e-05	0.0005373810022562	0.0258433367678065	-0.0002257327642638	5.095528086222055e-08	0.0006678780552942	-0.1077176911338142	0.0160365560746526	0.0116031009831997	0.0002571711307354	0.0023700040603293	-0.0005950029900584	5.616919245977368e-06	3.540285581784366e-07	0.0001960080453076	-0.0001449717359454	2.1016804223022785e-08	3.8419153825306176e-08	6.267093700785533e-06	2.0272368431432063e-05	4.1096892181972324e-10	3.9276463454425705e-11	0.0	0.0	0.0	0.0	0.0	0.0	0.0	0.0	0.0	0.0	0.0	0.0	0.0
857.3994567953678	-3.868504177326713	735133.8285129918	14.965324569994229	1067.9420651466617	-4.67851706474039	21.888521925067035	1140500.2545097163	797.1661792151497	-1.1428208716736208	1.3060395447328543	635473.9172844801	840.0171793957469	623.021251392527	1.405469	27.848215	0.1519832306614646	0.0874467087028067	0.1539549147	0.0572467589	-0.0415743858	0.0913773829	0.0231247117	-0.1584601263	-0.1004735265	0.1729537185	-0.0378616955	-0.0372424444	0.0546284214	-0.0333598657	-0.0068609096	-0.0059490616	-0.0051457883	0.0713736241	0.0479925129	-0.0858751044	-0.1193702816	0.0351108826	-0.1146327353	0.1540002144	0.0068709794	0.0136083495	0.0163044402	0.0295914946	-0.1374691507	0.0911327211	0.0510125964	-0.0664437927	-0.0421441055	-0.1530200046	0.1667969115	0.0348371382	-0.0111703786	0.0287993529	-0.0025629986	-0.0734716762	0.0034058485	0.0458484935	0.0686831568	-0.1012739511	0.1787500317	-0.01302273	0.1829931794	-0.198365513	-0.1706067775	0.2126443052	-0.0184735817	0.1520587472	0.0626509402	0.415313835	0.165478331	-0.1272339055	0.1526264305	0.0290852041	-0.10612066	-0.0119549848	0.0182646349500572	0.0229448551234127	0.0003335968898588	0.0005264663766343	0.0368994654710803	0.0110561287032737	0.0001222379819033	0.0013615705520514	-0.0941692435894054	0.0135484475444088	0.0088678464382007	0.0001835604308635	0.003970046216176	0.0016000421558467	1.5761266958573378e-05	2.5601349004865567e-06	0.0005587657218493	0.0003627576765416	1.315931318899326e-07	3.1221913191376924e-07	-0.0001196090597182	-0.0001258761534189	1.5844805999559988e-08	1.4306327166671936e-08	0.0	0.0	0.0	0.0	0.0	0.0	0.0	0.0	0.0	0.0	0.0	0.0	0.0
855.8575367318585	-1.5419200635092238	732492.1231807246	2.377517482252289	1066.9868541840583	-0.9552109626033598	0.9124279830776372	1138460.947001593	797.8660054292415	0.6998262140917859	0.4897567299300421	636590.1626196144	840.8688227103459	658.1838181412809	2.872033	56.90696	1.593835156053136	1.4223321907625006	-0.1312220195	-0.2272858772	0.0977489872	-0.1966798556	0.3213011148	0.1562893072	-0.2595479824	-0.1636083918	0.1184418188	-0.0019813249	0.0297990925	-0.0033492567	0.1551359683	-0.1218556967	-0.1514534183	0.2617052189	-0.158450481	-0.2832365312	-0.0289378866	0.073386948	-0.0417687057	-0.2019220091	-0.0627195518	0.0839176869	0.0096644943	0.041334083	0.2056323265	0.1222066775	0.0281805457	0.0497485556	0.1052917361	-0.4708946195	-0.1687937342	-0.1759411718	-0.0693938081	0.1197644518	0.2257556707	0.0457086718	0.0960906769	-0.2225293368	-0.0513049682	-0.0668350075	0.1821669742	0.1106938854	-0.1152339149	-0.0622359523	-0.1206224394	0.1965368613	-0.4938510515	-0.0577263807	0.3372326394	-0.0316091804	-0.2352912388	0.1355662245	-0.0361167693	-0.0347664048	-0.1104315261	-0.0	0.0102779766254315	-0.0079866583246257	0.0001056368035129	6.378671119431302e-05	0.1186754324375414	0.0817759669664611	0.0066873087732997	0.0140838582642374	-0.0872973243002164	0.0068719192891889	0.0076208228299771	4.72232747171278e-05	0.0313925416799669	0.0274224954637909	0.0009854916731284	0.0007519932574616	0.0029889296945411	0.0024301639726918	5.905696934169191e-06	8.933700718909553e-06	-0.0002109618526927	-9.13527929745e-05	8.345332784241855e-09	4.450490329153645e-08	0.0	0.0	0.0	0.0	0.0	0.0	0.0	1.0	0.0	0.0	0.0	0.0	0.0
863.0060826056097	7.148545873751118	744779.4986142804	51.10170810912413	1057.1573710903044	-9.82948309375388	96.61873789039332	1117581.7072505637	800.1494875436506	2.2834821144091397	5.214290566826434	640239.2024163667	841.806680133234	662.4566430834327	1.624811	32.19429	0.9217047558601896	0.5379143308865993	-0.0934409938	-0.3225557008	0.2143949886	-0.214072775	-0.0358249403	0.069676406	0.0118486412	-0.2542041332	0.08668643	-0.0276233947	0.2034708413	0.2032608783	0.1924992307	0.0100742752	0.0264817734	0.1244046646	-0.2256516383	-0.1533838132	0.0665227061	-0.2069257314	-0.0626202658	-0.2486777846	-0.1187358489	0.0506711779	-0.1504582681	-0.0597988439	0.2098506625	0.2485290872	-0.2598401311	0.1029332804	-0.0298564453	-0.1328291588	-0.1640289726	-0.3217678521	0.1565678775	0.2766678806	0.0145804554	0.0738935109	-0.0240323239	-0.1324060373	-0.0469912276	-0.4142020041	-0.149461791	0.0025294441	-0.0056387289	0.0854257444	-0.0065758688	-0.116898335	0.0043279253	0.048020619	0.1336719124	-0.0853832787	0.2494342686	0.0571401901	-0.013367217	0.0687643542	-0.1145803187	0.0119549848	-0.1033270807392057	-0.1136050573646371	0.0106764856140863	0.0129061090588225	0.0595981461982404	-0.059077286239301	0.0034901257494003	0.0035519390302668	-0.1144009866643429	-0.0271036623641264	0.0130875857497751	0.0007346085135485	0.0400168261781238	0.0086242844981569	0.0016013463773701	7.437828310514942e-05	0.0077131485856174	0.0047242188910763	2.2318244130802185e-05	5.9492661103811694e-05	-0.001300833461302	-0.0010898716086093	1.187820123252623e-06	1.692167694042942e-06	0.0	0.0	0.0	0.0	0.0	0.0	0.0	0.0	1.0	0.0	0.0	0.0	0.0
860.5915318610618	-2.4145507445479097	740617.7847109688	5.830055297996865	1063.1741241947298	6.016753104425334	36.20131791961189	1130339.2183572303	799.5585680614677	-0.590919482182926	0.3491858344233374	639293.9037605047	841.6361251134596	655.7314876884577	1.011668	20.045374	0.266982149297868	0.1568970197745789	-0.0816414177	-0.3087617006	0.0983728794	-0.1461380893	-0.1030015941	0.0865347	0.0155105843	-0.210546396	0.0967510213	-0.1017211999	0.1554394179	0.2168724558	0.1095224069	0.0307078998	0.1420652551	-0.0496438557	0.031554021	-0.0436578595	-0.0058522425	-0.055268698	-0.1163585727	-0.195981075	-0.1221981863	0.0543457793	-0.0570910234	-0.145201997	0.0663350214	0.1911665851	-0.1736830293	-0.0259911878	-0.1608181189	0.1258937207	-0.1629205881	-0.2939605226	0.0852993008	0.2526939875	-0.0579578042	0.0055579665	-0.052181355	0.0030690876	0.0127552291	-0.1478192914	-0.079916586	0.0158191045	0.086114483	0.0118002786	0.0522955259	-0.1154408547	0.0374681325	0.0290580647	-0.0374691677	0.0906721049	0.1270338389	-0.0966581402	0.0771572641	0.1053874568	-0.1185609488	0.023839813	-0.1118135759209622	-0.0084864951817564	0.0125022757602327	7.202060046997621e-05	0.0231013767552639	-0.0364967694429765	0.0013320141797737	0.0005336736079886	-0.0727309744937727	0.0416700121705702	0.0052897946508138	0.0017363899142954	0.0374998844454784	-0.0025169417326453	0.0014062413334242	6.334995685532015e-06	0.0070292530575954	-0.0006838955280219	4.677130932484898e-07	4.941039854771428e-05	-0.0008950932719181	0.0004057401893839	1.6462510128128302e-07	8.011919654330497e-07	0.0	0.0	0.0	0.0	0.0	0.0	0.0	0.0	0.0	0.0	0.0	0.0	0.0
861.7563231612884	1.164791300226625	742623.9605084629	1.3567387730836318	1073.265455430554	10.091331235824327	101.83496611112376	1151898.7378205548	799.1875973774597	-0.3709706840079434	0.1376192483933214	638700.8158019567	843.3690860479204	653.8494894122753	0.902082	17.874018	0.3277556974210451	0.1599698327962746	-0.0825034848	-0.2773409175	0.0032977414	-0.1088706492	-0.0934153772	0.1464938687	-0.1332312831	-0.1666827032	0.1093291572	-0.0494913577	0.096278598	0.2033682488	0.0791467817	0.0696556126	-0.0797873484	-0.1275700094	0.0378962513	-0.0556804466	-0.1160405126	-0.0446075396	0.0475039555	-0.1582228859	-0.1178197752	0.0049841508	-0.0739530886	-0.2435441023	0.0210168381	0.0986490686	-0.0086170617	0.0110529808	-0.1221961433	0.0270523757	-0.1540548365	-0.2481339277	0.0294003954	0.1844183127	-0.0611609637	0.0439727065	-0.0112360854	0.0976169912	0.0876963721	-0.0231531253	-0.0247168909	0.0274806712	0.0133000819	-0.0034823344	0.0769069387	-0.0142480972	0.0614383442	0.0119137309	-0.1248767589	0.0043493975	-0.0438122499	-0.1090294662	0.0936125066	-0.0502743	-0.1223675745	0.0355847396	-0.0881220379135072	0.0236915380074549	0.0077654935660296	0.0005612889731586	0.0874440442275528	0.0643426674722889	0.0041399788574495	0.0076464608708702	-0.1099099932223239	-0.0371790187285512	0.0120802066101312	0.0013822794336179	0.0349529365237658	-0.0025469479217126	0.0012217077716344	6.486943715916147e-06	0.0058259312317443	-0.001203321825851	1.447983416569624e-06	3.394147471701366e-05	-0.0011956729886094	-0.0003005797166912	9.03481660862221e-08	1.429633895690134e-06	0.0	0.0	0.0	0.0	0.0	0.0	0.0	0.0	0.0	0.0	0.0	0.0	0.0
860.3378214151791	-1.418501746109314	740181.1669574166	2.0121472037151724	1065.463532232469	-7.801923198084978	60.87000558881653	1135212.5385172898	797.2208999708465	-1.966697406613207	3.867898689179114	635561.1633503265	840.944514889539	653.9904681633035	0.87324	17.302534	0.1460029590043683	0.080883260138057	-0.0727683839	-0.2578295509	-0.0100662752	-0.0665463657	0.0578341868	0.2304742779	0.143874313	-0.1110559786	0.1544167836	0.0154723226	0.0605761165	0.0755418129	0.1035669661	0.0259495551	0.0180621417	-0.2486456622	-0.0380865864	0.0317479307	-0.1175411629	-0.1370094892	0.0158168192	-0.1129601608	-0.0929788118	-0.0400874177	-0.072567603	-0.162593812	0.1546748709	-0.0285916923	0.0333784082	0.070850246	-0.1494428413	0.0028525595	-0.1447935403	-0.2213818854	-0.0115888532	0.153149409	-0.0288726162	-0.0150637889	0.011991024	0.0381378684	0.1421746139	0.1668821267	-0.030830878	-0.0365777637	-0.0169589948	-0.0306313044	0.0089519645	0.0434017282	0.0828879746	-0.0690992791	-0.1579527173	0.1272991102	-0.0955070297	-0.0184588227	-0.0312004001	-0.0104997038	-0.1259946088	0.0471208409	-0.0699780291568004	0.0181440087567067	0.00489692456467	0.0003292050537634	0.0559353843640053	-0.0315086598635474	0.0009927956463967	0.003128767223949	-0.0998700230018698	0.0100399702204541	0.009974021494394	0.0001008010020276	0.0336758073850201	-0.0012771291387456	0.0011340600030329	1.6310588370333267e-06	0.0053988022581501	-0.0004271289735942	1.8243916008363533e-07	2.9147065822606616e-05	-0.0011737246976761	2.1948290933299957e-05	4.817274748927769e-10	1.377629665934852e-06	0.0	0.0	0.0	0.0	0.0	0.0	0.0	0.0	0.0	0.0	0.0	0.0	0.0
860.9867620011162	0.6489405859371118	741298.2043411667	0.421123884076402	1076.615901208693	11.152368976223896	124.37533378184126	1159101.7987354062	799.0043606781454	1.7834607072989002	3.1807320944790933	638407.9683826918	843.461200305733	662.8687198109277	0.958091	18.983793	0.2859094959252458	0.1500208584832827	-0.0677653019	-0.2073391315	-0.1324730078	-0.0581334529	0.0624311817	0.2524929357	0.0364155858	-0.1276781951	0.0222260865	-0.0545625829	0.0948771602	0.0326487751	0.1401348857	0.1348625482	-0.0533786416	-0.2059773419	-0.0700695813	0.2409956366	-0.0098239459	-0.0694211077	-0.0043301119	-0.1141488369	-0.0312707653	0.0287237462	-0.1662250974	-0.1712182443	0.0967489598	-0.1381860813	0.0869865855	0.0475313392	-0.0670827413	0.1435130136	-0.1275802714	-0.1656265182	-0.0327956621	0.0654120025	-0.0105279727	-0.0231692818	-0.0239408694	0.1326734961	0.0522484736	0.2144573809	-0.0599875879	-0.0305080576	0.036550351	0.0073833084	-0.0479372145	-0.0753967696	0.1835903033	0.0127776524	-0.0825742322	-0.0763675538	-0.0972970481	-0.1576420649	-0.0114934097	-0.0339320087	-0.1294367287	0.0583804184	-0.0687974858305437	0.0011805433262567	0.0047330940566038	1.3936825451692528e-06	-0.0007758031656663	-0.0567111875296716	0.0032161587910255	6.018705518578526e-07	-0.1440812069972423	-0.0442111839953725	0.0207593942097821	0.0019546287902726	0.0310063238727942	-0.0026694835122259	0.0009613921201046	7.126142222045932e-06	0.0048800681932701	-0.0005187340648799	2.6908503006692773e-07	2.3815065570966495e-05	-0.0006858106533031	0.0004879140443729	2.3806011469641775e-07	4.703362521840248e-07	0.0	0.0	0.0	0.0	0.0	0.0	0.0	0.0	0.0	0.0	0.0	0.0	0.0
858.4303171579177	-2.5564448431985056	736902.6094158432	6.535410236316232	1066.1609066378685	-10.45499457082451	109.30691147596998	1136699.0788428818	797.0610143465475	-1.9433463315979225	3.7765949645351022	635306.2605911472	841.6208784047993	654.0849395375033	0.97237	19.266706	0.1878878727464924	0.1031278052170207	-0.0765278067	-0.1794560986	-0.0127567587	-0.0430629028	0.0767675564	0.0926943089	0.0768684837	-0.0689626537	0.1070651452	0.0146486759	0.0654072664	-0.0063666603	0.1830625835	0.0231286592	-0.0367315735	-0.1309723412	0.0233204034	0.1417423229	0.100835121	0.0378469628	-0.1072334502	-0.0768167136	-0.0634648284	-0.0369713706	-0.0826611351	-0.0472413631	0.138960887	-0.0849850488	0.1297088928	-0.10100998	-0.1362004075	0.056964628	-0.1235791446	-0.1464361677	-0.0152340608	0.0019687427	0.0023951869	-0.0164436643	0.0340096999	0.1098978912	0.107216158	0.2882655362	0.0223844733	-0.0037867174	-0.0564692571	-0.0166909453	-0.0449125828	0.0964083193	0.125285103	0.0666964662	-0.047395901	0.1261414145	-0.1659621384	0.0592505238	-0.0042231206	-0.0931253854	-0.1326888823	0.0692973963	-0.0659169709576446	0.0028805148728991	0.0043450470602309	8.297365932992924e-06	0.0461089091880353	0.0468847123537016	0.0021981762524893	0.0021260315065104	-0.173361632912794	-0.0292804259155516	0.0300542557661903	0.0008573433417961	0.029255451917636	-0.0017508719551582	0.0008558814669051	3.065552603359498e-06	0.0046713081463205	-0.0002087600469496	4.358075720239925e-08	2.1821119797880264e-05	-0.0009030230432821	-0.000217212389979	4.7181222360389175e-08	8.154506166984655e-07	0.0	0.0	0.0	0.0	0.0	0.0	0.0	0.0	0.0	0.0	0.0	0.0	0.0
861.4880604142833	3.057743256365597	742161.6782363638	9.349793821849287	1070.3517291161322	4.190822478263726	17.56299304432052	1145652.824021894	799.4099420793294	2.348927732781931	5.517461493832062	639056.2554952769	843.7221194698603	652.4278731857897	0.960962	19.04067	0.3420469244000742	0.1671078923532873	-0.0777046809	-0.1423986045	-0.0300532263	-0.1476740888	0.0174131303	0.0144152794	-0.0989320948	-0.1218964779	0.0383786921	-0.1337774869	-0.0865000914	0.0407052997	0.0495834016	-0.0278400604	-0.0640467595	-0.1629790295	0.1279626424	0.1011674563	-0.0072376981	0.1474772154	-0.0490433956	-0.1308435994	-0.034017998	0.1113892642	0.0273849997	-0.1134104605	0.0194720894	-0.085583767	0.1172353625	-0.0588304783	-0.1172915636	0.0775954739	-0.1155926683	-0.1016764652	-0.0828406751	0.0007210548	0.0254805426	0.0527696432	-0.0315659397	0.1374158281	0.0608512888	0.2415088133	0.115767563	0.0882519579	-0.0339423717	-0.0764674614	0.0408612712	0.0951532989	0.0117396774	0.0737183764	-0.0679321077	-0.0166890544	-0.14537475	0.2106082996	-0.0167511003	-0.2056370413	-0.1357462967	0.0798077096	-0.0271126561662526	0.0388043147913919	0.0007350961243894	0.0015057748464294	-0.0146429826999394	-0.0607518918879746	0.0036907923679681	0.0002144169423507	-0.1167089515153065	0.0566526813974875	0.0136209793638021	0.0032095263095252	0.02748155342134	-0.001773898496296	0.0007552357784499	3.146715875161211e-06	0.0029177537848328	-0.0017535543614877	3.074952898692536e-06	8.513287148906129e-06	-0.0007137151746014	0.0001893078686806	3.583746914442914e-08	5.09389350456307e-07	0.0	0.0	0.0	0.0	0.0	0.0	0.0	0.0	0.0	0.0	0.0	0.0	0.0
860.9982528554159	-0.4898075588673691	741317.9914200787	0.2399114447236113	1070.8409555496708	0.4892264335385334	0.2393425032728331	1146700.352082532	799.3272269966163	-0.0827150827130935	0.0068417849082339	638924.0158181002	842.3599261398632	649.3482165295992	1.251927	24.80591	0.4987834169465911	0.3609011475860405	-0.0693161755	-0.0035630816	-0.0744597206	-0.0559880551	0.0239847383	-0.0364540719	-0.0059915192	-0.0465209149	-0.0444577506	-0.0573368402	-0.0954473327	0.0300727412	0.0766932287	-0.0517949198	0.0212336284	0.1268764136	0.0568087653	0.0685013383	0.0095064979	-0.0128548711	0.0095010215	-0.053992603	0.0482893215	0.1132472346	0.0571457764	-0.0401339245	0.0373042169	0.0101763124	0.0799123522	-0.1406039676	0.0573177102	0.0680160734	-0.0634803206	0.0304544868	-0.1628492389	-0.0135287795	-0.0090085317	-0.0240953545	0.0967464545	0.0379743078	-0.1297284221	0.0439341584	0.1385782289	0.1048143607	-0.1191622838	-0.0447759489	0.0413418091	-0.0810485021	0.0699784189	-0.075082983	0.0769363254	-0.0649279351	0.0127151176	-0.0340586686	-0.158425621	0.204433989	-0.1386044847	0.0898496795	-0.0239720229518667	0.0031406332143859	0.0005746578844048	9.863576987303922e-06	0.128604141454204	0.1432471241541434	0.0205197385784325	0.0165390251991729	-0.0921513562304596	0.0245575952848468	0.008491872455113	0.0006030754861743	0.0212517075811608	-0.0062298458401791	0.0004516350751151	3.881097919239806e-05	0.0029281112334855	1.0357448652700395e-05	1.0727674259332524e-10	8.573835395663977e-06	-0.000397157177569	0.0003165579970324	1.0020896548516501e-07	1.577338236945742e-07	0.0	0.0	0.0	0.0	0.0	0.0	0.0	0.0	0.0	0.0	0.0	0.0	0.0
858.9648035929297	-2.033449262486215	737820.5338114402	4.134915903105732	1068.4061748135475	-2.43478073612323	5.928157232996777	1141491.7543797167	797.2522713441833	-2.0749556524330046	4.305440959563676	635611.1841634593	841.8693097253064	643.4546043227032	0.987994	19.576296	0.323963374747946	0.2091962496867071	-0.0508378478	0.0496997328	-0.0690028921	-0.0588784939	-0.0127266162	-0.0232784011	-0.0513620502	0.006704047	0.0132812225	0.0339822235	-0.1264848297	-0.0792831514	0.1857100003	-0.1074534146	0.1845631586	0.0771893504	-0.0840601425	0.0303005116	0.1266582478	-0.0609020079	-0.0892637212	-0.0211887076	0.0246624184	0.0638878067	0.0938285764	-0.0226198736	0.1218415893	-0.0698523089	-0.0671692749	-0.1876187411	0.170178516	-0.0466471626	-0.0366216769	0.0703263688	-0.1408339954	-0.005353803	0.0058536207	-0.0762443677	0.0059673261	-0.1435056062	-0.1353554714	0.1001406166	-0.0406712403	-0.0014529378	-0.0042143889	-0.0341296738	0.1147577405	-0.0321836393	0.1579943227	-0.0746412977	0.1078039069	0.1063730421	-0.0695948526	0.1621648196	-0.2284430613	0.2116225272	-0.1412592515	0.0993643757	-0.0147079111804089	0.0092641117714577	0.0002163226512907	8.582376691406296e-05	-0.0392798142845691	-0.1678839557387731	0.0281850225944983	0.0015429038102302	-0.0823541780327445	0.009797178197715	0.0067822106394489	9.598470063778406e-05	0.0189571956177236	-0.0022945119634372	0.0003593752656886	5.264785150356437e-06	0.0024973185349419	-0.0004307926985436	1.855823491184773e-07	6.236599864964357e-06	-0.0004122150963882	-1.5057918819199991e-05	2.2674091916561728e-10	1.6992128569033302e-07	0.0	0.0	0.0	0.0	0.0	0.0	0.0	0.0	0.0	0.0	0.0	0.0	0.0
858.4742392741393	-0.4905643187903479	736978.0194973123	0.2406533508702381	1064.3193743921097	-4.086800421437829	16.701937684664415	1132775.730706412	797.2636577363504	0.0113863921670827	0.0001296499265826	635629.3399471445	840.0697092143332	640.0965808043081	0.876236	17.361889	0.1101683869876214	0.0545871316888663	-0.0417086371	0.0657450894	-0.0248012242	-0.0243611956	-0.0110025136	-0.0680689632	-0.0139989472	0.0162278201	0.031678894	0.0493873258	-0.0931305505	0.0932243973	0.1006019389	-0.0215909535	0.0498243973	0.2070328074	0.0064624282	0.0748290827	0.1510380506	-0.0455714929	0.2172176197	-0.0003042201	0.0195328216	0.0106331843	0.1019733259	-0.0183265694	0.1256021688	0.0804043953	-0.0068407907	-0.1631183516	0.2330892386	0.0845651613	-0.0174384654	0.0797388025	-0.0952965585	-0.0423436882	0.0026514619	-0.0437480924	-0.0113307992	0.0436930955	-0.2450099003	0.0586585593	-0.0257159008	0.0717065309	-0.0316992976	-0.1208598819	-0.0033152585	-0.117910762	0.086213187	-0.0623736823	0.2018301975	-0.0081267289	0.0559209985	0.0201561654	-0.1479677163	0.2054316946	-0.1437067008	0.1082959623	-0.0176536809192242	-0.0029457697388153	0.0003116524499977	8.67755935411997e-06	-0.0126584073737632	0.0266214069108059	0.0007086993059107	0.0001602352772401	-0.0974967425721047	-0.0151425645393601	0.0095056148121712	0.0002292972608286	0.0180833308983236	-0.0008738647193999	0.0003270068563782	7.636395478120405e-07	0.0023369803204191	-0.0001603382145228	2.5708343036359443e-08	5.461477018026159e-06	-0.0006871850784382	-0.00027496998205	7.560849102857736e-08	4.7222333202811513e-07	0.0	0.0	0.0	0.0	0.0	0.0	0.0	0.0	0.0	0.0	0.0	0.0	0.0
861.7448298661518	3.270590592012468	742604.151801043	10.696762820560464	1067.574563057192	3.2551886650824144	10.596253245281032	1139715.4476867546	798.3442400734732	1.0805823371227916	1.1676581873017544	637353.5256584914	841.3520783357105	638.3974956986851	1.052342	20.851297	0.144138886587847	0.0785703979746956	-0.0218458295	0.0991795454	-0.0971917745	-0.0794829902	-0.2386108099	-0.238524305	-0.1079650648	0.0400430148	-0.0821402001	0.1594220379	-0.0453630065	0.0476863237	0.03513511	0.0344550495	0.0474719401	-0.0207553879	0.1148147268	0.1007876563	0.0747173487	0.0098068724	-0.1742480981	0.0244617831	0.1173780013	-0.0722622919	0.0698583488	-0.0559109901	-0.0512636359	0.0975521212	0.028510578	-0.2332228241	0.0194669743	0.0774528628	0.0048016278	0.1128751722	-0.1073883021	-0.0318819489	-0.0467335227	0.0185992645	0.0025104881	0.1672475373	0.0864913048	0.0547456932	0.1665053808	0.013182078	0.020852052	-0.0091949879	-0.0731140484	0.0127961045	0.1563867828	0.0222850448	0.098825227	-0.0311728424	0.074286303	0.0746935976	0.0529549589	0.1518569527	-0.1459432408	0.1165920251	-0.0110010865843435	0.0066525943348807	0.0001210239060362	4.425701138448682e-05	0.0518076391870039	0.0644660465607671	0.0041558711591749	0.0026840314781307	-0.0996030546103838	-0.0021063120382791	0.009920768487719	4.436550402599462e-06	0.017446338003182	-0.0006369928951416	0.0003043747097212	4.057599484608808e-07	0.0017069556995761	-0.0006300246208429	3.969310228683658e-07	2.913697760315333e-06	-0.0005359239213444	0.0001512611570938	2.2879937645355263e-08	2.872144494691586e-07	0.0	0.0	0.0	0.0	0.0	0.0	0.0	0.0	0.0	0.0	0.0	0.0	0.0
861.4082717626919	-0.336558103459879	742024.2106611877	0.1132713570045106	1059.6033097544023	-7.971253302789819	63.5408792172376	1122759.1740424838	797.8184687006143	-0.5257713728589124	0.2764355365179455	636514.308999793	839.0602629728832	665.7427946152435	1.777753	35.224716	0.8523608735382829	0.5219419322262165	-0.0498237228	-0.0535113479	0.1126145721	0.0416669592	0.2582764413	-0.0079902802	0.2191414355	-0.050548689	0.0860222732	-8.57897e-05	0.1175370826	-0.1611436018	-0.0237378674	0.1161328729	-0.1129707071	0.0517881681	0.0160709762	0.0259163527	-0.09758805	0.1798375212	0.1805117842	-0.0463722903	-0.0386025262	-0.0227520788	-0.1293090611	0.2840341321	0.2110651336	-0.0648807294	0.0873337952	0.1535149382	-0.0475818984	0.1230498399	-0.0502567689	-0.0898710414	0.0858931503	-0.242790967	0.1603912756	-0.0536028801	0.1751074566	-0.0655921849	-0.2955568475	0.3433348798	-0.1976529686	-0.0561310568	-0.1559827909	0.0156024133	-0.1710061933	0.166635869	-0.149897091	-0.0933109313	-0.0601518095	-0.2369197012	0.450840035	-0.1690433668	0.2553187632	-0.0169356917	-0.1479655889	0.1242038795	-0.0309678028202569	-0.0199667162359134	0.0009590048115143	0.0003986697572454	-0.0378666151338222	-0.0896742543208261	0.0080414718879961	0.001433880541693	-0.4468113752574822	-0.3472083206470984	0.1996404050594825	0.1205536179265782	0.0233484440179038	0.0059021060147218	0.0005451498380571	3.483485540901526e-05	0.0035568855474112	0.001849929847835	3.4222404419111958e-06	1.265143479738267e-05	-0.0006941197054764	-0.000158195784132	2.5025906117138372e-08	4.818021655306443e-07	0.0	0.0	0.0	0.0	0.0	0.0	0.0	0.0	0.0	1.0	0.0	0.0	0.0
855.3799210850057	-6.028350677686262	731674.8093953906	36.34101189316042	1042.6512381030668	-16.952071651335473	287.37273327201177	1087121.604317858	791.2307490337926	-6.587719666821727	43.39805040862976	626046.0982165764	835.6851586559501	671.3751291668192	2.35966	46.754719	0.9753807001318237	0.7380617145986952	0.0794058179	-0.1383086618	0.6471986403	0.3398935126	-0.0375199186	0.1194766886	-0.1829256718	0.0452851021	0.6124167403	-0.0496040082	0.293959812	-0.3153803232	-0.402923932	0.0700876881	-0.0180175026	0.1780941459	-0.017844284	0.0024033839	0.0133735075	0.0751980157	0.012839059	0.0564642199	-0.7419868094	-0.2390281784	-0.0952215516	0.368115249	-0.1678391883	-0.0671727109	0.0522273788	0.0430184952	0.2051072541	0.0350520583	0.0284934739	-0.2130438014	0.6091010843	-0.5980013857	-0.0166528988	0.1380750858	0.0306281314	-0.0207990029	-0.0195151072	-0.1253632635	0.1667535002	-0.1147118963	0.1086239957	-0.0194255277	0.0932913677	-0.0390736992	0.0442203785	-0.0605295886	0.0126663074	0.0942665421	-0.1630750188	0.0402560209	-0.1123141447	0.0194623365	-0.1497707771	0.1310868562	-0.0801126096679638	-0.0491448068477069	0.0064180302278115	0.0024152120400984	-0.0172713494950187	0.0205952656388035	0.0004241649667328	0.000298299513379	-1.0755603830286304	-0.6287490077711482	1.1568301375406942	0.3953253147732033	0.0284877864708534	0.0051393424529496	0.0008115539780089	2.641284084869001e-05	0.0036251531924693	6.826764505810014e-05	4.660471361778745e-09	1.3141735668870355e-05	-0.001024342004952	-0.0003302222994756	1.0904676707095289e-07	1.0492765431090834e-06	0.0	0.0	0.0	0.0	0.0	0.0	0.0	0.0	0.0	0.0	1.0	0.0	0.0
865.136732528257	9.756811443251308	748461.5659696688	95.19536953915969	1061.9443839288526	19.29314582578581	372.22547585503656	1127725.8745580304	801.0147555726193	9.784006538826702	95.72678395180368	641624.638645063	841.7150492941196	646.5330635343744	2.744872	54.387367	1.7911951129747783	1.1513921361072357	-0.0012684336	0.0884823418	0.1695101852	-0.0864390769	-0.2006745206	-0.1206503977	-0.249922585	-0.0335514408	-0.1319318199	-0.2661430418	-0.0569831117	-0.27727304	-0.0385088708	-0.1321534029	0.2287018653	-0.029514727	0.1161392922	0.1348127722	-0.4414974285	-0.1603241695	-0.1293649636	-0.025557563	-0.0100578201	0.2017387147	0.0955435743	0.1633978843	-0.4119935616	-0.0884431946	-0.2548372238	-0.2541696604	-0.2891859582	-0.2136344247	0.0215842395	0.0946292865	-0.0992744977	-0.1138943604	-0.0827397928	-0.0183921526	0.1861837119	-0.1129529963	0.3124954044	-0.2061960637	0.3907856889	0.2348118264	-0.1500832803	0.0835568583	-0.0373770908	-0.1212957615	0.1014854931	0.2667760419	-0.096506261	-0.2123659808	0.1203957212	-0.086816675	-0.0099297877	0.0445756442	-0.1513561561	0.1372005631	-0.0516436654848035	0.0284689441831602	0.0026670681847062	0.0008104807829038	0.2607101311782287	0.2779814806732474	0.077273703597291	0.0679697724989692	-0.2312027916428647	0.8443575913857657	0.0534547308634539	0.7129397421307717	0.0173956664648927	-0.0110921200059606	0.0003026092117577	0.0001230351262266	0.0022799886040978	-0.0013451645883714	1.8094677698086665e-06	5.198348034815835e-06	-0.0006538846646321	0.0003704573403199	1.372386409968943e-07	4.2756515464103385e-07	0.0	0.0	0.0	0.0	0.0	0.0	0.0	0.0	0.0	0.0	0.0	1.0	0.0
862.1394163234193	-2.997316204837716	743284.373178486	8.98390443178277	1046.4674461118636	-15.476937816988992	239.535604190944	1095094.1157718862	800.097172548876	-0.9175830237433048	0.841958605461906	640155.4855207058	836.8790729696819	651.2888502936551	1.526056	30.237534	0.5220724161114165	0.2996975269423524	-0.0285937032	0.0908797117	0.1878363898	-0.0328911619	0.1648162385	0.0565885155	0.4214433993	0.0112321581	-0.1026048833	-0.0569001534	-0.1774361649	0.034028858	-0.0272719325	-0.0901825978	0.0232584609	0.0642587436	-0.1007505708	-0.1265808517	0.0721692717	0.2367021374	0.1124507228	-0.0190318925	0.1538123603	0.0973313944	0.2413551416	0.1753140569	0.153705947	-0.0414722081	-0.2155154421	0.3063007227	-0.1302835552	0.0751006374	0.0135507264	0.1203209009	-0.1313602892	0.0022583914	-0.0261426336	0.1063599816	0.0212780744	-0.2863206779	-0.2255631017	0.0336650205	0.0552730776	-0.0367034739	0.0955748746	0.0930275212	-0.0692972555	-0.0766385601	-0.039673131	0.3580453187	-0.1032668358	0.1541732508	0.1255934573	0.0723285172	0.0435197686	-0.1119203981	-0.152719399	0.1425091225	-0.0101933723846343	0.0414502931001692	0.0001039048405718	0.0017181267980899	0.0834139496768386	-0.1772961815013901	0.0314339359749738	0.0069578870006901	-0.0092325192317375	0.2219702724111271	8.52394113644028e-05	0.04927080183427	0.0165635714011851	-0.0008320950637075	0.0002743518975621	6.923821950465543e-07	0.0017761252404928	-0.000503863363605	2.538782891833445e-07	3.154620869915607e-06	-0.0003627297099701	0.0002911549546619	8.477120762423126e-08	1.3157284249499286e-07	0.0	0.0	0.0	0.0	0.0	0.0	0.0	0.0	0.0	0.0	0.0	0.0	1.0
857.1175942137054	-5.021822109713867	734650.5703106901	25.21869730161103	1063.408872912007	16.94142680014329	287.01194202461335	1130838.4309879849	797.9359147785927	-2.161257770283214	4.67103514960957	636701.7240935497	840.5565442603653	629.2519596886189	1.330107	26.354971	0.2781954741227074	0.1441174328359028	0.005403841	0.1251901565	-0.0339091385	0.0821916163	-0.3106026489	0.0215216934	0.0012931702	0.0448475087	-0.0212133881	0.1070768689	-0.133246164	0.0526079468	-0.13303803	-0.1799809407	-0.0145667273	-0.0895403284	0.1054709495	0.1223673398	-0.0385677386	0.0889247446	-0.0160188293	0.0490937842	0.0119595585	-0.1564387786	0.1288674699	-0.1528257646	-0.2021918438	-0.0765420005	-0.0682360801	-0.0227210422	-0.0131074538	-0.0053546607	0.0349843771	0.134056385	-0.089334652	-0.0448173584	-0.1001856103	0.1208644999	-0.1691644914	0.0965934061	0.0201705175	-0.0382732598	-0.0657431753	-0.0106680625	0.0145750887	-0.0961524704	0.1177683073	-0.0864140171	-0.0677512394	0.1196955268	0.0403485624	-0.0137432195	-0.0209036455	-0.0318183828	0.0476800022	-0.1028593907	-0.1538585052	0.1469813818	-0.0012445077305613	0.008948864654073	1.5487994914268371e-06	8.008217859691706e-05	-0.0350335228159082	-0.1184474724927468	0.01402980373992	0.0012273477208927	-0.0832835808684251	-0.0740510616366876	0.0069361548422675	0.0054835597295205	0.0157637670587159	-0.0007998043424692	0.0002484963518814	6.396869862325894e-07	0.002253318042716	0.0004771928022231	2.2771297049362986e-07	5.077442201629464e-06	-0.0001047653478785	0.0002579643620916	6.654561210932613e-08	1.0975778116103126e-08	0.0	0.0	0.0	0.0	0.0	0.0	0.0	0.0	0.0	0.0	0.0	0.0	0.0
861.7432806875809	4.625686473875476	742601.4818101948	21.39697535459453	1065.6381636588803	2.229290746873403	4.969737234095375	1135584.6958462703	799.3382614160635	1.402346637470714	1.9665760916254185	638941.656163655	840.752163455694	627.5875711067368	0.960858	19.038603	0.1894666044812336	0.0951201751878852	0.001622935	0.1344253331	-0.1063223178	0.0687629927	-0.0389048271	0.0358189352	0.0572657074	0.0448424436	-0.0696213659	0.1755627676	0.0026699815	0.2055879631	-0.161494313	-0.174284923	0.1067003694	0.0339746141	0.1459819755	-0.2014054049	-0.0204355609	0.0440462242	0.1553062485	0.0701182017	0.0843027346	-0.1581300995	0.0018864623	-0.1284060249	-0.0931237498	0.1645879091	-0.008522202	0.0435113394	0.0775538527	-0.0490969717	0.0431471507	0.1228269481	-0.0819335841	-0.0597163339	-0.0950156105	0.0522809498	-0.0347529751	0.0387327998	0.0796784125	-0.1064598624	-0.220039483	-0.077964447	-0.1339595942	-0.0285228441	0.1629240939	0.0111459426	-0.1309554301	-0.1341035171	-0.0651564191	0.0013860048	0.0354993839	0.0815903445	-0.0211066099	-0.0190922816	-0.1547718027	0.1505910958	-0.0256827335646647	-0.0244382258341034	0.0006596028033535	0.0005972268819186	0.0472787523830504	0.0823122751989585	0.006775310648429	0.0022352804268977	-0.1158842412027567	-0.0326006603343315	0.0134291573591386	0.0010628030542344	0.015301452740827	-0.0004623143178889	0.0002341344559797	2.137345285250799e-07	0.0019500003881463	-0.0003033176545696	9.200159957366379e-08	3.8025015137707207e-06	-0.0003414422376967	-0.0002366768898182	5.6015950174016395e-08	1.1658280168332981e-07	0.0	0.0	0.0	0.0	0.0	0.0	0.0	0.0	0.0	0.0	0.0	0.0	0.0
862.6992883930363	0.9560077054554768	744250.0621938513	0.9139507328902456	1071.9345234901675	6.296359831287191	39.644147125046864	1149043.6226500925	799.1260832993474	-0.2121781167160179	0.0450195532131561	638602.4970093556	841.1481155332193	645.3941874138542	0.988185	19.58008	0.1007644055300912	0.0681384012190936	0.0072801095	0.1444974444	-0.159990248	0.0065612059	-0.1007000588	0.0134688306	0.016064529	0.0702309071	-0.1254879797	0.1754756926	-0.0312538884	0.0282652722	-0.0063752755	-0.0038894366	-0.0630048989	-0.1310717156	0.020771824	-0.1505955071	0.1312127979	0.0310310607	0.1130590658	0.0745042395	0.1613034954	-0.1300452085	-0.0211869568	-0.0460493662	-0.0630316627	-0.0671042506	-0.0167651596	0.0757939673	-0.0187582322	0.0249538558	0.0448656201	0.1393906103	-0.0828486987	-0.0438141611	-0.0636930043	0.0133338118	-0.0525571894	-0.0049339697	0.0777154611	-0.0622871796	-0.2585231866	-0.0622086994	0.0666245348	0.1124051937	0.0094895842	-0.0624197438	-0.0993022533	-0.0550222167	-0.00934379	0.0617359921	-0.0826054916	-0.0642632131	0.02087421	-0.0661980401	-0.1554579513	0.1533170814	-0.0284138303711785	-0.0027310968065137	0.0008073457563621	7.458889766549871e-06	-0.0177430484494607	-0.065021800832511	0.0042278345835027	0.0003148157682799	-0.1007169825047853	0.0151672586979714	0.0101439105648692	0.0002300457364111	0.0151806755460448	-0.0001207771947821	0.0002304529100342	1.4587130779457428e-08	0.001946261059682	-3.739328464300029e-06	1.3982577363924414e-11	3.787932112434501e-06	-0.0005738106983121	-0.0002323684606153	5.399510148877069e-08	3.292587174974198e-07	0.0	0.0	0.0	0.0	0.0	0.0	0.0	0.0	0.0	0.0	0.0	0.0	0.0
864.3799622866707	1.6806738936343208	747152.7192027062	2.8246647367439484	1070.4159205652052	-1.5186029249623516	2.30615484370421	1145790.2429994557	799.9307340587721	0.8046507594247032	0.6474628446427516	639889.1792918061	841.1573136072436	636.4726417905428	0.912436	18.079174	0.0941366821905642	0.0602261068701611	0.0093403218	0.1475896416	-0.1526539468	0.0373532421	0.0304265433	-0.102983736	0.0563747438	0.0488589635	-0.1638419021	0.1560677954	-0.0179669035	-0.0418399417	-0.0147560846	0.0535203692	-0.0968160905	-0.0103587635	0.2163798929	-0.1394628475	0.0339731378	-0.0451593685	0.0071672078	0.0661012992	0.1843945819	-0.0794025522	-0.035397597	0.0368591509	-0.0670905095	0.0421839256	0.1461639977	0.0030703037	-0.0510523699	0.0238153647	0.0536704652	0.1433448494	-0.0816599654	-0.049211454	-0.0247712146	0.0725271967	-0.0506811514	0.0660998554	0.0646198711	-0.1491310548	-0.1883452627	0.0001883744	-0.0405647454	0.1320119171	-0.0342736337	-0.0555158001	-0.1356663134	-0.2196211522	-0.0340634594	0.0225594651	-0.0333574212	0.080504761	0.0946510301	-0.0659942497	-0.155915944	0.1551433414	-0.0146794644460896	0.0137343659250888	0.000215486676424	0.0001886328073642	0.0367848445962124	0.0545278930456731	0.0029732911200003	0.0013531247919674	-0.1008622701189025	-0.0001452876141172	0.0101731975335384	2.110849081587113e-08	0.0151335499898504	-4.712555619440159e-05	0.0002290243352953	2.2208180466317023e-09	0.0014883128753733	-0.0004579481843086	2.09716539511635e-07	2.21507521500194e-06	-0.0005643017267015	9.508971610600004e-06	9.042054109119684e-11	3.184364387582944e-07	0.0	0.0	0.0	0.0	0.0	0.0	0.0	0.0	0.0	0.0	0.0	0.0	0.0
864.7012667984317	0.3213045117610136	747708.2808028125	0.1032365892779833	1070.8650236437395	0.4491030785343355	0.2016935751490175	1146751.8988635067	800.0549556365021	0.1242215777299406	0.0154310003737156	640087.9320385254	842.4233576731068	651.9876363452086	0.9380480000000002	18.586645	0.0748318268674332	0.0468493172463489	0.0138110481	0.1463504901	-0.1213846589	-0.0280570765	0.0571145275	-0.1936104124	-0.0085265713	0.0524544383	-0.1669734892	-0.0372946608	-0.1245922026	-0.1549219453	0.0063795243	0.0865982967	-0.0269193123	-0.0150216712	0.1069896723	-0.1081965645	-0.0115316704	0.0247225304	-0.1294510265	0.0476372244	0.1872016868	0.0546534135	0.0348479513	0.08258322	-0.0744331326	-0.0366199128	0.1072888114	-0.0250622012	-0.0370160391	0.004891306	0.0585716274	0.1469745403	-0.1025049249	-0.01217445	-0.0370724011	0.0148686119	0.0172073351	-0.0496678837	0.1082891077	-0.1531804839	-0.0814520077	-0.0400430436	0.0648135358	0.1124731887	-0.0416923941	0.0128421284	-0.1172657036	-0.215603337	-0.1454565622	0.098066716	-0.1150503186	-0.0757316393	0.0841762369	0.0158155985	-0.1561451084	0.1560591586	-0.0090695579721398	0.0056099064739498	8.22568818100046e-05	3.147105064646389e-05	0.0799268135184974	0.0431419689222849	0.0018612294824914	0.0063882955192206	-0.085483104618099	0.0153791655008034	0.0073073611751488	0.0002365187315011	0.0150786291723201	-5.492081753029864e-05	0.0002273650577163	3.016296198196358e-09	0.001509288170828	2.0975295454700105e-05	4.399630194119627e-10	2.2779507826013303e-06	-0.0007024213331244	-0.0001381196064228	1.90770256784168e-08	4.933957292282593e-07	0.0	0.0	0.0	0.0	0.0	0.0	0.0	0.0	0.0	0.0	0.0	0.0	0.0
