global_signal	global_signal_derivative1	global_signal_power2	global_signal_derivative1_power2	csf	csf_derivative1	csf_derivative1_power2	csf_power2	white_matter	white_matter_derivative1	white_matter_derivative1_power2	white_matter_power2	csf_wm	tcompcor	std_dvars	dvars	framewise_displacement	rmsd	t_comp_cor_00	t_comp_cor_01	c_comp_cor_00	c_comp_cor_01	c_comp_cor_02	c_comp_cor_03	c_comp_cor_04	w_comp_cor_00	w_comp_cor_01	w_comp_cor_02	w_comp_cor_03	w_comp_cor_04	w_comp_cor_05	w_comp_cor_06	w_comp_cor_07	w_comp_cor_08	w_comp_cor_09	w_comp_cor_10	w_comp_cor_11	w_comp_cor_12	w_comp_cor_13	w_comp_cor_14	a_comp_cor_00	a_comp_cor_01	a_comp_cor_02	a_comp_cor_03	a_comp_cor_04	a_comp_cor_05	a_comp_cor_06	a_comp_cor_07	a_comp_cor_08	a_comp_cor_09	a_comp_cor_10	edge_comp_00	edge_comp_01	edge_comp_02	edge_comp_03	edge_comp_04	edge_comp_05	edge_comp_06	edge_comp_07	edge_comp_08	edge_comp_09	edge_comp_10	edge_comp_11	edge_comp_12	edge_comp_13	edge_comp_14	edge_comp_15	edge_comp_16	edge_comp_17	edge_comp_18	edge_comp_19	edge_comp_20	edge_comp_21	edge_comp_22	edge_comp_23	cosine00	cosine01	trans_x	trans_x_derivative1	trans_x_power2	trans_x_derivative1_power2	trans_y	trans_y_derivative1	trans_y_derivative1_power2	trans_y_power2	trans_z	trans_z_derivative1	trans_z_power2	trans_z_derivative1_power2	rot_x	rot_x_derivative1	rot_x_power2	rot_x_derivative1_power2	rot_y	rot_y_derivative1	rot_y_derivative1_power2	rot_y_power2	rot_z	rot_z_derivative1	rot_z_derivative1_power2	rot_z_power2	motion_outlier00	motion_outlier01	motion_outlier02	motion_outlier03	motion_outlier04	motion_outlier05	motion_outlier06	motion_outlier07	motion_outlier08	motion_outlier09	motion_outlier10
865.5552048779227	n/a	749185.8126912628	n/a	1106.9602628614082	n/a	n/a	1225361.023554198	800.314815018338	n/a	n/a	640503.8031378365	847.6070475495619	674.0979651244911	n/a	n/a	n/a	n/a	-0.0066149766	0.0080734937	-0.217248351	0.1806116689	-0.3001353852	0.4169640635	-0.1854853019	-0.0201027256	-0.0805414325	0.0359600821	-0.1615374873	0.0579961467	-0.0810645895	0.0031944267	-0.0520298722	0.1064836881	-0.1381105854	0.1825617962	-0.0391931791	0.0321638986	-0.022146043	0.0410826979	-0.0302627317	-0.1368038697	0.0001703394	-0.1099112828	0.1956893555	-0.148409576	0.039176042	-0.1157454838	0.1662178339	-0.3923351004	0.1343127173	-0.0020409618	-0.0571586172	0.0299570788	-0.0240048743	0.0510338871	-0.1542465681	0.2087415396	-0.1079645477	0.0027258565	-0.0401184814	0.0032721538	-0.011157047	0.169490206	-0.0865493817	0.0912524597	-0.2385350577	0.1292124762	-0.2358537286	0.0455654659	-0.0401383371	0.1622082617	-0.0566542409	0.0978423197	-0.2034451938	0.1561451084	0.1560591586	0.0001070180538107	n/a	1.1452863841429882e-08	n/a	0.0033329440899763	n/a	n/a	1.1108516306907946e-05	-0.0624576855606378	n/a	0.0039009624855915	n/a	0.0057250427920862	n/a	3.277611497121815e-05	n/a	-0.0002031948623597	n/a	n/a	4.1288152089377435e-08	0.0001070825855646	n/a	n/a	1.1466680131199881e-08	0.0	0.0	0.0	0.0	0.0	0.0	0.0	0.0	0.0	0.0	0.0
865.1326253374955	-0.4225795404272503	748454.4594233474	0.1785734679877061	1085.6472914648837	-21.31297139652452	454.2427497490722	1178630.041465038	801.6820392179336	1.3672241995956256	1.869302011959899	642694.0920046244	845.8375574264716	674.2641556971782	1.081723	17.953861	0.1187996111730869	0.0702491237237838	-0.0098000453	-0.019082706	-0.0025233135	-0.027101978	-0.0032146124	-0.0205643987	0.0097518995	-0.0325360392	0.0844376685	0.0405541682	-0.1284016249	0.0203345555	-0.1307467582	0.0278920413	-0.092130388	0.1312953002	-0.0820425077	0.0554581018	-0.028251854	-0.1551282868	0.0979774328	0.0280727433	-0.0196312047	-0.0646944773	-0.08188385	-0.110686991	-0.0236322701	0.0260460795	-0.020695344	0.0377828456	0.1186366902	-0.0306193094	-0.0468478248	-0.0053806002	-0.0539448745	0.0347639137	-0.0106375185	0.0744292096	-0.1604485433	0.1605058255	0.0110783949	-0.0749109562	0.0122998588	-0.0478671024	0.0681591223	0.0955805194	-0.0332685131	-0.075135308	-0.148578679	0.1305349205	-0.21916133	0.240581042	-0.0452706746	0.0628399854	-0.0106537162	0.0688915744	-0.0378725272	0.155915944	0.1551433414	0.0002621437790963	0.0001551257252856	6.871936091888973e-08	2.4063990645383443e-08	0.068556701484141	0.0652237573941647	0.0042541385286128	0.0047000213183856	-0.0752773063056295	-0.0128196207449916	0.0056666728446315	0.0001643426760454	0.0052190606310532	-0.0005059821610329	2.723859387060943e-05	2.560179472836245e-07	-0.0004641051244644	-0.0002609102621047	6.807416487154328e-08	2.1539356655411627e-07	0.0001522123085998	4.51297230352e-05	2.036691901233861e-09	2.3168586889280748e-08	0.0	0.0	0.0	0.0	0.0	0.0	0.0	0.0	0.0	0.0	0.0
864.4999617206873	-0.632663616808145	747360.1838150698	0.4002632520327633	1086.5779702858847	0.9306788210010382	0.8661630678598824	1180651.685510593	801.5109089057162	-0.1711303122174285	0.0292855837596345	642419.7370948673	846.5939931830131	679.384750237336	1.059498	17.584988	0.211632787197601	0.1212914908450017	0.0104596002	-0.0291616049	-0.0308861981	0.0707658092	-0.0383313938	-0.0707997246	-0.0438925671	-0.0541688355	0.0573169758	-0.0027497311	-0.0943178092	0.1495301349	0.0220741505	-0.2406680231	-0.0901800014	0.0626975307	-0.0238296794	-0.1253511318	0.0750218924	-0.0721728622	0.0846080853	0.0379201573	-0.0506387421	-0.0639866862	-0.0700874494	-0.086100509	-0.0365544312	-0.0995282234	0.2218132893	0.1524822871	-0.0487475383	0.0819987355	0.0839845229	-0.0230127182	-0.0346217189	0.0139264316	0.025336739	0.2540091142	0.0143739808	0.0476722916	-0.0237006142	-0.0812112175	0.0268169731	-0.0802899639	0.0848118281	0.1381223744	0.1006407767	-0.1295981611	-0.1433802501	0.1367635325	-0.0708489622	0.0425815673	-0.1931237748	-0.0774355898	0.0061377537	-0.0442217717	0.1403707489	0.1554579513	0.1533170814	0.0206204568325034	0.020358313053407	0.0004252032399811	0.0004144609103805	-0.0127079270443459	-0.0812646285284869	0.0066039398498729	0.0001614914097644	-0.0132849112691175	0.0619923950365119	0.0001764888674283	0.0038430570423629	0.0042755532336758	-0.0009435073973774	1.8280355453995588e-05	8.902062089058762e-07	-0.0004701536747775	-6.048550313099974e-06	3.65849608901018e-11	2.2104447790678727e-07	0.0001630053724932	1.07930638934e-05	1.1649022820701478e-10	2.6570751461646883e-08	0.0	0.0	0.0	0.0	0.0	0.0	0.0	0.0	0.0	0.0	0.0
863.7728566618669	-0.7271050588204844	746103.547905802	0.52868176656234	1083.0655119849032	-3.512458300981507	12.337363316133894	1173030.9032511206	801.5123886648098	0.0014797590936268	2.189686975171367e-06	642422.1091831691	843.5652481696509	668.3173420107042	1.152444	19.127657	0.1081016583030158	0.0859671957673793	0.0471525637	0.0084785711	-0.0203601415	0.0826013337	-0.0661136007	-0.0774650017	0.1516504092	-0.076628853	0.025533354	-0.0162808863	0.0536423468	0.0333642342	-0.0694498089	-0.0759498721	-0.136477396	-0.0151969229	-0.0151662286	-0.0112822192	0.1773827206	0.0437324249	-0.0861878141	0.0798020415	-0.06923377	-0.0098493299	-0.00610778	0.018310415	-0.0688079905	-0.0671907786	-0.0419192176	-0.1152641685	-0.0951791088	-0.0437598718	0.1262729239	-0.0541977109	-0.0199107839	0.0460519651	-0.0486000527	0.0534089177	-0.0167772959	0.0168588372	0.0034068204	0.1011997003	-0.0984468638	-0.0041015786	0.0479600601	0.0290178817	-0.0237419178	-0.0442128896	-0.1728482644	0.0152801265	0.098180591	-0.0857844045	-0.0935029434	0.1063855439	-0.0176568748	0.0082418239	-0.0040634548	0.1547718027	0.1505910958	0.0189827645938009	-0.0016376922387024	0.0003603453516236	2.682035868706401e-06	-0.0120039855003426	0.0007039415440032	4.95533697373748e-07	0.0001440956678924	-0.0147152982929625	-0.0014303870238449	0.0002165400038508	2.046007037984153e-06	0.0026310675048015	-0.0016444857288742	6.922516214822391e-06	2.704333312471237e-06	-0.0002969325300021	0.0001732211447754	3.0005564997300084e-08	8.816892737344804e-08	0.0004318912487728	0.0002688858762796	7.229961446264837e-08	1.8653005076652865e-07	0.0	0.0	0.0	0.0	0.0	0.0	0.0	0.0	0.0	0.0	0.0
864.4364668417888	0.6636101799219887	747250.4052059151	0.4403784708960941	1088.6743998293016	5.608887844398396	31.459622851040084	1185211.94884369	801.567301170619	0.0549125058091704	0.0030153832942421	642510.1383059497	845.755471894999	675.3391333141842	0.927095	15.387423	0.1147101684110043	0.0695935018890366	0.0272883609	0.0210573896	-0.0645150153	0.0176712129	-0.0600613463	-0.0434664148	-0.0387415214	-0.0565899378	-0.0123764081	0.0397382689	-0.0125446244	-0.0244528924	-0.0351917725	0.0225089936	-0.0689467937	-0.0955086484	0.0393801172	0.1157095182	0.1244363273	0.1815733823	0.0824858495	0.0041564942	-0.0438846013	-0.0152409659	-0.0145448115	-0.0639177527	-0.0219474452	0.0180771158	-0.0470565632	0.0113674823	0.0471677428	0.0156791942	-0.0448279195	-0.0334809571	-0.0217197272	0.0189329356	-0.011203043	-0.0330434392	-0.026623949	0.0923649135	0.0614376404	0.043911956	-0.120344695	-0.0033928465	0.092612191	0.0076065106	-0.1325512708	-0.0203850211	0.0012636128	0.1472888514	-0.0540685827	-0.2095740717	0.1668637471	-0.0936313923	0.1825002841	-0.070879744	0.0823283607	0.1538585052	0.1469813818	0.0189025730072955	-8.019158650540009e-05	0.0003573072662961	6.430690546253066e-09	0.0451845575010025	0.0571885430013451	0.0032705294506166	0.0020416442365614	0.0007773776470614	0.0154926759400239	6.043160061507186e-07	0.0002400230077825	0.0033080486866489	0.0006769811818474	1.0943186113239512e-05	4.583035205755026e-07	-0.0003050410599783	-8.108529976199967e-06	6.574825837493344e-11	9.30500482726848e-08	0.0002780058029338	-0.0001538854458389	2.36807304410678e-08	7.728722646486687e-08	0.0	0.0	0.0	0.0	0.0	0.0	0.0	0.0	0.0	0.0	0.0
864.5925725129767	0.1561056711879018	747520.316444607	0.0243689805770253	1087.11778421871	-1.556615610591507	2.4230521591371703	1181825.0767645978	801.3381705820752	-0.2291305885437395	0.0525008266064004	642142.8636318271	845.7916087647492	684.4877729802519	0.919612	15.263234	0.1017399543782765	0.0470750399594562	0.0081860171	0.0625291601	0.0219522697	-0.0343050613	0.0714855791	0.0166301019	0.0529448617	-0.0268123074	-0.0520796557	-0.0362195771	-0.0032819038	0.038001184	0.0594939869	0.0130619732	0.0812808791	-0.0584223254	0.2035267663	-0.0670798011	0.0487713995	0.1623564164	0.0319386073	-0.0407090536	-0.0102555525	0.0747467078	0.0143970284	-0.0254648071	-0.0302573441	0.0774198583	0.0321779193	-0.0481072821	-0.0213539464	0.1778442776	-0.0328768363	-0.0214199305	-0.0373512305	0.0123831398	0.0191552449	-0.0488249157	0.0380528977	0.1004008052	0.142010278	-0.0795979515	-0.0704520493	-0.0969292369	0.0806240189	0.0347132996	-0.0545562495	-0.0463097647	0.091559842	0.1491115967	-0.0537674036	-0.1151491104	0.0471756123	-0.2331981992	0.125363603	-0.079852426	0.0394263103	0.152719399	0.1425091225	-0.0118591126388594	-0.0307616856461548	0.0001406385525811	0.0009462813037928	0.0671617001919173	0.0219771426909148	0.0004829948008568	0.0045106939726689	-0.0067800388089054	-0.0075574164559668	4.596892625026335e-05	5.7114543488917786e-05	0.0037451208843434	0.0004370721976944	1.4025930438345093e-05	1.9103210599749998e-07	-0.0005797621164349	-0.0002747210564566	7.54716588606304e-08	3.3612411165307453e-07	0.0003950867404875	0.0001170809375536	1.3707945938453392e-08	1.5609353250903717e-07	0.0	0.0	0.0	0.0	0.0	0.0	0.0	0.0	0.0	0.0	0.0
863.3441750706573	-1.2483974423194013	745363.1646284339	1.5584961739896228	1084.60543260418	-2.512351614530189	6.311910635032448	1176368.9444345003	801.6279773773488	0.2898067952735346	0.0839879785867163	642607.4141140992	845.8572273285895	676.6131174499924	1.081706	17.953583	0.1928618837702742	0.0967456456448852	0.0380386684	0.0364579299	0.023897757	0.022268034	0.0467574577	-0.0463092344	0.1098275005	-0.0390964197	-0.0449440201	-0.0714926268	0.0910162818	0.0479644837	-0.0096897706	-0.1357350399	0.1182057353	-0.0825681666	-0.0093500591	-0.0347917945	0.0403232622	0.1472958528	-0.0175740429	0.0006322975	-0.04473764	0.0560999084	0.0449132529	0.082188375	-0.0281005278	-0.1714654995	0.0436350979	-0.0196799846	-0.0864431317	0.079447943	0.003068663	-0.0464540681	-0.0198158485	0.02133124	0.028286217	0.1580041782	0.1138238714	-0.024340683	0.0372832696	0.0788759044	-0.0247498069	-0.044834293	0.1253781845	0.0438282961	0.0114474982	-0.0458005583	-0.0006014444	-0.0339688892	0.1306549013	-0.1393086787	-0.1468214141	0.0637722543	-0.0643192	0.0125919865	-0.0463014573	0.1513561561	0.1372005631	-0.0004569479102087	0.0114021647286507	2.0880139264409818e-07	0.0001300093604992	-0.009318450181567	-0.0764801503734843	0.0058492134011507	8.683351378634606e-05	-0.0261499883705127	-0.0193699495616073	0.0006838218917779	0.0003751949460192	0.0028110021248885	-0.0009341187594548	7.901732946127662e-06	8.72577856765561e-07	-0.0001959997706681	0.0003837623457667	1.4727353802843693e-07	3.84159101019478e-08	7.754635785609063e-07	-0.0003943112769089	1.5548138309755805e-07	6.01343761674487e-13	0.0	0.0	0.0	0.0	0.0	0.0	0.0	0.0	0.0	0.0	0.0
863.9112650911161	0.5670900204587497	746342.6739513327	0.3215910913039051	1085.2301992197506	0.6247666155707066	0.390333323931675	1177724.5852985396	801.699344745403	0.0713673680542115	0.0050933012229852	642721.8393652085	844.5049089200235	668.0740528879938	0.959079	15.918277	0.0764243036137454	0.0398066161079898	0.0427950474	0.0318710946	-0.0452592792	-0.0187666607	-0.0274317857	-0.098364338	0.1479140797	-0.058872475	-0.0062015639	-0.0467366947	0.0770549503	-0.0304711082	-0.0412335095	0.0273082697	-0.1155671872	-0.0878502022	0.021923149	0.1439978121	-0.0163519465	0.0510284708	-0.1130512914	-0.1324864945	-0.0628860606	0.0550651152	-0.0112131961	0.029169605	-0.0670090382	-0.0242694855	-0.0999856	-0.1303946674	-0.0558251277	-0.0152008328	0.067639473	-0.0431550169	-0.01491426	0.03486795	-0.0317655043	-0.047292332	-0.0026223763	0.0422348115	0.0477704513	0.1131689808	-0.1119027913	0.0139494367	0.0600777815	-0.0241497819	-0.1048491892	0.0330863325	0.0034526709	-0.0239314536	0.0816391635	-0.1003947156	0.0424659533	0.0057452517	0.0353451758	-0.0085123636	-0.0052617471	0.1497707771	0.1310868562	0.0052989381016885	0.0057558860118972	2.8078745005526123e-05	3.3130223781953854e-05	0.0117928943741247	0.0211113445556916	0.0004456888689491	0.0001390723577192	-0.0191289857175931	0.0070210026529195	0.0003659180945838	4.929447825230405e-05	0.0025560657162535	-0.000254936408635	6.533471945806517e-06	6.499257244771185e-08	-0.000223773662529	-2.77738918609e-05	7.713890691009671e-10	5.0074652041642785e-08	0.0005687865709474	0.0005680111073688	3.226366180943748e-07	3.235181632901017e-07	0.0	0.0	0.0	0.0	0.0	0.0	0.0	0.0	0.0	0.0	0.0
865.4161006167067	1.504835525590579	748945.0272066258	2.264529959079474	1088.015168987337	2.78496976758629	7.756056606369634	1183777.0079465432	802.8777874029718	1.1784426575687803	1.3887270971777697	644612.7415050915	846.0703964170398	669.1391485188458	0.7526159999999998	12.491516	0.1144777436048415	0.0523958876825586	0.0435458844	0.0380619078	-0.067654509	-0.0334335663	0.0023728652	-0.0815730346	0.0189192941	-0.0495922551	0.0656501872	-0.0603654913	0.0789781773	-0.1450523802	-0.0553028063	0.2052985387	-0.109164016	-0.1807961787	0.051673952	0.0778401971	-0.0934728709	0.0481889163	-0.0303482191	-0.0951207844	-0.0557754373	0.0285867179	-0.0477962972	0.0188154937	-0.0372277582	0.0977811324	-0.1882672793	-0.0232051886	0.0873729091	0.0430884281	0.0218434612	-0.047793705	-0.0072600853	0.0248802523	-0.0098077396	-0.0968071431	-0.0093980896	0.0400993945	0.0910743586	0.0421277331	-0.078668223	0.0076616361	0.0334487084	-0.0601604109	-0.0568877865	0.0245961202	0.0190101448	0.0416216415	0.0593682746	-0.1469399343	0.0883968896	-0.0204032888	0.1643102908	0.0350946161	0.0466745485	0.1479655889	0.1242038795	0.0040688227876444	-0.0012301153140441	1.6555318877254347e-05	1.513183685845815e-06	0.0482593065344048	0.0364664121602801	0.0013297992158434	0.0023289606671816	-0.0332969626807155	-0.0141679769631223	0.0011086877237609	0.0002007315712275	0.0019950569558458	-0.0005610087604076	3.98025225706871e-06	3.147308292541841e-07	-0.0005522943753319	-0.0003285207128029	1.0792585874052553e-07	3.050290770232537e-07	0.0002060512608101	-0.0003627353101372	1.3157690522040317e-07	4.2457122081431855e-08	0.0	0.0	0.0	0.0	0.0	0.0	0.0	0.0	0.0	0.0	0.0
865.7827885237373	0.3666879070306095	749579.8369039384	0.1344600211624889	1088.9505919159435	0.9354229286066128	0.8750160553629724	1185813.3916340838	802.9472321636041	0.0694447606323365	0.0048225747792825	644724.2576391927	846.6613223440484	676.9038192388174	0.8652379999999998	14.360759	0.0677322641703374	0.0333763659264826	0.0370546133	0.0134531016	-0.0268745655	-0.0831143304	0.0460026009	-0.07508984	0.0512281661	-0.0433382868	0.0454927201	-0.0807150688	0.1459066312	0.0024825674	-0.034869506	0.0915208278	-0.0404360185	0.0065378791	0.1313956367	0.0055928223	0.0106099323	0.1170952369	0.0356820397	-0.2270510951	-0.0435391328	0.081452824	-0.0587574204	0.0498972414	-0.1539359194	0.0863687396	-0.0294392975	0.0085783691	0.07984479	0.1589905998	-0.0138195209	-0.0382712534	-0.0076341555	0.0242377774	0.0117067022	0.0138324036	-0.0230625714	0.0195585381	0.1466814098	-0.0620050953	-0.0704165298	-0.1450975935	-0.002537215	-0.1042790868	-0.0137725338	-0.0548185058	0.0690010445	0.0038985894	0.0699485763	-0.1754717622	0.030037843	0.0532521778	0.1260254596	0.0292575994	0.0687326601	0.1459432408	0.1165920251	0.0129742857252921	0.0089054629376476	0.0001683320900815	7.930727013381677e-05	0.0751604442188522	0.0269011376844473	0.0007236712087175	0.0056490923751751	-0.0425958257753578	-0.0092988630946423	0.0018144043734846	8.646885485290068e-05	0.0021490184268934	0.0001539614710476	4.618280199127383e-06	2.3704134567140973e-08	-0.0003558889940744	0.0001964053812575	3.857507378690395e-08	1.2665697610328832e-07	0.0001038821040432	-0.0001021691567669	1.0438536594459388e-08	1.0791491540442232e-08	0.0	0.0	0.0	0.0	0.0	0.0	0.0	0.0	0.0	0.0	0.0
864.7152223413303	-1.0675661824069491	747732.4157488163	1.1396975538189478	1088.66496001697	-0.2856318989734063	0.0815855817111542	1185191.395168751	802.5639575823327	-0.3832745812713938	0.1468994046487622	644108.9060102163	847.527227047354	674.6589985924799	1.009307	16.75194	0.1311862585099558	0.0793668524177529	0.0404999431	-0.0572484414	-0.0384099942	0.0052208164	-0.0678044199	-0.0687245861	0.1241255479	-0.0432164759	0.1152442974	0.0183865178	-0.0144365302	0.1277238118	0.0257233278	-0.2221652085	-0.0916452437	-0.0325553204	-0.0108852398	-0.0918466027	0.0104243499	-0.1331137193	-0.0048565866	-0.0193981332	-0.0511476317	-0.0891962233	-0.08392144	0.0302302278	-0.0547728194	-0.1804696744	0.1061939163	0.1283002889	-0.0230507756	0.0450662351	0.0990931454	-0.0435465972	0.0025866976	0.0103169439	0.0207013332	0.2003391458	0.0332621899	-0.0943591295	-0.0365812596	0.0103818329	0.0686714586	-0.0180519408	-0.0189684625	0.0328929876	0.0951494108	-0.0377789974	-0.0403704054	-0.0684253887	0.0686149511	0.1081839859	-0.1562024562	-0.007320884	-0.0662898064	0.0243934311	0.0894266313	0.1437067008	0.1082959623	0.0052585768488597	-0.0077157088764324	2.7652630475363207e-05	5.953216346585773e-05	0.0078643451613515	-0.0672960990575007	0.0045287649483569	6.184792481687275e-05	-0.0239997612772455	0.0185960644981123	0.0005759885413647	0.0003458136148179	0.0015790026878102	-0.0005700157390831	2.493249488111836e-06	3.2491794280256666e-07	-0.0002779999303057	7.78890637687e-05	6.0667062547646154e-09	7.728396124997407e-08	2.191853368925133e-07	-0.0001036629187063	1.0746000714710516e-08	4.8042211908684556e-14	0.0	0.0	0.0	0.0	0.0	0.0	0.0	0.0	0.0	0.0	0.0
864.3152537295396	-0.3999686117907686	747040.8578295583	0.1599748904178345	1087.8292034962135	-0.835756520756604	0.6984889619871839	1183372.3759792063	802.2454800621107	-0.318477520222018	0.1014279308867659	643597.8102800865	845.4185326321867	667.482511513942	0.948192	15.737577	0.0951118675909915	0.05294475893621	0.0579686876	-0.0861230416	-0.0451683504	0.0409382673	-0.075823423	-0.0212901981	0.0814075992	-0.0642960025	0.0901816112	0.0337013596	-0.0321457271	0.0561688383	-0.0181787723	0.0015108255	0.0509162815	0.0235279461	-0.0239512297	-0.0540873509	-0.1259119651	-0.0822405387	-0.0908671017	0.1907090017	-0.056158416	-0.0772281373	-0.0374142559	0.0012427175	-0.0433563637	-0.0084754821	0.0068625709	-0.13097215	-0.0724722741	-0.0195026873	-0.0068232549	-0.0496314878	0.0203839101	0.0175140226	-0.0448272708	0.108859129	-0.077513193	-0.0826272742	-0.1408037252	0.0207197256	0.0411248893	0.0761848838	-0.1500711539	-0.0332038667	0.0692116774	0.048509535	-0.0221505576	0.0046482627	0.0106271937	0.2343716442	-0.0062046856	-0.1048144916	-0.1057013361	0.0792632624	0.0636996656	0.1412592515	0.0993643757	0.0071635844034716	0.0019050075546119	5.131694150566156e-05	3.6290537831284113e-06	0.0286172086796341	0.0207528635182826	0.0004306813442084	0.0008189446326137	0.0145576423495512	0.0385574036267967	0.0002119249507774	0.0014866733744397	0.0011050056075712	-0.000473997080239	1.2210373927637969e-06	2.24673232075097e-07	-0.0001759437242334	0.0001020562060723	1.0415469197871764e-08	3.0956194097118705e-08	0.0001020977568516	0.0001018785715147	1.0379243333877369e-08	1.0423951954128434e-08	0.0	0.0	0.0	0.0	0.0	0.0	0.0	0.0	0.0	0.0	0.0
864.2154792377848	-0.0997744917547152	746868.3945541942	0.0099549492049117	1085.1853502617507	-2.6438532344627674	6.989959925379237	1177627.2444227186	801.7230857530208	-0.5223943090899184	0.2728958141695331	642759.9062293455	845.1345808311104	670.3453454326939	0.8543469999999999	14.179994	0.0796727011401971	0.0382153573745039	0.0393412951	-0.0728164494	-0.0483800303	0.0789532826	-0.0310983777	-0.1087343618	-0.0927021314	-0.0314714182	-0.0163174546	0.0932746843	-0.0599599459	0.0284529747	-0.1002024873	0.1350903986	0.0322351854	0.1578462174	-0.0388154067	-0.1237110738	0.0057043574	0.0397918246	-0.0445076706	0.0376024717	-0.0340726405	-0.0678926231	-0.0070449615	-0.1155992694	-0.0835096379	0.085102679	-0.0210593677	-0.0123816831	-0.0052738254	-0.0415903191	-0.035298553	-0.0419262818	0.0140586357	0.0247197127	-0.0675735011	-0.0329617908	-0.1387137844	-0.0384670555	-0.0717225837	-0.0525529865	-0.0255641593	0.0779169088	-0.1067833978	-0.129604966	0.0689101085	0.1362283995	0.0454030843	0.0574133846	0.0109894202	0.2159533318	0.0146439963	-0.1959997811	-0.0441499081	0.0195750242	0.0376654086	0.1386044847	0.0898496795	-0.00888420759577	-0.0160477919992415	7.892914460473735e-05	0.0002575316280509	0.0449204339175963	0.0163032252379622	0.0002657951531597	0.0020178453833451	0.0193206507477796	0.0047630083982284	0.0003732875453176	2.268624900159428e-05	0.0008339995990028	-0.0002710060085683	6.955553311368312e-07	7.344425668017567e-08	0.0003019999769464	0.0004779437011798	2.2843018149744597e-07	9.120398607562612e-08	-1.2604349549890162e-07	-0.000102223800347	1.0449705357403537e-08	1.588696275758163e-14	0.0	0.0	0.0	0.0	0.0	0.0	0.0	0.0	0.0	0.0	0.0
863.6423705736339	-0.5731086641509364	745878.144250046	0.3284535409248708	1089.2658971567623	4.080546895011594	16.650862962388757	1186500.1947087264	802.1393102909591	0.4162245379383193	0.1732428659819674	643427.4731140556	847.5257647740359	682.2400496263762	1.195798	19.84721	0.0902284060563957	0.0463959594603658	0.0243484334	-0.0689309326	-0.0064330154	0.1010464441	0.0678137981	0.0899170654	-0.1072009437	-0.0105214302	0.0092842469	0.0968117467	-0.1167688323	-0.0304931443	0.1457086903	0.0573220247	0.019484483	-0.0911082501	0.2815438501	-0.0383577049	-0.0252641194	-0.0672432482	-0.0755699873	-0.1009222958	-0.0103459535	-0.08638438	0.0811934001	-0.0808839485	0.1311534673	0.1016504169	0.0786050042	0.0111674485	0.0713593482	0.1442817731	-0.0273333403	-0.0300701539	0.007230533	-0.0053510518	-0.0260148992	-0.0765611753	-0.1320684651	-0.1276939168	0.0123178079	-0.1246906822	0.064645598	-0.0825891761	0.1068262886	-0.0031281491	0.1585491635	0.1447759486	0.1436466305	-0.0612543263	0.2086395011	-0.0337571656	0.0096112473	-0.0529329462	-0.0738660776	-0.0715181237	-0.0914763734	0.1357462967	0.0798077096	-0.0088315162047933	5.269139097669948e-05	7.799567847552664e-05	2.776382683059407e-09	0.0715442670735626	0.0266238331559662	0.0007088284919167	0.0051185821510932	-0.0037246372945318	-0.0230452880423114	1.3872922975817166e-05	0.0005310853009531	0.0011630034636689	0.0003290038646661	1.3525770565058586e-06	1.0824354296522949e-07	-9.09487757421168e-05	-0.0003929487526885	1.5440872223946112e-07	8.271679808989852e-09	8.805320849271142e-05	8.817925198821032e-05	7.775580481200294e-09	7.753367525860907e-09	0.0	0.0	0.0	0.0	0.0	0.0	0.0	0.0	0.0	0.0	0.0
861.692492763079	-1.9498778105548809	742513.952084249	3.802023476094296	1084.6905189889376	-4.575378167824738	20.934085378607254	1176553.5219844908	800.7377047523424	-1.40160553861665	1.9644980858808692	641180.8718120495	843.9381699503009	671.8377469230343	1.263425	20.96966	0.0954152026728301	0.0562058766542693	0.0202883325	0.0724927315	0.041335493	0.0242384181	0.2110580241	0.086111295	-0.0331726338	-0.012902787	-0.1613641275	0.0183426756	-0.0309492356	-0.0460804287	0.0916593563	-0.0872748186	0.1346909887	0.0615457518	-0.067507203	-0.1211178709	-0.0465427483	-0.0252025298	-0.1284657575	-0.07085826	-0.0028525154	0.1019287149	0.1642862364	0.0326712403	0.1391236112	0.0487406113	0.0605406492	0.006208132	-0.16620355	0.0409158209	0.0792703992	-0.0219193007	0.0022422658	-0.0439509295	0.0328865553	-0.0448761624	0.1441881847	-0.092608735	-0.0764854293	0.0400015587	0.1269705713	0.1024867042	0.0238140544	0.0896528463	0.1700464547	0.1193457749	-0.0660154589	-0.0352263579	0.1324982324	0.1097160498	0.0076565061	-0.1235779755	0.002657673	0.1193850843	-0.1343825432	0.1326888823	0.0692973963	0.001951553178813	0.0107830693836062	3.808559809735125e-06	0.0001162745853316	0.0184453796872645	-0.053098887386298	0.0028194918416627	0.0003402320318073	0.0122599450109746	0.0159845823055064	0.0001503062516721	0.0002555068714815	0.001280998332753	0.0001179948690841	1.640956728515966e-06	1.3922789130173897e-08	-0.0001959997704699	-0.0001050509947277	1.1035711493296733e-08	3.841591002425348e-08	1.2580035620775746e-07	-8.792740813650367e-05	7.731229101603291e-09	1.582572962199866e-14	0.0	0.0	0.0	0.0	0.0	0.0	0.0	0.0	0.0	0.0	0.0
862.0460239665797	0.3535312035006654	743123.3474365888	0.1249843118486289	1087.1452793058802	2.454760316942611	6.025848213636189	1181884.8583170602	801.5556269703955	0.8179222180530132	0.668996754784761	642491.4231279037	846.3242704610407	669.6085187937763	1.1453	19.009079	0.0779674659189751	0.0353029176322167	0.0206842774	0.1050905551	-0.0001386861	-0.0670697973	0.1199786629	0.0149242445	-0.1357358285	-0.0129210459	-0.0601549544	-0.0293601073	0.0386966193	-0.1205747538	-0.075554086	0.1779991424	0.071498794	-0.0084355596	-0.0363626718	0.0780838157	0.0983124521	-0.0683180442	0.039940643	0.0949387656	-0.0023738852	0.0746701026	0.0520462666	0.0123468599	0.0664817095	0.0806889908	-0.1252530681	0.0164346925	0.1179652201	-0.0625021631	-0.1339663248	-0.0150684634	0.002211295	0.000305728	-0.0058232124	-0.2120265903	0.0676825743	-0.0124097688	0.0458116602	0.0376805839	-0.0315111385	0.0716773569	-0.0317767124	-0.0469412029	0.0091270732	0.1091956276	0.0171242658	-0.1086223405	0.0050395846	0.0909623183	0.1368727821	-0.1160015288	0.0719273196	-0.016598873	-0.0586088581	0.1294367287	0.0583804184	0.0091059471006218	0.0071543939218088	8.291827259932257e-05	5.118535238841471e-05	0.0322666463446381	0.0138212666573735	0.0001910274120142	0.0010411364663299	-0.0097449009098085	-0.022004845920783	9.496309374198654e-05	0.0004842132439974	0.0010700571427374	-0.0002109411900156	1.1450222887233282e-06	4.449618564519752e-08	-0.0002702788168427	-7.427904637280003e-05	5.5173767300525784e-09	7.305063883388978e-08	0.000414644752348	0.0004145189519917	1.7182596156037377e-07	1.7193027064973428e-07	0.0	0.0	0.0	0.0	0.0	0.0	0.0	0.0	0.0	0.0	0.0
862.9843059161157	0.9382819495359628	744741.9122575199	0.8803730168250068	1084.4455194942286	-2.699759811651574	7.2887030406089455	1176022.0847511075	802.7459936601939	1.1903666897984522	1.4169728561817243	644401.1303374921	845.3277555634226	664.2178381906973	1.019937	16.928366	0.0972631041387323	0.0585675865143125	0.0075318358	0.0534290096	0.0065948092	-0.1316210175	0.1112150984	-0.0416815693	-0.0403263603	0.0070113653	-0.028026374	-0.0990162375	0.1386412264	-0.0074512919	-0.0272339436	0.0280191074	0.1550327528	0.0797298509	0.0455778838	-0.2138625785	-0.0053665746	0.0528335689	0.066246908	-0.2058353371	0.0013257893	0.1413966251	0.0076970972	0.0818360192	-0.1003917417	0.037243062	-0.0261263351	0.0872637886	-0.0059867123	0.090439797	-0.0990994046	-0.0006328903	-0.0034426252	-0.0126496681	0.0640099326	-0.0102251823	0.1265399429	0.0164426361	0.1420887031	-0.0780044243	0.0246589701	-0.0324218605	0.0105720482	-0.1088668486	0.078350935	0.0485847809	0.2316139116	0.0062398658	0.1040919235	0.0550060843	0.0401831769	0.0080239477	-0.0092477909	-0.0508555105	0.0362545597	0.1259946088	0.0471208409	0.009073340539814	-3.26065608078005e-05	8.23255085514322e-05	1.0631878077127915e-09	0.0790136269291252	0.0467469805844871	0.0021852801937664	0.0062431532404949	-0.0199746386786969	-0.0102297377688884	0.0003989861903444	0.0001046475348202	0.0015880150126824	0.000517957869945	2.521791680504683e-06	2.682803550379616e-07	-7.674543982671977e-05	0.0001935333770159	3.745516801920955e-08	5.889862534196666e-09	0.000321060414818	-9.358433753e-05	8.758028230928968e-09	1.0307978996310625e-07	0.0	0.0	0.0	0.0	0.0	0.0	0.0	0.0	0.0	0.0	0.0
865.4808427088235	2.4965367927078432	749057.0890959753	6.232695957343965	1087.0850624959976	2.6395430017689705	6.967187258187548	1181753.933101927	803.2298381842218	0.4838445240278588	0.2341055234317452	645178.172949451	846.99105920642	668.3261149380658	1.047708	17.389294	0.142218706489705	0.0982179243988704	-0.018909348	0.0767622788	0.0389800528	-0.0786852574	0.0231526068	-0.0219119702	0.0603286697	0.013552209	-0.0109033124	-0.0340219488	0.1103987356	-0.1308031892	-0.0346795569	0.0518768722	0.2855225383	-0.0325087553	-0.05653261	0.1561282329	0.0154965009	-0.0145317399	0.1095638795	0.0234540407	0.0263928397	0.0772557459	0.0318522092	0.1088238539	0.0318374791	-0.0750182335	-0.1035715863	-0.0219464514	0.0101978329	-0.0024862556	-0.2810951639	0.0178775059	-0.0130112613	0.0181845663	0.0119815084	-0.1114916658	0.0956874131	0.0184644953	-0.0420391519	0.156816414	-0.0233848094	0.1898618869	-0.0225778811	0.0036809821	0.0131420206	-0.0033411918	0.0794543223	-0.0881585612	0.0085453278	0.112787985	0.0886299355	-0.0030475967	0.0583164243	0.1101875403	-0.0297404405	0.1223675745	0.0355847396	0.0090311423064264	-4.219823338759941e-05	8.156153135892477e-05	1.7806909010343096e-09	-0.0161608360537712	-0.0951744629828963	0.0090581784040827	0.0002611726219568	-0.0314639325326666	-0.0114892938539696	0.0009899790504201	0.0001320038732628	0.0018289949190333	0.0002409799063509	3.3452224138496275e-06	5.807131526488855e-08	-0.0001340828677194	-5.7337427892680215e-05	3.2875806373483033e-09	1.7978215415858114e-08	-9.087727932744654e-05	-0.0004119376941454	1.6969266385786748e-07	8.258679897958742e-09	0.0	0.0	0.0	0.0	0.0	0.0	0.0	0.0	0.0	0.0	0.0
866.4585974150424	0.9777547062188888	750750.5010344425	0.9560042655331854	1087.6853213701092	0.6002588741116597	0.3603107159497973	1183059.3583239978	803.7592612508793	0.5294230666575004	0.2802887835090321	646028.9500465592	847.0920154373081	676.9767704589947	0.908255	15.074726	0.1632276840452284	0.103499391486242	-0.0223554761	0.0601262269	0.0071295307	-0.1129593451	0.0243049825	-0.0708080846	-0.0654151268	0.0353635936	0.0326277182	-0.0492550994	0.0881705105	-0.0802884023	-0.0038760982	0.1914356773	0.086443714	0.1568163977	0.0567603782	-0.0021917775	-0.0262608609	-0.0738774972	0.1588961744	-0.1116728213	0.0279392156	0.082506296	-0.0156204746	0.0623267144	-0.0006519232	0.1089378136	-0.1522615018	0.0247146295	0.029254324	0.0272932894	-0.1406534179	0.0167059876	-0.0073170353	0.0150633217	0.0188737286	-0.1670785121	0.0703210608	0.0125776441	0.0658788669	-0.0070018621	0.0080523223	0.0240632369	-0.0526362071	-0.0630026541	0.0881693002	0.049441589	0.1072229926	-0.1022623633	-0.0211648091	0.0752545236	0.0459628019	0.0013228509	0.0126157281	0.096022225	-0.0289816168	0.1185609488	0.023839813	-0.0071691342843251	-0.0162002765907515	5.139648638668556e-05	0.0002624489616168	0.083146531193492	0.0993073672472631	0.0098619531895828	0.0069133456495103	-0.0520544880824971	-0.0205905555498305	0.0027096697295308	0.0004239709778506	0.0013429980979884	-0.0004859968210449	1.80364389120046e-06	2.3619291006574865e-07	-7.756111985046665e-05	5.6521747868933336e-05	3.19470798215927e-09	6.015727312458452e-09	-9.094840356127717e-05	-7.112423383062696e-08	5.0586566379936986e-15	8.271612110344932e-09	0.0	0.0	0.0	0.0	0.0	0.0	0.0	0.0	0.0	0.0	0.0
863.9338205068256	-2.524776908216836	746381.6462155199	6.374498436264966	1087.3905911054767	-0.2947302646325624	0.0868659288903803	1182418.297624718	802.0677661957081	-1.6914950551711172	2.8611555216683406	643312.7015701731	846.5664109372581	677.5914049341872	1.079487	17.916756	0.1096516574663322	0.0620066497553732	-0.0226036519	0.0539019639	0.0152637004	-0.1238900222	0.0647354351	-0.0018649914	0.0460592056	0.0215837274	-0.0462854077	-0.0489652497	0.0434401037	-0.0030167627	0.0041571355	-0.2202085853	-0.0672898277	-0.011255173	0.0267604945	0.0538688355	-0.0333263015	0.0147309039	-0.0915875946	-0.0070671447	0.0138231496	0.0985874843	-0.0275664613	0.0790020659	-0.014927382	-0.131458637	0.075183371	0.2068908119	0.0472488369	0.0241872018	0.042204598	0.0213793442	0.0009137311	-0.010988914	0.0584019054	0.0784978883	0.1846707303	-0.0750757501	0.0525183568	0.0404487198	0.0408617335	0.0042274859	0.0391962636	0.0327088125	0.0187979008	0.0044006846	0.0949929785	-0.1784384414	0.0634765165	0.0532676797	-0.0839944418	0.1018352877	-0.1072659722	-0.0358272149	-0.0602429789	0.1145803187	0.0119549848	0.0090989694859899	0.016268103770315	8.27912457069753e-05	0.0002646512002817	0.0404187365611932	-0.0427277946322987	0.0018256644341399	0.0016336742652031	-0.017950166863045	0.0341043212194521	0.0003222084904111	0.0011631047258395	0.0010119970221614	-0.0003310010758269	1.0241379728635412e-06	1.0956171219863133e-07	-7.754604206211546e-05	1.5077788351192112e-08	2.273397015633445e-16	6.01338863949938e-09	-9.096100683125336e-05	-1.2603269976195724e-08	1.5884241409287659e-16	8.27390476375532e-09	0.0	0.0	0.0	0.0	0.0	0.0	0.0	0.0	0.0	0.0	0.0
863.2524013744377	-0.6814191323878731	745204.7084787332	0.4643320339842417	1087.59516644087	0.2045753353932013	0.0418510678512408	1182863.2460655435	802.1468575529731	0.0790913572649287	0.0062554427940086	643439.5810821097	845.5629609137109	659.5035866208979	1.14372	18.982853	0.1031444037205324	0.0612328236278842	0.0023202812	0.0151505353	-0.0313369776	-0.0309221261	-0.1188976309	-0.0929631827	0.0549084816	0.0166591248	-0.0367051515	-0.0132314939	0.0704226071	-0.0435909689	-0.1008876241	-0.0292459492	-0.1149579178	0.0796456311	-0.034074917	0.0803426864	0.0417870523	-0.0933113823	-0.1938586407	0.143476361	0.0142723162	0.0110016826	-0.0210781993	0.0336867065	-0.0495859048	-0.0898835847	-0.1422173607	-0.0317270504	-0.0027529642	-0.1613051921	0.1069070837	0.0110405087	0.0158708676	0.0169481203	-0.0408601477	-0.0663183627	0.0050291955	-0.0390776271	0.0110505687	0.1475338873	-0.0859755105	0.0518843366	-0.0387808122	-0.096186317	-0.1140692997	0.0383084611	-0.0306069315	-0.1830293576	0.0257378212	-0.0718189976	0.1261651647	0.0558646975	-0.1648973178	-0.1645889587	0.0394514982	0.1104315261	-0.0	0.0018364041137886	-0.0072625653722013	3.3723800691396936e-06	5.27448557854974e-05	0.0089720585807668	-0.0314466779804264	0.0009888935560046	8.049783517671118e-05	-0.0029405051142745	0.0150096617487705	8.64657032707449e-06	0.0002252899458125	0.0001370008862467	-0.0008749961359147	1.876924283238123e-08	7.656182378656562e-07	-7.699848057307612e-05	5.475614890393388e-07	2.998235842789779e-13	5.928766010562381e-09	2.2005268147693208e-05	0.0001129662749789	1.2761379282618971e-08	4.842318262518813e-10	0.0	0.0	0.0	0.0	0.0	0.0	0.0	0.0	0.0	0.0	0.0
865.2193622558705	1.966960881432783	748604.5448224552	3.868935109086831	1090.2966373631211	2.7014709222512465	7.297945143769001	1188746.757445329	802.8630350487025	0.7161774957294256	0.5129102053892713	644589.053047614	847.2269160099802	664.5628595481048	1.017177	16.882565	0.1737358793889226	0.0843356592039604	0.0064602019	-0.0696385332	-0.0408144497	-0.0359003598	-0.1414345905	-0.0467972802	-0.0127305945	0.0346880103	0.0513020769	0.1157402265	-0.0793617467	0.0513227227	-0.0988562212	0.0056909033	-0.1575772305	-0.0337715653	-0.0819226929	0.0873573889	0.0377123397	-0.1027464196	0.1294054198	0.1590005388	0.0139554895	-0.124348373	-0.0836452505	-0.0746505252	-0.0760798675	-0.0057690959	-0.0356316384	0.1331001271	0.1163359947	-0.1765595262	0.0234667041	0.0013743882	0.0390203554	-0.0092999994	-0.0367990458	-0.0057519476	-0.114877724	-0.0543140133	0.0317663623	-0.0636300516	-0.02225297	-0.1006829426	-0.1305990774	-0.1270138506	-0.0522430164	-0.0682739636	0.0541049388	-0.1341987806	-0.1515508824	0.0861497301	0.0402418386	0.130329379	-0.0722906099	-0.0023614497	-0.0348297246	0.10612066	-0.0119549848	-0.0086280768856568	-0.0104644809994454	7.444371074480514e-05	0.0001095053625877	0.0759776485748204	0.0670055899940536	0.0044897490904512	0.0057726030829589	-0.0254465070597618	-0.0225060019454873	0.0006475247215425	0.0005065201235702	-0.000796023162526	-0.0009330240487727	6.336528752778946e-07	8.705338755882017e-07	-0.0005059638581392	-0.0004289653775661	1.8401129515044722e-07	2.559994257431045e-07	-9.120143451220894e-05	-0.0001132067026599	1.2815757527127497e-08	8.317701657084736e-09	0.0	0.0	0.0	0.0	0.0	0.0	0.0	0.0	0.0	0.0	0.0
863.67839814214	-1.5409641137304106	745940.375417373	2.37457039980495	1090.8398969056177	0.5432595424965712	0.2951309305135838	1189931.680681059	802.1771036129672	-0.685931435735256	0.4705019345298296	643488.1055608892	847.4181494110385	672.4875999785759	1.27421	21.148666	0.0838031958894507	0.0422976275934697	-0.0015009192	-0.0945710757	0.0442201721	0.0652227352	0.0102630598	0.0728889101	0.0454780225	0.0160725535	0.0121526696	0.0557913255	-0.1533943661	0.0893370393	0.2211579288	-0.2097085719	0.085809889	-0.072007624	0.0855417906	0.1524346874	-0.075273037	-0.0186122253	0.0069888759	-0.0632498233	0.0195436927	-0.1307116131	0.0009109361	-0.0529121869	0.0904784497	-0.0771798652	0.2651389736	0.0687201409	-0.0680601235	0.0544901401	-0.0575842355	0.0148717206	0.0344301328	-0.0495705973	0.0154942354	0.1633723948	-0.0291758235	-0.1650522513	-0.071599094	-0.0750229924	0.2138770002	-0.0338970822	0.0177493873	0.0695697163	0.0325835671	0.0253225251	0.1626385923	-0.1082106329	-0.0046437875	-0.1060569831	-0.0259048605	0.1172534451	-0.0391115516	-0.079711389	-0.1206753352	0.1016540472	-0.023839813	-0.0033859683413908	0.005242108544266	1.1464781608900765e-05	2.74797019898666e-05	0.0410583075349251	-0.0349193410398952	0.0012193603786605	0.0016857846176324	-0.0100650045218628	0.015381502537899	0.0001013043160251	0.0002365906203233	-0.0004399699544513	0.0003560532080747	1.93573560819879e-07	1.267738869802856e-07	-0.0005060254639852	-6.16058459999803e-08	3.7952802613732904e-15	2.560617702014369e-07	0.0001178886269149	0.0002090900614271	4.371865378759219e-08	1.3897728355880488e-08	0.0	0.0	0.0	0.0	0.0	0.0	0.0	0.0	0.0	0.0	0.0
865.8566089223843	2.178210780244285	749707.6672145708	4.744602203172417	1090.6612851502466	-0.1786117553710937	0.0319021591567434	1189542.0389255877	804.3939168752198	2.216813262252572	4.914261039698889	647049.5735058581	846.9577399583811	667.1001163205585	1.152439	19.127573	0.0682216840563312	0.0331377231604776	-0.0026082697	-0.0540989191	0.031105397	0.1260531113	0.0211791938	0.1358648625	-0.0385241517	0.0456661261	0.119935189	0.0745764976	-0.0215529408	0.0009482412	0.0757646314	0.0948318379	0.1902655596	-0.0533143772	-0.1039719198	0.0126616138	0.1009547836	-0.1383138416	-0.1069064775	0.0939798093	0.0351621747	-0.1158129368	0.0461290945	0.0267878021	0.1307731525	0.076886214	-0.0001217806	-0.2749718157	-0.1184467937	0.0229049902	-0.0159358106	0.0172945011	0.0352841676	-0.0336795083	-0.0521494577	-0.0894465891	-0.1074577926	-0.1275319271	-0.1251791238	0.0622960467	0.1069820787	0.0510811372	-0.0162066138	0.1058711746	-0.0479756795	0.0568107234	0.0437801734	-0.1322350923	-0.0227812686	-0.0969900863	-0.017288784	0.1325977603	-0.064592974	-0.1549430243	0.1369250131	0.0970382431	-0.0355847396	0.0091694277009395	0.0125553960423302	8.407840436275665e-05	0.0001576379697797	0.0213635011290307	-0.0196948064058944	0.0003878853993656	0.00045639918049	-0.0266872529984993	-0.0166222484766365	0.0007122094726059	0.000276299144419	-0.0005589022237092	-0.0001189322692579	3.123716956670887e-07	1.4144884670833633e-08	-0.0005066080499391	-5.825859539000406e-07	3.394063936816203e-13	2.566517162630977e-07	0.0003853584343325	0.0002674698074176	7.154009788000803e-08	1.4850112291119573e-07	0.0	0.0	0.0	0.0	0.0	0.0	0.0	0.0	0.0	0.0	0.0
866.6809040763341	0.8242951539497199	751135.7894905717	0.6794625008249924	1087.6277745981686	-3.0335105520780417	9.202186269568823	1182934.1760773645	804.2061643937776	-0.1877524814422031	0.0352509942877048	646747.5548489516	847.47782072639	675.2324150542955	0.920807	15.283061	0.1582877453183664	0.0702499944231563	-0.0157815172	-0.1119637972	0.0494593453	0.0894474351	0.0662458716	0.0378915281	-0.1192914825	0.0506995971	0.131297928	0.1465097816	-0.1346581055	0.014810332	0.0668504643	0.1191323065	0.0924068997	-0.1170894334	0.0272997231	-0.0022803156	-0.2280647693	0.0764224537	0.0987299624	-0.0181265057	0.036734732	-0.1509536362	-0.0005884213	-0.0779647767	0.0697961098	0.1614430857	0.0169469959	-0.0566474231	-0.003670022	0.1355362624	-0.0727234168	0.0192973122	0.0399330959	-0.0233284365	-0.0190660367	-0.0580202301	-0.1532236014	-0.1279743323	-0.0437946718	-0.0477187265	0.1139005834	-0.025218926	-0.0473872648	0.0559313543	-0.0824626868	0.0760318909	0.0111297258	-0.0951368315	-0.0588431761	-0.1402488429	0.0500234291	0.1143869163	-0.0582779389	-0.0660121689	0.0611653322	0.092280022	-0.0471208409	-0.0092787484389873	-0.0184481761399268	8.609517259400924e-05	0.0003403352028897	0.0672994789744905	0.0459359778454598	0.0021101140606185	0.0045292198702378	-0.0555269313992852	-0.0288396784007858	0.0030832401106209	0.0008317270502607	-0.0014039892598465	-0.0008450870361373	1.9711858417643228e-06	7.141720986473262e-07	-0.0003785404094089	0.0001280676405302	1.640132055097254e-08	1.4329284155545762e-07	5.723485235612023e-05	-0.0003281235819763	1.0766508504901002e-07	3.275828324226881e-09	0.0	0.0	0.0	0.0	0.0	0.0	0.0	0.0	0.0	0.0	0.0
864.5586193967132	-2.122284679620861	747461.6063731508	4.504092261353422	1091.560564885374	3.932790287205535	15.466839443138191	1191504.466812877	802.3400507003931	-1.8661136933844773	3.482380316637055	643749.5569579094	846.6901033434565	673.0499782884443	1.137155	18.873898	0.0939672301871083	0.0518021989138074	-0.0213557248	0.0049756091	0.0664227661	0.0337243549	0.1415224734	0.1533888588	-0.0302736996	0.0202605125	-0.0797685207	-0.0521470974	-0.0069607966	-0.0872998649	0.1562802573	-0.1121785019	-0.1149631038	0.1316072058	0.1783850106	-0.1126634411	-0.1629025941	-0.1365100649	-0.1063058621	-0.0186596683	0.0377609202	0.0635977775	0.0761375179	0.0489120151	0.1163657213	0.0788232769	0.1184334885	0.2106517184	0.1048928803	0.0760417949	0.149555332	0.0260395474	0.039305464	-0.0872237603	0.0543505742	-0.09092422	0.1169142487	-0.1450816076	0.0385242827	-0.1152102972	0.1700013469	-0.0983754013	-0.0106449371	0.0396024707	0.0697647866	-0.0554759385	-0.0555675237	-0.0733920084	-0.0926028149	0.0807418441	0.0199552164	0.0246895011	0.0534072875	0.0037898368	-0.0107602433	0.0873863672	-0.0583804184	0.0090071222852259	0.0182858707242132	8.112825186101303e-05	0.0003343730681426	0.0554980567993936	-0.0118014221750969	0.0001392735653548	0.0030800343085087	-0.0114747084754185	0.0440522229238666	0.0001316689345958	0.001940598344534	-0.001574006760984	-0.0001700175011374	2.477497283623343e-06	2.8905950693039798e-08	-0.0002709517041372	0.0001075887052716	1.1575329502040721e-08	7.341482597485277e-08	-6.171322851331149e-05	-0.0001189480808694	1.4148645942520868e-08	3.808522573536202e-09	0.0	0.0	0.0	0.0	0.0	0.0	0.0	0.0	0.0	0.0	0.0
862.5992723492792	-1.9593470474339936	744077.504657506	3.839040852288309	1087.889184170082	-3.671380715292116	13.47903635661885	1183502.8770342465	802.1296960763226	-0.2103546240705327	0.0442490678678551	643412.0493274936	845.9375145909808	661.2825547037897	1.162616	19.296473	0.0449162566823124	0.0259845361618234	-0.0135819044	0.0724117698	0.0536330949	-0.0213007618	0.0624365616	0.0612634897	0.0442762086	0.0277711648	-0.121323027	-0.0455101164	0.0430957098	-0.1372760601	0.0503261537	-0.1169565939	-0.0136255387	0.065323107	-0.1374382615	-0.0021873101	-0.0267896108	-0.0391920663	-0.0361748477	0.1071490544	0.0324574635	0.0684774595	0.079066712	0.1124714772	0.1259956458	-0.0886567634	-0.0309134163	0.062507328	-0.102519298	-0.126305046	-0.0325780929	0.0297564476	0.0396157083	-0.0803257346	0.0491325239	-0.0468438281	0.1755131013	-0.0583983258	-0.0477181914	0.1308929069	0.1054628359	0.1343552007	-0.0979729212	0.0644967537	-0.104319824	0.002578789	-0.0516057306	-0.084252002	-0.1283428919	0.0119177863	-0.0035050023	-0.0593995734	0.0508333694	-0.0699589047	-0.0212371851	0.0823644609	-0.0692973963	0.0044185856581577	-0.0045885366270681	1.952389921847692e-05	2.1054668377946405e-05	0.0324927162999273	-0.0230053404994662	0.0005292456914963	0.0010557766125475	-0.0016288036977485	0.00984590477767	2.6530014857991875e-06	9.694184089094492e-05	-0.0016019983881572	-2.799162717320009e-05	2.566398835658267e-06	7.835311918034337e-10	-0.0003050206063996	-3.406890226239999e-05	1.160690101364963e-09	9.303757032837972e-08	2.575573761324666e-05	8.746896612655815e-05	7.650820035248976e-09	6.633580200024087e-10	0.0	0.0	0.0	0.0	0.0	0.0	0.0	0.0	0.0	0.0	0.0
865.4317573746764	2.8324850253972045	748972.1266726208	8.022971419099402	1086.8771688742715	-1.0120152958104427	1.024174958954298	1181301.9802201518	803.202512587765	1.072816511442397	1.1509352672234354	645134.2762272988	846.4712173625716	660.1451894205969	1.01174	16.792326	0.0791294606785638	0.0369960175780198	-0.0120749258	0.0449092024	0.0198896256	-0.1183584146	0.0391384247	-0.0588159713	-0.0885649848	0.0431742285	-0.0590970002	0.0008271773	0.1024949648	-0.1696361934	-0.0031895213	0.1870890273	0.0185373258	0.0724094052	-0.0780158602	0.0158486535	0.0522417047	-0.0666543982	0.0559978729	0.1534935556	0.0377515064	0.063570283	0.0346899091	0.057406549	0.0167638057	0.1041616364	-0.1784819412	0.0731617933	0.078492487	-0.178726856	-0.1081177264	0.0285812983	0.0440431683	-0.0688128436	-0.0113736234	-0.2277104034	0.04282295	-0.0471657199	-0.0139832864	0.0297572363	-0.0005531123	0.0246129323	-0.0906488432	-0.0438476443	-0.0821029883	-0.0459994592	-0.0612550916	-0.0291067832	-0.1502118109	0.1074593382	0.0267991577	-0.0237990497	0.0165845415	-0.0600862799	0.0825079868	0.0772216734	-0.0798077096	0.0091212404541494	0.0047026547959916	8.319702742241155e-05	2.211496213026373e-05	0.0228534834837716	-0.0096392328161557	9.2914809284053e-05	0.000522281707343	-0.0113025498698675	-0.009673746172119	0.0001277476335608	9.3581365002587e-05	-0.0021229851868086	-0.0005209867986513	4.507066103408745e-06	2.7142724436903415e-07	-7.289795090570372e-05	0.0002321226554938	5.388092719353805e-08	5.3141112462503915e-09	0.0003749228213539	0.0003491670837406	1.2191765236795244e-07	1.4056712197196846e-07	0.0	0.0	0.0	0.0	0.0	0.0	0.0	0.0	0.0	0.0	0.0
864.627432570303	-0.8043248043734366	747580.5971531138	0.646938390930367	1085.8868653344327	-0.9903035398388056	0.9807011010172688	1179150.2843058405	802.7437706852265	-0.4587419025384633	0.210444133144609	644397.5613739355	845.8849264281924	661.2736777324934	0.8295329999999999	13.768143	0.144880226343667	0.0839711678709791	-0.0133954301	0.0344305778	0.041273317	-0.0814971989	0.0739391628	-0.0253135949	-0.0971492358	0.0511503233	-0.1111685547	-0.0066526415	0.0509632893	-0.0471071126	0.0444652841	0.0333333556	-0.0423378999	0.1114458243	-0.0086031105	-0.0966739034	-0.0519081588	-0.1434352496	0.1831145006	0.1911779477	0.0410444546	0.0728227477	0.0584557722	0.0280007241	0.013285467	0.0875816071	-0.0221539774	0.1755538237	0.0355777809	-0.1342105917	-0.0823048079	0.0251990963	0.0529163181	-0.1060495022	0.0468581788	-0.1512777953	0.0912118531	-0.0323475203	0.0650742773	-0.0693446887	0.0582694386	-0.0614979113	-0.1146904235	-0.1148887329	-0.0451813043	-0.0749178123	-0.0039172917	0.0605719759	-0.2066686166	-0.0154813881	-0.052232687	0.0670566837	-0.0276151971	-0.0066443362	0.0187556894	0.0719655524	-0.0898496795	-0.0033642854706243	-0.0124855259247737	1.1318416727853769e-05	0.0001558883576181	0.0991043105189248	0.0762508270351532	0.0058141886235448	0.0098216643634314	-0.0111055576267702	0.0001969922430972	0.0001233334102015	3.880594384050544e-08	-0.0027469997506887	-0.0006240145638801	7.54600763028378e-06	3.893941759344716e-07	-0.0002410672160124	-0.0001681692651066	2.8280901726526293e-08	5.8113402635969127e-08	4.816902752784007e-05	-0.000326753793826	1.0676804177972329e-07	2.320255212977814e-09	0.0	0.0	0.0	0.0	0.0	0.0	0.0	0.0	0.0	0.0	0.0
866.803297078315	2.1758645080120687	751347.9558258377	4.734386357226602	1086.7358552276112	0.848989893178441	0.7207838387191406	1180994.8190372875	803.6496675252148	0.9058968399882588	0.8206490847007128	645852.7881133882	846.7545874396402	660.5957117918375	0.857695	14.235564	0.1053507039631303	0.0620468165843657	-0.0300877686	0.0259084828	0.0573685614	-0.0727562772	0.0637614048	0.0473180078	0.0267485071	0.0743675829	-0.0729640105	-0.0056544939	0.0562636656	-0.1201221022	0.0319924877	-0.1381815292	0.116551475	-0.0235645034	-0.040713097	-0.160521557	0.0913852533	0.0733965523	0.1433182983	0.0809002891	0.066737666	0.0584478881	0.0609827732	0.1057665854	0.0664226555	-0.0618124744	0.0185505785	0.0678635217	-0.0844694174	0.0287690132	-0.0515334652	0.037319665	0.0472582854	-0.1002466267	0.0644978709	0.0142677851	0.1639721029	-0.0829317478	-0.0247555663	-0.0012730153	0.1208419304	0.013472564	-0.05512147	0.0369820526	-0.0667258225	-0.1127191075	-0.1104595563	0.0467345994	-0.0630714378	0.029421095	0.0823406511	-0.0777358571	0.0772719081	0.0072810475	0.021307389	0.066603812	-0.0993643757	0.0047958032322981	0.0081600887029224	2.2999728642920907e-05	6.658704763956177e-05	0.0401049968241267	-0.0589993136947981	0.0034809190164571	0.0016084107702632	1.1715307266513264e-06	0.0111067291574968	1.3724842434881849e-12	0.0001233594325779	-0.0024859589679476	0.000261040782741	6.179991990319097e-06	6.814229025408615e-08	-0.0003307979358644	-8.9730719852e-05	8.051602085158107e-09	1.0942727437214769e-07	0.000239088973093	0.0001909199455651	3.645042561460363e-08	5.716353705466527e-08	0.0	0.0	0.0	0.0	0.0	0.0	0.0	0.0	0.0	0.0	0.0
865.3091728035951	-1.4941242747199794	748759.964538042	2.2324073483075044	1086.5141882974594	-0.2216669301517413	0.0491362279228969	1180513.0813716871	803.1585003524731	-0.4911671727417115	0.2412451915790862	645063.5766884335	846.839617854401	664.0889649004549	0.962914	15.981932	0.109766306331449	0.0590724913062683	-0.0291044811	0.0229590717	0.0635159983	-0.0259117208	0.0087002092	0.0065520018	0.032519132	0.0492890993	-0.0727091787	-0.0512737721	-0.0304866466	-0.1466864773	0.146314768	-0.0570694819	-0.0161269809	-0.0114260052	-0.1539462609	0.0598913859	-0.2888132268	0.0454163252	0.0978629803	0.1198820851	0.0551062293	0.0492801586	0.0388291094	0.093857132	0.131205908	-0.0606791043	-0.0403424611	0.0569644729	-0.1707896272	-0.0925166288	-0.1262414488	0.0452159994	0.0410643378	-0.0933465088	0.046291002	-0.0526059449	0.0745291236	-0.02647492	-0.1445941818	0.0621802292	0.0318055888	0.0924350951	-0.0897164806	0.0125339813	-0.0619489551	-0.2326189305	-0.0422837423	0.1865692394	0.1248802729	-0.1301915347	-0.1175775955	0.1748891586	0.0301807093	-0.0028862192	-0.0504671638	0.0611443214	-0.1082959623	-0.0025938732881769	-0.007389676520475	6.728178635117643e-06	5.460731907725951e-05	0.0128441285399105	-0.0272608682842162	0.0007431549396093	0.0001649716379497	-0.0347808753354712	-0.0347820468661978	0.0012097092891015	0.0012097907842023	-0.0018084573266041	0.0006775016413435	3.2705179021480484e-06	4.590084740231366e-07	-0.0002777856203621	5.301231550229997e-05	2.8103055949153942e-09	7.716485087995676e-08	0.0003152493094584	7.616033636540003e-05	5.800396835290874e-09	9.938212711399807e-08	0.0	0.0	0.0	0.0	0.0	0.0	0.0	0.0	0.0	0.0	0.0
868.7725328793081	3.4633600757130125	754765.7138855284	11.994863014042844	1087.2435186417376	0.7293303442781962	0.5319227510849522	1182098.4688284665	803.5094396462395	0.3509392937663733	0.1231583879092408	645627.4196006138	846.6709328107258	672.6532028043592	1.178011	19.552006	0.1011071795908646	0.0535003879087112	-0.0425264023	-0.077645199	0.058754915	-0.1248575727	0.1152470198	0.0040092722	-0.0588598306	0.0544790388	0.0375425501	0.0364237274	-0.1396559476	-0.0501719629	0.1041055789	0.0405355094	-0.1432130767	0.0155855101	-0.3082382213	-0.1689042093	-0.3411943302	0.4006200152	0.0303849804	-0.0053148749	0.0471503982	-0.0057897964	-0.0212173526	-0.0090714354	0.0865166835	0.1612318279	-0.0117246828	-0.0081712161	-0.1320646185	0.1165487881	-0.0408435961	0.0545134564	0.053027255	-0.0540330848	-0.0364935297	-0.0935481828	-0.1103948378	-0.0580747053	-0.1201397977	-0.029249734	-0.0750138352	-0.0666093902	-0.1442385584	-0.1474774518	-0.0539308259	-0.3647046264	0.1731058794	0.2625439608	0.0272448	-0.1576612995	-0.2382412748	0.0517774321	-0.1911411303	-0.0781876604	0.083686402	0.055595093	-0.1165920251	-0.013715541114891	-0.0111216678267141	0.0001881160680742	0.0001236914952477	0.0128883285990895	4.420005917899969e-05	1.953645231427074e-09	0.0001661090140781	-0.0068564702155384	0.0279244051199328	4.70111838165652e-05	0.0007797724013021	-0.0023860062908997	-0.0005775489642956	5.693026020212944e-06	3.335628061589205e-07	-7.133168685502511e-05	0.000206453933507	4.262322666054371e-08	5.088209549583362e-09	-0.0001410859244397	-0.0004563352338981	2.082418456968336e-07	1.9905238075004736e-08	0.0	0.0	0.0	0.0	0.0	0.0	0.0	0.0	0.0	0.0	0.0
867.1856430117998	-1.586889867508262	752010.9394457887	2.518219451600389	1091.3801196989466	4.136601057208964	17.111468306502314	1191110.565674087	804.8049076975733	1.2954680513338417	1.678237472026701	647710.9394540995	848.0241056358785	674.6703316553219	1.509239	25.049538	0.2731133727328299	0.1932710624922482	-0.0160655731	-0.1453061658	0.0779381341	0.1204801534	0.0070962296	0.0572521473	-0.0177810206	0.0779251574	0.1192376718	0.1148550902	0.0232852723	0.1450740561	0.1958847553	-0.0749153013	0.0861319389	-0.0484403728	-0.0075323051	0.1547738148	0.025396269	-0.1502850898	0.0232735282	-0.1102974982	0.0621474499	-0.1525375647	-0.022276775	0.0261191806	-0.0414373355	-0.0053630455	0.2115701156	0.0391244573	-0.0955021135	0.0478362876	0.1106838696	0.0300986719	0.0791407858	-0.1241313565	0.0024950013	0.1868973011	-0.0954138797	0.0572442558	-0.0702711761	-0.2024143626	0.1265696329	-0.0796438825	-0.0882711899	-0.1167434902	-0.1936280929	0.0725758548	0.3134385295	0.097564972	-0.0880018472	-0.0626089472	0.260596839	0.0660326217	0.1950796099	0.2951910491	-0.0759939015	0.0499642712	-0.1242038795	0.0091575539835844	0.0228730950984754	8.386079496226252e-05	0.0005231784793838	0.2032739386176416	0.1903856100185521	0.0362466805021362	0.0413202941211287	-0.0061868424638547	0.0006696277516837	3.827701967255569e-05	4.4840132582496753e-07	-0.0032029934589343	-0.0008169871680346	1.0259167097975913e-05	6.674680327331958e-07	-0.0001612175543337	-8.988586747867488e-05	8.079469172393902e-09	2.5991099825339513e-08	0.0001357418373294	0.0002768277617691	7.66336096860896e-08	1.8425846401561293e-08	1.0	0.0	0.0	0.0	0.0	0.0	0.0	0.0	0.0	0.0	0.0
868.7342072494963	1.548564237696496	754699.1228454108	2.39805119827253	1095.95703737853	4.576917679583403	20.94817544568312	1201121.8277795247	804.9120547181157	0.1071470205423565	0.0114804840111041	647883.4158305388	849.3340517102343	669.8066259284277	1.478699	24.54266	0.2635405193185526	0.2064896848971859	-0.0047809612	-0.0824904429	0.0444491773	0.1994292466	0.0382306745	0.2350334524	-0.0229176483	0.0403611943	0.1007247577	0.0867109927	-0.0161236966	-0.1334943134	0.221824786	-0.0182489182	0.114222499	-0.1694998898	-0.040506429	-0.0840911037	0.0608693304	-0.0728824061	-0.0818394969	-0.0179677287	0.0382901031	-0.1504993752	0.1059994086	0.0898536661	0.2326444742	0.0499990981	0.0579870345	-0.1952759477	-0.0701772368	0.1584838656	0.0502071465	0.0238978887	0.079016635	-0.1285758576	-0.0282361321	-0.1077773694	-0.1062545874	-0.048495239	-0.2137820444	0.1478213954	-0.0745859617	0.0517969748	0.1295148766	0.0700678231	-0.020052579	-0.2255193489	0.1174788419	0.1350193464	0.1480844558	0.1146882716	-0.0907158387	-0.0114377144	-0.1873466385	0.1608138195	-0.1643216901	0.0442601199	-0.1310868562	-0.0066857165691089	-0.0158432705526933	4.4698806042457285e-05	0.0002510092218058	0.0022373262294337	-0.2010366123882078	0.0404157195205265	5.005628656912017e-06	-0.0058499651559174	0.0003368773079373	3.422209232544769e-05	1.1348632060308245e-07	-0.0037129912770245	-0.0005099978180901	1.3786304223260026e-05	2.600977744567644e-07	-7.336300751181746e-05	8.785454682188254e-05	7.718421397278351e-09	5.3821308711789845e-09	0.0004643646538116	0.0003286228164822	1.0799295551269369e-07	2.1563453170956718e-07	0.0	0.0	0.0	0.0	0.0	0.0	0.0	0.0	0.0	0.0	0.0
859.4397565082986	-9.294450741197693	738636.6950670436	86.38681458055034	1077.8350408585345	-18.12199651999549	328.4067578707287	1161728.3753025187	802.7157892061583	-2.1962655119573355	4.8235821990132175	644352.6382408655	842.820526778255	647.7856535661865	2.077859	34.48719	0.2891691232696037	0.1737523418092595	0.0217553061	0.0056029129	0.0829821459	-0.0973802794	0.1494009109	-0.0833270722	-0.066423947	0.0450857886	-0.2211205893	0.0685900658	0.1076397383	0.1959199004	0.2011585391	0.3149866792	-0.0956257419	0.0729143304	-0.1061594736	-0.1619812368	0.2696879254	0.0550077177	-0.1040469146	-0.152727838	0.0196480508	0.1284882045	0.1260596932	-0.0222818369	-0.1893161416	0.3560707141	-0.0048452546	-0.0835155577	-0.2723014389	-0.2542936194	0.274534636	0.0069941646	0.1053619836	-0.3113342537	0.0577907814	-0.0385322174	-0.0209342517	0.3928475976	-0.0464694135	-0.2589091738	0.0271204042	0.0184113027	-0.1932019845	-0.2399794903	-0.0926185067	0.1719985002	-0.415430516	-0.1161061573	0.3509995651	-0.1450069108	-0.0850434644	-0.0482147113	-0.0787865463	0.0294248128	0.0028736432	0.0384910108	-0.1372005631	0.0119548384411558	0.0186405550102647	0.0001429181621541	0.0003474702910907	0.0945266556924764	0.0922893294630426	0.008517320332738	0.0089352886364039	0.0077900139675932	0.0136399791235106	6.068431761529715e-05	0.0001860490304898	-0.0066670693831229	-0.0029540781060984	4.4449814159374766e-05	8.726577456929912e-06	4.9235943702097273e-05	0.0001225989512139	1.5030502838751844e-08	2.424178152236092e-09	0.000679672789955	0.0002153081361434	4.635759348954489e-08	4.6195510140521363e-07	0.0	1.0	0.0	0.0	0.0	0.0	0.0	0.0	0.0	0.0	0.0
859.2114846058886	-0.2282719024100288	738244.3752786551	0.0521080614298937	1079.1047979886414	1.269757130106882	1.6122831694572652	1164467.1650421063	801.699367707182	-1.0164214989763425	1.0331126635813146	642721.8761820954	844.0887108447629	671.7288187452265	2.90104	48.149918	0.8173096656499288	0.6002952322804702	-0.2162863686	0.1458201532	0.3040422604	-0.0878559569	0.181355208	0.0296699062	0.1966695788	0.1938996652	-0.3910569739	-0.1727359942	0.0922420076	0.5520344953	0.1229243145	0.080434472	0.08825238	0.0582223803	0.0877494889	0.2868171475	-0.0024815832	0.0826468211	0.0414951372	0.0732981688	0.2166678807	0.3278291029	0.2099522263	-0.0824319104	-0.2619828385	-0.0241412786	0.5498049309	-0.1897515817	0.1699233941	-0.2073119632	-0.2434298272	0.2130007425	-0.1002884925	0.0307865607	0.1595734503	0.1679174848	0.2098975881	0.4365469928	-0.0401394043	-0.0842439989	0.0958316624	0.3028508054	0.1280417977	0.0750101569	0.0279545176	0.2377024975	0.2539895463	0.1934866691	-0.144651647	0.0014923149	0.0557413929	0.1250616157	-0.2313102134	-0.1932872528	0.0805776773	0.0326654109	-0.1425091225	-0.0167375652887926	-0.0286924037299484	0.0002801460917965	0.0008232540318023	0.0476025126509114	-0.0469241430415649	0.0022018752001852	0.0022659992106801	-0.0766364444294822	-0.0844264583970754	0.0058731446147931	0.0071278268774731	0.0045508480365863	0.0112179174197091	2.071021785210138e-05	0.0001258416712354	0.0015210195027208	0.0014717835590187	2.16614684459776e-06	2.31350032765703e-06	0.0002240405590561	-0.0004556322308989	2.0760072983390855e-07	5.0194172102169837e-08	0.0	0.0	1.0	0.0	0.0	0.0	0.0	0.0	0.0	0.0	0.0
871.4281132044747	12.216628598586112	759386.9564831108	149.24601431579208	1091.2521653722545	12.147367383613071	147.55853435246672	1190831.2884296342	805.6852606377801	3.985892930598084	15.88734245419178	649128.7392089675	847.6269845497893	679.5726949975298	2.571267	42.676517	0.1350690610226406	0.0989848101801325	-0.1962456237	0.0441751078	0.0897828383	-0.0649067596	-0.1076250185	-0.0194542454	0.0572591804	0.1400047291	0.146159279	-0.1627709797	0.0730343585	-0.0492595686	-0.2494647797	0.0014699037	0.1625266318	-0.182079252	-0.1272823003	-0.0923347994	0.1747201971	0.0657607574	0.046462378	0.0106209466	0.1387781301	0.0823139577	-0.0925496776	0.0809580435	-0.0661427331	-0.144292236	-0.1313542445	-0.2396578032	0.0534682426	0.221982704	-0.0005682291	0.1707180366	-0.088332235	0.1784842361	-0.0212534578	-0.0017820545	0.0564409309	0.1172215631	0.0263456159	0.1469312256	-0.2428010285	0.0733907193	0.1632723207	-0.0638623776	0.1621175164	-0.1706633016	0.1069759808	-0.1008508472	0.1295760023	0.0794402358	0.0405663333	0.0367898389	-0.0766906669	0.0269014517	-0.0333187324	0.0267918699	-0.1469813818	-0.0126555550984619	0.0040820101903307	0.0001601630748502	1.6662807193963675e-05	0.0202773461484184	-0.027325166502493	0.0007466647243889	0.0004111707668227	-0.0709909059858802	0.0056455384436019	0.005039708732696	3.187210431818802e-05	0.002762917898213	-0.0017879301383732	7.63371531226574e-06	3.196694179703567e-06	0.0014536713754051	-6.734812731570014e-05	4.535770252931756e-09	2.113160467672155e-06	0.0001189919070208	-0.0001050486520353	1.1035219294433536e-08	1.4159073936446714e-08	0.0	0.0	0.0	1.0	0.0	0.0	0.0	0.0	0.0	0.0	0.0
865.1109340055718	-6.317179198902863	748416.9281359928	39.90675303105103	1081.9934527287717	-9.258712643482797	85.72375981458816	1170709.8317479286	804.0849081450336	-1.600352492746424	2.5611281010396936	646552.5395066072	845.0503780450041	665.9156140765629	1.308049	21.710293	0.085168889827249	0.0606225680433928	-0.1565335905	-0.010681246	0.0721460553	-0.0351488997	-0.1756516067	-0.1747644982	-0.0203108102	0.1357909965	0.0273191786	-0.0256691242	0.0100905447	0.1658240709	-0.1778240614	0.103473473	-0.1201269876	0.1056851261	-0.1447182262	-0.050538479	-0.0245890281	0.0518280949	-0.2016790977	0.0027040064	0.1132833455	-0.0097308824	-0.1142621931	-0.1208210087	-0.2027425891	0.0212388498	-0.1165474959	-0.0964419049	-0.0263263559	-0.089976223	0.2593068343	0.1439370403	-0.069449303	0.1722202474	-0.0662405624	0.0190477332	-0.1014871007	0.1361550532	0.0466196076	0.0352127266	-0.1658922037	0.00405347	-0.0280932173	-0.0346255666	0.1161414003	0.0231337339	-0.169293186	-0.180961001	0.0198325053	-0.0621108215	0.0665162098	0.0564162678	-0.1613791919	-0.001189974	0.0139472321	0.0208790082	-0.1505910958	-0.0093845878453322	0.0032709672531297	8.807048902675686e-05	1.069922677104686e-05	0.0462757403377054	0.025998394189287	0.0006759165004215	0.0021414441438027	-0.0711469280986776	-0.0001560221127974	0.0050618853778784	2.4342899681765258e-08	0.0016673964775783	-0.0010955214206346	2.7802110134405225e-06	1.2001671830694707e-06	0.0014536198580945	-5.1517310599999775e-08	2.654033291456849e-15	2.113010691846674e-06	0.0001382890945162	1.92971874954e-05	3.7238144523262204e-10	1.91238736621105e-08	0.0	0.0	0.0	0.0	0.0	0.0	0.0	0.0	0.0	0.0	0.0
870.2472051436588	5.136271138086954	757330.1980603493	26.38128120394505	1090.393166213739	8.399713484967378	70.55518662954282	1188957.2569256227	805.4236508090396	1.338742664005963	1.7922319204297827	648707.2572825617	848.5097381062591	677.9395243026115	1.050283	17.432039	0.1245868440653075	0.0523755364677079	-0.1607705102	-0.0598120972	0.039215063	-0.0546979913	-0.1978875672	-0.0331803175	-0.0837997909	0.1282150226	0.1633030607	-0.0395350896	-0.0567444096	0.0863569292	-0.1881414187	0.1363736518	-0.1432751813	-0.0141057863	0.0149673141	-0.0468082707	0.0455024991	-0.0879412497	0.1288426901	-0.0463732126	0.1235258912	-0.0361718094	-0.1874464831	-0.1178947016	-0.1171942647	0.0428281317	-0.108101789	-0.0542371886	0.1787685973	0.0546660035	0.1791850022	0.1397683192	-0.0653876816	0.1860417149	-0.0416761353	0.021195083	-0.0991970823	0.079265764	0.0749723365	-0.1239247115	-0.1821752538	-0.0665395075	-0.0220742109	-0.1780720911	0.202493253	-0.1308623488	0.0716802894	-0.0768544798	0.0169996032	0.1191485289	0.0755530811	0.0543411756	0.0198585609	0.0528838999	0.0470271933	0.0149355036	-0.1533170814	-0.0197076643157316	-0.0103230764703994	0.0003883920327815	0.0001065659078137	0.0711023760833171	0.0248266357456116	0.0006163618424452	0.0050555478846934	-0.089819441692569	-0.0186725135938913	0.0080675321059648	0.000348662763914	0.000973072261159	-0.0006943242164193	9.46869625437089e-07	4.82086117506275e-07	0.0010129338950288	-0.0004406859630657	1.942041180431435e-07	1.026035075698216e-06	-0.0001419930911069	-0.0002802821856231	7.855810357766188e-08	2.0162037922092405e-08	0.0	0.0	0.0	0.0	0.0	0.0	0.0	0.0	0.0	0.0	0.0
868.6748394203101	-1.5723657233486392	754595.9766419017	2.4723339679616894	1085.2921015004642	-5.101064713274809	26.02086120901741	1177858.945579294	805.3546701903512	-0.0689806186884425	0.0047583257546403	648596.1447974093	847.3751686656898	671.8010793054426	1.12262	18.632654	0.1414433108915387	0.0809428710241419	-0.1058253541	-0.102998165	0.0620819111	0.0036845522	-0.1944947303	-0.107177594	0.0245070251	0.0864087977	0.1796497946	-0.0389121889	-0.0408245751	0.1971608308	-0.1054973843	-0.0500338386	-0.1076296255	-0.0648035504	-0.0272249554	-0.2710239325	-7.2033e-06	-0.1935474934	-0.1369136235	-0.2012565852	0.079280784	-0.0539203419	-0.177672894	-0.0581246312	-0.1519062914	-0.0293092249	0.0082520343	-0.0563761845	-0.0343863717	0.0920287621	0.2420304882	0.0988949539	-0.0292651403	0.111989024	-0.0124760066	0.2135089766	-0.0210096722	-0.0140207702	0.0132611939	-0.0988618955	-0.0173275642	-0.0476134783	-0.1065509633	-0.0200269755	0.1766242043	-0.0596522283	-0.105097281	-0.0713289424	0.0142244788	-0.0480507719	-0.0806637401	0.0139880831	0.1586683992	-0.016911787	0.109730063	0.0089700792	-0.1551433414	-0.0067430168662099	0.0129646474495217	4.546827645799118e-05	0.0001680820834903	0.0471261840653625	-0.0239761920179545	0.0005748577836818	0.0022208772245624	-0.0710774618793266	0.0187419798132423	0.0050520055872071	0.0003512618073199	-0.0003240519923406	-0.0012971242534996	1.0500969373991229e-07	1.6825313290168943e-06	0.0008589804396759	-0.0001539534553528	2.3701666415097342e-08	7.378473957458026e-07	0.000122139032257	0.0002641321233638	6.976577859272248e-08	1.4917943200676485e-08	0.0	0.0	0.0	0.0	0.0	0.0	0.0	0.0	0.0	0.0	0.0
870.1731081625162	1.4982687422060508	757201.2381692141	2.244809223871701	1091.4320551137455	6.13995361328125	37.69903037324548	1191223.930929814	804.8187383424814	-0.5359318478697332	0.2872229455610669	647733.2015871836	848.4878767345879	683.0520432510891	0.92337	15.325596	0.0847881812320192	0.0594411316350416	-0.1007596048	-0.1054143347	0.0466229731	0.095685889	-0.2100065563	0.0366496669	0.0416112729	0.0886848788	0.1376265165	0.0068606151	-0.0686088135	0.1146204687	-0.0799920535	-0.0844240353	0.0391943928	-0.0669735458	0.057654566	0.0215018187	0.0064260117	0.0274044907	-0.0466643169	-0.0270000732	0.0872147744	-0.123407013	-0.0992169484	-0.0562247713	-0.0215750721	-0.1663031798	0.0782169072	-0.0797874177	0.0072809301	0.0521413235	0.0050561143	0.0838179353	-0.0232996445	0.1097506874	-0.020096328	0.1505874365	-0.0584402322	-0.1197916056	-0.0491640094	-0.0206222977	0.05406608	0.0033457879	-0.0361515958	0.0652110471	0.114801538	0.0101681539	-0.0500347286	-0.0020108898	-0.0624755653	-0.1163544796	0.010348905	-0.0325750209	0.1569918741	-0.0335521705	0.109231486	0.0029914899	-0.1560591586	-0.0030977511579521	0.0036452657082578	9.596062236593575e-06	1.328796208380024e-05	0.0428576815332348	-0.0042685025321277	1.8220113866780617e-05	0.0018367808664041	-0.0598426471456079	0.0112348147337187	0.0035811424173937	0.0001262210621009	-0.0013821594217956	-0.001058107429455	1.910364667258348e-06	1.1195913322678678e-06	0.0008512456453517	-7.734794324200074e-06	5.982704323767769e-11	7.246191487302321e-07	0.0003690887736361	0.0002469497413791	6.09841747672044e-08	1.3622652282420028e-07	0.0	0.0	0.0	0.0	0.0	0.0	0.0	0.0	0.0	0.0	0.0
867.3629979299837	-2.810110232532452	752318.570178089	7.89671951898359	1088.9655295200034	-2.4665255937420625	6.083748504584634	1185845.9244827814	803.7712411175204	-1.0474972249610346	1.0972504363010682	646048.2080475991	846.3423064757142	679.5990465976097	0.846043	14.042173	0.0341705738826882	0.0173533409662612	-0.0837261936	-0.1029883247	0.0449537311	0.050734556	-0.1659729984	-0.0223042546	0.0085359949	0.0637116979	0.0191507502	0.0589794211	-0.1309581304	0.0868357161	-0.0514277478	-0.0171541197	0.0895177228	-0.0722027169	0.0649600619	0.0503167227	0.0160710392	-0.0179690894	0.1532822571	-0.0072834004	0.0728074408	-0.0799229581	-0.0342955828	-0.0862150878	-0.0052347883	-0.0864738379	0.0103375333	-0.0884631259	-0.139658313	-0.0351571507	-0.0973033499	0.0781568163	-0.0205268537	0.1110682509	-0.0323984874	0.1551052683	-0.077825522	-0.0655810507	-0.1081381106	0.0577917569	0.0134414154	0.0937872405	-0.0446402047	0.0755767287	0.0182657342	-0.0052223883	-0.029184181	0.0012631607	-0.0609044734	-0.1142881924	0.1081628512	0.0868420739	0.240785703	0.0276969647	-0.0110659509	-0.0029914899	-0.1560591586	-0.0109696178015212	-0.007871866643569	0.0001203325147114	6.196628445413583e-05	0.0329876713822159	-0.0098700101510188	9.741710038121608e-05	0.001088186463221	-0.0716730307887232	-0.0118303836431152	0.0051370233424412	0.0001399579771432	-0.0013386641112754	4.34953105202e-05	1.7920216028167564e-06	1.8918420372486206e-09	0.0008247385085506	-2.650713680110001e-05	7.026283013922304e-10	6.80193607486268e-07	0.0003910525952145	2.196382157839999e-05	4.82409458327789e-10	1.529221322239956e-07	0.0	0.0	0.0	0.0	0.0	0.0	0.0	0.0	0.0	0.0	0.0
867.8022692250388	0.4392712950550503	753080.7784721267	0.1929592706593411	1090.4640879396532	1.4985584196497257	2.245677337103084	1189111.9270860597	804.4664386123707	0.6951974948502766	0.4832995568461004	647166.2508536711	848.2052360553569	673.0545773377289	0.924628	15.34649	0.0358932842363817	0.0155053350094709	-0.0857767866	-0.1000955355	0.0084024083	0.0767161078	-0.1425715797	0.0147187173	-0.0871498092	0.0514795952	0.1157286147	0.0169014702	-0.1094220739	-0.0883502081	-0.1099005323	0.023508656	0.0747613094	-0.0482249103	0.1594684395	-0.0710502996	0.1552102752	0.0479614134	-0.025751918	0.0501390121	0.0672628485	-0.116616988	-0.068703496	-0.0771112815	0.0547643943	-0.0522076774	-0.0863318092	-0.0434476474	0.0764182852	0.0742161092	-0.1028376581	0.0767156899	-0.0326237433	0.1404402622	-0.076326818	-0.017359204	-0.1545487292	-0.0753067876	-0.0284205238	-0.0069781626	-0.0380418013	0.0196989004	-0.04836575	0.0280392512	0.047719221	0.0606705254	-0.1299024319	-0.0390294176	-0.0909385027	0.0356716189	-0.0170271584	-0.0644510632	0.1631320221	0.001680388	0.0596336743	-0.0089700792	-0.1551433414	-0.0053025660029675	0.0056670517985536	2.811720621582673e-05	3.211547608749071e-05	0.0385054642939337	0.0055177929117177	3.0446038616603187e-05	0.0014826707804914	-0.0614825239979879	0.0101905067907352	0.0037801007571631	0.000103846428652	-0.0012342284695091	0.0001044356417662	1.5233199149467752e-06	1.0906803271138942e-08	0.0008746744762788	4.993596772820007e-05	2.4936008729518384e-09	7.65055439453593e-07	0.0005270396404275	0.0001359870452129	1.8492476465762497e-08	2.7777078258194844e-07	0.0	0.0	0.0	0.0	0.0	0.0	0.0	0.0	0.0	0.0	0.0
865.3513720085116	-2.45089721652721	748832.9970370134	6.006897165980825	1089.5103283241149	-0.9537596155382744	0.9096574042317168	1187032.7555249203	803.3065141389608	-1.1599244734098877	1.3454247840152047	645301.3556580883	847.8907969417304	677.9293972414893	1.11425	18.493731	0.0985012473874297	0.0516221971656828	-0.0943017417	-0.019239954	0.0536202581	0.0171424305	-0.0244975811	0.0752262896	-0.1120757192	0.0592256988	-0.0246230431	0.0160881935	-0.1906334958	-0.1534774775	0.0300548812	0.0329074539	-0.0472590872	-0.089347586	0.0624653278	-0.0314732831	0.0264920775	0.075213333	-0.0781699915	-0.2268110454	0.0744828648	-0.0365761251	0.0106605056	-0.1076464662	0.1710621747	0.0942897567	-0.022967559	-0.0071326069	0.0253377237	0.0928261383	0.0118793595	0.0781092785	-0.0485324752	0.1055330618	-0.0128644705	-0.092224928	-0.0367287641	-0.1027490212	0.0484508023	-0.0933441446	0.0854582852	-0.066594373	0.1214742498	0.1221765694	0.1563319718	0.1630109294	-0.1114312513	0.0379234223	0.1104999068	-0.2057431999	0.0422135436	-0.0361846318	-0.019096668	-0.1513184543	-0.0996704745	-0.0149355036	-0.1533170814	-0.014148145023384	-0.0088455790204165	0.0002001700076027	7.824426820643255e-05	0.0820715140755226	0.0435660497815889	0.0018980006935718	0.0067357334226487	-0.0481754394593636	0.0133070845386242	0.0023208729671028	0.000177078498918	-0.0009101269594983	0.0003241015100108	8.283310824056201e-07	1.050417887912807e-07	0.0007168391225234	-0.0001578353537554	2.4911998895092268e-08	5.13858327580118e-07	0.0003533258232577	-0.0001737138171697	3.0176490275702695e-08	1.2483913738073145e-07	0.0	0.0	0.0	0.0	0.0	0.0	0.0	0.0	0.0	0.0	0.0
865.4085265210067	0.0571545124951171	748931.9177752599	0.0032666382985545	1087.6342993564292	-1.87602896768567	3.519484687595761	1182948.3691365507	803.3935685234438	0.0870543844830535	0.0075784658577233	645441.2259448335	846.3468283945425	665.205325352179	1.16596	19.351984	0.088639488285446	0.0452774212241058	-0.0752156515	0.0822881881	0.0501456342	-0.0436687418	0.0965218801	0.080265272	-0.0843923198	0.0574203134	-0.1063605844	-0.1110152701	0.0630210206	-0.0371806123	-0.0543814766	-0.0637663368	-0.062530888	0.0964525577	0.11219385	-0.1735748561	0.0372753749	-0.1615328428	-0.071268483	0.1104320594	0.057949018	0.1402568484	0.046694178	0.0370961159	0.0484670563	-0.0097874839	0.0026654347	0.108881787	0.13260423	-0.005348466	0.1824913715	0.0639504755	-0.0411954601	0.0794507171	0.0373329795	-0.036010086	0.1863204206	-0.0704620203	0.0309305921	-0.0884089841	0.0710738995	-0.0238720663	0.0044818317	0.0057175895	0.1793649869	-0.0685351971	-0.141391837	0.1262314938	0.0398038323	0.11196639	-0.0388760235	-0.1348834327	0.1789388897	0.0412822361	-0.0087483316	-0.0208790082	-0.1505910958	-0.0192611883026643	-0.0051130432792802	0.0003709933748306	2.6143211575793425e-05	0.0470621638215789	-0.0350093502539437	0.0012256546052033	0.0022148472635691	-0.0362422109784716	0.011933228480892	0.001313497856608	0.0001424019419771	-0.0012047720344402	-0.0002946450749419	1.4514756549691785e-06	8.681572018751793e-08	0.0009161446617163	0.0001993055391928	3.9722697952972586e-08	8.393210411912736e-07	0.0005910525345495	0.0002377267112918	5.651398926161485e-08	3.493430985973879e-07	0.0	0.0	0.0	0.0	0.0	0.0	0.0	0.0	0.0	0.0	0.0
866.2266178214904	0.8180913004837294	750348.5534224585	0.6692733759271595	1086.963376029593	-0.6709233268361459	0.4501381104928818	1181489.3808296504	803.5636931293647	0.1701246059208188	0.0289423815397138	645714.6089157037	846.9473247953331	663.0820659173502	1.198834	19.8976	0.0999221435220485	0.0723437368009046	-0.0273178057	0.0823412554	0.03979121	-0.0456329489	0.0242752886	-0.0421832321	0.0361333291	0.0190412053	-0.0785380501	-0.0790224181	0.1264866026	-0.1615085203	-0.0231872734	-0.0924292938	-0.0689641951	-0.0967978857	-0.0336002491	0.1603446223	-0.0674309378	-0.0044775321	-0.0262781063	-0.0056428356	0.0236048068	0.0973253026	0.0430058771	0.1301165093	0.0547364605	-0.1244453217	-0.1032607817	0.0300517306	-0.0489104751	-0.0689767127	-0.0546878571	0.0280492422	-0.0114601671	0.0468792893	0.0227942192	0.0308353585	0.1773216437	-0.0484098615	0.0234381813	0.1843970381	-0.0307857472	0.1031294491	0.0318731502	0.0655460875	-0.1644795482	-0.0095550377	-0.062748523	0.0778315162	-0.0493527308	-0.1458850721	-0.0063214794	-0.2021162483	0.1381301932	-0.1072613655	-0.0334555786	-0.0267918699	-0.1469813818	-0.0195211956893786	-0.0002600073867143	0.000381077081143	6.760384114600088e-08	0.0504008312940982	0.0033386674725192	1.1146700492058398e-05	0.0025402437951361	-0.0242492895651267	0.0119929214133449	0.0005880280444133	0.0001438301640266	-0.0025256998015072	-0.001320927767067	6.379159487333511e-06	1.744850165808611e-06	0.0006096795719405	-0.0003064650897758	9.392085125128917e-08	3.717091804415513e-07	0.0006502706226961	5.921808814659992e-05	3.506781963738478e-09	4.228518827415736e-07	0.0	0.0	0.0	0.0	0.0	0.0	0.0	0.0	0.0	0.0	0.0
866.1004891474854	-0.1261286740050309	750130.0573015135	0.0159084424062673	1091.116829168601	4.153453139007979	17.251172977935237	1190535.9348949422	804.129776736931	0.5660836075663838	0.3204506507553716	646624.6978349865	847.8348474100934	655.3928126338366	1.125048	18.672947	0.1671231831630625	0.1009322013613831	-0.0039116061	-0.0071784794	-0.0543963363	-0.0949959769	-0.1222328005	-0.1228780475	-0.0057189852	-0.0013760932	0.0396791204	0.0493824649	0.0377896225	-0.0496389588	-0.1439359887	0.0215651644	-0.0871281462	-0.0836642339	-0.0077566007	0.1612618963	0.0609757245	-0.0842737669	-0.1683087305	0.0914790871	-0.0019923717	-0.0511477137	-0.1034656171	-0.0116182263	-0.0955787294	-0.0788649262	-0.1649216913	0.090225029	0.0705569174	-0.1495303494	-0.050741422	0.0047347943	0.0058047524	0.0598749898	-0.0626517667	-0.0101777608	-0.0361762741	-0.0484899277	0.0488905708	0.1730724167	-0.1637456782	-0.0238803165	0.0256232169	-0.0073605579	-0.1927947165	-0.0063201596	-0.0704596296	-0.0115417622	-0.1727466516	-0.0024781236	0.0227257272	-0.1834033495	-0.1514385549	-0.068247806	-0.1289791814	-0.0326654109	-0.1425091225	-0.0586829763438601	-0.0391617806544815	0.003443691712574	0.0015336450640297	0.0272112535058823	-0.0231895777882158	0.0005377565179957	0.0007404523173613	-0.0406117495817568	-0.0163624600166301	0.0016493142040913	0.0002677300977958	-0.0042562230201663	-0.001730523218659	1.811543439739354e-05	2.9947106103182507e-06	0.0006080419609733	-1.63761096719998e-06	2.6817696798936546e-12	3.697150263042561e-07	0.0006862970871445	3.602646444840008e-05	1.2979061406518348e-09	4.710036918230255e-07	0.0	0.0	0.0	0.0	0.0	0.0	0.0	0.0	0.0	0.0	0.0
864.1812685872497	-1.919220560235658	746809.2649770683	3.683407558831273	1091.56849232658	0.4516631579790555	0.2039996082756132	1191521.773440123	802.7884029866798	-1.3413737502512504	1.7992835378631038	644469.2199699038	847.4587434348147	662.9542759704227	1.262908	20.961079	0.1784957172291376	0.0846577119859135	0.0256847202	-0.1069621229	-0.0693056402	0.0420771711	-0.1243776797	-0.0232597316	-0.1426632741	-0.0356126789	0.0426368698	0.1243122509	-0.1690261023	-0.0549501485	-0.0510105396	0.0343952565	-0.0560720497	0.093956833	0.1373639025	0.080114153	-0.0642711242	0.0396294755	-0.0095735045	0.0725815479	-0.0153787012	-0.1525160931	-0.0533393419	-0.1496872489	0.0596970107	0.0442779944	-0.0384420084	0.1403718768	0.0936766561	-0.056327396	-0.1383839457	-0.0106715919	0.0184010828	0.0410190394	-0.0797010837	-0.0476212622	-0.1826806013	-0.0165827687	-0.0305354215	-0.0399461951	-0.0664039789	-0.0609316347	0.0645609572	-0.0428037929	-0.059202471	0.1852008057	0.0857510686	0.1360297663	-0.0554150865	0.0522422275	-0.0360173284	-0.1709781286	-0.0090192615	0.104423	-0.0591932418	-0.0384910108	-0.1372005631	-0.0391449079031076	0.0195380684407524	0.0015323238147427	0.0003817361183955	0.0918975596208895	0.0646863061150072	0.0041843181988044	0.0084451614642749	-0.0223330578776739	0.0182786917040829	0.0004987654741675	0.0003341105704129	-0.0037111391745493	0.000545083845617	1.377255397287446e-05	2.971163987526176e-07	0.0012961995420206	0.0006881575810472	4.735608563528711e-07	1.6801332527344129e-06	0.0009729086798661	0.0002866115927216	8.21462050824123e-08	9.465512993587976e-07	0.0	0.0	0.0	0.0	0.0	0.0	0.0	0.0	0.0	0.0	0.0
864.3227384711105	0.1414698838607364	747053.7962381997	0.0200137280395702	1089.7655065567767	-1.8029857698033995	3.2507576861135563	1187588.859280948	802.5349964988193	-0.2534064878605022	0.0642148480897948	644062.4206053598	846.0961344535443	654.9207996162208	1.167404	19.375942	0.1056630060306998	0.076560817388426	0.0390452777	0.0061001449	-0.0061643312	0.0330534917	0.1540623952	0.0741346328	-0.0357121111	-0.0186385053	-0.1036275888	0.0221536543	-0.0371236343	-0.095092167	0.0823826891	-0.0081657695	-0.0672543325	0.044503422	0.0608772335	0.0025472889	0.0326146415	0.103223712	-0.0507534657	0.0063529925	-0.0227585674	0.0410512234	0.1039258725	-0.0282643731	0.0736022854	0.1440102704	0.0369831463	0.0167025294	0.0237539945	0.0638271576	0.119884631	-0.0278729561	0.0186984724	-0.0236728503	-0.0153305044	-0.0982522736	-0.0154548365	-0.0184341551	0.0802880639	-0.0837538367	-0.0292774163	-0.1368527587	0.1405536436	0.0228111275	0.0549479123	0.096557536	-0.0032600114	0.238276292	0.115502155	0.0204164227	-0.0276044316	-0.140969259	-0.1454194133	-0.0056302592	-0.1690949039	-0.0442601199	-0.1310868562	-0.0389040841758969	0.0002408237272107	0.0015135277655652	5.799606758765485e-08	0.0919788024040144	8.12427831249074e-05	6.600389809880739e-09	0.0084601000916767	-0.0147031087593347	0.0076299491183391	0.0002161814071888	5.821612354844511e-05	-0.0051206807786017	-0.0014095416040524	2.6221371636340915e-05	1.9868075335546138e-06	0.0010387804989699	-0.0002574190430507	6.626456372513815e-08	1.079064925040154e-06	0.0012601678408035	0.0002872591609373	8.251782554245902e-08	1.5880229869953552e-06	0.0	0.0	0.0	0.0	0.0	0.0	0.0	0.0	0.0	0.0	0.0
864.0946566185585	-0.2280818525520089	746659.5755967444	0.0520213314635563	1087.6170769363152	-2.1484296204614566	4.615749834076159	1182910.9060434946	803.1615201207986	0.6265236219793451	0.3925318488981173	645068.427402752	846.3433101033495	653.1379664524181	1.055671	17.521469	0.1166181557340354	0.0491853927700298	0.0452382438	0.0819607026	0.0026136276	0.0162188371	0.0871606185	0.0373593385	0.0166404768	-0.0545953173	-0.0913960294	-0.0487287611	0.0712029824	-0.097045276	0.0402380153	-0.1433283296	-0.0675769109	0.0427560828	0.0596116241	-0.0099513704	0.0059268072	0.0244314496	0.1341876602	0.1535428667	-0.0383292968	0.0777712701	0.0705758147	0.0873652718	0.0480858401	-0.0555209578	0.0021710196	0.1233096318	0.0153531343	0.0083470615	0.0286370123	-0.0404169646	0.0146342242	-0.0450794258	0.0442049661	0.0043727265	0.186672259	-0.0002271018	0.0523222934	-0.0196164579	0.0492545741	-0.0310299796	0.0323803199	0.0132142864	-0.0055080588	0.0305979743	-0.0604328928	0.1231842601	0.0075165309	0.1444154211	-0.1275362774	-0.1241677356	0.0584735779	0.0929173805	-0.0978143916	-0.0499642712	-0.1242038795	-0.0228326961441496	0.0160713880317472	0.000521332013211	0.0002582895132669	0.0643443482700689	-0.0276344541339455	0.0007636630552811	0.0041401951542999	-0.0215471994731473	-0.0068440907138125	0.0004642818051355	4.684157769889584e-05	-0.0046652667729947	0.000455414005607	2.176471406320838e-05	2.0740191650301306e-07	0.000607076971786	-0.0004317035271838	1.8636793538302025e-07	3.685424496728598e-07	0.0008259209165038	-0.0004342469242996	1.885703912637493e-07	6.82145360318477e-07	0.0	0.0	0.0	0.0	0.0	0.0	0.0	0.0	0.0	0.0	0.0
865.6969667003304	1.602310081771975	749431.238154153	2.5673975981481134	1092.2857159473856	4.668639011070354	21.79619021568797	1193088.0852626928	804.7819823237477	1.6204622029490563	2.625897751186509	647674.0390729409	849.0542990875874	653.002009734914	0.983956	16.331179	0.0606784546136142	0.0297847316546342	0.0685840943	0.0631838203	-0.0320910424	-0.021098524	0.0206550744	0.0535329505	0.1230017872	-0.0498662535	0.0530835773	-0.1171952492	0.2081095415	-0.0579155754	-0.0092462305	-0.137645315	0.0478815812	-0.1240327886	0.050443905	0.1284588788	0.014493729	0.0993450939	0.0569711617	0.0855199881	-0.0582674373	0.0628675788	-0.0216891238	0.1998566177	-0.0367871234	-0.1635914887	-0.0404082825	-0.0114485732	0.047394472	0.08434189	-0.0403203417	-0.0553665514	0.0175035174	-0.021504633	0.01231886	0.075096712	0.1138489767	0.0193194923	0.1083752377	0.0902662316	-0.0980425335	-0.0851458362	0.0531688	-0.0533246399	-0.2041940762	0.011109804	0.0716017918	0.0152938527	0.0913916086	0.1014537553	-0.1265267065	-0.0430960321	0.0078106856	0.0391862206	-0.0150631201	-0.055595093	-0.1165920251	-0.0263329137653158	-0.0035002176211661	0.0006934223473715	1.225152339552236e-05	0.0760512512001554	0.0117069029300865	0.0001370515762144	0.0057837928091091	-0.0438247710911738	-0.0222775716180265	0.0019206105611937	0.0004962901971963	-0.0050602499363198	-0.000394983163325	2.5606129418024537e-05	1.5601169931030245e-07	0.0006070887245444	1.1752758400057454e-08	1.3812733001012106e-16	3.685567194689464e-07	0.0007570405837006	-6.888033280320004e-05	4.744500247079596e-09	5.731104453697451e-07	0.0	0.0	0.0	0.0	0.0	0.0	0.0	0.0	0.0	0.0	0.0
865.890569218295	0.1936025179645639	749766.477861183	0.0374819349622193	1092.9127229784356	0.6270070310499705	0.3931378169860986	1194458.2200481386	803.8209877136819	-0.960994610065768	0.9235106405754576	646128.1802889992	848.3159985089479	650.9416384487539	1.026986	17.045359	0.0460623641451825	0.0216337824608835	0.0740788118	-0.0277325425	-0.0736449841	-0.0034043154	-0.1432520245	-0.0775202619	0.1232843859	-0.0650727945	0.0585128696	0.0279865024	0.0614851938	0.056146922	-0.0791964397	-0.1589254446	-0.0717508587	-0.0305169662	-0.0407963744	0.0909497079	0.0323583976	0.0998516635	0.1292241086	-0.0424026563	-0.0675092031	-0.0585243052	-0.0646928799	0.0429543551	-0.0697170056	-0.1917126072	-0.0036016029	0.0741374634	-0.0298207772	-0.0565499479	-0.0001167897	-0.06709687	0.0104206646	0.0147499529	0.0023088028	0.1573698592	-0.006608323	-0.0003512575	0.0309024935	0.0908706723	-0.0730761842	-0.0444920144	0.0189526633	0.0157642229	-0.2092424922	0.0389851783	-0.0312943571	-0.0257215526	-0.0066218187	0.1311482275	0.0276563237	0.0194747134	-0.0246997726	0.0952614868	-0.0632370716	-0.0611443214	-0.1082959623	-0.0224575552864791	0.0038753584788366	0.0005043417894452	1.5018403339491488e-05	0.0679813417575445	-0.0080699094426109	6.512343841194067e-05	0.004621462827156	-0.0519542739000087	-0.0081295028088348	0.0026992465764771	6.60888159188545e-05	-0.0051269348719638	-6.668493564400066e-05	2.628546118135847e-05	4.4468806418445096e-09	0.0009447691211303	0.0003376803965859	1.140280502384107e-07	8.925886922413196e-07	0.0008724271197687	0.0001153865360681	1.3314052705794954e-08	7.611290793079096e-07	0.0	0.0	0.0	0.0	0.0	0.0	0.0	0.0	0.0	0.0	0.0
865.3110374811366	-0.5795317371583906	748763.1915866811	0.3358570343738219	1090.836368498255	-2.0763544801804983	4.311247927365628	1189923.982838461	803.4550043332998	-0.3659833803820902	0.1339438347159017	645539.9439882229	846.9259005986788	654.1445983776672	1.02037	16.935553	0.0398434382049877	0.0214896238218902	0.0858291224	-0.0756159362	-0.1036864689	0.0369289721	-0.1307266175	-0.0591950379	0.0441626043	-0.1018093128	0.0625072298	0.0795987445	-0.0551062462	-0.0207620905	-0.1305251281	0.0856893341	0.1055136114	0.0356947415	0.0487762813	0.0465135704	-0.0244448509	0.1091295029	-0.0957393721	0.0631477982	-0.0873361486	-0.124698452	-0.0531732105	-0.0625519674	-0.0270123471	-0.0144119673	-0.0822911388	-0.0149867523	-1.01219e-05	-0.0378703762	-0.1204988935	-0.0812062612	0.0086447673	0.0272224509	-0.0752698803	0.0001233486	-0.1606434032	-0.0431241101	-0.0228566751	0.0378569224	-0.0633599177	-0.0448541803	0.0506354291	0.0792948205	-0.113587113	0.0927798874	-0.0258211681	0.0016090258	0.0269918171	0.1220163153	0.0444962574	-0.081346594	-0.0526583945	0.0631024054	0.1547739393	-0.066603812	-0.0993643757	-0.0227759760581278	-0.0003184207716486	0.0005187450854004	1.013917878173533e-07	0.0759283703522726	0.007947028594728	6.3155263485426e-05	0.0057651174243518	-0.0433389214259278	0.0086153524740809	0.0018782621103627	7.422429825265188e-05	-0.0051207524331725	6.182438791300579e-06	2.622210548184208e-05	3.822254940817816e-11	0.0006070661853991	-0.0003377029357312	1.1404327280147102e-07	3.685293534550145e-07	0.0007570597670006	-0.0001153673527681	1.3309626084719232e-08	5.731394908110028e-07	0.0	0.0	0.0	0.0	0.0	0.0	0.0	0.0	0.0	0.0	0.0
864.7410588413578	-0.5699786397788102	747777.0988460727	0.3248756498041027	1092.5363790793497	1.7000105810946025	2.890035975833608	1193635.7396118164	803.1247787230268	-0.3302256102730325	0.1090489536801967	645009.4101989107	848.2387804429852	664.0245106639089	1.030657	17.106295	0.0942590013871133	0.0572021231120084	0.0977754097	-0.040453432	-0.095562708	0.0893532729	-0.0008939477	0.0557394109	-0.102646406	-0.0911570464	0.0608706233	0.1012538773	-0.129853738	-0.0931521496	0.0308414317	0.0840222796	0.0003009248	0.0771858061	0.0123448904	0.2019197547	0.0684904566	0.0581224618	-0.0917999558	-0.1293363091	-0.0895291691	-0.1315698463	0.0115199598	-0.0927279304	0.1208916705	0.0960783859	-0.0119788899	0.0386864997	0.0568019847	0.0296665533	-0.1058689421	-0.0970998262	0.0168539946	-0.028825698	-0.0221241344	-0.1188661289	-0.0965580421	-0.011608829	0.0547619966	-0.0446419984	0.0143423916	-0.1071072909	0.2019305191	0.1567174301	-0.0079067999	0.1714401597	0.0973424981	-0.0062798239	0.032176266	0.0214279863	-0.1029756888	0.1143434999	0.0504962138	0.1157754391	0.0101227289	-0.0719655524	-0.0898496795	-0.0224945367535838	0.000281439304544	0.0005060041837583	7.92080821422118e-08	0.0993829470197766	0.023454576667504	0.0005501171666518	0.0098769701583357	-0.0475014142462981	-0.0041624928203702	0.0022563843553984	1.7326346479634263e-05	-0.0061518601416362	-0.0010311077084636	3.784538320225216e-05	1.0631831064532623e-06	0.000604774115666	-2.2920697331000293e-06	5.25358366139324e-12	3.657517309795923e-07	0.0010508698406977	0.0002938100736971	8.63243594058954e-08	1.1043274220880096e-06	0.0	0.0	0.0	0.0	0.0	0.0	0.0	0.0	0.0	0.0	0.0
862.5288795431246	-2.212179298233196	743956.068045918	4.893737247531512	1092.0094566970574	-0.5269223822922413	0.2776471969605309	1192484.6535158025	802.853721397866	-0.2710573251607684	0.0734720735233105	644574.0979624023	847.4301650207167	653.4693902859817	1.221442	20.272844	0.0619137153630348	0.0293277410051729	0.1148706755	0.0517824807	-0.0550079827	-0.0086219163	0.1405972894	0.1087084797	0.0572579436	-0.1104115953	-0.0496272878	-0.071154578	0.13605696	-0.0298889122	-0.0794957753	0.0060797642	-0.2604975786	0.0626191263	0.2922361518	0.0486804399	0.0333553128	0.0510852918	-0.0159336654	-0.0868790888	-0.10714301	0.0800821922	0.0511678411	0.0970476989	-0.0479602731	0.0075653638	0.0464916034	0.1388172281	0.2555793111	0.0771303514	0.0649682698	-0.1092794001	0.013304575	-0.0179092496	0.0426743012	0.0151966676	0.1194913397	0.0240538154	0.1988247508	-0.0151852714	-0.0291617438	-0.1707723603	0.108382429	-0.0216079882	-0.1124979138	0.093615704	0.0277886286	-0.1529913791	-0.148948686	0.1409187493	-0.1334988353	0.2306763906	-0.0431908678	0.0493396473	0.0790362378	-0.0772216734	-0.0798077096	-0.0221784356274383	0.0003161011261454	0.0004918830068804	9.991992195045297e-08	0.0957736965966518	-0.0036092504231247	1.30266886168265e-05	0.0091726009597875	-0.0656703787824426	-0.0181689645361445	0.0043125986494294	0.0003301112723156	-0.0064049534243861	-0.0002530932827499	4.102342836855522e-05	6.40562097731209e-08	0.0009542650878613	0.0003494909721953	1.2214393964601596e-07	9.106218579109346e-07	0.0008570661100905	-0.0001938037306072	3.755988599726817e-08	7.345623170656612e-07	0.0	0.0	0.0	0.0	0.0	0.0	0.0	0.0	0.0	0.0	0.0
864.0511920292884	1.5223124861637416	746584.4624472342	2.317435305530032	1088.694993066006	-3.314463631051467	10.985669161562877	1185256.7879269908	803.0271753636204	0.1734539657543337	0.0300862782359055	644852.6443724746	846.2827437989088	649.6503241158821	1.169839	19.416363	0.1561792808663779	0.0783435700412738	0.1274823138	-0.0072151009	-0.1260152087	0.0225435852	-0.1019803054	-0.1483498085	0.1520517425	-0.1293206763	-0.0443155	0.0409447503	0.0371086512	0.0338947305	-0.0128519633	-0.1166955603	0.1365012124	-0.0735964103	-0.0869007543	0.0992174936	0.0241077923	0.0762983353	0.0320513331	-0.0741405014	-0.1308458833	-0.024775425	-0.0021821739	0.0089317644	-0.0732134782	-0.1850809551	-0.0086213161	0.0413875445	-0.1489522245	-0.0926882447	-0.2109284827	-0.1285362945	0.0153864766	-0.0194769305	-0.0124880504	0.1360848301	-0.034055418	-0.0272316453	-0.0267218571	0.1076940125	0.0256733322	0.0393534199	0.0837119069	0.1363444485	-0.1887046099	0.0933345776	-0.008482137	-0.0774119189	0.1780839026	-0.0488954949	0.0158703226	-0.0653370412	-0.0407497179	-0.0835512096	0.1199977375	-0.0823644609	-0.0692973963	-0.0192531893531793	0.002925246274259	0.0003706853002693	8.557065765066163e-06	0.0421954731557576	-0.0535782234408942	0.0028706260270823	0.0017804579548382	-0.0257890236085529	0.0398813551738897	0.0006650737386824	0.0015905224905059	-0.0066393985083352	-0.0002344450839491	4.408161255248368e-05	5.4964497387900576e-08	0.0005069527461398	-0.0004473123417215	2.00088331056372e-07	2.570010868186845e-07	0.0013711978039666	0.0005141316938761	2.6433139864790786e-07	1.8801834176028269e-06	0.0	0.0	0.0	0.0	0.0	0.0	0.0	0.0	0.0	0.0	0.0
864.7624241801042	0.7112321508158175	747814.0502738504	0.5058511723540937	1090.434656987425	1.7396639214189236	3.0264305594866667	1189047.7411592829	803.8830903964027	0.8559150327823772	0.7325905433428579	646228.023025271	847.5993141281418	649.5324314196367	1.201931	19.949011	0.0527934507146502	0.0290292333958734	0.1348660761	0.0439355081	-0.1420079199	0.0676917318	0.040263824	-0.005762945	-0.0611558677	-0.1326401466	0.0548567929	0.0596612199	-0.0392756236	0.0046131863	0.0735785776	0.0905926177	0.0652251361	0.1385524322	-0.0542892765	-0.0970881036	-0.0707572557	-0.032420088	-0.0008828297	-0.1303125842	-0.1411422627	-0.0600500876	0.008257324	-0.0301748395	0.0609116723	0.1479447097	-0.0328033608	-0.0887751281	-0.0597152898	-0.0147453071	-0.0015729478	-0.1416308833	0.0068329702	-0.0227172247	-0.0089550335	-0.1414787068	-0.0819084528	-0.0029811547	-0.0254409506	0.0125448026	0.0043230936	0.0258137757	0.0923184197	0.1727215494	0.0469267243	0.0625971616	-0.0943896148	0.0430120625	0.0432907114	9.66874e-05	0.0232969269	0.072308349	0.0185089762	-0.0014627057	0.148140971	-0.0873863672	-0.0583804184	-0.0196642222376368	-0.0004110328844575	0.0003866816362111	1.6894803210545457e-07	0.0517428415780614	0.0095473684223038	9.115224379120382e-05	0.0026773216545723	-0.017989414626399	0.0077996089821538	0.0003236190386004	6.0833900274495786e-05	-0.0071169378105631	-0.0004775393022279	5.06508037994227e-05	2.280437851723102e-07	0.0006020837206546	9.513097451480004e-05	9.049902312135534e-09	3.625048066772864e-07	0.0012431592721946	-0.000128038531772	1.6393865618329493e-08	1.5454449760434074e-06	0.0	0.0	0.0	0.0	0.0	0.0	0.0	0.0	0.0	0.0	0.0
866.1300797974548	1.3676556173505787	750181.3151299453	1.8704818876705929	1088.8761356541368	-1.5585213332881267	2.4289887463142	1185651.238797086	804.153189018225	0.2700986218222851	0.0729532655102978	646662.3514081811	847.6867784898602	651.0663723832852	0.907592	15.06373	0.125310174352832	0.0720296676068052	0.1434936917	0.0803676399	-0.0900174445	0.0307548559	0.1683797307	0.0135676185	-0.0592873677	-0.1399842779	0.0061024572	0.0038180709	0.0853650351	-0.0855171155	0.0625949059	0.0727717666	-0.0649245928	-0.044317016	0.1254583489	0.0022179295	0.0381487643	0.0363743486	0.1356926012	-0.1503433127	-0.1386662983	0.0326862418	0.0646761551	0.0559038158	0.0353538425	0.114584179	-0.0570757561	0.0812731126	0.1076595913	0.1350696864	0.016830298	-0.1534371057	0.0084540418	-0.0453253736	0.0438572087	-0.1491104188	0.0271957453	0.02164382	0.0872537196	-0.0737677224	0.0173485731	-0.1114280108	0.1431422529	0.0472108011	0.0733343654	0.0056157213	-0.0340722435	0.0566316532	-0.0073879601	-0.0138256109	-0.0259633056	0.1918241485	0.0470849767	0.1086399969	0.1655460591	-0.092280022	-0.0471208409	-0.0221493331653732	-0.0024851109277364	0.0004905929596707	6.175776323154872e-06	0.1150410745268999	0.0632982329488385	0.0040066662944454	0.0132344488283037	-0.0400873622002961	-0.0220979475738971	0.0016069966081777	0.0004883192869787	-0.0069709880002909	0.0001459498102722	4.859467370019972e-05	2.1301347118491262e-08	0.0009057198588022	0.0003036361381475	9.21949043891884e-08	8.203284626286771e-07	0.0009441675625672	-0.0002989917096274	8.939604242591549e-08	8.914523862040874e-07	0.0	0.0	0.0	0.0	0.0	0.0	0.0	0.0	0.0	0.0	0.0
864.7116184045542	-1.4184613929005536	747726.1830038234	2.012032723149378	1093.1149859819257	4.238850327788896	17.96785210139603	1194900.3725782656	803.4865089735417	-0.6666800446832895	0.4444622819789128	645590.5701024893	847.857370945169	658.8831914880791	1.066937	17.70845	0.0734112085865107	0.0443463516987426	0.1532220633	0.0753365452	-0.1159803966	-0.015617995	0.0976624027	0.0294600566	0.1202127479	-0.183391193	0.0269529464	-0.0625148233	0.1190096785	0.0533781367	0.0330076984	-0.1244616489	-0.1714325838	0.0689219609	0.0592016209	-0.0764441755	-0.1855597645	-0.0684148076	0.0178153874	-0.122633469	-0.1804012731	0.0517737052	-0.0283227212	0.1145233912	-0.0528318258	-0.023074395	0.0405052559	0.0930972837	0.0910428011	0.1105489294	0.1661947776	-0.1657975046	-0.005340665	0.0014965305	0.0279643048	0.0912412424	0.0957676128	-0.0196282125	0.1476750542	0.019084163	-0.0180352666	-0.1144049645	0.0125916345	0.0245405806	-0.0646141425	-0.0092999978	-0.0568054627	-0.1522788374	-0.0544399364	0.0473740022	-0.0934725202	0.1647185119	-0.0077316939	-0.0219073613	0.0363094343	-0.0970382431	-0.0355847396	-0.0222482264787089	-9.889331333569688e-05	0.0004949835814479	9.77988742251232e-09	0.0727819157455655	-0.0422591587813344	0.001785836500906	0.0052972072595945	-0.0282904085412454	0.0117969536590507	0.0008003472154305	0.0001391681156337	-0.0068289225999799	0.0001420654003109	4.663418387651624e-05	2.018257796552464e-08	0.00096491452653	5.919466772780007e-05	3.504008687404655e-09	9.31060043508614e-07	0.0007603035739502	-0.0001838639886169	3.3805966310152285e-08	5.780615245614473e-07	0.0	0.0	0.0	0.0	0.0	0.0	0.0	0.0	0.0	0.0	0.0
863.5957486465765	-1.115869757977748	745797.6170804409	1.2451653167693182	1093.0768430115747	-0.0381429703509184	0.001454886187191	1194816.9847281508	802.9457159011694	-0.5407930723723666	0.2924571471259438	644721.8226840413	847.9144539868507	651.0357165997093	1.137731	18.883453	0.0478829573524881	0.0231834191810442	0.1983660544	-0.0382200531	-0.1736018447	0.0539162911	-0.0523091006	-0.0306612639	0.1142194223	-0.202677706	0.0627560032	0.067774245	0.0004844401	0.0705386725	-0.0105140814	-0.1142017012	-0.0013826305	0.0082218391	-0.1816314767	0.1696325308	-0.0591808938	0.0681117236	0.0093478071	-0.0651611834	-0.2056369016	-0.1042646035	-0.0417395487	0.0219090498	-0.0402096293	-0.0996882952	0.0459584042	0.0480150174	-0.0409388078	-0.0355327953	0.0283932798	-0.1922081839	0.0218425513	-0.0409319881	-0.0086136352	0.1970643953	-0.0897662644	0.0776056926	-0.0910186987	-0.0124263333	-0.019759331	0.0253418002	0.0378644745	0.0448447866	-0.0592824426	-0.1031117143	0.1285162582	-0.1225954292	0.1786759535	-0.0232576025	0.0340171539	-0.0954608886	0.1399373973	0.0341717181	-0.0032021318	-0.1016540472	-0.023839813	-0.0336814089400121	-0.0114331824613032	0.0011344373081843	0.0001307176611934	0.0731754467006027	0.0003935309550372	1.5486661257249477e-07	0.0053546459998327	-0.0144422122130976	0.0138481963281477	0.0002085774936081	0.0001917725415429	-0.0070439818215792	-0.0002150592215992	4.961767990273823e-05	4.6250468794896724e-08	0.0009092240929526	-5.569043357740006e-05	3.101424392038808e-09	8.266884512054781e-07	0.0009337148709335	0.0001734112969832	3.0071477921430275e-08	8.718234602023626e-07	0.0	0.0	0.0	0.0	0.0	0.0	0.0	0.0	0.0	0.0	0.0
862.3756050082642	-1.2201436383122657	743691.6841133697	1.4887504981138926	1089.1719434144068	-3.9048995971679688	15.248240863962565	1186295.5223211157	801.3614614799475	-1.5842544212218854	2.5098620711610917	642180.1919452774	845.32925732563	647.1351120423626	1.246416	20.687355	0.1342475687362559	0.0977660427847978	0.2240474007	0.04033881	-0.181637455	0.11533054	0.1052745681	-0.0028272784	0.0294457719	-0.2132395373	-0.083288465	0.1398650124	-0.0348818997	-0.0161211562	0.0861739015	0.0218205612	0.1114720335	0.1329015134	0.0112871836	0.0270385499	0.0208852728	-0.1503163182	-0.0303165799	-0.0603913745	-0.2104373283	-0.0658674206	0.1110530554	-0.0318359521	0.0514239758	0.0885903531	0.0447775797	0.0034786795	-0.1156163592	-0.1294663386	-0.0645611183	-0.215428045	0.0327321886	-0.1171730491	0.0027954274	-0.0919801107	-0.0490877982	0.1512216931	-0.1202134923	-0.0011404808	-0.0299555131	0.1138018456	0.0396345211	0.1401204355	0.1823529232	-0.0625139358	0.1441637781	-0.037857444	-0.0323488394	-0.0535757095	0.0013423182	0.0167765908	0.1172467067	-0.0061218471	-0.0255041309	-0.10612066	-0.0119549848	-0.0404909929888219	-0.0068095840488098	0.0016395205132208	4.637043491780492e-05	0.0767035677105525	0.0035281210099498	1.2447637860849195e-05	0.0058834372995273	-0.0010283458677662	0.0134138663453313	1.0574952237518188e-06	0.0001799318103304	-0.0088662460143934	-0.0018222641928141	7.861031838774684e-05	3.320646788412785e-06	0.0011768567211629	0.0002676326282103	7.162722368275269e-08	1.3849917421462917e-06	0.0010537379965523	0.0001200231256188	1.4405550683306244e-08	1.110363765378055e-06	0.0	0.0	0.0	0.0	0.0	0.0	0.0	0.0	0.0	0.0	0.0
862.25012145286	-0.1254835554042301	743475.2719454718	0.0157461226768865	1090.0090398319433	0.8370964175364861	0.700730412252419	1188119.7069153548	802.9078533994423	1.5463919194947948	2.391327968678796	644661.0210505003	846.6046473206221	639.5440243639656	1.196826	19.864286	0.0963452459251942	0.0580504014178809	0.2252880889	0.1264530858	-0.1617509138	0.0556526189	0.2308945844	0.0168305084	0.0289711977	-0.1938556031	-0.0502397693	0.0028127461	0.1675558055	-0.053868221	-0.0112356974	0.0608891091	-0.091233944	0.1244428895	-0.0452703788	0.0083388217	-0.0631254297	-0.2101309288	0.1128503807	0.0206323102	-0.2118986195	0.0792883807	0.1022373312	0.0886226193	-0.0397478373	0.0882832324	-0.0357869988	0.064677674	0.0933303828	0.0147141847	0.0406843718	-0.2244516346	0.0300951283	-0.1063047929	0.0482239058	-0.087033336	0.0414030049	0.1735800364	0.0460291754	-0.0026204796	-0.0701847935	0.0280857726	0.0011702909	-0.081277679	0.1278959769	-0.1578709814	0.0001697889	-0.2038887998	-0.2411054455	-0.0235467983	-0.0186989675	-0.0417056372	0.0461259296	-0.0710619882	0.02601256	-0.1104315261	-0.0	-0.0410158967576848	-0.0005249037688628	0.001682303786837	2.7552396656647373e-07	0.1285158978298852	0.0518123301193327	0.0026845175523947	0.0165163359950214	-0.0002356676884076	0.0007926781793586	5.553925935938165e-08	6.283386960312649e-07	-0.0093809499974702	-0.0005147039830768	8.800222285503614e-05	2.649201901951234e-07	0.0015180525868394	0.0003411958656764	1.164146187547362e-07	2.304483656409794e-06	0.0010621448249518	8.406828399499904e-06	7.067476373863809e-11	1.1281516291718897e-06	0.0	0.0	0.0	0.0	0.0	0.0	0.0	0.0	0.0	0.0	0.0
862.8804143527666	0.6302928999066353	744562.6094736021	0.3972691396727157	1090.0915295960474	0.0824897641041388	0.0068045611819564	1188299.5428970505	803.0928151415859	0.1849617421436278	0.0342108460568058	644958.0697320375	846.6249290863213	640.5178399021561	1.245196	20.667101	0.093066349322433	0.0570727399957856	0.2392510944	-0.0107379751	-0.2172896727	0.0063159278	0.0437946664	-0.0811834738	0.1147746732	-0.2464971634	0.0805244277	0.0968116791	0.0292162881	0.247461575	0.0685041702	-0.0624246888	0.1033509907	-0.0142384091	-0.1560476999	-0.0336391772	0.0155231925	-0.1148001318	0.0848468528	0.0248967641	-0.2490737251	-0.0695784061	-0.0283405523	-0.0118385903	-0.1308748074	-0.0160007494	0.182525358	-0.0294832802	-0.1338711307	0.0079415191	0.0172381189	-0.2375205474	0.0257028183	-0.075806164	-0.0100818938	0.2615743806	-0.0256241505	0.1250606133	-0.0668938063	-0.0248413791	0.0030104396	0.0634646252	-0.1749187191	-0.0307282579	0.0529484952	-0.1031181355	0.0869198302	-0.1708616821	-0.0189354959	0.0454502558	0.0598841756	-0.2556732049	-0.0031255041	-0.1354208636	-0.1286251852	-0.1145803187	0.0119549848	-0.0520391641907451	-0.0110232674330603	0.0027080746096713	0.0001215124249007	0.1049322053605834	-0.0235836924693018	0.0005561905504866	0.0110107677218356	0.0505204459961134	0.0507561136845209	0.0025523154636462	0.002576183076356	-0.0093808653711083	8.46263618990012e-08	8.800063511085888e-05	7.16162112826072e-15	0.001390171851703	-0.0001278807351364	1.6353482419026096e-08	1.932577777267348e-06	0.0010360446717391	-2.6100153212699944e-05	6.812179977264111e-10	1.0733885618389794e-06	0.0	0.0	0.0	0.0	0.0	0.0	0.0	0.0	0.0	0.0	0.0
862.9828455367434	0.1024311839768188	744739.3916906947	0.0104921474508929	1090.359233043233	0.2677034471855677	0.071665135635036	1188883.2570826272	802.4855815727994	-0.6072335687864552	0.3687326070611346	643983.1086322342	846.1595545169442	644.4262223662557	1.198889	19.898521	0.102797773086671	0.0641600627331784	0.249666588	0.021091186	-0.1857169371	0.1939133821	0.0691459785	-0.025077694	0.1151362138	-0.2213721767	0.0208700224	0.1425343426	0.0020426777	0.0230959523	0.0713876998	0.092189097	0.138538573	0.0245500002	0.0066699887	-0.0341678813	0.2346999496	-0.1182547877	0.1674425455	-0.0026088986	-0.2342589569	-0.0950362888	0.1096175219	-0.0149409294	0.0269783711	0.0555860514	0.0110055203	-0.1045031544	-0.0658860882	-0.0165235448	-0.0219364689	-0.2495851072	0.025172353	-0.0897879701	-0.0013096479	-0.0872822144	-0.0948841973	0.1208615071	-0.1416916537	0.0051653388	-0.0010778849	0.1188146166	0.0712835644	0.0934605638	0.2394933839	-0.1393069185	0.0416891305	-0.0652079194	-0.1064458083	-0.1005541005	0.0399257791	-0.0185387653	-0.0211306253	-0.0448097228	-0.0540854706	-0.1185609488	0.023839813	-0.0370867398363401	0.0149524243544049	0.0013754262716883	0.0002235749940742	0.046303107528189	-0.0586290978323943	0.0034373711126404	0.002143977766767	0.0282820491775268	-0.0222383968185866	0.00079987430568	0.0004945462930609	-0.0093682795052266	1.2585865881700397e-05	8.776466088804875e-05	1.5840401999215007e-10	0.0013837442534145	-6.427598288499944e-06	4.131401975832741e-11	1.914748158857652e-06	0.0009155010542836	-0.0001205436174555	1.4530763709257928e-08	8.381421803943831e-07	0.0	0.0	0.0	0.0	0.0	0.0	0.0	0.0	0.0	0.0	0.0
862.7425334504517	-0.2403120862917376	744324.6790245037	0.0577498988178875	1088.1759513479765	-2.183281695256482	4.766718960842021	1184126.9010920736	802.6767888207145	0.191207247915031	0.0365602116552401	644290.0273115339	846.4739598873526	646.8300843583169	1.230581	20.424532	0.2159085427632159	0.123556278986548	0.217719371	0.1122963976	-0.1812571798	0.0248529239	0.1973426699	-0.0227953549	0.0248424961	-0.2483513572	-0.0520409806	-0.0249005961	-0.0105690106	-0.0568686145	0.0721933738	0.2059848124	-0.0160844246	-0.0409060196	-0.0418709921	-0.0953750404	-0.1140445837	0.0147287262	0.0293043312	0.1486964513	-0.2369614472	0.0730483907	0.0657951409	-0.0101709936	0.0357330344	0.1508661235	-0.0316393019	-0.0809405612	0.0554839843	0.0320674995	-0.0837165523	-0.2419893936	-0.0238107567	0.0531800451	0.0108951087	-0.1386785075	0.0716397479	-0.0362065544	0.0437738267	-0.0131364342	-0.0155437542	0.0634626844	-0.0714936757	-0.0878671463	0.2182143798	-0.0154640395	-0.0855706958	0.2337517495	-0.0811480505	-0.0291183994	0.0988683574	0.0948456172	-0.061415408	-0.14460145	0.0070618475	-0.1223675745	0.0355847396	-0.0504768198469349	-0.0133900800105948	0.0025479093418599	0.0001792942426901	0.1040831579716297	0.0577800504434407	0.0033385342292465	0.0108333037733472	-0.0172452660149886	-0.0455273151925154	0.0002973991999277	0.0020727364286386	-0.0077118643509768	0.0016564151542498	5.9472851767866826e-05	2.743711163228389e-06	0.0017039679166865	0.0003202236632719	1.025431945193392e-07	2.903506661096931e-06	0.0009230841790951	7.583124811500028e-06	5.7503781906787325e-11	8.520844016956746e-07	0.0	0.0	0.0	0.0	0.0	0.0	0.0	0.0	0.0	0.0	0.0
864.5765923157213	1.83405886526964	747492.6839802649	3.363771921274158	1087.309682126905	-0.866269221071434	0.750422363375709	1182242.3448469113	802.4171761761141	-0.2596126446003381	0.0673987252363814	643873.324622449	846.2548037591205	650.4097538203806	1.345329	22.329056	0.1701912489420646	0.1298399308796248	0.19081705	0.0655789284	-0.1412832148	-0.0363489029	0.1322188557	-0.0737099973	0.1270182564	-0.2100425789	-0.0442058347	-0.0459238546	0.0465675515	0.0670514713	-0.1177959711	-0.1236682391	-0.0815952295	-0.1488975085	-0.0788422503	-0.2281108508	0.1383461554	0.2011157079	0.0371880627	0.1250965647	-0.2081959772	0.0746730916	0.0040216641	-0.0237802823	-0.1170322844	-0.1324805573	0.0811368344	0.035501295	0.003442739	0.1784878951	0.070396208	-0.2254597176	-0.0575634986	0.166697908	0.0280323042	0.2020281279	0.1661298962	-0.1643136058	0.1231223955	-0.0016794994	0.0400804566	-0.0347923391	-0.0901635139	-0.2399900575	-0.023200496	-0.027907916	-0.0503078051	0.209218942	0.0862587828	-0.0413466167	0.1990585796	0.0488357509	-0.1507986111	-0.0118268063	-0.153076832	-0.1259946088	0.0471208409	-0.0509078327760192	-0.0004310129290842	0.0025916074379511	1.857721450378253e-07	0.116750404144085	0.0126672461724552	0.0001604591255935	0.0136306568678071	-0.0080969430252935	0.009148322989695	6.556048635484907e-05	8.369181352378387e-05	-0.0052308054935345	0.0024810588574423	2.736132611119071e-05	6.15565305409289e-06	0.002023015785556	0.0003190478688695	1.0179154263016969e-07	4.09259286860876e-06	0.0007642975683903	-0.0001587866107047	2.521318773911769e-08	5.841507730473253e-07	0.0	0.0	0.0	0.0	0.0	0.0	0.0	0.0	0.0	0.0	0.0
863.6785996632743	-0.8979926524469874	745940.7235163145	0.806390803848776	1085.077726895692	-2.231955231213078	4.981624154139425	1177393.6734051218	802.4419586083513	0.0247824322372025	0.0006141689475915	643913.096935207	844.3174537009784	639.443062646969	1.274258	21.14946	0.1595865448091929	0.0937531277767117	0.2469807853	-0.0043077602	-0.2002436479	0.0666855854	-0.0165924483	-0.0776700879	0.248995412	-0.2295128013	-0.006707439	0.012200618	0.0420035	0.1345938524	-0.0951163838	0.0635266906	0.1661422996	-0.0446904451	0.0087762332	-0.0596765461	-0.0486996879	0.1900702598	-0.4380234464	0.1353777248	-0.241049627	-0.0246939577	0.0100940098	-0.0199449958	-0.149856834	-0.0694071679	0.0021955078	-0.2221117212	-0.0373154915	-0.1585219594	-0.0270409793	-0.2582131596	-0.038753465	0.1973289299	-0.060995306	0.0444696673	-0.0239606485	-0.1403441187	-0.0414471716	0.0672492361	0.0536584955	0.1653225521	-0.213076415	-0.1624006538	0.0322968492	0.1817855672	-0.0404607865	0.2205479127	-0.0007088564	-0.0147553598	0.0842778341	0.183361343	-0.1441933947	-0.001515822	0.1015686389	-0.1294367287	0.0583804184	-0.039386590949789	0.0115212418262302	0.001551303546646	0.0001327390132184	0.0414888716535131	-0.0752615324905719	0.0056642982728294	0.0017213264710816	-0.0193120862517943	-0.0112151432265008	0.0003729566753967	0.0001257794375909	-0.0061345103067789	-0.0009037048132443	3.763221670397656e-05	8.166823894810955e-07	0.0019991086597179	-2.3907125838100014e-05	5.715506658387495e-10	3.996435433359098e-06	0.000460136962155	-0.0003041606062353	9.251367438542527e-08	2.117260239412319e-07	0.0	0.0	0.0	0.0	0.0	0.0	0.0	0.0	0.0	0.0	0.0
863.6858096971724	0.0072100338981044	745953.1778722603	5.198458881181575e-05	1082.8160466678808	-2.261680227811212	5.115197452872175	1172490.590921458	802.9709755262761	0.5290169179247641	0.2798588994506166	644762.3875376194	845.9056528786015	676.3716879084303	3.331379	55.292458	1.0199933387355145	0.7721024564576646	-0.108736344	0.1497029082	-0.0493810029	0.0693967347	-0.0476248413	-0.066487136	-0.0783422215	-0.0070646999	-0.0615327422	-0.1110613061	-0.2982180993	0.0976760391	-0.0986644528	0.1002534608	0.0795463963	-0.116678867	0.3687153974	-0.0372652572	-0.147708813	-0.039619247	0.0128925426	0.3056479645	0.0150084841	0.0680359171	-0.0120148028	-0.3574436948	0.0182157115	0.0009978414	0.0686246524	-0.2344999337	0.32260666	0.1213989747	-0.1603820644	0.0267496427	-0.2634183055	0.3021308174	0.0689038541	-0.1877070594	-0.2717452479	0.148180198	0.2636137105	-0.0178615103	0.539868305	0.2080036524	0.0008630026	-0.0252619654	-0.2567465046	-0.236221927	0.0140605431	-0.0640201799	0.1416130579	0.0916041397	-0.1330668942	-0.0260677634	0.0537194896	-0.0556211106	-0.1197489741	-0.1326888823	0.0692973963	-0.0645376119627201	-0.0251510210129311	0.0041651033578506	0.0006325738579929	0.0470934226141821	0.0056045509606689	3.141099147073576e-05	0.0022177904535179	-0.2521012596025187	-0.2327891733507244	0.0635550450931765	0.0541907992293136	0.0073637590737475	0.0134982693805264	5.422494769619865e-05	0.0001822032762692	0.0011568063581339	-0.000842302301584	7.094731672537037e-07	1.338200950219017e-06	-0.0003282632239584	-0.0007884001861134	6.215748534636437e-07	1.0775674420356265e-07	0.0	0.0	0.0	0.0	1.0	0.0	0.0	0.0	0.0	0.0	0.0
868.0677041747573	4.381894477584865	753541.539031234	19.200999212688732	1080.418436019147	-2.397610648733689	5.748536822921182	1167303.9968900597	804.6372287173747	1.6662531910985765	2.7763996968461884	647441.0698379767	846.7720752467211	696.4301165890049	2.326481	38.613686	0.6878273904642221	0.4887587861620188	-0.2172968025	0.189190375	0.1070658158	-0.1350739574	-0.0191817307	0.0522113988	-0.1111926407	0.0861386662	-0.0171569046	-0.1898649954	-0.1545145293	-0.0452803492	-0.0295598238	-0.1064442461	0.1192194302	0.1409484032	0.0624885373	-0.2362524033	0.0432480299	0.0187567411	0.1161422578	0.0552468048	0.1178329368	0.1716310385	-0.1089653817	-0.1472421015	0.0505617987	-0.009193911	0.0047491759	-0.0431364792	-0.106930277	0.2160925326	0.0530563226	0.1645433909	-0.2042936358	-0.1973974758	0.1073775787	0.0274735604	-0.0369438084	-0.0136124029	0.1605563624	0.0175662186	0.1143493706	-0.1830117579	-0.0633074504	0.2609768163	0.0387753059	-0.2542287483	-0.0617448865	-0.0528475708	0.0054079863	-0.0706569403	0.4228589543	-0.1708111992	-0.3618543076	0.2198135804	0.156981486	-0.1357462967	0.0798077096	-0.0699223334395782	-0.005384721476858	0.0048891327136355	2.899522538333677e-05	0.0484758578159585	0.0013824352017764	1.9111270871105627e-06	0.002349908790993	-0.1986648471848511	0.0534364124176676	0.0394677215069802	0.002855450172071	0.0166861050027477	0.0093223459290002	0.0002784261001627	8.690613361994662e-05	0.0025284422989062	0.0013716359407722	1.881385154018312e-06	6.393020458898068e-06	-0.0021867577815443	-0.0018584945575858	3.4540020205764093e-06	4.781909595144548e-06	0.0	0.0	0.0	0.0	0.0	1.0	0.0	0.0	0.0	0.0	0.0
868.0960117836202	0.0283076088628604	753590.6856746272	0.0008013207195326	1077.6208357263783	-2.7976002927687205	7.82656739809963	1161266.665591618	805.411958160891	0.7747294435163212	0.6002057106511087	648688.4223485609	847.3487326813374	693.9683065092241	1.468749	24.37752	0.4930918516677365	0.2953114424326057	-0.1590675366	0.0883906716	0.127973194	-0.153753756	-0.0271995621	-0.0857657012	-0.0231693319	0.1043195439	-0.0119191218	-0.1754058551	0.033071298	-0.070932974	-0.1507295719	-0.0668882173	0.313642239	0.2124064436	-0.0388031091	0.0239837642	-0.2035318244	0.0254417882	-0.1061264161	-0.2277765017	0.1190881948	0.1763191059	-0.0515796756	0.0373809449	-0.018352225	-0.1082037824	-0.1488523005	-0.157249102	-0.3128285203	0.1420090433	-0.1385058079	0.1649149413	-0.0657384855	-0.2026114836	-0.0584662533	0.0138739921	-0.0204129715	0.0665163878	0.1448377808	0.3872993649	0.0946572634	0.0304978149	-0.2285220362	0.0069266597	0.1625808924	0.214896609	0.0535223401	0.1335890307	0.0302921523	-0.08310131	-0.0715255039	0.0411549199	-0.0015973541	0.2559831828	0.1858563573	-0.1386044847	0.0898496795	-0.0863867943116361	-0.0164644608720579	0.0074626782314409	0.0002710784718075	-0.0409492187928606	-0.0894250766088191	0.0079968443264931	0.0016768385197455	-0.2251209439325308	-0.0264560967476796	0.0506794393970736	0.0006999250551225	0.0217042653769432	0.0050181603741954	0.0004710751355527	2.51819335411459e-05	0.0043498671815631	0.0018214248826569	3.3175886031617025e-06	1.8921344497239706e-05	-0.0018114186896131	0.0003753390919311	1.4087943393173765e-07	3.2812376690796408e-06	0.0	0.0	0.0	0.0	0.0	0.0	0.0	0.0	0.0	0.0	0.0
868.7223584269396	0.6263466433194935	754678.5360308642	0.3923101175975968	1085.0542521242237	7.433416397845349	55.25567934375612	1177342.7300528584	804.8402558844956	-0.5717022763953992	0.3268434928356813	647767.8374922203	848.3283933833254	703.7252807617188	1.174356	19.491335	0.1657485148276297	0.1162806170330485	-0.1535460086	0.0087911855	0.033334414	-0.2790036184	-0.1343450269	-0.0873940655	-0.0700185862	0.0908336647	0.0941897717	-0.113333235	-0.0541333698	0.0173056803	-0.2373629086	-0.0786010599	0.0594827862	0.2484277356	-0.0890910589	0.1628458253	0.0131005981	-0.0255787158	0.188916784	-0.1910229346	0.1002205282	0.1193710332	-0.2248456135	-0.068453075	-0.0975931389	-0.0389494752	-0.0965746948	0.1205637972	-0.105175296	-0.0203178229	-0.1192826648	0.1700924876	-0.0300538174	-0.2513985574	-0.1464283414	0.0464367171	-0.081218853	0.0274339533	0.2578639527	0.2322232308	-0.1054973535	-0.0520024817	-0.2475524583	0.1312680377	0.1318146519	0.0171843533	0.0550998394	0.0636775029	0.0895988427	0.0674683698	-0.0633737385	0.1574489812	0.2334264944	-0.0757472504	-0.1933582189	-0.1412592515	0.0993643757	-0.0903956019345173	-0.0040088076228812	0.0081713648491037	1.6070538557270483e-05	-0.0360946025396771	0.0048546162531835	2.356729896567341e-05	0.0013028203324972	-0.2072349530176609	0.0178859909148698	0.0429463257522321	0.0003199086710068	0.0239374632896602	0.002233197912717	0.0005730021487438	4.987172917363574e-06	0.003841915533131	-0.0005079516484321	2.580148771448878e-07	1.4760314963713255e-05	-0.0018502511291979	-3.883243958479991e-05	1.5079583641071351e-09	3.423429241098104e-06	0.0	0.0	0.0	0.0	0.0	0.0	0.0	0.0	0.0	0.0	0.0
867.1156067660116	-1.606751660928012	751889.4754971885	2.581650899894925	1088.9170591010422	3.862806976818547	14.92127774015804	1185740.3616012628	804.5284110802163	-0.3118448042793034	0.097247181955997	647265.9642352575	850.1769357015041	712.3824928644541	1.408329	23.374687	0.1979737713939305	0.1499696818128548	-0.1599888054	-0.070674489	-0.0009091397	-0.0136018451	-0.1856007989	0.0571594138	-0.1692358428	0.0843998908	0.0575894849	-0.0746315905	-0.189409026	-0.0428976849	0.0084456535	-0.0829418085	0.0624669678	0.2389777422	0.1390059045	0.0913212347	0.0847023591	0.0903546604	-0.0671728954	0.0155655659	0.1110596099	-0.0428820537	-0.1514645434	-0.1095774578	0.0928184703	-0.0913420155	0.0288956195	0.1171554301	-0.0090799888	-0.0528805018	-0.1291383813	0.1546329639	-0.0670601469	-0.1712986988	-0.0833453032	0.0956540949	-0.1602545659	-0.0395918325	0.1051113929	0.0602893703	0.0599808016	-0.0633149932	0.0239973259	-0.1974098337	0.0931207835	0.1055692397	0.1064760208	-0.0157560524	-0.1631158132	-0.0809843725	-0.2763386151	-0.1419297291	-0.0229271709	-0.2372741161	-0.176878871	-0.1437067008	0.1082959623	-0.1017867082287438	-0.0113911062942265	0.0103605339720434	0.0001297573026063	-0.0146425242396333	0.0214520783000437	0.0004601916633912	0.0002144035161082	-0.1778406983085858	0.0293942547090751	0.0316273139748854	0.0008640222099019	0.0212731843707417	-0.0026642789189185	0.0004525483732715	7.098382157793546e-06	0.003847248160731	5.332627600000001e-06	2.843691712028177e-11	1.480131841024806e-05	-0.0018051360339047	4.511509529320007e-05	2.0353718233145227e-09	3.25851610090119e-06	0.0	0.0	0.0	0.0	0.0	0.0	0.0	0.0	0.0	0.0	0.0
867.0307889834348	-0.0848177825768061	751742.3890452374	0.0071940562412463	1088.205325142282	-0.7117339587603055	0.5065652280526163	1184190.8296680194	804.8663522407556	0.3379411605393443	0.1142042279866788	647809.8449693401	849.8576172782211	713.3796396384369	1.338668	22.218506	0.188470372304256	0.1349109723540038	-0.1727851181	0.0866769874	0.0588194903	-0.0428371536	-0.0314838412	0.2276390023	-0.0699978584	0.1176020267	-0.0224069272	-0.0937808984	-0.1352541099	-0.0862447761	0.1465710804	-0.0237094028	-0.0628359518	0.0053909411	-0.2335091301	0.0586852648	0.1381792112	-0.0456601769	-0.244038152	-0.0024743298	0.1207427508	0.0261904671	-0.0753980295	-0.020206468	0.2463342926	-0.0280872831	0.1079054872	-0.0259193007	-0.0649837677	-0.1577311546	0.1479956946	0.1498056376	-0.1471805792	-0.1864633303	-0.0373497709	0.001261105	0.0152541472	-0.0958463529	-0.2241916683	-0.0239734619	-0.0675514921	-0.0684081875	0.1622006336	-0.0740069079	-0.0832762526	0.0823829624	-0.0131373575	0.0218954142	-0.006245226	0.1764027525	0.0922712024	0.0808336401	0.0675821593	-0.2797196295	-0.0129366302	-0.1459432408	0.1165920251	-0.0983614346763062	0.0034252735524376	0.0096749718315812	1.1732498909028511e-05	-0.0728374681139456	-0.0581949438743123	0.0033866514925343	0.00530529676125	-0.1695464930289745	0.0082942052796112	0.0287460132984241	6.87938412203316e-05	0.0189690753107275	-0.0023041090600141	0.000359825818144	5.308918560439507e-06	0.00385282318873	5.575027999000105e-06	3.1080937189635106e-11	1.4844246523615604e-05	-0.00174370112996	6.143490394469988e-05	3.774247422694501e-09	3.040493630623781e-06	0.0	0.0	0.0	0.0	0.0	0.0	0.0	0.0	0.0	0.0	0.0
866.5754660503972	-0.455322933037678	750953.038360463	0.2073189733500338	1083.9752467421235	-4.230078400158391	17.89356327148657	1175002.3355496477	804.3926586874811	-0.4736935532745292	0.2243855824138492	647047.5493503145	849.0442988476805	700.7698910349125	1.093102	18.142721	0.1043079960624163	0.0523727399183317	-0.1459189766	0.1503291897	0.0167882298	-0.0824748341	0.0089457084	0.1133047502	-0.2052222755	0.0961538087	-0.0809515463	-0.148080356	-0.0801769291	-0.1284168063	0.0684735626	0.0335727761	-0.0519672614	0.1055490666	-0.0807669953	0.0848791141	0.1343205593	-0.0858296088	-0.14966683	0.0211194814	0.1022038692	0.1177379566	-0.0036814613	-0.0393872424	0.1969337795	-0.024689248	-0.0841609121	0.0018493312	0.0508322939	-0.1707472457	0.122474864	0.1222450293	-0.1685458699	-0.1150054588	0.0039878797	-0.0434318524	-0.0025465599	-0.0245715455	-0.149524918	0.0163609489	0.0221234011	-0.0373765222	0.1436297829	-0.2564760676	-0.0207337228	-0.0106428376	-0.1413325704	-0.0325300341	-0.0153366106	0.0805675157	0.0391511167	0.0263381281	0.1122659089	-0.0950610824	-0.0723395272	-0.1479655889	0.1242038795	-0.0958587444398944	0.0025026902364118	0.0091888988855929	6.263458419430994e-06	-0.0865702173589397	-0.013732749244994	0.0001885884018258	0.007494402533574	-0.1862403719851499	-0.0166938789561753	0.034685476157167	0.0002786855946034	0.0181463087361656	-0.0008227665745619	0.0003292885207482	6.769448362163236e-07	0.0033387874117822	-0.0005140357769477	2.6423277998232825e-07	1.1147501381075282e-05	-0.001652929928973	9.077120098700016e-05	8.23941092862238e-09	2.7321773500946865e-06	0.0	0.0	0.0	0.0	0.0	0.0	0.0	0.0	0.0	0.0	0.0
868.637880737267	2.062414686869829	754531.7678517305	4.253554340616375	1083.2682826558098	-0.7069640863137465	0.4997982193374304	1173470.1722080675	806.6688447320577	2.276186044576548	5.18102290952503	650714.6250613525	849.4170085173023	696.6896196442682	1.080335	17.930819	0.1240061974618599	0.0707579018158628	-0.1645802033	0.1267984691	0.019689929	-0.2321592051	0.027000019	0.1092913889	-0.0711278022	0.1174242569	0.022476501	-0.1936924536	-0.0262707967	-0.0008853456	0.2478211512	0.0070016498	-0.0824363431	-0.1116873814	-0.0577439294	-0.0895141464	0.1017778927	0.0304974728	0.0714254377	-0.0862860209	0.1037832314	0.1620146386	-0.1288298491	0.0411341995	0.128983979	0.0461731126	0.1267938836	0.0329366005	-0.0499901298	0.0021695058	0.1339197031	0.1235295476	-0.1950488131	-0.15971373	-0.0152301234	0.0336104718	0.0451192589	-0.0975348447	-0.1655297662	-0.1479305121	-0.0635928367	-0.0769575431	0.1310735701	-0.0207837972	-0.0849955045	-0.0610012436	-0.0525132565	0.0503188016	0.0983222046	0.127174625	0.1909303887	0.0577674374	0.015502188	-0.1816001747	0.1487405044	-0.1497707771	0.1310868562	-0.088929402036328	0.0069293424035663	0.0079084385465388	4.8015786145863285e-05	-0.0346737520272739	0.0518964653316658	0.0026932431139207	0.0012022690796488	-0.1467525796453372	0.0394877923398127	0.021536319632561	0.0015592857438721	0.0177921456846004	-0.0003541630515652	0.000316560448062	1.254314670939753e-07	0.0034014360702803	6.264865849810002e-05	3.924854411611559e-09	1.156976734020389e-05	-0.0015558896913	9.704023767299984e-05	9.416807727632297e-09	2.420792731493609e-06	0.0	0.0	0.0	0.0	0.0	0.0	0.0	0.0	0.0	0.0	0.0
868.6324927174835	-0.0053880197834814	754522.407404589	2.9030757187187687e-05	1087.3708840041863	4.102601348376538	16.831337823700988	1182375.4393800455	804.6306500695526	-2.0381946625050205	4.154237482263954	647430.4830313509	850.3007740931113	705.8357252301397	1.512392	25.101883	0.2699283127431652	0.2012657614427859	-0.1149591248	0.2255336775	-0.0133581347	0.034445453	0.0126780186	0.0841416858	-0.0806554318	0.0478607146	-0.0572325747	-0.1316857016	-0.087689829	-0.1243675701	0.0663667213	-0.0401638435	-0.0514503914	-0.3333809136	-0.0518932565	0.0988232219	0.0807914323	-0.2620025666	-0.076712347	-0.0776752309	0.0406799745	0.0649963616	0.0358004718	0.0383637755	0.3011349657	-0.1807258421	-0.0779307397	-0.0878039893	0.0885404703	-0.0120925973	0.1813488517	0.0534172543	-0.2542788766	0.1065443466	0.09727573	-0.0521859617	0.1372018633	-0.0430934442	-0.3281881151	0.0184420753	0.0044740094	-0.0219796464	0.1376163391	-0.2015329068	0.0023100096	0.0267145973	-0.0455944414	-0.1445502001	-0.0915554246	-0.2570568946	-0.0552954233	0.0840842415	0.0395354589	0.4108301355	-0.2394926683	-0.1513561561	0.1372005631	-0.0916054271808519	-0.0026760251445239	0.0083915542889863	7.161110574124188e-06	-0.0841209409183392	-0.0494471888910653	0.0024450244892286	0.0070763327009867	-0.1387584043497511	0.0079941752955861	0.019253894777689	6.390683865655916e-05	0.0140884454326028	-0.0037037002519975	0.0001984842947074	1.3717395556647078e-05	0.0031991594569653	-0.000202276613315	4.0915828294186155e-08	1.0234621231090511e-05	-0.0018461312942272	-0.0002902416029272	8.424018806975046e-08	3.4082007555249967e-06	0.0	0.0	0.0	0.0	0.0	0.0	1.0	0.0	0.0	0.0	0.0
865.7689342421027	-2.8635584753808416	749555.8474987063	8.19996714192545	1087.151638343686	-0.2192456605002917	0.0480686596482091	1181898.6847533607	805.4382370338562	0.8075869643035958	0.6521967049130973	648730.7536762063	849.0388394520363	691.2073761450278	1.617049	26.838923	0.329455162789371	0.1956912877744298	-0.1046808758	0.282255108	-0.088524203	-0.3072323485	0.0545331819	0.0684367725	-0.017616229	-0.0037024276	0.0317959463	-0.3402093712	-0.0364267047	0.1580815926	0.0307306223	0.2467577872	-0.0694789655	-0.2969911995	-0.0908428866	0.0028865096	-0.2470078961	-0.1191547624	0.1163679918	0.0168799843	-0.0309258217	0.2473841094	-0.1993968107	0.0352588846	0.0616342908	0.1113052222	0.0290238274	-0.1201550128	0.133338873	-0.1228272839	0.0052749168	0.0195544456	-0.3100336348	0.1877208535	-0.0707132828	-0.1734758004	0.2187440158	0.0086840958	-0.1868787002	-0.2679822783	-0.2162727244	-0.083075684	-0.3983670585	0.269192097	-0.1640692527	0.092481593	0.2070420382	-0.0741111721	0.0407131177	-0.042151819	-0.2788949319	-0.1330207423	-0.0316886635	0.0235593931	0.1498570735	-0.152719399	0.1425091225	-0.0815523710892023	0.0100530560916496	0.0066507892302709	0.0001010639367818	-0.0028215200020298	0.0812994209163094	0.0066095958413272	7.960975121854243e-06	-0.1094866574846591	0.0292717468650919	0.011987328167163	0.000856835164534	0.0108314317174411	-0.0032570137151617	0.0001173199130495	1.060813834075142e-05	0.0037158017654221	0.0005166423084568	2.6691927488757165e-07	1.3807182759913996e-05	-0.0014431685395193	0.0004029627547079	1.623789816817793e-07	2.082735433458269e-06	0.0	0.0	0.0	0.0	0.0	0.0	0.0	1.0	0.0	0.0	0.0
860.9693334492924	-4.799600792810224	741268.1931401188	23.03616777034453	1062.5433597252018	-24.60827861848429	605.5673765649511	1128998.3912961194	799.8840782435377	-5.5541587903185246	30.848679868072537	639814.5386275139	842.2358356100975	718.6340465287905	2.931292	48.65202	1.3800677886365051	1.0359065963083114	-0.1212220239	-0.1300502656	0.2437483872	0.3769492782	0.1595482228	-0.5493899026	-0.3820208952	0.1584516445	-0.4985449535	0.4023906659	-0.1521641455	-0.0265652731	-0.299903766	-0.02348871	-0.0902602371	-0.1903808035	-0.0924265837	-0.0911023756	-0.0388267366	-0.0350882727	0.1393771096	-0.2041707554	0.1849122166	-0.004428276	0.5225361185	-0.4499974267	-0.2171815337	-0.0931606921	-0.2308550781	0.2450277079	-0.1573660364	0.0777985317	0.0751982497	0.1402291143	0.1925815931	-0.0421258663	0.6099889791	0.0309737108	-0.2031223813	-0.2711479442	0.18298276	-0.2205666834	-0.3428000124	0.3887095314	-0.0292930965	0.0762592264	-0.055773683	0.0183599151	-0.0304681478	0.004606603	0.0266237625	0.0233641415	-0.0511880613	0.0476343251	0.0303344205	0.0479393096	-0.040545665	-0.1538585052	0.1469813818	-0.1207328471978002	-0.0391804761085979	0.0145764203924873	0.0015351097080964	0.0070124083039928	0.0098339283060226	9.670614592799251e-05	4.917387022190718e-05	-0.527086163120444	-0.4175995056357848	0.2778198233530313	0.1743893471072519	0.0273884807274428	0.0165570490100016	0.0007501288765575	0.0002741358719195	0.0044821589975072	0.000766357232085	5.873034071691357e-07	2.008974927893475e-05	-0.0023888398691545	-0.0009456713296351	8.942942636940069e-07	5.7065559204620886e-06	0.0	0.0	0.0	0.0	0.0	0.0	0.0	0.0	1.0	0.0	0.0
872.8135845868933	11.84425113760085	761803.5534394219	140.28628501055903	1075.2919964399491	12.748636714747365	162.52773808460444	1156252.8776078117	807.7341880675681	7.850109824030369	61.62422424933811	652434.5185731734	853.2024821400347	733.8065171950573	2.3405	38.846378	0.8602884829884704	0.6382977119171024	-0.0709171898	-0.3365073266	0.454939019	0.3482206782	0.0047414395	0.1196516567	0.4019710176	0.265131799	-0.0325273994	0.3533495335	0.4117944649	0.0003136921	-0.1075246908	-0.0844128043	0.1470695117	-0.1338132394	0.1200797521	-0.0870018779	-0.231448132	-0.1229366055	-0.1344133113	0.0600217079	0.2459798216	-0.3267528666	0.4067368031	0.3736671078	-0.1688376336	-0.1299217179	-0.0700042413	-0.2100798352	0.2680995209	0.0258302794	0.063689337	0.1261776133	0.4183415603	0.2960797163	0.4261899975	-0.0694869299	-0.0408534158	0.190692664	-0.2609146732	0.2930623994	0.1447904157	-0.4228726604	-0.0550332091	-0.0630838797	0.0449446953	0.0540957875	0.0424343825	0.0077835634	0.0347321099	0.051474658	0.0086185839	-0.0774480469	0.0319761127	-0.1017712858	0.1191489468	-0.1547718027	0.1505910958	-0.1666465361952589	-0.0459136889974587	0.0277710680258777	0.0021080668373553	0.0209642389478545	0.0139518306438616	0.0001946535783149	0.0004394993146627	-0.647488847137879	-0.120402684017435	0.4192418071679397	0.0144968063186023	0.0386421348063815	0.0112536540789386	0.0014932145823945	0.0001266447301284	0.0060511482552865	0.0015689892577793	2.46172729102684e-06	3.661639520745686e-05	-0.0031666021190308	-0.0007777622498763	6.049141173326444e-07	1.0027368980250351e-05	0.0	0.0	0.0	0.0	0.0	0.0	0.0	0.0	0.0	1.0	0.0
870.7842345311128	-2.029350055780469	758265.183107936	4.118261648896193	1077.2219698546362	1.9299734146870835	3.72479738139892	1160407.1723375027	809.7400473444408	2.005859276872684	4.023471438616206	655678.9442733772	851.1924367915689	720.2228858245386	1.885803	31.299551	0.5125395213343826	0.3977780560225505	-0.0237689064	-0.3543178519	0.2271868565	-0.2077231375	-0.1583868911	-0.0039698678	0.1838795987	0.2127166228	0.3161524764	0.117312081	0.2508756366	0.0714338402	0.1249587462	0.119725024	-0.13295179	0.1377750091	0.0182559719	0.055129887	-0.1201901784	0.0259272596	-0.0203562533	0.054482399	0.1856765093	-0.1700885312	-0.2028712277	0.2859760301	-0.2338205627	0.3343306719	0.0451457904	0.0438532878	-0.0120987576	-0.051929781	-0.0626522452	0.1375306828	0.3849452553	0.1711474636	-0.3297169149	-0.0494703436	0.1618253882	0.1090047421	-0.0031822906	-0.1741268393	-0.0222156043	-0.0271182323	-0.1350555592	0.246631708	-0.0646099119	-0.0903477446	-0.0290233529	0.0180020292	0.1480307098	0.1003829336	0.1963008377	0.2104225239	0.0430861997	-0.0905984429	-0.286562983	-0.1554579513	0.1533170814	-0.1697956934369813	-0.0031491572417224	0.0288305775097453	9.91719133309267e-06	0.1004871274831344	0.0795228885352799	0.0063238898009945	0.0100976627898117	-0.2504622294514789	0.3970266176864001	0.0627313283818052	0.1576301351515029	0.0392257690891286	0.0005836342827471	0.0015386609606336	3.4062897599772544e-07	0.0061182072450902	6.705898980369999e-05	4.496908113492739e-09	3.743245989387422e-05	-0.0031727260038996	-6.1238848688e-06	3.75019658863176e-11	1.0066190295820724e-05	0.0	0.0	0.0	0.0	0.0	0.0	0.0	0.0	0.0	0.0	1.0
868.0892611413509	-2.6949733897619126	753578.9653089365	7.262881571524813	1085.8704862750944	8.648516420458236	74.79683627493574	1179114.71296331	806.2337839795078	-3.50626336493292	12.293882784270725	650012.9144299157	852.3414075553761	721.5438986082335	1.480611	24.574387	0.3942038244381192	0.2902961395505899	-0.0600875254	-0.3489685469	0.151153601	0.1114622388	-0.1183641018	0.0368929272	-0.0912497379	0.2051987795	0.0971391092	0.2267096152	0.0407909993	-0.0394345796	0.1329832374	-0.0638722693	-0.191115614	0.0884822902	0.121730645	0.052401021	0.1157598531	0.2167050973	0.0788375752	0.0913985197	0.1961999429	-0.2390963558	-0.0105629124	0.0640411678	-0.0158758827	0.0832537827	0.0428562451	0.2221337416	-0.0329721905	0.0320759953	-0.064414617	0.147230974	0.3211807216	0.0614191168	-0.2064413056	0.0240597631	0.0809673282	-0.0707087431	0.1062722355	-0.1387666273	0.0292147297	0.0687097038	0.1067524522	0.0175812827	0.0196996212	0.0343797644	-0.0457335941	-0.084810703	-0.2568867715	-0.2627241958	-0.0836676177	-0.2015071169	-0.2333369361	0.1262746071	-0.081252003	-0.155915944	0.1551433414	-0.1564814932017668	0.0133142002352145	0.0244864577146545	0.0001772679279033	0.0488946012748812	-0.0515925262082532	0.0026617887605492	0.0023906820338296	-0.1936212725115424	0.0568409569399364	0.0374891971689889	0.0032308943858477	0.0341200774316016	-0.005105691657527	0.0011641796839384	2.606808730174081e-05	0.0058168479142755	-0.0003013593308147	9.081744626908409e-08	3.383571965781123e-05	-0.003130654171147	4.2071832752600246e-05	1.7700391111627667e-09	9.800995539320107e-06	0.0	0.0	0.0	0.0	0.0	0.0	0.0	0.0	0.0	0.0	0.0
868.4492327636408	0.3599716222898905	754204.0698877564	0.1295795688540156	1086.3368490250384	0.4663627499439826	0.2174942145353136	1180127.7495496492	806.9697736635852	0.7359896840773672	0.5416808150683028	651200.2156066579	851.1255609337502	714.4009839264122	1.280654	21.255615	0.1965759629850623	0.1089186289815736	-0.0306526289	-0.2696032539	0.1445535168	-0.0127088972	-0.0794840091	0.1682255018	0.01128061	0.1879848212	0.1267554134	0.0749768619	0.0583075691	0.0218424631	0.1595182571	0.0517095783	0.0316669656	0.0196107901	-0.0475669178	-0.064002423	0.1481726113	0.1620509593	0.1034572089	0.1831365917	0.1700444461	-0.1183835686	-0.0606774781	0.1449289459	-0.0020952014	0.1502398057	0.1567428687	0.0634219167	-0.0977374458	-0.0422559073	-0.0997850056	0.1333055419	0.2571346315	-0.000212728	-0.3311698057	0.0304468713	0.0731140621	-0.0166077519	0.0194261542	-0.0588244054	0.1005643446	0.2789405473	0.2527214744	-0.2035312671	-0.0485058508	-0.0979583499	0.008948397	-0.0029282589	0.0538796775	0.0651787011	-0.080974461	-0.0259291135	0.0571415437	0.14580886	0.4053590085	-0.1561451084	0.1560591586	-0.138203542473505	0.0182779507282618	0.0191002191522259	0.0003340834828247	-0.0264993890061617	-0.0753939902810429	0.0056842537704979	0.0007022176176998	-0.1740751557546147	0.0195461167569276	0.0303021598509933	0.0003820506802754	0.0327741624107072	-0.0013459150208944	0.0010741457217234	1.8114872434691744e-06	0.0055760594260549	-0.0002407884882205	5.7979096059561944e-08	3.10924387228957e-05	-0.0030501995758854	8.045459526159976e-05	6.472941898707831e-09	9.303717452731475e-06	0.0	0.0	0.0	0.0	0.0	0.0	0.0	0.0	0.0	0.0	0.0
