global_signal	global_signal_derivative1	global_signal_power2	global_signal_derivative1_power2	csf	csf_derivative1	csf_derivative1_power2	csf_power2	white_matter	white_matter_derivative1	white_matter_derivative1_power2	white_matter_power2	csf_wm	tcompcor	std_dvars	dvars	framewise_displacement	rmsd	t_comp_cor_00	t_comp_cor_01	t_comp_cor_02	c_comp_cor_00	c_comp_cor_01	c_comp_cor_02	c_comp_cor_03	c_comp_cor_04	w_comp_cor_00	w_comp_cor_01	w_comp_cor_02	w_comp_cor_03	w_comp_cor_04	w_comp_cor_05	w_comp_cor_06	w_comp_cor_07	w_comp_cor_08	w_comp_cor_09	w_comp_cor_10	w_comp_cor_11	a_comp_cor_00	a_comp_cor_01	a_comp_cor_02	a_comp_cor_03	a_comp_cor_04	a_comp_cor_05	a_comp_cor_06	a_comp_cor_07	a_comp_cor_08	edge_comp_00	edge_comp_01	edge_comp_02	edge_comp_03	edge_comp_04	edge_comp_05	edge_comp_06	edge_comp_07	edge_comp_08	edge_comp_09	edge_comp_10	edge_comp_11	edge_comp_12	edge_comp_13	edge_comp_14	edge_comp_15	edge_comp_16	edge_comp_17	edge_comp_18	edge_comp_19	edge_comp_20	edge_comp_21	edge_comp_22	edge_comp_23	cosine00	cosine01	trans_x	trans_x_derivative1	trans_x_power2	trans_x_derivative1_power2	trans_y	trans_y_derivative1	trans_y_derivative1_power2	trans_y_power2	trans_z	trans_z_derivative1	trans_z_power2	trans_z_derivative1_power2	rot_x	rot_x_derivative1	rot_x_power2	rot_x_derivative1_power2	rot_y	rot_y_derivative1	rot_y_derivative1_power2	rot_y_power2	rot_z	rot_z_derivative1	rot_z_derivative1_power2	rot_z_power2	motion_outlier00	motion_outlier01	motion_outlier02	motion_outlier03	motion_outlier04	motion_outlier05	motion_outlier06	motion_outlier07	motion_outlier08	motion_outlier09	motion_outlier10	motion_outlier11	motion_outlier12	motion_outlier13	motion_outlier14
870.9401928337984	n/a	758536.819493374	n/a	1084.0094903090906	n/a	n/a	1175076.5750801745	798.236567835654	n/a	n/a	637181.6182300446	844.1289178599482	690.6987306488707	n/a	n/a	n/a	n/a	-0.0335383957	-0.0642168572	-0.1008505404	-0.0466742985	0.1426120354	-0.2640785807	0.1986512169	-0.032858481	-0.0579279019	0.0198452656	0.013707881	-0.0891776118	0.1892432044	-0.0855001094	0.0155015386	-0.1868818469	0.1066406873	0.1485134807	-0.1956897218	0.0224254659	-0.0518473293	0.0021058997	-0.0444513505	0.0037090886	-0.1770762363	0.0228020465	-0.1660646911	0.1590247666	-0.0475413788	-0.0352151811	-0.0047552807	0.0170956386	-0.0811190552	0.1859810844	-0.0205070983	0.1040197918	-0.0637958935	0.0535795842	-0.1493002949	0.0576600581	-0.157346766	0.0690234776	0.016044055	-0.1235999029	0.0157681581	-0.0261229699	0.1174230614	-0.2181621361	0.0230307422	-0.013002633	0.1802155482	-0.1757786345	0.0958074003	0.1561451084	0.1560591586	-0.0623593487598697	n/a	0.003888688377755	n/a	0.0225358520835499	n/a	n/a	0.0005078646291316	0.0197102331357683	n/a	0.0003884932902663	n/a	0.0033732702825076	n/a	1.1378952398848903e-05	n/a	0.0048880256778129	n/a	n/a	2.3892795026958262e-05	-0.0003027468162064	n/a	n/a	9.165563472311174e-08	0.0	0.0	0.0	0.0	0.0	0.0	0.0	0.0	0.0	0.0	0.0	0.0	0.0	0.0	0.0
870.1094851314957	-0.830707702302675	757090.5161157965	0.6900752866649897	1071.6191599615688	-12.39033034752174	153.5202861207182	1148367.6239967383	796.9405698714718	-1.29599796418222	1.679610723164459	635114.2719070662	841.116601899316	695.1686003212182	1.015576	18.933472	0.1125970158399001	0.0584771777263905	0.0033037516	-0.1068263263	-0.1316880122	0.0401509499	0.0515578652	-0.2183023485	0.0665953603	0.1602202446	-0.0232866415	0.0504663856	-0.0111302499	0.0270146763	-0.0036140177	-0.1691263872	0.1014652199	-0.0236614305	0.0911113201	-0.0353537824	-0.2957462368	-0.0145091438	-0.0204097233	-0.0848774641	-0.1067462266	0.0570701089	-0.1048081555	-0.1282814742	0.0342795522	0.0002744767	-0.020510043	-0.0051307732	0.0223299854	0.0250714981	-0.0676139293	0.1812743182	-0.0687544289	0.1616941995	-0.1063925935	0.1215617392	0.0243194681	-0.0532120323	0.036240783	0.1070088057	0.0604126316	-0.0994153924	0.0072540098	0.2198031939	-0.0518593477	-0.180648988	0.0649710563	-0.1239952409	0.1460508662	-0.0313771209	-0.0225929304	0.155915944	0.1551433414	-0.0501958033417508	0.0121635454181188	0.0025196186731237	0.0001479518371386	0.0070801141944656	-0.0154557378890843	0.000238879833696	5.012801700667328e-05	0.0061450159758464	-0.0135652171599219	3.776122134340749e-05	0.0001840151165958	0.0042900697598622	0.0009167994773545	1.8404698544484117e-05	8.405212816776672e-07	0.0045310518275365	-0.0003569738502764	1.27430329781158e-07	2.0530430663821853e-05	-0.0004572237960309	-0.0001544769798244	2.386313729569897e-08	2.0905359965690601e-07	0.0	0.0	0.0	0.0	0.0	0.0	0.0	0.0	0.0	0.0	0.0	0.0	0.0	0.0	0.0
868.3849504538633	-1.724534677632391	754092.4221747586	2.974019854356656	1068.508893374739	-3.1102665868297663	9.673758241149685	1141711.2552209094	797.1088926253781	0.1683227539062954	0.0283325494825993	635382.5867024565	840.144534490579	699.3035944380607	1.037871	19.349121	0.1397022471519249	0.0769038106690116	-0.0286884204	-0.0178174087	-0.0055036198	0.0200617403	0.0760977304	0.0023737798	-0.0199062246	-0.0230160946	-0.0361437563	0.0747148319	-0.0118712383	0.0850381138	0.0033293929	-0.0584428428	0.088191836	-0.1358670457	0.0860252185	-0.1662273886	-0.1015629488	-0.0398110584	-0.0541026864	-0.0968688839	-0.0454822515	0.0272699021	0.0527268697	-0.0513727292	0.0810639927	0.0716212698	0.2107372635	-0.0332629261	-0.013960036	0.0353549302	-0.0503066741	0.1720011346	-0.0684444282	0.1884948672	-0.0767520331	0.0720330107	0.0705502038	-0.0091860829	0.0828493757	-0.1117040547	0.0669718308	-0.0099047556	0.0341587326	0.0194950293	-0.0987383256	-0.2724254902	0.0229877139	-0.0668956331	-0.0594167995	0.0391505514	-0.1295088944	0.1554579513	0.1533170814	-0.0384546956343712	0.0117411077073796	0.0014787636163321	0.0001378536101962	0.0523241453137472	0.0452440311192815	0.0020470223519225	0.0027378161828141	0.0319367409363451	0.0257917249604986	0.0010199554216352	0.000665213076438	0.0033114417003202	-0.0009786280595419	1.0965646134619536e-05	9.5771287892294e-07	0.0046293757499957	9.832392245920016e-05	9.667593727762806e-09	2.143111983464825e-05	-0.0003956681107368	6.155568529409998e-05	3.789102392026276e-09	1.5655325385402862e-07	0.0	0.0	0.0	0.0	0.0	0.0	0.0	0.0	0.0	0.0	0.0	0.0	0.0	0.0	0.0
868.9075659431924	0.5226154893290413	755000.3581533232	0.2731269496866333	1066.1395151861782	-2.3693781885608587	5.613953000427936	1136653.465841419	796.8719380040322	-0.2369546213458306	0.0561474925771459	635004.8855783022	840.2155608875696	693.4661070114445	0.8145029999999999	15.184863	0.1062521004071702	0.0470863509501071	-0.0227427	-0.0235021435	0.0471686459	-0.0412394508	-0.0127268592	0.102913134	-0.0730257193	-0.0361703233	-0.0371523215	0.0720310164	-0.074128079	0.0915159036	-0.0541312157	-0.0657621191	0.1196251736	-0.1638738651	-0.001717304	0.1144641027	-0.0472463004	-0.0297674304	-0.0524069762	-0.0652737507	0.0582393484	0.0581232553	0.1021612122	-0.0980129715	0.0340819064	0.1958413024	-0.0131227356	-0.0339833679	0.0035386551	0.0181037757	-0.0770594114	0.1627075441	-0.0293097334	0.1365323021	-0.0204293321	0.1049162629	-0.1395266011	0.0892357155	0.0080584338	-0.0746436692	0.0402457418	0.01232438	0.0439985587	0.0723031174	-0.1015547936	-0.2723481111	0.0705518363	0.0348942413	-0.0124255308	-0.0375019033	0.1245803884	0.1547718027	0.1505910958	-0.0554936616054675	-0.0170389659710963	0.0030795464783821	0.0002903263613641	0.0210508382067473	-0.0312733071069998	0.0009780197374087	0.0004431377892066	0.0408021605317117	0.0088654195953666	0.0016648163040555	7.859566460191014e-05	0.0029020494658579	-0.0004093922344623	8.421891102286122e-06	1.6760200163803484e-07	0.0044400050787749	-0.0001893706712207	3.586125111861624e-08	1.9713645099546907e-05	-1.2942861745750224e-05	0.000382725248991	1.4647861621526104e-07	1.6751767016960454e-10	0.0	0.0	0.0	0.0	0.0	0.0	0.0	0.0	0.0	0.0	0.0	0.0	0.0	0.0	0.0
868.729302599508	-0.1782633436844207	754690.6011950275	0.0317778197015499	1068.5070591630606	2.367543976882416	5.605264482472207	1141707.3354812923	797.6424342986076	0.7704962945753095	0.5936645399542821	636233.4529938084	841.0381476871146	692.4545695126358	0.929368	17.326302	0.0963651552411072	0.0511291102140529	-0.0360988262	0.0518077032	0.1157794636	-0.0916802086	-0.0164489723	0.1532006836	-0.0714421553	-0.0844220207	-0.0441791856	0.0143279903	-0.0750417088	0.1071044131	-0.1278632842	0.0273201079	-0.0739059833	-0.0646407512	0.2081103202	0.0856353431	-0.1353477518	-0.0580420836	-0.0484571957	-0.0027697016	0.1135519233	0.0460170123	0.2021686083	-0.0496545689	0.0572435091	0.0435700743	0.1010435424	-0.041139005	-0.0172594033	0.0287365139	-0.0436374031	0.1562233947	-0.0576645811	0.1548542157	-0.0355217657	-0.0656604306	-0.0521555559	0.0922510564	0.1469814406	-0.0022587719	-0.1196473505	-0.0862316406	-0.0768034118	0.0065486936	-0.1160241512	-0.0280920754	-0.0122848201	-0.0342987794	-0.0657559228	-0.0180983325	0.0974750087	0.1538585052	0.1469813818	-0.0561374883956631	-0.0006438267901955	0.0031514176033732	4.145129357735648e-07	-0.0191948984796255	-0.0402457366863727	0.0016197193214288	0.0003684441276431	0.0574748053250431	0.0166726447933314	0.0033033532471516	0.0002779770844046	0.0027438799878429	-0.0001581694780149	7.528877387684754e-06	2.5017583775537456e-08	0.0042169615556615	-0.0002230435231133	4.9748413202837735e-08	1.778276476192706e-05	-0.0004077888000415	-0.0003948459382957	1.5590331498865102e-07	1.6629170543928649e-07	0.0	0.0	0.0	0.0	0.0	0.0	0.0	0.0	0.0	0.0	0.0	0.0	0.0	0.0	0.0
867.8865492240254	-0.8427533754825163	753227.0623239867	0.710233251887175	1066.697439127955	-1.8096200351055811	3.2747246714555254	1137843.426642137	797.8982478972404	0.2558135986328125	0.0654405972454696	636641.6139974861	841.1698348131467	690.5585641225715	0.8362349999999998	15.589999	0.1317255754597587	0.0769505940052193	-0.0351895491	0.05022273	0.0953955884	-0.014869171	0.004442417	0.1388989101	-0.1780369045	-0.0987638796	-0.0236082312	0.0080361469	-0.0107118802	0.0751561466	-0.1162604002	0.1266553129	-0.0643543225	0.0549659353	0.2100161689	-0.0570887107	-0.1753895075	0.0797731315	-0.0388037918	-0.0104752722	0.0525372958	-0.0199760816	0.1429772508	0.0661019794	0.1564649779	-0.0750798665	0.1194037604	-0.0415840911	-0.0429425248	0.063144728	-0.0085659963	0.1870138328	-0.0502077619	0.0996277925	0.0169539565	-0.080705732	0.0422045142	-0.0085147318	0.1111920267	0.0150811617	-0.0783605629	0.0032000359	-0.059400574	-0.208902758	-0.0242212208	0.1944909884	0.0385003422	-0.0488879841	-0.0926623329	-0.0175592347	-0.0164182761	0.152719399	0.1425091225	-0.0344287287010161	0.021708759694647	0.0011853373599681	0.0004712702474799	0.0107949722357574	0.0299898707153829	0.0008993923455253	0.0001165314255707	0.1207526019040869	0.0632777965790438	0.0145811908666068	0.0040040795398988	0.0024649056387767	-0.0002789743490662	6.07575980807317e-06	7.782668743691022e-08	0.0042620042056533	4.5042649991799445e-05	2.0288403182837507e-09	1.816467984900641e-05	-0.0004187547703972	-1.0965970355700022e-05	1.2025250584209167e-10	1.7535555773041168e-07	0.0	0.0	0.0	0.0	0.0	0.0	0.0	0.0	0.0	0.0	0.0	0.0	0.0	0.0	0.0
868.538021301749	0.6514720777236107	754358.2944467574	0.4244158680535183	1067.163051342142	0.4656122141868763	0.2167947340000056	1138836.9781498709	797.782722719254	-0.1155251779863419	0.0133460667487759	636457.2726693462	839.3038799834491	687.9863731519367	0.8776089999999999	16.361345	0.11182490690408	0.0626004000765439	-0.0548188488	0.1127432012	0.1491101693	-0.0408405349	0.0272097034	0.1528688188	-0.2349337775	-0.0502062991	-0.0325852743	0.0543839683	0.0715336161	-0.0540029281	0.0207741709	0.1581131399	-0.0891594906	-0.1518681737	0.174223071	0.0635768666	0.0363277916	-0.0663177651	-0.0569688664	-0.0263396398	0.1126321848	-0.1555207034	0.052858173	0.1183515079	0.0448631397	0.048912036	0.1943754961	-0.0629738641	-0.0698686081	0.0543847865	0.0066382944	0.1695262711	-0.0457886141	0.0560809446	0.0670936853	-0.1757157088	-0.0410963906	0.0269167368	-0.0113267948	-0.0859397756	-0.0700071428	0.0893326132	0.0011049632	-0.3275306547	0.0443542372	0.2085880055	-0.1232449014	0.0367758288	-0.0873239052	0.1029855443	-0.0416711777	0.1513561561	0.1372005631	-0.0381528484089983	-0.0037241197079821	0.00145563984172	1.3869067599381415e-05	0.043421023200878	0.0326260509651206	0.0010644592015786	0.0018853852558111	0.1430059880430292	0.0222533861389422	0.020450712616163	0.0004952131946488	0.0016378599842233	-0.0008270456545533	2.6825853279199487e-06	6.840045147156614e-07	0.0040276685029958	-0.0002343357026574	5.491322153998401e-08	1.622211357002443e-05	-0.000421800415027	-3.0456446298000287e-06	9.275951211029754e-12	1.779155901169495e-07	0.0	0.0	0.0	0.0	0.0	0.0	0.0	0.0	0.0	0.0	0.0	0.0	0.0	0.0	0.0
868.5905691024292	0.0525478006801449	754449.5767336818	0.0027612713563202	1067.2703674579489	0.1073161158069524	0.0115167487118912	1139066.0372538252	796.0290724231351	-1.7536502961189626	3.0752893610781253	633662.2841428368	839.7333552382861	695.0664919359486	1.009221	18.81501	0.1742260245931952	0.0952357799795475	-0.0455947711	0.0191959343	0.0209554121	0.0227256775	0.036071704	0.0261084548	-0.1427594568	0.0204382853	-0.0645934686	0.0968517297	0.0566218461	-0.0934275821	0.0596118262	0.0523114343	0.0060539648	0.016529361	-0.0377118109	0.1856427847	-0.0506242179	0.0658754048	-0.0620511848	-0.0775275448	0.05676621	-0.0758492074	-0.0557473487	0.0785999833	-0.0138483207	0.0302048207	-0.124601756	-0.058764728	-0.0503295336	0.0451937903	-0.0231037283	0.1377637577	0.0358964035	-0.0439233634	0.0201753919	-0.0508995036	-0.1223224694	0.0498429412	-0.0971675721	0.1642379167	-0.1739991238	0.0462465325	0.0334557039	-0.1382275661	0.0091498337	0.2505946293	-0.0908618183	0.1227665577	0.0707726744	0.0036657071	0.1343742469	0.1497707771	0.1310868562	-0.0378619518964455	0.0002908965125527	0.0014335274014087	8.462078101537996e-08	-0.0380093685042766	-0.0814303917051545	0.0066309086932549	0.0014447120940938	0.1157531516012113	-0.0272528364418178	0.013398792105613	0.0007427170941244	0.0008980887820797	-0.0007397712021436	8.065634604973988e-07	5.472614315209873e-07	0.003637736745548	-0.0003899317574478	1.5204677546633014e-07	1.3233128629910156e-05	-0.000597135454109	-0.000175335039082	3.074237592988646e-08	3.565707505539617e-07	0.0	0.0	0.0	0.0	0.0	0.0	0.0	0.0	0.0	0.0	0.0	0.0	0.0	0.0	0.0
868.3928592179286	-0.1977098845005684	754106.1579406892	0.0390891984292281	1069.3201447848617	2.049777326912817	4.201587089925855	1143445.5720427176	797.7644691713394	1.73539674820438	3.011601873678336	636428.148272229	840.094886422556	692.8605848540745	1.213821	22.629383	0.1251599389810984	0.0643514795494909	-0.1425225037	0.0223596152	-0.1741971174	0.0603650457	0.1243645674	-0.1396911657	-0.0905995328	0.0059099199	-0.1087553241	-0.0094045054	0.1547402168	0.0023151467	0.1032700403	0.0304439571	-0.0453785446	0.1249909598	-0.0269263978	-0.1612446502	-0.1839720095	0.083617894	-0.1170418084	-0.045043589	-0.1440821085	-0.0834444107	-0.0886445123	0.0644965833	0.0266471479	-0.0892025596	0.0795341664	-0.102915969	-0.1229784672	0.0186125785	0.0255369867	0.0635914543	0.078329999	0.034633445	-0.0528836235	-0.034199962	0.1483400769	-0.071550825	-0.0124496502	0.1806367334	-0.2785196606	0.0698929945	-0.0007267208	-0.1110062371	0.0143275318	0.1845521066	-0.0783235447	-0.0139248684	0.0555511358	0.2153127628	-0.0668219674	0.1479655889	0.1242038795	-0.018908233691306	0.0189537182051395	0.000357521301325	0.0003592434337998	0.0020659526225301	0.0400753211268067	0.0016060313634166	4.2681602385389984e-06	0.1152590182881141	-0.0004941333130971	0.0132846412967398	2.441677311124103e-07	0.0003592929333124	-0.0005387958487672	1.2909141192822874e-07	2.903009666488752e-07	0.0029179074500094	-0.0007198292955386	5.181542147155973e-07	8.514183886820359e-06	-0.0005430252716938	5.411018241520003e-05	2.927911841006223e-09	2.948764456981253e-07	0.0	0.0	0.0	0.0	0.0	0.0	0.0	0.0	0.0	0.0	0.0	0.0	0.0	0.0	0.0
867.5386729512358	-0.8541862666928637	752623.3490659912	0.7296341782066921	1060.7110523355418	-8.60909244931986	74.11647280093622	1125107.9365467725	796.297468320785	-1.4670008505544274	2.1520914955274133	634089.6580540916	840.4040399251575	695.6514862086278	1.675823	31.242535	0.4460221769333284	0.2664793693841956	0.0225506133	-0.0255053255	-0.1523333942	0.158382274	0.0070150878	-0.079431262	0.0365568628	0.0046501209	0.0324746824	0.1233152153	0.0331587202	0.0610860565	0.0948756063	0.0097329199	0.0824826095	0.0616997025	-0.0826419838	-0.0382683895	0.0655406706	-0.1661619007	0.0251209164	-0.1279372914	-0.1110603457	-0.0030081298	-0.0182673146	0.0041052529	-0.0437172515	-0.0309662313	-0.1141874588	0.0095951589	0.0040943466	0.0404525713	-0.0083042095	-0.0363928629	0.0130983729	0.0690062982	0.0257243846	0.1989879458	0.2093706169	-0.082652937	-0.0370543744	-0.1286285981	0.2985560558	0.0663272069	0.2181260447	0.1006671449	-0.0322016992	0.1934386065	-0.1331106226	0.3546032643	0.3587764377	0.2489795552	-0.1365916761	0.1459432408	0.1165920251	-0.0168177951713772	0.0020904385199287	0.0002828382344263	4.369933205602104e-06	0.1058766570219233	0.1038107043993931	0.0107766623478981	0.0112098665021379	-0.0282003171635523	-0.1434593354516664	0.0007952578881249	0.0205805809282337	0.0036760194072256	0.0033167264739132	1.3513118682299253e-05	1.100067450275669e-05	0.0025470604568371	-0.0003708469931722	1.3752749234493577e-07	6.487516970783217e-06	-0.0007886857758551	-0.0002456605041613	6.034908330478411e-08	6.220252530361611e-07	1.0	0.0	0.0	0.0	0.0	0.0	0.0	0.0	0.0	0.0	0.0	0.0	0.0	0.0	0.0
869.0095659916146	1.470893040378883	755177.6257849344	2.163526336235033	1066.6515581854458	5.940505849903957	35.28960975274313	1137745.5465794394	798.3926969466671	2.0952286258821005	4.389982994715795	637430.8985377726	844.2493444079141	700.0528735696365	1.680325	31.32646	0.3328947495597295	0.2702591145932344	0.1859390323	-0.0643082862	0.1015894917	0.0109288615	-0.1260800031	0.1532059599	0.0164334932	0.0616816051	0.1225047602	0.0249093221	-0.1049944782	0.0245006862	-0.1323282271	-0.0148206505	-0.0046362589	0.1204229556	0.1070817699	0.0931590783	0.1251205058	0.1381011135	0.1349629536	-0.0023841263	0.1447739027	0.0889339912	0.0847427743	-0.132081799	0.0957189116	-0.0407064247	-0.0784571796	0.1385110618	0.1273281263	0.1339273582	0.0289617067	0.039031098	-0.0369898511	-0.0962970188	0.0283465347	0.0226730807	-0.093056499	-0.0395326329	0.047714312	-0.1713163406	0.4932596412	-0.0640339695	-0.0719543728	0.2264286188	0.1374578494	0.3048371136	-0.2585784312	-0.0679158311	-0.0626687718	-0.2015957329	0.0318195454	0.1437067008	0.1082959623	0.0031329529605557	0.0199507481319329	9.815394253054726e-06	0.0003980323510238	0.1070656264832052	0.0011889694612818	1.4136483798609706e-06	0.0114630483742412	0.0062271000223574	0.0344274171859097	3.877677468844353e-05	0.0011852470540926	0.0089764462856069	0.0053004268783813	8.057658791838591e-05	2.8094525093066937e-05	0.0026222839064027	7.522344956559972e-05	5.658567364548325e-09	6.876372885778603e-06	-0.0006177838081899	0.0001709019676652	2.9207482551837078e-08	3.8165683366161526e-07	0.0	1.0	0.0	0.0	0.0	0.0	0.0	0.0	0.0	0.0	0.0	0.0	0.0	0.0	0.0
866.7393989635876	-2.270167028027004	751237.1857157612	5.153658335140959	1063.0194882359997	-3.632069949446077	13.191932117669229	1130010.4323695267	797.343950726909	-1.0487462197580726	1.0998686334568477	635757.3757607955	840.8444793599107	700.2835888597253	1.525045	28.431559	0.3054078174621554	0.1984059989210753	0.0567986623	-0.0075010104	-0.0052744164	0.0108472323	-0.0511913956	0.0519746607	-0.0885511347	0.0589417682	-0.0122399633	0.0064412852	0.0311374	-0.1139241506	0.045456293	-0.0820865539	0.0531161911	0.0940376523	0.0616286666	0.1575707711	0.1629528463	0.0198758016	-0.0016194338	-0.0068655927	0.0576343133	-0.0603596633	-0.1055240289	0.0131985122	0.0455843295	0.0951376669	-0.0988247584	0.0357047826	0.0657703058	0.0857254171	0.0339419402	-0.0428427188	-0.000371706	-0.1220606522	0.0162971647	-0.0092312265	-0.0390638859	0.056123455	-0.1256764578	0.0876038823	0.0757470131	-0.0542935689	-0.1837926292	0.0278383924	0.3143276469	-0.0092002765	-0.0051604792	-0.1823774835	-0.0874142308	0.1049490446	-0.0228420593	0.1412592515	0.0993643757	0.0040703234600698	0.000937370499514	1.6567533069594586e-05	8.786634533593127e-07	0.0587579167428629	-0.0483077097403422	0.0023336348203571	0.0034524927799612	0.0212845574875615	0.0150574574652041	0.0004530323874413	0.0002267270253164	0.0055393601013797	-0.0034370861842272	3.068451033275732e-05	1.1813561437805494e-05	0.0013852070116391	-0.0012370768947636	1.530359243557951e-06	1.9187984650941253e-06	-0.0004698412920388	0.000147942516151	2.1886988085118475e-08	2.2075083970468897e-07	0.0	0.0	1.0	0.0	0.0	0.0	0.0	0.0	0.0	0.0	0.0	0.0	0.0	0.0	0.0
866.2882927249461	-0.4511062386415005	750455.406112302	0.2034968385412824	1068.2506077207368	5.231119484737064	27.36461106359577	1141159.360895723	796.7266827983241	-0.6172679285849654	0.3810196956595739	634773.4070828214	841.8416625313137	696.9045394074052	0.992719	18.507353	0.1436759427880317	0.101565208547376	0.0361343177	-0.0664985008	-0.041286687	0.078436884	0.0385879269	-0.1344839425	0.0620356041	0.1338944443	0.0056277831	0.0559648778	-0.0263762998	0.0354525861	0.0046304756	-0.0695597202	0.1501173502	0.0661127432	-0.011907665	-0.00478555	-0.0376580318	-0.0912970339	0.0038560649	-0.0975889426	-0.0761785051	0.0600510112	-0.0622320612	-0.0599420526	0.0504508111	-0.0322525799	-0.0901711039	0.0211725434	0.0547436139	0.0686399383	0.0237821948	-0.0841294675	-0.0095482639	-0.1205697817	0.0010986502	0.0660431764	0.0613015839	0.0392617899	0.0077159633	0.104114824	-0.0192691269	-0.0951183008	-0.2058344989	0.1775954162	0.1215000582	0.1045845092	0.3238941539	0.1069218784	-0.0882712221	-0.0670069484	-0.015156409	0.1386044847	0.0898496795	0.0041742717160104	0.0001039482559405	1.7424544359084408e-05	1.0805239913092453e-08	-0.0157063459186446	-0.0744642626615075	0.0055449264137219	0.0002466893021161	0.0202925654521379	-0.0009919920354236	0.0004117882126293	9.84048198343861e-07	0.0041958260901921	-0.0013435340111875	1.7604956579136726e-05	1.8050836392178416e-06	0.00138605654119	8.49529550900124e-07	7.217004578525664e-13	1.9211527353755864e-06	-0.0004519100360741	1.7931255964700012e-05	3.215299404715897e-10	2.0422268070449442e-07	0.0	0.0	0.0	0.0	0.0	0.0	0.0	0.0	0.0	0.0	0.0	0.0	0.0	0.0	0.0
867.5355861019293	1.2472933769831798	752617.9931532181	1.5557407682661046	1066.600667230014	-1.6499404907226562	2.72230362292612	1137636.9833355113	798.2210213938067	1.4943385954826454	2.2330478379490453	637156.798994972	842.8190457398277	684.4371201674412	1.08985	20.318169	0.1508458534331322	0.0865776744481303	0.0312184465	0.0379590953	0.1563001797	0.007587717	-0.0176975202	0.0549625572	-0.0067819249	0.0587765127	0.0280463183	-0.0042530215	0.0366266281	0.006344596	-0.1277379468	0.1506156837	0.0085352643	0.04720587	0.0944510732	-0.1407226816	0.1123917357	-0.0194607563	0.0300758699	0.0155749459	0.0583154406	-0.0550954804	0.0582730947	0.0468886282	0.1029714922	-0.1223323041	0.1021472319	0.0167664839	0.0638979462	0.033482216	0.0475842125	-0.0947043295	-0.0984399524	-0.0496150789	0.0284201754	-0.1377682743	0.1377328752	-0.0356948382	0.1194919113	-0.0613123453	0.0628181451	-0.0386990402	-0.0292923121	-0.018521618	0.0233258386	0.0186714668	0.0834218068	-0.157256395	-0.2079708862	0.0009631725	-0.184608376	0.1357462967	0.0798077096	-0.0101728893553598	-0.0143471610713701	0.0001034876778363	0.0002058410308078	0.0622969898142855	0.0780033357329301	0.0060845203854642	0.0038809149399211	0.0040662837501059	-0.0162262817020319	1.6534663536375298e-05	0.0002632922178736	0.0035562303164016	-0.0006395957737905	1.2646774063293823e-05	4.0908275385066877e-07	0.001286391885841	-9.966465534900008e-05	9.933043525834967e-09	1.6548040839575643e-06	-0.0003457889666776	0.0001061210693965	1.1261681369856775e-08	1.1957000947596238e-07	0.0	0.0	0.0	0.0	0.0	0.0	0.0	0.0	0.0	0.0	0.0	0.0	0.0	0.0	0.0
868.9716314362922	1.436045334362916	755111.6962410513	2.0622262023455	1073.0439664906469	6.443299260632784	41.51610536207099	1151423.3540219804	798.4872255386845	0.2662041448777472	0.0708646467500926	637581.8493484659	842.7390376062298	692.5737655601051	1.049693	19.569534	0.1009520077130414	0.0502130169893925	0.0308897246	0.0160085772	0.0212902635	0.001917522	-0.0077040433	0.056161594	-0.0552110584	-0.0681146364	0.0136988848	-0.0195156838	0.0338270079	-0.110965141	0.0737611022	0.0461689759	0.0065902	-0.0419325005	0.0476775863	-0.0990541186	0.1978879944	0.0738666165	0.0212937575	0.0226207534	0.0208758952	-0.0744048597	-0.0792340695	0.1169054719	0.0076109719	0.0015505073	0.0661328072	0.0100984064	0.050022074	0.0029898018	0.0254599419	-0.123785694	-0.0302597141	-0.1436455406	0.0456634805	-0.0794226829	0.0823435107	-0.04696831	-0.1095377484	0.0030384024	0.0784729772	-0.070799476	-0.036877451	0.0074455735	0.1952855057	-0.0731698423	0.1057590112	0.0554003118	-0.1835403202	0.0839957005	0.0072437935	0.1326888823	0.0692973963	-0.0151183473478369	-0.0049454579924771	0.0002285644265298	2.445755475535564e-05	0.0446028809018343	-0.0176941089124511	0.0003130814902056	0.0019894169847432	-0.0047397827782873	-0.0088060665283931	2.2465540785348877e-05	7.754680770248704e-05	0.0028280938680185	-0.0007281364483831	7.99811492632384e-06	5.30182687463955e-07	0.0007281593193544	-0.0005582325664865	3.116235982862162e-07	5.302159943626632e-07	-0.0002420304959529	0.0001037584707246	1.0765820247128424e-08	5.857876097120675e-08	0.0	0.0	0.0	0.0	0.0	0.0	0.0	0.0	0.0	0.0	0.0	0.0	0.0	0.0	0.0
866.8247768732109	-2.14685456308132	751385.1938012919	4.608984515023084	1073.175904372643	0.1319378819960093	0.0174076047055928	1151706.52172604	799.3838143625567	0.8965888238722073	0.803871519092548	639014.4826648305	844.0174481190966	693.5338565993671	1.033515	19.267927	0.1288542133403401	0.0774712517295514	-0.0190680529	-0.0828592528	-0.1258838396	0.0081808004	0.0345865117	-0.0523145059	0.0239372158	0.039234214	-0.0394370122	-0.095750301	-0.0360346649	0.028588059	0.044879972	-0.0987368547	-0.1030186636	0.1614689132	-0.0411220528	0.0369134736	0.0833631479	0.018118199	-0.0236087052	0.0636069563	-0.0741234077	0.0723447931	-0.0335394876	-0.0071597516	-0.0678198808	-0.0526202669	-0.0591341959	-0.0188199066	0.0175883136	-0.0067753622	0.0176323427	-0.1512967873	0.0700868322	-0.1406640659	0.0007006567	0.1133382205	-0.0070712956	0.0140039379	-0.079435633	-0.0547565054	-0.0802005021	0.0913008347	-0.0463782099	0.0165612623	0.0623553286	-0.0222408859	0.0705471375	-0.0857107065	-0.1612286087	0.0371335293	0.1281945239	0.1294367287	0.0583804184	-0.0124878300696451	0.0026305172781918	0.0001559458998483	6.919621150865596e-06	0.0208712371928783	-0.0237316437089559	0.0005631909131288	0.0004356085419613	0.0183399575677185	0.0230797403460058	0.0003363540435857	0.000532674414439	0.0015899876554749	-0.0012381062125435	2.528060744562569e-06	1.5329069935390575e-06	0.0006560286669392	-7.21306524152001e-05	5.202831017842412e-09	4.3037361184602374e-07	3.5978879232031026e-05	0.0002780093751849	7.728921269071577e-08	1.2944797507930735e-09	0.0	0.0	0.0	0.0	0.0	0.0	0.0	0.0	0.0	0.0	0.0	0.0	0.0	0.0	0.0
867.1679630745069	0.3431862012960209	751980.2761827894	0.117776768759993	1073.467398676379	0.2914943037360444	0.0849689291105613	1152332.256021032	798.2938083771736	-1.0900059853830726	1.188113048170923	637273.0044933315	843.5422383439183	683.1810751290989	1.025489	19.118288	0.063811601896322	0.0384986413591247	-0.020876021	0.0244523459	0.1034001921	-0.0194561924	0.0005735125	0.058290365	0.1280166879	-0.0355632732	-0.0135494968	-0.0193130284	-0.1108273048	0.0535167966	-0.081770086	0.0880819109	-0.0814937587	0.0606414012	-0.0581628677	0.034181265	0.1762216704	0.023475464	0.0004932883	0.0409537961	0.0464004377	0.1083394417	0.1066512598	-0.0317308638	-0.0584933851	-0.0878443874	-0.0357341488	-0.0164946229	0.0124242158	0.0046744573	0.0183837746	-0.1887226824	0.0479382409	-0.1071398651	0.0654829079	-0.0445836863	-0.0474414224	0.1119361495	0.0500208139	-0.1284988939	-0.1096539774	0.0207274995	-0.0302353659	0.1457943404	-0.1210616315	-0.0185519278	0.0449025622	0.083338303	-0.0808307218	0.0842981371	0.0732613344	0.1259946088	0.0471208409	-0.0095575254368327	0.0029303046328124	9.134629247570409e-05	8.586685241081822e-06	0.0209834159433341	0.0001121787504557	1.2584072053824462e-08	0.0004403037446509	0.0054718199955203	-0.0128681375721982	2.9940814063375776e-05	0.000165588964577	0.0013430022835404	-0.0002469853719345	1.803655133594729e-06	6.100177394962333e-08	-3.39617171061235e-05	-0.0006899903840453	4.76086730075013e-07	1.1533982287963616e-09	5.70227420693194e-05	2.104386283728837e-05	4.428441631146068e-10	3.2515931131041284e-09	0.0	0.0	0.0	0.0	0.0	0.0	0.0	0.0	0.0	0.0	0.0	0.0	0.0	0.0	0.0
867.329988524998	0.1620254504911145	752261.3089947732	0.0262522466068485	1072.094115027066	-1.3732836493129523	1.8859079814703004	1149385.791475668	798.0810001496346	-0.2128082275389715	0.0452873417082786	636933.2827998411	841.0522752334441	683.3101877241472	1.027578	19.157232	0.1117078390226987	0.0546613523953375	0.0010496577	0.0498841522	0.1127390567	-0.014611658	-0.0081171691	0.0377066106	-0.0810598215	-0.0101453416	-0.0014689063	-0.0054243892	0.123288268	-0.1544958542	0.0044284478	0.1407435609	-0.0038658389	0.0223876746	-0.0672695662	-0.117537157	0.1480302026	0.0670147782	-0.0012636503	0.0035981602	0.0726409544	-0.1540856598	-0.0872746216	0.1426266627	0.0494491933	-0.0507873209	0.0331698776	-0.0126054185	0.0119807595	0.0119347361	0.0380781483	-0.1011335244	-0.02558373	-0.1607027331	0.0460126129	-0.1473885434	0.0444817227	-0.0211061032	0.0067043305	0.0415528327	-0.0874895862	0.0410222561	0.0397104258	-0.0441672675	-0.0597575224	-0.0285099327	-0.0336622298	0.1504319392	-0.1656410048	-0.2886482852	0.0059856882	0.1223675745	0.0355847396	0.0067862936761713	0.0163438191130039	4.605378185924258e-05	0.0002671204231985	0.0209636181393904	-1.979780394370176e-05	3.9195304099325286e-10	0.0004394732854941	0.0304132424214742	0.0249414224259539	0.0009249653145873	0.0006220745526298	0.0007360497014824	-0.000606952582058	5.417691630523301e-07	3.683914368668732e-07	0.0005169289216089	0.000550890638715	3.034804958238466e-07	2.672155099957403e-07	-0.0001931900307536	-0.0002502127728229	6.260643168373389e-08	3.732238798257692e-08	0.0	0.0	0.0	0.0	0.0	0.0	0.0	0.0	0.0	0.0	0.0	0.0	0.0	0.0	0.0
866.8721993226686	-0.4577892023294225	751467.4099585206	0.2095709537694089	1072.9433550341375	0.8492400070715576	0.7212085896108992	1151207.4431119114	798.0709304317352	-0.0100697178994551	0.0001013992185746	636917.2100001755	842.6649766749762	683.7215986235749	1.040038	19.38953	0.1030892182700648	0.0491581001734454	-0.0295256674	-0.0281791755	-0.106884908	0.0584555796	0.0360873005	-0.1119146539	0.0105589542	-0.0095613409	-0.0185832975	-0.0444990332	0.0419152792	-0.0194345513	0.1226723573	-0.0383413574	0.0492211099	0.1048839685	-0.1716879909	-0.0610997875	0.1053739662	0.0404848906	-0.0159600366	0.0130151402	-0.1247754958	0.0012221262	-0.1170261236	0.0307857215	-0.0472992187	-0.0731474855	-0.0645927407	-0.015050947	-0.0067624132	-0.0216331448	0.0411331283	-0.1490795505	0.0417675369	-0.147714097	-0.0184540355	0.0234203497	0.1263746667	-0.1100155487	-0.0576504155	0.0887744057	-0.0459332853	0.0430384777	0.0835133624	0.03660193	-0.0191912537	-0.1461929019	-0.0773974233	-0.0043956533	-0.0242322773	-0.0054755933	-0.0397612132	0.1185609488	0.023839813	0.0045434435571678	-0.0022428501190035	2.0642879357169597e-05	5.030376656314014e-06	0.044961057826157	0.0239974396867666	0.00057587711152	0.002021496720847	-0.0021264284504241	-0.0325396708718982	4.521697954773039e-06	0.0010588301804514	0.0005729992317364	-0.000163050469746	3.2832811957050457e-07	2.658545568439126e-08	-3.4005993363228626e-05	-0.0005509349149721	3.035292805353467e-07	1.1564075846199492e-09	-2.0990263623799847e-05	0.0001721997671298	2.965275979955741e-08	4.405911669966151e-10	0.0	0.0	0.0	0.0	0.0	0.0	0.0	0.0	0.0	0.0	0.0	0.0	0.0	0.0	0.0
865.8896000233375	-0.9825992993311274	749764.7994285754	0.9655013830460226	1069.8098016936203	-3.13355334051721	9.819156537866569	1144493.0117997432	798.2416001842868	0.1706697525515892	0.0291281644360206	637189.6522647707	842.6920573256884	688.5722923922096	1.071816	19.98197	0.0723235521015037	0.0475932587556304	-0.0295156139	-0.0564184075	-0.0278973704	-0.0078600545	0.0086445493	0.00238768	0.0423253077	0.0200204916	-0.0111393528	-0.0358391502	-0.0279471483	0.067669295	-0.0508999015	-0.0287587712	0.0187842378	0.0507675289	-0.1318967757	-0.0891889269	0.1709799549	-0.011322359	-0.006699387	0.0292671685	-0.0420096379	0.0539188068	0.0512499141	-0.0555730561	0.0050842855	-0.0493358676	-0.0002609515	-0.0134376525	-0.0103871358	-0.0186858737	0.0243699817	-0.1302708206	0.052650208	-0.1062327658	0.0106099115	0.1290418622	0.0822660642	-0.0056977783	0.065778512	-0.1628503689	-0.0518307929	0.1646013844	0.0636770641	-0.0856082826	-0.1281281525	-0.0529248856	0.0512961626	0.0067431754	-0.092442863	-0.1010671423	0.0170695525	0.1145803187	0.0119549848	0.0044983153416495	-4.512821551830044e-05	2.0234840912919253e-05	2.0365558358661723e-09	0.044966323103452	5.265277294996817e-06	2.7723144993209004e-11	0.002021970213444	0.0156460882881646	0.0177725167385887	0.000244800078721	0.0003158623512234	-0.00018800816609	-0.0007610073978263	3.5347070516525034e-08	5.791322595465085e-07	0.0001859916991144	0.0002199976924776	4.839898469548127e-08	3.4592912139461516e-08	8.801748347420736e-05	0.000109007747098	1.18826889273831e-08	7.747077397132366e-09	0.0	0.0	0.0	0.0	0.0	0.0	0.0	0.0	0.0	0.0	0.0	0.0	0.0	0.0	0.0
866.3886772413803	0.4990772180427711	750629.3400520686	0.2490780695693117	1071.3590093152277	1.5492076216073656	2.4000442548463505	1147810.1268409062	798.2040420040007	-0.0375581802860551	0.0014106169063998	637129.6926715245	843.7051324238347	682.3226510010924	1.080276	20.139685	0.1042949383800878	0.0545844926006321	-0.0092079782	0.0597895311	0.1447735827	-0.0795683755	-0.0581263866	0.1084182377	0.0372344538	0.0303023865	-0.022992236	-0.0223695193	-0.1149901882	-0.0362722946	-0.1628542064	0.1030043021	0.0232152413	-0.0584197633	-0.1678873603	0.1053575114	0.2009082814	-0.0994149042	0.0101128894	0.081607171	0.1483336384	0.0375652017	0.0965489248	-0.0304690752	-0.0691692441	-0.0138468105	-0.1184454949	-0.0055255385	0.0180916962	-0.0127034442	0.018858311	-0.157837682	0.0188613365	-0.1318150444	0.0860469927	-0.141205631	-0.1493997364	0.1171260468	-0.0118562334	-0.0580492164	-0.0244491781	-0.0325581768	0.0178182474	0.07677536	-0.095957483	-0.0405991639	0.0880791749	0.2340966978	0.092449432	0.0123104965	-0.0655894484	0.1104315261	-0.0	0.0044516227091122	-4.6692632537299536e-05	1.9816944744283443e-05	2.1802019332632834e-09	0.0084529328102576	-0.0365133902931944	0.0013332276707031	7.145207309472945e-05	-0.0021373356575224	-0.017783423945687	4.5682037129167095e-06	0.000316250167232	0.0004029980155479	0.0005910061816379	1.6240740053554545e-07	3.492883067342104e-07	-3.402011981945563e-05	-0.0002200118189338	4.8405200470583686e-08	1.1573685525301175e-09	-9.999314612741894e-05	-0.0001880106296016	3.5347996843199923e-08	9.998629272459356e-09	0.0	0.0	0.0	0.0	0.0	0.0	0.0	0.0	0.0	0.0	0.0	0.0	0.0	0.0	0.0
866.6858129876811	0.2971357463007962	751144.2984341177	0.0882896517297311	1072.314590717184	0.9555814019563512	0.913135815764866	1149858.581464962	798.4957745951991	0.2917325911984108	0.085107904767339	637595.5020463871	842.3975656311648	681.16778485972	1.030834	19.217943	0.051235107147215	0.0277931069756057	-0.0147939777	0.0346117334	0.0249720708	-0.0115657633	-0.0221241671	-0.0150952497	-0.0208436043	-0.0111895718	0.0056312654	-0.059767446	0.1028796711	-0.1359030039	0.0610360139	0.002546167	-0.1532992204	0.1369685654	-0.138725139	0.0156135158	0.0360117497	0.132493872	0.0130029976	0.0559477771	-0.0228401776	-0.1084000397	-0.1159070535	0.1038491494	-0.0621123367	-0.1126839358	-0.1063955138	-0.0053239069	-0.0114030891	-0.041719104	0.0173107146	-0.1059752473	0.0354980746	-0.1348101336	0.0091139108	-0.1013154537	0.014866767	-0.0250066035	-0.0582919998	0.1681501759	-0.0948441852	-0.0001981678	0.022609747	0.0413876372	0.019886255	-0.0671629182	-0.0846289148	-0.0259170097	0.1379378846	0.0678715039	-0.0232620702	0.10612066	-0.0119549848	-0.0114623599365444	-0.0159139826456565	0.0001313856953148	0.0002532548436462	-0.010386113957935	-0.0188390467681925	0.0003549096831341	0.0001078713631472	-0.0022687837919335	-0.0001314481344111	5.147379894540151e-06	1.727861204015862e-08	0.0001489992328522	-0.0002539987826957	2.2200771390544123e-08	6.451538161089743e-08	-3.400200798409081e-05	1.8111835364820198e-08	3.2803858028235147e-16	1.1561365469501752e-09	-2.699744867938797e-05	7.299569744803097e-05	5.328371845924475e-09	7.288622351961872e-10	0.0	0.0	0.0	0.0	0.0	0.0	0.0	0.0	0.0	0.0	0.0	0.0	0.0	0.0	0.0
866.7305488978718	0.0447359101907522	751221.8443928062	0.002001301660595	1071.831995207688	-0.48259550949615	0.2328984257858486	1148823.825950893	798.2630979476437	-0.2326766475554222	0.0541384223176302	637223.9735449695	842.5837871334625	681.7783952201598	1.021693	19.04751	0.0796302214846897	0.0426840679351742	-0.0266739593	-0.0462582692	-0.1583302423	0.0876432123	0.0392012586	-0.1698285146	0.0619758495	0.0080646077	0.006322993	-0.0360333794	0.0162252622	0.0731924057	0.011738436	-0.0385989817	0.0233085621	0.0691260039	-0.0565232464	-0.0574137371	-0.0806802044	-0.0571386071	0.0089021817	0.0006506735	-0.1832644007	0.0420298734	-0.0493404455	-0.0186013135	-0.0248537667	-0.1378222178	-0.0256532147	-0.0026682232	-0.0264844087	-0.0403774195	0.0305578121	-0.094667603	0.0473172043	-0.0464934849	-0.0437175	0.0759714549	0.1221355899	-0.0668132101	-0.0465710419	0.1157386936	-0.0655317767	0.0079612792	-0.0010329313	0.0636174652	-0.0847379271	0.0010576454	0.1632677659	0.1125592476	0.1656799816	-0.061014383	-0.1480627197	0.1016540472	-0.023839813	0.0044675216263385	0.0159298815628829	1.9958749481802196e-05	0.0002537611266074	0.0016149164409	0.0120010303988349	0.0001440247306337	2.6079551110891237e-06	-0.0021738964585722	9.488733336130005e-05	4.7258258125927526e-06	9.003606032418481e-09	-0.0004659948366052	-0.0006149940694574	2.1715118774270705e-07	3.782177054677734e-07	0.0003830056643181	0.0004170076723021	1.7389539875889138e-07	1.4669333889974909e-07	-2.6910746646767144e-05	8.6702032620827e-08	7.517242460582948e-15	7.24188285086489e-10	0.0	0.0	0.0	0.0	0.0	0.0	0.0	0.0	0.0	0.0	0.0	0.0	0.0	0.0	0.0
866.5832502093475	-0.1472986885243017	750966.5295433966	0.0216969036409792	1071.642825027992	-0.1891701796957932	0.0357853568861386	1148418.3444339756	797.487827522524	-0.7752704251197429	0.6010442320653469	635986.835046595	842.6913412342901	683.8265061322192	1.073621	20.015621	0.1277686251753142	0.0563332090346492	-0.0262176879	0.0361745041	0.0849500487	-0.0268431539	-0.032317977	0.0236427213	0.0459108195	-0.0533752074	0.0223134331	-0.0053104579	-0.0011783819	0.0854152996	-0.1145791424	-0.0136232428	-0.0230683483	-0.0044994261	-0.0304511151	-0.13573859	0.0556440755	-0.1374942668	0.0218093683	0.0374422844	-0.0070022577	0.0104834335	0.090180842	-0.0496149634	0.0253053812	-0.0951259923	0.0926442411	-3.86055e-05	-0.0224101869	-0.0668493831	0.0359249592	-0.1211083818	0.0124550423	-0.0063215073	0.0260030689	-0.0613178013	0.0703299009	-0.0261816595	0.1478993798	-0.1839903869	0.0560460567	0.068337937	0.0329037553	-0.1254468315	-0.1208746041	-0.0532058988	0.0535408197	0.0235019525	0.0893562795	0.0785424529	-0.0021672131	0.0970382431	-0.0355847396	-0.018573306891497	-0.0230408285178355	0.0003449677288857	0.0005308797787883	0.0343832696053993	0.0327683531644993	0.0010737649691133	0.0011822092287575	-0.0219279930090863	-0.0197540965505141	0.0004808368774065	0.000390224330527	-0.0010930032763429	-0.0006270084397376	1.1946561620963136e-06	3.9313958350230484e-07	-3.3985233629074685e-05	-0.0004169908979471	1.7388140897079104e-07	1.154996104822789e-09	-2.701834781119875e-05	-1.0760116443160737e-07	1.1578010587037803e-14	7.299911184469082e-10	0.0	0.0	0.0	0.0	0.0	0.0	0.0	0.0	0.0	0.0	0.0	0.0	0.0	0.0	0.0
867.6350667048025	1.0518164954550002	752790.6089758471	1.1063179401112384	1070.8958260108684	-0.7469990171236986	0.5580075315837718	1146817.8701675	799.0391208771737	1.5512933546497152	2.406511072180367	638463.5166921666	842.3286233346996	681.0843565749478	1.143529	21.318911	0.0395933787509039	0.0270501758860573	-0.0072803061	0.0659269938	0.0740912478	-0.0673864014	-0.0660208809	0.0791302338	-0.0185410869	-0.0398117653	0.0103040915	-0.0370294412	0.0346404853	-0.1488738114	0.0911461286	0.1089835304	-0.0019553447	-0.1150646966	-0.0948608541	0.1375473275	0.0209114402	0.0831856266	0.014070245	0.0782323562	0.114336584	-0.104196258	-0.0456221686	0.1098937446	-0.1101653155	0.132985305	-0.0843989694	0.0022267319	-0.0147066447	-0.069051358	0.0080028539	-0.0764412167	0.0516637019	-0.0748771971	0.0652970107	-0.1186501248	-0.1835111167	0.0040740422	-0.0911111139	0.033374592	0.0285632438	0.0259258453	0.1185455012	-0.0739944535	0.0730865711	-0.2088700652	-0.1002192581	-0.0275670146	0.114063598	-0.0267504657	-0.0411322218	0.092280022	-0.0471208409	-0.010394849703772	0.0081784571877249	0.000108052900364	6.68871619714507e-05	0.0268918660913044	-0.0074914035140949	5.612112661099346e-05	0.0007231724618726	-0.0218049567413061	0.0001230362677802	0.0004754561384902	1.5137923189281273e-08	-0.0015689979935415	-0.0004759947171986	2.461754703737253e-06	2.2657097080097537e-07	-3.397881954114723e-05	6.414087927453238e-09	4.114052394110138e-17	1.1545601774098491e-09	-2.702685215074719e-05	-8.504339548440036e-09	7.232379115516126e-17	7.30450737178348e-10	0.0	0.0	0.0	0.0	0.0	0.0	0.0	0.0	0.0	0.0	0.0	0.0	0.0	0.0	0.0
867.8304708812282	0.1954041764256544	753129.7261899342	0.0381827921645882	1072.1531894289217	1.2573634180532736	1.580962765058611	1149512.4616026091	798.3803653840096	-0.658755493164108	0.4339587997738871	637411.2078307046	843.2112349188048	686.3603930433122	1.012759	18.880964	0.0910989483519985	0.0493488431118766	-0.0114180008	-0.0171080958	-0.094583285	0.0121834297	-0.0049101421	-0.15423586	0.0102233832	0.0663485356	0.0247717206	-0.0612919045	0.0601516884	-0.0764518109	0.1231273859	-0.0363934973	-0.009845744	-0.0167930489	-0.1654330137	-0.0946531147	0.0418179339	-0.0607982899	0.0221309606	0.0419245375	-0.0733279846	-0.0253113401	-0.1189392329	0.0237998945	-0.0752216595	0.0076289971	-0.0251940404	0.009856582	-0.0254513823	-0.0883696006	0.012827176	-0.0911850088	0.0598080971	-0.0202046385	-0.0500331191	0.0075296423	0.0322028342	-0.0821968601	-0.0193433491	0.1018305409	-0.0504437524	0.0348759329	0.0944374075	0.0199772845	-0.0418169964	-0.0642809819	-0.0685484488	-0.0653205453	0.0640122452	-0.0945173	-0.0057186785	0.0873863672	-0.0583804184	-0.0165014255426569	-0.0061065758388848	0.0002722970449398	3.72902684760528e-05	-0.0144785182048394	-0.0413703842961438	0.0017115086968106	0.0002096274894078	-0.0387906862160605	-0.0169857294747544	0.0015047173371128	0.0002885150057895	-0.0015420103419896	2.6987651551900124e-05	2.377795894802883e-06	7.283333362867771e-10	4.86946566529145e-05	8.267347619406173e-05	6.834903666010093e-09	2.3711695865452308e-09	0.0003960371949476	0.0004230640470983	1.7898318794723258e-07	1.5684545978196334e-07	0.0	0.0	0.0	0.0	0.0	0.0	0.0	0.0	0.0	0.0	0.0	0.0	0.0	0.0	0.0
867.3255869141568	-0.5048839670713505	752253.6737159865	0.2549078202057045	1072.455157049771	0.301967620849382	0.0911844440414361	1150160.0638826492	799.5289166850429	1.148551301033308	1.3191700911053044	639246.4886155582	843.6774622939502	691.8590282613874	1.039803	19.385145	0.1685748194237032	0.1095957698560853	-0.0334172487	-0.0544794132	-0.1224549448	-0.0078502797	-0.0011958527	-0.0273762198	0.1063984401	0.0012609798	0.0037396435	-0.1218426669	-0.0967448855	0.0908431032	0.0397367201	-0.1396825202	-0.0240828763	0.0459692856	-0.0903858089	0.0517025677	0.1121671119	0.0468540462	0.0101941538	0.0752775636	-0.1027605012	0.1357740542	0.0287660068	-0.0826128221	-0.059988193	0.0345761087	-0.0593961742	0.0057875976	-0.0413356418	-0.0872984689	-0.0103107552	-0.0715961817	0.1139562192	-0.0101057475	-0.008266109	0.1943541765	-0.066307556	0.0333455568	-0.0525584531	-0.1602871303	-0.0264173628	0.1128622565	0.0573152404	-0.057500117	0.0244971203	-0.0944337001	-0.0424133367	-0.1321987793	0.0526555073	0.1251135307	0.0076913832	0.0823644609	-0.0692973963	-0.0068797086571805	0.0096217168854764	4.733039120768432e-05	9.257743582426168e-05	0.0850251245106505	0.0995036427154899	0.0099009749136518	0.0072292717980516	0.0036838160025638	0.0424745022186243	1.3570500340745136e-05	0.0018040833387199	-0.0017489929536649	-0.0002069826116753	3.0589763519694717e-06	4.2841801535928096e-08	-3.488910878823859e-05	-8.358376544115309e-05	6.986245845321697e-09	1.217249912037547e-09	0.0004449699699134	4.893277496579999e-05	2.3944164658536222e-09	1.979982741247321e-07	0.0	0.0	0.0	0.0	0.0	0.0	0.0	0.0	0.0	0.0	0.0	0.0	0.0	0.0	0.0
866.2098718046003	-1.115715109556504	750319.5420117421	1.244820205692682	1072.5493629718649	0.0942059220938063	0.0088747557575443	1150362.1360113532	798.5367410967427	-0.9921755883001424	0.9844123980187336	637660.9268814063	843.7350597317801	685.5360401902994	1.00611	18.757013	0.1478637029338532	0.1111855607119182	0.0101511951	0.0294537454	0.065098265	-0.0752211877	-0.0661800623	0.027372133	0.0982228522	0.0557144096	0.0255869454	-0.0702041527	-0.0630747163	0.0433978444	-0.0481808103	-0.026207966	-0.0747421073	0.0086121361	-0.0502716258	0.042132938	0.0377760295	-0.0983353742	0.0369724637	0.0811300262	0.0215297161	0.079585263	0.0736683736	-0.1083874498	-0.0582810393	0.0006840923	-0.0544012912	0.0197538096	-0.0101031625	-0.0810334807	0.0093932867	-0.0726728743	0.0081074396	0.0204780822	-0.0050062395	-0.0428314358	-0.0185969137	0.022341896	0.1177918161	-0.0457955907	-0.0815454847	0.0029581946	-0.0290376064	0.1024944645	-0.1684645076	0.08221169	-0.0710002857	-0.1068980315	0.1245171666	0.032017932	0.053704968	0.0772216734	-0.0798077096	-0.0122482260339893	-0.0053685173768088	0.0001500190409796	2.882097882509804e-05	-0.0227855323005172	-0.1078106568111677	0.0116231377220553	0.0005191804822179	-0.0215963794809113	-0.0252801954834751	0.0004664036066835	0.0006390882836827	-0.0018259937897941	-7.700083612919998e-05	3.33425332036662e-06	5.929128764595908e-09	-3.480488172180607e-05	8.422706643251844e-08	7.0941987198278716e-15	1.21137979166891e-09	0.000333968367861	-0.0001110016020524	1.2321355658199377e-08	1.1153487073174021e-07	0.0	0.0	0.0	0.0	0.0	0.0	0.0	0.0	0.0	0.0	0.0	0.0	0.0	0.0	0.0
866.6412517219029	0.4313799173025927	751067.0591861067	0.1860886330519917	1071.7775519798545	-0.771810992010387	0.5956922073880577	1148707.1209279296	798.5096961236769	-0.0270449730658128	0.0007314305681305	637617.7348035269	843.1714167515171	678.4711002346637	0.9382410000000002	17.49172	0.1107273965331302	0.0619228582885972	0.006733575	0.0815244155	0.1151506282	0.0034107223	-0.0459374702	0.05664355	0.064712543	-0.0430770145	0.0500353212	-0.0266675764	0.0346746713	0.0073384029	-0.0841653081	0.0718930563	-0.1447045974	-0.0674944874	0.00423498	-0.11889855	-0.0976516572	0.0484089695	0.0518436466	0.0612775031	0.0301584647	-0.0548192799	0.0664192506	0.0111349774	0.0067091296	-0.1112698365	0.1073415125	0.0219299959	-0.015026797	-0.1001333889	0.0396635541	-0.0744325018	-0.0110428054	0.0433528991	0.0060385393	-0.157530295	0.0298960146	-0.1144535198	0.0900418336	0.0193267011	0.1082235469	-0.0282540234	0.0208193111	-0.0822883447	-0.0191930214	-0.043834057	0.0831971056	-0.1494584776	0.1094106116	-0.095097837	0.0979114318	0.0719655524	-0.0898496795	-0.0129493272811771	-0.0007011012471878	0.000167685077035	4.915429588082895e-07	0.0334996603261004	0.0562851926266175	0.0031680229090154	0.0011222272419641	-0.0350170387801966	-0.0134206592992853	0.0012261930049337	0.0001801140960274	-0.0020460006890195	-0.0002200068992253	4.186118819468269e-06	4.8403035706775264e-08	-0.0002599720381355	-0.0002251671564136	5.07002483274289e-08	6.758546061232587e-08	-2.726644370069616e-05	-0.0003612348115616	1.3049058908401412e-07	7.434589520832331e-10	0.0	0.0	0.0	0.0	0.0	0.0	0.0	0.0	0.0	0.0	0.0	0.0	0.0	0.0	0.0
866.5549973435932	-0.086254378309718	750917.5634211547	0.0074398177775959	1073.2746165045376	1.4970645246830827	2.2412021910645845	1151918.402432962	797.9832697714529	-0.5264263522240071	0.2771247043158744	636777.2988351394	842.1990644269962	684.6990593577316	1.12395	20.953899	0.0709645614273015	0.0438030944708066	0.0092019813	-0.0570886956	-0.162114597	-0.0343634628	-0.0295137269	0.0366143502	0.0216664807	-0.0295298954	0.0364617094	-0.0127274119	0.0065555586	0.0364755511	-0.0003099027	-0.1242659796	0.0625891847	-0.064028615	-0.0254543914	-0.0310708845	-0.016399751	-0.1005836864	0.0208671548	0.0331612702	-0.0361780947	0.0210903563	-0.0015567059	-0.0634916235	-0.0204489101	0.1159471746	0.0600925023	0.0295938849	-0.0105283533	-0.0895940133	0.0077072117	-0.0415759409	0.078289525	2.83269e-05	-0.0197512334	0.1515489207	-0.0551662708	-0.0168769437	-0.120892464	-0.0334454911	-0.0328777323	0.0826605101	0.0215607439	-0.0611335958	0.0582273406	0.0371569701	0.1073191335	-0.0896441217	0.0517917364	-0.0302164034	0.0776701434	0.066603812	-0.0993643757	-0.007687615353376	0.0052617119278011	5.909942982146241e-05	2.7685612411164373e-05	0.0193735344420815	-0.0141261258840188	0.0001995474324911	0.0003753338367785	0.0047241360944951	0.0397411748746917	2.231746183931142e-05	0.0015793609804208	-0.0020379717284953	8.028960524199876e-06	4.153328766146121e-06	6.446420709915995e-11	-0.000285678619994	-2.5706581858500035e-05	6.60828350847763e-10	8.161227392167627e-08	0.0001757089887324	0.000202975432433	4.119902617140238e-08	3.0873648721362675e-08	0.0	0.0	0.0	0.0	0.0	0.0	0.0	0.0	0.0	0.0	0.0	0.0	0.0	0.0	0.0
866.4583983144767	-0.0965990291165326	750750.1560096883	0.0093313724262567	1073.7954864501953	0.5208699456577506	0.271305500289508	1153036.7467208116	798.0129121841923	0.0296424127393493	0.0008786726330099	636824.6080126953	842.1926375679348	677.5136417514357	1.039371	19.377087	0.0348011861260133	0.0178610082510356	0.0225327163	0.0614613614	0.0791180252	-0.0839285611	-0.0544622938	0.0912013677	0.1074139667	-0.0562959258	0.0304354395	-0.0107691162	-0.1026794128	-0.0374155692	-0.0967512652	0.0400801688	-0.0175505287	-0.0745559748	-0.145263417	0.1141052299	-0.010183991	0.0281521279	0.0303978849	0.0575966375	0.1229104922	0.0656424838	0.0856712484	-0.0200774721	-0.0869152456	0.0369377753	-0.065241438	0.0328401662	-0.0122349928	-0.0717022178	0.0147611937	-0.046650751	0.0306856055	0.0226329314	0.0437358114	-0.0758993054	-0.1664157482	0.0728172918	0.0117297337	-0.0410774388	-0.047726286	0.0405665961	0.0074346269	0.0978580956	-0.1152085309	0.0423620045	-0.090967948	-0.1441696	0.0234491979	0.0743698409	0.0591307856	0.0611443214	-0.1082959623	-0.0093705835087263	-0.0016829681553503	8.780783529401331e-05	2.8323818119231926e-06	0.0243235968136161	0.0049500623715346	2.4503117482082743e-05	0.0005916373619513	0.0119874218376736	0.0072632857431785	0.0001436982823143	5.275531978706006e-05	-0.0020609068331924	-2.293510469709992e-05	4.247336975099127e-06	5.260190274669347e-10	-0.0004039663878125	-0.0001182877678184	1.399199601548336e-08	1.6318884248227917e-07	0.0004525835133358	0.0002768745246034	7.665950237435875e-08	2.0483183654337625e-07	0.0	0.0	0.0	0.0	0.0	0.0	0.0	0.0	0.0	0.0	0.0	0.0	0.0	0.0	0.0
867.8057290852414	1.3473307707647564	753086.7834331674	1.8153002058495524	1071.180306401746	-2.615180048449247	6.8391666858070055	1147427.248822939	798.3364214497228	0.3235092655305607	0.1046582448841228	637341.0418131495	841.7328751477908	677.1415425110828	0.99543	18.557894	0.096216184035935	0.0474997444788056	0.0322454267	0.0380017487	-0.0033399629	-0.0138846285	-0.0604232999	-0.0318261238	-0.0287783753	-0.0121691551	0.0347404729	-0.0122065768	0.1047127214	-0.1064279041	0.1181332507	0.046155118	0.0342651881	0.0320507435	-0.1202307136	-0.1207809315	0.0068226906	0.0010913687	0.0327023242	0.0261023015	-0.0097100243	-0.1222094548	-0.1190232961	0.0856770897	-0.0736669249	0.0074336493	-0.0533066154	0.0377088535	-0.0068555164	-0.097114935	0.0177810863	-0.0256441434	-0.0053117223	0.0227147786	-0.0132519332	-0.0869817141	0.0127450325	-0.0809093882	-0.0322932806	0.1320140657	0.0229920936	-0.0196648808	0.0822581497	0.0705037549	-0.0489300377	0.0327814364	-0.1285327387	-0.1234423547	0.0296593491	-0.0447892879	-0.0371006136	0.055595093	-0.1165920251	-0.0128934893590582	-0.0035229058503318	0.0001662420678521	1.2410865630302716e-05	-0.002558116936612	-0.0268817137502281	0.0007226265341492	6.543962261381162e-06	-0.0214043842264004	-0.033391806064074	0.0004581476641113	0.0011150127122207	-0.0023339950061659	-0.0002730881729735	5.44753268880736e-06	7.457715021800425e-08	-3.503559420447999e-05	0.000368930793608	1.361099304722435e-07	1.227492861260992e-09	0.0004589597141803	6.376200844500043e-06	4.065593720940306e-11	2.106440192404627e-07	0.0	0.0	0.0	0.0	0.0	0.0	0.0	0.0	0.0	0.0	0.0	0.0	0.0	0.0	0.0
869.1881684471235	1.3824393618821205	755488.0721684652	1.9111385892810444	1073.7264856798895	2.546179278143427	6.483028916446982	1152888.566050486	799.7370275682018	1.4006061184790042	1.9616974991208225	639579.3132636228	843.4575353258829	687.4014677277705	1.02738	19.153545	0.1437993043802017	0.0875143382609644	0.0043796133	-0.0263310932	-0.2063759107	0.0112296217	0.0324668738	-0.1151502964	0.1278827212	0.0019413785	0.0458238267	-0.1358418666	0.0495558101	0.1143847302	0.1039186479	-0.1489715086	-0.0214515238	0.0932085267	-0.0496412825	-0.0923606801	-0.0154124645	0.0480673629	0.0321445592	0.0691698562	-0.2108672581	0.0457872876	-0.0449952586	-0.0174604681	-0.0273075529	0.0227785503	0.019201236	0.0333130903	-0.0356221969	-0.1005916604	0.0144993038	-0.0558915122	0.0390827545	0.1024667801	-0.0670125559	0.1975829526	0.1078283104	-0.1322560778	-0.0658190573	-0.023368519	0.0645835468	0.0549299025	0.0463822842	-0.1309677298	0.0355614883	0.0574511882	-0.0439411522	-0.0737175897	-0.0153231131	-0.0883569521	0.1005766837	0.0499642712	-0.1242038795	-0.0086598352066005	0.0042336541524576	7.499274580547752e-05	1.7923827482622317e-05	0.0800935178484252	0.0826516347850371	0.0068312927326391	0.006414971601336	-0.0443489253826498	-0.0229445411562493	0.0019668271825958	0.0005264519688708	-0.0026709995631378	-0.0003370045569719	7.134238666282319e-06	1.1357207141982669e-07	-3.465616018583084e-05	3.794340186491496e-07	1.439701745082432e-13	1.2010494388259667e-09	0.0001169542194417	-0.0003420054947386	1.1696775843139457e-07	1.3678289445217322e-08	0.0	0.0	0.0	0.0	0.0	0.0	0.0	0.0	0.0	0.0	0.0	0.0	0.0	0.0	0.0
870.1597720350363	0.9716035879127958	757178.0288680664	0.9440135320450178	1076.44750003157	2.721014351680424	7.403919102050836	1158739.2203242166	800.0248144334363	0.2877868652344659	0.0828212798014806	640039.7037092542	844.9408771935913	688.0133119264702	1.194446	22.268164	0.0932230595491919	0.0631573795673056	0.0388944298	0.0362970893	0.0644789821	-0.0985981501	-0.0648552001	0.0736946624	0.1253453583	-0.0681984056	0.0513870283	-0.109202931	-0.1955654814	0.0787944422	-0.0854325773	0.0003064419	-0.1065149454	-0.0764601594	0.0323181497	0.1865386885	0.0218181828	0.0901399902	0.0583484818	0.113065242	0.0626654855	0.1850133115	0.1527371634	-0.0670490137	-0.0829338794	0.0980329555	-0.0439540924	0.0484106843	0.0138887574	-0.1006228983	-0.0232929856	-0.0353665913	0.0089402516	0.042563311	0.020793753	0.0398703288	-0.1993701165	0.1742330618	0.0589547283	-0.0387289603	-0.0068832969	-0.0978187993	0.0311496129	0.0202043421	-0.1531506802	0.0698025133	-0.0212240222	0.080328759	-0.0952030456	-0.0193008904	0.0576772973	0.0442601199	-0.1310868562	-0.0051985068501778	0.0034613283564227	2.7024473471345512e-05	1.198079399097587e-05	0.0188962945708794	-0.0611972232775457	0.0037451001368817	0.0003570699485094	-0.0458357957709125	-0.0014868703882627	0.0021009201739528	2.2107835514924758e-06	-0.0024760043195964	0.0001949952435414	6.130597390660032e-06	3.8023145003769924e-08	-0.0002369660485439	-0.000202309888358	4.09292909274544e-08	5.615290816250997e-08	-2.729339919804643e-05	-0.0001442476186397	2.080737548323772e-08	7.449296397839215e-10	0.0	0.0	0.0	0.0	0.0	0.0	0.0	0.0	0.0	0.0	0.0	0.0	0.0	0.0	0.0
869.4200246153588	-0.739747419677542	755891.179202171	0.5472262449195814	1078.6376983379496	2.1901983063796706	4.796968621268378	1163459.2842757895	799.8454767042591	-0.1793377291771776	0.0321620211064267	639752.7866042635	844.2244326996564	691.2480762234023	1.102986	20.563072	0.0923895133492005	0.044925044691568	0.0263242125	0.0954122115	0.0285112131	-0.0756938915	-0.0756298082	0.0364294175	0.0767964487	-0.1672153507	0.0586851524	-0.1175733871	-0.0399059834	0.0211229658	0.0022061928	0.0789822626	-0.128386623	0.0244103782	-0.0964019264	0.0140925641	-0.1220593831	0.1389581275	0.0582299427	0.1357524481	0.0111529815	0.0150120044	0.0983351861	0.0846528196	-0.0588131145	-0.0622867317	-0.0235921194	0.0357747397	-0.0134846442	-0.0989708306	0.0362444438	-0.0489335159	-0.0135329695	0.0940432371	-0.0338058083	-0.0567444357	0.0005013826	-0.0587255479	0.1113166335	0.1179060757	0.0235663749	-0.099068486	0.0072179065	0.0846125883	-0.0527164122	0.0480255836	-0.1437503517	0.0768301226	-0.0665702731	-0.1231533951	0.090922399	0.0384910108	-0.1372005631	0.0060240086998675	0.0112225155500453	3.628868081607932e-05	0.000125944855271	-0.0023637297694847	-0.0212600243403641	0.0004519886349528	5.5872184231481936e-06	-0.0639477807447974	-0.0181119849738849	0.0040893186621846	0.0003280439996942	-0.0026580204325704	-0.000182016112974	7.0650726199617375e-06	3.3129865382163954e-08	-0.000888962323513	-0.0006519962749691	4.250991425735822e-07	7.902540126256317e-07	-2.918078095307149e-05	-1.88738175502506e-06	3.562209889201477e-12	8.515179770311399e-10	0.0	0.0	0.0	0.0	0.0	0.0	0.0	0.0	0.0	0.0	0.0	0.0	0.0	0.0	0.0
867.9563296676887	-1.463694947670092	753348.1902102055	2.1424028998349534	1075.3906659093395	-3.247032428610055	10.543219592445311	1156465.084324933	799.2181815854965	-0.6272951187626177	0.3934991660234066	638749.7017768277	844.287603244335	688.9600254850081	1.094269	20.400558	0.1695962704095257	0.0890308399557503	0.0341030428	-0.0720093714	-0.203413674	-0.0317683078	-0.0531560379	-0.0697267248	0.0259316242	-0.024051048	0.0766763357	-0.0916627457	0.0701211887	-0.0322331009	0.0899298648	-0.1190255934	-0.0656789757	0.122290434	-0.0214315758	-0.0498973743	-0.0074230722	0.0296892716	0.0720886457	0.0957010897	-0.1043847855	-0.0251471571	-0.1010764095	-0.0093806754	-0.0409986953	0.0018746976	0.0186411411	0.0478876253	0.0007910167	-0.1173310617	-0.0025760006	0.0015281698	0.0195828672	0.0368923522	-0.0399258215	0.1686681959	0.0342225304	-0.0908689412	-0.0809761748	0.0461779843	0.0707097468	-0.0004458613	0.0056486675	-0.1362176807	0.1135308864	0.0504540877	-0.0498890169	-0.0973999081	0.0197633679	-0.083229286	0.1340816525	0.0326654109	-0.1425091225	0.004974703237309	-0.0010493054625584	2.4747672299292648e-05	1.101041953755107e-06	0.0700827459310744	0.0724464757005591	0.0052484918414316	0.0049115912772395	-0.0380134799571578	0.0259343007876396	0.0014450246584532	0.0006725879573437	-0.0030709751532674	-0.000412954720697	9.430888391985732e-06	1.705316013459373e-07	-0.0002159433226789	0.0006730190008341	4.529545754837303e-07	4.6631518609603526e-08	0.0002881692666912	0.0003173500476442	1.007110527398214e-07	8.304152626534396e-08	0.0	0.0	0.0	0.0	0.0	0.0	0.0	0.0	0.0	0.0	0.0	0.0	0.0	0.0	0.0
868.4898525357211	0.533522868032378	754274.6239575185	0.2846466507134942	1073.3910305417817	-1.999635367557857	3.998541603188248	1152168.304447548	798.4946159116683	-0.7235656738281477	0.5235472843423815	637593.6516399228	842.8685083038432	691.3722191144403	1.004006	18.717783	0.1536619441948347	0.0733006503222382	0.0227426261	-0.0348339012	-0.1042465951	-0.0326149094	0.0058922444	-0.0207286577	0.1179074565	-0.0225301629	0.0307658211	-0.0206535315	-0.1120058982	0.0626921346	0.021555766	-0.1205583965	0.0927406144	0.0337724919	-0.0713242948	0.0279031905	0.0037933832	-0.1984402185	0.0256210092	0.0236679712	-0.0353903108	0.1411164197	0.0300572211	-0.0724222281	-0.0487654004	0.0747994741	-0.0533947961	0.0427051282	-0.0082848447	-0.0661375137	0.0077173535	-0.0008724812	0.0413570394	0.0885748429	-0.0281016136	0.1756626106	-0.0820091606	0.0725891491	0.0002590816	-0.0427790038	-0.1206495874	0.0489606807	-0.0259023912	0.0971260472	0.0229453547	0.1065831509	-0.0220376451	-0.094087326	-0.1609967113	0.1119672244	-0.0510578508	0.0267918699	-0.1469813818	0.0048769676028115	-9.773563449750038e-05	2.3784812998872947e-05	9.552254250628987e-09	0.0225734435120443	-0.0475093024190301	0.0022571338163428	0.0005095603519914	0.0078838233321363	0.0458973032892941	6.21546703323367e-05	0.0021065624492294	-0.0023650073949839	0.0007059677582835	5.5932599783285325e-06	4.983904757358307e-07	-3.3968038842813186e-05	0.000181975283836	3.311500392722436e-08	1.1538276628268654e-09	-2.7039748229472924e-05	-0.0003152090149206	9.935672308726101e-08	7.31147984313284e-10	0.0	0.0	0.0	0.0	0.0	0.0	0.0	0.0	0.0	0.0	0.0	0.0	0.0	0.0	0.0
867.6584572103549	-0.8313953253662021	752831.1983686532	0.691218187040773	1069.632560598439	-3.758469943342561	14.126096315009436	1144113.8146923736	797.9891382032826	-0.5054777083857971	0.2555077136749569	636786.6646904176	842.4671705877502	692.6430351239634	0.8422309999999998	15.701793	0.0463740302629405	0.0268928799338732	0.0556898004	-0.0289393138	-0.0475818559	-0.0164246039	-0.0663994919	0.0011139706	0.1030103486	0.0595493971	0.0745447866	-0.0342195839	0.030541278	0.0749358669	-0.0570805601	-0.0571418388	0.1126921687	-0.1145276365	-0.0282683476	-0.1484070672	-0.0478991821	-0.1225155491	0.0596807151	0.0286532421	-0.0376450166	0.0281005378	0.0316143582	-0.1173624243	0.0455265418	0.0501253232	0.0663288912	0.0558865733	0.0214119274	-0.076844406	0.0098190408	0.0462826054	-0.0404241718	0.0772161856	4.41845e-05	0.0986788367	0.0578776552	0.0057949435	0.0972978781	0.0057319491	-0.0564476539	-0.0237123068	-0.0857681681	0.0018552836	-0.0708520284	0.0431817708	0.0879169961	0.0713050922	-0.1302551756	-0.0453575433	-0.0030421726	0.0208790082	-0.1505910958	-0.0001325751540122	-0.0050095427568237	1.757617146135855e-08	2.5095518632444797e-05	0.0226980323825216	0.0001245888704772	1.5522386646809372e-08	0.0005152006740379	-0.0116451148165026	-0.0195289381486389	0.0001356086990895	0.0003813794252133	-0.0023070195989051	5.79877960787999e-05	5.322339429732249e-06	3.362584494076481e-09	-0.0001051171477968	-7.114910895398682e-05	5.0621957049462866e-09	1.1049614760934296e-08	-0.0003321220529367	-0.0003050823047072	9.307521264547336e-08	1.1030505804688816e-07	0.0	0.0	0.0	0.0	0.0	0.0	0.0	0.0	0.0	0.0	0.0	0.0	0.0	0.0	0.0
866.0340472255093	-1.6244099848455562	750014.9709537957	2.63870779886594	1070.8965740861563	1.2640134877171931	1.597730097130983	1146819.4723894664	797.7932654596144	-0.1958727436681329	0.0383661317120821	636474.0944127148	842.2416527024081	683.6662443115378	0.959996	17.897287	0.0927925419806268	0.0528679221507074	0.0387247933	0.0900827408	0.0985797165	-0.0760513834	-0.0692604417	0.1182008716	0.0437418921	-0.040126089	0.0403950242	-0.010478311	0.0148604631	0.0425671877	-0.1343720685	0.0710610609	-0.0715826326	-0.0396065629	-0.0051823166	-0.1014838843	-0.0548324225	-0.1363383957	0.0434088929	0.0737952589	0.0868579378	-0.0353067303	0.1203764928	-0.0225778732	0.0057382447	-0.0647498445	0.1025403572	0.0455039066	0.0034666846	-0.0719545418	0.0376450743	-0.0003417929	-0.0580071371	0.1102088598	-0.0024950386	-0.0844092205	-0.0009476743	-0.0348939025	0.1054010116	-0.1078357983	0.077018034	0.0351947939	-0.0945504882	-0.1759437506	0.0183005303	0.0047987258	0.0743255183	0.0160402501	0.0954002212	-0.0646382896	-0.0128720393	0.0149355036	-0.1533170814	-0.0014327320682809	-0.0013001569142687	2.0527211794804656e-06	1.6904080017207078e-06	0.0704237661394699	0.0477257337569483	0.0022777456626391	0.0049595068372667	-0.0226513389539775	-0.0110062241374749	0.0005130831564079	0.0001211369697643	-0.0025110522414788	-0.0002040326425736	6.3053833594357045e-06	4.1629319235607145e-08	-0.0004422264920493	-0.0003371093442525	1.1364270998235057e-07	1.955642702702296e-07	-0.0002180554963242	0.0001140665566125	1.3011179337432668e-08	4.7548199477193213e-08	0.0	0.0	0.0	0.0	0.0	0.0	0.0	0.0	0.0	0.0	0.0	0.0	0.0	0.0	0.0
865.4050529368296	-0.628994288679678	748925.9056485969	0.3956338151916541	1069.852895802465	-1.0436782836914062	1.0892643598490397	1144585.21865692	797.1557706771358	-0.6374947824785977	0.4063995976874346	635457.3227238584	841.6058757616127	676.7071091264336	1.063323	19.823631	0.0686265827677585	0.0398999057238693	0.07078691	0.031778458	0.0916850422	-0.0627506125	-0.0980422983	0.0400768013	-0.0022457369	0.0405299623	0.0498891514	0.0294070957	0.0711133788	-0.1522254231	-0.0245611708	-0.0412586208	0.0467611388	-0.1236363168	-0.0382711765	0.2188126619	-0.0294218426	-0.0590207818	0.0594753071	0.0462256913	0.1088182855	-0.0996700214	-0.0747574719	-0.015839749	-0.0680147987	0.1179572848	-0.1168437133	0.0536698545	0.0313554639	-0.0918623401	-0.022508985	0.0620043208	-0.0252735901	0.0004283693	0.0593167235	-0.0643089558	-0.2222236224	0.0651541644	-0.0971818106	-0.0071911604	0.0858068809	-0.0236195155	0.0263013523	-0.0657628452	0.0839503711	-0.0254351566	-0.0051947437	-0.0826533122	0.0260260672	0.1519126762	-0.1692450675	0.0089700792	-0.1551433414	0.0019403210624062	0.0033730531306871	3.764845825217125e-06	1.1377487422438048e-05	0.0360445474352388	-0.0343792187042311	0.0011819306787133	0.0012992093998111	-0.0275948510367953	-0.0049435120828177	0.0007614758037429	2.4438311712965568e-05	-0.0028390069896291	-0.0003279547481503	8.059960687162885e-06	1.0755431683432673e-07	-0.0004429611144178	-7.346223685000082e-07	5.396700243005618e-13	1.962145488862593e-07	-2.8128889842549782e-05	0.0001899266064816	3.607211584963562e-08	7.912344437743002e-10	0.0	0.0	0.0	0.0	0.0	0.0	0.0	0.0	0.0	0.0	0.0	0.0	0.0	0.0	0.0
868.3882514592572	2.9831985224275286	754098.155272466	8.89947342421379	1071.3459902796253	1.4930944771604118	2.2293311177269235	1147782.230888231	799.2854994250882	2.129728747952413	4.535744539854953	638857.3095912128	843.1380258515527	676.0723105252895	0.990317	18.462578	0.0651410740592165	0.0361963040090074	0.0279867424	0.0981974209	0.0430376706	-0.0359691571	-0.0413905512	0.0159083983	0.092663009	0.0513656356	0.0354942259	-0.0384610987	-0.061073094	-0.0554615692	-0.0338701862	0.1048593078	0.0276304236	-0.1674310656	-0.1482495498	0.0451075747	-0.160794463	-0.0300984407	0.0344238178	0.0506792504	0.1046393618	0.0156991265	0.0346628149	0.0380534031	-0.0736708779	0.0471628939	-0.1016581997	0.0322834109	-0.0014403517	-0.0815376279	0.0308512662	0.0221051185	-0.0355379596	0.1487562278	-0.0185846623	-0.1115603691	-0.1311452072	0.0147722652	0.045430959	0.0879298963	-0.0226992611	-0.0424313168	0.016542398	0.0695055709	-0.0437889009	0.0575077303	-0.0161446186	0.0512606702	-0.0266544151	-0.0710991157	-0.1781881069	0.0029914899	-0.1560591586	-0.005747439582322	-0.0076877606447282	3.303306175244168e-05	5.9101663730631744e-05	0.0105634661696711	-0.0254810812655677	0.0006492855024624	0.0001115868175177	-0.0253570532917564	0.0022377977450388	0.0006429801516409	5.0077387477011785e-06	-0.0032670126653374	-0.0004280056757083	1.0673371755474982e-05	1.831888584385185e-07	-0.0002764549759861	0.0001665061384317	2.772429413543644e-08	7.642735374747514e-08	-2.795201590491403e-05	1.7687393763575305e-07	3.1284389814776253e-14	7.813151931485669e-10	0.0	0.0	0.0	0.0	0.0	0.0	0.0	0.0	0.0	0.0	0.0	0.0	0.0	0.0	0.0
871.2285103047941	2.840258845536937	759039.1171679107	8.067070309650813	1072.1966181787952	0.8506278991699219	0.7235678228462348	1149605.5880340452	800.8996763167843	1.6141768916960473	2.6055670376855127	641440.2915243298	845.0497996352588	684.8306457091745	0.960771	17.911751	0.1019677757338381	0.0645721360878285	0.0702839399	0.0348905818	0.0761070997	-0.0130232052	-0.0838320469	0.0379943007	0.0031037534	-0.0360823231	0.085785376	-0.1407860456	-0.0122232052	-0.0043806745	-0.0505860301	0.0556332425	-0.0867029316	-0.2072726825	0.1221858329	-0.13130994	-0.0851379545	0.130083362	0.0877296001	0.1248885233	0.0202257361	0.0234078978	0.0318442569	0.0277372225	0.0417679169	0.0231755688	0.186046855	0.0531858046	0.0393737064	-0.1210834971	-0.0137494561	0.0546949153	-0.0915619986	0.1094090789	0.0044839879	-0.0623139507	0.0080101648	-0.0479857048	0.0707508146	0.0973736142	0.1254602022	-0.1394264115	0.0173372178	-0.0583141055	-0.1273312416	0.0649233457	-0.058107906	0.0298040985	-0.0912591179	-0.0509762282	-0.0282664195	-0.0029914899	-0.1560591586	-0.0090805680315924	-0.0033331284492704	8.245671577637786e-05	1.11097452593357e-05	0.0437796722677177	0.0332162060980466	0.0011033163475479	0.0019166597038687	-0.0797379275467733	-0.0543808742550168	0.0063581370894544	0.0029572794847399	-0.0032420372623713	2.497540296609972e-05	1.0510805610603996e-05	6.237707533190628e-10	-0.0003061861699225	-2.97311939364e-05	8.839438928838278e-10	9.374997065181005e-08	-0.0001939967576325	-0.0001660447417275	2.7570856255380728e-08	3.763474197192295e-08	0.0	0.0	0.0	0.0	0.0	0.0	0.0	0.0	0.0	0.0	0.0	0.0	0.0	0.0	0.0
870.0142128626362	-1.2142974421578856	756924.7305829924	1.4745182780311836	1076.1832303014294	3.986612122634142	15.8930762163335	1158170.3451820193	799.2827829668598	-1.616893349924453	2.61434410502992	638852.9671472483	842.8058676065808	692.0277989630354	1.097764	20.465719	0.0790559807955771	0.0531362170914657	0.0035746404	0.0834590173	-0.0913910175	-0.0028427862	-0.001280767	0.0068909865	0.0155083853	-0.169480508	0.0377965831	-0.0849373006	0.0767196724	-0.0660810147	0.0837451621	0.0178089776	-0.1679542048	-0.0550027462	0.0012375904	0.0301245588	-0.1724692131	0.1281335707	0.0240724288	0.0866371263	-0.0524391792	-0.0911503463	-0.0577483459	0.1304449442	-0.0802254652	0.0059457328	0.0887303317	0.0219955673	-0.0248798975	-0.0863968492	0.0405429827	0.0285424474	-0.017797757	0.1320879271	-0.0692527879	0.0002251285	0.0087348602	-0.0935618045	-0.0608087341	0.0799490068	0.0656230697	-0.0392377892	-0.0049509758	-0.2056145122	0.225734462	-0.1008261864	0.0117997894	0.1726147147	-0.1201368032	-0.0546741209	-0.0398168798	-0.0089700792	-0.1551433414	0.0083319929369025	0.0174125609684949	6.942210630059315e-05	0.0003031972794815	0.0482656711590152	0.0044859988912974	2.012418605272239e-05	0.0023295750124301	-0.0298653400864736	0.0498725874602997	0.0008919385384807	0.0024872749799852	-0.0032420230258404	1.4236530900338384e-08	1.051071330007934e-05	2.0267881207628966e-16	-0.0001772125475894	0.0001289736223331	1.6634195257721114e-08	3.1404287023125366e-08	-0.0001772879469868	1.6708810645699998e-05	2.7918435319385757e-10	3.1431016146794413e-08	0.0	0.0	0.0	0.0	0.0	0.0	0.0	0.0	0.0	0.0	0.0	0.0	0.0	0.0	0.0
868.3770599992375	-1.6371528633986827	754078.7183329194	2.6802694981345057	1073.6181176284265	-2.5651126730028864	6.579803025200013	1152655.862500006	799.3419272145917	0.0591442477318651	0.0034980420397682	638947.5166031376	843.7453282589099	692.5172278901176	1.269399	23.665527	0.054557738210517	0.0339833178404797	0.0672840724	-0.1273685819	-0.2046207724	-0.0317212436	-0.0410610828	-0.1255687113	0.0237190301	0.0931093177	0.0308617496	-0.104821195	-0.0314069622	-0.0106502395	0.0575376063	-0.1840639354	0.0977249211	-0.0175459165	0.036173833	0.2437092035	-0.052196549	-0.0671523278	0.0370061577	0.0539324675	-0.0785261833	0.1009794282	-0.1286066883	-0.0939515591	0.0016572108	0.1954703901	-0.1109201854	0.0444610656	0.0535733766	-0.0937243735	-0.0630853149	0.1069971954	0.0046985619	-0.0020036435	-0.0266075367	0.2297366336	-0.1278916466	0.1296877175	-0.1751487231	0.1025834837	0.0005680677	-0.1370813827	-0.0647816405	0.0087322732	0.0378581861	0.1679128012	0.1540762767	0.1168042254	-0.0809679495	0.1840752728	-0.1133116292	-0.0149355036	-0.1533170814	0.0089782481778541	0.0006462552409516	8.060894034314048e-05	4.176458364574116e-07	0.0179950780371598	-0.0302705931218554	0.0009163088079489	0.0003238228335634	-0.0299947761642016	-0.000129436077728	0.0008996865971405	1.6753698217609182e-08	-0.0029860019816963	0.000256021044144	8.91620783469423e-06	6.554677504463509e-08	-2.909873093592808e-07	0.00017692156028	3.1301238491924085e-08	8.46736142081538e-14	-0.0001400014760113	3.728647097550001e-05	1.3902809178068047e-09	1.960041328534261e-08	0.0	0.0	0.0	0.0	0.0	0.0	0.0	0.0	0.0	0.0	0.0	0.0	0.0	0.0	0.0
868.6773153114228	0.3002553121852997	754600.2781366612	0.0901532524954918	1075.3269237649852	1.7088061365586782	2.920018412340596	1156327.9929738662	797.9547004945816	-1.3872267200100623	1.924397972709876	636731.7040413974	842.6021092902856	692.7446376999957	1.652267	30.80337	0.0913318497807365	0.062319057594428	-0.0566089753	0.1112820508	0.001510689	-0.0078077686	0.0538550905	-0.0562408914	0.2153444822	-0.0983104828	0.0038768168	0.0014343821	-0.0569797109	0.1060279421	-0.0675204871	0.0350032682	-0.1496559822	0.0201526879	-0.0664200055	-0.1220795015	-0.2395755956	-0.1462916467	-0.0154860108	0.0344709224	-0.0518201047	0.0574951147	0.1082787803	-0.0247907366	-0.1078768485	-0.1755516418	0.0363372017	-0.001309214	-0.0517868077	-0.0744684517	0.0328441023	-0.0493732626	0.0071717491	0.277189252	-0.021022969	-0.0793550688	0.0932458986	-0.0343272727	0.1881203286	-0.0701661076	-0.1010429123	-0.0946057594	-0.2549193267	0.1754959371	0.3317960369	-0.0221227744	0.0315677618	0.1897610226	0.0381107791	0.196676084	0.0222006586	-0.0208790082	-0.1505910958	0.0089786205899002	3.724120460988495e-07	8.06156276973798e-05	1.386907320795316e-13	0.0241715057424443	0.0061764277052844	3.8148259198605946e-05	0.000584261689857	-0.0337097192019655	-0.0037149430377638	0.0011363451686753	1.380080177383046e-05	-0.0018720074635124	0.0011139945181839	3.50441194344613e-06	1.2409837865437794e-06	-0.0004029743623941	-0.0004026833750847	1.6215390056963796e-07	1.6238833674693145e-07	-2.7877236767100003e-05	0.0001121242392441	1.2571845026090597e-08	7.771403297689521e-10	0.0	0.0	0.0	1.0	0.0	0.0	0.0	0.0	0.0	0.0	0.0	0.0	0.0	0.0	0.0
860.3871239771486	-8.290191334274255	740266.0031056693	68.72727235887595	1063.9551720454774	-11.371751719507756	129.31673717012762	1132000.6081223215	796.8267721852949	-1.1279283092867445	1.2722222708904538	634932.9048712358	840.0722113771981	642.0427830493671	2.91122	54.274158	0.499866797517151	0.228456317525129	0.1690268912	-0.4382267036	0.2070275332	-0.0246538707	-0.1255203808	0.0507883456	-0.1634580966	0.3816565842	0.1431668322	0.0453531255	0.1741357121	-0.2217736979	-0.2168685681	-0.223086122	0.3233936921	-0.1816688815	0.1677055703	-0.101327838	0.1766777364	0.1301791829	0.1489298068	-0.0560067256	0.2039722299	-0.1392577776	-0.1588007061	-0.2406600831	0.4286840356	0.3517902257	0.2123469017	0.1412379395	0.1963668275	-0.0441897215	-0.4580934337	0.2409171559	0.1044585572	0.0020678353	0.4572751239	-0.2028358651	0.3281300989	-0.0727746083	-0.2836041483	-0.0367077863	0.0312274256	0.0278033145	-0.1183920111	0.0499813881	-0.173207045	-0.0616349898	0.0976727126	0.019257389	-0.0325591151	0.0768619606	0.1700461431	-0.0267918699	-0.1469813818	-0.0682866086496005	-0.0772652292395007	0.0046630609208636	0.0059699156494325	0.1881372332806279	0.1639657275381836	0.0268847598071258	0.0353956185464894	0.0282068225193512	0.0619165417213167	0.0007956248366381	0.0038336581387275	0.0002532487080997	0.0021252561716121	6.413490815416706e-08	4.5167137949753205e-06	0.0008449253976485	0.0012478997600426	1.5572538111143788e-06	7.138989275914759e-07	-0.0005891072854754	-0.0005612300487083	3.149791675731208e-07	3.4704739380019445e-07	0.0	0.0	0.0	0.0	1.0	0.0	0.0	0.0	0.0	0.0	0.0	0.0	0.0	0.0	0.0
852.4211871990424	-7.965936778106197	726621.8803858248	63.45614875278495	1037.7157883479676	-26.23938369750977	688.5052568251413	1076854.057386644	791.7653861753403	-5.061386009954617	25.61762834176432	626892.4267453857	833.1974885615218	638.9916805390765	2.714439	50.605545	0.9202099887506194	0.4443604841736539	0.2442083134	-0.3037565045	0.0785949001	0.6591837428	-0.1418082311	0.1782030135	-0.123229955	0.2153240165	0.116507092	0.7251737099	-0.2038536422	-0.0164353328	0.1374724539	-0.2792573976	-0.3900900198	-0.1134232599	0.0548275194	-0.1068825002	0.1580725106	0.1117619035	0.1428195835	-0.6777212775	0.1524003649	0.0322455496	-0.1137330824	-0.2857129342	-0.407508732	-0.1425789726	0.2288818067	0.2125257256	0.1245924207	0.4210971338	-0.4320944129	-0.1490424542	0.2253155485	0.010225411	-0.6111740029	-0.1909391654	0.0684105761	0.1564078993	0.0040605917	-0.0244472157	-0.0028119304	-0.0233591726	0.0819826734	-0.0879261077	-0.0156812334	0.0194851168	-0.0294567591	0.0067158842	-0.0104174386	0.036487883	0.0319472358	-0.0326654109	-0.1425091225	0.086187531396817	0.1544741400464175	0.0074282905682773	0.0238622599430802	-0.0060453493055234	-0.1941825825861513	0.0377068753798274	3.6546248225792255e-05	-0.0872467992381444	-0.1154536217574956	0.007612003977301	0.0133295387769228	0.0063622223664281	0.0061089736583284	4.047787343987798e-05	3.731955915815028e-05	-0.0008799820548452	-0.0017249074524937	2.975305719668306e-06	7.743684168495805e-07	-0.0018772190618644	-0.001288111776389	1.659231948472025e-06	3.523951406227058e-06	0.0	0.0	0.0	0.0	0.0	1.0	0.0	0.0	0.0	0.0	0.0	0.0	0.0	0.0	0.0
858.224815842763	5.803628643720572	736549.8345283443	33.68210543421388	1062.473979094933	24.758190746965283	612.9680090631174	1128850.95625382	798.0506596719065	6.285273496566219	39.50466292663775	636884.8554027651	836.1834637696129	669.1508249341185	3.382597	63.06208	1.2649350123035872	0.7179188542558897	0.0600517402	0.3215939139	0.0294621366	0.5024722302	0.50051997	0.2299427054	-0.0131345015	-0.238486212	0.019794854	0.2572979299	-0.2901891538	0.2357887495	0.3374986986	0.471452242	0.3847691875	0.102558457	-0.0778285242	0.0075829542	-0.0002432613	0.1791025878	-0.0269293417	-0.5021117173	-0.0475555536	0.2557231354	0.2752291519	0.556743465	0.155944292	0.1747266459	-0.1578023846	0.066020198	-0.1993422595	0.6825866284	0.1823244934	-0.1986847502	0.0683979483	0.2964743357	0.3752494562	0.1063966766	-0.1412258055	-0.2029461643	-0.0982826985	0.0802774352	-0.0210689709	-0.1359755518	0.0919755278	-0.0313793539	-0.1048878833	-0.023988227	0.0647999304	-0.0516563865	-0.0530761906	0.016509898	0.0292816374	-0.0384910108	-0.1372005631	0.194346964433123	0.108159433036306	0.0377707425843695	0.0116984629547351	0.0310073108507822	0.0370526601563056	0.0013728996246586	0.000961453326197	0.259076502659866	0.3463233018980104	0.0671206342304675	0.1199398294375404	-0.00351388998848	-0.0098761123549081	1.2347422851139976e-05	9.753759524676845e-05	-0.0050282106633576	-0.0041482286085124	1.720780058848072e-05	2.5282902475103078e-05	-0.0033208704427032	-0.0014436513808388	2.0841293093977743e-06	1.1028180497219749e-05	0.0	0.0	0.0	0.0	0.0	0.0	1.0	0.0	0.0	0.0	0.0	0.0	0.0	0.0	0.0
868.1401055415238	9.91528969876083	753667.242849648	98.31296981035264	1060.65349947173	-1.820479623203028	3.314146058497437	1124985.845941627	799.1987300749748	1.1480704030683455	1.3180656504015134	638718.6101534525	842.6090708703899	710.3120578875228	3.326731	62.020554	0.8501346562160328	0.4211699257089933	0.145915226	-0.1670456557	-0.0039230456	0.1216316408	-0.2122845353	-0.3476289793	-0.30694492	0.0096630697	0.0963930635	-0.0659511187	-0.0144880388	0.1384803048	-0.0084020115	-0.0702437505	0.2614644573	0.1366656609	0.3755596317	0.0615715868	0.1813668091	0.1302767753	0.1068820039	-0.1173407865	-0.2643767972	0.0494263586	-0.168626332	-0.0164678809	0.4683935655	-0.1026696225	-0.2497028377	0.0754237568	0.1220820194	0.1522914402	-0.0486343829	0.0698217319	-0.2198258926	-0.3496718022	0.1424659088	0.3504157213	0.148707908	0.2532088511	0.2324929764	0.1438352197	-0.09678302	-0.3156316489	-0.12406927	-0.1993763681	-0.1257891374	-0.0893338144	-0.263908686	0.0124680594	0.1216220911	-0.0496226144	-0.1351530524	-0.0442601199	-0.1310868562	0.1111033098938349	-0.083243654539288	0.0123439454693655	0.0069295060210563	0.1351795934317863	0.104172282581004	0.0108518644581365	0.018273522480383	-0.0483681942680647	-0.3074446969279307	0.0023394822167532	0.0945222416691071	-0.0008129449405485	0.0027009450479315	6.608794763634042e-07	7.295104151945693e-06	-0.0020212194198212	0.0030069912435364	9.041996338704584e-06	4.085327943062348e-06	-0.0019233262908149	0.0013975441518883	1.953129656477188e-06	3.699184020939802e-06	0.0	0.0	0.0	0.0	0.0	0.0	0.0	1.0	0.0	0.0	0.0	0.0	0.0	0.0	0.0
863.557340332722	-4.5827652088017885	745731.2800425247	21.0017369590041	1075.8876970225367	15.234197550806812	232.08077501700825	1157534.3366044578	797.5533192296182	-1.6454108453566505	2.7073768500172872	636091.2970141813	843.3496119776697	699.4080965506889	2.119493	39.513912	0.3652599529345003	0.1871866917857976	-0.0105037721	0.1156168869	0.0634355176	-0.0141627867	0.0683451012	-0.0338238151	0.1122248407	-0.2758384099	-0.0260868789	0.0333163702	-0.0708291363	0.1228314681	-0.2439141154	0.0641242292	-0.1428185991	0.3062697589	0.1231814722	0.0424275832	-0.0755337334	0.1229742016	-0.0181241759	0.0197266306	-0.084330715	0.0720844693	0.1628530111	0.0227922922	0.1185959833	-0.4587316732	0.0278390683	-0.005076958	-0.0170395994	0.1585893134	0.1222401668	0.0186501751	-0.0990502179	-0.0482610778	0.0098365344	-0.0832925122	0.0929474834	0.0261708503	0.248773519	-0.1479597694	-0.1019732905	0.049791291	-0.2148423684	-0.0541207003	0.2358772358	-0.1483908389	0.0208588289	-0.0334014629	0.3384179944	-0.0167514414	0.1362286278	-0.0499642712	-0.1242038795	0.0981823278038547	-0.0129209820899802	0.0096397694929835	0.0001669517781695	0.0337387227290264	-0.1014408707027599	0.010290250248934	0.0011383014113861	0.0551258479191005	0.1034940421871652	0.0030388591087997	0.0107110167682387	-0.0026259956412478	-0.0018130507006992	6.895853107852444e-06	3.287152843306222e-06	-0.0014071624096263	0.0006140570101948	3.770660117694992e-07	1.980106047065295e-06	-0.0014023528426172	0.0005209734481977	2.714133337270018e-07	1.966593495196541e-06	0.0	0.0	0.0	0.0	0.0	0.0	0.0	0.0	1.0	0.0	0.0	0.0	0.0	0.0	0.0
859.6146336724757	-3.9427066602462446	738937.3184238647	15.544935808750097	1063.929887705836	-11.957809316700605	142.98920365457178	1131946.805953753	795.7625494187878	-1.7907698108303975	3.2068565153815376	633238.0350574887	838.5939819182839	670.1461262506438	1.380524	25.737236	0.1852449861653426	0.0815267901789173	0.0464243683	-0.0171362948	0.1496818992	-0.0677930857	-0.0407931752	0.0910669087	-0.1710643858	0.126902869	-0.025187701	0.0904829237	0.1510993038	-0.0370778284	-0.2062977911	0.0294097816	0.0289764113	0.1838845303	0.2209700184	0.1041104183	0.0658769634	-0.094812476	-0.01615314	-0.0339809337	0.1231252148	-0.1603405672	0.0168591537	-0.0529847574	0.1911372371	-0.0979459561	0.0095350623	0.0030103413	0.0442689097	0.1139549173	0.0250889823	0.1614814498	-0.096549692	-0.1725240084	0.0647944204	-0.0198598187	-0.029857181	0.0745402279	-0.0160861985	-0.1374276716	0.006316368	0.1894658287	-0.0531495237	-0.0936653307	0.0017432831	0.0507780735	0.1817245462	-0.1981049559	0.2264811726	0.0503854396	-0.0833189826	-0.055595093	-0.1165920251	0.0728926964224001	-0.0252896313814546	0.0053133451917281	0.0006395654554098	0.0589626265254139	0.0252239037963874	0.0006362453227294	0.0034765913267754	0.0990297836231661	0.0439039357040655	0.009806898044451	0.0019275555703067	-0.0034489177457258	-0.0008229221044779	1.1895033616782332e-05	6.772007900385e-07	-0.0008738780934189	0.0005332843162074	2.843921619127943e-07	7.636629221574517e-07	-0.0009420089576339	0.0004603438849832	2.119164924415177e-07	8.873808762625067e-07	0.0	0.0	0.0	0.0	0.0	0.0	0.0	0.0	0.0	0.0	0.0	0.0	0.0	0.0	0.0
864.846554111317	5.231920438841257	747959.5621582192	27.37299147836489	1068.4107484488652	4.480860743029098	20.07811299841928	1141501.5274010643	796.9117419827369	1.1491925639491	1.3206435490359063	635068.3245099602	839.8962265576008	674.4864665316088	1.253844	23.37554	0.2168241402480502	0.1090129400287283	-0.038679112	0.1086983663	0.0761450092	-0.0229504901	0.0658984051	0.0189701464	-0.0040020853	-0.0142109165	-0.0524006064	0.0970560423	0.0678383416	-0.1668499937	-0.0120590959	0.2116577221	-0.0179338915	0.035806078	0.0133502642	0.0934846947	-0.098720618	-0.1116380382	-0.0570528071	-0.0304679436	0.1543591602	-0.1291706712	-0.0082626497	0.1611489562	-0.0733733481	-0.0777107073	-0.09952057	-0.0442331053	-0.0309966795	0.082409261	0.0787895227	0.141645442	-0.0454090599	-0.0101885211	-0.0431941001	-0.161788546	-0.0437221908	0.0506119149	-0.0313230145	-0.0283323625	-0.1268625818	0.1576316674	0.0574908063	0.1940082811	0.0339107734	-0.0232504183	0.009625471	0.1003224666	0.0578327925	-0.1495062898	-0.1491828419	-0.0611443214	-0.1082959623	0.0621412531854872	-0.0107514432369128	0.0038615353474628	0.0001155935316765	-0.0265902663482506	-0.0855528928736645	0.0073192974790527	0.0007070422644709	0.0786179614597983	-0.0204118221633678	0.0061807838640943	0.0004166424840289	-0.0044460643924106	-0.0009971466466848	1.976748858146144e-05	9.94301434994742e-07	-0.0001520365904648	0.0007218415029541	5.21055155387034e-07	2.3115124840161315e-08	-0.0006588374677907	0.0002831714898432	8.018609266001751e-08	4.340668089648616e-07	0.0	0.0	0.0	0.0	0.0	0.0	0.0	0.0	0.0	0.0	0.0	0.0	0.0	0.0	0.0
865.078490931265	0.2319368199480322	748360.7954719148	0.0537946884476059	1068.832377861286	0.4216294124207707	0.1777713614182843	1142402.651964611	796.6795546008694	-0.2321873818674475	0.0539109802984599	634698.3127190397	839.1294759029529	673.7358469874622	1.072581	19.996222	0.0755391052230042	0.0465925285948303	-0.006691226	-0.037897123	-0.0653639133	0.0081033197	0.0654670616	-0.0894166722	-0.1446851781	0.123464465	-0.0342759693	0.0943245648	0.1707793961	-0.0967977595	0.1095618969	0.0447191754	0.1821181755	0.0668926807	0.1125491238	-0.0772594184	-0.1138882989	-0.0515380255	-0.0398318051	-0.1001763534	-0.016125343	-0.1684663906	-0.1417614123	0.0792130618	0.128911189	0.0225746523	0.0780388988	-0.0338996492	-0.0013372686	0.0844515474	0.0618331937	0.1987934209	-0.0816183154	-0.1164377978	-0.0207184396	-0.0315813086	0.1258566508	-0.1021104787	-0.0749900454	0.1226303123	-0.0207039278	0.1660449256	0.1281796513	0.0732715586	0.0255167471	-0.0425177548	-0.0078764371	0.0512196846	-0.0934396987	-0.1332143092	-0.0806286719	-0.066603812	-0.0993643757	0.0841306478844643	0.021989394698977	0.0070779659134597	0.0004835334792274	0.0137245292156791	0.0403147955639297	0.0016252827413614	0.000188362702192	0.0826471979908376	0.0040292365310393	0.0068305593357367	1.623474702306162e-05	-0.004323044480866	0.0001230199115446	1.868871358354598e-05	1.5133898636441325e-08	-9.107677647923752e-05	6.095981398556248e-05	3.7160989211543775e-09	8.294979213848993e-09	-0.0006587036247397	1.338430509999211e-07	1.7913962300967484e-14	4.3389046524521966e-07	0.0	0.0	0.0	0.0	0.0	0.0	0.0	0.0	0.0	0.0	0.0	0.0	0.0	0.0	0.0
869.4257159653682	4.3472250341031895	755901.0755818931	18.89836549713348	1068.470601969752	-0.3617758915340801	0.1308817956952784	1141629.427273604	799.4127414826424	2.7331868817730083	7.47031053069606	639060.7312447941	841.057602617653	679.5847452999568	1.026241	19.132311	0.0904804063820201	0.0496337408021051	-0.0570512272	0.0839841231	-0.0343569845	-0.0269291141	0.072131991	-0.0287431853	-0.1189524437	0.0225447655	-0.0704440566	0.000187068	0.0158255283	-0.092031578	0.1285281104	0.1301095886	0.043775312	-0.1649724814	0.121849468	0.0414864745	0.0078876299	0.0101343329	-0.0770598672	-0.0193445781	0.0085663512	-0.0673463515	-0.0502248295	0.1412372043	-0.0512386092	0.0752834833	0.0557513077	-0.0602087726	-0.0204302588	0.0769321404	0.0780632074	0.1419134351	-0.0589549236	-0.0417746721	-0.0281831062	-0.0412283115	-0.0482292262	0.0527377388	-0.1006907437	-0.0519433328	0.014529731	0.0832826737	0.1539273809	-0.0220108098	0.1315065439	-0.1585945016	0.0151417333	0.2132798705	-0.1252191838	-0.0818750203	-0.1227774899	-0.0719655524	-0.0898496795	0.0789588965593139	-0.0051717513251503	0.0062345073458644	2.6747011769194865e-05	0.0374272147785887	0.0237026855629096	0.0005618173028941	0.0014007964060826	0.0521933151537155	-0.030453882837122	0.002724142146735	0.0009274389798571	-0.0038420585196054	0.0004809859612605	1.476141366807244e-05	2.3134749492978294e-07	-0.0001420607369939	-5.098396051466247e-05	2.599364229760662e-09	2.0181252995250023e-08	-0.0007497754361012	-9.107181136149998e-05	8.294074824664637e-09	5.621632045807447e-07	0.0	0.0	0.0	0.0	0.0	0.0	0.0	0.0	0.0	0.0	0.0	0.0	0.0	0.0	0.0
868.4876150336179	-0.9381009317503411	754270.7374667816	0.8800333581508585	1067.958487280484	-0.5121146892679462	0.2622614549640051	1140535.3305544197	798.4949894074471	-0.9177520751953808	0.8422688715254277	637594.248108799	840.6653274229936	690.2402526733244	1.060366	19.768497	0.1116743000156818	0.0851428151637983	-0.0304021045	-0.0318345224	-0.0640678787	-0.0234256108	0.0267040222	-0.0530072259	-0.1171548555	0.0718380868	-0.0784506538	0.0067279783	0.0554444457	-0.0838079818	0.1281624347	0.0194020833	0.026392009	0.0849843915	0.1568265593	0.050861358	-0.1010345465	-0.0026068049	-0.0732139887	-0.027900984	0.0170649511	-0.0426518082	-0.1043783713	0.0523544767	0.0305708372	0.0391273852	-0.0564685218	-0.0607161896	-0.0010272113	0.0700384278	0.0565159272	0.188047592	-0.0640526213	-0.0930230249	-0.0558861761	0.0490077035	0.055021486	-0.0007733505	-0.0021225092	0.1090043245	-0.083809784	0.1024922431	0.0850651017	0.159941165	0.0879515396	0.0789882648	-0.090854852	0.0131134814	-0.0960168589	0.1373721817	0.1042331516	-0.0772216734	-0.0798077096	0.0724776168734706	-0.0064812796858433	0.0052530049476575	4.200698636612509e-05	-0.0455040715737737	-0.0829312863523624	0.0068775982560575	0.0020706205297911	0.0524138882344686	0.0002205730807531	0.0027472156798553	4.865248395291372e-08	-0.0041020029333756	-0.0002599444137702	1.6826428065422028e-05	6.757109825033306e-08	2.1001206054860333e-05	0.0001630619430487	2.658919727083716e-08	4.4105065575870227e-10	-0.0007319585749857	1.7816861115500012e-05	3.1744054000901634e-10	5.357633554950967e-07	0.0	0.0	0.0	0.0	0.0	0.0	0.0	0.0	0.0	0.0	0.0	0.0	0.0	0.0	0.0
867.4761851782494	-1.011429855368533	752514.9318514083	1.0229903523308117	1072.0310230912833	4.072535810799309	16.585547930242782	1149250.5144701437	798.8099371141003	0.3149477066532427	0.099192057926137	638097.3156322329	842.0265537887113	690.94834098245	1.053878	19.647549	0.1388638731225186	0.0880816418471778	-0.0892185935	-0.0121863166	-0.1179519071	-0.0109042669	0.1130319003	-0.0269164873	0.0530664183	-0.0304247953	-0.0894287578	-0.0231578868	-0.0382468275	0.1559410825	-0.0115701244	0.0138853977	0.0257349866	0.1130714827	0.0966161957	-0.1063200081	-0.052620747	-0.0874710488	-0.0957691687	0.0005788037	-0.0874617223	0.0880087501	0.082530876	-0.0504128953	0.0895359705	-0.08124566	0.1151817991	-0.0851116969	-0.0250636189	0.0655261909	0.0735828188	0.1052362523	-0.0177355984	-0.0019156009	-0.0600121609	0.117498564	0.1291684565	-0.0041564705	0.0491497889	-0.0960115864	-0.0747750057	0.1557620691	0.0474922906	0.1552279372	-0.0013037616	0.0066019679	-0.0026946306	0.1588545858	-0.05784873	-0.0640643007	0.0166227222	-0.0823644609	-0.0692973963	0.0742067605585674	0.0017291436850968	0.0055066433125965	2.989937883710145e-06	0.0379553577497233	0.083459429323497	0.0069654763430037	0.0014406091819094	0.0391299190764868	-0.0132839691579818	0.0015311505669324	0.0001764638365902	-0.0044626319860859	-0.0003606290527103	1.9915084243236988e-05	1.3005331365872834e-07	-0.000354030429569	-0.0003750316356238	1.4064872771870798e-07	1.253375450608107e-07	-0.000659792644201	7.216593078469998e-05	5.207921566022108e-09	4.353263333417474e-07	0.0	0.0	0.0	0.0	0.0	0.0	0.0	0.0	0.0	0.0	0.0	0.0	0.0	0.0	0.0
865.777068459375	-1.699116718874393	749569.9322701092	2.886997624358483	1066.5641030936406	-5.466919997642663	29.88721426062525	1137558.986007942	797.3629629811933	-1.4469741329070305	2.0937341413020523	635787.6947341477	840.2613134990169	683.4536089261909	1.120879	20.896646	0.067982152142796	0.0352676087070297	-0.0584988903	0.0223843582	0.1134146324	-0.1088570964	-0.0215592553	0.1148992977	-0.1107148722	0.0216763508	-0.0715935421	0.0345363214	0.0668591246	-0.0643936776	-0.1436537868	0.0234541838	-0.0071210105	0.0454494844	0.029838981	0.1035233223	0.0450026939	-0.0471705994	-0.0729438074	0.0267513439	0.1154992617	-0.0837136873	0.0324244424	-0.0462400776	0.0379714353	-0.0286222904	-0.029117694	-0.0866251237	0.0226834851	0.0456121332	0.0289271264	0.0974865994	-0.072078244	-0.113976583	0.0129817823	-0.0577079161	-0.0811232423	0.065959235	-0.0078849296	-0.1277844278	0.1149462071	0.097740223	0.0550504521	-0.0284756128	0.0072345656	0.0106105546	0.0585791258	0.0460671194	0.0337445873	0.0565650199	-0.0271651164	-0.0873863672	-0.0583804184	0.0660646506160276	-0.0081421099425397	0.0043645380610177	6.629395431640532e-05	0.014430266171729	-0.0235250915779943	0.000553429933753	0.0002082325817869	0.0191012585589049	-0.0200286605175819	0.0003648580785341	0.0004011472421285	-0.0042451671277805	0.0002174648583054	1.802144394278814e-05	4.7290964597787876e-08	-0.0004621014651324	-0.0001080710355633	1.1679348727745666e-08	2.135377640775107e-07	-0.0006599825524258	-1.899082247999945e-07	3.606513384668525e-14	4.355769695064739e-07	0.0	0.0	0.0	0.0	0.0	0.0	0.0	0.0	0.0	0.0	0.0	0.0	0.0	0.0	0.0
866.9532053558521	1.1761368964771464	751607.8602767863	1.3832979992548935	1070.2074627054149	3.643359611774258	13.274069260707874	1145344.013230362	797.5962091261341	0.2332461449408356	0.0544037641297613	636159.7128123798	840.7382179949196	678.3703412667896	0.965703	18.003693	0.1002564984636444	0.0488010784493322	-0.0969815184	0.092183459	0.0877045307	-0.0787285685	0.0594414402	0.0727334969	-0.0420377857	0.0158544347	-0.1047621301	0.0774753534	0.0310945046	-0.1314817187	0.0171547942	0.114131656	0.049906817	-0.0940329259	-0.0503072049	0.111103897	-0.0289798327	-0.0607379612	-0.1001575969	-0.0006324901	0.157431579	-0.0947277658	-0.0135140102	0.0642166378	-0.07458196	0.0429961449	-0.0825711843	-0.1091254724	0.0012911011	0.0276447267	0.0660605491	0.0417863515	-0.0423437414	-0.0518556459	-0.012636046	-0.1719240386	-0.0727090396	0.03549888	-0.0236258352	0.0132298632	0.038826251	-0.0418870742	0.0711125011	0.2025966206	0.0333062466	-0.0750661509	-0.0817399931	-0.0641078081	-0.0291358199	0.1089064611	-0.0587901915	-0.092280022	-0.0471208409	0.0660636820061739	-9.686098537131649e-07	0.0043644100802128	9.382050487102389e-13	-0.0046422523713829	-0.0190725185431119	0.0003637609635773	2.155050707961016e-05	-0.006759234189289	-0.0258604927481939	4.568724682565332e-05	0.0006687650851793	-0.0041220609739625	0.0001231061538179	1.699138667306468e-05	1.5155125107860973e-08	-0.0008877924305557	-0.0004256909654233	1.812127980430212e-07	7.881753997519975e-07	-0.0001023293004174	0.0005576532520084	3.109771494755441e-07	1.04712857239145e-08	0.0	0.0	0.0	0.0	0.0	0.0	0.0	0.0	0.0	0.0	0.0	0.0	0.0	0.0	0.0
867.0653090077734	0.1121036519213021	751802.2500847456	0.0125672287740924	1069.6121564404718	-0.5953062649430194	0.3543895490804084	1144070.1652052363	797.6712857154108	0.0750765892767049	0.005636494257423	636279.4800548765	841.0026697267258	683.8161711720954	0.918221	17.118475	0.0878622872397814	0.052997546593768	-0.089555289	-0.0346627366	-0.0485203547	-0.0263350192	0.0600625468	-0.0675721922	-0.1008342786	0.0564515254	-0.0956287896	0.0311833393	0.1370965998	-0.0859142284	0.0681713608	-0.0327610458	0.0435215557	0.1338868154	-0.0507310792	-0.1178141653	0.0870926556	0.137292301	-0.1027308466	-0.0116277758	-0.0323104487	-0.1184011938	-0.1229545739	0.0366072016	0.0277934692	-0.0541905288	-0.0357476091	-0.1117149249	0.0018347161	0.0251369897	0.0399726566	0.0823117818	-0.0329157729	-0.0970091403	-0.0619986404	-0.0068811871	0.0534343254	-0.0898442414	-0.0217150486	0.1261262553	0.0550231743	0.0499176978	0.0785948313	0.0855218636	-0.0273523529	0.0089885431	-0.1101483781	-0.1100448467	-0.0077311675	-0.109946137	0.116809459	-0.0970382431	-0.0355847396	0.0659922845565006	-7.139744967329942e-05	0.0043549816209861	5.097595819851323e-09	-0.000754255636906	0.0038879967344768	1.5116518607303036e-05	5.689015658044756e-07	0.0018451155105623	0.0086043496998513	3.404451247317577e-06	7.403483375733114e-05	-0.0050001845421129	-0.0008781235681503	2.5001845455184797e-05	7.711010009411897e-07	-0.0006557580909423	0.0002320343396134	5.383993475982665e-08	4.300186738362898e-07	-0.0004981422597692	-0.0003958129593518	1.566678987908297e-07	2.481457109679651e-07	0.0	0.0	0.0	0.0	0.0	0.0	0.0	0.0	0.0	0.0	0.0	0.0	0.0	0.0	0.0
866.319227759277	-0.7460812484963526	750509.0043854301	0.5566372293578762	1072.6469591074977	3.034802667025815	9.210027227787	1150571.4988825617	797.634146610383	-0.0371391050277907	0.0013793131222652	636220.231838874	841.3085969650626	687.1230622150042	0.959663	17.891088	0.076025167327552	0.047199052433214	-0.1393932116	-0.0332914406	-0.1386319487	-0.0173075149	0.1614991226	-0.1132821772	0.0519011251	0.0072275132	-0.1390942838	0.0315720685	-0.0038121902	0.099738362	0.0253086491	-0.1048332627	-0.0033325537	0.1279912954	0.0608155617	-0.0145965471	0.0124313968	-0.1632220774	-0.1359870271	-0.0239289598	-0.1193455536	0.0466373377	-0.0348244593	-0.0615682352	-0.0105481885	-0.0861546925	0.045888202	-0.1336008341	-0.0305432363	0.0325798454	0.0476131281	0.0399742189	0.0131320233	0.0008663554	-0.087630982	0.1294295214	0.1307094442	-0.058802357	-0.0481969938	-0.1206204182	0.0180607425	0.1040863596	0.0010273868	0.0093872823	0.0175672138	0.0423057537	0.0074334421	-0.1172810611	-0.0346109002	0.0173211934	0.1469294161	-0.1016540472	-0.023839813	0.0659358738414823	-5.641071501828743e-05	0.0043475394592398	3.182168768874439e-09	0.0404152551265326	0.0411695107634386	0.0016949286165008	0.0016333928469427	0.0226580141971624	0.0208128986866001	0.0005133856073588	0.0004331767517386	-0.0049097355088986	9.044903321430048e-05	2.4105502767339792e-05	8.181027609401633e-09	-0.0008081911547594	-0.0001524330638171	2.323583894466809e-08	6.531729426313326e-07	-0.0005349871059877	-3.684484621849997e-05	1.3575426928649111e-09	2.862112035730945e-07	0.0	0.0	0.0	0.0	0.0	0.0	0.0	0.0	0.0	0.0	0.0	0.0	0.0	0.0	0.0
867.1557692050338	0.8365414457567795	751959.1280655739	0.6998015904688428	1071.0809303809856	-1.5660287265120587	2.45244597226098	1147214.3594257976	799.2607992849042	1.6266526745212104	2.645998923527007	638817.825273544	842.5997158292943	685.2712794475974	0.973984	18.15807	0.1124425186030995	0.0455930420605619	-0.1241614623	-0.0526185345	0.0137444718	-0.0859924163	0.0881559173	0.0367672295	-0.0207583912	0.0515654754	-0.1502331206	-0.0532805398	-0.097029987	0.0730910538	-0.0354734358	-0.0672979406	0.1277363843	-0.0588484657	-0.0110583573	0.0995607361	0.1102070401	-0.1149481353	-0.1483017065	0.0272505745	-0.0062789276	0.1404946448	0.075319743	-0.1133910176	0.0136275951	0.1439335114	-0.0401432952	-0.1414772307	0.0056161519	0.0218615683	-0.0021838436	0.0589212512	0.0375982418	-0.0543799226	-0.0398222789	0.1504855458	-0.1331026386	0.1080536297	-0.0277372912	-0.114676084	0.0158117344	0.0861951284	0.0787863796	0.0466776157	-0.1466567822	-0.0022400452	0.0109717849	-0.1507881262	-0.1786341599	0.0591605891	-0.0372491237	-0.10612066	-0.0119549848	0.054537166224776	-0.0113987076167063	0.0029743024998288	0.0001299305353311	0.0158388926361254	-0.0245763624904072	0.0006039975932598	0.0002508705199387	0.0021491779526314	-0.020508836244531	4.618965872076896e-06	0.0004206123641049	-0.0053020597424379	-0.0003923242335393	2.8111837512380647e-05	1.5391830422219938e-07	-0.0004640986696489	0.0003440924851105	1.1839963830951973e-07	2.153875751698788e-07	-0.0001522315796084	0.0003827555263793	1.4650179297389501e-07	2.3174453830068623e-08	0.0	0.0	0.0	0.0	0.0	0.0	0.0	0.0	0.0	0.0	0.0	0.0	0.0	0.0	0.0
868.9557012058473	1.7999320008134418	755084.0106581458	3.23975520755228	1071.7384576468633	0.6575272658776612	0.4323421053725526	1148623.3215992772	799.3018824423513	0.0410831574470194	0.0016878258258165	638883.4992758863	842.3843560872668	689.3206085252118	1.043834	19.460304	0.0951641333382377	0.056816490174035	-0.1455203695	0.0474351174	0.0528670777	-0.1027107247	0.0951870901	0.0158073788	-0.0359266188	-0.0162213875	-0.1553304283	-0.0472903798	-0.0421158955	0.1166656963	0.05904719	0.0134922425	-0.0821780446	-0.0150062803	0.0433369074	-0.0889707864	-0.0263815708	-0.0883080673	-0.1577041261	0.0478364497	-0.012736268	0.0564076501	0.0568797784	-0.0188844615	-0.0166406423	0.0031703237	0.0624595011	-0.1566757119	-0.0161938716	0.0208292781	0.071143735	0.0080373042	-0.0163319872	0.0029689036	-0.032145737	-0.0332030654	0.0630533106	-0.0014115571	0.0982600644	-0.021161226	-0.0306986519	-0.0300922921	-0.0906268115	0.1081183676	-0.005423336	0.1103303723	-0.0553568139	-0.1423445395	-0.0082619484	0.0059468278	0.3035043228	-0.1104315261	-0.0	0.0578952305063609	0.0033580642815848	0.0033518577153846	1.1276595719256278e-05	-0.033525299796949	-0.0493641924330744	0.0024368234945695	0.0011239457264753	0.0019008429991629	-0.0002483349534684	3.6132041074666086e-06	6.167024911420201e-08	-0.0049080972349665	0.0003939625074713	2.4089418467885807e-05	1.5520645729315242e-07	-0.0008860628840132	-0.0004219642143642	1.7805379820408088e-07	7.851074344257895e-07	-0.0001801756911749	-2.7944111566500005e-05	7.808733712409994e-10	3.2463279690352946e-08	0.0	0.0	0.0	0.0	0.0	0.0	0.0	0.0	0.0	0.0	0.0	0.0	0.0	0.0	0.0
865.8707085766792	-3.084992629168028	749732.0839710806	9.51717952202106	1069.6470125132594	-2.091445133603884	4.374142746875367	1144144.7313785409	797.5248496763168	-1.777032766034495	3.157845451560207	636045.8858512316	840.507515208777	681.7201217069191	1.057244	19.710297	0.1029588228113578	0.0737896992058016	-0.1312420419	0.0377472185	0.1266252609	-0.0620080747	0.0948808193	0.0453266904	-0.0855315542	0.0886010945	-0.1358895338	0.0386379092	0.125453382	-0.0608784637	-0.1263712177	0.0949087726	-0.0136774422	-0.0563028623	0.0605960151	-0.2127003202	0.1073005144	0.0098173329	-0.1359637428	-0.0043118786	0.0855079884	-0.1248227146	0.0080854923	-0.0272857298	0.1086598053	-0.0924158756	0.1392241283	-0.1588578643	0.0111564156	0.0049228868	0.0288960611	-0.003497576	-0.0594585232	-0.0781480793	-8.91501e-05	-0.1608917271	0.0471029975	-0.0950035122	0.0224298578	0.0163554135	0.2085918141	-0.0250056778	-0.007512485	-0.0603159034	-0.0395987858	-0.0518731386	0.0690946022	-0.0410149331	-0.0427283982	0.1385631265	0.1116572885	-0.1145803187	0.0119549848	0.059943236609854	0.0020480061034931	0.0035931916152649	4.1943289999449945e-06	0.0362115089126007	0.0697368087095497	0.0048632224889923	0.0013112733777273	-0.0166093379350371	-0.0185101809342	0.0002758701066402	0.0003426267982168	-0.0047190729572882	0.0001890242776783	2.2269649576208797e-05	3.5730177551803375e-08	-0.0008862311700721	-1.682860589000265e-07	2.8320197620103185e-14	7.854056868073634e-07	-0.0001160917136298	6.40839775451e-05	4.106756178000882e-09	1.3477285973503492e-08	0.0	0.0	0.0	0.0	0.0	0.0	0.0	0.0	0.0	0.0	0.0	0.0	0.0	0.0	0.0
868.1181242005902	2.2474156239109107	753629.0775655513	5.050876986598868	1070.576539138268	0.9295266250085206	0.8640197465997308	1146134.1261532712	799.3886961906187	1.8638465143019405	3.473923828875493	639022.2875973373	841.786296397946	686.8503645137832	1.228975	22.911905	0.062580323036878	0.0305832114248024	-0.1892508784	-0.0201239338	-0.1338657404	-0.0696319673	0.1183758894	-0.0170902129	-0.0927853313	-0.0478195498	-0.1824731323	-0.0298801913	0.015240192	-0.0775485013	0.1803957926	-0.1383827218	-0.1067188316	0.0012783072	0.1024171659	0.1590941033	-0.0221754846	0.0160706891	-0.1736759294	0.0279507094	-0.0418415964	-0.0050694034	-0.1405609257	0.0400999211	-0.1456795216	0.1006655314	-0.0079185776	-0.1812450862	-0.0105971555	-0.0154831731	0.0071175914	-0.0360443008	0.065357794	-0.0276296907	-0.0690206228	0.0828370691	-0.070378523	0.0634503343	-0.2096247905	0.0216169799	0.0831779499	-0.14883315	-0.0742251944	-0.1534899114	0.1017399547	-0.0372887201	0.1670124348	0.0227227768	0.1298705868	-0.0598178352	0.0155565491	-0.1185609488	0.023839813	0.0469720159103417	-0.0129712206995123	0.0022063702786813	0.0001682525664354	0.0207524545124755	-0.0154590544001252	0.000238982362946	0.0004306643682923	-0.0334993686703626	-0.0168900307353255	0.0011222077013128	0.0002852731382402	-0.0045326377835666	0.0001864351737216	2.0544805277015536e-05	3.475807400060318e-08	-0.0008858839585332	3.4721153889993774e-07	1.2055585274526298e-13	7.847903879864525e-07	-0.0002745096724076	-0.0001584179587778	2.5096249663324744e-08	7.535556024532788e-08	0.0	0.0	0.0	0.0	0.0	0.0	0.0	0.0	0.0	0.0	0.0	0.0	0.0	0.0	0.0
867.6555200623201	-0.4626041382700805	752826.1014946151	0.2140025887446037	1069.3673112803492	-1.2092278579186768	1.4622320123665915	1143546.4464349633	798.5127741659841	-0.8759220246346331	0.7672393932400348	637622.6505062559	840.4970393866599	680.2217948509107	1.046352	19.507244	0.0931336264144305	0.0582941001594198	-0.1839307961	-0.0704088545	-0.0721743047	-0.0952540553	0.1472355468	-0.1303129801	-0.024003006	0.1447428083	-0.1983453144	0.0111766823	-0.027443548	0.0943272427	0.0336675068	-0.1135936408	0.0591584279	-0.0385390927	0.0059087276	0.0579212696	-0.105346097	0.0030709489	-0.205800574	-0.0180062915	-0.0539298845	0.0781494521	0.0172673547	-0.1499701358	-0.0242483143	0.0557339415	-0.008827683	-0.1882693467	0.0050650705	-0.0215457404	-0.0122019412	-0.0291357464	0.0263001869	-0.0041093631	-0.0861693742	0.0509196847	0.0146268561	-0.0227732076	0.0314555123	0.0997772965	0.0488784438	-0.0808293279	-0.0677743123	0.1303920844	-0.1185680888	0.0628379424	0.1464510043	-0.0135253942	-0.021191408	0.1829297671	0.0284744658	-0.1223675745	0.0355847396	0.0434448876515318	-0.0035271282588098	0.0018874582630542	1.2440633754095318e-05	-0.029843733087091	-0.0505961875995664	0.0025599741996105	0.0008906484045735	-0.0336976543568141	-0.0001982856864514	0.0011355319091513	3.931721345154227e-08	-0.0045020163981112	3.062138545539914e-05	2.026815164886215e-05	9.3766924720813e-10	-0.0003789211926805	0.0005069627658527	2.570112459610195e-07	1.4358127026241265e-07	-3.5853326323645376e-05	0.0002386563460839	5.6956851526144336e-08	1.2854610084698023e-09	0.0	0.0	0.0	0.0	0.0	0.0	0.0	0.0	0.0	0.0	0.0	0.0	0.0	0.0	0.0
870.0373918970341	2.3818718347140475	756965.0632989934	5.673313437004063	1071.2736600678545	1.9063487875052945	3.6341656996229057	1147627.254755177	799.8297857469128	1.3170115809286926	1.7345195043002943	639727.6861679524	842.1377164400541	690.3894650023462	1.070535	19.95809	0.0980325666941245	0.0863788916770128	-0.2131867516	0.0289985709	0.0224960903	-0.0982267947	0.1315650271	0.0959614204	-0.0530745073	-0.087387621	-0.1999875832	-0.0462392523	-0.0838833984	0.1154001956	-0.0298193764	0.0780805259	-0.0571533097	-0.1274559584	-0.0482291505	-0.1478736842	0.070640127	0.0222935914	-0.1963667965	0.0304107761	-0.0092000074	0.0806035196	0.1403812073	-0.003081947	0.0059666144	0.0168892817	0.1952691633	-0.2042616399	-0.0261653097	-0.0195294299	0.0147175044	-0.0556665765	0.0347176109	0.0754060372	-0.0437248984	0.0297244674	0.1154825794	0.0243730226	0.0210954784	-0.1414003648	0.0760669544	-0.0831500596	-0.0658660676	-0.04861224	-0.1668375232	-0.0678667788	0.0970674508	0.1563253603	-0.1249416017	-0.0568659788	-0.0449030476	-0.1259946088	0.0471208409	0.0457667691308358	0.0023218814793039	0.0020945971566752	5.391133603934918e-06	0.0562203406907855	0.0860640737778765	0.0074070247952437	0.0031607267073879	-0.0331307961931628	0.0005668581636512	0.0010976496563928	3.21328177698121e-07	-0.0044260394824319	7.597691567930078e-05	1.958982550004604e-05	5.772491716139581e-09	-0.0003562391880969	2.2682004583600044e-05	5.144733319304534e-10	1.2690635913593848e-07	-0.0001187894715266	-8.293614520295462e-05	6.8784041811255725e-09	1.4110938545568912e-08	0.0	0.0	0.0	0.0	0.0	0.0	0.0	0.0	0.0	0.0	0.0	0.0	0.0	0.0	0.0
867.6299036111117	-2.4074882859224545	752781.649640227	5.795999846853838	1066.5303298687113	-4.743330199143202	22.499181378103884	1137486.944529862	798.0206120644847	-1.8091736824280813	3.273109413190385	636836.8972797748	839.358026740543	676.8764488520147	1.122884	20.934025	0.1158912706149278	0.0658385216198708	-0.1809034302	0.041493585	0.2065643065	-0.1545122012	0.0380567356	0.1718910372	-0.1759878315	-0.0573010294	-0.1996825327	0.0353151322	-0.033949378	-0.0040421686	-0.1575184904	0.0946436987	-0.1299661013	-0.0779258487	0.0029012683	0.1974279584	0.0694725315	0.0017536591	-0.1945931678	0.0462945986	0.1686909987	-0.0520535948	0.1460667704	-0.0380657315	-0.0543921532	0.0078111218	-0.0837379602	-0.2090713378	0.0049796584	-0.0140873766	-0.0233022616	-0.0617922893	0.0030072164	-0.0484843413	0.0313310289	-0.1187162016	-0.2005161845	0.0670872752	0.0463729704	-0.0595021692	0.133736187	-0.066247946	-0.0215306711	-0.137252489	-0.0976835321	0.0792435374	0.0554725755	0.0010510993	0.0541718139	0.0563501409	-0.01105922	-0.1294367287	0.0583804184	0.0369825576412665	-0.0087842114895693	0.0013677095696895	7.716237149348134e-05	0.0067345847669884	-0.0494857559237971	0.0024488400393496	4.53546319837522e-05	-0.0326315439737214	0.0004992522194414	0.0010648176621089	2.49252778617165e-07	-0.0050360765979884	-0.0006100371155565	2.5362067500806413e-05	3.721452823564946e-07	-0.0008861999855289	-0.000529960797432	2.808584468147613e-07	7.853504143514225e-07	-0.0001212325781805	-2.443106653900003e-06	5.9687701223304675e-12	1.4697338012291045e-08	0.0	0.0	0.0	0.0	0.0	0.0	0.0	0.0	0.0	0.0	0.0	0.0	0.0	0.0	0.0
869.7977278198682	2.1678242087565422	756548.0873206055	4.699461800070928	1074.40479028636	7.874460417648606	62.00712686911466	1154345.653390277	798.8540342269405	0.833422162455804	0.6945925008725086	638167.7680006578	841.6132446595259	684.1469352723776	1.107643	20.6499	0.0394037462345297	0.0240463134462616	-0.2180628723	0.0714448698	0.0514774258	-0.1255692715	0.1328604469	0.0412953105	-0.1051637725	-0.0770965323	-0.2124500085	-0.0444022182	0.0780269151	-0.1409714555	0.0635436224	0.0750521869	-0.1571587502	0.0433715857	-0.0011374799	0.0332858411	0.0970768831	0.0179512163	-0.2033282514	0.0764111161	0.1124209011	-0.0954484966	-0.0655615959	0.118316644	-0.0879847529	-0.0041995616	0.0173992839	-0.2226531475	-0.0186881833	-0.0286091285	0.0270898491	-0.0664585962	0.0531979091	0.0040805404	-0.0356598441	-0.1546008613	0.0341512679	-0.0138108483	-0.1114103779	0.085653648	0.0364940699	-0.2007145292	-0.0665334283	0.0508450895	-0.0726771139	-0.0168888092	-0.149288574	0.0177801597	0.0850004506	0.0254773764	-0.0813140629	-0.1326888823	0.0692973963	0.0481344123352442	0.0111518546939777	0.0023169216508593	0.0001243638631155	-0.0143960254731609	-0.0211306102401492	0.0004465026891211	0.0002072455494238	-0.0349430257180642	-0.0023114817443428	0.0012210150463332	5.342947854430033e-06	-0.0050356192518971	4.5734609129943066e-07	2.5357461250076712e-05	2.091654472268672e-13	-0.0008859607281839	2.3925734499998744e-07	5.724407713644302e-14	7.849264118841463e-07	-0.0002167319658654	-9.54993876849e-05	9.120133048190832e-09	4.6972745027880925e-08	0.0	0.0	0.0	0.0	0.0	0.0	0.0	0.0	0.0	0.0	0.0	0.0	0.0	0.0	0.0
867.0274235332864	-2.7703042865817906	751736.5531587688	7.674585840253444	1068.2696406923492	-6.135149594010727	37.64006054088999	1141200.0252249609	798.4989039267263	-0.3551303002142276	0.1261175301302474	637600.4995721832	839.4875496446489	678.9828862388058	1.082595	20.182913	0.0841388753591275	0.0530783158196395	-0.2128878737	-0.0846227617	-0.061514816	-0.0149449465	0.1503515482	-0.1673204805	-0.163310103	0.0606866716	-0.2140413785	-0.0218307448	0.102047703	0.0289967165	0.0696204978	-0.0676266913	-0.0004710814	0.1496672821	0.0068388755	-0.037075141	0.009150644	0.0547288841	-0.2178401466	-0.0284453277	-0.1399092844	-0.0525183034	-0.10846088	-0.027966743	0.0287801285	-0.0547887882	-0.0254874405	-0.2273135544	-0.0089530306	-0.0224337926	-0.0357154195	-0.0753087895	0.0379017497	-0.0535607901	-0.0813473345	0.0471682844	-0.0001413016	-0.1212834283	0.0164825002	0.2156029729	0.1506271166	-0.0758368944	-0.0247241726	-0.1771140293	-0.1294953411	0.0614939558	0.0810859545	0.0580853296	0.0371192207	-0.0322568922	0.1078209511	-0.1357462967	0.0798077096	0.0475516473240134	-0.0005827650112308	0.0022611591632273	3.396150583148345e-07	0.0344189264988443	0.0488149519720052	0.0023828995360291	0.0011846625013328	-0.0519449803679208	-0.0170019546498566	0.0026982809854236	0.0002890664619157	-0.0053571377136552	-0.000321518461758	2.869892448306686e-05	1.0337412125129445e-07	-0.0008858375534119	1.2317477200002574e-07	1.5172024457258325e-14	7.847081710347807e-07	-0.000249874403856	-3.314243799059998e-05	1.098421195960765e-09	6.243721770239139e-08	0.0	0.0	0.0	0.0	0.0	0.0	0.0	0.0	0.0	0.0	0.0	0.0	0.0	0.0	0.0
872.0919929320725	5.064569398786034	760544.4441362339	25.64986319511993	1074.721160362507	6.451519670157722	41.62210605443201	1155025.5725309332	801.7247302639869	3.225826337260628	10.40595555816432	642762.5431168625	843.1965696405009	675.221325862267	1.540655	28.72258	0.18311232576132	0.0821432295602004	-0.2878546094	-0.1308140751	-0.0297036247	-0.0652008787	0.2632671534	-0.1157307701	0.0084051909	-0.0308729123	-0.2445417626	-0.1714312896	-0.1618352005	0.0603262494	0.1734701252	-0.1433737769	-0.0513143142	-0.1229154318	-0.0046711138	-0.109311374	0.1901830046	-0.0833024794	-0.2389573222	0.042385848	-0.1662714888	0.2139377159	-0.0899626628	0.0168948364	-0.0762411577	0.1553579992	0.1662943971	-0.2375202836	-0.0308312181	-0.0484071563	-0.118859716	-0.1023224239	0.2348089058	0.1450657295	0.1198739755	0.0315084632	0.1420037746	0.0995742458	-0.2175825594	-0.3180740713	-0.1945244476	-0.1600768683	-0.1550076873	0.0331152563	0.1292849403	0.0020069015	-0.3688534527	-0.0626223152	0.0004484282	-0.2174081423	-0.2126781813	-0.1386044847	0.0898496795	0.0036534293980565	-0.0438982179259569	1.334754636658348e-05	0.0019270535370748	0.0889218516686014	0.0545029251697571	0.0029705688520601	0.0079070957041727	-0.0226123697326698	0.029332610635251	0.0005113192649269	0.0008604020466792	-0.0048470471463104	0.0005100905673448	2.349386603855579e-05	2.601923868941399e-07	-0.0004192141167314	0.0004666234366804	2.1773743165952057e-07	1.7574047566688785e-07	-0.0001190169672742	0.0001308574365818	1.712366870875981e-08	1.4165038499147996e-08	0.0	0.0	0.0	0.0	0.0	0.0	0.0	0.0	0.0	1.0	0.0	0.0	0.0	0.0	0.0
862.4438009062125	-9.648192025859998	743809.3097215546	93.08760936786848	1059.7195293821137	-15.001630980393202	225.0489320718931	1123005.4809538485	796.2830012167653	-5.441729047221543	29.61241502337468	634066.6180267791	838.3169319892806	655.1052486361782	2.336957	43.568104	0.3361317431029404	0.2226934062977426	-0.1812904595	-0.4711206816	0.227177443	-0.0538018621	-0.0354924747	-0.0827807996	-0.0553639678	0.1236449991	-0.2036995778	0.087263884	0.0621317367	0.1378684872	-0.3083133543	-0.1791553437	0.2045157032	-0.1795960678	-0.3403902302	-0.0246422458	-0.1051872446	0.4948997009	-0.1843459572	-0.0552050748	-0.0266169944	-0.0924804819	0.1395186157	-0.3361802787	0.1206768083	0.0541475774	-0.3141549519	-0.1752601664	0.0702866614	-0.0244928374	-0.499180855	-0.0967346469	0.1470283979	0.0078464701	0.2715238397	0.1168717261	-0.1884919272	-0.1229547091	0.4633223828	0.1702370388	-0.029398626	0.1800442695	0.2112123789	0.0593184994	0.2994073905	0.0489645284	0.0754366817	-0.0286569251	0.0054529888	-0.114415044	-0.1164752932	-0.1412592515	0.0993643757	0.0038475619241609	0.0001941325261044	1.4803732760252727e-05	3.76874376916756e-08	0.0851477524003456	-0.0037740992682558	1.4243825286649037e-05	0.0072501397388305	-0.199921170183245	-0.1773088004505752	0.039968474287438	0.0314384107172219	-0.0029429043275855	0.0019041428187248	8.660685881321465e-06	3.6257598741016063e-06	0.0003607833942065	0.0007799975109379	6.083961170693194e-07	1.301646575351628e-07	-0.0005319708547715	-0.0004129538874973	1.7053091319913274e-07	2.829929903263204e-07	0.0	0.0	0.0	0.0	0.0	0.0	0.0	0.0	0.0	0.0	1.0	0.0	0.0	0.0	0.0
863.4472111120372	1.0034102058247072	745541.0863771549	1.0068320411531813	1048.879821908885	-10.8397074732286	117.49925810516795	1100148.8808076144	796.1201538085937	-0.1628474081716149	0.0265192783482125	633807.2993002189	839.4453132910074	707.2996266254085	3.627661	67.630821	2.9090427704683988	1.9877904600502392	0.0596373742	0.1712964616	-0.1635293372	0.1010313552	-0.3617494278	-0.2860776046	-0.2924111956	-0.5069095987	0.2473949254	0.1271194346	0.6022009792	0.4989938137	0.0325609348	0.1058659519	-0.1116896191	-0.1487318027	-0.1335448117	0.2081632831	0.1263128822	-0.1326084444	0.2264805951	-0.0787336374	-0.3979177614	-0.5774051674	0.4417646892	-0.0839687503	-0.1792694012	0.135053597	-0.0709443338	0.171567115	-0.6167008331	-0.0432091445	-0.3476187565	-0.1985354977	-0.506115191	-0.0300096363	-0.0410510652	0.0252174603	-0.044154728	0.0063031632	-0.1532527348	0.004677534	0.0532394014	0.1808710568	-0.2083358915	0.0561640151	-0.040396764	0.0197300505	-0.0590678397	0.0200048155	-0.011557377	-0.0390804378	-0.0159096253	-0.1437067008	0.1082959623	0.0166705240661286	0.0128229621419677	0.0002779063726393	0.0001644283580943	0.3907800975586752	0.3056323451583296	0.0934111304069803	0.1527090846479677	-1.158729429248922	-0.958808259065677	1.342653890207533	0.9193132776525544	0.0261962610079478	0.0291391653355333	0.0006862440907965	0.0008490909564515	0.0036992462330853	0.0033384628388788	1.1145334126574698e-05	1.3684422692995782e-05	-0.0003740149471351	0.0001579559076364	2.4950068757238932e-08	1.3988718068047165e-07	0.0	0.0	0.0	0.0	0.0	0.0	0.0	0.0	0.0	0.0	0.0	1.0	0.0	0.0	0.0
881.9964388940043	18.549227781967147	777917.718221705	344.0738513073018	1059.5532857960668	10.673463887181695	113.92283135097182	1122653.1654412416	806.1421399516444	10.02198614305064	100.44020625149903	649865.1498058166	849.2574174300483	731.4584829771096	2.584117	48.175945	0.7274214460249293	0.5312334722368723	0.1385628621	0.1849271119	-0.1764224505	0.1618315545	-0.1873672056	-0.0790082095	0.1808084064	-0.2418039838	0.2723795299	-0.3174360114	-0.0509779821	0.1505291971	0.2567489409	0.0260513209	-0.0996397189	-0.2499735774	0.2055507385	-0.0073044338	0.1135072218	0.1830424445	0.2786149657	0.1481995695	-0.2518646547	0.1152182433	0.0535082241	0.186420519	-0.0257174881	0.2214387405	0.3138407052	0.2435070359	-0.3764526963	-0.126260666	0.0612760502	0.0956893629	0.111395518	-0.0907667179	0.0745302451	-0.0876806124	0.2236785999	0.2391510333	0.0719915463	-0.1020049218	-0.0387638797	-0.3898397482	0.5014203257	0.0512368909	0.1433416468	0.1173136216	0.2284788389	-0.1389385078	0.0342372942	-0.0135671379	0.0717938876	-0.1459432408	0.1165920251	0.0229947260191636	0.006324201953035	0.0005287574246963	3.9995530342771705e-05	0.3973854786062247	0.0066053810475494	4.363105878332594e-05	0.1579152186070982	-0.6525567477790872	0.5061726814698349	0.4258303090720192	0.2562107834663629	0.0253483366017872	-0.0008479244061606	0.0006425381684775	7.189757985628088e-07	0.0017679645002917	-0.0019312817327936	3.7298491314222505e-06	3.12569847429168e-06	-0.0017611924392711	-0.001387177492136	1.9242613946887224e-06	3.101798808145687e-06	0.0	0.0	0.0	0.0	0.0	0.0	0.0	0.0	0.0	0.0	0.0	0.0	1.0	0.0	0.0
870.8973539497307	-11.099084944273612	758462.2011166426	123.1896866002012	1060.0597557857118	0.5064699896449838	0.25651185041099	1123726.685836463	801.2928884198589	-4.849251531785512	23.515240418524137	642070.2930322404	844.6477470780695	724.9229876436231	1.687434	31.458998	0.4183125954083893	0.31764537847709	0.1946064485	0.0079355503	-0.1382082968	0.0230318112	-0.242970675	0.1001639094	0.0527891614	-0.0228899984	0.2467832426	-0.0144017731	-0.004946674	0.028868327	0.0298675241	0.0152631635	-0.0453934351	0.1253975698	0.0661319922	0.0080709707	-0.0929038462	0.2624392834	0.2466161508	0.0223695518	0.0411653998	0.0093582498	0.0810014398	-0.0013403729	0.0549192543	0.0144584409	-0.0664146675	0.2433937653	-0.1469470505	-0.0467369169	0.0428866889	0.1329739667	0.2302930639	-0.1690465595	-0.0065558686	0.036139003	-0.1024788026	-0.2191458364	0.1938677619	-0.0370524978	0.0703843738	-0.0346013271	-0.0452247985	-0.1365013182	0.0275051144	-0.2733819145	-0.2549640086	0.2010941898	-0.2166376025	0.3048020113	0.0607588326	-0.1479655889	0.1242038795	0.0256700909951774	0.0026753649760137	0.0006589535717006	7.157577754881305e-06	0.4063980995630203	0.0090126209567956	8.122733651087148e-05	0.1651594153284345	-0.4456059411334223	0.2069508066456649	0.198564654773403	0.0428286363712914	0.0216270364235309	-0.0037213001782562	0.0004677287044647	1.3848075016690364e-05	0.0020392098497579	0.0002712453494662	7.357403960704105e-08	4.158376811349637e-06	-0.0017602619103953	9.305288757998232e-07	8.658839886972829e-13	3.0985219931885115e-06	0.0	0.0	0.0	0.0	0.0	0.0	0.0	0.0	0.0	0.0	0.0	0.0	0.0	1.0	0.0
869.8324435807318	-1.0649103689988806	756608.479905627	1.134034094001332	1065.4788819674789	5.419126181767069	29.36692857391333	1135245.247918669	799.8623195525139	-1.4305688673449597	2.04652728421664	639779.7302399279	846.4262428921601	715.0184814170078	1.198407	22.342014	0.2958131519085362	0.1897142018334738	0.2054808673	0.0143762717	-0.1804230418	0.0620857234	-0.1239510409	0.0249563642	0.1457992936	0.0713969986	0.2040572299	0.0039273947	-0.0866097646	-0.0598047394	0.041451133	-0.1163984875	-0.0166747914	0.1532356408	-0.1399300763	0.1691975291	-0.0100909117	-0.1229183416	0.2298318318	0.0181549058	0.0202888434	0.1099225589	-0.0845294185	0.0166349172	-0.0841561686	0.0612888458	-0.1353333292	0.2347783719	-0.0823256359	-0.0464768678	0.0906087634	0.1431096861	0.2908958968	-0.1355927077	-0.0116725857	0.0233722445	-0.1221116664	-0.0949818754	0.0019158238	-0.0204825256	-0.0454057823	-0.0084474146	-0.2196509042	0.0422629972	-0.0572330034	-0.044227292	0.0152466945	0.0525439271	0.0602341621	-0.1699789536	0.1639528023	-0.1497707771	0.1310868562	0.0257761218599057	0.0001060308647283	0.0006644084581367	1.124254427503166e-08	0.2378331582380326	-0.1685649413249877	0.0284141394438965	0.056564611157477	-0.374612577666312	0.0709933634671102	0.1403345833457986	0.0050400576563732	0.0209054949195605	-0.0007215415039703	0.0004370397178317	5.206221419518658e-07	0.0017787683703782	-0.0002604414793797	6.782976418148677e-08	3.164016915457917e-06	-0.0016192685687112	0.0001409933416841	1.9879122399249408e-08	2.622030697616018e-06	0.0	0.0	0.0	0.0	0.0	0.0	0.0	0.0	0.0	0.0	0.0	0.0	0.0	0.0	0.0
866.0742918167194	-3.758151764012382	750084.6789458321	14.12370468134938	1063.412733538397	-2.06614842908175	4.268969330996982	1130846.641851606	799.0500857445502	-0.8122338079637075	0.6597237587992248	638481.039528373	844.1188295549374	697.6733968068938	0.989013	18.438255	0.1428915854719714	0.0855657798847761	0.1948417342	-0.0233784345	-0.1390143921	0.0769986008	-0.0770513726	-0.1038753526	0.2032259139	0.134098432	0.186627309	0.0574301747	0.0392140315	-0.0563286475	0.0195870989	-0.1771090184	0.0393401482	0.1601271969	-0.0996158957	0.0105002697	-0.2261834235	-0.0240669622	0.1932023745	-0.0475084137	-0.0514041145	0.0173528314	-0.1228030273	-0.1021230113	-0.0191395119	-0.0822115915	-0.0240508954	0.2157602278	-0.0158478109	-0.0200102212	0.0651901797	0.0854598569	0.1761649519	-0.0515532279	-0.0964399559	0.0071579509	-0.0775206948	-0.24739643	0.037250669	0.0546147815	-0.0510293787	0.0456723334	-0.2243787354	0.0480072619	-0.1515693674	0.0544677248	0.157958547	-0.1230915229	0.0844444391	-0.0278266724	-0.351434246	-0.1513561561	0.1372005631	0.0253143249501448	-0.0004617969097609	0.0006408150476815	2.132563858647191e-07	0.2198890826391561	-0.0179440755988765	0.0003219898490981	0.0483512086638896	-0.3300084552782181	0.0446041223880939	0.1089055805551156	0.001989527734012	0.0197614756304874	-0.0011440192890731	0.0003905159190943	1.3087801337713257e-06	0.0021510173582259	0.0003722489878477	1.3856930895363734e-07	4.626875675389131e-06	-0.0015379050341272	8.136353458399999e-05	6.620024760001763e-09	2.365151893993784e-06	0.0	0.0	0.0	0.0	0.0	0.0	0.0	0.0	0.0	0.0	0.0	0.0	0.0	0.0	0.0
871.7196953682648	5.645403551545314	759895.2272929403	31.87058125980045	1066.5709390311406	3.158205492743491	9.974261934395155	1137573.5679857691	800.8386178293536	1.7885320848033643	3.198847018371069	641342.4918068293	845.2313824656815	694.4793433306792	1.132193	21.107588	0.2905251273672296	0.2154816165522839	0.1936977731	-0.0031065208	-0.0124172445	0.0713129957	-0.0080505118	-0.0220041541	0.1539068364	0.1204547297	0.1512396696	0.0222389277	-0.0794940185	-0.1387353513	0.0371604231	-0.0003268904	0.0627195459	-0.1331764486	0.024982875	-0.2519133376	0.0002554184	-0.2095081985	0.1510756927	-0.034803747	0.045236191	0.0691889831	-0.1476929863	0.0551065315	-0.0120621563	-0.0201775643	0.1913828358	0.1844846255	0.134677131	-0.0216588428	0.0967168642	0.0301403237	0.0214208803	0.0470547241	-0.0397155829	-0.0287223132	0.0171591343	-0.1197224923	-0.050570325	-0.1354016719	-0.058943781	0.0093085845	0.0116034361	-0.069524132	-0.0425927243	0.1351590374	0.0479769016	-0.0917167264	-0.0158717658	-0.1504639412	-0.2693420441	-0.152719399	0.1425091225	0.008806204642326	-0.0165081203078188	7.754924020252398e-05	0.0002725180360974	0.2231791564450276	0.0032900738058714	1.082458564808168e-05	0.049808935871514	-0.2877949820167487	0.0422134732614694	0.0828259516740207	0.0017819773247967	0.0159467225047312	-0.0038147531257561	0.0002542979586429	1.455234141046668e-05	0.0017940279164798	-0.0003569894417461	1.274414615181923e-07	3.218536165108852e-06	-0.0011393784017881	0.000398526632339	1.588234766835441e-07	1.2981831424612054e-06	0.0	0.0	0.0	0.0	0.0	0.0	0.0	0.0	0.0	0.0	0.0	0.0	0.0	0.0	0.0
872.0381295754449	0.3184342071801893	760450.4994334405	0.1014003443024757	1063.0215594850738	-3.5493795460668025	12.598095162037382	1130014.8359300783	801.0305055679813	0.1918877386277699	0.0368209042356793	641649.8708504958	843.6399435343152	699.0144574260229	1.035499	19.304914	0.2036700258282965	0.1174878622860012	0.2007264876	0.043319978	0.1260414757	0.036277983	-0.0621699295	0.1088381779	0.1313901516	0.0844313055	0.1372459878	0.021832291	-0.1359152168	-0.1052313845	-0.0537475883	0.0766158245	0.0515480443	-0.0743510311	-0.0492210774	-0.0550187506	-0.0483327201	-0.0637415739	0.1257262404	0.0062884039	0.1542685522	0.0803278265	-0.0345179783	0.0509281101	-0.0238473903	-0.0294811938	-0.0576282998	0.1605509262	0.2015012235	-0.01011223	0.0667240153	-0.0386637975	-0.0379843646	0.0707638574	0.0224614242	0.021882557	-0.110820685	0.0121868761	-0.0388517234	-0.0660988409	-0.0686479954	0.1097115576	0.0275848517	-0.0499980442	0.0136143501	0.1499088818	0.0326333828	0.2331092367	0.1376093431	-0.1216442204	0.223039964	-0.1538585052	0.1469813818	-0.001683011061246	-0.0104892157035719	2.8325262322763867e-06	0.000110023646076	0.1734564833387253	-0.0497226731063022	0.0024723442208361	0.0300871516122374	-0.2905544873494108	-0.0027595053326621	0.0844219101188789	7.614869680990653e-06	0.0139853289149758	-0.0019613935897554	0.00019558942486	3.84706481393358e-06	0.0015399265732924	-0.0002541013431874	6.456749260964083e-08	2.371373851132073e-06	-0.0017378561025605	-0.0005984777007724	3.581755583218184e-07	3.0201438332067715e-06	0.0	0.0	0.0	0.0	0.0	0.0	0.0	0.0	0.0	0.0	0.0	0.0	0.0	0.0	0.0
873.672235000957	1.6341054255120753	763303.1742115675	2.670300541688001	1068.9762108901452	5.954651405071445	35.45787335591933	1142710.1394490525	801.1480097616873	0.1175041937059404	0.0138072355384831	641838.1335451126	847.2742594843326	707.6370185478944	0.8873459999999999	16.542868	0.1677667974586619	0.0744564171286553	0.190558392	0.0179588737	0.0922446514	-0.0248008057	-0.1082543797	0.0965448145	0.1035856938	0.0380571214	0.1618172735	-0.0485005101	-0.1162617108	-0.1569551912	-0.0909640925	0.0523380945	0.0141846694	0.024620527	-0.0690529076	0.0694966118	-0.0602451258	-0.0603221011	0.1527786202	0.0938568512	0.1442926	0.081838385	-0.0613763404	0.0199389409	-0.0145074688	-0.0748822782	-0.0919926687	0.144010058	0.2229286138	-0.0319278784	0.0392291037	-0.0835175315	-0.1492030519	0.0461683444	0.0294923198	-0.007533197	-0.1269420215	-0.0233404536	-0.1069495738	0.0065122963	-0.1961081246	-0.0364601389	0.0719959555	0.1151637797	-0.0204827935	-0.0089055901	-0.0740352396	0.0946468872	0.069246936	0.0423544429	0.1853904313	-0.1547718027	0.1505910958	-0.0042484000009466	-0.0025653889397006	1.804890256804307e-05	6.581220411938168e-06	0.1524714233175643	-0.0209850600211609	0.0004403727440917	0.0232475349284838	-0.3187122697481612	-0.0281577823987503	0.1015775108880246	0.0007928607096153	0.0129053852285822	-0.0010799436863935	0.0001665489678981	1.1662783657813978e-06	0.0009772035278383	-0.000562723045454	3.16657225885137e-07	9.54926734819619e-07	-0.0010593515124272	0.0006785045901333	4.603684788319574e-07	1.1222256268817965e-06	0.0	0.0	0.0	0.0	0.0	0.0	0.0	0.0	0.0	0.0	0.0	0.0	0.0	0.0	0.0
871.8195347484498	-1.852700252507248	760069.3011690034	3.432498225640419	1067.6104961263725	-1.3657147637727576	1.8651768159868791	1139792.1714391992	800.8661617155998	-0.2818480460874752	0.0794383210833275	641386.6089810772	845.7930322602441	699.8289503448126	0.8609099999999998	16.050028	0.146053529488619	0.0869132225131713	0.169514371	-0.0258179578	0.0525431634	0.0558052657	-0.0633338996	0.0390285504	0.1059164546	0.0570972855	0.132802945	-0.0424753865	-0.0529253243	-0.149594094	-0.1037777033	0.0297212739	0.009945423	0.116311402	-0.0890670526	-0.0582651004	-0.0662505943	0.0315729851	0.1356787996	0.0558873131	0.0563454766	0.0196140406	-0.0937399988	0.0224762074	0.0353356892	-0.1833502357	-0.0792947679	0.1160390059	0.2517525832	-0.0399990596	0.0288121794	-0.1105131415	-0.2099845663	0.0895974594	-0.0110109235	-0.0123003873	0.0173313703	-0.1411830704	-0.0625273452	0.0325635337	-0.1095641418	0.0007540538	0.0855812472	0.0169538106	-0.0206860348	-0.0725575147	-0.0824500722	-0.1693793367	0.0477908522	0.2538124829	-0.0481310247	-0.1554579513	0.1533170814	-0.0160856232904222	-0.0118372232894756	0.0002587472766413	0.0001401198552049	0.1779902257556216	0.0255188024380572	0.0006512092778725	0.0316805204645371	-0.303161769168625	0.0155505005795362	0.0919070582854506	0.0002418180682741	0.0114561097658379	-0.0014492754627442	0.0001312424509669	2.100399366912703e-06	0.0007097927449399	-0.0002674107828984	7.150852681033524e-08	5.03805740769318e-07	-0.0009130976944389	0.0001462538179883	2.1390179276154812e-08	8.337473995896348e-07	0.0	0.0	0.0	0.0	0.0	0.0	0.0	0.0	0.0	0.0	0.0	0.0	0.0	0.0	0.0
875.0897245991538	3.270189850704014	765782.0260990228	10.694141659647542	1071.736886649296	4.12639052292343	17.027098747672294	1148619.9542047258	801.3483412219632	0.4821795063634226	0.2324970763568739	642159.163979192	846.0152134975064	698.8773457171744	1.027342	19.152828	0.1389388553420441	0.0944555786952304	0.1322719868	-0.0155993333	0.153431344	0.0168528908	-0.0427069051	0.0505580992	0.1280098003	-0.0295864078	0.1068593452	-0.0552268538	-0.0996626596	-0.1309868719	-0.1027592109	0.0525711118	-0.0831308854	0.029149487	0.0437850686	-0.1297424572	0.0679971526	-0.0629102925	0.1075978155	0.0776694774	0.0611860743	0.0633612009	-0.0751539862	0.0244661891	0.0068558714	-0.1829166156	0.0879440682	0.0759040716	0.2880144073	-0.0485450547	0.0153336509	-0.1685716823	-0.3308382336	0.119436647	-0.033061797	0.0443747823	0.0584753395	-0.005966578	-0.0150612989	-0.0572012206	-0.1311461954	-0.0609874947	0.1730764832	-0.1431196495	0.0897779374	-0.048893919	0.0538642561	-0.0087271381	-0.1198487164	-0.0181929166	0.0276763845	-0.155915944	0.1551433414	0.0063815871076258	0.022467210398048	4.072465401221582e-05	0.0005047755430701	0.1459173214168885	-0.032072904338733	0.0010286711927215	0.0212918646894795	-0.303014935216737	0.0001468339518879	0.0918180509644033	2.156020942703875e-08	0.0097834804902346	-0.0016726292756033	9.571649050280104e-05	2.7976886936052227e-06	0.0007111048553367	1.312110396799941e-06	1.7216336933904989e-12	5.05670115283429e-07	-0.0009020009473715	1.1096747067400064e-05	1.2313779547785195e-10	8.136057090590834e-07	0.0	0.0	0.0	0.0	0.0	0.0	0.0	0.0	0.0	0.0	0.0	0.0	0.0	0.0	0.0
869.2808054636647	-5.808919135489077	755649.1187475576	33.74354152265117	1063.6749791112438	-8.061907538052083	64.994353152101	1131404.461187305	800.4436773484753	-0.904663873487948	0.8184167239942179	640710.08060715	843.7983647987595	707.2618699483887	1.938365	36.137115	0.6512031367763451	0.489077315209933	0.1140152341	0.1973261402	0.0038704301	0.0486844403	-0.0411547656	0.2224568994	0.0923928629	-0.0022208691	0.1339234699	0.0186027763	-0.0924358897	0.0151076032	-0.0133444949	0.0709194028	0.0696387583	0.0946895755	-0.073149731	0.0404079463	0.031119348	-0.0651048281	0.1122849191	-0.0135482398	0.1367239958	0.0901469648	0.0957272365	0.0985020502	0.037230554	0.0357857697	-0.1249315631	0.144325364	0.0219968811	-0.0257066792	0.2019105385	-0.1122510939	0.182174508	0.2531053209	0.1247153231	-0.0241449923	0.2002111383	0.565087773	0.035924488	0.3670401652	0.2518621965	0.3783718189	-0.0961254469	-0.0492672612	-0.0102839038	-0.0950441244	-0.0596193726	-0.0489074107	-0.0304551574	-0.00231881	-0.0287848323	-0.1561451084	0.1560591586	0.0166641902338966	0.0102826031262707	0.0002776952361514	0.0001057319270523	0.2875717873268826	0.1416544659099941	0.0200659877122456	0.0826975328663778	-0.3215488180484271	-0.0185338828316901	0.1033936423883404	0.0003435048128188	0.0187934163327647	0.0090099358425301	0.0003531924974566	8.117894388650861e-05	0.0009906699049939	0.0002795650496571	7.815661698983268e-08	9.814268606606229e-07	-0.000576858141391	0.0003251428059804	1.0571784428087305e-07	3.3276531528907893e-07	0.0	0.0	0.0	0.0	0.0	0.0	0.0	0.0	0.0	0.0	0.0	0.0	0.0	0.0	1.0
