global_signal	global_signal_derivative1	global_signal_power2	global_signal_derivative1_power2	csf	csf_derivative1	csf_power2	csf_derivative1_power2	white_matter	white_matter_derivative1	white_matter_power2	white_matter_derivative1_power2	csf_wm	tcompcor	std_dvars	dvars	framewise_displacement	rmsd	t_comp_cor_00	t_comp_cor_01	t_comp_cor_02	c_comp_cor_00	c_comp_cor_01	c_comp_cor_02	c_comp_cor_03	c_comp_cor_04	c_comp_cor_05	w_comp_cor_00	w_comp_cor_01	w_comp_cor_02	w_comp_cor_03	w_comp_cor_04	w_comp_cor_05	w_comp_cor_06	w_comp_cor_07	w_comp_cor_08	w_comp_cor_09	w_comp_cor_10	w_comp_cor_11	w_comp_cor_12	w_comp_cor_13	w_comp_cor_14	w_comp_cor_15	w_comp_cor_16	w_comp_cor_17	w_comp_cor_18	a_comp_cor_00	a_comp_cor_01	a_comp_cor_02	a_comp_cor_03	a_comp_cor_04	a_comp_cor_05	a_comp_cor_06	a_comp_cor_07	a_comp_cor_08	a_comp_cor_09	a_comp_cor_10	a_comp_cor_11	a_comp_cor_12	a_comp_cor_13	a_comp_cor_14	a_comp_cor_15	edge_comp_00	edge_comp_01	edge_comp_02	edge_comp_03	edge_comp_04	edge_comp_05	edge_comp_06	edge_comp_07	edge_comp_08	edge_comp_09	edge_comp_10	edge_comp_11	edge_comp_12	edge_comp_13	edge_comp_14	edge_comp_15	edge_comp_16	edge_comp_17	edge_comp_18	edge_comp_19	edge_comp_20	edge_comp_21	edge_comp_22	edge_comp_23	cosine00	cosine01	trans_x	trans_x_derivative1	trans_x_power2	trans_x_derivative1_power2	trans_y	trans_y_derivative1	trans_y_derivative1_power2	trans_y_power2	trans_z	trans_z_derivative1	trans_z_derivative1_power2	trans_z_power2	rot_x	rot_x_derivative1	rot_x_power2	rot_x_derivative1_power2	rot_y	rot_y_derivative1	rot_y_derivative1_power2	rot_y_power2	rot_z	rot_z_derivative1	rot_z_power2	rot_z_derivative1_power2	motion_outlier00	motion_outlier01	motion_outlier02	motion_outlier03	motion_outlier04	motion_outlier05	motion_outlier06	motion_outlier07	motion_outlier08	motion_outlier09	motion_outlier10	motion_outlier11
839.4695670288065	n/a	704709.1539675319	n/a	844.5481634810164	n/a	713261.6004391577	n/a	813.4434313329336	n/a	661690.2159786972	n/a	816.6878729876017	659.5230590820313	n/a	n/a	n/a	n/a	-0.0983678986	-0.0965681807	-0.3053386604	-0.0432844714	-0.1949291537	0.203051479	-0.2373007774	0.2137469262	-0.310152313	-0.1201673441	0.2840851584	-0.1142124101	0.0072402162	-0.1749099727	0.1973764019	-0.1295647442	0.0356005711	-0.2907445779	0.1459925478	-0.1614209392	0.0659356338	-0.1851949296	0.3438782166	-0.0010757107	0.1281788073	-0.1554670391	0.16266685	-0.0078136207	-0.1176377284	0.2586219098	0.1302986997	-0.0340696762	0.2203610362	-0.0422788848	0.1596501072	-0.0323477696	0.0675200734	0.0959636444	-0.1692576461	0.4753019809	-0.1977242375	0.0046228308	-0.2958456937	0.1458933011	-0.0590982096	0.0826294434	-0.0071808622	0.0839423926	-0.0960013469	0.1540964936	-0.0129141394	0.2893268375	-0.2809462753	0.0737045527	-0.3550701753	-0.0727404855	0.2885480144	-0.0393242992	0.1718520861	-0.1450382323	0.0059505819	-0.1488494551	0.0802038549	-0.2554916754	0.0407862464	-0.1390927638	0.0278220427	-0.1464558238	0.1561451084	0.1560591586	-0.0146868538087403	n/a	0.0002157036747993	n/a	0.0007386798611719	n/a	n/a	5.456479373009374e-07	0.0552572843312759	n/a	n/a	0.0030533674716674	0.0009380192993646	n/a	8.79880205980455e-07	n/a	-0.0001648906515177	n/a	n/a	2.7188926957931585e-08	0.0002330773186881	n/a	5.432503648683412e-08	n/a	0.0	0.0	0.0	0.0	0.0	0.0	0.0	0.0	0.0	0.0	0.0	0.0
831.855779376423	-7.6137876523835075	691984.0376819562	57.96976241558756	823.3380383671941	-21.2101251138223	677885.5254223392	449.8694073439955	812.6275508326202	-0.815880500313483	660363.5363722227	0.6656609907917794	815.5366291240972	612.4541067872728	2.001265	27.709435	0.2386104346059819	0.1619434626128027	0.1726891356	-0.051708173	-0.2222101938	0.2411612348	-0.0855873438	0.0366022454	0.1017008156	0.3222273968	-0.2312915112	-0.2035482486	0.3437458123	0.0251008583	0.2015405983	-0.0111729865	-0.0345258139	-0.0500062306	0.1543084863	0.0957870301	0.080790901	-0.0065695514	0.0720413948	-0.0059210881	0.018137929	0.0944493348	-0.1510150357	-0.1030304818	-0.107386039	0.0741726018	-0.2017327034	0.3227547402	0.0810054233	-0.1615513386	-0.0886388486	0.0647959568	0.1472611811	0.026722507	-0.0531699135	0.103033175	0.1046678294	0.1218496352	0.1126434561	-0.0332754097	0.0658048294	0.1111859271	-0.3014811282	0.0906750637	0.0256397556	0.099929376	0.0186945559	-0.0029543864	-0.0646712846	0.0510273785	-0.3323467673	-0.0851238844	-0.1825766854	-0.0095150851	0.0837556207	0.0215874668	-0.3394833402	-0.0406851078	0.0060249171	0.2174523318	-0.107945889	0.0134135332	0.012210171	0.0374232423	-0.3266828302	0.1262394446	0.155915944	0.1551433414	0.0019915714744342	0.0166784252831745	3.966356937780013e-06	0.0002781698699264	0.037339689088597	0.0366010092274251	0.001339633876466	0.001394252381233	0.2088879240252339	0.153630639693958	0.0236023734527747	0.0436341648035718	0.0006409996118558	-0.0002970196875087	4.108805023992863e-07	8.822069476782517e-08	1.955147443943872e-08	0.0001649102029921	2.7195375050908642e-08	3.822601527560256e-16	6.1000001160553714e-05	-0.0001720773175275	3.721000141587554e-09	2.9610603207475984e-08	1.0	0.0	0.0	0.0	0.0	0.0	0.0	0.0	0.0	0.0	0.0	0.0
830.7077210379099	-1.148058338513124	690075.3177919979	1.3180379486295148	820.0426490371292	-3.2953893300649497	672469.9462398322	10.859590836705918	811.440543780875	-1.1870070517451268	658435.7560914021	1.408985740892658	813.3497697334657	574.1635067258562	1.561199	21.616293	0.1288789427982397	0.0831292029606634	0.2753730185	0.1168280989	0.0455881594	0.2475772717	-0.1151889406	-0.1284681755	0.1781018997	0.024669522	-0.0269751737	-0.2275351006	0.220821115	-0.0959833567	0.0329660606	0.0251085182	-0.1558149397	0.1356552874	-0.0887518405	0.0788250659	-0.1538777618	0.0279581388	0.1877423734	0.0535539411	-0.1594387331	-0.0236332032	-0.0360007392	0.0206030269	-0.2741882057	-0.1266064855	-0.2407631024	0.1994797032	0.1429942026	-0.0095312576	-0.1145838181	0.0472359142	-0.1285699761	-0.005049159	-0.0146125133	-0.1379631621	0.1303029414	-0.2240934802	0.1006556949	-0.1322280396	-0.0192218376	0.0377242223	-0.2495422439	0.0216925817	0.1212677566	-0.0512329971	0.1025603113	-0.1091090145	0.0451411998	0.0046146739	-0.0012409448	-0.0961951488	0.0306476634	0.1282125219	-0.2273572854	0.3467665969	-0.1248148622	0.0363940727	-0.012257761	0.0837362351	-0.0545462728	0.2800393925	-0.0081166192	0.0690972246	-0.1191466297	0.034940218	0.1554579513	0.1533170814	-0.0094055911636701	-0.0113971626381043	8.846514513810907e-05	0.0001298953161994	-0.0318340487624055	-0.0691737378510025	0.0047850060082792	0.0010134066606072	0.1643306227661582	-0.0445573012590757	0.001985353095492	0.0270045535787133	0.0006699999014974	2.900028964159993e-05	4.488998680065257e-07	8.410167992966881e-10	5.025530214197715e-09	-1.4525944225241004e-08	2.110030556348125e-16	2.5255953933814132e-17	1.4999995745234823e-05	-4.600000541531889e-05	2.2499987235706278e-10	2.1160004982093673e-09	0.0	1.0	0.0	0.0	0.0	0.0	0.0	0.0	0.0	0.0	0.0	0.0
830.3785979853319	-0.3291230525779838	689528.6159920854	0.1083219837382502	820.4670880601212	0.4244390229920327	673166.2425898548	0.1801484842384313	810.4774850444007	-0.9630587364742952	656873.7537638968	0.9274821298994658	812.2826416783647	577.0321874175753	1.110376	15.374216	0.1026552480895737	0.0649796776382391	0.2785424209	0.1107360553	-0.0271014034	0.2727746468	-0.0764720828	-0.1024766573	0.1337443171	-0.0613285983	0.0978130689	-0.2502580276	0.0266134644	0.0025495649	0.0070082394	0.0069416397	-0.1269650482	0.0247374318	0.0412040026	0.0936866934	0.0504223813	0.0271233775	0.115287631	-0.0642912851	0.003340109	-0.0114728726	-0.0299631708	0.0501258928	0.0664861479	0.2669377779	-0.2526407898	0.0245692068	0.0135081036	0.0281372296	-0.1165767264	0.0968759048	-0.0620568693	-0.0291198117	0.0734023511	-0.1099806848	0.1211182221	0.0049645901	-0.0319153918	0.1709309307	0.0169934863	0.1556344735	-0.2106831402	0.0307533237	0.156368165	0.0127479904	0.0502433323	-0.1373023782	-0.0784484082	-0.0110943884	-0.1058305873	0.030951007	-0.0355268722	0.1830776767	-0.0682545521	0.1100089731	0.0698882102	0.0010261502	0.0312466126	-0.2195583702	0.1600814346	0.012226818	0.1408738758	0.0876630386	0.2796414536	-0.0713954135	0.1547718027	0.1505910958	-0.0174765389050719	-0.0080709477414018	0.0003054294121004	6.514019744443881e-05	0.0292739893497611	0.0611080381121666	0.003734192321918	0.0008569664524499	0.1441084254928029	-0.0202221972733553	0.0004089372625624	0.0207672382980147	0.0007039999328174	3.4000031320000046e-05	4.956159054069037e-07	1.156002129760984e-09	8.658492745006185e-08	8.155939723586415e-08	6.651935277477483e-15	7.496949661532476e-15	0.000245999704281	0.0002309997085357	6.051585450633946e-08	5.336086534360846e-08	0.0	0.0	0.0	0.0	0.0	0.0	0.0	0.0	0.0	0.0	0.0	0.0
831.5216791856743	1.143081200342408	691428.3029557635	1.3066346305762404	816.4039860699628	-4.0631019901584295	666515.4684709241	16.50879778242939	810.2348440836412	-0.2426409607595587	656480.5025672424	0.0588746358383217	811.9081312358865	570.8841927119664	1.121346	15.526115	0.0320423053271316	0.0292314248324238	0.2747970302	0.1138954729	0.1511738383	0.2662450883	0.1518618765	-0.063415679	-0.0402051798	-0.0123276409	0.1041513675	-0.2227123447	-0.1276927302	-0.1292251283	-0.0252353638	0.0093597144	-0.1511616182	-0.0345062051	0.0540862282	0.0897732936	-0.0503799158	0.0996471432	0.0142757483	-0.0007508606	-0.0390292343	-0.0508672711	0.0033246922	0.025556179	-0.060580784	-0.0011106085	-0.2116632643	-0.1607529504	0.1235881316	0.0407042294	-0.1035854152	0.1155759505	0.0326420183	-0.0398394324	-0.056308615	0.0023498601	0.0432520449	-0.0994139009	0.0812550533	0.0251888002	-0.0431224851	0.0240785247	-0.1744465245	0.0037699859	0.1537670865	0.0457999998	0.0586876295	-0.1387797867	0.0198062129	-0.0252110064	0.1172956944	0.0212000632	0.0269472717	0.1105723127	-0.1737199567	0.1452686038	0.0372639326	0.1324838398	0.0366234714	0.0036797474	0.0590358615	-0.0544216942	8.16304e-05	0.0324550436	0.1473620077	-0.061372905	0.1538585052	0.1469813818	-0.017476581991815	-4.308674310046778e-08	0.0003054309181166	1.856467431005708e-15	0.0001312556599089	-0.0291427336898522	0.0008492989269176	1.7228048258120823e-08	0.1440592835465395	-4.914194626340351e-05	2.414930882555238e-09	0.0207530771759422	0.0006469996271706	-5.7000305646800055e-05	4.186085175588954e-07	3.249034843828626e-09	7.95928591923456e-08	-6.992068257716255e-09	4.888901852056323e-17	6.335023234412554e-15	0.0002460001386514	4.3437040000027927e-10	6.051606821650802e-08	1.8867764439640264e-19	0.0	0.0	0.0	0.0	0.0	0.0	0.0	0.0	0.0	0.0	0.0	0.0
837.8894641248992	6.367784939224862	702058.7540915107	40.54868503221898	826.3379420873281	9.93395601736529	682834.3945331204	98.68348215494804	813.9614144281813	3.726570344540164	662533.1841779256	13.887326532806195	815.8818053069775	589.2590379101889	1.51941	21.037683	0.1065825251313482	0.0715243597427101	0.1194988937	-0.1284817399	0.1891795412	0.0933997699	0.1830039426	0.0729953918	0.0551451634	-0.1400749078	-0.000662963	0.0051859328	-0.1006742837	-0.0809527625	0.1268599645	-0.0839126136	-0.0748178266	-0.1550609833	-0.0601058147	0.1444095542	0.1845450505	0.0118930684	0.034979529	-0.0975570595	-0.0559450375	-0.0815438292	0.1536489055	0.2034870358	0.0470321439	0.1145119797	0.0239331377	-0.104934708	0.0884699772	-0.124868615	-0.0039019602	0.1271404062	0.0002385834	-0.2209958634	-0.1158386582	-0.0561455822	0.0921764914	-0.0289270704	-0.1350645578	0.0881250328	-0.003439179	-0.0947949085	-0.1699077424	-0.1045795054	0.0264300433	0.179122496	0.0755765833	0.1110671792	0.0308332434	-0.0457838262	0.0731167513	0.0430051308	-0.1303088913	0.1569274336	-0.1887326741	-0.0114398998	0.0543581722	0.0422741031	0.027253376	-0.2488693221	-0.1673650791	-0.2865753428	0.0605145784	-0.0734492502	-0.0087017074	-0.067369472	0.152719399	0.1425091225	-0.0174877021049155	-1.1120113100501068e-05	0.0003058197249102	1.2365691536793544e-10	0.0634234401763365	0.0632921845164276	0.0040059006208615	0.0040225327638013	0.1679359263611672	0.0238766428146277	0.0005700940720973	0.0282024753627833	0.0003439998681776	-0.0003029997589929	1.183359093062062e-07	9.180885394981605e-08	2.7703020544223026e-08	-5.1889838648122584e-08	2.6925553549281957e-15	7.67457347273643e-16	0.0001610002337392	-8.499990491220001e-05	2.5921075264077032e-08	7.224983835083044e-09	0.0	0.0	1.0	0.0	0.0	0.0	0.0	0.0	0.0	0.0	0.0	0.0
839.3996431235612	1.510178998662013	704591.7608759619	2.280640607999801	835.16487156636	8.826929479031946	697500.3626984546	77.91468402780319	814.045658169496	0.0842437413147081	662670.333584608	0.0070970079506994	816.7241409493763	608.9445242907319	1.29404	17.917223	0.1853638988558301	0.1318348558434151	0.0571227296	-0.1402404072	-0.0696573949	-0.026297782	-0.043248475	0.1691447708	0.1825557864	-0.0540701507	0.1258252692	-0.0175458073	0.02237839	0.1452380215	0.1948789942	0.0211581484	0.0221754726	0.0684287167	-0.0426001067	-0.0088767728	-0.0289587291	-0.1374770412	0.0587977816	-0.1594103677	-0.0653825067	0.0653737699	-0.0299697147	0.0150329657	0.1127207268	0.0223459099	-0.0155302278	0.0584231036	-0.1161019158	-0.2039787922	-0.0478954941	0.0212870594	-0.0581633687	0.0677930745	-0.0696098554	-0.1080332117	-0.0716496695	-0.035329343	-0.0754182743	-0.0489852355	-0.0747330861	-0.167934613	-0.0706379376	-0.0044650825	-0.0213860782	-0.1275801047	-0.1019190628	0.0894332998	-0.1491697599	-0.1376413663	0.190410806	0.087304418	-0.0553338685	-0.1101139721	0.0590483906	0.0890485949	-0.1459089762	0.1493338323	-0.1539682477	0.0498035619	-0.0756779301	0.0366338195	0.0753588384	0.0012379854	-0.0417421564	-0.336620345	0.1513561561	0.1372005631	-0.017320654515089	0.0001670475898265	0.000300005072831	2.7904897266842643e-08	-0.0504474082007817	-0.1138708483771182	0.0129665701101246	0.0025449409941762	0.1027609425978681	-0.0651749837632991	0.0042477785085463	0.0105598113236023	0.0003650001034997	2.100023532209999e-05	1.3322507555479174e-07	4.4100988358357605e-10	4.8007673170147314e-08	2.0304652625924288e-08	4.1227891825945406e-16	2.3047366832116818e-15	0.0002630000762762	0.0001019998425369	6.916904012128702e-08	1.0403967877572792e-08	0.0	0.0	0.0	0.0	0.0	0.0	0.0	0.0	0.0	0.0	0.0	0.0
838.93177383082	-0.4678692927411703	703806.5211429262	0.2189016750901229	831.6895686381572	-3.4753029282028365	691707.538581524	12.07773044277521	814.0794191836277	0.0337610141316417	662725.3007383526	0.0011398060751969	815.8818940361017	609.4478169696672	1.023774	14.175127	0.0319531376050386	0.0203288754927482	0.0609060033	0.0315531273	-0.0728869922	0.003707952	0.0046348815	0.0027405901	0.0436581171	0.0708596091	0.1297615068	-0.0107548227	-0.0032856162	0.0845624525	0.0334920055	0.1794694063	-0.1321089181	0.057808856	0.0769336757	0.005484979	0.0041884252	-0.0307717836	0.0438522968	0.0714985982	-0.0448714886	-0.0109365611	-0.0249735296	-0.2367043706	0.0454583422	-0.1687976295	-0.021712322	0.0118892575	-0.0773391711	0.0085991732	-0.224264636	-0.0027385696	0.0223491494	0.0420226522	0.0318391235	0.0566521996	0.1100026381	-0.0231323828	0.0178816119	-0.0716751955	-0.0416922926	-0.0496109621	-0.0504284431	0.0728391584	-0.07659081	-0.138873644	-0.0034765408	-0.1007733177	-0.0156628796	-0.238927131	0.2798875984	0.1668541084	0.0677658582	-0.3557859949	0.3001225645	0.129857123	-0.0288544418	-0.2580071186	0.1999626629	-0.0760784945	0.1225849521	-0.0179548944	-0.0872756663	0.0747941361	-0.1411239732	-0.0636784547	0.1497707771	0.1310868562	0.0003452991172991	0.0176659536323881	1.192314804075376e-07	0.0003120859177416	-0.0427140502509644	0.0077333579498173	5.98048251800025e-05	0.0018244900888419	0.1091647272306772	0.0064037846328091	4.100845762340206e-05	0.0119169376713481	0.0003620001100307	-2.999993468999994e-06	1.310440796622389e-07	8.999960814042618e-12	4.760177718665659e-08	-4.0589598349072276e-10	1.6475154941390108e-19	2.2659291913281e-15	0.0002629996478407	-4.284354999679191e-10	6.916881476433224e-08	1.8355697763276082e-19	0.0	0.0	0.0	0.0	0.0	0.0	0.0	0.0	0.0	0.0	0.0	0.0
840.1632336339007	1.231459803080725	705874.2591501725	1.5164932466036172	833.352426106221	1.6628574680637485	694476.2660971244	2.7650949590953804	813.326768655839	-0.7526505277886599	661500.4326121487	0.5664828169805484	815.1735869435184	616.8432970081057	1.083718	15.005112	0.0897759738205913	0.0596091731455191	0.0161231627	0.1490869523	0.0390582644	-0.0295501224	0.0693299072	-0.0907686541	-0.0746192706	0.0551250568	0.1647045414	-0.0232567783	-0.1825527817	-0.0568862226	-0.0674275368	-0.0024897952	-0.1592716851	0.0154698971	-0.0385668351	0.0366440687	0.0410713957	0.1133207996	-0.0298744466	0.1675144544	-0.0978478144	0.0892690967	-0.150631243	0.1646787527	-0.0030724505	-0.0678105516	-0.0106062417	-0.1867512181	0.0435050701	0.0987384054	-0.0369634478	0.1190653074	-0.0654310971	0.0262052757	0.0021072495	0.0877078888	-0.0322797978	-0.0048599603	0.1506357763	0.1302810617	0.047845579	-0.1847911221	-0.0112909314	-0.1013989122	-0.0373915819	-0.0758822868	0.0679787423	-0.1094700617	0.1005788154	-0.0660335378	0.2395612459	0.10945577	0.0756932652	-0.2444937419	0.0957957182	-0.0116668825	0.0031325415	0.0158241617	0.0580511357	-0.0279646157	-0.0921475002	-0.0599259556	-0.1488290623	-0.1556555326	-0.1180511384	-0.0474579568	0.1479655889	0.1242038795	-0.0028926446015162	-0.0032379437188153	8.367392790680815e-06	1.0484279526215454e-05	0.0106775700876937	0.0533916203386581	0.0028506651223874	0.0001140105029776	0.0875698504381858	-0.0215948767924914	0.0004663387036828	0.0076684787057662	0.0001310001009455	-0.0002310000090852	1.7161026447731192e-08	5.336100419736249e-08	1.7260175955158278e-08	-3.034160123149832e-08	9.2061276529126e-16	2.9791367400302395e-16	0.0002629999565668	3.0872609996885833e-10	6.916897715413867e-08	9.531180480198153e-20	0.0	0.0	0.0	0.0	0.0	0.0	0.0	0.0	0.0	0.0	0.0	0.0
841.4980910822336	1.3348574483328548	708119.0372950431	1.7818444073697002	833.3437238538587	-0.0087022523622408	694461.7620866164	7.57291961761268e-05	814.5949084101944	1.2681397543553885	663564.8648078131	1.608178436576545	816.4364337257595	618.455839232036	1.215393	16.828276	0.0247800516764157	0.0183414554119426	-0.0296619625	-0.0539256889	0.2002755364	-0.0577305827	0.1123813523	0.0199795906	0.0675853026	-0.1802950083	-0.0587300018	0.0603505812	-0.2136944507	-0.0608816672	0.0870280695	-0.2044427469	0.0351379828	0.0400253516	-0.0512267934	-0.0843101292	-0.2190513391	-0.0876468222	-0.1202208844	-0.0181702792	-0.1168549955	0.003647228	-0.0354940707	-0.0597693128	0.0831482515	0.0420517374	0.0792803188	-0.2050898698	0.0541255838	-0.1022048872	0.1817586366	0.1240960054	-0.05870612	0.015846387	0.0652559181	0.0363564112	-0.0980452241	-0.2056569754	-0.0205514952	-0.1842836186	-0.0409964115	0.118668202	0.0070926315	-0.1296870947	-0.0279590724	0.0310044691	-0.1905207708	0.0168869385	0.0640088505	0.0686497417	0.1849089185	0.0034282485	0.0933961827	-0.0363313265	0.0821303371	-0.0048836736	-0.0701236077	-0.0519893784	-0.0675836271	0.125393203	-0.1108020216	-0.0607360509	0.2122382953	0.0967041345	0.1822472564	0.0958888754	0.1459432408	0.1165920251	-0.002892649747423	-5.145906800067129e-09	8.367422561266346e-06	2.6480356794977122e-17	0.0192346027710925	0.0085570326833987	7.322280834475524e-05	0.0003699699437617	0.0713468365910756	-0.0162230138471101	0.0002631861782835	0.0050903710915536	0.0001310001009455	0.0	1.7161026447731192e-08	0.0	1.7260175955158278e-08	0.0	0.0	2.9791367400302395e-16	0.0002629999565668	0.0	6.916897715413867e-08	0.0	0.0	0.0	0.0	0.0	0.0	0.0	0.0	0.0	0.0	0.0	0.0	0.0
843.2565252671872	1.7584341849535576	711081.5674056902	3.0920907828132824	831.7152209204596	-1.6285029333990906	691750.208710769	2.652021804089443	816.1116990360417	1.5167906258473067	666038.3053034948	2.3006538026582644	817.1702357700893	626.1704407487597	1.293322	17.907288	0.0807229540803464	0.0457040769884902	-0.0643053204	-0.0520029532	0.0796642663	-0.0939333917	0.1989515965	0.1342249433	0.0461611731	0.0019431561	0.0537879815	0.1276283215	-0.1033037395	0.0204123196	0.2063698651	0.0851364125	0.0298816623	-0.0219592076	0.1299150655	-0.058751291	-0.1588538506	-0.1974546777	-0.0877224557	0.1002750107	0.1051474711	-0.1012389922	-0.0756364338	0.0402742285	-0.0380753131	0.0254547766	0.1481249122	-0.1003669691	-0.0389101626	-0.1688269849	-0.1391834441	-0.0385283468	0.0996816621	0.0557176231	0.0414970577	-0.1424342044	-0.2185192875	0.0496571854	-0.0751748679	-0.0583174385	0.1823700643	0.0523373926	0.0383916663	0.1078509168	-0.1017993759	0.0584379416	-0.1623504369	-0.0282577896	-0.1101878295	-0.1664489005	0.0755640854	-0.1320773603	0.0724216227	0.0542250488	0.1100979314	-0.0360997829	0.0734588353	-0.1096026083	-0.0877261537	-0.0225408039	0.0878792015	-0.0258545156	0.090066604	0.2090500893	0.0989579958	0.1959100614	0.1437067008	0.1082959623	-0.0028622826089161	3.036713850689985e-05	8.192661733303557e-06	9.221631010972399e-10	-0.0179989742990471	-0.0372335770701396	0.001386339261438	0.0003239630758177	0.0647420805150034	-0.0066047560760722	4.362280282441274e-05	0.0041915369894111	-0.0004069737634327	-0.0005379738643782	1.656276441225753e-07	2.89415878754014e-07	-0.0001990532745046	-0.0001990705346805	3.9629077778002116e-08	3.962220609100364e-08	0.000262959279713	-4.067685379998375e-08	6.914758278717977e-08	1.654606435065252e-15	0.0	0.0	0.0	0.0	0.0	0.0	0.0	0.0	0.0	0.0	0.0	0.0
845.3047093053123	2.0481840381251004	714540.0515737385	4.195057854030443	829.0372519415778	-2.677968978881836	687302.7651068431	7.171517851853423	817.2015706887731	1.0898716527314036	667818.4071361979	1.1878202194274812	817.9337904087973	636.9149541888918	1.3037	18.050974	0.0577209801300381	0.0343642095722955	-0.145622191	0.1072272152	0.1691647501	-0.1101445305	0.2296539338	-0.1297246261	0.0433499461	0.119396293	0.0006163171	0.2023073269	-0.0185258095	-0.2090612827	-0.0078050511	0.142954137	-0.0247034982	-0.0349985998	0.1018140444	-0.0737605915	-0.0194395609	-0.1014897523	-0.0845994475	0.2681358851	0.0523640087	0.0406828148	-0.1293848873	0.10888717	0.1722724045	-0.2652191694	0.2058048534	-0.0500965567	0.1725727573	0.0668501786	-0.146976518	-0.0571659554	0.0551443851	0.0457858588	0.0221176804	0.025316693	-0.150654737	0.0884750117	0.0961237983	-0.1450446611	0.2229396057	-0.2636633552	0.0961876089	0.0551505994	-0.0625343943	0.0991579651	0.0153819135	-0.0681130954	0.197314394	-0.1414059805	0.0136680001	-0.1292643419	-0.0918550929	-0.0430568653	-0.0354890193	-0.135753613	0.0606862291	-0.0367511042	-0.0480055896	0.1150957892	0.229236664	-0.0532918578	-0.0582666786	-0.0818936972	0.0589533163	0.1696293238	0.1412592515	0.0993643757	-0.0028926335059082	-3.035089699209969e-05	8.367328599502763e-06	9.211769482250461e-10	0.0108848646542867	0.0288838389533338	0.0008342761526821	0.0001184802785421	0.0481362962568709	-0.0166057842581324	0.0002757520708276	0.0023171030173292	-0.0003619999372008	4.497382623190003e-05	1.3104395453338314e-07	2.022645045937139e-09	-4.760910310430688e-08	0.0001990056654014	3.9603254861892065e-08	2.2666266983965228e-15	0.0002629999085112	4.0628798200011314e-08	6.916895187689959e-08	1.6506992431772425e-15	0.0	0.0	0.0	0.0	0.0	0.0	0.0	0.0	0.0	0.0	0.0	0.0
846.1206078437623	0.8158985384500284	715920.0830178978	0.6656904250448924	837.413901942485	8.376650000907262	701262.043166538	70.16826523769963	816.3789141276395	-0.8226565611336127	666474.5314322239	0.6767638175761815	817.9958745474995	652.8559579168048	1.35915	18.818733	0.058677743759534	0.0406456763479216	-0.1888561414	-0.154429108	0.0706096301	-0.1569631783	-0.0236069523	0.0168088204	0.2381605519	-0.2180318621	-0.0822845697	0.1245714325	0.0086882517	-0.0896769357	0.1381762304	0.1062005502	0.1418293957	-0.0036513886	-0.2528499862	-0.0179487985	0.1275485185	-0.070265975	-0.1876716976	0.1187106891	0.0743255493	0.1618851018	-0.023744456	-0.0829211554	0.009075589	-0.0533158742	0.1380108995	-0.0092815151	0.068024597	-0.1434984765	0.0521270316	-0.1903325886	-0.2290026907	-0.0879083972	-0.1103071558	0.1429356529	-0.0712463808	0.0958527134	0.0500335002	-0.0684783277	0.1891367946	-0.0578899869	0.112175586	-0.1254891572	-0.042208295	-0.0437754242	0.0261042051	0.2860778629	0.1498394097	-0.0681738466	0.0007260379	-0.1323232863	0.0632594102	0.0088794509	0.0222885884	0.0789932683	0.0008071754	-0.0040132475	-0.0304512877	0.0374088439	0.112383369	-0.0154127387	0.0153037445	-0.0955901874	0.0475364064	0.1118709691	0.1386044847	0.0898496795	-0.0028867175224576	5.915983450599602e-06	8.333138054463745e-06	3.499886018776838e-11	-0.0230702227828345	-0.0339550874371212	0.0011529479628625	0.0005322351792496	0.0266699962134566	-0.0214663000434143	0.0004608020375538	0.0007112886980257	-0.000296999936701	6.500000049979997e-05	8.820896240039803e-08	4.225000064973996e-09	-3.905959844452411e-08	8.549504659782771e-09	7.309402992764729e-17	1.5256522306474705e-15	0.0002629996526047	-2.559064999838045e-10	6.91688172701929e-08	6.548813673396096e-20	0.0	0.0	0.0	0.0	0.0	0.0	0.0	0.0	0.0	0.0	0.0	0.0
845.1465511835881	-0.974056660174142	714272.6929775134	0.948786377229604	837.0359296695606	-0.3779722729244668	700629.1475577855	0.1428630390996876	816.0411976712903	-0.3377164563491988	665923.2362967939	0.1140524048890602	818.1617825816597	654.1371202741351	1.440527	19.945475	0.0365378359063412	0.0192030464534825	-0.1632744823	0.0296372392	-0.1205379375	-0.1214640648	-0.0213442712	0.0487539901	0.0881452855	0.0579194633	0.1064819736	0.0740825855	0.0210298437	0.0372363546	0.0607016771	0.0860797793	0.0124475738	0.1116268818	0.0821327448	-0.1756221772	0.0026809604	0.0153012815	-0.0922081625	0.0803418828	-0.1558107053	0.0142661778	0.3540618416	0.0284549787	0.075106941	0.0542936126	0.0784738803	0.0178062662	-0.0803706232	-0.0632999732	-0.1151337869	-0.0769657213	-0.0748371391	0.1559943004	0.0974519685	0.1016904172	-0.1055732076	0.0116978204	0.0170150722	-0.090541305	-0.0599544822	0.0535596772	0.1137192031	0.0156912429	-0.0861547373	-0.0752478958	-0.1290081525	-0.0453825962	-0.0496103001	-0.1155471089	-0.1195889407	-0.1313372022	-0.0648296611	0.0524784774	0.0529706836	-0.078878497	0.0713712845	-0.1263001245	-0.168042656	-0.0030800014	-0.03053646	0.1990795241	0.0644844085	-0.2063596225	0.1763729114	-0.0404226503	0.1357462967	0.0798077096	-0.002946130746551	-5.94132240934e-05	8.679686375773154e-06	3.529931197172566e-09	-0.0121454377367484	0.0109247850460861	0.0001193509283031	0.0001475116578172	0.0135162821102881	-0.0131537141031685	0.0001730201947078	0.0001826898820848	-0.0003619933786913	-6.49934419903e-05	1.3103920621634293e-07	4.224147501746491e-09	-8.302944417470925e-05	-8.299038457626473e-05	6.887403932116319e-09	6.893888599961161e-09	0.0001629850085114	-0.0001000146440933	2.6564112999461133e-08	1.0002929033109472e-08	0.0	0.0	0.0	0.0	0.0	0.0	0.0	0.0	0.0	0.0	0.0	0.0
843.7230388780756	-1.4235123055125314	711868.5663336547	2.0263872839456023	833.5083023174388	-3.5276273521217263	694736.090032099	12.444154735437342	814.7895586257902	-1.2516390455001556	663882.0248456099	1.5666003002205406	816.1107894479567	649.7838752133506	1.388863	19.230135	0.0322129149171137	0.0170491383753818	-0.140995312	0.0723154565	0.0251042843	-0.065474791	0.0203706313	-0.1935874487	-0.030898272	-0.03945357	-0.091140551	0.0150680222	-0.0698563024	-0.1561413744	-0.0895892349	0.0262110848	0.0613466985	-0.0172142633	-0.0481244206	-0.1418110254	-0.1228381898	0.0564768497	0.0340269475	0.1066800648	0.1190090927	-0.0516286415	-0.0223146018	-0.0331748462	-0.2512374726	0.2161844356	0.0311098748	-0.0903486458	0.1083825519	0.0737284624	0.0423906335	-0.1290411022	-0.0605462979	0.0042081374	0.2262500987	-0.1681809364	-0.1574370731	0.0880513828	0.1602497814	0.1373124585	0.0912319759	0.065021539	0.1045655062	-0.0028000481	-0.0336111422	0.0400100105	-0.0321100524	0.0101416059	0.1527184558	0.1064092482	-0.054857582	-0.0655436035	-0.0137753235	-0.0782015589	0.0022616185	-0.0353436701	-0.0040229406	0.006426007	-0.0808455115	-0.0903837026	0.1672986161	0.1055570775	-0.2222851808	-0.0960733143	-0.0578918587	0.0396891288	0.1326888823	0.0692973963	-0.002892634569676	5.349617687499999e-05	8.367334753684658e-06	2.8618409402412834e-09	-0.0012951337686928	0.0108503039680556	0.0001177290961992	1.677371478808415e-06	0.0013573320171502	-0.0121589500931379	0.0001478400673674	1.842350204781031e-06	-0.0003619999372008	-6.558509499973285e-09	1.3104395453338314e-07	4.301404686123984e-17	-4.760910310430688e-08	8.298183507160495e-05	6.8859849518510455e-09	2.2666266983965228e-15	0.0002629999085112	0.0001000148999998	6.916895187689959e-08	1.0002980221969994e-08	0.0	0.0	0.0	0.0	0.0	0.0	0.0	0.0	0.0	0.0	0.0	0.0
842.8478700134887	-0.8751688645869535	710392.5319862746	0.7659205415424174	837.6134834598851	4.105181142446213	701596.3476738031	16.852512212295995	815.2707332189068	0.4811745931166342	664666.3684432938	0.2315289890609585	817.4985897535752	638.6881153856006	1.322686	18.31385	0.0396685081706011	0.0299809697760519	-0.0782083639	-0.1899969645	-0.0717264991	-0.0313225453	-0.0410392238	0.1266790766	-0.1129363233	-0.0845796623	-0.1096112266	0.0054956067	-0.0915510657	0.140209101	-0.0361008361	0.0947800236	0.1008871295	-0.1681496209	-0.0141871689	-0.0937243478	-0.1257309887	0.2043854243	-0.0268793443	-0.0835272888	0.1492859107	0.1877462762	0.0554836562	0.0167976937	-0.1868079121	0.027931871	0.0118937489	-0.0739108786	-0.1399091245	-0.0111154186	0.0599496356	-0.173360641	0.0690325136	-0.0980726161	0.0457992623	0.2101685294	-0.0164131808	-0.0149125328	0.1073312219	0.1128197151	-0.0332098525	0.1935091446	0.1118524346	-0.0108572491	0.0383737181	0.0421972328	-0.0312515257	0.1903730811	0.0265636454	-0.084005651	-0.1842694245	0.1123733656	0.185902311	0.0158467139	-0.0138505434	-0.0634269938	0.0206858779	0.0757584222	0.1130355437	0.1344687535	0.0298531527	0.1416482496	-0.0943308628	-0.2269588484	0.2078566544	-0.0828414954	0.1294367287	0.0583804184	-0.0028857315130039	6.903056672100116e-06	8.32744636514378e-06	4.7652191418225926e-11	0.0269493488364673	0.0282444826051601	0.0007977507976331	0.0007262674027096	-0.003058863450434	-0.0044161954675842	1.950278240791123e-05	9.356645608400995e-06	-0.0005019999010842	-0.0001399999638834	2.520039006885466e-07	1.959998988735332e-08	-6.60155285991948e-08	-1.8406425494887912e-08	3.387964994988597e-16	4.358050016231106e-15	0.0002629997379964	-1.7051480003362274e-10	6.916886218617504e-08	2.9075297030506356e-20	0.0	0.0	0.0	0.0	0.0	0.0	0.0	0.0	0.0	0.0	0.0	0.0
842.788780231035	-0.0590897824536114	710292.9280833158	0.0034916023904151	837.819750347653	0.2062668877679243	701941.9340726036	0.0425460289894654	815.417295708315	0.1465624894082111	664905.3661402616	0.021480563301532	817.5814501962161	633.0304916552135	1.283282	17.768267	0.1359785430973643	0.0618325767037956	-0.0385554351	0.0547991939	-0.087499993	-0.0300410736	-0.0982816453	-0.0063110257	-0.0373312636	0.0569323993	0.1357394204	0.0034538736	-0.1198768341	0.1641083603	-0.093147746	-0.0609122531	-0.0978454073	0.0090223713	-0.0596096274	-0.0236539836	-0.1449328579	0.1223544937	0.0200222968	-0.0246137663	-0.0318002587	0.0725249084	0.1878492416	-0.1475894818	0.136863413	0.0693293808	-0.0048459768	-0.073747029	-0.1889884015	0.0648205574	0.0368005815	0.0825871375	-0.0420986747	-0.011621476	0.0456289708	0.0458172623	-0.0058167869	-0.1193403724	0.2103425862	-0.081591518	-0.196473008	0.1083977768	0.0356829176	-0.1851554439	-0.0439000771	-0.1028746664	0.0303174968	-0.0549670085	-0.0098879694	-0.030751745	-0.1016632494	-0.1025666071	0.0942032499	0.0424333599	0.1255369636	-0.0185399953	-0.0003956305	0.1347093062	0.0866835308	0.1388257073	-0.1113714453	0.0650540988	-0.135596779	-0.0884994606	0.0563681224	0.1280803941	0.1259946088	0.0471208409	0.0173124553353289	0.0201981868483328	0.0002997211097377	0.0004079667519601	0.0068897282395141	-0.0200596205969532	0.0004023883784937	4.746835521435806e-05	0.0403653062686544	0.0434241697190884	0.0018856585157921	0.0016293579501622	-0.0007499748645096	-0.0002479749634254	5.624622973961929e-07	6.149158248582846e-08	0.0004130457331978	0.0004131117487263	1.706613169357836e-07	1.706067777129082e-07	-0.0001218448685116	-0.000384844606508	1.4846171982609093e-08	1.4810537115829734e-07	0.0	0.0	0.0	0.0	0.0	0.0	0.0	0.0	0.0	0.0	0.0	0.0
843.2367971074575	0.4480168764224572	711048.2959960435	0.2007191215593353	836.024398679991	-1.7953516676619756	698936.7951882406	3.223287610576637	816.2446326133745	0.8273369050594965	666255.3002701427	0.6844863544734264	818.5464323708784	625.8904699802399	1.239209	17.158041	0.0953879420533082	0.0500977079915444	-0.0391967804	-0.0303265345	0.1346661858	-0.0075159227	0.0671685994	-0.0372488799	-0.0578438255	-0.0171519958	-0.0620616007	0.0777119154	-0.1383274463	-0.0006909989	-0.093435001	-0.1483223222	0.1149704189	0.0509516629	-0.0244625496	-0.0601371568	0.0088260633	0.1825400624	0.063218467	-0.0594764154	0.0230011969	-0.2052840066	-0.0419683311	0.0835178505	0.131206924	-0.023042532	0.0767133769	-0.1137257349	-0.0215918673	0.0320302183	0.1919575374	0.0039550397	0.0453430833	0.0216359334	0.1451338414	-0.0480198787	0.0372123641	-0.0534390417	-0.1142448485	0.1742349188	-0.0738481341	-0.0036595748	0.0696337378	-0.0091500127	-0.0174479121	0.0394871632	-0.2367701983	-0.0295423657	0.0805420448	0.0323284002	-0.0437092022	-0.0548164878	0.1492204315	0.056605846	-0.168799968	-0.0728353488	0.1927566374	-0.0381581315	0.1194232632	0.156564301	-0.1090743158	0.0463492355	-0.105525089	-0.1307345847	-0.0889583241	-0.1796137572	0.1223675745	0.0355847396	-0.0029723450895033	-0.0202848004248322	8.83483533109438e-06	0.0004114731282752	-0.0286858886040022	-0.0355756168435162	0.0012656245137966	0.0008228802050012	0.0133642557830597	-0.0270010504855947	0.0007290567273256	0.000178603332635	-0.0006989691061197	5.100575838990005e-05	4.885578113097724e-07	2.6015873889288595e-09	0.000299572540414	-0.0001134731927838	1.287616548054944e-08	8.974370697009768e-08	-0.0002078954033252	-8.60505348136e-05	4.3220498723747585e-08	7.4046945417065865e-09	0.0	0.0	0.0	0.0	0.0	0.0	0.0	0.0	0.0	0.0	0.0	0.0
846.223613782473	2.986816675015461	716094.404523068	8.921073850150417	842.1749807718638	6.1505820918728205	709258.6982380892	37.82966006886664	818.0505026860765	1.805870072701964	669206.6249449424	3.261166719480597	819.9293572505609	639.8233764886857	1.637253	22.669329	0.2599657123605379	0.1491760699687288	-0.0884694226	-0.0797213762	-0.0573853997	-0.0938302865	-0.0278361631	0.0435213621	-0.1165601821	-0.1380559653	0.091878738	0.1519198869	-0.0154234195	0.2032479164	-0.0820579592	0.0220344047	0.0766401522	-0.0018085055	0.0195177204	-0.0711881631	0.123094109	-0.3035578117	0.1734015177	0.1254120639	-0.1776835245	-0.2836521285	0.0661544117	0.0286869131	-0.2608438762	-0.0318710677	0.1334165929	0.0196354499	-0.2096502616	0.0422752618	0.0205041737	-0.0900655285	0.0755870564	-0.0029813386	0.0752515078	-0.2427905941	0.0271369908	0.0500125926	-0.1165384785	-0.2099445547	0.0458341165	-0.1420543635	0.1973652597	0.1981857444	-0.113907694	0.0376859094	0.3132029723	0.0781234416	-0.3801590392	0.324439143	0.2524727132	-0.2424572829	0.1681325915	0.1709838457	0.0237062374	0.0860431267	-0.0227061311	-0.0903023104	0.1059713355	1.50468e-05	-0.0009398343	-0.0918120038	-0.0916940755	-0.1891010773	-0.0767104186	0.133866183	0.1185609488	0.023839813	-0.0028219444409813	0.000150400648522	7.96337042798526e-06	2.2620355075838235e-08	0.0023849637623811	0.0310708523663832	0.0009653978667735	5.688052147871012e-06	-0.0685605950514229	-0.0819248508344826	0.0067116811842522	0.0047005551938051	0.0014379470869113	0.002136916193031	2.0676918247566936e-06	4.566410816038102e-06	-0.0004991492071144	-0.0007987217475284	6.379564299748212e-07	2.491499309629342e-07	-0.0002071411736616	7.542296635999865e-07	4.2907465825905134e-08	5.688623854541488e-13	0.0	0.0	0.0	1.0	0.0	0.0	0.0	0.0	0.0	0.0	0.0	0.0
846.429301749234	0.2056879667610474	716442.5628596959	0.0423075396702937	843.0091826310029	0.834201859139057	710664.4820001916	0.6958927417910591	818.1746817897043	0.1241791036278527	669409.809921684	0.015420449777817	820.0992601734898	648.4605143853596	1.407509	19.48831	0.0447104299768442	0.023784400286584	-0.1057201961	0.2008895645	-0.1337293574	-0.1190356802	-0.1558924132	-0.1922493792	-0.107682067	0.0080624811	0.1901270561	0.0993810039	0.117066637	0.0940942663	-0.2833164469	0.0565531022	-0.0852649091	0.0246262425	-0.15581949	0.1072493149	0.0565596395	-0.1304602958	-0.0640244919	0.071824414	0.0027428085	-0.1652578791	-0.0152360695	-0.0029604122	0.0974413737	0.2115475675	0.0697852328	0.1228326352	-0.1218482201	0.2897763458	-0.0276503981	-0.0122776112	-0.0994386517	-0.0701004188	-0.0914079164	-0.243136145	-0.0307653704	0.0652607196	-0.094828202	0.0421506517	0.0141214467	0.001817213	0.1761961936	0.0655974901	-0.0233254084	-0.1385731773	0.4189163774	-0.0691892918	-0.1644704104	0.3013171734	0.0990466647	0.0248877923	-0.115819409	0.0336613462	0.0834910852	-0.1775681353	-0.0550186491	0.0059195271	-0.1293728051	0.0850984238	-0.0240731901	0.0145074299	0.1168973102	0.1172853714	0.0148739492	-0.1170464287	0.1145803187	0.0119549848	-0.0028028730412898	1.9071399691499798e-05	7.856097285589133e-06	3.6371828619293845e-10	-0.0123305858678719	-0.0147155496302529	0.0002165474009204	0.0001520433478449	-0.0553776220362181	0.0131829730152047	0.0001737907775196	0.0030666810223862	0.0011879641136934	-0.0002499829732178	1.4112587354233457e-06	6.249148689886124e-08	-0.0005100784814744	-1.0929274360000012e-05	1.194490380361537e-10	2.601800572632299e-07	-0.0001321967026056	7.4944471056e-05	1.7475968179793454e-08	5.616673741863622e-09	0.0	0.0	0.0	0.0	0.0	0.0	0.0	0.0	0.0	0.0	0.0	0.0
844.4525792830781	-1.976722466155934	713100.1586578432	3.9074317082055976	844.3365542746878	1.3273716436849554	712904.2168844528	1.7619154804589003	816.9682160085814	-1.2064657811229154	667437.0659682441	1.4555596810205262	819.2336449499575	638.8652413555554	1.506079	20.8531	0.1700301872387871	0.0934413213121036	-0.0445176826	0.0174950496	0.0372831351	-0.0510263885	-0.1670827639	-0.0647198407	-0.0629720527	-0.112797034	-0.1239508705	0.0289285848	0.0303882585	0.0341531557	-0.1526448399	-0.015673966	0.0524417346	-0.0495822362	-0.1784138269	0.0997992834	-0.0283406272	0.0932982621	-0.1624197806	-0.0588097413	-0.0472430786	-0.0610620489	-0.1427150154	-0.2854114258	-0.0081334527	0.0332348027	0.0177622121	0.0169134243	-0.0186198896	0.108423068	0.1784254917	-0.0786539264	-0.1700260365	-0.1260351396	-0.0430498009	0.0175113165	0.0076729458	-0.0731131316	-0.0662721626	0.1133918932	0.1002577989	-0.0339679256	0.0918283521	-0.0661977079	0.0335893761	-0.0022671777	0.0702663928	0.0589255504	0.1406268198	0.0838111513	-0.0918206772	0.1037815573	0.1464247749	0.0274982456	0.003434324	-0.0383981214	0.055920106	0.0912859559	0.0696476098	-0.2707113024	-0.0128176744	0.117857352	0.0271224954	0.0950211759	-0.1057150609	0.0503737295	0.1104315261	-0.0	-0.0057208367463204	-0.0029179637050306	3.2727973078049785e-05	8.514512183875909e-06	0.0162794473970535	0.0286100332649254	0.0008185340034201	0.0002650204075534	-0.0023179544926534	0.0530596675435647	0.0028153283198336	5.372913030012081e-06	1.0994381575550504e-05	-0.0011769697321178	1.2087642622880438e-10	1.3852577503215629e-06	-5.400113590892097e-05	0.0004560773455654	2.080065451380534e-07	2.916122679453754e-09	-0.0002080000794276	-7.5803376822e-05	4.3264033041887913e-08	5.746151937618127e-09	0.0	0.0	0.0	0.0	1.0	0.0	0.0	0.0	0.0	0.0	0.0	0.0
844.6320796300269	0.179500346948771	713403.349940144	0.0322203745547291	841.7303248843631	-2.6062293903247564	708509.9398299354	6.792431634992552	816.5649461063542	-0.4032699022271799	666778.3112096732	0.1626266140423193	818.8952089954887	635.9174159526825	1.290939	17.874285	0.026849063431688	0.0141028388827578	-0.0396842402	-0.0610630771	-0.0377018897	-0.0579519561	-0.0673634228	0.1361169923	-0.0804096969	-0.0060279873	0.0753430331	0.0301815646	-0.1246771417	0.1700061605	-0.0386012846	-0.109162018	0.112839737	0.0767654955	0.0226225172	0.0754587033	0.0903834599	0.0312776912	-0.0256006194	0.0345123488	0.000581839	0.005811431	-0.0970456228	-0.0474668617	0.0244637492	0.0892923314	0.015159725	-0.0874544579	-0.1929410156	-0.0136864636	0.1533482856	0.0249197049	0.0219856644	0.1271202628	-0.0163342866	-0.0557085103	0.0414703712	-0.0900194342	0.0418550457	0.0511003154	0.105894774	-0.0013638154	0.0903379718	-0.1028703255	-0.0050808398	-0.0960212885	-0.0322154626	0.0164608496	-0.1683649829	0.0674773587	-0.0346097097	0.0780597843	0.0942510674	-0.0487981677	-0.1722492084	-0.1331499791	-0.1226692176	0.1937300584	-0.1787828888	0.0664080363	0.0604053614	-0.0909072845	-0.0758832578	0.1162368405	0.0437659436	-0.0960360883	0.10612066	-0.0119549848	-0.002983597375163	0.0027372393711574	8.901853297079542e-06	7.492479375014162e-06	0.0075770292141754	-0.0087024181828781	7.573208222968737e-05	5.741137171246749e-05	-0.0022588635925444	5.9090900108999846e-05	3.491734475691798e-09	5.102464729722594e-06	-0.0001359891035476	-0.0001469834851231	1.849303628367988e-08	2.160414489894741e-08	0.0001060141186348	0.0001600152545437	2.560488168669181e-08	1.1238993349913448e-08	-0.0002079925195436	7.559884000003705e-09	4.3260888186094836e-08	5.715184609351201e-17	0.0	0.0	0.0	0.0	0.0	0.0	0.0	0.0	0.0	0.0	0.0	0.0
845.4051366597528	0.7730570297259192	714709.8450906953	0.5976171712086606	841.6165966858734	-0.113728198489639	708318.4958171122	0.0129341031316987	817.1366519555611	0.5717058492068645	667712.3079691437	0.3268475780173421	819.817879429047	638.7214951923916	1.189626	16.471512	0.0516160566571809	0.0309948053059712	-0.058958751	0.0293443045	0.02329615	-0.058058311	0.0330004441	-0.0398696026	-0.1716625698	0.0246390141	-0.0878373455	0.0556328899	-0.032578215	-0.0454797611	-0.1196251305	-0.1018130152	0.1014256398	-0.0097770651	0.1042679109	0.0723393129	0.0260571151	0.1013627294	-0.0169478448	-0.0373163013	0.1115324972	-0.1018444455	-0.0742666928	-0.1913362752	0.1227791552	-0.2230257308	0.0532953008	-0.0192927256	0.0519723907	0.1080394508	0.1079382153	0.0132226332	0.1807807447	0.0544609831	0.0186116847	0.0034127034	0.1692874793	-0.0252715163	-0.0626575865	0.0003820113	0.0064420869	-0.0523023804	0.1186009077	0.1056812784	-0.0177049844	0.0377410032	-0.0768414217	-0.0370102827	0.0312089618	0.0697163336	-0.0104301018	0.0841150748	0.0497509063	0.003840575	-0.182468579	-0.0272367961	0.1040699924	0.0577818957	0.0884879508	-0.0847089085	0.036584326	0.103421261	-0.0816019354	0.125534861	-0.1235036656	0.0158746648	0.1016540472	-0.023839813	-0.0054076354455219	-0.0024240380703589	2.9242521111664835e-05	5.8759605665493e-06	-0.0148770196581011	-0.0224540488722765	0.0005041843107585	0.0002213257139075	-0.0208457710958498	-0.0185869075033054	0.0003454731305364	0.0004345461725805	1.1009353500754995e-05	0.0001469984570483	1.2120586450458628e-10	2.1608546374597068e-08	8.999886390115286e-05	-1.601525473364714e-05	2.5648838418360717e-10	8.099795503498235e-09	-0.0002080000519864	-7.532442800002375e-09	4.3264021626345103e-08	5.673769453530761e-17	0.0	0.0	0.0	0.0	0.0	0.0	0.0	0.0	0.0	0.0	0.0	0.0
845.2023532614392	-0.2027833983136133	714367.0179586746	0.0411211066316175	844.3406219688621	2.7240252829886917	712911.085906765	7.4203137423616194	817.8733615502877	0.7367095947265625	668916.8355335676	0.542741026962176	820.8636700498184	640.9165729522705	1.017535	14.08874	0.1072234915468245	0.0573601798104283	-0.0535572511	-0.1021773264	-0.0812430096	-0.0689885677	-0.0544453072	0.06254171	-0.1145388698	-0.0217869666	-0.0613057641	0.0519183913	0.0828729295	0.0763551698	-0.0448692225	0.0833037675	0.0851464487	-0.1482692623	0.0879155513	0.0170473121	0.0618075604	-0.0024206039	0.0910129	-0.1353473042	0.1715061315	0.181627612	-0.1070238425	0.1616058261	-0.0184580983	0.1386984511	0.0394550387	0.091252238	-0.0616145607	0.0513313511	0.0150543206	-0.0869492539	0.154671026	-0.0325200128	-0.1380706567	0.082427965	0.0249416515	0.0360683384	0.0239038922	0.0119794066	-0.0239138969	0.0322741958	0.0762792861	0.0670599111	-0.0011012514	0.055616104	0.0804800236	0.1224543281	-0.0292537017	-0.0483975655	-0.0662817089	0.170142165	0.0012573026	-0.067004413	-0.0859755649	-0.0391244699	-0.0551862592	0.1488504578	-0.0842305642	-0.0033374424	0.0242951307	-0.0703685003	-0.1681875419	0.1549846837	-0.0792767542	0.1201461157	0.0970382431	-0.0355847396	-0.0030423135136743	0.0023653219318475	9.255671515485269e-06	5.594747841279261e-06	0.0245928379943336	0.0394698576524347	0.0015578696631034	0.0006048076806155	0.0173924038150659	0.0382381749109157	0.0014621580205177	0.0003024957104663	7.005429755581319e-06	-4.0039237451736764e-06	4.907604606038414e-11	1.6031405357165598e-11	-5.999932922340357e-05	-0.0001499981931245	2.2499457940631724e-08	3.5999195072583692e-09	0.0001810005721764	0.0003890006241628	3.2761207128184184e-08	1.51321485599048e-07	0.0	0.0	0.0	0.0	0.0	0.0	0.0	0.0	0.0	0.0	0.0	0.0
843.8407568874458	-1.3615963739933932	712067.2229843773	1.853944685671956	846.5752532443485	2.234631275486322	716689.6594057328	4.993576937381627	817.837662140356	-0.0356994099316807	668858.441615203	0.0012744478694701	820.7994237260233	635.1749813250133	1.248911	17.292374	0.0689481707869251	0.03539415609602	0.0103277884	0.0748841209	-0.1026012517	-0.0597765534	-0.1716334962	-0.035221475	-0.0060948221	0.0656344368	0.0411764749	0.0197895393	0.1049141333	0.1050548687	-0.126812172	-0.077009056	-0.0198538024	0.0979149982	-0.1935736135	0.0986956202	-0.1179360868	0.108291334	0.0596960477	-0.1128305036	0.0124609614	0.09515506	0.0104104501	0.2191445401	0.1049443823	-0.111350063	-0.0049489976	0.130635163	-0.0829542527	0.1099134229	0.1119199817	0.0515227084	-0.1301623106	0.0126706382	-0.1008198763	0.0283877051	0.0928665226	-0.1015269149	0.086022176	0.0229568929	-0.1301482021	-0.0844264108	0.0046175802	-0.1664055602	-0.0134188059	-0.1251963349	0.0328094055	-0.0240715147	0.0218839089	0.0149311366	-0.0637010644	0.0429063957	-0.0193840315	-0.0416609978	-0.0379213598	-0.0571746554	0.1105879397	0.1066371242	0.1200927334	0.0020828455	-0.1207645679	0.0439541351	-0.0124112101	0.1052182287	0.0026036025	0.2339356159	0.092280022	-0.0471208409	-0.002984503243411	5.7810270263300174e-05	8.907259609930778e-06	3.3420273479158083e-09	-0.0025726809275425	-0.0271655189218761	0.0007379654182948	6.618687154940939e-06	0.0286670911642374	0.0112746873491715	0.0001271185748215	0.0008218021158186	-0.0003280179204565	-0.000335023350212	1.0759575614060678e-07	1.1224064518732687e-07	0.0001389581199282	0.0001989574491516	3.958406657291292e-08	1.930935909398001e-08	0.000256022857725	7.502228554859998e-05	6.55477036776756e-08	5.628343328935674e-09	0.0	0.0	0.0	0.0	0.0	0.0	0.0	0.0	0.0	0.0	0.0	0.0
843.0434529581714	-0.7973039292743351	710722.2635756365	0.635693555636294	842.4519995508967	-4.123253693451716	709725.3715473041	17.001221020563214	817.4948477589903	-0.3428143813656561	668297.8261124948	0.1175217000711175	820.1781007892374	625.3525211521558	1.077712	14.92195	0.014012608881617	0.010204814265564	0.0260993612	-0.0679085804	0.0170939524	0.0014357598	-0.0244841246	0.0350129309	-0.0461068193	0.0363730672	-0.0239145548	0.0192029542	-0.0113540297	0.0186485713	-0.0724153143	-0.1906818207	0.145053378	-0.0298993303	0.0065105312	-0.0205391287	-0.0786628935	0.016066087	0.0203681979	0.1313687251	-0.0555217678	-0.0431982163	0.058481023	0.238503768	0.2192148735	0.0681363131	-0.0003308886	-0.0033137285	-0.0283270214	0.021021076	0.2165242725	0.0530120201	0.0977571421	0.036129754	0.0068163611	-0.0665865012	-0.0832497967	-0.1253854135	0.0188753999	0.0146554685	0.00469035	-0.0304146518	0.0120752874	-0.0061681427	0.0077171536	0.0034514926	-0.1170655386	0.0207351447	-0.0246628915	0.1016654261	0.059821158	0.1255697817	0.0502804288	-0.0863859645	-0.0811809721	-0.0607270077	0.0433591642	0.1478933083	0.0153608286	0.0873625262	0.0302727177	-0.1424380614	0.0628509586	0.1055349032	0.1124345117	0.2472989569	0.0873863672	-0.0583804184	-0.0029855358822885	-1.0326388775001511e-06	8.913424504432173e-06	1.0663430513247726e-12	-0.0088815253077143	-0.0063088443801717	3.9801517413225296e-05	7.888149179156959e-05	0.0286640088362446	-3.0823279928010594e-06	9.500745855205008e-12	0.0008216254025643	-0.0001810170170344	0.000147000903422	3.2767160456032265e-08	2.160926560691357e-08	0.0001319770051628	-6.981114765399989e-06	4.873596336768575e-11	1.7417929891741743e-08	0.000256011885221	-1.0972503999959108e-08	6.554208537441049e-08	1.2039584402911861e-16	0.0	0.0	0.0	0.0	0.0	0.0	0.0	0.0	0.0	0.0	0.0	0.0
843.3227780092254	0.2793250510540019	711193.3079091973	0.0780224841463208	837.4045697186444	-5.0474298322523055	701246.4133856681	25.476547911510536	816.5043627889968	-0.9904849699935312	666679.3744534657	0.9810604757830864	819.3367184540857	625.5269285678863	1.194942	16.545118	0.0681395490844864	0.036693343220677	0.014259047	-0.0108553574	0.039923091	0.028479767	0.0186851954	0.0067864881	-0.1397553372	-0.0610199228	0.0153909381	-0.011539189	-0.0768176654	0.0823395107	-0.0766552715	0.0419452381	0.1310700261	0.0712642112	0.167802479	0.0299898509	0.247486443	0.1302126924	0.0408180118	0.0479756787	-0.0246373356	0.0028131928	-0.027604517	0.0450358469	-0.0581602316	-0.1447199891	-0.0082622404	-0.0712932191	-0.0903921414	0.0723530586	-0.0016728576	-0.0812499114	0.1423062942	0.0777647442	-0.010077198	0.1451422306	0.2575297123	0.0589518745	-0.10847742	0.1055663657	0.1085144254	0.0050120789	0.0490096159	0.0821822637	0.024658661	-0.0114540199	-0.0359311395	-0.0281212797	-0.0119535069	-0.0365184653	-0.0232634455	0.0699627011	0.0670839098	-0.0448218538	-0.2297808814	-0.2104285794	0.0689773854	-0.2593242814	0.1763246785	0.0649742271	-0.0873969513	0.1641611075	0.2774879285	0.0803183925	-0.2039671526	-0.0674834863	0.0823644609	-0.0692973963	-0.0029327824296103	5.275345267820005e-05	8.601212779430895e-06	2.782926769471092e-09	-0.020862303620305	-0.0119807783125907	0.0001435390489754	0.0004352357123457	-0.0028424086182212	-0.0315064174544658	0.000992654340815	8.079286752938152e-06	-0.0003279957802749	-0.0001469787632405	1.0758123187814049e-07	2.1602756843706963e-08	0.0001760072599106	4.40302547478e-05	1.938663333156164e-09	3.0978555541237506e-08	-4.497109408573412e-05	-0.0003009829793067	2.02239930326795e-09	9.059075383235793e-08	0.0	0.0	0.0	0.0	0.0	0.0	0.0	0.0	0.0	0.0	0.0	0.0
845.6838274115023	2.361049402276876	715181.1359453676	5.574554279991994	844.9957386841645	7.591168965520069	714017.7983943968	57.62584626307503	819.1981243539012	2.693761564904434	671085.5669449498	7.256351368556388	821.9973503242679	632.5109648602349	1.131886	15.67205	0.0684116718980323	0.0352536957968681	-0.0428515602	0.0081762735	0.0908649324	-0.0502224516	0.041425186	0.0002556469	-0.1695329343	0.0371062643	0.0785574538	0.1300315565	-0.0211720283	0.1053999355	-0.1817861217	0.0136873394	-0.0559742901	-0.084957148	-0.0041783156	0.1040067466	0.3141686179	0.0206430112	-0.1655719136	-0.0567000048	0.11855437	0.0456483524	0.0630105153	0.0887672462	-0.0802384073	-0.1778161038	0.1074974571	-0.0245582339	-0.1137143565	0.1891968438	0.0267281183	0.0534832917	0.0756975681	-0.0961971206	-0.2435672188	0.160508711	0.0444971205	0.102059553	-0.1807875088	0.1180081625	0.0317534629	-0.1657180558	0.0919306444	-0.1264542405	0.0396816546	-0.0566300798	0.1233071951	0.0108936239	0.0295447139	-0.0727573606	-0.1112985257	0.0606364208	0.0638142428	-0.021258129	-0.1865554608	-0.1781984645	0.0981387202	-0.1416679599	0.0158532493	0.139876526	0.1470957257	-0.3406389848	0.1538137969	0.1102405442	-0.0832820083	-0.1561030199	0.0772216734	-0.0798077096	-0.0028554341708684	7.734825874189995e-05	8.153504304162908e-06	5.982753130403902e-09	0.0022860242393107	0.0231483278596157	0.0005358450826962	5.2259068227160645e-06	-0.0203730960760992	-0.017530687457878	0.0003073250027458	0.0004150630437259	-0.0006765132079496	-0.0003485174276747	4.576701205302588e-07	1.2146439739298977e-07	0.0001719477014714	-4.059558439200016e-06	1.6480014721280074e-11	2.956601204129769e-08	0.0001555580862363	0.000200529180322	2.4198318193500152e-08	4.021195216062688e-08	0.0	0.0	0.0	0.0	0.0	0.0	0.0	0.0	0.0	0.0	0.0	0.0
845.9838558288671	0.3000284173648424	715688.6843230774	0.090017051226452	847.0709259961102	2.075187311945683	717529.1536679076	4.306402379660351	819.1783927205845	-0.0197316333167236	671053.2391002802	0.0003893373533456	822.1924628223162	642.8905727590833	1.266692	17.538567	0.048091504389202	0.0278366698105039	-0.0435404404	0.0075759226	0.0117525929	-0.0945921521	-0.069368692	0.0142765857	-0.0146768379	0.0743762307	-0.0508651693	0.0907070318	0.0947372612	0.0349610728	-0.0312170402	-0.1870692144	0.0633230053	0.1919909157	0.0805717047	0.1803669449	0.1152311179	0.0570514263	-0.2477110661	-0.0887954369	-0.1385590599	0.0802254047	-0.0427851444	-0.0531721607	-0.0627043018	-0.0528251794	0.0737962094	0.0918085018	-0.0038537488	0.0260965607	0.1434441171	0.1222185649	-0.0365474902	0.1976876217	-0.1612073491	0.1334779424	0.1530224712	-0.0645262964	-0.1352457675	0.0202202636	0.1314849073	-0.1046765534	0.0484241648	-0.0552602927	-0.0067663274	-0.086188573	-0.1670498719	-0.0528768491	-0.0387280904	0.1271381137	-0.0509481374	0.0108177155	0.0220369327	-0.0263198144	-0.062859311	-0.0686467324	-0.0716808571	0.040175175	0.0150242343	-0.1398350328	0.026957598	0.031924776	0.1319363373	0.0634113761	-0.1930921581	0.0447773452	0.0719655524	-0.0898496795	0.0001914561308069	0.0030468903016753	3.665545002354881e-08	9.283540510443002e-06	-0.0223230339139917	-0.0246090581533024	0.0006056057431926	0.0004983178431252	-0.0110126400886798	0.0093604559874194	8.76181362924157e-05	0.0001212782417227	-0.0006160141676885	6.04990402611e-05	3.794734547929554e-07	3.6601338725141993e-09	0.0001119208274957	-6.00268739757e-05	3.6032255992945684e-09	1.2526271627322237e-08	0.0002565341709356	0.0001009760846992	6.580978085761563e-08	1.0196169681200202e-08	0.0	0.0	0.0	0.0	0.0	0.0	0.0	0.0	0.0	0.0	0.0	0.0
843.7982159120153	-2.185639916851869	711995.4291763	4.777021846136246	842.2040107933251	-4.866915202785094	709307.5957963633	23.686863591100675	818.4961439616768	-0.68224875890769	669935.937680134	0.4654633690310833	821.2846934715966	637.6226426260812	1.236806	17.124769	0.0720655317309484	0.0353454715029982	0.0043783767	-0.027615004	-0.0313658702	0.0137512478	0.0288112206	0.0686374236	-0.045606245	0.139640161	-0.0884501867	0.0398964394	0.0758085434	-0.0106449005	-0.0345222759	-0.0117576657	0.0982335048	-0.0813280969	0.1299998698	0.0625055278	-0.1104295853	0.0756446144	-0.130846293	-0.0925055698	-0.102953721	-0.0975844973	0.0076830035	0.12401807	-0.1546700493	-0.0093006985	0.0305218692	0.0794158157	0.0293774903	0.0263508657	0.0307080713	-0.0339157497	0.1804412524	0.0253486752	-0.02169922	-0.0218588373	-0.0602852519	-0.22170487	-0.0595280346	0.055302894	0.0195793453	0.0066919378	0.0082517038	0.1673315504	-0.0110166432	0.0820425268	-0.0839110053	-0.0346795046	-0.0173488215	0.0051505139	-0.0544580632	-0.0064535756	0.0944431233	0.0265325615	0.0573254738	-0.0602972346	-0.0499946184	0.0839978948	-0.2354104831	-0.1461373885	-0.0175148013	-0.0417529112	-0.1365634422	0.1594533416	0.0975866219	0.0667370669	0.066603812	-0.0993643757	0.0052353330238901	0.0050438768930832	2.7408711871034257e-05	2.544069411257864e-05	0.0074986052566146	0.0298216391706063	0.0008893301628218	5.622908079452812e-05	0.0030614360815093	0.0140740761701891	0.0001980796200442	9.372390881167018e-06	-0.0003989952496026	0.0002170189180859	1.591972092054411e-07	4.7097210807174597e-08	-5.2034854052696033e-05	-0.0001639556815483	2.688146551199905e-08	2.707626036285377e-09	0.0001749899806285	-8.154419030709998e-05	3.0621493320362805e-08	6.6494549728405395e-09	0.0	0.0	0.0	0.0	0.0	0.0	0.0	0.0	0.0	0.0	0.0	0.0
843.9911605185662	0.1929446065508955	712321.0790334762	0.0372276211970798	833.6442277031975	-8.559783090127553	694962.6983828606	73.2698865500336	817.188805503597	-1.307338458079812	667797.5438403956	1.7091338439745003	819.3471247901041	630.8750989505223	1.232007	17.058321	0.0867851782157468	0.0518261946457406	-0.0182005776	-0.0089218923	0.1425230726	0.0532546684	0.199249777	-0.0288533986	0.0489142026	-0.0353741405	-0.1080529806	0.0416900597	-0.0782501853	-0.1060080068	0.088678765	0.1684597746	-0.1318604008	-0.1410890933	0.0779032148	-0.0795718958	0.2106459605	0.0849259395	-0.0190691637	-0.132222269	-0.1491231332	0.0951727254	0.0628150602	0.117783066	-0.0043445045	-0.0511523205	0.0629257935	-0.0841648473	0.1137427226	-0.0204948607	-0.1975823269	-0.0225122442	0.0954734989	-0.1432415009	0.1200074444	0.198637492	0.1559994691	0.078861602	-0.1003268503	0.0615529349	-0.0014178684	-0.0182243972	-0.0315032946	0.0986211658	0.0005258679	0.1362339707	0.0334934729	-0.0280210334	0.1053553649	-0.1208163228	-0.0115899209	-0.0382942769	-0.0265743386	0.0945854603	0.0008225115	-0.2793041679	-0.082444194	-0.1986000277	-0.0070076655	0.0394089436	-0.1074881357	0.1204644612	0.073918903	0.0781986841	-0.095449567	0.0068815125	0.0611443214	-0.1082959623	0.0127560979812955	0.0075207649574054	0.0001627180357084	5.6561905544537056e-05	0.0265999755623624	0.0191013703057478	0.0003648623475573	0.0007075586999182	0.0489737106930761	0.0459122746115668	0.0021079369600079	0.0023984243390491	-0.0004770090938778	-7.801384427519998e-05	2.275376756421198e-07	6.086159898595152e-09	7.39389343047403e-05	0.0001259737883574	1.5869395353124163e-08	5.4669660061207024e-09	0.0002560177148164	8.102773418790002e-05	6.554507029981153e-08	6.565493707624981e-09	0.0	0.0	0.0	0.0	0.0	0.0	0.0	0.0	0.0	0.0	0.0	0.0
846.9725020893844	2.9813415708182447	717362.4192955523	8.888397561888999	840.212331101701	6.568103398503467	705956.7613353544	43.1399822534328	818.3234769941153	1.134671490518258	669653.3129997383	1.2874793913949252	820.1600037750537	646.8598208904266	1.253372	17.354134	0.0512585298466604	0.0230825720651811	-0.0810487208	-0.0470989951	0.0968019243	-0.0388359944	0.1140332969	0.0187717512	0.1623041125	-0.0455100658	0.064913445	0.0909602308	-0.0860608353	-0.1123875563	0.1566041287	0.1102862441	-0.1075861445	-0.0742054713	-0.1530437882	0.0056496709	-0.0619042975	0.0895109394	-0.042732388	-0.0474517817	-0.0997427146	0.0410405498	0.1118716492	-0.2178010849	-0.0830511744	-0.1446155883	0.1109576612	-0.1050821417	0.0841914375	-0.1436084518	-0.1456139517	-0.034489723	-0.1259170717	-0.1690107902	-0.01363251	0.1574267054	0.0164548359	-0.0690606751	-0.0064484745	-0.0136523604	-0.0995936165	-0.1133490246	-0.0081019411	-0.0416280259	-0.0384479026	0.0286699413	0.0777786192	0.1341695011	0.1064458719	-0.126664994	0.0789085626	-0.2453529193	-0.0609238906	0.091095873	0.1387949312	-0.0101446181	0.0347670492	0.1115534052	-0.0360130985	-0.0536714962	-0.1754968628	0.1088791485	-0.0952691815	0.0559401447	-0.0318977984	0.1025605433	0.055595093	-0.1165920251	0.0150814628160418	0.0023253648347462	0.0002274505206716	5.407321614674686e-06	0.0090065019298464	-0.017593473632516	0.000309530314458	8.111707701232692e-05	0.0404846022927642	-0.0084891084003118	7.206496143224601e-05	0.0016390030228032	-0.0005740008936369	-9.699179975910004e-05	3.294770258959598e-07	9.407409220509357e-09	0.0001909959290191	0.0001170569947143	1.3702340011557634e-08	3.647944490186908e-08	1.305484970813564e-05	-0.0002429628651082	1.7042910090200923e-10	5.9030953821616674e-08	0.0	0.0	0.0	0.0	0.0	0.0	0.0	0.0	0.0	0.0	0.0	0.0
846.6495346284863	-0.3229674608980986	716815.4344866325	0.1043079807989648	841.1641899211986	0.951858819497602	707557.1944057863	0.9060352122553682	818.0870877346609	-0.2363892594543131	669266.4831181788	0.0558798819853585	820.5351272458769	661.5084852627346	1.354627	18.756109	0.1164657911481983	0.0675314040000163	-0.1217353876	0.1266793523	0.0126892622	-0.093303976	0.0695511766	-0.0796173825	0.083376024	0.1698027504	-0.0534882803	0.0326132347	0.0557829104	-0.2346569517	0.0712762375	-0.0702281869	-0.0181439643	0.1243939283	0.0552002088	-0.0209627736	-0.1070041705	-0.0210685158	0.0501424642	0.0253097409	-0.0545261276	0.1452381933	0.2662862719	0.0596528788	0.0760111651	-0.0361266695	0.0391553457	0.0359823553	0.2208126889	-0.0591299215	-0.0075427818	0.0522119837	-0.0580397065	0.2058311074	-0.1075607926	-0.0115598952	-0.1880204804	0.0406046324	0.1305510629	-0.0767415932	-0.1837165165	-0.0940055447	0.0152329324	-0.0448631273	-0.0317285143	-0.0794249053	-0.0904816313	-0.0594306169	0.1589369222	0.1445641351	0.0250474813	-0.166375714	-0.2399188542	-0.151207753	-0.018772325	-0.0060810134	-0.0266379043	0.1531837757	-0.1127782077	0.1439131995	-0.0379677019	0.0780076895	-0.0195623954	-0.022905902	0.0392914433	-0.1009368463	0.0499642712	-0.1242038795	0.0193889893618006	0.0043075265457587	0.000375932908472	1.8554784942416725e-05	-0.048390571474826	-0.0573970734046724	0.0032944240354213	0.0023416474076602	0.0040701478567939	-0.0364144544359703	0.0013260124918693	1.656610357616398e-05	-0.0007319898415329	-0.0001579889478959	5.358091281073599e-07	2.4960507657284983e-08	0.0001410534382031	-4.994249081599999e-05	2.4942523889062433e-09	1.989607242891575e-08	-0.0001459484468158	-0.0001590032965239	2.1300949127944403e-08	2.5282048305478607e-08	0.0	0.0	0.0	0.0	0.0	0.0	0.0	0.0	0.0	0.0	0.0	0.0
843.7062244437692	-2.94331018471712	711840.1931651599	8.663074843459528	837.438945357864	-3.725244563334627	701303.9872020915	13.877447056654196	818.0829328756271	-0.0041548590338607	669259.6850623877	1.726285359125389e-05	820.604197583315	639.855974142892	1.430266	19.803396	0.1096199364252731	0.0575177792460846	-0.0071755296	-0.1021243674	0.0562964561	0.0660350953	0.0610931284	0.0236417433	-0.0287509123	-0.086054164	-0.2479847603	0.0009350632	0.0950241229	-0.1594768974	0.0198108401	-0.0212783486	0.1891505097	-0.0605640628	-0.035368246	0.0213260163	-0.0750227428	0.0423972658	0.0590602474	-0.031620356	0.0150260358	-0.1111394709	0.126097581	-0.1284552553	-0.077507978	-0.1413806876	0.0114966936	0.0767959807	0.158991863	-0.0859192653	0.1189442134	-0.1758283872	0.0905664243	-0.0266991163	0.0443533055	-0.044786464	0.0587541136	0.0114831579	-0.0317860742	0.023592567	-0.1437374397	0.1510083283	0.0003771619	0.1032733011	0.0368599915	0.1140334592	-0.088764816	0.1199788372	0.0904197455	0.105133361	0.067618404	-0.0002649395	-0.0039030632	0.064612735	0.0655875973	0.0470967805	0.0132754993	-0.1602651802	0.018455361	0.058172362	-0.2057960144	0.1297169988	0.0525537513	0.0057375801	0.1604312928	-0.1282735279	0.0442601199	-0.1310868562	-0.0048004478068435	-0.0241894371686441	2.3044299146228573e-05	0.0005851288705357	-0.002130000982035	0.0462605704927909	0.0021400403823184	4.536904183470065e-06	-0.0065461002909614	-0.0106162481477553	0.0001127047247347	4.285142901932493e-05	-0.0002489960995002	0.0004829937420326	6.199905756631349e-08	2.3328295484275038e-07	5.301816613334509e-05	-8.803527206975492e-05	7.750209128395769e-09	2.8109259401429803e-09	-0.000145993045035	-4.459821919999461e-08	2.1313969198591538e-08	1.989001155810767e-15	0.0	0.0	0.0	0.0	0.0	0.0	0.0	0.0	0.0	0.0	0.0	0.0
846.1935828639254	2.48735842015617	716043.5796800869	6.186951910321797	844.4371573370856	6.998211979221651	713074.112691538	48.97497090612141	819.0642590305551	0.9813261549280696	670866.2604212724	0.9630010223459096	821.1624611516426	635.2475298404694	1.319561	18.270586	0.0877550626703112	0.0434466485538684	-0.0059721303	-0.0440260873	-0.0310027048	-0.0380284058	-0.0149444587	0.0545438761	-0.0032335875	-0.0811171085	0.0686821408	0.0487726167	0.0955535272	0.113619327	0.007495209	0.2436958793	-0.0839490938	0.0457154823	-0.0250489029	0.047275703	0.0498745703	0.0771870761	0.1315979671	-0.1838064756	0.0144284602	-0.0045265581	0.0298223403	-0.0377715103	-0.0131221527	-0.0684833715	0.0410366132	0.0814146871	-0.1173776113	0.0126232749	-0.2001547361	-0.1303438863	-0.0679174758	-0.0448670282	-0.0453398357	-0.029831126	0.1249914066	0.0266376514	0.0016038499	-0.0506471556	-0.1890732068	0.0283567514	0.0428358528	0.0169546149	0.033220465	0.0258795063	0.1418734828	0.0215508985	-0.0389618379	-0.2185226377	-0.0399990224	-0.0040415	-0.0641875554	0.1451462132	0.1051239682	-0.0202396973	0.0238938288	-0.0254997992	0.0193309314	-0.0655118107	-0.0563516339	0.0984735576	-0.0327826747	0.0794614068	0.0367624358	-0.0831492476	0.0384910108	-0.1372005631	-0.0075416346007699	-0.0027411867939264	5.687625245152977e-05	7.514105039196495e-06	0.0300491359562755	0.0321791369383105	0.0010354968540945	0.0009029505717187	0.004211591965145	0.0107576922561064	0.000115727942677	1.7737506880873923e-05	-0.000643012181923	-0.0003940160824228	4.1346466610137723e-07	1.5524867320781074e-07	0.0002549681846601	0.0002019500185267	4.0783809982956654e-08	6.500877518886684e-08	9.958178765480468e-05	0.0002455748326898	9.916532432526611e-09	6.030699845062557e-08	0.0	0.0	0.0	0.0	0.0	0.0	0.0	0.0	0.0	0.0	0.0	0.0
845.8505581437636	-0.3430247201617931	715463.1667121163	0.1176659586420764	848.1468525242161	3.709695187130478	719353.0834467344	13.761838381419034	818.2192294768295	-0.8450295537256807	669482.7074856565	0.7140749466698231	820.4768082896134	643.6079483194011	1.16244	16.0951	0.0599448701130184	0.0275844253264789	-0.0213436868	0.0897807035	-0.0996306597	-0.0805833056	-0.177516685	-0.0164412797	0.1264243783	-0.0157825174	0.1457238324	0.0054540136	0.0518367146	0.0882224036	0.0169138372	-0.0364642876	-0.0956273955	0.2861407914	-0.1012850952	0.008851647	-0.1408757559	-0.0187974313	-0.0089699968	-0.0831354508	0.0802547923	0.0615355453	-0.0815065244	-0.0837081069	0.0051795451	-0.0160456973	-0.0187252573	0.0585702168	-0.1020421867	0.0155156705	-0.0166002241	0.1104546074	-0.2734758123	0.1510434505	-0.0041014584	-0.0208456001	0.0204597037	-0.0104977259	0.0547113285	-0.0141033924	-0.050209366	0.1015992132	0.0184493831	-0.1731358441	-0.0188579821	-0.1467305612	0.003772618	-0.0619243496	-0.090907502	-0.0324872585	-0.0272864052	-0.019987744	-0.0900220665	-0.0153176935	0.0748711694	0.0689725522	0.0209538211	0.0298973983	0.0458995495	-0.1071750484	-0.0127784203	0.0356965437	-0.0483228979	0.0639398712	0.1332000744	0.0071044063	0.0326654109	-0.1425091225	0.0080158990474359	0.0155575336482058	6.425463753868378e-05	0.000242036853215	0.0096546793904508	-0.0203944565658247	0.0004159338586153	9.321283413239544e-05	-0.0025842704546477	-0.0067958624197927	4.61837460287507e-05	6.678453782765031e-06	-0.0006959919189964	-5.297973707340002e-05	4.844047513082915e-07	2.8068525403665963e-09	0.0001600336041178	-9.49345805423e-05	9.012574582742444e-09	2.5610754446932734e-08	-9.644424431340062e-05	-0.0001960260319682	9.301492261182908e-09	3.8426205209199845e-08	0.0	0.0	0.0	0.0	0.0	0.0	0.0	0.0	0.0	0.0	0.0	0.0
845.0115321579286	-0.8390259858349509	714044.4894798901	0.7039646049063113	840.2895791749696	-7.857273349246498	706086.5768700475	61.73674448477927	817.4247243885363	-0.7945050882931355	668183.1800416746	0.631238335323683	819.2422895791528	638.2154675679548	1.13944	15.776635	0.0765093834551465	0.0454100041222213	-0.0048943414	0.1526017052	-0.082898729	0.0112550867	0.0229540449	-0.145780779	-0.0484702871	-0.0149097823	0.1107540666	-0.0350859816	-0.0401854413	0.0449956201	-0.1056245959	0.0048522927	-0.0763934292	0.0585704595	0.2100443351	-0.0891389676	-0.0155487812	-0.0720068253	-0.127312153	-0.0615681368	0.0500517249	-0.1201173646	-0.0829715842	0.1908001216	-0.0490668858	0.0876750387	-0.0334315389	-0.0400303023	-0.0486101643	0.1198364993	-0.0856215515	0.0484074725	0.0576768203	0.0754028742	0.1874288876	-0.1215459457	-0.0581745814	0.0090928207	-0.1174320784	0.0273587554	0.1430254516	0.1280450254	0.0578997431	0.1327395231	0.0124900921	-0.026996321	-0.0741892694	-0.1893555388	-0.0782588382	-0.0672330858	-0.0693268104	0.0438064511	-0.0651833927	0.0708422498	0.0365590784	0.0196337516	0.1072764569	-0.0416690484	0.08716994	-0.0438263022	-0.0404871205	0.0535223625	-0.0745136571	-0.0539533378	0.0297977726	-0.0317752655	0.0267918699	-0.1469813818	0.0067451687382913	-0.0012707303091446	4.549730130802224e-05	1.614755518578733e-06	-0.0209127793241208	-0.0305674587145716	0.000934369532267	0.0004373443390593	-0.0362302840145218	-0.0336460135598741	0.0011320542284712	0.0013126334797729	-0.0008489964989609	-0.0001530045799645	7.207950552478656e-07	2.341040149011308e-08	0.0001700162343156	9.982630197800018e-06	9.965290566602884e-11	2.8905519930857005e-08	-3.892783704457646e-05	5.751640726882416e-05	1.5153764969690995e-09	3.308137105113248e-09	0.0	0.0	0.0	0.0	0.0	0.0	0.0	0.0	0.0	0.0	0.0	0.0
844.5621474846444	-0.4493846732842712	713285.2209638741	0.2019465845828112	841.565447812467	1.2758686374974104	708232.4029517982	1.6278407801494983	817.1257574780644	-0.2989669104719041	667694.5035341006	0.0893812135571155	819.62863839105	636.4654206480299	0.989435	13.699681	0.0827063277292667	0.0641962303960485	0.0124644473	0.1549272906	0.025269074	0.0326317763	0.0041657595	-0.1865243242	-0.0891499028	-0.1246577049	-0.0079548509	-0.0507391994	-0.0824693249	-0.0971219044	-0.1813085879	0.0118384278	-0.1295707212	-0.1272955551	-0.0416318716	-0.11588728	-0.1905956775	-0.0909187003	-0.0357772977	-0.2172654245	0.1819096227	0.1240205068	-0.1132225666	-0.0407455084	-0.1803529879	-0.057895767	-0.040427556	-0.1030423974	0.0539325966	0.1815315484	-0.0095598649	0.0087198272	-0.021150115	-0.1616129972	0.0633562092	-0.0282785405	-0.1386856049	0.0114154007	0.0230702364	-0.035319844	-0.0520994754	0.1178928671	0.0593326571	0.0608119532	0.0745554047	0.0782542081	0.0854129489	-0.1158830134	0.1181897428	0.009336361	-0.0008190989	0.1315343686	-0.0592906943	0.0166972374	0.0627105998	0.0899035521	-0.0109959554	0.0508416612	-0.0039294273	-0.022469351	-0.006538611	-0.0134607736	-0.0873263525	-0.0671040583	0.09409387	-0.0406274655	0.0208790082	-0.1505910958	0.0002370717139967	-0.0065080970242946	5.6202997577333123e-08	4.235532687763223e-05	0.0424921877897332	0.063404967113854	0.0040201898547089	0.0018055860231579	-0.0276614210860088	0.008568862928513	7.342541188764443e-05	0.0007651542164974	-0.0008820005462107	-3.300404724979999e-05	7.779249635159732e-07	1.0892671348670304e-09	0.0001729960380212	2.9798037055999967e-06	8.879230123907472e-12	2.992762917103248e-08	9.576325252125435e-06	4.85041622967019e-05	9.170600533449527e-11	2.352653760104798e-09	0.0	0.0	0.0	0.0	0.0	0.0	0.0	0.0	0.0	0.0	0.0	0.0
845.7206723770962	1.158524892451851	715243.4556859677	1.342179926430573	844.8726112881222	3.307163475655216	713809.7293048105	10.937330254707886	817.9179048021031	0.7921473240386376	668989.6989958622	0.6274973829815744	820.7755058057038	639.1024336269924	1.259109	17.433567	0.0535791788100342	0.0328747606348342	-0.0206135775	-0.0853676701	0.1229234299	-0.0167296291	-0.0025808139	0.0511684461	0.0065776908	-0.178833224	-0.0266315063	0.001447126	-0.1012555273	0.0103850488	0.0403866509	-0.0645904228	0.0288143271	0.0763635077	-0.1993644467	0.1063263503	-0.0129180727	-0.0986200397	-0.0017187493	0.0255957564	0.0824618909	0.0459811767	-0.040912426	-0.0986362697	0.0272790433	-0.0076018309	0.0170389749	-0.0903906183	-0.0189419407	-0.0513932471	0.1086662574	0.0255298978	-0.1724806697	-0.0412573957	-0.0835311983	0.0013847063	0.092746959	0.0497262061	0.0085833998	-0.0494236982	0.0565246631	0.1393912788	0.0175999979	-0.2456721769	0.0406611747	-0.0324974212	0.0023378698	0.0913927499	0.0577108902	0.0577939482	0.0433386752	0.0374792433	0.0117066425	0.0980987366	0.0492292058	0.0791977843	-0.0233984471	-0.0157717805	0.0535593818	0.0266971028	-0.0003374594	-0.0269729628	0.0922002877	0.008406478	-0.0397636736	-0.0833383906	0.0149355036	-0.1533170814	0.0001650715900041	-7.20001239926e-05	2.7248629826481687e-08	5.1840178549497745e-09	0.0271136662207709	-0.0153785215689623	0.000236498925647	0.0007351508959313	0.0003946720087668	0.0280560930947755	0.0007871443597427	1.5576599450402105e-07	-0.0007880095961091	9.39909501016e-05	6.20959123560027e-07	8.834298701001462e-09	0.0001869590042158	1.396296619459998e-05	1.9496442495154183e-10	3.495366925736352e-08	0.000103073689402	9.349736414987456e-05	1.0624185446939966e-08	8.741757102974249e-09	0.0	0.0	0.0	0.0	0.0	0.0	0.0	0.0	0.0	0.0	0.0	0.0
846.8524945846013	1.131822207505138	717159.1475841623	1.2810215094018038	845.602679969169	0.7300686810467596	715043.8923710409	0.5330002790453552	819.3586303975732	1.4407255954700986	671348.5652069869	2.07569024144267	822.0245570275274	643.7753274628094	1.237327	17.131971	0.0753486860783677	0.0474193080834056	-0.0385598385	-0.0891412621	-0.0439260695	-0.0536471069	0.0035450331	0.1617469167	0.0318592685	-0.000509836	0.0451750394	0.0394403652	0.0431628078	0.1552415173	0.1305874701	0.0030762454	0.0461081855	0.0555335631	0.0506591275	-0.0368753476	-0.0517349081	-0.1011795343	0.1203003507	0.0234069493	0.0807749701	-0.1031004532	-0.0123276216	0.1729872449	-0.1591956156	-0.1166242051	0.0370376556	0.0709884253	-0.1200251267	-0.1431404649	-0.0071115317	-0.0107750214	0.0389620711	0.0854709814	0.0237833787	-0.185054953	-0.070307808	-0.0314335802	-0.0811731163	-0.0424202333	0.0436290126	-0.0274835039	0.0466375825	0.1025298243	-0.0363016342	0.0062693747	-0.1443118735	-0.0006959977	-0.1488750572	-0.0366131426	-0.0081618869	-0.0352365009	0.0376015719	0.0603611843	-0.0258710458	0.1140418676	0.029876189	0.0011735041	-0.0450455977	-0.1047695916	0.0141993872	0.0072183493	-0.0999516211	0.0377480431	-0.0349738223	-0.1183315998	0.0089700792	-0.1551433414	0.000171787260129	6.715670124900008e-06	2.951086274262872e-08	4.5100225226474477e-11	-0.0106875464689863	-0.0378012126897571	0.0014289316808162	0.0001142236495267	-0.0276962168305345	-0.0280908888393013	0.0007890980357819	0.0007670804267239	-0.000778000148837	1.000944727210006e-05	6.052842315903941e-07	1.0018903469295132e-10	0.0001130008045084	-7.395819970739999e-05	5.469815303959661e-09	1.2769181819545633e-08	-1.956041202187176e-06	-0.0001050297306041	3.826097184653852e-12	1.1031244310788132e-08	0.0	0.0	0.0	0.0	0.0	0.0	0.0	0.0	0.0	0.0	0.0	0.0
846.6354288657918	-0.2170657188095219	716791.5494107632	0.0471175262822944	842.3599238833866	-3.242756085782389	709570.2413648249	10.51546703187872	819.4180108854414	0.0593804878682249	671445.8765634533	0.0035260423394684	821.4682886898738	648.6530432088034	1.180086	16.339426	0.044021022486121	0.0324821369832184	-0.0402713121	0.1597331131	-0.102454841	-0.0430310259	-0.0172636862	-0.178673054	-0.0421789268	0.0275750683	0.070398343	0.0169734838	0.1728069669	0.0005579081	-0.1139724389	0.0969624439	-0.0136805656	0.0470690953	0.1748961853	0.0500287411	-0.0370187109	-0.0182008613	0.1082983892	0.0587882552	-0.1840741109	-0.0654353496	-0.1777577402	-0.0624903669	0.1655159848	0.0137019464	0.0007076594	0.1529428807	0.0172158792	0.1464524633	-0.1309905262	-0.0638751937	0.0778174165	0.0706274565	0.0203356194	-0.0727710205	0.0884069809	-0.1061549478	0.0493840519	-0.1811113872	0.0487706758	0.0430787865	0.0716510395	0.1262806505	0.0217510625	0.0373748588	0.086270537	-0.1514369039	0.0033250154	-0.0940615702	-0.1035322449	0.1126118516	-0.1098774917	0.0341666483	0.0359781005	0.054906074	0.0131553562	-0.0216069583	0.0626069911	-0.0243776775	-0.008719364	0.0233441192	-0.0942352878	-0.0231108211	0.0126668376	0.0166946235	0.0029914899	-0.1560591586	0.0002353406143242	6.355335419519999e-05	5.5385204750491846e-08	4.0390288294605445e-09	0.018919219081269	0.0296067655502553	0.0008765605663477	0.000357936850645	-0.0276441807971394	5.203603339510102e-05	2.707748771496068e-09	0.0007642007319449	-0.0009859977658546	-0.0002079976170176	9.721915942702626e-07	4.3263008685000214e-08	0.0001650139374071	5.201313289870001e-05	2.7053659939378296e-09	2.722959953859432e-08	-2.791864225139669e-05	-2.5962601049209515e-05	7.794505851614724e-10	6.74056653240415e-10	0.0	0.0	0.0	0.0	0.0	0.0	0.0	0.0	0.0	0.0	0.0	0.0
844.1424824947497	-2.4929463710420805	712576.5307523989	6.214781608891879	846.4538436889649	4.093919805578253	716484.1094958226	16.760179374505878	818.0712403071935	-1.346770578247856	669240.55421775	1.8137909904340648	820.4612478938127	637.8405885083334	1.166181	16.146894	0.0624018266513298	0.0406372601979905	0.0293734347	0.140867268	-0.0817271012	0.0039155208	-0.1676991928	-0.1498533539	0.062067675	-0.1279555727	0.0150379005	-0.0638140817	0.1100109581	-0.0220291689	-0.1478092549	-0.0013709013	-0.1266271279	0.0293861588	-0.17415645	0.0484531511	-0.0171239998	0.01170921	0.1795006401	0.0874043752	0.0204482074	-0.0981190369	0.1145252618	-0.0920927304	0.1284684682	0.0211345431	-0.0772495768	0.1003924446	0.0127680208	0.1511008252	0.0004659912	0.0163044069	-0.2267873946	-0.1354662009	0.0196031946	-0.1600620811	-0.0083666538	0.0249376648	-0.0047487397	0.094562331	-0.0953338191	-0.0609394908	0.0026537483	-0.1199812708	0.0714890294	-0.0659704668	0.1491620821	-0.0603536527	0.0764546108	-0.0231102131	-0.0415547727	0.1248278478	-0.0780830541	0.0171501613	0.072569797	0.1009887488	0.0341832667	0.0384692485	0.0718620072	-0.0578362108	-0.0615678281	-0.008025989	-0.0320664386	-0.1157474305	-0.0787188126	0.0624682212	-0.0029914899	-0.1560591586	0.0046061248706052	0.004370784256281	2.1216386323607773e-05	1.910375501495386e-05	0.0113872176851828	-0.0075320013960862	5.673104503064447e-05	0.0001296687266097	0.0107306017844734	0.0383747825816128	0.001472623938186	0.0001151458146569	-0.0010375150769518	-5.151731109720014e-05	1.0764375349022997e-06	2.6540333426857e-09	0.0002249465584769	5.993262106979998e-05	3.591919068296232e-09	5.0600954170601385e-08	0.0001031165939286	0.0001310352361799	1.0633031943435789e-08	1.7170233120747517e-08	0.0	0.0	0.0	0.0	0.0	0.0	0.0	0.0	0.0	0.0	0.0	0.0
843.7609303374517	-0.3815521572980742	711932.507563922	0.1455820487388144	843.3015546437856	-3.152289045179259	711157.5120646257	9.936926224357164	816.8641262426811	-1.2071140645124387	667267.0007422188	1.4571243647437402	820.0701473752805	629.3146685532162	1.231465	17.050817	0.0580163215622757	0.0256247049265585	0.0486232526	-0.0023908785	0.1022297114	0.0416325479	-0.0206081977	0.0018200206	-0.053220194	-0.0010650008	-0.0680673581	-0.090767247	-0.0965345321	-0.0575648854	0.0166383612	-0.0951830484	0.1137954858	0.0720011927	-0.0316328647	0.0136809615	0.0156673267	0.0337331592	0.0099212512	0.0420838433	-0.1653730866	0.153848374	-0.1272065118	0.0695452002	-0.0218203249	0.2735040417	-0.0857558035	-0.0935854972	0.0553067503	-0.0441956782	0.1657982068	0.016177323	-0.0340666411	0.0833556807	0.0109141427	0.0616349702	0.0432094787	-0.0856934399	0.1300143371	0.0169596883	0.0654609372	-0.0066582196	-0.0141696856	-0.0413805032	0.0501558416	-0.0013314435	-0.1438858823	-0.0437403341	0.0211801877	0.1165525556	0.0998802117	0.0260935396	0.0247388985	-0.0636128661	-0.0730683554	0.1078625193	0.0040866992	0.0810836837	-0.0452179714	-0.0031079759	0.0096839333	-0.0661636453	0.0867714087	0.0003348871	-0.0910330463	0.0118428672	-0.0089700792	-0.1551433414	0.0001495693774131	-0.0044565554931921	2.2370998659742344e-08	1.9860886863900683e-05	-0.0034937920621871	-0.0148810097473699	0.0002214444511013	1.2206582973801587e-05	2.2542176054685115e-06	-0.0107283475668679	0.0001150974415155	5.08149701280419e-12	-0.0008349961685352	0.0002025189084166	6.972186014684641e-07	4.101390826625127e-08	7.454298241338364e-05	-0.0001504035760635	2.2621235692693952e-08	5.556656227082022e-09	-0.0001029690966882	-0.0002060856906168	1.0602634872783882e-08	4.2471311877003415e-08	0.0	0.0	0.0	0.0	0.0	0.0	0.0	0.0	0.0	0.0	0.0	0.0
843.8529258529162	0.0919955154645322	712087.7604705273	0.0084631748655849	843.9304237159523	0.6288690721667081	712218.5600733868	0.3954763099278163	816.706088647408	-0.1580375952730719	667008.8352337478	0.0249758815196952	819.3850502110163	630.2121523584639	1.217002	16.850555	0.0266760919570423	0.0126050809795989	0.0521201466	-0.1919375638	-0.0486349157	0.0372526776	-0.0017531251	0.186430969	-0.116284967	-0.0497363466	-0.0230857043	-0.1059371429	-0.1166454976	0.0702039328	0.0427777035	-0.0053821822	0.1204467785	-0.0612422415	0.1063177778	0.0026609482	-0.0342742882	-0.0117351747	0.0080881579	0.0253729465	0.0555923493	-0.0813168038	-0.0456373431	-0.0550873126	-0.1331012615	-0.0529926967	-0.091197559	-0.1028160122	-0.065021003	-0.0895708299	0.0707077019	-0.0819485048	0.1471903848	0.0156432294	0.0548925915	-0.0451725257	-0.074444625	-0.0212598096	-0.0555164127	0.0051624948	0.1039137315	0.0137760239	-0.0126599714	0.1082939815	0.0492758195	0.0877608203	-0.1136802946	0.1077542956	-0.0753484062	-0.0038475443	-0.0231281642	0.1632220438	0.1078931656	0.0090781578	-0.0260850736	0.1134050059	-0.0179067859	0.016083965	0.0021127073	-0.125425906	-0.0423338002	-0.0719172192	-0.0455993667	-0.149866881	-0.1181298813	0.1472479072	-0.0149355036	-0.1533170814	0.0025961973273069	0.0024466279498938	6.740240562315492e-06	5.98598832520154e-06	0.0067162537973928	0.0102100458595799	0.0001042450364547	4.510806507099321e-05	-0.0023925652515686	-0.002394819469174	5.735160289935167e-06	5.724368483013518e-06	-0.0007039987440145	0.0001309974245206	4.956142315739935e-07	1.716032523105648e-08	1.302213739284852e-05	-6.152084502053512e-05	3.7848143720407014e-09	1.6957606227822366e-10	-6.299539266154373e-05	3.997370402665627e-05	3.968419496582077e-09	1.5978970136107161e-09	0.0	0.0	0.0	0.0	0.0	0.0	0.0	0.0	0.0	0.0	0.0	0.0
842.3839059590132	-1.4690198939030097	709610.6450187636	2.15801944868281	840.9959534825506	-2.9344702334017256	707274.1937740244	8.611115550720777	816.2024878710831	-0.5036007763249017	666186.5012069456	0.2536137419150437	819.4449427087249	625.9862604652133	1.127542	15.611904	0.032580690205239	0.0205473418983261	0.0876769193	-0.1019407572	-0.0953090182	0.1025496081	-0.035147219	0.1093704858	-0.0821860066	0.0124874708	0.102330442	-0.1433807793	-0.0636451569	0.1109906162	0.0276778598	0.1399925784	-0.0184684547	-0.1507150714	0.0421674138	-0.0466207574	-0.0910141036	-0.0784757477	-0.0893274612	-0.0369976042	0.07874982	0.0893838786	0.1196110079	0.0408358088	0.1751974052	-0.0041516346	-0.1369016081	-0.080931148	-0.1079727989	-0.0141168256	-0.1029638505	-0.0322378307	0.0983081313	-0.0828110973	-0.1521625121	0.1989510883	-0.1752965401	-0.0139554784	0.0072273414	-0.0978343095	-0.1463962644	0.0188676197	-0.0275859417	0.0695899517	0.112993143	0.0081363767	0.0612521376	0.0536614393	-0.0645706276	-0.1670432953	-0.0627194744	0.1627100745	0.0012792074	-0.0270711939	0.0457009543	0.0653601465	-0.0840308381	0.0830090294	-0.1723233867	0.2643864027	0.0003144768	-0.1127293111	0.050908674	-0.1638666953	-0.0681704005	0.0118790369	-0.0208790082	-0.1505910958	0.0001708607565404	-0.0024253365707665	2.919339812555784e-08	5.882257481497407e-06	0.007754940295328	0.0010386864979351	1.0788696409928894e-06	6.013909898410193e-05	0.0158759116569342	0.0182684769085028	0.0003337372485565	0.0002520445709387	-0.0007040028425412	-4.0985266999910355e-09	4.956200023060896e-07	1.6797921110539408e-17	6.396372765049563e-05	5.094159025764711e-05	2.595045617978006e-09	4.091358454946779e-09	0.0001030227231148	0.0001660181157763	1.0613681477988746e-08	2.756201476592747e-08	0.0	0.0	0.0	0.0	0.0	0.0	0.0	0.0	0.0	0.0	0.0	0.0
841.9784357153799	-0.4054702436333173	708927.6862097181	0.1644061184720616	841.6809990032299	0.6850455206792958	708426.9040830751	0.4692873654027675	816.7776742136659	0.5751863425828105	667125.7690938854	0.3308393286937903	819.6489819259135	623.3255920444216	1.142542	15.819586	0.0138489809951911	0.0098098469540799	0.1107043125	0.0333700309	-0.076438394	0.0914780966	-0.0695493594	0.1196314816	-0.0449363841	0.0404039258	0.1816783095	-0.1131333096	-0.0630516355	0.1084454302	0.078423254	-0.0480678042	-0.0355389384	0.1432413494	0.0557061714	-0.0393233739	0.0375120378	-0.1156125248	-0.0407631021	0.2022521909	-0.0166453658	0.1395545282	0.14757012	-0.060564787	-0.0515964901	0.0108147487	-0.114924357	-0.0520118291	-0.1313584875	-0.0533691154	-0.0501463236	0.095259781	-0.0510429308	0.1127325292	0.0242623391	0.0718974114	0.0124646429	0.2074941282	0.0133416254	-0.0767062236	0.0652011363	0.0135428094	-0.0430459837	-0.0896692893	0.0560941083	-0.1068204528	-0.036561747	-0.1140638926	-0.1724898021	-0.0467245958	-0.0288254456	0.0699602258	0.0571296087	0.0166446113	0.0399451194	0.1239622925	0.0144113458	-0.0784624408	-0.0937177581	-0.0098205749	0.145937872	-0.0046672636	0.198722391	-0.0958721936	0.0162543074	0.1724837197	-0.0267918699	-0.1469813818	0.0001708236551252	-3.7101415199981705e-08	2.9180721150333272e-08	1.3765150098414337e-15	0.0161079519692606	0.0083530116739326	6.977280402485431e-05	0.000259466116644	0.0157303922378559	-0.0001455194190783	2.1175901328885915e-08	0.0002474452399567	-0.0007900043169133	-8.600147437210002e-05	6.241068207416498e-07	7.396253594174977e-09	8.495929737639685e-05	2.099556972590122e-05	4.4081394811517976e-10	7.218082210691032e-09	0.0001030339350321	1.1211917300002897e-08	1.0615991768199005e-08	1.2570708954210422e-16	0.0	0.0	0.0	0.0	0.0	0.0	0.0	0.0	0.0	0.0	0.0	0.0
843.0627206614165	1.0842849460366324	710754.7509690296	1.1756738442016628	837.503995513916	-4.177003489313847	701412.9425017735	17.447358149740055	817.6286137843598	0.8509395706938676	668516.5500789338	0.7240981529726637	820.040860055377	621.9135750157493	1.314549	18.201185	0.0326782441932767	0.0220054903394116	0.075786679	0.1837668332	0.1430452933	0.0761340571	0.2137424825	-0.1154487276	-0.1734212206	0.1886631115	0.0375981947	-0.0373004042	-0.0741667022	-0.1915504093	-0.0628099138	0.0276976993	-0.1362321503	0.0045901398	0.2428263475	0.0017045174	-0.0957607816	-0.0620671574	0.0369793137	-0.1147680702	0.1063726445	0.0817980602	0.0122722896	0.0320362729	0.0913885917	0.0974457649	-0.0257238942	-0.1231055393	0.1879803733	0.1273329448	-0.1190803618	0.1258044068	0.1416878051	0.1237389475	-0.0980874895	0.0485051325	-0.1647368948	0.0233170622	-0.0236144031	0.044519659	-0.1606410474	0.0852971286	-0.0285028723	0.0833480746	0.0549836815	0.087046214	-0.0576039821	-0.236345559	0.0760747259	0.0228294136	0.1055490963	-0.0263576047	-0.0596629885	-0.0441988712	-0.037197601	-0.0046705095	-0.0048871108	0.0121759271	-0.0746719226	0.0455100598	-0.0233232136	-0.1745786598	0.1002959124	-0.2195189115	0.0487077929	0.0374574804	-0.0326654109	-0.1425091225	0.0002082535805527	3.74299254275e-05	4.336955381301991e-08	1.4009993175082107e-09	0.0067620607388363	-0.0093458912304243	8.734568289092187e-05	4.572546543571132e-05	0.0158196337790457	8.924154118979816e-05	7.964052673930441e-09	0.0002502608129031	-0.0007040238316697	8.598048524360001e-05	4.956495555588862e-07	7.3926438427249194e-09	0.0004629636503246	0.0003780043529482	1.4288729084778974e-07	2.143353415218785e-07	0.000103162726765	1.2879173289999412e-07	1.0642548193590048e-08	1.6587310463383428e-14	0.0	0.0	0.0	0.0	0.0	0.0	0.0	0.0	0.0	0.0	0.0	0.0
844.710259047813	1.6475383863964908	713535.4217406233	2.7143827346499525	839.908713665524	2.4047181516079945	705446.6472912752	5.78266938867297	818.1177455546282	0.4891317702683864	669316.6455913873	0.2392498886858855	820.2947153900395	630.873431645121	1.371875	18.994917	0.0411061054404112	0.0229957688891839	0.0060488718	-0.1229711229	0.2148068657	0.0131387572	0.1386921287	-0.0079951766	0.0509017455	-0.2352731416	-0.1331800843	0.0145193189	-0.0440393414	-0.1961272375	0.1406548962	0.0518796767	0.0242751491	-0.1050729743	-0.0894379184	-0.0131374346	-0.0027112569	-0.1848108808	0.0301023717	-0.0414280507	-0.0849561032	-0.1368219693	-0.027365042	-0.0618411548	0.1465757565	0.0387248501	0.0380521435	-0.0875712307	0.1935164462	-0.1184840598	-0.007043376	-0.0855409616	-0.0253512191	-0.1485086895	-0.0751844443	0.035690955	0.0352817508	-0.024060998	-0.1432901374	-0.1693740963	-0.0803857946	0.1100267867	0.0115161245	0.0270026564	0.0631190698	0.1295735627	0.0024131462	0.1393666637	0.1256540263	-0.0550185894	0.1268277768	0.012327063	0.0642939198	0.1424550991	0.034917821	0.1998786783	-0.0286304608	-0.1104878728	-0.0743419144	0.1732310927	0.0751723158	-0.1085120449	0.1132989581	-0.1056509382	-0.001891119	0.0682257431	-0.0384910108	-0.1372005631	-0.0079139369563989	-0.0081221905369515	6.263039814985627e-05	6.59699791185461e-05	0.0223857700583209	0.0156237093194846	0.0002441002928997	0.000501122701104	0.0112145694416057	-0.0046050643374399	2.1206617551961693e-05	0.0001257665677605	-0.0007040106323067	1.3199363000054693e-08	4.956309704008795e-07	1.7422318360721274e-16	0.000207964026865	-0.0002549996234596	6.50248079645378e-08	4.3249036469906434e-08	0.0001030727246569	-9.000210809999775e-08	1.062398656819712e-08	8.10037946244368e-15	0.0	0.0	0.0	0.0	0.0	0.0	0.0	0.0	0.0	0.0	0.0	0.0
848.103593487482	3.3933344396690472	719279.7052863803	11.514718619444048	840.5883631113413	0.6796494458172901	706588.7961982042	0.4619233691997496	820.1404717501229	2.02272619549467	672630.393402514	4.091421261940341	822.0926447034676	643.2090542418616	1.440076	19.939232	0.0442391270894721	0.0294680927740434	-0.072865013	-0.0177141921	0.0712956645	-0.0684985697	0.1415642042	0.0812468387	0.2441588468	0.0476601296	0.1524014685	0.1029347794	0.0465465449	-0.0616393435	0.2490307074	0.1264593548	-0.1094712391	0.0872110356	-0.1013455658	0.1266931124	-0.0322953946	-0.0642875943	-0.1403840137	0.055560729	0.1911833926	-0.1327524902	-0.047411877	0.0881368732	0.0874785315	0.0505849186	0.1138971181	0.0293459959	0.0368858287	-0.1999477035	-0.23279504	0.0134584232	-0.1538534927	0.0314757904	-0.1285277983	-0.0561283654	-0.0424654644	0.1313714848	-0.0025818452	0.1377109675	0.0779753475	0.1299154642	0.0085022649	-0.1866071807	-0.048233664	-0.0377011481	0.0325279779	0.0052226728	-0.081341937	-0.2211638403	-0.0032203874	-0.2357772468	-0.1172171081	0.0775322416	-0.079913054	0.0351478508	-0.007231102	-0.1440702725	-0.1009847651	-0.0914659102	0.1154218967	-0.06957065	0.1208983733	-0.1394731977	-0.1139655623	-0.0220982845	-0.0442601199	-0.1310868562	0.0002221793938588	0.0081361163502576	4.9363683055463776e-08	6.619638926493065e-05	0.0192772849265594	-0.0031084851317614	9.6626798143823e-06	0.0003716137141397	0.0158817326105236	0.0046671631689178	2.1782412045303763e-05	0.0002522294307121	-0.0012500162378614	-0.0005460056055546	1.562540594917168e-06	2.9812212129715455e-07	0.0002284352885599	2.0471261694900004e-05	4.190725553810802e-10	5.2182681059444785e-08	0.000103143106178	7.03815210999952e-08	1.063850035204618e-08	4.953558512349068e-15	0.0	0.0	0.0	0.0	0.0	0.0	0.0	0.0	0.0	0.0	0.0	0.0
849.7316499098418	1.6280564223598049	722043.876858502	2.6505677143870074	844.8837506474675	4.2953875361262135	713828.552108132	18.450354085508422	820.8238568419748	0.6833850918519602	673751.8039609347	0.467015183765512	823.5089961121826	664.7001217671803	1.327909	18.386177	0.0524208899416152	0.0277969453309506	-0.1521301098	0.0827094805	0.0702276213	-0.1509518725	0.0559457788	-0.0431543999	0.1801498871	0.1725844679	-0.0206020801	0.1318812674	0.1082201684	-0.164622841	0.0866856521	-0.1432189077	-0.0371055156	0.1794054435	0.0685893592	-0.0668980346	0.1325565306	0.0340054611	0.1506403048	0.0128050994	0.0504836881	0.0607049532	0.0386982068	0.0504042219	-0.1487845245	-0.0854150752	0.1340106223	0.1334061593	0.1721169641	-0.0638294122	0.0564672281	0.1211777067	-0.0492420388	0.2270436363	0.1146179215	-0.0474978959	0.0657777247	0.1322481017	0.0469210848	0.0187843537	-0.0423506168	-0.1809411777	0.0482666619	-0.1304721381	-0.109372015	0.0056980517	-0.1526880781	-0.0744275859	0.0150657922	0.0979194073	-0.0141853747	-0.1252002136	-0.1444843335	0.0218139217	-0.0725613097	0.2140280467	-0.0340897356	-0.0178500892	-0.0080203623	-0.0462057431	0.216230395	-0.0126492266	-0.1714760002	-0.0069273677	-0.2350309869	-0.1023015063	-0.0499642712	-0.1242038795	0.0028107149745011	0.0025885355806422	7.900118667884718e-06	6.700516452251168e-06	0.0104203762582955	-0.0088569086682639	7.844483115796823e-05	0.0001085842413644	-0.0089162790083463	-0.0247980116188699	0.0006149413802496	7.950003135467688e-05	-0.0011839950595154	6.602117834599995e-05	1.4018443009568756e-06	4.358795990194333e-09	0.0003440233149112	0.0001155880263512	1.3360591835788821e-08	1.183520412024907e-07	-3.879637060148289e-05	-0.0001419394767794	1.5051583718476061e-09	2.014681506843336e-08	0.0	0.0	0.0	0.0	0.0	0.0	0.0	0.0	0.0	0.0	0.0	0.0
847.3644825577459	-2.367167352095976	718026.5663003564	5.6034812728290735	843.0571283701304	-1.826622277337151	710745.3216956905	3.33654894406436	819.2116161023717	-1.612240739603067	671107.6719570598	2.5993202024358437	821.7314863564966	652.8646605832237	1.591287	22.032894	0.1502864232213099	0.0879417885812451	-0.0861936655	-0.1320194569	-0.0412263852	-0.0496747059	-0.0108078736	-0.0186143645	0.0275854406	0.0114655587	-0.0880582433	0.0073545854	0.1049276529	-0.0512819789	0.053203347	0.2750555801	0.2073573907	0.0259490739	0.0678301577	0.0460698636	-0.0197853469	0.2208302182	-0.0729145565	0.2426040937	0.0235198747	-0.0524884695	-0.100998778	-0.1434349852	-0.0318344482	0.3104623056	0.0126741536	0.0980457843	0.0701683036	-0.02469428	-0.0959968474	-0.3007883467	0.0930416877	0.1212441054	0.016729623	0.0755914906	0.0498717304	-0.1335341133	0.1946159545	0.2329042047	0.2215833401	0.1818347363	0.0275405522	0.1658708155	-0.0577044404	0.0209926647	0.0140136934	0.186373907	-0.0260874564	-0.0511450062	-0.0278549362	-0.2463038766	-0.0321377796	-0.3457507089	-0.2581392127	0.075180825	-0.3787172187	0.0604729027	0.4244356088	-0.1630058333	0.0162749606	-0.0823647248	0.1287076411	-0.0811499698	0.2996242938	0.0180043542	-0.055595093	-0.1165920251	0.0046915373108191	0.0018808223363179	2.201052233880771e-05	3.5374926607926992e-06	-0.0460150056728423	-0.0564353819311378	0.0031849523337133	0.0021173807470717	-0.0003836681586193	0.008532610849727	7.280544791287892e-05	1.4720125593832438e-07	2.1573256704227023e-05	0.0012055683162196	4.654054048264761e-10	1.4533949650726267e-06	0.0006029971811789	0.0002589738662677	6.706746340964056e-08	3.6360560050969926e-07	-0.0002430063501967	-0.0002042099795952	5.90520862359212e-08	4.1701715766278994e-08	0.0	0.0	0.0	0.0	0.0	1.0	0.0	0.0	0.0	0.0	0.0	0.0
846.0205570534029	-1.3439255043430194	715750.78295695	1.806135761223639	844.2867852597624	1.2296568896319968	712820.1757642641	1.512056066219437	817.8957598307645	-1.315856271607231	668953.4739491437	1.731477727528083	820.2499142751969	650.6893093994686	1.364648	18.894857	0.1380020371641135	0.0883006276570818	-0.050322423	0.0874419978	-0.0610361562	-0.0489019954	-0.0919891576	-0.1853041111	-0.0269283261	0.0140853572	-0.0612090402	-0.0471430639	0.0358195204	-0.0333370455	-0.1558021849	0.2082561196	0.0654593304	-0.0493837388	-0.1473792214	-0.1111144404	0.1803197553	0.0183921981	0.0667440997	0.2825996538	0.0491868579	0.1454440053	0.0513543756	-0.0205803047	0.0827332101	0.0873664995	-0.0531971089	0.0284883576	0.0305483134	0.1524868763	-0.0357672957	-0.2042492707	-0.0602154158	-0.0818208069	0.103207711	-0.0002464187	0.068107683	0.1653232199	0.2100558153	0.0242751533	0.0953181003	-0.1424516242	0.0331214352	0.0007346523	0.0240825396	-0.0474725783	0.1870413934	0.0298548322	0.1141043391	0.0398930461	-0.0029225992	0.0399608393	-0.1677845619	-0.135157364	-0.0432640859	-0.0701300081	-0.1847126794	-0.1525840743	0.0337651636	0.0131686782	0.0858195206	0.1511810906	0.042786409	0.1111743636	0.0539784882	-0.0773679832	-0.0611443214	-0.1082959623	0.0002250879257275	-0.0044664493850915	5.0664574308308565e-08	1.9949170109585125e-05	0.0354941690375909	0.0815091747104332	0.0066437455619759	0.001259836035669	0.0108044401220581	0.0111881082806774	0.0001251737669001	0.0001167359263511	-0.0004490311262021	-0.0004706043829063	2.016289522983263e-07	2.2146848521064489e-07	0.0006029770323225	-2.014885639996071e-08	4.059764142262376e-16	3.635813015084493e-07	0.0001031352137988	0.0003461415639955	1.0636872325324186e-08	1.198139823252508e-07	0.0	0.0	0.0	0.0	0.0	0.0	0.0	0.0	0.0	0.0	0.0	0.0
842.3751631851936	-3.6453938682092257	709595.9155512817	13.288896454377422	846.4310926901328	2.144307430370418	716445.5946726121	4.598054355941785	816.8265533116272	-1.0692065191373104	667205.6181949526	1.1432025805657235	819.9988162522842	638.0975240366799	1.497919	20.740126	0.0760714633060516	0.0393126472899749	0.0620250566	-0.0462064036	-0.0660919767	0.0400610098	-0.1800790091	0.0701397653	-0.0190600653	0.0191429199	-0.1974923402	-0.1329823935	-0.0126185309	-0.0455678561	0.0094302127	-0.2352555174	0.1337693558	0.0385396023	-0.1629411002	-0.1089679311	0.0237456836	-0.0169900904	0.016749415	0.1118650552	-0.0102208053	0.0745266407	-0.0771438639	0.1318854279	-0.105764836	0.0375954686	-0.1235888398	-0.0062884951	0.0500478372	-0.0779990606	0.2920453196	0.0125273786	-0.1062001604	0.0273054655	0.0767048201	0.0302633007	-0.0964937883	0.1321632434	0.1083775986	0.0008400361	0.0526347757	-0.0891334085	-0.0898703102	-0.0862400534	0.0557376258	-0.0087851661	-0.1349318721	0.0542924593	0.0457577712	0.2751194419	0.0072961235	0.0381125573	0.0616746353	-0.0659747265	0.2187490805	0.0606462305	-0.0695062928	0.0447245364	-0.0454301816	-0.0234529928	0.021075062	0.0752725047	0.1249149047	0.1351596939	0.1258162174	-0.0255033374	-0.066603812	-0.0993643757	0.0001982419983477	-2.684592737980002e-05	3.929988990888948e-08	7.207038168814964e-10	0.0128345906902183	-0.0226595783473726	0.0005134564908807	0.0001647267181854	0.0412857945086955	0.0304813543866374	0.0009291129652437	0.0017045168282142	-0.0003449856113915	0.0001040455148106	1.1901507206716707e-07	1.0825469152202784e-08	0.0004200115948458	-0.0001829654374767	3.347635131104023e-08	1.7640973980491244e-07	-6.792752680713626e-05	-0.0001710627406059	4.614148898134215e-09	2.9262461223613835e-08	0.0	0.0	0.0	0.0	0.0	0.0	0.0	0.0	0.0	0.0	0.0	0.0
841.0594703789561	-1.3156928062375073	707381.0327141301	1.731047560385127	837.2272044052949	-9.203888284837944	700949.3917963054	84.71155955977716	816.2962264518159	-0.5303268598113391	666339.5293194742	0.2812465782373557	819.0937095771976	616.7145358630589	1.527405	21.14839	0.04017128403366	0.0218571593063346	0.1363472755	-0.0555081401	-0.0784682378	0.1287882637	0.0493555872	0.1113186673	-0.0978128471	0.0144354949	0.0034535567	-0.1293160916	-0.1088048121	0.1151026559	0.0387130759	0.0728001336	0.0590068108	-0.0601219143	0.1700503072	-0.1397310324	-0.0396954889	-0.1721056984	-0.0234958075	-0.0399793729	-0.1154361386	0.0709186913	-0.1841659002	-0.1490832474	-0.0517755124	-0.0223979071	-0.1211319386	-0.0936058151	-0.1248907104	-0.0575308746	-0.0405884048	-0.0547151998	0.1808259508	0.073736572	0.0882801601	-0.0041685029	-0.0638199199	0.0399992617	0.0184284291	-0.2448643716	0.1111446398	0.0270791678	-0.0606097671	0.1426254751	0.0284651551	0.0012506114	-0.0551331221	-0.0630557271	-0.1542417167	-0.0591352462	-0.012266318	0.0612280126	0.1363043543	0.0347790398	0.0608978193	-0.0962111549	-0.1400470854	-0.0922055068	-0.1042950121	-0.0513521319	0.0032202712	0.0678506935	-0.1181221956	0.0145901359	0.1082182529	-0.0871205759	-0.0719655524	-0.0898496795	0.0001988530570287	6.110586809999986e-07	3.954253828965941e-08	3.7339271162545814e-13	0.0080411412045009	-0.0047934494857174	2.297715797212441e-05	6.46599518707222e-05	0.0235641541479907	-0.0177216403607048	0.0003140565370741	0.0005552693607102	-0.000525021317785	-0.0001800357063935	2.75647384128698e-07	3.2412855576606546e-08	0.000417972661568	-2.038933277799981e-06	4.157248911320177e-12	1.747011458182379e-07	0.0001031094960927	0.0001710370228998	1.0631568184490518e-08	2.9253663202439118e-08	0.0	0.0	0.0	0.0	0.0	0.0	1.0	0.0	0.0	0.0	0.0	0.0
843.7738166906972	2.71434631174111	711954.2537327863	7.367675900062568	835.4328646685626	-1.7943397367322405	697948.0713683208	3.219655090816326	817.6205712771467	1.3243448253308543	668503.3985755678	1.753889216380611	820.012219161479	630.4641902310508	1.38143	19.127226	0.0610939686806491	0.0351284302457043	0.0456869358	0.1392604612	0.060241531	0.072396961	0.0856587348	-0.1594658707	-0.0875332818	-0.0138222195	0.0791672714	-0.0374636197	-0.0489035847	-0.0983398445	-0.1750321169	0.0854733006	-0.0679847668	-0.1031040503	-0.0301934824	0.0819333071	0.0628208095	-0.1786244674	0.1674604288	-0.0767569886	-0.0660103872	0.1948699617	0.1807844236	-0.0096777433	0.0132838056	0.1414702376	-0.032042465	-0.0951398905	0.0945764167	0.1769584654	-0.0702341485	-0.0115029969	0.0035290699	-0.0884449332	-0.1626709137	-0.0585099768	0.053355416	0.1109511813	0.0929007077	-0.1172857522	-0.0928359731	-0.0078788412	0.0139801609	0.0152838682	0.1174711575	0.0705313076	0.1616475272	-0.0912086026	0.1536384892	-0.0450989748	0.0592961085	0.0091455899	0.0272788993	0.0365082577	0.1305903627	-0.0791265708	-0.0490605646	0.1763413664	0.025151388	0.0362356761	0.0737915188	-0.0393730922	-0.0501271166	0.0315290552	0.1001842898	-0.1441478607	-0.0772216734	-0.0798077096	0.0141409842005657	0.013942131143537	0.0001999674341606	0.0001943830208235	0.0341324448912558	0.0260913036867549	0.0006807561280744	0.0011650237942546	0.0249222288137929	0.0013580746658021	1.8443667978937545e-06	0.000621117489047	-0.0008460178054326	-0.0003209964876475	7.157461271089926e-07	1.030387450820958e-07	0.0003449565188695	-7.301614269850001e-05	5.331357094567716e-09	1.189949999105637e-07	0.0001031460494377	3.655334499999942e-08	1.0639107514604454e-08	1.3361470306889828e-15	0.0	0.0	0.0	0.0	0.0	0.0	0.0	0.0	0.0	0.0	0.0	0.0
844.9208843154602	1.14706762476294	713891.3007524193	1.3157641357792926	841.5373259260848	6.104461257522189	708185.0709268255	37.26444724458938	818.6128914061441	0.9923201289973348	670127.0659763274	0.9846992384132874	820.96166497491	636.2868470805032	1.499365	20.760138	0.0552385233054655	0.0303956198189955	-0.0116798481	-0.0777743459	0.1032832706	0.0190379195	-0.0129087692	0.0819931876	0.1263605172	-0.1289726969	-0.0935594079	0.0176658108	-0.0847835581	-0.0230502691	0.117794492	-0.1950334922	0.0772406465	0.1062391035	-0.1838523975	0.1214020118	0.0341066152	-0.1171651074	0.0327217498	-0.1285961894	-0.0075263111	0.0849635037	0.0195471791	-0.0879615392	-0.1011352791	-0.003373263	0.029631871	-0.0671199019	0.0260541042	-0.146119783	0.1755248485	0.1129036174	-0.2047200728	0.025987128	-0.0684858245	0.0089908951	0.1583830386	0.0344035226	-0.0481116746	-0.1239672557	0.0081104959	0.1444297327	-0.0502265622	-0.2475545143	-0.0605480418	-0.0159514029	-0.0873857673	0.0689132681	0.0274479701	0.1339716586	0.0675923531	-0.0118856973	0.1118206775	0.1351509119	0.1027632605	-0.0470034321	-0.1785552108	-0.2155663404	0.0229135949	-0.0697147217	-0.1303978122	0.0279328968	-0.076362882	0.0223304171	-0.0084634112	-0.041704171	-0.0823644609	-0.0692973963	0.023295082040434	0.0091540978398683	0.0005426608472705	8.37975072618815e-05	0.0577500974104765	0.0236176525192206	0.0005577935105186	0.0033350737509195	0.0282831260440445	0.0033608972302516	1.129563019231288e-05	0.0007999352188233	-0.0008459627958706	5.5009561999953486e-08	7.156530519972025e-07	3.026051911426726e-15	0.0004620685221961	0.0001171120033266	1.371522132316957e-08	2.1350731920448778e-07	-0.0001618044519962	-0.0002649505014339	2.6180680685790593e-08	7.019876821007506e-08	0.0	0.0	0.0	0.0	0.0	0.0	0.0	0.0	0.0	0.0	0.0	0.0
847.2938921076079	2.373007792147746	717906.9396028587	5.63116598159392	846.9666176460885	5.429291720003675	717352.4514068555	29.47720858090047	820.8088656278597	2.1959742217156872	673727.193893294	4.822302782439818	823.6522789989729	643.5876348223005	1.444586	20.001671	0.0750705665782984	0.0457556070582559	-0.0376470579	-0.0608379054	0.0231539255	-0.0378901257	0.0745653047	0.1484063815	-0.0122119046	0.0986655186	-0.0766189023	0.1281032338	0.001077436	0.0738554919	0.0398932042	-0.0980996559	-0.03028604	-0.2069160995	0.0798224468	0.0801550779	-0.1366863448	-0.0222926464	0.0214874671	-0.108494346	-0.1064242207	-0.1571234018	0.1322465754	-0.0631783788	0.034380847	0.0982610376	0.1242574741	0.037893758	-0.0841256646	-0.0461082166	0.0086328921	0.1041921043	0.1631444702	-0.1140168182	-0.0031607534	-0.205016843	-0.0444364081	-0.0851222048	0.0157524406	-0.0017631788	-0.1739882117	0.1137720714	-0.0628427855	-0.0324399612	-0.1179300378	0.2059720383	-0.074630089	-0.0334098373	-0.1306908298	-0.1053581271	-0.059357161	-0.2568485179	0.0578366568	0.0456168927	0.3141949458	-0.0048748714	0.1707325474	0.2772564272	0.2978468358	0.1492160603	0.0479747678	-0.1521752357	0.0645498494	0.2792756193	-0.1104915004	-0.119921913	-0.0873863672	-0.0583804184	0.0235065956685787	0.0002115136281446	0.000552560039926	4.4738014890934186e-08	0.0602497629669045	0.0024996655564279	6.248327893992498e-06	0.0036300339375681	0.0673609762582145	0.03907785021417	0.0015270783773611	0.0045375011224597	-0.0011910087920746	-0.000345045996204	1.4185019427989978e-06	1.190567394964108e-07	0.000602989715255	0.0001409211930589	1.9858782653143783e-08	3.635965967033061e-07	1.785910233201521e-05	0.0001796635543282	3.189475361053911e-10	3.2278992753847536e-08	0.0	0.0	0.0	0.0	0.0	0.0	0.0	0.0	0.0	0.0	0.0	0.0
852.1415748981037	4.84768279049581	726145.2636698205	23.500028437269243	853.6478156837258	6.681198037637273	728714.5932215962	44.63840721812815	824.9531731264193	4.144307498559556	680547.7378513479	17.175284642616962	828.5468546925961	656.3450408084052	1.604462	22.215307	0.3354858549017492	0.1871441499114639	-0.1054905369	-0.0152838441	-0.0065735699	-0.1671686142	0.1568256178	0.0857190894	0.1747854199	0.3188144254	-0.1688266699	0.3430418677	0.1514245936	0.096913193	0.1125093834	-0.3068121362	-0.2949741794	-0.446279972	0.0952021718	0.039318273	-0.1289954496	0.1738886406	0.1655329293	0.253740775	-0.043624495	0.0680694871	-0.10137467	-0.130441101	-0.0056447619	0.0339571929	0.3455224494	0.2085022223	-0.0287272909	-0.0749003967	-0.0038045621	0.4229132666	0.2495675964	-0.3676260072	0.026682913	0.0091240257	-0.1018243168	-0.0608995678	0.3374006938	0.1185487284	0.0276634613	0.0198866409	-0.2646845639	-0.1286125463	-0.6429989219	0.3983085342	0.2274600669	-0.0695512947	-0.0716845796	0.0494609025	-0.0563708989	0.1725999437	0.1075355028	-0.1884516322	-0.0956059221	0.0451724226	0.1634423889	0.0603318682	-0.1031520808	0.0251417047	0.0260125431	0.2181513105	0.1259021255	-0.0984512767	0.071555985	-0.0587626792	-0.092280022	-0.0471208409	0.0091588237322213	-0.0143477719363574	8.38840521579001e-05	0.0002058585595377	0.2079806547616272	0.1477308917947227	0.021824416390464	0.0432559527550751	0.1808362271961243	0.1134752509379098	0.0128766325754216	0.0327017410665282	-0.0004746268752647	0.0007163819168099	2.252706707235331e-07	5.132030507322265e-07	0.0007739219686426	0.0001709322533875	2.9217835248162662e-08	5.989552135476375e-07	0.0003291837367897	0.0003113246344576	1.0836193256683048e-07	9.692302802021105e-08	0.0	0.0	0.0	0.0	0.0	0.0	0.0	1.0	0.0	0.0	0.0	0.0
845.2813209915553	-6.860253906548451	714500.5116172287	47.06308366231328	845.7134674278466	-7.934348255879172	715231.2689888313	62.953882245572856	820.307330348745	-4.645842777674261	672904.1162238851	21.583855114868093	822.929283814109	654.133183663232	2.1791	30.171728	0.5458788982140843	0.4305642295937639	-0.0091298849	0.1224011307	-0.3186826279	-0.0622113674	-0.1967737974	-0.1328833775	0.3796961846	0.1676674247	-0.0225739914	0.0871955408	0.1637378822	0.0813607935	0.1204453117	-0.0921631521	-0.2595498586	0.062801395	-0.1225335554	-0.5409930265	0.2563123918	0.2093694579	-0.1088800115	-0.1665879279	-0.1860082128	-0.0549643286	-0.108928231	0.0196658429	0.018779986	0.1110516956	0.0750472477	0.2252602965	-0.0356411269	-0.041032841	-0.0961310772	0.1673830481	-0.1400940634	-0.0788559509	0.6097567446	0.2957076744	0.095826681	-0.1365690065	-0.2108088409	-0.0329607036	-0.0138292667	-0.1054898515	-0.2676076757	0.3088766302	-0.472291358	-0.5525104829	-0.029488086	0.1254076254	0.2722305657	0.0098485075	0.0155888554	0.1175858312	-0.0072111315	0.3179472174	-0.0450905648	-0.0378718593	0.0046182393	0.0352418795	0.0444592648	0.0476514872	0.0386155388	-0.1717980793	-0.0337420231	0.018310844	0.0298167306	0.0303550866	-0.0970382431	-0.0355847396	0.0158405248059807	0.0066817010737594	0.0002509222261288	4.464512923907754e-05	-0.2154290753212819	-0.423409730082909	0.1792757995288819	0.0464096864937825	0.1180725554841899	-0.0627636717119344	0.0039392784867634	0.0139411283585671	9.055764321652828e-05	0.0005651845184812	8.20068674493203e-09	3.194335399308579e-07	0.0007949935482458	2.1071579603200072e-05	4.4401146697399727e-10	6.320147417524472e-07	-0.0001450360720355	-0.0004742198088251	2.103546219148674e-08	2.248844270822092e-07	0.0	0.0	0.0	0.0	0.0	0.0	0.0	0.0	1.0	0.0	0.0	0.0
838.1082985553165	-7.173022436238739	702425.5201072876	51.45225087078433	834.4659789008064	-11.247488527040218	696333.469942881	126.50599816590136	815.5070682947651	-4.800262053979964	665051.7784387226	23.04251578687994	817.7904889426525	623.1566291740962	2.008032	27.803125	0.2474330639499971	0.1565292233959852	0.1630812491	0.0847393852	-0.1992333388	0.1675526183	-0.236875492	-0.1816800228	0.0759698529	-0.1443959343	0.1286986895	-0.2347793983	0.0980799484	0.0376148987	-0.0553938415	0.1356457071	-0.0485710881	-0.0296014283	-0.2238809232	-0.2483263358	-0.2132586813	0.1333899156	-0.1993388939	0.0414127547	0.0022206365	-0.3210069197	0.0908152488	0.125341997	-0.0696975485	-0.1071416872	-0.2478183974	0.0536806648	-0.0291282326	0.0779585182	-0.0833976466	-0.137562038	-0.2120434218	-0.152671101	0.0817975512	0.036683443	-0.4312227438	-0.187538354	-0.1943242234	0.1207876619	0.0041289398	-0.1025055055	-0.1103687686	0.191371361	0.1715145998	-0.2201112911	0.2017647081	0.0755357853	0.1271428218	0.0175981017	-0.1980121014	-0.3367636017	0.2727163551	-0.362085217	0.015150857	0.1378806092	0.3767562262	0.0005803961	-0.2324586318	-0.0934413276	-0.1825308912	-0.0498554973	0.1356056946	0.0551696376	-0.0709789154	-0.045889001	-0.1016540472	-0.023839813	0.0055560261620115	-0.0102844986439692	3.086942671295624e-05	0.0001057709123578	-0.0785412201111341	0.1368878552101478	0.0187382849040343	0.0061687232565456	0.0465410053137134	-0.0715315501704765	0.0051167626697913	0.002166065175611	0.0002690739952927	0.0001785163520761	7.240081494277595e-08	3.1868087958583715e-08	0.0005319622753439	-0.0002630312729019	6.918545052439382e-08	2.829838623890593e-07	-0.0002780716455655	-0.00013303557353	7.732384006750507e-08	1.769846382445604e-08	0.0	0.0	0.0	0.0	0.0	0.0	0.0	0.0	0.0	1.0	0.0	0.0
837.1285663310944	-0.9797322242221752	700784.2365675535	0.9598752311793308	833.3261778341757	-1.139801066630639	694432.5186637163	1.2991464714923426	816.5425221408008	1.0354538460356937	666741.6904640602	1.0721646672701095	819.2928175174422	609.758940247127	1.70603	23.621616	0.2642150892402337	0.1635394405851836	0.2068149425	0.0914725641	-0.042442588	0.2184337971	-0.0591442131	-0.020246622	0.1243723112	0.0888868565	-0.0752643442	-0.1883828037	0.1721815798	0.0424126557	0.0577700774	-0.238250557	-0.1410632562	-0.0951587003	-0.0199307199	0.0773658212	0.0026238099	-0.1923331751	-0.1542945381	0.2467188042	0.2063155343	-0.0025518981	-0.0683595676	0.181723405	-0.022617231	-0.0469750459	-0.1928726733	0.1399616112	0.0097882114	-0.0577791763	0.0688121758	0.2514265749	-0.0180812989	-0.1338353122	-0.0521233609	-0.1317020214	-0.1326637869	0.1522910807	0.0247866726	-0.106166748	0.3504351888	0.0182024323	-0.2300631004	-0.1617463316	0.045988997	0.0151848714	0.0208935391	-0.1152843953	-0.0656697171	0.0958729276	-0.1694447688	-0.0580299651	0.1501317096	-0.1311873255	-0.0929931334	-0.0342031011	-0.052921292	-0.3689567597	-0.0404728269	0.1302185132	-0.1539914757	-0.2436382491	-0.4394021425	0.0762522868	0.1910682632	0.0690446219	-0.10612066	-0.0119549848	0.0052148949425543	-0.0003411312194572	2.719512926187841e-05	1.1637050888835663e-07	0.066675476676778	0.1452166967879121	0.0210878890259924	0.0044456191900755	0.104031496092972	0.0574904907792586	0.00330515653004	0.010822552179342	-0.00035899906857	-0.0006280730638627	1.2888033123412754e-07	3.944757735498792e-07	0.0008510001834833	0.0003190379081394	1.0178518682996427e-07	7.242013122886104e-07	-1.8472084954849527e-06	0.00027622443707	3.4121792257917824e-12	7.629993963464672e-08	0.0	0.0	0.0	0.0	0.0	0.0	0.0	0.0	0.0	0.0	1.0	0.0
835.2737876304165	-1.854778700677912	697682.3003024621	3.4402040284884423	835.3454453648748	2.0192675306990395	697802.013091841	4.0774413605353965	816.3265518552569	-0.2159702855439036	666389.0392638934	0.0466431642379152	819.7991206961857	597.1790927580424	1.462949	20.255934	0.1179587984141123	0.0782711754697059	0.2547453464	-0.0937850702	-0.0533957212	0.263961891	-0.1396916109	0.0952864912	0.0790126746	0.0405731754	-3.11022e-05	-0.1997962765	0.1589615016	0.0756698961	0.0663398552	-0.0202007941	-0.0002208184	-0.0609353285	0.0939043339	0.065611643	-0.0055400967	0.0029208279	-0.3188968471	-0.087105294	-0.1088971743	-0.0595794006	-0.0064228199	-0.0265755054	0.2281342616	-0.1601188768	-0.2148770552	0.1508911312	-0.0305004227	-0.0456575787	-0.0430867709	0.0816904547	0.0882705846	-0.0204745334	-0.138309434	0.1623122459	-0.083327541	-0.1687316412	-0.1867396865	-0.0540406898	0.10762623	-0.0758546662	-0.2357252838	0.0600097101	0.1513700826	-0.0276184894	-0.0351124584	0.0702715983	-0.1092182702	0.0235636577	-0.0313668782	-0.0778397	0.0349021437	0.0505652686	0.1183871611	-0.2583860691	-0.0278568623	0.1304118562	0.2018180419	0.0994442461	0.2696968209	0.1180964368	0.0218457735	-0.0983803898	-0.0307817631	0.0364574224	-0.1104315261	-0.0	0.0054772854454938	0.0002623905029395	3.0000655851418216e-05	6.884877603284393e-08	-0.005535368495245	-0.072210845172023	0.0052144061604578	3.0640304378150896e-05	0.1144591100449048	0.0104276139519327	0.0001087351327305	0.0131008878722716	1.0003989424837402e-05	0.0003690030579948	1.0007980441225858e-10	1.361632568095413e-07	0.0005319997139099	-0.0003190004695734	1.0176129958804974e-07	2.830236956002154e-07	-1.5002656671588676e-05	-1.3155448176103722e-05	2.2507970720556418e-10	1.7306581671415074e-10	0.0	0.0	0.0	0.0	0.0	0.0	0.0	0.0	0.0	0.0	0.0	0.0
831.802968062993	-3.470819567423405	691896.1776784046	12.04658846960919	823.740622195682	-11.60482316919274	678548.6126553294	134.67192078823263	813.1883876577117	-3.1381641975451657	661275.3538213487	9.848074530754294	816.0388777342486	578.2755834817887	1.41776	19.630238	0.0346417645256042	0.0194960147394852	0.3222657923	-0.0743042845	0.0858747814	0.346609621	0.058977556	-0.060316767	-0.0028767669	0.1133732085	-0.0679334096	-0.3087594577	-0.0701341607	-0.1458955443	-0.0153038063	-0.0889057375	0.0873049611	-0.1676434381	0.0372805553	0.0591413451	0.2008103765	0.1362554502	-0.0380527322	0.176864703	-0.1135611835	0.0193437347	0.1016359891	-0.1039526725	-0.0229033524	-0.1607520183	-0.2973816581	-0.0836920244	0.1655804984	-0.0737344777	0.0702383915	-0.0184668424	0.1773749985	-0.0528337245	0.0216124053	-0.0519596789	0.0936302675	-0.0035981648	0.1246947287	0.1040215992	0.0590428133	-0.2934233901	-0.2363193563	0.0415074921	0.1995803322	0.0002634557	0.0090966083	0.0533419556	0.0554640617	0.1544272675	0.1742976892	-0.0192877562	0.0729289286	-0.0643453897	0.0014166406	-0.16156775	0.0963510682	-0.032155181	-0.0839541389	-0.0349726995	0.4358964447	0.2342922793	-0.0656306543	-0.0844326054	-0.0367090236	0.0592000048	-0.1145803187	0.0119549848	0.0054876889448394	1.0403499345600434e-05	3.011472995531257e-05	1.0823279863390866e-10	-0.0174393375771728	-0.0119039690819277	0.0001417044799034	0.0003041304951305	0.1275838812580616	0.0131247712131568	0.0001722596193977	0.0162776467568711	-0.000149004854443	-0.0001590088438678	2.2202446647579617e-08	2.528381242818629e-08	0.0005319984410485	-1.2728613999401712e-09	1.620176143457653e-18	2.830223412780344e-07	1.8039641222655263e-05	3.304229789424394e-05	3.25428655442123e-10	1.0917934501319575e-09	0.0	0.0	0.0	0.0	0.0	0.0	0.0	0.0	0.0	0.0	0.0	0.0
836.1334101743313	4.330442111338243	699119.0796097565	18.75272887965162	821.9147543623641	-1.8258678333179432	675543.8634385453	3.3337933447451604	814.906436183706	1.718048525994277	664072.4997336285	2.951690737671108	816.7423728530624	577.5610525608063	1.356687	18.784634	0.0791538937020547	0.0625391889584484	0.2543414102	-0.0511023691	0.2778066658	0.2930987875	0.2236181155	0.103115336	-0.00142437	-0.1307616288	-0.0337514305	-0.1331333303	-0.2793925644	0.002350175	0.104532586	-0.08708538	-0.076069661	-0.063742963	0.0104278226	0.059571753	0.1366199608	0.0276786422	0.116122118	-0.0041097185	0.0454223073	-0.1532885368	0.0604097346	-0.0722454488	0.0020331645	-0.0394371737	-0.1170218839	-0.2723949279	0.0079409775	-0.1251161643	0.0195965857	0.1018725357	0.046182345	-0.1312881645	0.0789292151	-0.1679336585	0.224614067	0.0367926513	-0.0453684484	-0.0534092651	0.0337905324	0.0587222509	-0.1867133899	-0.1337368409	0.1271835516	0.0641492617	0.0254633175	0.0431200582	-0.0034995454	0.0199635187	0.2334910976	-0.0600918192	0.0352201169	0.0988327372	-0.0729287419	-0.1823281465	0.1165046987	-0.0343432475	0.1123984752	0.0313060928	-0.0007759009	-0.0778454564	-0.1189942494	0.0774134121	-0.0015916588	-0.1140838091	-0.1185609488	0.023839813	0.0054771779027902	-1.0511042049200434e-05	2.9999477778813253e-05	1.1048200496005964e-10	0.0438558933696668	0.0612952309468396	0.0037571053368264	0.0019233393832515	0.1151372596788746	-0.012446621579187	0.0001549183887354	0.0132565885663606	-7.49957564403068e-05	7.400909800269319e-05	5.624363484053819e-09	5.477346587172245e-09	0.0005320002638331	1.8227846000163155e-09	3.322543698056639e-18	2.8302428071848804e-07	-1.5980040669631172e-05	-3.401968189228644e-05	2.553616998030663e-10	1.1573387560523615e-09	0.0	0.0	0.0	0.0	0.0	0.0	0.0	0.0	0.0	0.0	0.0	0.0
843.5080572499671	7.374647075635835	711505.8426456138	54.38541949018417	834.8009734488822	12.886219086518167	696892.6652712014	166.05464234574512	818.6398551096885	3.733418925982505	670171.2123740118	13.938416876884364	821.0257772675803	619.4461694564138	1.613201	22.336309	0.1962782282311844	0.1125102217998122	0.0650609264	-0.1537892618	-0.0021365901	0.04205981	0.1452363065	0.1672507928	0.0865373596	-0.0553788082	0.1596392865	0.0477627991	-0.0264444691	0.0645252137	0.1642404669	0.0397823372	0.0403560594	0.095075259	0.0667660169	0.1174209065	0.139699596	-0.0226855268	0.0299790043	-0.1392245742	0.0393030008	-0.1883427982	0.0649880724	-0.0832704196	0.0071967878	0.1408142132	0.0463568635	-0.0253028707	-0.048334653	-0.1833377095	-0.1080490684	0.0048387287	0.0265776961	0.069969357	-0.1173399677	-0.1636043471	0.0574323121	0.0013640565	-0.2551379555	0.0793361758	-0.0096722164	-0.0864356468	-0.0611630146	0.0547491175	0.0389960495	-0.0473526459	-0.0569131542	0.1542343675	-0.1616930842	-0.0696792602	0.1419916542	-0.0760306003	-0.1002699832	0.0107573081	-0.129311435	-0.1012772309	0.1142290764	0.0611023431	-0.0476240596	-0.0870965293	-0.1198056389	0.0343976211	-0.1583793812	-0.1072277879	-0.0653356273	-0.2442794737	-0.1223675745	0.0355847396	-0.0170092686117726	-0.0224864465145628	0.0002893152187074	0.0005056402768522	-0.0442813931001637	-0.0881372864698304	0.0077681812662649	0.0019608417748912	0.0493862310744646	-0.06575102860441	0.0043231977625379	0.0024389998197404	-0.0002740161508273	-0.0001990203943869	7.508485091420962e-08	3.960911738195432e-08	0.0004249895742352	-0.0001070106895979	1.1451287688218113e-08	1.8061613820861657e-07	7.605820819309802e-05	9.20382488627292e-05	5.7848510335446445e-09	8.471039253717673e-09	0.0	0.0	0.0	0.0	0.0	0.0	0.0	0.0	0.0	0.0	0.0	1.0
842.5509222248618	-0.9571350251053444	709892.0565419651	0.9161074562834084	842.3936281977473	7.592654748865016	709627.0248281645	57.64840613546247	818.3957911758257	-0.2440639338627761	669771.6710143057	0.0595672038125735	821.3565757181095	625.4003420455115	1.082933	14.994246	0.1209148929917841	0.0757521297062207	0.0387162528	-0.1609912366	-0.0919335685	-0.0005583184	-0.0952239712	0.0769747215	0.0496044314	0.016452779	0.0560044647	-0.0107856844	0.1085884644	0.0069451133	0.0186973896	0.1370109226	0.069564653	-0.0354733165	-0.026698947	0.2213623351	-0.0988571598	-0.0349868748	0.0377264365	-0.0975061415	-0.1308658184	0.0268113509	-0.0401987143	0.2289549771	0.0725894572	-0.1463209598	-0.0300493108	0.1255653609	0.0036436721	-0.0404198016	-0.0411058069	-0.1078632943	0.0285507571	0.0247991029	-0.2248066015	-0.0427277681	-0.011132109	-0.1740647271	-0.005294738	0.0082949545	-0.1015268173	-0.2073732594	-0.0195776808	0.0099606517	0.101543403	0.0140141618	0.0646458946	0.2036662356	-0.0454699967	-0.089246134	0.0430946903	0.124181673	-0.1389599745	-0.069127442	0.0226757233	-0.1068746964	0.0744179545	0.1079696395	0.015760998	0.0166154578	-0.1674299511	0.0448772492	-0.0158227056	-0.1154345258	0.0551265148	0.0550827444	-0.1259946088	0.0471208409	-0.0106415580886505	0.006367710523122	0.0001132427585541	4.05477373062799e-05	0.027893886919287	0.0721752800194507	0.0052092710458861	0.0007780689274659	0.0675778524608858	0.0181916213864212	0.0003309350886668	0.0045667661432252	-0.0004160537526973	-0.00014203760187	1.731007251335061e-07	2.0174680344980625e-08	0.0003324322875886	-9.25572866466e-05	8.56685131138088e-09	1.1051122583138965e-07	0.0003250689409323	0.0002490107327392	1.0566981635884715e-07	6.200634501931427e-08	0.0	0.0	0.0	0.0	0.0	0.0	0.0	0.0	0.0	0.0	0.0	0.0
841.686296109507	-0.8646261153547812	708435.8210585407	0.7475783193534994	838.9906067513131	-3.4030214464341952	703905.2382169365	11.580554964891082	816.6159657376966	-1.7798254381291372	666861.6354977108	3.167778590211575	819.1712141396997	618.6216706139701	1.030639	14.270187	0.0534651510577931	0.0287379294045337	0.0538466856	-0.1906965137	-0.0186143434	0.0347567453	-0.0391692407	0.1358127195	-0.0331324061	0.0058892626	0.0218067385	-0.0797737601	-0.0316803949	-0.0075061493	0.0999903566	-0.0306942627	0.2105471256	-0.0055164859	0.0517539741	0.0228921023	0.0393190229	0.1840128743	-0.0155747997	-0.012641986	0.0012886635	-0.0891134328	-0.0063602823	0.0706891284	0.04330661	0.0064723205	-0.0728908183	-0.00472446	0.0207126314	-0.1611369559	0.0972480436	-0.0737715633	0.0633736645	0.0837311631	0.0512363261	0.0074260783	0.0310496832	-0.0478063063	-0.0703832749	0.2564192355	-0.0385656566	-0.0986454706	-0.0685634876	0.0475970371	0.0309328656	0.0489838177	-0.1704478797	0.1225668868	-0.0820307718	0.0651088034	0.1047891745	0.099235226	-0.0954258747	-0.0440688695	-0.0092671746	-0.066227579	0.0798971339	-0.029152672	-0.0034745815	-0.1816970778	-0.1413280274	0.0684886937	0.0240431168	-0.0571212361	-0.078467864	0.2329033735	-0.1294367287	0.0583804184	-0.0105615534728258	8.00046158247001e-05	0.0001115464117593	6.400738553257854e-09	0.0036191941507297	-0.0242746927685573	0.0005892607090078	1.3098566300676077e-05	0.0773654170172619	0.0097875645563761	9.579641994522988e-05	0.0059854077502548	-0.0004885562866664	-7.250253396910006e-05	2.3868724524126165e-07	5.256617431940508e-09	0.0005319487600299	0.0001995164724413	3.9806822775420034e-08	2.8296948329734814e-07	0.000210630165002	-0.0001144387759302	4.4365066408769744e-08	1.3096233436425406e-08	0.0	0.0	0.0	0.0	0.0	0.0	0.0	0.0	0.0	0.0	0.0	0.0
841.5997635156423	-0.0865325938647174	708290.161949585	0.0074878898009561	839.4680425076872	0.4774357563741205	704706.5943916881	0.2279449014645285	815.6404962767231	-0.9754694609734996	665269.4191665391	0.9515406692919302	818.5431565991338	618.9639366899218	1.065637	14.754763	0.0347098616654528	0.0206358989225648	0.0449553204	-0.1668414512	-0.0423339268	0.0336661831	0.0108763402	0.12530771	-0.0967312076	-0.0707218559	0.0846755573	-0.0936789609	-0.1599615147	0.0923556324	0.0967384052	0.1231134399	0.0417962206	-0.0439160273	-0.0057600534	0.0052972661	-0.0702358384	0.1205926385	0.1532652576	-0.0622825231	0.0278542744	-0.0520330164	-0.1522719012	-0.0171110751	0.1330812173	0.0171177029	-0.0855110919	-0.1374406703	-0.1270760401	-0.1202345715	-0.0898823951	-0.1189754295	0.0718295375	-0.0311874335	0.0868258411	-0.0901503944	0.0549122502	-0.0604042327	0.1372985106	0.0516191929	-0.1860292358	-0.0151275863	-0.0099808011	0.1319738379	0.0642121099	0.0646760298	-0.0009683941	0.0911815172	-0.1044064052	-0.1259619916	0.0721577636	0.0947907121	-0.0804013582	-0.0434534752	0.0077875361	-0.0501132866	-0.0079913248	0.0870221845	-0.1328631865	0.1326585823	-0.1136735724	-0.0008783378	-0.0299246245	0.0752772364	-0.0442842529	0.1217246952	-0.1326888823	0.0692973963	-0.0106964102905919	-0.000134856817766	0.0001144131931046	1.818636129799878e-08	0.0187474767746209	0.0151282826238912	0.0002288649351483	0.0003514678854149	0.0675159606821864	-0.0098494563350755	9.701179009655892e-05	0.0045584049468385	-0.000506038147161	-1.748186049459991e-05	2.560746063821379e-07	3.05615446352653e-10	0.000359945927459	-0.0001720028325709	2.958497441241306e-08	1.295610706943197e-07	0.0002130907897109	2.4606247089000077e-06	4.5407684659615013e-08	6.054673958049246e-12	0.0	0.0	0.0	0.0	0.0	0.0	0.0	0.0	0.0	0.0	0.0	0.0
843.9097014761645	2.309937960522234	712183.5842455891	5.335813381461618	838.8758078497809	-0.5922346579062605	703712.6209956226	0.3507418900253454	816.3540009604101	0.713504683687006	666433.8548840692	0.5090889336432946	818.5003088125911	626.9471938610077	1.231705	17.054131	0.0245179921049494	0.0144361285392155	-0.0191328452	0.0207583306	-0.0183641968	-0.027752571	0.0639811263	0.1093787519	-0.059499228	0.0267119404	0.3055866591	-0.0262801108	-0.2328077857	0.1116238859	0.0619506263	0.0712673487	-0.2194637379	0.0696339881	-0.1281377423	0.0290311819	0.0969342514	-0.0301906864	0.0998988905	0.0288910598	0.1344383327	-0.0213761306	-0.0743442051	0.0875436102	0.004430075	-0.0681428554	-0.0147365309	-0.2142787684	-0.1748539384	-0.0358347325	-0.1628073904	0.0893615286	-0.1193411492	-0.0232770388	0.0048314176	-0.0218025907	0.0596852529	0.2382418346	0.0810672794	0.0722271542	-0.0866459634	-0.0807436943	0.026295204	-0.1910792983	0.0008052135	-0.0958772055	0.0965456008	-0.0118020498	-0.1277013492	-0.1499479539	0.0541179721	0.0224912066	-0.1789601768	0.0225729409	-0.0564466586	-0.0263615922	0.1193892949	-0.090921477	-0.0451787839	-0.0522399249	0.0441024105	0.0423812077	0.021736677	0.0397156135	0.0591427307	0.1953801477	-0.1357462967	0.0798077096	-0.0239093016082847	-0.0132128913176928	0.0005716547033959	0.0001745804969731	0.0208354111969981	0.0020879344223771	4.359470152147607e-06	0.0004341143597479	0.067349787598772	-0.0001661730834144	2.7613493651451123e-08	0.0045359938895997	-0.0006100496585897	-0.0001040115114287	3.7216058594540965e-07	1.0818394509682602e-08	0.0003989236344883	3.8977707029300005e-05	1.519261645261943e-09	1.5914006615335477e-07	0.0002511214368822	3.803064717129999e-05	6.306197606178076e-08	1.4463301242679079e-09	0.0	0.0	0.0	0.0	0.0	0.0	0.0	0.0	0.0	0.0	0.0	0.0
845.5527187674614	1.6430172912969283	714959.4002150458	2.699505819500696	838.9333436914393	0.057535841658364	703809.1551572985	0.0033103730753363	817.8870422297083	1.5330412692982236	668939.2138472607	2.3502155333715087	819.5955465162886	635.3587488242558	1.167875	16.170345	0.0691922784210642	0.0355993527928239	-0.0816006804	0.1511772204	0.0849617537	-0.0975352879	0.1720531432	-0.0476779681	-0.1154599881	0.1754135783	0.1205034778	0.0736453464	-0.1338387193	-0.1273545238	0.0132904238	-0.0537534287	-0.1115343534	0.2363700986	0.1666426267	-0.094915266	0.0261336766	0.0746300102	0.0124957025	-0.0391723505	0.2328633837	-0.061361071	-0.1049422991	-0.0924907227	0.0417748129	-0.0120070504	0.0834992497	-0.142681179	0.1058095439	0.0437174449	-0.0811899579	0.155557693	0.0047073132	0.2640181854	0.0361957846	0.0491950042	-0.1065124835	0.0838434171	-0.1053042551	0.1721135016	-0.1295568819	-0.0471842325	0.0670669939	-0.0137512426	-0.0432731226	-0.0029429974	-0.0851383511	-0.1752356576	-0.0467527438	0.0488590017	0.1159160346	-0.0999881046	-0.2234902356	-0.0437481692	-0.0820822423	-0.0250509406	0.0833305089	0.0755144413	0.0017815037	0.0482916213	-0.0915178825	-0.0369282001	0.0468625701	-0.0187346725	-0.0791540557	0.1724775994	-0.1386044847	0.0898496795	-0.0107049201364475	0.0132043814718372	0.0001145953151277	0.0001743556900537	0.0086350056967887	-0.0122004055002094	0.0001488498943695	7.456332338357332e-05	0.0401090392032443	-0.0272407483955276	0.0007420583731484	0.0016087350258073	-0.0004160544033028	0.0001939952552869	1.7310126650764897e-07	3.76341590738295e-08	0.0003359324202583	-6.299121422999999e-05	3.967893070169752e-09	1.1285059098059909e-07	0.0003250698284351	7.394839155290002e-05	1.0567039335882537e-07	5.4683646132610164e-09	0.0	0.0	0.0	0.0	0.0	0.0	0.0	0.0	0.0	0.0	0.0	0.0
846.3632186694748	0.8104999020133619	716330.6979165532	0.6569100911636692	838.0894379435359	-0.8439057479033636	702393.905992512	0.7121769113443355	819.0524688191114	1.1654265894030686	670846.9466786814	1.358219135287669	821.0427339611717	642.381044449125	1.058194	14.651703	0.0353436817805143	0.0196073941027734	-0.122643061	0.1061536973	0.1475609792	-0.1055240252	0.1190769253	-0.1433312663	0.0107519647	-0.0108046126	-0.1072482056	0.1130167264	0.0075962771	-0.2137109058	-0.0488798583	0.0484084424	0.0292314216	0.0739533722	0.0098717538	-0.0683064498	-0.0252088793	0.1388565259	0.1657886244	-0.0231745913	0.04683934	0.0073962434	-0.1016534073	0.0913511367	0.0268353816	-0.113076886	0.1119711134	-0.0240857749	0.2070909866	0.075081284	0.0067053879	-0.0542733815	-0.0271022164	0.0653207073	0.0264174056	-0.0016439805	0.0226799075	-0.1008863853	0.0587003841	-0.0539958722	-0.1146440686	-0.1161607935	0.1019143113	0.0600581718	-0.0205995665	0.0673196439	-0.0229124412	-0.0446768092	0.1212329221	0.04099861	0.1026058471	-0.0406628034	-0.1924174427	-0.0589208025	-0.1020911461	0.024390904	0.0226551372	-0.0326485233	-0.0674625415	0.1264436985	0.054303665	0.0104999409	-0.0784171332	0.1211944436	0.077090433	0.0588573437	-0.1412592515	0.0993643757	-0.0105303134227909	0.0001746067136565	0.0001108875007822	3.0487504453957854e-08	0.0106677757815987	0.0020327700848099	4.132154217698451e-06	0.0001138014401264	0.0234520336400265	-0.0166570055632178	0.000277455834333	0.0005499978818529	-0.0005490863102742	-0.0001330319069713	3.01495776130535e-07	1.7697488272447204e-08	0.0005319103520196	0.0001959779317613	3.8407349737436773e-08	2.829286225856148e-07	0.000325645978079	5.761496438999895e-07	1.0604530303902857e-07	3.319484121660847e-13	0.0	0.0	0.0	0.0	0.0	0.0	0.0	0.0	0.0	0.0	0.0	0.0
846.2349984255509	-0.1282202439239199	716113.6725602921	0.0164404309519095	843.8025485683132	5.7131106247773005	712002.7409703806	32.63963301094328	818.8265338823231	-0.225934936788235	670476.8925897393	0.0510465956615037	821.397535480807	645.8253056219646	1.080523	14.96088	0.0204293313344552	0.0147229851752529	-0.118034224	-0.0885868299	0.0940419408	-0.0939913159	-0.0176523628	-0.0074228113	0.0763363889	-0.1874596887	-0.1655500742	0.087438139	0.0639897088	-0.1204314441	0.0657565389	0.0718414737	0.138987165	0.0697256204	-0.1274024252	-0.0261824569	0.0375769493	-0.0901263157	0.1914908655	-0.0065327736	-0.1528081134	-0.0326816239	-0.1008078479	-0.0169195652	0.0156827186	0.0403245184	0.0934116694	0.0693385752	0.1210920209	-0.0776005334	0.0848121707	-0.1750501338	-0.0733788838	-0.0400535673	0.0330792184	-0.0781334142	0.1576124528	0.0663049884	0.010139385	-0.1446366367	-0.0556794877	0.0265944891	0.0998243727	-0.0331196305	0.0228353466	0.0456653205	0.0626624804	0.1786205758	0.144623133	0.0057482396	0.0541803426	-0.0004412274	-0.0966642846	0.0634447515	0.0052216149	0.1517869892	0.0135276342	-0.1386372555	0.0198386975	0.0764755284	-0.019065196	0.08045869	0.0231299215	0.1497970328	0.0731612531	-0.0069431783	-0.1437067008	0.1082959623	-0.0105472297670559	-1.6916344264998953e-05	0.000111244055759	2.861627032919629e-10	0.0242585498180432	0.0135907740364445	0.0001847091389096	0.0005884772392744	0.0276225646338872	0.0041705309938606	1.7393328770752695e-05	0.0007630060769532	-0.0006020863290168	-5.3000018742600016e-05	3.625079475889263e-07	2.809001986715953e-09	0.0005319021840635	-8.167956100000283e-09	6.671550685153183e-17	2.8291993341152144e-07	0.000325659990578	1.4012498999993982e-08	1.0605442946326307e-07	1.9635012822483235e-16	0.0	0.0	0.0	0.0	0.0	0.0	0.0	0.0	0.0	0.0	0.0	0.0
846.7232317646618	0.4882333391109341	716940.2312099932	0.2383717934194124	844.1564219912967	0.3538734229834972	712600.0647891483	0.1252263994940571	819.3077566018591	0.4812227195359355	671265.2000279712	0.2315753057975616	822.1379612739839	641.0423118829727	1.318014	18.249161	0.0440976970194494	0.0285099466453344	-0.0981139216	-0.0790414856	-0.1035362969	-0.1286435222	-0.1106443039	0.154349029	0.0765291914	0.0380290084	0.0984236551	0.0868938591	0.0588868466	0.1949887379	0.0890580001	0.0033587075	0.1472946464	0.1498596242	0.1008167796	0.0462423766	-0.2022985906	0.2137464591	0.1176264136	0.0800450336	0.1423966692	0.0914583451	0.3321233696	0.0470125228	-0.0347150675	-0.045222021	0.0683009821	0.1119531307	-0.189379926	-0.1194898316	0.0474340872	-0.0637321414	-0.0445451777	0.2021254966	-0.0479661035	-0.0605628282	-0.0482811524	-0.0463110259	0.1123704083	0.2293926921	-0.1584112133	0.0778291341	0.0985114475	-0.0632173185	-0.0615214723	-0.1084411868	-0.1253463695	0.0461046317	-0.1988388646	-0.0237686885	-0.0705843683	-0.0307118504	-0.0489822407	-0.0285885078	-0.0792556973	0.0201163938	-0.0547316394	-0.0057015169	-0.1067474115	-0.03617862	-0.0366392484	0.0978146168	0.005654132	0.1167885595	0.1037073685	-0.0922258178	-0.1459432408	0.1165920251	-0.0106489831006086	-0.0001017533335527	0.000113400841077	1.0353740889087156e-08	-0.0020855604172709	-0.0263441102353141	0.0006940121440903	4.34956225408717e-06	0.0238959359987234	-0.0037266286351637	1.38877609844228e-05	0.000571015757255	-0.0006190167073167	-1.6930378299900048e-05	3.8318168393720907e-07	2.8663770937772644e-10	0.0005319805054999	7.832143639999353e-08	6.134247399758229e-15	2.830032582319292e-07	6.416459400592292e-05	-0.000261495396572	4.1170951239449194e-09	6.837984242838787e-08	0.0	0.0	0.0	0.0	0.0	0.0	0.0	0.0	0.0	0.0	0.0	0.0
846.1573793096106	-0.5658524550511856	715982.3105601083	0.320189000887454	841.3940303390091	-2.762391652287647	707943.9142901213	7.630807640628476	818.6476968694923	-0.6600597323667898	670184.0515897241	0.4356788502921182	820.9979141879135	644.7988922459739	1.356263	18.778753	0.0641548472998345	0.0434086307865761	-0.0974908086	0.1757638458	-0.0377716984	-0.0957690755	-0.0097493781	-0.2524236981	-0.087766051	0.0702736894	-0.066601935	0.0497812619	0.0697224603	-0.0996285817	-0.2517202707	-0.0007592368	0.056645327	0.0959926064	0.0922128584	-0.0320798356	-0.0614894779	-0.0231650867	0.1083197171	-0.0924863649	-0.0455998597	0.0248941021	-0.1210631508	0.0182995453	0.1048311004	-0.057266208	0.0366932269	0.0609336858	0.0756946187	0.2418964353	0.0385164186	-0.0453449799	0.0804781231	0.1001406653	0.0979080362	-0.1156161881	0.0954972023	-0.0012824873	0.0834523437	-0.1287672884	-0.0433865648	-0.083056142	0.1546778234	0.1069772654	-0.0132237649	0.0223167811	-0.0254953522	-0.1467772105	0.0344683916	0.0511151166	-0.0317051404	0.0216864418	-0.1311775747	-0.0094947286	-0.074513235	0.144638133	0.0840412946	0.0170544344	0.1834430696	0.0763937213	0.0134561459	0.0143391395	-0.1246160046	0.133485525	0.0423028137	-0.0794752349	-0.1479655889	0.1242038795	-0.0153128898132166	-0.0046639067126079	0.0002344845944317	2.1752025823909957e-05	0.0044090525521056	0.0064946129693764	4.217999762199344e-05	1.9439744407228904e-05	-0.0170241906831876	-0.040920126681911	0.0016744567676636	0.0002898230684175	-0.0006550048963329	-3.598818901619997e-05	4.290314142200731e-07	1.2951497486657363e-09	0.0003619907354286	-0.0001699897700713	2.8896521928893447e-08	1.310372925361387e-07	2.861853437464187e-05	-3.554605963128105e-05	8.190205097525584e-10	1.2635223553105882e-09	0.0	0.0	0.0	0.0	0.0	0.0	0.0	0.0	0.0	0.0	0.0	0.0
846.033233388099	-0.1241459215116265	715772.2319971216	0.0154122098279709	845.7873474224193	4.393317083410238	715356.2370598522	19.301234995384245	818.4729897257046	-0.1747071437877139	669898.0349105333	0.0305225860904609	821.2843603307807	642.7848917893001	1.329007	18.401371	0.0757183559188919	0.0439206783564226	-0.0931825026	-0.1432692553	-0.0164908026	-0.0900593367	-0.1306048141	0.0315200176	-0.1437209722	-0.2069758306	-0.1063214571	0.0349237866	-0.0055020243	0.0815198358	-0.1345550398	-0.0277435992	0.1161477421	-0.1906516997	-0.187373505	-0.0202137718	0.0439707905	-0.0617329877	0.1194936345	-0.0251772837	0.0769364868	-0.1408780754	-0.0569208486	0.0129847236	-0.002540824	-0.0552186016	0.0319146825	0.013144712	-0.1002267404	0.0703957602	0.184293852	-0.1272111939	-0.0186548077	-0.2376538659	-0.006158686	-0.0261311968	-0.025921707	0.0825315581	-0.0538612616	0.0225440478	-0.0405635863	-0.0840484255	0.1464248815	0.0011045035	0.0483572331	0.0729947275	0.0545327253	0.1835348176	0.0309988744	0.0695428049	-0.078166023	0.1872568082	0.01114365	0.0570845648	0.0176268229	0.2327708025	0.1238723059	-0.0732942267	0.0240416644	0.0545379541	0.0338098766	0.0209547071	-0.0188710503	0.1199092198	-0.0808907113	0.0060712947	-0.1497707771	0.1310868562	-0.0184069556321162	-0.0030940658188995	0.0003388160156426	9.573243291682847e-06	0.0422601067744494	0.0378510542223438	0.0014327023057428	0.0017859166245878	-0.0004553309471191	0.0165688597360685	0.0002745271129535	2.0732627140437667e-07	-0.0007980214608083	-0.0001430165644754	6.368382519106132e-07	2.0453737714346263e-08	0.0005319680060689	0.0001699772706403	2.88922725343258e-08	2.8298995948092125e-07	7.971222209054345e-05	5.109368771590158e-05	6.3540383506121236e-09	2.610564924410072e-09	0.0	0.0	0.0	0.0	0.0	0.0	0.0	0.0	0.0	0.0	0.0	0.0
844.1356348970909	-1.8975984910081247	712564.9701031147	3.6008800330763138	846.1467314539728	0.3593840315535317	715964.2911502416	0.1291568821356698	817.596157942832	-0.876831782872614	668463.4774828802	0.7688339754555669	820.6869500962829	637.4604189583233	1.260576	17.453886	0.1004395125086607	0.0583059606742898	-0.0246732473	-0.1337143562	-0.1883421201	-0.0523845348	-0.1917266759	0.1897512195	-0.1302247143	0.0795211654	0.0602106425	-0.0220338652	-0.0131792971	0.2638104414	-0.0044523292	-0.0201514892	0.083954409	-0.0070415716	-0.0401614979	-0.1234779617	-0.0576863793	-0.0153911726	-0.001763028	0.0176412708	-0.0941867221	0.3127076518	-0.146925827	-0.0219095561	-0.0037424727	-0.0817624795	-0.0405250707	-0.0015567666	-0.2658082301	-0.010901735	0.1189258509	-0.0219994511	0.0075948005	0.0379952149	-0.0569112116	0.2971545279	-0.0787540364	0.0406508813	0.1819162943	-0.1321526958	0.0153193789	-0.0480647498	0.0743206093	-0.1114826058	0.0231458839	-0.1532843263	-0.0180883268	0.1051440875	-0.1696532581	0.004531732	-0.1663539166	0.1027861188	0.0324742252	-0.047904227	-0.0221189701	0.0471399289	0.0138300672	0.0309684206	0.1260395324	0.1755478885	0.0752858821	0.0430643806	0.0374611775	-0.1334592167	-0.0454184348	-0.0087177619	-0.1513561561	0.1372005631	-0.0069782679592265	0.0114286876728896	4.869622371076719e-05	0.0001306149019244	-0.007768812959938	-0.0500289197343873	0.0025028928097897	6.035445480650063e-05	0.0131305309367917	0.0135858618839108	0.0001845756431287	0.000172410842682	-0.0005360862926087	0.0002619351681996	2.873885131229408e-07	6.861003233975275e-08	0.0005319127330629	-5.52730059999668e-08	3.0551051922723656e-15	2.82931155594444e-07	0.0003256426452344	0.0002459304231438	1.0604313239525729e-07	6.048177302771633e-08	0.0	0.0	0.0	0.0	0.0	0.0	0.0	0.0	0.0	0.0	0.0	0.0
843.4774610219201	-0.6581738751707462	711454.2272519848	0.433192849957277	839.82560687194	-6.321124582032894	705307.0499578222	39.956615981580526	817.3908504064068	-0.2053075364251526	668127.8023281089	0.0421511845129653	820.2120675087681	628.2330153720719	1.179854	16.33621	0.0392796462459718	0.0225213600819637	0.0064066208	0.0728141178	-0.0961536743	0.0164061348	-0.0679036204	-0.0134794698	-0.1476906805	0.0345327906	0.0587888602	-0.0088031101	-0.0281054631	0.1537140889	-0.1593507639	0.0092698457	-0.0308955855	0.0331422069	0.0886100913	-0.1305690585	0.0006805047	-0.2308233185	0.0366526859	0.0856776548	-0.1091024105	0.0795153568	0.1452264401	-0.0829528269	0.0570157122	-0.0980863178	-0.0257187701	-0.0112508893	-0.1792968567	0.1500801875	-0.0258115677	0.0103541222	0.0792017877	0.0413010937	0.0512041812	0.0318285075	0.0254974815	0.093968728	-0.0287814867	-0.2321683382	-0.0352129112	-0.0527848036	0.1063980319	0.0819981241	0.0341946225	-0.0686357001	-0.0238126002	-0.157942892	-0.087424378	-0.0054568127	-0.0990006594	0.0821964461	0.105115178	0.0820065652	0.0472965072	0.12870845	0.0652497967	-0.0708722644	0.0948278731	0.0967340332	-0.0161465579	-0.0020254549	0.0913550406	-0.0195932351	0.0962774838	0.0242044873	-0.152719399	0.1425091225	-0.0039358417570269	0.0030424262021996	1.5490850336356598e-05	9.25635719583068e-06	-0.0064661161795811	0.0013026967803568	1.6970189015522323e-06	4.181065844784048e-05	0.0053829878114868	-0.0077475431253048	6.002442447845921e-05	2.897655777861545e-05	-0.0003619880665493	0.0001740982260594	1.310353603241005e-07	3.0310192317029946e-08	0.0005320077693684	9.503630549992545e-08	9.031899363075156e-15	2.830322666683407e-07	-4.390369516290947e-05	-0.0003695463403973	1.92753444895768e-09	1.3656449770104413e-07	0.0	0.0	0.0	0.0	0.0	0.0	0.0	0.0	0.0	0.0	0.0	0.0
844.4416744251531	0.964213403232975	713081.7415059563	0.9297074869741156	837.81183031443	-2.013776557509914	701928.6630148153	4.055296023576479	818.9936571762515	1.602806769844733	670750.6104949315	2.568989541460107	820.970861337522	630.9384574583598	1.150852	15.934654	0.13469542664547	0.0807039650033678	-0.0197479796	0.22567939	-0.0013553113	-0.0239707789	0.0252863777	-0.1582096528	-0.1132260565	0.0626541913	0.0289302311	0.064496363	0.0248239265	-0.0571268414	-0.163052471	-7.11077e-05	-0.1110299975	0.0277982779	0.0993610405	0.0667092493	0.0592137862	-0.0515802731	-0.1433835647	-0.0578393491	0.0502660952	-0.076743821	0.1529993012	-0.0602261861	-0.3244010245	0.0717788782	0.0550389831	0.0003753182	0.0437762856	0.1991026457	-0.0621599165	0.0610007088	0.0063796386	0.0377351882	-0.0555642396	-0.0039400991	0.005777901	0.0548988923	-0.1436469717	0.1540262268	0.0787145833	0.1628013445	0.0408052677	0.0593734528	0.0105424724	0.0302154852	0.0316919272	-0.1981373105	0.1197850411	-0.0276286154	-0.0275977129	0.0414418777	0.0563651369	-0.0185330783	0.0494258476	-0.1447266509	-0.1256349187	0.045175238	0.0593168388	-0.18183474	-0.1441675709	-0.0811120331	0.1037470811	-0.041436928	-0.0290497594	0.068883717	-0.1538585052	0.1469813818	0.0055767474933077	0.0095125892503346	3.110011260411372e-05	9.04893542455814e-05	0.0493466187235185	0.0558127349030996	0.0031150613773636	0.0024350887794443	0.0600551021124431	0.0546721143009563	0.0029890400821368	0.0036066152897359	-0.0005279542492511	-0.0001659661827017	2.787356893022926e-07	2.7544773800607243e-08	0.0005320455611992	3.7791830800079466e-08	1.4282224752218349e-15	2.830724791917717e-07	-0.0001718594844519	-0.0001279557892889	2.9535682396072856e-08	1.6372684012568542e-08	0.0	0.0	0.0	0.0	0.0	0.0	0.0	0.0	0.0	0.0	0.0	0.0
843.3522491858499	-1.089425239303182	711243.0162068319	1.1868473520307954	841.1330086579194	3.3211783434893505	707504.7382539235	11.030225589262669	817.924348843589	-1.0693083326625583	669000.240431209	1.1434203103015803	820.0867629654755	630.4465012822833	0.952984	13.194983	0.0148570718059383	0.0077222016935036	-0.0209078653	0.1841239001	-0.0108052171	-0.0314325262	-0.0765914026	-0.1234723731	-0.0030234109	-0.0230197351	0.0318176033	0.0109804606	0.053977265	-0.0143280657	-0.096311818	-0.021420707	-0.1477529787	0.1332656548	-0.0191575767	0.1669600366	0.0301167139	0.0119427461	-0.1301809444	0.0361317244	0.145586378	0.0196376783	0.0313225976	-0.1369688679	0.0207977538	0.0283477671	0.013337718	0.0235855874	0.0195547568	0.1564947178	-0.0261496029	0.1090124168	-0.122579946	0.0604398569	-0.0848701972	0.1032905965	0.1053828276	0.0408445791	-0.0163644853	0.00911093	0.1157553473	0.2292753982	0.029850683	-0.1638528929	0.0051009498	-0.097003558	0.0729632978	-0.1544827324	0.0853427346	0.0272526887	-0.0859048119	-0.0075856598	0.0750857243	0.098706519	0.1135092287	-0.1075771308	-0.1286290547	0.0779579143	0.0610253341	-0.1773840358	-0.090062453	0.0349736516	0.0470792398	-0.1339767706	-0.0080457617	0.0448987081	-0.1547718027	0.1505910958	0.0056124207839758	3.567329066809979e-05	3.149926705640353e-05	1.2725836670907352e-09	0.0461283980633737	-0.0032182206601447	1.0356944217382792e-05	0.002127829107893	0.0548037166660577	-0.0052513854463854	2.757704910650844e-05	0.0030034473604135	-0.0006239627105212	-9.60084612701e-05	3.893294641209628e-07	9.217624635452287e-09	0.0005320435804698	-1.980729400050292e-09	3.92328895622359e-18	2.8307037151912455e-07	-0.0001408340782766	3.10254061753e-05	1.9834237604019493e-08	9.625758283423431e-10	0.0	0.0	0.0	0.0	0.0	0.0	0.0	0.0	0.0	0.0	0.0	0.0
844.3181996152157	0.965950429365762	712873.2222014792	0.9330602319918998	835.871173322523	-5.261835335396427	698680.6183915712	27.686911096826424	817.9584040114264	0.0340551678374367	669055.9506929199	0.0011597544564359	820.1142462469929	630.5311588491712	0.992675	13.744538	0.0597350228176361	0.0409260479195363	-0.0463985147	0.1981949925	0.1183102643	-0.033087551	0.1056805228	-0.1414852011	-0.0922358479	0.0159886572	0.0022889751	0.0368884286	-0.0205434087	-0.0937825064	-0.1464492981	-0.0417701044	-0.0435742651	0.0941898459	0.1446493492	-0.0249143166	-0.0682614057	-0.0284408715	-0.183162549	0.0585243239	-0.0740026424	0.0174959963	0.0739153597	-0.0136137354	0.0071362452	0.1900080802	0.0468542282	-0.0657780999	0.0992328483	0.1703478048	0.012187868	0.072180628	3.9386e-06	0.1434992136	-0.0508573254	0.0798449519	-0.1399829799	-0.1233852556	-0.0654959225	-0.0449837924	0.1012446925	0.202986988	0.1001047966	0.0434224522	0.0014211527	-0.0011884343	-0.0553968321	-0.2453487246	0.069931729	0.0688236906	0.0134451379	-0.0623147034	0.119065687	0.0547964898	0.0073674468	-0.0471895546	-0.0707401187	0.0896024414	-0.0895764588	0.0312768486	-0.0538967935	-0.0558590978	0.110894943	-0.2186538491	-0.0384794696	-0.1197328651	-0.1554579513	0.1533170814	0.0056126447322952	2.2394831940015375e-07	3.150178089096106e-05	5.0152849762153285e-14	0.015753589339738	-0.0303748087236357	0.0009226290049974	0.0002481755770851	0.0278445207336517	-0.0269591959324059	0.0007267982453218	0.0007753173348867	-0.0005759626750021	4.8000035519100005e-05	3.317330029955747e-07	2.304003409834862e-09	0.0005320403154536	-3.265016200004571e-09	1.0660330786292289e-17	2.830668972679662e-07	-0.0001408466620068	-1.2583730199999464e-08	1.983778219845776e-08	1.583502657463785e-16	0.0	0.0	0.0	0.0	0.0	0.0	0.0	0.0	0.0	0.0	0.0	0.0
846.527235487949	2.2090358727333523	716608.3604228696	4.879839487022804	838.6973527031976	2.8261793806746027	703413.2494313518	7.987289891750281	818.781422447486	0.8230184360595558	670403.0177451285	0.6773593460939171	820.6983849605218	643.1026357991354	1.270013	17.584541	0.0477805997052011	0.0389240661530919	-0.1267359755	-0.0283071186	0.1832952917	-0.0757830955	0.1124828435	-0.0666346927	0.010171194	-0.1997008902	-0.205553617	0.1064998611	-0.0013262024	-0.1804355521	-0.0439881217	0.0254479121	0.1218760936	-0.1121317232	-0.0638639711	0.0446424904	-0.0789493357	-0.132582848	-0.1484602147	-0.177488055	-0.2230111173	0.0858958377	-0.0369577523	0.057574461	-0.1304778468	-0.0217582568	0.1172521268	-0.0375298826	0.1727455915	0.0195333663	0.0765330428	-0.1375994196	0.0018043834	-0.0934928457	-0.0452181825	0.0282029701	0.0091461787	-0.1689765216	-0.1241935057	-0.2094211499	0.0387185282	0.1261138115	0.136831846	0.0775035324	-0.0114012428	0.1554760504	-0.0409716045	0.0084238496	0.1725494468	0.0235797248	0.0257229149	-0.004743845	0.173518571	0.0811135963	0.0488737698	0.0432886293	-0.1704977117	-0.0026619101	-0.0656308224	-0.0183941114	-0.0066664086	-0.0419770284	0.0827256598	0.0195813813	-0.0973797364	-0.0802906508	-0.155915944	0.1551433414	0.0056125170443266	-1.2768796860043038e-07	3.150034757285659e-05	1.6304217325304492e-14	0.0536416881279393	0.0378880987882013	0.0014355080297845	0.0028774307052151	0.0229538081678555	-0.0048907125657962	2.391906940123685e-05	0.0005268773094067	-0.0006759627163792	-0.0001000000413771	4.569255939347468e-07	1.000000827542172e-08	0.0005320471462766	6.8308230000103595e-09	4.666014285747053e-17	2.830741658610738e-07	-0.0001408203209422	2.6341064599986426e-08	1.9830362790264213e-08	6.938516842606579e-16	0.0	0.0	0.0	0.0	0.0	0.0	0.0	0.0	0.0	0.0	0.0	0.0
848.239571000744	1.7123355127949935	719510.3698115263	2.9320929083788934	842.186291916306	3.488939213108438	709277.7502917374	12.172696832765723	819.9363773039779	1.1549548564919403	672295.6628263713	1.3339207205343189	822.2426551350128	652.7028467927661	1.179201	16.327162	0.0971909192744258	0.0474819354342898	-0.1689301469	-0.096146269	0.0166595442	-0.1414869352	0.0249128229	0.056225142	0.1463687393	-0.0646116268	-0.011168414	0.1438326648	0.0698046463	0.0236969381	0.1188233137	0.1304287398	0.0301773278	-0.0799103813	-0.1006628731	0.1234287305	0.0340683768	0.0537092456	-0.1529124123	-0.0224628977	0.1172619903	0.1037898856	0.0487074176	0.112405341	-0.0342482066	0.1234311372	0.1522602861	0.0870236634	-0.0228782823	-0.1033720529	-0.0665004175	-0.1275330215	-0.0588224234	-0.1010331526	-0.0709864627	-0.0203819123	0.0158978402	0.0019128793	0.0629736652	0.1263880156	0.1514745956	0.0931002422	0.1045607128	-0.0603528339	-0.0742294915	0.0848266748	0.049517992	0.0738373291	0.041169127	-0.1729794739	-0.1367119306	-0.0538508773	0.1149977475	0.0227494047	-0.0234867094	-0.0269952592	-0.2053251359	0.0301228499	-0.1818280984	-0.2184398769	0.1797918085	-0.1035174463	-0.0545123989	0.0870723516	-0.1102672895	-0.0627540116	-0.1561451084	0.1560591586	-6.376917883699207e-05	-0.0056762862231635	4.066508169544277e-09	3.22202252872768e-05	0.0707111120032095	0.0170694238752701	0.0002913652314336	0.0050000613607304	0.0524624649335265	0.029508656765671	0.0008707608241141	0.0027523102269014	-0.0012090172421433	-0.000533054525764	1.4617226917997907e-06	2.841471274375895e-07	0.0007119729592734	0.0001799258129968	3.237329818255945e-08	5.069054947365226e-07	4.4930388503320326e-05	0.0001857507094455	2.0187398110592993e-09	3.450332605951412e-08	0.0	0.0	0.0	0.0	0.0	0.0	0.0	0.0	0.0	0.0	0.0	0.0
