global_signal	global_signal_derivative1	global_signal_derivative1_power2	global_signal_power2	csf	csf_derivative1	csf_derivative1_power2	csf_power2	white_matter	white_matter_derivative1	white_matter_derivative1_power2	white_matter_power2	csf_wm	tcompcor	std_dvars	dvars	framewise_displacement	rmsd	t_comp_cor_00	t_comp_cor_01	t_comp_cor_02	c_comp_cor_00	c_comp_cor_01	c_comp_cor_02	c_comp_cor_03	c_comp_cor_04	c_comp_cor_05	w_comp_cor_00	w_comp_cor_01	w_comp_cor_02	w_comp_cor_03	w_comp_cor_04	w_comp_cor_05	w_comp_cor_06	w_comp_cor_07	w_comp_cor_08	w_comp_cor_09	w_comp_cor_10	w_comp_cor_11	w_comp_cor_12	w_comp_cor_13	w_comp_cor_14	w_comp_cor_15	w_comp_cor_16	w_comp_cor_17	w_comp_cor_18	a_comp_cor_00	a_comp_cor_01	a_comp_cor_02	a_comp_cor_03	a_comp_cor_04	a_comp_cor_05	a_comp_cor_06	a_comp_cor_07	a_comp_cor_08	a_comp_cor_09	a_comp_cor_10	a_comp_cor_11	a_comp_cor_12	a_comp_cor_13	a_comp_cor_14	a_comp_cor_15	edge_comp_00	edge_comp_01	edge_comp_02	edge_comp_03	edge_comp_04	edge_comp_05	edge_comp_06	edge_comp_07	edge_comp_08	edge_comp_09	edge_comp_10	edge_comp_11	edge_comp_12	edge_comp_13	edge_comp_14	edge_comp_15	edge_comp_16	edge_comp_17	edge_comp_18	edge_comp_19	edge_comp_20	edge_comp_21	edge_comp_22	edge_comp_23	cosine00	cosine01	trans_x	trans_x_derivative1	trans_x_derivative1_power2	trans_x_power2	trans_y	trans_y_derivative1	trans_y_power2	trans_y_derivative1_power2	trans_z	trans_z_derivative1	trans_z_derivative1_power2	trans_z_power2	rot_x	rot_x_derivative1	rot_x_power2	rot_x_derivative1_power2	rot_y	rot_y_derivative1	rot_y_power2	rot_y_derivative1_power2	rot_z	rot_z_derivative1	rot_z_power2	rot_z_derivative1_power2	motion_outlier00
861.929923669788	n/a	n/a	742923.1933174065	1037.003579881456	n/a	n/a	1075376.4246869555	787.1586887617458	n/a	n/a	619618.8012931109	801.1762155766666	656.2236417386398	n/a	n/a	n/a	n/a	-0.096019947	0.1040665118	-0.0504677561	-0.0804838328	-0.4676232213	-0.166270724	0.2074739239	-0.5152215226	0.2026152837	-0.0202316667	-0.0799913445	0.105161121	-0.0141083446	0.1179876935	-0.0593076191	-0.1196496455	0.1106401918	-0.005779174	0.0915997456	-0.0298937792	0.1432595387	-0.0125568367	0.0101238141	-0.0758005774	0.0158673108	-0.1413632997	0.1064124303	-0.1754284432	0.0110402483	-0.1511542191	0.0248670793	-0.0596937159	0.1030395135	-0.0604944439	0.1625280233	-0.0601819033	0.044560684	-0.1156916144	0.0790850942	-0.007173769	0.0084893284	-0.0965387451	0.0033344184	-0.0908969856	-0.1237686574	-0.1408700399	0.0211485868	-0.0742535545	0.0156552308	-0.0624075509	0.1103183724	-0.2059261682	0.1247271604	-0.0470899942	0.1177034596	-0.0871248527	0.0917914932	-0.0530891229	0.2718902639	-0.0988384915	0.1656519376	-0.0120833488	0.0087762067	-0.0635705616	0.1470306213	-0.0340330609	-0.157962672	0.0798242388	0.1561451084	0.1560591586	0.0201730108245072	n/a	n/a	0.0004069503657256	-0.04644385416033	n/a	0.002157031589266	n/a	0.0186482304962964	n/a	n/a	0.0003477565006429	6.80000107157815e-05	n/a	4.6240014573464e-09	n/a	5.906386491005834e-14	n/a	3.488540138113621e-27	n/a	1.360398928652428e-12	n/a	1.850685245078674e-24	n/a	0.0
857.9091378859996	-4.020785783788369	16.16671831911465	736008.088868299	1020.4729948255753	-16.530585055880806	273.2602422897098	1041365.1331682784	784.3717145737991	-2.7869741879467256	7.76722512428131	615238.9866234413	797.8150147164605	656.0617163220647	1.451086	18.569088	0.0273905868850897	0.0210778638918405	-0.1911775476	-0.0902013899	0.0488677485	0.1434371767	-0.0479323602	0.1113623091	-0.0485149078	-0.147272935	0.0311078179	0.2141932244	-0.1370933149	-0.0703450548	0.0081643818	-0.0745097228	0.0008166222	0.023437931	0.2169582459	0.106706411	-0.0774125575	-0.0665655017	0.080196371	0.0565861095	0.1717741102	0.0022031996	-0.0779553052	-0.0019675836	0.0766269251	-0.1233447608	-0.2328884096	-0.0105037085	-0.0981943077	-0.0268188856	-0.011131697	0.0384498713	0.1860390258	0.0196730311	0.1411647931	0.1549887838	-0.0462567176	0.0215632836	-0.018294052	0.200510066	-0.1830915482	-0.0335847992	0.109428803	-0.0960223972	0.1962320335	-0.0091494881	-1.66451e-05	0.0674562804	0.1810643914	-0.1370427697	0.0942549198	-0.1279258709	0.1242710904	-0.077783532	0.0842196632	-0.0672901164	0.181108195	-0.095724952	0.0165989934	0.1976131182	-0.1628127131	-0.0357449907	-0.2055897789	-0.1782125592	-0.2183140471	-0.0776768516	0.155915944	0.1551433414	0.0201723254931636	-6.853313435986608e-07	4.696790505187457e-13	0.0004069227158021	-0.0464043388630273	3.95152973027002e-05	0.0021533626653146	1.561458720920786e-09	0.0253986367357583	0.0067504062394618	4.556798439776613e-05	0.000645090748035	0.0004799995949604	0.0004119995842446	2.303996111621481e-07	1.6974365741773853e-07	2.9753977059954195e-12	2.9163338410853608e-12	8.852991508842805e-24	8.505003072659697e-24	-1.1818279915896264e-11	-1.3178678844548692e-11	1.3967174017047702e-22	1.7367757608775526e-22	0.0
855.6307116871589	-2.278426198840748	5.191225943563899	732103.9147822739	1015.3187535603842	-5.154241265191104	26.566203019798788	1030872.171331412	784.3325120208582	-0.0392025529408783	0.0015368401570823	615177.4894129497	798.0333994331089	647.0627854665121	1.261058	16.13736	0.094608988399463	0.0683179590141494	-0.0475800498	-0.1891529911	0.2894513979	0.1649216482	0.133146726	0.1374452614	0.100127092	0.0180334876	0.032681362	0.165035341	0.0146830002	-0.1682278458	-0.1153654356	-0.1026909866	0.0605700967	0.1370246662	-0.1097426758	-0.1330624356	-0.1249531117	-0.0880481864	-0.099028406	-0.0799185519	0.0764301749	-0.0051523382	-0.0955794592	-0.1770598392	0.0235295318	0.1233220376	-0.1384937206	0.1657605713	-0.160359142	-0.0171310043	-0.00634914	0.0726405864	-0.1175632784	0.0645552379	0.1190300295	-0.0528580332	-0.2341475781	0.0128992964	0.0025079974	0.0641298842	0.1203996551	-0.0782080284	0.0823854252	0.1114005829	0.1635652514	-0.1232473362	0.0576428473	0.2409949867	-0.1019115304	-0.1087656119	0.0623022652	-0.0880979722	0.1056065427	-0.0391880054	0.015216441	0.090751757	-0.0452210064	-0.0792284361	-0.0529817009	0.070977776	-0.0565406654	-0.0490849919	-0.0581956996	-0.1210130665	-0.0399221004	0.0869788888	0.1554579513	0.1533170814	0.0136969022571804	-0.0064754232359832	4.193110608511115e-05	0.0001876051314427	0.018954643467012	0.0653589823300393	0.0003592785089615	0.0042717965712183	0.0199240270698055	-0.0054746096659528	2.997135099454385e-05	0.0003969668546783	0.0001340001556203	-0.0003459994393401	1.7956041706264616e-08	1.1971561202366357e-07	-1.5476508963274682e-13	-3.1301627956281664e-12	2.3952232969032158e-26	9.797919127134738e-24	9.061213246202258e-12	2.0879493162098518e-11	8.210558549315127e-23	4.359532347061189e-22	0.0
857.2394990388995	1.6087873517406024	2.5881967431205406	734859.5587124632	1013.992651324802	-1.326102235582198	1.758547139216103	1028181.0969407014	784.5412719303442	0.2087599094860479	0.0435806998086229	615505.0073620824	797.649230184043	649.2244591728689	1.270931	16.263695	0.0444517199954418	0.0308230441267839	0.0443752368	-0.0560692098	0.1622244216	0.0729366185	0.0586635413	-0.0825182826	0.0732537915	0.1750683166	-0.0821818259	0.0929491991	0.0870944784	-0.0436879919	-0.0759266379	0.1558856081	0.1714791605	0.1253642973	-0.0797855868	-0.0908925726	0.0882825771	-0.0896333805	-0.0120409509	-0.0325352323	-0.2847645602	-0.0090431144	0.2370405199	0.0105168389	0.0079555197	0.1343993768	-0.0327304265	0.09889085	-0.0413125559	0.1220013026	0.1397056737	0.0167289879	-0.2089278877	0.1788892866	-0.0199076751	-0.0656542857	-0.0097729746	-0.0910377084	0.1647111721	-0.1180301309	0.3235594384	-0.0528324236	-0.192600161	0.088634949	0.045734774	0.0382099026	0.0465059331	0.1290527145	0.0112532266	-0.2193990673	-0.0593026157	-0.0293365259	0.0775570942	-0.0200834562	-0.0029234255	0.0852332193	0.0231740908	-0.0457775456	-0.0092386958	0.0359867902	0.0517424877	-0.0960226438	0.0608533696	0.0600648665	0.007212384	-0.0859261636	0.1547718027	0.1505910958	0.0201729735091475	0.006476071251967	4.19394988605547e-05	0.0004069488602007	-0.0105079969781769	-0.0294626404451888	0.0001104180004933	0.0008680471820024	0.0181110270133331	-0.0018130000564723	3.2869692047689197e-06	0.0003280092994776	9.294644751697449e-18	-0.0001340001556202	8.639042106025692e-35	1.7956041706262122e-08	0.0	1.5476508963274682e-13	0.0	2.3952232969032158e-26	-6.9469359473694e-19	-9.061213940895852e-12	4.825991905685318e-37	8.210559808268536e-23	0.0
857.7194108594277	0.4799118205282866	0.2303153554827744	735682.5877650438	1012.681552971734	-1.311098353067905	1.718978891417373	1025523.927729243	785.2369451936031	0.6956732632588682	0.4839612892132426	616597.0600969817	797.9373296952175	653.6312726905244	1.128696	14.443559	0.0200034083749996	0.0137059277009453	0.0760926984	-0.0206504481	0.1175771144	0.0452725904	0.0969607477	0.059547281	-0.0449656989	0.1524486593	-0.0299212982	0.0606782071	0.0460255307	-0.0155338555	-0.0937519156	-0.0441720931	0.1230438237	0.035867978	-0.0174948538	0.1675210302	-0.0972895266	-0.1093344461	-0.1290882679	-0.0455363621	0.0501305817	-0.0187125396	0.0318691927	0.1952996744	-0.1173408769	0.0389210059	-0.0301799841	0.0609722029	-0.0337821062	0.0418002211	0.0364486209	0.1819035067	-0.0323129146	0.1370175301	-0.1218756806	0.0748160864	-0.0655601712	0.0458740787	0.1212288475	0.0464313025	0.1827363381	0.2537288404	0.1279728888	0.0507363285	-0.0209312653	0.0517340294	0.0921393856	0.1041588882	0.0894656549	-0.159223104	-0.0333646683	0.0056080681	-0.1510613162	-0.0585836307	0.005939295	-0.1012675852	0.1049419118	-0.0654152485	-0.0715105447	-0.0207970592	-0.0049435987	0.0855463761	-0.0454075986	-0.1383097411	0.0411847258	0.0928384998	0.1538585052	0.1469813818	0.0201728802607874	-9.324836009946824e-08	8.695256661240101e-15	0.000406945098016	-0.0177619152444634	-0.0072539182662865	0.0003154856331515	5.261933021396496e-05	0.0160616187231568	-0.0020494082901762	4.200074339843341e-06	0.000257975596008	0.000213999762309	0.0002139997623089	4.57958982683085e-08	4.5795898268304524e-08	-2.33812968986058e-13	-2.33812968986058e-13	5.466850446607533e-26	5.466850446607533e-26	-8.860732243418101e-12	-8.860731548724507e-12	7.851257588954918e-23	7.851256357856179e-23	0.0
858.8564915445398	1.137080685112096	1.2929524844549938	737634.4730681962	1012.8280638800728	0.1465109083387687	0.0214654462622511	1025820.6869830568	786.592889531233	1.3559443376299214	1.8385850467506464	618728.3738610946	799.7389426187904	654.3002922700183	0.8840369999999999	11.31274	0.0879879229947803	0.0562387462547209	0.0850770976	0.0124735723	0.0884560995	-0.0450694338	0.0287275066	0.0690402176	-0.0057623911	0.1089756838	-0.0753050933	-0.0239422728	0.0697804488	0.0199512301	-0.0847782201	0.0123578178	-0.0087976341	0.0588514379	-0.0064327111	0.0606877415	-0.0313405178	0.0007628769	0.002021054	0.0534435025	0.2049130926	0.1212497815	0.0247562261	-0.0979114067	-0.0962324371	0.0723890041	0.0758101517	0.0256015402	-0.0299957915	0.004584938	0.0270423656	0.0138743011	-3.91243e-05	0.0512018314	-0.0576653548	0.0809447867	-0.0343133974	0.0130437453	-0.0418139996	0.0551196303	0.0873287611	0.0880905981	0.0579376624	0.0841808027	-0.0693482827	-0.0796636974	0.0397817852	0.0567826921	-0.0293327518	-0.1263228455	-0.0784602983	0.0645114692	0.0116942964	-0.1003441972	0.022373962	-0.0157116122	0.0774368216	-0.0382852529	0.0151422223	0.0089835837	0.0798490969	-0.0703596254	-0.0493878038	0.0465069095	0.018995617	-0.0454793563	0.152719399	0.1425091225	0.0201610590136169	-1.1821247170498012e-05	1.3974188466600724e-10	0.0004064683005505	0.0347288725870384	0.0524907878315017	0.0012060945911667	0.0027552828071717	2.6302790004706367e-05	-0.016035315933152	0.000257131357076	6.91836762031681e-10	6.176205403472076e-13	-0.0002139997616913	3.814551318587767e-25	4.57958980039672e-08	-0.0001750001908986	-0.0001750001906647	3.0625066814546454e-08	3.062506673271182e-08	-1.6163685671441538e-11	-7.302953428023437e-12	2.6126473448516453e-22	5.333312877187926e-23	0.0
859.863043148302	1.0065516037622046	1.0131461310362662	739364.4529722588	1018.4368313259548	5.608767445881995	31.458272261985638	1037213.5794012512	786.8294447662512	0.2365552350181587	0.0559583792144963	619100.5751511671	800.527812737462	658.3642868193069	1.030998	13.193349	0.0928758740138438	0.0575043300163852	0.087564199	-0.031105601	-0.009047939	-0.0780162483	-0.0383579954	-0.0852137529	0.1528061732	0.1275405969	-0.0163648793	-0.055918041	0.1521721166	-0.0404420234	-0.0603842846	0.1933735748	-0.0439557801	-0.0878706552	0.1082044733	-0.0028219621	0.0645924926	-0.0856451185	0.1722089786	0.0382720662	0.0257002641	-0.0950596185	-0.0299848311	-0.0198792702	-0.0783757365	-0.0453881639	0.1304966872	0.0501005211	-0.0396566056	0.0692054335	0.1333741019	-0.138336593	0.1190029779	-0.0410278388	-0.0218551802	0.0364781212	0.071542173	-0.1333091046	0.0089443463	0.1417049905	0.1342160523	-0.10893641	-0.197831539	0.1065335448	-0.0423404542	-0.0304521371	0.0821455961	-0.0331349782	0.0521647815	-0.104003674	-0.0479049431	-0.027134692	-0.1732966567	0.0238989707	0.1200545504	-0.1037648513	-0.0415589322	-0.0774031361	0.004356408	-0.1025345639	0.0843545644	-0.0634842335	0.1158778672	-0.149220083	0.0625250575	0.0411971529	0.1513561561	0.1372005631	0.0201729812210942	1.1922207477300243e-05	1.4213903113179386e-10	0.0004069491713466	-0.0020111857056832	-0.0367400582927215	4.044867942744432e-06	0.0013498318833525	0.0425501879387866	0.0425238851487818	0.0018082808081467	0.001810518493626	-9.699996034493544e-05	-9.699996096255596e-05	9.408992306919047e-09	9.408992426737383e-09	1.8562928971732617e-13	0.0001750001910842	3.4458233200959017e-26	3.0625066879516766e-08	-9.132101745266095e-13	1.525047549691493e-11	8.339528228589206e-25	2.3257700288200266e-22	0.0
859.3123841744106	-0.5506589738914727	0.3032253055272095	738417.7735955098	1015.737070465088	-2.6997608608668315	7.288708705868415	1031721.7963169992	787.2711497923324	0.4417050260811948	0.1951033300653889	619795.863295341	800.1714446310335	659.2902566890905	1.319985	16.891428	0.1333683838285336	0.0710288357760055	0.0566452303	0.0322570717	-0.0436262226	0.0494258131	0.0533660869	-0.0563147832	-0.1963093744	0.089663132	0.0580286617	-0.0939173322	0.0709417223	0.0316492484	0.1705453372	-0.1273608858	0.0535531586	0.0199166039	0.0423814982	-0.0226494552	-0.1601642033	-0.0620923479	-0.1015752406	-0.1959071353	-0.1407136874	0.0602927254	-0.1307012187	0.0543470727	-0.0397496693	-0.0135437446	0.0405990739	0.025096999	0.1490207848	0.1439739282	-0.1412275323	0.071832748	-0.0589047054	-0.0426634401	0.0160185729	0.0858636618	-0.056725341	-0.1105080704	0.1330554565	-0.1128056416	-0.2075848218	0.0416253251	0.0892989946	-0.0124866836	-0.0462753503	0.1902634163	-0.0236243192	0.0278470685	-0.0885368196	0.090317218	0.0228813583	0.1256769475	-0.1045421411	0.0426434882	0.051229043	0.0593890816	0.0678385655	0.0159056324	-0.1537534303	-0.1417157088	-0.1374256048	0.0499743976	-0.1718500236	0.0711630086	0.0124337288	0.0273412264	0.1497707771	0.1310868562	-0.0003031047496335	-0.0204760859707277	0.0004192700966806	9.187248925038673e-08	0.011175720103651	0.0131869058093341	0.0001248967198351	0.0001738944848242	-0.0192507859171655	-0.061800973855952	0.003819360369544	0.0003705927584285	-0.0003490002017804	-0.0002520002414354	1.218011408427599e-07	6.350412168353244e-08	0.0005059998507705	0.0005059998505848	2.560358489797683e-07	2.560358487919115e-07	8.82709168478508e-08	8.827183005802533e-08	7.791754761160189e-15	7.791915981792902e-15	0.0
858.9987197566212	-0.3136644177893686	0.0983853669871435	737878.8005435142	1014.485577307807	-1.2514931572809471	1.566235122721034	1029180.9865655544	787.2924098604886	0.0212600681562662	0.000451990498009	619829.3386239356	800.3198943751682	656.2516996553629	0.995695	12.741596	0.0223220243222082	0.0221247337996305	0.0853121842	0.03592731	0.0155315679	-0.0832707811	0.0160509879	0.1057399338	-0.0207092149	0.0789298213	0.008394973	-0.0850124139	0.0290690432	0.0205185244	-0.0505172139	-0.0815587834	-0.0299805469	0.0834807408	-0.0638025005	-0.0417060944	0.130804518	0.1489581066	0.012941595	0.0550043025	0.0638706703	0.117689034	-0.0313899912	-0.1471228456	-0.1274879166	0.0208402722	0.1038343005	0.0173660333	-0.0162549135	-0.071204346	-0.0732547979	0.0271988101	-0.095908739	-0.0068841444	-0.0448323978	0.0024603051	0.0479030866	0.0598871615	-0.0485868259	-0.1509237055	0.0523774636	-0.1253900146	0.0754528955	0.0465373034	-0.1020787125	-0.0225972835	-0.0298081634	0.0178618875	-0.0179734038	0.0496555217	-0.030505055	0.1077215209	-0.0727138331	0.0021527088	0.0919582916	0.0400750875	0.0402038594	-0.0507270427	-0.0285707296	-0.161694574	0.0142903537	0.1233474722	-0.0803871794	0.1076880602	0.0827967267	0.009635281	0.1479655889	0.1242038795	-0.0004415504185715	-0.000138445668938	1.9167203247690295e-08	1.949667721406669e-07	0.0111686394674421	-7.080636208899385e-06	0.0001247385075537	5.0135409122777055e-11	-0.0192281232618682	2.2662655297298745e-05	5.135959451241829e-10	0.0003697207241735	-0.0003429997602082	6.000441572199958e-06	1.1764883550288273e-07	3.600529906138551e-11	6.900001055543115e-05	-0.000436999840215	4.761001456649611e-09	1.909688603479957e-07	1.1845468835089586e-08	-7.642544801276122e-08	1.4031513192307863e-16	5.840849103951266e-15	0.0
860.6296952013228	1.630975444701562	2.6600809012194584	740683.4722623217	1018.440289815267	3.9547125074599303	15.639751016660012	1037220.6239190048	787.0974277648397	-0.1949820956489247	0.0380180176236464	619522.3607940271	800.7462677651263	659.6586631044696	0.913664	11.691873	0.0679945171242266	0.0376195330360873	0.1050016819	-0.0112623109	-0.0398260163	-0.0881389949	-0.0818563546	-0.0156969938	0.1055180161	0.0810140861	-0.0238416744	-0.0578821728	0.0860548891	-0.0547800245	-0.0961010935	0.1366078925	-0.0896694556	0.0093939899	-0.0283310877	0.0705425824	0.0768499546	0.062525235	-0.0252201886	0.2025098716	-0.1330914382	0.0223637304	0.035255936	0.0202100451	0.0553212457	0.0264857318	0.1203414411	0.0356958358	-0.0438359337	-0.0139026507	0.1166905042	-0.126908842	-0.0220139304	-0.0311698455	-0.070448232	0.0532631675	-0.0116979789	0.0408222404	-0.0343041747	-0.0059293926	0.1657518228	-0.0940582403	-0.0545078913	0.1278242873	-0.069098596	-0.093269172	-0.0128037985	-0.0751334592	0.0959920333	-0.0292091561	-0.0925756756	-0.0161657193	-0.095192565	0.0849225263	-0.0043040567	0.0607620402	0.0415942535	0.109560172	0.0786894866	-0.1604916892	-0.0492675326	-0.0441988208	0.1117812108	0.0442182547	0.0001797	0.065841501	0.1459432408	0.1165920251	0.0117511065148221	0.0121926569333936	0.0001486608830954	0.0001380885043226	-0.0153956515402455	-0.0265642910076875	0.0002370260863486	0.0007056615567411	0.0035586750092875	0.0227867982711557	0.0005192381754503	1.2664167821727389e-05	-0.0004069996282169	-6.399986800869999e-05	1.6564869736869482e-07	4.095983105131021e-09	0.00013400011477	6.500010421456887e-05	1.7956030758373177e-08	4.2250135479048135e-09	2.7291485360416825e-08	1.544601652532724e-08	7.448251731778459e-16	2.3857942650068222e-16	0.0
860.9798432247434	0.3501480234206156	0.1226036383053639	741286.2904393037	1016.6181755913628	-1.8221142239041228	3.320100244953724	1033512.5149427112	787.1237721567137	0.0263443918739767	0.0006940269832096	619563.8326942142	799.8706081278298	663.9858992800067	1.12703	14.42224	0.0928727270423612	0.0451711637186707	0.0920264533	-0.0578302911	-0.1198398571	0.0208798953	-0.0185336229	-0.1754815304	-0.097560715	0.1529527106	0.0135096755	-0.0503154357	0.1286604769	-0.0617849044	0.2082245225	0.0487896088	0.0516124477	-0.0617205406	0.1048655481	0.0998128289	-0.0514792956	-0.0914225333	-0.1117323705	-0.0935101583	-0.0513122741	-0.117952461	-0.0288075935	0.012485504	-0.0191889772	0.1881358958	0.0362107467	0.0619463682	0.1134146659	0.2153912877	-0.0386918556	-0.0174487559	0.1038828177	0.0315289789	-0.0522581323	0.0303661122	0.0202516935	0.1297211037	0.1842035897	0.0109290632	-0.0801979525	0.0138947731	-0.1534229573	0.0797712492	-0.0054604912	0.2359782199	0.0061407956	-0.0672084154	-0.0748887555	0.0217533338	-0.0176265054	0.0049859346	-0.1444625138	-0.0679296273	0.054544162	-0.015071243	-0.1217060829	0.1334940081	-0.0739172923	-0.0923841267	-0.0294491844	-0.0280524227	-0.0785142443	-0.0610045342	-0.0197896741	0.0389931291	0.1437067008	0.1082959623	-0.0003710974387161	-0.0121222039535382	0.0001469478286911	1.377133090216496e-07	0.0111033697539681	0.0264990212942136	0.0001232848198933	0.0007021981295511	-0.0192419794306886	-0.022800654439976	0.0005198698428912	0.000370253772411	-4.999998567647709e-05	0.0003569996425404	2.499998567647914e-09	1.2744874477398974e-07	0.000406000290738	0.0002720001759679	1.648362360793405e-07	7.398409572662295e-08	1.0162901115897316e-08	-1.7128584244519513e-08	1.0328455909150691e-16	2.93388398221602e-16	0.0
859.9007659128004	-1.079077311943024	1.1644078451501827	739429.3272174207	1015.951534101698	-0.6666414896648121	0.4444108757425197	1032157.5196435936	787.0320037365786	-0.0917684201350539	0.0084214429340837	619419.374905614	800.6103048430871	666.1977328561713	1.188176	15.204712	0.0602007913637058	0.0336793596487355	0.0963868153	0.0217001505	-0.0838771549	-0.036626551	0.0468661271	0.1293521359	-0.0633984831	0.0634415147	0.1073377031	-0.0236611596	0.0921183794	-0.0494301364	0.1345911877	-0.0847631317	-0.1401634847	-0.035607718	-0.0703916399	-0.0442043622	0.1204794906	-0.0859360431	0.1159797774	0.0353391477	-0.1778720154	-0.0529475741	-0.0768944102	-0.0964535959	0.0328255409	-0.1505639194	0.0643259715	0.0703007262	-0.0630667608	-0.0261546829	-0.2292360146	-0.0238810492	-0.0177169298	-0.0069875249	-0.1079136179	-0.0444896643	0.2350940495	-0.1153154329	0.1520850375	-0.0833634435	-0.1974400063	-0.0203946744	0.1265738559	0.0274181135	-0.0725724652	0.1069883022	-0.0213671045	-0.0314572552	0.0261240972	0.1135624284	-0.0453715094	0.0468943042	-0.0789447626	-0.0469656647	0.042409185	0.0782004953	-0.0395648406	0.0934743928	-0.1774039036	-0.2227363943	-0.1364346414	0.0639911707	0.1423908021	-0.008629486	-0.0158212047	0.1181953894	0.1412592515	0.0993643757	-0.000371551943715	-4.545049989000032e-07	2.0657479402509192e-13	1.3805084687839452e-07	-0.0134553867305697	-0.0245587564845378	0.0001810474320691	0.0006031325200668	-0.0370299219041356	-0.017787942473447	0.0003164108974386	0.0013712151162263	-0.0004069996593967	-0.0003569996737202	1.6564872274902986e-07	1.2744876703634562e-07	0.0004059996553429	-6.353950999789074e-10	1.648357201385536e-07	4.0372693307720585e-19	8.26118002361946e-08	7.244889912029728e-08	6.824709538264922e-15	5.248842983743012e-15	0.0
858.7774540690067	-1.1233118437936582	1.261829498407108	737498.715617245	1017.1085923936632	1.1570582919651995	1.3387838910054253	1034509.8887210188	786.6792110661287	-0.3527926704499577	0.1244626683232125	618864.1811236267	800.4292423824168	660.9106965426959	1.059841	13.562452	0.1367659224259058	0.0815626154852129	0.0516749285	0.0910906952	-0.0198215294	-0.1487254152	0.0923247728	-0.0180239012	0.0902699595	-0.0711515311	0.0770185633	-0.0064196985	0.0391717895	0.0658725032	-0.1750941668	-0.014139698	-0.089839528	-0.0282809976	-0.1150489649	0.0339392893	-0.0649993194	0.0664214319	0.1362657597	-0.0609790622	-0.0537926597	0.1564221358	0.069778704	0.0034325144	0.0403001075	-0.161010426	0.0792157399	-0.0481004183	-0.102439644	-0.0190300805	0.0518894862	-0.0539635372	-0.0549354076	-0.0802012044	-0.0391771323	0.0345623504	-0.0257883418	-0.2168904919	-0.185848946	-0.1615352603	-0.0973799625	0.0885966975	0.0182687114	-0.0025032453	-0.122323347	-0.1400228408	-0.0023205637	0.0551527575	0.004318434	0.1934630874	0.09855539	0.1804615149	0.0028222824	-0.0078573126	-0.0905065229	-0.0127772201	-0.0724031325	-0.0126155744	0.092355567	-0.1063623987	-0.0473825702	-0.129200914	-0.0637349924	0.1133520021	0.0529049657	-0.1852816938	0.1386044847	0.0898496795	-0.0003877294134042	-1.61774696892e-05	2.6171052554498467e-10	1.5033409801876502e-07	0.041736936826453	0.0551923235570227	0.0017419718956553	0.003046192579623	0.0186244565033177	0.0556543784074533	0.00309740983592	0.0003468703800439	-0.0004069998856153	-2.2621860000472324e-10	1.656489068908673e-07	5.117485498809697e-20	-2.9777894505755853e-06	-0.0004089774447934	8.867230011959246e-12	1.672625503498004e-07	-0.0001090005770225	-0.0001090831888227	1.1881125791237956e-08	1.1899142083736721e-08	0.0
858.4186896496296	-0.3587644193770529	0.1287119086109539	736882.6467397872	1015.327311791314	-1.781280602349284	3.172960584305828	1030889.550069376	786.1878873669708	-0.4913236991578742	0.2413989773541772	618091.3942425408	799.3827346446183	652.1844596044458	1.19756	15.324796	0.0762470271948539	0.0495786813621465	-0.0433030725	0.1154031204	0.0006962826	-0.0718153611	0.1308045445	-0.1845603825	-0.0877871924	0.0056824073	-0.0803713988	0.0672505076	0.0210309217	0.173356912	0.1225768683	-0.0448600339	0.2356506198	-0.1362456855	-0.0774703682	-0.0786002393	0.0056647547	0.0848007647	-0.0596264936	0.0439472682	-0.0660255672	-0.1960535884	0.0493373029	0.0419980275	0.0213890038	-0.0154038064	-0.0522567454	-0.1608083551	0.0866920442	0.2016596394	0.0010073321	0.1314811433	-0.0375113006	-0.0928146153	0.1117632556	-0.1032074107	0.0021170817	0.0807178273	-0.0945540239	-0.0051542484	-0.0018937114	-0.0112542716	-0.0629577104	-0.1427624591	-0.0014905294	0.1857827869	-0.0007109372	0.0522945947	-0.0281106538	0.0757683763	0.1468002192	0.033515223	0.0883258929	0.0461146378	-0.0722178854	0.0741702545	-0.0766295101	0.1228510115	-0.0597192592	-0.0125867089	0.0245166403	0.0597241994	-0.0558995503	0.0588094892	0.0076415003	0.0056532078	0.1357462967	0.0798077096	-0.0004331251032994	-4.539568989519999e-05	2.0607686610611622e-09	1.875973551081159e-07	-0.0032472179015314	-0.0449841547279844	1.054442410002599e-05	0.0020235741765912	0.0186427797476653	1.8323244347598355e-05	3.357412834217951e-10	0.0003475532367199	-5.499999513567577e-05	0.0003519998904796	3.0249994649243583e-09	1.239039228976675e-07	0.0001600003643971	0.0001629781538476	2.560011660720478e-08	2.6561878631596613e-08	4.449302734552715e-09	0.0001090050263252	1.979629482369827e-17	1.1882095764165081e-08	0.0
859.8702802934712	1.4515906438415414	2.1071153972883003	739376.8989319727	1014.8437963697644	-0.4835154215495549	0.2337871628762438	1029907.9310301958	787.3088279472893	1.1209405803184609	1.256507784604688	619855.1905637344	800.2617729519396	652.8639145589898	1.159833	14.842009	0.054380222159669	0.0316104590575682	0.0212564541	0.0916760144	0.0358488997	-0.1044743866	0.0116535282	0.1868420847	-0.1087165208	-0.0917833796	-0.0415449335	-0.0274967699	0.0097635981	0.07654417	-0.1143971725	-0.1253651575	-0.0029057652	0.0304357933	0.0436266043	0.0526928531	0.1787773839	0.0792738625	-0.1138646969	-0.010771097	0.0037320573	0.1338051239	-0.087569851	-0.0548596815	0.2128450842	-0.0574921965	0.0607800999	-0.0805231395	-0.07668412	-0.1299044279	-0.0657571505	0.1290776902	-0.0360959102	0.0331795741	-0.0039594423	0.1088545271	0.1113087486	0.1179241382	-0.072258691	-0.0610790532	0.173849349	0.0267715263	0.1207928403	-0.0346625188	-0.0777019518	-0.0211138462	0.0020778521	0.0242600858	0.043318816	0.0531696463	0.0231855499	0.0919885923	0.0875939512	-0.0160655076	-0.0283704948	-0.0027148253	-0.079800346	-0.027084956	-0.0042836724	-0.1073219921	0.2036223886	0.0399278812	-0.0362871556	0.144350023	0.0868418273	-0.129369227	0.1326888823	0.0692973963	0.0042518516845575	0.0046849767878569	2.194900750275796e-05	1.807824274747445e-05	0.0114777788862738	0.0147249967878052	0.0001317394081621	0.0002168255304008	-0.0068770030651847	-0.02551978281285	0.000651259314815	4.729317115855976e-05	8.099998487871634e-05	0.0001359999800143	6.560997550352276e-09	1.849599456391505e-08	0.0001069998239466	-5.300054045049999e-05	1.1448962324603395e-08	2.809057288045085e-09	-4.345655512854121e-09	-8.794958247406836e-09	1.8884721836399414e-17	7.735129057362953e-17	0.0
860.7134139545394	0.8431336610682365	0.710874370426328	740827.5809612783	1021.423178185357	6.579381815592569	43.288265075350175	1043305.3089342756	787.3878055883239	0.0789776410346121	0.006237467783392	619979.5563891961	800.9677335203842	662.487099040066	1.05084	13.447268	0.0445792984265263	0.029004378085275	0.0633235669	0.0952268024	-0.1030303405	-0.13346371	-0.080753632	-0.0213427967	0.0067528253	-0.0933683826	0.0035427698	-0.0148583175	0.0450339067	0.0467893884	-0.087686341	0.0084877264	-0.1025633233	-0.0680855242	0.1996270613	0.0796518479	0.035568578	0.0923077878	0.062470603	0.0989397543	0.2092037354	-0.0901041021	0.0079929846	0.1632854228	-0.1619332222	0.0682453547	0.0898124652	-0.0867141176	-0.0579084891	-0.0277094117	0.0783265233	-0.0522495999	0.1595522063	-0.058273217	0.0753056227	0.0816357353	0.0569629527	0.040975561	-0.0673196974	0.1389214313	0.0015396788	0.1326353804	-0.0796393261	-0.0092429712	-0.1139328123	-0.0800122261	-0.0178468037	-0.0193308547	0.0646899513	0.0673779626	0.1453921502	0.137228255	0.0393421367	0.0242778166	-0.0617876499	-0.0961772495	-0.0618231062	-0.0157694045	0.0897541198	0.0052451583	0.0335923093	-0.0829108642	0.176933049	0.1014577098	-0.0545537381	-0.1097857037	0.1294367287	0.0583804184	-0.0004248044388646	-0.0046766561234221	2.1871112496741422e-05	1.804588112790677e-07	0.0115174435960341	3.966470976029916e-05	0.0001326515069878	1.5732892003687716e-09	0.0170357491554256	0.0239127522206103	0.0005718197187643	0.0002902167492865	-0.0001340001558998	-0.0002150001407785	1.79560417811707e-08	4.6225060534781846e-08	3.0000014135112e-06	-0.000103999822533	9.000008481069199e-12	1.0815963086913964e-08	1.984875556016591e-10	4.54414306845578e-09	3.939730972872171e-20	2.0649236226594712e-17	0.0
858.3710594785424	-2.3423544759970127	5.48662449122324	736800.8757503154	1015.3044745551216	-6.118703630235359	37.43853411465536	1030843.1760516516	786.2216596421584	-1.166145946165443	1.3598963677580964	618144.49809047	799.3733438571053	662.2898646565553	1.243627	15.9143	0.0362248973921483	0.0225036891892327	-0.1321439284	0.0913309817	-0.1383142486	-0.0304763229	0.0764389037	-0.1256085702	-0.1486432252	-0.0616458866	0.0311919294	0.0975788774	-0.1092304168	0.1361093425	0.1256193769	0.0029324806	0.0451474609	0.058122067	0.0795076115	-0.0714263054	0.0770849142	-0.0908868485	0.2255690453	-0.0685710123	0.02636136	-0.0783960696	0.165097933	-0.1387198722	-0.0582215011	0.1087133612	-0.1152751856	-0.1646254674	0.0105323398	0.0807023343	-0.0357421514	-0.0104113001	0.1861030303	0.0870836993	0.0893785488	-0.1034563802	0.0695027319	-0.0539266691	-0.0695562322	0.0238735892	-0.0062083717	-0.1053775582	-0.0923634612	-0.1641235292	0.0469380541	0.0805786165	-0.1047013079	-0.033454295	0.0160640962	0.0177667239	0.0561442375	0.029500753	0.1622692696	-0.1238248633	-0.1429042727	0.0166420191	-0.0418845547	0.0657304951	0.024779345	-0.0332336063	-0.0077600415	0.1152856699	-0.004289936	0.0586359809	-0.0122015718	0.0413363901	0.1259946088	0.0471208409	0.0035448934299466	0.0039696978688111	1.575850116964418e-05	1.256626942967857e-05	0.0040471739218901	-0.0074702696741439	1.6379616754027295e-05	5.580492900443549e-05	0.0147517120367837	-0.0022840371186418	5.21682555933399e-06	0.0002176130080161	-8.699999449728182e-05	4.700016140251817e-05	7.568999042527067e-09	2.209015171862759e-09	0.0004060002406962	0.0004030002392826	1.6483619544537233e-07	1.6240919286190445e-07	1.7652413372956145e-08	1.7453925817354486e-08	3.116076978897209e-16	3.0463952643771344e-16	0.0
856.6868924504738	-1.6841670280686003	2.8364185784334217	733912.4316964496	1017.6046532524956	2.300178697374008	5.290822039853189	1035519.230321132	785.2662057331158	-0.9554539090426032	0.9128921723047912	616643.0138664842	798.1879121573621	653.2061617697033	1.225361	15.680558	0.0492936241944745	0.0295011190300959	-0.2167403792	-0.0578099306	0.0629079089	0.0503648149	0.1242682655	0.1755028889	0.0341896372	-0.1128441962	-0.011058234	0.189766658	-0.2065365475	0.0134097162	-0.0073186582	0.0290397449	-0.1584232955	0.0875142447	-0.0049279861	0.0418843749	-0.0292150021	-0.0148123808	-0.0507490968	-0.235786177	-0.1310753235	-0.0928773857	0.0539929799	0.1326037328	-0.2106791041	-0.0613661163	-0.2121760035	-0.0760380608	-0.1337396259	-0.1353000639	-0.0262819551	-0.0468446358	0.1021807597	0.0394785787	-0.0762206189	0.003089757	-0.0144854665	0.0083991081	0.0054900921	-0.1562218468	-0.0568051298	0.0295947119	0.0937796875	-0.0893273794	0.1813142835	-0.0877395766	-0.0553814633	0.0788978514	0.1100453333	0.0365754719	-0.1115914411	0.0039044992	0.0220642729	-8.45304e-05	-0.011823999	-0.0740938206	0.0336225553	0.1923108574	0.0717623005	0.0711520888	-0.0898130637	0.2116655992	-0.0391332471	0.0233189662	0.0037428682	-0.0067844602	0.1223675745	0.0355847396	-0.000371544551001	-0.0039164379809476	1.5338486458608914e-05	1.3804535337853468e-07	-0.018564393186665	-0.0226115671085551	0.000344636694389	0.0005112829671046	0.0215140706597765	0.0067623586229928	4.5729494145965095e-05	0.0004628552363538	-0.0004069996593967	-0.0003199996648994	1.6564872274902986e-07	1.0239978553573995e-07	0.0004059996553429	-5.853533000107701e-10	1.648357201385536e-07	3.4263848583349844e-19	8.26118002361946e-08	6.495938686323845e-08	6.824709538264922e-15	4.219721941647876e-15	0.0
857.0946828042576	0.4077903537837528	0.1662929726390783	734611.2952913309	1014.0826822068956	-3.5219710456000257	12.40428004604494	1028363.6863519317	785.8286632623788	0.5624575292629288	0.3163584722245584	617526.6880047371	797.9500575969042	646.0640390839907	0.982542	12.57328	0.0555221140612048	0.0489313557300257	-0.2021265351	-0.0992838099	0.148499907	0.1377156701	0.11517636	0.0608040725	0.1361902418	-0.0587408437	-0.2201270275	0.1356325137	-0.1541295223	-0.0994027261	-0.1177367645	0.0157134256	-0.0603270351	-0.0325276824	-0.0350945294	0.095622569	-0.0754282051	0.0905463005	-0.2935606917	0.13010239	-0.0358581034	-0.0061088454	0.2485803201	0.0440364493	0.104210256	-0.0956567532	-0.1823651419	0.0404271931	-0.0377339154	-0.1186231448	0.1480515072	-0.0401037227	-0.1480452018	-0.0699509316	-0.1761971605	0.1060679936	-0.0833371561	0.1368895768	0.0543856541	0.0117869227	-0.2110893727	-0.1392608406	0.0482047978	-0.0107437997	0.1550934589	-0.2160302575	-0.0430141186	0.0658073955	-0.0722449081	0.0340511884	-0.0772425216	0.0519031444	0.0149796617	0.1703923859	-0.0811083025	0.0561359928	-0.0124942087	0.1253081497	-0.0006447627	0.1788909581	0.0504480997	-0.100445554	-0.020175168	0.1118789062	0.0930925851	0.2330267151	0.1185609488	0.023839813	-0.0003715996140414	-5.506304039999297e-08	3.0319384180912584e-15	1.3808627315571745e-07	0.0298476418070521	0.0484120349937171	0.000890881721442	0.0023437251322328	0.0144040466553292	-0.0071100240044473	5.055244134381681e-05	0.0002074765600489	-0.0004069996593967	0.0	1.6564872274902986e-07	0.0	0.0004059996553429	0.0	1.648357201385536e-07	0.0	8.26118002361946e-08	0.0	6.824709538264922e-15	0.0	0.0
861.4164289875413	4.321746183283722	18.677490072727416	742038.2641296478	1018.8460640801324	4.763381873236767	22.689806870280613	1038047.3022915772	788.4358862706653	2.607223008286496	6.797611814938487	621631.1467594095	799.4994894566869	650.1226698368689	1.285404	16.448906	0.0645534374487637	0.0531778185378078	-0.2150536544	-0.0543338691	-0.0913258425	0.1780381235	-0.0687504888	-0.162691562	0.0440101924	0.0010135887	-0.2522104257	-0.0624360124	-0.2543624961	0.0018944916	-0.0014622182	0.2717445946	0.1681615712	0.2248117403	-0.08408522	0.1000889477	0.1478977388	0.2197344207	0.0241057312	-0.0384721061	-0.0057227299	0.0151302451	-0.0395638064	0.1411299042	0.1770204744	-0.0953298171	-0.1553717959	-0.0342720157	0.254691689	-0.0790346427	0.2064591481	-0.1095548471	-0.2187041999	0.2422778205	-0.0099854596	0.0858440917	0.2325254251	-0.0971115242	-0.1694276129	0.0044042387	-0.11080169	0.0496723746	-0.1969834834	-0.0538116538	0.1265631767	-0.0406034447	-0.1647149793	-0.0501448374	0.0565463789	-0.1537948099	-0.1235144411	0.1363569237	0.0863874082	0.159389085	0.0120597778	-0.0006485184	-0.2166314512	0.1050351836	0.1548622163	0.0576459641	0.1464375503	0.1613222305	0.0870015062	0.0038250154	0.1021321093	-0.2631613	0.1145803187	0.0119549848	-0.0003706629653663	9.366486751000092e-07	8.773107405666028e-13	1.3739103389413894e-07	-0.0226530209900204	-0.0525006627970724	0.0005131593599743	0.0027563195941319	0.0080533799951751	-0.0063506666601541	4.033096702839284e-05	6.485692934668648e-05	-0.0004070001519187	-4.925219999635938e-10	1.6564912366184486e-07	2.4257792044813833e-19	0.0002919999180392	-0.0001139997373037	8.52639521348995e-08	1.2995940105312614e-08	5.9414768696229774e-08	-2.3197031539964832e-08	3.530114739226485e-15	5.381022722661229e-16	0.0
861.9691911482169	0.5527621606755702	0.3055460062747248	742990.8864887112	1023.4625868055556	4.616522725423238	21.3122820743492	1047475.6665907194	788.4339420840893	-0.0019441865759972	3.7798614422879663e-06	621628.081030257	800.7784146479922	665.9969565766086	1.415927	18.119173	0.0763461537071432	0.0425169363902331	-0.0895196779	-0.2152376534	-0.0970477832	0.1969602375	-0.1296377199	0.0830282795	-0.1236614862	-0.0198466056	0.0384330861	0.014443325	-0.1830949971	-0.2091633158	0.1917822269	-0.0753216049	0.0681427299	-0.0419160245	0.2556286781	0.0639611276	0.0485057823	0.0980061893	-9.16723e-05	0.0184681159	0.054975526	-0.0175556339	0.0579421945	-0.0310992013	0.0738710845	0.0175264871	-0.1786219203	0.12040591	0.1144598375	-0.0760083829	-0.0548900124	-0.0008676315	0.2467615928	0.0030028156	0.1548500543	0.1732805418	0.1394796738	0.1184456629	-0.0199639788	0.1211285549	-0.0376805413	-0.0651645008	0.1106204403	0.0419102819	0.2112443111	0.110229099	-0.0574903185	-0.0893001095	-0.0005714461	0.0582267061	0.1595744828	0.0136046211	0.0030050785	0.0455982778	-0.0711568183	-0.1686746969	-0.1195827308	0.0777399078	-0.1920422028	0.2389524268	0.1709877552	-0.0083695657	0.1182940435	0.1255421432	0.0105286167	-0.0225593972	0.1104315261	-0.0	-0.0043211025505769	-0.0039504395852106	1.56059729163989e-05	1.8671927252602196e-05	0.0101507393884219	0.0328037603784423	0.0001030375101316	0.0010760866949662	-0.0099364854225569	-0.017989865417732	0.0003236352577481	9.873374255268575e-05	-8.900000700411104e-05	0.0003180001449145	7.921001246731816e-09	1.0112409216569957e-07	0.0004060002287646	0.0001140003107254	1.6483618575690755e-07	1.2996070845487753e-08	1.8103893518495463e-08	-4.13108751777343e-08	3.2775096052902203e-16	1.706588407950344e-15	0.0
859.2780130215706	-2.691178126646264	7.242439709339295	738358.7036622984	1017.2098003811308	-6.252786424424812	39.09733806947123	1034715.77799142	787.8598463035332	-0.5740957805560356	0.3295859652522438	620723.137417427	800.7269360388666	663.8143364368099	1.293194	16.548588	0.0737359045918317	0.0412258957856595	0.081927599	-0.1322581048	-0.0081136528	0.1812514754	0.021919066	0.1119785946	-0.0254414564	0.0878292006	0.1267644176	-0.0258515236	0.0500080954	-0.1309484453	0.0766280852	-0.0573886343	-0.0600794353	0.0984392037	-0.2036443779	-0.1928366456	0.0983269541	-0.0809782553	0.1441943521	0.1247707401	0.0605756133	0.0384451027	0.0849639602	0.1329703962	-0.0320458897	-0.0751260613	-0.0143414165	0.1575025303	-0.0225523984	-0.0132621855	-0.1725437182	-0.0323766152	-0.10702233	0.0757017372	0.0755066041	-0.1676377567	0.0185183853	-0.1371225376	0.0108217989	0.1242304147	0.1103082042	-0.0316280949	0.0816674882	0.1550000358	0.0190089613	0.0093035312	-0.0570546771	0.0371193103	-0.1257732795	0.0174598069	-0.0249397302	-0.1318049299	0.0590684058	-0.1689619084	-0.0922099468	0.1038312984	-0.2257110675	-0.0514722376	-0.0219514861	-0.0322979068	0.1085044932	0.0302451257	0.1007249694	0.0453591169	0.0366857185	-0.1091814524	0.10612066	-0.0119549848	-0.0004061816610345	0.0039149208895424	1.532660557137546e-05	1.6498354176074548e-07	0.0392606020857471	0.0291098626973252	0.0015413948761353	0.0008473841062571	-0.0264465155444213	-0.0165100301218644	0.0002725810946248	0.0006994181844413	-9.300002601768816e-05	-4.000019013577119e-06	8.649004839290676e-09	1.600015210897847e-11	-7.400002112056825e-05	-0.0004800002498851	5.476003125844547e-09	2.30400239889824e-07	-3.444869731784655e-09	-2.154876325028012e-08	1.1867127468966081e-17	4.643491976166229e-16	0.0
860.3521491894356	1.0741361678650492	1.153768507115813	740205.8206148809	1018.6542087978788	1.4444084167480469	2.0863156743725995	1037656.3971016326	788.2670831267094	0.4072368231761629	0.1658418301506134	621364.9943410906	801.2952037992932	653.9242320359737	1.100846	14.08718	0.0973494613000134	0.058318368250189	0.0720403864	-0.101321799	0.0753743196	0.0369445185	-0.0587141856	0.0661108887	0.1511427247	0.1533588955	-0.0787307775	-0.0587971602	-0.0129073963	-0.1773354723	-0.0926768597	-0.0667051353	-0.0366662737	-0.0911246603	-0.0115115343	-0.0394877917	-0.2352347721	-0.0357289754	-0.0127650288	0.1216864302	-0.0772036407	-0.114138805	-0.2021715515	0.1384804915	-0.0073897091	-0.0553140037	0.0471949269	0.1810431128	-0.025904289	-0.1271062332	0.0759824013	0.0297514776	0.0079202438	-0.0879056056	-0.059116258	-0.0671560475	-0.319131841	0.0467332666	0.060523718	-0.0280292938	-0.0675764335	0.1452509101	0.0395118779	0.1462800798	0.0378025733	-0.1177144158	0.0395134409	-0.0803891322	-0.095061867	0.0736310453	0.0405361082	-0.0731999722	-0.0679147656	0.1433119508	-0.3276125976	0.0631276833	0.0505292843	0.1069110738	0.1050901849	0.0261943736	0.0231749808	-0.2805201079	-0.1220409762	-0.0293842884	0.0421846793	0.1887695821	0.1016540472	-0.023839813	-0.0003716150285413	3.456663249319999e-05	1.1948520819199495e-09	1.3809772943775125e-07	0.0292465780093635	-0.0100140240763836	0.0008553623252577	0.0001002806782023	0.0211500867210929	0.0475966022655141	0.0022654365472215	0.0004473261683097	-0.0004069996593967	-0.000313999633379	1.6564872274902986e-07	9.85957697621539e-08	0.0004059996553429	0.0004799996764634	1.648357201385536e-07	2.303996894050342e-07	8.26118002361946e-08	8.605666996797925e-08	6.824709538264922e-15	7.405750445977702e-15	0.0
863.5853224622481	3.2331732728124507	10.453409412028774	745779.609172225	1019.9071384853788	1.2529296875	1.5698328018188477	1040210.5711334336	790.771498972663	2.5044158459536447	6.272098729463711	625319.5635874724	801.9423146658514	653.6888153844147	1.437958	18.401087	0.0854980907320371	0.0488697575401797	-0.1082159201	-0.1119453528	-0.1313948468	0.1293089903	-0.1453662049	-0.0730929063	-0.1035611001	0.057727029	-0.2206716501	-0.2555561985	-0.276535442	-0.0421985035	0.0233083498	0.0097189551	0.1473636016	-0.179585707	-0.1165830417	0.0095528847	-0.0860508102	0.0392798435	0.1034558191	0.1286606839	-0.0753376461	0.0438513774	-0.1303063796	0.1078406861	0.0393256193	0.2687260918	-0.0190040649	0.0526603545	0.3800539179	-0.122548082	0.1279265361	0.1335064177	-0.0076313533	-0.1367952597	-0.0457814679	-0.1343535555	-0.1079490433	0.0227780565	-0.1248898555	-0.1597758832	0.0831955054	0.0606936738	0.0374420758	-0.0557880192	0.1641137509	0.0830606342	0.0605232557	-0.3888772925	-0.1111114224	0.0846664332	-0.1270375031	0.0285747249	-0.0456199662	0.2404871862	-0.1057889112	-0.0621040393	0.0545972998	-0.1717051776	0.2312028819	0.2319274383	0.146641712	0.0888209969	-0.1620991043	-0.0925631009	-0.0146448683	0.0937255005	0.0970382431	-0.0355847396	0.0041116924297597	0.004483307458301	2.010004576565737e-05	1.690601463694323e-05	-0.0085507738683787	-0.0377973518777422	7.311573374814804e-05	0.0014286398089698	0.0211375286231856	-1.2558097907299642e-05	1.5770582304932366e-10	0.0004467951162959	-0.0008289999253685	-0.0004220002659718	6.872408762609786e-07	1.7808422448026994e-07	-3.6000011522929753e-05	-0.0004419996668658	1.296000829651075e-09	1.953637055095045e-07	-1.4921323866485918e-08	-9.753312410268053e-08	2.2264590592856233e-16	9.512710297228878e-15	0.0
863.7789737634217	0.1936513011736451	0.0375008264462458	746114.1155157901	1024.3629297892253	4.455791303846468	19.854076143433804	1049319.4119263652	790.3985946893279	-0.3729042833351741	0.1390576045297198	624729.9384868644	803.7746305301438	671.227271423088	1.334113	17.07222	0.0571116318414523	0.0473680447526558	-0.055164642	0.0421950579	-0.3142251724	0.0689858763	-0.1222185766	0.0399306527	-0.2076628212	-0.1478379172	-0.0069207928	-0.2271246936	-0.1978151379	0.1158384467	0.0477479648	-0.1699331062	-0.1382713459	-0.0149393578	0.0153983589	-0.1398870893	0.1360387392	-0.0426768723	-0.1077164442	0.033135512	-0.0811440002	-0.0771210066	-0.0352559165	0.0355558757	-0.0112671176	-0.0040528902	0.0517371689	-0.0896878706	0.1945193506	-0.2432794561	-0.1948520633	-0.0542974843	-0.0993711548	-0.1507224754	0.12086605	-0.0779323514	-0.0061828288	-0.0562500567	0.1574012348	0.1193261247	0.0029513925	-0.0956122308	0.1436120929	-0.1024912614	-0.0531271786	-0.0027538703	-0.1329134481	-0.3673510602	-0.0309862953	0.0873877149	-0.0157972739	-0.070135259	0.1740370202	-0.0204639692	0.0516600078	0.0932494671	0.0568553671	0.0935076525	0.0164338013	0.0351135238	-0.0710784787	0.1392870529	0.0119567388	-0.0852568641	-0.1222985497	-0.091717981	0.092280022	-0.0471208409	0.0021222400794869	-0.0019894523502728	3.957920654005968e-06	4.503902954980565e-06	-0.0053127941589252	0.0032379797094534	2.8225781775109728e-05	1.048451259883257e-05	-0.0265966046994776	-0.0477341333226632	0.0022785474840657	0.0007073793815402	-0.0009119997680466	-8.299984267809998e-05	8.317435769170522e-07	6.888973884589348e-09	-3.6000013700521194e-05	-2.177591440499782e-12	1.2960009864377135e-09	4.7419044817379165e-24	-1.6405649432536546e-08	-1.484325566050628e-09	2.691453333032867e-16	2.2032223860315176e-18	0.0
862.2683446454915	-1.5106291179301934	2.282000331938554	743506.6981776762	1019.4193287319608	-4.943601057264459	24.43919141338628	1039215.7677923216	790.3369701259884	-0.0616245633394783	0.0037975868067813	624632.5263479275	803.8328125556552	668.9207406626283	1.259993	16.123734	0.0660663298452891	0.0327978272990559	0.1136592749	0.0543754593	-0.2093175398	-0.0815478944	-0.0983340168	-0.0158604338	-0.0140438768	-0.0603396881	0.0172344941	-0.2216778161	0.0045153942	0.0419857482	-0.0271557051	-0.0221279589	-0.1758007953	-0.0556259536	0.0664390872	-0.0590590021	-0.2969315978	0.0320940455	-0.0610690197	0.0533086396	0.0277424495	0.3202246706	-0.0323890606	-0.0572450524	0.0119486517	-0.1220114972	0.1921157445	-0.0346664331	0.072214803	-0.1380474763	-0.0816865012	-0.1502494823	0.0223146463	-0.1443111904	0.037465722	0.0846075022	-0.1770520887	-0.0221364537	-0.026712176	-0.0469829353	-0.0916937237	-0.0176028667	0.0364691514	0.0512613503	-0.1744212268	-0.0999044808	0.0075550995	-0.2601200394	0.016309839	0.1744933489	-0.0390200467	0.0366111027	-0.0098242073	-0.016277806	-0.0161695378	0.002313131	-0.048184565	-0.0971718189	0.0683343345	0.0248826422	-0.0578141254	-0.1184160846	0.041070395	-0.0292602379	-0.0518623853	0.1127332846	0.0873863672	-0.0583804184	-0.0004922415609485	-0.0026144816404354	6.835514248173781e-06	2.4230175432501586e-07	0.0192096633250997	0.0245224574840249	0.0003690111650636	0.0006013509210558	-0.0106123378396461	0.0159842668598315	0.0002554967870463	0.0001126217144227	-0.0008070155936112	0.0001049841744353	6.512741683316376e-07	1.1021676881882489e-08	-0.0001138886582612	-7.788864456067881e-05	1.29706264805364e-08	6.066640951499761e-09	-0.0002760460638733	-0.0002760296582238	7.620142937994203e-08	7.619237221918507e-08	0.0
861.7811771627096	-0.4871674827819561	0.2373321562801074	742666.7973119455	1022.22454884847	2.80522011650919	7.869259902067834	1044943.028268458	789.8010485564815	-0.5359215695068542	0.2872119286626899	623785.6963009177	803.4715292021375	670.4488333900376	1.090039	13.948885	0.0639011644556955	0.0286892962801072	0.1541888174	-0.0137575851	-0.1984604821	-0.0131705755	-0.0616368396	-0.2212873136	0.0615491425	0.0549992051	0.1821234215	-0.1410672494	0.1717801494	-0.0689479214	0.1034470644	0.2353580358	-0.1698976348	-0.0071658126	-0.1061253183	0.0129501674	-0.0550419093	0.1637004263	0.1064347922	0.1492724327	-0.0457534992	-0.0258600906	-0.1004525462	-0.0554102707	-0.0352594037	0.1829562809	0.1707643942	0.0566195181	0.0562407952	0.1206343412	0.0212872877	-0.3046020478	-0.0400570991	-0.087780654	-0.0164428248	-0.0042574224	-0.1108879182	0.0134900956	-0.1113627593	0.1460918724	-0.0656916694	-0.031814935	-0.1911556646	0.1219388146	-0.1228506883	-0.0017759252	0.0265103342	-0.153563904	0.0976363473	0.1495006169	-0.1247201524	-0.1681156686	-0.1880404453	-0.0438132441	0.0784176125	0.1274656051	-0.0025521539	-0.0294139123	0.0825069929	0.0577550934	-0.0361295722	-0.0433739278	0.1066232113	0.0153188069	0.0159851045	-0.014195766	0.0823644609	-0.0692973963	0.002156196327661	0.0026484378886095	7.014223249822345e-06	4.6491826034187816e-06	0.0026901105787118	-0.0165195527463879	7.236694925697137e-06	0.0002728956229406	0.0067697069208207	0.0173820447604668	0.0003021354800548	4.582893179380769e-05	-0.0005069939342891	0.0003000216593221	2.5704284940594026e-07	9.001299606238624e-08	5.905119720872598e-05	0.0001729398554699	3.487043891783847e-09	2.9908193609958885e-08	-0.0002019849974607	7.40610664126e-05	4.079793919919898e-08	5.485041558171547e-09	0.0
859.2117671237106	-2.569410038998967	6.601867948508674	738244.8607638496	1018.1421074761284	-4.082441372341577	16.66632755860618	1036613.3510159324	787.4890805249404	-2.311968031541141	5.34519617886822	620139.051946016	801.6324808880189	668.0192452673078	1.315324	16.831783	0.060205375017109	0.0313494964580605	0.1133127491	0.0583887294	-0.090215295	0.0214105837	0.0652857587	-0.0548777075	-0.1149503758	-0.0021075711	0.2473807827	0.0053257682	0.138651057	0.0048136014	0.2066625044	-0.0622566035	-0.0137113908	0.091937908	-0.1187728818	-0.1845463591	-0.2436184128	0.3066001292	0.0428849359	-0.0680633879	-0.064688193	-0.003869376	-0.0820095886	-0.1485722505	-0.0977828116	-0.04335863	0.0441074306	0.0303671004	0.0273290855	0.1976331023	-0.1959451885	-0.0679110276	-0.157613085	-0.08646581	0.0883878843	0.0459001559	-0.1904299129	0.0087428232	-0.1755027876	-0.127479503	-0.2580485918	0.0351712256	0.0831016926	-0.0167087923	-0.0927192667	0.1925901243	0.0026840333	0.0124650478	0.1098062856	0.2082923148	0.0269941294	-0.0097706485	-0.1093227026	-0.0416838582	-0.0951695	0.1981596118	0.0063746875	-0.1114814789	0.0505749538	0.1459784786	-0.2688421425	-0.0440363639	0.2017868539	-0.0613201551	0.014092915	0.1146382619	0.0772216734	-0.0798077096	0.0055150566060007	0.0033588602783397	1.1281942369408247e-05	3.041584936739196e-05	-0.0133897727359197	-0.0160798833146315	0.0001792860139195	0.0002585626474121	-0.0160952789155146	-0.0228649858363353	0.0005228075772958	0.0002590580033682	-0.0003960000698236	0.0001109938644655	1.5681605530029608e-07	1.2319637948985792e-08	1.3999953462073831e-05	-4.505124374665215e-05	1.9599869694023303e-10	2.0296145631202643e-09	2.806083199000586e-09	0.0002019878035438	7.874102919713363e-18	4.0799072780488745e-08	0.0
856.7480554392325	-2.463711684478085	6.0698752642338425	734017.2304989062	1013.3597668117948	-4.782340664333674	22.870782229739444	1026898.0169928552	786.206366686102	-1.28271383883839	1.6453547923475194	618120.4510177615	800.0660900050262	655.6993960075253	1.338906	17.133551	0.133470337470958	0.0816188222191676	-0.0171781818	0.2054851406	0.0260452924	-0.1639982898	0.1548756545	-0.0210274407	-0.0448339524	-0.0907114767	-0.0548389845	0.153806075	0.1070609607	0.2034053269	-0.0233084954	-0.1642112151	-0.0529649378	-0.2719383452	-0.1491804823	-0.0435564894	-0.0685120392	-0.0028152395	0.0033804158	-0.1161431122	0.1191142577	-0.1524993125	-0.0194259147	0.0221211878	0.2915484049	0.1639197582	0.0175677563	-0.1698670054	-0.1083936769	0.0984684302	-0.0407434203	0.1701490658	-0.0347292162	-0.2907197446	-0.1108767473	-0.1414796899	-0.0541087902	0.0572269943	0.0793609068	0.0723376396	-0.0763077735	0.2664022181	0.0304418121	-0.2048672322	-0.0867624382	-0.0363145952	0.093285881	0.0062589527	-0.0722253202	0.2377335445	0.1075616645	-0.1687056178	0.1201743366	-0.2323781782	0.0876735864	0.023671412	0.0991784381	0.3771661038	0.0045033339	0.07528652	-0.110404786	0.0163449235	-0.1135722425	-0.1275398244	0.1459556615	-0.1856538722	0.0719655524	-0.0898496795	-0.0115440350558344	-0.0170590916618351	0.0002910126083268	0.0001332647453703	0.0294040349874649	0.0427938077233846	0.000864597273544	0.001831309979466	0.0516716995882973	0.0677669785038119	0.0045923633755361	0.0026699645383432	-0.0003289994976779	6.700057214570001e-05	1.0824066947231053e-07	4.4890766678511525e-09	-3.599997532055532e-05	-4.999992878262916e-05	1.295998223080592e-09	2.4999928782679874e-09	-5.8846270005561305e-09	-8.690710199556716e-09	3.462883493567423e-17	7.552844377267911e-17	0.0
856.5695739581926	-0.1784814810399666	0.0318556390742199	733711.4350309195	1014.223742336697	0.8639755249022301	0.746453707630084	1028649.7995194548	787.4986141211446	1.2922474350425546	1.6699034333740612	620154.0672427233	800.5814099220037	639.060398555038	1.259755	16.120687	0.1425508679684214	0.1185407882749322	-0.0690813334	0.2116660195	0.176467598	-0.2124407935	0.0696621976	-0.069675369	0.2015383052	-0.092324219	-0.2322243827	0.0779828151	0.0669259245	0.2344879563	-0.0816399436	0.0625132607	0.1263816911	-0.4824159866	-0.2119407649	-0.0771324968	-0.0330089822	0.0280102416	-0.0343066349	-0.0857192983	0.2045357833	-0.025375993	0.097206799	0.0858151303	0.0186603165	-0.0085642429	0.0538283097	-0.208415715	-0.0666074549	0.0470668272	0.1893745974	0.1904243776	0.0790006287	-0.2659087079	-0.1244977164	-0.3534713302	0.0908877999	0.083500912	-0.097089181	0.1212804854	-0.0173540409	0.1412432382	-0.2315900098	-0.2759047471	-0.039946171	-0.1211457751	0.4082024099	-0.0601227878	-0.1799374093	0.0768021262	0.0479296359	-0.3628032545	0.1186415697	0.1304908071	0.2334954242	-0.2086243241	0.0083891483	0.0469578277	-0.0797809234	-0.1743131785	0.1043027012	-0.04193346	0.1407062506	0.0308904919	0.0850944571	0.0660306347	0.066603812	-0.0993643757	-0.0113914871600542	0.0001525478957802	2.3270860506967118e-08	0.0001297659797176	0.0321467627758664	0.0027427277884015	0.0010334143569678	7.522555721269787e-06	0.1677478681778694	0.1160761685895721	0.0134736769144347	0.0281393472782198	-0.0003900073590628	-6.100786138490001e-05	1.521057401231398e-07	3.721959150759173e-09	-3.5920064073602376e-05	7.991124695294617e-08	1.2902510030517e-09	6.3858073895747456e-15	-0.0004105065858885	-0.0004105007012614	1.6851565705783244e-07	1.6851082573618282e-07	0.0
858.3794406374758	1.809866679283232	3.2756173967797126	736815.2641091058	1012.671383666992	-1.5523586697049725	2.409817439408191	1025503.3312980202	789.0028543720213	1.5042402508767054	2.262738732357614	622525.504207197	801.7821566843576	644.788201530381	1.453431	18.599092	0.2114501468071497	0.1418495269271898	0.0280632202	0.1635540074	0.1537109414	-0.0992940402	0.1337635321	0.110869851	-0.0650534202	-0.0362555222	-0.1283406966	-0.0995546557	0.0555846741	0.1072298196	-0.073395514	-0.1580745756	0.0433615019	-0.0869623254	-0.0056792106	0.14009691	0.1820749175	0.0479483099	0.0687174322	-0.1054255573	-0.0586937273	0.0964235908	-0.0116795003	0.2182253602	-0.143773924	0.067595082	0.0946063738	-0.1002386413	0.0152077216	-0.0636346272	-0.1008917051	0.1663771389	-0.1304389845	-0.0930263532	-0.0673971789	0.1411228979	0.254400469	-0.1100745337	-0.1357585717	0.1216343693	-0.0187331692	-0.002786069	0.1115225262	-0.1566256893	-0.1117158567	0.0669650776	0.1849691397	0.0514625719	0.0807226344	0.0506304355	-0.0205648611	-0.0495361071	0.0702821208	0.3635339384	0.0907584452	0.0297640891	-0.0569619975	-0.2477313086	-0.0130409138	0.0655411816	-0.1749941626	0.1183356687	-0.2109832842	0.2030524712	-0.0501237214	-0.1124642102	0.0611443214	-0.1082959623	-0.0004606210655708	0.0109308660944834	0.0001194838335755	2.1217176604757927e-07	-0.0374975813260363	-0.0696443441019027	0.0014060686053027	0.0048503346653842	0.0444484962187061	-0.1232993719591633	0.0152027351255241	0.0019756688161043	-0.0004340051428135	-4.399778375070002e-05	1.8836046398856653e-07	1.935804974973362e-09	-3.593428978820867e-05	-1.4225714606297402e-08	1.291273182582958e-09	2.0237095605982324e-16	-0.0003030073023218	0.0001074992835666	9.181342526033473e-08	1.1556095967353769e-08	0.0
860.1122518533946	1.7328112159187867	3.002634710013944	739793.0857883173	1017.1685603671604	4.497176700168325	20.224598272536863	1034631.8801994016	789.33200586276	0.3291514907386954	0.1083407038555055	623045.0154793281	802.655546518807	654.2252140989398	1.136864	14.548083	0.1180348562200396	0.0779001941750378	0.1376398914	0.1001863238	0.0667157347	-0.1745150438	-0.0196350839	0.110122093	-0.00627994	0.0332676531	0.0429992417	-0.1170576249	0.0839079788	0.0500621183	-0.0559724485	-0.0189697471	-0.0617357641	0.0636488841	0.1454906104	0.1922386126	-0.0509679262	0.1396746245	-0.0177555961	-0.1485825631	0.207127596	0.0185236405	0.0552333442	-0.046560827	-0.0803311388	0.0606612046	0.1792668261	-0.0324656689	-0.0491382159	-0.0573375097	-0.0397977153	-0.0125699883	0.0790031253	0.0589360779	-0.0182075861	0.1695327398	0.070394557	0.1745488524	-0.1343237948	0.0222418494	-0.0015820145	0.0586398045	0.058245646	0.0234970274	-0.1842454535	-0.0708878789	0.0953006459	0.0282317248	0.0010769499	-0.0065139715	-0.0376617722	0.0327959669	-0.0924634339	0.0426862758	0.1190153876	-0.0807969835	-0.0253287457	-0.1573265403	-0.0044612973	0.0773043257	0.2093922416	0.0269606704	-0.139151198	0.0471859726	-0.0481461915	-0.1026040827	0.055595093	-0.1165920251	-0.0004590978059582	1.5232596125999917e-06	2.320319847378276e-12	2.107707954356331e-07	0.0317170411588989	0.0692146224849352	0.0010059706998752	0.004790663965732	0.0138333743251308	-0.0306151218935753	0.0009372856885584	0.0001913622452191	-0.0003729997258731	6.10054169404e-05	1.3912879550140777e-07	3.7216608960720436e-09	-3.6000008355907553e-05	-6.571856769888029e-08	1.2960006016254135e-09	4.318930140392313e-15	-6.66619156863878e-09	0.0003030006361302	4.4438110029790755e-17	9.180938549532489e-08	0.0
859.859545975157	-0.2527058782376343	0.063860260895854	739358.4388046031	1017.8788862440322	0.7103258768718206	0.5045628513537208	1036077.4270613914	787.8491827635872	-1.4828230991727196	2.198764343440189	620706.3347812523	801.7158473670905	661.1081715889103	1.089682	13.944317	0.0138141297344771	0.0102836218842547	0.1351027371	0.0785215285	0.0007026988	-0.114774001	0.0172164235	-0.1596800451	0.0078309152	0.1655303216	0.0930687202	0.0044491693	0.2473484688	0.0473151041	0.119911505	0.0941234782	-0.0494212952	0.1107273277	0.1374849012	0.0623529316	0.1527760144	-0.1941613439	-0.1350104226	0.0665010023	0.0283120237	0.1263137798	-0.0683038383	-0.1290882861	-0.0543508122	-0.0405484973	0.1370465779	-0.0253894727	-0.0428161031	0.2259421858	-0.0532157044	-0.0736054645	0.03110155	0.0682146412	-0.0297859038	0.0412683401	0.2017128684	0.030807234	0.1883832066	0.1057413454	-0.0695878391	-0.167718922	-0.1813108123	0.032888319	-0.1429294226	0.1277269966	0.0403111468	0.0998757252	-0.0195432479	0.0109981385	0.0012948488	0.1019784949	-0.1497780345	-0.080207153	0.1056660533	-0.0739164413	-0.0876329944	-0.0929654612	-0.0437991258	0.2272318233	0.0942572483	0.2003938851	0.0069387507	-0.2086955254	-0.0047074766	-0.0311174444	0.0499642712	-0.1242038795	-0.0004494750775734	9.62272838480005e-06	9.259690156763655e-11	2.0202784535961399e-07	0.0218812751887043	-0.0098357659701946	0.0004787902038838	9.674229222043814e-05	0.0137650405602585	-6.833376487229946e-05	4.6695034216227075e-09	0.0001894763416255	-0.0003470001856942	2.5999540178900003e-05	1.204091288718093e-07	6.759760895142355e-10	-8.799996964969914e-05	-5.199996129379159e-05	7.74399465834797e-09	2.703995974555823e-09	-1.5310139385790603e-08	-8.643947817151823e-09	2.3440036801233667e-16	7.471783386564376e-17	0.0
859.0483288134142	-0.8112171617427748	0.6580732835060032	737964.0312371198	1015.9502972073024	-1.928589036729818	3.719455672594447	1032155.006395606	788.0324616060307	0.1832788424434284	0.033591134087403	620995.1605448602	801.2080421641001	653.9927040956202	1.317014	16.853413	0.0569452275291304	0.0297162135625463	0.1304175106	-0.0128536266	0.1756662824	-0.0678667627	0.0351632915	0.1723421636	-0.0256514049	0.1118684725	0.1107369578	-0.0241401122	0.081996124	-0.0540457484	0.0728130611	-0.2249263711	0.0130873671	0.1436029639	-0.1089457107	0.1323757724	0.1241881261	-0.1690170851	-0.1017589946	-0.0187005177	0.0459394304	-0.0246133743	0.0299447005	-0.1577290338	0.180452548	0.0198531095	0.0729768819	0.0903478625	-0.0576107854	0.0200817899	-0.1822067992	0.1532665509	0.0798735401	0.1973656236	-0.1497748583	-0.1002648976	-0.0278165991	0.0441679051	0.001691487	0.0506780912	-0.109014839	-0.1845240202	0.1477687765	0.0321311607	-0.0276821157	0.1631195471	0.0865683364	0.1156421826	-0.1145706622	-0.0835791069	-0.097898799	-0.205387035	-0.0483720286	-0.0212979145	-0.070250823	-0.0767350482	-0.0413162647	0.0507692924	-0.1327443696	0.0728543868	0.1015751762	0.0457593338	0.1289332676	0.0529817794	-0.2117053729	0.0783232098	0.0442601199	-0.1310868562	-0.000446668759821	2.806317752399967e-06	7.875419327435203e-12	1.9951298100003018e-07	0.0117671895285553	-0.010114085660149	0.0001384667494009	0.0001022947287408	-0.0097099496222341	-0.0234749901824926	0.0005510751640681	9.428312166632414e-05	-0.0004720052241659	-0.0001250050384716	2.227889316399015e-07	1.562625964331119e-08	-3.593152243408504e-05	5.20684472156141e-05	1.2910743044311562e-09	2.7111231954451922e-09	-0.0002900087318268	-0.0002899934216874	8.410506453578883e-08	8.409618462197447e-08	0.0
860.1067819974503	1.058453184036125	1.1203231427962113	739783.6764380095	1024.306692504883	8.356395297580548	69.82934236942629	1049204.200310293	788.1684788748545	0.1360172688238208	0.0185006974182915	621209.551091902	802.1439867261212	657.9837290320066	1.287836	16.480034	0.0764349019343255	0.0412236828764982	0.082189528	-0.1145678601	0.1188964878	-0.090637991	-0.0824307119	0.156327166	0.1696777715	0.0884191953	0.1351570702	0.0149384632	-0.0216161137	-0.1543071407	-0.1278759883	0.0117150163	0.0748640991	0.1122552059	-0.1302409598	-0.2106706677	-0.0114875206	0.1040691297	-0.0395662814	0.0136886915	0.1611205608	-0.0112408074	0.1355985414	-0.1140934721	-0.0108236985	0.0091764889	0.0374789166	0.1287316178	-0.1547305963	-0.0920120755	0.0726102358	-0.008948744	-0.0194947684	0.0742687018	0.2672001015	-0.1845101975	-0.050053649	0.0732785586	-0.2811799161	-0.0190124906	0.0185951321	-0.1245772348	0.051225439	0.1831577098	0.0050634	-0.117449352	-0.1005390159	0.1243689313	-0.0912385051	0.0099838976	0.0461239332	-0.0938035338	0.1007888284	0.0761322863	-0.1437817934	0.0457971195	-0.0640144766	-0.1096472013	-0.0126495293	0.0886449384	-0.0311876161	0.0374098132	0.0361126843	-0.1064076565	0.0511704233	0.0456855339	0.0384910108	-0.1372005631	-0.0004600621120687	-1.3393352247699974e-05	1.7938188443096995e-10	2.116571469611131e-07	0.0433640247463529	0.0315968352177975	0.0018804386422023	0.0009983599957806	-0.0299316469461103	-0.0202216973238762	0.0004089170426584	0.0008959034889065	-0.0006739996409053	-0.0002019944167393	4.542755159404733e-07	4.080174439389039e-08	-3.6000009253855936e-05	-6.848681977089656e-08	1.296000666277713e-09	4.690444482331266e-15	-1.2114577890441798e-08	0.0002899966172489	1.4676299746358122e-16	8.409803801581058e-08	0.0
859.7573403023105	-0.3494416951398307	0.1221094983021983	739182.6842037028	1018.5658738878038	-5.740818617079071	32.95699839420166	1037476.4394488255	787.8294212830542	-0.3390575918002696	0.1149600505573982	620675.1970391921	800.0274063929719	659.6037886591241	1.241521	15.887356	0.0731402257751343	0.0355409034853139	0.0471644483	-0.1241255147	0.0476100718	0.1161827911	-0.0023928056	-0.1729686476	0.0280094062	0.1123111875	0.0173127304	0.0430708168	0.0502100487	-0.0771427886	0.0862540013	0.0059513417	0.3386646883	0.016040458	-0.0385824976	-0.0900601455	0.0107496256	-0.116079112	-0.11603902	-0.1164452449	0.0913999816	0.1697993945	-0.018503016	0.0048449776	-0.0017267884	-0.0149343826	-0.0699083987	0.1062616498	0.0940833829	0.2099715342	0.0701643031	0.1664271581	-0.0217496207	0.0768314789	0.1216329691	-0.1264517238	0.0213107589	-0.006057686	0.0518310915	-0.023398809	-0.0398231989	0.0732249923	-0.1440081241	0.0705325086	0.0873848251	0.1818155342	0.0025369329	0.1128793467	-0.1924261614	-0.0038069329	0.0571340433	-0.1131725251	0.0331956879	-0.0373920244	0.0163951671	-0.0075584945	-0.1488360425	-0.1209081008	-0.0230578947	0.0859618129	-0.0739005657	0.1115676209	0.0571844928	-0.0788748655	0.0586910447	-0.0665911424	0.0326654109	-0.1425091225	-0.0067195230865024	-0.0062594609744337	3.918085169045849e-05	4.515199051003874e-05	0.0328206872612923	-0.0105433374850605	0.0010771975123035	0.0001111619653238	-0.0024446917105365	0.0274869552355738	0.0007555327081224	5.976517559565878e-06	-0.000255003024129	0.0004189966167762	6.502654231493537e-08	1.7555816486998558e-07	-3.597986711834089e-05	2.01421355150444e-08	1.294550837853468e-09	4.05705623106413e-16	-0.0001580047972674	-0.0001579926826895	2.4965515959512174e-08	2.4961687783428054e-08	0.0
859.0418022154014	-0.7155380869090777	0.5119947538175028	737952.8179534848	1018.8410244411892	0.2751505533854015	0.0757078270282926	1038037.033084372	787.6902536164123	-0.1391676666419243	0.0193676394385577	620455.935642288	800.8290790840002	653.1781350000464	1.159293	14.835098	0.0512657776852945	0.0297482527422362	0.041653557	-0.1292195825	0.1514747029	0.0667796857	0.0266996928	0.2002125733	0.0911293656	0.0912723277	0.1080774413	0.0457082644	0.0119022885	-0.1792482126	-0.0837525651	-0.0853157977	0.1313081701	0.1058488156	-0.0006428085	-0.1768686153	-0.0301959438	-0.0889759537	0.1230670819	0.1120595939	-0.049300677	0.0394652531	-0.2866092231	0.0583502416	0.0653808537	-0.0025392078	-0.0310197563	0.1845267982	-0.142478194	-0.0920494679	-0.0456267638	0.0995321689	-0.0671663625	0.1161469339	0.1889827165	-0.132028744	-0.0257575727	-0.0598791606	-0.0040971736	0.0558258795	0.0152157841	0.042377263	0.1066637033	0.1406114251	0.0542843677	-0.0201112407	-0.0627164431	0.1387820978	-0.0923255891	0.0287150612	0.0422408392	-0.1631925252	0.072767721	0.0633724266	-0.0494958406	0.0659079715	-0.0423092531	-0.0954831067	-0.035259761	-0.0394517096	0.0317950804	-0.0259394949	-0.0128180067	-0.123897301	0.0762210801	0.0439651756	0.0267918699	-0.1469813818	-0.0004512777580458	0.0062682453284566	3.929089949771799e-05	2.036516149068436e-07	0.0327872811685665	-3.3406092725798975e-05	0.0010750058064266	1.1159670312046792e-09	-0.0299581147965852	-0.0275134230860487	0.0007569884499119	0.0008974886421653	-0.0004460001934373	-0.0001909971693082	1.98916172546109e-07	3.6479918683783394e-08	-3.599999037939838e-05	-2.0123261057491962e-08	1.295999307316776e-09	4.049456355879724e-16	-8.026275487906529e-09	0.0001579967709919	6.442109820776919e-17	2.4962979643870712e-08	0.0
861.9698042332445	2.9280020178431414	8.573195816493508	742991.9434098979	1021.213641526964	2.372617085774777	5.629311835710398	1042877.3016407626	791.3027922896413	3.612538673228983	13.050435665575018	626160.1090853831	803.1626445920997	659.6713645985418	1.412296	18.072699	0.1417185096470111	0.1110593328441089	-0.0767555815	-0.0610397984	-0.0135197752	0.0487501645	-0.0513457204	-0.12009387	0.0745437101	-0.0184656691	-0.0511654537	-0.1924322232	-0.1113807267	0.0188329726	0.0624335299	0.0344582182	0.0210627538	-0.2397936066	-0.0194448876	-0.1555253699	0.2021186997	-0.1237732462	-0.2277362964	-0.0518521991	0.0563772921	0.1497087986	0.0965651228	-0.0906863929	-0.2791713733	-0.172739019	0.0376034001	0.0248373047	0.2327044418	-0.0769264079	0.0279466737	-0.0193087535	0.0236022529	-0.1192086294	-0.0450906367	-0.2399041223	0.1520901941	0.0775154196	0.1915385551	-0.204277527	0.1604963255	-0.0444749537	-0.0833043256	0.0073179149	0.0471806026	-0.0727851789	-0.0539901433	-0.0158357324	-0.6078166754	-0.0441178745	-0.0430102187	0.2687424965	-0.1313516945	-0.0273272274	0.0864892716	0.053662523	0.3985624442	-0.0246688254	-0.0802043295	0.0920926496	-0.0380745082	-0.1308492629	0.1149875644	0.0393137657	-0.1445505177	-0.1369983456	0.0208790082	-0.1505910958	-0.0016019992170726	-0.0011507214590268	1.3241598762647674e-06	2.566401491501223e-06	0.1406064647538869	0.1078191835853204	0.019770177930586	0.011624976349005	-0.0080096882302314	0.0219484265663538	0.0004817334287386	6.415510554550743e-05	-0.0006619998434514	-0.0002159996500141	4.382437927296781e-07	4.66558488062137e-08	-3.599998645165137e-05	3.927747016518879e-12	1.2959990245190821e-09	1.5427196625772954e-23	-1.1933059843591885e-08	-3.906784355685356e-09	1.4239791723074514e-16	1.5262964001827842e-17	0.0
863.3212121376755	1.351407904430971	1.8263033241585085	745323.5153268653	1020.068019273546	-1.1456222534179688	1.3124503475264646	1040538.7639446557	791.1844171428185	-0.1183751468228138	0.0140126753853227	625972.7819296214	802.8234567690523	662.4800900059564	1.435704	18.372252	0.2487274286057826	0.1864180339904906	-0.0987756684	0.0995812176	-0.2633102226	0.0495436693	-0.0050384175	-0.0639011451	-0.1679084409	-0.0572421366	-0.0071232721	-0.1740977636	-0.1771703704	0.1397614071	0.173435777	0.1278983525	-0.0293492573	0.2109685524	0.0200995588	-0.0347418386	0.0554390308	-0.0741932598	-0.1204955677	-0.1093657273	0.1059884488	-0.2093414807	-0.0856718715	0.0683308261	-0.0591937157	-0.0934099768	-0.0318386426	-0.1274041737	0.2075898613	-0.1171237458	-0.1204379285	-0.1892855797	-0.1001824102	0.2297896485	0.0704978762	-0.0714275063	0.1466129048	0.0614606609	0.0884719093	0.1055027748	-0.0744092918	0.2317535658	0.0026506593	-0.0655488471	-0.0941779052	0.0565765497	-0.3565490089	-0.1038047188	0.112410059	-0.1917483563	-0.0990133036	-0.0522773924	0.1349268545	0.2335333917	0.0733023051	0.1057129295	0.045601513	-0.1155873614	-0.173125829	-0.158241213	-0.0125291016	-0.015010577	0.1454906375	-0.2141848137	0.0364282477	-0.0639422199	0.0149355036	-0.1533170814	-0.0004489751698457	0.0011530240472268	1.3294644534835e-06	2.0157870313797522e-07	-0.0286878637028138	-0.1692943284567007	0.0008229935238312	0.0286605696476052	-0.0859897374187568	-0.0779800491885254	0.0060808880714448	0.0073942349413467	-0.0006559994512102	6.000392241200061e-06	4.303352799880835e-07	3.6004707048253886e-11	-3.599997520709053e-05	1.1244560838008509e-11	1.2959982149111328e-09	1.2644014843967466e-22	-1.1798279011480516e-08	1.347808321113686e-10	1.3919938763274166e-16	1.8165872704632922e-20	0.0
862.4799231125854	-0.8412890250900773	0.7077672237370127	743871.6177722913	1021.8285651312934	1.7605458577473885	3.099521717231487	1044133.616518278	788.8320506606606	-2.3523664821578905	5.5336280663798885	622256.004149503	801.2832794344051	671.4344232074499	1.310774	16.77356	0.1105971632365022	0.0578832427746853	-0.100674373	-0.0469733444	-0.2106117218	0.0266323528	-0.0864886958	0.0309344011	-0.1242387871	-0.0661566214	0.1248274412	0.0327503004	-0.1332459743	-0.0177867312	0.1363457767	0.0504555375	-0.1577890665	0.0238764684	0.0993590908	-0.017494465	-0.141980966	-0.03657777	0.1149207753	-0.1381428926	-0.1074204096	0.1506673399	0.0833318539	0.0315127104	0.2766928649	0.0069605311	-0.0776809428	-0.0482200635	-0.0034906396	-0.0609970302	-0.08813574	-0.153517383	0.2962713085	0.0629233877	0.0048372631	0.0608802734	-0.1181043854	-0.039518675	-0.0247828141	-0.3031737665	0.0586653949	0.0177909612	0.0414352454	-0.0293542481	0.1144480236	0.0471473649	-0.1909546897	-0.1083056238	0.1502546976	0.0319829402	-0.0539703685	0.0061745789	0.0118625274	-0.1377859884	-0.0295437316	-0.3475616814	0.1421443942	-0.1207763475	-0.1500440156	0.0098662043	0.0533429849	-0.1740829977	-0.0783937413	0.0002695229	0.3130378721	-0.0095174195	0.0089700792	-0.1551433414	-0.0004863282736096	-3.735310376389999e-05	1.395254360796679e-09	2.3651518971209398e-07	0.004600749767988	0.0332886134708018	2.116689842764164e-05	0.0011081317868084	-0.0431182650963108	0.042871472322446	0.0018379631390942	0.0018591847849157	-0.000108002386624	0.0005479970645861	1.1664515516479974e-08	3.0030078279509176e-07	-3.599247816876705e-05	7.497038323478478e-09	1.2954584847291728e-09	5.620558362370498e-17	-0.0001400017234443	-0.0001399899251652	1.9600482567374255e-08	1.959717914778308e-08	0.0
859.2065330113321	-3.2733901012533124	10.715082754983172	738235.8663693534	1018.2378044976128	-3.5907606336805884	12.89356192839022	1036808.2265081188	787.32094659921	-1.5111040614506237	2.2834354845325704	619874.272953876	800.9403743724572	669.7045143618442	1.142213	14.616541	0.0654360077903166	0.0401426007453713	-0.1096384557	0.0132075764	-0.1562257268	0.1097275715	0.100523704	-0.0476246208	-0.053424561	-0.1853327635	0.2525447864	0.1673497804	0.0295858815	0.0628019927	0.2081639886	-0.0388525285	-0.3077349077	0.086986949	0.0016783904	-0.1290258833	-0.0570194692	-0.0787543894	-0.1587416307	0.2574990191	-0.0197143948	-0.084518208	0.188008548	0.2449854183	0.0588834255	0.0253659592	-0.1241947207	-0.0603223024	-0.1196661589	0.0529241782	-0.2794586823	-0.245779303	0.0256859833	-0.0235122949	-0.0153787185	-0.0835728955	-0.1740164106	0.1017955942	0.1903403592	0.0381757971	0.263714568	0.0786899353	0.0256938892	-0.0638565558	0.0284232146	-0.0415099834	-0.2247491892	0.0246921488	0.0324985844	0.0536355375	-0.1453035191	0.0496063606	-0.0108861376	-0.2100162659	0.030236931	-0.1162287874	-0.0863436719	-0.0026175006	-0.2371121685	-0.0283774687	0.0137007086	-0.1232468052	0.1007705717	0.0720179605	-0.1822295091	-0.0250520634	0.0029914899	-0.1560591586	-0.0004667918343841	1.9536439225500003e-05	3.816724576116552e-10	2.1789461664767307e-07	0.0390996762307196	0.0344989264627316	0.001528784681347	0.0011901759270809	-0.0620356615345656	-0.0189173964382547	0.000357867888002	0.0038484233020311	-0.000207999868056	-9.9997481432e-05	4.3263945111313406e-08	9.999496292743184e-09	-3.600000020198557e-05	-7.522033218521074e-09	1.296000014542961e-09	5.65809837405345e-17	-3.757907422808943e-09	0.0001399979655368	1.412186819840255e-17	1.9599430354464648e-08	0.0
857.4348463549229	-1.7716866564092015	3.1388736084984163	735194.5157436903	1016.8173350016276	-1.4204694959852304	2.0177335890245347	1033917.4927598122	787.2514822445875	-0.0694643546224824	0.004825296563118	619764.8962963	800.4399034370647	664.5555922316246	1.152634	14.749894	0.0946849979680992	0.0669107323375163	-0.1516364462	0.0552893709	-0.0286025552	-0.0602873706	0.1898930031	-0.0528372193	0.1204573584	-0.1540889153	0.0969080763	0.1982060661	-0.001901264	0.0975360641	0.1550963422	0.1502502026	-0.088613917	0.0226454583	-0.0326558841	-0.0424339058	-0.1824247537	-0.1979287565	0.0064274768	0.1085670856	0.2060982313	-0.0019654975	-0.1584053799	-0.0359854994	0.0245106746	0.1196132422	-0.1338088629	-0.1554413557	-0.1179490712	0.1229419666	-0.0486485458	-0.1610609714	0.220375347	0.1083269955	-0.0594989087	-0.1375896629	-0.1203695321	0.0328359871	-0.0354843458	0.0932151085	0.0922171881	0.1423390005	-0.1615383691	-0.1271018413	0.0798521676	-0.0313662024	-0.0956769664	0.0972753004	0.0602863871	0.0422350897	-0.1759014595	-0.0177331272	-0.0296671093	-0.2529475504	0.0194745323	-0.1159282882	-0.1282339481	-0.1169170852	0.1068433189	-0.0511485685	-0.0331445721	-0.1140027555	-0.2179150593	-0.0535343937	0.2809038498	0.1790542522	-0.0029914899	-0.1560591586	-0.0004915098760136	-2.4718041629499997e-05	6.109815819976946e-10	2.415819582189044e-07	0.0297743942767425	-0.0093252819539771	0.0008865145545469	8.696088352117103e-05	0.0028988760334982	0.0649345375680638	0.0042164941691782	8.403482257590259e-06	-0.0001080055886678	9.99942793882e-05	1.1665207183478007e-08	9.998855910365396e-09	-3.598335617338577e-05	1.66440285997993e-08	1.2948019215007401e-09	2.77023688030937e-16	-0.0003080020425792	-0.0003079982846717	9.486525823295934e-08	9.486294336075713e-08	0.0
855.8521766501513	-1.5826697047716607	2.504843394402016	732482.9482768017	1014.6539781358508	-2.163356865776791	4.68011292870358	1029522.6953469076	786.9448211511252	-0.3066610934622531	0.0940410262434647	619282.1515365764	799.4051018650167	647.6209209240702	1.241471	15.886704	0.032740094506126	0.0221474626257452	-0.1857888874	0.051453035	0.1715678455	0.0246783066	0.2331789152	0.1090148849	0.1331426118	-0.1500935956	0.0395538967	0.1773161406	-0.1117008044	0.0917346112	-0.016815511	-0.0235789353	-0.2200019784	0.0446234324	-0.1026666183	0.1059092523	0.0189877839	-0.047904068	0.1797325679	-0.1207757271	-0.0430081292	0.1729748834	0.0947972418	-0.0534200841	-0.0336398719	-0.0895045184	-0.1547804476	-0.1065650731	-0.1366347183	-0.0890847589	-0.0690413931	-0.0506781902	0.0548885391	0.0397394309	-0.2858607965	-0.0091077001	0.0006204183	-0.201470628	-0.0477378565	-0.1764956181	-0.0725655779	-0.2536228103	0.0910579256	-0.1576642243	0.0960041871	-0.1510479315	0.0429552114	0.1337448414	0.0671012998	0.0281237428	-0.2721583585	-0.0504911084	-0.1556379478	-0.0358883914	0.0016474524	-0.0262455351	0.0260484033	-0.0595958251	-0.0318974453	-0.0863781466	-0.2349315899	-0.0910855187	0.0077486762	0.2086304928	-0.2227225332	-0.0839405285	-0.0089700792	-0.1551433414	0.0016221504692026	0.0021136603452162	4.467560054939466e-06	2.631372144734216e-06	0.0091422538070844	-0.020632140469658	8.358080467314922e-05	0.0004256852203597	0.0099429599899991	0.0070440839565008	4.961911878623336e-05	9.88624533627229e-05	-0.0001080067430933	-1.1544254999910995e-09	1.1665456553622106e-08	1.3326982350297e-18	-3.598018082406895e-05	3.17534931681962e-09	1.294573412132699e-09	1.0082843283826828e-17	-0.0003670019074994	-5.899986492019998e-05	1.3469040010819818e-07	3.4809840606018438e-09	0.0
856.2287724793173	0.3765958291660354	0.1418244185452537	733127.7108214385	1013.0660992092556	-1.587878926595181	2.521359485525064	1026302.9213670574	785.7015437980665	-1.2432773530587156	1.545738576628686	617326.915926665	798.1105843247373	647.166834689603	1.024372	13.108568	0.0753393195157454	0.0368676816489765	-0.1843631957	0.0663022089	0.1555075036	0.0010190033	0.1634580276	-0.055351884	0.1867475205	-0.0777158176	-0.1369364864	0.2295317467	-0.0511901649	0.0330497438	-0.2098210884	0.1587914861	-0.0693328368	0.0774343074	-0.1478080571	0.1919357453	0.0533871112	-0.1047288587	-0.1259773201	-0.0473529956	-0.0866511551	-0.042651455	-0.3097756333	-0.1667534616	-0.0492877592	0.0526729907	-0.1471648381	-0.0892116204	-0.1635341676	0.0020520675	0.2152721254	-0.114490443	-0.2185009769	0.0777717093	-0.2213018621	0.0077635834	-0.1174811425	0.054771123	0.0717791431	0.1432285034	-0.0849725462	-0.1126892122	-0.0932188401	-0.1067042518	0.0326118894	-0.2343114079	-0.0504951361	0.1789799149	0.0757992145	-0.0090738968	-0.1616176314	0.0014909006	-0.1069884693	0.0120397641	-0.0256864383	0.0555081621	-0.0963907501	0.1513006385	0.1119216643	-0.0128946823	-0.0929968205	-0.0913101715	-0.078594259	-0.0152253221	-0.0790429727	0.0273836287	-0.0149355036	-0.1533170814	-0.000429032050178	-0.0020511825193806	4.207349727812546e-06	1.840685000799379e-07	0.0251428180168744	0.01600056420979	0.0006321612978296	0.0002560180550316	0.0215819293580068	0.0116389693680077	0.0001354656079494	0.0004657796748139	-0.0005279997263651	-0.0004199929832718	2.787837110416205e-07	1.763941059975465e-07	-0.0001620001075	-0.0001260199266759	2.6244034830011563e-08	1.588102191940704e-08	-4.274907578860447e-08	0.0003669591584236	1.827483480779849e-15	1.3465902395096513e-07	0.0
858.46717706937	2.23840459005271	5.01045510876904	736965.894105453	1016.1339408026802	3.067841593424532	9.411652042345573	1032528.1856511848	788.0745906201764	2.3730468221099272	5.6313512199260245	621061.5603811586	799.9805320113626	646.3227102575522	1.171274	14.988422	0.0559777988664546	0.03878857355724	-0.1733985507	0.1164326344	0.0689931673	0.0485759711	0.1706511664	-0.1414227811	-0.073944242	-0.0615693785	-0.1166664243	0.0402140336	-0.118187692	0.1888986007	-0.0010274833	0.161341488	0.1130435384	0.1157416987	-0.1646386563	0.0729415284	0.0086960645	0.1425551687	-0.0119864966	-0.0307715406	-0.0202727984	0.1787382344	-0.0054387456	-0.0701167989	0.0142884132	-0.0069638697	-0.1444955273	-0.1580368062	0.1155407292	0.0662873967	0.0760645101	-0.0341814324	-0.2535119592	0.1775020309	-0.0747838067	-0.0127834405	-0.0141565041	0.0247423684	-0.1142589564	-0.1092846273	-0.058551318	0.0530060799	-0.0764041163	-0.1815888637	0.0341688643	0.0900875253	-0.0745763804	0.0963007543	-0.033695401	-0.1363301945	-0.1395739925	-0.0121691242	-0.0743754378	0.0275729571	-0.0813384415	0.2819821282	0.0068932354	-0.0246782498	0.1385995182	-0.1278144576	0.0816265952	0.1997584095	-0.1289211357	-0.0363059615	-0.1078838349	-0.0008336969	-0.0208790082	-0.1505910958	-0.0004690034685381	-3.997141836010001e-05	1.5977142857181402e-09	2.1996425350076854e-07	0.020028737688662	-0.0051140803282123	0.0004011503334012	2.615381760340903e-05	-0.0131399699555601	-0.0347218993135669	0.0012056102919414	0.000172658810433	-0.0003319996947734	0.0001960000315917	1.1022379732963077e-07	3.8416012383947424e-08	-3.5999980045664515e-05	0.0001260001274543	1.2959985632882432e-09	1.5876032118508793e-08	-5.951995519793687e-09	3.6797080268810784e-08	3.542625066764413e-17	1.354025116309304e-15	0.0
859.5782576984332	1.1110806290631672	1.2345001642794031	738874.781107874	1017.329039340549	1.19509853786883	1.4282605152162156	1034958.3742855644	788.0901369197323	0.0155462995559219	0.0002416874298824	621086.0639101624	800.5562889153231	646.8920599682497	1.220889	15.623335	0.0555435523733112	0.0327296267926642	-0.0638645027	0.1780339046	0.0856088494	-0.1184328319	0.0249003055	0.0846951939	-0.0970863381	-0.096392322	-0.0989590634	0.0296700024	-0.0503428857	0.153541314	-0.2268733591	-0.0082858982	0.0543344034	0.0773102961	0.1859635182	-0.103852133	-0.0011805132	0.0327853307	-0.044513785	-0.1448477195	-0.2430741206	-0.1454000128	-0.1067476455	0.0728617427	0.0531510987	0.0014609156	0.0101084789	-0.1624543588	-0.0963341857	-0.1391043288	0.0773436235	0.0989555167	-0.113418149	0.0771931528	0.1756428169	0.1385949577	-0.0169625189	-0.0258719621	0.1781754496	-0.0941919367	0.0391300148	0.0816071556	0.1099373158	-0.1342391197	-0.106930356	-0.1215345299	-0.0406577916	0.0451636157	0.089172926	-0.1861530754	0.1427476862	-0.119100124	-0.0507944443	-0.0709779878	-0.1440946088	0.1095105681	0.2046491297	-0.0175594328	0.0158855002	0.009264195	0.0731756667	0.1228063028	0.1837788157	0.0839419617	0.1674410618	-0.0107055649	-0.0267918699	-0.1469813818	-0.0146181040622792	-0.0141491005937411	0.0002001970476118	0.0002136889663756	0.0128281030775951	-0.0072006346110669	0.0001645602285694	5.1849138802094585e-05	-0.0130962811833938	4.368877216629971e-05	1.908708813398844e-09	0.0001715125808345	0.0001799968858729	0.0005119965806462	3.2398878923941784e-08	2.621404985935031e-07	-3.601542894582366e-05	-1.5448900159142912e-08	1.2971111221516727e-09	2.386685161271658e-16	-0.0001709964903758	-0.0001709905383802	2.9239799720841063e-08	2.9237764215578082e-08	0.0
860.572751362927	0.9944936644938024	0.9890176487183118	740585.4603883581	1018.020076666938	0.6910373263890506	0.4775325864629272	1036364.8764969584	788.2695777932734	0.1794408735410115	0.0321990270971613	621368.9272743855	800.8249146249881	651.4551887260412	0.969558	12.407125	0.069011275713001	0.0431309576900179	0.0242274471	0.1921609734	0.0347443698	-0.144518035	-0.0367062555	-0.0458699675	-0.0342459412	-0.001327199	-0.1346101552	0.0316836604	0.0605858048	0.1183630576	-0.2322566028	0.1075404006	0.1152745187	0.086153317	0.250187829	-0.0792936399	0.0616227317	-0.1032642295	0.0620024654	0.1592633011	0.0133757189	-0.058299169	-0.0451408278	0.1609709617	-0.0222148068	0.1443614028	0.0624060924	-0.1438150301	-0.0612518372	0.0160573213	0.2274010647	0.032234038	-0.025183739	0.0587419369	0.1890533959	0.1922034434	-0.0073941539	-0.0970350075	0.1579408981	0.1088798966	0.1223780652	0.128012517	-0.0137584738	-0.0463902203	-0.1829634338	-0.0776017518	-0.0453667163	0.0850871798	0.0573944606	-0.1445694414	0.1868234841	0.1393397345	0.022273641	0.1215331867	-0.0170872425	-0.0613268754	0.0046068217	0.2366009603	-0.1253808681	0.0123065495	-0.0359074232	-0.0982287002	-0.0290975058	-0.2086975679	0.0089407651	0.0112003295	-0.0326654109	-0.1425091225	-0.0117869079187187	0.0028311961435605	8.015671603311855e-06	0.0001389311982843	0.0458759662809882	0.0330478632033931	0.0021046042822143	0.0010921612623101	-0.0131283213825241	-3.20401991302996e-05	1.026574360309251e-09	0.0001723528223228	-0.0003110003196189	-0.0004909972054918	9.672119880305797e-08	2.4107825580075685e-07	-3.599999019598954e-05	1.543874983411797e-08	1.295999294111343e-09	2.3835499644047767e-16	-5.611279091144493e-09	0.0001709908790967	3.1486453038715367e-17	2.9237880734265305e-08	0.0
861.2527884063228	0.6800370433958278	0.462450380390539	741756.3655376663	1017.764375729031	-0.2557009379070223	0.0653829696465308	1035844.3245031042	788.0704194437486	-0.1991583495247368	0.0396640481854172	621054.9860022459	800.8027406825845	658.34604613301	0.919731	11.769501	0.081930589391242	0.0406535300032761	0.0586872594	0.1665549613	-0.0214609208	-0.122117362	-0.0114974115	-0.1713032726	-0.1848162642	0.0652924601	-0.1194423568	0.0496896391	0.1274464495	0.1623838857	0.0098179483	-0.0496668231	0.1011166473	0.0076860049	0.2397626715	0.0197970044	0.00318231	0.0410663929	0.0762446199	0.093400473	-0.102064726	-0.2111110467	-0.0679472953	-0.1800290726	-0.0874997302	-0.1210465719	0.0458777695	-0.1643918776	0.0164389687	0.159963894	0.0609149309	0.1360897633	0.0077800301	0.0172246344	0.1415638914	0.1539124014	0.0029119689	-0.0473323161	0.1282188155	0.0782347073	-0.0113387873	-0.1812699301	-0.098174229	-0.0631820916	-0.1402593015	0.1437241201	-0.0651523821	0.1124616324	0.0507807219	-0.0917992224	0.1948604135	0.1468868655	0.1013544706	0.1406374642	-0.0851446319	-0.069900974	0.0069041956	0.0743829296	-0.0612844289	0.0304921981	-0.0435221604	-0.0886673771	-0.0422291092	0.0400750471	-0.0441959684	0.0894669901	-0.0384910108	-0.1372005631	-0.0004077614808011	0.0113791464379176	0.0001294849736555	1.6626942522510589e-07	0.0199267714750277	-0.0259491948059605	0.0003970762214179	0.0006733607110776	-0.0379809450097781	-0.0248526236272539	0.0006176529011579	0.0014425521838357	-0.0003079854965636	3.014823055299989e-06	9.485506609352729e-08	9.089158054768362e-12	0.000231019060557	0.0002670190507529	5.3369806340638844e-08	7.129917346502761e-08	-0.000124964227873	-0.0001249586165939	1.5616058247895072e-08	1.5614655861063512e-08	0.0
861.2388985400993	-0.0138898662235078	0.0001929283837069	741732.4403585634	1016.6950087229412	-1.0693670060898055	1.1435457937134743	1033668.7407621416	789.1791348515185	1.1087154077698642	1.2292498554262965	622803.7068849911	801.4079367223119	654.9411620967852	1.086221	13.900025	0.0340112791794322	0.0218784670698625	0.1340027446	0.1256941392	0.0700321319	-0.1647760035	-0.0146792157	0.0987955695	-0.1796561558	-0.0251563177	-0.0400717761	-0.0602369357	0.1219209983	0.1044137973	-0.0329353938	-0.2225959135	0.0523745813	-0.0121836879	0.1611478286	0.2500103108	0.0212985164	-0.0650168613	0.0570309281	0.0333038964	-0.1415365923	0.1921301122	0.1102262036	0.1347017657	0.0107501337	-0.0473130371	0.1455290883	-0.0797877732	-0.0027115263	0.0014477893	-0.0743752564	0.2359381417	0.1059480807	0.0452670312	-0.1457699339	0.2382310324	0.045443091	-0.0358929766	0.1319105416	-0.1523788808	0.1150602398	-0.0352586027	0.1419475822	-0.0147705169	-0.150989164	0.1069146814	0.0618189643	0.0716106343	0.0223980635	-0.0941395527	0.0184967794	0.1757605775	-0.1199436213	-0.0085348282	0.0198604761	-0.191012935	0.1290668282	0.0229739936	0.0371957369	-0.1413897189	0.1592457302	0.0906255727	-0.153076324	-0.0107502046	0.0218950081	0.1166478661	-0.0442601199	-0.1310868562	-0.0004786102757066	-7.084879490549997e-05	5.019551739561598e-09	2.290677960119477e-07	0.0368813327718129	0.0169545612967852	0.0013602327070252	0.0002874571487664	-0.0378926241955781	8.832081419999499e-05	7.800566220950037e-09	0.0014358509684273	-0.0002820014283944	2.5984068169199995e-05	7.952480561648192e-08	6.751717986216324e-10	-3.598869383436565e-05	-0.0002670077543913	1.295186083903708e-09	7.129314090511985e-08	-8.000508496273512e-05	4.495914291026487e-05	6.400813619894465e-09	2.0213245312256198e-09	0.0
863.4921124700841	2.2532139299847813	5.076973014277463	745618.6282980483	1021.5126556396484	4.81764691670719	23.20972181405829	1043488.105631967	790.2060919221187	1.0269570706002469	1.0546408248558403	624425.667710828	802.5674185863986	662.3746859736175	1.178282	15.078094	0.0524277189412284	0.0303179999152247	0.1754477773	-0.0293047726	0.0336065204	-0.1645656911	-0.2225657421	0.1294142953	0.0607137364	0.0517740667	-0.0032422197	-0.1418050041	0.0448669542	-0.0235550117	-0.1806625444	0.0474944092	0.040910485	0.0544369433	-0.0587330144	0.0445302817	0.0519764331	-0.0082138318	0.1172893861	-0.1072698349	0.0964801765	-0.042639204	0.0872021773	-0.0929224827	0.0763767315	0.0714929755	0.2020335685	0.0349081074	-0.0427617859	-0.1174002512	0.1459648243	0.06728813	0.1037941641	0.1705092586	-0.0693143722	-0.0534701932	-0.0112373551	0.03797351	-0.0645222174	-0.1766072905	0.0691231129	0.0263994235	0.0595799477	0.1595270065	-0.1146995835	-0.0773371077	-0.0033658958	-0.0586819162	-0.0785002051	-0.2315262924	0.0506943527	-0.0275725517	-0.07904815	-0.0278797753	-0.1095421949	-0.2152257123	-0.0693880914	0.2749235248	0.1742788618	-0.0073525955	-0.0964819382	0.2942219689	-0.0046854408	0.1868124062	-0.0571237928	0.2064790627	-0.0499642712	-0.1242038795	-0.0004595130648539	1.9097210852699972e-05	3.6470346235248165e-10	2.111522567714245e-07	0.0627368090190856	0.0258554762472726	0.0039359072058972	0.0006685056519732	-0.0481455127319208	-0.0102528885363427	0.0001051217233386	0.0023179903962195	-0.0005279997192421	-0.0002459982908477	2.7878370351973645e-07	6.051515909998961e-08	-3.599998656400594e-05	-1.1292729640288712e-08	1.295999032608608e-09	1.2752574272865523e-16	-9.529604867372645e-09	7.999555535786775e-05	9.08133689282524e-17	6.399288877013683e-09	0.0
864.4090851712402	0.916972701156169	0.8408389346656409	747203.0665265805	1022.935578833686	1.422923194037594	2.0247104161301483	1046397.1984438082	790.3570862345307	0.1509943124119672	0.0227992823807627	624664.3237611374	803.0105150526176	671.0849485114069	1.125258	14.399563	0.0612853756477481	0.033586153202541	0.1029394182	-0.1423422659	-0.108332637	-0.0313666268	-0.2090521989	-0.0433783397	0.0955746035	0.1717260207	-0.114437915	-0.0979061881	0.0387909432	-0.1597745287	-0.0575382431	0.1389815753	0.0737754378	-0.0089764409	0.1146834	-0.0397201026	-0.0636482122	0.0429724726	0.1684169733	-0.0515997936	0.2362830544	-0.2083266419	0.1231508001	-0.0737015014	0.0963447819	-0.3912809023	0.1077352062	0.1306067696	0.0226997191	-0.0080631527	0.1954982956	-0.0612178334	0.2234226116	0.0381247105	0.1341674675	-0.019853254	0.0446120759	-0.0893407536	-0.0937101499	-0.0205937636	-0.145547365	-0.0474730528	-0.1337817368	0.1912993998	0.0176437022	-0.0693990744	-0.0271167581	-0.1154150352	0.0085118073	-0.1138818186	0.1855965527	0.0413934398	0.0788708884	0.1290601856	-0.0170765168	-0.1438647035	0.028662512	-0.0454851908	0.1258446358	-0.2117071076	-0.2204122986	0.0117318548	-0.0164982455	0.0934775636	-0.1098221496	-0.0853249279	-0.055595093	-0.1165920251	-0.0003485043810229	0.000111008683831	1.2322927885890928e-08	1.2145530359215466e-07	0.0405872239545175	-0.0221495850645681	0.0016473227483341	0.0004906041185325	-0.0342255554841273	0.0139199572477935	0.0001937652097803	0.001171388648197	-0.0004499996546291	7.800006461300006e-05	2.0249968916630928e-07	6.0840100796321845e-09	0.0003879996010232	0.0004239995875872	1.505436903941624e-07	1.797756502741207e-07	8.731122603744209e-08	9.684083090481473e-08	7.623250192161305e-15	9.37814653033492e-15	0.0
864.3272194331147	-0.0818657381255434	0.00670199907884	747061.5422529796	1022.4635211520724	-0.4720576816135917	0.2228384547703991	1045431.6520866944	789.9560492927114	-0.4010369418192567	0.1608306287037419	624030.5598141487	802.8225433442368	675.6128680163091	1.166025	14.92125	0.0382201020284465	0.0271804862009456	0.0548095863	-0.1917725679	-0.165713733	0.1880416526	-0.1364654349	-0.1000698857	-0.1328044302	0.0963904095	0.12974839	-0.0256482285	-0.0105911655	-0.1574249147	0.127012075	-0.0697342281	0.1662974614	-0.0274204693	0.205811829	-0.0276766031	0.0299132854	-0.0035428085	0.1623270923	-0.019624273	0.0779145093	0.1309439233	-0.0993669216	0.1867452018	0.1131064637	0.051491846	-0.0574398728	0.1555177511	0.1480441847	0.1269710532	-0.0330449974	0.0630779285	0.1390666339	-0.011506655	0.1974918117	0.1110733343	0.0516793739	-0.1115938906	-0.0463190194	-0.0125997278	0.1082217466	0.1212848998	0.0360197654	0.1314184034	0.1222994695	0.2149098032	-0.0309361418	-0.0901827894	0.0106327884	0.0112225274	0.1543234161	0.0495681669	0.0437318376	0.020631011	0.0270543084	-0.0219590559	0.1328261856	-0.015768811	0.0839536674	-0.1955432677	0.0365049875	-0.0932867171	-0.075624386	-0.0871146146	0.0649585857	0.0221749423	-0.0611443214	-0.1082959623	-0.0003447245516241	3.779829398799998e-06	1.4287110284032754e-11	1.1883501649243682e-07	0.0326458763446879	-0.0079413476098295	0.0010657532423126	6.306500186014627e-05	-0.0605997484061759	-0.0263741929220486	0.0006955980522894	0.0036723295068918	-0.000527999792571	-7.800013794189998e-05	2.7878378095501897e-07	6.084021518955425e-09	0.0003879999779734	3.7695020000359786e-10	1.505439829073589e-07	1.420914532827525e-19	1.0242967732869033e-07	1.511845129124824e-08	1.0491838797659618e-14	2.285675694458456e-16	0.0
862.5072265265305	-1.8199929065841616	3.312374180016665	743918.7158104879	1019.0233057657878	-3.440215386284649	11.835081904029636	1038408.4976938342	788.967066984656	-0.9889823080554834	0.978086005646751	622469.0327863706	802.2149877422607	669.4603987464023	1.054295	13.491474	0.0637620092628682	0.0391743259957206	0.057786636	-0.1687763427	-0.0370157779	0.1683663518	-0.0778308062	0.1399143734	-0.0054342458	-0.0206462495	0.0426108114	0.0374425237	-0.0385085895	-0.2104653543	-0.0653713857	-0.1279749489	-0.0336296657	0.003551092	-0.0605045424	-0.11985051	0.0153131416	-0.0094267699	0.0609819623	0.0416719157	-0.01113537	-0.0433642274	0.0599596625	0.0440916541	-0.0981731572	-0.0794128987	-0.0484180911	0.1795893645	-0.0576992788	-0.0640498794	-0.0718673895	0.0346091252	-0.0238529809	-0.0894190449	0.1018803401	-0.0150284809	-0.019170287	-0.2159115115	0.030111584	0.0336850306	-0.0192015957	0.0817239873	0.1046129468	0.1475019292	0.0724291135	-0.0201172348	0.0063924573	-0.073279581	-0.0091812181	0.020813647	0.1320984606	-0.0613334268	0.1250611253	-0.0954333748	0.0860956879	-0.0571400628	-0.0686114076	-0.1237366693	0.0554022756	-0.1781658458	-0.0196355701	-0.026253091	-0.1234367447	0.1265963581	-0.0781689344	-0.0236230395	-0.066603812	-0.0993643757	-0.0003438569666371	8.675849870000201e-07	7.527037096678251e-13	1.1823761350486769e-07	0.0574221233079157	0.0247762469632277	0.0032973002451894	0.0006138624135828	-0.0770802777918788	-0.0164805293857029	0.000271607848833	0.0059413692244732	-7.799999567824868e-05	0.0004499997968927	6.083999325806813e-09	2.0249981720351744e-07	0.0003879997925482	-1.8542519998826848e-10	1.5054383901744628e-07	3.438250479068936e-20	1.5105416269720095e-08	-8.732426105897025e-08	2.2817360068152456e-16	7.625526569495186e-15	0.0
861.746990593671	-0.7602359328595867	0.577958673610886	742607.8757972484	1021.95735083686	2.934045071072205	8.608620479083102	1044396.8269294928	788.6432269805432	-0.3238400041127534	0.1048723482637481	621958.1394622846	801.9665814895397	670.6077880166938	1.092242	13.97707	0.1277971819158927	0.0679812439859628	0.0045997182	-0.1530958757	-0.0462000873	0.1130905223	0.023229124	-0.0849232049	0.2157559099	0.0311848192	0.0701540438	0.0591771976	0.0565610557	-0.1596830817	-0.0948075901	0.1089605559	-0.0796907578	-0.1530198545	0.0396340475	-0.1589083663	0.0266627992	0.012960982	-0.1175608306	-0.1274926146	-0.2064876877	0.019855042	0.0242806443	0.052604047	0.001722777	-0.1278389704	-0.0401599209	0.1287334556	-0.085085609	0.0467913427	0.1141536716	-0.1339933475	-0.1784250007	-0.2266802441	0.0991429248	0.0007814651	0.0597789913	-0.1150166168	0.1085785171	-0.1688323921	-0.0189370248	-0.1052363685	-0.1525627737	0.1398541628	0.0919484352	-0.1002383261	-0.0022492228	0.0126925295	-0.0280352559	0.0871477184	0.190478409	0.0943735621	0.0603566965	-0.1527403522	0.0673249814	0.1536156351	-0.0051601087	-0.0716569285	0.1156633344	-0.0969315698	-0.0791349381	0.0015267811	-0.0774238945	-0.1201629214	0.0112858487	-0.0916122866	-0.0719655524	-0.0898496795	-0.0130639940802268	-0.0127201371135897	0.0001618018881885	0.0001706679413282	0.0824296732288303	0.0250075499209146	0.0067946510286117	0.000625377553047	-0.0202612826788595	0.0568189951130193	0.0032283982056533	0.0004105195757926	-1.000412566633287e-05	6.799587001191581e-05	1.0008253034778009e-10	4.623438338677352e-09	-5.199924201759743e-05	-0.0004399990345657	2.7039211704046703e-09	1.935991504188338e-07	-0.0001569999853734	-0.0001570150907896	2.4648995407247813e-08	2.4653738735688226e-08	0.0
861.2263324377745	-0.520658155896399	0.2710849153014389	741710.7956842202	1018.2857613457574	-3.671589491102623	13.480569391175214	1036905.8917595086	788.1268529511821	-0.5163740293611454	0.266642138198665	621143.9363427341	800.398778047726	661.5685655512038	1.23826	15.845619	0.1488458557199652	0.0986716077291986	-0.0848422628	-0.1403907315	0.0203335488	0.1899816159	0.0125420677	0.0177455349	-0.0291463417	-0.007042733	-0.0518778026	0.1462438807	-0.0612385165	-0.1168097369	0.0481699446	-0.0842184524	0.1050289065	-0.0655074134	0.0140524109	0.0453915512	0.0072490907	0.1820637399	0.0929468472	-0.096980728	-0.1243209979	-0.1381178178	-0.038449959	-0.09327255	-0.1935844704	0.0435468907	-0.1936894391	0.104896945	0.0162502667	0.0756598137	0.0306510066	0.1134741979	-0.0389619303	-0.1230453311	0.021971432	0.1083394384	0.05283451	0.0714701294	-0.0826563581	-0.0259677786	-0.018403891	0.0195772565	0.1015193588	0.0008509766	0.2209503321	0.1358930439	0.0708230939	-0.0043190738	0.1987262441	0.0427045161	0.100780181	-0.0129222478	-0.1361176435	0.0772911924	0.2088934173	0.0279106565	0.0234484124	0.0790189274	0.0262356852	-0.0151110293	0.1149291623	-0.0443658251	0.1530726547	0.0824975145	-0.0332502502	0.0990909037	-0.0772216734	-0.0798077096	-0.0003808296735883	0.0126831644066385	0.0001608626593658	1.450312402853711e-07	-0.012707079216085	-0.0951367524449152	0.0001614698622038	0.009051001665765	-0.0394844131419205	-0.019223130463061	0.0003695287447998	0.0015590188811618	-0.0003020078793866	-0.0002920037537202	9.120875921159117e-08	8.526619218672645e-08	-5.195457590545516e-05	4.466611214227323e-08	2.6992779575157022e-09	1.9950615739061282e-15	-0.000301007733648	-0.0001440077482746	9.06056557159053e-08	2.073823156312056e-08	0.0
860.658870941726	-0.5674614960485087	0.3220125494976116	740733.6921306866	1020.9655715942384	2.6798102484810897	7.18138296786428	1042370.69838075	788.5529120856802	0.4260591344981321	0.1815263860892974	621815.6951588065	801.5185654474972	663.569039505307	0.939449	12.021824	0.0989013236728636	0.0714767467408656	-0.0900477109	-0.1281683741	0.0262844373	0.1378323945	0.0060209553	0.0803682315	0.069655454	-0.0744519603	0.0197573367	0.1105313511	-0.0183358529	-0.092365862	0.0551961071	-0.0546622101	-0.1425139416	-0.076558979	0.062176782	0.0672626622	0.1435140001	0.053483811	-0.0745259564	0.0018563893	0.0597882692	-0.0120656243	0.1094014569	-0.1528163821	-0.1025136476	0.3110914991	-0.1363164826	0.0908058211	-0.0823034305	-0.0394213098	-0.0759838428	-0.0383362584	-0.0294400236	-0.1740870019	-0.0395261529	0.0909640444	0.1011102603	0.2078508195	0.0759621902	0.0179654814	0.0850962307	-0.136998914	0.0521058859	0.0543556306	0.1363652679	-0.0868744981	-0.0016154142	0.0365406206	0.1225161162	0.060398443	0.109242028	0.0568535773	-0.0354789705	-0.0804203509	0.2298563437	0.1298546195	0.0649895996	0.1011372401	0.0036437156	0.0807935034	0.2062150305	-0.0137573854	0.0284791079	0.0714129211	0.0254728069	0.0927156894	-0.0823644609	-0.0692973963	-0.0026903207479165	-0.0023094910743282	5.3337490224016245e-06	7.237825726669995e-06	0.055508226768282	0.068215305984367	0.003081163238959	0.0046533279705408	-0.0395079340405715	-2.3520898650999933e-05	5.532326733506103e-10	0.0015608768521541	-3.599997018691871e-05	0.0002660079091996	1.2959978534590359e-09	7.07602077567859e-08	-5.1999980600569984e-05	-4.54046951148257e-08	2.703997982459654e-09	2.0615863384702767e-15	-9.33232448241915e-10	0.0003010068004155	8.709228024515985e-19	9.06050938964078e-08	0.0
859.997786952831	-0.6610839888950295	0.4370320403733635	739596.1935637669	1020.0158248901369	-0.9497467041015852	0.9020188019518242	1040432.2830263064	788.1274304580028	-0.4254816276774136	0.1810346154910212	621144.846640334	801.0246911633461	657.8490607919473	0.948692	12.14011	0.0255271066431377	0.0181806857797687	-0.1026963159	-0.1352150719	0.0822758385	0.112964504	0.0024994525	-0.0319634178	0.2121048479	-0.0049101591	-0.05366042	0.1548235734	0.0220957745	-0.1544034668	-0.0065030704	0.1971921495	0.0238341451	-0.0813793904	0.0758248694	0.0370522339	0.0589616595	0.1992111514	-0.0486040067	0.0800992137	-0.0420382726	0.1331631402	0.2025531173	0.005450743	-0.0380572853	0.0952803889	-0.1361222613	0.1128552897	-0.0805375911	0.0611798515	0.136014953	-0.0913406408	-0.0325832081	-0.1375342747	-0.0013338095	0.1372522897	0.2154191781	0.1404049603	-0.0299871634	-0.0134397683	0.0921438384	0.0313681275	-0.1875325827	0.0472211021	0.1680451012	-0.0622447775	0.0568823048	0.0459885918	0.1061716817	0.0329270703	0.1089092029	0.1223452511	-0.07322209	0.0377007267	0.1577293559	0.141179277	-0.1380246763	0.0307965776	0.0017573947	0.0127953421	-0.0392668842	0.1087999127	0.0155436337	0.1077241082	-0.0417052045	0.106339174	-0.0873863672	-0.0583804184	-0.0027563268509425	-6.600610302600002e-05	4.356805636678929e-09	7.597337709226599e-06	0.0452941048548609	-0.0102141219134211	0.0020515559346031	0.0001043282864622	-0.0245109658758906	0.0149969681646809	0.0002249090541324	0.000600787448169	-4.100003281748935e-05	-5.000062630570638e-06	1.6810026910352032e-09	2.5000626309628965e-11	-5.199999007299283e-05	-9.472422846101836e-12	2.703998967591353e-09	8.9726794575352e-23	-1.0703696498134594e-09	-1.3713720157154446e-10	1.1456911872417876e-18	1.8806612054874414e-20	0.0
861.2427934305937	1.245006477762672	1.550041129671015	741739.1492361323	1021.8745559692384	1.858731079101517	3.45488122441789	1044227.608137328	789.7739814216177	1.6465509636149136	2.7111300757812007	623742.9417305537	802.3172638959797	661.1134665775613	1.104945	14.139625	0.0362832065196959	0.0190770001347181	-0.0712838082	-0.1386094013	0.0757975597	0.1881038114	0.0399329251	0.0109067267	-0.04154259	-0.0264116045	-0.0449341895	0.0173771329	-0.1005244142	-0.0955943866	0.0842653426	-0.0942196686	0.0732158638	-0.0270845623	-0.0154815845	0.0406505874	0.051602872	0.2172527353	-0.1141514092	0.2726163056	-0.0523983502	-0.0201880898	-0.0123753638	-0.0050573303	-0.232483657	0.00795278	-0.1524012947	0.1178562742	0.1393159968	0.0039580732	-0.0579104042	0.0853862202	-0.1187275298	-0.1263424044	0.0374546275	0.1122891494	-0.0560942331	0.1556560691	-0.0747473154	0.081622528	0.0832044196	-0.1254863877	0.0778862325	0.0388859889	0.1657729454	0.0983511554	0.0510972289	0.0643632085	0.0614597779	0.0396167924	0.1206572506	0.0253300596	-0.094319649	0.0005852384	0.2089118966	0.2336680232	0.1006457375	0.0344068039	0.1826746274	-0.0007627072	0.0812379389	0.0083949807	-0.014249914	0.052576869	0.0460205273	-0.0062778512	-0.092280022	-0.0471208409	-0.00043253871479	0.0023237881361525	5.39999130172311e-06	1.8708973979218494e-07	0.0378109378366247	-0.0074831670182361	0.001429667020085	5.5997788622818e-05	-0.0395869192071813	-0.0150759533312907	0.0002272843688472	0.0015671241723158	-0.0002690000429292	-0.0002280000101117	7.236102309591146e-08	5.198400461094016e-08	-5.1999960774873344e-05	2.9298119486043106e-11	2.7039959205883663e-09	8.583798054184588e-22	-6.99164015100168e-09	-5.921270501188221e-09	4.88830320010988e-17	3.50614443482418e-17	0.0
860.9060973706266	-0.3366960599670392	0.113364236797328	741159.3084899229	1023.0811493767632	1.2065934075247924	1.4558676510822897	1046695.0382100788	788.2286965090852	-1.545284912532452	2.3879054609004275	621304.4780004116	801.3248729145394	654.6304474380544	0.997312	12.762291	0.1267860504531944	0.0687859014686452	-0.0450145911	-0.1537829925	0.1633799931	0.1058365524	-0.0942590915	0.2190689605	0.0957721617	-0.0290886427	-0.1071577257	0.1012680942	-0.1075624904	-0.1492584503	-0.1343260417	-0.1696644646	-0.0034053784	-0.0986049102	-0.0443297439	0.1759042211	-0.1486870805	0.0268564412	0.0777951645	0.0057555824	0.1049884929	-0.0537734585	-0.099641522	-0.0907929671	-0.0984300633	-0.0460309477	-0.1137029516	0.1508397389	-0.0925525035	-0.1353956453	-0.0028078923	0.1536457299	0.110581552	-0.0624113376	-0.1322411798	0.1283676835	-0.053249158	-0.0525324539	-0.1447703708	0.0908880321	-0.0862850861	0.1141436749	0.1224493002	0.031551869	0.2034413349	-0.0953164343	0.2645359393	-0.04905741	0.0994252693	0.0092494782	0.0849486704	0.0154723337	-0.2048678548	0.0852872546	-0.1679725691	0.0853197197	-0.1112606987	-0.0065041351	-0.2208528191	-0.1284657718	0.1266009889	-0.0744716286	0.0253053315	-0.1140665296	-0.0367431733	-0.36998398	-0.0970382431	-0.0355847396	-0.0248473687755819	-0.0244148300607918	0.0005960839268973	0.0006173917350697	0.0593159289252156	0.0215049910885909	0.0035183794242612	0.0004624646417203	0.0210787857187852	0.0606657049259665	0.0036803277541644	0.0004443152073784	0.0001349998927416	0.0004039999356708	1.8224971040243505e-08	1.6321594802201054e-07	-5.200001729255277e-05	-5.6517679425382994e-11	2.704001798425787e-09	3.1942480876303602e-21	3.503728272520167e-09	1.0495368423521848e-08	1.2276111807657157e-17	1.1015275834545948e-16	0.0
863.2368343525387	2.3307369819120822	5.432334878852642	745177.8321829924	1022.9834966023762	-0.0976527743869155	0.0095360643454618	1046495.234320824	790.7477136145844	2.519017105499188	6.3454471777975066	625281.9465866928	802.2797266564954	654.6999080173254	1.290136	16.509457	0.1117605803753101	0.0536373310889758	-0.105891852	-0.001176983	0.0524271843	0.1075148723	-0.1689760768	-0.0090154295	-0.0439885708	-0.0190597547	-0.359625472	-0.1830310865	-0.1808365948	0.0076811535	-0.1506697263	0.0064761095	0.0959329965	-0.1133875793	-0.0833353512	0.2393256043	-0.2463576742	-0.3756207099	0.0509241936	0.2697567172	-0.2018172803	-0.0959768198	0.1858865099	-0.2223102101	-0.0044221323	-0.024541924	-0.0076095863	0.0240075896	0.2537944729	-0.1318928132	0.1958598365	0.1526796707	0.1620223756	-0.0052699491	-0.2687128711	-0.0038117367	-0.2312846396	-0.2333254388	0.1626246549	0.3195474577	-0.009718665	-0.1908041372	0.0679547952	-0.1728614943	0.1458418093	-0.0921353631	0.4143939698	-0.2781850873	-0.019267454	-0.2606166502	-0.0630975074	0.296869757	0.0676065517	-0.1605484576	-0.2245567273	0.1156182156	-0.1638027659	-0.0159678041	-0.1909097463	-0.0942123557	-0.1599507837	0.0571432807	0.0514572788	-0.2137858339	0.1042952499	0.0924157832	-0.1016540472	-0.023839813	-0.023733598975852	0.0011137697997298	1.240483166790376e-06	0.0005632837203465	0.093639467745973	0.0343235388207573	0.0087683499197491	0.00117810531718	0.0591776772070318	0.0380988914882466	0.0014515255326331	0.0035019974796196	0.0004700157951247	0.000335015902383	2.20914847666704e-07	1.1223565484956277e-07	0.0001214396961592	0.0001734397134517	1.4747599803238816e-08	3.0081334202226116e-08	-0.0002560284857684	-0.0002560319894966	6.55505855248598e-08	6.555237964562422e-08	0.0
865.0537910889755	1.8169567364367367	3.301331782082837	748318.0614774087	1023.9180152893066	0.934518686930346	0.8733251762220182	1048408.1020339926	793.0643196304295	2.316606015845082	5.366663432649624	628951.0150708761	806.209660894361	668.3016555836492	1.524573	19.509472	0.2511683460520331	0.1588327737537324	0.1348823176	0.0379432846	-0.0766397179	0.0047712616	-0.1697829729	0.0254164964	-0.2548062041	-0.0137454347	0.0199131474	-0.3215233087	-0.0298666158	0.0284360733	-0.0255099472	-0.0484209657	-0.0375751013	0.1144024795	-0.0761461764	-0.059787325	-0.0393445242	0.0297118911	0.083813689	-0.0726785153	-0.0127457633	-0.1003919858	0.0847145864	-0.0770266266	0.0105993788	0.2689500599	0.1975384304	0.015483882	0.2302338382	-0.0897309162	-0.1000270895	-0.0517891957	-0.0722168344	0.0069543373	0.0483301163	0.0498418524	-0.1486377991	-0.0042269804	-0.1272383383	0.1322238203	0.1675016464	-0.0911755781	0.0978826234	0.0634312443	-0.1295925787	0.0432309341	0.0560967346	-0.1958648466	0.0262504241	-0.2141231229	-0.1205954116	0.0596597578	0.3023360588	-0.2059177627	0.1994336209	0.2398330747	-0.0525820826	-0.0407561422	-0.0514039992	0.1687772471	0.0371644966	-0.1183709993	0.0186848247	0.2923270227	0.1038436297	0.0712028477	-0.10612066	-0.0119549848	-0.010655335522486	0.013078263453366	0.0001710409749556	0.0001135361750967	0.0539730189309182	-0.0396664488150547	0.0029130867725172	0.0015734271615973	-0.0958217151185039	-0.1549993923255357	0.0240248116212853	0.0091818010882517	3.0999959214717075e-05	-0.0004390158359099	9.60997471314122e-10	1.9273490417974106e-07	-5.200000827887408e-05	-0.000173439704438	2.704000861002972e-09	3.0081331075566495e-08	8.03045075010685e-10	0.0002560292888134	6.448813924989167e-19	6.555099673033379e-08	1.0
863.7247585849402	-1.32903250403524	1.7663273967821802	746020.4585926132	1022.5363453335232	-1.3816699557834229	1.9090118667145648	1045580.5775280382	790.4112472666405	-2.653072363788965	7.038792967500767	624749.9398056064	803.6914778287166	673.2662706973135	1.279332	16.371199	0.0907923482485107	0.0446028965045334	0.1894885958	-0.029095625	-0.1164489214	-0.125118187	-0.2136802072	0.0184906973	0.0652632027	0.0911032649	-0.0035873416	-0.1241965781	0.1562765624	-0.0967800196	-0.0758515846	0.1673188559	-0.1547918475	0.0463774205	0.0484360258	-0.0204404658	-0.1001593332	-0.072884392	0.062574252	-0.1058331124	-0.0590017648	-0.032207954	0.1473862401	0.0100096456	0.0503888393	0.1782110221	0.2167793216	0.094446373	-0.0650685944	-0.0230146618	0.1031176912	-0.1920454112	0.0573336101	0.0705997741	-0.0420532196	0.053888784	-0.0054482721	-0.0307283118	0.0887306943	0.004733025	-0.1035011109	0.033567544	-0.1453372582	0.2122120999	-0.142258341	-0.0813487001	0.0234534679	-0.1459576636	0.2794374792	-0.0145904862	-0.0718382088	-0.163868996	-0.0536709831	0.0455042503	-0.0285674342	0.064821124	0.0240408401	0.0844925144	-0.1980416446	0.1547603429	-0.0125870654	-0.0796467939	-0.1865040916	-0.0598121639	-0.0623654976	-0.0640892876	-0.1104315261	-0.0	-0.0013095550758066	0.0093457804466794	8.734361215753504e-05	1.7149344965708298e-06	0.022886259885908	-0.0310867590450102	0.0005237808915653	0.0009663865879225	-0.070212845882537	0.0256088692359669	0.0006558141835448	0.0049298437269248	0.0001869910979877	0.0001559911387729	3.496567072664562e-08	2.4333235375692016e-08	-5.203172484780083e-05	-3.1716568926754014e-08	2.707300390637254e-09	1.0059407444855378e-15	-0.0003389951320301	-0.0003389959350751	1.1491769954010492e-07	1.1491824399749225e-07	0.0
863.0345430631686	-0.6902155217716199	0.4763974664944695	744828.6225202522	1023.9667839050292	1.430438571505988	2.0461545068520914	1048507.9745408088	789.1360241974247	-1.2752230692158264	1.6261938762602324	622735.6646861185	802.6616809230445	673.1891107275934	1.300468	16.641678	0.0643402580768667	0.0369842004879291	0.1589928596	-0.0407639769	-0.0142141749	0.0340854871	-0.0951757759	-0.1574540639	-0.1094831277	0.1818382377	0.0986791047	-0.0201720706	0.1389442165	-0.0169495544	0.17069658	0.0432371879	0.1631677678	0.0436976706	-0.0036988685	0.1661780841	-0.085161189	0.003983724	-0.1884750984	-0.0158333715	-0.1552949818	-0.0524801649	0.0947190356	0.0339291203	0.065886598	-0.0598067724	0.0620650588	0.0732049664	0.106222465	0.2499812454	0.0080915753	0.0420601648	-0.0338090644	0.1174790802	-0.0383491295	0.0274503785	-0.1326258674	0.1289525804	0.1153307592	-0.0844250226	-0.1243466139	-0.0544663809	-0.0770872238	0.0953532264	-0.0043192704	0.2906081351	0.0745705673	-0.022125032	-0.0024118286	-0.0819308295	-0.0797771925	-0.0242901711	0.0866213895	-0.0627638245	-0.0563128156	0.0317898897	0.0378782137	0.2075953921	0.0904459262	0.0502044416	-0.0044607486	-0.25126205	-0.1497286203	0.023477761	-0.1288492859	-0.1353596062	-0.1145803187	0.0119549848	-0.0012866027047238	2.2952371082800037e-05	5.268113383225552e-10	1.6553465198025975e-06	0.0483245936188865	0.0254383337329784	0.0023352663484305	0.0006471088231103	-0.0701836160604614	2.922982207559377e-05	8.543824985708689e-10	0.0049257399633222	0.0001350003979714	-5.19907000163e-05	1.8225107452436386e-08	2.7030328881848963e-09	0.0003339998120357	0.0003860315368835	1.1155587443988293e-07	1.4902034746863766e-07	-2.252591530312205e-08	0.0003389726061147	5.074168602434282e-16	1.1490242769625721e-07	0.0
862.817104053064	-0.2174390101046128	0.0472797231152739	744453.3550465158	1018.9298522101508	-5.036931694878376	25.37068089887035	1038218.0437249998	788.7055976113992	-0.4304265860255327	0.1852670459575953	622056.5197035543	802.3484031112964	670.7782485005092	1.146927	14.676865	0.0596997219890042	0.0349044246381402	0.1579726942	-0.0767247423	0.0340755605	-0.0547451769	-0.0290095131	0.1653799176	0.0594913081	0.2185662669	0.1275107168	0.0251426725	0.1497655825	-0.0930454639	-0.0540642495	-0.0231125058	-0.0144043692	0.0771046443	-0.0955189018	0.0291813128	-0.0050919109	0.0045209461	0.0206359103	-0.1037638099	-0.0425800606	-0.0496267203	0.0309417608	0.2077447031	0.0048319307	-0.099326163	0.0894678508	0.1401678245	-0.143495835	-0.0173029081	-0.0397818277	0.0721912505	-0.0211974404	0.1145466474	-0.0701066516	-0.0486663618	0.1271515287	-0.032896527	0.0169903542	-0.122471881	-0.1145579372	0.1931745296	0.0695396112	0.1567888304	-0.0233695144	0.0152430674	0.0661600934	-0.0345762765	0.0789488919	-0.0186601499	-0.0533454555	-0.1088000011	0.0360005117	-0.1442378623	-0.0799458924	-0.1378640013	-0.0140734618	0.0323982292	0.1288034121	-0.0099629162	0.0414856713	0.0941818955	0.1069749093	0.0155967655	-0.2375353092	0.0431278193	-0.1185609488	0.023839813	-0.0013723980371906	-8.579533246680002e-05	7.3608390730887505e-09	1.8834763724846116e-06	0.063393941887071	0.0150693482681844	0.0040187918679813	0.0002270852572278	-0.0954268762387329	-0.0252432601782714	0.0006372221844279	0.0091062887086824	0.0001349998927416	-5.052297999993785e-10	1.8224971040243505e-08	2.5525715080741213e-19	-5.200001729255277e-05	-0.0003859998293282	2.704001798425787e-09	1.489958682414403e-07	3.503728272520167e-09	2.6029643575642222e-08	1.2276111807657157e-17	6.775423446749722e-16	0.0
861.00681412072	-1.8102899323439487	3.2771496391458586	741332.7339623121	1019.5815140194364	0.6516618092856561	0.4246631136814548	1039546.4637301664	788.3530383448873	-0.3525592665118893	0.1242980364034013	621500.5130676153	802.7426488812571	673.8486622788332	1.194325	15.283399	0.1210079380883773	0.0579144448665926	0.1362413769	0.079053817	-0.0149752581	-0.0569716514	0.1511903251	-0.1148105268	0.0395833175	0.0433977333	0.2331345632	0.0435122887	0.2154284362	0.0697466168	-0.0221281923	-0.030986421	-0.1035402705	0.0180335752	-0.1414502462	0.0862231268	0.0075155053	-0.0055804745	0.0912124838	-0.0094102743	-0.0080161606	0.1263842014	-0.1384990017	0.1467688719	-0.2219675902	-0.1051589805	0.0950379793	-0.0016605366	-0.0899864809	0.1569101018	-0.0804077873	-0.0723201331	-0.1290325787	-0.119903208	-0.130116353	0.1451529687	0.0072650299	-0.3314299618	-0.1003091829	0.0887730403	0.1150372533	0.1446099451	0.0134134949	0.0291159987	-0.1552192723	-0.0493435315	0.1150319825	0.0793835409	0.0930277256	0.2244374885	-0.0084907661	0.1922626403	0.0428199429	-0.2037423815	-0.0812225823	-0.1032059832	0.0561273332	-0.1767349897	0.1078430642	0.1195632482	0.0446815474	0.1533202238	0.0884482337	-0.1818805685	-0.1841537521	-0.0485840179	-0.1223675745	0.0355847396	-0.0180695127408654	-0.0166971147036747	0.0002787936394276	0.0003265072906922	0.0906204988302192	0.0272265569431482	0.0082120748082377	0.0007412854029784	-0.0525970999719902	0.0428297762667427	0.0018343897350592	0.0027664549254635	0.0003909994441917	0.0002559995514501	1.5288056535821837e-07	6.553577034265242e-08	-0.000480999736127	-0.0004289997188344	2.3136074615424362e-07	1.8404075876003482e-07	9.403693995859537e-08	9.05332116860752e-08	8.842946076776471e-15	8.196262418195703e-15	0.0
859.0926197906202	-1.914194330099804	3.664139933386236	738040.1293787112	1017.7367621527778	-1.844751866658612	3.403109449540433	1035788.11703722	787.8477641457702	-0.5052741991171388	0.255302016293466	620704.0994694891	801.7611701138235	658.3986275109521	1.204689	15.416019	0.0435414732422137	0.0225224656697397	0.0269112193	0.1702189877	0.0969928366	-0.1557389029	0.2075840099	-0.1730100907	-0.0102664572	0.0106016111	0.0949903657	0.128035829	0.1598293707	0.1465331684	0.0945842254	-0.0227257296	0.1185968742	-0.0239075748	-0.0561485923	-0.0341861957	0.1239925952	0.0753076392	0.2330821255	0.2453021597	-0.1032750081	-5.59248e-05	0.0319768097	-0.0441186572	0.0509004839	-0.0401776159	0.0118174253	-0.1400517458	-0.0844500481	0.2603832408	-0.0276475252	0.0501590696	0.0069614458	-0.0804113146	0.0507721825	-0.0881026754	-0.0037194657	-0.1677931613	-0.1886564417	0.0182066329	0.1233361374	-0.2079465695	-0.1615630794	-0.1053962943	-0.0646517822	0.1132831311	0.0938813059	0.1646628169	0.0422205466	0.1501702215	0.037939758	0.0917517305	0.1818279803	0.0043561377	-0.2397935954	-0.0248084908	-0.0123413627	-0.0521148838	0.1172996786	0.0595272324	0.0729643986	-0.0662726341	0.1338438126	0.0251316741	-0.050848737	0.065948661	-0.1259946088	0.0471208409	-0.0104719292154413	0.0075975835254241	5.772327542579569e-05	0.0001096613014932	0.0783119804959397	-0.0123085183342795	0.0061327662891964	0.0001514996235852	-0.0525128673732524	8.423259873779898e-05	7.095130690123054e-09	0.0027576012397607	0.0006139997440884	0.0002230002998966	3.769956857406207e-07	4.9729133754018136e-08	-0.0002329997571082	0.0002479999790188	5.42888868124802e-08	6.150398959332525e-08	7.154018001116107e-08	-2.2496759947434296e-08	5.1179973560293306e-15	5.061042081324839e-16	0.0
859.9093772526411	0.8167574620208597	0.6670927517667562	739444.137087025	1017.4850991990832	-0.2516629536946766	0.0633342422623289	1035275.927092168	788.6617224311498	0.8139582853796128	0.6625280903381192	621987.3124280679	801.9577488923387	653.7600512992431	1.130941	14.472289	0.0734492518771049	0.0344358826457871	0.0254812842	0.1691586935	0.1555963183	-0.0947634806	0.1068401011	0.0864930582	-0.116053774	-0.0107839177	-0.0642626368	0.0419071624	0.0209201263	0.1042262128	-0.0022046915	-0.1926405719	0.0079296639	0.0158641341	-0.0427836182	-0.0173000552	0.1451532425	0.1354676127	-0.0043591873	0.1060838821	-0.0672394666	0.0169552426	-0.0789311341	-0.1089811859	0.29767239	-0.0237416573	0.009897134	-0.1083966991	-0.0644724284	-0.0138121489	-0.1200520056	0.1567497166	-0.0965440179	-0.0432628222	-0.0072022797	-0.0135916781	0.0574186485	0.0337673509	-0.1181176291	-0.0098203905	0.0471680873	-0.2131794779	0.147819382	-0.1126927222	-0.117083524	0.0779545306	0.0762539227	0.1714158348	0.0360173153	0.0166679744	-0.0592559	0.0918491832	0.1525705647	0.1636155407	0.013524267	0.0400676791	-0.0125903241	-0.0995829929	0.1086300255	0.01882464	-0.007316678	-0.2074873847	0.2203653907	-0.020740598	0.0991577835	0.082966378	-0.1294367287	0.0583804184	9.922749026713971e-05	0.0105711567057084	0.0001117493540966	9.846094824715306e-09	0.0529423172006033	-0.0253696632953363	0.0028028889505692	0.0006436198157187	-0.0712712918666369	-0.0187584244933845	0.000351878489474	0.0050795970443393	0.0004869834725468	-0.0001270162715416	2.371529025337399e-07	1.6133133236329467e-08	-0.0001710453516103	6.195440549790001e-05	2.925651230749116e-08	3.838348360598223e-09	-0.000185957930434	-0.000186029470614	3.458035189129638e-08	3.460696393692924e-08	0.0
862.0920387616815	2.182661509040372	4.764011263046394	743202.6832962725	1020.7132954067654	3.228196207682231	10.421250755293938	1041855.6314201386	790.1228061193403	1.4610836881905698	2.1347655438965583	624294.0487499007	803.7296922677918	659.5287316199576	1.141444	14.60669	0.0971844418620967	0.0520395083149079	0.1459686627	0.047057367	0.1198236411	-0.1683160464	-0.0046746551	0.1007675031	0.0168737211	-0.0027233497	0.0324005533	-0.1045619107	0.0647904787	0.0084679394	-0.0752185496	-0.0717164075	-0.0993842528	0.0458560274	-0.0224114721	0.1004907303	0.0014931151	0.2237559228	-0.1831119431	0.0290027119	0.0469583863	-0.1924397287	-0.052973348	-0.0864070131	0.1366135741	-0.0355476842	0.1684844331	-0.012505995	-0.048336377	-0.0776126132	-0.046548989	0.0139771317	-0.0524706211	0.0111156176	-0.0757009093	0.0740011133	0.0028404969	0.3594509493	-0.1793144211	0.0056353466	0.0826176082	-0.0403375746	0.0931421905	0.0835635377	-0.1427483891	-0.0640590595	0.0816825139	0.093444612	-0.0467485616	0.0157564353	-0.2279350584	0.0581055458	0.0854193601	0.0710439571	0.0485128392	0.0530402459	0.1023459944	0.0556005913	0.0075165465	0.0435605836	0.1356848733	-0.0005830776	-0.0409206316	0.0089085556	0.1924039046	-0.0701158609	-0.1326888823	0.0692973963	4.854397951703504e-05	-5.0683510750104674e-05	2.568818261955976e-09	2.3565179473503182e-09	0.0929504392159401	0.0400081220153367	0.0086397841504361	0.001600649827194	-0.0920477161303523	-0.0207764242637154	0.0004316598051859	0.0084727820448139	-3.500003842371584e-05	-0.0005219835109705	1.2250026896615851e-09	2.724667857251066e-07	-0.0001519998803851	1.904547122520001e-05	2.3103963637084705e-08	3.627299741899214e-10	-2.6711838272472767e-09	0.0001859552592501	7.13522303894741e-18	3.4579358442798963e-08	0.0
863.1937017647108	1.10166300302933	1.2136613722436014	745103.3667662644	1024.3586608039009	3.645365397135493	13.288688878632806	1049310.6659639613	790.9634115394315	0.8406054200911512	0.7066174722866209	625623.118394096	804.5962056601543	668.8527073875906	0.998423	12.776505	0.0888434727539037	0.0437661870738208	0.1493082016	-0.0295559045	1.27696e-05	-0.097704995	-0.0988417985	-0.0709533922	0.1074525747	0.0618879776	0.0956363659	-0.152107809	0.1292918715	-0.0190680361	0.0201233499	0.1437616506	-0.0002074363	-0.0303326239	-0.0583916575	0.0022918244	0.0128593449	-0.0617149543	-0.1705769321	-0.0151485257	0.0712051859	-0.0135065751	-0.0758403018	0.0503600108	0.1767166307	-0.1414219034	0.1806419179	0.0607939123	0.0096357939	0.0440032022	0.0696600905	-0.1353221326	-0.0236495381	0.0701577533	-0.035338348	-0.1059439842	-0.0145221262	0.1762513704	-0.00423322	0.0682441995	0.0166080728	-0.0283281294	-0.1354186037	0.1335769901	-0.098372167	-0.0120342502	0.0556727002	0.0273211136	0.0448273598	0.0252765556	-0.1603812111	-0.0299369322	0.0384281025	0.0536255128	-0.0802307824	0.05841446	0.2257870861	0.1240291962	-0.1225035894	0.134428878	-0.0837988344	0.2102673991	-0.0102939127	-0.0280815218	0.190437484	-0.0396875233	-0.1357462967	0.0798077096	-0.0160330601174365	-0.0160816040969535	0.0002586179903311	0.0002570590167293	0.0647209749458141	-0.028229464270126	0.0041888045979366	0.0007969026529783	-0.0634154490740996	0.0286322670562527	0.0008198067167805	0.0040215191812697	0.0001349998920547	0.0001699999304784	1.822497085478065e-08	2.8899976362666212e-08	-4.000000966453143e-06	0.0001479998794186	1.6000007731626082e-11	2.1903964307934008e-08	2.6553053934222007e-10	2.9367143665894972e-09	7.050646732337028e-20	8.62429127093315e-18	0.0
862.6995961597304	-0.4941056049804047	0.2441403488730517	744250.5932141619	1022.3442404005262	-2.014420403374629	4.057889561532003	1045187.745880129	789.4402062797877	-1.5232052596437595	2.3201542630064136	623215.8392910738	802.29199020865	669.6522783587868	1.030447	13.186302	0.0372622048315003	0.0227368086464357	0.1441392058	-0.0673310599	0.039451492	0.0047804998	-0.0013811252	-0.0594850638	-0.0477744397	0.1692920378	0.0751522806	-0.0263577506	0.1003262612	-0.0668369873	0.1580133732	-0.0053694543	0.1042229571	0.0044632156	-0.065675885	0.2160223576	-0.0743525409	0.0282276669	-0.1392416264	0.029347041	0.1322911974	-0.0581422658	0.008675395	0.0074833788	-0.0277051581	-0.1208785948	0.0426954956	0.1106463458	0.0508732818	0.1743383196	-0.0483862226	0.0854783545	0.0322826012	0.1283634321	-0.1074396462	-0.04050073	-0.0064495755	0.1778343833	-0.0275371388	0.0505616126	-0.176370362	0.0621884754	-0.0601706544	0.0733233816	0.0231441973	0.2328478756	0.0800020069	0.0533515678	-0.0172328905	-0.0369998329	-0.1601543383	-0.1046512946	0.0300494546	0.0431420376	-0.1116386402	-0.0599262821	0.1113055333	0.1163301083	0.019174565	-0.0191614638	-0.0392445322	-0.068521223	-0.0668244892	0.1063116804	0.0406318292	-0.2080751578	-0.1386044847	0.0898496795	-0.0039419270527645	0.012091133064672	0.0001461954987876	1.5538788889316617e-05	0.0667839295584258	0.0020629546126117	0.0044600932472647	4.255781733695903e-06	-0.0817732479424933	-0.0183577988683937	0.0003370087792923	0.0066868640790644	0.0001349998907843	-1.270400017822082e-12	1.822497051177293e-08	1.6139162052823463e-24	9.099997577233232e-05	9.499997673878546e-05	8.280995590565069e-09	9.024995580369781e-09	-6.122176734413786e-09	-6.387707273756006e-09	3.748104796739745e-17	4.0802804215195386e-17	0.0
862.7078233916237	0.0082272318933291	6.7687344626613e-05	744264.788541113	1023.8380718655056	1.4938314649793938	2.2315324457624817	1048244.3974012764	789.6911804093438	0.2509741295560843	0.0629880137064342	623612.1604163029	802.6554847106624	669.1179816872374	1.103833	14.125395	0.0723139436835406	0.0406333971520046	0.1072578068	-0.141782297	0.0668891867	0.000465429	-0.0386060177	0.1592441337	0.0760380705	0.1475376136	0.0868391218	-0.0484287177	0.0497905733	-0.1327679331	-0.0115226084	-0.1254355665	0.0758957773	0.0812678063	-0.1293338224	-0.0435703658	0.1424068091	-0.186393535	0.0444682298	-0.1168438138	0.161926825	-0.0231879501	0.1556270909	0.0785059275	0.0397290325	0.0878080293	0.0405697782	0.1605879447	-0.0617315188	-0.0592022489	-0.0716795203	0.1280909597	0.0448246992	0.1537075081	-0.0248809026	-0.2401024241	0.1274496001	-0.0438477513	-0.0300055137	0.0655085986	-0.038425579	-0.0138533078	0.077719667	0.1357796096	0.0363924514	0.0419467324	0.0022083782	0.0551143251	-0.1284715272	0.0250545271	-0.0914420816	-0.1517738224	0.1853012248	0.0348269358	-0.0006971381	-0.1246865892	-0.0625606672	-0.0772067696	0.028054469	-0.1510859258	-0.1534641328	0.0725173368	0.1279724801	-0.0102999144	0.0411717062	0.0296508624	-0.1412592515	0.0993643757	0.0015449567049898	0.0054868837577543	3.0105893371107947e-05	2.38689122029294e-06	0.0859022480921822	0.0191183185337564	0.0073791962272908	0.0003655101035581	-0.1139814275421713	-0.032208179599678	0.0010373668331251	0.0129917658245512	0.000321999875534	0.0001869999847497	1.036839198439115e-07	3.496899429638804e-08	-3.200000197645103e-05	-0.0001229999777487	1.0240001264928702e-09	1.51289945262012e-08	5.151171821721461e-09	1.1273348556135249e-08	2.6534571136897203e-17	1.2708838766811667e-16	0.0
862.892610176082	0.1847867844583106	0.0341461557104421	744583.6566964919	1023.8765611436633	0.0384892781576127	0.001481424533094	1048323.2124593736	790.0857525433784	0.3945721340345471	0.1556871689565766	624235.4963720365	803.2642609539245	671.2331789224455	1.055924	13.512321	0.0631860415796087	0.0324290410630316	0.0038627261	-0.1794521071	0.0126667443	0.0486715034	-0.0101248742	0.0296846781	0.1765885433	0.076455106	-0.0859162783	0.0168771061	-0.030892063	-0.2069730009	-0.0974505255	-0.0371382237	-0.0925839312	-0.1990608326	0.0391145624	-0.1478526768	0.2389934616	-0.1086499989	-0.0158028372	-0.0604904226	-0.0585125601	0.0551327923	-0.1141915875	0.0094804769	0.0022464164	-0.0221413084	-0.0198339704	0.1795930855	-0.0881545155	-0.0922573417	0.1076595747	-0.0226809751	0.0345779492	-0.1695545059	0.059579349	-0.1345050566	0.1714205857	-0.1030784624	0.1336653245	-0.0214768782	-0.0592173245	0.0193913226	-0.0021603802	0.1526821298	0.1008636629	-0.1539677357	-0.0169485883	0.0390799801	-0.0394707764	0.153355781	0.0292070941	-0.0045244909	0.1134642175	0.0651741376	0.0579037934	-0.0667784773	0.1421727055	-0.0778672088	-0.051655261	-0.0755214656	-0.1014312397	0.2405121273	-0.0588159845	-0.0258316271	0.1982371156	0.0095504102	-0.1437067008	0.1082959623	0.0016325591250563	8.760242006650002e-05	7.674184001507526e-09	2.6652492968045915e-06	0.0947649476107272	0.0088626995185449	0.0089803952956638	7.854744275601754e-05	-0.0909439569127954	0.0230374706293759	0.0005307250529993	0.0082708032989563	0.0001350273468087	-0.0001869725287253	1.8232384386196944e-08	3.495872649793314e-08	-0.0002189829967513	-0.0001869829947748	4.795355286617987e-08	3.49626403349712e-08	0.0002500150079041	0.0002500098567322	6.250750417728718e-08	6.25049284632943e-08	0.0
862.699964737023	-0.1926454390589924	0.0371122651902319	744251.2291572607	1021.2360078599718	-2.6405532836914745	6.9725216440138285	1042922.9837497724	790.0376613359105	-0.0480912074679054	0.0023127642357211	624159.5063291148	802.1937356966245	672.8306989638326	1.089634	13.943701	0.053593536143269	0.0339299845691868	-0.1140824206	-0.1530701921	-0.1064590667	0.1717982341	0.0824721719	-0.1528907373	0.1549700694	-0.0010370198	0.0451011356	0.0435773778	-0.0309210657	-0.1490316185	0.1611374049	0.2073576953	-0.1119308864	-0.2818482887	0.0841805391	0.0636385964	0.1001437317	0.0275779359	-0.0007824269	-0.2061865026	-0.081289762	0.0622782985	-0.1615465949	-0.1260318849	0.1175942445	0.0914068142	-0.1195855927	0.1090596229	0.0744605855	0.1031346718	0.0612138787	-0.1914562891	0.1000696398	-0.206950267	-0.0902928388	0.0179993518	0.1430100271	0.1057841406	0.0767912561	-0.1219122941	0.0644974645	0.072066864	-0.1181209742	0.0356236676	0.1709624129	-0.0449729612	-0.059388195	-0.0084863667	0.0411488366	0.1529311945	-0.0512861542	0.1508273371	0.017458965	0.1241592038	0.1056965323	-0.1080448914	0.1052750472	0.0501275034	-0.2238389851	0.127520394	-0.1058297942	0.106043097	0.2049482596	0.0349585475	-0.0336685025	0.1083642265	-0.1459432408	0.1165920251	-0.0134148393713644	-0.0150473984964207	0.00022642420151	0.0001799579153595	0.0687237670486524	-0.0260411805620747	0.0047229561573574	0.0006781430850665	-0.090946678795305	-2.7218825096042565e-06	7.408644396089565e-12	0.0082712983838963	0.0001349998980495	-2.7448759199984792e-08	1.82249724733754e-08	7.534343816187499e-16	-0.0002190000015904	-1.7004839099983224e-08	4.79610006965952e-08	2.891645528163182e-16	1.4757457121524237e-08	-0.0002500002504469	2.177825406936264e-16	6.250012522355194e-08	0.0
862.0881536939945	-0.6118110430285242	0.3743127523716507	743195.9847395204	1025.150804562039	3.9147967020671786	15.325633218516058	1050934.1720941958	790.105468115319	0.0678067794085564	0.0045977593337606	624266.6507457274	802.5417444911288	666.210414917949	1.078098	13.796075	0.035597012146866	0.0201834618554853	-0.1700187732	-0.0909346167	-0.0633625868	0.2317481756	0.0928118843	-0.0414959927	0.0168614946	-0.1476441709	0.086558506	0.0393543823	-0.1551998361	-0.0102150942	0.1686527394	-0.0136456857	-0.0703613175	0.0454566322	-0.1317600269	0.2110224348	0.0170435836	-0.0114586619	0.187564848	-0.0220860304	0.1084494456	0.0853217749	0.0064922029	0.2049749235	0.0745366362	0.054525857	-0.1967418376	0.0181766	0.1634842945	0.0551602864	-0.1207012712	-0.0837852839	0.0912836191	0.0540660613	-0.1978510275	0.0801041961	-0.0206892579	-0.126764547	-0.1836616507	-0.0269192553	0.1982407121	0.1578881551	0.0155514785	-0.0944622898	0.1827177909	0.088286593	-0.0589632581	0.0106526896	0.0082464843	0.0831368706	-0.2166382025	0.0745716684	-0.0167733227	0.0441855104	-0.0498029425	-0.212792606	-0.0049974321	0.0264410482	0.122050878	-0.0877349765	-0.0451593102	-0.074414568	0.0742348053	-0.0110684978	0.0014149144	-0.127869832	-0.1479655889	0.1242038795	0.0022689080457638	0.0156837474171282	0.0002459799330442	5.147943720131706e-06	0.0687814726533133	5.770560466089592e-05	0.0047308909803584	3.329936809279612e-09	-0.0909404921857941	6.186609510905328e-06	3.8274137240424256e-11	0.0082701731189944	0.0003539803268393	0.0002189804287897	1.2530207178925766e-07	4.7952428192964656e-08	-0.0002190312341614	-3.1232571000002016e-08	4.7974681538266044e-08	9.75473491270167e-16	-0.0001779610314934	-0.0001779757889505	3.167012873019491e-08	3.167538145256058e-08	0.0
863.3694593582401	1.281305664245565	1.6417442052277684	745406.8233525398	1023.6727595011394	-1.4780450608996034	2.1846172020497123	1047905.9185446774	790.3828650198528	0.2773969045338162	0.0769490426449431	624705.0733169909	803.4580365985844	664.1897729363772	1.139734	14.584819	0.088683054012903	0.0562592232314853	-0.136432587	0.0323306402	-0.0874295196	0.059193499	0.0517107872	0.0898567114	-0.0619053069	-0.1393399351	0.0157888392	-0.0363788155	-0.1823535172	0.086474404	0.0896496693	0.0255527732	-0.1142305091	0.016058172	-0.1806443161	0.033988029	0.1673171745	-0.1033065255	0.0250789019	0.1090071924	0.0558747092	-0.1700012214	-0.1273088774	0.0434264059	-0.092945343	-0.0846333339	-0.0890464805	-0.0860145655	0.0675514093	-0.1630091694	-0.1605391634	-0.1044605912	-0.0682197832	0.0552084078	-0.0904290771	-0.1706449743	0.1526138934	-0.0435167843	-0.0267736074	0.2070057943	0.0087184534	0.0449101914	0.0765311687	-0.0874016717	0.0175067299	-0.0165056828	-0.128059206	-0.0483589307	-0.1407459446	0.0433968943	-0.1802972909	-0.0021867037	0.047487397	-0.0026839314	0.1380107344	0.0764904419	-0.1126916483	0.0505449687	0.1329561184	-0.1555713397	0.1765548795	0.0198064589	-0.025723851	-0.1936040728	-0.1243199031	0.063854386	-0.1497707771	0.1310868562	0.0048537673042403	0.0025848592584765	6.6814973861316805e-06	2.3559057043712147e-05	0.1088239542175131	0.0400424815641998	0.0118426530115353	0.0016034003298192	-0.1301944023320658	-0.0392539101462717	0.0015408694617715	0.0169505823986038	0.0003429668184114	-1.1013508427899972e-05	1.1762623853123823e-07	1.212973678914237e-10	-0.0002190519884586	-2.0754297199994214e-08	4.798377364766662e-08	4.3074085226568767e-16	-0.0003029628296474	-0.0001250017981539	9.17864761479595e-08	1.5625449541733352e-08	0.0
863.5563538139282	0.1868944556881615	0.0349295375669741	745729.5762124064	1023.0605498419868	-0.6122096591525406	0.3748006667596699	1046652.8886429884	789.5715884732622	-0.8112765465906477	0.6581696350480475	623423.2933241905	802.831618226891	668.8787539642636	1.03638	13.262221	0.0249432444737625	0.0191514351836148	-0.0522649301	0.0885020289	-0.1258756186	-0.0534905018	-0.0139706748	0.0067793285	0.0520255825	-0.1128251692	-0.0428938063	-0.0084213785	-0.0432056689	0.0958806683	-0.140519167	0.0328621784	-0.1058613878	0.0039170425	0.0932849182	-0.1628191186	-0.0201227151	0.0486929254	-0.134518555	-0.0042135358	0.128648113	-0.1200905825	-0.0460864284	0.1508873338	0.0287276086	0.1049230443	0.0246347259	-0.123140558	-0.0585466661	-0.1237943887	0.0420585087	-0.0733374129	-0.0953618233	-0.0702874814	0.1380144361	-0.0152592849	-0.0086554921	0.0719407152	0.1210389485	0.1109847335	-0.1257683182	0.1346367824	0.0241802766	-0.0578482524	-0.086558639	-0.1540203797	-0.1760248117	-0.0428077387	-0.0484875454	0.1007763829	0.1111038398	-0.1261933703	-0.004062688	-0.0095777157	-0.0495794328	0.0441176476	0.0111105893	0.038610494	-0.1233862569	-0.0273850169	0.1548628109	0.0643569409	-0.0348898529	0.0208709306	-0.1072488069	-0.0728411781	-0.1513561561	0.1372005631	0.0022793427101532	-0.0025744245940871	6.627661990640529e-06	5.195403190328534e-06	0.1088819781275276	5.802391001449858e-05	0.0118552851609633	3.3667741333706286e-09	-0.1119842485275199	0.0182101538045459	0.0003316097015852	0.0125404719182733	0.000287963823077	-5.500299533439998e-05	8.292316340112177e-08	3.025329495756026e-09	-0.0002190474103025	4.578156099989579e-09	4.798176796023178e-08	2.0959513275871797e-17	-0.0003299680994592	-2.700526981180005e-05	1.0887894666071653e-07	7.292845976081191e-10	0.0
862.3295100238237	-1.2268437901045672	1.5051456853181395	743612.1838579278	1020.3518046908908	-2.708745151095968	7.337300293585919	1041117.805335958	789.5721323948799	0.000543921617691	2.958507261916077e-07	623424.1522545977	802.5850804105718	663.3928038719857	1.083534	13.865634	0.0777403133979807	0.0374098242071864	-0.0838930517	0.1139717691	-0.0586863374	-0.0330662141	0.0950252302	-0.17343814	0.0111207877	-0.0538463985	-0.0225717569	0.0339491922	-0.0009569607	0.112407323	0.1032050077	0.1234903156	0.1109862912	-0.0167582697	-0.0434880306	-0.0919998927	-0.2296016536	0.0217031123	0.1213895207	-0.038897108	-0.0583622667	0.0305986768	0.0634137984	0.0738484756	-0.0992555472	-0.0855956805	-0.0326973856	-0.128543053	0.0431629811	0.1151548561	0.0342477142	-0.0615648709	0.0229142443	0.0219814887	0.0803121417	-0.0556318801	-0.126070557	-0.0745386125	-0.1053158215	-0.0773376147	-0.0512622333	0.0289158693	-0.2079122346	-0.1393497245	0.0012967032	0.0389329785	-0.0449652623	-0.0506863494	-0.0824465077	0.0363747907	0.0436490543	-0.0463767249	0.0020066112	-0.080331341	-0.0743867796	0.0879541567	-0.0110613965	-0.1418085816	-0.2000694699	-0.0397581789	0.066827343	-0.0032259055	-0.2104448205	0.1797071746	-0.0629275219	0.3076517489	-0.152719399	0.1425091225	0.0023052603097539	2.591759960070012e-05	6.71721969062211e-10	5.314225095726647e-06	0.0949673051348582	-0.0139146729926694	0.0090187890445772	0.0001936181244929	-0.0819588729496842	0.0300253755778357	0.00090152317859	0.0067172568551824	0.0006630016296085	0.0003750378065314	4.395711608635266e-07	1.4065335632795877e-07	9.366756273498922e-06	0.0002284141665759	8.773612308713141e-11	5.217303149260818e-08	-0.0004020030709092	-7.203497144999999e-05	1.616064690204273e-07	5.1890371118023135e-09	0.0
861.9909445082499	-0.338565515573805	0.1146266083357563	743028.3884142247	1022.1375684102376	1.7857637193467326	3.188952061335076	1044765.208755593	788.6693393436213	-0.9027930512585272	0.8150352934006816	621999.3268207042	802.6177497098511	660.7711291801024	1.085867	13.895496	0.0963582652665553	0.0456419872944512	-0.0617247236	0.1145234232	0.0135032599	-0.0391236022	0.0445361627	0.079564215	-0.0851738604	-0.0974833795	-0.0219204941	0.0646631771	-0.0028967226	0.1108644675	-0.0055444072	-0.1116272141	-0.0398634894	0.1169925581	0.1200389331	-0.164381788	-0.0467454572	0.0141503321	0.0043663389	-0.0200598488	0.0550492864	-0.0257162741	0.1830914768	-0.0753983322	-0.0309728724	-0.0380329271	-0.0331736363	-0.1150594115	-0.0746621712	-0.0600049757	-0.1335341921	0.0411645712	-0.0179989908	0.0084271133	0.1445146577	-0.0077160139	-0.0650479797	0.019837394	0.0744167562	0.0113975175	-0.0024792168	-0.0547299743	0.0928482726	-0.104370323	-0.076068577	0.0331308601	-0.1111629855	0.0461512436	-0.0188201178	0.0305019297	0.0582593469	-0.100740077	-0.102868743	0.1622299393	0.0507382066	0.0591362195	-0.0352528576	0.0721830787	0.0401338938	-0.0522408688	0.0130003934	-0.1197082577	0.0198775383	-0.2426039398	-0.040171415	0.1007942233	-0.1538585052	0.1469813818	0.0023696592091368	6.439889938289999e-05	4.147218241728876e-09	5.615284767446844e-06	0.0677508962912583	-0.0272164088435998	0.0045901839482688	0.0007407329103419	-0.1149628188868518	-0.0330039459371676	0.0010892604474234	0.013216449726411	0.0003789790559084	-0.0002840225737	1.436251248172222e-07	8.06688223712287e-08	-0.0002190365035246	-0.000228403259798	4.797698987628211e-08	5.2168049086397883e-08	-0.0001929586726793	0.0002090443982299	3.723304936215724e-08	4.3699560431301024e-08	0.0
862.1069228204909	0.1159783122410544	0.0134509689102835	743228.3463750159	1021.9369786580404	-0.2005897521971746	0.0402362486865239	1044355.1883487242	788.9780614049637	0.3087220613423369	0.0953093111594616	622486.3813783346	802.0857552911976	660.0924644281369	0.839456	10.742254	0.0736644490395244	0.0450804749661266	-0.0791835829	0.1264782521	0.0180330237	-0.1185144972	0.0183194649	0.0268953854	-0.0343440055	-0.0381331403	-0.0606771752	0.0263086675	-0.0677521419	0.1052398946	-0.0875327496	-0.0458086768	-0.0099285772	0.0237133072	0.1602643391	-0.1618405218	-0.0945687861	0.0762035317	-0.1267714623	0.146523681	0.0108052301	0.2415762906	0.0118264066	0.0190049302	0.0834975737	0.0696065573	0.0072007589	-0.1493159983	-0.0333581577	-0.078546335	0.0346420447	0.0620938141	0.0470283938	-0.0272391222	0.1503961994	0.0401956532	-0.0766136012	0.0533655173	0.0813341658	-0.1264232175	-0.0345496021	-0.0508234207	0.0410226237	-0.1244806964	-0.05519885	-0.0881401656	-0.0649482677	-0.0206403766	-0.058722427	0.0036103198	0.1081526534	-0.1093369471	-0.1106056844	-0.0794879066	-0.1005250722	-0.0229993463	0.0168762959	-0.0091682462	0.0378464205	-0.0286701766	0.2398022573	0.0046197107	-0.0321707505	-0.0686376256	-0.0653452284	0.0106782634	-0.1547718027	0.1505910958	0.0023698578422255	1.986330886998185e-07	3.9455103926429956e-14	5.616226192357702e-06	0.1025688043826278	0.0348179080913695	0.0105203596324817	0.001212286723859	-0.0885196343106855	0.0264431845761662	0.0006992420105291	0.0078357256584974	0.0003509547840274	-2.8024271881e-05	1.23169260431719e-07	7.853598144602072e-10	-0.0002190725637898	-3.606026520000028e-08	4.799278820543599e-08	1.3003427262943514e-15	-0.0004129614953111	-0.0002200028226318	1.7053719660957968e-07	4.8401241965959263e-08	0.0
862.2056518615391	0.0987290410481591	0.009747423546289	743398.5861019816	1022.4360793219672	0.4991006639268107	0.2491014727321832	1045375.536299276	788.6319895831923	-0.3460718217713747	0.1197657058241581	621940.4149939443	801.1504464347553	661.2721099161079	0.866799	11.092156	0.0319696894670374	0.0254379035204092	-0.088988461	0.0973094401	-0.0438096664	-0.068735416	0.0003456624	-0.0678040035	0.0313584558	-0.0416863665	-0.0527466746	0.0686425914	-0.0543835131	0.1050520918	-0.0290240582	0.1836077431	0.1307082142	0.0666428533	0.0009988982	-0.0732407079	0.0080999223	-0.0802234056	-0.0575231597	0.095688633	0.105303998	0.1814163055	-0.1772394659	0.0036415851	-0.0622560126	0.0109217013	-0.0367839347	-0.1436765792	-0.0324339373	0.0123980746	0.1666490865	-0.0521771949	-0.0239309943	0.14483809	0.061984237	-0.0683491427	0.0140076987	0.0115037754	-0.0132398699	-0.0146781985	-0.0626425673	-0.0196403964	-0.1709451242	-0.0987371475	-0.012045235	-0.0694136891	-0.1171600091	-0.0396441949	0.0139979312	-0.040285451	0.1093540313	-0.0981860858	-0.1231697847	0.0296777744	-0.1582820507	0.0483292372	0.0113305865	-0.2109222343	-0.1725698865	0.0239243173	-0.0071335716	0.0478278793	-0.1111321208	0.1625800107	-0.0795099095	-0.0426149508	-0.1554579513	0.1533170814	0.0059091191724718	0.0035392613302463	1.2526370763776809e-05	3.491768939447381e-05	0.0777373553299582	-0.0248314490526696	0.0060430964136961	0.0006166008620553	-0.0885426881264521	-2.305381576658827e-05	5.314784213997938e-10	0.0078398076206581	0.0004129556093569	6.200082532949999e-05	1.705323352993286e-07	3.844102341539167e-09	-0.0002190833334463	-1.0769656499985769e-08	4.799750699394267e-08	1.1598550112768567e-16	-0.00040345458493	9.50691038110004e-06	1.6277560210103858e-07	9.038134499426771e-11	0.0
862.9687523710588	0.7631005095197452	0.5823223876292947	744715.0675688619	1021.71429333157	-0.7217859903971657	0.5209750159336174	1043900.0971980296	789.8511757677102	1.2191861845178664	1.486414952519233	623864.8798616342	802.3866402453082	660.9766860181348	1.020225	13.055499	0.042482374843692	0.0269428074350084	-0.0924163586	0.09949111	-0.0347605676	-0.0038541727	0.0268333383	-0.0039649414	-0.2060516522	-0.0585883753	-0.0814251023	-0.0042680411	-0.1254760297	0.1276072411	0.0506623606	-0.0486931404	0.0692175439	-0.0176702123	0.1090785223	-0.1220283372	-0.0891164082	-0.104158398	-0.0131242609	-0.0384605236	-0.024804056	0.135591999	0.0477099387	-0.2207894821	-0.0888660582	0.0326914331	-0.0530310122	-0.1333706766	0.0995374095	-0.0377714748	-0.0035527146	0.0742616457	0.0748531269	0.0271963588	0.0921031032	-0.0445551454	-0.0878175984	-0.0073506978	0.1021073861	-0.144551724	-0.0388637735	-0.1026929081	0.0888634471	-0.1687833641	-0.0213837738	0.066562832	-0.0997555055	-0.0854152764	-0.1089824008	-0.1757200619	0.1775908378	-0.1478903379	-0.3814465385	-0.0958506052	-0.0340831576	-0.0105444048	-0.0457436884	-0.0872598919	0.1980809159	0.1379305776	-0.2198307209	-0.0173520798	0.1464299387	0.1255204548	0.3138544663	-0.1563042052	-0.155915944	0.1551433414	0.0023906140891511	-0.0035185050833207	1.2379878021353609e-05	5.715035723247742e-06	0.0827649916623443	0.0050276363323861	0.0068500438448679	2.5277127090728822e-05	-0.1070740664526823	-0.0185313783262302	0.0003434119826698	0.0114648557067134	0.0007209563557364	0.0003080007463795	5.197780668767106e-07	9.486445977032909e-08	-0.0002191459497768	-6.26163305000101e-08	4.8024947303575756e-08	3.9208048452864946e-15	-0.0004034208456049	3.373932509997913e-08	1.6274837866857257e-07	1.138342058202082e-15	0.0
863.6985422506626	0.7297898796037998	0.5325932683721286	745975.1718859196	1022.2698986477322	0.5556053161622003	0.3086972673476986	1045035.7456812448	790.1378933858623	0.2867176181521245	0.0822069925588274	624317.8905642483	803.3868938163904	666.7669829944573	1.065654	13.636829	0.0905994863264556	0.0401448337549713	0.0118781569	0.076072642	-0.0187229882	-0.0619767202	-0.0392059979	0.0692663897	-0.085961232	-0.0339549432	-0.0419605121	-0.0835626584	-0.0187744369	0.0494318737	-0.0783532226	-0.1039032636	-0.0389282152	0.1071730018	0.0194758317	-0.0092081899	-0.0963114821	0.0627941164	0.0327662711	-0.210836602	-0.0714777756	-0.0495711265	-0.0452661231	0.0158833105	-0.0987913137	0.0153203343	0.0760685551	-0.0673837015	0.001536662	-0.1415049836	-0.0651635516	0.0275282986	-0.0496592772	0.0073071782	0.0409261793	0.0907843972	-0.112014745	-0.0397950733	0.0650506246	-0.0684274472	-0.051033386	0.1254513901	0.119376407	-0.0177537949	-0.1269584831	-0.0861393803	-0.0561108923	-0.0295057993	-0.1487739514	-0.1196334908	0.0806370052	0.0746753233	-0.033568165	0.0665870391	0.3091192949	-0.1531220937	-0.3737758762	0.0465020111	0.0137573085	0.234836853	-0.1854432697	-0.1232438068	-0.1235024745	-0.076326001	-0.0336898691	-0.0085876034	-0.1561451084	0.1560591586	1.6045109035189853e-05	-0.0023745689801159	5.638577841328712e-06	2.5744552395113105e-10	0.1067587614113705	0.0239937697490262	0.0113974331380899	0.0005757009867692	-0.1243887744588789	-0.0173147080061965	0.0002997991133398	0.0154725672113818	0.0004260000973727	-0.0002949562583637	1.814760829615499e-07	8.699919434791375e-08	-0.0004589998900375	-0.0002398539402607	2.106808990544371e-07	5.752991265858345e-08	9.77475930384825e-08	0.0004035185931979	9.554591944816792e-15	1.6282725505644337e-07	0.0
