
Thu Mar 12 10:18:33 CET 2026
cd /out/sourcedata/freesurfer/sub-v1s11x0050155_ses-1
setenv SUBJECTS_DIR /out/sourcedata/freesurfer
/opt/freesurfer/bin/recon-all -autorecon1 -i /work/fmriprep_25_2_wf/sub_v1s11x0050155_ses_1_wf/anat_fit_wf/anat_validate/sub-v1s11x0050155_ses-1_T1w_noise_corrected_ras_valid.nii.gz -noskullstrip -noT2pial -noFLAIRpial -openmp 16 -subjid sub-v1s11x0050155_ses-1 -sd /out/sourcedata/freesurfer

subjid sub-v1s11x0050155_ses-1
setenv SUBJECTS_DIR /out/sourcedata/freesurfer
FREESURFER_HOME /opt/freesurfer
Actual FREESURFER_HOME /opt/freesurfer
build-stamp.txt: freesurfer-linux-ubuntu22_x86_64-7.3.2-20220804-6354275
Linux dna085 5.14.0-427.37.1.el9_4.x86_64 #1 SMP PREEMPT_DYNAMIC Fri Sep 13 12:41:50 EDT 2024 x86_64 x86_64 x86_64 GNU/Linux
cputime      unlimited
filesize     unlimited
datasize     unlimited
stacksize    8192 kbytes
coredumpsize 0 kbytes
memoryuse    67108864 kbytes
vmemoryuse   unlimited
descriptors  1024 
memorylocked unlimited
maxproc      2061970 
maxlocks     unlimited
maxsignal    2062024 
maxmessage   819200 
maxnice      0 
maxrtprio    0 
maxrttime    unlimited

               total        used        free      shared  buff/cache   available
Mem:           503Gi       319Gi       159Gi       9.7Gi        24Gi       170Gi
Swap:             0B          0B          0B

########################################
program versions used
7.3.2 (freesurfer-linux-ubuntu22_x86_64-7.3.2-20220804-6354275)
7.3.2

ProgramName: lta_convert  ProgramArguments: lta_convert -all-info  ProgramVersion: 7.3.2  TimeStamp: 2026/03/12-09:18:33-GMT  BuildTime: Aug  4 2022 06:17:15  BuildStamp: freesurfer-linux-ubuntu22_x86_64-7.3.2-20220804-6354275  User: oesteban  Machine: dna085  Platform: Linux  PlatformVersion: 5.14.0-427.37.1.el9_4.x86_64  CompilerName: GCC  CompilerVersion: 8.4.0
ProgramName: mri_and  ProgramArguments: mri_and -all-info  ProgramVersion: 7.3.2  TimeStamp: 2026/03/12-09:18:33-GMT  BuildTime: Aug  4 2022 06:17:15  BuildStamp: freesurfer-linux-ubuntu22_x86_64-7.3.2-20220804-6354275  User: oesteban  Machine: dna085  Platform: Linux  PlatformVersion: 5.14.0-427.37.1.el9_4.x86_64  CompilerName: GCC  CompilerVersion: 8.4.0
ProgramName: mri_annotation2label  ProgramArguments: mri_annotation2label -all-info  ProgramVersion: 7.3.2  TimeStamp: 2026/03/12-09:18:33-GMT  BuildTime: Aug  4 2022 06:17:15  BuildStamp: freesurfer-linux-ubuntu22_x86_64-7.3.2-20220804-6354275  User: oesteban  Machine: dna085  Platform: Linux  PlatformVersion: 5.14.0-427.37.1.el9_4.x86_64  CompilerName: GCC  CompilerVersion: 8.4.0
ProgramName: mri_aparc2aseg  ProgramArguments: mri_aparc2aseg -all-info  ProgramVersion: 7.3.2  TimeStamp: 2026/03/12-09:18:33-GMT  BuildTime: Aug  4 2022 06:17:15  BuildStamp: freesurfer-linux-ubuntu22_x86_64-7.3.2-20220804-6354275  User: oesteban  Machine: dna085  Platform: Linux  PlatformVersion: 5.14.0-427.37.1.el9_4.x86_64  CompilerName: GCC  CompilerVersion: 8.4.0
ProgramName: mri_surf2volseg  ProgramArguments: mri_surf2volseg -all-info  ProgramVersion: 7.3.2  TimeStamp: 2026/03/12-09:18:33-GMT  BuildTime: Aug  4 2022 06:17:15  BuildStamp: freesurfer-linux-ubuntu22_x86_64-7.3.2-20220804-6354275  User: oesteban  Machine: dna085  Platform: Linux  PlatformVersion: 5.14.0-427.37.1.el9_4.x86_64  CompilerName: GCC  CompilerVersion: 8.4.0
ProgramName: mri_binarize  ProgramArguments: mri_binarize -all-info  ProgramVersion: 7.3.2  TimeStamp: 2026/03/12-09:18:33-GMT  BuildTime: Aug  4 2022 06:17:15  BuildStamp: freesurfer-linux-ubuntu22_x86_64-7.3.2-20220804-6354275  User: oesteban  Machine: dna085  Platform: Linux  PlatformVersion: 5.14.0-427.37.1.el9_4.x86_64  CompilerName: GCC  CompilerVersion: 8.4.0
ProgramName: mri_ca_label  ProgramArguments: mri_ca_label -all-info  ProgramVersion: 7.3.2  TimeStamp: 2026/03/12-09:18:33-GMT  BuildTime: Aug  4 2022 06:17:15  BuildStamp: freesurfer-linux-ubuntu22_x86_64-7.3.2-20220804-6354275  User: oesteban  Machine: dna085  Platform: Linux  PlatformVersion: 5.14.0-427.37.1.el9_4.x86_64  CompilerName: GCC  CompilerVersion: 8.4.0
ProgramName: mri_ca_normalize  ProgramArguments: mri_ca_normalize -all-info  ProgramVersion: 7.3.2  TimeStamp: 2026/03/12-09:18:33-GMT  BuildTime: Aug  4 2022 06:17:15  BuildStamp: freesurfer-linux-ubuntu22_x86_64-7.3.2-20220804-6354275  User: oesteban  Machine: dna085  Platform: Linux  PlatformVersion: 5.14.0-427.37.1.el9_4.x86_64  CompilerName: GCC  CompilerVersion: 8.4.0
ProgramName: mri_ca_register  ProgramArguments: mri_ca_register -all-info  ProgramVersion: 7.3.2  TimeStamp: 2026/03/12-09:18:33-GMT  BuildTime: Aug  4 2022 06:17:15  BuildStamp: freesurfer-linux-ubuntu22_x86_64-7.3.2-20220804-6354275  User: oesteban  Machine: dna085  Platform: Linux  PlatformVersion: 5.14.0-427.37.1.el9_4.x86_64  CompilerName: GCC  CompilerVersion: 8.4.0
ProgramName: mri_cc  ProgramArguments: mri_cc -all-info  ProgramVersion: 7.3.2  TimeStamp: 2026/03/12-09:18:33-GMT  BuildTime: Aug  4 2022 06:17:15  BuildStamp: freesurfer-linux-ubuntu22_x86_64-7.3.2-20220804-6354275  User: oesteban  Machine: dna085  Platform: Linux  PlatformVersion: 5.14.0-427.37.1.el9_4.x86_64  CompilerName: GCC  CompilerVersion: 8.4.0
ProgramName: mri_compute_overlap  ProgramArguments: mri_compute_overlap -all-info  ProgramVersion: 7.3.2  TimeStamp: 2026/03/12-09:18:33-GMT  BuildTime: Aug  4 2022 06:17:15  BuildStamp: freesurfer-linux-ubuntu22_x86_64-7.3.2-20220804-6354275  User: oesteban  Machine: dna085  Platform: Linux  PlatformVersion: 5.14.0-427.37.1.el9_4.x86_64  CompilerName: GCC  CompilerVersion: 8.4.0
ProgramName: mri_compute_seg_overlap  ProgramArguments: mri_compute_seg_overlap -all-info  ProgramVersion: 7.3.2  TimeStamp: 2026/03/12-09:18:33-GMT  BuildTime: Aug  4 2022 06:17:15  BuildStamp: freesurfer-linux-ubuntu22_x86_64-7.3.2-20220804-6354275  User: oesteban  Machine: dna085  Platform: Linux  PlatformVersion: 5.14.0-427.37.1.el9_4.x86_64  CompilerName: GCC  CompilerVersion: 8.4.0
ProgramName: mri_concat  ProgramArguments: mri_concat -all-info  ProgramVersion: 7.3.2  TimeStamp: 2026/03/12-09:18:33-GMT  BuildTime: Aug  4 2022 06:17:15  BuildStamp: freesurfer-linux-ubuntu22_x86_64-7.3.2-20220804-6354275  User: oesteban  Machine: dna085  Platform: Linux  PlatformVersion: 5.14.0-427.37.1.el9_4.x86_64  CompilerName: GCC  CompilerVersion: 8.4.0
ProgramName: mri_concatenate_lta  ProgramArguments: mri_concatenate_lta -all-info  ProgramVersion: 7.3.2  TimeStamp: 2026/03/12-09:18:33-GMT  BuildTime: Aug  4 2022 06:17:15  BuildStamp: freesurfer-linux-ubuntu22_x86_64-7.3.2-20220804-6354275  User: oesteban  Machine: dna085  Platform: Linux  PlatformVersion: 5.14.0-427.37.1.el9_4.x86_64  CompilerName: GCC  CompilerVersion: 8.4.0
mri_convert -all-info 
ProgramName: mri_convert  ProgramArguments: mri_convert -all-info  ProgramVersion: 7.3.2  TimeStamp: 2026/03/12-09:18:33-GMT  BuildTime: Aug  4 2022 06:17:15  BuildStamp: freesurfer-linux-ubuntu22_x86_64-7.3.2-20220804-6354275  User: oesteban  Machine: dna085  Platform: Linux  PlatformVersion: 5.14.0-427.37.1.el9_4.x86_64  CompilerName: GCC  CompilerVersion: 8.4.0
ProgramName: mri_diff  ProgramArguments: mri_diff -all-info  ProgramVersion: 7.3.2  TimeStamp: 2026/03/12-09:18:33-GMT  BuildTime: Aug  4 2022 06:17:15  BuildStamp: freesurfer-linux-ubuntu22_x86_64-7.3.2-20220804-6354275  User: oesteban  Machine: dna085  Platform: Linux  PlatformVersion: 5.14.0-427.37.1.el9_4.x86_64  CompilerName: GCC  CompilerVersion: 8.4.0
ProgramName: mri_edit_wm_with_aseg  ProgramArguments: mri_edit_wm_with_aseg -all-info  ProgramVersion: 7.3.2  TimeStamp: 2026/03/12-09:18:33-GMT  BuildTime: Aug  4 2022 06:17:15  BuildStamp: freesurfer-linux-ubuntu22_x86_64-7.3.2-20220804-6354275  User: oesteban  Machine: dna085  Platform: Linux  PlatformVersion: 5.14.0-427.37.1.el9_4.x86_64  CompilerName: GCC  CompilerVersion: 8.4.0
ProgramName: mri_em_register  ProgramArguments: mri_em_register -all-info  ProgramVersion: 7.3.2  TimeStamp: 2026/03/12-09:18:33-GMT  BuildTime: Aug  4 2022 06:17:15  BuildStamp: freesurfer-linux-ubuntu22_x86_64-7.3.2-20220804-6354275  User: oesteban  Machine: dna085  Platform: Linux  PlatformVersion: 5.14.0-427.37.1.el9_4.x86_64  CompilerName: GCC  CompilerVersion: 8.4.0
ProgramName: mri_fill  ProgramArguments: mri_fill -all-info  ProgramVersion: 7.3.2  TimeStamp: 2026/03/12-09:18:33-GMT  BuildTime: Aug  4 2022 06:17:15  BuildStamp: freesurfer-linux-ubuntu22_x86_64-7.3.2-20220804-6354275  User: oesteban  Machine: dna085  Platform: Linux  PlatformVersion: 5.14.0-427.37.1.el9_4.x86_64  CompilerName: GCC  CompilerVersion: 8.4.0
ProgramName: mri_fuse_segmentations  ProgramArguments: mri_fuse_segmentations -all-info  ProgramVersion: 7.3.2  TimeStamp: 2026/03/12-09:18:33-GMT  BuildTime: Aug  4 2022 06:17:15  BuildStamp: freesurfer-linux-ubuntu22_x86_64-7.3.2-20220804-6354275  User: oesteban  Machine: dna085  Platform: Linux  PlatformVersion: 5.14.0-427.37.1.el9_4.x86_64  CompilerName: GCC  CompilerVersion: 8.4.0
ProgramName: mri_fwhm  ProgramArguments: mri_fwhm -all-info  ProgramVersion: 7.3.2  TimeStamp: 2026/03/12-09:18:33-GMT  BuildTime: Aug  4 2022 06:17:15  BuildStamp: freesurfer-linux-ubuntu22_x86_64-7.3.2-20220804-6354275  User: oesteban  Machine: dna085  Platform: Linux  PlatformVersion: 5.14.0-427.37.1.el9_4.x86_64  CompilerName: GCC  CompilerVersion: 8.4.0
ProgramName: mri_gcut  ProgramArguments: mri_gcut -all-info  ProgramVersion: 7.3.2  TimeStamp: 2026/03/12-09:18:33-GMT  BuildTime: Aug  4 2022 06:17:15  BuildStamp: freesurfer-linux-ubuntu22_x86_64-7.3.2-20220804-6354275  User: oesteban  Machine: dna085  Platform: Linux  PlatformVersion: 5.14.0-427.37.1.el9_4.x86_64  CompilerName: GCC  CompilerVersion: 8.4.0
ProgramName: mri_info  ProgramArguments: mri_info -all-info  ProgramVersion: 7.3.2  TimeStamp: 2026/03/12-09:18:33-GMT  BuildTime: Aug  4 2022 06:17:15  BuildStamp: freesurfer-linux-ubuntu22_x86_64-7.3.2-20220804-6354275  User: oesteban  Machine: dna085  Platform: Linux  PlatformVersion: 5.14.0-427.37.1.el9_4.x86_64  CompilerName: GCC  CompilerVersion: 8.4.0
ProgramName: mri_label2label  ProgramArguments: mri_label2label -all-info  ProgramVersion: 7.3.2  TimeStamp: 2026/03/12-09:18:33-GMT  BuildTime: Aug  4 2022 06:17:15  BuildStamp: freesurfer-linux-ubuntu22_x86_64-7.3.2-20220804-6354275  User: oesteban  Machine: dna085  Platform: Linux  PlatformVersion: 5.14.0-427.37.1.el9_4.x86_64  CompilerName: GCC  CompilerVersion: 8.4.0
ProgramName: mri_label2vol  ProgramArguments: mri_label2vol -all-info  ProgramVersion: 7.3.2  TimeStamp: 2026/03/12-09:18:33-GMT  BuildTime: Aug  4 2022 06:17:15  BuildStamp: freesurfer-linux-ubuntu22_x86_64-7.3.2-20220804-6354275  User: oesteban  Machine: dna085  Platform: Linux  PlatformVersion: 5.14.0-427.37.1.el9_4.x86_64  CompilerName: GCC  CompilerVersion: 8.4.0
ProgramName: mri_log_likelihood  ProgramArguments: mri_log_likelihood -all-info  ProgramVersion: 7.3.2  TimeStamp: 2026/03/12-09:18:33-GMT  BuildTime: Aug  4 2022 06:17:15  BuildStamp: freesurfer-linux-ubuntu22_x86_64-7.3.2-20220804-6354275  User: oesteban  Machine: dna085  Platform: Linux  PlatformVersion: 5.14.0-427.37.1.el9_4.x86_64  CompilerName: GCC  CompilerVersion: 8.4.0
ProgramName: mri_mask  ProgramArguments: mri_mask -all-info  ProgramVersion: 7.3.2  TimeStamp: 2026/03/12-09:18:33-GMT  BuildTime: Aug  4 2022 06:17:15  BuildStamp: freesurfer-linux-ubuntu22_x86_64-7.3.2-20220804-6354275  User: oesteban  Machine: dna085  Platform: Linux  PlatformVersion: 5.14.0-427.37.1.el9_4.x86_64  CompilerName: GCC  CompilerVersion: 8.4.0
ProgramName: mri_matrix_multiply  ProgramArguments: mri_matrix_multiply -all-info  ProgramVersion: 7.3.2  TimeStamp: 2026/03/12-09:18:33-GMT  BuildTime: Aug  4 2022 06:17:15  BuildStamp: freesurfer-linux-ubuntu22_x86_64-7.3.2-20220804-6354275  User: oesteban  Machine: dna085  Platform: Linux  PlatformVersion: 5.14.0-427.37.1.el9_4.x86_64  CompilerName: GCC  CompilerVersion: 8.4.0
ProgramName: mri_normalize  ProgramArguments: mri_normalize -all-info  ProgramVersion: 7.3.2  TimeStamp: 2026/03/12-09:18:33-GMT  BuildTime: Aug  4 2022 06:17:15  BuildStamp: freesurfer-linux-ubuntu22_x86_64-7.3.2-20220804-6354275  User: oesteban  Machine: dna085  Platform: Linux  PlatformVersion: 5.14.0-427.37.1.el9_4.x86_64  CompilerName: GCC  CompilerVersion: 8.4.0
ProgramName: mri_normalize_tp2  ProgramArguments: mri_normalize_tp2 -all-info  ProgramVersion: 7.3.2  TimeStamp: 2026/03/12-09:18:33-GMT  BuildTime: Aug  4 2022 06:17:15  BuildStamp: freesurfer-linux-ubuntu22_x86_64-7.3.2-20220804-6354275  User: oesteban  Machine: dna085  Platform: Linux  PlatformVersion: 5.14.0-427.37.1.el9_4.x86_64  CompilerName: GCC  CompilerVersion: 8.4.0
ProgramName: mri_or  ProgramArguments: mri_or -all-info  ProgramVersion: 7.3.2  TimeStamp: 2026/03/12-09:18:33-GMT  BuildTime: Aug  4 2022 06:17:15  BuildStamp: freesurfer-linux-ubuntu22_x86_64-7.3.2-20220804-6354275  User: oesteban  Machine: dna085  Platform: Linux  PlatformVersion: 5.14.0-427.37.1.el9_4.x86_64  CompilerName: GCC  CompilerVersion: 8.4.0
ProgramName: mri_relabel_hypointensities  ProgramArguments: mri_relabel_hypointensities -all-info  ProgramVersion: 7.3.2  TimeStamp: 2026/03/12-09:18:33-GMT  BuildTime: Aug  4 2022 06:17:15  BuildStamp: freesurfer-linux-ubuntu22_x86_64-7.3.2-20220804-6354275  User: oesteban  Machine: dna085  Platform: Linux  PlatformVersion: 5.14.0-427.37.1.el9_4.x86_64  CompilerName: GCC  CompilerVersion: 8.4.0
ProgramName: mri_relabel_nonwm_hypos  ProgramArguments: mri_relabel_nonwm_hypos -all-info  ProgramVersion: 7.3.2  TimeStamp: 2026/03/12-09:18:33-GMT  BuildTime: Aug  4 2022 06:17:15  BuildStamp: freesurfer-linux-ubuntu22_x86_64-7.3.2-20220804-6354275  User: oesteban  Machine: dna085  Platform: Linux  PlatformVersion: 5.14.0-427.37.1.el9_4.x86_64  CompilerName: GCC  CompilerVersion: 8.4.0
ProgramName: mri_remove_neck  ProgramArguments: mri_remove_neck -all-info  ProgramVersion: 7.3.2  TimeStamp: 2026/03/12-09:18:33-GMT  BuildTime: Aug  4 2022 06:17:15  BuildStamp: freesurfer-linux-ubuntu22_x86_64-7.3.2-20220804-6354275  User: oesteban  Machine: dna085  Platform: Linux  PlatformVersion: 5.14.0-427.37.1.el9_4.x86_64  CompilerName: GCC  CompilerVersion: 8.4.0
7.3.2

ProgramName: mri_robust_register  ProgramArguments: mri_robust_register -all-info  ProgramVersion: 7.3.2  TimeStamp: 2026/03/12-09:18:33-GMT  BuildTime: Aug  4 2022 06:17:15  BuildStamp: freesurfer-linux-ubuntu22_x86_64-7.3.2-20220804-6354275  User: oesteban  Machine: dna085  Platform: Linux  PlatformVersion: 5.14.0-427.37.1.el9_4.x86_64  CompilerName: GCC  CompilerVersion: 8.4.0
7.3.2

ProgramName: mri_robust_template  ProgramArguments: mri_robust_template -all-info  ProgramVersion: 7.3.2  TimeStamp: 2026/03/12-09:18:33-GMT  BuildTime: Aug  4 2022 06:17:15  BuildStamp: freesurfer-linux-ubuntu22_x86_64-7.3.2-20220804-6354275  User: oesteban  Machine: dna085  Platform: Linux  PlatformVersion: 5.14.0-427.37.1.el9_4.x86_64  CompilerName: GCC  CompilerVersion: 8.4.0
ProgramName: mris_anatomical_stats  ProgramArguments: mris_anatomical_stats -all-info  ProgramVersion: 7.3.2  TimeStamp: 2026/03/12-09:18:33-GMT  BuildTime: Aug  4 2022 06:17:15  BuildStamp: freesurfer-linux-ubuntu22_x86_64-7.3.2-20220804-6354275  User: oesteban  Machine: dna085  Platform: Linux  PlatformVersion: 5.14.0-427.37.1.el9_4.x86_64  CompilerName: GCC  CompilerVersion: 8.4.0
ProgramName: mris_ca_label  ProgramArguments: mris_ca_label -all-info  ProgramVersion: 7.3.2  TimeStamp: 2026/03/12-09:18:33-GMT  BuildTime: Aug  4 2022 06:17:15  BuildStamp: freesurfer-linux-ubuntu22_x86_64-7.3.2-20220804-6354275  User: oesteban  Machine: dna085  Platform: Linux  PlatformVersion: 5.14.0-427.37.1.el9_4.x86_64  CompilerName: GCC  CompilerVersion: 8.4.0
ProgramName: mris_calc  ProgramArguments: mris_calc -all-info  ProgramVersion: 7.3.2  TimeStamp: 2026/03/12-09:18:33-GMT  BuildTime: Aug  4 2022 06:17:15  BuildStamp: freesurfer-linux-ubuntu22_x86_64-7.3.2-20220804-6354275  User: oesteban  Machine: dna085  Platform: Linux  PlatformVersion: 5.14.0-427.37.1.el9_4.x86_64  CompilerName: GCC  CompilerVersion: 8.4.0
ProgramName: mris_convert  ProgramArguments: mris_convert -all-info  ProgramVersion: 7.3.2  TimeStamp: 2026/03/12-09:18:33-GMT  BuildTime: Aug  4 2022 06:17:15  BuildStamp: freesurfer-linux-ubuntu22_x86_64-7.3.2-20220804-6354275  User: oesteban  Machine: dna085  Platform: Linux  PlatformVersion: 5.14.0-427.37.1.el9_4.x86_64  CompilerName: GCC  CompilerVersion: 8.4.0
ProgramName: mris_curvature  ProgramArguments: mris_curvature -all-info  ProgramVersion: 7.3.2  TimeStamp: 2026/03/12-09:18:33-GMT  BuildTime: Aug  4 2022 06:17:15  BuildStamp: freesurfer-linux-ubuntu22_x86_64-7.3.2-20220804-6354275  User: oesteban  Machine: dna085  Platform: Linux  PlatformVersion: 5.14.0-427.37.1.el9_4.x86_64  CompilerName: GCC  CompilerVersion: 8.4.0
ProgramName: mris_curvature_stats  ProgramArguments: mris_curvature_stats -all-info  ProgramVersion: 7.3.2  TimeStamp: 2026/03/12-09:18:33-GMT  BuildTime: Aug  4 2022 06:17:15  BuildStamp: freesurfer-linux-ubuntu22_x86_64-7.3.2-20220804-6354275  User: oesteban  Machine: dna085  Platform: Linux  PlatformVersion: 5.14.0-427.37.1.el9_4.x86_64  CompilerName: GCC  CompilerVersion: 8.4.0
ProgramName: mris_diff  ProgramArguments: mris_diff -all-info  ProgramVersion: 7.3.2  TimeStamp: 2026/03/12-09:18:33-GMT  BuildTime: Aug  4 2022 06:17:15  BuildStamp: freesurfer-linux-ubuntu22_x86_64-7.3.2-20220804-6354275  User: oesteban  Machine: dna085  Platform: Linux  PlatformVersion: 5.14.0-427.37.1.el9_4.x86_64  CompilerName: GCC  CompilerVersion: 8.4.0
ProgramName: mris_divide_parcellation  ProgramArguments: mris_divide_parcellation -all-info  ProgramVersion: 7.3.2  TimeStamp: 2026/03/12-09:18:33-GMT  BuildTime: Aug  4 2022 06:17:15  BuildStamp: freesurfer-linux-ubuntu22_x86_64-7.3.2-20220804-6354275  User: oesteban  Machine: dna085  Platform: Linux  PlatformVersion: 5.14.0-427.37.1.el9_4.x86_64  CompilerName: GCC  CompilerVersion: 8.4.0
ProgramName: mri_segment  ProgramArguments: mri_segment -all-info  ProgramVersion: 7.3.2  TimeStamp: 2026/03/12-09:18:33-GMT  BuildTime: Aug  4 2022 06:17:15  BuildStamp: freesurfer-linux-ubuntu22_x86_64-7.3.2-20220804-6354275  User: oesteban  Machine: dna085  Platform: Linux  PlatformVersion: 5.14.0-427.37.1.el9_4.x86_64  CompilerName: GCC  CompilerVersion: 8.4.0
ProgramName: mri_segstats  ProgramArguments: mri_segstats -all-info  ProgramVersion: 7.3.2  TimeStamp: 2026/03/12-09:18:33-GMT  BuildTime: Aug  4 2022 06:17:15  BuildStamp: freesurfer-linux-ubuntu22_x86_64-7.3.2-20220804-6354275  User: oesteban  Machine: dna085  Platform: Linux  PlatformVersion: 5.14.0-427.37.1.el9_4.x86_64  CompilerName: GCC  CompilerVersion: 8.4.0
ProgramName: mris_euler_number  ProgramArguments: mris_euler_number -all-info  ProgramVersion: 7.3.2  TimeStamp: 2026/03/12-09:18:33-GMT  BuildTime: Aug  4 2022 06:17:15  BuildStamp: freesurfer-linux-ubuntu22_x86_64-7.3.2-20220804-6354275  User: oesteban  Machine: dna085  Platform: Linux  PlatformVersion: 5.14.0-427.37.1.el9_4.x86_64  CompilerName: GCC  CompilerVersion: 8.4.0
ProgramName: mris_fix_topology  ProgramArguments: mris_fix_topology -all-info  ProgramVersion: 7.3.2  TimeStamp: 2026/03/12-09:18:33-GMT  BuildTime: Aug  4 2022 06:17:15  BuildStamp: freesurfer-linux-ubuntu22_x86_64-7.3.2-20220804-6354275  User: oesteban  Machine: dna085  Platform: Linux  PlatformVersion: 5.14.0-427.37.1.el9_4.x86_64  CompilerName: GCC  CompilerVersion: 8.4.0
ProgramName: mris_topo_fixer  ProgramArguments: mris_topo_fixer -all-info  ProgramVersion: 7.3.2  TimeStamp: 2026/03/12-09:18:33-GMT  BuildTime: Aug  4 2022 06:17:15  BuildStamp: freesurfer-linux-ubuntu22_x86_64-7.3.2-20220804-6354275  User: oesteban  Machine: dna085  Platform: Linux  PlatformVersion: 5.14.0-427.37.1.el9_4.x86_64  CompilerName: GCC  CompilerVersion: 8.4.0
ProgramName: mris_jacobian  ProgramArguments: mris_jacobian -all-info  ProgramVersion: 7.3.2  TimeStamp: 2026/03/12-09:18:33-GMT  BuildTime: Aug  4 2022 06:17:15  BuildStamp: freesurfer-linux-ubuntu22_x86_64-7.3.2-20220804-6354275  User: oesteban  Machine: dna085  Platform: Linux  PlatformVersion: 5.14.0-427.37.1.el9_4.x86_64  CompilerName: GCC  CompilerVersion: 8.4.0
ProgramName: mris_label2annot  ProgramArguments: mris_label2annot -all-info  ProgramVersion: 7.3.2  TimeStamp: 2026/03/12-09:18:33-GMT  BuildTime: Aug  4 2022 06:17:15  BuildStamp: freesurfer-linux-ubuntu22_x86_64-7.3.2-20220804-6354275  User: oesteban  Machine: dna085  Platform: Linux  PlatformVersion: 5.14.0-427.37.1.el9_4.x86_64  CompilerName: GCC  CompilerVersion: 8.4.0
ProgramName: mris_left_right_register  ProgramArguments: mris_left_right_register -all-info  ProgramVersion: 7.3.2  TimeStamp: 2026/03/12-09:18:33-GMT  BuildTime: Aug  4 2022 06:17:15  BuildStamp: freesurfer-linux-ubuntu22_x86_64-7.3.2-20220804-6354275  User: oesteban  Machine: dna085  Platform: Linux  PlatformVersion: 5.14.0-427.37.1.el9_4.x86_64  CompilerName: GCC  CompilerVersion: 8.4.0
ProgramName: mris_place_surface  ProgramArguments: mris_place_surface -all-info  ProgramVersion: 7.3.2  TimeStamp: 2026/03/12-09:18:33-GMT  BuildTime: Aug  4 2022 06:17:15  BuildStamp: freesurfer-linux-ubuntu22_x86_64-7.3.2-20220804-6354275  User: oesteban  Machine: dna085  Platform: Linux  PlatformVersion: 5.14.0-427.37.1.el9_4.x86_64  CompilerName: GCC  CompilerVersion: 8.4.0
ProgramName: mrisp_paint  ProgramArguments: mrisp_paint -all-info  ProgramVersion: 7.3.2  TimeStamp: 2026/03/12-09:18:33-GMT  BuildTime: Aug  4 2022 06:17:15  BuildStamp: freesurfer-linux-ubuntu22_x86_64-7.3.2-20220804-6354275  User: oesteban  Machine: dna085  Platform: Linux  PlatformVersion: 5.14.0-427.37.1.el9_4.x86_64  CompilerName: GCC  CompilerVersion: 8.4.0
ProgramName: mris_register  ProgramArguments: mris_register -all-info  ProgramVersion: 7.3.2  TimeStamp: 2026/03/12-09:18:33-GMT  BuildTime: Aug  4 2022 06:17:15  BuildStamp: freesurfer-linux-ubuntu22_x86_64-7.3.2-20220804-6354275  User: oesteban  Machine: dna085  Platform: Linux  PlatformVersion: 5.14.0-427.37.1.el9_4.x86_64  CompilerName: GCC  CompilerVersion: 8.4.0
ProgramName: mris_smooth  ProgramArguments: mris_smooth -all-info  ProgramVersion: 7.3.2  TimeStamp: 2026/03/12-09:18:33-GMT  BuildTime: Aug  4 2022 06:17:15  BuildStamp: freesurfer-linux-ubuntu22_x86_64-7.3.2-20220804-6354275  User: oesteban  Machine: dna085  Platform: Linux  PlatformVersion: 5.14.0-427.37.1.el9_4.x86_64  CompilerName: GCC  CompilerVersion: 8.4.0
ProgramName: mris_sphere  ProgramArguments: mris_sphere -all-info  ProgramVersion: 7.3.2  TimeStamp: 2026/03/12-09:18:33-GMT  BuildTime: Aug  4 2022 06:17:15  BuildStamp: freesurfer-linux-ubuntu22_x86_64-7.3.2-20220804-6354275  User: oesteban  Machine: dna085  Platform: Linux  PlatformVersion: 5.14.0-427.37.1.el9_4.x86_64  CompilerName: GCC  CompilerVersion: 8.4.0
ProgramName: mris_surface_stats  ProgramArguments: mris_surface_stats -all-info  ProgramVersion: 7.3.2  TimeStamp: 2026/03/12-09:18:33-GMT  BuildTime: Aug  4 2022 06:17:15  BuildStamp: freesurfer-linux-ubuntu22_x86_64-7.3.2-20220804-6354275  User: oesteban  Machine: dna085  Platform: Linux  PlatformVersion: 5.14.0-427.37.1.el9_4.x86_64  CompilerName: GCC  CompilerVersion: 8.4.0
ProgramName: mri_stats2seg  ProgramArguments: mri_stats2seg -all-info  ProgramVersion: 7.3.2  TimeStamp: 2026/03/12-09:18:33-GMT  BuildTime: Aug  4 2022 06:17:15  BuildStamp: freesurfer-linux-ubuntu22_x86_64-7.3.2-20220804-6354275  User: oesteban  Machine: dna085  Platform: Linux  PlatformVersion: 5.14.0-427.37.1.el9_4.x86_64  CompilerName: GCC  CompilerVersion: 8.4.0
ProgramName: mris_thickness  ProgramArguments: mris_thickness -all-info  ProgramVersion: 7.3.2  TimeStamp: 2026/03/12-09:18:33-GMT  BuildTime: Aug  4 2022 06:17:15  BuildStamp: freesurfer-linux-ubuntu22_x86_64-7.3.2-20220804-6354275  User: oesteban  Machine: dna085  Platform: Linux  PlatformVersion: 5.14.0-427.37.1.el9_4.x86_64  CompilerName: GCC  CompilerVersion: 8.4.0
ProgramName: mris_thickness_diff  ProgramArguments: mris_thickness_diff -all-info  ProgramVersion: 7.3.2  TimeStamp: 2026/03/12-09:18:33-GMT  BuildTime: Aug  4 2022 06:17:15  BuildStamp: freesurfer-linux-ubuntu22_x86_64-7.3.2-20220804-6354275  User: oesteban  Machine: dna085  Platform: Linux  PlatformVersion: 5.14.0-427.37.1.el9_4.x86_64  CompilerName: GCC  CompilerVersion: 8.4.0
ProgramName: mris_topo_fixer  ProgramArguments: mris_topo_fixer -all-info  ProgramVersion: 7.3.2  TimeStamp: 2026/03/12-09:18:33-GMT  BuildTime: Aug  4 2022 06:17:15  BuildStamp: freesurfer-linux-ubuntu22_x86_64-7.3.2-20220804-6354275  User: oesteban  Machine: dna085  Platform: Linux  PlatformVersion: 5.14.0-427.37.1.el9_4.x86_64  CompilerName: GCC  CompilerVersion: 8.4.0
ProgramName: mri_surf2surf  ProgramArguments: mri_surf2surf -all-info  ProgramVersion: 7.3.2  TimeStamp: 2026/03/12-09:18:33-GMT  BuildTime: Aug  4 2022 06:17:15  BuildStamp: freesurfer-linux-ubuntu22_x86_64-7.3.2-20220804-6354275  User: oesteban  Machine: dna085  Platform: Linux  PlatformVersion: 5.14.0-427.37.1.el9_4.x86_64  CompilerName: GCC  CompilerVersion: 8.4.0
ProgramName: mri_surf2vol  ProgramArguments: mri_surf2vol -all-info  ProgramVersion: 7.3.2  TimeStamp: 2026/03/12-09:18:33-GMT  BuildTime: Aug  4 2022 06:17:15  BuildStamp: freesurfer-linux-ubuntu22_x86_64-7.3.2-20220804-6354275  User: oesteban  Machine: dna085  Platform: Linux  PlatformVersion: 5.14.0-427.37.1.el9_4.x86_64  CompilerName: GCC  CompilerVersion: 8.4.0
ProgramName: mri_surfcluster  ProgramArguments: mri_surfcluster -all-info  ProgramVersion: 7.3.2  TimeStamp: 2026/03/12-09:18:33-GMT  BuildTime: Aug  4 2022 06:17:15  BuildStamp: freesurfer-linux-ubuntu22_x86_64-7.3.2-20220804-6354275  User: oesteban  Machine: dna085  Platform: Linux  PlatformVersion: 5.14.0-427.37.1.el9_4.x86_64  CompilerName: GCC  CompilerVersion: 8.4.0
ProgramName: mris_volmask  ProgramArguments: mris_volmask -all-info  ProgramVersion: 7.3.2  TimeStamp: 2026/03/12-09:18:33-GMT  BuildTime: Aug  4 2022 06:17:15  BuildStamp: freesurfer-linux-ubuntu22_x86_64-7.3.2-20220804-6354275  User: oesteban  Machine: dna085  Platform: Linux  PlatformVersion: 5.14.0-427.37.1.el9_4.x86_64  CompilerName: GCC  CompilerVersion: 8.4.0
ProgramName: mri_tessellate  ProgramArguments: mri_tessellate -all-info  ProgramVersion: 7.3.2  TimeStamp: 2026/03/12-09:18:33-GMT  BuildTime: Aug  4 2022 06:17:15  BuildStamp: freesurfer-linux-ubuntu22_x86_64-7.3.2-20220804-6354275  User: oesteban  Machine: dna085  Platform: Linux  PlatformVersion: 5.14.0-427.37.1.el9_4.x86_64  CompilerName: GCC  CompilerVersion: 8.4.0
ProgramName: mri_vol2surf  ProgramArguments: mri_vol2surf -all-info  ProgramVersion: 7.3.2  TimeStamp: 2026/03/12-09:18:33-GMT  BuildTime: Aug  4 2022 06:17:15  BuildStamp: freesurfer-linux-ubuntu22_x86_64-7.3.2-20220804-6354275  User: oesteban  Machine: dna085  Platform: Linux  PlatformVersion: 5.14.0-427.37.1.el9_4.x86_64  CompilerName: GCC  CompilerVersion: 8.4.0
ProgramName: mri_vol2vol  ProgramArguments: mri_vol2vol -all-info  ProgramVersion: 7.3.2  TimeStamp: 2026/03/12-09:18:33-GMT  BuildTime: Aug  4 2022 06:17:15  BuildStamp: freesurfer-linux-ubuntu22_x86_64-7.3.2-20220804-6354275  User: oesteban  Machine: dna085  Platform: Linux  PlatformVersion: 5.14.0-427.37.1.el9_4.x86_64  CompilerName: GCC  CompilerVersion: 8.4.0
ProgramName: mri_voldiff  ProgramArguments: mri_voldiff -all-info  ProgramVersion: 7.3.2  TimeStamp: 2026/03/12-09:18:33-GMT  BuildTime: Aug  4 2022 06:17:15  BuildStamp: freesurfer-linux-ubuntu22_x86_64-7.3.2-20220804-6354275  User: oesteban  Machine: dna085  Platform: Linux  PlatformVersion: 5.14.0-427.37.1.el9_4.x86_64  CompilerName: GCC  CompilerVersion: 8.4.0
ProgramName: mri_watershed  ProgramArguments: mri_watershed -all-info  ProgramVersion: 7.3.2  TimeStamp: 2026/03/12-09:18:33-GMT  BuildTime: Aug  4 2022 06:17:15  BuildStamp: freesurfer-linux-ubuntu22_x86_64-7.3.2-20220804-6354275  User: oesteban  Machine: dna085  Platform: Linux  PlatformVersion: 5.14.0-427.37.1.el9_4.x86_64  CompilerName: GCC  CompilerVersion: 8.4.0
ProgramName: tkregister2  ProgramArguments: tkregister2_cmdl -all-info  ProgramVersion: 7.3.2  TimeStamp: 2026/03/12-09:18:33-GMT  BuildTime: Aug  4 2022 06:17:15  BuildStamp: freesurfer-linux-ubuntu22_x86_64-7.3.2-20220804-6354275  User: oesteban  Machine: dna085  Platform: Linux  PlatformVersion: 5.14.0-427.37.1.el9_4.x86_64  CompilerName: GCC  CompilerVersion: 8.4.0
mri_motion_correct.fsl 7.3.2
mri_convert -all-info 
ProgramName: mri_convert  ProgramArguments: mri_convert -all-info  ProgramVersion: 7.3.2  TimeStamp: 2026/03/12-09:18:33-GMT  BuildTime: Aug  4 2022 06:17:15  BuildStamp: freesurfer-linux-ubuntu22_x86_64-7.3.2-20220804-6354275  User: oesteban  Machine: dna085  Platform: Linux  PlatformVersion: 5.14.0-427.37.1.el9_4.x86_64  CompilerName: GCC  CompilerVersion: 8.4.0
Program nu_correct, built from:
Package MNI N3, version 1.12.0, compiled by nicks@terrier (x86_64-unknown-linux-gnu) on 2015-06-19 at 01:25:34
#######################################
GCADIR /opt/freesurfer/average
GCA RB_all_2020-01-02.gca
GCASkull RB_all_withskull_2020_01_02.gca
AvgCurvTif folding.atlas.acfb40.noaparc.i12.2016-08-02.tif
GCSDIR /opt/freesurfer/average
GCS DKaparc.atlas.acfb40.noaparc.i12.2016-08-02.gcs
#######################################
/out/sourcedata/freesurfer/sub-v1s11x0050155_ses-1

 mri_convert /work/fmriprep_25_2_wf/sub_v1s11x0050155_ses_1_wf/anat_fit_wf/anat_validate/sub-v1s11x0050155_ses-1_T1w_noise_corrected_ras_valid.nii.gz /out/sourcedata/freesurfer/sub-v1s11x0050155_ses-1/mri/orig/001.mgz 

mri_convert /work/fmriprep_25_2_wf/sub_v1s11x0050155_ses_1_wf/anat_fit_wf/anat_validate/sub-v1s11x0050155_ses-1_T1w_noise_corrected_ras_valid.nii.gz /out/sourcedata/freesurfer/sub-v1s11x0050155_ses-1/mri/orig/001.mgz 
reading from /work/fmriprep_25_2_wf/sub_v1s11x0050155_ses_1_wf/anat_fit_wf/anat_validate/sub-v1s11x0050155_ses-1_T1w_noise_corrected_ras_valid.nii.gz...
TR=0.00, TE=0.00, TI=0.00, flip angle=0.00
i_ras = (0.997564, 0, -0.0697565)
j_ras = (0, 1, 0)
k_ras = (0.0697565, 0, 0.997564)
writing to /out/sourcedata/freesurfer/sub-v1s11x0050155_ses-1/mri/orig/001.mgz...
#--------------------------------------------
#@# MotionCor Thu Mar 12 10:18:35 CET 2026
Found 1 runs
/out/sourcedata/freesurfer/sub-v1s11x0050155_ses-1/mri/orig/001.mgz
Checking for (invalid) multi-frame inputs...
Only one run found so motion
correction will not be performed. I'll
copy the run to rawavg and continue.

 cp /out/sourcedata/freesurfer/sub-v1s11x0050155_ses-1/mri/orig/001.mgz /out/sourcedata/freesurfer/sub-v1s11x0050155_ses-1/mri/rawavg.mgz 


 mri_info /out/sourcedata/freesurfer/sub-v1s11x0050155_ses-1/mri/rawavg.mgz 

rawavg.mgz ========================================
Volume information for /out/sourcedata/freesurfer/sub-v1s11x0050155_ses-1/mri/rawavg.mgz
          type: MGH
    dimensions: 160 x 239 x 189
   voxel sizes: 1.100000, 1.000000, 1.000000
          type: FLOAT (3)
           fov: 239.000
           dof: 1
        xstart: -88.0, xend: 88.0
        ystart: -119.5, yend: 119.5
        zstart: -94.5, zend: 94.5
            TR: 0.00 msec, TE: 0.00 msec, TI: 0.00 msec, flip angle: 0.00 degrees
       nframes: 1
       PhEncDir: UNKNOWN
       FieldStrength: 0.000000
ras xform present
    xform info: x_r =   0.9976, y_r =   0.0000, z_r =   0.0698, c_r =     7.7923
              : x_a =   0.0000, y_a =   1.0000, z_a =   0.0000, c_a =    17.6653
              : x_s =  -0.0698, y_s =   0.0000, z_s =   0.9976, c_s =     4.4712

talairach xfm : 
Orientation   : RAS
Primary Slice Direction: axial

voxel to ras transform:
                1.0973   0.0000   0.0698   -86.5853
                0.0000   1.0000   0.0000  -101.8347
               -0.0767   0.0000   0.9976   -83.6601
                0.0000   0.0000   0.0000     1.0000

voxel-to-ras determinant 1.1

ras to voxel transform:
                0.9069   0.0000  -0.0634    73.2169
                0.0000   1.0000   0.0000   101.8347
                0.0698   0.0000   0.9976    89.4961
                0.0000   0.0000   0.0000     1.0000
/out/sourcedata/freesurfer/sub-v1s11x0050155_ses-1

 mri_convert /out/sourcedata/freesurfer/sub-v1s11x0050155_ses-1/mri/rawavg.mgz /out/sourcedata/freesurfer/sub-v1s11x0050155_ses-1/mri/orig.mgz --conform 

mri_convert /out/sourcedata/freesurfer/sub-v1s11x0050155_ses-1/mri/rawavg.mgz /out/sourcedata/freesurfer/sub-v1s11x0050155_ses-1/mri/orig.mgz --conform 
reading from /out/sourcedata/freesurfer/sub-v1s11x0050155_ses-1/mri/rawavg.mgz...
TR=0.00, TE=0.00, TI=0.00, flip angle=0.00
i_ras = (0.997564, 0, -0.0697565)
j_ras = (0, 1, 0)
k_ras = (0.0697565, 0, 0.997564)
changing data type from float to uchar (noscale = 0)...
MRIchangeType: Building histogram -0.000335693 573.148 1000, flo=0, fhi=0.999, dest_type=0
Reslicing using trilinear interpolation 
writing to /out/sourcedata/freesurfer/sub-v1s11x0050155_ses-1/mri/orig.mgz...

 mri_add_xform_to_header -c /out/sourcedata/freesurfer/sub-v1s11x0050155_ses-1/mri/transforms/talairach.xfm /out/sourcedata/freesurfer/sub-v1s11x0050155_ses-1/mri/orig.mgz /out/sourcedata/freesurfer/sub-v1s11x0050155_ses-1/mri/orig.mgz 

INFO: extension is mgz

 mri_info /out/sourcedata/freesurfer/sub-v1s11x0050155_ses-1/mri/orig.mgz 

orig.mgz ========================================
Volume information for /out/sourcedata/freesurfer/sub-v1s11x0050155_ses-1/mri/orig.mgz
          type: MGH
    dimensions: 256 x 256 x 256
   voxel sizes: 1.000000, 1.000000, 1.000000
          type: UCHAR (0)
           fov: 256.000
           dof: 1
        xstart: -128.0, xend: 128.0
        ystart: -128.0, yend: 128.0
        zstart: -128.0, zend: 128.0
            TR: 0.00 msec, TE: 0.00 msec, TI: 0.00 msec, flip angle: 0.00 degrees
       nframes: 1
       PhEncDir: UNKNOWN
       FieldStrength: 0.000000
ras xform present
    xform info: x_r =  -1.0000, y_r =   0.0000, z_r =   0.0000, c_r =     7.7923
              : x_a =   0.0000, y_a =   0.0000, z_a =   1.0000, c_a =    17.6653
              : x_s =   0.0000, y_s =  -1.0000, z_s =   0.0000, c_s =     4.4712

talairach xfm : /out/sourcedata/freesurfer/sub-v1s11x0050155_ses-1/mri/transforms/talairach.xfm
Orientation   : LIA
Primary Slice Direction: coronal

voxel to ras transform:
               -1.0000   0.0000   0.0000   135.7923
                0.0000   0.0000   1.0000  -110.3347
                0.0000  -1.0000   0.0000   132.4712
                0.0000   0.0000   0.0000     1.0000

voxel-to-ras determinant -1

ras to voxel transform:
               -1.0000  -0.0000  -0.0000   135.7923
               -0.0000  -0.0000  -1.0000   132.4712
               -0.0000   1.0000  -0.0000   110.3347
               -0.0000  -0.0000  -0.0000     1.0000
#--------------------------------------------
#@# Talairach Thu Mar 12 10:18:40 CET 2026
/out/sourcedata/freesurfer/sub-v1s11x0050155_ses-1/mri

 mri_nu_correct.mni --no-rescale --i orig.mgz --o orig_nu.mgz --ants-n4 --n 1 --proto-iters 1000 --distance 50 

/usr/bin/bc
/out/sourcedata/freesurfer/sub-v1s11x0050155_ses-1/mri
/opt/freesurfer/bin/mri_nu_correct.mni
--no-rescale --i orig.mgz --o orig_nu.mgz --ants-n4 --n 1 --proto-iters 1000 --distance 50
nIters 1
mri_nu_correct.mni 7.3.2
Linux dna085 5.14.0-427.37.1.el9_4.x86_64 #1 SMP PREEMPT_DYNAMIC Fri Sep 13 12:41:50 EDT 2024 x86_64 x86_64 x86_64 GNU/Linux
Thu Mar 12 10:18:40 CET 2026
tmpdir is ./tmp.mri_nu_correct.mni.377950
cd /out/sourcedata/freesurfer/sub-v1s11x0050155_ses-1/mri
AntsN4BiasFieldCorrectionFs -i orig.mgz -o ./tmp.mri_nu_correct.mni.377950/nu0.mgz --dtype uchar
AntsN4BiasFieldCorrectionFs done
mri_convert ./tmp.mri_nu_correct.mni.377950/nu0.mgz orig_nu.mgz --like orig.mgz --conform
mri_convert ./tmp.mri_nu_correct.mni.377950/nu0.mgz orig_nu.mgz --like orig.mgz --conform 
reading from ./tmp.mri_nu_correct.mni.377950/nu0.mgz...
TR=0.00, TE=0.00, TI=0.00, flip angle=0.00
i_ras = (-1, 0, 0)
j_ras = (0, 0, -1)
k_ras = (0, 1, 0)
INFO: transform src into the like-volume: orig.mgz
writing to orig_nu.mgz...
 
 
Thu Mar 12 10:21:17 CET 2026
mri_nu_correct.mni done

 talairach_avi --i orig_nu.mgz --xfm transforms/talairach.auto.xfm 

talairach_avi log file is transforms/talairach_avi.log...
mv -f /out/sourcedata/freesurfer/sub-v1s11x0050155_ses-1/mri/talsrcimg_to_711-2C_as_mni_average_305_t4_vox2vox.txt /out/sourcedata/freesurfer/sub-v1s11x0050155_ses-1/mri/transforms/talsrcimg_to_711-2C_as_mni_average_305_t4_vox2vox.txt
Started at Thu Mar 12 10:21:17 CET 2026
Ended   at Thu Mar 12 10:21:32 CET 2026
talairach_avi done

 cp transforms/talairach.auto.xfm transforms/talairach.xfm 

lta_convert --src orig.mgz --trg /opt/freesurfer/average/mni305.cor.mgz --inxfm transforms/talairach.xfm --outlta transforms/talairach.xfm.lta --subject fsaverage --ltavox2vox
7.3.2

--src: orig.mgz src image (geometry).
--trg: /opt/freesurfer/average/mni305.cor.mgz trg image (geometry).
--inmni: transforms/talairach.xfm input MNI/XFM transform.
--outlta: transforms/talairach.xfm.lta output LTA.
--s: fsaverage subject name
--ltavox2vox: output LTA as VOX_TO_VOX transform.
 LTA read, type : 1
 1.01717   0.04912  -0.07039  -7.40023;
-0.02333   0.97633   0.27733  -28.37415;
 0.05320  -0.23458   1.00135   3.03157;
 0.00000   0.00000   0.00000   1.00000;
setting subject to fsaverage
Writing  LTA to file transforms/talairach.xfm.lta...
lta_convert successful.
#--------------------------------------------
#@# Talairach Failure Detection Thu Mar 12 10:21:35 CET 2026
/out/sourcedata/freesurfer/sub-v1s11x0050155_ses-1/mri

 talairach_afd -T 0.005 -xfm transforms/talairach.xfm 

talairach_afd: Talairach Transform: transforms/talairach.xfm OK (p=0.6658, pval=0.3663 >= threshold=0.0050)

 awk -f /opt/freesurfer/bin/extract_talairach_avi_QA.awk /out/sourcedata/freesurfer/sub-v1s11x0050155_ses-1/mri/transforms/talairach_avi.log 


 tal_QC_AZS /out/sourcedata/freesurfer/sub-v1s11x0050155_ses-1/mri/transforms/talairach_avi.log 

TalAviQA: 0.97794
z-score: 0
#--------------------------------------------
#@# Nu Intensity Correction Thu Mar 12 10:21:35 CET 2026

 mri_nu_correct.mni --i orig.mgz --o nu.mgz --uchar transforms/talairach.xfm --n 2 --ants-n4 

/usr/bin/bc
/out/sourcedata/freesurfer/sub-v1s11x0050155_ses-1/mri
/opt/freesurfer/bin/mri_nu_correct.mni
--i orig.mgz --o nu.mgz --uchar transforms/talairach.xfm --n 2 --ants-n4
nIters 2
mri_nu_correct.mni 7.3.2
Linux dna085 5.14.0-427.37.1.el9_4.x86_64 #1 SMP PREEMPT_DYNAMIC Fri Sep 13 12:41:50 EDT 2024 x86_64 x86_64 x86_64 GNU/Linux
Thu Mar 12 10:21:35 CET 2026
tmpdir is ./tmp.mri_nu_correct.mni.378638
cd /out/sourcedata/freesurfer/sub-v1s11x0050155_ses-1/mri
AntsN4BiasFieldCorrectionFs -i orig.mgz -o ./tmp.mri_nu_correct.mni.378638/nu0.mgz --dtype uchar
AntsN4BiasFieldCorrectionFs done
mri_binarize --i ./tmp.mri_nu_correct.mni.378638/nu0.mgz --min -1 --o ./tmp.mri_nu_correct.mni.378638/ones.mgz

7.3.2
cwd /out/sourcedata/freesurfer/sub-v1s11x0050155_ses-1/mri
cmdline mri_binarize --i ./tmp.mri_nu_correct.mni.378638/nu0.mgz --min -1 --o ./tmp.mri_nu_correct.mni.378638/ones.mgz 
sysname  Linux
hostname dna085
machine  x86_64
user     oesteban

input      ./tmp.mri_nu_correct.mni.378638/nu0.mgz
frame      0
nErode3d   0
nErode2d   0
output     ./tmp.mri_nu_correct.mni.378638/ones.mgz
Binarizing based on threshold
min        -1
max        +infinity
binval        1
binvalnot     0
fstart = 0, fend = 0, nframes = 1
Starting parallel 1
Found 16777216 values in range
Counting number of voxels in first frame
Found 16777215 voxels in final mask
Writing output to ./tmp.mri_nu_correct.mni.378638/ones.mgz
Count: 16777215 16777215.000000 16777216 99.999994
mri_binarize done
mri_segstats --id 1 --seg ./tmp.mri_nu_correct.mni.378638/ones.mgz --i orig.mgz --sum ./tmp.mri_nu_correct.mni.378638/sum.junk --avgwf ./tmp.mri_nu_correct.mni.378638/input.mean.dat

7.3.2
cwd 
cmdline mri_segstats --id 1 --seg ./tmp.mri_nu_correct.mni.378638/ones.mgz --i orig.mgz --sum ./tmp.mri_nu_correct.mni.378638/sum.junk --avgwf ./tmp.mri_nu_correct.mni.378638/input.mean.dat 
sysname  Linux
hostname dna085
machine  x86_64
user     oesteban
whitesurfname  white
UseRobust  0
Loading ./tmp.mri_nu_correct.mni.378638/ones.mgz
Loading orig.mgz
Voxel Volume is 1 mm^3
Generating list of segmentation ids
Found   1 segmentations
Computing statistics for each segmentation

Reporting on   1 segmentations
Using PrintSegStat
Computing spatial average of each frame

Writing to ./tmp.mri_nu_correct.mni.378638/input.mean.dat
mri_segstats done
mri_segstats --id 1 --seg ./tmp.mri_nu_correct.mni.378638/ones.mgz --i ./tmp.mri_nu_correct.mni.378638/nu0.mgz --sum ./tmp.mri_nu_correct.mni.378638/sum.junk --avgwf ./tmp.mri_nu_correct.mni.378638/output.mean.dat

7.3.2
cwd 
cmdline mri_segstats --id 1 --seg ./tmp.mri_nu_correct.mni.378638/ones.mgz --i ./tmp.mri_nu_correct.mni.378638/nu0.mgz --sum ./tmp.mri_nu_correct.mni.378638/sum.junk --avgwf ./tmp.mri_nu_correct.mni.378638/output.mean.dat 
sysname  Linux
hostname dna085
machine  x86_64
user     oesteban
whitesurfname  white
UseRobust  0
Loading ./tmp.mri_nu_correct.mni.378638/ones.mgz
Loading ./tmp.mri_nu_correct.mni.378638/nu0.mgz
Voxel Volume is 1 mm^3
Generating list of segmentation ids
Found   1 segmentations
Computing statistics for each segmentation

Reporting on   1 segmentations
Using PrintSegStat
Computing spatial average of each frame

Writing to ./tmp.mri_nu_correct.mni.378638/output.mean.dat
mri_segstats done
mris_calc -o ./tmp.mri_nu_correct.mni.378638/nu0.mgz ./tmp.mri_nu_correct.mni.378638/nu0.mgz mul 1.15015468488378700664
Saving result to './tmp.mri_nu_correct.mni.378638/nu0.mgz' (type = MGH )                       [ ok ]
mri_convert ./tmp.mri_nu_correct.mni.378638/nu0.mgz nu.mgz --like orig.mgz
mri_convert ./tmp.mri_nu_correct.mni.378638/nu0.mgz nu.mgz --like orig.mgz 
reading from ./tmp.mri_nu_correct.mni.378638/nu0.mgz...
TR=0.00, TE=0.00, TI=0.00, flip angle=0.00
i_ras = (-1, 0, 0)
j_ras = (0, 0, -1)
k_ras = (0, 1, 0)
INFO: transform src into the like-volume: orig.mgz
writing to nu.mgz...
mri_make_uchar nu.mgz transforms/talairach.xfm nu.mgz
type change took 0 minutes and 4 seconds.
FIRST_PERCENTILE 0.010000
WM_PERCENTILE    0.900000
MAX_R 50.000000
i1 = 10, i2 = 77
#mri_make_uchar# mapping 26 197 to  3 110  :  b -13.4873 m 0.627547 : thresh 21.4921 maxsat 427.836 : nzero 13324613 nsat 0
 
 
Thu Mar 12 10:24:26 CET 2026
mri_nu_correct.mni done

 mri_add_xform_to_header -c /out/sourcedata/freesurfer/sub-v1s11x0050155_ses-1/mri/transforms/talairach.xfm nu.mgz nu.mgz 

INFO: extension is mgz
#--------------------------------------------
#@# Intensity Normalization Thu Mar 12 10:24:26 CET 2026
/out/sourcedata/freesurfer/sub-v1s11x0050155_ses-1/mri

 mri_normalize -g 1 -seed 1234 -mprage nu.mgz T1.mgz 

using max gradient = 1.000
setting seed for random number genererator to 1234
assuming input volume is MGH (Van der Kouwe) MP-RAGE
reading mri_src from nu.mgz...
normalizing image...
NOT doing gentle normalization with control points/label
talairach transform
 1.01717   0.04912  -0.07039  -7.40023;
-0.02333   0.97633   0.27733  -28.37415;
 0.05320  -0.23458   1.00135   3.03157;
 0.00000   0.00000   0.00000   1.00000;
processing without aseg, no1d=0
MRInormInit(): 
INFO: Modifying talairach volume c_(r,a,s) based on average_305
MRInormalize(): 
MRIsplineNormalize(): npeaks = 20
Starting OpenSpline(): npoints = 20
building Voronoi diagram...
performing soap bubble smoothing, sigma = 8...

Iterating 2 times
---------------------------------
3d normalization pass 1 of 2
white matter peak found at 110
white matter peak found at 110
gm peak at 73 (73), valley at 38 (38)
csf peak at 37, setting threshold to 61
building Voronoi diagram...
performing soap bubble smoothing, sigma = 8...
---------------------------------
3d normalization pass 2 of 2
white matter peak found at 110
white matter peak found at 110
gm peak at 72 (72), valley at 27 (27)
csf peak at 37, setting threshold to 60
building Voronoi diagram...
performing soap bubble smoothing, sigma = 8...
Done iterating ---------------------------------
writing output to T1.mgz
3D bias adjustment took 0 minutes and 58 seconds.

Started at Thu Mar 12 10:18:33 CET 2026 
Ended   at Thu Mar 12 10:25:25 CET 2026
#@#%# recon-all-run-time-hours 0.114
recon-all -s sub-v1s11x0050155_ses-1 finished without error at Thu Mar 12 10:25:25 CET 2026



#New# invocation of recon-all 




Thu Mar 12 10:31:28 CET 2026
cd /out/sourcedata/freesurfer/sub-v1s11x0050155_ses-1
setenv SUBJECTS_DIR /out/sourcedata/freesurfer
/opt/freesurfer/bin/recon-all -openmp 16 -subjid sub-v1s11x0050155_ses-1 -sd /out/sourcedata/freesurfer -gcareg

subjid sub-v1s11x0050155_ses-1
setenv SUBJECTS_DIR /out/sourcedata/freesurfer
FREESURFER_HOME /opt/freesurfer
Actual FREESURFER_HOME /opt/freesurfer
build-stamp.txt: freesurfer-linux-ubuntu22_x86_64-7.3.2-20220804-6354275
Linux dna085 5.14.0-427.37.1.el9_4.x86_64 #1 SMP PREEMPT_DYNAMIC Fri Sep 13 12:41:50 EDT 2024 x86_64 x86_64 x86_64 GNU/Linux
cputime      unlimited
filesize     unlimited
datasize     unlimited
stacksize    8192 kbytes
coredumpsize 0 kbytes
memoryuse    67108864 kbytes
vmemoryuse   unlimited
descriptors  1024 
memorylocked unlimited
maxproc      2061970 
maxlocks     unlimited
maxsignal    2062024 
maxmessage   819200 
maxnice      0 
maxrtprio    0 
maxrttime    unlimited

               total        used        free      shared  buff/cache   available
Mem:           503Gi       321Gi       156Gi       9.7Gi        25Gi       169Gi
Swap:             0B          0B          0B

########################################
program versions used
7.3.2 (freesurfer-linux-ubuntu22_x86_64-7.3.2-20220804-6354275)
7.3.2

ProgramName: lta_convert  ProgramArguments: lta_convert -all-info  ProgramVersion: 7.3.2  TimeStamp: 2026/03/12-09:31:28-GMT  BuildTime: Aug  4 2022 06:17:15  BuildStamp: freesurfer-linux-ubuntu22_x86_64-7.3.2-20220804-6354275  User: oesteban  Machine: dna085  Platform: Linux  PlatformVersion: 5.14.0-427.37.1.el9_4.x86_64  CompilerName: GCC  CompilerVersion: 8.4.0
ProgramName: mri_and  ProgramArguments: mri_and -all-info  ProgramVersion: 7.3.2  TimeStamp: 2026/03/12-09:31:28-GMT  BuildTime: Aug  4 2022 06:17:15  BuildStamp: freesurfer-linux-ubuntu22_x86_64-7.3.2-20220804-6354275  User: oesteban  Machine: dna085  Platform: Linux  PlatformVersion: 5.14.0-427.37.1.el9_4.x86_64  CompilerName: GCC  CompilerVersion: 8.4.0
ProgramName: mri_annotation2label  ProgramArguments: mri_annotation2label -all-info  ProgramVersion: 7.3.2  TimeStamp: 2026/03/12-09:31:28-GMT  BuildTime: Aug  4 2022 06:17:15  BuildStamp: freesurfer-linux-ubuntu22_x86_64-7.3.2-20220804-6354275  User: oesteban  Machine: dna085  Platform: Linux  PlatformVersion: 5.14.0-427.37.1.el9_4.x86_64  CompilerName: GCC  CompilerVersion: 8.4.0
ProgramName: mri_aparc2aseg  ProgramArguments: mri_aparc2aseg -all-info  ProgramVersion: 7.3.2  TimeStamp: 2026/03/12-09:31:28-GMT  BuildTime: Aug  4 2022 06:17:15  BuildStamp: freesurfer-linux-ubuntu22_x86_64-7.3.2-20220804-6354275  User: oesteban  Machine: dna085  Platform: Linux  PlatformVersion: 5.14.0-427.37.1.el9_4.x86_64  CompilerName: GCC  CompilerVersion: 8.4.0
ProgramName: mri_surf2volseg  ProgramArguments: mri_surf2volseg -all-info  ProgramVersion: 7.3.2  TimeStamp: 2026/03/12-09:31:28-GMT  BuildTime: Aug  4 2022 06:17:15  BuildStamp: freesurfer-linux-ubuntu22_x86_64-7.3.2-20220804-6354275  User: oesteban  Machine: dna085  Platform: Linux  PlatformVersion: 5.14.0-427.37.1.el9_4.x86_64  CompilerName: GCC  CompilerVersion: 8.4.0
ProgramName: mri_binarize  ProgramArguments: mri_binarize -all-info  ProgramVersion: 7.3.2  TimeStamp: 2026/03/12-09:31:28-GMT  BuildTime: Aug  4 2022 06:17:15  BuildStamp: freesurfer-linux-ubuntu22_x86_64-7.3.2-20220804-6354275  User: oesteban  Machine: dna085  Platform: Linux  PlatformVersion: 5.14.0-427.37.1.el9_4.x86_64  CompilerName: GCC  CompilerVersion: 8.4.0
ProgramName: mri_ca_label  ProgramArguments: mri_ca_label -all-info  ProgramVersion: 7.3.2  TimeStamp: 2026/03/12-09:31:28-GMT  BuildTime: Aug  4 2022 06:17:15  BuildStamp: freesurfer-linux-ubuntu22_x86_64-7.3.2-20220804-6354275  User: oesteban  Machine: dna085  Platform: Linux  PlatformVersion: 5.14.0-427.37.1.el9_4.x86_64  CompilerName: GCC  CompilerVersion: 8.4.0
ProgramName: mri_ca_normalize  ProgramArguments: mri_ca_normalize -all-info  ProgramVersion: 7.3.2  TimeStamp: 2026/03/12-09:31:28-GMT  BuildTime: Aug  4 2022 06:17:15  BuildStamp: freesurfer-linux-ubuntu22_x86_64-7.3.2-20220804-6354275  User: oesteban  Machine: dna085  Platform: Linux  PlatformVersion: 5.14.0-427.37.1.el9_4.x86_64  CompilerName: GCC  CompilerVersion: 8.4.0
ProgramName: mri_ca_register  ProgramArguments: mri_ca_register -all-info  ProgramVersion: 7.3.2  TimeStamp: 2026/03/12-09:31:28-GMT  BuildTime: Aug  4 2022 06:17:15  BuildStamp: freesurfer-linux-ubuntu22_x86_64-7.3.2-20220804-6354275  User: oesteban  Machine: dna085  Platform: Linux  PlatformVersion: 5.14.0-427.37.1.el9_4.x86_64  CompilerName: GCC  CompilerVersion: 8.4.0
ProgramName: mri_cc  ProgramArguments: mri_cc -all-info  ProgramVersion: 7.3.2  TimeStamp: 2026/03/12-09:31:28-GMT  BuildTime: Aug  4 2022 06:17:15  BuildStamp: freesurfer-linux-ubuntu22_x86_64-7.3.2-20220804-6354275  User: oesteban  Machine: dna085  Platform: Linux  PlatformVersion: 5.14.0-427.37.1.el9_4.x86_64  CompilerName: GCC  CompilerVersion: 8.4.0
ProgramName: mri_compute_overlap  ProgramArguments: mri_compute_overlap -all-info  ProgramVersion: 7.3.2  TimeStamp: 2026/03/12-09:31:28-GMT  BuildTime: Aug  4 2022 06:17:15  BuildStamp: freesurfer-linux-ubuntu22_x86_64-7.3.2-20220804-6354275  User: oesteban  Machine: dna085  Platform: Linux  PlatformVersion: 5.14.0-427.37.1.el9_4.x86_64  CompilerName: GCC  CompilerVersion: 8.4.0
ProgramName: mri_compute_seg_overlap  ProgramArguments: mri_compute_seg_overlap -all-info  ProgramVersion: 7.3.2  TimeStamp: 2026/03/12-09:31:28-GMT  BuildTime: Aug  4 2022 06:17:15  BuildStamp: freesurfer-linux-ubuntu22_x86_64-7.3.2-20220804-6354275  User: oesteban  Machine: dna085  Platform: Linux  PlatformVersion: 5.14.0-427.37.1.el9_4.x86_64  CompilerName: GCC  CompilerVersion: 8.4.0
ProgramName: mri_concat  ProgramArguments: mri_concat -all-info  ProgramVersion: 7.3.2  TimeStamp: 2026/03/12-09:31:28-GMT  BuildTime: Aug  4 2022 06:17:15  BuildStamp: freesurfer-linux-ubuntu22_x86_64-7.3.2-20220804-6354275  User: oesteban  Machine: dna085  Platform: Linux  PlatformVersion: 5.14.0-427.37.1.el9_4.x86_64  CompilerName: GCC  CompilerVersion: 8.4.0
ProgramName: mri_concatenate_lta  ProgramArguments: mri_concatenate_lta -all-info  ProgramVersion: 7.3.2  TimeStamp: 2026/03/12-09:31:28-GMT  BuildTime: Aug  4 2022 06:17:15  BuildStamp: freesurfer-linux-ubuntu22_x86_64-7.3.2-20220804-6354275  User: oesteban  Machine: dna085  Platform: Linux  PlatformVersion: 5.14.0-427.37.1.el9_4.x86_64  CompilerName: GCC  CompilerVersion: 8.4.0
mri_convert -all-info 
ProgramName: mri_convert  ProgramArguments: mri_convert -all-info  ProgramVersion: 7.3.2  TimeStamp: 2026/03/12-09:31:28-GMT  BuildTime: Aug  4 2022 06:17:15  BuildStamp: freesurfer-linux-ubuntu22_x86_64-7.3.2-20220804-6354275  User: oesteban  Machine: dna085  Platform: Linux  PlatformVersion: 5.14.0-427.37.1.el9_4.x86_64  CompilerName: GCC  CompilerVersion: 8.4.0
ProgramName: mri_diff  ProgramArguments: mri_diff -all-info  ProgramVersion: 7.3.2  TimeStamp: 2026/03/12-09:31:28-GMT  BuildTime: Aug  4 2022 06:17:15  BuildStamp: freesurfer-linux-ubuntu22_x86_64-7.3.2-20220804-6354275  User: oesteban  Machine: dna085  Platform: Linux  PlatformVersion: 5.14.0-427.37.1.el9_4.x86_64  CompilerName: GCC  CompilerVersion: 8.4.0
ProgramName: mri_edit_wm_with_aseg  ProgramArguments: mri_edit_wm_with_aseg -all-info  ProgramVersion: 7.3.2  TimeStamp: 2026/03/12-09:31:28-GMT  BuildTime: Aug  4 2022 06:17:15  BuildStamp: freesurfer-linux-ubuntu22_x86_64-7.3.2-20220804-6354275  User: oesteban  Machine: dna085  Platform: Linux  PlatformVersion: 5.14.0-427.37.1.el9_4.x86_64  CompilerName: GCC  CompilerVersion: 8.4.0
ProgramName: mri_em_register  ProgramArguments: mri_em_register -all-info  ProgramVersion: 7.3.2  TimeStamp: 2026/03/12-09:31:28-GMT  BuildTime: Aug  4 2022 06:17:15  BuildStamp: freesurfer-linux-ubuntu22_x86_64-7.3.2-20220804-6354275  User: oesteban  Machine: dna085  Platform: Linux  PlatformVersion: 5.14.0-427.37.1.el9_4.x86_64  CompilerName: GCC  CompilerVersion: 8.4.0
ProgramName: mri_fill  ProgramArguments: mri_fill -all-info  ProgramVersion: 7.3.2  TimeStamp: 2026/03/12-09:31:28-GMT  BuildTime: Aug  4 2022 06:17:15  BuildStamp: freesurfer-linux-ubuntu22_x86_64-7.3.2-20220804-6354275  User: oesteban  Machine: dna085  Platform: Linux  PlatformVersion: 5.14.0-427.37.1.el9_4.x86_64  CompilerName: GCC  CompilerVersion: 8.4.0
ProgramName: mri_fuse_segmentations  ProgramArguments: mri_fuse_segmentations -all-info  ProgramVersion: 7.3.2  TimeStamp: 2026/03/12-09:31:28-GMT  BuildTime: Aug  4 2022 06:17:15  BuildStamp: freesurfer-linux-ubuntu22_x86_64-7.3.2-20220804-6354275  User: oesteban  Machine: dna085  Platform: Linux  PlatformVersion: 5.14.0-427.37.1.el9_4.x86_64  CompilerName: GCC  CompilerVersion: 8.4.0
ProgramName: mri_fwhm  ProgramArguments: mri_fwhm -all-info  ProgramVersion: 7.3.2  TimeStamp: 2026/03/12-09:31:28-GMT  BuildTime: Aug  4 2022 06:17:15  BuildStamp: freesurfer-linux-ubuntu22_x86_64-7.3.2-20220804-6354275  User: oesteban  Machine: dna085  Platform: Linux  PlatformVersion: 5.14.0-427.37.1.el9_4.x86_64  CompilerName: GCC  CompilerVersion: 8.4.0
ProgramName: mri_gcut  ProgramArguments: mri_gcut -all-info  ProgramVersion: 7.3.2  TimeStamp: 2026/03/12-09:31:28-GMT  BuildTime: Aug  4 2022 06:17:15  BuildStamp: freesurfer-linux-ubuntu22_x86_64-7.3.2-20220804-6354275  User: oesteban  Machine: dna085  Platform: Linux  PlatformVersion: 5.14.0-427.37.1.el9_4.x86_64  CompilerName: GCC  CompilerVersion: 8.4.0
ProgramName: mri_info  ProgramArguments: mri_info -all-info  ProgramVersion: 7.3.2  TimeStamp: 2026/03/12-09:31:28-GMT  BuildTime: Aug  4 2022 06:17:15  BuildStamp: freesurfer-linux-ubuntu22_x86_64-7.3.2-20220804-6354275  User: oesteban  Machine: dna085  Platform: Linux  PlatformVersion: 5.14.0-427.37.1.el9_4.x86_64  CompilerName: GCC  CompilerVersion: 8.4.0
ProgramName: mri_label2label  ProgramArguments: mri_label2label -all-info  ProgramVersion: 7.3.2  TimeStamp: 2026/03/12-09:31:28-GMT  BuildTime: Aug  4 2022 06:17:15  BuildStamp: freesurfer-linux-ubuntu22_x86_64-7.3.2-20220804-6354275  User: oesteban  Machine: dna085  Platform: Linux  PlatformVersion: 5.14.0-427.37.1.el9_4.x86_64  CompilerName: GCC  CompilerVersion: 8.4.0
ProgramName: mri_label2vol  ProgramArguments: mri_label2vol -all-info  ProgramVersion: 7.3.2  TimeStamp: 2026/03/12-09:31:28-GMT  BuildTime: Aug  4 2022 06:17:15  BuildStamp: freesurfer-linux-ubuntu22_x86_64-7.3.2-20220804-6354275  User: oesteban  Machine: dna085  Platform: Linux  PlatformVersion: 5.14.0-427.37.1.el9_4.x86_64  CompilerName: GCC  CompilerVersion: 8.4.0
ProgramName: mri_log_likelihood  ProgramArguments: mri_log_likelihood -all-info  ProgramVersion: 7.3.2  TimeStamp: 2026/03/12-09:31:28-GMT  BuildTime: Aug  4 2022 06:17:15  BuildStamp: freesurfer-linux-ubuntu22_x86_64-7.3.2-20220804-6354275  User: oesteban  Machine: dna085  Platform: Linux  PlatformVersion: 5.14.0-427.37.1.el9_4.x86_64  CompilerName: GCC  CompilerVersion: 8.4.0
ProgramName: mri_mask  ProgramArguments: mri_mask -all-info  ProgramVersion: 7.3.2  TimeStamp: 2026/03/12-09:31:28-GMT  BuildTime: Aug  4 2022 06:17:15  BuildStamp: freesurfer-linux-ubuntu22_x86_64-7.3.2-20220804-6354275  User: oesteban  Machine: dna085  Platform: Linux  PlatformVersion: 5.14.0-427.37.1.el9_4.x86_64  CompilerName: GCC  CompilerVersion: 8.4.0
ProgramName: mri_matrix_multiply  ProgramArguments: mri_matrix_multiply -all-info  ProgramVersion: 7.3.2  TimeStamp: 2026/03/12-09:31:28-GMT  BuildTime: Aug  4 2022 06:17:15  BuildStamp: freesurfer-linux-ubuntu22_x86_64-7.3.2-20220804-6354275  User: oesteban  Machine: dna085  Platform: Linux  PlatformVersion: 5.14.0-427.37.1.el9_4.x86_64  CompilerName: GCC  CompilerVersion: 8.4.0
ProgramName: mri_normalize  ProgramArguments: mri_normalize -all-info  ProgramVersion: 7.3.2  TimeStamp: 2026/03/12-09:31:28-GMT  BuildTime: Aug  4 2022 06:17:15  BuildStamp: freesurfer-linux-ubuntu22_x86_64-7.3.2-20220804-6354275  User: oesteban  Machine: dna085  Platform: Linux  PlatformVersion: 5.14.0-427.37.1.el9_4.x86_64  CompilerName: GCC  CompilerVersion: 8.4.0
ProgramName: mri_normalize_tp2  ProgramArguments: mri_normalize_tp2 -all-info  ProgramVersion: 7.3.2  TimeStamp: 2026/03/12-09:31:28-GMT  BuildTime: Aug  4 2022 06:17:15  BuildStamp: freesurfer-linux-ubuntu22_x86_64-7.3.2-20220804-6354275  User: oesteban  Machine: dna085  Platform: Linux  PlatformVersion: 5.14.0-427.37.1.el9_4.x86_64  CompilerName: GCC  CompilerVersion: 8.4.0
ProgramName: mri_or  ProgramArguments: mri_or -all-info  ProgramVersion: 7.3.2  TimeStamp: 2026/03/12-09:31:28-GMT  BuildTime: Aug  4 2022 06:17:15  BuildStamp: freesurfer-linux-ubuntu22_x86_64-7.3.2-20220804-6354275  User: oesteban  Machine: dna085  Platform: Linux  PlatformVersion: 5.14.0-427.37.1.el9_4.x86_64  CompilerName: GCC  CompilerVersion: 8.4.0
ProgramName: mri_relabel_hypointensities  ProgramArguments: mri_relabel_hypointensities -all-info  ProgramVersion: 7.3.2  TimeStamp: 2026/03/12-09:31:28-GMT  BuildTime: Aug  4 2022 06:17:15  BuildStamp: freesurfer-linux-ubuntu22_x86_64-7.3.2-20220804-6354275  User: oesteban  Machine: dna085  Platform: Linux  PlatformVersion: 5.14.0-427.37.1.el9_4.x86_64  CompilerName: GCC  CompilerVersion: 8.4.0
ProgramName: mri_relabel_nonwm_hypos  ProgramArguments: mri_relabel_nonwm_hypos -all-info  ProgramVersion: 7.3.2  TimeStamp: 2026/03/12-09:31:28-GMT  BuildTime: Aug  4 2022 06:17:15  BuildStamp: freesurfer-linux-ubuntu22_x86_64-7.3.2-20220804-6354275  User: oesteban  Machine: dna085  Platform: Linux  PlatformVersion: 5.14.0-427.37.1.el9_4.x86_64  CompilerName: GCC  CompilerVersion: 8.4.0
ProgramName: mri_remove_neck  ProgramArguments: mri_remove_neck -all-info  ProgramVersion: 7.3.2  TimeStamp: 2026/03/12-09:31:28-GMT  BuildTime: Aug  4 2022 06:17:15  BuildStamp: freesurfer-linux-ubuntu22_x86_64-7.3.2-20220804-6354275  User: oesteban  Machine: dna085  Platform: Linux  PlatformVersion: 5.14.0-427.37.1.el9_4.x86_64  CompilerName: GCC  CompilerVersion: 8.4.0
7.3.2

ProgramName: mri_robust_register  ProgramArguments: mri_robust_register -all-info  ProgramVersion: 7.3.2  TimeStamp: 2026/03/12-09:31:28-GMT  BuildTime: Aug  4 2022 06:17:15  BuildStamp: freesurfer-linux-ubuntu22_x86_64-7.3.2-20220804-6354275  User: oesteban  Machine: dna085  Platform: Linux  PlatformVersion: 5.14.0-427.37.1.el9_4.x86_64  CompilerName: GCC  CompilerVersion: 8.4.0
7.3.2

ProgramName: mri_robust_template  ProgramArguments: mri_robust_template -all-info  ProgramVersion: 7.3.2  TimeStamp: 2026/03/12-09:31:28-GMT  BuildTime: Aug  4 2022 06:17:15  BuildStamp: freesurfer-linux-ubuntu22_x86_64-7.3.2-20220804-6354275  User: oesteban  Machine: dna085  Platform: Linux  PlatformVersion: 5.14.0-427.37.1.el9_4.x86_64  CompilerName: GCC  CompilerVersion: 8.4.0
ProgramName: mris_anatomical_stats  ProgramArguments: mris_anatomical_stats -all-info  ProgramVersion: 7.3.2  TimeStamp: 2026/03/12-09:31:28-GMT  BuildTime: Aug  4 2022 06:17:15  BuildStamp: freesurfer-linux-ubuntu22_x86_64-7.3.2-20220804-6354275  User: oesteban  Machine: dna085  Platform: Linux  PlatformVersion: 5.14.0-427.37.1.el9_4.x86_64  CompilerName: GCC  CompilerVersion: 8.4.0
ProgramName: mris_ca_label  ProgramArguments: mris_ca_label -all-info  ProgramVersion: 7.3.2  TimeStamp: 2026/03/12-09:31:28-GMT  BuildTime: Aug  4 2022 06:17:15  BuildStamp: freesurfer-linux-ubuntu22_x86_64-7.3.2-20220804-6354275  User: oesteban  Machine: dna085  Platform: Linux  PlatformVersion: 5.14.0-427.37.1.el9_4.x86_64  CompilerName: GCC  CompilerVersion: 8.4.0
ProgramName: mris_calc  ProgramArguments: mris_calc -all-info  ProgramVersion: 7.3.2  TimeStamp: 2026/03/12-09:31:28-GMT  BuildTime: Aug  4 2022 06:17:15  BuildStamp: freesurfer-linux-ubuntu22_x86_64-7.3.2-20220804-6354275  User: oesteban  Machine: dna085  Platform: Linux  PlatformVersion: 5.14.0-427.37.1.el9_4.x86_64  CompilerName: GCC  CompilerVersion: 8.4.0
ProgramName: mris_convert  ProgramArguments: mris_convert -all-info  ProgramVersion: 7.3.2  TimeStamp: 2026/03/12-09:31:28-GMT  BuildTime: Aug  4 2022 06:17:15  BuildStamp: freesurfer-linux-ubuntu22_x86_64-7.3.2-20220804-6354275  User: oesteban  Machine: dna085  Platform: Linux  PlatformVersion: 5.14.0-427.37.1.el9_4.x86_64  CompilerName: GCC  CompilerVersion: 8.4.0
ProgramName: mris_curvature  ProgramArguments: mris_curvature -all-info  ProgramVersion: 7.3.2  TimeStamp: 2026/03/12-09:31:28-GMT  BuildTime: Aug  4 2022 06:17:15  BuildStamp: freesurfer-linux-ubuntu22_x86_64-7.3.2-20220804-6354275  User: oesteban  Machine: dna085  Platform: Linux  PlatformVersion: 5.14.0-427.37.1.el9_4.x86_64  CompilerName: GCC  CompilerVersion: 8.4.0
ProgramName: mris_curvature_stats  ProgramArguments: mris_curvature_stats -all-info  ProgramVersion: 7.3.2  TimeStamp: 2026/03/12-09:31:28-GMT  BuildTime: Aug  4 2022 06:17:15  BuildStamp: freesurfer-linux-ubuntu22_x86_64-7.3.2-20220804-6354275  User: oesteban  Machine: dna085  Platform: Linux  PlatformVersion: 5.14.0-427.37.1.el9_4.x86_64  CompilerName: GCC  CompilerVersion: 8.4.0
ProgramName: mris_diff  ProgramArguments: mris_diff -all-info  ProgramVersion: 7.3.2  TimeStamp: 2026/03/12-09:31:28-GMT  BuildTime: Aug  4 2022 06:17:15  BuildStamp: freesurfer-linux-ubuntu22_x86_64-7.3.2-20220804-6354275  User: oesteban  Machine: dna085  Platform: Linux  PlatformVersion: 5.14.0-427.37.1.el9_4.x86_64  CompilerName: GCC  CompilerVersion: 8.4.0
ProgramName: mris_divide_parcellation  ProgramArguments: mris_divide_parcellation -all-info  ProgramVersion: 7.3.2  TimeStamp: 2026/03/12-09:31:28-GMT  BuildTime: Aug  4 2022 06:17:15  BuildStamp: freesurfer-linux-ubuntu22_x86_64-7.3.2-20220804-6354275  User: oesteban  Machine: dna085  Platform: Linux  PlatformVersion: 5.14.0-427.37.1.el9_4.x86_64  CompilerName: GCC  CompilerVersion: 8.4.0
ProgramName: mri_segment  ProgramArguments: mri_segment -all-info  ProgramVersion: 7.3.2  TimeStamp: 2026/03/12-09:31:28-GMT  BuildTime: Aug  4 2022 06:17:15  BuildStamp: freesurfer-linux-ubuntu22_x86_64-7.3.2-20220804-6354275  User: oesteban  Machine: dna085  Platform: Linux  PlatformVersion: 5.14.0-427.37.1.el9_4.x86_64  CompilerName: GCC  CompilerVersion: 8.4.0
ProgramName: mri_segstats  ProgramArguments: mri_segstats -all-info  ProgramVersion: 7.3.2  TimeStamp: 2026/03/12-09:31:28-GMT  BuildTime: Aug  4 2022 06:17:15  BuildStamp: freesurfer-linux-ubuntu22_x86_64-7.3.2-20220804-6354275  User: oesteban  Machine: dna085  Platform: Linux  PlatformVersion: 5.14.0-427.37.1.el9_4.x86_64  CompilerName: GCC  CompilerVersion: 8.4.0
ProgramName: mris_euler_number  ProgramArguments: mris_euler_number -all-info  ProgramVersion: 7.3.2  TimeStamp: 2026/03/12-09:31:28-GMT  BuildTime: Aug  4 2022 06:17:15  BuildStamp: freesurfer-linux-ubuntu22_x86_64-7.3.2-20220804-6354275  User: oesteban  Machine: dna085  Platform: Linux  PlatformVersion: 5.14.0-427.37.1.el9_4.x86_64  CompilerName: GCC  CompilerVersion: 8.4.0
ProgramName: mris_fix_topology  ProgramArguments: mris_fix_topology -all-info  ProgramVersion: 7.3.2  TimeStamp: 2026/03/12-09:31:28-GMT  BuildTime: Aug  4 2022 06:17:15  BuildStamp: freesurfer-linux-ubuntu22_x86_64-7.3.2-20220804-6354275  User: oesteban  Machine: dna085  Platform: Linux  PlatformVersion: 5.14.0-427.37.1.el9_4.x86_64  CompilerName: GCC  CompilerVersion: 8.4.0
ProgramName: mris_topo_fixer  ProgramArguments: mris_topo_fixer -all-info  ProgramVersion: 7.3.2  TimeStamp: 2026/03/12-09:31:28-GMT  BuildTime: Aug  4 2022 06:17:15  BuildStamp: freesurfer-linux-ubuntu22_x86_64-7.3.2-20220804-6354275  User: oesteban  Machine: dna085  Platform: Linux  PlatformVersion: 5.14.0-427.37.1.el9_4.x86_64  CompilerName: GCC  CompilerVersion: 8.4.0
ProgramName: mris_jacobian  ProgramArguments: mris_jacobian -all-info  ProgramVersion: 7.3.2  TimeStamp: 2026/03/12-09:31:28-GMT  BuildTime: Aug  4 2022 06:17:15  BuildStamp: freesurfer-linux-ubuntu22_x86_64-7.3.2-20220804-6354275  User: oesteban  Machine: dna085  Platform: Linux  PlatformVersion: 5.14.0-427.37.1.el9_4.x86_64  CompilerName: GCC  CompilerVersion: 8.4.0
ProgramName: mris_label2annot  ProgramArguments: mris_label2annot -all-info  ProgramVersion: 7.3.2  TimeStamp: 2026/03/12-09:31:28-GMT  BuildTime: Aug  4 2022 06:17:15  BuildStamp: freesurfer-linux-ubuntu22_x86_64-7.3.2-20220804-6354275  User: oesteban  Machine: dna085  Platform: Linux  PlatformVersion: 5.14.0-427.37.1.el9_4.x86_64  CompilerName: GCC  CompilerVersion: 8.4.0
ProgramName: mris_left_right_register  ProgramArguments: mris_left_right_register -all-info  ProgramVersion: 7.3.2  TimeStamp: 2026/03/12-09:31:28-GMT  BuildTime: Aug  4 2022 06:17:15  BuildStamp: freesurfer-linux-ubuntu22_x86_64-7.3.2-20220804-6354275  User: oesteban  Machine: dna085  Platform: Linux  PlatformVersion: 5.14.0-427.37.1.el9_4.x86_64  CompilerName: GCC  CompilerVersion: 8.4.0
ProgramName: mris_place_surface  ProgramArguments: mris_place_surface -all-info  ProgramVersion: 7.3.2  TimeStamp: 2026/03/12-09:31:28-GMT  BuildTime: Aug  4 2022 06:17:15  BuildStamp: freesurfer-linux-ubuntu22_x86_64-7.3.2-20220804-6354275  User: oesteban  Machine: dna085  Platform: Linux  PlatformVersion: 5.14.0-427.37.1.el9_4.x86_64  CompilerName: GCC  CompilerVersion: 8.4.0
ProgramName: mrisp_paint  ProgramArguments: mrisp_paint -all-info  ProgramVersion: 7.3.2  TimeStamp: 2026/03/12-09:31:28-GMT  BuildTime: Aug  4 2022 06:17:15  BuildStamp: freesurfer-linux-ubuntu22_x86_64-7.3.2-20220804-6354275  User: oesteban  Machine: dna085  Platform: Linux  PlatformVersion: 5.14.0-427.37.1.el9_4.x86_64  CompilerName: GCC  CompilerVersion: 8.4.0
ProgramName: mris_register  ProgramArguments: mris_register -all-info  ProgramVersion: 7.3.2  TimeStamp: 2026/03/12-09:31:28-GMT  BuildTime: Aug  4 2022 06:17:15  BuildStamp: freesurfer-linux-ubuntu22_x86_64-7.3.2-20220804-6354275  User: oesteban  Machine: dna085  Platform: Linux  PlatformVersion: 5.14.0-427.37.1.el9_4.x86_64  CompilerName: GCC  CompilerVersion: 8.4.0
ProgramName: mris_smooth  ProgramArguments: mris_smooth -all-info  ProgramVersion: 7.3.2  TimeStamp: 2026/03/12-09:31:28-GMT  BuildTime: Aug  4 2022 06:17:15  BuildStamp: freesurfer-linux-ubuntu22_x86_64-7.3.2-20220804-6354275  User: oesteban  Machine: dna085  Platform: Linux  PlatformVersion: 5.14.0-427.37.1.el9_4.x86_64  CompilerName: GCC  CompilerVersion: 8.4.0
ProgramName: mris_sphere  ProgramArguments: mris_sphere -all-info  ProgramVersion: 7.3.2  TimeStamp: 2026/03/12-09:31:28-GMT  BuildTime: Aug  4 2022 06:17:15  BuildStamp: freesurfer-linux-ubuntu22_x86_64-7.3.2-20220804-6354275  User: oesteban  Machine: dna085  Platform: Linux  PlatformVersion: 5.14.0-427.37.1.el9_4.x86_64  CompilerName: GCC  CompilerVersion: 8.4.0
ProgramName: mris_surface_stats  ProgramArguments: mris_surface_stats -all-info  ProgramVersion: 7.3.2  TimeStamp: 2026/03/12-09:31:28-GMT  BuildTime: Aug  4 2022 06:17:15  BuildStamp: freesurfer-linux-ubuntu22_x86_64-7.3.2-20220804-6354275  User: oesteban  Machine: dna085  Platform: Linux  PlatformVersion: 5.14.0-427.37.1.el9_4.x86_64  CompilerName: GCC  CompilerVersion: 8.4.0
ProgramName: mri_stats2seg  ProgramArguments: mri_stats2seg -all-info  ProgramVersion: 7.3.2  TimeStamp: 2026/03/12-09:31:28-GMT  BuildTime: Aug  4 2022 06:17:15  BuildStamp: freesurfer-linux-ubuntu22_x86_64-7.3.2-20220804-6354275  User: oesteban  Machine: dna085  Platform: Linux  PlatformVersion: 5.14.0-427.37.1.el9_4.x86_64  CompilerName: GCC  CompilerVersion: 8.4.0
ProgramName: mris_thickness  ProgramArguments: mris_thickness -all-info  ProgramVersion: 7.3.2  TimeStamp: 2026/03/12-09:31:28-GMT  BuildTime: Aug  4 2022 06:17:15  BuildStamp: freesurfer-linux-ubuntu22_x86_64-7.3.2-20220804-6354275  User: oesteban  Machine: dna085  Platform: Linux  PlatformVersion: 5.14.0-427.37.1.el9_4.x86_64  CompilerName: GCC  CompilerVersion: 8.4.0
ProgramName: mris_thickness_diff  ProgramArguments: mris_thickness_diff -all-info  ProgramVersion: 7.3.2  TimeStamp: 2026/03/12-09:31:28-GMT  BuildTime: Aug  4 2022 06:17:15  BuildStamp: freesurfer-linux-ubuntu22_x86_64-7.3.2-20220804-6354275  User: oesteban  Machine: dna085  Platform: Linux  PlatformVersion: 5.14.0-427.37.1.el9_4.x86_64  CompilerName: GCC  CompilerVersion: 8.4.0
ProgramName: mris_topo_fixer  ProgramArguments: mris_topo_fixer -all-info  ProgramVersion: 7.3.2  TimeStamp: 2026/03/12-09:31:28-GMT  BuildTime: Aug  4 2022 06:17:15  BuildStamp: freesurfer-linux-ubuntu22_x86_64-7.3.2-20220804-6354275  User: oesteban  Machine: dna085  Platform: Linux  PlatformVersion: 5.14.0-427.37.1.el9_4.x86_64  CompilerName: GCC  CompilerVersion: 8.4.0
ProgramName: mri_surf2surf  ProgramArguments: mri_surf2surf -all-info  ProgramVersion: 7.3.2  TimeStamp: 2026/03/12-09:31:28-GMT  BuildTime: Aug  4 2022 06:17:15  BuildStamp: freesurfer-linux-ubuntu22_x86_64-7.3.2-20220804-6354275  User: oesteban  Machine: dna085  Platform: Linux  PlatformVersion: 5.14.0-427.37.1.el9_4.x86_64  CompilerName: GCC  CompilerVersion: 8.4.0
ProgramName: mri_surf2vol  ProgramArguments: mri_surf2vol -all-info  ProgramVersion: 7.3.2  TimeStamp: 2026/03/12-09:31:28-GMT  BuildTime: Aug  4 2022 06:17:15  BuildStamp: freesurfer-linux-ubuntu22_x86_64-7.3.2-20220804-6354275  User: oesteban  Machine: dna085  Platform: Linux  PlatformVersion: 5.14.0-427.37.1.el9_4.x86_64  CompilerName: GCC  CompilerVersion: 8.4.0
ProgramName: mri_surfcluster  ProgramArguments: mri_surfcluster -all-info  ProgramVersion: 7.3.2  TimeStamp: 2026/03/12-09:31:28-GMT  BuildTime: Aug  4 2022 06:17:15  BuildStamp: freesurfer-linux-ubuntu22_x86_64-7.3.2-20220804-6354275  User: oesteban  Machine: dna085  Platform: Linux  PlatformVersion: 5.14.0-427.37.1.el9_4.x86_64  CompilerName: GCC  CompilerVersion: 8.4.0
ProgramName: mris_volmask  ProgramArguments: mris_volmask -all-info  ProgramVersion: 7.3.2  TimeStamp: 2026/03/12-09:31:28-GMT  BuildTime: Aug  4 2022 06:17:15  BuildStamp: freesurfer-linux-ubuntu22_x86_64-7.3.2-20220804-6354275  User: oesteban  Machine: dna085  Platform: Linux  PlatformVersion: 5.14.0-427.37.1.el9_4.x86_64  CompilerName: GCC  CompilerVersion: 8.4.0
ProgramName: mri_tessellate  ProgramArguments: mri_tessellate -all-info  ProgramVersion: 7.3.2  TimeStamp: 2026/03/12-09:31:28-GMT  BuildTime: Aug  4 2022 06:17:15  BuildStamp: freesurfer-linux-ubuntu22_x86_64-7.3.2-20220804-6354275  User: oesteban  Machine: dna085  Platform: Linux  PlatformVersion: 5.14.0-427.37.1.el9_4.x86_64  CompilerName: GCC  CompilerVersion: 8.4.0
ProgramName: mri_vol2surf  ProgramArguments: mri_vol2surf -all-info  ProgramVersion: 7.3.2  TimeStamp: 2026/03/12-09:31:28-GMT  BuildTime: Aug  4 2022 06:17:15  BuildStamp: freesurfer-linux-ubuntu22_x86_64-7.3.2-20220804-6354275  User: oesteban  Machine: dna085  Platform: Linux  PlatformVersion: 5.14.0-427.37.1.el9_4.x86_64  CompilerName: GCC  CompilerVersion: 8.4.0
ProgramName: mri_vol2vol  ProgramArguments: mri_vol2vol -all-info  ProgramVersion: 7.3.2  TimeStamp: 2026/03/12-09:31:28-GMT  BuildTime: Aug  4 2022 06:17:15  BuildStamp: freesurfer-linux-ubuntu22_x86_64-7.3.2-20220804-6354275  User: oesteban  Machine: dna085  Platform: Linux  PlatformVersion: 5.14.0-427.37.1.el9_4.x86_64  CompilerName: GCC  CompilerVersion: 8.4.0
ProgramName: mri_voldiff  ProgramArguments: mri_voldiff -all-info  ProgramVersion: 7.3.2  TimeStamp: 2026/03/12-09:31:28-GMT  BuildTime: Aug  4 2022 06:17:15  BuildStamp: freesurfer-linux-ubuntu22_x86_64-7.3.2-20220804-6354275  User: oesteban  Machine: dna085  Platform: Linux  PlatformVersion: 5.14.0-427.37.1.el9_4.x86_64  CompilerName: GCC  CompilerVersion: 8.4.0
ProgramName: mri_watershed  ProgramArguments: mri_watershed -all-info  ProgramVersion: 7.3.2  TimeStamp: 2026/03/12-09:31:28-GMT  BuildTime: Aug  4 2022 06:17:15  BuildStamp: freesurfer-linux-ubuntu22_x86_64-7.3.2-20220804-6354275  User: oesteban  Machine: dna085  Platform: Linux  PlatformVersion: 5.14.0-427.37.1.el9_4.x86_64  CompilerName: GCC  CompilerVersion: 8.4.0
ProgramName: tkregister2  ProgramArguments: tkregister2_cmdl -all-info  ProgramVersion: 7.3.2  TimeStamp: 2026/03/12-09:31:28-GMT  BuildTime: Aug  4 2022 06:17:15  BuildStamp: freesurfer-linux-ubuntu22_x86_64-7.3.2-20220804-6354275  User: oesteban  Machine: dna085  Platform: Linux  PlatformVersion: 5.14.0-427.37.1.el9_4.x86_64  CompilerName: GCC  CompilerVersion: 8.4.0
mri_motion_correct.fsl 7.3.2
mri_convert -all-info 
ProgramName: mri_convert  ProgramArguments: mri_convert -all-info  ProgramVersion: 7.3.2  TimeStamp: 2026/03/12-09:31:28-GMT  BuildTime: Aug  4 2022 06:17:15  BuildStamp: freesurfer-linux-ubuntu22_x86_64-7.3.2-20220804-6354275  User: oesteban  Machine: dna085  Platform: Linux  PlatformVersion: 5.14.0-427.37.1.el9_4.x86_64  CompilerName: GCC  CompilerVersion: 8.4.0
Program nu_correct, built from:
Package MNI N3, version 1.12.0, compiled by nicks@terrier (x86_64-unknown-linux-gnu) on 2015-06-19 at 01:25:34
#######################################
GCADIR /opt/freesurfer/average
GCA RB_all_2020-01-02.gca
GCASkull RB_all_withskull_2020_01_02.gca
AvgCurvTif folding.atlas.acfb40.noaparc.i12.2016-08-02.tif
GCSDIR /opt/freesurfer/average
GCS DKaparc.atlas.acfb40.noaparc.i12.2016-08-02.gcs
#######################################
#-------------------------------------
#@# EM Registration Thu Mar 12 10:31:28 CET 2026
/out/sourcedata/freesurfer/sub-v1s11x0050155_ses-1/mri

 mri_em_register -uns 3 -mask brainmask.mgz nu.mgz /opt/freesurfer/average/RB_all_2020-01-02.gca transforms/talairach.lta 

setting unknown_nbr_spacing = 3
using MR volume brainmask.mgz to mask input volume...

== Number of threads available to mri_em_register for OpenMP = 16 == 
reading 1 input volumes...
logging results to talairach.log
reading '/opt/freesurfer/average/RB_all_2020-01-02.gca'...
GCAread took 0 minutes and 1 seconds.
average std = 7.2   using min determinant for regularization = 5.2
0 singular and 884 ill-conditioned covariance matrices regularized
reading 'nu.mgz'...
MRImask(): AllowDiffGeom = 1
MRImask(): AllowDiffGeom = 1
MRImask(): AllowDiffGeom = 1
MRImask(): AllowDiffGeom = 1
MRImask(): AllowDiffGeom = 1
freeing gibbs priors...done.
accounting for voxel sizes in initial transform
bounding unknown intensity as < 5.9 or > 519.0 
total sample mean = 79.1 (1017 zeros)
************************************************
spacing=8, using 2841 sample points, tol=1.00e-05...
************************************************
register_mri: find_optimal_transform
find_optimal_transform: nsamples 2841, passno 0, spacing 8
resetting wm mean[0]: 98 --> 107
resetting gm mean[0]: 61 --> 61
input volume #1 is the most T1-like
using real data threshold=19.9
skull bounding box = (56, 61, 33) --> (201, 203, 210)
finding center of left hemi white matter
using (104, 108, 122) as brain centroid of Right_Cerebral_White_Matter...
MRImask(): AllowDiffGeom = 1
mean wm in atlas = 107, using box (86,91,100) --> (121, 125,143) to find MRI wm
before smoothing, mri peak at 106
robust fit to distribution - 106 +- 4.3
after smoothing, mri peak at 106, scaling input intensities by 1.009
scaling channel 0 by 1.00943
initial log_p = -3.995
************************************************
First Search limited to translation only.
************************************************
max log p =    -4.007363 @ (0.000, 0.000, 0.000)
max log p =    -3.811541 @ (-5.263, -5.263, -15.789)
max log p =    -3.676123 @ (2.632, -2.632, 7.895)
max log p =    -3.657414 @ (-1.316, 1.316, -6.579)
max log p =    -3.631734 @ (1.974, 0.658, 3.289)
max log p =    -3.631734 @ (0.000, 0.000, 0.000)
max log p =    -3.631734 @ (0.000, 0.000, 0.000)
max log p =    -3.631734 @ (0.000, 0.000, 0.000)
Found translation: (-2.0, -5.9, -11.2): log p = -3.632
****************************************
Nine parameter search.  iteration 0 nscales = 0 ...
****************************************
Result so far: scale 1.000: max_log_p=-3.511, old_max_log_p =-3.632 (thresh=-3.6)
 1.00000   0.00000   0.00000  -1.97369;
 0.00000   0.99144   0.13053  -20.06987;
 0.00000  -0.13053   0.99144   6.15671;
 0.00000   0.00000   0.00000   1.00000;
iteration took 0 minutes and 11 seconds.
****************************************
Nine parameter search.  iteration 1 nscales = 0 ...
****************************************
Result so far: scale 1.000: max_log_p=-3.511, old_max_log_p =-3.511 (thresh=-3.5)
 1.00000   0.00000   0.00000  -1.97369;
 0.00000   0.99144   0.13053  -20.06987;
 0.00000  -0.13053   0.99144   6.15671;
 0.00000   0.00000   0.00000   1.00000;
reducing scale to 0.2500
iteration took 0 minutes and 11 seconds.
****************************************
Nine parameter search.  iteration 2 nscales = 1 ...
****************************************
Result so far: scale 0.250: max_log_p=-3.349, old_max_log_p =-3.511 (thresh=-3.5)
 0.99740  -0.05688  -0.04341   10.42290;
 0.06782   1.00870   0.23275  -44.63605;
 0.03100  -0.22706   0.95352   22.48937;
 0.00000   0.00000   0.00000   1.00000;
iteration took 0 minutes and 11 seconds.
****************************************
Nine parameter search.  iteration 3 nscales = 1 ...
****************************************
Result so far: scale 0.250: max_log_p=-3.349, old_max_log_p =-3.349 (thresh=-3.3)
 0.99740  -0.05688  -0.04341   10.42290;
 0.06782   1.00870   0.23275  -44.63605;
 0.03100  -0.22706   0.95352   22.48937;
 0.00000   0.00000   0.00000   1.00000;
reducing scale to 0.0625
iteration took 0 minutes and 11 seconds.
****************************************
Nine parameter search.  iteration 4 nscales = 2 ...
****************************************
Result so far: scale 0.062: max_log_p=-3.308, old_max_log_p =-3.349 (thresh=-3.3)
 0.99419  -0.07691  -0.03149   12.04532;
 0.08423   1.00881   0.23228  -46.24337;
 0.01475  -0.22609   0.95528   24.26115;
 0.00000   0.00000   0.00000   1.00000;
iteration took 0 minutes and 10 seconds.
****************************************
Nine parameter search.  iteration 5 nscales = 2 ...
****************************************
Result so far: scale 0.062: max_log_p=-3.308, old_max_log_p =-3.308 (thresh=-3.3)
 0.99419  -0.07691  -0.03149   12.04532;
 0.08423   1.00881   0.23228  -46.24337;
 0.01475  -0.22609   0.95528   24.26115;
 0.00000   0.00000   0.00000   1.00000;
min search scale 0.025000 reached
***********************************************
Computing MAP estimate using 2841 samples...
***********************************************
dt = 5.00e-06, momentum=0.80, tol=1.00e-05
l_intensity = 1.0000
Aligning input volume to GCA...
Transform matrix
 0.99419  -0.07691  -0.03149   12.04532;
 0.08423   1.00881   0.23228  -46.24337;
 0.01475  -0.22609   0.95528   24.26115;
 0.00000   0.00000   0.00000   1.00000;
nsamples 2841
Quasinewton: input matrix
 0.99419  -0.07691  -0.03149   12.04532;
 0.08423   1.00881   0.23228  -46.24337;
 0.01475  -0.22609   0.95528   24.26115;
 0.00000   0.00000   0.00000   1.00000;
 IFLAG= -1  LINE SEARCH FAILED. SEE DOCUMENTATION OF ROUTINE MCSRCH ERROR RETURN OF LINE SEARCH: INFO= 3 POSSIBLE CAUSES: FUNCTION OR GRADIENT ARE INCORRECT OR INCORRECT TOLERANCESoutof QuasiNewtonEMA: 008: -log(p) =   -0.0  tol 0.000010
Resulting transform:
 0.99419  -0.07691  -0.03149   12.04532;
 0.08423   1.00881   0.23228  -46.24337;
 0.01475  -0.22609   0.95528   24.26115;
 0.00000   0.00000   0.00000   1.00000;

pass 1, spacing 8: log(p) = -3.308 (old=-3.995)
transform before final EM align:
 0.99419  -0.07691  -0.03149   12.04532;
 0.08423   1.00881   0.23228  -46.24337;
 0.01475  -0.22609   0.95528   24.26115;
 0.00000   0.00000   0.00000   1.00000;

**************************************************
 EM alignment process ...
 Computing final MAP estimate using 315638 samples. 
**************************************************
dt = 5.00e-06, momentum=0.80, tol=1.00e-07
l_intensity = 1.0000
Aligning input volume to GCA...
Transform matrix
 0.99419  -0.07691  -0.03149   12.04532;
 0.08423   1.00881   0.23228  -46.24337;
 0.01475  -0.22609   0.95528   24.26115;
 0.00000   0.00000   0.00000   1.00000;
nsamples 315638
Quasinewton: input matrix
 0.99419  -0.07691  -0.03149   12.04532;
 0.08423   1.00881   0.23228  -46.24337;
 0.01475  -0.22609   0.95528   24.26115;
 0.00000   0.00000   0.00000   1.00000;
 IFLAG= -1  LINE SEARCH FAILED. SEE DOCUMENTATION OF ROUTINE MCSRCH ERROR RETURN OF LINE SEARCH: INFO= 3 POSSIBLE CAUSES: FUNCTION OR GRADIENT ARE INCORRECT OR INCORRECT TOLERANCESoutof QuasiNewtonEMA: 010: -log(p) =    3.8  tol 0.000000
final transform:
 0.99419  -0.07691  -0.03149   12.04532;
 0.08423   1.00881   0.23228  -46.24337;
 0.01475  -0.22609   0.95528   24.26115;
 0.00000   0.00000   0.00000   1.00000;

writing output transformation to transforms/talairach.lta...
#VMPC# mri_em_register VmPeak  891280
FSRUNTIME@ mri_em_register  0.0284 hours 16 threads
registration took 1 minutes and 42 seconds.

Started at Thu Mar 12 10:31:28 CET 2026 
Ended   at Thu Mar 12 10:33:11 CET 2026
#@#%# recon-all-run-time-hours 0.029
recon-all -s sub-v1s11x0050155_ses-1 finished without error at Thu Mar 12 10:33:11 CET 2026



#New# invocation of recon-all 




Thu Mar 12 10:33:12 CET 2026
cd /out/sourcedata/freesurfer/sub-v1s11x0050155_ses-1
setenv SUBJECTS_DIR /out/sourcedata/freesurfer
/opt/freesurfer/bin/recon-all -autorecon2-volonly -openmp 16 -subjid sub-v1s11x0050155_ses-1 -sd /out/sourcedata/freesurfer -nogcareg

subjid sub-v1s11x0050155_ses-1
setenv SUBJECTS_DIR /out/sourcedata/freesurfer
FREESURFER_HOME /opt/freesurfer
Actual FREESURFER_HOME /opt/freesurfer
build-stamp.txt: freesurfer-linux-ubuntu22_x86_64-7.3.2-20220804-6354275
Linux dna085 5.14.0-427.37.1.el9_4.x86_64 #1 SMP PREEMPT_DYNAMIC Fri Sep 13 12:41:50 EDT 2024 x86_64 x86_64 x86_64 GNU/Linux
cputime      unlimited
filesize     unlimited
datasize     unlimited
stacksize    8192 kbytes
coredumpsize 0 kbytes
memoryuse    67108864 kbytes
vmemoryuse   unlimited
descriptors  1024 
memorylocked unlimited
maxproc      2061970 
maxlocks     unlimited
maxsignal    2062024 
maxmessage   819200 
maxnice      0 
maxrtprio    0 
maxrttime    unlimited

               total        used        free      shared  buff/cache   available
Mem:           503Gi       321Gi       156Gi       9.7Gi        25Gi       169Gi
Swap:             0B          0B          0B

########################################
program versions used
7.3.2 (freesurfer-linux-ubuntu22_x86_64-7.3.2-20220804-6354275)
7.3.2

ProgramName: lta_convert  ProgramArguments: lta_convert -all-info  ProgramVersion: 7.3.2  TimeStamp: 2026/03/12-09:33:12-GMT  BuildTime: Aug  4 2022 06:17:15  BuildStamp: freesurfer-linux-ubuntu22_x86_64-7.3.2-20220804-6354275  User: oesteban  Machine: dna085  Platform: Linux  PlatformVersion: 5.14.0-427.37.1.el9_4.x86_64  CompilerName: GCC  CompilerVersion: 8.4.0
ProgramName: mri_and  ProgramArguments: mri_and -all-info  ProgramVersion: 7.3.2  TimeStamp: 2026/03/12-09:33:12-GMT  BuildTime: Aug  4 2022 06:17:15  BuildStamp: freesurfer-linux-ubuntu22_x86_64-7.3.2-20220804-6354275  User: oesteban  Machine: dna085  Platform: Linux  PlatformVersion: 5.14.0-427.37.1.el9_4.x86_64  CompilerName: GCC  CompilerVersion: 8.4.0
ProgramName: mri_annotation2label  ProgramArguments: mri_annotation2label -all-info  ProgramVersion: 7.3.2  TimeStamp: 2026/03/12-09:33:12-GMT  BuildTime: Aug  4 2022 06:17:15  BuildStamp: freesurfer-linux-ubuntu22_x86_64-7.3.2-20220804-6354275  User: oesteban  Machine: dna085  Platform: Linux  PlatformVersion: 5.14.0-427.37.1.el9_4.x86_64  CompilerName: GCC  CompilerVersion: 8.4.0
ProgramName: mri_aparc2aseg  ProgramArguments: mri_aparc2aseg -all-info  ProgramVersion: 7.3.2  TimeStamp: 2026/03/12-09:33:12-GMT  BuildTime: Aug  4 2022 06:17:15  BuildStamp: freesurfer-linux-ubuntu22_x86_64-7.3.2-20220804-6354275  User: oesteban  Machine: dna085  Platform: Linux  PlatformVersion: 5.14.0-427.37.1.el9_4.x86_64  CompilerName: GCC  CompilerVersion: 8.4.0
ProgramName: mri_surf2volseg  ProgramArguments: mri_surf2volseg -all-info  ProgramVersion: 7.3.2  TimeStamp: 2026/03/12-09:33:12-GMT  BuildTime: Aug  4 2022 06:17:15  BuildStamp: freesurfer-linux-ubuntu22_x86_64-7.3.2-20220804-6354275  User: oesteban  Machine: dna085  Platform: Linux  PlatformVersion: 5.14.0-427.37.1.el9_4.x86_64  CompilerName: GCC  CompilerVersion: 8.4.0
ProgramName: mri_binarize  ProgramArguments: mri_binarize -all-info  ProgramVersion: 7.3.2  TimeStamp: 2026/03/12-09:33:12-GMT  BuildTime: Aug  4 2022 06:17:15  BuildStamp: freesurfer-linux-ubuntu22_x86_64-7.3.2-20220804-6354275  User: oesteban  Machine: dna085  Platform: Linux  PlatformVersion: 5.14.0-427.37.1.el9_4.x86_64  CompilerName: GCC  CompilerVersion: 8.4.0
ProgramName: mri_ca_label  ProgramArguments: mri_ca_label -all-info  ProgramVersion: 7.3.2  TimeStamp: 2026/03/12-09:33:12-GMT  BuildTime: Aug  4 2022 06:17:15  BuildStamp: freesurfer-linux-ubuntu22_x86_64-7.3.2-20220804-6354275  User: oesteban  Machine: dna085  Platform: Linux  PlatformVersion: 5.14.0-427.37.1.el9_4.x86_64  CompilerName: GCC  CompilerVersion: 8.4.0
ProgramName: mri_ca_normalize  ProgramArguments: mri_ca_normalize -all-info  ProgramVersion: 7.3.2  TimeStamp: 2026/03/12-09:33:12-GMT  BuildTime: Aug  4 2022 06:17:15  BuildStamp: freesurfer-linux-ubuntu22_x86_64-7.3.2-20220804-6354275  User: oesteban  Machine: dna085  Platform: Linux  PlatformVersion: 5.14.0-427.37.1.el9_4.x86_64  CompilerName: GCC  CompilerVersion: 8.4.0
ProgramName: mri_ca_register  ProgramArguments: mri_ca_register -all-info  ProgramVersion: 7.3.2  TimeStamp: 2026/03/12-09:33:12-GMT  BuildTime: Aug  4 2022 06:17:15  BuildStamp: freesurfer-linux-ubuntu22_x86_64-7.3.2-20220804-6354275  User: oesteban  Machine: dna085  Platform: Linux  PlatformVersion: 5.14.0-427.37.1.el9_4.x86_64  CompilerName: GCC  CompilerVersion: 8.4.0
ProgramName: mri_cc  ProgramArguments: mri_cc -all-info  ProgramVersion: 7.3.2  TimeStamp: 2026/03/12-09:33:12-GMT  BuildTime: Aug  4 2022 06:17:15  BuildStamp: freesurfer-linux-ubuntu22_x86_64-7.3.2-20220804-6354275  User: oesteban  Machine: dna085  Platform: Linux  PlatformVersion: 5.14.0-427.37.1.el9_4.x86_64  CompilerName: GCC  CompilerVersion: 8.4.0
ProgramName: mri_compute_overlap  ProgramArguments: mri_compute_overlap -all-info  ProgramVersion: 7.3.2  TimeStamp: 2026/03/12-09:33:12-GMT  BuildTime: Aug  4 2022 06:17:15  BuildStamp: freesurfer-linux-ubuntu22_x86_64-7.3.2-20220804-6354275  User: oesteban  Machine: dna085  Platform: Linux  PlatformVersion: 5.14.0-427.37.1.el9_4.x86_64  CompilerName: GCC  CompilerVersion: 8.4.0
ProgramName: mri_compute_seg_overlap  ProgramArguments: mri_compute_seg_overlap -all-info  ProgramVersion: 7.3.2  TimeStamp: 2026/03/12-09:33:12-GMT  BuildTime: Aug  4 2022 06:17:15  BuildStamp: freesurfer-linux-ubuntu22_x86_64-7.3.2-20220804-6354275  User: oesteban  Machine: dna085  Platform: Linux  PlatformVersion: 5.14.0-427.37.1.el9_4.x86_64  CompilerName: GCC  CompilerVersion: 8.4.0
ProgramName: mri_concat  ProgramArguments: mri_concat -all-info  ProgramVersion: 7.3.2  TimeStamp: 2026/03/12-09:33:12-GMT  BuildTime: Aug  4 2022 06:17:15  BuildStamp: freesurfer-linux-ubuntu22_x86_64-7.3.2-20220804-6354275  User: oesteban  Machine: dna085  Platform: Linux  PlatformVersion: 5.14.0-427.37.1.el9_4.x86_64  CompilerName: GCC  CompilerVersion: 8.4.0
ProgramName: mri_concatenate_lta  ProgramArguments: mri_concatenate_lta -all-info  ProgramVersion: 7.3.2  TimeStamp: 2026/03/12-09:33:12-GMT  BuildTime: Aug  4 2022 06:17:15  BuildStamp: freesurfer-linux-ubuntu22_x86_64-7.3.2-20220804-6354275  User: oesteban  Machine: dna085  Platform: Linux  PlatformVersion: 5.14.0-427.37.1.el9_4.x86_64  CompilerName: GCC  CompilerVersion: 8.4.0
mri_convert -all-info 
ProgramName: mri_convert  ProgramArguments: mri_convert -all-info  ProgramVersion: 7.3.2  TimeStamp: 2026/03/12-09:33:12-GMT  BuildTime: Aug  4 2022 06:17:15  BuildStamp: freesurfer-linux-ubuntu22_x86_64-7.3.2-20220804-6354275  User: oesteban  Machine: dna085  Platform: Linux  PlatformVersion: 5.14.0-427.37.1.el9_4.x86_64  CompilerName: GCC  CompilerVersion: 8.4.0
ProgramName: mri_diff  ProgramArguments: mri_diff -all-info  ProgramVersion: 7.3.2  TimeStamp: 2026/03/12-09:33:12-GMT  BuildTime: Aug  4 2022 06:17:15  BuildStamp: freesurfer-linux-ubuntu22_x86_64-7.3.2-20220804-6354275  User: oesteban  Machine: dna085  Platform: Linux  PlatformVersion: 5.14.0-427.37.1.el9_4.x86_64  CompilerName: GCC  CompilerVersion: 8.4.0
ProgramName: mri_edit_wm_with_aseg  ProgramArguments: mri_edit_wm_with_aseg -all-info  ProgramVersion: 7.3.2  TimeStamp: 2026/03/12-09:33:12-GMT  BuildTime: Aug  4 2022 06:17:15  BuildStamp: freesurfer-linux-ubuntu22_x86_64-7.3.2-20220804-6354275  User: oesteban  Machine: dna085  Platform: Linux  PlatformVersion: 5.14.0-427.37.1.el9_4.x86_64  CompilerName: GCC  CompilerVersion: 8.4.0
ProgramName: mri_em_register  ProgramArguments: mri_em_register -all-info  ProgramVersion: 7.3.2  TimeStamp: 2026/03/12-09:33:12-GMT  BuildTime: Aug  4 2022 06:17:15  BuildStamp: freesurfer-linux-ubuntu22_x86_64-7.3.2-20220804-6354275  User: oesteban  Machine: dna085  Platform: Linux  PlatformVersion: 5.14.0-427.37.1.el9_4.x86_64  CompilerName: GCC  CompilerVersion: 8.4.0
ProgramName: mri_fill  ProgramArguments: mri_fill -all-info  ProgramVersion: 7.3.2  TimeStamp: 2026/03/12-09:33:12-GMT  BuildTime: Aug  4 2022 06:17:15  BuildStamp: freesurfer-linux-ubuntu22_x86_64-7.3.2-20220804-6354275  User: oesteban  Machine: dna085  Platform: Linux  PlatformVersion: 5.14.0-427.37.1.el9_4.x86_64  CompilerName: GCC  CompilerVersion: 8.4.0
ProgramName: mri_fuse_segmentations  ProgramArguments: mri_fuse_segmentations -all-info  ProgramVersion: 7.3.2  TimeStamp: 2026/03/12-09:33:12-GMT  BuildTime: Aug  4 2022 06:17:15  BuildStamp: freesurfer-linux-ubuntu22_x86_64-7.3.2-20220804-6354275  User: oesteban  Machine: dna085  Platform: Linux  PlatformVersion: 5.14.0-427.37.1.el9_4.x86_64  CompilerName: GCC  CompilerVersion: 8.4.0
ProgramName: mri_fwhm  ProgramArguments: mri_fwhm -all-info  ProgramVersion: 7.3.2  TimeStamp: 2026/03/12-09:33:12-GMT  BuildTime: Aug  4 2022 06:17:15  BuildStamp: freesurfer-linux-ubuntu22_x86_64-7.3.2-20220804-6354275  User: oesteban  Machine: dna085  Platform: Linux  PlatformVersion: 5.14.0-427.37.1.el9_4.x86_64  CompilerName: GCC  CompilerVersion: 8.4.0
ProgramName: mri_gcut  ProgramArguments: mri_gcut -all-info  ProgramVersion: 7.3.2  TimeStamp: 2026/03/12-09:33:12-GMT  BuildTime: Aug  4 2022 06:17:15  BuildStamp: freesurfer-linux-ubuntu22_x86_64-7.3.2-20220804-6354275  User: oesteban  Machine: dna085  Platform: Linux  PlatformVersion: 5.14.0-427.37.1.el9_4.x86_64  CompilerName: GCC  CompilerVersion: 8.4.0
ProgramName: mri_info  ProgramArguments: mri_info -all-info  ProgramVersion: 7.3.2  TimeStamp: 2026/03/12-09:33:12-GMT  BuildTime: Aug  4 2022 06:17:15  BuildStamp: freesurfer-linux-ubuntu22_x86_64-7.3.2-20220804-6354275  User: oesteban  Machine: dna085  Platform: Linux  PlatformVersion: 5.14.0-427.37.1.el9_4.x86_64  CompilerName: GCC  CompilerVersion: 8.4.0
ProgramName: mri_label2label  ProgramArguments: mri_label2label -all-info  ProgramVersion: 7.3.2  TimeStamp: 2026/03/12-09:33:12-GMT  BuildTime: Aug  4 2022 06:17:15  BuildStamp: freesurfer-linux-ubuntu22_x86_64-7.3.2-20220804-6354275  User: oesteban  Machine: dna085  Platform: Linux  PlatformVersion: 5.14.0-427.37.1.el9_4.x86_64  CompilerName: GCC  CompilerVersion: 8.4.0
ProgramName: mri_label2vol  ProgramArguments: mri_label2vol -all-info  ProgramVersion: 7.3.2  TimeStamp: 2026/03/12-09:33:12-GMT  BuildTime: Aug  4 2022 06:17:15  BuildStamp: freesurfer-linux-ubuntu22_x86_64-7.3.2-20220804-6354275  User: oesteban  Machine: dna085  Platform: Linux  PlatformVersion: 5.14.0-427.37.1.el9_4.x86_64  CompilerName: GCC  CompilerVersion: 8.4.0
ProgramName: mri_log_likelihood  ProgramArguments: mri_log_likelihood -all-info  ProgramVersion: 7.3.2  TimeStamp: 2026/03/12-09:33:12-GMT  BuildTime: Aug  4 2022 06:17:15  BuildStamp: freesurfer-linux-ubuntu22_x86_64-7.3.2-20220804-6354275  User: oesteban  Machine: dna085  Platform: Linux  PlatformVersion: 5.14.0-427.37.1.el9_4.x86_64  CompilerName: GCC  CompilerVersion: 8.4.0
ProgramName: mri_mask  ProgramArguments: mri_mask -all-info  ProgramVersion: 7.3.2  TimeStamp: 2026/03/12-09:33:12-GMT  BuildTime: Aug  4 2022 06:17:15  BuildStamp: freesurfer-linux-ubuntu22_x86_64-7.3.2-20220804-6354275  User: oesteban  Machine: dna085  Platform: Linux  PlatformVersion: 5.14.0-427.37.1.el9_4.x86_64  CompilerName: GCC  CompilerVersion: 8.4.0
ProgramName: mri_matrix_multiply  ProgramArguments: mri_matrix_multiply -all-info  ProgramVersion: 7.3.2  TimeStamp: 2026/03/12-09:33:12-GMT  BuildTime: Aug  4 2022 06:17:15  BuildStamp: freesurfer-linux-ubuntu22_x86_64-7.3.2-20220804-6354275  User: oesteban  Machine: dna085  Platform: Linux  PlatformVersion: 5.14.0-427.37.1.el9_4.x86_64  CompilerName: GCC  CompilerVersion: 8.4.0
ProgramName: mri_normalize  ProgramArguments: mri_normalize -all-info  ProgramVersion: 7.3.2  TimeStamp: 2026/03/12-09:33:12-GMT  BuildTime: Aug  4 2022 06:17:15  BuildStamp: freesurfer-linux-ubuntu22_x86_64-7.3.2-20220804-6354275  User: oesteban  Machine: dna085  Platform: Linux  PlatformVersion: 5.14.0-427.37.1.el9_4.x86_64  CompilerName: GCC  CompilerVersion: 8.4.0
ProgramName: mri_normalize_tp2  ProgramArguments: mri_normalize_tp2 -all-info  ProgramVersion: 7.3.2  TimeStamp: 2026/03/12-09:33:12-GMT  BuildTime: Aug  4 2022 06:17:15  BuildStamp: freesurfer-linux-ubuntu22_x86_64-7.3.2-20220804-6354275  User: oesteban  Machine: dna085  Platform: Linux  PlatformVersion: 5.14.0-427.37.1.el9_4.x86_64  CompilerName: GCC  CompilerVersion: 8.4.0
ProgramName: mri_or  ProgramArguments: mri_or -all-info  ProgramVersion: 7.3.2  TimeStamp: 2026/03/12-09:33:12-GMT  BuildTime: Aug  4 2022 06:17:15  BuildStamp: freesurfer-linux-ubuntu22_x86_64-7.3.2-20220804-6354275  User: oesteban  Machine: dna085  Platform: Linux  PlatformVersion: 5.14.0-427.37.1.el9_4.x86_64  CompilerName: GCC  CompilerVersion: 8.4.0
ProgramName: mri_relabel_hypointensities  ProgramArguments: mri_relabel_hypointensities -all-info  ProgramVersion: 7.3.2  TimeStamp: 2026/03/12-09:33:12-GMT  BuildTime: Aug  4 2022 06:17:15  BuildStamp: freesurfer-linux-ubuntu22_x86_64-7.3.2-20220804-6354275  User: oesteban  Machine: dna085  Platform: Linux  PlatformVersion: 5.14.0-427.37.1.el9_4.x86_64  CompilerName: GCC  CompilerVersion: 8.4.0
ProgramName: mri_relabel_nonwm_hypos  ProgramArguments: mri_relabel_nonwm_hypos -all-info  ProgramVersion: 7.3.2  TimeStamp: 2026/03/12-09:33:12-GMT  BuildTime: Aug  4 2022 06:17:15  BuildStamp: freesurfer-linux-ubuntu22_x86_64-7.3.2-20220804-6354275  User: oesteban  Machine: dna085  Platform: Linux  PlatformVersion: 5.14.0-427.37.1.el9_4.x86_64  CompilerName: GCC  CompilerVersion: 8.4.0
ProgramName: mri_remove_neck  ProgramArguments: mri_remove_neck -all-info  ProgramVersion: 7.3.2  TimeStamp: 2026/03/12-09:33:12-GMT  BuildTime: Aug  4 2022 06:17:15  BuildStamp: freesurfer-linux-ubuntu22_x86_64-7.3.2-20220804-6354275  User: oesteban  Machine: dna085  Platform: Linux  PlatformVersion: 5.14.0-427.37.1.el9_4.x86_64  CompilerName: GCC  CompilerVersion: 8.4.0
7.3.2

ProgramName: mri_robust_register  ProgramArguments: mri_robust_register -all-info  ProgramVersion: 7.3.2  TimeStamp: 2026/03/12-09:33:12-GMT  BuildTime: Aug  4 2022 06:17:15  BuildStamp: freesurfer-linux-ubuntu22_x86_64-7.3.2-20220804-6354275  User: oesteban  Machine: dna085  Platform: Linux  PlatformVersion: 5.14.0-427.37.1.el9_4.x86_64  CompilerName: GCC  CompilerVersion: 8.4.0
7.3.2

ProgramName: mri_robust_template  ProgramArguments: mri_robust_template -all-info  ProgramVersion: 7.3.2  TimeStamp: 2026/03/12-09:33:12-GMT  BuildTime: Aug  4 2022 06:17:15  BuildStamp: freesurfer-linux-ubuntu22_x86_64-7.3.2-20220804-6354275  User: oesteban  Machine: dna085  Platform: Linux  PlatformVersion: 5.14.0-427.37.1.el9_4.x86_64  CompilerName: GCC  CompilerVersion: 8.4.0
ProgramName: mris_anatomical_stats  ProgramArguments: mris_anatomical_stats -all-info  ProgramVersion: 7.3.2  TimeStamp: 2026/03/12-09:33:12-GMT  BuildTime: Aug  4 2022 06:17:15  BuildStamp: freesurfer-linux-ubuntu22_x86_64-7.3.2-20220804-6354275  User: oesteban  Machine: dna085  Platform: Linux  PlatformVersion: 5.14.0-427.37.1.el9_4.x86_64  CompilerName: GCC  CompilerVersion: 8.4.0
ProgramName: mris_ca_label  ProgramArguments: mris_ca_label -all-info  ProgramVersion: 7.3.2  TimeStamp: 2026/03/12-09:33:12-GMT  BuildTime: Aug  4 2022 06:17:15  BuildStamp: freesurfer-linux-ubuntu22_x86_64-7.3.2-20220804-6354275  User: oesteban  Machine: dna085  Platform: Linux  PlatformVersion: 5.14.0-427.37.1.el9_4.x86_64  CompilerName: GCC  CompilerVersion: 8.4.0
ProgramName: mris_calc  ProgramArguments: mris_calc -all-info  ProgramVersion: 7.3.2  TimeStamp: 2026/03/12-09:33:12-GMT  BuildTime: Aug  4 2022 06:17:15  BuildStamp: freesurfer-linux-ubuntu22_x86_64-7.3.2-20220804-6354275  User: oesteban  Machine: dna085  Platform: Linux  PlatformVersion: 5.14.0-427.37.1.el9_4.x86_64  CompilerName: GCC  CompilerVersion: 8.4.0
ProgramName: mris_convert  ProgramArguments: mris_convert -all-info  ProgramVersion: 7.3.2  TimeStamp: 2026/03/12-09:33:12-GMT  BuildTime: Aug  4 2022 06:17:15  BuildStamp: freesurfer-linux-ubuntu22_x86_64-7.3.2-20220804-6354275  User: oesteban  Machine: dna085  Platform: Linux  PlatformVersion: 5.14.0-427.37.1.el9_4.x86_64  CompilerName: GCC  CompilerVersion: 8.4.0
ProgramName: mris_curvature  ProgramArguments: mris_curvature -all-info  ProgramVersion: 7.3.2  TimeStamp: 2026/03/12-09:33:12-GMT  BuildTime: Aug  4 2022 06:17:15  BuildStamp: freesurfer-linux-ubuntu22_x86_64-7.3.2-20220804-6354275  User: oesteban  Machine: dna085  Platform: Linux  PlatformVersion: 5.14.0-427.37.1.el9_4.x86_64  CompilerName: GCC  CompilerVersion: 8.4.0
ProgramName: mris_curvature_stats  ProgramArguments: mris_curvature_stats -all-info  ProgramVersion: 7.3.2  TimeStamp: 2026/03/12-09:33:12-GMT  BuildTime: Aug  4 2022 06:17:15  BuildStamp: freesurfer-linux-ubuntu22_x86_64-7.3.2-20220804-6354275  User: oesteban  Machine: dna085  Platform: Linux  PlatformVersion: 5.14.0-427.37.1.el9_4.x86_64  CompilerName: GCC  CompilerVersion: 8.4.0
ProgramName: mris_diff  ProgramArguments: mris_diff -all-info  ProgramVersion: 7.3.2  TimeStamp: 2026/03/12-09:33:12-GMT  BuildTime: Aug  4 2022 06:17:15  BuildStamp: freesurfer-linux-ubuntu22_x86_64-7.3.2-20220804-6354275  User: oesteban  Machine: dna085  Platform: Linux  PlatformVersion: 5.14.0-427.37.1.el9_4.x86_64  CompilerName: GCC  CompilerVersion: 8.4.0
ProgramName: mris_divide_parcellation  ProgramArguments: mris_divide_parcellation -all-info  ProgramVersion: 7.3.2  TimeStamp: 2026/03/12-09:33:12-GMT  BuildTime: Aug  4 2022 06:17:15  BuildStamp: freesurfer-linux-ubuntu22_x86_64-7.3.2-20220804-6354275  User: oesteban  Machine: dna085  Platform: Linux  PlatformVersion: 5.14.0-427.37.1.el9_4.x86_64  CompilerName: GCC  CompilerVersion: 8.4.0
ProgramName: mri_segment  ProgramArguments: mri_segment -all-info  ProgramVersion: 7.3.2  TimeStamp: 2026/03/12-09:33:12-GMT  BuildTime: Aug  4 2022 06:17:15  BuildStamp: freesurfer-linux-ubuntu22_x86_64-7.3.2-20220804-6354275  User: oesteban  Machine: dna085  Platform: Linux  PlatformVersion: 5.14.0-427.37.1.el9_4.x86_64  CompilerName: GCC  CompilerVersion: 8.4.0
ProgramName: mri_segstats  ProgramArguments: mri_segstats -all-info  ProgramVersion: 7.3.2  TimeStamp: 2026/03/12-09:33:12-GMT  BuildTime: Aug  4 2022 06:17:15  BuildStamp: freesurfer-linux-ubuntu22_x86_64-7.3.2-20220804-6354275  User: oesteban  Machine: dna085  Platform: Linux  PlatformVersion: 5.14.0-427.37.1.el9_4.x86_64  CompilerName: GCC  CompilerVersion: 8.4.0
ProgramName: mris_euler_number  ProgramArguments: mris_euler_number -all-info  ProgramVersion: 7.3.2  TimeStamp: 2026/03/12-09:33:12-GMT  BuildTime: Aug  4 2022 06:17:15  BuildStamp: freesurfer-linux-ubuntu22_x86_64-7.3.2-20220804-6354275  User: oesteban  Machine: dna085  Platform: Linux  PlatformVersion: 5.14.0-427.37.1.el9_4.x86_64  CompilerName: GCC  CompilerVersion: 8.4.0
ProgramName: mris_fix_topology  ProgramArguments: mris_fix_topology -all-info  ProgramVersion: 7.3.2  TimeStamp: 2026/03/12-09:33:12-GMT  BuildTime: Aug  4 2022 06:17:15  BuildStamp: freesurfer-linux-ubuntu22_x86_64-7.3.2-20220804-6354275  User: oesteban  Machine: dna085  Platform: Linux  PlatformVersion: 5.14.0-427.37.1.el9_4.x86_64  CompilerName: GCC  CompilerVersion: 8.4.0
ProgramName: mris_topo_fixer  ProgramArguments: mris_topo_fixer -all-info  ProgramVersion: 7.3.2  TimeStamp: 2026/03/12-09:33:12-GMT  BuildTime: Aug  4 2022 06:17:15  BuildStamp: freesurfer-linux-ubuntu22_x86_64-7.3.2-20220804-6354275  User: oesteban  Machine: dna085  Platform: Linux  PlatformVersion: 5.14.0-427.37.1.el9_4.x86_64  CompilerName: GCC  CompilerVersion: 8.4.0
ProgramName: mris_jacobian  ProgramArguments: mris_jacobian -all-info  ProgramVersion: 7.3.2  TimeStamp: 2026/03/12-09:33:12-GMT  BuildTime: Aug  4 2022 06:17:15  BuildStamp: freesurfer-linux-ubuntu22_x86_64-7.3.2-20220804-6354275  User: oesteban  Machine: dna085  Platform: Linux  PlatformVersion: 5.14.0-427.37.1.el9_4.x86_64  CompilerName: GCC  CompilerVersion: 8.4.0
ProgramName: mris_label2annot  ProgramArguments: mris_label2annot -all-info  ProgramVersion: 7.3.2  TimeStamp: 2026/03/12-09:33:12-GMT  BuildTime: Aug  4 2022 06:17:15  BuildStamp: freesurfer-linux-ubuntu22_x86_64-7.3.2-20220804-6354275  User: oesteban  Machine: dna085  Platform: Linux  PlatformVersion: 5.14.0-427.37.1.el9_4.x86_64  CompilerName: GCC  CompilerVersion: 8.4.0
ProgramName: mris_left_right_register  ProgramArguments: mris_left_right_register -all-info  ProgramVersion: 7.3.2  TimeStamp: 2026/03/12-09:33:12-GMT  BuildTime: Aug  4 2022 06:17:15  BuildStamp: freesurfer-linux-ubuntu22_x86_64-7.3.2-20220804-6354275  User: oesteban  Machine: dna085  Platform: Linux  PlatformVersion: 5.14.0-427.37.1.el9_4.x86_64  CompilerName: GCC  CompilerVersion: 8.4.0
ProgramName: mris_place_surface  ProgramArguments: mris_place_surface -all-info  ProgramVersion: 7.3.2  TimeStamp: 2026/03/12-09:33:12-GMT  BuildTime: Aug  4 2022 06:17:15  BuildStamp: freesurfer-linux-ubuntu22_x86_64-7.3.2-20220804-6354275  User: oesteban  Machine: dna085  Platform: Linux  PlatformVersion: 5.14.0-427.37.1.el9_4.x86_64  CompilerName: GCC  CompilerVersion: 8.4.0
ProgramName: mrisp_paint  ProgramArguments: mrisp_paint -all-info  ProgramVersion: 7.3.2  TimeStamp: 2026/03/12-09:33:12-GMT  BuildTime: Aug  4 2022 06:17:15  BuildStamp: freesurfer-linux-ubuntu22_x86_64-7.3.2-20220804-6354275  User: oesteban  Machine: dna085  Platform: Linux  PlatformVersion: 5.14.0-427.37.1.el9_4.x86_64  CompilerName: GCC  CompilerVersion: 8.4.0
ProgramName: mris_register  ProgramArguments: mris_register -all-info  ProgramVersion: 7.3.2  TimeStamp: 2026/03/12-09:33:12-GMT  BuildTime: Aug  4 2022 06:17:15  BuildStamp: freesurfer-linux-ubuntu22_x86_64-7.3.2-20220804-6354275  User: oesteban  Machine: dna085  Platform: Linux  PlatformVersion: 5.14.0-427.37.1.el9_4.x86_64  CompilerName: GCC  CompilerVersion: 8.4.0
ProgramName: mris_smooth  ProgramArguments: mris_smooth -all-info  ProgramVersion: 7.3.2  TimeStamp: 2026/03/12-09:33:12-GMT  BuildTime: Aug  4 2022 06:17:15  BuildStamp: freesurfer-linux-ubuntu22_x86_64-7.3.2-20220804-6354275  User: oesteban  Machine: dna085  Platform: Linux  PlatformVersion: 5.14.0-427.37.1.el9_4.x86_64  CompilerName: GCC  CompilerVersion: 8.4.0
ProgramName: mris_sphere  ProgramArguments: mris_sphere -all-info  ProgramVersion: 7.3.2  TimeStamp: 2026/03/12-09:33:12-GMT  BuildTime: Aug  4 2022 06:17:15  BuildStamp: freesurfer-linux-ubuntu22_x86_64-7.3.2-20220804-6354275  User: oesteban  Machine: dna085  Platform: Linux  PlatformVersion: 5.14.0-427.37.1.el9_4.x86_64  CompilerName: GCC  CompilerVersion: 8.4.0
ProgramName: mris_surface_stats  ProgramArguments: mris_surface_stats -all-info  ProgramVersion: 7.3.2  TimeStamp: 2026/03/12-09:33:12-GMT  BuildTime: Aug  4 2022 06:17:15  BuildStamp: freesurfer-linux-ubuntu22_x86_64-7.3.2-20220804-6354275  User: oesteban  Machine: dna085  Platform: Linux  PlatformVersion: 5.14.0-427.37.1.el9_4.x86_64  CompilerName: GCC  CompilerVersion: 8.4.0
ProgramName: mri_stats2seg  ProgramArguments: mri_stats2seg -all-info  ProgramVersion: 7.3.2  TimeStamp: 2026/03/12-09:33:12-GMT  BuildTime: Aug  4 2022 06:17:15  BuildStamp: freesurfer-linux-ubuntu22_x86_64-7.3.2-20220804-6354275  User: oesteban  Machine: dna085  Platform: Linux  PlatformVersion: 5.14.0-427.37.1.el9_4.x86_64  CompilerName: GCC  CompilerVersion: 8.4.0
ProgramName: mris_thickness  ProgramArguments: mris_thickness -all-info  ProgramVersion: 7.3.2  TimeStamp: 2026/03/12-09:33:12-GMT  BuildTime: Aug  4 2022 06:17:15  BuildStamp: freesurfer-linux-ubuntu22_x86_64-7.3.2-20220804-6354275  User: oesteban  Machine: dna085  Platform: Linux  PlatformVersion: 5.14.0-427.37.1.el9_4.x86_64  CompilerName: GCC  CompilerVersion: 8.4.0
ProgramName: mris_thickness_diff  ProgramArguments: mris_thickness_diff -all-info  ProgramVersion: 7.3.2  TimeStamp: 2026/03/12-09:33:12-GMT  BuildTime: Aug  4 2022 06:17:15  BuildStamp: freesurfer-linux-ubuntu22_x86_64-7.3.2-20220804-6354275  User: oesteban  Machine: dna085  Platform: Linux  PlatformVersion: 5.14.0-427.37.1.el9_4.x86_64  CompilerName: GCC  CompilerVersion: 8.4.0
ProgramName: mris_topo_fixer  ProgramArguments: mris_topo_fixer -all-info  ProgramVersion: 7.3.2  TimeStamp: 2026/03/12-09:33:12-GMT  BuildTime: Aug  4 2022 06:17:15  BuildStamp: freesurfer-linux-ubuntu22_x86_64-7.3.2-20220804-6354275  User: oesteban  Machine: dna085  Platform: Linux  PlatformVersion: 5.14.0-427.37.1.el9_4.x86_64  CompilerName: GCC  CompilerVersion: 8.4.0
ProgramName: mri_surf2surf  ProgramArguments: mri_surf2surf -all-info  ProgramVersion: 7.3.2  TimeStamp: 2026/03/12-09:33:12-GMT  BuildTime: Aug  4 2022 06:17:15  BuildStamp: freesurfer-linux-ubuntu22_x86_64-7.3.2-20220804-6354275  User: oesteban  Machine: dna085  Platform: Linux  PlatformVersion: 5.14.0-427.37.1.el9_4.x86_64  CompilerName: GCC  CompilerVersion: 8.4.0
ProgramName: mri_surf2vol  ProgramArguments: mri_surf2vol -all-info  ProgramVersion: 7.3.2  TimeStamp: 2026/03/12-09:33:12-GMT  BuildTime: Aug  4 2022 06:17:15  BuildStamp: freesurfer-linux-ubuntu22_x86_64-7.3.2-20220804-6354275  User: oesteban  Machine: dna085  Platform: Linux  PlatformVersion: 5.14.0-427.37.1.el9_4.x86_64  CompilerName: GCC  CompilerVersion: 8.4.0
ProgramName: mri_surfcluster  ProgramArguments: mri_surfcluster -all-info  ProgramVersion: 7.3.2  TimeStamp: 2026/03/12-09:33:12-GMT  BuildTime: Aug  4 2022 06:17:15  BuildStamp: freesurfer-linux-ubuntu22_x86_64-7.3.2-20220804-6354275  User: oesteban  Machine: dna085  Platform: Linux  PlatformVersion: 5.14.0-427.37.1.el9_4.x86_64  CompilerName: GCC  CompilerVersion: 8.4.0
ProgramName: mris_volmask  ProgramArguments: mris_volmask -all-info  ProgramVersion: 7.3.2  TimeStamp: 2026/03/12-09:33:12-GMT  BuildTime: Aug  4 2022 06:17:15  BuildStamp: freesurfer-linux-ubuntu22_x86_64-7.3.2-20220804-6354275  User: oesteban  Machine: dna085  Platform: Linux  PlatformVersion: 5.14.0-427.37.1.el9_4.x86_64  CompilerName: GCC  CompilerVersion: 8.4.0
ProgramName: mri_tessellate  ProgramArguments: mri_tessellate -all-info  ProgramVersion: 7.3.2  TimeStamp: 2026/03/12-09:33:12-GMT  BuildTime: Aug  4 2022 06:17:15  BuildStamp: freesurfer-linux-ubuntu22_x86_64-7.3.2-20220804-6354275  User: oesteban  Machine: dna085  Platform: Linux  PlatformVersion: 5.14.0-427.37.1.el9_4.x86_64  CompilerName: GCC  CompilerVersion: 8.4.0
ProgramName: mri_vol2surf  ProgramArguments: mri_vol2surf -all-info  ProgramVersion: 7.3.2  TimeStamp: 2026/03/12-09:33:12-GMT  BuildTime: Aug  4 2022 06:17:15  BuildStamp: freesurfer-linux-ubuntu22_x86_64-7.3.2-20220804-6354275  User: oesteban  Machine: dna085  Platform: Linux  PlatformVersion: 5.14.0-427.37.1.el9_4.x86_64  CompilerName: GCC  CompilerVersion: 8.4.0
ProgramName: mri_vol2vol  ProgramArguments: mri_vol2vol -all-info  ProgramVersion: 7.3.2  TimeStamp: 2026/03/12-09:33:12-GMT  BuildTime: Aug  4 2022 06:17:15  BuildStamp: freesurfer-linux-ubuntu22_x86_64-7.3.2-20220804-6354275  User: oesteban  Machine: dna085  Platform: Linux  PlatformVersion: 5.14.0-427.37.1.el9_4.x86_64  CompilerName: GCC  CompilerVersion: 8.4.0
ProgramName: mri_voldiff  ProgramArguments: mri_voldiff -all-info  ProgramVersion: 7.3.2  TimeStamp: 2026/03/12-09:33:12-GMT  BuildTime: Aug  4 2022 06:17:15  BuildStamp: freesurfer-linux-ubuntu22_x86_64-7.3.2-20220804-6354275  User: oesteban  Machine: dna085  Platform: Linux  PlatformVersion: 5.14.0-427.37.1.el9_4.x86_64  CompilerName: GCC  CompilerVersion: 8.4.0
ProgramName: mri_watershed  ProgramArguments: mri_watershed -all-info  ProgramVersion: 7.3.2  TimeStamp: 2026/03/12-09:33:12-GMT  BuildTime: Aug  4 2022 06:17:15  BuildStamp: freesurfer-linux-ubuntu22_x86_64-7.3.2-20220804-6354275  User: oesteban  Machine: dna085  Platform: Linux  PlatformVersion: 5.14.0-427.37.1.el9_4.x86_64  CompilerName: GCC  CompilerVersion: 8.4.0
ProgramName: tkregister2  ProgramArguments: tkregister2_cmdl -all-info  ProgramVersion: 7.3.2  TimeStamp: 2026/03/12-09:33:12-GMT  BuildTime: Aug  4 2022 06:17:15  BuildStamp: freesurfer-linux-ubuntu22_x86_64-7.3.2-20220804-6354275  User: oesteban  Machine: dna085  Platform: Linux  PlatformVersion: 5.14.0-427.37.1.el9_4.x86_64  CompilerName: GCC  CompilerVersion: 8.4.0
mri_motion_correct.fsl 7.3.2
mri_convert -all-info 
ProgramName: mri_convert  ProgramArguments: mri_convert -all-info  ProgramVersion: 7.3.2  TimeStamp: 2026/03/12-09:33:12-GMT  BuildTime: Aug  4 2022 06:17:15  BuildStamp: freesurfer-linux-ubuntu22_x86_64-7.3.2-20220804-6354275  User: oesteban  Machine: dna085  Platform: Linux  PlatformVersion: 5.14.0-427.37.1.el9_4.x86_64  CompilerName: GCC  CompilerVersion: 8.4.0
Program nu_correct, built from:
Package MNI N3, version 1.12.0, compiled by nicks@terrier (x86_64-unknown-linux-gnu) on 2015-06-19 at 01:25:34
#######################################
GCADIR /opt/freesurfer/average
GCA RB_all_2020-01-02.gca
GCASkull RB_all_withskull_2020_01_02.gca
AvgCurvTif folding.atlas.acfb40.noaparc.i12.2016-08-02.tif
GCSDIR /opt/freesurfer/average
GCS DKaparc.atlas.acfb40.noaparc.i12.2016-08-02.gcs
#######################################
#--------------------------------------
#@# CA Normalize Thu Mar 12 10:33:12 CET 2026
/out/sourcedata/freesurfer/sub-v1s11x0050155_ses-1/mri

 mri_ca_normalize -c ctrl_pts.mgz -mask brainmask.mgz nu.mgz /opt/freesurfer/average/RB_all_2020-01-02.gca transforms/talairach.lta norm.mgz 

writing control point volume to ctrl_pts.mgz
using MR volume brainmask.mgz to mask input volume...
reading 1 input volume
reading atlas from '/opt/freesurfer/average/RB_all_2020-01-02.gca'...
reading transform from 'transforms/talairach.lta'...
reading input volume from nu.mgz...
resetting wm mean[0]: 98 --> 107
resetting gm mean[0]: 61 --> 61
input volume #1 is the most T1-like
using real data threshold=19.9
skull bounding box = (56, 61, 33) --> (201, 203, 210)
finding center of left hemi white matter
using (104, 108, 122) as brain centroid of Right_Cerebral_White_Matter...
mean wm in atlas = 107, using box (86,91,100) --> (121, 125,143) to find MRI wm
before smoothing, mri peak at 106
robust fit to distribution - 106 +- 4.3
after smoothing, mri peak at 106, scaling input intensities by 1.009
scaling channel 0 by 1.00943
using 246437 sample points...
INFO: compute sample coordinates transform
 0.99419  -0.07691  -0.03149   12.04532;
 0.08423   1.00881   0.23228  -46.24337;
 0.01475  -0.22609   0.95528   24.26115;
 0.00000   0.00000   0.00000   1.00000;
INFO: transform used
finding control points in Left_Cerebral_White_Matter....
found 40230 control points for structure...
bounding box (127, 62, 35) --> (196, 174, 203)
Left_Cerebral_White_Matter: limiting intensities to 96.0 --> 132.0
1 of 7471 (0.0%) samples deleted
finding control points in Right_Cerebral_White_Matter....
found 39478 control points for structure...
bounding box (62, 64, 35) --> (130, 176, 205)
Right_Cerebral_White_Matter: limiting intensities to 95.0 --> 132.0
6 of 7432 (0.1%) samples deleted
finding control points in Left_Cerebellum_White_Matter....
found 3105 control points for structure...
bounding box (131, 148, 64) --> (182, 191, 119)
Left_Cerebellum_White_Matter: limiting intensities to 95.0 --> 132.0
0 of 353 (0.0%) samples deleted
finding control points in Right_Cerebellum_White_Matter....
found 2710 control points for structure...
bounding box (88, 148, 63) --> (131, 194, 121)
Right_Cerebellum_White_Matter: limiting intensities to 103.0 --> 132.0
55 of 368 (14.9%) samples deleted
finding control points in Brain_Stem....
found 3475 control points for structure...
bounding box (114, 138, 102) --> (150, 205, 132)
Brain_Stem: limiting intensities to 103.0 --> 132.0
164 of 722 (22.7%) samples deleted
using 16346 total control points for intensity normalization...
bias field = 0.957 +- 0.067
102 of 16120 control points discarded
finding control points in Left_Cerebral_White_Matter....
found 40230 control points for structure...
bounding box (127, 62, 35) --> (196, 174, 203)
Left_Cerebral_White_Matter: limiting intensities to 89.0 --> 120.0
2 of 7658 (0.0%) samples deleted
finding control points in Right_Cerebral_White_Matter....
found 39478 control points for structure...
bounding box (62, 64, 35) --> (130, 176, 205)
Right_Cerebral_White_Matter: limiting intensities to 88.0 --> 120.0
9 of 7630 (0.1%) samples deleted
finding control points in Left_Cerebellum_White_Matter....
found 3105 control points for structure...
bounding box (131, 148, 64) --> (182, 191, 119)
Left_Cerebellum_White_Matter: limiting intensities to 88.0 --> 120.0
18 of 434 (4.1%) samples deleted
finding control points in Right_Cerebellum_White_Matter....
found 2710 control points for structure...
bounding box (88, 148, 63) --> (131, 194, 121)
Right_Cerebellum_White_Matter: limiting intensities to 88.0 --> 120.0
94 of 420 (22.4%) samples deleted
finding control points in Brain_Stem....
found 3475 control points for structure...
bounding box (114, 138, 102) --> (150, 205, 132)
Brain_Stem: limiting intensities to 88.0 --> 120.0
188 of 882 (21.3%) samples deleted
using 17024 total control points for intensity normalization...
bias field = 1.029 +- 0.056
68 of 16614 control points discarded
finding control points in Left_Cerebral_White_Matter....
found 40230 control points for structure...
bounding box (127, 62, 35) --> (196, 174, 203)
Left_Cerebral_White_Matter: limiting intensities to 89.0 --> 121.0
3 of 7694 (0.0%) samples deleted
finding control points in Right_Cerebral_White_Matter....
found 39478 control points for structure...
bounding box (62, 64, 35) --> (130, 176, 205)
Right_Cerebral_White_Matter: limiting intensities to 88.0 --> 121.0
13 of 7602 (0.2%) samples deleted
finding control points in Left_Cerebellum_White_Matter....
found 3105 control points for structure...
bounding box (131, 148, 64) --> (182, 191, 119)
Left_Cerebellum_White_Matter: limiting intensities to 88.0 --> 121.0
101 of 439 (23.0%) samples deleted
finding control points in Right_Cerebellum_White_Matter....
found 2710 control points for structure...
bounding box (88, 148, 63) --> (131, 194, 121)
Right_Cerebellum_White_Matter: limiting intensities to 88.0 --> 121.0
319 of 447 (71.4%) samples deleted
finding control points in Brain_Stem....
found 3475 control points for structure...
bounding box (114, 138, 102) --> (150, 205, 132)
Brain_Stem: limiting intensities to 88.0 --> 121.0
448 of 940 (47.7%) samples deleted
using 17122 total control points for intensity normalization...
bias field = 1.027 +- 0.045
29 of 16116 control points discarded
writing normalized volume to norm.mgz...
writing control points to ctrl_pts.mgz
freeing GCA...done.
normalization took 0 minutes and 42 seconds.
#--------------------------------------
#@# CA Reg Thu Mar 12 10:33:54 CET 2026
/out/sourcedata/freesurfer/sub-v1s11x0050155_ses-1/mri

 mri_ca_register -nobigventricles -T transforms/talairach.lta -align-after -mask brainmask.mgz norm.mgz /opt/freesurfer/average/RB_all_2020-01-02.gca transforms/talairach.m3z 

not handling expanded ventricles...
using previously computed transform transforms/talairach.lta
renormalizing sequences with structure alignment, equivalent to:
	-renormalize
	-regularize_mean 0.500
	-regularize 0.500
using MR volume brainmask.mgz to mask input volume...

== Number of threads available to mri_ca_register for OpenMP = 16 == 
reading 1 input volumes...
logging results to talairach.log
reading input volume 'norm.mgz'...
reading GCA '/opt/freesurfer/average/RB_all_2020-01-02.gca'...
label assignment complete, 0 changed (0.00%)
freeing gibbs priors...done.
average std[0] = 5.0
Starting GCAMregister()
label assignment complete, 0 changed (0.00%)
npasses = 1, nlevels = 6
#pass# 1 of 1 ************************
enabling zero nodes
setting smoothness cost coefficient to 0.156

#GCAMreg# pass 0 level1 5 level2 0 tsec 0 sigma 2
l_jacobian=1.00 l_label=1.00 l_log_likelihood=0.20 l_smoothness=0.16 
tol=2.50e-01, dt=5.00e-02, exp_k=20.0, momentum=0.90, levels=6, niter=500, lbl_dist=10.00, avgs=256, sigma=2.0,type=2, relabel=0, neg=no

blurring input image with Gaussian with sigma=2.000...
GCAMRegisterLevel(): init RMS 0.775208
#FOTS# QuadFit found better minimum quadopt=(dt=256.111,rms=0.711651) vs oldopt=(dt=92.48,rms=0.734286)
#GCMRL#    0 dt 256.110727 rms  0.712  8.199% neg 0  invalid 762 tFOTS 6.1000 tGradient 2.0620 tsec 8.5960
#FOTS# QuadFit found better minimum quadopt=(dt=131.119,rms=0.695091) vs oldopt=(dt=92.48,rms=0.696722)
#GCMRL#    1 dt 131.118908 rms  0.695  2.327% neg 0  invalid 762 tFOTS 5.8150 tGradient 1.9500 tsec 8.2110
#FOTS# QuadFit found better minimum quadopt=(dt=443.904,rms=0.684942) vs oldopt=(dt=369.92,rms=0.685409)
#GCMRL#    2 dt 443.904000 rms  0.685  1.460% neg 0  invalid 762 tFOTS 5.5980 tGradient 1.7560 tsec 7.7950
#FOTS# QuadFit found better minimum quadopt=(dt=129.472,rms=0.682023) vs oldopt=(dt=92.48,rms=0.682334)
#GCMRL#    3 dt 129.472000 rms  0.682  0.426% neg 0  invalid 762 tFOTS 5.6770 tGradient 1.7140 tsec 7.8360
#FOTS# QuadFit found better minimum quadopt=(dt=517.888,rms=0.678984) vs oldopt=(dt=369.92,rms=0.679239)
#GCMRL#    4 dt 517.888000 rms  0.679  0.446% neg 0  invalid 762 tFOTS 5.7710 tGradient 1.7730 tsec 8.0310
#FOTS# QuadFit found better minimum quadopt=(dt=110.976,rms=0.677434) vs oldopt=(dt=92.48,rms=0.677481)
#GCMRL#    5 dt 110.976000 rms  0.677  0.000% neg 0  invalid 762 tFOTS 6.4180 tGradient 1.7830 tsec 8.7480
#GCMRL#    6 dt 110.976000 rms  0.677  0.107% neg 0  invalid 762 tFOTS 0.0000 tGradient 2.0690 tsec 2.4900
#GCMRL#    7 dt 110.976000 rms  0.676  0.173% neg 0  invalid 762 tFOTS 0.0000 tGradient 1.8780 tsec 2.3290
#GCMRL#    8 dt 110.976000 rms  0.674  0.210% neg 0  invalid 762 tFOTS 0.0000 tGradient 2.0620 tsec 2.5060
#GCMRL#    9 dt 110.976000 rms  0.673  0.230% neg 0  invalid 762 tFOTS 0.0000 tGradient 1.9920 tsec 2.4370
#GCMRL#   10 dt 110.976000 rms  0.671  0.235% neg 0  invalid 762 tFOTS 0.0000 tGradient 2.0600 tsec 2.5370
#GCMRL#   11 dt 110.976000 rms  0.669  0.229% neg 0  invalid 762 tFOTS 0.0000 tGradient 1.9250 tsec 2.3750
#GCMRL#   12 dt 110.976000 rms  0.668  0.214% neg 0  invalid 762 tFOTS 0.0000 tGradient 1.9940 tsec 2.4450
#GCMRL#   13 dt 110.976000 rms  0.667  0.200% neg 0  invalid 762 tFOTS 0.0000 tGradient 1.9670 tsec 2.4130
#GCMRL#   14 dt 110.976000 rms  0.665  0.186% neg 0  invalid 762 tFOTS 0.0000 tGradient 1.9200 tsec 2.3680
#GCMRL#   15 dt 110.976000 rms  0.664  0.182% neg 0  invalid 762 tFOTS 0.0000 tGradient 2.0060 tsec 2.4400
#GCMRL#   16 dt 110.976000 rms  0.663  0.188% neg 0  invalid 762 tFOTS 0.0000 tGradient 2.1930 tsec 2.6560
#GCMRL#   17 dt 110.976000 rms  0.662  0.185% neg 0  invalid 762 tFOTS 0.0000 tGradient 1.9630 tsec 2.3570
#GCMRL#   18 dt 110.976000 rms  0.661  0.159% neg 0  invalid 762 tFOTS 0.0000 tGradient 1.8040 tsec 2.1800
#GCMRL#   19 dt 110.976000 rms  0.660  0.136% neg 0  invalid 762 tFOTS 0.0000 tGradient 2.1040 tsec 2.4580
#GCMRL#   20 dt 110.976000 rms  0.659  0.113% neg 0  invalid 762 tFOTS 0.0000 tGradient 1.8850 tsec 2.2710
#GCMRL#   21 dt 110.976000 rms  0.658  0.113% neg 0  invalid 762 tFOTS 0.0000 tGradient 1.8680 tsec 2.2620
#GCMRL#   22 dt 110.976000 rms  0.658  0.114% neg 0  invalid 762 tFOTS 0.0000 tGradient 1.8880 tsec 2.2860
#GCMRL#   23 dt 110.976000 rms  0.657  0.108% neg 0  invalid 762 tFOTS 0.0000 tGradient 1.8920 tsec 2.3120
#FOTS# QuadFit found better minimum quadopt=(dt=295.936,rms=0.656829) vs oldopt=(dt=369.92,rms=0.656831)
#GCMRL#   24 dt 295.936000 rms  0.657  0.000% neg 0  invalid 762 tFOTS 6.3290 tGradient 1.9210 tsec 8.7140
#GCMRL#   25 dt 295.936000 rms  0.657  0.048% neg 0  invalid 762 tFOTS 0.0000 tGradient 2.0350 tsec 2.4890
#GCMRL#   26 dt 295.936000 rms  0.657  0.000% neg 0  invalid 762 tFOTS 0.0000 tGradient 2.1100 tsec 2.5060
#GCMRL#   27 dt 295.936000 rms  0.656  0.014% neg 0  invalid 762 tFOTS 0.0000 tGradient 1.8570 tsec 2.2490
#GCMRL#   28 dt 295.936000 rms  0.656  0.066% neg 0  invalid 762 tFOTS 0.0000 tGradient 1.8130 tsec 2.2030

#GCAMreg# pass 0 level1 5 level2 1 tsec 114.786 sigma 0.5
l_jacobian=1.00 l_label=1.00 l_log_likelihood=0.20 l_smoothness=0.16 
tol=2.50e-01, dt=5.00e-02, exp_k=20.0, momentum=0.90, levels=6, niter=500, lbl_dist=10.00, avgs=256, sigma=0.5,type=2, relabel=0, neg=no

blurring input image with Gaussian with sigma=0.500...
GCAMRegisterLevel(): init RMS 0.65627
#GCMRL#   30 dt 369.920000 rms  0.654  0.343% neg 0  invalid 762 tFOTS 5.9820 tGradient 1.9360 tsec 8.3650
#FOTS# QuadFit found better minimum quadopt=(dt=32.368,rms=0.654013) vs oldopt=(dt=23.12,rms=0.654022)
#GCMRL#   31 dt  32.368000 rms  0.654  0.000% neg 0  invalid 762 tFOTS 7.2000 tGradient 1.8980 tsec 9.5770
#GCMRL#   32 dt  32.368000 rms  0.654  0.004% neg 0  invalid 762 tFOTS 0.0000 tGradient 1.7890 tsec 2.1830
setting smoothness cost coefficient to 0.615

#GCAMreg# pass 0 level1 4 level2 0 tsec 0 sigma 2
l_jacobian=1.00 l_label=1.00 l_log_likelihood=0.20 l_smoothness=0.62 
tol=2.50e-01, dt=5.00e-02, exp_k=20.0, momentum=0.90, levels=6, niter=500, lbl_dist=10.00, avgs=64, sigma=2.0,type=2, relabel=0, neg=no

blurring input image with Gaussian with sigma=2.000...
GCAMRegisterLevel(): init RMS 0.663851
#FOTS# QuadFit found better minimum quadopt=(dt=36.288,rms=0.661873) vs oldopt=(dt=25.92,rms=0.662137)
#GCMRL#   34 dt  36.288000 rms  0.662  0.298% neg 0  invalid 762 tFOTS 6.4200 tGradient 1.9570 tsec 8.8360
#FOTS# QuadFit found better minimum quadopt=(dt=87.1619,rms=0.660228) vs oldopt=(dt=103.68,rms=0.660282)
#GCMRL#   35 dt  87.161905 rms  0.660  0.000% neg 0  invalid 762 tFOTS 6.2220 tGradient 2.0870 tsec 8.7740
#GCMRL#   36 dt  87.161905 rms  0.656  0.568% neg 0  invalid 762 tFOTS 0.0000 tGradient 1.7040 tsec 2.0840
#GCMRL#   37 dt  87.161905 rms  0.652  0.741% neg 0  invalid 762 tFOTS 0.0000 tGradient 1.6990 tsec 2.0610
#GCMRL#   38 dt  87.161905 rms  0.647  0.649% neg 0  invalid 762 tFOTS 0.0000 tGradient 1.5900 tsec 1.9480
#GCMRL#   39 dt  87.161905 rms  0.644  0.567% neg 0  invalid 762 tFOTS 0.0000 tGradient 1.6510 tsec 2.0190
#GCMRL#   40 dt  87.161905 rms  0.640  0.614% neg 0  invalid 762 tFOTS 0.0000 tGradient 1.4930 tsec 1.8310
#GCMRL#   41 dt  87.161905 rms  0.636  0.611% neg 0  invalid 762 tFOTS 0.0000 tGradient 1.5750 tsec 1.9250
#GCMRL#   42 dt  87.161905 rms  0.633  0.385% neg 0  invalid 762 tFOTS 0.0000 tGradient 1.6180 tsec 1.9880
#GCMRL#   43 dt  87.161905 rms  0.633  0.073% neg 0  invalid 762 tFOTS 0.0000 tGradient 1.6680 tsec 2.0750
#GCMRL#   44 dt  87.161905 rms  0.633 -0.092% neg 0  invalid 762 tFOTS 0.0000 tGradient 1.6610 tsec 2.4260

#GCAMreg# pass 0 level1 4 level2 1 tsec 46.198 sigma 0.5
l_jacobian=1.00 l_label=1.00 l_log_likelihood=0.20 l_smoothness=0.62 
tol=2.50e-01, dt=5.00e-02, exp_k=20.0, momentum=0.90, levels=6, niter=500, lbl_dist=10.00, avgs=64, sigma=0.5,type=2, relabel=0, neg=no

blurring input image with Gaussian with sigma=0.500...
GCAMRegisterLevel(): init RMS 0.633478
#FOTS# QuadFit found better minimum quadopt=(dt=36.288,rms=0.632657) vs oldopt=(dt=25.92,rms=0.632697)
#GCMRL#   46 dt  36.288000 rms  0.633  0.130% neg 0  invalid 762 tFOTS 5.7160 tGradient 1.6650 tsec 7.7840
#FOTS# QuadFit found better minimum quadopt=(dt=0.00189844,rms=0.63266) vs oldopt=(dt=0.00158203,rms=0.63266)
setting smoothness cost coefficient to 2.353

#GCAMreg# pass 0 level1 3 level2 0 tsec 0 sigma 2
l_jacobian=1.00 l_label=1.00 l_log_likelihood=0.20 l_smoothness=2.35 
tol=2.50e-01, dt=5.00e-02, exp_k=20.0, momentum=0.90, levels=6, niter=500, lbl_dist=10.00, avgs=16, sigma=2.0,type=2, relabel=0, neg=no

blurring input image with Gaussian with sigma=2.000...
GCAMRegisterLevel(): init RMS 0.663445
#FOTS# QuadFit found better minimum quadopt=(dt=2.8,rms=0.662009) vs oldopt=(dt=2,rms=0.662142)
#GCMRL#   48 dt   2.800000 rms  0.662  0.216% neg 0  invalid 762 tFOTS 5.0750 tGradient 1.4260 tsec 6.9050
#FOTS# QuadFit found better minimum quadopt=(dt=0.7,rms=0.661955) vs oldopt=(dt=0.5,rms=0.661966)
#GCMRL#   49 dt   0.700000 rms  0.662  0.000% neg 0  invalid 762 tFOTS 5.0340 tGradient 1.4670 tsec 6.9500
#GCMRL#   50 dt   0.700000 rms  0.662  0.001% neg 0  invalid 762 tFOTS 0.0000 tGradient 1.4130 tsec 1.7770

#GCAMreg# pass 0 level1 3 level2 1 tsec 19.857 sigma 0.5
l_jacobian=1.00 l_label=1.00 l_log_likelihood=0.20 l_smoothness=2.35 
tol=2.50e-01, dt=5.00e-02, exp_k=20.0, momentum=0.90, levels=6, niter=500, lbl_dist=10.00, avgs=16, sigma=0.5,type=2, relabel=0, neg=no

blurring input image with Gaussian with sigma=0.500...
GCAMRegisterLevel(): init RMS 0.662467
#FOTS# QuadFit found better minimum quadopt=(dt=0.175,rms=0.661946) vs oldopt=(dt=0.125,rms=0.661946)
#GCMRL#   52 dt   0.175000 rms  0.662  0.079% neg 0  invalid 762 tFOTS 5.1290 tGradient 1.4410 tsec 6.9780
#FOTS# QuadFit found better minimum quadopt=(dt=0.04375,rms=0.661949) vs oldopt=(dt=0.03125,rms=0.661949)
setting smoothness cost coefficient to 8.000

#GCAMreg# pass 0 level1 2 level2 0 tsec 0 sigma 2
l_jacobian=1.00 l_label=1.00 l_log_likelihood=0.20 l_smoothness=8.00 
tol=2.50e-01, dt=5.00e-02, exp_k=20.0, momentum=0.90, levels=6, niter=500, lbl_dist=10.00, avgs=4, sigma=2.0,type=2, relabel=0, neg=no

blurring input image with Gaussian with sigma=2.000...
GCAMRegisterLevel(): init RMS 0.732781
#FOTS# QuadFit found better minimum quadopt=(dt=2.61617,rms=0.706713) vs oldopt=(dt=2.88,rms=0.706985)
#GCMRL#   54 dt   2.616172 rms  0.707  3.558% neg 0  invalid 762 tFOTS 5.1250 tGradient 1.7850 tsec 7.3480
#FOTS# QuadFit found better minimum quadopt=(dt=1.98063,rms=0.703527) vs oldopt=(dt=2.88,rms=0.704178)
#GCMRL#   55 dt   1.980630 rms  0.704  0.451% neg 0  invalid 762 tFOTS 5.8620 tGradient 1.6240 tsec 7.9240
#FOTS# QuadFit found better minimum quadopt=(dt=1.45455,rms=0.702863) vs oldopt=(dt=0.72,rms=0.703046)
#GCMRL#   56 dt   1.454545 rms  0.703  0.000% neg 0  invalid 762 tFOTS 5.9080 tGradient 1.5900 tsec 7.9570

#GCAMreg# pass 0 level1 2 level2 1 tsec 27.567 sigma 0.5
l_jacobian=1.00 l_label=1.00 l_log_likelihood=0.20 l_smoothness=8.00 
tol=2.50e-01, dt=5.00e-02, exp_k=20.0, momentum=0.90, levels=6, niter=500, lbl_dist=10.00, avgs=4, sigma=0.5,type=2, relabel=0, neg=no

blurring input image with Gaussian with sigma=0.500...
GCAMRegisterLevel(): init RMS 0.703395
#FOTS# QuadFit found better minimum quadopt=(dt=0.000246094,rms=0.702857) vs oldopt=(dt=0.000175781,rms=0.702857)
#GCMRL#   58 dt   0.000246 rms  0.703  0.076% neg 0  invalid 762 tFOTS 7.6650 tGradient 1.6910 tsec 9.7810
setting smoothness cost coefficient to 20.000

#GCAMreg# pass 0 level1 1 level2 0 tsec 0 sigma 2
l_jacobian=1.00 l_label=1.00 l_log_likelihood=0.20 l_smoothness=20.00 
tol=2.50e-01, dt=5.00e-02, exp_k=20.0, momentum=0.90, levels=6, niter=500, lbl_dist=10.00, avgs=1, sigma=2.0,type=2, relabel=0, neg=no

blurring input image with Gaussian with sigma=2.000...
GCAMRegisterLevel(): init RMS 0.746772
#GCMRL#   60 dt   0.320000 rms  0.745  0.189% neg 0  invalid 762 tFOTS 4.9360 tGradient 1.3660 tsec 6.7080
#FOTS# QuadFit found better minimum quadopt=(dt=1.08511,rms=0.73986) vs oldopt=(dt=1.28,rms=0.739925)
#GCMRL#   61 dt   1.085106 rms  0.740  0.738% neg 0  invalid 762 tFOTS 4.9670 tGradient 1.4130 tsec 6.7900
#FOTS# QuadFit found better minimum quadopt=(dt=0.112,rms=0.73903) vs oldopt=(dt=0.08,rms=0.739195)
#GCMRL#   62 dt   0.112000 rms  0.739  0.000% neg 0  invalid 762 tFOTS 4.9290 tGradient 1.4180 tsec 6.7940
#GCMRL#   63 dt   0.112000 rms  0.739  0.050% neg 0  invalid 762 tFOTS 0.0000 tGradient 1.4730 tsec 1.8670
#GCMRL#   64 dt   0.112000 rms  0.738  0.041% neg 0  invalid 762 tFOTS 0.0000 tGradient 1.4520 tsec 1.8440
#GCMRL#   65 dt   0.112000 rms  0.738  0.069% neg 0  invalid 762 tFOTS 0.0000 tGradient 1.4450 tsec 1.8380
#GCMRL#   66 dt   0.112000 rms  0.737  0.177% neg 0  invalid 762 tFOTS 0.0000 tGradient 1.4360 tsec 1.8360
#GCMRL#   67 dt   0.112000 rms  0.735  0.244% neg 0  invalid 762 tFOTS 0.0000 tGradient 1.4770 tsec 1.9870
#GCMRL#   68 dt   0.112000 rms  0.733  0.200% neg 0  invalid 762 tFOTS 0.0000 tGradient 1.4730 tsec 1.9530
#GCMRL#   69 dt   0.112000 rms  0.732  0.113% neg 0  invalid 762 tFOTS 0.0000 tGradient 1.6330 tsec 2.0870
#GCMRL#   70 dt   0.112000 rms  0.732  0.039% neg 0  invalid 762 tFOTS 0.0000 tGradient 1.6700 tsec 2.1520

#GCAMreg# pass 0 level1 1 level2 1 tsec 46.208 sigma 0.5
l_jacobian=1.00 l_label=1.00 l_log_likelihood=0.20 l_smoothness=20.00 
tol=2.50e-01, dt=5.00e-02, exp_k=20.0, momentum=0.90, levels=6, niter=500, lbl_dist=10.00, avgs=1, sigma=0.5,type=2, relabel=0, neg=no

blurring input image with Gaussian with sigma=0.500...
GCAMRegisterLevel(): init RMS 0.732711
#FOTS# QuadFit found better minimum quadopt=(dt=0.048,rms=0.732137) vs oldopt=(dt=0.08,rms=0.73214)
#GCMRL#   72 dt   0.048000 rms  0.732  0.078% neg 0  invalid 762 tFOTS 6.0300 tGradient 1.6740 tsec 8.1500
#FOTS# QuadFit found better minimum quadopt=(dt=0.028,rms=0.73213) vs oldopt=(dt=0.02,rms=0.732131)
#GCMRL#   73 dt   0.028000 rms  0.732  0.000% neg 0  invalid 762 tFOTS 5.8030 tGradient 1.6640 tsec 7.9350
#GCMRL#   74 dt   0.028000 rms  0.732  0.001% neg 0  invalid 762 tFOTS 0.0000 tGradient 1.6690 tsec 2.1180
#GCMRL#   75 dt   0.028000 rms  0.732  0.001% neg 0  invalid 762 tFOTS 0.0000 tGradient 1.6610 tsec 2.1120
resetting metric properties...
setting smoothness cost coefficient to 40.000

#GCAMreg# pass 0 level1 0 level2 0 tsec 0 sigma 2
l_jacobian=1.00 l_label=1.00 l_log_likelihood=0.20 l_smoothness=40.00 
tol=2.50e-01, dt=5.00e-02, exp_k=20.0, momentum=0.90, levels=6, niter=500, lbl_dist=10.00, avgs=0, sigma=2.0,type=2, relabel=0, neg=no

blurring input image with Gaussian with sigma=2.000...
GCAMRegisterLevel(): init RMS 0.702271
#FOTS# QuadFit found better minimum quadopt=(dt=0.144676,rms=0.698411) vs oldopt=(dt=0.08,rms=0.699409)
#GCMRL#   77 dt   0.144676 rms  0.698  0.550% neg 0  invalid 762 tFOTS 5.7430 tGradient 1.1090 tsec 7.2960
#FOTS# QuadFit found better minimum quadopt=(dt=0.004,rms=0.6984) vs oldopt=(dt=0.005,rms=0.6984)
#GCMRL#   78 dt   0.004000 rms  0.698  0.000% neg 0  invalid 762 tFOTS 5.8770 tGradient 1.0940 tsec 7.4460

#GCAMreg# pass 0 level1 0 level2 1 tsec 18.746 sigma 0.5
l_jacobian=1.00 l_label=1.00 l_log_likelihood=0.20 l_smoothness=40.00 
tol=2.50e-01, dt=5.00e-02, exp_k=20.0, momentum=0.90, levels=6, niter=500, lbl_dist=10.00, avgs=0, sigma=0.5,type=2, relabel=0, neg=no

blurring input image with Gaussian with sigma=0.500...
GCAMRegisterLevel(): init RMS 0.698978
#GCMRL#   80 dt   0.005000 rms  0.698  0.084% neg 0  invalid 762 tFOTS 5.8990 tGradient 1.0890 tsec 7.4340
#FOTS# QuadFit found better minimum quadopt=(dt=0.00025,rms=0.698389) vs oldopt=(dt=0.0003125,rms=0.698389)
GCAMregister done in 6.51488 min
Starting GCAmapRenormalizeWithAlignment() without scales
renormalizing by structure alignment....
renormalizing input #0
gca peak = 0.10253 (16)
mri peak = 0.23367 (20)
Left_Lateral_Ventricle (4): linear fit = 1.16 x + 0.0 (2503 voxels, overlap=0.514)
Left_Lateral_Ventricle (4): linear fit = 1.16 x + 0.0 (2503 voxels, peak = 19), gca=18.6
gca peak = 0.17690 (16)
mri peak = 0.20266 (20)
Right_Lateral_Ventricle (43): linear fit = 1.27 x + 0.0 (1655 voxels, overlap=0.442)
Right_Lateral_Ventricle (43): linear fit = 1.27 x + 0.0 (1655 voxels, peak = 20), gca=20.4
gca peak = 0.28275 (96)
mri peak = 0.10909 (95)
Right_Pallidum (52): linear fit = 0.98 x + 0.0 (1185 voxels, overlap=1.003)
Right_Pallidum (52): linear fit = 0.98 x + 0.0 (1185 voxels, peak = 94), gca=93.6
gca peak = 0.18948 (93)
mri peak = 0.13327 (96)
Left_Pallidum (13): linear fit = 1.01 x + 0.0 (1059 voxels, overlap=1.009)
Left_Pallidum (13): linear fit = 1.01 x + 0.0 (1059 voxels, peak = 94), gca=94.4
gca peak = 0.20755 (55)
mri peak = 0.05263 (64)
Right_Hippocampus (53): linear fit = 1.12 x + 0.0 (1321 voxels, overlap=0.145)
Right_Hippocampus (53): linear fit = 1.12 x + 0.0 (1321 voxels, peak = 61), gca=61.3
gca peak = 0.31831 (58)
mri peak = 0.16764 (64)
Left_Hippocampus (17): linear fit = 1.10 x + 0.0 (1273 voxels, overlap=0.623)
Left_Hippocampus (17): linear fit = 1.10 x + 0.0 (1273 voxels, peak = 64), gca=63.5
gca peak = 0.11957 (102)
mri peak = 0.08832 (104)
Right_Cerebral_White_Matter (41): linear fit = 1.03 x + 0.0 (78286 voxels, overlap=0.711)
Right_Cerebral_White_Matter (41): linear fit = 1.03 x + 0.0 (78286 voxels, peak = 106), gca=105.6
gca peak = 0.11429 (102)
mri peak = 0.10717 (106)
Left_Cerebral_White_Matter (2): linear fit = 1.04 x + 0.0 (82622 voxels, overlap=0.663)
Left_Cerebral_White_Matter (2): linear fit = 1.04 x + 0.0 (82622 voxels, peak = 107), gca=106.6
gca peak = 0.14521 (59)
mri peak = 0.04072 (63)
Left_Cerebral_Cortex (3): linear fit = 1.10 x + 0.0 (44674 voxels, overlap=0.762)
Left_Cerebral_Cortex (3): linear fit = 1.10 x + 0.0 (44674 voxels, peak = 65), gca=64.6
gca peak = 0.14336 (58)
mri peak = 0.04062 (68)
Right_Cerebral_Cortex (42): linear fit = 1.15 x + 0.0 (44864 voxels, overlap=0.420)
Right_Cerebral_Cortex (42): linear fit = 1.15 x + 0.0 (44864 voxels, peak = 67), gca=67.0
gca peak = 0.13305 (70)
mri peak = 0.09566 (70)
Right_Caudate (50): linear fit = 1.09 x + 0.0 (1129 voxels, overlap=0.651)
Right_Caudate (50): linear fit = 1.09 x + 0.0 (1129 voxels, peak = 76), gca=76.0
gca peak = 0.15761 (71)
mri peak = 0.10962 (72)
Left_Caudate (11): linear fit = 1.03 x + 0.0 (1304 voxels, overlap=0.914)
Left_Caudate (11): linear fit = 1.03 x + 0.0 (1304 voxels, peak = 73), gca=73.5
gca peak = 0.13537 (57)
mri peak = 0.06407 (63)
Left_Cerebellum_Cortex (8): linear fit = 1.12 x + 0.0 (30591 voxels, overlap=0.567)
Left_Cerebellum_Cortex (8): linear fit = 1.12 x + 0.0 (30591 voxels, peak = 64), gca=63.6
gca peak = 0.13487 (56)
mri peak = 0.06673 (63)
Right_Cerebellum_Cortex (47): linear fit = 1.13 x + 0.0 (33240 voxels, overlap=0.344)
Right_Cerebellum_Cortex (47): linear fit = 1.13 x + 0.0 (33240 voxels, peak = 64), gca=63.6
gca peak = 0.19040 (84)
mri peak = 0.07775 (88)
Left_Cerebellum_White_Matter (7): linear fit = 1.07 x + 0.0 (12110 voxels, overlap=0.542)
Left_Cerebellum_White_Matter (7): linear fit = 1.07 x + 0.0 (12110 voxels, peak = 89), gca=89.5
gca peak = 0.18871 (83)
mri peak = 0.08804 (86)
Right_Cerebellum_White_Matter (46): linear fit = 1.02 x + 0.0 (10713 voxels, overlap=0.769)
Right_Cerebellum_White_Matter (46): linear fit = 1.02 x + 0.0 (10713 voxels, peak = 85), gca=85.1
gca peak = 0.24248 (57)
mri peak = 0.12400 (68)
Left_Amygdala (18): linear fit = 1.18 x + 0.0 (500 voxels, overlap=0.048)
Left_Amygdala (18): linear fit = 1.18 x + 0.0 (500 voxels, peak = 68), gca=67.5
gca peak = 0.35833 (56)
mri peak = 0.12914 (67)
Right_Amygdala (54): linear fit = 1.13 x + 0.0 (630 voxels, overlap=0.210)
Right_Amygdala (54): linear fit = 1.13 x + 0.0 (630 voxels, peak = 64), gca=63.6
gca peak = 0.12897 (85)
mri peak = 0.08347 (92)
Left_Thalamus (10): linear fit = 1.07 x + 0.0 (6821 voxels, overlap=0.830)
Left_Thalamus (10): linear fit = 1.07 x + 0.0 (6821 voxels, peak = 91), gca=90.5
gca peak = 0.13127 (83)
mri peak = 0.08030 (92)
Right_Thalamus (49): linear fit = 1.07 x + 0.0 (5658 voxels, overlap=0.816)
Right_Thalamus (49): linear fit = 1.07 x + 0.0 (5658 voxels, peak = 88), gca=88.4
gca peak = 0.12974 (78)
mri peak = 0.10942 (84)
Left_Putamen (12): linear fit = 1.05 x + 0.0 (3016 voxels, overlap=0.870)
Left_Putamen (12): linear fit = 1.05 x + 0.0 (3016 voxels, peak = 82), gca=82.3
gca peak = 0.17796 (79)
mri peak = 0.11512 (82)
Right_Putamen (51): linear fit = 1.05 x + 0.0 (2989 voxels, overlap=0.841)
Right_Putamen (51): linear fit = 1.05 x + 0.0 (2989 voxels, peak = 83), gca=83.3
gca peak = 0.10999 (80)
mri peak = 0.10312 (88)
Brain_Stem (16): linear fit = 1.10 x + 0.0 (13902 voxels, overlap=0.415)
Brain_Stem (16): linear fit = 1.10 x + 0.0 (13902 voxels, peak = 88), gca=87.6
gca peak = 0.13215 (88)
mri peak = 0.09319 (88)
Right_VentralDC (60): linear fit = 1.09 x + 0.0 (1649 voxels, overlap=0.632)
Right_VentralDC (60): linear fit = 1.09 x + 0.0 (1649 voxels, peak = 95), gca=95.5
gca peak = 0.11941 (89)
mri peak = 0.08758 (93)
Left_VentralDC (28): linear fit = 1.09 x + 0.0 (1944 voxels, overlap=0.617)
Left_VentralDC (28): linear fit = 1.09 x + 0.0 (1944 voxels, peak = 97), gca=96.6
gca peak = 0.20775 (25)
mri peak = 0.05732 (29)
gca peak = 0.13297 (21)
mri peak = 0.12258 (23)
Fourth_Ventricle (15): linear fit = 1.30 x + 0.0 (464 voxels, overlap=0.448)
Fourth_Ventricle (15): linear fit = 1.30 x + 0.0 (464 voxels, peak = 27), gca=27.4
gca peak Unknown = 0.94777 ( 0)
gca peak Left_Inf_Lat_Vent = 0.19087 (28)
gca peak Third_Ventricle = 0.20775 (25)
gca peak CSF = 0.16821 (33)
gca peak Left_Accumbens_area = 0.32850 (63)
gca peak Left_undetermined = 0.98480 (28)
gca peak Left_vessel = 0.40887 (53)
gca peak Left_choroid_plexus = 0.10898 (46)
gca peak Right_Inf_Lat_Vent = 0.17798 (26)
gca peak Right_Accumbens_area = 0.30137 (64)
gca peak Right_vessel = 0.47828 (52)
gca peak Right_choroid_plexus = 0.11612 (45)
gca peak Fifth_Ventricle = 0.59466 (35)
gca peak WM_hypointensities = 0.10053 (78)
gca peak non_WM_hypointensities = 0.07253 (60)
gca peak Optic_Chiasm = 0.25330 (73)
not using caudate to estimate GM means
estimating mean gm scale to be 1.13 x + 0.0
estimating mean wm scale to be 1.04 x + 0.0
estimating mean csf scale to be 1.25 x + 0.0
saving intensity scales to talairach.label_intensities.txt
GCAmapRenormalizeWithAlignment() took 2.3262 min
noneg pre
Starting GCAMregister()
label assignment complete, 0 changed (0.00%)
npasses = 1, nlevels = 6
#pass# 1 of 1 ************************
enabling zero nodes
setting smoothness cost coefficient to 0.008

#GCAMreg# pass 0 level1 5 level2 0 tsec 0 sigma 2
l_jacobian=1.00 l_label=1.00 l_log_likelihood=0.20 l_smoothness=0.01 
tol=5.00e-02, dt=5.00e-02, exp_k=20.0, momentum=0.90, levels=6, niter=500, lbl_dist=10.00, avgs=256, sigma=2.0,type=2, relabel=0, neg=no

blurring input image with Gaussian with sigma=2.000...
GCAMRegisterLevel(): init RMS 0.712085
#FOTS# QuadFit found better minimum quadopt=(dt=200.505,rms=0.688078) vs oldopt=(dt=92.48,rms=0.695225)
#GCMRL#   82 dt 200.504983 rms  0.688  3.371% neg 0  invalid 762 tFOTS 6.5300 tGradient 1.7880 tsec 8.7580
#GCMRL#   83 dt 369.920000 rms  0.678  1.476% neg 0  invalid 762 tFOTS 6.0310 tGradient 1.7200 tsec 8.2050
#FOTS# QuadFit found better minimum quadopt=(dt=140.962,rms=0.674318) vs oldopt=(dt=92.48,rms=0.674921)
#GCMRL#   84 dt 140.962025 rms  0.674  0.532% neg 0  invalid 762 tFOTS 6.0790 tGradient 1.7400 tsec 8.2670
#FOTS# QuadFit found better minimum quadopt=(dt=517.888,rms=0.671898) vs oldopt=(dt=369.92,rms=0.672091)
#GCMRL#   85 dt 517.888000 rms  0.672  0.359% neg 0  invalid 762 tFOTS 6.3380 tGradient 1.6380 tsec 8.4230
#FOTS# QuadFit found better minimum quadopt=(dt=129.472,rms=0.668955) vs oldopt=(dt=92.48,rms=0.669484)
#GCMRL#   86 dt 129.472000 rms  0.669  0.438% neg 0  invalid 762 tFOTS 6.1980 tGradient 1.6370 tsec 8.2770
#FOTS# QuadFit found better minimum quadopt=(dt=517.888,rms=0.667294) vs oldopt=(dt=369.92,rms=0.667372)
#GCMRL#   87 dt 517.888000 rms  0.667  0.248% neg 0  invalid 762 tFOTS 6.3000 tGradient 1.7610 tsec 8.5130
#FOTS# QuadFit found better minimum quadopt=(dt=129.472,rms=0.665072) vs oldopt=(dt=92.48,rms=0.66531)
#GCMRL#   88 dt 129.472000 rms  0.665  0.333% neg 0  invalid 762 tFOTS 5.2160 tGradient 1.5660 tsec 7.2460
#FOTS# QuadFit found better minimum quadopt=(dt=295.936,rms=0.664327) vs oldopt=(dt=369.92,rms=0.664424)
#GCMRL#   89 dt 295.936000 rms  0.664  0.112% neg 0  invalid 762 tFOTS 5.0030 tGradient 1.6750 tsec 7.0750
#FOTS# QuadFit found better minimum quadopt=(dt=129.472,rms=0.663068) vs oldopt=(dt=92.48,rms=0.663274)
#GCMRL#   90 dt 129.472000 rms  0.663  0.189% neg 0  invalid 762 tFOTS 5.2820 tGradient 1.6820 tsec 7.3660
#FOTS# QuadFit found better minimum quadopt=(dt=517.888,rms=0.661926) vs oldopt=(dt=369.92,rms=0.662017)
#GCMRL#   91 dt 517.888000 rms  0.662  0.172% neg 0  invalid 762 tFOTS 5.0880 tGradient 1.7170 tsec 7.2210
#FOTS# QuadFit found better minimum quadopt=(dt=129.472,rms=0.660424) vs oldopt=(dt=92.48,rms=0.660572)
#GCMRL#   92 dt 129.472000 rms  0.660  0.227% neg 0  invalid 762 tFOTS 4.7030 tGradient 1.6540 tsec 6.7610
#FOTS# QuadFit found better minimum quadopt=(dt=295.936,rms=0.659859) vs oldopt=(dt=369.92,rms=0.659928)
#GCMRL#   93 dt 295.936000 rms  0.660  0.085% neg 0  invalid 762 tFOTS 4.6880 tGradient 1.6180 tsec 6.7160
#FOTS# QuadFit found better minimum quadopt=(dt=129.472,rms=0.658945) vs oldopt=(dt=92.48,rms=0.659084)
#GCMRL#   94 dt 129.472000 rms  0.659  0.139% neg 0  invalid 762 tFOTS 4.7670 tGradient 1.8660 tsec 7.0410
#FOTS# QuadFit found better minimum quadopt=(dt=443.904,rms=0.658149) vs oldopt=(dt=369.92,rms=0.658178)
#GCMRL#   95 dt 443.904000 rms  0.658  0.121% neg 0  invalid 762 tFOTS 4.7030 tGradient 1.6970 tsec 6.7980
#FOTS# QuadFit found better minimum quadopt=(dt=129.472,rms=0.657144) vs oldopt=(dt=92.48,rms=0.657262)
#GCMRL#   96 dt 129.472000 rms  0.657  0.153% neg 0  invalid 762 tFOTS 4.7010 tGradient 1.6600 tsec 6.7780
#FOTS# QuadFit found better minimum quadopt=(dt=295.936,rms=0.656647) vs oldopt=(dt=369.92,rms=0.656675)
#GCMRL#   97 dt 295.936000 rms  0.657  0.076% neg 0  invalid 762 tFOTS 5.5590 tGradient 1.6430 tsec 7.6920
#FOTS# QuadFit found better minimum quadopt=(dt=129.472,rms=0.655947) vs oldopt=(dt=92.48,rms=0.656062)
#GCMRL#   98 dt 129.472000 rms  0.656  0.107% neg 0  invalid 762 tFOTS 5.7900 tGradient 1.6870 tsec 7.9350
#FOTS# QuadFit found better minimum quadopt=(dt=443.904,rms=0.655271) vs oldopt=(dt=369.92,rms=0.655304)
#GCMRL#   99 dt 443.904000 rms  0.655  0.103% neg 0  invalid 762 tFOTS 6.4790 tGradient 1.9800 tsec 8.8510
#FOTS# QuadFit found better minimum quadopt=(dt=129.472,rms=0.654494) vs oldopt=(dt=92.48,rms=0.654582)
#GCMRL#  100 dt 129.472000 rms  0.654  0.119% neg 0  invalid 762 tFOTS 4.7230 tGradient 1.6940 tsec 6.8080
#FOTS# QuadFit found better minimum quadopt=(dt=295.936,rms=0.654025) vs oldopt=(dt=369.92,rms=0.654037)
#GCMRL#  101 dt 295.936000 rms  0.654  0.072% neg 0  invalid 762 tFOTS 4.9070 tGradient 1.7750 tsec 7.0960
#FOTS# QuadFit found better minimum quadopt=(dt=129.472,rms=0.653491) vs oldopt=(dt=92.48,rms=0.653574)
#GCMRL#  102 dt 129.472000 rms  0.653  0.082% neg 0  invalid 762 tFOTS 4.8790 tGradient 1.8450 tsec 7.2290
#FOTS# QuadFit found better minimum quadopt=(dt=443.904,rms=0.652917) vs oldopt=(dt=369.92,rms=0.652939)
#GCMRL#  103 dt 443.904000 rms  0.653  0.088% neg 0  invalid 762 tFOTS 5.1290 tGradient 1.6890 tsec 7.2200
#FOTS# QuadFit found better minimum quadopt=(dt=129.472,rms=0.652257) vs oldopt=(dt=92.48,rms=0.652326)
#GCMRL#  104 dt 129.472000 rms  0.652  0.101% neg 0  invalid 762 tFOTS 5.5150 tGradient 1.7460 tsec 7.7110
#FOTS# QuadFit found better minimum quadopt=(dt=295.936,rms=0.651922) vs oldopt=(dt=369.92,rms=0.65195)
#GCMRL#  105 dt 295.936000 rms  0.652  0.051% neg 0  invalid 762 tFOTS 6.0810 tGradient 1.7390 tsec 8.2620
#FOTS# QuadFit found better minimum quadopt=(dt=129.472,rms=0.651411) vs oldopt=(dt=92.48,rms=0.651489)
#GCMRL#  106 dt 129.472000 rms  0.651  0.078% neg 0  invalid 762 tFOTS 5.9290 tGradient 1.8320 tsec 8.2180
#FOTS# QuadFit found better minimum quadopt=(dt=443.904,rms=0.650967) vs oldopt=(dt=369.92,rms=0.650978)
#GCMRL#  107 dt 443.904000 rms  0.651  0.068% neg 0  invalid 762 tFOTS 4.9970 tGradient 1.8930 tsec 7.2850
#FOTS# QuadFit found better minimum quadopt=(dt=129.472,rms=0.650348) vs oldopt=(dt=92.48,rms=0.650417)
#GCMRL#  108 dt 129.472000 rms  0.650  0.095% neg 0  invalid 762 tFOTS 4.7740 tGradient 1.7060 tsec 6.8880
#FOTS# QuadFit found better minimum quadopt=(dt=295.936,rms=0.650059) vs oldopt=(dt=369.92,rms=0.650085)
#GCMRL#  109 dt 295.936000 rms  0.650  0.000% neg 0  invalid 762 tFOTS 5.1380 tGradient 1.7330 tsec 7.3090
#GCMRL#  110 dt 295.936000 rms  0.650  0.033% neg 0  invalid 762 tFOTS 0.0000 tGradient 1.7670 tsec 2.2750
#GCMRL#  111 dt 295.936000 rms  0.649  0.123% neg 0  invalid 762 tFOTS 0.0000 tGradient 1.7990 tsec 2.2180
#GCMRL#  112 dt 295.936000 rms  0.647  0.277% neg 0  invalid 762 tFOTS 0.0000 tGradient 1.7490 tsec 2.1210
#GCMRL#  113 dt 295.936000 rms  0.646  0.209% neg 0  invalid 762 tFOTS 0.0000 tGradient 1.7200 tsec 2.1020
#GCMRL#  114 dt 295.936000 rms  0.645  0.147% neg 0  invalid 762 tFOTS 0.0000 tGradient 1.7020 tsec 2.0860
#GCMRL#  115 dt 295.936000 rms  0.643  0.345% neg 0  invalid 762 tFOTS 0.0000 tGradient 1.6770 tsec 2.0560
#GCMRL#  116 dt 295.936000 rms  0.641  0.276% neg 0  invalid 762 tFOTS 0.0000 tGradient 1.7160 tsec 2.1010
#GCMRL#  117 dt 295.936000 rms  0.640  0.159% neg 0  invalid 762 tFOTS 0.0000 tGradient 1.6860 tsec 2.0790
#GCMRL#  118 dt 295.936000 rms  0.638  0.260% neg 0  invalid 762 tFOTS 0.0000 tGradient 1.5710 tsec 1.9530
#GCMRL#  119 dt 295.936000 rms  0.637  0.251% neg 0  invalid 762 tFOTS 0.0000 tGradient 1.8130 tsec 2.2170
#GCMRL#  120 dt 295.936000 rms  0.636  0.181% neg 0  invalid 762 tFOTS 0.0000 tGradient 1.6950 tsec 2.1000
#GCMRL#  121 dt 295.936000 rms  0.634  0.186% neg 0  invalid 762 tFOTS 0.0000 tGradient 1.7100 tsec 2.0880
#GCMRL#  122 dt 295.936000 rms  0.633  0.173% neg 0  invalid 762 tFOTS 0.0000 tGradient 1.8600 tsec 2.2590
#GCMRL#  123 dt 295.936000 rms  0.632  0.200% neg 0  invalid 762 tFOTS 0.0000 tGradient 1.7150 tsec 2.1180
#GCMRL#  124 dt 295.936000 rms  0.631  0.133% neg 0  invalid 762 tFOTS 0.0000 tGradient 1.6480 tsec 2.0350
#GCMRL#  125 dt 295.936000 rms  0.630  0.114% neg 0  invalid 762 tFOTS 0.0000 tGradient 1.7130 tsec 2.1620
#GCMRL#  126 dt 295.936000 rms  0.629  0.183% neg 0  invalid 762 tFOTS 0.0000 tGradient 1.7730 tsec 2.1330
#GCMRL#  127 dt 295.936000 rms  0.628  0.130% neg 0  invalid 762 tFOTS 0.0000 tGradient 1.7590 tsec 2.1950
#GCMRL#  128 dt 295.936000 rms  0.628  0.119% neg 0  invalid 762 tFOTS 0.0000 tGradient 1.8360 tsec 2.2680
#GCMRL#  129 dt 295.936000 rms  0.627  0.128% neg 0  invalid 762 tFOTS 0.0000 tGradient 1.8200 tsec 2.2590
#GCMRL#  130 dt 295.936000 rms  0.626  0.129% neg 0  invalid 762 tFOTS 0.0000 tGradient 1.8190 tsec 2.2090
#GCMRL#  131 dt 295.936000 rms  0.625  0.110% neg 0  invalid 762 tFOTS 0.0000 tGradient 1.7220 tsec 2.1710
#GCMRL#  132 dt 295.936000 rms  0.625  0.113% neg 0  invalid 762 tFOTS 0.0000 tGradient 1.7650 tsec 2.2170
#GCMRL#  133 dt 295.936000 rms  0.624  0.110% neg 0  invalid 762 tFOTS 0.0000 tGradient 1.7390 tsec 2.1830
#GCMRL#  134 dt 295.936000 rms  0.624  0.078% neg 0  invalid 762 tFOTS 0.0000 tGradient 1.7170 tsec 2.1090
#GCMRL#  135 dt 295.936000 rms  0.623  0.117% neg 0  invalid 762 tFOTS 0.0000 tGradient 1.7270 tsec 2.1630
#GCMRL#  136 dt 295.936000 rms  0.622  0.113% neg 0  invalid 762 tFOTS 0.0000 tGradient 1.7320 tsec 2.1910
#GCMRL#  137 dt 295.936000 rms  0.622  0.082% neg 0  invalid 762 tFOTS 0.0000 tGradient 1.7430 tsec 2.1350
#GCMRL#  138 dt 295.936000 rms  0.621  0.112% neg 0  invalid 762 tFOTS 0.0000 tGradient 1.7950 tsec 2.2360
#GCMRL#  139 dt 295.936000 rms  0.620  0.091% neg 0  invalid 762 tFOTS 0.0000 tGradient 1.7350 tsec 2.1810
#GCMRL#  140 dt 295.936000 rms  0.620  0.070% neg 0  invalid 762 tFOTS 0.0000 tGradient 1.8090 tsec 2.2020
#GCMRL#  141 dt 295.936000 rms  0.619  0.084% neg 0  invalid 762 tFOTS 0.0000 tGradient 1.7030 tsec 2.0750
#GCMRL#  142 dt 295.936000 rms  0.619  0.081% neg 0  invalid 762 tFOTS 0.0000 tGradient 1.7700 tsec 2.1660
#GCMRL#  143 dt 295.936000 rms  0.618  0.070% neg 0  invalid 762 tFOTS 0.0000 tGradient 1.7680 tsec 2.1610
#GCMRL#  144 dt 295.936000 rms  0.618  0.081% neg 0  invalid 762 tFOTS 0.0000 tGradient 1.7980 tsec 2.2360
#GCMRL#  145 dt 295.936000 rms  0.617  0.074% neg 0  invalid 762 tFOTS 0.0000 tGradient 1.8250 tsec 2.2620
#GCMRL#  146 dt 295.936000 rms  0.617  0.069% neg 0  invalid 762 tFOTS 0.0000 tGradient 1.7600 tsec 2.2170
#GCMRL#  147 dt 295.936000 rms  0.617  0.071% neg 0  invalid 762 tFOTS 0.0000 tGradient 1.9650 tsec 2.3450
#GCMRL#  148 dt 295.936000 rms  0.616  0.075% neg 0  invalid 762 tFOTS 0.0000 tGradient 1.9200 tsec 2.3860
#GCMRL#  149 dt 295.936000 rms  0.616  0.064% neg 0  invalid 762 tFOTS 0.0000 tGradient 1.8200 tsec 2.2220
#GCMRL#  150 dt 295.936000 rms  0.615  0.063% neg 0  invalid 762 tFOTS 0.0000 tGradient 1.8550 tsec 2.2380
#GCMRL#  151 dt 295.936000 rms  0.615  0.071% neg 0  invalid 762 tFOTS 0.0000 tGradient 1.7530 tsec 2.1810
#GCMRL#  152 dt 295.936000 rms  0.615  0.065% neg 0  invalid 762 tFOTS 0.0000 tGradient 2.0050 tsec 2.3900
#GCMRL#  153 dt 295.936000 rms  0.614  0.066% neg 0  invalid 762 tFOTS 0.0000 tGradient 1.7560 tsec 2.1940
#GCMRL#  154 dt 295.936000 rms  0.614  0.070% neg 0  invalid 762 tFOTS 0.0000 tGradient 1.7760 tsec 2.1730
#GCMRL#  155 dt 295.936000 rms  0.613  0.062% neg 0  invalid 762 tFOTS 0.0000 tGradient 1.7210 tsec 2.1170
#GCMRL#  156 dt 295.936000 rms  0.613  0.057% neg 0  invalid 762 tFOTS 0.0000 tGradient 1.6910 tsec 2.0900
#GCMRL#  157 dt 295.936000 rms  0.613  0.049% neg 0  invalid 762 tFOTS 0.0000 tGradient 1.6800 tsec 2.0770
#GCMRL#  158 dt 295.936000 rms  0.612  0.053% neg 0  invalid 762 tFOTS 0.0000 tGradient 1.6800 tsec 2.1110
#GCMRL#  159 dt 295.936000 rms  0.612  0.047% neg 0  invalid 762 tFOTS 0.0000 tGradient 1.7820 tsec 2.1800
#GCMRL#  160 dt 295.936000 rms  0.612  0.054% neg 0  invalid 762 tFOTS 0.0000 tGradient 1.7400 tsec 2.1130
#GCMRL#  161 dt 295.936000 rms  0.611  0.043% neg 0  invalid 762 tFOTS 0.0000 tGradient 1.7570 tsec 2.2470
#GCMRL#  162 dt 295.936000 rms  0.611  0.043% neg 0  invalid 762 tFOTS 0.0000 tGradient 1.6550 tsec 2.0620
#GCMRL#  163 dt 295.936000 rms  0.611  0.053% neg 0  invalid 762 tFOTS 0.0000 tGradient 1.5420 tsec 1.9320
#GCMRL#  164 dt 295.936000 rms  0.611  0.038% neg 0  invalid 762 tFOTS 0.0000 tGradient 1.6320 tsec 2.1280
#GCMRL#  165 dt 295.936000 rms  0.610  0.039% neg 0  invalid 762 tFOTS 0.0000 tGradient 1.6130 tsec 2.0140
#GCMRL#  166 dt 295.936000 rms  0.610  0.059% neg 0  invalid 762 tFOTS 0.0000 tGradient 1.5970 tsec 1.9940
#GCMRL#  167 dt 295.936000 rms  0.610  0.031% neg 0  invalid 762 tFOTS 0.0000 tGradient 1.6880 tsec 2.0700
#GCMRL#  168 dt 295.936000 rms  0.610  0.040% neg 0  invalid 762 tFOTS 0.0000 tGradient 1.5860 tsec 1.9780
#GCMRL#  169 dt 295.936000 rms  0.609  0.048% neg 0  invalid 762 tFOTS 0.0000 tGradient 1.6490 tsec 2.0350
#GCMRL#  170 dt 295.936000 rms  0.609  0.026% neg 0  invalid 762 tFOTS 0.0000 tGradient 1.5800 tsec 1.9740
#GCMRL#  171 dt 295.936000 rms  0.609  0.036% neg 0  invalid 762 tFOTS 0.0000 tGradient 1.5510 tsec 1.9500
#GCMRL#  172 dt 295.936000 rms  0.609  0.037% neg 0  invalid 762 tFOTS 0.0000 tGradient 1.7530 tsec 2.2060
#GCMRL#  173 dt 295.936000 rms  0.609  0.023% neg 0  invalid 762 tFOTS 0.0000 tGradient 1.7190 tsec 2.1050
#GCMRL#  174 dt 295.936000 rms  0.608  0.030% neg 0  invalid 762 tFOTS 0.0000 tGradient 1.6990 tsec 2.1020
#GCMRL#  175 dt 295.936000 rms  0.608  0.031% neg 0  invalid 762 tFOTS 0.0000 tGradient 1.9830 tsec 2.3840
#GCMRL#  176 dt 295.936000 rms  0.608  0.026% neg 0  invalid 762 tFOTS 0.0000 tGradient 1.6320 tsec 2.0330
#GCMRL#  177 dt 295.936000 rms  0.608  0.029% neg 0  invalid 762 tFOTS 0.0000 tGradient 1.6540 tsec 2.0650
#GCMRL#  178 dt 295.936000 rms  0.608  0.028% neg 0  invalid 762 tFOTS 0.0000 tGradient 1.5760 tsec 1.9730
#GCMRL#  179 dt 295.936000 rms  0.607  0.030% neg 0  invalid 762 tFOTS 0.0000 tGradient 1.6300 tsec 2.0200
#GCMRL#  180 dt 295.936000 rms  0.607  0.025% neg 0  invalid 762 tFOTS 0.0000 tGradient 1.5920 tsec 1.9890
#GCMRL#  181 dt 295.936000 rms  0.607  0.028% neg 0  invalid 762 tFOTS 0.0000 tGradient 1.8230 tsec 2.2620
#GCMRL#  182 dt 295.936000 rms  0.607  0.028% neg 0  invalid 762 tFOTS 0.0000 tGradient 1.6850 tsec 2.0700
#GCMRL#  183 dt 295.936000 rms  0.607  0.024% neg 0  invalid 762 tFOTS 0.0000 tGradient 1.7540 tsec 2.1860
#GCMRL#  184 dt 295.936000 rms  0.607  0.028% neg 0  invalid 762 tFOTS 0.0000 tGradient 1.7350 tsec 2.1710
#GCMRL#  185 dt 295.936000 rms  0.607  0.028% neg 0  invalid 762 tFOTS 0.0000 tGradient 1.8040 tsec 2.1970
#GCMRL#  186 dt 295.936000 rms  0.606  0.021% neg 0  invalid 762 tFOTS 0.0000 tGradient 1.7350 tsec 2.1010
#GCMRL#  187 dt 295.936000 rms  0.606  0.029% neg 0  invalid 762 tFOTS 0.0000 tGradient 1.8650 tsec 2.2950
#GCMRL#  188 dt 295.936000 rms  0.606  0.023% neg 0  invalid 762 tFOTS 0.0000 tGradient 1.7430 tsec 2.1570
#GCMRL#  189 dt 295.936000 rms  0.606  0.024% neg 0  invalid 762 tFOTS 0.0000 tGradient 1.5410 tsec 1.9540
#GCMRL#  190 dt 295.936000 rms  0.606  0.027% neg 0  invalid 762 tFOTS 0.0000 tGradient 1.6610 tsec 2.0720
#GCMRL#  191 dt 295.936000 rms  0.606  0.017% neg 0  invalid 762 tFOTS 0.0000 tGradient 1.6590 tsec 2.0560
#GCMRL#  192 dt 295.936000 rms  0.606  0.025% neg 0  invalid 762 tFOTS 0.0000 tGradient 1.6550 tsec 2.0690
#GCMRL#  193 dt 295.936000 rms  0.605  0.031% neg 0  invalid 762 tFOTS 0.0000 tGradient 1.5490 tsec 1.9600
#GCMRL#  194 dt 295.936000 rms  0.605  0.016% neg 0  invalid 762 tFOTS 0.0000 tGradient 1.8380 tsec 2.2450
#GCMRL#  195 dt 295.936000 rms  0.605  0.021% neg 0  invalid 762 tFOTS 0.0000 tGradient 1.7220 tsec 2.1500
#GCMRL#  196 dt 295.936000 rms  0.605  0.031% neg 0  invalid 762 tFOTS 0.0000 tGradient 1.8340 tsec 2.2330
#GCMRL#  197 dt 295.936000 rms  0.605  0.016% neg 0  invalid 762 tFOTS 0.0000 tGradient 1.5970 tsec 2.0130
#GCMRL#  198 dt 295.936000 rms  0.605  0.019% neg 0  invalid 762 tFOTS 0.0000 tGradient 1.7360 tsec 2.2010
#GCMRL#  199 dt 295.936000 rms  0.605  0.030% neg 0  invalid 762 tFOTS 0.0000 tGradient 1.6660 tsec 2.0640
#GCMRL#  200 dt 295.936000 rms  0.604  0.017% neg 0  invalid 762 tFOTS 0.0000 tGradient 1.6970 tsec 2.0670
#GCMRL#  201 dt 295.936000 rms  0.604  0.017% neg 0  invalid 762 tFOTS 0.0000 tGradient 1.7380 tsec 2.1660
#FOTS# QuadFit found better minimum quadopt=(dt=2071.55,rms=0.604017) vs oldopt=(dt=1479.68,rms=0.60405)
#GCMRL#  202 dt 2071.552000 rms  0.604  0.047% neg 0  invalid 762 tFOTS 5.3460 tGradient 1.7590 tsec 7.5250
#FOTS# QuadFit found better minimum quadopt=(dt=2.023,rms=0.604034) vs oldopt=(dt=1.445,rms=0.604034)

#GCAMreg# pass 0 level1 5 level2 1 tsec 426.202 sigma 0.5
l_jacobian=1.00 l_label=1.00 l_log_likelihood=0.20 l_smoothness=0.01 
tol=5.00e-02, dt=5.00e-02, exp_k=20.0, momentum=0.90, levels=6, niter=500, lbl_dist=10.00, avgs=256, sigma=0.5,type=2, relabel=0, neg=no

blurring input image with Gaussian with sigma=0.500...
GCAMRegisterLevel(): init RMS 0.604551
#FOTS# QuadFit found better minimum quadopt=(dt=110.976,rms=0.603837) vs oldopt=(dt=92.48,rms=0.603847)
#GCMRL#  204 dt 110.976000 rms  0.604  0.118% neg 0  invalid 762 tFOTS 6.4640 tGradient 1.6320 tsec 8.5480
#GCMRL#  205 dt 369.920000 rms  0.604  0.000% neg 0  invalid 762 tFOTS 6.5660 tGradient 1.6940 tsec 8.7360
#GCMRL#  206 dt 369.920000 rms  0.603  0.046% neg 0  invalid 762 tFOTS 0.0000 tGradient 1.7240 tsec 2.1200
#GCMRL#  207 dt 369.920000 rms  0.603  0.011% neg 0  invalid 762 tFOTS 0.0000 tGradient 1.7600 tsec 2.1620
#GCMRL#  208 dt 369.920000 rms  0.603  0.070% neg 0  invalid 762 tFOTS 0.0000 tGradient 1.9890 tsec 2.4460
#GCMRL#  209 dt 369.920000 rms  0.603  0.025% neg 0  invalid 762 tFOTS 0.0000 tGradient 1.6190 tsec 2.0750
#GCMRL#  210 dt 369.920000 rms  0.603 -0.012% neg 0  invalid 762 tFOTS 0.0000 tGradient 1.6840 tsec 2.4110
#GCMRL#  211 dt   0.022578 rms  0.603  0.000% neg 0  invalid 762 tFOTS 7.0110 tGradient 1.7040 tsec 9.1750
setting smoothness cost coefficient to 0.031

#GCAMreg# pass 0 level1 4 level2 0 tsec 0 sigma 2
l_jacobian=1.00 l_label=1.00 l_log_likelihood=0.20 l_smoothness=0.03 
tol=5.00e-02, dt=5.00e-02, exp_k=20.0, momentum=0.90, levels=6, niter=500, lbl_dist=10.00, avgs=64, sigma=2.0,type=2, relabel=0, neg=no

blurring input image with Gaussian with sigma=2.000...
GCAMRegisterLevel(): init RMS 0.606234
#FOTS# QuadFit found better minimum quadopt=(dt=145.152,rms=0.601877) vs oldopt=(dt=103.68,rms=0.602523)
#GCMRL#  213 dt 145.152000 rms  0.602  0.719% neg 0  invalid 762 tFOTS 6.2690 tGradient 1.6880 tsec 8.4170
#GCMRL#  214 dt 414.720000 rms  0.593  1.497% neg 0  invalid 762 tFOTS 6.2510 tGradient 1.6260 tsec 8.3290
#FOTS# QuadFit found better minimum quadopt=(dt=77.8868,rms=0.588782) vs oldopt=(dt=25.92,rms=0.590108)
#GCMRL#  215 dt  77.886792 rms  0.589  0.689% neg 0  invalid 762 tFOTS 6.2850 tGradient 1.7190 tsec 8.4550
#FOTS# QuadFit found better minimum quadopt=(dt=331.776,rms=0.584531) vs oldopt=(dt=414.72,rms=0.584975)
#GCMRL#  216 dt 331.776000 rms  0.585  0.722% neg 0  invalid 762 tFOTS 6.1010 tGradient 1.5890 tsec 8.1380
#FOTS# QuadFit found better minimum quadopt=(dt=76.6316,rms=0.581837) vs oldopt=(dt=25.92,rms=0.58266)
#GCMRL#  217 dt  76.631579 rms  0.582  0.461% neg 0  invalid 762 tFOTS 6.1750 tGradient 1.6870 tsec 8.3130
#FOTS# QuadFit found better minimum quadopt=(dt=145.152,rms=0.579706) vs oldopt=(dt=103.68,rms=0.579955)
#GCMRL#  218 dt 145.152000 rms  0.580  0.366% neg 0  invalid 762 tFOTS 6.2400 tGradient 1.6720 tsec 8.3870
#FOTS# QuadFit found better minimum quadopt=(dt=73.6536,rms=0.578664) vs oldopt=(dt=103.68,rms=0.57882)
#GCMRL#  219 dt  73.653631 rms  0.579  0.180% neg 0  invalid 762 tFOTS 6.5660 tGradient 1.6480 tsec 8.5970
#FOTS# QuadFit found better minimum quadopt=(dt=331.776,rms=0.575998) vs oldopt=(dt=414.72,rms=0.576095)
#GCMRL#  220 dt 331.776000 rms  0.576  0.461% neg 0  invalid 762 tFOTS 6.0290 tGradient 1.6070 tsec 8.0860
#FOTS# QuadFit found better minimum quadopt=(dt=36.288,rms=0.574479) vs oldopt=(dt=25.92,rms=0.574781)
#GCMRL#  221 dt  36.288000 rms  0.574  0.264% neg 0  invalid 762 tFOTS 6.2220 tGradient 1.5240 tsec 8.1880
#FOTS# QuadFit found better minimum quadopt=(dt=124.416,rms=0.573612) vs oldopt=(dt=103.68,rms=0.573617)
#GCMRL#  222 dt 124.416000 rms  0.574  0.151% neg 0  invalid 762 tFOTS 6.0800 tGradient 1.6560 tsec 8.1790
#GCMRL#  223 dt 103.680000 rms  0.572  0.211% neg 0  invalid 762 tFOTS 6.0430 tGradient 1.5630 tsec 8.0570
#FOTS# QuadFit found better minimum quadopt=(dt=82.944,rms=0.571631) vs oldopt=(dt=103.68,rms=0.571673)
#GCMRL#  224 dt  82.944000 rms  0.572  0.134% neg 0  invalid 762 tFOTS 5.9730 tGradient 1.5870 tsec 8.0020
#FOTS# QuadFit found better minimum quadopt=(dt=145.152,rms=0.570531) vs oldopt=(dt=103.68,rms=0.570683)
#GCMRL#  225 dt 145.152000 rms  0.571  0.192% neg 0  invalid 762 tFOTS 6.2300 tGradient 1.5690 tsec 8.2510
#FOTS# QuadFit found better minimum quadopt=(dt=82.944,rms=0.569777) vs oldopt=(dt=103.68,rms=0.569845)
#GCMRL#  226 dt  82.944000 rms  0.570  0.132% neg 0  invalid 762 tFOTS 6.3400 tGradient 1.7920 tsec 8.5710
#FOTS# QuadFit found better minimum quadopt=(dt=145.152,rms=0.568902) vs oldopt=(dt=103.68,rms=0.568954)
#GCMRL#  227 dt 145.152000 rms  0.569  0.154% neg 0  invalid 762 tFOTS 4.8330 tGradient 1.5100 tsec 6.7620
#FOTS# QuadFit found better minimum quadopt=(dt=69.9077,rms=0.56811) vs oldopt=(dt=103.68,rms=0.56824)
#GCMRL#  228 dt  69.907692 rms  0.568  0.139% neg 0  invalid 762 tFOTS 6.4720 tGradient 1.5510 tsec 8.4430
#FOTS# QuadFit found better minimum quadopt=(dt=145.152,rms=0.567204) vs oldopt=(dt=103.68,rms=0.567374)
#GCMRL#  229 dt 145.152000 rms  0.567  0.159% neg 0  invalid 762 tFOTS 6.3790 tGradient 1.5400 tsec 8.3680
#GCMRL#  230 dt 103.680000 rms  0.567  0.116% neg 0  invalid 762 tFOTS 4.8780 tGradient 1.5590 tsec 6.8440
#FOTS# QuadFit found better minimum quadopt=(dt=82.944,rms=0.56594) vs oldopt=(dt=103.68,rms=0.565946)
#GCMRL#  231 dt  82.944000 rms  0.566  0.107% neg 0  invalid 762 tFOTS 4.9040 tGradient 1.4860 tsec 6.9030
#FOTS# QuadFit found better minimum quadopt=(dt=145.152,rms=0.565263) vs oldopt=(dt=103.68,rms=0.565314)
#GCMRL#  232 dt 145.152000 rms  0.565  0.120% neg 0  invalid 762 tFOTS 5.3610 tGradient 1.5490 tsec 7.3240
#FOTS# QuadFit found better minimum quadopt=(dt=62.208,rms=0.564658) vs oldopt=(dt=103.68,rms=0.56477)
#GCMRL#  233 dt  62.208000 rms  0.565  0.107% neg 0  invalid 762 tFOTS 5.3360 tGradient 1.5490 tsec 7.2890
#GCMRL#  234 dt 414.720000 rms  0.563  0.229% neg 0  invalid 762 tFOTS 6.3760 tGradient 1.6040 tsec 8.4480
#FOTS# QuadFit found better minimum quadopt=(dt=36.288,rms=0.562294) vs oldopt=(dt=25.92,rms=0.562513)
#GCMRL#  235 dt  36.288000 rms  0.562  0.191% neg 0  invalid 762 tFOTS 6.1640 tGradient 1.5420 tsec 8.1270
#GCMRL#  236 dt 103.680000 rms  0.562  0.098% neg 0  invalid 762 tFOTS 5.8950 tGradient 1.5720 tsec 7.8890
#GCMRL#  237 dt 103.680000 rms  0.561  0.090% neg 0  invalid 762 tFOTS 6.2050 tGradient 1.7150 tsec 8.3560
#FOTS# QuadFit found better minimum quadopt=(dt=82.944,rms=0.560806) vs oldopt=(dt=103.68,rms=0.560832)
#GCMRL#  238 dt  82.944000 rms  0.561  0.076% neg 0  invalid 762 tFOTS 6.2930 tGradient 1.6210 tsec 8.3530
#FOTS# QuadFit found better minimum quadopt=(dt=124.416,rms=0.560292) vs oldopt=(dt=103.68,rms=0.560316)
#GCMRL#  239 dt 124.416000 rms  0.560  0.092% neg 0  invalid 762 tFOTS 6.2900 tGradient 1.5560 tsec 8.2840
#FOTS# QuadFit found better minimum quadopt=(dt=82.944,rms=0.559879) vs oldopt=(dt=103.68,rms=0.559921)
#GCMRL#  240 dt  82.944000 rms  0.560  0.074% neg 0  invalid 762 tFOTS 6.0210 tGradient 1.5970 tsec 8.0600
#FOTS# QuadFit found better minimum quadopt=(dt=124.416,rms=0.559387) vs oldopt=(dt=103.68,rms=0.559403)
#GCMRL#  241 dt 124.416000 rms  0.559  0.088% neg 0  invalid 762 tFOTS 6.1160 tGradient 1.5550 tsec 8.1090
#FOTS# QuadFit found better minimum quadopt=(dt=82.944,rms=0.558997) vs oldopt=(dt=103.68,rms=0.559051)
#GCMRL#  242 dt  82.944000 rms  0.559  0.070% neg 0  invalid 762 tFOTS 6.1860 tGradient 1.5510 tsec 8.1740
#FOTS# QuadFit found better minimum quadopt=(dt=124.416,rms=0.558524) vs oldopt=(dt=103.68,rms=0.558533)
#GCMRL#  243 dt 124.416000 rms  0.559  0.085% neg 0  invalid 762 tFOTS 6.1820 tGradient 1.5310 tsec 8.1490
#FOTS# QuadFit found better minimum quadopt=(dt=82.944,rms=0.558147) vs oldopt=(dt=103.68,rms=0.558209)
#GCMRL#  244 dt  82.944000 rms  0.558  0.067% neg 0  invalid 762 tFOTS 6.2670 tGradient 1.6600 tsec 8.3410
#FOTS# QuadFit found better minimum quadopt=(dt=124.416,rms=0.557702) vs oldopt=(dt=103.68,rms=0.557711)
#GCMRL#  245 dt 124.416000 rms  0.558  0.080% neg 0  invalid 762 tFOTS 6.1800 tGradient 1.6020 tsec 8.2110
#FOTS# QuadFit found better minimum quadopt=(dt=82.944,rms=0.557335) vs oldopt=(dt=103.68,rms=0.557393)
#GCMRL#  246 dt  82.944000 rms  0.557  0.066% neg 0  invalid 762 tFOTS 6.2440 tGradient 1.6960 tsec 8.3420
#FOTS# QuadFit found better minimum quadopt=(dt=124.416,rms=0.556913) vs oldopt=(dt=103.68,rms=0.556923)
#GCMRL#  247 dt 124.416000 rms  0.557  0.076% neg 0  invalid 762 tFOTS 4.6000 tGradient 1.4440 tsec 6.4480
#FOTS# QuadFit found better minimum quadopt=(dt=82.944,rms=0.556566) vs oldopt=(dt=103.68,rms=0.556617)
#GCMRL#  248 dt  82.944000 rms  0.557  0.062% neg 0  invalid 762 tFOTS 4.5990 tGradient 1.4750 tsec 6.4790
#FOTS# QuadFit found better minimum quadopt=(dt=124.416,rms=0.556168) vs oldopt=(dt=103.68,rms=0.556179)
#GCMRL#  249 dt 124.416000 rms  0.556  0.072% neg 0  invalid 762 tFOTS 4.7450 tGradient 1.5120 tsec 6.6530
#FOTS# QuadFit found better minimum quadopt=(dt=82.944,rms=0.555832) vs oldopt=(dt=103.68,rms=0.555878)
#GCMRL#  250 dt  82.944000 rms  0.556  0.060% neg 0  invalid 762 tFOTS 4.7290 tGradient 1.4770 tsec 6.6100
#FOTS# QuadFit found better minimum quadopt=(dt=124.416,rms=0.555449) vs oldopt=(dt=103.68,rms=0.555458)
#GCMRL#  251 dt 124.416000 rms  0.555  0.069% neg 0  invalid 762 tFOTS 4.5840 tGradient 1.4410 tsec 6.4280
#FOTS# QuadFit found better minimum quadopt=(dt=62.208,rms=0.555157) vs oldopt=(dt=103.68,rms=0.555217)
#GCMRL#  252 dt  62.208000 rms  0.555  0.053% neg 0  invalid 762 tFOTS 4.6010 tGradient 1.4240 tsec 6.4260
#FOTS# QuadFit found better minimum quadopt=(dt=497.664,rms=0.554262) vs oldopt=(dt=414.72,rms=0.554268)
#GCMRL#  253 dt 497.664000 rms  0.554  0.161% neg 0  invalid 762 tFOTS 4.6350 tGradient 1.4300 tsec 6.4520
#FOTS# QuadFit found better minimum quadopt=(dt=36.288,rms=0.553527) vs oldopt=(dt=25.92,rms=0.553659)
#GCMRL#  254 dt  36.288000 rms  0.554  0.132% neg 0  invalid 762 tFOTS 4.3390 tGradient 1.4950 tsec 6.2320
#GCMRL#  255 dt 103.680000 rms  0.553  0.000% neg 0  invalid 762 tFOTS 4.5040 tGradient 1.4970 tsec 6.4240
#GCMRL#  256 dt 103.680000 rms  0.553  0.065% neg 0  invalid 762 tFOTS 0.0000 tGradient 1.4200 tsec 1.7970
#GCMRL#  257 dt 103.680000 rms  0.552  0.105% neg 0  invalid 762 tFOTS 0.0000 tGradient 1.4260 tsec 1.7710
#GCMRL#  258 dt 103.680000 rms  0.552  0.116% neg 0  invalid 762 tFOTS 0.0000 tGradient 1.4240 tsec 1.8020
#GCMRL#  259 dt 103.680000 rms  0.551  0.181% neg 0  invalid 762 tFOTS 0.0000 tGradient 1.4320 tsec 1.8780
#GCMRL#  260 dt 103.680000 rms  0.550  0.177% neg 0  invalid 762 tFOTS 0.0000 tGradient 1.3920 tsec 1.7680
#GCMRL#  261 dt 103.680000 rms  0.549  0.212% neg 0  invalid 762 tFOTS 0.0000 tGradient 1.4330 tsec 1.8190
#GCMRL#  262 dt 103.680000 rms  0.548  0.189% neg 0  invalid 762 tFOTS 0.0000 tGradient 1.4840 tsec 1.8740
#GCMRL#  263 dt 103.680000 rms  0.546  0.221% neg 0  invalid 762 tFOTS 0.0000 tGradient 1.4760 tsec 1.9070
#GCMRL#  264 dt 103.680000 rms  0.545  0.204% neg 0  invalid 762 tFOTS 0.0000 tGradient 1.5020 tsec 1.9350
#GCMRL#  265 dt 103.680000 rms  0.544  0.210% neg 0  invalid 762 tFOTS 0.0000 tGradient 1.4380 tsec 1.8280
#GCMRL#  266 dt 103.680000 rms  0.543  0.197% neg 0  invalid 762 tFOTS 0.0000 tGradient 1.4370 tsec 1.8090
#GCMRL#  267 dt 103.680000 rms  0.542  0.190% neg 0  invalid 762 tFOTS 0.0000 tGradient 1.4730 tsec 1.8540
#GCMRL#  268 dt 103.680000 rms  0.541  0.186% neg 0  invalid 762 tFOTS 0.0000 tGradient 1.5520 tsec 1.9390
#GCMRL#  269 dt 103.680000 rms  0.540  0.176% neg 0  invalid 762 tFOTS 0.0000 tGradient 1.5090 tsec 1.9040
#GCMRL#  270 dt 103.680000 rms  0.539  0.159% neg 0  invalid 762 tFOTS 0.0000 tGradient 1.5090 tsec 1.8820
#GCMRL#  271 dt 103.680000 rms  0.538  0.151% neg 0  invalid 762 tFOTS 0.0000 tGradient 1.5730 tsec 1.9520
#GCMRL#  272 dt 103.680000 rms  0.538  0.145% neg 0  invalid 762 tFOTS 0.0000 tGradient 1.4650 tsec 1.8410
#GCMRL#  273 dt 103.680000 rms  0.537  0.138% neg 0  invalid 762 tFOTS 0.0000 tGradient 1.5160 tsec 1.8700
#GCMRL#  274 dt 103.680000 rms  0.536  0.134% neg 0  invalid 762 tFOTS 0.0000 tGradient 1.4980 tsec 1.8690
#GCMRL#  275 dt 103.680000 rms  0.535  0.129% neg 0  invalid 762 tFOTS 0.0000 tGradient 1.5230 tsec 1.9190
#GCMRL#  276 dt 103.680000 rms  0.535  0.122% neg 0  invalid 762 tFOTS 0.0000 tGradient 1.4780 tsec 1.8460
#GCMRL#  277 dt 103.680000 rms  0.534  0.117% neg 0  invalid 762 tFOTS 0.0000 tGradient 1.5460 tsec 1.9230
#GCMRL#  278 dt 103.680000 rms  0.534  0.106% neg 0  invalid 762 tFOTS 0.0000 tGradient 1.5420 tsec 1.9450
#GCMRL#  279 dt 103.680000 rms  0.533  0.103% neg 0  invalid 762 tFOTS 0.0000 tGradient 1.5400 tsec 1.9350
#GCMRL#  280 dt 103.680000 rms  0.532  0.096% neg 0  invalid 762 tFOTS 0.0000 tGradient 1.4780 tsec 1.8320
#GCMRL#  281 dt 103.680000 rms  0.532  0.098% neg 0  invalid 762 tFOTS 0.0000 tGradient 1.5850 tsec 1.9590
#GCMRL#  282 dt 103.680000 rms  0.531  0.093% neg 0  invalid 762 tFOTS 0.0000 tGradient 1.6150 tsec 2.0130
#GCMRL#  283 dt 103.680000 rms  0.531  0.091% neg 0  invalid 762 tFOTS 0.0000 tGradient 1.5190 tsec 1.9000
#GCMRL#  284 dt 103.680000 rms  0.531  0.079% neg 0  invalid 762 tFOTS 0.0000 tGradient 1.5950 tsec 1.9970
#GCMRL#  285 dt 103.680000 rms  0.530  0.076% neg 0  invalid 762 tFOTS 0.0000 tGradient 1.5290 tsec 1.9160
#GCMRL#  286 dt 103.680000 rms  0.530  0.079% neg 0  invalid 762 tFOTS 0.0000 tGradient 1.5940 tsec 2.0550
#GCMRL#  287 dt 103.680000 rms  0.529  0.073% neg 0  invalid 762 tFOTS 0.0000 tGradient 1.5230 tsec 1.9470
#GCMRL#  288 dt 103.680000 rms  0.529  0.064% neg 0  invalid 762 tFOTS 0.0000 tGradient 1.5990 tsec 2.0520
#GCMRL#  289 dt 103.680000 rms  0.529  0.067% neg 0  invalid 762 tFOTS 0.0000 tGradient 1.5700 tsec 1.9610
#GCMRL#  290 dt 103.680000 rms  0.528  0.070% neg 0  invalid 762 tFOTS 0.0000 tGradient 1.5660 tsec 1.9840
#GCMRL#  291 dt 103.680000 rms  0.528  0.061% neg 0  invalid 762 tFOTS 0.0000 tGradient 1.5350 tsec 1.9320
#GCMRL#  292 dt 103.680000 rms  0.528  0.058% neg 0  invalid 762 tFOTS 0.0000 tGradient 1.5880 tsec 1.9490
#GCMRL#  293 dt 103.680000 rms  0.527  0.062% neg 0  invalid 762 tFOTS 0.0000 tGradient 1.5720 tsec 2.0360
#GCMRL#  294 dt 103.680000 rms  0.527  0.063% neg 0  invalid 762 tFOTS 0.0000 tGradient 1.6260 tsec 2.1180
#GCMRL#  295 dt 103.680000 rms  0.527  0.047% neg 0  invalid 762 tFOTS 0.0000 tGradient 1.5330 tsec 1.9330
#GCMRL#  296 dt 103.680000 rms  0.527  0.041% neg 0  invalid 762 tFOTS 0.0000 tGradient 1.5620 tsec 1.9450
#GCMRL#  297 dt 103.680000 rms  0.526  0.050% neg 0  invalid 762 tFOTS 0.0000 tGradient 1.6390 tsec 2.1110
#GCMRL#  298 dt 103.680000 rms  0.526  0.058% neg 0  invalid 762 tFOTS 0.0000 tGradient 1.6030 tsec 2.0230
#GCMRL#  299 dt 103.680000 rms  0.526  0.036% neg 0  invalid 762 tFOTS 0.0000 tGradient 1.5150 tsec 1.9480
#GCMRL#  300 dt 103.680000 rms  0.526  0.031% neg 0  invalid 762 tFOTS 0.0000 tGradient 1.4570 tsec 1.8240
#GCMRL#  301 dt 103.680000 rms  0.525  0.047% neg 0  invalid 762 tFOTS 0.0000 tGradient 1.4570 tsec 1.8320
#GCMRL#  302 dt 103.680000 rms  0.525  0.050% neg 0  invalid 762 tFOTS 0.0000 tGradient 1.4720 tsec 1.8590
#GCMRL#  303 dt 103.680000 rms  0.525  0.035% neg 0  invalid 762 tFOTS 0.0000 tGradient 1.4700 tsec 1.8270
#GCMRL#  304 dt 103.680000 rms  0.525  0.023% neg 0  invalid 762 tFOTS 0.0000 tGradient 1.5000 tsec 1.8580
#GCMRL#  305 dt 103.680000 rms  0.525  0.036% neg 0  invalid 762 tFOTS 0.0000 tGradient 1.5050 tsec 1.8740
#GCMRL#  306 dt 103.680000 rms  0.524  0.043% neg 0  invalid 762 tFOTS 0.0000 tGradient 1.5110 tsec 1.8750
#GCMRL#  307 dt 103.680000 rms  0.524  0.036% neg 0  invalid 762 tFOTS 0.0000 tGradient 1.4910 tsec 1.8750
#GCMRL#  308 dt 103.680000 rms  0.524  0.025% neg 0  invalid 762 tFOTS 0.0000 tGradient 1.5180 tsec 1.8700
#GCMRL#  309 dt 103.680000 rms  0.524  0.027% neg 0  invalid 762 tFOTS 0.0000 tGradient 1.5500 tsec 1.9520
#GCMRL#  310 dt 103.680000 rms  0.524  0.034% neg 0  invalid 762 tFOTS 0.0000 tGradient 1.4670 tsec 1.8180
#GCMRL#  311 dt 103.680000 rms  0.524  0.032% neg 0  invalid 762 tFOTS 0.0000 tGradient 1.5760 tsec 1.9430
#GCMRL#  312 dt 103.680000 rms  0.523  0.032% neg 0  invalid 762 tFOTS 0.0000 tGradient 1.5510 tsec 1.9530
#GCMRL#  313 dt 103.680000 rms  0.523  0.030% neg 0  invalid 762 tFOTS 0.0000 tGradient 1.6540 tsec 2.0530
#GCMRL#  314 dt 103.680000 rms  0.523  0.024% neg 0  invalid 762 tFOTS 0.0000 tGradient 1.5440 tsec 1.9470
#GCMRL#  315 dt 103.680000 rms  0.523  0.028% neg 0  invalid 762 tFOTS 0.0000 tGradient 1.6170 tsec 2.0190
#GCMRL#  316 dt 103.680000 rms  0.523  0.029% neg 0  invalid 762 tFOTS 0.0000 tGradient 1.4960 tsec 1.8580
#GCMRL#  317 dt 103.680000 rms  0.523  0.024% neg 0  invalid 762 tFOTS 0.0000 tGradient 1.5550 tsec 1.9530
#GCMRL#  318 dt 103.680000 rms  0.523  0.021% neg 0  invalid 762 tFOTS 0.0000 tGradient 1.5600 tsec 2.0310
#FOTS# QuadFit found better minimum quadopt=(dt=145.152,rms=0.522533) vs oldopt=(dt=103.68,rms=0.522542)
#GCMRL#  319 dt 145.152000 rms  0.523  0.000% neg 0  invalid 762 tFOTS 6.3650 tGradient 1.5420 tsec 8.3830

#GCAMreg# pass 0 level1 4 level2 1 tsec 466.441 sigma 0.5
l_jacobian=1.00 l_label=1.00 l_log_likelihood=0.20 l_smoothness=0.03 
tol=5.00e-02, dt=5.00e-02, exp_k=20.0, momentum=0.90, levels=6, niter=500, lbl_dist=10.00, avgs=64, sigma=0.5,type=2, relabel=0, neg=no

blurring input image with Gaussian with sigma=0.500...
GCAMRegisterLevel(): init RMS 0.52322
#FOTS# QuadFit found better minimum quadopt=(dt=145.152,rms=0.521214) vs oldopt=(dt=103.68,rms=0.521372)
#GCMRL#  321 dt 145.152000 rms  0.521  0.383% neg 0  invalid 762 tFOTS 6.1650 tGradient 1.6080 tsec 8.2190
#FOTS# QuadFit found better minimum quadopt=(dt=62.208,rms=0.52094) vs oldopt=(dt=103.68,rms=0.521004)
#GCMRL#  322 dt  62.208000 rms  0.521  0.053% neg 0  invalid 762 tFOTS 6.1290 tGradient 1.6020 tsec 8.1810
#FOTS# QuadFit found better minimum quadopt=(dt=331.776,rms=0.520618) vs oldopt=(dt=414.72,rms=0.520643)
#GCMRL#  323 dt 331.776000 rms  0.521  0.062% neg 0  invalid 762 tFOTS 6.1790 tGradient 1.6050 tsec 8.2360
#GCMRL#  324 dt 103.680000 rms  0.520  0.084% neg 0  invalid 762 tFOTS 6.4300 tGradient 1.8140 tsec 8.6270
#FOTS# QuadFit found better minimum quadopt=(dt=31.104,rms=0.520128) vs oldopt=(dt=25.92,rms=0.52013)
#GCMRL#  325 dt  31.104000 rms  0.520  0.000% neg 0  invalid 762 tFOTS 5.2720 tGradient 1.5140 tsec 7.2060
#GCMRL#  326 dt  31.104000 rms  0.520  0.002% neg 0  invalid 762 tFOTS 0.0000 tGradient 1.4970 tsec 1.9320
#GCMRL#  327 dt  31.104000 rms  0.520  0.004% neg 0  invalid 762 tFOTS 0.0000 tGradient 1.5100 tsec 1.8840
#GCMRL#  328 dt  31.104000 rms  0.520  0.010% neg 0  invalid 762 tFOTS 0.0000 tGradient 1.4840 tsec 1.8810
#GCMRL#  329 dt  31.104000 rms  0.520  0.020% neg 0  invalid 762 tFOTS 0.0000 tGradient 1.7150 tsec 2.0870
#GCMRL#  330 dt  31.104000 rms  0.520  0.028% neg 0  invalid 762 tFOTS 0.0000 tGradient 1.4910 tsec 1.8830
#GCMRL#  331 dt  31.104000 rms  0.520  0.028% neg 0  invalid 762 tFOTS 0.0000 tGradient 1.7360 tsec 2.2600
#GCMRL#  332 dt  31.104000 rms  0.520  0.027% neg 0  invalid 762 tFOTS 0.0000 tGradient 1.5630 tsec 1.9550
#GCMRL#  333 dt  31.104000 rms  0.519  0.024% neg 0  invalid 762 tFOTS 0.0000 tGradient 1.6630 tsec 2.0470
#GCMRL#  334 dt  31.104000 rms  0.519  0.022% neg 0  invalid 762 tFOTS 0.0000 tGradient 1.7420 tsec 2.1970
#FOTS# QuadFit found better minimum quadopt=(dt=580.608,rms=0.519114) vs oldopt=(dt=414.72,rms=0.519132)
#GCMRL#  335 dt 580.608000 rms  0.519  0.029% neg 0  invalid 762 tFOTS 6.2750 tGradient 1.6510 tsec 8.3720
#FOTS# QuadFit found better minimum quadopt=(dt=82.944,rms=0.518971) vs oldopt=(dt=103.68,rms=0.518985)
#GCMRL#  336 dt  82.944000 rms  0.519  0.000% neg 0  invalid 762 tFOTS 5.9520 tGradient 1.6900 tsec 8.1120
#GCMRL#  337 dt  82.944000 rms  0.519  0.017% neg 0  invalid 762 tFOTS 0.0000 tGradient 1.7510 tsec 2.1310
#GCMRL#  338 dt  82.944000 rms  0.519  0.012% neg 0  invalid 762 tFOTS 0.0000 tGradient 1.6820 tsec 2.0570
setting smoothness cost coefficient to 0.118

#GCAMreg# pass 0 level1 3 level2 0 tsec 0 sigma 2
l_jacobian=1.00 l_label=1.00 l_log_likelihood=0.20 l_smoothness=0.12 
tol=5.00e-02, dt=5.00e-02, exp_k=20.0, momentum=0.90, levels=6, niter=500, lbl_dist=10.00, avgs=16, sigma=2.0,type=2, relabel=0, neg=no

blurring input image with Gaussian with sigma=2.000...
GCAMRegisterLevel(): init RMS 0.534754
#GCMRL#  340 dt  32.000000 rms  0.533  0.373% neg 0  invalid 762 tFOTS 6.5440 tGradient 1.5780 tsec 8.6240
#FOTS# QuadFit found better minimum quadopt=(dt=102.4,rms=0.529391) vs oldopt=(dt=128,rms=0.529534)
#GCMRL#  341 dt 102.400000 rms  0.529  0.633% neg 0  invalid 762 tFOTS 6.4300 tGradient 1.6840 tsec 8.5300
#FOTS# QuadFit found better minimum quadopt=(dt=102.4,rms=0.524657) vs oldopt=(dt=128,rms=0.52485)
#GCMRL#  342 dt 102.400000 rms  0.525  0.894% neg 0  invalid 762 tFOTS 5.8680 tGradient 1.5480 tsec 7.8560
#GCMRL#  343 dt  32.000000 rms  0.521  0.614% neg 0  invalid 762 tFOTS 5.9260 tGradient 1.4280 tsec 7.7970
#FOTS# QuadFit found better minimum quadopt=(dt=38.4,rms=0.520274) vs oldopt=(dt=32,rms=0.520311)
#GCMRL#  344 dt  38.400000 rms  0.520  0.223% neg 0  invalid 762 tFOTS 5.9110 tGradient 1.5350 tsec 7.8840
#FOTS# QuadFit found better minimum quadopt=(dt=97.6842,rms=0.518461) vs oldopt=(dt=32,rms=0.51882)
#GCMRL#  345 dt  97.684211 rms  0.518  0.348% neg 0  invalid 762 tFOTS 6.1030 tGradient 1.4750 tsec 8.0200
#FOTS# QuadFit found better minimum quadopt=(dt=30.3478,rms=0.516606) vs oldopt=(dt=32,rms=0.51663)
#GCMRL#  346 dt  30.347826 rms  0.517  0.358% neg 0  invalid 762 tFOTS 6.1290 tGradient 1.3550 tsec 7.9710
#FOTS# QuadFit found better minimum quadopt=(dt=44.8,rms=0.515066) vs oldopt=(dt=32,rms=0.515266)
#GCMRL#  347 dt  44.800000 rms  0.515  0.298% neg 0  invalid 762 tFOTS 4.9560 tGradient 1.4090 tsec 6.7460
#FOTS# QuadFit found better minimum quadopt=(dt=44.8,rms=0.513983) vs oldopt=(dt=32,rms=0.514112)
#GCMRL#  348 dt  44.800000 rms  0.514  0.210% neg 0  invalid 762 tFOTS 4.7450 tGradient 1.4360 tsec 6.5650
#FOTS# QuadFit found better minimum quadopt=(dt=44.8,rms=0.513154) vs oldopt=(dt=32,rms=0.51322)
#GCMRL#  349 dt  44.800000 rms  0.513  0.161% neg 0  invalid 762 tFOTS 4.7500 tGradient 1.4140 tsec 6.5760
#FOTS# QuadFit found better minimum quadopt=(dt=38.4,rms=0.51228) vs oldopt=(dt=32,rms=0.512282)
#GCMRL#  350 dt  38.400000 rms  0.512  0.170% neg 0  invalid 762 tFOTS 4.6870 tGradient 1.4420 tsec 6.5210
#FOTS# QuadFit found better minimum quadopt=(dt=38.4,rms=0.511627) vs oldopt=(dt=32,rms=0.511648)
#GCMRL#  351 dt  38.400000 rms  0.512  0.128% neg 0  invalid 762 tFOTS 4.7830 tGradient 1.4220 tsec 6.6100
#FOTS# QuadFit found better minimum quadopt=(dt=38.4,rms=0.510893) vs oldopt=(dt=32,rms=0.510903)
#GCMRL#  352 dt  38.400000 rms  0.511  0.143% neg 0  invalid 762 tFOTS 4.9270 tGradient 1.4210 tsec 6.7320
#FOTS# QuadFit found better minimum quadopt=(dt=38.4,rms=0.510381) vs oldopt=(dt=32,rms=0.510387)
#GCMRL#  353 dt  38.400000 rms  0.510  0.100% neg 0  invalid 762 tFOTS 6.5780 tGradient 1.4920 tsec 8.5180
#GCMRL#  354 dt  32.000000 rms  0.510  0.130% neg 0  invalid 762 tFOTS 6.2910 tGradient 1.4500 tsec 8.1630
#FOTS# QuadFit found better minimum quadopt=(dt=38.4,rms=0.509272) vs oldopt=(dt=32,rms=0.509287)
#GCMRL#  355 dt  38.400000 rms  0.509  0.087% neg 0  invalid 762 tFOTS 6.2370 tGradient 1.5110 tsec 8.1630
#GCMRL#  356 dt  32.000000 rms  0.509  0.115% neg 0  invalid 762 tFOTS 6.2720 tGradient 1.5420 tsec 8.1750
#GCMRL#  357 dt  32.000000 rms  0.508  0.067% neg 0  invalid 762 tFOTS 5.1520 tGradient 1.3540 tsec 6.9610
#FOTS# QuadFit found better minimum quadopt=(dt=44.8,rms=0.507735) vs oldopt=(dt=32,rms=0.507791)
#GCMRL#  358 dt  44.800000 rms  0.508  0.121% neg 0  invalid 762 tFOTS 6.2110 tGradient 1.4560 tsec 8.1040
#FOTS# QuadFit found better minimum quadopt=(dt=25.6,rms=0.50749) vs oldopt=(dt=32,rms=0.507512)
#GCMRL#  359 dt  25.600000 rms  0.507  0.000% neg 0  invalid 762 tFOTS 6.2430 tGradient 1.3040 tsec 8.0060
#GCMRL#  360 dt  25.600000 rms  0.507  0.101% neg 0  invalid 762 tFOTS 0.0000 tGradient 1.4440 tsec 1.8380
#GCMRL#  361 dt  25.600000 rms  0.506  0.103% neg 0  invalid 762 tFOTS 0.0000 tGradient 1.4630 tsec 1.8450
#GCMRL#  362 dt  25.600000 rms  0.506  0.141% neg 0  invalid 762 tFOTS 0.0000 tGradient 1.6000 tsec 1.9950
#GCMRL#  363 dt  25.600000 rms  0.505  0.187% neg 0  invalid 762 tFOTS 0.0000 tGradient 1.5080 tsec 1.9530
#GCMRL#  364 dt  25.600000 rms  0.504  0.228% neg 0  invalid 762 tFOTS 0.0000 tGradient 1.3980 tsec 1.7940
#GCMRL#  365 dt  25.600000 rms  0.503  0.224% neg 0  invalid 762 tFOTS 0.0000 tGradient 1.4900 tsec 1.8820
#GCMRL#  366 dt  25.600000 rms  0.501  0.224% neg 0  invalid 762 tFOTS 0.0000 tGradient 1.4500 tsec 1.8320
#GCMRL#  367 dt  25.600000 rms  0.500  0.233% neg 0  invalid 762 tFOTS 0.0000 tGradient 1.4570 tsec 1.8570
#GCMRL#  368 dt  25.600000 rms  0.499  0.241% neg 0  invalid 762 tFOTS 0.0000 tGradient 1.5190 tsec 1.9670
#GCMRL#  369 dt  25.600000 rms  0.498  0.209% neg 0  invalid 762 tFOTS 0.0000 tGradient 1.5090 tsec 1.9090
#GCMRL#  370 dt  25.600000 rms  0.497  0.195% neg 0  invalid 762 tFOTS 0.0000 tGradient 1.4010 tsec 1.7570
#GCMRL#  371 dt  25.600000 rms  0.496  0.183% neg 0  invalid 762 tFOTS 0.0000 tGradient 1.3980 tsec 1.8400
#GCMRL#  372 dt  25.600000 rms  0.495  0.172% neg 0  invalid 762 tFOTS 0.0000 tGradient 1.4180 tsec 1.8500
#GCMRL#  373 dt  25.600000 rms  0.495  0.148% neg 0  invalid 762 tFOTS 0.0000 tGradient 1.4820 tsec 1.9010
#GCMRL#  374 dt  25.600000 rms  0.494  0.137% neg 0  invalid 762 tFOTS 0.0000 tGradient 1.5280 tsec 1.9910
#GCMRL#  375 dt  25.600000 rms  0.493  0.128% neg 0  invalid 762 tFOTS 0.0000 tGradient 1.3410 tsec 1.7000
#GCMRL#  376 dt  25.600000 rms  0.493  0.115% neg 0  invalid 762 tFOTS 0.0000 tGradient 1.4370 tsec 1.8370
#GCMRL#  377 dt  25.600000 rms  0.492  0.095% neg 0  invalid 762 tFOTS 0.0000 tGradient 1.3280 tsec 1.7360
#GCMRL#  378 dt  25.600000 rms  0.492  0.081% neg 0  invalid 762 tFOTS 0.0000 tGradient 1.3550 tsec 1.7920
#GCMRL#  379 dt  25.600000 rms  0.491  0.082% neg 0  invalid 762 tFOTS 0.0000 tGradient 1.3460 tsec 1.7280
#GCMRL#  380 dt  25.600000 rms  0.491  0.069% neg 0  invalid 762 tFOTS 0.0000 tGradient 1.3950 tsec 1.7750
#GCMRL#  381 dt  25.600000 rms  0.491  0.058% neg 0  invalid 762 tFOTS 0.0000 tGradient 1.3710 tsec 1.7280
#GCMRL#  382 dt  25.600000 rms  0.490  0.058% neg 0  invalid 762 tFOTS 0.0000 tGradient 1.3480 tsec 1.7230
#GCMRL#  383 dt  25.600000 rms  0.490  0.058% neg 0  invalid 762 tFOTS 0.0000 tGradient 1.3470 tsec 1.7380
#GCMRL#  384 dt  25.600000 rms  0.490  0.050% neg 0  invalid 762 tFOTS 0.0000 tGradient 1.3970 tsec 1.8000
#GCMRL#  385 dt  25.600000 rms  0.490  0.045% neg 0  invalid 762 tFOTS 0.0000 tGradient 1.3300 tsec 1.6800
#GCMRL#  386 dt  25.600000 rms  0.489  0.054% neg 0  invalid 762 tFOTS 0.0000 tGradient 1.3900 tsec 1.7520
#GCMRL#  387 dt  25.600000 rms  0.489  0.048% neg 0  invalid 762 tFOTS 0.0000 tGradient 1.3200 tsec 1.6920
#GCMRL#  388 dt  25.600000 rms  0.489  0.039% neg 0  invalid 762 tFOTS 0.0000 tGradient 1.5920 tsec 1.9800
#GCMRL#  389 dt  25.600000 rms  0.489  0.038% neg 0  invalid 762 tFOTS 0.0000 tGradient 1.3600 tsec 1.7530
#GCMRL#  390 dt  25.600000 rms  0.489  0.040% neg 0  invalid 762 tFOTS 0.0000 tGradient 1.3900 tsec 1.7880
#GCMRL#  391 dt  25.600000 rms  0.488  0.033% neg 0  invalid 762 tFOTS 0.0000 tGradient 1.3220 tsec 1.6960
#GCMRL#  392 dt  25.600000 rms  0.488  0.031% neg 0  invalid 762 tFOTS 0.0000 tGradient 1.2980 tsec 1.6760
#GCMRL#  393 dt  25.600000 rms  0.488  0.029% neg 0  invalid 762 tFOTS 0.0000 tGradient 1.3000 tsec 1.7010
#GCMRL#  394 dt  25.600000 rms  0.488  0.030% neg 0  invalid 762 tFOTS 0.0000 tGradient 1.3010 tsec 1.6570
#GCMRL#  395 dt  25.600000 rms  0.488  0.027% neg 0  invalid 762 tFOTS 0.0000 tGradient 1.3810 tsec 1.7670
#GCMRL#  396 dt  25.600000 rms  0.488  0.023% neg 0  invalid 762 tFOTS 0.0000 tGradient 1.5010 tsec 1.9100
#GCMRL#  397 dt  25.600000 rms  0.488  0.029% neg 0  invalid 762 tFOTS 0.0000 tGradient 1.4050 tsec 1.8260
#GCMRL#  398 dt  25.600000 rms  0.488  0.029% neg 0  invalid 762 tFOTS 0.0000 tGradient 1.3310 tsec 1.6990
#GCMRL#  399 dt  25.600000 rms  0.487  0.030% neg 0  invalid 762 tFOTS 0.0000 tGradient 1.3160 tsec 1.7150
#GCMRL#  400 dt  25.600000 rms  0.487  0.028% neg 0  invalid 762 tFOTS 0.0000 tGradient 1.3950 tsec 1.7900
#GCMRL#  401 dt  25.600000 rms  0.487  0.025% neg 0  invalid 762 tFOTS 0.0000 tGradient 1.2800 tsec 1.6480
#GCMRL#  402 dt  25.600000 rms  0.487  0.024% neg 0  invalid 762 tFOTS 0.0000 tGradient 1.3180 tsec 1.6900
#GCMRL#  403 dt  25.600000 rms  0.487  0.020% neg 0  invalid 762 tFOTS 0.0000 tGradient 1.3750 tsec 1.7790
#FOTS# QuadFit found better minimum quadopt=(dt=38.4,rms=0.486844) vs oldopt=(dt=32,rms=0.486846)
#GCMRL#  404 dt  38.400000 rms  0.487  0.000% neg 0  invalid 762 tFOTS 4.2800 tGradient 1.3170 tsec 6.0120

#GCAMreg# pass 0 level1 3 level2 1 tsec 241.615 sigma 0.5
l_jacobian=1.00 l_label=1.00 l_log_likelihood=0.20 l_smoothness=0.12 
tol=5.00e-02, dt=5.00e-02, exp_k=20.0, momentum=0.90, levels=6, niter=500, lbl_dist=10.00, avgs=16, sigma=0.5,type=2, relabel=0, neg=no

blurring input image with Gaussian with sigma=0.500...
GCAMRegisterLevel(): init RMS 0.487459
#FOTS# QuadFit found better minimum quadopt=(dt=38.4,rms=0.486051) vs oldopt=(dt=32,rms=0.486075)
#GCMRL#  406 dt  38.400000 rms  0.486  0.289% neg 0  invalid 762 tFOTS 4.6950 tGradient 1.4600 tsec 6.5540
#FOTS# QuadFit found better minimum quadopt=(dt=19.2,rms=0.485878) vs oldopt=(dt=32,rms=0.485923)
#GCMRL#  407 dt  19.200000 rms  0.486  0.000% neg 0  invalid 762 tFOTS 4.5800 tGradient 1.3900 tsec 6.3960
#GCMRL#  408 dt  19.200000 rms  0.486  0.012% neg 0  invalid 762 tFOTS 0.0000 tGradient 1.3160 tsec 1.6840
#GCMRL#  409 dt  19.200000 rms  0.486  0.015% neg 0  invalid 762 tFOTS 0.0000 tGradient 1.2920 tsec 1.6770
#GCMRL#  410 dt  19.200000 rms  0.486  0.002% neg 0  invalid 762 tFOTS 0.0000 tGradient 1.3080 tsec 1.6810
setting smoothness cost coefficient to 0.400

#GCAMreg# pass 0 level1 2 level2 0 tsec 0 sigma 2
l_jacobian=1.00 l_label=1.00 l_log_likelihood=0.20 l_smoothness=0.40 
tol=5.00e-02, dt=5.00e-02, exp_k=20.0, momentum=0.90, levels=6, niter=500, lbl_dist=10.00, avgs=4, sigma=2.0,type=2, relabel=0, neg=no

blurring input image with Gaussian with sigma=2.000...
GCAMRegisterLevel(): init RMS 0.520307
#GCMRL#  412 dt   0.000000 rms  0.520  0.110% neg 0  invalid 762 tFOTS 4.5490 tGradient 1.3400 tsec 6.2560
#GCMRL#  413 dt   0.150000 rms  0.520  0.000% neg 0  invalid 762 tFOTS 4.0850 tGradient 1.2600 tsec 6.0220

#GCAMreg# pass 0 level1 2 level2 1 tsec 16.228 sigma 0.5
l_jacobian=1.00 l_label=1.00 l_log_likelihood=0.20 l_smoothness=0.40 
tol=5.00e-02, dt=5.00e-02, exp_k=20.0, momentum=0.90, levels=6, niter=500, lbl_dist=10.00, avgs=4, sigma=0.5,type=2, relabel=0, neg=no

blurring input image with Gaussian with sigma=0.500...
GCAMRegisterLevel(): init RMS 0.520307
#GCMRL#  415 dt   0.000000 rms  0.520  0.110% neg 0  invalid 762 tFOTS 4.1470 tGradient 1.2820 tsec 5.8130
#GCMRL#  416 dt   0.150000 rms  0.520  0.000% neg 0  invalid 762 tFOTS 4.1960 tGradient 1.2820 tsec 6.1620
setting smoothness cost coefficient to 1.000

#GCAMreg# pass 0 level1 1 level2 0 tsec 0 sigma 2
l_jacobian=1.00 l_label=1.00 l_log_likelihood=0.20 l_smoothness=1.00 
tol=5.00e-02, dt=5.00e-02, exp_k=20.0, momentum=0.90, levels=6, niter=500, lbl_dist=10.00, avgs=1, sigma=2.0,type=2, relabel=0, neg=no

blurring input image with Gaussian with sigma=2.000...
GCAMRegisterLevel(): init RMS 0.585969
#FOTS# QuadFit found better minimum quadopt=(dt=2.22464,rms=0.574071) vs oldopt=(dt=1.28,rms=0.576399)
#GCMRL#  418 dt   2.224638 rms  0.574  2.031% neg 0  invalid 762 tFOTS 4.1560 tGradient 1.2750 tsec 5.8220
#FOTS# QuadFit found better minimum quadopt=(dt=1.024,rms=0.573364) vs oldopt=(dt=1.28,rms=0.57344)
#GCMRL#  419 dt   1.024000 rms  0.573  0.123% neg 0  invalid 762 tFOTS 4.1450 tGradient 1.2590 tsec 5.8050
#FOTS# QuadFit found better minimum quadopt=(dt=0.256,rms=0.573338) vs oldopt=(dt=0.32,rms=0.573341)
#GCMRL#  420 dt   0.256000 rms  0.573  0.000% neg 0  invalid 762 tFOTS 4.1490 tGradient 1.3140 tsec 5.8690

#GCAMreg# pass 0 level1 1 level2 1 tsec 21.509 sigma 0.5
l_jacobian=1.00 l_label=1.00 l_log_likelihood=0.20 l_smoothness=1.00 
tol=5.00e-02, dt=5.00e-02, exp_k=20.0, momentum=0.90, levels=6, niter=500, lbl_dist=10.00, avgs=1, sigma=0.5,type=2, relabel=0, neg=no

blurring input image with Gaussian with sigma=0.500...
GCAMRegisterLevel(): init RMS 0.573854
#FOTS# QuadFit found better minimum quadopt=(dt=1.024,rms=0.572858) vs oldopt=(dt=1.28,rms=0.572906)
#GCMRL#  422 dt   1.024000 rms  0.573  0.173% neg 0  invalid 762 tFOTS 4.1660 tGradient 1.3820 tsec 5.9670
#GCMRL#  423 dt   0.320000 rms  0.573  0.000% neg 0  invalid 762 tFOTS 4.1850 tGradient 1.3890 tsec 5.9840
resetting metric properties...
setting smoothness cost coefficient to 2.000

#GCAMreg# pass 0 level1 0 level2 0 tsec 0 sigma 2
l_jacobian=1.00 l_label=1.00 l_log_likelihood=0.20 l_smoothness=2.00 
tol=5.00e-02, dt=5.00e-02, exp_k=20.0, momentum=0.90, levels=6, niter=500, lbl_dist=10.00, avgs=0, sigma=2.0,type=2, relabel=0, neg=no

blurring input image with Gaussian with sigma=2.000...
GCAMRegisterLevel(): init RMS 0.517796
#FOTS# QuadFit found better minimum quadopt=(dt=0.448,rms=0.50506) vs oldopt=(dt=0.32,rms=0.508376)
#GCMRL#  425 dt   0.448000 rms  0.505  2.460% neg 0  invalid 762 tFOTS 3.9120 tGradient 0.8380 tsec 5.1530
#FOTS# QuadFit found better minimum quadopt=(dt=1.536,rms=0.493568) vs oldopt=(dt=1.28,rms=0.495313)
#GCMRL#  426 dt   1.536000 rms  0.494  2.275% neg 0  invalid 762 tFOTS 4.1210 tGradient 0.7790 tsec 5.2920
#GCMRL#  427 dt   0.050000 rms  0.494  0.000% neg 0  invalid 762 tFOTS 3.7010 tGradient 0.7680 tsec 5.1650

#GCAMreg# pass 0 level1 0 level2 1 tsec 19.073 sigma 0.5
l_jacobian=1.00 l_label=1.00 l_log_likelihood=0.20 l_smoothness=2.00 
tol=5.00e-02, dt=5.00e-02, exp_k=20.0, momentum=0.90, levels=6, niter=500, lbl_dist=10.00, avgs=0, sigma=0.5,type=2, relabel=0, neg=no

blurring input image with Gaussian with sigma=0.500...
GCAMRegisterLevel(): init RMS 0.494171
#FOTS# QuadFit found better minimum quadopt=(dt=0.448,rms=0.491839) vs oldopt=(dt=0.32,rms=0.492241)
#GCMRL#  429 dt   0.448000 rms  0.492  0.472% neg 0  invalid 762 tFOTS 3.8940 tGradient 0.7650 tsec 5.0500
#FOTS# QuadFit found better minimum quadopt=(dt=0.448,rms=0.491732) vs oldopt=(dt=0.32,rms=0.491748)
#GCMRL#  430 dt   0.448000 rms  0.492  0.000% neg 0  invalid 762 tFOTS 3.8960 tGradient 0.7570 tsec 5.1480
#GCMRL#  431 dt   0.448000 rms  0.491  0.061% neg 0  invalid 762 tFOTS 0.0000 tGradient 0.7750 tsec 1.1610
#GCMRL#  432 dt   0.448000 rms  0.491  0.104% neg 0  invalid 762 tFOTS 0.0000 tGradient 0.7610 tsec 1.1470
#GCMRL#  433 dt   0.448000 rms  0.490  0.135% neg 0  invalid 762 tFOTS 0.0000 tGradient 0.7180 tsec 1.1160
#GCMRL#  434 dt   0.448000 rms  0.489  0.169% neg 0  invalid 762 tFOTS 0.0000 tGradient 0.7390 tsec 1.1290
#GCMRL#  435 dt   0.448000 rms  0.488  0.196% neg 0  invalid 762 tFOTS 0.0000 tGradient 0.7230 tsec 1.1070
#GCMRL#  436 dt   0.448000 rms  0.488  0.032% neg 0  invalid 762 tFOTS 0.0000 tGradient 0.6970 tsec 1.3230
#GCMRL#  437 dt   0.448000 rms  0.488  0.015% neg 0  invalid 762 tFOTS 0.0000 tGradient 0.7230 tsec 1.3870
#GCMRL#  438 dt   0.448000 rms  0.488  0.025% neg 0  invalid 762 tFOTS 0.0000 tGradient 0.7100 tsec 1.0950
#GCMRL#  439 dt   0.448000 rms  0.488  0.027% neg 0  invalid 762 tFOTS 0.0000 tGradient 0.7290 tsec 1.1140
#GCMRL#  440 dt   0.448000 rms  0.488  0.025% neg 0  invalid 762 tFOTS 0.0000 tGradient 0.7180 tsec 1.0610
#GCMRL#  441 dt   0.448000 rms  0.488  0.025% neg 0  invalid 762 tFOTS 0.0000 tGradient 0.7260 tsec 1.1050
#GCMRL#  442 dt   0.448000 rms  0.488  0.003% neg 0  invalid 762 tFOTS 0.0000 tGradient 0.7400 tsec 1.4000
#FOTS# QuadFit found better minimum quadopt=(dt=0.384,rms=0.487703) vs oldopt=(dt=0.32,rms=0.487706)
#GCMRL#  443 dt   0.384000 rms  0.488  0.005% neg 0  invalid 762 tFOTS 5.0960 tGradient 0.8120 tsec 6.3580
#FOTS# QuadFit found better minimum quadopt=(dt=0.448,rms=0.487674) vs oldopt=(dt=0.32,rms=0.48768)
#GCMRL#  444 dt   0.448000 rms  0.488  0.006% neg 0  invalid 762 tFOTS 5.0420 tGradient 0.8550 tsec 6.3330
#FOTS# QuadFit found better minimum quadopt=(dt=0.448,rms=0.487639) vs oldopt=(dt=0.32,rms=0.487644)
#GCMRL#  445 dt   0.448000 rms  0.488  0.007% neg 0  invalid 762 tFOTS 5.0990 tGradient 0.8170 tsec 6.3510
#FOTS# QuadFit found better minimum quadopt=(dt=0.448,rms=0.487615) vs oldopt=(dt=0.32,rms=0.48762)
#GCMRL#  446 dt   0.448000 rms  0.488  0.000% neg 0  invalid 762 tFOTS 5.1090 tGradient 0.7960 tsec 6.3680
#GCMRL#  447 dt   0.448000 rms  0.488  0.007% neg 0  invalid 762 tFOTS 0.0000 tGradient 0.8680 tsec 1.2610
#GCMRL#  448 dt   0.448000 rms  0.488  0.011% neg 0  invalid 762 tFOTS 0.0000 tGradient 0.8390 tsec 1.2060
#GCMRL#  449 dt   0.224000 rms  0.488  0.004% neg 0  invalid 762 tFOTS 0.0000 tGradient 0.8420 tsec 1.6910
#GCMRL#  450 dt   0.224000 rms  0.487  0.006% neg 0  invalid 762 tFOTS 0.0000 tGradient 0.8240 tsec 1.2600
#GCMRL#  451 dt   0.224000 rms  0.487  0.010% neg 0  invalid 762 tFOTS 0.0000 tGradient 0.8230 tsec 1.2040
GCAMregister done in 23.9079 min
********************* ALLOWING NEGATIVE NODES IN DEFORMATION********************************
noneg post
Starting GCAMregister()
label assignment complete, 0 changed (0.00%)
npasses = 1, nlevels = 6
#pass# 1 of 1 ************************
enabling zero nodes
setting smoothness cost coefficient to 0.008

#GCAMreg# pass 0 level1 5 level2 0 tsec 0 sigma 2
l_jacobian=1.00 l_label=1.00 l_log_likelihood=0.20 l_smoothness=0.01 
tol=2.50e-01, dt=5.00e-02, exp_k=20.0, momentum=0.90, levels=6, niter=500, lbl_dist=10.00, avgs=256, sigma=2.0,type=2, relabel=0, neg=yes

blurring input image with Gaussian with sigma=2.000...
GCAMRegisterLevel(): init RMS 0.485397
#FOTS# QuadFit found better minimum quadopt=(dt=73.984,rms=0.484746) vs oldopt=(dt=92.48,rms=0.484753)
#GCMRL#  453 dt  73.984000 rms  0.485  0.134% neg 0  invalid 762 tFOTS 6.1330 tGradient 1.5660 tsec 8.1430
#FOTS# QuadFit found better minimum quadopt=(dt=221.952,rms=0.484558) vs oldopt=(dt=369.92,rms=0.484611)
#GCMRL#  454 dt 221.952000 rms  0.485  0.000% neg 0  invalid 762 tFOTS 6.3300 tGradient 1.5520 tsec 8.3420
#GCMRL#  455 dt 221.952000 rms  0.484  0.068% neg 0  invalid 762 tFOTS 0.0000 tGradient 1.5410 tsec 1.9630
#GCMRL#  456 dt 221.952000 rms  0.484  0.052% neg 0  invalid 762 tFOTS 0.0000 tGradient 1.5850 tsec 1.9430
iter 0, gcam->neg = 1
after 0 iterations, nbhd size=0, neg = 0

#GCAMreg# pass 0 level1 5 level2 1 tsec 25.043 sigma 0.5
l_jacobian=1.00 l_label=1.00 l_log_likelihood=0.20 l_smoothness=0.01 
tol=2.50e-01, dt=5.00e-02, exp_k=20.0, momentum=0.90, levels=6, niter=500, lbl_dist=10.00, avgs=256, sigma=0.5,type=2, relabel=0, neg=yes

blurring input image with Gaussian with sigma=0.500...
GCAMRegisterLevel(): init RMS 0.484535
#FOTS# QuadFit found better minimum quadopt=(dt=129.472,rms=0.483273) vs oldopt=(dt=92.48,rms=0.483398)
#GCMRL#  458 dt 129.472000 rms  0.483  0.260% neg 0  invalid 762 tFOTS 6.1220 tGradient 1.5220 tsec 8.0700
#FOTS# QuadFit found better minimum quadopt=(dt=73.984,rms=0.483189) vs oldopt=(dt=92.48,rms=0.483191)
#GCMRL#  459 dt  73.984000 rms  0.483  0.000% neg 0  invalid 762 tFOTS 6.0820 tGradient 1.6350 tsec 8.1800
#GCMRL#  460 dt  73.984000 rms  0.483  0.017% neg 0  invalid 762 tFOTS 0.0000 tGradient 1.5780 tsec 1.9650
#GCMRL#  461 dt  73.984000 rms  0.483  0.028% neg 0  invalid 762 tFOTS 0.0000 tGradient 1.5950 tsec 1.9810
#GCMRL#  462 dt  73.984000 rms  0.483  0.032% neg 0  invalid 762 tFOTS 0.0000 tGradient 1.4230 tsec 1.7880
#GCMRL#  463 dt  73.984000 rms  0.483  0.030% neg 0  invalid 762 tFOTS 0.0000 tGradient 1.3700 tsec 1.7640
#GCMRL#  464 dt  73.984000 rms  0.483  0.031% neg 0  invalid 762 tFOTS 0.0000 tGradient 1.3550 tsec 1.7500
#GCMRL#  465 dt  73.984000 rms  0.482  0.030% neg 0  invalid 762 tFOTS 0.0000 tGradient 1.4570 tsec 1.8760
#FOTS# QuadFit found better minimum quadopt=(dt=443.904,rms=0.482328) vs oldopt=(dt=369.92,rms=0.482329)
setting smoothness cost coefficient to 0.031

#GCAMreg# pass 0 level1 4 level2 0 tsec 0 sigma 2
l_jacobian=1.00 l_label=1.00 l_log_likelihood=0.20 l_smoothness=0.03 
tol=2.50e-01, dt=5.00e-02, exp_k=20.0, momentum=0.90, levels=6, niter=500, lbl_dist=10.00, avgs=64, sigma=2.0,type=2, relabel=0, neg=yes

blurring input image with Gaussian with sigma=2.000...
GCAMRegisterLevel(): init RMS 0.48296
#GCMRL#  467 dt 103.680000 rms  0.481  0.394% neg 0  invalid 762 tFOTS 4.8890 tGradient 1.3380 tsec 6.6190
#FOTS# QuadFit found better minimum quadopt=(dt=145.152,rms=0.478994) vs oldopt=(dt=103.68,rms=0.479203)
iter 0, gcam->neg = 1
after 0 iterations, nbhd size=0, neg = 0
#GCMRL#  468 dt 145.152000 rms  0.479  0.428% neg 0  invalid 762 tFOTS 4.7530 tGradient 1.3230 tsec 7.1020
#FOTS# QuadFit found better minimum quadopt=(dt=36.288,rms=0.478241) vs oldopt=(dt=25.92,rms=0.478305)
iter 0, gcam->neg = 1
after 0 iterations, nbhd size=0, neg = 0
#GCMRL#  469 dt  36.288000 rms  0.478  0.000% neg 0  invalid 762 tFOTS 5.0850 tGradient 1.2820 tsec 7.4460
#GCMRL#  470 dt  36.288000 rms  0.478  0.059% neg 0  invalid 762 tFOTS 0.0000 tGradient 1.3540 tsec 1.7500
iter 0, gcam->neg = 1
after 1 iterations, nbhd size=0, neg = 0
#GCMRL#  471 dt  36.288000 rms  0.478  0.082% neg 0  invalid 762 tFOTS 0.0000 tGradient 1.3790 tsec 2.7500
#GCMRL#  472 dt  36.288000 rms  0.477  0.121% neg 0  invalid 762 tFOTS 0.0000 tGradient 1.3090 tsec 1.7070
#GCMRL#  473 dt  36.288000 rms  0.476  0.140% neg 0  invalid 762 tFOTS 0.0000 tGradient 1.3110 tsec 1.7510
iter 0, gcam->neg = 1
after 1 iterations, nbhd size=0, neg = 0
#GCMRL#  474 dt  36.288000 rms  0.476  0.146% neg 0  invalid 762 tFOTS 0.0000 tGradient 1.3160 tsec 2.8120
iter 0, gcam->neg = 3
after 5 iterations, nbhd size=0, neg = 0
#GCMRL#  475 dt  36.288000 rms  0.475  0.119% neg 0  invalid 762 tFOTS 0.0000 tGradient 1.3120 tsec 3.9130
iter 0, gcam->neg = 3
after 2 iterations, nbhd size=0, neg = 0
#GCMRL#  476 dt  36.288000 rms  0.475  0.095% neg 0  invalid 762 tFOTS 0.0000 tGradient 1.3000 tsec 3.0040
#GCMRL#  477 dt 103.680000 rms  0.474  0.000% neg 0  invalid 762 tFOTS 4.7930 tGradient 1.3080 tsec 6.5130
iter 0, gcam->neg = 1
after 0 iterations, nbhd size=0, neg = 0
#GCMRL#  478 dt 103.680000 rms  0.474  0.069% neg 0  invalid 762 tFOTS 0.0000 tGradient 1.3500 tsec 2.4270
#GCMRL#  479 dt 103.680000 rms  0.474  0.106% neg 0  invalid 762 tFOTS 0.0000 tGradient 1.2980 tsec 1.6880
#GCMRL#  480 dt 103.680000 rms  0.473  0.117% neg 0  invalid 762 tFOTS 0.0000 tGradient 1.2840 tsec 1.6690
#GCMRL#  481 dt 103.680000 rms  0.473  0.116% neg 0  invalid 762 tFOTS 0.0000 tGradient 1.3590 tsec 1.8060
iter 0, gcam->neg = 1
after 0 iterations, nbhd size=0, neg = 0
#GCMRL#  482 dt 103.680000 rms  0.472  0.119% neg 0  invalid 762 tFOTS 0.0000 tGradient 1.3890 tsec 2.4340
iter 0, gcam->neg = 1
after 2 iterations, nbhd size=0, neg = 0
#GCMRL#  483 dt 103.680000 rms  0.471  0.131% neg 0  invalid 762 tFOTS 0.0000 tGradient 1.3100 tsec 2.9590
iter 0, gcam->neg = 2
after 0 iterations, nbhd size=0, neg = 0
#GCMRL#  484 dt 103.680000 rms  0.471  0.061% neg 0  invalid 762 tFOTS 0.0000 tGradient 1.5400 tsec 2.8030
iter 0, gcam->neg = 1
after 0 iterations, nbhd size=0, neg = 0
#GCMRL#  485 dt 103.680000 rms  0.471  0.020% neg 0  invalid 762 tFOTS 0.0000 tGradient 1.3500 tsec 2.5940
#FOTS# QuadFit found better minimum quadopt=(dt=36.288,rms=0.470752) vs oldopt=(dt=25.92,rms=0.470794)
iter 0, gcam->neg = 1
after 0 iterations, nbhd size=0, neg = 0
#GCMRL#  486 dt  36.288000 rms  0.471  0.050% neg 0  invalid 762 tFOTS 6.5730 tGradient 1.4230 tsec 9.3160
#GCMRL#  487 dt 414.720000 rms  0.470  0.072% neg 0  invalid 762 tFOTS 6.5260 tGradient 1.5450 tsec 8.5170
#FOTS# QuadFit found better minimum quadopt=(dt=31.104,rms=0.47025) vs oldopt=(dt=25.92,rms=0.470251)
#GCMRL#  488 dt  31.104000 rms  0.470  0.000% neg 0  invalid 762 tFOTS 6.3220 tGradient 1.4460 tsec 8.2350

#GCAMreg# pass 0 level1 4 level2 1 tsec 94.079 sigma 0.5
l_jacobian=1.00 l_label=1.00 l_log_likelihood=0.20 l_smoothness=0.03 
tol=2.50e-01, dt=5.00e-02, exp_k=20.0, momentum=0.90, levels=6, niter=500, lbl_dist=10.00, avgs=64, sigma=0.5,type=2, relabel=0, neg=yes

blurring input image with Gaussian with sigma=0.500...
GCAMRegisterLevel(): init RMS 0.470828
#FOTS# QuadFit found better minimum quadopt=(dt=145.152,rms=0.468636) vs oldopt=(dt=103.68,rms=0.468836)
iter 0, gcam->neg = 1
after 1 iterations, nbhd size=0, neg = 0
#GCMRL#  490 dt 145.152000 rms  0.469  0.466% neg 0  invalid 762 tFOTS 6.0970 tGradient 1.5110 tsec 9.3280
#FOTS# QuadFit found better minimum quadopt=(dt=36.288,rms=0.468292) vs oldopt=(dt=25.92,rms=0.468354)
#GCMRL#  491 dt  36.288000 rms  0.468  0.000% neg 0  invalid 762 tFOTS 5.9060 tGradient 1.4300 tsec 7.7260
#GCMRL#  492 dt  36.288000 rms  0.468  0.033% neg 0  invalid 762 tFOTS 0.0000 tGradient 1.2910 tsec 1.6350
#GCMRL#  493 dt  36.288000 rms  0.468  0.048% neg 0  invalid 762 tFOTS 0.0000 tGradient 1.4830 tsec 2.0050
#GCMRL#  494 dt  36.288000 rms  0.468  0.056% neg 0  invalid 762 tFOTS 0.0000 tGradient 1.4240 tsec 1.8130
#GCMRL#  495 dt  36.288000 rms  0.467  0.067% neg 0  invalid 762 tFOTS 0.0000 tGradient 1.4910 tsec 1.9560
#GCMRL#  496 dt  36.288000 rms  0.467  0.073% neg 0  invalid 762 tFOTS 0.0000 tGradient 1.3190 tsec 1.6620
#GCMRL#  497 dt  36.288000 rms  0.467  0.068% neg 0  invalid 762 tFOTS 0.0000 tGradient 1.3520 tsec 1.7130
#GCMRL#  498 dt  36.288000 rms  0.466  0.061% neg 0  invalid 762 tFOTS 0.0000 tGradient 1.3130 tsec 1.6930
#FOTS# QuadFit found better minimum quadopt=(dt=145.152,rms=0.466286) vs oldopt=(dt=103.68,rms=0.466298)
setting smoothness cost coefficient to 0.118

#GCAMreg# pass 0 level1 3 level2 0 tsec 0 sigma 2
l_jacobian=1.00 l_label=1.00 l_log_likelihood=0.20 l_smoothness=0.12 
tol=2.50e-01, dt=5.00e-02, exp_k=20.0, momentum=0.90, levels=6, niter=500, lbl_dist=10.00, avgs=16, sigma=2.0,type=2, relabel=0, neg=yes

blurring input image with Gaussian with sigma=2.000...
GCAMRegisterLevel(): init RMS 0.468286
#FOTS# QuadFit found better minimum quadopt=(dt=74.3111,rms=0.464479) vs oldopt=(dt=32,rms=0.465271)
iter 0, gcam->neg = 3
after 7 iterations, nbhd size=1, neg = 0
#GCMRL#  500 dt  74.311111 rms  0.464  0.813% neg 0  invalid 762 tFOTS 6.6490 tGradient 1.4990 tsec 12.2360
#FOTS# QuadFit found better minimum quadopt=(dt=65.8462,rms=0.459906) vs oldopt=(dt=32,rms=0.461012)
iter 0, gcam->neg = 4
after 2 iterations, nbhd size=0, neg = 0
#GCMRL#  501 dt  65.846154 rms  0.460  0.985% neg 0  invalid 762 tFOTS 6.4600 tGradient 1.3610 tsec 10.2590
#FOTS# QuadFit found better minimum quadopt=(dt=25.0729,rms=0.458362) vs oldopt=(dt=32,rms=0.458556)
iter 0, gcam->neg = 1
after 5 iterations, nbhd size=0, neg = 0
#GCMRL#  502 dt  25.072941 rms  0.458  0.333% neg 0  invalid 762 tFOTS 6.5820 tGradient 1.5420 tsec 11.7630
#FOTS# QuadFit found better minimum quadopt=(dt=44.8,rms=0.456968) vs oldopt=(dt=32,rms=0.457119)
iter 0, gcam->neg = 1
after 0 iterations, nbhd size=0, neg = 0
#GCMRL#  503 dt  44.800000 rms  0.457  0.306% neg 0  invalid 762 tFOTS 6.4530 tGradient 1.3930 tsec 9.2050
#FOTS# QuadFit found better minimum quadopt=(dt=25.6,rms=0.456237) vs oldopt=(dt=32,rms=0.456245)
#GCMRL#  504 dt  25.600000 rms  0.456  0.000% neg 0  invalid 762 tFOTS 5.2620 tGradient 1.4850 tsec 7.1600
iter 0, gcam->neg = 1
after 0 iterations, nbhd size=0, neg = 0
#GCMRL#  505 dt  25.600000 rms  0.455  0.192% neg 0  invalid 762 tFOTS 0.0000 tGradient 1.2950 tsec 2.3320
iter 0, gcam->neg = 1
after 6 iterations, nbhd size=1, neg = 0
#GCMRL#  506 dt  25.600000 rms  0.454  0.237% neg 0  invalid 762 tFOTS 0.0000 tGradient 1.4890 tsec 4.3940
iter 0, gcam->neg = 5
after 12 iterations, nbhd size=1, neg = 0
#GCMRL#  507 dt  25.600000 rms  0.453  0.259% neg 0  invalid 762 tFOTS 0.0000 tGradient 1.2510 tsec 6.1160
iter 0, gcam->neg = 3
after 10 iterations, nbhd size=1, neg = 0
#GCMRL#  508 dt  25.600000 rms  0.452  0.330% neg 0  invalid 762 tFOTS 0.0000 tGradient 1.2450 tsec 5.4290
iter 0, gcam->neg = 7
after 9 iterations, nbhd size=1, neg = 0
#GCMRL#  509 dt  25.600000 rms  0.450  0.328% neg 0  invalid 762 tFOTS 0.0000 tGradient 1.2940 tsec 5.0850
iter 0, gcam->neg = 11
after 3 iterations, nbhd size=0, neg = 0
#GCMRL#  510 dt  25.600000 rms  0.449  0.282% neg 0  invalid 762 tFOTS 0.0000 tGradient 1.3370 tsec 3.3420
iter 0, gcam->neg = 19
after 14 iterations, nbhd size=1, neg = 0
#GCMRL#  511 dt  25.600000 rms  0.448  0.204% neg 0  invalid 762 tFOTS 0.0000 tGradient 1.3010 tsec 6.6890
iter 0, gcam->neg = 13
after 10 iterations, nbhd size=1, neg = 0
#GCMRL#  512 dt  25.600000 rms  0.447  0.192% neg 0  invalid 762 tFOTS 0.0000 tGradient 1.3060 tsec 5.4700
iter 0, gcam->neg = 14
after 5 iterations, nbhd size=0, neg = 0
#GCMRL#  513 dt  25.600000 rms  0.446  0.183% neg 0  invalid 762 tFOTS 0.0000 tGradient 1.2800 tsec 3.8810
iter 0, gcam->neg = 9
after 6 iterations, nbhd size=0, neg = 0
#GCMRL#  514 dt  25.600000 rms  0.446  0.162% neg 0  invalid 762 tFOTS 0.0000 tGradient 1.3990 tsec 4.2990
iter 0, gcam->neg = 4
after 12 iterations, nbhd size=1, neg = 0
#GCMRL#  515 dt  25.600000 rms  0.445  0.142% neg 0  invalid 762 tFOTS 0.0000 tGradient 1.3780 tsec 6.1530
iter 0, gcam->neg = 5
after 2 iterations, nbhd size=0, neg = 0
#GCMRL#  516 dt  25.600000 rms  0.444  0.140% neg 0  invalid 762 tFOTS 0.0000 tGradient 1.4640 tsec 3.1130
iter 0, gcam->neg = 15
after 13 iterations, nbhd size=1, neg = 0
#GCMRL#  517 dt  25.600000 rms  0.444  0.108% neg 0  invalid 762 tFOTS 0.0000 tGradient 1.3120 tsec 6.4080
iter 0, gcam->neg = 19
after 17 iterations, nbhd size=1, neg = 0
#GCMRL#  518 dt  25.600000 rms  0.443  0.071% neg 0  invalid 762 tFOTS 0.0000 tGradient 1.2760 tsec 10.2860
#FOTS# QuadFit found better minimum quadopt=(dt=11.2,rms=0.443415) vs oldopt=(dt=8,rms=0.44343)
iter 0, gcam->neg = 1
after 6 iterations, nbhd size=1, neg = 0
#GCMRL#  519 dt  11.200000 rms  0.443  0.000% neg 0  invalid 762 tFOTS 6.8790 tGradient 1.3510 tsec 12.5760
iter 0, gcam->neg = 4
after 5 iterations, nbhd size=0, neg = 0
#GCMRL#  520 dt  11.200000 rms  0.443  0.008% neg 0  invalid 762 tFOTS 0.0000 tGradient 1.4540 tsec 5.0460
iter 0, gcam->neg = 6
after 4 iterations, nbhd size=0, neg = 0
#GCMRL#  521 dt  11.200000 rms  0.443  0.013% neg 0  invalid 762 tFOTS 0.0000 tGradient 1.5040 tsec 3.8320
iter 0, gcam->neg = 2
after 7 iterations, nbhd size=0, neg = 0
#GCMRL#  522 dt  11.200000 rms  0.443  0.010% neg 0  invalid 762 tFOTS 0.0000 tGradient 1.2390 tsec 4.7050
iter 0, gcam->neg = 11
after 4 iterations, nbhd size=0, neg = 0

#GCAMreg# pass 0 level1 3 level2 1 tsec 155.56 sigma 0.5
l_jacobian=1.00 l_label=1.00 l_log_likelihood=0.20 l_smoothness=0.12 
tol=2.50e-01, dt=5.00e-02, exp_k=20.0, momentum=0.90, levels=6, niter=500, lbl_dist=10.00, avgs=16, sigma=0.5,type=2, relabel=0, neg=yes

blurring input image with Gaussian with sigma=0.500...
GCAMRegisterLevel(): init RMS 0.44393
#FOTS# QuadFit found better minimum quadopt=(dt=81.1852,rms=0.441312) vs oldopt=(dt=32,rms=0.441703)
iter 0, gcam->neg = 6
after 2 iterations, nbhd size=0, neg = 0
#GCMRL#  524 dt  81.185185 rms  0.441  0.589% neg 0  invalid 762 tFOTS 5.5280 tGradient 1.3550 tsec 8.6030
#FOTS# QuadFit found better minimum quadopt=(dt=25.6,rms=0.440508) vs oldopt=(dt=32,rms=0.440524)
#GCMRL#  525 dt  25.600000 rms  0.441  0.000% neg 0  invalid 762 tFOTS 5.7340 tGradient 1.2560 tsec 7.4680
#GCMRL#  526 dt  25.600000 rms  0.440  0.056% neg 0  invalid 762 tFOTS 0.0000 tGradient 1.5120 tsec 1.9540
iter 0, gcam->neg = 1
after 1 iterations, nbhd size=0, neg = 0
#GCMRL#  527 dt  25.600000 rms  0.440  0.061% neg 0  invalid 762 tFOTS 0.0000 tGradient 1.4160 tsec 3.1490
iter 0, gcam->neg = 1
after 0 iterations, nbhd size=0, neg = 0
#GCMRL#  528 dt  25.600000 rms  0.440  0.069% neg 0  invalid 762 tFOTS 0.0000 tGradient 1.5000 tsec 2.8090
#GCMRL#  529 dt  25.600000 rms  0.439  0.063% neg 0  invalid 762 tFOTS 0.0000 tGradient 1.4240 tsec 1.8310
iter 0, gcam->neg = 1
after 1 iterations, nbhd size=0, neg = 0
#GCMRL#  530 dt  25.600000 rms  0.439  0.049% neg 0  invalid 762 tFOTS 0.0000 tGradient 1.4290 tsec 3.2390
#FOTS# QuadFit found better minimum quadopt=(dt=44.8,rms=0.439068) vs oldopt=(dt=32,rms=0.43909)
setting smoothness cost coefficient to 0.400

#GCAMreg# pass 0 level1 2 level2 0 tsec 0 sigma 2
l_jacobian=1.00 l_label=1.00 l_log_likelihood=0.20 l_smoothness=0.40 
tol=2.50e-01, dt=5.00e-02, exp_k=20.0, momentum=0.90, levels=6, niter=500, lbl_dist=10.00, avgs=4, sigma=2.0,type=2, relabel=0, neg=yes

blurring input image with Gaussian with sigma=2.000...
GCAMRegisterLevel(): init RMS 0.448952
#GCMRL#  532 dt   0.000000 rms  0.448  0.148% neg 0  invalid 762 tFOTS 6.3090 tGradient 1.3190 tsec 8.0740

#GCAMreg# pass 0 level1 2 level2 1 tsec 18.708 sigma 0.5
l_jacobian=1.00 l_label=1.00 l_log_likelihood=0.20 l_smoothness=0.40 
tol=2.50e-01, dt=5.00e-02, exp_k=20.0, momentum=0.90, levels=6, niter=500, lbl_dist=10.00, avgs=4, sigma=0.5,type=2, relabel=0, neg=yes

blurring input image with Gaussian with sigma=0.500...
GCAMRegisterLevel(): init RMS 0.448952
#FOTS# QuadFit found better minimum quadopt=(dt=1.008,rms=0.448258) vs oldopt=(dt=0.72,rms=0.448261)
#GCMRL#  534 dt   1.008000 rms  0.448  0.155% neg 0  invalid 762 tFOTS 6.5400 tGradient 1.4480 tsec 8.4350
#FOTS# QuadFit found better minimum quadopt=(dt=0.432,rms=0.448247) vs oldopt=(dt=0.72,rms=0.448248)
#GCMRL#  535 dt   0.432000 rms  0.448  0.000% neg 0  invalid 762 tFOTS 6.9460 tGradient 1.4560 tsec 8.8730
#GCMRL#  536 dt   0.432000 rms  0.448  0.000% neg 0  invalid 762 tFOTS 0.0000 tGradient 1.5210 tsec 1.9370
setting smoothness cost coefficient to 1.000

#GCAMreg# pass 0 level1 1 level2 0 tsec 0 sigma 2
l_jacobian=1.00 l_label=1.00 l_log_likelihood=0.20 l_smoothness=1.00 
tol=2.50e-01, dt=5.00e-02, exp_k=20.0, momentum=0.90, levels=6, niter=500, lbl_dist=10.00, avgs=1, sigma=2.0,type=2, relabel=0, neg=yes

blurring input image with Gaussian with sigma=2.000...
GCAMRegisterLevel(): init RMS 0.466483
#FOTS# QuadFit found better minimum quadopt=(dt=1.536,rms=0.46345) vs oldopt=(dt=1.28,rms=0.463517)
#GCMRL#  538 dt   1.536000 rms  0.463  0.650% neg 0  invalid 762 tFOTS 7.2120 tGradient 1.6650 tsec 9.3360
#FOTS# QuadFit found better minimum quadopt=(dt=0.448,rms=0.463342) vs oldopt=(dt=0.32,rms=0.463357)
#GCMRL#  539 dt   0.448000 rms  0.463  0.000% neg 0  invalid 762 tFOTS 6.7610 tGradient 1.3750 tsec 8.6000

#GCAMreg# pass 0 level1 1 level2 1 tsec 22.252 sigma 0.5
l_jacobian=1.00 l_label=1.00 l_log_likelihood=0.20 l_smoothness=1.00 
tol=2.50e-01, dt=5.00e-02, exp_k=20.0, momentum=0.90, levels=6, niter=500, lbl_dist=10.00, avgs=1, sigma=0.5,type=2, relabel=0, neg=yes

blurring input image with Gaussian with sigma=0.500...
GCAMRegisterLevel(): init RMS 0.463968
#FOTS# QuadFit found better minimum quadopt=(dt=1.024,rms=0.462854) vs oldopt=(dt=1.28,rms=0.462857)
#GCMRL#  541 dt   1.024000 rms  0.463  0.240% neg 0  invalid 762 tFOTS 6.7040 tGradient 1.3540 tsec 8.5000
#FOTS# QuadFit found better minimum quadopt=(dt=0.448,rms=0.462805) vs oldopt=(dt=0.32,rms=0.462808)
iter 0, gcam->neg = 1
after 1 iterations, nbhd size=0, neg = 0
#GCMRL#  542 dt   0.448000 rms  0.463  0.000% neg 0  invalid 762 tFOTS 6.5560 tGradient 1.3280 tsec 9.7960
resetting metric properties...
setting smoothness cost coefficient to 2.000

#GCAMreg# pass 0 level1 0 level2 0 tsec 0 sigma 2
l_jacobian=1.00 l_label=1.00 l_log_likelihood=0.20 l_smoothness=2.00 
tol=2.50e-01, dt=5.00e-02, exp_k=20.0, momentum=0.90, levels=6, niter=500, lbl_dist=10.00, avgs=0, sigma=2.0,type=2, relabel=0, neg=yes

blurring input image with Gaussian with sigma=2.000...
GCAMRegisterLevel(): init RMS 0.448714
#FOTS# QuadFit found better minimum quadopt=(dt=2.16109,rms=0.422438) vs oldopt=(dt=1.28,rms=0.426856)
iter 0, gcam->neg = 516
after 16 iterations, nbhd size=1, neg = 0
#GCMRL#  544 dt   2.161092 rms  0.424  5.558% neg 0  invalid 762 tFOTS 6.5940 tGradient 0.8630 tsec 16.2040
#GCMRL#  545 dt   0.080000 rms  0.424  0.000% neg 0  invalid 762 tFOTS 6.4260 tGradient 0.8650 tsec 7.8690

#GCAMreg# pass 0 level1 0 level2 1 tsec 27.714 sigma 0.5
l_jacobian=1.00 l_label=1.00 l_log_likelihood=0.20 l_smoothness=2.00 
tol=2.50e-01, dt=5.00e-02, exp_k=20.0, momentum=0.90, levels=6, niter=500, lbl_dist=10.00, avgs=0, sigma=0.5,type=2, relabel=0, neg=yes

blurring input image with Gaussian with sigma=0.500...
GCAMRegisterLevel(): init RMS 0.42427
#FOTS# QuadFit found better minimum quadopt=(dt=0.048,rms=0.423439) vs oldopt=(dt=0.08,rms=0.423453)
#GCMRL#  547 dt   0.048000 rms  0.423  0.196% neg 0  invalid 762 tFOTS 6.6070 tGradient 0.9060 tsec 7.9120
#FOTS# QuadFit found better minimum quadopt=(dt=0.007,rms=0.423437) vs oldopt=(dt=0.005,rms=0.423438)
#GCMRL#  548 dt   0.007000 rms  0.423  0.000% neg 0  invalid 762 tFOTS 6.4450 tGradient 0.9170 tsec 7.8300
label assignment complete, 0 changed (0.00%)
GCAMregister done in 8.63532 min
Starting GCAMcomputeMaxPriorLabels()
Morphing with label term set to 0 *******************************
Starting GCAMregister()
label assignment complete, 0 changed (0.00%)
npasses = 1, nlevels = 6
#pass# 1 of 1 ************************
enabling zero nodes
setting smoothness cost coefficient to 0.008

#GCAMreg# pass 0 level1 5 level2 0 tsec 0 sigma 2
l_jacobian=1.00 l_log_likelihood=0.20 l_smoothness=0.01 
tol=2.50e-01, dt=5.00e-02, exp_k=20.0, momentum=0.90, levels=6, niter=500, lbl_dist=10.00, avgs=256, sigma=2.0,type=2, relabel=0, neg=yes

blurring input image with Gaussian with sigma=2.000...
GCAMRegisterLevel(): init RMS 0.410096

#GCAMreg# pass 0 level1 5 level2 1 tsec 9.42 sigma 0.5
l_jacobian=1.00 l_log_likelihood=0.20 l_smoothness=0.01 
tol=2.50e-01, dt=5.00e-02, exp_k=20.0, momentum=0.90, levels=6, niter=500, lbl_dist=10.00, avgs=256, sigma=0.5,type=2, relabel=0, neg=yes

blurring input image with Gaussian with sigma=0.500...
GCAMRegisterLevel(): init RMS 0.410096
#FOTS# QuadFit found better minimum quadopt=(dt=32.368,rms=0.410087) vs oldopt=(dt=23.12,rms=0.410089)
#GCMRL#  551 dt  32.368000 rms  0.410  0.002% neg 0  invalid 762 tFOTS 6.2190 tGradient 1.0540 tsec 7.6950
#FOTS# QuadFit found better minimum quadopt=(dt=32.368,rms=0.410083) vs oldopt=(dt=23.12,rms=0.410084)
#GCMRL#  552 dt  32.368000 rms  0.410  0.000% neg 0  invalid 762 tFOTS 6.0750 tGradient 1.0700 tsec 7.5950
#GCMRL#  553 dt  32.368000 rms  0.410  0.000% neg 0  invalid 762 tFOTS 0.0000 tGradient 1.2130 tsec 1.7150
setting smoothness cost coefficient to 0.031

#GCAMreg# pass 0 level1 4 level2 0 tsec 0 sigma 2
l_jacobian=1.00 l_log_likelihood=0.20 l_smoothness=0.03 
tol=2.50e-01, dt=5.00e-02, exp_k=20.0, momentum=0.90, levels=6, niter=500, lbl_dist=10.00, avgs=64, sigma=2.0,type=2, relabel=0, neg=yes

blurring input image with Gaussian with sigma=2.000...
GCAMRegisterLevel(): init RMS 0.410247
#FOTS# QuadFit found better minimum quadopt=(dt=9.072,rms=0.410225) vs oldopt=(dt=6.48,rms=0.410229)
#GCMRL#  555 dt   9.072000 rms  0.410  0.005% neg 0  invalid 762 tFOTS 6.3290 tGradient 0.9780 tsec 7.7120
#FOTS# QuadFit found better minimum quadopt=(dt=9.072,rms=0.410214) vs oldopt=(dt=6.48,rms=0.410216)
#GCMRL#  556 dt   9.072000 rms  0.410  0.000% neg 0  invalid 762 tFOTS 6.2990 tGradient 0.9830 tsec 7.7350
#GCMRL#  557 dt   9.072000 rms  0.410  0.001% neg 0  invalid 762 tFOTS 0.0000 tGradient 0.9940 tsec 1.4180

#GCAMreg# pass 0 level1 4 level2 1 tsec 20.535 sigma 0.5
l_jacobian=1.00 l_log_likelihood=0.20 l_smoothness=0.03 
tol=2.50e-01, dt=5.00e-02, exp_k=20.0, momentum=0.90, levels=6, niter=500, lbl_dist=10.00, avgs=64, sigma=0.5,type=2, relabel=0, neg=yes

blurring input image with Gaussian with sigma=0.500...
GCAMRegisterLevel(): init RMS 0.410211
#FOTS# QuadFit found better minimum quadopt=(dt=124.416,rms=0.409737) vs oldopt=(dt=103.68,rms=0.409741)
#GCMRL#  559 dt 124.416000 rms  0.410  0.115% neg 0  invalid 762 tFOTS 5.7620 tGradient 0.9630 tsec 7.1450
#FOTS# QuadFit found better minimum quadopt=(dt=82.944,rms=0.409443) vs oldopt=(dt=103.68,rms=0.409482)
#GCMRL#  560 dt  82.944000 rms  0.409  0.000% neg 0  invalid 762 tFOTS 5.9600 tGradient 1.0390 tsec 7.4450
#GCMRL#  561 dt  82.944000 rms  0.409  0.040% neg 0  invalid 762 tFOTS 0.0000 tGradient 0.9940 tsec 1.4370
#GCMRL#  562 dt  82.944000 rms  0.409  0.055% neg 0  invalid 762 tFOTS 0.0000 tGradient 1.0740 tsec 1.4250
#GCMRL#  563 dt  82.944000 rms  0.409  0.064% neg 0  invalid 762 tFOTS 0.0000 tGradient 0.9960 tsec 1.3420
#GCMRL#  564 dt  82.944000 rms  0.409  0.052% neg 0  invalid 762 tFOTS 0.0000 tGradient 0.9630 tsec 1.3250
setting smoothness cost coefficient to 0.118

#GCAMreg# pass 0 level1 3 level2 0 tsec 0 sigma 2
l_jacobian=1.00 l_log_likelihood=0.20 l_smoothness=0.12 
tol=2.50e-01, dt=5.00e-02, exp_k=20.0, momentum=0.90, levels=6, niter=500, lbl_dist=10.00, avgs=16, sigma=2.0,type=2, relabel=0, neg=yes

blurring input image with Gaussian with sigma=2.000...
GCAMRegisterLevel(): init RMS 0.40915
iter 0, gcam->neg = 1
after 6 iterations, nbhd size=1, neg = 0
#GCMRL#  566 dt  32.000000 rms  0.408  0.210% neg 0  invalid 762 tFOTS 5.1160 tGradient 0.9200 tsec 8.9420
#FOTS# QuadFit found better minimum quadopt=(dt=44.8,rms=0.407134) vs oldopt=(dt=32,rms=0.407362)
iter 0, gcam->neg = 5
after 10 iterations, nbhd size=1, neg = 0
#GCMRL#  567 dt  44.800000 rms  0.407  0.261% neg 0  invalid 762 tFOTS 5.1340 tGradient 0.9280 tsec 10.2430
#FOTS# QuadFit found better minimum quadopt=(dt=44.8,rms=0.406639) vs oldopt=(dt=32,rms=0.406748)
iter 0, gcam->neg = 3
after 1 iterations, nbhd size=0, neg = 0
#GCMRL#  568 dt  44.800000 rms  0.407  0.000% neg 0  invalid 762 tFOTS 4.8360 tGradient 0.9270 tsec 7.1330
iter 0, gcam->neg = 3
after 9 iterations, nbhd size=1, neg = 0
#GCMRL#  569 dt  44.800000 rms  0.406  0.154% neg 0  invalid 762 tFOTS 0.0000 tGradient 0.9140 tsec 4.6940
iter 0, gcam->neg = 17
after 10 iterations, nbhd size=1, neg = 0
#GCMRL#  570 dt  44.800000 rms  0.405  0.146% neg 0  invalid 762 tFOTS 0.0000 tGradient 0.8560 tsec 4.9550
iter 0, gcam->neg = 38
after 14 iterations, nbhd size=1, neg = 0
#GCMRL#  571 dt  44.800000 rms  0.405  0.033% neg 0  invalid 762 tFOTS 0.0000 tGradient 0.8400 tsec 6.1730
iter 0, gcam->neg = 52
after 18 iterations, nbhd size=1, neg = 0
#GCMRL#  572 dt  44.800000 rms  0.405  0.018% neg 0  invalid 762 tFOTS 0.0000 tGradient 0.9070 tsec 8.9830
iter 0, gcam->neg = 22
after 13 iterations, nbhd size=1, neg = 0
#GCMRL#  573 dt 128.000000 rms  0.405  0.156% neg 0  invalid 762 tFOTS 6.1510 tGradient 0.9380 tsec 13.9280
#FOTS# QuadFit found better minimum quadopt=(dt=25.6,rms=0.40426) vs oldopt=(dt=32,rms=0.404293)
iter 0, gcam->neg = 3
after 1 iterations, nbhd size=0, neg = 0
#GCMRL#  574 dt  25.600000 rms  0.404  0.000% neg 0  invalid 762 tFOTS 6.4600 tGradient 0.8450 tsec 9.0810
iter 0, gcam->neg = 4
after 4 iterations, nbhd size=0, neg = 0
#GCMRL#  575 dt  25.600000 rms  0.404  0.025% neg 0  invalid 762 tFOTS 0.0000 tGradient 0.8980 tsec 3.9880
iter 0, gcam->neg = 6
after 5 iterations, nbhd size=0, neg = 0
#GCMRL#  576 dt  25.600000 rms  0.404  0.035% neg 0  invalid 762 tFOTS 0.0000 tGradient 0.9490 tsec 4.1460
iter 0, gcam->neg = 5
after 14 iterations, nbhd size=1, neg = 0

#GCAMreg# pass 0 level1 3 level2 1 tsec 90.733 sigma 0.5
l_jacobian=1.00 l_log_likelihood=0.20 l_smoothness=0.12 
tol=2.50e-01, dt=5.00e-02, exp_k=20.0, momentum=0.90, levels=6, niter=500, lbl_dist=10.00, avgs=16, sigma=0.5,type=2, relabel=0, neg=yes

blurring input image with Gaussian with sigma=0.500...
GCAMRegisterLevel(): init RMS 0.404017
#FOTS# QuadFit found better minimum quadopt=(dt=72.3288,rms=0.401719) vs oldopt=(dt=32,rms=0.402186)
iter 0, gcam->neg = 2
after 12 iterations, nbhd size=1, neg = 0
#GCMRL#  578 dt  72.328767 rms  0.402  0.567% neg 0  invalid 762 tFOTS 5.0310 tGradient 0.9200 tsec 10.7330
#FOTS# QuadFit found better minimum quadopt=(dt=25.6,rms=0.400846) vs oldopt=(dt=32,rms=0.400892)
iter 0, gcam->neg = 1
after 2 iterations, nbhd size=0, neg = 0
#GCMRL#  579 dt  25.600000 rms  0.401  0.000% neg 0  invalid 762 tFOTS 4.8150 tGradient 0.9330 tsec 7.4790
#GCMRL#  580 dt  25.600000 rms  0.401  0.076% neg 0  invalid 762 tFOTS 0.0000 tGradient 1.0660 tsec 1.5240
iter 0, gcam->neg = 3
after 1 iterations, nbhd size=0, neg = 0
#GCMRL#  581 dt  25.600000 rms  0.400  0.091% neg 0  invalid 762 tFOTS 0.0000 tGradient 0.9840 tsec 2.7400
iter 0, gcam->neg = 4
after 0 iterations, nbhd size=0, neg = 0
#GCMRL#  582 dt  25.600000 rms  0.400  0.115% neg 0  invalid 762 tFOTS 0.0000 tGradient 0.9640 tsec 2.2580
iter 0, gcam->neg = 3
after 14 iterations, nbhd size=1, neg = 0
#GCMRL#  583 dt  25.600000 rms  0.399  0.092% neg 0  invalid 762 tFOTS 0.0000 tGradient 1.0720 tsec 9.5050
iter 0, gcam->neg = 3
after 11 iterations, nbhd size=1, neg = 0
#GCMRL#  584 dt  25.600000 rms  0.399  0.057% neg 0  invalid 762 tFOTS 0.0000 tGradient 0.9860 tsec 6.9650
#FOTS# QuadFit found better minimum quadopt=(dt=44.8,rms=0.398935) vs oldopt=(dt=32,rms=0.398971)
setting smoothness cost coefficient to 0.400

#GCAMreg# pass 0 level1 2 level2 0 tsec 0 sigma 2
l_jacobian=1.00 l_log_likelihood=0.20 l_smoothness=0.40 
tol=2.50e-01, dt=5.00e-02, exp_k=20.0, momentum=0.90, levels=6, niter=500, lbl_dist=10.00, avgs=4, sigma=2.0,type=2, relabel=0, neg=yes

blurring input image with Gaussian with sigma=2.000...
GCAMRegisterLevel(): init RMS 0.4036
#FOTS# QuadFit found better minimum quadopt=(dt=1.008,rms=0.403578) vs oldopt=(dt=0.72,rms=0.403582)
iter 0, gcam->neg = 1
after 0 iterations, nbhd size=0, neg = 0
#GCMRL#  586 dt   1.008000 rms  0.404  0.006% neg 0  invalid 762 tFOTS 6.0290 tGradient 0.9980 tsec 8.3410
#FOTS# QuadFit found better minimum quadopt=(dt=0.864,rms=0.40357) vs oldopt=(dt=0.72,rms=0.40357)
iter 0, gcam->neg = 1
after 3 iterations, nbhd size=0, neg = 0
#GCMRL#  587 dt   0.864000 rms  0.404  0.000% neg 0  invalid 762 tFOTS 6.2060 tGradient 0.9630 tsec 9.7750

#GCAMreg# pass 0 level1 2 level2 1 tsec 21.743 sigma 0.5
l_jacobian=1.00 l_log_likelihood=0.20 l_smoothness=0.40 
tol=2.50e-01, dt=5.00e-02, exp_k=20.0, momentum=0.90, levels=6, niter=500, lbl_dist=10.00, avgs=4, sigma=0.5,type=2, relabel=0, neg=yes

blurring input image with Gaussian with sigma=0.500...
GCAMRegisterLevel(): init RMS 0.403565
#FOTS# QuadFit found better minimum quadopt=(dt=7.6,rms=0.403348) vs oldopt=(dt=2.88,rms=0.403399)
iter 0, gcam->neg = 1
after 6 iterations, nbhd size=1, neg = 0
#GCMRL#  589 dt   7.600000 rms  0.403  0.017% neg 0  invalid 762 tFOTS 6.2710 tGradient 1.0420 tsec 11.5930
#FOTS# QuadFit found better minimum quadopt=(dt=9.2,rms=0.403311) vs oldopt=(dt=11.52,rms=0.403325)
iter 0, gcam->neg = 2
after 4 iterations, nbhd size=0, neg = 0
#GCMRL#  590 dt   9.200000 rms  0.403  0.044% neg 0  invalid 762 tFOTS 6.7430 tGradient 1.0780 tsec 10.8210
#FOTS# QuadFit found better minimum quadopt=(dt=18,rms=0.403018) vs oldopt=(dt=11.52,rms=0.403066)
iter 0, gcam->neg = 4
after 1 iterations, nbhd size=0, neg = 0
#GCMRL#  591 dt  18.000000 rms  0.403  0.074% neg 0  invalid 762 tFOTS 6.4110 tGradient 0.9380 tsec 9.1340
#FOTS# QuadFit found better minimum quadopt=(dt=58.2642,rms=0.401811) vs oldopt=(dt=46.08,rms=0.401862)
iter 0, gcam->neg = 132
after 20 iterations, nbhd size=1, neg = 0
#GCMRL#  592 dt  58.264151 rms  0.402  0.254% neg 0  invalid 762 tFOTS 6.5900 tGradient 0.8930 tsec 18.1960
iter 0, gcam->neg = 8
after 5 iterations, nbhd size=0, neg = 0
#GCMRL#  593 dt  11.520000 rms  0.402  0.000% neg 0  invalid 762 tFOTS 6.5910 tGradient 0.9020 tsec 11.0480
iter 0, gcam->neg = 13
after 5 iterations, nbhd size=0, neg = 0
#GCMRL#  594 dt  11.520000 rms  0.402  0.051% neg 0  invalid 762 tFOTS 0.0000 tGradient 0.8550 tsec 4.4120
iter 0, gcam->neg = 13
after 10 iterations, nbhd size=0, neg = 0
#GCMRL#  595 dt  11.520000 rms  0.401  0.058% neg 0  invalid 762 tFOTS 0.0000 tGradient 0.8700 tsec 6.6860
iter 0, gcam->neg = 35
after 19 iterations, nbhd size=1, neg = 0
setting smoothness cost coefficient to 1.000

#GCAMreg# pass 0 level1 1 level2 0 tsec 0 sigma 2
l_jacobian=1.00 l_log_likelihood=0.20 l_smoothness=1.00 
tol=2.50e-01, dt=5.00e-02, exp_k=20.0, momentum=0.90, levels=6, niter=500, lbl_dist=10.00, avgs=1, sigma=2.0,type=2, relabel=0, neg=yes

blurring input image with Gaussian with sigma=2.000...
GCAMRegisterLevel(): init RMS 0.407895
#GCMRL#  597 dt   0.000050 rms  0.408  0.000% neg 0  invalid 762 tFOTS 6.7600 tGradient 0.9030 tsec 8.0440

#GCAMreg# pass 0 level1 1 level2 1 tsec 16.641 sigma 0.5
l_jacobian=1.00 l_log_likelihood=0.20 l_smoothness=1.00 
tol=2.50e-01, dt=5.00e-02, exp_k=20.0, momentum=0.90, levels=6, niter=500, lbl_dist=10.00, avgs=1, sigma=0.5,type=2, relabel=0, neg=yes

blurring input image with Gaussian with sigma=0.500...
GCAMRegisterLevel(): init RMS 0.407895
resetting metric properties...
setting smoothness cost coefficient to 2.000

#GCAMreg# pass 0 level1 0 level2 0 tsec 0 sigma 2
l_jacobian=1.00 l_log_likelihood=0.20 l_smoothness=2.00 
tol=2.50e-01, dt=5.00e-02, exp_k=20.0, momentum=0.90, levels=6, niter=500, lbl_dist=10.00, avgs=0, sigma=2.0,type=2, relabel=0, neg=yes

blurring input image with Gaussian with sigma=2.000...
GCAMRegisterLevel(): init RMS 0.396977
#FOTS# QuadFit found better minimum quadopt=(dt=1.30276,rms=0.387446) vs oldopt=(dt=1.28,rms=0.387458)
iter 0, gcam->neg = 509
after 18 iterations, nbhd size=1, neg = 0
#GCMRL#  600 dt   1.302764 rms  0.389  2.061% neg 0  invalid 762 tFOTS 5.3040 tGradient 0.3380 tsec 12.4330
#FOTS# QuadFit found better minimum quadopt=(dt=2.34375e-05,rms=0.388796) vs oldopt=(dt=1.95313e-05,rms=0.388796)
#GCMRL#  601 dt   0.000023 rms  0.389  0.000% neg 0  invalid 762 tFOTS 6.8420 tGradient 0.3660 tsec 7.6170

#GCAMreg# pass 0 level1 0 level2 1 tsec 23.113 sigma 0.5
l_jacobian=1.00 l_log_likelihood=0.20 l_smoothness=2.00 
tol=2.50e-01, dt=5.00e-02, exp_k=20.0, momentum=0.90, levels=6, niter=500, lbl_dist=10.00, avgs=0, sigma=0.5,type=2, relabel=0, neg=yes

blurring input image with Gaussian with sigma=0.500...
GCAMRegisterLevel(): init RMS 0.388796
#FOTS# QuadFit found better minimum quadopt=(dt=0.048,rms=0.388742) vs oldopt=(dt=0.08,rms=0.388751)
#GCMRL#  603 dt   0.048000 rms  0.389  0.014% neg 0  invalid 762 tFOTS 5.3480 tGradient 0.3740 tsec 6.0930
#FOTS# QuadFit found better minimum quadopt=(dt=0.028,rms=0.388733) vs oldopt=(dt=0.02,rms=0.388733)
#GCMRL#  604 dt   0.028000 rms  0.389  0.000% neg 0  invalid 762 tFOTS 5.4080 tGradient 0.3670 tsec 6.1660
GCAMregister done in 6.35443 min
writing output transformation to transforms/talairach.m3z...
GCAMwrite
Calls to gcamLogLikelihoodEnergy 4704 tmin = 2.7473
Calls to gcamLabelEnergy         4050 tmin = 1.50583
Calls to gcamJacobianEnergy      4704 tmin = 2.39793
Calls to gcamSmoothnessEnergy    4704 tmin = 4.40267
Calls to gcamLogLikelihoodTerm 606 tmin = 0.590267
Calls to gcamLabelTerm         550 tmin = 5.34022
Calls to gcamJacobianTerm      606 tmin = 1.21768
Calls to gcamSmoothnessTerm    606 tmin = 0.672
Calls to gcamComputeGradient    606 tmin = 14.7821
Calls to gcamComputeMetricProperties    6778 tmin = 4.49542
mri_ca_register took 0 hours, 47 minutes and 59 seconds.
#VMPC# mri_ca_register VmPeak  3974648
FSRUNTIME@ mri_ca_register  0.7998 hours 16 threads
#--------------------------------------
#@# SubCort Seg Thu Mar 12 11:21:53 CET 2026

 mri_ca_label -relabel_unlikely 9 .3 -prior 0.5 -align norm.mgz transforms/talairach.m3z /opt/freesurfer/average/RB_all_2020-01-02.gca aseg.auto_noCCseg.mgz 

sysname  Linux
hostname dna085
machine  x86_64

setenv SUBJECTS_DIR /out/sourcedata/freesurfer
cd /out/sourcedata/freesurfer/sub-v1s11x0050155_ses-1/mri
mri_ca_label -relabel_unlikely 9 .3 -prior 0.5 -align norm.mgz transforms/talairach.m3z /opt/freesurfer/average/RB_all_2020-01-02.gca aseg.auto_noCCseg.mgz 

relabeling unlikely voxels with window_size = 9 and prior threshold 0.30
using Gibbs prior factor = 0.500
renormalizing sequences with structure alignment, equivalent to:
	-renormalize
	-renormalize_mean 0.500
	-regularize 0.500

== Number of threads available to for OpenMP = 16 == 
reading 1 input volumes
reading classifier array from /opt/freesurfer/average/RB_all_2020-01-02.gca
reading input volume from norm.mgz
average std[0] = 7.2
reading transform from transforms/talairach.m3z
setting orig areas to linear transform determinant scaled 7.86
Atlas used for the 3D morph was /opt/freesurfer/average/RB_all_2020-01-02.gca
average std = 7.2   using min determinant for regularization = 5.2
0 singular and 0 ill-conditioned covariance matrices regularized
labeling volume...
renormalizing by structure alignment....
renormalizing input #0
gca peak = 0.15521 (20)
mri peak = 0.21592 (20)
Left_Lateral_Ventricle (4): linear fit = 1.07 x + 0.0 (5356 voxels, overlap=0.799)
Left_Lateral_Ventricle (4): linear fit = 1.07 x + 0.0 (5356 voxels, peak = 21), gca=21.3
gca peak = 0.20380 (13)
mri peak = 0.23239 (20)
Right_Lateral_Ventricle (43): linear fit = 1.42 x + 0.0 (3236 voxels, overlap=0.298)
Right_Lateral_Ventricle (43): linear fit = 1.42 x + 0.0 (3236 voxels, peak = 19), gca=18.5
gca peak = 0.26283 (96)
mri peak = 0.18277 (95)
Right_Pallidum (52): linear fit = 0.99 x + 0.0 (766 voxels, overlap=1.004)
Right_Pallidum (52): linear fit = 0.99 x + 0.0 (766 voxels, peak = 95), gca=94.6
gca peak = 0.15814 (97)
mri peak = 0.26948 (96)
Left_Pallidum (13): linear fit = 1.01 x + 0.0 (781 voxels, overlap=0.947)
Left_Pallidum (13): linear fit = 1.01 x + 0.0 (781 voxels, peak = 98), gca=98.5
gca peak = 0.27624 (56)
mri peak = 0.12213 (67)
Right_Hippocampus (53): linear fit = 1.15 x + 0.0 (1479 voxels, overlap=0.215)
Right_Hippocampus (53): linear fit = 1.15 x + 0.0 (1479 voxels, peak = 65), gca=64.7
gca peak = 0.28723 (59)
mri peak = 0.14009 (64)
Left_Hippocampus (17): linear fit = 1.12 x + 0.0 (1599 voxels, overlap=0.139)
Left_Hippocampus (17): linear fit = 1.12 x + 0.0 (1599 voxels, peak = 66), gca=66.4
gca peak = 0.07623 (103)
mri peak = 0.09939 (104)
Right_Cerebral_White_Matter (41): linear fit = 1.01 x + 0.0 (46896 voxels, overlap=0.665)
Right_Cerebral_White_Matter (41): linear fit = 1.01 x + 0.0 (46896 voxels, peak = 105), gca=104.5
gca peak = 0.07837 (105)
mri peak = 0.11772 (106)
Left_Cerebral_White_Matter (2): linear fit = 1.01 x + 0.0 (49560 voxels, overlap=0.620)
Left_Cerebral_White_Matter (2): linear fit = 1.01 x + 0.0 (49560 voxels, peak = 107), gca=106.6
gca peak = 0.10165 (58)
mri peak = 0.04670 (63)
Left_Cerebral_Cortex (3): linear fit = 1.10 x + 0.0 (61516 voxels, overlap=0.803)
Left_Cerebral_Cortex (3): linear fit = 1.10 x + 0.0 (61516 voxels, peak = 64), gca=63.5
gca peak = 0.11113 (58)
mri peak = 0.04853 (65)
Right_Cerebral_Cortex (42): linear fit = 1.12 x + 0.0 (60317 voxels, overlap=0.572)
Right_Cerebral_Cortex (42): linear fit = 1.12 x + 0.0 (60317 voxels, peak = 65), gca=64.7
gca peak = 0.27796 (67)
mri peak = 0.12951 (74)
Right_Caudate (50): linear fit = 1.10 x + 0.0 (1354 voxels, overlap=0.424)
Right_Caudate (50): linear fit = 1.10 x + 0.0 (1354 voxels, peak = 73), gca=73.4
gca peak = 0.14473 (69)
mri peak = 0.11784 (74)
Left_Caudate (11): linear fit = 1.02 x + 0.0 (1266 voxels, overlap=0.794)
Left_Caudate (11): linear fit = 1.02 x + 0.0 (1266 voxels, peak = 71), gca=70.7
gca peak = 0.14301 (56)
mri peak = 0.07556 (63)
Left_Cerebellum_Cortex (8): linear fit = 1.13 x + 0.0 (36433 voxels, overlap=0.641)
Left_Cerebellum_Cortex (8): linear fit = 1.13 x + 0.0 (36433 voxels, peak = 64), gca=63.6
gca peak = 0.14610 (55)
mri peak = 0.08523 (63)
Right_Cerebellum_Cortex (47): linear fit = 1.13 x + 0.0 (35602 voxels, overlap=0.358)
Right_Cerebellum_Cortex (47): linear fit = 1.13 x + 0.0 (35602 voxels, peak = 62), gca=62.4
gca peak = 0.16309 (85)
mri peak = 0.12610 (88)
Left_Cerebellum_White_Matter (7): linear fit = 1.04 x + 0.0 (6873 voxels, overlap=0.744)
Left_Cerebellum_White_Matter (7): linear fit = 1.04 x + 0.0 (6873 voxels, peak = 89), gca=88.8
gca peak = 0.15172 (84)
mri peak = 0.15561 (86)
Right_Cerebellum_White_Matter (46): linear fit = 1.02 x + 0.0 (6690 voxels, overlap=0.761)
Right_Cerebellum_White_Matter (46): linear fit = 1.02 x + 0.0 (6690 voxels, peak = 86), gca=86.1
gca peak = 0.30461 (58)
mri peak = 0.14231 (68)
Left_Amygdala (18): linear fit = 1.18 x + 0.0 (775 voxels, overlap=0.041)
Left_Amygdala (18): linear fit = 1.18 x + 0.0 (775 voxels, peak = 69), gca=68.7
gca peak = 0.32293 (57)
mri peak = 0.13136 (70)
Right_Amygdala (54): linear fit = 1.18 x + 0.0 (708 voxels, overlap=0.040)
Right_Amygdala (54): linear fit = 1.18 x + 0.0 (708 voxels, peak = 68), gca=67.5
gca peak = 0.11083 (90)
mri peak = 0.09335 (94)
Left_Thalamus (10): linear fit = 1.03 x + 0.0 (5620 voxels, overlap=0.841)
Left_Thalamus (10): linear fit = 1.03 x + 0.0 (5620 voxels, peak = 93), gca=93.1
gca peak = 0.11393 (83)
mri peak = 0.10381 (92)
Right_Thalamus (49): linear fit = 1.10 x + 0.0 (5452 voxels, overlap=0.756)
Right_Thalamus (49): linear fit = 1.10 x + 0.0 (5452 voxels, peak = 91), gca=90.9
gca peak = 0.08575 (81)
mri peak = 0.13089 (84)
Left_Putamen (12): linear fit = 1.04 x + 0.0 (2504 voxels, overlap=0.817)
Left_Putamen (12): linear fit = 1.04 x + 0.0 (2504 voxels, peak = 85), gca=84.6
gca peak = 0.08618 (78)
mri peak = 0.12011 (82)
Right_Putamen (51): linear fit = 1.03 x + 0.0 (2604 voxels, overlap=0.819)
Right_Putamen (51): linear fit = 1.03 x + 0.0 (2604 voxels, peak = 81), gca=80.7
gca peak = 0.08005 (78)
mri peak = 0.10158 (88)
Brain_Stem (16): linear fit = 1.07 x + 0.0 (13880 voxels, overlap=0.491)
Brain_Stem (16): linear fit = 1.07 x + 0.0 (13880 voxels, peak = 83), gca=83.1
gca peak = 0.12854 (88)
mri peak = 0.08280 (88)
Right_VentralDC (60): linear fit = 1.07 x + 0.0 (1785 voxels, overlap=0.681)
Right_VentralDC (60): linear fit = 1.07 x + 0.0 (1785 voxels, peak = 94), gca=93.7
gca peak = 0.15703 (87)
mri peak = 0.08919 (97)
Left_VentralDC (28): linear fit = 1.08 x + 0.0 (1868 voxels, overlap=0.603)
Left_VentralDC (28): linear fit = 1.08 x + 0.0 (1868 voxels, peak = 94), gca=93.5
gca peak = 0.17522 (25)
mri peak = 0.31766 (27)
Third_Ventricle (14): linear fit = 1.05 x + 0.0 (73 voxels, overlap=0.560)
Third_Ventricle (14): linear fit = 1.05 x + 0.0 (73 voxels, peak = 26), gca=26.4
gca peak = 0.17113 (14)
mri peak = 0.18644 (23)
Fourth_Ventricle (15): linear fit = 1.40 x + 0.0 (236 voxels, overlap=0.214)
Fourth_Ventricle (15): linear fit = 1.40 x + 0.0 (236 voxels, peak = 20), gca=19.7
gca peak Unknown = 0.94777 ( 0)
gca peak Left_Inf_Lat_Vent = 0.16627 (28)
gca peak CSF = 0.20346 (36)
gca peak Left_Accumbens_area = 0.70646 (62)
gca peak Left_undetermined = 1.00000 (28)
gca peak Left_vessel = 0.89917 (53)
gca peak Left_choroid_plexus = 0.11689 (35)
gca peak Right_Inf_Lat_Vent = 0.25504 (23)
gca peak Right_Accumbens_area = 0.31650 (65)
gca peak Right_vessel = 0.77268 (52)
gca peak Right_choroid_plexus = 0.13275 (38)
gca peak Fifth_Ventricle = 0.60973 (33)
gca peak WM_hypointensities = 0.11013 (77)
gca peak non_WM_hypointensities = 0.11354 (41)
gca peak Optic_Chiasm = 0.51646 (76)
not using caudate to estimate GM means
estimating mean gm scale to be 1.14 x + 0.0
estimating mean wm scale to be 1.01 x + 0.0
estimating mean csf scale to be 1.24 x + 0.0
saving intensity scales to aseg.auto_noCCseg.label_intensities.txt
renormalizing by structure alignment....
renormalizing input #0
gca peak = 0.15666 (20)
mri peak = 0.21592 (20)
Left_Lateral_Ventricle (4): linear fit = 0.96 x + 0.0 (5356 voxels, overlap=0.807)
Left_Lateral_Ventricle (4): linear fit = 0.96 x + 0.0 (5356 voxels, peak = 19), gca=19.3
gca peak = 0.16208 (18)
mri peak = 0.23239 (20)
Right_Lateral_Ventricle (43): linear fit = 1.07 x + 0.0 (3236 voxels, overlap=0.556)
Right_Lateral_Ventricle (43): linear fit = 1.07 x + 0.0 (3236 voxels, peak = 19), gca=19.2
gca peak = 0.21880 (92)
mri peak = 0.18277 (95)
Right_Pallidum (52): linear fit = 1.00 x + 0.0 (766 voxels, overlap=1.004)
Right_Pallidum (52): linear fit = 1.00 x + 0.0 (766 voxels, peak = 92), gca=91.5
gca peak = 0.16510 (98)
mri peak = 0.26948 (96)
Left_Pallidum (13): linear fit = 0.99 x + 0.0 (781 voxels, overlap=0.902)
Left_Pallidum (13): linear fit = 0.99 x + 0.0 (781 voxels, peak = 97), gca=96.5
gca peak = 0.24399 (64)
mri peak = 0.12213 (67)
Right_Hippocampus (53): linear fit = 0.99 x + 0.0 (1479 voxels, overlap=0.977)
Right_Hippocampus (53): linear fit = 0.99 x + 0.0 (1479 voxels, peak = 63), gca=63.0
gca peak = 0.23845 (67)
mri peak = 0.14009 (64)
Left_Hippocampus (17): linear fit = 1.00 x + 0.0 (1599 voxels, overlap=1.005)
Left_Hippocampus (17): linear fit = 1.00 x + 0.0 (1599 voxels, peak = 67), gca=67.0
gca peak = 0.07895 (105)
mri peak = 0.09939 (104)
Right_Cerebral_White_Matter (41): linear fit = 1.00 x + 0.0 (46896 voxels, overlap=0.731)
Right_Cerebral_White_Matter (41): linear fit = 1.00 x + 0.0 (46896 voxels, peak = 104), gca=104.5
gca peak = 0.07852 (106)
mri peak = 0.11772 (106)
Left_Cerebral_White_Matter (2): linear fit = 1.00 x + 0.0 (49560 voxels, overlap=0.685)
Left_Cerebral_White_Matter (2): linear fit = 1.00 x + 0.0 (49560 voxels, peak = 106), gca=106.0
gca peak = 0.08818 (63)
mri peak = 0.04670 (63)
Left_Cerebral_Cortex (3): linear fit = 1.02 x + 0.0 (61516 voxels, overlap=0.975)
Left_Cerebral_Cortex (3): linear fit = 1.02 x + 0.0 (61516 voxels, peak = 65), gca=64.6
gca peak = 0.10313 (65)
mri peak = 0.04853 (65)
Right_Cerebral_Cortex (42): linear fit = 1.00 x + 0.0 (60317 voxels, overlap=0.944)
Right_Cerebral_Cortex (42): linear fit = 1.00 x + 0.0 (60317 voxels, peak = 65), gca=65.0
gca peak = 0.22762 (73)
mri peak = 0.12951 (74)
Right_Caudate (50): linear fit = 0.98 x + 0.0 (1354 voxels, overlap=1.003)
Right_Caudate (50): linear fit = 0.98 x + 0.0 (1354 voxels, peak = 71), gca=71.2
gca peak = 0.12732 (70)
mri peak = 0.11784 (74)
Left_Caudate (11): linear fit = 1.01 x + 0.0 (1266 voxels, overlap=0.990)
Left_Caudate (11): linear fit = 1.01 x + 0.0 (1266 voxels, peak = 71), gca=71.0
gca peak = 0.12164 (64)
mri peak = 0.07556 (63)
Left_Cerebellum_Cortex (8): linear fit = 1.00 x + 0.0 (36433 voxels, overlap=0.987)
Left_Cerebellum_Cortex (8): linear fit = 1.00 x + 0.0 (36433 voxels, peak = 64), gca=64.0
gca peak = 0.14078 (63)
mri peak = 0.08523 (63)
Right_Cerebellum_Cortex (47): linear fit = 1.00 x + 0.0 (35602 voxels, overlap=0.962)
Right_Cerebellum_Cortex (47): linear fit = 1.00 x + 0.0 (35602 voxels, peak = 63), gca=63.0
gca peak = 0.15128 (88)
mri peak = 0.12610 (88)
Left_Cerebellum_White_Matter (7): linear fit = 1.01 x + 0.0 (6873 voxels, overlap=0.934)
Left_Cerebellum_White_Matter (7): linear fit = 1.01 x + 0.0 (6873 voxels, peak = 89), gca=89.3
gca peak = 0.15314 (86)
mri peak = 0.15561 (86)
Right_Cerebellum_White_Matter (46): linear fit = 1.00 x + 0.0 (6690 voxels, overlap=0.872)
Right_Cerebellum_White_Matter (46): linear fit = 1.00 x + 0.0 (6690 voxels, peak = 86), gca=86.0
gca peak = 0.27164 (69)
mri peak = 0.14231 (68)
Left_Amygdala (18): linear fit = 1.00 x + 0.0 (775 voxels, overlap=1.004)
Left_Amygdala (18): linear fit = 1.00 x + 0.0 (775 voxels, peak = 69), gca=69.0
gca peak = 0.27369 (68)
mri peak = 0.13136 (70)
Right_Amygdala (54): linear fit = 1.01 x + 0.0 (708 voxels, overlap=0.994)
Right_Amygdala (54): linear fit = 1.01 x + 0.0 (708 voxels, peak = 69), gca=69.0
gca peak = 0.10760 (93)
mri peak = 0.09335 (94)
Left_Thalamus (10): linear fit = 1.00 x + 0.0 (5620 voxels, overlap=0.947)
Left_Thalamus (10): linear fit = 1.00 x + 0.0 (5620 voxels, peak = 93), gca=92.5
gca peak = 0.09776 (91)
mri peak = 0.10381 (92)
Right_Thalamus (49): linear fit = 0.98 x + 0.0 (5452 voxels, overlap=0.885)
Right_Thalamus (49): linear fit = 0.98 x + 0.0 (5452 voxels, peak = 89), gca=88.7
gca peak = 0.07585 (81)
mri peak = 0.13089 (84)
Left_Putamen (12): linear fit = 1.00 x + 0.0 (2504 voxels, overlap=0.897)
Left_Putamen (12): linear fit = 1.00 x + 0.0 (2504 voxels, peak = 81), gca=81.0
gca peak = 0.09160 (80)
mri peak = 0.12011 (82)
Right_Putamen (51): linear fit = 1.00 x + 0.0 (2604 voxels, overlap=0.870)
Right_Putamen (51): linear fit = 1.00 x + 0.0 (2604 voxels, peak = 80), gca=80.0
gca peak = 0.07546 (86)
mri peak = 0.10158 (88)
Brain_Stem (16): linear fit = 1.00 x + 0.0 (13880 voxels, overlap=0.738)
Brain_Stem (16): linear fit = 1.00 x + 0.0 (13880 voxels, peak = 86), gca=86.0
gca peak = 0.11401 (95)
mri peak = 0.08280 (88)
Right_VentralDC (60): linear fit = 1.00 x + 0.0 (1785 voxels, overlap=0.824)
Right_VentralDC (60): linear fit = 1.00 x + 0.0 (1785 voxels, peak = 95), gca=95.0
gca peak = 0.15047 (93)
mri peak = 0.08919 (97)
Left_VentralDC (28): linear fit = 0.99 x + 0.0 (1868 voxels, overlap=0.885)
Left_VentralDC (28): linear fit = 0.99 x + 0.0 (1868 voxels, peak = 92), gca=91.6
gca peak = 0.16672 (27)
mri peak = 0.31766 (27)
Third_Ventricle (14): linear fit = 0.94 x + 0.0 (73 voxels, overlap=0.574)
Third_Ventricle (14): linear fit = 0.94 x + 0.0 (73 voxels, peak = 26), gca=25.5
gca peak = 0.15172 (20)
mri peak = 0.18644 (23)
Fourth_Ventricle (15): linear fit = 1.02 x + 0.0 (236 voxels, overlap=0.722)
Fourth_Ventricle (15): linear fit = 1.02 x + 0.0 (236 voxels, peak = 20), gca=20.5
gca peak Unknown = 0.94777 ( 0)
gca peak Left_Inf_Lat_Vent = 0.16718 (31)
gca peak CSF = 0.19561 (45)
gca peak Left_Accumbens_area = 0.66129 (64)
gca peak Left_undetermined = 1.00000 (28)
gca peak Left_vessel = 0.89869 (53)
gca peak Left_choroid_plexus = 0.10625 (35)
gca peak Right_Inf_Lat_Vent = 0.24870 (27)
gca peak Right_Accumbens_area = 0.30631 (71)
gca peak Right_vessel = 0.77268 (52)
gca peak Right_choroid_plexus = 0.13432 (38)
gca peak Fifth_Ventricle = 0.59466 (40)
gca peak WM_hypointensities = 0.09864 (77)
gca peak non_WM_hypointensities = 0.13982 (41)
gca peak Optic_Chiasm = 0.51674 (76)
not using caudate to estimate GM means
estimating mean gm scale to be 1.00 x + 0.0
estimating mean wm scale to be 1.00 x + 0.0
estimating mean csf scale to be 1.00 x + 0.0
saving intensity scales to aseg.auto_noCCseg.label_intensities.txt
saving sequentially combined intensity scales to aseg.auto_noCCseg.label_intensities.txt
51370 voxels changed in iteration 0 of unlikely voxel relabeling
252 voxels changed in iteration 1 of unlikely voxel relabeling
5 voxels changed in iteration 2 of unlikely voxel relabeling
0 voxels changed in iteration 3 of unlikely voxel relabeling
48411 gm and wm labels changed (%33 to gray, %67 to white out of all changed labels)
474 hippocampal voxels changed.
0 amygdala voxels changed.
Reclassifying using Gibbs Priors
pass 1: 66259 changed. image ll: -2.122, PF=0.500
pass 2: 16705 changed. image ll: -2.121, PF=0.500
pass 3: 5809 changed.
pass 4: 2285 changed.
36900 voxels changed in iteration 0 of unlikely voxel relabeling
294 voxels changed in iteration 1 of unlikely voxel relabeling
46 voxels changed in iteration 2 of unlikely voxel relabeling
0 voxels changed in iteration 3 of unlikely voxel relabeling
7896 voxels changed in iteration 0 of unlikely voxel relabeling
114 voxels changed in iteration 1 of unlikely voxel relabeling
8 voxels changed in iteration 2 of unlikely voxel relabeling
0 voxels changed in iteration 3 of unlikely voxel relabeling
7242 voxels changed in iteration 0 of unlikely voxel relabeling
105 voxels changed in iteration 1 of unlikely voxel relabeling
14 voxels changed in iteration 2 of unlikely voxel relabeling
2 voxels changed in iteration 3 of unlikely voxel relabeling
0 voxels changed in iteration 4 of unlikely voxel relabeling
5980 voxels changed in iteration 0 of unlikely voxel relabeling
49 voxels changed in iteration 1 of unlikely voxel relabeling
5 voxels changed in iteration 2 of unlikely voxel relabeling
1 voxels changed in iteration 3 of unlikely voxel relabeling
0 voxels changed in iteration 4 of unlikely voxel relabeling
 !!!!!!!!! ventricle segment 0 with volume 14672 above threshold 100 - not erasing !!!!!!!!!!
 !!!!!!!!! ventricle segment 0 with volume 668 above threshold 100 - not erasing !!!!!!!!!!
 !!!!!!!!! ventricle segment 0 with volume 11030 above threshold 100 - not erasing !!!!!!!!!!
 !!!!!!!!! ventricle segment 3 with volume 213 above threshold 100 - not erasing !!!!!!!!!!
writing labeled volume to aseg.auto_noCCseg.mgz
mri_ca_label utimesec    1716.295769
mri_ca_label stimesec    8.220895
mri_ca_label ru_maxrss   2135396
mri_ca_label ru_ixrss    0
mri_ca_label ru_idrss    0
mri_ca_label ru_isrss    0
mri_ca_label ru_minflt   7622467
mri_ca_label ru_majflt   22
mri_ca_label ru_nswap    0
mri_ca_label ru_inblock  1142
mri_ca_label ru_oublock  728
mri_ca_label ru_msgsnd   0
mri_ca_label ru_msgrcv   0
mri_ca_label ru_nsignals 0
mri_ca_label ru_nvcsw    1731
mri_ca_label ru_nivcsw   2600
auto-labeling took 27 minutes and 48 seconds.
#--------------------------------------
#@# CC Seg Thu Mar 12 11:49:42 CET 2026

 mri_cc -aseg aseg.auto_noCCseg.mgz -o aseg.auto.mgz -lta /out/sourcedata/freesurfer/sub-v1s11x0050155_ses-1/mri/transforms/cc_up.lta sub-v1s11x0050155_ses-1 

will read input aseg from aseg.auto_noCCseg.mgz
writing aseg with cc labels to aseg.auto.mgz
will write lta as /out/sourcedata/freesurfer/sub-v1s11x0050155_ses-1/mri/transforms/cc_up.lta
reading aseg from /out/sourcedata/freesurfer/sub-v1s11x0050155_ses-1/mri/aseg.auto_noCCseg.mgz
reading norm from /out/sourcedata/freesurfer/sub-v1s11x0050155_ses-1/mri/norm.mgz
58316 voxels in left wm, 70206 in right wm, xrange [121, 133]
searching rotation angles z=[-3 11], y=[-10  4]
searching scale 1 Z rot -3.2  searching scale 1 Z rot -3.0  searching scale 1 Z rot -2.7  searching scale 1 Z rot -2.5  searching scale 1 Z rot -2.2  searching scale 1 Z rot -2.0  searching scale 1 Z rot -1.7  searching scale 1 Z rot -1.5  searching scale 1 Z rot -1.2  searching scale 1 Z rot -1.0  searching scale 1 Z rot -0.7  searching scale 1 Z rot -0.5  searching scale 1 Z rot -0.2  searching scale 1 Z rot 0.0  searching scale 1 Z rot 0.3  searching scale 1 Z rot 0.5  searching scale 1 Z rot 0.8  searching scale 1 Z rot 1.0  searching scale 1 Z rot 1.3  searching scale 1 Z rot 1.5  searching scale 1 Z rot 1.8  searching scale 1 Z rot 2.0  searching scale 1 Z rot 2.3  searching scale 1 Z rot 2.5  searching scale 1 Z rot 2.8  searching scale 1 Z rot 3.0  searching scale 1 Z rot 3.3  searching scale 1 Z rot 3.5  searching scale 1 Z rot 3.8  searching scale 1 Z rot 4.0  searching scale 1 Z rot 4.3  searching scale 1 Z rot 4.5  searching scale 1 Z rot 4.8  searching scale 1 Z rot 5.0  searching scale 1 Z rot 5.3  searching scale 1 Z rot 5.5  searching scale 1 Z rot 5.8  searching scale 1 Z rot 6.0  searching scale 1 Z rot 6.3  searching scale 1 Z rot 6.5  searching scale 1 Z rot 6.8  searching scale 1 Z rot 7.0  searching scale 1 Z rot 7.3  searching scale 1 Z rot 7.5  searching scale 1 Z rot 7.8  searching scale 1 Z rot 8.0  searching scale 1 Z rot 8.3  searching scale 1 Z rot 8.5  searching scale 1 Z rot 8.8  searching scale 1 Z rot 9.0  searching scale 1 Z rot 9.3  searching scale 1 Z rot 9.5  searching scale 1 Z rot 9.8  searching scale 1 Z rot 10.0  searching scale 1 Z rot 10.3  global minimum found at slice 127.0, rotations (-2.45, 3.54)
final transformation (x=127.0, yr=-2.448, zr=3.539):
 0.99718  -0.06172  -0.04263   12.96078;
 0.06167   0.99809  -0.00264   8.67179;
 0.04272   0.00000   0.99909   12.67542;
 0.00000   0.00000   0.00000   1.00000;
updating x range to be [125, 130] in xformed coordinates
best xformed slice 127
min_x_fornix = 132
min_x_fornix = 139
min_x_fornix = 141
min_x_fornix = 135
min_x_fornix = 132
cc center is found at 127 112 110
eigenvectors:
 0.00021   0.00170   1.00000;
-0.11657  -0.99318   0.00171;
 0.99318  -0.11657  -0.00001;
error in mid anterior detected - correcting...
writing aseg with callosum to /out/sourcedata/freesurfer/sub-v1s11x0050155_ses-1/mri/aseg.auto.mgz...
corpus callosum segmentation took 0.5 minutes
#VMPC# mri_cc VmPeak  555080
mri_cc done
#--------------------------------------
#@# Merge ASeg Thu Mar 12 11:50:10 CET 2026

 cp aseg.auto.mgz aseg.presurf.mgz 

#--------------------------------------------
#@# Intensity Normalization2 Thu Mar 12 11:50:10 CET 2026
/out/sourcedata/freesurfer/sub-v1s11x0050155_ses-1/mri

 mri_normalize -seed 1234 -mprage -aseg aseg.presurf.mgz -mask brainmask.mgz norm.mgz brain.mgz 

setting seed for random number genererator to 1234
assuming input volume is MGH (Van der Kouwe) MP-RAGE
using segmentation for initial intensity normalization
using MR volume brainmask.mgz to mask input volume...
reading mri_src from norm.mgz...
Reading aseg aseg.presurf.mgz
normalizing image...
NOT doing gentle normalization with control points/label
processing with aseg
removing outliers in the aseg WM...
558 control points removed
Building bias image
building Voronoi diagram...
performing soap bubble smoothing, sigma = 0...
Smoothing with sigma 8
Applying bias correction
building Voronoi diagram...
performing soap bubble smoothing, sigma = 8...

Iterating 2 times
---------------------------------
3d normalization pass 1 of 2
white matter peak found at 110
white matter peak found at 110
gm peak at 74 (74), valley at 25 (25)
csf peak at 37, setting threshold to 61
building Voronoi diagram...
performing soap bubble smoothing, sigma = 8...
---------------------------------
3d normalization pass 2 of 2
white matter peak found at 110
white matter peak found at 110
gm peak at 73 (73), valley at 25 (25)
csf peak at 37, setting threshold to 61
building Voronoi diagram...
performing soap bubble smoothing, sigma = 8...
Done iterating ---------------------------------
writing output to brain.mgz
3D bias adjustment took 1 minutes and 25 seconds.
#--------------------------------------------
#@# Mask BFS Thu Mar 12 11:51:36 CET 2026
/out/sourcedata/freesurfer/sub-v1s11x0050155_ses-1/mri

 mri_mask -T 5 brain.mgz brainmask.mgz brain.finalsurfs.mgz 

threshold mask volume at 5
DoAbs = 0
Found 1813886 voxels in mask (pct= 10.81)
Writing masked volume to brain.finalsurfs.mgz...done.
#--------------------------------------------
#@# WM Segmentation Thu Mar 12 11:51:37 CET 2026

 AntsDenoiseImageFs -i brain.mgz -o antsdn.brain.mgz 


 mri_segment -wsizemm 13 -mprage antsdn.brain.mgz wm.seg.mgz 

wsizemm = 13, voxres = 1, wsize = 13
Widening wm low from 89 to 79
assuming input volume is MGH (Van der Kouwe) MP-RAGE
wm mean:  110
wsize:    13
wm low:   79
wm hi:    125
gray low: 30
gray hi:  99
Doing initial trinary intensity segmentation 
Using local statistics to label ambiguous voxels
Autodetecting stats
Computing class statistics for intensity windows...
CCS WM (101.0): 100.8 +- 6.4 [79.0 --> 123.0]
CCS GM (75.0) : 74.9 +- 9.0 [30.0 --> 95.0]
 white_mean 100.765
 white_sigma 6.39616
 gray_mean 74.872
 gray_sigma 8.98684
setting bottom of white matter range wm_low to 83.9
setting top of gray matter range gray_hi to 92.8
 wm_low 83.8589
 wm_hi  125
 gray_low 30
 gray_hi  92.8457
Redoing initial intensity segmentation...
Recomputing local statistics to label ambiguous voxels...
 wm_low 83.8589
 wm_hi  125
 gray_low 30
 gray_hi  92.8457
using local geometry to label remaining ambiguous voxels...
polvwsize = 5, polvlen = 3, gray_hi = 92.8457, wm_low = 83.8589
MRIcpolvMedianCurveSegment(): wsize=5, len=3, gmhi=92.8457, wmlow=83.8589
    159885 voxels processed (0.95%)
     67866 voxels white (0.40%)
     92019 voxels non-white (0.55%)

Reclassifying voxels using Gaussian border classifier niter=1
MRIreclassify(): wm_low=78.8589, gray_hi=92.8457, wsize=13
    314691 voxels tested (1.88%)
     53256 voxels changed (0.32%)
     72953 multi-scale searches  (0.43%)
Recovering bright white
MRIrecoverBrightWhite()
 wm_low 83.8589
 wm_hi 125
 slack 6.39616
 pct_thresh 0.33
 intensity_thresh 131.396
 nvox_thresh 8.58
        0 voxels tested (0.00%)
        0 voxels changed (0.00%)

removing voxels with positive offset direction...
MRIremoveWrongDirection() wsize=3, lowthr=78.8589, hithr=92.8457
  smoothing input volume with sigma = 0.250
    93472 voxels tested (0.56%)
    16740 voxels changed (0.10%)
thicken = 1
removing 1-dimensional structures...
MRIremove1dStructures(): max_iter=10000, thresh=2, WM_MIN_VAL=5
 1474 sparsely connected voxels removed in 1 iterations
thickening thin strands....
thickness 4
nsegments 20
wm_hi 125
1001 diagonally connected voxels added...
MRIthickenThinWMStrands(): thickness=4, nsegments=20
  20 segments, 4170 filled
MRIfindBrightNonWM(): 0 bright non-wm voxels segmented.
MRIfilterMorphology() WM_MIN_VAL=5, DIAGONAL_FILL=230
white matter segmentation took 0.9 minutes
writing output to wm.seg.mgz...

 mri_edit_wm_with_aseg -keep-in wm.seg.mgz brain.mgz aseg.presurf.mgz wm.asegedit.mgz 

preserving editing changes in input volume...
auto filling took 0.34 minutes
reading wm segmentation from wm.seg.mgz...
0 voxels added to wm to prevent paths from MTL structures to cortex
3036 additional wm voxels added
0 additional wm voxels added
SEG EDIT: 61480 voxels turned on, 44196 voxels turned off.
propagating editing to output volume from wm.seg.mgz
writing edited volume to wm.asegedit.mgz....

 mri_pretess wm.asegedit.mgz wm norm.mgz wm.mgz 


Iteration Number : 1
pass   1 (xy+):  12 found -  12 modified     |    TOTAL:  12
pass   2 (xy+):   0 found -  12 modified     |    TOTAL:  12
pass   1 (xy-):   7 found -   7 modified     |    TOTAL:  19
pass   2 (xy-):   0 found -   7 modified     |    TOTAL:  19
pass   1 (yz+):  10 found -  10 modified     |    TOTAL:  29
pass   2 (yz+):   0 found -  10 modified     |    TOTAL:  29
pass   1 (yz-):  20 found -  20 modified     |    TOTAL:  49
pass   2 (yz-):   0 found -  20 modified     |    TOTAL:  49
pass   1 (xz+):   7 found -   7 modified     |    TOTAL:  56
pass   2 (xz+):   0 found -   7 modified     |    TOTAL:  56
pass   1 (xz-):   6 found -   6 modified     |    TOTAL:  62
pass   2 (xz-):   0 found -   6 modified     |    TOTAL:  62
Iteration Number : 1
pass   1 (+++):   4 found -   4 modified     |    TOTAL:   4
pass   2 (+++):   0 found -   4 modified     |    TOTAL:   4
pass   1 (+++):   0 found -   0 modified     |    TOTAL:   4
pass   1 (+++):   6 found -   6 modified     |    TOTAL:  10
pass   2 (+++):   0 found -   6 modified     |    TOTAL:  10
pass   1 (+++):   0 found -   0 modified     |    TOTAL:  10
Iteration Number : 1
pass   1 (++):  54 found -  54 modified     |    TOTAL:  54
pass   2 (++):   0 found -  54 modified     |    TOTAL:  54
pass   1 (+-):  42 found -  42 modified     |    TOTAL:  96
pass   2 (+-):   0 found -  42 modified     |    TOTAL:  96
pass   1 (--):  40 found -  40 modified     |    TOTAL: 136
pass   2 (--):   0 found -  40 modified     |    TOTAL: 136
pass   1 (-+):  47 found -  47 modified     |    TOTAL: 183
pass   2 (-+):   0 found -  47 modified     |    TOTAL: 183
Iteration Number : 2
pass   1 (xy+):   3 found -   3 modified     |    TOTAL:   3
pass   2 (xy+):   0 found -   3 modified     |    TOTAL:   3
pass   1 (xy-):   1 found -   1 modified     |    TOTAL:   4
pass   2 (xy-):   0 found -   1 modified     |    TOTAL:   4
pass   1 (yz+):   1 found -   1 modified     |    TOTAL:   5
pass   2 (yz+):   0 found -   1 modified     |    TOTAL:   5
pass   1 (yz-):   1 found -   1 modified     |    TOTAL:   6
pass   2 (yz-):   0 found -   1 modified     |    TOTAL:   6
pass   1 (xz+):   2 found -   2 modified     |    TOTAL:   8
pass   2 (xz+):   0 found -   2 modified     |    TOTAL:   8
pass   1 (xz-):   0 found -   0 modified     |    TOTAL:   8
Iteration Number : 2
pass   1 (+++):   0 found -   0 modified     |    TOTAL:   0
pass   1 (+++):   0 found -   0 modified     |    TOTAL:   0
pass   1 (+++):   0 found -   0 modified     |    TOTAL:   0
pass   1 (+++):   0 found -   0 modified     |    TOTAL:   0
Iteration Number : 2
pass   1 (++):   0 found -   0 modified     |    TOTAL:   0
pass   1 (+-):   0 found -   0 modified     |    TOTAL:   0
pass   1 (--):   2 found -   2 modified     |    TOTAL:   2
pass   2 (--):   0 found -   2 modified     |    TOTAL:   2
pass   1 (-+):   0 found -   0 modified     |    TOTAL:   2
Iteration Number : 3
pass   1 (xy+):   0 found -   0 modified     |    TOTAL:   0
pass   1 (xy-):   0 found -   0 modified     |    TOTAL:   0
pass   1 (yz+):   0 found -   0 modified     |    TOTAL:   0
pass   1 (yz-):   0 found -   0 modified     |    TOTAL:   0
pass   1 (xz+):   0 found -   0 modified     |    TOTAL:   0
pass   1 (xz-):   0 found -   0 modified     |    TOTAL:   0
Iteration Number : 3
pass   1 (+++):   0 found -   0 modified     |    TOTAL:   0
pass   1 (+++):   0 found -   0 modified     |    TOTAL:   0
pass   1 (+++):   0 found -   0 modified     |    TOTAL:   0
pass   1 (+++):   0 found -   0 modified     |    TOTAL:   0
Iteration Number : 3
pass   1 (++):   0 found -   0 modified     |    TOTAL:   0
pass   1 (+-):   0 found -   0 modified     |    TOTAL:   0
pass   1 (--):   0 found -   0 modified     |    TOTAL:   0
pass   1 (-+):   0 found -   0 modified     |    TOTAL:   0

Total Number of Modified Voxels = 265 (out of 656677: 0.040355)
binarizing input wm segmentation...
Ambiguous edge configurations... 

mri_pretess done

#--------------------------------------------
#@# Fill Thu Mar 12 11:53:20 CET 2026
/out/sourcedata/freesurfer/sub-v1s11x0050155_ses-1/mri

 mri_fill -a ../scripts/ponscc.cut.log -xform transforms/talairach.lta -segmentation aseg.presurf.mgz -ctab /opt/freesurfer/SubCorticalMassLUT.txt wm.mgz filled.mgz 

logging cutting plane coordinates to ../scripts/ponscc.cut.log...
INFO: Using transforms/talairach.lta and its offset for Talairach volume ...
using segmentation aseg.presurf.mgz...
reading input volume...done.
searching for cutting planes...voxel to talairach voxel transform
 0.99419  -0.07691  -0.03149   12.04530;
 0.08423   1.00881   0.23228  -46.24335;
 0.01475  -0.22609   0.95528   24.26115;
 0.00000   0.00000   0.00000   1.00000;
voxel to talairach voxel transform
 0.99419  -0.07691  -0.03149   12.04530;
 0.08423   1.00881   0.23228  -46.24335;
 0.01475  -0.22609   0.95528   24.26115;
 0.00000   0.00000   0.00000   1.00000;
reading segmented volume aseg.presurf.mgz
removing CC from segmentation
Looking for area (min, max) = (350, 1400)
area[0] = 1409 (min = 350, max = 1400), aspect = 0.56 (min = 0.10, max = 0.75)
need search nearby
using seed (125, 113, 94), TAL = (3.0, -34.0, 15.0)
talairach voxel to voxel transform
 0.99893   0.07922   0.01367  -8.70036;
-0.07572   0.93403  -0.22961   49.67554;
-0.03335   0.21984   0.99226  -13.50543;
 0.00000   0.00000   0.00000   1.00000;
segmentation indicates cc at (125,  113,  94) --> (3.0, -34.0, 15.0)
done.
filling took 0.7 minutes
talairach cc position changed to (3.00, -34.00, 15.00)
Erasing brainstem...done.
seed_search_size = 9, min_neighbors = 5
search rh wm seed point around talairach space:(21.00, -34.00, 15.00) SRC: (108.42, 125.54, 101.04)
search lh wm seed point around talairach space (-15.00, -34.00, 15.00), SRC: (144.38, 122.81, 99.84)
compute mri_fill using aseg
Erasing Brain Stem and Cerebellum ...
Define left and right masks using aseg:
Building Voronoi diagram ...
Using the Voronoi diagram for separating WM into two hemispheres ...
Find the largest connected component for each hemisphere ...
Embedding colortable
mri_fill done, writing output to filled.mgz...
 cp filled.mgz filled.auto.mgz

Started at Thu Mar 12 10:33:12 CET 2026 
Ended   at Thu Mar 12 11:54:04 CET 2026
#@#%# recon-all-run-time-hours 1.348
recon-all -s sub-v1s11x0050155_ses-1 finished without error at Thu Mar 12 11:54:04 CET 2026



#New# invocation of recon-all 




Thu Mar 12 12:47:38 CET 2026
cd /out/sourcedata/freesurfer/sub-v1s11x0050155_ses-1
setenv SUBJECTS_DIR /out/sourcedata/freesurfer
/opt/freesurfer/bin/recon-all -parallel -subjid sub-v1s11x0050155_ses-1 -sd /out/sourcedata/freesurfer -cortribbon

subjid sub-v1s11x0050155_ses-1
setenv SUBJECTS_DIR /out/sourcedata/freesurfer
FREESURFER_HOME /opt/freesurfer
Actual FREESURFER_HOME /opt/freesurfer
build-stamp.txt: freesurfer-linux-ubuntu22_x86_64-7.3.2-20220804-6354275
Linux dna085 5.14.0-427.37.1.el9_4.x86_64 #1 SMP PREEMPT_DYNAMIC Fri Sep 13 12:41:50 EDT 2024 x86_64 x86_64 x86_64 GNU/Linux
cputime      unlimited
filesize     unlimited
datasize     unlimited
stacksize    8192 kbytes
coredumpsize 0 kbytes
memoryuse    67108864 kbytes
vmemoryuse   unlimited
descriptors  1024 
memorylocked unlimited
maxproc      2061970 
maxlocks     unlimited
maxsignal    2062024 
maxmessage   819200 
maxnice      0 
maxrtprio    0 
maxrttime    unlimited

               total        used        free      shared  buff/cache   available
Mem:           503Gi       326Gi       151Gi       9.7Gi        25Gi       164Gi
Swap:             0B          0B          0B

########################################
program versions used
7.3.2 (freesurfer-linux-ubuntu22_x86_64-7.3.2-20220804-6354275)
7.3.2

ProgramName: lta_convert  ProgramArguments: lta_convert -all-info  ProgramVersion: 7.3.2  TimeStamp: 2026/03/12-11:47:38-GMT  BuildTime: Aug  4 2022 06:17:15  BuildStamp: freesurfer-linux-ubuntu22_x86_64-7.3.2-20220804-6354275  User: oesteban  Machine: dna085  Platform: Linux  PlatformVersion: 5.14.0-427.37.1.el9_4.x86_64  CompilerName: GCC  CompilerVersion: 8.4.0
ProgramName: mri_and  ProgramArguments: mri_and -all-info  ProgramVersion: 7.3.2  TimeStamp: 2026/03/12-11:47:38-GMT  BuildTime: Aug  4 2022 06:17:15  BuildStamp: freesurfer-linux-ubuntu22_x86_64-7.3.2-20220804-6354275  User: oesteban  Machine: dna085  Platform: Linux  PlatformVersion: 5.14.0-427.37.1.el9_4.x86_64  CompilerName: GCC  CompilerVersion: 8.4.0
ProgramName: mri_annotation2label  ProgramArguments: mri_annotation2label -all-info  ProgramVersion: 7.3.2  TimeStamp: 2026/03/12-11:47:38-GMT  BuildTime: Aug  4 2022 06:17:15  BuildStamp: freesurfer-linux-ubuntu22_x86_64-7.3.2-20220804-6354275  User: oesteban  Machine: dna085  Platform: Linux  PlatformVersion: 5.14.0-427.37.1.el9_4.x86_64  CompilerName: GCC  CompilerVersion: 8.4.0
ProgramName: mri_aparc2aseg  ProgramArguments: mri_aparc2aseg -all-info  ProgramVersion: 7.3.2  TimeStamp: 2026/03/12-11:47:38-GMT  BuildTime: Aug  4 2022 06:17:15  BuildStamp: freesurfer-linux-ubuntu22_x86_64-7.3.2-20220804-6354275  User: oesteban  Machine: dna085  Platform: Linux  PlatformVersion: 5.14.0-427.37.1.el9_4.x86_64  CompilerName: GCC  CompilerVersion: 8.4.0
ProgramName: mri_surf2volseg  ProgramArguments: mri_surf2volseg -all-info  ProgramVersion: 7.3.2  TimeStamp: 2026/03/12-11:47:38-GMT  BuildTime: Aug  4 2022 06:17:15  BuildStamp: freesurfer-linux-ubuntu22_x86_64-7.3.2-20220804-6354275  User: oesteban  Machine: dna085  Platform: Linux  PlatformVersion: 5.14.0-427.37.1.el9_4.x86_64  CompilerName: GCC  CompilerVersion: 8.4.0
ProgramName: mri_binarize  ProgramArguments: mri_binarize -all-info  ProgramVersion: 7.3.2  TimeStamp: 2026/03/12-11:47:38-GMT  BuildTime: Aug  4 2022 06:17:15  BuildStamp: freesurfer-linux-ubuntu22_x86_64-7.3.2-20220804-6354275  User: oesteban  Machine: dna085  Platform: Linux  PlatformVersion: 5.14.0-427.37.1.el9_4.x86_64  CompilerName: GCC  CompilerVersion: 8.4.0
ProgramName: mri_ca_label  ProgramArguments: mri_ca_label -all-info  ProgramVersion: 7.3.2  TimeStamp: 2026/03/12-11:47:38-GMT  BuildTime: Aug  4 2022 06:17:15  BuildStamp: freesurfer-linux-ubuntu22_x86_64-7.3.2-20220804-6354275  User: oesteban  Machine: dna085  Platform: Linux  PlatformVersion: 5.14.0-427.37.1.el9_4.x86_64  CompilerName: GCC  CompilerVersion: 8.4.0
ProgramName: mri_ca_normalize  ProgramArguments: mri_ca_normalize -all-info  ProgramVersion: 7.3.2  TimeStamp: 2026/03/12-11:47:38-GMT  BuildTime: Aug  4 2022 06:17:15  BuildStamp: freesurfer-linux-ubuntu22_x86_64-7.3.2-20220804-6354275  User: oesteban  Machine: dna085  Platform: Linux  PlatformVersion: 5.14.0-427.37.1.el9_4.x86_64  CompilerName: GCC  CompilerVersion: 8.4.0
ProgramName: mri_ca_register  ProgramArguments: mri_ca_register -all-info  ProgramVersion: 7.3.2  TimeStamp: 2026/03/12-11:47:38-GMT  BuildTime: Aug  4 2022 06:17:15  BuildStamp: freesurfer-linux-ubuntu22_x86_64-7.3.2-20220804-6354275  User: oesteban  Machine: dna085  Platform: Linux  PlatformVersion: 5.14.0-427.37.1.el9_4.x86_64  CompilerName: GCC  CompilerVersion: 8.4.0
ProgramName: mri_cc  ProgramArguments: mri_cc -all-info  ProgramVersion: 7.3.2  TimeStamp: 2026/03/12-11:47:38-GMT  BuildTime: Aug  4 2022 06:17:15  BuildStamp: freesurfer-linux-ubuntu22_x86_64-7.3.2-20220804-6354275  User: oesteban  Machine: dna085  Platform: Linux  PlatformVersion: 5.14.0-427.37.1.el9_4.x86_64  CompilerName: GCC  CompilerVersion: 8.4.0
ProgramName: mri_compute_overlap  ProgramArguments: mri_compute_overlap -all-info  ProgramVersion: 7.3.2  TimeStamp: 2026/03/12-11:47:38-GMT  BuildTime: Aug  4 2022 06:17:15  BuildStamp: freesurfer-linux-ubuntu22_x86_64-7.3.2-20220804-6354275  User: oesteban  Machine: dna085  Platform: Linux  PlatformVersion: 5.14.0-427.37.1.el9_4.x86_64  CompilerName: GCC  CompilerVersion: 8.4.0
ProgramName: mri_compute_seg_overlap  ProgramArguments: mri_compute_seg_overlap -all-info  ProgramVersion: 7.3.2  TimeStamp: 2026/03/12-11:47:38-GMT  BuildTime: Aug  4 2022 06:17:15  BuildStamp: freesurfer-linux-ubuntu22_x86_64-7.3.2-20220804-6354275  User: oesteban  Machine: dna085  Platform: Linux  PlatformVersion: 5.14.0-427.37.1.el9_4.x86_64  CompilerName: GCC  CompilerVersion: 8.4.0
ProgramName: mri_concat  ProgramArguments: mri_concat -all-info  ProgramVersion: 7.3.2  TimeStamp: 2026/03/12-11:47:38-GMT  BuildTime: Aug  4 2022 06:17:15  BuildStamp: freesurfer-linux-ubuntu22_x86_64-7.3.2-20220804-6354275  User: oesteban  Machine: dna085  Platform: Linux  PlatformVersion: 5.14.0-427.37.1.el9_4.x86_64  CompilerName: GCC  CompilerVersion: 8.4.0
ProgramName: mri_concatenate_lta  ProgramArguments: mri_concatenate_lta -all-info  ProgramVersion: 7.3.2  TimeStamp: 2026/03/12-11:47:38-GMT  BuildTime: Aug  4 2022 06:17:15  BuildStamp: freesurfer-linux-ubuntu22_x86_64-7.3.2-20220804-6354275  User: oesteban  Machine: dna085  Platform: Linux  PlatformVersion: 5.14.0-427.37.1.el9_4.x86_64  CompilerName: GCC  CompilerVersion: 8.4.0
mri_convert -all-info 
ProgramName: mri_convert  ProgramArguments: mri_convert -all-info  ProgramVersion: 7.3.2  TimeStamp: 2026/03/12-11:47:38-GMT  BuildTime: Aug  4 2022 06:17:15  BuildStamp: freesurfer-linux-ubuntu22_x86_64-7.3.2-20220804-6354275  User: oesteban  Machine: dna085  Platform: Linux  PlatformVersion: 5.14.0-427.37.1.el9_4.x86_64  CompilerName: GCC  CompilerVersion: 8.4.0
ProgramName: mri_diff  ProgramArguments: mri_diff -all-info  ProgramVersion: 7.3.2  TimeStamp: 2026/03/12-11:47:38-GMT  BuildTime: Aug  4 2022 06:17:15  BuildStamp: freesurfer-linux-ubuntu22_x86_64-7.3.2-20220804-6354275  User: oesteban  Machine: dna085  Platform: Linux  PlatformVersion: 5.14.0-427.37.1.el9_4.x86_64  CompilerName: GCC  CompilerVersion: 8.4.0
ProgramName: mri_edit_wm_with_aseg  ProgramArguments: mri_edit_wm_with_aseg -all-info  ProgramVersion: 7.3.2  TimeStamp: 2026/03/12-11:47:38-GMT  BuildTime: Aug  4 2022 06:17:15  BuildStamp: freesurfer-linux-ubuntu22_x86_64-7.3.2-20220804-6354275  User: oesteban  Machine: dna085  Platform: Linux  PlatformVersion: 5.14.0-427.37.1.el9_4.x86_64  CompilerName: GCC  CompilerVersion: 8.4.0
ProgramName: mri_em_register  ProgramArguments: mri_em_register -all-info  ProgramVersion: 7.3.2  TimeStamp: 2026/03/12-11:47:38-GMT  BuildTime: Aug  4 2022 06:17:15  BuildStamp: freesurfer-linux-ubuntu22_x86_64-7.3.2-20220804-6354275  User: oesteban  Machine: dna085  Platform: Linux  PlatformVersion: 5.14.0-427.37.1.el9_4.x86_64  CompilerName: GCC  CompilerVersion: 8.4.0
ProgramName: mri_fill  ProgramArguments: mri_fill -all-info  ProgramVersion: 7.3.2  TimeStamp: 2026/03/12-11:47:38-GMT  BuildTime: Aug  4 2022 06:17:15  BuildStamp: freesurfer-linux-ubuntu22_x86_64-7.3.2-20220804-6354275  User: oesteban  Machine: dna085  Platform: Linux  PlatformVersion: 5.14.0-427.37.1.el9_4.x86_64  CompilerName: GCC  CompilerVersion: 8.4.0
ProgramName: mri_fuse_segmentations  ProgramArguments: mri_fuse_segmentations -all-info  ProgramVersion: 7.3.2  TimeStamp: 2026/03/12-11:47:38-GMT  BuildTime: Aug  4 2022 06:17:15  BuildStamp: freesurfer-linux-ubuntu22_x86_64-7.3.2-20220804-6354275  User: oesteban  Machine: dna085  Platform: Linux  PlatformVersion: 5.14.0-427.37.1.el9_4.x86_64  CompilerName: GCC  CompilerVersion: 8.4.0
ProgramName: mri_fwhm  ProgramArguments: mri_fwhm -all-info  ProgramVersion: 7.3.2  TimeStamp: 2026/03/12-11:47:38-GMT  BuildTime: Aug  4 2022 06:17:15  BuildStamp: freesurfer-linux-ubuntu22_x86_64-7.3.2-20220804-6354275  User: oesteban  Machine: dna085  Platform: Linux  PlatformVersion: 5.14.0-427.37.1.el9_4.x86_64  CompilerName: GCC  CompilerVersion: 8.4.0
ProgramName: mri_gcut  ProgramArguments: mri_gcut -all-info  ProgramVersion: 7.3.2  TimeStamp: 2026/03/12-11:47:38-GMT  BuildTime: Aug  4 2022 06:17:15  BuildStamp: freesurfer-linux-ubuntu22_x86_64-7.3.2-20220804-6354275  User: oesteban  Machine: dna085  Platform: Linux  PlatformVersion: 5.14.0-427.37.1.el9_4.x86_64  CompilerName: GCC  CompilerVersion: 8.4.0
ProgramName: mri_info  ProgramArguments: mri_info -all-info  ProgramVersion: 7.3.2  TimeStamp: 2026/03/12-11:47:38-GMT  BuildTime: Aug  4 2022 06:17:15  BuildStamp: freesurfer-linux-ubuntu22_x86_64-7.3.2-20220804-6354275  User: oesteban  Machine: dna085  Platform: Linux  PlatformVersion: 5.14.0-427.37.1.el9_4.x86_64  CompilerName: GCC  CompilerVersion: 8.4.0
ProgramName: mri_label2label  ProgramArguments: mri_label2label -all-info  ProgramVersion: 7.3.2  TimeStamp: 2026/03/12-11:47:38-GMT  BuildTime: Aug  4 2022 06:17:15  BuildStamp: freesurfer-linux-ubuntu22_x86_64-7.3.2-20220804-6354275  User: oesteban  Machine: dna085  Platform: Linux  PlatformVersion: 5.14.0-427.37.1.el9_4.x86_64  CompilerName: GCC  CompilerVersion: 8.4.0
ProgramName: mri_label2vol  ProgramArguments: mri_label2vol -all-info  ProgramVersion: 7.3.2  TimeStamp: 2026/03/12-11:47:38-GMT  BuildTime: Aug  4 2022 06:17:15  BuildStamp: freesurfer-linux-ubuntu22_x86_64-7.3.2-20220804-6354275  User: oesteban  Machine: dna085  Platform: Linux  PlatformVersion: 5.14.0-427.37.1.el9_4.x86_64  CompilerName: GCC  CompilerVersion: 8.4.0
ProgramName: mri_log_likelihood  ProgramArguments: mri_log_likelihood -all-info  ProgramVersion: 7.3.2  TimeStamp: 2026/03/12-11:47:38-GMT  BuildTime: Aug  4 2022 06:17:15  BuildStamp: freesurfer-linux-ubuntu22_x86_64-7.3.2-20220804-6354275  User: oesteban  Machine: dna085  Platform: Linux  PlatformVersion: 5.14.0-427.37.1.el9_4.x86_64  CompilerName: GCC  CompilerVersion: 8.4.0
ProgramName: mri_mask  ProgramArguments: mri_mask -all-info  ProgramVersion: 7.3.2  TimeStamp: 2026/03/12-11:47:38-GMT  BuildTime: Aug  4 2022 06:17:15  BuildStamp: freesurfer-linux-ubuntu22_x86_64-7.3.2-20220804-6354275  User: oesteban  Machine: dna085  Platform: Linux  PlatformVersion: 5.14.0-427.37.1.el9_4.x86_64  CompilerName: GCC  CompilerVersion: 8.4.0
ProgramName: mri_matrix_multiply  ProgramArguments: mri_matrix_multiply -all-info  ProgramVersion: 7.3.2  TimeStamp: 2026/03/12-11:47:38-GMT  BuildTime: Aug  4 2022 06:17:15  BuildStamp: freesurfer-linux-ubuntu22_x86_64-7.3.2-20220804-6354275  User: oesteban  Machine: dna085  Platform: Linux  PlatformVersion: 5.14.0-427.37.1.el9_4.x86_64  CompilerName: GCC  CompilerVersion: 8.4.0
ProgramName: mri_normalize  ProgramArguments: mri_normalize -all-info  ProgramVersion: 7.3.2  TimeStamp: 2026/03/12-11:47:38-GMT  BuildTime: Aug  4 2022 06:17:15  BuildStamp: freesurfer-linux-ubuntu22_x86_64-7.3.2-20220804-6354275  User: oesteban  Machine: dna085  Platform: Linux  PlatformVersion: 5.14.0-427.37.1.el9_4.x86_64  CompilerName: GCC  CompilerVersion: 8.4.0
ProgramName: mri_normalize_tp2  ProgramArguments: mri_normalize_tp2 -all-info  ProgramVersion: 7.3.2  TimeStamp: 2026/03/12-11:47:38-GMT  BuildTime: Aug  4 2022 06:17:15  BuildStamp: freesurfer-linux-ubuntu22_x86_64-7.3.2-20220804-6354275  User: oesteban  Machine: dna085  Platform: Linux  PlatformVersion: 5.14.0-427.37.1.el9_4.x86_64  CompilerName: GCC  CompilerVersion: 8.4.0
ProgramName: mri_or  ProgramArguments: mri_or -all-info  ProgramVersion: 7.3.2  TimeStamp: 2026/03/12-11:47:38-GMT  BuildTime: Aug  4 2022 06:17:15  BuildStamp: freesurfer-linux-ubuntu22_x86_64-7.3.2-20220804-6354275  User: oesteban  Machine: dna085  Platform: Linux  PlatformVersion: 5.14.0-427.37.1.el9_4.x86_64  CompilerName: GCC  CompilerVersion: 8.4.0
ProgramName: mri_relabel_hypointensities  ProgramArguments: mri_relabel_hypointensities -all-info  ProgramVersion: 7.3.2  TimeStamp: 2026/03/12-11:47:38-GMT  BuildTime: Aug  4 2022 06:17:15  BuildStamp: freesurfer-linux-ubuntu22_x86_64-7.3.2-20220804-6354275  User: oesteban  Machine: dna085  Platform: Linux  PlatformVersion: 5.14.0-427.37.1.el9_4.x86_64  CompilerName: GCC  CompilerVersion: 8.4.0
ProgramName: mri_relabel_nonwm_hypos  ProgramArguments: mri_relabel_nonwm_hypos -all-info  ProgramVersion: 7.3.2  TimeStamp: 2026/03/12-11:47:38-GMT  BuildTime: Aug  4 2022 06:17:15  BuildStamp: freesurfer-linux-ubuntu22_x86_64-7.3.2-20220804-6354275  User: oesteban  Machine: dna085  Platform: Linux  PlatformVersion: 5.14.0-427.37.1.el9_4.x86_64  CompilerName: GCC  CompilerVersion: 8.4.0
ProgramName: mri_remove_neck  ProgramArguments: mri_remove_neck -all-info  ProgramVersion: 7.3.2  TimeStamp: 2026/03/12-11:47:38-GMT  BuildTime: Aug  4 2022 06:17:15  BuildStamp: freesurfer-linux-ubuntu22_x86_64-7.3.2-20220804-6354275  User: oesteban  Machine: dna085  Platform: Linux  PlatformVersion: 5.14.0-427.37.1.el9_4.x86_64  CompilerName: GCC  CompilerVersion: 8.4.0
7.3.2

ProgramName: mri_robust_register  ProgramArguments: mri_robust_register -all-info  ProgramVersion: 7.3.2  TimeStamp: 2026/03/12-11:47:38-GMT  BuildTime: Aug  4 2022 06:17:15  BuildStamp: freesurfer-linux-ubuntu22_x86_64-7.3.2-20220804-6354275  User: oesteban  Machine: dna085  Platform: Linux  PlatformVersion: 5.14.0-427.37.1.el9_4.x86_64  CompilerName: GCC  CompilerVersion: 8.4.0
7.3.2

ProgramName: mri_robust_template  ProgramArguments: mri_robust_template -all-info  ProgramVersion: 7.3.2  TimeStamp: 2026/03/12-11:47:38-GMT  BuildTime: Aug  4 2022 06:17:15  BuildStamp: freesurfer-linux-ubuntu22_x86_64-7.3.2-20220804-6354275  User: oesteban  Machine: dna085  Platform: Linux  PlatformVersion: 5.14.0-427.37.1.el9_4.x86_64  CompilerName: GCC  CompilerVersion: 8.4.0
ProgramName: mris_anatomical_stats  ProgramArguments: mris_anatomical_stats -all-info  ProgramVersion: 7.3.2  TimeStamp: 2026/03/12-11:47:38-GMT  BuildTime: Aug  4 2022 06:17:15  BuildStamp: freesurfer-linux-ubuntu22_x86_64-7.3.2-20220804-6354275  User: oesteban  Machine: dna085  Platform: Linux  PlatformVersion: 5.14.0-427.37.1.el9_4.x86_64  CompilerName: GCC  CompilerVersion: 8.4.0
ProgramName: mris_ca_label  ProgramArguments: mris_ca_label -all-info  ProgramVersion: 7.3.2  TimeStamp: 2026/03/12-11:47:38-GMT  BuildTime: Aug  4 2022 06:17:15  BuildStamp: freesurfer-linux-ubuntu22_x86_64-7.3.2-20220804-6354275  User: oesteban  Machine: dna085  Platform: Linux  PlatformVersion: 5.14.0-427.37.1.el9_4.x86_64  CompilerName: GCC  CompilerVersion: 8.4.0
ProgramName: mris_calc  ProgramArguments: mris_calc -all-info  ProgramVersion: 7.3.2  TimeStamp: 2026/03/12-11:47:38-GMT  BuildTime: Aug  4 2022 06:17:15  BuildStamp: freesurfer-linux-ubuntu22_x86_64-7.3.2-20220804-6354275  User: oesteban  Machine: dna085  Platform: Linux  PlatformVersion: 5.14.0-427.37.1.el9_4.x86_64  CompilerName: GCC  CompilerVersion: 8.4.0
ProgramName: mris_convert  ProgramArguments: mris_convert -all-info  ProgramVersion: 7.3.2  TimeStamp: 2026/03/12-11:47:38-GMT  BuildTime: Aug  4 2022 06:17:15  BuildStamp: freesurfer-linux-ubuntu22_x86_64-7.3.2-20220804-6354275  User: oesteban  Machine: dna085  Platform: Linux  PlatformVersion: 5.14.0-427.37.1.el9_4.x86_64  CompilerName: GCC  CompilerVersion: 8.4.0
ProgramName: mris_curvature  ProgramArguments: mris_curvature -all-info  ProgramVersion: 7.3.2  TimeStamp: 2026/03/12-11:47:38-GMT  BuildTime: Aug  4 2022 06:17:15  BuildStamp: freesurfer-linux-ubuntu22_x86_64-7.3.2-20220804-6354275  User: oesteban  Machine: dna085  Platform: Linux  PlatformVersion: 5.14.0-427.37.1.el9_4.x86_64  CompilerName: GCC  CompilerVersion: 8.4.0
ProgramName: mris_curvature_stats  ProgramArguments: mris_curvature_stats -all-info  ProgramVersion: 7.3.2  TimeStamp: 2026/03/12-11:47:38-GMT  BuildTime: Aug  4 2022 06:17:15  BuildStamp: freesurfer-linux-ubuntu22_x86_64-7.3.2-20220804-6354275  User: oesteban  Machine: dna085  Platform: Linux  PlatformVersion: 5.14.0-427.37.1.el9_4.x86_64  CompilerName: GCC  CompilerVersion: 8.4.0
ProgramName: mris_diff  ProgramArguments: mris_diff -all-info  ProgramVersion: 7.3.2  TimeStamp: 2026/03/12-11:47:38-GMT  BuildTime: Aug  4 2022 06:17:15  BuildStamp: freesurfer-linux-ubuntu22_x86_64-7.3.2-20220804-6354275  User: oesteban  Machine: dna085  Platform: Linux  PlatformVersion: 5.14.0-427.37.1.el9_4.x86_64  CompilerName: GCC  CompilerVersion: 8.4.0
ProgramName: mris_divide_parcellation  ProgramArguments: mris_divide_parcellation -all-info  ProgramVersion: 7.3.2  TimeStamp: 2026/03/12-11:47:38-GMT  BuildTime: Aug  4 2022 06:17:15  BuildStamp: freesurfer-linux-ubuntu22_x86_64-7.3.2-20220804-6354275  User: oesteban  Machine: dna085  Platform: Linux  PlatformVersion: 5.14.0-427.37.1.el9_4.x86_64  CompilerName: GCC  CompilerVersion: 8.4.0
ProgramName: mri_segment  ProgramArguments: mri_segment -all-info  ProgramVersion: 7.3.2  TimeStamp: 2026/03/12-11:47:38-GMT  BuildTime: Aug  4 2022 06:17:15  BuildStamp: freesurfer-linux-ubuntu22_x86_64-7.3.2-20220804-6354275  User: oesteban  Machine: dna085  Platform: Linux  PlatformVersion: 5.14.0-427.37.1.el9_4.x86_64  CompilerName: GCC  CompilerVersion: 8.4.0
ProgramName: mri_segstats  ProgramArguments: mri_segstats -all-info  ProgramVersion: 7.3.2  TimeStamp: 2026/03/12-11:47:38-GMT  BuildTime: Aug  4 2022 06:17:15  BuildStamp: freesurfer-linux-ubuntu22_x86_64-7.3.2-20220804-6354275  User: oesteban  Machine: dna085  Platform: Linux  PlatformVersion: 5.14.0-427.37.1.el9_4.x86_64  CompilerName: GCC  CompilerVersion: 8.4.0
ProgramName: mris_euler_number  ProgramArguments: mris_euler_number -all-info  ProgramVersion: 7.3.2  TimeStamp: 2026/03/12-11:47:38-GMT  BuildTime: Aug  4 2022 06:17:15  BuildStamp: freesurfer-linux-ubuntu22_x86_64-7.3.2-20220804-6354275  User: oesteban  Machine: dna085  Platform: Linux  PlatformVersion: 5.14.0-427.37.1.el9_4.x86_64  CompilerName: GCC  CompilerVersion: 8.4.0
ProgramName: mris_fix_topology  ProgramArguments: mris_fix_topology -all-info  ProgramVersion: 7.3.2  TimeStamp: 2026/03/12-11:47:38-GMT  BuildTime: Aug  4 2022 06:17:15  BuildStamp: freesurfer-linux-ubuntu22_x86_64-7.3.2-20220804-6354275  User: oesteban  Machine: dna085  Platform: Linux  PlatformVersion: 5.14.0-427.37.1.el9_4.x86_64  CompilerName: GCC  CompilerVersion: 8.4.0
ProgramName: mris_topo_fixer  ProgramArguments: mris_topo_fixer -all-info  ProgramVersion: 7.3.2  TimeStamp: 2026/03/12-11:47:38-GMT  BuildTime: Aug  4 2022 06:17:15  BuildStamp: freesurfer-linux-ubuntu22_x86_64-7.3.2-20220804-6354275  User: oesteban  Machine: dna085  Platform: Linux  PlatformVersion: 5.14.0-427.37.1.el9_4.x86_64  CompilerName: GCC  CompilerVersion: 8.4.0
ProgramName: mris_jacobian  ProgramArguments: mris_jacobian -all-info  ProgramVersion: 7.3.2  TimeStamp: 2026/03/12-11:47:38-GMT  BuildTime: Aug  4 2022 06:17:15  BuildStamp: freesurfer-linux-ubuntu22_x86_64-7.3.2-20220804-6354275  User: oesteban  Machine: dna085  Platform: Linux  PlatformVersion: 5.14.0-427.37.1.el9_4.x86_64  CompilerName: GCC  CompilerVersion: 8.4.0
ProgramName: mris_label2annot  ProgramArguments: mris_label2annot -all-info  ProgramVersion: 7.3.2  TimeStamp: 2026/03/12-11:47:39-GMT  BuildTime: Aug  4 2022 06:17:15  BuildStamp: freesurfer-linux-ubuntu22_x86_64-7.3.2-20220804-6354275  User: oesteban  Machine: dna085  Platform: Linux  PlatformVersion: 5.14.0-427.37.1.el9_4.x86_64  CompilerName: GCC  CompilerVersion: 8.4.0
ProgramName: mris_left_right_register  ProgramArguments: mris_left_right_register -all-info  ProgramVersion: 7.3.2  TimeStamp: 2026/03/12-11:47:39-GMT  BuildTime: Aug  4 2022 06:17:15  BuildStamp: freesurfer-linux-ubuntu22_x86_64-7.3.2-20220804-6354275  User: oesteban  Machine: dna085  Platform: Linux  PlatformVersion: 5.14.0-427.37.1.el9_4.x86_64  CompilerName: GCC  CompilerVersion: 8.4.0
ProgramName: mris_place_surface  ProgramArguments: mris_place_surface -all-info  ProgramVersion: 7.3.2  TimeStamp: 2026/03/12-11:47:39-GMT  BuildTime: Aug  4 2022 06:17:15  BuildStamp: freesurfer-linux-ubuntu22_x86_64-7.3.2-20220804-6354275  User: oesteban  Machine: dna085  Platform: Linux  PlatformVersion: 5.14.0-427.37.1.el9_4.x86_64  CompilerName: GCC  CompilerVersion: 8.4.0
ProgramName: mrisp_paint  ProgramArguments: mrisp_paint -all-info  ProgramVersion: 7.3.2  TimeStamp: 2026/03/12-11:47:39-GMT  BuildTime: Aug  4 2022 06:17:15  BuildStamp: freesurfer-linux-ubuntu22_x86_64-7.3.2-20220804-6354275  User: oesteban  Machine: dna085  Platform: Linux  PlatformVersion: 5.14.0-427.37.1.el9_4.x86_64  CompilerName: GCC  CompilerVersion: 8.4.0
ProgramName: mris_register  ProgramArguments: mris_register -all-info  ProgramVersion: 7.3.2  TimeStamp: 2026/03/12-11:47:39-GMT  BuildTime: Aug  4 2022 06:17:15  BuildStamp: freesurfer-linux-ubuntu22_x86_64-7.3.2-20220804-6354275  User: oesteban  Machine: dna085  Platform: Linux  PlatformVersion: 5.14.0-427.37.1.el9_4.x86_64  CompilerName: GCC  CompilerVersion: 8.4.0
ProgramName: mris_smooth  ProgramArguments: mris_smooth -all-info  ProgramVersion: 7.3.2  TimeStamp: 2026/03/12-11:47:39-GMT  BuildTime: Aug  4 2022 06:17:15  BuildStamp: freesurfer-linux-ubuntu22_x86_64-7.3.2-20220804-6354275  User: oesteban  Machine: dna085  Platform: Linux  PlatformVersion: 5.14.0-427.37.1.el9_4.x86_64  CompilerName: GCC  CompilerVersion: 8.4.0
ProgramName: mris_sphere  ProgramArguments: mris_sphere -all-info  ProgramVersion: 7.3.2  TimeStamp: 2026/03/12-11:47:39-GMT  BuildTime: Aug  4 2022 06:17:15  BuildStamp: freesurfer-linux-ubuntu22_x86_64-7.3.2-20220804-6354275  User: oesteban  Machine: dna085  Platform: Linux  PlatformVersion: 5.14.0-427.37.1.el9_4.x86_64  CompilerName: GCC  CompilerVersion: 8.4.0
ProgramName: mris_surface_stats  ProgramArguments: mris_surface_stats -all-info  ProgramVersion: 7.3.2  TimeStamp: 2026/03/12-11:47:39-GMT  BuildTime: Aug  4 2022 06:17:15  BuildStamp: freesurfer-linux-ubuntu22_x86_64-7.3.2-20220804-6354275  User: oesteban  Machine: dna085  Platform: Linux  PlatformVersion: 5.14.0-427.37.1.el9_4.x86_64  CompilerName: GCC  CompilerVersion: 8.4.0
ProgramName: mri_stats2seg  ProgramArguments: mri_stats2seg -all-info  ProgramVersion: 7.3.2  TimeStamp: 2026/03/12-11:47:39-GMT  BuildTime: Aug  4 2022 06:17:15  BuildStamp: freesurfer-linux-ubuntu22_x86_64-7.3.2-20220804-6354275  User: oesteban  Machine: dna085  Platform: Linux  PlatformVersion: 5.14.0-427.37.1.el9_4.x86_64  CompilerName: GCC  CompilerVersion: 8.4.0
ProgramName: mris_thickness  ProgramArguments: mris_thickness -all-info  ProgramVersion: 7.3.2  TimeStamp: 2026/03/12-11:47:39-GMT  BuildTime: Aug  4 2022 06:17:15  BuildStamp: freesurfer-linux-ubuntu22_x86_64-7.3.2-20220804-6354275  User: oesteban  Machine: dna085  Platform: Linux  PlatformVersion: 5.14.0-427.37.1.el9_4.x86_64  CompilerName: GCC  CompilerVersion: 8.4.0
ProgramName: mris_thickness_diff  ProgramArguments: mris_thickness_diff -all-info  ProgramVersion: 7.3.2  TimeStamp: 2026/03/12-11:47:39-GMT  BuildTime: Aug  4 2022 06:17:15  BuildStamp: freesurfer-linux-ubuntu22_x86_64-7.3.2-20220804-6354275  User: oesteban  Machine: dna085  Platform: Linux  PlatformVersion: 5.14.0-427.37.1.el9_4.x86_64  CompilerName: GCC  CompilerVersion: 8.4.0
ProgramName: mris_topo_fixer  ProgramArguments: mris_topo_fixer -all-info  ProgramVersion: 7.3.2  TimeStamp: 2026/03/12-11:47:39-GMT  BuildTime: Aug  4 2022 06:17:15  BuildStamp: freesurfer-linux-ubuntu22_x86_64-7.3.2-20220804-6354275  User: oesteban  Machine: dna085  Platform: Linux  PlatformVersion: 5.14.0-427.37.1.el9_4.x86_64  CompilerName: GCC  CompilerVersion: 8.4.0
ProgramName: mri_surf2surf  ProgramArguments: mri_surf2surf -all-info  ProgramVersion: 7.3.2  TimeStamp: 2026/03/12-11:47:39-GMT  BuildTime: Aug  4 2022 06:17:15  BuildStamp: freesurfer-linux-ubuntu22_x86_64-7.3.2-20220804-6354275  User: oesteban  Machine: dna085  Platform: Linux  PlatformVersion: 5.14.0-427.37.1.el9_4.x86_64  CompilerName: GCC  CompilerVersion: 8.4.0
ProgramName: mri_surf2vol  ProgramArguments: mri_surf2vol -all-info  ProgramVersion: 7.3.2  TimeStamp: 2026/03/12-11:47:39-GMT  BuildTime: Aug  4 2022 06:17:15  BuildStamp: freesurfer-linux-ubuntu22_x86_64-7.3.2-20220804-6354275  User: oesteban  Machine: dna085  Platform: Linux  PlatformVersion: 5.14.0-427.37.1.el9_4.x86_64  CompilerName: GCC  CompilerVersion: 8.4.0
ProgramName: mri_surfcluster  ProgramArguments: mri_surfcluster -all-info  ProgramVersion: 7.3.2  TimeStamp: 2026/03/12-11:47:39-GMT  BuildTime: Aug  4 2022 06:17:15  BuildStamp: freesurfer-linux-ubuntu22_x86_64-7.3.2-20220804-6354275  User: oesteban  Machine: dna085  Platform: Linux  PlatformVersion: 5.14.0-427.37.1.el9_4.x86_64  CompilerName: GCC  CompilerVersion: 8.4.0
ProgramName: mris_volmask  ProgramArguments: mris_volmask -all-info  ProgramVersion: 7.3.2  TimeStamp: 2026/03/12-11:47:39-GMT  BuildTime: Aug  4 2022 06:17:15  BuildStamp: freesurfer-linux-ubuntu22_x86_64-7.3.2-20220804-6354275  User: oesteban  Machine: dna085  Platform: Linux  PlatformVersion: 5.14.0-427.37.1.el9_4.x86_64  CompilerName: GCC  CompilerVersion: 8.4.0
ProgramName: mri_tessellate  ProgramArguments: mri_tessellate -all-info  ProgramVersion: 7.3.2  TimeStamp: 2026/03/12-11:47:39-GMT  BuildTime: Aug  4 2022 06:17:15  BuildStamp: freesurfer-linux-ubuntu22_x86_64-7.3.2-20220804-6354275  User: oesteban  Machine: dna085  Platform: Linux  PlatformVersion: 5.14.0-427.37.1.el9_4.x86_64  CompilerName: GCC  CompilerVersion: 8.4.0
ProgramName: mri_vol2surf  ProgramArguments: mri_vol2surf -all-info  ProgramVersion: 7.3.2  TimeStamp: 2026/03/12-11:47:39-GMT  BuildTime: Aug  4 2022 06:17:15  BuildStamp: freesurfer-linux-ubuntu22_x86_64-7.3.2-20220804-6354275  User: oesteban  Machine: dna085  Platform: Linux  PlatformVersion: 5.14.0-427.37.1.el9_4.x86_64  CompilerName: GCC  CompilerVersion: 8.4.0
ProgramName: mri_vol2vol  ProgramArguments: mri_vol2vol -all-info  ProgramVersion: 7.3.2  TimeStamp: 2026/03/12-11:47:39-GMT  BuildTime: Aug  4 2022 06:17:15  BuildStamp: freesurfer-linux-ubuntu22_x86_64-7.3.2-20220804-6354275  User: oesteban  Machine: dna085  Platform: Linux  PlatformVersion: 5.14.0-427.37.1.el9_4.x86_64  CompilerName: GCC  CompilerVersion: 8.4.0
ProgramName: mri_voldiff  ProgramArguments: mri_voldiff -all-info  ProgramVersion: 7.3.2  TimeStamp: 2026/03/12-11:47:39-GMT  BuildTime: Aug  4 2022 06:17:15  BuildStamp: freesurfer-linux-ubuntu22_x86_64-7.3.2-20220804-6354275  User: oesteban  Machine: dna085  Platform: Linux  PlatformVersion: 5.14.0-427.37.1.el9_4.x86_64  CompilerName: GCC  CompilerVersion: 8.4.0
ProgramName: mri_watershed  ProgramArguments: mri_watershed -all-info  ProgramVersion: 7.3.2  TimeStamp: 2026/03/12-11:47:39-GMT  BuildTime: Aug  4 2022 06:17:15  BuildStamp: freesurfer-linux-ubuntu22_x86_64-7.3.2-20220804-6354275  User: oesteban  Machine: dna085  Platform: Linux  PlatformVersion: 5.14.0-427.37.1.el9_4.x86_64  CompilerName: GCC  CompilerVersion: 8.4.0
ProgramName: tkregister2  ProgramArguments: tkregister2_cmdl -all-info  ProgramVersion: 7.3.2  TimeStamp: 2026/03/12-11:47:39-GMT  BuildTime: Aug  4 2022 06:17:15  BuildStamp: freesurfer-linux-ubuntu22_x86_64-7.3.2-20220804-6354275  User: oesteban  Machine: dna085  Platform: Linux  PlatformVersion: 5.14.0-427.37.1.el9_4.x86_64  CompilerName: GCC  CompilerVersion: 8.4.0
mri_motion_correct.fsl 7.3.2
mri_convert -all-info 
ProgramName: mri_convert  ProgramArguments: mri_convert -all-info  ProgramVersion: 7.3.2  TimeStamp: 2026/03/12-11:47:39-GMT  BuildTime: Aug  4 2022 06:17:15  BuildStamp: freesurfer-linux-ubuntu22_x86_64-7.3.2-20220804-6354275  User: oesteban  Machine: dna085  Platform: Linux  PlatformVersion: 5.14.0-427.37.1.el9_4.x86_64  CompilerName: GCC  CompilerVersion: 8.4.0
Program nu_correct, built from:
Package MNI N3, version 1.12.0, compiled by nicks@terrier (x86_64-unknown-linux-gnu) on 2015-06-19 at 01:25:34
#######################################
GCADIR /opt/freesurfer/average
GCA RB_all_2020-01-02.gca
GCASkull RB_all_withskull_2020_01_02.gca
AvgCurvTif folding.atlas.acfb40.noaparc.i12.2016-08-02.tif
GCSDIR /opt/freesurfer/average
GCS DKaparc.atlas.acfb40.noaparc.i12.2016-08-02.gcs
#######################################
#@# white curv lh Thu Mar 12 12:47:39 CET 2026
cd /out/sourcedata/freesurfer/sub-v1s11x0050155_ses-1/mri
mris_place_surface --curv-map ../surf/lh.white 2 10 ../surf/lh.curv
   Update not needed
#@# white area lh Thu Mar 12 12:47:39 CET 2026
cd /out/sourcedata/freesurfer/sub-v1s11x0050155_ses-1/mri
mris_place_surface --area-map ../surf/lh.white ../surf/lh.area
   Update not needed
#@# pial curv lh Thu Mar 12 12:47:39 CET 2026
cd /out/sourcedata/freesurfer/sub-v1s11x0050155_ses-1/mri
mris_place_surface --curv-map ../surf/lh.pial 2 10 ../surf/lh.curv.pial
   Update not needed
#@# pial area lh Thu Mar 12 12:47:39 CET 2026
cd /out/sourcedata/freesurfer/sub-v1s11x0050155_ses-1/mri
mris_place_surface --area-map ../surf/lh.pial ../surf/lh.area.pial
   Update not needed
#@# thickness lh Thu Mar 12 12:47:39 CET 2026
cd /out/sourcedata/freesurfer/sub-v1s11x0050155_ses-1/mri
mris_place_surface --thickness ../surf/lh.white ../surf/lh.pial 20 5 ../surf/lh.thickness
   Update not needed
#@# area and vertex vol lh Thu Mar 12 12:47:39 CET 2026
cd /out/sourcedata/freesurfer/sub-v1s11x0050155_ses-1/mri
mris_place_surface --thickness ../surf/lh.white ../surf/lh.pial 20 5 ../surf/lh.thickness
   Update not needed
#@# white curv rh Thu Mar 12 12:47:39 CET 2026
cd /out/sourcedata/freesurfer/sub-v1s11x0050155_ses-1/mri
mris_place_surface --curv-map ../surf/rh.white 2 10 ../surf/rh.curv
   Update not needed
#@# white area rh Thu Mar 12 12:47:39 CET 2026
cd /out/sourcedata/freesurfer/sub-v1s11x0050155_ses-1/mri
mris_place_surface --area-map ../surf/rh.white ../surf/rh.area
   Update not needed
#@# pial curv rh Thu Mar 12 12:47:39 CET 2026
cd /out/sourcedata/freesurfer/sub-v1s11x0050155_ses-1/mri
mris_place_surface --curv-map ../surf/rh.pial 2 10 ../surf/rh.curv.pial
   Update not needed
#@# pial area rh Thu Mar 12 12:47:39 CET 2026
cd /out/sourcedata/freesurfer/sub-v1s11x0050155_ses-1/mri
mris_place_surface --area-map ../surf/rh.pial ../surf/rh.area.pial
   Update not needed
#@# thickness rh Thu Mar 12 12:47:39 CET 2026
cd /out/sourcedata/freesurfer/sub-v1s11x0050155_ses-1/mri
mris_place_surface --thickness ../surf/rh.white ../surf/rh.pial 20 5 ../surf/rh.thickness
   Update not needed
#@# area and vertex vol rh Thu Mar 12 12:47:39 CET 2026
cd /out/sourcedata/freesurfer/sub-v1s11x0050155_ses-1/mri
mris_place_surface --thickness ../surf/rh.white ../surf/rh.pial 20 5 ../surf/rh.thickness
   Update not needed
#--------------------------------------------
#@# Cortical ribbon mask Thu Mar 12 12:47:39 CET 2026
/out/sourcedata/freesurfer/sub-v1s11x0050155_ses-1/mri

 mris_volmask --aseg_name aseg.presurf --label_left_white 2 --label_left_ribbon 3 --label_right_white 41 --label_right_ribbon 42 --save_ribbon sub-v1s11x0050155_ses-1 

SUBJECTS_DIR is /out/sourcedata/freesurfer
loading input data...
Running hemis serially
Processing left hemi
computing distance to left white surface 
computing distance to left pial surface 
Processing right hemi
computing distance to right white surface 
computing distance to right pial surface 
 hemi masks overlap voxels = 194
writing volume /out/sourcedata/freesurfer/sub-v1s11x0050155_ses-1/mri/ribbon.mgz
mris_volmask took 5.37 minutes
 writing ribbon files

Started at Thu Mar 12 12:47:38 CET 2026 
Ended   at Thu Mar 12 12:53:01 CET 2026
#@#%# recon-all-run-time-hours 0.090
recon-all -s sub-v1s11x0050155_ses-1 finished without error at Thu Mar 12 12:53:01 CET 2026



#New# invocation of recon-all 




Thu Mar 12 12:59:59 CET 2026
cd /out/sourcedata/freesurfer/sub-v1s11x0050155_ses-1
setenv SUBJECTS_DIR /out/sourcedata/freesurfer
/opt/freesurfer/bin/recon-all -autorecon3 -openmp 16 -subjid sub-v1s11x0050155_ses-1 -sd /out/sourcedata/freesurfer -nosphere -nosurfreg -nojacobian_white -noavgcurv -nocortparc -nopial -noparcstats -nocortparc2 -noparcstats2 -nocortparc3 -noparcstats3 -nopctsurfcon -nocortribbon -nobalabels

subjid sub-v1s11x0050155_ses-1
setenv SUBJECTS_DIR /out/sourcedata/freesurfer
FREESURFER_HOME /opt/freesurfer
Actual FREESURFER_HOME /opt/freesurfer
build-stamp.txt: freesurfer-linux-ubuntu22_x86_64-7.3.2-20220804-6354275
Linux dna085 5.14.0-427.37.1.el9_4.x86_64 #1 SMP PREEMPT_DYNAMIC Fri Sep 13 12:41:50 EDT 2024 x86_64 x86_64 x86_64 GNU/Linux
cputime      unlimited
filesize     unlimited
datasize     unlimited
stacksize    8192 kbytes
coredumpsize 0 kbytes
memoryuse    67108864 kbytes
vmemoryuse   unlimited
descriptors  1024 
memorylocked unlimited
maxproc      2061970 
maxlocks     unlimited
maxsignal    2062024 
maxmessage   819200 
maxnice      0 
maxrtprio    0 
maxrttime    unlimited

               total        used        free      shared  buff/cache   available
Mem:           503Gi       326Gi       151Gi       9.7Gi        25Gi       164Gi
Swap:             0B          0B          0B

########################################
program versions used
7.3.2 (freesurfer-linux-ubuntu22_x86_64-7.3.2-20220804-6354275)
7.3.2

ProgramName: lta_convert  ProgramArguments: lta_convert -all-info  ProgramVersion: 7.3.2  TimeStamp: 2026/03/12-11:59:59-GMT  BuildTime: Aug  4 2022 06:17:15  BuildStamp: freesurfer-linux-ubuntu22_x86_64-7.3.2-20220804-6354275  User: oesteban  Machine: dna085  Platform: Linux  PlatformVersion: 5.14.0-427.37.1.el9_4.x86_64  CompilerName: GCC  CompilerVersion: 8.4.0
ProgramName: mri_and  ProgramArguments: mri_and -all-info  ProgramVersion: 7.3.2  TimeStamp: 2026/03/12-11:59:59-GMT  BuildTime: Aug  4 2022 06:17:15  BuildStamp: freesurfer-linux-ubuntu22_x86_64-7.3.2-20220804-6354275  User: oesteban  Machine: dna085  Platform: Linux  PlatformVersion: 5.14.0-427.37.1.el9_4.x86_64  CompilerName: GCC  CompilerVersion: 8.4.0
ProgramName: mri_annotation2label  ProgramArguments: mri_annotation2label -all-info  ProgramVersion: 7.3.2  TimeStamp: 2026/03/12-11:59:59-GMT  BuildTime: Aug  4 2022 06:17:15  BuildStamp: freesurfer-linux-ubuntu22_x86_64-7.3.2-20220804-6354275  User: oesteban  Machine: dna085  Platform: Linux  PlatformVersion: 5.14.0-427.37.1.el9_4.x86_64  CompilerName: GCC  CompilerVersion: 8.4.0
ProgramName: mri_aparc2aseg  ProgramArguments: mri_aparc2aseg -all-info  ProgramVersion: 7.3.2  TimeStamp: 2026/03/12-11:59:59-GMT  BuildTime: Aug  4 2022 06:17:15  BuildStamp: freesurfer-linux-ubuntu22_x86_64-7.3.2-20220804-6354275  User: oesteban  Machine: dna085  Platform: Linux  PlatformVersion: 5.14.0-427.37.1.el9_4.x86_64  CompilerName: GCC  CompilerVersion: 8.4.0
ProgramName: mri_surf2volseg  ProgramArguments: mri_surf2volseg -all-info  ProgramVersion: 7.3.2  TimeStamp: 2026/03/12-11:59:59-GMT  BuildTime: Aug  4 2022 06:17:15  BuildStamp: freesurfer-linux-ubuntu22_x86_64-7.3.2-20220804-6354275  User: oesteban  Machine: dna085  Platform: Linux  PlatformVersion: 5.14.0-427.37.1.el9_4.x86_64  CompilerName: GCC  CompilerVersion: 8.4.0
ProgramName: mri_binarize  ProgramArguments: mri_binarize -all-info  ProgramVersion: 7.3.2  TimeStamp: 2026/03/12-11:59:59-GMT  BuildTime: Aug  4 2022 06:17:15  BuildStamp: freesurfer-linux-ubuntu22_x86_64-7.3.2-20220804-6354275  User: oesteban  Machine: dna085  Platform: Linux  PlatformVersion: 5.14.0-427.37.1.el9_4.x86_64  CompilerName: GCC  CompilerVersion: 8.4.0
ProgramName: mri_ca_label  ProgramArguments: mri_ca_label -all-info  ProgramVersion: 7.3.2  TimeStamp: 2026/03/12-11:59:59-GMT  BuildTime: Aug  4 2022 06:17:15  BuildStamp: freesurfer-linux-ubuntu22_x86_64-7.3.2-20220804-6354275  User: oesteban  Machine: dna085  Platform: Linux  PlatformVersion: 5.14.0-427.37.1.el9_4.x86_64  CompilerName: GCC  CompilerVersion: 8.4.0
ProgramName: mri_ca_normalize  ProgramArguments: mri_ca_normalize -all-info  ProgramVersion: 7.3.2  TimeStamp: 2026/03/12-11:59:59-GMT  BuildTime: Aug  4 2022 06:17:15  BuildStamp: freesurfer-linux-ubuntu22_x86_64-7.3.2-20220804-6354275  User: oesteban  Machine: dna085  Platform: Linux  PlatformVersion: 5.14.0-427.37.1.el9_4.x86_64  CompilerName: GCC  CompilerVersion: 8.4.0
ProgramName: mri_ca_register  ProgramArguments: mri_ca_register -all-info  ProgramVersion: 7.3.2  TimeStamp: 2026/03/12-11:59:59-GMT  BuildTime: Aug  4 2022 06:17:15  BuildStamp: freesurfer-linux-ubuntu22_x86_64-7.3.2-20220804-6354275  User: oesteban  Machine: dna085  Platform: Linux  PlatformVersion: 5.14.0-427.37.1.el9_4.x86_64  CompilerName: GCC  CompilerVersion: 8.4.0
ProgramName: mri_cc  ProgramArguments: mri_cc -all-info  ProgramVersion: 7.3.2  TimeStamp: 2026/03/12-11:59:59-GMT  BuildTime: Aug  4 2022 06:17:15  BuildStamp: freesurfer-linux-ubuntu22_x86_64-7.3.2-20220804-6354275  User: oesteban  Machine: dna085  Platform: Linux  PlatformVersion: 5.14.0-427.37.1.el9_4.x86_64  CompilerName: GCC  CompilerVersion: 8.4.0
ProgramName: mri_compute_overlap  ProgramArguments: mri_compute_overlap -all-info  ProgramVersion: 7.3.2  TimeStamp: 2026/03/12-11:59:59-GMT  BuildTime: Aug  4 2022 06:17:15  BuildStamp: freesurfer-linux-ubuntu22_x86_64-7.3.2-20220804-6354275  User: oesteban  Machine: dna085  Platform: Linux  PlatformVersion: 5.14.0-427.37.1.el9_4.x86_64  CompilerName: GCC  CompilerVersion: 8.4.0
ProgramName: mri_compute_seg_overlap  ProgramArguments: mri_compute_seg_overlap -all-info  ProgramVersion: 7.3.2  TimeStamp: 2026/03/12-11:59:59-GMT  BuildTime: Aug  4 2022 06:17:15  BuildStamp: freesurfer-linux-ubuntu22_x86_64-7.3.2-20220804-6354275  User: oesteban  Machine: dna085  Platform: Linux  PlatformVersion: 5.14.0-427.37.1.el9_4.x86_64  CompilerName: GCC  CompilerVersion: 8.4.0
ProgramName: mri_concat  ProgramArguments: mri_concat -all-info  ProgramVersion: 7.3.2  TimeStamp: 2026/03/12-11:59:59-GMT  BuildTime: Aug  4 2022 06:17:15  BuildStamp: freesurfer-linux-ubuntu22_x86_64-7.3.2-20220804-6354275  User: oesteban  Machine: dna085  Platform: Linux  PlatformVersion: 5.14.0-427.37.1.el9_4.x86_64  CompilerName: GCC  CompilerVersion: 8.4.0
ProgramName: mri_concatenate_lta  ProgramArguments: mri_concatenate_lta -all-info  ProgramVersion: 7.3.2  TimeStamp: 2026/03/12-11:59:59-GMT  BuildTime: Aug  4 2022 06:17:15  BuildStamp: freesurfer-linux-ubuntu22_x86_64-7.3.2-20220804-6354275  User: oesteban  Machine: dna085  Platform: Linux  PlatformVersion: 5.14.0-427.37.1.el9_4.x86_64  CompilerName: GCC  CompilerVersion: 8.4.0
mri_convert -all-info 
ProgramName: mri_convert  ProgramArguments: mri_convert -all-info  ProgramVersion: 7.3.2  TimeStamp: 2026/03/12-11:59:59-GMT  BuildTime: Aug  4 2022 06:17:15  BuildStamp: freesurfer-linux-ubuntu22_x86_64-7.3.2-20220804-6354275  User: oesteban  Machine: dna085  Platform: Linux  PlatformVersion: 5.14.0-427.37.1.el9_4.x86_64  CompilerName: GCC  CompilerVersion: 8.4.0
ProgramName: mri_diff  ProgramArguments: mri_diff -all-info  ProgramVersion: 7.3.2  TimeStamp: 2026/03/12-11:59:59-GMT  BuildTime: Aug  4 2022 06:17:15  BuildStamp: freesurfer-linux-ubuntu22_x86_64-7.3.2-20220804-6354275  User: oesteban  Machine: dna085  Platform: Linux  PlatformVersion: 5.14.0-427.37.1.el9_4.x86_64  CompilerName: GCC  CompilerVersion: 8.4.0
ProgramName: mri_edit_wm_with_aseg  ProgramArguments: mri_edit_wm_with_aseg -all-info  ProgramVersion: 7.3.2  TimeStamp: 2026/03/12-11:59:59-GMT  BuildTime: Aug  4 2022 06:17:15  BuildStamp: freesurfer-linux-ubuntu22_x86_64-7.3.2-20220804-6354275  User: oesteban  Machine: dna085  Platform: Linux  PlatformVersion: 5.14.0-427.37.1.el9_4.x86_64  CompilerName: GCC  CompilerVersion: 8.4.0
ProgramName: mri_em_register  ProgramArguments: mri_em_register -all-info  ProgramVersion: 7.3.2  TimeStamp: 2026/03/12-11:59:59-GMT  BuildTime: Aug  4 2022 06:17:15  BuildStamp: freesurfer-linux-ubuntu22_x86_64-7.3.2-20220804-6354275  User: oesteban  Machine: dna085  Platform: Linux  PlatformVersion: 5.14.0-427.37.1.el9_4.x86_64  CompilerName: GCC  CompilerVersion: 8.4.0
ProgramName: mri_fill  ProgramArguments: mri_fill -all-info  ProgramVersion: 7.3.2  TimeStamp: 2026/03/12-11:59:59-GMT  BuildTime: Aug  4 2022 06:17:15  BuildStamp: freesurfer-linux-ubuntu22_x86_64-7.3.2-20220804-6354275  User: oesteban  Machine: dna085  Platform: Linux  PlatformVersion: 5.14.0-427.37.1.el9_4.x86_64  CompilerName: GCC  CompilerVersion: 8.4.0
ProgramName: mri_fuse_segmentations  ProgramArguments: mri_fuse_segmentations -all-info  ProgramVersion: 7.3.2  TimeStamp: 2026/03/12-11:59:59-GMT  BuildTime: Aug  4 2022 06:17:15  BuildStamp: freesurfer-linux-ubuntu22_x86_64-7.3.2-20220804-6354275  User: oesteban  Machine: dna085  Platform: Linux  PlatformVersion: 5.14.0-427.37.1.el9_4.x86_64  CompilerName: GCC  CompilerVersion: 8.4.0
ProgramName: mri_fwhm  ProgramArguments: mri_fwhm -all-info  ProgramVersion: 7.3.2  TimeStamp: 2026/03/12-11:59:59-GMT  BuildTime: Aug  4 2022 06:17:15  BuildStamp: freesurfer-linux-ubuntu22_x86_64-7.3.2-20220804-6354275  User: oesteban  Machine: dna085  Platform: Linux  PlatformVersion: 5.14.0-427.37.1.el9_4.x86_64  CompilerName: GCC  CompilerVersion: 8.4.0
ProgramName: mri_gcut  ProgramArguments: mri_gcut -all-info  ProgramVersion: 7.3.2  TimeStamp: 2026/03/12-11:59:59-GMT  BuildTime: Aug  4 2022 06:17:15  BuildStamp: freesurfer-linux-ubuntu22_x86_64-7.3.2-20220804-6354275  User: oesteban  Machine: dna085  Platform: Linux  PlatformVersion: 5.14.0-427.37.1.el9_4.x86_64  CompilerName: GCC  CompilerVersion: 8.4.0
ProgramName: mri_info  ProgramArguments: mri_info -all-info  ProgramVersion: 7.3.2  TimeStamp: 2026/03/12-11:59:59-GMT  BuildTime: Aug  4 2022 06:17:15  BuildStamp: freesurfer-linux-ubuntu22_x86_64-7.3.2-20220804-6354275  User: oesteban  Machine: dna085  Platform: Linux  PlatformVersion: 5.14.0-427.37.1.el9_4.x86_64  CompilerName: GCC  CompilerVersion: 8.4.0
ProgramName: mri_label2label  ProgramArguments: mri_label2label -all-info  ProgramVersion: 7.3.2  TimeStamp: 2026/03/12-11:59:59-GMT  BuildTime: Aug  4 2022 06:17:15  BuildStamp: freesurfer-linux-ubuntu22_x86_64-7.3.2-20220804-6354275  User: oesteban  Machine: dna085  Platform: Linux  PlatformVersion: 5.14.0-427.37.1.el9_4.x86_64  CompilerName: GCC  CompilerVersion: 8.4.0
ProgramName: mri_label2vol  ProgramArguments: mri_label2vol -all-info  ProgramVersion: 7.3.2  TimeStamp: 2026/03/12-11:59:59-GMT  BuildTime: Aug  4 2022 06:17:15  BuildStamp: freesurfer-linux-ubuntu22_x86_64-7.3.2-20220804-6354275  User: oesteban  Machine: dna085  Platform: Linux  PlatformVersion: 5.14.0-427.37.1.el9_4.x86_64  CompilerName: GCC  CompilerVersion: 8.4.0
ProgramName: mri_log_likelihood  ProgramArguments: mri_log_likelihood -all-info  ProgramVersion: 7.3.2  TimeStamp: 2026/03/12-11:59:59-GMT  BuildTime: Aug  4 2022 06:17:15  BuildStamp: freesurfer-linux-ubuntu22_x86_64-7.3.2-20220804-6354275  User: oesteban  Machine: dna085  Platform: Linux  PlatformVersion: 5.14.0-427.37.1.el9_4.x86_64  CompilerName: GCC  CompilerVersion: 8.4.0
ProgramName: mri_mask  ProgramArguments: mri_mask -all-info  ProgramVersion: 7.3.2  TimeStamp: 2026/03/12-11:59:59-GMT  BuildTime: Aug  4 2022 06:17:15  BuildStamp: freesurfer-linux-ubuntu22_x86_64-7.3.2-20220804-6354275  User: oesteban  Machine: dna085  Platform: Linux  PlatformVersion: 5.14.0-427.37.1.el9_4.x86_64  CompilerName: GCC  CompilerVersion: 8.4.0
ProgramName: mri_matrix_multiply  ProgramArguments: mri_matrix_multiply -all-info  ProgramVersion: 7.3.2  TimeStamp: 2026/03/12-11:59:59-GMT  BuildTime: Aug  4 2022 06:17:15  BuildStamp: freesurfer-linux-ubuntu22_x86_64-7.3.2-20220804-6354275  User: oesteban  Machine: dna085  Platform: Linux  PlatformVersion: 5.14.0-427.37.1.el9_4.x86_64  CompilerName: GCC  CompilerVersion: 8.4.0
ProgramName: mri_normalize  ProgramArguments: mri_normalize -all-info  ProgramVersion: 7.3.2  TimeStamp: 2026/03/12-11:59:59-GMT  BuildTime: Aug  4 2022 06:17:15  BuildStamp: freesurfer-linux-ubuntu22_x86_64-7.3.2-20220804-6354275  User: oesteban  Machine: dna085  Platform: Linux  PlatformVersion: 5.14.0-427.37.1.el9_4.x86_64  CompilerName: GCC  CompilerVersion: 8.4.0
ProgramName: mri_normalize_tp2  ProgramArguments: mri_normalize_tp2 -all-info  ProgramVersion: 7.3.2  TimeStamp: 2026/03/12-11:59:59-GMT  BuildTime: Aug  4 2022 06:17:15  BuildStamp: freesurfer-linux-ubuntu22_x86_64-7.3.2-20220804-6354275  User: oesteban  Machine: dna085  Platform: Linux  PlatformVersion: 5.14.0-427.37.1.el9_4.x86_64  CompilerName: GCC  CompilerVersion: 8.4.0
ProgramName: mri_or  ProgramArguments: mri_or -all-info  ProgramVersion: 7.3.2  TimeStamp: 2026/03/12-11:59:59-GMT  BuildTime: Aug  4 2022 06:17:15  BuildStamp: freesurfer-linux-ubuntu22_x86_64-7.3.2-20220804-6354275  User: oesteban  Machine: dna085  Platform: Linux  PlatformVersion: 5.14.0-427.37.1.el9_4.x86_64  CompilerName: GCC  CompilerVersion: 8.4.0
ProgramName: mri_relabel_hypointensities  ProgramArguments: mri_relabel_hypointensities -all-info  ProgramVersion: 7.3.2  TimeStamp: 2026/03/12-11:59:59-GMT  BuildTime: Aug  4 2022 06:17:15  BuildStamp: freesurfer-linux-ubuntu22_x86_64-7.3.2-20220804-6354275  User: oesteban  Machine: dna085  Platform: Linux  PlatformVersion: 5.14.0-427.37.1.el9_4.x86_64  CompilerName: GCC  CompilerVersion: 8.4.0
ProgramName: mri_relabel_nonwm_hypos  ProgramArguments: mri_relabel_nonwm_hypos -all-info  ProgramVersion: 7.3.2  TimeStamp: 2026/03/12-11:59:59-GMT  BuildTime: Aug  4 2022 06:17:15  BuildStamp: freesurfer-linux-ubuntu22_x86_64-7.3.2-20220804-6354275  User: oesteban  Machine: dna085  Platform: Linux  PlatformVersion: 5.14.0-427.37.1.el9_4.x86_64  CompilerName: GCC  CompilerVersion: 8.4.0
ProgramName: mri_remove_neck  ProgramArguments: mri_remove_neck -all-info  ProgramVersion: 7.3.2  TimeStamp: 2026/03/12-11:59:59-GMT  BuildTime: Aug  4 2022 06:17:15  BuildStamp: freesurfer-linux-ubuntu22_x86_64-7.3.2-20220804-6354275  User: oesteban  Machine: dna085  Platform: Linux  PlatformVersion: 5.14.0-427.37.1.el9_4.x86_64  CompilerName: GCC  CompilerVersion: 8.4.0
7.3.2

ProgramName: mri_robust_register  ProgramArguments: mri_robust_register -all-info  ProgramVersion: 7.3.2  TimeStamp: 2026/03/12-11:59:59-GMT  BuildTime: Aug  4 2022 06:17:15  BuildStamp: freesurfer-linux-ubuntu22_x86_64-7.3.2-20220804-6354275  User: oesteban  Machine: dna085  Platform: Linux  PlatformVersion: 5.14.0-427.37.1.el9_4.x86_64  CompilerName: GCC  CompilerVersion: 8.4.0
7.3.2

ProgramName: mri_robust_template  ProgramArguments: mri_robust_template -all-info  ProgramVersion: 7.3.2  TimeStamp: 2026/03/12-11:59:59-GMT  BuildTime: Aug  4 2022 06:17:15  BuildStamp: freesurfer-linux-ubuntu22_x86_64-7.3.2-20220804-6354275  User: oesteban  Machine: dna085  Platform: Linux  PlatformVersion: 5.14.0-427.37.1.el9_4.x86_64  CompilerName: GCC  CompilerVersion: 8.4.0
ProgramName: mris_anatomical_stats  ProgramArguments: mris_anatomical_stats -all-info  ProgramVersion: 7.3.2  TimeStamp: 2026/03/12-11:59:59-GMT  BuildTime: Aug  4 2022 06:17:15  BuildStamp: freesurfer-linux-ubuntu22_x86_64-7.3.2-20220804-6354275  User: oesteban  Machine: dna085  Platform: Linux  PlatformVersion: 5.14.0-427.37.1.el9_4.x86_64  CompilerName: GCC  CompilerVersion: 8.4.0
ProgramName: mris_ca_label  ProgramArguments: mris_ca_label -all-info  ProgramVersion: 7.3.2  TimeStamp: 2026/03/12-11:59:59-GMT  BuildTime: Aug  4 2022 06:17:15  BuildStamp: freesurfer-linux-ubuntu22_x86_64-7.3.2-20220804-6354275  User: oesteban  Machine: dna085  Platform: Linux  PlatformVersion: 5.14.0-427.37.1.el9_4.x86_64  CompilerName: GCC  CompilerVersion: 8.4.0
ProgramName: mris_calc  ProgramArguments: mris_calc -all-info  ProgramVersion: 7.3.2  TimeStamp: 2026/03/12-11:59:59-GMT  BuildTime: Aug  4 2022 06:17:15  BuildStamp: freesurfer-linux-ubuntu22_x86_64-7.3.2-20220804-6354275  User: oesteban  Machine: dna085  Platform: Linux  PlatformVersion: 5.14.0-427.37.1.el9_4.x86_64  CompilerName: GCC  CompilerVersion: 8.4.0
ProgramName: mris_convert  ProgramArguments: mris_convert -all-info  ProgramVersion: 7.3.2  TimeStamp: 2026/03/12-11:59:59-GMT  BuildTime: Aug  4 2022 06:17:15  BuildStamp: freesurfer-linux-ubuntu22_x86_64-7.3.2-20220804-6354275  User: oesteban  Machine: dna085  Platform: Linux  PlatformVersion: 5.14.0-427.37.1.el9_4.x86_64  CompilerName: GCC  CompilerVersion: 8.4.0
ProgramName: mris_curvature  ProgramArguments: mris_curvature -all-info  ProgramVersion: 7.3.2  TimeStamp: 2026/03/12-11:59:59-GMT  BuildTime: Aug  4 2022 06:17:15  BuildStamp: freesurfer-linux-ubuntu22_x86_64-7.3.2-20220804-6354275  User: oesteban  Machine: dna085  Platform: Linux  PlatformVersion: 5.14.0-427.37.1.el9_4.x86_64  CompilerName: GCC  CompilerVersion: 8.4.0
ProgramName: mris_curvature_stats  ProgramArguments: mris_curvature_stats -all-info  ProgramVersion: 7.3.2  TimeStamp: 2026/03/12-11:59:59-GMT  BuildTime: Aug  4 2022 06:17:15  BuildStamp: freesurfer-linux-ubuntu22_x86_64-7.3.2-20220804-6354275  User: oesteban  Machine: dna085  Platform: Linux  PlatformVersion: 5.14.0-427.37.1.el9_4.x86_64  CompilerName: GCC  CompilerVersion: 8.4.0
ProgramName: mris_diff  ProgramArguments: mris_diff -all-info  ProgramVersion: 7.3.2  TimeStamp: 2026/03/12-11:59:59-GMT  BuildTime: Aug  4 2022 06:17:15  BuildStamp: freesurfer-linux-ubuntu22_x86_64-7.3.2-20220804-6354275  User: oesteban  Machine: dna085  Platform: Linux  PlatformVersion: 5.14.0-427.37.1.el9_4.x86_64  CompilerName: GCC  CompilerVersion: 8.4.0
ProgramName: mris_divide_parcellation  ProgramArguments: mris_divide_parcellation -all-info  ProgramVersion: 7.3.2  TimeStamp: 2026/03/12-11:59:59-GMT  BuildTime: Aug  4 2022 06:17:15  BuildStamp: freesurfer-linux-ubuntu22_x86_64-7.3.2-20220804-6354275  User: oesteban  Machine: dna085  Platform: Linux  PlatformVersion: 5.14.0-427.37.1.el9_4.x86_64  CompilerName: GCC  CompilerVersion: 8.4.0
ProgramName: mri_segment  ProgramArguments: mri_segment -all-info  ProgramVersion: 7.3.2  TimeStamp: 2026/03/12-11:59:59-GMT  BuildTime: Aug  4 2022 06:17:15  BuildStamp: freesurfer-linux-ubuntu22_x86_64-7.3.2-20220804-6354275  User: oesteban  Machine: dna085  Platform: Linux  PlatformVersion: 5.14.0-427.37.1.el9_4.x86_64  CompilerName: GCC  CompilerVersion: 8.4.0
ProgramName: mri_segstats  ProgramArguments: mri_segstats -all-info  ProgramVersion: 7.3.2  TimeStamp: 2026/03/12-11:59:59-GMT  BuildTime: Aug  4 2022 06:17:15  BuildStamp: freesurfer-linux-ubuntu22_x86_64-7.3.2-20220804-6354275  User: oesteban  Machine: dna085  Platform: Linux  PlatformVersion: 5.14.0-427.37.1.el9_4.x86_64  CompilerName: GCC  CompilerVersion: 8.4.0
ProgramName: mris_euler_number  ProgramArguments: mris_euler_number -all-info  ProgramVersion: 7.3.2  TimeStamp: 2026/03/12-11:59:59-GMT  BuildTime: Aug  4 2022 06:17:15  BuildStamp: freesurfer-linux-ubuntu22_x86_64-7.3.2-20220804-6354275  User: oesteban  Machine: dna085  Platform: Linux  PlatformVersion: 5.14.0-427.37.1.el9_4.x86_64  CompilerName: GCC  CompilerVersion: 8.4.0
ProgramName: mris_fix_topology  ProgramArguments: mris_fix_topology -all-info  ProgramVersion: 7.3.2  TimeStamp: 2026/03/12-11:59:59-GMT  BuildTime: Aug  4 2022 06:17:15  BuildStamp: freesurfer-linux-ubuntu22_x86_64-7.3.2-20220804-6354275  User: oesteban  Machine: dna085  Platform: Linux  PlatformVersion: 5.14.0-427.37.1.el9_4.x86_64  CompilerName: GCC  CompilerVersion: 8.4.0
ProgramName: mris_topo_fixer  ProgramArguments: mris_topo_fixer -all-info  ProgramVersion: 7.3.2  TimeStamp: 2026/03/12-11:59:59-GMT  BuildTime: Aug  4 2022 06:17:15  BuildStamp: freesurfer-linux-ubuntu22_x86_64-7.3.2-20220804-6354275  User: oesteban  Machine: dna085  Platform: Linux  PlatformVersion: 5.14.0-427.37.1.el9_4.x86_64  CompilerName: GCC  CompilerVersion: 8.4.0
ProgramName: mris_jacobian  ProgramArguments: mris_jacobian -all-info  ProgramVersion: 7.3.2  TimeStamp: 2026/03/12-11:59:59-GMT  BuildTime: Aug  4 2022 06:17:15  BuildStamp: freesurfer-linux-ubuntu22_x86_64-7.3.2-20220804-6354275  User: oesteban  Machine: dna085  Platform: Linux  PlatformVersion: 5.14.0-427.37.1.el9_4.x86_64  CompilerName: GCC  CompilerVersion: 8.4.0
ProgramName: mris_label2annot  ProgramArguments: mris_label2annot -all-info  ProgramVersion: 7.3.2  TimeStamp: 2026/03/12-11:59:59-GMT  BuildTime: Aug  4 2022 06:17:15  BuildStamp: freesurfer-linux-ubuntu22_x86_64-7.3.2-20220804-6354275  User: oesteban  Machine: dna085  Platform: Linux  PlatformVersion: 5.14.0-427.37.1.el9_4.x86_64  CompilerName: GCC  CompilerVersion: 8.4.0
ProgramName: mris_left_right_register  ProgramArguments: mris_left_right_register -all-info  ProgramVersion: 7.3.2  TimeStamp: 2026/03/12-11:59:59-GMT  BuildTime: Aug  4 2022 06:17:15  BuildStamp: freesurfer-linux-ubuntu22_x86_64-7.3.2-20220804-6354275  User: oesteban  Machine: dna085  Platform: Linux  PlatformVersion: 5.14.0-427.37.1.el9_4.x86_64  CompilerName: GCC  CompilerVersion: 8.4.0
ProgramName: mris_place_surface  ProgramArguments: mris_place_surface -all-info  ProgramVersion: 7.3.2  TimeStamp: 2026/03/12-11:59:59-GMT  BuildTime: Aug  4 2022 06:17:15  BuildStamp: freesurfer-linux-ubuntu22_x86_64-7.3.2-20220804-6354275  User: oesteban  Machine: dna085  Platform: Linux  PlatformVersion: 5.14.0-427.37.1.el9_4.x86_64  CompilerName: GCC  CompilerVersion: 8.4.0
ProgramName: mrisp_paint  ProgramArguments: mrisp_paint -all-info  ProgramVersion: 7.3.2  TimeStamp: 2026/03/12-11:59:59-GMT  BuildTime: Aug  4 2022 06:17:15  BuildStamp: freesurfer-linux-ubuntu22_x86_64-7.3.2-20220804-6354275  User: oesteban  Machine: dna085  Platform: Linux  PlatformVersion: 5.14.0-427.37.1.el9_4.x86_64  CompilerName: GCC  CompilerVersion: 8.4.0
ProgramName: mris_register  ProgramArguments: mris_register -all-info  ProgramVersion: 7.3.2  TimeStamp: 2026/03/12-11:59:59-GMT  BuildTime: Aug  4 2022 06:17:15  BuildStamp: freesurfer-linux-ubuntu22_x86_64-7.3.2-20220804-6354275  User: oesteban  Machine: dna085  Platform: Linux  PlatformVersion: 5.14.0-427.37.1.el9_4.x86_64  CompilerName: GCC  CompilerVersion: 8.4.0
ProgramName: mris_smooth  ProgramArguments: mris_smooth -all-info  ProgramVersion: 7.3.2  TimeStamp: 2026/03/12-11:59:59-GMT  BuildTime: Aug  4 2022 06:17:15  BuildStamp: freesurfer-linux-ubuntu22_x86_64-7.3.2-20220804-6354275  User: oesteban  Machine: dna085  Platform: Linux  PlatformVersion: 5.14.0-427.37.1.el9_4.x86_64  CompilerName: GCC  CompilerVersion: 8.4.0
ProgramName: mris_sphere  ProgramArguments: mris_sphere -all-info  ProgramVersion: 7.3.2  TimeStamp: 2026/03/12-11:59:59-GMT  BuildTime: Aug  4 2022 06:17:15  BuildStamp: freesurfer-linux-ubuntu22_x86_64-7.3.2-20220804-6354275  User: oesteban  Machine: dna085  Platform: Linux  PlatformVersion: 5.14.0-427.37.1.el9_4.x86_64  CompilerName: GCC  CompilerVersion: 8.4.0
ProgramName: mris_surface_stats  ProgramArguments: mris_surface_stats -all-info  ProgramVersion: 7.3.2  TimeStamp: 2026/03/12-11:59:59-GMT  BuildTime: Aug  4 2022 06:17:15  BuildStamp: freesurfer-linux-ubuntu22_x86_64-7.3.2-20220804-6354275  User: oesteban  Machine: dna085  Platform: Linux  PlatformVersion: 5.14.0-427.37.1.el9_4.x86_64  CompilerName: GCC  CompilerVersion: 8.4.0
ProgramName: mri_stats2seg  ProgramArguments: mri_stats2seg -all-info  ProgramVersion: 7.3.2  TimeStamp: 2026/03/12-11:59:59-GMT  BuildTime: Aug  4 2022 06:17:15  BuildStamp: freesurfer-linux-ubuntu22_x86_64-7.3.2-20220804-6354275  User: oesteban  Machine: dna085  Platform: Linux  PlatformVersion: 5.14.0-427.37.1.el9_4.x86_64  CompilerName: GCC  CompilerVersion: 8.4.0
ProgramName: mris_thickness  ProgramArguments: mris_thickness -all-info  ProgramVersion: 7.3.2  TimeStamp: 2026/03/12-11:59:59-GMT  BuildTime: Aug  4 2022 06:17:15  BuildStamp: freesurfer-linux-ubuntu22_x86_64-7.3.2-20220804-6354275  User: oesteban  Machine: dna085  Platform: Linux  PlatformVersion: 5.14.0-427.37.1.el9_4.x86_64  CompilerName: GCC  CompilerVersion: 8.4.0
ProgramName: mris_thickness_diff  ProgramArguments: mris_thickness_diff -all-info  ProgramVersion: 7.3.2  TimeStamp: 2026/03/12-11:59:59-GMT  BuildTime: Aug  4 2022 06:17:15  BuildStamp: freesurfer-linux-ubuntu22_x86_64-7.3.2-20220804-6354275  User: oesteban  Machine: dna085  Platform: Linux  PlatformVersion: 5.14.0-427.37.1.el9_4.x86_64  CompilerName: GCC  CompilerVersion: 8.4.0
ProgramName: mris_topo_fixer  ProgramArguments: mris_topo_fixer -all-info  ProgramVersion: 7.3.2  TimeStamp: 2026/03/12-11:59:59-GMT  BuildTime: Aug  4 2022 06:17:15  BuildStamp: freesurfer-linux-ubuntu22_x86_64-7.3.2-20220804-6354275  User: oesteban  Machine: dna085  Platform: Linux  PlatformVersion: 5.14.0-427.37.1.el9_4.x86_64  CompilerName: GCC  CompilerVersion: 8.4.0
ProgramName: mri_surf2surf  ProgramArguments: mri_surf2surf -all-info  ProgramVersion: 7.3.2  TimeStamp: 2026/03/12-11:59:59-GMT  BuildTime: Aug  4 2022 06:17:15  BuildStamp: freesurfer-linux-ubuntu22_x86_64-7.3.2-20220804-6354275  User: oesteban  Machine: dna085  Platform: Linux  PlatformVersion: 5.14.0-427.37.1.el9_4.x86_64  CompilerName: GCC  CompilerVersion: 8.4.0
ProgramName: mri_surf2vol  ProgramArguments: mri_surf2vol -all-info  ProgramVersion: 7.3.2  TimeStamp: 2026/03/12-11:59:59-GMT  BuildTime: Aug  4 2022 06:17:15  BuildStamp: freesurfer-linux-ubuntu22_x86_64-7.3.2-20220804-6354275  User: oesteban  Machine: dna085  Platform: Linux  PlatformVersion: 5.14.0-427.37.1.el9_4.x86_64  CompilerName: GCC  CompilerVersion: 8.4.0
ProgramName: mri_surfcluster  ProgramArguments: mri_surfcluster -all-info  ProgramVersion: 7.3.2  TimeStamp: 2026/03/12-11:59:59-GMT  BuildTime: Aug  4 2022 06:17:15  BuildStamp: freesurfer-linux-ubuntu22_x86_64-7.3.2-20220804-6354275  User: oesteban  Machine: dna085  Platform: Linux  PlatformVersion: 5.14.0-427.37.1.el9_4.x86_64  CompilerName: GCC  CompilerVersion: 8.4.0
ProgramName: mris_volmask  ProgramArguments: mris_volmask -all-info  ProgramVersion: 7.3.2  TimeStamp: 2026/03/12-11:59:59-GMT  BuildTime: Aug  4 2022 06:17:15  BuildStamp: freesurfer-linux-ubuntu22_x86_64-7.3.2-20220804-6354275  User: oesteban  Machine: dna085  Platform: Linux  PlatformVersion: 5.14.0-427.37.1.el9_4.x86_64  CompilerName: GCC  CompilerVersion: 8.4.0
ProgramName: mri_tessellate  ProgramArguments: mri_tessellate -all-info  ProgramVersion: 7.3.2  TimeStamp: 2026/03/12-11:59:59-GMT  BuildTime: Aug  4 2022 06:17:15  BuildStamp: freesurfer-linux-ubuntu22_x86_64-7.3.2-20220804-6354275  User: oesteban  Machine: dna085  Platform: Linux  PlatformVersion: 5.14.0-427.37.1.el9_4.x86_64  CompilerName: GCC  CompilerVersion: 8.4.0
ProgramName: mri_vol2surf  ProgramArguments: mri_vol2surf -all-info  ProgramVersion: 7.3.2  TimeStamp: 2026/03/12-11:59:59-GMT  BuildTime: Aug  4 2022 06:17:15  BuildStamp: freesurfer-linux-ubuntu22_x86_64-7.3.2-20220804-6354275  User: oesteban  Machine: dna085  Platform: Linux  PlatformVersion: 5.14.0-427.37.1.el9_4.x86_64  CompilerName: GCC  CompilerVersion: 8.4.0
ProgramName: mri_vol2vol  ProgramArguments: mri_vol2vol -all-info  ProgramVersion: 7.3.2  TimeStamp: 2026/03/12-11:59:59-GMT  BuildTime: Aug  4 2022 06:17:15  BuildStamp: freesurfer-linux-ubuntu22_x86_64-7.3.2-20220804-6354275  User: oesteban  Machine: dna085  Platform: Linux  PlatformVersion: 5.14.0-427.37.1.el9_4.x86_64  CompilerName: GCC  CompilerVersion: 8.4.0
ProgramName: mri_voldiff  ProgramArguments: mri_voldiff -all-info  ProgramVersion: 7.3.2  TimeStamp: 2026/03/12-11:59:59-GMT  BuildTime: Aug  4 2022 06:17:15  BuildStamp: freesurfer-linux-ubuntu22_x86_64-7.3.2-20220804-6354275  User: oesteban  Machine: dna085  Platform: Linux  PlatformVersion: 5.14.0-427.37.1.el9_4.x86_64  CompilerName: GCC  CompilerVersion: 8.4.0
ProgramName: mri_watershed  ProgramArguments: mri_watershed -all-info  ProgramVersion: 7.3.2  TimeStamp: 2026/03/12-11:59:59-GMT  BuildTime: Aug  4 2022 06:17:15  BuildStamp: freesurfer-linux-ubuntu22_x86_64-7.3.2-20220804-6354275  User: oesteban  Machine: dna085  Platform: Linux  PlatformVersion: 5.14.0-427.37.1.el9_4.x86_64  CompilerName: GCC  CompilerVersion: 8.4.0
ProgramName: tkregister2  ProgramArguments: tkregister2_cmdl -all-info  ProgramVersion: 7.3.2  TimeStamp: 2026/03/12-11:59:59-GMT  BuildTime: Aug  4 2022 06:17:15  BuildStamp: freesurfer-linux-ubuntu22_x86_64-7.3.2-20220804-6354275  User: oesteban  Machine: dna085  Platform: Linux  PlatformVersion: 5.14.0-427.37.1.el9_4.x86_64  CompilerName: GCC  CompilerVersion: 8.4.0
mri_motion_correct.fsl 7.3.2
mri_convert -all-info 
ProgramName: mri_convert  ProgramArguments: mri_convert -all-info  ProgramVersion: 7.3.2  TimeStamp: 2026/03/12-11:59:59-GMT  BuildTime: Aug  4 2022 06:17:15  BuildStamp: freesurfer-linux-ubuntu22_x86_64-7.3.2-20220804-6354275  User: oesteban  Machine: dna085  Platform: Linux  PlatformVersion: 5.14.0-427.37.1.el9_4.x86_64  CompilerName: GCC  CompilerVersion: 8.4.0
Program nu_correct, built from:
Package MNI N3, version 1.12.0, compiled by nicks@terrier (x86_64-unknown-linux-gnu) on 2015-06-19 at 01:25:34
#######################################
GCADIR /opt/freesurfer/average
GCA RB_all_2020-01-02.gca
GCASkull RB_all_withskull_2020_01_02.gca
AvgCurvTif folding.atlas.acfb40.noaparc.i12.2016-08-02.tif
GCSDIR /opt/freesurfer/average
GCS DKaparc.atlas.acfb40.noaparc.i12.2016-08-02.gcs
#######################################
#--------------------------------------------
#@# WhiteSurfs lh Thu Mar 12 12:59:59 CET 2026
cd /out/sourcedata/freesurfer/sub-v1s11x0050155_ses-1/mri
mris_place_surface --adgws-in ../surf/autodet.gw.stats.lh.dat --seg aseg.presurf.mgz --threads 16 --wm wm.mgz --invol brain.finalsurfs.mgz --lh --i ../surf/lh.white.preaparc --o ../surf/lh.white --white --nsmooth 0 --rip-label ../label/lh.cortex.label --rip-bg --rip-surf ../surf/lh.white.preaparc --aparc ../label/lh.aparc.annot
   Update not needed
#--------------------------------------------
#@# WhiteSurfs rh Thu Mar 12 12:59:59 CET 2026
cd /out/sourcedata/freesurfer/sub-v1s11x0050155_ses-1/mri
mris_place_surface --adgws-in ../surf/autodet.gw.stats.rh.dat --seg aseg.presurf.mgz --threads 16 --wm wm.mgz --invol brain.finalsurfs.mgz --rh --i ../surf/rh.white.preaparc --o ../surf/rh.white --white --nsmooth 0 --rip-label ../label/rh.cortex.label --rip-bg --rip-surf ../surf/rh.white.preaparc --aparc ../label/rh.aparc.annot
   Update not needed
#@# white curv lh Thu Mar 12 12:59:59 CET 2026
cd /out/sourcedata/freesurfer/sub-v1s11x0050155_ses-1/mri
mris_place_surface --curv-map ../surf/lh.white 2 10 ../surf/lh.curv
   Update not needed
#@# white area lh Thu Mar 12 12:59:59 CET 2026
cd /out/sourcedata/freesurfer/sub-v1s11x0050155_ses-1/mri
mris_place_surface --area-map ../surf/lh.white ../surf/lh.area
   Update not needed
#@# pial curv lh Thu Mar 12 12:59:59 CET 2026
cd /out/sourcedata/freesurfer/sub-v1s11x0050155_ses-1/mri
mris_place_surface --curv-map ../surf/lh.pial 2 10 ../surf/lh.curv.pial
   Update not needed
#@# pial area lh Thu Mar 12 12:59:59 CET 2026
cd /out/sourcedata/freesurfer/sub-v1s11x0050155_ses-1/mri
mris_place_surface --area-map ../surf/lh.pial ../surf/lh.area.pial
   Update not needed
#@# thickness lh Thu Mar 12 12:59:59 CET 2026
cd /out/sourcedata/freesurfer/sub-v1s11x0050155_ses-1/mri
mris_place_surface --thickness ../surf/lh.white ../surf/lh.pial 20 5 ../surf/lh.thickness
   Update not needed
#@# area and vertex vol lh Thu Mar 12 12:59:59 CET 2026
cd /out/sourcedata/freesurfer/sub-v1s11x0050155_ses-1/mri
mris_place_surface --thickness ../surf/lh.white ../surf/lh.pial 20 5 ../surf/lh.thickness
   Update not needed
#@# white curv rh Thu Mar 12 12:59:59 CET 2026
cd /out/sourcedata/freesurfer/sub-v1s11x0050155_ses-1/mri
mris_place_surface --curv-map ../surf/rh.white 2 10 ../surf/rh.curv
   Update not needed
#@# white area rh Thu Mar 12 12:59:59 CET 2026
cd /out/sourcedata/freesurfer/sub-v1s11x0050155_ses-1/mri
mris_place_surface --area-map ../surf/rh.white ../surf/rh.area
   Update not needed
#@# pial curv rh Thu Mar 12 12:59:59 CET 2026
cd /out/sourcedata/freesurfer/sub-v1s11x0050155_ses-1/mri
mris_place_surface --curv-map ../surf/rh.pial 2 10 ../surf/rh.curv.pial
   Update not needed
#@# pial area rh Thu Mar 12 12:59:59 CET 2026
cd /out/sourcedata/freesurfer/sub-v1s11x0050155_ses-1/mri
mris_place_surface --area-map ../surf/rh.pial ../surf/rh.area.pial
   Update not needed
#@# thickness rh Thu Mar 12 12:59:59 CET 2026
cd /out/sourcedata/freesurfer/sub-v1s11x0050155_ses-1/mri
mris_place_surface --thickness ../surf/rh.white ../surf/rh.pial 20 5 ../surf/rh.thickness
   Update not needed
#@# area and vertex vol rh Thu Mar 12 12:59:59 CET 2026
cd /out/sourcedata/freesurfer/sub-v1s11x0050155_ses-1/mri
mris_place_surface --thickness ../surf/rh.white ../surf/rh.pial 20 5 ../surf/rh.thickness
   Update not needed

#-----------------------------------------
#@# Curvature Stats lh Thu Mar 12 12:59:59 CET 2026
/out/sourcedata/freesurfer/sub-v1s11x0050155_ses-1/surf

 mris_curvature_stats -m --writeCurvatureFiles -G -o ../stats/lh.curv.stats -F smoothwm sub-v1s11x0050155_ses-1 lh curv sulc 

             Toggling save flag on curvature files                       [ ok ]
                 Outputting results using filestem   [ ../stats/lh.curv.stats ]
             Toggling save flag on curvature files                       [ ok ]
                                   Setting surface [ sub-v1s11x0050155_ses-1/lh.smoothwm ]
                                Reading surface...                       [ ok ]
                                   Setting texture                     [ curv ]
                                Reading texture...                       [ ok ]
                                   Setting texture                     [ sulc ]
                                Reading texture...Gb_filter = 0
                       [ ok ]
      Calculating Discrete Principal Curvatures...
      Determining geometric order for vno faces... [####################] [ ok ]
                      Determining KH curvatures... [####################] [ ok ]
                    Determining k1k2 curvatures... [####################] [ ok ]
                                   deltaViolations                      [ 278 ]
Gb_filter = 0

WARN:    S lookup   min:                          -0.025967
WARN:    S explicit min:                          0.000000	vertex = 2669

#-----------------------------------------
#@# Curvature Stats rh Thu Mar 12 13:00:01 CET 2026
/out/sourcedata/freesurfer/sub-v1s11x0050155_ses-1/surf

 mris_curvature_stats -m --writeCurvatureFiles -G -o ../stats/rh.curv.stats -F smoothwm sub-v1s11x0050155_ses-1 rh curv sulc 

             Toggling save flag on curvature files                       [ ok ]
                 Outputting results using filestem   [ ../stats/rh.curv.stats ]
             Toggling save flag on curvature files                       [ ok ]
                                   Setting surface [ sub-v1s11x0050155_ses-1/rh.smoothwm ]
                                Reading surface...                       [ ok ]
                                   Setting texture                     [ curv ]
                                Reading texture...                       [ ok ]
                                   Setting texture                     [ sulc ]
                                Reading texture...Gb_filter = 0
                       [ ok ]
      Calculating Discrete Principal Curvatures...
      Determining geometric order for vno faces... [####################] [ ok ]
                      Determining KH curvatures... [####################] [ ok ]
                    Determining k1k2 curvatures... [####################] [ ok ]
                                   deltaViolations                      [ 281 ]
Gb_filter = 0

WARN:    S lookup   min:                          -0.069366
WARN:    S explicit min:                          0.000000	vertex = 431
#-----------------------------------------
#@# Relabel Hypointensities Thu Mar 12 13:00:03 CET 2026
/out/sourcedata/freesurfer/sub-v1s11x0050155_ses-1/mri

 mri_relabel_hypointensities aseg.presurf.mgz ../surf aseg.presurf.hypos.mgz 

reading input surface ../surf/lh.white...
relabeling lh hypointensities...
4072 voxels changed to hypointensity...
reading input surface ../surf/rh.white...
relabeling rh hypointensities...
3549 voxels changed to hypointensity...
7621 hypointense voxels neighboring cortex changed
#-----------------------------------------
#@# APas-to-ASeg Thu Mar 12 13:00:18 CET 2026
/out/sourcedata/freesurfer/sub-v1s11x0050155_ses-1/mri

 mri_surf2volseg --o aseg.mgz --i aseg.presurf.hypos.mgz --fix-presurf-with-ribbon /out/sourcedata/freesurfer/sub-v1s11x0050155_ses-1/mri/ribbon.mgz --threads 16 --lh-cortex-mask /out/sourcedata/freesurfer/sub-v1s11x0050155_ses-1/label/lh.cortex.label --lh-white /out/sourcedata/freesurfer/sub-v1s11x0050155_ses-1/surf/lh.white --lh-pial /out/sourcedata/freesurfer/sub-v1s11x0050155_ses-1/surf/lh.pial --rh-cortex-mask /out/sourcedata/freesurfer/sub-v1s11x0050155_ses-1/label/rh.cortex.label --rh-white /out/sourcedata/freesurfer/sub-v1s11x0050155_ses-1/surf/rh.white --rh-pial /out/sourcedata/freesurfer/sub-v1s11x0050155_ses-1/surf/rh.pial 

SUBJECTS_DIR /out/sourcedata/freesurfer
outvol aseg.mgz
16 avail.processors, using 16
Loading aseg.presurf.hypos.mgz
Loading /out/sourcedata/freesurfer/sub-v1s11x0050155_ses-1/mri/ribbon.mgz
Loading /out/sourcedata/freesurfer/sub-v1s11x0050155_ses-1/surf/lh.white
Loading /out/sourcedata/freesurfer/sub-v1s11x0050155_ses-1/surf/lh.pial
Loading /out/sourcedata/freesurfer/sub-v1s11x0050155_ses-1/label/lh.cortex.label
Loading /out/sourcedata/freesurfer/sub-v1s11x0050155_ses-1/surf/rh.white
Loading /out/sourcedata/freesurfer/sub-v1s11x0050155_ses-1/surf/rh.pial
Loading /out/sourcedata/freesurfer/sub-v1s11x0050155_ses-1/label/rh.cortex.label
Done loading
 48 192 240   0 208  96  64 144  32 224 160  80 112 176 128  16   1 145 193  65 129  49  81  97 177  17 161  33 241 225 113 209   2 242  34  50 226   3 243 210  66  18 194   4 244 227  35  51 211   5 245  82 228  19 
 36  52   6 246 212  67   7 247  98 229  37  53  20 195   8 248 213 178 249   9  38 230  83  54  68  21 214  10 250  39 
231  55  11 251 196 215 146 162  22  40  12  99 
232 252  69  56  84 197  13 253 216  23  41 233  14 254  57 179 
217 130 198 234  42  15 255 114  24  58  85 235 199 
218  43  70 200  25  59 
236 201  44 219 
100 202  45 237  26 220  71 203  60  86 221 238 180 204  46  27 205 163  72 222 239 
 61  47 206  28 147 223 207  87  29 181  62 101  30  31  73  63  88 148 164 131 115  74 182 102  89  75 149 165  90 183  76 103  91  77 166 150  92  78 104 184 116  79 
 93 167 185 151 105 186  94 168 187 106  95 132 152 188 117 169 189 107 170 190 153 108 171 191 109 172 154 133 173 110 118 174 155 175 111 156 134 157 119 
135 158 136 159 
137 138 120 139 
140 121 141 142 122 143 123 124 125 126 127 
nrelabeled = 201634
ndotcheck = 0
Starting Surf2VolSeg free
free done
#VMPC# mri_surf2volseg VmPeak  2047904
mri_surf2volseg done

 mri_brainvol_stats sub-v1s11x0050155_ses-1 

ComputeBrainVolumeStats2 VoxelVol=1, KeepCSF=1
  #CBVS2 MaskVol              1818196.0
  #CBVS2 BrainSegVol          1448994.0
  #CBVS2 BrainSegVolNotVent   1416882.0
  #CBVS2 SupraTentVol         1292466.0
  #CBVS2 SupraTentVolNotVent  1260354.0
  #CBVS2 lhCtxGM               327004.8
  #CBVS2 rhCtxGM               320591.9
  #CBVS2 lhCerebralWM          274356.5
  #CBVS2 rhCerebralWM          268460.5
  #CBVS2 SubCortGMVol           70946.0
  #CBVS2 CerebellumVol         156528.0
  #CBVS2 CerebellumGMVol       127470.0
  #CBVS2 VentChorVol            28532.0
  #CBVS2 3rd4th5thCSF            3580.0
  #CBVS2 AllCSF                 32112.0
  #CBVS2 CCVol                   3795.0
#-----------------------------------------
#@# AParc-to-ASeg aparc Thu Mar 12 13:00:26 CET 2026
/out/sourcedata/freesurfer/sub-v1s11x0050155_ses-1/mri

 mri_surf2volseg --o aparc+aseg.mgz --label-cortex --i aseg.mgz --threads 16 --lh-annot /out/sourcedata/freesurfer/sub-v1s11x0050155_ses-1/label/lh.aparc.annot 1000 --lh-cortex-mask /out/sourcedata/freesurfer/sub-v1s11x0050155_ses-1/label/lh.cortex.label --lh-white /out/sourcedata/freesurfer/sub-v1s11x0050155_ses-1/surf/lh.white --lh-pial /out/sourcedata/freesurfer/sub-v1s11x0050155_ses-1/surf/lh.pial --rh-annot /out/sourcedata/freesurfer/sub-v1s11x0050155_ses-1/label/rh.aparc.annot 2000 --rh-cortex-mask /out/sourcedata/freesurfer/sub-v1s11x0050155_ses-1/label/rh.cortex.label --rh-white /out/sourcedata/freesurfer/sub-v1s11x0050155_ses-1/surf/rh.white --rh-pial /out/sourcedata/freesurfer/sub-v1s11x0050155_ses-1/surf/rh.pial 

SUBJECTS_DIR /out/sourcedata/freesurfer
outvol aparc+aseg.mgz
16 avail.processors, using 16
Loading aseg.mgz
Loading /out/sourcedata/freesurfer/sub-v1s11x0050155_ses-1/surf/lh.white
Loading /out/sourcedata/freesurfer/sub-v1s11x0050155_ses-1/surf/lh.pial
Loading /out/sourcedata/freesurfer/sub-v1s11x0050155_ses-1/label/lh.cortex.label
Ripping lh vertices labeled not in lh.cortex.label
  ripped 9622 vertices from lh hemi
Loading /out/sourcedata/freesurfer/sub-v1s11x0050155_ses-1/label/lh.aparc.annot
Loading /out/sourcedata/freesurfer/sub-v1s11x0050155_ses-1/surf/rh.white
Loading /out/sourcedata/freesurfer/sub-v1s11x0050155_ses-1/surf/rh.pial
Loading /out/sourcedata/freesurfer/sub-v1s11x0050155_ses-1/label/rh.cortex.label
Ripping rh vertices labeled not in rh.cortex.label
  ripped 9317 vertices from rh hemi
Loading /out/sourcedata/freesurfer/sub-v1s11x0050155_ses-1/label/rh.aparc.annot
Done loading
 48 112  96  64  16   0 240 192 176 224 128 160 144  80 208  32 209  17 241 225  33  49   1  18 226 210 242  50   2  34 227 243  19 
211  51   3 244  35 228  20 212  52 245   4 246  21 229  53 213  36 247   5  22 230  54 248 214   6  23 231 249  55 215  37   7  24 250 232  56 251 216  25   8  38 252  57 233  26 217 253   9  58 234 254  27 218  10  39 
235 255  28 219 
 59 
 11 236  29  40 220  12 237  30 221 238  13  41  31 222 239 
 14 223  15  42  60  43  44  45  46  47  61  62  63 193  65 145 194 129  81 195 196 113  66 197  97 198 199 
200 201 202 203 204 205 206 207 146 161 177 130  82  67 147 114  98 148  68 131 115  83 162  99 
149  69 178 150 132  70 100 116  84 151  71 163 101 133 117 152 179 
 85  72 102 134 153 118 164  73  86 154 103 135 180 119 
 74 155 104 136  87 165 156  75 120 105 181 157 137  88 106 166 121  76 158 107 138 122  89  77 182 159 
167 108 123 139 
 78  90 124 109 168 183  79 
140  91 110 125 141 169 126 111 184  92 142 127 185 170 143 186  93 187 188  94 171 189 190  95 191 172 173 174 175 
nrelabeled = 646356
ndotcheck = 40272
Starting Surf2VolSeg free
free done
#VMPC# mri_surf2volseg VmPeak  2032328
mri_surf2volseg done
#-----------------------------------------
#@# AParc-to-ASeg aparc.a2009s Thu Mar 12 13:01:16 CET 2026
/out/sourcedata/freesurfer/sub-v1s11x0050155_ses-1/mri

 mri_surf2volseg --o aparc.a2009s+aseg.mgz --label-cortex --i aseg.mgz --threads 16 --lh-annot /out/sourcedata/freesurfer/sub-v1s11x0050155_ses-1/label/lh.aparc.a2009s.annot 11100 --lh-cortex-mask /out/sourcedata/freesurfer/sub-v1s11x0050155_ses-1/label/lh.cortex.label --lh-white /out/sourcedata/freesurfer/sub-v1s11x0050155_ses-1/surf/lh.white --lh-pial /out/sourcedata/freesurfer/sub-v1s11x0050155_ses-1/surf/lh.pial --rh-annot /out/sourcedata/freesurfer/sub-v1s11x0050155_ses-1/label/rh.aparc.a2009s.annot 12100 --rh-cortex-mask /out/sourcedata/freesurfer/sub-v1s11x0050155_ses-1/label/rh.cortex.label --rh-white /out/sourcedata/freesurfer/sub-v1s11x0050155_ses-1/surf/rh.white --rh-pial /out/sourcedata/freesurfer/sub-v1s11x0050155_ses-1/surf/rh.pial 

SUBJECTS_DIR /out/sourcedata/freesurfer
outvol aparc.a2009s+aseg.mgz
16 avail.processors, using 16
Loading aseg.mgz
Loading /out/sourcedata/freesurfer/sub-v1s11x0050155_ses-1/surf/lh.white
Loading /out/sourcedata/freesurfer/sub-v1s11x0050155_ses-1/surf/lh.pial
Loading /out/sourcedata/freesurfer/sub-v1s11x0050155_ses-1/label/lh.cortex.label
Ripping lh vertices labeled not in lh.cortex.label
  ripped 9622 vertices from lh hemi
Loading /out/sourcedata/freesurfer/sub-v1s11x0050155_ses-1/label/lh.aparc.a2009s.annot
Loading /out/sourcedata/freesurfer/sub-v1s11x0050155_ses-1/surf/rh.white
Loading /out/sourcedata/freesurfer/sub-v1s11x0050155_ses-1/surf/rh.pial
Loading /out/sourcedata/freesurfer/sub-v1s11x0050155_ses-1/label/rh.cortex.label
Ripping rh vertices labeled not in rh.cortex.label
  ripped 9317 vertices from rh hemi
Loading /out/sourcedata/freesurfer/sub-v1s11x0050155_ses-1/label/rh.aparc.a2009s.annot
Done loading
224  96  16 176 240  80 112 128 144  48   0  32 208  64 192 160  33  49 225  17 241   1 209  34 210  18  50 242  35 211 226   2  36 212  19 
 51 243  37 213 227   3  38 214  20  52 244  39 
215 228   4  40  21  53 245 216 229  41   5  54  22 217 246  42  23  55 218 247 230  43 219 
  6  44 220  24  56  45 221 248 231 222  46   7  47 223  57  25 249 232   8  58  26 250   9 233  27 251  59 
 10 234  28 252  11 235  29 253  12 236  30 254 237  13  31 255  60 238  14 239 
 15  61  62  65 193  63 194 145  66 195 113 129 196 197 198 199 
200 201 202 203 204 205 206 207  97  81 146  67 177 161 114 130 147  68  98  82 115 148  69 178 131 149  70 162  83 116  99 
150  71 179 
117 132  84 151  72 100 163 152 118 180  73  85 133 101 153 119 
 74  86 164 181 134 102 154  75 120  87 135 182 155 103  76 165 121 156  88 136 104 122  77 183 157 166  89 123 137  78 105 158 184 124  79 
159 
167  90 106 185 138 125 186 107  91 168 139 
126 187 108 188 127  92 140 169 189 109 190 141  93 191 110 170 142  94 111 143 171  95 172 173 174 175 
nrelabeled = 646356
ndotcheck = 40272
Starting Surf2VolSeg free
free done
#VMPC# mri_surf2volseg VmPeak  2032420
mri_surf2volseg done
#-----------------------------------------
#@# AParc-to-ASeg aparc.DKTatlas Thu Mar 12 13:02:09 CET 2026
/out/sourcedata/freesurfer/sub-v1s11x0050155_ses-1/mri

 mri_surf2volseg --o aparc.DKTatlas+aseg.mgz --label-cortex --i aseg.mgz --threads 16 --lh-annot /out/sourcedata/freesurfer/sub-v1s11x0050155_ses-1/label/lh.aparc.DKTatlas.annot 1000 --lh-cortex-mask /out/sourcedata/freesurfer/sub-v1s11x0050155_ses-1/label/lh.cortex.label --lh-white /out/sourcedata/freesurfer/sub-v1s11x0050155_ses-1/surf/lh.white --lh-pial /out/sourcedata/freesurfer/sub-v1s11x0050155_ses-1/surf/lh.pial --rh-annot /out/sourcedata/freesurfer/sub-v1s11x0050155_ses-1/label/rh.aparc.DKTatlas.annot 2000 --rh-cortex-mask /out/sourcedata/freesurfer/sub-v1s11x0050155_ses-1/label/rh.cortex.label --rh-white /out/sourcedata/freesurfer/sub-v1s11x0050155_ses-1/surf/rh.white --rh-pial /out/sourcedata/freesurfer/sub-v1s11x0050155_ses-1/surf/rh.pial 

SUBJECTS_DIR /out/sourcedata/freesurfer
outvol aparc.DKTatlas+aseg.mgz
16 avail.processors, using 16
Loading aseg.mgz
Loading /out/sourcedata/freesurfer/sub-v1s11x0050155_ses-1/surf/lh.white
Loading /out/sourcedata/freesurfer/sub-v1s11x0050155_ses-1/surf/lh.pial
Loading /out/sourcedata/freesurfer/sub-v1s11x0050155_ses-1/label/lh.cortex.label
Ripping lh vertices labeled not in lh.cortex.label
  ripped 9622 vertices from lh hemi
Loading /out/sourcedata/freesurfer/sub-v1s11x0050155_ses-1/label/lh.aparc.DKTatlas.annot
Loading /out/sourcedata/freesurfer/sub-v1s11x0050155_ses-1/surf/rh.white
Loading /out/sourcedata/freesurfer/sub-v1s11x0050155_ses-1/surf/rh.pial
Loading /out/sourcedata/freesurfer/sub-v1s11x0050155_ses-1/label/rh.cortex.label
Ripping rh vertices labeled not in rh.cortex.label
  ripped 9317 vertices from rh hemi
Loading /out/sourcedata/freesurfer/sub-v1s11x0050155_ses-1/label/rh.aparc.DKTatlas.annot
Done loading
  0 176 224 160 128  32 208  64 144  80 112 192 240  96  48  16 241  49  33  17   1 225 209  50  34 242 210  18   2 226  51  35  19 
  3 227  52  36  20 211 243  53  37   4 228  54  38  55  21  39 
212 244  56 229   5  40  57  22 213 245  41  58 230   6  42  59 
 23 214 246  43 231   7  44  24 215 247  45 232   8  46  25  47 216 248 233   9  26 217 249 234  60  10  27 218 250 235  28  11 219 
251 236  29  12 220 252  30 237  13 221 253 238  31  14 222 254 239 
 15 223 255  61  62  63  65 193 145 194 129  66 113 195 196  97 197 198 199 
200 201 202 203 204 205 206 207 177  81 146 161  67 114 130 147  98  68 178  82 148 162 115  69 131 149  99 
 83 179 
 70 150 116 163 100  84 132 151  71 180 117 152 101 164  85  72 133 153 181 118 102  86  73 165 154 134 182 119 
103  87  74 155 166 135 104 156 183  88 120  75 167 157 105 136 184 121  89 158  76 168 106 185 122 159 
137  90  77 186 107 169 123 187  91 138 108  78 188 124 109 170 189  79 
 92 139 
125 190 110 191 126 171 111 140  93 127 172 141  94 142 173 143 174  95 175 
nrelabeled = 646356
ndotcheck = 40272
Starting Surf2VolSeg free
free done
#VMPC# mri_surf2volseg VmPeak  2032324
mri_surf2volseg done
#-----------------------------------------
#@# WMParc Thu Mar 12 13:02:51 CET 2026
/out/sourcedata/freesurfer/sub-v1s11x0050155_ses-1/mri

 mri_surf2volseg --o wmparc.mgz --label-wm --i aparc+aseg.mgz --threads 16 --lh-annot /out/sourcedata/freesurfer/sub-v1s11x0050155_ses-1/label/lh.aparc.annot 3000 --lh-cortex-mask /out/sourcedata/freesurfer/sub-v1s11x0050155_ses-1/label/lh.cortex.label --lh-white /out/sourcedata/freesurfer/sub-v1s11x0050155_ses-1/surf/lh.white --lh-pial /out/sourcedata/freesurfer/sub-v1s11x0050155_ses-1/surf/lh.pial --rh-annot /out/sourcedata/freesurfer/sub-v1s11x0050155_ses-1/label/rh.aparc.annot 4000 --rh-cortex-mask /out/sourcedata/freesurfer/sub-v1s11x0050155_ses-1/label/rh.cortex.label --rh-white /out/sourcedata/freesurfer/sub-v1s11x0050155_ses-1/surf/rh.white --rh-pial /out/sourcedata/freesurfer/sub-v1s11x0050155_ses-1/surf/rh.pial 

SUBJECTS_DIR /out/sourcedata/freesurfer
outvol wmparc.mgz
16 avail.processors, using 16
Loading aparc+aseg.mgz
Loading /out/sourcedata/freesurfer/sub-v1s11x0050155_ses-1/surf/lh.white
Loading /out/sourcedata/freesurfer/sub-v1s11x0050155_ses-1/surf/lh.pial
Loading /out/sourcedata/freesurfer/sub-v1s11x0050155_ses-1/label/lh.cortex.label
Ripping lh vertices labeled not in lh.cortex.label
  ripped 9622 vertices from lh hemi
Loading /out/sourcedata/freesurfer/sub-v1s11x0050155_ses-1/label/lh.aparc.annot
Loading /out/sourcedata/freesurfer/sub-v1s11x0050155_ses-1/surf/rh.white
Loading /out/sourcedata/freesurfer/sub-v1s11x0050155_ses-1/surf/rh.pial
Loading /out/sourcedata/freesurfer/sub-v1s11x0050155_ses-1/label/rh.cortex.label
Ripping rh vertices labeled not in rh.cortex.label
  ripped 9317 vertices from rh hemi
Loading /out/sourcedata/freesurfer/sub-v1s11x0050155_ses-1/label/rh.aparc.annot
Done loading
  0 112  48  16 208  96 192 240  64 160  80 224 176 128 144  32   1  49  65 193  17 225 209  33 241   2  50 226 242 210  18  34  51   3 227  35 211 243  19 
 52   4 228  36 244 212  53   5  20 229  37  54   6 245 213  21 230  55   7 246  38  22 214  56   8 231 247  39 
 23  57   9 215 194 232 248  58  10  40  24 216 249 233  59 
 11  25  41 217  60 250  12 234  26 218  42  61 251  13 235  27  62 219 
 14 252  43 236  28  15 253 220  44  63 237  29 254 221  45 238  30 255 222  46 195 239 
 31 223  47 196 197 198 199 
200 201  66 202 129 203 204 205 206 207  67  68 130  69  81 177  70 131  71  97  72 145 132 113  73  82 161 178  74 133  98 179 
 83  75 134 114 146  76 162 180 135  77  84  99 
181  78 115 182 136  85 163 183  79 
147 100 184 137 185 116 186  86 187 188 164 189 101 190 117 191 148  87 138 165 118  88 102 139 
149 166 119 
 89 103 120 140 167  90 121 150 122 104 168  91 141 123 124 125 126 127 169 151 105  92 142 170  93 106 152 143 171  94 172 107 153 173  95 154 174 108 175 155 109 156 157 110 158 111 159 

nrelabeled = 539022
ndotcheck = 3908
Starting Surf2VolSeg free
free done
#VMPC# mri_surf2volseg VmPeak  2032328
mri_surf2volseg done

 mri_segstats --seed 1234 --seg mri/wmparc.mgz --sum stats/wmparc.stats --pv mri/norm.mgz --excludeid 0 --brainmask mri/brainmask.mgz --in mri/norm.mgz --in-intensity-name norm --in-intensity-units MR --subject sub-v1s11x0050155_ses-1 --surf-wm-vol --ctab /opt/freesurfer/WMParcStatsLUT.txt --etiv 

setting seed for random number genererator to 1234

7.3.2
cwd 
cmdline mri_segstats --seed 1234 --seg mri/wmparc.mgz --sum stats/wmparc.stats --pv mri/norm.mgz --excludeid 0 --brainmask mri/brainmask.mgz --in mri/norm.mgz --in-intensity-name norm --in-intensity-units MR --subject sub-v1s11x0050155_ses-1 --surf-wm-vol --ctab /opt/freesurfer/WMParcStatsLUT.txt --etiv 
sysname  Linux
hostname dna085
machine  x86_64
user     oesteban
whitesurfname  white
UseRobust  0
atlas_icv (eTIV) = 1827928 mm^3    (det: 1.065745 )
Loading mri/wmparc.mgz
Getting Brain Volume Statistics
Loading mri/norm.mgz
Loading mri/norm.mgz
Voxel Volume is 1 mm^3
Generating list of segmentation ids
Found 390 segmentations
Computing statistics for each segmentation

Reporting on  70 segmentations
Using PrintSegStat
mri_segstats done
#--------------------------------------------
#@# ASeg Stats Thu Mar 12 13:05:02 CET 2026
/out/sourcedata/freesurfer/sub-v1s11x0050155_ses-1

 mri_segstats --seed 1234 --seg mri/aseg.mgz --sum stats/aseg.stats --pv mri/norm.mgz --empty --brainmask mri/brainmask.mgz --brain-vol-from-seg --excludeid 0 --excl-ctxgmwm --supratent --subcortgray --in mri/norm.mgz --in-intensity-name norm --in-intensity-units MR --etiv --surf-wm-vol --surf-ctx-vol --totalgray --euler --ctab /opt/freesurfer/ASegStatsLUT.txt --subject sub-v1s11x0050155_ses-1 

setting seed for random number genererator to 1234

7.3.2
cwd 
cmdline mri_segstats --seed 1234 --seg mri/aseg.mgz --sum stats/aseg.stats --pv mri/norm.mgz --empty --brainmask mri/brainmask.mgz --brain-vol-from-seg --excludeid 0 --excl-ctxgmwm --supratent --subcortgray --in mri/norm.mgz --in-intensity-name norm --in-intensity-units MR --etiv --surf-wm-vol --surf-ctx-vol --totalgray --euler --ctab /opt/freesurfer/ASegStatsLUT.txt --subject sub-v1s11x0050155_ses-1 
sysname  Linux
hostname dna085
machine  x86_64
user     oesteban
whitesurfname  white
UseRobust  0
atlas_icv (eTIV) = 1827928 mm^3    (det: 1.065745 )
Computing euler number
orig.nofix lheno =  -18, rheno = -24
orig.nofix lhholes =   10, rhholes = 13
Loading mri/aseg.mgz
Getting Brain Volume Statistics
Loading mri/norm.mgz
Loading mri/norm.mgz
Voxel Volume is 1 mm^3
Generating list of segmentation ids
Found  50 segmentations
Computing statistics for each segmentation

Reporting on  45 segmentations
Using PrintSegStat
mri_segstats done

Started at Thu Mar 12 12:59:58 CET 2026 
Ended   at Thu Mar 12 13:05:25 CET 2026
#@#%# recon-all-run-time-hours 0.091
recon-all -s sub-v1s11x0050155_ses-1 finished without error at Thu Mar 12 13:05:25 CET 2026
