
Thu Mar 12 11:54:08 CET 2026
cd /out/sourcedata/freesurfer/sub-v1s11x0050155_ses-1
setenv SUBJECTS_DIR /out/sourcedata/freesurfer
/opt/freesurfer/bin/recon-all -autorecon-hemi lh -noparcstats -noparcstats2 -noparcstats3 -nohyporelabel -nobalabels -lh-only -openmp 16 -subjid sub-v1s11x0050155_ses-1 -sd /out/sourcedata/freesurfer

subjid sub-v1s11x0050155_ses-1
setenv SUBJECTS_DIR /out/sourcedata/freesurfer
FREESURFER_HOME /opt/freesurfer
Actual FREESURFER_HOME /opt/freesurfer
build-stamp.txt: freesurfer-linux-ubuntu22_x86_64-7.3.2-20220804-6354275
Linux dna085 5.14.0-427.37.1.el9_4.x86_64 #1 SMP PREEMPT_DYNAMIC Fri Sep 13 12:41:50 EDT 2024 x86_64 x86_64 x86_64 GNU/Linux
cputime      unlimited
filesize     unlimited
datasize     unlimited
stacksize    8192 kbytes
coredumpsize 0 kbytes
memoryuse    67108864 kbytes
vmemoryuse   unlimited
descriptors  1024 
memorylocked unlimited
maxproc      2061970 
maxlocks     unlimited
maxsignal    2062024 
maxmessage   819200 
maxnice      0 
maxrtprio    0 
maxrttime    unlimited

               total        used        free      shared  buff/cache   available
Mem:           503Gi       322Gi       154Gi       9.7Gi        25Gi       167Gi
Swap:             0B          0B          0B

########################################
program versions used
7.3.2 (freesurfer-linux-ubuntu22_x86_64-7.3.2-20220804-6354275)
7.3.2

ProgramName: lta_convert  ProgramArguments: lta_convert -all-info  ProgramVersion: 7.3.2  TimeStamp: 2026/03/12-10:54:08-GMT  BuildTime: Aug  4 2022 06:17:15  BuildStamp: freesurfer-linux-ubuntu22_x86_64-7.3.2-20220804-6354275  User: oesteban  Machine: dna085  Platform: Linux  PlatformVersion: 5.14.0-427.37.1.el9_4.x86_64  CompilerName: GCC  CompilerVersion: 8.4.0
ProgramName: mri_and  ProgramArguments: mri_and -all-info  ProgramVersion: 7.3.2  TimeStamp: 2026/03/12-10:54:08-GMT  BuildTime: Aug  4 2022 06:17:15  BuildStamp: freesurfer-linux-ubuntu22_x86_64-7.3.2-20220804-6354275  User: oesteban  Machine: dna085  Platform: Linux  PlatformVersion: 5.14.0-427.37.1.el9_4.x86_64  CompilerName: GCC  CompilerVersion: 8.4.0
ProgramName: mri_annotation2label  ProgramArguments: mri_annotation2label -all-info  ProgramVersion: 7.3.2  TimeStamp: 2026/03/12-10:54:08-GMT  BuildTime: Aug  4 2022 06:17:15  BuildStamp: freesurfer-linux-ubuntu22_x86_64-7.3.2-20220804-6354275  User: oesteban  Machine: dna085  Platform: Linux  PlatformVersion: 5.14.0-427.37.1.el9_4.x86_64  CompilerName: GCC  CompilerVersion: 8.4.0
ProgramName: mri_aparc2aseg  ProgramArguments: mri_aparc2aseg -all-info  ProgramVersion: 7.3.2  TimeStamp: 2026/03/12-10:54:08-GMT  BuildTime: Aug  4 2022 06:17:15  BuildStamp: freesurfer-linux-ubuntu22_x86_64-7.3.2-20220804-6354275  User: oesteban  Machine: dna085  Platform: Linux  PlatformVersion: 5.14.0-427.37.1.el9_4.x86_64  CompilerName: GCC  CompilerVersion: 8.4.0
ProgramName: mri_surf2volseg  ProgramArguments: mri_surf2volseg -all-info  ProgramVersion: 7.3.2  TimeStamp: 2026/03/12-10:54:08-GMT  BuildTime: Aug  4 2022 06:17:15  BuildStamp: freesurfer-linux-ubuntu22_x86_64-7.3.2-20220804-6354275  User: oesteban  Machine: dna085  Platform: Linux  PlatformVersion: 5.14.0-427.37.1.el9_4.x86_64  CompilerName: GCC  CompilerVersion: 8.4.0
ProgramName: mri_binarize  ProgramArguments: mri_binarize -all-info  ProgramVersion: 7.3.2  TimeStamp: 2026/03/12-10:54:08-GMT  BuildTime: Aug  4 2022 06:17:15  BuildStamp: freesurfer-linux-ubuntu22_x86_64-7.3.2-20220804-6354275  User: oesteban  Machine: dna085  Platform: Linux  PlatformVersion: 5.14.0-427.37.1.el9_4.x86_64  CompilerName: GCC  CompilerVersion: 8.4.0
ProgramName: mri_ca_label  ProgramArguments: mri_ca_label -all-info  ProgramVersion: 7.3.2  TimeStamp: 2026/03/12-10:54:08-GMT  BuildTime: Aug  4 2022 06:17:15  BuildStamp: freesurfer-linux-ubuntu22_x86_64-7.3.2-20220804-6354275  User: oesteban  Machine: dna085  Platform: Linux  PlatformVersion: 5.14.0-427.37.1.el9_4.x86_64  CompilerName: GCC  CompilerVersion: 8.4.0
ProgramName: mri_ca_normalize  ProgramArguments: mri_ca_normalize -all-info  ProgramVersion: 7.3.2  TimeStamp: 2026/03/12-10:54:08-GMT  BuildTime: Aug  4 2022 06:17:15  BuildStamp: freesurfer-linux-ubuntu22_x86_64-7.3.2-20220804-6354275  User: oesteban  Machine: dna085  Platform: Linux  PlatformVersion: 5.14.0-427.37.1.el9_4.x86_64  CompilerName: GCC  CompilerVersion: 8.4.0
ProgramName: mri_ca_register  ProgramArguments: mri_ca_register -all-info  ProgramVersion: 7.3.2  TimeStamp: 2026/03/12-10:54:08-GMT  BuildTime: Aug  4 2022 06:17:15  BuildStamp: freesurfer-linux-ubuntu22_x86_64-7.3.2-20220804-6354275  User: oesteban  Machine: dna085  Platform: Linux  PlatformVersion: 5.14.0-427.37.1.el9_4.x86_64  CompilerName: GCC  CompilerVersion: 8.4.0
ProgramName: mri_cc  ProgramArguments: mri_cc -all-info  ProgramVersion: 7.3.2  TimeStamp: 2026/03/12-10:54:08-GMT  BuildTime: Aug  4 2022 06:17:15  BuildStamp: freesurfer-linux-ubuntu22_x86_64-7.3.2-20220804-6354275  User: oesteban  Machine: dna085  Platform: Linux  PlatformVersion: 5.14.0-427.37.1.el9_4.x86_64  CompilerName: GCC  CompilerVersion: 8.4.0
ProgramName: mri_compute_overlap  ProgramArguments: mri_compute_overlap -all-info  ProgramVersion: 7.3.2  TimeStamp: 2026/03/12-10:54:08-GMT  BuildTime: Aug  4 2022 06:17:15  BuildStamp: freesurfer-linux-ubuntu22_x86_64-7.3.2-20220804-6354275  User: oesteban  Machine: dna085  Platform: Linux  PlatformVersion: 5.14.0-427.37.1.el9_4.x86_64  CompilerName: GCC  CompilerVersion: 8.4.0
ProgramName: mri_compute_seg_overlap  ProgramArguments: mri_compute_seg_overlap -all-info  ProgramVersion: 7.3.2  TimeStamp: 2026/03/12-10:54:08-GMT  BuildTime: Aug  4 2022 06:17:15  BuildStamp: freesurfer-linux-ubuntu22_x86_64-7.3.2-20220804-6354275  User: oesteban  Machine: dna085  Platform: Linux  PlatformVersion: 5.14.0-427.37.1.el9_4.x86_64  CompilerName: GCC  CompilerVersion: 8.4.0
ProgramName: mri_concat  ProgramArguments: mri_concat -all-info  ProgramVersion: 7.3.2  TimeStamp: 2026/03/12-10:54:08-GMT  BuildTime: Aug  4 2022 06:17:15  BuildStamp: freesurfer-linux-ubuntu22_x86_64-7.3.2-20220804-6354275  User: oesteban  Machine: dna085  Platform: Linux  PlatformVersion: 5.14.0-427.37.1.el9_4.x86_64  CompilerName: GCC  CompilerVersion: 8.4.0
ProgramName: mri_concatenate_lta  ProgramArguments: mri_concatenate_lta -all-info  ProgramVersion: 7.3.2  TimeStamp: 2026/03/12-10:54:08-GMT  BuildTime: Aug  4 2022 06:17:15  BuildStamp: freesurfer-linux-ubuntu22_x86_64-7.3.2-20220804-6354275  User: oesteban  Machine: dna085  Platform: Linux  PlatformVersion: 5.14.0-427.37.1.el9_4.x86_64  CompilerName: GCC  CompilerVersion: 8.4.0
mri_convert -all-info 
ProgramName: mri_convert  ProgramArguments: mri_convert -all-info  ProgramVersion: 7.3.2  TimeStamp: 2026/03/12-10:54:08-GMT  BuildTime: Aug  4 2022 06:17:15  BuildStamp: freesurfer-linux-ubuntu22_x86_64-7.3.2-20220804-6354275  User: oesteban  Machine: dna085  Platform: Linux  PlatformVersion: 5.14.0-427.37.1.el9_4.x86_64  CompilerName: GCC  CompilerVersion: 8.4.0
ProgramName: mri_diff  ProgramArguments: mri_diff -all-info  ProgramVersion: 7.3.2  TimeStamp: 2026/03/12-10:54:08-GMT  BuildTime: Aug  4 2022 06:17:15  BuildStamp: freesurfer-linux-ubuntu22_x86_64-7.3.2-20220804-6354275  User: oesteban  Machine: dna085  Platform: Linux  PlatformVersion: 5.14.0-427.37.1.el9_4.x86_64  CompilerName: GCC  CompilerVersion: 8.4.0
ProgramName: mri_edit_wm_with_aseg  ProgramArguments: mri_edit_wm_with_aseg -all-info  ProgramVersion: 7.3.2  TimeStamp: 2026/03/12-10:54:08-GMT  BuildTime: Aug  4 2022 06:17:15  BuildStamp: freesurfer-linux-ubuntu22_x86_64-7.3.2-20220804-6354275  User: oesteban  Machine: dna085  Platform: Linux  PlatformVersion: 5.14.0-427.37.1.el9_4.x86_64  CompilerName: GCC  CompilerVersion: 8.4.0
ProgramName: mri_em_register  ProgramArguments: mri_em_register -all-info  ProgramVersion: 7.3.2  TimeStamp: 2026/03/12-10:54:08-GMT  BuildTime: Aug  4 2022 06:17:15  BuildStamp: freesurfer-linux-ubuntu22_x86_64-7.3.2-20220804-6354275  User: oesteban  Machine: dna085  Platform: Linux  PlatformVersion: 5.14.0-427.37.1.el9_4.x86_64  CompilerName: GCC  CompilerVersion: 8.4.0
ProgramName: mri_fill  ProgramArguments: mri_fill -all-info  ProgramVersion: 7.3.2  TimeStamp: 2026/03/12-10:54:08-GMT  BuildTime: Aug  4 2022 06:17:15  BuildStamp: freesurfer-linux-ubuntu22_x86_64-7.3.2-20220804-6354275  User: oesteban  Machine: dna085  Platform: Linux  PlatformVersion: 5.14.0-427.37.1.el9_4.x86_64  CompilerName: GCC  CompilerVersion: 8.4.0
ProgramName: mri_fuse_segmentations  ProgramArguments: mri_fuse_segmentations -all-info  ProgramVersion: 7.3.2  TimeStamp: 2026/03/12-10:54:08-GMT  BuildTime: Aug  4 2022 06:17:15  BuildStamp: freesurfer-linux-ubuntu22_x86_64-7.3.2-20220804-6354275  User: oesteban  Machine: dna085  Platform: Linux  PlatformVersion: 5.14.0-427.37.1.el9_4.x86_64  CompilerName: GCC  CompilerVersion: 8.4.0
ProgramName: mri_fwhm  ProgramArguments: mri_fwhm -all-info  ProgramVersion: 7.3.2  TimeStamp: 2026/03/12-10:54:08-GMT  BuildTime: Aug  4 2022 06:17:15  BuildStamp: freesurfer-linux-ubuntu22_x86_64-7.3.2-20220804-6354275  User: oesteban  Machine: dna085  Platform: Linux  PlatformVersion: 5.14.0-427.37.1.el9_4.x86_64  CompilerName: GCC  CompilerVersion: 8.4.0
ProgramName: mri_gcut  ProgramArguments: mri_gcut -all-info  ProgramVersion: 7.3.2  TimeStamp: 2026/03/12-10:54:08-GMT  BuildTime: Aug  4 2022 06:17:15  BuildStamp: freesurfer-linux-ubuntu22_x86_64-7.3.2-20220804-6354275  User: oesteban  Machine: dna085  Platform: Linux  PlatformVersion: 5.14.0-427.37.1.el9_4.x86_64  CompilerName: GCC  CompilerVersion: 8.4.0
ProgramName: mri_info  ProgramArguments: mri_info -all-info  ProgramVersion: 7.3.2  TimeStamp: 2026/03/12-10:54:08-GMT  BuildTime: Aug  4 2022 06:17:15  BuildStamp: freesurfer-linux-ubuntu22_x86_64-7.3.2-20220804-6354275  User: oesteban  Machine: dna085  Platform: Linux  PlatformVersion: 5.14.0-427.37.1.el9_4.x86_64  CompilerName: GCC  CompilerVersion: 8.4.0
ProgramName: mri_label2label  ProgramArguments: mri_label2label -all-info  ProgramVersion: 7.3.2  TimeStamp: 2026/03/12-10:54:08-GMT  BuildTime: Aug  4 2022 06:17:15  BuildStamp: freesurfer-linux-ubuntu22_x86_64-7.3.2-20220804-6354275  User: oesteban  Machine: dna085  Platform: Linux  PlatformVersion: 5.14.0-427.37.1.el9_4.x86_64  CompilerName: GCC  CompilerVersion: 8.4.0
ProgramName: mri_label2vol  ProgramArguments: mri_label2vol -all-info  ProgramVersion: 7.3.2  TimeStamp: 2026/03/12-10:54:08-GMT  BuildTime: Aug  4 2022 06:17:15  BuildStamp: freesurfer-linux-ubuntu22_x86_64-7.3.2-20220804-6354275  User: oesteban  Machine: dna085  Platform: Linux  PlatformVersion: 5.14.0-427.37.1.el9_4.x86_64  CompilerName: GCC  CompilerVersion: 8.4.0
ProgramName: mri_log_likelihood  ProgramArguments: mri_log_likelihood -all-info  ProgramVersion: 7.3.2  TimeStamp: 2026/03/12-10:54:08-GMT  BuildTime: Aug  4 2022 06:17:15  BuildStamp: freesurfer-linux-ubuntu22_x86_64-7.3.2-20220804-6354275  User: oesteban  Machine: dna085  Platform: Linux  PlatformVersion: 5.14.0-427.37.1.el9_4.x86_64  CompilerName: GCC  CompilerVersion: 8.4.0
ProgramName: mri_mask  ProgramArguments: mri_mask -all-info  ProgramVersion: 7.3.2  TimeStamp: 2026/03/12-10:54:08-GMT  BuildTime: Aug  4 2022 06:17:15  BuildStamp: freesurfer-linux-ubuntu22_x86_64-7.3.2-20220804-6354275  User: oesteban  Machine: dna085  Platform: Linux  PlatformVersion: 5.14.0-427.37.1.el9_4.x86_64  CompilerName: GCC  CompilerVersion: 8.4.0
ProgramName: mri_matrix_multiply  ProgramArguments: mri_matrix_multiply -all-info  ProgramVersion: 7.3.2  TimeStamp: 2026/03/12-10:54:08-GMT  BuildTime: Aug  4 2022 06:17:15  BuildStamp: freesurfer-linux-ubuntu22_x86_64-7.3.2-20220804-6354275  User: oesteban  Machine: dna085  Platform: Linux  PlatformVersion: 5.14.0-427.37.1.el9_4.x86_64  CompilerName: GCC  CompilerVersion: 8.4.0
ProgramName: mri_normalize  ProgramArguments: mri_normalize -all-info  ProgramVersion: 7.3.2  TimeStamp: 2026/03/12-10:54:08-GMT  BuildTime: Aug  4 2022 06:17:15  BuildStamp: freesurfer-linux-ubuntu22_x86_64-7.3.2-20220804-6354275  User: oesteban  Machine: dna085  Platform: Linux  PlatformVersion: 5.14.0-427.37.1.el9_4.x86_64  CompilerName: GCC  CompilerVersion: 8.4.0
ProgramName: mri_normalize_tp2  ProgramArguments: mri_normalize_tp2 -all-info  ProgramVersion: 7.3.2  TimeStamp: 2026/03/12-10:54:08-GMT  BuildTime: Aug  4 2022 06:17:15  BuildStamp: freesurfer-linux-ubuntu22_x86_64-7.3.2-20220804-6354275  User: oesteban  Machine: dna085  Platform: Linux  PlatformVersion: 5.14.0-427.37.1.el9_4.x86_64  CompilerName: GCC  CompilerVersion: 8.4.0
ProgramName: mri_or  ProgramArguments: mri_or -all-info  ProgramVersion: 7.3.2  TimeStamp: 2026/03/12-10:54:08-GMT  BuildTime: Aug  4 2022 06:17:15  BuildStamp: freesurfer-linux-ubuntu22_x86_64-7.3.2-20220804-6354275  User: oesteban  Machine: dna085  Platform: Linux  PlatformVersion: 5.14.0-427.37.1.el9_4.x86_64  CompilerName: GCC  CompilerVersion: 8.4.0
ProgramName: mri_relabel_hypointensities  ProgramArguments: mri_relabel_hypointensities -all-info  ProgramVersion: 7.3.2  TimeStamp: 2026/03/12-10:54:08-GMT  BuildTime: Aug  4 2022 06:17:15  BuildStamp: freesurfer-linux-ubuntu22_x86_64-7.3.2-20220804-6354275  User: oesteban  Machine: dna085  Platform: Linux  PlatformVersion: 5.14.0-427.37.1.el9_4.x86_64  CompilerName: GCC  CompilerVersion: 8.4.0
ProgramName: mri_relabel_nonwm_hypos  ProgramArguments: mri_relabel_nonwm_hypos -all-info  ProgramVersion: 7.3.2  TimeStamp: 2026/03/12-10:54:08-GMT  BuildTime: Aug  4 2022 06:17:15  BuildStamp: freesurfer-linux-ubuntu22_x86_64-7.3.2-20220804-6354275  User: oesteban  Machine: dna085  Platform: Linux  PlatformVersion: 5.14.0-427.37.1.el9_4.x86_64  CompilerName: GCC  CompilerVersion: 8.4.0
ProgramName: mri_remove_neck  ProgramArguments: mri_remove_neck -all-info  ProgramVersion: 7.3.2  TimeStamp: 2026/03/12-10:54:08-GMT  BuildTime: Aug  4 2022 06:17:15  BuildStamp: freesurfer-linux-ubuntu22_x86_64-7.3.2-20220804-6354275  User: oesteban  Machine: dna085  Platform: Linux  PlatformVersion: 5.14.0-427.37.1.el9_4.x86_64  CompilerName: GCC  CompilerVersion: 8.4.0
7.3.2

ProgramName: mri_robust_register  ProgramArguments: mri_robust_register -all-info  ProgramVersion: 7.3.2  TimeStamp: 2026/03/12-10:54:08-GMT  BuildTime: Aug  4 2022 06:17:15  BuildStamp: freesurfer-linux-ubuntu22_x86_64-7.3.2-20220804-6354275  User: oesteban  Machine: dna085  Platform: Linux  PlatformVersion: 5.14.0-427.37.1.el9_4.x86_64  CompilerName: GCC  CompilerVersion: 8.4.0
7.3.2

ProgramName: mri_robust_template  ProgramArguments: mri_robust_template -all-info  ProgramVersion: 7.3.2  TimeStamp: 2026/03/12-10:54:08-GMT  BuildTime: Aug  4 2022 06:17:15  BuildStamp: freesurfer-linux-ubuntu22_x86_64-7.3.2-20220804-6354275  User: oesteban  Machine: dna085  Platform: Linux  PlatformVersion: 5.14.0-427.37.1.el9_4.x86_64  CompilerName: GCC  CompilerVersion: 8.4.0
ProgramName: mris_anatomical_stats  ProgramArguments: mris_anatomical_stats -all-info  ProgramVersion: 7.3.2  TimeStamp: 2026/03/12-10:54:08-GMT  BuildTime: Aug  4 2022 06:17:15  BuildStamp: freesurfer-linux-ubuntu22_x86_64-7.3.2-20220804-6354275  User: oesteban  Machine: dna085  Platform: Linux  PlatformVersion: 5.14.0-427.37.1.el9_4.x86_64  CompilerName: GCC  CompilerVersion: 8.4.0
ProgramName: mris_ca_label  ProgramArguments: mris_ca_label -all-info  ProgramVersion: 7.3.2  TimeStamp: 2026/03/12-10:54:08-GMT  BuildTime: Aug  4 2022 06:17:15  BuildStamp: freesurfer-linux-ubuntu22_x86_64-7.3.2-20220804-6354275  User: oesteban  Machine: dna085  Platform: Linux  PlatformVersion: 5.14.0-427.37.1.el9_4.x86_64  CompilerName: GCC  CompilerVersion: 8.4.0
ProgramName: mris_calc  ProgramArguments: mris_calc -all-info  ProgramVersion: 7.3.2  TimeStamp: 2026/03/12-10:54:08-GMT  BuildTime: Aug  4 2022 06:17:15  BuildStamp: freesurfer-linux-ubuntu22_x86_64-7.3.2-20220804-6354275  User: oesteban  Machine: dna085  Platform: Linux  PlatformVersion: 5.14.0-427.37.1.el9_4.x86_64  CompilerName: GCC  CompilerVersion: 8.4.0
ProgramName: mris_convert  ProgramArguments: mris_convert -all-info  ProgramVersion: 7.3.2  TimeStamp: 2026/03/12-10:54:08-GMT  BuildTime: Aug  4 2022 06:17:15  BuildStamp: freesurfer-linux-ubuntu22_x86_64-7.3.2-20220804-6354275  User: oesteban  Machine: dna085  Platform: Linux  PlatformVersion: 5.14.0-427.37.1.el9_4.x86_64  CompilerName: GCC  CompilerVersion: 8.4.0
ProgramName: mris_curvature  ProgramArguments: mris_curvature -all-info  ProgramVersion: 7.3.2  TimeStamp: 2026/03/12-10:54:08-GMT  BuildTime: Aug  4 2022 06:17:15  BuildStamp: freesurfer-linux-ubuntu22_x86_64-7.3.2-20220804-6354275  User: oesteban  Machine: dna085  Platform: Linux  PlatformVersion: 5.14.0-427.37.1.el9_4.x86_64  CompilerName: GCC  CompilerVersion: 8.4.0
ProgramName: mris_curvature_stats  ProgramArguments: mris_curvature_stats -all-info  ProgramVersion: 7.3.2  TimeStamp: 2026/03/12-10:54:08-GMT  BuildTime: Aug  4 2022 06:17:15  BuildStamp: freesurfer-linux-ubuntu22_x86_64-7.3.2-20220804-6354275  User: oesteban  Machine: dna085  Platform: Linux  PlatformVersion: 5.14.0-427.37.1.el9_4.x86_64  CompilerName: GCC  CompilerVersion: 8.4.0
ProgramName: mris_diff  ProgramArguments: mris_diff -all-info  ProgramVersion: 7.3.2  TimeStamp: 2026/03/12-10:54:08-GMT  BuildTime: Aug  4 2022 06:17:15  BuildStamp: freesurfer-linux-ubuntu22_x86_64-7.3.2-20220804-6354275  User: oesteban  Machine: dna085  Platform: Linux  PlatformVersion: 5.14.0-427.37.1.el9_4.x86_64  CompilerName: GCC  CompilerVersion: 8.4.0
ProgramName: mris_divide_parcellation  ProgramArguments: mris_divide_parcellation -all-info  ProgramVersion: 7.3.2  TimeStamp: 2026/03/12-10:54:08-GMT  BuildTime: Aug  4 2022 06:17:15  BuildStamp: freesurfer-linux-ubuntu22_x86_64-7.3.2-20220804-6354275  User: oesteban  Machine: dna085  Platform: Linux  PlatformVersion: 5.14.0-427.37.1.el9_4.x86_64  CompilerName: GCC  CompilerVersion: 8.4.0
ProgramName: mri_segment  ProgramArguments: mri_segment -all-info  ProgramVersion: 7.3.2  TimeStamp: 2026/03/12-10:54:08-GMT  BuildTime: Aug  4 2022 06:17:15  BuildStamp: freesurfer-linux-ubuntu22_x86_64-7.3.2-20220804-6354275  User: oesteban  Machine: dna085  Platform: Linux  PlatformVersion: 5.14.0-427.37.1.el9_4.x86_64  CompilerName: GCC  CompilerVersion: 8.4.0
ProgramName: mri_segstats  ProgramArguments: mri_segstats -all-info  ProgramVersion: 7.3.2  TimeStamp: 2026/03/12-10:54:08-GMT  BuildTime: Aug  4 2022 06:17:15  BuildStamp: freesurfer-linux-ubuntu22_x86_64-7.3.2-20220804-6354275  User: oesteban  Machine: dna085  Platform: Linux  PlatformVersion: 5.14.0-427.37.1.el9_4.x86_64  CompilerName: GCC  CompilerVersion: 8.4.0
ProgramName: mris_euler_number  ProgramArguments: mris_euler_number -all-info  ProgramVersion: 7.3.2  TimeStamp: 2026/03/12-10:54:08-GMT  BuildTime: Aug  4 2022 06:17:15  BuildStamp: freesurfer-linux-ubuntu22_x86_64-7.3.2-20220804-6354275  User: oesteban  Machine: dna085  Platform: Linux  PlatformVersion: 5.14.0-427.37.1.el9_4.x86_64  CompilerName: GCC  CompilerVersion: 8.4.0
ProgramName: mris_fix_topology  ProgramArguments: mris_fix_topology -all-info  ProgramVersion: 7.3.2  TimeStamp: 2026/03/12-10:54:08-GMT  BuildTime: Aug  4 2022 06:17:15  BuildStamp: freesurfer-linux-ubuntu22_x86_64-7.3.2-20220804-6354275  User: oesteban  Machine: dna085  Platform: Linux  PlatformVersion: 5.14.0-427.37.1.el9_4.x86_64  CompilerName: GCC  CompilerVersion: 8.4.0
ProgramName: mris_topo_fixer  ProgramArguments: mris_topo_fixer -all-info  ProgramVersion: 7.3.2  TimeStamp: 2026/03/12-10:54:08-GMT  BuildTime: Aug  4 2022 06:17:15  BuildStamp: freesurfer-linux-ubuntu22_x86_64-7.3.2-20220804-6354275  User: oesteban  Machine: dna085  Platform: Linux  PlatformVersion: 5.14.0-427.37.1.el9_4.x86_64  CompilerName: GCC  CompilerVersion: 8.4.0
ProgramName: mris_jacobian  ProgramArguments: mris_jacobian -all-info  ProgramVersion: 7.3.2  TimeStamp: 2026/03/12-10:54:08-GMT  BuildTime: Aug  4 2022 06:17:15  BuildStamp: freesurfer-linux-ubuntu22_x86_64-7.3.2-20220804-6354275  User: oesteban  Machine: dna085  Platform: Linux  PlatformVersion: 5.14.0-427.37.1.el9_4.x86_64  CompilerName: GCC  CompilerVersion: 8.4.0
ProgramName: mris_label2annot  ProgramArguments: mris_label2annot -all-info  ProgramVersion: 7.3.2  TimeStamp: 2026/03/12-10:54:08-GMT  BuildTime: Aug  4 2022 06:17:15  BuildStamp: freesurfer-linux-ubuntu22_x86_64-7.3.2-20220804-6354275  User: oesteban  Machine: dna085  Platform: Linux  PlatformVersion: 5.14.0-427.37.1.el9_4.x86_64  CompilerName: GCC  CompilerVersion: 8.4.0
ProgramName: mris_left_right_register  ProgramArguments: mris_left_right_register -all-info  ProgramVersion: 7.3.2  TimeStamp: 2026/03/12-10:54:08-GMT  BuildTime: Aug  4 2022 06:17:15  BuildStamp: freesurfer-linux-ubuntu22_x86_64-7.3.2-20220804-6354275  User: oesteban  Machine: dna085  Platform: Linux  PlatformVersion: 5.14.0-427.37.1.el9_4.x86_64  CompilerName: GCC  CompilerVersion: 8.4.0
ProgramName: mris_place_surface  ProgramArguments: mris_place_surface -all-info  ProgramVersion: 7.3.2  TimeStamp: 2026/03/12-10:54:08-GMT  BuildTime: Aug  4 2022 06:17:15  BuildStamp: freesurfer-linux-ubuntu22_x86_64-7.3.2-20220804-6354275  User: oesteban  Machine: dna085  Platform: Linux  PlatformVersion: 5.14.0-427.37.1.el9_4.x86_64  CompilerName: GCC  CompilerVersion: 8.4.0
ProgramName: mrisp_paint  ProgramArguments: mrisp_paint -all-info  ProgramVersion: 7.3.2  TimeStamp: 2026/03/12-10:54:08-GMT  BuildTime: Aug  4 2022 06:17:15  BuildStamp: freesurfer-linux-ubuntu22_x86_64-7.3.2-20220804-6354275  User: oesteban  Machine: dna085  Platform: Linux  PlatformVersion: 5.14.0-427.37.1.el9_4.x86_64  CompilerName: GCC  CompilerVersion: 8.4.0
ProgramName: mris_register  ProgramArguments: mris_register -all-info  ProgramVersion: 7.3.2  TimeStamp: 2026/03/12-10:54:08-GMT  BuildTime: Aug  4 2022 06:17:15  BuildStamp: freesurfer-linux-ubuntu22_x86_64-7.3.2-20220804-6354275  User: oesteban  Machine: dna085  Platform: Linux  PlatformVersion: 5.14.0-427.37.1.el9_4.x86_64  CompilerName: GCC  CompilerVersion: 8.4.0
ProgramName: mris_smooth  ProgramArguments: mris_smooth -all-info  ProgramVersion: 7.3.2  TimeStamp: 2026/03/12-10:54:08-GMT  BuildTime: Aug  4 2022 06:17:15  BuildStamp: freesurfer-linux-ubuntu22_x86_64-7.3.2-20220804-6354275  User: oesteban  Machine: dna085  Platform: Linux  PlatformVersion: 5.14.0-427.37.1.el9_4.x86_64  CompilerName: GCC  CompilerVersion: 8.4.0
ProgramName: mris_sphere  ProgramArguments: mris_sphere -all-info  ProgramVersion: 7.3.2  TimeStamp: 2026/03/12-10:54:08-GMT  BuildTime: Aug  4 2022 06:17:15  BuildStamp: freesurfer-linux-ubuntu22_x86_64-7.3.2-20220804-6354275  User: oesteban  Machine: dna085  Platform: Linux  PlatformVersion: 5.14.0-427.37.1.el9_4.x86_64  CompilerName: GCC  CompilerVersion: 8.4.0
ProgramName: mris_surface_stats  ProgramArguments: mris_surface_stats -all-info  ProgramVersion: 7.3.2  TimeStamp: 2026/03/12-10:54:08-GMT  BuildTime: Aug  4 2022 06:17:15  BuildStamp: freesurfer-linux-ubuntu22_x86_64-7.3.2-20220804-6354275  User: oesteban  Machine: dna085  Platform: Linux  PlatformVersion: 5.14.0-427.37.1.el9_4.x86_64  CompilerName: GCC  CompilerVersion: 8.4.0
ProgramName: mri_stats2seg  ProgramArguments: mri_stats2seg -all-info  ProgramVersion: 7.3.2  TimeStamp: 2026/03/12-10:54:08-GMT  BuildTime: Aug  4 2022 06:17:15  BuildStamp: freesurfer-linux-ubuntu22_x86_64-7.3.2-20220804-6354275  User: oesteban  Machine: dna085  Platform: Linux  PlatformVersion: 5.14.0-427.37.1.el9_4.x86_64  CompilerName: GCC  CompilerVersion: 8.4.0
ProgramName: mris_thickness  ProgramArguments: mris_thickness -all-info  ProgramVersion: 7.3.2  TimeStamp: 2026/03/12-10:54:08-GMT  BuildTime: Aug  4 2022 06:17:15  BuildStamp: freesurfer-linux-ubuntu22_x86_64-7.3.2-20220804-6354275  User: oesteban  Machine: dna085  Platform: Linux  PlatformVersion: 5.14.0-427.37.1.el9_4.x86_64  CompilerName: GCC  CompilerVersion: 8.4.0
ProgramName: mris_thickness_diff  ProgramArguments: mris_thickness_diff -all-info  ProgramVersion: 7.3.2  TimeStamp: 2026/03/12-10:54:08-GMT  BuildTime: Aug  4 2022 06:17:15  BuildStamp: freesurfer-linux-ubuntu22_x86_64-7.3.2-20220804-6354275  User: oesteban  Machine: dna085  Platform: Linux  PlatformVersion: 5.14.0-427.37.1.el9_4.x86_64  CompilerName: GCC  CompilerVersion: 8.4.0
ProgramName: mris_topo_fixer  ProgramArguments: mris_topo_fixer -all-info  ProgramVersion: 7.3.2  TimeStamp: 2026/03/12-10:54:08-GMT  BuildTime: Aug  4 2022 06:17:15  BuildStamp: freesurfer-linux-ubuntu22_x86_64-7.3.2-20220804-6354275  User: oesteban  Machine: dna085  Platform: Linux  PlatformVersion: 5.14.0-427.37.1.el9_4.x86_64  CompilerName: GCC  CompilerVersion: 8.4.0
ProgramName: mri_surf2surf  ProgramArguments: mri_surf2surf -all-info  ProgramVersion: 7.3.2  TimeStamp: 2026/03/12-10:54:08-GMT  BuildTime: Aug  4 2022 06:17:15  BuildStamp: freesurfer-linux-ubuntu22_x86_64-7.3.2-20220804-6354275  User: oesteban  Machine: dna085  Platform: Linux  PlatformVersion: 5.14.0-427.37.1.el9_4.x86_64  CompilerName: GCC  CompilerVersion: 8.4.0
ProgramName: mri_surf2vol  ProgramArguments: mri_surf2vol -all-info  ProgramVersion: 7.3.2  TimeStamp: 2026/03/12-10:54:08-GMT  BuildTime: Aug  4 2022 06:17:15  BuildStamp: freesurfer-linux-ubuntu22_x86_64-7.3.2-20220804-6354275  User: oesteban  Machine: dna085  Platform: Linux  PlatformVersion: 5.14.0-427.37.1.el9_4.x86_64  CompilerName: GCC  CompilerVersion: 8.4.0
ProgramName: mri_surfcluster  ProgramArguments: mri_surfcluster -all-info  ProgramVersion: 7.3.2  TimeStamp: 2026/03/12-10:54:08-GMT  BuildTime: Aug  4 2022 06:17:15  BuildStamp: freesurfer-linux-ubuntu22_x86_64-7.3.2-20220804-6354275  User: oesteban  Machine: dna085  Platform: Linux  PlatformVersion: 5.14.0-427.37.1.el9_4.x86_64  CompilerName: GCC  CompilerVersion: 8.4.0
ProgramName: mris_volmask  ProgramArguments: mris_volmask -all-info  ProgramVersion: 7.3.2  TimeStamp: 2026/03/12-10:54:08-GMT  BuildTime: Aug  4 2022 06:17:15  BuildStamp: freesurfer-linux-ubuntu22_x86_64-7.3.2-20220804-6354275  User: oesteban  Machine: dna085  Platform: Linux  PlatformVersion: 5.14.0-427.37.1.el9_4.x86_64  CompilerName: GCC  CompilerVersion: 8.4.0
ProgramName: mri_tessellate  ProgramArguments: mri_tessellate -all-info  ProgramVersion: 7.3.2  TimeStamp: 2026/03/12-10:54:08-GMT  BuildTime: Aug  4 2022 06:17:15  BuildStamp: freesurfer-linux-ubuntu22_x86_64-7.3.2-20220804-6354275  User: oesteban  Machine: dna085  Platform: Linux  PlatformVersion: 5.14.0-427.37.1.el9_4.x86_64  CompilerName: GCC  CompilerVersion: 8.4.0
ProgramName: mri_vol2surf  ProgramArguments: mri_vol2surf -all-info  ProgramVersion: 7.3.2  TimeStamp: 2026/03/12-10:54:08-GMT  BuildTime: Aug  4 2022 06:17:15  BuildStamp: freesurfer-linux-ubuntu22_x86_64-7.3.2-20220804-6354275  User: oesteban  Machine: dna085  Platform: Linux  PlatformVersion: 5.14.0-427.37.1.el9_4.x86_64  CompilerName: GCC  CompilerVersion: 8.4.0
ProgramName: mri_vol2vol  ProgramArguments: mri_vol2vol -all-info  ProgramVersion: 7.3.2  TimeStamp: 2026/03/12-10:54:08-GMT  BuildTime: Aug  4 2022 06:17:15  BuildStamp: freesurfer-linux-ubuntu22_x86_64-7.3.2-20220804-6354275  User: oesteban  Machine: dna085  Platform: Linux  PlatformVersion: 5.14.0-427.37.1.el9_4.x86_64  CompilerName: GCC  CompilerVersion: 8.4.0
ProgramName: mri_voldiff  ProgramArguments: mri_voldiff -all-info  ProgramVersion: 7.3.2  TimeStamp: 2026/03/12-10:54:08-GMT  BuildTime: Aug  4 2022 06:17:15  BuildStamp: freesurfer-linux-ubuntu22_x86_64-7.3.2-20220804-6354275  User: oesteban  Machine: dna085  Platform: Linux  PlatformVersion: 5.14.0-427.37.1.el9_4.x86_64  CompilerName: GCC  CompilerVersion: 8.4.0
ProgramName: mri_watershed  ProgramArguments: mri_watershed -all-info  ProgramVersion: 7.3.2  TimeStamp: 2026/03/12-10:54:08-GMT  BuildTime: Aug  4 2022 06:17:15  BuildStamp: freesurfer-linux-ubuntu22_x86_64-7.3.2-20220804-6354275  User: oesteban  Machine: dna085  Platform: Linux  PlatformVersion: 5.14.0-427.37.1.el9_4.x86_64  CompilerName: GCC  CompilerVersion: 8.4.0
ProgramName: tkregister2  ProgramArguments: tkregister2_cmdl -all-info  ProgramVersion: 7.3.2  TimeStamp: 2026/03/12-10:54:08-GMT  BuildTime: Aug  4 2022 06:17:15  BuildStamp: freesurfer-linux-ubuntu22_x86_64-7.3.2-20220804-6354275  User: oesteban  Machine: dna085  Platform: Linux  PlatformVersion: 5.14.0-427.37.1.el9_4.x86_64  CompilerName: GCC  CompilerVersion: 8.4.0
mri_motion_correct.fsl 7.3.2
mri_convert -all-info 
ProgramName: mri_convert  ProgramArguments: mri_convert -all-info  ProgramVersion: 7.3.2  TimeStamp: 2026/03/12-10:54:08-GMT  BuildTime: Aug  4 2022 06:17:15  BuildStamp: freesurfer-linux-ubuntu22_x86_64-7.3.2-20220804-6354275  User: oesteban  Machine: dna085  Platform: Linux  PlatformVersion: 5.14.0-427.37.1.el9_4.x86_64  CompilerName: GCC  CompilerVersion: 8.4.0
Program nu_correct, built from:
Package MNI N3, version 1.12.0, compiled by nicks@terrier (x86_64-unknown-linux-gnu) on 2015-06-19 at 01:25:34
#######################################
GCADIR /opt/freesurfer/average
GCA RB_all_2020-01-02.gca
GCASkull RB_all_withskull_2020_01_02.gca
AvgCurvTif folding.atlas.acfb40.noaparc.i12.2016-08-02.tif
GCSDIR /opt/freesurfer/average
GCS DKaparc.atlas.acfb40.noaparc.i12.2016-08-02.gcs
#######################################
#--------------------------------------------
#@# Tessellate lh Thu Mar 12 11:54:08 CET 2026
/out/sourcedata/freesurfer/sub-v1s11x0050155_ses-1/scripts

 mri_pretess ../mri/filled.mgz 255 ../mri/norm.mgz ../mri/filled-pretess255.mgz 


Iteration Number : 1
pass   1 (xy+):   0 found -   0 modified     |    TOTAL:   0
pass   1 (xy-):   1 found -   1 modified     |    TOTAL:   1
pass   2 (xy-):   0 found -   1 modified     |    TOTAL:   1
pass   1 (yz+):   3 found -   3 modified     |    TOTAL:   4
pass   2 (yz+):   0 found -   3 modified     |    TOTAL:   4
pass   1 (yz-):  13 found -  13 modified     |    TOTAL:  17
pass   2 (yz-):   0 found -  13 modified     |    TOTAL:  17
pass   1 (xz+):   2 found -   2 modified     |    TOTAL:  19
pass   2 (xz+):   0 found -   2 modified     |    TOTAL:  19
pass   1 (xz-):   0 found -   0 modified     |    TOTAL:  19
Iteration Number : 1
pass   1 (+++):   0 found -   0 modified     |    TOTAL:   0
pass   1 (+++):   0 found -   0 modified     |    TOTAL:   0
pass   1 (+++):   0 found -   0 modified     |    TOTAL:   0
pass   1 (+++):   0 found -   0 modified     |    TOTAL:   0
Iteration Number : 1
pass   1 (++):   0 found -   0 modified     |    TOTAL:   0
pass   1 (+-):   0 found -   0 modified     |    TOTAL:   0
pass   1 (--):   0 found -   0 modified     |    TOTAL:   0
pass   1 (-+):   0 found -   0 modified     |    TOTAL:   0
Iteration Number : 2
pass   1 (xy+):   0 found -   0 modified     |    TOTAL:   0
pass   1 (xy-):   0 found -   0 modified     |    TOTAL:   0
pass   1 (yz+):   1 found -   1 modified     |    TOTAL:   1
pass   2 (yz+):   0 found -   1 modified     |    TOTAL:   1
pass   1 (yz-):   0 found -   0 modified     |    TOTAL:   1
pass   1 (xz+):   0 found -   0 modified     |    TOTAL:   1
pass   1 (xz-):   0 found -   0 modified     |    TOTAL:   1
Iteration Number : 2
pass   1 (+++):   0 found -   0 modified     |    TOTAL:   0
pass   1 (+++):   0 found -   0 modified     |    TOTAL:   0
pass   1 (+++):   0 found -   0 modified     |    TOTAL:   0
pass   1 (+++):   0 found -   0 modified     |    TOTAL:   0
Iteration Number : 2
pass   1 (++):   0 found -   0 modified     |    TOTAL:   0
pass   1 (+-):   0 found -   0 modified     |    TOTAL:   0
pass   1 (--):   0 found -   0 modified     |    TOTAL:   0
pass   1 (-+):   0 found -   0 modified     |    TOTAL:   0
Iteration Number : 3
pass   1 (xy+):   0 found -   0 modified     |    TOTAL:   0
pass   1 (xy-):   0 found -   0 modified     |    TOTAL:   0
pass   1 (yz+):   0 found -   0 modified     |    TOTAL:   0
pass   1 (yz-):   0 found -   0 modified     |    TOTAL:   0
pass   1 (xz+):   0 found -   0 modified     |    TOTAL:   0
pass   1 (xz-):   0 found -   0 modified     |    TOTAL:   0
Iteration Number : 3
pass   1 (+++):   0 found -   0 modified     |    TOTAL:   0
pass   1 (+++):   0 found -   0 modified     |    TOTAL:   0
pass   1 (+++):   0 found -   0 modified     |    TOTAL:   0
pass   1 (+++):   0 found -   0 modified     |    TOTAL:   0
Iteration Number : 3
pass   1 (++):   0 found -   0 modified     |    TOTAL:   0
pass   1 (+-):   0 found -   0 modified     |    TOTAL:   0
pass   1 (--):   0 found -   0 modified     |    TOTAL:   0
pass   1 (-+):   0 found -   0 modified     |    TOTAL:   0

Total Number of Modified Voxels = 20 (out of 319688: 0.006256)
Ambiguous edge configurations... 

mri_pretess done


 mri_tessellate ../mri/filled-pretess255.mgz 255 ../surf/lh.orig.nofix 

7.3.2
  7.3.2
slice 40: 2495 vertices, 2680 faces
slice 50: 9578 vertices, 9874 faces
slice 60: 19338 vertices, 19695 faces
slice 70: 31071 vertices, 31494 faces
slice 80: 43586 vertices, 44043 faces
slice 90: 55441 vertices, 55843 faces
slice 100: 67497 vertices, 67946 faces
slice 110: 80261 vertices, 80692 faces
slice 120: 91758 vertices, 92184 faces
slice 130: 103440 vertices, 103849 faces
slice 140: 115148 vertices, 115547 faces
slice 150: 125510 vertices, 125870 faces
slice 160: 135102 vertices, 135438 faces
slice 170: 143626 vertices, 143895 faces
slice 180: 150097 vertices, 150329 faces
slice 190: 155127 vertices, 155296 faces
slice 200: 158193 vertices, 158297 faces
slice 210: 158710 vertices, 158728 faces
slice 220: 158710 vertices, 158728 faces
slice 230: 158710 vertices, 158728 faces
slice 240: 158710 vertices, 158728 faces
slice 250: 158710 vertices, 158728 faces
using the conformed surface RAS to save vertex points...
writing ../surf/lh.orig.nofix
using vox2ras matrix:
-1.00000   0.00000   0.00000   128.00000;
 0.00000   0.00000   1.00000  -128.00000;
 0.00000  -1.00000   0.00000   128.00000;
 0.00000   0.00000   0.00000   1.00000;

 rm -f ../mri/filled-pretess255.mgz 


 mris_extract_main_component ../surf/lh.orig.nofix ../surf/lh.orig.nofix 


counting number of connected components...
   158710 voxel in cpt #1: X=-18 [v=158710,e=476184,f=317456] located at (-28.196257, -17.702250, 7.921952)
For the whole surface: X=-18 [v=158710,e=476184,f=317456]
One single component has been found
nothing to do
done

#--------------------------------------------
#@# Smooth1 lh Thu Mar 12 11:54:11 CET 2026
/out/sourcedata/freesurfer/sub-v1s11x0050155_ses-1/scripts

 mris_smooth -nw -seed 1234 ../surf/lh.orig.nofix ../surf/lh.smoothwm.nofix 

setting seed for random number generator to 1234
smoothing surface tessellation for 10 iterations...
smoothing complete - recomputing first and second fundamental forms...
#--------------------------------------------
#@# Inflation1 lh Thu Mar 12 11:54:14 CET 2026
/out/sourcedata/freesurfer/sub-v1s11x0050155_ses-1/scripts

 mris_inflate -no-save-sulc ../surf/lh.smoothwm.nofix ../surf/lh.inflated.nofix 

Not saving sulc
Reading ../surf/lh.smoothwm.nofix
avg radius = 49.8 mm, total surface area = 86847 mm^2
step 000: RMS=0.144 (target=0.015)   step 005: RMS=0.110 (target=0.015)   step 010: RMS=0.081 (target=0.015)   step 015: RMS=0.068 (target=0.015)   step 020: RMS=0.059 (target=0.015)   step 025: RMS=0.052 (target=0.015)   step 030: RMS=0.045 (target=0.015)   step 035: RMS=0.041 (target=0.015)   step 040: RMS=0.038 (target=0.015)   step 045: RMS=0.035 (target=0.015)   step 050: RMS=0.033 (target=0.015)   step 055: RMS=0.032 (target=0.015)   step 060: RMS=0.032 (target=0.015)   writing inflated surface to ../surf/lh.inflated.nofix
inflation took 0.2 minutes

inflation complete.
Not saving sulc
mris_inflate utimesec    62.691610
mris_inflate stimesec    2.177049
mris_inflate ru_maxrss   250400
mris_inflate ru_ixrss    0
mris_inflate ru_idrss    0
mris_inflate ru_isrss    0
mris_inflate ru_minflt   839276
mris_inflate ru_majflt   46
mris_inflate ru_nswap    0
mris_inflate ru_inblock  1672
mris_inflate ru_oublock  11168
mris_inflate ru_msgsnd   0
mris_inflate ru_msgrcv   0
mris_inflate ru_nsignals 0
mris_inflate ru_nvcsw    8841
mris_inflate ru_nivcsw   661
#--------------------------------------------
#@# QSphere lh Thu Mar 12 11:54:27 CET 2026
/out/sourcedata/freesurfer/sub-v1s11x0050155_ses-1/scripts

 mris_sphere -q -p 6 -a 128 -seed 1234 ../surf/lh.inflated.nofix ../surf/lh.qsphere.nofix 

doing quick spherical unfolding.
limitting unfolding to 6 passes
using n_averages = 128
setting seed for random number genererator to 1234
version: 7.3.2
available threads: 16
scaling brain by 0.288...
inflating...
projecting onto sphere...
surface projected - minimizing metric distortion...
vertex spacing 0.92 +- 0.53 (0.00-->7.39) (max @ vno 72232 --> 73463)
face area 0.02 +- 0.03 (-0.03-->0.93)
Entering MRISinflateToSphere()
inflating to sphere (rms error < 2.00)
000: dt: 0.0000, rms radial error=176.706, avgs=0
005/300: dt: 0.9000, rms radial error=176.445, avgs=0
010/300: dt: 0.9000, rms radial error=175.886, avgs=0
015/300: dt: 0.9000, rms radial error=175.153, avgs=0
020/300: dt: 0.9000, rms radial error=174.321, avgs=0
025/300: dt: 0.9000, rms radial error=173.432, avgs=0
030/300: dt: 0.9000, rms radial error=172.511, avgs=0
035/300: dt: 0.9000, rms radial error=171.573, avgs=0
040/300: dt: 0.9000, rms radial error=170.628, avgs=0
045/300: dt: 0.9000, rms radial error=169.679, avgs=0
050/300: dt: 0.9000, rms radial error=168.731, avgs=0
055/300: dt: 0.9000, rms radial error=167.786, avgs=0
060/300: dt: 0.9000, rms radial error=166.844, avgs=0
065/300: dt: 0.9000, rms radial error=165.907, avgs=0
070/300: dt: 0.9000, rms radial error=164.974, avgs=0
075/300: dt: 0.9000, rms radial error=164.046, avgs=0
080/300: dt: 0.9000, rms radial error=163.123, avgs=0
085/300: dt: 0.9000, rms radial error=162.205, avgs=0
090/300: dt: 0.9000, rms radial error=161.292, avgs=0
095/300: dt: 0.9000, rms radial error=160.384, avgs=0
100/300: dt: 0.9000, rms radial error=159.480, avgs=0
105/300: dt: 0.9000, rms radial error=158.582, avgs=0
110/300: dt: 0.9000, rms radial error=157.689, avgs=0
115/300: dt: 0.9000, rms radial error=156.801, avgs=0
120/300: dt: 0.9000, rms radial error=155.917, avgs=0
125/300: dt: 0.9000, rms radial error=155.038, avgs=0
130/300: dt: 0.9000, rms radial error=154.164, avgs=0
135/300: dt: 0.9000, rms radial error=153.295, avgs=0
140/300: dt: 0.9000, rms radial error=152.431, avgs=0
145/300: dt: 0.9000, rms radial error=151.571, avgs=0
150/300: dt: 0.9000, rms radial error=150.716, avgs=0
155/300: dt: 0.9000, rms radial error=149.865, avgs=0
160/300: dt: 0.9000, rms radial error=149.020, avgs=0
165/300: dt: 0.9000, rms radial error=148.179, avgs=0
170/300: dt: 0.9000, rms radial error=147.343, avgs=0
175/300: dt: 0.9000, rms radial error=146.511, avgs=0
180/300: dt: 0.9000, rms radial error=145.684, avgs=0
185/300: dt: 0.9000, rms radial error=144.862, avgs=0
190/300: dt: 0.9000, rms radial error=144.044, avgs=0
195/300: dt: 0.9000, rms radial error=143.231, avgs=0
200/300: dt: 0.9000, rms radial error=142.423, avgs=0
205/300: dt: 0.9000, rms radial error=141.619, avgs=0
210/300: dt: 0.9000, rms radial error=140.820, avgs=0
215/300: dt: 0.9000, rms radial error=140.025, avgs=0
220/300: dt: 0.9000, rms radial error=139.235, avgs=0
225/300: dt: 0.9000, rms radial error=138.449, avgs=0
230/300: dt: 0.9000, rms radial error=137.667, avgs=0
235/300: dt: 0.9000, rms radial error=136.890, avgs=0
240/300: dt: 0.9000, rms radial error=136.117, avgs=0
245/300: dt: 0.9000, rms radial error=135.349, avgs=0
250/300: dt: 0.9000, rms radial error=134.585, avgs=0
255/300: dt: 0.9000, rms radial error=133.826, avgs=0
260/300: dt: 0.9000, rms radial error=133.072, avgs=0
265/300: dt: 0.9000, rms radial error=132.321, avgs=0
270/300: dt: 0.9000, rms radial error=131.575, avgs=0
275/300: dt: 0.9000, rms radial error=130.833, avgs=0
280/300: dt: 0.9000, rms radial error=130.095, avgs=0
285/300: dt: 0.9000, rms radial error=129.362, avgs=0
290/300: dt: 0.9000, rms radial error=128.632, avgs=0
295/300: dt: 0.9000, rms radial error=127.907, avgs=0
300/300: dt: 0.9000, rms radial error=127.186, avgs=0

spherical inflation complete.
epoch 1 (K=10.0), pass 1, starting sse = 18889.78
taking momentum steps...
taking momentum steps...
taking momentum steps...
taking momentum steps...
pass 1 complete, delta sse/iter = 0.00/13 = 0.00017
epoch 2 (K=40.0), pass 1, starting sse = 3212.32
taking momentum steps...
taking momentum steps...
taking momentum steps...
taking momentum steps...
pass 1 complete, delta sse/iter = 0.00/13 = 0.00007
epoch 3 (K=160.0), pass 1, starting sse = 321.36
taking momentum steps...
taking momentum steps...
taking momentum steps...
taking momentum steps...
pass 1 complete, delta sse/iter = 0.11/14 = 0.00775
epoch 4 (K=640.0), pass 1, starting sse = 15.36
taking momentum steps...
taking momentum steps...
taking momentum steps...
taking momentum steps...
pass 1 complete, delta sse/iter = 0.18/24 = 0.00756
final distance error %100000.00
writing spherical brain to ../surf/lh.qsphere.nofix
spherical transformation took 0.0190 hours
FSRUNTIME@ mris_sphere  0.0190 hours 16 threads
#VMPC# mris_sphere VmPeak  1586804
mris_sphere done
#@# Fix Topology lh Thu Mar 12 11:55:35 CET 2026

 mris_fix_topology -mgz -sphere qsphere.nofix -inflated inflated.nofix -orig orig.nofix -out orig.premesh -ga -seed 1234 sub-v1s11x0050155_ses-1 lh 

reading spherical homeomorphism from 'qsphere.nofix'
reading inflated coordinates from 'inflated.nofix'
reading original coordinates from 'orig.nofix'
using genetic algorithm with optimized parameters
setting seed for random number genererator to 1234

*************************************************************
Topology Correction Parameters
retessellation mode:           genetic search
number of patches/generation : 10
number of generations :        10
surface mri loglikelihood coefficient :         1.0
volume mri loglikelihood coefficient :          10.0
normal dot loglikelihood coefficient :          1.0
quadratic curvature loglikelihood coefficient : 1.0
volume resolution :                             2
eliminate vertices during search :              1
initial patch selection :                       1
select all defect vertices :                    0
ordering dependant retessellation:              0
use precomputed edge table :                    0
smooth retessellated patch :                    2
match retessellated patch :                     1
verbose mode :                                  0

*************************************************************
INFO: assuming .mgz format
writing corrected surface to 'orig.premesh'
7.3.2
  7.3.2
before topology correction, eno=-18 (nv=158710, nf=317456, ne=476184, g=10)
using quasi-homeomorphic spherical map to tessellate cortical surface...

Correction of the Topology
Finding true center and radius of Spherical Surface...done
Surface centered at (0,0,0) with radius 100.0 in 7 iterations
marking ambiguous vertices...
2557 ambiguous faces found in tessellation
segmenting defects...
24 defects found, arbitrating ambiguous regions...
analyzing neighboring defects...
24 defects to be corrected 
0 vertices coincident
reading input surface /out/sourcedata/freesurfer/sub-v1s11x0050155_ses-1/surf/lh.qsphere.nofix...
reading brain volume from brain...
reading wm segmentation from wm...
Reading original properties of orig.nofix
Reading vertex positions of inflated.nofix
Computing Initial Surface Statistics
      -face       loglikelihood: -9.0517  (-4.5259)
      -vertex     loglikelihood: -5.9028  (-2.9514)
      -normal dot loglikelihood: -3.5193  (-3.5193)
      -quad curv  loglikelihood: -5.8654  (-2.9327)
      Total Loglikelihood : -24.3392
CORRECTING DEFECT 0 (vertices=24, convex hull=53, v0=7100)
After retessellation of defect 0 (v0=7100), euler #=-20 (157133,470789,313636) : difference with theory (-21) = -1 
CORRECTING DEFECT 1 (vertices=19, convex hull=49, v0=18499)
After retessellation of defect 1 (v0=18499), euler #=-19 (157144,470842,313679) : difference with theory (-20) = -1 
CORRECTING DEFECT 2 (vertices=151, convex hull=104, v0=26987)
After retessellation of defect 2 (v0=26987), euler #=-18 (157185,471009,313806) : difference with theory (-19) = -1 
CORRECTING DEFECT 3 (vertices=8, convex hull=19, v0=72532)
After retessellation of defect 3 (v0=72532), euler #=-17 (157186,471019,313816) : difference with theory (-18) = -1 
CORRECTING DEFECT 4 (vertices=5, convex hull=26, v0=77290)
After retessellation of defect 4 (v0=77290), euler #=-16 (157188,471032,313828) : difference with theory (-17) = -1 
CORRECTING DEFECT 5 (vertices=31, convex hull=57, v0=80771)
After retessellation of defect 5 (v0=80771), euler #=-15 (157197,471079,313867) : difference with theory (-16) = -1 
CORRECTING DEFECT 6 (vertices=45, convex hull=28, v0=81554)
After retessellation of defect 6 (v0=81554), euler #=-14 (157201,471099,313884) : difference with theory (-15) = -1 
CORRECTING DEFECT 7 (vertices=19, convex hull=28, v0=90280)
After retessellation of defect 7 (v0=90280), euler #=-13 (157205,471118,313900) : difference with theory (-14) = -1 
CORRECTING DEFECT 8 (vertices=25, convex hull=23, v0=99701)
After retessellation of defect 8 (v0=99701), euler #=-12 (157208,471133,313913) : difference with theory (-13) = -1 
CORRECTING DEFECT 9 (vertices=6, convex hull=22, v0=104274)
After retessellation of defect 9 (v0=104274), euler #=-11 (157209,471142,313922) : difference with theory (-12) = -1 
CORRECTING DEFECT 10 (vertices=15, convex hull=24, v0=107354)
After retessellation of defect 10 (v0=107354), euler #=-10 (157212,471159,313937) : difference with theory (-11) = -1 
CORRECTING DEFECT 11 (vertices=109, convex hull=87, v0=107911)
After retessellation of defect 11 (v0=107911), euler #=-9 (157224,471241,314008) : difference with theory (-10) = -1 
CORRECTING DEFECT 12 (vertices=18, convex hull=24, v0=109860)
After retessellation of defect 12 (v0=109860), euler #=-8 (157226,471256,314022) : difference with theory (-9) = -1 
CORRECTING DEFECT 13 (vertices=12, convex hull=24, v0=110229)
After retessellation of defect 13 (v0=110229), euler #=-7 (157227,471270,314036) : difference with theory (-8) = -1 
CORRECTING DEFECT 14 (vertices=92, convex hull=59, v0=113696)
After retessellation of defect 14 (v0=113696), euler #=-6 (157236,471319,314077) : difference with theory (-7) = -1 
CORRECTING DEFECT 15 (vertices=22, convex hull=45, v0=114037)
After retessellation of defect 15 (v0=114037), euler #=-5 (157247,471367,314115) : difference with theory (-6) = -1 
CORRECTING DEFECT 16 (vertices=16, convex hull=27, v0=115297)
After retessellation of defect 16 (v0=115297), euler #=-4 (157249,471381,314128) : difference with theory (-5) = -1 
CORRECTING DEFECT 17 (vertices=262, convex hull=230, v0=115798)
After retessellation of defect 17 (v0=115798), euler #=-3 (157285,471607,314319) : difference with theory (-4) = -1 
CORRECTING DEFECT 18 (vertices=40, convex hull=79, v0=117165)
After retessellation of defect 18 (v0=117165), euler #=-2 (157297,471673,314374) : difference with theory (-3) = -1 
CORRECTING DEFECT 19 (vertices=68, convex hull=53, v0=120144)
After retessellation of defect 19 (v0=120144), euler #=-1 (157302,471708,314405) : difference with theory (-2) = -1 
CORRECTING DEFECT 20 (vertices=27, convex hull=24, v0=123503)
After retessellation of defect 20 (v0=123503), euler #=0 (157305,471724,314419) : difference with theory (-1) = -1 
CORRECTING DEFECT 21 (vertices=520, convex hull=305, v0=128171)
normal vector of length zero at vertex 139085 with 4 faces
normal vector of length zero at vertex 139085 with 4 faces
normal vector of length zero at vertex 139085 with 4 faces
normal vector of length zero at vertex 139085 with 4 faces
normal vector of length zero at vertex 139085 with 4 faces
normal vector of length zero at vertex 139085 with 4 faces
normal vector of length zero at vertex 139085 with 4 faces
After retessellation of defect 21 (v0=128171), euler #=0 (157371,472075,314704) : difference with theory (0) = 0 
CORRECTING DEFECT 22 (vertices=22, convex hull=32, v0=133711)
After retessellation of defect 22 (v0=133711), euler #=1 (157376,472101,314726) : difference with theory (1) = 0 
CORRECTING DEFECT 23 (vertices=33, convex hull=57, v0=143664)
After retessellation of defect 23 (v0=143664), euler #=2 (157392,472170,314780) : difference with theory (2) = 0 
computing original vertex metric properties...
storing new metric properties...
computing tessellation statistics...
vertex spacing 0.89 +- 0.23 (0.07-->14.27) (max @ vno 135465 --> 135641)
face area -nan +- -nan (1000.00-->-1.00)
performing soap bubble on retessellated vertices for 0 iterations...
vertex spacing 0.89 +- 0.23 (0.07-->14.27) (max @ vno 135465 --> 135641)
face area -nan +- -nan (1000.00-->-1.00)
tessellation finished, orienting corrected surface...
103 mutations (37.3%), 173 crossovers (62.7%), 165 vertices were eliminated
building final representation...
1318 vertices and 0 faces have been removed from triangulation
after topology correction, eno=2 (nv=157392, nf=314780, ne=472170, g=0)
writing corrected surface to /out/sourcedata/freesurfer/sub-v1s11x0050155_ses-1/surf/lh.orig.premesh...

0.000 % of the vertices (0 vertices) exhibit an orientation change
removing intersecting faces
000: 260 intersecting
001: 71 intersecting
002: 35 intersecting
003: 21 intersecting
004: 13 intersecting
terminating search with 0 intersecting
topology fixing took 1.4 minutes
FSRUNTIME@ mris_fix_topology lh  0.0236 hours 16 threads
#VMPC# mris_fix_topology VmPeak  2204040

 mris_euler_number ../surf/lh.orig.premesh 

euler # = v-e+f = 2g-2: 157392 - 472170 + 314780 = 2 --> 0 holes
      F =2V-4:          314780 = 314784-4 (0)
      2E=3F:            944340 = 944340 (0)

total defect index = 0
Thu Mar 12 11:57:01 CET 2026

setenv SUBJECTS_DIR /out/sourcedata/freesurfer
cd /out/sourcedata/freesurfer/sub-v1s11x0050155_ses-1/scripts
/opt/freesurfer/bin/defect2seg --s sub-v1s11x0050155_ses-1 --lh-only --cortex

freesurfer-linux-ubuntu22_x86_64-7.3.2-20220804-6354275
defect2seg 7.3.2
Linux dna085 5.14.0-427.37.1.el9_4.x86_64 #1 SMP PREEMPT_DYNAMIC Fri Sep 13 12:41:50 EDT 2024 x86_64 x86_64 x86_64 GNU/Linux
pid 406622
mri_label2label --label-cortex /out/sourcedata/freesurfer/sub-v1s11x0050155_ses-1/surf/lh.orig.nofix /out/sourcedata/freesurfer/sub-v1s11x0050155_ses-1/mri/aseg.presurf.mgz 0 /out/sourcedata/freesurfer/sub-v1s11x0050155_ses-1/label/lh.nofix.cortex.label

 Generating cortex label... RemoveHipAmgy=0
 NucAccIsMedialWall=0
 mris->useRealRAS=0
8 non-cortical segments detected
only using segment with 8595 vertices
erasing segment 1 (vno[0] = 95929)
erasing segment 2 (vno[0] = 100878)
erasing segment 3 (vno[0] = 114802)
erasing segment 4 (vno[0] = 115768)
erasing segment 5 (vno[0] = 115843)
erasing segment 6 (vno[0] = 117628)
erasing segment 7 (vno[0] = 118846)
mri_label2vol --defects /out/sourcedata/freesurfer/sub-v1s11x0050155_ses-1/surf/lh.orig.nofix /out/sourcedata/freesurfer/sub-v1s11x0050155_ses-1/surf/lh.defect_labels /out/sourcedata/freesurfer/sub-v1s11x0050155_ses-1/mri/orig.mgz 1000 0 /out/sourcedata/freesurfer/sub-v1s11x0050155_ses-1/mri/lh.surface.defects.mgz /out/sourcedata/freesurfer/sub-v1s11x0050155_ses-1/label/lh.nofix.cortex.label
mri_label2vol supposed to be reproducible but seed not set
Contraining to label /out/sourcedata/freesurfer/sub-v1s11x0050155_ses-1/label/lh.nofix.cortex.label
Changing input type 0 to MRI_INT
Converting defects to volume: offset=1000, merge=0
Writing to /out/sourcedata/freesurfer/sub-v1s11x0050155_ses-1/mri/lh.surface.defects.mgz
mris_defects_pointset -s /out/sourcedata/freesurfer/sub-v1s11x0050155_ses-1/surf/lh.orig.nofix -d /out/sourcedata/freesurfer/sub-v1s11x0050155_ses-1/surf/lh.defect_labels -o /out/sourcedata/freesurfer/sub-v1s11x0050155_ses-1/surf/lh.defects.pointset --label /out/sourcedata/freesurfer/sub-v1s11x0050155_ses-1/label/lh.nofix.cortex.label
Reading in surface /out/sourcedata/freesurfer/sub-v1s11x0050155_ses-1/surf/lh.orig.nofix
Reading in defect segmentation /out/sourcedata/freesurfer/sub-v1s11x0050155_ses-1/surf/lh.defect_labels
Reading in label /out/sourcedata/freesurfer/sub-v1s11x0050155_ses-1/label/lh.nofix.cortex.label
#VMPC# mris_defects_pointset 1384268
mris_defects_pointset done
 
Started at Thu Mar 12 11:57:01 CET 2026 
Ended   at Thu Mar 12 11:57:15 CET 2026
Defect2seg-Run-Time-Sec 14
Defect2seg-Run-Time-Min 0.28
Defect2seg-Run-Time-Hours 0.00
 
tkmeditfv sub-v1s11x0050155_ses-1 brain.finalsurfs.mgz -defect
defect2seg Done

 mris_remesh --remesh --iters 3 --input /out/sourcedata/freesurfer/sub-v1s11x0050155_ses-1/surf/lh.orig.premesh --output /out/sourcedata/freesurfer/sub-v1s11x0050155_ses-1/surf/lh.orig 

iters = 3
standard remeshing without target
   adjusted l: 0.712681
remeshing to edge length 0.712681 with 3 iterations

avg qual before   : 0.891015  after: 0.971312

Removing intersections
removing intersecting faces
000: 82 intersecting
001: 52 intersecting
002: 37 intersecting
003: 36 intersecting
step 1 with no progress (num=36, old_num=36)
004: 36 intersecting
step 2 with no progress (num=36, old_num=36)
005: 36 intersecting
step 3 with no progress (num=36, old_num=36)
006: 36 intersecting
step 4 with no progress (num=36, old_num=36)
007: 36 intersecting
step 5 with no progress (num=36, old_num=36)
008: 36 intersecting
step 6 with no progress (num=36, old_num=36)
009: 36 intersecting
step 7 with no progress (num=36, old_num=36)
010: 36 intersecting
step 8 with no progress (num=36, old_num=36)
011: 36 intersecting
step 9 with no progress (num=36, old_num=36)
012: 36 intersecting
step 10 with no progress (num=36, old_num=36)
013: 36 intersecting
step 11 with no progress (num=36, old_num=36)
014: 36 intersecting
step 12 with no progress (num=36, old_num=36)
015: 36 intersecting
step 13 with no progress (num=36, old_num=36)
016: 36 intersecting
step 14 with no progress (num=36, old_num=36)
017: 36 intersecting
step 15 with no progress (num=36, old_num=36)
018: 36 intersecting
step 16 with no progress (num=36, old_num=36)
terminating search with 36 intersecting
Remeshed surface quality stats nv0 = 157392  nv = 164358  1.04426
Area    328712  0.30414  0.03392 0.014265   0.4807
Corner  986136 60.00000  8.79130 2.869906 172.0703
Edge    493068  0.84604  0.08254 0.149225   1.3227
Hinge   493068  9.14129  9.85789 0.000001 166.0057
mris_remesh done
/out/sourcedata/freesurfer/sub-v1s11x0050155_ses-1/scripts

 mris_remove_intersection ../surf/lh.orig ../surf/lh.orig 

intersection removal took 0.01 hours
removing intersecting faces
000: 36 intersecting
step 1 with no progress (num=36, old_num=36)
001: 36 intersecting
step 2 with no progress (num=36, old_num=36)
002: 36 intersecting
step 3 with no progress (num=36, old_num=36)
003: 36 intersecting
step 4 with no progress (num=36, old_num=36)
004: 36 intersecting
step 5 with no progress (num=36, old_num=36)
005: 36 intersecting
step 6 with no progress (num=36, old_num=36)
006: 36 intersecting
step 7 with no progress (num=36, old_num=36)
007: 36 intersecting
step 8 with no progress (num=36, old_num=36)
008: 36 intersecting
step 9 with no progress (num=36, old_num=36)
009: 36 intersecting
step 10 with no progress (num=36, old_num=36)
010: 36 intersecting
step 11 with no progress (num=36, old_num=36)
011: 36 intersecting
step 12 with no progress (num=36, old_num=36)
012: 36 intersecting
step 13 with no progress (num=36, old_num=36)
013: 36 intersecting
step 14 with no progress (num=36, old_num=36)
014: 36 intersecting
step 15 with no progress (num=36, old_num=36)
015: 36 intersecting
step 16 with no progress (num=36, old_num=36)
terminating search with 36 intersecting
writing corrected surface to ../surf/lh.orig

 rm -f ../surf/lh.inflated 

#--------------------------------------------
#@# AutoDetGWStats lh Thu Mar 12 11:59:24 CET 2026
cd /out/sourcedata/freesurfer/sub-v1s11x0050155_ses-1/mri
mris_autodet_gwstats --o ../surf/autodet.gw.stats.lh.dat --i brain.finalsurfs.mgz --wm wm.mgz --surf ../surf/lh.orig.premesh
7.3.2

cd /out/sourcedata/freesurfer/sub-v1s11x0050155_ses-1/mri
setenv SUBJECTS_DIR /out/sourcedata/freesurfer
mris_autodet_gwstats --o ../surf/autodet.gw.stats.lh.dat --i brain.finalsurfs.mgz --wm wm.mgz --surf ../surf/lh.orig.premesh 

border white:    294559 voxels (1.76%)
border gray      321423 voxels (1.92%)
Reading in intensity volume brain.finalsurfs.mgz
Reading in wm volume wm.mgz
Reading in surf ../surf/lh.orig.premesh
Auto detecting stats
MRIclipBrightWM(): nthresh=19913, wmmin=5, clip=110 
Binarizing thresholding at 5
computing class statistics... low=30, hi=110.000000
CCS WM (98.0): 98.8 +- 7.2 [70.0 --> 110.0]
CCS GM (78.0) : 77.2 +- 8.7 [30.0 --> 110.0]
white_mean = 98.8483 +/- 7.2477, gray_mean = 77.1914 +/- 8.71294
using class modes intead of means, discounting robust sigmas....
MRIScomputeClassModes(): min=0 max=124 nbins=125
intensity peaks found at WM=102+-5.2,    GM=73+-7.0
white_mode = 102, gray_mode = 73
std_scale = 1
Applying sanity checks, max_scale_down = 0.2
setting MIN_GRAY_AT_WHITE_BORDER to 64.3 (was 70.000000)
setting MAX_BORDER_WHITE to 109.2 (was 105.000000)
setting MIN_BORDER_WHITE to 73.0 (was 85.000000)
setting MAX_CSF to 55.6 (was 40.000000)
setting MAX_GRAY to 94.8 (was 95.000000)
setting MAX_GRAY_AT_CSF_BORDER to 64.3 (was 75.000000)
setting MIN_GRAY_AT_CSF_BORDER to 46.9 (was 40.000000)
When placing the white surface
  white_border_hi   = 109.248;
  white_border_low  = 73;
  white_outside_low = 64.2871;
  white_inside_hi   = 120;
  white_outside_hi  = 109.248;
When placing the pial surface
  pial_border_hi   = 64.2871;
  pial_border_low  = 46.8612;
  pial_outside_low = 10;
  pial_inside_hi   = 94.7523;
  pial_outside_hi  = 59.9306;
#VMPC# mris_autodet_gwstats VmPeak  1613344
mris_autodet_gwstats done
#--------------------------------------------
#@# WhitePreAparc lh Thu Mar 12 11:59:27 CET 2026
cd /out/sourcedata/freesurfer/sub-v1s11x0050155_ses-1/mri
mris_place_surface --adgws-in ../surf/autodet.gw.stats.lh.dat --wm wm.mgz --threads 16 --invol brain.finalsurfs.mgz --lh --i ../surf/lh.orig --o ../surf/lh.white.preaparc --white --seg aseg.presurf.mgz --nsmooth 5
7.3.2
7.3.2

cd /out/sourcedata/freesurfer/sub-v1s11x0050155_ses-1/mri
setenv SUBJECTS_DIR /out/sourcedata/freesurfer
mris_place_surface --adgws-in ../surf/autodet.gw.stats.lh.dat --wm wm.mgz --threads 16 --invol brain.finalsurfs.mgz --lh --i ../surf/lh.orig --o ../surf/lh.white.preaparc --white --seg aseg.presurf.mgz --nsmooth 5 

Reading in input surface ../surf/lh.orig
Smoothing surface before ripping with 5 iterations
removing intersecting faces
000: 32 intersecting
001: 28 intersecting
002: 12 intersecting
terminating search with 0 intersecting
Area    328712  0.27104  0.06330 0.002051   0.6335
Corner  986136 60.00000  9.42475 3.674411 171.2267
Edge    493068  0.79486  0.11407 0.065706   1.3536
Hinge   493068  6.18898  6.40325 0.000002 170.7108
Not reading in aparc
Reading in input volume brain.finalsurfs.mgz
Reading in wm volume wm.mgz
MRIclipBrightWM(): nthresh=19913, wmmin=5, clip=110 
MRIfindBrightNonWM(): 0 bright non-wm voxels segmented.
Masking bright non-wm for white surface
MRImask(): AllowDiffGeom = 1
MRImask(): AllowDiffGeom = 1
Reading in seg volume aseg.presurf.mgz
Ripping frozen voxels
INFO: rip surface needed but not specified, so using input surface
Freezing midline and others
Entering: MRISripMidline(): inhibiting deformation at non-cortical midline structures...
  which=1, fix_mtl=0, using annot = 0
#FML0# MRISripMidline(): nripped=0
removing 4 vertices from ripped group in thread:0
removing 4 vertices from ripped group in thread:0
#FML# MRISripMidline(): nmarked=6731, nmarked2=1, nripped=6731
Ripping segs (eg, WMSA, BG, frozen)
Starting MRISripSegs() d = (-2 2 0.5) segnos: 247 
MRISripSegs(): -2 2 0.5 ripped 0
vertex 82179: xyz = (-17.562,-5.49255,51.48) oxyz = (-17.562,-5.49255,51.48) wxzy = (-17.562,-5.49255,51.48) pxyz = (0,0,0) 
CBVO Creating mask 164358
n_averages 4
Iteration 0 =========================================
n_averages=4, current_sigma=2
Freezing midline and others
Ripping frozen voxels
INFO: rip surface needed but not specified, so using input surface
Freezing midline and others
Entering: MRISripMidline(): inhibiting deformation at non-cortical midline structures...
  which=1, fix_mtl=0, using annot = 0
#FML0# MRISripMidline(): nripped=6731
removing 4 vertices from ripped group in thread:0
removing 4 vertices from ripped group in thread:0
#FML# MRISripMidline(): nmarked=6731, nmarked2=1, nripped=6731
Ripping segs (eg, WMSA, BG, frozen)
Starting MRISripSegs() d = (-2 2 0.5) segnos: 247 247 
MRISripSegs(): -2 2 0.5 ripped 0
Computing target border values 
Entering MRIScomputeBorderValues_new(): 
  inside_hi   = 120.0000000;
  border_hi   = 109.2476960;
  border_low  =  73.0000000;
  outside_low =  64.2870640;
  outside_hi  = 109.2476960;
  sigma = 2;
  max_thickness = 10;
  step_size=0.5;
  STEP_SIZE=0.1;
  which = 1
  thresh = 0
  flags = 0
  CBVfindFirstPeakD1=0
  CBVfindFirstPeakD2=0
  nvertices=164358
  Gdiag_no=-1
  vno start=0, stop=164358
Replacing 255s with 0s
#SI# sigma=2 had to be increased for 123 vertices, nripped=6731
mean border=83.9, 183 (183) missing vertices, mean dist 0.3 [0.6 (%38.7)->0.8 (%61.3))]
%72 local maxima, %24 large gradients and % 0 min vals, 0 gradients ignored
nFirstPeakD1 0
MRIScomputeBorderValues_new() finished in 0.0131 min


Finding expansion regions
mean absolute distance = 0.71 +- 0.88
6424 vertices more than 2 sigmas from mean.
Averaging target values for 5 iterations...
Positioning Surface: tspring = 0.3, nspring = 0.3, spring = 0, niters = 100 l_repulse = 5, l_surf_repulse = 0, checktol = 0
Positioning pial surface
Entering MRISpositionSurface()
  max_mm = 0.3
  MAX_REDUCTIONS = 2, REDUCTION_PCT = 0.5
  parms->check_tol = 0, niterations = 100
tol=1.0e-04, sigma=2.0, host=dna08, nav=4, nbrs=2, l_repulse=5.000, l_tspring=0.300, l_nspring=0.300, l_intensity=0.200, l_curv=1.000
mom=0.00, dt=0.50
complete_dist_mat 0
rms 0
smooth_averages 0
remove_neg 0
ico_order 0
which_surface 0
target_radius 0.000000
nfields 0
scale 0.000000
desired_rms_height 0.000000
momentum 0.000000
nbhd_size 0
max_nbrs 0
niterations 100
nsurfaces 0
SURFACES 3
flags 0 (0)
use curv 0
no sulc 0
no rigid align 0
mris->nsize 2
mris->hemisphere 0
randomSeed 0

000: dt: 0.0000, sse=2584426.5, rms=8.705
001: dt: 0.5000, sse=1390135.9, rms=6.193 (28.858%)
002: dt: 0.5000, sse=859778.2, rms=4.646 (24.984%)
003: dt: 0.5000, sse=616911.9, rms=3.703 (20.300%)
004: dt: 0.5000, sse=487077.1, rms=3.113 (15.933%)
005: dt: 0.5000, sse=425161.0, rms=2.772 (10.959%)
006: dt: 0.5000, sse=390915.4, rms=2.558 (7.713%)
007: dt: 0.5000, sse=373340.5, rms=2.448 (4.308%)
008: dt: 0.5000, sse=363583.4, rms=2.371 (3.141%)
rms = 2.3414/2.3708, sse=360090.9/363583.4, time step reduction 1 of 3 to 0.250  0 0 1
009: dt: 0.5000, sse=360090.9, rms=2.341 (1.239%)
010: dt: 0.2500, sse=240619.2, rms=1.276 (45.496%)
011: dt: 0.2500, sse=228364.3, rms=1.108 (13.144%)
rms = 1.0594/1.1084, sse=225360.0/228364.3, time step reduction 2 of 3 to 0.125  0 0 1
012: dt: 0.2500, sse=225360.0, rms=1.059 (4.425%)
rms = 1.0317/1.0594, sse=223732.6/225360.0, time step reduction 3 of 3 to 0.062  0 0 1
013: dt: 0.1250, sse=223732.6, rms=1.032 (2.618%)
  maximum number of reductions reached, breaking from loop
positioning took 1.4 minutes
Iteration 1 =========================================
n_averages=2, current_sigma=1
Freezing midline and others
Ripping frozen voxels
INFO: rip surface needed but not specified, so using input surface
Freezing midline and others
Entering: MRISripMidline(): inhibiting deformation at non-cortical midline structures...
  which=1, fix_mtl=0, using annot = 0
#FML0# MRISripMidline(): nripped=6731
removing 2 vertices from ripped group in thread:0
removing 1 vertices from ripped group in thread:0
removing 3 vertices from ripped group in thread:0
removing 4 vertices from ripped group in thread:0
removing 3 vertices from ripped group in thread:0
removing 2 vertices from ripped group in thread:0
removing 4 vertices from ripped group in thread:0
#FML# MRISripMidline(): nmarked=7128, nmarked2=62, nripped=7128
Ripping segs (eg, WMSA, BG, frozen)
Starting MRISripSegs() d = (-2 2 0.5) segnos: 247 247 247 
MRISripSegs(): -2 2 0.5 ripped 0
Computing target border values 
Entering MRIScomputeBorderValues_new(): 
  inside_hi   = 120.0000000;
  border_hi   = 109.2476960;
  border_low  =  73.0000000;
  outside_low =  64.2870640;
  outside_hi  = 109.2476960;
  sigma = 1;
  max_thickness = 10;
  step_size=0.5;
  STEP_SIZE=0.1;
  which = 1
  thresh = 0
  flags = 0
  CBVfindFirstPeakD1=0
  CBVfindFirstPeakD2=0
  nvertices=164358
  Gdiag_no=-1
  vno start=0, stop=164358
Replacing 255s with 0s
#SI# sigma=1 had to be increased for 88 vertices, nripped=7128
mean border=86.2, 111 (51) missing vertices, mean dist -0.2 [0.4 (%73.7)->0.3 (%26.3))]
%78 local maxima, %17 large gradients and % 0 min vals, 0 gradients ignored
nFirstPeakD1 0
MRIScomputeBorderValues_new() finished in 0.0096 min


Finding expansion regions
mean absolute distance = 0.35 +- 0.63
3947 vertices more than 2 sigmas from mean.
Averaging target values for 5 iterations...
Positioning Surface: tspring = 0.3, nspring = 0.3, spring = 0, niters = 100 l_repulse = 5, l_surf_repulse = 0, checktol = 0
Positioning pial surface
Entering MRISpositionSurface()
  max_mm = 0.3
  MAX_REDUCTIONS = 2, REDUCTION_PCT = 0.5
  parms->check_tol = 0, niterations = 100
tol=1.0e-04, sigma=1.0, host=dna08, nav=2, nbrs=2, l_repulse=5.000, l_tspring=0.300, l_nspring=0.300, l_intensity=0.200, l_curv=1.000
mom=0.00, dt=0.50
000: dt: 0.0000, sse=691323.8, rms=3.759
014: dt: 0.5000, sse=404913.9, rms=2.241 (40.381%)
015: dt: 0.5000, sse=363825.7, rms=1.942 (13.325%)
016: dt: 0.5000, sse=349287.6, rms=1.814 (6.589%)
rms = 1.8871/1.8143, sse=364550.9/349287.6, time step reduction 1 of 3 to 0.250  0 1 1
   RMS increased, rejecting step
017: dt: 0.2500, sse=299335.6, rms=1.292 (28.774%)
018: dt: 0.2500, sse=283275.1, rms=1.023 (20.850%)
019: dt: 0.2500, sse=274633.1, rms=0.945 (7.640%)
rms = 0.9146/0.9447, sse=281429.6/274633.1, time step reduction 2 of 3 to 0.125  0 1 1
020: dt: 0.2500, sse=281429.6, rms=0.915 (3.187%)
rms = 0.8939/0.9146, sse=281866.6/281429.6, time step reduction 3 of 3 to 0.062  0 1 1
021: dt: 0.1250, sse=281866.6, rms=0.894 (2.261%)
  maximum number of reductions reached, breaking from loop
positioning took 0.9 minutes
Iteration 2 =========================================
n_averages=1, current_sigma=0.5
Freezing midline and others
Ripping frozen voxels
INFO: rip surface needed but not specified, so using input surface
Freezing midline and others
Entering: MRISripMidline(): inhibiting deformation at non-cortical midline structures...
  which=1, fix_mtl=0, using annot = 0
#FML0# MRISripMidline(): nripped=7128
removing 2 vertices from ripped group in thread:0
removing 4 vertices from ripped group in thread:0
removing 3 vertices from ripped group in thread:0
removing 1 vertices from ripped group in thread:0
removing 4 vertices from ripped group in thread:0
removing 4 vertices from ripped group in thread:0
removing 1 vertices from ripped group in thread:0
#FML# MRISripMidline(): nmarked=7226, nmarked2=64, nripped=7226
Ripping segs (eg, WMSA, BG, frozen)
Starting MRISripSegs() d = (-2 2 0.5) segnos: 247 247 247 247 
MRISripSegs(): -2 2 0.5 ripped 0
Computing target border values 
Entering MRIScomputeBorderValues_new(): 
  inside_hi   = 120.0000000;
  border_hi   = 109.2476960;
  border_low  =  73.0000000;
  outside_low =  64.2870640;
  outside_hi  = 109.2476960;
  sigma = 0.5;
  max_thickness = 10;
  step_size=0.5;
  STEP_SIZE=0.1;
  which = 1
  thresh = 0
  flags = 0
  CBVfindFirstPeakD1=0
  CBVfindFirstPeakD2=0
  nvertices=164358
  Gdiag_no=-1
  vno start=0, stop=164358
Replacing 255s with 0s
#SI# sigma=0.5 had to be increased for 107 vertices, nripped=7226
mean border=87.9, 117 (35) missing vertices, mean dist -0.1 [0.3 (%70.1)->0.2 (%29.9))]
%85 local maxima, %10 large gradients and % 0 min vals, 0 gradients ignored
nFirstPeakD1 0
MRIScomputeBorderValues_new() finished in 0.0059 min


Finding expansion regions
mean absolute distance = 0.27 +- 0.46
4147 vertices more than 2 sigmas from mean.
Averaging target values for 5 iterations...
Positioning Surface: tspring = 0.3, nspring = 0.3, spring = 0, niters = 100 l_repulse = 5, l_surf_repulse = 0, checktol = 0
Positioning pial surface
Entering MRISpositionSurface()
  max_mm = 0.3
  MAX_REDUCTIONS = 2, REDUCTION_PCT = 0.5
  parms->check_tol = 0, niterations = 100
tol=1.0e-04, sigma=0.5, host=dna08, nav=1, nbrs=2, l_repulse=5.000, l_tspring=0.300, l_nspring=0.300, l_intensity=0.200, l_curv=1.000
mom=0.00, dt=0.50
000: dt: 0.0000, sse=462047.9, rms=2.576
022: dt: 0.5000, sse=347906.2, rms=1.705 (33.819%)
023: dt: 0.5000, sse=338700.3, rms=1.654 (2.958%)
rms = 1.6726/1.6543, sse=333902.1/338700.3, time step reduction 1 of 3 to 0.250  0 0 1
   RMS increased, rejecting step
024: dt: 0.2500, sse=287890.4, rms=1.146 (30.718%)
025: dt: 0.2500, sse=270597.8, rms=0.869 (24.214%)
rms = 0.8189/0.8686, sse=267262.1/270597.8, time step reduction 2 of 3 to 0.125  0 0 1
026: dt: 0.2500, sse=267262.1, rms=0.819 (5.723%)
rms = 0.7975/0.8189, sse=265594.0/267262.1, time step reduction 3 of 3 to 0.062  0 0 1
027: dt: 0.1250, sse=265593.9, rms=0.798 (2.607%)
  maximum number of reductions reached, breaking from loop
positioning took 0.7 minutes
Iteration 3 =========================================
n_averages=0, current_sigma=0.25
Freezing midline and others
Ripping frozen voxels
INFO: rip surface needed but not specified, so using input surface
Freezing midline and others
Entering: MRISripMidline(): inhibiting deformation at non-cortical midline structures...
  which=1, fix_mtl=0, using annot = 0
#FML0# MRISripMidline(): nripped=7226
removing 3 vertices from ripped group in thread:0
removing 3 vertices from ripped group in thread:0
removing 4 vertices from ripped group in thread:0
removing 2 vertices from ripped group in thread:0
removing 4 vertices from ripped group in thread:0
removing 2 vertices from ripped group in thread:0
#FML# MRISripMidline(): nmarked=7281, nmarked2=65, nripped=7281
Ripping segs (eg, WMSA, BG, frozen)
Starting MRISripSegs() d = (-2 2 0.5) segnos: 247 247 247 247 247 
MRISripSegs(): -2 2 0.5 ripped 0
Computing target border values 
Entering MRIScomputeBorderValues_new(): 
  inside_hi   = 120.0000000;
  border_hi   = 109.2476960;
  border_low  =  73.0000000;
  outside_low =  64.2870640;
  outside_hi  = 109.2476960;
  sigma = 0.25;
  max_thickness = 10;
  step_size=0.5;
  STEP_SIZE=0.1;
  which = 1
  thresh = 0
  flags = 0
  CBVfindFirstPeakD1=0
  CBVfindFirstPeakD2=0
  nvertices=164358
  Gdiag_no=-1
  vno start=0, stop=164358
Replacing 255s with 0s
#SI# sigma=0.25 had to be increased for 123 vertices, nripped=7281
mean border=88.5, 123 (31) missing vertices, mean dist -0.0 [0.2 (%57.5)->0.2 (%42.5))]
%88 local maxima, % 7 large gradients and % 0 min vals, 0 gradients ignored
nFirstPeakD1 0
MRIScomputeBorderValues_new() finished in 0.0040 min


Finding expansion regions
mean absolute distance = 0.23 +- 0.39
4345 vertices more than 2 sigmas from mean.
Averaging target values for 5 iterations...
Positioning Surface: tspring = 0.3, nspring = 0.3, spring = 0, niters = 100 l_repulse = 5, l_surf_repulse = 0, checktol = 0
Positioning pial surface
Entering MRISpositionSurface()
  max_mm = 0.3
  MAX_REDUCTIONS = 2, REDUCTION_PCT = 0.5
  parms->check_tol = 0, niterations = 100
tol=1.0e-04, sigma=0.2, host=dna08, nav=0, nbrs=2, l_repulse=5.000, l_tspring=0.300, l_nspring=0.300, l_intensity=0.200, l_curv=1.000
mom=0.00, dt=0.50
000: dt: 0.0000, sse=298783.8, rms=1.348
028: dt: 0.5000, sse=275326.9, rms=1.004 (25.567%)
rms = 1.1782/1.0036, sse=285151.6/275326.9, time step reduction 1 of 3 to 0.250  0 1 1
   RMS increased, rejecting step
029: dt: 0.2500, sse=260464.9, rms=0.751 (25.205%)
030: dt: 0.2500, sse=259799.2, rms=0.664 (11.530%)
rms = 0.6463/0.6641, sse=258811.2/259799.2, time step reduction 2 of 3 to 0.125  0 0 1
031: dt: 0.2500, sse=258811.2, rms=0.646 (2.674%)
rms = 0.6373/0.6463, sse=257156.9/258811.2, time step reduction 3 of 3 to 0.062  0 0 1
032: dt: 0.1250, sse=257156.9, rms=0.637 (1.399%)
  maximum number of reductions reached, breaking from loop
positioning took 0.6 minutes


Writing output to ../surf/lh.white.preaparc
#ET# mris_place_surface  3.63 minutes
#VMPC# mris_place_surfaces VmPeak  3396360
mris_place_surface done
#--------------------------------------------
#@# CortexLabel lh Thu Mar 12 12:03:20 CET 2026
cd /out/sourcedata/freesurfer/sub-v1s11x0050155_ses-1/mri
mri_label2label --label-cortex ../surf/lh.white.preaparc aseg.presurf.mgz 0 ../label/lh.cortex.label

 Generating cortex label... RemoveHipAmgy=0
 NucAccIsMedialWall=0
 mris->useRealRAS=0
6 non-cortical segments detected
only using segment with 9422 vertices
erasing segment 0 (vno[0] = 35843)
erasing segment 2 (vno[0] = 63190)
erasing segment 3 (vno[0] = 101833)
erasing segment 4 (vno[0] = 102613)
erasing segment 5 (vno[0] = 159432)
#--------------------------------------------
#@# CortexLabel+HipAmyg lh Thu Mar 12 12:03:33 CET 2026
cd /out/sourcedata/freesurfer/sub-v1s11x0050155_ses-1/mri
mri_label2label --label-cortex ../surf/lh.white.preaparc aseg.presurf.mgz 1 ../label/lh.cortex+hipamyg.label

 Generating cortex label... RemoveHipAmgy=1
 NucAccIsMedialWall=0
 mris->useRealRAS=0
9 non-cortical segments detected
only using segment with 7030 vertices
erasing segment 0 (vno[0] = 35843)
erasing segment 2 (vno[0] = 61197)
erasing segment 3 (vno[0] = 63190)
erasing segment 4 (vno[0] = 91541)
erasing segment 5 (vno[0] = 99368)
erasing segment 6 (vno[0] = 101833)
erasing segment 7 (vno[0] = 102613)
erasing segment 8 (vno[0] = 159432)
#--------------------------------------------
#@# Smooth2 lh Thu Mar 12 12:03:46 CET 2026
/out/sourcedata/freesurfer/sub-v1s11x0050155_ses-1/scripts

 mris_smooth -n 3 -nw -seed 1234 ../surf/lh.white.preaparc ../surf/lh.smoothwm 

smoothing for 3 iterations
setting seed for random number generator to 1234
smoothing surface tessellation for 3 iterations...
smoothing complete - recomputing first and second fundamental forms...
#--------------------------------------------
#@# Inflation2 lh Thu Mar 12 12:03:49 CET 2026
/out/sourcedata/freesurfer/sub-v1s11x0050155_ses-1/scripts

 mris_inflate ../surf/lh.smoothwm ../surf/lh.inflated 

Reading ../surf/lh.smoothwm
avg radius = 49.8 mm, total surface area = 102813 mm^2
step 000: RMS=0.164 (target=0.015)   step 005: RMS=0.111 (target=0.015)   step 010: RMS=0.084 (target=0.015)   step 015: RMS=0.070 (target=0.015)   step 020: RMS=0.058 (target=0.015)   step 025: RMS=0.049 (target=0.015)   step 030: RMS=0.041 (target=0.015)   step 035: RMS=0.035 (target=0.015)   step 040: RMS=0.029 (target=0.015)   step 045: RMS=0.026 (target=0.015)   step 050: RMS=0.024 (target=0.015)   step 055: RMS=0.022 (target=0.015)   step 060: RMS=0.020 (target=0.015)   writing inflated surface to ../surf/lh.inflated
writing sulcal depths to ../surf/lh.sulc

inflation complete.
inflation took 0.3 minutes
mris_inflate utimesec    64.093660
mris_inflate stimesec    1.241623
mris_inflate ru_maxrss   245840
mris_inflate ru_ixrss    0
mris_inflate ru_idrss    0
mris_inflate ru_isrss    0
mris_inflate ru_minflt   412805
mris_inflate ru_majflt   18
mris_inflate ru_nswap    0
mris_inflate ru_inblock  130
mris_inflate ru_oublock  12848
mris_inflate ru_msgsnd   0
mris_inflate ru_msgrcv   0
mris_inflate ru_nsignals 0
mris_inflate ru_nvcsw    5995
mris_inflate ru_nivcsw   238
#--------------------------------------------
#@# Curv .H and .K lh Thu Mar 12 12:04:05 CET 2026
/out/sourcedata/freesurfer/sub-v1s11x0050155_ses-1/surf

 mris_curvature -w -seed 1234 lh.white.preaparc 

setting seed for random number generator to 1234
total integrated curvature = 26.140*4pi (328.485) --> -25 handles
ICI = 163.8, FI = 1614.6, variation=25354.267
writing Gaussian curvature to ./lh.white.preaparc.K...done.
writing mean curvature to ./lh.white.preaparc.H...done.
rm -f lh.white.H
ln -s lh.white.preaparc.H lh.white.H
rm -f lh.white.K
ln -s lh.white.preaparc.K lh.white.K

 mris_curvature -seed 1234 -thresh .999 -n -a 5 -w -distances 10 10 lh.inflated 

setting seed for random number generator to 1234
normalizing curvature values.
averaging curvature patterns 5 times.
sampling 10 neighbors out to a distance of 10 mm
237 vertices thresholded to be in k1 ~ [-1.18 0.80], k2 ~ [-0.22 0.13]
total integrated curvature = 0.480*4pi (6.037) --> 1 handles
ICI = 1.7, FI = 12.5, variation=208.473
191 vertices thresholded to be in [-0.07 0.03]
writing Gaussian curvature to ./lh.inflated.K...thresholding curvature at 99.90% level
curvature mean = 0.000, std = 0.002
159 vertices thresholded to be in [-0.41 0.37]
done.
writing mean curvature to ./lh.inflated.H...curvature mean = -0.015, std = 0.027
done.
#--------------------------------------------
#@# Sphere lh Thu Mar 12 12:04:54 CET 2026
/out/sourcedata/freesurfer/sub-v1s11x0050155_ses-1/scripts

 mris_sphere -seed 1234 ../surf/lh.inflated ../surf/lh.sphere 

setting seed for random number genererator to 1234
version: 7.3.2
available threads: 16
reading original vertex positions...
projecting onto sphere...
surface projected - minimizing metric distortion...
scaling brain by 0.263...
MRISunfold() max_passes = 1 -------
tol=5.0e-01, sigma=0.0, host=dna08, nav=1024, nbrs=2, l_area=1.000, l_dist=1.000
using quadratic fit line minimization
complete_dist_mat 0
rms 0
smooth_averages 0
remove_neg 0
ico_order 0
which_surface 0
target_radius 0.000000
nfields 0
scale 1.000000
desired_rms_height -1.000000
momentum 0.900000
nbhd_size 7
max_nbrs 8
niterations 25
nsurfaces 0
SURFACES 3
flags 0 (0)
use curv 0
no sulc 0
no rigid align 0
mris->nsize 2
mris->hemisphere 0
randomSeed 1234

singular matrix in quadratic form
singular matrix in quadratic form
--------------------
  mrisRemoveNegativeArea()
pass 1: epoch 1 of 3 starting distance error %19.80
pass 1: epoch 2 of 3 starting distance error %19.78
unfolding complete - removing small folds...
starting distance error %19.67
removing remaining folds...
final distance error %19.70
MRISunfold() return, current seed 1234
-01: dt=0.0000,  44 negative triangles  VmPeak 1644212
203: dt=0.9900,  44 negative triangles
204: dt=0.9900,  35 negative triangles
205: dt=0.9900,  29 negative triangles
206: dt=0.9900,  28 negative triangles
207: dt=0.9900,  26 negative triangles
208: dt=0.9900,  26 negative triangles
209: dt=0.9900,  20 negative triangles
210: dt=0.9900,  26 negative triangles
211: dt=0.9900,  21 negative triangles
212: dt=0.9900,  17 negative triangles
213: dt=0.9900,  20 negative triangles
214: dt=0.9900,  21 negative triangles
215: dt=0.9900,  19 negative triangles
216: dt=0.9900,  23 negative triangles
217: dt=0.9900,  17 negative triangles
218: dt=0.9900,  17 negative triangles
219: dt=0.9900,  20 negative triangles
220: dt=0.9900,  19 negative triangles
221: dt=0.9900,  22 negative triangles
222: dt=0.9405,  17 negative triangles
223: dt=0.9405,  12 negative triangles
224: dt=0.9405,  11 negative triangles
225: dt=0.9405,   8 negative triangles
226: dt=0.9405,  11 negative triangles
227: dt=0.9405,   7 negative triangles
228: dt=0.9405,   8 negative triangles
229: dt=0.9405,   6 negative triangles
230: dt=0.9405,   3 negative triangles
231: dt=0.9405,   5 negative triangles
232: dt=0.9405,   3 negative triangles
233: dt=0.9405,   2 negative triangles
234: dt=0.9405,   1 negative triangles
writing spherical brain to ../surf/lh.sphere
spherical transformation took 0.0722 hours
FSRUNTIME@ mris_sphere  0.0722 hours 16 threads
#VMPC# mris_sphere VmPeak  1644212
mris_sphere done
#--------------------------------------------
#@# Surf Reg lh Thu Mar 12 12:09:14 CET 2026
/out/sourcedata/freesurfer/sub-v1s11x0050155_ses-1/scripts

 mris_register -curv ../surf/lh.sphere /opt/freesurfer/average/lh.folding.atlas.acfb40.noaparc.i12.2016-08-02.tif ../surf/lh.sphere.reg 

using smoothwm curvature for final alignment

cwd /out/sourcedata/freesurfer/sub-v1s11x0050155_ses-1/scripts
cmdline mris_register -curv ../surf/lh.sphere /opt/freesurfer/average/lh.folding.atlas.acfb40.noaparc.i12.2016-08-02.tif ../surf/lh.sphere.reg 

0 inflated.H
1 sulc
2 smoothwm (computed)
7.3.2
  7.3.2
reading surface from ../surf/lh.sphere...
reading template parameterization from /opt/freesurfer/average/lh.folding.atlas.acfb40.noaparc.i12.2016-08-02.tif...
MRISregister() -------
max_passes = 4 
min_degrees = 0.500000 
max_degrees = 64.000000 
nangles = 8 
tol=5.0e-01, sigma=0.0, host=dna08, nav=1024, nbrs=1, l_extern=10000.000, l_parea=0.200, l_nlarea=1.000, l_corr=1.000, l_dist=5.000
using quadratic fit line minimization
complete_dist_mat 0
rms 0
smooth_averages 0
remove_neg 0
ico_order 0
which_surface 0
target_radius 0.000000
nfields 0
scale 0.000000
desired_rms_height -1.000000
momentum 0.950000
nbhd_size -10
max_nbrs 10
niterations 25
nsurfaces 0
SURFACES 3
flags 16 (10)
use curv 16
no sulc 0
no rigid align 0
mris->nsize 1
mris->hemisphere 0
randomSeed 0

tol=5.0e-01, sigma=0.0, host=dna08, nav=1024, nbrs=1, l_extern=10000.000, l_parea=0.200, l_nlarea=1.000, l_corr=1.000, l_dist=5.000
using quadratic fit line minimization
--------------------
1 Reading lh.sulc
tol=1.0e+00, sigma=0.5, host=dna08, nav=1024, nbrs=1, l_extern=10000.000, l_parea=0.200, l_nlarea=1.000, l_corr=0.050, l_spring=0.500, l_dist=5.000
using quadratic fit line minimization
curvature mean = 0.000, std = 5.828
curvature mean = 0.028, std = 0.824
curvature mean = 0.007, std = 0.856
Starting MRISrigidBodyAlignGlobal()
Starting new MRISrigidBodyAlignGlobal_findMinSSE()
  new MRISrigidBodyAlignGlobal_findMinSSE min @ (5.50, -4.50, -1.50) sse = 295714.2, elapsed since starting=0.0865 min
MRISrigidBodyAlignGlobal() done   0.09 min
curvature mean = 0.013, std = 0.832
curvature mean = 0.004, std = 0.945
curvature mean = 0.010, std = 0.841
curvature mean = 0.002, std = 0.978
curvature mean = 0.008, std = 0.842
curvature mean = 0.001, std = 0.992
2 Reading smoothwm
curvature mean = -0.019, std = 0.253
curvature mean = 0.041, std = 0.249
curvature mean = 0.049, std = 0.372
curvature mean = 0.037, std = 0.308
curvature mean = 0.032, std = 0.561
curvature mean = 0.036, std = 0.336
curvature mean = 0.019, std = 0.706
curvature mean = 0.036, std = 0.348
curvature mean = 0.006, std = 0.814
MRISregister() return, current seed 0
-01: dt=0.0000,  57 negative triangles  VmPeak 1823948
118: dt=0.9900,  57 negative triangles
119: dt=0.9900,  36 negative triangles
120: dt=0.9900,  34 negative triangles
121: dt=0.9900,  33 negative triangles
122: dt=0.9900,  31 negative triangles
123: dt=0.9900,  27 negative triangles
124: dt=0.9900,  27 negative triangles
125: dt=0.9900,  26 negative triangles
126: dt=0.9900,  33 negative triangles
127: dt=0.9900,  26 negative triangles
128: dt=0.9900,  24 negative triangles
129: dt=0.9900,  23 negative triangles
130: dt=0.9900,  28 negative triangles
131: dt=0.9900,  27 negative triangles
132: dt=0.9900,  27 negative triangles
133: dt=0.9900,  27 negative triangles
134: dt=0.9900,  26 negative triangles
135: dt=0.9900,  31 negative triangles
136: dt=0.9900,  26 negative triangles
137: dt=0.9900,  25 negative triangles
138: dt=0.9900,  25 negative triangles
139: dt=0.9405,  25 negative triangles
140: dt=0.9405,  26 negative triangles
141: dt=0.9405,  26 negative triangles
142: dt=0.9405,  24 negative triangles
143: dt=0.9405,  22 negative triangles
144: dt=0.9405,  21 negative triangles
145: dt=0.9405,  23 negative triangles
146: dt=0.9405,  25 negative triangles
147: dt=0.9405,  22 negative triangles
148: dt=0.9405,  20 negative triangles
149: dt=0.9405,  19 negative triangles
150: dt=0.9405,  19 negative triangles
151: dt=0.9405,  23 negative triangles
152: dt=0.9405,  25 negative triangles
153: dt=0.9405,  20 negative triangles
154: dt=0.9405,  18 negative triangles
155: dt=0.9405,  17 negative triangles
156: dt=0.9405,  19 negative triangles
157: dt=0.9405,  19 negative triangles
158: dt=0.9405,  22 negative triangles
159: dt=0.9405,  20 negative triangles
160: dt=0.9405,  15 negative triangles
161: dt=0.9405,  18 negative triangles
162: dt=0.9405,  17 negative triangles
163: dt=0.9405,  19 negative triangles
164: dt=0.9405,  25 negative triangles
165: dt=0.9405,  21 negative triangles
166: dt=0.9405,  16 negative triangles
167: dt=0.9405,  11 negative triangles
168: dt=0.9405,  13 negative triangles
169: dt=0.9405,  15 negative triangles
170: dt=0.9405,  14 negative triangles
171: dt=0.9405,  10 negative triangles
172: dt=0.9405,   8 negative triangles
173: dt=0.9405,  10 negative triangles
174: dt=0.9405,   9 negative triangles
175: dt=0.9405,   8 negative triangles
176: dt=0.9405,  13 negative triangles
177: dt=0.9405,   8 negative triangles
178: dt=0.9405,   5 negative triangles
179: dt=0.9405,   8 negative triangles
180: dt=0.9405,   5 negative triangles
181: dt=0.9405,   3 negative triangles
182: dt=0.9405,   2 negative triangles
183: dt=0.9405,   1 negative triangles
writing registered surface to ../surf/lh.sphere.reg...
registration took 0.08 hours
#VMPC# mris_register VmPeak  1823948
FSRUNTIME@ mris_register  0.0756 hours 16 threads

 ln -sf lh.sphere.reg lh.fsaverage.sphere.reg 

#--------------------------------------------
#@# Jacobian white lh Thu Mar 12 12:13:46 CET 2026
/out/sourcedata/freesurfer/sub-v1s11x0050155_ses-1/scripts

 mris_jacobian ../surf/lh.white.preaparc ../surf/lh.sphere.reg ../surf/lh.jacobian_white 

reading surface from ../surf/lh.white.preaparc...
writing curvature file ../surf/lh.jacobian_white
#--------------------------------------------
#@# AvgCurv lh Thu Mar 12 12:13:47 CET 2026
/out/sourcedata/freesurfer/sub-v1s11x0050155_ses-1/scripts

 mrisp_paint -a 5 /opt/freesurfer/average/lh.folding.atlas.acfb40.noaparc.i12.2016-08-02.tif#6 ../surf/lh.sphere.reg ../surf/lh.avg_curv 

averaging curvature patterns 5 times...
reading surface from ../surf/lh.sphere.reg...
reading template parameterization from /opt/freesurfer/average/lh.folding.atlas.acfb40.noaparc.i12.2016-08-02.tif...
writing curvature file to ../surf/lh.avg_curv...
#-----------------------------------------
#@# Cortical Parc lh Thu Mar 12 12:13:48 CET 2026
/out/sourcedata/freesurfer/sub-v1s11x0050155_ses-1/scripts

 mris_ca_label -l ../label/lh.cortex.label -aseg ../mri/aseg.presurf.mgz -seed 1234 sub-v1s11x0050155_ses-1 lh ../surf/lh.sphere.reg /opt/freesurfer/average/lh.DKaparc.atlas.acfb40.noaparc.i12.2016-08-02.gcs ../label/lh.aparc.annot 

setting seed for random number generator to 1234
using ../mri/aseg.presurf.mgz aseg volume to correct midline
7.3.2
  7.3.2
reading atlas from /opt/freesurfer/average/lh.DKaparc.atlas.acfb40.noaparc.i12.2016-08-02.gcs...
reading color table from GCSA file....
average std = 0.8   using min determinant for regularization = 0.006
0 singular and 342 ill-conditioned covariance matrices regularized
input 0: MEAN CURVATURE, flags 0, avgs 5, name mean_curvature
labeling surface...
1364 labels changed using aseg
relabeling using gibbs priors...
000:   3639 changed, 164358 examined...
001:    891 changed, 15270 examined...
002:    191 changed, 4998 examined...
003:     63 changed, 1170 examined...
004:     31 changed, 380 examined...
005:     17 changed, 187 examined...
006:      9 changed, 109 examined...
007:      1 changed, 52 examined...
008:      0 changed, 7 examined...
270 labels changed using aseg
000: 125 total segments, 86 labels (283 vertices) changed
001: 41 total segments, 2 labels (4 vertices) changed
002: 39 total segments, 0 labels (0 vertices) changed
10 filter iterations complete (10 requested, 8 changed)
rationalizing unknown annotations with cortex label
relabeling unknown label...
relabeling corpuscallosum label...
2269 vertices marked for relabeling...
2269 labels changed in reclassification.
writing output to ../label/lh.aparc.annot...
classification took 0 minutes and 11 seconds.
#--------------------------------------------
#@# WhiteSurfs lh Thu Mar 12 12:13:59 CET 2026
cd /out/sourcedata/freesurfer/sub-v1s11x0050155_ses-1/mri
mris_place_surface --adgws-in ../surf/autodet.gw.stats.lh.dat --seg aseg.presurf.mgz --threads 16 --wm wm.mgz --invol brain.finalsurfs.mgz --lh --i ../surf/lh.white.preaparc --o ../surf/lh.white --white --nsmooth 0 --rip-label ../label/lh.cortex.label --rip-bg --rip-surf ../surf/lh.white.preaparc --aparc ../label/lh.aparc.annot
7.3.2
7.3.2

cd /out/sourcedata/freesurfer/sub-v1s11x0050155_ses-1/mri
setenv SUBJECTS_DIR /out/sourcedata/freesurfer
mris_place_surface --adgws-in ../surf/autodet.gw.stats.lh.dat --seg aseg.presurf.mgz --threads 16 --wm wm.mgz --invol brain.finalsurfs.mgz --lh --i ../surf/lh.white.preaparc --o ../surf/lh.white --white --nsmooth 0 --rip-label ../label/lh.cortex.label --rip-bg --rip-surf ../surf/lh.white.preaparc --aparc ../label/lh.aparc.annot 

Reading in input surface ../surf/lh.white.preaparc
Not smoothing input surface
Area    328712  0.34069  0.11273 0.000377   2.1436
Corner  986136 60.00000 12.75169 0.153123 179.6580
Edge    493068  0.89627  0.18690 0.028954   3.7272
Hinge   493068  8.88627  9.94223 0.000006 179.9888
Reading in aparc ../label/lh.aparc.annot
Reading in input volume brain.finalsurfs.mgz
Reading in wm volume wm.mgz
MRIclipBrightWM(): nthresh=19913, wmmin=5, clip=110 
MRIfindBrightNonWM(): 0 bright non-wm voxels segmented.
Masking bright non-wm for white surface
MRImask(): AllowDiffGeom = 1
MRImask(): AllowDiffGeom = 1
Reading in seg volume aseg.presurf.mgz
Ripping frozen voxels
Ripping vertices not in label ../label/lh.cortex.label
MRISripNotLabel() ripped 9622/164358 vertices (154736 unripped)
Reading in ripping surface ../surf/lh.white.preaparc
Reading in aparc ../label/lh.aparc.annot for ripsurf
Ripping BG
MRISripBasalGanglia(): 1 -2 2 0.5 ripped 457
Ripping segs (eg, WMSA, BG, frozen)
Starting MRISripSegs() d = (-2 2 0.5) segnos: 247 
MRISripSegs(): -2 2 0.5 ripped 0
vertex 82179: xyz = (-17.436,-5.38113,51.6476) oxyz = (-17.436,-5.38113,51.6476) wxzy = (-17.436,-5.38113,51.6476) pxyz = (0,0,0) 
CBVO Creating mask 164358
n_averages 4
Iteration 0 =========================================
n_averages=4, current_sigma=2
Computing target border values 
Entering MRIScomputeBorderValues_new(): 
  inside_hi   = 120.0000000;
  border_hi   = 109.2476960;
  border_low  =  73.0000000;
  outside_low =  64.2870640;
  outside_hi  = 109.2476960;
  sigma = 2;
  max_thickness = 10;
  step_size=0.5;
  STEP_SIZE=0.1;
  which = 1
  thresh = 0
  flags = 0
  CBVfindFirstPeakD1=0
  CBVfindFirstPeakD2=0
  nvertices=164358
  Gdiag_no=-1
  vno start=0, stop=164358
Replacing 255s with 0s
#SI# sigma=2 had to be increased for 124 vertices, nripped=10079
mean border=83.5, 253 (253) missing vertices, mean dist 0.4 [0.9 (%14.2)->0.6 (%85.8))]
%66 local maxima, %27 large gradients and % 0 min vals, 0 gradients ignored
nFirstPeakD1 0
MRIScomputeBorderValues_new() finished in 0.0130 min


Finding expansion regions
mean absolute distance = 0.60 +- 0.88
3555 vertices more than 2 sigmas from mean.
Averaging target values for 5 iterations...
Positioning Surface: tspring = 0.3, nspring = 0.3, spring = 0, niters = 100 l_repulse = 5, l_surf_repulse = 0, checktol = 0
Positioning pial surface
Entering MRISpositionSurface()
  max_mm = 0.3
  MAX_REDUCTIONS = 2, REDUCTION_PCT = 0.5
  parms->check_tol = 0, niterations = 100
tol=1.0e-04, sigma=2.0, host=dna08, nav=4, nbrs=2, l_repulse=5.000, l_tspring=0.300, l_nspring=0.300, l_intensity=0.200, l_curv=1.000
mom=0.00, dt=0.50
complete_dist_mat 0
rms 0
smooth_averages 0
remove_neg 0
ico_order 0
which_surface 0
target_radius 0.000000
nfields 0
scale 0.000000
desired_rms_height 0.000000
momentum 0.000000
nbhd_size 0
max_nbrs 0
niterations 100
nsurfaces 0
SURFACES 3
flags 0 (0)
use curv 0
no sulc 0
no rigid align 0
mris->nsize 2
mris->hemisphere 0
randomSeed 0

000: dt: 0.0000, sse=1554878.6, rms=6.539
001: dt: 0.5000, sse=692241.5, rms=3.866 (40.883%)
002: dt: 0.5000, sse=446952.4, rms=2.640 (31.699%)
003: dt: 0.5000, sse=380178.3, rms=2.178 (17.522%)
004: dt: 0.5000, sse=349651.5, rms=1.926 (11.565%)
rms = 1.9161/1.9259, sse=350035.1/349651.5, time step reduction 1 of 3 to 0.250  0 1 1
005: dt: 0.5000, sse=350035.1, rms=1.916 (0.509%)
006: dt: 0.2500, sse=276884.2, rms=1.123 (41.386%)
007: dt: 0.2500, sse=269708.0, rms=1.008 (10.218%)
rms = 0.9748/1.0084, sse=267723.9/269708.0, time step reduction 2 of 3 to 0.125  0 0 1
008: dt: 0.2500, sse=267723.9, rms=0.975 (3.329%)
rms = 0.9565/0.9748, sse=265918.0/267723.9, time step reduction 3 of 3 to 0.062  0 0 1
009: dt: 0.1250, sse=265918.0, rms=0.956 (1.880%)
  maximum number of reductions reached, breaking from loop
positioning took 1.0 minutes
Iteration 1 =========================================
n_averages=2, current_sigma=1
Computing target border values 
Entering MRIScomputeBorderValues_new(): 
  inside_hi   = 120.0000000;
  border_hi   = 109.2476960;
  border_low  =  73.0000000;
  outside_low =  64.2870640;
  outside_hi  = 109.2476960;
  sigma = 1;
  max_thickness = 10;
  step_size=0.5;
  STEP_SIZE=0.1;
  which = 1
  thresh = 0
  flags = 0
  CBVfindFirstPeakD1=0
  CBVfindFirstPeakD2=0
  nvertices=164358
  Gdiag_no=-1
  vno start=0, stop=164358
Replacing 255s with 0s
#SI# sigma=1 had to be increased for 112 vertices, nripped=10079
mean border=85.9, 145 (97) missing vertices, mean dist -0.2 [0.4 (%74.1)->0.3 (%25.9))]
%76 local maxima, %18 large gradients and % 0 min vals, 0 gradients ignored
nFirstPeakD1 0
MRIScomputeBorderValues_new() finished in 0.0100 min


Finding expansion regions
mean absolute distance = 0.36 +- 0.67
3393 vertices more than 2 sigmas from mean.
Averaging target values for 5 iterations...
Positioning Surface: tspring = 0.3, nspring = 0.3, spring = 0, niters = 100 l_repulse = 5, l_surf_repulse = 0, checktol = 0
Positioning pial surface
Entering MRISpositionSurface()
  max_mm = 0.3
  MAX_REDUCTIONS = 2, REDUCTION_PCT = 0.5
  parms->check_tol = 0, niterations = 100
tol=1.0e-04, sigma=1.0, host=dna08, nav=2, nbrs=2, l_repulse=5.000, l_tspring=0.300, l_nspring=0.300, l_intensity=0.200, l_curv=1.000
mom=0.00, dt=0.50
000: dt: 0.0000, sse=672099.4, rms=3.681
010: dt: 0.5000, sse=394012.2, rms=2.127 (42.208%)
011: dt: 0.5000, sse=353366.8, rms=1.799 (15.462%)
012: dt: 0.5000, sse=341606.3, rms=1.678 (6.727%)
rms = 1.7655/1.6776, sse=349144.0/341606.3, time step reduction 1 of 3 to 0.250  0 1 1
   RMS increased, rejecting step
013: dt: 0.2500, sse=297888.4, rms=1.178 (29.789%)
014: dt: 0.2500, sse=280596.0, rms=0.922 (21.729%)
015: dt: 0.2500, sse=277233.8, rms=0.861 (6.657%)
rms = 0.8458/0.8605, sse=276913.6/277233.8, time step reduction 2 of 3 to 0.125  0 0 1
016: dt: 0.2500, sse=276913.6, rms=0.846 (1.713%)
rms = 0.8310/0.8458, sse=276882.6/276913.6, time step reduction 3 of 3 to 0.062  0 0 1
017: dt: 0.1250, sse=276882.6, rms=0.831 (1.754%)
  maximum number of reductions reached, breaking from loop
positioning took 0.9 minutes
Iteration 2 =========================================
n_averages=1, current_sigma=0.5
Computing target border values 
Entering MRIScomputeBorderValues_new(): 
  inside_hi   = 120.0000000;
  border_hi   = 109.2476960;
  border_low  =  73.0000000;
  outside_low =  64.2870640;
  outside_hi  = 109.2476960;
  sigma = 0.5;
  max_thickness = 10;
  step_size=0.5;
  STEP_SIZE=0.1;
  which = 1
  thresh = 0
  flags = 0
  CBVfindFirstPeakD1=0
  CBVfindFirstPeakD2=0
  nvertices=164358
  Gdiag_no=-1
  vno start=0, stop=164358
Replacing 255s with 0s
#SI# sigma=0.5 had to be increased for 70 vertices, nripped=10079
mean border=87.7, 152 (78) missing vertices, mean dist -0.1 [0.3 (%70.7)->0.2 (%29.3))]
%84 local maxima, %10 large gradients and % 0 min vals, 0 gradients ignored
nFirstPeakD1 0
MRIScomputeBorderValues_new() finished in 0.0060 min


Finding expansion regions
mean absolute distance = 0.28 +- 0.48
4314 vertices more than 2 sigmas from mean.
Averaging target values for 5 iterations...
Positioning Surface: tspring = 0.3, nspring = 0.3, spring = 0, niters = 100 l_repulse = 5, l_surf_repulse = 0, checktol = 0
Positioning pial surface
Entering MRISpositionSurface()
  max_mm = 0.3
  MAX_REDUCTIONS = 2, REDUCTION_PCT = 0.5
  parms->check_tol = 0, niterations = 100
tol=1.0e-04, sigma=0.5, host=dna08, nav=1, nbrs=2, l_repulse=5.000, l_tspring=0.300, l_nspring=0.300, l_intensity=0.200, l_curv=1.000
mom=0.00, dt=0.50
000: dt: 0.0000, sse=461441.7, rms=2.626
018: dt: 0.5000, sse=341023.7, rms=1.703 (35.129%)
019: dt: 0.5000, sse=332012.5, rms=1.619 (4.952%)
rms = 1.6257/1.6191, sse=330765.1/332012.5, time step reduction 1 of 3 to 0.250  0 0 1
   RMS increased, rejecting step
020: dt: 0.2500, sse=288931.4, rms=1.116 (31.056%)
021: dt: 0.2500, sse=272558.5, rms=0.834 (25.249%)
022: dt: 0.2500, sse=270900.8, rms=0.780 (6.507%)
rms = 0.7715/0.7801, sse=270984.2/270900.8, time step reduction 2 of 3 to 0.125  0 1 1
023: dt: 0.2500, sse=270984.2, rms=0.772 (1.105%)
rms = 0.7604/0.7715, sse=265973.1/270984.2, time step reduction 3 of 3 to 0.062  0 0 1
024: dt: 0.1250, sse=265973.1, rms=0.760 (1.437%)
  maximum number of reductions reached, breaking from loop
positioning took 0.8 minutes
Iteration 3 =========================================
n_averages=0, current_sigma=0.25
Computing target border values 
Entering MRIScomputeBorderValues_new(): 
  inside_hi   = 120.0000000;
  border_hi   = 109.2476960;
  border_low  =  73.0000000;
  outside_low =  64.2870640;
  outside_hi  = 109.2476960;
  sigma = 0.25;
  max_thickness = 10;
  step_size=0.5;
  STEP_SIZE=0.1;
  which = 1
  thresh = 0
  flags = 0
  CBVfindFirstPeakD1=0
  CBVfindFirstPeakD2=0
  nvertices=164358
  Gdiag_no=-1
  vno start=0, stop=164358
Replacing 255s with 0s
#SI# sigma=0.25 had to be increased for 77 vertices, nripped=10079
mean border=88.4, 173 (73) missing vertices, mean dist -0.0 [0.2 (%57.5)->0.2 (%42.5))]
%87 local maxima, % 7 large gradients and % 0 min vals, 0 gradients ignored
nFirstPeakD1 0
MRIScomputeBorderValues_new() finished in 0.0041 min


Finding expansion regions
mean absolute distance = 0.24 +- 0.39
4311 vertices more than 2 sigmas from mean.
Averaging target values for 5 iterations...
Positioning Surface: tspring = 0.3, nspring = 0.3, spring = 0, niters = 100 l_repulse = 5, l_surf_repulse = 0, checktol = 0
Positioning pial surface
Entering MRISpositionSurface()
  max_mm = 0.3
  MAX_REDUCTIONS = 2, REDUCTION_PCT = 0.5
  parms->check_tol = 0, niterations = 100
tol=1.0e-04, sigma=0.2, host=dna08, nav=0, nbrs=2, l_repulse=5.000, l_tspring=0.300, l_nspring=0.300, l_intensity=0.200, l_curv=1.000
mom=0.00, dt=0.50
000: dt: 0.0000, sse=297549.9, rms=1.325
025: dt: 0.5000, sse=277144.7, rms=0.972 (26.592%)
rms = 1.1317/0.9723, sse=285610.7/277144.7, time step reduction 1 of 3 to 0.250  0 1 1
   RMS increased, rejecting step
026: dt: 0.2500, sse=263010.3, rms=0.728 (25.126%)
027: dt: 0.2500, sse=258830.6, rms=0.635 (12.769%)
rms = 0.6176/0.6351, sse=256300.4/258830.6, time step reduction 2 of 3 to 0.125  0 0 1
028: dt: 0.2500, sse=256300.4, rms=0.618 (2.743%)
rms = 0.6137/0.6176, sse=255924.9/256300.4, time step reduction 3 of 3 to 0.062  0 0 1
029: dt: 0.1250, sse=255924.9, rms=0.614 (0.641%)
  maximum number of reductions reached, breaking from loop
positioning took 0.6 minutes


Writing output to ../surf/lh.white
#ET# mris_place_surface  3.30 minutes
#VMPC# mris_place_surfaces VmPeak  3322612
mris_place_surface done
#--------------------------------------------
#@# T1PialSurf lh Thu Mar 12 12:17:23 CET 2026
cd /out/sourcedata/freesurfer/sub-v1s11x0050155_ses-1/mri
mris_place_surface --adgws-in ../surf/autodet.gw.stats.lh.dat --seg aseg.presurf.mgz --threads 16 --wm wm.mgz --invol brain.finalsurfs.mgz --lh --i ../surf/lh.white --o ../surf/lh.pial.T1 --pial --nsmooth 0 --rip-label ../label/lh.cortex+hipamyg.label --pin-medial-wall ../label/lh.cortex.label --aparc ../label/lh.aparc.annot --repulse-surf ../surf/lh.white --white-surf ../surf/lh.white
7.3.2
7.3.2

cd /out/sourcedata/freesurfer/sub-v1s11x0050155_ses-1/mri
setenv SUBJECTS_DIR /out/sourcedata/freesurfer
mris_place_surface --adgws-in ../surf/autodet.gw.stats.lh.dat --seg aseg.presurf.mgz --threads 16 --wm wm.mgz --invol brain.finalsurfs.mgz --lh --i ../surf/lh.white --o ../surf/lh.pial.T1 --pial --nsmooth 0 --rip-label ../label/lh.cortex+hipamyg.label --pin-medial-wall ../label/lh.cortex.label --aparc ../label/lh.aparc.annot --repulse-surf ../surf/lh.white --white-surf ../surf/lh.white 

Reading in input surface ../surf/lh.white
Not smoothing input surface
Area    328712  0.34393  0.12708 0.001151   2.6487
Corner  986136 60.00000 14.11013 0.202437 179.4989
Edge    493068  0.90176  0.20640 0.025585   3.7272
Hinge   493068  8.95083 10.11996 0.000001 179.7733
Reading white surface coordinates from ../surf/lh.white
Reading repulsion surface coordinates from ../surf/lh.white
Reading in aparc ../label/lh.aparc.annot
Reading in input volume brain.finalsurfs.mgz
Reading in wm volume wm.mgz
MRIclipBrightWM(): nthresh=19913, wmmin=5, clip=110 
MRIfindBrightNonWM(): 0 bright non-wm voxels segmented.
Masking bright non-wm for pial surface mid_gray = 70.8067
MRImask(): AllowDiffGeom = 1
MRImask(): AllowDiffGeom = 1
MRImask(): AllowDiffGeom = 1
Reading in seg volume aseg.presurf.mgz
Ripping frozen voxels
Ripping vertices not in label ../label/lh.cortex+hipamyg.label
MRISripNotLabel() ripped 7456/164358 vertices (156902 unripped)
INFO: rip surface needed but not specified, so using input surface
Ripping segs (eg, WMSA, BG, frozen)
Starting MRISripSegs() d = (-2 2 0.5) segnos: 247 
MRISripSegs(): -2 2 0.5 ripped 0
vertex 82179: xyz = (-17.4445,-5.40212,51.6892) oxyz = (-17.4445,-5.40212,51.6892) wxzy = (-17.4445,-5.40212,51.6892) pxyz = (-17.4445,-5.40212,51.6892) 
CBVO Creating mask 164358
n_averages 16
Iteration 0 =========================================
n_averages=16, current_sigma=2
Computing target border values 
Entering MRIScomputeBorderValues_new(): 
  inside_hi   =  94.7523040;
  border_hi   =  64.2870640;
  border_low  =  46.8611910;
  outside_low =  10.0000000;
  outside_hi  =  59.9305950;
  sigma = 2;
  max_thickness = 10;
  step_size=0.5;
  STEP_SIZE=0.1;
  which = 2
  thresh = 0
  flags = 0
  CBVfindFirstPeakD1=0
  CBVfindFirstPeakD2=0
  nvertices=164358
  Gdiag_no=-1
  vno start=0, stop=164358
Replacing 255s with 0s
#SI# sigma=2 had to be increased for 178 vertices, nripped=7456
mean border=62.8, 309 (309) missing vertices, mean dist 1.7 [1.1 (%0.0)->2.9 (%100.0))]
%14 local maxima, %41 large gradients and %40 min vals, 0 gradients ignored
nFirstPeakD1 0
MRIScomputeBorderValues_new() finished in 0.0141 min


Averaging target values for 5 iterations...
Positioning Surface: tspring = 0.3, nspring = 0.3, spring = 0, niters = 100 l_repulse = 0, l_surf_repulse = 5, checktol = 0
Positioning pial surface
Entering MRISpositionSurface()
  max_mm = 0.3
  MAX_REDUCTIONS = 2, REDUCTION_PCT = 0.5
  parms->check_tol = 0, niterations = 100
tol=1.0e-04, sigma=2.0, host=dna08, nav=16, nbrs=2, l_surf_repulse=5.000, l_tspring=0.300, l_nspring=0.300, l_intensity=0.200, l_curv=1.000
mom=0.00, dt=0.50
complete_dist_mat 0
rms 0
smooth_averages 0
remove_neg 0
ico_order 0
which_surface 0
target_radius 0.000000
nfields 0
scale 0.000000
desired_rms_height 0.000000
momentum 0.000000
nbhd_size 0
max_nbrs 0
niterations 100
nsurfaces 0
SURFACES 3
flags 0 (0)
use curv 0
no sulc 0
no rigid align 0
mris->nsize 2
mris->hemisphere 0
randomSeed 0

000: dt: 0.0000, sse=21859420.0, rms=26.274
001: dt: 0.5000, sse=15519706.0, rms=22.088 (15.932%)
002: dt: 0.5000, sse=10908048.0, rms=18.455 (16.448%)
003: dt: 0.5000, sse=7800961.0, rms=15.534 (15.829%)
004: dt: 0.5000, sse=5789220.0, rms=13.303 (14.362%)
005: dt: 0.5000, sse=4437673.5, rms=11.563 (13.081%)
006: dt: 0.5000, sse=3461644.0, rms=10.119 (12.481%)
007: dt: 0.5000, sse=2723009.0, rms=8.870 (12.344%)
008: dt: 0.5000, sse=2154723.2, rms=7.772 (12.387%)
009: dt: 0.5000, sse=1714762.2, rms=6.798 (12.531%)
010: dt: 0.5000, sse=1382134.2, rms=5.955 (12.403%)
011: dt: 0.5000, sse=1139943.1, rms=5.254 (11.761%)
012: dt: 0.5000, sse=967515.4, rms=4.691 (10.727%)
013: dt: 0.5000, sse=844625.6, rms=4.242 (9.566%)
014: dt: 0.5000, sse=759604.2, rms=3.900 (8.060%)
015: dt: 0.5000, sse=695941.5, rms=3.622 (7.122%)
016: dt: 0.5000, sse=653450.2, rms=3.423 (5.501%)
017: dt: 0.5000, sse=622928.9, rms=3.272 (4.418%)
018: dt: 0.5000, sse=602786.8, rms=3.167 (3.207%)
019: dt: 0.5000, sse=587835.4, rms=3.086 (2.563%)
020: dt: 0.5000, sse=577474.4, rms=3.028 (1.883%)
rms = 2.9815/3.0275, sse=569593.1/577474.4, time step reduction 1 of 3 to 0.250  0 0 1
021: dt: 0.5000, sse=569593.1, rms=2.982 (1.521%)
022: dt: 0.2500, sse=498165.9, rms=2.549 (14.520%)
023: dt: 0.2500, sse=484742.1, rms=2.459 (3.497%)
rms = 2.4249/2.4595, sse=479775.9/484742.0, time step reduction 2 of 3 to 0.125  0 0 1
024: dt: 0.2500, sse=479775.9, rms=2.425 (1.406%)
rms = 2.3752/2.4249, sse=472800.9/479775.9, time step reduction 3 of 3 to 0.062  0 0 1
025: dt: 0.1250, sse=472800.9, rms=2.375 (2.049%)
  maximum number of reductions reached, breaking from loop
positioning took 2.1 minutes
Iteration 1 =========================================
n_averages=8, current_sigma=1
Computing target border values 
Entering MRIScomputeBorderValues_new(): 
  inside_hi   =  94.7523040;
  border_hi   =  64.2870640;
  border_low  =  46.8611910;
  outside_low =  10.0000000;
  outside_hi  =  59.9305950;
  sigma = 1;
  max_thickness = 10;
  step_size=0.5;
  STEP_SIZE=0.1;
  which = 2
  thresh = 0
  flags = 0
  CBVfindFirstPeakD1=0
  CBVfindFirstPeakD2=0
  nvertices=164358
  Gdiag_no=-1
  vno start=0, stop=164358
Replacing 255s with 0s
#SI# sigma=1 had to be increased for 13067 vertices, nripped=7456
mean border=61.7, 1886 (48) missing vertices, mean dist 0.2 [0.2 (%45.8)->0.6 (%54.2))]
%25 local maxima, %34 large gradients and %35 min vals, 0 gradients ignored
nFirstPeakD1 0
MRIScomputeBorderValues_new() finished in 0.0059 min


Averaging target values for 5 iterations...
Positioning Surface: tspring = 0.3, nspring = 0.3, spring = 0, niters = 100 l_repulse = 0, l_surf_repulse = 5, checktol = 0
Positioning pial surface
Entering MRISpositionSurface()
  max_mm = 0.3
  MAX_REDUCTIONS = 2, REDUCTION_PCT = 0.5
  parms->check_tol = 0, niterations = 100
tol=1.0e-04, sigma=1.0, host=dna08, nav=8, nbrs=2, l_surf_repulse=5.000, l_tspring=0.300, l_nspring=0.300, l_intensity=0.200, l_curv=1.000
mom=0.00, dt=0.50
000: dt: 0.0000, sse=671583.3, rms=3.165
026: dt: 0.5000, sse=607803.3, rms=2.819 (10.924%)
027: dt: 0.5000, sse=597227.1, rms=2.768 (1.823%)
rms = 2.8038/2.7678, sse=603528.4/597227.1, time step reduction 1 of 3 to 0.250  0 1 1
   RMS increased, rejecting step
028: dt: 0.2500, sse=549835.4, rms=2.469 (10.797%)
029: dt: 0.2500, sse=534264.8, rms=2.360 (4.424%)
rms = 2.3333/2.3598, sse=530668.9/534264.7, time step reduction 2 of 3 to 0.125  0 0 1
030: dt: 0.2500, sse=530668.9, rms=2.333 (1.122%)
031: dt: 0.1250, sse=521769.0, rms=2.268 (2.802%)
rms = 2.2508/2.2679, sse=519460.8/521769.0, time step reduction 3 of 3 to 0.062  0 0 1
032: dt: 0.1250, sse=519460.8, rms=2.251 (0.757%)
  maximum number of reductions reached, breaking from loop
positioning took 0.7 minutes
Iteration 2 =========================================
n_averages=4, current_sigma=0.5
Computing target border values 
Entering MRIScomputeBorderValues_new(): 
  inside_hi   =  94.7523040;
  border_hi   =  64.2870640;
  border_low  =  46.8611910;
  outside_low =  10.0000000;
  outside_hi  =  59.9305950;
  sigma = 0.5;
  max_thickness = 10;
  step_size=0.5;
  STEP_SIZE=0.1;
  which = 2
  thresh = 0
  flags = 0
  CBVfindFirstPeakD1=0
  CBVfindFirstPeakD2=0
  nvertices=164358
  Gdiag_no=-1
  vno start=0, stop=164358
Replacing 255s with 0s
#SI# sigma=0.5 had to be increased for 15322 vertices, nripped=7456
mean border=61.0, 2421 (20) missing vertices, mean dist 0.1 [0.2 (%41.5)->0.4 (%58.5))]
%36 local maxima, %23 large gradients and %35 min vals, 0 gradients ignored
nFirstPeakD1 0
MRIScomputeBorderValues_new() finished in 0.0037 min


Averaging target values for 5 iterations...
Positioning Surface: tspring = 0.3, nspring = 0.3, spring = 0, niters = 100 l_repulse = 0, l_surf_repulse = 5, checktol = 0
Positioning pial surface
Entering MRISpositionSurface()
  max_mm = 0.3
  MAX_REDUCTIONS = 2, REDUCTION_PCT = 0.5
  parms->check_tol = 0, niterations = 100
tol=1.0e-04, sigma=0.5, host=dna08, nav=4, nbrs=2, l_surf_repulse=5.000, l_tspring=0.300, l_nspring=0.300, l_intensity=0.200, l_curv=1.000
mom=0.00, dt=0.50
000: dt: 0.0000, sse=573252.4, rms=2.572
rms = 2.5405/2.5719, sse=568551.9/573252.4, time step reduction 1 of 3 to 0.250  0 0 1
033: dt: 0.5000, sse=568551.9, rms=2.540 (1.223%)
034: dt: 0.2500, sse=528265.4, rms=2.272 (10.575%)
035: dt: 0.2500, sse=520936.2, rms=2.220 (2.266%)
rms = 2.2253/2.2203, sse=521543.6/520936.2, time step reduction 2 of 3 to 0.125  0 1 1
   RMS increased, rejecting step
rms = 2.1938/2.2203, sse=517361.1/520936.2, time step reduction 3 of 3 to 0.062  0 0 1
036: dt: 0.1250, sse=517361.1, rms=2.194 (1.197%)
  maximum number of reductions reached, breaking from loop
positioning took 0.4 minutes
Iteration 3 =========================================
n_averages=2, current_sigma=0.25
Computing target border values 
Entering MRIScomputeBorderValues_new(): 
  inside_hi   =  94.7523040;
  border_hi   =  64.2870640;
  border_low  =  46.8611910;
  outside_low =  10.0000000;
  outside_hi  =  59.9305950;
  sigma = 0.25;
  max_thickness = 10;
  step_size=0.5;
  STEP_SIZE=0.1;
  which = 2
  thresh = 0
  flags = 0
  CBVfindFirstPeakD1=0
  CBVfindFirstPeakD2=0
  nvertices=164358
  Gdiag_no=-1
  vno start=0, stop=164358
Replacing 255s with 0s
#SI# sigma=0.25 had to be increased for 13222 vertices, nripped=7456
mean border=60.5, 5698 (13) missing vertices, mean dist 0.1 [0.2 (%43.2)->0.4 (%56.8))]
%42 local maxima, %17 large gradients and %34 min vals, 0 gradients ignored
nFirstPeakD1 0
MRIScomputeBorderValues_new() finished in 0.0026 min


Averaging target values for 5 iterations...
Positioning Surface: tspring = 0.3, nspring = 0.3, spring = 0, niters = 100 l_repulse = 0, l_surf_repulse = 5, checktol = 0
Positioning pial surface
Entering MRISpositionSurface()
  max_mm = 0.3
  MAX_REDUCTIONS = 2, REDUCTION_PCT = 0.5
  parms->check_tol = 0, niterations = 100
tol=1.0e-04, sigma=0.2, host=dna08, nav=2, nbrs=2, l_surf_repulse=5.000, l_tspring=0.300, l_nspring=0.300, l_intensity=0.200, l_curv=1.000
mom=0.00, dt=0.50
000: dt: 0.0000, sse=536768.5, rms=2.326
rms = 2.4523/2.3258, sse=554772.3/536768.5, time step reduction 1 of 3 to 0.250  0 1 1
   RMS increased, rejecting step
037: dt: 0.2500, sse=520080.6, rms=2.206 (5.164%)
038: dt: 0.2500, sse=512973.5, rms=2.156 (2.269%)
rms = 2.1506/2.1556, sse=512018.8/512973.5, time step reduction 2 of 3 to 0.125  0 0 1
039: dt: 0.2500, sse=512018.8, rms=2.151 (0.232%)
040: dt: 0.1250, sse=502752.0, rms=2.079 (3.328%)
rms = 2.0563/2.0791, sse=499624.7/502752.0, time step reduction 3 of 3 to 0.062  0 0 1
041: dt: 0.1250, sse=499624.8, rms=2.056 (1.093%)
  maximum number of reductions reached, breaking from loop
positioning took 0.5 minutes
Pinning medial wall to white surface
removing intersecting faces
000: 19 intersecting
001: 7 intersecting
002: 5 intersecting
terminating search with 0 intersecting


Writing output to ../surf/lh.pial.T1
#ET# mris_place_surface  3.96 minutes
#VMPC# mris_place_surfaces VmPeak  2559264
mris_place_surface done
#@# white curv lh Thu Mar 12 12:21:27 CET 2026
cd /out/sourcedata/freesurfer/sub-v1s11x0050155_ses-1/mri
mris_place_surface --curv-map ../surf/lh.white 2 10 ../surf/lh.curv
insurf  ../surf/lh.white, nbrs 2, curvature_avgs 10
writing curvature file ../surf/lh.curv
#@# white area lh Thu Mar 12 12:21:29 CET 2026
cd /out/sourcedata/freesurfer/sub-v1s11x0050155_ses-1/mri
mris_place_surface --area-map ../surf/lh.white ../surf/lh.area
writing curvature file ../surf/lh.area
#@# pial curv lh Thu Mar 12 12:21:30 CET 2026
cd /out/sourcedata/freesurfer/sub-v1s11x0050155_ses-1/mri
mris_place_surface --curv-map ../surf/lh.pial 2 10 ../surf/lh.curv.pial
insurf  ../surf/lh.pial, nbrs 2, curvature_avgs 10
writing curvature file ../surf/lh.curv.pial
#@# pial area lh Thu Mar 12 12:21:31 CET 2026
cd /out/sourcedata/freesurfer/sub-v1s11x0050155_ses-1/mri
mris_place_surface --area-map ../surf/lh.pial ../surf/lh.area.pial
writing curvature file ../surf/lh.area.pial
#@# thickness lh Thu Mar 12 12:21:32 CET 2026
cd /out/sourcedata/freesurfer/sub-v1s11x0050155_ses-1/mri
mris_place_surface --thickness ../surf/lh.white ../surf/lh.pial 20 5 ../surf/lh.thickness
0 of 164358 vertices processed
25000 of 164358 vertices processed
50000 of 164358 vertices processed
75000 of 164358 vertices processed
100000 of 164358 vertices processed
125000 of 164358 vertices processed
150000 of 164358 vertices processed
0 of 164358 vertices processed
25000 of 164358 vertices processed
50000 of 164358 vertices processed
75000 of 164358 vertices processed
100000 of 164358 vertices processed
125000 of 164358 vertices processed
150000 of 164358 vertices processed
thickness calculation complete, 1102:3236 truncations.
74871 vertices at 0 distance
131878 vertices at 1 distance
72323 vertices at 2 distance
28778 vertices at 3 distance
11660 vertices at 4 distance
4883 vertices at 5 distance
2141 vertices at 6 distance
999 vertices at 7 distance
432 vertices at 8 distance
234 vertices at 9 distance
145 vertices at 10 distance
97 vertices at 11 distance
62 vertices at 12 distance
39 vertices at 13 distance
41 vertices at 14 distance
23 vertices at 15 distance
14 vertices at 16 distance
20 vertices at 17 distance
14 vertices at 18 distance
22 vertices at 19 distance
40 vertices at 20 distance
writing curvature file ../surf/lh.thickness
#@# area and vertex vol lh Thu Mar 12 12:22:00 CET 2026
cd /out/sourcedata/freesurfer/sub-v1s11x0050155_ses-1/mri
mris_place_surface --thickness ../surf/lh.white ../surf/lh.pial 20 5 ../surf/lh.thickness
/out/sourcedata/freesurfer/sub-v1s11x0050155_ses-1/surf
mris_calc -o lh.area.mid lh.area add lh.area.pial
Saving result to 'lh.area.mid' (type = MRI_CURV_FILE)                       [ ok ]
mris_calc -o lh.area.mid lh.area.mid div 2
Saving result to 'lh.area.mid' (type = MRI_CURV_FILE)                       [ ok ]
mris_convert --volume sub-v1s11x0050155_ses-1 lh /out/sourcedata/freesurfer/sub-v1s11x0050155_ses-1/surf/lh.volume
masking with /out/sourcedata/freesurfer/sub-v1s11x0050155_ses-1/label/lh.cortex.label
Total face volume 326874
Total vertex volume 326632 (mask=0)
#@# sub-v1s11x0050155_ses-1 lh 326632
 
vertexvol Done

#-----------------------------------------
#@# Curvature Stats lh Thu Mar 12 12:22:02 CET 2026
/out/sourcedata/freesurfer/sub-v1s11x0050155_ses-1/surf

 mris_curvature_stats -m --writeCurvatureFiles -G -o ../stats/lh.curv.stats -F smoothwm sub-v1s11x0050155_ses-1 lh curv sulc 

             Toggling save flag on curvature files                       [ ok ]
                 Outputting results using filestem   [ ../stats/lh.curv.stats ]
             Toggling save flag on curvature files                       [ ok ]
                                   Setting surface [ sub-v1s11x0050155_ses-1/lh.smoothwm ]
                                Reading surface...                       [ ok ]
                                   Setting texture                     [ curv ]
                                Reading texture...                       [ ok ]
                                   Setting texture                     [ sulc ]
                                Reading texture...Gb_filter = 0
                       [ ok ]
      Calculating Discrete Principal Curvatures...
      Determining geometric order for vno faces... [####################] [ ok ]
                      Determining KH curvatures... [####################] [ ok ]
                    Determining k1k2 curvatures... [####################] [ ok ]
                                   deltaViolations                      [ 278 ]
Gb_filter = 0

WARN:    S lookup   min:                          -0.025967
WARN:    S explicit min:                          0.000000	vertex = 2669
#-----------------------------------------
#@# Cortical Parc 2 lh Thu Mar 12 12:22:04 CET 2026
/out/sourcedata/freesurfer/sub-v1s11x0050155_ses-1/scripts

 mris_ca_label -l ../label/lh.cortex.label -aseg ../mri/aseg.presurf.mgz -seed 1234 sub-v1s11x0050155_ses-1 lh ../surf/lh.sphere.reg /opt/freesurfer/average/lh.CDaparc.atlas.acfb40.noaparc.i12.2016-08-02.gcs ../label/lh.aparc.a2009s.annot 

setting seed for random number generator to 1234
using ../mri/aseg.presurf.mgz aseg volume to correct midline
7.3.2
  7.3.2
reading atlas from /opt/freesurfer/average/lh.CDaparc.atlas.acfb40.noaparc.i12.2016-08-02.gcs...
reading color table from GCSA file....
average std = 3.0   using min determinant for regularization = 0.088
0 singular and 0 ill-conditioned covariance matrices regularized
input 0: MEAN CURVATURE, flags 0, avgs 5, name mean_curvature
labeling surface...
37 labels changed using aseg
relabeling using gibbs priors...
000:  10493 changed, 164358 examined...
001:   2381 changed, 40758 examined...
002:    726 changed, 12740 examined...
003:    331 changed, 4220 examined...
004:    168 changed, 1875 examined...
005:     73 changed, 958 examined...
006:     38 changed, 424 examined...
007:     25 changed, 213 examined...
008:     17 changed, 135 examined...
009:      9 changed, 99 examined...
010:      2 changed, 49 examined...
011:      0 changed, 13 examined...
6 labels changed using aseg
000: 269 total segments, 184 labels (2444 vertices) changed
001: 97 total segments, 12 labels (26 vertices) changed
002: 85 total segments, 0 labels (0 vertices) changed
10 filter iterations complete (10 requested, 49 changed)
rationalizing unknown annotations with cortex label
relabeling Medial_wall label...
1468 vertices marked for relabeling...
1468 labels changed in reclassification.
writing output to ../label/lh.aparc.a2009s.annot...
classification took 0 minutes and 14 seconds.
#-----------------------------------------
#@# Cortical Parc 3 lh Thu Mar 12 12:22:18 CET 2026
/out/sourcedata/freesurfer/sub-v1s11x0050155_ses-1/scripts

 mris_ca_label -l ../label/lh.cortex.label -aseg ../mri/aseg.presurf.mgz -seed 1234 sub-v1s11x0050155_ses-1 lh ../surf/lh.sphere.reg /opt/freesurfer/average/lh.DKTaparc.atlas.acfb40.noaparc.i12.2016-08-02.gcs ../label/lh.aparc.DKTatlas.annot 

setting seed for random number generator to 1234
using ../mri/aseg.presurf.mgz aseg volume to correct midline
7.3.2
  7.3.2
reading atlas from /opt/freesurfer/average/lh.DKTaparc.atlas.acfb40.noaparc.i12.2016-08-02.gcs...
reading color table from GCSA file....
average std = 1.4   using min determinant for regularization = 0.020
0 singular and 383 ill-conditioned covariance matrices regularized
input 0: MEAN CURVATURE, flags 0, avgs 5, name mean_curvature
labeling surface...
1619 labels changed using aseg
relabeling using gibbs priors...
000:   2420 changed, 164358 examined...
001:    533 changed, 11018 examined...
002:    169 changed, 3080 examined...
003:     91 changed, 977 examined...
004:     45 changed, 503 examined...
005:     30 changed, 260 examined...
006:     19 changed, 162 examined...
007:      8 changed, 99 examined...
008:      7 changed, 54 examined...
009:      3 changed, 34 examined...
010:      2 changed, 23 examined...
011:      1 changed, 14 examined...
012:      4 changed, 8 examined...
013:      3 changed, 14 examined...
014:      6 changed, 18 examined...
015:      4 changed, 28 examined...
016:      4 changed, 22 examined...
017:      4 changed, 24 examined...
018:      3 changed, 25 examined...
019:      0 changed, 22 examined...
318 labels changed using aseg
000: 65 total segments, 32 labels (390 vertices) changed
001: 35 total segments, 2 labels (4 vertices) changed
002: 33 total segments, 0 labels (0 vertices) changed
10 filter iterations complete (10 requested, 5 changed)
rationalizing unknown annotations with cortex label
relabeling unknown label...
relabeling corpuscallosum label...
1019 vertices marked for relabeling...
1019 labels changed in reclassification.
writing output to ../label/lh.aparc.DKTatlas.annot...
classification took 0 minutes and 11 seconds.
#-----------------------------------------
#@# WM/GM Contrast lh Thu Mar 12 12:22:29 CET 2026
/out/sourcedata/freesurfer/sub-v1s11x0050155_ses-1/scripts

 pctsurfcon --s sub-v1s11x0050155_ses-1 --lh-only 

Log file is /out/sourcedata/freesurfer/sub-v1s11x0050155_ses-1/scripts/pctsurfcon.log
Thu Mar 12 12:22:29 CET 2026
setenv SUBJECTS_DIR /out/sourcedata/freesurfer
cd /out/sourcedata/freesurfer/sub-v1s11x0050155_ses-1/scripts
/opt/freesurfer/bin/pctsurfcon
pctsurfcon 7.3.2
Linux dna085 5.14.0-427.37.1.el9_4.x86_64 #1 SMP PREEMPT_DYNAMIC Fri Sep 13 12:41:50 EDT 2024 x86_64 x86_64 x86_64 GNU/Linux
FREESURFER_HOME /opt/freesurfer
mri_vol2surf --mov /out/sourcedata/freesurfer/sub-v1s11x0050155_ses-1/mri/rawavg.mgz --hemi lh --noreshape --interp trilinear --projdist -1 --o /out/sourcedata/freesurfer/sub-v1s11x0050155_ses-1/surf/tmp.pctsurfcon.416073/lh.wm.mgh --regheader sub-v1s11x0050155_ses-1 --cortex
srcvol = /out/sourcedata/freesurfer/sub-v1s11x0050155_ses-1/mri/rawavg.mgz
srcreg unspecified
srcregold = 0
srcwarp unspecified
surf = white
hemi = lh
ProjDist = -1
reshape = 0
interp = trilinear
float2int = round
GetProjMax = 0
INFO: float2int code = 0
Done loading volume
Computing registration from header.
  Using /out/sourcedata/freesurfer/sub-v1s11x0050155_ses-1/mri/orig.mgz as target reference.
-------- original matrix -----------
-0.99756   0.00000   0.06976   0.00000;
 0.06976   0.00000   0.99756   0.00002;
 0.00000  -1.00000   0.00000   0.00002;
 0.00000   0.00000   0.00000   1.00000;
-------- original matrix -----------
Loading label /out/sourcedata/freesurfer/sub-v1s11x0050155_ses-1/label/lh.cortex.label
Reading surface /out/sourcedata/freesurfer/sub-v1s11x0050155_ses-1/surf/lh.white
Done reading source surface
Mapping Source Volume onto Source Subject Surface
Projecting -1 -1 1
 1 -1 -1 -1
using old
Done mapping volume to surface
Number of source voxels hit = 93260
Masking with /out/sourcedata/freesurfer/sub-v1s11x0050155_ses-1/label/lh.cortex.label
Writing to /out/sourcedata/freesurfer/sub-v1s11x0050155_ses-1/surf/tmp.pctsurfcon.416073/lh.wm.mgh
Dim: 164358 1 1
mri_vol2surf --mov /out/sourcedata/freesurfer/sub-v1s11x0050155_ses-1/mri/rawavg.mgz --hemi lh --noreshape --interp trilinear --o /out/sourcedata/freesurfer/sub-v1s11x0050155_ses-1/surf/tmp.pctsurfcon.416073/lh.gm.mgh --projfrac 0.3 --regheader sub-v1s11x0050155_ses-1 --cortex
srcvol = /out/sourcedata/freesurfer/sub-v1s11x0050155_ses-1/mri/rawavg.mgz
srcreg unspecified
srcregold = 0
srcwarp unspecified
surf = white
hemi = lh
ProjFrac = 0.3
thickness = thickness
reshape = 0
interp = trilinear
float2int = round
GetProjMax = 0
INFO: float2int code = 0
Done loading volume
Computing registration from header.
  Using /out/sourcedata/freesurfer/sub-v1s11x0050155_ses-1/mri/orig.mgz as target reference.
-------- original matrix -----------
-0.99756   0.00000   0.06976   0.00000;
 0.06976   0.00000   0.99756   0.00002;
 0.00000  -1.00000   0.00000   0.00002;
 0.00000   0.00000   0.00000   1.00000;
-------- original matrix -----------
Loading label /out/sourcedata/freesurfer/sub-v1s11x0050155_ses-1/label/lh.cortex.label
Reading surface /out/sourcedata/freesurfer/sub-v1s11x0050155_ses-1/surf/lh.white
Done reading source surface
Reading thickness /out/sourcedata/freesurfer/sub-v1s11x0050155_ses-1/surf/lh.thickness
Done
Mapping Source Volume onto Source Subject Surface
Projecting 0.3 0.3 1
 1 0.3 0.3 0.3
using old
Done mapping volume to surface
Number of source voxels hit = 107019
Masking with /out/sourcedata/freesurfer/sub-v1s11x0050155_ses-1/label/lh.cortex.label
Writing to /out/sourcedata/freesurfer/sub-v1s11x0050155_ses-1/surf/tmp.pctsurfcon.416073/lh.gm.mgh
Dim: 164358 1 1
mri_concat /out/sourcedata/freesurfer/sub-v1s11x0050155_ses-1/surf/tmp.pctsurfcon.416073/lh.wm.mgh /out/sourcedata/freesurfer/sub-v1s11x0050155_ses-1/surf/tmp.pctsurfcon.416073/lh.gm.mgh --paired-diff-norm --mul 100 --o /out/sourcedata/freesurfer/sub-v1s11x0050155_ses-1/surf/lh.w-g.pct.mgh
ninputs = 2
Checking inputs
nframestot = 2
Allocing output
Done allocing
Combining pairs
nframes = 1
Multiplying by 100.000000
Writing to /out/sourcedata/freesurfer/sub-v1s11x0050155_ses-1/surf/lh.w-g.pct.mgh
mri_segstats --in /out/sourcedata/freesurfer/sub-v1s11x0050155_ses-1/surf/lh.w-g.pct.mgh --annot sub-v1s11x0050155_ses-1 lh aparc --sum /out/sourcedata/freesurfer/sub-v1s11x0050155_ses-1/stats/lh.w-g.pct.stats --snr

7.3.2
cwd 
cmdline mri_segstats --in /out/sourcedata/freesurfer/sub-v1s11x0050155_ses-1/surf/lh.w-g.pct.mgh --annot sub-v1s11x0050155_ses-1 lh aparc --sum /out/sourcedata/freesurfer/sub-v1s11x0050155_ses-1/stats/lh.w-g.pct.stats --snr 
sysname  Linux
hostname dna085
machine  x86_64
user     oesteban
whitesurfname  white
UseRobust  0
Constructing seg from annotation

Reading annotation /out/sourcedata/freesurfer/sub-v1s11x0050155_ses-1/label/lh.aparc.annot
Seg base 1000
Loading /out/sourcedata/freesurfer/sub-v1s11x0050155_ses-1/surf/lh.w-g.pct.mgh
Vertex Area is 0.687856 mm^3
Generating list of segmentation ids
Found  36 segmentations
Computing statistics for each segmentation

Reporting on  35 segmentations
Using PrintSegStat
mri_segstats done
Cleaning up

Started at Thu Mar 12 11:54:08 CET 2026 
Ended   at Thu Mar 12 12:22:32 CET 2026
#@#%# recon-all-run-time-hours 0.473
recon-all -s sub-v1s11x0050155_ses-1 finished without error at Thu Mar 12 12:22:32 CET 2026



#New# invocation of recon-all 




Thu Mar 12 12:53:04 CET 2026
cd /out/sourcedata/freesurfer/sub-v1s11x0050155_ses-1
setenv SUBJECTS_DIR /out/sourcedata/freesurfer
/opt/freesurfer/bin/recon-all -autorecon-hemi lh -nohyporelabel -lh-only -openmp 16 -subjid sub-v1s11x0050155_ses-1 -sd /out/sourcedata/freesurfer -notessellate -nosmooth1 -noinflate1 -noqsphere -nofix -nowhite -nosmooth2 -noinflate2 -nocurvHK -nocurvstats -nosphere -nosurfreg -nojacobian_white -noavgcurv -nocortparc -nopial -nocortparc2 -nocortparc3 -nopctsurfcon

subjid sub-v1s11x0050155_ses-1
setenv SUBJECTS_DIR /out/sourcedata/freesurfer
FREESURFER_HOME /opt/freesurfer
Actual FREESURFER_HOME /opt/freesurfer
build-stamp.txt: freesurfer-linux-ubuntu22_x86_64-7.3.2-20220804-6354275
Linux dna085 5.14.0-427.37.1.el9_4.x86_64 #1 SMP PREEMPT_DYNAMIC Fri Sep 13 12:41:50 EDT 2024 x86_64 x86_64 x86_64 GNU/Linux
cputime      unlimited
filesize     unlimited
datasize     unlimited
stacksize    8192 kbytes
coredumpsize 0 kbytes
memoryuse    67108864 kbytes
vmemoryuse   unlimited
descriptors  1024 
memorylocked unlimited
maxproc      2061970 
maxlocks     unlimited
maxsignal    2062024 
maxmessage   819200 
maxnice      0 
maxrtprio    0 
maxrttime    unlimited

               total        used        free      shared  buff/cache   available
Mem:           503Gi       326Gi       151Gi       9.7Gi        25Gi       164Gi
Swap:             0B          0B          0B

########################################
program versions used
7.3.2 (freesurfer-linux-ubuntu22_x86_64-7.3.2-20220804-6354275)
7.3.2

ProgramName: lta_convert  ProgramArguments: lta_convert -all-info  ProgramVersion: 7.3.2  TimeStamp: 2026/03/12-11:53:05-GMT  BuildTime: Aug  4 2022 06:17:15  BuildStamp: freesurfer-linux-ubuntu22_x86_64-7.3.2-20220804-6354275  User: oesteban  Machine: dna085  Platform: Linux  PlatformVersion: 5.14.0-427.37.1.el9_4.x86_64  CompilerName: GCC  CompilerVersion: 8.4.0
ProgramName: mri_and  ProgramArguments: mri_and -all-info  ProgramVersion: 7.3.2  TimeStamp: 2026/03/12-11:53:05-GMT  BuildTime: Aug  4 2022 06:17:15  BuildStamp: freesurfer-linux-ubuntu22_x86_64-7.3.2-20220804-6354275  User: oesteban  Machine: dna085  Platform: Linux  PlatformVersion: 5.14.0-427.37.1.el9_4.x86_64  CompilerName: GCC  CompilerVersion: 8.4.0
ProgramName: mri_annotation2label  ProgramArguments: mri_annotation2label -all-info  ProgramVersion: 7.3.2  TimeStamp: 2026/03/12-11:53:05-GMT  BuildTime: Aug  4 2022 06:17:15  BuildStamp: freesurfer-linux-ubuntu22_x86_64-7.3.2-20220804-6354275  User: oesteban  Machine: dna085  Platform: Linux  PlatformVersion: 5.14.0-427.37.1.el9_4.x86_64  CompilerName: GCC  CompilerVersion: 8.4.0
ProgramName: mri_aparc2aseg  ProgramArguments: mri_aparc2aseg -all-info  ProgramVersion: 7.3.2  TimeStamp: 2026/03/12-11:53:05-GMT  BuildTime: Aug  4 2022 06:17:15  BuildStamp: freesurfer-linux-ubuntu22_x86_64-7.3.2-20220804-6354275  User: oesteban  Machine: dna085  Platform: Linux  PlatformVersion: 5.14.0-427.37.1.el9_4.x86_64  CompilerName: GCC  CompilerVersion: 8.4.0
ProgramName: mri_surf2volseg  ProgramArguments: mri_surf2volseg -all-info  ProgramVersion: 7.3.2  TimeStamp: 2026/03/12-11:53:05-GMT  BuildTime: Aug  4 2022 06:17:15  BuildStamp: freesurfer-linux-ubuntu22_x86_64-7.3.2-20220804-6354275  User: oesteban  Machine: dna085  Platform: Linux  PlatformVersion: 5.14.0-427.37.1.el9_4.x86_64  CompilerName: GCC  CompilerVersion: 8.4.0
ProgramName: mri_binarize  ProgramArguments: mri_binarize -all-info  ProgramVersion: 7.3.2  TimeStamp: 2026/03/12-11:53:05-GMT  BuildTime: Aug  4 2022 06:17:15  BuildStamp: freesurfer-linux-ubuntu22_x86_64-7.3.2-20220804-6354275  User: oesteban  Machine: dna085  Platform: Linux  PlatformVersion: 5.14.0-427.37.1.el9_4.x86_64  CompilerName: GCC  CompilerVersion: 8.4.0
ProgramName: mri_ca_label  ProgramArguments: mri_ca_label -all-info  ProgramVersion: 7.3.2  TimeStamp: 2026/03/12-11:53:05-GMT  BuildTime: Aug  4 2022 06:17:15  BuildStamp: freesurfer-linux-ubuntu22_x86_64-7.3.2-20220804-6354275  User: oesteban  Machine: dna085  Platform: Linux  PlatformVersion: 5.14.0-427.37.1.el9_4.x86_64  CompilerName: GCC  CompilerVersion: 8.4.0
ProgramName: mri_ca_normalize  ProgramArguments: mri_ca_normalize -all-info  ProgramVersion: 7.3.2  TimeStamp: 2026/03/12-11:53:05-GMT  BuildTime: Aug  4 2022 06:17:15  BuildStamp: freesurfer-linux-ubuntu22_x86_64-7.3.2-20220804-6354275  User: oesteban  Machine: dna085  Platform: Linux  PlatformVersion: 5.14.0-427.37.1.el9_4.x86_64  CompilerName: GCC  CompilerVersion: 8.4.0
ProgramName: mri_ca_register  ProgramArguments: mri_ca_register -all-info  ProgramVersion: 7.3.2  TimeStamp: 2026/03/12-11:53:05-GMT  BuildTime: Aug  4 2022 06:17:15  BuildStamp: freesurfer-linux-ubuntu22_x86_64-7.3.2-20220804-6354275  User: oesteban  Machine: dna085  Platform: Linux  PlatformVersion: 5.14.0-427.37.1.el9_4.x86_64  CompilerName: GCC  CompilerVersion: 8.4.0
ProgramName: mri_cc  ProgramArguments: mri_cc -all-info  ProgramVersion: 7.3.2  TimeStamp: 2026/03/12-11:53:05-GMT  BuildTime: Aug  4 2022 06:17:15  BuildStamp: freesurfer-linux-ubuntu22_x86_64-7.3.2-20220804-6354275  User: oesteban  Machine: dna085  Platform: Linux  PlatformVersion: 5.14.0-427.37.1.el9_4.x86_64  CompilerName: GCC  CompilerVersion: 8.4.0
ProgramName: mri_compute_overlap  ProgramArguments: mri_compute_overlap -all-info  ProgramVersion: 7.3.2  TimeStamp: 2026/03/12-11:53:05-GMT  BuildTime: Aug  4 2022 06:17:15  BuildStamp: freesurfer-linux-ubuntu22_x86_64-7.3.2-20220804-6354275  User: oesteban  Machine: dna085  Platform: Linux  PlatformVersion: 5.14.0-427.37.1.el9_4.x86_64  CompilerName: GCC  CompilerVersion: 8.4.0
ProgramName: mri_compute_seg_overlap  ProgramArguments: mri_compute_seg_overlap -all-info  ProgramVersion: 7.3.2  TimeStamp: 2026/03/12-11:53:05-GMT  BuildTime: Aug  4 2022 06:17:15  BuildStamp: freesurfer-linux-ubuntu22_x86_64-7.3.2-20220804-6354275  User: oesteban  Machine: dna085  Platform: Linux  PlatformVersion: 5.14.0-427.37.1.el9_4.x86_64  CompilerName: GCC  CompilerVersion: 8.4.0
ProgramName: mri_concat  ProgramArguments: mri_concat -all-info  ProgramVersion: 7.3.2  TimeStamp: 2026/03/12-11:53:05-GMT  BuildTime: Aug  4 2022 06:17:15  BuildStamp: freesurfer-linux-ubuntu22_x86_64-7.3.2-20220804-6354275  User: oesteban  Machine: dna085  Platform: Linux  PlatformVersion: 5.14.0-427.37.1.el9_4.x86_64  CompilerName: GCC  CompilerVersion: 8.4.0
ProgramName: mri_concatenate_lta  ProgramArguments: mri_concatenate_lta -all-info  ProgramVersion: 7.3.2  TimeStamp: 2026/03/12-11:53:05-GMT  BuildTime: Aug  4 2022 06:17:15  BuildStamp: freesurfer-linux-ubuntu22_x86_64-7.3.2-20220804-6354275  User: oesteban  Machine: dna085  Platform: Linux  PlatformVersion: 5.14.0-427.37.1.el9_4.x86_64  CompilerName: GCC  CompilerVersion: 8.4.0
mri_convert -all-info 
ProgramName: mri_convert  ProgramArguments: mri_convert -all-info  ProgramVersion: 7.3.2  TimeStamp: 2026/03/12-11:53:05-GMT  BuildTime: Aug  4 2022 06:17:15  BuildStamp: freesurfer-linux-ubuntu22_x86_64-7.3.2-20220804-6354275  User: oesteban  Machine: dna085  Platform: Linux  PlatformVersion: 5.14.0-427.37.1.el9_4.x86_64  CompilerName: GCC  CompilerVersion: 8.4.0
ProgramName: mri_diff  ProgramArguments: mri_diff -all-info  ProgramVersion: 7.3.2  TimeStamp: 2026/03/12-11:53:05-GMT  BuildTime: Aug  4 2022 06:17:15  BuildStamp: freesurfer-linux-ubuntu22_x86_64-7.3.2-20220804-6354275  User: oesteban  Machine: dna085  Platform: Linux  PlatformVersion: 5.14.0-427.37.1.el9_4.x86_64  CompilerName: GCC  CompilerVersion: 8.4.0
ProgramName: mri_edit_wm_with_aseg  ProgramArguments: mri_edit_wm_with_aseg -all-info  ProgramVersion: 7.3.2  TimeStamp: 2026/03/12-11:53:05-GMT  BuildTime: Aug  4 2022 06:17:15  BuildStamp: freesurfer-linux-ubuntu22_x86_64-7.3.2-20220804-6354275  User: oesteban  Machine: dna085  Platform: Linux  PlatformVersion: 5.14.0-427.37.1.el9_4.x86_64  CompilerName: GCC  CompilerVersion: 8.4.0
ProgramName: mri_em_register  ProgramArguments: mri_em_register -all-info  ProgramVersion: 7.3.2  TimeStamp: 2026/03/12-11:53:05-GMT  BuildTime: Aug  4 2022 06:17:15  BuildStamp: freesurfer-linux-ubuntu22_x86_64-7.3.2-20220804-6354275  User: oesteban  Machine: dna085  Platform: Linux  PlatformVersion: 5.14.0-427.37.1.el9_4.x86_64  CompilerName: GCC  CompilerVersion: 8.4.0
ProgramName: mri_fill  ProgramArguments: mri_fill -all-info  ProgramVersion: 7.3.2  TimeStamp: 2026/03/12-11:53:05-GMT  BuildTime: Aug  4 2022 06:17:15  BuildStamp: freesurfer-linux-ubuntu22_x86_64-7.3.2-20220804-6354275  User: oesteban  Machine: dna085  Platform: Linux  PlatformVersion: 5.14.0-427.37.1.el9_4.x86_64  CompilerName: GCC  CompilerVersion: 8.4.0
ProgramName: mri_fuse_segmentations  ProgramArguments: mri_fuse_segmentations -all-info  ProgramVersion: 7.3.2  TimeStamp: 2026/03/12-11:53:05-GMT  BuildTime: Aug  4 2022 06:17:15  BuildStamp: freesurfer-linux-ubuntu22_x86_64-7.3.2-20220804-6354275  User: oesteban  Machine: dna085  Platform: Linux  PlatformVersion: 5.14.0-427.37.1.el9_4.x86_64  CompilerName: GCC  CompilerVersion: 8.4.0
ProgramName: mri_fwhm  ProgramArguments: mri_fwhm -all-info  ProgramVersion: 7.3.2  TimeStamp: 2026/03/12-11:53:05-GMT  BuildTime: Aug  4 2022 06:17:15  BuildStamp: freesurfer-linux-ubuntu22_x86_64-7.3.2-20220804-6354275  User: oesteban  Machine: dna085  Platform: Linux  PlatformVersion: 5.14.0-427.37.1.el9_4.x86_64  CompilerName: GCC  CompilerVersion: 8.4.0
ProgramName: mri_gcut  ProgramArguments: mri_gcut -all-info  ProgramVersion: 7.3.2  TimeStamp: 2026/03/12-11:53:05-GMT  BuildTime: Aug  4 2022 06:17:15  BuildStamp: freesurfer-linux-ubuntu22_x86_64-7.3.2-20220804-6354275  User: oesteban  Machine: dna085  Platform: Linux  PlatformVersion: 5.14.0-427.37.1.el9_4.x86_64  CompilerName: GCC  CompilerVersion: 8.4.0
ProgramName: mri_info  ProgramArguments: mri_info -all-info  ProgramVersion: 7.3.2  TimeStamp: 2026/03/12-11:53:05-GMT  BuildTime: Aug  4 2022 06:17:15  BuildStamp: freesurfer-linux-ubuntu22_x86_64-7.3.2-20220804-6354275  User: oesteban  Machine: dna085  Platform: Linux  PlatformVersion: 5.14.0-427.37.1.el9_4.x86_64  CompilerName: GCC  CompilerVersion: 8.4.0
ProgramName: mri_label2label  ProgramArguments: mri_label2label -all-info  ProgramVersion: 7.3.2  TimeStamp: 2026/03/12-11:53:05-GMT  BuildTime: Aug  4 2022 06:17:15  BuildStamp: freesurfer-linux-ubuntu22_x86_64-7.3.2-20220804-6354275  User: oesteban  Machine: dna085  Platform: Linux  PlatformVersion: 5.14.0-427.37.1.el9_4.x86_64  CompilerName: GCC  CompilerVersion: 8.4.0
ProgramName: mri_label2vol  ProgramArguments: mri_label2vol -all-info  ProgramVersion: 7.3.2  TimeStamp: 2026/03/12-11:53:05-GMT  BuildTime: Aug  4 2022 06:17:15  BuildStamp: freesurfer-linux-ubuntu22_x86_64-7.3.2-20220804-6354275  User: oesteban  Machine: dna085  Platform: Linux  PlatformVersion: 5.14.0-427.37.1.el9_4.x86_64  CompilerName: GCC  CompilerVersion: 8.4.0
ProgramName: mri_log_likelihood  ProgramArguments: mri_log_likelihood -all-info  ProgramVersion: 7.3.2  TimeStamp: 2026/03/12-11:53:05-GMT  BuildTime: Aug  4 2022 06:17:15  BuildStamp: freesurfer-linux-ubuntu22_x86_64-7.3.2-20220804-6354275  User: oesteban  Machine: dna085  Platform: Linux  PlatformVersion: 5.14.0-427.37.1.el9_4.x86_64  CompilerName: GCC  CompilerVersion: 8.4.0
ProgramName: mri_mask  ProgramArguments: mri_mask -all-info  ProgramVersion: 7.3.2  TimeStamp: 2026/03/12-11:53:05-GMT  BuildTime: Aug  4 2022 06:17:15  BuildStamp: freesurfer-linux-ubuntu22_x86_64-7.3.2-20220804-6354275  User: oesteban  Machine: dna085  Platform: Linux  PlatformVersion: 5.14.0-427.37.1.el9_4.x86_64  CompilerName: GCC  CompilerVersion: 8.4.0
ProgramName: mri_matrix_multiply  ProgramArguments: mri_matrix_multiply -all-info  ProgramVersion: 7.3.2  TimeStamp: 2026/03/12-11:53:05-GMT  BuildTime: Aug  4 2022 06:17:15  BuildStamp: freesurfer-linux-ubuntu22_x86_64-7.3.2-20220804-6354275  User: oesteban  Machine: dna085  Platform: Linux  PlatformVersion: 5.14.0-427.37.1.el9_4.x86_64  CompilerName: GCC  CompilerVersion: 8.4.0
ProgramName: mri_normalize  ProgramArguments: mri_normalize -all-info  ProgramVersion: 7.3.2  TimeStamp: 2026/03/12-11:53:05-GMT  BuildTime: Aug  4 2022 06:17:15  BuildStamp: freesurfer-linux-ubuntu22_x86_64-7.3.2-20220804-6354275  User: oesteban  Machine: dna085  Platform: Linux  PlatformVersion: 5.14.0-427.37.1.el9_4.x86_64  CompilerName: GCC  CompilerVersion: 8.4.0
ProgramName: mri_normalize_tp2  ProgramArguments: mri_normalize_tp2 -all-info  ProgramVersion: 7.3.2  TimeStamp: 2026/03/12-11:53:05-GMT  BuildTime: Aug  4 2022 06:17:15  BuildStamp: freesurfer-linux-ubuntu22_x86_64-7.3.2-20220804-6354275  User: oesteban  Machine: dna085  Platform: Linux  PlatformVersion: 5.14.0-427.37.1.el9_4.x86_64  CompilerName: GCC  CompilerVersion: 8.4.0
ProgramName: mri_or  ProgramArguments: mri_or -all-info  ProgramVersion: 7.3.2  TimeStamp: 2026/03/12-11:53:05-GMT  BuildTime: Aug  4 2022 06:17:15  BuildStamp: freesurfer-linux-ubuntu22_x86_64-7.3.2-20220804-6354275  User: oesteban  Machine: dna085  Platform: Linux  PlatformVersion: 5.14.0-427.37.1.el9_4.x86_64  CompilerName: GCC  CompilerVersion: 8.4.0
ProgramName: mri_relabel_hypointensities  ProgramArguments: mri_relabel_hypointensities -all-info  ProgramVersion: 7.3.2  TimeStamp: 2026/03/12-11:53:05-GMT  BuildTime: Aug  4 2022 06:17:15  BuildStamp: freesurfer-linux-ubuntu22_x86_64-7.3.2-20220804-6354275  User: oesteban  Machine: dna085  Platform: Linux  PlatformVersion: 5.14.0-427.37.1.el9_4.x86_64  CompilerName: GCC  CompilerVersion: 8.4.0
ProgramName: mri_relabel_nonwm_hypos  ProgramArguments: mri_relabel_nonwm_hypos -all-info  ProgramVersion: 7.3.2  TimeStamp: 2026/03/12-11:53:05-GMT  BuildTime: Aug  4 2022 06:17:15  BuildStamp: freesurfer-linux-ubuntu22_x86_64-7.3.2-20220804-6354275  User: oesteban  Machine: dna085  Platform: Linux  PlatformVersion: 5.14.0-427.37.1.el9_4.x86_64  CompilerName: GCC  CompilerVersion: 8.4.0
ProgramName: mri_remove_neck  ProgramArguments: mri_remove_neck -all-info  ProgramVersion: 7.3.2  TimeStamp: 2026/03/12-11:53:05-GMT  BuildTime: Aug  4 2022 06:17:15  BuildStamp: freesurfer-linux-ubuntu22_x86_64-7.3.2-20220804-6354275  User: oesteban  Machine: dna085  Platform: Linux  PlatformVersion: 5.14.0-427.37.1.el9_4.x86_64  CompilerName: GCC  CompilerVersion: 8.4.0
7.3.2

ProgramName: mri_robust_register  ProgramArguments: mri_robust_register -all-info  ProgramVersion: 7.3.2  TimeStamp: 2026/03/12-11:53:05-GMT  BuildTime: Aug  4 2022 06:17:15  BuildStamp: freesurfer-linux-ubuntu22_x86_64-7.3.2-20220804-6354275  User: oesteban  Machine: dna085  Platform: Linux  PlatformVersion: 5.14.0-427.37.1.el9_4.x86_64  CompilerName: GCC  CompilerVersion: 8.4.0
7.3.2

ProgramName: mri_robust_template  ProgramArguments: mri_robust_template -all-info  ProgramVersion: 7.3.2  TimeStamp: 2026/03/12-11:53:05-GMT  BuildTime: Aug  4 2022 06:17:15  BuildStamp: freesurfer-linux-ubuntu22_x86_64-7.3.2-20220804-6354275  User: oesteban  Machine: dna085  Platform: Linux  PlatformVersion: 5.14.0-427.37.1.el9_4.x86_64  CompilerName: GCC  CompilerVersion: 8.4.0
ProgramName: mris_anatomical_stats  ProgramArguments: mris_anatomical_stats -all-info  ProgramVersion: 7.3.2  TimeStamp: 2026/03/12-11:53:05-GMT  BuildTime: Aug  4 2022 06:17:15  BuildStamp: freesurfer-linux-ubuntu22_x86_64-7.3.2-20220804-6354275  User: oesteban  Machine: dna085  Platform: Linux  PlatformVersion: 5.14.0-427.37.1.el9_4.x86_64  CompilerName: GCC  CompilerVersion: 8.4.0
ProgramName: mris_ca_label  ProgramArguments: mris_ca_label -all-info  ProgramVersion: 7.3.2  TimeStamp: 2026/03/12-11:53:05-GMT  BuildTime: Aug  4 2022 06:17:15  BuildStamp: freesurfer-linux-ubuntu22_x86_64-7.3.2-20220804-6354275  User: oesteban  Machine: dna085  Platform: Linux  PlatformVersion: 5.14.0-427.37.1.el9_4.x86_64  CompilerName: GCC  CompilerVersion: 8.4.0
ProgramName: mris_calc  ProgramArguments: mris_calc -all-info  ProgramVersion: 7.3.2  TimeStamp: 2026/03/12-11:53:05-GMT  BuildTime: Aug  4 2022 06:17:15  BuildStamp: freesurfer-linux-ubuntu22_x86_64-7.3.2-20220804-6354275  User: oesteban  Machine: dna085  Platform: Linux  PlatformVersion: 5.14.0-427.37.1.el9_4.x86_64  CompilerName: GCC  CompilerVersion: 8.4.0
ProgramName: mris_convert  ProgramArguments: mris_convert -all-info  ProgramVersion: 7.3.2  TimeStamp: 2026/03/12-11:53:05-GMT  BuildTime: Aug  4 2022 06:17:15  BuildStamp: freesurfer-linux-ubuntu22_x86_64-7.3.2-20220804-6354275  User: oesteban  Machine: dna085  Platform: Linux  PlatformVersion: 5.14.0-427.37.1.el9_4.x86_64  CompilerName: GCC  CompilerVersion: 8.4.0
ProgramName: mris_curvature  ProgramArguments: mris_curvature -all-info  ProgramVersion: 7.3.2  TimeStamp: 2026/03/12-11:53:05-GMT  BuildTime: Aug  4 2022 06:17:15  BuildStamp: freesurfer-linux-ubuntu22_x86_64-7.3.2-20220804-6354275  User: oesteban  Machine: dna085  Platform: Linux  PlatformVersion: 5.14.0-427.37.1.el9_4.x86_64  CompilerName: GCC  CompilerVersion: 8.4.0
ProgramName: mris_curvature_stats  ProgramArguments: mris_curvature_stats -all-info  ProgramVersion: 7.3.2  TimeStamp: 2026/03/12-11:53:05-GMT  BuildTime: Aug  4 2022 06:17:15  BuildStamp: freesurfer-linux-ubuntu22_x86_64-7.3.2-20220804-6354275  User: oesteban  Machine: dna085  Platform: Linux  PlatformVersion: 5.14.0-427.37.1.el9_4.x86_64  CompilerName: GCC  CompilerVersion: 8.4.0
ProgramName: mris_diff  ProgramArguments: mris_diff -all-info  ProgramVersion: 7.3.2  TimeStamp: 2026/03/12-11:53:05-GMT  BuildTime: Aug  4 2022 06:17:15  BuildStamp: freesurfer-linux-ubuntu22_x86_64-7.3.2-20220804-6354275  User: oesteban  Machine: dna085  Platform: Linux  PlatformVersion: 5.14.0-427.37.1.el9_4.x86_64  CompilerName: GCC  CompilerVersion: 8.4.0
ProgramName: mris_divide_parcellation  ProgramArguments: mris_divide_parcellation -all-info  ProgramVersion: 7.3.2  TimeStamp: 2026/03/12-11:53:05-GMT  BuildTime: Aug  4 2022 06:17:15  BuildStamp: freesurfer-linux-ubuntu22_x86_64-7.3.2-20220804-6354275  User: oesteban  Machine: dna085  Platform: Linux  PlatformVersion: 5.14.0-427.37.1.el9_4.x86_64  CompilerName: GCC  CompilerVersion: 8.4.0
ProgramName: mri_segment  ProgramArguments: mri_segment -all-info  ProgramVersion: 7.3.2  TimeStamp: 2026/03/12-11:53:05-GMT  BuildTime: Aug  4 2022 06:17:15  BuildStamp: freesurfer-linux-ubuntu22_x86_64-7.3.2-20220804-6354275  User: oesteban  Machine: dna085  Platform: Linux  PlatformVersion: 5.14.0-427.37.1.el9_4.x86_64  CompilerName: GCC  CompilerVersion: 8.4.0
ProgramName: mri_segstats  ProgramArguments: mri_segstats -all-info  ProgramVersion: 7.3.2  TimeStamp: 2026/03/12-11:53:05-GMT  BuildTime: Aug  4 2022 06:17:15  BuildStamp: freesurfer-linux-ubuntu22_x86_64-7.3.2-20220804-6354275  User: oesteban  Machine: dna085  Platform: Linux  PlatformVersion: 5.14.0-427.37.1.el9_4.x86_64  CompilerName: GCC  CompilerVersion: 8.4.0
ProgramName: mris_euler_number  ProgramArguments: mris_euler_number -all-info  ProgramVersion: 7.3.2  TimeStamp: 2026/03/12-11:53:05-GMT  BuildTime: Aug  4 2022 06:17:15  BuildStamp: freesurfer-linux-ubuntu22_x86_64-7.3.2-20220804-6354275  User: oesteban  Machine: dna085  Platform: Linux  PlatformVersion: 5.14.0-427.37.1.el9_4.x86_64  CompilerName: GCC  CompilerVersion: 8.4.0
ProgramName: mris_fix_topology  ProgramArguments: mris_fix_topology -all-info  ProgramVersion: 7.3.2  TimeStamp: 2026/03/12-11:53:05-GMT  BuildTime: Aug  4 2022 06:17:15  BuildStamp: freesurfer-linux-ubuntu22_x86_64-7.3.2-20220804-6354275  User: oesteban  Machine: dna085  Platform: Linux  PlatformVersion: 5.14.0-427.37.1.el9_4.x86_64  CompilerName: GCC  CompilerVersion: 8.4.0
ProgramName: mris_topo_fixer  ProgramArguments: mris_topo_fixer -all-info  ProgramVersion: 7.3.2  TimeStamp: 2026/03/12-11:53:05-GMT  BuildTime: Aug  4 2022 06:17:15  BuildStamp: freesurfer-linux-ubuntu22_x86_64-7.3.2-20220804-6354275  User: oesteban  Machine: dna085  Platform: Linux  PlatformVersion: 5.14.0-427.37.1.el9_4.x86_64  CompilerName: GCC  CompilerVersion: 8.4.0
ProgramName: mris_jacobian  ProgramArguments: mris_jacobian -all-info  ProgramVersion: 7.3.2  TimeStamp: 2026/03/12-11:53:05-GMT  BuildTime: Aug  4 2022 06:17:15  BuildStamp: freesurfer-linux-ubuntu22_x86_64-7.3.2-20220804-6354275  User: oesteban  Machine: dna085  Platform: Linux  PlatformVersion: 5.14.0-427.37.1.el9_4.x86_64  CompilerName: GCC  CompilerVersion: 8.4.0
ProgramName: mris_label2annot  ProgramArguments: mris_label2annot -all-info  ProgramVersion: 7.3.2  TimeStamp: 2026/03/12-11:53:05-GMT  BuildTime: Aug  4 2022 06:17:15  BuildStamp: freesurfer-linux-ubuntu22_x86_64-7.3.2-20220804-6354275  User: oesteban  Machine: dna085  Platform: Linux  PlatformVersion: 5.14.0-427.37.1.el9_4.x86_64  CompilerName: GCC  CompilerVersion: 8.4.0
ProgramName: mris_left_right_register  ProgramArguments: mris_left_right_register -all-info  ProgramVersion: 7.3.2  TimeStamp: 2026/03/12-11:53:05-GMT  BuildTime: Aug  4 2022 06:17:15  BuildStamp: freesurfer-linux-ubuntu22_x86_64-7.3.2-20220804-6354275  User: oesteban  Machine: dna085  Platform: Linux  PlatformVersion: 5.14.0-427.37.1.el9_4.x86_64  CompilerName: GCC  CompilerVersion: 8.4.0
ProgramName: mris_place_surface  ProgramArguments: mris_place_surface -all-info  ProgramVersion: 7.3.2  TimeStamp: 2026/03/12-11:53:05-GMT  BuildTime: Aug  4 2022 06:17:15  BuildStamp: freesurfer-linux-ubuntu22_x86_64-7.3.2-20220804-6354275  User: oesteban  Machine: dna085  Platform: Linux  PlatformVersion: 5.14.0-427.37.1.el9_4.x86_64  CompilerName: GCC  CompilerVersion: 8.4.0
ProgramName: mrisp_paint  ProgramArguments: mrisp_paint -all-info  ProgramVersion: 7.3.2  TimeStamp: 2026/03/12-11:53:05-GMT  BuildTime: Aug  4 2022 06:17:15  BuildStamp: freesurfer-linux-ubuntu22_x86_64-7.3.2-20220804-6354275  User: oesteban  Machine: dna085  Platform: Linux  PlatformVersion: 5.14.0-427.37.1.el9_4.x86_64  CompilerName: GCC  CompilerVersion: 8.4.0
ProgramName: mris_register  ProgramArguments: mris_register -all-info  ProgramVersion: 7.3.2  TimeStamp: 2026/03/12-11:53:05-GMT  BuildTime: Aug  4 2022 06:17:15  BuildStamp: freesurfer-linux-ubuntu22_x86_64-7.3.2-20220804-6354275  User: oesteban  Machine: dna085  Platform: Linux  PlatformVersion: 5.14.0-427.37.1.el9_4.x86_64  CompilerName: GCC  CompilerVersion: 8.4.0
ProgramName: mris_smooth  ProgramArguments: mris_smooth -all-info  ProgramVersion: 7.3.2  TimeStamp: 2026/03/12-11:53:05-GMT  BuildTime: Aug  4 2022 06:17:15  BuildStamp: freesurfer-linux-ubuntu22_x86_64-7.3.2-20220804-6354275  User: oesteban  Machine: dna085  Platform: Linux  PlatformVersion: 5.14.0-427.37.1.el9_4.x86_64  CompilerName: GCC  CompilerVersion: 8.4.0
ProgramName: mris_sphere  ProgramArguments: mris_sphere -all-info  ProgramVersion: 7.3.2  TimeStamp: 2026/03/12-11:53:05-GMT  BuildTime: Aug  4 2022 06:17:15  BuildStamp: freesurfer-linux-ubuntu22_x86_64-7.3.2-20220804-6354275  User: oesteban  Machine: dna085  Platform: Linux  PlatformVersion: 5.14.0-427.37.1.el9_4.x86_64  CompilerName: GCC  CompilerVersion: 8.4.0
ProgramName: mris_surface_stats  ProgramArguments: mris_surface_stats -all-info  ProgramVersion: 7.3.2  TimeStamp: 2026/03/12-11:53:05-GMT  BuildTime: Aug  4 2022 06:17:15  BuildStamp: freesurfer-linux-ubuntu22_x86_64-7.3.2-20220804-6354275  User: oesteban  Machine: dna085  Platform: Linux  PlatformVersion: 5.14.0-427.37.1.el9_4.x86_64  CompilerName: GCC  CompilerVersion: 8.4.0
ProgramName: mri_stats2seg  ProgramArguments: mri_stats2seg -all-info  ProgramVersion: 7.3.2  TimeStamp: 2026/03/12-11:53:05-GMT  BuildTime: Aug  4 2022 06:17:15  BuildStamp: freesurfer-linux-ubuntu22_x86_64-7.3.2-20220804-6354275  User: oesteban  Machine: dna085  Platform: Linux  PlatformVersion: 5.14.0-427.37.1.el9_4.x86_64  CompilerName: GCC  CompilerVersion: 8.4.0
ProgramName: mris_thickness  ProgramArguments: mris_thickness -all-info  ProgramVersion: 7.3.2  TimeStamp: 2026/03/12-11:53:05-GMT  BuildTime: Aug  4 2022 06:17:15  BuildStamp: freesurfer-linux-ubuntu22_x86_64-7.3.2-20220804-6354275  User: oesteban  Machine: dna085  Platform: Linux  PlatformVersion: 5.14.0-427.37.1.el9_4.x86_64  CompilerName: GCC  CompilerVersion: 8.4.0
ProgramName: mris_thickness_diff  ProgramArguments: mris_thickness_diff -all-info  ProgramVersion: 7.3.2  TimeStamp: 2026/03/12-11:53:05-GMT  BuildTime: Aug  4 2022 06:17:15  BuildStamp: freesurfer-linux-ubuntu22_x86_64-7.3.2-20220804-6354275  User: oesteban  Machine: dna085  Platform: Linux  PlatformVersion: 5.14.0-427.37.1.el9_4.x86_64  CompilerName: GCC  CompilerVersion: 8.4.0
ProgramName: mris_topo_fixer  ProgramArguments: mris_topo_fixer -all-info  ProgramVersion: 7.3.2  TimeStamp: 2026/03/12-11:53:05-GMT  BuildTime: Aug  4 2022 06:17:15  BuildStamp: freesurfer-linux-ubuntu22_x86_64-7.3.2-20220804-6354275  User: oesteban  Machine: dna085  Platform: Linux  PlatformVersion: 5.14.0-427.37.1.el9_4.x86_64  CompilerName: GCC  CompilerVersion: 8.4.0
ProgramName: mri_surf2surf  ProgramArguments: mri_surf2surf -all-info  ProgramVersion: 7.3.2  TimeStamp: 2026/03/12-11:53:05-GMT  BuildTime: Aug  4 2022 06:17:15  BuildStamp: freesurfer-linux-ubuntu22_x86_64-7.3.2-20220804-6354275  User: oesteban  Machine: dna085  Platform: Linux  PlatformVersion: 5.14.0-427.37.1.el9_4.x86_64  CompilerName: GCC  CompilerVersion: 8.4.0
ProgramName: mri_surf2vol  ProgramArguments: mri_surf2vol -all-info  ProgramVersion: 7.3.2  TimeStamp: 2026/03/12-11:53:05-GMT  BuildTime: Aug  4 2022 06:17:15  BuildStamp: freesurfer-linux-ubuntu22_x86_64-7.3.2-20220804-6354275  User: oesteban  Machine: dna085  Platform: Linux  PlatformVersion: 5.14.0-427.37.1.el9_4.x86_64  CompilerName: GCC  CompilerVersion: 8.4.0
ProgramName: mri_surfcluster  ProgramArguments: mri_surfcluster -all-info  ProgramVersion: 7.3.2  TimeStamp: 2026/03/12-11:53:05-GMT  BuildTime: Aug  4 2022 06:17:15  BuildStamp: freesurfer-linux-ubuntu22_x86_64-7.3.2-20220804-6354275  User: oesteban  Machine: dna085  Platform: Linux  PlatformVersion: 5.14.0-427.37.1.el9_4.x86_64  CompilerName: GCC  CompilerVersion: 8.4.0
ProgramName: mris_volmask  ProgramArguments: mris_volmask -all-info  ProgramVersion: 7.3.2  TimeStamp: 2026/03/12-11:53:05-GMT  BuildTime: Aug  4 2022 06:17:15  BuildStamp: freesurfer-linux-ubuntu22_x86_64-7.3.2-20220804-6354275  User: oesteban  Machine: dna085  Platform: Linux  PlatformVersion: 5.14.0-427.37.1.el9_4.x86_64  CompilerName: GCC  CompilerVersion: 8.4.0
ProgramName: mri_tessellate  ProgramArguments: mri_tessellate -all-info  ProgramVersion: 7.3.2  TimeStamp: 2026/03/12-11:53:05-GMT  BuildTime: Aug  4 2022 06:17:15  BuildStamp: freesurfer-linux-ubuntu22_x86_64-7.3.2-20220804-6354275  User: oesteban  Machine: dna085  Platform: Linux  PlatformVersion: 5.14.0-427.37.1.el9_4.x86_64  CompilerName: GCC  CompilerVersion: 8.4.0
ProgramName: mri_vol2surf  ProgramArguments: mri_vol2surf -all-info  ProgramVersion: 7.3.2  TimeStamp: 2026/03/12-11:53:05-GMT  BuildTime: Aug  4 2022 06:17:15  BuildStamp: freesurfer-linux-ubuntu22_x86_64-7.3.2-20220804-6354275  User: oesteban  Machine: dna085  Platform: Linux  PlatformVersion: 5.14.0-427.37.1.el9_4.x86_64  CompilerName: GCC  CompilerVersion: 8.4.0
ProgramName: mri_vol2vol  ProgramArguments: mri_vol2vol -all-info  ProgramVersion: 7.3.2  TimeStamp: 2026/03/12-11:53:05-GMT  BuildTime: Aug  4 2022 06:17:15  BuildStamp: freesurfer-linux-ubuntu22_x86_64-7.3.2-20220804-6354275  User: oesteban  Machine: dna085  Platform: Linux  PlatformVersion: 5.14.0-427.37.1.el9_4.x86_64  CompilerName: GCC  CompilerVersion: 8.4.0
ProgramName: mri_voldiff  ProgramArguments: mri_voldiff -all-info  ProgramVersion: 7.3.2  TimeStamp: 2026/03/12-11:53:05-GMT  BuildTime: Aug  4 2022 06:17:15  BuildStamp: freesurfer-linux-ubuntu22_x86_64-7.3.2-20220804-6354275  User: oesteban  Machine: dna085  Platform: Linux  PlatformVersion: 5.14.0-427.37.1.el9_4.x86_64  CompilerName: GCC  CompilerVersion: 8.4.0
ProgramName: mri_watershed  ProgramArguments: mri_watershed -all-info  ProgramVersion: 7.3.2  TimeStamp: 2026/03/12-11:53:05-GMT  BuildTime: Aug  4 2022 06:17:15  BuildStamp: freesurfer-linux-ubuntu22_x86_64-7.3.2-20220804-6354275  User: oesteban  Machine: dna085  Platform: Linux  PlatformVersion: 5.14.0-427.37.1.el9_4.x86_64  CompilerName: GCC  CompilerVersion: 8.4.0
ProgramName: tkregister2  ProgramArguments: tkregister2_cmdl -all-info  ProgramVersion: 7.3.2  TimeStamp: 2026/03/12-11:53:05-GMT  BuildTime: Aug  4 2022 06:17:15  BuildStamp: freesurfer-linux-ubuntu22_x86_64-7.3.2-20220804-6354275  User: oesteban  Machine: dna085  Platform: Linux  PlatformVersion: 5.14.0-427.37.1.el9_4.x86_64  CompilerName: GCC  CompilerVersion: 8.4.0
mri_motion_correct.fsl 7.3.2
mri_convert -all-info 
ProgramName: mri_convert  ProgramArguments: mri_convert -all-info  ProgramVersion: 7.3.2  TimeStamp: 2026/03/12-11:53:05-GMT  BuildTime: Aug  4 2022 06:17:15  BuildStamp: freesurfer-linux-ubuntu22_x86_64-7.3.2-20220804-6354275  User: oesteban  Machine: dna085  Platform: Linux  PlatformVersion: 5.14.0-427.37.1.el9_4.x86_64  CompilerName: GCC  CompilerVersion: 8.4.0
Program nu_correct, built from:
Package MNI N3, version 1.12.0, compiled by nicks@terrier (x86_64-unknown-linux-gnu) on 2015-06-19 at 01:25:34
#######################################
GCADIR /opt/freesurfer/average
GCA RB_all_2020-01-02.gca
GCASkull RB_all_withskull_2020_01_02.gca
AvgCurvTif folding.atlas.acfb40.noaparc.i12.2016-08-02.tif
GCSDIR /opt/freesurfer/average
GCS DKaparc.atlas.acfb40.noaparc.i12.2016-08-02.gcs
#######################################
#--------------------------------------------
#@# AutoDetGWStats lh Thu Mar 12 12:53:05 CET 2026
cd /out/sourcedata/freesurfer/sub-v1s11x0050155_ses-1/mri
mris_autodet_gwstats --o ../surf/autodet.gw.stats.lh.dat --i brain.finalsurfs.mgz --wm wm.mgz --surf ../surf/lh.orig.premesh
  Update not needed
#--------------------------------------------
#@# WhitePreAparc lh Thu Mar 12 12:53:05 CET 2026
cd /out/sourcedata/freesurfer/sub-v1s11x0050155_ses-1/mri
mris_place_surface --adgws-in ../surf/autodet.gw.stats.lh.dat --wm wm.mgz --threads 16 --invol brain.finalsurfs.mgz --lh --i ../surf/lh.orig --o ../surf/lh.white.preaparc --white --seg aseg.presurf.mgz --nsmooth 5
   Update not needed
#--------------------------------------------
#@# CortexLabel lh Thu Mar 12 12:53:05 CET 2026
cd /out/sourcedata/freesurfer/sub-v1s11x0050155_ses-1/mri
mri_label2label --label-cortex ../surf/lh.white.preaparc aseg.presurf.mgz 0 ../label/lh.cortex.label
   Update not needed
#--------------------------------------------
#@# CortexLabel+HipAmyg lh Thu Mar 12 12:53:05 CET 2026
cd /out/sourcedata/freesurfer/sub-v1s11x0050155_ses-1/mri
mri_label2label --label-cortex ../surf/lh.white.preaparc aseg.presurf.mgz 1 ../label/lh.cortex+hipamyg.label
   Update not needed
#@# white curv lh Thu Mar 12 12:53:05 CET 2026
cd /out/sourcedata/freesurfer/sub-v1s11x0050155_ses-1/mri
mris_place_surface --curv-map ../surf/lh.white 2 10 ../surf/lh.curv
   Update not needed
#@# white area lh Thu Mar 12 12:53:05 CET 2026
cd /out/sourcedata/freesurfer/sub-v1s11x0050155_ses-1/mri
mris_place_surface --area-map ../surf/lh.white ../surf/lh.area
   Update not needed
#@# pial curv lh Thu Mar 12 12:53:05 CET 2026
cd /out/sourcedata/freesurfer/sub-v1s11x0050155_ses-1/mri
mris_place_surface --curv-map ../surf/lh.pial 2 10 ../surf/lh.curv.pial
   Update not needed
#@# pial area lh Thu Mar 12 12:53:05 CET 2026
cd /out/sourcedata/freesurfer/sub-v1s11x0050155_ses-1/mri
mris_place_surface --area-map ../surf/lh.pial ../surf/lh.area.pial
   Update not needed
#@# thickness lh Thu Mar 12 12:53:05 CET 2026
cd /out/sourcedata/freesurfer/sub-v1s11x0050155_ses-1/mri
mris_place_surface --thickness ../surf/lh.white ../surf/lh.pial 20 5 ../surf/lh.thickness
   Update not needed
#@# area and vertex vol lh Thu Mar 12 12:53:05 CET 2026
cd /out/sourcedata/freesurfer/sub-v1s11x0050155_ses-1/mri
mris_place_surface --thickness ../surf/lh.white ../surf/lh.pial 20 5 ../surf/lh.thickness
   Update not needed
#-----------------------------------------
#@# Parcellation Stats lh Thu Mar 12 12:53:05 CET 2026
/out/sourcedata/freesurfer/sub-v1s11x0050155_ses-1/scripts

 mris_anatomical_stats -th3 -mgz -noglobal -cortex ../label/lh.cortex.label -f ../stats/lh.aparc.stats -b -a ../label/lh.aparc.annot -c ../label/aparc.annot.ctab sub-v1s11x0050155_ses-1 lh white 

computing statistics for each annotation in ../label/lh.aparc.annot.
reading volume /out/sourcedata/freesurfer/sub-v1s11x0050155_ses-1/mri/wm.mgz...
reading input surface /out/sourcedata/freesurfer/sub-v1s11x0050155_ses-1/surf/lh.white...
reading input pial surface /out/sourcedata/freesurfer/sub-v1s11x0050155_ses-1/surf/lh.pial...
reading input white surface /out/sourcedata/freesurfer/sub-v1s11x0050155_ses-1/surf/lh.white...
INFO: using TH3 volume calc
INFO: assuming MGZ format for volumes.
INFO: not computing global stats
INFO: using ../label/lh.cortex.label as mask to calc cortex NumVert, SurfArea and MeanThickness.
Using TH3 vertex volume calc
Total face volume 326874
Total vertex volume 326632 (mask=0)
Saving annotation colortable ../label/aparc.annot.ctab

table columns are:
    number of vertices
    total surface area (mm^2)
    total gray matter volume (mm^3)
    average cortical thickness +- standard deviation (mm)
    integrated rectified mean curvature
    integrated rectified Gaussian curvature
    folding index
    intrinsic curvature index
    structure name

 1947   1354   4260  2.955 0.752     0.093     0.015       16     1.2  bankssts
 1019    682   1852  2.407 0.843     0.108     0.013       12     0.6  caudalanteriorcingulate
 4278   3047   9915  2.873 0.609     0.111     0.023       34     4.1  caudalmiddlefrontal
 3137   2128   4115  1.869 0.459     0.126     0.025       32     3.4  cuneus
  773    516   1998  3.052 0.765     0.105     0.023        6     0.6  entorhinal
 4993   3502  11876  2.930 0.663     0.118     0.022       52     4.6  fusiform
 7938   5673  16546  2.557 0.660     0.114     0.021       84     7.1  inferiorparietal
 6013   4226  13922  2.956 0.702     0.113     0.025       69     6.1  inferiortemporal
 2052   1395   4391  2.804 0.898     0.108     0.022       20     1.9  isthmuscingulate
 8984   5916  15121  2.279 0.666     0.121     0.022       91     8.4  lateraloccipital
 5052   3437  10484  2.882 0.744     0.115     0.026       49     5.9  lateralorbitofrontal
 5977   4142  10060  2.305 0.788     0.136     0.029       69     7.6  lingual
 3166   2265   6819  2.784 0.794     0.130     0.032       49     4.4  medialorbitofrontal
 5873   4073  16979  3.308 0.709     0.114     0.021       59     5.3  middletemporal
 1316    802   2742  2.987 0.752     0.089     0.024       12     1.3  parahippocampal
 2358   1461   4045  2.591 0.570     0.089     0.016       14     1.6  paracentral
 2543   1804   5731  2.813 0.598     0.104     0.018       23     1.9  parsopercularis
 1129    830   2676  2.576 0.628     0.124     0.019       14     0.9  parsorbitalis
 1953   1367   4181  2.655 0.670     0.108     0.018       16     1.5  parstriangularis
 3004   2001   2606  1.490 0.392     0.114     0.020       27     2.7  pericalcarine
 8399   5481  14506  2.303 0.797     0.103     0.019       68     6.8  postcentral
 1971   1359   3854  2.494 0.914     0.118     0.021       28     1.9  posteriorcingulate
 9309   6105  18045  2.708 0.673     0.102     0.020       64     7.8  precentral
 6563   4688  12837  2.634 0.639     0.116     0.022       58     6.3  precuneus
 1353    917   3005  2.708 1.075     0.109     0.025       13     1.5  rostralanteriorcingulate
 8470   6244  18960  2.551 0.724     0.125     0.025      105     9.5  rostralmiddlefrontal
13448   9710  36516  3.069 0.762     0.119     0.026      137    14.3  superiorfrontal
 9980   6989  16989  2.210 0.533     0.114     0.020       97     8.6  superiorparietal
 7761   5054  18947  3.280 0.738     0.094     0.017       57     5.6  superiortemporal
 7637   5421  16317  2.714 0.665     0.113     0.020       73     6.4  supramarginal
  413    318   1605  3.085 1.039     0.142     0.039        9     0.7  frontalpole
  785    609   3273  3.888 0.780     0.118     0.028        9     0.9  temporalpole
  869    542   1733  2.649 0.481     0.095     0.015        7     0.5  transversetemporal
 4273   3001   9723  3.354 0.755     0.115     0.028       41     4.5  insula

 mris_anatomical_stats -th3 -mgz -noglobal -cortex ../label/lh.cortex.label -f ../stats/lh.aparc.pial.stats -b -a ../label/lh.aparc.annot -c ../label/aparc.annot.ctab sub-v1s11x0050155_ses-1 lh pial 

computing statistics for each annotation in ../label/lh.aparc.annot.
reading volume /out/sourcedata/freesurfer/sub-v1s11x0050155_ses-1/mri/wm.mgz...
reading input surface /out/sourcedata/freesurfer/sub-v1s11x0050155_ses-1/surf/lh.pial...
reading input pial surface /out/sourcedata/freesurfer/sub-v1s11x0050155_ses-1/surf/lh.pial...
reading input white surface /out/sourcedata/freesurfer/sub-v1s11x0050155_ses-1/surf/lh.white...
INFO: using TH3 volume calc
INFO: assuming MGZ format for volumes.
INFO: not computing global stats
INFO: using ../label/lh.cortex.label as mask to calc cortex NumVert, SurfArea and MeanThickness.
Using TH3 vertex volume calc
Total face volume 326874
Total vertex volume 326632 (mask=0)
Saving annotation colortable ../label/aparc.annot.ctab

table columns are:
    number of vertices
    total surface area (mm^2)
    total gray matter volume (mm^3)
    average cortical thickness +- standard deviation (mm)
    integrated rectified mean curvature
    integrated rectified Gaussian curvature
    folding index
    intrinsic curvature index
    structure name

 1947   1447   4260  2.955 0.752     0.109     0.019       36     1.4  bankssts
 1019    841   1852  2.407 0.843     0.154     0.040       81     1.3  caudalanteriorcingulate
 4278   3623   9915  2.873 0.609     0.124     0.025     1055     4.5  caudalmiddlefrontal
 3137   2482   4115  1.869 0.459     0.124     0.025       39     3.5  cuneus
  773    779   1998  3.052 0.765     0.213     0.065       16     2.4  entorhinal
 4993   4527  11876  2.930 0.663     0.145     0.035      112     7.5  fusiform
 7938   6987  16546  2.557 0.660     0.137     0.026      104     8.8  inferiorparietal
 6013   5116  13922  2.956 0.702     0.145     0.183     1312     8.1  inferiortemporal
 2052   1798   4391  2.804 0.898     0.170     0.052      104     4.7  isthmuscingulate
 8984   7306  15121  2.279 0.666     0.117     0.025      124     8.8  lateraloccipital
 5052   3945  10484  2.882 0.744     0.127     0.033      120     6.8  lateralorbitofrontal
 5977   4915  10060  2.305 0.788     0.145     0.036     2745     8.0  lingual
 3166   2752   6819  2.784 0.794     0.140     0.033       53     4.1  medialorbitofrontal
 5873   6016  16979  3.308 0.709     0.152     0.230      117     8.3  middletemporal
 1316   1104   2742  2.987 0.752     0.137     0.036       18     2.2  parahippocampal
 2358   1692   4045  2.591 0.570     0.104     0.019       27     1.9  paracentral
 2543   2279   5731  2.813 0.598     0.133     0.024       75     2.6  parsopercularis
 1129   1225   2676  2.576 0.628     0.175     0.029       43     1.5  parsorbitalis
 1953   1686   4181  2.655 0.670     0.135     0.027       26     2.2  parstriangularis
 3004   1691   2606  1.490 0.392     0.087     0.019       42     2.2  pericalcarine
 8399   6896  14506  2.303 0.797     0.119     0.022      100     8.0  postcentral
 1971   1715   3854  2.494 0.914     0.163     0.045     1270     3.9  posteriorcingulate
 9309   6876  18045  2.708 0.673     0.103     0.020      107     7.5  precentral
 6563   5101  12837  2.634 0.639     0.132     0.032      114     8.1  precuneus
 1353   1112   3005  2.708 1.075     0.133     0.030       14     1.6  rostralanteriorcingulate
 8470   8165  18960  2.551 0.724     0.160     0.032      376    12.2  rostralmiddlefrontal
13448  13227  36516  3.069 0.762     0.154     0.033      231    18.4  superiorfrontal
 9980   8205  16989  2.210 0.533     0.128     0.023      112     9.2  superiorparietal
 7761   6292  18947  3.280 0.738     0.122     0.688     1984     8.6  superiortemporal
 7637   6391  16317  2.714 0.665     0.144     0.050    31342     8.7  supramarginal
  413    634   1605  3.085 1.039     0.240     0.041        6     0.9  frontalpole
  785   1088   3273  3.888 0.780     0.200     0.040       14     1.3  temporalpole
  869    795   1733  2.649 0.481     0.133     0.029        7     1.2  transversetemporal
 4273   2751   9723  3.354 0.755     0.134     0.039       98     6.6  insula
#-----------------------------------------
#@# Parcellation Stats 2 lh Thu Mar 12 12:53:26 CET 2026
/out/sourcedata/freesurfer/sub-v1s11x0050155_ses-1/scripts

 mris_anatomical_stats -th3 -mgz -noglobal -cortex ../label/lh.cortex.label -f ../stats/lh.aparc.a2009s.stats -b -a ../label/lh.aparc.a2009s.annot -c ../label/aparc.annot.a2009s.ctab sub-v1s11x0050155_ses-1 lh white 

computing statistics for each annotation in ../label/lh.aparc.a2009s.annot.
reading volume /out/sourcedata/freesurfer/sub-v1s11x0050155_ses-1/mri/wm.mgz...
reading input surface /out/sourcedata/freesurfer/sub-v1s11x0050155_ses-1/surf/lh.white...
reading input pial surface /out/sourcedata/freesurfer/sub-v1s11x0050155_ses-1/surf/lh.pial...
reading input white surface /out/sourcedata/freesurfer/sub-v1s11x0050155_ses-1/surf/lh.white...
INFO: using TH3 volume calc
INFO: assuming MGZ format for volumes.
INFO: not computing global stats
INFO: using ../label/lh.cortex.label as mask to calc cortex NumVert, SurfArea and MeanThickness.
Using TH3 vertex volume calc
Total face volume 326874
Total vertex volume 326632 (mask=0)
Saving annotation colortable ../label/aparc.annot.a2009s.ctab

table columns are:
    number of vertices
    total surface area (mm^2)
    total gray matter volume (mm^3)
    average cortical thickness +- standard deviation (mm)
    integrated rectified mean curvature
    integrated rectified Gaussian curvature
    folding index
    intrinsic curvature index
    structure name

 1384    983   2925  2.462 0.821     0.122     0.025       16     1.5  G_and_S_frontomargin
 1693   1202   3665  2.648 0.641     0.142     0.029       21     2.0  G_and_S_occipital_inf
 1819   1106   3084  2.338 0.588     0.102     0.020       15     1.5  G_and_S_paracentral
 2416   1663   5610  2.990 0.592     0.117     0.021       23     2.1  G_and_S_subcentral
  792    635   2637  2.715 0.943     0.148     0.034       15     1.1  G_and_S_transv_frontopol
 2624   1853   5948  2.902 0.754     0.107     0.021       23     2.4  G_and_S_cingul-Ant
 1386    938   2776  2.980 0.581     0.099     0.016        9     0.9  G_and_S_cingul-Mid-Ant
 1327    919   2886  2.830 0.681     0.099     0.018       10     1.0  G_and_S_cingul-Mid-Post
  898    610   2713  3.247 0.654     0.130     0.026       12     1.0  G_cingul-Post-dorsal
  461    304   1197  3.088 0.831     0.122     0.031        5     0.6  G_cingul-Post-ventral
 2818   1918   3512  1.748 0.431     0.131     0.025       29     3.1  G_cuneus
 1468   1072   4205  3.058 0.629     0.124     0.024       20     1.5  G_front_inf-Opercular
  477    341   1390  2.848 0.401     0.129     0.021        7     0.5  G_front_inf-Orbital
 1110    836   3494  3.064 0.551     0.139     0.027       15     1.3  G_front_inf-Triangul
 4834   3744  14417  2.838 0.763     0.140     0.033       75     6.6  G_front_middle
 9448   6904  29348  3.229 0.750     0.129     0.031      118    12.0  G_front_sup
  856    618   2150  3.525 0.691     0.132     0.031       11     1.1  G_Ins_lg_and_S_cent_ins
  762    572   2977  3.889 0.688     0.131     0.033       12     1.0  G_insular_short
 2570   1757   6328  2.773 0.634     0.134     0.025       36     2.7  G_occipital_middle
 2153   1423   3378  2.037 0.498     0.130     0.023       25     2.1  G_occipital_sup
 2063   1476   5494  2.966 0.580     0.131     0.023       29     2.0  G_oc-temp_lat-fusifor
 4340   2987   7538  2.203 0.819     0.144     0.032       57     6.0  G_oc-temp_med-Lingual
 1487    914   3634  3.031 0.739     0.097     0.028       14     1.5  G_oc-temp_med-Parahip
 2956   2063   7327  2.798 0.845     0.124     0.030       37     3.9  G_orbital
 3003   2292   7708  2.665 0.682     0.134     0.027       48     3.5  G_pariet_inf-Angular
 3772   2812  10643  2.976 0.731     0.129     0.027       52     4.0  G_pariet_inf-Supramar
 3383   2464   7174  2.347 0.568     0.121     0.023       40     3.4  G_parietal_sup
 3276   2076   6291  2.368 0.703     0.108     0.023       30     3.1  G_postcentral
 3346   2152   8181  2.884 0.669     0.109     0.026       29     3.7  G_precentral
 2948   2157   7740  2.741 0.661     0.132     0.028       40     3.5  G_precuneus
 1214    860   2757  2.516 0.825     0.150     0.046       24     2.7  G_rectus
  918    594   1621  2.788 0.956     0.123     0.049       13     1.2  G_subcallosal
  676    402   1457  2.661 0.468     0.097     0.017        6     0.5  G_temp_sup-G_T_transv
 2626   1733   8902  3.534 0.731     0.120     0.024       32     2.6  G_temp_sup-Lateral
 1096    694   2769  3.564 0.783     0.054     0.008        2     0.4  G_temp_sup-Plan_polar
 1312    872   2809  3.024 0.584     0.072     0.009        6     0.6  G_temp_sup-Plan_tempo
 2757   2017   8021  2.930 0.738     0.127     0.032       47     3.9  G_temporal_inf
 2969   2111  11483  3.578 0.661     0.132     0.028       42     3.4  G_temporal_middle
  357    232    413  1.985 0.400     0.074     0.009        1     0.1  Lat_Fis-ant-Horizont
  293    208    500  2.734 0.723     0.093     0.014        1     0.2  Lat_Fis-ant-Vertical
 1345    927   1948  2.718 0.422     0.118     0.021       10     1.2  Lat_Fis-post
 2511   1576   3105  1.797 0.493     0.116     0.020       26     2.3  Pole_occipital
 1929   1430   7049  3.500 0.839     0.126     0.032       24     2.4  Pole_temporal
 3922   2734   4580  1.924 0.798     0.120     0.023       37     4.4  S_calcarine
 3907   2575   4300  1.874 0.626     0.097     0.017       23     2.9  S_central
 1166    765   1607  2.366 0.556     0.088     0.013        5     0.7  S_cingul-Marginalis
  668    440   1135  3.232 0.640     0.083     0.013        2     0.3  S_circular_insula_ant
 1487    969   2531  3.285 0.734     0.074     0.011        5     0.7  S_circular_insula_inf
 2119   1393   3182  2.935 0.569     0.090     0.015        8     1.4  S_circular_insula_sup
 1224    822   2455  3.098 0.516     0.097     0.015        7     0.7  S_collat_transv_ant
  620    424    770  2.180 0.364     0.107     0.016        4     0.5  S_collat_transv_post
 2401   1594   3435  2.340 0.448     0.093     0.012       13     1.4  S_front_inf
 1558   1123   2877  2.486 0.693     0.117     0.022       15     1.6  S_front_middle
 3661   2540   6417  2.593 0.608     0.096     0.018       22     2.8  S_front_sup
  525    346    736  2.410 0.332     0.083     0.009        2     0.3  S_interm_prim-Jensen
 3626   2441   4778  2.152 0.505     0.095     0.012       20     2.1  S_intrapariet_and_P_trans
 1462    975   1731  2.097 0.428     0.099     0.016        7     1.0  S_oc_middle_and_Lunatus
 1559   1066   2172  2.149 0.512     0.121     0.022       14     1.6  S_oc_sup_and_transversal
  855    564   1611  2.794 0.651     0.085     0.014        4     0.4  S_occipital_ant
 1144    812   1908  2.674 0.623     0.114     0.021        9     0.9  S_oc-temp_lat
 2247   1529   3750  2.851 0.584     0.089     0.012       10     1.1  S_oc-temp_med_and_Lingual
  399    273    583  2.563 0.458     0.103     0.014        2     0.2  S_orbital_lateral
  840    562   1081  2.403 0.498     0.093     0.013        5     0.4  S_orbital_med-olfact
 1830   1315   3728  2.953 0.659     0.121     0.024       17     1.9  S_orbital-H_Shaped
 3151   2160   4686  2.368 0.567     0.107     0.018       23     2.5  S_parieto_occipital
 1555   1030   1385  1.651 0.713     0.102     0.015       25     1.1  S_pericallosal
 3793   2557   5687  2.327 0.585     0.097     0.015       23     2.4  S_postcentral
 2453   1637   4225  2.881 0.453     0.090     0.014       12     1.4  S_precentral-inf-part
 1717   1121   2614  2.673 0.440     0.082     0.011        7     0.8  S_precentral-sup-part
  548    430   1249  3.310 0.618     0.138     0.021        8     0.5  S_suborbital
 1289    880   1899  2.552 0.397     0.101     0.017        7     1.0  S_subparietal
 2233   1509   3542  2.878 0.625     0.094     0.014       11     1.3  S_temporal_inf
 8342   5648  16057  2.901 0.731     0.098     0.017       58     5.8  S_temporal_sup
  562    372    712  2.436 0.439     0.088     0.009        3     0.2  S_temporal_transverse
#-----------------------------------------
#@# Parcellation Stats 3 lh Thu Mar 12 12:53:36 CET 2026
/out/sourcedata/freesurfer/sub-v1s11x0050155_ses-1/scripts

 mris_anatomical_stats -th3 -mgz -noglobal -cortex ../label/lh.cortex.label -f ../stats/lh.aparc.DKTatlas.stats -b -a ../label/lh.aparc.DKTatlas.annot -c ../label/aparc.annot.DKTatlas.ctab sub-v1s11x0050155_ses-1 lh white 

computing statistics for each annotation in ../label/lh.aparc.DKTatlas.annot.
reading volume /out/sourcedata/freesurfer/sub-v1s11x0050155_ses-1/mri/wm.mgz...
reading input surface /out/sourcedata/freesurfer/sub-v1s11x0050155_ses-1/surf/lh.white...
reading input pial surface /out/sourcedata/freesurfer/sub-v1s11x0050155_ses-1/surf/lh.pial...
reading input white surface /out/sourcedata/freesurfer/sub-v1s11x0050155_ses-1/surf/lh.white...
INFO: using TH3 volume calc
INFO: assuming MGZ format for volumes.
INFO: not computing global stats
INFO: using ../label/lh.cortex.label as mask to calc cortex NumVert, SurfArea and MeanThickness.
Using TH3 vertex volume calc
Total face volume 326874
Total vertex volume 326632 (mask=0)
Saving annotation colortable ../label/aparc.annot.DKTatlas.ctab

table columns are:
    number of vertices
    total surface area (mm^2)
    total gray matter volume (mm^3)
    average cortical thickness +- standard deviation (mm)
    integrated rectified mean curvature
    integrated rectified Gaussian curvature
    folding index
    intrinsic curvature index
    structure name

 1950   1281   4019  2.841 0.871     0.102     0.015       18     1.3  caudalanteriorcingulate
 4570   3241  10619  2.881 0.630     0.111     0.023       37     4.4  caudalmiddlefrontal
 4248   2917   5879  1.945 0.478     0.124     0.024       41     4.4  cuneus
  631    430   1693  3.050 0.782     0.106     0.023        5     0.5  entorhinal
 4659   3267  10330  2.864 0.610     0.116     0.019       46     3.9  fusiform
 7957   5673  16291  2.553 0.657     0.116     0.022       84     7.3  inferiorparietal
 5899   4173  14476  2.953 0.745     0.117     0.028       72     6.4  inferiortemporal
 2054   1393   4365  2.829 0.879     0.110     0.023       20     2.0  isthmuscingulate
 8970   5923  14972  2.269 0.653     0.121     0.022       91     8.4  lateraloccipital
 5514   3830  11761  2.844 0.786     0.120     0.029       59     7.0  lateralorbitofrontal
 6076   4215  10155  2.283 0.786     0.136     0.029       71     7.8  lingual
 2948   2111   6513  2.780 0.824     0.137     0.038       49     4.6  medialorbitofrontal
 7702   5367  21060  3.227 0.709     0.111     0.021       74     6.7  middletemporal
 1363    830   2893  3.021 0.733     0.087     0.023       12     1.2  parahippocampal
 2797   1717   5108  2.700 0.610     0.086     0.015       15     1.9  paracentral
 2400   1697   5265  2.785 0.589     0.102     0.018       22     1.8  parsopercularis
 1197    844   2578  2.651 0.499     0.107     0.016       12     0.8  parsorbitalis
 2314   1617   5059  2.693 0.681     0.113     0.018       19     1.9  parstriangularis
 3048   2023   2663  1.496 0.394     0.113     0.020       26     2.8  pericalcarine
 9466   6211  16040  2.316 0.775     0.104     0.019       76     7.6  postcentral
 2162   1504   4394  2.540 0.897     0.120     0.022       30     2.1  posteriorcingulate
 9175   6026  17775  2.716 0.667     0.103     0.020       64     7.8  precentral
 6430   4589  12761  2.620 0.658     0.117     0.022       61     6.2  precuneus
 1901   1289   3871  2.734 0.971     0.108     0.022       16     1.9  rostralanteriorcingulate
 6137   4525  14179  2.603 0.725     0.125     0.025       77     6.7  rostralmiddlefrontal
14052  10343  37856  2.951 0.807     0.123     0.028      158    15.9  superiorfrontal
 7948   5570  13813  2.233 0.542     0.114     0.019       77     6.8  superiorparietal
10056   6649  25155  3.290 0.767     0.094     0.017       74     7.1  superiortemporal
 6991   4988  15385  2.730 0.687     0.113     0.021       70     6.0  supramarginal
  861    535   1713  2.640 0.483     0.093     0.015        7     0.5  transversetemporal
 3260   2282   7992  3.497 0.705     0.106     0.021       28     2.7  insula
/out/sourcedata/freesurfer/sub-v1s11x0050155_ses-1/label
#--------------------------------------------
#@# BA_exvivo Labels lh Thu Mar 12 12:53:47 CET 2026

 mri_label2label --srcsubject fsaverage --srclabel /out/sourcedata/freesurfer/fsaverage/label/lh.BA1_exvivo.label --trgsubject sub-v1s11x0050155_ses-1 --trglabel ./lh.BA1_exvivo.label --hemi lh --regmethod surface 


srclabel = /out/sourcedata/freesurfer/fsaverage/label/lh.BA1_exvivo.label
srcsubject = fsaverage
trgsubject = sub-v1s11x0050155_ses-1
trglabel = ./lh.BA1_exvivo.label
regmethod = surface

srchemi = lh
trghemi = lh
trgsurface = white
srcsurfreg = sphere.reg
trgsurfreg = sphere.reg
usehash = 1
Use ProjAbs  = 0, 0
Use ProjFrac = 0, 0
DoPaint 0

SUBJECTS_DIR    /out/sourcedata/freesurfer
FREESURFER_HOME /opt/freesurfer
Loading source label.
Found 4129 points in source label.
Starting surface-based mapping
Reading source registration 
 /out/sourcedata/freesurfer/fsaverage/surf/lh.sphere.reg
Rescaling ...  original radius = 100
Reading target surface 
 /out/sourcedata/freesurfer/sub-v1s11x0050155_ses-1/surf/lh.white
Reading target registration 
 /out/sourcedata/freesurfer/sub-v1s11x0050155_ses-1/surf/lh.sphere.reg
Rescaling ...  original radius = 100
Building target registration hash (res=16).
Building source registration hash (res=16).
INFO: found  4129 nlabel points
Performing mapping from target back to the source label 164358
Number of reverse mapping hits = 561
Checking for and removing duplicates
Writing label file ./lh.BA1_exvivo.label 4690
mri_label2label: Done


 mri_label2label --srcsubject fsaverage --srclabel /out/sourcedata/freesurfer/fsaverage/label/lh.BA2_exvivo.label --trgsubject sub-v1s11x0050155_ses-1 --trglabel ./lh.BA2_exvivo.label --hemi lh --regmethod surface 


srclabel = /out/sourcedata/freesurfer/fsaverage/label/lh.BA2_exvivo.label
srcsubject = fsaverage
trgsubject = sub-v1s11x0050155_ses-1
trglabel = ./lh.BA2_exvivo.label
regmethod = surface

srchemi = lh
trghemi = lh
trgsurface = white
srcsurfreg = sphere.reg
trgsurfreg = sphere.reg
usehash = 1
Use ProjAbs  = 0, 0
Use ProjFrac = 0, 0
DoPaint 0

SUBJECTS_DIR    /out/sourcedata/freesurfer
FREESURFER_HOME /opt/freesurfer
Loading source label.
Found 7909 points in source label.
Starting surface-based mapping
Reading source registration 
 /out/sourcedata/freesurfer/fsaverage/surf/lh.sphere.reg
Rescaling ...  original radius = 100
Reading target surface 
 /out/sourcedata/freesurfer/sub-v1s11x0050155_ses-1/surf/lh.white
Reading target registration 
 /out/sourcedata/freesurfer/sub-v1s11x0050155_ses-1/surf/lh.sphere.reg
Rescaling ...  original radius = 100
Building target registration hash (res=16).
Building source registration hash (res=16).
INFO: found  7909 nlabel points
Performing mapping from target back to the source label 164358
Number of reverse mapping hits = 859
Checking for and removing duplicates
Writing label file ./lh.BA2_exvivo.label 8768
mri_label2label: Done


 mri_label2label --srcsubject fsaverage --srclabel /out/sourcedata/freesurfer/fsaverage/label/lh.BA3a_exvivo.label --trgsubject sub-v1s11x0050155_ses-1 --trglabel ./lh.BA3a_exvivo.label --hemi lh --regmethod surface 


srclabel = /out/sourcedata/freesurfer/fsaverage/label/lh.BA3a_exvivo.label
srcsubject = fsaverage
trgsubject = sub-v1s11x0050155_ses-1
trglabel = ./lh.BA3a_exvivo.label
regmethod = surface

srchemi = lh
trghemi = lh
trgsurface = white
srcsurfreg = sphere.reg
trgsurfreg = sphere.reg
usehash = 1
Use ProjAbs  = 0, 0
Use ProjFrac = 0, 0
DoPaint 0

SUBJECTS_DIR    /out/sourcedata/freesurfer
FREESURFER_HOME /opt/freesurfer
Loading source label.
Found 4077 points in source label.
Starting surface-based mapping
Reading source registration 
 /out/sourcedata/freesurfer/fsaverage/surf/lh.sphere.reg
Rescaling ...  original radius = 100
Reading target surface 
 /out/sourcedata/freesurfer/sub-v1s11x0050155_ses-1/surf/lh.white
Reading target registration 
 /out/sourcedata/freesurfer/sub-v1s11x0050155_ses-1/surf/lh.sphere.reg
Rescaling ...  original radius = 100
Building target registration hash (res=16).
Building source registration hash (res=16).
INFO: found  4077 nlabel points
Performing mapping from target back to the source label 164358
Number of reverse mapping hits = 192
Checking for and removing duplicates
Writing label file ./lh.BA3a_exvivo.label 4269
mri_label2label: Done


 mri_label2label --srcsubject fsaverage --srclabel /out/sourcedata/freesurfer/fsaverage/label/lh.BA3b_exvivo.label --trgsubject sub-v1s11x0050155_ses-1 --trglabel ./lh.BA3b_exvivo.label --hemi lh --regmethod surface 


srclabel = /out/sourcedata/freesurfer/fsaverage/label/lh.BA3b_exvivo.label
srcsubject = fsaverage
trgsubject = sub-v1s11x0050155_ses-1
trglabel = ./lh.BA3b_exvivo.label
regmethod = surface

srchemi = lh
trghemi = lh
trgsurface = white
srcsurfreg = sphere.reg
trgsurfreg = sphere.reg
usehash = 1
Use ProjAbs  = 0, 0
Use ProjFrac = 0, 0
DoPaint 0

SUBJECTS_DIR    /out/sourcedata/freesurfer
FREESURFER_HOME /opt/freesurfer
Loading source label.
Found 5983 points in source label.
Starting surface-based mapping
Reading source registration 
 /out/sourcedata/freesurfer/fsaverage/surf/lh.sphere.reg
Rescaling ...  original radius = 100
Reading target surface 
 /out/sourcedata/freesurfer/sub-v1s11x0050155_ses-1/surf/lh.white
Reading target registration 
 /out/sourcedata/freesurfer/sub-v1s11x0050155_ses-1/surf/lh.sphere.reg
Rescaling ...  original radius = 100
Building target registration hash (res=16).
Building source registration hash (res=16).
INFO: found  5983 nlabel points
Performing mapping from target back to the source label 164358
Number of reverse mapping hits = 696
Checking for and removing duplicates
Writing label file ./lh.BA3b_exvivo.label 6679
mri_label2label: Done


 mri_label2label --srcsubject fsaverage --srclabel /out/sourcedata/freesurfer/fsaverage/label/lh.BA4a_exvivo.label --trgsubject sub-v1s11x0050155_ses-1 --trglabel ./lh.BA4a_exvivo.label --hemi lh --regmethod surface 


srclabel = /out/sourcedata/freesurfer/fsaverage/label/lh.BA4a_exvivo.label
srcsubject = fsaverage
trgsubject = sub-v1s11x0050155_ses-1
trglabel = ./lh.BA4a_exvivo.label
regmethod = surface

srchemi = lh
trghemi = lh
trgsurface = white
srcsurfreg = sphere.reg
trgsurfreg = sphere.reg
usehash = 1
Use ProjAbs  = 0, 0
Use ProjFrac = 0, 0
DoPaint 0

SUBJECTS_DIR    /out/sourcedata/freesurfer
FREESURFER_HOME /opt/freesurfer
Loading source label.
Found 5784 points in source label.
Starting surface-based mapping
Reading source registration 
 /out/sourcedata/freesurfer/fsaverage/surf/lh.sphere.reg
Rescaling ...  original radius = 100
Reading target surface 
 /out/sourcedata/freesurfer/sub-v1s11x0050155_ses-1/surf/lh.white
Reading target registration 
 /out/sourcedata/freesurfer/sub-v1s11x0050155_ses-1/surf/lh.sphere.reg
Rescaling ...  original radius = 100
Building target registration hash (res=16).
Building source registration hash (res=16).
INFO: found  5784 nlabel points
Performing mapping from target back to the source label 164358
Number of reverse mapping hits = 441
Checking for and removing duplicates
Writing label file ./lh.BA4a_exvivo.label 6225
mri_label2label: Done


 mri_label2label --srcsubject fsaverage --srclabel /out/sourcedata/freesurfer/fsaverage/label/lh.BA4p_exvivo.label --trgsubject sub-v1s11x0050155_ses-1 --trglabel ./lh.BA4p_exvivo.label --hemi lh --regmethod surface 


srclabel = /out/sourcedata/freesurfer/fsaverage/label/lh.BA4p_exvivo.label
srcsubject = fsaverage
trgsubject = sub-v1s11x0050155_ses-1
trglabel = ./lh.BA4p_exvivo.label
regmethod = surface

srchemi = lh
trghemi = lh
trgsurface = white
srcsurfreg = sphere.reg
trgsurfreg = sphere.reg
usehash = 1
Use ProjAbs  = 0, 0
Use ProjFrac = 0, 0
DoPaint 0

SUBJECTS_DIR    /out/sourcedata/freesurfer
FREESURFER_HOME /opt/freesurfer
Loading source label.
Found 4070 points in source label.
Starting surface-based mapping
Reading source registration 
 /out/sourcedata/freesurfer/fsaverage/surf/lh.sphere.reg
Rescaling ...  original radius = 100
Reading target surface 
 /out/sourcedata/freesurfer/sub-v1s11x0050155_ses-1/surf/lh.white
Reading target registration 
 /out/sourcedata/freesurfer/sub-v1s11x0050155_ses-1/surf/lh.sphere.reg
Rescaling ...  original radius = 100
Building target registration hash (res=16).
Building source registration hash (res=16).
INFO: found  4070 nlabel points
Performing mapping from target back to the source label 164358
Number of reverse mapping hits = 233
Checking for and removing duplicates
Writing label file ./lh.BA4p_exvivo.label 4303
mri_label2label: Done


 mri_label2label --srcsubject fsaverage --srclabel /out/sourcedata/freesurfer/fsaverage/label/lh.BA6_exvivo.label --trgsubject sub-v1s11x0050155_ses-1 --trglabel ./lh.BA6_exvivo.label --hemi lh --regmethod surface 


srclabel = /out/sourcedata/freesurfer/fsaverage/label/lh.BA6_exvivo.label
srcsubject = fsaverage
trgsubject = sub-v1s11x0050155_ses-1
trglabel = ./lh.BA6_exvivo.label
regmethod = surface

srchemi = lh
trghemi = lh
trgsurface = white
srcsurfreg = sphere.reg
trgsurfreg = sphere.reg
usehash = 1
Use ProjAbs  = 0, 0
Use ProjFrac = 0, 0
DoPaint 0

SUBJECTS_DIR    /out/sourcedata/freesurfer
FREESURFER_HOME /opt/freesurfer
Loading source label.
Found 13589 points in source label.
Starting surface-based mapping
Reading source registration 
 /out/sourcedata/freesurfer/fsaverage/surf/lh.sphere.reg
Rescaling ...  original radius = 100
Reading target surface 
 /out/sourcedata/freesurfer/sub-v1s11x0050155_ses-1/surf/lh.white
Reading target registration 
 /out/sourcedata/freesurfer/sub-v1s11x0050155_ses-1/surf/lh.sphere.reg
Rescaling ...  original radius = 100
Building target registration hash (res=16).
Building source registration hash (res=16).
INFO: found  13589 nlabel points
Performing mapping from target back to the source label 164358
Number of reverse mapping hits = 1799
Checking for and removing duplicates
Writing label file ./lh.BA6_exvivo.label 15388
mri_label2label: Done


 mri_label2label --srcsubject fsaverage --srclabel /out/sourcedata/freesurfer/fsaverage/label/lh.BA44_exvivo.label --trgsubject sub-v1s11x0050155_ses-1 --trglabel ./lh.BA44_exvivo.label --hemi lh --regmethod surface 


srclabel = /out/sourcedata/freesurfer/fsaverage/label/lh.BA44_exvivo.label
srcsubject = fsaverage
trgsubject = sub-v1s11x0050155_ses-1
trglabel = ./lh.BA44_exvivo.label
regmethod = surface

srchemi = lh
trghemi = lh
trgsurface = white
srcsurfreg = sphere.reg
trgsurfreg = sphere.reg
usehash = 1
Use ProjAbs  = 0, 0
Use ProjFrac = 0, 0
DoPaint 0

SUBJECTS_DIR    /out/sourcedata/freesurfer
FREESURFER_HOME /opt/freesurfer
Loading source label.
Found 4181 points in source label.
Starting surface-based mapping
Reading source registration 
 /out/sourcedata/freesurfer/fsaverage/surf/lh.sphere.reg
Rescaling ...  original radius = 100
Reading target surface 
 /out/sourcedata/freesurfer/sub-v1s11x0050155_ses-1/surf/lh.white
Reading target registration 
 /out/sourcedata/freesurfer/sub-v1s11x0050155_ses-1/surf/lh.sphere.reg
Rescaling ...  original radius = 100
Building target registration hash (res=16).
Building source registration hash (res=16).
INFO: found  4181 nlabel points
Performing mapping from target back to the source label 164358
Number of reverse mapping hits = 433
Checking for and removing duplicates
Writing label file ./lh.BA44_exvivo.label 4614
mri_label2label: Done


 mri_label2label --srcsubject fsaverage --srclabel /out/sourcedata/freesurfer/fsaverage/label/lh.BA45_exvivo.label --trgsubject sub-v1s11x0050155_ses-1 --trglabel ./lh.BA45_exvivo.label --hemi lh --regmethod surface 


srclabel = /out/sourcedata/freesurfer/fsaverage/label/lh.BA45_exvivo.label
srcsubject = fsaverage
trgsubject = sub-v1s11x0050155_ses-1
trglabel = ./lh.BA45_exvivo.label
regmethod = surface

srchemi = lh
trghemi = lh
trgsurface = white
srcsurfreg = sphere.reg
trgsurfreg = sphere.reg
usehash = 1
Use ProjAbs  = 0, 0
Use ProjFrac = 0, 0
DoPaint 0

SUBJECTS_DIR    /out/sourcedata/freesurfer
FREESURFER_HOME /opt/freesurfer
Loading source label.
Found 3422 points in source label.
Starting surface-based mapping
Reading source registration 
 /out/sourcedata/freesurfer/fsaverage/surf/lh.sphere.reg
Rescaling ...  original radius = 100
Reading target surface 
 /out/sourcedata/freesurfer/sub-v1s11x0050155_ses-1/surf/lh.white
Reading target registration 
 /out/sourcedata/freesurfer/sub-v1s11x0050155_ses-1/surf/lh.sphere.reg
Rescaling ...  original radius = 100
Building target registration hash (res=16).
Building source registration hash (res=16).
INFO: found  3422 nlabel points
Performing mapping from target back to the source label 164358
Number of reverse mapping hits = 362
Checking for and removing duplicates
Writing label file ./lh.BA45_exvivo.label 3784
mri_label2label: Done


 mri_label2label --srcsubject fsaverage --srclabel /out/sourcedata/freesurfer/fsaverage/label/lh.V1_exvivo.label --trgsubject sub-v1s11x0050155_ses-1 --trglabel ./lh.V1_exvivo.label --hemi lh --regmethod surface 


srclabel = /out/sourcedata/freesurfer/fsaverage/label/lh.V1_exvivo.label
srcsubject = fsaverage
trgsubject = sub-v1s11x0050155_ses-1
trglabel = ./lh.V1_exvivo.label
regmethod = surface

srchemi = lh
trghemi = lh
trgsurface = white
srcsurfreg = sphere.reg
trgsurfreg = sphere.reg
usehash = 1
Use ProjAbs  = 0, 0
Use ProjFrac = 0, 0
DoPaint 0

SUBJECTS_DIR    /out/sourcedata/freesurfer
FREESURFER_HOME /opt/freesurfer
Loading source label.
Found 4641 points in source label.
Starting surface-based mapping
Reading source registration 
 /out/sourcedata/freesurfer/fsaverage/surf/lh.sphere.reg
Rescaling ...  original radius = 100
Reading target surface 
 /out/sourcedata/freesurfer/sub-v1s11x0050155_ses-1/surf/lh.white
Reading target registration 
 /out/sourcedata/freesurfer/sub-v1s11x0050155_ses-1/surf/lh.sphere.reg
Rescaling ...  original radius = 100
Building target registration hash (res=16).
Building source registration hash (res=16).
INFO: found  4641 nlabel points
Performing mapping from target back to the source label 164358
Number of reverse mapping hits = 2793
Checking for and removing duplicates
Writing label file ./lh.V1_exvivo.label 7434
mri_label2label: Done


 mri_label2label --srcsubject fsaverage --srclabel /out/sourcedata/freesurfer/fsaverage/label/lh.V2_exvivo.label --trgsubject sub-v1s11x0050155_ses-1 --trglabel ./lh.V2_exvivo.label --hemi lh --regmethod surface 


srclabel = /out/sourcedata/freesurfer/fsaverage/label/lh.V2_exvivo.label
srcsubject = fsaverage
trgsubject = sub-v1s11x0050155_ses-1
trglabel = ./lh.V2_exvivo.label
regmethod = surface

srchemi = lh
trghemi = lh
trgsurface = white
srcsurfreg = sphere.reg
trgsurfreg = sphere.reg
usehash = 1
Use ProjAbs  = 0, 0
Use ProjFrac = 0, 0
DoPaint 0

SUBJECTS_DIR    /out/sourcedata/freesurfer
FREESURFER_HOME /opt/freesurfer
Loading source label.
Found 8114 points in source label.
Starting surface-based mapping
Reading source registration 
 /out/sourcedata/freesurfer/fsaverage/surf/lh.sphere.reg
Rescaling ...  original radius = 100
Reading target surface 
 /out/sourcedata/freesurfer/sub-v1s11x0050155_ses-1/surf/lh.white
Reading target registration 
 /out/sourcedata/freesurfer/sub-v1s11x0050155_ses-1/surf/lh.sphere.reg
Rescaling ...  original radius = 100
Building target registration hash (res=16).
Building source registration hash (res=16).
INFO: found  8114 nlabel points
Performing mapping from target back to the source label 164358
Number of reverse mapping hits = 4375
Checking for and removing duplicates
Writing label file ./lh.V2_exvivo.label 12489
mri_label2label: Done


 mri_label2label --srcsubject fsaverage --srclabel /out/sourcedata/freesurfer/fsaverage/label/lh.MT_exvivo.label --trgsubject sub-v1s11x0050155_ses-1 --trglabel ./lh.MT_exvivo.label --hemi lh --regmethod surface 


srclabel = /out/sourcedata/freesurfer/fsaverage/label/lh.MT_exvivo.label
srcsubject = fsaverage
trgsubject = sub-v1s11x0050155_ses-1
trglabel = ./lh.MT_exvivo.label
regmethod = surface

srchemi = lh
trghemi = lh
trgsurface = white
srcsurfreg = sphere.reg
trgsurfreg = sphere.reg
usehash = 1
Use ProjAbs  = 0, 0
Use ProjFrac = 0, 0
DoPaint 0

SUBJECTS_DIR    /out/sourcedata/freesurfer
FREESURFER_HOME /opt/freesurfer
Loading source label.
Found 2018 points in source label.
Starting surface-based mapping
Reading source registration 
 /out/sourcedata/freesurfer/fsaverage/surf/lh.sphere.reg
Rescaling ...  original radius = 100
Reading target surface 
 /out/sourcedata/freesurfer/sub-v1s11x0050155_ses-1/surf/lh.white
Reading target registration 
 /out/sourcedata/freesurfer/sub-v1s11x0050155_ses-1/surf/lh.sphere.reg
Rescaling ...  original radius = 100
Building target registration hash (res=16).
Building source registration hash (res=16).
INFO: found  2018 nlabel points
Performing mapping from target back to the source label 164358
Number of reverse mapping hits = 457
Checking for and removing duplicates
Writing label file ./lh.MT_exvivo.label 2475
mri_label2label: Done


 mri_label2label --srcsubject fsaverage --srclabel /out/sourcedata/freesurfer/fsaverage/label/lh.entorhinal_exvivo.label --trgsubject sub-v1s11x0050155_ses-1 --trglabel ./lh.entorhinal_exvivo.label --hemi lh --regmethod surface 


srclabel = /out/sourcedata/freesurfer/fsaverage/label/lh.entorhinal_exvivo.label
srcsubject = fsaverage
trgsubject = sub-v1s11x0050155_ses-1
trglabel = ./lh.entorhinal_exvivo.label
regmethod = surface

srchemi = lh
trghemi = lh
trgsurface = white
srcsurfreg = sphere.reg
trgsurfreg = sphere.reg
usehash = 1
Use ProjAbs  = 0, 0
Use ProjFrac = 0, 0
DoPaint 0

SUBJECTS_DIR    /out/sourcedata/freesurfer
FREESURFER_HOME /opt/freesurfer
Loading source label.
Found 1290 points in source label.
Starting surface-based mapping
Reading source registration 
 /out/sourcedata/freesurfer/fsaverage/surf/lh.sphere.reg
Rescaling ...  original radius = 100
Reading target surface 
 /out/sourcedata/freesurfer/sub-v1s11x0050155_ses-1/surf/lh.white
Reading target registration 
 /out/sourcedata/freesurfer/sub-v1s11x0050155_ses-1/surf/lh.sphere.reg
Rescaling ...  original radius = 100
Building target registration hash (res=16).
Building source registration hash (res=16).
INFO: found  1290 nlabel points
Performing mapping from target back to the source label 164358
Number of reverse mapping hits = 197
Checking for and removing duplicates
Writing label file ./lh.entorhinal_exvivo.label 1487
mri_label2label: Done


 mri_label2label --srcsubject fsaverage --srclabel /out/sourcedata/freesurfer/fsaverage/label/lh.perirhinal_exvivo.label --trgsubject sub-v1s11x0050155_ses-1 --trglabel ./lh.perirhinal_exvivo.label --hemi lh --regmethod surface 


srclabel = /out/sourcedata/freesurfer/fsaverage/label/lh.perirhinal_exvivo.label
srcsubject = fsaverage
trgsubject = sub-v1s11x0050155_ses-1
trglabel = ./lh.perirhinal_exvivo.label
regmethod = surface

srchemi = lh
trghemi = lh
trgsurface = white
srcsurfreg = sphere.reg
trgsurfreg = sphere.reg
usehash = 1
Use ProjAbs  = 0, 0
Use ProjFrac = 0, 0
DoPaint 0

SUBJECTS_DIR    /out/sourcedata/freesurfer
FREESURFER_HOME /opt/freesurfer
Loading source label.
Found 1199 points in source label.
Starting surface-based mapping
Reading source registration 
 /out/sourcedata/freesurfer/fsaverage/surf/lh.sphere.reg
Rescaling ...  original radius = 100
Reading target surface 
 /out/sourcedata/freesurfer/sub-v1s11x0050155_ses-1/surf/lh.white
Reading target registration 
 /out/sourcedata/freesurfer/sub-v1s11x0050155_ses-1/surf/lh.sphere.reg
Rescaling ...  original radius = 100
Building target registration hash (res=16).
Building source registration hash (res=16).
INFO: found  1199 nlabel points
Performing mapping from target back to the source label 164358
Number of reverse mapping hits = 132
Checking for and removing duplicates
Writing label file ./lh.perirhinal_exvivo.label 1331
mri_label2label: Done


 mri_label2label --srcsubject fsaverage --srclabel /out/sourcedata/freesurfer/fsaverage/label/lh.FG1.mpm.vpnl.label --trgsubject sub-v1s11x0050155_ses-1 --trglabel ./lh.FG1.mpm.vpnl.label --hemi lh --regmethod surface 


srclabel = /out/sourcedata/freesurfer/fsaverage/label/lh.FG1.mpm.vpnl.label
srcsubject = fsaverage
trgsubject = sub-v1s11x0050155_ses-1
trglabel = ./lh.FG1.mpm.vpnl.label
regmethod = surface

srchemi = lh
trghemi = lh
trgsurface = white
srcsurfreg = sphere.reg
trgsurfreg = sphere.reg
usehash = 1
Use ProjAbs  = 0, 0
Use ProjFrac = 0, 0
DoPaint 0

SUBJECTS_DIR    /out/sourcedata/freesurfer
FREESURFER_HOME /opt/freesurfer
Loading source label.
Found 414 points in source label.
Starting surface-based mapping
Reading source registration 
 /out/sourcedata/freesurfer/fsaverage/surf/lh.sphere.reg
Rescaling ...  original radius = 100
Reading target surface 
 /out/sourcedata/freesurfer/sub-v1s11x0050155_ses-1/surf/lh.white
Reading target registration 
 /out/sourcedata/freesurfer/sub-v1s11x0050155_ses-1/surf/lh.sphere.reg
Rescaling ...  original radius = 100
Building target registration hash (res=16).
Building source registration hash (res=16).
INFO: found  414 nlabel points
Performing mapping from target back to the source label 164358
Number of reverse mapping hits = 146
Checking for and removing duplicates
Writing label file ./lh.FG1.mpm.vpnl.label 560
mri_label2label: Done


 mri_label2label --srcsubject fsaverage --srclabel /out/sourcedata/freesurfer/fsaverage/label/lh.FG2.mpm.vpnl.label --trgsubject sub-v1s11x0050155_ses-1 --trglabel ./lh.FG2.mpm.vpnl.label --hemi lh --regmethod surface 


srclabel = /out/sourcedata/freesurfer/fsaverage/label/lh.FG2.mpm.vpnl.label
srcsubject = fsaverage
trgsubject = sub-v1s11x0050155_ses-1
trglabel = ./lh.FG2.mpm.vpnl.label
regmethod = surface

srchemi = lh
trghemi = lh
trgsurface = white
srcsurfreg = sphere.reg
trgsurfreg = sphere.reg
usehash = 1
Use ProjAbs  = 0, 0
Use ProjFrac = 0, 0
DoPaint 0

SUBJECTS_DIR    /out/sourcedata/freesurfer
FREESURFER_HOME /opt/freesurfer
Loading source label.
Found 703 points in source label.
Starting surface-based mapping
Reading source registration 
 /out/sourcedata/freesurfer/fsaverage/surf/lh.sphere.reg
Rescaling ...  original radius = 100
Reading target surface 
 /out/sourcedata/freesurfer/sub-v1s11x0050155_ses-1/surf/lh.white
Reading target registration 
 /out/sourcedata/freesurfer/sub-v1s11x0050155_ses-1/surf/lh.sphere.reg
Rescaling ...  original radius = 100
Building target registration hash (res=16).
Building source registration hash (res=16).
INFO: found  703 nlabel points
Performing mapping from target back to the source label 164358
Number of reverse mapping hits = 207
Checking for and removing duplicates
Writing label file ./lh.FG2.mpm.vpnl.label 910
mri_label2label: Done


 mri_label2label --srcsubject fsaverage --srclabel /out/sourcedata/freesurfer/fsaverage/label/lh.FG3.mpm.vpnl.label --trgsubject sub-v1s11x0050155_ses-1 --trglabel ./lh.FG3.mpm.vpnl.label --hemi lh --regmethod surface 


srclabel = /out/sourcedata/freesurfer/fsaverage/label/lh.FG3.mpm.vpnl.label
srcsubject = fsaverage
trgsubject = sub-v1s11x0050155_ses-1
trglabel = ./lh.FG3.mpm.vpnl.label
regmethod = surface

srchemi = lh
trghemi = lh
trgsurface = white
srcsurfreg = sphere.reg
trgsurfreg = sphere.reg
usehash = 1
Use ProjAbs  = 0, 0
Use ProjFrac = 0, 0
DoPaint 0

SUBJECTS_DIR    /out/sourcedata/freesurfer
FREESURFER_HOME /opt/freesurfer
Loading source label.
Found 1873 points in source label.
Starting surface-based mapping
Reading source registration 
 /out/sourcedata/freesurfer/fsaverage/surf/lh.sphere.reg
Rescaling ...  original radius = 100
Reading target surface 
 /out/sourcedata/freesurfer/sub-v1s11x0050155_ses-1/surf/lh.white
Reading target registration 
 /out/sourcedata/freesurfer/sub-v1s11x0050155_ses-1/surf/lh.sphere.reg
Rescaling ...  original radius = 100
Building target registration hash (res=16).
Building source registration hash (res=16).
INFO: found  1873 nlabel points
Performing mapping from target back to the source label 164358
Number of reverse mapping hits = 250
Checking for and removing duplicates
Writing label file ./lh.FG3.mpm.vpnl.label 2123
mri_label2label: Done


 mri_label2label --srcsubject fsaverage --srclabel /out/sourcedata/freesurfer/fsaverage/label/lh.FG4.mpm.vpnl.label --trgsubject sub-v1s11x0050155_ses-1 --trglabel ./lh.FG4.mpm.vpnl.label --hemi lh --regmethod surface 


srclabel = /out/sourcedata/freesurfer/fsaverage/label/lh.FG4.mpm.vpnl.label
srcsubject = fsaverage
trgsubject = sub-v1s11x0050155_ses-1
trglabel = ./lh.FG4.mpm.vpnl.label
regmethod = surface

srchemi = lh
trghemi = lh
trgsurface = white
srcsurfreg = sphere.reg
trgsurfreg = sphere.reg
usehash = 1
Use ProjAbs  = 0, 0
Use ProjFrac = 0, 0
DoPaint 0

SUBJECTS_DIR    /out/sourcedata/freesurfer
FREESURFER_HOME /opt/freesurfer
Loading source label.
Found 2101 points in source label.
Starting surface-based mapping
Reading source registration 
 /out/sourcedata/freesurfer/fsaverage/surf/lh.sphere.reg
Rescaling ...  original radius = 100
Reading target surface 
 /out/sourcedata/freesurfer/sub-v1s11x0050155_ses-1/surf/lh.white
Reading target registration 
 /out/sourcedata/freesurfer/sub-v1s11x0050155_ses-1/surf/lh.sphere.reg
Rescaling ...  original radius = 100
Building target registration hash (res=16).
Building source registration hash (res=16).
INFO: found  2101 nlabel points
Performing mapping from target back to the source label 164358
Number of reverse mapping hits = 627
Checking for and removing duplicates
Writing label file ./lh.FG4.mpm.vpnl.label 2728
mri_label2label: Done


 mri_label2label --srcsubject fsaverage --srclabel /out/sourcedata/freesurfer/fsaverage/label/lh.hOc1.mpm.vpnl.label --trgsubject sub-v1s11x0050155_ses-1 --trglabel ./lh.hOc1.mpm.vpnl.label --hemi lh --regmethod surface 


srclabel = /out/sourcedata/freesurfer/fsaverage/label/lh.hOc1.mpm.vpnl.label
srcsubject = fsaverage
trgsubject = sub-v1s11x0050155_ses-1
trglabel = ./lh.hOc1.mpm.vpnl.label
regmethod = surface

srchemi = lh
trghemi = lh
trgsurface = white
srcsurfreg = sphere.reg
trgsurfreg = sphere.reg
usehash = 1
Use ProjAbs  = 0, 0
Use ProjFrac = 0, 0
DoPaint 0

SUBJECTS_DIR    /out/sourcedata/freesurfer
FREESURFER_HOME /opt/freesurfer
Loading source label.
Found 3877 points in source label.
Starting surface-based mapping
Reading source registration 
 /out/sourcedata/freesurfer/fsaverage/surf/lh.sphere.reg
Rescaling ...  original radius = 100
Reading target surface 
 /out/sourcedata/freesurfer/sub-v1s11x0050155_ses-1/surf/lh.white
Reading target registration 
 /out/sourcedata/freesurfer/sub-v1s11x0050155_ses-1/surf/lh.sphere.reg
Rescaling ...  original radius = 100
Building target registration hash (res=16).
Building source registration hash (res=16).
INFO: found  3877 nlabel points
Performing mapping from target back to the source label 164358
Number of reverse mapping hits = 2378
Checking for and removing duplicates
Writing label file ./lh.hOc1.mpm.vpnl.label 6255
mri_label2label: Done


 mri_label2label --srcsubject fsaverage --srclabel /out/sourcedata/freesurfer/fsaverage/label/lh.hOc2.mpm.vpnl.label --trgsubject sub-v1s11x0050155_ses-1 --trglabel ./lh.hOc2.mpm.vpnl.label --hemi lh --regmethod surface 


srclabel = /out/sourcedata/freesurfer/fsaverage/label/lh.hOc2.mpm.vpnl.label
srcsubject = fsaverage
trgsubject = sub-v1s11x0050155_ses-1
trglabel = ./lh.hOc2.mpm.vpnl.label
regmethod = surface

srchemi = lh
trghemi = lh
trgsurface = white
srcsurfreg = sphere.reg
trgsurfreg = sphere.reg
usehash = 1
Use ProjAbs  = 0, 0
Use ProjFrac = 0, 0
DoPaint 0

SUBJECTS_DIR    /out/sourcedata/freesurfer
FREESURFER_HOME /opt/freesurfer
Loading source label.
Found 2919 points in source label.
Starting surface-based mapping
Reading source registration 
 /out/sourcedata/freesurfer/fsaverage/surf/lh.sphere.reg
Rescaling ...  original radius = 100
Reading target surface 
 /out/sourcedata/freesurfer/sub-v1s11x0050155_ses-1/surf/lh.white
Reading target registration 
 /out/sourcedata/freesurfer/sub-v1s11x0050155_ses-1/surf/lh.sphere.reg
Rescaling ...  original radius = 100
Building target registration hash (res=16).
Building source registration hash (res=16).
INFO: found  2919 nlabel points
Performing mapping from target back to the source label 164358
Number of reverse mapping hits = 1836
Checking for and removing duplicates
Writing label file ./lh.hOc2.mpm.vpnl.label 4755
mri_label2label: Done


 mri_label2label --srcsubject fsaverage --srclabel /out/sourcedata/freesurfer/fsaverage/label/lh.hOc3v.mpm.vpnl.label --trgsubject sub-v1s11x0050155_ses-1 --trglabel ./lh.hOc3v.mpm.vpnl.label --hemi lh --regmethod surface 


srclabel = /out/sourcedata/freesurfer/fsaverage/label/lh.hOc3v.mpm.vpnl.label
srcsubject = fsaverage
trgsubject = sub-v1s11x0050155_ses-1
trglabel = ./lh.hOc3v.mpm.vpnl.label
regmethod = surface

srchemi = lh
trghemi = lh
trgsurface = white
srcsurfreg = sphere.reg
trgsurfreg = sphere.reg
usehash = 1
Use ProjAbs  = 0, 0
Use ProjFrac = 0, 0
DoPaint 0

SUBJECTS_DIR    /out/sourcedata/freesurfer
FREESURFER_HOME /opt/freesurfer
Loading source label.
Found 1286 points in source label.
Starting surface-based mapping
Reading source registration 
 /out/sourcedata/freesurfer/fsaverage/surf/lh.sphere.reg
Rescaling ...  original radius = 100
Reading target surface 
 /out/sourcedata/freesurfer/sub-v1s11x0050155_ses-1/surf/lh.white
Reading target registration 
 /out/sourcedata/freesurfer/sub-v1s11x0050155_ses-1/surf/lh.sphere.reg
Rescaling ...  original radius = 100
Building target registration hash (res=16).
Building source registration hash (res=16).
INFO: found  1286 nlabel points
Performing mapping from target back to the source label 164358
Number of reverse mapping hits = 675
Checking for and removing duplicates
Writing label file ./lh.hOc3v.mpm.vpnl.label 1961
mri_label2label: Done


 mri_label2label --srcsubject fsaverage --srclabel /out/sourcedata/freesurfer/fsaverage/label/lh.hOc4v.mpm.vpnl.label --trgsubject sub-v1s11x0050155_ses-1 --trglabel ./lh.hOc4v.mpm.vpnl.label --hemi lh --regmethod surface 


srclabel = /out/sourcedata/freesurfer/fsaverage/label/lh.hOc4v.mpm.vpnl.label
srcsubject = fsaverage
trgsubject = sub-v1s11x0050155_ses-1
trglabel = ./lh.hOc4v.mpm.vpnl.label
regmethod = surface

srchemi = lh
trghemi = lh
trgsurface = white
srcsurfreg = sphere.reg
trgsurfreg = sphere.reg
usehash = 1
Use ProjAbs  = 0, 0
Use ProjFrac = 0, 0
DoPaint 0

SUBJECTS_DIR    /out/sourcedata/freesurfer
FREESURFER_HOME /opt/freesurfer
Loading source label.
Found 1006 points in source label.
Starting surface-based mapping
Reading source registration 
 /out/sourcedata/freesurfer/fsaverage/surf/lh.sphere.reg
Rescaling ...  original radius = 100
Reading target surface 
 /out/sourcedata/freesurfer/sub-v1s11x0050155_ses-1/surf/lh.white
Reading target registration 
 /out/sourcedata/freesurfer/sub-v1s11x0050155_ses-1/surf/lh.sphere.reg
Rescaling ...  original radius = 100
Building target registration hash (res=16).
Building source registration hash (res=16).
INFO: found  1006 nlabel points
Performing mapping from target back to the source label 164358
Number of reverse mapping hits = 465
Checking for and removing duplicates
Writing label file ./lh.hOc4v.mpm.vpnl.label 1471
mri_label2label: Done


 mris_label2annot --s sub-v1s11x0050155_ses-1 --ctab /opt/freesurfer/average/colortable_vpnl.txt --hemi lh --a mpm.vpnl --maxstatwinner --noverbose --l lh.FG1.mpm.vpnl.label --l lh.FG2.mpm.vpnl.label --l lh.FG3.mpm.vpnl.label --l lh.FG4.mpm.vpnl.label --l lh.hOc1.mpm.vpnl.label --l lh.hOc2.mpm.vpnl.label --l lh.hOc3v.mpm.vpnl.label --l lh.hOc4v.mpm.vpnl.label 

Reading ctab /opt/freesurfer/average/colortable_vpnl.txt
Number of ctab entries 9

7.3.2
cwd /out/sourcedata/freesurfer/sub-v1s11x0050155_ses-1/label
cmdline mris_label2annot --s sub-v1s11x0050155_ses-1 --ctab /opt/freesurfer/average/colortable_vpnl.txt --hemi lh --a mpm.vpnl --maxstatwinner --noverbose --l lh.FG1.mpm.vpnl.label --l lh.FG2.mpm.vpnl.label --l lh.FG3.mpm.vpnl.label --l lh.FG4.mpm.vpnl.label --l lh.hOc1.mpm.vpnl.label --l lh.hOc2.mpm.vpnl.label --l lh.hOc3v.mpm.vpnl.label --l lh.hOc4v.mpm.vpnl.label 
sysname  Linux
hostname dna085
machine  x86_64
user     oesteban

subject sub-v1s11x0050155_ses-1
hemi    lh
SUBJECTS_DIR /out/sourcedata/freesurfer
ColorTable /opt/freesurfer/average/colortable_vpnl.txt
AnnotName  mpm.vpnl
nlables 8
LabelThresh 0 0.000000
Loading /out/sourcedata/freesurfer/sub-v1s11x0050155_ses-1/surf/lh.orig
 1 1376057 FG1
 2 16711935 FG2
 3 16711680 FG3
 4 1705837 FG4
 5 25600 hOc1
 6 255 hOc2
 7 16776960 hOc3v
 8 65535 hOc4v
Mapping unhit to unknown
Found 144275 unhit vertices
Writing annot to /out/sourcedata/freesurfer/sub-v1s11x0050155_ses-1/label/lh.mpm.vpnl.annot

 mri_label2label --srcsubject fsaverage --srclabel /out/sourcedata/freesurfer/fsaverage/label/lh.BA1_exvivo.thresh.label --trgsubject sub-v1s11x0050155_ses-1 --trglabel ./lh.BA1_exvivo.thresh.label --hemi lh --regmethod surface 


srclabel = /out/sourcedata/freesurfer/fsaverage/label/lh.BA1_exvivo.thresh.label
srcsubject = fsaverage
trgsubject = sub-v1s11x0050155_ses-1
trglabel = ./lh.BA1_exvivo.thresh.label
regmethod = surface

srchemi = lh
trghemi = lh
trgsurface = white
srcsurfreg = sphere.reg
trgsurfreg = sphere.reg
usehash = 1
Use ProjAbs  = 0, 0
Use ProjFrac = 0, 0
DoPaint 0

SUBJECTS_DIR    /out/sourcedata/freesurfer
FREESURFER_HOME /opt/freesurfer
Loading source label.
Found 1014 points in source label.
Starting surface-based mapping
Reading source registration 
 /out/sourcedata/freesurfer/fsaverage/surf/lh.sphere.reg
Rescaling ...  original radius = 100
Reading target surface 
 /out/sourcedata/freesurfer/sub-v1s11x0050155_ses-1/surf/lh.white
Reading target registration 
 /out/sourcedata/freesurfer/sub-v1s11x0050155_ses-1/surf/lh.sphere.reg
Rescaling ...  original radius = 100
Building target registration hash (res=16).
Building source registration hash (res=16).
INFO: found  1014 nlabel points
Performing mapping from target back to the source label 164358
Number of reverse mapping hits = 129
Checking for and removing duplicates
Writing label file ./lh.BA1_exvivo.thresh.label 1143
mri_label2label: Done


 mri_label2label --srcsubject fsaverage --srclabel /out/sourcedata/freesurfer/fsaverage/label/lh.BA2_exvivo.thresh.label --trgsubject sub-v1s11x0050155_ses-1 --trglabel ./lh.BA2_exvivo.thresh.label --hemi lh --regmethod surface 


srclabel = /out/sourcedata/freesurfer/fsaverage/label/lh.BA2_exvivo.thresh.label
srcsubject = fsaverage
trgsubject = sub-v1s11x0050155_ses-1
trglabel = ./lh.BA2_exvivo.thresh.label
regmethod = surface

srchemi = lh
trghemi = lh
trgsurface = white
srcsurfreg = sphere.reg
trgsurfreg = sphere.reg
usehash = 1
Use ProjAbs  = 0, 0
Use ProjFrac = 0, 0
DoPaint 0

SUBJECTS_DIR    /out/sourcedata/freesurfer
FREESURFER_HOME /opt/freesurfer
Loading source label.
Found 2092 points in source label.
Starting surface-based mapping
Reading source registration 
 /out/sourcedata/freesurfer/fsaverage/surf/lh.sphere.reg
Rescaling ...  original radius = 100
Reading target surface 
 /out/sourcedata/freesurfer/sub-v1s11x0050155_ses-1/surf/lh.white
Reading target registration 
 /out/sourcedata/freesurfer/sub-v1s11x0050155_ses-1/surf/lh.sphere.reg
Rescaling ...  original radius = 100
Building target registration hash (res=16).
Building source registration hash (res=16).
INFO: found  2092 nlabel points
Performing mapping from target back to the source label 164358
Number of reverse mapping hits = 282
Checking for and removing duplicates
Writing label file ./lh.BA2_exvivo.thresh.label 2374
mri_label2label: Done


 mri_label2label --srcsubject fsaverage --srclabel /out/sourcedata/freesurfer/fsaverage/label/lh.BA3a_exvivo.thresh.label --trgsubject sub-v1s11x0050155_ses-1 --trglabel ./lh.BA3a_exvivo.thresh.label --hemi lh --regmethod surface 


srclabel = /out/sourcedata/freesurfer/fsaverage/label/lh.BA3a_exvivo.thresh.label
srcsubject = fsaverage
trgsubject = sub-v1s11x0050155_ses-1
trglabel = ./lh.BA3a_exvivo.thresh.label
regmethod = surface

srchemi = lh
trghemi = lh
trgsurface = white
srcsurfreg = sphere.reg
trgsurfreg = sphere.reg
usehash = 1
Use ProjAbs  = 0, 0
Use ProjFrac = 0, 0
DoPaint 0

SUBJECTS_DIR    /out/sourcedata/freesurfer
FREESURFER_HOME /opt/freesurfer
Loading source label.
Found 1504 points in source label.
Starting surface-based mapping
Reading source registration 
 /out/sourcedata/freesurfer/fsaverage/surf/lh.sphere.reg
Rescaling ...  original radius = 100
Reading target surface 
 /out/sourcedata/freesurfer/sub-v1s11x0050155_ses-1/surf/lh.white
Reading target registration 
 /out/sourcedata/freesurfer/sub-v1s11x0050155_ses-1/surf/lh.sphere.reg
Rescaling ...  original radius = 100
Building target registration hash (res=16).
Building source registration hash (res=16).
INFO: found  1504 nlabel points
Performing mapping from target back to the source label 164358
Number of reverse mapping hits = 37
Checking for and removing duplicates
Writing label file ./lh.BA3a_exvivo.thresh.label 1541
mri_label2label: Done


 mri_label2label --srcsubject fsaverage --srclabel /out/sourcedata/freesurfer/fsaverage/label/lh.BA3b_exvivo.thresh.label --trgsubject sub-v1s11x0050155_ses-1 --trglabel ./lh.BA3b_exvivo.thresh.label --hemi lh --regmethod surface 


srclabel = /out/sourcedata/freesurfer/fsaverage/label/lh.BA3b_exvivo.thresh.label
srcsubject = fsaverage
trgsubject = sub-v1s11x0050155_ses-1
trglabel = ./lh.BA3b_exvivo.thresh.label
regmethod = surface

srchemi = lh
trghemi = lh
trgsurface = white
srcsurfreg = sphere.reg
trgsurfreg = sphere.reg
usehash = 1
Use ProjAbs  = 0, 0
Use ProjFrac = 0, 0
DoPaint 0

SUBJECTS_DIR    /out/sourcedata/freesurfer
FREESURFER_HOME /opt/freesurfer
Loading source label.
Found 1996 points in source label.
Starting surface-based mapping
Reading source registration 
 /out/sourcedata/freesurfer/fsaverage/surf/lh.sphere.reg
Rescaling ...  original radius = 100
Reading target surface 
 /out/sourcedata/freesurfer/sub-v1s11x0050155_ses-1/surf/lh.white
Reading target registration 
 /out/sourcedata/freesurfer/sub-v1s11x0050155_ses-1/surf/lh.sphere.reg
Rescaling ...  original radius = 100
Building target registration hash (res=16).
Building source registration hash (res=16).
INFO: found  1996 nlabel points
Performing mapping from target back to the source label 164358
Number of reverse mapping hits = 236
Checking for and removing duplicates
Writing label file ./lh.BA3b_exvivo.thresh.label 2232
mri_label2label: Done


 mri_label2label --srcsubject fsaverage --srclabel /out/sourcedata/freesurfer/fsaverage/label/lh.BA4a_exvivo.thresh.label --trgsubject sub-v1s11x0050155_ses-1 --trglabel ./lh.BA4a_exvivo.thresh.label --hemi lh --regmethod surface 


srclabel = /out/sourcedata/freesurfer/fsaverage/label/lh.BA4a_exvivo.thresh.label
srcsubject = fsaverage
trgsubject = sub-v1s11x0050155_ses-1
trglabel = ./lh.BA4a_exvivo.thresh.label
regmethod = surface

srchemi = lh
trghemi = lh
trgsurface = white
srcsurfreg = sphere.reg
trgsurfreg = sphere.reg
usehash = 1
Use ProjAbs  = 0, 0
Use ProjFrac = 0, 0
DoPaint 0

SUBJECTS_DIR    /out/sourcedata/freesurfer
FREESURFER_HOME /opt/freesurfer
Loading source label.
Found 2319 points in source label.
Starting surface-based mapping
Reading source registration 
 /out/sourcedata/freesurfer/fsaverage/surf/lh.sphere.reg
Rescaling ...  original radius = 100
Reading target surface 
 /out/sourcedata/freesurfer/sub-v1s11x0050155_ses-1/surf/lh.white
Reading target registration 
 /out/sourcedata/freesurfer/sub-v1s11x0050155_ses-1/surf/lh.sphere.reg
Rescaling ...  original radius = 100
Building target registration hash (res=16).
Building source registration hash (res=16).
INFO: found  2319 nlabel points
Performing mapping from target back to the source label 164358
Number of reverse mapping hits = 150
Checking for and removing duplicates
Writing label file ./lh.BA4a_exvivo.thresh.label 2469
mri_label2label: Done


 mri_label2label --srcsubject fsaverage --srclabel /out/sourcedata/freesurfer/fsaverage/label/lh.BA4p_exvivo.thresh.label --trgsubject sub-v1s11x0050155_ses-1 --trglabel ./lh.BA4p_exvivo.thresh.label --hemi lh --regmethod surface 


srclabel = /out/sourcedata/freesurfer/fsaverage/label/lh.BA4p_exvivo.thresh.label
srcsubject = fsaverage
trgsubject = sub-v1s11x0050155_ses-1
trglabel = ./lh.BA4p_exvivo.thresh.label
regmethod = surface

srchemi = lh
trghemi = lh
trgsurface = white
srcsurfreg = sphere.reg
trgsurfreg = sphere.reg
usehash = 1
Use ProjAbs  = 0, 0
Use ProjFrac = 0, 0
DoPaint 0

SUBJECTS_DIR    /out/sourcedata/freesurfer
FREESURFER_HOME /opt/freesurfer
Loading source label.
Found 1549 points in source label.
Starting surface-based mapping
Reading source registration 
 /out/sourcedata/freesurfer/fsaverage/surf/lh.sphere.reg
Rescaling ...  original radius = 100
Reading target surface 
 /out/sourcedata/freesurfer/sub-v1s11x0050155_ses-1/surf/lh.white
Reading target registration 
 /out/sourcedata/freesurfer/sub-v1s11x0050155_ses-1/surf/lh.sphere.reg
Rescaling ...  original radius = 100
Building target registration hash (res=16).
Building source registration hash (res=16).
INFO: found  1549 nlabel points
Performing mapping from target back to the source label 164358
Number of reverse mapping hits = 67
Checking for and removing duplicates
Writing label file ./lh.BA4p_exvivo.thresh.label 1616
mri_label2label: Done


 mri_label2label --srcsubject fsaverage --srclabel /out/sourcedata/freesurfer/fsaverage/label/lh.BA6_exvivo.thresh.label --trgsubject sub-v1s11x0050155_ses-1 --trglabel ./lh.BA6_exvivo.thresh.label --hemi lh --regmethod surface 


srclabel = /out/sourcedata/freesurfer/fsaverage/label/lh.BA6_exvivo.thresh.label
srcsubject = fsaverage
trgsubject = sub-v1s11x0050155_ses-1
trglabel = ./lh.BA6_exvivo.thresh.label
regmethod = surface

srchemi = lh
trghemi = lh
trgsurface = white
srcsurfreg = sphere.reg
trgsurfreg = sphere.reg
usehash = 1
Use ProjAbs  = 0, 0
Use ProjFrac = 0, 0
DoPaint 0

SUBJECTS_DIR    /out/sourcedata/freesurfer
FREESURFER_HOME /opt/freesurfer
Loading source label.
Found 7035 points in source label.
Starting surface-based mapping
Reading source registration 
 /out/sourcedata/freesurfer/fsaverage/surf/lh.sphere.reg
Rescaling ...  original radius = 100
Reading target surface 
 /out/sourcedata/freesurfer/sub-v1s11x0050155_ses-1/surf/lh.white
Reading target registration 
 /out/sourcedata/freesurfer/sub-v1s11x0050155_ses-1/surf/lh.sphere.reg
Rescaling ...  original radius = 100
Building target registration hash (res=16).
Building source registration hash (res=16).
INFO: found  7035 nlabel points
Performing mapping from target back to the source label 164358
Number of reverse mapping hits = 728
Checking for and removing duplicates
Writing label file ./lh.BA6_exvivo.thresh.label 7763
mri_label2label: Done


 mri_label2label --srcsubject fsaverage --srclabel /out/sourcedata/freesurfer/fsaverage/label/lh.BA44_exvivo.thresh.label --trgsubject sub-v1s11x0050155_ses-1 --trglabel ./lh.BA44_exvivo.thresh.label --hemi lh --regmethod surface 


srclabel = /out/sourcedata/freesurfer/fsaverage/label/lh.BA44_exvivo.thresh.label
srcsubject = fsaverage
trgsubject = sub-v1s11x0050155_ses-1
trglabel = ./lh.BA44_exvivo.thresh.label
regmethod = surface

srchemi = lh
trghemi = lh
trgsurface = white
srcsurfreg = sphere.reg
trgsurfreg = sphere.reg
usehash = 1
Use ProjAbs  = 0, 0
Use ProjFrac = 0, 0
DoPaint 0

SUBJECTS_DIR    /out/sourcedata/freesurfer
FREESURFER_HOME /opt/freesurfer
Loading source label.
Found 1912 points in source label.
Starting surface-based mapping
Reading source registration 
 /out/sourcedata/freesurfer/fsaverage/surf/lh.sphere.reg
Rescaling ...  original radius = 100
Reading target surface 
 /out/sourcedata/freesurfer/sub-v1s11x0050155_ses-1/surf/lh.white
Reading target registration 
 /out/sourcedata/freesurfer/sub-v1s11x0050155_ses-1/surf/lh.sphere.reg
Rescaling ...  original radius = 100
Building target registration hash (res=16).
Building source registration hash (res=16).
INFO: found  1912 nlabel points
Performing mapping from target back to the source label 164358
Number of reverse mapping hits = 113
Checking for and removing duplicates
Writing label file ./lh.BA44_exvivo.thresh.label 2025
mri_label2label: Done


 mri_label2label --srcsubject fsaverage --srclabel /out/sourcedata/freesurfer/fsaverage/label/lh.BA45_exvivo.thresh.label --trgsubject sub-v1s11x0050155_ses-1 --trglabel ./lh.BA45_exvivo.thresh.label --hemi lh --regmethod surface 


srclabel = /out/sourcedata/freesurfer/fsaverage/label/lh.BA45_exvivo.thresh.label
srcsubject = fsaverage
trgsubject = sub-v1s11x0050155_ses-1
trglabel = ./lh.BA45_exvivo.thresh.label
regmethod = surface

srchemi = lh
trghemi = lh
trgsurface = white
srcsurfreg = sphere.reg
trgsurfreg = sphere.reg
usehash = 1
Use ProjAbs  = 0, 0
Use ProjFrac = 0, 0
DoPaint 0

SUBJECTS_DIR    /out/sourcedata/freesurfer
FREESURFER_HOME /opt/freesurfer
Loading source label.
Found 1151 points in source label.
Starting surface-based mapping
Reading source registration 
 /out/sourcedata/freesurfer/fsaverage/surf/lh.sphere.reg
Rescaling ...  original radius = 100
Reading target surface 
 /out/sourcedata/freesurfer/sub-v1s11x0050155_ses-1/surf/lh.white
Reading target registration 
 /out/sourcedata/freesurfer/sub-v1s11x0050155_ses-1/surf/lh.sphere.reg
Rescaling ...  original radius = 100
Building target registration hash (res=16).
Building source registration hash (res=16).
INFO: found  1151 nlabel points
Performing mapping from target back to the source label 164358
Number of reverse mapping hits = 183
Checking for and removing duplicates
Writing label file ./lh.BA45_exvivo.thresh.label 1334
mri_label2label: Done


 mri_label2label --srcsubject fsaverage --srclabel /out/sourcedata/freesurfer/fsaverage/label/lh.V1_exvivo.thresh.label --trgsubject sub-v1s11x0050155_ses-1 --trglabel ./lh.V1_exvivo.thresh.label --hemi lh --regmethod surface 


srclabel = /out/sourcedata/freesurfer/fsaverage/label/lh.V1_exvivo.thresh.label
srcsubject = fsaverage
trgsubject = sub-v1s11x0050155_ses-1
trglabel = ./lh.V1_exvivo.thresh.label
regmethod = surface

srchemi = lh
trghemi = lh
trgsurface = white
srcsurfreg = sphere.reg
trgsurfreg = sphere.reg
usehash = 1
Use ProjAbs  = 0, 0
Use ProjFrac = 0, 0
DoPaint 0

SUBJECTS_DIR    /out/sourcedata/freesurfer
FREESURFER_HOME /opt/freesurfer
Loading source label.
Found 3405 points in source label.
Starting surface-based mapping
Reading source registration 
 /out/sourcedata/freesurfer/fsaverage/surf/lh.sphere.reg
Rescaling ...  original radius = 100
Reading target surface 
 /out/sourcedata/freesurfer/sub-v1s11x0050155_ses-1/surf/lh.white
Reading target registration 
 /out/sourcedata/freesurfer/sub-v1s11x0050155_ses-1/surf/lh.sphere.reg
Rescaling ...  original radius = 100
Building target registration hash (res=16).
Building source registration hash (res=16).
INFO: found  3405 nlabel points
Performing mapping from target back to the source label 164358
Number of reverse mapping hits = 2180
Checking for and removing duplicates
Writing label file ./lh.V1_exvivo.thresh.label 5585
mri_label2label: Done


 mri_label2label --srcsubject fsaverage --srclabel /out/sourcedata/freesurfer/fsaverage/label/lh.V2_exvivo.thresh.label --trgsubject sub-v1s11x0050155_ses-1 --trglabel ./lh.V2_exvivo.thresh.label --hemi lh --regmethod surface 


srclabel = /out/sourcedata/freesurfer/fsaverage/label/lh.V2_exvivo.thresh.label
srcsubject = fsaverage
trgsubject = sub-v1s11x0050155_ses-1
trglabel = ./lh.V2_exvivo.thresh.label
regmethod = surface

srchemi = lh
trghemi = lh
trgsurface = white
srcsurfreg = sphere.reg
trgsurfreg = sphere.reg
usehash = 1
Use ProjAbs  = 0, 0
Use ProjFrac = 0, 0
DoPaint 0

SUBJECTS_DIR    /out/sourcedata/freesurfer
FREESURFER_HOME /opt/freesurfer
Loading source label.
Found 3334 points in source label.
Starting surface-based mapping
Reading source registration 
 /out/sourcedata/freesurfer/fsaverage/surf/lh.sphere.reg
Rescaling ...  original radius = 100
Reading target surface 
 /out/sourcedata/freesurfer/sub-v1s11x0050155_ses-1/surf/lh.white
Reading target registration 
 /out/sourcedata/freesurfer/sub-v1s11x0050155_ses-1/surf/lh.sphere.reg
Rescaling ...  original radius = 100
Building target registration hash (res=16).
Building source registration hash (res=16).
INFO: found  3334 nlabel points
Performing mapping from target back to the source label 164358
Number of reverse mapping hits = 1920
Checking for and removing duplicates
Writing label file ./lh.V2_exvivo.thresh.label 5254
mri_label2label: Done


 mri_label2label --srcsubject fsaverage --srclabel /out/sourcedata/freesurfer/fsaverage/label/lh.MT_exvivo.thresh.label --trgsubject sub-v1s11x0050155_ses-1 --trglabel ./lh.MT_exvivo.thresh.label --hemi lh --regmethod surface 


srclabel = /out/sourcedata/freesurfer/fsaverage/label/lh.MT_exvivo.thresh.label
srcsubject = fsaverage
trgsubject = sub-v1s11x0050155_ses-1
trglabel = ./lh.MT_exvivo.thresh.label
regmethod = surface

srchemi = lh
trghemi = lh
trgsurface = white
srcsurfreg = sphere.reg
trgsurfreg = sphere.reg
usehash = 1
Use ProjAbs  = 0, 0
Use ProjFrac = 0, 0
DoPaint 0

SUBJECTS_DIR    /out/sourcedata/freesurfer
FREESURFER_HOME /opt/freesurfer
Loading source label.
Found 513 points in source label.
Starting surface-based mapping
Reading source registration 
 /out/sourcedata/freesurfer/fsaverage/surf/lh.sphere.reg
Rescaling ...  original radius = 100
Reading target surface 
 /out/sourcedata/freesurfer/sub-v1s11x0050155_ses-1/surf/lh.white
Reading target registration 
 /out/sourcedata/freesurfer/sub-v1s11x0050155_ses-1/surf/lh.sphere.reg
Rescaling ...  original radius = 100
Building target registration hash (res=16).
Building source registration hash (res=16).
INFO: found  513 nlabel points
Performing mapping from target back to the source label 164358
Number of reverse mapping hits = 104
Checking for and removing duplicates
Writing label file ./lh.MT_exvivo.thresh.label 617
mri_label2label: Done


 mri_label2label --srcsubject fsaverage --srclabel /out/sourcedata/freesurfer/fsaverage/label/lh.entorhinal_exvivo.thresh.label --trgsubject sub-v1s11x0050155_ses-1 --trglabel ./lh.entorhinal_exvivo.thresh.label --hemi lh --regmethod surface 


srclabel = /out/sourcedata/freesurfer/fsaverage/label/lh.entorhinal_exvivo.thresh.label
srcsubject = fsaverage
trgsubject = sub-v1s11x0050155_ses-1
trglabel = ./lh.entorhinal_exvivo.thresh.label
regmethod = surface

srchemi = lh
trghemi = lh
trgsurface = white
srcsurfreg = sphere.reg
trgsurfreg = sphere.reg
usehash = 1
Use ProjAbs  = 0, 0
Use ProjFrac = 0, 0
DoPaint 0

SUBJECTS_DIR    /out/sourcedata/freesurfer
FREESURFER_HOME /opt/freesurfer
Loading source label.
Found 470 points in source label.
Starting surface-based mapping
Reading source registration 
 /out/sourcedata/freesurfer/fsaverage/surf/lh.sphere.reg
Rescaling ...  original radius = 100
Reading target surface 
 /out/sourcedata/freesurfer/sub-v1s11x0050155_ses-1/surf/lh.white
Reading target registration 
 /out/sourcedata/freesurfer/sub-v1s11x0050155_ses-1/surf/lh.sphere.reg
Rescaling ...  original radius = 100
Building target registration hash (res=16).
Building source registration hash (res=16).
INFO: found  470 nlabel points
Performing mapping from target back to the source label 164358
Number of reverse mapping hits = 125
Checking for and removing duplicates
Writing label file ./lh.entorhinal_exvivo.thresh.label 595
mri_label2label: Done


 mri_label2label --srcsubject fsaverage --srclabel /out/sourcedata/freesurfer/fsaverage/label/lh.perirhinal_exvivo.thresh.label --trgsubject sub-v1s11x0050155_ses-1 --trglabel ./lh.perirhinal_exvivo.thresh.label --hemi lh --regmethod surface 


srclabel = /out/sourcedata/freesurfer/fsaverage/label/lh.perirhinal_exvivo.thresh.label
srcsubject = fsaverage
trgsubject = sub-v1s11x0050155_ses-1
trglabel = ./lh.perirhinal_exvivo.thresh.label
regmethod = surface

srchemi = lh
trghemi = lh
trgsurface = white
srcsurfreg = sphere.reg
trgsurfreg = sphere.reg
usehash = 1
Use ProjAbs  = 0, 0
Use ProjFrac = 0, 0
DoPaint 0

SUBJECTS_DIR    /out/sourcedata/freesurfer
FREESURFER_HOME /opt/freesurfer
Loading source label.
Found 450 points in source label.
Starting surface-based mapping
Reading source registration 
 /out/sourcedata/freesurfer/fsaverage/surf/lh.sphere.reg
Rescaling ...  original radius = 100
Reading target surface 
 /out/sourcedata/freesurfer/sub-v1s11x0050155_ses-1/surf/lh.white
Reading target registration 
 /out/sourcedata/freesurfer/sub-v1s11x0050155_ses-1/surf/lh.sphere.reg
Rescaling ...  original radius = 100
Building target registration hash (res=16).
Building source registration hash (res=16).
INFO: found  450 nlabel points
Performing mapping from target back to the source label 164358
Number of reverse mapping hits = 47
Checking for and removing duplicates
Writing label file ./lh.perirhinal_exvivo.thresh.label 497
mri_label2label: Done


 mris_label2annot --s sub-v1s11x0050155_ses-1 --hemi lh --ctab /opt/freesurfer/average/colortable_BA.txt --l lh.BA1_exvivo.label --l lh.BA2_exvivo.label --l lh.BA3a_exvivo.label --l lh.BA3b_exvivo.label --l lh.BA4a_exvivo.label --l lh.BA4p_exvivo.label --l lh.BA6_exvivo.label --l lh.BA44_exvivo.label --l lh.BA45_exvivo.label --l lh.V1_exvivo.label --l lh.V2_exvivo.label --l lh.MT_exvivo.label --l lh.perirhinal_exvivo.label --l lh.entorhinal_exvivo.label --a BA_exvivo --maxstatwinner --noverbose 

Reading ctab /opt/freesurfer/average/colortable_BA.txt
Number of ctab entries 15

7.3.2
cwd /out/sourcedata/freesurfer/sub-v1s11x0050155_ses-1/label
cmdline mris_label2annot --s sub-v1s11x0050155_ses-1 --hemi lh --ctab /opt/freesurfer/average/colortable_BA.txt --l lh.BA1_exvivo.label --l lh.BA2_exvivo.label --l lh.BA3a_exvivo.label --l lh.BA3b_exvivo.label --l lh.BA4a_exvivo.label --l lh.BA4p_exvivo.label --l lh.BA6_exvivo.label --l lh.BA44_exvivo.label --l lh.BA45_exvivo.label --l lh.V1_exvivo.label --l lh.V2_exvivo.label --l lh.MT_exvivo.label --l lh.perirhinal_exvivo.label --l lh.entorhinal_exvivo.label --a BA_exvivo --maxstatwinner --noverbose 
sysname  Linux
hostname dna085
machine  x86_64
user     oesteban

subject sub-v1s11x0050155_ses-1
hemi    lh
SUBJECTS_DIR /out/sourcedata/freesurfer
ColorTable /opt/freesurfer/average/colortable_BA.txt
AnnotName  BA_exvivo
nlables 14
LabelThresh 0 0.000000
Loading /out/sourcedata/freesurfer/sub-v1s11x0050155_ses-1/surf/lh.orig
 1 1530880 BA1_exvivo
 2 16749699 BA2_exvivo
 3 16711680 BA3a_exvivo
 4 3368703 BA3b_exvivo
 5 1376196 BA4a_exvivo
 6 13382655 BA4p_exvivo
 7 10036737 BA6_exvivo
 8 2490521 BA44_exvivo
 9 39283 BA45_exvivo
10 3993 V1_exvivo
11 8508928 V2_exvivo
12 10027163 MT_exvivo
13 16422433 perirhinal_exvivo
14 16392598 entorhinal_exvivo
Mapping unhit to unknown
Found 112883 unhit vertices
Writing annot to /out/sourcedata/freesurfer/sub-v1s11x0050155_ses-1/label/lh.BA_exvivo.annot

 mris_label2annot --s sub-v1s11x0050155_ses-1 --hemi lh --ctab /opt/freesurfer/average/colortable_BA.txt --l lh.BA1_exvivo.thresh.label --l lh.BA2_exvivo.thresh.label --l lh.BA3a_exvivo.thresh.label --l lh.BA3b_exvivo.thresh.label --l lh.BA4a_exvivo.thresh.label --l lh.BA4p_exvivo.thresh.label --l lh.BA6_exvivo.thresh.label --l lh.BA44_exvivo.thresh.label --l lh.BA45_exvivo.thresh.label --l lh.V1_exvivo.thresh.label --l lh.V2_exvivo.thresh.label --l lh.MT_exvivo.thresh.label --l lh.perirhinal_exvivo.thresh.label --l lh.entorhinal_exvivo.thresh.label --a BA_exvivo.thresh --maxstatwinner --noverbose 

Reading ctab /opt/freesurfer/average/colortable_BA.txt
Number of ctab entries 15

7.3.2
cwd /out/sourcedata/freesurfer/sub-v1s11x0050155_ses-1/label
cmdline mris_label2annot --s sub-v1s11x0050155_ses-1 --hemi lh --ctab /opt/freesurfer/average/colortable_BA.txt --l lh.BA1_exvivo.thresh.label --l lh.BA2_exvivo.thresh.label --l lh.BA3a_exvivo.thresh.label --l lh.BA3b_exvivo.thresh.label --l lh.BA4a_exvivo.thresh.label --l lh.BA4p_exvivo.thresh.label --l lh.BA6_exvivo.thresh.label --l lh.BA44_exvivo.thresh.label --l lh.BA45_exvivo.thresh.label --l lh.V1_exvivo.thresh.label --l lh.V2_exvivo.thresh.label --l lh.MT_exvivo.thresh.label --l lh.perirhinal_exvivo.thresh.label --l lh.entorhinal_exvivo.thresh.label --a BA_exvivo.thresh --maxstatwinner --noverbose 
sysname  Linux
hostname dna085
machine  x86_64
user     oesteban

subject sub-v1s11x0050155_ses-1
hemi    lh
SUBJECTS_DIR /out/sourcedata/freesurfer
ColorTable /opt/freesurfer/average/colortable_BA.txt
AnnotName  BA_exvivo.thresh
nlables 14
LabelThresh 0 0.000000
Loading /out/sourcedata/freesurfer/sub-v1s11x0050155_ses-1/surf/lh.orig
 1 1530880 BA1_exvivo
 2 16749699 BA2_exvivo
 3 16711680 BA3a_exvivo
 4 3368703 BA3b_exvivo
 5 1376196 BA4a_exvivo
 6 13382655 BA4p_exvivo
 7 10036737 BA6_exvivo
 8 2490521 BA44_exvivo
 9 39283 BA45_exvivo
10 3993 V1_exvivo
11 8508928 V2_exvivo
12 10027163 MT_exvivo
13 16422433 perirhinal_exvivo
14 16392598 entorhinal_exvivo
Mapping unhit to unknown
Found 134041 unhit vertices
Writing annot to /out/sourcedata/freesurfer/sub-v1s11x0050155_ses-1/label/lh.BA_exvivo.thresh.annot

 mris_anatomical_stats -th3 -mgz -noglobal -f ../stats/lh.BA_exvivo.stats -b -a ./lh.BA_exvivo.annot -c ./BA_exvivo.ctab sub-v1s11x0050155_ses-1 lh white 

computing statistics for each annotation in ./lh.BA_exvivo.annot.
reading volume /out/sourcedata/freesurfer/sub-v1s11x0050155_ses-1/mri/wm.mgz...
reading input surface /out/sourcedata/freesurfer/sub-v1s11x0050155_ses-1/surf/lh.white...
reading input pial surface /out/sourcedata/freesurfer/sub-v1s11x0050155_ses-1/surf/lh.pial...
reading input white surface /out/sourcedata/freesurfer/sub-v1s11x0050155_ses-1/surf/lh.white...
INFO: using TH3 volume calc
INFO: assuming MGZ format for volumes.
INFO: not computing global stats
Using TH3 vertex volume calc
Total face volume 326874
Total vertex volume 326632 (mask=0)
Saving annotation colortable ./BA_exvivo.ctab

table columns are:
    number of vertices
    total surface area (mm^2)
    total gray matter volume (mm^3)
    average cortical thickness +- standard deviation (mm)
    integrated rectified mean curvature
    integrated rectified Gaussian curvature
    folding index
    intrinsic curvature index
    structure name

 1465    893   2589  2.294 0.565     0.103     0.022       12     1.3  BA1_exvivo
 5179   3500   9776  2.523 0.666     0.104     0.019       40     4.1  BA2_exvivo
 1284    827   1122  1.704 0.455     0.116     0.020        9     1.1  BA3a_exvivo
 3294   2160   4837  1.997 0.769     0.102     0.019       27     2.6  BA3b_exvivo
 1974   1159   3575  2.709 0.545     0.092     0.017       11     1.5  BA4a_exvivo
 1499    970   2337  2.443 0.623     0.088     0.017        7     1.1  BA4p_exvivo
11731   8144  29430  2.981 0.650     0.113     0.025      106    12.1  BA6_exvivo
 2768   1925   6106  2.951 0.567     0.102     0.017       22     2.0  BA44_exvivo
 2839   2059   6738  2.711 0.656     0.119     0.020       30     2.5  BA45_exvivo
 5216   3405   5327  1.596 0.474     0.114     0.021       47     5.0  V1_exvivo
10340   7127  15188  2.063 0.633     0.138     0.028      120    13.0  V2_exvivo
 2321   1564   4780  2.715 0.651     0.110     0.021       21     1.9  MT_exvivo
  781    536   1602  2.949 0.585     0.096     0.013        6     0.4  perirhinal_exvivo
  784    512   2055  2.785 1.451     0.116     0.042        8     1.4  entorhinal_exvivo

 mris_anatomical_stats -th3 -mgz -f ../stats/lh.BA_exvivo.thresh.stats -noglobal -b -a ./lh.BA_exvivo.thresh.annot -c ./BA_exvivo.thresh.ctab sub-v1s11x0050155_ses-1 lh white 

computing statistics for each annotation in ./lh.BA_exvivo.thresh.annot.
reading volume /out/sourcedata/freesurfer/sub-v1s11x0050155_ses-1/mri/wm.mgz...
reading input surface /out/sourcedata/freesurfer/sub-v1s11x0050155_ses-1/surf/lh.white...
reading input pial surface /out/sourcedata/freesurfer/sub-v1s11x0050155_ses-1/surf/lh.pial...
reading input white surface /out/sourcedata/freesurfer/sub-v1s11x0050155_ses-1/surf/lh.white...
INFO: using TH3 volume calc
INFO: assuming MGZ format for volumes.
INFO: not computing global stats
Using TH3 vertex volume calc
Total face volume 326874
Total vertex volume 326632 (mask=0)
Saving annotation colortable ./BA_exvivo.thresh.ctab

table columns are:
    number of vertices
    total surface area (mm^2)
    total gray matter volume (mm^3)
    average cortical thickness +- standard deviation (mm)
    integrated rectified mean curvature
    integrated rectified Gaussian curvature
    folding index
    intrinsic curvature index
    structure name

  929    551   1660  2.325 0.521     0.106     0.026        8     1.0  BA1_exvivo
 2055   1380   4087  2.578 0.685     0.106     0.019       17     1.7  BA2_exvivo
 1048    680    823  1.621 0.379     0.124     0.022        9     0.9  BA3a_exvivo
 1903   1248   1995  1.557 0.399     0.097     0.018       13     1.5  BA3b_exvivo
 1904   1136   3389  2.705 0.547     0.083     0.016        8     1.4  BA4a_exvivo
 1183    779   1704  2.321 0.615     0.093     0.017        6     0.9  BA4p_exvivo
 6287   4229  14391  2.900 0.625     0.110     0.024       51     6.4  BA6_exvivo
 1611   1145   3700  2.948 0.566     0.104     0.018       14     1.2  BA44_exvivo
 1208    929   3623  2.918 0.598     0.144     0.028       18     1.5  BA45_exvivo
 5534   3594   5800  1.613 0.476     0.118     0.022       54     5.4  V1_exvivo
 5171   3634   6617  1.848 0.562     0.145     0.030       65     7.0  V2_exvivo
  590    408   1388  2.901 0.706     0.125     0.028        6     0.7  MT_exvivo
  348    233    708  2.942 0.522     0.076     0.010        1     0.1  perirhinal_exvivo
  546    340   1644  3.207 1.132     0.102     0.040        5     1.0  entorhinal_exvivo

Started at Thu Mar 12 12:53:04 CET 2026 
Ended   at Thu Mar 12 12:56:29 CET 2026
#@#%# recon-all-run-time-hours 0.057
recon-all -s sub-v1s11x0050155_ses-1 finished without error at Thu Mar 12 12:56:29 CET 2026
